[2026-04-30T01:28:28.752+0000] {processor.py:161} INFO - Started process (PID=61) to work on /opt/airflow/dags/dl_fin_ratio_v2.py
[2026-04-30T01:28:28.753+0000] {processor.py:830} INFO - Processing file /opt/airflow/dags/dl_fin_ratio_v2.py for tasks to queue
[2026-04-30T01:28:28.755+0000] {logging_mixin.py:188} INFO - [2026-04-30T01:28:28.754+0000] {dagbag.py:545} INFO - Filling up the DagBag from /opt/airflow/dags/dl_fin_ratio_v2.py
[2026-04-30T01:28:28.787+0000] {processor.py:840} INFO - DAG(s) 'fin_ratio_v2' retrieved from /opt/airflow/dags/dl_fin_ratio_v2.py
[2026-04-30T01:28:28.963+0000] {logging_mixin.py:188} INFO - [2026-04-30T01:28:28.963+0000] {dag.py:3089} INFO - Sync 1 DAGs
[2026-04-30T01:28:28.983+0000] {logging_mixin.py:188} INFO - [2026-04-30T01:28:28.983+0000] {dag.py:3947} INFO - Setting next_dagrun for fin_ratio_v2 to 2026-04-01 00:00:00+00:00, run_after=2026-05-01 00:00:00+00:00
[2026-04-30T01:28:29.004+0000] {processor.py:183} INFO - Processing /opt/airflow/dags/dl_fin_ratio_v2.py took 0.257 seconds
[2026-04-30T01:28:59.463+0000] {processor.py:161} INFO - Started process (PID=153) to work on /opt/airflow/dags/dl_fin_ratio_v2.py
[2026-04-30T01:28:59.472+0000] {processor.py:830} INFO - Processing file /opt/airflow/dags/dl_fin_ratio_v2.py for tasks to queue
[2026-04-30T01:28:59.476+0000] {logging_mixin.py:188} INFO - [2026-04-30T01:28:59.476+0000] {dagbag.py:545} INFO - Filling up the DagBag from /opt/airflow/dags/dl_fin_ratio_v2.py
[2026-04-30T01:28:59.653+0000] {processor.py:840} INFO - DAG(s) 'fin_ratio_v2' retrieved from /opt/airflow/dags/dl_fin_ratio_v2.py
[2026-04-30T01:28:59.748+0000] {logging_mixin.py:188} INFO - [2026-04-30T01:28:59.746+0000] {dag.py:3089} INFO - Sync 1 DAGs
[2026-04-30T01:28:59.941+0000] {logging_mixin.py:188} INFO - [2026-04-30T01:28:59.940+0000] {dag.py:3947} INFO - Setting next_dagrun for fin_ratio_v2 to 2026-04-01 00:00:00+00:00, run_after=2026-05-01 00:00:00+00:00
[2026-04-30T01:29:00.012+0000] {processor.py:183} INFO - Processing /opt/airflow/dags/dl_fin_ratio_v2.py took 0.559 seconds
[2026-04-30T01:29:30.302+0000] {processor.py:161} INFO - Started process (PID=189) to work on /opt/airflow/dags/dl_fin_ratio_v2.py
[2026-04-30T01:29:30.313+0000] {processor.py:830} INFO - Processing file /opt/airflow/dags/dl_fin_ratio_v2.py for tasks to queue
[2026-04-30T01:29:30.354+0000] {logging_mixin.py:188} INFO - [2026-04-30T01:29:30.346+0000] {dagbag.py:545} INFO - Filling up the DagBag from /opt/airflow/dags/dl_fin_ratio_v2.py
[2026-04-30T01:29:30.891+0000] {processor.py:840} INFO - DAG(s) 'fin_ratio_v2' retrieved from /opt/airflow/dags/dl_fin_ratio_v2.py
[2026-04-30T01:29:31.031+0000] {logging_mixin.py:188} INFO - [2026-04-30T01:29:31.031+0000] {dag.py:3089} INFO - Sync 1 DAGs
[2026-04-30T01:29:31.245+0000] {logging_mixin.py:188} INFO - [2026-04-30T01:29:31.244+0000] {dag.py:3947} INFO - Setting next_dagrun for fin_ratio_v2 to 2026-04-01 00:00:00+00:00, run_after=2026-05-01 00:00:00+00:00
[2026-04-30T01:29:31.331+0000] {processor.py:183} INFO - Processing /opt/airflow/dags/dl_fin_ratio_v2.py took 1.160 seconds
[2026-04-30T01:30:01.940+0000] {processor.py:161} INFO - Started process (PID=228) to work on /opt/airflow/dags/dl_fin_ratio_v2.py
[2026-04-30T01:30:01.941+0000] {processor.py:830} INFO - Processing file /opt/airflow/dags/dl_fin_ratio_v2.py for tasks to queue
[2026-04-30T01:30:01.954+0000] {logging_mixin.py:188} INFO - [2026-04-30T01:30:01.945+0000] {dagbag.py:545} INFO - Filling up the DagBag from /opt/airflow/dags/dl_fin_ratio_v2.py
[2026-04-30T01:30:10.615+0000] {processor.py:840} INFO - DAG(s) 'fin_ratio_v2' retrieved from /opt/airflow/dags/dl_fin_ratio_v2.py
[2026-04-30T01:30:10.811+0000] {logging_mixin.py:188} INFO - [2026-04-30T01:30:10.811+0000] {dag.py:3089} INFO - Sync 1 DAGs
[2026-04-30T01:30:11.115+0000] {logging_mixin.py:188} INFO - [2026-04-30T01:30:11.113+0000] {dag.py:3947} INFO - Setting next_dagrun for fin_ratio_v2 to 2026-04-01 00:00:00+00:00, run_after=2026-05-01 00:00:00+00:00
[2026-04-30T01:30:11.210+0000] {processor.py:183} INFO - Processing /opt/airflow/dags/dl_fin_ratio_v2.py took 9.344 seconds
[2026-04-30T01:30:41.610+0000] {processor.py:161} INFO - Started process (PID=287) to work on /opt/airflow/dags/dl_fin_ratio_v2.py
[2026-04-30T01:30:41.612+0000] {processor.py:830} INFO - Processing file /opt/airflow/dags/dl_fin_ratio_v2.py for tasks to queue
[2026-04-30T01:30:41.628+0000] {logging_mixin.py:188} INFO - [2026-04-30T01:30:41.620+0000] {dagbag.py:545} INFO - Filling up the DagBag from /opt/airflow/dags/dl_fin_ratio_v2.py
[2026-04-30T01:30:42.007+0000] {processor.py:840} INFO - DAG(s) 'fin_ratio_v2' retrieved from /opt/airflow/dags/dl_fin_ratio_v2.py
[2026-04-30T01:30:42.167+0000] {logging_mixin.py:188} INFO - [2026-04-30T01:30:42.167+0000] {dag.py:3089} INFO - Sync 1 DAGs
[2026-04-30T01:30:42.331+0000] {logging_mixin.py:188} INFO - [2026-04-30T01:30:42.331+0000] {dag.py:3947} INFO - Setting next_dagrun for fin_ratio_v2 to 2026-04-01 00:00:00+00:00, run_after=2026-05-01 00:00:00+00:00
[2026-04-30T01:30:42.412+0000] {processor.py:183} INFO - Processing /opt/airflow/dags/dl_fin_ratio_v2.py took 0.874 seconds
[2026-04-30T01:31:15.600+0000] {processor.py:161} INFO - Started process (PID=306) to work on /opt/airflow/dags/dl_fin_ratio_v2.py
[2026-04-30T01:31:15.601+0000] {processor.py:830} INFO - Processing file /opt/airflow/dags/dl_fin_ratio_v2.py for tasks to queue
[2026-04-30T01:31:15.604+0000] {logging_mixin.py:188} INFO - [2026-04-30T01:31:15.603+0000] {dagbag.py:545} INFO - Filling up the DagBag from /opt/airflow/dags/dl_fin_ratio_v2.py
[2026-04-30T01:31:16.109+0000] {processor.py:840} INFO - DAG(s) 'fin_ratio_v2' retrieved from /opt/airflow/dags/dl_fin_ratio_v2.py
[2026-04-30T01:31:16.406+0000] {logging_mixin.py:188} INFO - [2026-04-30T01:31:16.405+0000] {dag.py:3089} INFO - Sync 1 DAGs
[2026-04-30T01:31:16.592+0000] {logging_mixin.py:188} INFO - [2026-04-30T01:31:16.592+0000] {dag.py:3947} INFO - Setting next_dagrun for fin_ratio_v2 to 2026-04-01 00:00:00+00:00, run_after=2026-05-01 00:00:00+00:00
[2026-04-30T01:31:16.645+0000] {processor.py:183} INFO - Processing /opt/airflow/dags/dl_fin_ratio_v2.py took 1.165 seconds
[2026-04-30T01:31:46.959+0000] {processor.py:161} INFO - Started process (PID=372) to work on /opt/airflow/dags/dl_fin_ratio_v2.py
[2026-04-30T01:31:46.962+0000] {processor.py:830} INFO - Processing file /opt/airflow/dags/dl_fin_ratio_v2.py for tasks to queue
[2026-04-30T01:31:46.980+0000] {logging_mixin.py:188} INFO - [2026-04-30T01:31:46.973+0000] {dagbag.py:545} INFO - Filling up the DagBag from /opt/airflow/dags/dl_fin_ratio_v2.py
[2026-04-30T01:31:47.327+0000] {processor.py:840} INFO - DAG(s) 'fin_ratio_v2' retrieved from /opt/airflow/dags/dl_fin_ratio_v2.py
[2026-04-30T01:31:47.543+0000] {logging_mixin.py:188} INFO - [2026-04-30T01:31:47.543+0000] {dag.py:3089} INFO - Sync 1 DAGs
[2026-04-30T01:31:47.829+0000] {logging_mixin.py:188} INFO - [2026-04-30T01:31:47.829+0000] {dag.py:3947} INFO - Setting next_dagrun for fin_ratio_v2 to 2026-04-01 00:00:00+00:00, run_after=2026-05-01 00:00:00+00:00
[2026-04-30T01:31:47.905+0000] {processor.py:183} INFO - Processing /opt/airflow/dags/dl_fin_ratio_v2.py took 1.029 seconds
[2026-04-30T01:32:18.168+0000] {processor.py:161} INFO - Started process (PID=423) to work on /opt/airflow/dags/dl_fin_ratio_v2.py
[2026-04-30T01:32:18.170+0000] {processor.py:830} INFO - Processing file /opt/airflow/dags/dl_fin_ratio_v2.py for tasks to queue
[2026-04-30T01:32:18.175+0000] {logging_mixin.py:188} INFO - [2026-04-30T01:32:18.174+0000] {dagbag.py:545} INFO - Filling up the DagBag from /opt/airflow/dags/dl_fin_ratio_v2.py
[2026-04-30T01:32:18.301+0000] {processor.py:840} INFO - DAG(s) 'fin_ratio_v2' retrieved from /opt/airflow/dags/dl_fin_ratio_v2.py
[2026-04-30T01:32:18.333+0000] {logging_mixin.py:188} INFO - [2026-04-30T01:32:18.332+0000] {dag.py:3089} INFO - Sync 1 DAGs
[2026-04-30T01:32:18.414+0000] {logging_mixin.py:188} INFO - [2026-04-30T01:32:18.413+0000] {dag.py:3947} INFO - Setting next_dagrun for fin_ratio_v2 to 2026-04-01 00:00:00+00:00, run_after=2026-05-01 00:00:00+00:00
[2026-04-30T01:32:18.480+0000] {processor.py:183} INFO - Processing /opt/airflow/dags/dl_fin_ratio_v2.py took 0.322 seconds
[2026-04-30T01:32:56.605+0000] {processor.py:161} INFO - Started process (PID=455) to work on /opt/airflow/dags/dl_fin_ratio_v2.py
[2026-04-30T01:32:56.607+0000] {processor.py:830} INFO - Processing file /opt/airflow/dags/dl_fin_ratio_v2.py for tasks to queue
[2026-04-30T01:32:56.641+0000] {logging_mixin.py:188} INFO - [2026-04-30T01:32:56.623+0000] {dagbag.py:545} INFO - Filling up the DagBag from /opt/airflow/dags/dl_fin_ratio_v2.py
[2026-04-30T01:32:57.145+0000] {processor.py:840} INFO - DAG(s) 'fin_ratio_v2' retrieved from /opt/airflow/dags/dl_fin_ratio_v2.py
[2026-04-30T01:32:57.247+0000] {logging_mixin.py:188} INFO - [2026-04-30T01:32:57.246+0000] {dag.py:3089} INFO - Sync 1 DAGs
[2026-04-30T01:32:57.318+0000] {logging_mixin.py:188} INFO - [2026-04-30T01:32:57.318+0000] {dag.py:3947} INFO - Setting next_dagrun for fin_ratio_v2 to 2026-04-01 00:00:00+00:00, run_after=2026-05-01 00:00:00+00:00
[2026-04-30T01:32:57.362+0000] {processor.py:183} INFO - Processing /opt/airflow/dags/dl_fin_ratio_v2.py took 0.876 seconds
[2026-04-30T01:33:27.510+0000] {processor.py:161} INFO - Started process (PID=512) to work on /opt/airflow/dags/dl_fin_ratio_v2.py
[2026-04-30T01:33:27.512+0000] {processor.py:830} INFO - Processing file /opt/airflow/dags/dl_fin_ratio_v2.py for tasks to queue
[2026-04-30T01:33:27.516+0000] {logging_mixin.py:188} INFO - [2026-04-30T01:33:27.515+0000] {dagbag.py:545} INFO - Filling up the DagBag from /opt/airflow/dags/dl_fin_ratio_v2.py
[2026-04-30T01:33:27.621+0000] {processor.py:840} INFO - DAG(s) 'fin_ratio_v2' retrieved from /opt/airflow/dags/dl_fin_ratio_v2.py
[2026-04-30T01:33:27.662+0000] {logging_mixin.py:188} INFO - [2026-04-30T01:33:27.662+0000] {dag.py:3089} INFO - Sync 1 DAGs
[2026-04-30T01:33:27.814+0000] {logging_mixin.py:188} INFO - [2026-04-30T01:33:27.813+0000] {dag.py:3947} INFO - Setting next_dagrun for fin_ratio_v2 to 2026-04-01 00:00:00+00:00, run_after=2026-05-01 00:00:00+00:00
[2026-04-30T01:33:27.919+0000] {processor.py:183} INFO - Processing /opt/airflow/dags/dl_fin_ratio_v2.py took 0.422 seconds
[2026-04-30T01:33:59.592+0000] {processor.py:161} INFO - Started process (PID=544) to work on /opt/airflow/dags/dl_fin_ratio_v2.py
[2026-04-30T01:33:59.702+0000] {processor.py:830} INFO - Processing file /opt/airflow/dags/dl_fin_ratio_v2.py for tasks to queue
[2026-04-30T01:34:00.124+0000] {logging_mixin.py:188} INFO - [2026-04-30T01:33:59.929+0000] {dagbag.py:545} INFO - Filling up the DagBag from /opt/airflow/dags/dl_fin_ratio_v2.py
[2026-04-30T01:34:05.282+0000] {processor.py:840} INFO - DAG(s) 'fin_ratio_v2' retrieved from /opt/airflow/dags/dl_fin_ratio_v2.py
[2026-04-30T01:34:05.349+0000] {logging_mixin.py:188} INFO - [2026-04-30T01:34:05.346+0000] {dag.py:3089} INFO - Sync 1 DAGs
[2026-04-30T01:34:05.529+0000] {logging_mixin.py:188} INFO - [2026-04-30T01:34:05.529+0000] {dag.py:3947} INFO - Setting next_dagrun for fin_ratio_v2 to 2026-04-01 00:00:00+00:00, run_after=2026-05-01 00:00:00+00:00
[2026-04-30T01:34:05.619+0000] {processor.py:183} INFO - Processing /opt/airflow/dags/dl_fin_ratio_v2.py took 6.167 seconds
[2026-04-30T01:34:36.046+0000] {processor.py:161} INFO - Started process (PID=582) to work on /opt/airflow/dags/dl_fin_ratio_v2.py
[2026-04-30T01:34:36.047+0000] {processor.py:830} INFO - Processing file /opt/airflow/dags/dl_fin_ratio_v2.py for tasks to queue
[2026-04-30T01:34:36.121+0000] {logging_mixin.py:188} INFO - [2026-04-30T01:34:36.101+0000] {dagbag.py:545} INFO - Filling up the DagBag from /opt/airflow/dags/dl_fin_ratio_v2.py
[2026-04-30T01:34:36.710+0000] {processor.py:840} INFO - DAG(s) 'fin_ratio_v2' retrieved from /opt/airflow/dags/dl_fin_ratio_v2.py
[2026-04-30T01:34:36.972+0000] {logging_mixin.py:188} INFO - [2026-04-30T01:34:36.971+0000] {dag.py:3089} INFO - Sync 1 DAGs
[2026-04-30T01:34:37.200+0000] {logging_mixin.py:188} INFO - [2026-04-30T01:34:37.199+0000] {dag.py:3947} INFO - Setting next_dagrun for fin_ratio_v2 to 2026-04-01 00:00:00+00:00, run_after=2026-05-01 00:00:00+00:00
[2026-04-30T01:34:37.280+0000] {processor.py:183} INFO - Processing /opt/airflow/dags/dl_fin_ratio_v2.py took 1.390 seconds
[2026-04-30T01:35:09.298+0000] {processor.py:161} INFO - Started process (PID=619) to work on /opt/airflow/dags/dl_fin_ratio_v2.py
[2026-04-30T01:35:09.311+0000] {processor.py:830} INFO - Processing file /opt/airflow/dags/dl_fin_ratio_v2.py for tasks to queue
[2026-04-30T01:35:09.774+0000] {logging_mixin.py:188} INFO - [2026-04-30T01:35:09.450+0000] {dagbag.py:545} INFO - Filling up the DagBag from /opt/airflow/dags/dl_fin_ratio_v2.py
[2026-04-30T01:35:10.301+0000] {processor.py:840} INFO - DAG(s) 'fin_ratio_v2' retrieved from /opt/airflow/dags/dl_fin_ratio_v2.py
[2026-04-30T01:35:10.549+0000] {logging_mixin.py:188} INFO - [2026-04-30T01:35:10.547+0000] {dag.py:3089} INFO - Sync 1 DAGs
[2026-04-30T01:35:10.780+0000] {logging_mixin.py:188} INFO - [2026-04-30T01:35:10.779+0000] {dag.py:3947} INFO - Setting next_dagrun for fin_ratio_v2 to 2026-04-01 00:00:00+00:00, run_after=2026-05-01 00:00:00+00:00
[2026-04-30T01:35:10.850+0000] {processor.py:183} INFO - Processing /opt/airflow/dags/dl_fin_ratio_v2.py took 1.679 seconds
[2026-04-30T01:35:41.915+0000] {processor.py:161} INFO - Started process (PID=698) to work on /opt/airflow/dags/dl_fin_ratio_v2.py
[2026-04-30T01:35:41.916+0000] {processor.py:830} INFO - Processing file /opt/airflow/dags/dl_fin_ratio_v2.py for tasks to queue
[2026-04-30T01:35:41.955+0000] {logging_mixin.py:188} INFO - [2026-04-30T01:35:41.948+0000] {dagbag.py:545} INFO - Filling up the DagBag from /opt/airflow/dags/dl_fin_ratio_v2.py
[2026-04-30T01:35:42.136+0000] {processor.py:840} INFO - DAG(s) 'fin_ratio_v2' retrieved from /opt/airflow/dags/dl_fin_ratio_v2.py
[2026-04-30T01:35:42.171+0000] {logging_mixin.py:188} INFO - [2026-04-30T01:35:42.170+0000] {dag.py:3089} INFO - Sync 1 DAGs
[2026-04-30T01:35:42.212+0000] {logging_mixin.py:188} INFO - [2026-04-30T01:35:42.211+0000] {dag.py:3947} INFO - Setting next_dagrun for fin_ratio_v2 to 2026-04-01 00:00:00+00:00, run_after=2026-05-01 00:00:00+00:00
[2026-04-30T01:35:42.252+0000] {processor.py:183} INFO - Processing /opt/airflow/dags/dl_fin_ratio_v2.py took 0.471 seconds
[2026-04-30T01:36:12.618+0000] {processor.py:161} INFO - Started process (PID=737) to work on /opt/airflow/dags/dl_fin_ratio_v2.py
[2026-04-30T01:36:12.620+0000] {processor.py:830} INFO - Processing file /opt/airflow/dags/dl_fin_ratio_v2.py for tasks to queue
[2026-04-30T01:36:12.630+0000] {logging_mixin.py:188} INFO - [2026-04-30T01:36:12.629+0000] {dagbag.py:545} INFO - Filling up the DagBag from /opt/airflow/dags/dl_fin_ratio_v2.py
[2026-04-30T01:36:12.740+0000] {processor.py:840} INFO - DAG(s) 'fin_ratio_v2' retrieved from /opt/airflow/dags/dl_fin_ratio_v2.py
[2026-04-30T01:36:12.799+0000] {logging_mixin.py:188} INFO - [2026-04-30T01:36:12.799+0000] {dag.py:3089} INFO - Sync 1 DAGs
[2026-04-30T01:36:12.880+0000] {logging_mixin.py:188} INFO - [2026-04-30T01:36:12.879+0000] {dag.py:3947} INFO - Setting next_dagrun for fin_ratio_v2 to 2026-04-01 00:00:00+00:00, run_after=2026-05-01 00:00:00+00:00
[2026-04-30T01:36:12.932+0000] {processor.py:183} INFO - Processing /opt/airflow/dags/dl_fin_ratio_v2.py took 0.332 seconds
[2026-04-30T01:36:43.212+0000] {processor.py:161} INFO - Started process (PID=755) to work on /opt/airflow/dags/dl_fin_ratio_v2.py
[2026-04-30T01:36:43.217+0000] {processor.py:830} INFO - Processing file /opt/airflow/dags/dl_fin_ratio_v2.py for tasks to queue
[2026-04-30T01:36:43.225+0000] {logging_mixin.py:188} INFO - [2026-04-30T01:36:43.222+0000] {dagbag.py:545} INFO - Filling up the DagBag from /opt/airflow/dags/dl_fin_ratio_v2.py
[2026-04-30T01:36:47.758+0000] {processor.py:840} INFO - DAG(s) 'fin_ratio_v2' retrieved from /opt/airflow/dags/dl_fin_ratio_v2.py
[2026-04-30T01:36:48.622+0000] {logging_mixin.py:188} INFO - [2026-04-30T01:36:48.621+0000] {dag.py:3089} INFO - Sync 1 DAGs
[2026-04-30T01:36:49.083+0000] {logging_mixin.py:188} INFO - [2026-04-30T01:36:49.083+0000] {dag.py:3947} INFO - Setting next_dagrun for fin_ratio_v2 to 2026-04-01 00:00:00+00:00, run_after=2026-05-01 00:00:00+00:00
[2026-04-30T01:36:49.266+0000] {processor.py:183} INFO - Processing /opt/airflow/dags/dl_fin_ratio_v2.py took 6.082 seconds
[2026-04-30T01:37:19.454+0000] {processor.py:161} INFO - Started process (PID=797) to work on /opt/airflow/dags/dl_fin_ratio_v2.py
[2026-04-30T01:37:19.455+0000] {processor.py:830} INFO - Processing file /opt/airflow/dags/dl_fin_ratio_v2.py for tasks to queue
[2026-04-30T01:37:19.458+0000] {logging_mixin.py:188} INFO - [2026-04-30T01:37:19.458+0000] {dagbag.py:545} INFO - Filling up the DagBag from /opt/airflow/dags/dl_fin_ratio_v2.py
[2026-04-30T01:37:19.496+0000] {processor.py:840} INFO - DAG(s) 'fin_ratio_v2' retrieved from /opt/airflow/dags/dl_fin_ratio_v2.py
[2026-04-30T01:37:19.515+0000] {logging_mixin.py:188} INFO - [2026-04-30T01:37:19.515+0000] {dag.py:3089} INFO - Sync 1 DAGs
[2026-04-30T01:37:19.541+0000] {logging_mixin.py:188} INFO - [2026-04-30T01:37:19.540+0000] {dag.py:3947} INFO - Setting next_dagrun for fin_ratio_v2 to 2026-04-01 00:00:00+00:00, run_after=2026-05-01 00:00:00+00:00
[2026-04-30T01:37:19.561+0000] {processor.py:183} INFO - Processing /opt/airflow/dags/dl_fin_ratio_v2.py took 0.113 seconds
[2026-04-30T01:37:50.379+0000] {processor.py:161} INFO - Started process (PID=822) to work on /opt/airflow/dags/dl_fin_ratio_v2.py
[2026-04-30T01:37:50.380+0000] {processor.py:830} INFO - Processing file /opt/airflow/dags/dl_fin_ratio_v2.py for tasks to queue
[2026-04-30T01:37:50.383+0000] {logging_mixin.py:188} INFO - [2026-04-30T01:37:50.382+0000] {dagbag.py:545} INFO - Filling up the DagBag from /opt/airflow/dags/dl_fin_ratio_v2.py
[2026-04-30T01:37:50.423+0000] {processor.py:840} INFO - DAG(s) 'fin_ratio_v2' retrieved from /opt/airflow/dags/dl_fin_ratio_v2.py
[2026-04-30T01:37:50.438+0000] {logging_mixin.py:188} INFO - [2026-04-30T01:37:50.438+0000] {dag.py:3089} INFO - Sync 1 DAGs
[2026-04-30T01:37:50.461+0000] {logging_mixin.py:188} INFO - [2026-04-30T01:37:50.460+0000] {dag.py:3947} INFO - Setting next_dagrun for fin_ratio_v2 to 2026-04-01 00:00:00+00:00, run_after=2026-05-01 00:00:00+00:00
[2026-04-30T01:37:50.481+0000] {processor.py:183} INFO - Processing /opt/airflow/dags/dl_fin_ratio_v2.py took 0.108 seconds
[2026-04-30T01:38:21.022+0000] {processor.py:161} INFO - Started process (PID=847) to work on /opt/airflow/dags/dl_fin_ratio_v2.py
[2026-04-30T01:38:21.023+0000] {processor.py:830} INFO - Processing file /opt/airflow/dags/dl_fin_ratio_v2.py for tasks to queue
[2026-04-30T01:38:21.026+0000] {logging_mixin.py:188} INFO - [2026-04-30T01:38:21.025+0000] {dagbag.py:545} INFO - Filling up the DagBag from /opt/airflow/dags/dl_fin_ratio_v2.py
[2026-04-30T01:38:21.067+0000] {processor.py:840} INFO - DAG(s) 'fin_ratio_v2' retrieved from /opt/airflow/dags/dl_fin_ratio_v2.py
[2026-04-30T01:38:21.086+0000] {logging_mixin.py:188} INFO - [2026-04-30T01:38:21.086+0000] {dag.py:3089} INFO - Sync 1 DAGs
[2026-04-30T01:38:21.112+0000] {logging_mixin.py:188} INFO - [2026-04-30T01:38:21.111+0000] {dag.py:3947} INFO - Setting next_dagrun for fin_ratio_v2 to 2026-04-01 00:00:00+00:00, run_after=2026-05-01 00:00:00+00:00
[2026-04-30T01:38:21.141+0000] {processor.py:183} INFO - Processing /opt/airflow/dags/dl_fin_ratio_v2.py took 0.125 seconds
[2026-04-30T01:38:51.422+0000] {processor.py:161} INFO - Started process (PID=872) to work on /opt/airflow/dags/dl_fin_ratio_v2.py
[2026-04-30T01:38:51.423+0000] {processor.py:830} INFO - Processing file /opt/airflow/dags/dl_fin_ratio_v2.py for tasks to queue
[2026-04-30T01:38:51.426+0000] {logging_mixin.py:188} INFO - [2026-04-30T01:38:51.425+0000] {dagbag.py:545} INFO - Filling up the DagBag from /opt/airflow/dags/dl_fin_ratio_v2.py
[2026-04-30T01:38:51.464+0000] {processor.py:840} INFO - DAG(s) 'fin_ratio_v2' retrieved from /opt/airflow/dags/dl_fin_ratio_v2.py
[2026-04-30T01:38:51.479+0000] {logging_mixin.py:188} INFO - [2026-04-30T01:38:51.479+0000] {dag.py:3089} INFO - Sync 1 DAGs
[2026-04-30T01:38:51.500+0000] {logging_mixin.py:188} INFO - [2026-04-30T01:38:51.500+0000] {dag.py:3947} INFO - Setting next_dagrun for fin_ratio_v2 to 2026-04-01 00:00:00+00:00, run_after=2026-05-01 00:00:00+00:00
[2026-04-30T01:38:51.521+0000] {processor.py:183} INFO - Processing /opt/airflow/dags/dl_fin_ratio_v2.py took 0.104 seconds
[2026-04-30T01:39:22.216+0000] {processor.py:161} INFO - Started process (PID=897) to work on /opt/airflow/dags/dl_fin_ratio_v2.py
[2026-04-30T01:39:22.217+0000] {processor.py:830} INFO - Processing file /opt/airflow/dags/dl_fin_ratio_v2.py for tasks to queue
[2026-04-30T01:39:22.219+0000] {logging_mixin.py:188} INFO - [2026-04-30T01:39:22.219+0000] {dagbag.py:545} INFO - Filling up the DagBag from /opt/airflow/dags/dl_fin_ratio_v2.py
[2026-04-30T01:39:22.254+0000] {processor.py:840} INFO - DAG(s) 'fin_ratio_v2' retrieved from /opt/airflow/dags/dl_fin_ratio_v2.py
[2026-04-30T01:39:22.268+0000] {logging_mixin.py:188} INFO - [2026-04-30T01:39:22.268+0000] {dag.py:3089} INFO - Sync 1 DAGs
[2026-04-30T01:39:22.290+0000] {logging_mixin.py:188} INFO - [2026-04-30T01:39:22.290+0000] {dag.py:3947} INFO - Setting next_dagrun for fin_ratio_v2 to 2026-04-01 00:00:00+00:00, run_after=2026-05-01 00:00:00+00:00
[2026-04-30T01:39:22.308+0000] {processor.py:183} INFO - Processing /opt/airflow/dags/dl_fin_ratio_v2.py took 0.098 seconds
[2026-04-30T01:39:52.459+0000] {processor.py:161} INFO - Started process (PID=922) to work on /opt/airflow/dags/dl_fin_ratio_v2.py
[2026-04-30T01:39:52.461+0000] {processor.py:830} INFO - Processing file /opt/airflow/dags/dl_fin_ratio_v2.py for tasks to queue
[2026-04-30T01:39:52.464+0000] {logging_mixin.py:188} INFO - [2026-04-30T01:39:52.463+0000] {dagbag.py:545} INFO - Filling up the DagBag from /opt/airflow/dags/dl_fin_ratio_v2.py
[2026-04-30T01:39:52.506+0000] {processor.py:840} INFO - DAG(s) 'fin_ratio_v2' retrieved from /opt/airflow/dags/dl_fin_ratio_v2.py
[2026-04-30T01:39:52.525+0000] {logging_mixin.py:188} INFO - [2026-04-30T01:39:52.525+0000] {dag.py:3089} INFO - Sync 1 DAGs
[2026-04-30T01:39:52.549+0000] {logging_mixin.py:188} INFO - [2026-04-30T01:39:52.549+0000] {dag.py:3947} INFO - Setting next_dagrun for fin_ratio_v2 to 2026-04-01 00:00:00+00:00, run_after=2026-05-01 00:00:00+00:00
[2026-04-30T01:39:52.572+0000] {processor.py:183} INFO - Processing /opt/airflow/dags/dl_fin_ratio_v2.py took 0.119 seconds
[2026-04-30T01:40:23.360+0000] {processor.py:161} INFO - Started process (PID=947) to work on /opt/airflow/dags/dl_fin_ratio_v2.py
[2026-04-30T01:40:23.360+0000] {processor.py:830} INFO - Processing file /opt/airflow/dags/dl_fin_ratio_v2.py for tasks to queue
[2026-04-30T01:40:23.363+0000] {logging_mixin.py:188} INFO - [2026-04-30T01:40:23.363+0000] {dagbag.py:545} INFO - Filling up the DagBag from /opt/airflow/dags/dl_fin_ratio_v2.py
[2026-04-30T01:40:23.400+0000] {processor.py:840} INFO - DAG(s) 'fin_ratio_v2' retrieved from /opt/airflow/dags/dl_fin_ratio_v2.py
[2026-04-30T01:40:23.415+0000] {logging_mixin.py:188} INFO - [2026-04-30T01:40:23.415+0000] {dag.py:3089} INFO - Sync 1 DAGs
[2026-04-30T01:40:23.442+0000] {logging_mixin.py:188} INFO - [2026-04-30T01:40:23.441+0000] {dag.py:3947} INFO - Setting next_dagrun for fin_ratio_v2 to 2026-04-01 00:00:00+00:00, run_after=2026-05-01 00:00:00+00:00
[2026-04-30T01:40:23.472+0000] {processor.py:183} INFO - Processing /opt/airflow/dags/dl_fin_ratio_v2.py took 0.119 seconds
[2026-04-30T01:40:54.049+0000] {processor.py:161} INFO - Started process (PID=972) to work on /opt/airflow/dags/dl_fin_ratio_v2.py
[2026-04-30T01:40:54.050+0000] {processor.py:830} INFO - Processing file /opt/airflow/dags/dl_fin_ratio_v2.py for tasks to queue
[2026-04-30T01:40:54.053+0000] {logging_mixin.py:188} INFO - [2026-04-30T01:40:54.053+0000] {dagbag.py:545} INFO - Filling up the DagBag from /opt/airflow/dags/dl_fin_ratio_v2.py
[2026-04-30T01:40:54.092+0000] {processor.py:840} INFO - DAG(s) 'fin_ratio_v2' retrieved from /opt/airflow/dags/dl_fin_ratio_v2.py
[2026-04-30T01:40:54.109+0000] {logging_mixin.py:188} INFO - [2026-04-30T01:40:54.109+0000] {dag.py:3089} INFO - Sync 1 DAGs
[2026-04-30T01:40:54.133+0000] {logging_mixin.py:188} INFO - [2026-04-30T01:40:54.133+0000] {dag.py:3947} INFO - Setting next_dagrun for fin_ratio_v2 to 2026-04-01 00:00:00+00:00, run_after=2026-05-01 00:00:00+00:00
[2026-04-30T01:40:54.151+0000] {processor.py:183} INFO - Processing /opt/airflow/dags/dl_fin_ratio_v2.py took 0.108 seconds
[2026-04-30T01:41:24.607+0000] {processor.py:161} INFO - Started process (PID=998) to work on /opt/airflow/dags/dl_fin_ratio_v2.py
[2026-04-30T01:41:24.609+0000] {processor.py:830} INFO - Processing file /opt/airflow/dags/dl_fin_ratio_v2.py for tasks to queue
[2026-04-30T01:41:24.612+0000] {logging_mixin.py:188} INFO - [2026-04-30T01:41:24.611+0000] {dagbag.py:545} INFO - Filling up the DagBag from /opt/airflow/dags/dl_fin_ratio_v2.py
[2026-04-30T01:41:24.656+0000] {processor.py:840} INFO - DAG(s) 'fin_ratio_v2' retrieved from /opt/airflow/dags/dl_fin_ratio_v2.py
[2026-04-30T01:41:24.673+0000] {logging_mixin.py:188} INFO - [2026-04-30T01:41:24.673+0000] {dag.py:3089} INFO - Sync 1 DAGs
[2026-04-30T01:41:24.696+0000] {logging_mixin.py:188} INFO - [2026-04-30T01:41:24.695+0000] {dag.py:3947} INFO - Setting next_dagrun for fin_ratio_v2 to 2026-04-01 00:00:00+00:00, run_after=2026-05-01 00:00:00+00:00
[2026-04-30T01:41:24.714+0000] {processor.py:183} INFO - Processing /opt/airflow/dags/dl_fin_ratio_v2.py took 0.114 seconds
[2026-04-30T01:41:55.213+0000] {processor.py:161} INFO - Started process (PID=1023) to work on /opt/airflow/dags/dl_fin_ratio_v2.py
[2026-04-30T01:41:55.214+0000] {processor.py:830} INFO - Processing file /opt/airflow/dags/dl_fin_ratio_v2.py for tasks to queue
[2026-04-30T01:41:55.217+0000] {logging_mixin.py:188} INFO - [2026-04-30T01:41:55.216+0000] {dagbag.py:545} INFO - Filling up the DagBag from /opt/airflow/dags/dl_fin_ratio_v2.py
[2026-04-30T01:41:55.250+0000] {processor.py:840} INFO - DAG(s) 'fin_ratio_v2' retrieved from /opt/airflow/dags/dl_fin_ratio_v2.py
[2026-04-30T01:41:55.266+0000] {logging_mixin.py:188} INFO - [2026-04-30T01:41:55.265+0000] {dag.py:3089} INFO - Sync 1 DAGs
[2026-04-30T01:41:55.287+0000] {logging_mixin.py:188} INFO - [2026-04-30T01:41:55.287+0000] {dag.py:3947} INFO - Setting next_dagrun for fin_ratio_v2 to 2026-04-01 00:00:00+00:00, run_after=2026-05-01 00:00:00+00:00
[2026-04-30T01:41:55.303+0000] {processor.py:183} INFO - Processing /opt/airflow/dags/dl_fin_ratio_v2.py took 0.097 seconds
[2026-04-30T01:42:25.887+0000] {processor.py:161} INFO - Started process (PID=1048) to work on /opt/airflow/dags/dl_fin_ratio_v2.py
[2026-04-30T01:42:25.888+0000] {processor.py:830} INFO - Processing file /opt/airflow/dags/dl_fin_ratio_v2.py for tasks to queue
[2026-04-30T01:42:25.891+0000] {logging_mixin.py:188} INFO - [2026-04-30T01:42:25.890+0000] {dagbag.py:545} INFO - Filling up the DagBag from /opt/airflow/dags/dl_fin_ratio_v2.py
[2026-04-30T01:42:25.925+0000] {processor.py:840} INFO - DAG(s) 'fin_ratio_v2' retrieved from /opt/airflow/dags/dl_fin_ratio_v2.py
[2026-04-30T01:42:25.940+0000] {logging_mixin.py:188} INFO - [2026-04-30T01:42:25.940+0000] {dag.py:3089} INFO - Sync 1 DAGs
[2026-04-30T01:42:25.960+0000] {logging_mixin.py:188} INFO - [2026-04-30T01:42:25.960+0000] {dag.py:3947} INFO - Setting next_dagrun for fin_ratio_v2 to 2026-04-01 00:00:00+00:00, run_after=2026-05-01 00:00:00+00:00
[2026-04-30T01:42:25.977+0000] {processor.py:183} INFO - Processing /opt/airflow/dags/dl_fin_ratio_v2.py took 0.096 seconds
[2026-04-30T01:42:56.513+0000] {processor.py:161} INFO - Started process (PID=1073) to work on /opt/airflow/dags/dl_fin_ratio_v2.py
[2026-04-30T01:42:56.514+0000] {processor.py:830} INFO - Processing file /opt/airflow/dags/dl_fin_ratio_v2.py for tasks to queue
[2026-04-30T01:42:56.517+0000] {logging_mixin.py:188} INFO - [2026-04-30T01:42:56.516+0000] {dagbag.py:545} INFO - Filling up the DagBag from /opt/airflow/dags/dl_fin_ratio_v2.py
[2026-04-30T01:42:56.550+0000] {processor.py:840} INFO - DAG(s) 'fin_ratio_v2' retrieved from /opt/airflow/dags/dl_fin_ratio_v2.py
[2026-04-30T01:42:56.565+0000] {logging_mixin.py:188} INFO - [2026-04-30T01:42:56.565+0000] {dag.py:3089} INFO - Sync 1 DAGs
[2026-04-30T01:42:56.585+0000] {logging_mixin.py:188} INFO - [2026-04-30T01:42:56.585+0000] {dag.py:3947} INFO - Setting next_dagrun for fin_ratio_v2 to 2026-04-01 00:00:00+00:00, run_after=2026-05-01 00:00:00+00:00
[2026-04-30T01:42:56.602+0000] {processor.py:183} INFO - Processing /opt/airflow/dags/dl_fin_ratio_v2.py took 0.095 seconds
[2026-04-30T01:43:26.990+0000] {processor.py:161} INFO - Started process (PID=1098) to work on /opt/airflow/dags/dl_fin_ratio_v2.py
[2026-04-30T01:43:26.991+0000] {processor.py:830} INFO - Processing file /opt/airflow/dags/dl_fin_ratio_v2.py for tasks to queue
[2026-04-30T01:43:26.993+0000] {logging_mixin.py:188} INFO - [2026-04-30T01:43:26.993+0000] {dagbag.py:545} INFO - Filling up the DagBag from /opt/airflow/dags/dl_fin_ratio_v2.py
[2026-04-30T01:43:27.030+0000] {processor.py:840} INFO - DAG(s) 'fin_ratio_v2' retrieved from /opt/airflow/dags/dl_fin_ratio_v2.py
[2026-04-30T01:43:27.046+0000] {logging_mixin.py:188} INFO - [2026-04-30T01:43:27.046+0000] {dag.py:3089} INFO - Sync 1 DAGs
[2026-04-30T01:43:27.068+0000] {logging_mixin.py:188} INFO - [2026-04-30T01:43:27.068+0000] {dag.py:3947} INFO - Setting next_dagrun for fin_ratio_v2 to 2026-04-01 00:00:00+00:00, run_after=2026-05-01 00:00:00+00:00
[2026-04-30T01:43:27.085+0000] {processor.py:183} INFO - Processing /opt/airflow/dags/dl_fin_ratio_v2.py took 0.101 seconds
[2026-04-30T01:43:57.640+0000] {processor.py:161} INFO - Started process (PID=1123) to work on /opt/airflow/dags/dl_fin_ratio_v2.py
[2026-04-30T01:43:57.642+0000] {processor.py:830} INFO - Processing file /opt/airflow/dags/dl_fin_ratio_v2.py for tasks to queue
[2026-04-30T01:43:57.646+0000] {logging_mixin.py:188} INFO - [2026-04-30T01:43:57.646+0000] {dagbag.py:545} INFO - Filling up the DagBag from /opt/airflow/dags/dl_fin_ratio_v2.py
[2026-04-30T01:43:57.694+0000] {processor.py:840} INFO - DAG(s) 'fin_ratio_v2' retrieved from /opt/airflow/dags/dl_fin_ratio_v2.py
[2026-04-30T01:43:57.715+0000] {logging_mixin.py:188} INFO - [2026-04-30T01:43:57.715+0000] {dag.py:3089} INFO - Sync 1 DAGs
[2026-04-30T01:43:57.742+0000] {logging_mixin.py:188} INFO - [2026-04-30T01:43:57.742+0000] {dag.py:3947} INFO - Setting next_dagrun for fin_ratio_v2 to 2026-04-01 00:00:00+00:00, run_after=2026-05-01 00:00:00+00:00
[2026-04-30T01:43:57.761+0000] {processor.py:183} INFO - Processing /opt/airflow/dags/dl_fin_ratio_v2.py took 0.130 seconds
[2026-04-30T01:44:28.236+0000] {processor.py:161} INFO - Started process (PID=1148) to work on /opt/airflow/dags/dl_fin_ratio_v2.py
[2026-04-30T01:44:28.236+0000] {processor.py:830} INFO - Processing file /opt/airflow/dags/dl_fin_ratio_v2.py for tasks to queue
[2026-04-30T01:44:28.238+0000] {logging_mixin.py:188} INFO - [2026-04-30T01:44:28.238+0000] {dagbag.py:545} INFO - Filling up the DagBag from /opt/airflow/dags/dl_fin_ratio_v2.py
[2026-04-30T01:44:28.271+0000] {processor.py:840} INFO - DAG(s) 'fin_ratio_v2' retrieved from /opt/airflow/dags/dl_fin_ratio_v2.py
[2026-04-30T01:44:28.287+0000] {logging_mixin.py:188} INFO - [2026-04-30T01:44:28.286+0000] {dag.py:3089} INFO - Sync 1 DAGs
[2026-04-30T01:44:28.309+0000] {logging_mixin.py:188} INFO - [2026-04-30T01:44:28.309+0000] {dag.py:3947} INFO - Setting next_dagrun for fin_ratio_v2 to 2026-04-01 00:00:00+00:00, run_after=2026-05-01 00:00:00+00:00
[2026-04-30T01:44:28.329+0000] {processor.py:183} INFO - Processing /opt/airflow/dags/dl_fin_ratio_v2.py took 0.100 seconds
[2026-04-30T01:44:58.692+0000] {processor.py:161} INFO - Started process (PID=1173) to work on /opt/airflow/dags/dl_fin_ratio_v2.py
[2026-04-30T01:44:58.692+0000] {processor.py:830} INFO - Processing file /opt/airflow/dags/dl_fin_ratio_v2.py for tasks to queue
[2026-04-30T01:44:58.695+0000] {logging_mixin.py:188} INFO - [2026-04-30T01:44:58.694+0000] {dagbag.py:545} INFO - Filling up the DagBag from /opt/airflow/dags/dl_fin_ratio_v2.py
[2026-04-30T01:44:58.727+0000] {processor.py:840} INFO - DAG(s) 'fin_ratio_v2' retrieved from /opt/airflow/dags/dl_fin_ratio_v2.py
[2026-04-30T01:44:58.740+0000] {logging_mixin.py:188} INFO - [2026-04-30T01:44:58.740+0000] {dag.py:3089} INFO - Sync 1 DAGs
[2026-04-30T01:44:58.760+0000] {logging_mixin.py:188} INFO - [2026-04-30T01:44:58.759+0000] {dag.py:3947} INFO - Setting next_dagrun for fin_ratio_v2 to 2026-04-01 00:00:00+00:00, run_after=2026-05-01 00:00:00+00:00
[2026-04-30T01:44:58.775+0000] {processor.py:183} INFO - Processing /opt/airflow/dags/dl_fin_ratio_v2.py took 0.089 seconds
[2026-04-30T01:45:29.126+0000] {processor.py:161} INFO - Started process (PID=1199) to work on /opt/airflow/dags/dl_fin_ratio_v2.py
[2026-04-30T01:45:29.127+0000] {processor.py:830} INFO - Processing file /opt/airflow/dags/dl_fin_ratio_v2.py for tasks to queue
[2026-04-30T01:45:29.129+0000] {logging_mixin.py:188} INFO - [2026-04-30T01:45:29.129+0000] {dagbag.py:545} INFO - Filling up the DagBag from /opt/airflow/dags/dl_fin_ratio_v2.py
[2026-04-30T01:45:29.162+0000] {processor.py:840} INFO - DAG(s) 'fin_ratio_v2' retrieved from /opt/airflow/dags/dl_fin_ratio_v2.py
[2026-04-30T01:45:29.178+0000] {logging_mixin.py:188} INFO - [2026-04-30T01:45:29.178+0000] {dag.py:3089} INFO - Sync 1 DAGs
[2026-04-30T01:45:29.201+0000] {logging_mixin.py:188} INFO - [2026-04-30T01:45:29.201+0000] {dag.py:3947} INFO - Setting next_dagrun for fin_ratio_v2 to 2026-04-01 00:00:00+00:00, run_after=2026-05-01 00:00:00+00:00
[2026-04-30T01:45:29.218+0000] {processor.py:183} INFO - Processing /opt/airflow/dags/dl_fin_ratio_v2.py took 0.097 seconds
[2026-04-30T01:45:59.757+0000] {processor.py:161} INFO - Started process (PID=1224) to work on /opt/airflow/dags/dl_fin_ratio_v2.py
[2026-04-30T01:45:59.758+0000] {processor.py:830} INFO - Processing file /opt/airflow/dags/dl_fin_ratio_v2.py for tasks to queue
[2026-04-30T01:45:59.762+0000] {logging_mixin.py:188} INFO - [2026-04-30T01:45:59.761+0000] {dagbag.py:545} INFO - Filling up the DagBag from /opt/airflow/dags/dl_fin_ratio_v2.py
[2026-04-30T01:45:59.803+0000] {processor.py:840} INFO - DAG(s) 'fin_ratio_v2' retrieved from /opt/airflow/dags/dl_fin_ratio_v2.py
[2026-04-30T01:45:59.821+0000] {logging_mixin.py:188} INFO - [2026-04-30T01:45:59.820+0000] {dag.py:3089} INFO - Sync 1 DAGs
[2026-04-30T01:45:59.844+0000] {logging_mixin.py:188} INFO - [2026-04-30T01:45:59.844+0000] {dag.py:3947} INFO - Setting next_dagrun for fin_ratio_v2 to 2026-04-01 00:00:00+00:00, run_after=2026-05-01 00:00:00+00:00
[2026-04-30T01:45:59.864+0000] {processor.py:183} INFO - Processing /opt/airflow/dags/dl_fin_ratio_v2.py took 0.114 seconds
[2026-04-30T01:46:30.446+0000] {processor.py:161} INFO - Started process (PID=1249) to work on /opt/airflow/dags/dl_fin_ratio_v2.py
[2026-04-30T01:46:30.447+0000] {processor.py:830} INFO - Processing file /opt/airflow/dags/dl_fin_ratio_v2.py for tasks to queue
[2026-04-30T01:46:30.450+0000] {logging_mixin.py:188} INFO - [2026-04-30T01:46:30.450+0000] {dagbag.py:545} INFO - Filling up the DagBag from /opt/airflow/dags/dl_fin_ratio_v2.py
[2026-04-30T01:46:30.487+0000] {processor.py:840} INFO - DAG(s) 'fin_ratio_v2' retrieved from /opt/airflow/dags/dl_fin_ratio_v2.py
[2026-04-30T01:46:30.502+0000] {logging_mixin.py:188} INFO - [2026-04-30T01:46:30.502+0000] {dag.py:3089} INFO - Sync 1 DAGs
[2026-04-30T01:46:30.524+0000] {logging_mixin.py:188} INFO - [2026-04-30T01:46:30.524+0000] {dag.py:3947} INFO - Setting next_dagrun for fin_ratio_v2 to 2026-04-01 00:00:00+00:00, run_after=2026-05-01 00:00:00+00:00
[2026-04-30T01:46:30.543+0000] {processor.py:183} INFO - Processing /opt/airflow/dags/dl_fin_ratio_v2.py took 0.103 seconds
[2026-04-30T01:47:01.239+0000] {processor.py:161} INFO - Started process (PID=1274) to work on /opt/airflow/dags/dl_fin_ratio_v2.py
[2026-04-30T01:47:01.240+0000] {processor.py:830} INFO - Processing file /opt/airflow/dags/dl_fin_ratio_v2.py for tasks to queue
[2026-04-30T01:47:01.242+0000] {logging_mixin.py:188} INFO - [2026-04-30T01:47:01.241+0000] {dagbag.py:545} INFO - Filling up the DagBag from /opt/airflow/dags/dl_fin_ratio_v2.py
[2026-04-30T01:47:01.275+0000] {processor.py:840} INFO - DAG(s) 'fin_ratio_v2' retrieved from /opt/airflow/dags/dl_fin_ratio_v2.py
[2026-04-30T01:47:01.289+0000] {logging_mixin.py:188} INFO - [2026-04-30T01:47:01.288+0000] {dag.py:3089} INFO - Sync 1 DAGs
[2026-04-30T01:47:01.307+0000] {logging_mixin.py:188} INFO - [2026-04-30T01:47:01.307+0000] {dag.py:3947} INFO - Setting next_dagrun for fin_ratio_v2 to 2026-04-01 00:00:00+00:00, run_after=2026-05-01 00:00:00+00:00
[2026-04-30T01:47:01.322+0000] {processor.py:183} INFO - Processing /opt/airflow/dags/dl_fin_ratio_v2.py took 0.089 seconds
[2026-04-30T01:47:31.633+0000] {processor.py:161} INFO - Started process (PID=1299) to work on /opt/airflow/dags/dl_fin_ratio_v2.py
[2026-04-30T01:47:31.634+0000] {processor.py:830} INFO - Processing file /opt/airflow/dags/dl_fin_ratio_v2.py for tasks to queue
[2026-04-30T01:47:31.636+0000] {logging_mixin.py:188} INFO - [2026-04-30T01:47:31.636+0000] {dagbag.py:545} INFO - Filling up the DagBag from /opt/airflow/dags/dl_fin_ratio_v2.py
[2026-04-30T01:47:31.668+0000] {processor.py:840} INFO - DAG(s) 'fin_ratio_v2' retrieved from /opt/airflow/dags/dl_fin_ratio_v2.py
[2026-04-30T01:47:31.682+0000] {logging_mixin.py:188} INFO - [2026-04-30T01:47:31.682+0000] {dag.py:3089} INFO - Sync 1 DAGs
[2026-04-30T01:47:31.702+0000] {logging_mixin.py:188} INFO - [2026-04-30T01:47:31.702+0000] {dag.py:3947} INFO - Setting next_dagrun for fin_ratio_v2 to 2026-04-01 00:00:00+00:00, run_after=2026-05-01 00:00:00+00:00
[2026-04-30T01:47:31.720+0000] {processor.py:183} INFO - Processing /opt/airflow/dags/dl_fin_ratio_v2.py took 0.092 seconds
[2026-04-30T01:48:02.101+0000] {processor.py:161} INFO - Started process (PID=1324) to work on /opt/airflow/dags/dl_fin_ratio_v2.py
[2026-04-30T01:48:02.102+0000] {processor.py:830} INFO - Processing file /opt/airflow/dags/dl_fin_ratio_v2.py for tasks to queue
[2026-04-30T01:48:02.105+0000] {logging_mixin.py:188} INFO - [2026-04-30T01:48:02.104+0000] {dagbag.py:545} INFO - Filling up the DagBag from /opt/airflow/dags/dl_fin_ratio_v2.py
[2026-04-30T01:48:02.151+0000] {processor.py:840} INFO - DAG(s) 'fin_ratio_v2' retrieved from /opt/airflow/dags/dl_fin_ratio_v2.py
[2026-04-30T01:48:02.170+0000] {logging_mixin.py:188} INFO - [2026-04-30T01:48:02.170+0000] {dag.py:3089} INFO - Sync 1 DAGs
[2026-04-30T01:48:02.199+0000] {logging_mixin.py:188} INFO - [2026-04-30T01:48:02.199+0000] {dag.py:3947} INFO - Setting next_dagrun for fin_ratio_v2 to 2026-04-01 00:00:00+00:00, run_after=2026-05-01 00:00:00+00:00
[2026-04-30T01:48:02.229+0000] {processor.py:183} INFO - Processing /opt/airflow/dags/dl_fin_ratio_v2.py took 0.134 seconds
[2026-04-30T01:48:32.892+0000] {processor.py:161} INFO - Started process (PID=1349) to work on /opt/airflow/dags/dl_fin_ratio_v2.py
[2026-04-30T01:48:32.892+0000] {processor.py:830} INFO - Processing file /opt/airflow/dags/dl_fin_ratio_v2.py for tasks to queue
[2026-04-30T01:48:32.895+0000] {logging_mixin.py:188} INFO - [2026-04-30T01:48:32.894+0000] {dagbag.py:545} INFO - Filling up the DagBag from /opt/airflow/dags/dl_fin_ratio_v2.py
[2026-04-30T01:48:32.926+0000] {processor.py:840} INFO - DAG(s) 'fin_ratio_v2' retrieved from /opt/airflow/dags/dl_fin_ratio_v2.py
[2026-04-30T01:48:32.941+0000] {logging_mixin.py:188} INFO - [2026-04-30T01:48:32.940+0000] {dag.py:3089} INFO - Sync 1 DAGs
[2026-04-30T01:48:32.960+0000] {logging_mixin.py:188} INFO - [2026-04-30T01:48:32.959+0000] {dag.py:3947} INFO - Setting next_dagrun for fin_ratio_v2 to 2026-04-01 00:00:00+00:00, run_after=2026-05-01 00:00:00+00:00
[2026-04-30T01:48:32.977+0000] {processor.py:183} INFO - Processing /opt/airflow/dags/dl_fin_ratio_v2.py took 0.091 seconds
[2026-04-30T01:49:03.358+0000] {processor.py:161} INFO - Started process (PID=1374) to work on /opt/airflow/dags/dl_fin_ratio_v2.py
[2026-04-30T01:49:03.359+0000] {processor.py:830} INFO - Processing file /opt/airflow/dags/dl_fin_ratio_v2.py for tasks to queue
[2026-04-30T01:49:03.361+0000] {logging_mixin.py:188} INFO - [2026-04-30T01:49:03.360+0000] {dagbag.py:545} INFO - Filling up the DagBag from /opt/airflow/dags/dl_fin_ratio_v2.py
[2026-04-30T01:49:03.394+0000] {processor.py:840} INFO - DAG(s) 'fin_ratio_v2' retrieved from /opt/airflow/dags/dl_fin_ratio_v2.py
[2026-04-30T01:49:03.408+0000] {logging_mixin.py:188} INFO - [2026-04-30T01:49:03.407+0000] {dag.py:3089} INFO - Sync 1 DAGs
[2026-04-30T01:49:03.426+0000] {logging_mixin.py:188} INFO - [2026-04-30T01:49:03.426+0000] {dag.py:3947} INFO - Setting next_dagrun for fin_ratio_v2 to 2026-04-01 00:00:00+00:00, run_after=2026-05-01 00:00:00+00:00
[2026-04-30T01:49:03.443+0000] {processor.py:183} INFO - Processing /opt/airflow/dags/dl_fin_ratio_v2.py took 0.090 seconds
[2026-04-30T01:49:33.872+0000] {processor.py:161} INFO - Started process (PID=1399) to work on /opt/airflow/dags/dl_fin_ratio_v2.py
[2026-04-30T01:49:33.873+0000] {processor.py:830} INFO - Processing file /opt/airflow/dags/dl_fin_ratio_v2.py for tasks to queue
[2026-04-30T01:49:33.875+0000] {logging_mixin.py:188} INFO - [2026-04-30T01:49:33.875+0000] {dagbag.py:545} INFO - Filling up the DagBag from /opt/airflow/dags/dl_fin_ratio_v2.py
[2026-04-30T01:49:33.911+0000] {processor.py:840} INFO - DAG(s) 'fin_ratio_v2' retrieved from /opt/airflow/dags/dl_fin_ratio_v2.py
[2026-04-30T01:49:33.926+0000] {logging_mixin.py:188} INFO - [2026-04-30T01:49:33.926+0000] {dag.py:3089} INFO - Sync 1 DAGs
[2026-04-30T01:49:33.948+0000] {logging_mixin.py:188} INFO - [2026-04-30T01:49:33.948+0000] {dag.py:3947} INFO - Setting next_dagrun for fin_ratio_v2 to 2026-04-01 00:00:00+00:00, run_after=2026-05-01 00:00:00+00:00
[2026-04-30T01:49:33.965+0000] {processor.py:183} INFO - Processing /opt/airflow/dags/dl_fin_ratio_v2.py took 0.099 seconds
[2026-04-30T01:50:04.356+0000] {processor.py:161} INFO - Started process (PID=1424) to work on /opt/airflow/dags/dl_fin_ratio_v2.py
[2026-04-30T01:50:04.357+0000] {processor.py:830} INFO - Processing file /opt/airflow/dags/dl_fin_ratio_v2.py for tasks to queue
[2026-04-30T01:50:04.360+0000] {logging_mixin.py:188} INFO - [2026-04-30T01:50:04.359+0000] {dagbag.py:545} INFO - Filling up the DagBag from /opt/airflow/dags/dl_fin_ratio_v2.py
[2026-04-30T01:50:04.395+0000] {processor.py:840} INFO - DAG(s) 'fin_ratio_v2' retrieved from /opt/airflow/dags/dl_fin_ratio_v2.py
[2026-04-30T01:50:04.409+0000] {logging_mixin.py:188} INFO - [2026-04-30T01:50:04.408+0000] {dag.py:3089} INFO - Sync 1 DAGs
[2026-04-30T01:50:04.429+0000] {logging_mixin.py:188} INFO - [2026-04-30T01:50:04.429+0000] {dag.py:3947} INFO - Setting next_dagrun for fin_ratio_v2 to 2026-04-01 00:00:00+00:00, run_after=2026-05-01 00:00:00+00:00
[2026-04-30T01:50:04.446+0000] {processor.py:183} INFO - Processing /opt/airflow/dags/dl_fin_ratio_v2.py took 0.095 seconds
[2026-04-30T01:50:34.805+0000] {processor.py:161} INFO - Started process (PID=1449) to work on /opt/airflow/dags/dl_fin_ratio_v2.py
[2026-04-30T01:50:34.806+0000] {processor.py:830} INFO - Processing file /opt/airflow/dags/dl_fin_ratio_v2.py for tasks to queue
[2026-04-30T01:50:34.808+0000] {logging_mixin.py:188} INFO - [2026-04-30T01:50:34.808+0000] {dagbag.py:545} INFO - Filling up the DagBag from /opt/airflow/dags/dl_fin_ratio_v2.py
[2026-04-30T01:50:34.841+0000] {processor.py:840} INFO - DAG(s) 'fin_ratio_v2' retrieved from /opt/airflow/dags/dl_fin_ratio_v2.py
[2026-04-30T01:50:34.855+0000] {logging_mixin.py:188} INFO - [2026-04-30T01:50:34.855+0000] {dag.py:3089} INFO - Sync 1 DAGs
[2026-04-30T01:50:34.875+0000] {logging_mixin.py:188} INFO - [2026-04-30T01:50:34.874+0000] {dag.py:3947} INFO - Setting next_dagrun for fin_ratio_v2 to 2026-04-01 00:00:00+00:00, run_after=2026-05-01 00:00:00+00:00
[2026-04-30T01:50:34.893+0000] {processor.py:183} INFO - Processing /opt/airflow/dags/dl_fin_ratio_v2.py took 0.093 seconds
[2026-04-30T01:51:05.241+0000] {processor.py:161} INFO - Started process (PID=1474) to work on /opt/airflow/dags/dl_fin_ratio_v2.py
[2026-04-30T01:51:05.242+0000] {processor.py:830} INFO - Processing file /opt/airflow/dags/dl_fin_ratio_v2.py for tasks to queue
[2026-04-30T01:51:05.244+0000] {logging_mixin.py:188} INFO - [2026-04-30T01:51:05.244+0000] {dagbag.py:545} INFO - Filling up the DagBag from /opt/airflow/dags/dl_fin_ratio_v2.py
[2026-04-30T01:51:05.277+0000] {processor.py:840} INFO - DAG(s) 'fin_ratio_v2' retrieved from /opt/airflow/dags/dl_fin_ratio_v2.py
[2026-04-30T01:51:05.290+0000] {logging_mixin.py:188} INFO - [2026-04-30T01:51:05.290+0000] {dag.py:3089} INFO - Sync 1 DAGs
[2026-04-30T01:51:05.309+0000] {logging_mixin.py:188} INFO - [2026-04-30T01:51:05.309+0000] {dag.py:3947} INFO - Setting next_dagrun for fin_ratio_v2 to 2026-04-01 00:00:00+00:00, run_after=2026-05-01 00:00:00+00:00
[2026-04-30T01:51:05.326+0000] {processor.py:183} INFO - Processing /opt/airflow/dags/dl_fin_ratio_v2.py took 0.091 seconds
[2026-04-30T01:51:35.719+0000] {processor.py:161} INFO - Started process (PID=1499) to work on /opt/airflow/dags/dl_fin_ratio_v2.py
[2026-04-30T01:51:35.721+0000] {processor.py:830} INFO - Processing file /opt/airflow/dags/dl_fin_ratio_v2.py for tasks to queue
[2026-04-30T01:51:35.723+0000] {logging_mixin.py:188} INFO - [2026-04-30T01:51:35.723+0000] {dagbag.py:545} INFO - Filling up the DagBag from /opt/airflow/dags/dl_fin_ratio_v2.py
[2026-04-30T01:51:35.762+0000] {processor.py:840} INFO - DAG(s) 'fin_ratio_v2' retrieved from /opt/airflow/dags/dl_fin_ratio_v2.py
[2026-04-30T01:51:35.777+0000] {logging_mixin.py:188} INFO - [2026-04-30T01:51:35.777+0000] {dag.py:3089} INFO - Sync 1 DAGs
[2026-04-30T01:51:35.807+0000] {logging_mixin.py:188} INFO - [2026-04-30T01:51:35.807+0000] {dag.py:3947} INFO - Setting next_dagrun for fin_ratio_v2 to 2026-04-01 00:00:00+00:00, run_after=2026-05-01 00:00:00+00:00
[2026-04-30T01:51:35.831+0000] {processor.py:183} INFO - Processing /opt/airflow/dags/dl_fin_ratio_v2.py took 0.118 seconds
[2026-04-30T01:52:06.452+0000] {processor.py:161} INFO - Started process (PID=1524) to work on /opt/airflow/dags/dl_fin_ratio_v2.py
[2026-04-30T01:52:06.453+0000] {processor.py:830} INFO - Processing file /opt/airflow/dags/dl_fin_ratio_v2.py for tasks to queue
[2026-04-30T01:52:06.456+0000] {logging_mixin.py:188} INFO - [2026-04-30T01:52:06.455+0000] {dagbag.py:545} INFO - Filling up the DagBag from /opt/airflow/dags/dl_fin_ratio_v2.py
[2026-04-30T01:52:06.491+0000] {processor.py:840} INFO - DAG(s) 'fin_ratio_v2' retrieved from /opt/airflow/dags/dl_fin_ratio_v2.py
[2026-04-30T01:52:06.506+0000] {logging_mixin.py:188} INFO - [2026-04-30T01:52:06.505+0000] {dag.py:3089} INFO - Sync 1 DAGs
[2026-04-30T01:52:06.527+0000] {logging_mixin.py:188} INFO - [2026-04-30T01:52:06.526+0000] {dag.py:3947} INFO - Setting next_dagrun for fin_ratio_v2 to 2026-04-01 00:00:00+00:00, run_after=2026-05-01 00:00:00+00:00
[2026-04-30T01:52:06.546+0000] {processor.py:183} INFO - Processing /opt/airflow/dags/dl_fin_ratio_v2.py took 0.100 seconds
[2026-04-30T01:52:36.934+0000] {processor.py:161} INFO - Started process (PID=1549) to work on /opt/airflow/dags/dl_fin_ratio_v2.py
[2026-04-30T01:52:36.936+0000] {processor.py:830} INFO - Processing file /opt/airflow/dags/dl_fin_ratio_v2.py for tasks to queue
[2026-04-30T01:52:36.938+0000] {logging_mixin.py:188} INFO - [2026-04-30T01:52:36.938+0000] {dagbag.py:545} INFO - Filling up the DagBag from /opt/airflow/dags/dl_fin_ratio_v2.py
[2026-04-30T01:52:36.978+0000] {processor.py:840} INFO - DAG(s) 'fin_ratio_v2' retrieved from /opt/airflow/dags/dl_fin_ratio_v2.py
[2026-04-30T01:52:36.994+0000] {logging_mixin.py:188} INFO - [2026-04-30T01:52:36.994+0000] {dag.py:3089} INFO - Sync 1 DAGs
[2026-04-30T01:52:37.015+0000] {logging_mixin.py:188} INFO - [2026-04-30T01:52:37.015+0000] {dag.py:3947} INFO - Setting next_dagrun for fin_ratio_v2 to 2026-04-01 00:00:00+00:00, run_after=2026-05-01 00:00:00+00:00
[2026-04-30T01:52:37.031+0000] {processor.py:183} INFO - Processing /opt/airflow/dags/dl_fin_ratio_v2.py took 0.103 seconds
[2026-04-30T01:53:07.725+0000] {processor.py:161} INFO - Started process (PID=1574) to work on /opt/airflow/dags/dl_fin_ratio_v2.py
[2026-04-30T01:53:07.726+0000] {processor.py:830} INFO - Processing file /opt/airflow/dags/dl_fin_ratio_v2.py for tasks to queue
[2026-04-30T01:53:07.728+0000] {logging_mixin.py:188} INFO - [2026-04-30T01:53:07.727+0000] {dagbag.py:545} INFO - Filling up the DagBag from /opt/airflow/dags/dl_fin_ratio_v2.py
[2026-04-30T01:53:07.761+0000] {processor.py:840} INFO - DAG(s) 'fin_ratio_v2' retrieved from /opt/airflow/dags/dl_fin_ratio_v2.py
[2026-04-30T01:53:07.775+0000] {logging_mixin.py:188} INFO - [2026-04-30T01:53:07.775+0000] {dag.py:3089} INFO - Sync 1 DAGs
[2026-04-30T01:53:07.794+0000] {logging_mixin.py:188} INFO - [2026-04-30T01:53:07.794+0000] {dag.py:3947} INFO - Setting next_dagrun for fin_ratio_v2 to 2026-04-01 00:00:00+00:00, run_after=2026-05-01 00:00:00+00:00
[2026-04-30T01:53:07.810+0000] {processor.py:183} INFO - Processing /opt/airflow/dags/dl_fin_ratio_v2.py took 0.091 seconds
[2026-04-30T01:53:38.596+0000] {processor.py:161} INFO - Started process (PID=1599) to work on /opt/airflow/dags/dl_fin_ratio_v2.py
[2026-04-30T01:53:38.597+0000] {processor.py:830} INFO - Processing file /opt/airflow/dags/dl_fin_ratio_v2.py for tasks to queue
[2026-04-30T01:53:38.599+0000] {logging_mixin.py:188} INFO - [2026-04-30T01:53:38.599+0000] {dagbag.py:545} INFO - Filling up the DagBag from /opt/airflow/dags/dl_fin_ratio_v2.py
[2026-04-30T01:53:38.630+0000] {processor.py:840} INFO - DAG(s) 'fin_ratio_v2' retrieved from /opt/airflow/dags/dl_fin_ratio_v2.py
[2026-04-30T01:53:38.644+0000] {logging_mixin.py:188} INFO - [2026-04-30T01:53:38.643+0000] {dag.py:3089} INFO - Sync 1 DAGs
[2026-04-30T01:53:38.663+0000] {logging_mixin.py:188} INFO - [2026-04-30T01:53:38.662+0000] {dag.py:3947} INFO - Setting next_dagrun for fin_ratio_v2 to 2026-04-01 00:00:00+00:00, run_after=2026-05-01 00:00:00+00:00
[2026-04-30T01:53:38.679+0000] {processor.py:183} INFO - Processing /opt/airflow/dags/dl_fin_ratio_v2.py took 0.087 seconds
[2026-04-30T01:54:08.952+0000] {processor.py:161} INFO - Started process (PID=1624) to work on /opt/airflow/dags/dl_fin_ratio_v2.py
[2026-04-30T01:54:08.953+0000] {processor.py:830} INFO - Processing file /opt/airflow/dags/dl_fin_ratio_v2.py for tasks to queue
[2026-04-30T01:54:08.956+0000] {logging_mixin.py:188} INFO - [2026-04-30T01:54:08.956+0000] {dagbag.py:545} INFO - Filling up the DagBag from /opt/airflow/dags/dl_fin_ratio_v2.py
[2026-04-30T01:54:08.995+0000] {processor.py:840} INFO - DAG(s) 'fin_ratio_v2' retrieved from /opt/airflow/dags/dl_fin_ratio_v2.py
[2026-04-30T01:54:09.012+0000] {logging_mixin.py:188} INFO - [2026-04-30T01:54:09.011+0000] {dag.py:3089} INFO - Sync 1 DAGs
[2026-04-30T01:54:09.035+0000] {logging_mixin.py:188} INFO - [2026-04-30T01:54:09.035+0000] {dag.py:3947} INFO - Setting next_dagrun for fin_ratio_v2 to 2026-04-01 00:00:00+00:00, run_after=2026-05-01 00:00:00+00:00
[2026-04-30T01:54:09.056+0000] {processor.py:183} INFO - Processing /opt/airflow/dags/dl_fin_ratio_v2.py took 0.111 seconds
[2026-04-30T01:54:39.406+0000] {processor.py:161} INFO - Started process (PID=1649) to work on /opt/airflow/dags/dl_fin_ratio_v2.py
[2026-04-30T01:54:39.407+0000] {processor.py:830} INFO - Processing file /opt/airflow/dags/dl_fin_ratio_v2.py for tasks to queue
[2026-04-30T01:54:39.409+0000] {logging_mixin.py:188} INFO - [2026-04-30T01:54:39.409+0000] {dagbag.py:545} INFO - Filling up the DagBag from /opt/airflow/dags/dl_fin_ratio_v2.py
[2026-04-30T01:54:39.444+0000] {processor.py:840} INFO - DAG(s) 'fin_ratio_v2' retrieved from /opt/airflow/dags/dl_fin_ratio_v2.py
[2026-04-30T01:54:39.459+0000] {logging_mixin.py:188} INFO - [2026-04-30T01:54:39.459+0000] {dag.py:3089} INFO - Sync 1 DAGs
[2026-04-30T01:54:39.480+0000] {logging_mixin.py:188} INFO - [2026-04-30T01:54:39.480+0000] {dag.py:3947} INFO - Setting next_dagrun for fin_ratio_v2 to 2026-04-01 00:00:00+00:00, run_after=2026-05-01 00:00:00+00:00
[2026-04-30T01:54:39.499+0000] {processor.py:183} INFO - Processing /opt/airflow/dags/dl_fin_ratio_v2.py took 0.098 seconds
[2026-04-30T01:55:09.901+0000] {processor.py:161} INFO - Started process (PID=1674) to work on /opt/airflow/dags/dl_fin_ratio_v2.py
[2026-04-30T01:55:09.902+0000] {processor.py:830} INFO - Processing file /opt/airflow/dags/dl_fin_ratio_v2.py for tasks to queue
[2026-04-30T01:55:09.904+0000] {logging_mixin.py:188} INFO - [2026-04-30T01:55:09.904+0000] {dagbag.py:545} INFO - Filling up the DagBag from /opt/airflow/dags/dl_fin_ratio_v2.py
[2026-04-30T01:55:09.937+0000] {processor.py:840} INFO - DAG(s) 'fin_ratio_v2' retrieved from /opt/airflow/dags/dl_fin_ratio_v2.py
[2026-04-30T01:55:09.953+0000] {logging_mixin.py:188} INFO - [2026-04-30T01:55:09.953+0000] {dag.py:3089} INFO - Sync 1 DAGs
[2026-04-30T01:55:09.976+0000] {logging_mixin.py:188} INFO - [2026-04-30T01:55:09.976+0000] {dag.py:3947} INFO - Setting next_dagrun for fin_ratio_v2 to 2026-04-01 00:00:00+00:00, run_after=2026-05-01 00:00:00+00:00
[2026-04-30T01:55:09.995+0000] {processor.py:183} INFO - Processing /opt/airflow/dags/dl_fin_ratio_v2.py took 0.100 seconds
[2026-04-30T01:55:40.648+0000] {processor.py:161} INFO - Started process (PID=1699) to work on /opt/airflow/dags/dl_fin_ratio_v2.py
[2026-04-30T01:55:40.649+0000] {processor.py:830} INFO - Processing file /opt/airflow/dags/dl_fin_ratio_v2.py for tasks to queue
[2026-04-30T01:55:40.651+0000] {logging_mixin.py:188} INFO - [2026-04-30T01:55:40.651+0000] {dagbag.py:545} INFO - Filling up the DagBag from /opt/airflow/dags/dl_fin_ratio_v2.py
[2026-04-30T01:55:40.688+0000] {processor.py:840} INFO - DAG(s) 'fin_ratio_v2' retrieved from /opt/airflow/dags/dl_fin_ratio_v2.py
[2026-04-30T01:55:40.702+0000] {logging_mixin.py:188} INFO - [2026-04-30T01:55:40.702+0000] {dag.py:3089} INFO - Sync 1 DAGs
[2026-04-30T01:55:40.722+0000] {logging_mixin.py:188} INFO - [2026-04-30T01:55:40.722+0000] {dag.py:3947} INFO - Setting next_dagrun for fin_ratio_v2 to 2026-04-01 00:00:00+00:00, run_after=2026-05-01 00:00:00+00:00
[2026-04-30T01:55:40.738+0000] {processor.py:183} INFO - Processing /opt/airflow/dags/dl_fin_ratio_v2.py took 0.095 seconds
[2026-04-30T01:56:11.139+0000] {processor.py:161} INFO - Started process (PID=1724) to work on /opt/airflow/dags/dl_fin_ratio_v2.py
[2026-04-30T01:56:11.140+0000] {processor.py:830} INFO - Processing file /opt/airflow/dags/dl_fin_ratio_v2.py for tasks to queue
[2026-04-30T01:56:11.142+0000] {logging_mixin.py:188} INFO - [2026-04-30T01:56:11.142+0000] {dagbag.py:545} INFO - Filling up the DagBag from /opt/airflow/dags/dl_fin_ratio_v2.py
[2026-04-30T01:56:11.175+0000] {processor.py:840} INFO - DAG(s) 'fin_ratio_v2' retrieved from /opt/airflow/dags/dl_fin_ratio_v2.py
[2026-04-30T01:56:11.190+0000] {logging_mixin.py:188} INFO - [2026-04-30T01:56:11.189+0000] {dag.py:3089} INFO - Sync 1 DAGs
[2026-04-30T01:56:11.208+0000] {logging_mixin.py:188} INFO - [2026-04-30T01:56:11.207+0000] {dag.py:3947} INFO - Setting next_dagrun for fin_ratio_v2 to 2026-04-01 00:00:00+00:00, run_after=2026-05-01 00:00:00+00:00
[2026-04-30T01:56:11.223+0000] {processor.py:183} INFO - Processing /opt/airflow/dags/dl_fin_ratio_v2.py took 0.089 seconds
[2026-04-30T01:56:41.729+0000] {processor.py:161} INFO - Started process (PID=1749) to work on /opt/airflow/dags/dl_fin_ratio_v2.py
[2026-04-30T01:56:41.729+0000] {processor.py:830} INFO - Processing file /opt/airflow/dags/dl_fin_ratio_v2.py for tasks to queue
[2026-04-30T01:56:41.732+0000] {logging_mixin.py:188} INFO - [2026-04-30T01:56:41.731+0000] {dagbag.py:545} INFO - Filling up the DagBag from /opt/airflow/dags/dl_fin_ratio_v2.py
[2026-04-30T01:56:41.764+0000] {processor.py:840} INFO - DAG(s) 'fin_ratio_v2' retrieved from /opt/airflow/dags/dl_fin_ratio_v2.py
[2026-04-30T01:56:41.778+0000] {logging_mixin.py:188} INFO - [2026-04-30T01:56:41.777+0000] {dag.py:3089} INFO - Sync 1 DAGs
[2026-04-30T01:56:41.798+0000] {logging_mixin.py:188} INFO - [2026-04-30T01:56:41.798+0000] {dag.py:3947} INFO - Setting next_dagrun for fin_ratio_v2 to 2026-04-01 00:00:00+00:00, run_after=2026-05-01 00:00:00+00:00
[2026-04-30T01:56:41.813+0000] {processor.py:183} INFO - Processing /opt/airflow/dags/dl_fin_ratio_v2.py took 0.091 seconds
[2026-04-30T01:57:12.080+0000] {processor.py:161} INFO - Started process (PID=1774) to work on /opt/airflow/dags/dl_fin_ratio_v2.py
[2026-04-30T01:57:12.081+0000] {processor.py:830} INFO - Processing file /opt/airflow/dags/dl_fin_ratio_v2.py for tasks to queue
[2026-04-30T01:57:12.083+0000] {logging_mixin.py:188} INFO - [2026-04-30T01:57:12.083+0000] {dagbag.py:545} INFO - Filling up the DagBag from /opt/airflow/dags/dl_fin_ratio_v2.py
[2026-04-30T01:57:12.115+0000] {processor.py:840} INFO - DAG(s) 'fin_ratio_v2' retrieved from /opt/airflow/dags/dl_fin_ratio_v2.py
[2026-04-30T01:57:12.130+0000] {logging_mixin.py:188} INFO - [2026-04-30T01:57:12.130+0000] {dag.py:3089} INFO - Sync 1 DAGs
[2026-04-30T01:57:12.152+0000] {logging_mixin.py:188} INFO - [2026-04-30T01:57:12.152+0000] {dag.py:3947} INFO - Setting next_dagrun for fin_ratio_v2 to 2026-04-01 00:00:00+00:00, run_after=2026-05-01 00:00:00+00:00
[2026-04-30T01:57:12.169+0000] {processor.py:183} INFO - Processing /opt/airflow/dags/dl_fin_ratio_v2.py took 0.094 seconds
[2026-04-30T01:57:42.730+0000] {processor.py:161} INFO - Started process (PID=1800) to work on /opt/airflow/dags/dl_fin_ratio_v2.py
[2026-04-30T01:57:42.731+0000] {processor.py:830} INFO - Processing file /opt/airflow/dags/dl_fin_ratio_v2.py for tasks to queue
[2026-04-30T01:57:42.733+0000] {logging_mixin.py:188} INFO - [2026-04-30T01:57:42.733+0000] {dagbag.py:545} INFO - Filling up the DagBag from /opt/airflow/dags/dl_fin_ratio_v2.py
[2026-04-30T01:57:42.771+0000] {processor.py:840} INFO - DAG(s) 'fin_ratio_v2' retrieved from /opt/airflow/dags/dl_fin_ratio_v2.py
[2026-04-30T01:57:42.785+0000] {logging_mixin.py:188} INFO - [2026-04-30T01:57:42.785+0000] {dag.py:3089} INFO - Sync 1 DAGs
[2026-04-30T01:57:42.805+0000] {logging_mixin.py:188} INFO - [2026-04-30T01:57:42.805+0000] {dag.py:3947} INFO - Setting next_dagrun for fin_ratio_v2 to 2026-04-01 00:00:00+00:00, run_after=2026-05-01 00:00:00+00:00
[2026-04-30T01:57:42.822+0000] {processor.py:183} INFO - Processing /opt/airflow/dags/dl_fin_ratio_v2.py took 0.099 seconds
[2026-04-30T01:58:13.579+0000] {processor.py:161} INFO - Started process (PID=1825) to work on /opt/airflow/dags/dl_fin_ratio_v2.py
[2026-04-30T01:58:13.580+0000] {processor.py:830} INFO - Processing file /opt/airflow/dags/dl_fin_ratio_v2.py for tasks to queue
[2026-04-30T01:58:13.582+0000] {logging_mixin.py:188} INFO - [2026-04-30T01:58:13.582+0000] {dagbag.py:545} INFO - Filling up the DagBag from /opt/airflow/dags/dl_fin_ratio_v2.py
[2026-04-30T01:58:13.624+0000] {processor.py:840} INFO - DAG(s) 'fin_ratio_v2' retrieved from /opt/airflow/dags/dl_fin_ratio_v2.py
[2026-04-30T01:58:13.643+0000] {logging_mixin.py:188} INFO - [2026-04-30T01:58:13.643+0000] {dag.py:3089} INFO - Sync 1 DAGs
[2026-04-30T01:58:13.672+0000] {logging_mixin.py:188} INFO - [2026-04-30T01:58:13.672+0000] {dag.py:3947} INFO - Setting next_dagrun for fin_ratio_v2 to 2026-04-01 00:00:00+00:00, run_after=2026-05-01 00:00:00+00:00
[2026-04-30T01:58:13.701+0000] {processor.py:183} INFO - Processing /opt/airflow/dags/dl_fin_ratio_v2.py took 0.128 seconds
[2026-04-30T01:58:44.353+0000] {processor.py:161} INFO - Started process (PID=1850) to work on /opt/airflow/dags/dl_fin_ratio_v2.py
[2026-04-30T01:58:44.353+0000] {processor.py:830} INFO - Processing file /opt/airflow/dags/dl_fin_ratio_v2.py for tasks to queue
[2026-04-30T01:58:44.355+0000] {logging_mixin.py:188} INFO - [2026-04-30T01:58:44.355+0000] {dagbag.py:545} INFO - Filling up the DagBag from /opt/airflow/dags/dl_fin_ratio_v2.py
[2026-04-30T01:58:44.387+0000] {processor.py:840} INFO - DAG(s) 'fin_ratio_v2' retrieved from /opt/airflow/dags/dl_fin_ratio_v2.py
[2026-04-30T01:58:44.400+0000] {logging_mixin.py:188} INFO - [2026-04-30T01:58:44.400+0000] {dag.py:3089} INFO - Sync 1 DAGs
[2026-04-30T01:58:44.419+0000] {logging_mixin.py:188} INFO - [2026-04-30T01:58:44.419+0000] {dag.py:3947} INFO - Setting next_dagrun for fin_ratio_v2 to 2026-04-01 00:00:00+00:00, run_after=2026-05-01 00:00:00+00:00
[2026-04-30T01:58:44.435+0000] {processor.py:183} INFO - Processing /opt/airflow/dags/dl_fin_ratio_v2.py took 0.088 seconds
[2026-04-30T01:59:14.960+0000] {processor.py:161} INFO - Started process (PID=1875) to work on /opt/airflow/dags/dl_fin_ratio_v2.py
[2026-04-30T01:59:14.962+0000] {processor.py:830} INFO - Processing file /opt/airflow/dags/dl_fin_ratio_v2.py for tasks to queue
[2026-04-30T01:59:14.965+0000] {logging_mixin.py:188} INFO - [2026-04-30T01:59:14.964+0000] {dagbag.py:545} INFO - Filling up the DagBag from /opt/airflow/dags/dl_fin_ratio_v2.py
[2026-04-30T01:59:15.006+0000] {processor.py:840} INFO - DAG(s) 'fin_ratio_v2' retrieved from /opt/airflow/dags/dl_fin_ratio_v2.py
[2026-04-30T01:59:15.020+0000] {logging_mixin.py:188} INFO - [2026-04-30T01:59:15.020+0000] {dag.py:3089} INFO - Sync 1 DAGs
[2026-04-30T01:59:15.038+0000] {logging_mixin.py:188} INFO - [2026-04-30T01:59:15.038+0000] {dag.py:3947} INFO - Setting next_dagrun for fin_ratio_v2 to 2026-04-01 00:00:00+00:00, run_after=2026-05-01 00:00:00+00:00
[2026-04-30T01:59:15.054+0000] {processor.py:183} INFO - Processing /opt/airflow/dags/dl_fin_ratio_v2.py took 0.100 seconds
[2026-04-30T01:59:45.506+0000] {processor.py:161} INFO - Started process (PID=1900) to work on /opt/airflow/dags/dl_fin_ratio_v2.py
[2026-04-30T01:59:45.507+0000] {processor.py:830} INFO - Processing file /opt/airflow/dags/dl_fin_ratio_v2.py for tasks to queue
[2026-04-30T01:59:45.509+0000] {logging_mixin.py:188} INFO - [2026-04-30T01:59:45.508+0000] {dagbag.py:545} INFO - Filling up the DagBag from /opt/airflow/dags/dl_fin_ratio_v2.py
[2026-04-30T01:59:45.540+0000] {processor.py:840} INFO - DAG(s) 'fin_ratio_v2' retrieved from /opt/airflow/dags/dl_fin_ratio_v2.py
[2026-04-30T01:59:45.553+0000] {logging_mixin.py:188} INFO - [2026-04-30T01:59:45.553+0000] {dag.py:3089} INFO - Sync 1 DAGs
[2026-04-30T01:59:45.573+0000] {logging_mixin.py:188} INFO - [2026-04-30T01:59:45.573+0000] {dag.py:3947} INFO - Setting next_dagrun for fin_ratio_v2 to 2026-04-01 00:00:00+00:00, run_after=2026-05-01 00:00:00+00:00
[2026-04-30T01:59:45.588+0000] {processor.py:183} INFO - Processing /opt/airflow/dags/dl_fin_ratio_v2.py took 0.088 seconds
[2026-04-30T02:00:16.018+0000] {processor.py:161} INFO - Started process (PID=1925) to work on /opt/airflow/dags/dl_fin_ratio_v2.py
[2026-04-30T02:00:16.019+0000] {processor.py:830} INFO - Processing file /opt/airflow/dags/dl_fin_ratio_v2.py for tasks to queue
[2026-04-30T02:00:16.021+0000] {logging_mixin.py:188} INFO - [2026-04-30T02:00:16.020+0000] {dagbag.py:545} INFO - Filling up the DagBag from /opt/airflow/dags/dl_fin_ratio_v2.py
[2026-04-30T02:00:16.051+0000] {processor.py:840} INFO - DAG(s) 'fin_ratio_v2' retrieved from /opt/airflow/dags/dl_fin_ratio_v2.py
[2026-04-30T02:00:16.064+0000] {logging_mixin.py:188} INFO - [2026-04-30T02:00:16.064+0000] {dag.py:3089} INFO - Sync 1 DAGs
[2026-04-30T02:00:16.082+0000] {logging_mixin.py:188} INFO - [2026-04-30T02:00:16.082+0000] {dag.py:3947} INFO - Setting next_dagrun for fin_ratio_v2 to 2026-04-01 00:00:00+00:00, run_after=2026-05-01 00:00:00+00:00
[2026-04-30T02:00:16.100+0000] {processor.py:183} INFO - Processing /opt/airflow/dags/dl_fin_ratio_v2.py took 0.088 seconds
[2026-04-30T02:00:46.526+0000] {processor.py:161} INFO - Started process (PID=1950) to work on /opt/airflow/dags/dl_fin_ratio_v2.py
[2026-04-30T02:00:46.527+0000] {processor.py:830} INFO - Processing file /opt/airflow/dags/dl_fin_ratio_v2.py for tasks to queue
[2026-04-30T02:00:46.529+0000] {logging_mixin.py:188} INFO - [2026-04-30T02:00:46.529+0000] {dagbag.py:545} INFO - Filling up the DagBag from /opt/airflow/dags/dl_fin_ratio_v2.py
[2026-04-30T02:00:46.562+0000] {processor.py:840} INFO - DAG(s) 'fin_ratio_v2' retrieved from /opt/airflow/dags/dl_fin_ratio_v2.py
[2026-04-30T02:00:46.578+0000] {logging_mixin.py:188} INFO - [2026-04-30T02:00:46.578+0000] {dag.py:3089} INFO - Sync 1 DAGs
[2026-04-30T02:00:46.601+0000] {logging_mixin.py:188} INFO - [2026-04-30T02:00:46.601+0000] {dag.py:3947} INFO - Setting next_dagrun for fin_ratio_v2 to 2026-04-01 00:00:00+00:00, run_after=2026-05-01 00:00:00+00:00
[2026-04-30T02:00:46.620+0000] {processor.py:183} INFO - Processing /opt/airflow/dags/dl_fin_ratio_v2.py took 0.099 seconds
[2026-04-30T02:01:17.110+0000] {processor.py:161} INFO - Started process (PID=1975) to work on /opt/airflow/dags/dl_fin_ratio_v2.py
[2026-04-30T02:01:17.111+0000] {processor.py:830} INFO - Processing file /opt/airflow/dags/dl_fin_ratio_v2.py for tasks to queue
[2026-04-30T02:01:17.113+0000] {logging_mixin.py:188} INFO - [2026-04-30T02:01:17.113+0000] {dagbag.py:545} INFO - Filling up the DagBag from /opt/airflow/dags/dl_fin_ratio_v2.py
[2026-04-30T02:01:17.144+0000] {processor.py:840} INFO - DAG(s) 'fin_ratio_v2' retrieved from /opt/airflow/dags/dl_fin_ratio_v2.py
[2026-04-30T02:01:17.156+0000] {logging_mixin.py:188} INFO - [2026-04-30T02:01:17.156+0000] {dag.py:3089} INFO - Sync 1 DAGs
[2026-04-30T02:01:17.175+0000] {logging_mixin.py:188} INFO - [2026-04-30T02:01:17.175+0000] {dag.py:3947} INFO - Setting next_dagrun for fin_ratio_v2 to 2026-04-01 00:00:00+00:00, run_after=2026-05-01 00:00:00+00:00
[2026-04-30T02:01:17.197+0000] {processor.py:183} INFO - Processing /opt/airflow/dags/dl_fin_ratio_v2.py took 0.091 seconds
[2026-04-30T02:01:47.523+0000] {processor.py:161} INFO - Started process (PID=2000) to work on /opt/airflow/dags/dl_fin_ratio_v2.py
[2026-04-30T02:01:47.524+0000] {processor.py:830} INFO - Processing file /opt/airflow/dags/dl_fin_ratio_v2.py for tasks to queue
[2026-04-30T02:01:47.527+0000] {logging_mixin.py:188} INFO - [2026-04-30T02:01:47.526+0000] {dagbag.py:545} INFO - Filling up the DagBag from /opt/airflow/dags/dl_fin_ratio_v2.py
[2026-04-30T02:01:47.560+0000] {processor.py:840} INFO - DAG(s) 'fin_ratio_v2' retrieved from /opt/airflow/dags/dl_fin_ratio_v2.py
[2026-04-30T02:01:47.574+0000] {logging_mixin.py:188} INFO - [2026-04-30T02:01:47.574+0000] {dag.py:3089} INFO - Sync 1 DAGs
[2026-04-30T02:01:47.593+0000] {logging_mixin.py:188} INFO - [2026-04-30T02:01:47.593+0000] {dag.py:3947} INFO - Setting next_dagrun for fin_ratio_v2 to 2026-04-01 00:00:00+00:00, run_after=2026-05-01 00:00:00+00:00
[2026-04-30T02:01:47.613+0000] {processor.py:183} INFO - Processing /opt/airflow/dags/dl_fin_ratio_v2.py took 0.096 seconds
[2026-04-30T02:02:18.028+0000] {processor.py:161} INFO - Started process (PID=2025) to work on /opt/airflow/dags/dl_fin_ratio_v2.py
[2026-04-30T02:02:18.029+0000] {processor.py:830} INFO - Processing file /opt/airflow/dags/dl_fin_ratio_v2.py for tasks to queue
[2026-04-30T02:02:18.031+0000] {logging_mixin.py:188} INFO - [2026-04-30T02:02:18.030+0000] {dagbag.py:545} INFO - Filling up the DagBag from /opt/airflow/dags/dl_fin_ratio_v2.py
[2026-04-30T02:02:18.062+0000] {processor.py:840} INFO - DAG(s) 'fin_ratio_v2' retrieved from /opt/airflow/dags/dl_fin_ratio_v2.py
[2026-04-30T02:02:18.075+0000] {logging_mixin.py:188} INFO - [2026-04-30T02:02:18.075+0000] {dag.py:3089} INFO - Sync 1 DAGs
[2026-04-30T02:02:18.093+0000] {logging_mixin.py:188} INFO - [2026-04-30T02:02:18.093+0000] {dag.py:3947} INFO - Setting next_dagrun for fin_ratio_v2 to 2026-04-01 00:00:00+00:00, run_after=2026-05-01 00:00:00+00:00
[2026-04-30T02:02:18.119+0000] {processor.py:183} INFO - Processing /opt/airflow/dags/dl_fin_ratio_v2.py took 0.096 seconds
[2026-04-30T02:02:48.546+0000] {processor.py:161} INFO - Started process (PID=2050) to work on /opt/airflow/dags/dl_fin_ratio_v2.py
[2026-04-30T02:02:48.547+0000] {processor.py:830} INFO - Processing file /opt/airflow/dags/dl_fin_ratio_v2.py for tasks to queue
[2026-04-30T02:02:48.549+0000] {logging_mixin.py:188} INFO - [2026-04-30T02:02:48.549+0000] {dagbag.py:545} INFO - Filling up the DagBag from /opt/airflow/dags/dl_fin_ratio_v2.py
[2026-04-30T02:02:48.581+0000] {processor.py:840} INFO - DAG(s) 'fin_ratio_v2' retrieved from /opt/airflow/dags/dl_fin_ratio_v2.py
[2026-04-30T02:02:48.596+0000] {logging_mixin.py:188} INFO - [2026-04-30T02:02:48.595+0000] {dag.py:3089} INFO - Sync 1 DAGs
[2026-04-30T02:02:48.617+0000] {logging_mixin.py:188} INFO - [2026-04-30T02:02:48.617+0000] {dag.py:3947} INFO - Setting next_dagrun for fin_ratio_v2 to 2026-04-01 00:00:00+00:00, run_after=2026-05-01 00:00:00+00:00
[2026-04-30T02:02:48.633+0000] {processor.py:183} INFO - Processing /opt/airflow/dags/dl_fin_ratio_v2.py took 0.093 seconds
[2026-04-30T02:03:19.086+0000] {processor.py:161} INFO - Started process (PID=2075) to work on /opt/airflow/dags/dl_fin_ratio_v2.py
[2026-04-30T02:03:19.087+0000] {processor.py:830} INFO - Processing file /opt/airflow/dags/dl_fin_ratio_v2.py for tasks to queue
[2026-04-30T02:03:19.089+0000] {logging_mixin.py:188} INFO - [2026-04-30T02:03:19.088+0000] {dagbag.py:545} INFO - Filling up the DagBag from /opt/airflow/dags/dl_fin_ratio_v2.py
[2026-04-30T02:03:19.122+0000] {processor.py:840} INFO - DAG(s) 'fin_ratio_v2' retrieved from /opt/airflow/dags/dl_fin_ratio_v2.py
[2026-04-30T02:03:19.136+0000] {logging_mixin.py:188} INFO - [2026-04-30T02:03:19.135+0000] {dag.py:3089} INFO - Sync 1 DAGs
[2026-04-30T02:03:19.154+0000] {logging_mixin.py:188} INFO - [2026-04-30T02:03:19.153+0000] {dag.py:3947} INFO - Setting next_dagrun for fin_ratio_v2 to 2026-04-01 00:00:00+00:00, run_after=2026-05-01 00:00:00+00:00
[2026-04-30T02:03:19.171+0000] {processor.py:183} INFO - Processing /opt/airflow/dags/dl_fin_ratio_v2.py took 0.090 seconds
[2026-04-30T02:03:49.811+0000] {processor.py:161} INFO - Started process (PID=2100) to work on /opt/airflow/dags/dl_fin_ratio_v2.py
[2026-04-30T02:03:49.813+0000] {processor.py:830} INFO - Processing file /opt/airflow/dags/dl_fin_ratio_v2.py for tasks to queue
[2026-04-30T02:03:49.816+0000] {logging_mixin.py:188} INFO - [2026-04-30T02:03:49.815+0000] {dagbag.py:545} INFO - Filling up the DagBag from /opt/airflow/dags/dl_fin_ratio_v2.py
[2026-04-30T02:03:49.857+0000] {processor.py:840} INFO - DAG(s) 'fin_ratio_v2' retrieved from /opt/airflow/dags/dl_fin_ratio_v2.py
[2026-04-30T02:03:49.875+0000] {logging_mixin.py:188} INFO - [2026-04-30T02:03:49.874+0000] {dag.py:3089} INFO - Sync 1 DAGs
[2026-04-30T02:03:49.897+0000] {logging_mixin.py:188} INFO - [2026-04-30T02:03:49.897+0000] {dag.py:3947} INFO - Setting next_dagrun for fin_ratio_v2 to 2026-04-01 00:00:00+00:00, run_after=2026-05-01 00:00:00+00:00
[2026-04-30T02:03:49.914+0000] {processor.py:183} INFO - Processing /opt/airflow/dags/dl_fin_ratio_v2.py took 0.109 seconds
[2026-04-30T02:04:20.443+0000] {processor.py:161} INFO - Started process (PID=2125) to work on /opt/airflow/dags/dl_fin_ratio_v2.py
[2026-04-30T02:04:20.444+0000] {processor.py:830} INFO - Processing file /opt/airflow/dags/dl_fin_ratio_v2.py for tasks to queue
[2026-04-30T02:04:20.447+0000] {logging_mixin.py:188} INFO - [2026-04-30T02:04:20.447+0000] {dagbag.py:545} INFO - Filling up the DagBag from /opt/airflow/dags/dl_fin_ratio_v2.py
[2026-04-30T02:04:20.490+0000] {processor.py:840} INFO - DAG(s) 'fin_ratio_v2' retrieved from /opt/airflow/dags/dl_fin_ratio_v2.py
[2026-04-30T02:04:20.504+0000] {logging_mixin.py:188} INFO - [2026-04-30T02:04:20.504+0000] {dag.py:3089} INFO - Sync 1 DAGs
[2026-04-30T02:04:20.523+0000] {logging_mixin.py:188} INFO - [2026-04-30T02:04:20.523+0000] {dag.py:3947} INFO - Setting next_dagrun for fin_ratio_v2 to 2026-04-01 00:00:00+00:00, run_after=2026-05-01 00:00:00+00:00
[2026-04-30T02:04:20.543+0000] {processor.py:183} INFO - Processing /opt/airflow/dags/dl_fin_ratio_v2.py took 0.106 seconds
[2026-04-30T02:04:51.131+0000] {processor.py:161} INFO - Started process (PID=2156) to work on /opt/airflow/dags/dl_fin_ratio_v2.py
[2026-04-30T02:04:51.132+0000] {processor.py:830} INFO - Processing file /opt/airflow/dags/dl_fin_ratio_v2.py for tasks to queue
[2026-04-30T02:04:51.135+0000] {logging_mixin.py:188} INFO - [2026-04-30T02:04:51.134+0000] {dagbag.py:545} INFO - Filling up the DagBag from /opt/airflow/dags/dl_fin_ratio_v2.py
[2026-04-30T02:04:51.171+0000] {processor.py:840} INFO - DAG(s) 'fin_ratio_v2' retrieved from /opt/airflow/dags/dl_fin_ratio_v2.py
[2026-04-30T02:04:51.186+0000] {logging_mixin.py:188} INFO - [2026-04-30T02:04:51.186+0000] {dag.py:3089} INFO - Sync 1 DAGs
[2026-04-30T02:04:51.205+0000] {logging_mixin.py:188} INFO - [2026-04-30T02:04:51.205+0000] {dag.py:3947} INFO - Setting next_dagrun for fin_ratio_v2 to 2026-04-01 00:00:00+00:00, run_after=2026-05-01 00:00:00+00:00
[2026-04-30T02:04:51.224+0000] {processor.py:183} INFO - Processing /opt/airflow/dags/dl_fin_ratio_v2.py took 0.098 seconds
[2026-04-30T02:05:21.698+0000] {processor.py:161} INFO - Started process (PID=2181) to work on /opt/airflow/dags/dl_fin_ratio_v2.py
[2026-04-30T02:05:21.699+0000] {processor.py:830} INFO - Processing file /opt/airflow/dags/dl_fin_ratio_v2.py for tasks to queue
[2026-04-30T02:05:21.702+0000] {logging_mixin.py:188} INFO - [2026-04-30T02:05:21.702+0000] {dagbag.py:545} INFO - Filling up the DagBag from /opt/airflow/dags/dl_fin_ratio_v2.py
[2026-04-30T02:05:21.739+0000] {processor.py:840} INFO - DAG(s) 'fin_ratio_v2' retrieved from /opt/airflow/dags/dl_fin_ratio_v2.py
[2026-04-30T02:05:21.755+0000] {logging_mixin.py:188} INFO - [2026-04-30T02:05:21.755+0000] {dag.py:3089} INFO - Sync 1 DAGs
[2026-04-30T02:05:21.777+0000] {logging_mixin.py:188} INFO - [2026-04-30T02:05:21.777+0000] {dag.py:3947} INFO - Setting next_dagrun for fin_ratio_v2 to 2026-04-01 00:00:00+00:00, run_after=2026-05-01 00:00:00+00:00
[2026-04-30T02:05:21.796+0000] {processor.py:183} INFO - Processing /opt/airflow/dags/dl_fin_ratio_v2.py took 0.105 seconds
[2026-04-30T02:05:52.054+0000] {processor.py:161} INFO - Started process (PID=2206) to work on /opt/airflow/dags/dl_fin_ratio_v2.py
[2026-04-30T02:05:52.055+0000] {processor.py:830} INFO - Processing file /opt/airflow/dags/dl_fin_ratio_v2.py for tasks to queue
[2026-04-30T02:05:52.057+0000] {logging_mixin.py:188} INFO - [2026-04-30T02:05:52.057+0000] {dagbag.py:545} INFO - Filling up the DagBag from /opt/airflow/dags/dl_fin_ratio_v2.py
[2026-04-30T02:05:52.089+0000] {processor.py:840} INFO - DAG(s) 'fin_ratio_v2' retrieved from /opt/airflow/dags/dl_fin_ratio_v2.py
[2026-04-30T02:05:52.103+0000] {logging_mixin.py:188} INFO - [2026-04-30T02:05:52.102+0000] {dag.py:3089} INFO - Sync 1 DAGs
[2026-04-30T02:05:52.122+0000] {logging_mixin.py:188} INFO - [2026-04-30T02:05:52.122+0000] {dag.py:3947} INFO - Setting next_dagrun for fin_ratio_v2 to 2026-04-01 00:00:00+00:00, run_after=2026-05-01 00:00:00+00:00
[2026-04-30T02:05:52.142+0000] {processor.py:183} INFO - Processing /opt/airflow/dags/dl_fin_ratio_v2.py took 0.097 seconds
[2026-04-30T02:06:22.529+0000] {processor.py:161} INFO - Started process (PID=2232) to work on /opt/airflow/dags/dl_fin_ratio_v2.py
[2026-04-30T02:06:22.529+0000] {processor.py:830} INFO - Processing file /opt/airflow/dags/dl_fin_ratio_v2.py for tasks to queue
[2026-04-30T02:06:22.532+0000] {logging_mixin.py:188} INFO - [2026-04-30T02:06:22.531+0000] {dagbag.py:545} INFO - Filling up the DagBag from /opt/airflow/dags/dl_fin_ratio_v2.py
[2026-04-30T02:06:22.568+0000] {processor.py:840} INFO - DAG(s) 'fin_ratio_v2' retrieved from /opt/airflow/dags/dl_fin_ratio_v2.py
[2026-04-30T02:06:22.582+0000] {logging_mixin.py:188} INFO - [2026-04-30T02:06:22.582+0000] {dag.py:3089} INFO - Sync 1 DAGs
[2026-04-30T02:06:22.601+0000] {logging_mixin.py:188} INFO - [2026-04-30T02:06:22.601+0000] {dag.py:3947} INFO - Setting next_dagrun for fin_ratio_v2 to 2026-04-01 00:00:00+00:00, run_after=2026-05-01 00:00:00+00:00
[2026-04-30T02:06:22.618+0000] {processor.py:183} INFO - Processing /opt/airflow/dags/dl_fin_ratio_v2.py took 0.095 seconds
[2026-04-30T02:06:53.003+0000] {processor.py:161} INFO - Started process (PID=2257) to work on /opt/airflow/dags/dl_fin_ratio_v2.py
[2026-04-30T02:06:53.004+0000] {processor.py:830} INFO - Processing file /opt/airflow/dags/dl_fin_ratio_v2.py for tasks to queue
[2026-04-30T02:06:53.006+0000] {logging_mixin.py:188} INFO - [2026-04-30T02:06:53.006+0000] {dagbag.py:545} INFO - Filling up the DagBag from /opt/airflow/dags/dl_fin_ratio_v2.py
[2026-04-30T02:06:53.040+0000] {processor.py:840} INFO - DAG(s) 'fin_ratio_v2' retrieved from /opt/airflow/dags/dl_fin_ratio_v2.py
[2026-04-30T02:06:53.055+0000] {logging_mixin.py:188} INFO - [2026-04-30T02:06:53.054+0000] {dag.py:3089} INFO - Sync 1 DAGs
[2026-04-30T02:06:53.074+0000] {logging_mixin.py:188} INFO - [2026-04-30T02:06:53.073+0000] {dag.py:3947} INFO - Setting next_dagrun for fin_ratio_v2 to 2026-04-01 00:00:00+00:00, run_after=2026-05-01 00:00:00+00:00
[2026-04-30T02:06:53.090+0000] {processor.py:183} INFO - Processing /opt/airflow/dags/dl_fin_ratio_v2.py took 0.093 seconds
[2026-04-30T02:07:23.509+0000] {processor.py:161} INFO - Started process (PID=2282) to work on /opt/airflow/dags/dl_fin_ratio_v2.py
[2026-04-30T02:07:23.510+0000] {processor.py:830} INFO - Processing file /opt/airflow/dags/dl_fin_ratio_v2.py for tasks to queue
[2026-04-30T02:07:23.512+0000] {logging_mixin.py:188} INFO - [2026-04-30T02:07:23.512+0000] {dagbag.py:545} INFO - Filling up the DagBag from /opt/airflow/dags/dl_fin_ratio_v2.py
[2026-04-30T02:07:23.546+0000] {processor.py:840} INFO - DAG(s) 'fin_ratio_v2' retrieved from /opt/airflow/dags/dl_fin_ratio_v2.py
[2026-04-30T02:07:23.560+0000] {logging_mixin.py:188} INFO - [2026-04-30T02:07:23.560+0000] {dag.py:3089} INFO - Sync 1 DAGs
[2026-04-30T02:07:23.579+0000] {logging_mixin.py:188} INFO - [2026-04-30T02:07:23.579+0000] {dag.py:3947} INFO - Setting next_dagrun for fin_ratio_v2 to 2026-04-01 00:00:00+00:00, run_after=2026-05-01 00:00:00+00:00
[2026-04-30T02:07:23.596+0000] {processor.py:183} INFO - Processing /opt/airflow/dags/dl_fin_ratio_v2.py took 0.093 seconds
[2026-04-30T02:07:53.930+0000] {processor.py:161} INFO - Started process (PID=2307) to work on /opt/airflow/dags/dl_fin_ratio_v2.py
[2026-04-30T02:07:53.931+0000] {processor.py:830} INFO - Processing file /opt/airflow/dags/dl_fin_ratio_v2.py for tasks to queue
[2026-04-30T02:07:53.933+0000] {logging_mixin.py:188} INFO - [2026-04-30T02:07:53.933+0000] {dagbag.py:545} INFO - Filling up the DagBag from /opt/airflow/dags/dl_fin_ratio_v2.py
[2026-04-30T02:07:53.965+0000] {processor.py:840} INFO - DAG(s) 'fin_ratio_v2' retrieved from /opt/airflow/dags/dl_fin_ratio_v2.py
[2026-04-30T02:07:53.980+0000] {logging_mixin.py:188} INFO - [2026-04-30T02:07:53.980+0000] {dag.py:3089} INFO - Sync 1 DAGs
[2026-04-30T02:07:53.999+0000] {logging_mixin.py:188} INFO - [2026-04-30T02:07:53.999+0000] {dag.py:3947} INFO - Setting next_dagrun for fin_ratio_v2 to 2026-04-01 00:00:00+00:00, run_after=2026-05-01 00:00:00+00:00
[2026-04-30T02:07:54.017+0000] {processor.py:183} INFO - Processing /opt/airflow/dags/dl_fin_ratio_v2.py took 0.093 seconds
[2026-04-30T02:08:24.595+0000] {processor.py:161} INFO - Started process (PID=2332) to work on /opt/airflow/dags/dl_fin_ratio_v2.py
[2026-04-30T02:08:24.596+0000] {processor.py:830} INFO - Processing file /opt/airflow/dags/dl_fin_ratio_v2.py for tasks to queue
[2026-04-30T02:08:24.598+0000] {logging_mixin.py:188} INFO - [2026-04-30T02:08:24.597+0000] {dagbag.py:545} INFO - Filling up the DagBag from /opt/airflow/dags/dl_fin_ratio_v2.py
[2026-04-30T02:08:24.629+0000] {processor.py:840} INFO - DAG(s) 'fin_ratio_v2' retrieved from /opt/airflow/dags/dl_fin_ratio_v2.py
[2026-04-30T02:08:24.644+0000] {logging_mixin.py:188} INFO - [2026-04-30T02:08:24.643+0000] {dag.py:3089} INFO - Sync 1 DAGs
[2026-04-30T02:08:24.663+0000] {logging_mixin.py:188} INFO - [2026-04-30T02:08:24.663+0000] {dag.py:3947} INFO - Setting next_dagrun for fin_ratio_v2 to 2026-04-01 00:00:00+00:00, run_after=2026-05-01 00:00:00+00:00
[2026-04-30T02:08:24.678+0000] {processor.py:183} INFO - Processing /opt/airflow/dags/dl_fin_ratio_v2.py took 0.089 seconds
[2026-04-30T02:08:55.071+0000] {processor.py:161} INFO - Started process (PID=2357) to work on /opt/airflow/dags/dl_fin_ratio_v2.py
[2026-04-30T02:08:55.072+0000] {processor.py:830} INFO - Processing file /opt/airflow/dags/dl_fin_ratio_v2.py for tasks to queue
[2026-04-30T02:08:55.073+0000] {logging_mixin.py:188} INFO - [2026-04-30T02:08:55.073+0000] {dagbag.py:545} INFO - Filling up the DagBag from /opt/airflow/dags/dl_fin_ratio_v2.py
[2026-04-30T02:08:55.106+0000] {processor.py:840} INFO - DAG(s) 'fin_ratio_v2' retrieved from /opt/airflow/dags/dl_fin_ratio_v2.py
[2026-04-30T02:08:55.120+0000] {logging_mixin.py:188} INFO - [2026-04-30T02:08:55.120+0000] {dag.py:3089} INFO - Sync 1 DAGs
[2026-04-30T02:08:55.140+0000] {logging_mixin.py:188} INFO - [2026-04-30T02:08:55.139+0000] {dag.py:3947} INFO - Setting next_dagrun for fin_ratio_v2 to 2026-04-01 00:00:00+00:00, run_after=2026-05-01 00:00:00+00:00
[2026-04-30T02:08:55.155+0000] {processor.py:183} INFO - Processing /opt/airflow/dags/dl_fin_ratio_v2.py took 0.090 seconds
[2026-04-30T02:09:25.615+0000] {processor.py:161} INFO - Started process (PID=2382) to work on /opt/airflow/dags/dl_fin_ratio_v2.py
[2026-04-30T02:09:25.616+0000] {processor.py:830} INFO - Processing file /opt/airflow/dags/dl_fin_ratio_v2.py for tasks to queue
[2026-04-30T02:09:25.618+0000] {logging_mixin.py:188} INFO - [2026-04-30T02:09:25.618+0000] {dagbag.py:545} INFO - Filling up the DagBag from /opt/airflow/dags/dl_fin_ratio_v2.py
[2026-04-30T02:09:25.651+0000] {processor.py:840} INFO - DAG(s) 'fin_ratio_v2' retrieved from /opt/airflow/dags/dl_fin_ratio_v2.py
[2026-04-30T02:09:25.666+0000] {logging_mixin.py:188} INFO - [2026-04-30T02:09:25.666+0000] {dag.py:3089} INFO - Sync 1 DAGs
[2026-04-30T02:09:25.686+0000] {logging_mixin.py:188} INFO - [2026-04-30T02:09:25.686+0000] {dag.py:3947} INFO - Setting next_dagrun for fin_ratio_v2 to 2026-04-01 00:00:00+00:00, run_after=2026-05-01 00:00:00+00:00
[2026-04-30T02:09:25.701+0000] {processor.py:183} INFO - Processing /opt/airflow/dags/dl_fin_ratio_v2.py took 0.092 seconds
[2026-04-30T02:09:56.064+0000] {processor.py:161} INFO - Started process (PID=2407) to work on /opt/airflow/dags/dl_fin_ratio_v2.py
[2026-04-30T02:09:56.065+0000] {processor.py:830} INFO - Processing file /opt/airflow/dags/dl_fin_ratio_v2.py for tasks to queue
[2026-04-30T02:09:56.068+0000] {logging_mixin.py:188} INFO - [2026-04-30T02:09:56.068+0000] {dagbag.py:545} INFO - Filling up the DagBag from /opt/airflow/dags/dl_fin_ratio_v2.py
[2026-04-30T02:09:56.100+0000] {processor.py:840} INFO - DAG(s) 'fin_ratio_v2' retrieved from /opt/airflow/dags/dl_fin_ratio_v2.py
[2026-04-30T02:09:56.114+0000] {logging_mixin.py:188} INFO - [2026-04-30T02:09:56.114+0000] {dag.py:3089} INFO - Sync 1 DAGs
[2026-04-30T02:09:56.134+0000] {logging_mixin.py:188} INFO - [2026-04-30T02:09:56.134+0000] {dag.py:3947} INFO - Setting next_dagrun for fin_ratio_v2 to 2026-04-01 00:00:00+00:00, run_after=2026-05-01 00:00:00+00:00
[2026-04-30T02:09:56.150+0000] {processor.py:183} INFO - Processing /opt/airflow/dags/dl_fin_ratio_v2.py took 0.091 seconds
[2026-04-30T02:10:26.551+0000] {processor.py:161} INFO - Started process (PID=2432) to work on /opt/airflow/dags/dl_fin_ratio_v2.py
[2026-04-30T02:10:26.551+0000] {processor.py:830} INFO - Processing file /opt/airflow/dags/dl_fin_ratio_v2.py for tasks to queue
[2026-04-30T02:10:26.554+0000] {logging_mixin.py:188} INFO - [2026-04-30T02:10:26.553+0000] {dagbag.py:545} INFO - Filling up the DagBag from /opt/airflow/dags/dl_fin_ratio_v2.py
[2026-04-30T02:10:26.584+0000] {processor.py:840} INFO - DAG(s) 'fin_ratio_v2' retrieved from /opt/airflow/dags/dl_fin_ratio_v2.py
[2026-04-30T02:10:26.599+0000] {logging_mixin.py:188} INFO - [2026-04-30T02:10:26.598+0000] {dag.py:3089} INFO - Sync 1 DAGs
[2026-04-30T02:10:26.619+0000] {logging_mixin.py:188} INFO - [2026-04-30T02:10:26.619+0000] {dag.py:3947} INFO - Setting next_dagrun for fin_ratio_v2 to 2026-04-01 00:00:00+00:00, run_after=2026-05-01 00:00:00+00:00
[2026-04-30T02:10:26.638+0000] {processor.py:183} INFO - Processing /opt/airflow/dags/dl_fin_ratio_v2.py took 0.093 seconds
[2026-04-30T02:10:57.036+0000] {processor.py:161} INFO - Started process (PID=2457) to work on /opt/airflow/dags/dl_fin_ratio_v2.py
[2026-04-30T02:10:57.037+0000] {processor.py:830} INFO - Processing file /opt/airflow/dags/dl_fin_ratio_v2.py for tasks to queue
[2026-04-30T02:10:57.039+0000] {logging_mixin.py:188} INFO - [2026-04-30T02:10:57.039+0000] {dagbag.py:545} INFO - Filling up the DagBag from /opt/airflow/dags/dl_fin_ratio_v2.py
[2026-04-30T02:10:57.071+0000] {processor.py:840} INFO - DAG(s) 'fin_ratio_v2' retrieved from /opt/airflow/dags/dl_fin_ratio_v2.py
[2026-04-30T02:10:57.084+0000] {logging_mixin.py:188} INFO - [2026-04-30T02:10:57.084+0000] {dag.py:3089} INFO - Sync 1 DAGs
[2026-04-30T02:10:57.104+0000] {logging_mixin.py:188} INFO - [2026-04-30T02:10:57.103+0000] {dag.py:3947} INFO - Setting next_dagrun for fin_ratio_v2 to 2026-04-01 00:00:00+00:00, run_after=2026-05-01 00:00:00+00:00
[2026-04-30T02:10:57.124+0000] {processor.py:183} INFO - Processing /opt/airflow/dags/dl_fin_ratio_v2.py took 0.094 seconds
[2026-04-30T02:11:27.526+0000] {processor.py:161} INFO - Started process (PID=2482) to work on /opt/airflow/dags/dl_fin_ratio_v2.py
[2026-04-30T02:11:27.527+0000] {processor.py:830} INFO - Processing file /opt/airflow/dags/dl_fin_ratio_v2.py for tasks to queue
[2026-04-30T02:11:27.529+0000] {logging_mixin.py:188} INFO - [2026-04-30T02:11:27.529+0000] {dagbag.py:545} INFO - Filling up the DagBag from /opt/airflow/dags/dl_fin_ratio_v2.py
[2026-04-30T02:11:27.560+0000] {processor.py:840} INFO - DAG(s) 'fin_ratio_v2' retrieved from /opt/airflow/dags/dl_fin_ratio_v2.py
[2026-04-30T02:11:27.572+0000] {logging_mixin.py:188} INFO - [2026-04-30T02:11:27.572+0000] {dag.py:3089} INFO - Sync 1 DAGs
[2026-04-30T02:11:27.591+0000] {logging_mixin.py:188} INFO - [2026-04-30T02:11:27.591+0000] {dag.py:3947} INFO - Setting next_dagrun for fin_ratio_v2 to 2026-04-01 00:00:00+00:00, run_after=2026-05-01 00:00:00+00:00
[2026-04-30T02:11:27.612+0000] {processor.py:183} INFO - Processing /opt/airflow/dags/dl_fin_ratio_v2.py took 0.091 seconds
[2026-04-30T02:11:58.006+0000] {processor.py:161} INFO - Started process (PID=2508) to work on /opt/airflow/dags/dl_fin_ratio_v2.py
[2026-04-30T02:11:58.007+0000] {processor.py:830} INFO - Processing file /opt/airflow/dags/dl_fin_ratio_v2.py for tasks to queue
[2026-04-30T02:11:58.009+0000] {logging_mixin.py:188} INFO - [2026-04-30T02:11:58.008+0000] {dagbag.py:545} INFO - Filling up the DagBag from /opt/airflow/dags/dl_fin_ratio_v2.py
[2026-04-30T02:11:58.042+0000] {processor.py:840} INFO - DAG(s) 'fin_ratio_v2' retrieved from /opt/airflow/dags/dl_fin_ratio_v2.py
[2026-04-30T02:11:58.056+0000] {logging_mixin.py:188} INFO - [2026-04-30T02:11:58.056+0000] {dag.py:3089} INFO - Sync 1 DAGs
[2026-04-30T02:11:58.076+0000] {logging_mixin.py:188} INFO - [2026-04-30T02:11:58.076+0000] {dag.py:3947} INFO - Setting next_dagrun for fin_ratio_v2 to 2026-04-01 00:00:00+00:00, run_after=2026-05-01 00:00:00+00:00
[2026-04-30T02:11:58.092+0000] {processor.py:183} INFO - Processing /opt/airflow/dags/dl_fin_ratio_v2.py took 0.092 seconds
[2026-04-30T02:12:28.428+0000] {processor.py:161} INFO - Started process (PID=2533) to work on /opt/airflow/dags/dl_fin_ratio_v2.py
[2026-04-30T02:12:28.429+0000] {processor.py:830} INFO - Processing file /opt/airflow/dags/dl_fin_ratio_v2.py for tasks to queue
[2026-04-30T02:12:28.432+0000] {logging_mixin.py:188} INFO - [2026-04-30T02:12:28.432+0000] {dagbag.py:545} INFO - Filling up the DagBag from /opt/airflow/dags/dl_fin_ratio_v2.py
[2026-04-30T02:12:28.471+0000] {processor.py:840} INFO - DAG(s) 'fin_ratio_v2' retrieved from /opt/airflow/dags/dl_fin_ratio_v2.py
[2026-04-30T02:12:28.487+0000] {logging_mixin.py:188} INFO - [2026-04-30T02:12:28.487+0000] {dag.py:3089} INFO - Sync 1 DAGs
[2026-04-30T02:12:28.512+0000] {logging_mixin.py:188} INFO - [2026-04-30T02:12:28.512+0000] {dag.py:3947} INFO - Setting next_dagrun for fin_ratio_v2 to 2026-04-01 00:00:00+00:00, run_after=2026-05-01 00:00:00+00:00
[2026-04-30T02:12:28.530+0000] {processor.py:183} INFO - Processing /opt/airflow/dags/dl_fin_ratio_v2.py took 0.109 seconds
[2026-04-30T02:12:59.007+0000] {processor.py:161} INFO - Started process (PID=2558) to work on /opt/airflow/dags/dl_fin_ratio_v2.py
[2026-04-30T02:12:59.007+0000] {processor.py:830} INFO - Processing file /opt/airflow/dags/dl_fin_ratio_v2.py for tasks to queue
[2026-04-30T02:12:59.010+0000] {logging_mixin.py:188} INFO - [2026-04-30T02:12:59.009+0000] {dagbag.py:545} INFO - Filling up the DagBag from /opt/airflow/dags/dl_fin_ratio_v2.py
[2026-04-30T02:12:59.042+0000] {processor.py:840} INFO - DAG(s) 'fin_ratio_v2' retrieved from /opt/airflow/dags/dl_fin_ratio_v2.py
[2026-04-30T02:12:59.057+0000] {logging_mixin.py:188} INFO - [2026-04-30T02:12:59.056+0000] {dag.py:3089} INFO - Sync 1 DAGs
[2026-04-30T02:12:59.078+0000] {logging_mixin.py:188} INFO - [2026-04-30T02:12:59.077+0000] {dag.py:3947} INFO - Setting next_dagrun for fin_ratio_v2 to 2026-04-01 00:00:00+00:00, run_after=2026-05-01 00:00:00+00:00
[2026-04-30T02:12:59.093+0000] {processor.py:183} INFO - Processing /opt/airflow/dags/dl_fin_ratio_v2.py took 0.092 seconds
[2026-04-30T02:13:29.512+0000] {processor.py:161} INFO - Started process (PID=2584) to work on /opt/airflow/dags/dl_fin_ratio_v2.py
[2026-04-30T02:13:29.513+0000] {processor.py:830} INFO - Processing file /opt/airflow/dags/dl_fin_ratio_v2.py for tasks to queue
[2026-04-30T02:13:29.515+0000] {logging_mixin.py:188} INFO - [2026-04-30T02:13:29.515+0000] {dagbag.py:545} INFO - Filling up the DagBag from /opt/airflow/dags/dl_fin_ratio_v2.py
[2026-04-30T02:13:29.548+0000] {processor.py:840} INFO - DAG(s) 'fin_ratio_v2' retrieved from /opt/airflow/dags/dl_fin_ratio_v2.py
[2026-04-30T02:13:29.563+0000] {logging_mixin.py:188} INFO - [2026-04-30T02:13:29.563+0000] {dag.py:3089} INFO - Sync 1 DAGs
[2026-04-30T02:13:29.585+0000] {logging_mixin.py:188} INFO - [2026-04-30T02:13:29.585+0000] {dag.py:3947} INFO - Setting next_dagrun for fin_ratio_v2 to 2026-04-01 00:00:00+00:00, run_after=2026-05-01 00:00:00+00:00
[2026-04-30T02:13:29.602+0000] {processor.py:183} INFO - Processing /opt/airflow/dags/dl_fin_ratio_v2.py took 0.096 seconds
[2026-04-30T02:14:00.129+0000] {processor.py:161} INFO - Started process (PID=2609) to work on /opt/airflow/dags/dl_fin_ratio_v2.py
[2026-04-30T02:14:00.130+0000] {processor.py:830} INFO - Processing file /opt/airflow/dags/dl_fin_ratio_v2.py for tasks to queue
[2026-04-30T02:14:00.132+0000] {logging_mixin.py:188} INFO - [2026-04-30T02:14:00.132+0000] {dagbag.py:545} INFO - Filling up the DagBag from /opt/airflow/dags/dl_fin_ratio_v2.py
[2026-04-30T02:14:00.164+0000] {processor.py:840} INFO - DAG(s) 'fin_ratio_v2' retrieved from /opt/airflow/dags/dl_fin_ratio_v2.py
[2026-04-30T02:14:00.179+0000] {logging_mixin.py:188} INFO - [2026-04-30T02:14:00.179+0000] {dag.py:3089} INFO - Sync 1 DAGs
[2026-04-30T02:14:00.200+0000] {logging_mixin.py:188} INFO - [2026-04-30T02:14:00.200+0000] {dag.py:3947} INFO - Setting next_dagrun for fin_ratio_v2 to 2026-04-01 00:00:00+00:00, run_after=2026-05-01 00:00:00+00:00
[2026-04-30T02:14:00.219+0000] {processor.py:183} INFO - Processing /opt/airflow/dags/dl_fin_ratio_v2.py took 0.095 seconds
[2026-04-30T02:14:30.565+0000] {processor.py:161} INFO - Started process (PID=2634) to work on /opt/airflow/dags/dl_fin_ratio_v2.py
[2026-04-30T02:14:30.565+0000] {processor.py:830} INFO - Processing file /opt/airflow/dags/dl_fin_ratio_v2.py for tasks to queue
[2026-04-30T02:14:30.568+0000] {logging_mixin.py:188} INFO - [2026-04-30T02:14:30.567+0000] {dagbag.py:545} INFO - Filling up the DagBag from /opt/airflow/dags/dl_fin_ratio_v2.py
[2026-04-30T02:14:30.605+0000] {processor.py:840} INFO - DAG(s) 'fin_ratio_v2' retrieved from /opt/airflow/dags/dl_fin_ratio_v2.py
[2026-04-30T02:14:30.619+0000] {logging_mixin.py:188} INFO - [2026-04-30T02:14:30.619+0000] {dag.py:3089} INFO - Sync 1 DAGs
[2026-04-30T02:14:30.640+0000] {logging_mixin.py:188} INFO - [2026-04-30T02:14:30.640+0000] {dag.py:3947} INFO - Setting next_dagrun for fin_ratio_v2 to 2026-04-01 00:00:00+00:00, run_after=2026-05-01 00:00:00+00:00
[2026-04-30T02:14:30.658+0000] {processor.py:183} INFO - Processing /opt/airflow/dags/dl_fin_ratio_v2.py took 0.098 seconds
[2026-04-30T02:15:01.069+0000] {processor.py:161} INFO - Started process (PID=2659) to work on /opt/airflow/dags/dl_fin_ratio_v2.py
[2026-04-30T02:15:01.070+0000] {processor.py:830} INFO - Processing file /opt/airflow/dags/dl_fin_ratio_v2.py for tasks to queue
[2026-04-30T02:15:01.072+0000] {logging_mixin.py:188} INFO - [2026-04-30T02:15:01.072+0000] {dagbag.py:545} INFO - Filling up the DagBag from /opt/airflow/dags/dl_fin_ratio_v2.py
[2026-04-30T02:15:01.106+0000] {processor.py:840} INFO - DAG(s) 'fin_ratio_v2' retrieved from /opt/airflow/dags/dl_fin_ratio_v2.py
[2026-04-30T02:15:01.120+0000] {logging_mixin.py:188} INFO - [2026-04-30T02:15:01.120+0000] {dag.py:3089} INFO - Sync 1 DAGs
[2026-04-30T02:15:01.142+0000] {logging_mixin.py:188} INFO - [2026-04-30T02:15:01.142+0000] {dag.py:3947} INFO - Setting next_dagrun for fin_ratio_v2 to 2026-04-01 00:00:00+00:00, run_after=2026-05-01 00:00:00+00:00
[2026-04-30T02:15:01.158+0000] {processor.py:183} INFO - Processing /opt/airflow/dags/dl_fin_ratio_v2.py took 0.094 seconds
[2026-04-30T02:15:31.542+0000] {processor.py:161} INFO - Started process (PID=2684) to work on /opt/airflow/dags/dl_fin_ratio_v2.py
[2026-04-30T02:15:31.543+0000] {processor.py:830} INFO - Processing file /opt/airflow/dags/dl_fin_ratio_v2.py for tasks to queue
[2026-04-30T02:15:31.545+0000] {logging_mixin.py:188} INFO - [2026-04-30T02:15:31.545+0000] {dagbag.py:545} INFO - Filling up the DagBag from /opt/airflow/dags/dl_fin_ratio_v2.py
[2026-04-30T02:15:31.579+0000] {processor.py:840} INFO - DAG(s) 'fin_ratio_v2' retrieved from /opt/airflow/dags/dl_fin_ratio_v2.py
[2026-04-30T02:15:31.593+0000] {logging_mixin.py:188} INFO - [2026-04-30T02:15:31.593+0000] {dag.py:3089} INFO - Sync 1 DAGs
[2026-04-30T02:15:31.614+0000] {logging_mixin.py:188} INFO - [2026-04-30T02:15:31.614+0000] {dag.py:3947} INFO - Setting next_dagrun for fin_ratio_v2 to 2026-04-01 00:00:00+00:00, run_after=2026-05-01 00:00:00+00:00
[2026-04-30T02:15:31.630+0000] {processor.py:183} INFO - Processing /opt/airflow/dags/dl_fin_ratio_v2.py took 0.094 seconds
[2026-04-30T02:16:02.019+0000] {processor.py:161} INFO - Started process (PID=2709) to work on /opt/airflow/dags/dl_fin_ratio_v2.py
[2026-04-30T02:16:02.020+0000] {processor.py:830} INFO - Processing file /opt/airflow/dags/dl_fin_ratio_v2.py for tasks to queue
[2026-04-30T02:16:02.022+0000] {logging_mixin.py:188} INFO - [2026-04-30T02:16:02.022+0000] {dagbag.py:545} INFO - Filling up the DagBag from /opt/airflow/dags/dl_fin_ratio_v2.py
[2026-04-30T02:16:02.054+0000] {processor.py:840} INFO - DAG(s) 'fin_ratio_v2' retrieved from /opt/airflow/dags/dl_fin_ratio_v2.py
[2026-04-30T02:16:02.067+0000] {logging_mixin.py:188} INFO - [2026-04-30T02:16:02.066+0000] {dag.py:3089} INFO - Sync 1 DAGs
[2026-04-30T02:16:02.086+0000] {logging_mixin.py:188} INFO - [2026-04-30T02:16:02.086+0000] {dag.py:3947} INFO - Setting next_dagrun for fin_ratio_v2 to 2026-04-01 00:00:00+00:00, run_after=2026-05-01 00:00:00+00:00
[2026-04-30T02:16:02.108+0000] {processor.py:183} INFO - Processing /opt/airflow/dags/dl_fin_ratio_v2.py took 0.094 seconds
[2026-04-30T02:16:32.526+0000] {processor.py:161} INFO - Started process (PID=2734) to work on /opt/airflow/dags/dl_fin_ratio_v2.py
[2026-04-30T02:16:32.527+0000] {processor.py:830} INFO - Processing file /opt/airflow/dags/dl_fin_ratio_v2.py for tasks to queue
[2026-04-30T02:16:32.530+0000] {logging_mixin.py:188} INFO - [2026-04-30T02:16:32.529+0000] {dagbag.py:545} INFO - Filling up the DagBag from /opt/airflow/dags/dl_fin_ratio_v2.py
[2026-04-30T02:16:32.562+0000] {processor.py:840} INFO - DAG(s) 'fin_ratio_v2' retrieved from /opt/airflow/dags/dl_fin_ratio_v2.py
[2026-04-30T02:16:32.575+0000] {logging_mixin.py:188} INFO - [2026-04-30T02:16:32.575+0000] {dag.py:3089} INFO - Sync 1 DAGs
[2026-04-30T02:16:32.596+0000] {logging_mixin.py:188} INFO - [2026-04-30T02:16:32.596+0000] {dag.py:3947} INFO - Setting next_dagrun for fin_ratio_v2 to 2026-04-01 00:00:00+00:00, run_after=2026-05-01 00:00:00+00:00
[2026-04-30T02:16:32.615+0000] {processor.py:183} INFO - Processing /opt/airflow/dags/dl_fin_ratio_v2.py took 0.094 seconds
[2026-04-30T02:17:02.986+0000] {processor.py:161} INFO - Started process (PID=2759) to work on /opt/airflow/dags/dl_fin_ratio_v2.py
[2026-04-30T02:17:02.988+0000] {processor.py:830} INFO - Processing file /opt/airflow/dags/dl_fin_ratio_v2.py for tasks to queue
[2026-04-30T02:17:02.990+0000] {logging_mixin.py:188} INFO - [2026-04-30T02:17:02.990+0000] {dagbag.py:545} INFO - Filling up the DagBag from /opt/airflow/dags/dl_fin_ratio_v2.py
[2026-04-30T02:17:03.022+0000] {processor.py:840} INFO - DAG(s) 'fin_ratio_v2' retrieved from /opt/airflow/dags/dl_fin_ratio_v2.py
[2026-04-30T02:17:03.036+0000] {logging_mixin.py:188} INFO - [2026-04-30T02:17:03.036+0000] {dag.py:3089} INFO - Sync 1 DAGs
[2026-04-30T02:17:03.055+0000] {logging_mixin.py:188} INFO - [2026-04-30T02:17:03.055+0000] {dag.py:3947} INFO - Setting next_dagrun for fin_ratio_v2 to 2026-04-01 00:00:00+00:00, run_after=2026-05-01 00:00:00+00:00
[2026-04-30T02:17:03.076+0000] {processor.py:183} INFO - Processing /opt/airflow/dags/dl_fin_ratio_v2.py took 0.095 seconds
[2026-04-30T02:17:33.551+0000] {processor.py:161} INFO - Started process (PID=2784) to work on /opt/airflow/dags/dl_fin_ratio_v2.py
[2026-04-30T02:17:33.552+0000] {processor.py:830} INFO - Processing file /opt/airflow/dags/dl_fin_ratio_v2.py for tasks to queue
[2026-04-30T02:17:33.554+0000] {logging_mixin.py:188} INFO - [2026-04-30T02:17:33.554+0000] {dagbag.py:545} INFO - Filling up the DagBag from /opt/airflow/dags/dl_fin_ratio_v2.py
[2026-04-30T02:17:33.586+0000] {processor.py:840} INFO - DAG(s) 'fin_ratio_v2' retrieved from /opt/airflow/dags/dl_fin_ratio_v2.py
[2026-04-30T02:17:33.601+0000] {logging_mixin.py:188} INFO - [2026-04-30T02:17:33.600+0000] {dag.py:3089} INFO - Sync 1 DAGs
[2026-04-30T02:17:33.620+0000] {logging_mixin.py:188} INFO - [2026-04-30T02:17:33.620+0000] {dag.py:3947} INFO - Setting next_dagrun for fin_ratio_v2 to 2026-04-01 00:00:00+00:00, run_after=2026-05-01 00:00:00+00:00
[2026-04-30T02:17:33.635+0000] {processor.py:183} INFO - Processing /opt/airflow/dags/dl_fin_ratio_v2.py took 0.089 seconds
[2026-04-30T02:18:04.015+0000] {processor.py:161} INFO - Started process (PID=2810) to work on /opt/airflow/dags/dl_fin_ratio_v2.py
[2026-04-30T02:18:04.016+0000] {processor.py:830} INFO - Processing file /opt/airflow/dags/dl_fin_ratio_v2.py for tasks to queue
[2026-04-30T02:18:04.018+0000] {logging_mixin.py:188} INFO - [2026-04-30T02:18:04.018+0000] {dagbag.py:545} INFO - Filling up the DagBag from /opt/airflow/dags/dl_fin_ratio_v2.py
[2026-04-30T02:18:04.049+0000] {processor.py:840} INFO - DAG(s) 'fin_ratio_v2' retrieved from /opt/airflow/dags/dl_fin_ratio_v2.py
[2026-04-30T02:18:04.063+0000] {logging_mixin.py:188} INFO - [2026-04-30T02:18:04.063+0000] {dag.py:3089} INFO - Sync 1 DAGs
[2026-04-30T02:18:04.083+0000] {logging_mixin.py:188} INFO - [2026-04-30T02:18:04.083+0000] {dag.py:3947} INFO - Setting next_dagrun for fin_ratio_v2 to 2026-04-01 00:00:00+00:00, run_after=2026-05-01 00:00:00+00:00
[2026-04-30T02:18:04.102+0000] {processor.py:183} INFO - Processing /opt/airflow/dags/dl_fin_ratio_v2.py took 0.093 seconds
[2026-04-30T02:18:34.811+0000] {processor.py:161} INFO - Started process (PID=2835) to work on /opt/airflow/dags/dl_fin_ratio_v2.py
[2026-04-30T02:18:34.812+0000] {processor.py:830} INFO - Processing file /opt/airflow/dags/dl_fin_ratio_v2.py for tasks to queue
[2026-04-30T02:18:34.814+0000] {logging_mixin.py:188} INFO - [2026-04-30T02:18:34.814+0000] {dagbag.py:545} INFO - Filling up the DagBag from /opt/airflow/dags/dl_fin_ratio_v2.py
[2026-04-30T02:18:34.847+0000] {processor.py:840} INFO - DAG(s) 'fin_ratio_v2' retrieved from /opt/airflow/dags/dl_fin_ratio_v2.py
[2026-04-30T02:18:34.861+0000] {logging_mixin.py:188} INFO - [2026-04-30T02:18:34.860+0000] {dag.py:3089} INFO - Sync 1 DAGs
[2026-04-30T02:18:34.880+0000] {logging_mixin.py:188} INFO - [2026-04-30T02:18:34.879+0000] {dag.py:3947} INFO - Setting next_dagrun for fin_ratio_v2 to 2026-04-01 00:00:00+00:00, run_after=2026-05-01 00:00:00+00:00
[2026-04-30T02:18:34.897+0000] {processor.py:183} INFO - Processing /opt/airflow/dags/dl_fin_ratio_v2.py took 0.091 seconds
[2026-04-30T02:19:05.242+0000] {processor.py:161} INFO - Started process (PID=2860) to work on /opt/airflow/dags/dl_fin_ratio_v2.py
[2026-04-30T02:19:05.244+0000] {processor.py:830} INFO - Processing file /opt/airflow/dags/dl_fin_ratio_v2.py for tasks to queue
[2026-04-30T02:19:05.246+0000] {logging_mixin.py:188} INFO - [2026-04-30T02:19:05.246+0000] {dagbag.py:545} INFO - Filling up the DagBag from /opt/airflow/dags/dl_fin_ratio_v2.py
[2026-04-30T02:19:05.283+0000] {processor.py:840} INFO - DAG(s) 'fin_ratio_v2' retrieved from /opt/airflow/dags/dl_fin_ratio_v2.py
[2026-04-30T02:19:05.300+0000] {logging_mixin.py:188} INFO - [2026-04-30T02:19:05.300+0000] {dag.py:3089} INFO - Sync 1 DAGs
[2026-04-30T02:19:05.323+0000] {logging_mixin.py:188} INFO - [2026-04-30T02:19:05.323+0000] {dag.py:3947} INFO - Setting next_dagrun for fin_ratio_v2 to 2026-04-01 00:00:00+00:00, run_after=2026-05-01 00:00:00+00:00
[2026-04-30T02:19:05.346+0000] {processor.py:183} INFO - Processing /opt/airflow/dags/dl_fin_ratio_v2.py took 0.110 seconds
[2026-04-30T02:19:35.840+0000] {processor.py:161} INFO - Started process (PID=2885) to work on /opt/airflow/dags/dl_fin_ratio_v2.py
[2026-04-30T02:19:35.841+0000] {processor.py:830} INFO - Processing file /opt/airflow/dags/dl_fin_ratio_v2.py for tasks to queue
[2026-04-30T02:19:35.843+0000] {logging_mixin.py:188} INFO - [2026-04-30T02:19:35.843+0000] {dagbag.py:545} INFO - Filling up the DagBag from /opt/airflow/dags/dl_fin_ratio_v2.py
[2026-04-30T02:19:35.878+0000] {processor.py:840} INFO - DAG(s) 'fin_ratio_v2' retrieved from /opt/airflow/dags/dl_fin_ratio_v2.py
[2026-04-30T02:19:35.893+0000] {logging_mixin.py:188} INFO - [2026-04-30T02:19:35.893+0000] {dag.py:3089} INFO - Sync 1 DAGs
[2026-04-30T02:19:35.916+0000] {logging_mixin.py:188} INFO - [2026-04-30T02:19:35.916+0000] {dag.py:3947} INFO - Setting next_dagrun for fin_ratio_v2 to 2026-04-01 00:00:00+00:00, run_after=2026-05-01 00:00:00+00:00
[2026-04-30T02:19:35.934+0000] {processor.py:183} INFO - Processing /opt/airflow/dags/dl_fin_ratio_v2.py took 0.101 seconds
[2026-04-30T02:20:06.346+0000] {processor.py:161} INFO - Started process (PID=2911) to work on /opt/airflow/dags/dl_fin_ratio_v2.py
[2026-04-30T02:20:06.346+0000] {processor.py:830} INFO - Processing file /opt/airflow/dags/dl_fin_ratio_v2.py for tasks to queue
[2026-04-30T02:20:06.349+0000] {logging_mixin.py:188} INFO - [2026-04-30T02:20:06.348+0000] {dagbag.py:545} INFO - Filling up the DagBag from /opt/airflow/dags/dl_fin_ratio_v2.py
[2026-04-30T02:20:06.385+0000] {processor.py:840} INFO - DAG(s) 'fin_ratio_v2' retrieved from /opt/airflow/dags/dl_fin_ratio_v2.py
[2026-04-30T02:20:06.399+0000] {logging_mixin.py:188} INFO - [2026-04-30T02:20:06.399+0000] {dag.py:3089} INFO - Sync 1 DAGs
[2026-04-30T02:20:06.420+0000] {logging_mixin.py:188} INFO - [2026-04-30T02:20:06.420+0000] {dag.py:3947} INFO - Setting next_dagrun for fin_ratio_v2 to 2026-04-01 00:00:00+00:00, run_after=2026-05-01 00:00:00+00:00
[2026-04-30T02:20:06.438+0000] {processor.py:183} INFO - Processing /opt/airflow/dags/dl_fin_ratio_v2.py took 0.098 seconds
[2026-04-30T02:20:36.822+0000] {processor.py:161} INFO - Started process (PID=2936) to work on /opt/airflow/dags/dl_fin_ratio_v2.py
[2026-04-30T02:20:36.823+0000] {processor.py:830} INFO - Processing file /opt/airflow/dags/dl_fin_ratio_v2.py for tasks to queue
[2026-04-30T02:20:36.826+0000] {logging_mixin.py:188} INFO - [2026-04-30T02:20:36.825+0000] {dagbag.py:545} INFO - Filling up the DagBag from /opt/airflow/dags/dl_fin_ratio_v2.py
[2026-04-30T02:20:36.858+0000] {processor.py:840} INFO - DAG(s) 'fin_ratio_v2' retrieved from /opt/airflow/dags/dl_fin_ratio_v2.py
[2026-04-30T02:20:36.873+0000] {logging_mixin.py:188} INFO - [2026-04-30T02:20:36.873+0000] {dag.py:3089} INFO - Sync 1 DAGs
[2026-04-30T02:20:36.893+0000] {logging_mixin.py:188} INFO - [2026-04-30T02:20:36.892+0000] {dag.py:3947} INFO - Setting next_dagrun for fin_ratio_v2 to 2026-04-01 00:00:00+00:00, run_after=2026-05-01 00:00:00+00:00
[2026-04-30T02:20:36.915+0000] {processor.py:183} INFO - Processing /opt/airflow/dags/dl_fin_ratio_v2.py took 0.099 seconds
[2026-04-30T02:21:07.335+0000] {processor.py:161} INFO - Started process (PID=2961) to work on /opt/airflow/dags/dl_fin_ratio_v2.py
[2026-04-30T02:21:07.335+0000] {processor.py:830} INFO - Processing file /opt/airflow/dags/dl_fin_ratio_v2.py for tasks to queue
[2026-04-30T02:21:07.338+0000] {logging_mixin.py:188} INFO - [2026-04-30T02:21:07.337+0000] {dagbag.py:545} INFO - Filling up the DagBag from /opt/airflow/dags/dl_fin_ratio_v2.py
[2026-04-30T02:21:07.372+0000] {processor.py:840} INFO - DAG(s) 'fin_ratio_v2' retrieved from /opt/airflow/dags/dl_fin_ratio_v2.py
[2026-04-30T02:21:07.388+0000] {logging_mixin.py:188} INFO - [2026-04-30T02:21:07.387+0000] {dag.py:3089} INFO - Sync 1 DAGs
[2026-04-30T02:21:07.407+0000] {logging_mixin.py:188} INFO - [2026-04-30T02:21:07.407+0000] {dag.py:3947} INFO - Setting next_dagrun for fin_ratio_v2 to 2026-04-01 00:00:00+00:00, run_after=2026-05-01 00:00:00+00:00
[2026-04-30T02:21:07.423+0000] {processor.py:183} INFO - Processing /opt/airflow/dags/dl_fin_ratio_v2.py took 0.095 seconds
[2026-04-30T02:21:37.843+0000] {processor.py:161} INFO - Started process (PID=2986) to work on /opt/airflow/dags/dl_fin_ratio_v2.py
[2026-04-30T02:21:37.844+0000] {processor.py:830} INFO - Processing file /opt/airflow/dags/dl_fin_ratio_v2.py for tasks to queue
[2026-04-30T02:21:37.847+0000] {logging_mixin.py:188} INFO - [2026-04-30T02:21:37.847+0000] {dagbag.py:545} INFO - Filling up the DagBag from /opt/airflow/dags/dl_fin_ratio_v2.py
[2026-04-30T02:21:37.890+0000] {processor.py:840} INFO - DAG(s) 'fin_ratio_v2' retrieved from /opt/airflow/dags/dl_fin_ratio_v2.py
[2026-04-30T02:21:37.904+0000] {logging_mixin.py:188} INFO - [2026-04-30T02:21:37.904+0000] {dag.py:3089} INFO - Sync 1 DAGs
[2026-04-30T02:21:37.925+0000] {logging_mixin.py:188} INFO - [2026-04-30T02:21:37.925+0000] {dag.py:3947} INFO - Setting next_dagrun for fin_ratio_v2 to 2026-04-01 00:00:00+00:00, run_after=2026-05-01 00:00:00+00:00
[2026-04-30T02:21:37.949+0000] {processor.py:183} INFO - Processing /opt/airflow/dags/dl_fin_ratio_v2.py took 0.113 seconds
[2026-04-30T02:22:08.365+0000] {processor.py:161} INFO - Started process (PID=3011) to work on /opt/airflow/dags/dl_fin_ratio_v2.py
[2026-04-30T02:22:08.366+0000] {processor.py:830} INFO - Processing file /opt/airflow/dags/dl_fin_ratio_v2.py for tasks to queue
[2026-04-30T02:22:08.368+0000] {logging_mixin.py:188} INFO - [2026-04-30T02:22:08.368+0000] {dagbag.py:545} INFO - Filling up the DagBag from /opt/airflow/dags/dl_fin_ratio_v2.py
[2026-04-30T02:22:08.400+0000] {processor.py:840} INFO - DAG(s) 'fin_ratio_v2' retrieved from /opt/airflow/dags/dl_fin_ratio_v2.py
[2026-04-30T02:22:08.413+0000] {logging_mixin.py:188} INFO - [2026-04-30T02:22:08.413+0000] {dag.py:3089} INFO - Sync 1 DAGs
[2026-04-30T02:22:08.433+0000] {logging_mixin.py:188} INFO - [2026-04-30T02:22:08.433+0000] {dag.py:3947} INFO - Setting next_dagrun for fin_ratio_v2 to 2026-04-01 00:00:00+00:00, run_after=2026-05-01 00:00:00+00:00
[2026-04-30T02:22:08.448+0000] {processor.py:183} INFO - Processing /opt/airflow/dags/dl_fin_ratio_v2.py took 0.089 seconds
[2026-04-30T02:22:38.881+0000] {processor.py:161} INFO - Started process (PID=3036) to work on /opt/airflow/dags/dl_fin_ratio_v2.py
[2026-04-30T02:22:38.882+0000] {processor.py:830} INFO - Processing file /opt/airflow/dags/dl_fin_ratio_v2.py for tasks to queue
[2026-04-30T02:22:38.884+0000] {logging_mixin.py:188} INFO - [2026-04-30T02:22:38.883+0000] {dagbag.py:545} INFO - Filling up the DagBag from /opt/airflow/dags/dl_fin_ratio_v2.py
[2026-04-30T02:22:38.916+0000] {processor.py:840} INFO - DAG(s) 'fin_ratio_v2' retrieved from /opt/airflow/dags/dl_fin_ratio_v2.py
[2026-04-30T02:22:38.930+0000] {logging_mixin.py:188} INFO - [2026-04-30T02:22:38.930+0000] {dag.py:3089} INFO - Sync 1 DAGs
[2026-04-30T02:22:38.950+0000] {logging_mixin.py:188} INFO - [2026-04-30T02:22:38.950+0000] {dag.py:3947} INFO - Setting next_dagrun for fin_ratio_v2 to 2026-04-01 00:00:00+00:00, run_after=2026-05-01 00:00:00+00:00
[2026-04-30T02:22:38.967+0000] {processor.py:183} INFO - Processing /opt/airflow/dags/dl_fin_ratio_v2.py took 0.092 seconds
[2026-04-30T02:23:09.373+0000] {processor.py:161} INFO - Started process (PID=3061) to work on /opt/airflow/dags/dl_fin_ratio_v2.py
[2026-04-30T02:23:09.374+0000] {processor.py:830} INFO - Processing file /opt/airflow/dags/dl_fin_ratio_v2.py for tasks to queue
[2026-04-30T02:23:09.376+0000] {logging_mixin.py:188} INFO - [2026-04-30T02:23:09.376+0000] {dagbag.py:545} INFO - Filling up the DagBag from /opt/airflow/dags/dl_fin_ratio_v2.py
[2026-04-30T02:23:09.411+0000] {processor.py:840} INFO - DAG(s) 'fin_ratio_v2' retrieved from /opt/airflow/dags/dl_fin_ratio_v2.py
[2026-04-30T02:23:09.426+0000] {logging_mixin.py:188} INFO - [2026-04-30T02:23:09.425+0000] {dag.py:3089} INFO - Sync 1 DAGs
[2026-04-30T02:23:09.444+0000] {logging_mixin.py:188} INFO - [2026-04-30T02:23:09.444+0000] {dag.py:3947} INFO - Setting next_dagrun for fin_ratio_v2 to 2026-04-01 00:00:00+00:00, run_after=2026-05-01 00:00:00+00:00
[2026-04-30T02:23:09.460+0000] {processor.py:183} INFO - Processing /opt/airflow/dags/dl_fin_ratio_v2.py took 0.093 seconds
[2026-04-30T02:23:40.137+0000] {processor.py:161} INFO - Started process (PID=3086) to work on /opt/airflow/dags/dl_fin_ratio_v2.py
[2026-04-30T02:23:40.138+0000] {processor.py:830} INFO - Processing file /opt/airflow/dags/dl_fin_ratio_v2.py for tasks to queue
[2026-04-30T02:23:40.141+0000] {logging_mixin.py:188} INFO - [2026-04-30T02:23:40.140+0000] {dagbag.py:545} INFO - Filling up the DagBag from /opt/airflow/dags/dl_fin_ratio_v2.py
[2026-04-30T02:23:40.173+0000] {processor.py:840} INFO - DAG(s) 'fin_ratio_v2' retrieved from /opt/airflow/dags/dl_fin_ratio_v2.py
[2026-04-30T02:23:40.188+0000] {logging_mixin.py:188} INFO - [2026-04-30T02:23:40.187+0000] {dag.py:3089} INFO - Sync 1 DAGs
[2026-04-30T02:23:40.208+0000] {logging_mixin.py:188} INFO - [2026-04-30T02:23:40.208+0000] {dag.py:3947} INFO - Setting next_dagrun for fin_ratio_v2 to 2026-04-01 00:00:00+00:00, run_after=2026-05-01 00:00:00+00:00
[2026-04-30T02:23:40.225+0000] {processor.py:183} INFO - Processing /opt/airflow/dags/dl_fin_ratio_v2.py took 0.093 seconds
[2026-04-30T02:24:10.682+0000] {processor.py:161} INFO - Started process (PID=3112) to work on /opt/airflow/dags/dl_fin_ratio_v2.py
[2026-04-30T02:24:10.683+0000] {processor.py:830} INFO - Processing file /opt/airflow/dags/dl_fin_ratio_v2.py for tasks to queue
[2026-04-30T02:24:10.685+0000] {logging_mixin.py:188} INFO - [2026-04-30T02:24:10.685+0000] {dagbag.py:545} INFO - Filling up the DagBag from /opt/airflow/dags/dl_fin_ratio_v2.py
[2026-04-30T02:24:10.720+0000] {processor.py:840} INFO - DAG(s) 'fin_ratio_v2' retrieved from /opt/airflow/dags/dl_fin_ratio_v2.py
[2026-04-30T02:24:10.734+0000] {logging_mixin.py:188} INFO - [2026-04-30T02:24:10.734+0000] {dag.py:3089} INFO - Sync 1 DAGs
[2026-04-30T02:24:10.754+0000] {logging_mixin.py:188} INFO - [2026-04-30T02:24:10.754+0000] {dag.py:3947} INFO - Setting next_dagrun for fin_ratio_v2 to 2026-04-01 00:00:00+00:00, run_after=2026-05-01 00:00:00+00:00
[2026-04-30T02:24:10.769+0000] {processor.py:183} INFO - Processing /opt/airflow/dags/dl_fin_ratio_v2.py took 0.091 seconds
[2026-04-30T02:24:41.170+0000] {processor.py:161} INFO - Started process (PID=3137) to work on /opt/airflow/dags/dl_fin_ratio_v2.py
[2026-04-30T02:24:41.171+0000] {processor.py:830} INFO - Processing file /opt/airflow/dags/dl_fin_ratio_v2.py for tasks to queue
[2026-04-30T02:24:41.173+0000] {logging_mixin.py:188} INFO - [2026-04-30T02:24:41.173+0000] {dagbag.py:545} INFO - Filling up the DagBag from /opt/airflow/dags/dl_fin_ratio_v2.py
[2026-04-30T02:24:41.208+0000] {processor.py:840} INFO - DAG(s) 'fin_ratio_v2' retrieved from /opt/airflow/dags/dl_fin_ratio_v2.py
[2026-04-30T02:24:41.225+0000] {logging_mixin.py:188} INFO - [2026-04-30T02:24:41.225+0000] {dag.py:3089} INFO - Sync 1 DAGs
[2026-04-30T02:24:41.249+0000] {logging_mixin.py:188} INFO - [2026-04-30T02:24:41.248+0000] {dag.py:3947} INFO - Setting next_dagrun for fin_ratio_v2 to 2026-04-01 00:00:00+00:00, run_after=2026-05-01 00:00:00+00:00
[2026-04-30T02:24:41.271+0000] {processor.py:183} INFO - Processing /opt/airflow/dags/dl_fin_ratio_v2.py took 0.108 seconds
[2026-04-30T02:25:11.678+0000] {processor.py:161} INFO - Started process (PID=3162) to work on /opt/airflow/dags/dl_fin_ratio_v2.py
[2026-04-30T02:25:11.679+0000] {processor.py:830} INFO - Processing file /opt/airflow/dags/dl_fin_ratio_v2.py for tasks to queue
[2026-04-30T02:25:11.683+0000] {logging_mixin.py:188} INFO - [2026-04-30T02:25:11.682+0000] {dagbag.py:545} INFO - Filling up the DagBag from /opt/airflow/dags/dl_fin_ratio_v2.py
[2026-04-30T02:25:11.725+0000] {processor.py:840} INFO - DAG(s) 'fin_ratio_v2' retrieved from /opt/airflow/dags/dl_fin_ratio_v2.py
[2026-04-30T02:25:11.740+0000] {logging_mixin.py:188} INFO - [2026-04-30T02:25:11.740+0000] {dag.py:3089} INFO - Sync 1 DAGs
[2026-04-30T02:25:11.761+0000] {logging_mixin.py:188} INFO - [2026-04-30T02:25:11.761+0000] {dag.py:3947} INFO - Setting next_dagrun for fin_ratio_v2 to 2026-04-01 00:00:00+00:00, run_after=2026-05-01 00:00:00+00:00
[2026-04-30T02:25:11.782+0000] {processor.py:183} INFO - Processing /opt/airflow/dags/dl_fin_ratio_v2.py took 0.111 seconds
[2026-04-30T02:25:42.206+0000] {processor.py:161} INFO - Started process (PID=3187) to work on /opt/airflow/dags/dl_fin_ratio_v2.py
[2026-04-30T02:25:42.207+0000] {processor.py:830} INFO - Processing file /opt/airflow/dags/dl_fin_ratio_v2.py for tasks to queue
[2026-04-30T02:25:42.209+0000] {logging_mixin.py:188} INFO - [2026-04-30T02:25:42.209+0000] {dagbag.py:545} INFO - Filling up the DagBag from /opt/airflow/dags/dl_fin_ratio_v2.py
[2026-04-30T02:25:42.243+0000] {processor.py:840} INFO - DAG(s) 'fin_ratio_v2' retrieved from /opt/airflow/dags/dl_fin_ratio_v2.py
[2026-04-30T02:25:42.256+0000] {logging_mixin.py:188} INFO - [2026-04-30T02:25:42.256+0000] {dag.py:3089} INFO - Sync 1 DAGs
[2026-04-30T02:25:42.275+0000] {logging_mixin.py:188} INFO - [2026-04-30T02:25:42.275+0000] {dag.py:3947} INFO - Setting next_dagrun for fin_ratio_v2 to 2026-04-01 00:00:00+00:00, run_after=2026-05-01 00:00:00+00:00
[2026-04-30T02:25:42.292+0000] {processor.py:183} INFO - Processing /opt/airflow/dags/dl_fin_ratio_v2.py took 0.091 seconds
[2026-04-30T02:26:12.602+0000] {processor.py:161} INFO - Started process (PID=3212) to work on /opt/airflow/dags/dl_fin_ratio_v2.py
[2026-04-30T02:26:12.603+0000] {processor.py:830} INFO - Processing file /opt/airflow/dags/dl_fin_ratio_v2.py for tasks to queue
[2026-04-30T02:26:12.605+0000] {logging_mixin.py:188} INFO - [2026-04-30T02:26:12.605+0000] {dagbag.py:545} INFO - Filling up the DagBag from /opt/airflow/dags/dl_fin_ratio_v2.py
[2026-04-30T02:26:12.643+0000] {processor.py:840} INFO - DAG(s) 'fin_ratio_v2' retrieved from /opt/airflow/dags/dl_fin_ratio_v2.py
[2026-04-30T02:26:12.658+0000] {logging_mixin.py:188} INFO - [2026-04-30T02:26:12.658+0000] {dag.py:3089} INFO - Sync 1 DAGs
[2026-04-30T02:26:12.679+0000] {logging_mixin.py:188} INFO - [2026-04-30T02:26:12.679+0000] {dag.py:3947} INFO - Setting next_dagrun for fin_ratio_v2 to 2026-04-01 00:00:00+00:00, run_after=2026-05-01 00:00:00+00:00
[2026-04-30T02:26:12.694+0000] {processor.py:183} INFO - Processing /opt/airflow/dags/dl_fin_ratio_v2.py took 0.098 seconds
[2026-04-30T02:26:43.287+0000] {processor.py:161} INFO - Started process (PID=3237) to work on /opt/airflow/dags/dl_fin_ratio_v2.py
[2026-04-30T02:26:43.288+0000] {processor.py:830} INFO - Processing file /opt/airflow/dags/dl_fin_ratio_v2.py for tasks to queue
[2026-04-30T02:26:43.290+0000] {logging_mixin.py:188} INFO - [2026-04-30T02:26:43.290+0000] {dagbag.py:545} INFO - Filling up the DagBag from /opt/airflow/dags/dl_fin_ratio_v2.py
[2026-04-30T02:26:43.321+0000] {processor.py:840} INFO - DAG(s) 'fin_ratio_v2' retrieved from /opt/airflow/dags/dl_fin_ratio_v2.py
[2026-04-30T02:26:43.333+0000] {logging_mixin.py:188} INFO - [2026-04-30T02:26:43.333+0000] {dag.py:3089} INFO - Sync 1 DAGs
[2026-04-30T02:26:43.352+0000] {logging_mixin.py:188} INFO - [2026-04-30T02:26:43.352+0000] {dag.py:3947} INFO - Setting next_dagrun for fin_ratio_v2 to 2026-04-01 00:00:00+00:00, run_after=2026-05-01 00:00:00+00:00
[2026-04-30T02:26:43.375+0000] {processor.py:183} INFO - Processing /opt/airflow/dags/dl_fin_ratio_v2.py took 0.093 seconds
[2026-04-30T02:27:13.726+0000] {processor.py:161} INFO - Started process (PID=3262) to work on /opt/airflow/dags/dl_fin_ratio_v2.py
[2026-04-30T02:27:13.727+0000] {processor.py:830} INFO - Processing file /opt/airflow/dags/dl_fin_ratio_v2.py for tasks to queue
[2026-04-30T02:27:13.730+0000] {logging_mixin.py:188} INFO - [2026-04-30T02:27:13.729+0000] {dagbag.py:545} INFO - Filling up the DagBag from /opt/airflow/dags/dl_fin_ratio_v2.py
[2026-04-30T02:27:13.763+0000] {processor.py:840} INFO - DAG(s) 'fin_ratio_v2' retrieved from /opt/airflow/dags/dl_fin_ratio_v2.py
[2026-04-30T02:27:13.778+0000] {logging_mixin.py:188} INFO - [2026-04-30T02:27:13.778+0000] {dag.py:3089} INFO - Sync 1 DAGs
[2026-04-30T02:27:13.799+0000] {logging_mixin.py:188} INFO - [2026-04-30T02:27:13.799+0000] {dag.py:3947} INFO - Setting next_dagrun for fin_ratio_v2 to 2026-04-01 00:00:00+00:00, run_after=2026-05-01 00:00:00+00:00
[2026-04-30T02:27:13.819+0000] {processor.py:183} INFO - Processing /opt/airflow/dags/dl_fin_ratio_v2.py took 0.099 seconds
[2026-04-30T02:27:44.300+0000] {processor.py:161} INFO - Started process (PID=3287) to work on /opt/airflow/dags/dl_fin_ratio_v2.py
[2026-04-30T02:27:44.301+0000] {processor.py:830} INFO - Processing file /opt/airflow/dags/dl_fin_ratio_v2.py for tasks to queue
[2026-04-30T02:27:44.303+0000] {logging_mixin.py:188} INFO - [2026-04-30T02:27:44.303+0000] {dagbag.py:545} INFO - Filling up the DagBag from /opt/airflow/dags/dl_fin_ratio_v2.py
[2026-04-30T02:27:44.339+0000] {processor.py:840} INFO - DAG(s) 'fin_ratio_v2' retrieved from /opt/airflow/dags/dl_fin_ratio_v2.py
[2026-04-30T02:27:44.354+0000] {logging_mixin.py:188} INFO - [2026-04-30T02:27:44.353+0000] {dag.py:3089} INFO - Sync 1 DAGs
[2026-04-30T02:27:44.374+0000] {logging_mixin.py:188} INFO - [2026-04-30T02:27:44.374+0000] {dag.py:3947} INFO - Setting next_dagrun for fin_ratio_v2 to 2026-04-01 00:00:00+00:00, run_after=2026-05-01 00:00:00+00:00
[2026-04-30T02:27:44.397+0000] {processor.py:183} INFO - Processing /opt/airflow/dags/dl_fin_ratio_v2.py took 0.103 seconds
[2026-04-30T02:28:14.846+0000] {processor.py:161} INFO - Started process (PID=3312) to work on /opt/airflow/dags/dl_fin_ratio_v2.py
[2026-04-30T02:28:14.846+0000] {processor.py:830} INFO - Processing file /opt/airflow/dags/dl_fin_ratio_v2.py for tasks to queue
[2026-04-30T02:28:14.849+0000] {logging_mixin.py:188} INFO - [2026-04-30T02:28:14.848+0000] {dagbag.py:545} INFO - Filling up the DagBag from /opt/airflow/dags/dl_fin_ratio_v2.py
[2026-04-30T02:28:14.881+0000] {processor.py:840} INFO - DAG(s) 'fin_ratio_v2' retrieved from /opt/airflow/dags/dl_fin_ratio_v2.py
[2026-04-30T02:28:14.895+0000] {logging_mixin.py:188} INFO - [2026-04-30T02:28:14.895+0000] {dag.py:3089} INFO - Sync 1 DAGs
[2026-04-30T02:28:14.914+0000] {logging_mixin.py:188} INFO - [2026-04-30T02:28:14.914+0000] {dag.py:3947} INFO - Setting next_dagrun for fin_ratio_v2 to 2026-04-01 00:00:00+00:00, run_after=2026-05-01 00:00:00+00:00
[2026-04-30T02:28:14.929+0000] {processor.py:183} INFO - Processing /opt/airflow/dags/dl_fin_ratio_v2.py took 0.089 seconds
[2026-04-30T02:28:45.718+0000] {processor.py:161} INFO - Started process (PID=3337) to work on /opt/airflow/dags/dl_fin_ratio_v2.py
[2026-04-30T02:28:45.719+0000] {processor.py:830} INFO - Processing file /opt/airflow/dags/dl_fin_ratio_v2.py for tasks to queue
[2026-04-30T02:28:45.721+0000] {logging_mixin.py:188} INFO - [2026-04-30T02:28:45.721+0000] {dagbag.py:545} INFO - Filling up the DagBag from /opt/airflow/dags/dl_fin_ratio_v2.py
[2026-04-30T02:28:45.754+0000] {processor.py:840} INFO - DAG(s) 'fin_ratio_v2' retrieved from /opt/airflow/dags/dl_fin_ratio_v2.py
[2026-04-30T02:28:45.768+0000] {logging_mixin.py:188} INFO - [2026-04-30T02:28:45.767+0000] {dag.py:3089} INFO - Sync 1 DAGs
[2026-04-30T02:28:45.786+0000] {logging_mixin.py:188} INFO - [2026-04-30T02:28:45.785+0000] {dag.py:3947} INFO - Setting next_dagrun for fin_ratio_v2 to 2026-04-01 00:00:00+00:00, run_after=2026-05-01 00:00:00+00:00
[2026-04-30T02:28:45.807+0000] {processor.py:183} INFO - Processing /opt/airflow/dags/dl_fin_ratio_v2.py took 0.094 seconds
[2026-04-30T02:29:16.230+0000] {processor.py:161} INFO - Started process (PID=3362) to work on /opt/airflow/dags/dl_fin_ratio_v2.py
[2026-04-30T02:29:16.231+0000] {processor.py:830} INFO - Processing file /opt/airflow/dags/dl_fin_ratio_v2.py for tasks to queue
[2026-04-30T02:29:16.233+0000] {logging_mixin.py:188} INFO - [2026-04-30T02:29:16.233+0000] {dagbag.py:545} INFO - Filling up the DagBag from /opt/airflow/dags/dl_fin_ratio_v2.py
[2026-04-30T02:29:16.267+0000] {processor.py:840} INFO - DAG(s) 'fin_ratio_v2' retrieved from /opt/airflow/dags/dl_fin_ratio_v2.py
[2026-04-30T02:29:16.281+0000] {logging_mixin.py:188} INFO - [2026-04-30T02:29:16.281+0000] {dag.py:3089} INFO - Sync 1 DAGs
[2026-04-30T02:29:16.300+0000] {logging_mixin.py:188} INFO - [2026-04-30T02:29:16.300+0000] {dag.py:3947} INFO - Setting next_dagrun for fin_ratio_v2 to 2026-04-01 00:00:00+00:00, run_after=2026-05-01 00:00:00+00:00
[2026-04-30T02:29:16.319+0000] {processor.py:183} INFO - Processing /opt/airflow/dags/dl_fin_ratio_v2.py took 0.094 seconds
[2026-04-30T02:29:46.856+0000] {processor.py:161} INFO - Started process (PID=3387) to work on /opt/airflow/dags/dl_fin_ratio_v2.py
[2026-04-30T02:29:46.857+0000] {processor.py:830} INFO - Processing file /opt/airflow/dags/dl_fin_ratio_v2.py for tasks to queue
[2026-04-30T02:29:46.860+0000] {logging_mixin.py:188} INFO - [2026-04-30T02:29:46.859+0000] {dagbag.py:545} INFO - Filling up the DagBag from /opt/airflow/dags/dl_fin_ratio_v2.py
[2026-04-30T02:29:46.894+0000] {processor.py:840} INFO - DAG(s) 'fin_ratio_v2' retrieved from /opt/airflow/dags/dl_fin_ratio_v2.py
[2026-04-30T02:29:46.907+0000] {logging_mixin.py:188} INFO - [2026-04-30T02:29:46.907+0000] {dag.py:3089} INFO - Sync 1 DAGs
[2026-04-30T02:29:46.927+0000] {logging_mixin.py:188} INFO - [2026-04-30T02:29:46.927+0000] {dag.py:3947} INFO - Setting next_dagrun for fin_ratio_v2 to 2026-04-01 00:00:00+00:00, run_after=2026-05-01 00:00:00+00:00
[2026-04-30T02:29:46.947+0000] {processor.py:183} INFO - Processing /opt/airflow/dags/dl_fin_ratio_v2.py took 0.096 seconds
[2026-04-30T02:30:17.372+0000] {processor.py:161} INFO - Started process (PID=3412) to work on /opt/airflow/dags/dl_fin_ratio_v2.py
[2026-04-30T02:30:17.373+0000] {processor.py:830} INFO - Processing file /opt/airflow/dags/dl_fin_ratio_v2.py for tasks to queue
[2026-04-30T02:30:17.375+0000] {logging_mixin.py:188} INFO - [2026-04-30T02:30:17.375+0000] {dagbag.py:545} INFO - Filling up the DagBag from /opt/airflow/dags/dl_fin_ratio_v2.py
[2026-04-30T02:30:17.411+0000] {processor.py:840} INFO - DAG(s) 'fin_ratio_v2' retrieved from /opt/airflow/dags/dl_fin_ratio_v2.py
[2026-04-30T02:30:17.426+0000] {logging_mixin.py:188} INFO - [2026-04-30T02:30:17.425+0000] {dag.py:3089} INFO - Sync 1 DAGs
[2026-04-30T02:30:17.445+0000] {logging_mixin.py:188} INFO - [2026-04-30T02:30:17.445+0000] {dag.py:3947} INFO - Setting next_dagrun for fin_ratio_v2 to 2026-04-01 00:00:00+00:00, run_after=2026-05-01 00:00:00+00:00
[2026-04-30T02:30:17.462+0000] {processor.py:183} INFO - Processing /opt/airflow/dags/dl_fin_ratio_v2.py took 0.095 seconds
[2026-04-30T02:30:47.940+0000] {processor.py:161} INFO - Started process (PID=3437) to work on /opt/airflow/dags/dl_fin_ratio_v2.py
[2026-04-30T02:30:47.940+0000] {processor.py:830} INFO - Processing file /opt/airflow/dags/dl_fin_ratio_v2.py for tasks to queue
[2026-04-30T02:30:47.942+0000] {logging_mixin.py:188} INFO - [2026-04-30T02:30:47.942+0000] {dagbag.py:545} INFO - Filling up the DagBag from /opt/airflow/dags/dl_fin_ratio_v2.py
[2026-04-30T02:30:47.974+0000] {processor.py:840} INFO - DAG(s) 'fin_ratio_v2' retrieved from /opt/airflow/dags/dl_fin_ratio_v2.py
[2026-04-30T02:30:47.989+0000] {logging_mixin.py:188} INFO - [2026-04-30T02:30:47.988+0000] {dag.py:3089} INFO - Sync 1 DAGs
[2026-04-30T02:30:48.008+0000] {logging_mixin.py:188} INFO - [2026-04-30T02:30:48.008+0000] {dag.py:3947} INFO - Setting next_dagrun for fin_ratio_v2 to 2026-04-01 00:00:00+00:00, run_after=2026-05-01 00:00:00+00:00
[2026-04-30T02:30:48.030+0000] {processor.py:183} INFO - Processing /opt/airflow/dags/dl_fin_ratio_v2.py took 0.095 seconds
[2026-04-30T02:31:18.466+0000] {processor.py:161} INFO - Started process (PID=3462) to work on /opt/airflow/dags/dl_fin_ratio_v2.py
[2026-04-30T02:31:18.467+0000] {processor.py:830} INFO - Processing file /opt/airflow/dags/dl_fin_ratio_v2.py for tasks to queue
[2026-04-30T02:31:18.469+0000] {logging_mixin.py:188} INFO - [2026-04-30T02:31:18.469+0000] {dagbag.py:545} INFO - Filling up the DagBag from /opt/airflow/dags/dl_fin_ratio_v2.py
[2026-04-30T02:31:18.507+0000] {processor.py:840} INFO - DAG(s) 'fin_ratio_v2' retrieved from /opt/airflow/dags/dl_fin_ratio_v2.py
[2026-04-30T02:31:18.527+0000] {logging_mixin.py:188} INFO - [2026-04-30T02:31:18.527+0000] {dag.py:3089} INFO - Sync 1 DAGs
[2026-04-30T02:31:18.548+0000] {logging_mixin.py:188} INFO - [2026-04-30T02:31:18.548+0000] {dag.py:3947} INFO - Setting next_dagrun for fin_ratio_v2 to 2026-04-01 00:00:00+00:00, run_after=2026-05-01 00:00:00+00:00
[2026-04-30T02:31:18.572+0000] {processor.py:183} INFO - Processing /opt/airflow/dags/dl_fin_ratio_v2.py took 0.113 seconds
[2026-04-30T02:31:49.046+0000] {processor.py:161} INFO - Started process (PID=3487) to work on /opt/airflow/dags/dl_fin_ratio_v2.py
[2026-04-30T02:31:49.047+0000] {processor.py:830} INFO - Processing file /opt/airflow/dags/dl_fin_ratio_v2.py for tasks to queue
[2026-04-30T02:31:49.049+0000] {logging_mixin.py:188} INFO - [2026-04-30T02:31:49.049+0000] {dagbag.py:545} INFO - Filling up the DagBag from /opt/airflow/dags/dl_fin_ratio_v2.py
[2026-04-30T02:31:49.082+0000] {processor.py:840} INFO - DAG(s) 'fin_ratio_v2' retrieved from /opt/airflow/dags/dl_fin_ratio_v2.py
[2026-04-30T02:31:49.096+0000] {logging_mixin.py:188} INFO - [2026-04-30T02:31:49.096+0000] {dag.py:3089} INFO - Sync 1 DAGs
[2026-04-30T02:31:49.123+0000] {logging_mixin.py:188} INFO - [2026-04-30T02:31:49.123+0000] {dag.py:3947} INFO - Setting next_dagrun for fin_ratio_v2 to 2026-04-01 00:00:00+00:00, run_after=2026-05-01 00:00:00+00:00
[2026-04-30T02:31:49.145+0000] {processor.py:183} INFO - Processing /opt/airflow/dags/dl_fin_ratio_v2.py took 0.105 seconds
[2026-04-30T02:32:19.552+0000] {processor.py:161} INFO - Started process (PID=3513) to work on /opt/airflow/dags/dl_fin_ratio_v2.py
[2026-04-30T02:32:19.553+0000] {processor.py:830} INFO - Processing file /opt/airflow/dags/dl_fin_ratio_v2.py for tasks to queue
[2026-04-30T02:32:19.555+0000] {logging_mixin.py:188} INFO - [2026-04-30T02:32:19.555+0000] {dagbag.py:545} INFO - Filling up the DagBag from /opt/airflow/dags/dl_fin_ratio_v2.py
[2026-04-30T02:32:19.588+0000] {processor.py:840} INFO - DAG(s) 'fin_ratio_v2' retrieved from /opt/airflow/dags/dl_fin_ratio_v2.py
[2026-04-30T02:32:19.601+0000] {logging_mixin.py:188} INFO - [2026-04-30T02:32:19.601+0000] {dag.py:3089} INFO - Sync 1 DAGs
[2026-04-30T02:32:19.620+0000] {logging_mixin.py:188} INFO - [2026-04-30T02:32:19.619+0000] {dag.py:3947} INFO - Setting next_dagrun for fin_ratio_v2 to 2026-04-01 00:00:00+00:00, run_after=2026-05-01 00:00:00+00:00
[2026-04-30T02:32:19.644+0000] {processor.py:183} INFO - Processing /opt/airflow/dags/dl_fin_ratio_v2.py took 0.097 seconds
[2026-04-30T02:32:50.213+0000] {processor.py:161} INFO - Started process (PID=3538) to work on /opt/airflow/dags/dl_fin_ratio_v2.py
[2026-04-30T02:32:50.214+0000] {processor.py:830} INFO - Processing file /opt/airflow/dags/dl_fin_ratio_v2.py for tasks to queue
[2026-04-30T02:32:50.216+0000] {logging_mixin.py:188} INFO - [2026-04-30T02:32:50.216+0000] {dagbag.py:545} INFO - Filling up the DagBag from /opt/airflow/dags/dl_fin_ratio_v2.py
[2026-04-30T02:32:50.249+0000] {processor.py:840} INFO - DAG(s) 'fin_ratio_v2' retrieved from /opt/airflow/dags/dl_fin_ratio_v2.py
[2026-04-30T02:32:50.262+0000] {logging_mixin.py:188} INFO - [2026-04-30T02:32:50.262+0000] {dag.py:3089} INFO - Sync 1 DAGs
[2026-04-30T02:32:50.282+0000] {logging_mixin.py:188} INFO - [2026-04-30T02:32:50.282+0000] {dag.py:3947} INFO - Setting next_dagrun for fin_ratio_v2 to 2026-04-01 00:00:00+00:00, run_after=2026-05-01 00:00:00+00:00
[2026-04-30T02:32:50.303+0000] {processor.py:183} INFO - Processing /opt/airflow/dags/dl_fin_ratio_v2.py took 0.095 seconds
[2026-04-30T02:33:20.743+0000] {processor.py:161} INFO - Started process (PID=3563) to work on /opt/airflow/dags/dl_fin_ratio_v2.py
[2026-04-30T02:33:20.744+0000] {processor.py:830} INFO - Processing file /opt/airflow/dags/dl_fin_ratio_v2.py for tasks to queue
[2026-04-30T02:33:20.746+0000] {logging_mixin.py:188} INFO - [2026-04-30T02:33:20.746+0000] {dagbag.py:545} INFO - Filling up the DagBag from /opt/airflow/dags/dl_fin_ratio_v2.py
[2026-04-30T02:33:20.779+0000] {processor.py:840} INFO - DAG(s) 'fin_ratio_v2' retrieved from /opt/airflow/dags/dl_fin_ratio_v2.py
[2026-04-30T02:33:20.793+0000] {logging_mixin.py:188} INFO - [2026-04-30T02:33:20.792+0000] {dag.py:3089} INFO - Sync 1 DAGs
[2026-04-30T02:33:20.811+0000] {logging_mixin.py:188} INFO - [2026-04-30T02:33:20.810+0000] {dag.py:3947} INFO - Setting next_dagrun for fin_ratio_v2 to 2026-04-01 00:00:00+00:00, run_after=2026-05-01 00:00:00+00:00
[2026-04-30T02:33:20.831+0000] {processor.py:183} INFO - Processing /opt/airflow/dags/dl_fin_ratio_v2.py took 0.094 seconds
[2026-04-30T02:33:51.535+0000] {processor.py:161} INFO - Started process (PID=3588) to work on /opt/airflow/dags/dl_fin_ratio_v2.py
[2026-04-30T02:33:51.536+0000] {processor.py:830} INFO - Processing file /opt/airflow/dags/dl_fin_ratio_v2.py for tasks to queue
[2026-04-30T02:33:51.538+0000] {logging_mixin.py:188} INFO - [2026-04-30T02:33:51.538+0000] {dagbag.py:545} INFO - Filling up the DagBag from /opt/airflow/dags/dl_fin_ratio_v2.py
[2026-04-30T02:33:51.570+0000] {processor.py:840} INFO - DAG(s) 'fin_ratio_v2' retrieved from /opt/airflow/dags/dl_fin_ratio_v2.py
[2026-04-30T02:33:51.584+0000] {logging_mixin.py:188} INFO - [2026-04-30T02:33:51.584+0000] {dag.py:3089} INFO - Sync 1 DAGs
[2026-04-30T02:33:51.603+0000] {logging_mixin.py:188} INFO - [2026-04-30T02:33:51.602+0000] {dag.py:3947} INFO - Setting next_dagrun for fin_ratio_v2 to 2026-04-01 00:00:00+00:00, run_after=2026-05-01 00:00:00+00:00
[2026-04-30T02:33:51.618+0000] {processor.py:183} INFO - Processing /opt/airflow/dags/dl_fin_ratio_v2.py took 0.089 seconds
[2026-04-30T02:34:22.002+0000] {processor.py:161} INFO - Started process (PID=3613) to work on /opt/airflow/dags/dl_fin_ratio_v2.py
[2026-04-30T02:34:22.003+0000] {processor.py:830} INFO - Processing file /opt/airflow/dags/dl_fin_ratio_v2.py for tasks to queue
[2026-04-30T02:34:22.005+0000] {logging_mixin.py:188} INFO - [2026-04-30T02:34:22.005+0000] {dagbag.py:545} INFO - Filling up the DagBag from /opt/airflow/dags/dl_fin_ratio_v2.py
[2026-04-30T02:34:22.040+0000] {processor.py:840} INFO - DAG(s) 'fin_ratio_v2' retrieved from /opt/airflow/dags/dl_fin_ratio_v2.py
[2026-04-30T02:34:22.053+0000] {logging_mixin.py:188} INFO - [2026-04-30T02:34:22.052+0000] {dag.py:3089} INFO - Sync 1 DAGs
[2026-04-30T02:34:22.072+0000] {logging_mixin.py:188} INFO - [2026-04-30T02:34:22.071+0000] {dag.py:3947} INFO - Setting next_dagrun for fin_ratio_v2 to 2026-04-01 00:00:00+00:00, run_after=2026-05-01 00:00:00+00:00
[2026-04-30T02:34:22.091+0000] {processor.py:183} INFO - Processing /opt/airflow/dags/dl_fin_ratio_v2.py took 0.094 seconds
[2026-04-30T02:34:52.638+0000] {processor.py:161} INFO - Started process (PID=3638) to work on /opt/airflow/dags/dl_fin_ratio_v2.py
[2026-04-30T02:34:52.639+0000] {processor.py:830} INFO - Processing file /opt/airflow/dags/dl_fin_ratio_v2.py for tasks to queue
[2026-04-30T02:34:52.642+0000] {logging_mixin.py:188} INFO - [2026-04-30T02:34:52.641+0000] {dagbag.py:545} INFO - Filling up the DagBag from /opt/airflow/dags/dl_fin_ratio_v2.py
[2026-04-30T02:34:52.681+0000] {processor.py:840} INFO - DAG(s) 'fin_ratio_v2' retrieved from /opt/airflow/dags/dl_fin_ratio_v2.py
[2026-04-30T02:34:52.698+0000] {logging_mixin.py:188} INFO - [2026-04-30T02:34:52.698+0000] {dag.py:3089} INFO - Sync 1 DAGs
[2026-04-30T02:34:52.721+0000] {logging_mixin.py:188} INFO - [2026-04-30T02:34:52.721+0000] {dag.py:3947} INFO - Setting next_dagrun for fin_ratio_v2 to 2026-04-01 00:00:00+00:00, run_after=2026-05-01 00:00:00+00:00
[2026-04-30T02:34:52.743+0000] {processor.py:183} INFO - Processing /opt/airflow/dags/dl_fin_ratio_v2.py took 0.111 seconds
[2026-04-30T02:35:23.144+0000] {processor.py:161} INFO - Started process (PID=3663) to work on /opt/airflow/dags/dl_fin_ratio_v2.py
[2026-04-30T02:35:23.145+0000] {processor.py:830} INFO - Processing file /opt/airflow/dags/dl_fin_ratio_v2.py for tasks to queue
[2026-04-30T02:35:23.147+0000] {logging_mixin.py:188} INFO - [2026-04-30T02:35:23.147+0000] {dagbag.py:545} INFO - Filling up the DagBag from /opt/airflow/dags/dl_fin_ratio_v2.py
[2026-04-30T02:35:23.177+0000] {processor.py:840} INFO - DAG(s) 'fin_ratio_v2' retrieved from /opt/airflow/dags/dl_fin_ratio_v2.py
[2026-04-30T02:35:23.190+0000] {logging_mixin.py:188} INFO - [2026-04-30T02:35:23.189+0000] {dag.py:3089} INFO - Sync 1 DAGs
[2026-04-30T02:35:23.208+0000] {logging_mixin.py:188} INFO - [2026-04-30T02:35:23.208+0000] {dag.py:3947} INFO - Setting next_dagrun for fin_ratio_v2 to 2026-04-01 00:00:00+00:00, run_after=2026-05-01 00:00:00+00:00
[2026-04-30T02:35:23.224+0000] {processor.py:183} INFO - Processing /opt/airflow/dags/dl_fin_ratio_v2.py took 0.086 seconds
[2026-04-30T02:35:53.811+0000] {processor.py:161} INFO - Started process (PID=3694) to work on /opt/airflow/dags/dl_fin_ratio_v2.py
[2026-04-30T02:35:53.812+0000] {processor.py:830} INFO - Processing file /opt/airflow/dags/dl_fin_ratio_v2.py for tasks to queue
[2026-04-30T02:35:53.814+0000] {logging_mixin.py:188} INFO - [2026-04-30T02:35:53.813+0000] {dagbag.py:545} INFO - Filling up the DagBag from /opt/airflow/dags/dl_fin_ratio_v2.py
[2026-04-30T02:35:53.848+0000] {processor.py:840} INFO - DAG(s) 'fin_ratio_v2' retrieved from /opt/airflow/dags/dl_fin_ratio_v2.py
[2026-04-30T02:35:53.864+0000] {logging_mixin.py:188} INFO - [2026-04-30T02:35:53.863+0000] {dag.py:3089} INFO - Sync 1 DAGs
[2026-04-30T02:35:53.882+0000] {logging_mixin.py:188} INFO - [2026-04-30T02:35:53.882+0000] {dag.py:3947} INFO - Setting next_dagrun for fin_ratio_v2 to 2026-04-01 00:00:00+00:00, run_after=2026-05-01 00:00:00+00:00
[2026-04-30T02:35:53.904+0000] {processor.py:183} INFO - Processing /opt/airflow/dags/dl_fin_ratio_v2.py took 0.099 seconds
[2026-04-30T02:36:24.308+0000] {processor.py:161} INFO - Started process (PID=3719) to work on /opt/airflow/dags/dl_fin_ratio_v2.py
[2026-04-30T02:36:24.309+0000] {processor.py:830} INFO - Processing file /opt/airflow/dags/dl_fin_ratio_v2.py for tasks to queue
[2026-04-30T02:36:24.311+0000] {logging_mixin.py:188} INFO - [2026-04-30T02:36:24.311+0000] {dagbag.py:545} INFO - Filling up the DagBag from /opt/airflow/dags/dl_fin_ratio_v2.py
[2026-04-30T02:36:24.343+0000] {processor.py:840} INFO - DAG(s) 'fin_ratio_v2' retrieved from /opt/airflow/dags/dl_fin_ratio_v2.py
[2026-04-30T02:36:24.356+0000] {logging_mixin.py:188} INFO - [2026-04-30T02:36:24.356+0000] {dag.py:3089} INFO - Sync 1 DAGs
[2026-04-30T02:36:24.374+0000] {logging_mixin.py:188} INFO - [2026-04-30T02:36:24.374+0000] {dag.py:3947} INFO - Setting next_dagrun for fin_ratio_v2 to 2026-04-01 00:00:00+00:00, run_after=2026-05-01 00:00:00+00:00
[2026-04-30T02:36:24.392+0000] {processor.py:183} INFO - Processing /opt/airflow/dags/dl_fin_ratio_v2.py took 0.090 seconds
[2026-04-30T02:36:54.955+0000] {processor.py:161} INFO - Started process (PID=3744) to work on /opt/airflow/dags/dl_fin_ratio_v2.py
[2026-04-30T02:36:54.955+0000] {processor.py:830} INFO - Processing file /opt/airflow/dags/dl_fin_ratio_v2.py for tasks to queue
[2026-04-30T02:36:54.958+0000] {logging_mixin.py:188} INFO - [2026-04-30T02:36:54.957+0000] {dagbag.py:545} INFO - Filling up the DagBag from /opt/airflow/dags/dl_fin_ratio_v2.py
[2026-04-30T02:36:54.989+0000] {processor.py:840} INFO - DAG(s) 'fin_ratio_v2' retrieved from /opt/airflow/dags/dl_fin_ratio_v2.py
[2026-04-30T02:36:55.003+0000] {logging_mixin.py:188} INFO - [2026-04-30T02:36:55.003+0000] {dag.py:3089} INFO - Sync 1 DAGs
[2026-04-30T02:36:55.027+0000] {logging_mixin.py:188} INFO - [2026-04-30T02:36:55.026+0000] {dag.py:3947} INFO - Setting next_dagrun for fin_ratio_v2 to 2026-04-01 00:00:00+00:00, run_after=2026-05-01 00:00:00+00:00
[2026-04-30T02:36:55.043+0000] {processor.py:183} INFO - Processing /opt/airflow/dags/dl_fin_ratio_v2.py took 0.095 seconds
[2026-04-30T02:37:25.422+0000] {processor.py:161} INFO - Started process (PID=3769) to work on /opt/airflow/dags/dl_fin_ratio_v2.py
[2026-04-30T02:37:25.423+0000] {processor.py:830} INFO - Processing file /opt/airflow/dags/dl_fin_ratio_v2.py for tasks to queue
[2026-04-30T02:37:25.425+0000] {logging_mixin.py:188} INFO - [2026-04-30T02:37:25.425+0000] {dagbag.py:545} INFO - Filling up the DagBag from /opt/airflow/dags/dl_fin_ratio_v2.py
[2026-04-30T02:37:25.459+0000] {processor.py:840} INFO - DAG(s) 'fin_ratio_v2' retrieved from /opt/airflow/dags/dl_fin_ratio_v2.py
[2026-04-30T02:37:25.472+0000] {logging_mixin.py:188} INFO - [2026-04-30T02:37:25.472+0000] {dag.py:3089} INFO - Sync 1 DAGs
[2026-04-30T02:37:25.491+0000] {logging_mixin.py:188} INFO - [2026-04-30T02:37:25.491+0000] {dag.py:3947} INFO - Setting next_dagrun for fin_ratio_v2 to 2026-04-01 00:00:00+00:00, run_after=2026-05-01 00:00:00+00:00
[2026-04-30T02:37:25.509+0000] {processor.py:183} INFO - Processing /opt/airflow/dags/dl_fin_ratio_v2.py took 0.094 seconds
[2026-04-30T02:37:56.004+0000] {processor.py:161} INFO - Started process (PID=3794) to work on /opt/airflow/dags/dl_fin_ratio_v2.py
[2026-04-30T02:37:56.005+0000] {processor.py:830} INFO - Processing file /opt/airflow/dags/dl_fin_ratio_v2.py for tasks to queue
[2026-04-30T02:37:56.007+0000] {logging_mixin.py:188} INFO - [2026-04-30T02:37:56.007+0000] {dagbag.py:545} INFO - Filling up the DagBag from /opt/airflow/dags/dl_fin_ratio_v2.py
[2026-04-30T02:37:56.039+0000] {processor.py:840} INFO - DAG(s) 'fin_ratio_v2' retrieved from /opt/airflow/dags/dl_fin_ratio_v2.py
[2026-04-30T02:37:56.055+0000] {logging_mixin.py:188} INFO - [2026-04-30T02:37:56.055+0000] {dag.py:3089} INFO - Sync 1 DAGs
[2026-04-30T02:37:56.076+0000] {logging_mixin.py:188} INFO - [2026-04-30T02:37:56.076+0000] {dag.py:3947} INFO - Setting next_dagrun for fin_ratio_v2 to 2026-04-01 00:00:00+00:00, run_after=2026-05-01 00:00:00+00:00
[2026-04-30T02:37:56.094+0000] {processor.py:183} INFO - Processing /opt/airflow/dags/dl_fin_ratio_v2.py took 0.095 seconds
[2026-04-30T02:38:26.436+0000] {processor.py:161} INFO - Started process (PID=3819) to work on /opt/airflow/dags/dl_fin_ratio_v2.py
[2026-04-30T02:38:26.437+0000] {processor.py:830} INFO - Processing file /opt/airflow/dags/dl_fin_ratio_v2.py for tasks to queue
[2026-04-30T02:38:26.440+0000] {logging_mixin.py:188} INFO - [2026-04-30T02:38:26.439+0000] {dagbag.py:545} INFO - Filling up the DagBag from /opt/airflow/dags/dl_fin_ratio_v2.py
[2026-04-30T02:38:26.471+0000] {processor.py:840} INFO - DAG(s) 'fin_ratio_v2' retrieved from /opt/airflow/dags/dl_fin_ratio_v2.py
[2026-04-30T02:38:26.484+0000] {logging_mixin.py:188} INFO - [2026-04-30T02:38:26.484+0000] {dag.py:3089} INFO - Sync 1 DAGs
[2026-04-30T02:38:26.503+0000] {logging_mixin.py:188} INFO - [2026-04-30T02:38:26.503+0000] {dag.py:3947} INFO - Setting next_dagrun for fin_ratio_v2 to 2026-04-01 00:00:00+00:00, run_after=2026-05-01 00:00:00+00:00
[2026-04-30T02:38:26.525+0000] {processor.py:183} INFO - Processing /opt/airflow/dags/dl_fin_ratio_v2.py took 0.095 seconds
[2026-04-30T02:38:57.238+0000] {processor.py:161} INFO - Started process (PID=3844) to work on /opt/airflow/dags/dl_fin_ratio_v2.py
[2026-04-30T02:38:57.239+0000] {processor.py:830} INFO - Processing file /opt/airflow/dags/dl_fin_ratio_v2.py for tasks to queue
[2026-04-30T02:38:57.241+0000] {logging_mixin.py:188} INFO - [2026-04-30T02:38:57.240+0000] {dagbag.py:545} INFO - Filling up the DagBag from /opt/airflow/dags/dl_fin_ratio_v2.py
[2026-04-30T02:38:57.273+0000] {processor.py:840} INFO - DAG(s) 'fin_ratio_v2' retrieved from /opt/airflow/dags/dl_fin_ratio_v2.py
[2026-04-30T02:38:57.287+0000] {logging_mixin.py:188} INFO - [2026-04-30T02:38:57.287+0000] {dag.py:3089} INFO - Sync 1 DAGs
[2026-04-30T02:38:57.309+0000] {logging_mixin.py:188} INFO - [2026-04-30T02:38:57.309+0000] {dag.py:3947} INFO - Setting next_dagrun for fin_ratio_v2 to 2026-04-01 00:00:00+00:00, run_after=2026-05-01 00:00:00+00:00
[2026-04-30T02:38:57.327+0000] {processor.py:183} INFO - Processing /opt/airflow/dags/dl_fin_ratio_v2.py took 0.095 seconds
[2026-04-30T02:39:27.712+0000] {processor.py:161} INFO - Started process (PID=3870) to work on /opt/airflow/dags/dl_fin_ratio_v2.py
[2026-04-30T02:39:27.712+0000] {processor.py:830} INFO - Processing file /opt/airflow/dags/dl_fin_ratio_v2.py for tasks to queue
[2026-04-30T02:39:27.715+0000] {logging_mixin.py:188} INFO - [2026-04-30T02:39:27.714+0000] {dagbag.py:545} INFO - Filling up the DagBag from /opt/airflow/dags/dl_fin_ratio_v2.py
[2026-04-30T02:39:27.748+0000] {processor.py:840} INFO - DAG(s) 'fin_ratio_v2' retrieved from /opt/airflow/dags/dl_fin_ratio_v2.py
[2026-04-30T02:39:27.761+0000] {logging_mixin.py:188} INFO - [2026-04-30T02:39:27.761+0000] {dag.py:3089} INFO - Sync 1 DAGs
[2026-04-30T02:39:27.782+0000] {logging_mixin.py:188} INFO - [2026-04-30T02:39:27.782+0000] {dag.py:3947} INFO - Setting next_dagrun for fin_ratio_v2 to 2026-04-01 00:00:00+00:00, run_after=2026-05-01 00:00:00+00:00
[2026-04-30T02:39:27.801+0000] {processor.py:183} INFO - Processing /opt/airflow/dags/dl_fin_ratio_v2.py took 0.095 seconds
[2026-04-30T02:39:58.284+0000] {processor.py:161} INFO - Started process (PID=3895) to work on /opt/airflow/dags/dl_fin_ratio_v2.py
[2026-04-30T02:39:58.285+0000] {processor.py:830} INFO - Processing file /opt/airflow/dags/dl_fin_ratio_v2.py for tasks to queue
[2026-04-30T02:39:58.287+0000] {logging_mixin.py:188} INFO - [2026-04-30T02:39:58.287+0000] {dagbag.py:545} INFO - Filling up the DagBag from /opt/airflow/dags/dl_fin_ratio_v2.py
[2026-04-30T02:39:58.322+0000] {processor.py:840} INFO - DAG(s) 'fin_ratio_v2' retrieved from /opt/airflow/dags/dl_fin_ratio_v2.py
[2026-04-30T02:39:58.337+0000] {logging_mixin.py:188} INFO - [2026-04-30T02:39:58.337+0000] {dag.py:3089} INFO - Sync 1 DAGs
[2026-04-30T02:39:58.358+0000] {logging_mixin.py:188} INFO - [2026-04-30T02:39:58.358+0000] {dag.py:3947} INFO - Setting next_dagrun for fin_ratio_v2 to 2026-04-01 00:00:00+00:00, run_after=2026-05-01 00:00:00+00:00
[2026-04-30T02:39:58.376+0000] {processor.py:183} INFO - Processing /opt/airflow/dags/dl_fin_ratio_v2.py took 0.097 seconds
[2026-04-30T02:40:28.732+0000] {processor.py:161} INFO - Started process (PID=3920) to work on /opt/airflow/dags/dl_fin_ratio_v2.py
[2026-04-30T02:40:28.734+0000] {processor.py:830} INFO - Processing file /opt/airflow/dags/dl_fin_ratio_v2.py for tasks to queue
[2026-04-30T02:40:28.736+0000] {logging_mixin.py:188} INFO - [2026-04-30T02:40:28.735+0000] {dagbag.py:545} INFO - Filling up the DagBag from /opt/airflow/dags/dl_fin_ratio_v2.py
[2026-04-30T02:40:28.768+0000] {processor.py:840} INFO - DAG(s) 'fin_ratio_v2' retrieved from /opt/airflow/dags/dl_fin_ratio_v2.py
[2026-04-30T02:40:28.782+0000] {logging_mixin.py:188} INFO - [2026-04-30T02:40:28.781+0000] {dag.py:3089} INFO - Sync 1 DAGs
[2026-04-30T02:40:28.801+0000] {logging_mixin.py:188} INFO - [2026-04-30T02:40:28.800+0000] {dag.py:3947} INFO - Setting next_dagrun for fin_ratio_v2 to 2026-04-01 00:00:00+00:00, run_after=2026-05-01 00:00:00+00:00
[2026-04-30T02:40:28.821+0000] {processor.py:183} INFO - Processing /opt/airflow/dags/dl_fin_ratio_v2.py took 0.094 seconds
[2026-04-30T02:40:59.312+0000] {processor.py:161} INFO - Started process (PID=3945) to work on /opt/airflow/dags/dl_fin_ratio_v2.py
[2026-04-30T02:40:59.313+0000] {processor.py:830} INFO - Processing file /opt/airflow/dags/dl_fin_ratio_v2.py for tasks to queue
[2026-04-30T02:40:59.316+0000] {logging_mixin.py:188} INFO - [2026-04-30T02:40:59.315+0000] {dagbag.py:545} INFO - Filling up the DagBag from /opt/airflow/dags/dl_fin_ratio_v2.py
[2026-04-30T02:40:59.352+0000] {processor.py:840} INFO - DAG(s) 'fin_ratio_v2' retrieved from /opt/airflow/dags/dl_fin_ratio_v2.py
[2026-04-30T02:40:59.368+0000] {logging_mixin.py:188} INFO - [2026-04-30T02:40:59.368+0000] {dag.py:3089} INFO - Sync 1 DAGs
[2026-04-30T02:40:59.393+0000] {logging_mixin.py:188} INFO - [2026-04-30T02:40:59.393+0000] {dag.py:3947} INFO - Setting next_dagrun for fin_ratio_v2 to 2026-04-01 00:00:00+00:00, run_after=2026-05-01 00:00:00+00:00
[2026-04-30T02:40:59.410+0000] {processor.py:183} INFO - Processing /opt/airflow/dags/dl_fin_ratio_v2.py took 0.105 seconds
[2026-04-30T02:41:29.829+0000] {processor.py:161} INFO - Started process (PID=3970) to work on /opt/airflow/dags/dl_fin_ratio_v2.py
[2026-04-30T02:41:29.830+0000] {processor.py:830} INFO - Processing file /opt/airflow/dags/dl_fin_ratio_v2.py for tasks to queue
[2026-04-30T02:41:29.832+0000] {logging_mixin.py:188} INFO - [2026-04-30T02:41:29.832+0000] {dagbag.py:545} INFO - Filling up the DagBag from /opt/airflow/dags/dl_fin_ratio_v2.py
[2026-04-30T02:41:29.865+0000] {processor.py:840} INFO - DAG(s) 'fin_ratio_v2' retrieved from /opt/airflow/dags/dl_fin_ratio_v2.py
[2026-04-30T02:41:29.879+0000] {logging_mixin.py:188} INFO - [2026-04-30T02:41:29.879+0000] {dag.py:3089} INFO - Sync 1 DAGs
[2026-04-30T02:41:29.899+0000] {logging_mixin.py:188} INFO - [2026-04-30T02:41:29.899+0000] {dag.py:3947} INFO - Setting next_dagrun for fin_ratio_v2 to 2026-04-01 00:00:00+00:00, run_after=2026-05-01 00:00:00+00:00
[2026-04-30T02:41:29.921+0000] {processor.py:183} INFO - Processing /opt/airflow/dags/dl_fin_ratio_v2.py took 0.098 seconds
[2026-04-30T02:42:00.723+0000] {processor.py:161} INFO - Started process (PID=3995) to work on /opt/airflow/dags/dl_fin_ratio_v2.py
[2026-04-30T02:42:00.724+0000] {processor.py:830} INFO - Processing file /opt/airflow/dags/dl_fin_ratio_v2.py for tasks to queue
[2026-04-30T02:42:00.726+0000] {logging_mixin.py:188} INFO - [2026-04-30T02:42:00.726+0000] {dagbag.py:545} INFO - Filling up the DagBag from /opt/airflow/dags/dl_fin_ratio_v2.py
[2026-04-30T02:42:00.759+0000] {processor.py:840} INFO - DAG(s) 'fin_ratio_v2' retrieved from /opt/airflow/dags/dl_fin_ratio_v2.py
[2026-04-30T02:42:00.774+0000] {logging_mixin.py:188} INFO - [2026-04-30T02:42:00.774+0000] {dag.py:3089} INFO - Sync 1 DAGs
[2026-04-30T02:42:00.793+0000] {logging_mixin.py:188} INFO - [2026-04-30T02:42:00.793+0000] {dag.py:3947} INFO - Setting next_dagrun for fin_ratio_v2 to 2026-04-01 00:00:00+00:00, run_after=2026-05-01 00:00:00+00:00
[2026-04-30T02:42:00.814+0000] {processor.py:183} INFO - Processing /opt/airflow/dags/dl_fin_ratio_v2.py took 0.096 seconds
[2026-04-30T02:42:31.245+0000] {processor.py:161} INFO - Started process (PID=4021) to work on /opt/airflow/dags/dl_fin_ratio_v2.py
[2026-04-30T02:42:31.246+0000] {processor.py:830} INFO - Processing file /opt/airflow/dags/dl_fin_ratio_v2.py for tasks to queue
[2026-04-30T02:42:31.248+0000] {logging_mixin.py:188} INFO - [2026-04-30T02:42:31.248+0000] {dagbag.py:545} INFO - Filling up the DagBag from /opt/airflow/dags/dl_fin_ratio_v2.py
[2026-04-30T02:42:31.287+0000] {processor.py:840} INFO - DAG(s) 'fin_ratio_v2' retrieved from /opt/airflow/dags/dl_fin_ratio_v2.py
[2026-04-30T02:42:31.302+0000] {logging_mixin.py:188} INFO - [2026-04-30T02:42:31.301+0000] {dag.py:3089} INFO - Sync 1 DAGs
[2026-04-30T02:42:31.323+0000] {logging_mixin.py:188} INFO - [2026-04-30T02:42:31.322+0000] {dag.py:3947} INFO - Setting next_dagrun for fin_ratio_v2 to 2026-04-01 00:00:00+00:00, run_after=2026-05-01 00:00:00+00:00
[2026-04-30T02:42:31.339+0000] {processor.py:183} INFO - Processing /opt/airflow/dags/dl_fin_ratio_v2.py took 0.100 seconds
[2026-04-30T02:43:01.761+0000] {processor.py:161} INFO - Started process (PID=4046) to work on /opt/airflow/dags/dl_fin_ratio_v2.py
[2026-04-30T02:43:01.762+0000] {processor.py:830} INFO - Processing file /opt/airflow/dags/dl_fin_ratio_v2.py for tasks to queue
[2026-04-30T02:43:01.764+0000] {logging_mixin.py:188} INFO - [2026-04-30T02:43:01.763+0000] {dagbag.py:545} INFO - Filling up the DagBag from /opt/airflow/dags/dl_fin_ratio_v2.py
[2026-04-30T02:43:01.795+0000] {processor.py:840} INFO - DAG(s) 'fin_ratio_v2' retrieved from /opt/airflow/dags/dl_fin_ratio_v2.py
[2026-04-30T02:43:01.809+0000] {logging_mixin.py:188} INFO - [2026-04-30T02:43:01.808+0000] {dag.py:3089} INFO - Sync 1 DAGs
[2026-04-30T02:43:01.828+0000] {logging_mixin.py:188} INFO - [2026-04-30T02:43:01.828+0000] {dag.py:3947} INFO - Setting next_dagrun for fin_ratio_v2 to 2026-04-01 00:00:00+00:00, run_after=2026-05-01 00:00:00+00:00
[2026-04-30T02:43:01.848+0000] {processor.py:183} INFO - Processing /opt/airflow/dags/dl_fin_ratio_v2.py took 0.092 seconds
[2026-04-30T02:43:32.370+0000] {processor.py:161} INFO - Started process (PID=4071) to work on /opt/airflow/dags/dl_fin_ratio_v2.py
[2026-04-30T02:43:32.371+0000] {processor.py:830} INFO - Processing file /opt/airflow/dags/dl_fin_ratio_v2.py for tasks to queue
[2026-04-30T02:43:32.374+0000] {logging_mixin.py:188} INFO - [2026-04-30T02:43:32.373+0000] {dagbag.py:545} INFO - Filling up the DagBag from /opt/airflow/dags/dl_fin_ratio_v2.py
[2026-04-30T02:43:32.406+0000] {processor.py:840} INFO - DAG(s) 'fin_ratio_v2' retrieved from /opt/airflow/dags/dl_fin_ratio_v2.py
[2026-04-30T02:43:32.419+0000] {logging_mixin.py:188} INFO - [2026-04-30T02:43:32.418+0000] {dag.py:3089} INFO - Sync 1 DAGs
[2026-04-30T02:43:32.437+0000] {logging_mixin.py:188} INFO - [2026-04-30T02:43:32.437+0000] {dag.py:3947} INFO - Setting next_dagrun for fin_ratio_v2 to 2026-04-01 00:00:00+00:00, run_after=2026-05-01 00:00:00+00:00
[2026-04-30T02:43:32.459+0000] {processor.py:183} INFO - Processing /opt/airflow/dags/dl_fin_ratio_v2.py took 0.095 seconds
[2026-04-30T02:44:03.124+0000] {processor.py:161} INFO - Started process (PID=4096) to work on /opt/airflow/dags/dl_fin_ratio_v2.py
[2026-04-30T02:44:03.125+0000] {processor.py:830} INFO - Processing file /opt/airflow/dags/dl_fin_ratio_v2.py for tasks to queue
[2026-04-30T02:44:03.127+0000] {logging_mixin.py:188} INFO - [2026-04-30T02:44:03.127+0000] {dagbag.py:545} INFO - Filling up the DagBag from /opt/airflow/dags/dl_fin_ratio_v2.py
[2026-04-30T02:44:03.159+0000] {processor.py:840} INFO - DAG(s) 'fin_ratio_v2' retrieved from /opt/airflow/dags/dl_fin_ratio_v2.py
[2026-04-30T02:44:03.172+0000] {logging_mixin.py:188} INFO - [2026-04-30T02:44:03.172+0000] {dag.py:3089} INFO - Sync 1 DAGs
[2026-04-30T02:44:03.191+0000] {logging_mixin.py:188} INFO - [2026-04-30T02:44:03.191+0000] {dag.py:3947} INFO - Setting next_dagrun for fin_ratio_v2 to 2026-04-01 00:00:00+00:00, run_after=2026-05-01 00:00:00+00:00
[2026-04-30T02:44:03.207+0000] {processor.py:183} INFO - Processing /opt/airflow/dags/dl_fin_ratio_v2.py took 0.088 seconds
[2026-04-30T02:44:33.816+0000] {processor.py:161} INFO - Started process (PID=4121) to work on /opt/airflow/dags/dl_fin_ratio_v2.py
[2026-04-30T02:44:33.817+0000] {processor.py:830} INFO - Processing file /opt/airflow/dags/dl_fin_ratio_v2.py for tasks to queue
[2026-04-30T02:44:33.819+0000] {logging_mixin.py:188} INFO - [2026-04-30T02:44:33.819+0000] {dagbag.py:545} INFO - Filling up the DagBag from /opt/airflow/dags/dl_fin_ratio_v2.py
[2026-04-30T02:44:33.850+0000] {processor.py:840} INFO - DAG(s) 'fin_ratio_v2' retrieved from /opt/airflow/dags/dl_fin_ratio_v2.py
[2026-04-30T02:44:33.863+0000] {logging_mixin.py:188} INFO - [2026-04-30T02:44:33.863+0000] {dag.py:3089} INFO - Sync 1 DAGs
[2026-04-30T02:44:33.882+0000] {logging_mixin.py:188} INFO - [2026-04-30T02:44:33.881+0000] {dag.py:3947} INFO - Setting next_dagrun for fin_ratio_v2 to 2026-04-01 00:00:00+00:00, run_after=2026-05-01 00:00:00+00:00
[2026-04-30T02:44:33.903+0000] {processor.py:183} INFO - Processing /opt/airflow/dags/dl_fin_ratio_v2.py took 0.092 seconds
[2026-04-30T02:45:04.420+0000] {processor.py:161} INFO - Started process (PID=4146) to work on /opt/airflow/dags/dl_fin_ratio_v2.py
[2026-04-30T02:45:04.421+0000] {processor.py:830} INFO - Processing file /opt/airflow/dags/dl_fin_ratio_v2.py for tasks to queue
[2026-04-30T02:45:04.423+0000] {logging_mixin.py:188} INFO - [2026-04-30T02:45:04.423+0000] {dagbag.py:545} INFO - Filling up the DagBag from /opt/airflow/dags/dl_fin_ratio_v2.py
[2026-04-30T02:45:04.463+0000] {processor.py:840} INFO - DAG(s) 'fin_ratio_v2' retrieved from /opt/airflow/dags/dl_fin_ratio_v2.py
[2026-04-30T02:45:04.480+0000] {logging_mixin.py:188} INFO - [2026-04-30T02:45:04.480+0000] {dag.py:3089} INFO - Sync 1 DAGs
[2026-04-30T02:45:04.503+0000] {logging_mixin.py:188} INFO - [2026-04-30T02:45:04.503+0000] {dag.py:3947} INFO - Setting next_dagrun for fin_ratio_v2 to 2026-04-01 00:00:00+00:00, run_after=2026-05-01 00:00:00+00:00
[2026-04-30T02:45:04.524+0000] {processor.py:183} INFO - Processing /opt/airflow/dags/dl_fin_ratio_v2.py took 0.111 seconds
[2026-04-30T02:45:35.117+0000] {processor.py:161} INFO - Started process (PID=4171) to work on /opt/airflow/dags/dl_fin_ratio_v2.py
[2026-04-30T02:45:35.118+0000] {processor.py:830} INFO - Processing file /opt/airflow/dags/dl_fin_ratio_v2.py for tasks to queue
[2026-04-30T02:45:35.120+0000] {logging_mixin.py:188} INFO - [2026-04-30T02:45:35.120+0000] {dagbag.py:545} INFO - Filling up the DagBag from /opt/airflow/dags/dl_fin_ratio_v2.py
[2026-04-30T02:45:35.160+0000] {processor.py:840} INFO - DAG(s) 'fin_ratio_v2' retrieved from /opt/airflow/dags/dl_fin_ratio_v2.py
[2026-04-30T02:45:35.175+0000] {logging_mixin.py:188} INFO - [2026-04-30T02:45:35.175+0000] {dag.py:3089} INFO - Sync 1 DAGs
[2026-04-30T02:45:35.199+0000] {logging_mixin.py:188} INFO - [2026-04-30T02:45:35.199+0000] {dag.py:3947} INFO - Setting next_dagrun for fin_ratio_v2 to 2026-04-01 00:00:00+00:00, run_after=2026-05-01 00:00:00+00:00
[2026-04-30T02:45:35.219+0000] {processor.py:183} INFO - Processing /opt/airflow/dags/dl_fin_ratio_v2.py took 0.107 seconds
[2026-04-30T02:46:05.736+0000] {processor.py:161} INFO - Started process (PID=4196) to work on /opt/airflow/dags/dl_fin_ratio_v2.py
[2026-04-30T02:46:05.736+0000] {processor.py:830} INFO - Processing file /opt/airflow/dags/dl_fin_ratio_v2.py for tasks to queue
[2026-04-30T02:46:05.738+0000] {logging_mixin.py:188} INFO - [2026-04-30T02:46:05.738+0000] {dagbag.py:545} INFO - Filling up the DagBag from /opt/airflow/dags/dl_fin_ratio_v2.py
[2026-04-30T02:46:05.770+0000] {processor.py:840} INFO - DAG(s) 'fin_ratio_v2' retrieved from /opt/airflow/dags/dl_fin_ratio_v2.py
[2026-04-30T02:46:05.784+0000] {logging_mixin.py:188} INFO - [2026-04-30T02:46:05.784+0000] {dag.py:3089} INFO - Sync 1 DAGs
[2026-04-30T02:46:05.804+0000] {logging_mixin.py:188} INFO - [2026-04-30T02:46:05.804+0000] {dag.py:3947} INFO - Setting next_dagrun for fin_ratio_v2 to 2026-04-01 00:00:00+00:00, run_after=2026-05-01 00:00:00+00:00
[2026-04-30T02:46:05.824+0000] {processor.py:183} INFO - Processing /opt/airflow/dags/dl_fin_ratio_v2.py took 0.094 seconds
[2026-04-30T02:46:36.472+0000] {processor.py:161} INFO - Started process (PID=4221) to work on /opt/airflow/dags/dl_fin_ratio_v2.py
[2026-04-30T02:46:36.473+0000] {processor.py:830} INFO - Processing file /opt/airflow/dags/dl_fin_ratio_v2.py for tasks to queue
[2026-04-30T02:46:36.475+0000] {logging_mixin.py:188} INFO - [2026-04-30T02:46:36.474+0000] {dagbag.py:545} INFO - Filling up the DagBag from /opt/airflow/dags/dl_fin_ratio_v2.py
[2026-04-30T02:46:36.505+0000] {processor.py:840} INFO - DAG(s) 'fin_ratio_v2' retrieved from /opt/airflow/dags/dl_fin_ratio_v2.py
[2026-04-30T02:46:36.519+0000] {logging_mixin.py:188} INFO - [2026-04-30T02:46:36.518+0000] {dag.py:3089} INFO - Sync 1 DAGs
[2026-04-30T02:46:36.539+0000] {logging_mixin.py:188} INFO - [2026-04-30T02:46:36.539+0000] {dag.py:3947} INFO - Setting next_dagrun for fin_ratio_v2 to 2026-04-01 00:00:00+00:00, run_after=2026-05-01 00:00:00+00:00
[2026-04-30T02:46:36.562+0000] {processor.py:183} INFO - Processing /opt/airflow/dags/dl_fin_ratio_v2.py took 0.096 seconds
[2026-04-30T02:47:07.033+0000] {processor.py:161} INFO - Started process (PID=4246) to work on /opt/airflow/dags/dl_fin_ratio_v2.py
[2026-04-30T02:47:07.034+0000] {processor.py:830} INFO - Processing file /opt/airflow/dags/dl_fin_ratio_v2.py for tasks to queue
[2026-04-30T02:47:07.036+0000] {logging_mixin.py:188} INFO - [2026-04-30T02:47:07.035+0000] {dagbag.py:545} INFO - Filling up the DagBag from /opt/airflow/dags/dl_fin_ratio_v2.py
[2026-04-30T02:47:07.068+0000] {processor.py:840} INFO - DAG(s) 'fin_ratio_v2' retrieved from /opt/airflow/dags/dl_fin_ratio_v2.py
[2026-04-30T02:47:07.082+0000] {logging_mixin.py:188} INFO - [2026-04-30T02:47:07.081+0000] {dag.py:3089} INFO - Sync 1 DAGs
[2026-04-30T02:47:07.102+0000] {logging_mixin.py:188} INFO - [2026-04-30T02:47:07.101+0000] {dag.py:3947} INFO - Setting next_dagrun for fin_ratio_v2 to 2026-04-01 00:00:00+00:00, run_after=2026-05-01 00:00:00+00:00
[2026-04-30T02:47:07.117+0000] {processor.py:183} INFO - Processing /opt/airflow/dags/dl_fin_ratio_v2.py took 0.090 seconds
[2026-04-30T02:47:37.764+0000] {processor.py:161} INFO - Started process (PID=4271) to work on /opt/airflow/dags/dl_fin_ratio_v2.py
[2026-04-30T02:47:37.765+0000] {processor.py:830} INFO - Processing file /opt/airflow/dags/dl_fin_ratio_v2.py for tasks to queue
[2026-04-30T02:47:37.767+0000] {logging_mixin.py:188} INFO - [2026-04-30T02:47:37.767+0000] {dagbag.py:545} INFO - Filling up the DagBag from /opt/airflow/dags/dl_fin_ratio_v2.py
[2026-04-30T02:47:37.798+0000] {processor.py:840} INFO - DAG(s) 'fin_ratio_v2' retrieved from /opt/airflow/dags/dl_fin_ratio_v2.py
[2026-04-30T02:47:37.812+0000] {logging_mixin.py:188} INFO - [2026-04-30T02:47:37.811+0000] {dag.py:3089} INFO - Sync 1 DAGs
[2026-04-30T02:47:37.830+0000] {logging_mixin.py:188} INFO - [2026-04-30T02:47:37.830+0000] {dag.py:3947} INFO - Setting next_dagrun for fin_ratio_v2 to 2026-04-01 00:00:00+00:00, run_after=2026-05-01 00:00:00+00:00
[2026-04-30T02:47:37.851+0000] {processor.py:183} INFO - Processing /opt/airflow/dags/dl_fin_ratio_v2.py took 0.093 seconds
[2026-04-30T02:48:08.432+0000] {processor.py:161} INFO - Started process (PID=4296) to work on /opt/airflow/dags/dl_fin_ratio_v2.py
[2026-04-30T02:48:08.433+0000] {processor.py:830} INFO - Processing file /opt/airflow/dags/dl_fin_ratio_v2.py for tasks to queue
[2026-04-30T02:48:08.436+0000] {logging_mixin.py:188} INFO - [2026-04-30T02:48:08.436+0000] {dagbag.py:545} INFO - Filling up the DagBag from /opt/airflow/dags/dl_fin_ratio_v2.py
[2026-04-30T02:48:08.474+0000] {processor.py:840} INFO - DAG(s) 'fin_ratio_v2' retrieved from /opt/airflow/dags/dl_fin_ratio_v2.py
[2026-04-30T02:48:08.491+0000] {logging_mixin.py:188} INFO - [2026-04-30T02:48:08.491+0000] {dag.py:3089} INFO - Sync 1 DAGs
[2026-04-30T02:48:08.513+0000] {logging_mixin.py:188} INFO - [2026-04-30T02:48:08.513+0000] {dag.py:3947} INFO - Setting next_dagrun for fin_ratio_v2 to 2026-04-01 00:00:00+00:00, run_after=2026-05-01 00:00:00+00:00
[2026-04-30T02:48:08.532+0000] {processor.py:183} INFO - Processing /opt/airflow/dags/dl_fin_ratio_v2.py took 0.107 seconds
[2026-04-30T02:48:39.359+0000] {processor.py:161} INFO - Started process (PID=4321) to work on /opt/airflow/dags/dl_fin_ratio_v2.py
[2026-04-30T02:48:39.360+0000] {processor.py:830} INFO - Processing file /opt/airflow/dags/dl_fin_ratio_v2.py for tasks to queue
[2026-04-30T02:48:39.363+0000] {logging_mixin.py:188} INFO - [2026-04-30T02:48:39.362+0000] {dagbag.py:545} INFO - Filling up the DagBag from /opt/airflow/dags/dl_fin_ratio_v2.py
[2026-04-30T02:48:39.400+0000] {processor.py:840} INFO - DAG(s) 'fin_ratio_v2' retrieved from /opt/airflow/dags/dl_fin_ratio_v2.py
[2026-04-30T02:48:39.415+0000] {logging_mixin.py:188} INFO - [2026-04-30T02:48:39.415+0000] {dag.py:3089} INFO - Sync 1 DAGs
[2026-04-30T02:48:39.437+0000] {logging_mixin.py:188} INFO - [2026-04-30T02:48:39.437+0000] {dag.py:3947} INFO - Setting next_dagrun for fin_ratio_v2 to 2026-04-01 00:00:00+00:00, run_after=2026-05-01 00:00:00+00:00
[2026-04-30T02:48:39.456+0000] {processor.py:183} INFO - Processing /opt/airflow/dags/dl_fin_ratio_v2.py took 0.103 seconds
[2026-04-30T02:49:09.898+0000] {processor.py:161} INFO - Started process (PID=4346) to work on /opt/airflow/dags/dl_fin_ratio_v2.py
[2026-04-30T02:49:09.899+0000] {processor.py:830} INFO - Processing file /opt/airflow/dags/dl_fin_ratio_v2.py for tasks to queue
[2026-04-30T02:49:09.901+0000] {logging_mixin.py:188} INFO - [2026-04-30T02:49:09.900+0000] {dagbag.py:545} INFO - Filling up the DagBag from /opt/airflow/dags/dl_fin_ratio_v2.py
[2026-04-30T02:49:09.935+0000] {processor.py:840} INFO - DAG(s) 'fin_ratio_v2' retrieved from /opt/airflow/dags/dl_fin_ratio_v2.py
[2026-04-30T02:49:09.950+0000] {logging_mixin.py:188} INFO - [2026-04-30T02:49:09.950+0000] {dag.py:3089} INFO - Sync 1 DAGs
[2026-04-30T02:49:09.972+0000] {logging_mixin.py:188} INFO - [2026-04-30T02:49:09.971+0000] {dag.py:3947} INFO - Setting next_dagrun for fin_ratio_v2 to 2026-04-01 00:00:00+00:00, run_after=2026-05-01 00:00:00+00:00
[2026-04-30T02:49:09.994+0000] {processor.py:183} INFO - Processing /opt/airflow/dags/dl_fin_ratio_v2.py took 0.103 seconds
[2026-04-30T02:49:40.795+0000] {processor.py:161} INFO - Started process (PID=4371) to work on /opt/airflow/dags/dl_fin_ratio_v2.py
[2026-04-30T02:49:40.796+0000] {processor.py:830} INFO - Processing file /opt/airflow/dags/dl_fin_ratio_v2.py for tasks to queue
[2026-04-30T02:49:40.799+0000] {logging_mixin.py:188} INFO - [2026-04-30T02:49:40.799+0000] {dagbag.py:545} INFO - Filling up the DagBag from /opt/airflow/dags/dl_fin_ratio_v2.py
[2026-04-30T02:49:40.847+0000] {processor.py:840} INFO - DAG(s) 'fin_ratio_v2' retrieved from /opt/airflow/dags/dl_fin_ratio_v2.py
[2026-04-30T02:49:40.866+0000] {logging_mixin.py:188} INFO - [2026-04-30T02:49:40.866+0000] {dag.py:3089} INFO - Sync 1 DAGs
[2026-04-30T02:49:40.897+0000] {logging_mixin.py:188} INFO - [2026-04-30T02:49:40.897+0000] {dag.py:3947} INFO - Setting next_dagrun for fin_ratio_v2 to 2026-04-01 00:00:00+00:00, run_after=2026-05-01 00:00:00+00:00
[2026-04-30T02:49:40.926+0000] {processor.py:183} INFO - Processing /opt/airflow/dags/dl_fin_ratio_v2.py took 0.138 seconds
[2026-04-30T02:50:11.487+0000] {processor.py:161} INFO - Started process (PID=4396) to work on /opt/airflow/dags/dl_fin_ratio_v2.py
[2026-04-30T02:50:11.487+0000] {processor.py:830} INFO - Processing file /opt/airflow/dags/dl_fin_ratio_v2.py for tasks to queue
[2026-04-30T02:50:11.490+0000] {logging_mixin.py:188} INFO - [2026-04-30T02:50:11.489+0000] {dagbag.py:545} INFO - Filling up the DagBag from /opt/airflow/dags/dl_fin_ratio_v2.py
[2026-04-30T02:50:11.524+0000] {processor.py:840} INFO - DAG(s) 'fin_ratio_v2' retrieved from /opt/airflow/dags/dl_fin_ratio_v2.py
[2026-04-30T02:50:11.539+0000] {logging_mixin.py:188} INFO - [2026-04-30T02:50:11.538+0000] {dag.py:3089} INFO - Sync 1 DAGs
[2026-04-30T02:50:11.559+0000] {logging_mixin.py:188} INFO - [2026-04-30T02:50:11.559+0000] {dag.py:3947} INFO - Setting next_dagrun for fin_ratio_v2 to 2026-04-01 00:00:00+00:00, run_after=2026-05-01 00:00:00+00:00
[2026-04-30T02:50:11.585+0000] {processor.py:183} INFO - Processing /opt/airflow/dags/dl_fin_ratio_v2.py took 0.105 seconds
[2026-04-30T02:50:42.289+0000] {processor.py:161} INFO - Started process (PID=4421) to work on /opt/airflow/dags/dl_fin_ratio_v2.py
[2026-04-30T02:50:42.290+0000] {processor.py:830} INFO - Processing file /opt/airflow/dags/dl_fin_ratio_v2.py for tasks to queue
[2026-04-30T02:50:42.292+0000] {logging_mixin.py:188} INFO - [2026-04-30T02:50:42.292+0000] {dagbag.py:545} INFO - Filling up the DagBag from /opt/airflow/dags/dl_fin_ratio_v2.py
[2026-04-30T02:50:42.334+0000] {processor.py:840} INFO - DAG(s) 'fin_ratio_v2' retrieved from /opt/airflow/dags/dl_fin_ratio_v2.py
[2026-04-30T02:50:42.350+0000] {logging_mixin.py:188} INFO - [2026-04-30T02:50:42.350+0000] {dag.py:3089} INFO - Sync 1 DAGs
[2026-04-30T02:50:42.376+0000] {logging_mixin.py:188} INFO - [2026-04-30T02:50:42.376+0000] {dag.py:3947} INFO - Setting next_dagrun for fin_ratio_v2 to 2026-04-01 00:00:00+00:00, run_after=2026-05-01 00:00:00+00:00
[2026-04-30T02:50:42.396+0000] {processor.py:183} INFO - Processing /opt/airflow/dags/dl_fin_ratio_v2.py took 0.113 seconds
[2026-04-30T02:51:13.028+0000] {processor.py:161} INFO - Started process (PID=4446) to work on /opt/airflow/dags/dl_fin_ratio_v2.py
[2026-04-30T02:51:13.030+0000] {processor.py:830} INFO - Processing file /opt/airflow/dags/dl_fin_ratio_v2.py for tasks to queue
[2026-04-30T02:51:13.033+0000] {logging_mixin.py:188} INFO - [2026-04-30T02:51:13.032+0000] {dagbag.py:545} INFO - Filling up the DagBag from /opt/airflow/dags/dl_fin_ratio_v2.py
[2026-04-30T02:51:13.072+0000] {processor.py:840} INFO - DAG(s) 'fin_ratio_v2' retrieved from /opt/airflow/dags/dl_fin_ratio_v2.py
[2026-04-30T02:51:13.086+0000] {logging_mixin.py:188} INFO - [2026-04-30T02:51:13.086+0000] {dag.py:3089} INFO - Sync 1 DAGs
[2026-04-30T02:51:13.109+0000] {logging_mixin.py:188} INFO - [2026-04-30T02:51:13.109+0000] {dag.py:3947} INFO - Setting next_dagrun for fin_ratio_v2 to 2026-04-01 00:00:00+00:00, run_after=2026-05-01 00:00:00+00:00
[2026-04-30T02:51:13.131+0000] {processor.py:183} INFO - Processing /opt/airflow/dags/dl_fin_ratio_v2.py took 0.111 seconds
[2026-04-30T02:51:43.752+0000] {processor.py:161} INFO - Started process (PID=4471) to work on /opt/airflow/dags/dl_fin_ratio_v2.py
[2026-04-30T02:51:43.753+0000] {processor.py:830} INFO - Processing file /opt/airflow/dags/dl_fin_ratio_v2.py for tasks to queue
[2026-04-30T02:51:43.755+0000] {logging_mixin.py:188} INFO - [2026-04-30T02:51:43.755+0000] {dagbag.py:545} INFO - Filling up the DagBag from /opt/airflow/dags/dl_fin_ratio_v2.py
[2026-04-30T02:51:43.788+0000] {processor.py:840} INFO - DAG(s) 'fin_ratio_v2' retrieved from /opt/airflow/dags/dl_fin_ratio_v2.py
[2026-04-30T02:51:43.800+0000] {logging_mixin.py:188} INFO - [2026-04-30T02:51:43.800+0000] {dag.py:3089} INFO - Sync 1 DAGs
[2026-04-30T02:51:43.819+0000] {logging_mixin.py:188} INFO - [2026-04-30T02:51:43.819+0000] {dag.py:3947} INFO - Setting next_dagrun for fin_ratio_v2 to 2026-04-01 00:00:00+00:00, run_after=2026-05-01 00:00:00+00:00
[2026-04-30T02:51:43.838+0000] {processor.py:183} INFO - Processing /opt/airflow/dags/dl_fin_ratio_v2.py took 0.091 seconds
[2026-04-30T02:52:14.427+0000] {processor.py:161} INFO - Started process (PID=4496) to work on /opt/airflow/dags/dl_fin_ratio_v2.py
[2026-04-30T02:52:14.428+0000] {processor.py:830} INFO - Processing file /opt/airflow/dags/dl_fin_ratio_v2.py for tasks to queue
[2026-04-30T02:52:14.431+0000] {logging_mixin.py:188} INFO - [2026-04-30T02:52:14.430+0000] {dagbag.py:545} INFO - Filling up the DagBag from /opt/airflow/dags/dl_fin_ratio_v2.py
[2026-04-30T02:52:14.464+0000] {processor.py:840} INFO - DAG(s) 'fin_ratio_v2' retrieved from /opt/airflow/dags/dl_fin_ratio_v2.py
[2026-04-30T02:52:14.478+0000] {logging_mixin.py:188} INFO - [2026-04-30T02:52:14.478+0000] {dag.py:3089} INFO - Sync 1 DAGs
[2026-04-30T02:52:14.499+0000] {logging_mixin.py:188} INFO - [2026-04-30T02:52:14.499+0000] {dag.py:3947} INFO - Setting next_dagrun for fin_ratio_v2 to 2026-04-01 00:00:00+00:00, run_after=2026-05-01 00:00:00+00:00
[2026-04-30T02:52:14.520+0000] {processor.py:183} INFO - Processing /opt/airflow/dags/dl_fin_ratio_v2.py took 0.099 seconds
[2026-04-30T02:52:45.150+0000] {processor.py:161} INFO - Started process (PID=4521) to work on /opt/airflow/dags/dl_fin_ratio_v2.py
[2026-04-30T02:52:45.151+0000] {processor.py:830} INFO - Processing file /opt/airflow/dags/dl_fin_ratio_v2.py for tasks to queue
[2026-04-30T02:52:45.153+0000] {logging_mixin.py:188} INFO - [2026-04-30T02:52:45.152+0000] {dagbag.py:545} INFO - Filling up the DagBag from /opt/airflow/dags/dl_fin_ratio_v2.py
[2026-04-30T02:52:45.182+0000] {processor.py:840} INFO - DAG(s) 'fin_ratio_v2' retrieved from /opt/airflow/dags/dl_fin_ratio_v2.py
[2026-04-30T02:52:45.195+0000] {logging_mixin.py:188} INFO - [2026-04-30T02:52:45.195+0000] {dag.py:3089} INFO - Sync 1 DAGs
[2026-04-30T02:52:45.214+0000] {logging_mixin.py:188} INFO - [2026-04-30T02:52:45.214+0000] {dag.py:3947} INFO - Setting next_dagrun for fin_ratio_v2 to 2026-04-01 00:00:00+00:00, run_after=2026-05-01 00:00:00+00:00
[2026-04-30T02:52:45.234+0000] {processor.py:183} INFO - Processing /opt/airflow/dags/dl_fin_ratio_v2.py took 0.090 seconds
[2026-04-30T02:53:15.655+0000] {processor.py:161} INFO - Started process (PID=4546) to work on /opt/airflow/dags/dl_fin_ratio_v2.py
[2026-04-30T02:53:15.660+0000] {processor.py:830} INFO - Processing file /opt/airflow/dags/dl_fin_ratio_v2.py for tasks to queue
[2026-04-30T02:53:15.665+0000] {logging_mixin.py:188} INFO - [2026-04-30T02:53:15.664+0000] {dagbag.py:545} INFO - Filling up the DagBag from /opt/airflow/dags/dl_fin_ratio_v2.py
[2026-04-30T02:53:15.734+0000] {processor.py:840} INFO - DAG(s) 'fin_ratio_v2' retrieved from /opt/airflow/dags/dl_fin_ratio_v2.py
[2026-04-30T02:53:15.759+0000] {logging_mixin.py:188} INFO - [2026-04-30T02:53:15.759+0000] {dag.py:3089} INFO - Sync 1 DAGs
[2026-04-30T02:53:15.789+0000] {logging_mixin.py:188} INFO - [2026-04-30T02:53:15.789+0000] {dag.py:3947} INFO - Setting next_dagrun for fin_ratio_v2 to 2026-04-01 00:00:00+00:00, run_after=2026-05-01 00:00:00+00:00
[2026-04-30T02:53:15.817+0000] {processor.py:183} INFO - Processing /opt/airflow/dags/dl_fin_ratio_v2.py took 0.176 seconds
[2026-04-30T02:53:46.695+0000] {processor.py:161} INFO - Started process (PID=4571) to work on /opt/airflow/dags/dl_fin_ratio_v2.py
[2026-04-30T02:53:46.696+0000] {processor.py:830} INFO - Processing file /opt/airflow/dags/dl_fin_ratio_v2.py for tasks to queue
[2026-04-30T02:53:46.699+0000] {logging_mixin.py:188} INFO - [2026-04-30T02:53:46.698+0000] {dagbag.py:545} INFO - Filling up the DagBag from /opt/airflow/dags/dl_fin_ratio_v2.py
[2026-04-30T02:53:46.730+0000] {processor.py:840} INFO - DAG(s) 'fin_ratio_v2' retrieved from /opt/airflow/dags/dl_fin_ratio_v2.py
[2026-04-30T02:53:46.744+0000] {logging_mixin.py:188} INFO - [2026-04-30T02:53:46.744+0000] {dag.py:3089} INFO - Sync 1 DAGs
[2026-04-30T02:53:46.764+0000] {logging_mixin.py:188} INFO - [2026-04-30T02:53:46.764+0000] {dag.py:3947} INFO - Setting next_dagrun for fin_ratio_v2 to 2026-04-01 00:00:00+00:00, run_after=2026-05-01 00:00:00+00:00
[2026-04-30T02:53:46.782+0000] {processor.py:183} INFO - Processing /opt/airflow/dags/dl_fin_ratio_v2.py took 0.092 seconds
[2026-04-30T02:54:17.231+0000] {processor.py:161} INFO - Started process (PID=4596) to work on /opt/airflow/dags/dl_fin_ratio_v2.py
[2026-04-30T02:54:17.232+0000] {processor.py:830} INFO - Processing file /opt/airflow/dags/dl_fin_ratio_v2.py for tasks to queue
[2026-04-30T02:54:17.234+0000] {logging_mixin.py:188} INFO - [2026-04-30T02:54:17.234+0000] {dagbag.py:545} INFO - Filling up the DagBag from /opt/airflow/dags/dl_fin_ratio_v2.py
[2026-04-30T02:54:17.275+0000] {processor.py:840} INFO - DAG(s) 'fin_ratio_v2' retrieved from /opt/airflow/dags/dl_fin_ratio_v2.py
[2026-04-30T02:54:17.288+0000] {logging_mixin.py:188} INFO - [2026-04-30T02:54:17.288+0000] {dag.py:3089} INFO - Sync 1 DAGs
[2026-04-30T02:54:17.307+0000] {logging_mixin.py:188} INFO - [2026-04-30T02:54:17.307+0000] {dag.py:3947} INFO - Setting next_dagrun for fin_ratio_v2 to 2026-04-01 00:00:00+00:00, run_after=2026-05-01 00:00:00+00:00
[2026-04-30T02:54:17.324+0000] {processor.py:183} INFO - Processing /opt/airflow/dags/dl_fin_ratio_v2.py took 0.098 seconds
[2026-04-30T02:54:48.208+0000] {processor.py:161} INFO - Started process (PID=4621) to work on /opt/airflow/dags/dl_fin_ratio_v2.py
[2026-04-30T02:54:48.209+0000] {processor.py:830} INFO - Processing file /opt/airflow/dags/dl_fin_ratio_v2.py for tasks to queue
[2026-04-30T02:54:48.212+0000] {logging_mixin.py:188} INFO - [2026-04-30T02:54:48.211+0000] {dagbag.py:545} INFO - Filling up the DagBag from /opt/airflow/dags/dl_fin_ratio_v2.py
[2026-04-30T02:54:48.245+0000] {processor.py:840} INFO - DAG(s) 'fin_ratio_v2' retrieved from /opt/airflow/dags/dl_fin_ratio_v2.py
[2026-04-30T02:54:48.259+0000] {logging_mixin.py:188} INFO - [2026-04-30T02:54:48.259+0000] {dag.py:3089} INFO - Sync 1 DAGs
[2026-04-30T02:54:48.280+0000] {logging_mixin.py:188} INFO - [2026-04-30T02:54:48.280+0000] {dag.py:3947} INFO - Setting next_dagrun for fin_ratio_v2 to 2026-04-01 00:00:00+00:00, run_after=2026-05-01 00:00:00+00:00
[2026-04-30T02:54:48.298+0000] {processor.py:183} INFO - Processing /opt/airflow/dags/dl_fin_ratio_v2.py took 0.095 seconds
[2026-04-30T02:55:18.768+0000] {processor.py:161} INFO - Started process (PID=4646) to work on /opt/airflow/dags/dl_fin_ratio_v2.py
[2026-04-30T02:55:18.769+0000] {processor.py:830} INFO - Processing file /opt/airflow/dags/dl_fin_ratio_v2.py for tasks to queue
[2026-04-30T02:55:18.771+0000] {logging_mixin.py:188} INFO - [2026-04-30T02:55:18.771+0000] {dagbag.py:545} INFO - Filling up the DagBag from /opt/airflow/dags/dl_fin_ratio_v2.py
[2026-04-30T02:55:18.803+0000] {processor.py:840} INFO - DAG(s) 'fin_ratio_v2' retrieved from /opt/airflow/dags/dl_fin_ratio_v2.py
[2026-04-30T02:55:18.817+0000] {logging_mixin.py:188} INFO - [2026-04-30T02:55:18.817+0000] {dag.py:3089} INFO - Sync 1 DAGs
[2026-04-30T02:55:18.835+0000] {logging_mixin.py:188} INFO - [2026-04-30T02:55:18.835+0000] {dag.py:3947} INFO - Setting next_dagrun for fin_ratio_v2 to 2026-04-01 00:00:00+00:00, run_after=2026-05-01 00:00:00+00:00
[2026-04-30T02:55:18.855+0000] {processor.py:183} INFO - Processing /opt/airflow/dags/dl_fin_ratio_v2.py took 0.093 seconds
[2026-04-30T02:55:49.476+0000] {processor.py:161} INFO - Started process (PID=4671) to work on /opt/airflow/dags/dl_fin_ratio_v2.py
[2026-04-30T02:55:49.477+0000] {processor.py:830} INFO - Processing file /opt/airflow/dags/dl_fin_ratio_v2.py for tasks to queue
[2026-04-30T02:55:49.480+0000] {logging_mixin.py:188} INFO - [2026-04-30T02:55:49.480+0000] {dagbag.py:545} INFO - Filling up the DagBag from /opt/airflow/dags/dl_fin_ratio_v2.py
[2026-04-30T02:55:49.517+0000] {processor.py:840} INFO - DAG(s) 'fin_ratio_v2' retrieved from /opt/airflow/dags/dl_fin_ratio_v2.py
[2026-04-30T02:55:49.532+0000] {logging_mixin.py:188} INFO - [2026-04-30T02:55:49.531+0000] {dag.py:3089} INFO - Sync 1 DAGs
[2026-04-30T02:55:49.554+0000] {logging_mixin.py:188} INFO - [2026-04-30T02:55:49.554+0000] {dag.py:3947} INFO - Setting next_dagrun for fin_ratio_v2 to 2026-04-01 00:00:00+00:00, run_after=2026-05-01 00:00:00+00:00
[2026-04-30T02:55:49.574+0000] {processor.py:183} INFO - Processing /opt/airflow/dags/dl_fin_ratio_v2.py took 0.106 seconds
[2026-04-30T02:56:20.042+0000] {processor.py:161} INFO - Started process (PID=4696) to work on /opt/airflow/dags/dl_fin_ratio_v2.py
[2026-04-30T02:56:20.043+0000] {processor.py:830} INFO - Processing file /opt/airflow/dags/dl_fin_ratio_v2.py for tasks to queue
[2026-04-30T02:56:20.045+0000] {logging_mixin.py:188} INFO - [2026-04-30T02:56:20.045+0000] {dagbag.py:545} INFO - Filling up the DagBag from /opt/airflow/dags/dl_fin_ratio_v2.py
[2026-04-30T02:56:20.080+0000] {processor.py:840} INFO - DAG(s) 'fin_ratio_v2' retrieved from /opt/airflow/dags/dl_fin_ratio_v2.py
[2026-04-30T02:56:20.095+0000] {logging_mixin.py:188} INFO - [2026-04-30T02:56:20.095+0000] {dag.py:3089} INFO - Sync 1 DAGs
[2026-04-30T02:56:20.115+0000] {logging_mixin.py:188} INFO - [2026-04-30T02:56:20.115+0000] {dag.py:3947} INFO - Setting next_dagrun for fin_ratio_v2 to 2026-04-01 00:00:00+00:00, run_after=2026-05-01 00:00:00+00:00
[2026-04-30T02:56:20.137+0000] {processor.py:183} INFO - Processing /opt/airflow/dags/dl_fin_ratio_v2.py took 0.101 seconds
[2026-04-30T02:56:50.843+0000] {processor.py:161} INFO - Started process (PID=4721) to work on /opt/airflow/dags/dl_fin_ratio_v2.py
[2026-04-30T02:56:50.843+0000] {processor.py:830} INFO - Processing file /opt/airflow/dags/dl_fin_ratio_v2.py for tasks to queue
[2026-04-30T02:56:50.846+0000] {logging_mixin.py:188} INFO - [2026-04-30T02:56:50.845+0000] {dagbag.py:545} INFO - Filling up the DagBag from /opt/airflow/dags/dl_fin_ratio_v2.py
[2026-04-30T02:56:50.879+0000] {processor.py:840} INFO - DAG(s) 'fin_ratio_v2' retrieved from /opt/airflow/dags/dl_fin_ratio_v2.py
[2026-04-30T02:56:50.894+0000] {logging_mixin.py:188} INFO - [2026-04-30T02:56:50.894+0000] {dag.py:3089} INFO - Sync 1 DAGs
[2026-04-30T02:56:50.913+0000] {logging_mixin.py:188} INFO - [2026-04-30T02:56:50.913+0000] {dag.py:3947} INFO - Setting next_dagrun for fin_ratio_v2 to 2026-04-01 00:00:00+00:00, run_after=2026-05-01 00:00:00+00:00
[2026-04-30T02:56:50.932+0000] {processor.py:183} INFO - Processing /opt/airflow/dags/dl_fin_ratio_v2.py took 0.095 seconds
[2026-04-30T02:57:21.665+0000] {processor.py:161} INFO - Started process (PID=4746) to work on /opt/airflow/dags/dl_fin_ratio_v2.py
[2026-04-30T02:57:21.666+0000] {processor.py:830} INFO - Processing file /opt/airflow/dags/dl_fin_ratio_v2.py for tasks to queue
[2026-04-30T02:57:21.668+0000] {logging_mixin.py:188} INFO - [2026-04-30T02:57:21.668+0000] {dagbag.py:545} INFO - Filling up the DagBag from /opt/airflow/dags/dl_fin_ratio_v2.py
[2026-04-30T02:57:21.704+0000] {processor.py:840} INFO - DAG(s) 'fin_ratio_v2' retrieved from /opt/airflow/dags/dl_fin_ratio_v2.py
[2026-04-30T02:57:21.718+0000] {logging_mixin.py:188} INFO - [2026-04-30T02:57:21.718+0000] {dag.py:3089} INFO - Sync 1 DAGs
[2026-04-30T02:57:21.737+0000] {logging_mixin.py:188} INFO - [2026-04-30T02:57:21.737+0000] {dag.py:3947} INFO - Setting next_dagrun for fin_ratio_v2 to 2026-04-01 00:00:00+00:00, run_after=2026-05-01 00:00:00+00:00
[2026-04-30T02:57:21.761+0000] {processor.py:183} INFO - Processing /opt/airflow/dags/dl_fin_ratio_v2.py took 0.102 seconds
[2026-04-30T02:57:52.350+0000] {processor.py:161} INFO - Started process (PID=4771) to work on /opt/airflow/dags/dl_fin_ratio_v2.py
[2026-04-30T02:57:52.351+0000] {processor.py:830} INFO - Processing file /opt/airflow/dags/dl_fin_ratio_v2.py for tasks to queue
[2026-04-30T02:57:52.353+0000] {logging_mixin.py:188} INFO - [2026-04-30T02:57:52.352+0000] {dagbag.py:545} INFO - Filling up the DagBag from /opt/airflow/dags/dl_fin_ratio_v2.py
[2026-04-30T02:57:52.386+0000] {processor.py:840} INFO - DAG(s) 'fin_ratio_v2' retrieved from /opt/airflow/dags/dl_fin_ratio_v2.py
[2026-04-30T02:57:52.399+0000] {logging_mixin.py:188} INFO - [2026-04-30T02:57:52.398+0000] {dag.py:3089} INFO - Sync 1 DAGs
[2026-04-30T02:57:52.417+0000] {logging_mixin.py:188} INFO - [2026-04-30T02:57:52.417+0000] {dag.py:3947} INFO - Setting next_dagrun for fin_ratio_v2 to 2026-04-01 00:00:00+00:00, run_after=2026-05-01 00:00:00+00:00
[2026-04-30T02:57:52.435+0000] {processor.py:183} INFO - Processing /opt/airflow/dags/dl_fin_ratio_v2.py took 0.090 seconds
[2026-04-30T02:58:22.969+0000] {processor.py:161} INFO - Started process (PID=4796) to work on /opt/airflow/dags/dl_fin_ratio_v2.py
[2026-04-30T02:58:22.970+0000] {processor.py:830} INFO - Processing file /opt/airflow/dags/dl_fin_ratio_v2.py for tasks to queue
[2026-04-30T02:58:22.973+0000] {logging_mixin.py:188} INFO - [2026-04-30T02:58:22.972+0000] {dagbag.py:545} INFO - Filling up the DagBag from /opt/airflow/dags/dl_fin_ratio_v2.py
[2026-04-30T02:58:23.007+0000] {processor.py:840} INFO - DAG(s) 'fin_ratio_v2' retrieved from /opt/airflow/dags/dl_fin_ratio_v2.py
[2026-04-30T02:58:23.021+0000] {logging_mixin.py:188} INFO - [2026-04-30T02:58:23.021+0000] {dag.py:3089} INFO - Sync 1 DAGs
[2026-04-30T02:58:23.039+0000] {logging_mixin.py:188} INFO - [2026-04-30T02:58:23.039+0000] {dag.py:3947} INFO - Setting next_dagrun for fin_ratio_v2 to 2026-04-01 00:00:00+00:00, run_after=2026-05-01 00:00:00+00:00
[2026-04-30T02:58:23.055+0000] {processor.py:183} INFO - Processing /opt/airflow/dags/dl_fin_ratio_v2.py took 0.090 seconds
[2026-04-30T02:58:53.986+0000] {processor.py:161} INFO - Started process (PID=4821) to work on /opt/airflow/dags/dl_fin_ratio_v2.py
[2026-04-30T02:58:53.987+0000] {processor.py:830} INFO - Processing file /opt/airflow/dags/dl_fin_ratio_v2.py for tasks to queue
[2026-04-30T02:58:53.989+0000] {logging_mixin.py:188} INFO - [2026-04-30T02:58:53.989+0000] {dagbag.py:545} INFO - Filling up the DagBag from /opt/airflow/dags/dl_fin_ratio_v2.py
[2026-04-30T02:58:54.024+0000] {processor.py:840} INFO - DAG(s) 'fin_ratio_v2' retrieved from /opt/airflow/dags/dl_fin_ratio_v2.py
[2026-04-30T02:58:54.038+0000] {logging_mixin.py:188} INFO - [2026-04-30T02:58:54.038+0000] {dag.py:3089} INFO - Sync 1 DAGs
[2026-04-30T02:58:54.057+0000] {logging_mixin.py:188} INFO - [2026-04-30T02:58:54.057+0000] {dag.py:3947} INFO - Setting next_dagrun for fin_ratio_v2 to 2026-04-01 00:00:00+00:00, run_after=2026-05-01 00:00:00+00:00
[2026-04-30T02:58:54.079+0000] {processor.py:183} INFO - Processing /opt/airflow/dags/dl_fin_ratio_v2.py took 0.099 seconds
[2026-04-30T02:59:24.478+0000] {processor.py:161} INFO - Started process (PID=4846) to work on /opt/airflow/dags/dl_fin_ratio_v2.py
[2026-04-30T02:59:24.479+0000] {processor.py:830} INFO - Processing file /opt/airflow/dags/dl_fin_ratio_v2.py for tasks to queue
[2026-04-30T02:59:24.481+0000] {logging_mixin.py:188} INFO - [2026-04-30T02:59:24.481+0000] {dagbag.py:545} INFO - Filling up the DagBag from /opt/airflow/dags/dl_fin_ratio_v2.py
[2026-04-30T02:59:24.512+0000] {processor.py:840} INFO - DAG(s) 'fin_ratio_v2' retrieved from /opt/airflow/dags/dl_fin_ratio_v2.py
[2026-04-30T02:59:24.525+0000] {logging_mixin.py:188} INFO - [2026-04-30T02:59:24.525+0000] {dag.py:3089} INFO - Sync 1 DAGs
[2026-04-30T02:59:24.547+0000] {logging_mixin.py:188} INFO - [2026-04-30T02:59:24.546+0000] {dag.py:3947} INFO - Setting next_dagrun for fin_ratio_v2 to 2026-04-01 00:00:00+00:00, run_after=2026-05-01 00:00:00+00:00
[2026-04-30T02:59:24.574+0000] {processor.py:183} INFO - Processing /opt/airflow/dags/dl_fin_ratio_v2.py took 0.101 seconds
[2026-04-30T02:59:55.193+0000] {processor.py:161} INFO - Started process (PID=4872) to work on /opt/airflow/dags/dl_fin_ratio_v2.py
[2026-04-30T02:59:55.194+0000] {processor.py:830} INFO - Processing file /opt/airflow/dags/dl_fin_ratio_v2.py for tasks to queue
[2026-04-30T02:59:55.196+0000] {logging_mixin.py:188} INFO - [2026-04-30T02:59:55.196+0000] {dagbag.py:545} INFO - Filling up the DagBag from /opt/airflow/dags/dl_fin_ratio_v2.py
[2026-04-30T02:59:55.232+0000] {processor.py:840} INFO - DAG(s) 'fin_ratio_v2' retrieved from /opt/airflow/dags/dl_fin_ratio_v2.py
[2026-04-30T02:59:55.247+0000] {logging_mixin.py:188} INFO - [2026-04-30T02:59:55.247+0000] {dag.py:3089} INFO - Sync 1 DAGs
[2026-04-30T02:59:55.269+0000] {logging_mixin.py:188} INFO - [2026-04-30T02:59:55.268+0000] {dag.py:3947} INFO - Setting next_dagrun for fin_ratio_v2 to 2026-04-01 00:00:00+00:00, run_after=2026-05-01 00:00:00+00:00
[2026-04-30T02:59:55.286+0000] {processor.py:183} INFO - Processing /opt/airflow/dags/dl_fin_ratio_v2.py took 0.099 seconds
[2026-04-30T03:00:25.694+0000] {processor.py:161} INFO - Started process (PID=4916) to work on /opt/airflow/dags/dl_fin_ratio_v2.py
[2026-04-30T03:00:25.696+0000] {processor.py:830} INFO - Processing file /opt/airflow/dags/dl_fin_ratio_v2.py for tasks to queue
[2026-04-30T03:00:25.699+0000] {logging_mixin.py:188} INFO - [2026-04-30T03:00:25.699+0000] {dagbag.py:545} INFO - Filling up the DagBag from /opt/airflow/dags/dl_fin_ratio_v2.py
[2026-04-30T03:00:25.757+0000] {processor.py:840} INFO - DAG(s) 'fin_ratio_v2' retrieved from /opt/airflow/dags/dl_fin_ratio_v2.py
[2026-04-30T03:00:25.780+0000] {logging_mixin.py:188} INFO - [2026-04-30T03:00:25.780+0000] {dag.py:3089} INFO - Sync 1 DAGs
[2026-04-30T03:00:25.815+0000] {logging_mixin.py:188} INFO - [2026-04-30T03:00:25.815+0000] {dag.py:3947} INFO - Setting next_dagrun for fin_ratio_v2 to 2026-04-01 00:00:00+00:00, run_after=2026-05-01 00:00:00+00:00
[2026-04-30T03:00:25.844+0000] {processor.py:183} INFO - Processing /opt/airflow/dags/dl_fin_ratio_v2.py took 0.157 seconds
[2026-04-30T03:00:56.626+0000] {processor.py:161} INFO - Started process (PID=4941) to work on /opt/airflow/dags/dl_fin_ratio_v2.py
[2026-04-30T03:00:56.628+0000] {processor.py:830} INFO - Processing file /opt/airflow/dags/dl_fin_ratio_v2.py for tasks to queue
[2026-04-30T03:00:56.631+0000] {logging_mixin.py:188} INFO - [2026-04-30T03:00:56.631+0000] {dagbag.py:545} INFO - Filling up the DagBag from /opt/airflow/dags/dl_fin_ratio_v2.py
[2026-04-30T03:00:56.676+0000] {processor.py:840} INFO - DAG(s) 'fin_ratio_v2' retrieved from /opt/airflow/dags/dl_fin_ratio_v2.py
[2026-04-30T03:00:56.695+0000] {logging_mixin.py:188} INFO - [2026-04-30T03:00:56.694+0000] {dag.py:3089} INFO - Sync 1 DAGs
[2026-04-30T03:00:56.723+0000] {logging_mixin.py:188} INFO - [2026-04-30T03:00:56.723+0000] {dag.py:3947} INFO - Setting next_dagrun for fin_ratio_v2 to 2026-04-01 00:00:00+00:00, run_after=2026-05-01 00:00:00+00:00
[2026-04-30T03:00:56.744+0000] {processor.py:183} INFO - Processing /opt/airflow/dags/dl_fin_ratio_v2.py took 0.127 seconds
[2026-04-30T03:01:27.477+0000] {processor.py:161} INFO - Started process (PID=4966) to work on /opt/airflow/dags/dl_fin_ratio_v2.py
[2026-04-30T03:01:27.478+0000] {processor.py:830} INFO - Processing file /opt/airflow/dags/dl_fin_ratio_v2.py for tasks to queue
[2026-04-30T03:01:27.480+0000] {logging_mixin.py:188} INFO - [2026-04-30T03:01:27.480+0000] {dagbag.py:545} INFO - Filling up the DagBag from /opt/airflow/dags/dl_fin_ratio_v2.py
[2026-04-30T03:01:27.516+0000] {processor.py:840} INFO - DAG(s) 'fin_ratio_v2' retrieved from /opt/airflow/dags/dl_fin_ratio_v2.py
[2026-04-30T03:01:27.531+0000] {logging_mixin.py:188} INFO - [2026-04-30T03:01:27.531+0000] {dag.py:3089} INFO - Sync 1 DAGs
[2026-04-30T03:01:27.554+0000] {logging_mixin.py:188} INFO - [2026-04-30T03:01:27.554+0000] {dag.py:3947} INFO - Setting next_dagrun for fin_ratio_v2 to 2026-04-01 00:00:00+00:00, run_after=2026-05-01 00:00:00+00:00
[2026-04-30T03:01:27.571+0000] {processor.py:183} INFO - Processing /opt/airflow/dags/dl_fin_ratio_v2.py took 0.100 seconds
[2026-04-30T03:01:58.140+0000] {processor.py:161} INFO - Started process (PID=4991) to work on /opt/airflow/dags/dl_fin_ratio_v2.py
[2026-04-30T03:01:58.141+0000] {processor.py:830} INFO - Processing file /opt/airflow/dags/dl_fin_ratio_v2.py for tasks to queue
[2026-04-30T03:01:58.143+0000] {logging_mixin.py:188} INFO - [2026-04-30T03:01:58.142+0000] {dagbag.py:545} INFO - Filling up the DagBag from /opt/airflow/dags/dl_fin_ratio_v2.py
[2026-04-30T03:01:58.176+0000] {processor.py:840} INFO - DAG(s) 'fin_ratio_v2' retrieved from /opt/airflow/dags/dl_fin_ratio_v2.py
[2026-04-30T03:01:58.191+0000] {logging_mixin.py:188} INFO - [2026-04-30T03:01:58.191+0000] {dag.py:3089} INFO - Sync 1 DAGs
[2026-04-30T03:01:58.213+0000] {logging_mixin.py:188} INFO - [2026-04-30T03:01:58.212+0000] {dag.py:3947} INFO - Setting next_dagrun for fin_ratio_v2 to 2026-04-01 00:00:00+00:00, run_after=2026-05-01 00:00:00+00:00
[2026-04-30T03:01:58.229+0000] {processor.py:183} INFO - Processing /opt/airflow/dags/dl_fin_ratio_v2.py took 0.096 seconds
[2026-04-30T03:02:28.720+0000] {processor.py:161} INFO - Started process (PID=5016) to work on /opt/airflow/dags/dl_fin_ratio_v2.py
[2026-04-30T03:02:28.721+0000] {processor.py:830} INFO - Processing file /opt/airflow/dags/dl_fin_ratio_v2.py for tasks to queue
[2026-04-30T03:02:28.723+0000] {logging_mixin.py:188} INFO - [2026-04-30T03:02:28.723+0000] {dagbag.py:545} INFO - Filling up the DagBag from /opt/airflow/dags/dl_fin_ratio_v2.py
[2026-04-30T03:02:28.757+0000] {processor.py:840} INFO - DAG(s) 'fin_ratio_v2' retrieved from /opt/airflow/dags/dl_fin_ratio_v2.py
[2026-04-30T03:02:28.772+0000] {logging_mixin.py:188} INFO - [2026-04-30T03:02:28.772+0000] {dag.py:3089} INFO - Sync 1 DAGs
[2026-04-30T03:02:28.792+0000] {logging_mixin.py:188} INFO - [2026-04-30T03:02:28.792+0000] {dag.py:3947} INFO - Setting next_dagrun for fin_ratio_v2 to 2026-04-01 00:00:00+00:00, run_after=2026-05-01 00:00:00+00:00
[2026-04-30T03:02:28.810+0000] {processor.py:183} INFO - Processing /opt/airflow/dags/dl_fin_ratio_v2.py took 0.096 seconds
[2026-04-30T03:02:59.315+0000] {processor.py:161} INFO - Started process (PID=5041) to work on /opt/airflow/dags/dl_fin_ratio_v2.py
[2026-04-30T03:02:59.316+0000] {processor.py:830} INFO - Processing file /opt/airflow/dags/dl_fin_ratio_v2.py for tasks to queue
[2026-04-30T03:02:59.319+0000] {logging_mixin.py:188} INFO - [2026-04-30T03:02:59.318+0000] {dagbag.py:545} INFO - Filling up the DagBag from /opt/airflow/dags/dl_fin_ratio_v2.py
[2026-04-30T03:02:59.358+0000] {processor.py:840} INFO - DAG(s) 'fin_ratio_v2' retrieved from /opt/airflow/dags/dl_fin_ratio_v2.py
[2026-04-30T03:02:59.374+0000] {logging_mixin.py:188} INFO - [2026-04-30T03:02:59.373+0000] {dag.py:3089} INFO - Sync 1 DAGs
[2026-04-30T03:02:59.396+0000] {logging_mixin.py:188} INFO - [2026-04-30T03:02:59.395+0000] {dag.py:3947} INFO - Setting next_dagrun for fin_ratio_v2 to 2026-04-01 00:00:00+00:00, run_after=2026-05-01 00:00:00+00:00
[2026-04-30T03:02:59.413+0000] {processor.py:183} INFO - Processing /opt/airflow/dags/dl_fin_ratio_v2.py took 0.105 seconds
[2026-04-30T03:03:30.200+0000] {processor.py:161} INFO - Started process (PID=5066) to work on /opt/airflow/dags/dl_fin_ratio_v2.py
[2026-04-30T03:03:30.201+0000] {processor.py:830} INFO - Processing file /opt/airflow/dags/dl_fin_ratio_v2.py for tasks to queue
[2026-04-30T03:03:30.203+0000] {logging_mixin.py:188} INFO - [2026-04-30T03:03:30.203+0000] {dagbag.py:545} INFO - Filling up the DagBag from /opt/airflow/dags/dl_fin_ratio_v2.py
[2026-04-30T03:03:30.238+0000] {processor.py:840} INFO - DAG(s) 'fin_ratio_v2' retrieved from /opt/airflow/dags/dl_fin_ratio_v2.py
[2026-04-30T03:03:30.253+0000] {logging_mixin.py:188} INFO - [2026-04-30T03:03:30.253+0000] {dag.py:3089} INFO - Sync 1 DAGs
[2026-04-30T03:03:30.275+0000] {logging_mixin.py:188} INFO - [2026-04-30T03:03:30.275+0000] {dag.py:3947} INFO - Setting next_dagrun for fin_ratio_v2 to 2026-04-01 00:00:00+00:00, run_after=2026-05-01 00:00:00+00:00
[2026-04-30T03:03:30.292+0000] {processor.py:183} INFO - Processing /opt/airflow/dags/dl_fin_ratio_v2.py took 0.098 seconds
[2026-04-30T03:04:01.183+0000] {processor.py:161} INFO - Started process (PID=5091) to work on /opt/airflow/dags/dl_fin_ratio_v2.py
[2026-04-30T03:04:01.183+0000] {processor.py:830} INFO - Processing file /opt/airflow/dags/dl_fin_ratio_v2.py for tasks to queue
[2026-04-30T03:04:01.186+0000] {logging_mixin.py:188} INFO - [2026-04-30T03:04:01.185+0000] {dagbag.py:545} INFO - Filling up the DagBag from /opt/airflow/dags/dl_fin_ratio_v2.py
[2026-04-30T03:04:01.220+0000] {processor.py:840} INFO - DAG(s) 'fin_ratio_v2' retrieved from /opt/airflow/dags/dl_fin_ratio_v2.py
[2026-04-30T03:04:01.235+0000] {logging_mixin.py:188} INFO - [2026-04-30T03:04:01.235+0000] {dag.py:3089} INFO - Sync 1 DAGs
[2026-04-30T03:04:01.256+0000] {logging_mixin.py:188} INFO - [2026-04-30T03:04:01.256+0000] {dag.py:3947} INFO - Setting next_dagrun for fin_ratio_v2 to 2026-04-01 00:00:00+00:00, run_after=2026-05-01 00:00:00+00:00
[2026-04-30T03:04:01.272+0000] {processor.py:183} INFO - Processing /opt/airflow/dags/dl_fin_ratio_v2.py took 0.095 seconds
[2026-04-30T03:04:31.801+0000] {processor.py:161} INFO - Started process (PID=5116) to work on /opt/airflow/dags/dl_fin_ratio_v2.py
[2026-04-30T03:04:31.802+0000] {processor.py:830} INFO - Processing file /opt/airflow/dags/dl_fin_ratio_v2.py for tasks to queue
[2026-04-30T03:04:31.805+0000] {logging_mixin.py:188} INFO - [2026-04-30T03:04:31.804+0000] {dagbag.py:545} INFO - Filling up the DagBag from /opt/airflow/dags/dl_fin_ratio_v2.py
[2026-04-30T03:04:31.839+0000] {processor.py:840} INFO - DAG(s) 'fin_ratio_v2' retrieved from /opt/airflow/dags/dl_fin_ratio_v2.py
[2026-04-30T03:04:31.854+0000] {logging_mixin.py:188} INFO - [2026-04-30T03:04:31.853+0000] {dag.py:3089} INFO - Sync 1 DAGs
[2026-04-30T03:04:31.876+0000] {logging_mixin.py:188} INFO - [2026-04-30T03:04:31.876+0000] {dag.py:3947} INFO - Setting next_dagrun for fin_ratio_v2 to 2026-04-01 00:00:00+00:00, run_after=2026-05-01 00:00:00+00:00
[2026-04-30T03:04:31.892+0000] {processor.py:183} INFO - Processing /opt/airflow/dags/dl_fin_ratio_v2.py took 0.097 seconds
[2026-04-30T03:05:02.439+0000] {processor.py:161} INFO - Started process (PID=5141) to work on /opt/airflow/dags/dl_fin_ratio_v2.py
[2026-04-30T03:05:02.440+0000] {processor.py:830} INFO - Processing file /opt/airflow/dags/dl_fin_ratio_v2.py for tasks to queue
[2026-04-30T03:05:02.443+0000] {logging_mixin.py:188} INFO - [2026-04-30T03:05:02.442+0000] {dagbag.py:545} INFO - Filling up the DagBag from /opt/airflow/dags/dl_fin_ratio_v2.py
[2026-04-30T03:05:02.476+0000] {processor.py:840} INFO - DAG(s) 'fin_ratio_v2' retrieved from /opt/airflow/dags/dl_fin_ratio_v2.py
[2026-04-30T03:05:02.492+0000] {logging_mixin.py:188} INFO - [2026-04-30T03:05:02.492+0000] {dag.py:3089} INFO - Sync 1 DAGs
[2026-04-30T03:05:02.516+0000] {logging_mixin.py:188} INFO - [2026-04-30T03:05:02.516+0000] {dag.py:3947} INFO - Setting next_dagrun for fin_ratio_v2 to 2026-04-01 00:00:00+00:00, run_after=2026-05-01 00:00:00+00:00
[2026-04-30T03:05:02.537+0000] {processor.py:183} INFO - Processing /opt/airflow/dags/dl_fin_ratio_v2.py took 0.104 seconds
[2026-04-30T03:05:33.049+0000] {processor.py:161} INFO - Started process (PID=5166) to work on /opt/airflow/dags/dl_fin_ratio_v2.py
[2026-04-30T03:05:33.050+0000] {processor.py:830} INFO - Processing file /opt/airflow/dags/dl_fin_ratio_v2.py for tasks to queue
[2026-04-30T03:05:33.052+0000] {logging_mixin.py:188} INFO - [2026-04-30T03:05:33.052+0000] {dagbag.py:545} INFO - Filling up the DagBag from /opt/airflow/dags/dl_fin_ratio_v2.py
[2026-04-30T03:05:33.085+0000] {processor.py:840} INFO - DAG(s) 'fin_ratio_v2' retrieved from /opt/airflow/dags/dl_fin_ratio_v2.py
[2026-04-30T03:05:33.099+0000] {logging_mixin.py:188} INFO - [2026-04-30T03:05:33.099+0000] {dag.py:3089} INFO - Sync 1 DAGs
[2026-04-30T03:05:33.119+0000] {logging_mixin.py:188} INFO - [2026-04-30T03:05:33.119+0000] {dag.py:3947} INFO - Setting next_dagrun for fin_ratio_v2 to 2026-04-01 00:00:00+00:00, run_after=2026-05-01 00:00:00+00:00
[2026-04-30T03:05:33.138+0000] {processor.py:183} INFO - Processing /opt/airflow/dags/dl_fin_ratio_v2.py took 0.095 seconds
[2026-04-30T03:06:03.872+0000] {processor.py:161} INFO - Started process (PID=5191) to work on /opt/airflow/dags/dl_fin_ratio_v2.py
[2026-04-30T03:06:03.873+0000] {processor.py:830} INFO - Processing file /opt/airflow/dags/dl_fin_ratio_v2.py for tasks to queue
[2026-04-30T03:06:03.875+0000] {logging_mixin.py:188} INFO - [2026-04-30T03:06:03.875+0000] {dagbag.py:545} INFO - Filling up the DagBag from /opt/airflow/dags/dl_fin_ratio_v2.py
[2026-04-30T03:06:03.910+0000] {processor.py:840} INFO - DAG(s) 'fin_ratio_v2' retrieved from /opt/airflow/dags/dl_fin_ratio_v2.py
[2026-04-30T03:06:03.925+0000] {logging_mixin.py:188} INFO - [2026-04-30T03:06:03.925+0000] {dag.py:3089} INFO - Sync 1 DAGs
[2026-04-30T03:06:03.946+0000] {logging_mixin.py:188} INFO - [2026-04-30T03:06:03.945+0000] {dag.py:3947} INFO - Setting next_dagrun for fin_ratio_v2 to 2026-04-01 00:00:00+00:00, run_after=2026-05-01 00:00:00+00:00
[2026-04-30T03:06:03.962+0000] {processor.py:183} INFO - Processing /opt/airflow/dags/dl_fin_ratio_v2.py took 0.096 seconds
[2026-04-30T03:06:34.485+0000] {processor.py:161} INFO - Started process (PID=5216) to work on /opt/airflow/dags/dl_fin_ratio_v2.py
[2026-04-30T03:06:34.486+0000] {processor.py:830} INFO - Processing file /opt/airflow/dags/dl_fin_ratio_v2.py for tasks to queue
[2026-04-30T03:06:34.489+0000] {logging_mixin.py:188} INFO - [2026-04-30T03:06:34.488+0000] {dagbag.py:545} INFO - Filling up the DagBag from /opt/airflow/dags/dl_fin_ratio_v2.py
[2026-04-30T03:06:34.522+0000] {processor.py:840} INFO - DAG(s) 'fin_ratio_v2' retrieved from /opt/airflow/dags/dl_fin_ratio_v2.py
[2026-04-30T03:06:34.537+0000] {logging_mixin.py:188} INFO - [2026-04-30T03:06:34.536+0000] {dag.py:3089} INFO - Sync 1 DAGs
[2026-04-30T03:06:34.558+0000] {logging_mixin.py:188} INFO - [2026-04-30T03:06:34.558+0000] {dag.py:3947} INFO - Setting next_dagrun for fin_ratio_v2 to 2026-04-01 00:00:00+00:00, run_after=2026-05-01 00:00:00+00:00
[2026-04-30T03:06:34.575+0000] {processor.py:183} INFO - Processing /opt/airflow/dags/dl_fin_ratio_v2.py took 0.095 seconds
[2026-04-30T03:07:05.269+0000] {processor.py:161} INFO - Started process (PID=5242) to work on /opt/airflow/dags/dl_fin_ratio_v2.py
[2026-04-30T03:07:05.270+0000] {processor.py:830} INFO - Processing file /opt/airflow/dags/dl_fin_ratio_v2.py for tasks to queue
[2026-04-30T03:07:05.274+0000] {logging_mixin.py:188} INFO - [2026-04-30T03:07:05.274+0000] {dagbag.py:545} INFO - Filling up the DagBag from /opt/airflow/dags/dl_fin_ratio_v2.py
[2026-04-30T03:07:05.317+0000] {processor.py:840} INFO - DAG(s) 'fin_ratio_v2' retrieved from /opt/airflow/dags/dl_fin_ratio_v2.py
[2026-04-30T03:07:05.336+0000] {logging_mixin.py:188} INFO - [2026-04-30T03:07:05.335+0000] {dag.py:3089} INFO - Sync 1 DAGs
[2026-04-30T03:07:05.363+0000] {logging_mixin.py:188} INFO - [2026-04-30T03:07:05.363+0000] {dag.py:3947} INFO - Setting next_dagrun for fin_ratio_v2 to 2026-04-01 00:00:00+00:00, run_after=2026-05-01 00:00:00+00:00
[2026-04-30T03:07:05.385+0000] {processor.py:183} INFO - Processing /opt/airflow/dags/dl_fin_ratio_v2.py took 0.125 seconds
[2026-04-30T03:07:35.521+0000] {processor.py:161} INFO - Started process (PID=5267) to work on /opt/airflow/dags/dl_fin_ratio_v2.py
[2026-04-30T03:07:35.522+0000] {processor.py:830} INFO - Processing file /opt/airflow/dags/dl_fin_ratio_v2.py for tasks to queue
[2026-04-30T03:07:35.525+0000] {logging_mixin.py:188} INFO - [2026-04-30T03:07:35.524+0000] {dagbag.py:545} INFO - Filling up the DagBag from /opt/airflow/dags/dl_fin_ratio_v2.py
[2026-04-30T03:07:35.556+0000] {processor.py:840} INFO - DAG(s) 'fin_ratio_v2' retrieved from /opt/airflow/dags/dl_fin_ratio_v2.py
[2026-04-30T03:07:35.570+0000] {logging_mixin.py:188} INFO - [2026-04-30T03:07:35.570+0000] {dag.py:3089} INFO - Sync 1 DAGs
[2026-04-30T03:07:35.592+0000] {logging_mixin.py:188} INFO - [2026-04-30T03:07:35.592+0000] {dag.py:3947} INFO - Setting next_dagrun for fin_ratio_v2 to 2026-04-01 00:00:00+00:00, run_after=2026-05-01 00:00:00+00:00
[2026-04-30T03:07:35.611+0000] {processor.py:183} INFO - Processing /opt/airflow/dags/dl_fin_ratio_v2.py took 0.095 seconds
[2026-04-30T03:08:05.839+0000] {processor.py:161} INFO - Started process (PID=5292) to work on /opt/airflow/dags/dl_fin_ratio_v2.py
[2026-04-30T03:08:05.840+0000] {processor.py:830} INFO - Processing file /opt/airflow/dags/dl_fin_ratio_v2.py for tasks to queue
[2026-04-30T03:08:05.842+0000] {logging_mixin.py:188} INFO - [2026-04-30T03:08:05.842+0000] {dagbag.py:545} INFO - Filling up the DagBag from /opt/airflow/dags/dl_fin_ratio_v2.py
[2026-04-30T03:08:05.876+0000] {processor.py:840} INFO - DAG(s) 'fin_ratio_v2' retrieved from /opt/airflow/dags/dl_fin_ratio_v2.py
[2026-04-30T03:08:05.892+0000] {logging_mixin.py:188} INFO - [2026-04-30T03:08:05.891+0000] {dag.py:3089} INFO - Sync 1 DAGs
[2026-04-30T03:08:05.914+0000] {logging_mixin.py:188} INFO - [2026-04-30T03:08:05.914+0000] {dag.py:3947} INFO - Setting next_dagrun for fin_ratio_v2 to 2026-04-01 00:00:00+00:00, run_after=2026-05-01 00:00:00+00:00
[2026-04-30T03:08:05.935+0000] {processor.py:183} INFO - Processing /opt/airflow/dags/dl_fin_ratio_v2.py took 0.102 seconds
[2026-04-30T03:08:36.830+0000] {processor.py:161} INFO - Started process (PID=5317) to work on /opt/airflow/dags/dl_fin_ratio_v2.py
[2026-04-30T03:08:36.831+0000] {processor.py:830} INFO - Processing file /opt/airflow/dags/dl_fin_ratio_v2.py for tasks to queue
[2026-04-30T03:08:36.833+0000] {logging_mixin.py:188} INFO - [2026-04-30T03:08:36.833+0000] {dagbag.py:545} INFO - Filling up the DagBag from /opt/airflow/dags/dl_fin_ratio_v2.py
[2026-04-30T03:08:36.870+0000] {processor.py:840} INFO - DAG(s) 'fin_ratio_v2' retrieved from /opt/airflow/dags/dl_fin_ratio_v2.py
[2026-04-30T03:08:36.886+0000] {logging_mixin.py:188} INFO - [2026-04-30T03:08:36.885+0000] {dag.py:3089} INFO - Sync 1 DAGs
[2026-04-30T03:08:36.907+0000] {logging_mixin.py:188} INFO - [2026-04-30T03:08:36.907+0000] {dag.py:3947} INFO - Setting next_dagrun for fin_ratio_v2 to 2026-04-01 00:00:00+00:00, run_after=2026-05-01 00:00:00+00:00
[2026-04-30T03:08:36.925+0000] {processor.py:183} INFO - Processing /opt/airflow/dags/dl_fin_ratio_v2.py took 0.100 seconds
[2026-04-30T03:09:07.521+0000] {processor.py:161} INFO - Started process (PID=5342) to work on /opt/airflow/dags/dl_fin_ratio_v2.py
[2026-04-30T03:09:07.522+0000] {processor.py:830} INFO - Processing file /opt/airflow/dags/dl_fin_ratio_v2.py for tasks to queue
[2026-04-30T03:09:07.525+0000] {logging_mixin.py:188} INFO - [2026-04-30T03:09:07.524+0000] {dagbag.py:545} INFO - Filling up the DagBag from /opt/airflow/dags/dl_fin_ratio_v2.py
[2026-04-30T03:09:07.560+0000] {processor.py:840} INFO - DAG(s) 'fin_ratio_v2' retrieved from /opt/airflow/dags/dl_fin_ratio_v2.py
[2026-04-30T03:09:07.575+0000] {logging_mixin.py:188} INFO - [2026-04-30T03:09:07.575+0000] {dag.py:3089} INFO - Sync 1 DAGs
[2026-04-30T03:09:07.600+0000] {logging_mixin.py:188} INFO - [2026-04-30T03:09:07.600+0000] {dag.py:3947} INFO - Setting next_dagrun for fin_ratio_v2 to 2026-04-01 00:00:00+00:00, run_after=2026-05-01 00:00:00+00:00
[2026-04-30T03:09:07.618+0000] {processor.py:183} INFO - Processing /opt/airflow/dags/dl_fin_ratio_v2.py took 0.103 seconds
[2026-04-30T03:09:38.103+0000] {processor.py:161} INFO - Started process (PID=5367) to work on /opt/airflow/dags/dl_fin_ratio_v2.py
[2026-04-30T03:09:38.104+0000] {processor.py:830} INFO - Processing file /opt/airflow/dags/dl_fin_ratio_v2.py for tasks to queue
[2026-04-30T03:09:38.107+0000] {logging_mixin.py:188} INFO - [2026-04-30T03:09:38.106+0000] {dagbag.py:545} INFO - Filling up the DagBag from /opt/airflow/dags/dl_fin_ratio_v2.py
[2026-04-30T03:09:38.141+0000] {processor.py:840} INFO - DAG(s) 'fin_ratio_v2' retrieved from /opt/airflow/dags/dl_fin_ratio_v2.py
[2026-04-30T03:09:38.155+0000] {logging_mixin.py:188} INFO - [2026-04-30T03:09:38.155+0000] {dag.py:3089} INFO - Sync 1 DAGs
[2026-04-30T03:09:38.176+0000] {logging_mixin.py:188} INFO - [2026-04-30T03:09:38.176+0000] {dag.py:3947} INFO - Setting next_dagrun for fin_ratio_v2 to 2026-04-01 00:00:00+00:00, run_after=2026-05-01 00:00:00+00:00
[2026-04-30T03:09:38.200+0000] {processor.py:183} INFO - Processing /opt/airflow/dags/dl_fin_ratio_v2.py took 0.102 seconds
[2026-04-30T03:10:08.644+0000] {processor.py:161} INFO - Started process (PID=5392) to work on /opt/airflow/dags/dl_fin_ratio_v2.py
[2026-04-30T03:10:08.645+0000] {processor.py:830} INFO - Processing file /opt/airflow/dags/dl_fin_ratio_v2.py for tasks to queue
[2026-04-30T03:10:08.647+0000] {logging_mixin.py:188} INFO - [2026-04-30T03:10:08.647+0000] {dagbag.py:545} INFO - Filling up the DagBag from /opt/airflow/dags/dl_fin_ratio_v2.py
[2026-04-30T03:10:08.680+0000] {processor.py:840} INFO - DAG(s) 'fin_ratio_v2' retrieved from /opt/airflow/dags/dl_fin_ratio_v2.py
[2026-04-30T03:10:08.695+0000] {logging_mixin.py:188} INFO - [2026-04-30T03:10:08.695+0000] {dag.py:3089} INFO - Sync 1 DAGs
[2026-04-30T03:10:08.717+0000] {logging_mixin.py:188} INFO - [2026-04-30T03:10:08.717+0000] {dag.py:3947} INFO - Setting next_dagrun for fin_ratio_v2 to 2026-04-01 00:00:00+00:00, run_after=2026-05-01 00:00:00+00:00
[2026-04-30T03:10:08.736+0000] {processor.py:183} INFO - Processing /opt/airflow/dags/dl_fin_ratio_v2.py took 0.097 seconds
[2026-04-30T03:10:39.282+0000] {processor.py:161} INFO - Started process (PID=5417) to work on /opt/airflow/dags/dl_fin_ratio_v2.py
[2026-04-30T03:10:39.283+0000] {processor.py:830} INFO - Processing file /opt/airflow/dags/dl_fin_ratio_v2.py for tasks to queue
[2026-04-30T03:10:39.286+0000] {logging_mixin.py:188} INFO - [2026-04-30T03:10:39.285+0000] {dagbag.py:545} INFO - Filling up the DagBag from /opt/airflow/dags/dl_fin_ratio_v2.py
[2026-04-30T03:10:39.320+0000] {processor.py:840} INFO - DAG(s) 'fin_ratio_v2' retrieved from /opt/airflow/dags/dl_fin_ratio_v2.py
[2026-04-30T03:10:39.334+0000] {logging_mixin.py:188} INFO - [2026-04-30T03:10:39.334+0000] {dag.py:3089} INFO - Sync 1 DAGs
[2026-04-30T03:10:39.353+0000] {logging_mixin.py:188} INFO - [2026-04-30T03:10:39.353+0000] {dag.py:3947} INFO - Setting next_dagrun for fin_ratio_v2 to 2026-04-01 00:00:00+00:00, run_after=2026-05-01 00:00:00+00:00
[2026-04-30T03:10:39.375+0000] {processor.py:183} INFO - Processing /opt/airflow/dags/dl_fin_ratio_v2.py took 0.099 seconds
[2026-04-30T03:11:10.005+0000] {processor.py:161} INFO - Started process (PID=5443) to work on /opt/airflow/dags/dl_fin_ratio_v2.py
[2026-04-30T03:11:10.006+0000] {processor.py:830} INFO - Processing file /opt/airflow/dags/dl_fin_ratio_v2.py for tasks to queue
[2026-04-30T03:11:10.008+0000] {logging_mixin.py:188} INFO - [2026-04-30T03:11:10.008+0000] {dagbag.py:545} INFO - Filling up the DagBag from /opt/airflow/dags/dl_fin_ratio_v2.py
[2026-04-30T03:11:10.044+0000] {processor.py:840} INFO - DAG(s) 'fin_ratio_v2' retrieved from /opt/airflow/dags/dl_fin_ratio_v2.py
[2026-04-30T03:11:10.058+0000] {logging_mixin.py:188} INFO - [2026-04-30T03:11:10.058+0000] {dag.py:3089} INFO - Sync 1 DAGs
[2026-04-30T03:11:10.084+0000] {logging_mixin.py:188} INFO - [2026-04-30T03:11:10.084+0000] {dag.py:3947} INFO - Setting next_dagrun for fin_ratio_v2 to 2026-04-01 00:00:00+00:00, run_after=2026-05-01 00:00:00+00:00
[2026-04-30T03:11:10.102+0000] {processor.py:183} INFO - Processing /opt/airflow/dags/dl_fin_ratio_v2.py took 0.102 seconds
[2026-04-30T03:11:40.621+0000] {processor.py:161} INFO - Started process (PID=5468) to work on /opt/airflow/dags/dl_fin_ratio_v2.py
[2026-04-30T03:11:40.622+0000] {processor.py:830} INFO - Processing file /opt/airflow/dags/dl_fin_ratio_v2.py for tasks to queue
[2026-04-30T03:11:40.625+0000] {logging_mixin.py:188} INFO - [2026-04-30T03:11:40.625+0000] {dagbag.py:545} INFO - Filling up the DagBag from /opt/airflow/dags/dl_fin_ratio_v2.py
[2026-04-30T03:11:40.662+0000] {processor.py:840} INFO - DAG(s) 'fin_ratio_v2' retrieved from /opt/airflow/dags/dl_fin_ratio_v2.py
[2026-04-30T03:11:40.677+0000] {logging_mixin.py:188} INFO - [2026-04-30T03:11:40.677+0000] {dag.py:3089} INFO - Sync 1 DAGs
[2026-04-30T03:11:40.698+0000] {logging_mixin.py:188} INFO - [2026-04-30T03:11:40.697+0000] {dag.py:3947} INFO - Setting next_dagrun for fin_ratio_v2 to 2026-04-01 00:00:00+00:00, run_after=2026-05-01 00:00:00+00:00
[2026-04-30T03:11:40.722+0000] {processor.py:183} INFO - Processing /opt/airflow/dags/dl_fin_ratio_v2.py took 0.106 seconds
[2026-04-30T03:12:11.350+0000] {processor.py:161} INFO - Started process (PID=5493) to work on /opt/airflow/dags/dl_fin_ratio_v2.py
[2026-04-30T03:12:11.351+0000] {processor.py:830} INFO - Processing file /opt/airflow/dags/dl_fin_ratio_v2.py for tasks to queue
[2026-04-30T03:12:11.354+0000] {logging_mixin.py:188} INFO - [2026-04-30T03:12:11.353+0000] {dagbag.py:545} INFO - Filling up the DagBag from /opt/airflow/dags/dl_fin_ratio_v2.py
[2026-04-30T03:12:11.394+0000] {processor.py:840} INFO - DAG(s) 'fin_ratio_v2' retrieved from /opt/airflow/dags/dl_fin_ratio_v2.py
[2026-04-30T03:12:11.410+0000] {logging_mixin.py:188} INFO - [2026-04-30T03:12:11.410+0000] {dag.py:3089} INFO - Sync 1 DAGs
[2026-04-30T03:12:11.434+0000] {logging_mixin.py:188} INFO - [2026-04-30T03:12:11.433+0000] {dag.py:3947} INFO - Setting next_dagrun for fin_ratio_v2 to 2026-04-01 00:00:00+00:00, run_after=2026-05-01 00:00:00+00:00
[2026-04-30T03:12:11.456+0000] {processor.py:183} INFO - Processing /opt/airflow/dags/dl_fin_ratio_v2.py took 0.112 seconds
[2026-04-30T03:12:42.085+0000] {processor.py:161} INFO - Started process (PID=5518) to work on /opt/airflow/dags/dl_fin_ratio_v2.py
[2026-04-30T03:12:42.086+0000] {processor.py:830} INFO - Processing file /opt/airflow/dags/dl_fin_ratio_v2.py for tasks to queue
[2026-04-30T03:12:42.088+0000] {logging_mixin.py:188} INFO - [2026-04-30T03:12:42.088+0000] {dagbag.py:545} INFO - Filling up the DagBag from /opt/airflow/dags/dl_fin_ratio_v2.py
[2026-04-30T03:12:42.123+0000] {processor.py:840} INFO - DAG(s) 'fin_ratio_v2' retrieved from /opt/airflow/dags/dl_fin_ratio_v2.py
[2026-04-30T03:12:42.138+0000] {logging_mixin.py:188} INFO - [2026-04-30T03:12:42.137+0000] {dag.py:3089} INFO - Sync 1 DAGs
[2026-04-30T03:12:42.160+0000] {logging_mixin.py:188} INFO - [2026-04-30T03:12:42.159+0000] {dag.py:3947} INFO - Setting next_dagrun for fin_ratio_v2 to 2026-04-01 00:00:00+00:00, run_after=2026-05-01 00:00:00+00:00
[2026-04-30T03:12:42.178+0000] {processor.py:183} INFO - Processing /opt/airflow/dags/dl_fin_ratio_v2.py took 0.099 seconds
[2026-04-30T03:13:12.705+0000] {processor.py:161} INFO - Started process (PID=5543) to work on /opt/airflow/dags/dl_fin_ratio_v2.py
[2026-04-30T03:13:12.706+0000] {processor.py:830} INFO - Processing file /opt/airflow/dags/dl_fin_ratio_v2.py for tasks to queue
[2026-04-30T03:13:12.708+0000] {logging_mixin.py:188} INFO - [2026-04-30T03:13:12.708+0000] {dagbag.py:545} INFO - Filling up the DagBag from /opt/airflow/dags/dl_fin_ratio_v2.py
[2026-04-30T03:13:12.740+0000] {processor.py:840} INFO - DAG(s) 'fin_ratio_v2' retrieved from /opt/airflow/dags/dl_fin_ratio_v2.py
[2026-04-30T03:13:12.755+0000] {logging_mixin.py:188} INFO - [2026-04-30T03:13:12.754+0000] {dag.py:3089} INFO - Sync 1 DAGs
[2026-04-30T03:13:12.776+0000] {logging_mixin.py:188} INFO - [2026-04-30T03:13:12.776+0000] {dag.py:3947} INFO - Setting next_dagrun for fin_ratio_v2 to 2026-04-01 00:00:00+00:00, run_after=2026-05-01 00:00:00+00:00
[2026-04-30T03:13:12.795+0000] {processor.py:183} INFO - Processing /opt/airflow/dags/dl_fin_ratio_v2.py took 0.096 seconds
[2026-04-30T03:13:43.765+0000] {processor.py:161} INFO - Started process (PID=5568) to work on /opt/airflow/dags/dl_fin_ratio_v2.py
[2026-04-30T03:13:43.766+0000] {processor.py:830} INFO - Processing file /opt/airflow/dags/dl_fin_ratio_v2.py for tasks to queue
[2026-04-30T03:13:43.770+0000] {logging_mixin.py:188} INFO - [2026-04-30T03:13:43.770+0000] {dagbag.py:545} INFO - Filling up the DagBag from /opt/airflow/dags/dl_fin_ratio_v2.py
[2026-04-30T03:13:43.827+0000] {processor.py:840} INFO - DAG(s) 'fin_ratio_v2' retrieved from /opt/airflow/dags/dl_fin_ratio_v2.py
[2026-04-30T03:13:43.850+0000] {logging_mixin.py:188} INFO - [2026-04-30T03:13:43.849+0000] {dag.py:3089} INFO - Sync 1 DAGs
[2026-04-30T03:13:43.883+0000] {logging_mixin.py:188} INFO - [2026-04-30T03:13:43.883+0000] {dag.py:3947} INFO - Setting next_dagrun for fin_ratio_v2 to 2026-04-01 00:00:00+00:00, run_after=2026-05-01 00:00:00+00:00
[2026-04-30T03:13:43.912+0000] {processor.py:183} INFO - Processing /opt/airflow/dags/dl_fin_ratio_v2.py took 0.155 seconds
[2026-04-30T03:14:14.900+0000] {processor.py:161} INFO - Started process (PID=5594) to work on /opt/airflow/dags/dl_fin_ratio_v2.py
[2026-04-30T03:14:14.903+0000] {processor.py:830} INFO - Processing file /opt/airflow/dags/dl_fin_ratio_v2.py for tasks to queue
[2026-04-30T03:14:14.908+0000] {logging_mixin.py:188} INFO - [2026-04-30T03:14:14.907+0000] {dagbag.py:545} INFO - Filling up the DagBag from /opt/airflow/dags/dl_fin_ratio_v2.py
[2026-04-30T03:14:14.968+0000] {processor.py:840} INFO - DAG(s) 'fin_ratio_v2' retrieved from /opt/airflow/dags/dl_fin_ratio_v2.py
[2026-04-30T03:14:14.985+0000] {logging_mixin.py:188} INFO - [2026-04-30T03:14:14.985+0000] {dag.py:3089} INFO - Sync 1 DAGs
[2026-04-30T03:14:15.010+0000] {logging_mixin.py:188} INFO - [2026-04-30T03:14:15.010+0000] {dag.py:3947} INFO - Setting next_dagrun for fin_ratio_v2 to 2026-04-01 00:00:00+00:00, run_after=2026-05-01 00:00:00+00:00
[2026-04-30T03:14:15.031+0000] {processor.py:183} INFO - Processing /opt/airflow/dags/dl_fin_ratio_v2.py took 0.141 seconds
[2026-04-30T03:14:45.705+0000] {processor.py:161} INFO - Started process (PID=5619) to work on /opt/airflow/dags/dl_fin_ratio_v2.py
[2026-04-30T03:14:45.706+0000] {processor.py:830} INFO - Processing file /opt/airflow/dags/dl_fin_ratio_v2.py for tasks to queue
[2026-04-30T03:14:45.708+0000] {logging_mixin.py:188} INFO - [2026-04-30T03:14:45.708+0000] {dagbag.py:545} INFO - Filling up the DagBag from /opt/airflow/dags/dl_fin_ratio_v2.py
[2026-04-30T03:14:45.749+0000] {processor.py:840} INFO - DAG(s) 'fin_ratio_v2' retrieved from /opt/airflow/dags/dl_fin_ratio_v2.py
[2026-04-30T03:14:45.766+0000] {logging_mixin.py:188} INFO - [2026-04-30T03:14:45.765+0000] {dag.py:3089} INFO - Sync 1 DAGs
[2026-04-30T03:14:45.788+0000] {logging_mixin.py:188} INFO - [2026-04-30T03:14:45.787+0000] {dag.py:3947} INFO - Setting next_dagrun for fin_ratio_v2 to 2026-04-01 00:00:00+00:00, run_after=2026-05-01 00:00:00+00:00
[2026-04-30T03:14:45.808+0000] {processor.py:183} INFO - Processing /opt/airflow/dags/dl_fin_ratio_v2.py took 0.112 seconds
[2026-04-30T03:15:16.321+0000] {processor.py:161} INFO - Started process (PID=5644) to work on /opt/airflow/dags/dl_fin_ratio_v2.py
[2026-04-30T03:15:16.322+0000] {processor.py:830} INFO - Processing file /opt/airflow/dags/dl_fin_ratio_v2.py for tasks to queue
[2026-04-30T03:15:16.324+0000] {logging_mixin.py:188} INFO - [2026-04-30T03:15:16.324+0000] {dagbag.py:545} INFO - Filling up the DagBag from /opt/airflow/dags/dl_fin_ratio_v2.py
[2026-04-30T03:15:16.361+0000] {processor.py:840} INFO - DAG(s) 'fin_ratio_v2' retrieved from /opt/airflow/dags/dl_fin_ratio_v2.py
[2026-04-30T03:15:16.378+0000] {logging_mixin.py:188} INFO - [2026-04-30T03:15:16.378+0000] {dag.py:3089} INFO - Sync 1 DAGs
[2026-04-30T03:15:16.400+0000] {logging_mixin.py:188} INFO - [2026-04-30T03:15:16.400+0000] {dag.py:3947} INFO - Setting next_dagrun for fin_ratio_v2 to 2026-04-01 00:00:00+00:00, run_after=2026-05-01 00:00:00+00:00
[2026-04-30T03:15:16.417+0000] {processor.py:183} INFO - Processing /opt/airflow/dags/dl_fin_ratio_v2.py took 0.102 seconds
[2026-04-30T03:15:46.885+0000] {processor.py:161} INFO - Started process (PID=5669) to work on /opt/airflow/dags/dl_fin_ratio_v2.py
[2026-04-30T03:15:46.886+0000] {processor.py:830} INFO - Processing file /opt/airflow/dags/dl_fin_ratio_v2.py for tasks to queue
[2026-04-30T03:15:46.889+0000] {logging_mixin.py:188} INFO - [2026-04-30T03:15:46.888+0000] {dagbag.py:545} INFO - Filling up the DagBag from /opt/airflow/dags/dl_fin_ratio_v2.py
[2026-04-30T03:15:46.924+0000] {processor.py:840} INFO - DAG(s) 'fin_ratio_v2' retrieved from /opt/airflow/dags/dl_fin_ratio_v2.py
[2026-04-30T03:15:46.939+0000] {logging_mixin.py:188} INFO - [2026-04-30T03:15:46.938+0000] {dag.py:3089} INFO - Sync 1 DAGs
[2026-04-30T03:15:46.960+0000] {logging_mixin.py:188} INFO - [2026-04-30T03:15:46.959+0000] {dag.py:3947} INFO - Setting next_dagrun for fin_ratio_v2 to 2026-04-01 00:00:00+00:00, run_after=2026-05-01 00:00:00+00:00
[2026-04-30T03:15:46.979+0000] {processor.py:183} INFO - Processing /opt/airflow/dags/dl_fin_ratio_v2.py took 0.100 seconds
[2026-04-30T03:16:17.569+0000] {processor.py:161} INFO - Started process (PID=5694) to work on /opt/airflow/dags/dl_fin_ratio_v2.py
[2026-04-30T03:16:17.570+0000] {processor.py:830} INFO - Processing file /opt/airflow/dags/dl_fin_ratio_v2.py for tasks to queue
[2026-04-30T03:16:17.572+0000] {logging_mixin.py:188} INFO - [2026-04-30T03:16:17.572+0000] {dagbag.py:545} INFO - Filling up the DagBag from /opt/airflow/dags/dl_fin_ratio_v2.py
[2026-04-30T03:16:17.605+0000] {processor.py:840} INFO - DAG(s) 'fin_ratio_v2' retrieved from /opt/airflow/dags/dl_fin_ratio_v2.py
[2026-04-30T03:16:17.621+0000] {logging_mixin.py:188} INFO - [2026-04-30T03:16:17.621+0000] {dag.py:3089} INFO - Sync 1 DAGs
[2026-04-30T03:16:17.644+0000] {logging_mixin.py:188} INFO - [2026-04-30T03:16:17.644+0000] {dag.py:3947} INFO - Setting next_dagrun for fin_ratio_v2 to 2026-04-01 00:00:00+00:00, run_after=2026-05-01 00:00:00+00:00
[2026-04-30T03:16:17.661+0000] {processor.py:183} INFO - Processing /opt/airflow/dags/dl_fin_ratio_v2.py took 0.099 seconds
[2026-04-30T03:16:48.245+0000] {processor.py:161} INFO - Started process (PID=5719) to work on /opt/airflow/dags/dl_fin_ratio_v2.py
[2026-04-30T03:16:48.246+0000] {processor.py:830} INFO - Processing file /opt/airflow/dags/dl_fin_ratio_v2.py for tasks to queue
[2026-04-30T03:16:48.248+0000] {logging_mixin.py:188} INFO - [2026-04-30T03:16:48.248+0000] {dagbag.py:545} INFO - Filling up the DagBag from /opt/airflow/dags/dl_fin_ratio_v2.py
[2026-04-30T03:16:48.283+0000] {processor.py:840} INFO - DAG(s) 'fin_ratio_v2' retrieved from /opt/airflow/dags/dl_fin_ratio_v2.py
[2026-04-30T03:16:48.298+0000] {logging_mixin.py:188} INFO - [2026-04-30T03:16:48.298+0000] {dag.py:3089} INFO - Sync 1 DAGs
[2026-04-30T03:16:48.321+0000] {logging_mixin.py:188} INFO - [2026-04-30T03:16:48.320+0000] {dag.py:3947} INFO - Setting next_dagrun for fin_ratio_v2 to 2026-04-01 00:00:00+00:00, run_after=2026-05-01 00:00:00+00:00
[2026-04-30T03:16:48.337+0000] {processor.py:183} INFO - Processing /opt/airflow/dags/dl_fin_ratio_v2.py took 0.098 seconds
[2026-04-30T03:17:18.828+0000] {processor.py:161} INFO - Started process (PID=5744) to work on /opt/airflow/dags/dl_fin_ratio_v2.py
[2026-04-30T03:17:18.829+0000] {processor.py:830} INFO - Processing file /opt/airflow/dags/dl_fin_ratio_v2.py for tasks to queue
[2026-04-30T03:17:18.831+0000] {logging_mixin.py:188} INFO - [2026-04-30T03:17:18.831+0000] {dagbag.py:545} INFO - Filling up the DagBag from /opt/airflow/dags/dl_fin_ratio_v2.py
[2026-04-30T03:17:18.863+0000] {processor.py:840} INFO - DAG(s) 'fin_ratio_v2' retrieved from /opt/airflow/dags/dl_fin_ratio_v2.py
[2026-04-30T03:17:18.877+0000] {logging_mixin.py:188} INFO - [2026-04-30T03:17:18.877+0000] {dag.py:3089} INFO - Sync 1 DAGs
[2026-04-30T03:17:18.897+0000] {logging_mixin.py:188} INFO - [2026-04-30T03:17:18.897+0000] {dag.py:3947} INFO - Setting next_dagrun for fin_ratio_v2 to 2026-04-01 00:00:00+00:00, run_after=2026-05-01 00:00:00+00:00
[2026-04-30T03:17:18.915+0000] {processor.py:183} INFO - Processing /opt/airflow/dags/dl_fin_ratio_v2.py took 0.092 seconds
[2026-04-30T03:17:49.352+0000] {processor.py:161} INFO - Started process (PID=5769) to work on /opt/airflow/dags/dl_fin_ratio_v2.py
[2026-04-30T03:17:49.353+0000] {processor.py:830} INFO - Processing file /opt/airflow/dags/dl_fin_ratio_v2.py for tasks to queue
[2026-04-30T03:17:49.356+0000] {logging_mixin.py:188} INFO - [2026-04-30T03:17:49.356+0000] {dagbag.py:545} INFO - Filling up the DagBag from /opt/airflow/dags/dl_fin_ratio_v2.py
[2026-04-30T03:17:49.392+0000] {processor.py:840} INFO - DAG(s) 'fin_ratio_v2' retrieved from /opt/airflow/dags/dl_fin_ratio_v2.py
[2026-04-30T03:17:49.407+0000] {logging_mixin.py:188} INFO - [2026-04-30T03:17:49.407+0000] {dag.py:3089} INFO - Sync 1 DAGs
[2026-04-30T03:17:49.429+0000] {logging_mixin.py:188} INFO - [2026-04-30T03:17:49.428+0000] {dag.py:3947} INFO - Setting next_dagrun for fin_ratio_v2 to 2026-04-01 00:00:00+00:00, run_after=2026-05-01 00:00:00+00:00
[2026-04-30T03:17:49.450+0000] {processor.py:183} INFO - Processing /opt/airflow/dags/dl_fin_ratio_v2.py took 0.103 seconds
[2026-04-30T03:18:19.983+0000] {processor.py:161} INFO - Started process (PID=5795) to work on /opt/airflow/dags/dl_fin_ratio_v2.py
[2026-04-30T03:18:19.984+0000] {processor.py:830} INFO - Processing file /opt/airflow/dags/dl_fin_ratio_v2.py for tasks to queue
[2026-04-30T03:18:19.987+0000] {logging_mixin.py:188} INFO - [2026-04-30T03:18:19.987+0000] {dagbag.py:545} INFO - Filling up the DagBag from /opt/airflow/dags/dl_fin_ratio_v2.py
[2026-04-30T03:18:20.019+0000] {processor.py:840} INFO - DAG(s) 'fin_ratio_v2' retrieved from /opt/airflow/dags/dl_fin_ratio_v2.py
[2026-04-30T03:18:20.033+0000] {logging_mixin.py:188} INFO - [2026-04-30T03:18:20.033+0000] {dag.py:3089} INFO - Sync 1 DAGs
[2026-04-30T03:18:20.054+0000] {logging_mixin.py:188} INFO - [2026-04-30T03:18:20.053+0000] {dag.py:3947} INFO - Setting next_dagrun for fin_ratio_v2 to 2026-04-01 00:00:00+00:00, run_after=2026-05-01 00:00:00+00:00
[2026-04-30T03:18:20.074+0000] {processor.py:183} INFO - Processing /opt/airflow/dags/dl_fin_ratio_v2.py took 0.095 seconds
[2026-04-30T03:18:50.856+0000] {processor.py:161} INFO - Started process (PID=5820) to work on /opt/airflow/dags/dl_fin_ratio_v2.py
[2026-04-30T03:18:50.857+0000] {processor.py:830} INFO - Processing file /opt/airflow/dags/dl_fin_ratio_v2.py for tasks to queue
[2026-04-30T03:18:50.860+0000] {logging_mixin.py:188} INFO - [2026-04-30T03:18:50.860+0000] {dagbag.py:545} INFO - Filling up the DagBag from /opt/airflow/dags/dl_fin_ratio_v2.py
[2026-04-30T03:18:50.899+0000] {processor.py:840} INFO - DAG(s) 'fin_ratio_v2' retrieved from /opt/airflow/dags/dl_fin_ratio_v2.py
[2026-04-30T03:18:50.919+0000] {logging_mixin.py:188} INFO - [2026-04-30T03:18:50.919+0000] {dag.py:3089} INFO - Sync 1 DAGs
[2026-04-30T03:18:50.945+0000] {logging_mixin.py:188} INFO - [2026-04-30T03:18:50.945+0000] {dag.py:3947} INFO - Setting next_dagrun for fin_ratio_v2 to 2026-04-01 00:00:00+00:00, run_after=2026-05-01 00:00:00+00:00
[2026-04-30T03:18:50.965+0000] {processor.py:183} INFO - Processing /opt/airflow/dags/dl_fin_ratio_v2.py took 0.118 seconds
[2026-04-30T03:19:21.418+0000] {processor.py:161} INFO - Started process (PID=5846) to work on /opt/airflow/dags/dl_fin_ratio_v2.py
[2026-04-30T03:19:21.419+0000] {processor.py:830} INFO - Processing file /opt/airflow/dags/dl_fin_ratio_v2.py for tasks to queue
[2026-04-30T03:19:21.422+0000] {logging_mixin.py:188} INFO - [2026-04-30T03:19:21.422+0000] {dagbag.py:545} INFO - Filling up the DagBag from /opt/airflow/dags/dl_fin_ratio_v2.py
[2026-04-30T03:19:21.458+0000] {processor.py:840} INFO - DAG(s) 'fin_ratio_v2' retrieved from /opt/airflow/dags/dl_fin_ratio_v2.py
[2026-04-30T03:19:21.475+0000] {logging_mixin.py:188} INFO - [2026-04-30T03:19:21.475+0000] {dag.py:3089} INFO - Sync 1 DAGs
[2026-04-30T03:19:21.498+0000] {logging_mixin.py:188} INFO - [2026-04-30T03:19:21.497+0000] {dag.py:3947} INFO - Setting next_dagrun for fin_ratio_v2 to 2026-04-01 00:00:00+00:00, run_after=2026-05-01 00:00:00+00:00
[2026-04-30T03:19:21.515+0000] {processor.py:183} INFO - Processing /opt/airflow/dags/dl_fin_ratio_v2.py took 0.103 seconds
[2026-04-30T03:19:52.100+0000] {processor.py:161} INFO - Started process (PID=5871) to work on /opt/airflow/dags/dl_fin_ratio_v2.py
[2026-04-30T03:19:52.101+0000] {processor.py:830} INFO - Processing file /opt/airflow/dags/dl_fin_ratio_v2.py for tasks to queue
[2026-04-30T03:19:52.104+0000] {logging_mixin.py:188} INFO - [2026-04-30T03:19:52.103+0000] {dagbag.py:545} INFO - Filling up the DagBag from /opt/airflow/dags/dl_fin_ratio_v2.py
[2026-04-30T03:19:52.144+0000] {processor.py:840} INFO - DAG(s) 'fin_ratio_v2' retrieved from /opt/airflow/dags/dl_fin_ratio_v2.py
[2026-04-30T03:19:52.160+0000] {logging_mixin.py:188} INFO - [2026-04-30T03:19:52.160+0000] {dag.py:3089} INFO - Sync 1 DAGs
[2026-04-30T03:19:52.185+0000] {logging_mixin.py:188} INFO - [2026-04-30T03:19:52.185+0000] {dag.py:3947} INFO - Setting next_dagrun for fin_ratio_v2 to 2026-04-01 00:00:00+00:00, run_after=2026-05-01 00:00:00+00:00
[2026-04-30T03:19:52.206+0000] {processor.py:183} INFO - Processing /opt/airflow/dags/dl_fin_ratio_v2.py took 0.114 seconds
[2026-04-30T03:20:22.748+0000] {processor.py:161} INFO - Started process (PID=5896) to work on /opt/airflow/dags/dl_fin_ratio_v2.py
[2026-04-30T03:20:22.748+0000] {processor.py:830} INFO - Processing file /opt/airflow/dags/dl_fin_ratio_v2.py for tasks to queue
[2026-04-30T03:20:22.751+0000] {logging_mixin.py:188} INFO - [2026-04-30T03:20:22.750+0000] {dagbag.py:545} INFO - Filling up the DagBag from /opt/airflow/dags/dl_fin_ratio_v2.py
[2026-04-30T03:20:22.785+0000] {processor.py:840} INFO - DAG(s) 'fin_ratio_v2' retrieved from /opt/airflow/dags/dl_fin_ratio_v2.py
[2026-04-30T03:20:22.801+0000] {logging_mixin.py:188} INFO - [2026-04-30T03:20:22.801+0000] {dag.py:3089} INFO - Sync 1 DAGs
[2026-04-30T03:20:22.822+0000] {logging_mixin.py:188} INFO - [2026-04-30T03:20:22.822+0000] {dag.py:3947} INFO - Setting next_dagrun for fin_ratio_v2 to 2026-04-01 00:00:00+00:00, run_after=2026-05-01 00:00:00+00:00
[2026-04-30T03:20:22.838+0000] {processor.py:183} INFO - Processing /opt/airflow/dags/dl_fin_ratio_v2.py took 0.096 seconds
[2026-04-30T03:20:53.400+0000] {processor.py:161} INFO - Started process (PID=5921) to work on /opt/airflow/dags/dl_fin_ratio_v2.py
[2026-04-30T03:20:53.401+0000] {processor.py:830} INFO - Processing file /opt/airflow/dags/dl_fin_ratio_v2.py for tasks to queue
[2026-04-30T03:20:53.403+0000] {logging_mixin.py:188} INFO - [2026-04-30T03:20:53.403+0000] {dagbag.py:545} INFO - Filling up the DagBag from /opt/airflow/dags/dl_fin_ratio_v2.py
[2026-04-30T03:20:53.443+0000] {processor.py:840} INFO - DAG(s) 'fin_ratio_v2' retrieved from /opt/airflow/dags/dl_fin_ratio_v2.py
[2026-04-30T03:20:53.459+0000] {logging_mixin.py:188} INFO - [2026-04-30T03:20:53.458+0000] {dag.py:3089} INFO - Sync 1 DAGs
[2026-04-30T03:20:53.483+0000] {logging_mixin.py:188} INFO - [2026-04-30T03:20:53.483+0000] {dag.py:3947} INFO - Setting next_dagrun for fin_ratio_v2 to 2026-04-01 00:00:00+00:00, run_after=2026-05-01 00:00:00+00:00
[2026-04-30T03:20:53.504+0000] {processor.py:183} INFO - Processing /opt/airflow/dags/dl_fin_ratio_v2.py took 0.110 seconds
[2026-04-30T03:21:24.017+0000] {processor.py:161} INFO - Started process (PID=5946) to work on /opt/airflow/dags/dl_fin_ratio_v2.py
[2026-04-30T03:21:24.018+0000] {processor.py:830} INFO - Processing file /opt/airflow/dags/dl_fin_ratio_v2.py for tasks to queue
[2026-04-30T03:21:24.020+0000] {logging_mixin.py:188} INFO - [2026-04-30T03:21:24.020+0000] {dagbag.py:545} INFO - Filling up the DagBag from /opt/airflow/dags/dl_fin_ratio_v2.py
[2026-04-30T03:21:24.056+0000] {processor.py:840} INFO - DAG(s) 'fin_ratio_v2' retrieved from /opt/airflow/dags/dl_fin_ratio_v2.py
[2026-04-30T03:21:24.070+0000] {logging_mixin.py:188} INFO - [2026-04-30T03:21:24.070+0000] {dag.py:3089} INFO - Sync 1 DAGs
[2026-04-30T03:21:24.090+0000] {logging_mixin.py:188} INFO - [2026-04-30T03:21:24.090+0000] {dag.py:3947} INFO - Setting next_dagrun for fin_ratio_v2 to 2026-04-01 00:00:00+00:00, run_after=2026-05-01 00:00:00+00:00
[2026-04-30T03:21:24.108+0000] {processor.py:183} INFO - Processing /opt/airflow/dags/dl_fin_ratio_v2.py took 0.097 seconds
[2026-04-30T03:21:54.517+0000] {processor.py:161} INFO - Started process (PID=5971) to work on /opt/airflow/dags/dl_fin_ratio_v2.py
[2026-04-30T03:21:54.518+0000] {processor.py:830} INFO - Processing file /opt/airflow/dags/dl_fin_ratio_v2.py for tasks to queue
[2026-04-30T03:21:54.520+0000] {logging_mixin.py:188} INFO - [2026-04-30T03:21:54.520+0000] {dagbag.py:545} INFO - Filling up the DagBag from /opt/airflow/dags/dl_fin_ratio_v2.py
[2026-04-30T03:21:54.555+0000] {processor.py:840} INFO - DAG(s) 'fin_ratio_v2' retrieved from /opt/airflow/dags/dl_fin_ratio_v2.py
[2026-04-30T03:21:54.571+0000] {logging_mixin.py:188} INFO - [2026-04-30T03:21:54.571+0000] {dag.py:3089} INFO - Sync 1 DAGs
[2026-04-30T03:21:54.594+0000] {logging_mixin.py:188} INFO - [2026-04-30T03:21:54.593+0000] {dag.py:3947} INFO - Setting next_dagrun for fin_ratio_v2 to 2026-04-01 00:00:00+00:00, run_after=2026-05-01 00:00:00+00:00
[2026-04-30T03:21:54.615+0000] {processor.py:183} INFO - Processing /opt/airflow/dags/dl_fin_ratio_v2.py took 0.104 seconds
[2026-04-30T03:22:24.991+0000] {processor.py:161} INFO - Started process (PID=5996) to work on /opt/airflow/dags/dl_fin_ratio_v2.py
[2026-04-30T03:22:24.992+0000] {processor.py:830} INFO - Processing file /opt/airflow/dags/dl_fin_ratio_v2.py for tasks to queue
[2026-04-30T03:22:24.995+0000] {logging_mixin.py:188} INFO - [2026-04-30T03:22:24.995+0000] {dagbag.py:545} INFO - Filling up the DagBag from /opt/airflow/dags/dl_fin_ratio_v2.py
[2026-04-30T03:22:25.037+0000] {processor.py:840} INFO - DAG(s) 'fin_ratio_v2' retrieved from /opt/airflow/dags/dl_fin_ratio_v2.py
[2026-04-30T03:22:25.055+0000] {logging_mixin.py:188} INFO - [2026-04-30T03:22:25.055+0000] {dag.py:3089} INFO - Sync 1 DAGs
[2026-04-30T03:22:25.082+0000] {logging_mixin.py:188} INFO - [2026-04-30T03:22:25.082+0000] {dag.py:3947} INFO - Setting next_dagrun for fin_ratio_v2 to 2026-04-01 00:00:00+00:00, run_after=2026-05-01 00:00:00+00:00
[2026-04-30T03:22:25.106+0000] {processor.py:183} INFO - Processing /opt/airflow/dags/dl_fin_ratio_v2.py took 0.121 seconds
[2026-04-30T03:22:55.631+0000] {processor.py:161} INFO - Started process (PID=6021) to work on /opt/airflow/dags/dl_fin_ratio_v2.py
[2026-04-30T03:22:55.632+0000] {processor.py:830} INFO - Processing file /opt/airflow/dags/dl_fin_ratio_v2.py for tasks to queue
[2026-04-30T03:22:55.634+0000] {logging_mixin.py:188} INFO - [2026-04-30T03:22:55.633+0000] {dagbag.py:545} INFO - Filling up the DagBag from /opt/airflow/dags/dl_fin_ratio_v2.py
[2026-04-30T03:22:55.668+0000] {processor.py:840} INFO - DAG(s) 'fin_ratio_v2' retrieved from /opt/airflow/dags/dl_fin_ratio_v2.py
[2026-04-30T03:22:55.685+0000] {logging_mixin.py:188} INFO - [2026-04-30T03:22:55.684+0000] {dag.py:3089} INFO - Sync 1 DAGs
[2026-04-30T03:22:55.707+0000] {logging_mixin.py:188} INFO - [2026-04-30T03:22:55.707+0000] {dag.py:3947} INFO - Setting next_dagrun for fin_ratio_v2 to 2026-04-01 00:00:00+00:00, run_after=2026-05-01 00:00:00+00:00
[2026-04-30T03:22:55.726+0000] {processor.py:183} INFO - Processing /opt/airflow/dags/dl_fin_ratio_v2.py took 0.101 seconds
[2026-04-30T03:23:26.220+0000] {processor.py:161} INFO - Started process (PID=6046) to work on /opt/airflow/dags/dl_fin_ratio_v2.py
[2026-04-30T03:23:26.220+0000] {processor.py:830} INFO - Processing file /opt/airflow/dags/dl_fin_ratio_v2.py for tasks to queue
[2026-04-30T03:23:26.222+0000] {logging_mixin.py:188} INFO - [2026-04-30T03:23:26.222+0000] {dagbag.py:545} INFO - Filling up the DagBag from /opt/airflow/dags/dl_fin_ratio_v2.py
[2026-04-30T03:23:26.255+0000] {processor.py:840} INFO - DAG(s) 'fin_ratio_v2' retrieved from /opt/airflow/dags/dl_fin_ratio_v2.py
[2026-04-30T03:23:26.268+0000] {logging_mixin.py:188} INFO - [2026-04-30T03:23:26.268+0000] {dag.py:3089} INFO - Sync 1 DAGs
[2026-04-30T03:23:26.289+0000] {logging_mixin.py:188} INFO - [2026-04-30T03:23:26.289+0000] {dag.py:3947} INFO - Setting next_dagrun for fin_ratio_v2 to 2026-04-01 00:00:00+00:00, run_after=2026-05-01 00:00:00+00:00
[2026-04-30T03:23:26.307+0000] {processor.py:183} INFO - Processing /opt/airflow/dags/dl_fin_ratio_v2.py took 0.093 seconds
[2026-04-30T03:23:57.054+0000] {processor.py:161} INFO - Started process (PID=6071) to work on /opt/airflow/dags/dl_fin_ratio_v2.py
[2026-04-30T03:23:57.055+0000] {processor.py:830} INFO - Processing file /opt/airflow/dags/dl_fin_ratio_v2.py for tasks to queue
[2026-04-30T03:23:57.057+0000] {logging_mixin.py:188} INFO - [2026-04-30T03:23:57.057+0000] {dagbag.py:545} INFO - Filling up the DagBag from /opt/airflow/dags/dl_fin_ratio_v2.py
[2026-04-30T03:23:57.095+0000] {processor.py:840} INFO - DAG(s) 'fin_ratio_v2' retrieved from /opt/airflow/dags/dl_fin_ratio_v2.py
[2026-04-30T03:23:57.111+0000] {logging_mixin.py:188} INFO - [2026-04-30T03:23:57.111+0000] {dag.py:3089} INFO - Sync 1 DAGs
[2026-04-30T03:23:57.133+0000] {logging_mixin.py:188} INFO - [2026-04-30T03:23:57.133+0000] {dag.py:3947} INFO - Setting next_dagrun for fin_ratio_v2 to 2026-04-01 00:00:00+00:00, run_after=2026-05-01 00:00:00+00:00
[2026-04-30T03:23:57.152+0000] {processor.py:183} INFO - Processing /opt/airflow/dags/dl_fin_ratio_v2.py took 0.104 seconds
[2026-04-30T03:24:27.578+0000] {processor.py:161} INFO - Started process (PID=6102) to work on /opt/airflow/dags/dl_fin_ratio_v2.py
[2026-04-30T03:24:27.580+0000] {processor.py:830} INFO - Processing file /opt/airflow/dags/dl_fin_ratio_v2.py for tasks to queue
[2026-04-30T03:24:27.583+0000] {logging_mixin.py:188} INFO - [2026-04-30T03:24:27.582+0000] {dagbag.py:545} INFO - Filling up the DagBag from /opt/airflow/dags/dl_fin_ratio_v2.py
[2026-04-30T03:24:27.627+0000] {processor.py:840} INFO - DAG(s) 'fin_ratio_v2' retrieved from /opt/airflow/dags/dl_fin_ratio_v2.py
[2026-04-30T03:24:27.644+0000] {logging_mixin.py:188} INFO - [2026-04-30T03:24:27.644+0000] {dag.py:3089} INFO - Sync 1 DAGs
[2026-04-30T03:24:27.668+0000] {logging_mixin.py:188} INFO - [2026-04-30T03:24:27.668+0000] {dag.py:3947} INFO - Setting next_dagrun for fin_ratio_v2 to 2026-04-01 00:00:00+00:00, run_after=2026-05-01 00:00:00+00:00
[2026-04-30T03:24:27.688+0000] {processor.py:183} INFO - Processing /opt/airflow/dags/dl_fin_ratio_v2.py took 0.119 seconds
[2026-04-30T03:24:58.245+0000] {processor.py:161} INFO - Started process (PID=6127) to work on /opt/airflow/dags/dl_fin_ratio_v2.py
[2026-04-30T03:24:58.246+0000] {processor.py:830} INFO - Processing file /opt/airflow/dags/dl_fin_ratio_v2.py for tasks to queue
[2026-04-30T03:24:58.249+0000] {logging_mixin.py:188} INFO - [2026-04-30T03:24:58.249+0000] {dagbag.py:545} INFO - Filling up the DagBag from /opt/airflow/dags/dl_fin_ratio_v2.py
[2026-04-30T03:24:58.292+0000] {processor.py:840} INFO - DAG(s) 'fin_ratio_v2' retrieved from /opt/airflow/dags/dl_fin_ratio_v2.py
[2026-04-30T03:24:58.313+0000] {logging_mixin.py:188} INFO - [2026-04-30T03:24:58.313+0000] {dag.py:3089} INFO - Sync 1 DAGs
[2026-04-30T03:24:58.341+0000] {logging_mixin.py:188} INFO - [2026-04-30T03:24:58.341+0000] {dag.py:3947} INFO - Setting next_dagrun for fin_ratio_v2 to 2026-04-01 00:00:00+00:00, run_after=2026-05-01 00:00:00+00:00
[2026-04-30T03:24:58.360+0000] {processor.py:183} INFO - Processing /opt/airflow/dags/dl_fin_ratio_v2.py took 0.122 seconds
[2026-04-30T03:25:29.103+0000] {processor.py:161} INFO - Started process (PID=6152) to work on /opt/airflow/dags/dl_fin_ratio_v2.py
[2026-04-30T03:25:29.104+0000] {processor.py:830} INFO - Processing file /opt/airflow/dags/dl_fin_ratio_v2.py for tasks to queue
[2026-04-30T03:25:29.106+0000] {logging_mixin.py:188} INFO - [2026-04-30T03:25:29.106+0000] {dagbag.py:545} INFO - Filling up the DagBag from /opt/airflow/dags/dl_fin_ratio_v2.py
[2026-04-30T03:25:29.140+0000] {processor.py:840} INFO - DAG(s) 'fin_ratio_v2' retrieved from /opt/airflow/dags/dl_fin_ratio_v2.py
[2026-04-30T03:25:29.155+0000] {logging_mixin.py:188} INFO - [2026-04-30T03:25:29.155+0000] {dag.py:3089} INFO - Sync 1 DAGs
[2026-04-30T03:25:29.176+0000] {logging_mixin.py:188} INFO - [2026-04-30T03:25:29.175+0000] {dag.py:3947} INFO - Setting next_dagrun for fin_ratio_v2 to 2026-04-01 00:00:00+00:00, run_after=2026-05-01 00:00:00+00:00
[2026-04-30T03:25:29.195+0000] {processor.py:183} INFO - Processing /opt/airflow/dags/dl_fin_ratio_v2.py took 0.097 seconds
[2026-04-30T03:25:59.839+0000] {processor.py:161} INFO - Started process (PID=6177) to work on /opt/airflow/dags/dl_fin_ratio_v2.py
[2026-04-30T03:25:59.840+0000] {processor.py:830} INFO - Processing file /opt/airflow/dags/dl_fin_ratio_v2.py for tasks to queue
[2026-04-30T03:25:59.842+0000] {logging_mixin.py:188} INFO - [2026-04-30T03:25:59.842+0000] {dagbag.py:545} INFO - Filling up the DagBag from /opt/airflow/dags/dl_fin_ratio_v2.py
[2026-04-30T03:25:59.882+0000] {processor.py:840} INFO - DAG(s) 'fin_ratio_v2' retrieved from /opt/airflow/dags/dl_fin_ratio_v2.py
[2026-04-30T03:25:59.898+0000] {logging_mixin.py:188} INFO - [2026-04-30T03:25:59.898+0000] {dag.py:3089} INFO - Sync 1 DAGs
[2026-04-30T03:25:59.920+0000] {logging_mixin.py:188} INFO - [2026-04-30T03:25:59.920+0000] {dag.py:3947} INFO - Setting next_dagrun for fin_ratio_v2 to 2026-04-01 00:00:00+00:00, run_after=2026-05-01 00:00:00+00:00
[2026-04-30T03:25:59.939+0000] {processor.py:183} INFO - Processing /opt/airflow/dags/dl_fin_ratio_v2.py took 0.106 seconds
[2026-04-30T03:26:30.679+0000] {processor.py:161} INFO - Started process (PID=6202) to work on /opt/airflow/dags/dl_fin_ratio_v2.py
[2026-04-30T03:26:30.679+0000] {processor.py:830} INFO - Processing file /opt/airflow/dags/dl_fin_ratio_v2.py for tasks to queue
[2026-04-30T03:26:30.682+0000] {logging_mixin.py:188} INFO - [2026-04-30T03:26:30.681+0000] {dagbag.py:545} INFO - Filling up the DagBag from /opt/airflow/dags/dl_fin_ratio_v2.py
[2026-04-30T03:26:30.711+0000] {processor.py:840} INFO - DAG(s) 'fin_ratio_v2' retrieved from /opt/airflow/dags/dl_fin_ratio_v2.py
[2026-04-30T03:26:30.725+0000] {logging_mixin.py:188} INFO - [2026-04-30T03:26:30.724+0000] {dag.py:3089} INFO - Sync 1 DAGs
[2026-04-30T03:26:30.743+0000] {logging_mixin.py:188} INFO - [2026-04-30T03:26:30.743+0000] {dag.py:3947} INFO - Setting next_dagrun for fin_ratio_v2 to 2026-04-01 00:00:00+00:00, run_after=2026-05-01 00:00:00+00:00
[2026-04-30T03:26:30.760+0000] {processor.py:183} INFO - Processing /opt/airflow/dags/dl_fin_ratio_v2.py took 0.088 seconds
[2026-04-30T03:27:01.372+0000] {processor.py:161} INFO - Started process (PID=6228) to work on /opt/airflow/dags/dl_fin_ratio_v2.py
[2026-04-30T03:27:01.373+0000] {processor.py:830} INFO - Processing file /opt/airflow/dags/dl_fin_ratio_v2.py for tasks to queue
[2026-04-30T03:27:01.375+0000] {logging_mixin.py:188} INFO - [2026-04-30T03:27:01.375+0000] {dagbag.py:545} INFO - Filling up the DagBag from /opt/airflow/dags/dl_fin_ratio_v2.py
[2026-04-30T03:27:01.410+0000] {processor.py:840} INFO - DAG(s) 'fin_ratio_v2' retrieved from /opt/airflow/dags/dl_fin_ratio_v2.py
[2026-04-30T03:27:01.424+0000] {logging_mixin.py:188} INFO - [2026-04-30T03:27:01.424+0000] {dag.py:3089} INFO - Sync 1 DAGs
[2026-04-30T03:27:01.445+0000] {logging_mixin.py:188} INFO - [2026-04-30T03:27:01.445+0000] {dag.py:3947} INFO - Setting next_dagrun for fin_ratio_v2 to 2026-04-01 00:00:00+00:00, run_after=2026-05-01 00:00:00+00:00
[2026-04-30T03:27:01.663+0000] {processor.py:183} INFO - Processing /opt/airflow/dags/dl_fin_ratio_v2.py took 0.297 seconds
[2026-04-30T03:27:31.976+0000] {processor.py:161} INFO - Started process (PID=6253) to work on /opt/airflow/dags/dl_fin_ratio_v2.py
[2026-04-30T03:27:31.977+0000] {processor.py:830} INFO - Processing file /opt/airflow/dags/dl_fin_ratio_v2.py for tasks to queue
[2026-04-30T03:27:31.979+0000] {logging_mixin.py:188} INFO - [2026-04-30T03:27:31.978+0000] {dagbag.py:545} INFO - Filling up the DagBag from /opt/airflow/dags/dl_fin_ratio_v2.py
[2026-04-30T03:27:32.012+0000] {processor.py:840} INFO - DAG(s) 'fin_ratio_v2' retrieved from /opt/airflow/dags/dl_fin_ratio_v2.py
[2026-04-30T03:27:32.027+0000] {logging_mixin.py:188} INFO - [2026-04-30T03:27:32.026+0000] {dag.py:3089} INFO - Sync 1 DAGs
[2026-04-30T03:27:32.046+0000] {logging_mixin.py:188} INFO - [2026-04-30T03:27:32.046+0000] {dag.py:3947} INFO - Setting next_dagrun for fin_ratio_v2 to 2026-04-01 00:00:00+00:00, run_after=2026-05-01 00:00:00+00:00
[2026-04-30T03:27:32.065+0000] {processor.py:183} INFO - Processing /opt/airflow/dags/dl_fin_ratio_v2.py took 0.094 seconds
[2026-04-30T03:28:02.953+0000] {processor.py:161} INFO - Started process (PID=6278) to work on /opt/airflow/dags/dl_fin_ratio_v2.py
[2026-04-30T03:28:02.953+0000] {processor.py:830} INFO - Processing file /opt/airflow/dags/dl_fin_ratio_v2.py for tasks to queue
[2026-04-30T03:28:02.955+0000] {logging_mixin.py:188} INFO - [2026-04-30T03:28:02.955+0000] {dagbag.py:545} INFO - Filling up the DagBag from /opt/airflow/dags/dl_fin_ratio_v2.py
[2026-04-30T03:28:02.989+0000] {processor.py:840} INFO - DAG(s) 'fin_ratio_v2' retrieved from /opt/airflow/dags/dl_fin_ratio_v2.py
[2026-04-30T03:28:03.005+0000] {logging_mixin.py:188} INFO - [2026-04-30T03:28:03.004+0000] {dag.py:3089} INFO - Sync 1 DAGs
[2026-04-30T03:28:03.028+0000] {logging_mixin.py:188} INFO - [2026-04-30T03:28:03.028+0000] {dag.py:3947} INFO - Setting next_dagrun for fin_ratio_v2 to 2026-04-01 00:00:00+00:00, run_after=2026-05-01 00:00:00+00:00
[2026-04-30T03:28:03.046+0000] {processor.py:183} INFO - Processing /opt/airflow/dags/dl_fin_ratio_v2.py took 0.099 seconds
[2026-04-30T03:28:33.537+0000] {processor.py:161} INFO - Started process (PID=6303) to work on /opt/airflow/dags/dl_fin_ratio_v2.py
[2026-04-30T03:28:33.538+0000] {processor.py:830} INFO - Processing file /opt/airflow/dags/dl_fin_ratio_v2.py for tasks to queue
[2026-04-30T03:28:33.543+0000] {logging_mixin.py:188} INFO - [2026-04-30T03:28:33.542+0000] {dagbag.py:545} INFO - Filling up the DagBag from /opt/airflow/dags/dl_fin_ratio_v2.py
[2026-04-30T03:28:33.585+0000] {processor.py:840} INFO - DAG(s) 'fin_ratio_v2' retrieved from /opt/airflow/dags/dl_fin_ratio_v2.py
[2026-04-30T03:28:33.602+0000] {logging_mixin.py:188} INFO - [2026-04-30T03:28:33.602+0000] {dag.py:3089} INFO - Sync 1 DAGs
[2026-04-30T03:28:33.626+0000] {logging_mixin.py:188} INFO - [2026-04-30T03:28:33.626+0000] {dag.py:3947} INFO - Setting next_dagrun for fin_ratio_v2 to 2026-04-01 00:00:00+00:00, run_after=2026-05-01 00:00:00+00:00
[2026-04-30T03:28:33.645+0000] {processor.py:183} INFO - Processing /opt/airflow/dags/dl_fin_ratio_v2.py took 0.116 seconds
[2026-04-30T03:29:04.530+0000] {processor.py:161} INFO - Started process (PID=6328) to work on /opt/airflow/dags/dl_fin_ratio_v2.py
[2026-04-30T03:29:04.531+0000] {processor.py:830} INFO - Processing file /opt/airflow/dags/dl_fin_ratio_v2.py for tasks to queue
[2026-04-30T03:29:04.534+0000] {logging_mixin.py:188} INFO - [2026-04-30T03:29:04.533+0000] {dagbag.py:545} INFO - Filling up the DagBag from /opt/airflow/dags/dl_fin_ratio_v2.py
[2026-04-30T03:29:04.569+0000] {processor.py:840} INFO - DAG(s) 'fin_ratio_v2' retrieved from /opt/airflow/dags/dl_fin_ratio_v2.py
[2026-04-30T03:29:04.585+0000] {logging_mixin.py:188} INFO - [2026-04-30T03:29:04.584+0000] {dag.py:3089} INFO - Sync 1 DAGs
[2026-04-30T03:29:04.605+0000] {logging_mixin.py:188} INFO - [2026-04-30T03:29:04.605+0000] {dag.py:3947} INFO - Setting next_dagrun for fin_ratio_v2 to 2026-04-01 00:00:00+00:00, run_after=2026-05-01 00:00:00+00:00
[2026-04-30T03:29:04.623+0000] {processor.py:183} INFO - Processing /opt/airflow/dags/dl_fin_ratio_v2.py took 0.098 seconds
[2026-04-30T03:29:35.156+0000] {processor.py:161} INFO - Started process (PID=6353) to work on /opt/airflow/dags/dl_fin_ratio_v2.py
[2026-04-30T03:29:35.157+0000] {processor.py:830} INFO - Processing file /opt/airflow/dags/dl_fin_ratio_v2.py for tasks to queue
[2026-04-30T03:29:35.159+0000] {logging_mixin.py:188} INFO - [2026-04-30T03:29:35.159+0000] {dagbag.py:545} INFO - Filling up the DagBag from /opt/airflow/dags/dl_fin_ratio_v2.py
[2026-04-30T03:29:35.192+0000] {processor.py:840} INFO - DAG(s) 'fin_ratio_v2' retrieved from /opt/airflow/dags/dl_fin_ratio_v2.py
[2026-04-30T03:29:35.208+0000] {logging_mixin.py:188} INFO - [2026-04-30T03:29:35.208+0000] {dag.py:3089} INFO - Sync 1 DAGs
[2026-04-30T03:29:35.229+0000] {logging_mixin.py:188} INFO - [2026-04-30T03:29:35.229+0000] {dag.py:3947} INFO - Setting next_dagrun for fin_ratio_v2 to 2026-04-01 00:00:00+00:00, run_after=2026-05-01 00:00:00+00:00
[2026-04-30T03:29:35.248+0000] {processor.py:183} INFO - Processing /opt/airflow/dags/dl_fin_ratio_v2.py took 0.098 seconds
[2026-04-30T03:30:05.810+0000] {processor.py:161} INFO - Started process (PID=6378) to work on /opt/airflow/dags/dl_fin_ratio_v2.py
[2026-04-30T03:30:05.811+0000] {processor.py:830} INFO - Processing file /opt/airflow/dags/dl_fin_ratio_v2.py for tasks to queue
[2026-04-30T03:30:05.813+0000] {logging_mixin.py:188} INFO - [2026-04-30T03:30:05.813+0000] {dagbag.py:545} INFO - Filling up the DagBag from /opt/airflow/dags/dl_fin_ratio_v2.py
[2026-04-30T03:30:05.847+0000] {processor.py:840} INFO - DAG(s) 'fin_ratio_v2' retrieved from /opt/airflow/dags/dl_fin_ratio_v2.py
[2026-04-30T03:30:05.863+0000] {logging_mixin.py:188} INFO - [2026-04-30T03:30:05.863+0000] {dag.py:3089} INFO - Sync 1 DAGs
[2026-04-30T03:30:05.885+0000] {logging_mixin.py:188} INFO - [2026-04-30T03:30:05.884+0000] {dag.py:3947} INFO - Setting next_dagrun for fin_ratio_v2 to 2026-04-01 00:00:00+00:00, run_after=2026-05-01 00:00:00+00:00
[2026-04-30T03:30:05.902+0000] {processor.py:183} INFO - Processing /opt/airflow/dags/dl_fin_ratio_v2.py took 0.098 seconds
[2026-04-30T03:30:36.307+0000] {processor.py:161} INFO - Started process (PID=6403) to work on /opt/airflow/dags/dl_fin_ratio_v2.py
[2026-04-30T03:30:36.308+0000] {processor.py:830} INFO - Processing file /opt/airflow/dags/dl_fin_ratio_v2.py for tasks to queue
[2026-04-30T03:30:36.312+0000] {logging_mixin.py:188} INFO - [2026-04-30T03:30:36.311+0000] {dagbag.py:545} INFO - Filling up the DagBag from /opt/airflow/dags/dl_fin_ratio_v2.py
[2026-04-30T03:30:36.346+0000] {processor.py:840} INFO - DAG(s) 'fin_ratio_v2' retrieved from /opt/airflow/dags/dl_fin_ratio_v2.py
[2026-04-30T03:30:36.361+0000] {logging_mixin.py:188} INFO - [2026-04-30T03:30:36.361+0000] {dag.py:3089} INFO - Sync 1 DAGs
[2026-04-30T03:30:36.381+0000] {logging_mixin.py:188} INFO - [2026-04-30T03:30:36.381+0000] {dag.py:3947} INFO - Setting next_dagrun for fin_ratio_v2 to 2026-04-01 00:00:00+00:00, run_after=2026-05-01 00:00:00+00:00
[2026-04-30T03:30:36.404+0000] {processor.py:183} INFO - Processing /opt/airflow/dags/dl_fin_ratio_v2.py took 0.101 seconds
[2026-04-30T03:31:06.901+0000] {processor.py:161} INFO - Started process (PID=6428) to work on /opt/airflow/dags/dl_fin_ratio_v2.py
[2026-04-30T03:31:06.901+0000] {processor.py:830} INFO - Processing file /opt/airflow/dags/dl_fin_ratio_v2.py for tasks to queue
[2026-04-30T03:31:06.904+0000] {logging_mixin.py:188} INFO - [2026-04-30T03:31:06.903+0000] {dagbag.py:545} INFO - Filling up the DagBag from /opt/airflow/dags/dl_fin_ratio_v2.py
[2026-04-30T03:31:06.938+0000] {processor.py:840} INFO - DAG(s) 'fin_ratio_v2' retrieved from /opt/airflow/dags/dl_fin_ratio_v2.py
[2026-04-30T03:31:06.954+0000] {logging_mixin.py:188} INFO - [2026-04-30T03:31:06.954+0000] {dag.py:3089} INFO - Sync 1 DAGs
[2026-04-30T03:31:06.975+0000] {logging_mixin.py:188} INFO - [2026-04-30T03:31:06.975+0000] {dag.py:3947} INFO - Setting next_dagrun for fin_ratio_v2 to 2026-04-01 00:00:00+00:00, run_after=2026-05-01 00:00:00+00:00
[2026-04-30T03:31:06.993+0000] {processor.py:183} INFO - Processing /opt/airflow/dags/dl_fin_ratio_v2.py took 0.098 seconds
[2026-04-30T03:31:37.573+0000] {processor.py:161} INFO - Started process (PID=6453) to work on /opt/airflow/dags/dl_fin_ratio_v2.py
[2026-04-30T03:31:37.574+0000] {processor.py:830} INFO - Processing file /opt/airflow/dags/dl_fin_ratio_v2.py for tasks to queue
[2026-04-30T03:31:37.576+0000] {logging_mixin.py:188} INFO - [2026-04-30T03:31:37.576+0000] {dagbag.py:545} INFO - Filling up the DagBag from /opt/airflow/dags/dl_fin_ratio_v2.py
[2026-04-30T03:31:37.608+0000] {processor.py:840} INFO - DAG(s) 'fin_ratio_v2' retrieved from /opt/airflow/dags/dl_fin_ratio_v2.py
[2026-04-30T03:31:37.622+0000] {logging_mixin.py:188} INFO - [2026-04-30T03:31:37.622+0000] {dag.py:3089} INFO - Sync 1 DAGs
[2026-04-30T03:31:37.641+0000] {logging_mixin.py:188} INFO - [2026-04-30T03:31:37.641+0000] {dag.py:3947} INFO - Setting next_dagrun for fin_ratio_v2 to 2026-04-01 00:00:00+00:00, run_after=2026-05-01 00:00:00+00:00
[2026-04-30T03:31:37.660+0000] {processor.py:183} INFO - Processing /opt/airflow/dags/dl_fin_ratio_v2.py took 0.092 seconds
[2026-04-30T03:32:08.167+0000] {processor.py:161} INFO - Started process (PID=6478) to work on /opt/airflow/dags/dl_fin_ratio_v2.py
[2026-04-30T03:32:08.168+0000] {processor.py:830} INFO - Processing file /opt/airflow/dags/dl_fin_ratio_v2.py for tasks to queue
[2026-04-30T03:32:08.170+0000] {logging_mixin.py:188} INFO - [2026-04-30T03:32:08.170+0000] {dagbag.py:545} INFO - Filling up the DagBag from /opt/airflow/dags/dl_fin_ratio_v2.py
[2026-04-30T03:32:08.207+0000] {processor.py:840} INFO - DAG(s) 'fin_ratio_v2' retrieved from /opt/airflow/dags/dl_fin_ratio_v2.py
[2026-04-30T03:32:08.223+0000] {logging_mixin.py:188} INFO - [2026-04-30T03:32:08.223+0000] {dag.py:3089} INFO - Sync 1 DAGs
[2026-04-30T03:32:08.252+0000] {logging_mixin.py:188} INFO - [2026-04-30T03:32:08.251+0000] {dag.py:3947} INFO - Setting next_dagrun for fin_ratio_v2 to 2026-04-01 00:00:00+00:00, run_after=2026-05-01 00:00:00+00:00
[2026-04-30T03:32:08.270+0000] {processor.py:183} INFO - Processing /opt/airflow/dags/dl_fin_ratio_v2.py took 0.109 seconds
[2026-04-30T03:32:38.752+0000] {processor.py:161} INFO - Started process (PID=6503) to work on /opt/airflow/dags/dl_fin_ratio_v2.py
[2026-04-30T03:32:38.753+0000] {processor.py:830} INFO - Processing file /opt/airflow/dags/dl_fin_ratio_v2.py for tasks to queue
[2026-04-30T03:32:38.756+0000] {logging_mixin.py:188} INFO - [2026-04-30T03:32:38.755+0000] {dagbag.py:545} INFO - Filling up the DagBag from /opt/airflow/dags/dl_fin_ratio_v2.py
[2026-04-30T03:32:38.791+0000] {processor.py:840} INFO - DAG(s) 'fin_ratio_v2' retrieved from /opt/airflow/dags/dl_fin_ratio_v2.py
[2026-04-30T03:32:38.806+0000] {logging_mixin.py:188} INFO - [2026-04-30T03:32:38.806+0000] {dag.py:3089} INFO - Sync 1 DAGs
[2026-04-30T03:32:38.827+0000] {logging_mixin.py:188} INFO - [2026-04-30T03:32:38.827+0000] {dag.py:3947} INFO - Setting next_dagrun for fin_ratio_v2 to 2026-04-01 00:00:00+00:00, run_after=2026-05-01 00:00:00+00:00
[2026-04-30T03:32:38.845+0000] {processor.py:183} INFO - Processing /opt/airflow/dags/dl_fin_ratio_v2.py took 0.099 seconds
[2026-04-30T03:33:09.375+0000] {processor.py:161} INFO - Started process (PID=6528) to work on /opt/airflow/dags/dl_fin_ratio_v2.py
[2026-04-30T03:33:09.375+0000] {processor.py:830} INFO - Processing file /opt/airflow/dags/dl_fin_ratio_v2.py for tasks to queue
[2026-04-30T03:33:09.378+0000] {logging_mixin.py:188} INFO - [2026-04-30T03:33:09.377+0000] {dagbag.py:545} INFO - Filling up the DagBag from /opt/airflow/dags/dl_fin_ratio_v2.py
[2026-04-30T03:33:09.413+0000] {processor.py:840} INFO - DAG(s) 'fin_ratio_v2' retrieved from /opt/airflow/dags/dl_fin_ratio_v2.py
[2026-04-30T03:33:09.428+0000] {logging_mixin.py:188} INFO - [2026-04-30T03:33:09.427+0000] {dag.py:3089} INFO - Sync 1 DAGs
[2026-04-30T03:33:09.449+0000] {logging_mixin.py:188} INFO - [2026-04-30T03:33:09.449+0000] {dag.py:3947} INFO - Setting next_dagrun for fin_ratio_v2 to 2026-04-01 00:00:00+00:00, run_after=2026-05-01 00:00:00+00:00
[2026-04-30T03:33:09.465+0000] {processor.py:183} INFO - Processing /opt/airflow/dags/dl_fin_ratio_v2.py took 0.096 seconds
[2026-04-30T03:33:40.067+0000] {processor.py:161} INFO - Started process (PID=6553) to work on /opt/airflow/dags/dl_fin_ratio_v2.py
[2026-04-30T03:33:40.068+0000] {processor.py:830} INFO - Processing file /opt/airflow/dags/dl_fin_ratio_v2.py for tasks to queue
[2026-04-30T03:33:40.070+0000] {logging_mixin.py:188} INFO - [2026-04-30T03:33:40.070+0000] {dagbag.py:545} INFO - Filling up the DagBag from /opt/airflow/dags/dl_fin_ratio_v2.py
[2026-04-30T03:33:40.103+0000] {processor.py:840} INFO - DAG(s) 'fin_ratio_v2' retrieved from /opt/airflow/dags/dl_fin_ratio_v2.py
[2026-04-30T03:33:40.118+0000] {logging_mixin.py:188} INFO - [2026-04-30T03:33:40.117+0000] {dag.py:3089} INFO - Sync 1 DAGs
[2026-04-30T03:33:40.139+0000] {logging_mixin.py:188} INFO - [2026-04-30T03:33:40.139+0000] {dag.py:3947} INFO - Setting next_dagrun for fin_ratio_v2 to 2026-04-01 00:00:00+00:00, run_after=2026-05-01 00:00:00+00:00
[2026-04-30T03:33:40.158+0000] {processor.py:183} INFO - Processing /opt/airflow/dags/dl_fin_ratio_v2.py took 0.097 seconds
[2026-04-30T03:34:10.562+0000] {processor.py:161} INFO - Started process (PID=6578) to work on /opt/airflow/dags/dl_fin_ratio_v2.py
[2026-04-30T03:34:10.562+0000] {processor.py:830} INFO - Processing file /opt/airflow/dags/dl_fin_ratio_v2.py for tasks to queue
[2026-04-30T03:34:10.565+0000] {logging_mixin.py:188} INFO - [2026-04-30T03:34:10.564+0000] {dagbag.py:545} INFO - Filling up the DagBag from /opt/airflow/dags/dl_fin_ratio_v2.py
[2026-04-30T03:34:10.597+0000] {processor.py:840} INFO - DAG(s) 'fin_ratio_v2' retrieved from /opt/airflow/dags/dl_fin_ratio_v2.py
[2026-04-30T03:34:10.613+0000] {logging_mixin.py:188} INFO - [2026-04-30T03:34:10.613+0000] {dag.py:3089} INFO - Sync 1 DAGs
[2026-04-30T03:34:10.634+0000] {logging_mixin.py:188} INFO - [2026-04-30T03:34:10.634+0000] {dag.py:3947} INFO - Setting next_dagrun for fin_ratio_v2 to 2026-04-01 00:00:00+00:00, run_after=2026-05-01 00:00:00+00:00
[2026-04-30T03:34:10.651+0000] {processor.py:183} INFO - Processing /opt/airflow/dags/dl_fin_ratio_v2.py took 0.095 seconds
[2026-04-30T03:34:41.263+0000] {processor.py:161} INFO - Started process (PID=6603) to work on /opt/airflow/dags/dl_fin_ratio_v2.py
[2026-04-30T03:34:41.264+0000] {processor.py:830} INFO - Processing file /opt/airflow/dags/dl_fin_ratio_v2.py for tasks to queue
[2026-04-30T03:34:41.266+0000] {logging_mixin.py:188} INFO - [2026-04-30T03:34:41.266+0000] {dagbag.py:545} INFO - Filling up the DagBag from /opt/airflow/dags/dl_fin_ratio_v2.py
[2026-04-30T03:34:41.299+0000] {processor.py:840} INFO - DAG(s) 'fin_ratio_v2' retrieved from /opt/airflow/dags/dl_fin_ratio_v2.py
[2026-04-30T03:34:41.312+0000] {logging_mixin.py:188} INFO - [2026-04-30T03:34:41.312+0000] {dag.py:3089} INFO - Sync 1 DAGs
[2026-04-30T03:34:41.332+0000] {logging_mixin.py:188} INFO - [2026-04-30T03:34:41.332+0000] {dag.py:3947} INFO - Setting next_dagrun for fin_ratio_v2 to 2026-04-01 00:00:00+00:00, run_after=2026-05-01 00:00:00+00:00
[2026-04-30T03:34:41.350+0000] {processor.py:183} INFO - Processing /opt/airflow/dags/dl_fin_ratio_v2.py took 0.093 seconds
[2026-04-30T03:35:11.760+0000] {processor.py:161} INFO - Started process (PID=6628) to work on /opt/airflow/dags/dl_fin_ratio_v2.py
[2026-04-30T03:35:11.761+0000] {processor.py:830} INFO - Processing file /opt/airflow/dags/dl_fin_ratio_v2.py for tasks to queue
[2026-04-30T03:35:11.764+0000] {logging_mixin.py:188} INFO - [2026-04-30T03:35:11.764+0000] {dagbag.py:545} INFO - Filling up the DagBag from /opt/airflow/dags/dl_fin_ratio_v2.py
[2026-04-30T03:35:11.807+0000] {processor.py:840} INFO - DAG(s) 'fin_ratio_v2' retrieved from /opt/airflow/dags/dl_fin_ratio_v2.py
[2026-04-30T03:35:11.825+0000] {logging_mixin.py:188} INFO - [2026-04-30T03:35:11.824+0000] {dag.py:3089} INFO - Sync 1 DAGs
[2026-04-30T03:35:11.846+0000] {logging_mixin.py:188} INFO - [2026-04-30T03:35:11.846+0000] {dag.py:3947} INFO - Setting next_dagrun for fin_ratio_v2 to 2026-04-01 00:00:00+00:00, run_after=2026-05-01 00:00:00+00:00
[2026-04-30T03:35:11.866+0000] {processor.py:183} INFO - Processing /opt/airflow/dags/dl_fin_ratio_v2.py took 0.114 seconds
[2026-04-30T03:35:42.518+0000] {processor.py:161} INFO - Started process (PID=6653) to work on /opt/airflow/dags/dl_fin_ratio_v2.py
[2026-04-30T03:35:42.518+0000] {processor.py:830} INFO - Processing file /opt/airflow/dags/dl_fin_ratio_v2.py for tasks to queue
[2026-04-30T03:35:42.520+0000] {logging_mixin.py:188} INFO - [2026-04-30T03:35:42.520+0000] {dagbag.py:545} INFO - Filling up the DagBag from /opt/airflow/dags/dl_fin_ratio_v2.py
[2026-04-30T03:35:42.552+0000] {processor.py:840} INFO - DAG(s) 'fin_ratio_v2' retrieved from /opt/airflow/dags/dl_fin_ratio_v2.py
[2026-04-30T03:35:42.565+0000] {logging_mixin.py:188} INFO - [2026-04-30T03:35:42.565+0000] {dag.py:3089} INFO - Sync 1 DAGs
[2026-04-30T03:35:42.585+0000] {logging_mixin.py:188} INFO - [2026-04-30T03:35:42.584+0000] {dag.py:3947} INFO - Setting next_dagrun for fin_ratio_v2 to 2026-04-01 00:00:00+00:00, run_after=2026-05-01 00:00:00+00:00
[2026-04-30T03:35:42.601+0000] {processor.py:183} INFO - Processing /opt/airflow/dags/dl_fin_ratio_v2.py took 0.089 seconds
[2026-04-30T03:36:12.984+0000] {processor.py:161} INFO - Started process (PID=6678) to work on /opt/airflow/dags/dl_fin_ratio_v2.py
[2026-04-30T03:36:12.985+0000] {processor.py:830} INFO - Processing file /opt/airflow/dags/dl_fin_ratio_v2.py for tasks to queue
[2026-04-30T03:36:12.987+0000] {logging_mixin.py:188} INFO - [2026-04-30T03:36:12.987+0000] {dagbag.py:545} INFO - Filling up the DagBag from /opt/airflow/dags/dl_fin_ratio_v2.py
[2026-04-30T03:36:13.020+0000] {processor.py:840} INFO - DAG(s) 'fin_ratio_v2' retrieved from /opt/airflow/dags/dl_fin_ratio_v2.py
[2026-04-30T03:36:13.034+0000] {logging_mixin.py:188} INFO - [2026-04-30T03:36:13.034+0000] {dag.py:3089} INFO - Sync 1 DAGs
[2026-04-30T03:36:13.054+0000] {logging_mixin.py:188} INFO - [2026-04-30T03:36:13.054+0000] {dag.py:3947} INFO - Setting next_dagrun for fin_ratio_v2 to 2026-04-01 00:00:00+00:00, run_after=2026-05-01 00:00:00+00:00
[2026-04-30T03:36:13.071+0000] {processor.py:183} INFO - Processing /opt/airflow/dags/dl_fin_ratio_v2.py took 0.092 seconds
[2026-04-30T03:36:43.559+0000] {processor.py:161} INFO - Started process (PID=6703) to work on /opt/airflow/dags/dl_fin_ratio_v2.py
[2026-04-30T03:36:43.560+0000] {processor.py:830} INFO - Processing file /opt/airflow/dags/dl_fin_ratio_v2.py for tasks to queue
[2026-04-30T03:36:43.562+0000] {logging_mixin.py:188} INFO - [2026-04-30T03:36:43.561+0000] {dagbag.py:545} INFO - Filling up the DagBag from /opt/airflow/dags/dl_fin_ratio_v2.py
[2026-04-30T03:36:43.592+0000] {processor.py:840} INFO - DAG(s) 'fin_ratio_v2' retrieved from /opt/airflow/dags/dl_fin_ratio_v2.py
[2026-04-30T03:36:43.606+0000] {logging_mixin.py:188} INFO - [2026-04-30T03:36:43.606+0000] {dag.py:3089} INFO - Sync 1 DAGs
[2026-04-30T03:36:43.626+0000] {logging_mixin.py:188} INFO - [2026-04-30T03:36:43.626+0000] {dag.py:3947} INFO - Setting next_dagrun for fin_ratio_v2 to 2026-04-01 00:00:00+00:00, run_after=2026-05-01 00:00:00+00:00
[2026-04-30T03:36:43.645+0000] {processor.py:183} INFO - Processing /opt/airflow/dags/dl_fin_ratio_v2.py took 0.092 seconds
[2026-04-30T03:37:14.036+0000] {processor.py:161} INFO - Started process (PID=6728) to work on /opt/airflow/dags/dl_fin_ratio_v2.py
[2026-04-30T03:37:14.037+0000] {processor.py:830} INFO - Processing file /opt/airflow/dags/dl_fin_ratio_v2.py for tasks to queue
[2026-04-30T03:37:14.040+0000] {logging_mixin.py:188} INFO - [2026-04-30T03:37:14.040+0000] {dagbag.py:545} INFO - Filling up the DagBag from /opt/airflow/dags/dl_fin_ratio_v2.py
[2026-04-30T03:37:14.075+0000] {processor.py:840} INFO - DAG(s) 'fin_ratio_v2' retrieved from /opt/airflow/dags/dl_fin_ratio_v2.py
[2026-04-30T03:37:14.091+0000] {logging_mixin.py:188} INFO - [2026-04-30T03:37:14.090+0000] {dag.py:3089} INFO - Sync 1 DAGs
[2026-04-30T03:37:14.116+0000] {logging_mixin.py:188} INFO - [2026-04-30T03:37:14.116+0000] {dag.py:3947} INFO - Setting next_dagrun for fin_ratio_v2 to 2026-04-01 00:00:00+00:00, run_after=2026-05-01 00:00:00+00:00
[2026-04-30T03:37:14.138+0000] {processor.py:183} INFO - Processing /opt/airflow/dags/dl_fin_ratio_v2.py took 0.108 seconds
[2026-04-30T03:37:44.720+0000] {processor.py:161} INFO - Started process (PID=6753) to work on /opt/airflow/dags/dl_fin_ratio_v2.py
[2026-04-30T03:37:44.721+0000] {processor.py:830} INFO - Processing file /opt/airflow/dags/dl_fin_ratio_v2.py for tasks to queue
[2026-04-30T03:37:44.723+0000] {logging_mixin.py:188} INFO - [2026-04-30T03:37:44.723+0000] {dagbag.py:545} INFO - Filling up the DagBag from /opt/airflow/dags/dl_fin_ratio_v2.py
[2026-04-30T03:37:44.757+0000] {processor.py:840} INFO - DAG(s) 'fin_ratio_v2' retrieved from /opt/airflow/dags/dl_fin_ratio_v2.py
[2026-04-30T03:37:44.772+0000] {logging_mixin.py:188} INFO - [2026-04-30T03:37:44.771+0000] {dag.py:3089} INFO - Sync 1 DAGs
[2026-04-30T03:37:44.792+0000] {logging_mixin.py:188} INFO - [2026-04-30T03:37:44.791+0000] {dag.py:3947} INFO - Setting next_dagrun for fin_ratio_v2 to 2026-04-01 00:00:00+00:00, run_after=2026-05-01 00:00:00+00:00
[2026-04-30T03:37:44.811+0000] {processor.py:183} INFO - Processing /opt/airflow/dags/dl_fin_ratio_v2.py took 0.096 seconds
[2026-04-30T03:38:15.326+0000] {processor.py:161} INFO - Started process (PID=6778) to work on /opt/airflow/dags/dl_fin_ratio_v2.py
[2026-04-30T03:38:15.328+0000] {processor.py:830} INFO - Processing file /opt/airflow/dags/dl_fin_ratio_v2.py for tasks to queue
[2026-04-30T03:38:15.330+0000] {logging_mixin.py:188} INFO - [2026-04-30T03:38:15.330+0000] {dagbag.py:545} INFO - Filling up the DagBag from /opt/airflow/dags/dl_fin_ratio_v2.py
[2026-04-30T03:38:15.371+0000] {processor.py:840} INFO - DAG(s) 'fin_ratio_v2' retrieved from /opt/airflow/dags/dl_fin_ratio_v2.py
[2026-04-30T03:38:15.389+0000] {logging_mixin.py:188} INFO - [2026-04-30T03:38:15.388+0000] {dag.py:3089} INFO - Sync 1 DAGs
[2026-04-30T03:38:15.414+0000] {logging_mixin.py:188} INFO - [2026-04-30T03:38:15.414+0000] {dag.py:3947} INFO - Setting next_dagrun for fin_ratio_v2 to 2026-04-01 00:00:00+00:00, run_after=2026-05-01 00:00:00+00:00
[2026-04-30T03:38:15.434+0000] {processor.py:183} INFO - Processing /opt/airflow/dags/dl_fin_ratio_v2.py took 0.116 seconds
[2026-04-30T03:38:46.183+0000] {processor.py:161} INFO - Started process (PID=6803) to work on /opt/airflow/dags/dl_fin_ratio_v2.py
[2026-04-30T03:38:46.184+0000] {processor.py:830} INFO - Processing file /opt/airflow/dags/dl_fin_ratio_v2.py for tasks to queue
[2026-04-30T03:38:46.186+0000] {logging_mixin.py:188} INFO - [2026-04-30T03:38:46.186+0000] {dagbag.py:545} INFO - Filling up the DagBag from /opt/airflow/dags/dl_fin_ratio_v2.py
[2026-04-30T03:38:46.221+0000] {processor.py:840} INFO - DAG(s) 'fin_ratio_v2' retrieved from /opt/airflow/dags/dl_fin_ratio_v2.py
[2026-04-30T03:38:46.236+0000] {logging_mixin.py:188} INFO - [2026-04-30T03:38:46.236+0000] {dag.py:3089} INFO - Sync 1 DAGs
[2026-04-30T03:38:46.259+0000] {logging_mixin.py:188} INFO - [2026-04-30T03:38:46.259+0000] {dag.py:3947} INFO - Setting next_dagrun for fin_ratio_v2 to 2026-04-01 00:00:00+00:00, run_after=2026-05-01 00:00:00+00:00
[2026-04-30T03:38:46.278+0000] {processor.py:183} INFO - Processing /opt/airflow/dags/dl_fin_ratio_v2.py took 0.101 seconds
[2026-04-30T03:39:16.915+0000] {processor.py:161} INFO - Started process (PID=6829) to work on /opt/airflow/dags/dl_fin_ratio_v2.py
[2026-04-30T03:39:16.916+0000] {processor.py:830} INFO - Processing file /opt/airflow/dags/dl_fin_ratio_v2.py for tasks to queue
[2026-04-30T03:39:16.919+0000] {logging_mixin.py:188} INFO - [2026-04-30T03:39:16.919+0000] {dagbag.py:545} INFO - Filling up the DagBag from /opt/airflow/dags/dl_fin_ratio_v2.py
[2026-04-30T03:39:16.962+0000] {processor.py:840} INFO - DAG(s) 'fin_ratio_v2' retrieved from /opt/airflow/dags/dl_fin_ratio_v2.py
[2026-04-30T03:39:16.978+0000] {logging_mixin.py:188} INFO - [2026-04-30T03:39:16.978+0000] {dag.py:3089} INFO - Sync 1 DAGs
[2026-04-30T03:39:17.001+0000] {logging_mixin.py:188} INFO - [2026-04-30T03:39:17.001+0000] {dag.py:3947} INFO - Setting next_dagrun for fin_ratio_v2 to 2026-04-01 00:00:00+00:00, run_after=2026-05-01 00:00:00+00:00
[2026-04-30T03:39:17.019+0000] {processor.py:183} INFO - Processing /opt/airflow/dags/dl_fin_ratio_v2.py took 0.114 seconds
[2026-04-30T03:39:47.805+0000] {processor.py:161} INFO - Started process (PID=6854) to work on /opt/airflow/dags/dl_fin_ratio_v2.py
[2026-04-30T03:39:47.805+0000] {processor.py:830} INFO - Processing file /opt/airflow/dags/dl_fin_ratio_v2.py for tasks to queue
[2026-04-30T03:39:47.807+0000] {logging_mixin.py:188} INFO - [2026-04-30T03:39:47.807+0000] {dagbag.py:545} INFO - Filling up the DagBag from /opt/airflow/dags/dl_fin_ratio_v2.py
[2026-04-30T03:39:47.841+0000] {processor.py:840} INFO - DAG(s) 'fin_ratio_v2' retrieved from /opt/airflow/dags/dl_fin_ratio_v2.py
[2026-04-30T03:39:47.855+0000] {logging_mixin.py:188} INFO - [2026-04-30T03:39:47.855+0000] {dag.py:3089} INFO - Sync 1 DAGs
[2026-04-30T03:39:47.877+0000] {logging_mixin.py:188} INFO - [2026-04-30T03:39:47.877+0000] {dag.py:3947} INFO - Setting next_dagrun for fin_ratio_v2 to 2026-04-01 00:00:00+00:00, run_after=2026-05-01 00:00:00+00:00
[2026-04-30T03:39:47.894+0000] {processor.py:183} INFO - Processing /opt/airflow/dags/dl_fin_ratio_v2.py took 0.095 seconds
[2026-04-30T03:40:18.388+0000] {processor.py:161} INFO - Started process (PID=6879) to work on /opt/airflow/dags/dl_fin_ratio_v2.py
[2026-04-30T03:40:18.389+0000] {processor.py:830} INFO - Processing file /opt/airflow/dags/dl_fin_ratio_v2.py for tasks to queue
[2026-04-30T03:40:18.391+0000] {logging_mixin.py:188} INFO - [2026-04-30T03:40:18.390+0000] {dagbag.py:545} INFO - Filling up the DagBag from /opt/airflow/dags/dl_fin_ratio_v2.py
[2026-04-30T03:40:18.425+0000] {processor.py:840} INFO - DAG(s) 'fin_ratio_v2' retrieved from /opt/airflow/dags/dl_fin_ratio_v2.py
[2026-04-30T03:40:18.440+0000] {logging_mixin.py:188} INFO - [2026-04-30T03:40:18.440+0000] {dag.py:3089} INFO - Sync 1 DAGs
[2026-04-30T03:40:18.461+0000] {logging_mixin.py:188} INFO - [2026-04-30T03:40:18.460+0000] {dag.py:3947} INFO - Setting next_dagrun for fin_ratio_v2 to 2026-04-01 00:00:00+00:00, run_after=2026-05-01 00:00:00+00:00
[2026-04-30T03:40:18.476+0000] {processor.py:183} INFO - Processing /opt/airflow/dags/dl_fin_ratio_v2.py took 0.094 seconds
[2026-04-30T03:40:48.964+0000] {processor.py:161} INFO - Started process (PID=6904) to work on /opt/airflow/dags/dl_fin_ratio_v2.py
[2026-04-30T03:40:48.965+0000] {processor.py:830} INFO - Processing file /opt/airflow/dags/dl_fin_ratio_v2.py for tasks to queue
[2026-04-30T03:40:48.966+0000] {logging_mixin.py:188} INFO - [2026-04-30T03:40:48.966+0000] {dagbag.py:545} INFO - Filling up the DagBag from /opt/airflow/dags/dl_fin_ratio_v2.py
[2026-04-30T03:40:48.998+0000] {processor.py:840} INFO - DAG(s) 'fin_ratio_v2' retrieved from /opt/airflow/dags/dl_fin_ratio_v2.py
[2026-04-30T03:40:49.012+0000] {logging_mixin.py:188} INFO - [2026-04-30T03:40:49.012+0000] {dag.py:3089} INFO - Sync 1 DAGs
[2026-04-30T03:40:49.031+0000] {logging_mixin.py:188} INFO - [2026-04-30T03:40:49.030+0000] {dag.py:3947} INFO - Setting next_dagrun for fin_ratio_v2 to 2026-04-01 00:00:00+00:00, run_after=2026-05-01 00:00:00+00:00
[2026-04-30T03:40:49.052+0000] {processor.py:183} INFO - Processing /opt/airflow/dags/dl_fin_ratio_v2.py took 0.093 seconds
[2026-04-30T03:41:19.474+0000] {processor.py:161} INFO - Started process (PID=6929) to work on /opt/airflow/dags/dl_fin_ratio_v2.py
[2026-04-30T03:41:19.475+0000] {processor.py:830} INFO - Processing file /opt/airflow/dags/dl_fin_ratio_v2.py for tasks to queue
[2026-04-30T03:41:19.477+0000] {logging_mixin.py:188} INFO - [2026-04-30T03:41:19.477+0000] {dagbag.py:545} INFO - Filling up the DagBag from /opt/airflow/dags/dl_fin_ratio_v2.py
[2026-04-30T03:41:19.511+0000] {processor.py:840} INFO - DAG(s) 'fin_ratio_v2' retrieved from /opt/airflow/dags/dl_fin_ratio_v2.py
[2026-04-30T03:41:19.529+0000] {logging_mixin.py:188} INFO - [2026-04-30T03:41:19.528+0000] {dag.py:3089} INFO - Sync 1 DAGs
[2026-04-30T03:41:19.550+0000] {logging_mixin.py:188} INFO - [2026-04-30T03:41:19.550+0000] {dag.py:3947} INFO - Setting next_dagrun for fin_ratio_v2 to 2026-04-01 00:00:00+00:00, run_after=2026-05-01 00:00:00+00:00
[2026-04-30T03:41:19.568+0000] {processor.py:183} INFO - Processing /opt/airflow/dags/dl_fin_ratio_v2.py took 0.100 seconds
[2026-04-30T03:41:50.032+0000] {processor.py:161} INFO - Started process (PID=6954) to work on /opt/airflow/dags/dl_fin_ratio_v2.py
[2026-04-30T03:41:50.033+0000] {processor.py:830} INFO - Processing file /opt/airflow/dags/dl_fin_ratio_v2.py for tasks to queue
[2026-04-30T03:41:50.035+0000] {logging_mixin.py:188} INFO - [2026-04-30T03:41:50.035+0000] {dagbag.py:545} INFO - Filling up the DagBag from /opt/airflow/dags/dl_fin_ratio_v2.py
[2026-04-30T03:41:50.069+0000] {processor.py:840} INFO - DAG(s) 'fin_ratio_v2' retrieved from /opt/airflow/dags/dl_fin_ratio_v2.py
[2026-04-30T03:41:50.084+0000] {logging_mixin.py:188} INFO - [2026-04-30T03:41:50.084+0000] {dag.py:3089} INFO - Sync 1 DAGs
[2026-04-30T03:41:50.105+0000] {logging_mixin.py:188} INFO - [2026-04-30T03:41:50.104+0000] {dag.py:3947} INFO - Setting next_dagrun for fin_ratio_v2 to 2026-04-01 00:00:00+00:00, run_after=2026-05-01 00:00:00+00:00
[2026-04-30T03:41:50.121+0000] {processor.py:183} INFO - Processing /opt/airflow/dags/dl_fin_ratio_v2.py took 0.095 seconds
[2026-04-30T03:42:20.550+0000] {processor.py:161} INFO - Started process (PID=6979) to work on /opt/airflow/dags/dl_fin_ratio_v2.py
[2026-04-30T03:42:20.551+0000] {processor.py:830} INFO - Processing file /opt/airflow/dags/dl_fin_ratio_v2.py for tasks to queue
[2026-04-30T03:42:20.554+0000] {logging_mixin.py:188} INFO - [2026-04-30T03:42:20.553+0000] {dagbag.py:545} INFO - Filling up the DagBag from /opt/airflow/dags/dl_fin_ratio_v2.py
[2026-04-30T03:42:20.585+0000] {processor.py:840} INFO - DAG(s) 'fin_ratio_v2' retrieved from /opt/airflow/dags/dl_fin_ratio_v2.py
[2026-04-30T03:42:20.599+0000] {logging_mixin.py:188} INFO - [2026-04-30T03:42:20.599+0000] {dag.py:3089} INFO - Sync 1 DAGs
[2026-04-30T03:42:20.618+0000] {logging_mixin.py:188} INFO - [2026-04-30T03:42:20.617+0000] {dag.py:3947} INFO - Setting next_dagrun for fin_ratio_v2 to 2026-04-01 00:00:00+00:00, run_after=2026-05-01 00:00:00+00:00
[2026-04-30T03:42:20.635+0000] {processor.py:183} INFO - Processing /opt/airflow/dags/dl_fin_ratio_v2.py took 0.090 seconds
[2026-04-30T03:42:51.124+0000] {processor.py:161} INFO - Started process (PID=7004) to work on /opt/airflow/dags/dl_fin_ratio_v2.py
[2026-04-30T03:42:51.125+0000] {processor.py:830} INFO - Processing file /opt/airflow/dags/dl_fin_ratio_v2.py for tasks to queue
[2026-04-30T03:42:51.127+0000] {logging_mixin.py:188} INFO - [2026-04-30T03:42:51.127+0000] {dagbag.py:545} INFO - Filling up the DagBag from /opt/airflow/dags/dl_fin_ratio_v2.py
[2026-04-30T03:42:51.161+0000] {processor.py:840} INFO - DAG(s) 'fin_ratio_v2' retrieved from /opt/airflow/dags/dl_fin_ratio_v2.py
[2026-04-30T03:42:51.176+0000] {logging_mixin.py:188} INFO - [2026-04-30T03:42:51.176+0000] {dag.py:3089} INFO - Sync 1 DAGs
[2026-04-30T03:42:51.195+0000] {logging_mixin.py:188} INFO - [2026-04-30T03:42:51.195+0000] {dag.py:3947} INFO - Setting next_dagrun for fin_ratio_v2 to 2026-04-01 00:00:00+00:00, run_after=2026-05-01 00:00:00+00:00
[2026-04-30T03:42:51.214+0000] {processor.py:183} INFO - Processing /opt/airflow/dags/dl_fin_ratio_v2.py took 0.095 seconds
[2026-04-30T03:43:21.637+0000] {processor.py:161} INFO - Started process (PID=7029) to work on /opt/airflow/dags/dl_fin_ratio_v2.py
[2026-04-30T03:43:21.638+0000] {processor.py:830} INFO - Processing file /opt/airflow/dags/dl_fin_ratio_v2.py for tasks to queue
[2026-04-30T03:43:21.640+0000] {logging_mixin.py:188} INFO - [2026-04-30T03:43:21.640+0000] {dagbag.py:545} INFO - Filling up the DagBag from /opt/airflow/dags/dl_fin_ratio_v2.py
[2026-04-30T03:43:21.672+0000] {processor.py:840} INFO - DAG(s) 'fin_ratio_v2' retrieved from /opt/airflow/dags/dl_fin_ratio_v2.py
[2026-04-30T03:43:21.686+0000] {logging_mixin.py:188} INFO - [2026-04-30T03:43:21.686+0000] {dag.py:3089} INFO - Sync 1 DAGs
[2026-04-30T03:43:21.707+0000] {logging_mixin.py:188} INFO - [2026-04-30T03:43:21.707+0000] {dag.py:3947} INFO - Setting next_dagrun for fin_ratio_v2 to 2026-04-01 00:00:00+00:00, run_after=2026-05-01 00:00:00+00:00
[2026-04-30T03:43:21.728+0000] {processor.py:183} INFO - Processing /opt/airflow/dags/dl_fin_ratio_v2.py took 0.098 seconds
[2026-04-30T03:43:51.905+0000] {processor.py:161} INFO - Started process (PID=7054) to work on /opt/airflow/dags/dl_fin_ratio_v2.py
[2026-04-30T03:43:51.906+0000] {processor.py:830} INFO - Processing file /opt/airflow/dags/dl_fin_ratio_v2.py for tasks to queue
[2026-04-30T03:43:51.908+0000] {logging_mixin.py:188} INFO - [2026-04-30T03:43:51.908+0000] {dagbag.py:545} INFO - Filling up the DagBag from /opt/airflow/dags/dl_fin_ratio_v2.py
[2026-04-30T03:43:51.942+0000] {processor.py:840} INFO - DAG(s) 'fin_ratio_v2' retrieved from /opt/airflow/dags/dl_fin_ratio_v2.py
[2026-04-30T03:43:51.956+0000] {logging_mixin.py:188} INFO - [2026-04-30T03:43:51.955+0000] {dag.py:3089} INFO - Sync 1 DAGs
[2026-04-30T03:43:51.974+0000] {logging_mixin.py:188} INFO - [2026-04-30T03:43:51.974+0000] {dag.py:3947} INFO - Setting next_dagrun for fin_ratio_v2 to 2026-04-01 00:00:00+00:00, run_after=2026-05-01 00:00:00+00:00
[2026-04-30T03:43:51.993+0000] {processor.py:183} INFO - Processing /opt/airflow/dags/dl_fin_ratio_v2.py took 0.093 seconds
[2026-04-30T03:44:22.082+0000] {processor.py:161} INFO - Started process (PID=7079) to work on /opt/airflow/dags/dl_fin_ratio_v2.py
[2026-04-30T03:44:22.083+0000] {processor.py:830} INFO - Processing file /opt/airflow/dags/dl_fin_ratio_v2.py for tasks to queue
[2026-04-30T03:44:22.085+0000] {logging_mixin.py:188} INFO - [2026-04-30T03:44:22.085+0000] {dagbag.py:545} INFO - Filling up the DagBag from /opt/airflow/dags/dl_fin_ratio_v2.py
[2026-04-30T03:44:22.119+0000] {processor.py:840} INFO - DAG(s) 'fin_ratio_v2' retrieved from /opt/airflow/dags/dl_fin_ratio_v2.py
[2026-04-30T03:44:22.135+0000] {logging_mixin.py:188} INFO - [2026-04-30T03:44:22.135+0000] {dag.py:3089} INFO - Sync 1 DAGs
[2026-04-30T03:44:22.367+0000] {logging_mixin.py:188} INFO - [2026-04-30T03:44:22.367+0000] {dag.py:3947} INFO - Setting next_dagrun for fin_ratio_v2 to 2026-04-01 00:00:00+00:00, run_after=2026-05-01 00:00:00+00:00
[2026-04-30T03:44:22.384+0000] {processor.py:183} INFO - Processing /opt/airflow/dags/dl_fin_ratio_v2.py took 0.308 seconds
[2026-04-30T03:44:53.202+0000] {processor.py:161} INFO - Started process (PID=7104) to work on /opt/airflow/dags/dl_fin_ratio_v2.py
[2026-04-30T03:44:53.203+0000] {processor.py:830} INFO - Processing file /opt/airflow/dags/dl_fin_ratio_v2.py for tasks to queue
[2026-04-30T03:44:53.206+0000] {logging_mixin.py:188} INFO - [2026-04-30T03:44:53.206+0000] {dagbag.py:545} INFO - Filling up the DagBag from /opt/airflow/dags/dl_fin_ratio_v2.py
[2026-04-30T03:44:53.241+0000] {processor.py:840} INFO - DAG(s) 'fin_ratio_v2' retrieved from /opt/airflow/dags/dl_fin_ratio_v2.py
[2026-04-30T03:44:53.257+0000] {logging_mixin.py:188} INFO - [2026-04-30T03:44:53.256+0000] {dag.py:3089} INFO - Sync 1 DAGs
[2026-04-30T03:44:53.278+0000] {logging_mixin.py:188} INFO - [2026-04-30T03:44:53.278+0000] {dag.py:3947} INFO - Setting next_dagrun for fin_ratio_v2 to 2026-04-01 00:00:00+00:00, run_after=2026-05-01 00:00:00+00:00
[2026-04-30T03:44:53.299+0000] {processor.py:183} INFO - Processing /opt/airflow/dags/dl_fin_ratio_v2.py took 0.105 seconds
[2026-04-30T03:45:24.042+0000] {processor.py:161} INFO - Started process (PID=7129) to work on /opt/airflow/dags/dl_fin_ratio_v2.py
[2026-04-30T03:45:24.043+0000] {processor.py:830} INFO - Processing file /opt/airflow/dags/dl_fin_ratio_v2.py for tasks to queue
[2026-04-30T03:45:24.045+0000] {logging_mixin.py:188} INFO - [2026-04-30T03:45:24.044+0000] {dagbag.py:545} INFO - Filling up the DagBag from /opt/airflow/dags/dl_fin_ratio_v2.py
[2026-04-30T03:45:24.077+0000] {processor.py:840} INFO - DAG(s) 'fin_ratio_v2' retrieved from /opt/airflow/dags/dl_fin_ratio_v2.py
[2026-04-30T03:45:24.092+0000] {logging_mixin.py:188} INFO - [2026-04-30T03:45:24.091+0000] {dag.py:3089} INFO - Sync 1 DAGs
[2026-04-30T03:45:24.111+0000] {logging_mixin.py:188} INFO - [2026-04-30T03:45:24.111+0000] {dag.py:3947} INFO - Setting next_dagrun for fin_ratio_v2 to 2026-04-01 00:00:00+00:00, run_after=2026-05-01 00:00:00+00:00
[2026-04-30T03:45:24.132+0000] {processor.py:183} INFO - Processing /opt/airflow/dags/dl_fin_ratio_v2.py took 0.095 seconds
[2026-04-30T03:45:54.768+0000] {processor.py:161} INFO - Started process (PID=7154) to work on /opt/airflow/dags/dl_fin_ratio_v2.py
[2026-04-30T03:45:54.769+0000] {processor.py:830} INFO - Processing file /opt/airflow/dags/dl_fin_ratio_v2.py for tasks to queue
[2026-04-30T03:45:54.771+0000] {logging_mixin.py:188} INFO - [2026-04-30T03:45:54.771+0000] {dagbag.py:545} INFO - Filling up the DagBag from /opt/airflow/dags/dl_fin_ratio_v2.py
[2026-04-30T03:45:54.804+0000] {processor.py:840} INFO - DAG(s) 'fin_ratio_v2' retrieved from /opt/airflow/dags/dl_fin_ratio_v2.py
[2026-04-30T03:45:54.818+0000] {logging_mixin.py:188} INFO - [2026-04-30T03:45:54.818+0000] {dag.py:3089} INFO - Sync 1 DAGs
[2026-04-30T03:45:54.839+0000] {logging_mixin.py:188} INFO - [2026-04-30T03:45:54.839+0000] {dag.py:3947} INFO - Setting next_dagrun for fin_ratio_v2 to 2026-04-01 00:00:00+00:00, run_after=2026-05-01 00:00:00+00:00
[2026-04-30T03:45:54.861+0000] {processor.py:183} INFO - Processing /opt/airflow/dags/dl_fin_ratio_v2.py took 0.098 seconds
[2026-04-30T03:46:25.286+0000] {processor.py:161} INFO - Started process (PID=7179) to work on /opt/airflow/dags/dl_fin_ratio_v2.py
[2026-04-30T03:46:25.287+0000] {processor.py:830} INFO - Processing file /opt/airflow/dags/dl_fin_ratio_v2.py for tasks to queue
[2026-04-30T03:46:25.290+0000] {logging_mixin.py:188} INFO - [2026-04-30T03:46:25.289+0000] {dagbag.py:545} INFO - Filling up the DagBag from /opt/airflow/dags/dl_fin_ratio_v2.py
[2026-04-30T03:46:25.327+0000] {processor.py:840} INFO - DAG(s) 'fin_ratio_v2' retrieved from /opt/airflow/dags/dl_fin_ratio_v2.py
[2026-04-30T03:46:25.341+0000] {logging_mixin.py:188} INFO - [2026-04-30T03:46:25.341+0000] {dag.py:3089} INFO - Sync 1 DAGs
[2026-04-30T03:46:25.362+0000] {logging_mixin.py:188} INFO - [2026-04-30T03:46:25.361+0000] {dag.py:3947} INFO - Setting next_dagrun for fin_ratio_v2 to 2026-04-01 00:00:00+00:00, run_after=2026-05-01 00:00:00+00:00
[2026-04-30T03:46:25.378+0000] {processor.py:183} INFO - Processing /opt/airflow/dags/dl_fin_ratio_v2.py took 0.096 seconds
[2026-04-30T03:46:55.857+0000] {processor.py:161} INFO - Started process (PID=7204) to work on /opt/airflow/dags/dl_fin_ratio_v2.py
[2026-04-30T03:46:55.858+0000] {processor.py:830} INFO - Processing file /opt/airflow/dags/dl_fin_ratio_v2.py for tasks to queue
[2026-04-30T03:46:55.860+0000] {logging_mixin.py:188} INFO - [2026-04-30T03:46:55.859+0000] {dagbag.py:545} INFO - Filling up the DagBag from /opt/airflow/dags/dl_fin_ratio_v2.py
[2026-04-30T03:46:55.892+0000] {processor.py:840} INFO - DAG(s) 'fin_ratio_v2' retrieved from /opt/airflow/dags/dl_fin_ratio_v2.py
[2026-04-30T03:46:55.907+0000] {logging_mixin.py:188} INFO - [2026-04-30T03:46:55.907+0000] {dag.py:3089} INFO - Sync 1 DAGs
[2026-04-30T03:46:55.932+0000] {logging_mixin.py:188} INFO - [2026-04-30T03:46:55.932+0000] {dag.py:3947} INFO - Setting next_dagrun for fin_ratio_v2 to 2026-04-01 00:00:00+00:00, run_after=2026-05-01 00:00:00+00:00
[2026-04-30T03:46:55.951+0000] {processor.py:183} INFO - Processing /opt/airflow/dags/dl_fin_ratio_v2.py took 0.100 seconds
[2026-04-30T03:47:26.614+0000] {processor.py:161} INFO - Started process (PID=7229) to work on /opt/airflow/dags/dl_fin_ratio_v2.py
[2026-04-30T03:47:26.616+0000] {processor.py:830} INFO - Processing file /opt/airflow/dags/dl_fin_ratio_v2.py for tasks to queue
[2026-04-30T03:47:26.621+0000] {logging_mixin.py:188} INFO - [2026-04-30T03:47:26.620+0000] {dagbag.py:545} INFO - Filling up the DagBag from /opt/airflow/dags/dl_fin_ratio_v2.py
[2026-04-30T03:47:26.678+0000] {processor.py:840} INFO - DAG(s) 'fin_ratio_v2' retrieved from /opt/airflow/dags/dl_fin_ratio_v2.py
[2026-04-30T03:47:26.696+0000] {logging_mixin.py:188} INFO - [2026-04-30T03:47:26.695+0000] {dag.py:3089} INFO - Sync 1 DAGs
[2026-04-30T03:47:26.728+0000] {logging_mixin.py:188} INFO - [2026-04-30T03:47:26.727+0000] {dag.py:3947} INFO - Setting next_dagrun for fin_ratio_v2 to 2026-04-01 00:00:00+00:00, run_after=2026-05-01 00:00:00+00:00
[2026-04-30T03:47:26.751+0000] {processor.py:183} INFO - Processing /opt/airflow/dags/dl_fin_ratio_v2.py took 0.147 seconds
[2026-04-30T03:47:57.458+0000] {processor.py:161} INFO - Started process (PID=7254) to work on /opt/airflow/dags/dl_fin_ratio_v2.py
[2026-04-30T03:47:57.459+0000] {processor.py:830} INFO - Processing file /opt/airflow/dags/dl_fin_ratio_v2.py for tasks to queue
[2026-04-30T03:47:57.461+0000] {logging_mixin.py:188} INFO - [2026-04-30T03:47:57.460+0000] {dagbag.py:545} INFO - Filling up the DagBag from /opt/airflow/dags/dl_fin_ratio_v2.py
[2026-04-30T03:47:57.494+0000] {processor.py:840} INFO - DAG(s) 'fin_ratio_v2' retrieved from /opt/airflow/dags/dl_fin_ratio_v2.py
[2026-04-30T03:47:57.508+0000] {logging_mixin.py:188} INFO - [2026-04-30T03:47:57.508+0000] {dag.py:3089} INFO - Sync 1 DAGs
[2026-04-30T03:47:57.528+0000] {logging_mixin.py:188} INFO - [2026-04-30T03:47:57.528+0000] {dag.py:3947} INFO - Setting next_dagrun for fin_ratio_v2 to 2026-04-01 00:00:00+00:00, run_after=2026-05-01 00:00:00+00:00
[2026-04-30T03:47:57.548+0000] {processor.py:183} INFO - Processing /opt/airflow/dags/dl_fin_ratio_v2.py took 0.096 seconds
[2026-04-30T03:48:27.677+0000] {processor.py:161} INFO - Started process (PID=7279) to work on /opt/airflow/dags/dl_fin_ratio_v2.py
[2026-04-30T03:48:27.678+0000] {processor.py:830} INFO - Processing file /opt/airflow/dags/dl_fin_ratio_v2.py for tasks to queue
[2026-04-30T03:48:27.681+0000] {logging_mixin.py:188} INFO - [2026-04-30T03:48:27.680+0000] {dagbag.py:545} INFO - Filling up the DagBag from /opt/airflow/dags/dl_fin_ratio_v2.py
[2026-04-30T03:48:27.714+0000] {processor.py:840} INFO - DAG(s) 'fin_ratio_v2' retrieved from /opt/airflow/dags/dl_fin_ratio_v2.py
[2026-04-30T03:48:27.728+0000] {logging_mixin.py:188} INFO - [2026-04-30T03:48:27.728+0000] {dag.py:3089} INFO - Sync 1 DAGs
[2026-04-30T03:48:27.748+0000] {logging_mixin.py:188} INFO - [2026-04-30T03:48:27.748+0000] {dag.py:3947} INFO - Setting next_dagrun for fin_ratio_v2 to 2026-04-01 00:00:00+00:00, run_after=2026-05-01 00:00:00+00:00
[2026-04-30T03:48:27.764+0000] {processor.py:183} INFO - Processing /opt/airflow/dags/dl_fin_ratio_v2.py took 0.093 seconds
[2026-04-30T03:48:58.409+0000] {processor.py:161} INFO - Started process (PID=7304) to work on /opt/airflow/dags/dl_fin_ratio_v2.py
[2026-04-30T03:48:58.410+0000] {processor.py:830} INFO - Processing file /opt/airflow/dags/dl_fin_ratio_v2.py for tasks to queue
[2026-04-30T03:48:58.413+0000] {logging_mixin.py:188} INFO - [2026-04-30T03:48:58.412+0000] {dagbag.py:545} INFO - Filling up the DagBag from /opt/airflow/dags/dl_fin_ratio_v2.py
[2026-04-30T03:48:58.459+0000] {processor.py:840} INFO - DAG(s) 'fin_ratio_v2' retrieved from /opt/airflow/dags/dl_fin_ratio_v2.py
[2026-04-30T03:48:58.476+0000] {logging_mixin.py:188} INFO - [2026-04-30T03:48:58.476+0000] {dag.py:3089} INFO - Sync 1 DAGs
[2026-04-30T03:48:58.505+0000] {logging_mixin.py:188} INFO - [2026-04-30T03:48:58.505+0000] {dag.py:3947} INFO - Setting next_dagrun for fin_ratio_v2 to 2026-04-01 00:00:00+00:00, run_after=2026-05-01 00:00:00+00:00
[2026-04-30T03:48:58.528+0000] {processor.py:183} INFO - Processing /opt/airflow/dags/dl_fin_ratio_v2.py took 0.126 seconds
[2026-04-30T03:49:29.094+0000] {processor.py:161} INFO - Started process (PID=7329) to work on /opt/airflow/dags/dl_fin_ratio_v2.py
[2026-04-30T03:49:29.095+0000] {processor.py:830} INFO - Processing file /opt/airflow/dags/dl_fin_ratio_v2.py for tasks to queue
[2026-04-30T03:49:29.098+0000] {logging_mixin.py:188} INFO - [2026-04-30T03:49:29.098+0000] {dagbag.py:545} INFO - Filling up the DagBag from /opt/airflow/dags/dl_fin_ratio_v2.py
[2026-04-30T03:49:29.142+0000] {processor.py:840} INFO - DAG(s) 'fin_ratio_v2' retrieved from /opt/airflow/dags/dl_fin_ratio_v2.py
[2026-04-30T03:49:29.160+0000] {logging_mixin.py:188} INFO - [2026-04-30T03:49:29.160+0000] {dag.py:3089} INFO - Sync 1 DAGs
[2026-04-30T03:49:29.184+0000] {logging_mixin.py:188} INFO - [2026-04-30T03:49:29.184+0000] {dag.py:3947} INFO - Setting next_dagrun for fin_ratio_v2 to 2026-04-01 00:00:00+00:00, run_after=2026-05-01 00:00:00+00:00
[2026-04-30T03:49:29.201+0000] {processor.py:183} INFO - Processing /opt/airflow/dags/dl_fin_ratio_v2.py took 0.114 seconds
[2026-04-30T03:49:59.511+0000] {processor.py:161} INFO - Started process (PID=7360) to work on /opt/airflow/dags/dl_fin_ratio_v2.py
[2026-04-30T03:49:59.512+0000] {processor.py:830} INFO - Processing file /opt/airflow/dags/dl_fin_ratio_v2.py for tasks to queue
[2026-04-30T03:49:59.514+0000] {logging_mixin.py:188} INFO - [2026-04-30T03:49:59.514+0000] {dagbag.py:545} INFO - Filling up the DagBag from /opt/airflow/dags/dl_fin_ratio_v2.py
[2026-04-30T03:49:59.553+0000] {processor.py:840} INFO - DAG(s) 'fin_ratio_v2' retrieved from /opt/airflow/dags/dl_fin_ratio_v2.py
[2026-04-30T03:49:59.568+0000] {logging_mixin.py:188} INFO - [2026-04-30T03:49:59.568+0000] {dag.py:3089} INFO - Sync 1 DAGs
[2026-04-30T03:49:59.590+0000] {logging_mixin.py:188} INFO - [2026-04-30T03:49:59.589+0000] {dag.py:3947} INFO - Setting next_dagrun for fin_ratio_v2 to 2026-04-01 00:00:00+00:00, run_after=2026-05-01 00:00:00+00:00
[2026-04-30T03:49:59.615+0000] {processor.py:183} INFO - Processing /opt/airflow/dags/dl_fin_ratio_v2.py took 0.109 seconds
[2026-04-30T03:50:30.101+0000] {processor.py:161} INFO - Started process (PID=7385) to work on /opt/airflow/dags/dl_fin_ratio_v2.py
[2026-04-30T03:50:30.102+0000] {processor.py:830} INFO - Processing file /opt/airflow/dags/dl_fin_ratio_v2.py for tasks to queue
[2026-04-30T03:50:30.104+0000] {logging_mixin.py:188} INFO - [2026-04-30T03:50:30.104+0000] {dagbag.py:545} INFO - Filling up the DagBag from /opt/airflow/dags/dl_fin_ratio_v2.py
[2026-04-30T03:50:30.137+0000] {processor.py:840} INFO - DAG(s) 'fin_ratio_v2' retrieved from /opt/airflow/dags/dl_fin_ratio_v2.py
[2026-04-30T03:50:30.153+0000] {logging_mixin.py:188} INFO - [2026-04-30T03:50:30.153+0000] {dag.py:3089} INFO - Sync 1 DAGs
[2026-04-30T03:50:30.177+0000] {logging_mixin.py:188} INFO - [2026-04-30T03:50:30.177+0000] {dag.py:3947} INFO - Setting next_dagrun for fin_ratio_v2 to 2026-04-01 00:00:00+00:00, run_after=2026-05-01 00:00:00+00:00
[2026-04-30T03:50:30.196+0000] {processor.py:183} INFO - Processing /opt/airflow/dags/dl_fin_ratio_v2.py took 0.100 seconds
[2026-04-30T03:51:00.549+0000] {processor.py:161} INFO - Started process (PID=7410) to work on /opt/airflow/dags/dl_fin_ratio_v2.py
[2026-04-30T03:51:00.550+0000] {processor.py:830} INFO - Processing file /opt/airflow/dags/dl_fin_ratio_v2.py for tasks to queue
[2026-04-30T03:51:00.553+0000] {logging_mixin.py:188} INFO - [2026-04-30T03:51:00.552+0000] {dagbag.py:545} INFO - Filling up the DagBag from /opt/airflow/dags/dl_fin_ratio_v2.py
[2026-04-30T03:51:00.593+0000] {processor.py:840} INFO - DAG(s) 'fin_ratio_v2' retrieved from /opt/airflow/dags/dl_fin_ratio_v2.py
[2026-04-30T03:51:00.608+0000] {logging_mixin.py:188} INFO - [2026-04-30T03:51:00.608+0000] {dag.py:3089} INFO - Sync 1 DAGs
[2026-04-30T03:51:00.631+0000] {logging_mixin.py:188} INFO - [2026-04-30T03:51:00.631+0000] {dag.py:3947} INFO - Setting next_dagrun for fin_ratio_v2 to 2026-04-01 00:00:00+00:00, run_after=2026-05-01 00:00:00+00:00
[2026-04-30T03:51:00.652+0000] {processor.py:183} INFO - Processing /opt/airflow/dags/dl_fin_ratio_v2.py took 0.109 seconds
[2026-04-30T03:51:31.181+0000] {processor.py:161} INFO - Started process (PID=7435) to work on /opt/airflow/dags/dl_fin_ratio_v2.py
[2026-04-30T03:51:31.182+0000] {processor.py:830} INFO - Processing file /opt/airflow/dags/dl_fin_ratio_v2.py for tasks to queue
[2026-04-30T03:51:31.184+0000] {logging_mixin.py:188} INFO - [2026-04-30T03:51:31.183+0000] {dagbag.py:545} INFO - Filling up the DagBag from /opt/airflow/dags/dl_fin_ratio_v2.py
[2026-04-30T03:51:31.222+0000] {processor.py:840} INFO - DAG(s) 'fin_ratio_v2' retrieved from /opt/airflow/dags/dl_fin_ratio_v2.py
[2026-04-30T03:51:31.239+0000] {logging_mixin.py:188} INFO - [2026-04-30T03:51:31.239+0000] {dag.py:3089} INFO - Sync 1 DAGs
[2026-04-30T03:51:31.263+0000] {logging_mixin.py:188} INFO - [2026-04-30T03:51:31.263+0000] {dag.py:3947} INFO - Setting next_dagrun for fin_ratio_v2 to 2026-04-01 00:00:00+00:00, run_after=2026-05-01 00:00:00+00:00
[2026-04-30T03:51:31.282+0000] {processor.py:183} INFO - Processing /opt/airflow/dags/dl_fin_ratio_v2.py took 0.106 seconds
[2026-04-30T03:52:01.778+0000] {processor.py:161} INFO - Started process (PID=7460) to work on /opt/airflow/dags/dl_fin_ratio_v2.py
[2026-04-30T03:52:01.779+0000] {processor.py:830} INFO - Processing file /opt/airflow/dags/dl_fin_ratio_v2.py for tasks to queue
[2026-04-30T03:52:01.782+0000] {logging_mixin.py:188} INFO - [2026-04-30T03:52:01.781+0000] {dagbag.py:545} INFO - Filling up the DagBag from /opt/airflow/dags/dl_fin_ratio_v2.py
[2026-04-30T03:52:01.814+0000] {processor.py:840} INFO - DAG(s) 'fin_ratio_v2' retrieved from /opt/airflow/dags/dl_fin_ratio_v2.py
[2026-04-30T03:52:01.830+0000] {logging_mixin.py:188} INFO - [2026-04-30T03:52:01.829+0000] {dag.py:3089} INFO - Sync 1 DAGs
[2026-04-30T03:52:01.850+0000] {logging_mixin.py:188} INFO - [2026-04-30T03:52:01.849+0000] {dag.py:3947} INFO - Setting next_dagrun for fin_ratio_v2 to 2026-04-01 00:00:00+00:00, run_after=2026-05-01 00:00:00+00:00
[2026-04-30T03:52:01.867+0000] {processor.py:183} INFO - Processing /opt/airflow/dags/dl_fin_ratio_v2.py took 0.094 seconds
[2026-04-30T03:52:32.290+0000] {processor.py:161} INFO - Started process (PID=7485) to work on /opt/airflow/dags/dl_fin_ratio_v2.py
[2026-04-30T03:52:32.291+0000] {processor.py:830} INFO - Processing file /opt/airflow/dags/dl_fin_ratio_v2.py for tasks to queue
[2026-04-30T03:52:32.293+0000] {logging_mixin.py:188} INFO - [2026-04-30T03:52:32.292+0000] {dagbag.py:545} INFO - Filling up the DagBag from /opt/airflow/dags/dl_fin_ratio_v2.py
[2026-04-30T03:52:32.327+0000] {processor.py:840} INFO - DAG(s) 'fin_ratio_v2' retrieved from /opt/airflow/dags/dl_fin_ratio_v2.py
[2026-04-30T03:52:32.342+0000] {logging_mixin.py:188} INFO - [2026-04-30T03:52:32.341+0000] {dag.py:3089} INFO - Sync 1 DAGs
[2026-04-30T03:52:32.362+0000] {logging_mixin.py:188} INFO - [2026-04-30T03:52:32.361+0000] {dag.py:3947} INFO - Setting next_dagrun for fin_ratio_v2 to 2026-04-01 00:00:00+00:00, run_after=2026-05-01 00:00:00+00:00
[2026-04-30T03:52:32.380+0000] {processor.py:183} INFO - Processing /opt/airflow/dags/dl_fin_ratio_v2.py took 0.095 seconds
[2026-04-30T03:53:02.854+0000] {processor.py:161} INFO - Started process (PID=7510) to work on /opt/airflow/dags/dl_fin_ratio_v2.py
[2026-04-30T03:53:02.855+0000] {processor.py:830} INFO - Processing file /opt/airflow/dags/dl_fin_ratio_v2.py for tasks to queue
[2026-04-30T03:53:02.857+0000] {logging_mixin.py:188} INFO - [2026-04-30T03:53:02.857+0000] {dagbag.py:545} INFO - Filling up the DagBag from /opt/airflow/dags/dl_fin_ratio_v2.py
[2026-04-30T03:53:02.891+0000] {processor.py:840} INFO - DAG(s) 'fin_ratio_v2' retrieved from /opt/airflow/dags/dl_fin_ratio_v2.py
[2026-04-30T03:53:02.910+0000] {logging_mixin.py:188} INFO - [2026-04-30T03:53:02.910+0000] {dag.py:3089} INFO - Sync 1 DAGs
[2026-04-30T03:53:02.936+0000] {logging_mixin.py:188} INFO - [2026-04-30T03:53:02.935+0000] {dag.py:3947} INFO - Setting next_dagrun for fin_ratio_v2 to 2026-04-01 00:00:00+00:00, run_after=2026-05-01 00:00:00+00:00
[2026-04-30T03:53:02.957+0000] {processor.py:183} INFO - Processing /opt/airflow/dags/dl_fin_ratio_v2.py took 0.109 seconds
[2026-04-30T03:53:33.465+0000] {processor.py:161} INFO - Started process (PID=7535) to work on /opt/airflow/dags/dl_fin_ratio_v2.py
[2026-04-30T03:53:33.465+0000] {processor.py:830} INFO - Processing file /opt/airflow/dags/dl_fin_ratio_v2.py for tasks to queue
[2026-04-30T03:53:33.468+0000] {logging_mixin.py:188} INFO - [2026-04-30T03:53:33.467+0000] {dagbag.py:545} INFO - Filling up the DagBag from /opt/airflow/dags/dl_fin_ratio_v2.py
[2026-04-30T03:53:33.500+0000] {processor.py:840} INFO - DAG(s) 'fin_ratio_v2' retrieved from /opt/airflow/dags/dl_fin_ratio_v2.py
[2026-04-30T03:53:33.514+0000] {logging_mixin.py:188} INFO - [2026-04-30T03:53:33.514+0000] {dag.py:3089} INFO - Sync 1 DAGs
[2026-04-30T03:53:33.535+0000] {logging_mixin.py:188} INFO - [2026-04-30T03:53:33.535+0000] {dag.py:3947} INFO - Setting next_dagrun for fin_ratio_v2 to 2026-04-01 00:00:00+00:00, run_after=2026-05-01 00:00:00+00:00
[2026-04-30T03:53:33.552+0000] {processor.py:183} INFO - Processing /opt/airflow/dags/dl_fin_ratio_v2.py took 0.093 seconds
[2026-04-30T03:54:04.249+0000] {processor.py:161} INFO - Started process (PID=7560) to work on /opt/airflow/dags/dl_fin_ratio_v2.py
[2026-04-30T03:54:04.250+0000] {processor.py:830} INFO - Processing file /opt/airflow/dags/dl_fin_ratio_v2.py for tasks to queue
[2026-04-30T03:54:04.252+0000] {logging_mixin.py:188} INFO - [2026-04-30T03:54:04.252+0000] {dagbag.py:545} INFO - Filling up the DagBag from /opt/airflow/dags/dl_fin_ratio_v2.py
[2026-04-30T03:54:04.288+0000] {processor.py:840} INFO - DAG(s) 'fin_ratio_v2' retrieved from /opt/airflow/dags/dl_fin_ratio_v2.py
[2026-04-30T03:54:04.304+0000] {logging_mixin.py:188} INFO - [2026-04-30T03:54:04.304+0000] {dag.py:3089} INFO - Sync 1 DAGs
[2026-04-30T03:54:04.327+0000] {logging_mixin.py:188} INFO - [2026-04-30T03:54:04.327+0000] {dag.py:3947} INFO - Setting next_dagrun for fin_ratio_v2 to 2026-04-01 00:00:00+00:00, run_after=2026-05-01 00:00:00+00:00
[2026-04-30T03:54:04.347+0000] {processor.py:183} INFO - Processing /opt/airflow/dags/dl_fin_ratio_v2.py took 0.106 seconds
[2026-04-30T03:54:34.851+0000] {processor.py:161} INFO - Started process (PID=7585) to work on /opt/airflow/dags/dl_fin_ratio_v2.py
[2026-04-30T03:54:34.852+0000] {processor.py:830} INFO - Processing file /opt/airflow/dags/dl_fin_ratio_v2.py for tasks to queue
[2026-04-30T03:54:34.854+0000] {logging_mixin.py:188} INFO - [2026-04-30T03:54:34.854+0000] {dagbag.py:545} INFO - Filling up the DagBag from /opt/airflow/dags/dl_fin_ratio_v2.py
[2026-04-30T03:54:34.894+0000] {processor.py:840} INFO - DAG(s) 'fin_ratio_v2' retrieved from /opt/airflow/dags/dl_fin_ratio_v2.py
[2026-04-30T03:54:34.912+0000] {logging_mixin.py:188} INFO - [2026-04-30T03:54:34.911+0000] {dag.py:3089} INFO - Sync 1 DAGs
[2026-04-30T03:54:34.937+0000] {logging_mixin.py:188} INFO - [2026-04-30T03:54:34.937+0000] {dag.py:3947} INFO - Setting next_dagrun for fin_ratio_v2 to 2026-04-01 00:00:00+00:00, run_after=2026-05-01 00:00:00+00:00
[2026-04-30T03:54:34.958+0000] {processor.py:183} INFO - Processing /opt/airflow/dags/dl_fin_ratio_v2.py took 0.112 seconds
[2026-04-30T03:55:05.435+0000] {processor.py:161} INFO - Started process (PID=7610) to work on /opt/airflow/dags/dl_fin_ratio_v2.py
[2026-04-30T03:55:05.436+0000] {processor.py:830} INFO - Processing file /opt/airflow/dags/dl_fin_ratio_v2.py for tasks to queue
[2026-04-30T03:55:05.438+0000] {logging_mixin.py:188} INFO - [2026-04-30T03:55:05.438+0000] {dagbag.py:545} INFO - Filling up the DagBag from /opt/airflow/dags/dl_fin_ratio_v2.py
[2026-04-30T03:55:05.472+0000] {processor.py:840} INFO - DAG(s) 'fin_ratio_v2' retrieved from /opt/airflow/dags/dl_fin_ratio_v2.py
[2026-04-30T03:55:05.487+0000] {logging_mixin.py:188} INFO - [2026-04-30T03:55:05.486+0000] {dag.py:3089} INFO - Sync 1 DAGs
[2026-04-30T03:55:05.507+0000] {logging_mixin.py:188} INFO - [2026-04-30T03:55:05.506+0000] {dag.py:3947} INFO - Setting next_dagrun for fin_ratio_v2 to 2026-04-01 00:00:00+00:00, run_after=2026-05-01 00:00:00+00:00
[2026-04-30T03:55:05.524+0000] {processor.py:183} INFO - Processing /opt/airflow/dags/dl_fin_ratio_v2.py took 0.093 seconds
[2026-04-30T03:55:35.903+0000] {processor.py:161} INFO - Started process (PID=7635) to work on /opt/airflow/dags/dl_fin_ratio_v2.py
[2026-04-30T03:55:35.904+0000] {processor.py:830} INFO - Processing file /opt/airflow/dags/dl_fin_ratio_v2.py for tasks to queue
[2026-04-30T03:55:35.907+0000] {logging_mixin.py:188} INFO - [2026-04-30T03:55:35.907+0000] {dagbag.py:545} INFO - Filling up the DagBag from /opt/airflow/dags/dl_fin_ratio_v2.py
[2026-04-30T03:55:35.947+0000] {processor.py:840} INFO - DAG(s) 'fin_ratio_v2' retrieved from /opt/airflow/dags/dl_fin_ratio_v2.py
[2026-04-30T03:55:35.965+0000] {logging_mixin.py:188} INFO - [2026-04-30T03:55:35.965+0000] {dag.py:3089} INFO - Sync 1 DAGs
[2026-04-30T03:55:35.990+0000] {logging_mixin.py:188} INFO - [2026-04-30T03:55:35.990+0000] {dag.py:3947} INFO - Setting next_dagrun for fin_ratio_v2 to 2026-04-01 00:00:00+00:00, run_after=2026-05-01 00:00:00+00:00
[2026-04-30T03:55:36.010+0000] {processor.py:183} INFO - Processing /opt/airflow/dags/dl_fin_ratio_v2.py took 0.116 seconds
[2026-04-30T03:56:06.391+0000] {processor.py:161} INFO - Started process (PID=7660) to work on /opt/airflow/dags/dl_fin_ratio_v2.py
[2026-04-30T03:56:06.392+0000] {processor.py:830} INFO - Processing file /opt/airflow/dags/dl_fin_ratio_v2.py for tasks to queue
[2026-04-30T03:56:06.394+0000] {logging_mixin.py:188} INFO - [2026-04-30T03:56:06.394+0000] {dagbag.py:545} INFO - Filling up the DagBag from /opt/airflow/dags/dl_fin_ratio_v2.py
[2026-04-30T03:56:06.428+0000] {processor.py:840} INFO - DAG(s) 'fin_ratio_v2' retrieved from /opt/airflow/dags/dl_fin_ratio_v2.py
[2026-04-30T03:56:06.442+0000] {logging_mixin.py:188} INFO - [2026-04-30T03:56:06.442+0000] {dag.py:3089} INFO - Sync 1 DAGs
[2026-04-30T03:56:06.462+0000] {logging_mixin.py:188} INFO - [2026-04-30T03:56:06.462+0000] {dag.py:3947} INFO - Setting next_dagrun for fin_ratio_v2 to 2026-04-01 00:00:00+00:00, run_after=2026-05-01 00:00:00+00:00
[2026-04-30T03:56:06.480+0000] {processor.py:183} INFO - Processing /opt/airflow/dags/dl_fin_ratio_v2.py took 0.094 seconds
[2026-04-30T03:56:36.898+0000] {processor.py:161} INFO - Started process (PID=7685) to work on /opt/airflow/dags/dl_fin_ratio_v2.py
[2026-04-30T03:56:36.899+0000] {processor.py:830} INFO - Processing file /opt/airflow/dags/dl_fin_ratio_v2.py for tasks to queue
[2026-04-30T03:56:36.902+0000] {logging_mixin.py:188} INFO - [2026-04-30T03:56:36.901+0000] {dagbag.py:545} INFO - Filling up the DagBag from /opt/airflow/dags/dl_fin_ratio_v2.py
[2026-04-30T03:56:36.941+0000] {processor.py:840} INFO - DAG(s) 'fin_ratio_v2' retrieved from /opt/airflow/dags/dl_fin_ratio_v2.py
[2026-04-30T03:56:36.959+0000] {logging_mixin.py:188} INFO - [2026-04-30T03:56:36.959+0000] {dag.py:3089} INFO - Sync 1 DAGs
[2026-04-30T03:56:36.985+0000] {logging_mixin.py:188} INFO - [2026-04-30T03:56:36.985+0000] {dag.py:3947} INFO - Setting next_dagrun for fin_ratio_v2 to 2026-04-01 00:00:00+00:00, run_after=2026-05-01 00:00:00+00:00
[2026-04-30T03:56:37.004+0000] {processor.py:183} INFO - Processing /opt/airflow/dags/dl_fin_ratio_v2.py took 0.112 seconds
[2026-04-30T03:57:07.492+0000] {processor.py:161} INFO - Started process (PID=7710) to work on /opt/airflow/dags/dl_fin_ratio_v2.py
[2026-04-30T03:57:07.493+0000] {processor.py:830} INFO - Processing file /opt/airflow/dags/dl_fin_ratio_v2.py for tasks to queue
[2026-04-30T03:57:07.494+0000] {logging_mixin.py:188} INFO - [2026-04-30T03:57:07.494+0000] {dagbag.py:545} INFO - Filling up the DagBag from /opt/airflow/dags/dl_fin_ratio_v2.py
[2026-04-30T03:57:07.526+0000] {processor.py:840} INFO - DAG(s) 'fin_ratio_v2' retrieved from /opt/airflow/dags/dl_fin_ratio_v2.py
[2026-04-30T03:57:07.540+0000] {logging_mixin.py:188} INFO - [2026-04-30T03:57:07.540+0000] {dag.py:3089} INFO - Sync 1 DAGs
[2026-04-30T03:57:07.560+0000] {logging_mixin.py:188} INFO - [2026-04-30T03:57:07.560+0000] {dag.py:3947} INFO - Setting next_dagrun for fin_ratio_v2 to 2026-04-01 00:00:00+00:00, run_after=2026-05-01 00:00:00+00:00
[2026-04-30T03:57:07.578+0000] {processor.py:183} INFO - Processing /opt/airflow/dags/dl_fin_ratio_v2.py took 0.092 seconds
[2026-04-30T03:57:37.995+0000] {processor.py:161} INFO - Started process (PID=7735) to work on /opt/airflow/dags/dl_fin_ratio_v2.py
[2026-04-30T03:57:37.996+0000] {processor.py:830} INFO - Processing file /opt/airflow/dags/dl_fin_ratio_v2.py for tasks to queue
[2026-04-30T03:57:37.998+0000] {logging_mixin.py:188} INFO - [2026-04-30T03:57:37.997+0000] {dagbag.py:545} INFO - Filling up the DagBag from /opt/airflow/dags/dl_fin_ratio_v2.py
[2026-04-30T03:57:38.032+0000] {processor.py:840} INFO - DAG(s) 'fin_ratio_v2' retrieved from /opt/airflow/dags/dl_fin_ratio_v2.py
[2026-04-30T03:57:38.047+0000] {logging_mixin.py:188} INFO - [2026-04-30T03:57:38.047+0000] {dag.py:3089} INFO - Sync 1 DAGs
[2026-04-30T03:57:38.071+0000] {logging_mixin.py:188} INFO - [2026-04-30T03:57:38.071+0000] {dag.py:3947} INFO - Setting next_dagrun for fin_ratio_v2 to 2026-04-01 00:00:00+00:00, run_after=2026-05-01 00:00:00+00:00
[2026-04-30T03:57:38.092+0000] {processor.py:183} INFO - Processing /opt/airflow/dags/dl_fin_ratio_v2.py took 0.102 seconds
[2026-04-30T03:58:08.643+0000] {processor.py:161} INFO - Started process (PID=7760) to work on /opt/airflow/dags/dl_fin_ratio_v2.py
[2026-04-30T03:58:08.644+0000] {processor.py:830} INFO - Processing file /opt/airflow/dags/dl_fin_ratio_v2.py for tasks to queue
[2026-04-30T03:58:08.646+0000] {logging_mixin.py:188} INFO - [2026-04-30T03:58:08.646+0000] {dagbag.py:545} INFO - Filling up the DagBag from /opt/airflow/dags/dl_fin_ratio_v2.py
[2026-04-30T03:58:08.678+0000] {processor.py:840} INFO - DAG(s) 'fin_ratio_v2' retrieved from /opt/airflow/dags/dl_fin_ratio_v2.py
[2026-04-30T03:58:08.692+0000] {logging_mixin.py:188} INFO - [2026-04-30T03:58:08.692+0000] {dag.py:3089} INFO - Sync 1 DAGs
[2026-04-30T03:58:08.713+0000] {logging_mixin.py:188} INFO - [2026-04-30T03:58:08.712+0000] {dag.py:3947} INFO - Setting next_dagrun for fin_ratio_v2 to 2026-04-01 00:00:00+00:00, run_after=2026-05-01 00:00:00+00:00
[2026-04-30T03:58:08.730+0000] {processor.py:183} INFO - Processing /opt/airflow/dags/dl_fin_ratio_v2.py took 0.092 seconds
[2026-04-30T03:58:39.280+0000] {processor.py:161} INFO - Started process (PID=7785) to work on /opt/airflow/dags/dl_fin_ratio_v2.py
[2026-04-30T03:58:39.281+0000] {processor.py:830} INFO - Processing file /opt/airflow/dags/dl_fin_ratio_v2.py for tasks to queue
[2026-04-30T03:58:39.283+0000] {logging_mixin.py:188} INFO - [2026-04-30T03:58:39.282+0000] {dagbag.py:545} INFO - Filling up the DagBag from /opt/airflow/dags/dl_fin_ratio_v2.py
[2026-04-30T03:58:39.315+0000] {processor.py:840} INFO - DAG(s) 'fin_ratio_v2' retrieved from /opt/airflow/dags/dl_fin_ratio_v2.py
[2026-04-30T03:58:39.330+0000] {logging_mixin.py:188} INFO - [2026-04-30T03:58:39.329+0000] {dag.py:3089} INFO - Sync 1 DAGs
[2026-04-30T03:58:39.352+0000] {logging_mixin.py:188} INFO - [2026-04-30T03:58:39.351+0000] {dag.py:3947} INFO - Setting next_dagrun for fin_ratio_v2 to 2026-04-01 00:00:00+00:00, run_after=2026-05-01 00:00:00+00:00
[2026-04-30T03:58:39.371+0000] {processor.py:183} INFO - Processing /opt/airflow/dags/dl_fin_ratio_v2.py took 0.096 seconds
[2026-04-30T03:59:09.825+0000] {processor.py:161} INFO - Started process (PID=7810) to work on /opt/airflow/dags/dl_fin_ratio_v2.py
[2026-04-30T03:59:09.826+0000] {processor.py:830} INFO - Processing file /opt/airflow/dags/dl_fin_ratio_v2.py for tasks to queue
[2026-04-30T03:59:09.828+0000] {logging_mixin.py:188} INFO - [2026-04-30T03:59:09.828+0000] {dagbag.py:545} INFO - Filling up the DagBag from /opt/airflow/dags/dl_fin_ratio_v2.py
[2026-04-30T03:59:09.861+0000] {processor.py:840} INFO - DAG(s) 'fin_ratio_v2' retrieved from /opt/airflow/dags/dl_fin_ratio_v2.py
[2026-04-30T03:59:09.877+0000] {logging_mixin.py:188} INFO - [2026-04-30T03:59:09.877+0000] {dag.py:3089} INFO - Sync 1 DAGs
[2026-04-30T03:59:09.901+0000] {logging_mixin.py:188} INFO - [2026-04-30T03:59:09.900+0000] {dag.py:3947} INFO - Setting next_dagrun for fin_ratio_v2 to 2026-04-01 00:00:00+00:00, run_after=2026-05-01 00:00:00+00:00
[2026-04-30T03:59:09.919+0000] {processor.py:183} INFO - Processing /opt/airflow/dags/dl_fin_ratio_v2.py took 0.099 seconds
[2026-04-30T03:59:40.369+0000] {processor.py:161} INFO - Started process (PID=7835) to work on /opt/airflow/dags/dl_fin_ratio_v2.py
[2026-04-30T03:59:40.370+0000] {processor.py:830} INFO - Processing file /opt/airflow/dags/dl_fin_ratio_v2.py for tasks to queue
[2026-04-30T03:59:40.372+0000] {logging_mixin.py:188} INFO - [2026-04-30T03:59:40.372+0000] {dagbag.py:545} INFO - Filling up the DagBag from /opt/airflow/dags/dl_fin_ratio_v2.py
[2026-04-30T03:59:40.408+0000] {processor.py:840} INFO - DAG(s) 'fin_ratio_v2' retrieved from /opt/airflow/dags/dl_fin_ratio_v2.py
[2026-04-30T03:59:40.422+0000] {logging_mixin.py:188} INFO - [2026-04-30T03:59:40.422+0000] {dag.py:3089} INFO - Sync 1 DAGs
[2026-04-30T03:59:40.444+0000] {logging_mixin.py:188} INFO - [2026-04-30T03:59:40.443+0000] {dag.py:3947} INFO - Setting next_dagrun for fin_ratio_v2 to 2026-04-01 00:00:00+00:00, run_after=2026-05-01 00:00:00+00:00
[2026-04-30T03:59:40.464+0000] {processor.py:183} INFO - Processing /opt/airflow/dags/dl_fin_ratio_v2.py took 0.100 seconds
[2026-04-30T04:00:10.941+0000] {processor.py:161} INFO - Started process (PID=7860) to work on /opt/airflow/dags/dl_fin_ratio_v2.py
[2026-04-30T04:00:10.943+0000] {processor.py:830} INFO - Processing file /opt/airflow/dags/dl_fin_ratio_v2.py for tasks to queue
[2026-04-30T04:00:10.947+0000] {logging_mixin.py:188} INFO - [2026-04-30T04:00:10.946+0000] {dagbag.py:545} INFO - Filling up the DagBag from /opt/airflow/dags/dl_fin_ratio_v2.py
[2026-04-30T04:00:11.010+0000] {processor.py:840} INFO - DAG(s) 'fin_ratio_v2' retrieved from /opt/airflow/dags/dl_fin_ratio_v2.py
[2026-04-30T04:00:11.033+0000] {logging_mixin.py:188} INFO - [2026-04-30T04:00:11.032+0000] {dag.py:3089} INFO - Sync 1 DAGs
[2026-04-30T04:00:11.089+0000] {logging_mixin.py:188} INFO - [2026-04-30T04:00:11.089+0000] {dag.py:3947} INFO - Setting next_dagrun for fin_ratio_v2 to 2026-04-01 00:00:00+00:00, run_after=2026-05-01 00:00:00+00:00
[2026-04-30T04:00:11.134+0000] {processor.py:183} INFO - Processing /opt/airflow/dags/dl_fin_ratio_v2.py took 0.202 seconds
[2026-04-30T04:00:41.585+0000] {processor.py:161} INFO - Started process (PID=7885) to work on /opt/airflow/dags/dl_fin_ratio_v2.py
[2026-04-30T04:00:41.586+0000] {processor.py:830} INFO - Processing file /opt/airflow/dags/dl_fin_ratio_v2.py for tasks to queue
[2026-04-30T04:00:41.588+0000] {logging_mixin.py:188} INFO - [2026-04-30T04:00:41.587+0000] {dagbag.py:545} INFO - Filling up the DagBag from /opt/airflow/dags/dl_fin_ratio_v2.py
[2026-04-30T04:00:41.620+0000] {processor.py:840} INFO - DAG(s) 'fin_ratio_v2' retrieved from /opt/airflow/dags/dl_fin_ratio_v2.py
[2026-04-30T04:00:41.634+0000] {logging_mixin.py:188} INFO - [2026-04-30T04:00:41.633+0000] {dag.py:3089} INFO - Sync 1 DAGs
[2026-04-30T04:00:41.654+0000] {logging_mixin.py:188} INFO - [2026-04-30T04:00:41.654+0000] {dag.py:3947} INFO - Setting next_dagrun for fin_ratio_v2 to 2026-04-01 00:00:00+00:00, run_after=2026-05-01 00:00:00+00:00
[2026-04-30T04:00:41.674+0000] {processor.py:183} INFO - Processing /opt/airflow/dags/dl_fin_ratio_v2.py took 0.094 seconds
[2026-04-30T04:01:11.971+0000] {processor.py:161} INFO - Started process (PID=7910) to work on /opt/airflow/dags/dl_fin_ratio_v2.py
[2026-04-30T04:01:11.972+0000] {processor.py:830} INFO - Processing file /opt/airflow/dags/dl_fin_ratio_v2.py for tasks to queue
[2026-04-30T04:01:11.974+0000] {logging_mixin.py:188} INFO - [2026-04-30T04:01:11.973+0000] {dagbag.py:545} INFO - Filling up the DagBag from /opt/airflow/dags/dl_fin_ratio_v2.py
[2026-04-30T04:01:12.010+0000] {processor.py:840} INFO - DAG(s) 'fin_ratio_v2' retrieved from /opt/airflow/dags/dl_fin_ratio_v2.py
[2026-04-30T04:01:12.025+0000] {logging_mixin.py:188} INFO - [2026-04-30T04:01:12.025+0000] {dag.py:3089} INFO - Sync 1 DAGs
[2026-04-30T04:01:12.046+0000] {logging_mixin.py:188} INFO - [2026-04-30T04:01:12.046+0000] {dag.py:3947} INFO - Setting next_dagrun for fin_ratio_v2 to 2026-04-01 00:00:00+00:00, run_after=2026-05-01 00:00:00+00:00
[2026-04-30T04:01:12.066+0000] {processor.py:183} INFO - Processing /opt/airflow/dags/dl_fin_ratio_v2.py took 0.100 seconds
[2026-04-30T04:01:42.583+0000] {processor.py:161} INFO - Started process (PID=7936) to work on /opt/airflow/dags/dl_fin_ratio_v2.py
[2026-04-30T04:01:42.584+0000] {processor.py:830} INFO - Processing file /opt/airflow/dags/dl_fin_ratio_v2.py for tasks to queue
[2026-04-30T04:01:42.588+0000] {logging_mixin.py:188} INFO - [2026-04-30T04:01:42.587+0000] {dagbag.py:545} INFO - Filling up the DagBag from /opt/airflow/dags/dl_fin_ratio_v2.py
[2026-04-30T04:01:42.621+0000] {processor.py:840} INFO - DAG(s) 'fin_ratio_v2' retrieved from /opt/airflow/dags/dl_fin_ratio_v2.py
[2026-04-30T04:01:42.634+0000] {logging_mixin.py:188} INFO - [2026-04-30T04:01:42.634+0000] {dag.py:3089} INFO - Sync 1 DAGs
[2026-04-30T04:01:42.654+0000] {logging_mixin.py:188} INFO - [2026-04-30T04:01:42.654+0000] {dag.py:3947} INFO - Setting next_dagrun for fin_ratio_v2 to 2026-04-01 00:00:00+00:00, run_after=2026-05-01 00:00:00+00:00
[2026-04-30T04:01:42.671+0000] {processor.py:183} INFO - Processing /opt/airflow/dags/dl_fin_ratio_v2.py took 0.094 seconds
[2026-04-30T04:02:13.089+0000] {processor.py:161} INFO - Started process (PID=7961) to work on /opt/airflow/dags/dl_fin_ratio_v2.py
[2026-04-30T04:02:13.090+0000] {processor.py:830} INFO - Processing file /opt/airflow/dags/dl_fin_ratio_v2.py for tasks to queue
[2026-04-30T04:02:13.092+0000] {logging_mixin.py:188} INFO - [2026-04-30T04:02:13.092+0000] {dagbag.py:545} INFO - Filling up the DagBag from /opt/airflow/dags/dl_fin_ratio_v2.py
[2026-04-30T04:02:13.125+0000] {processor.py:840} INFO - DAG(s) 'fin_ratio_v2' retrieved from /opt/airflow/dags/dl_fin_ratio_v2.py
[2026-04-30T04:02:13.139+0000] {logging_mixin.py:188} INFO - [2026-04-30T04:02:13.139+0000] {dag.py:3089} INFO - Sync 1 DAGs
[2026-04-30T04:02:13.160+0000] {logging_mixin.py:188} INFO - [2026-04-30T04:02:13.160+0000] {dag.py:3947} INFO - Setting next_dagrun for fin_ratio_v2 to 2026-04-01 00:00:00+00:00, run_after=2026-05-01 00:00:00+00:00
[2026-04-30T04:02:13.177+0000] {processor.py:183} INFO - Processing /opt/airflow/dags/dl_fin_ratio_v2.py took 0.093 seconds
[2026-04-30T04:02:43.576+0000] {processor.py:161} INFO - Started process (PID=7986) to work on /opt/airflow/dags/dl_fin_ratio_v2.py
[2026-04-30T04:02:43.577+0000] {processor.py:830} INFO - Processing file /opt/airflow/dags/dl_fin_ratio_v2.py for tasks to queue
[2026-04-30T04:02:43.579+0000] {logging_mixin.py:188} INFO - [2026-04-30T04:02:43.579+0000] {dagbag.py:545} INFO - Filling up the DagBag from /opt/airflow/dags/dl_fin_ratio_v2.py
[2026-04-30T04:02:43.613+0000] {processor.py:840} INFO - DAG(s) 'fin_ratio_v2' retrieved from /opt/airflow/dags/dl_fin_ratio_v2.py
[2026-04-30T04:02:43.627+0000] {logging_mixin.py:188} INFO - [2026-04-30T04:02:43.627+0000] {dag.py:3089} INFO - Sync 1 DAGs
[2026-04-30T04:02:43.647+0000] {logging_mixin.py:188} INFO - [2026-04-30T04:02:43.647+0000] {dag.py:3947} INFO - Setting next_dagrun for fin_ratio_v2 to 2026-04-01 00:00:00+00:00, run_after=2026-05-01 00:00:00+00:00
[2026-04-30T04:02:43.664+0000] {processor.py:183} INFO - Processing /opt/airflow/dags/dl_fin_ratio_v2.py took 0.092 seconds
[2026-04-30T04:03:14.063+0000] {processor.py:161} INFO - Started process (PID=8011) to work on /opt/airflow/dags/dl_fin_ratio_v2.py
[2026-04-30T04:03:14.063+0000] {processor.py:830} INFO - Processing file /opt/airflow/dags/dl_fin_ratio_v2.py for tasks to queue
[2026-04-30T04:03:14.065+0000] {logging_mixin.py:188} INFO - [2026-04-30T04:03:14.065+0000] {dagbag.py:545} INFO - Filling up the DagBag from /opt/airflow/dags/dl_fin_ratio_v2.py
[2026-04-30T04:03:14.099+0000] {processor.py:840} INFO - DAG(s) 'fin_ratio_v2' retrieved from /opt/airflow/dags/dl_fin_ratio_v2.py
[2026-04-30T04:03:14.114+0000] {logging_mixin.py:188} INFO - [2026-04-30T04:03:14.114+0000] {dag.py:3089} INFO - Sync 1 DAGs
[2026-04-30T04:03:14.135+0000] {logging_mixin.py:188} INFO - [2026-04-30T04:03:14.135+0000] {dag.py:3947} INFO - Setting next_dagrun for fin_ratio_v2 to 2026-04-01 00:00:00+00:00, run_after=2026-05-01 00:00:00+00:00
[2026-04-30T04:03:14.153+0000] {processor.py:183} INFO - Processing /opt/airflow/dags/dl_fin_ratio_v2.py took 0.096 seconds
[2026-04-30T04:03:44.894+0000] {processor.py:161} INFO - Started process (PID=8036) to work on /opt/airflow/dags/dl_fin_ratio_v2.py
[2026-04-30T04:03:44.895+0000] {processor.py:830} INFO - Processing file /opt/airflow/dags/dl_fin_ratio_v2.py for tasks to queue
[2026-04-30T04:03:44.897+0000] {logging_mixin.py:188} INFO - [2026-04-30T04:03:44.896+0000] {dagbag.py:545} INFO - Filling up the DagBag from /opt/airflow/dags/dl_fin_ratio_v2.py
[2026-04-30T04:03:44.931+0000] {processor.py:840} INFO - DAG(s) 'fin_ratio_v2' retrieved from /opt/airflow/dags/dl_fin_ratio_v2.py
[2026-04-30T04:03:44.947+0000] {logging_mixin.py:188} INFO - [2026-04-30T04:03:44.947+0000] {dag.py:3089} INFO - Sync 1 DAGs
[2026-04-30T04:03:44.970+0000] {logging_mixin.py:188} INFO - [2026-04-30T04:03:44.970+0000] {dag.py:3947} INFO - Setting next_dagrun for fin_ratio_v2 to 2026-04-01 00:00:00+00:00, run_after=2026-05-01 00:00:00+00:00
[2026-04-30T04:03:44.990+0000] {processor.py:183} INFO - Processing /opt/airflow/dags/dl_fin_ratio_v2.py took 0.102 seconds
[2026-04-30T04:04:15.534+0000] {processor.py:161} INFO - Started process (PID=8061) to work on /opt/airflow/dags/dl_fin_ratio_v2.py
[2026-04-30T04:04:15.535+0000] {processor.py:830} INFO - Processing file /opt/airflow/dags/dl_fin_ratio_v2.py for tasks to queue
[2026-04-30T04:04:15.538+0000] {logging_mixin.py:188} INFO - [2026-04-30T04:04:15.537+0000] {dagbag.py:545} INFO - Filling up the DagBag from /opt/airflow/dags/dl_fin_ratio_v2.py
[2026-04-30T04:04:15.577+0000] {processor.py:840} INFO - DAG(s) 'fin_ratio_v2' retrieved from /opt/airflow/dags/dl_fin_ratio_v2.py
[2026-04-30T04:04:15.594+0000] {logging_mixin.py:188} INFO - [2026-04-30T04:04:15.594+0000] {dag.py:3089} INFO - Sync 1 DAGs
[2026-04-30T04:04:15.617+0000] {logging_mixin.py:188} INFO - [2026-04-30T04:04:15.616+0000] {dag.py:3947} INFO - Setting next_dagrun for fin_ratio_v2 to 2026-04-01 00:00:00+00:00, run_after=2026-05-01 00:00:00+00:00
[2026-04-30T04:04:15.636+0000] {processor.py:183} INFO - Processing /opt/airflow/dags/dl_fin_ratio_v2.py took 0.109 seconds
[2026-04-30T04:04:46.149+0000] {processor.py:161} INFO - Started process (PID=8086) to work on /opt/airflow/dags/dl_fin_ratio_v2.py
[2026-04-30T04:04:46.149+0000] {processor.py:830} INFO - Processing file /opt/airflow/dags/dl_fin_ratio_v2.py for tasks to queue
[2026-04-30T04:04:46.152+0000] {logging_mixin.py:188} INFO - [2026-04-30T04:04:46.152+0000] {dagbag.py:545} INFO - Filling up the DagBag from /opt/airflow/dags/dl_fin_ratio_v2.py
[2026-04-30T04:04:46.185+0000] {processor.py:840} INFO - DAG(s) 'fin_ratio_v2' retrieved from /opt/airflow/dags/dl_fin_ratio_v2.py
[2026-04-30T04:04:46.200+0000] {logging_mixin.py:188} INFO - [2026-04-30T04:04:46.199+0000] {dag.py:3089} INFO - Sync 1 DAGs
[2026-04-30T04:04:46.219+0000] {logging_mixin.py:188} INFO - [2026-04-30T04:04:46.219+0000] {dag.py:3947} INFO - Setting next_dagrun for fin_ratio_v2 to 2026-04-01 00:00:00+00:00, run_after=2026-05-01 00:00:00+00:00
[2026-04-30T04:04:46.236+0000] {processor.py:183} INFO - Processing /opt/airflow/dags/dl_fin_ratio_v2.py took 0.092 seconds
[2026-04-30T04:05:16.649+0000] {processor.py:161} INFO - Started process (PID=8111) to work on /opt/airflow/dags/dl_fin_ratio_v2.py
[2026-04-30T04:05:16.649+0000] {processor.py:830} INFO - Processing file /opt/airflow/dags/dl_fin_ratio_v2.py for tasks to queue
[2026-04-30T04:05:16.651+0000] {logging_mixin.py:188} INFO - [2026-04-30T04:05:16.651+0000] {dagbag.py:545} INFO - Filling up the DagBag from /opt/airflow/dags/dl_fin_ratio_v2.py
[2026-04-30T04:05:16.686+0000] {processor.py:840} INFO - DAG(s) 'fin_ratio_v2' retrieved from /opt/airflow/dags/dl_fin_ratio_v2.py
[2026-04-30T04:05:16.702+0000] {logging_mixin.py:188} INFO - [2026-04-30T04:05:16.702+0000] {dag.py:3089} INFO - Sync 1 DAGs
[2026-04-30T04:05:16.723+0000] {logging_mixin.py:188} INFO - [2026-04-30T04:05:16.723+0000] {dag.py:3947} INFO - Setting next_dagrun for fin_ratio_v2 to 2026-04-01 00:00:00+00:00, run_after=2026-05-01 00:00:00+00:00
[2026-04-30T04:05:16.745+0000] {processor.py:183} INFO - Processing /opt/airflow/dags/dl_fin_ratio_v2.py took 0.102 seconds
[2026-04-30T04:05:47.383+0000] {processor.py:161} INFO - Started process (PID=8136) to work on /opt/airflow/dags/dl_fin_ratio_v2.py
[2026-04-30T04:05:47.384+0000] {processor.py:830} INFO - Processing file /opt/airflow/dags/dl_fin_ratio_v2.py for tasks to queue
[2026-04-30T04:05:47.387+0000] {logging_mixin.py:188} INFO - [2026-04-30T04:05:47.387+0000] {dagbag.py:545} INFO - Filling up the DagBag from /opt/airflow/dags/dl_fin_ratio_v2.py
[2026-04-30T04:05:47.427+0000] {processor.py:840} INFO - DAG(s) 'fin_ratio_v2' retrieved from /opt/airflow/dags/dl_fin_ratio_v2.py
[2026-04-30T04:05:47.443+0000] {logging_mixin.py:188} INFO - [2026-04-30T04:05:47.443+0000] {dag.py:3089} INFO - Sync 1 DAGs
[2026-04-30T04:05:47.465+0000] {logging_mixin.py:188} INFO - [2026-04-30T04:05:47.465+0000] {dag.py:3947} INFO - Setting next_dagrun for fin_ratio_v2 to 2026-04-01 00:00:00+00:00, run_after=2026-05-01 00:00:00+00:00
[2026-04-30T04:05:47.485+0000] {processor.py:183} INFO - Processing /opt/airflow/dags/dl_fin_ratio_v2.py took 0.109 seconds
[2026-04-30T04:06:18.209+0000] {processor.py:161} INFO - Started process (PID=8161) to work on /opt/airflow/dags/dl_fin_ratio_v2.py
[2026-04-30T04:06:18.211+0000] {processor.py:830} INFO - Processing file /opt/airflow/dags/dl_fin_ratio_v2.py for tasks to queue
[2026-04-30T04:06:18.215+0000] {logging_mixin.py:188} INFO - [2026-04-30T04:06:18.214+0000] {dagbag.py:545} INFO - Filling up the DagBag from /opt/airflow/dags/dl_fin_ratio_v2.py
[2026-04-30T04:06:18.273+0000] {processor.py:840} INFO - DAG(s) 'fin_ratio_v2' retrieved from /opt/airflow/dags/dl_fin_ratio_v2.py
[2026-04-30T04:06:18.297+0000] {logging_mixin.py:188} INFO - [2026-04-30T04:06:18.296+0000] {dag.py:3089} INFO - Sync 1 DAGs
[2026-04-30T04:06:18.327+0000] {logging_mixin.py:188} INFO - [2026-04-30T04:06:18.327+0000] {dag.py:3947} INFO - Setting next_dagrun for fin_ratio_v2 to 2026-04-01 00:00:00+00:00, run_after=2026-05-01 00:00:00+00:00
[2026-04-30T04:06:18.357+0000] {processor.py:183} INFO - Processing /opt/airflow/dags/dl_fin_ratio_v2.py took 0.156 seconds
[2026-04-30T04:06:49.090+0000] {processor.py:161} INFO - Started process (PID=8186) to work on /opt/airflow/dags/dl_fin_ratio_v2.py
[2026-04-30T04:06:49.091+0000] {processor.py:830} INFO - Processing file /opt/airflow/dags/dl_fin_ratio_v2.py for tasks to queue
[2026-04-30T04:06:49.094+0000] {logging_mixin.py:188} INFO - [2026-04-30T04:06:49.094+0000] {dagbag.py:545} INFO - Filling up the DagBag from /opt/airflow/dags/dl_fin_ratio_v2.py
[2026-04-30T04:06:49.157+0000] {processor.py:840} INFO - DAG(s) 'fin_ratio_v2' retrieved from /opt/airflow/dags/dl_fin_ratio_v2.py
[2026-04-30T04:06:49.180+0000] {logging_mixin.py:188} INFO - [2026-04-30T04:06:49.180+0000] {dag.py:3089} INFO - Sync 1 DAGs
[2026-04-30T04:06:49.205+0000] {logging_mixin.py:188} INFO - [2026-04-30T04:06:49.205+0000] {dag.py:3947} INFO - Setting next_dagrun for fin_ratio_v2 to 2026-04-01 00:00:00+00:00, run_after=2026-05-01 00:00:00+00:00
[2026-04-30T04:06:49.228+0000] {processor.py:183} INFO - Processing /opt/airflow/dags/dl_fin_ratio_v2.py took 0.144 seconds
[2026-04-30T04:07:20.113+0000] {processor.py:161} INFO - Started process (PID=8211) to work on /opt/airflow/dags/dl_fin_ratio_v2.py
[2026-04-30T04:07:20.114+0000] {processor.py:830} INFO - Processing file /opt/airflow/dags/dl_fin_ratio_v2.py for tasks to queue
[2026-04-30T04:07:20.116+0000] {logging_mixin.py:188} INFO - [2026-04-30T04:07:20.116+0000] {dagbag.py:545} INFO - Filling up the DagBag from /opt/airflow/dags/dl_fin_ratio_v2.py
[2026-04-30T04:07:20.154+0000] {processor.py:840} INFO - DAG(s) 'fin_ratio_v2' retrieved from /opt/airflow/dags/dl_fin_ratio_v2.py
[2026-04-30T04:07:20.173+0000] {logging_mixin.py:188} INFO - [2026-04-30T04:07:20.172+0000] {dag.py:3089} INFO - Sync 1 DAGs
[2026-04-30T04:07:20.210+0000] {logging_mixin.py:188} INFO - [2026-04-30T04:07:20.209+0000] {dag.py:3947} INFO - Setting next_dagrun for fin_ratio_v2 to 2026-04-01 00:00:00+00:00, run_after=2026-05-01 00:00:00+00:00
[2026-04-30T04:07:20.243+0000] {processor.py:183} INFO - Processing /opt/airflow/dags/dl_fin_ratio_v2.py took 0.136 seconds
[2026-04-30T04:07:51.090+0000] {processor.py:161} INFO - Started process (PID=8236) to work on /opt/airflow/dags/dl_fin_ratio_v2.py
[2026-04-30T04:07:51.092+0000] {processor.py:830} INFO - Processing file /opt/airflow/dags/dl_fin_ratio_v2.py for tasks to queue
[2026-04-30T04:07:51.096+0000] {logging_mixin.py:188} INFO - [2026-04-30T04:07:51.095+0000] {dagbag.py:545} INFO - Filling up the DagBag from /opt/airflow/dags/dl_fin_ratio_v2.py
[2026-04-30T04:07:51.146+0000] {processor.py:840} INFO - DAG(s) 'fin_ratio_v2' retrieved from /opt/airflow/dags/dl_fin_ratio_v2.py
[2026-04-30T04:07:51.172+0000] {logging_mixin.py:188} INFO - [2026-04-30T04:07:51.171+0000] {dag.py:3089} INFO - Sync 1 DAGs
[2026-04-30T04:07:51.199+0000] {logging_mixin.py:188} INFO - [2026-04-30T04:07:51.199+0000] {dag.py:3947} INFO - Setting next_dagrun for fin_ratio_v2 to 2026-04-01 00:00:00+00:00, run_after=2026-05-01 00:00:00+00:00
[2026-04-30T04:07:51.223+0000] {processor.py:183} INFO - Processing /opt/airflow/dags/dl_fin_ratio_v2.py took 0.145 seconds
[2026-04-30T04:08:22.153+0000] {processor.py:161} INFO - Started process (PID=8261) to work on /opt/airflow/dags/dl_fin_ratio_v2.py
[2026-04-30T04:08:22.154+0000] {processor.py:830} INFO - Processing file /opt/airflow/dags/dl_fin_ratio_v2.py for tasks to queue
[2026-04-30T04:08:22.158+0000] {logging_mixin.py:188} INFO - [2026-04-30T04:08:22.157+0000] {dagbag.py:545} INFO - Filling up the DagBag from /opt/airflow/dags/dl_fin_ratio_v2.py
[2026-04-30T04:08:22.213+0000] {processor.py:840} INFO - DAG(s) 'fin_ratio_v2' retrieved from /opt/airflow/dags/dl_fin_ratio_v2.py
[2026-04-30T04:08:22.233+0000] {logging_mixin.py:188} INFO - [2026-04-30T04:08:22.232+0000] {dag.py:3089} INFO - Sync 1 DAGs
[2026-04-30T04:08:22.262+0000] {logging_mixin.py:188} INFO - [2026-04-30T04:08:22.262+0000] {dag.py:3947} INFO - Setting next_dagrun for fin_ratio_v2 to 2026-04-01 00:00:00+00:00, run_after=2026-05-01 00:00:00+00:00
[2026-04-30T04:08:22.288+0000] {processor.py:183} INFO - Processing /opt/airflow/dags/dl_fin_ratio_v2.py took 0.145 seconds
[2026-04-30T04:08:52.812+0000] {processor.py:161} INFO - Started process (PID=8286) to work on /opt/airflow/dags/dl_fin_ratio_v2.py
[2026-04-30T04:08:52.813+0000] {processor.py:830} INFO - Processing file /opt/airflow/dags/dl_fin_ratio_v2.py for tasks to queue
[2026-04-30T04:08:52.815+0000] {logging_mixin.py:188} INFO - [2026-04-30T04:08:52.815+0000] {dagbag.py:545} INFO - Filling up the DagBag from /opt/airflow/dags/dl_fin_ratio_v2.py
[2026-04-30T04:08:52.853+0000] {processor.py:840} INFO - DAG(s) 'fin_ratio_v2' retrieved from /opt/airflow/dags/dl_fin_ratio_v2.py
[2026-04-30T04:08:52.869+0000] {logging_mixin.py:188} INFO - [2026-04-30T04:08:52.869+0000] {dag.py:3089} INFO - Sync 1 DAGs
[2026-04-30T04:08:52.894+0000] {logging_mixin.py:188} INFO - [2026-04-30T04:08:52.894+0000] {dag.py:3947} INFO - Setting next_dagrun for fin_ratio_v2 to 2026-04-01 00:00:00+00:00, run_after=2026-05-01 00:00:00+00:00
[2026-04-30T04:08:52.913+0000] {processor.py:183} INFO - Processing /opt/airflow/dags/dl_fin_ratio_v2.py took 0.107 seconds
[2026-04-30T04:09:23.483+0000] {processor.py:161} INFO - Started process (PID=8311) to work on /opt/airflow/dags/dl_fin_ratio_v2.py
[2026-04-30T04:09:23.485+0000] {processor.py:830} INFO - Processing file /opt/airflow/dags/dl_fin_ratio_v2.py for tasks to queue
[2026-04-30T04:09:23.490+0000] {logging_mixin.py:188} INFO - [2026-04-30T04:09:23.490+0000] {dagbag.py:545} INFO - Filling up the DagBag from /opt/airflow/dags/dl_fin_ratio_v2.py
[2026-04-30T04:09:23.550+0000] {processor.py:840} INFO - DAG(s) 'fin_ratio_v2' retrieved from /opt/airflow/dags/dl_fin_ratio_v2.py
[2026-04-30T04:09:23.574+0000] {logging_mixin.py:188} INFO - [2026-04-30T04:09:23.574+0000] {dag.py:3089} INFO - Sync 1 DAGs
[2026-04-30T04:09:23.609+0000] {logging_mixin.py:188} INFO - [2026-04-30T04:09:23.609+0000] {dag.py:3947} INFO - Setting next_dagrun for fin_ratio_v2 to 2026-04-01 00:00:00+00:00, run_after=2026-05-01 00:00:00+00:00
[2026-04-30T04:09:23.635+0000] {processor.py:183} INFO - Processing /opt/airflow/dags/dl_fin_ratio_v2.py took 0.167 seconds
[2026-04-30T04:09:53.872+0000] {processor.py:161} INFO - Started process (PID=8336) to work on /opt/airflow/dags/dl_fin_ratio_v2.py
[2026-04-30T04:09:53.874+0000] {processor.py:830} INFO - Processing file /opt/airflow/dags/dl_fin_ratio_v2.py for tasks to queue
[2026-04-30T04:09:53.877+0000] {logging_mixin.py:188} INFO - [2026-04-30T04:09:53.876+0000] {dagbag.py:545} INFO - Filling up the DagBag from /opt/airflow/dags/dl_fin_ratio_v2.py
[2026-04-30T04:09:53.991+0000] {processor.py:840} INFO - DAG(s) 'fin_ratio_v2' retrieved from /opt/airflow/dags/dl_fin_ratio_v2.py
[2026-04-30T04:09:54.015+0000] {logging_mixin.py:188} INFO - [2026-04-30T04:09:54.014+0000] {dag.py:3089} INFO - Sync 1 DAGs
[2026-04-30T04:09:54.055+0000] {logging_mixin.py:188} INFO - [2026-04-30T04:09:54.054+0000] {dag.py:3947} INFO - Setting next_dagrun for fin_ratio_v2 to 2026-04-01 00:00:00+00:00, run_after=2026-05-01 00:00:00+00:00
[2026-04-30T04:09:54.092+0000] {processor.py:183} INFO - Processing /opt/airflow/dags/dl_fin_ratio_v2.py took 0.230 seconds
[2026-04-30T04:10:24.861+0000] {processor.py:161} INFO - Started process (PID=8361) to work on /opt/airflow/dags/dl_fin_ratio_v2.py
[2026-04-30T04:10:24.862+0000] {processor.py:830} INFO - Processing file /opt/airflow/dags/dl_fin_ratio_v2.py for tasks to queue
[2026-04-30T04:10:24.864+0000] {logging_mixin.py:188} INFO - [2026-04-30T04:10:24.864+0000] {dagbag.py:545} INFO - Filling up the DagBag from /opt/airflow/dags/dl_fin_ratio_v2.py
[2026-04-30T04:10:24.901+0000] {processor.py:840} INFO - DAG(s) 'fin_ratio_v2' retrieved from /opt/airflow/dags/dl_fin_ratio_v2.py
[2026-04-30T04:10:24.917+0000] {logging_mixin.py:188} INFO - [2026-04-30T04:10:24.916+0000] {dag.py:3089} INFO - Sync 1 DAGs
[2026-04-30T04:10:24.942+0000] {logging_mixin.py:188} INFO - [2026-04-30T04:10:24.942+0000] {dag.py:3947} INFO - Setting next_dagrun for fin_ratio_v2 to 2026-04-01 00:00:00+00:00, run_after=2026-05-01 00:00:00+00:00
[2026-04-30T04:10:24.961+0000] {processor.py:183} INFO - Processing /opt/airflow/dags/dl_fin_ratio_v2.py took 0.106 seconds
[2026-04-30T04:10:55.278+0000] {processor.py:161} INFO - Started process (PID=8386) to work on /opt/airflow/dags/dl_fin_ratio_v2.py
[2026-04-30T04:10:55.279+0000] {processor.py:830} INFO - Processing file /opt/airflow/dags/dl_fin_ratio_v2.py for tasks to queue
[2026-04-30T04:10:55.281+0000] {logging_mixin.py:188} INFO - [2026-04-30T04:10:55.281+0000] {dagbag.py:545} INFO - Filling up the DagBag from /opt/airflow/dags/dl_fin_ratio_v2.py
[2026-04-30T04:10:55.316+0000] {processor.py:840} INFO - DAG(s) 'fin_ratio_v2' retrieved from /opt/airflow/dags/dl_fin_ratio_v2.py
[2026-04-30T04:10:55.337+0000] {logging_mixin.py:188} INFO - [2026-04-30T04:10:55.336+0000] {dag.py:3089} INFO - Sync 1 DAGs
[2026-04-30T04:10:55.369+0000] {logging_mixin.py:188} INFO - [2026-04-30T04:10:55.369+0000] {dag.py:3947} INFO - Setting next_dagrun for fin_ratio_v2 to 2026-04-01 00:00:00+00:00, run_after=2026-05-01 00:00:00+00:00
[2026-04-30T04:10:55.394+0000] {processor.py:183} INFO - Processing /opt/airflow/dags/dl_fin_ratio_v2.py took 0.122 seconds
[2026-04-30T04:11:25.767+0000] {processor.py:161} INFO - Started process (PID=8411) to work on /opt/airflow/dags/dl_fin_ratio_v2.py
[2026-04-30T04:11:25.768+0000] {processor.py:830} INFO - Processing file /opt/airflow/dags/dl_fin_ratio_v2.py for tasks to queue
[2026-04-30T04:11:25.770+0000] {logging_mixin.py:188} INFO - [2026-04-30T04:11:25.770+0000] {dagbag.py:545} INFO - Filling up the DagBag from /opt/airflow/dags/dl_fin_ratio_v2.py
[2026-04-30T04:11:25.804+0000] {processor.py:840} INFO - DAG(s) 'fin_ratio_v2' retrieved from /opt/airflow/dags/dl_fin_ratio_v2.py
[2026-04-30T04:11:25.818+0000] {logging_mixin.py:188} INFO - [2026-04-30T04:11:25.818+0000] {dag.py:3089} INFO - Sync 1 DAGs
[2026-04-30T04:11:25.839+0000] {logging_mixin.py:188} INFO - [2026-04-30T04:11:25.838+0000] {dag.py:3947} INFO - Setting next_dagrun for fin_ratio_v2 to 2026-04-01 00:00:00+00:00, run_after=2026-05-01 00:00:00+00:00
[2026-04-30T04:11:25.855+0000] {processor.py:183} INFO - Processing /opt/airflow/dags/dl_fin_ratio_v2.py took 0.094 seconds
[2026-04-30T04:11:56.255+0000] {processor.py:161} INFO - Started process (PID=8436) to work on /opt/airflow/dags/dl_fin_ratio_v2.py
[2026-04-30T04:11:56.256+0000] {processor.py:830} INFO - Processing file /opt/airflow/dags/dl_fin_ratio_v2.py for tasks to queue
[2026-04-30T04:11:56.260+0000] {logging_mixin.py:188} INFO - [2026-04-30T04:11:56.259+0000] {dagbag.py:545} INFO - Filling up the DagBag from /opt/airflow/dags/dl_fin_ratio_v2.py
[2026-04-30T04:11:56.309+0000] {processor.py:840} INFO - DAG(s) 'fin_ratio_v2' retrieved from /opt/airflow/dags/dl_fin_ratio_v2.py
[2026-04-30T04:11:56.326+0000] {logging_mixin.py:188} INFO - [2026-04-30T04:11:56.326+0000] {dag.py:3089} INFO - Sync 1 DAGs
[2026-04-30T04:11:56.351+0000] {logging_mixin.py:188} INFO - [2026-04-30T04:11:56.351+0000] {dag.py:3947} INFO - Setting next_dagrun for fin_ratio_v2 to 2026-04-01 00:00:00+00:00, run_after=2026-05-01 00:00:00+00:00
[2026-04-30T04:11:56.375+0000] {processor.py:183} INFO - Processing /opt/airflow/dags/dl_fin_ratio_v2.py took 0.127 seconds
[2026-04-30T04:12:26.791+0000] {processor.py:161} INFO - Started process (PID=8461) to work on /opt/airflow/dags/dl_fin_ratio_v2.py
[2026-04-30T04:12:26.792+0000] {processor.py:830} INFO - Processing file /opt/airflow/dags/dl_fin_ratio_v2.py for tasks to queue
[2026-04-30T04:12:26.794+0000] {logging_mixin.py:188} INFO - [2026-04-30T04:12:26.794+0000] {dagbag.py:545} INFO - Filling up the DagBag from /opt/airflow/dags/dl_fin_ratio_v2.py
[2026-04-30T04:12:26.833+0000] {processor.py:840} INFO - DAG(s) 'fin_ratio_v2' retrieved from /opt/airflow/dags/dl_fin_ratio_v2.py
[2026-04-30T04:12:26.849+0000] {logging_mixin.py:188} INFO - [2026-04-30T04:12:26.849+0000] {dag.py:3089} INFO - Sync 1 DAGs
[2026-04-30T04:12:26.872+0000] {logging_mixin.py:188} INFO - [2026-04-30T04:12:26.872+0000] {dag.py:3947} INFO - Setting next_dagrun for fin_ratio_v2 to 2026-04-01 00:00:00+00:00, run_after=2026-05-01 00:00:00+00:00
[2026-04-30T04:12:26.894+0000] {processor.py:183} INFO - Processing /opt/airflow/dags/dl_fin_ratio_v2.py took 0.109 seconds
[2026-04-30T04:12:57.423+0000] {processor.py:161} INFO - Started process (PID=8486) to work on /opt/airflow/dags/dl_fin_ratio_v2.py
[2026-04-30T04:12:57.424+0000] {processor.py:830} INFO - Processing file /opt/airflow/dags/dl_fin_ratio_v2.py for tasks to queue
[2026-04-30T04:12:57.426+0000] {logging_mixin.py:188} INFO - [2026-04-30T04:12:57.426+0000] {dagbag.py:545} INFO - Filling up the DagBag from /opt/airflow/dags/dl_fin_ratio_v2.py
[2026-04-30T04:12:57.461+0000] {processor.py:840} INFO - DAG(s) 'fin_ratio_v2' retrieved from /opt/airflow/dags/dl_fin_ratio_v2.py
[2026-04-30T04:12:57.478+0000] {logging_mixin.py:188} INFO - [2026-04-30T04:12:57.478+0000] {dag.py:3089} INFO - Sync 1 DAGs
[2026-04-30T04:12:57.498+0000] {logging_mixin.py:188} INFO - [2026-04-30T04:12:57.498+0000] {dag.py:3947} INFO - Setting next_dagrun for fin_ratio_v2 to 2026-04-01 00:00:00+00:00, run_after=2026-05-01 00:00:00+00:00
[2026-04-30T04:12:57.515+0000] {processor.py:183} INFO - Processing /opt/airflow/dags/dl_fin_ratio_v2.py took 0.098 seconds
[2026-04-30T04:13:28.109+0000] {processor.py:161} INFO - Started process (PID=8511) to work on /opt/airflow/dags/dl_fin_ratio_v2.py
[2026-04-30T04:13:28.110+0000] {processor.py:830} INFO - Processing file /opt/airflow/dags/dl_fin_ratio_v2.py for tasks to queue
[2026-04-30T04:13:28.113+0000] {logging_mixin.py:188} INFO - [2026-04-30T04:13:28.113+0000] {dagbag.py:545} INFO - Filling up the DagBag from /opt/airflow/dags/dl_fin_ratio_v2.py
[2026-04-30T04:13:28.149+0000] {processor.py:840} INFO - DAG(s) 'fin_ratio_v2' retrieved from /opt/airflow/dags/dl_fin_ratio_v2.py
[2026-04-30T04:13:28.163+0000] {logging_mixin.py:188} INFO - [2026-04-30T04:13:28.163+0000] {dag.py:3089} INFO - Sync 1 DAGs
[2026-04-30T04:13:28.185+0000] {logging_mixin.py:188} INFO - [2026-04-30T04:13:28.184+0000] {dag.py:3947} INFO - Setting next_dagrun for fin_ratio_v2 to 2026-04-01 00:00:00+00:00, run_after=2026-05-01 00:00:00+00:00
[2026-04-30T04:13:28.202+0000] {processor.py:183} INFO - Processing /opt/airflow/dags/dl_fin_ratio_v2.py took 0.099 seconds
[2026-04-30T04:13:58.914+0000] {processor.py:161} INFO - Started process (PID=8536) to work on /opt/airflow/dags/dl_fin_ratio_v2.py
[2026-04-30T04:13:58.915+0000] {processor.py:830} INFO - Processing file /opt/airflow/dags/dl_fin_ratio_v2.py for tasks to queue
[2026-04-30T04:13:58.917+0000] {logging_mixin.py:188} INFO - [2026-04-30T04:13:58.917+0000] {dagbag.py:545} INFO - Filling up the DagBag from /opt/airflow/dags/dl_fin_ratio_v2.py
[2026-04-30T04:13:58.950+0000] {processor.py:840} INFO - DAG(s) 'fin_ratio_v2' retrieved from /opt/airflow/dags/dl_fin_ratio_v2.py
[2026-04-30T04:13:58.965+0000] {logging_mixin.py:188} INFO - [2026-04-30T04:13:58.965+0000] {dag.py:3089} INFO - Sync 1 DAGs
[2026-04-30T04:13:58.985+0000] {logging_mixin.py:188} INFO - [2026-04-30T04:13:58.984+0000] {dag.py:3947} INFO - Setting next_dagrun for fin_ratio_v2 to 2026-04-01 00:00:00+00:00, run_after=2026-05-01 00:00:00+00:00
[2026-04-30T04:13:59.003+0000] {processor.py:183} INFO - Processing /opt/airflow/dags/dl_fin_ratio_v2.py took 0.095 seconds
[2026-04-30T04:14:29.396+0000] {processor.py:161} INFO - Started process (PID=8561) to work on /opt/airflow/dags/dl_fin_ratio_v2.py
[2026-04-30T04:14:29.397+0000] {processor.py:830} INFO - Processing file /opt/airflow/dags/dl_fin_ratio_v2.py for tasks to queue
[2026-04-30T04:14:29.399+0000] {logging_mixin.py:188} INFO - [2026-04-30T04:14:29.399+0000] {dagbag.py:545} INFO - Filling up the DagBag from /opt/airflow/dags/dl_fin_ratio_v2.py
[2026-04-30T04:14:29.433+0000] {processor.py:840} INFO - DAG(s) 'fin_ratio_v2' retrieved from /opt/airflow/dags/dl_fin_ratio_v2.py
[2026-04-30T04:14:29.448+0000] {logging_mixin.py:188} INFO - [2026-04-30T04:14:29.447+0000] {dag.py:3089} INFO - Sync 1 DAGs
[2026-04-30T04:14:29.469+0000] {logging_mixin.py:188} INFO - [2026-04-30T04:14:29.469+0000] {dag.py:3947} INFO - Setting next_dagrun for fin_ratio_v2 to 2026-04-01 00:00:00+00:00, run_after=2026-05-01 00:00:00+00:00
[2026-04-30T04:14:29.485+0000] {processor.py:183} INFO - Processing /opt/airflow/dags/dl_fin_ratio_v2.py took 0.095 seconds
[2026-04-30T04:14:59.921+0000] {processor.py:161} INFO - Started process (PID=8586) to work on /opt/airflow/dags/dl_fin_ratio_v2.py
[2026-04-30T04:14:59.922+0000] {processor.py:830} INFO - Processing file /opt/airflow/dags/dl_fin_ratio_v2.py for tasks to queue
[2026-04-30T04:14:59.925+0000] {logging_mixin.py:188} INFO - [2026-04-30T04:14:59.924+0000] {dagbag.py:545} INFO - Filling up the DagBag from /opt/airflow/dags/dl_fin_ratio_v2.py
[2026-04-30T04:14:59.958+0000] {processor.py:840} INFO - DAG(s) 'fin_ratio_v2' retrieved from /opt/airflow/dags/dl_fin_ratio_v2.py
[2026-04-30T04:14:59.974+0000] {logging_mixin.py:188} INFO - [2026-04-30T04:14:59.974+0000] {dag.py:3089} INFO - Sync 1 DAGs
[2026-04-30T04:14:59.995+0000] {logging_mixin.py:188} INFO - [2026-04-30T04:14:59.994+0000] {dag.py:3947} INFO - Setting next_dagrun for fin_ratio_v2 to 2026-04-01 00:00:00+00:00, run_after=2026-05-01 00:00:00+00:00
[2026-04-30T04:15:00.017+0000] {processor.py:183} INFO - Processing /opt/airflow/dags/dl_fin_ratio_v2.py took 0.102 seconds
[2026-04-30T04:15:30.411+0000] {processor.py:161} INFO - Started process (PID=8611) to work on /opt/airflow/dags/dl_fin_ratio_v2.py
[2026-04-30T04:15:30.412+0000] {processor.py:830} INFO - Processing file /opt/airflow/dags/dl_fin_ratio_v2.py for tasks to queue
[2026-04-30T04:15:30.414+0000] {logging_mixin.py:188} INFO - [2026-04-30T04:15:30.414+0000] {dagbag.py:545} INFO - Filling up the DagBag from /opt/airflow/dags/dl_fin_ratio_v2.py
[2026-04-30T04:15:30.450+0000] {processor.py:840} INFO - DAG(s) 'fin_ratio_v2' retrieved from /opt/airflow/dags/dl_fin_ratio_v2.py
[2026-04-30T04:15:30.465+0000] {logging_mixin.py:188} INFO - [2026-04-30T04:15:30.465+0000] {dag.py:3089} INFO - Sync 1 DAGs
[2026-04-30T04:15:30.487+0000] {logging_mixin.py:188} INFO - [2026-04-30T04:15:30.487+0000] {dag.py:3947} INFO - Setting next_dagrun for fin_ratio_v2 to 2026-04-01 00:00:00+00:00, run_after=2026-05-01 00:00:00+00:00
[2026-04-30T04:15:30.505+0000] {processor.py:183} INFO - Processing /opt/airflow/dags/dl_fin_ratio_v2.py took 0.100 seconds
[2026-04-30T04:16:00.955+0000] {processor.py:161} INFO - Started process (PID=8636) to work on /opt/airflow/dags/dl_fin_ratio_v2.py
[2026-04-30T04:16:00.956+0000] {processor.py:830} INFO - Processing file /opt/airflow/dags/dl_fin_ratio_v2.py for tasks to queue
[2026-04-30T04:16:00.958+0000] {logging_mixin.py:188} INFO - [2026-04-30T04:16:00.958+0000] {dagbag.py:545} INFO - Filling up the DagBag from /opt/airflow/dags/dl_fin_ratio_v2.py
[2026-04-30T04:16:00.994+0000] {processor.py:840} INFO - DAG(s) 'fin_ratio_v2' retrieved from /opt/airflow/dags/dl_fin_ratio_v2.py
[2026-04-30T04:16:01.009+0000] {logging_mixin.py:188} INFO - [2026-04-30T04:16:01.009+0000] {dag.py:3089} INFO - Sync 1 DAGs
[2026-04-30T04:16:01.029+0000] {logging_mixin.py:188} INFO - [2026-04-30T04:16:01.029+0000] {dag.py:3947} INFO - Setting next_dagrun for fin_ratio_v2 to 2026-04-01 00:00:00+00:00, run_after=2026-05-01 00:00:00+00:00
[2026-04-30T04:16:01.048+0000] {processor.py:183} INFO - Processing /opt/airflow/dags/dl_fin_ratio_v2.py took 0.100 seconds
[2026-04-30T04:16:31.490+0000] {processor.py:161} INFO - Started process (PID=8661) to work on /opt/airflow/dags/dl_fin_ratio_v2.py
[2026-04-30T04:16:31.491+0000] {processor.py:830} INFO - Processing file /opt/airflow/dags/dl_fin_ratio_v2.py for tasks to queue
[2026-04-30T04:16:31.494+0000] {logging_mixin.py:188} INFO - [2026-04-30T04:16:31.494+0000] {dagbag.py:545} INFO - Filling up the DagBag from /opt/airflow/dags/dl_fin_ratio_v2.py
[2026-04-30T04:16:31.530+0000] {processor.py:840} INFO - DAG(s) 'fin_ratio_v2' retrieved from /opt/airflow/dags/dl_fin_ratio_v2.py
[2026-04-30T04:16:31.545+0000] {logging_mixin.py:188} INFO - [2026-04-30T04:16:31.544+0000] {dag.py:3089} INFO - Sync 1 DAGs
[2026-04-30T04:16:31.568+0000] {logging_mixin.py:188} INFO - [2026-04-30T04:16:31.568+0000] {dag.py:3947} INFO - Setting next_dagrun for fin_ratio_v2 to 2026-04-01 00:00:00+00:00, run_after=2026-05-01 00:00:00+00:00
[2026-04-30T04:16:31.585+0000] {processor.py:183} INFO - Processing /opt/airflow/dags/dl_fin_ratio_v2.py took 0.101 seconds
[2026-04-30T04:17:01.907+0000] {processor.py:161} INFO - Started process (PID=8692) to work on /opt/airflow/dags/dl_fin_ratio_v2.py
[2026-04-30T04:17:01.908+0000] {processor.py:830} INFO - Processing file /opt/airflow/dags/dl_fin_ratio_v2.py for tasks to queue
[2026-04-30T04:17:01.910+0000] {logging_mixin.py:188} INFO - [2026-04-30T04:17:01.910+0000] {dagbag.py:545} INFO - Filling up the DagBag from /opt/airflow/dags/dl_fin_ratio_v2.py
[2026-04-30T04:17:01.944+0000] {processor.py:840} INFO - DAG(s) 'fin_ratio_v2' retrieved from /opt/airflow/dags/dl_fin_ratio_v2.py
[2026-04-30T04:17:01.958+0000] {logging_mixin.py:188} INFO - [2026-04-30T04:17:01.958+0000] {dag.py:3089} INFO - Sync 1 DAGs
[2026-04-30T04:17:01.978+0000] {logging_mixin.py:188} INFO - [2026-04-30T04:17:01.978+0000] {dag.py:3947} INFO - Setting next_dagrun for fin_ratio_v2 to 2026-04-01 00:00:00+00:00, run_after=2026-05-01 00:00:00+00:00
[2026-04-30T04:17:01.997+0000] {processor.py:183} INFO - Processing /opt/airflow/dags/dl_fin_ratio_v2.py took 0.097 seconds
[2026-04-30T04:17:32.382+0000] {processor.py:161} INFO - Started process (PID=8717) to work on /opt/airflow/dags/dl_fin_ratio_v2.py
[2026-04-30T04:17:32.383+0000] {processor.py:830} INFO - Processing file /opt/airflow/dags/dl_fin_ratio_v2.py for tasks to queue
[2026-04-30T04:17:32.385+0000] {logging_mixin.py:188} INFO - [2026-04-30T04:17:32.385+0000] {dagbag.py:545} INFO - Filling up the DagBag from /opt/airflow/dags/dl_fin_ratio_v2.py
[2026-04-30T04:17:32.419+0000] {processor.py:840} INFO - DAG(s) 'fin_ratio_v2' retrieved from /opt/airflow/dags/dl_fin_ratio_v2.py
[2026-04-30T04:17:32.433+0000] {logging_mixin.py:188} INFO - [2026-04-30T04:17:32.433+0000] {dag.py:3089} INFO - Sync 1 DAGs
[2026-04-30T04:17:32.453+0000] {logging_mixin.py:188} INFO - [2026-04-30T04:17:32.453+0000] {dag.py:3947} INFO - Setting next_dagrun for fin_ratio_v2 to 2026-04-01 00:00:00+00:00, run_after=2026-05-01 00:00:00+00:00
[2026-04-30T04:17:32.471+0000] {processor.py:183} INFO - Processing /opt/airflow/dags/dl_fin_ratio_v2.py took 0.096 seconds
[2026-04-30T04:18:02.832+0000] {processor.py:161} INFO - Started process (PID=8742) to work on /opt/airflow/dags/dl_fin_ratio_v2.py
[2026-04-30T04:18:02.833+0000] {processor.py:830} INFO - Processing file /opt/airflow/dags/dl_fin_ratio_v2.py for tasks to queue
[2026-04-30T04:18:02.835+0000] {logging_mixin.py:188} INFO - [2026-04-30T04:18:02.834+0000] {dagbag.py:545} INFO - Filling up the DagBag from /opt/airflow/dags/dl_fin_ratio_v2.py
[2026-04-30T04:18:02.870+0000] {processor.py:840} INFO - DAG(s) 'fin_ratio_v2' retrieved from /opt/airflow/dags/dl_fin_ratio_v2.py
[2026-04-30T04:18:02.884+0000] {logging_mixin.py:188} INFO - [2026-04-30T04:18:02.883+0000] {dag.py:3089} INFO - Sync 1 DAGs
[2026-04-30T04:18:02.906+0000] {logging_mixin.py:188} INFO - [2026-04-30T04:18:02.906+0000] {dag.py:3947} INFO - Setting next_dagrun for fin_ratio_v2 to 2026-04-01 00:00:00+00:00, run_after=2026-05-01 00:00:00+00:00
[2026-04-30T04:18:02.926+0000] {processor.py:183} INFO - Processing /opt/airflow/dags/dl_fin_ratio_v2.py took 0.100 seconds
[2026-04-30T04:18:33.287+0000] {processor.py:161} INFO - Started process (PID=8767) to work on /opt/airflow/dags/dl_fin_ratio_v2.py
[2026-04-30T04:18:33.288+0000] {processor.py:830} INFO - Processing file /opt/airflow/dags/dl_fin_ratio_v2.py for tasks to queue
[2026-04-30T04:18:33.290+0000] {logging_mixin.py:188} INFO - [2026-04-30T04:18:33.290+0000] {dagbag.py:545} INFO - Filling up the DagBag from /opt/airflow/dags/dl_fin_ratio_v2.py
[2026-04-30T04:18:33.328+0000] {processor.py:840} INFO - DAG(s) 'fin_ratio_v2' retrieved from /opt/airflow/dags/dl_fin_ratio_v2.py
[2026-04-30T04:18:33.343+0000] {logging_mixin.py:188} INFO - [2026-04-30T04:18:33.343+0000] {dag.py:3089} INFO - Sync 1 DAGs
[2026-04-30T04:18:33.366+0000] {logging_mixin.py:188} INFO - [2026-04-30T04:18:33.365+0000] {dag.py:3947} INFO - Setting next_dagrun for fin_ratio_v2 to 2026-04-01 00:00:00+00:00, run_after=2026-05-01 00:00:00+00:00
[2026-04-30T04:18:33.383+0000] {processor.py:183} INFO - Processing /opt/airflow/dags/dl_fin_ratio_v2.py took 0.102 seconds
[2026-04-30T04:19:03.692+0000] {processor.py:161} INFO - Started process (PID=8792) to work on /opt/airflow/dags/dl_fin_ratio_v2.py
[2026-04-30T04:19:03.693+0000] {processor.py:830} INFO - Processing file /opt/airflow/dags/dl_fin_ratio_v2.py for tasks to queue
[2026-04-30T04:19:03.696+0000] {logging_mixin.py:188} INFO - [2026-04-30T04:19:03.695+0000] {dagbag.py:545} INFO - Filling up the DagBag from /opt/airflow/dags/dl_fin_ratio_v2.py
[2026-04-30T04:19:03.731+0000] {processor.py:840} INFO - DAG(s) 'fin_ratio_v2' retrieved from /opt/airflow/dags/dl_fin_ratio_v2.py
[2026-04-30T04:19:03.746+0000] {logging_mixin.py:188} INFO - [2026-04-30T04:19:03.746+0000] {dag.py:3089} INFO - Sync 1 DAGs
[2026-04-30T04:19:03.766+0000] {logging_mixin.py:188} INFO - [2026-04-30T04:19:03.766+0000] {dag.py:3947} INFO - Setting next_dagrun for fin_ratio_v2 to 2026-04-01 00:00:00+00:00, run_after=2026-05-01 00:00:00+00:00
[2026-04-30T04:19:03.784+0000] {processor.py:183} INFO - Processing /opt/airflow/dags/dl_fin_ratio_v2.py took 0.097 seconds
[2026-04-30T04:19:34.455+0000] {processor.py:161} INFO - Started process (PID=8817) to work on /opt/airflow/dags/dl_fin_ratio_v2.py
[2026-04-30T04:19:34.456+0000] {processor.py:830} INFO - Processing file /opt/airflow/dags/dl_fin_ratio_v2.py for tasks to queue
[2026-04-30T04:19:34.458+0000] {logging_mixin.py:188} INFO - [2026-04-30T04:19:34.457+0000] {dagbag.py:545} INFO - Filling up the DagBag from /opt/airflow/dags/dl_fin_ratio_v2.py
[2026-04-30T04:19:34.493+0000] {processor.py:840} INFO - DAG(s) 'fin_ratio_v2' retrieved from /opt/airflow/dags/dl_fin_ratio_v2.py
[2026-04-30T04:19:34.508+0000] {logging_mixin.py:188} INFO - [2026-04-30T04:19:34.507+0000] {dag.py:3089} INFO - Sync 1 DAGs
[2026-04-30T04:19:34.527+0000] {logging_mixin.py:188} INFO - [2026-04-30T04:19:34.526+0000] {dag.py:3947} INFO - Setting next_dagrun for fin_ratio_v2 to 2026-04-01 00:00:00+00:00, run_after=2026-05-01 00:00:00+00:00
[2026-04-30T04:19:34.546+0000] {processor.py:183} INFO - Processing /opt/airflow/dags/dl_fin_ratio_v2.py took 0.097 seconds
[2026-04-30T04:20:04.997+0000] {processor.py:161} INFO - Started process (PID=8842) to work on /opt/airflow/dags/dl_fin_ratio_v2.py
[2026-04-30T04:20:04.998+0000] {processor.py:830} INFO - Processing file /opt/airflow/dags/dl_fin_ratio_v2.py for tasks to queue
[2026-04-30T04:20:05.000+0000] {logging_mixin.py:188} INFO - [2026-04-30T04:20:05.000+0000] {dagbag.py:545} INFO - Filling up the DagBag from /opt/airflow/dags/dl_fin_ratio_v2.py
[2026-04-30T04:20:05.035+0000] {processor.py:840} INFO - DAG(s) 'fin_ratio_v2' retrieved from /opt/airflow/dags/dl_fin_ratio_v2.py
[2026-04-30T04:20:05.050+0000] {logging_mixin.py:188} INFO - [2026-04-30T04:20:05.050+0000] {dag.py:3089} INFO - Sync 1 DAGs
[2026-04-30T04:20:05.071+0000] {logging_mixin.py:188} INFO - [2026-04-30T04:20:05.071+0000] {dag.py:3947} INFO - Setting next_dagrun for fin_ratio_v2 to 2026-04-01 00:00:00+00:00, run_after=2026-05-01 00:00:00+00:00
[2026-04-30T04:20:05.089+0000] {processor.py:183} INFO - Processing /opt/airflow/dags/dl_fin_ratio_v2.py took 0.097 seconds
[2026-04-30T04:20:35.390+0000] {processor.py:161} INFO - Started process (PID=8867) to work on /opt/airflow/dags/dl_fin_ratio_v2.py
[2026-04-30T04:20:35.392+0000] {processor.py:830} INFO - Processing file /opt/airflow/dags/dl_fin_ratio_v2.py for tasks to queue
[2026-04-30T04:20:35.395+0000] {logging_mixin.py:188} INFO - [2026-04-30T04:20:35.394+0000] {dagbag.py:545} INFO - Filling up the DagBag from /opt/airflow/dags/dl_fin_ratio_v2.py
[2026-04-30T04:20:35.435+0000] {processor.py:840} INFO - DAG(s) 'fin_ratio_v2' retrieved from /opt/airflow/dags/dl_fin_ratio_v2.py
[2026-04-30T04:20:35.453+0000] {logging_mixin.py:188} INFO - [2026-04-30T04:20:35.453+0000] {dag.py:3089} INFO - Sync 1 DAGs
[2026-04-30T04:20:35.482+0000] {logging_mixin.py:188} INFO - [2026-04-30T04:20:35.481+0000] {dag.py:3947} INFO - Setting next_dagrun for fin_ratio_v2 to 2026-04-01 00:00:00+00:00, run_after=2026-05-01 00:00:00+00:00
[2026-04-30T04:20:35.501+0000] {processor.py:183} INFO - Processing /opt/airflow/dags/dl_fin_ratio_v2.py took 0.118 seconds
[2026-04-30T04:21:05.949+0000] {processor.py:161} INFO - Started process (PID=8892) to work on /opt/airflow/dags/dl_fin_ratio_v2.py
[2026-04-30T04:21:05.950+0000] {processor.py:830} INFO - Processing file /opt/airflow/dags/dl_fin_ratio_v2.py for tasks to queue
[2026-04-30T04:21:05.952+0000] {logging_mixin.py:188} INFO - [2026-04-30T04:21:05.952+0000] {dagbag.py:545} INFO - Filling up the DagBag from /opt/airflow/dags/dl_fin_ratio_v2.py
[2026-04-30T04:21:05.985+0000] {processor.py:840} INFO - DAG(s) 'fin_ratio_v2' retrieved from /opt/airflow/dags/dl_fin_ratio_v2.py
[2026-04-30T04:21:06.000+0000] {logging_mixin.py:188} INFO - [2026-04-30T04:21:06.000+0000] {dag.py:3089} INFO - Sync 1 DAGs
[2026-04-30T04:21:06.022+0000] {logging_mixin.py:188} INFO - [2026-04-30T04:21:06.021+0000] {dag.py:3947} INFO - Setting next_dagrun for fin_ratio_v2 to 2026-04-01 00:00:00+00:00, run_after=2026-05-01 00:00:00+00:00
[2026-04-30T04:21:06.039+0000] {processor.py:183} INFO - Processing /opt/airflow/dags/dl_fin_ratio_v2.py took 0.096 seconds
[2026-04-30T04:21:36.622+0000] {processor.py:161} INFO - Started process (PID=8917) to work on /opt/airflow/dags/dl_fin_ratio_v2.py
[2026-04-30T04:21:36.622+0000] {processor.py:830} INFO - Processing file /opt/airflow/dags/dl_fin_ratio_v2.py for tasks to queue
[2026-04-30T04:21:36.625+0000] {logging_mixin.py:188} INFO - [2026-04-30T04:21:36.624+0000] {dagbag.py:545} INFO - Filling up the DagBag from /opt/airflow/dags/dl_fin_ratio_v2.py
[2026-04-30T04:21:36.675+0000] {processor.py:840} INFO - DAG(s) 'fin_ratio_v2' retrieved from /opt/airflow/dags/dl_fin_ratio_v2.py
[2026-04-30T04:21:36.693+0000] {logging_mixin.py:188} INFO - [2026-04-30T04:21:36.693+0000] {dag.py:3089} INFO - Sync 1 DAGs
[2026-04-30T04:21:36.716+0000] {logging_mixin.py:188} INFO - [2026-04-30T04:21:36.716+0000] {dag.py:3947} INFO - Setting next_dagrun for fin_ratio_v2 to 2026-04-01 00:00:00+00:00, run_after=2026-05-01 00:00:00+00:00
[2026-04-30T04:21:36.735+0000] {processor.py:183} INFO - Processing /opt/airflow/dags/dl_fin_ratio_v2.py took 0.119 seconds
[2026-04-30T04:22:07.200+0000] {processor.py:161} INFO - Started process (PID=8942) to work on /opt/airflow/dags/dl_fin_ratio_v2.py
[2026-04-30T04:22:07.201+0000] {processor.py:830} INFO - Processing file /opt/airflow/dags/dl_fin_ratio_v2.py for tasks to queue
[2026-04-30T04:22:07.203+0000] {logging_mixin.py:188} INFO - [2026-04-30T04:22:07.203+0000] {dagbag.py:545} INFO - Filling up the DagBag from /opt/airflow/dags/dl_fin_ratio_v2.py
[2026-04-30T04:22:07.233+0000] {processor.py:840} INFO - DAG(s) 'fin_ratio_v2' retrieved from /opt/airflow/dags/dl_fin_ratio_v2.py
[2026-04-30T04:22:07.248+0000] {logging_mixin.py:188} INFO - [2026-04-30T04:22:07.247+0000] {dag.py:3089} INFO - Sync 1 DAGs
[2026-04-30T04:22:07.268+0000] {logging_mixin.py:188} INFO - [2026-04-30T04:22:07.268+0000] {dag.py:3947} INFO - Setting next_dagrun for fin_ratio_v2 to 2026-04-01 00:00:00+00:00, run_after=2026-05-01 00:00:00+00:00
[2026-04-30T04:22:07.285+0000] {processor.py:183} INFO - Processing /opt/airflow/dags/dl_fin_ratio_v2.py took 0.091 seconds
[2026-04-30T08:33:57.973+0000] {processor.py:161} INFO - Started process (PID=66) to work on /opt/airflow/dags/dl_fin_ratio_v2.py
[2026-04-30T08:33:57.974+0000] {processor.py:830} INFO - Processing file /opt/airflow/dags/dl_fin_ratio_v2.py for tasks to queue
[2026-04-30T08:33:57.979+0000] {logging_mixin.py:188} INFO - [2026-04-30T08:33:57.978+0000] {dagbag.py:545} INFO - Filling up the DagBag from /opt/airflow/dags/dl_fin_ratio_v2.py
[2026-04-30T08:33:58.028+0000] {processor.py:840} INFO - DAG(s) 'fin_ratio_v2' retrieved from /opt/airflow/dags/dl_fin_ratio_v2.py
[2026-04-30T08:33:58.253+0000] {logging_mixin.py:188} INFO - [2026-04-30T08:33:58.253+0000] {dag.py:3089} INFO - Sync 1 DAGs
[2026-04-30T08:33:58.278+0000] {logging_mixin.py:188} INFO - [2026-04-30T08:33:58.278+0000] {dag.py:3947} INFO - Setting next_dagrun for fin_ratio_v2 to 2026-04-01 00:00:00+00:00, run_after=2026-05-01 00:00:00+00:00
[2026-04-30T08:33:58.300+0000] {processor.py:183} INFO - Processing /opt/airflow/dags/dl_fin_ratio_v2.py took 0.338 seconds
[2026-04-30T08:34:28.858+0000] {processor.py:161} INFO - Started process (PID=91) to work on /opt/airflow/dags/dl_fin_ratio_v2.py
[2026-04-30T08:34:28.859+0000] {processor.py:830} INFO - Processing file /opt/airflow/dags/dl_fin_ratio_v2.py for tasks to queue
[2026-04-30T08:34:28.862+0000] {logging_mixin.py:188} INFO - [2026-04-30T08:34:28.862+0000] {dagbag.py:545} INFO - Filling up the DagBag from /opt/airflow/dags/dl_fin_ratio_v2.py
[2026-04-30T08:34:28.904+0000] {processor.py:840} INFO - DAG(s) 'fin_ratio_v2' retrieved from /opt/airflow/dags/dl_fin_ratio_v2.py
[2026-04-30T08:34:28.925+0000] {logging_mixin.py:188} INFO - [2026-04-30T08:34:28.925+0000] {dag.py:3089} INFO - Sync 1 DAGs
[2026-04-30T08:34:28.949+0000] {logging_mixin.py:188} INFO - [2026-04-30T08:34:28.949+0000] {dag.py:3947} INFO - Setting next_dagrun for fin_ratio_v2 to 2026-04-01 00:00:00+00:00, run_after=2026-05-01 00:00:00+00:00
[2026-04-30T08:34:28.968+0000] {processor.py:183} INFO - Processing /opt/airflow/dags/dl_fin_ratio_v2.py took 0.117 seconds
[2026-04-30T08:34:59.869+0000] {processor.py:161} INFO - Started process (PID=116) to work on /opt/airflow/dags/dl_fin_ratio_v2.py
[2026-04-30T08:34:59.870+0000] {processor.py:830} INFO - Processing file /opt/airflow/dags/dl_fin_ratio_v2.py for tasks to queue
[2026-04-30T08:34:59.872+0000] {logging_mixin.py:188} INFO - [2026-04-30T08:34:59.872+0000] {dagbag.py:545} INFO - Filling up the DagBag from /opt/airflow/dags/dl_fin_ratio_v2.py
[2026-04-30T08:34:59.915+0000] {processor.py:840} INFO - DAG(s) 'fin_ratio_v2' retrieved from /opt/airflow/dags/dl_fin_ratio_v2.py
[2026-04-30T08:34:59.937+0000] {logging_mixin.py:188} INFO - [2026-04-30T08:34:59.937+0000] {dag.py:3089} INFO - Sync 1 DAGs
[2026-04-30T08:34:59.968+0000] {logging_mixin.py:188} INFO - [2026-04-30T08:34:59.968+0000] {dag.py:3947} INFO - Setting next_dagrun for fin_ratio_v2 to 2026-04-01 00:00:00+00:00, run_after=2026-05-01 00:00:00+00:00
[2026-04-30T08:34:59.993+0000] {processor.py:183} INFO - Processing /opt/airflow/dags/dl_fin_ratio_v2.py took 0.130 seconds
[2026-04-30T08:35:30.731+0000] {processor.py:161} INFO - Started process (PID=141) to work on /opt/airflow/dags/dl_fin_ratio_v2.py
[2026-04-30T08:35:30.732+0000] {processor.py:830} INFO - Processing file /opt/airflow/dags/dl_fin_ratio_v2.py for tasks to queue
[2026-04-30T08:35:30.734+0000] {logging_mixin.py:188} INFO - [2026-04-30T08:35:30.734+0000] {dagbag.py:545} INFO - Filling up the DagBag from /opt/airflow/dags/dl_fin_ratio_v2.py
[2026-04-30T08:35:30.769+0000] {processor.py:840} INFO - DAG(s) 'fin_ratio_v2' retrieved from /opt/airflow/dags/dl_fin_ratio_v2.py
[2026-04-30T08:35:30.783+0000] {logging_mixin.py:188} INFO - [2026-04-30T08:35:30.783+0000] {dag.py:3089} INFO - Sync 1 DAGs
[2026-04-30T08:35:30.804+0000] {logging_mixin.py:188} INFO - [2026-04-30T08:35:30.804+0000] {dag.py:3947} INFO - Setting next_dagrun for fin_ratio_v2 to 2026-04-01 00:00:00+00:00, run_after=2026-05-01 00:00:00+00:00
[2026-04-30T08:35:30.822+0000] {processor.py:183} INFO - Processing /opt/airflow/dags/dl_fin_ratio_v2.py took 0.096 seconds
[2026-04-30T08:36:01.428+0000] {processor.py:161} INFO - Started process (PID=166) to work on /opt/airflow/dags/dl_fin_ratio_v2.py
[2026-04-30T08:36:01.429+0000] {processor.py:830} INFO - Processing file /opt/airflow/dags/dl_fin_ratio_v2.py for tasks to queue
[2026-04-30T08:36:01.431+0000] {logging_mixin.py:188} INFO - [2026-04-30T08:36:01.431+0000] {dagbag.py:545} INFO - Filling up the DagBag from /opt/airflow/dags/dl_fin_ratio_v2.py
[2026-04-30T08:36:01.469+0000] {processor.py:840} INFO - DAG(s) 'fin_ratio_v2' retrieved from /opt/airflow/dags/dl_fin_ratio_v2.py
[2026-04-30T08:36:01.486+0000] {logging_mixin.py:188} INFO - [2026-04-30T08:36:01.485+0000] {dag.py:3089} INFO - Sync 1 DAGs
[2026-04-30T08:36:01.508+0000] {logging_mixin.py:188} INFO - [2026-04-30T08:36:01.508+0000] {dag.py:3947} INFO - Setting next_dagrun for fin_ratio_v2 to 2026-04-01 00:00:00+00:00, run_after=2026-05-01 00:00:00+00:00
[2026-04-30T08:36:01.528+0000] {processor.py:183} INFO - Processing /opt/airflow/dags/dl_fin_ratio_v2.py took 0.105 seconds
[2026-04-30T08:36:32.072+0000] {processor.py:161} INFO - Started process (PID=191) to work on /opt/airflow/dags/dl_fin_ratio_v2.py
[2026-04-30T08:36:32.073+0000] {processor.py:830} INFO - Processing file /opt/airflow/dags/dl_fin_ratio_v2.py for tasks to queue
[2026-04-30T08:36:32.076+0000] {logging_mixin.py:188} INFO - [2026-04-30T08:36:32.075+0000] {dagbag.py:545} INFO - Filling up the DagBag from /opt/airflow/dags/dl_fin_ratio_v2.py
[2026-04-30T08:36:32.111+0000] {processor.py:840} INFO - DAG(s) 'fin_ratio_v2' retrieved from /opt/airflow/dags/dl_fin_ratio_v2.py
[2026-04-30T08:36:32.127+0000] {logging_mixin.py:188} INFO - [2026-04-30T08:36:32.126+0000] {dag.py:3089} INFO - Sync 1 DAGs
[2026-04-30T08:36:32.147+0000] {logging_mixin.py:188} INFO - [2026-04-30T08:36:32.147+0000] {dag.py:3947} INFO - Setting next_dagrun for fin_ratio_v2 to 2026-04-01 00:00:00+00:00, run_after=2026-05-01 00:00:00+00:00
[2026-04-30T08:36:32.166+0000] {processor.py:183} INFO - Processing /opt/airflow/dags/dl_fin_ratio_v2.py took 0.101 seconds
[2026-04-30T08:37:02.837+0000] {processor.py:161} INFO - Started process (PID=216) to work on /opt/airflow/dags/dl_fin_ratio_v2.py
[2026-04-30T08:37:02.838+0000] {processor.py:830} INFO - Processing file /opt/airflow/dags/dl_fin_ratio_v2.py for tasks to queue
[2026-04-30T08:37:02.840+0000] {logging_mixin.py:188} INFO - [2026-04-30T08:37:02.840+0000] {dagbag.py:545} INFO - Filling up the DagBag from /opt/airflow/dags/dl_fin_ratio_v2.py
[2026-04-30T08:37:02.876+0000] {processor.py:840} INFO - DAG(s) 'fin_ratio_v2' retrieved from /opt/airflow/dags/dl_fin_ratio_v2.py
[2026-04-30T08:37:02.893+0000] {logging_mixin.py:188} INFO - [2026-04-30T08:37:02.893+0000] {dag.py:3089} INFO - Sync 1 DAGs
[2026-04-30T08:37:02.921+0000] {logging_mixin.py:188} INFO - [2026-04-30T08:37:02.921+0000] {dag.py:3947} INFO - Setting next_dagrun for fin_ratio_v2 to 2026-04-01 00:00:00+00:00, run_after=2026-05-01 00:00:00+00:00
[2026-04-30T08:37:02.944+0000] {processor.py:183} INFO - Processing /opt/airflow/dags/dl_fin_ratio_v2.py took 0.113 seconds
[2026-04-30T08:37:33.801+0000] {processor.py:161} INFO - Started process (PID=242) to work on /opt/airflow/dags/dl_fin_ratio_v2.py
[2026-04-30T08:37:33.802+0000] {processor.py:830} INFO - Processing file /opt/airflow/dags/dl_fin_ratio_v2.py for tasks to queue
[2026-04-30T08:37:33.804+0000] {logging_mixin.py:188} INFO - [2026-04-30T08:37:33.804+0000] {dagbag.py:545} INFO - Filling up the DagBag from /opt/airflow/dags/dl_fin_ratio_v2.py
[2026-04-30T08:37:33.840+0000] {processor.py:840} INFO - DAG(s) 'fin_ratio_v2' retrieved from /opt/airflow/dags/dl_fin_ratio_v2.py
[2026-04-30T08:37:33.854+0000] {logging_mixin.py:188} INFO - [2026-04-30T08:37:33.854+0000] {dag.py:3089} INFO - Sync 1 DAGs
[2026-04-30T08:37:33.875+0000] {logging_mixin.py:188} INFO - [2026-04-30T08:37:33.875+0000] {dag.py:3947} INFO - Setting next_dagrun for fin_ratio_v2 to 2026-04-01 00:00:00+00:00, run_after=2026-05-01 00:00:00+00:00
[2026-04-30T08:37:33.896+0000] {processor.py:183} INFO - Processing /opt/airflow/dags/dl_fin_ratio_v2.py took 0.101 seconds
[2026-04-30T08:38:04.573+0000] {processor.py:161} INFO - Started process (PID=268) to work on /opt/airflow/dags/dl_fin_ratio_v2.py
[2026-04-30T08:38:04.574+0000] {processor.py:830} INFO - Processing file /opt/airflow/dags/dl_fin_ratio_v2.py for tasks to queue
[2026-04-30T08:38:04.576+0000] {logging_mixin.py:188} INFO - [2026-04-30T08:38:04.576+0000] {dagbag.py:545} INFO - Filling up the DagBag from /opt/airflow/dags/dl_fin_ratio_v2.py
[2026-04-30T08:38:04.615+0000] {processor.py:840} INFO - DAG(s) 'fin_ratio_v2' retrieved from /opt/airflow/dags/dl_fin_ratio_v2.py
[2026-04-30T08:38:04.632+0000] {logging_mixin.py:188} INFO - [2026-04-30T08:38:04.632+0000] {dag.py:3089} INFO - Sync 1 DAGs
[2026-04-30T08:38:04.657+0000] {logging_mixin.py:188} INFO - [2026-04-30T08:38:04.657+0000] {dag.py:3947} INFO - Setting next_dagrun for fin_ratio_v2 to 2026-04-01 00:00:00+00:00, run_after=2026-05-01 00:00:00+00:00
[2026-04-30T08:38:04.677+0000] {processor.py:183} INFO - Processing /opt/airflow/dags/dl_fin_ratio_v2.py took 0.111 seconds
[2026-04-30T08:38:35.368+0000] {processor.py:161} INFO - Started process (PID=293) to work on /opt/airflow/dags/dl_fin_ratio_v2.py
[2026-04-30T08:38:35.369+0000] {processor.py:830} INFO - Processing file /opt/airflow/dags/dl_fin_ratio_v2.py for tasks to queue
[2026-04-30T08:38:35.373+0000] {logging_mixin.py:188} INFO - [2026-04-30T08:38:35.372+0000] {dagbag.py:545} INFO - Filling up the DagBag from /opt/airflow/dags/dl_fin_ratio_v2.py
[2026-04-30T08:38:35.410+0000] {processor.py:840} INFO - DAG(s) 'fin_ratio_v2' retrieved from /opt/airflow/dags/dl_fin_ratio_v2.py
[2026-04-30T08:38:35.426+0000] {logging_mixin.py:188} INFO - [2026-04-30T08:38:35.426+0000] {dag.py:3089} INFO - Sync 1 DAGs
[2026-04-30T08:38:35.449+0000] {logging_mixin.py:188} INFO - [2026-04-30T08:38:35.449+0000] {dag.py:3947} INFO - Setting next_dagrun for fin_ratio_v2 to 2026-04-01 00:00:00+00:00, run_after=2026-05-01 00:00:00+00:00
[2026-04-30T08:38:35.469+0000] {processor.py:183} INFO - Processing /opt/airflow/dags/dl_fin_ratio_v2.py took 0.109 seconds
[2026-04-30T08:39:06.436+0000] {processor.py:161} INFO - Started process (PID=318) to work on /opt/airflow/dags/dl_fin_ratio_v2.py
[2026-04-30T08:39:06.438+0000] {processor.py:830} INFO - Processing file /opt/airflow/dags/dl_fin_ratio_v2.py for tasks to queue
[2026-04-30T08:39:06.441+0000] {logging_mixin.py:188} INFO - [2026-04-30T08:39:06.441+0000] {dagbag.py:545} INFO - Filling up the DagBag from /opt/airflow/dags/dl_fin_ratio_v2.py
[2026-04-30T08:39:06.493+0000] {processor.py:840} INFO - DAG(s) 'fin_ratio_v2' retrieved from /opt/airflow/dags/dl_fin_ratio_v2.py
[2026-04-30T08:39:06.515+0000] {logging_mixin.py:188} INFO - [2026-04-30T08:39:06.515+0000] {dag.py:3089} INFO - Sync 1 DAGs
[2026-04-30T08:39:06.544+0000] {logging_mixin.py:188} INFO - [2026-04-30T08:39:06.544+0000] {dag.py:3947} INFO - Setting next_dagrun for fin_ratio_v2 to 2026-04-01 00:00:00+00:00, run_after=2026-05-01 00:00:00+00:00
[2026-04-30T08:39:06.569+0000] {processor.py:183} INFO - Processing /opt/airflow/dags/dl_fin_ratio_v2.py took 0.140 seconds
[2026-04-30T08:39:36.843+0000] {processor.py:161} INFO - Started process (PID=344) to work on /opt/airflow/dags/dl_fin_ratio_v2.py
[2026-04-30T08:39:36.845+0000] {processor.py:830} INFO - Processing file /opt/airflow/dags/dl_fin_ratio_v2.py for tasks to queue
[2026-04-30T08:39:36.851+0000] {logging_mixin.py:188} INFO - [2026-04-30T08:39:36.850+0000] {dagbag.py:545} INFO - Filling up the DagBag from /opt/airflow/dags/dl_fin_ratio_v2.py
[2026-04-30T08:39:36.923+0000] {processor.py:840} INFO - DAG(s) 'fin_ratio_v2' retrieved from /opt/airflow/dags/dl_fin_ratio_v2.py
[2026-04-30T08:39:36.953+0000] {logging_mixin.py:188} INFO - [2026-04-30T08:39:36.953+0000] {dag.py:3089} INFO - Sync 1 DAGs
[2026-04-30T08:39:36.985+0000] {logging_mixin.py:188} INFO - [2026-04-30T08:39:36.984+0000] {dag.py:3947} INFO - Setting next_dagrun for fin_ratio_v2 to 2026-04-01 00:00:00+00:00, run_after=2026-05-01 00:00:00+00:00
[2026-04-30T08:39:37.013+0000] {processor.py:183} INFO - Processing /opt/airflow/dags/dl_fin_ratio_v2.py took 0.186 seconds
[2026-04-30T08:40:07.263+0000] {processor.py:161} INFO - Started process (PID=369) to work on /opt/airflow/dags/dl_fin_ratio_v2.py
[2026-04-30T08:40:07.264+0000] {processor.py:830} INFO - Processing file /opt/airflow/dags/dl_fin_ratio_v2.py for tasks to queue
[2026-04-30T08:40:07.267+0000] {logging_mixin.py:188} INFO - [2026-04-30T08:40:07.267+0000] {dagbag.py:545} INFO - Filling up the DagBag from /opt/airflow/dags/dl_fin_ratio_v2.py
[2026-04-30T08:40:07.315+0000] {processor.py:840} INFO - DAG(s) 'fin_ratio_v2' retrieved from /opt/airflow/dags/dl_fin_ratio_v2.py
[2026-04-30T08:40:07.337+0000] {logging_mixin.py:188} INFO - [2026-04-30T08:40:07.337+0000] {dag.py:3089} INFO - Sync 1 DAGs
[2026-04-30T08:40:07.368+0000] {logging_mixin.py:188} INFO - [2026-04-30T08:40:07.368+0000] {dag.py:3947} INFO - Setting next_dagrun for fin_ratio_v2 to 2026-04-01 00:00:00+00:00, run_after=2026-05-01 00:00:00+00:00
[2026-04-30T08:40:07.398+0000] {processor.py:183} INFO - Processing /opt/airflow/dags/dl_fin_ratio_v2.py took 0.142 seconds
[2026-04-30T08:40:37.860+0000] {processor.py:161} INFO - Started process (PID=394) to work on /opt/airflow/dags/dl_fin_ratio_v2.py
[2026-04-30T08:40:37.862+0000] {processor.py:830} INFO - Processing file /opt/airflow/dags/dl_fin_ratio_v2.py for tasks to queue
[2026-04-30T08:40:37.866+0000] {logging_mixin.py:188} INFO - [2026-04-30T08:40:37.865+0000] {dagbag.py:545} INFO - Filling up the DagBag from /opt/airflow/dags/dl_fin_ratio_v2.py
[2026-04-30T08:40:37.922+0000] {processor.py:840} INFO - DAG(s) 'fin_ratio_v2' retrieved from /opt/airflow/dags/dl_fin_ratio_v2.py
[2026-04-30T08:40:37.946+0000] {logging_mixin.py:188} INFO - [2026-04-30T08:40:37.946+0000] {dag.py:3089} INFO - Sync 1 DAGs
[2026-04-30T08:40:37.975+0000] {logging_mixin.py:188} INFO - [2026-04-30T08:40:37.975+0000] {dag.py:3947} INFO - Setting next_dagrun for fin_ratio_v2 to 2026-04-01 00:00:00+00:00, run_after=2026-05-01 00:00:00+00:00
[2026-04-30T08:40:38.000+0000] {processor.py:183} INFO - Processing /opt/airflow/dags/dl_fin_ratio_v2.py took 0.149 seconds
[2026-04-30T08:41:08.449+0000] {processor.py:161} INFO - Started process (PID=419) to work on /opt/airflow/dags/dl_fin_ratio_v2.py
[2026-04-30T08:41:08.450+0000] {processor.py:830} INFO - Processing file /opt/airflow/dags/dl_fin_ratio_v2.py for tasks to queue
[2026-04-30T08:41:08.452+0000] {logging_mixin.py:188} INFO - [2026-04-30T08:41:08.452+0000] {dagbag.py:545} INFO - Filling up the DagBag from /opt/airflow/dags/dl_fin_ratio_v2.py
[2026-04-30T08:41:08.510+0000] {processor.py:840} INFO - DAG(s) 'fin_ratio_v2' retrieved from /opt/airflow/dags/dl_fin_ratio_v2.py
[2026-04-30T08:41:08.536+0000] {logging_mixin.py:188} INFO - [2026-04-30T08:41:08.535+0000] {dag.py:3089} INFO - Sync 1 DAGs
[2026-04-30T08:41:08.569+0000] {logging_mixin.py:188} INFO - [2026-04-30T08:41:08.569+0000] {dag.py:3947} INFO - Setting next_dagrun for fin_ratio_v2 to 2026-04-01 00:00:00+00:00, run_after=2026-05-01 00:00:00+00:00
[2026-04-30T08:41:08.593+0000] {processor.py:183} INFO - Processing /opt/airflow/dags/dl_fin_ratio_v2.py took 0.152 seconds
[2026-04-30T08:41:39.204+0000] {processor.py:161} INFO - Started process (PID=444) to work on /opt/airflow/dags/dl_fin_ratio_v2.py
[2026-04-30T08:41:39.205+0000] {processor.py:830} INFO - Processing file /opt/airflow/dags/dl_fin_ratio_v2.py for tasks to queue
[2026-04-30T08:41:39.208+0000] {logging_mixin.py:188} INFO - [2026-04-30T08:41:39.207+0000] {dagbag.py:545} INFO - Filling up the DagBag from /opt/airflow/dags/dl_fin_ratio_v2.py
[2026-04-30T08:41:39.281+0000] {processor.py:840} INFO - DAG(s) 'fin_ratio_v2' retrieved from /opt/airflow/dags/dl_fin_ratio_v2.py
[2026-04-30T08:41:39.323+0000] {logging_mixin.py:188} INFO - [2026-04-30T08:41:39.322+0000] {dag.py:3089} INFO - Sync 1 DAGs
[2026-04-30T08:41:39.362+0000] {logging_mixin.py:188} INFO - [2026-04-30T08:41:39.362+0000] {dag.py:3947} INFO - Setting next_dagrun for fin_ratio_v2 to 2026-04-01 00:00:00+00:00, run_after=2026-05-01 00:00:00+00:00
[2026-04-30T08:41:39.388+0000] {processor.py:183} INFO - Processing /opt/airflow/dags/dl_fin_ratio_v2.py took 0.194 seconds
[2026-04-30T08:42:09.602+0000] {processor.py:161} INFO - Started process (PID=469) to work on /opt/airflow/dags/dl_fin_ratio_v2.py
[2026-04-30T08:42:09.604+0000] {processor.py:830} INFO - Processing file /opt/airflow/dags/dl_fin_ratio_v2.py for tasks to queue
[2026-04-30T08:42:09.607+0000] {logging_mixin.py:188} INFO - [2026-04-30T08:42:09.607+0000] {dagbag.py:545} INFO - Filling up the DagBag from /opt/airflow/dags/dl_fin_ratio_v2.py
[2026-04-30T08:42:09.653+0000] {processor.py:840} INFO - DAG(s) 'fin_ratio_v2' retrieved from /opt/airflow/dags/dl_fin_ratio_v2.py
[2026-04-30T08:42:09.673+0000] {logging_mixin.py:188} INFO - [2026-04-30T08:42:09.672+0000] {dag.py:3089} INFO - Sync 1 DAGs
[2026-04-30T08:42:09.710+0000] {logging_mixin.py:188} INFO - [2026-04-30T08:42:09.709+0000] {dag.py:3947} INFO - Setting next_dagrun for fin_ratio_v2 to 2026-04-01 00:00:00+00:00, run_after=2026-05-01 00:00:00+00:00
[2026-04-30T08:42:09.737+0000] {processor.py:183} INFO - Processing /opt/airflow/dags/dl_fin_ratio_v2.py took 0.144 seconds
[2026-04-30T08:42:40.252+0000] {processor.py:161} INFO - Started process (PID=494) to work on /opt/airflow/dags/dl_fin_ratio_v2.py
[2026-04-30T08:42:40.253+0000] {processor.py:830} INFO - Processing file /opt/airflow/dags/dl_fin_ratio_v2.py for tasks to queue
[2026-04-30T08:42:40.256+0000] {logging_mixin.py:188} INFO - [2026-04-30T08:42:40.255+0000] {dagbag.py:545} INFO - Filling up the DagBag from /opt/airflow/dags/dl_fin_ratio_v2.py
[2026-04-30T08:42:40.297+0000] {processor.py:840} INFO - DAG(s) 'fin_ratio_v2' retrieved from /opt/airflow/dags/dl_fin_ratio_v2.py
[2026-04-30T08:42:40.314+0000] {logging_mixin.py:188} INFO - [2026-04-30T08:42:40.313+0000] {dag.py:3089} INFO - Sync 1 DAGs
[2026-04-30T08:42:40.337+0000] {logging_mixin.py:188} INFO - [2026-04-30T08:42:40.337+0000] {dag.py:3947} INFO - Setting next_dagrun for fin_ratio_v2 to 2026-04-01 00:00:00+00:00, run_after=2026-05-01 00:00:00+00:00
[2026-04-30T08:42:40.358+0000] {processor.py:183} INFO - Processing /opt/airflow/dags/dl_fin_ratio_v2.py took 0.112 seconds
[2026-04-30T08:43:11.194+0000] {processor.py:161} INFO - Started process (PID=519) to work on /opt/airflow/dags/dl_fin_ratio_v2.py
[2026-04-30T08:43:11.195+0000] {processor.py:830} INFO - Processing file /opt/airflow/dags/dl_fin_ratio_v2.py for tasks to queue
[2026-04-30T08:43:11.197+0000] {logging_mixin.py:188} INFO - [2026-04-30T08:43:11.197+0000] {dagbag.py:545} INFO - Filling up the DagBag from /opt/airflow/dags/dl_fin_ratio_v2.py
[2026-04-30T08:43:11.232+0000] {processor.py:840} INFO - DAG(s) 'fin_ratio_v2' retrieved from /opt/airflow/dags/dl_fin_ratio_v2.py
[2026-04-30T08:43:11.249+0000] {logging_mixin.py:188} INFO - [2026-04-30T08:43:11.248+0000] {dag.py:3089} INFO - Sync 1 DAGs
[2026-04-30T08:43:11.270+0000] {logging_mixin.py:188} INFO - [2026-04-30T08:43:11.269+0000] {dag.py:3947} INFO - Setting next_dagrun for fin_ratio_v2 to 2026-04-01 00:00:00+00:00, run_after=2026-05-01 00:00:00+00:00
[2026-04-30T08:43:11.287+0000] {processor.py:183} INFO - Processing /opt/airflow/dags/dl_fin_ratio_v2.py took 0.099 seconds
[2026-04-30T08:43:42.104+0000] {processor.py:161} INFO - Started process (PID=544) to work on /opt/airflow/dags/dl_fin_ratio_v2.py
[2026-04-30T08:43:42.105+0000] {processor.py:830} INFO - Processing file /opt/airflow/dags/dl_fin_ratio_v2.py for tasks to queue
[2026-04-30T08:43:42.107+0000] {logging_mixin.py:188} INFO - [2026-04-30T08:43:42.107+0000] {dagbag.py:545} INFO - Filling up the DagBag from /opt/airflow/dags/dl_fin_ratio_v2.py
[2026-04-30T08:43:42.143+0000] {processor.py:840} INFO - DAG(s) 'fin_ratio_v2' retrieved from /opt/airflow/dags/dl_fin_ratio_v2.py
[2026-04-30T08:43:42.160+0000] {logging_mixin.py:188} INFO - [2026-04-30T08:43:42.159+0000] {dag.py:3089} INFO - Sync 1 DAGs
[2026-04-30T08:43:42.183+0000] {logging_mixin.py:188} INFO - [2026-04-30T08:43:42.183+0000] {dag.py:3947} INFO - Setting next_dagrun for fin_ratio_v2 to 2026-04-01 00:00:00+00:00, run_after=2026-05-01 00:00:00+00:00
[2026-04-30T08:43:42.204+0000] {processor.py:183} INFO - Processing /opt/airflow/dags/dl_fin_ratio_v2.py took 0.106 seconds
[2026-04-30T08:44:12.529+0000] {processor.py:161} INFO - Started process (PID=569) to work on /opt/airflow/dags/dl_fin_ratio_v2.py
[2026-04-30T08:44:12.530+0000] {processor.py:830} INFO - Processing file /opt/airflow/dags/dl_fin_ratio_v2.py for tasks to queue
[2026-04-30T08:44:12.534+0000] {logging_mixin.py:188} INFO - [2026-04-30T08:44:12.534+0000] {dagbag.py:545} INFO - Filling up the DagBag from /opt/airflow/dags/dl_fin_ratio_v2.py
[2026-04-30T08:44:12.587+0000] {processor.py:840} INFO - DAG(s) 'fin_ratio_v2' retrieved from /opt/airflow/dags/dl_fin_ratio_v2.py
[2026-04-30T08:44:12.607+0000] {logging_mixin.py:188} INFO - [2026-04-30T08:44:12.606+0000] {dag.py:3089} INFO - Sync 1 DAGs
[2026-04-30T08:44:12.635+0000] {logging_mixin.py:188} INFO - [2026-04-30T08:44:12.634+0000] {dag.py:3947} INFO - Setting next_dagrun for fin_ratio_v2 to 2026-04-01 00:00:00+00:00, run_after=2026-05-01 00:00:00+00:00
[2026-04-30T08:44:12.661+0000] {processor.py:183} INFO - Processing /opt/airflow/dags/dl_fin_ratio_v2.py took 0.145 seconds
[2026-04-30T08:44:42.997+0000] {processor.py:161} INFO - Started process (PID=594) to work on /opt/airflow/dags/dl_fin_ratio_v2.py
[2026-04-30T08:44:42.997+0000] {processor.py:830} INFO - Processing file /opt/airflow/dags/dl_fin_ratio_v2.py for tasks to queue
[2026-04-30T08:44:43.000+0000] {logging_mixin.py:188} INFO - [2026-04-30T08:44:42.999+0000] {dagbag.py:545} INFO - Filling up the DagBag from /opt/airflow/dags/dl_fin_ratio_v2.py
[2026-04-30T08:44:43.035+0000] {processor.py:840} INFO - DAG(s) 'fin_ratio_v2' retrieved from /opt/airflow/dags/dl_fin_ratio_v2.py
[2026-04-30T08:44:43.051+0000] {logging_mixin.py:188} INFO - [2026-04-30T08:44:43.051+0000] {dag.py:3089} INFO - Sync 1 DAGs
[2026-04-30T08:44:43.073+0000] {logging_mixin.py:188} INFO - [2026-04-30T08:44:43.073+0000] {dag.py:3947} INFO - Setting next_dagrun for fin_ratio_v2 to 2026-04-01 00:00:00+00:00, run_after=2026-05-01 00:00:00+00:00
[2026-04-30T08:44:43.093+0000] {processor.py:183} INFO - Processing /opt/airflow/dags/dl_fin_ratio_v2.py took 0.103 seconds
[2026-04-30T08:45:13.924+0000] {processor.py:161} INFO - Started process (PID=619) to work on /opt/airflow/dags/dl_fin_ratio_v2.py
[2026-04-30T08:45:13.925+0000] {processor.py:830} INFO - Processing file /opt/airflow/dags/dl_fin_ratio_v2.py for tasks to queue
[2026-04-30T08:45:13.929+0000] {logging_mixin.py:188} INFO - [2026-04-30T08:45:13.928+0000] {dagbag.py:545} INFO - Filling up the DagBag from /opt/airflow/dags/dl_fin_ratio_v2.py
[2026-04-30T08:45:13.974+0000] {processor.py:840} INFO - DAG(s) 'fin_ratio_v2' retrieved from /opt/airflow/dags/dl_fin_ratio_v2.py
[2026-04-30T08:45:13.992+0000] {logging_mixin.py:188} INFO - [2026-04-30T08:45:13.992+0000] {dag.py:3089} INFO - Sync 1 DAGs
[2026-04-30T08:45:14.018+0000] {logging_mixin.py:188} INFO - [2026-04-30T08:45:14.018+0000] {dag.py:3947} INFO - Setting next_dagrun for fin_ratio_v2 to 2026-04-01 00:00:00+00:00, run_after=2026-05-01 00:00:00+00:00
[2026-04-30T08:45:14.038+0000] {processor.py:183} INFO - Processing /opt/airflow/dags/dl_fin_ratio_v2.py took 0.123 seconds
[2026-04-30T08:45:44.222+0000] {processor.py:161} INFO - Started process (PID=644) to work on /opt/airflow/dags/dl_fin_ratio_v2.py
[2026-04-30T08:45:44.223+0000] {processor.py:830} INFO - Processing file /opt/airflow/dags/dl_fin_ratio_v2.py for tasks to queue
[2026-04-30T08:45:44.226+0000] {logging_mixin.py:188} INFO - [2026-04-30T08:45:44.225+0000] {dagbag.py:545} INFO - Filling up the DagBag from /opt/airflow/dags/dl_fin_ratio_v2.py
[2026-04-30T08:45:44.259+0000] {processor.py:840} INFO - DAG(s) 'fin_ratio_v2' retrieved from /opt/airflow/dags/dl_fin_ratio_v2.py
[2026-04-30T08:45:44.275+0000] {logging_mixin.py:188} INFO - [2026-04-30T08:45:44.275+0000] {dag.py:3089} INFO - Sync 1 DAGs
[2026-04-30T08:45:44.296+0000] {logging_mixin.py:188} INFO - [2026-04-30T08:45:44.295+0000] {dag.py:3947} INFO - Setting next_dagrun for fin_ratio_v2 to 2026-04-01 00:00:00+00:00, run_after=2026-05-01 00:00:00+00:00
[2026-04-30T08:45:44.314+0000] {processor.py:183} INFO - Processing /opt/airflow/dags/dl_fin_ratio_v2.py took 0.097 seconds
[2026-04-30T08:46:15.032+0000] {processor.py:161} INFO - Started process (PID=669) to work on /opt/airflow/dags/dl_fin_ratio_v2.py
[2026-04-30T08:46:15.033+0000] {processor.py:830} INFO - Processing file /opt/airflow/dags/dl_fin_ratio_v2.py for tasks to queue
[2026-04-30T08:46:15.036+0000] {logging_mixin.py:188} INFO - [2026-04-30T08:46:15.035+0000] {dagbag.py:545} INFO - Filling up the DagBag from /opt/airflow/dags/dl_fin_ratio_v2.py
[2026-04-30T08:46:15.069+0000] {processor.py:840} INFO - DAG(s) 'fin_ratio_v2' retrieved from /opt/airflow/dags/dl_fin_ratio_v2.py
[2026-04-30T08:46:15.084+0000] {logging_mixin.py:188} INFO - [2026-04-30T08:46:15.083+0000] {dag.py:3089} INFO - Sync 1 DAGs
[2026-04-30T08:46:15.103+0000] {logging_mixin.py:188} INFO - [2026-04-30T08:46:15.103+0000] {dag.py:3947} INFO - Setting next_dagrun for fin_ratio_v2 to 2026-04-01 00:00:00+00:00, run_after=2026-05-01 00:00:00+00:00
[2026-04-30T08:46:15.124+0000] {processor.py:183} INFO - Processing /opt/airflow/dags/dl_fin_ratio_v2.py took 0.097 seconds
[2026-04-30T08:46:45.651+0000] {processor.py:161} INFO - Started process (PID=694) to work on /opt/airflow/dags/dl_fin_ratio_v2.py
[2026-04-30T08:46:45.652+0000] {processor.py:830} INFO - Processing file /opt/airflow/dags/dl_fin_ratio_v2.py for tasks to queue
[2026-04-30T08:46:45.655+0000] {logging_mixin.py:188} INFO - [2026-04-30T08:46:45.654+0000] {dagbag.py:545} INFO - Filling up the DagBag from /opt/airflow/dags/dl_fin_ratio_v2.py
[2026-04-30T08:46:45.688+0000] {processor.py:840} INFO - DAG(s) 'fin_ratio_v2' retrieved from /opt/airflow/dags/dl_fin_ratio_v2.py
[2026-04-30T08:46:45.704+0000] {logging_mixin.py:188} INFO - [2026-04-30T08:46:45.703+0000] {dag.py:3089} INFO - Sync 1 DAGs
[2026-04-30T08:46:45.728+0000] {logging_mixin.py:188} INFO - [2026-04-30T08:46:45.727+0000] {dag.py:3947} INFO - Setting next_dagrun for fin_ratio_v2 to 2026-04-01 00:00:00+00:00, run_after=2026-05-01 00:00:00+00:00
[2026-04-30T08:46:45.748+0000] {processor.py:183} INFO - Processing /opt/airflow/dags/dl_fin_ratio_v2.py took 0.102 seconds
[2026-04-30T08:47:16.323+0000] {processor.py:161} INFO - Started process (PID=719) to work on /opt/airflow/dags/dl_fin_ratio_v2.py
[2026-04-30T08:47:16.323+0000] {processor.py:830} INFO - Processing file /opt/airflow/dags/dl_fin_ratio_v2.py for tasks to queue
[2026-04-30T08:47:16.325+0000] {logging_mixin.py:188} INFO - [2026-04-30T08:47:16.325+0000] {dagbag.py:545} INFO - Filling up the DagBag from /opt/airflow/dags/dl_fin_ratio_v2.py
[2026-04-30T08:47:16.358+0000] {processor.py:840} INFO - DAG(s) 'fin_ratio_v2' retrieved from /opt/airflow/dags/dl_fin_ratio_v2.py
[2026-04-30T08:47:16.374+0000] {logging_mixin.py:188} INFO - [2026-04-30T08:47:16.374+0000] {dag.py:3089} INFO - Sync 1 DAGs
[2026-04-30T08:47:16.398+0000] {logging_mixin.py:188} INFO - [2026-04-30T08:47:16.397+0000] {dag.py:3947} INFO - Setting next_dagrun for fin_ratio_v2 to 2026-04-01 00:00:00+00:00, run_after=2026-05-01 00:00:00+00:00
[2026-04-30T08:47:16.415+0000] {processor.py:183} INFO - Processing /opt/airflow/dags/dl_fin_ratio_v2.py took 0.097 seconds
[2026-04-30T08:47:46.967+0000] {processor.py:161} INFO - Started process (PID=744) to work on /opt/airflow/dags/dl_fin_ratio_v2.py
[2026-04-30T08:47:46.968+0000] {processor.py:830} INFO - Processing file /opt/airflow/dags/dl_fin_ratio_v2.py for tasks to queue
[2026-04-30T08:47:46.971+0000] {logging_mixin.py:188} INFO - [2026-04-30T08:47:46.971+0000] {dagbag.py:545} INFO - Filling up the DagBag from /opt/airflow/dags/dl_fin_ratio_v2.py
[2026-04-30T08:47:47.009+0000] {processor.py:840} INFO - DAG(s) 'fin_ratio_v2' retrieved from /opt/airflow/dags/dl_fin_ratio_v2.py
[2026-04-30T08:47:47.025+0000] {logging_mixin.py:188} INFO - [2026-04-30T08:47:47.025+0000] {dag.py:3089} INFO - Sync 1 DAGs
[2026-04-30T08:47:47.049+0000] {logging_mixin.py:188} INFO - [2026-04-30T08:47:47.049+0000] {dag.py:3947} INFO - Setting next_dagrun for fin_ratio_v2 to 2026-04-01 00:00:00+00:00, run_after=2026-05-01 00:00:00+00:00
[2026-04-30T08:47:47.075+0000] {processor.py:183} INFO - Processing /opt/airflow/dags/dl_fin_ratio_v2.py took 0.114 seconds
[2026-04-30T08:48:17.654+0000] {processor.py:161} INFO - Started process (PID=769) to work on /opt/airflow/dags/dl_fin_ratio_v2.py
[2026-04-30T08:48:17.654+0000] {processor.py:830} INFO - Processing file /opt/airflow/dags/dl_fin_ratio_v2.py for tasks to queue
[2026-04-30T08:48:17.656+0000] {logging_mixin.py:188} INFO - [2026-04-30T08:48:17.656+0000] {dagbag.py:545} INFO - Filling up the DagBag from /opt/airflow/dags/dl_fin_ratio_v2.py
[2026-04-30T08:48:17.688+0000] {processor.py:840} INFO - DAG(s) 'fin_ratio_v2' retrieved from /opt/airflow/dags/dl_fin_ratio_v2.py
[2026-04-30T08:48:17.702+0000] {logging_mixin.py:188} INFO - [2026-04-30T08:48:17.702+0000] {dag.py:3089} INFO - Sync 1 DAGs
[2026-04-30T08:48:17.721+0000] {logging_mixin.py:188} INFO - [2026-04-30T08:48:17.721+0000] {dag.py:3947} INFO - Setting next_dagrun for fin_ratio_v2 to 2026-04-01 00:00:00+00:00, run_after=2026-05-01 00:00:00+00:00
[2026-04-30T08:48:17.738+0000] {processor.py:183} INFO - Processing /opt/airflow/dags/dl_fin_ratio_v2.py took 0.090 seconds
[2026-04-30T08:48:48.317+0000] {processor.py:161} INFO - Started process (PID=794) to work on /opt/airflow/dags/dl_fin_ratio_v2.py
[2026-04-30T08:48:48.318+0000] {processor.py:830} INFO - Processing file /opt/airflow/dags/dl_fin_ratio_v2.py for tasks to queue
[2026-04-30T08:48:48.320+0000] {logging_mixin.py:188} INFO - [2026-04-30T08:48:48.319+0000] {dagbag.py:545} INFO - Filling up the DagBag from /opt/airflow/dags/dl_fin_ratio_v2.py
[2026-04-30T08:48:48.351+0000] {processor.py:840} INFO - DAG(s) 'fin_ratio_v2' retrieved from /opt/airflow/dags/dl_fin_ratio_v2.py
[2026-04-30T08:48:48.368+0000] {logging_mixin.py:188} INFO - [2026-04-30T08:48:48.367+0000] {dag.py:3089} INFO - Sync 1 DAGs
[2026-04-30T08:48:48.385+0000] {logging_mixin.py:188} INFO - [2026-04-30T08:48:48.385+0000] {dag.py:3947} INFO - Setting next_dagrun for fin_ratio_v2 to 2026-04-01 00:00:00+00:00, run_after=2026-05-01 00:00:00+00:00
[2026-04-30T08:48:48.404+0000] {processor.py:183} INFO - Processing /opt/airflow/dags/dl_fin_ratio_v2.py took 0.095 seconds
[2026-04-30T08:49:18.801+0000] {processor.py:161} INFO - Started process (PID=819) to work on /opt/airflow/dags/dl_fin_ratio_v2.py
[2026-04-30T08:49:18.802+0000] {processor.py:830} INFO - Processing file /opt/airflow/dags/dl_fin_ratio_v2.py for tasks to queue
[2026-04-30T08:49:18.804+0000] {logging_mixin.py:188} INFO - [2026-04-30T08:49:18.803+0000] {dagbag.py:545} INFO - Filling up the DagBag from /opt/airflow/dags/dl_fin_ratio_v2.py
[2026-04-30T08:49:18.838+0000] {processor.py:840} INFO - DAG(s) 'fin_ratio_v2' retrieved from /opt/airflow/dags/dl_fin_ratio_v2.py
[2026-04-30T08:49:18.853+0000] {logging_mixin.py:188} INFO - [2026-04-30T08:49:18.853+0000] {dag.py:3089} INFO - Sync 1 DAGs
[2026-04-30T08:49:18.872+0000] {logging_mixin.py:188} INFO - [2026-04-30T08:49:18.871+0000] {dag.py:3947} INFO - Setting next_dagrun for fin_ratio_v2 to 2026-04-01 00:00:00+00:00, run_after=2026-05-01 00:00:00+00:00
[2026-04-30T08:49:18.890+0000] {processor.py:183} INFO - Processing /opt/airflow/dags/dl_fin_ratio_v2.py took 0.094 seconds
[2026-04-30T08:49:49.812+0000] {processor.py:161} INFO - Started process (PID=844) to work on /opt/airflow/dags/dl_fin_ratio_v2.py
[2026-04-30T08:49:49.813+0000] {processor.py:830} INFO - Processing file /opt/airflow/dags/dl_fin_ratio_v2.py for tasks to queue
[2026-04-30T08:49:49.816+0000] {logging_mixin.py:188} INFO - [2026-04-30T08:49:49.815+0000] {dagbag.py:545} INFO - Filling up the DagBag from /opt/airflow/dags/dl_fin_ratio_v2.py
[2026-04-30T08:49:49.854+0000] {processor.py:840} INFO - DAG(s) 'fin_ratio_v2' retrieved from /opt/airflow/dags/dl_fin_ratio_v2.py
[2026-04-30T08:49:49.874+0000] {logging_mixin.py:188} INFO - [2026-04-30T08:49:49.874+0000] {dag.py:3089} INFO - Sync 1 DAGs
[2026-04-30T08:49:49.901+0000] {logging_mixin.py:188} INFO - [2026-04-30T08:49:49.900+0000] {dag.py:3947} INFO - Setting next_dagrun for fin_ratio_v2 to 2026-04-01 00:00:00+00:00, run_after=2026-05-01 00:00:00+00:00
[2026-04-30T08:49:49.922+0000] {processor.py:183} INFO - Processing /opt/airflow/dags/dl_fin_ratio_v2.py took 0.117 seconds
[2026-04-30T08:50:20.601+0000] {processor.py:161} INFO - Started process (PID=869) to work on /opt/airflow/dags/dl_fin_ratio_v2.py
[2026-04-30T08:50:20.602+0000] {processor.py:830} INFO - Processing file /opt/airflow/dags/dl_fin_ratio_v2.py for tasks to queue
[2026-04-30T08:50:20.604+0000] {logging_mixin.py:188} INFO - [2026-04-30T08:50:20.604+0000] {dagbag.py:545} INFO - Filling up the DagBag from /opt/airflow/dags/dl_fin_ratio_v2.py
[2026-04-30T08:50:20.641+0000] {processor.py:840} INFO - DAG(s) 'fin_ratio_v2' retrieved from /opt/airflow/dags/dl_fin_ratio_v2.py
[2026-04-30T08:50:20.657+0000] {logging_mixin.py:188} INFO - [2026-04-30T08:50:20.657+0000] {dag.py:3089} INFO - Sync 1 DAGs
[2026-04-30T08:50:20.677+0000] {logging_mixin.py:188} INFO - [2026-04-30T08:50:20.677+0000] {dag.py:3947} INFO - Setting next_dagrun for fin_ratio_v2 to 2026-04-01 00:00:00+00:00, run_after=2026-05-01 00:00:00+00:00
[2026-04-30T08:50:20.695+0000] {processor.py:183} INFO - Processing /opt/airflow/dags/dl_fin_ratio_v2.py took 0.100 seconds
[2026-04-30T08:50:51.157+0000] {processor.py:161} INFO - Started process (PID=894) to work on /opt/airflow/dags/dl_fin_ratio_v2.py
[2026-04-30T08:50:51.158+0000] {processor.py:830} INFO - Processing file /opt/airflow/dags/dl_fin_ratio_v2.py for tasks to queue
[2026-04-30T08:50:51.160+0000] {logging_mixin.py:188} INFO - [2026-04-30T08:50:51.160+0000] {dagbag.py:545} INFO - Filling up the DagBag from /opt/airflow/dags/dl_fin_ratio_v2.py
[2026-04-30T08:50:51.196+0000] {processor.py:840} INFO - DAG(s) 'fin_ratio_v2' retrieved from /opt/airflow/dags/dl_fin_ratio_v2.py
[2026-04-30T08:50:51.212+0000] {logging_mixin.py:188} INFO - [2026-04-30T08:50:51.212+0000] {dag.py:3089} INFO - Sync 1 DAGs
[2026-04-30T08:50:51.233+0000] {logging_mixin.py:188} INFO - [2026-04-30T08:50:51.233+0000] {dag.py:3947} INFO - Setting next_dagrun for fin_ratio_v2 to 2026-04-01 00:00:00+00:00, run_after=2026-05-01 00:00:00+00:00
[2026-04-30T08:50:51.249+0000] {processor.py:183} INFO - Processing /opt/airflow/dags/dl_fin_ratio_v2.py took 0.097 seconds
[2026-04-30T08:51:21.765+0000] {processor.py:161} INFO - Started process (PID=919) to work on /opt/airflow/dags/dl_fin_ratio_v2.py
[2026-04-30T08:51:21.766+0000] {processor.py:830} INFO - Processing file /opt/airflow/dags/dl_fin_ratio_v2.py for tasks to queue
[2026-04-30T08:51:21.768+0000] {logging_mixin.py:188} INFO - [2026-04-30T08:51:21.768+0000] {dagbag.py:545} INFO - Filling up the DagBag from /opt/airflow/dags/dl_fin_ratio_v2.py
[2026-04-30T08:51:21.804+0000] {processor.py:840} INFO - DAG(s) 'fin_ratio_v2' retrieved from /opt/airflow/dags/dl_fin_ratio_v2.py
[2026-04-30T08:51:21.818+0000] {logging_mixin.py:188} INFO - [2026-04-30T08:51:21.818+0000] {dag.py:3089} INFO - Sync 1 DAGs
[2026-04-30T08:51:21.840+0000] {logging_mixin.py:188} INFO - [2026-04-30T08:51:21.839+0000] {dag.py:3947} INFO - Setting next_dagrun for fin_ratio_v2 to 2026-04-01 00:00:00+00:00, run_after=2026-05-01 00:00:00+00:00
[2026-04-30T08:51:21.857+0000] {processor.py:183} INFO - Processing /opt/airflow/dags/dl_fin_ratio_v2.py took 0.099 seconds
[2026-04-30T08:51:52.358+0000] {processor.py:161} INFO - Started process (PID=944) to work on /opt/airflow/dags/dl_fin_ratio_v2.py
[2026-04-30T08:51:52.359+0000] {processor.py:830} INFO - Processing file /opt/airflow/dags/dl_fin_ratio_v2.py for tasks to queue
[2026-04-30T08:51:52.361+0000] {logging_mixin.py:188} INFO - [2026-04-30T08:51:52.361+0000] {dagbag.py:545} INFO - Filling up the DagBag from /opt/airflow/dags/dl_fin_ratio_v2.py
[2026-04-30T08:51:52.392+0000] {processor.py:840} INFO - DAG(s) 'fin_ratio_v2' retrieved from /opt/airflow/dags/dl_fin_ratio_v2.py
[2026-04-30T08:51:52.407+0000] {logging_mixin.py:188} INFO - [2026-04-30T08:51:52.406+0000] {dag.py:3089} INFO - Sync 1 DAGs
[2026-04-30T08:51:52.427+0000] {logging_mixin.py:188} INFO - [2026-04-30T08:51:52.427+0000] {dag.py:3947} INFO - Setting next_dagrun for fin_ratio_v2 to 2026-04-01 00:00:00+00:00, run_after=2026-05-01 00:00:00+00:00
[2026-04-30T08:51:52.444+0000] {processor.py:183} INFO - Processing /opt/airflow/dags/dl_fin_ratio_v2.py took 0.090 seconds
[2026-04-30T08:52:22.903+0000] {processor.py:161} INFO - Started process (PID=969) to work on /opt/airflow/dags/dl_fin_ratio_v2.py
[2026-04-30T08:52:22.904+0000] {processor.py:830} INFO - Processing file /opt/airflow/dags/dl_fin_ratio_v2.py for tasks to queue
[2026-04-30T08:52:22.907+0000] {logging_mixin.py:188} INFO - [2026-04-30T08:52:22.906+0000] {dagbag.py:545} INFO - Filling up the DagBag from /opt/airflow/dags/dl_fin_ratio_v2.py
[2026-04-30T08:52:22.940+0000] {processor.py:840} INFO - DAG(s) 'fin_ratio_v2' retrieved from /opt/airflow/dags/dl_fin_ratio_v2.py
[2026-04-30T08:52:22.954+0000] {logging_mixin.py:188} INFO - [2026-04-30T08:52:22.953+0000] {dag.py:3089} INFO - Sync 1 DAGs
[2026-04-30T08:52:22.976+0000] {logging_mixin.py:188} INFO - [2026-04-30T08:52:22.976+0000] {dag.py:3947} INFO - Setting next_dagrun for fin_ratio_v2 to 2026-04-01 00:00:00+00:00, run_after=2026-05-01 00:00:00+00:00
[2026-04-30T08:52:22.994+0000] {processor.py:183} INFO - Processing /opt/airflow/dags/dl_fin_ratio_v2.py took 0.096 seconds
[2026-04-30T08:52:53.545+0000] {processor.py:161} INFO - Started process (PID=994) to work on /opt/airflow/dags/dl_fin_ratio_v2.py
[2026-04-30T08:52:53.546+0000] {processor.py:830} INFO - Processing file /opt/airflow/dags/dl_fin_ratio_v2.py for tasks to queue
[2026-04-30T08:52:53.548+0000] {logging_mixin.py:188} INFO - [2026-04-30T08:52:53.548+0000] {dagbag.py:545} INFO - Filling up the DagBag from /opt/airflow/dags/dl_fin_ratio_v2.py
[2026-04-30T08:52:53.581+0000] {processor.py:840} INFO - DAG(s) 'fin_ratio_v2' retrieved from /opt/airflow/dags/dl_fin_ratio_v2.py
[2026-04-30T08:52:53.598+0000] {logging_mixin.py:188} INFO - [2026-04-30T08:52:53.597+0000] {dag.py:3089} INFO - Sync 1 DAGs
[2026-04-30T08:52:53.619+0000] {logging_mixin.py:188} INFO - [2026-04-30T08:52:53.619+0000] {dag.py:3947} INFO - Setting next_dagrun for fin_ratio_v2 to 2026-04-01 00:00:00+00:00, run_after=2026-05-01 00:00:00+00:00
[2026-04-30T08:52:53.637+0000] {processor.py:183} INFO - Processing /opt/airflow/dags/dl_fin_ratio_v2.py took 0.097 seconds
[2026-04-30T08:53:24.167+0000] {processor.py:161} INFO - Started process (PID=1019) to work on /opt/airflow/dags/dl_fin_ratio_v2.py
[2026-04-30T08:53:24.168+0000] {processor.py:830} INFO - Processing file /opt/airflow/dags/dl_fin_ratio_v2.py for tasks to queue
[2026-04-30T08:53:24.173+0000] {logging_mixin.py:188} INFO - [2026-04-30T08:53:24.172+0000] {dagbag.py:545} INFO - Filling up the DagBag from /opt/airflow/dags/dl_fin_ratio_v2.py
[2026-04-30T08:53:24.227+0000] {processor.py:840} INFO - DAG(s) 'fin_ratio_v2' retrieved from /opt/airflow/dags/dl_fin_ratio_v2.py
[2026-04-30T08:53:24.246+0000] {logging_mixin.py:188} INFO - [2026-04-30T08:53:24.245+0000] {dag.py:3089} INFO - Sync 1 DAGs
[2026-04-30T08:53:24.269+0000] {logging_mixin.py:188} INFO - [2026-04-30T08:53:24.269+0000] {dag.py:3947} INFO - Setting next_dagrun for fin_ratio_v2 to 2026-04-01 00:00:00+00:00, run_after=2026-05-01 00:00:00+00:00
[2026-04-30T08:53:24.287+0000] {processor.py:183} INFO - Processing /opt/airflow/dags/dl_fin_ratio_v2.py took 0.130 seconds
[2026-04-30T08:53:54.838+0000] {processor.py:161} INFO - Started process (PID=1044) to work on /opt/airflow/dags/dl_fin_ratio_v2.py
[2026-04-30T08:53:54.839+0000] {processor.py:830} INFO - Processing file /opt/airflow/dags/dl_fin_ratio_v2.py for tasks to queue
[2026-04-30T08:53:54.841+0000] {logging_mixin.py:188} INFO - [2026-04-30T08:53:54.841+0000] {dagbag.py:545} INFO - Filling up the DagBag from /opt/airflow/dags/dl_fin_ratio_v2.py
[2026-04-30T08:53:54.874+0000] {processor.py:840} INFO - DAG(s) 'fin_ratio_v2' retrieved from /opt/airflow/dags/dl_fin_ratio_v2.py
[2026-04-30T08:53:54.888+0000] {logging_mixin.py:188} INFO - [2026-04-30T08:53:54.888+0000] {dag.py:3089} INFO - Sync 1 DAGs
[2026-04-30T08:53:54.913+0000] {logging_mixin.py:188} INFO - [2026-04-30T08:53:54.913+0000] {dag.py:3947} INFO - Setting next_dagrun for fin_ratio_v2 to 2026-04-01 00:00:00+00:00, run_after=2026-05-01 00:00:00+00:00
[2026-04-30T08:53:54.931+0000] {processor.py:183} INFO - Processing /opt/airflow/dags/dl_fin_ratio_v2.py took 0.099 seconds
[2026-04-30T08:54:25.756+0000] {processor.py:161} INFO - Started process (PID=1069) to work on /opt/airflow/dags/dl_fin_ratio_v2.py
[2026-04-30T08:54:25.757+0000] {processor.py:830} INFO - Processing file /opt/airflow/dags/dl_fin_ratio_v2.py for tasks to queue
[2026-04-30T08:54:25.759+0000] {logging_mixin.py:188} INFO - [2026-04-30T08:54:25.759+0000] {dagbag.py:545} INFO - Filling up the DagBag from /opt/airflow/dags/dl_fin_ratio_v2.py
[2026-04-30T08:54:25.793+0000] {processor.py:840} INFO - DAG(s) 'fin_ratio_v2' retrieved from /opt/airflow/dags/dl_fin_ratio_v2.py
[2026-04-30T08:54:25.808+0000] {logging_mixin.py:188} INFO - [2026-04-30T08:54:25.808+0000] {dag.py:3089} INFO - Sync 1 DAGs
[2026-04-30T08:54:25.829+0000] {logging_mixin.py:188} INFO - [2026-04-30T08:54:25.829+0000] {dag.py:3947} INFO - Setting next_dagrun for fin_ratio_v2 to 2026-04-01 00:00:00+00:00, run_after=2026-05-01 00:00:00+00:00
[2026-04-30T08:54:25.847+0000] {processor.py:183} INFO - Processing /opt/airflow/dags/dl_fin_ratio_v2.py took 0.096 seconds
[2026-04-30T08:54:56.354+0000] {processor.py:161} INFO - Started process (PID=1094) to work on /opt/airflow/dags/dl_fin_ratio_v2.py
[2026-04-30T08:54:56.355+0000] {processor.py:830} INFO - Processing file /opt/airflow/dags/dl_fin_ratio_v2.py for tasks to queue
[2026-04-30T08:54:56.357+0000] {logging_mixin.py:188} INFO - [2026-04-30T08:54:56.357+0000] {dagbag.py:545} INFO - Filling up the DagBag from /opt/airflow/dags/dl_fin_ratio_v2.py
[2026-04-30T08:54:56.388+0000] {processor.py:840} INFO - DAG(s) 'fin_ratio_v2' retrieved from /opt/airflow/dags/dl_fin_ratio_v2.py
[2026-04-30T08:54:56.403+0000] {logging_mixin.py:188} INFO - [2026-04-30T08:54:56.402+0000] {dag.py:3089} INFO - Sync 1 DAGs
[2026-04-30T08:54:56.423+0000] {logging_mixin.py:188} INFO - [2026-04-30T08:54:56.423+0000] {dag.py:3947} INFO - Setting next_dagrun for fin_ratio_v2 to 2026-04-01 00:00:00+00:00, run_after=2026-05-01 00:00:00+00:00
[2026-04-30T08:54:56.440+0000] {processor.py:183} INFO - Processing /opt/airflow/dags/dl_fin_ratio_v2.py took 0.091 seconds
[2026-04-30T08:55:26.915+0000] {processor.py:161} INFO - Started process (PID=1119) to work on /opt/airflow/dags/dl_fin_ratio_v2.py
[2026-04-30T08:55:26.916+0000] {processor.py:830} INFO - Processing file /opt/airflow/dags/dl_fin_ratio_v2.py for tasks to queue
[2026-04-30T08:55:26.919+0000] {logging_mixin.py:188} INFO - [2026-04-30T08:55:26.918+0000] {dagbag.py:545} INFO - Filling up the DagBag from /opt/airflow/dags/dl_fin_ratio_v2.py
[2026-04-30T08:55:26.955+0000] {processor.py:840} INFO - DAG(s) 'fin_ratio_v2' retrieved from /opt/airflow/dags/dl_fin_ratio_v2.py
[2026-04-30T08:55:26.971+0000] {logging_mixin.py:188} INFO - [2026-04-30T08:55:26.971+0000] {dag.py:3089} INFO - Sync 1 DAGs
[2026-04-30T08:55:26.993+0000] {logging_mixin.py:188} INFO - [2026-04-30T08:55:26.993+0000] {dag.py:3947} INFO - Setting next_dagrun for fin_ratio_v2 to 2026-04-01 00:00:00+00:00, run_after=2026-05-01 00:00:00+00:00
[2026-04-30T08:55:27.010+0000] {processor.py:183} INFO - Processing /opt/airflow/dags/dl_fin_ratio_v2.py took 0.101 seconds
[2026-04-30T08:55:57.463+0000] {processor.py:161} INFO - Started process (PID=1144) to work on /opt/airflow/dags/dl_fin_ratio_v2.py
[2026-04-30T08:55:57.464+0000] {processor.py:830} INFO - Processing file /opt/airflow/dags/dl_fin_ratio_v2.py for tasks to queue
[2026-04-30T08:55:57.466+0000] {logging_mixin.py:188} INFO - [2026-04-30T08:55:57.466+0000] {dagbag.py:545} INFO - Filling up the DagBag from /opt/airflow/dags/dl_fin_ratio_v2.py
[2026-04-30T08:55:57.497+0000] {processor.py:840} INFO - DAG(s) 'fin_ratio_v2' retrieved from /opt/airflow/dags/dl_fin_ratio_v2.py
[2026-04-30T08:55:57.511+0000] {logging_mixin.py:188} INFO - [2026-04-30T08:55:57.511+0000] {dag.py:3089} INFO - Sync 1 DAGs
[2026-04-30T08:55:57.533+0000] {logging_mixin.py:188} INFO - [2026-04-30T08:55:57.533+0000] {dag.py:3947} INFO - Setting next_dagrun for fin_ratio_v2 to 2026-04-01 00:00:00+00:00, run_after=2026-05-01 00:00:00+00:00
[2026-04-30T08:55:57.550+0000] {processor.py:183} INFO - Processing /opt/airflow/dags/dl_fin_ratio_v2.py took 0.092 seconds
[2026-04-30T08:56:28.133+0000] {processor.py:161} INFO - Started process (PID=1169) to work on /opt/airflow/dags/dl_fin_ratio_v2.py
[2026-04-30T08:56:28.134+0000] {processor.py:830} INFO - Processing file /opt/airflow/dags/dl_fin_ratio_v2.py for tasks to queue
[2026-04-30T08:56:28.136+0000] {logging_mixin.py:188} INFO - [2026-04-30T08:56:28.135+0000] {dagbag.py:545} INFO - Filling up the DagBag from /opt/airflow/dags/dl_fin_ratio_v2.py
[2026-04-30T08:56:28.169+0000] {processor.py:840} INFO - DAG(s) 'fin_ratio_v2' retrieved from /opt/airflow/dags/dl_fin_ratio_v2.py
[2026-04-30T08:56:28.184+0000] {logging_mixin.py:188} INFO - [2026-04-30T08:56:28.184+0000] {dag.py:3089} INFO - Sync 1 DAGs
[2026-04-30T08:56:28.206+0000] {logging_mixin.py:188} INFO - [2026-04-30T08:56:28.206+0000] {dag.py:3947} INFO - Setting next_dagrun for fin_ratio_v2 to 2026-04-01 00:00:00+00:00, run_after=2026-05-01 00:00:00+00:00
[2026-04-30T08:56:28.224+0000] {processor.py:183} INFO - Processing /opt/airflow/dags/dl_fin_ratio_v2.py took 0.096 seconds
[2026-04-30T08:56:58.890+0000] {processor.py:161} INFO - Started process (PID=1200) to work on /opt/airflow/dags/dl_fin_ratio_v2.py
[2026-04-30T08:56:58.891+0000] {processor.py:830} INFO - Processing file /opt/airflow/dags/dl_fin_ratio_v2.py for tasks to queue
[2026-04-30T08:56:58.895+0000] {logging_mixin.py:188} INFO - [2026-04-30T08:56:58.895+0000] {dagbag.py:545} INFO - Filling up the DagBag from /opt/airflow/dags/dl_fin_ratio_v2.py
[2026-04-30T08:56:58.938+0000] {processor.py:840} INFO - DAG(s) 'fin_ratio_v2' retrieved from /opt/airflow/dags/dl_fin_ratio_v2.py
[2026-04-30T08:56:58.959+0000] {logging_mixin.py:188} INFO - [2026-04-30T08:56:58.958+0000] {dag.py:3089} INFO - Sync 1 DAGs
[2026-04-30T08:56:58.990+0000] {logging_mixin.py:188} INFO - [2026-04-30T08:56:58.989+0000] {dag.py:3947} INFO - Setting next_dagrun for fin_ratio_v2 to 2026-04-01 00:00:00+00:00, run_after=2026-05-01 00:00:00+00:00
[2026-04-30T08:56:59.014+0000] {processor.py:183} INFO - Processing /opt/airflow/dags/dl_fin_ratio_v2.py took 0.131 seconds
[2026-04-30T08:57:29.321+0000] {processor.py:161} INFO - Started process (PID=1225) to work on /opt/airflow/dags/dl_fin_ratio_v2.py
[2026-04-30T08:57:29.322+0000] {processor.py:830} INFO - Processing file /opt/airflow/dags/dl_fin_ratio_v2.py for tasks to queue
[2026-04-30T08:57:29.324+0000] {logging_mixin.py:188} INFO - [2026-04-30T08:57:29.323+0000] {dagbag.py:545} INFO - Filling up the DagBag from /opt/airflow/dags/dl_fin_ratio_v2.py
[2026-04-30T08:57:29.356+0000] {processor.py:840} INFO - DAG(s) 'fin_ratio_v2' retrieved from /opt/airflow/dags/dl_fin_ratio_v2.py
[2026-04-30T08:57:29.369+0000] {logging_mixin.py:188} INFO - [2026-04-30T08:57:29.369+0000] {dag.py:3089} INFO - Sync 1 DAGs
[2026-04-30T08:57:29.389+0000] {logging_mixin.py:188} INFO - [2026-04-30T08:57:29.388+0000] {dag.py:3947} INFO - Setting next_dagrun for fin_ratio_v2 to 2026-04-01 00:00:00+00:00, run_after=2026-05-01 00:00:00+00:00
[2026-04-30T08:57:29.406+0000] {processor.py:183} INFO - Processing /opt/airflow/dags/dl_fin_ratio_v2.py took 0.090 seconds
[2026-04-30T08:57:59.979+0000] {processor.py:161} INFO - Started process (PID=1250) to work on /opt/airflow/dags/dl_fin_ratio_v2.py
[2026-04-30T08:57:59.980+0000] {processor.py:830} INFO - Processing file /opt/airflow/dags/dl_fin_ratio_v2.py for tasks to queue
[2026-04-30T08:57:59.982+0000] {logging_mixin.py:188} INFO - [2026-04-30T08:57:59.982+0000] {dagbag.py:545} INFO - Filling up the DagBag from /opt/airflow/dags/dl_fin_ratio_v2.py
[2026-04-30T08:58:00.012+0000] {processor.py:840} INFO - DAG(s) 'fin_ratio_v2' retrieved from /opt/airflow/dags/dl_fin_ratio_v2.py
[2026-04-30T08:58:00.027+0000] {logging_mixin.py:188} INFO - [2026-04-30T08:58:00.027+0000] {dag.py:3089} INFO - Sync 1 DAGs
[2026-04-30T08:58:00.046+0000] {logging_mixin.py:188} INFO - [2026-04-30T08:58:00.045+0000] {dag.py:3947} INFO - Setting next_dagrun for fin_ratio_v2 to 2026-04-01 00:00:00+00:00, run_after=2026-05-01 00:00:00+00:00
[2026-04-30T08:58:00.064+0000] {processor.py:183} INFO - Processing /opt/airflow/dags/dl_fin_ratio_v2.py took 0.090 seconds
[2026-04-30T08:58:30.589+0000] {processor.py:161} INFO - Started process (PID=1275) to work on /opt/airflow/dags/dl_fin_ratio_v2.py
[2026-04-30T08:58:30.589+0000] {processor.py:830} INFO - Processing file /opt/airflow/dags/dl_fin_ratio_v2.py for tasks to queue
[2026-04-30T08:58:30.591+0000] {logging_mixin.py:188} INFO - [2026-04-30T08:58:30.591+0000] {dagbag.py:545} INFO - Filling up the DagBag from /opt/airflow/dags/dl_fin_ratio_v2.py
[2026-04-30T08:58:30.622+0000] {processor.py:840} INFO - DAG(s) 'fin_ratio_v2' retrieved from /opt/airflow/dags/dl_fin_ratio_v2.py
[2026-04-30T08:58:30.636+0000] {logging_mixin.py:188} INFO - [2026-04-30T08:58:30.636+0000] {dag.py:3089} INFO - Sync 1 DAGs
[2026-04-30T08:58:30.655+0000] {logging_mixin.py:188} INFO - [2026-04-30T08:58:30.655+0000] {dag.py:3947} INFO - Setting next_dagrun for fin_ratio_v2 to 2026-04-01 00:00:00+00:00, run_after=2026-05-01 00:00:00+00:00
[2026-04-30T08:58:30.672+0000] {processor.py:183} INFO - Processing /opt/airflow/dags/dl_fin_ratio_v2.py took 0.089 seconds
[2026-04-30T08:59:01.432+0000] {processor.py:161} INFO - Started process (PID=1300) to work on /opt/airflow/dags/dl_fin_ratio_v2.py
[2026-04-30T08:59:01.433+0000] {processor.py:830} INFO - Processing file /opt/airflow/dags/dl_fin_ratio_v2.py for tasks to queue
[2026-04-30T08:59:01.436+0000] {logging_mixin.py:188} INFO - [2026-04-30T08:59:01.436+0000] {dagbag.py:545} INFO - Filling up the DagBag from /opt/airflow/dags/dl_fin_ratio_v2.py
[2026-04-30T08:59:01.476+0000] {processor.py:840} INFO - DAG(s) 'fin_ratio_v2' retrieved from /opt/airflow/dags/dl_fin_ratio_v2.py
[2026-04-30T08:59:01.492+0000] {logging_mixin.py:188} INFO - [2026-04-30T08:59:01.491+0000] {dag.py:3089} INFO - Sync 1 DAGs
[2026-04-30T08:59:01.519+0000] {logging_mixin.py:188} INFO - [2026-04-30T08:59:01.518+0000] {dag.py:3947} INFO - Setting next_dagrun for fin_ratio_v2 to 2026-04-01 00:00:00+00:00, run_after=2026-05-01 00:00:00+00:00
[2026-04-30T08:59:01.536+0000] {processor.py:183} INFO - Processing /opt/airflow/dags/dl_fin_ratio_v2.py took 0.110 seconds
[2026-04-30T08:59:32.125+0000] {processor.py:161} INFO - Started process (PID=1325) to work on /opt/airflow/dags/dl_fin_ratio_v2.py
[2026-04-30T08:59:32.126+0000] {processor.py:830} INFO - Processing file /opt/airflow/dags/dl_fin_ratio_v2.py for tasks to queue
[2026-04-30T08:59:32.128+0000] {logging_mixin.py:188} INFO - [2026-04-30T08:59:32.128+0000] {dagbag.py:545} INFO - Filling up the DagBag from /opt/airflow/dags/dl_fin_ratio_v2.py
[2026-04-30T08:59:32.160+0000] {processor.py:840} INFO - DAG(s) 'fin_ratio_v2' retrieved from /opt/airflow/dags/dl_fin_ratio_v2.py
[2026-04-30T08:59:32.174+0000] {logging_mixin.py:188} INFO - [2026-04-30T08:59:32.174+0000] {dag.py:3089} INFO - Sync 1 DAGs
[2026-04-30T08:59:32.193+0000] {logging_mixin.py:188} INFO - [2026-04-30T08:59:32.193+0000] {dag.py:3947} INFO - Setting next_dagrun for fin_ratio_v2 to 2026-04-01 00:00:00+00:00, run_after=2026-05-01 00:00:00+00:00
[2026-04-30T08:59:32.211+0000] {processor.py:183} INFO - Processing /opt/airflow/dags/dl_fin_ratio_v2.py took 0.092 seconds
[2026-04-30T09:00:02.649+0000] {processor.py:161} INFO - Started process (PID=1350) to work on /opt/airflow/dags/dl_fin_ratio_v2.py
[2026-04-30T09:00:02.649+0000] {processor.py:830} INFO - Processing file /opt/airflow/dags/dl_fin_ratio_v2.py for tasks to queue
[2026-04-30T09:00:02.652+0000] {logging_mixin.py:188} INFO - [2026-04-30T09:00:02.652+0000] {dagbag.py:545} INFO - Filling up the DagBag from /opt/airflow/dags/dl_fin_ratio_v2.py
[2026-04-30T09:00:02.701+0000] {processor.py:840} INFO - DAG(s) 'fin_ratio_v2' retrieved from /opt/airflow/dags/dl_fin_ratio_v2.py
[2026-04-30T09:00:02.724+0000] {logging_mixin.py:188} INFO - [2026-04-30T09:00:02.723+0000] {dag.py:3089} INFO - Sync 1 DAGs
[2026-04-30T09:00:02.748+0000] {logging_mixin.py:188} INFO - [2026-04-30T09:00:02.748+0000] {dag.py:3947} INFO - Setting next_dagrun for fin_ratio_v2 to 2026-04-01 00:00:00+00:00, run_after=2026-05-01 00:00:00+00:00
[2026-04-30T09:00:02.770+0000] {processor.py:183} INFO - Processing /opt/airflow/dags/dl_fin_ratio_v2.py took 0.128 seconds
[2026-04-30T09:00:33.392+0000] {processor.py:161} INFO - Started process (PID=1375) to work on /opt/airflow/dags/dl_fin_ratio_v2.py
[2026-04-30T09:00:33.393+0000] {processor.py:830} INFO - Processing file /opt/airflow/dags/dl_fin_ratio_v2.py for tasks to queue
[2026-04-30T09:00:33.395+0000] {logging_mixin.py:188} INFO - [2026-04-30T09:00:33.395+0000] {dagbag.py:545} INFO - Filling up the DagBag from /opt/airflow/dags/dl_fin_ratio_v2.py
[2026-04-30T09:00:33.428+0000] {processor.py:840} INFO - DAG(s) 'fin_ratio_v2' retrieved from /opt/airflow/dags/dl_fin_ratio_v2.py
[2026-04-30T09:00:33.444+0000] {logging_mixin.py:188} INFO - [2026-04-30T09:00:33.444+0000] {dag.py:3089} INFO - Sync 1 DAGs
[2026-04-30T09:00:33.464+0000] {logging_mixin.py:188} INFO - [2026-04-30T09:00:33.464+0000] {dag.py:3947} INFO - Setting next_dagrun for fin_ratio_v2 to 2026-04-01 00:00:00+00:00, run_after=2026-05-01 00:00:00+00:00
[2026-04-30T09:00:33.481+0000] {processor.py:183} INFO - Processing /opt/airflow/dags/dl_fin_ratio_v2.py took 0.095 seconds
[2026-04-30T09:01:04.037+0000] {processor.py:161} INFO - Started process (PID=1400) to work on /opt/airflow/dags/dl_fin_ratio_v2.py
[2026-04-30T09:01:04.038+0000] {processor.py:830} INFO - Processing file /opt/airflow/dags/dl_fin_ratio_v2.py for tasks to queue
[2026-04-30T09:01:04.040+0000] {logging_mixin.py:188} INFO - [2026-04-30T09:01:04.040+0000] {dagbag.py:545} INFO - Filling up the DagBag from /opt/airflow/dags/dl_fin_ratio_v2.py
[2026-04-30T09:01:04.072+0000] {processor.py:840} INFO - DAG(s) 'fin_ratio_v2' retrieved from /opt/airflow/dags/dl_fin_ratio_v2.py
[2026-04-30T09:01:04.085+0000] {logging_mixin.py:188} INFO - [2026-04-30T09:01:04.085+0000] {dag.py:3089} INFO - Sync 1 DAGs
[2026-04-30T09:01:04.107+0000] {logging_mixin.py:188} INFO - [2026-04-30T09:01:04.107+0000] {dag.py:3947} INFO - Setting next_dagrun for fin_ratio_v2 to 2026-04-01 00:00:00+00:00, run_after=2026-05-01 00:00:00+00:00
[2026-04-30T09:01:04.124+0000] {processor.py:183} INFO - Processing /opt/airflow/dags/dl_fin_ratio_v2.py took 0.092 seconds
[2026-04-30T09:01:34.754+0000] {processor.py:161} INFO - Started process (PID=1425) to work on /opt/airflow/dags/dl_fin_ratio_v2.py
[2026-04-30T09:01:34.755+0000] {processor.py:830} INFO - Processing file /opt/airflow/dags/dl_fin_ratio_v2.py for tasks to queue
[2026-04-30T09:01:34.757+0000] {logging_mixin.py:188} INFO - [2026-04-30T09:01:34.757+0000] {dagbag.py:545} INFO - Filling up the DagBag from /opt/airflow/dags/dl_fin_ratio_v2.py
[2026-04-30T09:01:34.789+0000] {processor.py:840} INFO - DAG(s) 'fin_ratio_v2' retrieved from /opt/airflow/dags/dl_fin_ratio_v2.py
[2026-04-30T09:01:34.804+0000] {logging_mixin.py:188} INFO - [2026-04-30T09:01:34.804+0000] {dag.py:3089} INFO - Sync 1 DAGs
[2026-04-30T09:01:34.824+0000] {logging_mixin.py:188} INFO - [2026-04-30T09:01:34.824+0000] {dag.py:3947} INFO - Setting next_dagrun for fin_ratio_v2 to 2026-04-01 00:00:00+00:00, run_after=2026-05-01 00:00:00+00:00
[2026-04-30T09:01:34.842+0000] {processor.py:183} INFO - Processing /opt/airflow/dags/dl_fin_ratio_v2.py took 0.093 seconds
[2026-04-30T09:02:05.414+0000] {processor.py:161} INFO - Started process (PID=1450) to work on /opt/airflow/dags/dl_fin_ratio_v2.py
[2026-04-30T09:02:05.415+0000] {processor.py:830} INFO - Processing file /opt/airflow/dags/dl_fin_ratio_v2.py for tasks to queue
[2026-04-30T09:02:05.417+0000] {logging_mixin.py:188} INFO - [2026-04-30T09:02:05.416+0000] {dagbag.py:545} INFO - Filling up the DagBag from /opt/airflow/dags/dl_fin_ratio_v2.py
[2026-04-30T09:02:05.449+0000] {processor.py:840} INFO - DAG(s) 'fin_ratio_v2' retrieved from /opt/airflow/dags/dl_fin_ratio_v2.py
[2026-04-30T09:02:05.463+0000] {logging_mixin.py:188} INFO - [2026-04-30T09:02:05.463+0000] {dag.py:3089} INFO - Sync 1 DAGs
[2026-04-30T09:02:05.483+0000] {logging_mixin.py:188} INFO - [2026-04-30T09:02:05.483+0000] {dag.py:3947} INFO - Setting next_dagrun for fin_ratio_v2 to 2026-04-01 00:00:00+00:00, run_after=2026-05-01 00:00:00+00:00
[2026-04-30T09:02:05.499+0000] {processor.py:183} INFO - Processing /opt/airflow/dags/dl_fin_ratio_v2.py took 0.090 seconds
[2026-04-30T09:02:36.002+0000] {processor.py:161} INFO - Started process (PID=1475) to work on /opt/airflow/dags/dl_fin_ratio_v2.py
[2026-04-30T09:02:36.003+0000] {processor.py:830} INFO - Processing file /opt/airflow/dags/dl_fin_ratio_v2.py for tasks to queue
[2026-04-30T09:02:36.006+0000] {logging_mixin.py:188} INFO - [2026-04-30T09:02:36.005+0000] {dagbag.py:545} INFO - Filling up the DagBag from /opt/airflow/dags/dl_fin_ratio_v2.py
[2026-04-30T09:02:36.037+0000] {processor.py:840} INFO - DAG(s) 'fin_ratio_v2' retrieved from /opt/airflow/dags/dl_fin_ratio_v2.py
[2026-04-30T09:02:36.051+0000] {logging_mixin.py:188} INFO - [2026-04-30T09:02:36.051+0000] {dag.py:3089} INFO - Sync 1 DAGs
[2026-04-30T09:02:36.070+0000] {logging_mixin.py:188} INFO - [2026-04-30T09:02:36.070+0000] {dag.py:3947} INFO - Setting next_dagrun for fin_ratio_v2 to 2026-04-01 00:00:00+00:00, run_after=2026-05-01 00:00:00+00:00
[2026-04-30T09:02:36.089+0000] {processor.py:183} INFO - Processing /opt/airflow/dags/dl_fin_ratio_v2.py took 0.092 seconds
[2026-04-30T09:03:06.438+0000] {processor.py:161} INFO - Started process (PID=1500) to work on /opt/airflow/dags/dl_fin_ratio_v2.py
[2026-04-30T09:03:06.439+0000] {processor.py:830} INFO - Processing file /opt/airflow/dags/dl_fin_ratio_v2.py for tasks to queue
[2026-04-30T09:03:06.442+0000] {logging_mixin.py:188} INFO - [2026-04-30T09:03:06.441+0000] {dagbag.py:545} INFO - Filling up the DagBag from /opt/airflow/dags/dl_fin_ratio_v2.py
[2026-04-30T09:03:06.474+0000] {processor.py:840} INFO - DAG(s) 'fin_ratio_v2' retrieved from /opt/airflow/dags/dl_fin_ratio_v2.py
[2026-04-30T09:03:06.488+0000] {logging_mixin.py:188} INFO - [2026-04-30T09:03:06.488+0000] {dag.py:3089} INFO - Sync 1 DAGs
[2026-04-30T09:03:06.507+0000] {logging_mixin.py:188} INFO - [2026-04-30T09:03:06.507+0000] {dag.py:3947} INFO - Setting next_dagrun for fin_ratio_v2 to 2026-04-01 00:00:00+00:00, run_after=2026-05-01 00:00:00+00:00
[2026-04-30T09:03:06.525+0000] {processor.py:183} INFO - Processing /opt/airflow/dags/dl_fin_ratio_v2.py took 0.093 seconds
[2026-04-30T09:03:37.060+0000] {processor.py:161} INFO - Started process (PID=1525) to work on /opt/airflow/dags/dl_fin_ratio_v2.py
[2026-04-30T09:03:37.060+0000] {processor.py:830} INFO - Processing file /opt/airflow/dags/dl_fin_ratio_v2.py for tasks to queue
[2026-04-30T09:03:37.063+0000] {logging_mixin.py:188} INFO - [2026-04-30T09:03:37.062+0000] {dagbag.py:545} INFO - Filling up the DagBag from /opt/airflow/dags/dl_fin_ratio_v2.py
[2026-04-30T09:03:37.093+0000] {processor.py:840} INFO - DAG(s) 'fin_ratio_v2' retrieved from /opt/airflow/dags/dl_fin_ratio_v2.py
[2026-04-30T09:03:37.107+0000] {logging_mixin.py:188} INFO - [2026-04-30T09:03:37.107+0000] {dag.py:3089} INFO - Sync 1 DAGs
[2026-04-30T09:03:37.126+0000] {logging_mixin.py:188} INFO - [2026-04-30T09:03:37.126+0000] {dag.py:3947} INFO - Setting next_dagrun for fin_ratio_v2 to 2026-04-01 00:00:00+00:00, run_after=2026-05-01 00:00:00+00:00
[2026-04-30T09:03:37.143+0000] {processor.py:183} INFO - Processing /opt/airflow/dags/dl_fin_ratio_v2.py took 0.089 seconds
[2026-04-30T09:04:07.879+0000] {processor.py:161} INFO - Started process (PID=1550) to work on /opt/airflow/dags/dl_fin_ratio_v2.py
[2026-04-30T09:04:07.880+0000] {processor.py:830} INFO - Processing file /opt/airflow/dags/dl_fin_ratio_v2.py for tasks to queue
[2026-04-30T09:04:07.882+0000] {logging_mixin.py:188} INFO - [2026-04-30T09:04:07.882+0000] {dagbag.py:545} INFO - Filling up the DagBag from /opt/airflow/dags/dl_fin_ratio_v2.py
[2026-04-30T09:04:07.924+0000] {processor.py:840} INFO - DAG(s) 'fin_ratio_v2' retrieved from /opt/airflow/dags/dl_fin_ratio_v2.py
[2026-04-30T09:04:07.941+0000] {logging_mixin.py:188} INFO - [2026-04-30T09:04:07.941+0000] {dag.py:3089} INFO - Sync 1 DAGs
[2026-04-30T09:04:07.967+0000] {logging_mixin.py:188} INFO - [2026-04-30T09:04:07.967+0000] {dag.py:3947} INFO - Setting next_dagrun for fin_ratio_v2 to 2026-04-01 00:00:00+00:00, run_after=2026-05-01 00:00:00+00:00
[2026-04-30T09:04:07.986+0000] {processor.py:183} INFO - Processing /opt/airflow/dags/dl_fin_ratio_v2.py took 0.112 seconds
[2026-04-30T09:04:38.615+0000] {processor.py:161} INFO - Started process (PID=1575) to work on /opt/airflow/dags/dl_fin_ratio_v2.py
[2026-04-30T09:04:38.617+0000] {processor.py:830} INFO - Processing file /opt/airflow/dags/dl_fin_ratio_v2.py for tasks to queue
[2026-04-30T09:04:38.619+0000] {logging_mixin.py:188} INFO - [2026-04-30T09:04:38.619+0000] {dagbag.py:545} INFO - Filling up the DagBag from /opt/airflow/dags/dl_fin_ratio_v2.py
[2026-04-30T09:04:38.660+0000] {processor.py:840} INFO - DAG(s) 'fin_ratio_v2' retrieved from /opt/airflow/dags/dl_fin_ratio_v2.py
[2026-04-30T09:04:38.678+0000] {logging_mixin.py:188} INFO - [2026-04-30T09:04:38.678+0000] {dag.py:3089} INFO - Sync 1 DAGs
[2026-04-30T09:04:38.702+0000] {logging_mixin.py:188} INFO - [2026-04-30T09:04:38.702+0000] {dag.py:3947} INFO - Setting next_dagrun for fin_ratio_v2 to 2026-04-01 00:00:00+00:00, run_after=2026-05-01 00:00:00+00:00
[2026-04-30T09:04:38.724+0000] {processor.py:183} INFO - Processing /opt/airflow/dags/dl_fin_ratio_v2.py took 0.115 seconds
[2026-04-30T09:05:09.429+0000] {processor.py:161} INFO - Started process (PID=1600) to work on /opt/airflow/dags/dl_fin_ratio_v2.py
[2026-04-30T09:05:09.429+0000] {processor.py:830} INFO - Processing file /opt/airflow/dags/dl_fin_ratio_v2.py for tasks to queue
[2026-04-30T09:05:09.432+0000] {logging_mixin.py:188} INFO - [2026-04-30T09:05:09.431+0000] {dagbag.py:545} INFO - Filling up the DagBag from /opt/airflow/dags/dl_fin_ratio_v2.py
[2026-04-30T09:05:09.469+0000] {processor.py:840} INFO - DAG(s) 'fin_ratio_v2' retrieved from /opt/airflow/dags/dl_fin_ratio_v2.py
[2026-04-30T09:05:09.485+0000] {logging_mixin.py:188} INFO - [2026-04-30T09:05:09.485+0000] {dag.py:3089} INFO - Sync 1 DAGs
[2026-04-30T09:05:09.505+0000] {logging_mixin.py:188} INFO - [2026-04-30T09:05:09.505+0000] {dag.py:3947} INFO - Setting next_dagrun for fin_ratio_v2 to 2026-04-01 00:00:00+00:00, run_after=2026-05-01 00:00:00+00:00
[2026-04-30T09:05:09.523+0000] {processor.py:183} INFO - Processing /opt/airflow/dags/dl_fin_ratio_v2.py took 0.100 seconds
[2026-04-30T09:05:40.130+0000] {processor.py:161} INFO - Started process (PID=1625) to work on /opt/airflow/dags/dl_fin_ratio_v2.py
[2026-04-30T09:05:40.131+0000] {processor.py:830} INFO - Processing file /opt/airflow/dags/dl_fin_ratio_v2.py for tasks to queue
[2026-04-30T09:05:40.133+0000] {logging_mixin.py:188} INFO - [2026-04-30T09:05:40.133+0000] {dagbag.py:545} INFO - Filling up the DagBag from /opt/airflow/dags/dl_fin_ratio_v2.py
[2026-04-30T09:05:40.163+0000] {processor.py:840} INFO - DAG(s) 'fin_ratio_v2' retrieved from /opt/airflow/dags/dl_fin_ratio_v2.py
[2026-04-30T09:05:40.177+0000] {logging_mixin.py:188} INFO - [2026-04-30T09:05:40.176+0000] {dag.py:3089} INFO - Sync 1 DAGs
[2026-04-30T09:05:40.194+0000] {logging_mixin.py:188} INFO - [2026-04-30T09:05:40.194+0000] {dag.py:3947} INFO - Setting next_dagrun for fin_ratio_v2 to 2026-04-01 00:00:00+00:00, run_after=2026-05-01 00:00:00+00:00
[2026-04-30T09:05:40.211+0000] {processor.py:183} INFO - Processing /opt/airflow/dags/dl_fin_ratio_v2.py took 0.085 seconds
[2026-04-30T09:06:10.764+0000] {processor.py:161} INFO - Started process (PID=1650) to work on /opt/airflow/dags/dl_fin_ratio_v2.py
[2026-04-30T09:06:10.765+0000] {processor.py:830} INFO - Processing file /opt/airflow/dags/dl_fin_ratio_v2.py for tasks to queue
[2026-04-30T09:06:10.768+0000] {logging_mixin.py:188} INFO - [2026-04-30T09:06:10.767+0000] {dagbag.py:545} INFO - Filling up the DagBag from /opt/airflow/dags/dl_fin_ratio_v2.py
[2026-04-30T09:06:10.799+0000] {processor.py:840} INFO - DAG(s) 'fin_ratio_v2' retrieved from /opt/airflow/dags/dl_fin_ratio_v2.py
[2026-04-30T09:06:10.812+0000] {logging_mixin.py:188} INFO - [2026-04-30T09:06:10.812+0000] {dag.py:3089} INFO - Sync 1 DAGs
[2026-04-30T09:06:10.831+0000] {logging_mixin.py:188} INFO - [2026-04-30T09:06:10.831+0000] {dag.py:3947} INFO - Setting next_dagrun for fin_ratio_v2 to 2026-04-01 00:00:00+00:00, run_after=2026-05-01 00:00:00+00:00
[2026-04-30T09:06:10.849+0000] {processor.py:183} INFO - Processing /opt/airflow/dags/dl_fin_ratio_v2.py took 0.090 seconds
[2026-04-30T09:06:41.451+0000] {processor.py:161} INFO - Started process (PID=1675) to work on /opt/airflow/dags/dl_fin_ratio_v2.py
[2026-04-30T09:06:41.452+0000] {processor.py:830} INFO - Processing file /opt/airflow/dags/dl_fin_ratio_v2.py for tasks to queue
[2026-04-30T09:06:41.454+0000] {logging_mixin.py:188} INFO - [2026-04-30T09:06:41.454+0000] {dagbag.py:545} INFO - Filling up the DagBag from /opt/airflow/dags/dl_fin_ratio_v2.py
[2026-04-30T09:06:41.485+0000] {processor.py:840} INFO - DAG(s) 'fin_ratio_v2' retrieved from /opt/airflow/dags/dl_fin_ratio_v2.py
[2026-04-30T09:06:41.499+0000] {logging_mixin.py:188} INFO - [2026-04-30T09:06:41.499+0000] {dag.py:3089} INFO - Sync 1 DAGs
[2026-04-30T09:06:41.520+0000] {logging_mixin.py:188} INFO - [2026-04-30T09:06:41.519+0000] {dag.py:3947} INFO - Setting next_dagrun for fin_ratio_v2 to 2026-04-01 00:00:00+00:00, run_after=2026-05-01 00:00:00+00:00
[2026-04-30T09:06:41.536+0000] {processor.py:183} INFO - Processing /opt/airflow/dags/dl_fin_ratio_v2.py took 0.090 seconds
[2026-04-30T09:07:12.097+0000] {processor.py:161} INFO - Started process (PID=1700) to work on /opt/airflow/dags/dl_fin_ratio_v2.py
[2026-04-30T09:07:12.097+0000] {processor.py:830} INFO - Processing file /opt/airflow/dags/dl_fin_ratio_v2.py for tasks to queue
[2026-04-30T09:07:12.100+0000] {logging_mixin.py:188} INFO - [2026-04-30T09:07:12.099+0000] {dagbag.py:545} INFO - Filling up the DagBag from /opt/airflow/dags/dl_fin_ratio_v2.py
[2026-04-30T09:07:12.129+0000] {processor.py:840} INFO - DAG(s) 'fin_ratio_v2' retrieved from /opt/airflow/dags/dl_fin_ratio_v2.py
[2026-04-30T09:07:12.142+0000] {logging_mixin.py:188} INFO - [2026-04-30T09:07:12.142+0000] {dag.py:3089} INFO - Sync 1 DAGs
[2026-04-30T09:07:12.160+0000] {logging_mixin.py:188} INFO - [2026-04-30T09:07:12.160+0000] {dag.py:3947} INFO - Setting next_dagrun for fin_ratio_v2 to 2026-04-01 00:00:00+00:00, run_after=2026-05-01 00:00:00+00:00
[2026-04-30T09:07:12.178+0000] {processor.py:183} INFO - Processing /opt/airflow/dags/dl_fin_ratio_v2.py took 0.086 seconds
[2026-04-30T09:07:42.877+0000] {processor.py:161} INFO - Started process (PID=1725) to work on /opt/airflow/dags/dl_fin_ratio_v2.py
[2026-04-30T09:07:42.878+0000] {processor.py:830} INFO - Processing file /opt/airflow/dags/dl_fin_ratio_v2.py for tasks to queue
[2026-04-30T09:07:42.880+0000] {logging_mixin.py:188} INFO - [2026-04-30T09:07:42.880+0000] {dagbag.py:545} INFO - Filling up the DagBag from /opt/airflow/dags/dl_fin_ratio_v2.py
[2026-04-30T09:07:42.910+0000] {processor.py:840} INFO - DAG(s) 'fin_ratio_v2' retrieved from /opt/airflow/dags/dl_fin_ratio_v2.py
[2026-04-30T09:07:42.923+0000] {logging_mixin.py:188} INFO - [2026-04-30T09:07:42.923+0000] {dag.py:3089} INFO - Sync 1 DAGs
[2026-04-30T09:07:42.940+0000] {logging_mixin.py:188} INFO - [2026-04-30T09:07:42.939+0000] {dag.py:3947} INFO - Setting next_dagrun for fin_ratio_v2 to 2026-04-01 00:00:00+00:00, run_after=2026-05-01 00:00:00+00:00
[2026-04-30T09:07:42.961+0000] {processor.py:183} INFO - Processing /opt/airflow/dags/dl_fin_ratio_v2.py took 0.089 seconds
[2026-04-30T09:08:13.399+0000] {processor.py:161} INFO - Started process (PID=1750) to work on /opt/airflow/dags/dl_fin_ratio_v2.py
[2026-04-30T09:08:13.399+0000] {processor.py:830} INFO - Processing file /opt/airflow/dags/dl_fin_ratio_v2.py for tasks to queue
[2026-04-30T09:08:13.402+0000] {logging_mixin.py:188} INFO - [2026-04-30T09:08:13.401+0000] {dagbag.py:545} INFO - Filling up the DagBag from /opt/airflow/dags/dl_fin_ratio_v2.py
[2026-04-30T09:08:13.433+0000] {processor.py:840} INFO - DAG(s) 'fin_ratio_v2' retrieved from /opt/airflow/dags/dl_fin_ratio_v2.py
[2026-04-30T09:08:13.446+0000] {logging_mixin.py:188} INFO - [2026-04-30T09:08:13.445+0000] {dag.py:3089} INFO - Sync 1 DAGs
[2026-04-30T09:08:13.463+0000] {logging_mixin.py:188} INFO - [2026-04-30T09:08:13.463+0000] {dag.py:3947} INFO - Setting next_dagrun for fin_ratio_v2 to 2026-04-01 00:00:00+00:00, run_after=2026-05-01 00:00:00+00:00
[2026-04-30T09:08:13.482+0000] {processor.py:183} INFO - Processing /opt/airflow/dags/dl_fin_ratio_v2.py took 0.089 seconds
[2026-04-30T09:08:44.158+0000] {processor.py:161} INFO - Started process (PID=1775) to work on /opt/airflow/dags/dl_fin_ratio_v2.py
[2026-04-30T09:08:44.158+0000] {processor.py:830} INFO - Processing file /opt/airflow/dags/dl_fin_ratio_v2.py for tasks to queue
[2026-04-30T09:08:44.160+0000] {logging_mixin.py:188} INFO - [2026-04-30T09:08:44.160+0000] {dagbag.py:545} INFO - Filling up the DagBag from /opt/airflow/dags/dl_fin_ratio_v2.py
[2026-04-30T09:08:44.191+0000] {processor.py:840} INFO - DAG(s) 'fin_ratio_v2' retrieved from /opt/airflow/dags/dl_fin_ratio_v2.py
[2026-04-30T09:08:44.204+0000] {logging_mixin.py:188} INFO - [2026-04-30T09:08:44.203+0000] {dag.py:3089} INFO - Sync 1 DAGs
[2026-04-30T09:08:44.222+0000] {logging_mixin.py:188} INFO - [2026-04-30T09:08:44.222+0000] {dag.py:3947} INFO - Setting next_dagrun for fin_ratio_v2 to 2026-04-01 00:00:00+00:00, run_after=2026-05-01 00:00:00+00:00
[2026-04-30T09:08:44.241+0000] {processor.py:183} INFO - Processing /opt/airflow/dags/dl_fin_ratio_v2.py took 0.090 seconds
[2026-04-30T09:09:15.195+0000] {processor.py:161} INFO - Started process (PID=1800) to work on /opt/airflow/dags/dl_fin_ratio_v2.py
[2026-04-30T09:09:15.197+0000] {processor.py:830} INFO - Processing file /opt/airflow/dags/dl_fin_ratio_v2.py for tasks to queue
[2026-04-30T09:09:15.201+0000] {logging_mixin.py:188} INFO - [2026-04-30T09:09:15.200+0000] {dagbag.py:545} INFO - Filling up the DagBag from /opt/airflow/dags/dl_fin_ratio_v2.py
[2026-04-30T09:09:15.238+0000] {processor.py:840} INFO - DAG(s) 'fin_ratio_v2' retrieved from /opt/airflow/dags/dl_fin_ratio_v2.py
[2026-04-30T09:09:15.254+0000] {logging_mixin.py:188} INFO - [2026-04-30T09:09:15.254+0000] {dag.py:3089} INFO - Sync 1 DAGs
[2026-04-30T09:09:15.277+0000] {logging_mixin.py:188} INFO - [2026-04-30T09:09:15.277+0000] {dag.py:3947} INFO - Setting next_dagrun for fin_ratio_v2 to 2026-04-01 00:00:00+00:00, run_after=2026-05-01 00:00:00+00:00
[2026-04-30T09:09:15.297+0000] {processor.py:183} INFO - Processing /opt/airflow/dags/dl_fin_ratio_v2.py took 0.110 seconds
[2026-04-30T09:09:45.949+0000] {processor.py:161} INFO - Started process (PID=1825) to work on /opt/airflow/dags/dl_fin_ratio_v2.py
[2026-04-30T09:09:45.950+0000] {processor.py:830} INFO - Processing file /opt/airflow/dags/dl_fin_ratio_v2.py for tasks to queue
[2026-04-30T09:09:45.952+0000] {logging_mixin.py:188} INFO - [2026-04-30T09:09:45.952+0000] {dagbag.py:545} INFO - Filling up the DagBag from /opt/airflow/dags/dl_fin_ratio_v2.py
[2026-04-30T09:09:45.984+0000] {processor.py:840} INFO - DAG(s) 'fin_ratio_v2' retrieved from /opt/airflow/dags/dl_fin_ratio_v2.py
[2026-04-30T09:09:45.998+0000] {logging_mixin.py:188} INFO - [2026-04-30T09:09:45.998+0000] {dag.py:3089} INFO - Sync 1 DAGs
[2026-04-30T09:09:46.017+0000] {logging_mixin.py:188} INFO - [2026-04-30T09:09:46.017+0000] {dag.py:3947} INFO - Setting next_dagrun for fin_ratio_v2 to 2026-04-01 00:00:00+00:00, run_after=2026-05-01 00:00:00+00:00
[2026-04-30T09:09:46.035+0000] {processor.py:183} INFO - Processing /opt/airflow/dags/dl_fin_ratio_v2.py took 0.091 seconds
[2026-04-30T09:10:16.609+0000] {processor.py:161} INFO - Started process (PID=1850) to work on /opt/airflow/dags/dl_fin_ratio_v2.py
[2026-04-30T09:10:16.610+0000] {processor.py:830} INFO - Processing file /opt/airflow/dags/dl_fin_ratio_v2.py for tasks to queue
[2026-04-30T09:10:16.613+0000] {logging_mixin.py:188} INFO - [2026-04-30T09:10:16.612+0000] {dagbag.py:545} INFO - Filling up the DagBag from /opt/airflow/dags/dl_fin_ratio_v2.py
[2026-04-30T09:10:16.651+0000] {processor.py:840} INFO - DAG(s) 'fin_ratio_v2' retrieved from /opt/airflow/dags/dl_fin_ratio_v2.py
[2026-04-30T09:10:16.668+0000] {logging_mixin.py:188} INFO - [2026-04-30T09:10:16.667+0000] {dag.py:3089} INFO - Sync 1 DAGs
[2026-04-30T09:10:16.691+0000] {logging_mixin.py:188} INFO - [2026-04-30T09:10:16.691+0000] {dag.py:3947} INFO - Setting next_dagrun for fin_ratio_v2 to 2026-04-01 00:00:00+00:00, run_after=2026-05-01 00:00:00+00:00
[2026-04-30T09:10:16.710+0000] {processor.py:183} INFO - Processing /opt/airflow/dags/dl_fin_ratio_v2.py took 0.107 seconds
[2026-04-30T09:10:47.059+0000] {processor.py:161} INFO - Started process (PID=1875) to work on /opt/airflow/dags/dl_fin_ratio_v2.py
[2026-04-30T09:10:47.060+0000] {processor.py:830} INFO - Processing file /opt/airflow/dags/dl_fin_ratio_v2.py for tasks to queue
[2026-04-30T09:10:47.063+0000] {logging_mixin.py:188} INFO - [2026-04-30T09:10:47.062+0000] {dagbag.py:545} INFO - Filling up the DagBag from /opt/airflow/dags/dl_fin_ratio_v2.py
[2026-04-30T09:10:47.101+0000] {processor.py:840} INFO - DAG(s) 'fin_ratio_v2' retrieved from /opt/airflow/dags/dl_fin_ratio_v2.py
[2026-04-30T09:10:47.117+0000] {logging_mixin.py:188} INFO - [2026-04-30T09:10:47.116+0000] {dag.py:3089} INFO - Sync 1 DAGs
[2026-04-30T09:10:47.137+0000] {logging_mixin.py:188} INFO - [2026-04-30T09:10:47.137+0000] {dag.py:3947} INFO - Setting next_dagrun for fin_ratio_v2 to 2026-04-01 00:00:00+00:00, run_after=2026-05-01 00:00:00+00:00
[2026-04-30T09:10:47.156+0000] {processor.py:183} INFO - Processing /opt/airflow/dags/dl_fin_ratio_v2.py took 0.105 seconds
[2026-04-30T09:11:17.875+0000] {processor.py:161} INFO - Started process (PID=1900) to work on /opt/airflow/dags/dl_fin_ratio_v2.py
[2026-04-30T09:11:17.877+0000] {processor.py:830} INFO - Processing file /opt/airflow/dags/dl_fin_ratio_v2.py for tasks to queue
[2026-04-30T09:11:17.879+0000] {logging_mixin.py:188} INFO - [2026-04-30T09:11:17.879+0000] {dagbag.py:545} INFO - Filling up the DagBag from /opt/airflow/dags/dl_fin_ratio_v2.py
[2026-04-30T09:11:17.915+0000] {processor.py:840} INFO - DAG(s) 'fin_ratio_v2' retrieved from /opt/airflow/dags/dl_fin_ratio_v2.py
[2026-04-30T09:11:17.929+0000] {logging_mixin.py:188} INFO - [2026-04-30T09:11:17.929+0000] {dag.py:3089} INFO - Sync 1 DAGs
[2026-04-30T09:11:17.951+0000] {logging_mixin.py:188} INFO - [2026-04-30T09:11:17.951+0000] {dag.py:3947} INFO - Setting next_dagrun for fin_ratio_v2 to 2026-04-01 00:00:00+00:00, run_after=2026-05-01 00:00:00+00:00
[2026-04-30T09:11:18.171+0000] {processor.py:183} INFO - Processing /opt/airflow/dags/dl_fin_ratio_v2.py took 0.305 seconds
[2026-04-30T09:11:48.438+0000] {processor.py:161} INFO - Started process (PID=1925) to work on /opt/airflow/dags/dl_fin_ratio_v2.py
[2026-04-30T09:11:48.438+0000] {processor.py:830} INFO - Processing file /opt/airflow/dags/dl_fin_ratio_v2.py for tasks to queue
[2026-04-30T09:11:48.441+0000] {logging_mixin.py:188} INFO - [2026-04-30T09:11:48.441+0000] {dagbag.py:545} INFO - Filling up the DagBag from /opt/airflow/dags/dl_fin_ratio_v2.py
[2026-04-30T09:11:48.477+0000] {processor.py:840} INFO - DAG(s) 'fin_ratio_v2' retrieved from /opt/airflow/dags/dl_fin_ratio_v2.py
[2026-04-30T09:11:48.493+0000] {logging_mixin.py:188} INFO - [2026-04-30T09:11:48.492+0000] {dag.py:3089} INFO - Sync 1 DAGs
[2026-04-30T09:11:48.513+0000] {logging_mixin.py:188} INFO - [2026-04-30T09:11:48.512+0000] {dag.py:3947} INFO - Setting next_dagrun for fin_ratio_v2 to 2026-04-01 00:00:00+00:00, run_after=2026-05-01 00:00:00+00:00
[2026-04-30T09:11:48.531+0000] {processor.py:183} INFO - Processing /opt/airflow/dags/dl_fin_ratio_v2.py took 0.100 seconds
[2026-04-30T09:12:19.246+0000] {processor.py:161} INFO - Started process (PID=1950) to work on /opt/airflow/dags/dl_fin_ratio_v2.py
[2026-04-30T09:12:19.248+0000] {processor.py:830} INFO - Processing file /opt/airflow/dags/dl_fin_ratio_v2.py for tasks to queue
[2026-04-30T09:12:19.251+0000] {logging_mixin.py:188} INFO - [2026-04-30T09:12:19.250+0000] {dagbag.py:545} INFO - Filling up the DagBag from /opt/airflow/dags/dl_fin_ratio_v2.py
[2026-04-30T09:12:19.287+0000] {processor.py:840} INFO - DAG(s) 'fin_ratio_v2' retrieved from /opt/airflow/dags/dl_fin_ratio_v2.py
[2026-04-30T09:12:19.302+0000] {logging_mixin.py:188} INFO - [2026-04-30T09:12:19.302+0000] {dag.py:3089} INFO - Sync 1 DAGs
[2026-04-30T09:12:19.325+0000] {logging_mixin.py:188} INFO - [2026-04-30T09:12:19.324+0000] {dag.py:3947} INFO - Setting next_dagrun for fin_ratio_v2 to 2026-04-01 00:00:00+00:00, run_after=2026-05-01 00:00:00+00:00
[2026-04-30T09:12:19.342+0000] {processor.py:183} INFO - Processing /opt/airflow/dags/dl_fin_ratio_v2.py took 0.102 seconds
[2026-04-30T09:12:49.919+0000] {processor.py:161} INFO - Started process (PID=1975) to work on /opt/airflow/dags/dl_fin_ratio_v2.py
[2026-04-30T09:12:49.920+0000] {processor.py:830} INFO - Processing file /opt/airflow/dags/dl_fin_ratio_v2.py for tasks to queue
[2026-04-30T09:12:49.922+0000] {logging_mixin.py:188} INFO - [2026-04-30T09:12:49.921+0000] {dagbag.py:545} INFO - Filling up the DagBag from /opt/airflow/dags/dl_fin_ratio_v2.py
[2026-04-30T09:12:49.954+0000] {processor.py:840} INFO - DAG(s) 'fin_ratio_v2' retrieved from /opt/airflow/dags/dl_fin_ratio_v2.py
[2026-04-30T09:12:49.967+0000] {logging_mixin.py:188} INFO - [2026-04-30T09:12:49.967+0000] {dag.py:3089} INFO - Sync 1 DAGs
[2026-04-30T09:12:49.987+0000] {logging_mixin.py:188} INFO - [2026-04-30T09:12:49.987+0000] {dag.py:3947} INFO - Setting next_dagrun for fin_ratio_v2 to 2026-04-01 00:00:00+00:00, run_after=2026-05-01 00:00:00+00:00
[2026-04-30T09:12:50.002+0000] {processor.py:183} INFO - Processing /opt/airflow/dags/dl_fin_ratio_v2.py took 0.088 seconds
[2026-04-30T09:13:20.492+0000] {processor.py:161} INFO - Started process (PID=2000) to work on /opt/airflow/dags/dl_fin_ratio_v2.py
[2026-04-30T09:13:20.493+0000] {processor.py:830} INFO - Processing file /opt/airflow/dags/dl_fin_ratio_v2.py for tasks to queue
[2026-04-30T09:13:20.495+0000] {logging_mixin.py:188} INFO - [2026-04-30T09:13:20.495+0000] {dagbag.py:545} INFO - Filling up the DagBag from /opt/airflow/dags/dl_fin_ratio_v2.py
[2026-04-30T09:13:20.529+0000] {processor.py:840} INFO - DAG(s) 'fin_ratio_v2' retrieved from /opt/airflow/dags/dl_fin_ratio_v2.py
[2026-04-30T09:13:20.544+0000] {logging_mixin.py:188} INFO - [2026-04-30T09:13:20.544+0000] {dag.py:3089} INFO - Sync 1 DAGs
[2026-04-30T09:13:20.563+0000] {logging_mixin.py:188} INFO - [2026-04-30T09:13:20.563+0000] {dag.py:3947} INFO - Setting next_dagrun for fin_ratio_v2 to 2026-04-01 00:00:00+00:00, run_after=2026-05-01 00:00:00+00:00
[2026-04-30T09:13:20.580+0000] {processor.py:183} INFO - Processing /opt/airflow/dags/dl_fin_ratio_v2.py took 0.095 seconds
[2026-04-30T09:13:50.954+0000] {processor.py:161} INFO - Started process (PID=2025) to work on /opt/airflow/dags/dl_fin_ratio_v2.py
[2026-04-30T09:13:50.954+0000] {processor.py:830} INFO - Processing file /opt/airflow/dags/dl_fin_ratio_v2.py for tasks to queue
[2026-04-30T09:13:50.956+0000] {logging_mixin.py:188} INFO - [2026-04-30T09:13:50.956+0000] {dagbag.py:545} INFO - Filling up the DagBag from /opt/airflow/dags/dl_fin_ratio_v2.py
[2026-04-30T09:13:50.987+0000] {processor.py:840} INFO - DAG(s) 'fin_ratio_v2' retrieved from /opt/airflow/dags/dl_fin_ratio_v2.py
[2026-04-30T09:13:51.000+0000] {logging_mixin.py:188} INFO - [2026-04-30T09:13:51.000+0000] {dag.py:3089} INFO - Sync 1 DAGs
[2026-04-30T09:13:51.019+0000] {logging_mixin.py:188} INFO - [2026-04-30T09:13:51.019+0000] {dag.py:3947} INFO - Setting next_dagrun for fin_ratio_v2 to 2026-04-01 00:00:00+00:00, run_after=2026-05-01 00:00:00+00:00
[2026-04-30T09:13:51.034+0000] {processor.py:183} INFO - Processing /opt/airflow/dags/dl_fin_ratio_v2.py took 0.086 seconds
[2026-04-30T09:14:21.699+0000] {processor.py:161} INFO - Started process (PID=2050) to work on /opt/airflow/dags/dl_fin_ratio_v2.py
[2026-04-30T09:14:21.700+0000] {processor.py:830} INFO - Processing file /opt/airflow/dags/dl_fin_ratio_v2.py for tasks to queue
[2026-04-30T09:14:21.702+0000] {logging_mixin.py:188} INFO - [2026-04-30T09:14:21.702+0000] {dagbag.py:545} INFO - Filling up the DagBag from /opt/airflow/dags/dl_fin_ratio_v2.py
[2026-04-30T09:14:21.734+0000] {processor.py:840} INFO - DAG(s) 'fin_ratio_v2' retrieved from /opt/airflow/dags/dl_fin_ratio_v2.py
[2026-04-30T09:14:21.746+0000] {logging_mixin.py:188} INFO - [2026-04-30T09:14:21.746+0000] {dag.py:3089} INFO - Sync 1 DAGs
[2026-04-30T09:14:21.764+0000] {logging_mixin.py:188} INFO - [2026-04-30T09:14:21.764+0000] {dag.py:3947} INFO - Setting next_dagrun for fin_ratio_v2 to 2026-04-01 00:00:00+00:00, run_after=2026-05-01 00:00:00+00:00
[2026-04-30T09:14:21.780+0000] {processor.py:183} INFO - Processing /opt/airflow/dags/dl_fin_ratio_v2.py took 0.086 seconds
[2026-04-30T09:14:52.212+0000] {processor.py:161} INFO - Started process (PID=2075) to work on /opt/airflow/dags/dl_fin_ratio_v2.py
[2026-04-30T09:14:52.213+0000] {processor.py:830} INFO - Processing file /opt/airflow/dags/dl_fin_ratio_v2.py for tasks to queue
[2026-04-30T09:14:52.216+0000] {logging_mixin.py:188} INFO - [2026-04-30T09:14:52.215+0000] {dagbag.py:545} INFO - Filling up the DagBag from /opt/airflow/dags/dl_fin_ratio_v2.py
[2026-04-30T09:14:52.262+0000] {processor.py:840} INFO - DAG(s) 'fin_ratio_v2' retrieved from /opt/airflow/dags/dl_fin_ratio_v2.py
[2026-04-30T09:14:52.281+0000] {logging_mixin.py:188} INFO - [2026-04-30T09:14:52.281+0000] {dag.py:3089} INFO - Sync 1 DAGs
[2026-04-30T09:14:52.309+0000] {logging_mixin.py:188} INFO - [2026-04-30T09:14:52.308+0000] {dag.py:3947} INFO - Setting next_dagrun for fin_ratio_v2 to 2026-04-01 00:00:00+00:00, run_after=2026-05-01 00:00:00+00:00
[2026-04-30T09:14:52.329+0000] {processor.py:183} INFO - Processing /opt/airflow/dags/dl_fin_ratio_v2.py took 0.124 seconds
[2026-04-30T09:15:22.584+0000] {processor.py:161} INFO - Started process (PID=2100) to work on /opt/airflow/dags/dl_fin_ratio_v2.py
[2026-04-30T09:15:22.585+0000] {processor.py:830} INFO - Processing file /opt/airflow/dags/dl_fin_ratio_v2.py for tasks to queue
[2026-04-30T09:15:22.588+0000] {logging_mixin.py:188} INFO - [2026-04-30T09:15:22.588+0000] {dagbag.py:545} INFO - Filling up the DagBag from /opt/airflow/dags/dl_fin_ratio_v2.py
[2026-04-30T09:15:22.622+0000] {processor.py:840} INFO - DAG(s) 'fin_ratio_v2' retrieved from /opt/airflow/dags/dl_fin_ratio_v2.py
[2026-04-30T09:15:22.636+0000] {logging_mixin.py:188} INFO - [2026-04-30T09:15:22.636+0000] {dag.py:3089} INFO - Sync 1 DAGs
[2026-04-30T09:15:22.657+0000] {logging_mixin.py:188} INFO - [2026-04-30T09:15:22.657+0000] {dag.py:3947} INFO - Setting next_dagrun for fin_ratio_v2 to 2026-04-01 00:00:00+00:00, run_after=2026-05-01 00:00:00+00:00
[2026-04-30T09:15:22.675+0000] {processor.py:183} INFO - Processing /opt/airflow/dags/dl_fin_ratio_v2.py took 0.096 seconds
[2026-04-30T09:15:53.452+0000] {processor.py:161} INFO - Started process (PID=2125) to work on /opt/airflow/dags/dl_fin_ratio_v2.py
[2026-04-30T09:15:53.453+0000] {processor.py:830} INFO - Processing file /opt/airflow/dags/dl_fin_ratio_v2.py for tasks to queue
[2026-04-30T09:15:53.455+0000] {logging_mixin.py:188} INFO - [2026-04-30T09:15:53.455+0000] {dagbag.py:545} INFO - Filling up the DagBag from /opt/airflow/dags/dl_fin_ratio_v2.py
[2026-04-30T09:15:53.488+0000] {processor.py:840} INFO - DAG(s) 'fin_ratio_v2' retrieved from /opt/airflow/dags/dl_fin_ratio_v2.py
[2026-04-30T09:15:53.502+0000] {logging_mixin.py:188} INFO - [2026-04-30T09:15:53.502+0000] {dag.py:3089} INFO - Sync 1 DAGs
[2026-04-30T09:15:53.522+0000] {logging_mixin.py:188} INFO - [2026-04-30T09:15:53.522+0000] {dag.py:3947} INFO - Setting next_dagrun for fin_ratio_v2 to 2026-04-01 00:00:00+00:00, run_after=2026-05-01 00:00:00+00:00
[2026-04-30T09:15:53.538+0000] {processor.py:183} INFO - Processing /opt/airflow/dags/dl_fin_ratio_v2.py took 0.091 seconds
[2026-04-30T09:16:23.916+0000] {processor.py:161} INFO - Started process (PID=2151) to work on /opt/airflow/dags/dl_fin_ratio_v2.py
[2026-04-30T09:16:23.917+0000] {processor.py:830} INFO - Processing file /opt/airflow/dags/dl_fin_ratio_v2.py for tasks to queue
[2026-04-30T09:16:23.919+0000] {logging_mixin.py:188} INFO - [2026-04-30T09:16:23.919+0000] {dagbag.py:545} INFO - Filling up the DagBag from /opt/airflow/dags/dl_fin_ratio_v2.py
[2026-04-30T09:16:23.949+0000] {processor.py:840} INFO - DAG(s) 'fin_ratio_v2' retrieved from /opt/airflow/dags/dl_fin_ratio_v2.py
[2026-04-30T09:16:23.962+0000] {logging_mixin.py:188} INFO - [2026-04-30T09:16:23.962+0000] {dag.py:3089} INFO - Sync 1 DAGs
[2026-04-30T09:16:23.979+0000] {logging_mixin.py:188} INFO - [2026-04-30T09:16:23.979+0000] {dag.py:3947} INFO - Setting next_dagrun for fin_ratio_v2 to 2026-04-01 00:00:00+00:00, run_after=2026-05-01 00:00:00+00:00
[2026-04-30T09:16:23.999+0000] {processor.py:183} INFO - Processing /opt/airflow/dags/dl_fin_ratio_v2.py took 0.088 seconds
[2026-04-30T09:16:54.385+0000] {processor.py:161} INFO - Started process (PID=2177) to work on /opt/airflow/dags/dl_fin_ratio_v2.py
[2026-04-30T09:16:54.386+0000] {processor.py:830} INFO - Processing file /opt/airflow/dags/dl_fin_ratio_v2.py for tasks to queue
[2026-04-30T09:16:54.388+0000] {logging_mixin.py:188} INFO - [2026-04-30T09:16:54.388+0000] {dagbag.py:545} INFO - Filling up the DagBag from /opt/airflow/dags/dl_fin_ratio_v2.py
[2026-04-30T09:16:54.424+0000] {processor.py:840} INFO - DAG(s) 'fin_ratio_v2' retrieved from /opt/airflow/dags/dl_fin_ratio_v2.py
[2026-04-30T09:16:54.439+0000] {logging_mixin.py:188} INFO - [2026-04-30T09:16:54.439+0000] {dag.py:3089} INFO - Sync 1 DAGs
[2026-04-30T09:16:54.460+0000] {logging_mixin.py:188} INFO - [2026-04-30T09:16:54.460+0000] {dag.py:3947} INFO - Setting next_dagrun for fin_ratio_v2 to 2026-04-01 00:00:00+00:00, run_after=2026-05-01 00:00:00+00:00
[2026-04-30T09:16:54.477+0000] {processor.py:183} INFO - Processing /opt/airflow/dags/dl_fin_ratio_v2.py took 0.098 seconds
[2026-04-30T09:17:25.155+0000] {processor.py:161} INFO - Started process (PID=2202) to work on /opt/airflow/dags/dl_fin_ratio_v2.py
[2026-04-30T09:17:25.156+0000] {processor.py:830} INFO - Processing file /opt/airflow/dags/dl_fin_ratio_v2.py for tasks to queue
[2026-04-30T09:17:25.158+0000] {logging_mixin.py:188} INFO - [2026-04-30T09:17:25.157+0000] {dagbag.py:545} INFO - Filling up the DagBag from /opt/airflow/dags/dl_fin_ratio_v2.py
[2026-04-30T09:17:25.190+0000] {processor.py:840} INFO - DAG(s) 'fin_ratio_v2' retrieved from /opt/airflow/dags/dl_fin_ratio_v2.py
[2026-04-30T09:17:25.204+0000] {logging_mixin.py:188} INFO - [2026-04-30T09:17:25.204+0000] {dag.py:3089} INFO - Sync 1 DAGs
[2026-04-30T09:17:25.225+0000] {logging_mixin.py:188} INFO - [2026-04-30T09:17:25.225+0000] {dag.py:3947} INFO - Setting next_dagrun for fin_ratio_v2 to 2026-04-01 00:00:00+00:00, run_after=2026-05-01 00:00:00+00:00
[2026-04-30T09:17:25.245+0000] {processor.py:183} INFO - Processing /opt/airflow/dags/dl_fin_ratio_v2.py took 0.096 seconds
[2026-04-30T09:17:55.764+0000] {processor.py:161} INFO - Started process (PID=2227) to work on /opt/airflow/dags/dl_fin_ratio_v2.py
[2026-04-30T09:17:55.765+0000] {processor.py:830} INFO - Processing file /opt/airflow/dags/dl_fin_ratio_v2.py for tasks to queue
[2026-04-30T09:17:55.767+0000] {logging_mixin.py:188} INFO - [2026-04-30T09:17:55.767+0000] {dagbag.py:545} INFO - Filling up the DagBag from /opt/airflow/dags/dl_fin_ratio_v2.py
[2026-04-30T09:17:55.798+0000] {processor.py:840} INFO - DAG(s) 'fin_ratio_v2' retrieved from /opt/airflow/dags/dl_fin_ratio_v2.py
[2026-04-30T09:17:55.812+0000] {logging_mixin.py:188} INFO - [2026-04-30T09:17:55.812+0000] {dag.py:3089} INFO - Sync 1 DAGs
[2026-04-30T09:17:55.831+0000] {logging_mixin.py:188} INFO - [2026-04-30T09:17:55.831+0000] {dag.py:3947} INFO - Setting next_dagrun for fin_ratio_v2 to 2026-04-01 00:00:00+00:00, run_after=2026-05-01 00:00:00+00:00
[2026-04-30T09:17:55.848+0000] {processor.py:183} INFO - Processing /opt/airflow/dags/dl_fin_ratio_v2.py took 0.089 seconds
[2026-04-30T09:18:26.344+0000] {processor.py:161} INFO - Started process (PID=2252) to work on /opt/airflow/dags/dl_fin_ratio_v2.py
[2026-04-30T09:18:26.344+0000] {processor.py:830} INFO - Processing file /opt/airflow/dags/dl_fin_ratio_v2.py for tasks to queue
[2026-04-30T09:18:26.346+0000] {logging_mixin.py:188} INFO - [2026-04-30T09:18:26.346+0000] {dagbag.py:545} INFO - Filling up the DagBag from /opt/airflow/dags/dl_fin_ratio_v2.py
[2026-04-30T09:18:26.379+0000] {processor.py:840} INFO - DAG(s) 'fin_ratio_v2' retrieved from /opt/airflow/dags/dl_fin_ratio_v2.py
[2026-04-30T09:18:26.393+0000] {logging_mixin.py:188} INFO - [2026-04-30T09:18:26.393+0000] {dag.py:3089} INFO - Sync 1 DAGs
[2026-04-30T09:18:26.412+0000] {logging_mixin.py:188} INFO - [2026-04-30T09:18:26.412+0000] {dag.py:3947} INFO - Setting next_dagrun for fin_ratio_v2 to 2026-04-01 00:00:00+00:00, run_after=2026-05-01 00:00:00+00:00
[2026-04-30T09:18:26.429+0000] {processor.py:183} INFO - Processing /opt/airflow/dags/dl_fin_ratio_v2.py took 0.091 seconds
[2026-04-30T09:18:56.912+0000] {processor.py:161} INFO - Started process (PID=2277) to work on /opt/airflow/dags/dl_fin_ratio_v2.py
[2026-04-30T09:18:56.913+0000] {processor.py:830} INFO - Processing file /opt/airflow/dags/dl_fin_ratio_v2.py for tasks to queue
[2026-04-30T09:18:56.916+0000] {logging_mixin.py:188} INFO - [2026-04-30T09:18:56.915+0000] {dagbag.py:545} INFO - Filling up the DagBag from /opt/airflow/dags/dl_fin_ratio_v2.py
[2026-04-30T09:18:56.951+0000] {processor.py:840} INFO - DAG(s) 'fin_ratio_v2' retrieved from /opt/airflow/dags/dl_fin_ratio_v2.py
[2026-04-30T09:18:56.969+0000] {logging_mixin.py:188} INFO - [2026-04-30T09:18:56.968+0000] {dag.py:3089} INFO - Sync 1 DAGs
[2026-04-30T09:18:56.990+0000] {logging_mixin.py:188} INFO - [2026-04-30T09:18:56.990+0000] {dag.py:3947} INFO - Setting next_dagrun for fin_ratio_v2 to 2026-04-01 00:00:00+00:00, run_after=2026-05-01 00:00:00+00:00
[2026-04-30T09:18:57.006+0000] {processor.py:183} INFO - Processing /opt/airflow/dags/dl_fin_ratio_v2.py took 0.100 seconds
[2026-04-30T09:19:27.541+0000] {processor.py:161} INFO - Started process (PID=2302) to work on /opt/airflow/dags/dl_fin_ratio_v2.py
[2026-04-30T09:19:27.541+0000] {processor.py:830} INFO - Processing file /opt/airflow/dags/dl_fin_ratio_v2.py for tasks to queue
[2026-04-30T09:19:27.543+0000] {logging_mixin.py:188} INFO - [2026-04-30T09:19:27.543+0000] {dagbag.py:545} INFO - Filling up the DagBag from /opt/airflow/dags/dl_fin_ratio_v2.py
[2026-04-30T09:19:27.577+0000] {processor.py:840} INFO - DAG(s) 'fin_ratio_v2' retrieved from /opt/airflow/dags/dl_fin_ratio_v2.py
[2026-04-30T09:19:27.593+0000] {logging_mixin.py:188} INFO - [2026-04-30T09:19:27.592+0000] {dag.py:3089} INFO - Sync 1 DAGs
[2026-04-30T09:19:27.613+0000] {logging_mixin.py:188} INFO - [2026-04-30T09:19:27.613+0000] {dag.py:3947} INFO - Setting next_dagrun for fin_ratio_v2 to 2026-04-01 00:00:00+00:00, run_after=2026-05-01 00:00:00+00:00
[2026-04-30T09:19:27.633+0000] {processor.py:183} INFO - Processing /opt/airflow/dags/dl_fin_ratio_v2.py took 0.098 seconds
[2026-04-30T09:19:58.015+0000] {processor.py:161} INFO - Started process (PID=2327) to work on /opt/airflow/dags/dl_fin_ratio_v2.py
[2026-04-30T09:19:58.016+0000] {processor.py:830} INFO - Processing file /opt/airflow/dags/dl_fin_ratio_v2.py for tasks to queue
[2026-04-30T09:19:58.018+0000] {logging_mixin.py:188} INFO - [2026-04-30T09:19:58.018+0000] {dagbag.py:545} INFO - Filling up the DagBag from /opt/airflow/dags/dl_fin_ratio_v2.py
[2026-04-30T09:19:58.053+0000] {processor.py:840} INFO - DAG(s) 'fin_ratio_v2' retrieved from /opt/airflow/dags/dl_fin_ratio_v2.py
[2026-04-30T09:19:58.066+0000] {logging_mixin.py:188} INFO - [2026-04-30T09:19:58.066+0000] {dag.py:3089} INFO - Sync 1 DAGs
[2026-04-30T09:19:58.088+0000] {logging_mixin.py:188} INFO - [2026-04-30T09:19:58.088+0000] {dag.py:3947} INFO - Setting next_dagrun for fin_ratio_v2 to 2026-04-01 00:00:00+00:00, run_after=2026-05-01 00:00:00+00:00
[2026-04-30T09:19:58.105+0000] {processor.py:183} INFO - Processing /opt/airflow/dags/dl_fin_ratio_v2.py took 0.095 seconds
[2026-04-30T09:20:28.762+0000] {processor.py:161} INFO - Started process (PID=2352) to work on /opt/airflow/dags/dl_fin_ratio_v2.py
[2026-04-30T09:20:28.763+0000] {processor.py:830} INFO - Processing file /opt/airflow/dags/dl_fin_ratio_v2.py for tasks to queue
[2026-04-30T09:20:28.765+0000] {logging_mixin.py:188} INFO - [2026-04-30T09:20:28.765+0000] {dagbag.py:545} INFO - Filling up the DagBag from /opt/airflow/dags/dl_fin_ratio_v2.py
[2026-04-30T09:20:28.795+0000] {processor.py:840} INFO - DAG(s) 'fin_ratio_v2' retrieved from /opt/airflow/dags/dl_fin_ratio_v2.py
[2026-04-30T09:20:28.808+0000] {logging_mixin.py:188} INFO - [2026-04-30T09:20:28.808+0000] {dag.py:3089} INFO - Sync 1 DAGs
[2026-04-30T09:20:28.826+0000] {logging_mixin.py:188} INFO - [2026-04-30T09:20:28.826+0000] {dag.py:3947} INFO - Setting next_dagrun for fin_ratio_v2 to 2026-04-01 00:00:00+00:00, run_after=2026-05-01 00:00:00+00:00
[2026-04-30T09:20:28.842+0000] {processor.py:183} INFO - Processing /opt/airflow/dags/dl_fin_ratio_v2.py took 0.085 seconds
[2026-04-30T09:20:59.316+0000] {processor.py:161} INFO - Started process (PID=2377) to work on /opt/airflow/dags/dl_fin_ratio_v2.py
[2026-04-30T09:20:59.317+0000] {processor.py:830} INFO - Processing file /opt/airflow/dags/dl_fin_ratio_v2.py for tasks to queue
[2026-04-30T09:20:59.320+0000] {logging_mixin.py:188} INFO - [2026-04-30T09:20:59.319+0000] {dagbag.py:545} INFO - Filling up the DagBag from /opt/airflow/dags/dl_fin_ratio_v2.py
[2026-04-30T09:20:59.351+0000] {processor.py:840} INFO - DAG(s) 'fin_ratio_v2' retrieved from /opt/airflow/dags/dl_fin_ratio_v2.py
[2026-04-30T09:20:59.366+0000] {logging_mixin.py:188} INFO - [2026-04-30T09:20:59.366+0000] {dag.py:3089} INFO - Sync 1 DAGs
[2026-04-30T09:20:59.388+0000] {logging_mixin.py:188} INFO - [2026-04-30T09:20:59.388+0000] {dag.py:3947} INFO - Setting next_dagrun for fin_ratio_v2 to 2026-04-01 00:00:00+00:00, run_after=2026-05-01 00:00:00+00:00
[2026-04-30T09:20:59.405+0000] {processor.py:183} INFO - Processing /opt/airflow/dags/dl_fin_ratio_v2.py took 0.094 seconds
[2026-04-30T09:21:29.928+0000] {processor.py:161} INFO - Started process (PID=2402) to work on /opt/airflow/dags/dl_fin_ratio_v2.py
[2026-04-30T09:21:29.929+0000] {processor.py:830} INFO - Processing file /opt/airflow/dags/dl_fin_ratio_v2.py for tasks to queue
[2026-04-30T09:21:29.930+0000] {logging_mixin.py:188} INFO - [2026-04-30T09:21:29.930+0000] {dagbag.py:545} INFO - Filling up the DagBag from /opt/airflow/dags/dl_fin_ratio_v2.py
[2026-04-30T09:21:29.961+0000] {processor.py:840} INFO - DAG(s) 'fin_ratio_v2' retrieved from /opt/airflow/dags/dl_fin_ratio_v2.py
[2026-04-30T09:21:29.975+0000] {logging_mixin.py:188} INFO - [2026-04-30T09:21:29.975+0000] {dag.py:3089} INFO - Sync 1 DAGs
[2026-04-30T09:21:29.995+0000] {logging_mixin.py:188} INFO - [2026-04-30T09:21:29.995+0000] {dag.py:3947} INFO - Setting next_dagrun for fin_ratio_v2 to 2026-04-01 00:00:00+00:00, run_after=2026-05-01 00:00:00+00:00
[2026-04-30T09:21:30.015+0000] {processor.py:183} INFO - Processing /opt/airflow/dags/dl_fin_ratio_v2.py took 0.092 seconds
[2026-04-30T09:22:00.408+0000] {processor.py:161} INFO - Started process (PID=2427) to work on /opt/airflow/dags/dl_fin_ratio_v2.py
[2026-04-30T09:22:00.409+0000] {processor.py:830} INFO - Processing file /opt/airflow/dags/dl_fin_ratio_v2.py for tasks to queue
[2026-04-30T09:22:00.413+0000] {logging_mixin.py:188} INFO - [2026-04-30T09:22:00.412+0000] {dagbag.py:545} INFO - Filling up the DagBag from /opt/airflow/dags/dl_fin_ratio_v2.py
[2026-04-30T09:22:00.457+0000] {processor.py:840} INFO - DAG(s) 'fin_ratio_v2' retrieved from /opt/airflow/dags/dl_fin_ratio_v2.py
[2026-04-30T09:22:00.477+0000] {logging_mixin.py:188} INFO - [2026-04-30T09:22:00.477+0000] {dag.py:3089} INFO - Sync 1 DAGs
[2026-04-30T09:22:00.500+0000] {logging_mixin.py:188} INFO - [2026-04-30T09:22:00.500+0000] {dag.py:3947} INFO - Setting next_dagrun for fin_ratio_v2 to 2026-04-01 00:00:00+00:00, run_after=2026-05-01 00:00:00+00:00
[2026-04-30T09:22:00.522+0000] {processor.py:183} INFO - Processing /opt/airflow/dags/dl_fin_ratio_v2.py took 0.121 seconds
[2026-04-30T09:22:31.216+0000] {processor.py:161} INFO - Started process (PID=2458) to work on /opt/airflow/dags/dl_fin_ratio_v2.py
[2026-04-30T09:22:31.217+0000] {processor.py:830} INFO - Processing file /opt/airflow/dags/dl_fin_ratio_v2.py for tasks to queue
[2026-04-30T09:22:31.219+0000] {logging_mixin.py:188} INFO - [2026-04-30T09:22:31.219+0000] {dagbag.py:545} INFO - Filling up the DagBag from /opt/airflow/dags/dl_fin_ratio_v2.py
[2026-04-30T09:22:31.250+0000] {processor.py:840} INFO - DAG(s) 'fin_ratio_v2' retrieved from /opt/airflow/dags/dl_fin_ratio_v2.py
[2026-04-30T09:22:31.263+0000] {logging_mixin.py:188} INFO - [2026-04-30T09:22:31.263+0000] {dag.py:3089} INFO - Sync 1 DAGs
[2026-04-30T09:22:31.281+0000] {logging_mixin.py:188} INFO - [2026-04-30T09:22:31.281+0000] {dag.py:3947} INFO - Setting next_dagrun for fin_ratio_v2 to 2026-04-01 00:00:00+00:00, run_after=2026-05-01 00:00:00+00:00
[2026-04-30T09:22:31.300+0000] {processor.py:183} INFO - Processing /opt/airflow/dags/dl_fin_ratio_v2.py took 0.089 seconds
[2026-04-30T09:23:01.574+0000] {processor.py:161} INFO - Started process (PID=2483) to work on /opt/airflow/dags/dl_fin_ratio_v2.py
[2026-04-30T09:23:01.575+0000] {processor.py:830} INFO - Processing file /opt/airflow/dags/dl_fin_ratio_v2.py for tasks to queue
[2026-04-30T09:23:01.577+0000] {logging_mixin.py:188} INFO - [2026-04-30T09:23:01.577+0000] {dagbag.py:545} INFO - Filling up the DagBag from /opt/airflow/dags/dl_fin_ratio_v2.py
[2026-04-30T09:23:01.610+0000] {processor.py:840} INFO - DAG(s) 'fin_ratio_v2' retrieved from /opt/airflow/dags/dl_fin_ratio_v2.py
[2026-04-30T09:23:01.623+0000] {logging_mixin.py:188} INFO - [2026-04-30T09:23:01.623+0000] {dag.py:3089} INFO - Sync 1 DAGs
[2026-04-30T09:23:01.642+0000] {logging_mixin.py:188} INFO - [2026-04-30T09:23:01.642+0000] {dag.py:3947} INFO - Setting next_dagrun for fin_ratio_v2 to 2026-04-01 00:00:00+00:00, run_after=2026-05-01 00:00:00+00:00
[2026-04-30T09:23:01.658+0000] {processor.py:183} INFO - Processing /opt/airflow/dags/dl_fin_ratio_v2.py took 0.090 seconds
[2026-04-30T09:23:32.400+0000] {processor.py:161} INFO - Started process (PID=2508) to work on /opt/airflow/dags/dl_fin_ratio_v2.py
[2026-04-30T09:23:32.401+0000] {processor.py:830} INFO - Processing file /opt/airflow/dags/dl_fin_ratio_v2.py for tasks to queue
[2026-04-30T09:23:32.404+0000] {logging_mixin.py:188} INFO - [2026-04-30T09:23:32.404+0000] {dagbag.py:545} INFO - Filling up the DagBag from /opt/airflow/dags/dl_fin_ratio_v2.py
[2026-04-30T09:23:32.439+0000] {processor.py:840} INFO - DAG(s) 'fin_ratio_v2' retrieved from /opt/airflow/dags/dl_fin_ratio_v2.py
[2026-04-30T09:23:32.455+0000] {logging_mixin.py:188} INFO - [2026-04-30T09:23:32.454+0000] {dag.py:3089} INFO - Sync 1 DAGs
[2026-04-30T09:23:32.479+0000] {logging_mixin.py:188} INFO - [2026-04-30T09:23:32.479+0000] {dag.py:3947} INFO - Setting next_dagrun for fin_ratio_v2 to 2026-04-01 00:00:00+00:00, run_after=2026-05-01 00:00:00+00:00
[2026-04-30T09:23:32.498+0000] {processor.py:183} INFO - Processing /opt/airflow/dags/dl_fin_ratio_v2.py took 0.104 seconds
[2026-04-30T09:24:03.091+0000] {processor.py:161} INFO - Started process (PID=2533) to work on /opt/airflow/dags/dl_fin_ratio_v2.py
[2026-04-30T09:24:03.092+0000] {processor.py:830} INFO - Processing file /opt/airflow/dags/dl_fin_ratio_v2.py for tasks to queue
[2026-04-30T09:24:03.094+0000] {logging_mixin.py:188} INFO - [2026-04-30T09:24:03.093+0000] {dagbag.py:545} INFO - Filling up the DagBag from /opt/airflow/dags/dl_fin_ratio_v2.py
[2026-04-30T09:24:03.123+0000] {processor.py:840} INFO - DAG(s) 'fin_ratio_v2' retrieved from /opt/airflow/dags/dl_fin_ratio_v2.py
[2026-04-30T09:24:03.137+0000] {logging_mixin.py:188} INFO - [2026-04-30T09:24:03.136+0000] {dag.py:3089} INFO - Sync 1 DAGs
[2026-04-30T09:24:03.155+0000] {logging_mixin.py:188} INFO - [2026-04-30T09:24:03.155+0000] {dag.py:3947} INFO - Setting next_dagrun for fin_ratio_v2 to 2026-04-01 00:00:00+00:00, run_after=2026-05-01 00:00:00+00:00
[2026-04-30T09:24:03.174+0000] {processor.py:183} INFO - Processing /opt/airflow/dags/dl_fin_ratio_v2.py took 0.088 seconds
[2026-04-30T09:24:33.562+0000] {processor.py:161} INFO - Started process (PID=2558) to work on /opt/airflow/dags/dl_fin_ratio_v2.py
[2026-04-30T09:24:33.563+0000] {processor.py:830} INFO - Processing file /opt/airflow/dags/dl_fin_ratio_v2.py for tasks to queue
[2026-04-30T09:24:33.566+0000] {logging_mixin.py:188} INFO - [2026-04-30T09:24:33.565+0000] {dagbag.py:545} INFO - Filling up the DagBag from /opt/airflow/dags/dl_fin_ratio_v2.py
[2026-04-30T09:24:33.617+0000] {processor.py:840} INFO - DAG(s) 'fin_ratio_v2' retrieved from /opt/airflow/dags/dl_fin_ratio_v2.py
[2026-04-30T09:24:33.648+0000] {logging_mixin.py:188} INFO - [2026-04-30T09:24:33.647+0000] {dag.py:3089} INFO - Sync 1 DAGs
[2026-04-30T09:24:33.681+0000] {logging_mixin.py:188} INFO - [2026-04-30T09:24:33.680+0000] {dag.py:3947} INFO - Setting next_dagrun for fin_ratio_v2 to 2026-04-01 00:00:00+00:00, run_after=2026-05-01 00:00:00+00:00
[2026-04-30T09:24:33.709+0000] {processor.py:183} INFO - Processing /opt/airflow/dags/dl_fin_ratio_v2.py took 0.156 seconds
[2026-04-30T09:25:04.340+0000] {processor.py:161} INFO - Started process (PID=2583) to work on /opt/airflow/dags/dl_fin_ratio_v2.py
[2026-04-30T09:25:04.341+0000] {processor.py:830} INFO - Processing file /opt/airflow/dags/dl_fin_ratio_v2.py for tasks to queue
[2026-04-30T09:25:04.343+0000] {logging_mixin.py:188} INFO - [2026-04-30T09:25:04.343+0000] {dagbag.py:545} INFO - Filling up the DagBag from /opt/airflow/dags/dl_fin_ratio_v2.py
[2026-04-30T09:25:04.379+0000] {processor.py:840} INFO - DAG(s) 'fin_ratio_v2' retrieved from /opt/airflow/dags/dl_fin_ratio_v2.py
[2026-04-30T09:25:04.394+0000] {logging_mixin.py:188} INFO - [2026-04-30T09:25:04.394+0000] {dag.py:3089} INFO - Sync 1 DAGs
[2026-04-30T09:25:04.414+0000] {logging_mixin.py:188} INFO - [2026-04-30T09:25:04.413+0000] {dag.py:3947} INFO - Setting next_dagrun for fin_ratio_v2 to 2026-04-01 00:00:00+00:00, run_after=2026-05-01 00:00:00+00:00
[2026-04-30T09:25:04.433+0000] {processor.py:183} INFO - Processing /opt/airflow/dags/dl_fin_ratio_v2.py took 0.098 seconds
[2026-04-30T09:25:34.922+0000] {processor.py:161} INFO - Started process (PID=2609) to work on /opt/airflow/dags/dl_fin_ratio_v2.py
[2026-04-30T09:25:34.923+0000] {processor.py:830} INFO - Processing file /opt/airflow/dags/dl_fin_ratio_v2.py for tasks to queue
[2026-04-30T09:25:34.925+0000] {logging_mixin.py:188} INFO - [2026-04-30T09:25:34.925+0000] {dagbag.py:545} INFO - Filling up the DagBag from /opt/airflow/dags/dl_fin_ratio_v2.py
[2026-04-30T09:25:34.954+0000] {processor.py:840} INFO - DAG(s) 'fin_ratio_v2' retrieved from /opt/airflow/dags/dl_fin_ratio_v2.py
[2026-04-30T09:25:34.967+0000] {logging_mixin.py:188} INFO - [2026-04-30T09:25:34.967+0000] {dag.py:3089} INFO - Sync 1 DAGs
[2026-04-30T09:25:34.985+0000] {logging_mixin.py:188} INFO - [2026-04-30T09:25:34.985+0000] {dag.py:3947} INFO - Setting next_dagrun for fin_ratio_v2 to 2026-04-01 00:00:00+00:00, run_after=2026-05-01 00:00:00+00:00
[2026-04-30T09:25:35.004+0000] {processor.py:183} INFO - Processing /opt/airflow/dags/dl_fin_ratio_v2.py took 0.087 seconds
[2026-04-30T09:26:05.506+0000] {processor.py:161} INFO - Started process (PID=2634) to work on /opt/airflow/dags/dl_fin_ratio_v2.py
[2026-04-30T09:26:05.507+0000] {processor.py:830} INFO - Processing file /opt/airflow/dags/dl_fin_ratio_v2.py for tasks to queue
[2026-04-30T09:26:05.509+0000] {logging_mixin.py:188} INFO - [2026-04-30T09:26:05.509+0000] {dagbag.py:545} INFO - Filling up the DagBag from /opt/airflow/dags/dl_fin_ratio_v2.py
[2026-04-30T09:26:05.541+0000] {processor.py:840} INFO - DAG(s) 'fin_ratio_v2' retrieved from /opt/airflow/dags/dl_fin_ratio_v2.py
[2026-04-30T09:26:05.554+0000] {logging_mixin.py:188} INFO - [2026-04-30T09:26:05.554+0000] {dag.py:3089} INFO - Sync 1 DAGs
[2026-04-30T09:26:05.574+0000] {logging_mixin.py:188} INFO - [2026-04-30T09:26:05.574+0000] {dag.py:3947} INFO - Setting next_dagrun for fin_ratio_v2 to 2026-04-01 00:00:00+00:00, run_after=2026-05-01 00:00:00+00:00
[2026-04-30T09:26:05.589+0000] {processor.py:183} INFO - Processing /opt/airflow/dags/dl_fin_ratio_v2.py took 0.089 seconds
[2026-04-30T09:26:36.130+0000] {processor.py:161} INFO - Started process (PID=2659) to work on /opt/airflow/dags/dl_fin_ratio_v2.py
[2026-04-30T09:26:36.131+0000] {processor.py:830} INFO - Processing file /opt/airflow/dags/dl_fin_ratio_v2.py for tasks to queue
[2026-04-30T09:26:36.134+0000] {logging_mixin.py:188} INFO - [2026-04-30T09:26:36.133+0000] {dagbag.py:545} INFO - Filling up the DagBag from /opt/airflow/dags/dl_fin_ratio_v2.py
[2026-04-30T09:26:36.171+0000] {processor.py:840} INFO - DAG(s) 'fin_ratio_v2' retrieved from /opt/airflow/dags/dl_fin_ratio_v2.py
[2026-04-30T09:26:36.185+0000] {logging_mixin.py:188} INFO - [2026-04-30T09:26:36.185+0000] {dag.py:3089} INFO - Sync 1 DAGs
[2026-04-30T09:26:36.206+0000] {logging_mixin.py:188} INFO - [2026-04-30T09:26:36.205+0000] {dag.py:3947} INFO - Setting next_dagrun for fin_ratio_v2 to 2026-04-01 00:00:00+00:00, run_after=2026-05-01 00:00:00+00:00
[2026-04-30T09:26:36.225+0000] {processor.py:183} INFO - Processing /opt/airflow/dags/dl_fin_ratio_v2.py took 0.102 seconds
[2026-04-30T09:27:06.632+0000] {processor.py:161} INFO - Started process (PID=2684) to work on /opt/airflow/dags/dl_fin_ratio_v2.py
[2026-04-30T09:27:06.632+0000] {processor.py:830} INFO - Processing file /opt/airflow/dags/dl_fin_ratio_v2.py for tasks to queue
[2026-04-30T09:27:06.635+0000] {logging_mixin.py:188} INFO - [2026-04-30T09:27:06.635+0000] {dagbag.py:545} INFO - Filling up the DagBag from /opt/airflow/dags/dl_fin_ratio_v2.py
[2026-04-30T09:27:06.667+0000] {processor.py:840} INFO - DAG(s) 'fin_ratio_v2' retrieved from /opt/airflow/dags/dl_fin_ratio_v2.py
[2026-04-30T09:27:06.680+0000] {logging_mixin.py:188} INFO - [2026-04-30T09:27:06.680+0000] {dag.py:3089} INFO - Sync 1 DAGs
[2026-04-30T09:27:06.697+0000] {logging_mixin.py:188} INFO - [2026-04-30T09:27:06.697+0000] {dag.py:3947} INFO - Setting next_dagrun for fin_ratio_v2 to 2026-04-01 00:00:00+00:00, run_after=2026-05-01 00:00:00+00:00
[2026-04-30T09:27:06.715+0000] {processor.py:183} INFO - Processing /opt/airflow/dags/dl_fin_ratio_v2.py took 0.090 seconds
[2026-04-30T09:27:37.290+0000] {processor.py:161} INFO - Started process (PID=2709) to work on /opt/airflow/dags/dl_fin_ratio_v2.py
[2026-04-30T09:27:37.291+0000] {processor.py:830} INFO - Processing file /opt/airflow/dags/dl_fin_ratio_v2.py for tasks to queue
[2026-04-30T09:27:37.293+0000] {logging_mixin.py:188} INFO - [2026-04-30T09:27:37.293+0000] {dagbag.py:545} INFO - Filling up the DagBag from /opt/airflow/dags/dl_fin_ratio_v2.py
[2026-04-30T09:27:37.322+0000] {processor.py:840} INFO - DAG(s) 'fin_ratio_v2' retrieved from /opt/airflow/dags/dl_fin_ratio_v2.py
[2026-04-30T09:27:37.335+0000] {logging_mixin.py:188} INFO - [2026-04-30T09:27:37.335+0000] {dag.py:3089} INFO - Sync 1 DAGs
[2026-04-30T09:27:37.353+0000] {logging_mixin.py:188} INFO - [2026-04-30T09:27:37.353+0000] {dag.py:3947} INFO - Setting next_dagrun for fin_ratio_v2 to 2026-04-01 00:00:00+00:00, run_after=2026-05-01 00:00:00+00:00
[2026-04-30T09:27:37.370+0000] {processor.py:183} INFO - Processing /opt/airflow/dags/dl_fin_ratio_v2.py took 0.084 seconds
[2026-04-30T09:28:07.883+0000] {processor.py:161} INFO - Started process (PID=2734) to work on /opt/airflow/dags/dl_fin_ratio_v2.py
[2026-04-30T09:28:07.884+0000] {processor.py:830} INFO - Processing file /opt/airflow/dags/dl_fin_ratio_v2.py for tasks to queue
[2026-04-30T09:28:07.886+0000] {logging_mixin.py:188} INFO - [2026-04-30T09:28:07.886+0000] {dagbag.py:545} INFO - Filling up the DagBag from /opt/airflow/dags/dl_fin_ratio_v2.py
[2026-04-30T09:28:07.918+0000] {processor.py:840} INFO - DAG(s) 'fin_ratio_v2' retrieved from /opt/airflow/dags/dl_fin_ratio_v2.py
[2026-04-30T09:28:07.932+0000] {logging_mixin.py:188} INFO - [2026-04-30T09:28:07.932+0000] {dag.py:3089} INFO - Sync 1 DAGs
[2026-04-30T09:28:07.952+0000] {logging_mixin.py:188} INFO - [2026-04-30T09:28:07.952+0000] {dag.py:3947} INFO - Setting next_dagrun for fin_ratio_v2 to 2026-04-01 00:00:00+00:00, run_after=2026-05-01 00:00:00+00:00
[2026-04-30T09:28:07.968+0000] {processor.py:183} INFO - Processing /opt/airflow/dags/dl_fin_ratio_v2.py took 0.090 seconds
[2026-04-30T09:28:38.471+0000] {processor.py:161} INFO - Started process (PID=2759) to work on /opt/airflow/dags/dl_fin_ratio_v2.py
[2026-04-30T09:28:38.472+0000] {processor.py:830} INFO - Processing file /opt/airflow/dags/dl_fin_ratio_v2.py for tasks to queue
[2026-04-30T09:28:38.474+0000] {logging_mixin.py:188} INFO - [2026-04-30T09:28:38.474+0000] {dagbag.py:545} INFO - Filling up the DagBag from /opt/airflow/dags/dl_fin_ratio_v2.py
[2026-04-30T09:28:38.503+0000] {processor.py:840} INFO - DAG(s) 'fin_ratio_v2' retrieved from /opt/airflow/dags/dl_fin_ratio_v2.py
[2026-04-30T09:28:38.516+0000] {logging_mixin.py:188} INFO - [2026-04-30T09:28:38.516+0000] {dag.py:3089} INFO - Sync 1 DAGs
[2026-04-30T09:28:38.541+0000] {logging_mixin.py:188} INFO - [2026-04-30T09:28:38.541+0000] {dag.py:3947} INFO - Setting next_dagrun for fin_ratio_v2 to 2026-04-01 00:00:00+00:00, run_after=2026-05-01 00:00:00+00:00
[2026-04-30T09:28:39.034+0000] {processor.py:183} INFO - Processing /opt/airflow/dags/dl_fin_ratio_v2.py took 0.569 seconds
[2026-04-30T09:29:09.230+0000] {processor.py:161} INFO - Started process (PID=2784) to work on /opt/airflow/dags/dl_fin_ratio_v2.py
[2026-04-30T09:29:09.231+0000] {processor.py:830} INFO - Processing file /opt/airflow/dags/dl_fin_ratio_v2.py for tasks to queue
[2026-04-30T09:29:09.233+0000] {logging_mixin.py:188} INFO - [2026-04-30T09:29:09.233+0000] {dagbag.py:545} INFO - Filling up the DagBag from /opt/airflow/dags/dl_fin_ratio_v2.py
[2026-04-30T09:29:09.266+0000] {processor.py:840} INFO - DAG(s) 'fin_ratio_v2' retrieved from /opt/airflow/dags/dl_fin_ratio_v2.py
[2026-04-30T09:29:09.280+0000] {logging_mixin.py:188} INFO - [2026-04-30T09:29:09.280+0000] {dag.py:3089} INFO - Sync 1 DAGs
[2026-04-30T09:29:09.300+0000] {logging_mixin.py:188} INFO - [2026-04-30T09:29:09.300+0000] {dag.py:3947} INFO - Setting next_dagrun for fin_ratio_v2 to 2026-04-01 00:00:00+00:00, run_after=2026-05-01 00:00:00+00:00
[2026-04-30T09:29:09.319+0000] {processor.py:183} INFO - Processing /opt/airflow/dags/dl_fin_ratio_v2.py took 0.095 seconds
[2026-04-30T09:29:40.195+0000] {processor.py:161} INFO - Started process (PID=2809) to work on /opt/airflow/dags/dl_fin_ratio_v2.py
[2026-04-30T09:29:40.196+0000] {processor.py:830} INFO - Processing file /opt/airflow/dags/dl_fin_ratio_v2.py for tasks to queue
[2026-04-30T09:29:40.198+0000] {logging_mixin.py:188} INFO - [2026-04-30T09:29:40.197+0000] {dagbag.py:545} INFO - Filling up the DagBag from /opt/airflow/dags/dl_fin_ratio_v2.py
[2026-04-30T09:29:40.228+0000] {processor.py:840} INFO - DAG(s) 'fin_ratio_v2' retrieved from /opt/airflow/dags/dl_fin_ratio_v2.py
[2026-04-30T09:29:40.242+0000] {logging_mixin.py:188} INFO - [2026-04-30T09:29:40.241+0000] {dag.py:3089} INFO - Sync 1 DAGs
[2026-04-30T09:29:40.261+0000] {logging_mixin.py:188} INFO - [2026-04-30T09:29:40.261+0000] {dag.py:3947} INFO - Setting next_dagrun for fin_ratio_v2 to 2026-04-01 00:00:00+00:00, run_after=2026-05-01 00:00:00+00:00
[2026-04-30T09:29:40.275+0000] {processor.py:183} INFO - Processing /opt/airflow/dags/dl_fin_ratio_v2.py took 0.086 seconds
[2026-04-30T09:30:10.365+0000] {processor.py:161} INFO - Started process (PID=2834) to work on /opt/airflow/dags/dl_fin_ratio_v2.py
[2026-04-30T09:30:10.366+0000] {processor.py:830} INFO - Processing file /opt/airflow/dags/dl_fin_ratio_v2.py for tasks to queue
[2026-04-30T09:30:10.368+0000] {logging_mixin.py:188} INFO - [2026-04-30T09:30:10.367+0000] {dagbag.py:545} INFO - Filling up the DagBag from /opt/airflow/dags/dl_fin_ratio_v2.py
[2026-04-30T09:30:10.400+0000] {processor.py:840} INFO - DAG(s) 'fin_ratio_v2' retrieved from /opt/airflow/dags/dl_fin_ratio_v2.py
[2026-04-30T09:30:10.413+0000] {logging_mixin.py:188} INFO - [2026-04-30T09:30:10.413+0000] {dag.py:3089} INFO - Sync 1 DAGs
[2026-04-30T09:30:10.434+0000] {logging_mixin.py:188} INFO - [2026-04-30T09:30:10.433+0000] {dag.py:3947} INFO - Setting next_dagrun for fin_ratio_v2 to 2026-04-01 00:00:00+00:00, run_after=2026-05-01 00:00:00+00:00
[2026-04-30T09:30:10.451+0000] {processor.py:183} INFO - Processing /opt/airflow/dags/dl_fin_ratio_v2.py took 0.091 seconds
[2026-04-30T09:30:41.206+0000] {processor.py:161} INFO - Started process (PID=2860) to work on /opt/airflow/dags/dl_fin_ratio_v2.py
[2026-04-30T09:30:41.207+0000] {processor.py:830} INFO - Processing file /opt/airflow/dags/dl_fin_ratio_v2.py for tasks to queue
[2026-04-30T09:30:41.209+0000] {logging_mixin.py:188} INFO - [2026-04-30T09:30:41.209+0000] {dagbag.py:545} INFO - Filling up the DagBag from /opt/airflow/dags/dl_fin_ratio_v2.py
[2026-04-30T09:30:41.245+0000] {processor.py:840} INFO - DAG(s) 'fin_ratio_v2' retrieved from /opt/airflow/dags/dl_fin_ratio_v2.py
[2026-04-30T09:30:41.260+0000] {logging_mixin.py:188} INFO - [2026-04-30T09:30:41.260+0000] {dag.py:3089} INFO - Sync 1 DAGs
[2026-04-30T09:30:41.283+0000] {logging_mixin.py:188} INFO - [2026-04-30T09:30:41.283+0000] {dag.py:3947} INFO - Setting next_dagrun for fin_ratio_v2 to 2026-04-01 00:00:00+00:00, run_after=2026-05-01 00:00:00+00:00
[2026-04-30T09:30:41.300+0000] {processor.py:183} INFO - Processing /opt/airflow/dags/dl_fin_ratio_v2.py took 0.101 seconds
[2026-04-30T09:31:11.991+0000] {processor.py:161} INFO - Started process (PID=2885) to work on /opt/airflow/dags/dl_fin_ratio_v2.py
[2026-04-30T09:31:11.992+0000] {processor.py:830} INFO - Processing file /opt/airflow/dags/dl_fin_ratio_v2.py for tasks to queue
[2026-04-30T09:31:11.994+0000] {logging_mixin.py:188} INFO - [2026-04-30T09:31:11.994+0000] {dagbag.py:545} INFO - Filling up the DagBag from /opt/airflow/dags/dl_fin_ratio_v2.py
[2026-04-30T09:31:12.029+0000] {processor.py:840} INFO - DAG(s) 'fin_ratio_v2' retrieved from /opt/airflow/dags/dl_fin_ratio_v2.py
[2026-04-30T09:31:12.044+0000] {logging_mixin.py:188} INFO - [2026-04-30T09:31:12.043+0000] {dag.py:3089} INFO - Sync 1 DAGs
[2026-04-30T09:31:12.067+0000] {logging_mixin.py:188} INFO - [2026-04-30T09:31:12.067+0000] {dag.py:3947} INFO - Setting next_dagrun for fin_ratio_v2 to 2026-04-01 00:00:00+00:00, run_after=2026-05-01 00:00:00+00:00
[2026-04-30T09:31:12.086+0000] {processor.py:183} INFO - Processing /opt/airflow/dags/dl_fin_ratio_v2.py took 0.100 seconds
[2026-04-30T09:31:42.552+0000] {processor.py:161} INFO - Started process (PID=2910) to work on /opt/airflow/dags/dl_fin_ratio_v2.py
[2026-04-30T09:31:42.552+0000] {processor.py:830} INFO - Processing file /opt/airflow/dags/dl_fin_ratio_v2.py for tasks to queue
[2026-04-30T09:31:42.554+0000] {logging_mixin.py:188} INFO - [2026-04-30T09:31:42.554+0000] {dagbag.py:545} INFO - Filling up the DagBag from /opt/airflow/dags/dl_fin_ratio_v2.py
[2026-04-30T09:31:42.592+0000] {processor.py:840} INFO - DAG(s) 'fin_ratio_v2' retrieved from /opt/airflow/dags/dl_fin_ratio_v2.py
[2026-04-30T09:31:42.606+0000] {logging_mixin.py:188} INFO - [2026-04-30T09:31:42.605+0000] {dag.py:3089} INFO - Sync 1 DAGs
[2026-04-30T09:31:42.629+0000] {logging_mixin.py:188} INFO - [2026-04-30T09:31:42.629+0000] {dag.py:3947} INFO - Setting next_dagrun for fin_ratio_v2 to 2026-04-01 00:00:00+00:00, run_after=2026-05-01 00:00:00+00:00
[2026-04-30T09:31:42.647+0000] {processor.py:183} INFO - Processing /opt/airflow/dags/dl_fin_ratio_v2.py took 0.102 seconds
[2026-04-30T09:32:13.208+0000] {processor.py:161} INFO - Started process (PID=2935) to work on /opt/airflow/dags/dl_fin_ratio_v2.py
[2026-04-30T09:32:13.209+0000] {processor.py:830} INFO - Processing file /opt/airflow/dags/dl_fin_ratio_v2.py for tasks to queue
[2026-04-30T09:32:13.211+0000] {logging_mixin.py:188} INFO - [2026-04-30T09:32:13.210+0000] {dagbag.py:545} INFO - Filling up the DagBag from /opt/airflow/dags/dl_fin_ratio_v2.py
[2026-04-30T09:32:13.244+0000] {processor.py:840} INFO - DAG(s) 'fin_ratio_v2' retrieved from /opt/airflow/dags/dl_fin_ratio_v2.py
[2026-04-30T09:32:13.259+0000] {logging_mixin.py:188} INFO - [2026-04-30T09:32:13.258+0000] {dag.py:3089} INFO - Sync 1 DAGs
[2026-04-30T09:32:13.279+0000] {logging_mixin.py:188} INFO - [2026-04-30T09:32:13.279+0000] {dag.py:3947} INFO - Setting next_dagrun for fin_ratio_v2 to 2026-04-01 00:00:00+00:00, run_after=2026-05-01 00:00:00+00:00
[2026-04-30T09:32:13.301+0000] {processor.py:183} INFO - Processing /opt/airflow/dags/dl_fin_ratio_v2.py took 0.099 seconds
[2026-04-30T09:32:43.891+0000] {processor.py:161} INFO - Started process (PID=2960) to work on /opt/airflow/dags/dl_fin_ratio_v2.py
[2026-04-30T09:32:43.891+0000] {processor.py:830} INFO - Processing file /opt/airflow/dags/dl_fin_ratio_v2.py for tasks to queue
[2026-04-30T09:32:43.893+0000] {logging_mixin.py:188} INFO - [2026-04-30T09:32:43.893+0000] {dagbag.py:545} INFO - Filling up the DagBag from /opt/airflow/dags/dl_fin_ratio_v2.py
[2026-04-30T09:32:43.924+0000] {processor.py:840} INFO - DAG(s) 'fin_ratio_v2' retrieved from /opt/airflow/dags/dl_fin_ratio_v2.py
[2026-04-30T09:32:43.938+0000] {logging_mixin.py:188} INFO - [2026-04-30T09:32:43.938+0000] {dag.py:3089} INFO - Sync 1 DAGs
[2026-04-30T09:32:43.957+0000] {logging_mixin.py:188} INFO - [2026-04-30T09:32:43.956+0000] {dag.py:3947} INFO - Setting next_dagrun for fin_ratio_v2 to 2026-04-01 00:00:00+00:00, run_after=2026-05-01 00:00:00+00:00
[2026-04-30T09:32:43.971+0000] {processor.py:183} INFO - Processing /opt/airflow/dags/dl_fin_ratio_v2.py took 0.085 seconds
[2026-04-30T09:33:14.453+0000] {processor.py:161} INFO - Started process (PID=2985) to work on /opt/airflow/dags/dl_fin_ratio_v2.py
[2026-04-30T09:33:14.454+0000] {processor.py:830} INFO - Processing file /opt/airflow/dags/dl_fin_ratio_v2.py for tasks to queue
[2026-04-30T09:33:14.456+0000] {logging_mixin.py:188} INFO - [2026-04-30T09:33:14.456+0000] {dagbag.py:545} INFO - Filling up the DagBag from /opt/airflow/dags/dl_fin_ratio_v2.py
[2026-04-30T09:33:14.487+0000] {processor.py:840} INFO - DAG(s) 'fin_ratio_v2' retrieved from /opt/airflow/dags/dl_fin_ratio_v2.py
[2026-04-30T09:33:14.501+0000] {logging_mixin.py:188} INFO - [2026-04-30T09:33:14.501+0000] {dag.py:3089} INFO - Sync 1 DAGs
[2026-04-30T09:33:14.520+0000] {logging_mixin.py:188} INFO - [2026-04-30T09:33:14.519+0000] {dag.py:3947} INFO - Setting next_dagrun for fin_ratio_v2 to 2026-04-01 00:00:00+00:00, run_after=2026-05-01 00:00:00+00:00
[2026-04-30T09:33:14.538+0000] {processor.py:183} INFO - Processing /opt/airflow/dags/dl_fin_ratio_v2.py took 0.090 seconds
[2026-04-30T09:33:45.185+0000] {processor.py:161} INFO - Started process (PID=3011) to work on /opt/airflow/dags/dl_fin_ratio_v2.py
[2026-04-30T09:33:45.186+0000] {processor.py:830} INFO - Processing file /opt/airflow/dags/dl_fin_ratio_v2.py for tasks to queue
[2026-04-30T09:33:45.188+0000] {logging_mixin.py:188} INFO - [2026-04-30T09:33:45.188+0000] {dagbag.py:545} INFO - Filling up the DagBag from /opt/airflow/dags/dl_fin_ratio_v2.py
[2026-04-30T09:33:45.224+0000] {processor.py:840} INFO - DAG(s) 'fin_ratio_v2' retrieved from /opt/airflow/dags/dl_fin_ratio_v2.py
[2026-04-30T09:33:45.239+0000] {logging_mixin.py:188} INFO - [2026-04-30T09:33:45.239+0000] {dag.py:3089} INFO - Sync 1 DAGs
[2026-04-30T09:33:45.262+0000] {logging_mixin.py:188} INFO - [2026-04-30T09:33:45.262+0000] {dag.py:3947} INFO - Setting next_dagrun for fin_ratio_v2 to 2026-04-01 00:00:00+00:00, run_after=2026-05-01 00:00:00+00:00
[2026-04-30T09:33:45.281+0000] {processor.py:183} INFO - Processing /opt/airflow/dags/dl_fin_ratio_v2.py took 0.102 seconds
[2026-04-30T09:34:16.161+0000] {processor.py:161} INFO - Started process (PID=3036) to work on /opt/airflow/dags/dl_fin_ratio_v2.py
[2026-04-30T09:34:16.162+0000] {processor.py:830} INFO - Processing file /opt/airflow/dags/dl_fin_ratio_v2.py for tasks to queue
[2026-04-30T09:34:16.164+0000] {logging_mixin.py:188} INFO - [2026-04-30T09:34:16.163+0000] {dagbag.py:545} INFO - Filling up the DagBag from /opt/airflow/dags/dl_fin_ratio_v2.py
[2026-04-30T09:34:16.199+0000] {processor.py:840} INFO - DAG(s) 'fin_ratio_v2' retrieved from /opt/airflow/dags/dl_fin_ratio_v2.py
[2026-04-30T09:34:16.215+0000] {logging_mixin.py:188} INFO - [2026-04-30T09:34:16.215+0000] {dag.py:3089} INFO - Sync 1 DAGs
[2026-04-30T09:34:16.238+0000] {logging_mixin.py:188} INFO - [2026-04-30T09:34:16.238+0000] {dag.py:3947} INFO - Setting next_dagrun for fin_ratio_v2 to 2026-04-01 00:00:00+00:00, run_after=2026-05-01 00:00:00+00:00
[2026-04-30T09:34:16.257+0000] {processor.py:183} INFO - Processing /opt/airflow/dags/dl_fin_ratio_v2.py took 0.102 seconds
[2026-04-30T09:34:46.565+0000] {processor.py:161} INFO - Started process (PID=3061) to work on /opt/airflow/dags/dl_fin_ratio_v2.py
[2026-04-30T09:34:46.566+0000] {processor.py:830} INFO - Processing file /opt/airflow/dags/dl_fin_ratio_v2.py for tasks to queue
[2026-04-30T09:34:46.568+0000] {logging_mixin.py:188} INFO - [2026-04-30T09:34:46.568+0000] {dagbag.py:545} INFO - Filling up the DagBag from /opt/airflow/dags/dl_fin_ratio_v2.py
[2026-04-30T09:34:46.603+0000] {processor.py:840} INFO - DAG(s) 'fin_ratio_v2' retrieved from /opt/airflow/dags/dl_fin_ratio_v2.py
[2026-04-30T09:34:46.617+0000] {logging_mixin.py:188} INFO - [2026-04-30T09:34:46.617+0000] {dag.py:3089} INFO - Sync 1 DAGs
[2026-04-30T09:34:46.642+0000] {logging_mixin.py:188} INFO - [2026-04-30T09:34:46.642+0000] {dag.py:3947} INFO - Setting next_dagrun for fin_ratio_v2 to 2026-04-01 00:00:00+00:00, run_after=2026-05-01 00:00:00+00:00
[2026-04-30T09:34:46.661+0000] {processor.py:183} INFO - Processing /opt/airflow/dags/dl_fin_ratio_v2.py took 0.101 seconds
[2026-04-30T09:35:17.327+0000] {processor.py:161} INFO - Started process (PID=3086) to work on /opt/airflow/dags/dl_fin_ratio_v2.py
[2026-04-30T09:35:17.328+0000] {processor.py:830} INFO - Processing file /opt/airflow/dags/dl_fin_ratio_v2.py for tasks to queue
[2026-04-30T09:35:17.330+0000] {logging_mixin.py:188} INFO - [2026-04-30T09:35:17.330+0000] {dagbag.py:545} INFO - Filling up the DagBag from /opt/airflow/dags/dl_fin_ratio_v2.py
[2026-04-30T09:35:17.361+0000] {processor.py:840} INFO - DAG(s) 'fin_ratio_v2' retrieved from /opt/airflow/dags/dl_fin_ratio_v2.py
[2026-04-30T09:35:17.376+0000] {logging_mixin.py:188} INFO - [2026-04-30T09:35:17.375+0000] {dag.py:3089} INFO - Sync 1 DAGs
[2026-04-30T09:35:17.397+0000] {logging_mixin.py:188} INFO - [2026-04-30T09:35:17.397+0000] {dag.py:3947} INFO - Setting next_dagrun for fin_ratio_v2 to 2026-04-01 00:00:00+00:00, run_after=2026-05-01 00:00:00+00:00
[2026-04-30T09:35:17.417+0000] {processor.py:183} INFO - Processing /opt/airflow/dags/dl_fin_ratio_v2.py took 0.095 seconds
[2026-04-30T09:35:47.929+0000] {processor.py:161} INFO - Started process (PID=3111) to work on /opt/airflow/dags/dl_fin_ratio_v2.py
[2026-04-30T09:35:47.929+0000] {processor.py:830} INFO - Processing file /opt/airflow/dags/dl_fin_ratio_v2.py for tasks to queue
[2026-04-30T09:35:47.932+0000] {logging_mixin.py:188} INFO - [2026-04-30T09:35:47.932+0000] {dagbag.py:545} INFO - Filling up the DagBag from /opt/airflow/dags/dl_fin_ratio_v2.py
[2026-04-30T09:35:47.967+0000] {processor.py:840} INFO - DAG(s) 'fin_ratio_v2' retrieved from /opt/airflow/dags/dl_fin_ratio_v2.py
[2026-04-30T09:35:47.983+0000] {logging_mixin.py:188} INFO - [2026-04-30T09:35:47.983+0000] {dag.py:3089} INFO - Sync 1 DAGs
[2026-04-30T09:35:48.005+0000] {logging_mixin.py:188} INFO - [2026-04-30T09:35:48.005+0000] {dag.py:3947} INFO - Setting next_dagrun for fin_ratio_v2 to 2026-04-01 00:00:00+00:00, run_after=2026-05-01 00:00:00+00:00
[2026-04-30T09:35:48.022+0000] {processor.py:183} INFO - Processing /opt/airflow/dags/dl_fin_ratio_v2.py took 0.098 seconds
[2026-04-30T09:36:19.010+0000] {processor.py:161} INFO - Started process (PID=3136) to work on /opt/airflow/dags/dl_fin_ratio_v2.py
[2026-04-30T09:36:19.011+0000] {processor.py:830} INFO - Processing file /opt/airflow/dags/dl_fin_ratio_v2.py for tasks to queue
[2026-04-30T09:36:19.015+0000] {logging_mixin.py:188} INFO - [2026-04-30T09:36:19.015+0000] {dagbag.py:545} INFO - Filling up the DagBag from /opt/airflow/dags/dl_fin_ratio_v2.py
[2026-04-30T09:36:19.053+0000] {processor.py:840} INFO - DAG(s) 'fin_ratio_v2' retrieved from /opt/airflow/dags/dl_fin_ratio_v2.py
[2026-04-30T09:36:19.069+0000] {logging_mixin.py:188} INFO - [2026-04-30T09:36:19.069+0000] {dag.py:3089} INFO - Sync 1 DAGs
[2026-04-30T09:36:19.097+0000] {logging_mixin.py:188} INFO - [2026-04-30T09:36:19.097+0000] {dag.py:3947} INFO - Setting next_dagrun for fin_ratio_v2 to 2026-04-01 00:00:00+00:00, run_after=2026-05-01 00:00:00+00:00
[2026-04-30T09:36:19.123+0000] {processor.py:183} INFO - Processing /opt/airflow/dags/dl_fin_ratio_v2.py took 0.122 seconds
[2026-04-30T09:36:49.859+0000] {processor.py:161} INFO - Started process (PID=3161) to work on /opt/airflow/dags/dl_fin_ratio_v2.py
[2026-04-30T09:36:49.860+0000] {processor.py:830} INFO - Processing file /opt/airflow/dags/dl_fin_ratio_v2.py for tasks to queue
[2026-04-30T09:36:49.863+0000] {logging_mixin.py:188} INFO - [2026-04-30T09:36:49.862+0000] {dagbag.py:545} INFO - Filling up the DagBag from /opt/airflow/dags/dl_fin_ratio_v2.py
[2026-04-30T09:36:49.904+0000] {processor.py:840} INFO - DAG(s) 'fin_ratio_v2' retrieved from /opt/airflow/dags/dl_fin_ratio_v2.py
[2026-04-30T09:36:49.922+0000] {logging_mixin.py:188} INFO - [2026-04-30T09:36:49.922+0000] {dag.py:3089} INFO - Sync 1 DAGs
[2026-04-30T09:36:49.949+0000] {logging_mixin.py:188} INFO - [2026-04-30T09:36:49.948+0000] {dag.py:3947} INFO - Setting next_dagrun for fin_ratio_v2 to 2026-04-01 00:00:00+00:00, run_after=2026-05-01 00:00:00+00:00
[2026-04-30T09:36:49.976+0000] {processor.py:183} INFO - Processing /opt/airflow/dags/dl_fin_ratio_v2.py took 0.122 seconds
[2026-04-30T09:37:20.789+0000] {processor.py:161} INFO - Started process (PID=3186) to work on /opt/airflow/dags/dl_fin_ratio_v2.py
[2026-04-30T09:37:20.791+0000] {processor.py:830} INFO - Processing file /opt/airflow/dags/dl_fin_ratio_v2.py for tasks to queue
[2026-04-30T09:37:20.794+0000] {logging_mixin.py:188} INFO - [2026-04-30T09:37:20.794+0000] {dagbag.py:545} INFO - Filling up the DagBag from /opt/airflow/dags/dl_fin_ratio_v2.py
[2026-04-30T09:37:20.846+0000] {processor.py:840} INFO - DAG(s) 'fin_ratio_v2' retrieved from /opt/airflow/dags/dl_fin_ratio_v2.py
[2026-04-30T09:37:20.867+0000] {logging_mixin.py:188} INFO - [2026-04-30T09:37:20.867+0000] {dag.py:3089} INFO - Sync 1 DAGs
[2026-04-30T09:37:20.901+0000] {logging_mixin.py:188} INFO - [2026-04-30T09:37:20.901+0000] {dag.py:3947} INFO - Setting next_dagrun for fin_ratio_v2 to 2026-04-01 00:00:00+00:00, run_after=2026-05-01 00:00:00+00:00
[2026-04-30T09:37:20.925+0000] {processor.py:183} INFO - Processing /opt/airflow/dags/dl_fin_ratio_v2.py took 0.144 seconds
[2026-04-30T09:37:51.132+0000] {processor.py:161} INFO - Started process (PID=3211) to work on /opt/airflow/dags/dl_fin_ratio_v2.py
[2026-04-30T09:37:51.133+0000] {processor.py:830} INFO - Processing file /opt/airflow/dags/dl_fin_ratio_v2.py for tasks to queue
[2026-04-30T09:37:51.136+0000] {logging_mixin.py:188} INFO - [2026-04-30T09:37:51.135+0000] {dagbag.py:545} INFO - Filling up the DagBag from /opt/airflow/dags/dl_fin_ratio_v2.py
[2026-04-30T09:37:51.176+0000] {processor.py:840} INFO - DAG(s) 'fin_ratio_v2' retrieved from /opt/airflow/dags/dl_fin_ratio_v2.py
[2026-04-30T09:37:51.194+0000] {logging_mixin.py:188} INFO - [2026-04-30T09:37:51.194+0000] {dag.py:3089} INFO - Sync 1 DAGs
[2026-04-30T09:37:51.218+0000] {logging_mixin.py:188} INFO - [2026-04-30T09:37:51.218+0000] {dag.py:3947} INFO - Setting next_dagrun for fin_ratio_v2 to 2026-04-01 00:00:00+00:00, run_after=2026-05-01 00:00:00+00:00
[2026-04-30T09:37:51.236+0000] {processor.py:183} INFO - Processing /opt/airflow/dags/dl_fin_ratio_v2.py took 0.111 seconds
[2026-04-30T09:38:22.138+0000] {processor.py:161} INFO - Started process (PID=3236) to work on /opt/airflow/dags/dl_fin_ratio_v2.py
[2026-04-30T09:38:22.139+0000] {processor.py:830} INFO - Processing file /opt/airflow/dags/dl_fin_ratio_v2.py for tasks to queue
[2026-04-30T09:38:22.141+0000] {logging_mixin.py:188} INFO - [2026-04-30T09:38:22.141+0000] {dagbag.py:545} INFO - Filling up the DagBag from /opt/airflow/dags/dl_fin_ratio_v2.py
[2026-04-30T09:38:22.179+0000] {processor.py:840} INFO - DAG(s) 'fin_ratio_v2' retrieved from /opt/airflow/dags/dl_fin_ratio_v2.py
[2026-04-30T09:38:22.199+0000] {logging_mixin.py:188} INFO - [2026-04-30T09:38:22.198+0000] {dag.py:3089} INFO - Sync 1 DAGs
[2026-04-30T09:38:22.221+0000] {logging_mixin.py:188} INFO - [2026-04-30T09:38:22.221+0000] {dag.py:3947} INFO - Setting next_dagrun for fin_ratio_v2 to 2026-04-01 00:00:00+00:00, run_after=2026-05-01 00:00:00+00:00
[2026-04-30T09:38:22.238+0000] {processor.py:183} INFO - Processing /opt/airflow/dags/dl_fin_ratio_v2.py took 0.105 seconds
[2026-04-30T09:38:52.833+0000] {processor.py:161} INFO - Started process (PID=3261) to work on /opt/airflow/dags/dl_fin_ratio_v2.py
[2026-04-30T09:38:52.834+0000] {processor.py:830} INFO - Processing file /opt/airflow/dags/dl_fin_ratio_v2.py for tasks to queue
[2026-04-30T09:38:52.837+0000] {logging_mixin.py:188} INFO - [2026-04-30T09:38:52.837+0000] {dagbag.py:545} INFO - Filling up the DagBag from /opt/airflow/dags/dl_fin_ratio_v2.py
[2026-04-30T09:38:52.885+0000] {processor.py:840} INFO - DAG(s) 'fin_ratio_v2' retrieved from /opt/airflow/dags/dl_fin_ratio_v2.py
[2026-04-30T09:38:52.900+0000] {logging_mixin.py:188} INFO - [2026-04-30T09:38:52.900+0000] {dag.py:3089} INFO - Sync 1 DAGs
[2026-04-30T09:38:52.921+0000] {logging_mixin.py:188} INFO - [2026-04-30T09:38:52.920+0000] {dag.py:3947} INFO - Setting next_dagrun for fin_ratio_v2 to 2026-04-01 00:00:00+00:00, run_after=2026-05-01 00:00:00+00:00
[2026-04-30T09:38:52.941+0000] {processor.py:183} INFO - Processing /opt/airflow/dags/dl_fin_ratio_v2.py took 0.117 seconds
[2026-04-30T09:39:23.795+0000] {processor.py:161} INFO - Started process (PID=3286) to work on /opt/airflow/dags/dl_fin_ratio_v2.py
[2026-04-30T09:39:23.796+0000] {processor.py:830} INFO - Processing file /opt/airflow/dags/dl_fin_ratio_v2.py for tasks to queue
[2026-04-30T09:39:23.798+0000] {logging_mixin.py:188} INFO - [2026-04-30T09:39:23.798+0000] {dagbag.py:545} INFO - Filling up the DagBag from /opt/airflow/dags/dl_fin_ratio_v2.py
[2026-04-30T09:39:23.832+0000] {processor.py:840} INFO - DAG(s) 'fin_ratio_v2' retrieved from /opt/airflow/dags/dl_fin_ratio_v2.py
[2026-04-30T09:39:23.846+0000] {logging_mixin.py:188} INFO - [2026-04-30T09:39:23.845+0000] {dag.py:3089} INFO - Sync 1 DAGs
[2026-04-30T09:39:23.865+0000] {logging_mixin.py:188} INFO - [2026-04-30T09:39:23.865+0000] {dag.py:3947} INFO - Setting next_dagrun for fin_ratio_v2 to 2026-04-01 00:00:00+00:00, run_after=2026-05-01 00:00:00+00:00
[2026-04-30T09:39:23.884+0000] {processor.py:183} INFO - Processing /opt/airflow/dags/dl_fin_ratio_v2.py took 0.094 seconds
[2026-04-30T09:39:54.406+0000] {processor.py:161} INFO - Started process (PID=3311) to work on /opt/airflow/dags/dl_fin_ratio_v2.py
[2026-04-30T09:39:54.406+0000] {processor.py:830} INFO - Processing file /opt/airflow/dags/dl_fin_ratio_v2.py for tasks to queue
[2026-04-30T09:39:54.408+0000] {logging_mixin.py:188} INFO - [2026-04-30T09:39:54.408+0000] {dagbag.py:545} INFO - Filling up the DagBag from /opt/airflow/dags/dl_fin_ratio_v2.py
[2026-04-30T09:39:54.439+0000] {processor.py:840} INFO - DAG(s) 'fin_ratio_v2' retrieved from /opt/airflow/dags/dl_fin_ratio_v2.py
[2026-04-30T09:39:54.453+0000] {logging_mixin.py:188} INFO - [2026-04-30T09:39:54.453+0000] {dag.py:3089} INFO - Sync 1 DAGs
[2026-04-30T09:39:54.476+0000] {logging_mixin.py:188} INFO - [2026-04-30T09:39:54.476+0000] {dag.py:3947} INFO - Setting next_dagrun for fin_ratio_v2 to 2026-04-01 00:00:00+00:00, run_after=2026-05-01 00:00:00+00:00
[2026-04-30T09:39:54.492+0000] {processor.py:183} INFO - Processing /opt/airflow/dags/dl_fin_ratio_v2.py took 0.091 seconds
[2026-04-30T09:40:25.122+0000] {processor.py:161} INFO - Started process (PID=3336) to work on /opt/airflow/dags/dl_fin_ratio_v2.py
[2026-04-30T09:40:25.123+0000] {processor.py:830} INFO - Processing file /opt/airflow/dags/dl_fin_ratio_v2.py for tasks to queue
[2026-04-30T09:40:25.125+0000] {logging_mixin.py:188} INFO - [2026-04-30T09:40:25.125+0000] {dagbag.py:545} INFO - Filling up the DagBag from /opt/airflow/dags/dl_fin_ratio_v2.py
[2026-04-30T09:40:25.156+0000] {processor.py:840} INFO - DAG(s) 'fin_ratio_v2' retrieved from /opt/airflow/dags/dl_fin_ratio_v2.py
[2026-04-30T09:40:25.172+0000] {logging_mixin.py:188} INFO - [2026-04-30T09:40:25.172+0000] {dag.py:3089} INFO - Sync 1 DAGs
[2026-04-30T09:40:25.190+0000] {logging_mixin.py:188} INFO - [2026-04-30T09:40:25.190+0000] {dag.py:3947} INFO - Setting next_dagrun for fin_ratio_v2 to 2026-04-01 00:00:00+00:00, run_after=2026-05-01 00:00:00+00:00
[2026-04-30T09:40:25.207+0000] {processor.py:183} INFO - Processing /opt/airflow/dags/dl_fin_ratio_v2.py took 0.090 seconds
[2026-04-30T09:40:55.784+0000] {processor.py:161} INFO - Started process (PID=3361) to work on /opt/airflow/dags/dl_fin_ratio_v2.py
[2026-04-30T09:40:55.784+0000] {processor.py:830} INFO - Processing file /opt/airflow/dags/dl_fin_ratio_v2.py for tasks to queue
[2026-04-30T09:40:55.788+0000] {logging_mixin.py:188} INFO - [2026-04-30T09:40:55.787+0000] {dagbag.py:545} INFO - Filling up the DagBag from /opt/airflow/dags/dl_fin_ratio_v2.py
[2026-04-30T09:40:55.827+0000] {processor.py:840} INFO - DAG(s) 'fin_ratio_v2' retrieved from /opt/airflow/dags/dl_fin_ratio_v2.py
[2026-04-30T09:40:55.846+0000] {logging_mixin.py:188} INFO - [2026-04-30T09:40:55.845+0000] {dag.py:3089} INFO - Sync 1 DAGs
[2026-04-30T09:40:55.869+0000] {logging_mixin.py:188} INFO - [2026-04-30T09:40:55.869+0000] {dag.py:3947} INFO - Setting next_dagrun for fin_ratio_v2 to 2026-04-01 00:00:00+00:00, run_after=2026-05-01 00:00:00+00:00
[2026-04-30T09:40:55.890+0000] {processor.py:183} INFO - Processing /opt/airflow/dags/dl_fin_ratio_v2.py took 0.113 seconds
[2026-04-30T09:41:26.668+0000] {processor.py:161} INFO - Started process (PID=3386) to work on /opt/airflow/dags/dl_fin_ratio_v2.py
[2026-04-30T09:41:26.670+0000] {processor.py:830} INFO - Processing file /opt/airflow/dags/dl_fin_ratio_v2.py for tasks to queue
[2026-04-30T09:41:26.676+0000] {logging_mixin.py:188} INFO - [2026-04-30T09:41:26.675+0000] {dagbag.py:545} INFO - Filling up the DagBag from /opt/airflow/dags/dl_fin_ratio_v2.py
[2026-04-30T09:41:26.742+0000] {processor.py:840} INFO - DAG(s) 'fin_ratio_v2' retrieved from /opt/airflow/dags/dl_fin_ratio_v2.py
[2026-04-30T09:41:26.771+0000] {logging_mixin.py:188} INFO - [2026-04-30T09:41:26.770+0000] {dag.py:3089} INFO - Sync 1 DAGs
[2026-04-30T09:41:26.829+0000] {logging_mixin.py:188} INFO - [2026-04-30T09:41:26.829+0000] {dag.py:3947} INFO - Setting next_dagrun for fin_ratio_v2 to 2026-04-01 00:00:00+00:00, run_after=2026-05-01 00:00:00+00:00
[2026-04-30T09:41:26.895+0000] {processor.py:183} INFO - Processing /opt/airflow/dags/dl_fin_ratio_v2.py took 0.244 seconds
[2026-04-30T09:41:56.989+0000] {processor.py:161} INFO - Started process (PID=3411) to work on /opt/airflow/dags/dl_fin_ratio_v2.py
[2026-04-30T09:41:56.990+0000] {processor.py:830} INFO - Processing file /opt/airflow/dags/dl_fin_ratio_v2.py for tasks to queue
[2026-04-30T09:41:56.993+0000] {logging_mixin.py:188} INFO - [2026-04-30T09:41:56.993+0000] {dagbag.py:545} INFO - Filling up the DagBag from /opt/airflow/dags/dl_fin_ratio_v2.py
[2026-04-30T09:41:57.037+0000] {processor.py:840} INFO - DAG(s) 'fin_ratio_v2' retrieved from /opt/airflow/dags/dl_fin_ratio_v2.py
[2026-04-30T09:41:57.053+0000] {logging_mixin.py:188} INFO - [2026-04-30T09:41:57.053+0000] {dag.py:3089} INFO - Sync 1 DAGs
[2026-04-30T09:41:57.081+0000] {logging_mixin.py:188} INFO - [2026-04-30T09:41:57.080+0000] {dag.py:3947} INFO - Setting next_dagrun for fin_ratio_v2 to 2026-04-01 00:00:00+00:00, run_after=2026-05-01 00:00:00+00:00
[2026-04-30T09:41:57.101+0000] {processor.py:183} INFO - Processing /opt/airflow/dags/dl_fin_ratio_v2.py took 0.120 seconds
[2026-04-30T09:42:27.952+0000] {processor.py:161} INFO - Started process (PID=3436) to work on /opt/airflow/dags/dl_fin_ratio_v2.py
[2026-04-30T09:42:27.954+0000] {processor.py:830} INFO - Processing file /opt/airflow/dags/dl_fin_ratio_v2.py for tasks to queue
[2026-04-30T09:42:27.956+0000] {logging_mixin.py:188} INFO - [2026-04-30T09:42:27.956+0000] {dagbag.py:545} INFO - Filling up the DagBag from /opt/airflow/dags/dl_fin_ratio_v2.py
[2026-04-30T09:42:27.990+0000] {processor.py:840} INFO - DAG(s) 'fin_ratio_v2' retrieved from /opt/airflow/dags/dl_fin_ratio_v2.py
[2026-04-30T09:42:28.005+0000] {logging_mixin.py:188} INFO - [2026-04-30T09:42:28.005+0000] {dag.py:3089} INFO - Sync 1 DAGs
[2026-04-30T09:42:28.028+0000] {logging_mixin.py:188} INFO - [2026-04-30T09:42:28.028+0000] {dag.py:3947} INFO - Setting next_dagrun for fin_ratio_v2 to 2026-04-01 00:00:00+00:00, run_after=2026-05-01 00:00:00+00:00
[2026-04-30T09:42:28.048+0000] {processor.py:183} INFO - Processing /opt/airflow/dags/dl_fin_ratio_v2.py took 0.103 seconds
[2026-04-30T09:42:58.775+0000] {processor.py:161} INFO - Started process (PID=3462) to work on /opt/airflow/dags/dl_fin_ratio_v2.py
[2026-04-30T09:42:58.776+0000] {processor.py:830} INFO - Processing file /opt/airflow/dags/dl_fin_ratio_v2.py for tasks to queue
[2026-04-30T09:42:58.779+0000] {logging_mixin.py:188} INFO - [2026-04-30T09:42:58.779+0000] {dagbag.py:545} INFO - Filling up the DagBag from /opt/airflow/dags/dl_fin_ratio_v2.py
[2026-04-30T09:42:58.832+0000] {processor.py:840} INFO - DAG(s) 'fin_ratio_v2' retrieved from /opt/airflow/dags/dl_fin_ratio_v2.py
[2026-04-30T09:42:58.857+0000] {logging_mixin.py:188} INFO - [2026-04-30T09:42:58.857+0000] {dag.py:3089} INFO - Sync 1 DAGs
[2026-04-30T09:42:58.891+0000] {logging_mixin.py:188} INFO - [2026-04-30T09:42:58.891+0000] {dag.py:3947} INFO - Setting next_dagrun for fin_ratio_v2 to 2026-04-01 00:00:00+00:00, run_after=2026-05-01 00:00:00+00:00
[2026-04-30T09:42:58.919+0000] {processor.py:183} INFO - Processing /opt/airflow/dags/dl_fin_ratio_v2.py took 0.151 seconds
[2026-04-30T09:43:29.570+0000] {processor.py:161} INFO - Started process (PID=3487) to work on /opt/airflow/dags/dl_fin_ratio_v2.py
[2026-04-30T09:43:29.571+0000] {processor.py:830} INFO - Processing file /opt/airflow/dags/dl_fin_ratio_v2.py for tasks to queue
[2026-04-30T09:43:29.574+0000] {logging_mixin.py:188} INFO - [2026-04-30T09:43:29.573+0000] {dagbag.py:545} INFO - Filling up the DagBag from /opt/airflow/dags/dl_fin_ratio_v2.py
[2026-04-30T09:43:29.613+0000] {processor.py:840} INFO - DAG(s) 'fin_ratio_v2' retrieved from /opt/airflow/dags/dl_fin_ratio_v2.py
[2026-04-30T09:43:29.630+0000] {logging_mixin.py:188} INFO - [2026-04-30T09:43:29.630+0000] {dag.py:3089} INFO - Sync 1 DAGs
[2026-04-30T09:43:29.652+0000] {logging_mixin.py:188} INFO - [2026-04-30T09:43:29.652+0000] {dag.py:3947} INFO - Setting next_dagrun for fin_ratio_v2 to 2026-04-01 00:00:00+00:00, run_after=2026-05-01 00:00:00+00:00
[2026-04-30T09:43:29.670+0000] {processor.py:183} INFO - Processing /opt/airflow/dags/dl_fin_ratio_v2.py took 0.106 seconds
[2026-04-30T09:43:59.785+0000] {processor.py:161} INFO - Started process (PID=3513) to work on /opt/airflow/dags/dl_fin_ratio_v2.py
[2026-04-30T09:43:59.787+0000] {processor.py:830} INFO - Processing file /opt/airflow/dags/dl_fin_ratio_v2.py for tasks to queue
[2026-04-30T09:43:59.790+0000] {logging_mixin.py:188} INFO - [2026-04-30T09:43:59.790+0000] {dagbag.py:545} INFO - Filling up the DagBag from /opt/airflow/dags/dl_fin_ratio_v2.py
[2026-04-30T09:43:59.830+0000] {processor.py:840} INFO - DAG(s) 'fin_ratio_v2' retrieved from /opt/airflow/dags/dl_fin_ratio_v2.py
[2026-04-30T09:43:59.859+0000] {logging_mixin.py:188} INFO - [2026-04-30T09:43:59.858+0000] {dag.py:3089} INFO - Sync 1 DAGs
[2026-04-30T09:43:59.892+0000] {logging_mixin.py:188} INFO - [2026-04-30T09:43:59.891+0000] {dag.py:3947} INFO - Setting next_dagrun for fin_ratio_v2 to 2026-04-01 00:00:00+00:00, run_after=2026-05-01 00:00:00+00:00
[2026-04-30T09:43:59.920+0000] {processor.py:183} INFO - Processing /opt/airflow/dags/dl_fin_ratio_v2.py took 0.142 seconds
[2026-04-30T09:44:30.346+0000] {processor.py:161} INFO - Started process (PID=3538) to work on /opt/airflow/dags/dl_fin_ratio_v2.py
[2026-04-30T09:44:30.347+0000] {processor.py:830} INFO - Processing file /opt/airflow/dags/dl_fin_ratio_v2.py for tasks to queue
[2026-04-30T09:44:30.349+0000] {logging_mixin.py:188} INFO - [2026-04-30T09:44:30.349+0000] {dagbag.py:545} INFO - Filling up the DagBag from /opt/airflow/dags/dl_fin_ratio_v2.py
[2026-04-30T09:44:30.384+0000] {processor.py:840} INFO - DAG(s) 'fin_ratio_v2' retrieved from /opt/airflow/dags/dl_fin_ratio_v2.py
[2026-04-30T09:44:30.400+0000] {logging_mixin.py:188} INFO - [2026-04-30T09:44:30.400+0000] {dag.py:3089} INFO - Sync 1 DAGs
[2026-04-30T09:44:30.422+0000] {logging_mixin.py:188} INFO - [2026-04-30T09:44:30.422+0000] {dag.py:3947} INFO - Setting next_dagrun for fin_ratio_v2 to 2026-04-01 00:00:00+00:00, run_after=2026-05-01 00:00:00+00:00
[2026-04-30T09:44:30.440+0000] {processor.py:183} INFO - Processing /opt/airflow/dags/dl_fin_ratio_v2.py took 0.100 seconds
[2026-04-30T09:45:01.344+0000] {processor.py:161} INFO - Started process (PID=3563) to work on /opt/airflow/dags/dl_fin_ratio_v2.py
[2026-04-30T09:45:01.345+0000] {processor.py:830} INFO - Processing file /opt/airflow/dags/dl_fin_ratio_v2.py for tasks to queue
[2026-04-30T09:45:01.347+0000] {logging_mixin.py:188} INFO - [2026-04-30T09:45:01.347+0000] {dagbag.py:545} INFO - Filling up the DagBag from /opt/airflow/dags/dl_fin_ratio_v2.py
[2026-04-30T09:45:01.380+0000] {processor.py:840} INFO - DAG(s) 'fin_ratio_v2' retrieved from /opt/airflow/dags/dl_fin_ratio_v2.py
[2026-04-30T09:45:01.400+0000] {logging_mixin.py:188} INFO - [2026-04-30T09:45:01.400+0000] {dag.py:3089} INFO - Sync 1 DAGs
[2026-04-30T09:45:01.421+0000] {logging_mixin.py:188} INFO - [2026-04-30T09:45:01.421+0000] {dag.py:3947} INFO - Setting next_dagrun for fin_ratio_v2 to 2026-04-01 00:00:00+00:00, run_after=2026-05-01 00:00:00+00:00
[2026-04-30T09:45:01.438+0000] {processor.py:183} INFO - Processing /opt/airflow/dags/dl_fin_ratio_v2.py took 0.099 seconds
[2026-04-30T09:45:32.078+0000] {processor.py:161} INFO - Started process (PID=3588) to work on /opt/airflow/dags/dl_fin_ratio_v2.py
[2026-04-30T09:45:32.079+0000] {processor.py:830} INFO - Processing file /opt/airflow/dags/dl_fin_ratio_v2.py for tasks to queue
[2026-04-30T09:45:32.081+0000] {logging_mixin.py:188} INFO - [2026-04-30T09:45:32.081+0000] {dagbag.py:545} INFO - Filling up the DagBag from /opt/airflow/dags/dl_fin_ratio_v2.py
[2026-04-30T09:45:32.119+0000] {processor.py:840} INFO - DAG(s) 'fin_ratio_v2' retrieved from /opt/airflow/dags/dl_fin_ratio_v2.py
[2026-04-30T09:45:32.135+0000] {logging_mixin.py:188} INFO - [2026-04-30T09:45:32.135+0000] {dag.py:3089} INFO - Sync 1 DAGs
[2026-04-30T09:45:32.161+0000] {logging_mixin.py:188} INFO - [2026-04-30T09:45:32.161+0000] {dag.py:3947} INFO - Setting next_dagrun for fin_ratio_v2 to 2026-04-01 00:00:00+00:00, run_after=2026-05-01 00:00:00+00:00
[2026-04-30T09:45:32.184+0000] {processor.py:183} INFO - Processing /opt/airflow/dags/dl_fin_ratio_v2.py took 0.112 seconds
[2026-04-30T09:46:02.815+0000] {processor.py:161} INFO - Started process (PID=3619) to work on /opt/airflow/dags/dl_fin_ratio_v2.py
[2026-04-30T09:46:02.816+0000] {processor.py:830} INFO - Processing file /opt/airflow/dags/dl_fin_ratio_v2.py for tasks to queue
[2026-04-30T09:46:02.818+0000] {logging_mixin.py:188} INFO - [2026-04-30T09:46:02.817+0000] {dagbag.py:545} INFO - Filling up the DagBag from /opt/airflow/dags/dl_fin_ratio_v2.py
[2026-04-30T09:46:02.853+0000] {processor.py:840} INFO - DAG(s) 'fin_ratio_v2' retrieved from /opt/airflow/dags/dl_fin_ratio_v2.py
[2026-04-30T09:46:02.866+0000] {logging_mixin.py:188} INFO - [2026-04-30T09:46:02.866+0000] {dag.py:3089} INFO - Sync 1 DAGs
[2026-04-30T09:46:02.885+0000] {logging_mixin.py:188} INFO - [2026-04-30T09:46:02.885+0000] {dag.py:3947} INFO - Setting next_dagrun for fin_ratio_v2 to 2026-04-01 00:00:00+00:00, run_after=2026-05-01 00:00:00+00:00
[2026-04-30T09:46:02.904+0000] {processor.py:183} INFO - Processing /opt/airflow/dags/dl_fin_ratio_v2.py took 0.094 seconds
[2026-04-30T09:46:33.688+0000] {processor.py:161} INFO - Started process (PID=3644) to work on /opt/airflow/dags/dl_fin_ratio_v2.py
[2026-04-30T09:46:33.689+0000] {processor.py:830} INFO - Processing file /opt/airflow/dags/dl_fin_ratio_v2.py for tasks to queue
[2026-04-30T09:46:33.692+0000] {logging_mixin.py:188} INFO - [2026-04-30T09:46:33.692+0000] {dagbag.py:545} INFO - Filling up the DagBag from /opt/airflow/dags/dl_fin_ratio_v2.py
[2026-04-30T09:46:33.749+0000] {processor.py:840} INFO - DAG(s) 'fin_ratio_v2' retrieved from /opt/airflow/dags/dl_fin_ratio_v2.py
[2026-04-30T09:46:33.777+0000] {logging_mixin.py:188} INFO - [2026-04-30T09:46:33.776+0000] {dag.py:3089} INFO - Sync 1 DAGs
[2026-04-30T09:46:33.814+0000] {logging_mixin.py:188} INFO - [2026-04-30T09:46:33.814+0000] {dag.py:3947} INFO - Setting next_dagrun for fin_ratio_v2 to 2026-04-01 00:00:00+00:00, run_after=2026-05-01 00:00:00+00:00
[2026-04-30T09:46:33.844+0000] {processor.py:183} INFO - Processing /opt/airflow/dags/dl_fin_ratio_v2.py took 0.166 seconds
[2026-04-30T09:47:04.340+0000] {processor.py:161} INFO - Started process (PID=3669) to work on /opt/airflow/dags/dl_fin_ratio_v2.py
[2026-04-30T09:47:04.341+0000] {processor.py:830} INFO - Processing file /opt/airflow/dags/dl_fin_ratio_v2.py for tasks to queue
[2026-04-30T09:47:04.344+0000] {logging_mixin.py:188} INFO - [2026-04-30T09:47:04.343+0000] {dagbag.py:545} INFO - Filling up the DagBag from /opt/airflow/dags/dl_fin_ratio_v2.py
[2026-04-30T09:47:04.385+0000] {processor.py:840} INFO - DAG(s) 'fin_ratio_v2' retrieved from /opt/airflow/dags/dl_fin_ratio_v2.py
[2026-04-30T09:47:04.408+0000] {logging_mixin.py:188} INFO - [2026-04-30T09:47:04.408+0000] {dag.py:3089} INFO - Sync 1 DAGs
[2026-04-30T09:47:04.435+0000] {logging_mixin.py:188} INFO - [2026-04-30T09:47:04.434+0000] {dag.py:3947} INFO - Setting next_dagrun for fin_ratio_v2 to 2026-04-01 00:00:00+00:00, run_after=2026-05-01 00:00:00+00:00
[2026-04-30T09:47:04.460+0000] {processor.py:183} INFO - Processing /opt/airflow/dags/dl_fin_ratio_v2.py took 0.126 seconds
[2026-04-30T09:47:34.650+0000] {processor.py:161} INFO - Started process (PID=3694) to work on /opt/airflow/dags/dl_fin_ratio_v2.py
[2026-04-30T09:47:34.651+0000] {processor.py:830} INFO - Processing file /opt/airflow/dags/dl_fin_ratio_v2.py for tasks to queue
[2026-04-30T09:47:34.653+0000] {logging_mixin.py:188} INFO - [2026-04-30T09:47:34.653+0000] {dagbag.py:545} INFO - Filling up the DagBag from /opt/airflow/dags/dl_fin_ratio_v2.py
[2026-04-30T09:47:34.692+0000] {processor.py:840} INFO - DAG(s) 'fin_ratio_v2' retrieved from /opt/airflow/dags/dl_fin_ratio_v2.py
[2026-04-30T09:47:34.708+0000] {logging_mixin.py:188} INFO - [2026-04-30T09:47:34.707+0000] {dag.py:3089} INFO - Sync 1 DAGs
[2026-04-30T09:47:34.730+0000] {logging_mixin.py:188} INFO - [2026-04-30T09:47:34.730+0000] {dag.py:3947} INFO - Setting next_dagrun for fin_ratio_v2 to 2026-04-01 00:00:00+00:00, run_after=2026-05-01 00:00:00+00:00
[2026-04-30T09:47:34.752+0000] {processor.py:183} INFO - Processing /opt/airflow/dags/dl_fin_ratio_v2.py took 0.108 seconds
[2026-04-30T09:48:04.809+0000] {processor.py:161} INFO - Started process (PID=3719) to work on /opt/airflow/dags/dl_fin_ratio_v2.py
[2026-04-30T09:48:04.810+0000] {processor.py:830} INFO - Processing file /opt/airflow/dags/dl_fin_ratio_v2.py for tasks to queue
[2026-04-30T09:48:04.812+0000] {logging_mixin.py:188} INFO - [2026-04-30T09:48:04.812+0000] {dagbag.py:545} INFO - Filling up the DagBag from /opt/airflow/dags/dl_fin_ratio_v2.py
[2026-04-30T09:48:04.847+0000] {processor.py:840} INFO - DAG(s) 'fin_ratio_v2' retrieved from /opt/airflow/dags/dl_fin_ratio_v2.py
[2026-04-30T09:48:04.863+0000] {logging_mixin.py:188} INFO - [2026-04-30T09:48:04.862+0000] {dag.py:3089} INFO - Sync 1 DAGs
[2026-04-30T09:48:04.884+0000] {logging_mixin.py:188} INFO - [2026-04-30T09:48:04.884+0000] {dag.py:3947} INFO - Setting next_dagrun for fin_ratio_v2 to 2026-04-01 00:00:00+00:00, run_after=2026-05-01 00:00:00+00:00
[2026-04-30T09:48:04.901+0000] {processor.py:183} INFO - Processing /opt/airflow/dags/dl_fin_ratio_v2.py took 0.097 seconds
[2026-04-30T09:48:35.368+0000] {processor.py:161} INFO - Started process (PID=3744) to work on /opt/airflow/dags/dl_fin_ratio_v2.py
[2026-04-30T09:48:35.368+0000] {processor.py:830} INFO - Processing file /opt/airflow/dags/dl_fin_ratio_v2.py for tasks to queue
[2026-04-30T09:48:35.370+0000] {logging_mixin.py:188} INFO - [2026-04-30T09:48:35.370+0000] {dagbag.py:545} INFO - Filling up the DagBag from /opt/airflow/dags/dl_fin_ratio_v2.py
[2026-04-30T09:48:35.404+0000] {processor.py:840} INFO - DAG(s) 'fin_ratio_v2' retrieved from /opt/airflow/dags/dl_fin_ratio_v2.py
[2026-04-30T09:48:35.418+0000] {logging_mixin.py:188} INFO - [2026-04-30T09:48:35.418+0000] {dag.py:3089} INFO - Sync 1 DAGs
[2026-04-30T09:48:35.438+0000] {logging_mixin.py:188} INFO - [2026-04-30T09:48:35.438+0000] {dag.py:3947} INFO - Setting next_dagrun for fin_ratio_v2 to 2026-04-01 00:00:00+00:00, run_after=2026-05-01 00:00:00+00:00
[2026-04-30T09:48:35.457+0000] {processor.py:183} INFO - Processing /opt/airflow/dags/dl_fin_ratio_v2.py took 0.094 seconds
[2026-04-30T09:49:06.393+0000] {processor.py:161} INFO - Started process (PID=3769) to work on /opt/airflow/dags/dl_fin_ratio_v2.py
[2026-04-30T09:49:06.394+0000] {processor.py:830} INFO - Processing file /opt/airflow/dags/dl_fin_ratio_v2.py for tasks to queue
[2026-04-30T09:49:06.396+0000] {logging_mixin.py:188} INFO - [2026-04-30T09:49:06.396+0000] {dagbag.py:545} INFO - Filling up the DagBag from /opt/airflow/dags/dl_fin_ratio_v2.py
[2026-04-30T09:49:06.431+0000] {processor.py:840} INFO - DAG(s) 'fin_ratio_v2' retrieved from /opt/airflow/dags/dl_fin_ratio_v2.py
[2026-04-30T09:49:06.448+0000] {logging_mixin.py:188} INFO - [2026-04-30T09:49:06.448+0000] {dag.py:3089} INFO - Sync 1 DAGs
[2026-04-30T09:49:06.472+0000] {logging_mixin.py:188} INFO - [2026-04-30T09:49:06.472+0000] {dag.py:3947} INFO - Setting next_dagrun for fin_ratio_v2 to 2026-04-01 00:00:00+00:00, run_after=2026-05-01 00:00:00+00:00
[2026-04-30T09:49:06.491+0000] {processor.py:183} INFO - Processing /opt/airflow/dags/dl_fin_ratio_v2.py took 0.103 seconds
[2026-04-30T09:49:37.467+0000] {processor.py:161} INFO - Started process (PID=3794) to work on /opt/airflow/dags/dl_fin_ratio_v2.py
[2026-04-30T09:49:37.468+0000] {processor.py:830} INFO - Processing file /opt/airflow/dags/dl_fin_ratio_v2.py for tasks to queue
[2026-04-30T09:49:37.470+0000] {logging_mixin.py:188} INFO - [2026-04-30T09:49:37.470+0000] {dagbag.py:545} INFO - Filling up the DagBag from /opt/airflow/dags/dl_fin_ratio_v2.py
[2026-04-30T09:49:37.507+0000] {processor.py:840} INFO - DAG(s) 'fin_ratio_v2' retrieved from /opt/airflow/dags/dl_fin_ratio_v2.py
[2026-04-30T09:49:37.522+0000] {logging_mixin.py:188} INFO - [2026-04-30T09:49:37.521+0000] {dag.py:3089} INFO - Sync 1 DAGs
[2026-04-30T09:49:37.543+0000] {logging_mixin.py:188} INFO - [2026-04-30T09:49:37.543+0000] {dag.py:3947} INFO - Setting next_dagrun for fin_ratio_v2 to 2026-04-01 00:00:00+00:00, run_after=2026-05-01 00:00:00+00:00
[2026-04-30T09:49:37.560+0000] {processor.py:183} INFO - Processing /opt/airflow/dags/dl_fin_ratio_v2.py took 0.099 seconds
[2026-04-30T09:50:07.788+0000] {processor.py:161} INFO - Started process (PID=3819) to work on /opt/airflow/dags/dl_fin_ratio_v2.py
[2026-04-30T09:50:07.789+0000] {processor.py:830} INFO - Processing file /opt/airflow/dags/dl_fin_ratio_v2.py for tasks to queue
[2026-04-30T09:50:07.791+0000] {logging_mixin.py:188} INFO - [2026-04-30T09:50:07.791+0000] {dagbag.py:545} INFO - Filling up the DagBag from /opt/airflow/dags/dl_fin_ratio_v2.py
[2026-04-30T09:50:07.825+0000] {processor.py:840} INFO - DAG(s) 'fin_ratio_v2' retrieved from /opt/airflow/dags/dl_fin_ratio_v2.py
[2026-04-30T09:50:07.838+0000] {logging_mixin.py:188} INFO - [2026-04-30T09:50:07.838+0000] {dag.py:3089} INFO - Sync 1 DAGs
[2026-04-30T09:50:07.859+0000] {logging_mixin.py:188} INFO - [2026-04-30T09:50:07.859+0000] {dag.py:3947} INFO - Setting next_dagrun for fin_ratio_v2 to 2026-04-01 00:00:00+00:00, run_after=2026-05-01 00:00:00+00:00
[2026-04-30T09:50:07.878+0000] {processor.py:183} INFO - Processing /opt/airflow/dags/dl_fin_ratio_v2.py took 0.095 seconds
[2026-04-30T09:50:38.453+0000] {processor.py:161} INFO - Started process (PID=3844) to work on /opt/airflow/dags/dl_fin_ratio_v2.py
[2026-04-30T09:50:38.453+0000] {processor.py:830} INFO - Processing file /opt/airflow/dags/dl_fin_ratio_v2.py for tasks to queue
[2026-04-30T09:50:38.455+0000] {logging_mixin.py:188} INFO - [2026-04-30T09:50:38.455+0000] {dagbag.py:545} INFO - Filling up the DagBag from /opt/airflow/dags/dl_fin_ratio_v2.py
[2026-04-30T09:50:38.487+0000] {processor.py:840} INFO - DAG(s) 'fin_ratio_v2' retrieved from /opt/airflow/dags/dl_fin_ratio_v2.py
[2026-04-30T09:50:38.500+0000] {logging_mixin.py:188} INFO - [2026-04-30T09:50:38.500+0000] {dag.py:3089} INFO - Sync 1 DAGs
[2026-04-30T09:50:38.522+0000] {logging_mixin.py:188} INFO - [2026-04-30T09:50:38.522+0000] {dag.py:3947} INFO - Setting next_dagrun for fin_ratio_v2 to 2026-04-01 00:00:00+00:00, run_after=2026-05-01 00:00:00+00:00
[2026-04-30T09:50:38.540+0000] {processor.py:183} INFO - Processing /opt/airflow/dags/dl_fin_ratio_v2.py took 0.092 seconds
[2026-04-30T09:51:09.015+0000] {processor.py:161} INFO - Started process (PID=3869) to work on /opt/airflow/dags/dl_fin_ratio_v2.py
[2026-04-30T09:51:09.016+0000] {processor.py:830} INFO - Processing file /opt/airflow/dags/dl_fin_ratio_v2.py for tasks to queue
[2026-04-30T09:51:09.018+0000] {logging_mixin.py:188} INFO - [2026-04-30T09:51:09.018+0000] {dagbag.py:545} INFO - Filling up the DagBag from /opt/airflow/dags/dl_fin_ratio_v2.py
[2026-04-30T09:51:09.053+0000] {processor.py:840} INFO - DAG(s) 'fin_ratio_v2' retrieved from /opt/airflow/dags/dl_fin_ratio_v2.py
[2026-04-30T09:51:09.068+0000] {logging_mixin.py:188} INFO - [2026-04-30T09:51:09.068+0000] {dag.py:3089} INFO - Sync 1 DAGs
[2026-04-30T09:51:09.092+0000] {logging_mixin.py:188} INFO - [2026-04-30T09:51:09.092+0000] {dag.py:3947} INFO - Setting next_dagrun for fin_ratio_v2 to 2026-04-01 00:00:00+00:00, run_after=2026-05-01 00:00:00+00:00
[2026-04-30T09:51:09.115+0000] {processor.py:183} INFO - Processing /opt/airflow/dags/dl_fin_ratio_v2.py took 0.106 seconds
[2026-04-30T09:51:39.793+0000] {processor.py:161} INFO - Started process (PID=3895) to work on /opt/airflow/dags/dl_fin_ratio_v2.py
[2026-04-30T09:51:39.794+0000] {processor.py:830} INFO - Processing file /opt/airflow/dags/dl_fin_ratio_v2.py for tasks to queue
[2026-04-30T09:51:39.797+0000] {logging_mixin.py:188} INFO - [2026-04-30T09:51:39.796+0000] {dagbag.py:545} INFO - Filling up the DagBag from /opt/airflow/dags/dl_fin_ratio_v2.py
[2026-04-30T09:51:39.828+0000] {processor.py:840} INFO - DAG(s) 'fin_ratio_v2' retrieved from /opt/airflow/dags/dl_fin_ratio_v2.py
[2026-04-30T09:51:39.842+0000] {logging_mixin.py:188} INFO - [2026-04-30T09:51:39.842+0000] {dag.py:3089} INFO - Sync 1 DAGs
[2026-04-30T09:51:39.861+0000] {logging_mixin.py:188} INFO - [2026-04-30T09:51:39.861+0000] {dag.py:3947} INFO - Setting next_dagrun for fin_ratio_v2 to 2026-04-01 00:00:00+00:00, run_after=2026-05-01 00:00:00+00:00
[2026-04-30T09:51:39.877+0000] {processor.py:183} INFO - Processing /opt/airflow/dags/dl_fin_ratio_v2.py took 0.091 seconds
[2026-04-30T09:52:10.136+0000] {processor.py:161} INFO - Started process (PID=3920) to work on /opt/airflow/dags/dl_fin_ratio_v2.py
[2026-04-30T09:52:10.137+0000] {processor.py:830} INFO - Processing file /opt/airflow/dags/dl_fin_ratio_v2.py for tasks to queue
[2026-04-30T09:52:10.139+0000] {logging_mixin.py:188} INFO - [2026-04-30T09:52:10.139+0000] {dagbag.py:545} INFO - Filling up the DagBag from /opt/airflow/dags/dl_fin_ratio_v2.py
[2026-04-30T09:52:10.176+0000] {processor.py:840} INFO - DAG(s) 'fin_ratio_v2' retrieved from /opt/airflow/dags/dl_fin_ratio_v2.py
[2026-04-30T09:52:10.191+0000] {logging_mixin.py:188} INFO - [2026-04-30T09:52:10.191+0000] {dag.py:3089} INFO - Sync 1 DAGs
[2026-04-30T09:52:10.213+0000] {logging_mixin.py:188} INFO - [2026-04-30T09:52:10.213+0000] {dag.py:3947} INFO - Setting next_dagrun for fin_ratio_v2 to 2026-04-01 00:00:00+00:00, run_after=2026-05-01 00:00:00+00:00
[2026-04-30T09:52:10.231+0000] {processor.py:183} INFO - Processing /opt/airflow/dags/dl_fin_ratio_v2.py took 0.104 seconds
[2026-04-30T09:52:40.880+0000] {processor.py:161} INFO - Started process (PID=3945) to work on /opt/airflow/dags/dl_fin_ratio_v2.py
[2026-04-30T09:52:40.881+0000] {processor.py:830} INFO - Processing file /opt/airflow/dags/dl_fin_ratio_v2.py for tasks to queue
[2026-04-30T09:52:40.884+0000] {logging_mixin.py:188} INFO - [2026-04-30T09:52:40.883+0000] {dagbag.py:545} INFO - Filling up the DagBag from /opt/airflow/dags/dl_fin_ratio_v2.py
[2026-04-30T09:52:40.923+0000] {processor.py:840} INFO - DAG(s) 'fin_ratio_v2' retrieved from /opt/airflow/dags/dl_fin_ratio_v2.py
[2026-04-30T09:52:40.940+0000] {logging_mixin.py:188} INFO - [2026-04-30T09:52:40.940+0000] {dag.py:3089} INFO - Sync 1 DAGs
[2026-04-30T09:52:40.963+0000] {logging_mixin.py:188} INFO - [2026-04-30T09:52:40.963+0000] {dag.py:3947} INFO - Setting next_dagrun for fin_ratio_v2 to 2026-04-01 00:00:00+00:00, run_after=2026-05-01 00:00:00+00:00
[2026-04-30T09:52:40.984+0000] {processor.py:183} INFO - Processing /opt/airflow/dags/dl_fin_ratio_v2.py took 0.110 seconds
[2026-04-30T09:53:11.480+0000] {processor.py:161} INFO - Started process (PID=3970) to work on /opt/airflow/dags/dl_fin_ratio_v2.py
[2026-04-30T09:53:11.481+0000] {processor.py:830} INFO - Processing file /opt/airflow/dags/dl_fin_ratio_v2.py for tasks to queue
[2026-04-30T09:53:11.483+0000] {logging_mixin.py:188} INFO - [2026-04-30T09:53:11.483+0000] {dagbag.py:545} INFO - Filling up the DagBag from /opt/airflow/dags/dl_fin_ratio_v2.py
[2026-04-30T09:53:11.515+0000] {processor.py:840} INFO - DAG(s) 'fin_ratio_v2' retrieved from /opt/airflow/dags/dl_fin_ratio_v2.py
[2026-04-30T09:53:11.530+0000] {logging_mixin.py:188} INFO - [2026-04-30T09:53:11.529+0000] {dag.py:3089} INFO - Sync 1 DAGs
[2026-04-30T09:53:11.550+0000] {logging_mixin.py:188} INFO - [2026-04-30T09:53:11.550+0000] {dag.py:3947} INFO - Setting next_dagrun for fin_ratio_v2 to 2026-04-01 00:00:00+00:00, run_after=2026-05-01 00:00:00+00:00
[2026-04-30T09:53:11.567+0000] {processor.py:183} INFO - Processing /opt/airflow/dags/dl_fin_ratio_v2.py took 0.092 seconds
[2026-04-30T09:53:42.110+0000] {processor.py:161} INFO - Started process (PID=3995) to work on /opt/airflow/dags/dl_fin_ratio_v2.py
[2026-04-30T09:53:42.112+0000] {processor.py:830} INFO - Processing file /opt/airflow/dags/dl_fin_ratio_v2.py for tasks to queue
[2026-04-30T09:53:42.117+0000] {logging_mixin.py:188} INFO - [2026-04-30T09:53:42.116+0000] {dagbag.py:545} INFO - Filling up the DagBag from /opt/airflow/dags/dl_fin_ratio_v2.py
[2026-04-30T09:53:42.169+0000] {processor.py:840} INFO - DAG(s) 'fin_ratio_v2' retrieved from /opt/airflow/dags/dl_fin_ratio_v2.py
[2026-04-30T09:53:42.196+0000] {logging_mixin.py:188} INFO - [2026-04-30T09:53:42.195+0000] {dag.py:3089} INFO - Sync 1 DAGs
[2026-04-30T09:53:42.228+0000] {logging_mixin.py:188} INFO - [2026-04-30T09:53:42.228+0000] {dag.py:3947} INFO - Setting next_dagrun for fin_ratio_v2 to 2026-04-01 00:00:00+00:00, run_after=2026-05-01 00:00:00+00:00
[2026-04-30T09:53:42.251+0000] {processor.py:183} INFO - Processing /opt/airflow/dags/dl_fin_ratio_v2.py took 0.151 seconds
[2026-04-30T09:54:12.507+0000] {processor.py:161} INFO - Started process (PID=4020) to work on /opt/airflow/dags/dl_fin_ratio_v2.py
[2026-04-30T09:54:12.508+0000] {processor.py:830} INFO - Processing file /opt/airflow/dags/dl_fin_ratio_v2.py for tasks to queue
[2026-04-30T09:54:12.510+0000] {logging_mixin.py:188} INFO - [2026-04-30T09:54:12.509+0000] {dagbag.py:545} INFO - Filling up the DagBag from /opt/airflow/dags/dl_fin_ratio_v2.py
[2026-04-30T09:54:12.544+0000] {processor.py:840} INFO - DAG(s) 'fin_ratio_v2' retrieved from /opt/airflow/dags/dl_fin_ratio_v2.py
[2026-04-30T09:54:12.558+0000] {logging_mixin.py:188} INFO - [2026-04-30T09:54:12.558+0000] {dag.py:3089} INFO - Sync 1 DAGs
[2026-04-30T09:54:12.578+0000] {logging_mixin.py:188} INFO - [2026-04-30T09:54:12.577+0000] {dag.py:3947} INFO - Setting next_dagrun for fin_ratio_v2 to 2026-04-01 00:00:00+00:00, run_after=2026-05-01 00:00:00+00:00
[2026-04-30T09:54:12.598+0000] {processor.py:183} INFO - Processing /opt/airflow/dags/dl_fin_ratio_v2.py took 0.096 seconds
[2026-04-30T09:54:42.953+0000] {processor.py:161} INFO - Started process (PID=4045) to work on /opt/airflow/dags/dl_fin_ratio_v2.py
[2026-04-30T09:54:42.954+0000] {processor.py:830} INFO - Processing file /opt/airflow/dags/dl_fin_ratio_v2.py for tasks to queue
[2026-04-30T09:54:42.956+0000] {logging_mixin.py:188} INFO - [2026-04-30T09:54:42.956+0000] {dagbag.py:545} INFO - Filling up the DagBag from /opt/airflow/dags/dl_fin_ratio_v2.py
[2026-04-30T09:54:42.987+0000] {processor.py:840} INFO - DAG(s) 'fin_ratio_v2' retrieved from /opt/airflow/dags/dl_fin_ratio_v2.py
[2026-04-30T09:54:43.001+0000] {logging_mixin.py:188} INFO - [2026-04-30T09:54:43.001+0000] {dag.py:3089} INFO - Sync 1 DAGs
[2026-04-30T09:54:43.020+0000] {logging_mixin.py:188} INFO - [2026-04-30T09:54:43.020+0000] {dag.py:3947} INFO - Setting next_dagrun for fin_ratio_v2 to 2026-04-01 00:00:00+00:00, run_after=2026-05-01 00:00:00+00:00
[2026-04-30T09:54:43.036+0000] {processor.py:183} INFO - Processing /opt/airflow/dags/dl_fin_ratio_v2.py took 0.088 seconds
[2026-04-30T09:55:13.313+0000] {processor.py:161} INFO - Started process (PID=4070) to work on /opt/airflow/dags/dl_fin_ratio_v2.py
[2026-04-30T09:55:13.314+0000] {processor.py:830} INFO - Processing file /opt/airflow/dags/dl_fin_ratio_v2.py for tasks to queue
[2026-04-30T09:55:13.316+0000] {logging_mixin.py:188} INFO - [2026-04-30T09:55:13.316+0000] {dagbag.py:545} INFO - Filling up the DagBag from /opt/airflow/dags/dl_fin_ratio_v2.py
[2026-04-30T09:55:13.347+0000] {processor.py:840} INFO - DAG(s) 'fin_ratio_v2' retrieved from /opt/airflow/dags/dl_fin_ratio_v2.py
[2026-04-30T09:55:13.361+0000] {logging_mixin.py:188} INFO - [2026-04-30T09:55:13.361+0000] {dag.py:3089} INFO - Sync 1 DAGs
[2026-04-30T09:55:13.381+0000] {logging_mixin.py:188} INFO - [2026-04-30T09:55:13.381+0000] {dag.py:3947} INFO - Setting next_dagrun for fin_ratio_v2 to 2026-04-01 00:00:00+00:00, run_after=2026-05-01 00:00:00+00:00
[2026-04-30T09:55:13.400+0000] {processor.py:183} INFO - Processing /opt/airflow/dags/dl_fin_ratio_v2.py took 0.092 seconds
[2026-04-30T09:55:43.815+0000] {processor.py:161} INFO - Started process (PID=4095) to work on /opt/airflow/dags/dl_fin_ratio_v2.py
[2026-04-30T09:55:43.816+0000] {processor.py:830} INFO - Processing file /opt/airflow/dags/dl_fin_ratio_v2.py for tasks to queue
[2026-04-30T09:55:43.818+0000] {logging_mixin.py:188} INFO - [2026-04-30T09:55:43.818+0000] {dagbag.py:545} INFO - Filling up the DagBag from /opt/airflow/dags/dl_fin_ratio_v2.py
[2026-04-30T09:55:43.854+0000] {processor.py:840} INFO - DAG(s) 'fin_ratio_v2' retrieved from /opt/airflow/dags/dl_fin_ratio_v2.py
[2026-04-30T09:55:43.869+0000] {logging_mixin.py:188} INFO - [2026-04-30T09:55:43.869+0000] {dag.py:3089} INFO - Sync 1 DAGs
[2026-04-30T09:55:43.891+0000] {logging_mixin.py:188} INFO - [2026-04-30T09:55:43.891+0000] {dag.py:3947} INFO - Setting next_dagrun for fin_ratio_v2 to 2026-04-01 00:00:00+00:00, run_after=2026-05-01 00:00:00+00:00
[2026-04-30T09:55:43.910+0000] {processor.py:183} INFO - Processing /opt/airflow/dags/dl_fin_ratio_v2.py took 0.102 seconds
[2026-04-30T09:56:14.330+0000] {processor.py:161} INFO - Started process (PID=4120) to work on /opt/airflow/dags/dl_fin_ratio_v2.py
[2026-04-30T09:56:14.331+0000] {processor.py:830} INFO - Processing file /opt/airflow/dags/dl_fin_ratio_v2.py for tasks to queue
[2026-04-30T09:56:14.333+0000] {logging_mixin.py:188} INFO - [2026-04-30T09:56:14.333+0000] {dagbag.py:545} INFO - Filling up the DagBag from /opt/airflow/dags/dl_fin_ratio_v2.py
[2026-04-30T09:56:14.365+0000] {processor.py:840} INFO - DAG(s) 'fin_ratio_v2' retrieved from /opt/airflow/dags/dl_fin_ratio_v2.py
[2026-04-30T09:56:14.380+0000] {logging_mixin.py:188} INFO - [2026-04-30T09:56:14.379+0000] {dag.py:3089} INFO - Sync 1 DAGs
[2026-04-30T09:56:14.399+0000] {logging_mixin.py:188} INFO - [2026-04-30T09:56:14.399+0000] {dag.py:3947} INFO - Setting next_dagrun for fin_ratio_v2 to 2026-04-01 00:00:00+00:00, run_after=2026-05-01 00:00:00+00:00
[2026-04-30T09:56:14.418+0000] {processor.py:183} INFO - Processing /opt/airflow/dags/dl_fin_ratio_v2.py took 0.093 seconds
[2026-04-30T09:56:44.823+0000] {processor.py:161} INFO - Started process (PID=4145) to work on /opt/airflow/dags/dl_fin_ratio_v2.py
[2026-04-30T09:56:44.824+0000] {processor.py:830} INFO - Processing file /opt/airflow/dags/dl_fin_ratio_v2.py for tasks to queue
[2026-04-30T09:56:44.826+0000] {logging_mixin.py:188} INFO - [2026-04-30T09:56:44.826+0000] {dagbag.py:545} INFO - Filling up the DagBag from /opt/airflow/dags/dl_fin_ratio_v2.py
[2026-04-30T09:56:44.860+0000] {processor.py:840} INFO - DAG(s) 'fin_ratio_v2' retrieved from /opt/airflow/dags/dl_fin_ratio_v2.py
[2026-04-30T09:56:44.873+0000] {logging_mixin.py:188} INFO - [2026-04-30T09:56:44.873+0000] {dag.py:3089} INFO - Sync 1 DAGs
[2026-04-30T09:56:44.892+0000] {logging_mixin.py:188} INFO - [2026-04-30T09:56:44.892+0000] {dag.py:3947} INFO - Setting next_dagrun for fin_ratio_v2 to 2026-04-01 00:00:00+00:00, run_after=2026-05-01 00:00:00+00:00
[2026-04-30T09:56:44.908+0000] {processor.py:183} INFO - Processing /opt/airflow/dags/dl_fin_ratio_v2.py took 0.092 seconds
[2026-04-30T09:57:15.352+0000] {processor.py:161} INFO - Started process (PID=4170) to work on /opt/airflow/dags/dl_fin_ratio_v2.py
[2026-04-30T09:57:15.353+0000] {processor.py:830} INFO - Processing file /opt/airflow/dags/dl_fin_ratio_v2.py for tasks to queue
[2026-04-30T09:57:15.355+0000] {logging_mixin.py:188} INFO - [2026-04-30T09:57:15.355+0000] {dagbag.py:545} INFO - Filling up the DagBag from /opt/airflow/dags/dl_fin_ratio_v2.py
[2026-04-30T09:57:15.390+0000] {processor.py:840} INFO - DAG(s) 'fin_ratio_v2' retrieved from /opt/airflow/dags/dl_fin_ratio_v2.py
[2026-04-30T09:57:15.404+0000] {logging_mixin.py:188} INFO - [2026-04-30T09:57:15.404+0000] {dag.py:3089} INFO - Sync 1 DAGs
[2026-04-30T09:57:15.423+0000] {logging_mixin.py:188} INFO - [2026-04-30T09:57:15.423+0000] {dag.py:3947} INFO - Setting next_dagrun for fin_ratio_v2 to 2026-04-01 00:00:00+00:00, run_after=2026-05-01 00:00:00+00:00
[2026-04-30T09:57:15.441+0000] {processor.py:183} INFO - Processing /opt/airflow/dags/dl_fin_ratio_v2.py took 0.094 seconds
[2026-04-30T09:57:45.786+0000] {processor.py:161} INFO - Started process (PID=4195) to work on /opt/airflow/dags/dl_fin_ratio_v2.py
[2026-04-30T09:57:45.787+0000] {processor.py:830} INFO - Processing file /opt/airflow/dags/dl_fin_ratio_v2.py for tasks to queue
[2026-04-30T09:57:45.789+0000] {logging_mixin.py:188} INFO - [2026-04-30T09:57:45.789+0000] {dagbag.py:545} INFO - Filling up the DagBag from /opt/airflow/dags/dl_fin_ratio_v2.py
[2026-04-30T09:57:45.822+0000] {processor.py:840} INFO - DAG(s) 'fin_ratio_v2' retrieved from /opt/airflow/dags/dl_fin_ratio_v2.py
[2026-04-30T09:57:45.835+0000] {logging_mixin.py:188} INFO - [2026-04-30T09:57:45.835+0000] {dag.py:3089} INFO - Sync 1 DAGs
[2026-04-30T09:57:45.854+0000] {logging_mixin.py:188} INFO - [2026-04-30T09:57:45.853+0000] {dag.py:3947} INFO - Setting next_dagrun for fin_ratio_v2 to 2026-04-01 00:00:00+00:00, run_after=2026-05-01 00:00:00+00:00
[2026-04-30T09:57:45.869+0000] {processor.py:183} INFO - Processing /opt/airflow/dags/dl_fin_ratio_v2.py took 0.088 seconds
[2026-04-30T09:58:16.321+0000] {processor.py:161} INFO - Started process (PID=4220) to work on /opt/airflow/dags/dl_fin_ratio_v2.py
[2026-04-30T09:58:16.322+0000] {processor.py:830} INFO - Processing file /opt/airflow/dags/dl_fin_ratio_v2.py for tasks to queue
[2026-04-30T09:58:16.324+0000] {logging_mixin.py:188} INFO - [2026-04-30T09:58:16.324+0000] {dagbag.py:545} INFO - Filling up the DagBag from /opt/airflow/dags/dl_fin_ratio_v2.py
[2026-04-30T09:58:16.355+0000] {processor.py:840} INFO - DAG(s) 'fin_ratio_v2' retrieved from /opt/airflow/dags/dl_fin_ratio_v2.py
[2026-04-30T09:58:16.369+0000] {logging_mixin.py:188} INFO - [2026-04-30T09:58:16.368+0000] {dag.py:3089} INFO - Sync 1 DAGs
[2026-04-30T09:58:16.390+0000] {logging_mixin.py:188} INFO - [2026-04-30T09:58:16.389+0000] {dag.py:3947} INFO - Setting next_dagrun for fin_ratio_v2 to 2026-04-01 00:00:00+00:00, run_after=2026-05-01 00:00:00+00:00
[2026-04-30T09:58:16.406+0000] {processor.py:183} INFO - Processing /opt/airflow/dags/dl_fin_ratio_v2.py took 0.090 seconds
[2026-04-30T09:58:46.785+0000] {processor.py:161} INFO - Started process (PID=4245) to work on /opt/airflow/dags/dl_fin_ratio_v2.py
[2026-04-30T09:58:46.786+0000] {processor.py:830} INFO - Processing file /opt/airflow/dags/dl_fin_ratio_v2.py for tasks to queue
[2026-04-30T09:58:46.788+0000] {logging_mixin.py:188} INFO - [2026-04-30T09:58:46.788+0000] {dagbag.py:545} INFO - Filling up the DagBag from /opt/airflow/dags/dl_fin_ratio_v2.py
[2026-04-30T09:58:46.817+0000] {processor.py:840} INFO - DAG(s) 'fin_ratio_v2' retrieved from /opt/airflow/dags/dl_fin_ratio_v2.py
[2026-04-30T09:58:46.831+0000] {logging_mixin.py:188} INFO - [2026-04-30T09:58:46.831+0000] {dag.py:3089} INFO - Sync 1 DAGs
[2026-04-30T09:58:46.854+0000] {logging_mixin.py:188} INFO - [2026-04-30T09:58:46.854+0000] {dag.py:3947} INFO - Setting next_dagrun for fin_ratio_v2 to 2026-04-01 00:00:00+00:00, run_after=2026-05-01 00:00:00+00:00
[2026-04-30T09:58:46.875+0000] {processor.py:183} INFO - Processing /opt/airflow/dags/dl_fin_ratio_v2.py took 0.094 seconds
[2026-04-30T09:59:17.549+0000] {processor.py:161} INFO - Started process (PID=4270) to work on /opt/airflow/dags/dl_fin_ratio_v2.py
[2026-04-30T09:59:17.550+0000] {processor.py:830} INFO - Processing file /opt/airflow/dags/dl_fin_ratio_v2.py for tasks to queue
[2026-04-30T09:59:17.552+0000] {logging_mixin.py:188} INFO - [2026-04-30T09:59:17.552+0000] {dagbag.py:545} INFO - Filling up the DagBag from /opt/airflow/dags/dl_fin_ratio_v2.py
[2026-04-30T09:59:17.589+0000] {processor.py:840} INFO - DAG(s) 'fin_ratio_v2' retrieved from /opt/airflow/dags/dl_fin_ratio_v2.py
[2026-04-30T09:59:17.605+0000] {logging_mixin.py:188} INFO - [2026-04-30T09:59:17.604+0000] {dag.py:3089} INFO - Sync 1 DAGs
[2026-04-30T09:59:17.624+0000] {logging_mixin.py:188} INFO - [2026-04-30T09:59:17.624+0000] {dag.py:3947} INFO - Setting next_dagrun for fin_ratio_v2 to 2026-04-01 00:00:00+00:00, run_after=2026-05-01 00:00:00+00:00
[2026-04-30T09:59:17.642+0000] {processor.py:183} INFO - Processing /opt/airflow/dags/dl_fin_ratio_v2.py took 0.098 seconds
[2026-04-30T13:17:39.158+0000] {processor.py:161} INFO - Started process (PID=61) to work on /opt/airflow/dags/dl_fin_ratio_v2.py
[2026-04-30T13:17:39.159+0000] {processor.py:830} INFO - Processing file /opt/airflow/dags/dl_fin_ratio_v2.py for tasks to queue
[2026-04-30T13:17:39.160+0000] {logging_mixin.py:188} INFO - [2026-04-30T13:17:39.160+0000] {dagbag.py:545} INFO - Filling up the DagBag from /opt/airflow/dags/dl_fin_ratio_v2.py
[2026-04-30T13:17:39.193+0000] {processor.py:840} INFO - DAG(s) 'fin_ratio_v2' retrieved from /opt/airflow/dags/dl_fin_ratio_v2.py
[2026-04-30T13:17:39.367+0000] {logging_mixin.py:188} INFO - [2026-04-30T13:17:39.367+0000] {dag.py:3089} INFO - Sync 1 DAGs
[2026-04-30T13:17:39.388+0000] {logging_mixin.py:188} INFO - [2026-04-30T13:17:39.388+0000] {dag.py:3947} INFO - Setting next_dagrun for fin_ratio_v2 to 2026-04-01 00:00:00+00:00, run_after=2026-05-01 00:00:00+00:00
[2026-04-30T13:17:39.406+0000] {processor.py:183} INFO - Processing /opt/airflow/dags/dl_fin_ratio_v2.py took 0.252 seconds
[2026-04-30T13:18:09.708+0000] {processor.py:161} INFO - Started process (PID=86) to work on /opt/airflow/dags/dl_fin_ratio_v2.py
[2026-04-30T13:18:09.709+0000] {processor.py:830} INFO - Processing file /opt/airflow/dags/dl_fin_ratio_v2.py for tasks to queue
[2026-04-30T13:18:09.711+0000] {logging_mixin.py:188} INFO - [2026-04-30T13:18:09.711+0000] {dagbag.py:545} INFO - Filling up the DagBag from /opt/airflow/dags/dl_fin_ratio_v2.py
[2026-04-30T13:18:09.748+0000] {processor.py:840} INFO - DAG(s) 'fin_ratio_v2' retrieved from /opt/airflow/dags/dl_fin_ratio_v2.py
[2026-04-30T13:18:09.765+0000] {logging_mixin.py:188} INFO - [2026-04-30T13:18:09.765+0000] {dag.py:3089} INFO - Sync 1 DAGs
[2026-04-30T13:18:09.788+0000] {logging_mixin.py:188} INFO - [2026-04-30T13:18:09.787+0000] {dag.py:3947} INFO - Setting next_dagrun for fin_ratio_v2 to 2026-04-01 00:00:00+00:00, run_after=2026-05-01 00:00:00+00:00
[2026-04-30T13:18:09.805+0000] {processor.py:183} INFO - Processing /opt/airflow/dags/dl_fin_ratio_v2.py took 0.103 seconds
[2026-04-30T13:18:39.919+0000] {processor.py:161} INFO - Started process (PID=111) to work on /opt/airflow/dags/dl_fin_ratio_v2.py
[2026-04-30T13:18:39.920+0000] {processor.py:830} INFO - Processing file /opt/airflow/dags/dl_fin_ratio_v2.py for tasks to queue
[2026-04-30T13:18:39.922+0000] {logging_mixin.py:188} INFO - [2026-04-30T13:18:39.922+0000] {dagbag.py:545} INFO - Filling up the DagBag from /opt/airflow/dags/dl_fin_ratio_v2.py
[2026-04-30T13:18:39.955+0000] {processor.py:840} INFO - DAG(s) 'fin_ratio_v2' retrieved from /opt/airflow/dags/dl_fin_ratio_v2.py
[2026-04-30T13:18:39.970+0000] {logging_mixin.py:188} INFO - [2026-04-30T13:18:39.970+0000] {dag.py:3089} INFO - Sync 1 DAGs
[2026-04-30T13:18:39.989+0000] {logging_mixin.py:188} INFO - [2026-04-30T13:18:39.989+0000] {dag.py:3947} INFO - Setting next_dagrun for fin_ratio_v2 to 2026-04-01 00:00:00+00:00, run_after=2026-05-01 00:00:00+00:00
[2026-04-30T13:18:40.014+0000] {processor.py:183} INFO - Processing /opt/airflow/dags/dl_fin_ratio_v2.py took 0.102 seconds
[2026-04-30T13:19:10.248+0000] {processor.py:161} INFO - Started process (PID=136) to work on /opt/airflow/dags/dl_fin_ratio_v2.py
[2026-04-30T13:19:10.249+0000] {processor.py:830} INFO - Processing file /opt/airflow/dags/dl_fin_ratio_v2.py for tasks to queue
[2026-04-30T13:19:10.252+0000] {logging_mixin.py:188} INFO - [2026-04-30T13:19:10.251+0000] {dagbag.py:545} INFO - Filling up the DagBag from /opt/airflow/dags/dl_fin_ratio_v2.py
[2026-04-30T13:19:10.313+0000] {processor.py:840} INFO - DAG(s) 'fin_ratio_v2' retrieved from /opt/airflow/dags/dl_fin_ratio_v2.py
[2026-04-30T13:19:10.346+0000] {logging_mixin.py:188} INFO - [2026-04-30T13:19:10.345+0000] {dag.py:3089} INFO - Sync 1 DAGs
[2026-04-30T13:19:10.389+0000] {logging_mixin.py:188} INFO - [2026-04-30T13:19:10.389+0000] {dag.py:3947} INFO - Setting next_dagrun for fin_ratio_v2 to 2026-04-01 00:00:00+00:00, run_after=2026-05-01 00:00:00+00:00
[2026-04-30T13:19:10.426+0000] {processor.py:183} INFO - Processing /opt/airflow/dags/dl_fin_ratio_v2.py took 0.185 seconds
[2026-04-30T13:19:40.737+0000] {processor.py:161} INFO - Started process (PID=161) to work on /opt/airflow/dags/dl_fin_ratio_v2.py
[2026-04-30T13:19:40.738+0000] {processor.py:830} INFO - Processing file /opt/airflow/dags/dl_fin_ratio_v2.py for tasks to queue
[2026-04-30T13:19:40.742+0000] {logging_mixin.py:188} INFO - [2026-04-30T13:19:40.742+0000] {dagbag.py:545} INFO - Filling up the DagBag from /opt/airflow/dags/dl_fin_ratio_v2.py
[2026-04-30T13:19:40.806+0000] {processor.py:840} INFO - DAG(s) 'fin_ratio_v2' retrieved from /opt/airflow/dags/dl_fin_ratio_v2.py
[2026-04-30T13:19:40.827+0000] {logging_mixin.py:188} INFO - [2026-04-30T13:19:40.826+0000] {dag.py:3089} INFO - Sync 1 DAGs
[2026-04-30T13:19:40.858+0000] {logging_mixin.py:188} INFO - [2026-04-30T13:19:40.858+0000] {dag.py:3947} INFO - Setting next_dagrun for fin_ratio_v2 to 2026-04-01 00:00:00+00:00, run_after=2026-05-01 00:00:00+00:00
[2026-04-30T13:19:40.883+0000] {processor.py:183} INFO - Processing /opt/airflow/dags/dl_fin_ratio_v2.py took 0.152 seconds
[2026-04-30T13:20:11.148+0000] {processor.py:161} INFO - Started process (PID=186) to work on /opt/airflow/dags/dl_fin_ratio_v2.py
[2026-04-30T13:20:11.149+0000] {processor.py:830} INFO - Processing file /opt/airflow/dags/dl_fin_ratio_v2.py for tasks to queue
[2026-04-30T13:20:11.152+0000] {logging_mixin.py:188} INFO - [2026-04-30T13:20:11.152+0000] {dagbag.py:545} INFO - Filling up the DagBag from /opt/airflow/dags/dl_fin_ratio_v2.py
[2026-04-30T13:20:11.194+0000] {processor.py:840} INFO - DAG(s) 'fin_ratio_v2' retrieved from /opt/airflow/dags/dl_fin_ratio_v2.py
[2026-04-30T13:20:11.215+0000] {logging_mixin.py:188} INFO - [2026-04-30T13:20:11.214+0000] {dag.py:3089} INFO - Sync 1 DAGs
[2026-04-30T13:20:11.241+0000] {logging_mixin.py:188} INFO - [2026-04-30T13:20:11.240+0000] {dag.py:3947} INFO - Setting next_dagrun for fin_ratio_v2 to 2026-04-01 00:00:00+00:00, run_after=2026-05-01 00:00:00+00:00
[2026-04-30T13:20:11.264+0000] {processor.py:183} INFO - Processing /opt/airflow/dags/dl_fin_ratio_v2.py took 0.122 seconds
[2026-04-30T13:20:41.995+0000] {processor.py:161} INFO - Started process (PID=211) to work on /opt/airflow/dags/dl_fin_ratio_v2.py
[2026-04-30T13:20:41.996+0000] {processor.py:830} INFO - Processing file /opt/airflow/dags/dl_fin_ratio_v2.py for tasks to queue
[2026-04-30T13:20:41.998+0000] {logging_mixin.py:188} INFO - [2026-04-30T13:20:41.998+0000] {dagbag.py:545} INFO - Filling up the DagBag from /opt/airflow/dags/dl_fin_ratio_v2.py
[2026-04-30T13:20:42.031+0000] {processor.py:840} INFO - DAG(s) 'fin_ratio_v2' retrieved from /opt/airflow/dags/dl_fin_ratio_v2.py
[2026-04-30T13:20:42.045+0000] {logging_mixin.py:188} INFO - [2026-04-30T13:20:42.045+0000] {dag.py:3089} INFO - Sync 1 DAGs
[2026-04-30T13:20:42.065+0000] {logging_mixin.py:188} INFO - [2026-04-30T13:20:42.065+0000] {dag.py:3947} INFO - Setting next_dagrun for fin_ratio_v2 to 2026-04-01 00:00:00+00:00, run_after=2026-05-01 00:00:00+00:00
[2026-04-30T13:20:42.084+0000] {processor.py:183} INFO - Processing /opt/airflow/dags/dl_fin_ratio_v2.py took 0.094 seconds
[2026-04-30T13:21:12.830+0000] {processor.py:161} INFO - Started process (PID=242) to work on /opt/airflow/dags/dl_fin_ratio_v2.py
[2026-04-30T13:21:12.830+0000] {processor.py:830} INFO - Processing file /opt/airflow/dags/dl_fin_ratio_v2.py for tasks to queue
[2026-04-30T13:21:12.833+0000] {logging_mixin.py:188} INFO - [2026-04-30T13:21:12.833+0000] {dagbag.py:545} INFO - Filling up the DagBag from /opt/airflow/dags/dl_fin_ratio_v2.py
[2026-04-30T13:21:12.869+0000] {processor.py:840} INFO - DAG(s) 'fin_ratio_v2' retrieved from /opt/airflow/dags/dl_fin_ratio_v2.py
[2026-04-30T13:21:12.886+0000] {logging_mixin.py:188} INFO - [2026-04-30T13:21:12.886+0000] {dag.py:3089} INFO - Sync 1 DAGs
[2026-04-30T13:21:12.910+0000] {logging_mixin.py:188} INFO - [2026-04-30T13:21:12.910+0000] {dag.py:3947} INFO - Setting next_dagrun for fin_ratio_v2 to 2026-04-01 00:00:00+00:00, run_after=2026-05-01 00:00:00+00:00
[2026-04-30T13:21:12.933+0000] {processor.py:183} INFO - Processing /opt/airflow/dags/dl_fin_ratio_v2.py took 0.108 seconds
[2026-04-30T13:21:43.023+0000] {processor.py:161} INFO - Started process (PID=267) to work on /opt/airflow/dags/dl_fin_ratio_v2.py
[2026-04-30T13:21:43.024+0000] {processor.py:830} INFO - Processing file /opt/airflow/dags/dl_fin_ratio_v2.py for tasks to queue
[2026-04-30T13:21:43.026+0000] {logging_mixin.py:188} INFO - [2026-04-30T13:21:43.025+0000] {dagbag.py:545} INFO - Filling up the DagBag from /opt/airflow/dags/dl_fin_ratio_v2.py
[2026-04-30T13:21:43.063+0000] {processor.py:840} INFO - DAG(s) 'fin_ratio_v2' retrieved from /opt/airflow/dags/dl_fin_ratio_v2.py
[2026-04-30T13:21:43.078+0000] {logging_mixin.py:188} INFO - [2026-04-30T13:21:43.078+0000] {dag.py:3089} INFO - Sync 1 DAGs
[2026-04-30T13:21:43.104+0000] {logging_mixin.py:188} INFO - [2026-04-30T13:21:43.104+0000] {dag.py:3947} INFO - Setting next_dagrun for fin_ratio_v2 to 2026-04-01 00:00:00+00:00, run_after=2026-05-01 00:00:00+00:00
[2026-04-30T13:21:43.129+0000] {processor.py:183} INFO - Processing /opt/airflow/dags/dl_fin_ratio_v2.py took 0.111 seconds
[2026-04-30T13:22:13.302+0000] {processor.py:161} INFO - Started process (PID=292) to work on /opt/airflow/dags/dl_fin_ratio_v2.py
[2026-04-30T13:22:13.303+0000] {processor.py:830} INFO - Processing file /opt/airflow/dags/dl_fin_ratio_v2.py for tasks to queue
[2026-04-30T13:22:13.305+0000] {logging_mixin.py:188} INFO - [2026-04-30T13:22:13.305+0000] {dagbag.py:545} INFO - Filling up the DagBag from /opt/airflow/dags/dl_fin_ratio_v2.py
[2026-04-30T13:22:13.345+0000] {processor.py:840} INFO - DAG(s) 'fin_ratio_v2' retrieved from /opt/airflow/dags/dl_fin_ratio_v2.py
[2026-04-30T13:22:13.371+0000] {logging_mixin.py:188} INFO - [2026-04-30T13:22:13.371+0000] {dag.py:3089} INFO - Sync 1 DAGs
[2026-04-30T13:22:13.410+0000] {logging_mixin.py:188} INFO - [2026-04-30T13:22:13.409+0000] {dag.py:3947} INFO - Setting next_dagrun for fin_ratio_v2 to 2026-04-01 00:00:00+00:00, run_after=2026-05-01 00:00:00+00:00
[2026-04-30T13:22:13.446+0000] {processor.py:183} INFO - Processing /opt/airflow/dags/dl_fin_ratio_v2.py took 0.150 seconds
[2026-04-30T13:22:43.965+0000] {processor.py:161} INFO - Started process (PID=317) to work on /opt/airflow/dags/dl_fin_ratio_v2.py
[2026-04-30T13:22:43.966+0000] {processor.py:830} INFO - Processing file /opt/airflow/dags/dl_fin_ratio_v2.py for tasks to queue
[2026-04-30T13:22:43.969+0000] {logging_mixin.py:188} INFO - [2026-04-30T13:22:43.968+0000] {dagbag.py:545} INFO - Filling up the DagBag from /opt/airflow/dags/dl_fin_ratio_v2.py
[2026-04-30T13:22:44.015+0000] {processor.py:840} INFO - DAG(s) 'fin_ratio_v2' retrieved from /opt/airflow/dags/dl_fin_ratio_v2.py
[2026-04-30T13:22:44.035+0000] {logging_mixin.py:188} INFO - [2026-04-30T13:22:44.034+0000] {dag.py:3089} INFO - Sync 1 DAGs
[2026-04-30T13:22:44.061+0000] {logging_mixin.py:188} INFO - [2026-04-30T13:22:44.061+0000] {dag.py:3947} INFO - Setting next_dagrun for fin_ratio_v2 to 2026-04-01 00:00:00+00:00, run_after=2026-05-01 00:00:00+00:00
[2026-04-30T13:22:44.091+0000] {processor.py:183} INFO - Processing /opt/airflow/dags/dl_fin_ratio_v2.py took 0.133 seconds
[2026-04-30T13:23:14.192+0000] {processor.py:161} INFO - Started process (PID=342) to work on /opt/airflow/dags/dl_fin_ratio_v2.py
[2026-04-30T13:23:14.193+0000] {processor.py:830} INFO - Processing file /opt/airflow/dags/dl_fin_ratio_v2.py for tasks to queue
[2026-04-30T13:23:14.195+0000] {logging_mixin.py:188} INFO - [2026-04-30T13:23:14.195+0000] {dagbag.py:545} INFO - Filling up the DagBag from /opt/airflow/dags/dl_fin_ratio_v2.py
[2026-04-30T13:23:14.237+0000] {processor.py:840} INFO - DAG(s) 'fin_ratio_v2' retrieved from /opt/airflow/dags/dl_fin_ratio_v2.py
[2026-04-30T13:23:14.257+0000] {logging_mixin.py:188} INFO - [2026-04-30T13:23:14.257+0000] {dag.py:3089} INFO - Sync 1 DAGs
[2026-04-30T13:23:14.286+0000] {logging_mixin.py:188} INFO - [2026-04-30T13:23:14.285+0000] {dag.py:3947} INFO - Setting next_dagrun for fin_ratio_v2 to 2026-04-01 00:00:00+00:00, run_after=2026-05-01 00:00:00+00:00
[2026-04-30T13:23:14.313+0000] {processor.py:183} INFO - Processing /opt/airflow/dags/dl_fin_ratio_v2.py took 0.127 seconds
[2026-04-30T13:23:44.477+0000] {processor.py:161} INFO - Started process (PID=367) to work on /opt/airflow/dags/dl_fin_ratio_v2.py
[2026-04-30T13:23:44.477+0000] {processor.py:830} INFO - Processing file /opt/airflow/dags/dl_fin_ratio_v2.py for tasks to queue
[2026-04-30T13:23:44.480+0000] {logging_mixin.py:188} INFO - [2026-04-30T13:23:44.480+0000] {dagbag.py:545} INFO - Filling up the DagBag from /opt/airflow/dags/dl_fin_ratio_v2.py
[2026-04-30T13:23:44.532+0000] {processor.py:840} INFO - DAG(s) 'fin_ratio_v2' retrieved from /opt/airflow/dags/dl_fin_ratio_v2.py
[2026-04-30T13:23:44.558+0000] {logging_mixin.py:188} INFO - [2026-04-30T13:23:44.557+0000] {dag.py:3089} INFO - Sync 1 DAGs
[2026-04-30T13:23:44.593+0000] {logging_mixin.py:188} INFO - [2026-04-30T13:23:44.593+0000] {dag.py:3947} INFO - Setting next_dagrun for fin_ratio_v2 to 2026-04-01 00:00:00+00:00, run_after=2026-05-01 00:00:00+00:00
[2026-04-30T13:23:44.626+0000] {processor.py:183} INFO - Processing /opt/airflow/dags/dl_fin_ratio_v2.py took 0.157 seconds
[2026-04-30T13:24:15.485+0000] {processor.py:161} INFO - Started process (PID=392) to work on /opt/airflow/dags/dl_fin_ratio_v2.py
[2026-04-30T13:24:15.486+0000] {processor.py:830} INFO - Processing file /opt/airflow/dags/dl_fin_ratio_v2.py for tasks to queue
[2026-04-30T13:24:15.488+0000] {logging_mixin.py:188} INFO - [2026-04-30T13:24:15.487+0000] {dagbag.py:545} INFO - Filling up the DagBag from /opt/airflow/dags/dl_fin_ratio_v2.py
[2026-04-30T13:24:15.520+0000] {processor.py:840} INFO - DAG(s) 'fin_ratio_v2' retrieved from /opt/airflow/dags/dl_fin_ratio_v2.py
[2026-04-30T13:24:15.535+0000] {logging_mixin.py:188} INFO - [2026-04-30T13:24:15.535+0000] {dag.py:3089} INFO - Sync 1 DAGs
[2026-04-30T13:24:15.554+0000] {logging_mixin.py:188} INFO - [2026-04-30T13:24:15.554+0000] {dag.py:3947} INFO - Setting next_dagrun for fin_ratio_v2 to 2026-04-01 00:00:00+00:00, run_after=2026-05-01 00:00:00+00:00
[2026-04-30T13:24:15.572+0000] {processor.py:183} INFO - Processing /opt/airflow/dags/dl_fin_ratio_v2.py took 0.093 seconds
[2026-04-30T13:24:46.164+0000] {processor.py:161} INFO - Started process (PID=417) to work on /opt/airflow/dags/dl_fin_ratio_v2.py
[2026-04-30T13:24:46.165+0000] {processor.py:830} INFO - Processing file /opt/airflow/dags/dl_fin_ratio_v2.py for tasks to queue
[2026-04-30T13:24:46.167+0000] {logging_mixin.py:188} INFO - [2026-04-30T13:24:46.167+0000] {dagbag.py:545} INFO - Filling up the DagBag from /opt/airflow/dags/dl_fin_ratio_v2.py
[2026-04-30T13:24:46.200+0000] {processor.py:840} INFO - DAG(s) 'fin_ratio_v2' retrieved from /opt/airflow/dags/dl_fin_ratio_v2.py
[2026-04-30T13:24:46.215+0000] {logging_mixin.py:188} INFO - [2026-04-30T13:24:46.215+0000] {dag.py:3089} INFO - Sync 1 DAGs
[2026-04-30T13:24:46.235+0000] {logging_mixin.py:188} INFO - [2026-04-30T13:24:46.235+0000] {dag.py:3947} INFO - Setting next_dagrun for fin_ratio_v2 to 2026-04-01 00:00:00+00:00, run_after=2026-05-01 00:00:00+00:00
[2026-04-30T13:24:46.255+0000] {processor.py:183} INFO - Processing /opt/airflow/dags/dl_fin_ratio_v2.py took 0.097 seconds
[2026-04-30T13:25:16.782+0000] {processor.py:161} INFO - Started process (PID=442) to work on /opt/airflow/dags/dl_fin_ratio_v2.py
[2026-04-30T13:25:16.782+0000] {processor.py:830} INFO - Processing file /opt/airflow/dags/dl_fin_ratio_v2.py for tasks to queue
[2026-04-30T13:25:16.784+0000] {logging_mixin.py:188} INFO - [2026-04-30T13:25:16.784+0000] {dagbag.py:545} INFO - Filling up the DagBag from /opt/airflow/dags/dl_fin_ratio_v2.py
[2026-04-30T13:25:16.815+0000] {processor.py:840} INFO - DAG(s) 'fin_ratio_v2' retrieved from /opt/airflow/dags/dl_fin_ratio_v2.py
[2026-04-30T13:25:16.832+0000] {logging_mixin.py:188} INFO - [2026-04-30T13:25:16.832+0000] {dag.py:3089} INFO - Sync 1 DAGs
[2026-04-30T13:25:16.855+0000] {logging_mixin.py:188} INFO - [2026-04-30T13:25:16.854+0000] {dag.py:3947} INFO - Setting next_dagrun for fin_ratio_v2 to 2026-04-01 00:00:00+00:00, run_after=2026-05-01 00:00:00+00:00
[2026-04-30T13:25:16.875+0000] {processor.py:183} INFO - Processing /opt/airflow/dags/dl_fin_ratio_v2.py took 0.098 seconds
[2026-04-30T13:25:47.379+0000] {processor.py:161} INFO - Started process (PID=467) to work on /opt/airflow/dags/dl_fin_ratio_v2.py
[2026-04-30T13:25:47.380+0000] {processor.py:830} INFO - Processing file /opt/airflow/dags/dl_fin_ratio_v2.py for tasks to queue
[2026-04-30T13:25:47.382+0000] {logging_mixin.py:188} INFO - [2026-04-30T13:25:47.381+0000] {dagbag.py:545} INFO - Filling up the DagBag from /opt/airflow/dags/dl_fin_ratio_v2.py
[2026-04-30T13:25:47.411+0000] {processor.py:840} INFO - DAG(s) 'fin_ratio_v2' retrieved from /opt/airflow/dags/dl_fin_ratio_v2.py
[2026-04-30T13:25:47.424+0000] {logging_mixin.py:188} INFO - [2026-04-30T13:25:47.423+0000] {dag.py:3089} INFO - Sync 1 DAGs
[2026-04-30T13:25:47.442+0000] {logging_mixin.py:188} INFO - [2026-04-30T13:25:47.442+0000] {dag.py:3947} INFO - Setting next_dagrun for fin_ratio_v2 to 2026-04-01 00:00:00+00:00, run_after=2026-05-01 00:00:00+00:00
[2026-04-30T13:25:47.461+0000] {processor.py:183} INFO - Processing /opt/airflow/dags/dl_fin_ratio_v2.py took 0.087 seconds
[2026-04-30T13:26:17.899+0000] {processor.py:161} INFO - Started process (PID=492) to work on /opt/airflow/dags/dl_fin_ratio_v2.py
[2026-04-30T13:26:17.900+0000] {processor.py:830} INFO - Processing file /opt/airflow/dags/dl_fin_ratio_v2.py for tasks to queue
[2026-04-30T13:26:17.903+0000] {logging_mixin.py:188} INFO - [2026-04-30T13:26:17.903+0000] {dagbag.py:545} INFO - Filling up the DagBag from /opt/airflow/dags/dl_fin_ratio_v2.py
[2026-04-30T13:26:17.935+0000] {processor.py:840} INFO - DAG(s) 'fin_ratio_v2' retrieved from /opt/airflow/dags/dl_fin_ratio_v2.py
[2026-04-30T13:26:17.949+0000] {logging_mixin.py:188} INFO - [2026-04-30T13:26:17.948+0000] {dag.py:3089} INFO - Sync 1 DAGs
[2026-04-30T13:26:17.968+0000] {logging_mixin.py:188} INFO - [2026-04-30T13:26:17.968+0000] {dag.py:3947} INFO - Setting next_dagrun for fin_ratio_v2 to 2026-04-01 00:00:00+00:00, run_after=2026-05-01 00:00:00+00:00
[2026-04-30T13:26:17.987+0000] {processor.py:183} INFO - Processing /opt/airflow/dags/dl_fin_ratio_v2.py took 0.093 seconds
[2026-04-30T13:26:48.473+0000] {processor.py:161} INFO - Started process (PID=517) to work on /opt/airflow/dags/dl_fin_ratio_v2.py
[2026-04-30T13:26:48.474+0000] {processor.py:830} INFO - Processing file /opt/airflow/dags/dl_fin_ratio_v2.py for tasks to queue
[2026-04-30T13:26:48.476+0000] {logging_mixin.py:188} INFO - [2026-04-30T13:26:48.476+0000] {dagbag.py:545} INFO - Filling up the DagBag from /opt/airflow/dags/dl_fin_ratio_v2.py
[2026-04-30T13:26:48.512+0000] {processor.py:840} INFO - DAG(s) 'fin_ratio_v2' retrieved from /opt/airflow/dags/dl_fin_ratio_v2.py
[2026-04-30T13:26:48.528+0000] {logging_mixin.py:188} INFO - [2026-04-30T13:26:48.528+0000] {dag.py:3089} INFO - Sync 1 DAGs
[2026-04-30T13:26:48.549+0000] {logging_mixin.py:188} INFO - [2026-04-30T13:26:48.549+0000] {dag.py:3947} INFO - Setting next_dagrun for fin_ratio_v2 to 2026-04-01 00:00:00+00:00, run_after=2026-05-01 00:00:00+00:00
[2026-04-30T13:26:48.571+0000] {processor.py:183} INFO - Processing /opt/airflow/dags/dl_fin_ratio_v2.py took 0.104 seconds
[2026-04-30T13:27:19.029+0000] {processor.py:161} INFO - Started process (PID=542) to work on /opt/airflow/dags/dl_fin_ratio_v2.py
[2026-04-30T13:27:19.030+0000] {processor.py:830} INFO - Processing file /opt/airflow/dags/dl_fin_ratio_v2.py for tasks to queue
[2026-04-30T13:27:19.032+0000] {logging_mixin.py:188} INFO - [2026-04-30T13:27:19.032+0000] {dagbag.py:545} INFO - Filling up the DagBag from /opt/airflow/dags/dl_fin_ratio_v2.py
[2026-04-30T13:27:19.068+0000] {processor.py:840} INFO - DAG(s) 'fin_ratio_v2' retrieved from /opt/airflow/dags/dl_fin_ratio_v2.py
[2026-04-30T13:27:19.085+0000] {logging_mixin.py:188} INFO - [2026-04-30T13:27:19.085+0000] {dag.py:3089} INFO - Sync 1 DAGs
[2026-04-30T13:27:19.107+0000] {logging_mixin.py:188} INFO - [2026-04-30T13:27:19.107+0000] {dag.py:3947} INFO - Setting next_dagrun for fin_ratio_v2 to 2026-04-01 00:00:00+00:00, run_after=2026-05-01 00:00:00+00:00
[2026-04-30T13:27:19.125+0000] {processor.py:183} INFO - Processing /opt/airflow/dags/dl_fin_ratio_v2.py took 0.102 seconds
[2026-04-30T13:27:49.927+0000] {processor.py:161} INFO - Started process (PID=567) to work on /opt/airflow/dags/dl_fin_ratio_v2.py
[2026-04-30T13:27:49.928+0000] {processor.py:830} INFO - Processing file /opt/airflow/dags/dl_fin_ratio_v2.py for tasks to queue
[2026-04-30T13:27:49.930+0000] {logging_mixin.py:188} INFO - [2026-04-30T13:27:49.930+0000] {dagbag.py:545} INFO - Filling up the DagBag from /opt/airflow/dags/dl_fin_ratio_v2.py
[2026-04-30T13:27:49.971+0000] {processor.py:840} INFO - DAG(s) 'fin_ratio_v2' retrieved from /opt/airflow/dags/dl_fin_ratio_v2.py
[2026-04-30T13:27:49.988+0000] {logging_mixin.py:188} INFO - [2026-04-30T13:27:49.988+0000] {dag.py:3089} INFO - Sync 1 DAGs
[2026-04-30T13:27:50.010+0000] {logging_mixin.py:188} INFO - [2026-04-30T13:27:50.009+0000] {dag.py:3947} INFO - Setting next_dagrun for fin_ratio_v2 to 2026-04-01 00:00:00+00:00, run_after=2026-05-01 00:00:00+00:00
[2026-04-30T13:27:50.031+0000] {processor.py:183} INFO - Processing /opt/airflow/dags/dl_fin_ratio_v2.py took 0.112 seconds
[2026-04-30T13:28:20.707+0000] {processor.py:161} INFO - Started process (PID=592) to work on /opt/airflow/dags/dl_fin_ratio_v2.py
[2026-04-30T13:28:20.708+0000] {processor.py:830} INFO - Processing file /opt/airflow/dags/dl_fin_ratio_v2.py for tasks to queue
[2026-04-30T13:28:20.710+0000] {logging_mixin.py:188} INFO - [2026-04-30T13:28:20.710+0000] {dagbag.py:545} INFO - Filling up the DagBag from /opt/airflow/dags/dl_fin_ratio_v2.py
[2026-04-30T13:28:20.741+0000] {processor.py:840} INFO - DAG(s) 'fin_ratio_v2' retrieved from /opt/airflow/dags/dl_fin_ratio_v2.py
[2026-04-30T13:28:20.755+0000] {logging_mixin.py:188} INFO - [2026-04-30T13:28:20.755+0000] {dag.py:3089} INFO - Sync 1 DAGs
[2026-04-30T13:28:20.773+0000] {logging_mixin.py:188} INFO - [2026-04-30T13:28:20.773+0000] {dag.py:3947} INFO - Setting next_dagrun for fin_ratio_v2 to 2026-04-01 00:00:00+00:00, run_after=2026-05-01 00:00:00+00:00
[2026-04-30T13:28:20.789+0000] {processor.py:183} INFO - Processing /opt/airflow/dags/dl_fin_ratio_v2.py took 0.086 seconds
[2026-04-30T13:28:51.190+0000] {processor.py:161} INFO - Started process (PID=617) to work on /opt/airflow/dags/dl_fin_ratio_v2.py
[2026-04-30T13:28:51.192+0000] {processor.py:830} INFO - Processing file /opt/airflow/dags/dl_fin_ratio_v2.py for tasks to queue
[2026-04-30T13:28:51.194+0000] {logging_mixin.py:188} INFO - [2026-04-30T13:28:51.194+0000] {dagbag.py:545} INFO - Filling up the DagBag from /opt/airflow/dags/dl_fin_ratio_v2.py
[2026-04-30T13:28:51.237+0000] {processor.py:840} INFO - DAG(s) 'fin_ratio_v2' retrieved from /opt/airflow/dags/dl_fin_ratio_v2.py
[2026-04-30T13:28:51.253+0000] {logging_mixin.py:188} INFO - [2026-04-30T13:28:51.253+0000] {dag.py:3089} INFO - Sync 1 DAGs
[2026-04-30T13:28:51.276+0000] {logging_mixin.py:188} INFO - [2026-04-30T13:28:51.276+0000] {dag.py:3947} INFO - Setting next_dagrun for fin_ratio_v2 to 2026-04-01 00:00:00+00:00, run_after=2026-05-01 00:00:00+00:00
[2026-04-30T13:28:51.295+0000] {processor.py:183} INFO - Processing /opt/airflow/dags/dl_fin_ratio_v2.py took 0.110 seconds
[2026-04-30T13:29:21.841+0000] {processor.py:161} INFO - Started process (PID=642) to work on /opt/airflow/dags/dl_fin_ratio_v2.py
[2026-04-30T13:29:21.842+0000] {processor.py:830} INFO - Processing file /opt/airflow/dags/dl_fin_ratio_v2.py for tasks to queue
[2026-04-30T13:29:21.844+0000] {logging_mixin.py:188} INFO - [2026-04-30T13:29:21.844+0000] {dagbag.py:545} INFO - Filling up the DagBag from /opt/airflow/dags/dl_fin_ratio_v2.py
[2026-04-30T13:29:21.885+0000] {processor.py:840} INFO - DAG(s) 'fin_ratio_v2' retrieved from /opt/airflow/dags/dl_fin_ratio_v2.py
[2026-04-30T13:29:21.904+0000] {logging_mixin.py:188} INFO - [2026-04-30T13:29:21.904+0000] {dag.py:3089} INFO - Sync 1 DAGs
[2026-04-30T13:29:21.926+0000] {logging_mixin.py:188} INFO - [2026-04-30T13:29:21.925+0000] {dag.py:3947} INFO - Setting next_dagrun for fin_ratio_v2 to 2026-04-01 00:00:00+00:00, run_after=2026-05-01 00:00:00+00:00
[2026-04-30T13:29:21.945+0000] {processor.py:183} INFO - Processing /opt/airflow/dags/dl_fin_ratio_v2.py took 0.111 seconds
[2026-04-30T13:29:52.055+0000] {processor.py:161} INFO - Started process (PID=667) to work on /opt/airflow/dags/dl_fin_ratio_v2.py
[2026-04-30T13:29:52.056+0000] {processor.py:830} INFO - Processing file /opt/airflow/dags/dl_fin_ratio_v2.py for tasks to queue
[2026-04-30T13:29:52.058+0000] {logging_mixin.py:188} INFO - [2026-04-30T13:29:52.058+0000] {dagbag.py:545} INFO - Filling up the DagBag from /opt/airflow/dags/dl_fin_ratio_v2.py
[2026-04-30T13:29:52.097+0000] {processor.py:840} INFO - DAG(s) 'fin_ratio_v2' retrieved from /opt/airflow/dags/dl_fin_ratio_v2.py
[2026-04-30T13:29:52.114+0000] {logging_mixin.py:188} INFO - [2026-04-30T13:29:52.114+0000] {dag.py:3089} INFO - Sync 1 DAGs
[2026-04-30T13:29:52.136+0000] {logging_mixin.py:188} INFO - [2026-04-30T13:29:52.136+0000] {dag.py:3947} INFO - Setting next_dagrun for fin_ratio_v2 to 2026-04-01 00:00:00+00:00, run_after=2026-05-01 00:00:00+00:00
[2026-04-30T13:29:52.156+0000] {processor.py:183} INFO - Processing /opt/airflow/dags/dl_fin_ratio_v2.py took 0.107 seconds
[2026-04-30T13:30:22.521+0000] {processor.py:161} INFO - Started process (PID=692) to work on /opt/airflow/dags/dl_fin_ratio_v2.py
[2026-04-30T13:30:22.522+0000] {processor.py:830} INFO - Processing file /opt/airflow/dags/dl_fin_ratio_v2.py for tasks to queue
[2026-04-30T13:30:22.525+0000] {logging_mixin.py:188} INFO - [2026-04-30T13:30:22.525+0000] {dagbag.py:545} INFO - Filling up the DagBag from /opt/airflow/dags/dl_fin_ratio_v2.py
[2026-04-30T13:30:22.568+0000] {processor.py:840} INFO - DAG(s) 'fin_ratio_v2' retrieved from /opt/airflow/dags/dl_fin_ratio_v2.py
[2026-04-30T13:30:22.584+0000] {logging_mixin.py:188} INFO - [2026-04-30T13:30:22.584+0000] {dag.py:3089} INFO - Sync 1 DAGs
[2026-04-30T13:30:22.609+0000] {logging_mixin.py:188} INFO - [2026-04-30T13:30:22.609+0000] {dag.py:3947} INFO - Setting next_dagrun for fin_ratio_v2 to 2026-04-01 00:00:00+00:00, run_after=2026-05-01 00:00:00+00:00
[2026-04-30T13:30:22.632+0000] {processor.py:183} INFO - Processing /opt/airflow/dags/dl_fin_ratio_v2.py took 0.116 seconds
[2026-04-30T13:30:53.047+0000] {processor.py:161} INFO - Started process (PID=717) to work on /opt/airflow/dags/dl_fin_ratio_v2.py
[2026-04-30T13:30:53.048+0000] {processor.py:830} INFO - Processing file /opt/airflow/dags/dl_fin_ratio_v2.py for tasks to queue
[2026-04-30T13:30:53.050+0000] {logging_mixin.py:188} INFO - [2026-04-30T13:30:53.050+0000] {dagbag.py:545} INFO - Filling up the DagBag from /opt/airflow/dags/dl_fin_ratio_v2.py
[2026-04-30T13:30:53.086+0000] {processor.py:840} INFO - DAG(s) 'fin_ratio_v2' retrieved from /opt/airflow/dags/dl_fin_ratio_v2.py
[2026-04-30T13:30:53.101+0000] {logging_mixin.py:188} INFO - [2026-04-30T13:30:53.101+0000] {dag.py:3089} INFO - Sync 1 DAGs
[2026-04-30T13:30:53.122+0000] {logging_mixin.py:188} INFO - [2026-04-30T13:30:53.122+0000] {dag.py:3947} INFO - Setting next_dagrun for fin_ratio_v2 to 2026-04-01 00:00:00+00:00, run_after=2026-05-01 00:00:00+00:00
[2026-04-30T13:30:53.141+0000] {processor.py:183} INFO - Processing /opt/airflow/dags/dl_fin_ratio_v2.py took 0.099 seconds
[2026-04-30T13:31:23.582+0000] {processor.py:161} INFO - Started process (PID=742) to work on /opt/airflow/dags/dl_fin_ratio_v2.py
[2026-04-30T13:31:23.582+0000] {processor.py:830} INFO - Processing file /opt/airflow/dags/dl_fin_ratio_v2.py for tasks to queue
[2026-04-30T13:31:23.584+0000] {logging_mixin.py:188} INFO - [2026-04-30T13:31:23.584+0000] {dagbag.py:545} INFO - Filling up the DagBag from /opt/airflow/dags/dl_fin_ratio_v2.py
[2026-04-30T13:31:23.618+0000] {processor.py:840} INFO - DAG(s) 'fin_ratio_v2' retrieved from /opt/airflow/dags/dl_fin_ratio_v2.py
[2026-04-30T13:31:23.631+0000] {logging_mixin.py:188} INFO - [2026-04-30T13:31:23.631+0000] {dag.py:3089} INFO - Sync 1 DAGs
[2026-04-30T13:31:23.651+0000] {logging_mixin.py:188} INFO - [2026-04-30T13:31:23.651+0000] {dag.py:3947} INFO - Setting next_dagrun for fin_ratio_v2 to 2026-04-01 00:00:00+00:00, run_after=2026-05-01 00:00:00+00:00
[2026-04-30T13:31:23.667+0000] {processor.py:183} INFO - Processing /opt/airflow/dags/dl_fin_ratio_v2.py took 0.091 seconds
[2026-04-30T13:31:54.049+0000] {processor.py:161} INFO - Started process (PID=767) to work on /opt/airflow/dags/dl_fin_ratio_v2.py
[2026-04-30T13:31:54.050+0000] {processor.py:830} INFO - Processing file /opt/airflow/dags/dl_fin_ratio_v2.py for tasks to queue
[2026-04-30T13:31:54.053+0000] {logging_mixin.py:188} INFO - [2026-04-30T13:31:54.052+0000] {dagbag.py:545} INFO - Filling up the DagBag from /opt/airflow/dags/dl_fin_ratio_v2.py
[2026-04-30T13:31:54.102+0000] {processor.py:840} INFO - DAG(s) 'fin_ratio_v2' retrieved from /opt/airflow/dags/dl_fin_ratio_v2.py
[2026-04-30T13:31:54.120+0000] {logging_mixin.py:188} INFO - [2026-04-30T13:31:54.120+0000] {dag.py:3089} INFO - Sync 1 DAGs
[2026-04-30T13:31:54.145+0000] {logging_mixin.py:188} INFO - [2026-04-30T13:31:54.145+0000] {dag.py:3947} INFO - Setting next_dagrun for fin_ratio_v2 to 2026-04-01 00:00:00+00:00, run_after=2026-05-01 00:00:00+00:00
[2026-04-30T13:31:54.165+0000] {processor.py:183} INFO - Processing /opt/airflow/dags/dl_fin_ratio_v2.py took 0.123 seconds
[2026-04-30T13:32:24.617+0000] {processor.py:161} INFO - Started process (PID=792) to work on /opt/airflow/dags/dl_fin_ratio_v2.py
[2026-04-30T13:32:24.618+0000] {processor.py:830} INFO - Processing file /opt/airflow/dags/dl_fin_ratio_v2.py for tasks to queue
[2026-04-30T13:32:24.620+0000] {logging_mixin.py:188} INFO - [2026-04-30T13:32:24.620+0000] {dagbag.py:545} INFO - Filling up the DagBag from /opt/airflow/dags/dl_fin_ratio_v2.py
[2026-04-30T13:32:24.652+0000] {processor.py:840} INFO - DAG(s) 'fin_ratio_v2' retrieved from /opt/airflow/dags/dl_fin_ratio_v2.py
[2026-04-30T13:32:24.666+0000] {logging_mixin.py:188} INFO - [2026-04-30T13:32:24.666+0000] {dag.py:3089} INFO - Sync 1 DAGs
[2026-04-30T13:32:24.686+0000] {logging_mixin.py:188} INFO - [2026-04-30T13:32:24.686+0000] {dag.py:3947} INFO - Setting next_dagrun for fin_ratio_v2 to 2026-04-01 00:00:00+00:00, run_after=2026-05-01 00:00:00+00:00
[2026-04-30T13:32:24.705+0000] {processor.py:183} INFO - Processing /opt/airflow/dags/dl_fin_ratio_v2.py took 0.093 seconds
[2026-04-30T13:32:54.892+0000] {processor.py:161} INFO - Started process (PID=817) to work on /opt/airflow/dags/dl_fin_ratio_v2.py
[2026-04-30T13:32:54.893+0000] {processor.py:830} INFO - Processing file /opt/airflow/dags/dl_fin_ratio_v2.py for tasks to queue
[2026-04-30T13:32:54.896+0000] {logging_mixin.py:188} INFO - [2026-04-30T13:32:54.896+0000] {dagbag.py:545} INFO - Filling up the DagBag from /opt/airflow/dags/dl_fin_ratio_v2.py
[2026-04-30T13:32:54.932+0000] {processor.py:840} INFO - DAG(s) 'fin_ratio_v2' retrieved from /opt/airflow/dags/dl_fin_ratio_v2.py
[2026-04-30T13:32:54.946+0000] {logging_mixin.py:188} INFO - [2026-04-30T13:32:54.946+0000] {dag.py:3089} INFO - Sync 1 DAGs
[2026-04-30T13:32:54.971+0000] {logging_mixin.py:188} INFO - [2026-04-30T13:32:54.971+0000] {dag.py:3947} INFO - Setting next_dagrun for fin_ratio_v2 to 2026-04-01 00:00:00+00:00, run_after=2026-05-01 00:00:00+00:00
[2026-04-30T13:32:54.989+0000] {processor.py:183} INFO - Processing /opt/airflow/dags/dl_fin_ratio_v2.py took 0.102 seconds
[2026-04-30T13:33:25.083+0000] {processor.py:161} INFO - Started process (PID=842) to work on /opt/airflow/dags/dl_fin_ratio_v2.py
[2026-04-30T13:33:25.084+0000] {processor.py:830} INFO - Processing file /opt/airflow/dags/dl_fin_ratio_v2.py for tasks to queue
[2026-04-30T13:33:25.086+0000] {logging_mixin.py:188} INFO - [2026-04-30T13:33:25.086+0000] {dagbag.py:545} INFO - Filling up the DagBag from /opt/airflow/dags/dl_fin_ratio_v2.py
[2026-04-30T13:33:25.124+0000] {processor.py:840} INFO - DAG(s) 'fin_ratio_v2' retrieved from /opt/airflow/dags/dl_fin_ratio_v2.py
[2026-04-30T13:33:25.138+0000] {logging_mixin.py:188} INFO - [2026-04-30T13:33:25.138+0000] {dag.py:3089} INFO - Sync 1 DAGs
[2026-04-30T13:33:25.161+0000] {logging_mixin.py:188} INFO - [2026-04-30T13:33:25.160+0000] {dag.py:3947} INFO - Setting next_dagrun for fin_ratio_v2 to 2026-04-01 00:00:00+00:00, run_after=2026-05-01 00:00:00+00:00
[2026-04-30T13:33:25.181+0000] {processor.py:183} INFO - Processing /opt/airflow/dags/dl_fin_ratio_v2.py took 0.112 seconds
[2026-04-30T13:33:55.703+0000] {processor.py:161} INFO - Started process (PID=867) to work on /opt/airflow/dags/dl_fin_ratio_v2.py
[2026-04-30T13:33:55.704+0000] {processor.py:830} INFO - Processing file /opt/airflow/dags/dl_fin_ratio_v2.py for tasks to queue
[2026-04-30T13:33:55.706+0000] {logging_mixin.py:188} INFO - [2026-04-30T13:33:55.706+0000] {dagbag.py:545} INFO - Filling up the DagBag from /opt/airflow/dags/dl_fin_ratio_v2.py
[2026-04-30T13:33:55.737+0000] {processor.py:840} INFO - DAG(s) 'fin_ratio_v2' retrieved from /opt/airflow/dags/dl_fin_ratio_v2.py
[2026-04-30T13:33:55.752+0000] {logging_mixin.py:188} INFO - [2026-04-30T13:33:55.751+0000] {dag.py:3089} INFO - Sync 1 DAGs
[2026-04-30T13:33:55.771+0000] {logging_mixin.py:188} INFO - [2026-04-30T13:33:55.770+0000] {dag.py:3947} INFO - Setting next_dagrun for fin_ratio_v2 to 2026-04-01 00:00:00+00:00, run_after=2026-05-01 00:00:00+00:00
[2026-04-30T13:33:55.787+0000] {processor.py:183} INFO - Processing /opt/airflow/dags/dl_fin_ratio_v2.py took 0.089 seconds
[2026-04-30T13:34:26.224+0000] {processor.py:161} INFO - Started process (PID=892) to work on /opt/airflow/dags/dl_fin_ratio_v2.py
[2026-04-30T13:34:26.228+0000] {processor.py:830} INFO - Processing file /opt/airflow/dags/dl_fin_ratio_v2.py for tasks to queue
[2026-04-30T13:34:26.243+0000] {logging_mixin.py:188} INFO - [2026-04-30T13:34:26.242+0000] {dagbag.py:545} INFO - Filling up the DagBag from /opt/airflow/dags/dl_fin_ratio_v2.py
[2026-04-30T13:34:26.354+0000] {processor.py:840} INFO - DAG(s) 'fin_ratio_v2' retrieved from /opt/airflow/dags/dl_fin_ratio_v2.py
[2026-04-30T13:34:26.395+0000] {logging_mixin.py:188} INFO - [2026-04-30T13:34:26.395+0000] {dag.py:3089} INFO - Sync 1 DAGs
[2026-04-30T13:34:26.433+0000] {logging_mixin.py:188} INFO - [2026-04-30T13:34:26.433+0000] {dag.py:3947} INFO - Setting next_dagrun for fin_ratio_v2 to 2026-04-01 00:00:00+00:00, run_after=2026-05-01 00:00:00+00:00
[2026-04-30T13:34:26.452+0000] {processor.py:183} INFO - Processing /opt/airflow/dags/dl_fin_ratio_v2.py took 0.250 seconds
[2026-04-30T13:34:57.029+0000] {processor.py:161} INFO - Started process (PID=917) to work on /opt/airflow/dags/dl_fin_ratio_v2.py
[2026-04-30T13:34:57.030+0000] {processor.py:830} INFO - Processing file /opt/airflow/dags/dl_fin_ratio_v2.py for tasks to queue
[2026-04-30T13:34:57.033+0000] {logging_mixin.py:188} INFO - [2026-04-30T13:34:57.032+0000] {dagbag.py:545} INFO - Filling up the DagBag from /opt/airflow/dags/dl_fin_ratio_v2.py
[2026-04-30T13:34:57.068+0000] {processor.py:840} INFO - DAG(s) 'fin_ratio_v2' retrieved from /opt/airflow/dags/dl_fin_ratio_v2.py
[2026-04-30T13:34:57.084+0000] {logging_mixin.py:188} INFO - [2026-04-30T13:34:57.084+0000] {dag.py:3089} INFO - Sync 1 DAGs
[2026-04-30T13:34:57.111+0000] {logging_mixin.py:188} INFO - [2026-04-30T13:34:57.111+0000] {dag.py:3947} INFO - Setting next_dagrun for fin_ratio_v2 to 2026-04-01 00:00:00+00:00, run_after=2026-05-01 00:00:00+00:00
[2026-04-30T13:34:57.133+0000] {processor.py:183} INFO - Processing /opt/airflow/dags/dl_fin_ratio_v2.py took 0.109 seconds
[2026-04-30T13:35:27.699+0000] {processor.py:161} INFO - Started process (PID=942) to work on /opt/airflow/dags/dl_fin_ratio_v2.py
[2026-04-30T13:35:27.700+0000] {processor.py:830} INFO - Processing file /opt/airflow/dags/dl_fin_ratio_v2.py for tasks to queue
[2026-04-30T13:35:27.702+0000] {logging_mixin.py:188} INFO - [2026-04-30T13:35:27.701+0000] {dagbag.py:545} INFO - Filling up the DagBag from /opt/airflow/dags/dl_fin_ratio_v2.py
[2026-04-30T13:35:27.739+0000] {processor.py:840} INFO - DAG(s) 'fin_ratio_v2' retrieved from /opt/airflow/dags/dl_fin_ratio_v2.py
[2026-04-30T13:35:27.757+0000] {logging_mixin.py:188} INFO - [2026-04-30T13:35:27.757+0000] {dag.py:3089} INFO - Sync 1 DAGs
[2026-04-30T13:35:27.781+0000] {logging_mixin.py:188} INFO - [2026-04-30T13:35:27.781+0000] {dag.py:3947} INFO - Setting next_dagrun for fin_ratio_v2 to 2026-04-01 00:00:00+00:00, run_after=2026-05-01 00:00:00+00:00
[2026-04-30T13:35:27.801+0000] {processor.py:183} INFO - Processing /opt/airflow/dags/dl_fin_ratio_v2.py took 0.107 seconds
[2026-04-30T13:35:58.431+0000] {processor.py:161} INFO - Started process (PID=967) to work on /opt/airflow/dags/dl_fin_ratio_v2.py
[2026-04-30T13:35:58.432+0000] {processor.py:830} INFO - Processing file /opt/airflow/dags/dl_fin_ratio_v2.py for tasks to queue
[2026-04-30T13:35:58.435+0000] {logging_mixin.py:188} INFO - [2026-04-30T13:35:58.435+0000] {dagbag.py:545} INFO - Filling up the DagBag from /opt/airflow/dags/dl_fin_ratio_v2.py
[2026-04-30T13:35:58.478+0000] {processor.py:840} INFO - DAG(s) 'fin_ratio_v2' retrieved from /opt/airflow/dags/dl_fin_ratio_v2.py
[2026-04-30T13:35:58.495+0000] {logging_mixin.py:188} INFO - [2026-04-30T13:35:58.494+0000] {dag.py:3089} INFO - Sync 1 DAGs
[2026-04-30T13:35:58.517+0000] {logging_mixin.py:188} INFO - [2026-04-30T13:35:58.516+0000] {dag.py:3947} INFO - Setting next_dagrun for fin_ratio_v2 to 2026-04-01 00:00:00+00:00, run_after=2026-05-01 00:00:00+00:00
[2026-04-30T13:35:58.538+0000] {processor.py:183} INFO - Processing /opt/airflow/dags/dl_fin_ratio_v2.py took 0.113 seconds
[2026-04-30T13:36:29.305+0000] {processor.py:161} INFO - Started process (PID=992) to work on /opt/airflow/dags/dl_fin_ratio_v2.py
[2026-04-30T13:36:29.306+0000] {processor.py:830} INFO - Processing file /opt/airflow/dags/dl_fin_ratio_v2.py for tasks to queue
[2026-04-30T13:36:29.309+0000] {logging_mixin.py:188} INFO - [2026-04-30T13:36:29.308+0000] {dagbag.py:545} INFO - Filling up the DagBag from /opt/airflow/dags/dl_fin_ratio_v2.py
[2026-04-30T13:36:29.344+0000] {processor.py:840} INFO - DAG(s) 'fin_ratio_v2' retrieved from /opt/airflow/dags/dl_fin_ratio_v2.py
[2026-04-30T13:36:29.360+0000] {logging_mixin.py:188} INFO - [2026-04-30T13:36:29.360+0000] {dag.py:3089} INFO - Sync 1 DAGs
[2026-04-30T13:36:29.379+0000] {logging_mixin.py:188} INFO - [2026-04-30T13:36:29.378+0000] {dag.py:3947} INFO - Setting next_dagrun for fin_ratio_v2 to 2026-04-01 00:00:00+00:00, run_after=2026-05-01 00:00:00+00:00
[2026-04-30T13:36:29.397+0000] {processor.py:183} INFO - Processing /opt/airflow/dags/dl_fin_ratio_v2.py took 0.098 seconds
[2026-04-30T13:36:59.892+0000] {processor.py:161} INFO - Started process (PID=1017) to work on /opt/airflow/dags/dl_fin_ratio_v2.py
[2026-04-30T13:36:59.893+0000] {processor.py:830} INFO - Processing file /opt/airflow/dags/dl_fin_ratio_v2.py for tasks to queue
[2026-04-30T13:36:59.897+0000] {logging_mixin.py:188} INFO - [2026-04-30T13:36:59.897+0000] {dagbag.py:545} INFO - Filling up the DagBag from /opt/airflow/dags/dl_fin_ratio_v2.py
[2026-04-30T13:36:59.953+0000] {processor.py:840} INFO - DAG(s) 'fin_ratio_v2' retrieved from /opt/airflow/dags/dl_fin_ratio_v2.py
[2026-04-30T13:36:59.974+0000] {logging_mixin.py:188} INFO - [2026-04-30T13:36:59.974+0000] {dag.py:3089} INFO - Sync 1 DAGs
[2026-04-30T13:37:00.007+0000] {logging_mixin.py:188} INFO - [2026-04-30T13:37:00.006+0000] {dag.py:3947} INFO - Setting next_dagrun for fin_ratio_v2 to 2026-04-01 00:00:00+00:00, run_after=2026-05-01 00:00:00+00:00
[2026-04-30T13:37:00.036+0000] {processor.py:183} INFO - Processing /opt/airflow/dags/dl_fin_ratio_v2.py took 0.152 seconds
[2026-04-30T13:37:30.529+0000] {processor.py:161} INFO - Started process (PID=1042) to work on /opt/airflow/dags/dl_fin_ratio_v2.py
[2026-04-30T13:37:30.530+0000] {processor.py:830} INFO - Processing file /opt/airflow/dags/dl_fin_ratio_v2.py for tasks to queue
[2026-04-30T13:37:30.532+0000] {logging_mixin.py:188} INFO - [2026-04-30T13:37:30.532+0000] {dagbag.py:545} INFO - Filling up the DagBag from /opt/airflow/dags/dl_fin_ratio_v2.py
[2026-04-30T13:37:30.573+0000] {processor.py:840} INFO - DAG(s) 'fin_ratio_v2' retrieved from /opt/airflow/dags/dl_fin_ratio_v2.py
[2026-04-30T13:37:30.590+0000] {logging_mixin.py:188} INFO - [2026-04-30T13:37:30.589+0000] {dag.py:3089} INFO - Sync 1 DAGs
[2026-04-30T13:37:30.618+0000] {logging_mixin.py:188} INFO - [2026-04-30T13:37:30.618+0000] {dag.py:3947} INFO - Setting next_dagrun for fin_ratio_v2 to 2026-04-01 00:00:00+00:00, run_after=2026-05-01 00:00:00+00:00
[2026-04-30T13:37:30.639+0000] {processor.py:183} INFO - Processing /opt/airflow/dags/dl_fin_ratio_v2.py took 0.118 seconds
[2026-04-30T13:38:01.651+0000] {processor.py:161} INFO - Started process (PID=1067) to work on /opt/airflow/dags/dl_fin_ratio_v2.py
[2026-04-30T13:38:01.651+0000] {processor.py:830} INFO - Processing file /opt/airflow/dags/dl_fin_ratio_v2.py for tasks to queue
[2026-04-30T13:38:01.654+0000] {logging_mixin.py:188} INFO - [2026-04-30T13:38:01.653+0000] {dagbag.py:545} INFO - Filling up the DagBag from /opt/airflow/dags/dl_fin_ratio_v2.py
[2026-04-30T13:38:01.684+0000] {processor.py:840} INFO - DAG(s) 'fin_ratio_v2' retrieved from /opt/airflow/dags/dl_fin_ratio_v2.py
[2026-04-30T13:38:01.698+0000] {logging_mixin.py:188} INFO - [2026-04-30T13:38:01.698+0000] {dag.py:3089} INFO - Sync 1 DAGs
[2026-04-30T13:38:01.719+0000] {logging_mixin.py:188} INFO - [2026-04-30T13:38:01.719+0000] {dag.py:3947} INFO - Setting next_dagrun for fin_ratio_v2 to 2026-04-01 00:00:00+00:00, run_after=2026-05-01 00:00:00+00:00
[2026-04-30T13:38:01.737+0000] {processor.py:183} INFO - Processing /opt/airflow/dags/dl_fin_ratio_v2.py took 0.092 seconds
[2026-04-30T13:38:32.308+0000] {processor.py:161} INFO - Started process (PID=1093) to work on /opt/airflow/dags/dl_fin_ratio_v2.py
[2026-04-30T13:38:32.308+0000] {processor.py:830} INFO - Processing file /opt/airflow/dags/dl_fin_ratio_v2.py for tasks to queue
[2026-04-30T13:38:32.310+0000] {logging_mixin.py:188} INFO - [2026-04-30T13:38:32.310+0000] {dagbag.py:545} INFO - Filling up the DagBag from /opt/airflow/dags/dl_fin_ratio_v2.py
[2026-04-30T13:38:32.341+0000] {processor.py:840} INFO - DAG(s) 'fin_ratio_v2' retrieved from /opt/airflow/dags/dl_fin_ratio_v2.py
[2026-04-30T13:38:32.354+0000] {logging_mixin.py:188} INFO - [2026-04-30T13:38:32.354+0000] {dag.py:3089} INFO - Sync 1 DAGs
[2026-04-30T13:38:32.376+0000] {logging_mixin.py:188} INFO - [2026-04-30T13:38:32.376+0000] {dag.py:3947} INFO - Setting next_dagrun for fin_ratio_v2 to 2026-04-01 00:00:00+00:00, run_after=2026-05-01 00:00:00+00:00
[2026-04-30T13:38:32.395+0000] {processor.py:183} INFO - Processing /opt/airflow/dags/dl_fin_ratio_v2.py took 0.092 seconds
[2026-04-30T13:39:02.707+0000] {processor.py:161} INFO - Started process (PID=1118) to work on /opt/airflow/dags/dl_fin_ratio_v2.py
[2026-04-30T13:39:02.708+0000] {processor.py:830} INFO - Processing file /opt/airflow/dags/dl_fin_ratio_v2.py for tasks to queue
[2026-04-30T13:39:02.710+0000] {logging_mixin.py:188} INFO - [2026-04-30T13:39:02.710+0000] {dagbag.py:545} INFO - Filling up the DagBag from /opt/airflow/dags/dl_fin_ratio_v2.py
[2026-04-30T13:39:02.741+0000] {processor.py:840} INFO - DAG(s) 'fin_ratio_v2' retrieved from /opt/airflow/dags/dl_fin_ratio_v2.py
[2026-04-30T13:39:02.754+0000] {logging_mixin.py:188} INFO - [2026-04-30T13:39:02.754+0000] {dag.py:3089} INFO - Sync 1 DAGs
[2026-04-30T13:39:02.775+0000] {logging_mixin.py:188} INFO - [2026-04-30T13:39:02.775+0000] {dag.py:3947} INFO - Setting next_dagrun for fin_ratio_v2 to 2026-04-01 00:00:00+00:00, run_after=2026-05-01 00:00:00+00:00
[2026-04-30T13:39:02.792+0000] {processor.py:183} INFO - Processing /opt/airflow/dags/dl_fin_ratio_v2.py took 0.090 seconds
[2026-04-30T13:39:33.206+0000] {processor.py:161} INFO - Started process (PID=1143) to work on /opt/airflow/dags/dl_fin_ratio_v2.py
[2026-04-30T13:39:33.207+0000] {processor.py:830} INFO - Processing file /opt/airflow/dags/dl_fin_ratio_v2.py for tasks to queue
[2026-04-30T13:39:33.209+0000] {logging_mixin.py:188} INFO - [2026-04-30T13:39:33.208+0000] {dagbag.py:545} INFO - Filling up the DagBag from /opt/airflow/dags/dl_fin_ratio_v2.py
[2026-04-30T13:39:33.239+0000] {processor.py:840} INFO - DAG(s) 'fin_ratio_v2' retrieved from /opt/airflow/dags/dl_fin_ratio_v2.py
[2026-04-30T13:39:33.253+0000] {logging_mixin.py:188} INFO - [2026-04-30T13:39:33.253+0000] {dag.py:3089} INFO - Sync 1 DAGs
[2026-04-30T13:39:33.275+0000] {logging_mixin.py:188} INFO - [2026-04-30T13:39:33.275+0000] {dag.py:3947} INFO - Setting next_dagrun for fin_ratio_v2 to 2026-04-01 00:00:00+00:00, run_after=2026-05-01 00:00:00+00:00
[2026-04-30T13:39:33.291+0000] {processor.py:183} INFO - Processing /opt/airflow/dags/dl_fin_ratio_v2.py took 0.091 seconds
[2026-04-30T13:40:03.581+0000] {processor.py:161} INFO - Started process (PID=1168) to work on /opt/airflow/dags/dl_fin_ratio_v2.py
[2026-04-30T13:40:03.582+0000] {processor.py:830} INFO - Processing file /opt/airflow/dags/dl_fin_ratio_v2.py for tasks to queue
[2026-04-30T13:40:03.584+0000] {logging_mixin.py:188} INFO - [2026-04-30T13:40:03.583+0000] {dagbag.py:545} INFO - Filling up the DagBag from /opt/airflow/dags/dl_fin_ratio_v2.py
[2026-04-30T13:40:03.614+0000] {processor.py:840} INFO - DAG(s) 'fin_ratio_v2' retrieved from /opt/airflow/dags/dl_fin_ratio_v2.py
[2026-04-30T13:40:03.627+0000] {logging_mixin.py:188} INFO - [2026-04-30T13:40:03.627+0000] {dag.py:3089} INFO - Sync 1 DAGs
[2026-04-30T13:40:03.647+0000] {logging_mixin.py:188} INFO - [2026-04-30T13:40:03.647+0000] {dag.py:3947} INFO - Setting next_dagrun for fin_ratio_v2 to 2026-04-01 00:00:00+00:00, run_after=2026-05-01 00:00:00+00:00
[2026-04-30T13:40:03.665+0000] {processor.py:183} INFO - Processing /opt/airflow/dags/dl_fin_ratio_v2.py took 0.089 seconds
[2026-04-30T13:40:34.010+0000] {processor.py:161} INFO - Started process (PID=1193) to work on /opt/airflow/dags/dl_fin_ratio_v2.py
[2026-04-30T13:40:34.011+0000] {processor.py:830} INFO - Processing file /opt/airflow/dags/dl_fin_ratio_v2.py for tasks to queue
[2026-04-30T13:40:34.013+0000] {logging_mixin.py:188} INFO - [2026-04-30T13:40:34.013+0000] {dagbag.py:545} INFO - Filling up the DagBag from /opt/airflow/dags/dl_fin_ratio_v2.py
[2026-04-30T13:40:34.049+0000] {processor.py:840} INFO - DAG(s) 'fin_ratio_v2' retrieved from /opt/airflow/dags/dl_fin_ratio_v2.py
[2026-04-30T13:40:34.066+0000] {logging_mixin.py:188} INFO - [2026-04-30T13:40:34.066+0000] {dag.py:3089} INFO - Sync 1 DAGs
[2026-04-30T13:40:34.090+0000] {logging_mixin.py:188} INFO - [2026-04-30T13:40:34.090+0000] {dag.py:3947} INFO - Setting next_dagrun for fin_ratio_v2 to 2026-04-01 00:00:00+00:00, run_after=2026-05-01 00:00:00+00:00
[2026-04-30T13:40:34.109+0000] {processor.py:183} INFO - Processing /opt/airflow/dags/dl_fin_ratio_v2.py took 0.104 seconds
[2026-04-30T13:41:04.507+0000] {processor.py:161} INFO - Started process (PID=1218) to work on /opt/airflow/dags/dl_fin_ratio_v2.py
[2026-04-30T13:41:04.508+0000] {processor.py:830} INFO - Processing file /opt/airflow/dags/dl_fin_ratio_v2.py for tasks to queue
[2026-04-30T13:41:04.510+0000] {logging_mixin.py:188} INFO - [2026-04-30T13:41:04.510+0000] {dagbag.py:545} INFO - Filling up the DagBag from /opt/airflow/dags/dl_fin_ratio_v2.py
[2026-04-30T13:41:04.544+0000] {processor.py:840} INFO - DAG(s) 'fin_ratio_v2' retrieved from /opt/airflow/dags/dl_fin_ratio_v2.py
[2026-04-30T13:41:04.557+0000] {logging_mixin.py:188} INFO - [2026-04-30T13:41:04.557+0000] {dag.py:3089} INFO - Sync 1 DAGs
[2026-04-30T13:41:04.578+0000] {logging_mixin.py:188} INFO - [2026-04-30T13:41:04.578+0000] {dag.py:3947} INFO - Setting next_dagrun for fin_ratio_v2 to 2026-04-01 00:00:00+00:00, run_after=2026-05-01 00:00:00+00:00
[2026-04-30T13:41:04.597+0000] {processor.py:183} INFO - Processing /opt/airflow/dags/dl_fin_ratio_v2.py took 0.096 seconds
[2026-04-30T13:41:34.996+0000] {processor.py:161} INFO - Started process (PID=1244) to work on /opt/airflow/dags/dl_fin_ratio_v2.py
[2026-04-30T13:41:34.997+0000] {processor.py:830} INFO - Processing file /opt/airflow/dags/dl_fin_ratio_v2.py for tasks to queue
[2026-04-30T13:41:35.000+0000] {logging_mixin.py:188} INFO - [2026-04-30T13:41:34.999+0000] {dagbag.py:545} INFO - Filling up the DagBag from /opt/airflow/dags/dl_fin_ratio_v2.py
[2026-04-30T13:41:35.035+0000] {processor.py:840} INFO - DAG(s) 'fin_ratio_v2' retrieved from /opt/airflow/dags/dl_fin_ratio_v2.py
[2026-04-30T13:41:35.050+0000] {logging_mixin.py:188} INFO - [2026-04-30T13:41:35.050+0000] {dag.py:3089} INFO - Sync 1 DAGs
[2026-04-30T13:41:35.073+0000] {logging_mixin.py:188} INFO - [2026-04-30T13:41:35.073+0000] {dag.py:3947} INFO - Setting next_dagrun for fin_ratio_v2 to 2026-04-01 00:00:00+00:00, run_after=2026-05-01 00:00:00+00:00
[2026-04-30T13:41:35.093+0000] {processor.py:183} INFO - Processing /opt/airflow/dags/dl_fin_ratio_v2.py took 0.102 seconds
[2026-04-30T13:42:05.454+0000] {processor.py:161} INFO - Started process (PID=1269) to work on /opt/airflow/dags/dl_fin_ratio_v2.py
[2026-04-30T13:42:05.455+0000] {processor.py:830} INFO - Processing file /opt/airflow/dags/dl_fin_ratio_v2.py for tasks to queue
[2026-04-30T13:42:05.457+0000] {logging_mixin.py:188} INFO - [2026-04-30T13:42:05.456+0000] {dagbag.py:545} INFO - Filling up the DagBag from /opt/airflow/dags/dl_fin_ratio_v2.py
[2026-04-30T13:42:05.487+0000] {processor.py:840} INFO - DAG(s) 'fin_ratio_v2' retrieved from /opt/airflow/dags/dl_fin_ratio_v2.py
[2026-04-30T13:42:05.502+0000] {logging_mixin.py:188} INFO - [2026-04-30T13:42:05.502+0000] {dag.py:3089} INFO - Sync 1 DAGs
[2026-04-30T13:42:05.522+0000] {logging_mixin.py:188} INFO - [2026-04-30T13:42:05.522+0000] {dag.py:3947} INFO - Setting next_dagrun for fin_ratio_v2 to 2026-04-01 00:00:00+00:00, run_after=2026-05-01 00:00:00+00:00
[2026-04-30T13:42:05.539+0000] {processor.py:183} INFO - Processing /opt/airflow/dags/dl_fin_ratio_v2.py took 0.090 seconds
[2026-04-30T13:42:35.826+0000] {processor.py:161} INFO - Started process (PID=1294) to work on /opt/airflow/dags/dl_fin_ratio_v2.py
[2026-04-30T13:42:35.827+0000] {processor.py:830} INFO - Processing file /opt/airflow/dags/dl_fin_ratio_v2.py for tasks to queue
[2026-04-30T13:42:35.829+0000] {logging_mixin.py:188} INFO - [2026-04-30T13:42:35.829+0000] {dagbag.py:545} INFO - Filling up the DagBag from /opt/airflow/dags/dl_fin_ratio_v2.py
[2026-04-30T13:42:35.862+0000] {processor.py:840} INFO - DAG(s) 'fin_ratio_v2' retrieved from /opt/airflow/dags/dl_fin_ratio_v2.py
[2026-04-30T13:42:35.876+0000] {logging_mixin.py:188} INFO - [2026-04-30T13:42:35.876+0000] {dag.py:3089} INFO - Sync 1 DAGs
[2026-04-30T13:42:35.898+0000] {logging_mixin.py:188} INFO - [2026-04-30T13:42:35.898+0000] {dag.py:3947} INFO - Setting next_dagrun for fin_ratio_v2 to 2026-04-01 00:00:00+00:00, run_after=2026-05-01 00:00:00+00:00
[2026-04-30T13:42:35.917+0000] {processor.py:183} INFO - Processing /opt/airflow/dags/dl_fin_ratio_v2.py took 0.095 seconds
[2026-04-30T13:43:06.526+0000] {processor.py:161} INFO - Started process (PID=1319) to work on /opt/airflow/dags/dl_fin_ratio_v2.py
[2026-04-30T13:43:06.527+0000] {processor.py:830} INFO - Processing file /opt/airflow/dags/dl_fin_ratio_v2.py for tasks to queue
[2026-04-30T13:43:06.530+0000] {logging_mixin.py:188} INFO - [2026-04-30T13:43:06.529+0000] {dagbag.py:545} INFO - Filling up the DagBag from /opt/airflow/dags/dl_fin_ratio_v2.py
[2026-04-30T13:43:06.564+0000] {processor.py:840} INFO - DAG(s) 'fin_ratio_v2' retrieved from /opt/airflow/dags/dl_fin_ratio_v2.py
[2026-04-30T13:43:06.579+0000] {logging_mixin.py:188} INFO - [2026-04-30T13:43:06.578+0000] {dag.py:3089} INFO - Sync 1 DAGs
[2026-04-30T13:43:06.598+0000] {logging_mixin.py:188} INFO - [2026-04-30T13:43:06.598+0000] {dag.py:3947} INFO - Setting next_dagrun for fin_ratio_v2 to 2026-04-01 00:00:00+00:00, run_after=2026-05-01 00:00:00+00:00
[2026-04-30T13:43:06.616+0000] {processor.py:183} INFO - Processing /opt/airflow/dags/dl_fin_ratio_v2.py took 0.095 seconds
[2026-04-30T13:43:37.000+0000] {processor.py:161} INFO - Started process (PID=1344) to work on /opt/airflow/dags/dl_fin_ratio_v2.py
[2026-04-30T13:43:37.001+0000] {processor.py:830} INFO - Processing file /opt/airflow/dags/dl_fin_ratio_v2.py for tasks to queue
[2026-04-30T13:43:37.004+0000] {logging_mixin.py:188} INFO - [2026-04-30T13:43:37.003+0000] {dagbag.py:545} INFO - Filling up the DagBag from /opt/airflow/dags/dl_fin_ratio_v2.py
[2026-04-30T13:43:37.050+0000] {processor.py:840} INFO - DAG(s) 'fin_ratio_v2' retrieved from /opt/airflow/dags/dl_fin_ratio_v2.py
[2026-04-30T13:43:37.068+0000] {logging_mixin.py:188} INFO - [2026-04-30T13:43:37.067+0000] {dag.py:3089} INFO - Sync 1 DAGs
[2026-04-30T13:43:37.093+0000] {logging_mixin.py:188} INFO - [2026-04-30T13:43:37.093+0000] {dag.py:3947} INFO - Setting next_dagrun for fin_ratio_v2 to 2026-04-01 00:00:00+00:00, run_after=2026-05-01 00:00:00+00:00
[2026-04-30T13:43:37.115+0000] {processor.py:183} INFO - Processing /opt/airflow/dags/dl_fin_ratio_v2.py took 0.121 seconds
[2026-04-30T13:44:07.652+0000] {processor.py:161} INFO - Started process (PID=1369) to work on /opt/airflow/dags/dl_fin_ratio_v2.py
[2026-04-30T13:44:07.653+0000] {processor.py:830} INFO - Processing file /opt/airflow/dags/dl_fin_ratio_v2.py for tasks to queue
[2026-04-30T13:44:07.655+0000] {logging_mixin.py:188} INFO - [2026-04-30T13:44:07.654+0000] {dagbag.py:545} INFO - Filling up the DagBag from /opt/airflow/dags/dl_fin_ratio_v2.py
[2026-04-30T13:44:07.683+0000] {processor.py:840} INFO - DAG(s) 'fin_ratio_v2' retrieved from /opt/airflow/dags/dl_fin_ratio_v2.py
[2026-04-30T13:44:07.697+0000] {logging_mixin.py:188} INFO - [2026-04-30T13:44:07.696+0000] {dag.py:3089} INFO - Sync 1 DAGs
[2026-04-30T13:44:07.714+0000] {logging_mixin.py:188} INFO - [2026-04-30T13:44:07.714+0000] {dag.py:3947} INFO - Setting next_dagrun for fin_ratio_v2 to 2026-04-01 00:00:00+00:00, run_after=2026-05-01 00:00:00+00:00
[2026-04-30T13:44:07.732+0000] {processor.py:183} INFO - Processing /opt/airflow/dags/dl_fin_ratio_v2.py took 0.085 seconds
[2026-04-30T13:44:38.188+0000] {processor.py:161} INFO - Started process (PID=1394) to work on /opt/airflow/dags/dl_fin_ratio_v2.py
[2026-04-30T13:44:38.189+0000] {processor.py:830} INFO - Processing file /opt/airflow/dags/dl_fin_ratio_v2.py for tasks to queue
[2026-04-30T13:44:38.191+0000] {logging_mixin.py:188} INFO - [2026-04-30T13:44:38.191+0000] {dagbag.py:545} INFO - Filling up the DagBag from /opt/airflow/dags/dl_fin_ratio_v2.py
[2026-04-30T13:44:38.225+0000] {processor.py:840} INFO - DAG(s) 'fin_ratio_v2' retrieved from /opt/airflow/dags/dl_fin_ratio_v2.py
[2026-04-30T13:44:38.239+0000] {logging_mixin.py:188} INFO - [2026-04-30T13:44:38.239+0000] {dag.py:3089} INFO - Sync 1 DAGs
[2026-04-30T13:44:38.260+0000] {logging_mixin.py:188} INFO - [2026-04-30T13:44:38.260+0000] {dag.py:3947} INFO - Setting next_dagrun for fin_ratio_v2 to 2026-04-01 00:00:00+00:00, run_after=2026-05-01 00:00:00+00:00
[2026-04-30T13:44:38.279+0000] {processor.py:183} INFO - Processing /opt/airflow/dags/dl_fin_ratio_v2.py took 0.096 seconds
[2026-04-30T13:45:08.991+0000] {processor.py:161} INFO - Started process (PID=1419) to work on /opt/airflow/dags/dl_fin_ratio_v2.py
[2026-04-30T13:45:08.992+0000] {processor.py:830} INFO - Processing file /opt/airflow/dags/dl_fin_ratio_v2.py for tasks to queue
[2026-04-30T13:45:08.994+0000] {logging_mixin.py:188} INFO - [2026-04-30T13:45:08.994+0000] {dagbag.py:545} INFO - Filling up the DagBag from /opt/airflow/dags/dl_fin_ratio_v2.py
[2026-04-30T13:45:09.025+0000] {processor.py:840} INFO - DAG(s) 'fin_ratio_v2' retrieved from /opt/airflow/dags/dl_fin_ratio_v2.py
[2026-04-30T13:45:09.037+0000] {logging_mixin.py:188} INFO - [2026-04-30T13:45:09.037+0000] {dag.py:3089} INFO - Sync 1 DAGs
[2026-04-30T13:45:09.055+0000] {logging_mixin.py:188} INFO - [2026-04-30T13:45:09.055+0000] {dag.py:3947} INFO - Setting next_dagrun for fin_ratio_v2 to 2026-04-01 00:00:00+00:00, run_after=2026-05-01 00:00:00+00:00
[2026-04-30T13:45:09.073+0000] {processor.py:183} INFO - Processing /opt/airflow/dags/dl_fin_ratio_v2.py took 0.087 seconds
[2026-04-30T13:45:39.593+0000] {processor.py:161} INFO - Started process (PID=1444) to work on /opt/airflow/dags/dl_fin_ratio_v2.py
[2026-04-30T13:45:39.593+0000] {processor.py:830} INFO - Processing file /opt/airflow/dags/dl_fin_ratio_v2.py for tasks to queue
[2026-04-30T13:45:39.595+0000] {logging_mixin.py:188} INFO - [2026-04-30T13:45:39.595+0000] {dagbag.py:545} INFO - Filling up the DagBag from /opt/airflow/dags/dl_fin_ratio_v2.py
[2026-04-30T13:45:39.630+0000] {processor.py:840} INFO - DAG(s) 'fin_ratio_v2' retrieved from /opt/airflow/dags/dl_fin_ratio_v2.py
[2026-04-30T13:45:39.646+0000] {logging_mixin.py:188} INFO - [2026-04-30T13:45:39.646+0000] {dag.py:3089} INFO - Sync 1 DAGs
[2026-04-30T13:45:39.669+0000] {logging_mixin.py:188} INFO - [2026-04-30T13:45:39.669+0000] {dag.py:3947} INFO - Setting next_dagrun for fin_ratio_v2 to 2026-04-01 00:00:00+00:00, run_after=2026-05-01 00:00:00+00:00
[2026-04-30T13:45:39.689+0000] {processor.py:183} INFO - Processing /opt/airflow/dags/dl_fin_ratio_v2.py took 0.101 seconds
[2026-04-30T13:46:10.211+0000] {processor.py:161} INFO - Started process (PID=1469) to work on /opt/airflow/dags/dl_fin_ratio_v2.py
[2026-04-30T13:46:10.211+0000] {processor.py:830} INFO - Processing file /opt/airflow/dags/dl_fin_ratio_v2.py for tasks to queue
[2026-04-30T13:46:10.213+0000] {logging_mixin.py:188} INFO - [2026-04-30T13:46:10.213+0000] {dagbag.py:545} INFO - Filling up the DagBag from /opt/airflow/dags/dl_fin_ratio_v2.py
[2026-04-30T13:46:10.247+0000] {processor.py:840} INFO - DAG(s) 'fin_ratio_v2' retrieved from /opt/airflow/dags/dl_fin_ratio_v2.py
[2026-04-30T13:46:10.260+0000] {logging_mixin.py:188} INFO - [2026-04-30T13:46:10.260+0000] {dag.py:3089} INFO - Sync 1 DAGs
[2026-04-30T13:46:10.281+0000] {logging_mixin.py:188} INFO - [2026-04-30T13:46:10.281+0000] {dag.py:3947} INFO - Setting next_dagrun for fin_ratio_v2 to 2026-04-01 00:00:00+00:00, run_after=2026-05-01 00:00:00+00:00
[2026-04-30T13:46:10.300+0000] {processor.py:183} INFO - Processing /opt/airflow/dags/dl_fin_ratio_v2.py took 0.095 seconds
[2026-04-30T13:46:40.578+0000] {processor.py:161} INFO - Started process (PID=1494) to work on /opt/airflow/dags/dl_fin_ratio_v2.py
[2026-04-30T13:46:40.579+0000] {processor.py:830} INFO - Processing file /opt/airflow/dags/dl_fin_ratio_v2.py for tasks to queue
[2026-04-30T13:46:40.582+0000] {logging_mixin.py:188} INFO - [2026-04-30T13:46:40.582+0000] {dagbag.py:545} INFO - Filling up the DagBag from /opt/airflow/dags/dl_fin_ratio_v2.py
[2026-04-30T13:46:40.620+0000] {processor.py:840} INFO - DAG(s) 'fin_ratio_v2' retrieved from /opt/airflow/dags/dl_fin_ratio_v2.py
[2026-04-30T13:46:40.637+0000] {logging_mixin.py:188} INFO - [2026-04-30T13:46:40.636+0000] {dag.py:3089} INFO - Sync 1 DAGs
[2026-04-30T13:46:40.656+0000] {logging_mixin.py:188} INFO - [2026-04-30T13:46:40.656+0000] {dag.py:3947} INFO - Setting next_dagrun for fin_ratio_v2 to 2026-04-01 00:00:00+00:00, run_after=2026-05-01 00:00:00+00:00
[2026-04-30T13:46:40.674+0000] {processor.py:183} INFO - Processing /opt/airflow/dags/dl_fin_ratio_v2.py took 0.104 seconds
[2026-04-30T13:47:11.226+0000] {processor.py:161} INFO - Started process (PID=1519) to work on /opt/airflow/dags/dl_fin_ratio_v2.py
[2026-04-30T13:47:11.226+0000] {processor.py:830} INFO - Processing file /opt/airflow/dags/dl_fin_ratio_v2.py for tasks to queue
[2026-04-30T13:47:11.228+0000] {logging_mixin.py:188} INFO - [2026-04-30T13:47:11.228+0000] {dagbag.py:545} INFO - Filling up the DagBag from /opt/airflow/dags/dl_fin_ratio_v2.py
[2026-04-30T13:47:11.258+0000] {processor.py:840} INFO - DAG(s) 'fin_ratio_v2' retrieved from /opt/airflow/dags/dl_fin_ratio_v2.py
[2026-04-30T13:47:11.273+0000] {logging_mixin.py:188} INFO - [2026-04-30T13:47:11.273+0000] {dag.py:3089} INFO - Sync 1 DAGs
[2026-04-30T13:47:11.293+0000] {logging_mixin.py:188} INFO - [2026-04-30T13:47:11.293+0000] {dag.py:3947} INFO - Setting next_dagrun for fin_ratio_v2 to 2026-04-01 00:00:00+00:00, run_after=2026-05-01 00:00:00+00:00
[2026-04-30T13:47:11.310+0000] {processor.py:183} INFO - Processing /opt/airflow/dags/dl_fin_ratio_v2.py took 0.090 seconds
[2026-04-30T13:47:41.681+0000] {processor.py:161} INFO - Started process (PID=1544) to work on /opt/airflow/dags/dl_fin_ratio_v2.py
[2026-04-30T13:47:41.682+0000] {processor.py:830} INFO - Processing file /opt/airflow/dags/dl_fin_ratio_v2.py for tasks to queue
[2026-04-30T13:47:41.684+0000] {logging_mixin.py:188} INFO - [2026-04-30T13:47:41.684+0000] {dagbag.py:545} INFO - Filling up the DagBag from /opt/airflow/dags/dl_fin_ratio_v2.py
[2026-04-30T13:47:41.715+0000] {processor.py:840} INFO - DAG(s) 'fin_ratio_v2' retrieved from /opt/airflow/dags/dl_fin_ratio_v2.py
[2026-04-30T13:47:41.728+0000] {logging_mixin.py:188} INFO - [2026-04-30T13:47:41.727+0000] {dag.py:3089} INFO - Sync 1 DAGs
[2026-04-30T13:47:41.748+0000] {logging_mixin.py:188} INFO - [2026-04-30T13:47:41.748+0000] {dag.py:3947} INFO - Setting next_dagrun for fin_ratio_v2 to 2026-04-01 00:00:00+00:00, run_after=2026-05-01 00:00:00+00:00
[2026-04-30T13:47:41.763+0000] {processor.py:183} INFO - Processing /opt/airflow/dags/dl_fin_ratio_v2.py took 0.086 seconds
[2026-04-30T13:48:12.443+0000] {processor.py:161} INFO - Started process (PID=1569) to work on /opt/airflow/dags/dl_fin_ratio_v2.py
[2026-04-30T13:48:12.444+0000] {processor.py:830} INFO - Processing file /opt/airflow/dags/dl_fin_ratio_v2.py for tasks to queue
[2026-04-30T13:48:12.446+0000] {logging_mixin.py:188} INFO - [2026-04-30T13:48:12.445+0000] {dagbag.py:545} INFO - Filling up the DagBag from /opt/airflow/dags/dl_fin_ratio_v2.py
[2026-04-30T13:48:12.475+0000] {processor.py:840} INFO - DAG(s) 'fin_ratio_v2' retrieved from /opt/airflow/dags/dl_fin_ratio_v2.py
[2026-04-30T13:48:12.492+0000] {logging_mixin.py:188} INFO - [2026-04-30T13:48:12.492+0000] {dag.py:3089} INFO - Sync 1 DAGs
[2026-04-30T13:48:12.514+0000] {logging_mixin.py:188} INFO - [2026-04-30T13:48:12.514+0000] {dag.py:3947} INFO - Setting next_dagrun for fin_ratio_v2 to 2026-04-01 00:00:00+00:00, run_after=2026-05-01 00:00:00+00:00
[2026-04-30T13:48:12.532+0000] {processor.py:183} INFO - Processing /opt/airflow/dags/dl_fin_ratio_v2.py took 0.094 seconds
[2026-04-30T13:48:42.839+0000] {processor.py:161} INFO - Started process (PID=1594) to work on /opt/airflow/dags/dl_fin_ratio_v2.py
[2026-04-30T13:48:42.840+0000] {processor.py:830} INFO - Processing file /opt/airflow/dags/dl_fin_ratio_v2.py for tasks to queue
[2026-04-30T13:48:42.842+0000] {logging_mixin.py:188} INFO - [2026-04-30T13:48:42.842+0000] {dagbag.py:545} INFO - Filling up the DagBag from /opt/airflow/dags/dl_fin_ratio_v2.py
[2026-04-30T13:48:42.887+0000] {processor.py:840} INFO - DAG(s) 'fin_ratio_v2' retrieved from /opt/airflow/dags/dl_fin_ratio_v2.py
[2026-04-30T13:48:42.904+0000] {logging_mixin.py:188} INFO - [2026-04-30T13:48:42.903+0000] {dag.py:3089} INFO - Sync 1 DAGs
[2026-04-30T13:48:42.934+0000] {logging_mixin.py:188} INFO - [2026-04-30T13:48:42.933+0000] {dag.py:3947} INFO - Setting next_dagrun for fin_ratio_v2 to 2026-04-01 00:00:00+00:00, run_after=2026-05-01 00:00:00+00:00
[2026-04-30T13:48:42.954+0000] {processor.py:183} INFO - Processing /opt/airflow/dags/dl_fin_ratio_v2.py took 0.122 seconds
[2026-04-30T13:49:13.723+0000] {processor.py:161} INFO - Started process (PID=1620) to work on /opt/airflow/dags/dl_fin_ratio_v2.py
[2026-04-30T13:49:13.723+0000] {processor.py:830} INFO - Processing file /opt/airflow/dags/dl_fin_ratio_v2.py for tasks to queue
[2026-04-30T13:49:13.725+0000] {logging_mixin.py:188} INFO - [2026-04-30T13:49:13.725+0000] {dagbag.py:545} INFO - Filling up the DagBag from /opt/airflow/dags/dl_fin_ratio_v2.py
[2026-04-30T13:49:13.755+0000] {processor.py:840} INFO - DAG(s) 'fin_ratio_v2' retrieved from /opt/airflow/dags/dl_fin_ratio_v2.py
[2026-04-30T13:49:13.768+0000] {logging_mixin.py:188} INFO - [2026-04-30T13:49:13.767+0000] {dag.py:3089} INFO - Sync 1 DAGs
[2026-04-30T13:49:13.786+0000] {logging_mixin.py:188} INFO - [2026-04-30T13:49:13.785+0000] {dag.py:3947} INFO - Setting next_dagrun for fin_ratio_v2 to 2026-04-01 00:00:00+00:00, run_after=2026-05-01 00:00:00+00:00
[2026-04-30T13:49:13.806+0000] {processor.py:183} INFO - Processing /opt/airflow/dags/dl_fin_ratio_v2.py took 0.088 seconds
[2026-04-30T13:49:44.260+0000] {processor.py:161} INFO - Started process (PID=1645) to work on /opt/airflow/dags/dl_fin_ratio_v2.py
[2026-04-30T13:49:44.261+0000] {processor.py:830} INFO - Processing file /opt/airflow/dags/dl_fin_ratio_v2.py for tasks to queue
[2026-04-30T13:49:44.263+0000] {logging_mixin.py:188} INFO - [2026-04-30T13:49:44.262+0000] {dagbag.py:545} INFO - Filling up the DagBag from /opt/airflow/dags/dl_fin_ratio_v2.py
[2026-04-30T13:49:44.294+0000] {processor.py:840} INFO - DAG(s) 'fin_ratio_v2' retrieved from /opt/airflow/dags/dl_fin_ratio_v2.py
[2026-04-30T13:49:44.308+0000] {logging_mixin.py:188} INFO - [2026-04-30T13:49:44.307+0000] {dag.py:3089} INFO - Sync 1 DAGs
[2026-04-30T13:49:44.331+0000] {logging_mixin.py:188} INFO - [2026-04-30T13:49:44.330+0000] {dag.py:3947} INFO - Setting next_dagrun for fin_ratio_v2 to 2026-04-01 00:00:00+00:00, run_after=2026-05-01 00:00:00+00:00
[2026-04-30T13:49:44.346+0000] {processor.py:183} INFO - Processing /opt/airflow/dags/dl_fin_ratio_v2.py took 0.091 seconds
[2026-04-30T13:50:14.961+0000] {processor.py:161} INFO - Started process (PID=1676) to work on /opt/airflow/dags/dl_fin_ratio_v2.py
[2026-04-30T13:50:14.962+0000] {processor.py:830} INFO - Processing file /opt/airflow/dags/dl_fin_ratio_v2.py for tasks to queue
[2026-04-30T13:50:14.964+0000] {logging_mixin.py:188} INFO - [2026-04-30T13:50:14.964+0000] {dagbag.py:545} INFO - Filling up the DagBag from /opt/airflow/dags/dl_fin_ratio_v2.py
[2026-04-30T13:50:14.994+0000] {processor.py:840} INFO - DAG(s) 'fin_ratio_v2' retrieved from /opt/airflow/dags/dl_fin_ratio_v2.py
[2026-04-30T13:50:15.007+0000] {logging_mixin.py:188} INFO - [2026-04-30T13:50:15.007+0000] {dag.py:3089} INFO - Sync 1 DAGs
[2026-04-30T13:50:15.026+0000] {logging_mixin.py:188} INFO - [2026-04-30T13:50:15.025+0000] {dag.py:3947} INFO - Setting next_dagrun for fin_ratio_v2 to 2026-04-01 00:00:00+00:00, run_after=2026-05-01 00:00:00+00:00
[2026-04-30T13:50:15.044+0000] {processor.py:183} INFO - Processing /opt/airflow/dags/dl_fin_ratio_v2.py took 0.088 seconds
[2026-04-30T13:50:45.469+0000] {processor.py:161} INFO - Started process (PID=1701) to work on /opt/airflow/dags/dl_fin_ratio_v2.py
[2026-04-30T13:50:45.470+0000] {processor.py:830} INFO - Processing file /opt/airflow/dags/dl_fin_ratio_v2.py for tasks to queue
[2026-04-30T13:50:45.472+0000] {logging_mixin.py:188} INFO - [2026-04-30T13:50:45.472+0000] {dagbag.py:545} INFO - Filling up the DagBag from /opt/airflow/dags/dl_fin_ratio_v2.py
[2026-04-30T13:50:45.502+0000] {processor.py:840} INFO - DAG(s) 'fin_ratio_v2' retrieved from /opt/airflow/dags/dl_fin_ratio_v2.py
[2026-04-30T13:50:45.515+0000] {logging_mixin.py:188} INFO - [2026-04-30T13:50:45.515+0000] {dag.py:3089} INFO - Sync 1 DAGs
[2026-04-30T13:50:45.534+0000] {logging_mixin.py:188} INFO - [2026-04-30T13:50:45.534+0000] {dag.py:3947} INFO - Setting next_dagrun for fin_ratio_v2 to 2026-04-01 00:00:00+00:00, run_after=2026-05-01 00:00:00+00:00
[2026-04-30T13:50:45.550+0000] {processor.py:183} INFO - Processing /opt/airflow/dags/dl_fin_ratio_v2.py took 0.085 seconds
[2026-04-30T13:51:16.068+0000] {processor.py:161} INFO - Started process (PID=1726) to work on /opt/airflow/dags/dl_fin_ratio_v2.py
[2026-04-30T13:51:16.068+0000] {processor.py:830} INFO - Processing file /opt/airflow/dags/dl_fin_ratio_v2.py for tasks to queue
[2026-04-30T13:51:16.070+0000] {logging_mixin.py:188} INFO - [2026-04-30T13:51:16.070+0000] {dagbag.py:545} INFO - Filling up the DagBag from /opt/airflow/dags/dl_fin_ratio_v2.py
[2026-04-30T13:51:16.099+0000] {processor.py:840} INFO - DAG(s) 'fin_ratio_v2' retrieved from /opt/airflow/dags/dl_fin_ratio_v2.py
[2026-04-30T13:51:16.111+0000] {logging_mixin.py:188} INFO - [2026-04-30T13:51:16.111+0000] {dag.py:3089} INFO - Sync 1 DAGs
[2026-04-30T13:51:16.131+0000] {logging_mixin.py:188} INFO - [2026-04-30T13:51:16.131+0000] {dag.py:3947} INFO - Setting next_dagrun for fin_ratio_v2 to 2026-04-01 00:00:00+00:00, run_after=2026-05-01 00:00:00+00:00
[2026-04-30T13:51:16.149+0000] {processor.py:183} INFO - Processing /opt/airflow/dags/dl_fin_ratio_v2.py took 0.086 seconds
[2026-04-30T13:51:46.590+0000] {processor.py:161} INFO - Started process (PID=1751) to work on /opt/airflow/dags/dl_fin_ratio_v2.py
[2026-04-30T13:51:46.591+0000] {processor.py:830} INFO - Processing file /opt/airflow/dags/dl_fin_ratio_v2.py for tasks to queue
[2026-04-30T13:51:46.593+0000] {logging_mixin.py:188} INFO - [2026-04-30T13:51:46.592+0000] {dagbag.py:545} INFO - Filling up the DagBag from /opt/airflow/dags/dl_fin_ratio_v2.py
[2026-04-30T13:51:46.622+0000] {processor.py:840} INFO - DAG(s) 'fin_ratio_v2' retrieved from /opt/airflow/dags/dl_fin_ratio_v2.py
[2026-04-30T13:51:46.636+0000] {logging_mixin.py:188} INFO - [2026-04-30T13:51:46.635+0000] {dag.py:3089} INFO - Sync 1 DAGs
[2026-04-30T13:51:46.655+0000] {logging_mixin.py:188} INFO - [2026-04-30T13:51:46.655+0000] {dag.py:3947} INFO - Setting next_dagrun for fin_ratio_v2 to 2026-04-01 00:00:00+00:00, run_after=2026-05-01 00:00:00+00:00
[2026-04-30T13:51:46.673+0000] {processor.py:183} INFO - Processing /opt/airflow/dags/dl_fin_ratio_v2.py took 0.088 seconds
[2026-04-30T13:52:17.221+0000] {processor.py:161} INFO - Started process (PID=1776) to work on /opt/airflow/dags/dl_fin_ratio_v2.py
[2026-04-30T13:52:17.222+0000] {processor.py:830} INFO - Processing file /opt/airflow/dags/dl_fin_ratio_v2.py for tasks to queue
[2026-04-30T13:52:17.224+0000] {logging_mixin.py:188} INFO - [2026-04-30T13:52:17.223+0000] {dagbag.py:545} INFO - Filling up the DagBag from /opt/airflow/dags/dl_fin_ratio_v2.py
[2026-04-30T13:52:17.254+0000] {processor.py:840} INFO - DAG(s) 'fin_ratio_v2' retrieved from /opt/airflow/dags/dl_fin_ratio_v2.py
[2026-04-30T13:52:17.267+0000] {logging_mixin.py:188} INFO - [2026-04-30T13:52:17.267+0000] {dag.py:3089} INFO - Sync 1 DAGs
[2026-04-30T13:52:17.287+0000] {logging_mixin.py:188} INFO - [2026-04-30T13:52:17.286+0000] {dag.py:3947} INFO - Setting next_dagrun for fin_ratio_v2 to 2026-04-01 00:00:00+00:00, run_after=2026-05-01 00:00:00+00:00
[2026-04-30T13:52:17.562+0000] {processor.py:183} INFO - Processing /opt/airflow/dags/dl_fin_ratio_v2.py took 0.346 seconds
[2026-04-30T13:52:48.189+0000] {processor.py:161} INFO - Started process (PID=1801) to work on /opt/airflow/dags/dl_fin_ratio_v2.py
[2026-04-30T13:52:48.190+0000] {processor.py:830} INFO - Processing file /opt/airflow/dags/dl_fin_ratio_v2.py for tasks to queue
[2026-04-30T13:52:48.192+0000] {logging_mixin.py:188} INFO - [2026-04-30T13:52:48.191+0000] {dagbag.py:545} INFO - Filling up the DagBag from /opt/airflow/dags/dl_fin_ratio_v2.py
[2026-04-30T13:52:48.222+0000] {processor.py:840} INFO - DAG(s) 'fin_ratio_v2' retrieved from /opt/airflow/dags/dl_fin_ratio_v2.py
[2026-04-30T13:52:48.235+0000] {logging_mixin.py:188} INFO - [2026-04-30T13:52:48.235+0000] {dag.py:3089} INFO - Sync 1 DAGs
[2026-04-30T13:52:48.254+0000] {logging_mixin.py:188} INFO - [2026-04-30T13:52:48.254+0000] {dag.py:3947} INFO - Setting next_dagrun for fin_ratio_v2 to 2026-04-01 00:00:00+00:00, run_after=2026-05-01 00:00:00+00:00
[2026-04-30T13:52:48.270+0000] {processor.py:183} INFO - Processing /opt/airflow/dags/dl_fin_ratio_v2.py took 0.086 seconds
[2026-04-30T13:53:18.832+0000] {processor.py:161} INFO - Started process (PID=1826) to work on /opt/airflow/dags/dl_fin_ratio_v2.py
[2026-04-30T13:53:18.833+0000] {processor.py:830} INFO - Processing file /opt/airflow/dags/dl_fin_ratio_v2.py for tasks to queue
[2026-04-30T13:53:18.836+0000] {logging_mixin.py:188} INFO - [2026-04-30T13:53:18.836+0000] {dagbag.py:545} INFO - Filling up the DagBag from /opt/airflow/dags/dl_fin_ratio_v2.py
[2026-04-30T13:53:18.872+0000] {processor.py:840} INFO - DAG(s) 'fin_ratio_v2' retrieved from /opt/airflow/dags/dl_fin_ratio_v2.py
[2026-04-30T13:53:18.888+0000] {logging_mixin.py:188} INFO - [2026-04-30T13:53:18.887+0000] {dag.py:3089} INFO - Sync 1 DAGs
[2026-04-30T13:53:18.908+0000] {logging_mixin.py:188} INFO - [2026-04-30T13:53:18.907+0000] {dag.py:3947} INFO - Setting next_dagrun for fin_ratio_v2 to 2026-04-01 00:00:00+00:00, run_after=2026-05-01 00:00:00+00:00
[2026-04-30T13:53:18.926+0000] {processor.py:183} INFO - Processing /opt/airflow/dags/dl_fin_ratio_v2.py took 0.101 seconds
[2026-04-30T13:53:49.258+0000] {processor.py:161} INFO - Started process (PID=1851) to work on /opt/airflow/dags/dl_fin_ratio_v2.py
[2026-04-30T13:53:49.259+0000] {processor.py:830} INFO - Processing file /opt/airflow/dags/dl_fin_ratio_v2.py for tasks to queue
[2026-04-30T13:53:49.261+0000] {logging_mixin.py:188} INFO - [2026-04-30T13:53:49.261+0000] {dagbag.py:545} INFO - Filling up the DagBag from /opt/airflow/dags/dl_fin_ratio_v2.py
[2026-04-30T13:53:49.292+0000] {processor.py:840} INFO - DAG(s) 'fin_ratio_v2' retrieved from /opt/airflow/dags/dl_fin_ratio_v2.py
[2026-04-30T13:53:49.304+0000] {logging_mixin.py:188} INFO - [2026-04-30T13:53:49.304+0000] {dag.py:3089} INFO - Sync 1 DAGs
[2026-04-30T13:53:49.324+0000] {logging_mixin.py:188} INFO - [2026-04-30T13:53:49.324+0000] {dag.py:3947} INFO - Setting next_dagrun for fin_ratio_v2 to 2026-04-01 00:00:00+00:00, run_after=2026-05-01 00:00:00+00:00
[2026-04-30T13:53:49.342+0000] {processor.py:183} INFO - Processing /opt/airflow/dags/dl_fin_ratio_v2.py took 0.089 seconds
[2026-04-30T13:54:20.181+0000] {processor.py:161} INFO - Started process (PID=1876) to work on /opt/airflow/dags/dl_fin_ratio_v2.py
[2026-04-30T13:54:20.182+0000] {processor.py:830} INFO - Processing file /opt/airflow/dags/dl_fin_ratio_v2.py for tasks to queue
[2026-04-30T13:54:20.185+0000] {logging_mixin.py:188} INFO - [2026-04-30T13:54:20.184+0000] {dagbag.py:545} INFO - Filling up the DagBag from /opt/airflow/dags/dl_fin_ratio_v2.py
[2026-04-30T13:54:20.216+0000] {processor.py:840} INFO - DAG(s) 'fin_ratio_v2' retrieved from /opt/airflow/dags/dl_fin_ratio_v2.py
[2026-04-30T13:54:20.231+0000] {logging_mixin.py:188} INFO - [2026-04-30T13:54:20.230+0000] {dag.py:3089} INFO - Sync 1 DAGs
[2026-04-30T13:54:20.249+0000] {logging_mixin.py:188} INFO - [2026-04-30T13:54:20.249+0000] {dag.py:3947} INFO - Setting next_dagrun for fin_ratio_v2 to 2026-04-01 00:00:00+00:00, run_after=2026-05-01 00:00:00+00:00
[2026-04-30T13:54:20.268+0000] {processor.py:183} INFO - Processing /opt/airflow/dags/dl_fin_ratio_v2.py took 0.093 seconds
[2026-04-30T13:54:50.610+0000] {processor.py:161} INFO - Started process (PID=1901) to work on /opt/airflow/dags/dl_fin_ratio_v2.py
[2026-04-30T13:54:50.611+0000] {processor.py:830} INFO - Processing file /opt/airflow/dags/dl_fin_ratio_v2.py for tasks to queue
[2026-04-30T13:54:50.613+0000] {logging_mixin.py:188} INFO - [2026-04-30T13:54:50.613+0000] {dagbag.py:545} INFO - Filling up the DagBag from /opt/airflow/dags/dl_fin_ratio_v2.py
[2026-04-30T13:54:50.645+0000] {processor.py:840} INFO - DAG(s) 'fin_ratio_v2' retrieved from /opt/airflow/dags/dl_fin_ratio_v2.py
[2026-04-30T13:54:50.659+0000] {logging_mixin.py:188} INFO - [2026-04-30T13:54:50.659+0000] {dag.py:3089} INFO - Sync 1 DAGs
[2026-04-30T13:54:50.679+0000] {logging_mixin.py:188} INFO - [2026-04-30T13:54:50.678+0000] {dag.py:3947} INFO - Setting next_dagrun for fin_ratio_v2 to 2026-04-01 00:00:00+00:00, run_after=2026-05-01 00:00:00+00:00
[2026-04-30T13:54:50.907+0000] {processor.py:183} INFO - Processing /opt/airflow/dags/dl_fin_ratio_v2.py took 0.303 seconds
[2026-04-30T13:55:21.774+0000] {processor.py:161} INFO - Started process (PID=1926) to work on /opt/airflow/dags/dl_fin_ratio_v2.py
[2026-04-30T13:55:21.775+0000] {processor.py:830} INFO - Processing file /opt/airflow/dags/dl_fin_ratio_v2.py for tasks to queue
[2026-04-30T13:55:21.777+0000] {logging_mixin.py:188} INFO - [2026-04-30T13:55:21.777+0000] {dagbag.py:545} INFO - Filling up the DagBag from /opt/airflow/dags/dl_fin_ratio_v2.py
[2026-04-30T13:55:21.810+0000] {processor.py:840} INFO - DAG(s) 'fin_ratio_v2' retrieved from /opt/airflow/dags/dl_fin_ratio_v2.py
[2026-04-30T13:55:22.056+0000] {logging_mixin.py:188} INFO - [2026-04-30T13:55:22.056+0000] {dag.py:3089} INFO - Sync 1 DAGs
[2026-04-30T13:55:22.074+0000] {logging_mixin.py:188} INFO - [2026-04-30T13:55:22.074+0000] {dag.py:3947} INFO - Setting next_dagrun for fin_ratio_v2 to 2026-04-01 00:00:00+00:00, run_after=2026-05-01 00:00:00+00:00
[2026-04-30T13:55:22.092+0000] {processor.py:183} INFO - Processing /opt/airflow/dags/dl_fin_ratio_v2.py took 0.323 seconds
[2026-04-30T13:55:52.989+0000] {processor.py:161} INFO - Started process (PID=1951) to work on /opt/airflow/dags/dl_fin_ratio_v2.py
[2026-04-30T13:55:52.990+0000] {processor.py:830} INFO - Processing file /opt/airflow/dags/dl_fin_ratio_v2.py for tasks to queue
[2026-04-30T13:55:52.992+0000] {logging_mixin.py:188} INFO - [2026-04-30T13:55:52.992+0000] {dagbag.py:545} INFO - Filling up the DagBag from /opt/airflow/dags/dl_fin_ratio_v2.py
[2026-04-30T13:55:53.027+0000] {processor.py:840} INFO - DAG(s) 'fin_ratio_v2' retrieved from /opt/airflow/dags/dl_fin_ratio_v2.py
[2026-04-30T13:55:53.042+0000] {logging_mixin.py:188} INFO - [2026-04-30T13:55:53.042+0000] {dag.py:3089} INFO - Sync 1 DAGs
[2026-04-30T13:55:53.063+0000] {logging_mixin.py:188} INFO - [2026-04-30T13:55:53.063+0000] {dag.py:3947} INFO - Setting next_dagrun for fin_ratio_v2 to 2026-04-01 00:00:00+00:00, run_after=2026-05-01 00:00:00+00:00
[2026-04-30T13:55:53.080+0000] {processor.py:183} INFO - Processing /opt/airflow/dags/dl_fin_ratio_v2.py took 0.097 seconds
[2026-04-30T13:56:23.698+0000] {processor.py:161} INFO - Started process (PID=1976) to work on /opt/airflow/dags/dl_fin_ratio_v2.py
[2026-04-30T13:56:23.699+0000] {processor.py:830} INFO - Processing file /opt/airflow/dags/dl_fin_ratio_v2.py for tasks to queue
[2026-04-30T13:56:23.701+0000] {logging_mixin.py:188} INFO - [2026-04-30T13:56:23.701+0000] {dagbag.py:545} INFO - Filling up the DagBag from /opt/airflow/dags/dl_fin_ratio_v2.py
[2026-04-30T13:56:23.731+0000] {processor.py:840} INFO - DAG(s) 'fin_ratio_v2' retrieved from /opt/airflow/dags/dl_fin_ratio_v2.py
[2026-04-30T13:56:23.744+0000] {logging_mixin.py:188} INFO - [2026-04-30T13:56:23.744+0000] {dag.py:3089} INFO - Sync 1 DAGs
[2026-04-30T13:56:23.763+0000] {logging_mixin.py:188} INFO - [2026-04-30T13:56:23.762+0000] {dag.py:3947} INFO - Setting next_dagrun for fin_ratio_v2 to 2026-04-01 00:00:00+00:00, run_after=2026-05-01 00:00:00+00:00
[2026-04-30T13:56:23.780+0000] {processor.py:183} INFO - Processing /opt/airflow/dags/dl_fin_ratio_v2.py took 0.087 seconds
[2026-04-30T13:56:54.277+0000] {processor.py:161} INFO - Started process (PID=2001) to work on /opt/airflow/dags/dl_fin_ratio_v2.py
[2026-04-30T13:56:54.278+0000] {processor.py:830} INFO - Processing file /opt/airflow/dags/dl_fin_ratio_v2.py for tasks to queue
[2026-04-30T13:56:54.280+0000] {logging_mixin.py:188} INFO - [2026-04-30T13:56:54.280+0000] {dagbag.py:545} INFO - Filling up the DagBag from /opt/airflow/dags/dl_fin_ratio_v2.py
[2026-04-30T13:56:54.318+0000] {processor.py:840} INFO - DAG(s) 'fin_ratio_v2' retrieved from /opt/airflow/dags/dl_fin_ratio_v2.py
[2026-04-30T13:56:54.333+0000] {logging_mixin.py:188} INFO - [2026-04-30T13:56:54.333+0000] {dag.py:3089} INFO - Sync 1 DAGs
[2026-04-30T13:56:54.354+0000] {logging_mixin.py:188} INFO - [2026-04-30T13:56:54.354+0000] {dag.py:3947} INFO - Setting next_dagrun for fin_ratio_v2 to 2026-04-01 00:00:00+00:00, run_after=2026-05-01 00:00:00+00:00
[2026-04-30T13:56:54.373+0000] {processor.py:183} INFO - Processing /opt/airflow/dags/dl_fin_ratio_v2.py took 0.102 seconds
[2026-04-30T13:57:24.897+0000] {processor.py:161} INFO - Started process (PID=2026) to work on /opt/airflow/dags/dl_fin_ratio_v2.py
[2026-04-30T13:57:24.897+0000] {processor.py:830} INFO - Processing file /opt/airflow/dags/dl_fin_ratio_v2.py for tasks to queue
[2026-04-30T13:57:24.899+0000] {logging_mixin.py:188} INFO - [2026-04-30T13:57:24.899+0000] {dagbag.py:545} INFO - Filling up the DagBag from /opt/airflow/dags/dl_fin_ratio_v2.py
[2026-04-30T13:57:24.931+0000] {processor.py:840} INFO - DAG(s) 'fin_ratio_v2' retrieved from /opt/airflow/dags/dl_fin_ratio_v2.py
[2026-04-30T13:57:24.944+0000] {logging_mixin.py:188} INFO - [2026-04-30T13:57:24.944+0000] {dag.py:3089} INFO - Sync 1 DAGs
[2026-04-30T13:57:24.963+0000] {logging_mixin.py:188} INFO - [2026-04-30T13:57:24.963+0000] {dag.py:3947} INFO - Setting next_dagrun for fin_ratio_v2 to 2026-04-01 00:00:00+00:00, run_after=2026-05-01 00:00:00+00:00
[2026-04-30T13:57:24.981+0000] {processor.py:183} INFO - Processing /opt/airflow/dags/dl_fin_ratio_v2.py took 0.089 seconds
[2026-04-30T13:57:55.646+0000] {processor.py:161} INFO - Started process (PID=2051) to work on /opt/airflow/dags/dl_fin_ratio_v2.py
[2026-04-30T13:57:55.647+0000] {processor.py:830} INFO - Processing file /opt/airflow/dags/dl_fin_ratio_v2.py for tasks to queue
[2026-04-30T13:57:55.649+0000] {logging_mixin.py:188} INFO - [2026-04-30T13:57:55.649+0000] {dagbag.py:545} INFO - Filling up the DagBag from /opt/airflow/dags/dl_fin_ratio_v2.py
[2026-04-30T13:57:55.683+0000] {processor.py:840} INFO - DAG(s) 'fin_ratio_v2' retrieved from /opt/airflow/dags/dl_fin_ratio_v2.py
[2026-04-30T13:57:55.698+0000] {logging_mixin.py:188} INFO - [2026-04-30T13:57:55.698+0000] {dag.py:3089} INFO - Sync 1 DAGs
[2026-04-30T13:57:55.720+0000] {logging_mixin.py:188} INFO - [2026-04-30T13:57:55.720+0000] {dag.py:3947} INFO - Setting next_dagrun for fin_ratio_v2 to 2026-04-01 00:00:00+00:00, run_after=2026-05-01 00:00:00+00:00
[2026-04-30T13:57:55.738+0000] {processor.py:183} INFO - Processing /opt/airflow/dags/dl_fin_ratio_v2.py took 0.097 seconds
[2026-04-30T13:58:26.203+0000] {processor.py:161} INFO - Started process (PID=2076) to work on /opt/airflow/dags/dl_fin_ratio_v2.py
[2026-04-30T13:58:26.204+0000] {processor.py:830} INFO - Processing file /opt/airflow/dags/dl_fin_ratio_v2.py for tasks to queue
[2026-04-30T13:58:26.206+0000] {logging_mixin.py:188} INFO - [2026-04-30T13:58:26.205+0000] {dagbag.py:545} INFO - Filling up the DagBag from /opt/airflow/dags/dl_fin_ratio_v2.py
[2026-04-30T13:58:26.237+0000] {processor.py:840} INFO - DAG(s) 'fin_ratio_v2' retrieved from /opt/airflow/dags/dl_fin_ratio_v2.py
[2026-04-30T13:58:26.251+0000] {logging_mixin.py:188} INFO - [2026-04-30T13:58:26.250+0000] {dag.py:3089} INFO - Sync 1 DAGs
[2026-04-30T13:58:26.270+0000] {logging_mixin.py:188} INFO - [2026-04-30T13:58:26.270+0000] {dag.py:3947} INFO - Setting next_dagrun for fin_ratio_v2 to 2026-04-01 00:00:00+00:00, run_after=2026-05-01 00:00:00+00:00
[2026-04-30T13:58:26.285+0000] {processor.py:183} INFO - Processing /opt/airflow/dags/dl_fin_ratio_v2.py took 0.087 seconds
[2026-04-30T13:58:56.730+0000] {processor.py:161} INFO - Started process (PID=2101) to work on /opt/airflow/dags/dl_fin_ratio_v2.py
[2026-04-30T13:58:56.730+0000] {processor.py:830} INFO - Processing file /opt/airflow/dags/dl_fin_ratio_v2.py for tasks to queue
[2026-04-30T13:58:56.733+0000] {logging_mixin.py:188} INFO - [2026-04-30T13:58:56.733+0000] {dagbag.py:545} INFO - Filling up the DagBag from /opt/airflow/dags/dl_fin_ratio_v2.py
[2026-04-30T13:58:56.767+0000] {processor.py:840} INFO - DAG(s) 'fin_ratio_v2' retrieved from /opt/airflow/dags/dl_fin_ratio_v2.py
[2026-04-30T13:58:56.781+0000] {logging_mixin.py:188} INFO - [2026-04-30T13:58:56.781+0000] {dag.py:3089} INFO - Sync 1 DAGs
[2026-04-30T13:58:56.802+0000] {logging_mixin.py:188} INFO - [2026-04-30T13:58:56.802+0000] {dag.py:3947} INFO - Setting next_dagrun for fin_ratio_v2 to 2026-04-01 00:00:00+00:00, run_after=2026-05-01 00:00:00+00:00
[2026-04-30T13:58:56.820+0000] {processor.py:183} INFO - Processing /opt/airflow/dags/dl_fin_ratio_v2.py took 0.096 seconds
[2026-04-30T13:59:27.321+0000] {processor.py:161} INFO - Started process (PID=2126) to work on /opt/airflow/dags/dl_fin_ratio_v2.py
[2026-04-30T13:59:27.321+0000] {processor.py:830} INFO - Processing file /opt/airflow/dags/dl_fin_ratio_v2.py for tasks to queue
[2026-04-30T13:59:27.323+0000] {logging_mixin.py:188} INFO - [2026-04-30T13:59:27.323+0000] {dagbag.py:545} INFO - Filling up the DagBag from /opt/airflow/dags/dl_fin_ratio_v2.py
[2026-04-30T13:59:27.356+0000] {processor.py:840} INFO - DAG(s) 'fin_ratio_v2' retrieved from /opt/airflow/dags/dl_fin_ratio_v2.py
[2026-04-30T13:59:27.371+0000] {logging_mixin.py:188} INFO - [2026-04-30T13:59:27.370+0000] {dag.py:3089} INFO - Sync 1 DAGs
[2026-04-30T13:59:27.389+0000] {logging_mixin.py:188} INFO - [2026-04-30T13:59:27.389+0000] {dag.py:3947} INFO - Setting next_dagrun for fin_ratio_v2 to 2026-04-01 00:00:00+00:00, run_after=2026-05-01 00:00:00+00:00
[2026-04-30T13:59:27.405+0000] {processor.py:183} INFO - Processing /opt/airflow/dags/dl_fin_ratio_v2.py took 0.089 seconds
[2026-04-30T13:59:57.870+0000] {processor.py:161} INFO - Started process (PID=2151) to work on /opt/airflow/dags/dl_fin_ratio_v2.py
[2026-04-30T13:59:57.871+0000] {processor.py:830} INFO - Processing file /opt/airflow/dags/dl_fin_ratio_v2.py for tasks to queue
[2026-04-30T13:59:57.873+0000] {logging_mixin.py:188} INFO - [2026-04-30T13:59:57.873+0000] {dagbag.py:545} INFO - Filling up the DagBag from /opt/airflow/dags/dl_fin_ratio_v2.py
[2026-04-30T13:59:57.908+0000] {processor.py:840} INFO - DAG(s) 'fin_ratio_v2' retrieved from /opt/airflow/dags/dl_fin_ratio_v2.py
[2026-04-30T13:59:57.922+0000] {logging_mixin.py:188} INFO - [2026-04-30T13:59:57.922+0000] {dag.py:3089} INFO - Sync 1 DAGs
[2026-04-30T13:59:57.942+0000] {logging_mixin.py:188} INFO - [2026-04-30T13:59:57.942+0000] {dag.py:3947} INFO - Setting next_dagrun for fin_ratio_v2 to 2026-04-01 00:00:00+00:00, run_after=2026-05-01 00:00:00+00:00
[2026-04-30T13:59:57.963+0000] {processor.py:183} INFO - Processing /opt/airflow/dags/dl_fin_ratio_v2.py took 0.098 seconds
[2026-04-30T14:00:28.517+0000] {processor.py:161} INFO - Started process (PID=2176) to work on /opt/airflow/dags/dl_fin_ratio_v2.py
[2026-04-30T14:00:28.518+0000] {processor.py:830} INFO - Processing file /opt/airflow/dags/dl_fin_ratio_v2.py for tasks to queue
[2026-04-30T14:00:28.520+0000] {logging_mixin.py:188} INFO - [2026-04-30T14:00:28.520+0000] {dagbag.py:545} INFO - Filling up the DagBag from /opt/airflow/dags/dl_fin_ratio_v2.py
[2026-04-30T14:00:28.550+0000] {processor.py:840} INFO - DAG(s) 'fin_ratio_v2' retrieved from /opt/airflow/dags/dl_fin_ratio_v2.py
[2026-04-30T14:00:28.566+0000] {logging_mixin.py:188} INFO - [2026-04-30T14:00:28.565+0000] {dag.py:3089} INFO - Sync 1 DAGs
[2026-04-30T14:00:28.584+0000] {logging_mixin.py:188} INFO - [2026-04-30T14:00:28.584+0000] {dag.py:3947} INFO - Setting next_dagrun for fin_ratio_v2 to 2026-04-01 00:00:00+00:00, run_after=2026-05-01 00:00:00+00:00
[2026-04-30T14:00:28.601+0000] {processor.py:183} INFO - Processing /opt/airflow/dags/dl_fin_ratio_v2.py took 0.088 seconds
[2026-04-30T14:00:59.129+0000] {processor.py:161} INFO - Started process (PID=2201) to work on /opt/airflow/dags/dl_fin_ratio_v2.py
[2026-04-30T14:00:59.130+0000] {processor.py:830} INFO - Processing file /opt/airflow/dags/dl_fin_ratio_v2.py for tasks to queue
[2026-04-30T14:00:59.132+0000] {logging_mixin.py:188} INFO - [2026-04-30T14:00:59.132+0000] {dagbag.py:545} INFO - Filling up the DagBag from /opt/airflow/dags/dl_fin_ratio_v2.py
[2026-04-30T14:00:59.166+0000] {processor.py:840} INFO - DAG(s) 'fin_ratio_v2' retrieved from /opt/airflow/dags/dl_fin_ratio_v2.py
[2026-04-30T14:00:59.181+0000] {logging_mixin.py:188} INFO - [2026-04-30T14:00:59.180+0000] {dag.py:3089} INFO - Sync 1 DAGs
[2026-04-30T14:00:59.204+0000] {logging_mixin.py:188} INFO - [2026-04-30T14:00:59.204+0000] {dag.py:3947} INFO - Setting next_dagrun for fin_ratio_v2 to 2026-04-01 00:00:00+00:00, run_after=2026-05-01 00:00:00+00:00
[2026-04-30T14:00:59.222+0000] {processor.py:183} INFO - Processing /opt/airflow/dags/dl_fin_ratio_v2.py took 0.099 seconds
[2026-04-30T14:01:29.806+0000] {processor.py:161} INFO - Started process (PID=2226) to work on /opt/airflow/dags/dl_fin_ratio_v2.py
[2026-04-30T14:01:29.807+0000] {processor.py:830} INFO - Processing file /opt/airflow/dags/dl_fin_ratio_v2.py for tasks to queue
[2026-04-30T14:01:29.809+0000] {logging_mixin.py:188} INFO - [2026-04-30T14:01:29.809+0000] {dagbag.py:545} INFO - Filling up the DagBag from /opt/airflow/dags/dl_fin_ratio_v2.py
[2026-04-30T14:01:29.841+0000] {processor.py:840} INFO - DAG(s) 'fin_ratio_v2' retrieved from /opt/airflow/dags/dl_fin_ratio_v2.py
[2026-04-30T14:01:29.857+0000] {logging_mixin.py:188} INFO - [2026-04-30T14:01:29.856+0000] {dag.py:3089} INFO - Sync 1 DAGs
[2026-04-30T14:01:29.879+0000] {logging_mixin.py:188} INFO - [2026-04-30T14:01:29.879+0000] {dag.py:3947} INFO - Setting next_dagrun for fin_ratio_v2 to 2026-04-01 00:00:00+00:00, run_after=2026-05-01 00:00:00+00:00
[2026-04-30T14:01:29.896+0000] {processor.py:183} INFO - Processing /opt/airflow/dags/dl_fin_ratio_v2.py took 0.095 seconds
[2026-04-30T14:02:00.466+0000] {processor.py:161} INFO - Started process (PID=2251) to work on /opt/airflow/dags/dl_fin_ratio_v2.py
[2026-04-30T14:02:00.467+0000] {processor.py:830} INFO - Processing file /opt/airflow/dags/dl_fin_ratio_v2.py for tasks to queue
[2026-04-30T14:02:00.470+0000] {logging_mixin.py:188} INFO - [2026-04-30T14:02:00.470+0000] {dagbag.py:545} INFO - Filling up the DagBag from /opt/airflow/dags/dl_fin_ratio_v2.py
[2026-04-30T14:02:00.507+0000] {processor.py:840} INFO - DAG(s) 'fin_ratio_v2' retrieved from /opt/airflow/dags/dl_fin_ratio_v2.py
[2026-04-30T14:02:00.524+0000] {logging_mixin.py:188} INFO - [2026-04-30T14:02:00.524+0000] {dag.py:3089} INFO - Sync 1 DAGs
[2026-04-30T14:02:00.549+0000] {logging_mixin.py:188} INFO - [2026-04-30T14:02:00.548+0000] {dag.py:3947} INFO - Setting next_dagrun for fin_ratio_v2 to 2026-04-01 00:00:00+00:00, run_after=2026-05-01 00:00:00+00:00
[2026-04-30T14:02:00.571+0000] {processor.py:183} INFO - Processing /opt/airflow/dags/dl_fin_ratio_v2.py took 0.111 seconds
[2026-04-30T14:02:31.223+0000] {processor.py:161} INFO - Started process (PID=2276) to work on /opt/airflow/dags/dl_fin_ratio_v2.py
[2026-04-30T14:02:31.224+0000] {processor.py:830} INFO - Processing file /opt/airflow/dags/dl_fin_ratio_v2.py for tasks to queue
[2026-04-30T14:02:31.226+0000] {logging_mixin.py:188} INFO - [2026-04-30T14:02:31.226+0000] {dagbag.py:545} INFO - Filling up the DagBag from /opt/airflow/dags/dl_fin_ratio_v2.py
[2026-04-30T14:02:31.256+0000] {processor.py:840} INFO - DAG(s) 'fin_ratio_v2' retrieved from /opt/airflow/dags/dl_fin_ratio_v2.py
[2026-04-30T14:02:31.270+0000] {logging_mixin.py:188} INFO - [2026-04-30T14:02:31.269+0000] {dag.py:3089} INFO - Sync 1 DAGs
[2026-04-30T14:02:31.290+0000] {logging_mixin.py:188} INFO - [2026-04-30T14:02:31.290+0000] {dag.py:3947} INFO - Setting next_dagrun for fin_ratio_v2 to 2026-04-01 00:00:00+00:00, run_after=2026-05-01 00:00:00+00:00
[2026-04-30T14:02:31.306+0000] {processor.py:183} INFO - Processing /opt/airflow/dags/dl_fin_ratio_v2.py took 0.088 seconds
[2026-04-30T14:03:02.022+0000] {processor.py:161} INFO - Started process (PID=2301) to work on /opt/airflow/dags/dl_fin_ratio_v2.py
[2026-04-30T14:03:02.023+0000] {processor.py:830} INFO - Processing file /opt/airflow/dags/dl_fin_ratio_v2.py for tasks to queue
[2026-04-30T14:03:02.025+0000] {logging_mixin.py:188} INFO - [2026-04-30T14:03:02.025+0000] {dagbag.py:545} INFO - Filling up the DagBag from /opt/airflow/dags/dl_fin_ratio_v2.py
[2026-04-30T14:03:02.059+0000] {processor.py:840} INFO - DAG(s) 'fin_ratio_v2' retrieved from /opt/airflow/dags/dl_fin_ratio_v2.py
[2026-04-30T14:03:02.074+0000] {logging_mixin.py:188} INFO - [2026-04-30T14:03:02.074+0000] {dag.py:3089} INFO - Sync 1 DAGs
[2026-04-30T14:03:02.094+0000] {logging_mixin.py:188} INFO - [2026-04-30T14:03:02.094+0000] {dag.py:3947} INFO - Setting next_dagrun for fin_ratio_v2 to 2026-04-01 00:00:00+00:00, run_after=2026-05-01 00:00:00+00:00
[2026-04-30T14:03:02.113+0000] {processor.py:183} INFO - Processing /opt/airflow/dags/dl_fin_ratio_v2.py took 0.097 seconds
[2026-04-30T14:03:32.591+0000] {processor.py:161} INFO - Started process (PID=2326) to work on /opt/airflow/dags/dl_fin_ratio_v2.py
[2026-04-30T14:03:32.592+0000] {processor.py:830} INFO - Processing file /opt/airflow/dags/dl_fin_ratio_v2.py for tasks to queue
[2026-04-30T14:03:32.594+0000] {logging_mixin.py:188} INFO - [2026-04-30T14:03:32.593+0000] {dagbag.py:545} INFO - Filling up the DagBag from /opt/airflow/dags/dl_fin_ratio_v2.py
[2026-04-30T14:03:32.625+0000] {processor.py:840} INFO - DAG(s) 'fin_ratio_v2' retrieved from /opt/airflow/dags/dl_fin_ratio_v2.py
[2026-04-30T14:03:32.638+0000] {logging_mixin.py:188} INFO - [2026-04-30T14:03:32.638+0000] {dag.py:3089} INFO - Sync 1 DAGs
[2026-04-30T14:03:32.658+0000] {logging_mixin.py:188} INFO - [2026-04-30T14:03:32.658+0000] {dag.py:3947} INFO - Setting next_dagrun for fin_ratio_v2 to 2026-04-01 00:00:00+00:00, run_after=2026-05-01 00:00:00+00:00
[2026-04-30T14:03:32.675+0000] {processor.py:183} INFO - Processing /opt/airflow/dags/dl_fin_ratio_v2.py took 0.089 seconds
[2026-04-30T14:04:03.134+0000] {processor.py:161} INFO - Started process (PID=2351) to work on /opt/airflow/dags/dl_fin_ratio_v2.py
[2026-04-30T14:04:03.136+0000] {processor.py:830} INFO - Processing file /opt/airflow/dags/dl_fin_ratio_v2.py for tasks to queue
[2026-04-30T14:04:03.138+0000] {logging_mixin.py:188} INFO - [2026-04-30T14:04:03.138+0000] {dagbag.py:545} INFO - Filling up the DagBag from /opt/airflow/dags/dl_fin_ratio_v2.py
[2026-04-30T14:04:03.174+0000] {processor.py:840} INFO - DAG(s) 'fin_ratio_v2' retrieved from /opt/airflow/dags/dl_fin_ratio_v2.py
[2026-04-30T14:04:03.190+0000] {logging_mixin.py:188} INFO - [2026-04-30T14:04:03.189+0000] {dag.py:3089} INFO - Sync 1 DAGs
[2026-04-30T14:04:03.213+0000] {logging_mixin.py:188} INFO - [2026-04-30T14:04:03.213+0000] {dag.py:3947} INFO - Setting next_dagrun for fin_ratio_v2 to 2026-04-01 00:00:00+00:00, run_after=2026-05-01 00:00:00+00:00
[2026-04-30T14:04:03.235+0000] {processor.py:183} INFO - Processing /opt/airflow/dags/dl_fin_ratio_v2.py took 0.108 seconds
[2026-04-30T14:04:33.796+0000] {processor.py:161} INFO - Started process (PID=2376) to work on /opt/airflow/dags/dl_fin_ratio_v2.py
[2026-04-30T14:04:33.797+0000] {processor.py:830} INFO - Processing file /opt/airflow/dags/dl_fin_ratio_v2.py for tasks to queue
[2026-04-30T14:04:33.799+0000] {logging_mixin.py:188} INFO - [2026-04-30T14:04:33.799+0000] {dagbag.py:545} INFO - Filling up the DagBag from /opt/airflow/dags/dl_fin_ratio_v2.py
[2026-04-30T14:04:33.828+0000] {processor.py:840} INFO - DAG(s) 'fin_ratio_v2' retrieved from /opt/airflow/dags/dl_fin_ratio_v2.py
[2026-04-30T14:04:33.842+0000] {logging_mixin.py:188} INFO - [2026-04-30T14:04:33.841+0000] {dag.py:3089} INFO - Sync 1 DAGs
[2026-04-30T14:04:33.864+0000] {logging_mixin.py:188} INFO - [2026-04-30T14:04:33.864+0000] {dag.py:3947} INFO - Setting next_dagrun for fin_ratio_v2 to 2026-04-01 00:00:00+00:00, run_after=2026-05-01 00:00:00+00:00
[2026-04-30T14:04:33.879+0000] {processor.py:183} INFO - Processing /opt/airflow/dags/dl_fin_ratio_v2.py took 0.088 seconds
[2026-04-30T14:05:04.430+0000] {processor.py:161} INFO - Started process (PID=2401) to work on /opt/airflow/dags/dl_fin_ratio_v2.py
[2026-04-30T14:05:04.431+0000] {processor.py:830} INFO - Processing file /opt/airflow/dags/dl_fin_ratio_v2.py for tasks to queue
[2026-04-30T14:05:04.433+0000] {logging_mixin.py:188} INFO - [2026-04-30T14:05:04.433+0000] {dagbag.py:545} INFO - Filling up the DagBag from /opt/airflow/dags/dl_fin_ratio_v2.py
[2026-04-30T14:05:04.466+0000] {processor.py:840} INFO - DAG(s) 'fin_ratio_v2' retrieved from /opt/airflow/dags/dl_fin_ratio_v2.py
[2026-04-30T14:05:04.480+0000] {logging_mixin.py:188} INFO - [2026-04-30T14:05:04.480+0000] {dag.py:3089} INFO - Sync 1 DAGs
[2026-04-30T14:05:04.501+0000] {logging_mixin.py:188} INFO - [2026-04-30T14:05:04.500+0000] {dag.py:3947} INFO - Setting next_dagrun for fin_ratio_v2 to 2026-04-01 00:00:00+00:00, run_after=2026-05-01 00:00:00+00:00
[2026-04-30T14:05:04.519+0000] {processor.py:183} INFO - Processing /opt/airflow/dags/dl_fin_ratio_v2.py took 0.095 seconds
[2026-04-30T14:05:35.083+0000] {processor.py:161} INFO - Started process (PID=2426) to work on /opt/airflow/dags/dl_fin_ratio_v2.py
[2026-04-30T14:05:35.084+0000] {processor.py:830} INFO - Processing file /opt/airflow/dags/dl_fin_ratio_v2.py for tasks to queue
[2026-04-30T14:05:35.086+0000] {logging_mixin.py:188} INFO - [2026-04-30T14:05:35.085+0000] {dagbag.py:545} INFO - Filling up the DagBag from /opt/airflow/dags/dl_fin_ratio_v2.py
[2026-04-30T14:05:35.121+0000] {processor.py:840} INFO - DAG(s) 'fin_ratio_v2' retrieved from /opt/airflow/dags/dl_fin_ratio_v2.py
[2026-04-30T14:05:35.138+0000] {logging_mixin.py:188} INFO - [2026-04-30T14:05:35.138+0000] {dag.py:3089} INFO - Sync 1 DAGs
[2026-04-30T14:05:35.160+0000] {logging_mixin.py:188} INFO - [2026-04-30T14:05:35.160+0000] {dag.py:3947} INFO - Setting next_dagrun for fin_ratio_v2 to 2026-04-01 00:00:00+00:00, run_after=2026-05-01 00:00:00+00:00
[2026-04-30T14:05:35.181+0000] {processor.py:183} INFO - Processing /opt/airflow/dags/dl_fin_ratio_v2.py took 0.104 seconds
[2026-04-30T14:06:05.771+0000] {processor.py:161} INFO - Started process (PID=2451) to work on /opt/airflow/dags/dl_fin_ratio_v2.py
[2026-04-30T14:06:05.772+0000] {processor.py:830} INFO - Processing file /opt/airflow/dags/dl_fin_ratio_v2.py for tasks to queue
[2026-04-30T14:06:05.775+0000] {logging_mixin.py:188} INFO - [2026-04-30T14:06:05.775+0000] {dagbag.py:545} INFO - Filling up the DagBag from /opt/airflow/dags/dl_fin_ratio_v2.py
[2026-04-30T14:06:05.813+0000] {processor.py:840} INFO - DAG(s) 'fin_ratio_v2' retrieved from /opt/airflow/dags/dl_fin_ratio_v2.py
[2026-04-30T14:06:05.831+0000] {logging_mixin.py:188} INFO - [2026-04-30T14:06:05.831+0000] {dag.py:3089} INFO - Sync 1 DAGs
[2026-04-30T14:06:05.855+0000] {logging_mixin.py:188} INFO - [2026-04-30T14:06:05.855+0000] {dag.py:3947} INFO - Setting next_dagrun for fin_ratio_v2 to 2026-04-01 00:00:00+00:00, run_after=2026-05-01 00:00:00+00:00
[2026-04-30T14:06:05.876+0000] {processor.py:183} INFO - Processing /opt/airflow/dags/dl_fin_ratio_v2.py took 0.113 seconds
[2026-04-30T14:06:36.356+0000] {processor.py:161} INFO - Started process (PID=2476) to work on /opt/airflow/dags/dl_fin_ratio_v2.py
[2026-04-30T14:06:36.357+0000] {processor.py:830} INFO - Processing file /opt/airflow/dags/dl_fin_ratio_v2.py for tasks to queue
[2026-04-30T14:06:36.359+0000] {logging_mixin.py:188} INFO - [2026-04-30T14:06:36.359+0000] {dagbag.py:545} INFO - Filling up the DagBag from /opt/airflow/dags/dl_fin_ratio_v2.py
[2026-04-30T14:06:36.389+0000] {processor.py:840} INFO - DAG(s) 'fin_ratio_v2' retrieved from /opt/airflow/dags/dl_fin_ratio_v2.py
[2026-04-30T14:06:36.402+0000] {logging_mixin.py:188} INFO - [2026-04-30T14:06:36.402+0000] {dag.py:3089} INFO - Sync 1 DAGs
[2026-04-30T14:06:36.421+0000] {logging_mixin.py:188} INFO - [2026-04-30T14:06:36.420+0000] {dag.py:3947} INFO - Setting next_dagrun for fin_ratio_v2 to 2026-04-01 00:00:00+00:00, run_after=2026-05-01 00:00:00+00:00
[2026-04-30T14:06:36.437+0000] {processor.py:183} INFO - Processing /opt/airflow/dags/dl_fin_ratio_v2.py took 0.086 seconds
[2026-04-30T14:07:07.005+0000] {processor.py:161} INFO - Started process (PID=2501) to work on /opt/airflow/dags/dl_fin_ratio_v2.py
[2026-04-30T14:07:07.006+0000] {processor.py:830} INFO - Processing file /opt/airflow/dags/dl_fin_ratio_v2.py for tasks to queue
[2026-04-30T14:07:07.008+0000] {logging_mixin.py:188} INFO - [2026-04-30T14:07:07.008+0000] {dagbag.py:545} INFO - Filling up the DagBag from /opt/airflow/dags/dl_fin_ratio_v2.py
[2026-04-30T14:07:07.045+0000] {processor.py:840} INFO - DAG(s) 'fin_ratio_v2' retrieved from /opt/airflow/dags/dl_fin_ratio_v2.py
[2026-04-30T14:07:07.061+0000] {logging_mixin.py:188} INFO - [2026-04-30T14:07:07.060+0000] {dag.py:3089} INFO - Sync 1 DAGs
[2026-04-30T14:07:07.084+0000] {logging_mixin.py:188} INFO - [2026-04-30T14:07:07.083+0000] {dag.py:3947} INFO - Setting next_dagrun for fin_ratio_v2 to 2026-04-01 00:00:00+00:00, run_after=2026-05-01 00:00:00+00:00
[2026-04-30T14:07:07.104+0000] {processor.py:183} INFO - Processing /opt/airflow/dags/dl_fin_ratio_v2.py took 0.105 seconds
[2026-04-30T14:07:37.666+0000] {processor.py:161} INFO - Started process (PID=2526) to work on /opt/airflow/dags/dl_fin_ratio_v2.py
[2026-04-30T14:07:37.667+0000] {processor.py:830} INFO - Processing file /opt/airflow/dags/dl_fin_ratio_v2.py for tasks to queue
[2026-04-30T14:07:37.669+0000] {logging_mixin.py:188} INFO - [2026-04-30T14:07:37.669+0000] {dagbag.py:545} INFO - Filling up the DagBag from /opt/airflow/dags/dl_fin_ratio_v2.py
[2026-04-30T14:07:37.701+0000] {processor.py:840} INFO - DAG(s) 'fin_ratio_v2' retrieved from /opt/airflow/dags/dl_fin_ratio_v2.py
[2026-04-30T14:07:37.715+0000] {logging_mixin.py:188} INFO - [2026-04-30T14:07:37.714+0000] {dag.py:3089} INFO - Sync 1 DAGs
[2026-04-30T14:07:37.733+0000] {logging_mixin.py:188} INFO - [2026-04-30T14:07:37.733+0000] {dag.py:3947} INFO - Setting next_dagrun for fin_ratio_v2 to 2026-04-01 00:00:00+00:00, run_after=2026-05-01 00:00:00+00:00
[2026-04-30T14:07:37.753+0000] {processor.py:183} INFO - Processing /opt/airflow/dags/dl_fin_ratio_v2.py took 0.092 seconds
[2026-04-30T14:08:08.718+0000] {processor.py:161} INFO - Started process (PID=2551) to work on /opt/airflow/dags/dl_fin_ratio_v2.py
[2026-04-30T14:08:08.719+0000] {processor.py:830} INFO - Processing file /opt/airflow/dags/dl_fin_ratio_v2.py for tasks to queue
[2026-04-30T14:08:08.721+0000] {logging_mixin.py:188} INFO - [2026-04-30T14:08:08.721+0000] {dagbag.py:545} INFO - Filling up the DagBag from /opt/airflow/dags/dl_fin_ratio_v2.py
[2026-04-30T14:08:08.758+0000] {processor.py:840} INFO - DAG(s) 'fin_ratio_v2' retrieved from /opt/airflow/dags/dl_fin_ratio_v2.py
[2026-04-30T14:08:08.774+0000] {logging_mixin.py:188} INFO - [2026-04-30T14:08:08.774+0000] {dag.py:3089} INFO - Sync 1 DAGs
[2026-04-30T14:08:08.795+0000] {logging_mixin.py:188} INFO - [2026-04-30T14:08:08.795+0000] {dag.py:3947} INFO - Setting next_dagrun for fin_ratio_v2 to 2026-04-01 00:00:00+00:00, run_after=2026-05-01 00:00:00+00:00
[2026-04-30T14:08:08.814+0000] {processor.py:183} INFO - Processing /opt/airflow/dags/dl_fin_ratio_v2.py took 0.102 seconds
[2026-04-30T14:08:39.254+0000] {processor.py:161} INFO - Started process (PID=2576) to work on /opt/airflow/dags/dl_fin_ratio_v2.py
[2026-04-30T14:08:39.255+0000] {processor.py:830} INFO - Processing file /opt/airflow/dags/dl_fin_ratio_v2.py for tasks to queue
[2026-04-30T14:08:39.257+0000] {logging_mixin.py:188} INFO - [2026-04-30T14:08:39.256+0000] {dagbag.py:545} INFO - Filling up the DagBag from /opt/airflow/dags/dl_fin_ratio_v2.py
[2026-04-30T14:08:39.289+0000] {processor.py:840} INFO - DAG(s) 'fin_ratio_v2' retrieved from /opt/airflow/dags/dl_fin_ratio_v2.py
[2026-04-30T14:08:39.303+0000] {logging_mixin.py:188} INFO - [2026-04-30T14:08:39.303+0000] {dag.py:3089} INFO - Sync 1 DAGs
[2026-04-30T14:08:39.323+0000] {logging_mixin.py:188} INFO - [2026-04-30T14:08:39.323+0000] {dag.py:3947} INFO - Setting next_dagrun for fin_ratio_v2 to 2026-04-01 00:00:00+00:00, run_after=2026-05-01 00:00:00+00:00
[2026-04-30T14:08:39.341+0000] {processor.py:183} INFO - Processing /opt/airflow/dags/dl_fin_ratio_v2.py took 0.092 seconds
[2026-04-30T14:09:09.829+0000] {processor.py:161} INFO - Started process (PID=2601) to work on /opt/airflow/dags/dl_fin_ratio_v2.py
[2026-04-30T14:09:09.830+0000] {processor.py:830} INFO - Processing file /opt/airflow/dags/dl_fin_ratio_v2.py for tasks to queue
[2026-04-30T14:09:09.832+0000] {logging_mixin.py:188} INFO - [2026-04-30T14:09:09.831+0000] {dagbag.py:545} INFO - Filling up the DagBag from /opt/airflow/dags/dl_fin_ratio_v2.py
[2026-04-30T14:09:09.866+0000] {processor.py:840} INFO - DAG(s) 'fin_ratio_v2' retrieved from /opt/airflow/dags/dl_fin_ratio_v2.py
[2026-04-30T14:09:09.881+0000] {logging_mixin.py:188} INFO - [2026-04-30T14:09:09.881+0000] {dag.py:3089} INFO - Sync 1 DAGs
[2026-04-30T14:09:09.902+0000] {logging_mixin.py:188} INFO - [2026-04-30T14:09:09.901+0000] {dag.py:3947} INFO - Setting next_dagrun for fin_ratio_v2 to 2026-04-01 00:00:00+00:00, run_after=2026-05-01 00:00:00+00:00
[2026-04-30T14:09:09.921+0000] {processor.py:183} INFO - Processing /opt/airflow/dags/dl_fin_ratio_v2.py took 0.097 seconds
[2026-04-30T14:09:40.447+0000] {processor.py:161} INFO - Started process (PID=2626) to work on /opt/airflow/dags/dl_fin_ratio_v2.py
[2026-04-30T14:09:40.448+0000] {processor.py:830} INFO - Processing file /opt/airflow/dags/dl_fin_ratio_v2.py for tasks to queue
[2026-04-30T14:09:40.450+0000] {logging_mixin.py:188} INFO - [2026-04-30T14:09:40.450+0000] {dagbag.py:545} INFO - Filling up the DagBag from /opt/airflow/dags/dl_fin_ratio_v2.py
[2026-04-30T14:09:40.480+0000] {processor.py:840} INFO - DAG(s) 'fin_ratio_v2' retrieved from /opt/airflow/dags/dl_fin_ratio_v2.py
[2026-04-30T14:09:40.493+0000] {logging_mixin.py:188} INFO - [2026-04-30T14:09:40.493+0000] {dag.py:3089} INFO - Sync 1 DAGs
[2026-04-30T14:09:40.516+0000] {logging_mixin.py:188} INFO - [2026-04-30T14:09:40.516+0000] {dag.py:3947} INFO - Setting next_dagrun for fin_ratio_v2 to 2026-04-01 00:00:00+00:00, run_after=2026-05-01 00:00:00+00:00
[2026-04-30T14:09:40.533+0000] {processor.py:183} INFO - Processing /opt/airflow/dags/dl_fin_ratio_v2.py took 0.091 seconds
[2026-04-30T14:10:11.128+0000] {processor.py:161} INFO - Started process (PID=2651) to work on /opt/airflow/dags/dl_fin_ratio_v2.py
[2026-04-30T14:10:11.129+0000] {processor.py:830} INFO - Processing file /opt/airflow/dags/dl_fin_ratio_v2.py for tasks to queue
[2026-04-30T14:10:11.131+0000] {logging_mixin.py:188} INFO - [2026-04-30T14:10:11.131+0000] {dagbag.py:545} INFO - Filling up the DagBag from /opt/airflow/dags/dl_fin_ratio_v2.py
[2026-04-30T14:10:11.165+0000] {processor.py:840} INFO - DAG(s) 'fin_ratio_v2' retrieved from /opt/airflow/dags/dl_fin_ratio_v2.py
[2026-04-30T14:10:11.180+0000] {logging_mixin.py:188} INFO - [2026-04-30T14:10:11.180+0000] {dag.py:3089} INFO - Sync 1 DAGs
[2026-04-30T14:10:11.200+0000] {logging_mixin.py:188} INFO - [2026-04-30T14:10:11.200+0000] {dag.py:3947} INFO - Setting next_dagrun for fin_ratio_v2 to 2026-04-01 00:00:00+00:00, run_after=2026-05-01 00:00:00+00:00
[2026-04-30T14:10:11.220+0000] {processor.py:183} INFO - Processing /opt/airflow/dags/dl_fin_ratio_v2.py took 0.098 seconds
[2026-04-30T14:10:41.696+0000] {processor.py:161} INFO - Started process (PID=2676) to work on /opt/airflow/dags/dl_fin_ratio_v2.py
[2026-04-30T14:10:41.697+0000] {processor.py:830} INFO - Processing file /opt/airflow/dags/dl_fin_ratio_v2.py for tasks to queue
[2026-04-30T14:10:41.699+0000] {logging_mixin.py:188} INFO - [2026-04-30T14:10:41.698+0000] {dagbag.py:545} INFO - Filling up the DagBag from /opt/airflow/dags/dl_fin_ratio_v2.py
[2026-04-30T14:10:41.730+0000] {processor.py:840} INFO - DAG(s) 'fin_ratio_v2' retrieved from /opt/airflow/dags/dl_fin_ratio_v2.py
[2026-04-30T14:10:41.745+0000] {logging_mixin.py:188} INFO - [2026-04-30T14:10:41.744+0000] {dag.py:3089} INFO - Sync 1 DAGs
[2026-04-30T14:10:41.766+0000] {logging_mixin.py:188} INFO - [2026-04-30T14:10:41.766+0000] {dag.py:3947} INFO - Setting next_dagrun for fin_ratio_v2 to 2026-04-01 00:00:00+00:00, run_after=2026-05-01 00:00:00+00:00
[2026-04-30T14:10:41.782+0000] {processor.py:183} INFO - Processing /opt/airflow/dags/dl_fin_ratio_v2.py took 0.091 seconds
[2026-04-30T14:11:12.272+0000] {processor.py:161} INFO - Started process (PID=2701) to work on /opt/airflow/dags/dl_fin_ratio_v2.py
[2026-04-30T14:11:12.273+0000] {processor.py:830} INFO - Processing file /opt/airflow/dags/dl_fin_ratio_v2.py for tasks to queue
[2026-04-30T14:11:12.277+0000] {logging_mixin.py:188} INFO - [2026-04-30T14:11:12.276+0000] {dagbag.py:545} INFO - Filling up the DagBag from /opt/airflow/dags/dl_fin_ratio_v2.py
[2026-04-30T14:11:12.314+0000] {processor.py:840} INFO - DAG(s) 'fin_ratio_v2' retrieved from /opt/airflow/dags/dl_fin_ratio_v2.py
[2026-04-30T14:11:12.329+0000] {logging_mixin.py:188} INFO - [2026-04-30T14:11:12.328+0000] {dag.py:3089} INFO - Sync 1 DAGs
[2026-04-30T14:11:12.349+0000] {logging_mixin.py:188} INFO - [2026-04-30T14:11:12.349+0000] {dag.py:3947} INFO - Setting next_dagrun for fin_ratio_v2 to 2026-04-01 00:00:00+00:00, run_after=2026-05-01 00:00:00+00:00
[2026-04-30T14:11:12.369+0000] {processor.py:183} INFO - Processing /opt/airflow/dags/dl_fin_ratio_v2.py took 0.104 seconds
[2026-04-30T14:11:42.866+0000] {processor.py:161} INFO - Started process (PID=2726) to work on /opt/airflow/dags/dl_fin_ratio_v2.py
[2026-04-30T14:11:42.867+0000] {processor.py:830} INFO - Processing file /opt/airflow/dags/dl_fin_ratio_v2.py for tasks to queue
[2026-04-30T14:11:42.868+0000] {logging_mixin.py:188} INFO - [2026-04-30T14:11:42.868+0000] {dagbag.py:545} INFO - Filling up the DagBag from /opt/airflow/dags/dl_fin_ratio_v2.py
[2026-04-30T14:11:42.900+0000] {processor.py:840} INFO - DAG(s) 'fin_ratio_v2' retrieved from /opt/airflow/dags/dl_fin_ratio_v2.py
[2026-04-30T14:11:42.914+0000] {logging_mixin.py:188} INFO - [2026-04-30T14:11:42.913+0000] {dag.py:3089} INFO - Sync 1 DAGs
[2026-04-30T14:11:42.932+0000] {logging_mixin.py:188} INFO - [2026-04-30T14:11:42.932+0000] {dag.py:3947} INFO - Setting next_dagrun for fin_ratio_v2 to 2026-04-01 00:00:00+00:00, run_after=2026-05-01 00:00:00+00:00
[2026-04-30T14:11:42.948+0000] {processor.py:183} INFO - Processing /opt/airflow/dags/dl_fin_ratio_v2.py took 0.086 seconds
[2026-04-30T14:12:13.490+0000] {processor.py:161} INFO - Started process (PID=2751) to work on /opt/airflow/dags/dl_fin_ratio_v2.py
[2026-04-30T14:12:13.491+0000] {processor.py:830} INFO - Processing file /opt/airflow/dags/dl_fin_ratio_v2.py for tasks to queue
[2026-04-30T14:12:13.493+0000] {logging_mixin.py:188} INFO - [2026-04-30T14:12:13.492+0000] {dagbag.py:545} INFO - Filling up the DagBag from /opt/airflow/dags/dl_fin_ratio_v2.py
[2026-04-30T14:12:13.526+0000] {processor.py:840} INFO - DAG(s) 'fin_ratio_v2' retrieved from /opt/airflow/dags/dl_fin_ratio_v2.py
[2026-04-30T14:12:13.542+0000] {logging_mixin.py:188} INFO - [2026-04-30T14:12:13.542+0000] {dag.py:3089} INFO - Sync 1 DAGs
[2026-04-30T14:12:13.565+0000] {logging_mixin.py:188} INFO - [2026-04-30T14:12:13.565+0000] {dag.py:3947} INFO - Setting next_dagrun for fin_ratio_v2 to 2026-04-01 00:00:00+00:00, run_after=2026-05-01 00:00:00+00:00
[2026-04-30T14:12:13.585+0000] {processor.py:183} INFO - Processing /opt/airflow/dags/dl_fin_ratio_v2.py took 0.100 seconds
[2026-04-30T14:12:44.355+0000] {processor.py:161} INFO - Started process (PID=2776) to work on /opt/airflow/dags/dl_fin_ratio_v2.py
[2026-04-30T14:12:44.356+0000] {processor.py:830} INFO - Processing file /opt/airflow/dags/dl_fin_ratio_v2.py for tasks to queue
[2026-04-30T14:12:44.358+0000] {logging_mixin.py:188} INFO - [2026-04-30T14:12:44.358+0000] {dagbag.py:545} INFO - Filling up the DagBag from /opt/airflow/dags/dl_fin_ratio_v2.py
[2026-04-30T14:12:44.388+0000] {processor.py:840} INFO - DAG(s) 'fin_ratio_v2' retrieved from /opt/airflow/dags/dl_fin_ratio_v2.py
[2026-04-30T14:12:44.401+0000] {logging_mixin.py:188} INFO - [2026-04-30T14:12:44.400+0000] {dag.py:3089} INFO - Sync 1 DAGs
[2026-04-30T14:12:44.419+0000] {logging_mixin.py:188} INFO - [2026-04-30T14:12:44.419+0000] {dag.py:3947} INFO - Setting next_dagrun for fin_ratio_v2 to 2026-04-01 00:00:00+00:00, run_after=2026-05-01 00:00:00+00:00
[2026-04-30T14:12:44.439+0000] {processor.py:183} INFO - Processing /opt/airflow/dags/dl_fin_ratio_v2.py took 0.089 seconds
[2026-04-30T14:13:15.069+0000] {processor.py:161} INFO - Started process (PID=2802) to work on /opt/airflow/dags/dl_fin_ratio_v2.py
[2026-04-30T14:13:15.070+0000] {processor.py:830} INFO - Processing file /opt/airflow/dags/dl_fin_ratio_v2.py for tasks to queue
[2026-04-30T14:13:15.073+0000] {logging_mixin.py:188} INFO - [2026-04-30T14:13:15.072+0000] {dagbag.py:545} INFO - Filling up the DagBag from /opt/airflow/dags/dl_fin_ratio_v2.py
[2026-04-30T14:13:15.109+0000] {processor.py:840} INFO - DAG(s) 'fin_ratio_v2' retrieved from /opt/airflow/dags/dl_fin_ratio_v2.py
[2026-04-30T14:13:15.124+0000] {logging_mixin.py:188} INFO - [2026-04-30T14:13:15.123+0000] {dag.py:3089} INFO - Sync 1 DAGs
[2026-04-30T14:13:15.149+0000] {logging_mixin.py:188} INFO - [2026-04-30T14:13:15.148+0000] {dag.py:3947} INFO - Setting next_dagrun for fin_ratio_v2 to 2026-04-01 00:00:00+00:00, run_after=2026-05-01 00:00:00+00:00
[2026-04-30T14:13:15.168+0000] {processor.py:183} INFO - Processing /opt/airflow/dags/dl_fin_ratio_v2.py took 0.105 seconds
[2026-04-30T14:13:45.622+0000] {processor.py:161} INFO - Started process (PID=2827) to work on /opt/airflow/dags/dl_fin_ratio_v2.py
[2026-04-30T14:13:45.623+0000] {processor.py:830} INFO - Processing file /opt/airflow/dags/dl_fin_ratio_v2.py for tasks to queue
[2026-04-30T14:13:45.625+0000] {logging_mixin.py:188} INFO - [2026-04-30T14:13:45.624+0000] {dagbag.py:545} INFO - Filling up the DagBag from /opt/airflow/dags/dl_fin_ratio_v2.py
[2026-04-30T14:13:45.657+0000] {processor.py:840} INFO - DAG(s) 'fin_ratio_v2' retrieved from /opt/airflow/dags/dl_fin_ratio_v2.py
[2026-04-30T14:13:45.671+0000] {logging_mixin.py:188} INFO - [2026-04-30T14:13:45.670+0000] {dag.py:3089} INFO - Sync 1 DAGs
[2026-04-30T14:13:45.690+0000] {logging_mixin.py:188} INFO - [2026-04-30T14:13:45.689+0000] {dag.py:3947} INFO - Setting next_dagrun for fin_ratio_v2 to 2026-04-01 00:00:00+00:00, run_after=2026-05-01 00:00:00+00:00
[2026-04-30T14:13:45.705+0000] {processor.py:183} INFO - Processing /opt/airflow/dags/dl_fin_ratio_v2.py took 0.088 seconds
[2026-04-30T14:14:16.445+0000] {processor.py:161} INFO - Started process (PID=2858) to work on /opt/airflow/dags/dl_fin_ratio_v2.py
[2026-04-30T14:14:16.446+0000] {processor.py:830} INFO - Processing file /opt/airflow/dags/dl_fin_ratio_v2.py for tasks to queue
[2026-04-30T14:14:16.449+0000] {logging_mixin.py:188} INFO - [2026-04-30T14:14:16.448+0000] {dagbag.py:545} INFO - Filling up the DagBag from /opt/airflow/dags/dl_fin_ratio_v2.py
[2026-04-30T14:14:16.486+0000] {processor.py:840} INFO - DAG(s) 'fin_ratio_v2' retrieved from /opt/airflow/dags/dl_fin_ratio_v2.py
[2026-04-30T14:14:16.503+0000] {logging_mixin.py:188} INFO - [2026-04-30T14:14:16.503+0000] {dag.py:3089} INFO - Sync 1 DAGs
[2026-04-30T14:14:16.526+0000] {logging_mixin.py:188} INFO - [2026-04-30T14:14:16.525+0000] {dag.py:3947} INFO - Setting next_dagrun for fin_ratio_v2 to 2026-04-01 00:00:00+00:00, run_after=2026-05-01 00:00:00+00:00
[2026-04-30T14:14:16.544+0000] {processor.py:183} INFO - Processing /opt/airflow/dags/dl_fin_ratio_v2.py took 0.105 seconds
[2026-04-30T14:14:47.049+0000] {processor.py:161} INFO - Started process (PID=2883) to work on /opt/airflow/dags/dl_fin_ratio_v2.py
[2026-04-30T14:14:47.050+0000] {processor.py:830} INFO - Processing file /opt/airflow/dags/dl_fin_ratio_v2.py for tasks to queue
[2026-04-30T14:14:47.052+0000] {logging_mixin.py:188} INFO - [2026-04-30T14:14:47.052+0000] {dagbag.py:545} INFO - Filling up the DagBag from /opt/airflow/dags/dl_fin_ratio_v2.py
[2026-04-30T14:14:47.084+0000] {processor.py:840} INFO - DAG(s) 'fin_ratio_v2' retrieved from /opt/airflow/dags/dl_fin_ratio_v2.py
[2026-04-30T14:14:47.099+0000] {logging_mixin.py:188} INFO - [2026-04-30T14:14:47.099+0000] {dag.py:3089} INFO - Sync 1 DAGs
[2026-04-30T14:14:47.122+0000] {logging_mixin.py:188} INFO - [2026-04-30T14:14:47.122+0000] {dag.py:3947} INFO - Setting next_dagrun for fin_ratio_v2 to 2026-04-01 00:00:00+00:00, run_after=2026-05-01 00:00:00+00:00
[2026-04-30T14:14:47.377+0000] {processor.py:183} INFO - Processing /opt/airflow/dags/dl_fin_ratio_v2.py took 0.332 seconds
[2026-04-30T14:15:17.636+0000] {processor.py:161} INFO - Started process (PID=2908) to work on /opt/airflow/dags/dl_fin_ratio_v2.py
[2026-04-30T14:15:17.637+0000] {processor.py:830} INFO - Processing file /opt/airflow/dags/dl_fin_ratio_v2.py for tasks to queue
[2026-04-30T14:15:17.639+0000] {logging_mixin.py:188} INFO - [2026-04-30T14:15:17.639+0000] {dagbag.py:545} INFO - Filling up the DagBag from /opt/airflow/dags/dl_fin_ratio_v2.py
[2026-04-30T14:15:17.674+0000] {processor.py:840} INFO - DAG(s) 'fin_ratio_v2' retrieved from /opt/airflow/dags/dl_fin_ratio_v2.py
[2026-04-30T14:15:17.688+0000] {logging_mixin.py:188} INFO - [2026-04-30T14:15:17.688+0000] {dag.py:3089} INFO - Sync 1 DAGs
[2026-04-30T14:15:17.710+0000] {logging_mixin.py:188} INFO - [2026-04-30T14:15:17.709+0000] {dag.py:3947} INFO - Setting next_dagrun for fin_ratio_v2 to 2026-04-01 00:00:00+00:00, run_after=2026-05-01 00:00:00+00:00
[2026-04-30T14:15:17.733+0000] {processor.py:183} INFO - Processing /opt/airflow/dags/dl_fin_ratio_v2.py took 0.102 seconds
[2026-04-30T14:15:47.791+0000] {processor.py:161} INFO - Started process (PID=2934) to work on /opt/airflow/dags/dl_fin_ratio_v2.py
[2026-04-30T14:15:47.792+0000] {processor.py:830} INFO - Processing file /opt/airflow/dags/dl_fin_ratio_v2.py for tasks to queue
[2026-04-30T14:15:47.794+0000] {logging_mixin.py:188} INFO - [2026-04-30T14:15:47.794+0000] {dagbag.py:545} INFO - Filling up the DagBag from /opt/airflow/dags/dl_fin_ratio_v2.py
[2026-04-30T14:15:47.827+0000] {processor.py:840} INFO - DAG(s) 'fin_ratio_v2' retrieved from /opt/airflow/dags/dl_fin_ratio_v2.py
[2026-04-30T14:15:47.840+0000] {logging_mixin.py:188} INFO - [2026-04-30T14:15:47.840+0000] {dag.py:3089} INFO - Sync 1 DAGs
[2026-04-30T14:15:47.859+0000] {logging_mixin.py:188} INFO - [2026-04-30T14:15:47.859+0000] {dag.py:3947} INFO - Setting next_dagrun for fin_ratio_v2 to 2026-04-01 00:00:00+00:00, run_after=2026-05-01 00:00:00+00:00
[2026-04-30T14:15:47.880+0000] {processor.py:183} INFO - Processing /opt/airflow/dags/dl_fin_ratio_v2.py took 0.094 seconds
[2026-04-30T14:16:18.332+0000] {processor.py:161} INFO - Started process (PID=2959) to work on /opt/airflow/dags/dl_fin_ratio_v2.py
[2026-04-30T14:16:18.333+0000] {processor.py:830} INFO - Processing file /opt/airflow/dags/dl_fin_ratio_v2.py for tasks to queue
[2026-04-30T14:16:18.335+0000] {logging_mixin.py:188} INFO - [2026-04-30T14:16:18.335+0000] {dagbag.py:545} INFO - Filling up the DagBag from /opt/airflow/dags/dl_fin_ratio_v2.py
[2026-04-30T14:16:18.370+0000] {processor.py:840} INFO - DAG(s) 'fin_ratio_v2' retrieved from /opt/airflow/dags/dl_fin_ratio_v2.py
[2026-04-30T14:16:18.384+0000] {logging_mixin.py:188} INFO - [2026-04-30T14:16:18.384+0000] {dag.py:3089} INFO - Sync 1 DAGs
[2026-04-30T14:16:18.404+0000] {logging_mixin.py:188} INFO - [2026-04-30T14:16:18.404+0000] {dag.py:3947} INFO - Setting next_dagrun for fin_ratio_v2 to 2026-04-01 00:00:00+00:00, run_after=2026-05-01 00:00:00+00:00
[2026-04-30T14:16:18.420+0000] {processor.py:183} INFO - Processing /opt/airflow/dags/dl_fin_ratio_v2.py took 0.093 seconds
[2026-04-30T14:16:48.726+0000] {processor.py:161} INFO - Started process (PID=2984) to work on /opt/airflow/dags/dl_fin_ratio_v2.py
[2026-04-30T14:16:48.726+0000] {processor.py:830} INFO - Processing file /opt/airflow/dags/dl_fin_ratio_v2.py for tasks to queue
[2026-04-30T14:16:48.729+0000] {logging_mixin.py:188} INFO - [2026-04-30T14:16:48.729+0000] {dagbag.py:545} INFO - Filling up the DagBag from /opt/airflow/dags/dl_fin_ratio_v2.py
[2026-04-30T14:16:48.762+0000] {processor.py:840} INFO - DAG(s) 'fin_ratio_v2' retrieved from /opt/airflow/dags/dl_fin_ratio_v2.py
[2026-04-30T14:16:48.776+0000] {logging_mixin.py:188} INFO - [2026-04-30T14:16:48.776+0000] {dag.py:3089} INFO - Sync 1 DAGs
[2026-04-30T14:16:48.794+0000] {logging_mixin.py:188} INFO - [2026-04-30T14:16:48.794+0000] {dag.py:3947} INFO - Setting next_dagrun for fin_ratio_v2 to 2026-04-01 00:00:00+00:00, run_after=2026-05-01 00:00:00+00:00
[2026-04-30T14:16:48.812+0000] {processor.py:183} INFO - Processing /opt/airflow/dags/dl_fin_ratio_v2.py took 0.091 seconds
[2026-04-30T14:17:19.468+0000] {processor.py:161} INFO - Started process (PID=3009) to work on /opt/airflow/dags/dl_fin_ratio_v2.py
[2026-04-30T14:17:19.468+0000] {processor.py:830} INFO - Processing file /opt/airflow/dags/dl_fin_ratio_v2.py for tasks to queue
[2026-04-30T14:17:19.471+0000] {logging_mixin.py:188} INFO - [2026-04-30T14:17:19.471+0000] {dagbag.py:545} INFO - Filling up the DagBag from /opt/airflow/dags/dl_fin_ratio_v2.py
[2026-04-30T14:17:19.505+0000] {processor.py:840} INFO - DAG(s) 'fin_ratio_v2' retrieved from /opt/airflow/dags/dl_fin_ratio_v2.py
[2026-04-30T14:17:19.520+0000] {logging_mixin.py:188} INFO - [2026-04-30T14:17:19.520+0000] {dag.py:3089} INFO - Sync 1 DAGs
[2026-04-30T14:17:19.541+0000] {logging_mixin.py:188} INFO - [2026-04-30T14:17:19.541+0000] {dag.py:3947} INFO - Setting next_dagrun for fin_ratio_v2 to 2026-04-01 00:00:00+00:00, run_after=2026-05-01 00:00:00+00:00
[2026-04-30T14:17:19.562+0000] {processor.py:183} INFO - Processing /opt/airflow/dags/dl_fin_ratio_v2.py took 0.100 seconds
[2026-04-30T14:17:50.230+0000] {processor.py:161} INFO - Started process (PID=3034) to work on /opt/airflow/dags/dl_fin_ratio_v2.py
[2026-04-30T14:17:50.232+0000] {processor.py:830} INFO - Processing file /opt/airflow/dags/dl_fin_ratio_v2.py for tasks to queue
[2026-04-30T14:17:50.234+0000] {logging_mixin.py:188} INFO - [2026-04-30T14:17:50.234+0000] {dagbag.py:545} INFO - Filling up the DagBag from /opt/airflow/dags/dl_fin_ratio_v2.py
[2026-04-30T14:17:50.271+0000] {processor.py:840} INFO - DAG(s) 'fin_ratio_v2' retrieved from /opt/airflow/dags/dl_fin_ratio_v2.py
[2026-04-30T14:17:50.288+0000] {logging_mixin.py:188} INFO - [2026-04-30T14:17:50.288+0000] {dag.py:3089} INFO - Sync 1 DAGs
[2026-04-30T14:17:50.309+0000] {logging_mixin.py:188} INFO - [2026-04-30T14:17:50.309+0000] {dag.py:3947} INFO - Setting next_dagrun for fin_ratio_v2 to 2026-04-01 00:00:00+00:00, run_after=2026-05-01 00:00:00+00:00
[2026-04-30T14:17:50.327+0000] {processor.py:183} INFO - Processing /opt/airflow/dags/dl_fin_ratio_v2.py took 0.103 seconds
[2026-04-30T14:18:20.686+0000] {processor.py:161} INFO - Started process (PID=3059) to work on /opt/airflow/dags/dl_fin_ratio_v2.py
[2026-04-30T14:18:20.686+0000] {processor.py:830} INFO - Processing file /opt/airflow/dags/dl_fin_ratio_v2.py for tasks to queue
[2026-04-30T14:18:20.688+0000] {logging_mixin.py:188} INFO - [2026-04-30T14:18:20.688+0000] {dagbag.py:545} INFO - Filling up the DagBag from /opt/airflow/dags/dl_fin_ratio_v2.py
[2026-04-30T14:18:20.719+0000] {processor.py:840} INFO - DAG(s) 'fin_ratio_v2' retrieved from /opt/airflow/dags/dl_fin_ratio_v2.py
[2026-04-30T14:18:20.732+0000] {logging_mixin.py:188} INFO - [2026-04-30T14:18:20.731+0000] {dag.py:3089} INFO - Sync 1 DAGs
[2026-04-30T14:18:20.753+0000] {logging_mixin.py:188} INFO - [2026-04-30T14:18:20.753+0000] {dag.py:3947} INFO - Setting next_dagrun for fin_ratio_v2 to 2026-04-01 00:00:00+00:00, run_after=2026-05-01 00:00:00+00:00
[2026-04-30T14:18:20.769+0000] {processor.py:183} INFO - Processing /opt/airflow/dags/dl_fin_ratio_v2.py took 0.088 seconds
[2026-04-30T14:18:51.431+0000] {processor.py:161} INFO - Started process (PID=3084) to work on /opt/airflow/dags/dl_fin_ratio_v2.py
[2026-04-30T14:18:51.431+0000] {processor.py:830} INFO - Processing file /opt/airflow/dags/dl_fin_ratio_v2.py for tasks to queue
[2026-04-30T14:18:51.434+0000] {logging_mixin.py:188} INFO - [2026-04-30T14:18:51.433+0000] {dagbag.py:545} INFO - Filling up the DagBag from /opt/airflow/dags/dl_fin_ratio_v2.py
[2026-04-30T14:18:51.465+0000] {processor.py:840} INFO - DAG(s) 'fin_ratio_v2' retrieved from /opt/airflow/dags/dl_fin_ratio_v2.py
[2026-04-30T14:18:51.478+0000] {logging_mixin.py:188} INFO - [2026-04-30T14:18:51.478+0000] {dag.py:3089} INFO - Sync 1 DAGs
[2026-04-30T14:18:51.497+0000] {logging_mixin.py:188} INFO - [2026-04-30T14:18:51.497+0000] {dag.py:3947} INFO - Setting next_dagrun for fin_ratio_v2 to 2026-04-01 00:00:00+00:00, run_after=2026-05-01 00:00:00+00:00
[2026-04-30T14:18:51.513+0000] {processor.py:183} INFO - Processing /opt/airflow/dags/dl_fin_ratio_v2.py took 0.088 seconds
[2026-04-30T14:19:21.836+0000] {processor.py:161} INFO - Started process (PID=3109) to work on /opt/airflow/dags/dl_fin_ratio_v2.py
[2026-04-30T14:19:21.837+0000] {processor.py:830} INFO - Processing file /opt/airflow/dags/dl_fin_ratio_v2.py for tasks to queue
[2026-04-30T14:19:21.839+0000] {logging_mixin.py:188} INFO - [2026-04-30T14:19:21.839+0000] {dagbag.py:545} INFO - Filling up the DagBag from /opt/airflow/dags/dl_fin_ratio_v2.py
[2026-04-30T14:19:21.875+0000] {processor.py:840} INFO - DAG(s) 'fin_ratio_v2' retrieved from /opt/airflow/dags/dl_fin_ratio_v2.py
[2026-04-30T14:19:21.894+0000] {logging_mixin.py:188} INFO - [2026-04-30T14:19:21.894+0000] {dag.py:3089} INFO - Sync 1 DAGs
[2026-04-30T14:19:21.920+0000] {logging_mixin.py:188} INFO - [2026-04-30T14:19:21.920+0000] {dag.py:3947} INFO - Setting next_dagrun for fin_ratio_v2 to 2026-04-01 00:00:00+00:00, run_after=2026-05-01 00:00:00+00:00
[2026-04-30T14:19:21.940+0000] {processor.py:183} INFO - Processing /opt/airflow/dags/dl_fin_ratio_v2.py took 0.110 seconds
[2026-04-30T14:19:52.465+0000] {processor.py:161} INFO - Started process (PID=3134) to work on /opt/airflow/dags/dl_fin_ratio_v2.py
[2026-04-30T14:19:52.466+0000] {processor.py:830} INFO - Processing file /opt/airflow/dags/dl_fin_ratio_v2.py for tasks to queue
[2026-04-30T14:19:52.468+0000] {logging_mixin.py:188} INFO - [2026-04-30T14:19:52.468+0000] {dagbag.py:545} INFO - Filling up the DagBag from /opt/airflow/dags/dl_fin_ratio_v2.py
[2026-04-30T14:19:52.502+0000] {processor.py:840} INFO - DAG(s) 'fin_ratio_v2' retrieved from /opt/airflow/dags/dl_fin_ratio_v2.py
[2026-04-30T14:19:52.515+0000] {logging_mixin.py:188} INFO - [2026-04-30T14:19:52.515+0000] {dag.py:3089} INFO - Sync 1 DAGs
[2026-04-30T14:19:52.534+0000] {logging_mixin.py:188} INFO - [2026-04-30T14:19:52.534+0000] {dag.py:3947} INFO - Setting next_dagrun for fin_ratio_v2 to 2026-04-01 00:00:00+00:00, run_after=2026-05-01 00:00:00+00:00
[2026-04-30T14:19:52.555+0000] {processor.py:183} INFO - Processing /opt/airflow/dags/dl_fin_ratio_v2.py took 0.095 seconds
[2026-04-30T14:20:22.863+0000] {processor.py:161} INFO - Started process (PID=3159) to work on /opt/airflow/dags/dl_fin_ratio_v2.py
[2026-04-30T14:20:22.863+0000] {processor.py:830} INFO - Processing file /opt/airflow/dags/dl_fin_ratio_v2.py for tasks to queue
[2026-04-30T14:20:22.865+0000] {logging_mixin.py:188} INFO - [2026-04-30T14:20:22.865+0000] {dagbag.py:545} INFO - Filling up the DagBag from /opt/airflow/dags/dl_fin_ratio_v2.py
[2026-04-30T14:20:22.897+0000] {processor.py:840} INFO - DAG(s) 'fin_ratio_v2' retrieved from /opt/airflow/dags/dl_fin_ratio_v2.py
[2026-04-30T14:20:22.910+0000] {logging_mixin.py:188} INFO - [2026-04-30T14:20:22.910+0000] {dag.py:3089} INFO - Sync 1 DAGs
[2026-04-30T14:20:22.934+0000] {logging_mixin.py:188} INFO - [2026-04-30T14:20:22.933+0000] {dag.py:3947} INFO - Setting next_dagrun for fin_ratio_v2 to 2026-04-01 00:00:00+00:00, run_after=2026-05-01 00:00:00+00:00
[2026-04-30T14:20:22.952+0000] {processor.py:183} INFO - Processing /opt/airflow/dags/dl_fin_ratio_v2.py took 0.094 seconds
[2026-04-30T14:20:53.499+0000] {processor.py:161} INFO - Started process (PID=3184) to work on /opt/airflow/dags/dl_fin_ratio_v2.py
[2026-04-30T14:20:53.500+0000] {processor.py:830} INFO - Processing file /opt/airflow/dags/dl_fin_ratio_v2.py for tasks to queue
[2026-04-30T14:20:53.502+0000] {logging_mixin.py:188} INFO - [2026-04-30T14:20:53.502+0000] {dagbag.py:545} INFO - Filling up the DagBag from /opt/airflow/dags/dl_fin_ratio_v2.py
[2026-04-30T14:20:53.537+0000] {processor.py:840} INFO - DAG(s) 'fin_ratio_v2' retrieved from /opt/airflow/dags/dl_fin_ratio_v2.py
[2026-04-30T14:20:53.552+0000] {logging_mixin.py:188} INFO - [2026-04-30T14:20:53.552+0000] {dag.py:3089} INFO - Sync 1 DAGs
[2026-04-30T14:20:53.573+0000] {logging_mixin.py:188} INFO - [2026-04-30T14:20:53.573+0000] {dag.py:3947} INFO - Setting next_dagrun for fin_ratio_v2 to 2026-04-01 00:00:00+00:00, run_after=2026-05-01 00:00:00+00:00
[2026-04-30T14:20:53.592+0000] {processor.py:183} INFO - Processing /opt/airflow/dags/dl_fin_ratio_v2.py took 0.098 seconds
[2026-04-30T14:21:23.961+0000] {processor.py:161} INFO - Started process (PID=3209) to work on /opt/airflow/dags/dl_fin_ratio_v2.py
[2026-04-30T14:21:23.962+0000] {processor.py:830} INFO - Processing file /opt/airflow/dags/dl_fin_ratio_v2.py for tasks to queue
[2026-04-30T14:21:23.965+0000] {logging_mixin.py:188} INFO - [2026-04-30T14:21:23.964+0000] {dagbag.py:545} INFO - Filling up the DagBag from /opt/airflow/dags/dl_fin_ratio_v2.py
[2026-04-30T14:21:24.014+0000] {processor.py:840} INFO - DAG(s) 'fin_ratio_v2' retrieved from /opt/airflow/dags/dl_fin_ratio_v2.py
[2026-04-30T14:21:24.037+0000] {logging_mixin.py:188} INFO - [2026-04-30T14:21:24.037+0000] {dag.py:3089} INFO - Sync 1 DAGs
[2026-04-30T14:21:24.068+0000] {logging_mixin.py:188} INFO - [2026-04-30T14:21:24.068+0000] {dag.py:3947} INFO - Setting next_dagrun for fin_ratio_v2 to 2026-04-01 00:00:00+00:00, run_after=2026-05-01 00:00:00+00:00
[2026-04-30T14:21:24.093+0000] {processor.py:183} INFO - Processing /opt/airflow/dags/dl_fin_ratio_v2.py took 0.139 seconds
[2026-04-30T14:21:54.667+0000] {processor.py:161} INFO - Started process (PID=3234) to work on /opt/airflow/dags/dl_fin_ratio_v2.py
[2026-04-30T14:21:54.668+0000] {processor.py:830} INFO - Processing file /opt/airflow/dags/dl_fin_ratio_v2.py for tasks to queue
[2026-04-30T14:21:54.670+0000] {logging_mixin.py:188} INFO - [2026-04-30T14:21:54.670+0000] {dagbag.py:545} INFO - Filling up the DagBag from /opt/airflow/dags/dl_fin_ratio_v2.py
[2026-04-30T14:21:54.708+0000] {processor.py:840} INFO - DAG(s) 'fin_ratio_v2' retrieved from /opt/airflow/dags/dl_fin_ratio_v2.py
[2026-04-30T14:21:54.724+0000] {logging_mixin.py:188} INFO - [2026-04-30T14:21:54.724+0000] {dag.py:3089} INFO - Sync 1 DAGs
[2026-04-30T14:21:54.748+0000] {logging_mixin.py:188} INFO - [2026-04-30T14:21:54.748+0000] {dag.py:3947} INFO - Setting next_dagrun for fin_ratio_v2 to 2026-04-01 00:00:00+00:00, run_after=2026-05-01 00:00:00+00:00
[2026-04-30T14:21:54.768+0000] {processor.py:183} INFO - Processing /opt/airflow/dags/dl_fin_ratio_v2.py took 0.106 seconds
[2026-04-30T14:22:25.139+0000] {processor.py:161} INFO - Started process (PID=3259) to work on /opt/airflow/dags/dl_fin_ratio_v2.py
[2026-04-30T14:22:25.140+0000] {processor.py:830} INFO - Processing file /opt/airflow/dags/dl_fin_ratio_v2.py for tasks to queue
[2026-04-30T14:22:25.142+0000] {logging_mixin.py:188} INFO - [2026-04-30T14:22:25.142+0000] {dagbag.py:545} INFO - Filling up the DagBag from /opt/airflow/dags/dl_fin_ratio_v2.py
[2026-04-30T14:22:25.177+0000] {processor.py:840} INFO - DAG(s) 'fin_ratio_v2' retrieved from /opt/airflow/dags/dl_fin_ratio_v2.py
[2026-04-30T14:22:25.192+0000] {logging_mixin.py:188} INFO - [2026-04-30T14:22:25.191+0000] {dag.py:3089} INFO - Sync 1 DAGs
[2026-04-30T14:22:25.214+0000] {logging_mixin.py:188} INFO - [2026-04-30T14:22:25.213+0000] {dag.py:3947} INFO - Setting next_dagrun for fin_ratio_v2 to 2026-04-01 00:00:00+00:00, run_after=2026-05-01 00:00:00+00:00
[2026-04-30T14:22:25.231+0000] {processor.py:183} INFO - Processing /opt/airflow/dags/dl_fin_ratio_v2.py took 0.098 seconds
[2026-04-30T14:22:55.916+0000] {processor.py:161} INFO - Started process (PID=3284) to work on /opt/airflow/dags/dl_fin_ratio_v2.py
[2026-04-30T14:22:55.917+0000] {processor.py:830} INFO - Processing file /opt/airflow/dags/dl_fin_ratio_v2.py for tasks to queue
[2026-04-30T14:22:55.922+0000] {logging_mixin.py:188} INFO - [2026-04-30T14:22:55.921+0000] {dagbag.py:545} INFO - Filling up the DagBag from /opt/airflow/dags/dl_fin_ratio_v2.py
[2026-04-30T14:22:55.961+0000] {processor.py:840} INFO - DAG(s) 'fin_ratio_v2' retrieved from /opt/airflow/dags/dl_fin_ratio_v2.py
[2026-04-30T14:22:55.978+0000] {logging_mixin.py:188} INFO - [2026-04-30T14:22:55.978+0000] {dag.py:3089} INFO - Sync 1 DAGs
[2026-04-30T14:22:56.002+0000] {logging_mixin.py:188} INFO - [2026-04-30T14:22:56.002+0000] {dag.py:3947} INFO - Setting next_dagrun for fin_ratio_v2 to 2026-04-01 00:00:00+00:00, run_after=2026-05-01 00:00:00+00:00
[2026-04-30T14:22:56.021+0000] {processor.py:183} INFO - Processing /opt/airflow/dags/dl_fin_ratio_v2.py took 0.114 seconds
[2026-04-30T14:23:26.632+0000] {processor.py:161} INFO - Started process (PID=3309) to work on /opt/airflow/dags/dl_fin_ratio_v2.py
[2026-04-30T14:23:26.633+0000] {processor.py:830} INFO - Processing file /opt/airflow/dags/dl_fin_ratio_v2.py for tasks to queue
[2026-04-30T14:23:26.636+0000] {logging_mixin.py:188} INFO - [2026-04-30T14:23:26.635+0000] {dagbag.py:545} INFO - Filling up the DagBag from /opt/airflow/dags/dl_fin_ratio_v2.py
[2026-04-30T14:23:26.671+0000] {processor.py:840} INFO - DAG(s) 'fin_ratio_v2' retrieved from /opt/airflow/dags/dl_fin_ratio_v2.py
[2026-04-30T14:23:26.686+0000] {logging_mixin.py:188} INFO - [2026-04-30T14:23:26.685+0000] {dag.py:3089} INFO - Sync 1 DAGs
[2026-04-30T14:23:26.707+0000] {logging_mixin.py:188} INFO - [2026-04-30T14:23:26.707+0000] {dag.py:3947} INFO - Setting next_dagrun for fin_ratio_v2 to 2026-04-01 00:00:00+00:00, run_after=2026-05-01 00:00:00+00:00
[2026-04-30T14:23:26.726+0000] {processor.py:183} INFO - Processing /opt/airflow/dags/dl_fin_ratio_v2.py took 0.100 seconds
[2026-04-30T14:23:57.244+0000] {processor.py:161} INFO - Started process (PID=3334) to work on /opt/airflow/dags/dl_fin_ratio_v2.py
[2026-04-30T14:23:57.245+0000] {processor.py:830} INFO - Processing file /opt/airflow/dags/dl_fin_ratio_v2.py for tasks to queue
[2026-04-30T14:23:57.247+0000] {logging_mixin.py:188} INFO - [2026-04-30T14:23:57.247+0000] {dagbag.py:545} INFO - Filling up the DagBag from /opt/airflow/dags/dl_fin_ratio_v2.py
[2026-04-30T14:23:57.277+0000] {processor.py:840} INFO - DAG(s) 'fin_ratio_v2' retrieved from /opt/airflow/dags/dl_fin_ratio_v2.py
[2026-04-30T14:23:57.291+0000] {logging_mixin.py:188} INFO - [2026-04-30T14:23:57.290+0000] {dag.py:3089} INFO - Sync 1 DAGs
[2026-04-30T14:23:57.309+0000] {logging_mixin.py:188} INFO - [2026-04-30T14:23:57.308+0000] {dag.py:3947} INFO - Setting next_dagrun for fin_ratio_v2 to 2026-04-01 00:00:00+00:00, run_after=2026-05-01 00:00:00+00:00
[2026-04-30T14:23:57.325+0000] {processor.py:183} INFO - Processing /opt/airflow/dags/dl_fin_ratio_v2.py took 0.086 seconds
[2026-04-30T14:24:27.768+0000] {processor.py:161} INFO - Started process (PID=3359) to work on /opt/airflow/dags/dl_fin_ratio_v2.py
[2026-04-30T14:24:27.769+0000] {processor.py:830} INFO - Processing file /opt/airflow/dags/dl_fin_ratio_v2.py for tasks to queue
[2026-04-30T14:24:27.771+0000] {logging_mixin.py:188} INFO - [2026-04-30T14:24:27.771+0000] {dagbag.py:545} INFO - Filling up the DagBag from /opt/airflow/dags/dl_fin_ratio_v2.py
[2026-04-30T14:24:27.809+0000] {processor.py:840} INFO - DAG(s) 'fin_ratio_v2' retrieved from /opt/airflow/dags/dl_fin_ratio_v2.py
[2026-04-30T14:24:27.826+0000] {logging_mixin.py:188} INFO - [2026-04-30T14:24:27.826+0000] {dag.py:3089} INFO - Sync 1 DAGs
[2026-04-30T14:24:27.848+0000] {logging_mixin.py:188} INFO - [2026-04-30T14:24:27.848+0000] {dag.py:3947} INFO - Setting next_dagrun for fin_ratio_v2 to 2026-04-01 00:00:00+00:00, run_after=2026-05-01 00:00:00+00:00
[2026-04-30T14:24:27.867+0000] {processor.py:183} INFO - Processing /opt/airflow/dags/dl_fin_ratio_v2.py took 0.104 seconds
[2026-04-30T14:24:58.723+0000] {processor.py:161} INFO - Started process (PID=3384) to work on /opt/airflow/dags/dl_fin_ratio_v2.py
[2026-04-30T14:24:58.724+0000] {processor.py:830} INFO - Processing file /opt/airflow/dags/dl_fin_ratio_v2.py for tasks to queue
[2026-04-30T14:24:58.726+0000] {logging_mixin.py:188} INFO - [2026-04-30T14:24:58.726+0000] {dagbag.py:545} INFO - Filling up the DagBag from /opt/airflow/dags/dl_fin_ratio_v2.py
[2026-04-30T14:24:58.758+0000] {processor.py:840} INFO - DAG(s) 'fin_ratio_v2' retrieved from /opt/airflow/dags/dl_fin_ratio_v2.py
[2026-04-30T14:24:58.772+0000] {logging_mixin.py:188} INFO - [2026-04-30T14:24:58.772+0000] {dag.py:3089} INFO - Sync 1 DAGs
[2026-04-30T14:24:58.792+0000] {logging_mixin.py:188} INFO - [2026-04-30T14:24:58.791+0000] {dag.py:3947} INFO - Setting next_dagrun for fin_ratio_v2 to 2026-04-01 00:00:00+00:00, run_after=2026-05-01 00:00:00+00:00
[2026-04-30T14:24:58.811+0000] {processor.py:183} INFO - Processing /opt/airflow/dags/dl_fin_ratio_v2.py took 0.094 seconds
[2026-04-30T14:25:29.243+0000] {processor.py:161} INFO - Started process (PID=3409) to work on /opt/airflow/dags/dl_fin_ratio_v2.py
[2026-04-30T14:25:29.243+0000] {processor.py:830} INFO - Processing file /opt/airflow/dags/dl_fin_ratio_v2.py for tasks to queue
[2026-04-30T14:25:29.246+0000] {logging_mixin.py:188} INFO - [2026-04-30T14:25:29.245+0000] {dagbag.py:545} INFO - Filling up the DagBag from /opt/airflow/dags/dl_fin_ratio_v2.py
[2026-04-30T14:25:29.280+0000] {processor.py:840} INFO - DAG(s) 'fin_ratio_v2' retrieved from /opt/airflow/dags/dl_fin_ratio_v2.py
[2026-04-30T14:25:29.294+0000] {logging_mixin.py:188} INFO - [2026-04-30T14:25:29.294+0000] {dag.py:3089} INFO - Sync 1 DAGs
[2026-04-30T14:25:29.317+0000] {logging_mixin.py:188} INFO - [2026-04-30T14:25:29.317+0000] {dag.py:3947} INFO - Setting next_dagrun for fin_ratio_v2 to 2026-04-01 00:00:00+00:00, run_after=2026-05-01 00:00:00+00:00
[2026-04-30T14:25:29.335+0000] {processor.py:183} INFO - Processing /opt/airflow/dags/dl_fin_ratio_v2.py took 0.097 seconds
[2026-04-30T14:25:59.971+0000] {processor.py:161} INFO - Started process (PID=3434) to work on /opt/airflow/dags/dl_fin_ratio_v2.py
[2026-04-30T14:25:59.972+0000] {processor.py:830} INFO - Processing file /opt/airflow/dags/dl_fin_ratio_v2.py for tasks to queue
[2026-04-30T14:25:59.974+0000] {logging_mixin.py:188} INFO - [2026-04-30T14:25:59.973+0000] {dagbag.py:545} INFO - Filling up the DagBag from /opt/airflow/dags/dl_fin_ratio_v2.py
[2026-04-30T14:26:00.007+0000] {processor.py:840} INFO - DAG(s) 'fin_ratio_v2' retrieved from /opt/airflow/dags/dl_fin_ratio_v2.py
[2026-04-30T14:26:00.021+0000] {logging_mixin.py:188} INFO - [2026-04-30T14:26:00.021+0000] {dag.py:3089} INFO - Sync 1 DAGs
[2026-04-30T14:26:00.041+0000] {logging_mixin.py:188} INFO - [2026-04-30T14:26:00.041+0000] {dag.py:3947} INFO - Setting next_dagrun for fin_ratio_v2 to 2026-04-01 00:00:00+00:00, run_after=2026-05-01 00:00:00+00:00
[2026-04-30T14:26:00.060+0000] {processor.py:183} INFO - Processing /opt/airflow/dags/dl_fin_ratio_v2.py took 0.095 seconds
[2026-04-30T14:26:30.465+0000] {processor.py:161} INFO - Started process (PID=3459) to work on /opt/airflow/dags/dl_fin_ratio_v2.py
[2026-04-30T14:26:30.466+0000] {processor.py:830} INFO - Processing file /opt/airflow/dags/dl_fin_ratio_v2.py for tasks to queue
[2026-04-30T14:26:30.469+0000] {logging_mixin.py:188} INFO - [2026-04-30T14:26:30.468+0000] {dagbag.py:545} INFO - Filling up the DagBag from /opt/airflow/dags/dl_fin_ratio_v2.py
[2026-04-30T14:26:30.501+0000] {processor.py:840} INFO - DAG(s) 'fin_ratio_v2' retrieved from /opt/airflow/dags/dl_fin_ratio_v2.py
[2026-04-30T14:26:30.522+0000] {logging_mixin.py:188} INFO - [2026-04-30T14:26:30.522+0000] {dag.py:3089} INFO - Sync 1 DAGs
[2026-04-30T14:26:30.545+0000] {logging_mixin.py:188} INFO - [2026-04-30T14:26:30.545+0000] {dag.py:3947} INFO - Setting next_dagrun for fin_ratio_v2 to 2026-04-01 00:00:00+00:00, run_after=2026-05-01 00:00:00+00:00
[2026-04-30T14:26:30.563+0000] {processor.py:183} INFO - Processing /opt/airflow/dags/dl_fin_ratio_v2.py took 0.103 seconds
[2026-04-30T14:27:01.090+0000] {processor.py:161} INFO - Started process (PID=3484) to work on /opt/airflow/dags/dl_fin_ratio_v2.py
[2026-04-30T14:27:01.091+0000] {processor.py:830} INFO - Processing file /opt/airflow/dags/dl_fin_ratio_v2.py for tasks to queue
[2026-04-30T14:27:01.093+0000] {logging_mixin.py:188} INFO - [2026-04-30T14:27:01.093+0000] {dagbag.py:545} INFO - Filling up the DagBag from /opt/airflow/dags/dl_fin_ratio_v2.py
[2026-04-30T14:27:01.126+0000] {processor.py:840} INFO - DAG(s) 'fin_ratio_v2' retrieved from /opt/airflow/dags/dl_fin_ratio_v2.py
[2026-04-30T14:27:01.140+0000] {logging_mixin.py:188} INFO - [2026-04-30T14:27:01.140+0000] {dag.py:3089} INFO - Sync 1 DAGs
[2026-04-30T14:27:01.160+0000] {logging_mixin.py:188} INFO - [2026-04-30T14:27:01.160+0000] {dag.py:3947} INFO - Setting next_dagrun for fin_ratio_v2 to 2026-04-01 00:00:00+00:00, run_after=2026-05-01 00:00:00+00:00
[2026-04-30T14:27:01.178+0000] {processor.py:183} INFO - Processing /opt/airflow/dags/dl_fin_ratio_v2.py took 0.094 seconds
[2026-04-30T14:27:31.679+0000] {processor.py:161} INFO - Started process (PID=3509) to work on /opt/airflow/dags/dl_fin_ratio_v2.py
[2026-04-30T14:27:31.680+0000] {processor.py:830} INFO - Processing file /opt/airflow/dags/dl_fin_ratio_v2.py for tasks to queue
[2026-04-30T14:27:31.682+0000] {logging_mixin.py:188} INFO - [2026-04-30T14:27:31.682+0000] {dagbag.py:545} INFO - Filling up the DagBag from /opt/airflow/dags/dl_fin_ratio_v2.py
[2026-04-30T14:27:31.713+0000] {processor.py:840} INFO - DAG(s) 'fin_ratio_v2' retrieved from /opt/airflow/dags/dl_fin_ratio_v2.py
[2026-04-30T14:27:31.728+0000] {logging_mixin.py:188} INFO - [2026-04-30T14:27:31.728+0000] {dag.py:3089} INFO - Sync 1 DAGs
[2026-04-30T14:27:31.750+0000] {logging_mixin.py:188} INFO - [2026-04-30T14:27:31.750+0000] {dag.py:3947} INFO - Setting next_dagrun for fin_ratio_v2 to 2026-04-01 00:00:00+00:00, run_after=2026-05-01 00:00:00+00:00
[2026-04-30T14:27:31.768+0000] {processor.py:183} INFO - Processing /opt/airflow/dags/dl_fin_ratio_v2.py took 0.093 seconds
[2026-04-30T14:28:02.417+0000] {processor.py:161} INFO - Started process (PID=3534) to work on /opt/airflow/dags/dl_fin_ratio_v2.py
[2026-04-30T14:28:02.418+0000] {processor.py:830} INFO - Processing file /opt/airflow/dags/dl_fin_ratio_v2.py for tasks to queue
[2026-04-30T14:28:02.420+0000] {logging_mixin.py:188} INFO - [2026-04-30T14:28:02.419+0000] {dagbag.py:545} INFO - Filling up the DagBag from /opt/airflow/dags/dl_fin_ratio_v2.py
[2026-04-30T14:28:02.449+0000] {processor.py:840} INFO - DAG(s) 'fin_ratio_v2' retrieved from /opt/airflow/dags/dl_fin_ratio_v2.py
[2026-04-30T14:28:02.463+0000] {logging_mixin.py:188} INFO - [2026-04-30T14:28:02.463+0000] {dag.py:3089} INFO - Sync 1 DAGs
[2026-04-30T14:28:02.485+0000] {logging_mixin.py:188} INFO - [2026-04-30T14:28:02.485+0000] {dag.py:3947} INFO - Setting next_dagrun for fin_ratio_v2 to 2026-04-01 00:00:00+00:00, run_after=2026-05-01 00:00:00+00:00
[2026-04-30T14:28:02.505+0000] {processor.py:183} INFO - Processing /opt/airflow/dags/dl_fin_ratio_v2.py took 0.093 seconds
[2026-04-30T14:28:32.954+0000] {processor.py:161} INFO - Started process (PID=3559) to work on /opt/airflow/dags/dl_fin_ratio_v2.py
[2026-04-30T14:28:32.955+0000] {processor.py:830} INFO - Processing file /opt/airflow/dags/dl_fin_ratio_v2.py for tasks to queue
[2026-04-30T14:28:32.957+0000] {logging_mixin.py:188} INFO - [2026-04-30T14:28:32.957+0000] {dagbag.py:545} INFO - Filling up the DagBag from /opt/airflow/dags/dl_fin_ratio_v2.py
[2026-04-30T14:28:32.989+0000] {processor.py:840} INFO - DAG(s) 'fin_ratio_v2' retrieved from /opt/airflow/dags/dl_fin_ratio_v2.py
[2026-04-30T14:28:33.003+0000] {logging_mixin.py:188} INFO - [2026-04-30T14:28:33.003+0000] {dag.py:3089} INFO - Sync 1 DAGs
[2026-04-30T14:28:33.025+0000] {logging_mixin.py:188} INFO - [2026-04-30T14:28:33.025+0000] {dag.py:3947} INFO - Setting next_dagrun for fin_ratio_v2 to 2026-04-01 00:00:00+00:00, run_after=2026-05-01 00:00:00+00:00
[2026-04-30T14:28:33.042+0000] {processor.py:183} INFO - Processing /opt/airflow/dags/dl_fin_ratio_v2.py took 0.093 seconds
[2026-04-30T14:29:03.555+0000] {processor.py:161} INFO - Started process (PID=3584) to work on /opt/airflow/dags/dl_fin_ratio_v2.py
[2026-04-30T14:29:03.556+0000] {processor.py:830} INFO - Processing file /opt/airflow/dags/dl_fin_ratio_v2.py for tasks to queue
[2026-04-30T14:29:03.558+0000] {logging_mixin.py:188} INFO - [2026-04-30T14:29:03.557+0000] {dagbag.py:545} INFO - Filling up the DagBag from /opt/airflow/dags/dl_fin_ratio_v2.py
[2026-04-30T14:29:03.589+0000] {processor.py:840} INFO - DAG(s) 'fin_ratio_v2' retrieved from /opt/airflow/dags/dl_fin_ratio_v2.py
[2026-04-30T14:29:03.604+0000] {logging_mixin.py:188} INFO - [2026-04-30T14:29:03.604+0000] {dag.py:3089} INFO - Sync 1 DAGs
[2026-04-30T14:29:03.626+0000] {logging_mixin.py:188} INFO - [2026-04-30T14:29:03.625+0000] {dag.py:3947} INFO - Setting next_dagrun for fin_ratio_v2 to 2026-04-01 00:00:00+00:00, run_after=2026-05-01 00:00:00+00:00
[2026-04-30T14:29:03.646+0000] {processor.py:183} INFO - Processing /opt/airflow/dags/dl_fin_ratio_v2.py took 0.096 seconds
[2026-04-30T14:29:34.030+0000] {processor.py:161} INFO - Started process (PID=3609) to work on /opt/airflow/dags/dl_fin_ratio_v2.py
[2026-04-30T14:29:34.030+0000] {processor.py:830} INFO - Processing file /opt/airflow/dags/dl_fin_ratio_v2.py for tasks to queue
[2026-04-30T14:29:34.032+0000] {logging_mixin.py:188} INFO - [2026-04-30T14:29:34.032+0000] {dagbag.py:545} INFO - Filling up the DagBag from /opt/airflow/dags/dl_fin_ratio_v2.py
[2026-04-30T14:29:34.065+0000] {processor.py:840} INFO - DAG(s) 'fin_ratio_v2' retrieved from /opt/airflow/dags/dl_fin_ratio_v2.py
[2026-04-30T14:29:34.080+0000] {logging_mixin.py:188} INFO - [2026-04-30T14:29:34.080+0000] {dag.py:3089} INFO - Sync 1 DAGs
[2026-04-30T14:29:34.103+0000] {logging_mixin.py:188} INFO - [2026-04-30T14:29:34.103+0000] {dag.py:3947} INFO - Setting next_dagrun for fin_ratio_v2 to 2026-04-01 00:00:00+00:00, run_after=2026-05-01 00:00:00+00:00
[2026-04-30T14:29:34.121+0000] {processor.py:183} INFO - Processing /opt/airflow/dags/dl_fin_ratio_v2.py took 0.097 seconds
[2026-04-30T14:30:04.496+0000] {processor.py:161} INFO - Started process (PID=3634) to work on /opt/airflow/dags/dl_fin_ratio_v2.py
[2026-04-30T14:30:04.497+0000] {processor.py:830} INFO - Processing file /opt/airflow/dags/dl_fin_ratio_v2.py for tasks to queue
[2026-04-30T14:30:04.499+0000] {logging_mixin.py:188} INFO - [2026-04-30T14:30:04.499+0000] {dagbag.py:545} INFO - Filling up the DagBag from /opt/airflow/dags/dl_fin_ratio_v2.py
[2026-04-30T14:30:04.531+0000] {processor.py:840} INFO - DAG(s) 'fin_ratio_v2' retrieved from /opt/airflow/dags/dl_fin_ratio_v2.py
[2026-04-30T14:30:04.545+0000] {logging_mixin.py:188} INFO - [2026-04-30T14:30:04.544+0000] {dag.py:3089} INFO - Sync 1 DAGs
[2026-04-30T14:30:04.564+0000] {logging_mixin.py:188} INFO - [2026-04-30T14:30:04.564+0000] {dag.py:3947} INFO - Setting next_dagrun for fin_ratio_v2 to 2026-04-01 00:00:00+00:00, run_after=2026-05-01 00:00:00+00:00
[2026-04-30T14:30:04.583+0000] {processor.py:183} INFO - Processing /opt/airflow/dags/dl_fin_ratio_v2.py took 0.092 seconds
[2026-04-30T14:30:34.989+0000] {processor.py:161} INFO - Started process (PID=3659) to work on /opt/airflow/dags/dl_fin_ratio_v2.py
[2026-04-30T14:30:34.990+0000] {processor.py:830} INFO - Processing file /opt/airflow/dags/dl_fin_ratio_v2.py for tasks to queue
[2026-04-30T14:30:34.992+0000] {logging_mixin.py:188} INFO - [2026-04-30T14:30:34.992+0000] {dagbag.py:545} INFO - Filling up the DagBag from /opt/airflow/dags/dl_fin_ratio_v2.py
[2026-04-30T14:30:35.024+0000] {processor.py:840} INFO - DAG(s) 'fin_ratio_v2' retrieved from /opt/airflow/dags/dl_fin_ratio_v2.py
[2026-04-30T14:30:35.039+0000] {logging_mixin.py:188} INFO - [2026-04-30T14:30:35.039+0000] {dag.py:3089} INFO - Sync 1 DAGs
[2026-04-30T14:30:35.058+0000] {logging_mixin.py:188} INFO - [2026-04-30T14:30:35.058+0000] {dag.py:3947} INFO - Setting next_dagrun for fin_ratio_v2 to 2026-04-01 00:00:00+00:00, run_after=2026-05-01 00:00:00+00:00
[2026-04-30T14:30:35.073+0000] {processor.py:183} INFO - Processing /opt/airflow/dags/dl_fin_ratio_v2.py took 0.089 seconds
[2026-04-30T14:31:05.481+0000] {processor.py:161} INFO - Started process (PID=3684) to work on /opt/airflow/dags/dl_fin_ratio_v2.py
[2026-04-30T14:31:05.482+0000] {processor.py:830} INFO - Processing file /opt/airflow/dags/dl_fin_ratio_v2.py for tasks to queue
[2026-04-30T14:31:05.484+0000] {logging_mixin.py:188} INFO - [2026-04-30T14:31:05.484+0000] {dagbag.py:545} INFO - Filling up the DagBag from /opt/airflow/dags/dl_fin_ratio_v2.py
[2026-04-30T14:31:05.514+0000] {processor.py:840} INFO - DAG(s) 'fin_ratio_v2' retrieved from /opt/airflow/dags/dl_fin_ratio_v2.py
[2026-04-30T14:31:05.528+0000] {logging_mixin.py:188} INFO - [2026-04-30T14:31:05.528+0000] {dag.py:3089} INFO - Sync 1 DAGs
[2026-04-30T14:31:05.546+0000] {logging_mixin.py:188} INFO - [2026-04-30T14:31:05.546+0000] {dag.py:3947} INFO - Setting next_dagrun for fin_ratio_v2 to 2026-04-01 00:00:00+00:00, run_after=2026-05-01 00:00:00+00:00
[2026-04-30T14:31:05.564+0000] {processor.py:183} INFO - Processing /opt/airflow/dags/dl_fin_ratio_v2.py took 0.087 seconds
[2026-04-30T14:31:35.935+0000] {processor.py:161} INFO - Started process (PID=3709) to work on /opt/airflow/dags/dl_fin_ratio_v2.py
[2026-04-30T14:31:35.936+0000] {processor.py:830} INFO - Processing file /opt/airflow/dags/dl_fin_ratio_v2.py for tasks to queue
[2026-04-30T14:31:35.939+0000] {logging_mixin.py:188} INFO - [2026-04-30T14:31:35.939+0000] {dagbag.py:545} INFO - Filling up the DagBag from /opt/airflow/dags/dl_fin_ratio_v2.py
[2026-04-30T14:31:35.973+0000] {processor.py:840} INFO - DAG(s) 'fin_ratio_v2' retrieved from /opt/airflow/dags/dl_fin_ratio_v2.py
[2026-04-30T14:31:35.986+0000] {logging_mixin.py:188} INFO - [2026-04-30T14:31:35.986+0000] {dag.py:3089} INFO - Sync 1 DAGs
[2026-04-30T14:31:36.005+0000] {logging_mixin.py:188} INFO - [2026-04-30T14:31:36.005+0000] {dag.py:3947} INFO - Setting next_dagrun for fin_ratio_v2 to 2026-04-01 00:00:00+00:00, run_after=2026-05-01 00:00:00+00:00
[2026-04-30T14:31:36.021+0000] {processor.py:183} INFO - Processing /opt/airflow/dags/dl_fin_ratio_v2.py took 0.090 seconds
[2026-04-30T14:32:06.518+0000] {processor.py:161} INFO - Started process (PID=3734) to work on /opt/airflow/dags/dl_fin_ratio_v2.py
[2026-04-30T14:32:06.519+0000] {processor.py:830} INFO - Processing file /opt/airflow/dags/dl_fin_ratio_v2.py for tasks to queue
[2026-04-30T14:32:06.521+0000] {logging_mixin.py:188} INFO - [2026-04-30T14:32:06.521+0000] {dagbag.py:545} INFO - Filling up the DagBag from /opt/airflow/dags/dl_fin_ratio_v2.py
[2026-04-30T14:32:06.570+0000] {processor.py:840} INFO - DAG(s) 'fin_ratio_v2' retrieved from /opt/airflow/dags/dl_fin_ratio_v2.py
[2026-04-30T14:32:06.590+0000] {logging_mixin.py:188} INFO - [2026-04-30T14:32:06.590+0000] {dag.py:3089} INFO - Sync 1 DAGs
[2026-04-30T14:32:06.618+0000] {logging_mixin.py:188} INFO - [2026-04-30T14:32:06.617+0000] {dag.py:3947} INFO - Setting next_dagrun for fin_ratio_v2 to 2026-04-01 00:00:00+00:00, run_after=2026-05-01 00:00:00+00:00
[2026-04-30T14:32:06.901+0000] {processor.py:183} INFO - Processing /opt/airflow/dags/dl_fin_ratio_v2.py took 0.390 seconds
[2026-04-30T14:32:37.260+0000] {processor.py:161} INFO - Started process (PID=3759) to work on /opt/airflow/dags/dl_fin_ratio_v2.py
[2026-04-30T14:32:37.261+0000] {processor.py:830} INFO - Processing file /opt/airflow/dags/dl_fin_ratio_v2.py for tasks to queue
[2026-04-30T14:32:37.263+0000] {logging_mixin.py:188} INFO - [2026-04-30T14:32:37.263+0000] {dagbag.py:545} INFO - Filling up the DagBag from /opt/airflow/dags/dl_fin_ratio_v2.py
[2026-04-30T14:32:37.300+0000] {processor.py:840} INFO - DAG(s) 'fin_ratio_v2' retrieved from /opt/airflow/dags/dl_fin_ratio_v2.py
[2026-04-30T14:32:37.320+0000] {logging_mixin.py:188} INFO - [2026-04-30T14:32:37.319+0000] {dag.py:3089} INFO - Sync 1 DAGs
[2026-04-30T14:32:37.341+0000] {logging_mixin.py:188} INFO - [2026-04-30T14:32:37.341+0000] {dag.py:3947} INFO - Setting next_dagrun for fin_ratio_v2 to 2026-04-01 00:00:00+00:00, run_after=2026-05-01 00:00:00+00:00
[2026-04-30T14:32:37.361+0000] {processor.py:183} INFO - Processing /opt/airflow/dags/dl_fin_ratio_v2.py took 0.106 seconds
[2026-04-30T14:33:08.142+0000] {processor.py:161} INFO - Started process (PID=3784) to work on /opt/airflow/dags/dl_fin_ratio_v2.py
[2026-04-30T14:33:08.143+0000] {processor.py:830} INFO - Processing file /opt/airflow/dags/dl_fin_ratio_v2.py for tasks to queue
[2026-04-30T14:33:08.146+0000] {logging_mixin.py:188} INFO - [2026-04-30T14:33:08.146+0000] {dagbag.py:545} INFO - Filling up the DagBag from /opt/airflow/dags/dl_fin_ratio_v2.py
[2026-04-30T14:33:08.183+0000] {processor.py:840} INFO - DAG(s) 'fin_ratio_v2' retrieved from /opt/airflow/dags/dl_fin_ratio_v2.py
[2026-04-30T14:33:08.200+0000] {logging_mixin.py:188} INFO - [2026-04-30T14:33:08.200+0000] {dag.py:3089} INFO - Sync 1 DAGs
[2026-04-30T14:33:08.221+0000] {logging_mixin.py:188} INFO - [2026-04-30T14:33:08.221+0000] {dag.py:3947} INFO - Setting next_dagrun for fin_ratio_v2 to 2026-04-01 00:00:00+00:00, run_after=2026-05-01 00:00:00+00:00
[2026-04-30T14:33:08.237+0000] {processor.py:183} INFO - Processing /opt/airflow/dags/dl_fin_ratio_v2.py took 0.102 seconds
[2026-04-30T14:33:38.863+0000] {processor.py:161} INFO - Started process (PID=3809) to work on /opt/airflow/dags/dl_fin_ratio_v2.py
[2026-04-30T14:33:38.864+0000] {processor.py:830} INFO - Processing file /opt/airflow/dags/dl_fin_ratio_v2.py for tasks to queue
[2026-04-30T14:33:38.866+0000] {logging_mixin.py:188} INFO - [2026-04-30T14:33:38.866+0000] {dagbag.py:545} INFO - Filling up the DagBag from /opt/airflow/dags/dl_fin_ratio_v2.py
[2026-04-30T14:33:38.898+0000] {processor.py:840} INFO - DAG(s) 'fin_ratio_v2' retrieved from /opt/airflow/dags/dl_fin_ratio_v2.py
[2026-04-30T14:33:38.914+0000] {logging_mixin.py:188} INFO - [2026-04-30T14:33:38.913+0000] {dag.py:3089} INFO - Sync 1 DAGs
[2026-04-30T14:33:38.935+0000] {logging_mixin.py:188} INFO - [2026-04-30T14:33:38.934+0000] {dag.py:3947} INFO - Setting next_dagrun for fin_ratio_v2 to 2026-04-01 00:00:00+00:00, run_after=2026-05-01 00:00:00+00:00
[2026-04-30T14:33:38.953+0000] {processor.py:183} INFO - Processing /opt/airflow/dags/dl_fin_ratio_v2.py took 0.095 seconds
[2026-04-30T14:34:09.505+0000] {processor.py:161} INFO - Started process (PID=3834) to work on /opt/airflow/dags/dl_fin_ratio_v2.py
[2026-04-30T14:34:09.506+0000] {processor.py:830} INFO - Processing file /opt/airflow/dags/dl_fin_ratio_v2.py for tasks to queue
[2026-04-30T14:34:09.508+0000] {logging_mixin.py:188} INFO - [2026-04-30T14:34:09.508+0000] {dagbag.py:545} INFO - Filling up the DagBag from /opt/airflow/dags/dl_fin_ratio_v2.py
[2026-04-30T14:34:09.537+0000] {processor.py:840} INFO - DAG(s) 'fin_ratio_v2' retrieved from /opt/airflow/dags/dl_fin_ratio_v2.py
[2026-04-30T14:34:09.551+0000] {logging_mixin.py:188} INFO - [2026-04-30T14:34:09.551+0000] {dag.py:3089} INFO - Sync 1 DAGs
[2026-04-30T14:34:09.569+0000] {logging_mixin.py:188} INFO - [2026-04-30T14:34:09.569+0000] {dag.py:3947} INFO - Setting next_dagrun for fin_ratio_v2 to 2026-04-01 00:00:00+00:00, run_after=2026-05-01 00:00:00+00:00
[2026-04-30T14:34:09.585+0000] {processor.py:183} INFO - Processing /opt/airflow/dags/dl_fin_ratio_v2.py took 0.086 seconds
[2026-04-30T14:34:39.919+0000] {processor.py:161} INFO - Started process (PID=3859) to work on /opt/airflow/dags/dl_fin_ratio_v2.py
[2026-04-30T14:34:39.920+0000] {processor.py:830} INFO - Processing file /opt/airflow/dags/dl_fin_ratio_v2.py for tasks to queue
[2026-04-30T14:34:39.922+0000] {logging_mixin.py:188} INFO - [2026-04-30T14:34:39.922+0000] {dagbag.py:545} INFO - Filling up the DagBag from /opt/airflow/dags/dl_fin_ratio_v2.py
[2026-04-30T14:34:39.952+0000] {processor.py:840} INFO - DAG(s) 'fin_ratio_v2' retrieved from /opt/airflow/dags/dl_fin_ratio_v2.py
[2026-04-30T14:34:39.965+0000] {logging_mixin.py:188} INFO - [2026-04-30T14:34:39.964+0000] {dag.py:3089} INFO - Sync 1 DAGs
[2026-04-30T14:34:39.984+0000] {logging_mixin.py:188} INFO - [2026-04-30T14:34:39.984+0000] {dag.py:3947} INFO - Setting next_dagrun for fin_ratio_v2 to 2026-04-01 00:00:00+00:00, run_after=2026-05-01 00:00:00+00:00
[2026-04-30T14:34:40.002+0000] {processor.py:183} INFO - Processing /opt/airflow/dags/dl_fin_ratio_v2.py took 0.088 seconds
[2026-04-30T14:35:10.451+0000] {processor.py:161} INFO - Started process (PID=3884) to work on /opt/airflow/dags/dl_fin_ratio_v2.py
[2026-04-30T14:35:10.452+0000] {processor.py:830} INFO - Processing file /opt/airflow/dags/dl_fin_ratio_v2.py for tasks to queue
[2026-04-30T14:35:10.455+0000] {logging_mixin.py:188} INFO - [2026-04-30T14:35:10.455+0000] {dagbag.py:545} INFO - Filling up the DagBag from /opt/airflow/dags/dl_fin_ratio_v2.py
[2026-04-30T14:35:10.491+0000] {processor.py:840} INFO - DAG(s) 'fin_ratio_v2' retrieved from /opt/airflow/dags/dl_fin_ratio_v2.py
[2026-04-30T14:35:10.504+0000] {logging_mixin.py:188} INFO - [2026-04-30T14:35:10.504+0000] {dag.py:3089} INFO - Sync 1 DAGs
[2026-04-30T14:35:10.523+0000] {logging_mixin.py:188} INFO - [2026-04-30T14:35:10.523+0000] {dag.py:3947} INFO - Setting next_dagrun for fin_ratio_v2 to 2026-04-01 00:00:00+00:00, run_after=2026-05-01 00:00:00+00:00
[2026-04-30T14:35:10.539+0000] {processor.py:183} INFO - Processing /opt/airflow/dags/dl_fin_ratio_v2.py took 0.096 seconds
[2026-04-30T14:35:40.857+0000] {processor.py:161} INFO - Started process (PID=3909) to work on /opt/airflow/dags/dl_fin_ratio_v2.py
[2026-04-30T14:35:40.857+0000] {processor.py:830} INFO - Processing file /opt/airflow/dags/dl_fin_ratio_v2.py for tasks to queue
[2026-04-30T14:35:40.860+0000] {logging_mixin.py:188} INFO - [2026-04-30T14:35:40.859+0000] {dagbag.py:545} INFO - Filling up the DagBag from /opt/airflow/dags/dl_fin_ratio_v2.py
[2026-04-30T14:35:40.895+0000] {processor.py:840} INFO - DAG(s) 'fin_ratio_v2' retrieved from /opt/airflow/dags/dl_fin_ratio_v2.py
[2026-04-30T14:35:40.912+0000] {logging_mixin.py:188} INFO - [2026-04-30T14:35:40.912+0000] {dag.py:3089} INFO - Sync 1 DAGs
[2026-04-30T14:35:40.934+0000] {logging_mixin.py:188} INFO - [2026-04-30T14:35:40.934+0000] {dag.py:3947} INFO - Setting next_dagrun for fin_ratio_v2 to 2026-04-01 00:00:00+00:00, run_after=2026-05-01 00:00:00+00:00
[2026-04-30T14:35:40.952+0000] {processor.py:183} INFO - Processing /opt/airflow/dags/dl_fin_ratio_v2.py took 0.100 seconds
[2026-04-30T14:36:11.359+0000] {processor.py:161} INFO - Started process (PID=3934) to work on /opt/airflow/dags/dl_fin_ratio_v2.py
[2026-04-30T14:36:11.360+0000] {processor.py:830} INFO - Processing file /opt/airflow/dags/dl_fin_ratio_v2.py for tasks to queue
[2026-04-30T14:36:11.362+0000] {logging_mixin.py:188} INFO - [2026-04-30T14:36:11.361+0000] {dagbag.py:545} INFO - Filling up the DagBag from /opt/airflow/dags/dl_fin_ratio_v2.py
[2026-04-30T14:36:11.392+0000] {processor.py:840} INFO - DAG(s) 'fin_ratio_v2' retrieved from /opt/airflow/dags/dl_fin_ratio_v2.py
[2026-04-30T14:36:11.408+0000] {logging_mixin.py:188} INFO - [2026-04-30T14:36:11.408+0000] {dag.py:3089} INFO - Sync 1 DAGs
[2026-04-30T14:36:11.430+0000] {logging_mixin.py:188} INFO - [2026-04-30T14:36:11.430+0000] {dag.py:3947} INFO - Setting next_dagrun for fin_ratio_v2 to 2026-04-01 00:00:00+00:00, run_after=2026-05-01 00:00:00+00:00
[2026-04-30T14:36:11.449+0000] {processor.py:183} INFO - Processing /opt/airflow/dags/dl_fin_ratio_v2.py took 0.094 seconds
[2026-04-30T14:36:41.790+0000] {processor.py:161} INFO - Started process (PID=3959) to work on /opt/airflow/dags/dl_fin_ratio_v2.py
[2026-04-30T14:36:41.790+0000] {processor.py:830} INFO - Processing file /opt/airflow/dags/dl_fin_ratio_v2.py for tasks to queue
[2026-04-30T14:36:41.792+0000] {logging_mixin.py:188} INFO - [2026-04-30T14:36:41.792+0000] {dagbag.py:545} INFO - Filling up the DagBag from /opt/airflow/dags/dl_fin_ratio_v2.py
[2026-04-30T14:36:41.824+0000] {processor.py:840} INFO - DAG(s) 'fin_ratio_v2' retrieved from /opt/airflow/dags/dl_fin_ratio_v2.py
[2026-04-30T14:36:41.840+0000] {logging_mixin.py:188} INFO - [2026-04-30T14:36:41.840+0000] {dag.py:3089} INFO - Sync 1 DAGs
[2026-04-30T14:36:41.862+0000] {logging_mixin.py:188} INFO - [2026-04-30T14:36:41.862+0000] {dag.py:3947} INFO - Setting next_dagrun for fin_ratio_v2 to 2026-04-01 00:00:00+00:00, run_after=2026-05-01 00:00:00+00:00
[2026-04-30T14:36:41.879+0000] {processor.py:183} INFO - Processing /opt/airflow/dags/dl_fin_ratio_v2.py took 0.095 seconds
[2026-04-30T14:37:12.482+0000] {processor.py:161} INFO - Started process (PID=3984) to work on /opt/airflow/dags/dl_fin_ratio_v2.py
[2026-04-30T14:37:12.483+0000] {processor.py:830} INFO - Processing file /opt/airflow/dags/dl_fin_ratio_v2.py for tasks to queue
[2026-04-30T14:37:12.485+0000] {logging_mixin.py:188} INFO - [2026-04-30T14:37:12.485+0000] {dagbag.py:545} INFO - Filling up the DagBag from /opt/airflow/dags/dl_fin_ratio_v2.py
[2026-04-30T14:37:12.516+0000] {processor.py:840} INFO - DAG(s) 'fin_ratio_v2' retrieved from /opt/airflow/dags/dl_fin_ratio_v2.py
[2026-04-30T14:37:12.531+0000] {logging_mixin.py:188} INFO - [2026-04-30T14:37:12.531+0000] {dag.py:3089} INFO - Sync 1 DAGs
[2026-04-30T14:37:12.551+0000] {logging_mixin.py:188} INFO - [2026-04-30T14:37:12.551+0000] {dag.py:3947} INFO - Setting next_dagrun for fin_ratio_v2 to 2026-04-01 00:00:00+00:00, run_after=2026-05-01 00:00:00+00:00
[2026-04-30T14:37:12.570+0000] {processor.py:183} INFO - Processing /opt/airflow/dags/dl_fin_ratio_v2.py took 0.093 seconds
[2026-04-30T14:37:42.781+0000] {processor.py:161} INFO - Started process (PID=4009) to work on /opt/airflow/dags/dl_fin_ratio_v2.py
[2026-04-30T14:37:42.781+0000] {processor.py:830} INFO - Processing file /opt/airflow/dags/dl_fin_ratio_v2.py for tasks to queue
[2026-04-30T14:37:42.784+0000] {logging_mixin.py:188} INFO - [2026-04-30T14:37:42.783+0000] {dagbag.py:545} INFO - Filling up the DagBag from /opt/airflow/dags/dl_fin_ratio_v2.py
[2026-04-30T14:37:42.815+0000] {processor.py:840} INFO - DAG(s) 'fin_ratio_v2' retrieved from /opt/airflow/dags/dl_fin_ratio_v2.py
[2026-04-30T14:37:42.829+0000] {logging_mixin.py:188} INFO - [2026-04-30T14:37:42.829+0000] {dag.py:3089} INFO - Sync 1 DAGs
[2026-04-30T14:37:42.849+0000] {logging_mixin.py:188} INFO - [2026-04-30T14:37:42.849+0000] {dag.py:3947} INFO - Setting next_dagrun for fin_ratio_v2 to 2026-04-01 00:00:00+00:00, run_after=2026-05-01 00:00:00+00:00
[2026-04-30T14:37:42.867+0000] {processor.py:183} INFO - Processing /opt/airflow/dags/dl_fin_ratio_v2.py took 0.093 seconds
[2026-04-30T14:38:13.631+0000] {processor.py:161} INFO - Started process (PID=4035) to work on /opt/airflow/dags/dl_fin_ratio_v2.py
[2026-04-30T14:38:13.632+0000] {processor.py:830} INFO - Processing file /opt/airflow/dags/dl_fin_ratio_v2.py for tasks to queue
[2026-04-30T14:38:13.634+0000] {logging_mixin.py:188} INFO - [2026-04-30T14:38:13.634+0000] {dagbag.py:545} INFO - Filling up the DagBag from /opt/airflow/dags/dl_fin_ratio_v2.py
[2026-04-30T14:38:13.662+0000] {processor.py:840} INFO - DAG(s) 'fin_ratio_v2' retrieved from /opt/airflow/dags/dl_fin_ratio_v2.py
[2026-04-30T14:38:13.676+0000] {logging_mixin.py:188} INFO - [2026-04-30T14:38:13.676+0000] {dag.py:3089} INFO - Sync 1 DAGs
[2026-04-30T14:38:13.697+0000] {logging_mixin.py:188} INFO - [2026-04-30T14:38:13.697+0000] {dag.py:3947} INFO - Setting next_dagrun for fin_ratio_v2 to 2026-04-01 00:00:00+00:00, run_after=2026-05-01 00:00:00+00:00
[2026-04-30T14:38:13.720+0000] {processor.py:183} INFO - Processing /opt/airflow/dags/dl_fin_ratio_v2.py took 0.093 seconds
[2026-04-30T14:38:44.054+0000] {processor.py:161} INFO - Started process (PID=4060) to work on /opt/airflow/dags/dl_fin_ratio_v2.py
[2026-04-30T14:38:44.055+0000] {processor.py:830} INFO - Processing file /opt/airflow/dags/dl_fin_ratio_v2.py for tasks to queue
[2026-04-30T14:38:44.058+0000] {logging_mixin.py:188} INFO - [2026-04-30T14:38:44.058+0000] {dagbag.py:545} INFO - Filling up the DagBag from /opt/airflow/dags/dl_fin_ratio_v2.py
[2026-04-30T14:38:44.091+0000] {processor.py:840} INFO - DAG(s) 'fin_ratio_v2' retrieved from /opt/airflow/dags/dl_fin_ratio_v2.py
[2026-04-30T14:38:44.105+0000] {logging_mixin.py:188} INFO - [2026-04-30T14:38:44.104+0000] {dag.py:3089} INFO - Sync 1 DAGs
[2026-04-30T14:38:44.124+0000] {logging_mixin.py:188} INFO - [2026-04-30T14:38:44.124+0000] {dag.py:3947} INFO - Setting next_dagrun for fin_ratio_v2 to 2026-04-01 00:00:00+00:00, run_after=2026-05-01 00:00:00+00:00
[2026-04-30T14:38:44.143+0000] {processor.py:183} INFO - Processing /opt/airflow/dags/dl_fin_ratio_v2.py took 0.096 seconds
[2026-04-30T14:39:14.554+0000] {processor.py:161} INFO - Started process (PID=4085) to work on /opt/airflow/dags/dl_fin_ratio_v2.py
[2026-04-30T14:39:14.554+0000] {processor.py:830} INFO - Processing file /opt/airflow/dags/dl_fin_ratio_v2.py for tasks to queue
[2026-04-30T14:39:14.556+0000] {logging_mixin.py:188} INFO - [2026-04-30T14:39:14.556+0000] {dagbag.py:545} INFO - Filling up the DagBag from /opt/airflow/dags/dl_fin_ratio_v2.py
[2026-04-30T14:39:14.587+0000] {processor.py:840} INFO - DAG(s) 'fin_ratio_v2' retrieved from /opt/airflow/dags/dl_fin_ratio_v2.py
[2026-04-30T14:39:14.602+0000] {logging_mixin.py:188} INFO - [2026-04-30T14:39:14.601+0000] {dag.py:3089} INFO - Sync 1 DAGs
[2026-04-30T14:39:14.621+0000] {logging_mixin.py:188} INFO - [2026-04-30T14:39:14.621+0000] {dag.py:3947} INFO - Setting next_dagrun for fin_ratio_v2 to 2026-04-01 00:00:00+00:00, run_after=2026-05-01 00:00:00+00:00
[2026-04-30T14:39:14.640+0000] {processor.py:183} INFO - Processing /opt/airflow/dags/dl_fin_ratio_v2.py took 0.091 seconds
[2026-04-30T14:39:45.001+0000] {processor.py:161} INFO - Started process (PID=4110) to work on /opt/airflow/dags/dl_fin_ratio_v2.py
[2026-04-30T14:39:45.002+0000] {processor.py:830} INFO - Processing file /opt/airflow/dags/dl_fin_ratio_v2.py for tasks to queue
[2026-04-30T14:39:45.004+0000] {logging_mixin.py:188} INFO - [2026-04-30T14:39:45.003+0000] {dagbag.py:545} INFO - Filling up the DagBag from /opt/airflow/dags/dl_fin_ratio_v2.py
[2026-04-30T14:39:45.036+0000] {processor.py:840} INFO - DAG(s) 'fin_ratio_v2' retrieved from /opt/airflow/dags/dl_fin_ratio_v2.py
[2026-04-30T14:39:45.049+0000] {logging_mixin.py:188} INFO - [2026-04-30T14:39:45.049+0000] {dag.py:3089} INFO - Sync 1 DAGs
[2026-04-30T14:39:45.068+0000] {logging_mixin.py:188} INFO - [2026-04-30T14:39:45.068+0000] {dag.py:3947} INFO - Setting next_dagrun for fin_ratio_v2 to 2026-04-01 00:00:00+00:00, run_after=2026-05-01 00:00:00+00:00
[2026-04-30T14:39:45.086+0000] {processor.py:183} INFO - Processing /opt/airflow/dags/dl_fin_ratio_v2.py took 0.090 seconds
[2026-04-30T14:40:15.513+0000] {processor.py:161} INFO - Started process (PID=4135) to work on /opt/airflow/dags/dl_fin_ratio_v2.py
[2026-04-30T14:40:15.514+0000] {processor.py:830} INFO - Processing file /opt/airflow/dags/dl_fin_ratio_v2.py for tasks to queue
[2026-04-30T14:40:15.516+0000] {logging_mixin.py:188} INFO - [2026-04-30T14:40:15.516+0000] {dagbag.py:545} INFO - Filling up the DagBag from /opt/airflow/dags/dl_fin_ratio_v2.py
[2026-04-30T14:40:15.546+0000] {processor.py:840} INFO - DAG(s) 'fin_ratio_v2' retrieved from /opt/airflow/dags/dl_fin_ratio_v2.py
[2026-04-30T14:40:15.559+0000] {logging_mixin.py:188} INFO - [2026-04-30T14:40:15.559+0000] {dag.py:3089} INFO - Sync 1 DAGs
[2026-04-30T14:40:15.577+0000] {logging_mixin.py:188} INFO - [2026-04-30T14:40:15.577+0000] {dag.py:3947} INFO - Setting next_dagrun for fin_ratio_v2 to 2026-04-01 00:00:00+00:00, run_after=2026-05-01 00:00:00+00:00
[2026-04-30T14:40:15.594+0000] {processor.py:183} INFO - Processing /opt/airflow/dags/dl_fin_ratio_v2.py took 0.085 seconds
[2026-04-30T14:40:46.012+0000] {processor.py:161} INFO - Started process (PID=4160) to work on /opt/airflow/dags/dl_fin_ratio_v2.py
[2026-04-30T14:40:46.013+0000] {processor.py:830} INFO - Processing file /opt/airflow/dags/dl_fin_ratio_v2.py for tasks to queue
[2026-04-30T14:40:46.015+0000] {logging_mixin.py:188} INFO - [2026-04-30T14:40:46.014+0000] {dagbag.py:545} INFO - Filling up the DagBag from /opt/airflow/dags/dl_fin_ratio_v2.py
[2026-04-30T14:40:46.046+0000] {processor.py:840} INFO - DAG(s) 'fin_ratio_v2' retrieved from /opt/airflow/dags/dl_fin_ratio_v2.py
[2026-04-30T14:40:46.060+0000] {logging_mixin.py:188} INFO - [2026-04-30T14:40:46.060+0000] {dag.py:3089} INFO - Sync 1 DAGs
[2026-04-30T14:40:46.081+0000] {logging_mixin.py:188} INFO - [2026-04-30T14:40:46.081+0000] {dag.py:3947} INFO - Setting next_dagrun for fin_ratio_v2 to 2026-04-01 00:00:00+00:00, run_after=2026-05-01 00:00:00+00:00
[2026-04-30T14:40:46.100+0000] {processor.py:183} INFO - Processing /opt/airflow/dags/dl_fin_ratio_v2.py took 0.093 seconds
[2026-04-30T14:41:16.740+0000] {processor.py:161} INFO - Started process (PID=4185) to work on /opt/airflow/dags/dl_fin_ratio_v2.py
[2026-04-30T14:41:16.740+0000] {processor.py:830} INFO - Processing file /opt/airflow/dags/dl_fin_ratio_v2.py for tasks to queue
[2026-04-30T14:41:16.742+0000] {logging_mixin.py:188} INFO - [2026-04-30T14:41:16.742+0000] {dagbag.py:545} INFO - Filling up the DagBag from /opt/airflow/dags/dl_fin_ratio_v2.py
[2026-04-30T14:41:16.769+0000] {processor.py:840} INFO - DAG(s) 'fin_ratio_v2' retrieved from /opt/airflow/dags/dl_fin_ratio_v2.py
[2026-04-30T14:41:16.783+0000] {logging_mixin.py:188} INFO - [2026-04-30T14:41:16.783+0000] {dag.py:3089} INFO - Sync 1 DAGs
[2026-04-30T14:41:16.801+0000] {logging_mixin.py:188} INFO - [2026-04-30T14:41:16.801+0000] {dag.py:3947} INFO - Setting next_dagrun for fin_ratio_v2 to 2026-04-01 00:00:00+00:00, run_after=2026-05-01 00:00:00+00:00
[2026-04-30T14:41:16.818+0000] {processor.py:183} INFO - Processing /opt/airflow/dags/dl_fin_ratio_v2.py took 0.086 seconds
[2026-04-30T14:41:47.279+0000] {processor.py:161} INFO - Started process (PID=4210) to work on /opt/airflow/dags/dl_fin_ratio_v2.py
[2026-04-30T14:41:47.280+0000] {processor.py:830} INFO - Processing file /opt/airflow/dags/dl_fin_ratio_v2.py for tasks to queue
[2026-04-30T14:41:47.283+0000] {logging_mixin.py:188} INFO - [2026-04-30T14:41:47.282+0000] {dagbag.py:545} INFO - Filling up the DagBag from /opt/airflow/dags/dl_fin_ratio_v2.py
[2026-04-30T14:41:47.316+0000] {processor.py:840} INFO - DAG(s) 'fin_ratio_v2' retrieved from /opt/airflow/dags/dl_fin_ratio_v2.py
[2026-04-30T14:41:47.333+0000] {logging_mixin.py:188} INFO - [2026-04-30T14:41:47.333+0000] {dag.py:3089} INFO - Sync 1 DAGs
[2026-04-30T14:41:47.354+0000] {logging_mixin.py:188} INFO - [2026-04-30T14:41:47.354+0000] {dag.py:3947} INFO - Setting next_dagrun for fin_ratio_v2 to 2026-04-01 00:00:00+00:00, run_after=2026-05-01 00:00:00+00:00
[2026-04-30T14:41:47.374+0000] {processor.py:183} INFO - Processing /opt/airflow/dags/dl_fin_ratio_v2.py took 0.103 seconds
[2026-04-30T14:42:17.786+0000] {processor.py:161} INFO - Started process (PID=4235) to work on /opt/airflow/dags/dl_fin_ratio_v2.py
[2026-04-30T14:42:17.787+0000] {processor.py:830} INFO - Processing file /opt/airflow/dags/dl_fin_ratio_v2.py for tasks to queue
[2026-04-30T14:42:17.789+0000] {logging_mixin.py:188} INFO - [2026-04-30T14:42:17.789+0000] {dagbag.py:545} INFO - Filling up the DagBag from /opt/airflow/dags/dl_fin_ratio_v2.py
[2026-04-30T14:42:17.822+0000] {processor.py:840} INFO - DAG(s) 'fin_ratio_v2' retrieved from /opt/airflow/dags/dl_fin_ratio_v2.py
[2026-04-30T14:42:17.837+0000] {logging_mixin.py:188} INFO - [2026-04-30T14:42:17.837+0000] {dag.py:3089} INFO - Sync 1 DAGs
[2026-04-30T14:42:17.859+0000] {logging_mixin.py:188} INFO - [2026-04-30T14:42:17.859+0000] {dag.py:3947} INFO - Setting next_dagrun for fin_ratio_v2 to 2026-04-01 00:00:00+00:00, run_after=2026-05-01 00:00:00+00:00
[2026-04-30T14:42:17.880+0000] {processor.py:183} INFO - Processing /opt/airflow/dags/dl_fin_ratio_v2.py took 0.098 seconds
[2026-04-30T14:42:48.485+0000] {processor.py:161} INFO - Started process (PID=4260) to work on /opt/airflow/dags/dl_fin_ratio_v2.py
[2026-04-30T14:42:48.486+0000] {processor.py:830} INFO - Processing file /opt/airflow/dags/dl_fin_ratio_v2.py for tasks to queue
[2026-04-30T14:42:48.488+0000] {logging_mixin.py:188} INFO - [2026-04-30T14:42:48.488+0000] {dagbag.py:545} INFO - Filling up the DagBag from /opt/airflow/dags/dl_fin_ratio_v2.py
[2026-04-30T14:42:48.521+0000] {processor.py:840} INFO - DAG(s) 'fin_ratio_v2' retrieved from /opt/airflow/dags/dl_fin_ratio_v2.py
[2026-04-30T14:42:48.536+0000] {logging_mixin.py:188} INFO - [2026-04-30T14:42:48.535+0000] {dag.py:3089} INFO - Sync 1 DAGs
[2026-04-30T14:42:48.554+0000] {logging_mixin.py:188} INFO - [2026-04-30T14:42:48.554+0000] {dag.py:3947} INFO - Setting next_dagrun for fin_ratio_v2 to 2026-04-01 00:00:00+00:00, run_after=2026-05-01 00:00:00+00:00
[2026-04-30T14:42:48.570+0000] {processor.py:183} INFO - Processing /opt/airflow/dags/dl_fin_ratio_v2.py took 0.090 seconds
[2026-04-30T14:43:18.987+0000] {processor.py:161} INFO - Started process (PID=4291) to work on /opt/airflow/dags/dl_fin_ratio_v2.py
[2026-04-30T14:43:18.987+0000] {processor.py:830} INFO - Processing file /opt/airflow/dags/dl_fin_ratio_v2.py for tasks to queue
[2026-04-30T14:43:18.990+0000] {logging_mixin.py:188} INFO - [2026-04-30T14:43:18.989+0000] {dagbag.py:545} INFO - Filling up the DagBag from /opt/airflow/dags/dl_fin_ratio_v2.py
[2026-04-30T14:43:19.024+0000] {processor.py:840} INFO - DAG(s) 'fin_ratio_v2' retrieved from /opt/airflow/dags/dl_fin_ratio_v2.py
[2026-04-30T14:43:19.037+0000] {logging_mixin.py:188} INFO - [2026-04-30T14:43:19.037+0000] {dag.py:3089} INFO - Sync 1 DAGs
[2026-04-30T14:43:19.057+0000] {logging_mixin.py:188} INFO - [2026-04-30T14:43:19.057+0000] {dag.py:3947} INFO - Setting next_dagrun for fin_ratio_v2 to 2026-04-01 00:00:00+00:00, run_after=2026-05-01 00:00:00+00:00
[2026-04-30T14:43:19.075+0000] {processor.py:183} INFO - Processing /opt/airflow/dags/dl_fin_ratio_v2.py took 0.093 seconds
[2026-04-30T14:43:49.519+0000] {processor.py:161} INFO - Started process (PID=4317) to work on /opt/airflow/dags/dl_fin_ratio_v2.py
[2026-04-30T14:43:49.520+0000] {processor.py:830} INFO - Processing file /opt/airflow/dags/dl_fin_ratio_v2.py for tasks to queue
[2026-04-30T14:43:49.523+0000] {logging_mixin.py:188} INFO - [2026-04-30T14:43:49.522+0000] {dagbag.py:545} INFO - Filling up the DagBag from /opt/airflow/dags/dl_fin_ratio_v2.py
[2026-04-30T14:43:49.553+0000] {processor.py:840} INFO - DAG(s) 'fin_ratio_v2' retrieved from /opt/airflow/dags/dl_fin_ratio_v2.py
[2026-04-30T14:43:49.567+0000] {logging_mixin.py:188} INFO - [2026-04-30T14:43:49.566+0000] {dag.py:3089} INFO - Sync 1 DAGs
[2026-04-30T14:43:49.586+0000] {logging_mixin.py:188} INFO - [2026-04-30T14:43:49.586+0000] {dag.py:3947} INFO - Setting next_dagrun for fin_ratio_v2 to 2026-04-01 00:00:00+00:00, run_after=2026-05-01 00:00:00+00:00
[2026-04-30T14:43:49.602+0000] {processor.py:183} INFO - Processing /opt/airflow/dags/dl_fin_ratio_v2.py took 0.088 seconds
[2026-04-30T14:44:20.030+0000] {processor.py:161} INFO - Started process (PID=4342) to work on /opt/airflow/dags/dl_fin_ratio_v2.py
[2026-04-30T14:44:20.031+0000] {processor.py:830} INFO - Processing file /opt/airflow/dags/dl_fin_ratio_v2.py for tasks to queue
[2026-04-30T14:44:20.033+0000] {logging_mixin.py:188} INFO - [2026-04-30T14:44:20.033+0000] {dagbag.py:545} INFO - Filling up the DagBag from /opt/airflow/dags/dl_fin_ratio_v2.py
[2026-04-30T14:44:20.064+0000] {processor.py:840} INFO - DAG(s) 'fin_ratio_v2' retrieved from /opt/airflow/dags/dl_fin_ratio_v2.py
[2026-04-30T14:44:20.077+0000] {logging_mixin.py:188} INFO - [2026-04-30T14:44:20.077+0000] {dag.py:3089} INFO - Sync 1 DAGs
[2026-04-30T14:44:20.096+0000] {logging_mixin.py:188} INFO - [2026-04-30T14:44:20.096+0000] {dag.py:3947} INFO - Setting next_dagrun for fin_ratio_v2 to 2026-04-01 00:00:00+00:00, run_after=2026-05-01 00:00:00+00:00
[2026-04-30T14:44:20.112+0000] {processor.py:183} INFO - Processing /opt/airflow/dags/dl_fin_ratio_v2.py took 0.087 seconds
[2026-04-30T14:44:50.540+0000] {processor.py:161} INFO - Started process (PID=4367) to work on /opt/airflow/dags/dl_fin_ratio_v2.py
[2026-04-30T14:44:50.541+0000] {processor.py:830} INFO - Processing file /opt/airflow/dags/dl_fin_ratio_v2.py for tasks to queue
[2026-04-30T14:44:50.543+0000] {logging_mixin.py:188} INFO - [2026-04-30T14:44:50.542+0000] {dagbag.py:545} INFO - Filling up the DagBag from /opt/airflow/dags/dl_fin_ratio_v2.py
[2026-04-30T14:44:50.573+0000] {processor.py:840} INFO - DAG(s) 'fin_ratio_v2' retrieved from /opt/airflow/dags/dl_fin_ratio_v2.py
[2026-04-30T14:44:50.587+0000] {logging_mixin.py:188} INFO - [2026-04-30T14:44:50.586+0000] {dag.py:3089} INFO - Sync 1 DAGs
[2026-04-30T14:44:50.605+0000] {logging_mixin.py:188} INFO - [2026-04-30T14:44:50.605+0000] {dag.py:3947} INFO - Setting next_dagrun for fin_ratio_v2 to 2026-04-01 00:00:00+00:00, run_after=2026-05-01 00:00:00+00:00
[2026-04-30T14:44:50.621+0000] {processor.py:183} INFO - Processing /opt/airflow/dags/dl_fin_ratio_v2.py took 0.087 seconds
[2026-04-30T14:45:20.961+0000] {processor.py:161} INFO - Started process (PID=4392) to work on /opt/airflow/dags/dl_fin_ratio_v2.py
[2026-04-30T14:45:20.962+0000] {processor.py:830} INFO - Processing file /opt/airflow/dags/dl_fin_ratio_v2.py for tasks to queue
[2026-04-30T14:45:20.965+0000] {logging_mixin.py:188} INFO - [2026-04-30T14:45:20.965+0000] {dagbag.py:545} INFO - Filling up the DagBag from /opt/airflow/dags/dl_fin_ratio_v2.py
[2026-04-30T14:45:21.001+0000] {processor.py:840} INFO - DAG(s) 'fin_ratio_v2' retrieved from /opt/airflow/dags/dl_fin_ratio_v2.py
[2026-04-30T14:45:21.017+0000] {logging_mixin.py:188} INFO - [2026-04-30T14:45:21.016+0000] {dag.py:3089} INFO - Sync 1 DAGs
[2026-04-30T14:45:21.038+0000] {logging_mixin.py:188} INFO - [2026-04-30T14:45:21.038+0000] {dag.py:3947} INFO - Setting next_dagrun for fin_ratio_v2 to 2026-04-01 00:00:00+00:00, run_after=2026-05-01 00:00:00+00:00
[2026-04-30T14:45:21.057+0000] {processor.py:183} INFO - Processing /opt/airflow/dags/dl_fin_ratio_v2.py took 0.104 seconds
[2026-04-30T14:45:51.413+0000] {processor.py:161} INFO - Started process (PID=4417) to work on /opt/airflow/dags/dl_fin_ratio_v2.py
[2026-04-30T14:45:51.413+0000] {processor.py:830} INFO - Processing file /opt/airflow/dags/dl_fin_ratio_v2.py for tasks to queue
[2026-04-30T14:45:51.416+0000] {logging_mixin.py:188} INFO - [2026-04-30T14:45:51.415+0000] {dagbag.py:545} INFO - Filling up the DagBag from /opt/airflow/dags/dl_fin_ratio_v2.py
[2026-04-30T14:45:51.453+0000] {processor.py:840} INFO - DAG(s) 'fin_ratio_v2' retrieved from /opt/airflow/dags/dl_fin_ratio_v2.py
[2026-04-30T14:45:51.468+0000] {logging_mixin.py:188} INFO - [2026-04-30T14:45:51.467+0000] {dag.py:3089} INFO - Sync 1 DAGs
[2026-04-30T14:45:51.489+0000] {logging_mixin.py:188} INFO - [2026-04-30T14:45:51.489+0000] {dag.py:3947} INFO - Setting next_dagrun for fin_ratio_v2 to 2026-04-01 00:00:00+00:00, run_after=2026-05-01 00:00:00+00:00
[2026-04-30T14:45:51.508+0000] {processor.py:183} INFO - Processing /opt/airflow/dags/dl_fin_ratio_v2.py took 0.101 seconds
[2026-04-30T14:46:21.932+0000] {processor.py:161} INFO - Started process (PID=4442) to work on /opt/airflow/dags/dl_fin_ratio_v2.py
[2026-04-30T14:46:21.933+0000] {processor.py:830} INFO - Processing file /opt/airflow/dags/dl_fin_ratio_v2.py for tasks to queue
[2026-04-30T14:46:21.935+0000] {logging_mixin.py:188} INFO - [2026-04-30T14:46:21.935+0000] {dagbag.py:545} INFO - Filling up the DagBag from /opt/airflow/dags/dl_fin_ratio_v2.py
[2026-04-30T14:46:21.968+0000] {processor.py:840} INFO - DAG(s) 'fin_ratio_v2' retrieved from /opt/airflow/dags/dl_fin_ratio_v2.py
[2026-04-30T14:46:21.982+0000] {logging_mixin.py:188} INFO - [2026-04-30T14:46:21.981+0000] {dag.py:3089} INFO - Sync 1 DAGs
[2026-04-30T14:46:22.002+0000] {logging_mixin.py:188} INFO - [2026-04-30T14:46:22.002+0000] {dag.py:3947} INFO - Setting next_dagrun for fin_ratio_v2 to 2026-04-01 00:00:00+00:00, run_after=2026-05-01 00:00:00+00:00
[2026-04-30T14:46:22.020+0000] {processor.py:183} INFO - Processing /opt/airflow/dags/dl_fin_ratio_v2.py took 0.093 seconds
[2026-04-30T14:46:52.356+0000] {processor.py:161} INFO - Started process (PID=4467) to work on /opt/airflow/dags/dl_fin_ratio_v2.py
[2026-04-30T14:46:52.356+0000] {processor.py:830} INFO - Processing file /opt/airflow/dags/dl_fin_ratio_v2.py for tasks to queue
[2026-04-30T14:46:52.358+0000] {logging_mixin.py:188} INFO - [2026-04-30T14:46:52.358+0000] {dagbag.py:545} INFO - Filling up the DagBag from /opt/airflow/dags/dl_fin_ratio_v2.py
[2026-04-30T14:46:52.390+0000] {processor.py:840} INFO - DAG(s) 'fin_ratio_v2' retrieved from /opt/airflow/dags/dl_fin_ratio_v2.py
[2026-04-30T14:46:52.403+0000] {logging_mixin.py:188} INFO - [2026-04-30T14:46:52.403+0000] {dag.py:3089} INFO - Sync 1 DAGs
[2026-04-30T14:46:52.424+0000] {logging_mixin.py:188} INFO - [2026-04-30T14:46:52.424+0000] {dag.py:3947} INFO - Setting next_dagrun for fin_ratio_v2 to 2026-04-01 00:00:00+00:00, run_after=2026-05-01 00:00:00+00:00
[2026-04-30T14:46:52.441+0000] {processor.py:183} INFO - Processing /opt/airflow/dags/dl_fin_ratio_v2.py took 0.091 seconds
[2026-04-30T14:47:22.949+0000] {processor.py:161} INFO - Started process (PID=4492) to work on /opt/airflow/dags/dl_fin_ratio_v2.py
[2026-04-30T14:47:22.950+0000] {processor.py:830} INFO - Processing file /opt/airflow/dags/dl_fin_ratio_v2.py for tasks to queue
[2026-04-30T14:47:22.951+0000] {logging_mixin.py:188} INFO - [2026-04-30T14:47:22.951+0000] {dagbag.py:545} INFO - Filling up the DagBag from /opt/airflow/dags/dl_fin_ratio_v2.py
[2026-04-30T14:47:22.983+0000] {processor.py:840} INFO - DAG(s) 'fin_ratio_v2' retrieved from /opt/airflow/dags/dl_fin_ratio_v2.py
[2026-04-30T14:47:22.995+0000] {logging_mixin.py:188} INFO - [2026-04-30T14:47:22.995+0000] {dag.py:3089} INFO - Sync 1 DAGs
[2026-04-30T14:47:23.014+0000] {logging_mixin.py:188} INFO - [2026-04-30T14:47:23.014+0000] {dag.py:3947} INFO - Setting next_dagrun for fin_ratio_v2 to 2026-04-01 00:00:00+00:00, run_after=2026-05-01 00:00:00+00:00
[2026-04-30T14:47:23.030+0000] {processor.py:183} INFO - Processing /opt/airflow/dags/dl_fin_ratio_v2.py took 0.086 seconds
[2026-04-30T14:47:53.694+0000] {processor.py:161} INFO - Started process (PID=4517) to work on /opt/airflow/dags/dl_fin_ratio_v2.py
[2026-04-30T14:47:53.695+0000] {processor.py:830} INFO - Processing file /opt/airflow/dags/dl_fin_ratio_v2.py for tasks to queue
[2026-04-30T14:47:53.697+0000] {logging_mixin.py:188} INFO - [2026-04-30T14:47:53.697+0000] {dagbag.py:545} INFO - Filling up the DagBag from /opt/airflow/dags/dl_fin_ratio_v2.py
[2026-04-30T14:47:53.731+0000] {processor.py:840} INFO - DAG(s) 'fin_ratio_v2' retrieved from /opt/airflow/dags/dl_fin_ratio_v2.py
[2026-04-30T14:47:53.744+0000] {logging_mixin.py:188} INFO - [2026-04-30T14:47:53.744+0000] {dag.py:3089} INFO - Sync 1 DAGs
[2026-04-30T14:47:53.764+0000] {logging_mixin.py:188} INFO - [2026-04-30T14:47:53.763+0000] {dag.py:3947} INFO - Setting next_dagrun for fin_ratio_v2 to 2026-04-01 00:00:00+00:00, run_after=2026-05-01 00:00:00+00:00
[2026-04-30T14:47:53.780+0000] {processor.py:183} INFO - Processing /opt/airflow/dags/dl_fin_ratio_v2.py took 0.091 seconds
[2026-04-30T14:48:24.179+0000] {processor.py:161} INFO - Started process (PID=4542) to work on /opt/airflow/dags/dl_fin_ratio_v2.py
[2026-04-30T14:48:24.179+0000] {processor.py:830} INFO - Processing file /opt/airflow/dags/dl_fin_ratio_v2.py for tasks to queue
[2026-04-30T14:48:24.182+0000] {logging_mixin.py:188} INFO - [2026-04-30T14:48:24.182+0000] {dagbag.py:545} INFO - Filling up the DagBag from /opt/airflow/dags/dl_fin_ratio_v2.py
[2026-04-30T14:48:24.220+0000] {processor.py:840} INFO - DAG(s) 'fin_ratio_v2' retrieved from /opt/airflow/dags/dl_fin_ratio_v2.py
[2026-04-30T14:48:24.236+0000] {logging_mixin.py:188} INFO - [2026-04-30T14:48:24.236+0000] {dag.py:3089} INFO - Sync 1 DAGs
[2026-04-30T14:48:24.257+0000] {logging_mixin.py:188} INFO - [2026-04-30T14:48:24.257+0000] {dag.py:3947} INFO - Setting next_dagrun for fin_ratio_v2 to 2026-04-01 00:00:00+00:00, run_after=2026-05-01 00:00:00+00:00
[2026-04-30T14:48:24.275+0000] {processor.py:183} INFO - Processing /opt/airflow/dags/dl_fin_ratio_v2.py took 0.102 seconds
[2026-04-30T14:48:54.738+0000] {processor.py:161} INFO - Started process (PID=4567) to work on /opt/airflow/dags/dl_fin_ratio_v2.py
[2026-04-30T14:48:54.739+0000] {processor.py:830} INFO - Processing file /opt/airflow/dags/dl_fin_ratio_v2.py for tasks to queue
[2026-04-30T14:48:54.741+0000] {logging_mixin.py:188} INFO - [2026-04-30T14:48:54.741+0000] {dagbag.py:545} INFO - Filling up the DagBag from /opt/airflow/dags/dl_fin_ratio_v2.py
[2026-04-30T14:48:54.771+0000] {processor.py:840} INFO - DAG(s) 'fin_ratio_v2' retrieved from /opt/airflow/dags/dl_fin_ratio_v2.py
[2026-04-30T14:48:54.784+0000] {logging_mixin.py:188} INFO - [2026-04-30T14:48:54.784+0000] {dag.py:3089} INFO - Sync 1 DAGs
[2026-04-30T14:48:54.804+0000] {logging_mixin.py:188} INFO - [2026-04-30T14:48:54.804+0000] {dag.py:3947} INFO - Setting next_dagrun for fin_ratio_v2 to 2026-04-01 00:00:00+00:00, run_after=2026-05-01 00:00:00+00:00
[2026-04-30T14:48:54.822+0000] {processor.py:183} INFO - Processing /opt/airflow/dags/dl_fin_ratio_v2.py took 0.089 seconds
[2026-04-30T14:49:25.150+0000] {processor.py:161} INFO - Started process (PID=4592) to work on /opt/airflow/dags/dl_fin_ratio_v2.py
[2026-04-30T14:49:25.151+0000] {processor.py:830} INFO - Processing file /opt/airflow/dags/dl_fin_ratio_v2.py for tasks to queue
[2026-04-30T14:49:25.153+0000] {logging_mixin.py:188} INFO - [2026-04-30T14:49:25.153+0000] {dagbag.py:545} INFO - Filling up the DagBag from /opt/airflow/dags/dl_fin_ratio_v2.py
[2026-04-30T14:49:25.187+0000] {processor.py:840} INFO - DAG(s) 'fin_ratio_v2' retrieved from /opt/airflow/dags/dl_fin_ratio_v2.py
[2026-04-30T14:49:25.200+0000] {logging_mixin.py:188} INFO - [2026-04-30T14:49:25.200+0000] {dag.py:3089} INFO - Sync 1 DAGs
[2026-04-30T14:49:25.223+0000] {logging_mixin.py:188} INFO - [2026-04-30T14:49:25.222+0000] {dag.py:3947} INFO - Setting next_dagrun for fin_ratio_v2 to 2026-04-01 00:00:00+00:00, run_after=2026-05-01 00:00:00+00:00
[2026-04-30T14:49:25.240+0000] {processor.py:183} INFO - Processing /opt/airflow/dags/dl_fin_ratio_v2.py took 0.094 seconds
[2026-04-30T14:49:55.689+0000] {processor.py:161} INFO - Started process (PID=4617) to work on /opt/airflow/dags/dl_fin_ratio_v2.py
[2026-04-30T14:49:55.689+0000] {processor.py:830} INFO - Processing file /opt/airflow/dags/dl_fin_ratio_v2.py for tasks to queue
[2026-04-30T14:49:55.692+0000] {logging_mixin.py:188} INFO - [2026-04-30T14:49:55.691+0000] {dagbag.py:545} INFO - Filling up the DagBag from /opt/airflow/dags/dl_fin_ratio_v2.py
[2026-04-30T14:49:55.725+0000] {processor.py:840} INFO - DAG(s) 'fin_ratio_v2' retrieved from /opt/airflow/dags/dl_fin_ratio_v2.py
[2026-04-30T14:49:55.740+0000] {logging_mixin.py:188} INFO - [2026-04-30T14:49:55.740+0000] {dag.py:3089} INFO - Sync 1 DAGs
[2026-04-30T14:49:55.760+0000] {logging_mixin.py:188} INFO - [2026-04-30T14:49:55.760+0000] {dag.py:3947} INFO - Setting next_dagrun for fin_ratio_v2 to 2026-04-01 00:00:00+00:00, run_after=2026-05-01 00:00:00+00:00
[2026-04-30T14:49:55.778+0000] {processor.py:183} INFO - Processing /opt/airflow/dags/dl_fin_ratio_v2.py took 0.095 seconds
[2026-04-30T14:50:26.316+0000] {processor.py:161} INFO - Started process (PID=4642) to work on /opt/airflow/dags/dl_fin_ratio_v2.py
[2026-04-30T14:50:26.317+0000] {processor.py:830} INFO - Processing file /opt/airflow/dags/dl_fin_ratio_v2.py for tasks to queue
[2026-04-30T14:50:26.319+0000] {logging_mixin.py:188} INFO - [2026-04-30T14:50:26.319+0000] {dagbag.py:545} INFO - Filling up the DagBag from /opt/airflow/dags/dl_fin_ratio_v2.py
[2026-04-30T14:50:26.352+0000] {processor.py:840} INFO - DAG(s) 'fin_ratio_v2' retrieved from /opt/airflow/dags/dl_fin_ratio_v2.py
[2026-04-30T14:50:26.368+0000] {logging_mixin.py:188} INFO - [2026-04-30T14:50:26.368+0000] {dag.py:3089} INFO - Sync 1 DAGs
[2026-04-30T14:50:26.387+0000] {logging_mixin.py:188} INFO - [2026-04-30T14:50:26.387+0000] {dag.py:3947} INFO - Setting next_dagrun for fin_ratio_v2 to 2026-04-01 00:00:00+00:00, run_after=2026-05-01 00:00:00+00:00
[2026-04-30T14:50:26.403+0000] {processor.py:183} INFO - Processing /opt/airflow/dags/dl_fin_ratio_v2.py took 0.093 seconds
[2026-04-30T14:50:56.831+0000] {processor.py:161} INFO - Started process (PID=4667) to work on /opt/airflow/dags/dl_fin_ratio_v2.py
[2026-04-30T14:50:56.832+0000] {processor.py:830} INFO - Processing file /opt/airflow/dags/dl_fin_ratio_v2.py for tasks to queue
[2026-04-30T14:50:56.834+0000] {logging_mixin.py:188} INFO - [2026-04-30T14:50:56.833+0000] {dagbag.py:545} INFO - Filling up the DagBag from /opt/airflow/dags/dl_fin_ratio_v2.py
[2026-04-30T14:50:56.864+0000] {processor.py:840} INFO - DAG(s) 'fin_ratio_v2' retrieved from /opt/airflow/dags/dl_fin_ratio_v2.py
[2026-04-30T14:50:56.877+0000] {logging_mixin.py:188} INFO - [2026-04-30T14:50:56.877+0000] {dag.py:3089} INFO - Sync 1 DAGs
[2026-04-30T14:50:56.894+0000] {logging_mixin.py:188} INFO - [2026-04-30T14:50:56.894+0000] {dag.py:3947} INFO - Setting next_dagrun for fin_ratio_v2 to 2026-04-01 00:00:00+00:00, run_after=2026-05-01 00:00:00+00:00
[2026-04-30T14:50:56.912+0000] {processor.py:183} INFO - Processing /opt/airflow/dags/dl_fin_ratio_v2.py took 0.086 seconds
[2026-04-30T14:51:27.452+0000] {processor.py:161} INFO - Started process (PID=4692) to work on /opt/airflow/dags/dl_fin_ratio_v2.py
[2026-04-30T14:51:27.453+0000] {processor.py:830} INFO - Processing file /opt/airflow/dags/dl_fin_ratio_v2.py for tasks to queue
[2026-04-30T14:51:27.456+0000] {logging_mixin.py:188} INFO - [2026-04-30T14:51:27.455+0000] {dagbag.py:545} INFO - Filling up the DagBag from /opt/airflow/dags/dl_fin_ratio_v2.py
[2026-04-30T14:51:27.496+0000] {processor.py:840} INFO - DAG(s) 'fin_ratio_v2' retrieved from /opt/airflow/dags/dl_fin_ratio_v2.py
[2026-04-30T14:51:27.511+0000] {logging_mixin.py:188} INFO - [2026-04-30T14:51:27.511+0000] {dag.py:3089} INFO - Sync 1 DAGs
[2026-04-30T14:51:27.532+0000] {logging_mixin.py:188} INFO - [2026-04-30T14:51:27.532+0000] {dag.py:3947} INFO - Setting next_dagrun for fin_ratio_v2 to 2026-04-01 00:00:00+00:00, run_after=2026-05-01 00:00:00+00:00
[2026-04-30T14:51:27.551+0000] {processor.py:183} INFO - Processing /opt/airflow/dags/dl_fin_ratio_v2.py took 0.105 seconds
[2026-04-30T14:51:58.007+0000] {processor.py:161} INFO - Started process (PID=4717) to work on /opt/airflow/dags/dl_fin_ratio_v2.py
[2026-04-30T14:51:58.008+0000] {processor.py:830} INFO - Processing file /opt/airflow/dags/dl_fin_ratio_v2.py for tasks to queue
[2026-04-30T14:51:58.011+0000] {logging_mixin.py:188} INFO - [2026-04-30T14:51:58.011+0000] {dagbag.py:545} INFO - Filling up the DagBag from /opt/airflow/dags/dl_fin_ratio_v2.py
[2026-04-30T14:51:58.051+0000] {processor.py:840} INFO - DAG(s) 'fin_ratio_v2' retrieved from /opt/airflow/dags/dl_fin_ratio_v2.py
[2026-04-30T14:51:58.067+0000] {logging_mixin.py:188} INFO - [2026-04-30T14:51:58.067+0000] {dag.py:3089} INFO - Sync 1 DAGs
[2026-04-30T14:51:58.092+0000] {logging_mixin.py:188} INFO - [2026-04-30T14:51:58.092+0000] {dag.py:3947} INFO - Setting next_dagrun for fin_ratio_v2 to 2026-04-01 00:00:00+00:00, run_after=2026-05-01 00:00:00+00:00
[2026-04-30T14:51:58.114+0000] {processor.py:183} INFO - Processing /opt/airflow/dags/dl_fin_ratio_v2.py took 0.112 seconds
[2026-04-30T14:52:28.594+0000] {processor.py:161} INFO - Started process (PID=4742) to work on /opt/airflow/dags/dl_fin_ratio_v2.py
[2026-04-30T14:52:28.594+0000] {processor.py:830} INFO - Processing file /opt/airflow/dags/dl_fin_ratio_v2.py for tasks to queue
[2026-04-30T14:52:28.596+0000] {logging_mixin.py:188} INFO - [2026-04-30T14:52:28.596+0000] {dagbag.py:545} INFO - Filling up the DagBag from /opt/airflow/dags/dl_fin_ratio_v2.py
[2026-04-30T14:52:28.631+0000] {processor.py:840} INFO - DAG(s) 'fin_ratio_v2' retrieved from /opt/airflow/dags/dl_fin_ratio_v2.py
[2026-04-30T14:52:28.644+0000] {logging_mixin.py:188} INFO - [2026-04-30T14:52:28.644+0000] {dag.py:3089} INFO - Sync 1 DAGs
[2026-04-30T14:52:28.663+0000] {logging_mixin.py:188} INFO - [2026-04-30T14:52:28.663+0000] {dag.py:3947} INFO - Setting next_dagrun for fin_ratio_v2 to 2026-04-01 00:00:00+00:00, run_after=2026-05-01 00:00:00+00:00
[2026-04-30T14:52:28.679+0000] {processor.py:183} INFO - Processing /opt/airflow/dags/dl_fin_ratio_v2.py took 0.090 seconds
[2026-04-30T14:52:59.450+0000] {processor.py:161} INFO - Started process (PID=4767) to work on /opt/airflow/dags/dl_fin_ratio_v2.py
[2026-04-30T14:52:59.451+0000] {processor.py:830} INFO - Processing file /opt/airflow/dags/dl_fin_ratio_v2.py for tasks to queue
[2026-04-30T14:52:59.453+0000] {logging_mixin.py:188} INFO - [2026-04-30T14:52:59.452+0000] {dagbag.py:545} INFO - Filling up the DagBag from /opt/airflow/dags/dl_fin_ratio_v2.py
[2026-04-30T14:52:59.486+0000] {processor.py:840} INFO - DAG(s) 'fin_ratio_v2' retrieved from /opt/airflow/dags/dl_fin_ratio_v2.py
[2026-04-30T14:52:59.500+0000] {logging_mixin.py:188} INFO - [2026-04-30T14:52:59.500+0000] {dag.py:3089} INFO - Sync 1 DAGs
[2026-04-30T14:52:59.520+0000] {logging_mixin.py:188} INFO - [2026-04-30T14:52:59.520+0000] {dag.py:3947} INFO - Setting next_dagrun for fin_ratio_v2 to 2026-04-01 00:00:00+00:00, run_after=2026-05-01 00:00:00+00:00
[2026-04-30T14:52:59.536+0000] {processor.py:183} INFO - Processing /opt/airflow/dags/dl_fin_ratio_v2.py took 0.091 seconds
[2026-04-30T14:53:30.061+0000] {processor.py:161} INFO - Started process (PID=4792) to work on /opt/airflow/dags/dl_fin_ratio_v2.py
[2026-04-30T14:53:30.061+0000] {processor.py:830} INFO - Processing file /opt/airflow/dags/dl_fin_ratio_v2.py for tasks to queue
[2026-04-30T14:53:30.063+0000] {logging_mixin.py:188} INFO - [2026-04-30T14:53:30.063+0000] {dagbag.py:545} INFO - Filling up the DagBag from /opt/airflow/dags/dl_fin_ratio_v2.py
[2026-04-30T14:53:30.095+0000] {processor.py:840} INFO - DAG(s) 'fin_ratio_v2' retrieved from /opt/airflow/dags/dl_fin_ratio_v2.py
[2026-04-30T14:53:30.108+0000] {logging_mixin.py:188} INFO - [2026-04-30T14:53:30.108+0000] {dag.py:3089} INFO - Sync 1 DAGs
[2026-04-30T14:53:30.127+0000] {logging_mixin.py:188} INFO - [2026-04-30T14:53:30.126+0000] {dag.py:3947} INFO - Setting next_dagrun for fin_ratio_v2 to 2026-04-01 00:00:00+00:00, run_after=2026-05-01 00:00:00+00:00
[2026-04-30T14:53:30.142+0000] {processor.py:183} INFO - Processing /opt/airflow/dags/dl_fin_ratio_v2.py took 0.086 seconds
[2026-04-30T14:54:00.571+0000] {processor.py:161} INFO - Started process (PID=4817) to work on /opt/airflow/dags/dl_fin_ratio_v2.py
[2026-04-30T14:54:00.575+0000] {processor.py:830} INFO - Processing file /opt/airflow/dags/dl_fin_ratio_v2.py for tasks to queue
[2026-04-30T14:54:00.580+0000] {logging_mixin.py:188} INFO - [2026-04-30T14:54:00.580+0000] {dagbag.py:545} INFO - Filling up the DagBag from /opt/airflow/dags/dl_fin_ratio_v2.py
[2026-04-30T14:54:00.640+0000] {processor.py:840} INFO - DAG(s) 'fin_ratio_v2' retrieved from /opt/airflow/dags/dl_fin_ratio_v2.py
[2026-04-30T14:54:00.660+0000] {logging_mixin.py:188} INFO - [2026-04-30T14:54:00.660+0000] {dag.py:3089} INFO - Sync 1 DAGs
[2026-04-30T14:54:00.682+0000] {logging_mixin.py:188} INFO - [2026-04-30T14:54:00.682+0000] {dag.py:3947} INFO - Setting next_dagrun for fin_ratio_v2 to 2026-04-01 00:00:00+00:00, run_after=2026-05-01 00:00:00+00:00
[2026-04-30T14:54:00.700+0000] {processor.py:183} INFO - Processing /opt/airflow/dags/dl_fin_ratio_v2.py took 0.136 seconds
[2026-04-30T14:54:31.327+0000] {processor.py:161} INFO - Started process (PID=4842) to work on /opt/airflow/dags/dl_fin_ratio_v2.py
[2026-04-30T14:54:31.328+0000] {processor.py:830} INFO - Processing file /opt/airflow/dags/dl_fin_ratio_v2.py for tasks to queue
[2026-04-30T14:54:31.333+0000] {logging_mixin.py:188} INFO - [2026-04-30T14:54:31.332+0000] {dagbag.py:545} INFO - Filling up the DagBag from /opt/airflow/dags/dl_fin_ratio_v2.py
[2026-04-30T14:54:31.377+0000] {processor.py:840} INFO - DAG(s) 'fin_ratio_v2' retrieved from /opt/airflow/dags/dl_fin_ratio_v2.py
[2026-04-30T14:54:31.403+0000] {logging_mixin.py:188} INFO - [2026-04-30T14:54:31.402+0000] {dag.py:3089} INFO - Sync 1 DAGs
[2026-04-30T14:54:31.448+0000] {logging_mixin.py:188} INFO - [2026-04-30T14:54:31.448+0000] {dag.py:3947} INFO - Setting next_dagrun for fin_ratio_v2 to 2026-04-01 00:00:00+00:00, run_after=2026-05-01 00:00:00+00:00
[2026-04-30T14:54:31.483+0000] {processor.py:183} INFO - Processing /opt/airflow/dags/dl_fin_ratio_v2.py took 0.163 seconds
[2026-04-30T14:55:02.155+0000] {processor.py:161} INFO - Started process (PID=4867) to work on /opt/airflow/dags/dl_fin_ratio_v2.py
[2026-04-30T14:55:02.156+0000] {processor.py:830} INFO - Processing file /opt/airflow/dags/dl_fin_ratio_v2.py for tasks to queue
[2026-04-30T14:55:02.159+0000] {logging_mixin.py:188} INFO - [2026-04-30T14:55:02.158+0000] {dagbag.py:545} INFO - Filling up the DagBag from /opt/airflow/dags/dl_fin_ratio_v2.py
[2026-04-30T14:55:02.208+0000] {processor.py:840} INFO - DAG(s) 'fin_ratio_v2' retrieved from /opt/airflow/dags/dl_fin_ratio_v2.py
[2026-04-30T14:55:02.230+0000] {logging_mixin.py:188} INFO - [2026-04-30T14:55:02.230+0000] {dag.py:3089} INFO - Sync 1 DAGs
[2026-04-30T14:55:02.260+0000] {logging_mixin.py:188} INFO - [2026-04-30T14:55:02.260+0000] {dag.py:3947} INFO - Setting next_dagrun for fin_ratio_v2 to 2026-04-01 00:00:00+00:00, run_after=2026-05-01 00:00:00+00:00
[2026-04-30T14:55:02.286+0000] {processor.py:183} INFO - Processing /opt/airflow/dags/dl_fin_ratio_v2.py took 0.139 seconds
[2026-04-30T14:55:32.769+0000] {processor.py:161} INFO - Started process (PID=4892) to work on /opt/airflow/dags/dl_fin_ratio_v2.py
[2026-04-30T14:55:32.770+0000] {processor.py:830} INFO - Processing file /opt/airflow/dags/dl_fin_ratio_v2.py for tasks to queue
[2026-04-30T14:55:32.772+0000] {logging_mixin.py:188} INFO - [2026-04-30T14:55:32.772+0000] {dagbag.py:545} INFO - Filling up the DagBag from /opt/airflow/dags/dl_fin_ratio_v2.py
[2026-04-30T14:55:32.808+0000] {processor.py:840} INFO - DAG(s) 'fin_ratio_v2' retrieved from /opt/airflow/dags/dl_fin_ratio_v2.py
[2026-04-30T14:55:32.823+0000] {logging_mixin.py:188} INFO - [2026-04-30T14:55:32.822+0000] {dag.py:3089} INFO - Sync 1 DAGs
[2026-04-30T14:55:33.091+0000] {logging_mixin.py:188} INFO - [2026-04-30T14:55:33.090+0000] {dag.py:3947} INFO - Setting next_dagrun for fin_ratio_v2 to 2026-04-01 00:00:00+00:00, run_after=2026-05-01 00:00:00+00:00
[2026-04-30T14:55:33.115+0000] {processor.py:183} INFO - Processing /opt/airflow/dags/dl_fin_ratio_v2.py took 0.354 seconds
[2026-04-30T14:56:03.224+0000] {processor.py:161} INFO - Started process (PID=4917) to work on /opt/airflow/dags/dl_fin_ratio_v2.py
[2026-04-30T14:56:03.226+0000] {processor.py:830} INFO - Processing file /opt/airflow/dags/dl_fin_ratio_v2.py for tasks to queue
[2026-04-30T14:56:03.228+0000] {logging_mixin.py:188} INFO - [2026-04-30T14:56:03.227+0000] {dagbag.py:545} INFO - Filling up the DagBag from /opt/airflow/dags/dl_fin_ratio_v2.py
[2026-04-30T14:56:03.263+0000] {processor.py:840} INFO - DAG(s) 'fin_ratio_v2' retrieved from /opt/airflow/dags/dl_fin_ratio_v2.py
[2026-04-30T14:56:03.278+0000] {logging_mixin.py:188} INFO - [2026-04-30T14:56:03.278+0000] {dag.py:3089} INFO - Sync 1 DAGs
[2026-04-30T14:56:03.299+0000] {logging_mixin.py:188} INFO - [2026-04-30T14:56:03.299+0000] {dag.py:3947} INFO - Setting next_dagrun for fin_ratio_v2 to 2026-04-01 00:00:00+00:00, run_after=2026-05-01 00:00:00+00:00
[2026-04-30T14:56:03.320+0000] {processor.py:183} INFO - Processing /opt/airflow/dags/dl_fin_ratio_v2.py took 0.103 seconds
[2026-04-30T14:56:33.389+0000] {processor.py:161} INFO - Started process (PID=4942) to work on /opt/airflow/dags/dl_fin_ratio_v2.py
[2026-04-30T14:56:33.390+0000] {processor.py:830} INFO - Processing file /opt/airflow/dags/dl_fin_ratio_v2.py for tasks to queue
[2026-04-30T14:56:33.392+0000] {logging_mixin.py:188} INFO - [2026-04-30T14:56:33.392+0000] {dagbag.py:545} INFO - Filling up the DagBag from /opt/airflow/dags/dl_fin_ratio_v2.py
[2026-04-30T14:56:33.429+0000] {processor.py:840} INFO - DAG(s) 'fin_ratio_v2' retrieved from /opt/airflow/dags/dl_fin_ratio_v2.py
[2026-04-30T14:56:33.446+0000] {logging_mixin.py:188} INFO - [2026-04-30T14:56:33.446+0000] {dag.py:3089} INFO - Sync 1 DAGs
[2026-04-30T14:56:33.674+0000] {logging_mixin.py:188} INFO - [2026-04-30T14:56:33.674+0000] {dag.py:3947} INFO - Setting next_dagrun for fin_ratio_v2 to 2026-04-01 00:00:00+00:00, run_after=2026-05-01 00:00:00+00:00
[2026-04-30T14:56:33.695+0000] {processor.py:183} INFO - Processing /opt/airflow/dags/dl_fin_ratio_v2.py took 0.313 seconds
[2026-04-30T14:57:04.385+0000] {processor.py:161} INFO - Started process (PID=4967) to work on /opt/airflow/dags/dl_fin_ratio_v2.py
[2026-04-30T14:57:04.386+0000] {processor.py:830} INFO - Processing file /opt/airflow/dags/dl_fin_ratio_v2.py for tasks to queue
[2026-04-30T14:57:04.388+0000] {logging_mixin.py:188} INFO - [2026-04-30T14:57:04.388+0000] {dagbag.py:545} INFO - Filling up the DagBag from /opt/airflow/dags/dl_fin_ratio_v2.py
[2026-04-30T14:57:04.419+0000] {processor.py:840} INFO - DAG(s) 'fin_ratio_v2' retrieved from /opt/airflow/dags/dl_fin_ratio_v2.py
[2026-04-30T14:57:04.433+0000] {logging_mixin.py:188} INFO - [2026-04-30T14:57:04.433+0000] {dag.py:3089} INFO - Sync 1 DAGs
[2026-04-30T14:57:04.455+0000] {logging_mixin.py:188} INFO - [2026-04-30T14:57:04.455+0000] {dag.py:3947} INFO - Setting next_dagrun for fin_ratio_v2 to 2026-04-01 00:00:00+00:00, run_after=2026-05-01 00:00:00+00:00
[2026-04-30T14:57:04.473+0000] {processor.py:183} INFO - Processing /opt/airflow/dags/dl_fin_ratio_v2.py took 0.092 seconds
[2026-04-30T14:57:34.827+0000] {processor.py:161} INFO - Started process (PID=4993) to work on /opt/airflow/dags/dl_fin_ratio_v2.py
[2026-04-30T14:57:34.828+0000] {processor.py:830} INFO - Processing file /opt/airflow/dags/dl_fin_ratio_v2.py for tasks to queue
[2026-04-30T14:57:34.830+0000] {logging_mixin.py:188} INFO - [2026-04-30T14:57:34.830+0000] {dagbag.py:545} INFO - Filling up the DagBag from /opt/airflow/dags/dl_fin_ratio_v2.py
[2026-04-30T14:57:34.863+0000] {processor.py:840} INFO - DAG(s) 'fin_ratio_v2' retrieved from /opt/airflow/dags/dl_fin_ratio_v2.py
[2026-04-30T14:57:34.877+0000] {logging_mixin.py:188} INFO - [2026-04-30T14:57:34.877+0000] {dag.py:3089} INFO - Sync 1 DAGs
[2026-04-30T14:57:34.900+0000] {logging_mixin.py:188} INFO - [2026-04-30T14:57:34.900+0000] {dag.py:3947} INFO - Setting next_dagrun for fin_ratio_v2 to 2026-04-01 00:00:00+00:00, run_after=2026-05-01 00:00:00+00:00
[2026-04-30T14:57:34.917+0000] {processor.py:183} INFO - Processing /opt/airflow/dags/dl_fin_ratio_v2.py took 0.096 seconds
[2026-04-30T14:58:05.700+0000] {processor.py:161} INFO - Started process (PID=5018) to work on /opt/airflow/dags/dl_fin_ratio_v2.py
[2026-04-30T14:58:05.700+0000] {processor.py:830} INFO - Processing file /opt/airflow/dags/dl_fin_ratio_v2.py for tasks to queue
[2026-04-30T14:58:05.702+0000] {logging_mixin.py:188} INFO - [2026-04-30T14:58:05.702+0000] {dagbag.py:545} INFO - Filling up the DagBag from /opt/airflow/dags/dl_fin_ratio_v2.py
[2026-04-30T14:58:05.733+0000] {processor.py:840} INFO - DAG(s) 'fin_ratio_v2' retrieved from /opt/airflow/dags/dl_fin_ratio_v2.py
[2026-04-30T14:58:05.746+0000] {logging_mixin.py:188} INFO - [2026-04-30T14:58:05.746+0000] {dag.py:3089} INFO - Sync 1 DAGs
[2026-04-30T14:58:05.765+0000] {logging_mixin.py:188} INFO - [2026-04-30T14:58:05.765+0000] {dag.py:3947} INFO - Setting next_dagrun for fin_ratio_v2 to 2026-04-01 00:00:00+00:00, run_after=2026-05-01 00:00:00+00:00
[2026-04-30T14:58:05.782+0000] {processor.py:183} INFO - Processing /opt/airflow/dags/dl_fin_ratio_v2.py took 0.088 seconds
[2026-04-30T14:58:36.153+0000] {processor.py:161} INFO - Started process (PID=5043) to work on /opt/airflow/dags/dl_fin_ratio_v2.py
[2026-04-30T14:58:36.153+0000] {processor.py:830} INFO - Processing file /opt/airflow/dags/dl_fin_ratio_v2.py for tasks to queue
[2026-04-30T14:58:36.155+0000] {logging_mixin.py:188} INFO - [2026-04-30T14:58:36.155+0000] {dagbag.py:545} INFO - Filling up the DagBag from /opt/airflow/dags/dl_fin_ratio_v2.py
[2026-04-30T14:58:36.189+0000] {processor.py:840} INFO - DAG(s) 'fin_ratio_v2' retrieved from /opt/airflow/dags/dl_fin_ratio_v2.py
[2026-04-30T14:58:36.204+0000] {logging_mixin.py:188} INFO - [2026-04-30T14:58:36.203+0000] {dag.py:3089} INFO - Sync 1 DAGs
[2026-04-30T14:58:36.225+0000] {logging_mixin.py:188} INFO - [2026-04-30T14:58:36.225+0000] {dag.py:3947} INFO - Setting next_dagrun for fin_ratio_v2 to 2026-04-01 00:00:00+00:00, run_after=2026-05-01 00:00:00+00:00
[2026-04-30T14:58:36.242+0000] {processor.py:183} INFO - Processing /opt/airflow/dags/dl_fin_ratio_v2.py took 0.094 seconds
[2026-04-30T14:59:06.655+0000] {processor.py:161} INFO - Started process (PID=5068) to work on /opt/airflow/dags/dl_fin_ratio_v2.py
[2026-04-30T14:59:06.656+0000] {processor.py:830} INFO - Processing file /opt/airflow/dags/dl_fin_ratio_v2.py for tasks to queue
[2026-04-30T14:59:06.658+0000] {logging_mixin.py:188} INFO - [2026-04-30T14:59:06.658+0000] {dagbag.py:545} INFO - Filling up the DagBag from /opt/airflow/dags/dl_fin_ratio_v2.py
[2026-04-30T14:59:06.690+0000] {processor.py:840} INFO - DAG(s) 'fin_ratio_v2' retrieved from /opt/airflow/dags/dl_fin_ratio_v2.py
[2026-04-30T14:59:06.703+0000] {logging_mixin.py:188} INFO - [2026-04-30T14:59:06.703+0000] {dag.py:3089} INFO - Sync 1 DAGs
[2026-04-30T14:59:06.724+0000] {logging_mixin.py:188} INFO - [2026-04-30T14:59:06.724+0000] {dag.py:3947} INFO - Setting next_dagrun for fin_ratio_v2 to 2026-04-01 00:00:00+00:00, run_after=2026-05-01 00:00:00+00:00
[2026-04-30T14:59:06.742+0000] {processor.py:183} INFO - Processing /opt/airflow/dags/dl_fin_ratio_v2.py took 0.092 seconds
[2026-04-30T14:59:37.227+0000] {processor.py:161} INFO - Started process (PID=5093) to work on /opt/airflow/dags/dl_fin_ratio_v2.py
[2026-04-30T14:59:37.228+0000] {processor.py:830} INFO - Processing file /opt/airflow/dags/dl_fin_ratio_v2.py for tasks to queue
[2026-04-30T14:59:37.230+0000] {logging_mixin.py:188} INFO - [2026-04-30T14:59:37.230+0000] {dagbag.py:545} INFO - Filling up the DagBag from /opt/airflow/dags/dl_fin_ratio_v2.py
[2026-04-30T14:59:37.261+0000] {processor.py:840} INFO - DAG(s) 'fin_ratio_v2' retrieved from /opt/airflow/dags/dl_fin_ratio_v2.py
[2026-04-30T14:59:37.274+0000] {logging_mixin.py:188} INFO - [2026-04-30T14:59:37.274+0000] {dag.py:3089} INFO - Sync 1 DAGs
[2026-04-30T14:59:37.294+0000] {logging_mixin.py:188} INFO - [2026-04-30T14:59:37.293+0000] {dag.py:3947} INFO - Setting next_dagrun for fin_ratio_v2 to 2026-04-01 00:00:00+00:00, run_after=2026-05-01 00:00:00+00:00
[2026-04-30T14:59:37.314+0000] {processor.py:183} INFO - Processing /opt/airflow/dags/dl_fin_ratio_v2.py took 0.092 seconds
[2026-04-30T15:00:07.847+0000] {processor.py:161} INFO - Started process (PID=5118) to work on /opt/airflow/dags/dl_fin_ratio_v2.py
[2026-04-30T15:00:07.848+0000] {processor.py:830} INFO - Processing file /opt/airflow/dags/dl_fin_ratio_v2.py for tasks to queue
[2026-04-30T15:00:07.855+0000] {logging_mixin.py:188} INFO - [2026-04-30T15:00:07.854+0000] {dagbag.py:545} INFO - Filling up the DagBag from /opt/airflow/dags/dl_fin_ratio_v2.py
[2026-04-30T15:00:07.940+0000] {processor.py:840} INFO - DAG(s) 'fin_ratio_v2' retrieved from /opt/airflow/dags/dl_fin_ratio_v2.py
[2026-04-30T15:00:07.973+0000] {logging_mixin.py:188} INFO - [2026-04-30T15:00:07.973+0000] {dag.py:3089} INFO - Sync 1 DAGs
[2026-04-30T15:00:08.017+0000] {logging_mixin.py:188} INFO - [2026-04-30T15:00:08.016+0000] {dag.py:3947} INFO - Setting next_dagrun for fin_ratio_v2 to 2026-04-01 00:00:00+00:00, run_after=2026-05-01 00:00:00+00:00
[2026-04-30T15:00:08.042+0000] {processor.py:183} INFO - Processing /opt/airflow/dags/dl_fin_ratio_v2.py took 0.205 seconds
[2026-04-30T15:00:38.312+0000] {processor.py:161} INFO - Started process (PID=5143) to work on /opt/airflow/dags/dl_fin_ratio_v2.py
[2026-04-30T15:00:38.313+0000] {processor.py:830} INFO - Processing file /opt/airflow/dags/dl_fin_ratio_v2.py for tasks to queue
[2026-04-30T15:00:38.315+0000] {logging_mixin.py:188} INFO - [2026-04-30T15:00:38.315+0000] {dagbag.py:545} INFO - Filling up the DagBag from /opt/airflow/dags/dl_fin_ratio_v2.py
[2026-04-30T15:00:38.349+0000] {processor.py:840} INFO - DAG(s) 'fin_ratio_v2' retrieved from /opt/airflow/dags/dl_fin_ratio_v2.py
[2026-04-30T15:00:38.362+0000] {logging_mixin.py:188} INFO - [2026-04-30T15:00:38.362+0000] {dag.py:3089} INFO - Sync 1 DAGs
[2026-04-30T15:00:38.384+0000] {logging_mixin.py:188} INFO - [2026-04-30T15:00:38.384+0000] {dag.py:3947} INFO - Setting next_dagrun for fin_ratio_v2 to 2026-04-01 00:00:00+00:00, run_after=2026-05-01 00:00:00+00:00
[2026-04-30T15:00:38.402+0000] {processor.py:183} INFO - Processing /opt/airflow/dags/dl_fin_ratio_v2.py took 0.095 seconds
[2026-04-30T15:01:08.885+0000] {processor.py:161} INFO - Started process (PID=5168) to work on /opt/airflow/dags/dl_fin_ratio_v2.py
[2026-04-30T15:01:08.886+0000] {processor.py:830} INFO - Processing file /opt/airflow/dags/dl_fin_ratio_v2.py for tasks to queue
[2026-04-30T15:01:08.888+0000] {logging_mixin.py:188} INFO - [2026-04-30T15:01:08.887+0000] {dagbag.py:545} INFO - Filling up the DagBag from /opt/airflow/dags/dl_fin_ratio_v2.py
[2026-04-30T15:01:08.918+0000] {processor.py:840} INFO - DAG(s) 'fin_ratio_v2' retrieved from /opt/airflow/dags/dl_fin_ratio_v2.py
[2026-04-30T15:01:08.932+0000] {logging_mixin.py:188} INFO - [2026-04-30T15:01:08.932+0000] {dag.py:3089} INFO - Sync 1 DAGs
[2026-04-30T15:01:08.955+0000] {logging_mixin.py:188} INFO - [2026-04-30T15:01:08.955+0000] {dag.py:3947} INFO - Setting next_dagrun for fin_ratio_v2 to 2026-04-01 00:00:00+00:00, run_after=2026-05-01 00:00:00+00:00
[2026-04-30T15:01:08.972+0000] {processor.py:183} INFO - Processing /opt/airflow/dags/dl_fin_ratio_v2.py took 0.092 seconds
[2026-04-30T15:01:39.451+0000] {processor.py:161} INFO - Started process (PID=5193) to work on /opt/airflow/dags/dl_fin_ratio_v2.py
[2026-04-30T15:01:39.452+0000] {processor.py:830} INFO - Processing file /opt/airflow/dags/dl_fin_ratio_v2.py for tasks to queue
[2026-04-30T15:01:39.453+0000] {logging_mixin.py:188} INFO - [2026-04-30T15:01:39.453+0000] {dagbag.py:545} INFO - Filling up the DagBag from /opt/airflow/dags/dl_fin_ratio_v2.py
[2026-04-30T15:01:39.485+0000] {processor.py:840} INFO - DAG(s) 'fin_ratio_v2' retrieved from /opt/airflow/dags/dl_fin_ratio_v2.py
[2026-04-30T15:01:39.499+0000] {logging_mixin.py:188} INFO - [2026-04-30T15:01:39.499+0000] {dag.py:3089} INFO - Sync 1 DAGs
[2026-04-30T15:01:39.519+0000] {logging_mixin.py:188} INFO - [2026-04-30T15:01:39.519+0000] {dag.py:3947} INFO - Setting next_dagrun for fin_ratio_v2 to 2026-04-01 00:00:00+00:00, run_after=2026-05-01 00:00:00+00:00
[2026-04-30T15:01:39.535+0000] {processor.py:183} INFO - Processing /opt/airflow/dags/dl_fin_ratio_v2.py took 0.089 seconds
[2026-04-30T15:02:10.139+0000] {processor.py:161} INFO - Started process (PID=5218) to work on /opt/airflow/dags/dl_fin_ratio_v2.py
[2026-04-30T15:02:10.141+0000] {processor.py:830} INFO - Processing file /opt/airflow/dags/dl_fin_ratio_v2.py for tasks to queue
[2026-04-30T15:02:10.149+0000] {logging_mixin.py:188} INFO - [2026-04-30T15:02:10.148+0000] {dagbag.py:545} INFO - Filling up the DagBag from /opt/airflow/dags/dl_fin_ratio_v2.py
[2026-04-30T15:02:10.198+0000] {processor.py:840} INFO - DAG(s) 'fin_ratio_v2' retrieved from /opt/airflow/dags/dl_fin_ratio_v2.py
[2026-04-30T15:02:10.214+0000] {logging_mixin.py:188} INFO - [2026-04-30T15:02:10.214+0000] {dag.py:3089} INFO - Sync 1 DAGs
[2026-04-30T15:02:10.235+0000] {logging_mixin.py:188} INFO - [2026-04-30T15:02:10.235+0000] {dag.py:3947} INFO - Setting next_dagrun for fin_ratio_v2 to 2026-04-01 00:00:00+00:00, run_after=2026-05-01 00:00:00+00:00
[2026-04-30T15:02:10.251+0000] {processor.py:183} INFO - Processing /opt/airflow/dags/dl_fin_ratio_v2.py took 0.133 seconds
[2026-04-30T15:02:40.635+0000] {processor.py:161} INFO - Started process (PID=5243) to work on /opt/airflow/dags/dl_fin_ratio_v2.py
[2026-04-30T15:02:40.636+0000] {processor.py:830} INFO - Processing file /opt/airflow/dags/dl_fin_ratio_v2.py for tasks to queue
[2026-04-30T15:02:40.638+0000] {logging_mixin.py:188} INFO - [2026-04-30T15:02:40.638+0000] {dagbag.py:545} INFO - Filling up the DagBag from /opt/airflow/dags/dl_fin_ratio_v2.py
[2026-04-30T15:02:40.682+0000] {processor.py:840} INFO - DAG(s) 'fin_ratio_v2' retrieved from /opt/airflow/dags/dl_fin_ratio_v2.py
[2026-04-30T15:02:40.697+0000] {logging_mixin.py:188} INFO - [2026-04-30T15:02:40.697+0000] {dag.py:3089} INFO - Sync 1 DAGs
[2026-04-30T15:02:40.720+0000] {logging_mixin.py:188} INFO - [2026-04-30T15:02:40.720+0000] {dag.py:3947} INFO - Setting next_dagrun for fin_ratio_v2 to 2026-04-01 00:00:00+00:00, run_after=2026-05-01 00:00:00+00:00
[2026-04-30T15:02:40.736+0000] {processor.py:183} INFO - Processing /opt/airflow/dags/dl_fin_ratio_v2.py took 0.108 seconds
[2026-04-30T15:03:11.671+0000] {processor.py:161} INFO - Started process (PID=5268) to work on /opt/airflow/dags/dl_fin_ratio_v2.py
[2026-04-30T15:03:11.672+0000] {processor.py:830} INFO - Processing file /opt/airflow/dags/dl_fin_ratio_v2.py for tasks to queue
[2026-04-30T15:03:11.674+0000] {logging_mixin.py:188} INFO - [2026-04-30T15:03:11.674+0000] {dagbag.py:545} INFO - Filling up the DagBag from /opt/airflow/dags/dl_fin_ratio_v2.py
[2026-04-30T15:03:11.705+0000] {processor.py:840} INFO - DAG(s) 'fin_ratio_v2' retrieved from /opt/airflow/dags/dl_fin_ratio_v2.py
[2026-04-30T15:03:11.718+0000] {logging_mixin.py:188} INFO - [2026-04-30T15:03:11.718+0000] {dag.py:3089} INFO - Sync 1 DAGs
[2026-04-30T15:03:11.737+0000] {logging_mixin.py:188} INFO - [2026-04-30T15:03:11.737+0000] {dag.py:3947} INFO - Setting next_dagrun for fin_ratio_v2 to 2026-04-01 00:00:00+00:00, run_after=2026-05-01 00:00:00+00:00
[2026-04-30T15:03:11.756+0000] {processor.py:183} INFO - Processing /opt/airflow/dags/dl_fin_ratio_v2.py took 0.089 seconds
[2026-04-30T15:03:42.170+0000] {processor.py:161} INFO - Started process (PID=5293) to work on /opt/airflow/dags/dl_fin_ratio_v2.py
[2026-04-30T15:03:42.171+0000] {processor.py:830} INFO - Processing file /opt/airflow/dags/dl_fin_ratio_v2.py for tasks to queue
[2026-04-30T15:03:42.173+0000] {logging_mixin.py:188} INFO - [2026-04-30T15:03:42.173+0000] {dagbag.py:545} INFO - Filling up the DagBag from /opt/airflow/dags/dl_fin_ratio_v2.py
[2026-04-30T15:03:42.207+0000] {processor.py:840} INFO - DAG(s) 'fin_ratio_v2' retrieved from /opt/airflow/dags/dl_fin_ratio_v2.py
[2026-04-30T15:03:42.221+0000] {logging_mixin.py:188} INFO - [2026-04-30T15:03:42.221+0000] {dag.py:3089} INFO - Sync 1 DAGs
[2026-04-30T15:03:42.240+0000] {logging_mixin.py:188} INFO - [2026-04-30T15:03:42.240+0000] {dag.py:3947} INFO - Setting next_dagrun for fin_ratio_v2 to 2026-04-01 00:00:00+00:00, run_after=2026-05-01 00:00:00+00:00
[2026-04-30T15:03:42.255+0000] {processor.py:183} INFO - Processing /opt/airflow/dags/dl_fin_ratio_v2.py took 0.090 seconds
[2026-04-30T15:04:12.694+0000] {processor.py:161} INFO - Started process (PID=5318) to work on /opt/airflow/dags/dl_fin_ratio_v2.py
[2026-04-30T15:04:12.695+0000] {processor.py:830} INFO - Processing file /opt/airflow/dags/dl_fin_ratio_v2.py for tasks to queue
[2026-04-30T15:04:12.697+0000] {logging_mixin.py:188} INFO - [2026-04-30T15:04:12.697+0000] {dagbag.py:545} INFO - Filling up the DagBag from /opt/airflow/dags/dl_fin_ratio_v2.py
[2026-04-30T15:04:12.729+0000] {processor.py:840} INFO - DAG(s) 'fin_ratio_v2' retrieved from /opt/airflow/dags/dl_fin_ratio_v2.py
[2026-04-30T15:04:12.742+0000] {logging_mixin.py:188} INFO - [2026-04-30T15:04:12.742+0000] {dag.py:3089} INFO - Sync 1 DAGs
[2026-04-30T15:04:12.761+0000] {logging_mixin.py:188} INFO - [2026-04-30T15:04:12.761+0000] {dag.py:3947} INFO - Setting next_dagrun for fin_ratio_v2 to 2026-04-01 00:00:00+00:00, run_after=2026-05-01 00:00:00+00:00
[2026-04-30T15:04:12.778+0000] {processor.py:183} INFO - Processing /opt/airflow/dags/dl_fin_ratio_v2.py took 0.089 seconds
[2026-04-30T15:04:43.091+0000] {processor.py:161} INFO - Started process (PID=5343) to work on /opt/airflow/dags/dl_fin_ratio_v2.py
[2026-04-30T15:04:43.093+0000] {processor.py:830} INFO - Processing file /opt/airflow/dags/dl_fin_ratio_v2.py for tasks to queue
[2026-04-30T15:04:43.095+0000] {logging_mixin.py:188} INFO - [2026-04-30T15:04:43.095+0000] {dagbag.py:545} INFO - Filling up the DagBag from /opt/airflow/dags/dl_fin_ratio_v2.py
[2026-04-30T15:04:43.132+0000] {processor.py:840} INFO - DAG(s) 'fin_ratio_v2' retrieved from /opt/airflow/dags/dl_fin_ratio_v2.py
[2026-04-30T15:04:43.150+0000] {logging_mixin.py:188} INFO - [2026-04-30T15:04:43.150+0000] {dag.py:3089} INFO - Sync 1 DAGs
[2026-04-30T15:04:43.172+0000] {logging_mixin.py:188} INFO - [2026-04-30T15:04:43.172+0000] {dag.py:3947} INFO - Setting next_dagrun for fin_ratio_v2 to 2026-04-01 00:00:00+00:00, run_after=2026-05-01 00:00:00+00:00
[2026-04-30T15:04:43.190+0000] {processor.py:183} INFO - Processing /opt/airflow/dags/dl_fin_ratio_v2.py took 0.105 seconds
[2026-04-30T15:05:13.605+0000] {processor.py:161} INFO - Started process (PID=5368) to work on /opt/airflow/dags/dl_fin_ratio_v2.py
[2026-04-30T15:05:13.606+0000] {processor.py:830} INFO - Processing file /opt/airflow/dags/dl_fin_ratio_v2.py for tasks to queue
[2026-04-30T15:05:13.608+0000] {logging_mixin.py:188} INFO - [2026-04-30T15:05:13.608+0000] {dagbag.py:545} INFO - Filling up the DagBag from /opt/airflow/dags/dl_fin_ratio_v2.py
[2026-04-30T15:05:13.640+0000] {processor.py:840} INFO - DAG(s) 'fin_ratio_v2' retrieved from /opt/airflow/dags/dl_fin_ratio_v2.py
[2026-04-30T15:05:13.654+0000] {logging_mixin.py:188} INFO - [2026-04-30T15:05:13.654+0000] {dag.py:3089} INFO - Sync 1 DAGs
[2026-04-30T15:05:13.676+0000] {logging_mixin.py:188} INFO - [2026-04-30T15:05:13.676+0000] {dag.py:3947} INFO - Setting next_dagrun for fin_ratio_v2 to 2026-04-01 00:00:00+00:00, run_after=2026-05-01 00:00:00+00:00
[2026-04-30T15:05:13.695+0000] {processor.py:183} INFO - Processing /opt/airflow/dags/dl_fin_ratio_v2.py took 0.096 seconds
[2026-04-30T15:05:44.039+0000] {processor.py:161} INFO - Started process (PID=5393) to work on /opt/airflow/dags/dl_fin_ratio_v2.py
[2026-04-30T15:05:44.040+0000] {processor.py:830} INFO - Processing file /opt/airflow/dags/dl_fin_ratio_v2.py for tasks to queue
[2026-04-30T15:05:44.042+0000] {logging_mixin.py:188} INFO - [2026-04-30T15:05:44.042+0000] {dagbag.py:545} INFO - Filling up the DagBag from /opt/airflow/dags/dl_fin_ratio_v2.py
[2026-04-30T15:05:44.074+0000] {processor.py:840} INFO - DAG(s) 'fin_ratio_v2' retrieved from /opt/airflow/dags/dl_fin_ratio_v2.py
[2026-04-30T15:05:44.088+0000] {logging_mixin.py:188} INFO - [2026-04-30T15:05:44.087+0000] {dag.py:3089} INFO - Sync 1 DAGs
[2026-04-30T15:05:44.106+0000] {logging_mixin.py:188} INFO - [2026-04-30T15:05:44.106+0000] {dag.py:3947} INFO - Setting next_dagrun for fin_ratio_v2 to 2026-04-01 00:00:00+00:00, run_after=2026-05-01 00:00:00+00:00
[2026-04-30T15:05:44.125+0000] {processor.py:183} INFO - Processing /opt/airflow/dags/dl_fin_ratio_v2.py took 0.090 seconds
[2026-04-30T15:06:14.590+0000] {processor.py:161} INFO - Started process (PID=5418) to work on /opt/airflow/dags/dl_fin_ratio_v2.py
[2026-04-30T15:06:14.591+0000] {processor.py:830} INFO - Processing file /opt/airflow/dags/dl_fin_ratio_v2.py for tasks to queue
[2026-04-30T15:06:14.594+0000] {logging_mixin.py:188} INFO - [2026-04-30T15:06:14.594+0000] {dagbag.py:545} INFO - Filling up the DagBag from /opt/airflow/dags/dl_fin_ratio_v2.py
[2026-04-30T15:06:14.627+0000] {processor.py:840} INFO - DAG(s) 'fin_ratio_v2' retrieved from /opt/airflow/dags/dl_fin_ratio_v2.py
[2026-04-30T15:06:14.643+0000] {logging_mixin.py:188} INFO - [2026-04-30T15:06:14.643+0000] {dag.py:3089} INFO - Sync 1 DAGs
[2026-04-30T15:06:14.663+0000] {logging_mixin.py:188} INFO - [2026-04-30T15:06:14.663+0000] {dag.py:3947} INFO - Setting next_dagrun for fin_ratio_v2 to 2026-04-01 00:00:00+00:00, run_after=2026-05-01 00:00:00+00:00
[2026-04-30T15:06:14.681+0000] {processor.py:183} INFO - Processing /opt/airflow/dags/dl_fin_ratio_v2.py took 0.097 seconds
[2026-04-30T15:06:45.175+0000] {processor.py:161} INFO - Started process (PID=5443) to work on /opt/airflow/dags/dl_fin_ratio_v2.py
[2026-04-30T15:06:45.176+0000] {processor.py:830} INFO - Processing file /opt/airflow/dags/dl_fin_ratio_v2.py for tasks to queue
[2026-04-30T15:06:45.178+0000] {logging_mixin.py:188} INFO - [2026-04-30T15:06:45.178+0000] {dagbag.py:545} INFO - Filling up the DagBag from /opt/airflow/dags/dl_fin_ratio_v2.py
[2026-04-30T15:06:45.211+0000] {processor.py:840} INFO - DAG(s) 'fin_ratio_v2' retrieved from /opt/airflow/dags/dl_fin_ratio_v2.py
[2026-04-30T15:06:45.225+0000] {logging_mixin.py:188} INFO - [2026-04-30T15:06:45.224+0000] {dag.py:3089} INFO - Sync 1 DAGs
[2026-04-30T15:06:45.244+0000] {logging_mixin.py:188} INFO - [2026-04-30T15:06:45.244+0000] {dag.py:3947} INFO - Setting next_dagrun for fin_ratio_v2 to 2026-04-01 00:00:00+00:00, run_after=2026-05-01 00:00:00+00:00
[2026-04-30T15:06:45.261+0000] {processor.py:183} INFO - Processing /opt/airflow/dags/dl_fin_ratio_v2.py took 0.090 seconds
[2026-04-30T15:07:15.644+0000] {processor.py:161} INFO - Started process (PID=5468) to work on /opt/airflow/dags/dl_fin_ratio_v2.py
[2026-04-30T15:07:15.644+0000] {processor.py:830} INFO - Processing file /opt/airflow/dags/dl_fin_ratio_v2.py for tasks to queue
[2026-04-30T15:07:15.647+0000] {logging_mixin.py:188} INFO - [2026-04-30T15:07:15.646+0000] {dagbag.py:545} INFO - Filling up the DagBag from /opt/airflow/dags/dl_fin_ratio_v2.py
[2026-04-30T15:07:15.679+0000] {processor.py:840} INFO - DAG(s) 'fin_ratio_v2' retrieved from /opt/airflow/dags/dl_fin_ratio_v2.py
[2026-04-30T15:07:15.694+0000] {logging_mixin.py:188} INFO - [2026-04-30T15:07:15.694+0000] {dag.py:3089} INFO - Sync 1 DAGs
[2026-04-30T15:07:15.717+0000] {logging_mixin.py:188} INFO - [2026-04-30T15:07:15.717+0000] {dag.py:3947} INFO - Setting next_dagrun for fin_ratio_v2 to 2026-04-01 00:00:00+00:00, run_after=2026-05-01 00:00:00+00:00
[2026-04-30T15:07:15.735+0000] {processor.py:183} INFO - Processing /opt/airflow/dags/dl_fin_ratio_v2.py took 0.097 seconds
[2026-04-30T15:07:46.134+0000] {processor.py:161} INFO - Started process (PID=5493) to work on /opt/airflow/dags/dl_fin_ratio_v2.py
[2026-04-30T15:07:46.135+0000] {processor.py:830} INFO - Processing file /opt/airflow/dags/dl_fin_ratio_v2.py for tasks to queue
[2026-04-30T15:07:46.137+0000] {logging_mixin.py:188} INFO - [2026-04-30T15:07:46.136+0000] {dagbag.py:545} INFO - Filling up the DagBag from /opt/airflow/dags/dl_fin_ratio_v2.py
[2026-04-30T15:07:46.171+0000] {processor.py:840} INFO - DAG(s) 'fin_ratio_v2' retrieved from /opt/airflow/dags/dl_fin_ratio_v2.py
[2026-04-30T15:07:46.190+0000] {logging_mixin.py:188} INFO - [2026-04-30T15:07:46.190+0000] {dag.py:3089} INFO - Sync 1 DAGs
[2026-04-30T15:07:46.212+0000] {logging_mixin.py:188} INFO - [2026-04-30T15:07:46.211+0000] {dag.py:3947} INFO - Setting next_dagrun for fin_ratio_v2 to 2026-04-01 00:00:00+00:00, run_after=2026-05-01 00:00:00+00:00
[2026-04-30T15:07:46.228+0000] {processor.py:183} INFO - Processing /opt/airflow/dags/dl_fin_ratio_v2.py took 0.099 seconds
[2026-04-30T15:08:16.847+0000] {processor.py:161} INFO - Started process (PID=5518) to work on /opt/airflow/dags/dl_fin_ratio_v2.py
[2026-04-30T15:08:16.848+0000] {processor.py:830} INFO - Processing file /opt/airflow/dags/dl_fin_ratio_v2.py for tasks to queue
[2026-04-30T15:08:16.850+0000] {logging_mixin.py:188} INFO - [2026-04-30T15:08:16.849+0000] {dagbag.py:545} INFO - Filling up the DagBag from /opt/airflow/dags/dl_fin_ratio_v2.py
[2026-04-30T15:08:16.882+0000] {processor.py:840} INFO - DAG(s) 'fin_ratio_v2' retrieved from /opt/airflow/dags/dl_fin_ratio_v2.py
[2026-04-30T15:08:16.896+0000] {logging_mixin.py:188} INFO - [2026-04-30T15:08:16.895+0000] {dag.py:3089} INFO - Sync 1 DAGs
[2026-04-30T15:08:16.914+0000] {logging_mixin.py:188} INFO - [2026-04-30T15:08:16.914+0000] {dag.py:3947} INFO - Setting next_dagrun for fin_ratio_v2 to 2026-04-01 00:00:00+00:00, run_after=2026-05-01 00:00:00+00:00
[2026-04-30T15:08:16.932+0000] {processor.py:183} INFO - Processing /opt/airflow/dags/dl_fin_ratio_v2.py took 0.090 seconds
[2026-04-30T15:08:47.364+0000] {processor.py:161} INFO - Started process (PID=5543) to work on /opt/airflow/dags/dl_fin_ratio_v2.py
[2026-04-30T15:08:47.365+0000] {processor.py:830} INFO - Processing file /opt/airflow/dags/dl_fin_ratio_v2.py for tasks to queue
[2026-04-30T15:08:47.367+0000] {logging_mixin.py:188} INFO - [2026-04-30T15:08:47.367+0000] {dagbag.py:545} INFO - Filling up the DagBag from /opt/airflow/dags/dl_fin_ratio_v2.py
[2026-04-30T15:08:47.400+0000] {processor.py:840} INFO - DAG(s) 'fin_ratio_v2' retrieved from /opt/airflow/dags/dl_fin_ratio_v2.py
[2026-04-30T15:08:47.414+0000] {logging_mixin.py:188} INFO - [2026-04-30T15:08:47.413+0000] {dag.py:3089} INFO - Sync 1 DAGs
[2026-04-30T15:08:47.433+0000] {logging_mixin.py:188} INFO - [2026-04-30T15:08:47.433+0000] {dag.py:3947} INFO - Setting next_dagrun for fin_ratio_v2 to 2026-04-01 00:00:00+00:00, run_after=2026-05-01 00:00:00+00:00
[2026-04-30T15:08:47.449+0000] {processor.py:183} INFO - Processing /opt/airflow/dags/dl_fin_ratio_v2.py took 0.090 seconds
[2026-04-30T15:09:17.804+0000] {processor.py:161} INFO - Started process (PID=5568) to work on /opt/airflow/dags/dl_fin_ratio_v2.py
[2026-04-30T15:09:17.804+0000] {processor.py:830} INFO - Processing file /opt/airflow/dags/dl_fin_ratio_v2.py for tasks to queue
[2026-04-30T15:09:17.806+0000] {logging_mixin.py:188} INFO - [2026-04-30T15:09:17.806+0000] {dagbag.py:545} INFO - Filling up the DagBag from /opt/airflow/dags/dl_fin_ratio_v2.py
[2026-04-30T15:09:17.844+0000] {processor.py:840} INFO - DAG(s) 'fin_ratio_v2' retrieved from /opt/airflow/dags/dl_fin_ratio_v2.py
[2026-04-30T15:09:17.858+0000] {logging_mixin.py:188} INFO - [2026-04-30T15:09:17.858+0000] {dag.py:3089} INFO - Sync 1 DAGs
[2026-04-30T15:09:17.879+0000] {logging_mixin.py:188} INFO - [2026-04-30T15:09:17.879+0000] {dag.py:3947} INFO - Setting next_dagrun for fin_ratio_v2 to 2026-04-01 00:00:00+00:00, run_after=2026-05-01 00:00:00+00:00
[2026-04-30T15:09:17.896+0000] {processor.py:183} INFO - Processing /opt/airflow/dags/dl_fin_ratio_v2.py took 0.098 seconds
[2026-04-30T15:09:48.297+0000] {processor.py:161} INFO - Started process (PID=5593) to work on /opt/airflow/dags/dl_fin_ratio_v2.py
[2026-04-30T15:09:48.298+0000] {processor.py:830} INFO - Processing file /opt/airflow/dags/dl_fin_ratio_v2.py for tasks to queue
[2026-04-30T15:09:48.300+0000] {logging_mixin.py:188} INFO - [2026-04-30T15:09:48.300+0000] {dagbag.py:545} INFO - Filling up the DagBag from /opt/airflow/dags/dl_fin_ratio_v2.py
[2026-04-30T15:09:48.345+0000] {processor.py:840} INFO - DAG(s) 'fin_ratio_v2' retrieved from /opt/airflow/dags/dl_fin_ratio_v2.py
[2026-04-30T15:09:48.392+0000] {logging_mixin.py:188} INFO - [2026-04-30T15:09:48.391+0000] {dag.py:3089} INFO - Sync 1 DAGs
[2026-04-30T15:09:48.424+0000] {logging_mixin.py:188} INFO - [2026-04-30T15:09:48.423+0000] {dag.py:3947} INFO - Setting next_dagrun for fin_ratio_v2 to 2026-04-01 00:00:00+00:00, run_after=2026-05-01 00:00:00+00:00
[2026-04-30T15:09:48.449+0000] {processor.py:183} INFO - Processing /opt/airflow/dags/dl_fin_ratio_v2.py took 0.157 seconds
[2026-04-30T15:10:19.218+0000] {processor.py:161} INFO - Started process (PID=5618) to work on /opt/airflow/dags/dl_fin_ratio_v2.py
[2026-04-30T15:10:19.219+0000] {processor.py:830} INFO - Processing file /opt/airflow/dags/dl_fin_ratio_v2.py for tasks to queue
[2026-04-30T15:10:19.221+0000] {logging_mixin.py:188} INFO - [2026-04-30T15:10:19.221+0000] {dagbag.py:545} INFO - Filling up the DagBag from /opt/airflow/dags/dl_fin_ratio_v2.py
[2026-04-30T15:10:19.255+0000] {processor.py:840} INFO - DAG(s) 'fin_ratio_v2' retrieved from /opt/airflow/dags/dl_fin_ratio_v2.py
[2026-04-30T15:10:19.271+0000] {logging_mixin.py:188} INFO - [2026-04-30T15:10:19.271+0000] {dag.py:3089} INFO - Sync 1 DAGs
[2026-04-30T15:10:19.293+0000] {logging_mixin.py:188} INFO - [2026-04-30T15:10:19.292+0000] {dag.py:3947} INFO - Setting next_dagrun for fin_ratio_v2 to 2026-04-01 00:00:00+00:00, run_after=2026-05-01 00:00:00+00:00
[2026-04-30T15:10:19.311+0000] {processor.py:183} INFO - Processing /opt/airflow/dags/dl_fin_ratio_v2.py took 0.099 seconds
[2026-04-30T15:10:49.775+0000] {processor.py:161} INFO - Started process (PID=5643) to work on /opt/airflow/dags/dl_fin_ratio_v2.py
[2026-04-30T15:10:49.776+0000] {processor.py:830} INFO - Processing file /opt/airflow/dags/dl_fin_ratio_v2.py for tasks to queue
[2026-04-30T15:10:49.778+0000] {logging_mixin.py:188} INFO - [2026-04-30T15:10:49.778+0000] {dagbag.py:545} INFO - Filling up the DagBag from /opt/airflow/dags/dl_fin_ratio_v2.py
[2026-04-30T15:10:49.808+0000] {processor.py:840} INFO - DAG(s) 'fin_ratio_v2' retrieved from /opt/airflow/dags/dl_fin_ratio_v2.py
[2026-04-30T15:10:49.821+0000] {logging_mixin.py:188} INFO - [2026-04-30T15:10:49.821+0000] {dag.py:3089} INFO - Sync 1 DAGs
[2026-04-30T15:10:49.840+0000] {logging_mixin.py:188} INFO - [2026-04-30T15:10:49.840+0000] {dag.py:3947} INFO - Setting next_dagrun for fin_ratio_v2 to 2026-04-01 00:00:00+00:00, run_after=2026-05-01 00:00:00+00:00
[2026-04-30T15:10:49.859+0000] {processor.py:183} INFO - Processing /opt/airflow/dags/dl_fin_ratio_v2.py took 0.089 seconds
[2026-04-30T15:11:20.264+0000] {processor.py:161} INFO - Started process (PID=5668) to work on /opt/airflow/dags/dl_fin_ratio_v2.py
[2026-04-30T15:11:20.265+0000] {processor.py:830} INFO - Processing file /opt/airflow/dags/dl_fin_ratio_v2.py for tasks to queue
[2026-04-30T15:11:20.268+0000] {logging_mixin.py:188} INFO - [2026-04-30T15:11:20.267+0000] {dagbag.py:545} INFO - Filling up the DagBag from /opt/airflow/dags/dl_fin_ratio_v2.py
[2026-04-30T15:11:20.301+0000] {processor.py:840} INFO - DAG(s) 'fin_ratio_v2' retrieved from /opt/airflow/dags/dl_fin_ratio_v2.py
[2026-04-30T15:11:20.317+0000] {logging_mixin.py:188} INFO - [2026-04-30T15:11:20.317+0000] {dag.py:3089} INFO - Sync 1 DAGs
[2026-04-30T15:11:20.337+0000] {logging_mixin.py:188} INFO - [2026-04-30T15:11:20.337+0000] {dag.py:3947} INFO - Setting next_dagrun for fin_ratio_v2 to 2026-04-01 00:00:00+00:00, run_after=2026-05-01 00:00:00+00:00
[2026-04-30T15:11:20.355+0000] {processor.py:183} INFO - Processing /opt/airflow/dags/dl_fin_ratio_v2.py took 0.096 seconds
[2026-04-30T15:11:50.694+0000] {processor.py:161} INFO - Started process (PID=5693) to work on /opt/airflow/dags/dl_fin_ratio_v2.py
[2026-04-30T15:11:50.695+0000] {processor.py:830} INFO - Processing file /opt/airflow/dags/dl_fin_ratio_v2.py for tasks to queue
[2026-04-30T15:11:50.697+0000] {logging_mixin.py:188} INFO - [2026-04-30T15:11:50.696+0000] {dagbag.py:545} INFO - Filling up the DagBag from /opt/airflow/dags/dl_fin_ratio_v2.py
[2026-04-30T15:11:50.731+0000] {processor.py:840} INFO - DAG(s) 'fin_ratio_v2' retrieved from /opt/airflow/dags/dl_fin_ratio_v2.py
[2026-04-30T15:11:50.747+0000] {logging_mixin.py:188} INFO - [2026-04-30T15:11:50.747+0000] {dag.py:3089} INFO - Sync 1 DAGs
[2026-04-30T15:11:50.769+0000] {logging_mixin.py:188} INFO - [2026-04-30T15:11:50.768+0000] {dag.py:3947} INFO - Setting next_dagrun for fin_ratio_v2 to 2026-04-01 00:00:00+00:00, run_after=2026-05-01 00:00:00+00:00
[2026-04-30T15:11:50.785+0000] {processor.py:183} INFO - Processing /opt/airflow/dags/dl_fin_ratio_v2.py took 0.096 seconds
[2026-04-30T15:12:21.447+0000] {processor.py:161} INFO - Started process (PID=5724) to work on /opt/airflow/dags/dl_fin_ratio_v2.py
[2026-04-30T15:12:21.448+0000] {processor.py:830} INFO - Processing file /opt/airflow/dags/dl_fin_ratio_v2.py for tasks to queue
[2026-04-30T15:12:21.451+0000] {logging_mixin.py:188} INFO - [2026-04-30T15:12:21.450+0000] {dagbag.py:545} INFO - Filling up the DagBag from /opt/airflow/dags/dl_fin_ratio_v2.py
[2026-04-30T15:12:21.484+0000] {processor.py:840} INFO - DAG(s) 'fin_ratio_v2' retrieved from /opt/airflow/dags/dl_fin_ratio_v2.py
[2026-04-30T15:12:21.497+0000] {logging_mixin.py:188} INFO - [2026-04-30T15:12:21.497+0000] {dag.py:3089} INFO - Sync 1 DAGs
[2026-04-30T15:12:21.518+0000] {logging_mixin.py:188} INFO - [2026-04-30T15:12:21.518+0000] {dag.py:3947} INFO - Setting next_dagrun for fin_ratio_v2 to 2026-04-01 00:00:00+00:00, run_after=2026-05-01 00:00:00+00:00
[2026-04-30T15:12:21.535+0000] {processor.py:183} INFO - Processing /opt/airflow/dags/dl_fin_ratio_v2.py took 0.093 seconds
[2026-04-30T15:12:52.381+0000] {processor.py:161} INFO - Started process (PID=5749) to work on /opt/airflow/dags/dl_fin_ratio_v2.py
[2026-04-30T15:12:52.383+0000] {processor.py:830} INFO - Processing file /opt/airflow/dags/dl_fin_ratio_v2.py for tasks to queue
[2026-04-30T15:12:52.386+0000] {logging_mixin.py:188} INFO - [2026-04-30T15:12:52.386+0000] {dagbag.py:545} INFO - Filling up the DagBag from /opt/airflow/dags/dl_fin_ratio_v2.py
[2026-04-30T15:12:52.452+0000] {processor.py:840} INFO - DAG(s) 'fin_ratio_v2' retrieved from /opt/airflow/dags/dl_fin_ratio_v2.py
[2026-04-30T15:12:52.484+0000] {logging_mixin.py:188} INFO - [2026-04-30T15:12:52.484+0000] {dag.py:3089} INFO - Sync 1 DAGs
[2026-04-30T15:12:52.524+0000] {logging_mixin.py:188} INFO - [2026-04-30T15:12:52.524+0000] {dag.py:3947} INFO - Setting next_dagrun for fin_ratio_v2 to 2026-04-01 00:00:00+00:00, run_after=2026-05-01 00:00:00+00:00
[2026-04-30T15:12:52.562+0000] {processor.py:183} INFO - Processing /opt/airflow/dags/dl_fin_ratio_v2.py took 0.193 seconds
[2026-04-30T15:13:22.692+0000] {processor.py:161} INFO - Started process (PID=5774) to work on /opt/airflow/dags/dl_fin_ratio_v2.py
[2026-04-30T15:13:22.694+0000] {processor.py:830} INFO - Processing file /opt/airflow/dags/dl_fin_ratio_v2.py for tasks to queue
[2026-04-30T15:13:22.697+0000] {logging_mixin.py:188} INFO - [2026-04-30T15:13:22.696+0000] {dagbag.py:545} INFO - Filling up the DagBag from /opt/airflow/dags/dl_fin_ratio_v2.py
[2026-04-30T15:13:22.742+0000] {processor.py:840} INFO - DAG(s) 'fin_ratio_v2' retrieved from /opt/airflow/dags/dl_fin_ratio_v2.py
[2026-04-30T15:13:22.759+0000] {logging_mixin.py:188} INFO - [2026-04-30T15:13:22.759+0000] {dag.py:3089} INFO - Sync 1 DAGs
[2026-04-30T15:13:22.781+0000] {logging_mixin.py:188} INFO - [2026-04-30T15:13:22.781+0000] {dag.py:3947} INFO - Setting next_dagrun for fin_ratio_v2 to 2026-04-01 00:00:00+00:00, run_after=2026-05-01 00:00:00+00:00
[2026-04-30T15:13:22.804+0000] {processor.py:183} INFO - Processing /opt/airflow/dags/dl_fin_ratio_v2.py took 0.119 seconds
[2026-04-30T15:13:52.873+0000] {processor.py:161} INFO - Started process (PID=5799) to work on /opt/airflow/dags/dl_fin_ratio_v2.py
[2026-04-30T15:13:52.874+0000] {processor.py:830} INFO - Processing file /opt/airflow/dags/dl_fin_ratio_v2.py for tasks to queue
[2026-04-30T15:13:52.877+0000] {logging_mixin.py:188} INFO - [2026-04-30T15:13:52.877+0000] {dagbag.py:545} INFO - Filling up the DagBag from /opt/airflow/dags/dl_fin_ratio_v2.py
[2026-04-30T15:13:52.925+0000] {processor.py:840} INFO - DAG(s) 'fin_ratio_v2' retrieved from /opt/airflow/dags/dl_fin_ratio_v2.py
[2026-04-30T15:13:52.942+0000] {logging_mixin.py:188} INFO - [2026-04-30T15:13:52.942+0000] {dag.py:3089} INFO - Sync 1 DAGs
[2026-04-30T15:13:52.968+0000] {logging_mixin.py:188} INFO - [2026-04-30T15:13:52.968+0000] {dag.py:3947} INFO - Setting next_dagrun for fin_ratio_v2 to 2026-04-01 00:00:00+00:00, run_after=2026-05-01 00:00:00+00:00
[2026-04-30T15:13:52.989+0000] {processor.py:183} INFO - Processing /opt/airflow/dags/dl_fin_ratio_v2.py took 0.123 seconds
[2026-04-30T15:14:23.940+0000] {processor.py:161} INFO - Started process (PID=5824) to work on /opt/airflow/dags/dl_fin_ratio_v2.py
[2026-04-30T15:14:23.941+0000] {processor.py:830} INFO - Processing file /opt/airflow/dags/dl_fin_ratio_v2.py for tasks to queue
[2026-04-30T15:14:23.943+0000] {logging_mixin.py:188} INFO - [2026-04-30T15:14:23.943+0000] {dagbag.py:545} INFO - Filling up the DagBag from /opt/airflow/dags/dl_fin_ratio_v2.py
[2026-04-30T15:14:23.977+0000] {processor.py:840} INFO - DAG(s) 'fin_ratio_v2' retrieved from /opt/airflow/dags/dl_fin_ratio_v2.py
[2026-04-30T15:14:23.991+0000] {logging_mixin.py:188} INFO - [2026-04-30T15:14:23.991+0000] {dag.py:3089} INFO - Sync 1 DAGs
[2026-04-30T15:14:24.013+0000] {logging_mixin.py:188} INFO - [2026-04-30T15:14:24.013+0000] {dag.py:3947} INFO - Setting next_dagrun for fin_ratio_v2 to 2026-04-01 00:00:00+00:00, run_after=2026-05-01 00:00:00+00:00
[2026-04-30T15:14:24.030+0000] {processor.py:183} INFO - Processing /opt/airflow/dags/dl_fin_ratio_v2.py took 0.097 seconds
[2026-04-30T15:14:54.728+0000] {processor.py:161} INFO - Started process (PID=5849) to work on /opt/airflow/dags/dl_fin_ratio_v2.py
[2026-04-30T15:14:54.729+0000] {processor.py:830} INFO - Processing file /opt/airflow/dags/dl_fin_ratio_v2.py for tasks to queue
[2026-04-30T15:14:54.731+0000] {logging_mixin.py:188} INFO - [2026-04-30T15:14:54.731+0000] {dagbag.py:545} INFO - Filling up the DagBag from /opt/airflow/dags/dl_fin_ratio_v2.py
[2026-04-30T15:14:54.775+0000] {processor.py:840} INFO - DAG(s) 'fin_ratio_v2' retrieved from /opt/airflow/dags/dl_fin_ratio_v2.py
[2026-04-30T15:14:54.793+0000] {logging_mixin.py:188} INFO - [2026-04-30T15:14:54.793+0000] {dag.py:3089} INFO - Sync 1 DAGs
[2026-04-30T15:14:54.815+0000] {logging_mixin.py:188} INFO - [2026-04-30T15:14:54.814+0000] {dag.py:3947} INFO - Setting next_dagrun for fin_ratio_v2 to 2026-04-01 00:00:00+00:00, run_after=2026-05-01 00:00:00+00:00
[2026-04-30T15:14:54.838+0000] {processor.py:183} INFO - Processing /opt/airflow/dags/dl_fin_ratio_v2.py took 0.119 seconds
[2026-04-30T15:15:25.630+0000] {processor.py:161} INFO - Started process (PID=5874) to work on /opt/airflow/dags/dl_fin_ratio_v2.py
[2026-04-30T15:15:25.631+0000] {processor.py:830} INFO - Processing file /opt/airflow/dags/dl_fin_ratio_v2.py for tasks to queue
[2026-04-30T15:15:25.634+0000] {logging_mixin.py:188} INFO - [2026-04-30T15:15:25.634+0000] {dagbag.py:545} INFO - Filling up the DagBag from /opt/airflow/dags/dl_fin_ratio_v2.py
[2026-04-30T15:15:25.707+0000] {processor.py:840} INFO - DAG(s) 'fin_ratio_v2' retrieved from /opt/airflow/dags/dl_fin_ratio_v2.py
[2026-04-30T15:15:25.735+0000] {logging_mixin.py:188} INFO - [2026-04-30T15:15:25.734+0000] {dag.py:3089} INFO - Sync 1 DAGs
[2026-04-30T15:15:25.765+0000] {logging_mixin.py:188} INFO - [2026-04-30T15:15:25.765+0000] {dag.py:3947} INFO - Setting next_dagrun for fin_ratio_v2 to 2026-04-01 00:00:00+00:00, run_after=2026-05-01 00:00:00+00:00
[2026-04-30T15:15:25.790+0000] {processor.py:183} INFO - Processing /opt/airflow/dags/dl_fin_ratio_v2.py took 0.166 seconds
[2026-04-30T15:15:56.539+0000] {processor.py:161} INFO - Started process (PID=5899) to work on /opt/airflow/dags/dl_fin_ratio_v2.py
[2026-04-30T15:15:56.539+0000] {processor.py:830} INFO - Processing file /opt/airflow/dags/dl_fin_ratio_v2.py for tasks to queue
[2026-04-30T15:15:56.542+0000] {logging_mixin.py:188} INFO - [2026-04-30T15:15:56.541+0000] {dagbag.py:545} INFO - Filling up the DagBag from /opt/airflow/dags/dl_fin_ratio_v2.py
[2026-04-30T15:15:56.577+0000] {processor.py:840} INFO - DAG(s) 'fin_ratio_v2' retrieved from /opt/airflow/dags/dl_fin_ratio_v2.py
[2026-04-30T15:15:56.593+0000] {logging_mixin.py:188} INFO - [2026-04-30T15:15:56.593+0000] {dag.py:3089} INFO - Sync 1 DAGs
[2026-04-30T15:15:56.614+0000] {logging_mixin.py:188} INFO - [2026-04-30T15:15:56.613+0000] {dag.py:3947} INFO - Setting next_dagrun for fin_ratio_v2 to 2026-04-01 00:00:00+00:00, run_after=2026-05-01 00:00:00+00:00
[2026-04-30T15:15:56.630+0000] {processor.py:183} INFO - Processing /opt/airflow/dags/dl_fin_ratio_v2.py took 0.097 seconds
[2026-04-30T15:16:27.245+0000] {processor.py:161} INFO - Started process (PID=5925) to work on /opt/airflow/dags/dl_fin_ratio_v2.py
[2026-04-30T15:16:27.246+0000] {processor.py:830} INFO - Processing file /opt/airflow/dags/dl_fin_ratio_v2.py for tasks to queue
[2026-04-30T15:16:27.248+0000] {logging_mixin.py:188} INFO - [2026-04-30T15:16:27.248+0000] {dagbag.py:545} INFO - Filling up the DagBag from /opt/airflow/dags/dl_fin_ratio_v2.py
[2026-04-30T15:16:27.283+0000] {processor.py:840} INFO - DAG(s) 'fin_ratio_v2' retrieved from /opt/airflow/dags/dl_fin_ratio_v2.py
[2026-04-30T15:16:27.298+0000] {logging_mixin.py:188} INFO - [2026-04-30T15:16:27.297+0000] {dag.py:3089} INFO - Sync 1 DAGs
[2026-04-30T15:16:27.317+0000] {logging_mixin.py:188} INFO - [2026-04-30T15:16:27.317+0000] {dag.py:3947} INFO - Setting next_dagrun for fin_ratio_v2 to 2026-04-01 00:00:00+00:00, run_after=2026-05-01 00:00:00+00:00
[2026-04-30T15:16:27.333+0000] {processor.py:183} INFO - Processing /opt/airflow/dags/dl_fin_ratio_v2.py took 0.093 seconds
[2026-04-30T15:16:58.133+0000] {processor.py:161} INFO - Started process (PID=5950) to work on /opt/airflow/dags/dl_fin_ratio_v2.py
[2026-04-30T15:16:58.134+0000] {processor.py:830} INFO - Processing file /opt/airflow/dags/dl_fin_ratio_v2.py for tasks to queue
[2026-04-30T15:16:58.136+0000] {logging_mixin.py:188} INFO - [2026-04-30T15:16:58.136+0000] {dagbag.py:545} INFO - Filling up the DagBag from /opt/airflow/dags/dl_fin_ratio_v2.py
[2026-04-30T15:16:58.175+0000] {processor.py:840} INFO - DAG(s) 'fin_ratio_v2' retrieved from /opt/airflow/dags/dl_fin_ratio_v2.py
[2026-04-30T15:16:58.192+0000] {logging_mixin.py:188} INFO - [2026-04-30T15:16:58.192+0000] {dag.py:3089} INFO - Sync 1 DAGs
[2026-04-30T15:16:58.215+0000] {logging_mixin.py:188} INFO - [2026-04-30T15:16:58.214+0000] {dag.py:3947} INFO - Setting next_dagrun for fin_ratio_v2 to 2026-04-01 00:00:00+00:00, run_after=2026-05-01 00:00:00+00:00
[2026-04-30T15:16:58.478+0000] {processor.py:183} INFO - Processing /opt/airflow/dags/dl_fin_ratio_v2.py took 0.351 seconds
[2026-04-30T15:17:28.941+0000] {processor.py:161} INFO - Started process (PID=5975) to work on /opt/airflow/dags/dl_fin_ratio_v2.py
[2026-04-30T15:17:28.942+0000] {processor.py:830} INFO - Processing file /opt/airflow/dags/dl_fin_ratio_v2.py for tasks to queue
[2026-04-30T15:17:28.944+0000] {logging_mixin.py:188} INFO - [2026-04-30T15:17:28.944+0000] {dagbag.py:545} INFO - Filling up the DagBag from /opt/airflow/dags/dl_fin_ratio_v2.py
[2026-04-30T15:17:28.993+0000] {processor.py:840} INFO - DAG(s) 'fin_ratio_v2' retrieved from /opt/airflow/dags/dl_fin_ratio_v2.py
[2026-04-30T15:17:29.014+0000] {logging_mixin.py:188} INFO - [2026-04-30T15:17:29.013+0000] {dag.py:3089} INFO - Sync 1 DAGs
[2026-04-30T15:17:29.052+0000] {logging_mixin.py:188} INFO - [2026-04-30T15:17:29.052+0000] {dag.py:3947} INFO - Setting next_dagrun for fin_ratio_v2 to 2026-04-01 00:00:00+00:00, run_after=2026-05-01 00:00:00+00:00
[2026-04-30T15:17:29.084+0000] {processor.py:183} INFO - Processing /opt/airflow/dags/dl_fin_ratio_v2.py took 0.150 seconds
[2026-04-30T15:17:59.445+0000] {processor.py:161} INFO - Started process (PID=6000) to work on /opt/airflow/dags/dl_fin_ratio_v2.py
[2026-04-30T15:17:59.446+0000] {processor.py:830} INFO - Processing file /opt/airflow/dags/dl_fin_ratio_v2.py for tasks to queue
[2026-04-30T15:17:59.449+0000] {logging_mixin.py:188} INFO - [2026-04-30T15:17:59.449+0000] {dagbag.py:545} INFO - Filling up the DagBag from /opt/airflow/dags/dl_fin_ratio_v2.py
[2026-04-30T15:17:59.494+0000] {processor.py:840} INFO - DAG(s) 'fin_ratio_v2' retrieved from /opt/airflow/dags/dl_fin_ratio_v2.py
[2026-04-30T15:17:59.511+0000] {logging_mixin.py:188} INFO - [2026-04-30T15:17:59.511+0000] {dag.py:3089} INFO - Sync 1 DAGs
[2026-04-30T15:17:59.536+0000] {logging_mixin.py:188} INFO - [2026-04-30T15:17:59.536+0000] {dag.py:3947} INFO - Setting next_dagrun for fin_ratio_v2 to 2026-04-01 00:00:00+00:00, run_after=2026-05-01 00:00:00+00:00
[2026-04-30T15:17:59.557+0000] {processor.py:183} INFO - Processing /opt/airflow/dags/dl_fin_ratio_v2.py took 0.119 seconds
[2026-04-30T15:18:30.453+0000] {processor.py:161} INFO - Started process (PID=6025) to work on /opt/airflow/dags/dl_fin_ratio_v2.py
[2026-04-30T15:18:30.454+0000] {processor.py:830} INFO - Processing file /opt/airflow/dags/dl_fin_ratio_v2.py for tasks to queue
[2026-04-30T15:18:30.456+0000] {logging_mixin.py:188} INFO - [2026-04-30T15:18:30.456+0000] {dagbag.py:545} INFO - Filling up the DagBag from /opt/airflow/dags/dl_fin_ratio_v2.py
[2026-04-30T15:18:30.492+0000] {processor.py:840} INFO - DAG(s) 'fin_ratio_v2' retrieved from /opt/airflow/dags/dl_fin_ratio_v2.py
[2026-04-30T15:18:30.510+0000] {logging_mixin.py:188} INFO - [2026-04-30T15:18:30.509+0000] {dag.py:3089} INFO - Sync 1 DAGs
[2026-04-30T15:18:30.535+0000] {logging_mixin.py:188} INFO - [2026-04-30T15:18:30.535+0000] {dag.py:3947} INFO - Setting next_dagrun for fin_ratio_v2 to 2026-04-01 00:00:00+00:00, run_after=2026-05-01 00:00:00+00:00
[2026-04-30T15:18:30.559+0000] {processor.py:183} INFO - Processing /opt/airflow/dags/dl_fin_ratio_v2.py took 0.111 seconds
[2026-04-30T15:19:01.370+0000] {processor.py:161} INFO - Started process (PID=6050) to work on /opt/airflow/dags/dl_fin_ratio_v2.py
[2026-04-30T15:19:01.372+0000] {processor.py:830} INFO - Processing file /opt/airflow/dags/dl_fin_ratio_v2.py for tasks to queue
[2026-04-30T15:19:01.375+0000] {logging_mixin.py:188} INFO - [2026-04-30T15:19:01.375+0000] {dagbag.py:545} INFO - Filling up the DagBag from /opt/airflow/dags/dl_fin_ratio_v2.py
[2026-04-30T15:19:01.423+0000] {processor.py:840} INFO - DAG(s) 'fin_ratio_v2' retrieved from /opt/airflow/dags/dl_fin_ratio_v2.py
[2026-04-30T15:19:01.444+0000] {logging_mixin.py:188} INFO - [2026-04-30T15:19:01.443+0000] {dag.py:3089} INFO - Sync 1 DAGs
[2026-04-30T15:19:01.468+0000] {logging_mixin.py:188} INFO - [2026-04-30T15:19:01.468+0000] {dag.py:3947} INFO - Setting next_dagrun for fin_ratio_v2 to 2026-04-01 00:00:00+00:00, run_after=2026-05-01 00:00:00+00:00
[2026-04-30T15:19:01.487+0000] {processor.py:183} INFO - Processing /opt/airflow/dags/dl_fin_ratio_v2.py took 0.125 seconds
[2026-04-30T15:19:32.292+0000] {processor.py:161} INFO - Started process (PID=6075) to work on /opt/airflow/dags/dl_fin_ratio_v2.py
[2026-04-30T15:19:32.293+0000] {processor.py:830} INFO - Processing file /opt/airflow/dags/dl_fin_ratio_v2.py for tasks to queue
[2026-04-30T15:19:32.295+0000] {logging_mixin.py:188} INFO - [2026-04-30T15:19:32.295+0000] {dagbag.py:545} INFO - Filling up the DagBag from /opt/airflow/dags/dl_fin_ratio_v2.py
[2026-04-30T15:19:32.330+0000] {processor.py:840} INFO - DAG(s) 'fin_ratio_v2' retrieved from /opt/airflow/dags/dl_fin_ratio_v2.py
[2026-04-30T15:19:32.344+0000] {logging_mixin.py:188} INFO - [2026-04-30T15:19:32.343+0000] {dag.py:3089} INFO - Sync 1 DAGs
[2026-04-30T15:19:32.363+0000] {logging_mixin.py:188} INFO - [2026-04-30T15:19:32.363+0000] {dag.py:3947} INFO - Setting next_dagrun for fin_ratio_v2 to 2026-04-01 00:00:00+00:00, run_after=2026-05-01 00:00:00+00:00
[2026-04-30T15:19:32.382+0000] {processor.py:183} INFO - Processing /opt/airflow/dags/dl_fin_ratio_v2.py took 0.095 seconds
[2026-04-30T15:20:03.141+0000] {processor.py:161} INFO - Started process (PID=6100) to work on /opt/airflow/dags/dl_fin_ratio_v2.py
[2026-04-30T15:20:03.142+0000] {processor.py:830} INFO - Processing file /opt/airflow/dags/dl_fin_ratio_v2.py for tasks to queue
[2026-04-30T15:20:03.145+0000] {logging_mixin.py:188} INFO - [2026-04-30T15:20:03.144+0000] {dagbag.py:545} INFO - Filling up the DagBag from /opt/airflow/dags/dl_fin_ratio_v2.py
[2026-04-30T15:20:03.182+0000] {processor.py:840} INFO - DAG(s) 'fin_ratio_v2' retrieved from /opt/airflow/dags/dl_fin_ratio_v2.py
[2026-04-30T15:20:03.199+0000] {logging_mixin.py:188} INFO - [2026-04-30T15:20:03.199+0000] {dag.py:3089} INFO - Sync 1 DAGs
[2026-04-30T15:20:03.223+0000] {logging_mixin.py:188} INFO - [2026-04-30T15:20:03.223+0000] {dag.py:3947} INFO - Setting next_dagrun for fin_ratio_v2 to 2026-04-01 00:00:00+00:00, run_after=2026-05-01 00:00:00+00:00
[2026-04-30T15:20:03.243+0000] {processor.py:183} INFO - Processing /opt/airflow/dags/dl_fin_ratio_v2.py took 0.107 seconds
[2026-04-30T15:20:33.669+0000] {processor.py:161} INFO - Started process (PID=6125) to work on /opt/airflow/dags/dl_fin_ratio_v2.py
[2026-04-30T15:20:33.670+0000] {processor.py:830} INFO - Processing file /opt/airflow/dags/dl_fin_ratio_v2.py for tasks to queue
[2026-04-30T15:20:33.672+0000] {logging_mixin.py:188} INFO - [2026-04-30T15:20:33.671+0000] {dagbag.py:545} INFO - Filling up the DagBag from /opt/airflow/dags/dl_fin_ratio_v2.py
[2026-04-30T15:20:33.706+0000] {processor.py:840} INFO - DAG(s) 'fin_ratio_v2' retrieved from /opt/airflow/dags/dl_fin_ratio_v2.py
[2026-04-30T15:20:33.720+0000] {logging_mixin.py:188} INFO - [2026-04-30T15:20:33.720+0000] {dag.py:3089} INFO - Sync 1 DAGs
[2026-04-30T15:20:33.745+0000] {logging_mixin.py:188} INFO - [2026-04-30T15:20:33.745+0000] {dag.py:3947} INFO - Setting next_dagrun for fin_ratio_v2 to 2026-04-01 00:00:00+00:00, run_after=2026-05-01 00:00:00+00:00
[2026-04-30T15:20:33.762+0000] {processor.py:183} INFO - Processing /opt/airflow/dags/dl_fin_ratio_v2.py took 0.099 seconds
[2026-04-30T15:21:04.078+0000] {processor.py:161} INFO - Started process (PID=6150) to work on /opt/airflow/dags/dl_fin_ratio_v2.py
[2026-04-30T15:21:04.079+0000] {processor.py:830} INFO - Processing file /opt/airflow/dags/dl_fin_ratio_v2.py for tasks to queue
[2026-04-30T15:21:04.081+0000] {logging_mixin.py:188} INFO - [2026-04-30T15:21:04.080+0000] {dagbag.py:545} INFO - Filling up the DagBag from /opt/airflow/dags/dl_fin_ratio_v2.py
[2026-04-30T15:21:04.113+0000] {processor.py:840} INFO - DAG(s) 'fin_ratio_v2' retrieved from /opt/airflow/dags/dl_fin_ratio_v2.py
[2026-04-30T15:21:04.127+0000] {logging_mixin.py:188} INFO - [2026-04-30T15:21:04.126+0000] {dag.py:3089} INFO - Sync 1 DAGs
[2026-04-30T15:21:04.146+0000] {logging_mixin.py:188} INFO - [2026-04-30T15:21:04.146+0000] {dag.py:3947} INFO - Setting next_dagrun for fin_ratio_v2 to 2026-04-01 00:00:00+00:00, run_after=2026-05-01 00:00:00+00:00
[2026-04-30T15:21:04.162+0000] {processor.py:183} INFO - Processing /opt/airflow/dags/dl_fin_ratio_v2.py took 0.090 seconds
[2026-04-30T15:21:34.751+0000] {processor.py:161} INFO - Started process (PID=6175) to work on /opt/airflow/dags/dl_fin_ratio_v2.py
[2026-04-30T15:21:34.752+0000] {processor.py:830} INFO - Processing file /opt/airflow/dags/dl_fin_ratio_v2.py for tasks to queue
[2026-04-30T15:21:34.754+0000] {logging_mixin.py:188} INFO - [2026-04-30T15:21:34.754+0000] {dagbag.py:545} INFO - Filling up the DagBag from /opt/airflow/dags/dl_fin_ratio_v2.py
[2026-04-30T15:21:34.788+0000] {processor.py:840} INFO - DAG(s) 'fin_ratio_v2' retrieved from /opt/airflow/dags/dl_fin_ratio_v2.py
[2026-04-30T15:21:34.804+0000] {logging_mixin.py:188} INFO - [2026-04-30T15:21:34.804+0000] {dag.py:3089} INFO - Sync 1 DAGs
[2026-04-30T15:21:34.828+0000] {logging_mixin.py:188} INFO - [2026-04-30T15:21:34.828+0000] {dag.py:3947} INFO - Setting next_dagrun for fin_ratio_v2 to 2026-04-01 00:00:00+00:00, run_after=2026-05-01 00:00:00+00:00
[2026-04-30T15:21:34.848+0000] {processor.py:183} INFO - Processing /opt/airflow/dags/dl_fin_ratio_v2.py took 0.102 seconds
[2026-04-30T15:22:05.362+0000] {processor.py:161} INFO - Started process (PID=6201) to work on /opt/airflow/dags/dl_fin_ratio_v2.py
[2026-04-30T15:22:05.364+0000] {processor.py:830} INFO - Processing file /opt/airflow/dags/dl_fin_ratio_v2.py for tasks to queue
[2026-04-30T15:22:05.367+0000] {logging_mixin.py:188} INFO - [2026-04-30T15:22:05.366+0000] {dagbag.py:545} INFO - Filling up the DagBag from /opt/airflow/dags/dl_fin_ratio_v2.py
[2026-04-30T15:22:05.403+0000] {processor.py:840} INFO - DAG(s) 'fin_ratio_v2' retrieved from /opt/airflow/dags/dl_fin_ratio_v2.py
[2026-04-30T15:22:05.419+0000] {logging_mixin.py:188} INFO - [2026-04-30T15:22:05.418+0000] {dag.py:3089} INFO - Sync 1 DAGs
[2026-04-30T15:22:05.442+0000] {logging_mixin.py:188} INFO - [2026-04-30T15:22:05.442+0000] {dag.py:3947} INFO - Setting next_dagrun for fin_ratio_v2 to 2026-04-01 00:00:00+00:00, run_after=2026-05-01 00:00:00+00:00
[2026-04-30T15:22:05.463+0000] {processor.py:183} INFO - Processing /opt/airflow/dags/dl_fin_ratio_v2.py took 0.107 seconds
[2026-04-30T15:22:36.088+0000] {processor.py:161} INFO - Started process (PID=6226) to work on /opt/airflow/dags/dl_fin_ratio_v2.py
[2026-04-30T15:22:36.088+0000] {processor.py:830} INFO - Processing file /opt/airflow/dags/dl_fin_ratio_v2.py for tasks to queue
[2026-04-30T15:22:36.091+0000] {logging_mixin.py:188} INFO - [2026-04-30T15:22:36.090+0000] {dagbag.py:545} INFO - Filling up the DagBag from /opt/airflow/dags/dl_fin_ratio_v2.py
[2026-04-30T15:22:36.124+0000] {processor.py:840} INFO - DAG(s) 'fin_ratio_v2' retrieved from /opt/airflow/dags/dl_fin_ratio_v2.py
[2026-04-30T15:22:36.138+0000] {logging_mixin.py:188} INFO - [2026-04-30T15:22:36.138+0000] {dag.py:3089} INFO - Sync 1 DAGs
[2026-04-30T15:22:36.159+0000] {logging_mixin.py:188} INFO - [2026-04-30T15:22:36.159+0000] {dag.py:3947} INFO - Setting next_dagrun for fin_ratio_v2 to 2026-04-01 00:00:00+00:00, run_after=2026-05-01 00:00:00+00:00
[2026-04-30T15:22:36.176+0000] {processor.py:183} INFO - Processing /opt/airflow/dags/dl_fin_ratio_v2.py took 0.094 seconds
[2026-04-30T15:23:07.165+0000] {processor.py:161} INFO - Started process (PID=6251) to work on /opt/airflow/dags/dl_fin_ratio_v2.py
[2026-04-30T15:23:07.166+0000] {processor.py:830} INFO - Processing file /opt/airflow/dags/dl_fin_ratio_v2.py for tasks to queue
[2026-04-30T15:23:07.169+0000] {logging_mixin.py:188} INFO - [2026-04-30T15:23:07.169+0000] {dagbag.py:545} INFO - Filling up the DagBag from /opt/airflow/dags/dl_fin_ratio_v2.py
[2026-04-30T15:23:07.216+0000] {processor.py:840} INFO - DAG(s) 'fin_ratio_v2' retrieved from /opt/airflow/dags/dl_fin_ratio_v2.py
[2026-04-30T15:23:07.234+0000] {logging_mixin.py:188} INFO - [2026-04-30T15:23:07.234+0000] {dag.py:3089} INFO - Sync 1 DAGs
[2026-04-30T15:23:07.258+0000] {logging_mixin.py:188} INFO - [2026-04-30T15:23:07.258+0000] {dag.py:3947} INFO - Setting next_dagrun for fin_ratio_v2 to 2026-04-01 00:00:00+00:00, run_after=2026-05-01 00:00:00+00:00
[2026-04-30T15:23:07.280+0000] {processor.py:183} INFO - Processing /opt/airflow/dags/dl_fin_ratio_v2.py took 0.124 seconds
[2026-04-30T15:23:38.125+0000] {processor.py:161} INFO - Started process (PID=6277) to work on /opt/airflow/dags/dl_fin_ratio_v2.py
[2026-04-30T15:23:38.126+0000] {processor.py:830} INFO - Processing file /opt/airflow/dags/dl_fin_ratio_v2.py for tasks to queue
[2026-04-30T15:23:38.128+0000] {logging_mixin.py:188} INFO - [2026-04-30T15:23:38.128+0000] {dagbag.py:545} INFO - Filling up the DagBag from /opt/airflow/dags/dl_fin_ratio_v2.py
[2026-04-30T15:23:38.161+0000] {processor.py:840} INFO - DAG(s) 'fin_ratio_v2' retrieved from /opt/airflow/dags/dl_fin_ratio_v2.py
[2026-04-30T15:23:38.178+0000] {logging_mixin.py:188} INFO - [2026-04-30T15:23:38.177+0000] {dag.py:3089} INFO - Sync 1 DAGs
[2026-04-30T15:23:38.198+0000] {logging_mixin.py:188} INFO - [2026-04-30T15:23:38.198+0000] {dag.py:3947} INFO - Setting next_dagrun for fin_ratio_v2 to 2026-04-01 00:00:00+00:00, run_after=2026-05-01 00:00:00+00:00
[2026-04-30T15:23:38.214+0000] {processor.py:183} INFO - Processing /opt/airflow/dags/dl_fin_ratio_v2.py took 0.094 seconds
[2026-04-30T15:24:08.884+0000] {processor.py:161} INFO - Started process (PID=6302) to work on /opt/airflow/dags/dl_fin_ratio_v2.py
[2026-04-30T15:24:08.885+0000] {processor.py:830} INFO - Processing file /opt/airflow/dags/dl_fin_ratio_v2.py for tasks to queue
[2026-04-30T15:24:08.887+0000] {logging_mixin.py:188} INFO - [2026-04-30T15:24:08.887+0000] {dagbag.py:545} INFO - Filling up the DagBag from /opt/airflow/dags/dl_fin_ratio_v2.py
[2026-04-30T15:24:08.921+0000] {processor.py:840} INFO - DAG(s) 'fin_ratio_v2' retrieved from /opt/airflow/dags/dl_fin_ratio_v2.py
[2026-04-30T15:24:08.937+0000] {logging_mixin.py:188} INFO - [2026-04-30T15:24:08.937+0000] {dag.py:3089} INFO - Sync 1 DAGs
[2026-04-30T15:24:08.960+0000] {logging_mixin.py:188} INFO - [2026-04-30T15:24:08.960+0000] {dag.py:3947} INFO - Setting next_dagrun for fin_ratio_v2 to 2026-04-01 00:00:00+00:00, run_after=2026-05-01 00:00:00+00:00
[2026-04-30T15:24:08.980+0000] {processor.py:183} INFO - Processing /opt/airflow/dags/dl_fin_ratio_v2.py took 0.101 seconds
[2026-04-30T15:24:39.581+0000] {processor.py:161} INFO - Started process (PID=6327) to work on /opt/airflow/dags/dl_fin_ratio_v2.py
[2026-04-30T15:24:39.582+0000] {processor.py:830} INFO - Processing file /opt/airflow/dags/dl_fin_ratio_v2.py for tasks to queue
[2026-04-30T15:24:39.585+0000] {logging_mixin.py:188} INFO - [2026-04-30T15:24:39.585+0000] {dagbag.py:545} INFO - Filling up the DagBag from /opt/airflow/dags/dl_fin_ratio_v2.py
[2026-04-30T15:24:39.638+0000] {processor.py:840} INFO - DAG(s) 'fin_ratio_v2' retrieved from /opt/airflow/dags/dl_fin_ratio_v2.py
[2026-04-30T15:24:39.658+0000] {logging_mixin.py:188} INFO - [2026-04-30T15:24:39.658+0000] {dag.py:3089} INFO - Sync 1 DAGs
[2026-04-30T15:24:39.687+0000] {logging_mixin.py:188} INFO - [2026-04-30T15:24:39.687+0000] {dag.py:3947} INFO - Setting next_dagrun for fin_ratio_v2 to 2026-04-01 00:00:00+00:00, run_after=2026-05-01 00:00:00+00:00
[2026-04-30T15:24:39.714+0000] {processor.py:183} INFO - Processing /opt/airflow/dags/dl_fin_ratio_v2.py took 0.143 seconds
[2026-04-30T15:25:10.355+0000] {processor.py:161} INFO - Started process (PID=6352) to work on /opt/airflow/dags/dl_fin_ratio_v2.py
[2026-04-30T15:25:10.355+0000] {processor.py:830} INFO - Processing file /opt/airflow/dags/dl_fin_ratio_v2.py for tasks to queue
[2026-04-30T15:25:10.358+0000] {logging_mixin.py:188} INFO - [2026-04-30T15:25:10.357+0000] {dagbag.py:545} INFO - Filling up the DagBag from /opt/airflow/dags/dl_fin_ratio_v2.py
[2026-04-30T15:25:10.390+0000] {processor.py:840} INFO - DAG(s) 'fin_ratio_v2' retrieved from /opt/airflow/dags/dl_fin_ratio_v2.py
[2026-04-30T15:25:10.405+0000] {logging_mixin.py:188} INFO - [2026-04-30T15:25:10.404+0000] {dag.py:3089} INFO - Sync 1 DAGs
[2026-04-30T15:25:10.424+0000] {logging_mixin.py:188} INFO - [2026-04-30T15:25:10.424+0000] {dag.py:3947} INFO - Setting next_dagrun for fin_ratio_v2 to 2026-04-01 00:00:00+00:00, run_after=2026-05-01 00:00:00+00:00
[2026-04-30T15:25:10.441+0000] {processor.py:183} INFO - Processing /opt/airflow/dags/dl_fin_ratio_v2.py took 0.092 seconds
[2026-04-30T15:25:40.958+0000] {processor.py:161} INFO - Started process (PID=6378) to work on /opt/airflow/dags/dl_fin_ratio_v2.py
[2026-04-30T15:25:40.959+0000] {processor.py:830} INFO - Processing file /opt/airflow/dags/dl_fin_ratio_v2.py for tasks to queue
[2026-04-30T15:25:40.961+0000] {logging_mixin.py:188} INFO - [2026-04-30T15:25:40.961+0000] {dagbag.py:545} INFO - Filling up the DagBag from /opt/airflow/dags/dl_fin_ratio_v2.py
[2026-04-30T15:25:40.993+0000] {processor.py:840} INFO - DAG(s) 'fin_ratio_v2' retrieved from /opt/airflow/dags/dl_fin_ratio_v2.py
[2026-04-30T15:25:41.008+0000] {logging_mixin.py:188} INFO - [2026-04-30T15:25:41.008+0000] {dag.py:3089} INFO - Sync 1 DAGs
[2026-04-30T15:25:41.030+0000] {logging_mixin.py:188} INFO - [2026-04-30T15:25:41.030+0000] {dag.py:3947} INFO - Setting next_dagrun for fin_ratio_v2 to 2026-04-01 00:00:00+00:00, run_after=2026-05-01 00:00:00+00:00
[2026-04-30T15:25:41.049+0000] {processor.py:183} INFO - Processing /opt/airflow/dags/dl_fin_ratio_v2.py took 0.096 seconds
[2026-04-30T15:26:11.625+0000] {processor.py:161} INFO - Started process (PID=6403) to work on /opt/airflow/dags/dl_fin_ratio_v2.py
[2026-04-30T15:26:11.626+0000] {processor.py:830} INFO - Processing file /opt/airflow/dags/dl_fin_ratio_v2.py for tasks to queue
[2026-04-30T15:26:11.628+0000] {logging_mixin.py:188} INFO - [2026-04-30T15:26:11.628+0000] {dagbag.py:545} INFO - Filling up the DagBag from /opt/airflow/dags/dl_fin_ratio_v2.py
[2026-04-30T15:26:11.660+0000] {processor.py:840} INFO - DAG(s) 'fin_ratio_v2' retrieved from /opt/airflow/dags/dl_fin_ratio_v2.py
[2026-04-30T15:26:11.674+0000] {logging_mixin.py:188} INFO - [2026-04-30T15:26:11.674+0000] {dag.py:3089} INFO - Sync 1 DAGs
[2026-04-30T15:26:11.693+0000] {logging_mixin.py:188} INFO - [2026-04-30T15:26:11.693+0000] {dag.py:3947} INFO - Setting next_dagrun for fin_ratio_v2 to 2026-04-01 00:00:00+00:00, run_after=2026-05-01 00:00:00+00:00
[2026-04-30T15:26:11.709+0000] {processor.py:183} INFO - Processing /opt/airflow/dags/dl_fin_ratio_v2.py took 0.090 seconds
[2026-04-30T15:26:42.272+0000] {processor.py:161} INFO - Started process (PID=6428) to work on /opt/airflow/dags/dl_fin_ratio_v2.py
[2026-04-30T15:26:42.273+0000] {processor.py:830} INFO - Processing file /opt/airflow/dags/dl_fin_ratio_v2.py for tasks to queue
[2026-04-30T15:26:42.275+0000] {logging_mixin.py:188} INFO - [2026-04-30T15:26:42.275+0000] {dagbag.py:545} INFO - Filling up the DagBag from /opt/airflow/dags/dl_fin_ratio_v2.py
[2026-04-30T15:26:42.307+0000] {processor.py:840} INFO - DAG(s) 'fin_ratio_v2' retrieved from /opt/airflow/dags/dl_fin_ratio_v2.py
[2026-04-30T15:26:42.322+0000] {logging_mixin.py:188} INFO - [2026-04-30T15:26:42.322+0000] {dag.py:3089} INFO - Sync 1 DAGs
[2026-04-30T15:26:42.342+0000] {logging_mixin.py:188} INFO - [2026-04-30T15:26:42.342+0000] {dag.py:3947} INFO - Setting next_dagrun for fin_ratio_v2 to 2026-04-01 00:00:00+00:00, run_after=2026-05-01 00:00:00+00:00
[2026-04-30T15:26:42.361+0000] {processor.py:183} INFO - Processing /opt/airflow/dags/dl_fin_ratio_v2.py took 0.093 seconds
[2026-04-30T15:27:12.958+0000] {processor.py:161} INFO - Started process (PID=6453) to work on /opt/airflow/dags/dl_fin_ratio_v2.py
[2026-04-30T15:27:12.959+0000] {processor.py:830} INFO - Processing file /opt/airflow/dags/dl_fin_ratio_v2.py for tasks to queue
[2026-04-30T15:27:12.962+0000] {logging_mixin.py:188} INFO - [2026-04-30T15:27:12.961+0000] {dagbag.py:545} INFO - Filling up the DagBag from /opt/airflow/dags/dl_fin_ratio_v2.py
[2026-04-30T15:27:13.000+0000] {processor.py:840} INFO - DAG(s) 'fin_ratio_v2' retrieved from /opt/airflow/dags/dl_fin_ratio_v2.py
[2026-04-30T15:27:13.018+0000] {logging_mixin.py:188} INFO - [2026-04-30T15:27:13.017+0000] {dag.py:3089} INFO - Sync 1 DAGs
[2026-04-30T15:27:13.040+0000] {logging_mixin.py:188} INFO - [2026-04-30T15:27:13.040+0000] {dag.py:3947} INFO - Setting next_dagrun for fin_ratio_v2 to 2026-04-01 00:00:00+00:00, run_after=2026-05-01 00:00:00+00:00
[2026-04-30T15:27:13.058+0000] {processor.py:183} INFO - Processing /opt/airflow/dags/dl_fin_ratio_v2.py took 0.108 seconds
[2026-04-30T15:27:43.650+0000] {processor.py:161} INFO - Started process (PID=6478) to work on /opt/airflow/dags/dl_fin_ratio_v2.py
[2026-04-30T15:27:43.651+0000] {processor.py:830} INFO - Processing file /opt/airflow/dags/dl_fin_ratio_v2.py for tasks to queue
[2026-04-30T15:27:43.653+0000] {logging_mixin.py:188} INFO - [2026-04-30T15:27:43.653+0000] {dagbag.py:545} INFO - Filling up the DagBag from /opt/airflow/dags/dl_fin_ratio_v2.py
[2026-04-30T15:27:43.687+0000] {processor.py:840} INFO - DAG(s) 'fin_ratio_v2' retrieved from /opt/airflow/dags/dl_fin_ratio_v2.py
[2026-04-30T15:27:43.706+0000] {logging_mixin.py:188} INFO - [2026-04-30T15:27:43.706+0000] {dag.py:3089} INFO - Sync 1 DAGs
[2026-04-30T15:27:43.733+0000] {logging_mixin.py:188} INFO - [2026-04-30T15:27:43.733+0000] {dag.py:3947} INFO - Setting next_dagrun for fin_ratio_v2 to 2026-04-01 00:00:00+00:00, run_after=2026-05-01 00:00:00+00:00
[2026-04-30T15:27:43.755+0000] {processor.py:183} INFO - Processing /opt/airflow/dags/dl_fin_ratio_v2.py took 0.110 seconds
[2026-04-30T15:28:14.589+0000] {processor.py:161} INFO - Started process (PID=6504) to work on /opt/airflow/dags/dl_fin_ratio_v2.py
[2026-04-30T15:28:14.590+0000] {processor.py:830} INFO - Processing file /opt/airflow/dags/dl_fin_ratio_v2.py for tasks to queue
[2026-04-30T15:28:14.592+0000] {logging_mixin.py:188} INFO - [2026-04-30T15:28:14.592+0000] {dagbag.py:545} INFO - Filling up the DagBag from /opt/airflow/dags/dl_fin_ratio_v2.py
[2026-04-30T15:28:14.626+0000] {processor.py:840} INFO - DAG(s) 'fin_ratio_v2' retrieved from /opt/airflow/dags/dl_fin_ratio_v2.py
[2026-04-30T15:28:14.640+0000] {logging_mixin.py:188} INFO - [2026-04-30T15:28:14.640+0000] {dag.py:3089} INFO - Sync 1 DAGs
[2026-04-30T15:28:14.660+0000] {logging_mixin.py:188} INFO - [2026-04-30T15:28:14.660+0000] {dag.py:3947} INFO - Setting next_dagrun for fin_ratio_v2 to 2026-04-01 00:00:00+00:00, run_after=2026-05-01 00:00:00+00:00
[2026-04-30T15:28:14.679+0000] {processor.py:183} INFO - Processing /opt/airflow/dags/dl_fin_ratio_v2.py took 0.094 seconds
[2026-04-30T15:28:45.222+0000] {processor.py:161} INFO - Started process (PID=6529) to work on /opt/airflow/dags/dl_fin_ratio_v2.py
[2026-04-30T15:28:45.223+0000] {processor.py:830} INFO - Processing file /opt/airflow/dags/dl_fin_ratio_v2.py for tasks to queue
[2026-04-30T15:28:45.225+0000] {logging_mixin.py:188} INFO - [2026-04-30T15:28:45.225+0000] {dagbag.py:545} INFO - Filling up the DagBag from /opt/airflow/dags/dl_fin_ratio_v2.py
[2026-04-30T15:28:45.256+0000] {processor.py:840} INFO - DAG(s) 'fin_ratio_v2' retrieved from /opt/airflow/dags/dl_fin_ratio_v2.py
[2026-04-30T15:28:45.269+0000] {logging_mixin.py:188} INFO - [2026-04-30T15:28:45.269+0000] {dag.py:3089} INFO - Sync 1 DAGs
[2026-04-30T15:28:45.288+0000] {logging_mixin.py:188} INFO - [2026-04-30T15:28:45.288+0000] {dag.py:3947} INFO - Setting next_dagrun for fin_ratio_v2 to 2026-04-01 00:00:00+00:00, run_after=2026-05-01 00:00:00+00:00
[2026-04-30T15:28:45.306+0000] {processor.py:183} INFO - Processing /opt/airflow/dags/dl_fin_ratio_v2.py took 0.088 seconds
[2026-04-30T15:29:16.065+0000] {processor.py:161} INFO - Started process (PID=6554) to work on /opt/airflow/dags/dl_fin_ratio_v2.py
[2026-04-30T15:29:16.066+0000] {processor.py:830} INFO - Processing file /opt/airflow/dags/dl_fin_ratio_v2.py for tasks to queue
[2026-04-30T15:29:16.068+0000] {logging_mixin.py:188} INFO - [2026-04-30T15:29:16.068+0000] {dagbag.py:545} INFO - Filling up the DagBag from /opt/airflow/dags/dl_fin_ratio_v2.py
[2026-04-30T15:29:16.100+0000] {processor.py:840} INFO - DAG(s) 'fin_ratio_v2' retrieved from /opt/airflow/dags/dl_fin_ratio_v2.py
[2026-04-30T15:29:16.115+0000] {logging_mixin.py:188} INFO - [2026-04-30T15:29:16.114+0000] {dag.py:3089} INFO - Sync 1 DAGs
[2026-04-30T15:29:16.135+0000] {logging_mixin.py:188} INFO - [2026-04-30T15:29:16.135+0000] {dag.py:3947} INFO - Setting next_dagrun for fin_ratio_v2 to 2026-04-01 00:00:00+00:00, run_after=2026-05-01 00:00:00+00:00
[2026-04-30T15:29:16.153+0000] {processor.py:183} INFO - Processing /opt/airflow/dags/dl_fin_ratio_v2.py took 0.093 seconds
[2026-04-30T15:29:46.705+0000] {processor.py:161} INFO - Started process (PID=6579) to work on /opt/airflow/dags/dl_fin_ratio_v2.py
[2026-04-30T15:29:46.706+0000] {processor.py:830} INFO - Processing file /opt/airflow/dags/dl_fin_ratio_v2.py for tasks to queue
[2026-04-30T15:29:46.708+0000] {logging_mixin.py:188} INFO - [2026-04-30T15:29:46.708+0000] {dagbag.py:545} INFO - Filling up the DagBag from /opt/airflow/dags/dl_fin_ratio_v2.py
[2026-04-30T15:29:46.744+0000] {processor.py:840} INFO - DAG(s) 'fin_ratio_v2' retrieved from /opt/airflow/dags/dl_fin_ratio_v2.py
[2026-04-30T15:29:46.762+0000] {logging_mixin.py:188} INFO - [2026-04-30T15:29:46.761+0000] {dag.py:3089} INFO - Sync 1 DAGs
[2026-04-30T15:29:46.786+0000] {logging_mixin.py:188} INFO - [2026-04-30T15:29:46.785+0000] {dag.py:3947} INFO - Setting next_dagrun for fin_ratio_v2 to 2026-04-01 00:00:00+00:00, run_after=2026-05-01 00:00:00+00:00
[2026-04-30T15:29:46.803+0000] {processor.py:183} INFO - Processing /opt/airflow/dags/dl_fin_ratio_v2.py took 0.104 seconds
[2026-04-30T15:30:17.461+0000] {processor.py:161} INFO - Started process (PID=6604) to work on /opt/airflow/dags/dl_fin_ratio_v2.py
[2026-04-30T15:30:17.462+0000] {processor.py:830} INFO - Processing file /opt/airflow/dags/dl_fin_ratio_v2.py for tasks to queue
[2026-04-30T15:30:17.464+0000] {logging_mixin.py:188} INFO - [2026-04-30T15:30:17.463+0000] {dagbag.py:545} INFO - Filling up the DagBag from /opt/airflow/dags/dl_fin_ratio_v2.py
[2026-04-30T15:30:17.495+0000] {processor.py:840} INFO - DAG(s) 'fin_ratio_v2' retrieved from /opt/airflow/dags/dl_fin_ratio_v2.py
[2026-04-30T15:30:17.511+0000] {logging_mixin.py:188} INFO - [2026-04-30T15:30:17.511+0000] {dag.py:3089} INFO - Sync 1 DAGs
[2026-04-30T15:30:17.532+0000] {logging_mixin.py:188} INFO - [2026-04-30T15:30:17.532+0000] {dag.py:3947} INFO - Setting next_dagrun for fin_ratio_v2 to 2026-04-01 00:00:00+00:00, run_after=2026-05-01 00:00:00+00:00
[2026-04-30T15:30:17.550+0000] {processor.py:183} INFO - Processing /opt/airflow/dags/dl_fin_ratio_v2.py took 0.094 seconds
[2026-04-30T15:30:48.041+0000] {processor.py:161} INFO - Started process (PID=6629) to work on /opt/airflow/dags/dl_fin_ratio_v2.py
[2026-04-30T15:30:48.042+0000] {processor.py:830} INFO - Processing file /opt/airflow/dags/dl_fin_ratio_v2.py for tasks to queue
[2026-04-30T15:30:48.044+0000] {logging_mixin.py:188} INFO - [2026-04-30T15:30:48.044+0000] {dagbag.py:545} INFO - Filling up the DagBag from /opt/airflow/dags/dl_fin_ratio_v2.py
[2026-04-30T15:30:48.077+0000] {processor.py:840} INFO - DAG(s) 'fin_ratio_v2' retrieved from /opt/airflow/dags/dl_fin_ratio_v2.py
[2026-04-30T15:30:48.091+0000] {logging_mixin.py:188} INFO - [2026-04-30T15:30:48.091+0000] {dag.py:3089} INFO - Sync 1 DAGs
[2026-04-30T15:30:48.110+0000] {logging_mixin.py:188} INFO - [2026-04-30T15:30:48.110+0000] {dag.py:3947} INFO - Setting next_dagrun for fin_ratio_v2 to 2026-04-01 00:00:00+00:00, run_after=2026-05-01 00:00:00+00:00
[2026-04-30T15:30:48.129+0000] {processor.py:183} INFO - Processing /opt/airflow/dags/dl_fin_ratio_v2.py took 0.094 seconds
[2026-04-30T15:31:18.775+0000] {processor.py:161} INFO - Started process (PID=6654) to work on /opt/airflow/dags/dl_fin_ratio_v2.py
[2026-04-30T15:31:18.776+0000] {processor.py:830} INFO - Processing file /opt/airflow/dags/dl_fin_ratio_v2.py for tasks to queue
[2026-04-30T15:31:18.778+0000] {logging_mixin.py:188} INFO - [2026-04-30T15:31:18.777+0000] {dagbag.py:545} INFO - Filling up the DagBag from /opt/airflow/dags/dl_fin_ratio_v2.py
[2026-04-30T15:31:18.814+0000] {processor.py:840} INFO - DAG(s) 'fin_ratio_v2' retrieved from /opt/airflow/dags/dl_fin_ratio_v2.py
[2026-04-30T15:31:18.830+0000] {logging_mixin.py:188} INFO - [2026-04-30T15:31:18.830+0000] {dag.py:3089} INFO - Sync 1 DAGs
[2026-04-30T15:31:18.853+0000] {logging_mixin.py:188} INFO - [2026-04-30T15:31:18.853+0000] {dag.py:3947} INFO - Setting next_dagrun for fin_ratio_v2 to 2026-04-01 00:00:00+00:00, run_after=2026-05-01 00:00:00+00:00
[2026-04-30T15:31:18.874+0000] {processor.py:183} INFO - Processing /opt/airflow/dags/dl_fin_ratio_v2.py took 0.104 seconds
[2026-04-30T15:31:49.449+0000] {processor.py:161} INFO - Started process (PID=6679) to work on /opt/airflow/dags/dl_fin_ratio_v2.py
[2026-04-30T15:31:49.450+0000] {processor.py:830} INFO - Processing file /opt/airflow/dags/dl_fin_ratio_v2.py for tasks to queue
[2026-04-30T15:31:49.453+0000] {logging_mixin.py:188} INFO - [2026-04-30T15:31:49.453+0000] {dagbag.py:545} INFO - Filling up the DagBag from /opt/airflow/dags/dl_fin_ratio_v2.py
[2026-04-30T15:31:49.491+0000] {processor.py:840} INFO - DAG(s) 'fin_ratio_v2' retrieved from /opt/airflow/dags/dl_fin_ratio_v2.py
[2026-04-30T15:31:49.507+0000] {logging_mixin.py:188} INFO - [2026-04-30T15:31:49.507+0000] {dag.py:3089} INFO - Sync 1 DAGs
[2026-04-30T15:31:49.531+0000] {logging_mixin.py:188} INFO - [2026-04-30T15:31:49.531+0000] {dag.py:3947} INFO - Setting next_dagrun for fin_ratio_v2 to 2026-04-01 00:00:00+00:00, run_after=2026-05-01 00:00:00+00:00
[2026-04-30T15:31:49.551+0000] {processor.py:183} INFO - Processing /opt/airflow/dags/dl_fin_ratio_v2.py took 0.108 seconds
[2026-04-30T15:32:20.136+0000] {processor.py:161} INFO - Started process (PID=6704) to work on /opt/airflow/dags/dl_fin_ratio_v2.py
[2026-04-30T15:32:20.137+0000] {processor.py:830} INFO - Processing file /opt/airflow/dags/dl_fin_ratio_v2.py for tasks to queue
[2026-04-30T15:32:20.139+0000] {logging_mixin.py:188} INFO - [2026-04-30T15:32:20.139+0000] {dagbag.py:545} INFO - Filling up the DagBag from /opt/airflow/dags/dl_fin_ratio_v2.py
[2026-04-30T15:32:20.172+0000] {processor.py:840} INFO - DAG(s) 'fin_ratio_v2' retrieved from /opt/airflow/dags/dl_fin_ratio_v2.py
[2026-04-30T15:32:20.186+0000] {logging_mixin.py:188} INFO - [2026-04-30T15:32:20.186+0000] {dag.py:3089} INFO - Sync 1 DAGs
[2026-04-30T15:32:20.206+0000] {logging_mixin.py:188} INFO - [2026-04-30T15:32:20.206+0000] {dag.py:3947} INFO - Setting next_dagrun for fin_ratio_v2 to 2026-04-01 00:00:00+00:00, run_after=2026-05-01 00:00:00+00:00
[2026-04-30T15:32:20.223+0000] {processor.py:183} INFO - Processing /opt/airflow/dags/dl_fin_ratio_v2.py took 0.092 seconds
[2026-04-30T15:32:50.842+0000] {processor.py:161} INFO - Started process (PID=6729) to work on /opt/airflow/dags/dl_fin_ratio_v2.py
[2026-04-30T15:32:50.843+0000] {processor.py:830} INFO - Processing file /opt/airflow/dags/dl_fin_ratio_v2.py for tasks to queue
[2026-04-30T15:32:50.845+0000] {logging_mixin.py:188} INFO - [2026-04-30T15:32:50.845+0000] {dagbag.py:545} INFO - Filling up the DagBag from /opt/airflow/dags/dl_fin_ratio_v2.py
[2026-04-30T15:32:50.883+0000] {processor.py:840} INFO - DAG(s) 'fin_ratio_v2' retrieved from /opt/airflow/dags/dl_fin_ratio_v2.py
[2026-04-30T15:32:50.899+0000] {logging_mixin.py:188} INFO - [2026-04-30T15:32:50.899+0000] {dag.py:3089} INFO - Sync 1 DAGs
[2026-04-30T15:32:50.923+0000] {logging_mixin.py:188} INFO - [2026-04-30T15:32:50.923+0000] {dag.py:3947} INFO - Setting next_dagrun for fin_ratio_v2 to 2026-04-01 00:00:00+00:00, run_after=2026-05-01 00:00:00+00:00
[2026-04-30T15:32:50.944+0000] {processor.py:183} INFO - Processing /opt/airflow/dags/dl_fin_ratio_v2.py took 0.107 seconds
[2026-04-30T15:33:21.847+0000] {processor.py:161} INFO - Started process (PID=6754) to work on /opt/airflow/dags/dl_fin_ratio_v2.py
[2026-04-30T15:33:21.848+0000] {processor.py:830} INFO - Processing file /opt/airflow/dags/dl_fin_ratio_v2.py for tasks to queue
[2026-04-30T15:33:21.851+0000] {logging_mixin.py:188} INFO - [2026-04-30T15:33:21.851+0000] {dagbag.py:545} INFO - Filling up the DagBag from /opt/airflow/dags/dl_fin_ratio_v2.py
[2026-04-30T15:33:21.891+0000] {processor.py:840} INFO - DAG(s) 'fin_ratio_v2' retrieved from /opt/airflow/dags/dl_fin_ratio_v2.py
[2026-04-30T15:33:21.907+0000] {logging_mixin.py:188} INFO - [2026-04-30T15:33:21.906+0000] {dag.py:3089} INFO - Sync 1 DAGs
[2026-04-30T15:33:21.930+0000] {logging_mixin.py:188} INFO - [2026-04-30T15:33:21.930+0000] {dag.py:3947} INFO - Setting next_dagrun for fin_ratio_v2 to 2026-04-01 00:00:00+00:00, run_after=2026-05-01 00:00:00+00:00
[2026-04-30T15:33:21.949+0000] {processor.py:183} INFO - Processing /opt/airflow/dags/dl_fin_ratio_v2.py took 0.108 seconds
[2026-04-30T15:33:52.575+0000] {processor.py:161} INFO - Started process (PID=6785) to work on /opt/airflow/dags/dl_fin_ratio_v2.py
[2026-04-30T15:33:52.576+0000] {processor.py:830} INFO - Processing file /opt/airflow/dags/dl_fin_ratio_v2.py for tasks to queue
[2026-04-30T15:33:52.579+0000] {logging_mixin.py:188} INFO - [2026-04-30T15:33:52.578+0000] {dagbag.py:545} INFO - Filling up the DagBag from /opt/airflow/dags/dl_fin_ratio_v2.py
[2026-04-30T15:33:52.610+0000] {processor.py:840} INFO - DAG(s) 'fin_ratio_v2' retrieved from /opt/airflow/dags/dl_fin_ratio_v2.py
[2026-04-30T15:33:52.626+0000] {logging_mixin.py:188} INFO - [2026-04-30T15:33:52.625+0000] {dag.py:3089} INFO - Sync 1 DAGs
[2026-04-30T15:33:52.650+0000] {logging_mixin.py:188} INFO - [2026-04-30T15:33:52.649+0000] {dag.py:3947} INFO - Setting next_dagrun for fin_ratio_v2 to 2026-04-01 00:00:00+00:00, run_after=2026-05-01 00:00:00+00:00
[2026-04-30T15:33:52.668+0000] {processor.py:183} INFO - Processing /opt/airflow/dags/dl_fin_ratio_v2.py took 0.098 seconds
[2026-04-30T15:34:23.329+0000] {processor.py:161} INFO - Started process (PID=6810) to work on /opt/airflow/dags/dl_fin_ratio_v2.py
[2026-04-30T15:34:23.330+0000] {processor.py:830} INFO - Processing file /opt/airflow/dags/dl_fin_ratio_v2.py for tasks to queue
[2026-04-30T15:34:23.332+0000] {logging_mixin.py:188} INFO - [2026-04-30T15:34:23.332+0000] {dagbag.py:545} INFO - Filling up the DagBag from /opt/airflow/dags/dl_fin_ratio_v2.py
[2026-04-30T15:34:23.365+0000] {processor.py:840} INFO - DAG(s) 'fin_ratio_v2' retrieved from /opt/airflow/dags/dl_fin_ratio_v2.py
[2026-04-30T15:34:23.379+0000] {logging_mixin.py:188} INFO - [2026-04-30T15:34:23.379+0000] {dag.py:3089} INFO - Sync 1 DAGs
[2026-04-30T15:34:23.398+0000] {logging_mixin.py:188} INFO - [2026-04-30T15:34:23.398+0000] {dag.py:3947} INFO - Setting next_dagrun for fin_ratio_v2 to 2026-04-01 00:00:00+00:00, run_after=2026-05-01 00:00:00+00:00
[2026-04-30T15:34:23.415+0000] {processor.py:183} INFO - Processing /opt/airflow/dags/dl_fin_ratio_v2.py took 0.091 seconds
[2026-04-30T15:34:54.052+0000] {processor.py:161} INFO - Started process (PID=6835) to work on /opt/airflow/dags/dl_fin_ratio_v2.py
[2026-04-30T15:34:54.053+0000] {processor.py:830} INFO - Processing file /opt/airflow/dags/dl_fin_ratio_v2.py for tasks to queue
[2026-04-30T15:34:54.055+0000] {logging_mixin.py:188} INFO - [2026-04-30T15:34:54.054+0000] {dagbag.py:545} INFO - Filling up the DagBag from /opt/airflow/dags/dl_fin_ratio_v2.py
[2026-04-30T15:34:54.089+0000] {processor.py:840} INFO - DAG(s) 'fin_ratio_v2' retrieved from /opt/airflow/dags/dl_fin_ratio_v2.py
[2026-04-30T15:34:54.104+0000] {logging_mixin.py:188} INFO - [2026-04-30T15:34:54.104+0000] {dag.py:3089} INFO - Sync 1 DAGs
[2026-04-30T15:34:54.125+0000] {logging_mixin.py:188} INFO - [2026-04-30T15:34:54.125+0000] {dag.py:3947} INFO - Setting next_dagrun for fin_ratio_v2 to 2026-04-01 00:00:00+00:00, run_after=2026-05-01 00:00:00+00:00
[2026-04-30T15:34:54.143+0000] {processor.py:183} INFO - Processing /opt/airflow/dags/dl_fin_ratio_v2.py took 0.097 seconds
[2026-04-30T15:35:24.755+0000] {processor.py:161} INFO - Started process (PID=6860) to work on /opt/airflow/dags/dl_fin_ratio_v2.py
[2026-04-30T15:35:24.756+0000] {processor.py:830} INFO - Processing file /opt/airflow/dags/dl_fin_ratio_v2.py for tasks to queue
[2026-04-30T15:35:24.758+0000] {logging_mixin.py:188} INFO - [2026-04-30T15:35:24.757+0000] {dagbag.py:545} INFO - Filling up the DagBag from /opt/airflow/dags/dl_fin_ratio_v2.py
[2026-04-30T15:35:24.790+0000] {processor.py:840} INFO - DAG(s) 'fin_ratio_v2' retrieved from /opt/airflow/dags/dl_fin_ratio_v2.py
[2026-04-30T15:35:24.807+0000] {logging_mixin.py:188} INFO - [2026-04-30T15:35:24.806+0000] {dag.py:3089} INFO - Sync 1 DAGs
[2026-04-30T15:35:25.025+0000] {logging_mixin.py:188} INFO - [2026-04-30T15:35:25.025+0000] {dag.py:3947} INFO - Setting next_dagrun for fin_ratio_v2 to 2026-04-01 00:00:00+00:00, run_after=2026-05-01 00:00:00+00:00
[2026-04-30T15:35:25.041+0000] {processor.py:183} INFO - Processing /opt/airflow/dags/dl_fin_ratio_v2.py took 0.292 seconds
[2026-04-30T15:35:55.227+0000] {processor.py:161} INFO - Started process (PID=6885) to work on /opt/airflow/dags/dl_fin_ratio_v2.py
[2026-04-30T15:35:55.228+0000] {processor.py:830} INFO - Processing file /opt/airflow/dags/dl_fin_ratio_v2.py for tasks to queue
[2026-04-30T15:35:55.230+0000] {logging_mixin.py:188} INFO - [2026-04-30T15:35:55.230+0000] {dagbag.py:545} INFO - Filling up the DagBag from /opt/airflow/dags/dl_fin_ratio_v2.py
[2026-04-30T15:35:55.262+0000] {processor.py:840} INFO - DAG(s) 'fin_ratio_v2' retrieved from /opt/airflow/dags/dl_fin_ratio_v2.py
[2026-04-30T15:35:55.277+0000] {logging_mixin.py:188} INFO - [2026-04-30T15:35:55.277+0000] {dag.py:3089} INFO - Sync 1 DAGs
[2026-04-30T15:35:55.297+0000] {logging_mixin.py:188} INFO - [2026-04-30T15:35:55.297+0000] {dag.py:3947} INFO - Setting next_dagrun for fin_ratio_v2 to 2026-04-01 00:00:00+00:00, run_after=2026-05-01 00:00:00+00:00
[2026-04-30T15:35:55.325+0000] {processor.py:183} INFO - Processing /opt/airflow/dags/dl_fin_ratio_v2.py took 0.103 seconds
[2026-04-30T15:36:26.103+0000] {processor.py:161} INFO - Started process (PID=6910) to work on /opt/airflow/dags/dl_fin_ratio_v2.py
[2026-04-30T15:36:26.104+0000] {processor.py:830} INFO - Processing file /opt/airflow/dags/dl_fin_ratio_v2.py for tasks to queue
[2026-04-30T15:36:26.106+0000] {logging_mixin.py:188} INFO - [2026-04-30T15:36:26.106+0000] {dagbag.py:545} INFO - Filling up the DagBag from /opt/airflow/dags/dl_fin_ratio_v2.py
[2026-04-30T15:36:26.142+0000] {processor.py:840} INFO - DAG(s) 'fin_ratio_v2' retrieved from /opt/airflow/dags/dl_fin_ratio_v2.py
[2026-04-30T15:36:26.157+0000] {logging_mixin.py:188} INFO - [2026-04-30T15:36:26.157+0000] {dag.py:3089} INFO - Sync 1 DAGs
[2026-04-30T15:36:26.384+0000] {logging_mixin.py:188} INFO - [2026-04-30T15:36:26.383+0000] {dag.py:3947} INFO - Setting next_dagrun for fin_ratio_v2 to 2026-04-01 00:00:00+00:00, run_after=2026-05-01 00:00:00+00:00
[2026-04-30T15:36:26.402+0000] {processor.py:183} INFO - Processing /opt/airflow/dags/dl_fin_ratio_v2.py took 0.304 seconds
[2026-04-30T15:36:56.889+0000] {processor.py:161} INFO - Started process (PID=6935) to work on /opt/airflow/dags/dl_fin_ratio_v2.py
[2026-04-30T15:36:56.890+0000] {processor.py:830} INFO - Processing file /opt/airflow/dags/dl_fin_ratio_v2.py for tasks to queue
[2026-04-30T15:36:56.892+0000] {logging_mixin.py:188} INFO - [2026-04-30T15:36:56.892+0000] {dagbag.py:545} INFO - Filling up the DagBag from /opt/airflow/dags/dl_fin_ratio_v2.py
[2026-04-30T15:36:56.926+0000] {processor.py:840} INFO - DAG(s) 'fin_ratio_v2' retrieved from /opt/airflow/dags/dl_fin_ratio_v2.py
[2026-04-30T15:36:56.939+0000] {logging_mixin.py:188} INFO - [2026-04-30T15:36:56.939+0000] {dag.py:3089} INFO - Sync 1 DAGs
[2026-04-30T15:36:56.959+0000] {logging_mixin.py:188} INFO - [2026-04-30T15:36:56.959+0000] {dag.py:3947} INFO - Setting next_dagrun for fin_ratio_v2 to 2026-04-01 00:00:00+00:00, run_after=2026-05-01 00:00:00+00:00
[2026-04-30T15:36:56.978+0000] {processor.py:183} INFO - Processing /opt/airflow/dags/dl_fin_ratio_v2.py took 0.094 seconds
[2026-04-30T15:37:27.683+0000] {processor.py:161} INFO - Started process (PID=6960) to work on /opt/airflow/dags/dl_fin_ratio_v2.py
[2026-04-30T15:37:27.684+0000] {processor.py:830} INFO - Processing file /opt/airflow/dags/dl_fin_ratio_v2.py for tasks to queue
[2026-04-30T15:37:27.688+0000] {logging_mixin.py:188} INFO - [2026-04-30T15:37:27.687+0000] {dagbag.py:545} INFO - Filling up the DagBag from /opt/airflow/dags/dl_fin_ratio_v2.py
[2026-04-30T15:37:27.728+0000] {processor.py:840} INFO - DAG(s) 'fin_ratio_v2' retrieved from /opt/airflow/dags/dl_fin_ratio_v2.py
[2026-04-30T15:37:27.746+0000] {logging_mixin.py:188} INFO - [2026-04-30T15:37:27.746+0000] {dag.py:3089} INFO - Sync 1 DAGs
[2026-04-30T15:37:27.774+0000] {logging_mixin.py:188} INFO - [2026-04-30T15:37:27.774+0000] {dag.py:3947} INFO - Setting next_dagrun for fin_ratio_v2 to 2026-04-01 00:00:00+00:00, run_after=2026-05-01 00:00:00+00:00
[2026-04-30T15:37:27.798+0000] {processor.py:183} INFO - Processing /opt/airflow/dags/dl_fin_ratio_v2.py took 0.123 seconds
[2026-04-30T15:37:58.823+0000] {processor.py:161} INFO - Started process (PID=6985) to work on /opt/airflow/dags/dl_fin_ratio_v2.py
[2026-04-30T15:37:58.824+0000] {processor.py:830} INFO - Processing file /opt/airflow/dags/dl_fin_ratio_v2.py for tasks to queue
[2026-04-30T15:37:58.826+0000] {logging_mixin.py:188} INFO - [2026-04-30T15:37:58.826+0000] {dagbag.py:545} INFO - Filling up the DagBag from /opt/airflow/dags/dl_fin_ratio_v2.py
[2026-04-30T15:37:58.858+0000] {processor.py:840} INFO - DAG(s) 'fin_ratio_v2' retrieved from /opt/airflow/dags/dl_fin_ratio_v2.py
[2026-04-30T15:37:58.873+0000] {logging_mixin.py:188} INFO - [2026-04-30T15:37:58.873+0000] {dag.py:3089} INFO - Sync 1 DAGs
[2026-04-30T15:37:58.895+0000] {logging_mixin.py:188} INFO - [2026-04-30T15:37:58.895+0000] {dag.py:3947} INFO - Setting next_dagrun for fin_ratio_v2 to 2026-04-01 00:00:00+00:00, run_after=2026-05-01 00:00:00+00:00
[2026-04-30T15:37:58.912+0000] {processor.py:183} INFO - Processing /opt/airflow/dags/dl_fin_ratio_v2.py took 0.094 seconds
[2026-04-30T15:38:29.453+0000] {processor.py:161} INFO - Started process (PID=7010) to work on /opt/airflow/dags/dl_fin_ratio_v2.py
[2026-04-30T15:38:29.454+0000] {processor.py:830} INFO - Processing file /opt/airflow/dags/dl_fin_ratio_v2.py for tasks to queue
[2026-04-30T15:38:29.456+0000] {logging_mixin.py:188} INFO - [2026-04-30T15:38:29.455+0000] {dagbag.py:545} INFO - Filling up the DagBag from /opt/airflow/dags/dl_fin_ratio_v2.py
[2026-04-30T15:38:29.487+0000] {processor.py:840} INFO - DAG(s) 'fin_ratio_v2' retrieved from /opt/airflow/dags/dl_fin_ratio_v2.py
[2026-04-30T15:38:29.501+0000] {logging_mixin.py:188} INFO - [2026-04-30T15:38:29.500+0000] {dag.py:3089} INFO - Sync 1 DAGs
[2026-04-30T15:38:29.520+0000] {logging_mixin.py:188} INFO - [2026-04-30T15:38:29.520+0000] {dag.py:3947} INFO - Setting next_dagrun for fin_ratio_v2 to 2026-04-01 00:00:00+00:00, run_after=2026-05-01 00:00:00+00:00
[2026-04-30T15:38:29.536+0000] {processor.py:183} INFO - Processing /opt/airflow/dags/dl_fin_ratio_v2.py took 0.088 seconds
[2026-04-30T15:39:00.139+0000] {processor.py:161} INFO - Started process (PID=7035) to work on /opt/airflow/dags/dl_fin_ratio_v2.py
[2026-04-30T15:39:00.140+0000] {processor.py:830} INFO - Processing file /opt/airflow/dags/dl_fin_ratio_v2.py for tasks to queue
[2026-04-30T15:39:00.142+0000] {logging_mixin.py:188} INFO - [2026-04-30T15:39:00.142+0000] {dagbag.py:545} INFO - Filling up the DagBag from /opt/airflow/dags/dl_fin_ratio_v2.py
[2026-04-30T15:39:00.172+0000] {processor.py:840} INFO - DAG(s) 'fin_ratio_v2' retrieved from /opt/airflow/dags/dl_fin_ratio_v2.py
[2026-04-30T15:39:00.187+0000] {logging_mixin.py:188} INFO - [2026-04-30T15:39:00.187+0000] {dag.py:3089} INFO - Sync 1 DAGs
[2026-04-30T15:39:00.206+0000] {logging_mixin.py:188} INFO - [2026-04-30T15:39:00.206+0000] {dag.py:3947} INFO - Setting next_dagrun for fin_ratio_v2 to 2026-04-01 00:00:00+00:00, run_after=2026-05-01 00:00:00+00:00
[2026-04-30T15:39:00.223+0000] {processor.py:183} INFO - Processing /opt/airflow/dags/dl_fin_ratio_v2.py took 0.089 seconds
[2026-04-30T15:39:30.712+0000] {processor.py:161} INFO - Started process (PID=7060) to work on /opt/airflow/dags/dl_fin_ratio_v2.py
[2026-04-30T15:39:30.712+0000] {processor.py:830} INFO - Processing file /opt/airflow/dags/dl_fin_ratio_v2.py for tasks to queue
[2026-04-30T15:39:30.714+0000] {logging_mixin.py:188} INFO - [2026-04-30T15:39:30.714+0000] {dagbag.py:545} INFO - Filling up the DagBag from /opt/airflow/dags/dl_fin_ratio_v2.py
[2026-04-30T15:39:30.748+0000] {processor.py:840} INFO - DAG(s) 'fin_ratio_v2' retrieved from /opt/airflow/dags/dl_fin_ratio_v2.py
[2026-04-30T15:39:30.763+0000] {logging_mixin.py:188} INFO - [2026-04-30T15:39:30.763+0000] {dag.py:3089} INFO - Sync 1 DAGs
[2026-04-30T15:39:30.785+0000] {logging_mixin.py:188} INFO - [2026-04-30T15:39:30.784+0000] {dag.py:3947} INFO - Setting next_dagrun for fin_ratio_v2 to 2026-04-01 00:00:00+00:00, run_after=2026-05-01 00:00:00+00:00
[2026-04-30T15:39:30.804+0000] {processor.py:183} INFO - Processing /opt/airflow/dags/dl_fin_ratio_v2.py took 0.097 seconds
[2026-04-30T15:40:01.402+0000] {processor.py:161} INFO - Started process (PID=7085) to work on /opt/airflow/dags/dl_fin_ratio_v2.py
[2026-04-30T15:40:01.403+0000] {processor.py:830} INFO - Processing file /opt/airflow/dags/dl_fin_ratio_v2.py for tasks to queue
[2026-04-30T15:40:01.405+0000] {logging_mixin.py:188} INFO - [2026-04-30T15:40:01.405+0000] {dagbag.py:545} INFO - Filling up the DagBag from /opt/airflow/dags/dl_fin_ratio_v2.py
[2026-04-30T15:40:01.445+0000] {processor.py:840} INFO - DAG(s) 'fin_ratio_v2' retrieved from /opt/airflow/dags/dl_fin_ratio_v2.py
[2026-04-30T15:40:01.461+0000] {logging_mixin.py:188} INFO - [2026-04-30T15:40:01.461+0000] {dag.py:3089} INFO - Sync 1 DAGs
[2026-04-30T15:40:01.486+0000] {logging_mixin.py:188} INFO - [2026-04-30T15:40:01.486+0000] {dag.py:3947} INFO - Setting next_dagrun for fin_ratio_v2 to 2026-04-01 00:00:00+00:00, run_after=2026-05-01 00:00:00+00:00
[2026-04-30T15:40:01.507+0000] {processor.py:183} INFO - Processing /opt/airflow/dags/dl_fin_ratio_v2.py took 0.110 seconds
[2026-04-30T15:40:32.121+0000] {processor.py:161} INFO - Started process (PID=7110) to work on /opt/airflow/dags/dl_fin_ratio_v2.py
[2026-04-30T15:40:32.122+0000] {processor.py:830} INFO - Processing file /opt/airflow/dags/dl_fin_ratio_v2.py for tasks to queue
[2026-04-30T15:40:32.124+0000] {logging_mixin.py:188} INFO - [2026-04-30T15:40:32.124+0000] {dagbag.py:545} INFO - Filling up the DagBag from /opt/airflow/dags/dl_fin_ratio_v2.py
[2026-04-30T15:40:32.156+0000] {processor.py:840} INFO - DAG(s) 'fin_ratio_v2' retrieved from /opt/airflow/dags/dl_fin_ratio_v2.py
[2026-04-30T15:40:32.171+0000] {logging_mixin.py:188} INFO - [2026-04-30T15:40:32.171+0000] {dag.py:3089} INFO - Sync 1 DAGs
[2026-04-30T15:40:32.195+0000] {logging_mixin.py:188} INFO - [2026-04-30T15:40:32.194+0000] {dag.py:3947} INFO - Setting next_dagrun for fin_ratio_v2 to 2026-04-01 00:00:00+00:00, run_after=2026-05-01 00:00:00+00:00
[2026-04-30T15:40:32.213+0000] {processor.py:183} INFO - Processing /opt/airflow/dags/dl_fin_ratio_v2.py took 0.097 seconds
[2026-04-30T15:41:02.760+0000] {processor.py:161} INFO - Started process (PID=7135) to work on /opt/airflow/dags/dl_fin_ratio_v2.py
[2026-04-30T15:41:02.761+0000] {processor.py:830} INFO - Processing file /opt/airflow/dags/dl_fin_ratio_v2.py for tasks to queue
[2026-04-30T15:41:02.763+0000] {logging_mixin.py:188} INFO - [2026-04-30T15:41:02.763+0000] {dagbag.py:545} INFO - Filling up the DagBag from /opt/airflow/dags/dl_fin_ratio_v2.py
[2026-04-30T15:41:02.810+0000] {processor.py:840} INFO - DAG(s) 'fin_ratio_v2' retrieved from /opt/airflow/dags/dl_fin_ratio_v2.py
[2026-04-30T15:41:02.828+0000] {logging_mixin.py:188} INFO - [2026-04-30T15:41:02.827+0000] {dag.py:3089} INFO - Sync 1 DAGs
[2026-04-30T15:41:02.855+0000] {logging_mixin.py:188} INFO - [2026-04-30T15:41:02.855+0000] {dag.py:3947} INFO - Setting next_dagrun for fin_ratio_v2 to 2026-04-01 00:00:00+00:00, run_after=2026-05-01 00:00:00+00:00
[2026-04-30T15:41:02.886+0000] {processor.py:183} INFO - Processing /opt/airflow/dags/dl_fin_ratio_v2.py took 0.132 seconds
[2026-04-30T15:41:33.656+0000] {processor.py:161} INFO - Started process (PID=7160) to work on /opt/airflow/dags/dl_fin_ratio_v2.py
[2026-04-30T15:41:33.657+0000] {processor.py:830} INFO - Processing file /opt/airflow/dags/dl_fin_ratio_v2.py for tasks to queue
[2026-04-30T15:41:33.659+0000] {logging_mixin.py:188} INFO - [2026-04-30T15:41:33.659+0000] {dagbag.py:545} INFO - Filling up the DagBag from /opt/airflow/dags/dl_fin_ratio_v2.py
[2026-04-30T15:41:33.700+0000] {processor.py:840} INFO - DAG(s) 'fin_ratio_v2' retrieved from /opt/airflow/dags/dl_fin_ratio_v2.py
[2026-04-30T15:41:33.714+0000] {logging_mixin.py:188} INFO - [2026-04-30T15:41:33.714+0000] {dag.py:3089} INFO - Sync 1 DAGs
[2026-04-30T15:41:33.734+0000] {logging_mixin.py:188} INFO - [2026-04-30T15:41:33.734+0000] {dag.py:3947} INFO - Setting next_dagrun for fin_ratio_v2 to 2026-04-01 00:00:00+00:00, run_after=2026-05-01 00:00:00+00:00
[2026-04-30T15:41:33.751+0000] {processor.py:183} INFO - Processing /opt/airflow/dags/dl_fin_ratio_v2.py took 0.100 seconds
[2026-04-30T15:42:04.226+0000] {processor.py:161} INFO - Started process (PID=7185) to work on /opt/airflow/dags/dl_fin_ratio_v2.py
[2026-04-30T15:42:04.227+0000] {processor.py:830} INFO - Processing file /opt/airflow/dags/dl_fin_ratio_v2.py for tasks to queue
[2026-04-30T15:42:04.229+0000] {logging_mixin.py:188} INFO - [2026-04-30T15:42:04.229+0000] {dagbag.py:545} INFO - Filling up the DagBag from /opt/airflow/dags/dl_fin_ratio_v2.py
[2026-04-30T15:42:04.262+0000] {processor.py:840} INFO - DAG(s) 'fin_ratio_v2' retrieved from /opt/airflow/dags/dl_fin_ratio_v2.py
[2026-04-30T15:42:04.280+0000] {logging_mixin.py:188} INFO - [2026-04-30T15:42:04.280+0000] {dag.py:3089} INFO - Sync 1 DAGs
[2026-04-30T15:42:04.301+0000] {logging_mixin.py:188} INFO - [2026-04-30T15:42:04.301+0000] {dag.py:3947} INFO - Setting next_dagrun for fin_ratio_v2 to 2026-04-01 00:00:00+00:00, run_after=2026-05-01 00:00:00+00:00
[2026-04-30T15:42:04.319+0000] {processor.py:183} INFO - Processing /opt/airflow/dags/dl_fin_ratio_v2.py took 0.098 seconds
[2026-04-30T15:42:34.915+0000] {processor.py:161} INFO - Started process (PID=7210) to work on /opt/airflow/dags/dl_fin_ratio_v2.py
[2026-04-30T15:42:34.916+0000] {processor.py:830} INFO - Processing file /opt/airflow/dags/dl_fin_ratio_v2.py for tasks to queue
[2026-04-30T15:42:34.919+0000] {logging_mixin.py:188} INFO - [2026-04-30T15:42:34.919+0000] {dagbag.py:545} INFO - Filling up the DagBag from /opt/airflow/dags/dl_fin_ratio_v2.py
[2026-04-30T15:42:34.960+0000] {processor.py:840} INFO - DAG(s) 'fin_ratio_v2' retrieved from /opt/airflow/dags/dl_fin_ratio_v2.py
[2026-04-30T15:42:34.977+0000] {logging_mixin.py:188} INFO - [2026-04-30T15:42:34.976+0000] {dag.py:3089} INFO - Sync 1 DAGs
[2026-04-30T15:42:35.000+0000] {logging_mixin.py:188} INFO - [2026-04-30T15:42:35.000+0000] {dag.py:3947} INFO - Setting next_dagrun for fin_ratio_v2 to 2026-04-01 00:00:00+00:00, run_after=2026-05-01 00:00:00+00:00
[2026-04-30T15:42:35.020+0000] {processor.py:183} INFO - Processing /opt/airflow/dags/dl_fin_ratio_v2.py took 0.112 seconds
[2026-04-30T15:43:05.123+0000] {processor.py:161} INFO - Started process (PID=7236) to work on /opt/airflow/dags/dl_fin_ratio_v2.py
[2026-04-30T15:43:05.123+0000] {processor.py:830} INFO - Processing file /opt/airflow/dags/dl_fin_ratio_v2.py for tasks to queue
[2026-04-30T15:43:05.126+0000] {logging_mixin.py:188} INFO - [2026-04-30T15:43:05.125+0000] {dagbag.py:545} INFO - Filling up the DagBag from /opt/airflow/dags/dl_fin_ratio_v2.py
[2026-04-30T15:43:05.158+0000] {processor.py:840} INFO - DAG(s) 'fin_ratio_v2' retrieved from /opt/airflow/dags/dl_fin_ratio_v2.py
[2026-04-30T15:43:05.171+0000] {logging_mixin.py:188} INFO - [2026-04-30T15:43:05.171+0000] {dag.py:3089} INFO - Sync 1 DAGs
[2026-04-30T15:43:05.191+0000] {logging_mixin.py:188} INFO - [2026-04-30T15:43:05.191+0000] {dag.py:3947} INFO - Setting next_dagrun for fin_ratio_v2 to 2026-04-01 00:00:00+00:00, run_after=2026-05-01 00:00:00+00:00
[2026-04-30T15:43:05.209+0000] {processor.py:183} INFO - Processing /opt/airflow/dags/dl_fin_ratio_v2.py took 0.092 seconds
[2026-04-30T15:43:35.841+0000] {processor.py:161} INFO - Started process (PID=7261) to work on /opt/airflow/dags/dl_fin_ratio_v2.py
[2026-04-30T15:43:35.842+0000] {processor.py:830} INFO - Processing file /opt/airflow/dags/dl_fin_ratio_v2.py for tasks to queue
[2026-04-30T15:43:35.845+0000] {logging_mixin.py:188} INFO - [2026-04-30T15:43:35.845+0000] {dagbag.py:545} INFO - Filling up the DagBag from /opt/airflow/dags/dl_fin_ratio_v2.py
[2026-04-30T15:43:35.888+0000] {processor.py:840} INFO - DAG(s) 'fin_ratio_v2' retrieved from /opt/airflow/dags/dl_fin_ratio_v2.py
[2026-04-30T15:43:35.906+0000] {logging_mixin.py:188} INFO - [2026-04-30T15:43:35.905+0000] {dag.py:3089} INFO - Sync 1 DAGs
[2026-04-30T15:43:35.930+0000] {logging_mixin.py:188} INFO - [2026-04-30T15:43:35.929+0000] {dag.py:3947} INFO - Setting next_dagrun for fin_ratio_v2 to 2026-04-01 00:00:00+00:00, run_after=2026-05-01 00:00:00+00:00
[2026-04-30T15:43:35.953+0000] {processor.py:183} INFO - Processing /opt/airflow/dags/dl_fin_ratio_v2.py took 0.119 seconds
[2026-04-30T15:44:06.394+0000] {processor.py:161} INFO - Started process (PID=7286) to work on /opt/airflow/dags/dl_fin_ratio_v2.py
[2026-04-30T15:44:06.394+0000] {processor.py:830} INFO - Processing file /opt/airflow/dags/dl_fin_ratio_v2.py for tasks to queue
[2026-04-30T15:44:06.397+0000] {logging_mixin.py:188} INFO - [2026-04-30T15:44:06.396+0000] {dagbag.py:545} INFO - Filling up the DagBag from /opt/airflow/dags/dl_fin_ratio_v2.py
[2026-04-30T15:44:06.429+0000] {processor.py:840} INFO - DAG(s) 'fin_ratio_v2' retrieved from /opt/airflow/dags/dl_fin_ratio_v2.py
[2026-04-30T15:44:06.442+0000] {logging_mixin.py:188} INFO - [2026-04-30T15:44:06.442+0000] {dag.py:3089} INFO - Sync 1 DAGs
[2026-04-30T15:44:06.462+0000] {logging_mixin.py:188} INFO - [2026-04-30T15:44:06.462+0000] {dag.py:3947} INFO - Setting next_dagrun for fin_ratio_v2 to 2026-04-01 00:00:00+00:00, run_after=2026-05-01 00:00:00+00:00
[2026-04-30T15:44:06.479+0000] {processor.py:183} INFO - Processing /opt/airflow/dags/dl_fin_ratio_v2.py took 0.091 seconds
[2026-04-30T15:44:37.031+0000] {processor.py:161} INFO - Started process (PID=7311) to work on /opt/airflow/dags/dl_fin_ratio_v2.py
[2026-04-30T15:44:37.032+0000] {processor.py:830} INFO - Processing file /opt/airflow/dags/dl_fin_ratio_v2.py for tasks to queue
[2026-04-30T15:44:37.034+0000] {logging_mixin.py:188} INFO - [2026-04-30T15:44:37.034+0000] {dagbag.py:545} INFO - Filling up the DagBag from /opt/airflow/dags/dl_fin_ratio_v2.py
[2026-04-30T15:44:37.071+0000] {processor.py:840} INFO - DAG(s) 'fin_ratio_v2' retrieved from /opt/airflow/dags/dl_fin_ratio_v2.py
[2026-04-30T15:44:37.088+0000] {logging_mixin.py:188} INFO - [2026-04-30T15:44:37.087+0000] {dag.py:3089} INFO - Sync 1 DAGs
[2026-04-30T15:44:37.108+0000] {logging_mixin.py:188} INFO - [2026-04-30T15:44:37.107+0000] {dag.py:3947} INFO - Setting next_dagrun for fin_ratio_v2 to 2026-04-01 00:00:00+00:00, run_after=2026-05-01 00:00:00+00:00
[2026-04-30T15:44:37.126+0000] {processor.py:183} INFO - Processing /opt/airflow/dags/dl_fin_ratio_v2.py took 0.100 seconds
[2026-04-30T15:45:07.901+0000] {processor.py:161} INFO - Started process (PID=7336) to work on /opt/airflow/dags/dl_fin_ratio_v2.py
[2026-04-30T15:45:07.901+0000] {processor.py:830} INFO - Processing file /opt/airflow/dags/dl_fin_ratio_v2.py for tasks to queue
[2026-04-30T15:45:07.903+0000] {logging_mixin.py:188} INFO - [2026-04-30T15:45:07.903+0000] {dagbag.py:545} INFO - Filling up the DagBag from /opt/airflow/dags/dl_fin_ratio_v2.py
[2026-04-30T15:45:07.935+0000] {processor.py:840} INFO - DAG(s) 'fin_ratio_v2' retrieved from /opt/airflow/dags/dl_fin_ratio_v2.py
[2026-04-30T15:45:07.949+0000] {logging_mixin.py:188} INFO - [2026-04-30T15:45:07.949+0000] {dag.py:3089} INFO - Sync 1 DAGs
[2026-04-30T15:45:07.972+0000] {logging_mixin.py:188} INFO - [2026-04-30T15:45:07.971+0000] {dag.py:3947} INFO - Setting next_dagrun for fin_ratio_v2 to 2026-04-01 00:00:00+00:00, run_after=2026-05-01 00:00:00+00:00
[2026-04-30T15:45:07.990+0000] {processor.py:183} INFO - Processing /opt/airflow/dags/dl_fin_ratio_v2.py took 0.094 seconds
[2026-04-30T15:45:38.595+0000] {processor.py:161} INFO - Started process (PID=7361) to work on /opt/airflow/dags/dl_fin_ratio_v2.py
[2026-04-30T15:45:38.596+0000] {processor.py:830} INFO - Processing file /opt/airflow/dags/dl_fin_ratio_v2.py for tasks to queue
[2026-04-30T15:45:38.598+0000] {logging_mixin.py:188} INFO - [2026-04-30T15:45:38.597+0000] {dagbag.py:545} INFO - Filling up the DagBag from /opt/airflow/dags/dl_fin_ratio_v2.py
[2026-04-30T15:45:38.629+0000] {processor.py:840} INFO - DAG(s) 'fin_ratio_v2' retrieved from /opt/airflow/dags/dl_fin_ratio_v2.py
[2026-04-30T15:45:38.643+0000] {logging_mixin.py:188} INFO - [2026-04-30T15:45:38.643+0000] {dag.py:3089} INFO - Sync 1 DAGs
[2026-04-30T15:45:38.662+0000] {logging_mixin.py:188} INFO - [2026-04-30T15:45:38.662+0000] {dag.py:3947} INFO - Setting next_dagrun for fin_ratio_v2 to 2026-04-01 00:00:00+00:00, run_after=2026-05-01 00:00:00+00:00
[2026-04-30T15:45:38.679+0000] {processor.py:183} INFO - Processing /opt/airflow/dags/dl_fin_ratio_v2.py took 0.089 seconds
[2026-04-30T15:46:09.187+0000] {processor.py:161} INFO - Started process (PID=7386) to work on /opt/airflow/dags/dl_fin_ratio_v2.py
[2026-04-30T15:46:09.188+0000] {processor.py:830} INFO - Processing file /opt/airflow/dags/dl_fin_ratio_v2.py for tasks to queue
[2026-04-30T15:46:09.190+0000] {logging_mixin.py:188} INFO - [2026-04-30T15:46:09.189+0000] {dagbag.py:545} INFO - Filling up the DagBag from /opt/airflow/dags/dl_fin_ratio_v2.py
[2026-04-30T15:46:09.223+0000] {processor.py:840} INFO - DAG(s) 'fin_ratio_v2' retrieved from /opt/airflow/dags/dl_fin_ratio_v2.py
[2026-04-30T15:46:09.237+0000] {logging_mixin.py:188} INFO - [2026-04-30T15:46:09.237+0000] {dag.py:3089} INFO - Sync 1 DAGs
[2026-04-30T15:46:09.256+0000] {logging_mixin.py:188} INFO - [2026-04-30T15:46:09.256+0000] {dag.py:3947} INFO - Setting next_dagrun for fin_ratio_v2 to 2026-04-01 00:00:00+00:00, run_after=2026-05-01 00:00:00+00:00
[2026-04-30T15:46:09.272+0000] {processor.py:183} INFO - Processing /opt/airflow/dags/dl_fin_ratio_v2.py took 0.090 seconds
[2026-04-30T15:46:39.766+0000] {processor.py:161} INFO - Started process (PID=7411) to work on /opt/airflow/dags/dl_fin_ratio_v2.py
[2026-04-30T15:46:39.767+0000] {processor.py:830} INFO - Processing file /opt/airflow/dags/dl_fin_ratio_v2.py for tasks to queue
[2026-04-30T15:46:39.771+0000] {logging_mixin.py:188} INFO - [2026-04-30T15:46:39.771+0000] {dagbag.py:545} INFO - Filling up the DagBag from /opt/airflow/dags/dl_fin_ratio_v2.py
[2026-04-30T15:46:39.822+0000] {processor.py:840} INFO - DAG(s) 'fin_ratio_v2' retrieved from /opt/airflow/dags/dl_fin_ratio_v2.py
[2026-04-30T15:46:39.839+0000] {logging_mixin.py:188} INFO - [2026-04-30T15:46:39.839+0000] {dag.py:3089} INFO - Sync 1 DAGs
[2026-04-30T15:46:39.868+0000] {logging_mixin.py:188} INFO - [2026-04-30T15:46:39.867+0000] {dag.py:3947} INFO - Setting next_dagrun for fin_ratio_v2 to 2026-04-01 00:00:00+00:00, run_after=2026-05-01 00:00:00+00:00
[2026-04-30T15:46:39.888+0000] {processor.py:183} INFO - Processing /opt/airflow/dags/dl_fin_ratio_v2.py took 0.132 seconds
[2026-04-30T15:47:10.612+0000] {processor.py:161} INFO - Started process (PID=7436) to work on /opt/airflow/dags/dl_fin_ratio_v2.py
[2026-04-30T15:47:10.614+0000] {processor.py:830} INFO - Processing file /opt/airflow/dags/dl_fin_ratio_v2.py for tasks to queue
[2026-04-30T15:47:10.621+0000] {logging_mixin.py:188} INFO - [2026-04-30T15:47:10.620+0000] {dagbag.py:545} INFO - Filling up the DagBag from /opt/airflow/dags/dl_fin_ratio_v2.py
[2026-04-30T15:47:10.693+0000] {processor.py:840} INFO - DAG(s) 'fin_ratio_v2' retrieved from /opt/airflow/dags/dl_fin_ratio_v2.py
[2026-04-30T15:47:10.723+0000] {logging_mixin.py:188} INFO - [2026-04-30T15:47:10.723+0000] {dag.py:3089} INFO - Sync 1 DAGs
[2026-04-30T15:47:10.770+0000] {logging_mixin.py:188} INFO - [2026-04-30T15:47:10.769+0000] {dag.py:3947} INFO - Setting next_dagrun for fin_ratio_v2 to 2026-04-01 00:00:00+00:00, run_after=2026-05-01 00:00:00+00:00
[2026-04-30T15:47:10.798+0000] {processor.py:183} INFO - Processing /opt/airflow/dags/dl_fin_ratio_v2.py took 0.199 seconds
[2026-04-30T15:47:41.463+0000] {processor.py:161} INFO - Started process (PID=7461) to work on /opt/airflow/dags/dl_fin_ratio_v2.py
[2026-04-30T15:47:41.464+0000] {processor.py:830} INFO - Processing file /opt/airflow/dags/dl_fin_ratio_v2.py for tasks to queue
[2026-04-30T15:47:41.466+0000] {logging_mixin.py:188} INFO - [2026-04-30T15:47:41.466+0000] {dagbag.py:545} INFO - Filling up the DagBag from /opt/airflow/dags/dl_fin_ratio_v2.py
[2026-04-30T15:47:41.498+0000] {processor.py:840} INFO - DAG(s) 'fin_ratio_v2' retrieved from /opt/airflow/dags/dl_fin_ratio_v2.py
[2026-04-30T15:47:41.512+0000] {logging_mixin.py:188} INFO - [2026-04-30T15:47:41.512+0000] {dag.py:3089} INFO - Sync 1 DAGs
[2026-04-30T15:47:41.531+0000] {logging_mixin.py:188} INFO - [2026-04-30T15:47:41.531+0000] {dag.py:3947} INFO - Setting next_dagrun for fin_ratio_v2 to 2026-04-01 00:00:00+00:00, run_after=2026-05-01 00:00:00+00:00
[2026-04-30T15:47:41.550+0000] {processor.py:183} INFO - Processing /opt/airflow/dags/dl_fin_ratio_v2.py took 0.093 seconds
[2026-04-30T15:48:12.288+0000] {processor.py:161} INFO - Started process (PID=7486) to work on /opt/airflow/dags/dl_fin_ratio_v2.py
[2026-04-30T15:48:12.289+0000] {processor.py:830} INFO - Processing file /opt/airflow/dags/dl_fin_ratio_v2.py for tasks to queue
[2026-04-30T15:48:12.291+0000] {logging_mixin.py:188} INFO - [2026-04-30T15:48:12.291+0000] {dagbag.py:545} INFO - Filling up the DagBag from /opt/airflow/dags/dl_fin_ratio_v2.py
[2026-04-30T15:48:12.323+0000] {processor.py:840} INFO - DAG(s) 'fin_ratio_v2' retrieved from /opt/airflow/dags/dl_fin_ratio_v2.py
[2026-04-30T15:48:12.337+0000] {logging_mixin.py:188} INFO - [2026-04-30T15:48:12.337+0000] {dag.py:3089} INFO - Sync 1 DAGs
[2026-04-30T15:48:12.355+0000] {logging_mixin.py:188} INFO - [2026-04-30T15:48:12.355+0000] {dag.py:3947} INFO - Setting next_dagrun for fin_ratio_v2 to 2026-04-01 00:00:00+00:00, run_after=2026-05-01 00:00:00+00:00
[2026-04-30T15:48:12.374+0000] {processor.py:183} INFO - Processing /opt/airflow/dags/dl_fin_ratio_v2.py took 0.091 seconds
[2026-04-30T15:48:42.831+0000] {processor.py:161} INFO - Started process (PID=7511) to work on /opt/airflow/dags/dl_fin_ratio_v2.py
[2026-04-30T15:48:42.831+0000] {processor.py:830} INFO - Processing file /opt/airflow/dags/dl_fin_ratio_v2.py for tasks to queue
[2026-04-30T15:48:42.834+0000] {logging_mixin.py:188} INFO - [2026-04-30T15:48:42.833+0000] {dagbag.py:545} INFO - Filling up the DagBag from /opt/airflow/dags/dl_fin_ratio_v2.py
[2026-04-30T15:48:42.866+0000] {processor.py:840} INFO - DAG(s) 'fin_ratio_v2' retrieved from /opt/airflow/dags/dl_fin_ratio_v2.py
[2026-04-30T15:48:42.879+0000] {logging_mixin.py:188} INFO - [2026-04-30T15:48:42.879+0000] {dag.py:3089} INFO - Sync 1 DAGs
[2026-04-30T15:48:42.899+0000] {logging_mixin.py:188} INFO - [2026-04-30T15:48:42.899+0000] {dag.py:3947} INFO - Setting next_dagrun for fin_ratio_v2 to 2026-04-01 00:00:00+00:00, run_after=2026-05-01 00:00:00+00:00
[2026-04-30T15:48:42.914+0000] {processor.py:183} INFO - Processing /opt/airflow/dags/dl_fin_ratio_v2.py took 0.088 seconds
[2026-04-30T15:49:13.434+0000] {processor.py:161} INFO - Started process (PID=7536) to work on /opt/airflow/dags/dl_fin_ratio_v2.py
[2026-04-30T15:49:13.435+0000] {processor.py:830} INFO - Processing file /opt/airflow/dags/dl_fin_ratio_v2.py for tasks to queue
[2026-04-30T15:49:13.437+0000] {logging_mixin.py:188} INFO - [2026-04-30T15:49:13.436+0000] {dagbag.py:545} INFO - Filling up the DagBag from /opt/airflow/dags/dl_fin_ratio_v2.py
[2026-04-30T15:49:13.469+0000] {processor.py:840} INFO - DAG(s) 'fin_ratio_v2' retrieved from /opt/airflow/dags/dl_fin_ratio_v2.py
[2026-04-30T15:49:13.483+0000] {logging_mixin.py:188} INFO - [2026-04-30T15:49:13.482+0000] {dag.py:3089} INFO - Sync 1 DAGs
[2026-04-30T15:49:13.503+0000] {logging_mixin.py:188} INFO - [2026-04-30T15:49:13.503+0000] {dag.py:3947} INFO - Setting next_dagrun for fin_ratio_v2 to 2026-04-01 00:00:00+00:00, run_after=2026-05-01 00:00:00+00:00
[2026-04-30T15:49:13.522+0000] {processor.py:183} INFO - Processing /opt/airflow/dags/dl_fin_ratio_v2.py took 0.093 seconds
[2026-04-30T15:49:44.042+0000] {processor.py:161} INFO - Started process (PID=7561) to work on /opt/airflow/dags/dl_fin_ratio_v2.py
[2026-04-30T15:49:44.043+0000] {processor.py:830} INFO - Processing file /opt/airflow/dags/dl_fin_ratio_v2.py for tasks to queue
[2026-04-30T15:49:44.045+0000] {logging_mixin.py:188} INFO - [2026-04-30T15:49:44.045+0000] {dagbag.py:545} INFO - Filling up the DagBag from /opt/airflow/dags/dl_fin_ratio_v2.py
[2026-04-30T15:49:44.076+0000] {processor.py:840} INFO - DAG(s) 'fin_ratio_v2' retrieved from /opt/airflow/dags/dl_fin_ratio_v2.py
[2026-04-30T15:49:44.090+0000] {logging_mixin.py:188} INFO - [2026-04-30T15:49:44.090+0000] {dag.py:3089} INFO - Sync 1 DAGs
[2026-04-30T15:49:44.109+0000] {logging_mixin.py:188} INFO - [2026-04-30T15:49:44.109+0000] {dag.py:3947} INFO - Setting next_dagrun for fin_ratio_v2 to 2026-04-01 00:00:00+00:00, run_after=2026-05-01 00:00:00+00:00
[2026-04-30T15:49:44.127+0000] {processor.py:183} INFO - Processing /opt/airflow/dags/dl_fin_ratio_v2.py took 0.089 seconds
[2026-04-30T15:50:14.713+0000] {processor.py:161} INFO - Started process (PID=7586) to work on /opt/airflow/dags/dl_fin_ratio_v2.py
[2026-04-30T15:50:14.713+0000] {processor.py:830} INFO - Processing file /opt/airflow/dags/dl_fin_ratio_v2.py for tasks to queue
[2026-04-30T15:50:14.716+0000] {logging_mixin.py:188} INFO - [2026-04-30T15:50:14.716+0000] {dagbag.py:545} INFO - Filling up the DagBag from /opt/airflow/dags/dl_fin_ratio_v2.py
[2026-04-30T15:50:14.748+0000] {processor.py:840} INFO - DAG(s) 'fin_ratio_v2' retrieved from /opt/airflow/dags/dl_fin_ratio_v2.py
[2026-04-30T15:50:14.762+0000] {logging_mixin.py:188} INFO - [2026-04-30T15:50:14.762+0000] {dag.py:3089} INFO - Sync 1 DAGs
[2026-04-30T15:50:14.785+0000] {logging_mixin.py:188} INFO - [2026-04-30T15:50:14.785+0000] {dag.py:3947} INFO - Setting next_dagrun for fin_ratio_v2 to 2026-04-01 00:00:00+00:00, run_after=2026-05-01 00:00:00+00:00
[2026-04-30T15:50:14.805+0000] {processor.py:183} INFO - Processing /opt/airflow/dags/dl_fin_ratio_v2.py took 0.098 seconds
[2026-04-30T15:50:45.226+0000] {processor.py:161} INFO - Started process (PID=7611) to work on /opt/airflow/dags/dl_fin_ratio_v2.py
[2026-04-30T15:50:45.227+0000] {processor.py:830} INFO - Processing file /opt/airflow/dags/dl_fin_ratio_v2.py for tasks to queue
[2026-04-30T15:50:45.230+0000] {logging_mixin.py:188} INFO - [2026-04-30T15:50:45.230+0000] {dagbag.py:545} INFO - Filling up the DagBag from /opt/airflow/dags/dl_fin_ratio_v2.py
[2026-04-30T15:50:45.275+0000] {processor.py:840} INFO - DAG(s) 'fin_ratio_v2' retrieved from /opt/airflow/dags/dl_fin_ratio_v2.py
[2026-04-30T15:50:45.292+0000] {logging_mixin.py:188} INFO - [2026-04-30T15:50:45.292+0000] {dag.py:3089} INFO - Sync 1 DAGs
[2026-04-30T15:50:45.320+0000] {logging_mixin.py:188} INFO - [2026-04-30T15:50:45.319+0000] {dag.py:3947} INFO - Setting next_dagrun for fin_ratio_v2 to 2026-04-01 00:00:00+00:00, run_after=2026-05-01 00:00:00+00:00
[2026-04-30T15:50:45.346+0000] {processor.py:183} INFO - Processing /opt/airflow/dags/dl_fin_ratio_v2.py took 0.126 seconds
[2026-04-30T15:51:16.048+0000] {processor.py:161} INFO - Started process (PID=7636) to work on /opt/airflow/dags/dl_fin_ratio_v2.py
[2026-04-30T15:51:16.049+0000] {processor.py:830} INFO - Processing file /opt/airflow/dags/dl_fin_ratio_v2.py for tasks to queue
[2026-04-30T15:51:16.051+0000] {logging_mixin.py:188} INFO - [2026-04-30T15:51:16.051+0000] {dagbag.py:545} INFO - Filling up the DagBag from /opt/airflow/dags/dl_fin_ratio_v2.py
[2026-04-30T15:51:16.081+0000] {processor.py:840} INFO - DAG(s) 'fin_ratio_v2' retrieved from /opt/airflow/dags/dl_fin_ratio_v2.py
[2026-04-30T15:51:16.095+0000] {logging_mixin.py:188} INFO - [2026-04-30T15:51:16.095+0000] {dag.py:3089} INFO - Sync 1 DAGs
[2026-04-30T15:51:16.115+0000] {logging_mixin.py:188} INFO - [2026-04-30T15:51:16.114+0000] {dag.py:3947} INFO - Setting next_dagrun for fin_ratio_v2 to 2026-04-01 00:00:00+00:00, run_after=2026-05-01 00:00:00+00:00
[2026-04-30T15:51:16.134+0000] {processor.py:183} INFO - Processing /opt/airflow/dags/dl_fin_ratio_v2.py took 0.090 seconds
[2026-04-30T15:51:46.546+0000] {processor.py:161} INFO - Started process (PID=7661) to work on /opt/airflow/dags/dl_fin_ratio_v2.py
[2026-04-30T15:51:46.547+0000] {processor.py:830} INFO - Processing file /opt/airflow/dags/dl_fin_ratio_v2.py for tasks to queue
[2026-04-30T15:51:46.549+0000] {logging_mixin.py:188} INFO - [2026-04-30T15:51:46.549+0000] {dagbag.py:545} INFO - Filling up the DagBag from /opt/airflow/dags/dl_fin_ratio_v2.py
[2026-04-30T15:51:46.581+0000] {processor.py:840} INFO - DAG(s) 'fin_ratio_v2' retrieved from /opt/airflow/dags/dl_fin_ratio_v2.py
[2026-04-30T15:51:46.594+0000] {logging_mixin.py:188} INFO - [2026-04-30T15:51:46.594+0000] {dag.py:3089} INFO - Sync 1 DAGs
[2026-04-30T15:51:46.614+0000] {logging_mixin.py:188} INFO - [2026-04-30T15:51:46.614+0000] {dag.py:3947} INFO - Setting next_dagrun for fin_ratio_v2 to 2026-04-01 00:00:00+00:00, run_after=2026-05-01 00:00:00+00:00
[2026-04-30T15:51:46.634+0000] {processor.py:183} INFO - Processing /opt/airflow/dags/dl_fin_ratio_v2.py took 0.093 seconds
[2026-04-30T15:52:17.196+0000] {processor.py:161} INFO - Started process (PID=7686) to work on /opt/airflow/dags/dl_fin_ratio_v2.py
[2026-04-30T15:52:17.197+0000] {processor.py:830} INFO - Processing file /opt/airflow/dags/dl_fin_ratio_v2.py for tasks to queue
[2026-04-30T15:52:17.200+0000] {logging_mixin.py:188} INFO - [2026-04-30T15:52:17.199+0000] {dagbag.py:545} INFO - Filling up the DagBag from /opt/airflow/dags/dl_fin_ratio_v2.py
[2026-04-30T15:52:17.237+0000] {processor.py:840} INFO - DAG(s) 'fin_ratio_v2' retrieved from /opt/airflow/dags/dl_fin_ratio_v2.py
[2026-04-30T15:52:17.251+0000] {logging_mixin.py:188} INFO - [2026-04-30T15:52:17.251+0000] {dag.py:3089} INFO - Sync 1 DAGs
[2026-04-30T15:52:17.273+0000] {logging_mixin.py:188} INFO - [2026-04-30T15:52:17.272+0000] {dag.py:3947} INFO - Setting next_dagrun for fin_ratio_v2 to 2026-04-01 00:00:00+00:00, run_after=2026-05-01 00:00:00+00:00
[2026-04-30T15:52:17.290+0000] {processor.py:183} INFO - Processing /opt/airflow/dags/dl_fin_ratio_v2.py took 0.100 seconds
[2026-04-30T15:52:47.786+0000] {processor.py:161} INFO - Started process (PID=7711) to work on /opt/airflow/dags/dl_fin_ratio_v2.py
[2026-04-30T15:52:47.787+0000] {processor.py:830} INFO - Processing file /opt/airflow/dags/dl_fin_ratio_v2.py for tasks to queue
[2026-04-30T15:52:47.789+0000] {logging_mixin.py:188} INFO - [2026-04-30T15:52:47.789+0000] {dagbag.py:545} INFO - Filling up the DagBag from /opt/airflow/dags/dl_fin_ratio_v2.py
[2026-04-30T15:52:47.820+0000] {processor.py:840} INFO - DAG(s) 'fin_ratio_v2' retrieved from /opt/airflow/dags/dl_fin_ratio_v2.py
[2026-04-30T15:52:47.834+0000] {logging_mixin.py:188} INFO - [2026-04-30T15:52:47.834+0000] {dag.py:3089} INFO - Sync 1 DAGs
[2026-04-30T15:52:47.853+0000] {logging_mixin.py:188} INFO - [2026-04-30T15:52:47.853+0000] {dag.py:3947} INFO - Setting next_dagrun for fin_ratio_v2 to 2026-04-01 00:00:00+00:00, run_after=2026-05-01 00:00:00+00:00
[2026-04-30T15:52:47.870+0000] {processor.py:183} INFO - Processing /opt/airflow/dags/dl_fin_ratio_v2.py took 0.088 seconds
[2026-04-30T15:53:18.695+0000] {processor.py:161} INFO - Started process (PID=7736) to work on /opt/airflow/dags/dl_fin_ratio_v2.py
[2026-04-30T15:53:18.696+0000] {processor.py:830} INFO - Processing file /opt/airflow/dags/dl_fin_ratio_v2.py for tasks to queue
[2026-04-30T15:53:18.698+0000] {logging_mixin.py:188} INFO - [2026-04-30T15:53:18.698+0000] {dagbag.py:545} INFO - Filling up the DagBag from /opt/airflow/dags/dl_fin_ratio_v2.py
[2026-04-30T15:53:18.729+0000] {processor.py:840} INFO - DAG(s) 'fin_ratio_v2' retrieved from /opt/airflow/dags/dl_fin_ratio_v2.py
[2026-04-30T15:53:18.743+0000] {logging_mixin.py:188} INFO - [2026-04-30T15:53:18.743+0000] {dag.py:3089} INFO - Sync 1 DAGs
[2026-04-30T15:53:18.762+0000] {logging_mixin.py:188} INFO - [2026-04-30T15:53:18.762+0000] {dag.py:3947} INFO - Setting next_dagrun for fin_ratio_v2 to 2026-04-01 00:00:00+00:00, run_after=2026-05-01 00:00:00+00:00
[2026-04-30T15:53:18.778+0000] {processor.py:183} INFO - Processing /opt/airflow/dags/dl_fin_ratio_v2.py took 0.087 seconds
[2026-04-30T15:53:49.336+0000] {processor.py:161} INFO - Started process (PID=7761) to work on /opt/airflow/dags/dl_fin_ratio_v2.py
[2026-04-30T15:53:49.337+0000] {processor.py:830} INFO - Processing file /opt/airflow/dags/dl_fin_ratio_v2.py for tasks to queue
[2026-04-30T15:53:49.339+0000] {logging_mixin.py:188} INFO - [2026-04-30T15:53:49.339+0000] {dagbag.py:545} INFO - Filling up the DagBag from /opt/airflow/dags/dl_fin_ratio_v2.py
[2026-04-30T15:53:49.375+0000] {processor.py:840} INFO - DAG(s) 'fin_ratio_v2' retrieved from /opt/airflow/dags/dl_fin_ratio_v2.py
[2026-04-30T15:53:49.391+0000] {logging_mixin.py:188} INFO - [2026-04-30T15:53:49.390+0000] {dag.py:3089} INFO - Sync 1 DAGs
[2026-04-30T15:53:49.413+0000] {logging_mixin.py:188} INFO - [2026-04-30T15:53:49.413+0000] {dag.py:3947} INFO - Setting next_dagrun for fin_ratio_v2 to 2026-04-01 00:00:00+00:00, run_after=2026-05-01 00:00:00+00:00
[2026-04-30T15:53:49.433+0000] {processor.py:183} INFO - Processing /opt/airflow/dags/dl_fin_ratio_v2.py took 0.104 seconds
[2026-04-30T15:54:19.901+0000] {processor.py:161} INFO - Started process (PID=7786) to work on /opt/airflow/dags/dl_fin_ratio_v2.py
[2026-04-30T15:54:19.902+0000] {processor.py:830} INFO - Processing file /opt/airflow/dags/dl_fin_ratio_v2.py for tasks to queue
[2026-04-30T15:54:19.904+0000] {logging_mixin.py:188} INFO - [2026-04-30T15:54:19.904+0000] {dagbag.py:545} INFO - Filling up the DagBag from /opt/airflow/dags/dl_fin_ratio_v2.py
[2026-04-30T15:54:19.940+0000] {processor.py:840} INFO - DAG(s) 'fin_ratio_v2' retrieved from /opt/airflow/dags/dl_fin_ratio_v2.py
[2026-04-30T15:54:19.955+0000] {logging_mixin.py:188} INFO - [2026-04-30T15:54:19.954+0000] {dag.py:3089} INFO - Sync 1 DAGs
[2026-04-30T15:54:19.977+0000] {logging_mixin.py:188} INFO - [2026-04-30T15:54:19.977+0000] {dag.py:3947} INFO - Setting next_dagrun for fin_ratio_v2 to 2026-04-01 00:00:00+00:00, run_after=2026-05-01 00:00:00+00:00
[2026-04-30T15:54:19.996+0000] {processor.py:183} INFO - Processing /opt/airflow/dags/dl_fin_ratio_v2.py took 0.100 seconds
[2026-04-30T15:54:50.642+0000] {processor.py:161} INFO - Started process (PID=7811) to work on /opt/airflow/dags/dl_fin_ratio_v2.py
[2026-04-30T15:54:50.643+0000] {processor.py:830} INFO - Processing file /opt/airflow/dags/dl_fin_ratio_v2.py for tasks to queue
[2026-04-30T15:54:50.645+0000] {logging_mixin.py:188} INFO - [2026-04-30T15:54:50.645+0000] {dagbag.py:545} INFO - Filling up the DagBag from /opt/airflow/dags/dl_fin_ratio_v2.py
[2026-04-30T15:54:50.679+0000] {processor.py:840} INFO - DAG(s) 'fin_ratio_v2' retrieved from /opt/airflow/dags/dl_fin_ratio_v2.py
[2026-04-30T15:54:50.693+0000] {logging_mixin.py:188} INFO - [2026-04-30T15:54:50.693+0000] {dag.py:3089} INFO - Sync 1 DAGs
[2026-04-30T15:54:50.713+0000] {logging_mixin.py:188} INFO - [2026-04-30T15:54:50.713+0000] {dag.py:3947} INFO - Setting next_dagrun for fin_ratio_v2 to 2026-04-01 00:00:00+00:00, run_after=2026-05-01 00:00:00+00:00
[2026-04-30T15:54:50.735+0000] {processor.py:183} INFO - Processing /opt/airflow/dags/dl_fin_ratio_v2.py took 0.097 seconds
[2026-04-30T15:55:21.452+0000] {processor.py:161} INFO - Started process (PID=7836) to work on /opt/airflow/dags/dl_fin_ratio_v2.py
[2026-04-30T15:55:21.453+0000] {processor.py:830} INFO - Processing file /opt/airflow/dags/dl_fin_ratio_v2.py for tasks to queue
[2026-04-30T15:55:21.455+0000] {logging_mixin.py:188} INFO - [2026-04-30T15:55:21.454+0000] {dagbag.py:545} INFO - Filling up the DagBag from /opt/airflow/dags/dl_fin_ratio_v2.py
[2026-04-30T15:55:21.486+0000] {processor.py:840} INFO - DAG(s) 'fin_ratio_v2' retrieved from /opt/airflow/dags/dl_fin_ratio_v2.py
[2026-04-30T15:55:21.500+0000] {logging_mixin.py:188} INFO - [2026-04-30T15:55:21.500+0000] {dag.py:3089} INFO - Sync 1 DAGs
[2026-04-30T15:55:21.520+0000] {logging_mixin.py:188} INFO - [2026-04-30T15:55:21.520+0000] {dag.py:3947} INFO - Setting next_dagrun for fin_ratio_v2 to 2026-04-01 00:00:00+00:00, run_after=2026-05-01 00:00:00+00:00
[2026-04-30T15:55:21.537+0000] {processor.py:183} INFO - Processing /opt/airflow/dags/dl_fin_ratio_v2.py took 0.090 seconds
[2026-04-30T15:55:51.900+0000] {processor.py:161} INFO - Started process (PID=7861) to work on /opt/airflow/dags/dl_fin_ratio_v2.py
[2026-04-30T15:55:51.901+0000] {processor.py:830} INFO - Processing file /opt/airflow/dags/dl_fin_ratio_v2.py for tasks to queue
[2026-04-30T15:55:51.903+0000] {logging_mixin.py:188} INFO - [2026-04-30T15:55:51.903+0000] {dagbag.py:545} INFO - Filling up the DagBag from /opt/airflow/dags/dl_fin_ratio_v2.py
[2026-04-30T15:55:51.935+0000] {processor.py:840} INFO - DAG(s) 'fin_ratio_v2' retrieved from /opt/airflow/dags/dl_fin_ratio_v2.py
[2026-04-30T15:55:51.949+0000] {logging_mixin.py:188} INFO - [2026-04-30T15:55:51.949+0000] {dag.py:3089} INFO - Sync 1 DAGs
[2026-04-30T15:55:51.968+0000] {logging_mixin.py:188} INFO - [2026-04-30T15:55:51.968+0000] {dag.py:3947} INFO - Setting next_dagrun for fin_ratio_v2 to 2026-04-01 00:00:00+00:00, run_after=2026-05-01 00:00:00+00:00
[2026-04-30T15:55:51.985+0000] {processor.py:183} INFO - Processing /opt/airflow/dags/dl_fin_ratio_v2.py took 0.090 seconds
[2026-04-30T15:56:22.584+0000] {processor.py:161} INFO - Started process (PID=7886) to work on /opt/airflow/dags/dl_fin_ratio_v2.py
[2026-04-30T15:56:22.585+0000] {processor.py:830} INFO - Processing file /opt/airflow/dags/dl_fin_ratio_v2.py for tasks to queue
[2026-04-30T15:56:22.587+0000] {logging_mixin.py:188} INFO - [2026-04-30T15:56:22.587+0000] {dagbag.py:545} INFO - Filling up the DagBag from /opt/airflow/dags/dl_fin_ratio_v2.py
[2026-04-30T15:56:22.622+0000] {processor.py:840} INFO - DAG(s) 'fin_ratio_v2' retrieved from /opt/airflow/dags/dl_fin_ratio_v2.py
[2026-04-30T15:56:22.637+0000] {logging_mixin.py:188} INFO - [2026-04-30T15:56:22.636+0000] {dag.py:3089} INFO - Sync 1 DAGs
[2026-04-30T15:56:22.660+0000] {logging_mixin.py:188} INFO - [2026-04-30T15:56:22.660+0000] {dag.py:3947} INFO - Setting next_dagrun for fin_ratio_v2 to 2026-04-01 00:00:00+00:00, run_after=2026-05-01 00:00:00+00:00
[2026-04-30T15:56:22.686+0000] {processor.py:183} INFO - Processing /opt/airflow/dags/dl_fin_ratio_v2.py took 0.107 seconds
[2026-04-30T15:56:53.285+0000] {processor.py:161} INFO - Started process (PID=7911) to work on /opt/airflow/dags/dl_fin_ratio_v2.py
[2026-04-30T15:56:53.286+0000] {processor.py:830} INFO - Processing file /opt/airflow/dags/dl_fin_ratio_v2.py for tasks to queue
[2026-04-30T15:56:53.288+0000] {logging_mixin.py:188} INFO - [2026-04-30T15:56:53.288+0000] {dagbag.py:545} INFO - Filling up the DagBag from /opt/airflow/dags/dl_fin_ratio_v2.py
[2026-04-30T15:56:53.322+0000] {processor.py:840} INFO - DAG(s) 'fin_ratio_v2' retrieved from /opt/airflow/dags/dl_fin_ratio_v2.py
[2026-04-30T15:56:53.337+0000] {logging_mixin.py:188} INFO - [2026-04-30T15:56:53.336+0000] {dag.py:3089} INFO - Sync 1 DAGs
[2026-04-30T15:56:53.356+0000] {logging_mixin.py:188} INFO - [2026-04-30T15:56:53.356+0000] {dag.py:3947} INFO - Setting next_dagrun for fin_ratio_v2 to 2026-04-01 00:00:00+00:00, run_after=2026-05-01 00:00:00+00:00
[2026-04-30T15:56:53.375+0000] {processor.py:183} INFO - Processing /opt/airflow/dags/dl_fin_ratio_v2.py took 0.095 seconds
[2026-04-30T15:57:23.883+0000] {processor.py:161} INFO - Started process (PID=7936) to work on /opt/airflow/dags/dl_fin_ratio_v2.py
[2026-04-30T15:57:23.884+0000] {processor.py:830} INFO - Processing file /opt/airflow/dags/dl_fin_ratio_v2.py for tasks to queue
[2026-04-30T15:57:23.886+0000] {logging_mixin.py:188} INFO - [2026-04-30T15:57:23.886+0000] {dagbag.py:545} INFO - Filling up the DagBag from /opt/airflow/dags/dl_fin_ratio_v2.py
[2026-04-30T15:57:23.923+0000] {processor.py:840} INFO - DAG(s) 'fin_ratio_v2' retrieved from /opt/airflow/dags/dl_fin_ratio_v2.py
[2026-04-30T15:57:23.938+0000] {logging_mixin.py:188} INFO - [2026-04-30T15:57:23.937+0000] {dag.py:3089} INFO - Sync 1 DAGs
[2026-04-30T15:57:23.957+0000] {logging_mixin.py:188} INFO - [2026-04-30T15:57:23.957+0000] {dag.py:3947} INFO - Setting next_dagrun for fin_ratio_v2 to 2026-04-01 00:00:00+00:00, run_after=2026-05-01 00:00:00+00:00
[2026-04-30T15:57:23.973+0000] {processor.py:183} INFO - Processing /opt/airflow/dags/dl_fin_ratio_v2.py took 0.094 seconds
[2026-04-30T15:57:54.897+0000] {processor.py:161} INFO - Started process (PID=7968) to work on /opt/airflow/dags/dl_fin_ratio_v2.py
[2026-04-30T15:57:54.898+0000] {processor.py:830} INFO - Processing file /opt/airflow/dags/dl_fin_ratio_v2.py for tasks to queue
[2026-04-30T15:57:54.901+0000] {logging_mixin.py:188} INFO - [2026-04-30T15:57:54.901+0000] {dagbag.py:545} INFO - Filling up the DagBag from /opt/airflow/dags/dl_fin_ratio_v2.py
[2026-04-30T15:57:54.934+0000] {processor.py:840} INFO - DAG(s) 'fin_ratio_v2' retrieved from /opt/airflow/dags/dl_fin_ratio_v2.py
[2026-04-30T15:57:54.951+0000] {logging_mixin.py:188} INFO - [2026-04-30T15:57:54.951+0000] {dag.py:3089} INFO - Sync 1 DAGs
[2026-04-30T15:57:54.979+0000] {logging_mixin.py:188} INFO - [2026-04-30T15:57:54.979+0000] {dag.py:3947} INFO - Setting next_dagrun for fin_ratio_v2 to 2026-04-01 00:00:00+00:00, run_after=2026-05-01 00:00:00+00:00
[2026-04-30T15:57:55.002+0000] {processor.py:183} INFO - Processing /opt/airflow/dags/dl_fin_ratio_v2.py took 0.112 seconds
[2026-04-30T15:58:25.904+0000] {processor.py:161} INFO - Started process (PID=7993) to work on /opt/airflow/dags/dl_fin_ratio_v2.py
[2026-04-30T15:58:25.904+0000] {processor.py:830} INFO - Processing file /opt/airflow/dags/dl_fin_ratio_v2.py for tasks to queue
[2026-04-30T15:58:25.906+0000] {logging_mixin.py:188} INFO - [2026-04-30T15:58:25.906+0000] {dagbag.py:545} INFO - Filling up the DagBag from /opt/airflow/dags/dl_fin_ratio_v2.py
[2026-04-30T15:58:25.937+0000] {processor.py:840} INFO - DAG(s) 'fin_ratio_v2' retrieved from /opt/airflow/dags/dl_fin_ratio_v2.py
[2026-04-30T15:58:25.950+0000] {logging_mixin.py:188} INFO - [2026-04-30T15:58:25.950+0000] {dag.py:3089} INFO - Sync 1 DAGs
[2026-04-30T15:58:25.970+0000] {logging_mixin.py:188} INFO - [2026-04-30T15:58:25.969+0000] {dag.py:3947} INFO - Setting next_dagrun for fin_ratio_v2 to 2026-04-01 00:00:00+00:00, run_after=2026-05-01 00:00:00+00:00
[2026-04-30T15:58:25.985+0000] {processor.py:183} INFO - Processing /opt/airflow/dags/dl_fin_ratio_v2.py took 0.086 seconds
[2026-04-30T15:58:56.542+0000] {processor.py:161} INFO - Started process (PID=8018) to work on /opt/airflow/dags/dl_fin_ratio_v2.py
[2026-04-30T15:58:56.543+0000] {processor.py:830} INFO - Processing file /opt/airflow/dags/dl_fin_ratio_v2.py for tasks to queue
[2026-04-30T15:58:56.546+0000] {logging_mixin.py:188} INFO - [2026-04-30T15:58:56.546+0000] {dagbag.py:545} INFO - Filling up the DagBag from /opt/airflow/dags/dl_fin_ratio_v2.py
[2026-04-30T15:58:56.579+0000] {processor.py:840} INFO - DAG(s) 'fin_ratio_v2' retrieved from /opt/airflow/dags/dl_fin_ratio_v2.py
[2026-04-30T15:58:56.592+0000] {logging_mixin.py:188} INFO - [2026-04-30T15:58:56.592+0000] {dag.py:3089} INFO - Sync 1 DAGs
[2026-04-30T15:58:56.610+0000] {logging_mixin.py:188} INFO - [2026-04-30T15:58:56.610+0000] {dag.py:3947} INFO - Setting next_dagrun for fin_ratio_v2 to 2026-04-01 00:00:00+00:00, run_after=2026-05-01 00:00:00+00:00
[2026-04-30T15:58:56.629+0000] {processor.py:183} INFO - Processing /opt/airflow/dags/dl_fin_ratio_v2.py took 0.091 seconds
[2026-04-30T15:59:27.291+0000] {processor.py:161} INFO - Started process (PID=8043) to work on /opt/airflow/dags/dl_fin_ratio_v2.py
[2026-04-30T15:59:27.292+0000] {processor.py:830} INFO - Processing file /opt/airflow/dags/dl_fin_ratio_v2.py for tasks to queue
[2026-04-30T15:59:27.294+0000] {logging_mixin.py:188} INFO - [2026-04-30T15:59:27.294+0000] {dagbag.py:545} INFO - Filling up the DagBag from /opt/airflow/dags/dl_fin_ratio_v2.py
[2026-04-30T15:59:27.324+0000] {processor.py:840} INFO - DAG(s) 'fin_ratio_v2' retrieved from /opt/airflow/dags/dl_fin_ratio_v2.py
[2026-04-30T15:59:27.338+0000] {logging_mixin.py:188} INFO - [2026-04-30T15:59:27.338+0000] {dag.py:3089} INFO - Sync 1 DAGs
[2026-04-30T15:59:27.357+0000] {logging_mixin.py:188} INFO - [2026-04-30T15:59:27.357+0000] {dag.py:3947} INFO - Setting next_dagrun for fin_ratio_v2 to 2026-04-01 00:00:00+00:00, run_after=2026-05-01 00:00:00+00:00
[2026-04-30T15:59:27.374+0000] {processor.py:183} INFO - Processing /opt/airflow/dags/dl_fin_ratio_v2.py took 0.088 seconds
[2026-04-30T15:59:57.923+0000] {processor.py:161} INFO - Started process (PID=8068) to work on /opt/airflow/dags/dl_fin_ratio_v2.py
[2026-04-30T15:59:57.923+0000] {processor.py:830} INFO - Processing file /opt/airflow/dags/dl_fin_ratio_v2.py for tasks to queue
[2026-04-30T15:59:57.926+0000] {logging_mixin.py:188} INFO - [2026-04-30T15:59:57.925+0000] {dagbag.py:545} INFO - Filling up the DagBag from /opt/airflow/dags/dl_fin_ratio_v2.py
[2026-04-30T15:59:57.956+0000] {processor.py:840} INFO - DAG(s) 'fin_ratio_v2' retrieved from /opt/airflow/dags/dl_fin_ratio_v2.py
[2026-04-30T15:59:57.969+0000] {logging_mixin.py:188} INFO - [2026-04-30T15:59:57.969+0000] {dag.py:3089} INFO - Sync 1 DAGs
[2026-04-30T15:59:57.987+0000] {logging_mixin.py:188} INFO - [2026-04-30T15:59:57.987+0000] {dag.py:3947} INFO - Setting next_dagrun for fin_ratio_v2 to 2026-04-01 00:00:00+00:00, run_after=2026-05-01 00:00:00+00:00
[2026-04-30T15:59:58.006+0000] {processor.py:183} INFO - Processing /opt/airflow/dags/dl_fin_ratio_v2.py took 0.088 seconds
[2026-04-30T16:00:33.491+0000] {processor.py:161} INFO - Started process (PID=8117) to work on /opt/airflow/dags/dl_fin_ratio_v2.py
[2026-04-30T16:00:33.499+0000] {processor.py:830} INFO - Processing file /opt/airflow/dags/dl_fin_ratio_v2.py for tasks to queue
[2026-04-30T16:00:33.519+0000] {logging_mixin.py:188} INFO - [2026-04-30T16:00:33.518+0000] {dagbag.py:545} INFO - Filling up the DagBag from /opt/airflow/dags/dl_fin_ratio_v2.py
[2026-04-30T16:00:43.669+0000] {logging_mixin.py:188} INFO - [2026-04-30T16:00:43.645+0000] {variable.py:287} ERROR - Unable to retrieve variable from secrets backend (MetastoreBackend). Checking subsequent secrets backend.
Traceback (most recent call last):
  File "/home/airflow/.local/lib/python3.12/site-packages/sqlalchemy/engine/base.py", line 3371, in _wrap_pool_connect
    return fn()
           ^^^^
  File "/home/airflow/.local/lib/python3.12/site-packages/sqlalchemy/pool/base.py", line 327, in connect
    return _ConnectionFairy._checkout(self)
           ^^^^^^^^^^^^^^^^^^^^^^^^^^^^^^^^
  File "/home/airflow/.local/lib/python3.12/site-packages/sqlalchemy/pool/base.py", line 894, in _checkout
    fairy = _ConnectionRecord.checkout(pool)
            ^^^^^^^^^^^^^^^^^^^^^^^^^^^^^^^^
  File "/home/airflow/.local/lib/python3.12/site-packages/sqlalchemy/pool/base.py", line 493, in checkout
    rec = pool._do_get()
          ^^^^^^^^^^^^^^
  File "/home/airflow/.local/lib/python3.12/site-packages/sqlalchemy/pool/impl.py", line 145, in _do_get
    with util.safe_reraise():
  File "/home/airflow/.local/lib/python3.12/site-packages/sqlalchemy/util/langhelpers.py", line 70, in __exit__
    compat.raise_(
  File "/home/airflow/.local/lib/python3.12/site-packages/sqlalchemy/util/compat.py", line 211, in raise_
    raise exception
  File "/home/airflow/.local/lib/python3.12/site-packages/sqlalchemy/pool/impl.py", line 143, in _do_get
    return self._create_connection()
           ^^^^^^^^^^^^^^^^^^^^^^^^^
  File "/home/airflow/.local/lib/python3.12/site-packages/sqlalchemy/pool/base.py", line 273, in _create_connection
    return _ConnectionRecord(self)
           ^^^^^^^^^^^^^^^^^^^^^^^
  File "/home/airflow/.local/lib/python3.12/site-packages/sqlalchemy/pool/base.py", line 388, in __init__
    self.__connect()
  File "/home/airflow/.local/lib/python3.12/site-packages/sqlalchemy/pool/base.py", line 690, in __connect
    with util.safe_reraise():
  File "/home/airflow/.local/lib/python3.12/site-packages/sqlalchemy/util/langhelpers.py", line 70, in __exit__
    compat.raise_(
  File "/home/airflow/.local/lib/python3.12/site-packages/sqlalchemy/util/compat.py", line 211, in raise_
    raise exception
  File "/home/airflow/.local/lib/python3.12/site-packages/sqlalchemy/pool/base.py", line 686, in __connect
    self.dbapi_connection = connection = pool._invoke_creator(self)
                                         ^^^^^^^^^^^^^^^^^^^^^^^^^^
  File "/home/airflow/.local/lib/python3.12/site-packages/sqlalchemy/engine/create.py", line 574, in connect
    return dialect.connect(*cargs, **cparams)
           ^^^^^^^^^^^^^^^^^^^^^^^^^^^^^^^^^^
  File "/home/airflow/.local/lib/python3.12/site-packages/sqlalchemy/engine/default.py", line 598, in connect
    return self.dbapi.connect(*cargs, **cparams)
           ^^^^^^^^^^^^^^^^^^^^^^^^^^^^^^^^^^^^^
  File "/home/airflow/.local/lib/python3.12/site-packages/psycopg2/__init__.py", line 122, in connect
    conn = _connect(dsn, connection_factory=connection_factory, **kwasync)
           ^^^^^^^^^^^^^^^^^^^^^^^^^^^^^^^^^^^^^^^^^^^^^^^^^^^^^^^^^^^^^^^
psycopg2.OperationalError: could not translate host name "postgres" to address: Temporary failure in name resolution


The above exception was the direct cause of the following exception:

Traceback (most recent call last):
  File "/home/airflow/.local/lib/python3.12/site-packages/airflow/models/variable.py", line 283, in get_variable_from_secrets
    var_val = secrets_backend.get_variable(key=key)
              ^^^^^^^^^^^^^^^^^^^^^^^^^^^^^^^^^^^^^
  File "/home/airflow/.local/lib/python3.12/site-packages/airflow/utils/session.py", line 79, in wrapper
    return func(*args, session=session, **kwargs)
           ^^^^^^^^^^^^^^^^^^^^^^^^^^^^^^^^^^^^^^
  File "/home/airflow/.local/lib/python3.12/site-packages/airflow/secrets/metastore.py", line 66, in get_variable
    return MetastoreBackend._fetch_variable(key=key, session=session)
           ^^^^^^^^^^^^^^^^^^^^^^^^^^^^^^^^^^^^^^^^^^^^^^^^^^^^^^^^^^
  File "/home/airflow/.local/lib/python3.12/site-packages/airflow/api_internal/internal_api_call.py", line 115, in wrapper
    return func(*args, **kwargs)
           ^^^^^^^^^^^^^^^^^^^^^
  File "/home/airflow/.local/lib/python3.12/site-packages/airflow/utils/session.py", line 76, in wrapper
    return func(*args, **kwargs)
           ^^^^^^^^^^^^^^^^^^^^^
  File "/home/airflow/.local/lib/python3.12/site-packages/airflow/secrets/metastore.py", line 84, in _fetch_variable
    var_value = session.scalar(select(Variable).where(Variable.key == key).limit(1))
                ^^^^^^^^^^^^^^^^^^^^^^^^^^^^^^^^^^^^^^^^^^^^^^^^^^^^^^^^^^^^^^^^^^^^
  File "/home/airflow/.local/lib/python3.12/site-packages/sqlalchemy/orm/session.py", line 1747, in scalar
    return self.execute(
           ^^^^^^^^^^^^^
  File "/home/airflow/.local/lib/python3.12/site-packages/sqlalchemy/orm/session.py", line 1716, in execute
    conn = self._connection_for_bind(bind)
           ^^^^^^^^^^^^^^^^^^^^^^^^^^^^^^^
  File "/home/airflow/.local/lib/python3.12/site-packages/sqlalchemy/orm/session.py", line 1555, in _connection_for_bind
    return self._transaction._connection_for_bind(
           ^^^^^^^^^^^^^^^^^^^^^^^^^^^^^^^^^^^^^^^
  File "/home/airflow/.local/lib/python3.12/site-packages/sqlalchemy/orm/session.py", line 750, in _connection_for_bind
    conn = bind.connect()
           ^^^^^^^^^^^^^^
  File "/home/airflow/.local/lib/python3.12/site-packages/sqlalchemy/future/engine.py", line 412, in connect
    return super(Engine, self).connect()
           ^^^^^^^^^^^^^^^^^^^^^^^^^^^^^
  File "/home/airflow/.local/lib/python3.12/site-packages/sqlalchemy/engine/base.py", line 3325, in connect
    return self._connection_cls(self, close_with_result=close_with_result)
           ^^^^^^^^^^^^^^^^^^^^^^^^^^^^^^^^^^^^^^^^^^^^^^^^^^^^^^^^^^^^^^^
  File "/home/airflow/.local/lib/python3.12/site-packages/sqlalchemy/engine/base.py", line 96, in __init__
    else engine.raw_connection()
         ^^^^^^^^^^^^^^^^^^^^^^^
  File "/home/airflow/.local/lib/python3.12/site-packages/sqlalchemy/engine/base.py", line 3404, in raw_connection
    return self._wrap_pool_connect(self.pool.connect, _connection)
           ^^^^^^^^^^^^^^^^^^^^^^^^^^^^^^^^^^^^^^^^^^^^^^^^^^^^^^^
  File "/home/airflow/.local/lib/python3.12/site-packages/sqlalchemy/engine/base.py", line 3374, in _wrap_pool_connect
    Connection._handle_dbapi_exception_noconnection(
  File "/home/airflow/.local/lib/python3.12/site-packages/sqlalchemy/engine/base.py", line 2208, in _handle_dbapi_exception_noconnection
    util.raise_(
  File "/home/airflow/.local/lib/python3.12/site-packages/sqlalchemy/util/compat.py", line 211, in raise_
    raise exception
  File "/home/airflow/.local/lib/python3.12/site-packages/sqlalchemy/engine/base.py", line 3371, in _wrap_pool_connect
    return fn()
           ^^^^
  File "/home/airflow/.local/lib/python3.12/site-packages/sqlalchemy/pool/base.py", line 327, in connect
    return _ConnectionFairy._checkout(self)
           ^^^^^^^^^^^^^^^^^^^^^^^^^^^^^^^^
  File "/home/airflow/.local/lib/python3.12/site-packages/sqlalchemy/pool/base.py", line 894, in _checkout
    fairy = _ConnectionRecord.checkout(pool)
            ^^^^^^^^^^^^^^^^^^^^^^^^^^^^^^^^
  File "/home/airflow/.local/lib/python3.12/site-packages/sqlalchemy/pool/base.py", line 493, in checkout
    rec = pool._do_get()
          ^^^^^^^^^^^^^^
  File "/home/airflow/.local/lib/python3.12/site-packages/sqlalchemy/pool/impl.py", line 145, in _do_get
    with util.safe_reraise():
  File "/home/airflow/.local/lib/python3.12/site-packages/sqlalchemy/util/langhelpers.py", line 70, in __exit__
    compat.raise_(
  File "/home/airflow/.local/lib/python3.12/site-packages/sqlalchemy/util/compat.py", line 211, in raise_
    raise exception
  File "/home/airflow/.local/lib/python3.12/site-packages/sqlalchemy/pool/impl.py", line 143, in _do_get
    return self._create_connection()
           ^^^^^^^^^^^^^^^^^^^^^^^^^
  File "/home/airflow/.local/lib/python3.12/site-packages/sqlalchemy/pool/base.py", line 273, in _create_connection
    return _ConnectionRecord(self)
           ^^^^^^^^^^^^^^^^^^^^^^^
  File "/home/airflow/.local/lib/python3.12/site-packages/sqlalchemy/pool/base.py", line 388, in __init__
    self.__connect()
  File "/home/airflow/.local/lib/python3.12/site-packages/sqlalchemy/pool/base.py", line 690, in __connect
    with util.safe_reraise():
  File "/home/airflow/.local/lib/python3.12/site-packages/sqlalchemy/util/langhelpers.py", line 70, in __exit__
    compat.raise_(
  File "/home/airflow/.local/lib/python3.12/site-packages/sqlalchemy/util/compat.py", line 211, in raise_
    raise exception
  File "/home/airflow/.local/lib/python3.12/site-packages/sqlalchemy/pool/base.py", line 686, in __connect
    self.dbapi_connection = connection = pool._invoke_creator(self)
                                         ^^^^^^^^^^^^^^^^^^^^^^^^^^
  File "/home/airflow/.local/lib/python3.12/site-packages/sqlalchemy/engine/create.py", line 574, in connect
    return dialect.connect(*cargs, **cparams)
           ^^^^^^^^^^^^^^^^^^^^^^^^^^^^^^^^^^
  File "/home/airflow/.local/lib/python3.12/site-packages/sqlalchemy/engine/default.py", line 598, in connect
    return self.dbapi.connect(*cargs, **cparams)
           ^^^^^^^^^^^^^^^^^^^^^^^^^^^^^^^^^^^^^
  File "/home/airflow/.local/lib/python3.12/site-packages/psycopg2/__init__.py", line 122, in connect
    conn = _connect(dsn, connection_factory=connection_factory, **kwasync)
           ^^^^^^^^^^^^^^^^^^^^^^^^^^^^^^^^^^^^^^^^^^^^^^^^^^^^^^^^^^^^^^^
sqlalchemy.exc.OperationalError: (psycopg2.OperationalError) could not translate host name "postgres" to address: Temporary failure in name resolution

(Background on this error at: https://sqlalche.me/e/14/e3q8)
[2026-04-30T16:00:43.807+0000] {processor.py:840} INFO - DAG(s) 'fin_ratio_v2' retrieved from /opt/airflow/dags/dl_fin_ratio_v2.py
[2026-04-30T16:00:52.768+0000] {logging_mixin.py:188} INFO - [2026-04-30T16:00:52.767+0000] {dag.py:3089} INFO - Sync 1 DAGs
[2026-04-30T16:00:52.995+0000] {logging_mixin.py:188} INFO - [2026-04-30T16:00:52.994+0000] {dag.py:3947} INFO - Setting next_dagrun for fin_ratio_v2 to 2026-04-01 00:00:00+00:00, run_after=2026-05-01 00:00:00+00:00
[2026-04-30T16:00:53.102+0000] {processor.py:183} INFO - Processing /opt/airflow/dags/dl_fin_ratio_v2.py took 20.878 seconds
[2026-04-30T16:01:23.755+0000] {processor.py:161} INFO - Started process (PID=8162) to work on /opt/airflow/dags/dl_fin_ratio_v2.py
[2026-04-30T16:01:23.758+0000] {processor.py:830} INFO - Processing file /opt/airflow/dags/dl_fin_ratio_v2.py for tasks to queue
[2026-04-30T16:01:23.800+0000] {logging_mixin.py:188} INFO - [2026-04-30T16:01:23.799+0000] {dagbag.py:545} INFO - Filling up the DagBag from /opt/airflow/dags/dl_fin_ratio_v2.py
[2026-04-30T16:01:24.204+0000] {processor.py:840} INFO - DAG(s) 'fin_ratio_v2' retrieved from /opt/airflow/dags/dl_fin_ratio_v2.py
[2026-04-30T16:01:24.445+0000] {logging_mixin.py:188} INFO - [2026-04-30T16:01:24.444+0000] {dag.py:3089} INFO - Sync 1 DAGs
[2026-04-30T16:01:24.658+0000] {logging_mixin.py:188} INFO - [2026-04-30T16:01:24.658+0000] {dag.py:3947} INFO - Setting next_dagrun for fin_ratio_v2 to 2026-04-01 00:00:00+00:00, run_after=2026-05-01 00:00:00+00:00
[2026-04-30T16:01:24.747+0000] {processor.py:183} INFO - Processing /opt/airflow/dags/dl_fin_ratio_v2.py took 1.028 seconds
[2026-04-30T16:01:55.564+0000] {processor.py:161} INFO - Started process (PID=8215) to work on /opt/airflow/dags/dl_fin_ratio_v2.py
[2026-04-30T16:01:55.582+0000] {processor.py:830} INFO - Processing file /opt/airflow/dags/dl_fin_ratio_v2.py for tasks to queue
[2026-04-30T16:01:55.603+0000] {logging_mixin.py:188} INFO - [2026-04-30T16:01:55.602+0000] {dagbag.py:545} INFO - Filling up the DagBag from /opt/airflow/dags/dl_fin_ratio_v2.py
[2026-04-30T16:01:55.842+0000] {processor.py:840} INFO - DAG(s) 'fin_ratio_v2' retrieved from /opt/airflow/dags/dl_fin_ratio_v2.py
[2026-04-30T16:01:56.024+0000] {logging_mixin.py:188} INFO - [2026-04-30T16:01:56.023+0000] {dag.py:3089} INFO - Sync 1 DAGs
[2026-04-30T16:01:56.205+0000] {logging_mixin.py:188} INFO - [2026-04-30T16:01:56.205+0000] {dag.py:3947} INFO - Setting next_dagrun for fin_ratio_v2 to 2026-04-01 00:00:00+00:00, run_after=2026-05-01 00:00:00+00:00
[2026-04-30T16:01:56.300+0000] {processor.py:183} INFO - Processing /opt/airflow/dags/dl_fin_ratio_v2.py took 0.775 seconds
[2026-04-30T16:02:26.681+0000] {processor.py:161} INFO - Started process (PID=8283) to work on /opt/airflow/dags/dl_fin_ratio_v2.py
[2026-04-30T16:02:26.708+0000] {processor.py:830} INFO - Processing file /opt/airflow/dags/dl_fin_ratio_v2.py for tasks to queue
[2026-04-30T16:02:26.757+0000] {logging_mixin.py:188} INFO - [2026-04-30T16:02:26.739+0000] {dagbag.py:545} INFO - Filling up the DagBag from /opt/airflow/dags/dl_fin_ratio_v2.py
[2026-04-30T16:02:27.227+0000] {processor.py:840} INFO - DAG(s) 'fin_ratio_v2' retrieved from /opt/airflow/dags/dl_fin_ratio_v2.py
[2026-04-30T16:02:27.544+0000] {logging_mixin.py:188} INFO - [2026-04-30T16:02:27.543+0000] {dag.py:3089} INFO - Sync 1 DAGs
[2026-04-30T16:02:27.784+0000] {logging_mixin.py:188} INFO - [2026-04-30T16:02:27.784+0000] {dag.py:3947} INFO - Setting next_dagrun for fin_ratio_v2 to 2026-04-01 00:00:00+00:00, run_after=2026-05-01 00:00:00+00:00
[2026-04-30T16:02:28.008+0000] {processor.py:183} INFO - Processing /opt/airflow/dags/dl_fin_ratio_v2.py took 1.422 seconds
[2026-04-30T16:02:58.690+0000] {processor.py:161} INFO - Started process (PID=8346) to work on /opt/airflow/dags/dl_fin_ratio_v2.py
[2026-04-30T16:02:58.692+0000] {processor.py:830} INFO - Processing file /opt/airflow/dags/dl_fin_ratio_v2.py for tasks to queue
[2026-04-30T16:02:58.695+0000] {logging_mixin.py:188} INFO - [2026-04-30T16:02:58.695+0000] {dagbag.py:545} INFO - Filling up the DagBag from /opt/airflow/dags/dl_fin_ratio_v2.py
[2026-04-30T16:03:08.813+0000] {logging_mixin.py:188} INFO - [2026-04-30T16:03:08.766+0000] {variable.py:287} ERROR - Unable to retrieve variable from secrets backend (MetastoreBackend). Checking subsequent secrets backend.
Traceback (most recent call last):
  File "/home/airflow/.local/lib/python3.12/site-packages/sqlalchemy/engine/base.py", line 3371, in _wrap_pool_connect
    return fn()
           ^^^^
  File "/home/airflow/.local/lib/python3.12/site-packages/sqlalchemy/pool/base.py", line 327, in connect
    return _ConnectionFairy._checkout(self)
           ^^^^^^^^^^^^^^^^^^^^^^^^^^^^^^^^
  File "/home/airflow/.local/lib/python3.12/site-packages/sqlalchemy/pool/base.py", line 894, in _checkout
    fairy = _ConnectionRecord.checkout(pool)
            ^^^^^^^^^^^^^^^^^^^^^^^^^^^^^^^^
  File "/home/airflow/.local/lib/python3.12/site-packages/sqlalchemy/pool/base.py", line 493, in checkout
    rec = pool._do_get()
          ^^^^^^^^^^^^^^
  File "/home/airflow/.local/lib/python3.12/site-packages/sqlalchemy/pool/impl.py", line 145, in _do_get
    with util.safe_reraise():
  File "/home/airflow/.local/lib/python3.12/site-packages/sqlalchemy/util/langhelpers.py", line 70, in __exit__
    compat.raise_(
  File "/home/airflow/.local/lib/python3.12/site-packages/sqlalchemy/util/compat.py", line 211, in raise_
    raise exception
  File "/home/airflow/.local/lib/python3.12/site-packages/sqlalchemy/pool/impl.py", line 143, in _do_get
    return self._create_connection()
           ^^^^^^^^^^^^^^^^^^^^^^^^^
  File "/home/airflow/.local/lib/python3.12/site-packages/sqlalchemy/pool/base.py", line 273, in _create_connection
    return _ConnectionRecord(self)
           ^^^^^^^^^^^^^^^^^^^^^^^
  File "/home/airflow/.local/lib/python3.12/site-packages/sqlalchemy/pool/base.py", line 388, in __init__
    self.__connect()
  File "/home/airflow/.local/lib/python3.12/site-packages/sqlalchemy/pool/base.py", line 690, in __connect
    with util.safe_reraise():
  File "/home/airflow/.local/lib/python3.12/site-packages/sqlalchemy/util/langhelpers.py", line 70, in __exit__
    compat.raise_(
  File "/home/airflow/.local/lib/python3.12/site-packages/sqlalchemy/util/compat.py", line 211, in raise_
    raise exception
  File "/home/airflow/.local/lib/python3.12/site-packages/sqlalchemy/pool/base.py", line 686, in __connect
    self.dbapi_connection = connection = pool._invoke_creator(self)
                                         ^^^^^^^^^^^^^^^^^^^^^^^^^^
  File "/home/airflow/.local/lib/python3.12/site-packages/sqlalchemy/engine/create.py", line 574, in connect
    return dialect.connect(*cargs, **cparams)
           ^^^^^^^^^^^^^^^^^^^^^^^^^^^^^^^^^^
  File "/home/airflow/.local/lib/python3.12/site-packages/sqlalchemy/engine/default.py", line 598, in connect
    return self.dbapi.connect(*cargs, **cparams)
           ^^^^^^^^^^^^^^^^^^^^^^^^^^^^^^^^^^^^^
  File "/home/airflow/.local/lib/python3.12/site-packages/psycopg2/__init__.py", line 122, in connect
    conn = _connect(dsn, connection_factory=connection_factory, **kwasync)
           ^^^^^^^^^^^^^^^^^^^^^^^^^^^^^^^^^^^^^^^^^^^^^^^^^^^^^^^^^^^^^^^
psycopg2.OperationalError: could not translate host name "postgres" to address: Temporary failure in name resolution


The above exception was the direct cause of the following exception:

Traceback (most recent call last):
  File "/home/airflow/.local/lib/python3.12/site-packages/airflow/models/variable.py", line 283, in get_variable_from_secrets
    var_val = secrets_backend.get_variable(key=key)
              ^^^^^^^^^^^^^^^^^^^^^^^^^^^^^^^^^^^^^
  File "/home/airflow/.local/lib/python3.12/site-packages/airflow/utils/session.py", line 79, in wrapper
    return func(*args, session=session, **kwargs)
           ^^^^^^^^^^^^^^^^^^^^^^^^^^^^^^^^^^^^^^
  File "/home/airflow/.local/lib/python3.12/site-packages/airflow/secrets/metastore.py", line 66, in get_variable
    return MetastoreBackend._fetch_variable(key=key, session=session)
           ^^^^^^^^^^^^^^^^^^^^^^^^^^^^^^^^^^^^^^^^^^^^^^^^^^^^^^^^^^
  File "/home/airflow/.local/lib/python3.12/site-packages/airflow/api_internal/internal_api_call.py", line 115, in wrapper
    return func(*args, **kwargs)
           ^^^^^^^^^^^^^^^^^^^^^
  File "/home/airflow/.local/lib/python3.12/site-packages/airflow/utils/session.py", line 76, in wrapper
    return func(*args, **kwargs)
           ^^^^^^^^^^^^^^^^^^^^^
  File "/home/airflow/.local/lib/python3.12/site-packages/airflow/secrets/metastore.py", line 84, in _fetch_variable
    var_value = session.scalar(select(Variable).where(Variable.key == key).limit(1))
                ^^^^^^^^^^^^^^^^^^^^^^^^^^^^^^^^^^^^^^^^^^^^^^^^^^^^^^^^^^^^^^^^^^^^
  File "/home/airflow/.local/lib/python3.12/site-packages/sqlalchemy/orm/session.py", line 1747, in scalar
    return self.execute(
           ^^^^^^^^^^^^^
  File "/home/airflow/.local/lib/python3.12/site-packages/sqlalchemy/orm/session.py", line 1716, in execute
    conn = self._connection_for_bind(bind)
           ^^^^^^^^^^^^^^^^^^^^^^^^^^^^^^^
  File "/home/airflow/.local/lib/python3.12/site-packages/sqlalchemy/orm/session.py", line 1555, in _connection_for_bind
    return self._transaction._connection_for_bind(
           ^^^^^^^^^^^^^^^^^^^^^^^^^^^^^^^^^^^^^^^
  File "/home/airflow/.local/lib/python3.12/site-packages/sqlalchemy/orm/session.py", line 750, in _connection_for_bind
    conn = bind.connect()
           ^^^^^^^^^^^^^^
  File "/home/airflow/.local/lib/python3.12/site-packages/sqlalchemy/future/engine.py", line 412, in connect
    return super(Engine, self).connect()
           ^^^^^^^^^^^^^^^^^^^^^^^^^^^^^
  File "/home/airflow/.local/lib/python3.12/site-packages/sqlalchemy/engine/base.py", line 3325, in connect
    return self._connection_cls(self, close_with_result=close_with_result)
           ^^^^^^^^^^^^^^^^^^^^^^^^^^^^^^^^^^^^^^^^^^^^^^^^^^^^^^^^^^^^^^^
  File "/home/airflow/.local/lib/python3.12/site-packages/sqlalchemy/engine/base.py", line 96, in __init__
    else engine.raw_connection()
         ^^^^^^^^^^^^^^^^^^^^^^^
  File "/home/airflow/.local/lib/python3.12/site-packages/sqlalchemy/engine/base.py", line 3404, in raw_connection
    return self._wrap_pool_connect(self.pool.connect, _connection)
           ^^^^^^^^^^^^^^^^^^^^^^^^^^^^^^^^^^^^^^^^^^^^^^^^^^^^^^^
  File "/home/airflow/.local/lib/python3.12/site-packages/sqlalchemy/engine/base.py", line 3374, in _wrap_pool_connect
    Connection._handle_dbapi_exception_noconnection(
  File "/home/airflow/.local/lib/python3.12/site-packages/sqlalchemy/engine/base.py", line 2208, in _handle_dbapi_exception_noconnection
    util.raise_(
  File "/home/airflow/.local/lib/python3.12/site-packages/sqlalchemy/util/compat.py", line 211, in raise_
    raise exception
  File "/home/airflow/.local/lib/python3.12/site-packages/sqlalchemy/engine/base.py", line 3371, in _wrap_pool_connect
    return fn()
           ^^^^
  File "/home/airflow/.local/lib/python3.12/site-packages/sqlalchemy/pool/base.py", line 327, in connect
    return _ConnectionFairy._checkout(self)
           ^^^^^^^^^^^^^^^^^^^^^^^^^^^^^^^^
  File "/home/airflow/.local/lib/python3.12/site-packages/sqlalchemy/pool/base.py", line 894, in _checkout
    fairy = _ConnectionRecord.checkout(pool)
            ^^^^^^^^^^^^^^^^^^^^^^^^^^^^^^^^
  File "/home/airflow/.local/lib/python3.12/site-packages/sqlalchemy/pool/base.py", line 493, in checkout
    rec = pool._do_get()
          ^^^^^^^^^^^^^^
  File "/home/airflow/.local/lib/python3.12/site-packages/sqlalchemy/pool/impl.py", line 145, in _do_get
    with util.safe_reraise():
  File "/home/airflow/.local/lib/python3.12/site-packages/sqlalchemy/util/langhelpers.py", line 70, in __exit__
    compat.raise_(
  File "/home/airflow/.local/lib/python3.12/site-packages/sqlalchemy/util/compat.py", line 211, in raise_
    raise exception
  File "/home/airflow/.local/lib/python3.12/site-packages/sqlalchemy/pool/impl.py", line 143, in _do_get
    return self._create_connection()
           ^^^^^^^^^^^^^^^^^^^^^^^^^
  File "/home/airflow/.local/lib/python3.12/site-packages/sqlalchemy/pool/base.py", line 273, in _create_connection
    return _ConnectionRecord(self)
           ^^^^^^^^^^^^^^^^^^^^^^^
  File "/home/airflow/.local/lib/python3.12/site-packages/sqlalchemy/pool/base.py", line 388, in __init__
    self.__connect()
  File "/home/airflow/.local/lib/python3.12/site-packages/sqlalchemy/pool/base.py", line 690, in __connect
    with util.safe_reraise():
  File "/home/airflow/.local/lib/python3.12/site-packages/sqlalchemy/util/langhelpers.py", line 70, in __exit__
    compat.raise_(
  File "/home/airflow/.local/lib/python3.12/site-packages/sqlalchemy/util/compat.py", line 211, in raise_
    raise exception
  File "/home/airflow/.local/lib/python3.12/site-packages/sqlalchemy/pool/base.py", line 686, in __connect
    self.dbapi_connection = connection = pool._invoke_creator(self)
                                         ^^^^^^^^^^^^^^^^^^^^^^^^^^
  File "/home/airflow/.local/lib/python3.12/site-packages/sqlalchemy/engine/create.py", line 574, in connect
    return dialect.connect(*cargs, **cparams)
           ^^^^^^^^^^^^^^^^^^^^^^^^^^^^^^^^^^
  File "/home/airflow/.local/lib/python3.12/site-packages/sqlalchemy/engine/default.py", line 598, in connect
    return self.dbapi.connect(*cargs, **cparams)
           ^^^^^^^^^^^^^^^^^^^^^^^^^^^^^^^^^^^^^
  File "/home/airflow/.local/lib/python3.12/site-packages/psycopg2/__init__.py", line 122, in connect
    conn = _connect(dsn, connection_factory=connection_factory, **kwasync)
           ^^^^^^^^^^^^^^^^^^^^^^^^^^^^^^^^^^^^^^^^^^^^^^^^^^^^^^^^^^^^^^^
sqlalchemy.exc.OperationalError: (psycopg2.OperationalError) could not translate host name "postgres" to address: Temporary failure in name resolution

(Background on this error at: https://sqlalche.me/e/14/e3q8)
[2026-04-30T16:03:09.518+0000] {processor.py:840} INFO - DAG(s) 'fin_ratio_v2' retrieved from /opt/airflow/dags/dl_fin_ratio_v2.py
[2026-04-30T16:03:15.382+0000] {logging_mixin.py:188} INFO - [2026-04-30T16:03:15.379+0000] {dag.py:3089} INFO - Sync 1 DAGs
[2026-04-30T16:03:15.514+0000] {logging_mixin.py:188} INFO - [2026-04-30T16:03:15.513+0000] {dag.py:3947} INFO - Setting next_dagrun for fin_ratio_v2 to 2026-04-01 00:00:00+00:00, run_after=2026-05-01 00:00:00+00:00
[2026-04-30T16:03:15.584+0000] {processor.py:183} INFO - Processing /opt/airflow/dags/dl_fin_ratio_v2.py took 16.941 seconds
[2026-04-30T16:03:46.358+0000] {processor.py:161} INFO - Started process (PID=8390) to work on /opt/airflow/dags/dl_fin_ratio_v2.py
[2026-04-30T16:03:46.360+0000] {processor.py:830} INFO - Processing file /opt/airflow/dags/dl_fin_ratio_v2.py for tasks to queue
[2026-04-30T16:03:46.384+0000] {logging_mixin.py:188} INFO - [2026-04-30T16:03:46.381+0000] {dagbag.py:545} INFO - Filling up the DagBag from /opt/airflow/dags/dl_fin_ratio_v2.py
[2026-04-30T16:03:46.972+0000] {processor.py:840} INFO - DAG(s) 'fin_ratio_v2' retrieved from /opt/airflow/dags/dl_fin_ratio_v2.py
[2026-04-30T16:03:47.138+0000] {logging_mixin.py:188} INFO - [2026-04-30T16:03:47.137+0000] {dag.py:3089} INFO - Sync 1 DAGs
[2026-04-30T16:03:47.258+0000] {logging_mixin.py:188} INFO - [2026-04-30T16:03:47.257+0000] {dag.py:3947} INFO - Setting next_dagrun for fin_ratio_v2 to 2026-04-01 00:00:00+00:00, run_after=2026-05-01 00:00:00+00:00
[2026-04-30T16:03:47.320+0000] {processor.py:183} INFO - Processing /opt/airflow/dags/dl_fin_ratio_v2.py took 0.986 seconds
[2026-04-30T16:04:17.937+0000] {processor.py:161} INFO - Started process (PID=8454) to work on /opt/airflow/dags/dl_fin_ratio_v2.py
[2026-04-30T16:04:17.938+0000] {processor.py:830} INFO - Processing file /opt/airflow/dags/dl_fin_ratio_v2.py for tasks to queue
[2026-04-30T16:04:18.004+0000] {logging_mixin.py:188} INFO - [2026-04-30T16:04:18.003+0000] {dagbag.py:545} INFO - Filling up the DagBag from /opt/airflow/dags/dl_fin_ratio_v2.py
[2026-04-30T16:04:18.394+0000] {processor.py:840} INFO - DAG(s) 'fin_ratio_v2' retrieved from /opt/airflow/dags/dl_fin_ratio_v2.py
[2026-04-30T16:04:18.570+0000] {logging_mixin.py:188} INFO - [2026-04-30T16:04:18.569+0000] {dag.py:3089} INFO - Sync 1 DAGs
[2026-04-30T16:04:18.771+0000] {logging_mixin.py:188} INFO - [2026-04-30T16:04:18.770+0000] {dag.py:3947} INFO - Setting next_dagrun for fin_ratio_v2 to 2026-04-01 00:00:00+00:00, run_after=2026-05-01 00:00:00+00:00
[2026-04-30T16:04:18.892+0000] {processor.py:183} INFO - Processing /opt/airflow/dags/dl_fin_ratio_v2.py took 1.020 seconds
