QIú{²­êå'æë
äÅáïŠ³¼]ï¡¤+´8œqticker,trading_date,open,high,low,close,volume
SDG,2009-12-22,4.38,4.38,3.65,3.65,11700
SDG,2009-12-23,3.65,3.65,3.65,3.65,1000
SDG,2009-12-24,3.65,3.65,3.5,3.65,1900
SDG,2009-12-25,3.65,3.72,3.58,3.58,6400
SDG,2009-12-28,3.66,3.66,3.65,3.65,11700
SDG,2009-12-29,3.66,3.66,3.58,3.58,5400
SDG,2009-12-30,3.36,3.66,3.36,3.45,8600
SDG,2009-12-31,3.65,3.68,3.65,3.65,21400
SDG,2010-01-04,3.72,3.91,3.72,3.91,49900
SDG,2010-01-05,4.1,4.1,4.09,4.09,37700
SDG,2010-01-06,4.12,4.23,3.87,4.1,12300
SDG,2010-01-07,4.16,4.16,3.77,3.77,5100
SDG,2010-01-08,3.69,3.83,3.68,3.68,17800
SDG,2010-01-11,3.49,3.5,3.49,3.5,900
SDG,2010-01-12,3.27,3.66,3.27,3.36,14400
SDG,2010-01-13,3.27,3.74,3.27,3.65,14900
SDG,2010-01-14,3.39,3.72,3.39,3.65,16100
SDG,2010-01-15,3.42,3.66,3.42,3.66,8500
SDG,2010-01-18,3.4,3.74,3.4,3.65,38400
SDG,2010-01-19,3.4,3.72,3.4,3.68,5000
SDG,2010-01-20,3.68,3.93,3.68,3.93,59600
SDG,2010-01-21,4.15,4.15,3.94,4.15,26900
SDG,2010-01-22,4.38,4.42,4.09,4.22,13800
SDG,2010-01-25,4.09,4.23,4.0,4.02,6800
SDG,2010-01-26,4.02,4.09,3.88,4.06,26100
SDG,2010-01-27,4.09,4.12,3.78,3.83,8100
SDG,2010-01-28,3.8,3.8,3.71,3.71,4200
SDG,2010-01-29,3.52,3.74,3.49,3.74,12200
SDG,2010-02-01,3.53,3.72,3.53,3.72,2300
SDG,2010-02-02,3.85,3.85,3.66,3.68,3200
SDG,2010-02-03,3.71,3.71,3.71,3.71,1700
SDG,2010-02-04,3.94,3.94,3.66,3.91,800
SDG,2010-02-05,4.06,4.06,3.69,3.72,9300
SDG,2010-02-08,3.71,3.72,3.58,3.58,3300
SDG,2010-02-09,3.66,3.66,3.62,3.62,4000
SDG,2010-02-10,3.66,3.66,3.5,3.53,7500
SDG,2010-02-11,3.45,3.45,3.45,3.45,1300
SDG,2010-02-12,3.66,3.68,3.66,3.68,5000
SDG,2010-02-22,3.93,3.93,3.84,3.84,900
SDG,2010-02-23,3.8,3.8,3.8,3.8,100
SDG,2010-02-24,3.8,3.8,3.58,3.72,2400
SDG,2010-02-25,3.72,3.72,3.65,3.65,1400
SDG,2010-02-26,3.59,3.74,3.58,3.74,1100
SDG,2010-03-01,3.83,3.83,3.83,3.83,300
SDG,2010-03-02,3.8,3.8,3.8,3.8,2000
SDG,2010-03-03,3.85,3.85,3.8,3.85,3800
SDG,2010-03-04,3.87,3.87,3.8,3.8,7800
SDG,2010-03-05,3.65,3.8,3.65,3.8,1000
SDG,2010-03-08,3.91,4.03,3.91,3.94,15300
SDG,2010-03-09,3.94,3.99,3.93,3.97,13200
SDG,2010-03-10,3.94,3.97,3.87,3.97,14200
SDG,2010-03-11,4.02,4.19,3.94,4.12,15800
SDG,2010-03-12,4.26,4.39,4.26,4.32,8100
SDG,2010-03-15,4.6,4.6,4.16,4.35,12500
SDG,2010-03-16,4.32,4.32,3.96,3.96,11100
SDG,2010-03-17,3.72,4.23,3.72,4.09,21500
SDG,2010-03-18,3.94,4.2,3.94,4.2,13900
SDG,2010-03-19,3.96,4.13,3.96,4.09,12900
SDG,2010-03-22,4.38,4.38,4.31,4.38,37800
SDG,2010-03-23,4.66,4.66,4.66,4.66,26900
SDG,2010-03-24,4.98,4.98,4.79,4.83,37000
SDG,2010-03-25,4.89,4.89,4.57,4.6,24400
SDG,2010-03-26,4.67,4.96,4.67,4.95,50500
SDG,2010-03-29,4.95,4.95,4.67,4.79,5600
SDG,2010-03-30,4.75,4.75,4.72,4.73,7700
SDG,2010-03-31,4.73,4.96,4.69,4.69,47400
SDG,2010-04-01,4.72,4.8,4.69,4.75,5800
SDG,2010-04-02,4.73,4.73,4.73,4.73,1700
SDG,2010-04-05,4.75,4.75,4.73,4.75,5400
SDG,2010-04-06,4.75,4.82,4.75,4.82,9600
SDG,2010-04-07,4.95,4.96,4.77,4.96,8700
SDG,2010-04-08,4.82,5.15,4.82,5.15,32400
SDG,2010-04-09,5.33,5.4,5.26,5.4,19600
SDG,2010-04-12,5.33,5.55,5.33,5.55,2000
SDG,2010-04-13,5.58,5.68,5.48,5.55,9100
SDG,2010-04-14,5.61,5.62,5.17,5.53,15100
SDG,2010-04-15,5.68,5.68,4.98,5.04,14400
SDG,2010-04-16,5.37,5.4,4.76,5.26,7300
SDG,2010-04-19,5.4,5.4,5.18,5.37,2100
SDG,2010-04-20,5.53,5.53,5.2,5.37,4900
SDG,2010-04-21,5.62,5.62,5.4,5.55,12600
SDG,2010-04-22,5.9,5.9,5.62,5.84,59500
SDG,2010-04-26,6.23,6.23,5.71,5.91,6200
SDG,2010-04-27,5.81,5.81,5.64,5.64,600
SDG,2010-04-28,5.84,6.03,5.65,5.83,15600
SDG,2010-04-29,5.9,5.9,5.53,5.69,16000
SDG,2010-05-04,5.9,5.9,5.72,5.78,14900
SDG,2010-05-05,5.84,5.87,5.84,5.87,8200
SDG,2010-05-06,5.85,5.85,5.77,5.78,4100
SDG,2010-05-07,5.8,5.8,5.48,5.48,900
SDG,2010-05-10,5.61,5.61,5.3,5.3,4300
SDG,2010-05-11,5.55,5.55,5.55,5.55,900
SDG,2010-05-12,5.58,5.58,5.48,5.48,1700
SDG,2010-05-13,5.58,5.58,5.15,5.15,4300
SDG,2010-05-14,5.15,5.15,5.15,5.15,0
SDG,2010-05-17,5.37,5.37,4.92,4.92,4600
SDG,2010-05-18,5.15,5.24,5.11,5.15,32400
SDG,2010-05-19,5.11,5.23,4.8,4.8,14200
SDG,2010-05-20,4.89,4.89,4.89,4.89,2000
SDG,2010-05-21,4.57,4.57,4.56,4.56,34300
SDG,2010-05-24,4.79,4.82,4.75,4.75,5100
SDG,2010-05-25,4.83,4.83,4.75,4.75,1400
SDG,2010-05-26,4.82,4.82,4.82,4.82,1000
SDG,2010-05-27,5.11,5.11,5.11,5.11,600
SDG,2010-05-28,5.26,5.26,4.96,4.96,3600
SDG,2010-05-31,4.96,4.96,4.96,4.96,0
SDG,2010-06-01,4.96,4.96,4.96,4.96,0
SDG,2010-06-02,5.04,5.04,4.83,4.83,200
SDG,2010-06-03,4.83,4.83,4.83,4.83,0
SDG,2010-06-04,4.67,4.67,4.6,4.6,3600
SDG,2010-06-07,4.93,4.93,4.29,4.29,3400
SDG,2010-06-08,4.66,4.66,4.66,4.66,1000
SDG,2010-06-09,4.67,4.93,4.56,4.93,5900
SDG,2010-06-10,4.82,4.82,4.82,4.82,100
SDG,2010-06-11,4.5,4.5,4.5,4.5,300
SDG,2010-06-14,4.53,4.75,4.53,4.75,5300
SDG,2010-06-15,4.96,4.96,4.67,4.67,2500
SDG,2010-06-16,4.51,4.51,4.51,4.51,600
SDG,2010-06-17,4.53,4.82,4.53,4.82,8000
SDG,2010-06-18,4.67,4.89,4.67,4.89,13600
SDG,2010-06-21,4.75,4.89,4.75,4.89,4700
SDG,2010-06-22,4.96,5.2,4.67,5.2,14500
SDG,2010-06-23,5.08,5.36,5.05,5.11,13000
SDG,2010-06-24,5.43,5.45,5.41,5.45,8100
SDG,2010-06-25,5.69,5.69,5.6,5.6,1900
SDG,2010-06-28,5.83,5.83,5.6,5.6,700
SDG,2010-06-29,6.07,6.11,5.5,5.5,2400
SDG,2010-06-30,5.33,5.35,5.33,5.33,2000
SDG,2010-07-01,5.14,5.14,5.12,5.12,5300
SDG,2010-07-02,4.94,5.03,4.94,5.01,4200
SDG,2010-07-05,4.75,5.31,4.65,5.12,2000
SDG,2010-07-06,4.95,5.09,4.95,5.07,4500
SDG,2010-07-07,5.31,5.31,4.99,5.03,3100
SDG,2010-07-08,4.94,5.37,4.94,5.37,17200
SDG,2010-07-09,5.03,5.03,5.03,5.03,1000
SDG,2010-07-12,5.33,5.33,5.33,5.33,900
SDG,2010-07-13,4.97,5.64,4.97,5.33,4800
SDG,2010-07-14,5.22,5.5,5.22,5.41,6400
SDG,2010-07-15,5.41,5.41,5.41,5.41,0
SDG,2010-07-16,5.41,5.41,5.41,5.41,0
SDG,2010-07-19,5.12,5.12,5.12,5.12,2500
SDG,2010-07-20,5.31,5.47,5.31,5.47,9600
SDG,2010-07-21,5.69,5.73,5.31,5.73,9900
SDG,2010-07-22,5.85,5.85,5.85,5.85,100
SDG,2010-07-23,5.69,5.69,5.69,5.69,100
SDG,2010-07-26,5.31,5.31,5.31,5.31,500
SDG,2010-07-27,5.31,5.35,5.22,5.35,18600
SDG,2010-07-28,5.31,5.35,5.31,5.35,5600
SDG,2010-07-29,5.35,5.35,5.35,5.35,0
SDG,2010-07-30,5.35,5.35,5.35,5.35,0
SDG,2010-08-02,5.14,5.14,5.12,5.12,200
SDG,2010-08-03,5.12,5.14,5.12,5.14,2100
SDG,2010-08-04,5.09,5.14,5.03,5.14,4900
SDG,2010-08-05,5.12,5.47,5.12,5.47,13100
SDG,2010-08-06,5.79,5.79,5.31,5.31,5800
SDG,2010-08-09,5.73,5.73,5.22,5.22,2400
SDG,2010-08-10,5.07,5.68,5.05,5.68,1300
SDG,2010-08-11,5.14,5.24,5.12,5.24,2300
SDG,2010-08-12,5.24,5.24,5.24,5.24,0
SDG,2010-08-13,5.16,5.54,5.16,5.54,5100
SDG,2010-08-16,5.56,5.56,5.56,5.56,100
SDG,2010-08-17,5.6,5.6,5.6,5.6,100
SDG,2010-08-18,5.31,5.31,5.31,5.31,100
SDG,2010-08-19,5.31,5.31,5.31,5.31,100
SDG,2010-08-20,5.31,5.31,5.31,5.31,0
SDG,2010-08-23,5.31,5.31,5.31,5.31,0
SDG,2010-08-24,5.12,5.3,5.12,5.3,400
SDG,2010-08-25,5.12,5.12,5.12,5.12,900
SDG,2010-08-26,5.12,5.12,4.94,4.94,2100
SDG,2010-08-27,5.03,5.03,5.03,5.03,100
SDG,2010-08-30,5.03,5.03,5.03,5.03,0
SDG,2010-08-31,5.37,5.37,5.37,5.37,2100
SDG,2010-09-01,5.37,5.37,5.37,5.37,0
SDG,2010-09-06,5.37,5.37,5.37,5.37,0
SDG,2010-09-07,5.31,5.31,5.12,5.12,400
SDG,2010-09-08,5.07,5.07,5.07,5.07,200
SDG,2010-09-09,5.41,5.41,5.41,5.41,400
SDG,2010-09-10,5.68,5.68,5.68,5.68,100
SDG,2010-09-13,5.41,5.41,5.41,5.41,500
SDG,2010-09-14,5.43,5.77,5.43,5.77,2400
SDG,2010-09-15,6.09,6.09,6.09,6.09,100
SDG,2010-09-16,6.07,6.07,6.07,6.07,200
SDG,2010-09-17,6.26,6.26,6.26,6.26,100
SDG,2010-09-20,6.26,6.26,6.26,6.26,0
SDG,2010-09-21,6.26,6.26,6.26,6.26,0
SDG,2010-09-22,6.26,6.26,6.26,6.26,0
SDG,2010-09-23,6.64,6.64,6.64,6.64,100
SDG,2010-09-24,6.64,6.64,6.64,6.64,0
SDG,2010-09-27,6.64,6.64,6.64,6.64,0
SDG,2010-09-28,7.1,7.1,7.1,7.1,100
SDG,2010-09-29,7.1,7.1,7.1,7.1,0
SDG,2010-09-30,7.02,7.02,6.93,6.93,300
SDG,2010-10-01,6.93,6.93,6.93,6.93,0
SDG,2010-10-04,7.25,7.25,7.25,7.25,100
SDG,2010-10-05,7.25,7.25,7.25,7.25,0
SDG,2010-10-06,7.25,7.25,7.25,7.25,0
SDG,2010-10-07,7.55,7.55,7.55,7.55,100
SDG,2010-10-08,7.55,7.55,7.55,7.55,0
SDG,2010-10-11,7.55,7.55,7.55,7.55,0
SDG,2010-10-12,7.55,7.55,7.55,7.55,0
SDG,2010-10-13,7.04,7.04,7.04,7.04,100
SDG,2010-10-14,7.04,7.04,7.04,7.04,0
SDG,2010-10-15,7.04,7.04,7.04,7.04,0
SDG,2010-10-18,6.57,6.57,6.57,6.57,300
SDG,2010-10-19,6.11,6.11,6.11,6.11,100
SDG,2010-10-20,5.69,5.69,5.69,5.69,100
SDG,2010-10-21,5.3,5.3,5.3,5.3,900
SDG,2010-10-22,4.94,4.94,4.94,4.94,3600
SDG,2010-10-25,4.59,4.84,4.59,4.61,9900
SDG,2010-10-26,4.56,4.94,4.56,4.94,10400
SDG,2010-10-27,4.84,4.84,4.84,4.84,500
SDG,2010-10-28,4.94,5.12,4.94,5.12,1800
SDG,2010-10-29,4.97,5.3,4.97,5.3,8300
SDG,2010-11-01,5.6,5.6,5.31,5.41,2200
SDG,2010-11-02,5.12,5.12,5.12,5.12,500
SDG,2010-11-03,5.22,5.22,5.14,5.22,2200
SDG,2010-11-04,5.12,5.12,5.09,5.11,1200
SDG,2010-11-05,5.16,5.41,5.16,5.41,26000
SDG,2010-11-08,5.6,5.6,5.31,5.31,300
SDG,2010-11-09,5.31,5.31,5.31,5.31,2200
SDG,2010-11-10,5.24,5.24,5.24,5.24,200
SDG,2010-11-11,5.12,5.31,5.12,5.31,10900
SDG,2010-11-12,5.64,5.64,5.22,5.24,1300
SDG,2010-11-15,5.49,5.49,5.49,5.49,100
SDG,2010-11-16,5.31,5.31,5.31,5.31,100
SDG,2010-11-17,5.5,5.5,5.12,5.12,300
SDG,2010-11-18,5.5,5.62,5.31,5.6,4300
SDG,2010-11-19,5.5,5.5,5.31,5.31,1000
SDG,2010-11-22,5.22,5.22,5.22,5.22,200
SDG,2010-11-23,5.31,5.31,5.31,5.31,100
SDG,2010-11-24,5.31,5.31,5.31,5.31,700
SDG,2010-11-25,5.31,5.31,5.31,5.31,1200
SDG,2010-11-26,5.22,5.22,5.22,5.22,100
SDG,2010-11-29,5.31,5.5,5.31,5.5,2400
SDG,2010-11-30,5.5,5.73,5.5,5.69,12500
SDG,2010-12-01,5.88,5.88,5.68,5.68,800
SDG,2010-12-02,5.73,5.79,5.6,5.69,2300
SDG,2010-12-03,6.07,6.07,6.07,6.07,100
SDG,2010-12-06,5.69,5.69,5.66,5.66,28400
SDG,2010-12-07,6.02,6.02,5.29,5.29,800
SDG,2010-12-08,5.29,5.29,5.29,5.29,0
SDG,2010-12-09,5.13,5.29,5.13,5.17,6700
SDG,2010-12-10,5.17,5.17,4.92,5.13,700
SDG,2010-12-13,4.88,5.07,4.88,5.05,1800
SDG,2010-12-14,5.01,5.11,5.01,5.09,11600
SDG,2010-12-15,5.09,5.09,5.09,5.09,4100
SDG,2010-12-16,5.09,5.09,5.09,5.09,500
SDG,2010-12-17,5.09,5.09,5.09,5.09,1100
SDG,2010-12-20,5.09,5.09,4.88,4.88,1700
SDG,2010-12-21,5.09,5.09,5.09,5.09,200
SDG,2010-12-22,5.09,5.09,5.09,5.09,0
SDG,2010-12-23,5.19,5.19,5.19,5.19,100
SDG,2010-12-24,5.19,5.19,5.19,5.19,0
SDG,2010-12-27,5.19,5.19,5.19,5.19,300
SDG,2010-12-28,5.19,5.19,5.19,5.19,400
SDG,2010-12-29,5.19,5.19,5.19,5.19,0
SDG,2010-12-30,4.88,4.88,4.88,4.88,100
SDG,2010-12-31,4.88,4.88,4.88,4.88,1000
SDG,2011-01-04,4.88,4.88,4.88,4.88,700
SDG,2011-01-05,4.8,4.8,4.8,4.8,200
SDG,2011-01-06,4.8,4.8,4.8,4.8,0
SDG,2011-01-07,4.88,5.13,4.88,5.13,1900
SDG,2011-01-10,4.88,4.88,4.88,4.88,1200
SDG,2011-01-11,4.84,4.88,4.84,4.88,2900
SDG,2011-01-12,4.84,4.92,4.84,4.88,500
SDG,2011-01-13,4.88,4.88,4.88,4.88,0
SDG,2011-01-14,4.84,4.88,4.84,4.88,7100
SDG,2011-01-17,4.86,4.98,4.86,4.98,1100
SDG,2011-01-18,4.88,4.88,4.88,4.88,300
SDG,2011-01-19,4.88,4.88,4.78,4.78,500
SDG,2011-01-20,4.78,4.78,4.78,4.78,0
SDG,2011-01-21,4.68,4.68,4.68,4.68,1700
SDG,2011-01-24,4.68,4.68,4.68,4.68,0
SDG,2011-01-25,4.68,4.68,4.68,4.68,0
SDG,2011-01-26,4.68,4.68,4.68,4.68,0
SDG,2011-01-27,4.68,4.68,4.68,4.68,0
SDG,2011-01-28,4.68,4.68,4.68,4.68,0
SDG,2011-02-08,4.68,4.68,4.68,4.68,0
SDG,2011-02-09,4.66,4.66,4.66,4.66,100
SDG,2011-02-10,4.98,4.98,4.98,4.98,100
SDG,2011-02-11,4.98,4.98,4.98,4.98,0
SDG,2011-02-14,5.09,5.09,5.09,5.09,5000
SDG,2011-02-15,5.39,5.39,5.35,5.35,200
SDG,2011-02-16,5.09,5.09,5.09,5.09,600
SDG,2011-02-17,5.09,5.09,5.09,5.09,0
SDG,2011-02-18,5.09,5.09,5.09,5.09,0
SDG,2011-02-21,4.88,4.88,4.88,4.88,300
SDG,2011-02-22,4.88,4.88,4.88,4.88,0
SDG,2011-02-23,4.88,4.88,4.88,4.88,0
SDG,2011-02-24,4.88,4.88,4.88,4.88,700
SDG,2011-02-25,4.88,4.88,4.88,4.88,3900
SDG,2011-02-28,4.88,4.88,4.88,4.88,500
SDG,2011-03-01,4.88,4.98,4.88,4.98,900
SDG,2011-03-02,4.98,5.09,4.9,4.9,1600
SDG,2011-03-03,4.88,5.03,4.88,5.03,3000
SDG,2011-03-04,4.88,4.88,4.88,4.88,200
SDG,2011-03-07,5.09,5.09,4.88,4.88,1400
SDG,2011-03-08,4.88,5.09,4.88,5.09,2200
SDG,2011-03-09,4.9,4.9,4.9,4.9,100
SDG,2011-03-10,4.9,4.9,4.9,4.9,0
SDG,2011-03-11,4.9,4.9,4.9,4.9,0
SDG,2011-03-14,4.9,4.9,4.9,4.9,0
SDG,2011-03-15,4.9,4.9,4.9,4.9,0
SDG,2011-03-16,4.9,4.9,4.9,4.9,0
SDG,2011-03-17,4.84,4.84,4.84,4.84,100
SDG,2011-03-18,5.09,5.09,5.09,5.09,1000
SDG,2011-03-21,5.11,5.11,5.11,5.11,4700
SDG,2011-03-22,5.19,5.19,5.19,5.19,7000
SDG,2011-03-23,5.29,5.29,5.29,5.29,2200
SDG,2011-03-24,5.6,5.66,5.6,5.66,500
SDG,2011-03-25,5.7,5.7,5.62,5.62,1500
SDG,2011-03-28,5.62,5.62,5.62,5.62,0
SDG,2011-03-29,5.62,5.62,5.62,5.62,0
SDG,2011-03-30,5.62,5.62,5.62,5.62,0
SDG,2011-03-31,5.62,5.62,5.62,5.62,0
SDG,2011-04-01,5.62,5.62,5.62,5.62,0
SDG,2011-04-04,5.62,5.62,5.62,5.62,0
SDG,2011-04-05,5.62,5.62,5.62,5.62,0
SDG,2011-04-06,5.62,5.62,5.62,5.62,0
SDG,2011-04-07,5.62,5.62,5.62,5.62,0
SDG,2011-04-08,6.0,6.02,6.0,6.02,1100
SDG,2011-04-13,6.02,6.02,6.02,6.02,0
SDG,2011-04-14,6.02,6.02,6.02,6.02,0
SDG,2011-04-15,6.02,6.02,6.02,6.02,0
SDG,2011-04-18,6.02,6.02,6.02,6.02,0
SDG,2011-04-19,6.23,6.23,6.23,6.23,0
SDG,2011-04-20,5.6,5.6,5.6,5.6,200
SDG,2011-04-21,5.22,5.22,5.22,5.22,200
SDG,2011-04-22,4.86,4.86,4.86,4.86,100
SDG,2011-04-25,4.63,4.63,4.63,4.63,5200
SDG,2011-04-26,4.63,4.63,4.63,4.63,100
SDG,2011-04-27,4.32,4.32,4.32,4.32,100
SDG,2011-04-28,4.32,4.32,4.32,4.32,0
SDG,2011-04-29,4.32,4.32,4.32,4.32,0
SDG,2011-05-04,4.32,4.32,4.32,4.32,0
SDG,2011-05-05,4.61,4.61,4.61,4.61,600
SDG,2011-05-06,4.61,4.61,4.61,4.61,0
SDG,2011-05-09,4.84,4.93,4.84,4.93,500
SDG,2011-05-10,5.24,5.24,5.24,5.24,100
SDG,2011-05-11,5.6,5.6,5.6,5.6,100
SDG,2011-05-12,5.6,5.6,5.6,5.6,0
SDG,2011-05-13,5.6,5.6,5.6,5.6,0
SDG,2011-05-16,5.6,5.6,5.6,5.6,0
SDG,2011-05-17,5.6,5.6,5.6,5.6,0
SDG,2011-05-18,5.75,5.75,5.75,5.75,100
SDG,2011-05-19,5.75,5.75,5.75,5.75,0
SDG,2011-05-20,5.37,5.37,5.37,5.37,200
SDG,2011-05-23,5.2,5.2,5.18,5.18,800
SDG,2011-05-24,5.18,5.18,5.18,5.18,0
SDG,2011-05-25,5.05,5.05,4.82,4.82,1600
SDG,2011-05-26,4.63,4.84,4.63,4.84,1000
SDG,2011-05-27,4.84,4.84,4.74,4.74,500
SDG,2011-05-30,4.55,4.55,4.53,4.55,3500
SDG,2011-05-31,4.34,4.34,4.32,4.32,3000
SDG,2011-06-01,4.04,4.32,4.04,4.32,4600
SDG,2011-06-02,4.42,4.46,4.42,4.46,1200
SDG,2011-06-03,4.21,4.42,4.21,4.42,2200
SDG,2011-06-06,4.21,4.21,4.21,4.21,400
SDG,2011-06-07,4.21,4.21,4.21,4.21,0
SDG,2011-06-08,4.21,4.21,4.21,4.21,0
SDG,2011-06-09,4.21,4.21,4.21,4.21,0
SDG,2011-06-10,4.51,4.51,4.51,4.51,400
SDG,2011-06-13,4.42,4.8,4.42,4.8,500
SDG,2011-06-14,4.57,4.63,4.57,4.63,5000
SDG,2011-06-15,4.63,4.63,4.63,4.63,0
SDG,2011-06-16,4.63,4.63,4.63,4.63,0
SDG,2011-06-17,4.61,4.63,4.61,4.63,4200
SDG,2011-06-20,4.63,4.63,4.63,4.63,0
SDG,2011-06-21,4.63,4.63,4.63,4.63,300
SDG,2011-06-22,4.63,4.63,4.63,4.63,700
SDG,2011-06-23,4.63,4.63,4.63,4.63,0
SDG,2011-06-24,4.63,4.63,4.63,4.63,0
SDG,2011-06-27,4.63,4.63,4.63,4.63,0
SDG,2011-06-28,4.63,4.63,4.63,4.63,0
SDG,2011-06-29,4.63,4.63,4.63,4.63,0
SDG,2011-06-30,4.63,4.63,4.63,4.63,0
SDG,2011-07-01,4.32,4.32,4.32,4.32,700
SDG,2011-07-04,4.32,4.32,4.32,4.32,1600
SDG,2011-07-05,4.32,4.32,4.32,4.32,0
SDG,2011-07-06,4.32,4.32,4.32,4.32,0
SDG,2011-07-07,4.32,4.32,4.32,4.32,0
SDG,2011-07-08,4.32,4.32,4.32,4.32,0
SDG,2011-07-11,4.61,4.61,4.61,4.61,2300
SDG,2011-07-12,4.61,4.61,4.61,4.61,0
SDG,2011-07-13,4.63,4.63,4.63,4.63,200
SDG,2011-07-14,4.63,4.63,4.63,4.63,0
SDG,2011-07-15,4.63,4.63,4.63,4.63,0
SDG,2011-07-18,4.63,4.63,4.42,4.42,6700
SDG,2011-07-19,4.42,4.42,4.42,4.42,1100
SDG,2011-07-20,4.42,4.42,4.42,4.42,0
SDG,2011-07-21,4.34,4.34,4.34,4.34,100
SDG,2011-07-22,4.34,4.34,4.34,4.34,0
SDG,2011-07-25,4.34,4.34,4.34,4.34,0
SDG,2011-07-26,4.34,4.34,4.34,4.34,0
SDG,2011-07-27,4.34,4.34,4.34,4.34,0
SDG,2011-07-28,4.34,4.34,4.34,4.34,1100
SDG,2011-07-29,4.34,4.34,4.34,4.34,0
SDG,2011-08-01,4.34,4.34,4.34,4.34,0
SDG,2011-08-02,4.34,4.34,4.34,4.34,0
SDG,2011-08-03,4.21,4.21,4.21,4.21,200
SDG,2011-08-04,4.21,4.21,4.21,4.21,0
SDG,2011-08-05,4.21,4.21,4.21,4.21,0
SDG,2011-08-08,4.21,4.21,4.21,4.21,0
SDG,2011-08-09,4.11,4.11,4.11,4.11,500
SDG,2011-08-10,4.11,4.11,4.11,4.11,200
SDG,2011-08-11,4.11,4.11,4.11,4.11,0
SDG,2011-08-12,4.11,4.11,4.11,4.11,0
SDG,2011-08-15,4.11,4.11,4.11,4.11,0
SDG,2011-08-16,4.11,4.11,4.11,4.11,0
SDG,2011-08-17,4.11,4.11,4.11,4.11,0
SDG,2011-08-18,4.11,4.11,4.11,4.11,0
SDG,2011-08-19,4.11,4.11,4.11,4.11,0
SDG,2011-08-22,4.11,4.11,4.11,4.11,0
SDG,2011-08-23,4.11,4.11,4.11,4.11,0
SDG,2011-08-24,4.11,4.11,4.11,4.11,0
SDG,2011-08-25,4.38,4.38,4.38,4.38,10000
SDG,2011-08-26,4.09,4.21,4.09,4.21,300
SDG,2011-08-29,4.11,4.11,4.11,4.11,100
SDG,2011-08-30,4.02,4.21,4.0,4.21,2500
SDG,2011-08-31,4.15,4.15,4.15,4.15,200
SDG,2011-09-01,4.15,4.15,4.15,4.15,0
SDG,2011-09-05,4.15,4.15,4.15,4.15,0
SDG,2011-09-06,4.0,4.0,4.0,4.0,100
SDG,2011-09-07,4.0,4.0,4.0,4.0,0
SDG,2011-09-08,4.0,4.0,4.0,4.0,0
SDG,2011-09-09,4.0,4.0,4.0,4.0,0
SDG,2011-09-12,3.9,3.9,3.9,3.9,100
SDG,2011-09-13,3.9,3.9,3.9,3.9,0
SDG,2011-09-14,3.9,3.9,3.9,3.9,200
SDG,2011-09-15,3.9,3.9,3.9,3.9,0
SDG,2011-09-16,4.15,4.15,4.15,4.15,100
SDG,2011-09-19,4.21,4.32,4.21,4.32,1200
SDG,2011-09-20,4.38,4.53,4.21,4.42,27700
SDG,2011-09-21,4.32,4.32,4.32,4.32,100
SDG,2011-09-22,4.32,4.32,4.32,4.32,0
SDG,2011-09-23,4.32,4.42,4.32,4.42,96400
SDG,2011-09-26,4.21,4.21,4.21,4.21,100
SDG,2011-09-27,4.21,4.21,4.21,4.21,0
SDG,2011-09-28,4.51,4.51,4.51,4.51,23800
SDG,2011-09-29,4.3,4.3,4.3,4.3,200
SDG,2011-09-30,4.3,4.3,4.3,4.3,100
SDG,2011-10-03,4.21,4.21,4.11,4.11,300
SDG,2011-10-04,4.17,4.44,4.17,4.44,7000
SDG,2011-10-05,4.44,4.44,4.44,4.44,0
SDG,2011-10-06,4.32,4.32,4.32,4.32,200
SDG,2011-10-07,4.11,4.11,4.11,4.11,1300
SDG,2011-10-10,4.11,4.11,4.11,4.11,100
SDG,2011-10-11,4.11,4.11,4.11,4.11,0
SDG,2011-10-12,4.11,4.11,4.11,4.11,0
SDG,2011-10-13,4.11,4.11,4.11,4.11,0
SDG,2011-10-14,4.11,4.11,4.11,4.11,0
SDG,2011-10-17,4.11,4.11,4.11,4.11,0
SDG,2011-10-18,4.38,4.38,4.38,4.38,100
SDG,2011-10-19,4.38,4.38,4.38,4.38,0
SDG,2011-10-20,4.63,4.67,4.63,4.67,2500
SDG,2011-10-21,4.95,4.97,4.95,4.97,2000
SDG,2011-10-24,4.84,4.84,4.84,4.84,100
SDG,2011-10-25,4.63,5.18,4.63,5.18,3300
SDG,2011-10-26,5.18,5.18,5.18,5.18,0
SDG,2011-10-27,5.18,5.18,5.18,5.18,0
SDG,2011-10-28,5.18,5.18,5.18,5.18,0
SDG,2011-10-31,5.18,5.18,5.18,5.18,0
SDG,2011-11-01,5.45,5.45,5.45,5.45,100
SDG,2011-11-02,5.45,5.45,5.45,5.45,0
SDG,2011-11-03,5.58,5.79,5.58,5.79,2700
SDG,2011-11-04,5.79,6.13,5.79,6.13,3000
SDG,2011-11-07,6.3,6.3,6.3,6.3,100
SDG,2011-11-08,6.72,6.72,5.88,6.72,2600
SDG,2011-11-09,6.95,7.05,6.17,6.17,1600
SDG,2011-11-10,6.23,6.23,6.23,6.23,400
SDG,2011-11-11,5.81,5.81,5.81,5.81,1400
SDG,2011-11-14,6.21,6.21,5.41,5.96,5600
SDG,2011-11-15,6.09,6.09,5.48,5.48,118400
SDG,2011-11-16,5.37,5.69,5.37,5.69,2700
SDG,2011-11-17,5.39,5.75,5.39,5.75,14200
SDG,2011-11-18,5.41,6.06,5.41,6.06,1400
SDG,2011-11-21,6.21,6.21,6.21,6.21,1000
SDG,2011-11-22,6.21,6.61,6.21,6.28,2600
SDG,2011-11-23,6.85,6.85,5.96,5.98,1900
SDG,2011-11-24,6.68,6.68,6.68,6.68,1000
SDG,2011-11-25,6.21,6.21,6.21,6.21,600
SDG,2011-11-28,5.79,5.79,5.79,5.79,100
SDG,2011-11-29,5.4,6.19,5.4,5.42,4600
SDG,2011-11-30,5.61,5.61,5.37,5.37,9500
SDG,2011-12-01,5.37,5.75,5.14,5.75,2200
SDG,2011-12-02,5.91,5.91,5.91,5.91,100
SDG,2011-12-05,6.28,6.28,5.61,6.24,3200
SDG,2011-12-06,5.65,6.5,5.65,6.5,8600
SDG,2011-12-07,5.89,6.73,5.89,6.73,5300
SDG,2011-12-08,6.99,6.99,6.99,6.99,4000
SDG,2011-12-09,6.52,6.52,6.52,6.52,900
SDG,2011-12-12,6.07,6.94,6.07,6.94,6000
SDG,2011-12-13,7.06,7.06,7.01,7.01,2900
SDG,2011-12-14,6.78,6.78,6.78,6.78,8200
SDG,2011-12-15,7.01,7.01,7.01,7.01,5000
SDG,2011-12-16,7.01,7.48,6.54,6.54,5300
SDG,2011-12-19,6.54,6.54,6.54,6.54,0
SDG,2011-12-20,6.78,6.78,6.78,6.78,14100
SDG,2011-12-21,6.78,6.78,6.78,6.78,0
SDG,2011-12-22,6.78,6.78,6.78,6.78,0
SDG,2011-12-23,6.78,6.78,6.78,6.78,0
SDG,2011-12-26,6.78,6.78,6.78,6.78,0
SDG,2011-12-27,6.78,6.78,6.78,6.78,0
SDG,2011-12-28,6.78,6.78,6.78,6.78,0
SDG,2011-12-29,7.24,7.24,7.24,7.24,1000
SDG,2011-12-30,7.24,7.24,7.24,7.24,0
SDG,2012-01-03,7.24,7.24,7.24,7.24,0
SDG,2012-01-04,7.24,7.24,7.24,7.24,0
SDG,2012-01-05,7.24,7.24,7.24,7.24,0
SDG,2012-01-06,7.24,7.24,7.24,7.24,0
SDG,2012-01-09,7.24,7.24,7.24,7.24,0
SDG,2012-01-10,7.24,7.24,7.24,7.24,0
SDG,2012-01-11,7.24,7.24,7.24,7.24,0
SDG,2012-01-12,6.75,6.75,6.75,6.75,200
SDG,2012-01-13,6.28,6.28,6.28,6.28,2700
SDG,2012-01-16,5.86,5.86,5.86,5.86,200
SDG,2012-01-17,5.86,5.86,5.86,5.86,0
SDG,2012-01-18,6.26,6.26,6.26,6.26,2000
SDG,2012-01-19,6.66,6.66,6.66,6.66,1100
SDG,2012-01-20,7.01,7.01,7.01,7.01,2000
SDG,2012-01-30,7.34,7.5,7.01,7.5,1900
SDG,2012-01-31,7.5,7.5,7.5,7.5,0
SDG,2012-02-01,7.5,7.5,7.5,7.5,0
SDG,2012-02-02,7.38,7.38,7.38,7.38,200
SDG,2012-02-03,7.48,7.52,7.48,7.52,3300
SDG,2012-02-06,7.71,7.71,7.71,7.71,900
SDG,2012-02-07,7.71,7.71,7.71,7.71,2000
SDG,2012-02-08,7.71,7.71,7.71,7.71,0
SDG,2012-02-09,7.71,7.71,7.71,7.71,0
SDG,2012-02-10,7.71,7.71,7.71,7.71,0
SDG,2012-02-13,8.18,8.18,7.71,7.71,3100
SDG,2012-02-14,7.69,7.71,7.69,7.71,2000
SDG,2012-02-15,7.71,7.71,7.71,7.71,0
SDG,2012-02-16,7.71,7.71,7.71,7.71,0
SDG,2012-02-17,7.15,7.15,7.15,7.15,1800
SDG,2012-02-20,7.62,7.62,6.66,6.66,3800
SDG,2012-02-21,6.66,6.66,6.66,6.66,0
SDG,2012-02-22,7.57,7.57,6.61,6.61,300
SDG,2012-02-23,6.61,6.61,6.61,6.61,0
SDG,2012-02-24,6.61,6.61,6.61,6.61,0
SDG,2012-02-27,6.47,6.47,6.47,6.47,13200
SDG,2012-02-28,6.47,6.92,6.47,6.92,1700
SDG,2012-02-29,6.92,6.92,6.92,6.92,0
SDG,2012-03-01,6.33,6.33,6.33,6.33,5500
SDG,2012-03-02,5.91,5.96,5.91,5.91,13200
SDG,2012-03-05,6.31,6.31,6.31,6.31,200
SDG,2012-03-06,6.73,6.73,6.73,6.73,100
SDG,2012-03-07,7.01,7.01,7.01,7.01,200
SDG,2012-03-08,7.24,7.24,7.24,7.24,1000
SDG,2012-03-09,7.73,7.73,7.48,7.48,6200
SDG,2012-03-12,7.48,7.48,7.48,7.48,0
SDG,2012-03-13,7.57,7.57,7.57,7.57,100
SDG,2012-03-14,7.57,7.57,7.57,7.57,0
SDG,2012-03-15,7.57,7.57,7.57,7.57,0
SDG,2012-03-16,8.06,8.06,8.06,8.06,100
SDG,2012-03-19,8.06,8.06,8.06,8.06,0
SDG,2012-03-20,8.06,8.06,8.06,8.06,0
SDG,2012-03-21,7.5,7.5,7.5,7.5,4900
SDG,2012-03-22,7.5,7.5,7.5,7.5,0
SDG,2012-03-23,7.94,7.94,7.94,7.94,100
SDG,2012-03-26,7.94,7.94,7.94,7.94,0
SDG,2012-03-27,8.46,8.46,8.46,8.46,200
SDG,2012-03-28,8.46,8.46,8.46,8.46,0
SDG,2012-03-29,8.46,8.46,8.46,8.46,0
SDG,2012-03-30,8.64,8.64,8.64,8.64,100
SDG,2012-04-03,8.64,8.64,8.64,8.64,0
SDG,2012-04-04,8.06,8.06,8.06,8.06,1700
SDG,2012-04-05,8.06,8.06,8.06,8.06,0
SDG,2012-04-06,8.06,8.06,8.06,8.06,0
SDG,2012-04-09,7.5,7.5,7.5,7.5,6200
SDG,2012-04-10,6.99,6.99,6.99,6.99,100
SDG,2012-04-11,6.54,6.54,6.54,6.54,100
SDG,2012-04-12,6.54,6.54,6.19,6.19,300
SDG,2012-04-13,5.84,5.84,5.84,5.84,200
SDG,2012-04-16,5.84,5.84,5.84,5.84,0
SDG,2012-04-17,5.51,5.51,5.51,5.51,500
SDG,2012-04-18,5.14,5.14,5.14,5.14,100
SDG,2012-04-19,5.19,5.26,5.19,5.26,1100
SDG,2012-04-20,5.14,5.14,5.14,5.14,600
SDG,2012-04-23,5.14,5.14,5.14,5.14,0
SDG,2012-04-24,5.37,5.37,5.37,5.37,100
SDG,2012-04-25,5.75,5.75,5.75,5.75,2200
SDG,2012-04-26,5.75,5.75,5.75,5.75,0
SDG,2012-04-27,5.75,5.75,5.75,5.75,0
SDG,2012-05-02,5.75,5.75,5.75,5.75,0
SDG,2012-05-03,5.75,5.75,5.75,5.75,0
SDG,2012-05-04,5.84,5.84,5.84,5.84,100
SDG,2012-05-07,6.24,6.24,6.24,6.24,100
SDG,2012-05-08,6.54,6.54,6.54,6.54,100
SDG,2012-05-09,6.54,6.54,6.54,6.54,0
SDG,2012-05-10,6.54,6.54,6.54,6.54,0
SDG,2012-05-11,6.54,6.54,6.54,6.54,0
SDG,2012-05-14,6.54,6.54,6.54,6.54,0
SDG,2012-05-15,6.66,6.66,6.66,6.66,100
SDG,2012-05-16,6.21,6.21,6.21,6.21,100
SDG,2012-05-17,6.64,6.64,6.59,6.59,500
SDG,2012-05-18,6.59,6.59,6.59,6.59,0
SDG,2012-05-21,6.14,6.14,6.14,6.14,100
SDG,2012-05-22,6.14,6.14,6.14,6.14,0
SDG,2012-05-23,6.14,6.14,6.14,6.14,0
SDG,2012-05-24,6.14,6.14,6.14,6.14,0
SDG,2012-05-25,6.57,6.57,6.57,6.57,100
SDG,2012-05-28,6.57,6.57,6.57,6.57,0
SDG,2012-05-29,6.57,6.57,6.57,6.57,0
SDG,2012-05-30,6.57,6.57,6.57,6.57,0
SDG,2012-05-31,6.78,6.78,6.78,6.78,300
SDG,2012-06-01,6.78,6.78,6.78,6.78,0
SDG,2012-06-04,6.78,6.78,6.78,6.78,0
SDG,2012-06-05,6.78,6.78,6.78,6.78,0
SDG,2012-06-06,6.78,6.78,6.78,6.78,0
SDG,2012-06-07,7.24,7.24,7.24,7.24,1200
SDG,2012-06-08,7.24,7.24,7.24,7.24,0
SDG,2012-06-11,7.24,7.24,7.24,7.24,0
SDG,2012-06-12,7.24,7.24,7.24,7.24,0
SDG,2012-06-13,7.24,7.24,7.24,7.24,0
SDG,2012-06-14,7.24,7.24,7.24,7.24,200
SDG,2012-06-15,7.48,7.48,7.48,7.48,100
SDG,2012-06-18,7.48,7.48,7.48,7.48,0
SDG,2012-06-19,7.48,7.48,7.48,7.48,0
SDG,2012-06-20,7.48,7.48,7.48,7.48,0
SDG,2012-06-21,7.48,7.48,7.48,7.48,0
SDG,2012-06-22,7.48,7.48,7.48,7.48,0
SDG,2012-06-25,7.48,7.48,7.48,7.48,200
SDG,2012-06-26,7.48,7.48,7.48,7.48,100
SDG,2012-06-27,7.71,7.71,7.71,7.71,100
SDG,2012-06-28,7.71,7.71,7.71,7.71,0
SDG,2012-06-29,8.25,8.25,8.25,8.25,100
SDG,2012-07-02,8.25,8.25,8.25,8.25,0
SDG,2012-07-03,8.25,8.25,8.25,8.25,0
SDG,2012-07-04,8.81,8.81,7.69,7.69,200
SDG,2012-07-05,7.69,7.69,7.69,7.69,0
SDG,2012-07-06,7.15,7.15,7.15,7.15,1100
SDG,2012-07-09,7.15,7.15,7.15,7.15,0
SDG,2012-07-10,6.66,7.01,6.66,7.01,1200
SDG,2012-07-11,7.01,7.01,7.01,7.01,100
SDG,2012-07-12,7.5,7.5,7.5,7.5,400
SDG,2012-07-13,7.5,7.5,7.5,7.5,0
SDG,2012-07-16,7.5,7.5,7.5,7.5,0
SDG,2012-07-17,7.5,7.5,7.5,7.5,0
SDG,2012-07-18,7.5,7.5,7.5,7.5,0
SDG,2012-07-19,7.01,7.01,7.01,7.01,100
SDG,2012-07-20,7.01,7.01,7.01,7.01,0
SDG,2012-07-23,7.01,7.01,7.01,7.01,0
SDG,2012-07-24,7.01,7.01,6.54,6.54,5400
SDG,2012-07-25,6.54,6.54,6.54,6.54,0
SDG,2012-07-26,6.19,6.19,6.19,6.19,200
SDG,2012-07-27,6.33,6.59,6.12,6.12,1000
SDG,2012-07-30,6.12,6.12,6.12,6.12,0
SDG,2012-07-31,5.7,5.7,5.7,5.7,100
SDG,2012-08-01,5.7,5.7,5.7,5.7,0
SDG,2012-08-02,5.7,5.7,5.7,5.7,0
SDG,2012-08-03,5.7,5.7,5.7,5.7,0
SDG,2012-08-06,5.7,5.7,5.7,5.7,0
SDG,2012-08-07,6.1,6.1,6.1,6.1,100
SDG,2012-08-08,6.52,6.52,6.52,6.52,100
SDG,2012-08-09,6.96,6.96,6.96,6.96,300
SDG,2012-08-10,6.96,6.96,6.96,6.96,0
SDG,2012-08-13,6.54,6.54,6.54,6.54,100
SDG,2012-08-14,6.54,6.54,6.54,6.54,0
SDG,2012-08-15,6.54,6.54,6.54,6.54,0
SDG,2012-08-16,6.54,6.54,6.54,6.54,0
SDG,2012-08-17,6.54,6.54,6.54,6.54,0
SDG,2012-08-20,6.54,6.54,6.54,6.54,0
SDG,2012-08-21,6.54,6.54,6.54,6.54,0
SDG,2012-08-22,6.73,6.99,6.31,6.31,1000
SDG,2012-08-23,6.31,6.31,6.31,6.31,0
SDG,2012-08-24,6.31,6.31,6.31,6.31,0
SDG,2012-08-27,6.31,6.31,6.31,6.31,0
SDG,2012-08-28,6.31,6.31,6.31,6.31,100
SDG,2012-08-29,6.31,6.73,6.31,6.73,500
SDG,2012-08-30,7.17,7.17,7.17,7.17,700
SDG,2012-08-31,7.17,7.17,7.17,7.17,0
SDG,2012-09-04,6.78,6.78,6.78,6.78,100
SDG,2012-09-05,7.24,7.24,7.24,7.24,500
SDG,2012-09-06,7.24,7.24,7.24,7.24,0
SDG,2012-09-07,7.24,7.24,7.24,7.24,0
SDG,2012-09-10,7.24,7.24,7.24,7.24,0
SDG,2012-09-11,7.24,7.24,7.24,7.24,0
SDG,2012-09-12,7.24,7.24,7.24,7.24,0
SDG,2012-09-13,7.01,7.01,7.01,7.01,200
SDG,2012-09-14,7.01,7.5,7.01,7.5,1500
SDG,2012-09-17,7.5,7.5,7.5,7.5,0
SDG,2012-09-18,7.01,7.01,7.01,7.01,100
SDG,2012-09-19,7.01,7.01,7.01,7.01,0
SDG,2012-09-20,7.01,7.01,7.01,7.01,0
SDG,2012-09-21,7.01,7.01,7.01,7.01,0
SDG,2012-09-24,7.01,7.01,7.01,7.01,100
SDG,2012-09-25,7.01,7.01,7.01,7.01,600
SDG,2012-09-26,7.01,7.01,7.01,7.01,900
SDG,2012-09-27,7.01,7.01,7.01,7.01,0
SDG,2012-09-28,7.01,7.01,7.01,7.01,0
SDG,2012-10-01,7.01,7.01,7.01,7.01,1800
SDG,2012-10-02,7.01,7.01,7.01,7.01,0
SDG,2012-10-03,7.01,7.01,7.01,7.01,0
SDG,2012-10-04,7.01,7.01,7.01,7.01,0
SDG,2012-10-05,7.01,7.01,7.01,7.01,0
SDG,2012-10-08,7.01,7.01,7.01,7.01,0
SDG,2012-10-09,7.01,7.01,7.01,7.01,0
SDG,2012-10-10,7.01,7.01,7.01,7.01,0
SDG,2012-10-11,7.01,7.01,7.01,7.01,0
SDG,2012-10-12,7.01,7.01,7.01,7.01,0
SDG,2012-10-15,7.01,7.01,7.01,7.01,0
SDG,2012-10-16,7.01,7.01,7.01,7.01,0
SDG,2012-10-17,7.01,7.01,7.01,7.01,0
SDG,2012-10-18,6.52,6.52,6.52,6.52,100
SDG,2012-10-19,6.52,6.52,6.52,6.52,0
SDG,2012-10-22,6.52,6.52,6.52,6.52,0
SDG,2012-10-23,6.52,6.52,6.52,6.52,0
SDG,2012-10-24,6.52,6.52,6.52,6.52,0
SDG,2012-10-25,6.52,6.52,6.52,6.52,0
SDG,2012-10-26,6.52,6.52,6.52,6.52,0
SDG,2012-10-29,6.52,6.52,6.52,6.52,0
SDG,2012-10-30,6.52,6.52,6.52,6.52,0
SDG,2012-10-31,6.52,6.52,6.52,6.52,0
SDG,2012-11-01,6.52,6.52,6.52,6.52,0
SDG,2012-11-02,6.52,6.52,6.52,6.52,0
SDG,2012-11-05,6.07,6.07,6.07,6.07,100
SDG,2012-11-06,6.07,6.07,6.07,6.07,0
SDG,2012-11-07,6.07,6.07,6.07,6.07,0
SDG,2012-11-08,6.07,6.07,6.07,6.07,0
SDG,2012-11-09,6.07,6.07,6.07,6.07,0
SDG,2012-11-12,6.07,6.07,6.07,6.07,0
SDG,2012-11-13,6.07,6.07,6.07,6.07,0
SDG,2012-11-14,6.07,6.07,6.07,6.07,0
SDG,2012-11-15,6.07,6.07,6.07,6.07,0
SDG,2012-11-16,6.5,6.5,6.5,6.5,3000
SDG,2012-11-19,6.07,6.07,6.07,6.07,100
SDG,2012-11-20,6.87,6.87,6.87,6.87,0
SDG,2012-11-21,6.87,6.87,6.87,6.87,0
SDG,2012-11-22,6.5,6.5,5.68,6.5,20400
SDG,2012-11-23,6.39,6.39,5.86,5.86,21200
SDG,2012-11-26,6.26,6.26,5.68,5.68,24100
SDG,2012-11-27,5.68,5.68,5.68,5.68,0
SDG,2012-11-28,5.68,5.68,5.41,5.41,200
SDG,2012-11-29,5.78,5.78,5.28,5.28,26900
SDG,2012-11-30,5.65,5.65,5.02,5.65,25700
SDG,2012-12-03,5.81,6.02,5.81,6.02,1100
SDG,2012-12-04,5.81,5.81,5.81,5.81,100
SDG,2012-12-05,5.55,5.81,5.55,5.81,3400
SDG,2012-12-06,5.81,5.81,5.41,5.41,2400
SDG,2012-12-07,5.41,5.41,5.41,5.41,0
SDG,2012-12-10,5.04,5.04,5.04,5.04,100
SDG,2012-12-11,5.39,5.39,5.28,5.39,6500
SDG,2012-12-12,5.39,5.39,5.28,5.28,2600
SDG,2012-12-13,5.28,5.28,5.28,5.28,0
SDG,2012-12-14,5.41,5.41,5.41,5.41,29000
SDG,2012-12-17,5.41,5.41,5.41,5.41,0
SDG,2012-12-18,5.41,5.41,5.39,5.39,30700
SDG,2012-12-19,5.41,5.41,5.39,5.39,103300
SDG,2012-12-20,5.34,5.76,5.34,5.76,28200
SDG,2012-12-21,5.41,5.41,5.41,5.41,100
SDG,2012-12-24,5.41,5.41,5.41,5.41,0
SDG,2012-12-25,5.07,5.78,5.07,5.78,300
SDG,2012-12-26,6.18,6.18,5.47,5.47,800
SDG,2012-12-27,5.57,5.57,5.28,5.28,1600
SDG,2012-12-28,4.97,4.97,4.97,4.97,100
SDG,2013-01-02,4.97,4.97,4.97,4.97,0
SDG,2013-01-03,4.97,4.97,4.97,4.97,0
SDG,2013-01-04,5.31,5.31,5.31,5.31,100
SDG,2013-01-07,5.31,5.31,5.31,5.31,0
SDG,2013-01-08,5.68,5.68,5.68,5.68,500
SDG,2013-01-09,6.07,6.07,6.07,6.07,500
SDG,2013-01-10,6.07,6.07,6.07,6.07,0
SDG,2013-01-11,6.21,6.21,5.65,5.65,2600
SDG,2013-01-14,6.02,6.02,6.02,6.02,100
SDG,2013-01-15,6.21,6.21,6.21,6.21,1500
SDG,2013-01-16,6.26,6.26,6.26,6.26,600
SDG,2013-01-17,6.26,6.26,6.26,6.26,0
SDG,2013-01-18,6.26,6.26,6.26,6.26,0
SDG,2013-01-21,6.26,6.26,6.26,6.26,0
SDG,2013-01-22,6.26,6.26,6.26,6.26,0
SDG,2013-01-23,6.23,6.23,6.23,6.23,100
SDG,2013-01-24,6.02,6.02,6.02,6.02,800
SDG,2013-01-25,5.81,5.81,5.81,5.81,500
SDG,2013-01-28,6.02,6.02,6.02,6.02,500
SDG,2013-01-29,5.81,5.81,5.81,5.81,500
SDG,2013-01-30,5.81,5.81,5.81,5.81,300
SDG,2013-01-31,5.81,6.39,5.81,6.39,2800
SDG,2013-02-01,5.81,5.81,5.81,5.81,100
SDG,2013-02-04,5.81,5.81,5.81,5.81,4500
SDG,2013-02-05,5.81,5.81,5.81,5.81,7000
SDG,2013-02-06,5.81,5.81,5.81,5.81,200
SDG,2013-02-07,5.94,5.94,5.94,5.94,5000
SDG,2013-02-08,5.94,5.94,5.94,5.94,0
SDG,2013-02-18,5.94,5.94,5.94,5.94,0
SDG,2013-02-19,5.94,5.94,5.94,5.94,0
SDG,2013-02-20,5.94,5.94,5.94,5.94,600
SDG,2013-02-21,5.94,5.94,5.68,5.68,600
SDG,2013-02-22,5.68,5.68,5.68,5.68,100
SDG,2013-02-25,5.68,5.68,5.68,5.68,0
SDG,2013-02-26,5.81,5.81,5.55,5.55,1300
SDG,2013-02-27,5.81,5.81,5.55,5.55,1100
SDG,2013-02-28,5.81,5.81,5.28,5.28,3100
SDG,2013-03-01,5.28,5.28,5.28,5.28,0
SDG,2013-03-04,5.02,5.02,5.02,5.02,100
SDG,2013-03-05,5.02,5.02,5.02,5.02,0
SDG,2013-03-06,5.52,5.52,5.28,5.28,800
SDG,2013-03-07,5.81,5.81,5.81,5.81,3200
SDG,2013-03-08,5.81,5.81,5.81,5.81,0
SDG,2013-03-11,5.81,5.81,5.81,5.81,0
SDG,2013-03-12,5.55,5.55,5.55,5.55,100
SDG,2013-03-13,5.39,5.39,5.39,5.39,100
SDG,2013-03-14,5.39,5.39,5.39,5.39,100
SDG,2013-03-15,5.81,5.81,5.81,5.81,6000
SDG,2013-03-18,5.55,5.81,5.55,5.81,8400
SDG,2013-03-19,5.23,5.41,5.23,5.41,200
SDG,2013-03-20,5.44,5.81,5.44,5.44,10200
SDG,2013-03-21,5.28,5.81,5.28,5.81,8100
SDG,2013-03-22,5.81,5.81,5.81,5.81,0
SDG,2013-03-25,5.81,5.81,5.81,5.81,0
SDG,2013-03-26,5.81,5.81,5.81,5.81,2000
SDG,2013-03-27,5.28,5.28,5.28,5.28,100
SDG,2013-03-28,5.81,5.81,5.81,5.81,1000
SDG,2013-03-29,5.81,5.81,5.81,5.81,0
SDG,2013-04-01,5.81,5.81,5.81,5.81,0
SDG,2013-04-02,5.81,5.81,5.81,5.81,11300
SDG,2013-04-03,5.81,5.84,5.81,5.81,14200
SDG,2013-04-04,5.81,5.81,5.81,5.81,21100
SDG,2013-04-05,5.55,5.81,5.55,5.81,2300
SDG,2013-04-08,5.81,5.81,5.81,5.81,1900
SDG,2013-04-09,5.81,5.81,5.81,5.81,0
SDG,2013-04-10,5.81,5.81,5.81,5.81,0
SDG,2013-04-11,5.81,5.81,5.81,5.81,0
SDG,2013-04-12,5.81,5.81,5.81,5.81,0
SDG,2013-04-15,5.81,5.81,5.81,5.81,33800
SDG,2013-04-16,5.55,5.55,5.55,5.55,100
SDG,2013-04-17,5.81,5.81,5.81,5.81,29700
SDG,2013-04-18,5.78,5.78,5.78,5.78,14300
SDG,2013-04-22,5.55,5.55,5.55,5.55,100
SDG,2013-04-23,5.55,5.55,5.55,5.55,0
SDG,2013-04-24,5.28,5.28,5.02,5.02,300
SDG,2013-04-25,5.02,5.02,5.02,5.02,0
SDG,2013-04-26,5.02,5.02,5.02,5.02,0
SDG,2013-05-02,4.75,4.75,4.75,4.75,100
SDG,2013-05-03,4.75,4.75,4.75,4.75,0
SDG,2013-05-06,4.75,4.75,4.75,4.75,0
SDG,2013-05-07,4.75,4.75,4.75,4.75,0
SDG,2013-05-08,4.75,4.75,4.75,4.75,0
SDG,2013-05-09,4.75,4.75,4.75,4.75,0
SDG,2013-05-10,4.75,4.75,4.75,4.75,0
SDG,2013-05-13,4.75,4.75,4.75,4.75,0
SDG,2013-05-14,4.75,4.75,4.75,4.75,0
SDG,2013-05-15,4.75,4.75,4.75,4.75,0
SDG,2013-05-16,4.75,4.75,4.75,4.75,0
SDG,2013-05-17,4.75,4.75,4.75,4.75,0
SDG,2013-05-20,4.75,4.75,4.75,4.75,0
SDG,2013-05-21,4.75,4.75,4.75,4.75,0
SDG,2013-05-22,4.75,4.75,4.75,4.75,0
SDG,2013-05-23,5.02,5.15,5.02,5.15,800
SDG,2013-05-24,5.15,5.15,5.15,5.15,200
SDG,2013-05-27,5.18,5.28,5.18,5.28,1500
SDG,2013-05-28,5.28,5.28,5.28,5.28,200
SDG,2013-05-29,5.55,5.55,5.28,5.28,6300
SDG,2013-05-30,5.28,5.28,5.28,5.28,0
SDG,2013-05-31,5.55,5.55,5.55,5.55,5300
SDG,2013-06-03,5.55,5.55,5.55,5.55,0
SDG,2013-06-04,5.55,5.55,5.55,5.55,10000
SDG,2013-06-05,5.55,5.55,5.55,5.55,0
SDG,2013-06-06,5.55,5.55,5.55,5.55,500
SDG,2013-06-07,5.55,5.55,5.55,5.55,0
SDG,2013-06-10,5.55,5.55,5.55,5.55,0
SDG,2013-06-11,5.55,5.55,5.55,5.55,1000
SDG,2013-06-12,5.55,5.55,5.55,5.55,2000
SDG,2013-06-13,5.55,5.55,5.55,5.55,0
SDG,2013-06-14,5.55,5.6,5.55,5.55,1100
SDG,2013-06-17,5.55,5.55,5.55,5.55,0
SDG,2013-06-18,5.68,5.68,5.68,5.68,5000
SDG,2013-06-19,5.68,5.68,5.68,5.68,500
SDG,2013-06-20,5.55,5.55,5.55,5.55,100
SDG,2013-06-21,5.55,5.55,5.55,5.55,0
SDG,2013-06-24,5.55,5.55,5.55,5.55,0
SDG,2013-06-25,5.68,5.68,5.68,5.68,100
SDG,2013-06-26,5.68,5.68,5.68,5.68,0
SDG,2013-06-27,5.68,5.68,5.68,5.68,0
SDG,2013-06-28,5.68,5.68,5.68,5.68,0
SDG,2013-07-01,5.55,5.55,5.55,5.55,100
SDG,2013-07-02,5.55,5.55,5.55,5.55,0
SDG,2013-07-03,5.55,5.55,5.55,5.55,0
SDG,2013-07-04,5.55,5.55,5.55,5.55,0
SDG,2013-07-05,5.55,5.55,5.55,5.55,0
SDG,2013-07-08,5.55,5.55,5.55,5.55,0
SDG,2013-07-09,5.55,5.55,5.55,5.55,0
SDG,2013-07-10,5.55,5.55,5.55,5.55,0
SDG,2013-07-11,5.55,5.55,5.55,5.55,0
SDG,2013-07-12,5.55,5.55,5.55,5.55,0
SDG,2013-07-15,5.55,5.55,5.55,5.55,0
SDG,2013-07-16,5.55,5.55,5.55,5.55,0
SDG,2013-07-17,5.55,5.55,5.55,5.55,0
SDG,2013-07-18,5.55,5.55,5.55,5.55,0
SDG,2013-07-19,5.55,5.55,5.55,5.55,0
SDG,2013-07-22,5.55,5.55,5.55,5.55,0
SDG,2013-07-23,5.55,5.55,5.55,5.55,0
SDG,2013-07-24,5.55,5.55,5.55,5.55,200
SDG,2013-07-25,5.55,5.55,5.55,5.55,0
SDG,2013-07-26,5.55,5.55,5.55,5.55,0
SDG,2013-07-29,5.55,5.55,5.55,5.55,0
SDG,2013-07-30,5.55,5.55,5.55,5.55,0
SDG,2013-07-31,5.55,5.55,5.55,5.55,0
SDG,2013-08-01,5.55,5.55,5.55,5.55,0
SDG,2013-08-02,5.55,5.55,5.55,5.55,0
SDG,2013-08-05,5.55,5.55,5.55,5.55,0
SDG,2013-08-06,5.55,5.55,5.55,5.55,0
SDG,2013-08-07,5.55,5.55,5.55,5.55,0
SDG,2013-08-08,5.55,5.55,5.55,5.55,0
SDG,2013-08-09,5.55,5.55,5.55,5.55,100
SDG,2013-08-12,5.55,5.55,5.55,5.55,0
SDG,2013-08-13,5.55,5.55,5.55,5.55,0
SDG,2013-08-14,5.55,5.55,5.55,5.55,0
SDG,2013-08-15,5.81,5.81,5.81,5.81,5000
SDG,2013-08-16,5.81,5.81,5.81,5.81,1000
SDG,2013-08-19,5.81,5.94,5.81,5.81,1500
SDG,2013-08-20,5.81,5.81,5.81,5.81,0
SDG,2013-08-21,5.81,5.81,5.81,5.81,0
SDG,2013-08-22,5.81,5.81,5.81,5.81,0
SDG,2013-08-23,5.81,5.81,5.81,5.81,0
SDG,2013-08-26,5.81,5.81,5.81,5.81,0
SDG,2013-08-27,5.81,5.81,5.81,5.81,0
SDG,2013-08-28,5.81,5.81,5.81,5.81,0
SDG,2013-08-29,5.81,5.81,5.81,5.81,100
SDG,2013-08-30,5.81,5.81,5.81,5.81,0
SDG,2013-09-03,5.55,5.55,5.55,5.55,100
SDG,2013-09-04,5.55,5.55,5.55,5.55,0
SDG,2013-09-05,5.55,5.55,5.55,5.55,0
SDG,2013-09-06,5.55,5.55,5.55,5.55,0
SDG,2013-09-09,5.55,5.55,5.55,5.55,0
SDG,2013-09-10,5.55,5.55,5.55,5.55,0
SDG,2013-09-11,5.55,5.55,5.55,5.55,0
SDG,2013-09-12,5.55,5.55,5.55,5.55,0
SDG,2013-09-13,5.55,5.55,5.55,5.55,0
SDG,2013-09-16,5.55,5.55,5.55,5.55,0
SDG,2013-09-17,5.55,5.55,5.55,5.55,0
SDG,2013-09-18,5.55,5.55,5.55,5.55,0
SDG,2013-09-19,5.55,5.55,5.55,5.55,0
SDG,2013-09-20,5.55,5.55,5.55,5.55,0
SDG,2013-09-23,5.55,5.55,5.55,5.55,0
SDG,2013-09-24,5.55,5.55,5.55,5.55,0
SDG,2013-09-25,5.55,5.55,5.55,5.55,0
SDG,2013-09-26,5.55,5.55,5.55,5.55,0
SDG,2013-09-27,5.55,5.55,5.55,5.55,0
SDG,2013-09-30,5.55,5.55,5.55,5.55,0
SDG,2013-10-01,5.55,5.55,5.55,5.55,0
SDG,2013-10-02,5.55,5.55,5.55,5.55,0
SDG,2013-10-03,5.55,5.55,5.55,5.55,0
SDG,2013-10-04,5.55,5.55,5.55,5.55,0
SDG,2013-10-07,5.55,5.55,5.55,5.55,0
SDG,2013-10-08,5.55,5.55,5.55,5.55,0
SDG,2013-10-09,5.55,5.55,5.55,5.55,0
SDG,2013-10-10,5.55,5.55,5.55,5.55,0
SDG,2013-10-11,5.55,5.55,5.55,5.55,500
SDG,2013-10-14,5.55,5.55,5.55,5.55,0
SDG,2013-10-15,5.55,5.55,5.55,5.55,0
SDG,2013-10-16,6.1,6.1,5.81,5.81,14300
SDG,2013-10-17,5.81,5.81,5.81,5.81,0
SDG,2013-10-18,5.81,5.81,5.81,5.81,0
SDG,2013-10-21,5.28,5.28,5.23,5.23,6200
SDG,2013-10-22,5.73,5.73,5.57,5.6,10400
SDG,2013-10-23,5.28,5.55,5.28,5.55,2200
SDG,2013-10-24,5.81,6.1,5.81,6.1,478700
SDG,2013-10-25,6.34,6.34,6.13,6.13,200
SDG,2013-10-28,5.55,5.55,5.55,5.55,100
SDG,2013-10-29,5.81,5.81,5.81,5.81,100
SDG,2013-10-30,6.39,6.39,5.31,5.31,500
SDG,2013-10-31,5.31,5.31,5.31,5.31,0
SDG,2013-11-01,5.31,5.31,5.31,5.31,0
SDG,2013-11-04,5.31,5.31,5.31,5.31,0
SDG,2013-11-05,5.31,5.31,5.31,5.31,80
SDG,2013-11-06,5.28,5.28,5.02,5.02,1200
SDG,2013-11-07,5.02,5.02,5.02,5.02,0
SDG,2013-11-08,5.02,5.02,5.02,5.02,0
SDG,2013-11-11,4.75,4.75,4.75,4.75,1000
SDG,2013-11-12,4.75,4.75,4.75,4.75,0
SDG,2013-11-13,4.75,4.75,4.75,4.75,0
SDG,2013-11-14,4.75,4.75,4.75,4.75,0
SDG,2013-11-15,4.75,4.75,4.75,4.75,0
SDG,2013-11-18,4.46,4.46,4.46,4.46,200
SDG,2013-11-19,4.46,4.46,4.46,4.46,0
SDG,2013-11-20,4.89,4.89,4.89,4.89,4800
SDG,2013-11-21,4.49,4.49,4.49,4.49,100
SDG,2013-11-22,4.23,4.23,4.23,4.49,100
SDG,2013-11-25,4.23,4.23,4.23,4.23,0
SDG,2013-11-26,4.65,4.65,3.96,4.65,88000
SDG,2013-11-27,4.65,4.65,4.65,4.65,0
SDG,2013-11-28,4.65,4.65,4.65,4.65,0
SDG,2013-11-29,5.1,5.1,5.1,5.1,2600
SDG,2013-12-02,5.6,5.6,4.6,5.6,78400
SDG,2013-12-03,6.15,6.15,6.15,6.15,220
SDG,2013-12-04,5.86,6.71,5.86,6.71,200
SDG,2013-12-05,6.05,7.24,6.05,7.24,200
SDG,2013-12-06,7.13,7.13,7.13,7.13,100
SDG,2013-12-09,7.13,7.13,7.13,7.13,0
SDG,2013-12-10,7.13,7.13,7.13,7.13,0
SDG,2013-12-11,7.13,7.13,7.13,7.13,0
SDG,2013-12-12,7.13,7.13,7.13,7.13,0
SDG,2013-12-13,7.13,7.13,7.13,7.13,0
SDG,2013-12-16,7.13,7.13,7.13,7.13,0
SDG,2013-12-17,7.13,7.13,7.13,7.13,0
SDG,2013-12-18,7.13,7.13,7.13,7.13,0
SDG,2013-12-19,7.13,7.13,7.13,7.13,0
SDG,2013-12-20,6.42,6.42,6.42,6.42,100
SDG,2013-12-23,5.78,6.39,5.78,6.39,1200
SDG,2013-12-24,6.07,6.07,6.07,6.07,100
SDG,2013-12-25,6.07,6.07,6.07,6.07,0
SDG,2013-12-26,5.49,5.49,5.49,5.49,200
SDG,2013-12-27,6.02,6.02,5.04,5.04,390
SDG,2013-12-30,4.62,4.62,4.62,4.62,100
SDG,2013-12-31,4.62,4.62,4.62,4.62,0
SDG,2014-01-02,5.07,5.07,5.07,5.07,8100
SDG,2014-01-03,5.57,5.57,5.57,5.57,110
SDG,2014-01-06,5.55,5.55,5.55,5.55,1100
SDG,2014-01-07,5.55,5.55,5.55,5.55,0
SDG,2014-01-08,6.07,6.07,5.55,5.55,200
SDG,2014-01-09,5.55,5.55,5.55,5.55,0
SDG,2014-01-10,5.55,5.55,5.55,5.55,0
SDG,2014-01-13,6.1,6.1,6.1,6.1,100
SDG,2014-01-14,6.1,6.1,6.1,6.1,0
SDG,2014-01-15,6.1,6.1,6.1,6.1,0
SDG,2014-01-16,6.1,6.1,6.1,6.1,0
SDG,2014-01-17,6.1,6.1,6.1,6.1,0
SDG,2014-01-20,6.1,6.1,6.1,6.1,0
SDG,2014-01-21,6.1,6.1,6.1,6.1,0
SDG,2014-01-22,6.1,6.1,6.1,6.1,0
SDG,2014-01-23,6.07,6.07,6.07,6.07,200
SDG,2014-01-24,6.07,6.07,6.07,6.07,0
SDG,2014-01-27,6.07,6.07,6.07,6.07,0
SDG,2014-02-06,6.07,6.07,6.07,6.07,0
SDG,2014-02-07,5.47,5.47,5.47,5.47,100
SDG,2014-02-10,5.02,5.02,5.02,5.02,175
SDG,2014-02-11,5.02,5.02,5.02,5.02,0
SDG,2014-02-12,5.02,5.02,5.02,5.02,70
SDG,2014-02-13,5.02,5.02,5.02,5.02,0
SDG,2014-02-14,5.02,5.02,5.02,5.02,0
SDG,2014-02-17,5.02,5.02,5.02,5.02,0
SDG,2014-02-18,5.02,5.02,5.02,5.02,0
SDG,2014-02-19,5.02,5.02,5.02,5.02,0
SDG,2014-02-20,5.52,5.52,5.52,5.52,100
SDG,2014-02-21,5.52,5.52,5.52,5.52,0
SDG,2014-02-24,5.52,5.52,5.52,5.52,0
SDG,2014-02-25,5.52,5.52,5.52,5.52,0
SDG,2014-02-26,5.52,5.52,5.52,5.52,0
SDG,2014-02-27,5.52,5.52,5.52,5.52,70
SDG,2014-02-28,5.52,5.52,5.52,5.52,0
SDG,2014-03-03,6.1,6.1,6.1,6.1,0
SDG,2014-03-04,6.1,6.1,6.1,6.1,0
SDG,2014-03-05,6.05,6.05,6.05,6.05,100
SDG,2014-03-06,6.05,6.05,6.05,6.05,0
SDG,2014-03-07,6.43,6.43,6.43,6.43,100
SDG,2014-03-10,7.01,7.01,7.01,7.01,900
SDG,2014-03-11,7.01,7.01,7.01,7.01,0
SDG,2014-03-12,7.01,7.01,7.01,7.01,90
SDG,2014-03-13,7.01,7.01,7.01,7.01,0
SDG,2014-03-14,7.01,7.01,7.01,7.01,0
SDG,2014-03-17,7.01,7.01,7.01,7.01,0
SDG,2014-03-18,6.31,6.31,6.31,6.31,2000
SDG,2014-03-19,6.31,6.31,6.31,6.31,0
SDG,2014-03-20,6.31,6.31,6.31,6.31,100
SDG,2014-03-21,6.31,6.31,6.31,6.31,0
SDG,2014-03-24,6.31,6.31,6.31,6.31,0
SDG,2014-03-25,6.31,6.31,6.31,6.31,0
SDG,2014-03-26,6.72,6.72,6.72,6.72,11060
SDG,2014-03-27,7.3,7.3,6.86,6.86,2700
SDG,2014-03-28,6.72,6.72,6.72,6.72,100
SDG,2014-03-31,6.43,6.72,6.43,6.72,5200
SDG,2014-04-01,6.72,6.86,6.72,6.72,5500
SDG,2014-04-02,6.86,6.86,6.86,6.86,100
SDG,2014-04-03,6.72,6.72,6.72,6.72,9520
SDG,2014-04-04,6.72,6.72,6.72,6.72,600
SDG,2014-04-07,6.72,6.72,6.72,6.72,0
SDG,2014-04-08,6.43,6.43,6.43,6.43,200
SDG,2014-04-10,5.84,5.84,5.84,5.84,300
SDG,2014-04-11,6.43,6.43,6.43,6.43,400
SDG,2014-04-14,6.72,6.72,6.72,6.72,500
SDG,2014-04-15,6.13,7.01,6.13,7.01,600
SDG,2014-04-16,7.01,7.01,7.01,7.01,2400
SDG,2014-04-17,7.01,7.01,7.01,7.01,200
SDG,2014-04-18,7.01,7.71,7.01,7.71,1200
SDG,2014-04-21,7.01,7.01,7.01,7.01,200
SDG,2014-04-22,6.31,6.31,6.31,6.31,100
SDG,2014-04-23,6.31,6.31,6.31,6.31,0
SDG,2014-04-24,6.31,6.31,6.31,6.31,0
SDG,2014-04-25,6.92,6.92,6.92,6.92,700
SDG,2014-04-28,6.92,6.92,6.92,6.92,0
SDG,2014-04-29,7.01,7.59,6.92,6.92,6200
SDG,2014-05-05,7.59,7.59,6.92,6.92,5300
SDG,2014-05-06,6.92,6.92,6.92,6.92,0
SDG,2014-05-07,6.92,6.92,6.92,6.92,0
SDG,2014-05-08,7.59,7.59,6.43,6.43,5300
SDG,2014-05-09,6.73,6.73,6.73,6.73,0
SDG,2014-05-12,6.73,6.73,6.73,6.73,0
SDG,2014-05-13,6.73,6.73,6.73,6.73,0
SDG,2014-05-14,6.43,6.43,6.43,6.43,500
SDG,2014-05-15,6.73,7.04,6.73,7.04,600
SDG,2014-05-16,7.04,7.04,7.04,7.04,100
SDG,2014-05-19,7.34,7.34,7.04,7.04,600
SDG,2014-05-20,7.04,7.04,7.04,7.04,0
SDG,2014-05-21,7.04,7.04,7.04,7.04,0
SDG,2014-05-22,7.04,7.04,7.04,7.04,0
SDG,2014-05-23,7.04,7.04,7.04,7.04,0
SDG,2014-05-26,7.04,7.04,7.04,7.04,100
SDG,2014-05-27,7.34,7.34,7.34,7.34,300
SDG,2014-05-28,7.34,7.34,7.34,7.34,0
SDG,2014-05-29,7.34,7.34,7.04,7.04,5300
SDG,2014-05-30,7.5,7.5,7.07,7.07,1100
SDG,2014-06-02,7.07,7.07,7.07,7.07,0
SDG,2014-06-03,7.25,7.25,7.25,7.25,300
SDG,2014-06-04,7.25,7.25,7.25,7.25,300
SDG,2014-06-05,7.25,7.25,7.25,7.25,0
SDG,2014-06-06,7.25,7.25,7.25,7.25,0
SDG,2014-06-09,7.65,7.65,7.65,7.65,100
SDG,2014-06-10,7.96,7.96,7.34,7.65,17300
SDG,2014-06-11,7.65,7.65,7.65,7.65,200
SDG,2014-06-12,7.65,7.65,7.65,7.65,0
SDG,2014-06-13,7.34,7.34,7.19,7.19,400
SDG,2014-06-16,7.34,7.37,7.34,7.37,200
SDG,2014-06-17,7.37,7.37,7.37,7.37,0
SDG,2014-06-18,7.37,7.37,7.37,7.37,0
SDG,2014-06-19,8.11,8.11,8.11,8.11,300
SDG,2014-06-20,8.57,8.57,7.34,8.57,3100
SDG,2014-06-23,7.71,7.71,7.71,7.71,100
SDG,2014-06-24,7.34,7.34,7.34,7.34,300
SDG,2014-06-25,7.34,7.34,7.34,7.34,0
SDG,2014-06-26,7.34,7.34,7.34,7.34,0
SDG,2014-06-27,7.96,7.96,7.96,7.96,100
SDG,2014-06-30,8.57,8.57,8.57,8.57,1000
SDG,2014-07-01,8.57,8.57,8.57,8.57,0
SDG,2014-07-02,8.57,8.57,8.57,8.57,0
SDG,2014-07-03,8.57,8.57,8.57,8.57,0
SDG,2014-07-04,7.8,7.96,7.8,7.96,200
SDG,2014-07-07,7.96,7.96,7.96,7.96,0
SDG,2014-07-08,7.96,7.96,7.34,7.34,500
SDG,2014-07-09,7.96,7.96,7.96,7.96,5000
SDG,2014-07-10,7.96,7.96,7.22,7.22,700
SDG,2014-07-11,7.22,7.22,7.22,7.22,0
SDG,2014-07-14,7.65,7.65,7.65,7.65,100
SDG,2014-07-15,7.65,7.65,7.65,7.65,0
SDG,2014-07-16,7.65,7.65,7.65,7.65,0
SDG,2014-07-17,7.65,7.65,7.65,7.65,0
SDG,2014-07-18,7.96,7.96,7.65,7.65,5100
SDG,2014-07-21,7.65,7.65,7.65,7.65,0
SDG,2014-07-22,7.65,7.65,7.65,7.65,0
SDG,2014-07-23,7.65,7.65,7.65,7.65,0
SDG,2014-07-24,7.65,7.65,7.65,7.65,0
SDG,2014-07-25,7.65,7.65,7.65,7.65,0
SDG,2014-07-28,7.65,7.65,7.65,7.65,0
SDG,2014-07-29,7.65,7.65,7.65,7.65,0
SDG,2014-07-30,7.65,7.65,7.65,7.65,0
SDG,2014-07-31,7.65,7.65,7.65,7.65,0
SDG,2014-08-01,7.96,7.96,6.92,6.92,500
SDG,2014-08-04,6.92,6.92,6.92,6.92,0
SDG,2014-08-05,7.59,7.59,7.59,7.59,100
SDG,2014-08-06,7.59,7.59,7.59,7.59,0
SDG,2014-08-07,7.59,7.59,7.59,7.59,0
SDG,2014-08-08,7.65,7.65,7.65,7.65,200
SDG,2014-08-11,7.65,7.65,7.65,7.65,0
SDG,2014-08-12,7.04,7.68,7.04,7.68,1100
SDG,2014-08-13,7.68,7.68,7.68,7.68,0
SDG,2014-08-14,7.68,7.68,7.68,7.68,0
SDG,2014-08-15,7.68,7.68,7.68,7.68,0
SDG,2014-08-18,7.68,7.68,7.68,7.68,0
SDG,2014-08-19,7.68,7.68,7.68,7.68,0
SDG,2014-08-20,7.68,7.68,7.68,7.68,200
SDG,2014-08-21,7.68,7.68,7.68,7.68,0
SDG,2014-08-22,8.45,8.45,7.68,7.68,5200
SDG,2014-08-25,7.68,7.68,7.68,7.68,0
SDG,2014-08-26,7.68,7.68,7.68,7.68,0
SDG,2014-08-27,7.68,7.68,7.68,7.68,0
SDG,2014-08-28,7.68,7.68,7.68,7.68,0
SDG,2014-08-29,8.45,8.45,7.68,7.68,41300
SDG,2014-09-03,8.45,8.45,7.68,7.68,3800
SDG,2014-09-04,7.68,7.68,7.68,7.68,0
SDG,2014-09-05,8.45,8.45,7.68,7.68,2400
SDG,2014-09-08,7.68,7.68,7.68,7.68,0
SDG,2014-09-09,8.45,8.45,7.68,7.68,600
SDG,2014-09-10,8.45,8.45,7.68,7.8,3270
SDG,2014-09-11,8.45,8.45,7.04,7.04,1100
SDG,2014-09-12,7.04,7.04,7.04,7.04,0
SDG,2014-09-15,7.04,7.04,7.04,7.04,0
SDG,2014-09-16,6.43,6.43,6.43,6.43,200
SDG,2014-09-17,6.43,6.43,6.43,6.43,0
SDG,2014-09-18,6.12,6.12,6.12,6.12,100
SDG,2014-09-19,6.73,6.73,5.88,5.88,200
SDG,2014-09-22,6.46,6.46,6.46,6.46,100
SDG,2014-09-23,6.49,6.49,6.49,6.49,100
SDG,2014-09-24,6.12,7.13,5.88,5.88,715
SDG,2014-09-25,5.51,6.46,5.51,6.46,200
SDG,2014-09-26,6.46,6.46,6.46,6.46,0
SDG,2014-09-29,6.12,6.12,5.81,5.81,200
SDG,2014-09-30,5.81,5.81,5.81,5.81,0
SDG,2014-10-01,6.4,6.4,6.4,6.4,100
SDG,2014-10-02,7.01,7.01,7.01,7.01,600
SDG,2014-10-03,7.68,7.68,7.68,7.68,658000
SDG,2014-10-06,7.04,7.04,7.04,7.04,100
SDG,2014-10-07,7.04,7.04,7.04,7.04,0
SDG,2014-10-08,7.04,7.04,7.04,7.04,0
SDG,2014-10-09,7.04,7.04,7.04,7.04,0
SDG,2014-10-10,7.04,7.04,7.04,7.04,100
SDG,2014-10-13,7.04,7.04,7.04,7.04,0
SDG,2014-10-14,7.04,7.04,7.04,7.04,0
SDG,2014-10-15,7.04,7.04,7.04,7.04,0
SDG,2014-10-16,7.04,7.04,7.04,7.04,0
SDG,2014-10-17,7.74,7.74,7.65,7.74,2800
SDG,2014-10-20,7.74,7.74,7.74,7.74,0
SDG,2014-10-21,7.74,7.74,7.74,7.74,0
SDG,2014-10-22,7.74,7.74,7.74,7.74,15
SDG,2014-10-23,7.74,7.74,7.74,7.74,0
SDG,2014-10-24,7.74,7.74,7.74,7.74,0
SDG,2014-10-27,7.74,8.2,7.74,8.2,5700
SDG,2014-10-28,8.26,8.26,8.26,8.26,200
SDG,2014-10-29,8.26,8.26,8.26,8.26,0
SDG,2014-10-30,8.26,8.26,8.26,8.26,0
SDG,2014-10-31,8.26,8.26,8.26,8.26,0
SDG,2014-11-03,8.26,8.26,8.26,8.26,0
SDG,2014-11-04,7.96,7.96,7.96,7.96,100
SDG,2014-11-05,7.96,7.96,7.96,7.96,0
SDG,2014-11-06,7.96,7.96,7.96,7.96,0
SDG,2014-11-07,7.96,7.96,7.96,7.96,0
SDG,2014-11-10,7.96,7.96,7.96,7.96,0
SDG,2014-11-11,7.16,7.16,7.16,7.16,100
SDG,2014-11-12,6.46,7.65,6.46,7.65,1100
SDG,2014-11-13,7.65,7.65,7.65,7.65,0
SDG,2014-11-14,7.65,7.65,7.65,7.65,0
SDG,2014-11-17,8.11,8.11,8.11,8.11,100
SDG,2014-11-18,7.31,7.34,7.31,7.34,300
SDG,2014-11-19,7.34,7.34,7.34,7.34,0
SDG,2014-11-20,8.08,8.08,8.08,8.08,2100
SDG,2014-11-21,8.08,8.08,8.08,8.08,0
SDG,2014-11-24,8.08,8.08,8.08,8.08,0
SDG,2014-11-25,8.08,8.08,8.08,8.08,0
SDG,2014-11-26,8.74,8.74,8.74,8.74,0
SDG,2014-11-27,8.74,8.74,8.74,8.74,0
SDG,2014-11-28,7.95,7.95,7.95,7.95,100
SDG,2014-12-01,7.95,7.95,7.95,7.95,0
SDG,2014-12-02,7.95,7.95,7.95,7.95,0
SDG,2014-12-03,7.95,7.95,7.95,7.95,0
SDG,2014-12-04,7.95,7.95,7.95,7.95,0
SDG,2014-12-05,8.44,8.44,8.44,8.44,100
SDG,2014-12-08,8.44,8.44,8.44,8.44,0
SDG,2014-12-09,8.44,8.44,8.44,8.44,0
SDG,2014-12-10,8.44,8.44,8.44,8.44,0
SDG,2014-12-11,8.44,8.44,8.44,8.44,0
SDG,2014-12-12,7.95,7.95,7.95,7.95,100
SDG,2014-12-15,7.95,7.95,7.95,7.95,0
SDG,2014-12-16,7.95,7.95,7.95,7.95,0
SDG,2014-12-17,7.95,7.95,7.95,7.95,0
SDG,2014-12-18,7.95,7.95,7.95,7.95,0
SDG,2014-12-19,7.28,7.28,7.28,7.28,100
SDG,2014-12-22,7.28,7.28,7.28,7.28,0
SDG,2014-12-23,7.28,7.28,7.28,7.28,0
SDG,2014-12-24,7.28,7.28,7.28,7.28,0
SDG,2014-12-25,7.28,7.28,7.28,7.28,0
SDG,2014-12-26,7.28,7.28,7.28,7.28,0
SDG,2014-12-29,6.62,6.62,6.62,6.62,100
SDG,2014-12-30,6.62,6.62,6.62,6.62,0
SDG,2014-12-31,6.62,6.62,6.62,6.62,0
SDG,2015-01-05,7.28,7.28,7.28,7.28,100
SDG,2015-01-06,7.45,7.45,7.45,7.45,200
SDG,2015-01-07,7.61,7.61,7.61,7.61,1000
SDG,2015-01-08,7.61,7.61,7.61,7.61,200
SDG,2015-01-09,7.61,7.61,7.61,7.61,1000
SDG,2015-01-12,7.61,7.61,7.61,7.61,0
SDG,2015-01-13,7.78,7.78,7.78,7.78,3000
SDG,2015-01-14,7.78,7.78,7.78,7.78,0
SDG,2015-01-15,7.78,7.78,7.78,7.78,0
SDG,2015-01-16,7.78,7.78,7.78,7.78,1100
SDG,2015-01-19,7.78,7.78,7.78,7.78,0
SDG,2015-01-20,7.78,7.78,7.78,7.78,0
SDG,2015-01-21,7.78,7.78,7.78,7.78,0
SDG,2015-01-22,7.78,7.78,7.78,7.78,0
SDG,2015-01-23,8.44,8.44,8.44,8.44,100
SDG,2015-01-26,8.44,8.44,8.44,8.44,0
SDG,2015-01-27,8.44,8.44,8.44,8.44,0
SDG,2015-01-28,8.44,8.44,8.44,8.44,0
SDG,2015-01-29,8.44,8.44,8.44,8.44,0
SDG,2015-01-30,8.44,8.44,8.44,8.44,0
SDG,2015-02-02,7.61,7.61,7.61,7.61,100
SDG,2015-02-03,7.61,7.61,7.61,7.61,0
SDG,2015-02-04,7.61,7.61,7.61,7.61,100
SDG,2015-02-05,7.61,7.61,7.61,7.61,0
SDG,2015-02-06,7.61,7.61,7.61,7.61,0
SDG,2015-02-09,7.61,7.61,7.61,7.61,0
SDG,2015-02-10,7.61,7.61,7.61,7.61,0
SDG,2015-02-11,7.61,7.61,7.61,7.61,1000
SDG,2015-02-12,7.61,7.61,7.61,7.61,0
SDG,2015-02-13,7.61,7.61,7.61,7.61,0
SDG,2015-02-24,7.61,7.61,7.61,7.61,0
SDG,2015-02-25,7.61,7.61,7.61,7.61,0
SDG,2015-02-26,7.61,7.61,7.61,7.61,0
SDG,2015-02-27,7.61,7.61,7.61,7.61,0
SDG,2015-03-02,7.12,7.12,7.12,7.12,100
SDG,2015-03-03,7.12,7.12,7.12,7.12,0
SDG,2015-03-04,7.12,7.12,7.12,7.12,0
SDG,2015-03-05,7.12,7.12,7.12,7.12,0
SDG,2015-03-06,7.12,7.12,7.12,7.12,0
SDG,2015-03-09,7.12,7.12,7.12,7.12,0
SDG,2015-03-10,7.12,7.12,7.12,7.12,0
SDG,2015-03-11,7.12,7.12,7.12,7.12,0
SDG,2015-03-12,7.81,7.81,6.62,6.62,300
SDG,2015-03-13,6.62,6.62,6.62,6.62,0
SDG,2015-03-16,7.28,7.28,7.28,7.28,20000
SDG,2015-03-17,7.28,7.28,7.28,7.28,0
SDG,2015-03-18,7.28,7.28,7.28,7.28,0
SDG,2015-03-19,7.28,7.28,7.28,7.28,0
SDG,2015-03-20,8.01,8.01,7.61,7.61,200
SDG,2015-03-23,7.61,7.61,7.61,7.61,0
SDG,2015-03-24,7.61,7.61,7.61,7.61,0
SDG,2015-03-25,7.61,7.61,7.61,7.61,0
SDG,2015-03-26,7.95,7.95,6.95,6.95,200
SDG,2015-03-27,6.95,6.95,6.95,6.95,0
SDG,2015-03-30,6.95,6.95,6.95,6.95,0
SDG,2015-03-31,6.95,6.95,6.95,6.95,0
SDG,2015-04-01,6.95,6.95,6.95,6.95,0
SDG,2015-04-02,7.65,7.65,7.12,7.12,5100
SDG,2015-04-03,7.81,7.81,6.95,6.95,5100
SDG,2015-04-06,7.65,7.65,6.29,6.95,20000
SDG,2015-04-07,6.95,6.95,6.95,6.95,900
SDG,2015-04-08,7.65,7.65,6.95,6.95,5100
SDG,2015-04-09,6.62,7.65,6.62,7.28,1400
SDG,2015-04-10,7.28,7.28,7.28,7.28,0
SDG,2015-04-13,6.95,6.95,6.95,6.95,100
SDG,2015-04-14,7.65,7.65,7.12,7.12,1100
SDG,2015-04-15,6.95,7.28,6.95,7.28,300
SDG,2015-04-16,8.01,8.01,7.32,7.32,2400
SDG,2015-04-17,6.95,8.05,6.95,6.95,11700
SDG,2015-04-20,7.28,7.28,7.28,7.28,100
SDG,2015-04-21,8.01,8.01,7.28,7.61,10200
SDG,2015-04-22,7.28,7.28,7.28,7.28,100
SDG,2015-04-23,8.01,8.01,7.28,7.28,10100
SDG,2015-04-24,7.28,8.01,7.28,8.01,6100
SDG,2015-04-27,7.28,7.28,7.28,7.28,600
SDG,2015-05-04,7.28,7.28,7.28,7.28,0
SDG,2015-05-05,6.95,6.95,6.95,6.95,600
SDG,2015-05-06,6.95,6.95,6.95,6.95,0
SDG,2015-05-07,6.95,6.95,6.95,6.95,0
SDG,2015-05-08,6.95,6.95,6.95,6.95,0
SDG,2015-05-11,6.95,6.95,6.95,6.95,0
SDG,2015-05-12,6.95,6.95,6.95,6.95,0
SDG,2015-05-13,6.95,6.95,6.95,6.95,0
SDG,2015-05-14,6.95,6.95,6.95,6.95,0
SDG,2015-05-15,6.29,6.29,6.29,6.29,100
SDG,2015-05-18,6.46,6.46,6.46,6.46,0
SDG,2015-05-19,6.46,6.46,6.46,6.46,0
SDG,2015-05-20,6.8,6.8,6.8,6.8,3000
SDG,2015-05-21,6.8,6.8,6.8,6.8,0
SDG,2015-05-22,6.12,6.12,6.12,6.12,100
SDG,2015-05-25,6.73,6.73,6.73,6.73,100
SDG,2015-05-26,7.38,7.38,7.38,7.38,100
SDG,2015-05-27,6.97,6.97,6.97,6.97,13000
SDG,2015-05-28,7.14,7.14,7.14,7.14,100
SDG,2015-05-29,7.85,7.85,7.14,7.14,5100
SDG,2015-06-01,7.14,7.14,7.14,7.14,0
SDG,2015-06-02,7.85,7.85,7.14,7.14,9700
SDG,2015-06-03,7.14,7.14,7.14,7.14,0
SDG,2015-06-04,7.14,7.14,7.14,7.14,0
SDG,2015-06-05,7.14,7.14,7.14,7.14,0
SDG,2015-06-08,7.85,7.85,7.82,7.82,400
SDG,2015-06-09,8.6,8.6,8.6,8.6,2200
SDG,2015-06-10,9.45,9.45,9.45,9.45,100
SDG,2015-06-11,8.53,8.53,8.53,8.53,200
SDG,2015-06-12,8.16,8.16,8.16,8.16,100
SDG,2015-06-15,8.16,8.16,8.16,8.16,0
SDG,2015-06-16,8.16,8.16,8.16,8.16,0
SDG,2015-06-17,8.16,8.16,8.16,8.16,0
SDG,2015-06-18,8.16,8.16,8.16,8.16,0
SDG,2015-06-19,8.16,8.16,8.16,8.16,0
SDG,2015-06-22,8.16,8.16,8.16,8.16,0
SDG,2015-06-23,8.16,8.16,8.16,8.16,0
SDG,2015-06-24,8.16,8.16,8.16,8.16,0
SDG,2015-06-25,8.16,8.16,8.16,8.16,0
SDG,2015-06-26,8.16,8.16,8.16,8.16,0
SDG,2015-06-29,8.16,8.16,8.16,8.16,0
SDG,2015-06-30,8.16,8.16,8.16,8.16,0
SDG,2015-07-01,8.16,8.16,8.16,8.16,0
SDG,2015-07-02,8.16,8.16,8.16,8.16,0
SDG,2015-07-03,8.16,8.16,8.16,8.16,0
SDG,2015-07-06,8.16,8.16,8.16,8.16,0
SDG,2015-07-07,8.16,8.16,8.16,8.16,100
SDG,2015-07-08,8.16,8.16,8.16,8.16,0
SDG,2015-07-09,8.16,8.16,8.16,8.16,0
SDG,2015-07-10,8.16,8.16,8.16,8.16,0
SDG,2015-07-13,8.16,8.16,8.16,8.16,0
SDG,2015-07-14,8.16,8.16,8.16,8.16,0
SDG,2015-07-15,8.16,8.16,8.16,8.16,0
SDG,2015-07-16,8.16,8.16,8.16,8.16,0
SDG,2015-07-17,8.16,8.16,8.16,8.16,0
SDG,2015-07-20,8.16,8.16,8.16,8.16,0
SDG,2015-07-21,8.16,8.16,8.16,8.16,0
SDG,2015-07-22,8.16,8.16,8.16,8.16,0
SDG,2015-07-23,8.16,8.16,8.16,8.16,0
SDG,2015-07-24,8.16,8.16,8.16,8.16,0
SDG,2015-07-27,8.16,8.16,8.16,8.16,0
SDG,2015-07-28,8.16,8.16,8.16,8.16,0
SDG,2015-07-29,8.16,8.16,8.16,8.16,0
SDG,2015-07-30,8.16,8.16,8.16,8.16,0
SDG,2015-07-31,8.16,8.16,8.16,8.16,0
SDG,2015-08-03,7.48,7.48,7.48,7.48,100
SDG,2015-08-04,7.48,7.48,7.48,7.48,0
SDG,2015-08-05,7.48,7.48,7.48,7.48,0
SDG,2015-08-06,7.48,7.48,7.48,7.48,0
SDG,2015-08-07,7.48,7.48,7.48,7.48,0
SDG,2015-08-10,7.48,7.48,7.48,7.48,0
SDG,2015-08-11,7.48,7.48,7.48,7.48,0
SDG,2015-08-12,7.48,7.48,7.48,7.48,0
SDG,2015-08-13,7.48,7.48,7.48,7.48,0
SDG,2015-08-14,7.48,7.48,7.48,7.48,70
SDG,2015-08-17,7.48,7.48,7.48,7.48,0
SDG,2015-08-18,7.48,7.48,7.48,7.48,0
SDG,2015-08-19,7.48,7.48,7.48,7.48,0
SDG,2015-08-20,7.48,7.48,7.48,7.48,0
SDG,2015-08-21,7.48,7.48,7.48,7.48,0
SDG,2015-08-24,7.48,7.48,7.48,7.48,0
SDG,2015-08-25,7.48,7.48,7.48,7.48,0
SDG,2015-08-26,7.48,7.48,7.48,7.48,0
SDG,2015-08-27,7.48,7.48,7.48,7.48,0
SDG,2015-08-28,7.48,7.48,7.48,7.48,0
SDG,2015-08-31,7.48,7.48,7.48,7.48,0
SDG,2015-09-01,6.8,6.8,6.8,6.8,200
SDG,2015-09-03,6.12,6.12,6.12,6.12,100
SDG,2015-09-04,5.54,5.54,5.54,5.54,100
SDG,2015-09-07,5.54,5.54,5.54,5.54,0
SDG,2015-09-08,6.09,6.09,5.1,5.1,400
SDG,2015-09-09,4.59,4.59,4.59,4.59,100
SDG,2015-09-10,4.59,4.59,4.59,4.59,0
SDG,2015-09-11,4.59,4.59,4.59,4.59,0
SDG,2015-09-14,4.59,4.59,4.59,4.59,0
SDG,2015-09-15,4.59,4.59,4.59,4.59,0
SDG,2015-09-16,4.59,4.59,4.59,4.59,0
SDG,2015-09-17,4.59,4.59,4.59,4.59,0
SDG,2015-09-18,4.59,4.59,4.59,4.59,0
SDG,2015-09-21,5.03,5.03,5.03,5.03,100
SDG,2015-09-22,5.51,5.51,5.51,5.51,100
SDG,2015-09-23,6.05,6.05,6.05,6.05,100
SDG,2015-09-24,6.63,6.63,6.63,6.63,100
SDG,2015-09-25,6.63,6.63,6.63,6.63,50
SDG,2015-09-28,7.28,7.28,7.28,7.28,100
SDG,2015-09-29,7.99,7.99,7.99,7.99,550
SDG,2015-09-30,7.99,7.99,7.99,7.99,0
SDG,2015-10-01,7.99,7.99,7.99,7.99,0
SDG,2015-10-02,7.99,8.16,7.99,8.16,200
SDG,2015-10-05,8.16,8.16,8.16,8.16,0
SDG,2015-10-06,8.16,8.16,8.16,8.16,0
SDG,2015-10-07,8.16,8.16,8.16,8.16,90
SDG,2015-10-08,8.16,8.16,8.16,8.16,0
SDG,2015-10-09,8.23,8.23,8.23,8.23,500
SDG,2015-10-12,8.23,8.23,8.23,8.23,0
SDG,2015-10-13,8.23,8.23,8.23,8.23,0
SDG,2015-10-14,8.23,8.23,8.23,8.23,0
SDG,2015-10-15,8.23,8.23,8.23,8.23,0
SDG,2015-10-16,8.33,8.33,8.33,8.33,1100
SDG,2015-10-19,8.33,8.33,8.33,8.33,70
SDG,2015-10-20,9.15,9.15,7.82,7.82,88600
SDG,2015-10-21,7.82,7.82,7.82,7.82,0
SDG,2015-10-22,7.82,7.82,7.82,7.82,0
SDG,2015-10-23,7.82,7.82,7.82,7.82,0
SDG,2015-10-26,8.5,8.5,7.96,7.96,352300
SDG,2015-10-27,7.48,7.48,7.48,7.48,200
SDG,2015-10-28,7.48,7.48,7.48,7.48,0
SDG,2015-10-29,7.48,7.48,7.48,7.48,60
SDG,2015-10-30,7.48,7.48,7.48,7.48,0
SDG,2015-11-02,7.48,7.48,7.48,7.48,0
SDG,2015-11-03,8.23,8.23,8.23,8.23,100
SDG,2015-11-04,8.23,8.23,8.23,8.23,0
SDG,2015-11-05,8.23,8.23,8.23,8.23,0
SDG,2015-11-06,8.23,8.23,8.23,8.23,0
SDG,2015-11-09,7.89,7.89,7.89,7.89,100
SDG,2015-11-10,7.82,7.85,7.14,7.14,600
SDG,2015-11-11,7.14,7.14,7.14,7.14,0
SDG,2015-11-12,7.14,7.14,7.14,7.14,100
SDG,2015-11-13,7.85,7.85,7.51,7.51,200
SDG,2015-11-16,7.51,7.51,7.51,7.51,0
SDG,2015-11-17,7.51,7.51,7.51,7.51,0
SDG,2015-11-18,7.55,7.55,6.77,6.77,1600
SDG,2015-11-19,6.77,6.77,6.77,6.77,100
SDG,2015-11-20,7.44,7.44,6.09,6.09,2000
SDG,2015-11-23,6.09,6.09,6.09,6.09,0
SDG,2015-11-24,6.09,6.09,6.09,6.09,0
SDG,2015-11-25,6.69,6.69,5.5,5.5,24100
SDG,2015-11-26,6.02,6.02,6.02,6.02,4600
SDG,2015-11-27,6.62,6.62,6.62,6.62,100
SDG,2015-11-30,7.25,7.25,6.73,7.25,5100
SDG,2015-12-01,7.29,7.29,7.29,7.29,100
SDG,2015-12-02,6.65,6.65,6.65,6.65,100
SDG,2015-12-03,7.29,7.29,7.29,7.29,300
SDG,2015-12-04,6.73,7.4,6.58,6.62,10900
SDG,2015-12-07,6.36,6.77,5.98,6.77,5200
SDG,2015-12-08,6.39,7.44,6.36,7.44,2400
SDG,2015-12-09,7.44,8.15,7.44,8.15,3400
SDG,2015-12-10,8.15,8.15,8.15,8.15,500
SDG,2015-12-11,8.11,8.15,8.11,8.15,600
SDG,2015-12-14,8.15,8.15,8.15,8.15,0
SDG,2015-12-15,8.15,8.15,8.15,8.15,0
SDG,2015-12-16,8.15,8.15,8.15,8.15,0
SDG,2015-12-17,8.15,8.15,8.15,8.15,0
SDG,2015-12-18,8.15,8.15,8.15,8.15,0
SDG,2015-12-21,8.15,8.15,8.15,8.15,0
SDG,2015-12-22,8.15,8.15,8.15,8.15,100
SDG,2015-12-23,8.15,8.15,8.15,8.15,300
SDG,2015-12-24,8.15,8.15,8.15,8.15,0
SDG,2015-12-25,8.23,8.23,7.37,7.37,800
SDG,2015-12-28,7.37,7.37,7.37,7.37,0
SDG,2015-12-29,7.37,7.37,7.37,7.37,0
SDG,2015-12-30,7.37,7.37,7.37,7.37,0
SDG,2015-12-31,7.37,7.37,7.37,7.37,0
SDG,2016-01-04,7.37,7.37,7.37,7.37,0
SDG,2016-01-05,7.37,7.37,7.37,7.37,0
SDG,2016-01-06,7.37,7.37,7.37,7.37,0
SDG,2016-01-07,7.37,7.37,7.37,7.37,0
SDG,2016-01-08,7.37,7.37,7.37,7.37,0
SDG,2016-01-11,7.37,7.37,7.37,7.37,0
SDG,2016-01-12,7.37,7.37,7.37,7.37,0
SDG,2016-01-13,7.37,7.37,7.37,7.37,0
SDG,2016-01-14,7.37,7.37,7.37,7.37,0
SDG,2016-01-15,7.37,7.37,7.37,7.37,0
SDG,2016-01-18,7.37,7.37,7.37,7.37,0
SDG,2016-01-19,7.37,7.37,7.37,7.37,0
SDG,2016-01-20,7.37,7.37,7.37,7.37,0
SDG,2016-01-21,7.37,7.37,7.37,7.37,0
SDG,2016-01-22,7.37,7.37,7.37,7.37,0
SDG,2016-01-25,6.65,7.37,6.65,7.37,6870
SDG,2016-01-26,7.37,7.37,7.37,7.37,0
SDG,2016-01-27,7.37,7.37,7.37,7.37,0
SDG,2016-01-28,7.37,7.37,7.37,7.37,0
SDG,2016-01-29,7.37,7.37,7.37,7.37,0
SDG,2016-02-01,7.37,7.37,7.37,7.37,0
SDG,2016-02-02,7.37,7.37,7.37,7.37,0
SDG,2016-02-03,7.37,7.37,7.37,7.37,0
SDG,2016-02-04,7.37,7.37,7.37,7.37,0
SDG,2016-02-05,7.37,7.37,7.37,7.37,0
SDG,2016-02-15,7.37,7.37,7.37,7.37,0
SDG,2016-02-16,7.37,7.37,7.37,7.37,0
SDG,2016-02-17,7.37,7.37,7.37,7.37,0
SDG,2016-02-18,7.37,7.37,7.37,7.37,0
SDG,2016-02-19,7.37,7.37,7.37,7.37,0
SDG,2016-02-22,7.37,7.37,7.37,7.37,0
SDG,2016-02-23,7.37,7.37,7.37,7.37,0
SDG,2016-02-24,7.37,7.37,7.37,7.37,0
SDG,2016-02-25,7.37,7.37,7.37,7.37,0
SDG,2016-02-26,7.37,7.37,7.37,7.37,0
SDG,2016-02-29,7.37,7.37,7.37,7.37,0
SDG,2016-03-01,7.37,7.37,7.37,7.37,0
SDG,2016-03-02,7.37,7.37,7.37,7.37,0
SDG,2016-03-03,7.37,7.37,7.37,7.37,0
SDG,2016-03-04,7.37,7.37,7.37,7.37,0
SDG,2016-03-07,7.37,7.37,7.37,7.37,0
SDG,2016-03-08,7.37,7.37,7.37,7.37,0
SDG,2016-03-09,7.37,7.37,7.37,7.37,0
SDG,2016-03-10,7.37,7.37,7.37,7.37,0
SDG,2016-03-11,7.37,7.37,7.37,7.37,0
SDG,2016-03-14,7.37,7.37,7.37,7.37,0
SDG,2016-03-15,7.37,7.37,7.37,7.37,0
SDG,2016-03-16,7.37,7.37,7.37,7.37,0
SDG,2016-03-17,7.37,7.37,7.37,7.37,0
SDG,2016-03-18,7.37,7.37,7.37,7.37,0
SDG,2016-03-21,7.37,7.37,7.37,7.37,0
SDG,2016-03-22,7.37,7.37,7.37,7.37,0
SDG,2016-03-23,7.37,7.37,7.37,7.37,0
SDG,2016-03-24,7.37,7.37,7.37,7.37,0
SDG,2016-03-25,7.37,7.37,7.37,7.37,0
SDG,2016-03-28,7.37,7.37,7.37,7.37,0
SDG,2016-03-29,7.37,7.37,7.37,7.37,0
SDG,2016-03-30,7.37,7.37,7.37,7.37,0
SDG,2016-03-31,7.37,7.37,7.37,7.37,0
SDG,2016-04-01,6.73,6.73,6.73,6.73,100
SDG,2016-04-04,6.73,6.73,6.73,6.73,0
SDG,2016-04-05,6.73,6.73,6.73,6.73,0
SDG,2016-04-06,6.73,6.73,6.73,6.73,0
SDG,2016-04-07,6.73,6.73,6.73,6.73,0
SDG,2016-04-08,6.73,6.73,6.73,6.73,0
SDG,2016-04-11,6.73,6.73,6.73,6.73,0
SDG,2016-04-12,6.73,6.73,6.73,6.73,0
SDG,2016-04-13,6.73,6.73,6.73,6.73,0
SDG,2016-04-14,6.73,6.73,6.73,6.73,0
SDG,2016-04-15,6.73,6.73,6.73,6.73,0
SDG,2016-04-19,6.77,6.77,6.77,6.77,10000
SDG,2016-04-20,6.77,6.77,6.77,6.77,0
SDG,2016-04-21,6.77,6.77,6.77,6.77,0
SDG,2016-04-22,6.77,6.77,6.77,6.77,0
SDG,2016-04-25,6.77,6.77,6.77,6.77,0
SDG,2016-04-26,6.77,6.77,6.77,6.77,0
SDG,2016-04-27,6.77,6.77,6.77,6.77,0
SDG,2016-04-28,6.77,6.77,6.77,6.77,0
SDG,2016-04-29,6.77,6.77,6.77,6.77,0
SDG,2016-05-04,6.77,6.77,6.77,6.77,0
SDG,2016-05-05,6.77,6.77,6.77,6.77,0
SDG,2016-05-06,6.77,6.77,6.77,6.77,0
SDG,2016-05-09,6.65,6.65,6.36,6.36,20100
SDG,2016-05-10,6.36,6.36,6.36,6.36,0
SDG,2016-05-11,6.36,6.36,6.36,6.36,0
SDG,2016-05-12,6.36,6.36,6.36,6.36,0
SDG,2016-05-13,6.36,6.36,6.36,6.36,0
SDG,2016-05-16,6.36,6.36,6.36,6.36,0
SDG,2016-05-17,6.36,6.36,6.36,6.36,0
SDG,2016-05-18,6.36,6.36,6.36,6.36,0
SDG,2016-05-19,6.36,6.36,6.36,6.36,0
SDG,2016-05-20,6.36,6.36,6.36,6.36,0
SDG,2016-05-23,6.36,6.36,6.36,6.36,0
SDG,2016-05-24,6.36,6.36,6.36,6.36,0
SDG,2016-05-25,6.36,6.36,6.36,6.36,0
SDG,2016-05-26,6.36,6.36,6.36,6.36,0
SDG,2016-05-27,6.36,6.36,6.36,6.36,0
SDG,2016-05-30,6.36,6.36,6.36,6.36,0
SDG,2016-05-31,6.36,6.36,6.36,6.36,0
SDG,2016-06-01,6.36,6.36,6.36,6.36,0
SDG,2016-06-02,6.36,6.36,6.36,6.36,0
SDG,2016-06-03,6.36,6.36,6.36,6.36,0
SDG,2016-06-06,6.36,6.36,6.36,6.36,0
SDG,2016-06-07,6.36,6.36,6.36,6.36,0
SDG,2016-06-08,6.73,6.73,6.73,6.73,300
SDG,2016-06-09,6.73,6.73,6.73,6.73,0
SDG,2016-06-10,6.73,6.73,6.73,6.73,0
SDG,2016-06-13,6.73,6.73,6.73,6.73,0
SDG,2016-06-14,6.73,6.73,6.73,6.73,0
SDG,2016-06-15,6.73,6.73,6.73,6.73,0
SDG,2016-06-16,6.73,6.73,6.73,6.73,0
SDG,2016-06-17,6.73,6.73,6.73,6.73,0
SDG,2016-06-20,6.73,6.73,6.73,6.73,0
SDG,2016-06-21,6.73,6.73,6.73,6.73,0
SDG,2016-06-22,6.73,6.73,6.73,6.73,0
SDG,2016-06-23,6.73,6.73,6.73,6.73,0
SDG,2016-06-24,6.73,6.73,6.73,6.73,0
SDG,2016-06-27,6.73,6.73,6.73,6.73,0
SDG,2016-06-28,6.73,6.73,6.73,6.73,0
SDG,2016-06-29,6.73,6.73,6.73,6.73,0
SDG,2016-06-30,6.73,6.73,6.73,6.73,0
SDG,2016-07-01,6.73,6.73,6.73,6.73,0
SDG,2016-07-04,6.73,6.73,6.73,6.73,0
SDG,2016-07-05,6.73,6.73,6.73,6.73,0
SDG,2016-07-06,6.73,6.73,6.73,6.73,0
SDG,2016-07-07,6.73,6.73,6.73,6.73,0
SDG,2016-07-08,6.73,6.73,6.73,6.73,0
SDG,2016-07-11,6.73,6.73,6.73,6.73,0
SDG,2016-07-12,6.73,6.73,6.73,6.73,0
SDG,2016-07-13,6.73,6.73,6.73,6.73,0
SDG,2016-07-14,6.73,6.73,6.73,6.73,0
SDG,2016-07-15,6.73,6.73,6.73,6.73,0
SDG,2016-07-18,6.73,6.73,6.73,6.73,0
SDG,2016-07-19,6.92,6.92,6.92,6.92,1000
SDG,2016-07-20,6.92,6.92,6.92,6.92,0
SDG,2016-07-21,6.92,6.92,6.92,6.92,0
SDG,2016-07-22,6.92,6.92,6.92,6.92,0
SDG,2016-07-25,6.92,6.92,6.92,6.92,0
SDG,2016-07-26,6.92,6.92,6.92,6.92,0
SDG,2016-07-27,6.77,6.77,6.77,6.77,100
SDG,2016-07-28,6.77,6.77,6.77,6.77,0
SDG,2016-07-29,6.77,6.77,6.77,6.77,0
SDG,2016-08-01,6.77,6.77,6.77,6.77,0
SDG,2016-08-02,6.77,6.77,6.77,6.77,0
SDG,2016-08-03,6.77,6.77,6.77,6.77,0
SDG,2016-08-04,6.77,6.77,6.77,6.77,0
SDG,2016-08-05,6.77,6.77,6.77,6.77,0
SDG,2016-08-08,6.77,6.77,6.77,6.77,0
SDG,2016-08-09,6.77,6.77,6.77,6.77,0
SDG,2016-08-10,6.77,6.77,6.77,6.77,0
SDG,2016-08-11,6.77,6.77,6.77,6.77,0
SDG,2016-08-12,6.77,6.77,6.77,6.77,0
SDG,2016-08-15,6.77,6.77,6.77,6.77,0
SDG,2016-08-16,6.77,6.77,6.77,6.77,0
SDG,2016-08-17,6.77,6.77,6.77,6.77,0
SDG,2016-08-18,6.77,6.77,6.77,6.77,0
SDG,2016-08-19,6.77,6.77,6.77,6.77,0
SDG,2016-08-22,6.77,6.77,6.77,6.77,0
SDG,2016-08-23,6.77,6.77,6.77,6.77,0
SDG,2016-08-24,6.77,6.77,6.77,6.77,0
SDG,2016-08-25,6.77,6.77,6.77,6.77,0
SDG,2016-08-26,6.77,6.77,6.77,6.77,0
SDG,2016-08-29,6.77,6.77,6.77,6.77,0
SDG,2016-08-30,6.77,6.77,6.77,6.77,0
SDG,2016-08-31,6.77,6.77,6.77,6.77,0
SDG,2016-09-01,6.77,6.77,6.77,6.77,0
SDG,2016-09-05,6.77,6.77,6.77,6.77,0
SDG,2016-09-06,6.17,6.17,6.17,6.17,100
SDG,2016-09-07,6.17,6.17,6.17,6.17,0
SDG,2016-09-08,6.17,6.17,6.17,6.17,0
SDG,2016-09-09,6.17,6.17,6.17,6.17,0
SDG,2016-09-12,6.17,6.17,6.17,6.17,0
SDG,2016-09-13,6.17,6.17,6.17,6.17,0
SDG,2016-09-14,6.17,6.17,6.17,6.17,0
SDG,2016-09-15,6.17,6.17,6.17,6.17,0
SDG,2016-09-16,6.17,6.17,6.17,6.17,0
SDG,2016-09-19,6.17,6.17,6.17,6.17,0
SDG,2016-09-20,5.61,5.61,5.61,5.61,45500
SDG,2016-09-21,5.61,5.61,5.61,5.61,0
SDG,2016-09-22,5.61,5.61,5.61,5.61,0
SDG,2016-09-23,5.61,5.61,5.61,5.61,0
SDG,2016-09-26,5.61,5.61,5.61,5.61,0
SDG,2016-09-27,5.61,5.61,5.61,5.61,0
SDG,2016-09-28,5.61,5.61,5.61,5.61,0
SDG,2016-09-29,5.61,5.61,5.61,5.61,0
SDG,2016-09-30,5.61,5.61,5.61,5.61,0
SDG,2016-10-03,5.61,5.61,5.61,5.61,0
SDG,2016-10-04,5.61,5.61,5.61,5.61,0
SDG,2016-10-05,5.61,5.61,5.61,5.61,0
SDG,2016-10-06,5.61,5.61,5.61,5.61,0
SDG,2016-10-07,5.61,5.61,5.61,5.61,0
SDG,2016-10-10,5.61,5.61,5.61,5.61,0
SDG,2016-10-11,5.61,5.61,5.61,5.61,0
SDG,2016-10-12,5.61,5.61,5.61,5.61,0
SDG,2016-10-13,5.61,5.61,5.61,5.61,0
SDG,2016-10-14,5.61,5.61,5.61,5.61,0
SDG,2016-10-17,5.61,5.61,5.61,5.61,0
SDG,2016-10-18,5.61,5.61,5.61,5.61,0
SDG,2016-10-19,5.61,5.61,5.61,5.61,0
SDG,2016-10-20,5.61,5.61,5.61,5.61,50
SDG,2016-10-21,5.61,5.61,5.61,5.61,0
SDG,2016-10-24,6.17,6.17,6.17,6.17,1500
SDG,2016-10-25,6.77,6.77,6.77,6.77,1000
SDG,2016-10-26,7.44,7.44,7.44,7.44,600
SDG,2016-10-27,7.44,7.44,7.44,7.44,0
SDG,2016-10-28,8.15,8.15,8.15,8.15,2500
SDG,2016-10-31,7.51,7.51,7.51,7.51,520
SDG,2016-11-01,8.23,8.23,8.23,8.23,210
SDG,2016-11-02,8.23,8.23,8.23,8.23,0
SDG,2016-11-03,7.48,7.48,7.48,7.48,900
SDG,2016-11-04,7.85,7.85,7.85,7.85,300
SDG,2016-11-07,7.85,7.85,7.85,7.85,0
SDG,2016-11-08,7.85,7.85,7.85,7.85,0
SDG,2016-11-09,7.85,7.85,7.85,7.85,0
SDG,2016-11-10,7.85,7.85,7.85,7.85,0
SDG,2016-11-11,7.85,7.85,7.85,7.85,0
SDG,2016-11-14,7.85,7.85,7.85,7.85,500
SDG,2016-11-15,7.85,7.85,7.85,7.85,0
SDG,2016-11-16,7.85,7.85,7.85,7.85,0
SDG,2016-11-17,8.23,8.41,8.23,8.41,3600
SDG,2016-11-18,9.16,9.16,9.16,9.16,100
SDG,2016-11-21,9.16,9.16,9.16,9.16,0
SDG,2016-11-22,9.16,9.16,9.16,9.16,0
SDG,2016-11-23,9.16,9.16,9.16,9.16,0
SDG,2016-11-24,9.16,9.16,9.16,9.16,835
SDG,2016-11-25,9.16,9.2,9.16,9.16,1100
SDG,2016-11-28,9.16,9.16,9.16,9.16,0
SDG,2016-11-29,9.16,9.16,9.16,9.16,510
SDG,2016-11-30,9.16,9.16,9.16,9.16,0
SDG,2016-12-01,9.16,9.16,9.16,9.16,400
SDG,2016-12-02,9.16,9.16,9.16,9.16,300
SDG,2016-12-05,9.16,9.16,9.16,9.16,0
SDG,2016-12-06,9.16,9.16,9.16,9.16,15
SDG,2016-12-07,9.97,9.97,9.97,9.97,0
SDG,2016-12-08,9.97,9.97,9.97,9.97,0
SDG,2016-12-09,9.97,9.97,9.97,9.97,0
SDG,2016-12-12,9.97,9.97,9.97,9.97,0
SDG,2016-12-13,9.04,9.57,9.04,9.57,300
SDG,2016-12-14,9.57,9.57,9.57,9.57,900
SDG,2016-12-15,9.57,9.57,9.57,9.57,700
SDG,2016-12-16,9.57,9.57,9.57,9.57,200
SDG,2016-12-19,9.57,9.57,9.57,9.57,300
SDG,2016-12-20,9.0,9.0,9.0,9.0,100
SDG,2016-12-21,8.1,8.1,8.1,8.1,100
SDG,2016-12-22,8.1,8.1,8.1,8.1,0
SDG,2016-12-23,8.87,8.87,8.87,8.87,1000
SDG,2016-12-26,8.87,8.87,8.87,8.87,600
SDG,2016-12-27,8.87,8.87,8.87,8.87,0
SDG,2016-12-28,8.18,8.18,8.18,8.18,100
SDG,2016-12-29,7.41,7.41,7.41,7.41,100
SDG,2016-12-30,7.41,7.41,7.41,7.41,10
SDG,2017-01-03,8.1,8.1,8.1,8.1,100
SDG,2017-01-04,8.1,8.1,8.1,8.1,0
SDG,2017-01-05,8.1,8.1,8.1,8.1,0
SDG,2017-01-06,8.1,8.1,8.1,8.1,0
SDG,2017-01-09,8.1,8.1,8.1,8.1,0
SDG,2017-01-10,8.1,8.1,8.1,8.1,0
SDG,2017-01-11,8.35,8.35,8.35,8.35,100
SDG,2017-01-12,8.35,8.35,8.35,8.35,0
SDG,2017-01-13,8.35,8.35,8.35,8.35,0
SDG,2017-01-16,8.35,8.35,8.35,8.35,0
SDG,2017-01-17,9.16,9.16,9.16,9.16,400
SDG,2017-01-18,9.61,9.61,9.61,9.61,100
SDG,2017-01-19,9.61,9.61,9.61,9.61,0
SDG,2017-01-20,9.77,9.77,9.61,9.61,700
SDG,2017-01-23,9.61,9.61,9.61,9.61,600
SDG,2017-01-24,9.61,9.61,9.61,9.61,0
SDG,2017-01-25,9.61,9.61,9.61,9.61,0
SDG,2017-02-02,9.61,9.61,9.61,9.61,0
SDG,2017-02-03,9.61,9.61,9.61,9.61,0
SDG,2017-02-06,9.61,9.61,9.61,9.61,0
SDG,2017-02-07,9.61,9.61,9.61,9.61,0
SDG,2017-02-08,9.61,9.61,9.61,9.61,0
SDG,2017-02-09,9.61,9.61,9.61,9.61,0
SDG,2017-02-10,9.61,9.61,9.61,9.61,0
SDG,2017-02-13,10.18,10.18,10.18,10.18,100
SDG,2017-02-14,10.18,10.18,10.18,10.18,0
SDG,2017-02-15,10.18,10.18,10.18,10.18,2200
SDG,2017-02-16,10.18,10.18,10.18,10.18,4700
SDG,2017-02-17,10.18,10.18,10.18,10.18,0
SDG,2017-02-20,10.18,10.18,10.18,10.18,0
SDG,2017-02-21,10.18,10.18,10.18,10.18,0
SDG,2017-02-22,10.18,10.18,10.18,10.18,0
SDG,2017-02-23,10.18,10.18,10.18,10.18,0
SDG,2017-02-24,10.18,10.18,10.18,10.18,910
SDG,2017-02-27,10.18,10.18,10.18,10.18,0
SDG,2017-02-28,10.18,10.18,10.18,10.18,600
SDG,2017-03-01,10.18,10.18,10.18,10.18,0
SDG,2017-03-02,10.18,10.18,10.18,10.18,0
SDG,2017-03-03,10.18,10.18,10.18,10.18,0
SDG,2017-03-06,10.18,10.18,10.18,10.18,100
SDG,2017-03-07,10.18,10.18,10.18,10.18,0
SDG,2017-03-08,10.18,10.18,10.18,10.18,1400
SDG,2017-03-09,10.18,10.18,10.18,10.18,0
SDG,2017-03-10,10.18,10.18,10.18,10.18,85
SDG,2017-03-13,10.18,10.18,10.18,10.18,0
SDG,2017-03-14,10.18,10.18,10.18,10.18,85
SDG,2017-03-15,10.18,10.18,10.18,10.18,65
SDG,2017-03-16,10.18,10.18,10.18,10.18,90
SDG,2017-03-17,10.18,10.18,10.18,10.18,0
SDG,2017-03-20,10.18,10.18,10.18,10.18,199
SDG,2017-03-21,10.18,10.18,10.18,10.18,36
SDG,2017-03-22,10.18,10.18,10.18,10.18,0
SDG,2017-03-23,10.18,10.18,10.18,10.18,10
SDG,2017-03-24,10.18,10.18,10.18,10.18,0
SDG,2017-03-27,10.18,10.18,10.18,10.18,0
SDG,2017-03-28,10.18,10.18,10.18,10.18,0
SDG,2017-03-29,10.18,10.18,10.18,10.18,0
SDG,2017-03-30,10.18,10.18,10.18,10.18,0
SDG,2017-03-31,10.18,10.18,10.18,10.18,20
SDG,2017-04-03,11.15,11.15,11.15,11.15,100
SDG,2017-04-04,11.15,11.15,11.15,11.15,0
SDG,2017-04-05,11.36,11.36,11.36,11.36,100
SDG,2017-04-07,12.46,12.46,12.46,12.46,100
SDG,2017-04-10,12.46,12.46,12.46,12.46,0
SDG,2017-04-11,12.46,12.46,12.46,12.46,0
SDG,2017-04-12,12.46,12.46,12.46,12.46,0
SDG,2017-04-13,13.68,13.68,13.68,13.68,100
SDG,2017-04-14,13.68,13.68,13.68,13.68,0
SDG,2017-04-17,13.68,13.68,13.68,13.68,0
SDG,2017-04-18,13.68,13.68,13.68,13.68,0
SDG,2017-04-19,13.68,13.68,13.68,13.68,0
SDG,2017-04-20,13.68,13.68,13.68,13.68,0
SDG,2017-04-21,13.68,13.68,13.68,13.68,0
SDG,2017-04-24,13.68,13.68,13.68,13.68,0
SDG,2017-04-25,13.68,13.68,13.68,13.68,0
SDG,2017-04-26,13.68,13.68,13.68,13.68,0
SDG,2017-04-27,13.68,13.68,13.68,13.68,0
SDG,2017-04-28,13.68,13.68,13.68,13.68,0
SDG,2017-05-03,13.68,13.68,13.68,13.68,10
SDG,2017-05-04,12.33,12.33,12.33,12.33,100
SDG,2017-05-05,12.33,12.33,12.33,12.33,0
SDG,2017-05-08,12.33,12.33,12.33,12.33,0
SDG,2017-05-09,11.11,11.11,11.11,11.11,100
SDG,2017-05-10,10.01,10.01,10.01,10.01,100
SDG,2017-05-11,9.04,9.04,9.04,9.04,100
SDG,2017-05-12,9.36,9.36,9.36,9.36,300
SDG,2017-05-15,8.55,8.55,8.55,8.55,100
SDG,2017-05-16,7.82,7.82,7.82,7.82,100
SDG,2017-05-17,7.82,7.82,7.82,7.82,0
SDG,2017-05-18,7.33,7.33,7.33,7.33,100
SDG,2017-05-19,7.33,7.33,7.33,7.33,0
SDG,2017-05-22,7.33,7.33,7.33,7.33,0
SDG,2017-05-23,7.33,7.33,7.33,7.33,0
SDG,2017-05-24,7.33,7.33,7.33,7.33,0
SDG,2017-05-25,7.33,7.33,7.33,7.33,0
SDG,2017-05-26,7.33,7.33,7.33,7.33,0
SDG,2017-05-29,7.33,7.33,7.33,7.33,0
SDG,2017-05-30,7.33,7.33,7.33,7.33,0
SDG,2017-05-31,7.33,7.33,7.33,7.33,0
SDG,2017-06-01,7.33,7.33,7.33,7.33,0
SDG,2017-06-02,7.33,7.33,7.33,7.33,0
SDG,2017-06-05,7.33,7.33,7.33,7.33,0
SDG,2017-06-06,7.33,7.33,7.33,7.33,0
SDG,2017-06-07,7.33,7.33,7.33,7.33,0
SDG,2017-06-08,7.33,7.33,7.33,7.33,0
SDG,2017-06-09,7.33,7.33,7.33,7.33,0
SDG,2017-06-12,7.33,7.33,7.33,7.33,0
SDG,2017-06-13,7.33,7.33,7.33,7.33,0
SDG,2017-06-14,7.33,7.33,7.33,7.33,0
SDG,2017-06-15,7.33,7.33,7.33,7.33,0
SDG,2017-06-16,7.33,7.33,7.33,7.33,0
SDG,2017-06-19,7.33,7.33,7.33,7.33,0
SDG,2017-06-20,7.33,7.33,7.33,7.33,0
SDG,2017-06-21,7.33,7.33,7.33,7.33,0
SDG,2017-06-22,7.33,7.33,7.33,7.33,0
SDG,2017-06-23,8.06,8.06,8.06,8.06,100
SDG,2017-06-26,8.06,8.06,8.06,8.06,0
SDG,2017-06-27,8.06,8.06,8.06,8.06,0
SDG,2017-06-28,8.06,8.06,8.06,8.06,0
SDG,2017-06-29,8.83,8.83,8.83,8.83,100
SDG,2017-06-30,8.83,8.83,8.83,8.83,0
SDG,2017-07-03,8.83,8.83,8.83,8.83,0
SDG,2017-07-04,9.69,9.69,9.69,9.69,100
SDG,2017-07-05,9.69,9.69,9.69,9.69,0
SDG,2017-07-06,9.69,9.69,9.69,9.69,0
SDG,2017-07-07,9.69,9.69,9.69,9.69,0
SDG,2017-07-10,9.69,9.69,9.69,9.69,0
SDG,2017-07-11,10.62,10.62,10.62,10.62,100
SDG,2017-07-12,10.62,10.62,10.62,10.62,0
SDG,2017-07-13,10.62,10.62,10.62,10.62,0
SDG,2017-07-14,11.68,11.68,11.68,11.68,100
SDG,2017-07-17,11.68,11.68,11.68,11.68,0
SDG,2017-07-18,11.68,11.68,11.68,11.68,0
SDG,2017-07-19,12.78,12.78,12.78,12.78,100
SDG,2017-07-20,12.78,12.78,12.78,12.78,0
SDG,2017-07-21,12.21,12.21,12.21,12.21,1000
SDG,2017-07-24,10.99,10.99,10.99,10.99,100
SDG,2017-07-25,10.99,10.99,10.99,10.99,0
SDG,2017-07-26,10.01,10.01,10.01,10.01,100
SDG,2017-07-27,10.01,10.01,10.01,10.01,0
SDG,2017-07-28,9.16,9.16,9.16,9.16,100
SDG,2017-07-31,8.39,8.39,8.39,8.39,100
SDG,2017-08-01,8.39,8.39,8.39,8.39,0
SDG,2017-08-02,7.73,7.73,7.73,7.73,100
SDG,2017-08-03,7.73,7.73,7.73,7.73,0
SDG,2017-08-04,7.57,7.57,7.33,7.33,400
SDG,2017-08-07,7.33,7.33,7.33,7.33,0
SDG,2017-08-08,7.33,7.33,7.33,7.33,0
SDG,2017-08-09,7.33,8.06,6.72,8.06,400
SDG,2017-08-10,8.06,8.06,8.06,8.06,27
SDG,2017-08-11,8.06,8.06,8.06,8.06,0
SDG,2017-08-14,8.83,8.83,7.94,7.94,400
SDG,2017-08-15,7.94,7.94,7.94,7.94,0
SDG,2017-08-16,8.71,8.71,8.71,8.71,100
SDG,2017-08-17,9.53,9.57,8.22,8.22,300
SDG,2017-08-18,9.04,9.04,8.06,8.06,200
SDG,2017-08-21,8.51,8.51,8.06,8.18,1689700
SDG,2017-08-22,9.0,9.0,7.78,7.78,200
SDG,2017-08-23,8.55,8.55,7.53,7.53,200
SDG,2017-08-24,8.26,8.26,7.73,7.73,11100
SDG,2017-08-25,7.73,7.73,7.73,7.73,0
SDG,2017-08-28,7.73,7.73,7.73,7.73,0
SDG,2017-08-29,8.51,8.51,8.51,8.51,1000
SDG,2017-08-30,9.32,9.32,9.32,9.32,300
SDG,2017-08-31,10.22,10.22,10.22,10.22,400
SDG,2017-09-01,10.38,11.24,9.2,9.28,1062
SDG,2017-09-05,9.28,9.28,9.28,9.28,0
SDG,2017-09-06,9.28,9.28,9.28,9.28,0
SDG,2017-09-07,9.28,9.28,9.28,9.28,200
SDG,2017-09-08,9.28,9.28,8.55,8.55,300
SDG,2017-09-11,9.4,9.4,9.4,9.4,100
SDG,2017-09-12,9.0,9.0,9.0,9.0,100
SDG,2017-09-13,8.63,8.63,8.63,8.63,100
SDG,2017-09-14,8.63,8.63,8.63,8.63,0
SDG,2017-09-15,8.63,8.63,8.63,8.63,0
SDG,2017-09-18,8.63,8.63,8.63,8.63,0
SDG,2017-09-19,8.63,8.63,8.63,8.63,0
SDG,2017-09-20,8.63,8.63,8.63,8.63,0
SDG,2017-09-21,8.63,8.63,8.63,8.63,0
SDG,2017-09-22,8.63,8.63,8.63,8.63,0
SDG,2017-09-25,8.63,8.63,8.63,8.63,0
SDG,2017-09-26,8.63,8.63,8.63,8.63,0
SDG,2017-09-27,8.63,8.63,8.63,8.63,0
SDG,2017-09-28,8.63,9.49,8.63,9.49,1600
SDG,2017-09-29,9.49,9.49,9.49,9.49,0
SDG,2017-10-02,9.49,9.49,9.49,9.49,0
SDG,2017-10-03,10.38,10.38,10.38,10.38,100
SDG,2017-10-04,10.38,11.36,10.38,11.36,200
SDG,2017-10-05,11.36,11.36,11.36,11.36,0
SDG,2017-10-06,11.36,11.36,11.36,11.36,0
SDG,2017-10-09,11.36,11.36,11.36,11.36,262
SDG,2017-10-10,11.36,11.36,11.36,11.36,200
SDG,2017-10-11,11.36,11.36,11.36,11.36,800
SDG,2017-10-12,11.36,11.36,11.36,11.36,0
SDG,2017-10-13,11.36,11.36,11.36,11.36,300
SDG,2017-10-16,11.36,11.36,11.36,11.36,0
SDG,2017-10-17,11.36,11.36,11.36,11.36,0
SDG,2017-10-18,11.36,11.36,11.36,11.36,400
SDG,2017-10-19,11.36,11.36,11.36,11.36,0
SDG,2017-10-20,11.36,11.36,11.36,11.36,400
SDG,2017-10-23,11.36,11.36,11.36,11.36,0
SDG,2017-10-24,10.26,12.17,10.26,12.17,1700
SDG,2017-10-25,12.17,12.17,12.17,12.17,0
SDG,2017-10-26,12.17,12.17,12.17,12.17,0
SDG,2017-10-27,12.17,12.17,12.17,12.17,0
SDG,2017-10-30,12.17,12.17,12.17,12.17,0
SDG,2017-10-31,12.17,12.17,12.17,12.17,0
SDG,2017-11-01,12.17,12.17,12.17,12.17,0
SDG,2017-11-02,12.17,12.17,12.17,12.17,0
SDG,2017-11-03,12.17,12.17,12.17,12.17,0
SDG,2017-11-06,12.17,12.17,12.17,12.17,0
SDG,2017-11-07,12.17,12.17,12.17,12.17,0
SDG,2017-11-08,12.17,12.17,12.17,12.17,0
SDG,2017-11-09,12.17,12.17,12.17,12.17,0
SDG,2017-11-10,12.17,12.17,12.17,12.17,0
SDG,2017-11-13,10.99,10.99,10.99,10.99,100
SDG,2017-11-14,10.99,10.99,10.99,10.99,0
SDG,2017-11-15,10.99,10.99,10.99,10.99,0
SDG,2017-11-16,10.99,10.99,10.99,10.99,0
SDG,2017-11-17,10.99,10.99,10.99,10.99,300
SDG,2017-11-20,10.99,10.99,10.99,10.99,0
SDG,2017-11-21,10.99,10.99,10.99,10.99,0
SDG,2017-11-22,10.99,10.99,10.99,10.99,0
SDG,2017-11-23,10.99,10.99,10.99,10.99,0
SDG,2017-11-24,10.99,10.99,10.99,10.99,0
SDG,2017-11-27,9.89,9.89,9.89,9.89,1800
SDG,2017-11-28,9.89,9.89,9.89,9.89,0
SDG,2017-11-29,9.89,9.89,9.89,9.89,0
SDG,2017-11-30,9.89,9.89,9.89,9.89,0
SDG,2017-12-01,9.89,9.89,9.89,9.89,0
SDG,2017-12-04,8.92,8.92,8.92,8.92,100
SDG,2017-12-05,8.06,8.06,8.06,8.06,100
SDG,2017-12-06,7.33,7.33,7.33,7.33,100
SDG,2017-12-07,6.72,6.72,6.72,6.72,100
SDG,2017-12-08,6.27,6.27,6.11,6.11,1320
SDG,2017-12-11,6.11,6.11,6.11,6.11,200
SDG,2017-12-12,6.11,6.11,6.11,6.11,0
SDG,2017-12-13,6.72,6.72,6.72,6.72,100
SDG,2017-12-14,7.37,7.37,7.37,7.37,100
SDG,2017-12-15,8.1,8.1,6.64,6.64,200
SDG,2017-12-18,7.29,7.29,7.29,7.29,100
SDG,2017-12-19,7.98,7.98,6.59,6.64,600
SDG,2017-12-20,7.29,7.29,6.72,6.72,200
SDG,2017-12-21,7.37,7.37,7.37,7.37,200
SDG,2017-12-22,8.1,8.1,8.1,8.1,200
SDG,2017-12-25,7.37,8.87,7.37,8.87,200
SDG,2017-12-26,8.14,8.14,8.14,8.14,200
SDG,2017-12-27,8.96,8.96,7.45,7.45,700
SDG,2017-12-28,7.45,7.45,7.45,7.45,0
SDG,2017-12-29,8.18,8.18,6.76,6.76,200
SDG,2018-01-02,7.41,7.41,7.41,7.41,100
SDG,2018-01-03,8.14,8.14,8.14,8.14,100
SDG,2018-01-04,8.96,8.96,8.96,8.96,100
SDG,2018-01-05,8.96,8.96,8.96,8.96,0
SDG,2018-01-08,8.96,8.96,8.96,8.96,0
SDG,2018-01-09,8.96,8.96,8.96,8.96,0
SDG,2018-01-10,9.57,9.85,8.14,8.14,2500
SDG,2018-01-11,8.14,8.14,8.14,8.14,0
SDG,2018-01-12,8.14,8.14,8.14,8.14,0
SDG,2018-01-15,8.14,8.14,8.14,8.14,0
SDG,2018-01-16,8.14,8.14,8.14,8.14,0
SDG,2018-01-17,8.14,8.14,8.14,8.14,0
SDG,2018-01-18,8.14,8.14,8.14,8.14,0
SDG,2018-01-19,8.14,8.14,8.14,8.14,0
SDG,2018-01-22,8.14,8.14,8.14,8.14,0
SDG,2018-01-23,8.14,8.14,8.14,8.14,0
SDG,2018-01-24,8.14,8.14,8.14,8.14,0
SDG,2018-01-25,8.14,8.14,8.14,8.14,0
SDG,2018-01-26,8.14,8.14,8.14,8.14,0
SDG,2018-01-29,8.14,8.14,8.14,8.14,0
SDG,2018-01-30,8.14,8.14,8.14,8.14,0
SDG,2018-01-31,8.14,8.14,8.14,8.14,0
SDG,2018-02-01,8.14,8.14,8.14,8.14,0
SDG,2018-02-02,8.14,8.14,8.14,8.14,0
SDG,2018-02-05,8.14,8.14,8.14,8.14,0
SDG,2018-02-06,8.14,8.14,8.14,8.14,0
SDG,2018-02-07,8.14,8.14,8.14,8.14,0
SDG,2018-02-08,8.14,8.14,8.14,8.14,0
SDG,2018-02-09,8.14,8.14,8.14,8.14,0
SDG,2018-02-12,8.14,8.14,8.14,8.14,0
SDG,2018-02-13,8.14,8.14,8.14,8.14,0
SDG,2018-02-21,8.14,8.14,8.14,8.14,0
SDG,2018-02-22,8.14,8.14,8.14,8.14,0
SDG,2018-02-23,8.14,8.14,8.14,8.14,0
SDG,2018-02-26,8.14,8.14,8.14,8.14,0
SDG,2018-02-27,8.14,8.14,8.14,8.14,0
SDG,2018-02-28,8.14,8.14,8.14,8.14,0
SDG,2018-03-01,8.14,8.14,8.14,8.14,0
SDG,2018-03-02,8.14,8.14,8.14,8.14,0
SDG,2018-03-05,8.14,8.14,8.14,8.14,0
SDG,2018-03-06,8.14,8.14,8.14,8.14,0
SDG,2018-03-07,8.14,8.14,8.14,8.14,6500
SDG,2018-03-08,8.14,8.14,8.14,8.14,0
SDG,2018-03-09,8.14,8.14,8.14,8.14,0
SDG,2018-03-12,8.14,8.14,8.14,8.14,0
SDG,2018-03-13,8.14,8.14,8.14,8.14,0
SDG,2018-03-14,8.14,8.14,8.14,8.14,0
SDG,2018-03-15,8.14,8.14,8.14,8.14,0
SDG,2018-03-16,8.14,8.14,8.14,8.14,0
SDG,2018-03-19,8.14,8.14,8.14,8.14,0
SDG,2018-03-20,8.14,8.14,8.14,8.14,0
SDG,2018-03-21,8.14,8.14,8.14,8.14,0
SDG,2018-03-22,8.14,8.14,8.14,8.14,0
SDG,2018-03-23,8.14,8.14,8.14,8.14,0
SDG,2018-03-26,8.14,8.14,8.14,8.14,0
SDG,2018-03-27,8.14,8.14,8.14,8.14,0
SDG,2018-03-28,8.14,8.14,8.14,8.14,0
SDG,2018-03-29,8.14,8.14,8.14,8.14,0
SDG,2018-03-30,8.14,8.14,8.14,8.14,0
SDG,2018-04-02,7.33,7.33,7.33,7.33,300
SDG,2018-04-03,6.72,6.72,6.72,6.72,200
SDG,2018-04-04,6.23,6.23,6.11,6.11,300
SDG,2018-04-05,5.62,5.62,5.54,5.54,400
SDG,2018-04-06,5.58,6.07,5.58,6.07,400
SDG,2018-04-09,6.64,6.64,6.64,6.64,100
SDG,2018-04-10,7.29,7.29,7.29,7.29,7400
SDG,2018-04-11,7.98,7.98,7.98,7.98,100
SDG,2018-04-12,8.75,8.75,8.75,8.75,290400
SDG,2018-04-13,9.61,9.61,9.57,9.61,4800
SDG,2018-04-16,10.54,10.54,10.54,10.54,400
SDG,2018-04-17,11.56,11.56,11.56,11.56,200
SDG,2018-04-18,12.7,12.7,12.7,12.7,1100
SDG,2018-04-19,13.96,13.96,12.7,13.03,2500
SDG,2018-04-20,14.33,14.33,14.33,14.33,640100
SDG,2018-04-23,12.95,14.17,12.95,14.17,910
SDG,2018-04-24,12.78,12.78,12.78,12.78,200
SDG,2018-04-26,11.52,11.52,11.52,11.52,300
SDG,2018-04-27,10.38,12.62,10.38,12.62,2900
SDG,2018-05-02,12.62,12.62,12.62,12.62,0
SDG,2018-05-03,12.62,12.62,12.62,12.62,0
SDG,2018-05-04,12.62,12.62,12.62,12.62,0
SDG,2018-05-07,12.62,12.62,12.62,12.62,0
SDG,2018-05-08,12.62,12.62,12.62,12.62,0
SDG,2018-05-09,12.62,12.62,12.62,12.62,0
SDG,2018-05-10,12.62,12.62,12.62,12.62,0
SDG,2018-05-11,12.62,12.62,12.62,12.62,0
SDG,2018-05-14,13.88,13.88,11.36,11.36,325500
SDG,2018-05-15,12.49,12.49,10.23,12.18,303200
SDG,2018-05-16,12.18,12.18,12.18,12.18,0
SDG,2018-05-17,13.4,13.4,13.4,13.4,7500
SDG,2018-05-18,13.49,13.49,13.49,13.49,1100
SDG,2018-05-21,14.8,14.8,14.8,14.8,1800
SDG,2018-05-22,14.8,14.8,14.8,14.8,0
SDG,2018-05-23,14.8,14.8,14.8,14.8,0
SDG,2018-05-24,13.49,13.49,13.49,13.49,600
SDG,2018-05-25,13.49,13.49,13.49,13.49,0
SDG,2018-05-28,13.49,13.49,13.49,13.49,0
SDG,2018-05-29,13.49,13.49,13.49,13.49,0
SDG,2018-05-30,13.49,13.49,13.49,13.49,0
SDG,2018-05-31,13.49,13.49,13.49,13.49,0
SDG,2018-06-01,13.49,13.49,13.49,13.49,0
SDG,2018-06-04,13.49,13.49,13.49,13.49,0
SDG,2018-06-05,13.49,13.49,13.49,13.49,0
SDG,2018-06-06,13.49,13.49,13.49,13.49,0
SDG,2018-06-07,13.49,13.49,13.49,13.49,0
SDG,2018-06-08,13.49,13.49,13.49,13.49,0
SDG,2018-06-11,13.49,13.49,13.49,13.49,0
SDG,2018-06-12,13.49,13.49,13.49,13.49,0
SDG,2018-06-13,13.49,13.49,13.49,13.49,0
SDG,2018-06-14,13.49,13.49,13.49,13.49,0
SDG,2018-06-15,13.49,13.49,13.49,13.49,0
SDG,2018-06-18,13.49,13.49,13.49,13.49,0
SDG,2018-06-19,13.49,13.49,13.49,13.49,0
SDG,2018-06-20,13.49,13.49,13.49,13.49,0
SDG,2018-06-21,13.49,13.49,13.49,13.49,0
SDG,2018-06-22,13.49,13.49,13.49,13.49,0
SDG,2018-06-25,13.49,13.49,13.49,13.49,0
SDG,2018-06-26,13.49,13.49,13.49,13.49,0
SDG,2018-06-27,13.49,13.49,13.49,13.49,0
SDG,2018-06-28,13.49,13.49,13.49,13.49,0
SDG,2018-06-29,13.49,13.49,13.49,13.49,0
SDG,2018-07-02,13.49,13.49,13.49,13.49,0
SDG,2018-07-03,13.49,13.49,13.49,13.49,0
SDG,2018-07-04,13.49,13.49,13.49,13.49,0
SDG,2018-07-05,13.49,13.49,13.49,13.49,0
SDG,2018-07-06,13.49,13.49,13.49,13.49,0
SDG,2018-07-09,13.49,13.49,13.49,13.49,0
SDG,2018-07-10,13.49,13.49,13.49,13.49,0
SDG,2018-07-11,13.49,13.49,13.49,13.49,0
SDG,2018-07-12,13.49,13.49,13.49,13.49,0
SDG,2018-07-13,13.49,13.49,13.49,13.49,200
SDG,2018-07-16,13.49,13.49,13.49,13.49,0
SDG,2018-07-17,13.49,13.49,13.49,13.49,0
SDG,2018-07-18,13.49,13.49,13.49,13.49,0
SDG,2018-07-19,13.49,13.49,13.49,13.49,0
SDG,2018-07-20,13.49,13.49,13.49,13.49,0
SDG,2018-07-23,13.49,13.49,13.49,13.49,0
SDG,2018-07-24,13.49,13.49,13.49,13.49,0
SDG,2018-07-25,12.14,12.14,12.14,12.14,100
SDG,2018-07-26,12.14,12.14,12.14,12.14,10
SDG,2018-07-27,12.14,13.32,10.97,13.32,300
SDG,2018-07-30,14.36,14.36,14.36,14.36,100
SDG,2018-07-31,14.36,14.36,14.36,14.36,0
SDG,2018-08-01,14.36,14.36,14.36,14.36,0
SDG,2018-08-02,14.36,14.36,14.36,14.36,0
SDG,2018-08-03,14.36,14.36,14.36,14.36,0
SDG,2018-08-06,14.36,14.36,14.36,14.36,0
SDG,2018-08-07,14.36,14.36,14.36,14.36,0
SDG,2018-08-08,14.36,14.36,14.36,14.36,0
SDG,2018-08-09,14.36,14.36,14.36,14.36,0
SDG,2018-08-10,14.36,14.36,14.36,14.36,0
SDG,2018-08-13,14.36,14.36,14.36,14.36,0
SDG,2018-08-14,14.36,14.36,14.36,14.36,0
SDG,2018-08-15,14.36,14.36,14.36,14.36,0
SDG,2018-08-16,14.36,14.36,14.36,14.36,0
SDG,2018-08-17,14.36,14.36,14.36,14.36,0
SDG,2018-08-20,14.36,14.36,14.36,14.36,0
SDG,2018-08-21,14.36,14.36,14.36,14.36,0
SDG,2018-08-22,14.36,14.36,14.36,14.36,0
SDG,2018-08-23,14.36,14.36,14.36,14.36,0
SDG,2018-08-24,12.92,12.92,12.92,12.92,100
SDG,2018-08-27,11.66,11.66,11.66,11.66,100
SDG,2018-08-28,11.66,11.66,11.66,11.66,0
SDG,2018-08-29,11.66,11.66,11.66,11.66,0
SDG,2018-08-30,10.53,10.53,10.53,10.53,200
SDG,2018-08-31,10.88,10.88,10.88,10.88,100
SDG,2018-09-04,10.88,10.88,10.88,10.88,0
SDG,2018-09-05,9.79,9.79,9.79,9.79,400
SDG,2018-09-06,10.75,10.75,10.75,10.75,100
SDG,2018-09-07,10.75,10.75,10.75,10.75,0
SDG,2018-09-10,10.75,10.75,10.75,10.75,0
SDG,2018-09-11,9.7,9.7,9.7,9.7,100
SDG,2018-09-12,8.75,10.66,8.75,8.92,600
SDG,2018-09-13,8.96,9.79,8.96,9.79,300
SDG,2018-09-14,9.79,9.79,9.79,9.79,0
SDG,2018-09-17,9.79,9.79,9.79,9.79,0
SDG,2018-09-18,8.88,8.88,8.88,8.88,300
SDG,2018-09-19,9.75,9.75,9.75,9.75,100
SDG,2018-09-20,9.79,9.79,9.79,9.79,200
SDG,2018-09-21,10.75,10.75,10.75,10.75,100
SDG,2018-09-24,10.75,10.75,10.75,10.75,0
SDG,2018-09-25,11.71,11.71,11.71,11.71,100
SDG,2018-09-26,11.71,11.71,11.71,11.71,0
SDG,2018-09-27,12.84,12.84,12.84,12.84,100
SDG,2018-09-28,14.06,14.06,14.06,14.06,100
SDG,2018-10-01,14.06,14.06,14.06,14.06,0
SDG,2018-10-02,14.06,14.06,14.06,14.06,0
SDG,2018-10-03,14.06,14.06,14.06,14.06,0
SDG,2018-10-04,14.06,14.06,14.06,14.06,0
SDG,2018-10-05,14.06,14.06,14.06,14.06,0
SDG,2018-10-08,14.06,14.06,14.06,14.06,0
SDG,2018-10-09,12.66,12.66,12.66,12.66,100
SDG,2018-10-10,11.4,11.4,11.4,11.4,100
SDG,2018-10-11,10.79,10.79,10.79,10.79,500
SDG,2018-10-12,11.49,11.49,11.49,11.49,100
SDG,2018-10-15,12.62,12.62,12.62,12.62,100
SDG,2018-10-16,13.88,13.88,12.62,12.62,300
SDG,2018-10-17,11.36,11.36,11.36,11.36,100
SDG,2018-10-18,10.44,10.44,10.44,10.44,100
SDG,2018-10-19,10.44,10.44,10.44,10.44,0
SDG,2018-10-22,9.62,11.27,9.62,11.27,200
SDG,2018-10-23,12.14,12.14,12.14,12.14,100
SDG,2018-10-24,13.01,13.01,13.01,13.01,100
SDG,2018-10-25,13.01,13.01,13.01,13.01,0
SDG,2018-10-26,13.01,13.01,13.01,13.01,0
SDG,2018-10-29,13.01,13.01,13.01,13.01,0
SDG,2018-10-30,13.01,13.01,13.01,13.01,0
SDG,2018-10-31,13.01,13.01,13.01,13.01,0
SDG,2018-11-01,13.01,13.01,13.01,13.01,0
SDG,2018-11-02,13.88,13.88,13.88,13.88,100
SDG,2018-11-05,13.88,13.88,13.88,13.88,0
SDG,2018-11-06,13.88,13.88,13.88,13.88,0
SDG,2018-11-07,13.88,13.88,13.88,13.88,0
SDG,2018-11-08,13.88,13.88,13.88,13.88,0
SDG,2018-11-09,13.88,13.88,13.88,13.88,0
SDG,2018-11-12,14.32,14.32,14.32,14.32,100
SDG,2018-11-13,14.32,14.32,14.32,14.32,0
SDG,2018-11-14,14.32,14.32,14.32,14.32,0
SDG,2018-11-15,14.32,14.32,14.32,14.32,0
SDG,2018-11-16,14.32,14.32,14.32,14.32,0
SDG,2018-11-19,14.32,14.32,14.32,14.32,0
SDG,2018-11-20,14.32,14.32,14.32,14.32,0
SDG,2018-11-21,14.32,14.32,14.32,14.32,0
SDG,2018-11-22,14.32,14.32,14.32,14.32,0
SDG,2018-11-23,14.32,14.32,14.32,14.32,0
SDG,2018-11-26,12.92,12.92,12.92,12.92,1100
SDG,2018-11-27,11.66,11.66,11.66,11.66,500
SDG,2018-11-28,10.53,10.53,10.53,10.53,600
SDG,2018-11-29,9.49,9.49,9.49,9.49,500
SDG,2018-11-30,9.14,9.14,9.14,9.14,100
SDG,2018-12-03,10.05,10.05,9.14,9.14,200
SDG,2018-12-04,10.05,10.05,9.62,9.62,300
SDG,2018-12-05,10.57,10.57,9.62,9.62,2000
SDG,2018-12-06,10.57,10.57,9.66,9.66,200
SDG,2018-12-07,10.57,10.57,9.57,9.57,200
SDG,2018-12-10,10.49,10.49,9.4,9.4,200
SDG,2018-12-11,10.31,10.31,10.31,10.31,486500
SDG,2018-12-12,11.31,11.31,9.7,9.7,18860
SDG,2018-12-13,9.7,9.79,9.7,9.75,5700
SDG,2018-12-14,10.7,10.7,10.7,10.7,400
SDG,2018-12-17,11.75,11.75,9.66,9.66,17100
SDG,2018-12-18,10.62,10.62,9.75,9.75,5700
SDG,2018-12-19,10.7,10.7,9.49,9.49,8400
SDG,2018-12-20,10.36,10.4,10.36,10.4,312800
SDG,2018-12-21,11.18,11.4,10.49,10.49,17700
SDG,2018-12-24,9.83,11.53,9.83,10.23,339600
SDG,2018-12-25,11.23,11.23,9.88,9.88,290800
SDG,2018-12-26,10.4,10.84,10.1,10.44,325200
SDG,2018-12-27,11.27,11.27,10.36,10.36,500
SDG,2018-12-28,10.1,10.62,9.92,9.92,3200
SDG,2019-01-02,9.92,10.01,9.14,9.96,1600
SDG,2019-01-03,10.44,10.49,10.01,10.01,2100
SDG,2019-01-04,10.4,10.49,10.01,10.01,700
SDG,2019-01-07,10.44,10.66,10.05,10.05,3000
SDG,2019-01-08,10.44,10.49,10.14,10.27,1000
SDG,2019-01-09,10.44,10.44,10.23,10.23,1200
SDG,2019-01-10,10.1,10.66,10.1,10.66,200
SDG,2019-01-11,10.66,10.88,10.14,10.14,600
SDG,2019-01-14,10.49,10.49,10.49,10.49,1100
SDG,2019-01-15,10.27,10.27,10.27,10.27,200
SDG,2019-01-16,10.27,10.27,10.27,10.27,0
SDG,2019-01-17,10.27,10.27,10.27,10.27,0
SDG,2019-01-18,9.7,9.79,9.7,9.79,200
SDG,2019-01-21,9.36,9.36,9.23,9.23,500
SDG,2019-01-22,10.1,10.14,9.79,9.79,2100
SDG,2019-01-23,10.23,10.23,9.92,9.92,300
SDG,2019-01-24,9.96,10.1,9.96,10.1,200
SDG,2019-01-25,10.14,10.18,10.14,10.14,400
SDG,2019-01-28,10.14,10.14,10.14,10.14,0
SDG,2019-01-29,10.14,10.14,10.14,10.14,0
SDG,2019-01-30,10.14,10.14,10.14,10.14,100
SDG,2019-01-31,10.14,10.14,9.92,9.92,200
SDG,2019-02-01,9.92,9.92,9.92,9.92,0
SDG,2019-02-11,9.92,9.92,9.92,9.92,0
SDG,2019-02-12,9.92,9.92,9.92,9.92,0
SDG,2019-02-13,10.01,10.01,10.01,10.01,100
SDG,2019-02-14,10.01,10.01,10.01,10.01,0
SDG,2019-02-15,10.01,10.01,10.01,10.01,800
SDG,2019-02-18,11.01,11.01,10.23,10.23,1100
SDG,2019-02-19,10.23,10.75,10.23,10.31,2500
SDG,2019-02-20,10.31,10.31,10.31,10.31,0
SDG,2019-02-21,10.31,11.1,10.31,10.44,4700
SDG,2019-02-22,11.1,11.1,10.57,10.57,3400
SDG,2019-02-25,10.57,10.57,10.57,10.57,0
SDG,2019-02-26,11.01,11.1,10.49,11.1,2700
SDG,2019-02-27,10.53,10.53,10.53,10.53,100
SDG,2019-02-28,10.36,10.36,10.27,10.27,300
SDG,2019-03-01,10.27,10.27,10.27,10.27,0
SDG,2019-03-04,10.27,10.27,10.27,10.27,0
SDG,2019-03-05,10.44,10.44,10.44,10.44,3000
SDG,2019-03-06,10.44,10.44,10.44,10.44,0
SDG,2019-03-07,10.49,10.49,10.49,10.49,500
SDG,2019-03-08,10.49,10.49,10.49,10.49,0
SDG,2019-03-11,10.57,10.57,10.49,10.49,400
SDG,2019-03-12,10.49,10.49,10.49,10.49,0
SDG,2019-03-13,10.57,10.88,10.57,10.88,401
SDG,2019-03-14,10.88,10.88,10.88,10.88,0
SDG,2019-03-15,10.44,10.44,10.44,10.44,1000
SDG,2019-03-18,10.27,10.44,10.23,10.44,2000
SDG,2019-03-19,10.27,10.27,10.01,10.01,775
SDG,2019-03-20,10.79,10.88,10.79,10.88,500
SDG,2019-03-21,10.23,10.44,10.23,10.44,1634
SDG,2019-03-22,10.44,10.44,10.44,10.44,0
SDG,2019-03-25,10.44,10.44,10.44,10.44,0
SDG,2019-03-26,10.05,10.05,10.01,10.01,600
SDG,2019-03-27,10.01,10.01,10.01,10.01,0
SDG,2019-03-28,10.01,10.01,10.01,10.01,0
SDG,2019-03-29,10.62,10.66,10.62,10.66,700
SDG,2019-04-01,10.66,10.66,10.66,10.66,0
SDG,2019-04-02,10.23,10.88,10.23,10.4,3201
SDG,2019-04-03,10.4,10.4,10.4,10.4,0
SDG,2019-04-04,10.27,10.27,10.27,10.27,100
SDG,2019-04-05,10.84,11.23,10.4,10.4,2700
SDG,2019-04-08,10.4,10.4,10.4,10.4,0
SDG,2019-04-09,10.4,10.4,10.4,10.4,0
SDG,2019-04-10,10.4,10.4,10.4,10.4,0
SDG,2019-04-11,10.4,10.4,10.4,10.4,0
SDG,2019-04-12,10.4,10.4,10.4,10.4,0
SDG,2019-04-16,10.4,10.4,10.4,10.4,0
SDG,2019-04-17,10.4,10.4,10.4,10.4,0
SDG,2019-04-18,10.84,11.4,10.84,11.4,6200
SDG,2019-04-19,11.4,11.4,11.4,11.4,0
SDG,2019-04-22,11.4,11.4,11.4,11.4,0
SDG,2019-04-23,11.4,11.53,11.4,11.53,701
SDG,2019-04-24,11.44,11.57,11.4,11.4,1200
SDG,2019-04-25,11.4,11.4,11.4,11.4,0
SDG,2019-04-26,11.4,11.4,11.4,11.4,0
SDG,2019-05-02,11.4,11.4,11.4,11.4,0
SDG,2019-05-03,10.88,10.88,10.88,10.88,300
SDG,2019-05-06,10.92,10.92,10.92,10.92,100
SDG,2019-05-07,10.92,10.92,10.92,10.92,0
SDG,2019-05-08,10.92,10.92,10.92,10.92,0
SDG,2019-05-09,11.54,11.82,11.54,11.82,2800
SDG,2019-05-10,11.82,11.82,11.82,11.82,0
SDG,2019-05-13,10.78,10.88,10.78,10.88,700
SDG,2019-05-14,10.88,10.88,10.88,10.88,0
SDG,2019-05-15,10.88,10.88,10.88,10.88,300
SDG,2019-05-16,11.16,11.16,11.16,11.16,200
SDG,2019-05-17,11.35,11.35,11.25,11.25,300
SDG,2019-05-20,11.25,11.25,11.25,11.25,0
SDG,2019-05-21,10.4,11.35,10.4,10.92,1500
SDG,2019-05-22,10.45,10.45,10.4,10.4,200
SDG,2019-05-23,10.88,10.88,10.88,10.88,900
SDG,2019-05-24,11.02,11.02,10.88,10.92,700
SDG,2019-05-27,10.92,10.92,10.92,10.92,0
SDG,2019-05-28,10.92,10.92,10.92,10.92,0
SDG,2019-05-29,10.92,10.92,10.92,10.92,0
SDG,2019-05-30,10.92,10.92,10.92,10.92,0
SDG,2019-05-31,10.4,10.4,10.4,10.4,400
SDG,2019-06-03,11.44,11.44,11.44,11.44,100
SDG,2019-06-04,11.44,11.44,11.44,11.44,0
SDG,2019-06-05,11.11,11.11,11.11,11.11,200
SDG,2019-06-06,11.11,11.11,11.11,11.11,0
SDG,2019-06-07,11.11,11.11,11.11,11.11,0
SDG,2019-06-10,11.11,11.11,11.11,11.11,0
SDG,2019-06-11,11.11,11.11,11.11,11.11,0
SDG,2019-06-12,11.11,11.11,11.11,11.11,300
SDG,2019-06-13,11.35,11.35,10.17,10.17,1100
SDG,2019-06-14,10.17,10.17,10.17,10.17,0
SDG,2019-06-17,11.16,11.16,11.16,11.16,401
SDG,2019-06-18,11.16,11.16,11.16,11.16,0
SDG,2019-06-19,10.92,10.92,10.92,10.92,100
SDG,2019-06-20,11.11,11.82,11.11,11.82,4900
SDG,2019-06-21,11.82,11.82,11.82,11.82,1200
SDG,2019-06-24,11.82,11.82,11.82,11.82,2100
SDG,2019-06-25,11.82,11.82,11.82,11.82,700
SDG,2019-06-26,11.82,11.82,11.82,11.82,600
SDG,2019-06-27,12.29,12.29,12.29,12.29,500
SDG,2019-06-28,12.29,12.29,12.29,12.29,0
SDG,2019-07-01,11.82,11.82,11.82,11.82,200
SDG,2019-07-02,11.82,11.82,11.82,11.82,0
SDG,2019-07-03,11.82,11.82,11.82,11.82,0
SDG,2019-07-04,11.82,11.82,11.82,11.82,0
SDG,2019-07-05,11.82,11.82,11.82,11.82,0
SDG,2019-07-08,12.29,12.29,12.29,12.29,500
SDG,2019-07-09,11.82,13.52,11.82,13.52,13000
SDG,2019-07-10,12.29,12.29,12.29,12.29,100
SDG,2019-07-11,11.82,11.82,11.82,11.82,1000
SDG,2019-07-12,11.82,11.82,11.82,11.82,300
SDG,2019-07-15,13.0,13.0,11.82,11.82,3100
SDG,2019-07-16,11.82,11.82,11.82,11.82,0
SDG,2019-07-17,11.82,11.82,11.82,11.82,0
SDG,2019-07-18,13.0,13.0,13.0,13.0,1000
SDG,2019-07-19,14.28,14.28,12.1,12.25,3800
SDG,2019-07-22,12.29,12.29,12.29,12.29,2500
SDG,2019-07-23,12.29,13.52,12.29,12.29,1600
SDG,2019-07-24,13.43,13.43,13.43,13.43,200
SDG,2019-07-25,13.43,13.43,13.43,13.43,0
SDG,2019-07-26,13.43,13.43,13.43,13.43,0
SDG,2019-07-29,12.34,14.75,12.34,14.71,1300
SDG,2019-07-30,13.24,13.24,13.24,13.24,7700
SDG,2019-07-31,12.1,12.34,12.1,12.29,14600
SDG,2019-08-01,11.35,12.44,11.35,12.44,4366
SDG,2019-08-02,11.58,13.66,11.58,11.87,152700
SDG,2019-08-05,12.96,13.05,12.29,12.29,9500
SDG,2019-08-06,12.29,12.29,12.29,12.29,0
SDG,2019-08-07,11.82,13.52,11.82,12.2,22000
SDG,2019-08-08,13.38,13.38,13.38,13.38,2600
SDG,2019-08-09,12.48,14.71,12.48,14.71,4833
SDG,2019-08-12,13.29,16.17,13.29,16.17,3610
SDG,2019-08-13,17.73,17.78,17.73,17.78,59800
SDG,2019-08-14,17.68,17.68,17.68,17.68,600
SDG,2019-08-15,17.68,17.68,17.68,17.68,0
SDG,2019-08-16,15.93,16.55,15.93,15.93,39600
SDG,2019-08-19,15.93,17.02,15.93,17.02,237300
SDG,2019-08-20,15.32,15.32,15.32,15.32,100
SDG,2019-08-21,16.31,16.55,16.31,16.55,1200
SDG,2019-08-22,16.55,16.55,16.55,16.55,242
SDG,2019-08-23,16.55,16.55,16.55,16.55,49
SDG,2019-08-26,16.08,16.55,16.08,16.55,7200
SDG,2019-08-27,16.55,16.55,16.55,16.55,183
SDG,2019-08-28,16.55,16.55,16.55,16.55,0
SDG,2019-08-29,16.55,16.55,16.55,16.55,0
SDG,2019-08-30,16.55,16.55,16.55,16.55,0
SDG,2019-09-03,16.55,16.55,16.55,16.55,0
SDG,2019-09-04,16.55,16.55,16.55,16.55,0
SDG,2019-09-05,16.55,16.55,16.55,16.55,0
SDG,2019-09-06,18.16,18.16,18.16,18.16,100
SDG,2019-09-09,18.16,18.16,18.16,18.16,0
SDG,2019-09-10,18.16,18.16,18.16,18.16,0
SDG,2019-09-11,18.16,18.16,18.16,18.16,0
SDG,2019-09-12,18.16,18.16,18.16,18.16,0
SDG,2019-09-13,18.16,18.16,18.16,18.16,0
SDG,2019-09-16,18.16,18.16,18.16,18.16,0
SDG,2019-09-17,19.95,19.95,19.95,19.95,100
SDG,2019-09-18,19.95,19.95,19.95,19.95,0
SDG,2019-09-19,19.95,19.95,19.95,19.95,0
SDG,2019-09-20,19.95,19.95,19.95,19.95,0
SDG,2019-09-23,17.97,19.86,17.97,19.86,400
SDG,2019-09-24,17.87,17.87,17.87,17.87,1000
SDG,2019-09-25,17.87,17.87,17.87,17.87,0
SDG,2019-09-26,17.87,17.87,17.87,17.87,0
SDG,2019-09-27,17.87,17.87,17.87,17.87,0
SDG,2019-09-30,16.17,16.17,16.17,16.17,100
SDG,2019-10-01,14.56,14.56,14.56,14.56,100
SDG,2019-10-02,13.14,13.14,13.14,13.14,100
SDG,2019-10-03,11.92,11.92,11.92,11.92,100
SDG,2019-10-04,10.97,10.97,10.97,10.97,100
SDG,2019-10-07,10.97,10.97,10.97,10.97,10
SDG,2019-10-08,10.97,10.97,10.97,10.97,2000
SDG,2019-10-09,10.97,10.97,10.97,10.97,0
SDG,2019-10-10,10.97,10.97,10.97,10.97,0
SDG,2019-10-11,10.97,10.97,10.97,10.97,0
SDG,2019-10-14,10.97,10.97,10.97,10.97,0
SDG,2019-10-15,10.97,10.97,10.97,10.97,0
SDG,2019-10-16,10.97,10.97,10.97,10.97,0
SDG,2019-10-17,10.97,10.97,10.97,10.97,0
SDG,2019-10-18,10.97,10.97,10.97,10.97,0
SDG,2019-10-21,10.97,10.97,10.97,10.97,0
SDG,2019-10-22,10.97,10.97,10.97,10.97,0
SDG,2019-10-23,12.01,12.01,12.01,12.01,100
SDG,2019-10-24,12.01,12.01,12.01,12.01,100
SDG,2019-10-25,13.19,13.19,13.19,13.19,100
SDG,2019-10-28,14.42,14.42,14.42,14.42,100
SDG,2019-10-29,15.84,15.84,15.84,15.84,100
SDG,2019-10-30,17.4,17.4,17.4,17.4,100
SDG,2019-10-31,17.4,17.4,17.4,17.4,0
SDG,2019-11-01,19.06,19.06,17.4,18.91,1307
SDG,2019-11-04,17.4,17.4,17.4,17.4,900
SDG,2019-11-05,17.4,17.4,17.4,17.4,0
SDG,2019-11-06,17.4,17.4,17.4,17.4,0
SDG,2019-11-07,17.4,17.4,17.4,17.4,0
SDG,2019-11-08,15.7,15.7,15.7,15.7,100
SDG,2019-11-11,17.26,17.26,17.26,17.26,200
SDG,2019-11-12,15.6,15.6,15.6,15.6,100
SDG,2019-11-13,15.7,15.7,15.7,15.7,100
SDG,2019-11-14,17.26,17.26,17.26,17.26,241900
SDG,2019-11-15,17.02,17.02,17.02,17.02,200
SDG,2019-11-18,16.55,17.97,16.55,17.97,200
SDG,2019-11-19,16.55,16.55,16.55,16.55,100
SDG,2019-11-20,16.55,16.55,16.55,16.55,0
SDG,2019-11-21,17.97,17.97,17.97,17.97,100
SDG,2019-11-22,17.97,17.97,17.97,17.97,0
SDG,2019-11-25,17.97,17.97,17.97,17.97,0
SDG,2019-11-26,17.97,17.97,17.97,17.97,0
SDG,2019-11-27,17.97,17.97,17.97,17.97,0
SDG,2019-11-28,17.97,17.97,17.97,17.97,0
SDG,2019-11-29,18.44,18.91,18.44,18.91,164000
SDG,2019-12-02,18.91,18.91,18.91,18.91,314100
SDG,2019-12-03,18.91,18.91,18.91,18.91,500
SDG,2019-12-04,18.91,18.91,18.91,18.91,0
SDG,2019-12-05,18.91,18.91,18.91,18.91,0
SDG,2019-12-06,18.91,18.91,18.91,18.91,0
SDG,2019-12-09,18.91,18.91,18.91,18.91,0
SDG,2019-12-10,18.91,18.91,18.91,18.91,0
SDG,2019-12-11,18.91,18.91,18.91,18.91,0
SDG,2019-12-12,18.91,18.91,18.91,18.91,0
SDG,2019-12-13,18.91,18.91,18.91,18.91,0
SDG,2019-12-16,18.91,18.91,18.91,18.91,0
SDG,2019-12-17,18.91,18.91,18.91,18.91,0
SDG,2019-12-18,18.91,18.91,18.91,18.91,100
SDG,2019-12-19,18.91,18.91,18.91,18.91,0
SDG,2019-12-20,18.91,18.91,18.91,18.91,0
SDG,2019-12-23,18.91,18.91,18.91,18.91,0
SDG,2019-12-24,18.91,18.91,18.91,18.91,0
SDG,2019-12-25,18.91,18.91,18.91,18.91,0
SDG,2019-12-26,18.91,18.91,18.91,18.91,0
SDG,2019-12-27,18.91,18.91,18.91,18.91,0
SDG,2019-12-30,18.91,18.91,18.91,18.91,0
SDG,2019-12-31,18.91,18.91,18.91,18.91,0
SDG,2020-01-02,18.91,18.91,18.91,18.91,0
SDG,2020-01-03,18.91,18.91,18.91,18.91,0
SDG,2020-01-06,18.91,18.91,18.91,18.91,0
SDG,2020-01-07,18.91,18.91,18.91,18.91,0
SDG,2020-01-08,18.91,18.91,18.91,18.91,0
SDG,2020-01-09,18.91,18.91,18.91,18.91,0
SDG,2020-01-10,18.91,18.91,18.91,18.91,0
SDG,2020-01-13,18.91,18.91,18.91,18.91,0
SDG,2020-01-14,18.91,18.91,18.91,18.91,0
SDG,2020-01-15,18.91,18.91,18.91,18.91,0
SDG,2020-01-16,18.91,18.91,18.91,18.91,0
SDG,2020-01-17,18.91,18.91,18.91,18.91,0
SDG,2020-01-20,18.91,18.91,18.91,18.91,0
SDG,2020-01-21,18.91,18.91,18.91,18.91,0
SDG,2020-01-22,18.91,18.91,18.91,18.91,0
SDG,2020-01-30,18.91,18.91,18.91,18.91,0
SDG,2020-01-31,18.91,18.91,18.91,18.91,0
SDG,2020-02-03,18.91,18.91,18.91,18.91,0
SDG,2020-02-04,18.91,18.91,18.91,18.91,0
SDG,2020-02-05,18.91,18.91,18.91,18.91,0
SDG,2020-02-06,18.91,18.91,18.91,18.91,0
SDG,2020-02-07,18.91,18.91,18.91,18.91,0
SDG,2020-02-10,18.91,18.91,18.91,18.91,0
SDG,2020-02-11,18.91,18.91,18.91,18.91,0
SDG,2020-02-12,18.91,18.91,18.91,18.91,0
SDG,2020-02-13,18.91,18.91,18.91,18.91,0
SDG,2020-02-14,18.91,18.91,18.91,18.91,0
SDG,2020-02-17,18.91,18.91,18.91,18.91,0
SDG,2020-02-18,18.91,18.91,18.91,18.91,0
SDG,2020-02-19,18.91,18.91,18.91,18.91,0
SDG,2020-02-20,18.91,18.91,18.91,18.91,0
SDG,2020-02-21,18.91,18.91,18.91,18.91,0
SDG,2020-02-24,18.91,18.91,18.91,18.91,0
SDG,2020-02-25,18.91,18.91,18.91,18.91,0
SDG,2020-02-26,18.91,18.91,18.91,18.91,0
SDG,2020-02-27,18.91,18.91,18.91,18.91,0
SDG,2020-02-28,18.91,18.91,18.91,18.91,0
SDG,2020-03-02,18.91,18.91,18.91,18.91,0
SDG,2020-03-03,18.91,18.91,18.91,18.91,0
SDG,2020-03-04,18.91,18.91,18.91,18.91,0
SDG,2020-03-05,18.91,18.91,18.91,18.91,0
SDG,2020-03-06,18.91,18.91,18.91,18.91,0
SDG,2020-03-09,18.91,18.91,18.91,18.91,0
SDG,2020-03-10,18.91,18.91,18.91,18.91,0
SDG,2020-03-11,18.91,18.91,18.91,18.91,0
SDG,2020-03-12,18.91,18.91,18.91,18.91,0
SDG,2020-03-13,18.91,18.91,18.91,18.91,0
SDG,2020-03-16,18.91,18.91,18.91,18.91,0
SDG,2020-03-17,18.91,18.91,18.91,18.91,0
SDG,2020-03-18,18.91,18.91,18.91,18.91,0
SDG,2020-03-19,18.91,18.91,18.91,18.91,0
SDG,2020-03-20,18.91,18.91,18.91,18.91,0
SDG,2020-03-23,18.91,18.91,18.91,18.91,0
SDG,2020-03-24,18.91,18.91,18.91,18.91,0
SDG,2020-03-25,18.91,18.91,18.91,18.91,0
SDG,2020-03-26,18.91,18.91,18.91,18.91,0
SDG,2020-03-27,18.91,18.91,18.91,18.91,0
SDG,2020-03-30,18.91,18.91,18.91,18.91,0
SDG,2020-03-31,18.91,18.91,18.91,18.91,0
SDG,2020-04-01,18.87,18.87,18.87,18.87,100
SDG,2020-04-03,18.87,18.87,18.87,18.87,0
SDG,2020-04-06,18.87,18.87,18.87,18.87,0
SDG,2020-04-07,18.87,18.87,18.87,18.87,0
SDG,2020-04-08,18.87,18.87,18.87,18.87,0
SDG,2020-04-09,18.87,18.87,18.87,18.87,0
SDG,2020-04-10,18.87,18.87,18.87,18.87,0
SDG,2020-04-13,18.87,18.87,18.87,18.87,0
SDG,2020-04-14,18.87,18.87,18.87,18.87,0
SDG,2020-04-15,18.87,18.87,18.87,18.87,0
SDG,2020-04-16,18.87,18.87,18.87,18.87,0
SDG,2020-04-17,18.87,18.87,18.87,18.87,0
SDG,2020-04-20,17.02,17.02,17.02,17.02,100
SDG,2020-04-21,17.02,17.02,17.02,17.02,0
SDG,2020-04-22,17.02,17.02,17.02,17.02,0
SDG,2020-04-23,17.02,17.02,17.02,17.02,0
SDG,2020-04-24,17.02,17.02,17.02,17.02,0
SDG,2020-04-27,17.02,17.02,17.02,17.02,0
SDG,2020-04-28,17.02,17.02,17.02,17.02,0
SDG,2020-04-29,17.02,17.02,17.02,17.02,0
SDG,2020-05-04,17.02,17.02,17.02,17.02,0
SDG,2020-05-05,17.02,17.02,17.02,17.02,0
SDG,2020-05-06,17.02,17.02,17.02,17.02,10
SDG,2020-05-07,17.02,17.02,17.02,17.02,0
SDG,2020-05-08,17.02,17.02,17.02,17.02,0
SDG,2020-05-11,17.02,17.02,17.02,17.02,0
SDG,2020-05-12,17.02,17.02,17.02,17.02,0
SDG,2020-05-13,17.02,17.02,17.02,17.02,0
SDG,2020-05-14,17.02,17.02,17.02,17.02,0
SDG,2020-05-15,17.02,17.02,17.02,17.02,0
SDG,2020-05-18,17.02,17.02,17.02,17.02,0
SDG,2020-05-19,15.32,15.32,15.32,15.32,200
SDG,2020-05-20,15.32,15.32,15.32,15.32,0
SDG,2020-05-21,15.32,15.32,15.32,15.32,0
SDG,2020-05-22,15.32,15.32,15.32,15.32,0
SDG,2020-05-25,15.32,15.32,15.32,15.32,0
SDG,2020-05-26,15.32,15.32,15.32,15.32,0
SDG,2020-05-27,15.32,15.32,15.32,15.32,0
SDG,2020-05-28,15.32,15.32,15.32,15.32,0
SDG,2020-05-29,15.32,15.32,15.32,15.32,0
SDG,2020-06-01,15.32,15.32,15.32,15.32,0
SDG,2020-06-02,15.32,15.32,15.32,15.32,0
SDG,2020-06-03,15.32,15.32,15.32,15.32,0
SDG,2020-06-04,15.32,15.32,15.32,15.32,0
SDG,2020-06-05,15.32,15.32,15.32,15.32,0
SDG,2020-06-08,16.83,16.83,16.83,16.83,5400
SDG,2020-06-09,16.83,16.83,16.83,16.83,0
SDG,2020-06-10,16.83,16.83,16.83,16.83,0
SDG,2020-06-11,16.83,16.83,16.83,16.83,5400
SDG,2020-06-12,15.18,15.18,15.18,15.18,100
SDG,2020-06-15,13.66,13.66,13.66,13.66,100
SDG,2020-06-16,13.66,13.66,13.66,13.66,0
SDG,2020-06-17,13.66,13.66,13.66,13.66,0
SDG,2020-06-18,13.66,13.66,13.66,13.66,0
SDG,2020-06-19,13.66,13.66,13.66,13.66,0
SDG,2020-06-22,13.66,13.66,13.66,13.66,0
SDG,2020-06-23,13.66,13.66,13.66,13.66,0
SDG,2020-06-24,13.66,13.66,13.66,13.66,0
SDG,2020-06-25,13.66,13.66,13.66,13.66,0
SDG,2020-06-26,12.77,12.77,12.77,12.77,460
SDG,2020-06-29,11.82,11.82,11.82,11.82,300
SDG,2020-06-30,11.82,11.82,11.82,11.82,0
SDG,2020-07-01,11.82,11.82,11.82,11.82,0
SDG,2020-07-02,11.82,11.82,11.82,11.82,0
SDG,2020-07-03,10.64,10.64,10.64,10.64,235
SDG,2020-07-06,10.4,10.4,10.4,10.4,100
SDG,2020-07-07,10.4,10.4,10.4,10.4,0
SDG,2020-07-08,10.4,10.4,10.4,10.4,0
SDG,2020-07-09,10.4,10.4,10.4,10.4,0
SDG,2020-07-10,10.4,10.4,10.4,10.4,0
SDG,2020-07-13,10.4,10.4,10.4,10.4,0
SDG,2020-07-14,10.4,10.4,10.4,10.4,0
SDG,2020-07-15,10.4,10.4,10.4,10.4,0
SDG,2020-07-16,10.4,10.4,10.4,10.4,0
SDG,2020-07-17,10.4,10.4,10.4,10.4,0
SDG,2020-07-20,10.4,10.4,10.4,10.4,0
SDG,2020-07-21,10.4,10.4,10.4,10.4,0
SDG,2020-07-22,10.4,10.4,10.4,10.4,0
SDG,2020-07-23,10.4,10.4,10.4,10.4,0
SDG,2020-07-24,10.4,10.4,10.4,10.4,0
SDG,2020-07-27,10.4,10.4,10.4,10.4,0
SDG,2020-07-28,10.4,10.4,10.4,10.4,0
SDG,2020-07-29,9.55,9.55,9.55,9.55,100
SDG,2020-07-30,9.55,9.55,9.55,9.55,0
SDG,2020-07-31,9.55,9.55,9.55,9.55,0
SDG,2020-08-03,9.22,9.22,9.22,9.22,100
SDG,2020-08-04,9.22,9.22,9.22,9.22,0
SDG,2020-08-05,9.22,9.22,9.22,9.22,0
SDG,2020-08-06,9.22,9.22,9.22,9.22,0
SDG,2020-08-07,9.22,9.22,9.22,9.22,0
SDG,2020-08-10,9.22,9.22,9.22,9.22,0
SDG,2020-08-11,10.12,10.12,10.12,10.12,33065
SDG,2020-08-12,10.12,10.12,10.12,10.12,0
SDG,2020-08-13,10.12,10.12,10.12,10.12,0
SDG,2020-08-14,11.11,11.11,11.11,11.11,2100
SDG,2020-08-17,11.11,11.11,11.11,11.11,0
SDG,2020-08-18,11.11,11.11,11.11,11.11,0
SDG,2020-08-19,11.11,11.11,11.11,11.11,0
SDG,2020-08-20,11.11,11.11,11.11,11.11,0
SDG,2020-08-21,11.11,11.11,11.11,11.11,0
SDG,2020-08-24,11.11,11.11,11.11,11.11,0
SDG,2020-08-25,11.11,11.11,11.11,11.11,0
SDG,2020-08-26,11.11,11.11,11.11,11.11,0
SDG,2020-08-27,10.48,10.48,10.48,10.48,100
SDG,2020-08-28,10.48,10.48,10.48,10.48,0
SDG,2020-08-31,10.48,10.48,10.48,10.48,0
SDG,2020-09-01,10.48,10.48,10.48,10.48,0
SDG,2020-09-03,10.48,10.48,10.48,10.48,0
SDG,2020-09-04,10.48,10.48,10.48,10.48,0
SDG,2020-09-07,10.95,10.95,10.95,10.95,100
SDG,2020-09-08,10.95,10.95,10.95,10.95,0
SDG,2020-09-09,10.95,10.95,10.95,10.95,0
SDG,2020-09-10,12.0,12.0,12.0,12.0,100
SDG,2020-09-11,12.0,12.0,12.0,12.0,0
SDG,2020-09-14,12.0,12.0,12.0,12.0,0
SDG,2020-09-15,11.01,11.01,11.01,11.01,100
SDG,2020-09-16,11.01,11.01,11.01,11.01,0
SDG,2020-09-17,11.01,11.01,11.01,11.01,0
SDG,2020-09-18,11.01,11.01,11.01,11.01,0
SDG,2020-09-21,11.01,11.01,11.01,11.01,80
SDG,2020-09-22,11.01,11.01,11.01,11.01,0
SDG,2020-09-23,11.01,11.01,11.01,11.01,0
SDG,2020-09-24,11.01,11.01,11.01,11.01,75
SDG,2020-09-25,12.1,12.1,12.1,12.1,100
SDG,2020-09-28,13.3,13.3,13.3,13.3,100
SDG,2020-09-29,14.08,14.08,14.08,14.08,492500
SDG,2020-09-30,13.04,13.04,13.04,13.04,100
SDG,2020-10-01,13.04,13.04,13.04,13.04,0
SDG,2020-10-02,13.56,14.34,13.56,14.34,2000
SDG,2020-10-05,14.34,14.34,14.34,14.34,0
SDG,2020-10-06,14.34,14.34,14.34,14.34,0
SDG,2020-10-07,14.71,15.75,14.71,15.75,700
SDG,2020-10-08,17.27,17.27,17.27,17.27,100
SDG,2020-10-09,15.54,15.54,15.54,15.54,100
SDG,2020-10-12,15.54,15.54,15.54,15.54,100
SDG,2020-10-13,15.54,15.54,15.54,15.54,0
SDG,2020-10-14,17.06,17.06,17.06,17.06,100
SDG,2020-10-15,17.06,17.06,17.06,17.06,100
SDG,2020-10-16,17.06,17.06,17.06,17.06,0
SDG,2020-10-19,17.06,17.06,17.06,17.06,0
SDG,2020-10-20,17.06,17.06,15.39,15.39,1100
SDG,2020-10-21,15.39,15.39,15.39,15.39,0
SDG,2020-10-22,15.39,15.39,15.39,15.39,0
SDG,2020-10-23,15.39,15.39,15.39,15.39,1100
SDG,2020-10-26,13.87,15.39,13.87,13.87,700
SDG,2020-10-27,13.04,13.04,13.04,13.04,100
SDG,2020-10-28,14.34,14.34,13.04,13.04,2700
SDG,2020-10-29,14.34,14.34,12.52,12.52,200
SDG,2020-10-30,11.27,11.27,11.27,11.27,100
SDG,2020-11-02,11.27,11.27,11.27,11.27,0
SDG,2020-11-03,11.27,11.27,11.27,11.27,0
SDG,2020-11-04,12.36,12.36,12.36,12.36,100
SDG,2020-11-05,13.56,13.56,13.56,13.56,100
SDG,2020-11-06,14.92,14.92,14.92,14.92,100
SDG,2020-11-09,14.6,16.38,14.6,16.38,200
SDG,2020-11-10,15.13,17.16,14.87,17.16,1400
SDG,2020-11-11,18.78,18.78,15.49,18.73,300
SDG,2020-11-12,18.73,18.73,18.73,18.73,0
SDG,2020-11-13,18.73,18.73,18.73,18.73,0
SDG,2020-11-16,16.9,16.9,16.9,16.9,100
SDG,2020-11-17,16.9,16.9,16.9,16.9,100
SDG,2020-11-18,16.9,16.9,16.9,16.9,0
SDG,2020-11-19,16.9,16.9,16.9,16.9,0
SDG,2020-11-20,15.23,15.28,15.23,15.28,1000
SDG,2020-11-23,15.13,15.13,14.14,14.5,1600
SDG,2020-11-24,14.5,14.5,14.5,14.5,0
SDG,2020-11-25,14.5,14.5,14.5,14.5,0
SDG,2020-11-26,14.5,14.5,14.5,14.5,0
SDG,2020-11-27,14.5,14.5,14.5,14.5,0
SDG,2020-11-30,15.7,15.86,15.13,15.13,1400
SDG,2020-12-01,15.7,15.7,14.71,14.71,200
SDG,2020-12-02,15.86,16.17,15.23,15.23,2200
SDG,2020-12-03,15.23,15.23,15.23,15.23,0
SDG,2020-12-04,16.48,16.74,15.39,15.39,2600
SDG,2020-12-07,16.12,16.9,15.54,15.54,2800
SDG,2020-12-08,15.13,15.13,14.6,14.6,1500
SDG,2020-12-09,15.96,15.96,15.96,15.96,1300
SDG,2020-12-10,15.96,15.96,15.96,15.96,0
SDG,2020-12-11,16.17,16.17,16.17,16.17,1011
SDG,2020-12-14,14.92,14.92,14.6,14.6,3000
SDG,2020-12-15,14.6,14.6,14.6,14.6,59
SDG,2020-12-16,16.07,16.07,16.07,16.07,1000
SDG,2020-12-17,16.07,16.07,16.07,16.07,500
SDG,2020-12-18,16.07,16.07,16.07,16.07,30
SDG,2020-12-21,16.07,16.07,16.07,16.07,0
SDG,2020-12-22,16.07,16.07,16.07,16.07,0
SDG,2020-12-23,16.07,16.07,16.07,16.07,0
SDG,2020-12-24,17.47,17.63,17.47,17.63,3799
SDG,2020-12-25,19.3,19.3,19.3,19.3,500
SDG,2020-12-28,20.86,21.23,20.86,21.23,555
SDG,2020-12-29,22.95,23.32,22.95,23.32,1100
SDG,2020-12-30,25.56,25.56,25.56,25.56,100
SDG,2020-12-31,28.06,28.06,28.06,28.06,110
SDG,2021-01-04,30.83,30.83,30.83,30.83,200
SDG,2021-01-05,33.9,33.9,30.77,33.9,2550
SDG,2021-01-06,37.29,37.29,37.03,37.29,3100
SDG,2021-01-07,41.0,41.0,40.06,41.0,660
SDG,2021-01-08,41.21,41.21,36.93,36.93,840
SDG,2021-01-11,33.29,33.29,33.29,33.29,1850
SDG,2021-01-12,30.0,30.0,30.0,30.0,1060
SDG,2021-01-13,27.06,30.0,27.06,30.0,600
SDG,2021-01-14,30.0,30.0,30.0,30.0,0
SDG,2021-01-15,32.87,32.94,32.87,32.94,506
SDG,2021-01-18,36.22,36.22,36.22,36.22,100
SDG,2021-01-19,39.79,39.79,39.79,39.79,100
SDG,2021-01-20,41.96,41.96,35.87,35.87,800
SDG,2021-01-21,35.87,35.87,35.87,35.87,0
SDG,2021-01-22,35.87,37.76,35.87,37.76,1210
SDG,2021-01-25,37.76,37.76,37.76,37.76,1000
SDG,2021-01-26,37.76,37.76,37.76,37.76,0
SDG,2021-01-27,37.76,37.76,37.76,37.76,0
SDG,2021-01-28,37.76,37.76,37.76,37.76,0
SDG,2021-01-29,33.99,33.99,33.99,33.99,1240
SDG,2021-02-01,30.63,30.63,30.63,30.63,500
SDG,2021-02-02,27.62,27.62,27.62,27.62,100
SDG,2021-02-03,24.89,25.45,24.89,25.24,600
SDG,2021-02-04,27.76,27.76,27.76,27.76,200
SDG,2021-02-05,30.35,30.35,30.35,30.35,100
SDG,2021-02-08,29.58,29.58,29.51,29.51,200
SDG,2021-02-09,31.47,31.47,31.47,31.47,100
SDG,2021-02-17,31.47,31.47,31.47,31.47,300
SDG,2021-02-18,31.47,31.47,31.47,31.47,200
SDG,2021-02-19,31.47,31.47,31.47,31.47,0
SDG,2021-02-22,31.47,31.47,31.47,31.47,0
SDG,2021-02-23,31.47,31.47,31.47,31.47,7
SDG,2021-02-24,31.47,31.47,31.47,31.47,0
SDG,2021-02-25,31.47,31.47,31.47,31.47,0
SDG,2021-02-26,28.67,28.67,28.67,28.67,200
SDG,2021-03-01,28.67,28.67,28.67,28.67,0
SDG,2021-03-02,29.37,31.54,29.37,31.54,500
SDG,2021-03-03,31.54,31.54,31.54,31.54,0
SDG,2021-03-04,31.54,31.54,31.54,31.54,0
SDG,2021-03-05,31.54,31.54,31.54,31.54,0
SDG,2021-03-08,31.54,31.54,31.54,31.54,0
SDG,2021-03-09,32.17,32.17,32.17,32.17,100
SDG,2021-03-10,32.17,32.17,32.17,32.17,0
SDG,2021-03-11,32.17,32.17,32.17,32.17,0
SDG,2021-03-12,32.17,32.17,32.17,32.17,0
SDG,2021-03-15,32.17,32.17,32.17,32.17,0
SDG,2021-03-16,32.17,32.17,32.17,32.17,0
SDG,2021-03-17,32.17,32.17,32.17,32.17,0
SDG,2021-03-18,32.17,32.17,32.17,32.17,0
SDG,2021-03-19,32.17,32.17,32.17,32.17,0
SDG,2021-03-22,32.17,32.17,32.17,32.17,0
SDG,2021-03-23,32.17,32.17,32.17,32.17,0
SDG,2021-03-24,32.17,32.17,32.17,32.17,0
SDG,2021-03-25,32.17,32.17,32.17,32.17,0
SDG,2021-03-26,32.17,32.17,32.17,32.17,0
SDG,2021-03-29,29.37,29.37,29.37,29.37,100
SDG,2021-03-30,29.37,29.37,29.37,29.37,0
SDG,2021-03-31,32.17,32.17,32.17,32.17,200
SDG,2021-04-01,32.17,32.17,32.17,32.17,0
SDG,2021-04-02,32.17,32.17,32.17,32.17,120
SDG,2021-04-05,32.17,32.17,32.17,32.17,0
SDG,2021-04-06,32.17,32.17,32.17,32.17,0
SDG,2021-04-07,32.17,32.17,32.17,32.17,0
SDG,2021-04-08,32.17,32.17,32.17,32.17,0
SDG,2021-04-09,32.17,32.17,32.17,32.17,0
SDG,2021-04-12,32.17,32.17,32.17,32.17,20
SDG,2021-04-13,32.17,32.17,32.17,32.17,20
SDG,2021-04-14,29.37,29.37,29.37,29.37,100
SDG,2021-04-15,29.37,29.37,29.37,29.37,0
SDG,2021-04-16,26.99,26.99,26.99,26.99,100
SDG,2021-04-19,26.99,26.99,26.99,26.99,0
SDG,2021-04-20,24.55,24.55,24.55,24.55,100
SDG,2021-04-22,22.52,22.52,22.52,22.52,100
SDG,2021-04-23,24.48,24.48,24.48,24.48,200
SDG,2021-04-26,24.48,24.48,24.48,24.48,0
SDG,2021-04-27,26.92,26.92,26.92,26.92,300
SDG,2021-04-28,29.58,29.58,24.48,27.97,500
SDG,2021-04-29,27.97,27.97,27.97,27.97,1043200
SDG,2021-05-04,27.97,27.97,27.97,27.97,0
SDG,2021-05-05,27.97,27.97,27.97,27.97,0
SDG,2021-05-06,27.97,27.97,27.97,27.97,0
SDG,2021-05-07,25.87,27.97,25.73,27.97,1300
SDG,2021-05-10,25.87,25.87,25.52,25.52,236
SDG,2021-05-11,25.52,25.52,25.52,25.52,0
SDG,2021-05-12,25.52,25.52,25.52,25.52,0
SDG,2021-05-13,27.48,27.97,27.48,27.97,1213900
SDG,2021-05-14,25.52,25.52,25.38,25.38,300
SDG,2021-05-17,25.38,25.38,25.38,25.38,0
SDG,2021-05-18,25.17,25.17,25.17,25.17,400
SDG,2021-05-19,25.17,25.17,25.17,25.17,170
SDG,2021-05-20,25.17,25.17,25.17,25.17,0
SDG,2021-05-21,25.17,25.17,25.17,25.17,0
SDG,2021-05-24,25.17,25.17,25.17,25.17,15
SDG,2021-05-25,23.71,23.71,23.71,23.71,200
SDG,2021-05-26,23.71,23.71,23.71,23.71,0
SDG,2021-05-27,23.71,23.71,23.71,23.71,0
SDG,2021-05-28,23.08,25.8,23.08,23.71,900
SDG,2021-05-31,23.71,23.71,23.71,23.71,20
SDG,2021-06-01,21.89,26.01,21.89,26.01,700
SDG,2021-06-02,28.6,28.6,28.6,28.6,100
SDG,2021-06-03,25.8,25.8,25.8,25.8,800
SDG,2021-06-04,23.78,23.78,23.78,23.78,400
SDG,2021-06-07,22.45,22.45,22.45,22.45,100
SDG,2021-06-08,22.45,22.45,22.45,22.45,0
SDG,2021-06-09,22.45,22.45,22.45,22.45,0
SDG,2021-06-10,20.63,20.63,20.63,20.63,126
SDG,2021-06-11,20.63,20.63,20.63,20.63,0
SDG,2021-06-14,22.66,22.66,22.66,22.66,100
SDG,2021-06-15,23.38,23.38,23.38,23.38,0
SDG,2021-06-16,24.89,24.89,24.89,24.89,200
SDG,2021-06-17,27.06,27.06,27.06,27.06,100
SDG,2021-06-18,24.53,24.53,24.53,24.53,100
SDG,2021-06-21,22.73,22.73,22.73,22.73,200
SDG,2021-06-22,22.73,22.73,22.73,22.73,0
SDG,2021-06-23,22.73,22.73,22.73,22.73,0
SDG,2021-06-24,22.73,22.73,22.73,22.73,0
SDG,2021-06-25,22.73,22.73,22.73,22.73,0
SDG,2021-06-28,24.89,24.89,23.16,23.16,200
SDG,2021-06-29,23.16,23.16,23.16,23.16,13
SDG,2021-06-30,23.16,23.16,23.16,23.16,0
SDG,2021-07-01,23.16,23.16,23.16,23.16,0
SDG,2021-07-02,23.16,23.16,23.16,23.16,100
SDG,2021-07-05,23.16,23.16,23.16,23.16,0
SDG,2021-07-06,23.16,23.16,23.16,23.16,0
SDG,2021-07-07,23.16,23.16,23.16,23.16,0
SDG,2021-07-08,25.47,25.47,25.47,25.47,200
SDG,2021-07-09,25.47,27.42,25.47,27.42,300
SDG,2021-07-12,27.42,27.42,27.42,27.42,0
SDG,2021-07-13,26.7,27.42,26.7,27.42,200
SDG,2021-07-14,27.42,27.42,27.42,27.42,0
SDG,2021-07-15,27.42,27.42,27.42,27.42,0
SDG,2021-07-16,27.42,27.42,27.42,27.42,0
SDG,2021-07-19,27.42,27.42,27.42,27.42,0
SDG,2021-07-20,27.42,27.42,27.42,27.42,0
SDG,2021-07-21,27.42,27.42,27.42,27.42,0
SDG,2021-07-22,27.42,27.42,27.42,27.42,0
SDG,2021-07-23,27.42,27.42,27.42,27.42,0
SDG,2021-07-26,27.42,27.42,27.42,27.42,0
SDG,2021-07-27,27.42,27.42,27.42,27.42,0
SDG,2021-07-28,27.42,27.42,27.42,27.42,0
SDG,2021-07-29,27.42,27.42,27.42,27.42,0
SDG,2021-07-30,27.42,27.42,27.42,27.42,0
SDG,2021-08-02,27.42,27.42,27.42,27.42,0
SDG,2021-08-03,27.42,27.42,27.42,27.42,0
SDG,2021-08-04,27.42,27.42,27.42,27.42,0
SDG,2021-08-05,27.42,27.42,27.42,27.42,0
SDG,2021-08-06,27.42,27.42,27.42,27.42,0
SDG,2021-08-09,27.42,27.42,27.42,27.42,0
SDG,2021-08-10,27.42,27.42,27.42,27.42,0
SDG,2021-08-11,27.42,27.42,27.42,27.42,0
SDG,2021-08-12,27.42,27.42,27.42,27.42,0
SDG,2021-08-13,27.42,27.42,27.42,27.42,0
SDG,2021-08-16,25.98,29.59,25.98,29.59,1600
SDG,2021-08-17,29.59,29.59,29.59,29.59,0
SDG,2021-08-18,26.63,26.63,26.63,26.63,100
SDG,2021-08-19,26.63,26.63,26.63,26.63,0
SDG,2021-08-20,26.63,26.63,26.63,26.63,0
SDG,2021-08-23,26.63,26.63,26.63,26.63,0
SDG,2021-08-24,26.63,26.63,26.63,26.63,0
SDG,2021-08-25,26.63,26.63,26.63,26.63,0
SDG,2021-08-26,28.07,28.07,28.07,28.07,400
SDG,2021-08-27,28.07,28.07,28.07,28.07,39
SDG,2021-08-30,28.07,28.07,28.07,28.07,0
SDG,2021-08-31,28.07,28.07,28.07,28.07,0
SDG,2021-09-01,28.07,28.07,28.07,28.07,0
SDG,2021-09-06,28.07,28.07,28.07,28.07,0
SDG,2021-09-07,28.07,28.07,28.07,28.07,0
SDG,2021-09-08,28.07,28.07,28.07,28.07,0
SDG,2021-09-09,28.07,28.07,28.07,28.07,0
SDG,2021-09-10,28.07,28.07,28.07,28.07,0
SDG,2021-09-13,28.07,28.07,28.07,28.07,0
SDG,2021-09-14,28.07,28.07,28.07,28.07,0
SDG,2021-09-15,28.07,28.07,28.07,28.07,0
SDG,2021-09-16,28.07,28.07,28.07,28.07,0
SDG,2021-09-17,28.07,28.07,28.07,28.07,0
SDG,2021-09-20,28.07,28.07,28.07,28.07,0
SDG,2021-09-21,28.07,28.07,28.07,28.07,0
SDG,2021-09-22,28.07,28.07,28.07,28.07,0
SDG,2021-09-23,28.07,28.07,28.07,28.07,0
SDG,2021-09-24,28.07,28.07,28.07,28.07,0
SDG,2021-09-27,28.07,28.07,28.07,28.07,0
SDG,2021-09-28,28.07,28.07,28.07,28.07,0
SDG,2021-09-29,28.07,28.07,28.07,28.07,0
SDG,2021-09-30,28.07,28.07,28.07,28.07,0
SDG,2021-10-01,28.07,28.07,28.07,28.07,0
SDG,2021-10-04,28.07,28.07,28.07,28.07,0
SDG,2021-10-05,28.07,28.07,28.07,28.07,0
SDG,2021-10-06,28.07,28.07,28.07,28.07,0
SDG,2021-10-07,28.07,28.07,28.07,28.07,0
SDG,2021-10-08,28.07,28.07,28.07,28.07,0
SDG,2021-10-11,28.07,28.07,28.07,28.07,0
SDG,2021-10-12,28.07,28.07,28.07,28.07,0
SDG,2021-10-13,28.07,28.07,28.07,28.07,0
SDG,2021-10-14,28.07,28.07,28.07,28.07,0
SDG,2021-10-15,28.07,28.07,28.07,28.07,60
SDG,2021-10-18,28.07,28.07,28.07,28.07,0
SDG,2021-10-19,28.07,28.07,28.07,28.07,0
SDG,2021-10-20,28.07,28.07,28.07,28.07,0
SDG,2021-10-21,28.07,28.07,28.07,28.07,0
SDG,2021-10-22,28.07,28.07,28.07,28.07,0
SDG,2021-10-25,28.07,28.07,28.07,28.07,0
SDG,2021-10-26,28.07,28.07,28.07,28.07,0
SDG,2021-10-27,25.33,25.33,25.33,25.33,100
SDG,2021-10-28,25.33,25.33,25.33,25.33,0
SDG,2021-10-29,25.33,25.33,25.33,25.33,0
SDG,2021-11-01,25.33,25.33,25.33,25.33,0
SDG,2021-11-02,22.87,22.87,22.87,22.87,200
SDG,2021-11-03,22.87,25.04,22.08,22.08,1155
SDG,2021-11-04,22.08,24.17,21.58,24.17,800
SDG,2021-11-05,21.79,21.79,21.79,21.79,100
SDG,2021-11-08,21.79,21.79,21.79,21.79,300
SDG,2021-11-09,21.65,21.65,21.65,21.65,100
SDG,2021-11-10,21.65,23.74,21.65,23.74,500
SDG,2021-11-11,23.74,23.74,23.74,23.74,0
SDG,2021-11-12,25.98,25.98,25.98,25.98,100
SDG,2021-11-15,25.98,25.98,25.98,25.98,0
SDG,2021-11-16,25.98,25.98,25.98,25.98,10
SDG,2021-11-17,23.38,23.38,23.38,23.38,1000
SDG,2021-11-18,21.21,21.29,21.21,21.29,210
SDG,2021-11-19,21.29,21.29,21.29,21.29,0
SDG,2021-11-22,22.8,22.8,22.8,22.8,100
SDG,2021-11-23,20.64,20.64,20.64,20.64,100
SDG,2021-11-24,20.64,20.64,20.64,20.64,0
SDG,2021-11-25,18.69,18.69,18.69,18.69,100
SDG,2021-11-26,19.19,20.2,19.19,20.2,200
SDG,2021-11-29,20.93,22.23,20.93,22.23,300
SDG,2021-11-30,22.23,22.23,22.23,22.23,0
SDG,2021-12-01,22.23,22.23,22.23,22.23,0
SDG,2021-12-02,20.28,20.28,20.28,20.28,100
SDG,2021-12-03,21.65,21.65,21.65,21.65,200
SDG,2021-12-06,23.38,23.38,20.78,20.78,905
SDG,2021-12-07,20.78,22.3,19.12,22.3,2200
SDG,2021-12-08,22.3,22.3,22.3,22.3,0
SDG,2021-12-09,20.2,23.74,20.2,23.74,200
SDG,2021-12-10,23.45,23.74,21.43,21.5,1180
SDG,2021-12-13,19.84,19.84,19.77,19.77,200
SDG,2021-12-14,19.77,19.77,19.77,19.77,0
SDG,2021-12-15,21.29,21.29,19.84,21.21,800
SDG,2021-12-16,21.21,21.21,21.21,21.21,0
SDG,2021-12-17,21.21,21.21,21.21,21.21,1
SDG,2021-12-20,21.21,21.21,21.21,21.21,0
SDG,2021-12-21,21.21,21.21,21.21,21.21,620
SDG,2021-12-22,21.21,21.21,21.21,21.21,0
SDG,2021-12-23,21.21,21.21,21.21,21.21,0
SDG,2021-12-24,19.41,19.41,19.41,19.41,100
SDG,2021-12-27,19.41,19.41,19.41,19.41,100
SDG,2021-12-28,19.41,19.41,19.41,19.41,0
SDG,2021-12-29,19.41,19.41,19.41,19.41,0
SDG,2021-12-30,19.41,19.41,19.41,19.41,100
SDG,2021-12-31,19.41,19.41,19.41,19.41,200
SDG,2022-01-04,19.41,19.48,19.41,19.48,400
SDG,2022-01-05,21.36,21.36,21.36,21.36,100
SDG,2022-01-06,20.93,20.93,20.93,20.93,200
SDG,2022-01-07,19.48,21.21,19.12,21.21,300
SDG,2022-01-10,21.21,21.21,21.21,21.21,0
SDG,2022-01-11,20.2,23.02,20.2,23.02,500
SDG,2022-01-12,23.02,23.02,23.02,23.02,0
SDG,2022-01-13,23.02,23.02,23.02,23.02,0
SDG,2022-01-14,20.78,20.78,20.78,20.78,700
SDG,2022-01-17,20.78,20.78,20.78,20.78,0
SDG,2022-01-18,20.78,20.78,20.78,20.78,0
SDG,2022-01-19,20.78,20.78,20.78,20.78,0
SDG,2022-01-20,20.78,20.78,20.78,20.78,0
SDG,2022-01-21,20.78,20.78,20.78,20.78,0
SDG,2022-01-24,20.78,20.78,20.78,20.78,0
SDG,2022-01-25,20.78,20.78,20.78,20.78,0
SDG,2022-01-26,18.76,18.76,18.76,18.76,100
SDG,2022-01-27,18.76,18.76,18.76,18.76,0
SDG,2022-01-28,18.76,18.76,18.76,18.76,0
SDG,2022-02-07,18.76,18.76,18.76,18.76,0
SDG,2022-02-08,17.39,17.39,17.39,17.39,100
SDG,2022-02-09,17.39,17.39,17.39,17.39,0
SDG,2022-02-10,17.39,17.39,17.39,17.39,0
SDG,2022-02-11,15.95,19.12,15.95,19.12,600
SDG,2022-02-14,19.12,19.12,19.12,19.12,200
SDG,2022-02-15,19.12,19.12,19.12,19.12,0
SDG,2022-02-16,20.93,20.93,20.93,20.93,100
SDG,2022-02-17,20.93,20.93,20.93,20.93,0
SDG,2022-02-18,22.3,22.3,22.3,22.3,100
SDG,2022-02-21,22.3,22.3,22.3,22.3,0
SDG,2022-02-22,23.74,23.74,23.74,23.74,100
SDG,2022-02-23,23.74,23.74,23.74,23.74,0
SDG,2022-02-24,23.74,23.74,23.74,23.74,0
SDG,2022-02-25,23.74,23.74,23.74,23.74,0
SDG,2022-02-28,23.74,23.74,23.74,23.74,0
SDG,2022-03-01,23.74,23.74,23.74,23.74,0
SDG,2022-03-02,23.74,23.74,23.74,23.74,0
SDG,2022-03-03,23.74,23.74,23.74,23.74,0
SDG,2022-03-04,23.74,23.74,23.74,23.74,0
SDG,2022-03-07,23.74,23.74,23.74,23.74,0
SDG,2022-03-08,23.74,23.74,23.74,23.74,0
SDG,2022-03-09,23.74,23.74,23.74,23.74,10
SDG,2022-03-10,23.74,23.74,23.74,23.74,0
SDG,2022-03-11,23.74,23.74,23.74,23.74,10
SDG,2022-03-14,21.43,21.5,21.43,21.5,2200
SDG,2022-03-15,21.43,23.38,21.43,23.38,500
SDG,2022-03-16,23.38,23.38,23.38,23.38,0
SDG,2022-03-17,23.38,23.38,23.09,23.09,1500
SDG,2022-03-18,23.09,23.09,23.09,23.09,500
SDG,2022-03-21,21.5,21.5,21.5,21.5,100
SDG,2022-03-22,21.5,22.95,21.5,22.95,423
SDG,2022-03-23,20.93,20.93,20.93,20.93,143
SDG,2022-03-24,22.73,22.73,22.73,22.73,284
SDG,2022-03-25,20.49,22.44,20.49,22.44,903
SDG,2022-03-28,22.8,22.8,20.35,20.35,266
SDG,2022-03-29,22.15,22.15,20.35,20.35,442
SDG,2022-03-30,20.35,20.35,20.35,20.35,4
SDG,2022-03-31,22.01,22.01,20.35,20.35,523
SDG,2022-04-01,20.35,20.35,20.35,20.35,0
SDG,2022-04-04,20.35,20.57,20.35,20.57,1700
SDG,2022-04-05,21.65,21.65,21.65,21.65,1000
SDG,2022-04-06,21.65,21.65,21.65,21.65,25
SDG,2022-04-07,21.58,21.72,21.58,21.72,1300
SDG,2022-04-08,21.72,21.72,21.72,21.72,0
SDG,2022-04-12,21.72,21.72,21.72,21.72,9
SDG,2022-04-13,23.88,23.88,23.88,23.88,752
SDG,2022-04-14,26.27,26.27,26.27,26.27,1900
SDG,2022-04-15,26.27,26.27,26.27,26.27,0
SDG,2022-04-18,26.27,26.27,26.27,26.27,0
SDG,2022-04-19,26.27,28.86,26.27,28.79,952100
SDG,2022-04-20,28.79,28.79,28.79,28.79,30
SDG,2022-04-21,25.98,28.86,25.98,26.05,3700
SDG,2022-04-22,26.05,26.05,26.05,26.05,100
SDG,2022-04-25,23.45,23.45,23.45,23.45,400
SDG,2022-04-26,23.45,23.45,23.45,23.45,0
SDG,2022-04-27,23.45,23.45,23.45,23.45,130
SDG,2022-04-28,21.14,21.14,21.14,21.14,440
SDG,2022-04-29,19.12,19.12,19.05,19.12,3300
SDG,2022-05-04,19.12,20.93,17.68,20.93,900
SDG,2022-05-05,20.93,20.93,20.93,20.93,0
SDG,2022-05-06,18.83,22.3,18.83,22.3,300
SDG,2022-05-09,23.74,23.74,23.74,23.74,100
SDG,2022-05-10,23.74,23.74,23.74,23.74,0
SDG,2022-05-11,23.74,23.74,23.74,23.74,0
SDG,2022-05-12,23.74,23.74,23.74,23.74,0
SDG,2022-05-13,23.74,23.74,23.74,23.74,0
SDG,2022-05-16,25.18,25.18,25.18,25.18,100
SDG,2022-05-17,25.18,25.18,25.18,25.18,0
SDG,2022-05-18,25.18,25.18,25.18,25.18,0
SDG,2022-05-19,25.18,25.18,25.18,25.18,0
SDG,2022-05-20,25.18,25.18,25.18,25.18,0
SDG,2022-05-23,25.18,25.18,25.18,25.18,0
SDG,2022-05-24,22.73,22.73,22.73,22.73,200
SDG,2022-05-25,20.49,20.49,20.49,20.49,700
SDG,2022-05-26,20.57,20.57,20.57,20.57,2000
SDG,2022-05-27,20.57,20.57,20.57,20.57,0
SDG,2022-05-30,20.57,20.57,20.57,20.57,300
SDG,2022-05-31,21.58,21.58,21.58,21.58,100
SDG,2022-06-01,19.56,21.5,19.48,21.5,900
SDG,2022-06-02,19.41,19.63,19.41,19.63,2800
SDG,2022-06-03,18.04,19.48,17.68,19.48,2300
SDG,2022-06-06,17.82,20.78,17.82,20.78,200
SDG,2022-06-07,20.78,20.78,20.78,20.78,0
SDG,2022-06-08,18.76,20.64,18.76,20.64,1600
SDG,2022-06-09,20.64,20.64,20.64,20.64,0
SDG,2022-06-10,20.64,20.64,20.64,20.64,0
SDG,2022-06-13,18.62,20.13,18.62,20.13,200
SDG,2022-06-14,20.13,20.13,20.13,20.13,0
SDG,2022-06-15,18.18,18.18,18.18,18.18,100
SDG,2022-06-16,16.45,18.04,16.45,18.04,1900
SDG,2022-06-17,19.77,19.77,19.48,19.7,300
SDG,2022-06-20,19.7,19.7,19.7,19.7,0
SDG,2022-06-21,21.58,21.58,21.58,21.58,100
SDG,2022-06-22,21.58,21.58,21.58,21.58,0
SDG,2022-06-23,19.48,21.94,19.48,21.94,1300
SDG,2022-06-24,19.77,19.77,19.77,19.77,200
SDG,2022-06-27,17.82,19.7,17.82,19.56,2200
SDG,2022-06-28,17.61,17.61,17.61,17.61,800
SDG,2022-06-29,17.31,18.36,17.31,18.36,1100
SDG,2022-06-30,18.36,18.36,18.36,18.36,0
SDG,2022-07-01,18.36,18.36,18.36,18.36,0
SDG,2022-07-04,18.06,18.06,18.06,18.06,1000
SDG,2022-07-05,16.25,17.91,16.25,17.91,200
SDG,2022-07-06,17.91,17.91,17.91,17.91,0
SDG,2022-07-07,17.91,17.91,17.91,17.91,0
SDG,2022-07-08,17.91,17.91,17.91,17.91,0
SDG,2022-07-11,17.91,17.91,17.91,17.91,0
SDG,2022-07-12,17.91,17.91,17.91,17.91,0
SDG,2022-07-13,17.91,17.91,17.91,17.91,0
SDG,2022-07-14,17.91,17.91,17.91,17.91,0
SDG,2022-07-15,17.91,17.91,17.91,17.91,50
SDG,2022-07-18,17.83,17.91,17.83,17.91,200
SDG,2022-07-19,17.91,17.91,17.91,17.91,0
SDG,2022-07-20,17.91,17.91,17.91,17.91,0
SDG,2022-07-21,17.91,17.91,17.91,17.91,0
SDG,2022-07-22,17.91,17.91,17.91,17.91,0
SDG,2022-07-25,17.91,17.91,17.91,17.91,0
SDG,2022-07-26,17.91,17.91,17.91,17.91,200
SDG,2022-07-27,17.91,17.91,17.91,17.91,0
SDG,2022-07-28,17.91,17.91,17.91,17.91,0
SDG,2022-07-29,17.91,17.91,17.91,17.91,0
SDG,2022-08-01,17.91,18.59,17.91,18.28,700
SDG,2022-08-02,18.28,18.28,18.28,18.28,0
SDG,2022-08-03,18.28,18.28,18.28,18.28,300
SDG,2022-08-04,18.28,18.28,18.28,18.28,300
SDG,2022-08-05,18.28,18.28,18.28,18.28,300
SDG,2022-08-08,18.28,18.28,18.28,18.28,200
SDG,2022-08-09,18.28,18.28,18.28,18.28,0
SDG,2022-08-10,18.28,18.28,18.28,18.28,100
SDG,2022-08-11,19.86,19.86,18.28,18.28,300
SDG,2022-08-12,18.28,18.28,18.28,18.28,0
SDG,2022-08-15,17.31,17.31,16.55,17.31,2800
SDG,2022-08-16,17.31,17.31,17.31,17.31,1500
SDG,2022-08-17,17.31,17.31,17.31,17.31,100
SDG,2022-08-18,17.31,17.31,17.31,17.31,300
SDG,2022-08-19,15.58,15.58,15.58,15.58,500
SDG,2022-08-22,15.58,15.58,15.58,15.58,100
SDG,2022-08-23,15.58,15.58,15.58,15.58,0
SDG,2022-08-24,17.01,17.01,17.01,17.01,100
SDG,2022-08-25,18.06,18.06,18.06,18.06,100
SDG,2022-08-26,18.06,18.06,18.06,18.06,0
SDG,2022-08-29,18.06,18.06,18.06,18.06,0
SDG,2022-08-30,18.06,18.06,18.06,18.06,0
SDG,2022-08-31,18.06,18.06,18.06,18.06,0
SDG,2022-09-05,18.06,18.06,18.06,18.06,0
SDG,2022-09-06,18.06,18.06,18.06,18.06,0
SDG,2022-09-07,18.06,18.06,18.06,18.06,0
SDG,2022-09-08,18.06,18.06,18.06,18.06,0
SDG,2022-09-09,18.06,18.06,18.06,18.06,0
SDG,2022-09-12,16.55,16.55,16.25,16.55,500
SDG,2022-09-13,16.55,16.55,16.55,16.55,0
SDG,2022-09-14,16.55,16.55,16.55,16.55,0
SDG,2022-09-15,16.55,16.55,16.55,16.55,0
SDG,2022-09-16,16.55,16.55,16.55,16.55,192
SDG,2022-09-19,15.05,15.05,15.05,15.05,200
SDG,2022-09-20,15.05,15.05,15.05,15.05,202
SDG,2022-09-21,15.05,15.05,15.05,15.05,0
SDG,2022-09-22,15.05,15.05,15.05,15.05,0
SDG,2022-09-23,15.05,15.05,15.05,15.05,100
SDG,2022-09-26,15.05,15.05,15.05,15.05,0
SDG,2022-09-27,15.05,15.05,15.05,15.05,0
SDG,2022-09-28,15.05,15.05,15.05,15.05,42
SDG,2022-09-29,15.05,15.05,15.05,15.05,0
SDG,2022-09-30,15.05,15.05,15.05,15.05,0
SDG,2022-10-03,15.05,15.05,15.05,15.05,0
SDG,2022-10-04,15.05,15.05,15.05,15.05,0
SDG,2022-10-05,15.05,15.05,15.05,15.05,0
SDG,2022-10-06,16.48,16.48,16.48,16.48,100
SDG,2022-10-07,16.48,16.48,16.48,16.48,0
SDG,2022-10-10,16.48,16.48,16.48,16.48,1
SDG,2022-10-11,16.48,16.48,16.48,16.48,0
SDG,2022-10-12,16.48,16.48,16.48,16.48,0
SDG,2022-10-13,16.48,16.48,16.48,16.48,0
SDG,2022-10-14,16.48,16.48,16.48,16.48,0
SDG,2022-10-17,16.48,16.48,16.48,16.48,0
SDG,2022-10-18,16.48,16.48,16.48,16.48,0
SDG,2022-10-19,16.48,16.48,16.48,16.48,0
SDG,2022-10-20,16.48,16.48,16.48,16.48,0
SDG,2022-10-21,16.48,16.48,16.48,16.48,82
SDG,2022-10-24,16.48,16.48,16.48,16.48,41
SDG,2022-10-25,16.48,16.48,16.48,16.48,0
SDG,2022-10-26,14.9,17.98,14.9,14.9,800
SDG,2022-10-27,13.47,13.47,13.47,13.47,100
SDG,2022-10-28,12.42,14.75,12.26,14.75,1350
SDG,2022-10-31,13.32,13.32,13.32,13.32,200
SDG,2022-11-01,12.42,14.52,12.42,14.52,365
SDG,2022-11-02,13.17,14.22,13.09,13.09,500
SDG,2022-11-03,12.11,14.22,12.11,12.26,300
SDG,2022-11-04,11.44,13.47,11.44,13.47,200
SDG,2022-11-07,14.6,14.6,14.6,14.6,100
SDG,2022-11-08,13.17,14.45,13.17,14.45,200
SDG,2022-11-09,15.8,15.8,15.8,15.8,100
SDG,2022-11-10,15.8,15.8,15.8,15.8,0
SDG,2022-11-11,15.8,15.8,15.8,15.8,0
SDG,2022-11-14,15.8,15.8,15.8,15.8,0
SDG,2022-11-15,15.8,15.8,15.8,15.8,0
SDG,2022-11-16,15.8,15.8,15.8,15.8,1
SDG,2022-11-17,15.8,15.8,15.8,15.8,0
SDG,2022-11-18,15.8,15.8,15.8,15.8,0
SDG,2022-11-21,15.8,15.8,15.8,15.8,0
SDG,2022-11-22,15.8,15.8,15.8,15.8,0
SDG,2022-11-23,15.8,15.8,15.8,15.8,0
SDG,2022-11-24,15.8,15.8,15.8,15.8,0
SDG,2022-11-25,14.22,14.22,14.22,14.22,138
SDG,2022-11-28,12.87,14.82,12.87,14.82,606
SDG,2022-11-29,13.39,13.39,13.39,13.39,600
SDG,2022-11-30,13.39,13.39,13.39,13.39,0
SDG,2022-12-01,13.39,13.39,13.39,13.39,0
SDG,2022-12-02,12.26,14.3,12.26,12.42,600
SDG,2022-12-05,12.42,12.42,12.42,12.42,100
SDG,2022-12-06,12.57,12.57,12.49,12.49,626
SDG,2022-12-07,13.62,13.62,13.62,13.62,100
SDG,2022-12-08,13.62,13.62,13.62,13.62,0
SDG,2022-12-09,13.62,13.62,13.62,13.62,113
SDG,2022-12-12,13.54,13.54,13.54,13.54,200
SDG,2022-12-13,13.54,13.54,13.54,13.54,0
SDG,2022-12-14,13.54,13.54,13.54,13.54,0
SDG,2022-12-15,13.54,13.54,13.54,13.54,0
SDG,2022-12-16,14.82,14.82,14.82,14.82,100
SDG,2022-12-19,16.03,16.03,16.03,16.03,119
SDG,2022-12-20,16.03,16.03,16.03,16.03,0
SDG,2022-12-21,16.03,16.03,16.03,16.03,0
SDG,2022-12-22,16.03,16.03,16.03,16.03,0
SDG,2022-12-23,16.03,16.03,16.03,16.03,6
SDG,2022-12-26,16.03,16.03,16.03,16.03,1
SDG,2022-12-27,16.03,16.03,16.03,16.03,0
SDG,2022-12-28,16.03,16.03,16.03,16.03,0
SDG,2022-12-29,16.03,16.03,16.03,16.03,0
SDG,2022-12-30,16.03,16.03,16.03,16.03,0
SDG,2023-01-03,16.03,16.03,16.03,16.03,6
SDG,2023-01-04,16.03,16.03,16.03,16.03,0
SDG,2023-01-05,16.03,16.03,16.03,16.03,0
SDG,2023-01-06,16.03,16.03,16.03,16.03,0
SDG,2023-01-09,16.03,16.03,16.03,16.03,0
SDG,2023-01-10,16.03,16.03,16.03,16.03,4
SDG,2023-01-11,16.03,16.03,16.03,16.03,0
SDG,2023-01-12,16.03,16.03,16.03,16.03,0
SDG,2023-01-13,16.03,16.03,16.03,16.03,0
SDG,2023-01-16,16.03,16.03,16.03,16.03,0
SDG,2023-01-17,16.03,16.03,16.03,16.03,0
SDG,2023-01-18,16.03,16.03,16.03,16.03,0
SDG,2023-01-19,16.03,16.03,16.03,16.03,0
SDG,2023-01-27,16.03,16.03,16.03,16.03,0
SDG,2023-01-30,16.03,16.03,16.03,16.03,0
SDG,2023-01-31,16.03,16.03,16.03,16.03,0
SDG,2023-02-01,16.03,16.03,16.03,16.03,0
SDG,2023-02-02,16.03,16.03,16.03,16.03,0
SDG,2023-02-03,14.45,14.45,14.45,14.45,900
SDG,2023-02-06,14.45,14.45,14.45,14.45,0
SDG,2023-02-07,14.45,14.45,14.45,14.45,0
SDG,2023-02-08,14.45,14.45,14.45,14.45,0
SDG,2023-02-09,14.45,14.45,14.45,14.45,1000
SDG,2023-02-10,14.45,14.45,14.45,14.45,0
SDG,2023-02-13,14.45,14.45,14.45,14.45,0
SDG,2023-02-14,15.05,15.05,13.09,13.09,200
SDG,2023-02-15,13.09,13.09,13.09,13.09,100
SDG,2023-02-16,11.89,11.89,11.89,11.89,100
SDG,2023-02-17,11.89,11.89,11.89,11.89,0
SDG,2023-02-20,10.91,10.91,10.91,10.91,100
SDG,2023-02-21,10.31,10.31,10.31,10.31,100
SDG,2023-02-22,10.31,10.31,10.31,10.31,0
SDG,2023-02-23,11.29,11.29,9.78,9.78,200
SDG,2023-02-24,9.78,9.78,9.78,9.78,2
SDG,2023-02-27,9.78,9.78,9.78,9.78,0
SDG,2023-02-28,9.78,9.78,9.78,9.78,0
SDG,2023-03-01,10.76,10.76,10.76,10.76,101
SDG,2023-03-02,10.91,11.81,10.91,11.81,924
SDG,2023-03-03,11.81,11.81,11.81,11.81,0
SDG,2023-03-06,12.87,12.87,10.91,10.91,200
SDG,2023-03-07,11.96,11.96,11.96,11.96,400
SDG,2023-03-08,12.57,12.57,11.14,11.14,200
SDG,2023-03-09,12.19,12.19,12.19,12.19,200
SDG,2023-03-10,12.19,12.19,12.19,12.19,0
SDG,2023-03-13,12.19,12.19,12.19,12.19,0
SDG,2023-03-14,12.19,12.19,12.19,12.19,0
SDG,2023-03-15,11.06,11.06,11.06,11.06,100
SDG,2023-03-16,12.04,12.11,12.04,12.11,400
SDG,2023-03-17,12.11,12.11,12.11,12.11,0
SDG,2023-03-20,12.11,12.11,12.11,12.11,0
SDG,2023-03-21,12.11,12.11,12.11,12.11,0
SDG,2023-03-22,10.91,10.91,10.91,10.91,100
SDG,2023-03-23,11.96,11.96,11.96,11.96,100
SDG,2023-03-24,11.96,11.96,11.96,11.96,0
SDG,2023-03-27,11.96,11.96,11.96,11.96,0
SDG,2023-03-28,11.96,11.96,11.96,11.96,0
SDG,2023-03-29,11.96,11.96,11.96,11.96,0
SDG,2023-03-30,11.96,11.96,11.96,11.96,0
SDG,2023-03-31,11.29,11.29,11.29,11.29,100
SDG,2023-04-03,11.81,11.81,11.81,11.81,100
SDG,2023-04-04,11.81,11.81,11.81,11.81,0
SDG,2023-04-05,11.81,11.81,11.81,11.81,0
SDG,2023-04-06,12.42,12.42,12.42,12.42,100
SDG,2023-04-07,11.21,11.21,11.21,11.21,100
SDG,2023-04-10,11.21,11.21,11.21,11.21,0
SDG,2023-04-11,11.21,11.21,11.21,11.21,0
SDG,2023-04-12,10.38,10.38,10.38,10.38,100
SDG,2023-04-13,11.36,11.36,11.36,11.36,600
SDG,2023-04-14,11.36,11.36,11.36,11.36,0
SDG,2023-04-17,11.36,11.36,11.36,11.36,0
SDG,2023-04-18,11.96,11.96,11.96,11.96,100
SDG,2023-04-19,11.96,11.96,11.96,11.96,0
SDG,2023-04-20,11.96,11.96,11.96,11.96,0
SDG,2023-04-21,10.99,12.94,10.91,12.94,800
SDG,2023-04-24,12.64,12.64,12.64,12.64,100
SDG,2023-04-25,11.96,12.72,11.96,12.04,319
SDG,2023-04-26,12.04,12.04,12.04,12.04,1100
SDG,2023-04-27,11.21,13.24,11.21,13.24,200
SDG,2023-04-28,13.24,13.24,13.24,13.24,0
SDG,2023-05-04,11.96,11.96,11.96,11.96,100
SDG,2023-05-05,11.96,11.96,11.96,11.96,0
SDG,2023-05-08,11.96,11.96,11.96,11.96,0
SDG,2023-05-09,12.04,12.04,10.91,10.91,200
SDG,2023-05-10,10.91,10.91,10.91,10.91,0
SDG,2023-05-11,11.29,11.29,11.29,11.29,100
SDG,2023-05-12,11.29,11.29,11.29,11.29,1
SDG,2023-05-15,11.29,11.29,11.29,11.29,0
SDG,2023-05-16,10.23,10.23,10.23,10.23,100
SDG,2023-05-17,11.21,11.21,11.21,11.21,101
SDG,2023-05-18,10.23,10.23,10.23,10.23,100
SDG,2023-05-19,9.48,9.48,9.48,9.48,100
SDG,2023-05-22,10.38,10.38,10.38,10.38,1600
SDG,2023-05-23,11.36,11.36,11.36,11.36,300
SDG,2023-05-24,11.36,11.36,11.36,11.36,0
SDG,2023-05-25,10.46,12.42,10.46,12.42,300
SDG,2023-05-26,13.47,13.47,13.47,13.47,101
SDG,2023-05-29,13.47,13.47,13.47,13.47,10
SDG,2023-05-30,14.3,14.6,12.19,14.6,500
SDG,2023-05-31,14.6,14.6,14.6,14.6,0
SDG,2023-06-01,14.6,14.6,14.6,14.6,0
SDG,2023-06-02,14.6,14.6,14.6,14.6,1
SDG,2023-06-05,13.17,15.73,13.17,13.17,1500
SDG,2023-06-06,13.17,13.17,13.17,13.17,0
SDG,2023-06-07,11.89,11.89,11.89,11.89,410
SDG,2023-06-08,11.89,11.89,10.84,10.91,1100
SDG,2023-06-09,10.91,10.91,10.91,10.91,0
SDG,2023-06-12,10.91,10.91,10.91,10.91,0
SDG,2023-06-13,11.96,11.96,11.96,11.96,180
SDG,2023-06-14,11.96,11.96,11.96,11.96,0
SDG,2023-06-15,10.91,10.91,10.84,10.84,1420
SDG,2023-06-16,10.84,10.84,10.84,10.84,0
SDG,2023-06-19,10.84,11.06,10.84,11.06,200
SDG,2023-06-20,11.06,11.06,11.06,11.06,0
SDG,2023-06-21,11.06,11.06,11.06,11.06,0
SDG,2023-06-22,12.04,12.04,12.04,12.04,900
SDG,2023-06-23,12.04,12.04,12.04,12.04,0
SDG,2023-06-26,12.04,12.04,12.04,12.04,0
SDG,2023-06-27,12.04,12.04,12.04,12.04,0
SDG,2023-06-28,12.04,12.04,12.04,12.04,0
SDG,2023-06-29,12.04,12.04,12.04,12.04,0
SDG,2023-06-30,11.29,11.29,11.29,11.29,200
SDG,2023-07-03,11.29,11.29,11.29,11.29,0
SDG,2023-07-04,11.29,11.29,11.29,11.29,0
SDG,2023-07-05,12.42,12.42,12.42,12.42,100
SDG,2023-07-06,13.47,13.47,13.47,13.47,100
SDG,2023-07-07,12.19,13.39,12.19,13.39,500
SDG,2023-07-10,13.39,13.39,13.39,13.39,0
SDG,2023-07-11,14.22,14.3,12.26,14.3,400
SDG,2023-07-12,12.87,14.22,12.87,14.22,200
SDG,2023-07-13,12.94,14.52,12.94,14.52,200
SDG,2023-07-14,14.52,14.52,14.52,14.52,0
SDG,2023-07-17,15.65,15.65,13.17,15.43,414
SDG,2023-07-18,15.43,15.43,15.43,15.43,0
SDG,2023-07-19,14.0,14.0,13.92,13.92,1200
SDG,2023-07-20,13.92,13.92,13.92,13.92,0
SDG,2023-07-21,13.92,13.92,13.92,13.92,0
SDG,2023-07-24,13.92,13.92,13.92,13.92,0
SDG,2023-07-25,13.92,13.92,13.92,13.92,0
SDG,2023-07-26,13.92,13.92,13.92,13.92,0
SDG,2023-07-27,13.92,13.92,13.92,13.92,0
SDG,2023-07-28,13.92,13.92,13.92,13.92,0
SDG,2023-07-31,13.92,13.92,13.92,13.92,0
SDG,2023-08-01,12.87,12.87,12.57,12.57,1540
SDG,2023-08-02,12.57,12.57,12.57,12.57,0
SDG,2023-08-03,12.57,12.57,12.57,12.57,0
SDG,2023-08-04,12.57,12.57,12.57,12.57,0
SDG,2023-08-07,12.79,13.77,12.79,13.77,700
SDG,2023-08-08,14.3,14.3,14.3,14.3,500
SDG,2023-08-09,14.6,15.73,14.6,15.73,6340
SDG,2023-08-10,17.23,17.23,16.85,17.23,4500
SDG,2023-08-11,17.31,17.31,17.31,17.31,2500
SDG,2023-08-14,17.38,17.38,17.38,17.38,800
SDG,2023-08-15,17.38,18.89,17.38,18.89,1637
SDG,2023-08-16,18.74,18.89,18.74,18.89,4800
SDG,2023-08-17,18.81,18.89,18.81,18.89,400
SDG,2023-08-18,18.89,18.89,18.89,18.89,300
SDG,2023-08-21,18.64,18.64,18.64,18.64,100
SDG,2023-08-22,18.64,18.64,18.64,18.64,0
SDG,2023-08-23,18.64,18.64,18.64,18.64,0
SDG,2023-08-24,18.64,18.64,18.64,18.64,0
SDG,2023-08-25,18.64,18.64,18.64,18.64,1
SDG,2023-08-28,18.64,18.64,18.64,18.64,1
SDG,2023-08-29,18.64,18.64,18.64,18.64,0
SDG,2023-08-30,18.64,18.64,18.64,18.64,0
SDG,2023-08-31,18.64,18.64,18.64,18.64,100
SDG,2023-09-05,18.4,18.4,18.4,18.4,100
SDG,2023-09-06,18.4,18.4,18.4,18.4,0
SDG,2023-09-07,17.17,17.17,17.17,17.17,100
SDG,2023-09-08,17.17,17.17,17.17,17.17,1
SDG,2023-09-11,17.17,17.17,17.17,17.17,0
SDG,2023-09-12,17.17,17.17,17.17,17.17,0
SDG,2023-09-13,17.17,17.17,17.17,17.17,0
SDG,2023-09-14,17.17,17.17,17.17,17.17,0
SDG,2023-09-15,15.53,15.53,15.53,15.53,100
SDG,2023-09-18,15.53,15.53,15.53,15.53,0
SDG,2023-09-19,15.53,15.53,15.53,15.53,0
SDG,2023-09-20,13.98,14.06,13.98,13.98,1000
SDG,2023-09-21,13.98,13.98,13.98,13.98,74
SDG,2023-09-22,13.98,13.98,13.98,13.98,0
SDG,2023-09-25,12.75,12.75,12.75,12.75,400
SDG,2023-09-26,11.86,11.86,11.61,11.61,7100
SDG,2023-09-27,11.61,11.61,11.61,11.61,2000
SDG,2023-09-28,12.67,12.67,12.67,12.67,100
SDG,2023-09-29,13.74,13.74,13.74,13.74,103
SDG,2023-10-02,14.96,14.96,13.08,14.55,800
SDG,2023-10-03,15.86,15.86,15.86,15.86,100
SDG,2023-10-04,17.33,17.33,17.33,17.33,100
SDG,2023-10-05,17.33,17.33,17.33,17.33,0
SDG,2023-10-06,17.33,17.33,17.33,17.33,0
SDG,2023-10-09,17.33,17.33,17.33,17.33,0
SDG,2023-10-10,17.33,17.33,17.33,17.33,0
SDG,2023-10-11,17.33,17.33,17.33,17.33,0
SDG,2023-10-12,15.62,15.62,15.62,15.62,100
SDG,2023-10-13,15.62,15.62,15.62,15.62,0
SDG,2023-10-16,14.06,14.06,14.06,14.06,100
SDG,2023-10-17,12.67,12.67,12.67,12.67,100
SDG,2023-10-18,12.59,12.59,11.61,11.61,1100
SDG,2023-10-19,11.61,12.67,11.61,12.67,600
SDG,2023-10-20,12.75,12.75,12.75,12.75,7000
SDG,2023-10-23,12.75,12.75,12.75,12.75,0
SDG,2023-10-24,13.82,13.82,13.82,13.82,200
SDG,2023-10-25,14.31,14.31,14.31,14.31,200
SDG,2023-10-26,14.31,14.31,14.31,14.31,0
SDG,2023-10-27,14.31,14.31,14.31,14.31,0
SDG,2023-10-30,15.13,15.13,15.13,15.13,100
SDG,2023-10-31,13.65,15.62,13.65,15.62,5600
SDG,2023-11-01,17.09,17.09,17.09,17.09,611
SDG,2023-11-02,15.45,18.64,15.45,18.64,1000
SDG,2023-11-03,19.13,20.44,18.97,20.44,6700
SDG,2023-11-06,20.44,20.44,20.44,20.44,0
SDG,2023-11-07,20.44,22.48,20.44,22.48,1500
SDG,2023-11-08,22.48,22.48,22.48,22.48,0
SDG,2023-11-09,20.28,20.28,20.28,20.28,100
SDG,2023-11-10,19.46,19.46,18.31,18.31,500
SDG,2023-11-13,16.6,16.6,16.52,16.52,1500
SDG,2023-11-14,14.88,14.88,14.88,14.88,301
SDG,2023-11-15,14.88,14.88,13.41,13.57,1200
SDG,2023-11-16,13.57,13.57,13.57,13.57,0
SDG,2023-11-17,13.57,13.57,13.57,13.57,300
SDG,2023-11-20,13.57,13.57,13.57,13.57,0
SDG,2023-11-21,13.57,13.57,13.57,13.57,0
SDG,2023-11-22,13.57,13.57,13.57,13.57,0
SDG,2023-11-23,12.84,12.84,12.43,12.43,1000
SDG,2023-11-24,12.43,12.43,12.43,12.43,0
SDG,2023-11-27,12.43,12.43,12.43,12.43,0
SDG,2023-11-28,12.43,12.43,12.43,12.43,0
SDG,2023-11-29,13.25,13.25,13.16,13.16,300
SDG,2023-11-30,13.16,13.16,13.16,13.16,0
SDG,2023-12-01,13.16,13.16,13.16,13.16,700
SDG,2023-12-04,14.39,14.39,14.39,14.39,100
SDG,2023-12-05,13.0,13.08,13.0,13.0,1700
SDG,2023-12-06,13.0,13.0,13.0,13.0,500
SDG,2023-12-07,13.08,13.33,13.08,13.33,300
SDG,2023-12-08,14.47,14.47,14.47,14.47,100
SDG,2023-12-11,13.08,13.08,13.08,13.08,801
SDG,2023-12-12,13.16,14.39,12.51,12.51,400
SDG,2023-12-13,12.51,12.51,12.51,12.51,0
SDG,2023-12-14,11.36,11.36,11.36,11.36,100
SDG,2023-12-15,11.36,11.36,11.36,11.36,0
SDG,2023-12-18,11.36,11.36,11.36,11.36,0
SDG,2023-12-19,11.36,11.36,11.36,11.36,0
SDG,2023-12-20,11.36,11.36,11.36,11.36,0
SDG,2023-12-21,12.43,12.43,12.43,12.43,553
SDG,2023-12-22,12.43,12.43,12.43,12.43,0
SDG,2023-12-25,12.75,13.33,12.43,13.33,600
SDG,2023-12-26,13.33,13.33,13.33,13.33,0
SDG,2023-12-27,13.57,13.57,13.49,13.49,600
SDG,2023-12-28,13.49,13.49,13.49,13.49,509
SDG,2023-12-29,13.49,13.49,13.49,13.49,32
SDG,2024-01-02,12.35,12.35,12.35,12.35,100
SDG,2024-01-03,13.57,13.57,13.57,13.57,100
SDG,2024-01-04,13.57,13.57,13.57,13.57,21
SDG,2024-01-05,13.57,13.57,13.57,13.57,0
SDG,2024-01-08,14.72,14.88,14.72,14.88,200
SDG,2024-01-09,14.88,14.88,14.88,14.88,0
SDG,2024-01-10,14.88,14.88,14.88,14.88,0
SDG,2024-01-11,14.88,14.88,14.88,14.88,0
SDG,2024-01-12,13.49,13.49,13.49,13.49,1000
SDG,2024-01-15,13.49,13.49,13.49,13.49,0
SDG,2024-01-16,13.49,13.49,12.43,12.43,2800
SDG,2024-01-17,12.43,12.43,12.43,12.43,0
SDG,2024-01-18,12.43,12.43,12.43,12.43,0
SDG,2024-01-19,13.65,13.65,12.26,12.26,221
SDG,2024-01-22,12.26,12.26,12.26,12.26,0
SDG,2024-01-23,13.25,13.25,13.25,13.25,105
SDG,2024-01-24,13.16,14.47,13.16,14.47,200
SDG,2024-01-25,15.13,15.13,15.13,15.13,100
SDG,2024-01-26,13.65,13.65,13.65,13.65,1125
SDG,2024-01-29,14.72,14.96,14.72,14.96,26801
SDG,2024-01-30,16.43,16.43,15.53,16.43,1373
SDG,2024-01-31,16.43,17.66,14.88,14.88,6301
SDG,2024-02-01,15.45,15.45,14.23,14.72,2000
SDG,2024-02-02,14.96,14.96,13.9,14.64,2200
SDG,2024-02-05,15.37,15.37,15.37,15.37,300
SDG,2024-02-06,15.37,15.37,14.88,14.88,300
SDG,2024-02-07,14.06,14.72,14.06,14.31,3500
SDG,2024-02-15,14.72,14.72,14.72,14.72,100
SDG,2024-02-16,14.72,14.72,14.72,14.72,0
SDG,2024-02-19,13.98,14.39,13.98,14.39,1300
SDG,2024-02-20,13.57,14.39,13.57,14.39,1101
SDG,2024-02-21,13.82,14.47,13.74,14.47,5000
SDG,2024-02-22,14.47,14.47,14.47,14.47,0
SDG,2024-02-23,13.65,14.31,13.65,14.31,300
SDG,2024-02-26,14.31,14.72,14.31,14.39,11201
SDG,2024-02-27,14.39,14.39,14.39,14.39,0
SDG,2024-02-28,14.31,14.47,14.31,14.47,1800
SDG,2024-02-29,14.47,14.47,14.47,14.47,1800
SDG,2024-03-01,14.47,14.47,14.47,14.47,700
SDG,2024-03-04,14.47,14.88,14.47,14.88,2174
SDG,2024-03-05,14.55,14.55,14.55,14.55,100
SDG,2024-03-06,14.47,14.72,14.47,14.72,300
SDG,2024-03-07,13.98,13.98,13.98,13.98,206
SDG,2024-03-08,14.8,14.8,14.8,14.8,100
SDG,2024-03-11,14.8,14.8,14.8,14.8,0
SDG,2024-03-12,14.8,14.8,14.8,14.8,0
SDG,2024-03-13,13.9,14.64,13.9,14.64,300
SDG,2024-03-14,14.64,14.64,14.64,14.64,0
SDG,2024-03-15,14.72,14.72,14.72,14.72,600
SDG,2024-03-18,16.11,16.11,14.31,15.21,700
SDG,2024-03-19,15.94,15.94,15.94,15.94,100
SDG,2024-03-20,14.47,15.37,14.47,15.37,900
SDG,2024-03-21,14.31,14.64,14.31,14.64,9500
SDG,2024-03-22,14.64,14.64,14.64,14.64,0
SDG,2024-03-25,14.64,14.64,14.64,14.64,0
SDG,2024-03-26,14.39,14.39,14.39,14.39,100
SDG,2024-03-27,14.39,14.39,14.39,14.39,0
SDG,2024-03-28,14.39,14.39,14.39,14.39,0
SDG,2024-03-29,14.39,14.39,14.39,14.39,0
SDG,2024-04-01,14.39,14.39,14.39,14.39,0
SDG,2024-04-02,14.39,14.39,14.39,14.39,0
SDG,2024-04-03,14.39,14.39,14.39,14.39,0
SDG,2024-04-04,14.39,14.39,14.39,14.39,0
SDG,2024-04-05,14.39,14.39,14.39,14.39,0
SDG,2024-04-08,14.39,14.39,14.39,14.39,0
SDG,2024-04-09,14.72,14.96,14.72,14.96,400
SDG,2024-04-10,15.37,15.53,15.37,15.53,600
SDG,2024-04-11,15.53,15.53,15.53,15.53,0
SDG,2024-04-12,15.53,15.53,15.53,15.53,0
SDG,2024-04-15,14.88,15.13,14.88,15.04,1000
SDG,2024-04-16,15.04,15.04,15.04,15.04,52
SDG,2024-04-17,15.04,15.04,15.04,15.04,0
SDG,2024-04-19,14.96,14.96,14.96,14.96,200
SDG,2024-04-22,14.72,14.72,14.72,14.72,1000
SDG,2024-04-23,14.72,14.72,14.72,14.72,0
SDG,2024-04-24,14.72,14.72,14.72,14.72,0
SDG,2024-04-25,14.72,14.72,14.72,14.72,0
SDG,2024-04-26,14.72,14.72,14.72,14.72,0
SDG,2024-05-02,14.72,14.72,14.72,14.72,0
SDG,2024-05-03,16.19,16.19,13.9,14.88,8416
SDG,2024-05-06,14.88,14.88,14.88,14.88,0
SDG,2024-05-07,15.86,15.86,14.23,14.23,214
SDG,2024-05-08,15.37,15.37,15.37,15.37,100
SDG,2024-05-09,16.19,16.19,16.19,16.19,100
SDG,2024-05-10,14.64,14.64,14.64,14.64,3000
SDG,2024-05-13,14.55,14.55,14.55,14.55,300
SDG,2024-05-14,14.64,14.64,13.16,14.55,494
SDG,2024-05-15,13.65,14.64,13.57,14.64,1500
SDG,2024-05-16,14.64,14.64,14.64,14.64,0
SDG,2024-05-17,13.65,13.74,13.65,13.74,1607
SDG,2024-05-20,13.74,13.74,13.74,13.74,0
SDG,2024-05-21,13.74,13.74,13.74,13.74,1100
SDG,2024-05-22,13.57,13.57,13.08,13.08,2800
SDG,2024-05-23,13.25,13.25,12.67,12.67,2330
SDG,2024-05-24,11.86,12.67,11.86,12.26,2400
SDG,2024-05-27,12.02,12.02,12.02,12.02,1000
SDG,2024-05-28,12.59,12.59,12.59,12.59,110
SDG,2024-05-29,12.59,12.59,12.59,12.59,0
SDG,2024-05-30,13.65,13.65,13.65,13.65,100
SDG,2024-05-31,13.65,13.65,13.65,13.65,0
SDG,2024-06-03,14.55,14.55,14.55,14.55,100
SDG,2024-06-04,13.16,13.33,13.16,13.16,11200
SDG,2024-06-05,13.16,13.16,13.0,13.0,2600
SDG,2024-06-06,13.16,13.16,13.0,13.0,1100
SDG,2024-06-07,12.67,12.67,12.59,12.67,8800
SDG,2024-06-10,13.08,13.74,13.08,13.74,1310
SDG,2024-06-11,13.74,13.74,13.74,13.74,1300
SDG,2024-06-12,13.74,13.74,13.74,13.74,0
SDG,2024-06-13,13.74,13.74,13.74,13.74,0
SDG,2024-06-14,13.74,13.74,13.74,13.74,0
SDG,2024-06-17,13.74,13.74,13.74,13.74,0
SDG,2024-06-18,13.74,13.74,13.74,13.74,100
SDG,2024-06-19,13.57,13.57,13.57,13.57,500
SDG,2024-06-20,13.9,13.9,13.9,13.9,1000
SDG,2024-06-21,13.74,13.74,13.74,13.74,700
SDG,2024-06-24,13.74,13.9,13.74,13.9,5100
SDG,2024-06-25,13.9,13.9,13.9,13.9,0
SDG,2024-06-26,13.9,13.9,13.9,13.9,0
SDG,2024-06-27,13.9,14.06,13.9,14.06,1200
SDG,2024-06-28,14.06,14.06,14.06,14.06,0
SDG,2024-07-01,14.06,14.06,14.06,14.06,0
SDG,2024-07-02,13.9,13.9,13.9,13.9,100
SDG,2024-07-03,13.9,13.9,13.9,13.9,0
SDG,2024-07-04,14.06,14.06,14.06,14.06,300
SDG,2024-07-05,13.9,13.9,13.9,13.9,100
SDG,2024-07-08,13.9,13.9,13.9,13.9,0
SDG,2024-07-09,13.0,13.0,13.0,13.0,200
SDG,2024-07-10,13.0,13.0,13.0,13.0,0
SDG,2024-07-11,13.0,13.0,13.0,13.0,0
SDG,2024-07-12,13.0,13.0,13.0,13.0,0
SDG,2024-07-15,13.0,13.0,13.0,13.0,0
SDG,2024-07-16,13.0,13.0,13.0,13.0,0
SDG,2024-07-17,13.0,13.0,13.0,13.0,0
SDG,2024-07-18,13.0,13.0,13.0,13.0,0
SDG,2024-07-19,13.0,13.0,13.0,13.0,0
SDG,2024-07-22,13.0,13.0,13.0,13.0,200
SDG,2024-07-23,13.0,13.0,13.0,13.0,0
SDG,2024-07-24,13.0,13.0,13.0,13.0,0
SDG,2024-07-25,13.08,13.08,13.08,13.08,100
SDG,2024-07-26,13.08,13.08,13.08,13.08,0
SDG,2024-07-29,13.08,13.08,13.08,13.08,0
SDG,2024-07-30,13.08,13.08,13.08,13.08,0
SDG,2024-07-31,13.08,13.08,13.08,13.08,0
SDG,2024-08-01,13.08,13.08,13.08,13.08,100
SDG,2024-08-02,13.08,13.08,13.08,13.08,0
SDG,2024-08-05,13.08,13.08,13.08,13.08,0
SDG,2024-08-06,13.08,13.08,13.08,13.08,0
SDG,2024-08-07,13.08,13.08,13.08,13.08,0
SDG,2024-08-08,13.08,13.08,13.08,13.08,0
SDG,2024-08-09,14.14,14.14,14.14,14.14,100
SDG,2024-08-12,14.23,14.23,14.23,14.23,300
SDG,2024-08-13,14.31,14.31,14.31,14.31,900
SDG,2024-08-14,14.55,14.55,14.55,14.55,400
SDG,2024-08-15,14.55,14.55,14.55,14.55,0
SDG,2024-08-16,14.55,14.55,14.55,14.55,0
SDG,2024-08-19,14.55,14.55,14.55,14.55,0
SDG,2024-08-20,14.55,14.55,14.55,14.55,0
SDG,2024-08-21,14.55,14.55,14.55,14.55,0
SDG,2024-08-22,14.55,14.55,14.55,14.55,0
SDG,2024-08-23,14.55,14.55,14.55,14.55,200
SDG,2024-08-26,14.55,14.55,14.55,14.55,1
SDG,2024-08-27,15.94,15.94,15.94,15.94,100
SDG,2024-08-28,15.94,15.94,15.94,15.94,0
SDG,2024-08-29,15.94,15.94,15.94,15.94,0
SDG,2024-08-30,15.94,15.94,15.94,15.94,0
SDG,2024-09-04,15.94,15.94,15.94,15.94,0
SDG,2024-09-05,15.94,15.94,15.94,15.94,0
SDG,2024-09-06,15.94,15.94,15.94,15.94,0
SDG,2024-09-09,15.94,15.94,15.94,15.94,0
SDG,2024-09-10,15.94,15.94,15.94,15.94,0
SDG,2024-09-11,15.94,15.94,15.94,15.94,0
SDG,2024-09-12,15.94,15.94,15.94,15.94,0
SDG,2024-09-13,15.94,15.94,15.94,15.94,0
SDG,2024-09-16,15.94,15.94,15.94,15.94,0
SDG,2024-09-17,15.94,15.94,15.94,15.94,0
SDG,2024-09-18,15.94,15.94,15.94,15.94,0
SDG,2024-09-19,15.94,15.94,15.94,15.94,0
SDG,2024-09-20,15.94,15.94,15.94,15.94,0
SDG,2024-09-23,15.94,15.94,15.94,15.94,0
SDG,2024-09-24,14.39,14.39,14.39,14.39,100
SDG,2024-09-25,14.39,14.39,14.39,14.39,0
SDG,2024-09-26,14.39,14.39,14.23,14.23,1000
SDG,2024-09-27,14.23,14.23,14.23,14.23,30
SDG,2024-09-30,14.23,14.23,14.23,14.23,6300
SDG,2024-10-01,14.23,14.23,14.23,14.23,0
SDG,2024-10-02,14.23,14.23,14.23,14.23,0
SDG,2024-10-03,15.45,15.45,15.21,15.21,2800
SDG,2024-10-04,15.29,15.29,15.13,15.29,3401
SDG,2024-10-07,15.29,15.29,15.29,15.29,0
SDG,2024-10-08,15.21,16.11,15.21,16.11,700
SDG,2024-10-09,15.13,15.13,14.88,15.13,8000
SDG,2024-10-10,15.13,15.13,14.72,15.13,6429
SDG,2024-10-11,15.58,15.58,15.31,15.49,1400
SDG,2024-10-14,15.49,15.49,15.49,15.49,0
SDG,2024-10-15,15.49,15.49,15.49,15.49,0
SDG,2024-10-16,15.49,15.49,15.49,15.49,0
SDG,2024-10-17,15.49,15.49,15.49,15.49,0
SDG,2024-10-18,15.49,15.49,15.49,15.49,0
SDG,2024-10-21,15.49,15.49,15.49,15.49,0
SDG,2024-10-22,15.49,15.49,15.49,15.49,0
SDG,2024-10-23,15.49,15.49,15.49,15.49,0
SDG,2024-10-24,14.94,14.94,14.67,14.67,302
SDG,2024-10-25,14.67,14.67,14.67,14.67,0
SDG,2024-10-28,14.67,14.67,14.67,14.67,100
SDG,2024-10-29,14.67,14.67,14.67,14.67,0
SDG,2024-10-30,14.67,14.67,14.67,14.67,0
SDG,2024-10-31,13.38,13.38,13.38,13.38,100
SDG,2024-11-01,12.47,12.47,12.47,12.47,100
SDG,2024-11-04,13.66,13.66,12.83,12.83,600
SDG,2024-11-05,14.12,14.12,13.48,13.48,3300
SDG,2024-11-06,13.48,13.48,12.93,12.93,600
SDG,2024-11-07,12.93,12.93,12.93,12.93,0
SDG,2024-11-08,12.93,12.93,12.93,12.93,0
SDG,2024-11-11,14.21,14.21,13.02,13.02,2100
SDG,2024-11-12,13.02,13.02,13.02,13.02,0
SDG,2024-11-13,13.02,13.02,13.02,13.02,1
SDG,2024-11-14,13.57,13.57,13.57,13.57,283
SDG,2024-11-15,12.93,12.93,12.93,12.93,100
SDG,2024-11-18,13.29,13.29,12.93,12.93,500
SDG,2024-11-19,13.29,13.29,13.29,13.29,190
SDG,2024-11-20,13.29,13.29,13.29,13.29,0
SDG,2024-11-21,13.29,13.29,13.29,13.29,0
SDG,2024-11-22,13.29,13.29,13.29,13.29,201
SDG,2024-11-25,13.29,13.29,13.29,13.29,0
SDG,2024-11-26,13.29,13.29,13.29,13.29,0
SDG,2024-11-27,12.28,12.28,12.28,12.28,100
SDG,2024-11-28,13.48,13.48,13.48,13.48,900
SDG,2024-11-29,13.48,13.48,13.48,13.48,0
SDG,2024-12-02,13.93,13.93,13.93,13.93,200
SDG,2024-12-03,13.93,13.93,13.93,13.93,91
SDG,2024-12-04,15.31,15.31,13.84,13.84,200
SDG,2024-12-05,13.84,13.84,13.84,13.84,0
SDG,2024-12-06,13.84,13.84,13.84,13.84,0
SDG,2024-12-09,13.84,13.84,13.84,13.84,0
SDG,2024-12-10,13.84,13.84,13.84,13.84,0
SDG,2024-12-11,13.84,13.84,13.84,13.84,200
SDG,2024-12-12,13.84,13.84,13.84,13.84,0
SDG,2024-12-13,13.84,13.84,13.84,13.84,0
SDG,2024-12-16,14.21,14.21,14.21,14.21,100
SDG,2024-12-17,14.21,14.21,14.21,14.21,0
SDG,2024-12-18,14.21,14.21,14.21,14.21,0
SDG,2024-12-19,14.21,14.21,14.21,14.21,0
SDG,2024-12-20,14.21,14.21,14.21,14.21,0
SDG,2024-12-23,14.67,14.67,13.11,13.11,400
SDG,2024-12-24,14.39,14.39,14.39,14.39,420
SDG,2024-12-25,14.39,14.39,14.39,14.39,0
SDG,2024-12-26,14.39,14.39,14.39,14.39,0
SDG,2024-12-27,14.39,14.39,14.39,14.39,0
SDG,2024-12-30,14.39,14.39,14.39,14.39,0
SDG,2024-12-31,13.75,13.75,13.75,13.75,100
SDG,2025-01-02,13.75,13.75,13.75,13.75,0
SDG,2025-01-03,13.75,13.75,13.75,13.75,0
SDG,2025-01-06,13.75,13.75,13.75,13.75,0
SDG,2025-01-07,13.75,13.75,13.75,13.75,0
SDG,2025-01-08,13.75,13.75,13.75,13.75,0
SDG,2025-01-09,13.75,13.75,13.75,13.75,0
SDG,2025-01-10,13.75,13.75,13.75,13.75,0
SDG,2025-01-13,13.11,13.11,13.11,13.11,100
SDG,2025-01-14,14.39,14.39,13.2,13.2,600
SDG,2025-01-15,13.2,13.2,13.2,13.2,0
SDG,2025-01-16,13.2,13.2,13.2,13.2,0
SDG,2025-01-17,13.2,13.2,13.2,13.2,0
SDG,2025-01-20,13.2,13.2,13.2,13.2,0
SDG,2025-01-21,13.2,13.2,13.2,13.2,0
SDG,2025-01-22,13.75,13.75,13.75,13.75,800
SDG,2025-01-23,13.84,13.84,13.84,13.84,100
SDG,2025-01-24,13.93,13.93,13.93,13.93,300
SDG,2025-02-03,13.93,13.93,13.93,13.93,0
SDG,2025-02-04,13.93,13.93,13.93,13.93,0
SDG,2025-02-05,14.21,14.21,13.93,13.93,3100
SDG,2025-02-06,13.93,14.3,13.93,14.3,3400
SDG,2025-02-07,13.93,13.93,13.93,13.93,800
SDG,2025-02-10,13.93,13.93,13.93,13.93,0
SDG,2025-02-11,13.93,13.93,13.93,13.93,0
SDG,2025-02-12,13.93,13.93,13.93,13.93,0
SDG,2025-02-13,13.93,13.93,13.93,13.93,110
SDG,2025-02-14,13.93,13.93,13.93,13.93,0
SDG,2025-02-17,14.3,14.3,14.3,14.3,3800
SDG,2025-02-18,14.3,14.3,14.3,14.3,0
SDG,2025-02-19,14.3,14.3,14.3,14.3,0
SDG,2025-02-20,14.3,14.3,14.3,14.3,0
SDG,2025-02-21,14.3,14.3,14.3,14.3,2200
SDG,2025-02-24,14.3,14.3,14.3,14.3,0
SDG,2025-02-25,14.3,14.3,14.3,14.3,0
SDG,2025-02-26,14.3,14.3,14.3,14.3,500
SDG,2025-02-27,14.3,14.3,14.3,14.3,0
SDG,2025-02-28,14.3,14.3,14.3,14.3,0
SDG,2025-03-03,14.3,14.3,14.3,14.3,0
SDG,2025-03-04,14.3,14.3,14.3,14.3,0
SDG,2025-03-05,14.3,14.3,14.3,14.3,0
SDG,2025-03-06,14.3,14.3,14.3,14.3,0
SDG,2025-03-07,14.3,14.3,14.3,14.3,0
SDG,2025-03-10,14.3,14.3,14.3,14.3,0
SDG,2025-03-11,14.3,14.3,14.3,14.3,0
SDG,2025-03-12,14.3,14.3,14.3,14.3,0
SDG,2025-03-13,14.3,14.3,14.3,14.3,10
SDG,2025-03-14,14.3,14.3,14.3,14.3,0
SDG,2025-03-17,14.3,14.3,14.3,14.3,0
SDG,2025-03-18,14.3,14.3,14.3,14.3,0
SDG,2025-03-19,14.3,14.3,14.3,14.3,0
SDG,2025-03-20,14.3,14.3,14.3,14.3,55
SDG,2025-03-21,14.3,14.3,14.3,14.3,0
SDG,2025-03-24,14.3,14.3,14.3,14.3,0
SDG,2025-03-25,14.3,14.3,14.3,14.3,300
SDG,2025-03-26,14.3,14.3,14.3,14.3,0
SDG,2025-03-27,14.3,14.3,14.3,14.3,3100
SDG,2025-03-28,14.3,14.3,14.3,14.3,0
SDG,2025-03-31,14.3,14.3,14.3,14.3,0
SDG,2025-04-01,14.3,14.3,14.3,14.3,0
SDG,2025-04-02,14.3,14.3,14.3,14.3,0
SDG,2025-04-03,14.3,14.3,14.3,14.3,0
SDG,2025-04-04,14.3,14.3,14.3,14.3,0
SDG,2025-04-08,14.3,14.3,14.3,14.3,0
SDG,2025-04-09,14.3,14.3,14.3,14.3,0
SDG,2025-04-10,14.3,14.3,14.3,14.3,0
SDG,2025-04-11,14.3,14.3,14.3,14.3,0
SDG,2025-04-14,14.3,14.3,14.3,14.3,0
SDG,2025-04-15,14.3,14.3,14.3,14.3,0
SDG,2025-04-16,14.3,14.3,14.3,14.3,0
SDG,2025-04-17,14.3,14.3,14.3,14.3,0
SDG,2025-04-18,13.11,13.11,13.11,13.11,233
SDG,2025-04-21,13.29,13.29,13.02,13.11,701
SDG,2025-04-22,13.2,13.2,13.2,13.2,300
SDG,2025-04-23,12.01,12.01,12.01,12.01,200
SDG,2025-04-24,13.2,13.2,13.2,13.2,104
SDG,2025-04-25,13.2,13.2,13.2,13.2,0
SDG,2025-04-28,12.83,12.83,12.83,12.83,100
SDG,2025-04-29,12.83,12.83,12.83,12.83,0
SDG,2025-05-05,12.83,12.83,12.83,12.83,0
SDG,2025-05-06,12.83,12.83,12.83,12.83,0
SDG,2025-05-07,12.83,12.83,12.83,12.83,0
SDG,2025-05-08,12.83,12.83,12.83,12.83,0
SDG,2025-05-09,12.83,12.83,12.83,12.83,0
SDG,2025-05-12,12.83,12.83,12.83,12.83,0
SDG,2025-05-13,12.83,12.83,12.83,12.83,0
SDG,2025-05-14,12.83,12.83,12.83,12.83,0
SDG,2025-05-15,12.83,12.83,12.83,12.83,0
SDG,2025-05-16,12.83,12.83,12.83,12.83,0
SDG,2025-05-19,12.83,12.83,12.83,12.83,0
SDG,2025-05-20,12.83,12.83,12.83,12.83,0
SDG,2025-05-21,12.83,12.83,12.83,12.83,0
SDG,2025-05-22,12.83,12.83,12.83,12.83,0
SDG,2025-05-23,12.83,12.83,12.83,12.83,0
SDG,2025-05-26,12.83,12.83,12.83,12.83,0
SDG,2025-05-27,12.83,12.83,12.83,12.83,0
SDG,2025-05-28,12.83,12.83,12.83,12.83,200
SDG,2025-05-29,12.83,12.83,12.83,12.83,0
SDG,2025-05-30,12.83,12.83,12.83,12.83,0
SDG,2025-06-02,12.83,13.66,12.83,13.66,3100
SDG,2025-06-03,13.66,13.66,13.66,13.66,500
SDG,2025-06-04,13.57,13.75,13.57,13.75,1200
SDG,2025-06-05,13.75,13.75,13.75,13.75,0
SDG,2025-06-06,13.75,13.75,13.75,13.75,0
SDG,2025-06-09,13.75,13.75,13.75,13.75,0
SDG,2025-06-10,13.75,13.75,13.75,13.75,0
SDG,2025-06-11,13.75,13.75,13.75,13.75,0
SDG,2025-06-12,13.75,13.75,13.75,13.75,200
SDG,2025-06-13,13.75,13.75,13.75,13.75,0
SDG,2025-06-16,13.75,13.75,13.75,13.75,400
SDG,2025-06-17,14.3,14.3,14.3,14.3,200
SDG,2025-06-18,14.3,14.3,14.3,14.3,0
SDG,2025-06-19,14.3,14.3,14.3,14.3,0
SDG,2025-06-20,14.3,14.3,14.3,14.3,1
SDG,2025-06-23,14.3,14.3,14.3,14.3,0
SDG,2025-06-24,14.3,14.3,14.3,14.3,0
SDG,2025-06-25,14.3,14.3,14.3,14.3,0
SDG,2025-06-26,14.3,14.3,14.3,14.3,0
SDG,2025-06-27,14.3,14.3,14.3,14.3,0
SDG,2025-06-30,14.3,14.3,14.3,14.3,0
SDG,2025-07-01,14.3,14.3,14.3,14.3,0
SDG,2025-07-02,14.3,14.3,14.3,14.3,0
SDG,2025-07-03,14.3,14.3,14.3,14.3,0
SDG,2025-07-04,14.3,14.3,14.3,14.3,0
SDG,2025-07-07,14.3,14.3,14.3,14.3,0
SDG,2025-07-08,14.3,14.3,14.3,14.3,0
SDG,2025-07-09,14.3,14.3,14.3,14.3,0
SDG,2025-07-10,14.3,14.3,14.3,14.3,0
SDG,2025-07-11,14.3,14.3,14.3,14.3,0
SDG,2025-07-14,14.3,14.3,14.3,14.3,0
SDG,2025-07-15,14.3,14.3,14.3,14.3,0
SDG,2025-07-16,13.75,13.75,13.75,13.75,100
SDG,2025-07-17,12.83,12.83,12.83,12.83,100
SDG,2025-07-18,12.83,12.83,12.83,12.83,500
SDG,2025-07-21,14.12,14.12,14.12,14.12,2200
SDG,2025-07-22,14.12,14.12,14.12,14.12,0
SDG,2025-07-23,14.12,14.12,14.12,14.12,0
SDG,2025-07-24,14.12,14.12,14.12,14.12,0
SDG,2025-07-25,14.12,14.12,14.12,14.12,0
SDG,2025-07-28,14.12,14.12,14.12,14.12,0
SDG,2025-07-29,14.12,14.12,14.12,14.12,0
SDG,2025-07-30,14.12,14.12,14.12,14.12,0
SDG,2025-07-31,14.12,14.12,14.12,14.12,0
SDG,2025-08-01,14.12,14.12,14.12,14.12,0
SDG,2025-08-04,13.66,13.66,12.83,12.83,400
SDG,2025-08-05,13.29,13.29,13.29,13.29,100
SDG,2025-08-06,12.83,12.83,12.1,12.1,500
SDG,2025-08-07,12.1,12.1,12.1,12.1,0
SDG,2025-08-08,12.1,12.1,12.1,12.1,0
SDG,2025-08-11,12.1,12.1,12.1,12.1,0
SDG,2025-08-12,13.29,13.29,13.29,13.29,637
SDG,2025-08-13,13.29,13.29,13.29,13.29,0
SDG,2025-08-14,13.29,13.29,13.29,13.29,0
SDG,2025-08-15,13.29,13.29,13.29,13.29,0
SDG,2025-08-18,13.29,13.29,13.29,13.29,0
SDG,2025-08-19,13.29,13.29,13.29,13.29,0
SDG,2025-08-20,13.29,13.29,13.29,13.29,0
SDG,2025-08-21,13.29,13.29,13.29,13.29,0
SDG,2025-08-22,13.29,13.29,13.29,13.29,0
SDG,2025-08-25,13.29,13.29,13.29,13.29,1
SDG,2025-08-26,13.29,13.29,13.29,13.29,0
SDG,2025-08-27,13.29,13.29,13.29,13.29,0
SDG,2025-08-28,13.29,13.29,13.29,13.29,0
SDG,2025-08-29,13.29,13.29,13.29,13.29,0
SDG,2025-09-03,13.29,13.29,13.29,13.29,0
SDG,2025-09-04,13.29,13.29,13.29,13.29,0
SDG,2025-09-05,13.29,13.29,13.29,13.29,0
SDG,2025-09-08,13.29,13.29,13.29,13.29,0
SDG,2025-09-09,13.29,13.29,13.29,13.29,0
SDG,2025-09-10,13.29,13.29,13.29,13.29,0
SDG,2025-09-11,13.29,13.29,13.29,13.29,0
SDG,2025-09-12,13.29,13.29,13.29,13.29,1
SDG,2025-09-15,13.29,13.29,13.29,13.29,0
SDG,2025-09-16,13.29,13.29,13.29,13.29,0
SDG,2025-09-17,13.29,13.29,13.29,13.29,0
SDG,2025-09-18,13.29,13.29,13.29,13.29,0
SDG,2025-09-19,13.29,13.29,13.29,13.29,0
SDG,2025-09-22,13.29,13.29,13.29,13.29,0
SDG,2025-09-23,13.29,13.29,13.29,13.29,0
SDG,2025-09-24,13.29,13.29,13.29,13.29,0
SDG,2025-09-25,13.29,13.29,13.29,13.29,0
SDG,2025-09-26,12.83,12.83,12.83,12.83,2200
SDG,2025-09-29,12.83,12.83,12.83,12.83,0
SDG,2025-09-30,12.83,12.83,12.83,12.83,0
SDG,2025-10-01,12.83,12.83,12.83,12.83,0
SDG,2025-10-02,12.83,12.83,12.83,12.83,0
SDG,2025-10-03,12.83,12.83,12.83,12.83,0
SDG,2025-10-06,12.83,12.83,12.83,12.83,400
SDG,2025-10-07,12.83,12.83,12.83,12.83,0
SDG,2025-10-08,12.83,12.83,12.83,12.83,1000
SDG,2025-10-09,12.83,12.83,12.83,12.83,0
SDG,2025-10-10,12.83,12.83,12.83,12.83,0
SDG,2025-10-13,12.83,12.83,12.83,12.83,0
SDG,2025-10-14,12.83,12.93,12.83,12.83,2800
SDG,2025-10-15,12.83,12.83,12.83,12.83,0
SDG,2025-10-16,12.83,12.83,12.83,12.83,0
SDG,2025-10-17,12.83,12.83,12.83,12.83,0
SDG,2025-10-20,12.93,12.93,12.83,12.83,1500
SDG,2025-10-21,12.83,12.83,12.83,12.83,0
SDG,2025-10-22,12.83,12.83,12.83,12.83,0
SDG,2025-10-23,12.83,12.83,12.83,12.83,0
SDG,2025-10-24,12.83,12.83,12.83,12.83,0
SDG,2025-10-27,12.83,12.83,12.83,12.83,0
SDG,2025-10-28,12.83,12.83,12.83,12.83,0
SDG,2025-10-29,12.83,12.83,12.83,12.83,0
SDG,2025-10-30,12.83,12.83,12.83,12.83,0
SDG,2025-10-31,12.83,12.83,12.83,12.83,6
SDG,2025-11-03,12.83,12.83,12.83,12.83,0
SDG,2025-11-04,11.64,11.64,11.55,11.55,1401
SDG,2025-11-05,12.38,12.38,11.55,12.38,600
SDG,2025-11-06,11.18,11.18,11.18,11.18,6900
SDG,2025-11-07,11.73,11.73,11.73,11.73,100
SDG,2025-11-10,11.73,11.73,11.73,11.73,1
SDG,2025-11-11,11.0,11.0,10.63,10.63,700
SDG,2025-11-12,10.63,10.63,10.63,10.63,0
SDG,2025-11-13,11.55,11.55,11.55,11.55,100
SDG,2025-11-14,11.0,11.0,11.0,11.0,3401
SDG,2025-11-17,11.0,11.0,11.0,11.0,1700
SDG,2025-11-18,11.18,11.18,11.18,11.18,100
SDG,2025-11-19,10.82,11.18,10.82,11.0,3000
SDG,2025-11-20,11.0,11.0,11.0,11.0,111
SDG,2025-11-21,11.0,11.0,11.0,11.0,0
SDG,2025-11-24,11.0,11.0,11.0,11.0,200
SDG,2025-11-25,11.0,11.0,11.0,11.0,1
SDG,2025-11-26,10.0,10.0,10.0,10.0,200
SDG,2025-11-27,10.0,10.0,9.3,9.3,1100
SDG,2025-11-28,9.3,9.3,9.3,9.3,0
SDG,2025-12-01,9.3,9.3,9.3,9.3,0
SDG,2025-12-02,9.3,9.3,9.3,9.3,0
SDG,2025-12-03,9.3,9.3,9.3,9.3,0
SDD,2008-01-23,41.06,41.06,23.46,29.27,316400
SDD,2008-01-24,29.44,31.32,28.86,30.21,286900
SDD,2008-01-25,30.15,30.73,29.33,29.33,119100
SDD,2008-01-28,29.33,29.91,27.98,27.98,29600
SDD,2008-01-29,27.57,29.44,26.39,28.15,113800
SDD,2008-01-30,29.27,30.97,29.27,30.79,214500
SDD,2008-01-31,32.55,32.55,28.15,29.33,71300
SDD,2008-02-01,30.5,30.5,29.56,30.21,99900
SDD,2008-02-12,31.09,31.09,28.15,28.74,13500
SDD,2008-02-13,28.15,28.74,27.51,27.51,40600
SDD,2008-02-14,28.15,29.27,27.86,28.15,32700
SDD,2008-02-15,28.56,28.8,27.1,27.86,28000
SDD,2008-02-18,27.86,27.86,25.46,25.92,98900
SDD,2008-02-19,26.1,27.21,24.69,25.22,76000
SDD,2008-02-20,28.27,28.27,23.46,23.87,69700
SDD,2008-02-21,22.35,22.35,21.99,21.99,34100
SDD,2008-02-22,21.7,22.29,19.88,21.17,115600
SDD,2008-02-25,20.53,22.35,20.53,22.35,66400
SDD,2008-02-26,24.46,24.46,20.12,20.12,55600
SDD,2008-02-27,19.41,22.29,19.41,20.47,43900
SDD,2008-02-28,22.46,22.46,19.82,20.18,41000
SDD,2008-02-29,20.53,20.53,18.53,18.94,55700
SDD,2008-03-03,19.06,19.65,17.24,17.24,72600
SDD,2008-03-04,16.42,16.42,16.31,16.31,17300
SDD,2008-03-05,14.72,15.31,14.72,14.72,78200
SDD,2008-03-06,16.25,16.25,16.25,16.25,9900
SDD,2008-03-07,17.83,17.83,17.83,17.83,6000
SDD,2008-03-10,19.59,19.59,16.72,18.01,138300
SDD,2008-03-11,17.13,17.6,16.95,16.95,79300
SDD,2008-03-12,16.95,18.53,16.42,17.6,59500
SDD,2008-03-13,18.65,18.77,16.77,17.71,31200
SDD,2008-03-14,17.01,17.54,16.83,17.01,42200
SDD,2008-03-17,16.42,16.83,15.43,15.54,82800
SDD,2008-03-18,14.08,14.08,14.02,14.02,65300
SDD,2008-03-19,14.31,15.25,12.9,13.78,41300
SDD,2008-03-20,14.37,14.55,13.31,13.55,42100
SDD,2008-03-21,12.96,13.2,12.49,12.55,66100
SDD,2008-03-24,11.73,11.73,11.44,11.44,25400
SDD,2008-03-25,10.85,10.85,10.32,10.32,19500
SDD,2008-03-26,10.32,11.14,9.44,10.56,116700
SDD,2008-03-27,10.62,10.62,10.62,10.62,7200
SDD,2008-03-28,10.79,10.79,10.79,10.79,9000
SDD,2008-03-31,10.97,10.97,10.97,10.97,1000
SDD,2008-04-01,11.14,11.14,11.14,11.14,3700
SDD,2008-04-02,11.32,11.32,11.32,11.32,100
SDD,2008-04-03,11.5,11.5,11.5,11.5,400
SDD,2008-04-04,11.67,11.67,11.67,11.67,2900
SDD,2008-04-07,11.97,11.97,11.97,11.97,1100
SDD,2008-04-08,12.32,12.32,11.61,12.2,123000
SDD,2008-04-09,12.2,12.26,11.55,11.55,16800
SDD,2008-04-10,11.38,11.38,11.38,11.38,3000
SDD,2008-04-11,11.09,11.09,11.09,11.09,800
SDD,2008-04-16,10.79,10.79,10.79,10.79,4400
SDD,2008-04-17,10.5,11.09,10.5,10.85,93500
SDD,2008-04-18,10.73,11.03,10.44,10.5,25200
SDD,2008-04-21,10.38,10.38,10.26,10.26,5700
SDD,2008-04-22,9.97,9.97,9.97,9.97,4700
SDD,2008-04-23,9.68,9.68,9.68,9.68,1300
SDD,2008-04-24,9.44,9.79,9.44,9.44,72400
SDD,2008-04-25,9.38,9.5,9.27,9.44,34700
SDD,2008-04-28,9.27,9.56,9.21,9.56,39000
SDD,2008-04-29,9.56,9.68,9.38,9.38,27700
SDD,2008-05-05,9.33,9.33,9.33,9.33,12300
SDD,2008-05-06,9.09,9.09,9.09,9.09,200
SDD,2008-05-07,8.86,8.86,8.86,8.86,700
SDD,2008-05-08,8.62,8.62,8.62,8.62,1700
SDD,2008-05-09,8.39,8.39,8.39,8.39,500
SDD,2008-05-12,8.15,8.15,8.15,8.15,100
SDD,2008-05-13,7.92,7.92,7.92,7.92,100
SDD,2008-05-14,7.68,7.68,7.68,7.68,500
SDD,2008-05-15,7.51,7.51,7.51,7.51,1100
SDD,2008-05-16,7.33,7.68,7.33,7.33,19500
SDD,2008-05-19,7.21,7.21,7.21,7.21,2100
SDD,2008-05-20,7.04,7.04,7.04,7.04,200
SDD,2008-05-21,6.86,6.86,6.86,6.86,300
SDD,2008-05-22,6.69,6.69,6.69,6.69,100
SDD,2008-05-23,6.51,6.51,6.51,6.51,600
SDD,2008-05-26,6.51,6.51,6.51,6.51,0
SDD,2008-05-27,6.33,6.33,6.33,6.33,100
SDD,2008-05-28,6.16,6.16,6.16,6.16,14800
SDD,2008-05-29,5.98,6.33,5.98,5.98,47900
SDD,2008-05-30,5.92,5.92,5.81,5.81,13800
SDD,2008-06-02,5.69,5.69,5.69,5.69,3300
SDD,2008-06-03,5.57,5.57,5.57,5.57,2600
SDD,2008-06-04,5.45,5.45,5.45,5.45,3600
SDD,2008-06-05,5.34,5.34,5.34,5.34,700
SDD,2008-06-06,5.22,5.22,5.22,5.22,1800
SDD,2008-06-09,5.1,5.1,5.1,5.1,1400
SDD,2008-06-10,4.99,5.22,4.99,5.22,52700
SDD,2008-06-11,5.22,5.22,5.1,5.22,37800
SDD,2008-06-12,5.34,5.34,5.34,5.34,2900
SDD,2008-06-13,5.45,5.45,5.45,5.45,6000
SDD,2008-06-16,5.57,5.57,5.57,5.57,12900
SDD,2008-06-17,5.69,5.69,5.69,5.69,6000
SDD,2008-06-18,5.81,5.81,5.57,5.57,52700
SDD,2008-06-19,5.57,5.57,5.57,5.57,1500
SDD,2008-06-20,5.4,5.4,5.4,5.4,13700
SDD,2008-06-23,5.22,5.57,5.22,5.57,73500
SDD,2008-06-24,5.69,5.69,5.51,5.69,49800
SDD,2008-06-25,5.81,5.81,5.69,5.81,43500
SDD,2008-06-26,5.92,5.98,5.63,5.92,77400
SDD,2008-06-27,5.63,5.98,5.63,5.87,48200
SDD,2008-06-30,5.98,5.98,5.69,5.98,71600
SDD,2008-07-01,6.16,6.16,5.98,6.16,9400
SDD,2008-07-02,6.39,6.39,5.98,6.39,61900
SDD,2008-07-03,6.63,6.63,6.57,6.63,47800
SDD,2008-07-04,6.86,6.86,6.86,6.86,24100
SDD,2008-07-07,7.1,7.1,6.63,6.74,113400
SDD,2008-07-08,6.69,7.16,6.69,7.1,98200
SDD,2008-07-09,7.04,7.1,6.98,7.1,62700
SDD,2008-07-10,7.33,7.33,7.33,7.33,13800
SDD,2008-07-11,7.62,7.62,7.62,7.62,15900
SDD,2008-07-14,7.92,7.92,7.92,7.92,7800
SDD,2008-07-15,8.21,8.21,8.21,8.21,9300
SDD,2008-07-16,8.5,8.5,7.92,8.5,159900
SDD,2008-07-17,8.62,8.62,8.62,8.62,1700
SDD,2008-07-18,8.92,8.92,8.33,8.39,188700
SDD,2008-07-21,8.74,8.92,8.45,8.45,15100
SDD,2008-07-22,8.21,8.21,8.21,8.21,100
SDD,2008-07-23,7.92,7.92,7.92,7.92,1000
SDD,2008-07-24,7.62,7.62,7.62,7.62,63300
SDD,2008-07-25,7.33,7.33,7.33,7.33,1700
SDD,2008-07-28,7.04,7.57,7.04,7.33,67200
SDD,2008-07-29,7.39,7.39,7.04,7.16,48400
SDD,2008-07-30,7.27,7.27,7.04,7.04,23500
SDD,2008-07-31,6.8,6.8,6.8,6.8,11800
SDD,2008-08-01,6.57,6.57,6.57,6.57,1400
SDD,2008-08-04,6.33,6.33,6.33,6.33,1200
SDD,2008-08-05,6.1,6.1,6.1,6.1,1000
SDD,2008-08-06,5.87,6.33,5.87,6.1,78600
SDD,2008-08-07,5.75,6.22,5.75,6.16,54400
SDD,2008-08-08,6.39,6.39,6.16,6.39,41600
SDD,2008-08-11,6.57,6.57,6.57,6.57,3800
SDD,2008-08-12,6.8,6.8,6.63,6.8,75000
SDD,2008-08-13,7.04,7.04,6.74,7.04,61000
SDD,2008-08-14,7.21,7.21,6.98,7.21,65000
SDD,2008-08-15,7.45,7.45,7.45,7.45,41700
SDD,2008-08-18,7.92,7.92,7.68,7.92,65500
SDD,2008-08-19,8.33,8.33,7.33,7.45,47200
SDD,2008-08-20,7.04,7.39,7.04,7.04,67800
SDD,2008-08-21,6.69,7.62,6.69,7.62,113300
SDD,2008-08-22,7.86,7.98,7.33,7.74,128200
SDD,2008-08-25,8.21,8.33,8.21,8.33,54400
SDD,2008-08-26,8.86,8.86,8.86,8.86,15500
SDD,2008-08-27,9.44,9.44,9.15,9.44,122500
SDD,2008-08-28,9.09,9.09,8.8,8.8,47000
SDD,2008-08-29,8.33,8.92,8.33,8.62,96400
SDD,2008-09-03,9.03,9.03,9.03,9.03,12900
SDD,2008-09-04,9.62,9.62,8.56,9.62,134700
SDD,2008-09-05,10.15,10.15,9.97,10.15,138100
SDD,2008-09-08,10.85,10.85,10.15,10.85,258000
SDD,2008-09-09,11.44,11.44,11.38,11.44,125700
SDD,2008-09-10,12.02,12.2,10.67,10.91,112800
SDD,2008-09-11,10.67,10.73,10.67,10.67,9400
SDD,2008-09-12,9.97,9.97,9.97,9.97,5200
SDD,2008-09-15,9.33,10.21,9.33,9.33,139900
SDD,2008-09-16,8.8,9.5,8.8,8.8,23300
SDD,2008-09-17,8.27,8.27,8.27,8.27,5300
SDD,2008-09-18,7.74,7.74,7.74,7.74,2500
SDD,2008-09-19,7.21,8.27,7.21,8.27,42300
SDD,2008-09-22,8.45,8.45,8.45,8.45,3200
SDD,2008-09-23,8.68,8.92,7.86,8.45,117700
SDD,2008-09-24,7.92,8.39,7.8,7.92,53800
SDD,2008-09-25,7.92,8.74,7.68,8.74,54700
SDD,2008-09-26,9.03,9.09,8.21,8.8,50600
SDD,2008-09-29,9.09,9.09,8.39,8.5,29000
SDD,2008-09-30,8.09,8.09,8.09,8.09,500
SDD,2008-10-01,8.62,8.62,7.62,8.21,45200
SDD,2008-10-02,8.5,8.56,8.04,8.5,31900
SDD,2008-10-03,8.45,8.45,8.04,8.27,24400
SDD,2008-10-06,8.09,8.09,7.68,7.68,21600
SDD,2008-10-07,6.63,6.74,6.63,6.63,30700
SDD,2008-10-08,6.22,6.92,6.22,6.74,19400
SDD,2008-10-09,6.33,6.98,6.16,6.86,42000
SDD,2008-10-10,6.63,6.63,6.39,6.39,39800
SDD,2008-10-13,6.45,6.57,6.16,6.28,4700
SDD,2008-10-14,6.74,6.74,6.74,6.74,1000
SDD,2008-10-15,7.21,7.21,6.74,7.21,33200
SDD,2008-10-16,6.63,7.21,6.63,6.69,12400
SDD,2008-10-17,7.27,7.27,6.86,6.92,15200
SDD,2008-10-20,7.27,7.27,6.51,6.51,16900
SDD,2008-10-21,6.92,6.98,6.8,6.98,23900
SDD,2008-10-22,6.69,6.98,6.57,6.74,10100
SDD,2008-10-23,6.45,6.51,6.39,6.39,14000
SDD,2008-10-24,6.1,6.16,6.1,6.1,29400
SDD,2008-10-27,6.45,6.45,5.69,5.87,17600
SDD,2008-10-28,5.4,6.1,5.4,5.98,21500
SDD,2008-10-29,5.98,5.98,5.57,5.98,55400
SDD,2008-10-30,6.04,6.28,5.69,6.28,18900
SDD,2008-10-31,6.33,6.51,6.1,6.51,54300
SDD,2008-11-03,6.45,6.69,5.92,6.16,6300
SDD,2008-11-04,6.1,6.57,6.1,6.57,40100
SDD,2008-11-05,6.86,6.86,6.86,6.86,25100
SDD,2008-11-06,7.33,7.33,6.39,6.45,53300
SDD,2008-11-07,6.22,6.22,6.16,6.16,15100
SDD,2008-11-10,5.81,6.16,5.75,5.75,45400
SDD,2008-11-11,5.81,5.87,5.45,5.45,12500
SDD,2008-11-12,5.28,5.75,5.28,5.63,14400
SDD,2008-11-13,5.57,5.92,5.45,5.92,24400
SDD,2008-11-14,6.1,6.1,5.87,5.98,24200
SDD,2008-11-17,5.57,5.98,5.57,5.69,4400
SDD,2008-11-18,5.63,5.87,5.63,5.87,6800
SDD,2008-11-19,6.1,6.1,5.69,5.69,13800
SDD,2008-11-20,5.69,5.69,5.45,5.45,17600
SDD,2008-11-21,5.28,5.69,5.28,5.4,1600
SDD,2008-11-24,5.4,5.4,5.16,5.22,19900
SDD,2008-11-25,5.34,5.51,5.04,5.22,10500
SDD,2008-11-26,4.99,5.04,4.87,5.04,5900
SDD,2008-11-27,4.99,4.99,4.69,4.75,18400
SDD,2008-11-28,4.63,5.1,4.63,5.1,16200
SDD,2008-12-01,5.16,5.28,4.99,5.1,14000
SDD,2008-12-02,4.75,5.22,4.75,4.99,6900
SDD,2008-12-03,5.1,5.1,4.87,4.87,8300
SDD,2008-12-04,4.99,5.04,4.87,4.87,2700
SDD,2008-12-05,5.16,5.16,4.69,4.81,17600
SDD,2008-12-08,4.46,4.57,4.46,4.46,12400
SDD,2008-12-09,4.4,4.63,4.4,4.4,19400
SDD,2008-12-10,4.22,4.46,4.16,4.22,6100
SDD,2008-12-11,4.11,4.34,4.05,4.16,7200
SDD,2008-12-12,4.57,4.57,4.52,4.57,8900
SDD,2008-12-15,4.81,4.87,4.46,4.81,32000
SDD,2008-12-16,4.93,4.99,4.52,4.57,13800
SDD,2008-12-17,4.52,4.69,4.52,4.69,2900
SDD,2008-12-18,4.69,4.69,4.52,4.57,1500
SDD,2008-12-19,4.46,4.69,4.46,4.63,8100
SDD,2008-12-22,4.69,4.69,4.52,4.69,2800
SDD,2008-12-23,4.69,4.69,4.52,4.57,7600
SDD,2008-12-24,4.57,4.57,4.57,4.57,2200
SDD,2008-12-25,4.69,4.69,4.46,4.46,1300
SDD,2008-12-26,4.46,4.63,4.46,4.63,5200
SDD,2008-12-29,4.52,4.81,4.52,4.81,33600
SDD,2008-12-30,4.75,4.99,4.75,4.99,26200
SDD,2008-12-31,4.99,5.22,4.93,5.04,40200
SDD,2009-01-02,5.1,5.16,5.1,5.1,2800
SDD,2009-01-05,5.4,5.4,4.75,4.75,6900
SDD,2009-01-06,4.69,4.87,4.57,4.75,9700
SDD,2009-01-07,4.87,4.99,4.63,4.75,15900
SDD,2009-01-08,4.81,4.81,4.81,4.81,100
SDD,2009-01-09,4.87,4.87,4.75,4.81,2500
SDD,2009-01-12,4.63,4.69,4.63,4.69,3400
SDD,2009-01-13,4.75,4.75,4.57,4.57,8900
SDD,2009-01-14,4.75,4.81,4.63,4.63,7000
SDD,2009-01-15,4.69,4.69,4.34,4.34,8700
SDD,2009-01-16,4.69,4.75,4.57,4.57,3400
SDD,2009-01-19,4.52,4.52,4.4,4.4,2700
SDD,2009-01-20,4.46,4.46,4.46,4.46,2800
SDD,2009-01-21,4.69,4.69,4.57,4.69,500
SDD,2009-01-22,4.57,4.57,4.46,4.52,3600
SDD,2009-01-23,4.75,4.75,4.63,4.69,11600
SDD,2009-02-02,4.81,4.87,4.81,4.87,500
SDD,2009-02-03,4.69,4.69,4.57,4.57,800
SDD,2009-02-04,4.81,4.81,4.81,4.81,500
SDD,2009-02-05,4.52,4.57,4.52,4.52,1400
SDD,2009-02-06,4.57,4.57,4.22,4.52,9600
SDD,2009-02-09,4.52,4.52,4.28,4.52,1400
SDD,2009-02-10,4.63,4.69,4.28,4.28,4900
SDD,2009-02-11,4.28,4.28,4.16,4.16,7700
SDD,2009-02-12,4.28,4.28,4.11,4.22,5000
SDD,2009-02-13,4.34,4.34,4.05,4.11,6900
SDD,2009-02-16,3.99,4.16,3.99,3.99,3700
SDD,2009-02-17,4.05,4.05,3.81,3.99,7900
SDD,2009-02-18,4.05,4.05,3.64,3.7,18300
SDD,2009-02-19,3.81,3.93,3.58,3.81,3200
SDD,2009-02-20,3.93,3.93,3.52,3.64,12600
SDD,2009-02-23,3.34,3.52,3.28,3.52,13700
SDD,2009-02-24,3.28,3.4,3.28,3.28,8800
SDD,2009-02-25,3.46,3.46,3.46,3.46,7500
SDD,2009-02-26,3.7,3.7,3.46,3.52,9700
SDD,2009-02-27,3.7,3.7,3.52,3.58,9400
SDD,2009-03-02,3.58,3.64,3.52,3.64,8500
SDD,2009-03-03,3.64,3.64,3.52,3.58,6900
SDD,2009-03-04,3.7,3.75,3.58,3.58,4100
SDD,2009-03-05,3.81,3.87,3.64,3.75,9600
SDD,2009-03-06,3.81,3.81,3.64,3.7,11400
SDD,2009-03-09,3.7,3.87,3.7,3.87,18900
SDD,2009-03-10,3.99,4.05,3.93,4.05,17500
SDD,2009-03-11,4.16,4.22,4.16,4.22,13000
SDD,2009-03-12,4.52,4.52,3.99,4.16,48900
SDD,2009-03-13,4.34,4.46,4.05,4.11,12900
SDD,2009-03-16,4.22,4.22,4.11,4.16,6200
SDD,2009-03-17,4.16,4.34,4.16,4.34,10100
SDD,2009-03-18,4.57,4.57,4.46,4.57,94000
SDD,2009-03-19,4.75,4.87,4.46,4.75,22700
SDD,2009-03-20,4.4,4.63,4.4,4.46,26600
SDD,2009-03-23,4.46,4.46,4.16,4.16,11400
SDD,2009-03-24,4.52,4.52,4.4,4.52,18400
SDD,2009-03-25,4.52,4.52,4.46,4.46,13100
SDD,2009-03-26,4.52,4.52,4.34,4.52,24000
SDD,2009-03-27,4.4,4.52,4.4,4.4,43700
SDD,2009-03-30,4.46,4.46,4.28,4.4,4300
SDD,2009-03-31,4.34,4.4,4.28,4.4,7200
SDD,2009-04-01,4.57,4.57,4.4,4.52,13200
SDD,2009-04-02,4.57,4.63,4.4,4.46,9200
SDD,2009-04-03,4.69,4.75,4.69,4.75,67800
SDD,2009-04-07,4.87,5.04,4.81,5.04,80300
SDD,2009-04-08,4.99,5.04,4.81,4.87,32700
SDD,2009-04-09,4.87,5.22,4.87,5.22,34800
SDD,2009-04-10,5.45,5.45,5.4,5.45,51000
SDD,2009-04-13,5.81,5.81,5.57,5.81,50000
SDD,2009-04-14,6.16,6.16,5.81,6.16,94600
SDD,2009-04-15,6.16,6.39,5.87,5.92,63600
SDD,2009-04-16,5.98,6.28,5.81,5.87,39000
SDD,2009-04-17,6.33,6.33,5.51,5.51,40600
SDD,2009-04-20,5.4,5.4,5.4,5.4,2500
SDD,2009-04-21,5.04,5.04,5.04,5.04,11400
SDD,2009-04-22,5.04,5.4,4.99,5.4,20600
SDD,2009-04-23,5.45,5.45,5.16,5.45,12000
SDD,2009-04-24,5.16,5.22,4.99,5.04,24300
SDD,2009-04-27,4.99,5.1,4.99,5.1,4700
SDD,2009-04-28,5.1,5.22,5.04,5.22,6400
SDD,2009-04-29,5.04,5.28,5.04,5.22,21400
SDD,2009-05-04,5.57,5.57,5.57,5.57,26400
SDD,2009-05-05,5.92,5.92,5.75,5.81,104800
SDD,2009-05-06,5.51,5.87,5.51,5.51,12100
SDD,2009-05-07,5.75,5.75,5.51,5.57,20200
SDD,2009-05-08,5.57,5.57,5.22,5.28,43300
SDD,2009-05-11,5.34,5.4,5.04,5.16,47500
SDD,2009-05-12,5.22,5.34,4.87,5.28,17900
SDD,2009-05-13,5.34,5.51,5.28,5.51,44000
SDD,2009-05-14,5.63,5.63,5.16,5.4,25500
SDD,2009-05-15,5.63,5.63,5.4,5.57,62800
SDD,2009-05-18,5.69,5.75,5.51,5.63,60100
SDD,2009-05-19,5.98,5.98,5.75,5.98,157600
SDD,2009-05-20,6.28,6.28,6.28,6.28,127400
SDD,2009-05-21,6.69,6.69,6.69,6.69,134800
SDD,2009-05-22,7.1,7.1,6.74,7.1,416100
SDD,2009-05-25,7.51,7.51,7.33,7.51,252500
SDD,2009-05-26,7.98,7.98,7.86,7.98,191200
SDD,2009-05-27,8.21,8.5,7.51,7.86,152000
SDD,2009-05-28,7.62,7.62,7.39,7.39,54400
SDD,2009-05-29,6.92,7.33,6.92,7.33,132900
SDD,2009-06-01,6.92,7.51,6.92,7.51,51000
SDD,2009-06-02,7.98,7.98,7.68,7.92,111700
SDD,2009-06-03,7.62,7.92,7.51,7.74,86800
SDD,2009-06-04,7.62,8.21,7.62,8.09,371000
SDD,2009-06-05,8.56,8.68,8.56,8.68,127400
SDD,2009-06-08,9.21,9.27,9.21,9.27,50800
SDD,2009-06-09,9.91,9.91,9.09,9.27,140600
SDD,2009-06-10,9.27,9.27,8.62,8.62,65600
SDD,2009-06-11,8.15,9.09,8.09,8.68,157200
SDD,2009-06-12,8.62,8.86,8.15,8.21,138800
SDD,2009-06-15,8.33,8.33,7.92,7.92,88500
SDD,2009-06-16,7.39,7.45,7.39,7.39,59700
SDD,2009-06-17,6.92,7.62,6.92,7.62,115400
SDD,2009-06-18,7.45,7.45,7.45,7.45,18600
SDD,2009-06-19,7.92,7.92,7.27,7.68,69100
SDD,2009-06-22,7.92,7.92,7.21,7.21,17800
SDD,2009-06-23,6.8,6.92,6.8,6.8,64500
SDD,2009-06-24,6.8,7.27,6.8,7.27,19900
SDD,2009-06-25,7.68,7.68,7.04,7.04,28200
SDD,2009-06-26,7.51,7.62,7.27,7.45,43500
SDD,2009-06-29,7.04,7.45,7.04,7.04,33400
SDD,2009-06-30,7.62,7.62,6.74,6.92,16700
SDD,2009-07-01,6.74,6.74,6.63,6.63,39400
SDD,2009-07-02,6.74,6.92,6.63,6.92,23200
SDD,2009-07-03,6.45,7.04,6.45,6.98,17800
SDD,2009-07-06,7.33,7.33,6.98,7.27,45400
SDD,2009-07-07,7.39,7.39,6.74,6.86,18500
SDD,2009-07-08,6.92,6.92,6.74,6.92,3200
SDD,2009-07-09,6.39,7.1,6.39,6.8,46300
SDD,2009-07-10,6.92,7.04,6.8,6.98,72500
SDD,2009-07-13,6.69,6.69,6.57,6.69,11000
SDD,2009-07-14,6.74,6.74,6.57,6.63,23300
SDD,2009-07-15,6.8,6.86,6.69,6.86,11000
SDD,2009-07-16,7.04,7.04,6.74,6.86,34500
SDD,2009-07-17,6.69,6.74,6.63,6.69,9400
SDD,2009-07-20,6.63,6.63,6.28,6.51,25600
SDD,2009-07-21,6.16,6.51,6.16,6.33,19300
SDD,2009-07-22,6.57,6.57,6.28,6.39,11800
SDD,2009-07-23,6.16,6.74,6.16,6.69,21400
SDD,2009-07-24,6.8,6.92,6.8,6.92,32600
SDD,2009-07-27,7.27,7.27,6.86,7.04,58400
SDD,2009-07-28,7.04,7.04,6.57,6.63,15500
SDD,2009-07-29,6.63,6.8,6.63,6.69,39600
SDD,2009-07-30,6.57,6.63,6.28,6.51,15000
SDD,2009-07-31,6.45,6.86,6.45,6.86,70600
SDD,2009-08-03,7.21,7.27,6.92,7.21,75400
SDD,2009-08-04,7.33,7.51,7.1,7.16,33900
SDD,2009-08-05,7.1,7.27,6.92,7.04,24000
SDD,2009-08-06,6.98,7.21,6.86,7.04,41200
SDD,2009-08-07,6.92,6.98,6.8,6.98,19600
SDD,2009-08-10,6.8,7.04,6.74,6.98,45100
SDD,2009-08-11,7.04,7.51,6.92,7.51,178400
SDD,2009-08-12,7.27,7.27,7.27,7.27,95300
SDD,2009-08-13,7.68,7.68,6.92,6.92,37400
SDD,2009-08-14,6.92,6.92,6.74,6.92,29500
SDD,2009-08-17,7.04,7.04,6.63,6.74,43500
SDD,2009-08-18,6.45,6.8,6.45,6.63,57500
SDD,2009-08-19,6.74,6.86,6.74,6.86,56800
SDD,2009-08-20,6.86,6.86,6.74,6.8,33600
SDD,2009-08-21,6.8,7.04,6.69,6.8,97000
SDD,2009-08-24,6.86,6.86,6.69,6.74,39400
SDD,2009-08-25,6.74,6.86,6.57,6.86,35800
SDD,2009-08-26,6.8,6.86,6.69,6.8,20700
SDD,2009-08-27,6.8,6.86,6.69,6.8,39000
SDD,2009-08-28,6.86,7.27,6.86,7.27,337600
SDD,2009-08-31,7.68,7.68,7.45,7.68,237200
SDD,2009-09-01,8.21,8.21,7.8,7.86,204900
SDD,2009-09-03,8.04,8.5,7.45,8.45,477300
SDD,2009-09-04,8.21,8.62,8.09,8.21,312700
SDD,2009-09-07,7.92,8.04,7.8,7.8,78100
SDD,2009-09-08,7.86,8.04,7.51,7.92,112500
SDD,2009-09-09,8.09,8.09,7.68,7.92,64800
SDD,2009-09-10,7.8,7.92,7.68,7.92,85200
SDD,2009-09-11,7.86,8.21,7.86,8.15,123200
SDD,2009-09-14,8.04,8.56,8.04,8.56,562400
SDD,2009-09-15,9.09,9.09,8.62,8.86,430500
SDD,2009-09-16,9.03,9.09,8.45,8.45,134300
SDD,2009-09-17,8.68,8.68,8.09,8.21,84500
SDD,2009-09-18,8.45,8.86,8.21,8.86,497800
SDD,2009-09-21,9.33,9.33,9.09,9.33,199600
SDD,2009-09-22,9.97,9.97,9.68,9.97,465100
SDD,2009-09-23,10.56,10.56,9.97,10.21,334700
SDD,2009-09-24,10.09,10.26,9.79,9.91,390500
SDD,2009-09-25,9.85,10.56,9.38,10.5,364600
SDD,2009-09-28,10.67,10.67,10.26,10.67,319400
SDD,2009-09-29,11.32,11.32,11.32,11.32,141500
SDD,2009-09-30,12.08,12.08,12.08,12.08,138700
SDD,2009-10-01,12.9,12.9,11.73,12.32,634100
SDD,2009-10-02,12.55,12.55,11.73,11.79,328800
SDD,2009-10-05,10.91,12.55,10.91,12.49,516800
SDD,2009-10-06,12.55,13.08,12.55,13.08,227400
SDD,2009-10-07,13.96,13.96,13.84,13.96,117200
SDD,2009-10-08,14.9,14.9,14.19,14.9,613500
SDD,2009-10-09,15.84,15.84,15.84,15.84,162700
SDD,2009-10-12,16.89,16.89,16.89,16.89,62100
SDD,2009-10-13,18.06,18.06,18.01,18.06,306100
SDD,2009-10-14,19.3,19.3,18.59,19.3,479000
SDD,2009-10-15,20.47,20.47,20.47,20.47,66400
SDD,2009-10-16,21.88,21.88,20.47,21.76,714100
SDD,2009-10-19,21.7,21.99,20.23,21.11,413700
SDD,2009-10-20,21.58,22.11,21.17,22.05,417700
SDD,2009-10-21,22.52,22.58,21.88,22.23,237600
SDD,2009-10-22,22.29,22.87,20.7,20.94,241100
SDD,2009-10-23,20.82,20.82,19.59,19.59,125400
SDD,2009-10-26,18.36,18.36,18.36,18.36,20400
SDD,2009-10-27,17.13,17.13,17.13,17.13,5200
SDD,2009-10-28,15.95,17.6,15.95,16.13,614600
SDD,2009-10-29,15.07,16.19,15.07,15.07,214400
SDD,2009-10-30,15.13,16.19,15.13,16.19,63700
SDD,2009-11-02,17.01,17.01,15.07,15.07,220200
SDD,2009-11-03,14.19,15.13,14.08,14.08,98000
SDD,2009-11-04,13.26,15.13,13.26,14.08,264000
SDD,2009-11-05,14.66,14.9,14.66,14.9,63400
SDD,2009-11-06,15.89,15.89,15.25,15.89,413200
SDD,2009-11-09,16.95,16.95,14.84,14.84,169900
SDD,2009-11-10,14.43,15.78,14.14,14.25,187100
SDD,2009-11-11,15.07,15.48,13.72,15.43,208500
SDD,2009-11-12,15.78,15.89,15.25,15.89,229600
SDD,2009-11-13,15.54,16.13,15.25,15.84,150900
SDD,2009-11-16,16.13,16.89,16.13,16.89,361000
SDD,2009-11-17,17.95,18.01,16.72,17.42,239700
SDD,2009-11-18,16.72,17.3,16.31,16.36,253000
SDD,2009-11-19,16.6,17.48,16.42,16.83,145900
SDD,2009-11-20,16.83,17.3,16.01,16.42,135800
SDD,2009-11-23,16.66,17.01,15.43,15.54,153800
SDD,2009-11-24,15.43,15.89,15.13,15.13,137600
SDD,2009-11-25,14.72,15.31,14.43,14.43,168500
SDD,2009-11-26,13.78,13.78,13.61,13.61,12400
SDD,2009-11-27,12.67,14.55,12.67,12.79,293200
SDD,2009-11-30,13.37,14.08,12.9,14.08,179600
SDD,2009-12-01,13.84,14.49,13.84,14.49,128100
SDD,2009-12-02,15.37,15.43,13.43,13.55,127800
SDD,2009-12-03,13.2,13.84,12.9,13.43,85400
SDD,2009-12-04,13.37,13.72,13.2,13.37,54600
SDD,2009-12-07,13.78,13.78,12.79,13.49,54900
SDD,2009-12-08,13.31,13.31,12.43,12.43,81300
SDD,2009-12-09,12.43,12.43,11.73,11.73,48500
SDD,2009-12-10,11.03,12.32,10.91,10.91,102500
SDD,2009-12-11,11.14,11.14,10.44,10.44,45500
SDD,2009-12-14,9.79,11.14,9.79,10.91,138400
SDD,2009-12-15,11.14,11.14,10.26,10.26,63900
SDD,2009-12-16,10.56,10.56,9.97,9.97,33900
SDD,2009-12-17,9.38,9.68,9.38,9.38,70500
SDD,2009-12-18,9.38,10.03,9.38,10.03,126000
SDD,2009-12-21,10.5,10.56,9.97,10.56,40300
SDD,2009-12-22,10.91,11.26,10.56,10.67,153800
SDD,2009-12-23,10.67,11.67,10.21,11.67,204000
SDD,2009-12-24,11.2,11.97,11.03,11.97,113300
SDD,2009-12-25,12.61,12.61,12.61,12.61,17900
SDD,2009-12-28,13.49,13.49,12.79,13.49,195900
SDD,2009-12-29,13.96,14.37,13.43,14.08,380400
SDD,2009-12-30,14.19,15.13,14.08,15.13,318800
SDD,2009-12-31,15.72,15.78,15.25,15.78,196600
SDD,2010-01-04,16.42,16.77,16.42,16.77,28100
SDD,2010-01-05,17.95,17.95,17.01,17.13,277000
SDD,2010-01-06,16.72,17.6,16.6,16.6,327500
SDD,2010-01-07,15.78,16.42,15.78,15.78,376600
SDD,2010-01-08,15.25,17.13,15.25,16.36,286900
SDD,2010-01-11,17.01,17.01,15.43,15.78,108200
SDD,2010-01-12,15.84,16.13,14.78,14.78,76400
SDD,2010-01-13,14.37,16.01,14.08,15.54,221600
SDD,2010-01-14,15.72,15.78,15.54,15.78,136000
SDD,2010-01-15,15.84,16.13,15.01,15.25,81000
SDD,2010-01-18,14.66,14.66,14.49,14.49,129100
SDD,2010-01-19,14.08,15.25,14.08,14.96,64100
SDD,2010-01-20,15.25,15.37,13.78,14.08,91100
SDD,2010-01-21,14.19,14.19,13.37,13.37,138800
SDD,2010-01-22,12.61,13.67,12.55,13.43,118100
SDD,2010-01-25,13.49,13.78,13.2,13.78,85200
SDD,2010-01-26,14.31,14.55,14.31,14.55,43600
SDD,2010-01-27,15.48,15.48,13.49,14.08,79500
SDD,2010-01-28,14.43,14.43,13.43,13.49,108900
SDD,2010-01-29,13.43,13.96,13.2,13.78,60100
SDD,2010-02-01,14.19,14.19,13.49,13.78,77500
SDD,2010-02-02,14.37,14.37,13.49,13.49,29700
SDD,2010-02-03,13.72,13.78,13.37,13.67,46600
SDD,2010-02-04,13.96,13.96,13.49,13.72,84600
SDD,2010-02-05,13.49,14.08,13.2,13.49,41900
SDD,2010-02-08,12.9,13.49,12.9,13.02,19500
SDD,2010-02-09,13.31,13.31,12.73,12.79,33600
SDD,2010-02-10,13.49,13.49,13.2,13.31,26800
SDD,2010-02-11,12.9,13.49,12.9,13.49,51000
SDD,2010-02-12,13.9,13.96,13.49,13.55,15300
SDD,2010-02-22,14.08,14.66,13.9,14.14,67900
SDD,2010-02-23,13.37,13.96,13.31,13.49,25400
SDD,2010-02-24,13.31,13.61,13.31,13.55,57700
SDD,2010-02-25,13.96,14.02,13.49,13.61,21600
SDD,2010-02-26,13.72,13.84,13.49,13.78,26000
SDD,2010-03-01,13.08,14.6,13.08,14.6,98900
SDD,2010-03-02,14.66,14.78,14.19,14.55,200800
SDD,2010-03-03,14.66,15.6,14.49,15.6,228400
SDD,2010-03-04,16.07,16.31,15.31,15.6,173300
SDD,2010-03-05,16.07,16.13,15.54,15.95,122500
SDD,2010-03-08,16.72,16.95,15.84,15.95,117400
SDD,2010-03-09,15.72,15.95,15.19,15.37,133500
SDD,2010-03-10,15.66,15.84,14.84,15.48,177200
SDD,2010-03-11,15.84,16.36,15.54,15.84,188700
SDD,2010-03-12,16.42,16.42,15.66,15.95,100100
SDD,2010-03-15,16.72,16.72,15.54,15.78,97000
SDD,2010-03-16,15.6,15.84,14.9,14.9,190600
SDD,2010-03-17,15.01,15.25,14.14,14.55,147000
SDD,2010-03-18,15.07,15.13,14.43,15.07,107100
SDD,2010-03-19,14.96,15.01,14.6,14.66,59200
SDD,2010-03-22,14.25,15.25,14.25,14.9,52400
SDD,2010-03-23,14.37,14.72,14.08,14.14,85900
SDD,2010-03-24,14.78,14.78,14.25,14.6,54200
SDD,2010-03-25,13.78,14.31,13.78,13.84,68200
SDD,2010-03-26,14.08,14.14,13.67,14.02,51400
SDD,2010-03-29,13.78,14.19,13.08,14.08,31600
SDD,2010-03-30,14.08,14.08,13.49,13.61,44700
SDD,2010-03-31,13.9,13.9,13.37,13.49,31600
SDD,2010-04-01,14.02,14.02,13.37,13.72,50000
SDD,2010-04-02,14.08,14.08,13.61,13.72,23000
SDD,2010-04-05,14.19,14.66,14.19,14.6,65300
SDD,2010-04-06,14.37,14.66,13.84,14.08,56200
SDD,2010-04-07,14.08,14.37,13.78,14.25,54900
SDD,2010-04-08,14.19,15.07,14.19,15.07,314700
SDD,2010-04-09,15.84,16.01,15.13,15.31,226100
SDD,2010-04-12,15.6,15.6,14.66,14.84,84400
SDD,2010-04-13,14.66,15.07,14.37,14.49,66000
SDD,2010-04-14,14.78,14.78,14.25,14.49,85800
SDD,2010-04-15,14.66,14.96,14.37,14.96,179800
SDD,2010-04-16,14.78,15.31,14.66,15.25,265800
SDD,2010-04-19,15.25,15.25,14.43,14.49,119500
SDD,2010-04-20,14.6,15.07,14.55,14.96,147200
SDD,2010-04-21,15.19,15.84,15.19,15.84,354600
SDD,2010-04-22,16.72,16.83,15.25,15.25,344200
SDD,2010-04-26,15.31,15.37,15.19,15.19,80800
SDD,2010-04-27,15.25,15.25,14.72,15.07,77500
SDD,2010-04-28,14.72,15.37,14.72,15.25,113400
SDD,2010-04-29,14.96,16.19,14.96,16.19,567300
SDD,2010-05-04,16.72,16.95,16.72,16.95,104200
SDD,2010-05-05,18.12,18.12,17.6,18.12,589000
SDD,2010-05-06,19.36,19.36,19.36,19.36,112200
SDD,2010-05-07,20.7,20.7,20.7,20.7,190600
SDD,2010-05-10,22.11,22.11,19.36,22.11,1782900
SDD,2010-05-11,23.23,23.23,22.87,23.23,265100
SDD,2010-05-12,24.81,24.81,21.64,21.99,645100
SDD,2010-05-13,22.29,23.81,21.64,21.82,411300
SDD,2010-05-14,21.7,21.7,20.82,21.41,440900
SDD,2010-05-17,21.0,22.35,21.0,21.99,513800
SDD,2010-05-18,22.58,22.58,20.82,21.0,161500
SDD,2010-05-19,20.53,20.53,19.82,19.82,143200
SDD,2010-05-20,18.77,19.88,18.53,19.06,342500
SDD,2010-05-21,17.42,18.18,17.42,17.42,108300
SDD,2010-05-24,16.25,17.36,16.25,16.77,267300
SDD,2010-05-25,16.6,17.71,16.42,17.71,306400
SDD,2010-05-26,17.6,18.65,17.54,18.65,77300
SDD,2010-05-27,19.36,19.59,18.18,19.59,230600
SDD,2010-05-28,20.47,20.53,20.23,20.53,154000
SDD,2010-05-31,20.53,21.06,19.18,19.65,235000
SDD,2010-06-01,18.48,19.65,18.3,19.12,270700
SDD,2010-06-02,17.89,19.36,17.89,19.06,121500
SDD,2010-06-03,19.94,19.94,19.06,19.24,131900
SDD,2010-06-04,18.83,19.65,18.59,18.77,76200
SDD,2010-06-07,17.65,18.18,17.65,17.71,231700
SDD,2010-06-08,17.89,19.0,17.71,19.0,231500
SDD,2010-06-09,19.36,19.65,19.36,19.53,263600
SDD,2010-06-10,19.36,19.65,19.12,19.53,90200
SDD,2010-06-11,19.94,19.94,19.24,19.77,215100
SDD,2010-06-14,19.65,20.88,19.65,20.7,286200
SDD,2010-06-15,20.53,20.82,19.94,20.41,188400
SDD,2010-06-16,20.47,21.11,20.47,20.53,143200
SDD,2010-06-17,20.53,20.7,19.94,20.06,174500
SDD,2010-06-18,20.0,20.76,20.0,20.53,140000
SDD,2010-06-21,21.11,21.7,20.53,21.11,195100
SDD,2010-06-22,21.0,21.0,20.23,20.7,124900
SDD,2010-06-23,19.65,20.53,19.65,19.88,106800
SDD,2010-06-24,20.23,20.47,19.82,20.0,85500
SDD,2010-06-25,19.47,19.94,19.06,19.47,132600
SDD,2010-06-28,19.59,20.29,19.59,20.06,97700
SDD,2010-06-29,20.82,21.41,20.7,21.35,532600
SDD,2010-06-30,20.23,22.23,20.18,21.7,302200
SDD,2010-07-01,20.59,22.58,20.53,21.82,237300
SDD,2010-07-02,22.29,22.29,20.94,21.11,124300
SDD,2010-07-05,21.64,21.64,21.11,21.29,175600
SDD,2010-07-06,21.29,21.29,20.59,20.82,165500
SDD,2010-07-07,21.29,21.29,19.82,19.94,144000
SDD,2010-07-08,21.64,21.7,20.47,20.82,104700
SDD,2010-07-09,20.53,21.0,20.53,20.65,83000
SDD,2010-07-12,20.65,21.11,20.53,20.82,87200
SDD,2010-07-13,20.94,21.88,20.94,21.35,121900
SDD,2010-07-14,21.88,22.23,21.11,21.53,164200
SDD,2010-07-15,21.11,22.87,20.7,21.88,390200
SDD,2010-07-16,22.41,22.41,21.58,21.76,96100
SDD,2010-07-19,21.7,21.94,21.53,21.82,158700
SDD,2010-07-20,21.7,21.88,21.41,21.58,155100
SDD,2010-07-21,21.7,21.7,21.17,21.17,118100
SDD,2010-07-22,21.17,21.58,20.82,21.0,150900
SDD,2010-07-23,21.82,21.82,21.11,21.35,107700
SDD,2010-07-26,20.82,21.64,20.53,20.82,124200
SDD,2010-07-27,21.11,21.17,20.65,20.76,72400
SDD,2010-07-28,20.94,20.94,19.88,20.0,103900
SDD,2010-07-29,20.12,21.41,19.94,20.82,67900
SDD,2010-07-30,20.53,20.94,20.47,20.65,43400
SDD,2010-08-02,20.53,20.53,19.94,20.35,38800
SDD,2010-08-03,20.76,20.76,19.88,19.88,60000
SDD,2010-08-04,19.36,19.47,18.89,18.89,237400
SDD,2010-08-05,18.77,19.24,17.65,17.95,165200
SDD,2010-08-06,17.65,17.83,17.01,17.24,57600
SDD,2010-08-09,17.83,17.83,16.13,16.13,82700
SDD,2010-08-10,16.25,16.25,15.13,15.31,181000
SDD,2010-08-11,15.25,16.13,15.19,16.13,151700
SDD,2010-08-12,15.66,15.66,14.6,14.6,103800
SDD,2010-08-13,13.78,14.96,13.67,14.84,126200
SDD,2010-08-16,15.13,15.37,15.13,15.37,13300
SDD,2010-08-17,16.36,16.36,15.6,16.13,474600
SDD,2010-08-18,16.83,16.83,15.19,15.54,183700
SDD,2010-08-19,15.84,16.77,15.6,16.77,247000
SDD,2010-08-20,17.54,17.77,15.78,15.84,154700
SDD,2010-08-23,15.31,16.31,15.31,15.31,150200
SDD,2010-08-24,14.31,14.37,14.31,14.31,73800
SDD,2010-08-25,13.31,13.31,13.31,13.31,86100
SDD,2010-08-26,14.18,14.18,13.3,14.18,292200
SDD,2010-08-27,14.56,14.56,13.11,13.11,225800
SDD,2010-08-30,13.4,14.27,13.4,14.27,84400
SDD,2010-08-31,15.15,15.24,14.27,15.24,311100
SDD,2010-09-01,15.73,16.02,15.53,16.02,332600
SDD,2010-09-06,16.99,16.99,16.51,16.99,53500
SDD,2010-09-07,18.06,18.06,16.99,18.06,544300
SDD,2010-09-08,18.45,18.45,16.8,16.99,421900
SDD,2010-09-09,16.99,18.06,16.99,18.06,298000
SDD,2010-09-10,18.16,18.35,16.8,16.8,323500
SDD,2010-09-13,16.51,16.8,16.12,16.12,264100
SDD,2010-09-14,16.21,16.8,15.15,16.41,108700
SDD,2010-09-15,16.21,16.21,15.34,15.53,106700
SDD,2010-09-16,16.02,16.02,15.53,15.83,67300
SDD,2010-09-17,16.12,16.7,16.12,16.7,217900
SDD,2010-09-20,17.67,17.86,17.18,17.48,350600
SDD,2010-09-21,17.48,17.96,16.6,16.8,185800
SDD,2010-09-22,17.38,17.38,16.7,16.89,64500
SDD,2010-09-23,16.51,16.7,15.92,16.51,143600
SDD,2010-09-24,16.51,16.7,16.21,16.31,118800
SDD,2010-09-27,16.7,16.99,16.12,16.31,68500
SDD,2010-09-28,16.8,17.09,16.41,16.6,117500
SDD,2010-09-29,16.6,16.6,15.92,15.92,79000
SDD,2010-09-30,15.83,15.92,15.63,15.83,80300
SDD,2010-10-01,16.02,16.51,15.53,15.53,54700
SDD,2010-10-04,15.53,15.63,14.56,14.56,114500
SDD,2010-10-05,14.76,15.44,14.56,15.15,61300
SDD,2010-10-06,15.53,15.92,15.34,15.92,72700
SDD,2010-10-07,15.34,15.83,15.05,15.05,41800
SDD,2010-10-08,15.05,15.24,14.56,14.66,30600
SDD,2010-10-11,15.05,15.05,14.56,14.66,15500
SDD,2010-10-12,14.27,14.66,13.69,13.88,117400
SDD,2010-10-13,13.98,14.08,13.59,13.98,47400
SDD,2010-10-14,14.56,14.56,13.79,13.88,34100
SDD,2010-10-15,13.88,13.88,13.4,13.5,66000
SDD,2010-10-18,13.2,13.88,13.2,13.4,145700
SDD,2010-10-19,12.52,13.11,12.52,12.72,127100
SDD,2010-10-20,12.33,12.33,11.94,12.14,113200
SDD,2010-10-21,11.26,12.82,11.26,12.52,86500
SDD,2010-10-22,12.82,12.82,12.33,12.52,62300
SDD,2010-10-25,12.82,12.82,12.04,12.72,37100
SDD,2010-10-26,12.62,13.2,12.62,13.2,49800
SDD,2010-10-27,13.5,13.59,12.72,12.72,48700
SDD,2010-10-28,12.72,13.01,12.52,12.62,26300
SDD,2010-10-29,12.91,13.01,12.43,12.62,49000
SDD,2010-11-01,12.62,12.91,12.14,12.23,35900
SDD,2010-11-02,12.14,12.23,11.75,11.94,53600
SDD,2010-11-03,12.04,12.04,11.36,11.65,70000
SDD,2010-11-04,11.46,11.84,11.36,11.75,87400
SDD,2010-11-05,12.23,12.33,12.14,12.33,67400
SDD,2010-11-08,12.23,13.01,12.23,12.62,166000
SDD,2010-11-09,12.23,12.23,11.84,11.94,45900
SDD,2010-11-10,11.94,12.43,11.84,12.04,46700
SDD,2010-11-11,11.84,11.84,11.55,11.65,58600
SDD,2010-11-12,11.94,11.94,10.97,11.07,73500
SDD,2010-11-15,11.65,11.84,11.07,11.26,66300
SDD,2010-11-16,11.46,11.55,10.68,11.07,42400
SDD,2010-11-17,10.68,11.36,10.68,11.17,26100
SDD,2010-11-18,11.46,11.94,11.46,11.84,83600
SDD,2010-11-19,12.04,12.04,11.07,11.07,47700
SDD,2010-11-22,10.68,11.17,10.68,11.17,30900
SDD,2010-11-23,11.17,11.26,11.07,11.26,24300
SDD,2010-11-24,10.58,11.36,10.58,11.17,45800
SDD,2010-11-25,11.07,11.75,11.07,11.75,140500
SDD,2010-11-26,11.75,12.43,11.65,12.14,122700
SDD,2010-11-29,12.14,12.91,11.94,12.91,201000
SDD,2010-11-30,13.4,13.5,13.11,13.5,142800
SDD,2010-12-01,13.11,13.79,12.52,12.52,177500
SDD,2010-12-02,12.14,13.4,11.94,12.91,158200
SDD,2010-12-03,13.59,13.69,13.59,13.69,217800
SDD,2010-12-06,14.56,14.56,14.08,14.47,318100
SDD,2010-12-07,14.37,14.95,13.59,13.59,145600
SDD,2010-12-08,13.79,14.08,13.11,13.11,63200
SDD,2010-12-09,13.2,13.5,12.52,13.4,134800
SDD,2010-12-10,13.59,13.98,13.3,13.98,142900
SDD,2010-12-13,14.56,14.56,14.37,14.56,178600
SDD,2010-12-14,13.59,14.56,13.59,13.59,138700
SDD,2010-12-15,14.08,14.08,12.91,13.2,114500
SDD,2010-12-16,13.2,13.2,12.43,12.52,58900
SDD,2010-12-17,13.2,13.4,12.43,13.4,47300
SDD,2010-12-20,13.11,13.3,12.62,12.62,40500
SDD,2010-12-21,12.82,12.82,12.33,12.62,64900
SDD,2010-12-22,12.43,13.11,12.33,12.52,38500
SDD,2010-12-23,12.82,12.82,12.14,12.23,21800
SDD,2010-12-24,12.62,12.72,12.23,12.33,21700
SDD,2010-12-27,13.11,13.11,12.62,12.62,12400
SDD,2010-12-28,12.82,13.2,12.43,13.01,92000
SDD,2010-12-29,13.3,13.3,12.33,12.43,22400
SDD,2010-12-30,12.62,12.72,12.23,12.23,7400
SDD,2010-12-31,12.91,12.91,12.14,12.23,22300
SDD,2011-01-04,12.62,12.91,12.23,12.33,33000
SDD,2011-01-05,12.14,12.43,11.94,12.04,32400
SDD,2011-01-06,11.65,12.04,11.65,11.94,26900
SDD,2011-01-07,11.75,12.14,11.65,11.75,25500
SDD,2011-01-10,11.65,11.65,11.36,11.36,24900
SDD,2011-01-11,11.26,11.46,11.07,11.46,52300
SDD,2011-01-12,11.94,11.94,11.17,11.26,17900
SDD,2011-01-13,11.26,11.65,11.26,11.46,15900
SDD,2011-01-14,11.55,11.75,11.46,11.65,25700
SDD,2011-01-17,11.75,12.14,11.65,11.65,27200
SDD,2011-01-18,11.84,11.94,11.46,11.46,21500
SDD,2011-01-19,11.75,11.75,11.55,11.65,11000
SDD,2011-01-20,11.65,11.84,11.46,11.46,21900
SDD,2011-01-21,11.75,11.75,11.46,11.55,22700
SDD,2011-01-24,11.46,11.46,10.87,10.87,21600
SDD,2011-01-25,11.07,11.07,10.78,10.97,16500
SDD,2011-01-26,10.87,11.26,10.87,10.97,27200
SDD,2011-01-27,11.36,11.36,10.78,11.26,12400
SDD,2011-01-28,11.17,11.26,10.97,10.97,23700
SDD,2011-02-08,11.46,11.84,11.46,11.65,21000
SDD,2011-02-09,11.17,11.84,11.17,11.65,36200
SDD,2011-02-10,11.65,11.65,11.46,11.65,14700
SDD,2011-02-11,11.65,11.65,11.46,11.46,10300
SDD,2011-02-14,11.65,11.65,11.46,11.55,5600
SDD,2011-02-15,11.55,11.55,11.17,11.26,33300
SDD,2011-02-16,11.17,11.17,10.97,10.97,11400
SDD,2011-02-17,10.68,10.97,10.68,10.97,11500
SDD,2011-02-18,10.49,10.58,10.1,10.29,23700
SDD,2011-02-21,9.9,10.0,9.71,9.71,65300
SDD,2011-02-22,9.13,9.42,9.03,9.42,19000
SDD,2011-02-23,9.71,9.71,9.51,9.71,51600
SDD,2011-02-24,9.22,9.61,9.13,9.61,16400
SDD,2011-02-25,9.71,9.81,9.22,9.71,27700
SDD,2011-02-28,9.71,9.81,9.61,9.61,11500
SDD,2011-03-01,9.51,9.51,9.22,9.42,16300
SDD,2011-03-02,9.13,9.13,8.84,8.84,54300
SDD,2011-03-03,8.45,8.64,8.35,8.64,17300
SDD,2011-03-04,7.86,8.35,7.86,8.16,35200
SDD,2011-03-07,8.16,8.16,7.67,7.86,20500
SDD,2011-03-08,8.06,8.06,7.67,7.67,11000
SDD,2011-03-09,7.48,7.77,7.48,7.48,27100
SDD,2011-03-10,7.57,8.06,7.57,8.06,15100
SDD,2011-03-11,8.45,8.45,8.45,8.45,4300
SDD,2011-03-14,8.74,8.84,7.86,8.16,28900
SDD,2011-03-15,8.25,8.25,7.96,7.96,16900
SDD,2011-03-16,8.16,8.35,7.86,8.16,31100
SDD,2011-03-17,8.35,8.54,8.16,8.45,35100
SDD,2011-03-18,8.54,9.03,8.54,9.03,73100
SDD,2011-03-21,9.42,9.51,9.22,9.51,88800
SDD,2011-03-22,9.71,9.71,9.22,9.22,44000
SDD,2011-03-23,9.61,9.61,9.03,9.32,17200
SDD,2011-03-24,9.51,9.51,9.13,9.13,12400
SDD,2011-03-25,9.22,9.22,8.74,8.84,11800
SDD,2011-03-28,8.84,8.84,8.64,8.74,12600
SDD,2011-03-29,8.74,8.93,8.54,8.74,15600
SDD,2011-03-30,8.45,8.64,8.35,8.64,3500
SDD,2011-03-31,8.45,8.45,8.06,8.16,20500
SDD,2011-04-01,8.45,8.45,8.16,8.16,20400
SDD,2011-04-04,8.54,8.54,8.06,8.45,1800
SDD,2011-04-05,8.06,8.54,7.96,7.96,5000
SDD,2011-04-06,8.45,8.45,8.16,8.35,9400
SDD,2011-04-07,8.74,8.74,8.16,8.16,1500
SDD,2011-04-08,8.35,8.35,7.77,7.96,13200
SDD,2011-04-13,7.96,7.96,7.67,7.96,19900
SDD,2011-04-14,7.67,7.67,7.57,7.57,6600
SDD,2011-04-15,7.57,7.96,7.57,7.67,4800
SDD,2011-04-18,7.38,7.67,7.38,7.67,16400
SDD,2011-04-19,7.67,7.86,7.28,7.28,3200
SDD,2011-04-20,7.48,7.48,6.99,7.09,24900
SDD,2011-04-21,6.89,7.28,6.51,6.8,40500
SDD,2011-04-22,7.09,7.09,6.41,6.6,12200
SDD,2011-04-25,6.89,6.89,6.7,6.89,11900
SDD,2011-04-26,7.09,7.09,6.8,6.8,1300
SDD,2011-04-27,6.6,6.6,6.41,6.51,3600
SDD,2011-04-28,6.89,6.89,6.41,6.51,7200
SDD,2011-04-29,6.41,6.7,6.31,6.6,21900
SDD,2011-05-04,6.89,6.89,6.21,6.31,27900
SDD,2011-05-05,6.41,6.51,6.31,6.31,14500
SDD,2011-05-06,6.51,6.6,6.31,6.51,10700
SDD,2011-05-09,6.8,6.8,6.31,6.7,2400
SDD,2011-05-10,6.7,6.7,6.51,6.6,5800
SDD,2011-05-11,6.7,6.7,6.7,6.7,200
SDD,2011-05-12,6.8,6.8,6.6,6.6,78100
SDD,2011-05-13,6.6,6.7,6.41,6.41,11000
SDD,2011-05-16,6.51,6.51,6.31,6.31,24600
SDD,2011-05-17,6.31,6.31,6.02,6.02,25200
SDD,2011-05-18,5.83,5.83,5.63,5.63,33300
SDD,2011-05-19,5.34,5.83,5.24,5.34,28600
SDD,2011-05-20,5.24,5.34,5.15,5.24,36000
SDD,2011-05-23,5.44,5.44,4.95,5.15,21700
SDD,2011-05-24,5.05,5.05,4.85,4.95,20700
SDD,2011-05-25,4.76,4.76,4.66,4.66,18100
SDD,2011-05-26,4.37,4.66,4.37,4.37,561300
SDD,2011-05-27,4.47,4.66,4.17,4.66,298300
SDD,2011-05-30,4.56,4.56,4.17,4.17,113000
SDD,2011-05-31,3.98,4.47,3.98,3.98,93700
SDD,2011-06-01,3.98,4.17,3.98,4.17,126700
SDD,2011-06-02,4.37,4.47,4.37,4.47,67200
SDD,2011-06-03,4.76,4.76,4.47,4.66,629000
SDD,2011-06-06,4.47,4.66,4.37,4.56,149000
SDD,2011-06-07,4.56,4.76,4.56,4.76,221100
SDD,2011-06-08,4.95,5.05,4.76,5.05,580400
SDD,2011-06-09,5.24,5.34,5.15,5.34,177800
SDD,2011-06-10,5.63,5.63,5.63,5.63,3900
SDD,2011-06-13,6.02,6.02,6.02,6.02,70400
SDD,2011-06-14,6.41,6.41,6.12,6.41,1012900
SDD,2011-06-15,6.8,6.8,6.02,6.21,772200
SDD,2011-06-16,6.31,6.8,6.31,6.8,639700
SDD,2011-06-17,7.18,7.18,6.51,6.8,426500
SDD,2011-06-20,6.41,6.7,6.31,6.31,340300
SDD,2011-06-21,6.02,6.51,6.02,6.21,586800
SDD,2011-06-22,6.21,6.51,6.02,6.21,272900
SDD,2011-06-23,6.12,6.31,5.92,6.02,279400
SDD,2011-06-24,6.21,6.31,5.73,6.02,211500
SDD,2011-06-27,5.83,5.92,5.53,5.63,315000
SDD,2011-06-28,5.63,5.73,5.44,5.53,216100
SDD,2011-06-29,5.34,5.83,5.34,5.83,267400
SDD,2011-06-30,6.21,6.21,6.12,6.21,574500
SDD,2011-07-01,6.41,6.41,5.83,5.83,195600
SDD,2011-07-04,5.73,5.92,5.53,5.92,128400
SDD,2011-07-05,6.02,6.12,6.02,6.12,257400
SDD,2011-07-06,5.92,6.02,5.73,5.83,164400
SDD,2011-07-07,5.73,5.92,5.73,5.73,128500
SDD,2011-07-08,5.63,5.92,5.53,5.83,105100
SDD,2011-07-11,5.73,5.73,5.44,5.53,120200
SDD,2011-07-12,5.34,5.53,5.24,5.53,206200
SDD,2011-07-13,5.63,5.63,5.34,5.53,83800
SDD,2011-07-14,5.34,5.53,5.34,5.44,145400
SDD,2011-07-15,5.44,5.44,5.15,5.24,109600
SDD,2011-07-18,5.53,5.53,4.95,5.05,213200
SDD,2011-07-19,4.85,4.95,4.76,4.76,195100
SDD,2011-07-20,4.56,5.05,4.56,5.05,108400
SDD,2011-07-21,5.15,5.24,5.05,5.05,137800
SDD,2011-07-22,5.05,5.05,4.85,4.85,95800
SDD,2011-07-25,4.85,4.85,4.66,4.66,84400
SDD,2011-07-26,4.76,4.85,4.66,4.66,102000
SDD,2011-07-27,4.76,4.95,4.66,4.85,28100
SDD,2011-07-28,4.85,5.05,4.85,4.95,91100
SDD,2011-07-29,4.85,4.95,4.76,4.76,64100
SDD,2011-08-01,4.76,4.76,4.66,4.66,88000
SDD,2011-08-02,4.56,4.56,4.37,4.47,138200
SDD,2011-08-03,4.37,4.66,4.37,4.66,107600
SDD,2011-08-04,4.66,4.76,4.56,4.76,91800
SDD,2011-08-05,4.85,5.05,4.76,4.95,215200
SDD,2011-08-08,4.85,4.85,4.76,4.76,45000
SDD,2011-08-09,4.56,4.56,4.47,4.47,154500
SDD,2011-08-10,4.76,4.76,4.56,4.76,200000
SDD,2011-08-11,4.66,4.85,4.56,4.76,93500
SDD,2011-08-12,4.85,4.85,4.76,4.76,87400
SDD,2011-08-15,4.76,4.76,4.56,4.56,36000
SDD,2011-08-16,4.66,4.85,4.66,4.76,77600
SDD,2011-08-17,4.85,5.05,4.85,5.05,249800
SDD,2011-08-18,5.05,5.34,5.05,5.34,391100
SDD,2011-08-19,5.44,5.44,5.05,5.24,243200
SDD,2011-08-22,5.34,5.53,5.34,5.53,121100
SDD,2011-08-23,5.83,5.83,5.53,5.63,337900
SDD,2011-08-24,5.73,5.92,5.44,5.53,217200
SDD,2011-08-25,5.73,5.73,5.44,5.53,231600
SDD,2011-08-26,5.53,5.53,5.34,5.34,226300
SDD,2011-08-29,5.53,5.73,5.44,5.73,223700
SDD,2011-08-30,6.02,6.02,5.83,6.02,469100
SDD,2011-08-31,6.12,6.21,5.83,5.92,294800
SDD,2011-09-01,6.02,6.41,5.83,6.31,537200
SDD,2011-09-05,6.31,6.31,5.73,5.83,253800
SDD,2011-09-06,5.73,5.83,5.63,5.63,282200
SDD,2011-09-07,5.83,6.02,5.83,6.02,245300
SDD,2011-09-08,6.31,6.31,6.12,6.21,653500
SDD,2011-09-09,6.12,6.41,6.02,6.21,297300
SDD,2011-09-12,6.12,6.6,6.12,6.6,723400
SDD,2011-09-13,6.89,6.99,6.7,6.99,204600
SDD,2011-09-14,7.48,7.48,6.99,7.09,1868600
SDD,2011-09-15,7.09,7.28,6.99,6.99,700900
SDD,2011-09-16,6.99,7.28,6.51,6.6,507400
SDD,2011-09-19,6.8,6.99,6.41,6.8,266600
SDD,2011-09-20,6.8,6.89,6.41,6.41,336200
SDD,2011-09-21,6.7,6.7,6.31,6.51,291600
SDD,2011-09-22,6.51,6.7,6.31,6.6,221500
SDD,2011-09-23,6.51,6.6,6.31,6.51,167800
SDD,2011-09-26,6.51,6.51,6.12,6.21,200300
SDD,2011-09-27,6.12,6.41,6.12,6.31,222200
SDD,2011-09-28,6.51,6.6,6.31,6.51,543400
SDD,2011-09-29,6.41,6.41,6.02,6.02,376600
SDD,2011-09-30,6.12,6.12,5.83,5.92,176300
SDD,2011-10-03,5.63,5.83,5.53,5.53,348000
SDD,2011-10-04,5.34,5.73,5.24,5.63,229400
SDD,2011-10-05,5.63,5.73,5.44,5.63,170300
SDD,2011-10-06,5.83,6.02,5.73,6.02,497100
SDD,2011-10-07,6.41,6.41,5.83,5.83,236200
SDD,2011-10-10,5.92,6.12,5.63,5.63,112300
SDD,2011-10-11,5.83,5.92,5.63,5.73,67000
SDD,2011-10-12,5.44,5.53,5.34,5.34,363700
SDD,2011-10-13,5.44,5.44,5.15,5.34,73700
SDD,2011-10-14,5.44,5.53,5.34,5.44,93600
SDD,2011-10-17,5.44,5.44,5.15,5.15,171900
SDD,2011-10-18,5.0,5.1,4.9,5.1,103000
SDD,2011-10-19,5.2,5.3,5.0,5.2,49700
SDD,2011-10-20,5.2,5.5,5.2,5.3,73000
SDD,2011-10-21,5.5,5.7,5.5,5.7,235100
SDD,2011-10-24,5.8,5.9,5.6,5.6,137000
SDD,2011-10-25,5.5,5.7,5.4,5.4,91400
SDD,2011-10-26,5.4,5.5,5.2,5.4,154700
SDD,2011-10-27,5.4,5.4,5.3,5.4,94200
SDD,2011-10-28,5.5,5.6,5.5,5.6,282500
SDD,2011-10-31,5.9,5.9,5.4,5.7,304500
SDD,2011-11-01,5.6,5.6,5.4,5.5,271900
SDD,2011-11-02,5.3,5.4,5.1,5.3,179700
SDD,2011-11-03,5.3,5.4,5.2,5.4,71900
SDD,2011-11-04,5.4,5.4,5.1,5.3,244600
SDD,2011-11-07,5.2,5.2,5.0,5.1,145700
SDD,2011-11-08,5.0,5.2,5.0,5.2,111200
SDD,2011-11-09,5.2,5.2,4.9,4.9,92100
SDD,2011-11-10,4.9,4.9,4.7,4.8,93200
SDD,2011-11-11,4.8,4.9,4.7,4.7,70300
SDD,2011-11-14,4.8,4.8,4.5,4.6,197200
SDD,2011-11-15,4.5,4.7,4.5,4.6,89000
SDD,2011-11-16,4.6,4.9,4.6,4.9,289600
SDD,2011-11-17,5.0,5.0,4.7,4.8,152400
SDD,2011-11-18,4.7,4.7,4.6,4.7,236300
SDD,2011-11-21,4.6,4.6,4.4,4.4,70200
SDD,2011-11-22,4.4,4.6,4.3,4.6,109100
SDD,2011-11-23,4.5,4.7,4.5,4.6,79500
SDD,2011-11-24,4.5,4.6,4.4,4.4,80300
SDD,2011-11-25,4.3,4.4,4.2,4.4,64700
SDD,2011-11-28,4.4,4.6,4.4,4.6,128900
SDD,2011-11-29,4.7,4.7,4.4,4.5,56200
SDD,2011-11-30,4.4,4.4,4.3,4.4,36400
SDD,2011-12-01,4.5,4.6,4.4,4.5,131700
SDD,2011-12-02,4.5,4.7,4.4,4.7,122000
SDD,2011-12-05,4.8,4.9,4.7,4.9,277100
SDD,2011-12-06,5.1,5.2,4.8,4.9,250900
SDD,2011-12-07,4.7,4.9,4.7,4.7,154800
SDD,2011-12-08,4.7,4.8,4.6,4.7,78700
SDD,2011-12-09,4.5,4.7,4.4,4.5,76400
SDD,2011-12-12,4.4,4.6,4.3,4.4,123500
SDD,2011-12-13,4.3,4.5,4.2,4.2,156800
SDD,2011-12-14,4.3,4.3,4.0,4.1,162500
SDD,2011-12-15,4.0,4.0,3.9,4.0,136300
SDD,2011-12-16,4.0,4.1,3.8,4.1,102800
SDD,2011-12-19,4.0,4.1,3.9,3.9,64200
SDD,2011-12-20,3.9,3.9,3.8,3.8,129800
SDD,2011-12-21,3.8,3.9,3.7,3.8,56100
SDD,2011-12-22,3.7,3.7,3.6,3.6,107200
SDD,2011-12-23,3.5,3.5,3.4,3.4,175900
SDD,2011-12-26,3.4,3.4,3.2,3.2,21300
SDD,2011-12-27,3.0,3.0,3.0,3.0,196600
SDD,2011-12-28,2.8,3.2,2.8,3.1,146500
SDD,2011-12-29,3.2,3.2,2.8,2.9,106200
SDD,2011-12-30,3.0,3.1,2.8,3.1,80000
SDD,2012-01-03,3.1,3.2,3.0,3.0,51200
SDD,2012-01-04,3.0,3.1,2.9,3.0,42300
SDD,2012-01-05,3.0,3.0,2.8,2.8,126100
SDD,2012-01-06,2.8,2.8,2.7,2.7,176400
SDD,2012-01-09,2.7,2.8,2.6,2.7,90300
SDD,2012-01-10,2.7,2.8,2.7,2.8,84300
SDD,2012-01-11,2.9,2.9,2.8,2.8,95100
SDD,2012-01-12,2.7,2.9,2.7,2.9,74800
SDD,2012-01-13,2.8,2.9,2.8,2.9,65000
SDD,2012-01-16,2.9,3.1,2.9,3.1,135700
SDD,2012-01-17,3.1,3.1,2.9,3.0,41400
SDD,2012-01-18,3.0,3.1,2.9,3.0,84300
SDD,2012-01-19,3.1,3.2,3.1,3.2,150900
SDD,2012-01-20,3.4,3.4,3.3,3.4,197800
SDD,2012-01-30,3.4,3.6,3.2,3.4,84600
SDD,2012-01-31,3.5,3.6,3.5,3.6,225600
SDD,2012-02-01,3.5,3.5,3.4,3.5,255100
SDD,2012-02-02,3.4,3.6,3.4,3.6,106900
SDD,2012-02-03,3.8,3.8,3.5,3.6,453200
SDD,2012-02-06,3.6,3.6,3.5,3.5,260500
SDD,2012-02-07,3.5,3.6,3.5,3.6,136900
SDD,2012-02-08,3.6,3.7,3.6,3.7,216100
SDD,2012-02-09,3.8,3.9,3.8,3.9,640800
SDD,2012-02-10,3.9,3.9,3.7,3.7,206100
SDD,2012-02-13,3.6,3.6,3.5,3.5,100500
SDD,2012-02-14,3.5,3.6,3.4,3.6,153500
SDD,2012-02-15,3.5,3.5,3.3,3.4,168700
SDD,2012-02-16,3.3,3.5,3.3,3.4,63600
SDD,2012-02-17,3.6,3.6,3.4,3.6,130900
SDD,2012-02-20,3.8,3.8,3.8,3.8,226700
SDD,2012-02-21,3.8,4.0,3.7,3.7,408400
SDD,2012-02-22,3.8,4.1,3.8,4.1,430500
SDD,2012-02-23,4.1,4.1,4.0,4.1,409100
SDD,2012-02-24,4.3,4.3,4.2,4.3,968500
SDD,2012-02-27,4.2,4.6,4.2,4.6,389900
SDD,2012-02-28,4.9,4.9,4.5,4.7,1140600
SDD,2012-02-29,4.6,4.8,4.5,4.7,551600
SDD,2012-03-01,4.6,4.7,4.4,4.5,529500
SDD,2012-03-02,4.5,4.8,4.5,4.8,474300
SDD,2012-03-05,4.9,5.0,4.9,5.0,81700
SDD,2012-03-06,5.0,5.3,4.8,5.0,1274400
SDD,2012-03-07,5.2,5.2,4.9,5.1,611600
SDD,2012-03-08,4.8,5.0,4.7,4.7,487700
SDD,2012-03-09,4.6,4.8,4.5,4.7,430400
SDD,2012-03-12,4.4,4.5,4.3,4.3,374300
SDD,2012-03-13,4.4,4.6,4.2,4.6,264800
SDD,2012-03-14,4.6,4.6,4.4,4.4,153600
SDD,2012-03-15,4.4,4.8,4.3,4.8,479800
SDD,2012-03-16,5.0,5.0,4.9,4.9,720900
SDD,2012-03-19,5.0,5.1,4.7,4.7,274600
SDD,2012-03-20,4.9,4.9,4.6,4.8,218400
SDD,2012-03-21,4.9,5.0,4.7,4.9,876900
SDD,2012-03-22,5.1,5.2,4.8,5.1,736700
SDD,2012-03-23,5.3,5.4,5.2,5.4,536700
SDD,2012-03-26,5.6,5.7,5.5,5.7,1145000
SDD,2012-03-27,6.0,6.0,5.4,5.4,1104200
SDD,2012-03-28,5.1,5.4,5.1,5.2,958400
SDD,2012-03-29,5.4,5.5,5.1,5.1,731600
SDD,2012-03-30,4.8,5.2,4.8,4.8,480100
SDD,2012-04-03,4.7,5.1,4.6,5.1,400900
SDD,2012-04-04,5.2,5.3,4.8,5.0,308200
SDD,2012-04-05,4.7,5.2,4.7,5.1,404700
SDD,2012-04-06,5.2,5.3,4.9,4.9,191500
SDD,2012-04-09,4.9,5.2,4.9,5.2,503100
SDD,2012-04-10,5.3,5.3,5.0,5.1,442500
SDD,2012-04-11,5.2,5.5,5.2,5.5,972600
SDD,2012-04-12,5.8,5.8,5.6,5.8,1526100
SDD,2012-04-13,6.0,6.0,5.5,5.6,686600
SDD,2012-04-16,5.6,5.9,5.5,5.8,662500
SDD,2012-04-17,5.9,5.9,5.5,5.5,593200
SDD,2012-04-18,5.5,5.9,5.4,5.9,1500600
SDD,2012-04-19,5.8,6.1,5.5,5.7,469100
SDD,2012-04-20,5.7,5.9,5.6,5.7,279700
SDD,2012-04-23,5.8,5.8,5.5,5.5,246400
SDD,2012-04-24,5.5,5.6,5.3,5.6,654100
SDD,2012-04-25,5.5,5.8,5.5,5.6,460700
SDD,2012-04-26,5.6,5.6,5.4,5.4,360500
SDD,2012-04-27,5.3,5.7,5.3,5.7,523800
SDD,2012-05-02,5.7,6.0,5.6,5.8,737800
SDD,2012-05-03,5.8,5.9,5.6,5.8,327500
SDD,2012-05-04,5.8,6.2,5.7,6.2,1436700
SDD,2012-05-07,6.3,6.6,6.3,6.6,689200
SDD,2012-05-08,6.9,6.9,6.3,6.3,847500
SDD,2012-05-09,6.2,6.5,6.1,6.3,490700
SDD,2012-05-10,6.4,6.7,6.4,6.7,1286600
SDD,2012-05-11,6.8,6.9,6.3,6.3,759800
SDD,2012-05-14,6.2,6.4,6.0,6.0,468000
SDD,2012-05-15,5.9,6.0,5.6,5.6,594800
SDD,2012-05-16,5.7,5.8,5.5,5.8,455000
SDD,2012-05-17,5.8,5.9,5.5,5.6,213500
SDD,2012-05-18,5.4,5.6,5.3,5.3,491300
SDD,2012-05-21,5.5,5.6,5.4,5.6,237700
SDD,2012-05-22,5.9,5.9,5.4,5.4,302800
SDD,2012-05-23,5.4,5.4,5.2,5.2,318300
SDD,2012-05-24,5.2,5.3,4.9,5.2,380300
SDD,2012-05-25,5.4,5.4,5.3,5.4,179000
SDD,2012-05-28,5.6,5.7,5.5,5.6,436100
SDD,2012-05-29,5.3,5.4,5.2,5.3,236900
SDD,2012-05-30,5.3,5.5,5.3,5.4,147300
SDD,2012-05-31,5.4,5.4,5.2,5.2,168500
SDD,2012-06-01,5.3,5.4,5.1,5.3,146400
SDD,2012-06-04,5.2,5.2,5.0,5.0,301100
SDD,2012-06-05,5.1,5.3,4.9,5.3,178700
SDD,2012-06-06,5.3,5.5,5.1,5.2,129600
SDD,2012-06-07,5.5,5.6,5.3,5.6,496100
SDD,2012-06-08,5.7,5.8,5.4,5.5,383000
SDD,2012-06-11,5.5,5.7,5.5,5.6,118600
SDD,2012-06-12,5.5,5.5,5.3,5.3,201600
SDD,2012-06-13,5.3,5.3,5.2,5.3,162700
SDD,2012-06-14,5.2,5.3,5.1,5.3,168600
SDD,2012-06-15,5.4,5.5,5.3,5.5,236900
SDD,2012-06-18,5.7,5.7,5.4,5.5,253200
SDD,2012-06-19,5.6,5.6,5.3,5.3,56600
SDD,2012-06-20,5.4,5.4,5.3,5.3,71800
SDD,2012-06-21,5.3,5.3,5.2,5.2,281500
SDD,2012-06-22,5.3,5.3,5.1,5.2,159400
SDD,2012-06-25,5.1,5.3,5.0,5.0,249100
SDD,2012-06-26,4.9,5.0,4.7,4.8,316200
SDD,2012-06-27,4.8,4.9,4.6,4.7,144700
SDD,2012-06-28,4.8,4.9,4.5,4.9,123200
SDD,2012-06-29,4.8,5.0,4.7,4.8,131800
SDD,2012-07-02,4.9,4.9,4.6,4.6,149200
SDD,2012-07-03,4.5,4.5,4.3,4.5,160500
SDD,2012-07-04,4.5,4.5,4.2,4.4,126000
SDD,2012-07-05,4.3,4.7,4.2,4.6,298000
SDD,2012-07-06,4.6,4.8,4.5,4.5,134800
SDD,2012-07-09,4.4,4.4,4.2,4.2,136100
SDD,2012-07-10,4.2,4.2,4.0,4.1,155800
SDD,2012-07-11,4.2,4.3,4.1,4.3,86500
SDD,2012-07-12,4.3,4.5,4.3,4.4,92100
SDD,2012-07-13,4.5,4.7,4.3,4.6,406100
SDD,2012-07-16,4.6,4.7,4.3,4.3,196300
SDD,2012-07-17,4.4,4.6,4.3,4.6,155800
SDD,2012-07-18,4.7,4.7,4.4,4.5,139400
SDD,2012-07-19,4.6,4.8,4.5,4.8,234400
SDD,2012-07-20,5.0,5.0,4.6,4.6,208800
SDD,2012-07-23,4.6,4.7,4.4,4.7,216500
SDD,2012-07-24,4.4,4.5,4.3,4.3,95300
SDD,2012-07-25,4.5,4.6,4.3,4.4,54000
SDD,2012-07-26,4.5,4.6,4.5,4.5,103100
SDD,2012-07-27,4.5,4.5,4.4,4.4,30200
SDD,2012-07-30,4.3,4.4,4.3,4.4,68000
SDD,2012-07-31,4.3,4.4,4.2,4.3,52200
SDD,2012-08-01,4.3,4.3,4.1,4.2,87100
SDD,2012-08-02,4.4,4.4,4.2,4.3,135900
SDD,2012-08-03,4.2,4.4,4.2,4.3,44300
SDD,2012-08-06,4.4,4.6,4.3,4.4,215200
SDD,2012-08-07,4.4,4.5,4.3,4.3,68900
SDD,2012-08-08,4.4,4.4,4.3,4.4,61400
SDD,2012-08-09,4.5,4.5,4.4,4.5,51500
SDD,2012-08-10,4.4,4.4,4.2,4.2,105100
SDD,2012-08-13,4.3,4.4,4.2,4.4,69100
SDD,2012-08-14,4.3,4.4,4.2,4.4,50300
SDD,2012-08-15,4.3,4.3,4.3,4.3,40900
SDD,2012-08-16,4.3,4.4,4.2,4.3,47700
SDD,2012-08-17,4.2,4.3,4.2,4.3,57500
SDD,2012-08-20,4.3,4.4,4.2,4.3,74800
SDD,2012-08-21,4.2,4.2,4.0,4.0,148300
SDD,2012-08-22,3.8,4.0,3.8,3.8,272000
SDD,2012-08-23,3.6,3.8,3.6,3.6,85000
SDD,2012-08-24,3.4,3.8,3.4,3.7,272500
SDD,2012-08-27,3.6,3.6,3.5,3.5,118000
SDD,2012-08-28,3.4,3.5,3.3,3.5,81800
SDD,2012-08-29,3.5,3.7,3.5,3.7,121900
SDD,2012-08-30,3.7,3.8,3.6,3.7,55500
SDD,2012-08-31,3.6,3.7,3.5,3.5,48700
SDD,2012-09-04,3.5,3.7,3.5,3.5,65700
SDD,2012-09-05,3.6,3.6,3.4,3.4,142500
SDD,2012-09-06,3.3,3.4,3.2,3.2,141300
SDD,2012-09-07,3.2,3.2,3.0,3.1,81800
SDD,2012-09-10,3.2,3.2,3.0,3.0,111100
SDD,2012-09-11,3.0,3.0,2.8,2.9,95800
SDD,2012-09-12,2.9,2.9,2.8,2.9,61000
SDD,2012-09-13,2.9,3.0,2.7,3.0,155400
SDD,2012-09-14,3.1,3.2,3.1,3.2,157700
SDD,2012-09-17,3.2,3.3,3.1,3.1,130400
SDD,2012-09-18,3.0,3.1,2.9,2.9,88300
SDD,2012-09-19,2.9,2.9,2.8,2.9,72100
SDD,2012-09-20,2.8,2.9,2.7,2.9,79400
SDD,2012-09-21,2.9,3.1,2.9,3.1,77300
SDD,2012-09-24,2.9,3.0,2.8,3.0,67900
SDD,2012-09-25,2.9,3.0,2.8,2.9,72800
SDD,2012-09-26,2.9,3.0,2.8,2.9,74800
SDD,2012-09-27,2.9,2.9,2.8,2.8,31600
SDD,2012-09-28,2.8,2.8,2.7,2.8,46500
SDD,2012-10-01,2.7,2.7,2.6,2.6,147200
SDD,2012-10-02,2.5,2.6,2.5,2.6,46100
SDD,2012-10-03,2.6,2.7,2.6,2.7,61000
SDD,2012-10-04,2.6,2.7,2.6,2.7,9500
SDD,2012-10-05,2.7,2.8,2.6,2.8,94200
SDD,2012-10-08,2.8,2.9,2.8,2.9,116500
SDD,2012-10-09,3.0,3.0,2.8,2.8,113500
SDD,2012-10-10,2.8,2.9,2.8,2.9,89200
SDD,2012-10-11,3.0,3.1,3.0,3.1,375300
SDD,2012-10-12,3.1,3.1,3.0,3.1,71700
SDD,2012-10-15,3.0,3.1,2.9,2.9,57200
SDD,2012-10-16,3.0,3.1,2.9,3.1,126800
SDD,2012-10-17,3.2,3.2,3.0,3.0,134700
SDD,2012-10-18,3.0,3.0,3.0,3.0,37300
SDD,2012-10-19,3.0,3.1,2.8,2.9,103500
SDD,2012-10-22,3.0,3.0,2.7,2.8,116800
SDD,2012-10-23,2.8,2.9,2.8,2.9,27500
SDD,2012-10-24,2.8,2.9,2.8,2.8,54400
SDD,2012-10-25,2.7,2.8,2.7,2.7,139800
SDD,2012-10-26,2.6,2.7,2.6,2.7,159400
SDD,2012-10-29,2.7,2.7,2.6,2.7,55800
SDD,2012-10-30,2.6,2.7,2.6,2.7,19300
SDD,2012-10-31,2.7,2.7,2.6,2.6,70600
SDD,2012-11-01,2.7,2.7,2.7,2.7,142800
SDD,2012-11-02,2.8,2.8,2.6,2.6,197900
SDD,2012-11-05,2.5,2.6,2.5,2.6,17200
SDD,2012-11-06,2.6,2.6,2.5,2.6,38800
SDD,2012-11-07,2.6,2.7,2.6,2.7,23500
SDD,2012-11-08,2.7,2.7,2.6,2.6,76000
SDD,2012-11-09,2.6,2.7,2.5,2.7,50100
SDD,2012-11-12,2.7,2.8,2.7,2.8,80500
SDD,2012-11-13,2.7,2.8,2.7,2.7,39200
SDD,2012-11-14,2.7,2.7,2.6,2.7,63300
SDD,2012-11-15,2.8,2.8,2.6,2.6,75100
SDD,2012-11-16,2.6,2.7,2.6,2.6,28500
SDD,2012-11-19,2.6,2.7,2.6,2.7,27600
SDD,2012-11-20,2.7,2.7,2.6,2.7,58500
SDD,2012-11-21,2.7,2.7,2.6,2.7,71800
SDD,2012-11-22,2.6,2.7,2.6,2.7,3200
SDD,2012-11-23,2.7,2.7,2.6,2.7,17200
SDD,2012-11-26,2.6,2.7,2.6,2.7,57500
SDD,2012-11-27,2.6,2.7,2.6,2.6,28300
SDD,2012-11-28,2.5,2.6,2.5,2.6,121800
SDD,2012-11-29,2.4,2.6,2.4,2.6,25900
SDD,2012-11-30,2.6,2.6,2.5,2.6,92800
SDD,2012-12-03,2.5,2.6,2.5,2.6,20500
SDD,2012-12-04,2.5,2.6,2.5,2.6,39800
SDD,2012-12-05,2.5,2.7,2.5,2.6,74200
SDD,2012-12-06,2.6,2.7,2.6,2.7,57600
SDD,2012-12-07,2.7,2.8,2.6,2.7,147000
SDD,2012-12-10,2.7,2.8,2.6,2.8,352300
SDD,2012-12-11,2.9,2.9,2.9,2.9,290200
SDD,2012-12-12,3.0,3.1,2.9,3.1,442800
SDD,2012-12-13,3.2,3.2,2.9,3.1,447600
SDD,2012-12-14,3.0,3.0,2.8,2.9,135500
SDD,2012-12-17,2.9,3.1,2.8,3.1,367800
SDD,2012-12-18,3.0,3.1,2.9,2.9,262500
SDD,2012-12-19,2.9,3.1,2.9,3.1,536000
SDD,2012-12-20,3.1,3.2,3.0,3.0,264800
SDD,2012-12-21,3.0,3.0,2.9,2.9,88300
SDD,2012-12-24,3.0,3.1,2.9,3.1,94400
SDD,2012-12-25,3.1,3.1,3.0,3.0,162800
SDD,2012-12-26,2.9,3.1,2.9,3.1,140700
SDD,2012-12-27,3.1,3.3,3.0,3.1,429800
SDD,2012-12-28,3.1,3.3,3.1,3.3,366000
SDD,2013-01-02,3.3,3.4,3.3,3.4,368300
SDD,2013-01-03,3.6,3.6,3.4,3.5,1139100
SDD,2013-01-04,3.5,3.7,3.4,3.6,351000
SDD,2013-01-07,3.7,3.7,3.4,3.4,382100
SDD,2013-01-08,3.4,3.4,3.2,3.3,548500
SDD,2013-01-09,3.4,3.6,3.3,3.4,629900
SDD,2013-01-10,3.3,3.4,3.2,3.4,237700
SDD,2013-01-11,3.4,3.5,3.3,3.3,291900
SDD,2013-01-14,3.2,3.4,3.2,3.4,112600
SDD,2013-01-15,3.4,3.6,3.4,3.6,791100
SDD,2013-01-16,3.7,3.9,3.7,3.9,985600
SDD,2013-01-17,4.1,4.2,3.8,3.9,617800
SDD,2013-01-18,3.9,3.9,3.6,3.8,431100
SDD,2013-01-21,3.8,3.9,3.6,3.6,331700
SDD,2013-01-22,3.6,3.7,3.3,3.4,430700
SDD,2013-01-23,3.5,3.5,3.2,3.3,171600
SDD,2013-01-24,3.5,3.6,3.4,3.6,224800
SDD,2013-01-25,3.6,3.7,3.5,3.5,186000
SDD,2013-01-28,3.6,3.7,3.5,3.6,108500
SDD,2013-01-29,3.5,3.6,3.5,3.6,227200
SDD,2013-01-30,3.6,3.6,3.5,3.5,162300
SDD,2013-01-31,3.5,3.6,3.4,3.4,188400
SDD,2013-02-01,3.4,3.5,3.3,3.5,95800
SDD,2013-02-04,3.5,3.6,3.4,3.5,150700
SDD,2013-02-05,3.5,3.5,3.3,3.4,131500
SDD,2013-02-06,3.5,3.5,3.4,3.5,121500
SDD,2013-02-07,3.5,3.7,3.5,3.7,209500
SDD,2013-02-08,3.7,4.0,3.7,4.0,582500
SDD,2013-02-18,4.0,4.1,3.9,3.9,281300
SDD,2013-02-19,3.9,4.0,3.9,3.9,327400
SDD,2013-02-20,3.9,4.1,3.8,4.1,526900
SDD,2013-02-21,4.1,4.2,3.7,3.7,481100
SDD,2013-02-22,3.7,3.9,3.5,3.8,677900
SDD,2013-02-25,3.8,3.9,3.8,3.9,105900
SDD,2013-02-26,3.8,3.8,3.6,3.6,497900
SDD,2013-02-27,3.5,3.8,3.4,3.8,243600
SDD,2013-02-28,3.8,3.8,3.6,3.7,62000
SDD,2013-03-01,3.7,3.7,3.5,3.5,40100
SDD,2013-03-04,3.5,3.5,3.3,3.3,136300
SDD,2013-03-05,3.3,3.5,3.2,3.4,207500
SDD,2013-03-06,3.4,3.6,3.4,3.6,147700
SDD,2013-03-07,3.5,3.6,3.4,3.5,37400
SDD,2013-03-08,3.5,3.6,3.3,3.6,35000
SDD,2013-03-11,3.5,3.7,3.4,3.7,59900
SDD,2013-03-12,3.7,3.7,3.5,3.6,69600
SDD,2013-03-13,3.6,3.6,3.5,3.5,11300
SDD,2013-03-14,3.4,3.6,3.4,3.6,73000
SDD,2013-03-15,3.5,3.6,3.4,3.6,105400
SDD,2013-03-18,3.5,3.5,3.4,3.5,17900
SDD,2013-03-19,3.4,3.5,3.4,3.5,16700
SDD,2013-03-20,3.5,3.6,3.4,3.5,91900
SDD,2013-03-21,3.4,3.5,3.4,3.5,47600
SDD,2013-03-22,3.4,3.5,3.3,3.4,85700
SDD,2013-03-25,3.4,3.4,3.3,3.4,10000
SDD,2013-03-26,3.4,3.4,3.3,3.3,39900
SDD,2013-03-27,3.3,3.3,3.2,3.3,95400
SDD,2013-03-28,3.3,3.3,3.2,3.3,40900
SDD,2013-03-29,3.1,3.3,3.1,3.3,34400
SDD,2013-04-01,3.3,3.4,3.2,3.4,55400
SDD,2013-04-02,3.3,3.4,3.3,3.3,46700
SDD,2013-04-03,3.3,3.3,3.2,3.3,21400
SDD,2013-04-04,3.2,3.2,3.1,3.1,47700
SDD,2013-04-05,3.1,3.1,3.0,3.1,115600
SDD,2013-04-08,3.1,3.2,3.1,3.1,22200
SDD,2013-04-09,2.8,3.2,2.8,3.2,43900
SDD,2013-04-10,3.1,3.3,3.0,3.2,53400
SDD,2013-04-11,3.1,3.1,3.0,3.1,30500
SDD,2013-04-12,3.1,3.2,2.9,3.2,43500
SDD,2013-04-15,2.9,3.0,2.8,2.8,32300
SDD,2013-04-16,2.8,3.1,2.8,3.1,20500
SDD,2013-04-17,3.0,3.0,2.8,2.8,212700
SDD,2013-04-18,2.8,2.8,2.7,2.8,20000
SDD,2013-04-22,2.7,2.8,2.6,2.8,14200
SDD,2013-04-23,2.8,2.8,2.6,2.8,74900
SDD,2013-04-24,2.7,2.8,2.6,2.8,43000
SDD,2013-04-25,2.7,2.8,2.7,2.7,36700
SDD,2013-04-26,2.7,2.7,2.6,2.7,32700
SDD,2013-05-02,2.6,2.7,2.6,2.7,8200
SDD,2013-05-03,2.6,2.7,2.5,2.6,92200
SDD,2013-05-06,2.6,2.8,2.6,2.8,113100
SDD,2013-05-07,2.9,3.0,2.8,3.0,138800
SDD,2013-05-08,2.9,2.9,2.7,2.8,63700
SDD,2013-05-09,2.8,2.9,2.8,2.9,45600
SDD,2013-05-10,3.0,3.1,2.9,3.0,58300
SDD,2013-05-13,3.0,3.1,2.8,3.0,49500
SDD,2013-05-14,3.0,3.0,2.8,2.9,46300
SDD,2013-05-15,2.8,2.9,2.8,2.9,3000
SDD,2013-05-16,2.8,2.9,2.7,2.9,16700
SDD,2013-05-17,2.8,2.9,2.8,2.9,5600
SDD,2013-05-20,2.8,2.9,2.8,2.9,24700
SDD,2013-05-21,2.9,3.0,2.9,3.0,50900
SDD,2013-05-22,3.0,3.0,2.8,3.0,93600
SDD,2013-05-23,2.9,3.0,2.9,3.0,79500
SDD,2013-05-24,2.9,3.0,2.9,2.9,26900
SDD,2013-05-27,2.9,3.1,2.9,3.1,292200
SDD,2013-05-28,3.0,3.2,3.0,3.1,108500
SDD,2013-05-29,3.2,3.2,3.0,3.0,187400
SDD,2013-05-30,3.0,3.1,3.0,3.0,66200
SDD,2013-05-31,3.1,3.1,3.0,3.0,144200
SDD,2013-06-03,3.0,3.1,3.0,3.0,43500
SDD,2013-06-04,3.0,3.1,2.8,2.8,104400
SDD,2013-06-05,2.9,3.0,2.9,3.0,118000
SDD,2013-06-06,2.9,3.0,2.9,3.0,18200
SDD,2013-06-07,3.0,3.0,2.9,2.9,43900
SDD,2013-06-10,2.9,3.0,2.9,2.9,112600
SDD,2013-06-11,3.0,3.0,2.9,3.0,43500
SDD,2013-06-12,2.9,3.0,2.9,3.0,33300
SDD,2013-06-13,3.0,3.0,2.9,3.0,105900
SDD,2013-06-14,3.0,3.3,3.0,3.3,1280900
SDD,2013-06-17,3.6,3.6,3.5,3.6,1172200
SDD,2013-06-18,3.7,3.8,3.5,3.5,339100
SDD,2013-06-19,3.4,3.4,3.2,3.3,469500
SDD,2013-06-20,3.2,3.3,3.1,3.2,547500
SDD,2013-06-21,3.1,3.2,3.1,3.2,51500
SDD,2013-06-24,3.2,3.2,3.0,3.1,165600
SDD,2013-06-25,3.0,3.0,2.8,2.9,318800
SDD,2013-06-26,3.0,3.1,2.9,3.1,125600
SDD,2013-06-27,3.0,3.1,3.0,3.1,99100
SDD,2013-06-28,3.1,3.2,2.9,3.0,311700
SDD,2013-07-01,3.0,3.1,2.9,3.0,59500
SDD,2013-07-02,3.0,3.2,3.0,3.0,175700
SDD,2013-07-03,3.1,3.1,2.9,3.1,106300
SDD,2013-07-04,3.1,3.1,3.0,3.1,58000
SDD,2013-07-05,3.1,3.1,3.0,3.1,136300
SDD,2013-07-08,3.0,3.1,2.9,2.9,176300
SDD,2013-07-09,3.0,3.0,2.9,3.0,111200
SDD,2013-07-10,3.0,3.0,2.8,2.8,118600
SDD,2013-07-11,2.9,3.0,2.8,3.0,85600
SDD,2013-07-12,2.9,3.0,2.9,3.0,81300
SDD,2013-07-15,3.0,3.0,2.9,3.0,41000
SDD,2013-07-16,2.9,3.1,2.9,3.0,237400
SDD,2013-07-17,3.0,3.1,3.0,3.0,54400
SDD,2013-07-18,2.9,3.0,2.9,3.0,12700
SDD,2013-07-19,2.9,3.0,2.9,2.9,30000
SDD,2013-07-22,2.9,2.9,2.8,2.9,42000
SDD,2013-07-23,2.9,2.9,2.8,2.9,70500
SDD,2013-07-24,2.8,2.8,2.7,2.7,48000
SDD,2013-07-25,2.7,2.8,2.7,2.8,48200
SDD,2013-07-26,2.7,2.7,2.6,2.7,115200
SDD,2013-07-29,2.6,2.7,2.6,2.6,67315
SDD,2013-07-30,2.7,2.7,2.6,2.7,37268
SDD,2013-07-31,2.6,2.7,2.6,2.7,14810
SDD,2013-08-01,2.7,2.7,2.6,2.7,17800
SDD,2013-08-02,2.7,2.8,2.7,2.8,54829
SDD,2013-08-05,2.7,2.7,2.7,2.7,20254
SDD,2013-08-06,2.6,2.8,2.6,2.8,25800
SDD,2013-08-07,2.7,2.8,2.7,2.7,36600
SDD,2013-08-08,2.7,2.8,2.6,2.7,33350
SDD,2013-08-09,2.6,2.7,2.6,2.6,39456
SDD,2013-08-12,2.6,2.6,2.5,2.6,60000
SDD,2013-08-13,2.5,2.7,2.5,2.7,26153
SDD,2013-08-14,2.6,2.7,2.6,2.7,45474
SDD,2013-08-15,2.6,2.7,2.6,2.7,51742
SDD,2013-08-16,2.6,2.7,2.6,2.7,13640
SDD,2013-08-19,2.6,2.8,2.6,2.7,65136
SDD,2013-08-20,2.7,2.8,2.7,2.8,39800
SDD,2013-08-21,2.8,2.8,2.7,2.8,53712
SDD,2013-08-22,2.7,2.7,2.7,2.7,51700
SDD,2013-08-23,2.7,2.7,2.6,2.6,8108
SDD,2013-08-26,2.6,2.6,2.5,2.6,142900
SDD,2013-08-27,2.6,2.6,2.5,2.5,43600
SDD,2013-08-28,2.5,2.5,2.5,2.5,54203
SDD,2013-08-29,2.5,2.5,2.5,2.5,15936
SDD,2013-08-30,2.5,2.6,2.4,2.6,59900
SDD,2013-09-03,2.5,2.5,2.5,2.5,4008
SDD,2013-09-04,2.5,2.5,2.4,2.5,15420
SDD,2013-09-05,2.4,2.5,2.4,2.5,23000
SDD,2013-09-06,2.4,2.5,2.4,2.5,27300
SDD,2013-09-09,2.4,2.4,2.3,2.3,135400
SDD,2013-09-10,2.3,2.3,2.1,2.2,118300
SDD,2013-09-11,2.2,2.3,2.1,2.1,34200
SDD,2013-09-12,2.1,2.1,2.0,2.1,87900
SDD,2013-09-13,2.1,2.2,2.1,2.2,21910
SDD,2013-09-16,2.2,2.2,2.1,2.1,37400
SDD,2013-09-17,2.1,2.2,1.9,2.1,51300
SDD,2013-09-18,2.1,2.1,2.0,2.1,25600
SDD,2013-09-19,2.1,2.2,1.9,2.2,157800
SDD,2013-09-20,2.1,2.2,2.0,2.1,32791
SDD,2013-09-23,2.1,2.1,2.1,2.1,1100
SDD,2013-09-24,2.1,2.2,2.0,2.2,64300
SDD,2013-09-25,2.2,2.2,2.1,2.2,73200
SDD,2013-09-26,2.2,2.3,2.1,2.3,47978
SDD,2013-09-27,2.1,2.3,2.1,2.2,48300
SDD,2013-09-30,2.1,2.2,2.1,2.2,32500
SDD,2013-10-01,2.2,2.4,2.2,2.4,357003
SDD,2013-10-02,2.4,2.5,2.4,2.5,140400
SDD,2013-10-03,2.4,2.4,2.3,2.4,80850
SDD,2013-10-04,2.3,2.4,2.2,2.3,125217
SDD,2013-10-07,2.2,2.4,2.2,2.3,58509
SDD,2013-10-08,2.2,2.4,2.2,2.3,54061
SDD,2013-10-09,2.3,2.4,2.3,2.3,76070
SDD,2013-10-10,2.3,2.4,2.3,2.3,147827
SDD,2013-10-11,2.4,2.4,2.3,2.4,53000
SDD,2013-10-14,2.4,2.4,2.3,2.3,10300
SDD,2013-10-15,2.3,2.4,2.3,2.4,30705
SDD,2013-10-16,2.3,2.6,2.3,2.5,144649
SDD,2013-10-17,2.5,2.6,2.4,2.5,53200
SDD,2013-10-18,2.4,2.5,2.4,2.5,39700
SDD,2013-10-21,2.4,2.6,2.4,2.6,208400
SDD,2013-10-22,2.6,2.6,2.4,2.5,262500
SDD,2013-10-23,2.4,2.5,2.4,2.5,74900
SDD,2013-10-24,2.4,2.7,2.4,2.7,310000
SDD,2013-10-25,2.7,2.8,2.7,2.7,258550
SDD,2013-10-28,2.7,2.8,2.6,2.6,74100
SDD,2013-10-29,2.7,2.8,2.6,2.8,721604
SDD,2013-10-30,2.8,3.0,2.8,2.9,212448
SDD,2013-10-31,2.9,2.9,2.8,2.8,106679
SDD,2013-11-01,2.8,3.0,2.6,2.9,557900
SDD,2013-11-04,3.0,3.1,3.0,3.1,583814
SDD,2013-11-05,3.4,3.4,3.3,3.4,1153812
SDD,2013-11-06,3.6,3.6,3.2,3.4,472146
SDD,2013-11-07,3.4,3.4,3.2,3.3,630600
SDD,2013-11-08,3.2,3.6,3.2,3.4,1015411
SDD,2013-11-11,3.5,3.6,3.3,3.6,345850
SDD,2013-11-12,3.6,3.7,3.3,3.3,594400
SDD,2013-11-13,3.2,3.4,3.2,3.2,433702
SDD,2013-11-14,3.2,3.5,3.2,3.5,600900
SDD,2013-11-15,3.6,3.8,3.6,3.8,1280306
SDD,2013-11-18,3.8,4.0,3.7,3.7,616900
SDD,2013-11-19,3.7,3.9,3.6,3.7,740255
SDD,2013-11-20,3.7,4.0,3.7,4.0,895870
SDD,2013-11-21,4.0,4.3,3.8,3.9,535157
SDD,2013-11-22,3.8,3.9,3.6,3.9,955492
SDD,2013-11-25,3.7,3.7,3.4,3.4,864900
SDD,2013-11-26,3.4,3.7,3.3,3.7,485159
SDD,2013-11-27,3.8,3.9,3.5,3.6,520000
SDD,2013-11-28,3.6,3.8,3.6,3.7,451701
SDD,2013-11-29,3.8,3.9,3.5,3.5,414592
SDD,2013-12-02,3.6,3.6,3.5,3.6,271384
SDD,2013-12-03,3.5,3.7,3.5,3.7,307715
SDD,2013-12-04,3.7,3.7,3.5,3.7,517801
SDD,2013-12-05,3.6,3.7,3.5,3.6,265856
SDD,2013-12-06,3.6,3.7,3.5,3.7,190834
SDD,2013-12-09,3.6,3.6,3.5,3.5,413820
SDD,2013-12-10,3.5,3.6,3.5,3.5,176400
SDD,2013-12-11,3.5,3.6,3.4,3.4,351148
SDD,2013-12-12,3.4,3.5,3.3,3.4,195009
SDD,2013-12-13,3.5,3.7,3.3,3.6,660700
SDD,2013-12-16,3.7,3.9,3.5,3.9,1375632
SDD,2013-12-17,4.0,4.2,4.0,4.1,1135986
SDD,2013-12-18,4.1,4.1,3.8,3.9,536200
SDD,2013-12-19,3.9,4.1,3.9,4.1,863901
SDD,2013-12-20,4.1,4.2,3.9,4.0,1037712
SDD,2013-12-23,4.1,4.1,3.9,3.9,354030
SDD,2013-12-24,3.9,4.0,3.8,4.0,263630
SDD,2013-12-25,3.9,4.0,3.8,3.9,325300
SDD,2013-12-26,3.8,3.9,3.7,3.7,361400
SDD,2013-12-27,3.7,3.9,3.7,3.8,225500
SDD,2013-12-30,3.7,3.7,3.6,3.7,251510
SDD,2013-12-31,3.6,3.8,3.6,3.7,101302
SDD,2014-01-02,3.8,3.8,3.6,3.7,92400
SDD,2014-01-03,3.7,3.7,3.6,3.6,45600
SDD,2014-01-06,3.7,3.8,3.6,3.7,173550
SDD,2014-01-07,3.7,3.8,3.6,3.7,237220
SDD,2014-01-08,3.6,3.7,3.6,3.7,141200
SDD,2014-01-09,3.7,3.8,3.6,3.8,340700
SDD,2014-01-10,3.8,3.9,3.7,3.8,321501
SDD,2014-01-13,3.8,3.8,3.7,3.7,131250
SDD,2014-01-14,3.7,3.8,3.6,3.6,151146
SDD,2014-01-15,3.7,3.7,3.6,3.7,270021
SDD,2014-01-16,3.6,3.7,3.5,3.6,74000
SDD,2014-01-17,3.6,3.6,3.4,3.4,324444
SDD,2014-01-20,3.5,3.5,3.2,3.3,163600
SDD,2014-01-21,3.2,3.5,3.2,3.4,136300
SDD,2014-01-22,3.4,3.5,3.3,3.3,194700
SDD,2014-01-23,3.4,3.4,3.3,3.3,111100
SDD,2014-01-24,3.3,3.4,3.2,3.3,57814
SDD,2014-01-27,3.4,3.5,3.4,3.5,54111
SDD,2014-02-06,3.5,3.6,3.5,3.6,31800
SDD,2014-02-07,3.6,3.6,3.3,3.4,249900
SDD,2014-02-10,3.4,3.5,3.4,3.5,68500
SDD,2014-02-11,3.5,3.7,3.5,3.5,468900
SDD,2014-02-12,3.6,3.6,3.5,3.6,61130
SDD,2014-02-13,3.6,3.6,3.4,3.6,316327
SDD,2014-02-14,3.6,3.7,3.6,3.7,381903
SDD,2014-02-17,3.7,4.0,3.6,3.8,451324
SDD,2014-02-18,3.9,4.1,3.8,4.1,811221
SDD,2014-02-19,4.1,4.1,4.0,4.0,684018
SDD,2014-02-20,4.0,4.2,3.7,3.9,784020
SDD,2014-02-21,3.8,3.9,3.7,3.9,278301
SDD,2014-02-24,3.8,4.0,3.8,4.0,246313
SDD,2014-02-25,4.0,4.0,3.8,3.9,270400
SDD,2014-02-26,3.8,4.0,3.8,3.9,350001
SDD,2014-02-27,3.9,4.1,3.9,4.0,868320
SDD,2014-02-28,4.0,4.4,4.0,4.4,1271759
SDD,2014-03-03,4.4,4.6,4.3,4.3,1029650
SDD,2014-03-04,4.1,4.4,4.0,4.3,759200
SDD,2014-03-05,4.4,4.7,4.3,4.7,1610400
SDD,2014-03-06,4.8,5.1,4.8,5.1,1660252
SDD,2014-03-07,5.6,5.6,5.2,5.6,1222773
SDD,2014-03-10,5.8,6.0,5.5,5.7,1023560
SDD,2014-03-11,5.7,6.2,5.5,6.0,1677801
SDD,2014-03-12,6.0,6.0,5.5,5.8,1235065
SDD,2014-03-13,5.7,5.8,5.5,5.8,463150
SDD,2014-03-14,5.8,5.8,5.5,5.6,821158
SDD,2014-03-17,5.6,6.1,5.6,6.1,1317387
SDD,2014-03-18,6.3,6.6,6.1,6.4,816140
SDD,2014-03-19,6.2,6.4,6.2,6.4,681760
SDD,2014-03-20,6.3,6.4,6.0,6.3,991002
SDD,2014-03-21,6.3,6.3,6.1,6.3,713052
SDD,2014-03-24,6.4,6.9,6.4,6.9,788900
SDD,2014-03-25,7.1,7.3,6.7,6.7,976699
SDD,2014-03-26,6.8,6.9,6.1,6.4,826110
SDD,2014-03-27,6.4,6.4,6.0,6.4,725374
SDD,2014-03-28,6.4,6.5,6.2,6.4,288493
SDD,2014-03-31,6.4,6.4,6.0,6.0,483910
SDD,2014-04-01,6.0,6.0,5.4,5.4,750266
SDD,2014-04-02,5.4,5.5,4.9,4.9,918810
SDD,2014-04-03,5.0,5.3,4.9,5.3,327400
SDD,2014-04-04,5.5,5.7,5.3,5.6,463639
SDD,2014-04-07,5.5,5.6,5.3,5.5,481202
SDD,2014-04-08,5.5,5.8,5.5,5.6,405550
SDD,2014-04-10,5.6,5.7,5.4,5.4,158157
SDD,2014-04-11,5.3,5.6,5.3,5.4,261850
SDD,2014-04-14,5.4,5.6,5.4,5.4,199400
SDD,2014-04-15,5.4,5.4,5.0,5.0,386435
SDD,2014-04-16,5.0,5.0,4.5,4.6,439837
SDD,2014-04-17,4.8,5.0,4.7,5.0,231627
SDD,2014-04-18,5.0,5.0,4.5,4.5,323185
SDD,2014-04-21,4.5,4.6,4.3,4.5,51718
SDD,2014-04-22,4.5,4.9,4.4,4.9,203910
SDD,2014-04-23,5.0,5.0,4.7,4.9,174981
SDD,2014-04-24,4.9,5.0,4.7,4.8,84929
SDD,2014-04-25,4.9,4.9,4.8,4.8,78390
SDD,2014-04-28,4.8,4.8,4.4,4.4,102763
SDD,2014-04-29,4.0,4.7,4.0,4.6,95200
SDD,2014-05-05,4.8,4.8,4.3,4.4,101900
SDD,2014-05-06,4.4,4.4,4.1,4.4,287000
SDD,2014-05-07,4.4,4.4,4.2,4.3,150605
SDD,2014-05-08,4.2,4.2,3.9,3.9,151124
SDD,2014-05-09,3.6,4.0,3.6,3.9,269963
SDD,2014-05-12,3.7,3.7,3.6,3.6,224733
SDD,2014-05-13,3.3,3.5,3.3,3.3,353800
SDD,2014-05-14,3.2,3.6,3.1,3.6,317500
SDD,2014-05-15,3.6,3.8,3.3,3.4,185800
SDD,2014-05-16,3.5,3.7,3.4,3.7,172600
SDD,2014-05-19,3.7,3.9,3.5,3.7,330210
SDD,2014-05-20,3.7,4.0,3.7,4.0,382460
SDD,2014-05-21,4.0,4.4,3.9,4.4,594667
SDD,2014-05-22,4.5,4.5,4.1,4.1,347858
SDD,2014-05-23,4.1,4.2,4.0,4.2,253525
SDD,2014-05-26,4.0,4.3,4.0,4.3,264200
SDD,2014-05-27,4.3,4.7,4.2,4.7,534568
SDD,2014-05-28,4.7,4.7,4.5,4.6,228500
SDD,2014-05-29,4.5,4.6,4.4,4.4,247927
SDD,2014-05-30,4.3,4.5,4.2,4.4,78800
SDD,2014-06-02,4.3,4.4,4.1,4.1,104600
SDD,2014-06-03,4.3,4.3,4.1,4.2,41994
SDD,2014-06-04,4.3,4.3,4.0,4.2,122700
SDD,2014-06-05,4.0,4.2,3.9,4.2,93210
SDD,2014-06-06,4.2,4.3,4.1,4.3,88302
SDD,2014-06-09,4.3,4.5,4.2,4.3,162900
SDD,2014-06-10,4.3,4.3,4.1,4.2,45400
SDD,2014-06-11,4.1,4.3,4.1,4.3,59100
SDD,2014-06-12,4.3,4.3,4.3,4.3,67020
SDD,2014-06-13,4.2,4.3,4.1,4.1,74645
SDD,2014-06-16,4.2,4.2,4.2,4.2,78200
SDD,2014-06-17,4.2,4.5,4.2,4.5,253750
SDD,2014-06-18,4.6,4.7,4.5,4.5,211870
SDD,2014-06-19,4.4,4.4,4.2,4.4,116800
SDD,2014-06-20,4.3,4.4,4.2,4.3,142130
SDD,2014-06-23,4.3,4.4,4.2,4.4,107900
SDD,2014-06-24,4.4,4.4,4.3,4.3,27540
SDD,2014-06-25,4.3,4.4,4.3,4.4,77820
SDD,2014-06-26,4.3,4.4,4.2,4.4,97150
SDD,2014-06-27,4.3,4.4,4.2,4.4,51500
SDD,2014-06-30,4.2,4.4,4.2,4.3,34100
SDD,2014-07-01,4.3,4.4,4.3,4.3,177000
SDD,2014-07-02,4.4,4.4,4.3,4.4,119700
SDD,2014-07-03,4.5,4.6,4.4,4.5,291109
SDD,2014-07-04,4.5,4.6,4.5,4.5,116800
SDD,2014-07-07,4.5,4.6,4.5,4.6,248100
SDD,2014-07-08,4.6,4.7,4.5,4.7,155150
SDD,2014-07-09,4.8,4.8,4.6,4.7,284000
SDD,2014-07-10,4.7,4.7,4.5,4.6,263100
SDD,2014-07-11,4.6,4.6,4.4,4.4,303300
SDD,2014-07-14,4.5,4.6,4.5,4.5,101900
SDD,2014-07-15,4.5,4.6,4.5,4.5,149900
SDD,2014-07-16,4.6,4.8,4.5,4.5,165900
SDD,2014-07-17,4.5,4.5,4.5,4.5,68500
SDD,2014-07-18,4.5,4.5,4.5,4.5,58600
SDD,2014-07-21,4.5,4.6,4.4,4.5,88400
SDD,2014-07-22,4.4,4.5,4.4,4.5,81100
SDD,2014-07-23,4.5,4.5,4.5,4.5,50000
SDD,2014-07-24,4.4,4.6,4.4,4.6,137500
SDD,2014-07-25,4.4,4.5,4.3,4.5,132200
SDD,2014-07-28,4.4,4.4,4.1,4.3,111300
SDD,2014-07-29,4.1,4.3,4.1,4.3,41700
SDD,2014-07-30,4.3,4.4,4.1,4.4,42119
SDD,2014-07-31,4.4,4.4,4.3,4.3,15300
SDD,2014-08-01,4.3,4.4,4.3,4.4,19600
SDD,2014-08-04,4.3,4.4,4.3,4.4,7800
SDD,2014-08-05,4.3,4.5,4.3,4.5,41100
SDD,2014-08-06,4.5,4.7,4.5,4.6,212100
SDD,2014-08-07,4.5,4.6,4.5,4.6,18000
SDD,2014-08-08,4.5,4.6,4.5,4.5,61600
SDD,2014-08-11,4.5,4.5,4.4,4.5,22400
SDD,2014-08-12,4.5,4.5,4.4,4.5,9000
SDD,2014-08-13,4.3,4.5,4.3,4.5,33300
SDD,2014-08-14,4.4,4.5,4.4,4.4,63131
SDD,2014-08-15,4.5,4.5,4.4,4.4,36969
SDD,2014-08-18,4.4,4.5,4.3,4.5,224100
SDD,2014-08-19,4.5,4.6,4.4,4.6,146312
SDD,2014-08-20,4.5,4.5,4.5,4.5,49730
SDD,2014-08-21,4.5,4.6,4.5,4.5,221300
SDD,2014-08-22,4.5,4.6,4.4,4.5,146958
SDD,2014-08-25,4.5,4.7,4.5,4.7,278100
SDD,2014-08-26,4.7,4.8,4.7,4.8,185409
SDD,2014-08-27,4.8,4.9,4.6,4.7,176500
SDD,2014-08-28,4.8,4.8,4.6,4.7,170910
SDD,2014-08-29,4.7,4.8,4.6,4.7,142492
SDD,2014-09-03,4.8,5.0,4.8,4.9,145159
SDD,2014-09-04,4.9,4.9,4.7,4.8,51751
SDD,2014-09-05,4.9,4.9,4.7,4.8,74623
SDD,2014-09-08,4.8,4.9,4.7,4.8,226600
SDD,2014-09-09,4.8,4.8,4.4,4.4,308416
SDD,2014-09-10,4.4,4.6,4.4,4.6,122210
SDD,2014-09-11,4.6,4.6,4.5,4.6,92500
SDD,2014-09-12,4.6,4.9,4.6,4.8,357032
SDD,2014-09-15,4.9,5.1,4.9,5.0,637717
SDD,2014-09-16,5.0,5.0,4.8,4.9,225867
SDD,2014-09-17,5.0,5.1,4.9,4.9,261456
SDD,2014-09-18,4.9,5.2,4.9,4.9,455213
SDD,2014-09-19,4.8,5.0,4.7,4.9,152800
SDD,2014-09-22,4.8,4.9,4.6,4.6,182000
SDD,2014-09-23,4.6,4.7,4.4,4.7,134022
SDD,2014-09-24,4.6,4.7,4.5,4.6,89710
SDD,2014-09-25,4.6,4.6,4.4,4.6,217958
SDD,2014-09-26,4.6,4.7,4.5,4.5,123700
SDD,2014-09-29,4.6,4.6,4.5,4.6,91000
SDD,2014-09-30,4.5,4.6,4.4,4.6,68677
SDD,2014-10-01,4.5,4.7,4.5,4.6,258257
SDD,2014-10-02,4.7,4.8,4.5,4.7,165347
SDD,2014-10-03,4.7,4.8,4.6,4.7,100021
SDD,2014-10-06,4.7,4.8,4.6,4.8,207703
SDD,2014-10-07,4.8,5.0,4.7,5.0,410558
SDD,2014-10-08,5.0,5.2,5.0,5.0,313814
SDD,2014-10-09,5.0,5.0,4.9,5.0,288560
SDD,2014-10-10,4.9,5.0,4.7,4.8,239886
SDD,2014-10-13,4.6,4.8,4.6,4.8,26816
SDD,2014-10-14,4.6,4.9,4.6,4.7,81600
SDD,2014-10-15,4.7,4.8,4.6,4.8,110405
SDD,2014-10-16,4.7,4.7,4.5,4.6,80900
SDD,2014-10-17,4.6,4.7,4.4,4.7,115799
SDD,2014-10-20,4.7,4.7,4.5,4.7,8089
SDD,2014-10-21,4.6,4.7,4.5,4.7,34100
SDD,2014-10-22,4.6,4.6,4.6,4.6,44900
SDD,2014-10-23,4.5,4.6,4.4,4.6,177605
SDD,2014-10-24,4.5,4.6,4.4,4.4,45741
SDD,2014-10-27,4.3,4.3,4.1,4.2,189172
SDD,2014-10-28,4.0,4.3,4.0,4.2,291100
SDD,2014-10-29,4.1,4.4,4.1,4.4,36400
SDD,2014-10-30,4.4,4.4,4.2,4.2,17660
SDD,2014-10-31,4.3,4.4,4.2,4.4,58207
SDD,2014-11-03,4.4,4.5,4.3,4.4,33371
SDD,2014-11-04,4.3,4.4,4.2,4.4,37767
SDD,2014-11-05,4.3,4.4,4.2,4.2,87457
SDD,2014-11-06,4.3,4.3,4.2,4.3,25000
SDD,2014-11-07,4.2,4.3,4.1,4.1,192100
SDD,2014-11-10,4.2,4.5,4.2,4.5,305723
SDD,2014-11-11,4.5,4.5,4.3,4.5,20964
SDD,2014-11-12,4.4,4.4,4.3,4.4,78252
SDD,2014-11-13,4.5,4.5,4.3,4.4,111700
SDD,2014-11-14,4.3,4.4,4.2,4.3,63681
SDD,2014-11-17,4.2,4.4,4.2,4.4,43343
SDD,2014-11-18,4.4,4.4,4.2,4.2,30709
SDD,2014-11-19,4.3,4.3,4.2,4.2,19300
SDD,2014-11-20,4.3,4.4,4.2,4.3,41000
SDD,2014-11-21,4.3,4.4,4.2,4.2,228476
SDD,2014-11-24,4.2,4.3,4.2,4.2,88510
SDD,2014-11-25,4.3,4.3,4.1,4.2,169197
SDD,2014-11-26,4.3,4.3,4.1,4.1,88603
SDD,2014-11-27,4.1,4.3,4.1,4.3,33700
SDD,2014-11-28,4.2,4.4,4.2,4.3,93800
SDD,2014-12-01,4.3,4.4,4.2,4.4,43909
SDD,2014-12-02,4.3,4.4,4.2,4.2,91320
SDD,2014-12-03,4.3,4.3,4.3,4.3,71111
SDD,2014-12-04,4.3,4.3,4.2,4.3,54100
SDD,2014-12-05,4.3,4.4,4.2,4.2,50130
SDD,2014-12-08,4.2,4.3,4.2,4.2,39459
SDD,2014-12-09,4.2,4.2,4.0,4.0,127110
SDD,2014-12-10,4.1,4.2,4.0,4.2,70680
SDD,2014-12-11,4.2,4.2,4.1,4.2,1200
SDD,2014-12-12,4.2,4.2,4.0,4.2,40643
SDD,2014-12-15,4.1,4.2,4.0,4.2,111200
SDD,2014-12-16,4.1,4.1,3.9,4.0,84824
SDD,2014-12-17,4.0,4.0,3.6,3.9,77092
SDD,2014-12-18,3.9,4.0,3.9,4.0,60624
SDD,2014-12-19,4.0,4.0,3.8,3.9,35645
SDD,2014-12-22,3.9,4.1,3.9,4.1,48800
SDD,2014-12-23,4.0,4.0,3.9,4.0,21584
SDD,2014-12-24,3.9,4.0,3.8,4.0,16000
SDD,2014-12-25,3.9,4.0,3.8,4.0,6500
SDD,2014-12-26,3.8,3.9,3.8,3.9,81212
SDD,2014-12-29,4.0,4.0,3.7,3.7,5500
SDD,2014-12-30,3.7,4.0,3.7,4.0,33223
SDD,2014-12-31,3.9,4.1,3.8,3.9,53700
SDD,2015-01-05,4.0,4.0,3.9,4.0,14700
SDD,2015-01-06,3.9,4.0,3.9,3.9,28177
SDD,2015-01-07,4.0,4.1,4.0,4.0,81600
SDD,2015-01-08,4.0,4.0,4.0,4.0,2600
SDD,2015-01-09,4.0,4.1,4.0,4.0,17900
SDD,2015-01-12,4.0,4.0,3.8,3.8,26000
SDD,2015-01-13,3.8,4.1,3.8,4.1,30600
SDD,2015-01-14,4.0,4.1,3.9,4.1,194700
SDD,2015-01-15,4.0,4.1,3.9,4.0,26600
SDD,2015-01-16,4.0,4.0,3.9,3.9,3300
SDD,2015-01-19,4.0,4.0,3.9,3.9,8700
SDD,2015-01-20,3.9,3.9,3.9,3.9,50030
SDD,2015-01-21,3.9,3.9,3.9,3.9,6770
SDD,2015-01-22,3.9,4.0,3.9,4.0,46100
SDD,2015-01-23,3.9,4.0,3.9,4.0,17502
SDD,2015-01-26,3.9,4.0,3.8,4.0,22813
SDD,2015-01-27,4.4,4.4,3.9,3.9,4909
SDD,2015-01-28,4.0,4.0,3.8,3.9,13300
SDD,2015-01-29,4.2,4.2,3.8,3.9,50900
SDD,2015-01-30,4.2,4.2,3.7,3.7,17700
SDD,2015-02-02,4.0,4.0,3.6,3.7,31700
SDD,2015-02-03,3.8,3.8,3.6,3.8,5200
SDD,2015-02-04,3.7,3.8,3.6,3.6,2700
SDD,2015-02-05,3.6,3.7,3.6,3.7,2100
SDD,2015-02-06,3.7,3.7,3.6,3.6,4500
SDD,2015-02-09,3.7,3.7,3.5,3.6,14770
SDD,2015-02-10,3.5,3.6,3.4,3.5,26300
SDD,2015-02-11,3.6,3.6,3.6,3.6,200
SDD,2015-02-12,3.6,3.7,3.6,3.7,19400
SDD,2015-02-13,3.7,3.8,3.5,3.8,47800
SDD,2015-02-24,3.8,3.8,3.8,3.8,5100
SDD,2015-02-25,3.8,3.8,3.7,3.7,10870
SDD,2015-02-26,3.7,3.8,3.7,3.8,26400
SDD,2015-02-27,3.8,3.8,3.7,3.7,51700
SDD,2015-03-02,3.7,3.7,3.7,3.7,19746
SDD,2015-03-03,3.7,3.8,3.6,3.7,7400
SDD,2015-03-04,3.8,3.8,3.7,3.8,17703
SDD,2015-03-05,3.8,3.8,3.7,3.7,34900
SDD,2015-03-06,3.7,3.8,3.7,3.8,33500
SDD,2015-03-09,3.8,3.8,3.6,3.7,12100
SDD,2015-03-10,3.7,3.8,3.6,3.7,42702
SDD,2015-03-11,3.7,3.8,3.6,3.7,33518
SDD,2015-03-12,3.7,3.7,3.6,3.7,1501
SDD,2015-03-13,4.0,4.0,3.6,3.7,15600
SDD,2015-03-16,3.6,3.7,3.6,3.6,43121
SDD,2015-03-17,3.6,3.7,3.6,3.6,8500
SDD,2015-03-18,3.7,3.7,3.5,3.5,11400
SDD,2015-03-19,3.6,3.7,3.6,3.7,27100
SDD,2015-03-20,3.7,3.7,3.7,3.7,6108
SDD,2015-03-23,3.6,3.6,3.5,3.6,32300
SDD,2015-03-24,3.5,3.6,3.5,3.6,13000
SDD,2015-03-25,3.6,3.6,3.5,3.5,12508
SDD,2015-03-26,3.5,3.6,3.5,3.6,8700
SDD,2015-03-27,3.6,3.6,3.4,3.5,10220
SDD,2015-03-30,3.5,3.5,3.3,3.3,40000
SDD,2015-03-31,3.5,3.6,3.3,3.6,43127
SDD,2015-04-01,3.4,3.5,3.3,3.5,3200
SDD,2015-04-02,3.5,3.5,3.2,3.4,62500
SDD,2015-04-03,3.5,3.5,3.1,3.3,135217
SDD,2015-04-06,3.1,3.3,3.1,3.3,10000
SDD,2015-04-07,3.3,3.4,3.1,3.4,35330
SDD,2015-04-08,3.3,3.4,3.3,3.4,7138
SDD,2015-04-09,3.4,3.4,3.3,3.4,24870
SDD,2015-04-10,3.3,3.4,3.3,3.4,30070
SDD,2015-04-13,3.2,3.3,3.1,3.2,107325
SDD,2015-04-14,3.3,3.3,3.1,3.1,44900
SDD,2015-04-15,3.2,3.4,3.1,3.4,75718
SDD,2015-04-16,3.4,3.4,3.2,3.3,49079
SDD,2015-04-17,3.2,3.3,3.2,3.3,15671
SDD,2015-04-20,3.2,3.3,3.2,3.3,47900
SDD,2015-04-21,3.2,3.3,3.1,3.1,211245
SDD,2015-04-22,3.2,3.2,3.1,3.2,23162
SDD,2015-04-23,3.2,3.2,3.1,3.1,6700
SDD,2015-04-24,3.1,3.3,3.1,3.2,41200
SDD,2015-04-27,3.2,3.2,3.1,3.2,47700
SDD,2015-05-04,3.1,3.1,2.9,2.9,33500
SDD,2015-05-05,3.0,3.0,2.8,3.0,43707
SDD,2015-05-06,3.1,3.1,2.8,3.0,23400
SDD,2015-05-07,2.9,3.0,2.9,2.9,4000
SDD,2015-05-08,2.9,3.0,2.9,3.0,21500
SDD,2015-05-11,3.0,3.0,2.9,2.9,1600
SDD,2015-05-12,2.8,3.0,2.8,3.0,65300
SDD,2015-05-13,2.9,3.0,2.8,2.9,24700
SDD,2015-05-14,2.8,2.9,2.8,2.9,18700
SDD,2015-05-15,2.8,3.0,2.8,3.0,9600
SDD,2015-05-18,2.8,2.8,2.7,2.7,16500
SDD,2015-05-19,2.9,2.9,2.6,2.8,9000
SDD,2015-05-20,2.8,3.0,2.8,3.0,57844
SDD,2015-05-21,2.8,3.1,2.7,3.1,40002
SDD,2015-05-22,3.0,3.1,2.8,3.0,18700
SDD,2015-05-25,2.9,3.0,2.8,2.9,162100
SDD,2015-05-26,2.9,3.1,2.9,3.1,119376
SDD,2015-05-27,3.2,3.4,3.2,3.4,136630
SDD,2015-05-28,3.3,3.4,3.2,3.3,26400
SDD,2015-05-29,3.2,3.3,3.2,3.3,66900
SDD,2015-06-01,3.2,3.3,3.1,3.3,79200
SDD,2015-06-02,3.2,3.3,3.2,3.2,19700
SDD,2015-06-03,3.2,3.3,3.1,3.3,42800
SDD,2015-06-04,3.1,3.2,3.1,3.2,28500
SDD,2015-06-05,3.3,3.4,3.2,3.4,65800
SDD,2015-06-08,3.4,3.4,3.2,3.3,61430
SDD,2015-06-09,3.3,3.3,3.1,3.2,44300
SDD,2015-06-10,3.1,3.3,3.1,3.2,41070
SDD,2015-06-11,3.2,3.3,3.1,3.1,35800
SDD,2015-06-12,3.3,3.3,3.1,3.3,58500
SDD,2015-06-15,3.3,3.3,3.2,3.2,36270
SDD,2015-06-16,3.3,3.3,3.2,3.3,31244
SDD,2015-06-17,3.3,3.3,3.2,3.2,61500
SDD,2015-06-18,3.2,3.2,3.2,3.2,31400
SDD,2015-06-19,3.2,3.3,3.1,3.2,72400
SDD,2015-06-22,3.3,3.4,3.3,3.4,77700
SDD,2015-06-23,3.3,3.4,3.2,3.4,54449
SDD,2015-06-24,3.4,3.4,3.3,3.3,3251
SDD,2015-06-25,3.2,3.3,3.1,3.2,26227
SDD,2015-06-26,3.2,3.2,3.1,3.2,15090
SDD,2015-06-29,3.2,3.2,3.1,3.1,28831
SDD,2015-06-30,3.1,3.2,3.1,3.1,28305
SDD,2015-07-01,3.1,3.1,3.0,3.1,4500
SDD,2015-07-02,3.1,3.2,3.1,3.2,31200
SDD,2015-07-03,3.2,3.2,3.0,3.1,58384
SDD,2015-07-06,3.1,3.1,3.0,3.1,73357
SDD,2015-07-07,3.1,3.1,3.0,3.1,35200
SDD,2015-07-08,3.1,3.1,2.9,3.1,103519
SDD,2015-07-09,3.1,3.1,2.9,3.1,33800
SDD,2015-07-10,3.0,3.1,3.0,3.0,10500
SDD,2015-07-13,3.0,3.1,2.9,3.1,63020
SDD,2015-07-14,3.0,3.0,2.9,3.0,34000
SDD,2015-07-15,3.0,3.0,2.9,3.0,6297
SDD,2015-07-16,2.9,3.0,2.9,3.0,19330
SDD,2015-07-17,3.0,3.0,2.9,3.0,29400
SDD,2015-07-20,3.0,3.0,2.8,3.0,32036
SDD,2015-07-21,3.3,3.3,3.0,3.0,826
SDD,2015-07-22,3.3,3.3,2.9,3.0,6600
SDD,2015-07-23,2.9,3.0,2.9,3.0,10592
SDD,2015-07-24,2.9,2.9,2.8,2.9,17200
SDD,2015-07-27,2.9,2.9,2.7,2.8,35100
SDD,2015-07-28,2.9,2.9,2.7,2.9,25300
SDD,2015-07-29,2.9,2.9,2.8,2.9,18764
SDD,2015-07-30,2.7,2.9,2.7,2.8,12715
SDD,2015-07-31,2.8,2.9,2.8,2.8,13500
SDD,2015-08-03,2.9,2.9,2.8,2.8,900
SDD,2015-08-04,3.0,3.0,2.8,2.8,2600
SDD,2015-08-05,3.0,3.0,2.8,2.8,11038
SDD,2015-08-06,3.0,3.0,2.6,2.8,47210
SDD,2015-08-07,3.0,3.0,2.8,2.8,500
SDD,2015-08-10,2.8,2.8,2.6,2.8,48000
SDD,2015-08-11,3.0,3.0,2.8,2.9,31542
SDD,2015-08-12,3.1,3.1,2.7,2.9,71600
SDD,2015-08-13,2.7,2.8,2.7,2.8,23900
SDD,2015-08-14,3.0,3.0,2.7,2.8,7200
SDD,2015-08-17,3.0,3.0,2.6,2.7,24100
SDD,2015-08-18,2.9,2.9,2.6,2.7,1500
SDD,2015-08-19,2.9,2.9,2.5,2.7,30800
SDD,2015-08-20,2.9,2.9,2.5,2.5,39600
SDD,2015-08-21,2.7,2.7,2.3,2.5,15900
SDD,2015-08-24,2.7,2.7,2.3,2.4,23910
SDD,2015-08-25,2.6,2.6,2.2,2.4,8400
SDD,2015-08-26,2.6,2.6,2.4,2.6,29360
SDD,2015-08-27,2.8,2.8,2.5,2.7,26100
SDD,2015-08-28,2.9,2.9,2.6,2.8,44100
SDD,2015-08-31,3.0,3.0,2.7,2.8,17200
SDD,2015-09-01,2.8,2.8,2.6,2.8,11900
SDD,2015-09-03,2.8,2.8,2.7,2.7,200
SDD,2015-09-04,2.9,2.9,2.6,2.7,1400
SDD,2015-09-07,2.9,2.9,2.6,2.7,4600
SDD,2015-09-08,2.9,2.9,2.7,2.7,500
SDD,2015-09-09,2.9,2.9,2.6,2.7,93090
SDD,2015-09-10,2.9,2.9,2.7,2.8,21500
SDD,2015-09-11,3.0,3.0,2.7,2.7,30991
SDD,2015-09-14,2.9,2.9,2.7,2.8,19700
SDD,2015-09-15,3.0,3.0,2.6,2.7,5600
SDD,2015-09-16,2.9,2.9,2.6,2.6,10000
SDD,2015-09-17,2.8,2.8,2.8,2.8,100
SDD,2015-09-18,3.0,3.0,2.6,2.7,9900
SDD,2015-09-21,2.8,2.8,2.6,2.7,12500
SDD,2015-09-22,2.6,2.7,2.6,2.7,2819
SDD,2015-09-23,2.6,2.7,2.5,2.7,31500
SDD,2015-09-24,2.5,2.7,2.5,2.7,3900
SDD,2015-09-25,2.7,2.7,2.6,2.7,31000
SDD,2015-09-28,2.8,2.8,2.7,2.7,10310
SDD,2015-09-29,2.7,2.7,2.6,2.7,86500
SDD,2015-09-30,2.7,2.7,2.5,2.7,29500
SDD,2015-10-01,2.9,2.9,2.6,2.7,7500
SDD,2015-10-02,2.9,2.9,2.6,2.6,24200
SDD,2015-10-05,2.8,2.8,2.6,2.7,21500
SDD,2015-10-06,2.7,2.7,2.6,2.6,3000
SDD,2015-10-07,2.7,2.8,2.6,2.7,36300
SDD,2015-10-08,2.9,2.9,2.7,2.8,28500
SDD,2015-10-09,3.0,3.0,2.6,2.8,7100
SDD,2015-10-12,3.0,3.0,2.7,2.8,43122
SDD,2015-10-13,2.8,2.8,2.7,2.8,49800
SDD,2015-10-14,2.6,2.7,2.6,2.7,31600
SDD,2015-10-15,2.9,2.9,2.7,2.7,25700
SDD,2015-10-16,2.7,2.8,2.7,2.8,1100
SDD,2015-10-19,2.7,2.8,2.6,2.6,1800
SDD,2015-10-20,2.8,2.8,2.6,2.8,700
SDD,2015-10-21,2.7,2.8,2.7,2.8,3200
SDD,2015-10-22,2.8,2.8,2.8,2.8,300
SDD,2015-10-23,2.7,2.8,2.7,2.8,15252
SDD,2015-10-26,2.8,2.8,2.7,2.7,400
SDD,2015-10-27,2.6,2.6,2.6,2.6,23220
SDD,2015-10-28,2.7,2.7,2.5,2.7,11900
SDD,2015-10-29,2.6,2.7,2.5,2.7,19700
SDD,2015-10-30,2.6,2.7,2.6,2.6,21745
SDD,2015-11-02,2.7,2.7,2.5,2.5,4300
SDD,2015-11-03,2.7,2.7,2.5,2.6,15031
SDD,2015-11-04,2.8,2.8,2.5,2.5,8800
SDD,2015-11-05,2.7,2.7,2.3,2.6,47400
SDD,2015-11-06,2.8,2.8,2.4,2.5,14300
SDD,2015-11-09,2.5,2.5,2.5,2.5,1400
SDD,2015-11-10,2.4,2.5,2.3,2.4,58200
SDD,2015-11-11,2.3,2.4,2.3,2.3,15300
SDD,2015-11-12,2.5,2.5,2.3,2.4,33300
SDD,2015-11-13,2.5,2.5,2.2,2.2,31515
SDD,2015-11-16,2.2,2.3,2.2,2.2,14100
SDD,2015-11-17,2.2,2.3,2.2,2.3,18300
SDD,2015-11-18,2.3,2.3,2.1,2.3,21400
SDD,2015-11-19,2.3,2.3,2.2,2.2,3200
SDD,2015-11-20,2.3,2.3,2.1,2.2,29248
SDD,2015-11-23,2.3,2.3,2.2,2.3,25500
SDD,2015-11-24,2.2,2.3,2.2,2.2,4300
SDD,2015-11-25,2.2,2.3,2.2,2.3,22867
SDD,2015-11-26,2.3,2.5,2.3,2.5,177633
SDD,2015-11-27,2.6,2.6,2.4,2.5,25300
SDD,2015-11-30,2.4,2.4,2.4,2.4,32300
SDD,2015-12-01,2.3,2.4,2.3,2.4,43600
SDD,2015-12-02,2.3,2.4,2.3,2.3,14000
SDD,2015-12-03,2.3,2.3,2.3,2.3,29500
SDD,2015-12-04,2.3,2.4,2.3,2.3,25800
SDD,2015-12-07,2.3,2.4,2.2,2.3,71000
SDD,2015-12-08,2.3,2.3,2.3,2.3,34809
SDD,2015-12-09,2.3,2.3,2.3,2.3,14100
SDD,2015-12-10,2.3,2.3,2.3,2.3,2424
SDD,2015-12-11,2.3,2.4,2.3,2.4,50200
SDD,2015-12-14,2.3,2.3,2.3,2.3,23912
SDD,2015-12-15,2.3,2.3,2.3,2.3,100
SDD,2015-12-16,2.4,2.5,2.4,2.5,117000
SDD,2015-12-17,2.7,2.7,2.6,2.7,25800
SDD,2015-12-18,2.9,2.9,2.6,2.7,110993
SDD,2015-12-21,2.5,2.6,2.5,2.6,35929
SDD,2015-12-22,2.5,2.6,2.4,2.6,5000
SDD,2015-12-23,2.5,2.5,2.4,2.4,40200
SDD,2015-12-24,2.3,2.6,2.3,2.4,18900
SDD,2015-12-25,2.5,2.5,2.4,2.4,11900
SDD,2015-12-28,2.4,2.5,2.3,2.3,9630
SDD,2015-12-29,2.4,2.4,2.3,2.3,15800
SDD,2015-12-30,2.4,2.5,2.4,2.4,14900
SDD,2015-12-31,2.5,2.5,2.3,2.3,31100
SDD,2016-01-04,2.4,2.5,2.3,2.3,6700
SDD,2016-01-05,2.4,2.5,2.4,2.4,23600
SDD,2016-01-06,2.4,2.5,2.3,2.5,5231
SDD,2016-01-07,2.4,2.4,2.4,2.4,4800
SDD,2016-01-08,2.5,2.5,2.4,2.5,11400
SDD,2016-01-11,2.5,2.5,2.4,2.4,10500
SDD,2016-01-12,2.5,2.5,2.3,2.4,4800
SDD,2016-01-13,2.3,2.4,2.3,2.4,10600
SDD,2016-01-14,2.3,2.5,2.3,2.5,29400
SDD,2016-01-15,2.4,2.5,2.4,2.5,1200
SDD,2016-01-18,2.4,2.4,2.3,2.3,12600
SDD,2016-01-19,2.3,2.4,2.3,2.4,16400
SDD,2016-01-20,2.3,2.4,2.3,2.3,29500
SDD,2016-01-21,2.4,2.4,2.1,2.1,49900
SDD,2016-01-22,2.3,2.3,2.3,2.3,300
SDD,2016-01-25,2.3,2.4,2.3,2.4,10300
SDD,2016-01-26,2.3,2.3,2.3,2.3,20300
SDD,2016-01-27,2.3,2.3,2.3,2.3,6400
SDD,2016-01-28,2.3,2.3,2.3,2.3,18200
SDD,2016-01-29,2.3,2.3,2.3,2.3,20300
SDD,2016-02-01,2.3,2.3,2.3,2.3,8100
SDD,2016-02-02,2.3,2.4,2.3,2.3,37400
SDD,2016-02-03,2.4,2.4,2.3,2.4,40300
SDD,2016-02-04,2.4,2.4,2.3,2.3,8500
SDD,2016-02-05,2.3,2.4,2.3,2.3,18700
SDD,2016-02-15,2.3,2.4,2.3,2.4,31900
SDD,2016-02-16,2.4,2.5,2.4,2.5,30000
SDD,2016-02-17,2.3,2.4,2.3,2.4,79100
SDD,2016-02-18,2.4,2.4,2.4,2.4,14800
SDD,2016-02-19,2.3,2.4,2.3,2.4,16500
SDD,2016-02-22,2.4,2.5,2.4,2.5,47200
SDD,2016-02-23,2.3,2.4,2.3,2.4,52364
SDD,2016-02-24,2.4,2.5,2.4,2.4,93300
SDD,2016-02-25,2.5,2.5,2.4,2.5,43800
SDD,2016-02-26,2.4,2.4,2.4,2.4,44900
SDD,2016-02-29,2.4,2.5,2.4,2.5,56000
SDD,2016-03-01,2.5,2.7,2.5,2.7,25800
SDD,2016-03-02,2.8,2.8,2.5,2.7,10400
SDD,2016-03-03,2.6,2.7,2.6,2.6,59100
SDD,2016-03-04,2.7,2.7,2.5,2.6,10200
SDD,2016-03-07,2.5,2.8,2.5,2.7,26000
SDD,2016-03-08,2.6,2.7,2.6,2.7,2032
SDD,2016-03-09,2.6,2.7,2.6,2.7,28800
SDD,2016-03-10,2.7,2.7,2.6,2.6,34978
SDD,2016-03-11,2.6,2.7,2.6,2.7,30900
SDD,2016-03-14,2.6,2.6,2.6,2.6,48500
SDD,2016-03-15,2.6,2.7,2.6,2.6,39000
SDD,2016-03-16,2.6,2.6,2.6,2.6,15500
SDD,2016-03-17,2.6,2.7,2.6,2.6,6400
SDD,2016-03-18,2.7,2.8,2.7,2.7,21704
SDD,2016-03-21,2.7,2.8,2.7,2.8,20900
SDD,2016-03-22,2.6,2.7,2.6,2.6,144356
SDD,2016-03-23,2.6,2.7,2.6,2.7,15850
SDD,2016-03-24,2.7,2.7,2.6,2.7,19430
SDD,2016-03-25,2.6,2.6,2.6,2.6,25900
SDD,2016-03-28,2.5,2.6,2.5,2.6,14000
SDD,2016-03-29,2.6,2.6,2.5,2.6,40400
SDD,2016-03-30,2.6,2.6,2.6,2.6,9200
SDD,2016-03-31,2.6,2.6,2.5,2.6,2715
SDD,2016-04-01,2.5,2.5,2.4,2.5,24000
SDD,2016-04-04,2.5,2.5,2.5,2.5,32300
SDD,2016-04-05,2.4,2.5,2.4,2.5,2500
SDD,2016-04-06,2.5,2.5,2.4,2.4,8508
SDD,2016-04-07,2.5,2.5,2.4,2.4,18430
SDD,2016-04-08,2.4,2.5,2.4,2.4,29700
SDD,2016-04-11,2.5,2.5,2.5,2.5,15835
SDD,2016-04-12,2.5,2.6,2.5,2.6,41006
SDD,2016-04-13,2.5,2.6,2.5,2.6,2000
SDD,2016-04-14,2.6,2.6,2.5,2.5,7959
SDD,2016-04-15,2.5,2.6,2.4,2.5,20451
SDD,2016-04-19,2.6,2.6,2.5,2.5,21451
SDD,2016-04-20,2.5,2.6,2.4,2.6,5800
SDD,2016-04-21,2.5,2.5,2.4,2.4,56900
SDD,2016-04-22,2.4,2.5,2.3,2.5,15108
SDD,2016-04-25,2.4,2.5,2.4,2.4,15819
SDD,2016-04-26,2.4,2.4,2.4,2.4,5022
SDD,2016-04-27,2.4,2.5,2.4,2.4,75600
SDD,2016-04-28,2.4,2.6,2.4,2.6,118050
SDD,2016-04-29,2.8,2.8,2.7,2.8,145550
SDD,2016-05-04,2.8,2.8,2.6,2.7,61885
SDD,2016-05-05,2.7,2.9,2.7,2.9,411506
SDD,2016-05-06,3.0,3.1,3.0,3.1,326131
SDD,2016-05-09,3.2,3.3,3.2,3.2,212546
SDD,2016-05-10,3.1,3.1,2.9,2.9,182208
SDD,2016-05-11,2.9,2.9,2.7,2.7,115600
SDD,2016-05-12,2.7,2.9,2.7,2.9,61582
SDD,2016-05-13,2.8,2.8,2.8,2.8,95300
SDD,2016-05-16,2.8,2.9,2.8,2.9,38563
SDD,2016-05-17,2.8,2.9,2.8,2.9,60606
SDD,2016-05-18,3.0,3.0,2.8,2.8,51936
SDD,2016-05-19,2.8,2.9,2.7,2.9,48300
SDD,2016-05-20,2.9,2.9,2.7,2.8,88200
SDD,2016-05-23,2.8,2.8,2.7,2.7,157400
SDD,2016-05-24,2.7,2.8,2.7,2.8,22520
SDD,2016-05-25,2.7,2.7,2.7,2.7,63913
SDD,2016-05-26,2.7,2.7,2.7,2.7,94800
SDD,2016-05-27,2.7,2.8,2.7,2.8,22397
SDD,2016-05-30,2.8,2.8,2.7,2.8,58470
SDD,2016-05-31,2.7,2.9,2.7,2.8,72800
SDD,2016-06-01,2.7,2.8,2.7,2.8,51800
SDD,2016-06-02,2.7,2.9,2.7,2.9,35600
SDD,2016-06-03,2.8,2.8,2.7,2.7,16500
SDD,2016-06-06,2.7,2.7,2.7,2.7,41024
SDD,2016-06-07,2.8,2.9,2.8,2.8,38400
SDD,2016-06-08,2.8,2.9,2.8,2.9,32389
SDD,2016-06-09,2.8,2.8,2.8,2.8,63011
SDD,2016-06-10,2.8,3.0,2.8,2.9,27400
SDD,2016-06-13,2.9,2.9,2.8,2.8,110400
SDD,2016-06-14,2.8,2.8,2.8,2.8,70400
SDD,2016-06-15,2.9,2.9,2.8,2.8,33100
SDD,2016-06-16,2.9,2.9,2.8,2.8,5300
SDD,2016-06-17,2.8,2.9,2.8,2.9,12700
SDD,2016-06-20,2.8,2.8,2.8,2.8,53232
SDD,2016-06-21,2.8,2.8,2.8,2.8,27114
SDD,2016-06-22,2.7,2.7,2.7,2.7,17455
SDD,2016-06-23,2.7,2.7,2.6,2.6,31391
SDD,2016-06-24,2.8,2.8,2.6,2.6,68600
SDD,2016-06-27,2.6,2.7,2.5,2.7,156700
SDD,2016-06-28,2.5,2.6,2.5,2.5,60700
SDD,2016-06-29,2.7,2.7,2.6,2.7,27500
SDD,2016-06-30,2.7,2.7,2.6,2.6,11648
SDD,2016-07-01,2.6,2.6,2.6,2.6,36010
SDD,2016-07-04,2.6,2.7,2.6,2.6,15400
SDD,2016-07-05,2.6,2.8,2.6,2.7,27579
SDD,2016-07-06,2.7,2.8,2.6,2.7,42000
SDD,2016-07-07,2.8,2.9,2.7,2.9,120800
SDD,2016-07-08,2.9,2.9,2.8,2.9,72018
SDD,2016-07-11,2.8,2.8,2.7,2.7,44700
SDD,2016-07-12,2.8,2.8,2.6,2.8,6200
SDD,2016-07-13,2.6,2.7,2.6,2.7,1700
SDD,2016-07-14,2.7,2.7,2.7,2.7,5800
SDD,2016-07-15,2.7,2.7,2.7,2.7,2978
SDD,2016-07-18,2.8,2.8,2.7,2.7,15100
SDD,2016-07-19,2.7,2.7,2.7,2.7,12480
SDD,2016-07-20,2.7,2.7,2.6,2.7,20903
SDD,2016-07-21,2.7,2.7,2.7,2.7,13100
SDD,2016-07-22,2.7,2.8,2.7,2.8,11900
SDD,2016-07-25,2.6,2.6,2.6,2.6,100
SDD,2016-07-26,2.7,2.8,2.6,2.7,52700
SDD,2016-07-27,2.7,2.7,2.7,2.7,27000
SDD,2016-07-28,2.7,2.7,2.6,2.7,5784
SDD,2016-07-29,2.6,2.7,2.6,2.7,15700
SDD,2016-08-01,2.7,2.7,2.7,2.7,300
SDD,2016-08-02,2.6,2.7,2.6,2.6,13400
SDD,2016-08-03,2.6,2.6,2.6,2.6,11500
SDD,2016-08-04,2.5,2.6,2.5,2.6,41800
SDD,2016-08-05,2.6,2.6,2.6,2.6,14200
SDD,2016-08-08,2.6,2.6,2.6,2.6,15609
SDD,2016-08-09,2.6,2.6,2.6,2.6,0
SDD,2016-08-10,2.7,2.8,2.6,2.7,19400
SDD,2016-08-11,2.7,2.7,2.7,2.7,37
SDD,2016-08-12,2.7,2.7,2.7,2.7,15385
SDD,2016-08-15,2.6,2.6,2.6,2.6,10100
SDD,2016-08-16,2.6,2.6,2.6,2.6,13500
SDD,2016-08-17,2.6,2.6,2.6,2.6,50400
SDD,2016-08-18,2.6,2.6,2.6,2.6,2100
SDD,2016-08-19,2.6,2.6,2.6,2.6,10900
SDD,2016-08-22,2.5,2.5,2.5,2.5,200
SDD,2016-08-23,2.5,2.6,2.5,2.6,12250
SDD,2016-08-24,2.6,2.6,2.5,2.6,11687
SDD,2016-08-25,2.6,2.6,2.5,2.6,2803
SDD,2016-08-26,2.6,2.6,2.6,2.6,10
SDD,2016-08-29,2.6,2.6,2.6,2.6,14900
SDD,2016-08-30,2.6,2.6,2.6,2.6,28100
SDD,2016-08-31,2.5,2.5,2.5,2.5,6200
SDD,2016-09-01,2.5,2.5,2.5,2.5,15460
SDD,2016-09-05,2.5,2.5,2.5,2.5,35042
SDD,2016-09-06,2.5,2.5,2.5,2.5,0
SDD,2016-09-07,2.4,2.4,2.4,2.4,7000
SDD,2016-09-08,2.5,2.6,2.5,2.6,18900
SDD,2016-09-09,2.5,2.6,2.5,2.5,10100
SDD,2016-09-12,2.5,2.5,2.5,2.5,18000
SDD,2016-09-13,2.5,2.5,2.4,2.5,79200
SDD,2016-09-14,2.5,2.5,2.5,2.5,6500
SDD,2016-09-15,2.5,2.5,2.5,2.5,12600
SDD,2016-09-16,2.5,2.7,2.5,2.6,52300
SDD,2016-09-19,2.6,2.6,2.4,2.6,102260
SDD,2016-09-20,2.6,2.7,2.5,2.7,10800
SDD,2016-09-21,2.7,2.9,2.7,2.9,13600
SDD,2016-09-22,2.8,2.8,2.7,2.7,15100
SDD,2016-09-23,2.7,2.9,2.7,2.7,6400
SDD,2016-09-26,2.9,2.9,2.6,2.7,1500
SDD,2016-09-27,2.7,2.7,2.7,2.7,580
SDD,2016-09-28,2.6,2.6,2.5,2.5,3400
SDD,2016-09-29,2.6,2.7,2.6,2.6,20209
SDD,2016-09-30,2.6,2.7,2.6,2.7,6144
SDD,2016-10-03,2.6,2.7,2.5,2.6,24200
SDD,2016-10-04,2.6,2.6,2.5,2.6,26100
SDD,2016-10-05,2.6,2.6,2.5,2.6,21233
SDD,2016-10-06,2.5,2.7,2.5,2.7,28735
SDD,2016-10-07,2.6,2.7,2.6,2.7,21400
SDD,2016-10-10,2.7,2.8,2.6,2.8,11300
SDD,2016-10-11,2.6,2.8,2.6,2.6,29300
SDD,2016-10-12,2.5,2.7,2.5,2.6,30400
SDD,2016-10-13,2.6,2.6,2.5,2.6,38400
SDD,2016-10-14,2.5,2.7,2.5,2.5,117335
SDD,2016-10-17,2.5,2.6,2.5,2.5,64990
SDD,2016-10-18,2.5,2.6,2.5,2.5,19200
SDD,2016-10-19,2.5,2.5,2.5,2.5,15993
SDD,2016-10-20,2.5,2.5,2.5,2.5,11000
SDD,2016-10-21,2.5,2.5,2.5,2.5,5009
SDD,2016-10-24,2.6,2.6,2.6,2.6,203900
SDD,2016-10-25,2.5,2.5,2.5,2.5,11430
SDD,2016-10-26,2.5,2.6,2.5,2.6,9820
SDD,2016-10-27,2.5,2.5,2.5,2.5,8800
SDD,2016-10-28,2.5,2.5,2.4,2.4,19600
SDD,2016-10-31,2.5,2.5,2.5,2.5,800
SDD,2016-11-01,2.5,2.5,2.4,2.5,8200
SDD,2016-11-02,2.5,2.5,2.4,2.4,4000
SDD,2016-11-03,2.4,2.5,2.4,2.5,8410
SDD,2016-11-04,2.4,2.4,2.4,2.4,1800
SDD,2016-11-07,2.4,2.5,2.4,2.5,1100
SDD,2016-11-08,2.4,2.4,2.3,2.4,30706
SDD,2016-11-09,2.4,2.4,2.3,2.3,21300
SDD,2016-11-10,2.4,2.4,2.3,2.3,6424
SDD,2016-11-11,2.4,2.5,2.4,2.4,3285
SDD,2016-11-14,2.4,2.4,2.3,2.3,8300
SDD,2016-11-15,2.3,2.4,2.3,2.3,19810
SDD,2016-11-16,2.4,2.5,2.3,2.3,3947
SDD,2016-11-17,2.4,2.4,2.4,2.4,3405
SDD,2016-11-18,2.4,2.4,2.3,2.3,225
SDD,2016-11-21,2.4,2.4,2.3,2.3,1500
SDD,2016-11-22,2.4,2.4,2.3,2.3,29000
SDD,2016-11-23,2.4,2.5,2.3,2.3,1610
SDD,2016-11-24,2.4,2.4,2.4,2.4,5100
SDD,2016-11-25,2.5,2.5,2.5,2.5,30200
SDD,2016-11-28,2.5,2.5,2.5,2.5,0
SDD,2016-11-29,2.5,2.5,2.5,2.5,700
SDD,2016-11-30,2.4,2.5,2.4,2.5,5100
SDD,2016-12-01,2.5,2.5,2.5,2.5,10
SDD,2016-12-02,2.5,2.5,2.5,2.5,0
SDD,2016-12-05,2.5,2.5,2.5,2.5,0
SDD,2016-12-06,2.4,2.4,2.4,2.4,4300
SDD,2016-12-07,2.3,2.5,2.2,2.5,4100
SDD,2016-12-08,2.5,2.5,2.5,2.5,154
SDD,2016-12-09,2.3,2.3,2.3,2.3,22000
SDD,2016-12-12,2.3,2.3,2.3,2.3,15000
SDD,2016-12-13,2.3,2.3,2.2,2.3,3700
SDD,2016-12-14,2.3,2.3,2.1,2.2,29700
SDD,2016-12-15,2.3,2.3,2.2,2.2,600
SDD,2016-12-16,2.2,2.2,2.1,2.1,10700
SDD,2016-12-19,2.3,2.3,2.3,2.3,6918
SDD,2016-12-20,2.3,2.3,2.3,2.3,20128
SDD,2016-12-21,2.3,2.3,2.2,2.3,20200
SDD,2016-12-22,2.2,2.2,2.1,2.2,46100
SDD,2016-12-23,2.1,2.3,2.1,2.2,2000
SDD,2016-12-26,2.2,2.2,2.2,2.2,3000
SDD,2016-12-27,2.2,2.2,2.1,2.1,4830
SDD,2016-12-28,2.2,2.2,2.1,2.1,400
SDD,2016-12-29,2.2,2.2,2.1,2.1,700
SDD,2016-12-30,2.2,2.2,2.2,2.2,600
SDD,2017-01-03,2.2,2.2,2.2,2.2,300
SDD,2017-01-04,2.2,2.2,2.2,2.2,370
SDD,2017-01-05,2.1,2.1,2.1,2.1,100
SDD,2017-01-06,2.2,2.2,2.1,2.1,11800
SDD,2017-01-09,2.1,2.2,2.1,2.2,2600
SDD,2017-01-10,2.2,2.2,2.2,2.2,587
SDD,2017-01-11,2.2,2.2,2.1,2.1,4350
SDD,2017-01-12,2.1,2.2,2.1,2.2,45055
SDD,2017-01-13,2.2,2.2,2.2,2.2,0
SDD,2017-01-16,2.3,2.3,2.1,2.2,5700
SDD,2017-01-17,2.1,2.3,2.1,2.3,23000
SDD,2017-01-18,2.2,2.2,2.2,2.2,2600
SDD,2017-01-19,2.2,2.2,2.2,2.2,3930
SDD,2017-01-20,2.2,2.2,2.1,2.1,28572
SDD,2017-01-23,2.2,2.2,2.2,2.2,1050
SDD,2017-01-24,2.2,2.3,2.1,2.1,700
SDD,2017-01-25,2.2,2.2,2.2,2.2,6600
SDD,2017-02-02,2.1,2.2,2.1,2.2,2148
SDD,2017-02-03,2.2,2.3,2.2,2.3,14866
SDD,2017-02-06,2.2,2.3,2.1,2.2,15951
SDD,2017-02-07,2.3,2.3,2.2,2.2,23136
SDD,2017-02-08,2.3,2.3,2.3,2.3,5917
SDD,2017-02-09,2.4,2.4,2.3,2.3,42306
SDD,2017-02-10,2.4,2.4,2.3,2.3,20600
SDD,2017-02-13,2.4,2.5,2.4,2.4,13800
SDD,2017-02-14,2.4,2.4,2.4,2.4,13425
SDD,2017-02-15,2.5,2.5,2.4,2.4,8948
SDD,2017-02-16,2.4,2.6,2.4,2.4,12646
SDD,2017-02-17,2.6,2.6,2.4,2.4,420
SDD,2017-02-20,2.5,2.6,2.4,2.4,2000
SDD,2017-02-21,2.5,2.6,2.5,2.5,23758
SDD,2017-02-22,2.4,2.5,2.4,2.5,22600
SDD,2017-02-23,2.4,2.6,2.4,2.5,7702
SDD,2017-02-24,2.6,2.6,2.5,2.5,210
SDD,2017-02-27,2.5,2.5,2.5,2.5,21400
SDD,2017-02-28,2.5,2.5,2.4,2.5,11110
SDD,2017-03-01,2.5,2.6,2.5,2.5,5327
SDD,2017-03-02,2.5,2.5,2.5,2.5,2003
SDD,2017-03-03,2.4,2.4,2.4,2.4,7200
SDD,2017-03-06,2.6,2.6,2.5,2.5,23367
SDD,2017-03-07,2.5,2.7,2.5,2.5,9919
SDD,2017-03-08,2.5,2.6,2.5,2.5,24620
SDD,2017-03-09,2.5,2.5,2.5,2.5,20000
SDD,2017-03-10,2.5,2.6,2.5,2.5,5333
SDD,2017-03-13,2.5,2.5,2.5,2.5,1100
SDD,2017-03-14,2.5,2.5,2.5,2.5,1000
SDD,2017-03-15,2.5,2.5,2.5,2.5,6100
SDD,2017-03-16,2.5,2.5,2.5,2.5,22300
SDD,2017-03-17,2.5,2.5,2.4,2.4,3600
SDD,2017-03-20,2.4,2.4,2.4,2.4,3244
SDD,2017-03-21,2.5,2.5,2.4,2.4,3800
SDD,2017-03-22,2.5,2.6,2.4,2.4,6400
SDD,2017-03-23,2.5,2.6,2.5,2.6,6990
SDD,2017-03-24,2.5,2.6,2.4,2.4,6800
SDD,2017-03-27,2.4,2.6,2.3,2.6,23500
SDD,2017-03-28,2.5,2.5,2.4,2.4,1800
SDD,2017-03-29,2.5,2.5,2.5,2.5,4416
SDD,2017-03-30,2.4,2.5,2.4,2.5,4500
SDD,2017-03-31,2.5,2.5,2.4,2.4,5613
SDD,2017-04-03,2.4,2.6,2.4,2.6,31616
SDD,2017-04-04,2.4,2.5,2.4,2.5,2720
SDD,2017-04-05,2.5,2.5,2.4,2.4,23091
SDD,2017-04-07,2.4,2.5,2.4,2.5,1300
SDD,2017-04-10,2.4,2.5,2.4,2.4,25100
SDD,2017-04-11,2.5,2.5,2.5,2.5,2110
SDD,2017-04-12,2.4,2.4,2.4,2.4,4500
SDD,2017-04-13,2.5,2.5,2.4,2.4,2900
SDD,2017-04-14,2.5,2.5,2.3,2.3,10300
SDD,2017-04-17,2.4,2.4,2.3,2.4,27320
SDD,2017-04-18,2.3,2.3,2.3,2.3,518
SDD,2017-04-19,2.3,2.3,2.3,2.3,3057
SDD,2017-04-20,2.3,2.3,2.3,2.3,2500
SDD,2017-04-21,2.4,2.4,2.4,2.4,13000
SDD,2017-04-24,2.4,2.6,2.4,2.5,19107
SDD,2017-04-25,2.4,2.5,2.4,2.5,8115
SDD,2017-04-26,2.3,2.4,2.3,2.3,8000
SDD,2017-04-27,2.3,2.4,2.3,2.3,7500
SDD,2017-04-28,2.3,2.4,2.3,2.3,23500
SDD,2017-05-03,2.3,2.3,2.3,2.3,2700
SDD,2017-05-04,2.4,2.4,2.4,2.4,9400
SDD,2017-05-05,2.4,2.4,2.4,2.4,46
SDD,2017-05-08,2.4,2.4,2.3,2.3,17200
SDD,2017-05-09,2.3,2.3,2.3,2.3,50400
SDD,2017-05-10,2.3,2.3,2.3,2.3,24
SDD,2017-05-11,2.3,2.3,2.3,2.3,3204
SDD,2017-05-12,2.3,2.3,2.2,2.2,4635
SDD,2017-05-15,2.2,2.2,2.2,2.2,19200
SDD,2017-05-16,2.2,2.2,2.2,2.2,0
SDD,2017-05-17,2.2,2.2,2.2,2.2,1400
SDD,2017-05-18,2.3,2.3,2.3,2.3,11065
SDD,2017-05-19,2.3,2.3,2.2,2.3,44564
SDD,2017-05-22,2.2,2.3,2.1,2.3,149401
SDD,2017-05-23,2.3,2.3,2.1,2.2,43078
SDD,2017-05-24,2.3,2.3,2.2,2.2,9882
SDD,2017-05-25,2.2,2.3,2.2,2.3,11700
SDD,2017-05-26,2.2,2.3,2.2,2.3,5314
SDD,2017-05-29,2.3,2.3,2.3,2.3,28000
SDD,2017-05-30,2.3,2.3,2.2,2.3,5479
SDD,2017-05-31,2.3,2.3,2.3,2.3,405
SDD,2017-06-01,2.2,2.4,2.2,2.4,43600
SDD,2017-06-02,2.2,2.3,2.2,2.3,240400
SDD,2017-06-05,2.3,2.3,2.2,2.3,3810
SDD,2017-06-06,2.3,2.3,2.2,2.2,9606
SDD,2017-06-07,2.3,2.3,2.2,2.3,30400
SDD,2017-06-08,2.3,2.4,2.2,2.4,124009
SDD,2017-06-09,2.3,2.3,2.3,2.3,21781
SDD,2017-06-12,2.2,2.3,2.2,2.3,41100
SDD,2017-06-13,2.3,2.4,2.2,2.4,31801
SDD,2017-06-14,2.3,2.4,2.3,2.4,7787
SDD,2017-06-15,2.3,2.4,2.3,2.3,8300
SDD,2017-06-16,2.3,2.3,2.2,2.2,12919
SDD,2017-06-19,2.3,2.4,2.3,2.3,11800
SDD,2017-06-20,2.2,2.3,2.2,2.3,23248
SDD,2017-06-21,2.2,2.3,2.2,2.3,10500
SDD,2017-06-22,2.3,2.4,2.2,2.4,18927
SDD,2017-06-23,2.3,2.5,2.3,2.4,76577
SDD,2017-06-26,2.4,2.4,2.4,2.4,10400
SDD,2017-06-27,2.4,2.4,2.4,2.4,0
SDD,2017-06-28,2.4,2.4,2.3,2.3,764
SDD,2017-06-29,2.3,2.5,2.3,2.4,26003
SDD,2017-06-30,2.4,2.6,2.4,2.6,77436
SDD,2017-07-03,2.4,2.6,2.4,2.5,5908
SDD,2017-07-04,2.5,2.6,2.4,2.6,71290
SDD,2017-07-05,2.4,2.6,2.4,2.4,61300
SDD,2017-07-06,2.6,2.6,2.5,2.6,73388
SDD,2017-07-07,2.8,2.8,2.5,2.6,33615
SDD,2017-07-10,2.6,2.6,2.4,2.5,85100
SDD,2017-07-11,2.4,2.6,2.4,2.4,37184
SDD,2017-07-12,2.4,2.5,2.4,2.4,12322
SDD,2017-07-13,2.4,2.5,2.4,2.4,4700
SDD,2017-07-14,2.4,2.5,2.4,2.5,17200
SDD,2017-07-17,2.5,2.5,2.3,2.3,60800
SDD,2017-07-18,2.4,2.5,2.4,2.5,39211
SDD,2017-07-19,2.3,2.4,2.3,2.4,46778
SDD,2017-07-20,2.4,2.5,2.3,2.4,36920
SDD,2017-07-21,2.4,2.5,2.3,2.5,400
SDD,2017-07-24,2.3,2.4,2.3,2.4,20156
SDD,2017-07-25,2.4,2.5,2.3,2.4,187132
SDD,2017-07-26,2.3,2.4,2.3,2.4,55613
SDD,2017-07-27,2.3,2.4,2.3,2.4,14430
SDD,2017-07-28,2.3,2.4,2.3,2.4,58900
SDD,2017-07-31,2.4,2.4,2.3,2.4,11460
SDD,2017-08-01,2.3,2.5,2.3,2.5,56302
SDD,2017-08-02,2.4,2.4,2.3,2.4,21700
SDD,2017-08-03,2.3,2.5,2.3,2.5,134900
SDD,2017-08-04,2.5,2.5,2.4,2.5,10960
SDD,2017-08-07,2.5,2.5,2.4,2.4,83570
SDD,2017-08-08,2.4,2.5,2.4,2.4,55000
SDD,2017-08-09,2.4,2.6,2.4,2.4,146000
SDD,2017-08-10,2.4,2.5,2.3,2.4,50600
SDD,2017-08-11,2.3,2.4,2.3,2.4,55100
SDD,2017-08-14,2.3,2.4,2.3,2.4,37551
SDD,2017-08-15,2.3,2.5,2.3,2.3,33900
SDD,2017-08-16,2.4,2.4,2.3,2.4,30149
SDD,2017-08-17,2.4,2.4,2.3,2.3,4618
SDD,2017-08-18,2.4,2.4,2.3,2.4,27082
SDD,2017-08-21,2.4,2.4,2.3,2.3,24242
SDD,2017-08-22,2.3,2.4,2.3,2.3,4300
SDD,2017-08-23,2.3,2.4,2.2,2.3,7300
SDD,2017-08-24,2.2,2.3,2.2,2.2,59498
SDD,2017-08-25,2.2,2.3,2.2,2.2,5400
SDD,2017-08-28,2.3,2.3,2.2,2.2,46167
SDD,2017-08-29,2.3,2.3,2.2,2.2,102488
SDD,2017-08-30,2.3,2.3,2.2,2.2,7500
SDD,2017-08-31,2.3,2.3,2.1,2.3,61800
SDD,2017-09-01,2.3,2.3,2.2,2.2,900
SDD,2017-09-05,2.3,2.3,2.3,2.3,180
SDD,2017-09-06,2.3,2.3,2.3,2.3,73600
SDD,2017-09-07,2.3,2.4,2.3,2.4,41340
SDD,2017-09-08,2.3,2.4,2.3,2.4,41506
SDD,2017-09-11,2.3,2.4,2.2,2.4,89800
SDD,2017-09-12,2.4,2.4,2.3,2.3,15200
SDD,2017-09-13,2.2,2.4,2.2,2.3,21530
SDD,2017-09-14,2.3,2.4,2.2,2.4,4600
SDD,2017-09-15,2.2,2.3,2.2,2.3,6231
SDD,2017-09-18,2.2,2.3,2.2,2.2,4597
SDD,2017-09-19,2.2,2.4,2.2,2.4,15100
SDD,2017-09-20,2.2,2.3,2.2,2.3,5215
SDD,2017-09-21,2.2,2.3,2.2,2.3,2808
SDD,2017-09-22,2.2,2.3,2.2,2.2,8030
SDD,2017-09-25,2.3,2.3,2.3,2.3,881
SDD,2017-09-26,2.3,2.3,2.2,2.3,3400
SDD,2017-09-27,2.2,2.3,2.1,2.3,42150
SDD,2017-09-28,2.3,2.3,2.2,2.2,2159
SDD,2017-09-29,2.3,2.3,2.1,2.3,12406
SDD,2017-10-02,2.3,2.3,2.1,2.2,25200
SDD,2017-10-03,2.2,2.2,2.1,2.2,55500
SDD,2017-10-04,2.2,2.3,2.2,2.3,11800
SDD,2017-10-05,2.2,2.2,2.1,2.2,25930
SDD,2017-10-06,2.1,2.3,2.1,2.2,83800
SDD,2017-10-09,2.2,2.2,2.1,2.2,38890
SDD,2017-10-10,2.2,2.3,2.1,2.3,23668
SDD,2017-10-11,2.2,2.3,2.1,2.2,33978
SDD,2017-10-12,2.1,2.2,2.1,2.2,3200
SDD,2017-10-13,2.2,2.2,2.1,2.1,1400
SDD,2017-10-16,2.2,2.2,2.1,2.2,6903
SDD,2017-10-17,2.1,2.3,2.1,2.2,11977
SDD,2017-10-18,2.1,2.3,2.1,2.2,44000
SDD,2017-10-19,2.1,2.2,2.1,2.2,6700
SDD,2017-10-20,2.2,2.3,2.1,2.2,5600
SDD,2017-10-23,2.2,2.2,2.2,2.2,55
SDD,2017-10-24,2.1,2.2,2.1,2.2,10942
SDD,2017-10-25,2.1,2.2,2.1,2.2,2100
SDD,2017-10-26,2.2,2.2,2.2,2.2,5100
SDD,2017-10-27,2.2,2.2,2.1,2.1,15600
SDD,2017-10-30,2.1,2.2,2.1,2.1,2300
SDD,2017-10-31,2.2,2.2,2.0,2.0,12300
SDD,2017-11-01,2.0,2.1,2.0,2.0,17300
SDD,2017-11-02,2.0,2.0,1.9,1.9,24247
SDD,2017-11-03,2.0,2.0,2.0,2.0,23990
SDD,2017-11-06,2.1,2.2,2.0,2.1,31075
SDD,2017-11-07,2.1,2.1,2.1,2.1,2700
SDD,2017-11-08,2.1,2.1,2.1,2.1,2770
SDD,2017-11-09,2.1,2.2,2.1,2.1,2100
SDD,2017-11-10,2.0,2.1,2.0,2.0,66300
SDD,2017-11-13,2.0,2.0,2.0,2.0,19212
SDD,2017-11-14,2.0,2.0,1.9,1.9,3989
SDD,2017-11-15,2.0,2.0,2.0,2.0,23566
SDD,2017-11-16,2.1,2.1,2.1,2.1,9300
SDD,2017-11-17,2.0,2.1,2.0,2.0,113430
SDD,2017-11-20,2.0,2.1,2.0,2.1,18875
SDD,2017-11-21,2.0,2.1,2.0,2.1,10667
SDD,2017-11-22,2.0,2.0,1.9,1.9,42755
SDD,2017-11-23,2.0,2.0,2.0,2.0,23700
SDD,2017-11-24,2.1,2.2,2.0,2.1,112124
SDD,2017-11-27,2.0,2.1,2.0,2.1,36200
SDD,2017-11-28,2.0,2.1,1.9,1.9,41800
SDD,2017-11-29,2.0,2.0,2.0,2.0,99950
SDD,2017-11-30,2.1,2.1,2.0,2.0,69700
SDD,2017-12-01,2.0,2.1,2.0,2.0,7186
SDD,2017-12-04,2.0,2.0,1.9,2.0,23600
SDD,2017-12-05,2.0,2.1,2.0,2.0,23100
SDD,2017-12-06,2.0,2.0,1.9,2.0,5230
SDD,2017-12-07,2.0,2.1,1.9,2.0,3106
SDD,2017-12-08,2.0,2.1,2.0,2.1,8359
SDD,2017-12-11,1.9,2.0,1.9,2.0,19272
SDD,2017-12-12,2.0,2.1,2.0,2.0,19260
SDD,2017-12-13,1.9,1.9,1.9,1.9,150
SDD,2017-12-14,1.9,2.0,1.9,2.0,700
SDD,2017-12-15,2.0,2.0,2.0,2.0,3000
SDD,2017-12-18,2.0,2.0,1.9,2.0,8829
SDD,2017-12-19,1.9,2.0,1.9,2.0,27400
SDD,2017-12-20,2.0,2.0,2.0,2.0,130
SDD,2017-12-21,1.9,2.0,1.9,2.0,1128
SDD,2017-12-22,1.9,2.0,1.9,1.9,15800
SDD,2017-12-25,2.0,2.0,1.9,1.9,11670
SDD,2017-12-26,1.9,2.0,1.9,1.9,29500
SDD,2017-12-27,1.9,2.0,1.9,1.9,11922
SDD,2017-12-28,2.0,2.0,2.0,2.0,41920
SDD,2017-12-29,2.0,2.0,1.9,2.0,2372
SDD,2018-01-02,1.9,2.0,1.9,2.0,4600
SDD,2018-01-03,1.9,2.0,1.9,2.0,16566
SDD,2018-01-04,1.9,2.0,1.9,2.0,12314
SDD,2018-01-05,2.0,2.1,1.9,2.1,28918
SDD,2018-01-08,2.0,2.0,1.9,2.0,5100
SDD,2018-01-09,2.0,2.0,2.0,2.0,10300
SDD,2018-01-10,2.0,2.0,1.9,2.0,21554
SDD,2018-01-11,2.0,2.0,1.9,2.0,46610
SDD,2018-01-12,2.0,2.0,1.9,2.0,30200
SDD,2018-01-15,2.0,2.0,1.9,1.9,21300
SDD,2018-01-16,2.0,2.0,1.9,1.9,545
SDD,2018-01-17,2.0,2.0,1.9,1.9,7900
SDD,2018-01-18,1.9,2.0,1.9,1.9,65500
SDD,2018-01-19,1.9,2.0,1.9,2.0,121090
SDD,2018-01-22,1.9,2.0,1.9,2.0,56110
SDD,2018-01-23,2.0,2.0,1.9,2.0,747799
SDD,2018-01-24,2.0,2.2,1.9,2.1,75200
SDD,2018-01-25,2.1,2.1,2.0,2.1,87907
SDD,2018-01-26,2.1,2.1,2.0,2.0,900
SDD,2018-01-29,2.1,2.1,1.8,1.8,106400
SDD,2018-01-30,1.9,1.9,1.8,1.9,159189
SDD,2018-01-31,1.9,2.0,1.8,2.0,112736
SDD,2018-02-01,2.0,2.0,1.8,1.8,22800
SDD,2018-02-02,1.8,1.9,1.7,1.9,95790
SDD,2018-02-05,1.9,1.9,1.8,1.8,87200
SDD,2018-02-06,1.7,1.8,1.7,1.8,71800
SDD,2018-02-07,1.8,1.9,1.8,1.8,36200
SDD,2018-02-08,1.7,1.8,1.7,1.7,78600
SDD,2018-02-09,1.7,1.7,1.6,1.6,86100
SDD,2018-02-12,1.6,1.7,1.6,1.7,23610
SDD,2018-02-13,1.8,1.8,1.7,1.7,110200
SDD,2018-02-21,1.7,1.8,1.7,1.7,80800
SDD,2018-02-22,1.7,1.8,1.7,1.8,40200
SDD,2018-02-23,1.7,1.8,1.7,1.7,6100
SDD,2018-02-26,1.8,1.8,1.7,1.7,2146
SDD,2018-02-27,1.7,1.8,1.7,1.7,25800
SDD,2018-02-28,1.8,1.8,1.8,1.8,71300
SDD,2018-03-01,1.9,1.9,1.9,1.9,101300
SDD,2018-03-02,1.9,1.9,1.8,1.9,1500
SDD,2018-03-05,1.8,1.9,1.8,1.8,17418
SDD,2018-03-06,1.8,1.8,1.8,1.8,3968
SDD,2018-03-07,1.8,1.9,1.8,1.9,25400
SDD,2018-03-08,1.8,1.9,1.8,1.8,4600
SDD,2018-03-09,1.9,1.9,1.7,1.9,107900
SDD,2018-03-12,1.8,1.9,1.8,1.8,16525
SDD,2018-03-13,1.8,1.9,1.8,1.9,18200
SDD,2018-03-14,1.9,1.9,1.8,1.9,2703
SDD,2018-03-15,1.8,1.8,1.8,1.8,600
SDD,2018-03-16,1.8,1.9,1.8,1.8,7103
SDD,2018-03-19,1.8,1.8,1.7,1.7,16100
SDD,2018-03-20,1.8,1.8,1.7,1.7,20200
SDD,2018-03-21,1.7,1.8,1.7,1.7,12671
SDD,2018-03-22,1.7,1.8,1.6,1.6,156500
SDD,2018-03-23,1.7,1.7,1.6,1.6,12906
SDD,2018-03-26,1.7,1.7,1.6,1.7,54700
SDD,2018-03-27,1.8,1.8,1.6,1.6,48519
SDD,2018-03-28,1.7,1.7,1.6,1.6,76920
SDD,2018-03-29,1.7,1.7,1.7,1.7,172915
SDD,2018-03-30,1.6,1.7,1.6,1.7,57366
SDD,2018-04-02,1.7,1.8,1.6,1.7,668400
SDD,2018-04-03,1.7,1.8,1.7,1.8,132700
SDD,2018-04-04,1.8,1.8,1.7,1.7,139640
SDD,2018-04-05,1.7,1.8,1.6,1.8,47954
SDD,2018-04-06,1.7,1.8,1.7,1.7,98256
SDD,2018-04-09,1.6,1.6,1.6,1.6,100
SDD,2018-04-10,1.6,1.7,1.6,1.6,15200
SDD,2018-04-11,1.6,1.6,1.6,1.6,0
SDD,2018-04-12,1.6,1.6,1.6,1.6,0
SDD,2018-04-13,1.5,1.5,1.5,1.5,343000
SDD,2018-04-16,1.5,1.5,1.5,1.5,0
SDD,2018-04-17,1.5,1.5,1.5,1.5,0
SDD,2018-04-18,1.5,1.5,1.5,1.5,0
SDD,2018-04-19,1.5,1.5,1.5,1.5,0
SDD,2018-04-20,1.4,1.6,1.4,1.5,115800
SDD,2018-04-23,1.6,1.6,1.5,1.5,200
SDD,2018-04-24,1.5,1.6,1.5,1.6,51200
SDD,2018-04-26,1.6,1.6,1.5,1.5,81934
SDD,2018-04-27,1.5,1.5,1.5,1.5,18512
SDD,2018-05-02,1.6,1.6,1.4,1.4,179300
SDD,2018-05-03,1.4,1.5,1.4,1.5,44134
SDD,2018-05-04,1.5,1.5,1.4,1.5,32060
SDD,2018-05-07,1.5,1.6,1.4,1.5,45600
SDD,2018-05-08,1.5,1.5,1.4,1.4,49600
SDD,2018-05-09,1.4,1.5,1.4,1.5,22500
SDD,2018-05-10,1.6,1.6,1.6,1.6,84400
SDD,2018-05-11,1.7,1.7,1.6,1.6,22751
SDD,2018-05-14,1.7,1.7,1.7,1.7,57700
SDD,2018-05-15,1.7,1.8,1.7,1.8,43400
SDD,2018-05-16,1.9,1.9,1.9,1.9,55000
SDD,2018-05-17,2.0,2.0,1.9,1.9,142300
SDD,2018-05-18,1.8,1.9,1.8,1.9,31250
SDD,2018-05-21,1.8,2.0,1.8,2.0,177703
SDD,2018-05-22,2.0,2.0,1.8,2.0,141640
SDD,2018-05-23,1.8,2.0,1.8,1.8,26600
SDD,2018-05-24,1.9,1.9,1.8,1.8,19100
SDD,2018-05-25,1.9,1.9,1.8,1.9,16610
SDD,2018-05-28,1.8,1.9,1.8,1.8,83700
SDD,2018-05-29,1.8,1.9,1.8,1.9,5800
SDD,2018-05-30,1.8,1.9,1.8,1.8,43488
SDD,2018-05-31,1.7,1.8,1.7,1.8,20018
SDD,2018-06-01,1.9,1.9,1.7,1.8,150900
SDD,2018-06-04,1.9,1.9,1.7,1.9,22800
SDD,2018-06-05,1.8,1.9,1.8,1.9,68200
SDD,2018-06-06,1.8,1.9,1.8,1.9,15725
SDD,2018-06-07,1.8,1.8,1.8,1.8,25510
SDD,2018-06-08,1.7,1.8,1.7,1.7,139500
SDD,2018-06-11,1.7,1.8,1.7,1.8,35900
SDD,2018-06-12,1.9,1.9,1.9,1.9,100
SDD,2018-06-13,1.8,1.9,1.8,1.9,48600
SDD,2018-06-14,1.9,1.9,1.8,1.8,17900
SDD,2018-06-15,1.7,1.9,1.7,1.8,4206
SDD,2018-06-18,1.8,1.8,1.7,1.8,39000
SDD,2018-06-19,1.8,1.8,1.7,1.7,92063
SDD,2018-06-20,1.7,1.8,1.7,1.8,47000
SDD,2018-06-21,1.7,1.9,1.7,1.8,7600
SDD,2018-06-22,1.9,1.9,1.8,1.8,15200
SDD,2018-06-25,1.9,1.9,1.8,1.8,92000
SDD,2018-06-26,1.8,1.9,1.8,1.9,107300
SDD,2018-06-27,1.9,1.9,1.9,1.9,318
SDD,2018-06-28,1.9,1.9,1.8,1.9,9401
SDD,2018-06-29,1.9,1.9,1.9,1.9,100
SDD,2018-07-02,1.8,1.9,1.8,1.9,44700
SDD,2018-07-03,1.8,1.9,1.8,1.9,10000
SDD,2018-07-04,1.9,1.9,1.8,1.8,64450
SDD,2018-07-05,1.7,1.8,1.7,1.8,234221
SDD,2018-07-06,1.7,1.7,1.7,1.7,101900
SDD,2018-07-09,1.7,1.8,1.7,1.7,62754
SDD,2018-07-10,1.6,1.7,1.6,1.7,38400
SDD,2018-07-11,1.7,1.7,1.6,1.6,26000
SDD,2018-07-12,1.6,1.7,1.6,1.7,8200
SDD,2018-07-13,1.7,1.8,1.6,1.8,15300
SDD,2018-07-16,1.7,1.8,1.7,1.8,81600
SDD,2018-07-17,1.8,1.8,1.8,1.8,100
SDD,2018-07-18,1.7,1.8,1.7,1.8,32144
SDD,2018-07-19,1.7,1.8,1.7,1.8,48250
SDD,2018-07-20,1.8,1.8,1.8,1.8,47410
SDD,2018-07-23,1.8,1.9,1.8,1.8,15400
SDD,2018-07-24,1.8,1.9,1.7,1.8,114700
SDD,2018-07-25,1.7,1.8,1.7,1.8,51506
SDD,2018-07-26,1.8,1.9,1.7,1.9,90491
SDD,2018-07-27,1.8,1.9,1.8,1.9,30200
SDD,2018-07-30,1.8,1.9,1.8,1.8,27050
SDD,2018-07-31,1.7,1.9,1.7,1.9,5327
SDD,2018-08-01,1.8,1.8,1.8,1.8,26240
SDD,2018-08-02,1.8,1.9,1.7,1.8,86212
SDD,2018-08-03,1.8,1.9,1.8,1.9,199300
SDD,2018-08-06,1.9,2.0,1.8,2.0,112936
SDD,2018-08-07,2.0,2.1,1.9,2.1,134050
SDD,2018-08-08,2.0,2.0,2.0,2.0,57900
SDD,2018-08-09,2.0,2.0,2.0,2.0,225253
SDD,2018-08-10,2.0,2.0,2.0,2.0,249810
SDD,2018-08-13,2.0,2.1,2.0,2.1,2260
SDD,2018-08-14,2.0,2.0,1.9,2.0,60890
SDD,2018-08-15,2.1,2.1,2.0,2.0,58000
SDD,2018-08-16,2.0,2.0,2.0,2.0,18320
SDD,2018-08-17,2.0,2.0,2.0,2.0,5400
SDD,2018-08-20,2.1,2.1,2.1,2.1,200
SDD,2018-08-21,2.1,2.1,2.0,2.0,227400
SDD,2018-08-22,2.1,2.2,2.1,2.2,170559
SDD,2018-08-23,2.2,2.3,2.1,2.3,211500
SDD,2018-08-24,2.2,2.3,2.1,2.3,242800
SDD,2018-08-27,2.3,2.3,2.2,2.3,89016
SDD,2018-08-28,2.2,2.2,2.1,2.1,401800
SDD,2018-08-29,2.2,2.3,2.2,2.2,135300
SDD,2018-08-30,2.3,2.3,2.2,2.2,21692
SDD,2018-08-31,2.2,2.4,2.2,2.4,158452
SDD,2018-09-04,2.4,2.4,2.3,2.3,32337
SDD,2018-09-05,2.4,2.5,2.3,2.4,83100
SDD,2018-09-06,2.4,2.4,2.3,2.4,44100
SDD,2018-09-07,2.4,2.5,2.4,2.5,65700
SDD,2018-09-10,2.4,2.5,2.4,2.4,13040
SDD,2018-09-11,2.5,2.6,2.4,2.6,110047
SDD,2018-09-12,2.6,2.6,2.4,2.6,324065
SDD,2018-09-13,2.6,2.6,2.5,2.5,48200
SDD,2018-09-14,2.7,2.7,2.6,2.7,226772
SDD,2018-09-17,2.9,2.9,2.8,2.9,240997
SDD,2018-09-18,3.0,3.1,3.0,3.1,73521
SDD,2018-09-19,3.4,3.4,3.3,3.4,84926
SDD,2018-09-20,3.7,3.7,3.4,3.7,218975
SDD,2018-09-21,4.0,4.0,3.4,3.5,718457
SDD,2018-09-24,3.5,3.8,3.4,3.8,320290
SDD,2018-09-25,3.9,4.0,3.8,3.8,123300
SDD,2018-09-26,3.8,3.8,3.5,3.6,167302
SDD,2018-09-27,3.4,3.5,3.3,3.3,110900
SDD,2018-09-28,3.2,3.3,3.0,3.2,102200
SDD,2018-10-01,3.2,3.5,3.2,3.2,42100
SDD,2018-10-02,3.2,3.5,3.2,3.5,63340
SDD,2018-10-03,3.8,3.8,3.5,3.7,51800
SDD,2018-10-04,3.7,3.8,3.7,3.7,48880
SDD,2018-10-05,3.7,3.7,3.6,3.7,100406
SDD,2018-10-08,3.7,3.8,3.7,3.8,69800
SDD,2018-10-09,3.8,3.8,3.7,3.7,22500
SDD,2018-10-10,3.7,3.7,3.6,3.7,8877
SDD,2018-10-11,3.4,3.6,3.4,3.5,34400
SDD,2018-10-12,3.5,3.5,3.5,3.5,7500
SDD,2018-10-15,3.7,3.8,3.7,3.7,39120
SDD,2018-10-16,3.8,3.8,3.8,3.8,120488
SDD,2018-10-17,3.9,3.9,3.7,3.7,31800
SDD,2018-10-18,3.5,3.6,3.5,3.6,66430
SDD,2018-10-19,3.7,3.8,3.5,3.5,1700
SDD,2018-10-22,3.6,3.7,3.5,3.7,94400
SDD,2018-10-23,3.5,3.7,3.4,3.4,127661
SDD,2018-10-24,3.3,3.3,3.3,3.3,33100
SDD,2018-10-25,3.2,3.3,3.2,3.3,32120
SDD,2018-10-26,3.2,3.3,3.2,3.3,10110
SDD,2018-10-29,3.4,3.4,3.3,3.3,36600
SDD,2018-10-30,3.3,3.3,3.3,3.3,20800
SDD,2018-10-31,3.4,3.5,3.3,3.3,48100
SDD,2018-11-01,3.4,3.4,3.3,3.3,54100
SDD,2018-11-02,3.3,3.3,3.3,3.3,41000
SDD,2018-11-05,3.3,3.3,3.3,3.3,70100
SDD,2018-11-06,3.2,3.3,3.2,3.3,71700
SDD,2018-11-07,3.3,3.3,3.2,3.3,37200
SDD,2018-11-08,3.2,3.2,3.2,3.2,2000
SDD,2018-11-09,3.2,3.5,3.2,3.5,217400
SDD,2018-11-12,3.5,3.5,3.3,3.3,92600
SDD,2018-11-13,3.3,3.3,3.2,3.2,18150
SDD,2018-11-14,3.2,3.3,3.2,3.3,17900
SDD,2018-11-15,3.2,3.2,3.0,3.0,79500
SDD,2018-11-16,3.0,3.1,3.0,3.0,10900
SDD,2018-11-19,3.0,3.2,3.0,3.1,9952
SDD,2018-11-20,3.2,3.4,3.1,3.1,64148
SDD,2018-11-21,3.3,3.4,3.2,3.3,158520
SDD,2018-11-22,3.5,3.5,3.3,3.5,85400
SDD,2018-11-23,3.4,3.4,3.2,3.2,169100
SDD,2018-11-26,2.9,3.0,2.9,2.9,423778
SDD,2018-11-27,2.9,2.9,2.7,2.8,109902
SDD,2018-11-28,2.7,2.9,2.7,2.7,67500
SDD,2018-11-29,2.7,2.8,2.6,2.6,95530
SDD,2018-11-30,2.6,2.7,2.6,2.6,101300
SDD,2018-12-03,2.7,2.7,2.6,2.7,103900
SDD,2018-12-04,2.7,2.7,2.6,2.7,20600
SDD,2018-12-05,2.6,2.6,2.5,2.5,286200
SDD,2018-12-06,2.5,2.6,2.3,2.3,242400
SDD,2018-12-07,2.2,2.4,2.2,2.4,16800
SDD,2018-12-10,2.3,2.3,2.3,2.3,23300
SDD,2018-12-11,2.2,2.3,2.2,2.3,3900
SDD,2018-12-12,2.2,2.2,2.2,2.2,1220
SDD,2018-12-13,2.2,2.2,2.2,2.2,8290
SDD,2018-12-14,2.2,2.4,2.2,2.2,22300
SDD,2018-12-17,2.2,2.2,2.2,2.2,14100
SDD,2018-12-18,2.2,2.3,2.1,2.3,11100
SDD,2018-12-19,2.2,2.2,2.1,2.1,7300
SDD,2018-12-20,2.1,2.1,2.1,2.1,31
SDD,2018-12-21,2.1,2.1,2.0,2.0,700
SDD,2018-12-24,2.1,2.2,2.1,2.2,36700
SDD,2018-12-25,2.2,2.3,2.2,2.2,51100
SDD,2018-12-26,2.2,2.2,2.1,2.1,17300
SDD,2018-12-27,2.2,2.2,2.1,2.1,45518
SDD,2018-12-28,2.0,2.0,2.0,2.0,2600
SDD,2019-01-02,2.0,2.0,2.0,2.0,12400
SDD,2019-01-03,1.9,2.0,1.9,2.0,7800
SDD,2019-01-04,2.0,2.1,2.0,2.1,620
SDD,2019-01-07,2.0,2.0,1.9,1.9,32218
SDD,2019-01-08,2.0,2.0,2.0,2.0,6700
SDD,2019-01-09,1.9,2.1,1.9,2.1,1400
SDD,2019-01-10,1.9,1.9,1.9,1.9,300
SDD,2019-01-11,1.9,1.9,1.9,1.9,13210
SDD,2019-01-14,1.9,1.9,1.9,1.9,1200
SDD,2019-01-15,2.0,2.0,1.8,1.8,42470
SDD,2019-01-16,1.9,1.9,1.9,1.9,3720
SDD,2019-01-17,1.8,1.9,1.8,1.9,28900
SDD,2019-01-18,1.9,1.9,1.9,1.9,500
SDD,2019-01-21,1.9,2.0,1.9,1.9,48099
SDD,2019-01-22,1.9,1.9,1.9,1.9,500
SDD,2019-01-23,1.9,1.9,1.9,1.9,1043
SDD,2019-01-24,1.9,1.9,1.9,1.9,100
SDD,2019-01-25,1.8,1.8,1.8,1.8,35554
SDD,2019-01-28,1.8,1.8,1.7,1.8,11075
SDD,2019-01-29,1.8,1.8,1.8,1.8,10000
SDD,2019-01-30,1.7,1.7,1.7,1.7,200
SDD,2019-01-31,1.7,1.7,1.6,1.6,137800
SDD,2019-02-01,1.6,1.6,1.5,1.6,38600
SDD,2019-02-11,1.6,1.7,1.6,1.7,348530
SDD,2019-02-12,1.6,1.7,1.6,1.7,148475
SDD,2019-02-13,1.6,1.7,1.6,1.7,77500
SDD,2019-02-14,1.6,1.6,1.6,1.6,5600
SDD,2019-02-15,1.6,1.7,1.5,1.7,340432
SDD,2019-02-18,1.6,1.6,1.6,1.6,11000
SDD,2019-02-19,1.5,1.6,1.5,1.6,64889
SDD,2019-02-20,1.6,1.6,1.5,1.5,23800
SDD,2019-02-21,1.5,1.6,1.5,1.6,4300
SDD,2019-02-22,1.6,1.6,1.5,1.6,45400
SDD,2019-02-25,1.6,1.6,1.5,1.5,6300
SDD,2019-02-26,1.5,1.6,1.5,1.6,20200
SDD,2019-02-27,1.5,1.5,1.5,1.5,47922
SDD,2019-02-28,1.6,1.6,1.6,1.6,158726
SDD,2019-03-01,1.7,1.7,1.6,1.7,35700
SDD,2019-03-04,1.8,1.8,1.8,1.8,33800
SDD,2019-03-05,1.9,1.9,1.9,1.9,60500
SDD,2019-03-06,2.0,2.0,1.9,2.0,71100
SDD,2019-03-07,2.0,2.2,2.0,2.2,33704
SDD,2019-03-08,2.4,2.4,2.1,2.3,46000
SDD,2019-03-11,2.4,2.4,2.3,2.3,1300
SDD,2019-03-12,2.4,2.4,2.1,2.1,32410
SDD,2019-03-13,2.2,2.2,2.0,2.0,2771
SDD,2019-03-14,2.0,2.0,2.0,2.0,53400
SDD,2019-03-15,2.1,2.2,2.1,2.2,58860
SDD,2019-03-18,2.3,2.4,2.3,2.3,105800
SDD,2019-03-19,2.3,2.3,2.3,2.3,300
SDD,2019-03-20,2.3,2.5,2.1,2.1,87631
SDD,2019-03-21,2.3,2.3,2.2,2.2,4500
SDD,2019-03-22,2.3,2.4,2.3,2.4,25600
SDD,2019-03-25,2.6,2.6,2.4,2.6,122900
SDD,2019-03-26,2.7,2.8,2.6,2.8,149410
SDD,2019-03-27,2.8,3.0,2.8,2.8,19902
SDD,2019-03-28,2.6,3.0,2.6,2.8,376400
SDD,2019-03-29,2.8,2.9,2.8,2.8,298544
SDD,2019-04-01,2.6,2.9,2.6,2.9,370500
SDD,2019-04-02,2.9,3.0,2.8,3.0,79300
SDD,2019-04-03,2.8,2.8,2.7,2.7,900
SDD,2019-04-04,2.7,2.7,2.6,2.6,400
SDD,2019-04-05,2.6,2.8,2.6,2.6,181245
SDD,2019-04-08,2.8,2.8,2.8,2.8,2600
SDD,2019-04-09,2.8,3.0,2.8,3.0,196652
SDD,2019-04-10,3.0,3.0,2.7,2.7,799000
SDD,2019-04-11,2.9,2.9,2.9,2.9,3891
SDD,2019-04-12,3.0,3.1,2.9,2.9,288700
SDD,2019-04-16,3.0,3.1,2.9,2.9,314900
SDD,2019-04-17,3.0,3.1,2.7,2.9,156817
SDD,2019-04-18,3.0,3.0,2.9,2.9,12113
SDD,2019-04-19,2.8,2.9,2.8,2.8,3300
SDD,2019-04-22,2.9,3.0,2.8,2.9,104600
SDD,2019-04-23,2.9,3.1,2.7,3.1,158925
SDD,2019-04-24,3.0,3.1,3.0,3.0,138000
SDD,2019-04-25,3.0,3.1,2.9,3.1,503700
SDD,2019-04-26,2.9,3.2,2.8,3.1,63600
SDD,2019-05-02,3.2,3.3,3.0,3.0,27200
SDD,2019-05-03,3.0,3.0,3.0,3.0,0
SDD,2019-05-06,2.9,3.1,2.7,3.0,44816
SDD,2019-05-07,2.9,2.9,2.8,2.8,5000
SDD,2019-05-08,2.8,3.0,2.7,3.0,85697
SDD,2019-05-09,3.0,3.3,3.0,3.2,98394
SDD,2019-05-10,3.2,3.5,3.0,3.3,195529
SDD,2019-05-13,3.2,3.2,3.2,3.2,6426
SDD,2019-05-14,3.2,3.4,3.2,3.2,27309
SDD,2019-05-15,3.3,3.3,3.2,3.2,7200
SDD,2019-05-16,3.2,3.5,3.2,3.3,96946
SDD,2019-05-17,3.2,3.3,3.2,3.2,23739
SDD,2019-05-20,3.2,3.2,3.2,3.2,10200
SDD,2019-05-21,3.3,3.5,3.3,3.3,98024
SDD,2019-05-22,3.3,3.4,3.3,3.4,3139
SDD,2019-05-23,3.5,3.5,3.3,3.3,984
SDD,2019-05-24,3.5,3.5,3.3,3.3,18300
SDD,2019-05-27,3.5,3.5,3.3,3.5,47400
SDD,2019-05-28,3.5,3.5,3.2,3.2,61400
SDD,2019-05-29,3.5,3.5,3.5,3.5,88713
SDD,2019-05-30,3.4,3.5,3.4,3.5,64100
SDD,2019-05-31,3.5,3.5,3.5,3.5,257700
SDD,2019-06-03,3.5,3.6,3.5,3.6,21900
SDD,2019-06-14,2.6,2.8,2.6,2.8,8300
SDD,2019-06-17,2.8,2.8,2.8,2.8,0
SDD,2019-06-18,2.8,2.8,2.8,2.8,0
SDD,2019-06-19,2.8,2.8,2.8,2.8,0
SDD,2019-06-20,2.8,2.8,2.8,2.8,0
SDD,2019-06-21,2.7,2.7,2.6,2.7,4833
SDD,2019-06-24,2.7,2.7,2.7,2.7,0
SDD,2019-06-25,2.7,2.7,2.7,2.7,0
SDD,2019-06-26,2.7,2.7,2.7,2.7,0
SDD,2019-06-27,2.7,2.7,2.7,2.7,0
SDD,2019-06-28,2.7,3.0,2.7,3.0,18700
SDD,2019-07-01,2.8,3.0,3.0,3.0,0
SDD,2019-07-02,2.8,3.0,3.0,3.0,0
SDD,2019-07-03,2.8,3.0,3.0,3.0,0
SDD,2019-07-04,2.8,2.8,2.8,2.8,0
SDD,2019-07-05,2.8,2.8,2.7,2.8,5330
SDD,2019-07-08,2.8,2.8,2.8,2.8,0
SDD,2019-07-09,2.8,2.8,2.8,2.8,0
SDD,2019-07-10,2.8,2.8,2.8,2.8,0
SDD,2019-07-11,2.8,2.8,2.8,2.8,0
SDD,2019-07-12,2.8,2.8,2.7,2.7,13744
SDD,2019-07-15,2.8,2.7,2.7,2.7,0
SDD,2019-07-16,2.8,2.7,2.7,2.7,0
SDD,2019-07-17,2.8,2.7,2.7,2.7,0
SDD,2019-07-18,2.8,2.7,2.7,2.7,0
SDD,2019-07-19,2.5,2.5,2.5,2.5,17172
SDD,2019-07-22,2.5,2.5,2.5,2.5,0
SDD,2019-07-23,2.5,2.5,2.5,2.5,0
SDD,2019-07-24,2.5,2.5,2.5,2.5,0
SDD,2019-07-25,2.5,2.5,2.5,2.5,0
SDD,2019-07-26,2.5,2.7,2.4,2.4,7400
SDD,2019-07-29,2.6,2.4,2.4,2.4,0
SDD,2019-07-30,2.6,2.4,2.4,2.4,0
SDD,2019-07-31,2.6,2.4,2.4,2.4,0
SDD,2019-08-01,2.6,2.4,2.4,2.4,0
SDD,2019-08-02,2.9,2.9,2.4,2.9,81730
SDD,2019-08-05,2.9,2.9,2.9,2.9,0
SDD,2019-08-06,2.9,2.9,2.9,2.9,0
SDD,2019-08-07,2.9,2.9,2.9,2.9,0
SDD,2019-08-08,2.9,2.9,2.9,2.9,0
SDD,2019-08-09,2.5,3.0,2.5,2.6,3360
SDD,2019-08-12,2.7,2.6,2.6,2.6,0
SDD,2019-08-13,2.7,2.6,2.6,2.6,0
SDD,2019-08-14,2.7,2.6,2.6,2.6,0
SDD,2019-08-15,2.7,2.6,2.6,2.6,0
SDD,2019-08-16,2.5,2.6,2.5,2.5,1453
SDD,2019-08-19,2.5,2.5,2.5,2.5,0
SDD,2019-08-20,2.5,2.5,2.5,2.5,0
SDD,2019-08-21,2.5,2.5,2.5,2.5,0
SDD,2019-08-22,2.5,2.5,2.5,2.5,0
SDD,2019-08-23,2.5,2.5,2.5,2.5,1520
SDD,2019-08-26,2.5,2.5,2.5,2.5,0
SDD,2019-08-27,2.5,2.5,2.5,2.5,0
SDD,2019-08-28,2.5,2.5,2.5,2.5,0
SDD,2019-08-29,2.5,2.5,2.5,2.5,0
SDD,2019-08-30,2.5,2.7,2.5,2.7,19874
SDD,2019-09-03,2.5,2.7,2.7,2.7,0
SDD,2019-09-04,2.5,2.7,2.7,2.7,0
SDD,2019-09-05,2.5,2.7,2.7,2.7,0
SDD,2019-09-06,2.6,2.6,2.6,2.6,100
SDD,2019-09-09,2.6,2.6,2.6,2.6,0
SDD,2019-09-10,2.6,2.6,2.6,2.6,0
SDD,2019-09-11,2.6,2.6,2.6,2.6,0
SDD,2019-09-12,2.6,2.6,2.6,2.6,0
SDD,2019-09-13,2.6,2.6,2.5,2.5,6800
SDD,2019-09-16,2.6,2.5,2.5,2.5,0
SDD,2019-09-17,2.6,2.5,2.5,2.5,0
SDD,2019-09-18,2.6,2.5,2.5,2.5,0
SDD,2019-09-19,2.6,2.5,2.5,2.5,0
SDD,2019-09-20,2.6,2.6,2.6,2.6,4982
SDD,2019-09-23,2.6,2.6,2.6,2.6,0
SDD,2019-09-24,2.6,2.6,2.6,2.6,0
SDD,2019-09-25,2.6,2.6,2.6,2.6,0
SDD,2019-09-26,2.6,2.6,2.6,2.6,0
SDD,2019-09-27,2.6,2.6,2.6,2.6,0
SDD,2019-09-30,2.6,2.6,2.6,2.6,0
SDD,2019-10-01,2.6,2.6,2.6,2.6,0
SDD,2019-10-02,2.6,2.6,2.6,2.6,0
SDD,2019-10-03,2.6,2.6,2.6,2.6,0
SDD,2019-10-04,2.6,2.6,2.6,2.6,0
SDD,2019-10-07,2.6,2.6,2.6,2.6,0
SDD,2019-10-08,2.6,2.6,2.6,2.6,0
SDD,2019-10-09,2.6,2.6,2.6,2.6,0
SDD,2019-10-10,2.6,2.6,2.6,2.6,0
SDD,2019-10-11,2.5,2.9,2.5,2.9,36743
SDD,2019-10-14,2.8,2.9,2.9,2.9,0
SDD,2019-10-15,2.8,2.8,2.8,2.8,0
SDD,2019-10-16,2.8,2.9,2.9,2.9,0
SDD,2019-10-17,2.8,2.9,2.9,2.9,0
SDD,2019-10-18,2.8,2.8,2.8,2.8,5000
SDD,2019-10-21,2.8,2.8,2.8,2.8,0
SDD,2019-10-22,2.8,2.8,2.8,2.8,0
SDD,2019-10-23,2.8,2.8,2.8,2.8,0
SDD,2019-10-24,2.8,2.8,2.8,2.8,0
SDD,2019-10-25,2.6,2.9,2.6,2.8,8853
SDD,2019-10-28,2.8,2.8,2.8,2.8,0
SDD,2019-10-29,2.8,2.8,2.8,2.8,0
SDD,2019-10-30,2.8,2.8,2.8,2.8,0
SDD,2019-10-31,2.8,2.8,2.8,2.8,0
SDD,2019-11-01,2.8,2.9,2.7,2.7,12200
SDD,2019-11-04,2.8,2.7,2.7,2.7,0
SDD,2019-11-05,2.8,2.7,2.7,2.7,0
SDD,2019-11-06,2.8,2.7,2.7,2.7,0
SDD,2019-11-07,2.8,2.7,2.7,2.7,0
SDD,2019-11-08,2.7,2.8,2.7,2.7,22300
SDD,2019-11-11,2.8,2.7,2.7,2.7,0
SDD,2019-11-12,2.8,2.7,2.7,2.7,0
SDD,2019-11-13,2.8,2.7,2.7,2.7,0
SDD,2019-11-14,2.8,2.7,2.7,2.7,0
SDD,2019-11-15,2.6,2.6,2.5,2.5,18991
SDD,2019-11-18,2.6,2.5,2.5,2.5,0
SDD,2019-11-19,2.6,2.5,2.5,2.5,0
SDD,2019-11-20,2.6,2.5,2.5,2.5,0
SDD,2019-11-21,2.6,2.5,2.5,2.5,0
SDD,2019-11-22,2.7,2.8,2.6,2.6,35100
SDD,2019-11-25,2.8,2.6,2.6,2.6,0
SDD,2019-11-26,2.8,2.6,2.6,2.6,0
SDD,2019-11-27,2.8,2.6,2.6,2.6,0
SDD,2019-11-28,2.8,2.6,2.6,2.6,0
SDD,2019-11-29,2.8,2.8,2.8,2.8,15100
SDD,2019-12-02,2.8,2.8,2.8,2.8,0
SDD,2019-12-03,2.8,2.8,2.8,2.8,0
SDD,2019-12-04,2.8,2.8,2.8,2.8,0
SDD,2019-12-05,2.8,2.8,2.8,2.8,0
SDD,2019-12-06,2.8,2.8,2.8,2.8,43000
SDD,2019-12-09,2.8,2.8,2.8,2.8,0
SDD,2019-12-10,2.8,2.8,2.8,2.8,0
SDD,2019-12-11,2.8,2.8,2.8,2.8,0
SDD,2019-12-12,2.8,2.8,2.8,2.8,0
SDD,2019-12-13,2.8,2.8,2.8,2.8,30
SDD,2019-12-16,2.8,2.8,2.8,2.8,0
SDD,2019-12-17,2.8,2.8,2.8,2.8,0
SDD,2019-12-18,2.8,2.8,2.8,2.8,0
SDD,2019-12-19,2.8,2.8,2.8,2.8,0
SDD,2019-12-20,2.6,2.9,2.6,2.9,102500
SDD,2019-12-23,2.8,2.9,2.9,2.9,0
SDD,2019-12-24,2.8,2.9,2.9,2.9,0
SDD,2019-12-25,2.8,2.9,2.9,2.9,0
SDD,2019-12-26,2.8,2.9,2.9,2.9,0
SDD,2019-12-27,2.7,2.8,2.7,2.8,26000
SDD,2019-12-30,2.8,2.8,2.8,2.8,0
SDD,2019-12-31,2.8,2.8,2.8,2.8,0
SDD,2020-01-02,2.8,2.8,2.8,2.8,0
SDD,2020-01-03,2.7,3.0,2.7,3.0,8900
SDD,2020-01-06,2.9,3.0,3.0,3.0,0
SDD,2020-01-07,2.9,3.0,3.0,3.0,0
SDD,2020-01-08,2.9,3.0,3.0,3.0,0
SDD,2020-01-09,2.9,3.0,3.0,3.0,0
SDD,2020-01-10,2.8,3.2,2.8,3.2,4711
SDD,2020-01-13,3.0,3.2,3.2,3.2,0
SDD,2020-01-14,3.0,3.2,3.2,3.2,0
SDD,2020-01-15,3.0,3.2,3.2,3.2,0
SDD,2020-01-16,3.0,3.2,3.2,3.2,0
SDD,2020-01-17,2.9,2.9,2.9,2.9,100
SDD,2020-01-20,2.9,2.9,2.9,2.9,0
SDD,2020-01-21,2.9,2.9,2.9,2.9,0
SDD,2020-01-22,2.9,2.9,2.9,2.9,0
SDD,2020-01-30,2.9,2.9,2.9,2.9,0
SDD,2020-01-31,3.2,3.2,2.7,3.1,1100
SDD,2020-02-03,3.0,3.1,3.1,3.1,0
SDD,2020-02-04,3.0,3.1,3.1,3.1,0
SDD,2020-02-05,3.0,3.1,3.1,3.1,0
SDD,2020-02-06,3.0,3.1,3.1,3.1,0
SDD,2020-02-07,3.2,3.4,3.0,3.4,94200
SDD,2020-02-10,3.4,3.4,3.4,3.4,0
SDD,2020-02-11,3.4,3.4,3.4,3.4,0
SDD,2020-02-12,3.4,3.4,3.4,3.4,0
SDD,2020-02-13,3.4,3.4,3.4,3.4,0
SDD,2020-02-14,3.7,3.7,2.9,2.9,1510
SDD,2020-02-17,3.0,2.9,2.9,2.9,0
SDD,2020-02-18,3.0,2.9,2.9,2.9,0
SDD,2020-02-19,3.0,2.9,2.9,2.9,0
SDD,2020-02-20,3.0,2.9,2.9,2.9,0
SDD,2020-02-21,2.7,2.7,2.7,2.7,1009
SDD,2020-02-24,2.7,2.7,2.7,2.7,0
SDD,2020-02-25,2.7,2.7,2.7,2.7,0
SDD,2020-02-26,2.7,2.7,2.7,2.7,0
SDD,2020-02-27,2.7,2.7,2.7,2.7,0
SDD,2020-02-28,2.4,2.9,2.4,2.4,3000
SDD,2020-03-02,2.5,2.4,2.4,2.4,0
SDD,2020-03-03,2.5,2.4,2.4,2.4,0
SDD,2020-03-04,2.5,2.4,2.4,2.4,0
SDD,2020-03-05,2.5,2.4,2.4,2.4,0
SDD,2020-03-06,2.4,2.6,2.4,2.6,11500
SDD,2020-03-09,2.4,2.6,2.6,2.6,0
SDD,2020-03-10,2.4,2.6,2.6,2.6,0
SDD,2020-03-11,2.4,2.6,2.6,2.6,0
SDD,2020-03-12,2.4,2.6,2.6,2.6,0
SDD,2020-03-13,2.1,2.6,2.1,2.5,4040
SDD,2020-03-16,2.4,2.5,2.5,2.5,0
SDD,2020-03-17,2.4,2.5,2.5,2.5,0
SDD,2020-03-18,2.4,2.5,2.5,2.5,0
SDD,2020-03-19,2.4,2.5,2.5,2.5,0
SDD,2020-03-20,2.5,2.6,2.3,2.4,11316
SDD,2020-03-23,2.4,2.4,2.4,2.4,0
SDD,2020-03-24,2.4,2.4,2.4,2.4,0
SDD,2020-03-25,2.4,2.4,2.4,2.4,0
SDD,2020-03-26,2.4,2.4,2.4,2.4,0
SDD,2020-03-27,2.5,2.6,2.4,2.4,18406
SDD,2020-03-30,2.5,2.4,2.4,2.4,0
SDD,2020-03-31,2.5,2.4,2.4,2.4,0
SDD,2020-04-01,2.5,2.4,2.4,2.4,0
SDD,2020-04-03,2.2,2.8,2.2,2.5,18130
SDD,2020-04-06,2.5,2.5,2.5,2.5,0
SDD,2020-04-07,2.5,2.5,2.5,2.5,0
SDD,2020-04-08,2.5,2.5,2.5,2.5,0
SDD,2020-04-09,2.2,2.8,2.2,2.8,7921
SDD,2020-04-10,2.5,2.6,2.5,2.5,20001
SDD,2020-04-13,2.5,2.5,2.5,2.5,0
SDD,2020-04-14,2.5,2.6,2.5,2.6,2300
SDD,2020-04-15,2.8,2.8,2.8,2.8,3500
SDD,2020-04-16,2.5,2.9,2.5,2.9,3700
SDD,2020-04-17,2.9,2.9,2.6,2.6,5816
SDD,2020-04-20,2.9,2.9,2.9,2.9,10600
SDD,2020-04-21,3.3,3.3,3.3,3.3,62800
SDD,2020-04-22,3.0,3.5,3.0,3.5,5110
SDD,2020-04-23,3.1,3.1,3.1,3.1,171
SDD,2020-04-24,3.0,3.0,3.0,3.0,3457
SDD,2020-04-27,3.4,3.4,3.4,3.4,70734
SDD,2020-04-28,3.0,3.6,3.0,3.6,11840
SDD,2020-04-29,3.2,3.3,3.2,3.3,4299
SDD,2020-05-04,3.2,3.3,3.3,3.3,0
SDD,2020-05-05,3.1,3.4,3.1,3.4,12374
SDD,2020-05-06,3.3,3.4,3.1,3.1,19100
SDD,2020-05-07,3.5,3.5,3.5,3.5,2100
SDD,2020-05-08,3.3,3.3,3.3,3.3,3000
SDD,2020-05-11,3.1,3.1,3.0,3.0,6579
SDD,2020-05-12,2.8,3.3,2.8,3.3,10322
SDD,2020-05-13,3.0,3.0,3.0,3.0,1082
SDD,2020-05-14,3.3,3.3,3.3,3.3,4500
SDD,2020-05-15,3.3,3.3,3.3,3.3,0
SDD,2020-05-18,3.1,3.1,3.1,3.1,260
SDD,2020-05-19,3.2,3.2,3.2,3.2,187
SDD,2020-05-20,3.2,3.2,3.0,3.0,600
SDD,2020-05-21,3.0,3.0,3.0,3.0,1440
SDD,2020-05-22,3.0,3.2,3.0,3.2,15400
SDD,2020-05-25,3.1,3.1,3.1,3.1,4022
SDD,2020-05-26,3.0,3.1,3.0,3.1,9600
SDD,2020-05-27,3.1,3.1,3.1,3.1,5600
SDD,2020-05-28,3.1,3.1,3.1,3.1,13744
SDD,2020-05-29,3.0,3.0,3.0,3.0,1274
SDD,2020-06-01,3.1,3.1,3.1,3.1,198
SDD,2020-06-02,3.1,3.1,3.1,3.1,55
SDD,2020-06-03,3.0,3.0,3.0,3.0,1000
SDD,2020-06-04,2.8,2.8,2.8,2.8,6246
SDD,2020-06-05,2.8,2.8,2.8,2.8,2024
SDD,2020-06-08,2.8,2.8,2.7,2.8,6984
SDD,2020-06-09,2.8,2.8,2.8,2.8,0
SDD,2020-06-10,2.5,2.5,2.5,2.5,2018
SDD,2020-06-11,2.5,2.7,2.2,2.7,14646
SDD,2020-06-12,2.2,2.2,2.2,2.2,530
SDD,2020-06-15,2.2,2.5,2.2,2.5,12900
SDD,2020-06-16,2.4,2.4,2.4,2.4,501
SDD,2020-06-17,2.5,2.5,2.5,2.5,100
SDD,2020-06-18,2.5,2.5,2.5,2.5,0
SDD,2020-06-19,2.3,2.3,2.2,2.2,48415
SDD,2020-06-22,2.0,2.2,2.0,2.2,205735
SDD,2020-06-23,2.0,2.2,2.0,2.1,24000
SDD,2020-06-24,2.1,2.1,2.1,2.1,3300
SDD,2020-06-25,2.1,2.4,2.1,2.2,28539
SDD,2020-06-26,2.1,2.4,2.1,2.4,459
SDD,2020-06-29,2.1,2.5,2.1,2.5,20600
SDD,2020-06-30,2.2,2.2,2.1,2.1,1334
SDD,2020-07-01,2.4,2.4,2.4,2.4,10070
SDD,2020-07-02,2.1,2.3,2.1,2.1,900
SDD,2020-07-03,2.2,2.4,2.2,2.4,2950
SDD,2020-07-06,2.1,2.1,2.0,2.0,50300
SDD,2020-07-07,2.2,2.2,2.0,2.1,16023
SDD,2020-07-08,2.1,2.4,2.1,2.4,11800
SDD,2020-07-09,2.1,2.1,2.1,2.1,15000
SDD,2020-07-10,2.1,2.1,2.1,2.1,65
SDD,2020-07-13,2.0,2.3,2.0,2.3,65000
SDD,2020-07-14,2.2,2.3,2.2,2.3,3010
SDD,2020-07-15,2.2,2.3,2.3,2.3,0
SDD,2020-07-16,2.1,2.2,2.0,2.2,11738
SDD,2020-07-17,2.2,2.2,2.1,2.2,20600
SDD,2020-07-20,2.2,2.4,2.2,2.4,10300
SDD,2020-07-21,2.2,2.4,2.4,2.4,0
SDD,2020-07-22,2.0,2.4,2.0,2.4,9258
SDD,2020-07-23,2.4,2.4,2.4,2.4,100
SDD,2020-07-24,2.4,2.6,2.4,2.6,11000
SDD,2020-07-27,2.4,2.4,2.2,2.4,11500
SDD,2020-07-28,2.1,2.5,2.1,2.5,3500
SDD,2020-07-29,2.4,2.5,2.5,2.5,0
SDD,2020-07-30,2.4,2.5,2.5,2.5,0
SDD,2020-07-31,2.4,2.5,2.5,2.5,0
SDD,2020-08-03,2.4,2.5,2.5,2.5,0
SDD,2020-08-04,2.1,2.4,2.1,2.4,429
SDD,2020-08-05,2.4,2.4,2.4,2.4,100
SDD,2020-08-06,2.4,2.4,2.4,2.4,0
SDD,2020-08-07,2.4,2.4,2.4,2.4,26
SDD,2020-08-10,2.4,2.4,2.4,2.4,29
SDD,2020-08-11,2.1,2.4,2.1,2.4,300
SDD,2020-08-12,2.1,2.3,2.1,2.3,700
SDD,2020-08-13,2.4,2.4,2.4,2.4,200
SDD,2020-08-14,2.3,2.3,2.2,2.3,678
SDD,2020-08-17,2.1,2.4,2.0,2.4,12797
SDD,2020-08-18,2.0,2.1,2.0,2.1,60003
SDD,2020-08-19,2.2,2.3,2.1,2.3,7070
SDD,2020-08-20,2.4,2.4,2.4,2.4,105
SDD,2020-08-21,2.2,2.3,2.1,2.3,33000
SDD,2020-08-24,2.1,2.1,2.1,2.3,9
SDD,2020-08-25,2.2,2.4,2.2,2.3,4700
SDD,2020-08-26,2.3,2.3,2.3,2.3,61
SDD,2020-08-27,2.2,2.2,2.2,2.2,8000
SDD,2020-08-28,2.2,2.3,2.2,2.2,5410
SDD,2020-08-31,2.4,2.4,2.1,2.3,9234
SDD,2020-09-01,2.2,2.2,2.2,2.2,1149
SDD,2020-09-03,2.3,2.3,2.3,2.3,2800
SDD,2020-09-04,2.3,2.3,2.3,2.3,0
SDD,2020-09-07,2.3,2.3,2.3,2.3,100
SDD,2020-09-08,2.2,2.2,2.1,2.1,5348
SDD,2020-09-09,2.3,2.3,2.3,2.3,207
SDD,2020-09-10,2.3,2.3,2.3,2.3,3
SDD,2020-09-11,2.2,2.3,2.2,2.3,6020
SDD,2020-09-14,2.3,2.4,2.3,2.4,52100
SDD,2020-09-15,2.5,2.7,2.5,2.7,83539
SDD,2020-09-16,2.7,2.8,2.7,2.7,12200
SDD,2020-09-17,0.0,0.0,0.0,2.7,20
SDD,2020-09-18,2.5,2.5,2.5,2.5,147
SDD,2020-09-21,2.5,2.6,2.4,2.5,291010
SDD,2020-09-22,2.6,2.7,2.5,2.7,247454
SDD,2020-09-23,2.7,2.8,2.7,2.7,10300
SDD,2020-09-24,2.6,2.7,2.5,2.7,51200
SDD,2020-09-25,2.6,2.6,2.4,2.6,95300
SDD,2020-09-28,2.5,2.5,2.3,2.5,37700
SDD,2020-09-29,2.3,2.5,2.3,2.5,44500
SDD,2020-09-30,2.3,2.4,2.3,2.4,9934
SDD,2020-10-01,2.3,2.3,2.3,2.3,2700
SDD,2020-10-02,2.4,2.4,2.3,2.3,24600
SDD,2020-10-05,2.4,2.4,2.3,2.4,7600
SDD,2020-10-06,2.3,2.3,2.3,2.3,15600
SDD,2020-10-07,2.5,2.5,2.4,2.5,3000
SDD,2020-10-08,2.3,2.5,2.3,2.3,20000
SDD,2020-10-09,2.5,2.5,2.4,2.4,3000
SDD,2020-10-12,2.5,2.5,2.3,2.5,4800
SDD,2020-10-13,2.3,2.4,2.3,2.4,15600
SDD,2020-10-14,2.2,2.4,2.2,2.4,10800
SDD,2020-10-15,2.3,2.3,2.3,2.3,10900
SDD,2020-10-16,2.3,2.4,2.3,2.4,31800
SDD,2020-10-19,2.3,2.4,2.3,2.3,7100
SDD,2020-10-20,2.3,2.4,2.3,2.4,8900
SDD,2020-10-21,2.2,2.4,2.2,2.4,2100
SDD,2020-10-22,2.4,2.4,2.2,2.3,28300
SDD,2020-10-23,2.4,2.4,2.4,2.4,1000
SDD,2020-10-26,2.3,2.3,2.3,2.3,22300
SDD,2020-10-27,2.4,2.4,2.2,2.3,23700
SDD,2020-10-28,2.3,2.3,2.3,2.3,5000
SDD,2020-10-29,2.3,2.3,2.3,2.3,0
SDD,2020-10-30,2.2,2.3,2.2,2.3,3100
SDD,2020-11-02,2.3,2.3,2.2,2.2,4100
SDD,2020-11-03,2.2,2.3,2.2,2.3,4000
SDD,2020-11-04,2.2,2.3,2.2,2.2,4700
SDD,2020-11-05,2.2,2.2,2.1,2.1,21100
SDD,2020-11-06,2.3,2.3,2.1,2.1,20900
SDD,2020-11-09,2.2,2.2,2.1,2.1,43200
SDD,2020-11-10,2.1,2.1,2.1,2.1,5000
SDD,2020-11-11,2.1,2.1,2.1,2.1,1300
SDD,2020-11-12,2.1,2.2,2.1,2.1,7100
SDD,2020-11-13,2.1,2.1,2.1,2.1,23500
SDD,2020-11-16,2.1,2.1,2.1,2.1,65500
SDD,2020-11-17,2.2,2.2,2.1,2.1,2200
SDD,2020-11-18,2.1,2.2,2.1,2.1,27500
SDD,2020-11-19,2.2,2.2,2.2,2.2,1000
SDD,2020-11-20,2.1,2.1,2.1,2.1,36000
SDD,2020-11-23,2.1,2.1,2.1,2.1,2900
SDD,2020-11-24,2.1,2.1,2.1,2.1,31100
SDD,2020-11-25,2.1,2.3,2.1,2.3,116800
SDD,2020-11-26,2.3,2.3,2.1,2.1,140600
SDD,2020-11-27,2.3,2.3,2.2,2.2,54200
SDD,2020-11-30,2.1,2.3,2.1,2.3,1400
SDD,2020-12-01,2.2,2.2,2.1,2.1,3900
SDD,2020-12-02,2.1,2.2,2.1,2.2,11000
SDD,2020-12-03,2.2,2.2,2.1,2.1,7100
SDD,2020-12-04,2.1,2.2,2.1,2.2,600
SDD,2020-12-07,2.2,2.2,2.2,2.2,200
SDD,2020-12-08,2.1,2.1,2.1,2.1,44400
SDD,2020-12-09,2.1,2.1,2.1,2.1,14300
SDD,2020-12-10,2.2,2.2,2.2,2.2,100
SDD,2020-12-11,2.1,2.2,2.1,2.1,11272
SDD,2020-12-14,2.2,2.2,2.1,2.1,6700
SDD,2020-12-15,2.1,2.1,2.1,2.1,30600
SDD,2020-12-16,2.1,2.1,2.1,2.1,10000
SDD,2020-12-17,2.2,2.3,2.2,2.2,146300
SDD,2020-12-18,2.3,2.3,2.2,2.3,88723
SDD,2020-12-21,2.3,2.6,2.3,2.5,150455
SDD,2020-12-22,2.5,2.7,2.4,2.6,63584
SDD,2020-12-23,2.6,2.9,2.6,2.9,166814
SDD,2020-12-24,3.0,3.0,2.7,2.9,3600
SDD,2020-12-25,2.9,2.9,2.9,2.9,12200
SDD,2020-12-28,2.6,3.2,2.5,3.2,95233
SDD,2020-12-29,2.6,3.2,2.5,3.2,326029
SDD,2020-12-30,3.2,3.2,3.1,3.2,4960
SDD,2020-12-31,3.2,3.5,2.8,3.1,155634
SDD,2021-01-04,3.1,3.4,3.1,3.4,14470
SDD,2021-01-05,3.3,3.3,3.2,3.2,3005
SDD,2021-01-06,2.9,3.7,2.9,3.6,44641
SDD,2021-01-07,3.1,3.5,3.1,3.5,85000
SDD,2021-01-08,3.0,3.5,3.0,3.5,300314
SDD,2021-01-11,3.1,3.4,3.1,3.4,3000
SDD,2021-01-12,3.1,3.1,3.1,3.1,8455
SDD,2021-01-13,3.0,3.4,3.0,3.4,32357
SDD,2021-01-14,3.4,3.6,3.3,3.5,19100
SDD,2021-01-15,3.2,4.0,3.2,4.0,80093
SDD,2021-01-18,3.5,3.9,3.2,3.8,70501
SDD,2021-01-19,3.6,3.7,3.5,3.6,20754
SDD,2021-01-20,3.5,3.7,3.5,3.6,3701
SDD,2021-01-21,3.0,3.6,3.0,3.5,106300
SDD,2021-01-22,3.4,3.5,3.4,3.4,6392
SDD,2021-01-25,3.4,3.9,3.1,3.9,20804
SDD,2021-01-26,3.3,3.5,3.3,3.5,5300
SDD,2021-01-27,3.4,3.4,3.4,3.4,1039
SDD,2021-01-28,2.9,2.9,2.9,2.9,16600
SDD,2021-01-29,3.1,3.1,3.1,3.1,8700
SDD,2021-02-01,3.1,3.1,3.1,3.1,99
SDD,2021-02-02,3.1,3.5,3.1,3.5,24950
SDD,2021-02-03,3.0,3.7,3.0,3.7,45300
SDD,2021-02-04,3.5,4.0,3.5,4.0,50000
SDD,2021-02-05,3.9,3.9,3.4,3.9,6100
SDD,2021-02-08,3.9,3.9,3.9,3.9,74
SDD,2021-02-09,3.4,3.8,3.4,3.8,300
SDD,2021-02-17,3.5,3.7,3.5,3.7,1000
SDD,2021-02-18,3.2,4.0,3.2,4.0,17900
SDD,2021-02-19,3.6,4.0,4.0,4.0,0
SDD,2021-02-22,3.6,4.0,4.0,4.0,0
SDD,2021-02-23,3.6,4.0,4.0,4.0,0
SDD,2021-02-24,3.6,3.6,3.6,4.0,7
SDD,2021-02-25,3.1,3.5,3.1,3.1,5500
SDD,2021-02-26,3.3,3.5,3.3,3.4,25500
SDD,2021-03-01,3.2,3.5,3.2,3.5,4029
SDD,2021-03-02,3.2,3.2,3.2,3.2,300
SDD,2021-03-03,3.1,3.5,3.1,3.5,848
SDD,2021-03-04,3.2,3.7,3.2,3.7,10000
SDD,2021-03-05,3.3,3.3,3.2,3.2,11600
SDD,2021-03-08,3.5,3.5,3.2,3.2,8805
SDD,2021-03-09,3.2,3.4,3.2,3.4,8997
SDD,2021-03-10,3.3,3.3,3.2,3.3,9167
SDD,2021-03-11,3.4,3.4,3.3,3.3,8916
SDD,2021-03-12,3.3,3.3,3.3,3.3,200
SDD,2021-03-15,3.2,3.2,3.0,3.0,30000
SDD,2021-03-16,3.2,3.3,3.0,3.0,4977
SDD,2021-03-17,3.0,3.3,3.0,3.2,152900
SDD,2021-03-18,3.1,3.2,3.1,3.2,42300
SDD,2021-03-19,3.2,3.5,3.0,3.4,382077
SDD,2021-03-22,3.3,3.5,3.3,3.5,102505
SDD,2021-03-23,3.5,3.8,3.4,3.4,110200
SDD,2021-03-24,3.5,3.5,3.2,3.3,124075
SDD,2021-03-25,3.3,3.4,3.1,3.3,131666
SDD,2021-03-26,3.2,3.4,3.0,3.2,98100
SDD,2021-03-29,3.3,3.6,3.1,3.5,171845
SDD,2021-03-30,3.5,3.9,3.3,3.9,258600
SDD,2021-03-31,3.9,3.9,3.7,3.7,57658
SDD,2021-04-01,3.7,4.0,3.6,4.0,191498
SDD,2021-04-02,3.8,4.3,3.8,4.3,761933
SDD,2021-04-05,4.6,4.7,4.4,4.7,581122
SDD,2021-04-06,5.2,5.4,5.1,5.4,830718
SDD,2021-04-07,5.3,5.9,4.6,5.2,1027910
SDD,2021-04-08,5.2,5.2,4.5,4.7,468806
SDD,2021-04-09,4.6,5.2,4.4,5.1,614460
SDD,2021-04-12,4.7,5.4,4.7,5.3,706379
SDD,2021-04-13,5.3,5.6,5.0,5.1,1138807
SDD,2021-04-14,5.1,5.4,4.8,5.0,630679
SDD,2021-04-15,5.2,5.5,4.8,5.0,651450
SDD,2021-04-16,5.0,5.0,4.5,4.5,338860
SDD,2021-04-19,4.6,4.6,4.0,4.5,351000
SDD,2021-04-20,4.4,4.5,4.2,4.3,216831
SDD,2021-04-22,4.3,4.3,3.7,3.8,158008
SDD,2021-04-23,4.0,4.0,3.6,3.8,227260
SDD,2021-04-26,3.8,3.9,3.7,3.7,60556
SDD,2021-04-27,3.7,3.9,3.5,3.7,191900
SDD,2021-04-28,3.5,4.0,3.5,4.0,121828
SDD,2021-04-29,4.3,4.3,3.9,3.9,37813
SDD,2021-05-04,3.8,3.9,3.5,3.5,51200
SDD,2021-05-05,3.7,3.8,3.6,3.8,52428
SDD,2021-05-06,3.8,3.8,3.6,3.6,21000
SDD,2021-05-07,3.6,3.7,3.2,3.3,155773
SDD,2021-05-10,3.3,3.3,3.0,3.2,108480
SDD,2021-05-11,3.3,3.5,3.3,3.5,54908
SDD,2021-05-12,3.5,3.8,3.5,3.8,58000
SDD,2021-05-13,3.7,3.7,3.5,3.5,62924
SDD,2021-05-14,3.5,3.6,3.4,3.6,34864
SDD,2021-05-17,3.7,3.7,3.4,3.5,45172
SDD,2021-05-18,3.6,3.6,3.4,3.5,60063
SDD,2021-05-19,3.5,3.5,3.2,3.4,47600
SDD,2021-05-20,3.4,3.5,3.2,3.4,62910
SDD,2021-05-21,3.4,3.5,3.3,3.3,32697
SDD,2021-05-24,3.4,3.5,3.4,3.4,38600
SDD,2021-05-25,3.4,3.5,3.3,3.4,63192
SDD,2021-05-26,3.4,3.5,3.2,3.4,78773
SDD,2021-05-27,3.3,3.3,3.2,3.3,100000
SDD,2021-05-28,3.3,3.4,3.1,3.3,71200
SDD,2021-05-31,3.2,3.2,3.0,3.1,59100
SDD,2021-06-01,3.0,3.3,3.0,3.3,67745
SDD,2021-06-02,3.3,3.5,3.3,3.5,180326
SDD,2021-06-03,3.6,3.9,3.6,3.8,187940
SDD,2021-06-04,3.7,3.7,3.3,3.6,70800
SDD,2021-06-07,3.5,3.6,3.3,3.6,109674
SDD,2021-06-08,3.6,3.7,3.3,3.5,68100
SDD,2021-06-09,3.5,3.6,3.4,3.6,36130
SDD,2021-06-10,3.5,3.5,3.4,3.4,19513
SDD,2021-06-11,3.4,3.5,3.2,3.5,66700
SDD,2021-06-14,3.4,3.5,3.3,3.5,100078
SDD,2021-06-15,3.4,3.5,3.4,3.5,34329
SDD,2021-06-16,3.4,3.5,3.3,3.4,39230
SDD,2021-06-17,3.4,3.6,3.4,3.5,95300
SDD,2021-06-18,3.6,3.7,3.5,3.6,83438
SDD,2021-06-21,3.6,3.8,3.6,3.8,120100
SDD,2021-06-22,3.8,3.8,3.6,3.7,42941
SDD,2021-06-23,3.6,3.7,3.5,3.5,120766
SDD,2021-06-24,3.5,3.5,3.3,3.4,126100
SDD,2021-06-25,3.4,3.4,3.3,3.4,51720
SDD,2021-06-28,3.3,3.5,3.3,3.4,27300
SDD,2021-06-29,3.5,3.5,3.3,3.3,35712
SDD,2021-06-30,3.4,3.5,3.3,3.4,16109
SDD,2021-07-01,3.4,3.4,3.3,3.4,40803
SDD,2021-07-02,3.4,3.4,3.2,3.4,37000
SDD,2021-07-05,3.3,3.4,3.3,3.3,27300
SDD,2021-07-06,3.3,3.3,3.2,3.2,35703
SDD,2021-07-07,3.1,3.2,3.0,3.1,50500
SDD,2021-07-08,3.2,3.2,3.0,3.0,32030
SDD,2021-07-09,3.1,3.1,3.0,3.0,42120
SDD,2021-07-12,3.0,3.1,2.7,3.1,44650
SDD,2021-07-13,3.0,3.2,2.8,3.1,46476
SDD,2021-07-14,3.1,3.1,2.9,3.1,15103
SDD,2021-07-15,3.1,3.1,2.9,3.1,23508
SDD,2021-07-16,3.1,3.1,2.9,3.0,50400
SDD,2021-07-19,2.8,2.9,2.7,2.9,33422
SDD,2021-07-20,2.8,2.9,2.7,2.9,14282
SDD,2021-07-21,2.9,2.9,2.8,2.8,6806
SDD,2021-07-22,2.8,2.9,2.8,2.9,11006
SDD,2021-07-23,2.8,2.8,2.7,2.8,6548
SDD,2021-07-26,2.7,2.9,2.7,2.8,11015
SDD,2021-07-27,2.8,2.8,2.8,2.8,5308
SDD,2021-07-28,2.8,2.9,2.6,2.7,30726
SDD,2021-07-29,2.7,2.8,2.7,2.7,9903
SDD,2021-07-30,2.8,2.8,2.8,2.8,56147
SDD,2021-08-02,2.8,2.8,2.8,2.8,1506
SDD,2021-08-03,2.8,2.9,2.7,2.7,29800
SDD,2021-08-04,2.8,2.8,2.7,2.8,5615
SDD,2021-08-05,2.8,2.9,2.7,2.9,84511
SDD,2021-08-06,2.8,3.0,2.8,3.0,32503
SDD,2021-08-09,2.9,2.9,2.8,2.9,24403
SDD,2021-08-10,2.8,2.9,2.8,2.8,45493
SDD,2021-08-11,2.9,2.9,2.8,2.8,14612
SDD,2021-08-12,2.8,2.9,2.8,2.8,17807
SDD,2021-08-13,2.9,2.9,2.8,2.9,129504
SDD,2021-08-16,2.9,3.1,2.9,3.0,104022
SDD,2021-08-17,3.1,3.2,3.0,3.1,94545
SDD,2021-08-18,3.0,3.1,3.0,3.1,56701
SDD,2021-08-19,3.1,3.1,2.9,3.1,122200
SDD,2021-08-20,3.1,3.4,3.1,3.2,135717
SDD,2021-08-23,3.3,3.3,3.1,3.2,62661
SDD,2021-08-24,3.1,3.2,3.0,3.1,68600
SDD,2021-08-25,3.0,3.1,2.9,3.0,44462
SDD,2021-08-26,3.0,3.0,2.9,3.0,46300
SDD,2021-08-27,3.0,3.0,2.9,3.0,11300
SDD,2021-08-30,3.0,3.2,2.9,3.2,146908
SDD,2021-08-31,3.2,3.2,3.1,3.2,56095
SDD,2021-09-01,3.0,3.3,3.0,3.3,92263
SDD,2021-09-06,3.3,3.5,3.3,3.4,211745
SDD,2021-09-07,3.4,3.6,3.3,3.5,176903
SDD,2021-09-08,3.5,3.6,3.1,3.2,185161
SDD,2021-09-09,3.4,3.7,3.3,3.7,358631
SDD,2021-09-10,3.8,3.9,3.6,3.7,113926
SDD,2021-09-13,3.6,4.0,3.3,3.7,647733
SDD,2021-09-14,3.5,4.0,3.5,4.0,315645
SDD,2021-09-15,4.6,4.6,4.6,4.6,257062
SDD,2021-09-16,5.2,5.2,5.2,5.2,188933
SDD,2021-09-17,5.9,5.9,5.9,5.9,227051
SDD,2021-09-20,6.7,6.7,6.7,6.7,159895
SDD,2021-09-21,7.7,7.7,5.7,6.4,4271595
SDD,2021-09-22,6.5,7.4,6.4,7.2,2747332
SDD,2021-09-23,7.2,8.0,6.2,6.2,1912859
SDD,2021-09-24,6.0,6.2,5.7,5.7,319413
SDD,2021-09-27,4.9,4.9,4.9,4.9,253600
SDD,2021-09-28,4.2,5.0,4.2,4.9,1662819
SDD,2021-09-29,4.9,4.9,4.6,4.9,486654
SDD,2021-09-30,5.0,5.3,4.5,4.8,414139
SDD,2021-10-01,4.5,4.7,4.2,4.7,650153
SDD,2021-10-04,4.4,4.7,4.3,4.5,291817
SDD,2021-10-05,4.3,4.4,4.2,4.3,411968
SDD,2021-10-06,4.3,4.8,4.1,4.6,312521
SDD,2021-10-07,4.5,5.1,4.5,5.1,1269233
SDD,2021-10-08,5.1,5.5,5.0,5.2,582900
SDD,2021-10-11,5.1,5.1,4.9,5.0,321269
SDD,2021-10-12,4.9,5.0,4.6,4.8,576030
SDD,2021-10-13,4.6,5.0,4.5,4.8,354700
SDD,2021-10-14,4.7,4.9,4.7,4.7,368419
SDD,2021-10-15,4.7,5.0,4.6,4.8,674591
SDD,2021-10-18,4.8,5.4,4.7,5.2,1114969
SDD,2021-10-19,5.2,5.3,5.0,5.1,607489
SDD,2021-10-20,5.0,5.6,5.0,5.2,2283200
SDD,2021-10-21,5.2,5.6,5.2,5.5,1533407
SDD,2021-10-22,5.5,6.2,5.3,6.1,1722437
SDD,2021-10-25,6.0,6.1,5.6,5.7,862216
SDD,2021-10-26,5.7,5.7,5.4,5.7,975926
SDD,2021-10-27,5.7,6.3,5.5,5.8,2261681
SDD,2021-10-28,6.0,6.1,5.7,6.0,1068034
SDD,2021-10-29,6.0,6.1,5.7,5.9,1072109
SDD,2021-11-01,5.9,5.9,5.6,5.9,1188565
SDD,2021-11-02,5.9,6.4,5.8,6.4,1735142
SDD,2021-11-03,6.4,6.5,5.7,5.8,1417632
SDD,2021-11-04,5.8,5.9,5.6,5.8,704482
SDD,2021-11-05,5.7,5.9,5.6,5.9,537807
SDD,2021-11-08,5.9,6.1,5.8,5.9,763450
SDD,2021-11-09,6.0,6.0,5.7,5.9,648685
SDD,2021-11-10,5.9,6.1,5.8,6.1,785220
SDD,2021-11-11,6.1,6.7,6.1,6.7,2509619
SDD,2021-11-12,6.7,7.5,6.7,7.5,1106675
SDD,2021-11-15,8.2,8.6,7.6,8.0,2304599
SDD,2021-11-16,8.1,8.2,6.9,7.1,2228228
SDD,2021-11-17,7.1,7.5,6.8,7.5,660964
SDD,2021-11-18,7.5,8.2,7.3,8.2,1303807
SDD,2021-11-19,8.3,9.2,7.5,8.4,2622071
SDD,2021-11-22,8.4,8.6,7.4,7.4,1436269
SDD,2021-11-23,7.4,7.4,6.6,7.2,778014
SDD,2021-11-24,6.9,7.9,6.9,7.6,595815
SDD,2021-11-25,7.6,7.7,7.0,7.3,562559
SDD,2021-11-26,7.4,7.4,6.8,7.1,956520
SDD,2021-11-29,7.0,7.6,6.4,7.4,1148203
SDD,2021-11-30,7.1,7.9,7.1,7.5,683587
SDD,2021-12-01,7.5,7.6,7.2,7.5,753302
SDD,2021-12-02,7.6,8.5,7.5,8.5,2206114
SDD,2021-12-03,8.6,9.2,8.2,8.4,1637197
SDD,2021-12-06,8.6,8.6,7.4,7.7,916173
SDD,2021-12-07,7.6,8.0,6.9,7.8,989857
SDD,2021-12-08,7.5,8.0,7.5,7.5,583057
SDD,2021-12-09,7.5,7.7,7.3,7.6,389891
SDD,2021-12-10,7.6,7.8,7.2,7.6,762694
SDD,2021-12-13,7.5,7.9,7.4,7.9,793459
SDD,2021-12-14,7.9,8.1,7.5,7.6,948635
SDD,2021-12-15,7.7,7.8,7.3,7.6,634283
SDD,2021-12-16,7.6,7.9,7.5,7.8,1030100
SDD,2021-12-17,7.9,7.9,7.7,7.8,1008710
SDD,2021-12-20,7.8,8.0,7.7,8.0,1012208
SDD,2021-12-21,7.9,8.1,7.8,7.9,629493
SDD,2021-12-22,7.9,9.0,7.7,9.0,2455916
SDD,2021-12-23,9.5,9.5,8.2,8.9,1607622
SDD,2021-12-24,8.9,8.9,8.3,8.5,887299
SDD,2021-12-27,8.6,8.6,7.9,8.2,1319438
SDD,2021-12-28,8.2,9.0,8.1,8.7,1251063
SDD,2021-12-29,8.7,9.0,8.5,8.8,812143
SDD,2021-12-30,8.8,8.9,8.4,8.5,832570
SDD,2021-12-31,8.5,8.5,8.2,8.4,561170
SDD,2022-01-04,8.4,8.4,8.2,8.2,644757
SDD,2022-01-05,8.2,8.5,8.0,8.5,1062065
SDD,2022-01-06,8.4,8.8,8.2,8.6,1164826
SDD,2022-01-07,8.8,9.2,8.8,9.1,1778117
SDD,2022-01-10,9.1,10.3,9.0,9.6,2077094
SDD,2022-01-11,9.6,10.0,8.9,9.3,968160
SDD,2022-01-12,9.3,9.3,8.0,8.8,1411640
SDD,2022-01-13,8.6,8.8,7.4,7.4,1416100
SDD,2022-01-14,7.4,8.0,6.7,7.8,871149
SDD,2022-01-17,7.8,8.0,6.5,6.9,761326
SDD,2022-01-18,6.8,7.1,6.2,6.2,684572
SDD,2022-01-19,6.0,6.8,6.0,6.3,529670
SDD,2022-01-20,6.4,7.1,5.9,7.1,362640
SDD,2022-01-21,7.1,7.4,7.0,7.2,360446
SDD,2022-01-24,7.2,7.2,6.4,6.6,338305
SDD,2022-01-25,6.3,6.8,6.2,6.7,150400
SDD,2022-01-26,6.8,6.8,6.3,6.6,165063
SDD,2022-01-27,6.4,6.5,6.3,6.4,130507
SDD,2022-01-28,6.4,6.4,6.1,6.3,233735
SDD,2022-02-07,6.3,6.9,6.3,6.8,182218
SDD,2022-02-08,6.8,6.9,6.6,6.7,153500
SDD,2022-02-09,6.7,6.8,6.5,6.8,190376
SDD,2022-02-10,6.8,6.9,6.6,6.8,220000
SDD,2022-02-11,6.9,6.9,6.6,6.6,146245
SDD,2022-02-14,6.7,6.7,6.3,6.6,191699
SDD,2022-02-15,6.5,6.6,6.4,6.5,84900
SDD,2022-02-16,6.5,7.1,6.5,6.9,428840
SDD,2022-02-17,6.9,7.0,6.7,6.8,220060
SDD,2022-02-18,6.8,7.0,6.6,7.0,361917
SDD,2022-02-21,7.0,7.3,6.9,7.3,574000
SDD,2022-02-22,7.3,7.8,7.0,7.4,1074490
SDD,2022-02-23,7.4,7.5,7.3,7.4,237065
SDD,2022-02-24,7.4,7.4,6.6,7.0,609515
SDD,2022-02-25,7.1,7.3,7.0,7.1,442724
SDD,2022-02-28,7.1,7.1,6.8,6.9,251822
SDD,2022-03-01,6.9,7.2,6.9,7.0,369151
SDD,2022-03-02,7.2,7.2,6.8,7.0,374298
SDD,2022-03-03,6.9,7.1,6.8,7.1,523390
SDD,2022-03-04,7.1,7.9,7.0,7.9,2333366
SDD,2022-03-07,7.9,8.5,7.9,8.1,968010
SDD,2022-03-08,8.1,8.1,7.6,8.1,729013
SDD,2022-03-09,7.8,8.2,7.3,8.0,1210667
SDD,2022-03-10,8.0,8.7,7.8,8.5,1868778
SDD,2022-03-11,8.5,8.6,8.0,8.1,1357453
SDD,2022-03-14,8.2,8.3,7.7,7.9,709063
SDD,2022-03-15,7.9,8.3,7.6,8.1,715078
SDD,2022-03-16,8.1,9.2,8.0,8.9,3023151
SDD,2022-03-17,8.9,9.0,8.6,8.8,1010834
SDD,2022-03-18,8.8,8.8,8.5,8.6,584905
SDD,2022-03-21,8.6,9.2,8.4,8.8,1556674
SDD,2022-03-22,8.9,8.9,8.7,8.8,939639
SDD,2022-03-23,8.8,8.9,8.6,8.7,641905
SDD,2022-03-24,8.7,8.8,8.6,8.8,411680
SDD,2022-03-25,8.7,9.1,8.7,9.1,995659
SDD,2022-03-28,9.4,9.4,8.4,8.7,1073782
SDD,2022-03-29,8.7,8.9,8.6,8.8,408340
SDD,2022-03-30,8.7,8.8,8.3,8.4,1038150
SDD,2022-03-31,8.5,8.6,7.8,7.9,747319
SDD,2022-04-01,7.8,7.9,7.3,7.9,573000
SDD,2022-04-04,7.9,8.8,7.9,8.4,220504
SDD,2022-04-05,8.0,8.4,8.0,8.1,179092
SDD,2022-04-06,8.0,8.1,7.8,7.8,267020
SDD,2022-04-07,8.0,8.0,7.6,7.7,254024
SDD,2022-04-08,7.7,7.8,7.4,7.5,281153
SDD,2022-04-12,7.6,7.7,7.0,7.1,310045
SDD,2022-04-13,7.3,7.3,6.6,7.2,363900
SDD,2022-04-14,7.2,7.3,6.9,7.0,172400
SDD,2022-04-15,7.0,7.1,6.8,6.9,152301
SDD,2022-04-18,6.9,6.9,6.0,6.1,373400
SDD,2022-04-19,6.2,6.5,6.0,6.2,198034
SDD,2022-04-20,6.3,6.3,5.9,5.9,447300
SDD,2022-04-21,6.0,6.0,5.2,5.2,316000
SDD,2022-04-22,5.2,5.7,5.0,5.5,209309
SDD,2022-04-25,5.6,5.7,5.1,5.3,150000
SDD,2022-04-26,5.3,5.6,4.8,5.5,223600
SDD,2022-04-27,5.5,5.8,5.3,5.7,244021
SDD,2022-04-28,5.9,5.9,5.6,5.8,190000
SDD,2022-04-29,5.8,5.9,5.6,5.9,197100
SDD,2022-05-04,5.9,5.9,5.6,5.7,165003
SDD,2022-05-05,5.7,5.8,5.5,5.6,86200
SDD,2022-05-06,5.4,5.6,5.2,5.3,99100
SDD,2022-05-09,5.2,5.2,4.6,4.6,316116
SDD,2022-05-10,4.3,4.8,4.0,4.7,274800
SDD,2022-05-11,4.8,5.0,4.6,5.0,167100
SDD,2022-05-12,5.0,5.2,4.7,4.9,136885
SDD,2022-05-13,4.7,4.9,4.2,4.3,227500
SDD,2022-05-16,4.5,4.9,4.0,4.6,150703
SDD,2022-05-17,4.6,4.9,4.5,4.8,106835
SDD,2022-05-18,4.9,4.9,4.7,4.7,117600
SDD,2022-05-19,4.7,4.8,4.6,4.7,110900
SDD,2022-05-20,4.7,4.8,4.6,4.6,48710
SDD,2022-05-23,4.7,4.8,4.3,4.5,171200
SDD,2022-05-24,4.6,4.6,4.4,4.5,61800
SDD,2022-05-25,4.6,4.7,4.0,4.5,263200
SDD,2022-05-26,4.6,4.6,4.5,4.6,115428
SDD,2022-05-27,4.6,4.6,4.4,4.5,137720
SDD,2022-05-30,4.5,5.1,4.5,5.0,415300
SDD,2022-05-31,5.0,5.0,4.8,4.8,113637
SDD,2022-06-01,4.8,4.9,4.4,4.6,142304
SDD,2022-06-02,4.6,4.8,4.5,4.7,107500
SDD,2022-06-03,4.6,4.6,4.4,4.6,106600
SDD,2022-06-06,4.5,4.5,4.2,4.3,253426
SDD,2022-06-07,4.4,4.4,4.1,4.3,147227
SDD,2022-06-08,4.3,4.5,4.3,4.4,125900
SDD,2022-06-09,4.4,4.6,4.3,4.4,100005
SDD,2022-06-10,4.5,4.5,4.3,4.3,123401
SDD,2022-06-13,4.3,4.3,3.9,4.0,254000
SDD,2022-06-14,4.0,4.2,4.0,4.2,79400
SDD,2022-06-15,4.1,4.2,3.8,4.0,88800
SDD,2022-06-16,3.9,4.0,3.8,3.9,47705
SDD,2022-06-17,3.8,3.8,3.4,3.6,509950
SDD,2022-06-20,3.6,3.7,3.5,3.5,152700
SDD,2022-06-21,3.6,3.6,3.4,3.5,124918
SDD,2022-06-22,3.6,3.7,3.5,3.6,33312
SDD,2022-06-23,3.7,4.0,3.6,4.0,153800
SDD,2022-06-24,4.1,4.3,4.0,4.2,203180
SDD,2022-06-27,4.5,4.8,4.4,4.7,189700
SDD,2022-06-28,4.5,5.2,4.5,4.8,183257
SDD,2022-06-29,4.7,5.0,4.6,4.8,73613
SDD,2022-06-30,4.8,4.9,4.4,4.4,58500
SDD,2022-07-01,4.6,4.6,4.0,4.0,157800
SDD,2022-07-04,4.1,4.4,3.5,4.0,293523
SDD,2022-07-05,3.8,4.0,3.3,3.8,318100
SDD,2022-07-06,3.8,4.1,3.8,4.1,231112
SDD,2022-07-07,4.2,4.5,4.0,4.1,79915
SDD,2022-07-08,4.3,4.3,4.0,4.0,89033
SDD,2022-07-11,4.0,4.2,3.9,3.9,32200
SDD,2022-07-12,3.9,4.2,3.9,4.1,158300
SDD,2022-07-13,4.2,4.2,4.0,4.1,84502
SDD,2022-07-14,4.2,4.2,4.0,4.1,50800
SDD,2022-07-15,4.1,4.2,4.1,4.1,38158
SDD,2022-07-18,4.2,4.5,4.1,4.3,194669
SDD,2022-07-19,4.4,4.4,4.2,4.3,51800
SDD,2022-07-20,4.2,4.4,4.2,4.4,57400
SDD,2022-07-21,4.3,4.4,4.2,4.3,85800
SDD,2022-07-22,4.3,4.4,4.1,4.2,58451
SDD,2022-07-25,4.1,4.3,4.1,4.2,60400
SDD,2022-07-26,4.2,4.2,4.0,4.1,92800
SDD,2022-07-27,4.0,4.1,3.9,4.1,33300
SDD,2022-07-28,4.0,4.2,4.0,4.2,85600
SDD,2022-07-29,4.1,4.2,4.1,4.1,45600
SDD,2022-08-01,4.2,4.2,4.0,4.2,60700
SDD,2022-08-02,4.1,4.3,4.1,4.2,126130
SDD,2022-08-03,4.2,4.4,4.2,4.4,263600
SDD,2022-08-04,4.4,4.7,4.4,4.5,206700
SDD,2022-08-05,4.5,4.6,4.4,4.4,85421
SDD,2022-08-08,4.5,4.6,4.4,4.6,111370
SDD,2022-08-09,4.6,4.6,4.4,4.5,169600
SDD,2022-08-10,4.5,4.6,4.5,4.6,196100
SDD,2022-08-11,4.6,4.8,4.6,4.7,351420
SDD,2022-08-12,4.6,4.6,4.5,4.6,59700
SDD,2022-08-15,4.7,4.7,4.4,4.6,98900
SDD,2022-08-16,4.6,4.6,4.3,4.5,148160
SDD,2022-08-17,4.4,4.4,4.2,4.2,171910
SDD,2022-08-18,4.3,4.6,4.2,4.4,103100
SDD,2022-08-19,4.3,4.4,4.1,4.2,262618
SDD,2022-08-22,4.1,4.2,4.0,4.2,251362
SDD,2022-08-23,4.2,4.2,3.7,4.1,204400
SDD,2022-08-24,4.1,4.4,4.0,4.3,152900
SDD,2022-08-25,4.3,4.3,4.2,4.3,128715
SDD,2022-08-26,4.3,4.3,4.1,4.1,193374
SDD,2022-08-29,3.9,4.2,3.9,4.1,296520
SDD,2022-08-30,4.0,4.2,3.9,4.1,123556
SDD,2022-08-31,4.1,4.1,3.9,4.1,67520
SDD,2022-09-05,4.0,4.1,3.9,4.1,41148
SDD,2022-09-06,4.1,4.1,3.9,4.0,78400
SDD,2022-09-07,4.0,4.0,3.8,4.0,140300
SDD,2022-09-08,4.0,4.0,3.7,3.8,101300
SDD,2022-09-09,3.9,3.9,3.8,3.9,47600
SDD,2022-09-12,3.9,4.0,3.8,3.9,30645
SDD,2022-09-13,3.9,4.0,3.8,3.9,53938
SDD,2022-09-14,3.8,3.9,3.8,3.9,78164
SDD,2022-09-15,3.9,3.9,3.8,3.9,30966
SDD,2022-09-16,3.8,3.9,3.7,3.8,81191
SDD,2022-09-19,3.9,4.0,3.6,3.6,75832
SDD,2022-09-20,3.7,3.8,3.6,3.7,49615
SDD,2022-09-21,3.7,3.9,3.7,3.9,83500
SDD,2022-09-22,3.9,4.1,3.9,4.0,204397
SDD,2022-09-23,4.0,4.0,3.8,3.9,30073
SDD,2022-09-26,3.8,3.9,3.5,3.6,195449
SDD,2022-09-27,3.6,3.8,3.5,3.8,46100
SDD,2022-09-28,3.6,3.7,3.5,3.7,48465
SDD,2022-09-29,3.7,3.7,3.6,3.6,27004
SDD,2022-09-30,3.6,3.6,3.4,3.6,115850
SDD,2022-10-03,3.6,3.6,3.4,3.5,68440
SDD,2022-10-04,3.5,3.5,3.3,3.3,50357
SDD,2022-10-05,3.4,3.6,3.4,3.6,85244
SDD,2022-10-06,3.5,3.6,3.4,3.5,6111
SDD,2022-10-07,3.4,3.4,3.2,3.3,160897
SDD,2022-10-10,3.1,3.4,3.1,3.3,39312
SDD,2022-10-11,3.3,3.4,3.1,3.1,119310
SDD,2022-10-12,3.2,3.2,3.1,3.2,14612
SDD,2022-10-13,3.2,3.2,3.0,3.2,63800
SDD,2022-10-14,3.2,3.3,3.1,3.3,39720
SDD,2022-10-17,3.3,3.3,3.1,3.2,79500
SDD,2022-10-18,3.2,3.3,3.1,3.1,95200
SDD,2022-10-19,3.1,3.3,3.1,3.1,72300
SDD,2022-10-20,3.2,3.2,3.0,3.1,76900
SDD,2022-10-21,3.1,3.1,2.7,2.8,94391
SDD,2022-10-24,3.0,3.0,2.5,2.5,43700
SDD,2022-10-25,2.6,2.6,2.3,2.5,66143
SDD,2022-10-26,2.6,2.8,2.6,2.7,191200
SDD,2022-10-27,3.1,3.1,2.8,3.0,57300
SDD,2022-10-28,2.9,3.1,2.7,2.9,124600
SDD,2022-10-31,2.9,2.9,2.7,2.8,27350
SDD,2022-11-01,2.8,2.8,2.7,2.8,38600
SDD,2022-11-02,2.8,2.9,2.8,2.9,82500
SDD,2022-11-03,2.9,3.0,2.7,2.8,112200
SDD,2022-11-04,2.8,2.8,2.7,2.7,55616
SDD,2022-11-07,2.6,2.8,2.6,2.6,49244
SDD,2022-11-08,2.5,2.5,2.3,2.5,66400
SDD,2022-11-09,2.5,2.7,2.5,2.6,32100
SDD,2022-11-10,2.7,2.7,2.4,2.4,33519
SDD,2022-11-11,2.4,2.6,2.3,2.4,36815
SDD,2022-11-14,2.3,2.5,2.2,2.4,49000
SDD,2022-11-15,2.3,2.3,2.1,2.1,13400
SDD,2022-11-16,1.8,2.2,1.8,2.1,122451
SDD,2022-11-17,2.2,2.3,2.2,2.3,61610
SDD,2022-11-18,2.2,2.4,2.0,2.2,90160
SDD,2022-11-21,2.2,2.5,2.2,2.4,38500
SDD,2022-11-22,2.4,2.6,2.3,2.4,100703
SDD,2022-11-23,2.2,2.6,2.2,2.3,54200
SDD,2022-11-24,2.4,2.5,2.3,2.4,66175
SDD,2022-11-25,2.4,2.4,2.3,2.4,27500
SDD,2022-11-28,2.4,2.7,2.4,2.7,140700
SDD,2022-11-29,2.8,2.9,2.7,2.8,92462
SDD,2022-11-30,3.1,3.2,2.8,3.0,54508
SDD,2022-12-01,3.0,3.1,2.9,2.9,103301
SDD,2022-12-02,3.0,3.1,2.7,3.1,83900
SDD,2022-12-05,3.1,3.1,2.9,2.9,104400
SDD,2022-12-06,2.9,3.0,2.6,2.6,102982
SDD,2022-12-07,2.6,2.7,2.4,2.5,37000
SDD,2022-12-08,2.6,2.7,2.5,2.6,40107
SDD,2022-12-09,2.6,2.7,2.5,2.5,23600
SDD,2022-12-12,2.5,2.7,2.5,2.6,52101
SDD,2022-12-13,2.7,2.7,2.5,2.7,29307
SDD,2022-12-14,2.7,2.8,2.6,2.7,49510
SDD,2022-12-15,2.7,2.7,2.7,2.7,8600
SDD,2022-12-16,2.7,2.7,2.5,2.7,209203
SDD,2022-12-19,2.6,2.8,2.6,2.6,106700
SDD,2022-12-20,2.7,2.7,2.5,2.5,78810
SDD,2022-12-21,2.6,2.6,2.5,2.5,68800
SDD,2022-12-22,2.5,2.6,2.5,2.5,14100
SDD,2022-12-23,2.4,2.6,2.4,2.6,9356
SDD,2022-12-26,2.5,2.5,2.4,2.4,36700
SDD,2022-12-27,2.4,2.6,2.4,2.6,13447
SDD,2022-12-28,2.6,2.6,2.5,2.6,14500
SDD,2022-12-29,2.7,2.7,2.5,2.6,23303
SDD,2022-12-30,2.7,2.7,2.5,2.7,28318
SDD,2023-01-03,2.6,2.7,2.6,2.7,46200
SDD,2023-01-04,2.7,2.8,2.6,2.7,62500
SDD,2023-01-05,2.8,2.8,2.6,2.8,26700
SDD,2023-01-06,2.7,2.7,2.6,2.6,24600
SDD,2023-01-09,2.6,2.6,2.5,2.5,53661
SDD,2023-01-10,2.4,2.6,2.3,2.5,82132
SDD,2023-01-11,2.5,2.6,2.5,2.5,25500
SDD,2023-01-12,2.6,2.6,2.4,2.5,42400
SDD,2023-01-13,2.5,2.6,2.5,2.5,14500
SDD,2023-01-16,2.6,2.6,2.5,2.5,13301
SDD,2023-01-17,2.4,2.6,2.4,2.5,15500
SDD,2023-01-18,2.5,2.6,2.4,2.5,25700
SDD,2023-01-19,2.6,2.6,2.5,2.6,14300
SDD,2023-01-27,2.6,2.6,2.5,2.6,22608
SDD,2023-01-30,2.6,2.7,2.5,2.6,48970
SDD,2023-01-31,2.6,2.8,2.6,2.7,54600
SDD,2023-02-01,2.8,2.8,2.6,2.6,32050
SDD,2023-02-02,2.5,2.6,2.5,2.5,41950
SDD,2023-02-03,2.5,2.6,2.5,2.6,10100
SDD,2023-02-06,2.5,2.5,2.4,2.5,26371
SDD,2023-02-07,2.4,2.6,2.4,2.6,60040
SDD,2023-02-08,2.6,2.7,2.5,2.7,32700
SDD,2023-02-09,2.7,2.7,2.6,2.7,10400
SDD,2023-02-10,2.7,2.7,2.5,2.5,3601
SDD,2023-02-13,2.5,2.5,2.3,2.4,49700
SDD,2023-02-14,2.3,2.5,2.3,2.3,6605
SDD,2023-02-15,2.3,2.5,2.3,2.5,33526
SDD,2023-02-16,2.5,2.5,2.4,2.4,41100
SDD,2023-02-17,2.5,2.5,2.4,2.4,6000
SDD,2023-02-20,2.5,2.6,2.5,2.5,29500
SDD,2023-02-21,2.6,2.6,2.5,2.6,15200
SDD,2023-02-22,2.6,2.6,2.5,2.5,7302
SDD,2023-02-23,2.6,2.6,2.4,2.5,24800
SDD,2023-02-24,2.5,2.6,2.4,2.5,22600
SDD,2023-02-27,2.4,2.5,2.3,2.4,35305
SDD,2023-02-28,2.4,2.5,2.3,2.4,95000
SDD,2023-03-01,2.3,2.5,2.3,2.5,18700
SDD,2023-03-02,2.4,2.5,2.4,2.5,38200
SDD,2023-03-03,2.4,2.5,2.3,2.4,73700
SDD,2023-03-06,2.5,2.5,2.5,2.5,40330
SDD,2023-03-07,2.5,2.5,2.4,2.5,28000
SDD,2023-03-08,2.4,2.6,2.4,2.6,33800
SDD,2023-03-09,2.6,2.6,2.5,2.6,34400
SDD,2023-03-10,2.6,2.6,2.5,2.5,3700
SDD,2023-03-13,2.4,2.5,2.4,2.5,16100
SDD,2023-03-14,2.5,2.5,2.4,2.4,10900
SDD,2023-03-15,2.5,2.5,2.4,2.5,7600
SDD,2023-03-16,2.5,2.6,2.4,2.4,36300
SDD,2023-03-17,2.5,2.5,2.3,2.5,14543
SDD,2023-03-20,2.5,2.5,2.3,2.4,1001
SDD,2023-03-21,2.4,2.5,2.3,2.4,74034
SDD,2023-03-22,2.4,2.4,2.3,2.3,6500
SDD,2023-03-23,2.3,2.3,2.3,2.3,22631
SDD,2023-03-24,2.3,2.3,2.2,2.3,36343
SDD,2023-03-27,2.2,2.3,2.2,2.3,14200
SDD,2023-03-28,2.3,2.4,2.3,2.3,17331
SDD,2023-03-29,2.3,2.3,2.2,2.3,33907
SDD,2023-03-30,2.3,2.4,2.2,2.3,74400
SDD,2023-03-31,2.2,2.3,2.2,2.3,26800
SDD,2023-04-03,2.3,2.3,2.2,2.3,63010
SDD,2023-04-04,2.3,2.4,2.2,2.3,18904
SDD,2023-04-05,2.3,2.4,2.3,2.3,41400
SDD,2023-04-06,2.4,2.5,2.3,2.4,102132
SDD,2023-04-07,2.4,2.4,2.3,2.3,53011
SDD,2023-04-10,2.3,2.4,2.3,2.3,79100
SDD,2023-04-11,2.3,2.4,2.2,2.3,22900
SDD,2023-04-12,2.3,2.4,2.3,2.3,41900
SDD,2023-04-13,2.3,2.3,2.2,2.3,62900
SDD,2023-04-14,2.3,2.3,2.2,2.3,32255
SDD,2023-04-17,2.3,2.3,2.2,2.3,28404
SDD,2023-04-18,2.2,2.3,2.2,2.3,29700
SDD,2023-04-19,2.2,2.3,2.2,2.3,8319
SDD,2023-04-20,2.2,2.2,2.2,2.2,10620
SDD,2023-04-21,2.2,2.2,2.2,2.2,33622
SDD,2023-04-24,2.2,2.2,2.1,2.2,66142
SDD,2023-04-25,2.2,2.2,2.2,2.2,16522
SDD,2023-04-26,2.2,2.2,2.1,2.2,19233
SDD,2023-04-27,2.1,2.2,2.1,2.2,25000
SDD,2023-04-28,2.2,2.2,2.1,2.2,22163
SDD,2023-05-04,2.2,2.3,2.2,2.3,36901
SDD,2023-05-05,2.3,2.3,2.2,2.2,8100
SDD,2023-05-08,2.3,2.3,2.2,2.3,12302
SDD,2023-05-09,2.3,2.3,2.1,2.3,96500
SDD,2023-05-10,2.2,2.3,2.2,2.3,104779
SDD,2023-05-11,2.3,2.5,2.3,2.4,130961
SDD,2023-05-12,2.4,2.4,2.3,2.4,35562
SDD,2023-05-15,2.4,2.4,2.3,2.3,98702
SDD,2023-05-16,2.3,2.4,2.2,2.3,40426
SDD,2023-05-17,2.3,2.4,2.3,2.3,182100
SDD,2023-05-18,2.4,2.5,2.4,2.4,49564
SDD,2023-05-19,2.3,2.4,2.2,2.3,204900
SDD,2023-05-22,2.3,2.4,2.3,2.3,18503
SDD,2023-05-23,2.4,2.4,2.3,2.4,43063
SDD,2023-05-24,2.4,2.4,2.3,2.3,25051
SDD,2023-05-25,2.3,2.4,2.2,2.3,29900
SDD,2023-05-26,2.2,2.3,2.2,2.3,26153
SDD,2023-05-29,2.4,2.6,2.4,2.6,351129
SDD,2023-05-30,2.7,2.7,2.5,2.6,137223
SDD,2023-05-31,2.6,2.9,2.5,2.9,252509
SDD,2023-06-01,2.9,3.2,2.8,3.2,493327
SDD,2023-06-02,3.5,3.6,3.0,3.3,380291
SDD,2023-06-05,3.3,3.3,3.0,3.1,164800
SDD,2023-06-06,3.0,3.2,3.0,3.2,170900
SDD,2023-06-07,3.1,3.3,3.1,3.2,188200
SDD,2023-06-08,3.2,3.5,3.2,3.3,306200
SDD,2023-06-09,3.3,3.3,3.0,3.2,97546
SDD,2023-06-12,3.2,3.2,3.0,3.2,96934
SDD,2023-06-13,3.2,3.4,3.2,3.3,203681
SDD,2023-06-14,3.3,3.5,3.2,3.4,526618
SDD,2023-06-15,3.4,3.4,3.1,3.3,207628
SDD,2023-06-16,3.3,3.4,3.1,3.1,229406
SDD,2023-06-19,3.1,3.1,2.9,2.9,183600
SDD,2023-06-20,3.0,3.2,2.9,3.1,142714
SDD,2023-06-21,3.1,3.2,3.0,3.1,134988
SDD,2023-06-22,3.1,3.2,2.9,3.1,165877
SDD,2023-06-23,3.1,3.1,3.0,3.0,95600
SDD,2023-06-26,3.0,3.0,2.8,2.9,127625
SDD,2023-06-27,2.9,2.9,2.8,2.9,48200
SDD,2023-06-28,2.9,2.9,2.8,2.9,56935
SDD,2023-06-29,2.8,2.9,2.7,2.7,87401
SDD,2023-06-30,2.8,2.8,2.7,2.7,57717
SDD,2023-07-03,2.7,2.7,2.7,2.7,33311
SDD,2023-07-04,2.7,2.9,2.7,2.9,51024
SDD,2023-07-05,2.9,2.9,2.8,2.9,18551
SDD,2023-07-06,2.9,2.9,2.8,2.8,65801
SDD,2023-07-07,2.8,2.8,2.7,2.8,35239
SDD,2023-07-10,2.8,2.8,2.7,2.8,90000
SDD,2023-07-11,2.8,2.9,2.8,2.8,21477
SDD,2023-07-12,2.8,2.8,2.8,2.8,46006
SDD,2023-07-13,2.8,2.9,2.7,2.9,144421
SDD,2023-07-14,2.8,2.9,2.8,2.9,40300
SDD,2023-07-17,2.9,3.1,2.9,3.1,156681
SDD,2023-07-18,3.0,3.0,3.0,3.0,35714
SDD,2023-07-19,3.0,3.0,2.8,2.8,32318
SDD,2023-07-20,2.8,2.9,2.8,2.9,20427
SDD,2023-07-21,2.9,3.0,2.8,2.9,66252
SDD,2023-07-24,3.0,3.0,2.8,2.9,71805
SDD,2023-07-25,2.9,3.0,2.9,2.9,92400
SDD,2023-07-26,2.9,2.9,2.8,2.9,40538
SDD,2023-07-27,2.8,2.9,2.8,2.8,89901
SDD,2023-07-28,2.8,3.0,2.8,3.0,93633
SDD,2023-07-31,3.0,3.0,2.9,3.0,79203
SDD,2023-08-01,2.9,3.0,2.8,2.8,85601
SDD,2023-08-02,2.9,2.9,2.8,2.9,18400
SDD,2023-08-03,2.8,2.9,2.8,2.8,51975
SDD,2023-08-04,2.8,2.9,2.8,2.8,50531
SDD,2023-08-07,2.8,2.9,2.8,2.9,188437
SDD,2023-08-08,2.9,3.3,2.9,3.3,586036
SDD,2023-08-09,3.1,3.4,3.1,3.4,336139
SDD,2023-08-10,3.4,3.4,3.0,3.1,264800
SDD,2023-08-11,3.1,3.1,2.9,3.0,224812
SDD,2023-08-14,3.0,3.2,3.0,3.1,125916
SDD,2023-08-15,3.1,3.1,3.0,3.0,66752
SDD,2023-08-16,3.0,3.2,2.9,3.2,140125
SDD,2023-08-17,3.1,3.1,2.9,2.9,143124
SDD,2023-08-18,3.0,3.0,2.7,2.8,145423
SDD,2023-08-21,2.9,2.9,2.7,2.8,49705
SDD,2023-08-22,2.8,2.9,2.7,2.8,35756
SDD,2023-08-23,2.7,2.8,2.7,2.8,18701
SDD,2023-08-24,2.8,2.9,2.7,2.9,27500
SDD,2023-08-25,2.9,2.9,2.8,2.9,42930
SDD,2023-08-28,2.8,2.9,2.8,2.9,18900
SDD,2023-08-29,2.9,2.9,2.8,2.8,68221
SDD,2023-08-30,2.8,2.8,2.8,2.8,46115
SDD,2023-08-31,2.8,2.9,2.7,2.9,46200
SDD,2023-09-05,2.8,2.8,2.7,2.8,186800
SDD,2023-09-06,2.8,2.9,2.8,2.9,53301
SDD,2023-09-07,2.9,2.9,2.8,2.9,77300
SDD,2023-09-08,2.9,2.9,2.8,2.9,46816
SDD,2023-09-11,2.9,2.9,2.8,2.8,105101
SDD,2023-09-12,2.8,2.9,2.7,2.8,51317
SDD,2023-09-13,2.8,2.9,2.7,2.8,160723
SDD,2023-09-14,2.9,2.9,2.7,2.8,84614
SDD,2023-09-15,2.8,2.8,2.7,2.8,64711
SDD,2023-09-18,2.7,2.8,2.6,2.6,100903
SDD,2023-09-19,2.7,2.8,2.6,2.7,90700
SDD,2023-09-20,2.7,2.8,2.7,2.7,31000
SDD,2023-09-21,2.7,2.7,2.7,2.7,26225
SDD,2023-09-22,2.7,2.7,2.6,2.6,91211
SDD,2023-09-25,2.6,2.6,2.5,2.5,85905
SDD,2023-09-26,2.5,2.6,2.5,2.5,13200
SDD,2023-09-27,2.5,2.5,2.4,2.5,60100
SDD,2023-09-28,2.5,2.5,2.3,2.4,97433
SDD,2023-09-29,2.5,2.5,2.4,2.4,65805
SDD,2023-10-02,2.3,2.5,2.3,2.4,1100
SDD,2023-10-03,2.4,2.4,2.3,2.4,15745
SDD,2023-10-04,2.3,2.4,2.3,2.4,19400
SDD,2023-10-05,2.3,2.4,2.3,2.3,88670
SDD,2023-10-06,2.4,2.4,2.3,2.3,6026
SDD,2023-10-09,2.4,2.4,2.3,2.4,13850
SDD,2023-10-10,2.5,2.5,2.4,2.4,26900
SDD,2023-10-11,2.5,2.5,2.4,2.5,27200
SDD,2023-10-12,2.5,2.5,2.3,2.4,44779
SDD,2023-10-13,2.5,2.5,2.3,2.4,4400
SDD,2023-10-16,2.3,2.3,2.2,2.2,138230
SDD,2023-10-17,2.2,2.2,2.2,2.2,26602
SDD,2023-10-18,2.2,2.2,2.1,2.1,31400
SDD,2023-10-19,2.1,2.1,2.0,2.0,61200
SDD,2023-10-20,1.9,2.1,1.9,2.0,16141
SDD,2023-10-23,2.0,2.0,1.9,1.9,56200
SDD,2023-10-24,1.9,2.0,1.9,1.9,29000
SDD,2023-10-25,2.0,2.2,2.0,2.0,79900
SDD,2023-10-26,2.0,2.0,1.9,2.0,73460
SDD,2023-10-27,2.0,2.1,2.0,2.0,37220
SDD,2023-10-30,1.9,2.0,1.9,1.9,46000
SDD,2023-10-31,2.0,2.0,1.8,1.9,78300
SDD,2023-11-01,1.8,1.9,1.8,1.9,13631
SDD,2023-11-02,2.0,2.0,2.0,2.0,45031
SDD,2023-11-03,2.0,2.0,1.9,2.0,11800
SDD,2023-11-06,1.9,2.0,1.9,1.9,800
SDD,2023-11-07,1.9,2.0,1.9,2.0,17600
SDD,2023-11-08,1.9,2.1,1.9,2.1,84104
SDD,2023-11-09,2.0,2.1,2.0,2.0,20800
SDD,2023-11-10,2.0,2.1,1.9,1.9,96226
SDD,2023-11-13,2.1,2.1,2.0,2.0,17300
SDD,2023-11-14,2.0,2.0,1.9,2.0,9104
SDD,2023-11-15,2.0,2.0,1.9,2.0,58906
SDD,2023-11-16,2.0,2.1,2.0,2.1,9800
SDD,2023-11-17,2.0,2.1,2.0,2.0,30604
SDD,2023-11-20,2.0,2.0,2.0,2.0,69301
SDD,2023-11-21,2.1,2.1,2.0,2.0,21521
SDD,2023-11-22,2.0,2.1,1.9,2.1,81100
SDD,2023-11-23,2.0,2.1,2.0,2.1,15301
SDD,2023-11-24,2.0,2.1,2.0,2.0,77603
SDD,2023-11-27,2.0,2.1,2.0,2.0,40400
SDD,2023-11-28,2.0,2.1,1.9,2.0,19700
SDD,2023-11-29,2.0,2.0,1.9,1.9,106700
SDD,2023-11-30,1.9,1.9,1.9,1.9,77097
SDD,2023-12-01,1.9,1.9,1.9,1.9,29300
SDD,2023-12-04,1.9,2.1,1.9,2.0,91600
SDD,2023-12-05,2.0,2.0,2.0,2.0,3415
SDD,2023-12-06,2.0,2.0,2.0,2.0,12723
SDD,2023-12-07,1.9,2.0,1.9,1.9,78181
SDD,2023-12-08,1.9,2.0,1.9,2.0,24950
SDD,2023-12-11,2.0,2.0,1.9,1.9,41024
SDD,2023-12-12,2.0,2.0,1.9,2.0,151545
SDD,2023-12-13,2.0,2.2,2.0,2.1,110816
SDD,2023-12-14,2.1,2.1,1.9,2.0,147800
SDD,2023-12-15,1.9,2.0,1.9,2.0,102100
SDD,2023-12-18,1.9,2.0,1.9,2.0,23945
SDD,2023-12-19,2.0,2.0,1.9,1.9,97700
SDD,2023-12-20,1.9,1.9,1.9,1.9,8302
SDD,2023-12-21,1.9,1.9,1.9,1.9,40400
SDD,2023-12-22,1.9,2.0,1.9,1.9,12900
SDD,2023-12-25,1.9,2.0,1.9,1.9,15200
SDD,2023-12-26,1.9,1.9,1.9,1.9,32612
SDD,2023-12-27,1.9,2.0,1.9,2.0,2300
SDD,2023-12-28,1.9,2.0,1.9,1.9,24000
SDD,2023-12-29,1.9,2.0,1.9,2.0,45500
SDD,2024-01-02,1.9,1.9,1.9,1.9,19101
SDD,2024-01-03,1.9,2.0,1.9,2.0,105569
SDD,2024-01-04,2.0,2.0,1.9,2.0,23165
SDD,2024-01-05,1.9,2.0,1.9,2.0,62124
SDD,2024-01-08,1.9,2.0,1.9,2.0,30407
SDD,2024-01-09,2.0,2.0,2.0,2.0,1201
SDD,2024-01-10,1.9,1.9,1.9,1.9,52800
SDD,2024-01-11,1.9,1.9,1.9,1.9,11300
SDD,2024-01-12,1.9,2.0,1.9,1.9,12910
SDD,2024-01-15,1.9,1.9,1.9,1.9,30449
SDD,2024-01-16,1.9,1.9,1.9,1.9,21100
SDD,2024-01-17,1.9,2.0,1.8,1.9,22032
SDD,2024-01-18,1.9,2.0,1.9,1.9,13300
SDD,2024-01-19,1.9,1.9,1.9,1.9,12700
SDD,2024-01-22,1.9,2.0,1.9,1.9,20600
SDD,2024-01-23,1.9,1.9,1.9,1.9,28778
SDD,2024-01-24,2.0,2.0,1.9,2.0,7613
SDD,2024-01-25,2.0,2.0,2.0,2.0,10130
SDD,2024-01-26,2.0,2.0,1.9,1.9,191310
SDD,2024-01-29,1.9,1.9,1.9,1.9,39200
SDD,2024-01-30,1.9,2.0,1.9,2.0,19700
SDD,2024-01-31,1.9,2.0,1.9,2.0,1500
SDD,2024-02-01,1.9,2.0,1.9,2.0,37751
SDD,2024-02-02,1.9,2.0,1.9,2.0,10373
SDD,2024-02-05,2.0,2.0,1.9,1.9,18547
SDD,2024-02-06,1.9,2.0,1.9,1.9,9882
SDD,2024-02-07,1.9,2.0,1.9,1.9,24004
SDD,2024-02-15,2.0,2.0,1.9,1.9,2000
SDD,2024-02-16,2.0,2.0,1.9,2.0,22882
SDD,2024-02-19,1.9,2.0,1.9,2.0,33844
SDD,2024-02-20,2.0,2.0,1.9,2.0,16950
SDD,2024-02-21,2.0,2.0,1.9,2.0,73902
SDD,2024-02-22,1.9,2.3,1.9,2.2,303403
SDD,2024-02-23,2.3,2.3,2.1,2.2,220102
SDD,2024-02-26,2.2,2.2,2.0,2.2,80007
SDD,2024-02-27,2.1,2.2,2.1,2.2,30077
SDD,2024-02-28,2.1,2.2,2.0,2.1,28000
SDD,2024-02-29,2.0,2.2,2.0,2.2,60956
SDD,2024-03-01,2.2,2.2,2.0,2.1,14736
SDD,2024-03-04,2.2,2.2,2.0,2.1,88232
SDD,2024-03-05,2.0,2.1,2.0,2.1,12688
SDD,2024-03-06,2.0,2.1,2.0,2.1,38300
SDD,2024-03-07,2.1,2.1,2.0,2.1,30723
SDD,2024-03-08,2.0,2.1,2.0,2.1,5557
SDD,2024-03-11,2.1,2.1,2.0,2.1,7300
SDD,2024-03-12,2.1,2.1,2.0,2.0,6300
SDD,2024-03-13,2.0,2.2,2.0,2.2,421100
SDD,2024-03-14,2.2,2.3,2.2,2.3,218730
SDD,2024-03-15,2.3,2.5,2.3,2.3,158243
SDD,2024-03-18,2.3,2.3,2.1,2.2,66830
SDD,2024-03-19,2.1,2.2,2.1,2.2,16500
SDD,2024-03-20,2.2,2.3,2.1,2.2,91205
SDD,2024-03-21,2.2,2.3,2.1,2.3,115945
SDD,2024-03-22,2.2,2.3,2.1,2.2,55700
SDD,2024-03-25,2.2,2.2,2.1,2.1,41585
SDD,2024-03-26,2.1,2.2,2.1,2.2,30833
SDD,2024-03-27,2.1,2.3,2.1,2.2,83632
SDD,2024-03-28,2.2,2.3,2.2,2.3,53536
SDD,2024-03-29,2.3,2.3,2.2,2.3,14800
SDD,2024-04-01,2.3,2.3,2.1,2.2,44787
SDD,2024-04-02,2.2,2.3,2.1,2.2,58140
SDD,2024-04-03,2.3,2.3,2.2,2.3,36900
SDD,2024-04-04,2.2,2.2,2.1,2.1,11907
SDD,2024-04-05,2.2,2.2,2.0,2.1,73900
SDD,2024-04-08,2.1,2.1,1.9,2.0,142800
SDD,2024-04-09,2.1,2.1,1.9,2.1,56400
SDD,2024-04-10,2.1,2.1,2.0,2.0,10000
SDD,2024-04-11,2.1,2.1,2.0,2.1,16400
SDD,2024-04-12,2.0,2.0,2.0,2.0,59900
SDD,2024-04-15,2.0,2.1,1.9,1.9,83600
SDD,2024-04-16,1.9,2.0,1.9,1.9,28700
SDD,2024-04-17,2.0,2.0,1.9,1.9,74500
SDD,2024-04-19,1.9,1.9,1.8,1.8,42008
SDD,2024-04-22,1.9,2.0,1.9,1.9,72979
SDD,2024-04-23,2.0,2.0,1.9,1.9,35308
SDD,2024-04-24,2.0,2.0,1.9,2.0,20301
SDD,2024-04-25,1.9,1.9,1.9,1.9,75579
SDD,2024-04-26,1.9,1.9,1.8,1.8,153007
SDD,2024-05-02,1.9,1.9,1.9,1.9,17815
SDD,2024-05-03,1.9,2.0,1.9,1.9,177220
SDD,2024-05-06,1.9,2.0,1.9,2.0,108226
SDD,2024-05-07,1.9,2.0,1.9,2.0,33200
SDD,2024-05-08,2.0,2.0,1.9,2.0,14310
SDD,2024-05-09,1.9,2.0,1.9,1.9,2472
SDD,2024-05-10,1.9,1.9,1.8,1.9,87415
SDD,2024-05-13,1.9,2.0,1.9,2.0,31113
SDD,2024-05-14,1.9,2.1,1.9,2.1,830476
SDD,2024-05-15,2.0,2.1,2.0,2.1,140807
SDD,2024-05-16,2.1,2.2,1.9,2.0,419670
SDD,2024-05-17,2.0,2.0,1.9,1.9,66808
SDD,2024-05-20,1.9,2.1,1.9,2.1,439115
SDD,2024-05-21,2.1,2.3,2.1,2.2,202970
SDD,2024-05-22,2.2,2.2,2.1,2.2,148115
SDD,2024-05-23,2.2,2.4,2.2,2.4,876599
SDD,2024-05-24,2.4,2.4,2.2,2.2,232500
SDD,2024-05-27,2.2,2.3,2.1,2.2,150484
SDD,2024-05-28,2.2,2.2,2.0,2.2,400782
SDD,2024-05-29,2.2,2.2,2.0,2.2,78900
SDD,2024-05-30,2.2,2.2,2.0,2.1,58900
SDD,2024-05-31,2.1,2.1,2.0,2.0,33900
SDD,2024-06-03,2.0,2.1,2.0,2.0,33000
SDD,2024-06-04,2.1,2.1,2.0,2.1,6000
SDD,2024-06-05,2.1,2.1,2.0,2.0,51300
SDD,2024-06-06,2.1,2.1,2.0,2.0,379306
SDD,2024-06-07,2.0,2.1,2.0,2.0,115600
SDD,2024-06-10,2.0,2.1,2.0,2.0,285707
SDD,2024-06-11,2.0,2.1,2.0,2.0,107514
SDD,2024-06-12,2.0,2.0,1.9,2.0,108957
SDD,2024-06-13,2.0,2.1,2.0,2.1,130800
SDD,2024-06-14,2.1,2.1,2.0,2.0,86356
SDD,2024-06-17,2.0,2.0,1.9,2.0,194900
SDD,2024-06-18,2.0,2.0,1.9,1.9,91610
SDD,2024-06-19,2.0,2.0,1.9,1.9,40042
SDD,2024-06-20,1.9,2.0,1.9,1.9,59800
SDD,2024-06-21,1.9,2.0,1.8,2.0,337010
SDD,2024-06-24,1.9,2.0,1.9,1.9,86100
SDD,2024-06-25,2.0,2.0,1.9,1.9,33100
SDD,2024-06-26,2.0,2.0,1.9,2.0,14660
SDD,2024-06-27,2.0,2.0,1.9,1.9,56301
SDD,2024-06-28,1.9,2.0,1.9,1.9,182792
SDD,2024-07-01,1.9,2.0,1.9,2.0,44000
SDD,2024-07-02,1.9,2.0,1.9,1.9,73310
SDD,2024-07-03,1.9,2.0,1.9,1.9,102100
SDD,2024-07-04,1.9,2.0,1.9,1.9,11268
SDD,2024-07-05,1.9,2.0,1.8,2.0,108149
SDD,2024-07-08,1.9,2.0,1.8,1.8,98516
SDD,2024-07-09,1.9,1.9,1.8,1.8,35302
SDD,2024-07-10,1.9,1.9,1.8,1.8,34900
SDD,2024-07-11,1.8,2.0,1.8,1.9,66203
SDD,2024-07-12,1.9,1.9,1.8,1.9,8011
SDD,2024-07-15,2.0,2.0,1.9,1.9,14345
SDD,2024-07-16,1.9,1.9,1.8,1.9,24061
SDD,2024-07-17,1.9,1.9,1.8,1.9,27203
SDD,2024-07-18,1.9,1.9,1.8,1.9,53300
SDD,2024-07-19,1.9,1.9,1.8,1.9,69450
SDD,2024-07-22,1.8,1.9,1.8,1.8,211000
SDD,2024-07-23,1.8,1.9,1.8,1.9,57100
SDD,2024-07-24,1.8,1.8,1.7,1.8,56400
SDD,2024-07-25,1.8,1.8,1.8,1.8,49700
SDD,2024-07-26,1.7,1.8,1.7,1.8,28700
SDD,2024-07-29,1.8,1.8,1.7,1.7,52600
SDD,2024-07-30,1.8,1.8,1.7,1.8,28500
SDD,2024-07-31,1.8,1.8,1.7,1.7,5500
SDD,2024-08-01,1.8,1.8,1.7,1.7,68400
SDD,2024-08-02,1.7,1.7,1.6,1.7,47000
SDD,2024-08-05,1.6,1.7,1.6,1.6,102000
SDD,2024-08-06,1.6,1.7,1.6,1.6,47900
SDD,2024-08-07,1.7,1.8,1.7,1.7,72400
SDD,2024-08-08,1.7,1.7,1.7,1.7,12000
SDD,2024-08-09,1.6,1.8,1.6,1.7,30600
SDD,2024-08-12,1.7,1.7,1.7,1.7,10600
SDD,2024-08-13,1.8,1.8,1.6,1.7,27700
SDD,2024-08-14,1.7,1.8,1.6,1.8,208800
SDD,2024-08-15,1.8,1.8,1.7,1.7,16100
SDD,2024-08-16,1.7,1.8,1.6,1.8,45200
SDD,2024-08-19,1.8,1.8,1.7,1.7,69400
SDD,2024-08-20,1.7,1.8,1.7,1.7,28100
SDD,2024-08-21,1.8,1.8,1.7,1.7,14500
SDD,2024-08-22,1.7,1.8,1.7,1.8,4300
SDD,2024-08-23,1.8,1.8,1.7,1.7,12800
SDD,2024-08-26,1.7,1.7,1.6,1.6,38800
SDD,2024-08-27,1.7,1.7,1.6,1.7,15800
SDD,2024-08-28,1.7,1.7,1.6,1.7,21300
SDD,2024-08-29,1.6,1.7,1.6,1.7,13000
SDD,2024-08-30,1.7,1.7,1.6,1.6,36700
SDD,2024-09-04,1.6,1.6,1.6,1.6,48500
SDD,2024-09-05,1.6,1.7,1.6,1.7,3800
SDD,2024-09-06,1.6,1.6,1.6,1.6,10900
SDD,2024-09-09,1.6,1.6,1.6,1.6,27900
SDD,2024-09-10,1.6,1.6,1.6,1.6,78600
SDD,2024-09-11,1.5,1.6,1.5,1.6,4700
SDD,2024-09-12,1.6,1.6,1.6,1.6,64800
SDD,2024-09-13,1.7,1.7,1.6,1.6,1800
SDD,2024-09-16,1.7,1.7,1.5,1.6,36000
SDD,2024-09-17,1.7,1.7,1.6,1.7,65800
SDD,2024-09-18,1.7,1.8,1.6,1.7,56700
SDD,2024-09-19,1.7,1.8,1.7,1.7,8300
SDD,2024-09-20,1.7,1.7,1.7,1.7,27200
SDD,2024-09-23,1.6,1.7,1.6,1.7,5300
SDD,2024-09-24,1.7,1.7,1.7,1.7,84900
SDD,2024-09-25,1.7,1.7,1.7,1.7,11400
SDD,2024-09-26,1.7,1.7,1.7,1.7,25300
SDD,2024-09-27,1.7,1.7,1.6,1.7,13800
SDD,2024-09-30,1.7,1.7,1.6,1.6,101700
SDD,2024-10-01,1.7,1.7,1.6,1.6,5600
SDD,2024-10-02,1.7,1.7,1.6,1.7,4300
SDD,2024-10-03,1.6,1.6,1.6,1.6,50200
SDD,2024-10-04,1.6,1.6,1.5,1.6,19300
SDD,2024-10-07,1.6,1.6,1.6,1.6,41600
SDD,2024-10-08,1.7,1.7,1.6,1.6,12000
SDD,2024-10-09,1.6,1.6,1.6,1.6,12000
SDD,2024-10-10,1.6,1.7,1.6,1.7,39300
SDD,2024-10-11,1.6,1.6,1.5,1.6,12700
SDD,2024-10-14,1.6,1.6,1.6,1.6,39100
SDD,2024-10-15,1.6,1.6,1.5,1.5,94600
SDD,2024-10-16,1.5,1.6,1.5,1.6,291400
SDD,2024-10-17,1.6,1.6,1.5,1.6,2100
SDD,2024-10-18,1.5,1.6,1.5,1.5,3400
SDD,2024-10-21,1.6,1.6,1.5,1.5,24200
SDD,2024-10-22,1.6,1.6,1.5,1.5,8000
SDD,2024-10-23,1.5,1.6,1.5,1.6,24700
SDD,2024-10-24,1.5,1.6,1.5,1.5,5000
SDD,2024-10-25,1.5,1.5,1.5,1.5,24300
SDD,2024-10-28,1.6,1.6,1.5,1.5,20100
SDD,2024-10-29,1.6,1.6,1.5,1.5,12400
SDD,2024-10-30,1.5,1.6,1.5,1.5,49800
SDD,2024-10-31,1.5,1.5,1.5,1.5,28700
SDD,2024-11-01,1.5,1.6,1.5,1.5,12300
SDD,2024-11-04,1.5,1.5,1.5,1.5,11000
SDD,2024-11-05,1.5,1.6,1.5,1.6,4300
SDD,2024-11-06,1.5,1.6,1.5,1.5,16600
SDD,2024-11-07,1.6,1.6,1.6,1.6,100
SDD,2024-11-11,1.5,1.6,1.5,1.5,13200
SDD,2024-11-12,1.5,1.5,1.5,1.5,6000
SDD,2024-11-13,1.5,1.5,1.5,1.5,11200
SDD,2024-11-14,1.5,1.5,1.5,1.5,1900
SDD,2024-11-15,1.5,1.5,1.5,1.5,4900
SDD,2024-11-18,1.5,1.5,1.4,1.5,6100
SDD,2024-11-19,1.5,1.5,1.5,1.5,88300
SDD,2024-11-20,1.5,1.5,1.4,1.5,20100
SDD,2024-11-21,1.4,1.5,1.4,1.5,15000
SDD,2024-11-22,1.5,1.5,1.4,1.5,16600
SDD,2024-11-25,1.5,1.6,1.5,1.6,42000
SDD,2024-11-26,1.6,1.6,1.5,1.5,21200
SDD,2024-11-27,1.6,1.6,1.6,1.6,800
SDD,2024-11-28,1.5,1.6,1.5,1.6,23300
SDD,2024-11-29,1.6,1.6,1.5,1.5,46100
SDD,2024-12-02,1.5,1.5,1.5,1.5,6900
SDD,2024-12-03,1.4,1.5,1.4,1.5,178500
SDD,2024-12-04,1.5,1.6,1.5,1.5,109600
SDD,2024-12-05,1.6,1.6,1.5,1.6,58200
SDD,2024-12-06,1.5,1.6,1.5,1.6,600
SDD,2024-12-09,1.5,1.5,1.5,1.5,27500
SDD,2024-12-10,1.4,1.5,1.4,1.5,10200
SDD,2024-12-11,1.5,1.5,1.4,1.4,13100
SDD,2024-12-12,1.5,1.5,1.5,1.5,1000
SDD,2024-12-13,1.5,1.5,1.4,1.4,2400
SDD,2024-12-16,1.5,1.5,1.4,1.4,23700
SDD,2024-12-17,1.5,1.5,1.5,1.5,3900
SDD,2024-12-18,1.4,1.5,1.4,1.4,29500
SDD,2024-12-19,1.5,1.5,1.4,1.4,124200
SDD,2024-12-20,1.5,1.5,1.4,1.4,23400
SDD,2024-12-23,1.4,1.5,1.4,1.5,10500
SDD,2024-12-24,1.5,1.5,1.4,1.4,4300
SDD,2024-12-25,1.5,1.5,1.3,1.4,80100
SDD,2024-12-26,1.5,1.5,1.4,1.4,151400
SDD,2024-12-27,1.5,1.5,1.5,1.5,202500
SDD,2024-12-30,1.5,1.5,1.5,1.5,154000
SDD,2024-12-31,1.5,1.5,1.5,1.5,7900
SDD,2025-01-02,1.5,1.6,1.5,1.6,60400
SDD,2025-01-03,1.5,1.5,1.5,1.5,40000
SDD,2025-01-06,1.5,1.5,1.4,1.5,43900
SDD,2025-01-07,1.5,1.5,1.4,1.5,106600
SDD,2025-01-08,1.4,1.5,1.4,1.5,7800
SDD,2025-01-09,1.5,1.6,1.5,1.5,119100
SDD,2025-01-10,1.6,1.6,1.4,1.4,24100
SDD,2025-01-13,1.5,1.5,1.4,1.4,4900
SDD,2025-01-14,1.5,1.5,1.4,1.4,5200
SDD,2025-01-15,1.4,1.5,1.4,1.4,7400
SDD,2025-01-16,1.5,1.5,1.4,1.4,75300
SDD,2025-01-17,1.4,1.5,1.4,1.5,14300
SDD,2025-01-20,1.4,1.5,1.4,1.5,39200
SDD,2025-01-21,1.5,1.5,1.4,1.4,458400
SDD,2025-01-22,1.5,1.5,1.4,1.4,1200
SDD,2025-01-23,1.5,1.5,1.4,1.4,17300
SDD,2025-01-24,1.5,1.6,1.5,1.5,308200
SDD,2025-02-03,1.5,1.5,1.4,1.5,95400
SDD,2025-02-04,1.5,1.6,1.5,1.5,1100
SDD,2025-02-05,1.5,1.5,1.5,1.5,15600
SDD,2025-02-06,1.5,1.6,1.5,1.6,12800
SDD,2025-02-07,1.6,1.6,1.6,1.6,67700
SDD,2025-02-10,1.5,1.6,1.5,1.6,5000
SDD,2025-02-11,1.5,1.7,1.5,1.6,247200
SDD,2025-02-12,1.6,1.7,1.6,1.6,70600
SDD,2025-02-13,1.6,1.6,1.6,1.6,1500
SDD,2025-02-14,1.6,1.7,1.5,1.5,97900
SDD,2025-02-17,1.6,1.6,1.5,1.6,27900
SDD,2025-02-18,1.6,1.7,1.6,1.7,78700
SDD,2025-02-19,1.7,1.8,1.7,1.8,240600
SDD,2025-02-20,1.8,1.9,1.8,1.9,306500
SDD,2025-02-21,2.0,2.0,1.7,1.7,285400
SDD,2025-02-24,1.8,1.9,1.7,1.8,163400
SDD,2025-02-25,1.8,1.8,1.6,1.7,177600
SDD,2025-02-26,1.8,1.8,1.6,1.7,93400
SDD,2025-02-27,1.7,1.7,1.6,1.7,47500
SDD,2025-02-28,1.6,1.8,1.6,1.7,143400
SDD,2025-03-03,1.7,1.7,1.6,1.7,20500
SDD,2025-03-04,1.7,1.7,1.6,1.6,134800
SDD,2025-03-05,1.6,1.7,1.5,1.6,68200
SDD,2025-03-06,1.6,1.7,1.5,1.7,15900
SDD,2025-03-07,1.6,1.7,1.6,1.6,34800
SDD,2025-03-10,1.7,1.7,1.6,1.7,32100
SDD,2025-03-11,1.6,1.7,1.5,1.6,81800
SDD,2025-03-12,1.6,1.7,1.5,1.5,40300
SDD,2025-03-13,1.5,1.6,1.5,1.5,29100
SDD,2025-03-14,1.5,1.6,1.5,1.5,95400
SDD,2025-03-17,1.5,1.6,1.5,1.6,45100
SDD,2025-03-18,1.6,1.7,1.6,1.7,208300
SDD,2025-03-19,1.7,1.7,1.5,1.6,88000
SDD,2025-03-20,1.6,1.6,1.5,1.6,316200
SDD,2025-03-21,1.6,1.6,1.5,1.6,12300
SDD,2025-03-24,1.6,1.6,1.5,1.5,55900
SDD,2025-03-25,1.6,1.7,1.5,1.6,292900
SDD,2025-03-26,1.6,1.7,1.5,1.6,30600
SDD,2025-03-27,1.6,1.6,1.5,1.5,142400
SDD,2025-03-28,1.6,1.6,1.5,1.5,10200
SDD,2025-03-31,1.5,1.6,1.3,1.5,185700
SDD,2025-04-01,1.5,1.6,1.4,1.6,369300
SDD,2025-04-02,1.6,1.7,1.5,1.5,117500
SDD,2025-04-03,1.5,1.5,1.4,1.4,448100
SDD,2025-04-04,1.2,1.3,1.2,1.2,429600
SDD,2025-04-11,1.1,1.2,1.1,1.1,701700
SDD,2025-04-18,1.0,1.2,1.0,1.1,706700
SDD,2025-04-25,1.1,1.2,1.0,1.1,50700
SDD,2025-05-09,1.1,1.2,1.0,1.1,146900
SDD,2025-05-16,1.2,1.2,1.1,1.1,77200
SDD,2025-05-23,1.1,1.2,1.0,1.1,55300
SDD,2025-05-30,1.0,1.2,1.0,1.2,422300
SDD,2025-06-06,1.1,1.2,1.1,1.1,116200
SDD,2025-06-13,1.1,1.2,1.1,1.2,310300
SDD,2025-06-20,1.2,1.2,1.1,1.2,122500
SDD,2025-06-27,1.1,1.2,1.1,1.2,35800
SDD,2025-07-04,1.2,1.2,1.2,1.2,119700
SDD,2025-07-11,1.3,1.3,1.2,1.3,135300
SDD,2025-07-18,1.3,1.4,1.3,1.4,78900
SDD,2025-07-25,1.4,1.4,1.2,1.2,50200
SDD,2025-08-01,1.3,1.4,1.2,1.3,57600
SDD,2025-08-08,1.3,1.3,1.2,1.3,40600
SDD,2025-08-15,1.3,1.3,1.2,1.2,129900
SDD,2025-08-22,1.2,1.2,1.1,1.1,151100
SDD,2025-08-29,1.0,1.1,1.0,1.1,93300
SDD,2025-09-05,1.1,1.2,1.1,1.2,27400
SDD,2025-09-12,1.2,1.3,1.2,1.2,80900
SDD,2025-09-19,1.2,1.2,1.1,1.2,21700
SDD,2025-09-26,1.2,1.2,1.1,1.1,30900
SDD,2025-10-03,1.1,1.2,1.1,1.2,120600
SDD,2025-10-10,1.1,1.2,1.1,1.2,171800
SDD,2025-10-17,1.2,1.3,1.2,1.2,58200
SDD,2025-10-24,1.3,1.3,1.2,1.2,189700
SDD,2025-10-31,1.2,1.3,1.2,1.3,172000
SDD,2025-11-07,1.2,1.3,1.2,1.2,39900
SDD,2025-11-14,1.2,1.3,1.2,1.3,157600
SDD,2025-11-21,1.4,1.4,1.3,1.3,47700
SDD,2025-11-28,1.4,1.4,1.3,1.3,52400
SDD,2025-12-05,1.4,1.4,1.3,1.3,29600
SDD,2025-12-12,1.3,1.4,1.3,1.3,89600
SDD,2025-12-19,1.3,1.3,1.3,1.3,1000
SDD,2025-12-26,1.3,1.3,1.3,1.3,7700
SDC,2006-12-25,13.18,13.18,11.74,11.86,2800
SDC,2006-12-26,11.86,11.86,11.86,11.86,0
SDC,2006-12-27,11.5,12.1,11.26,11.26,4000
SDC,2006-12-28,11.26,11.26,11.26,11.26,0
SDC,2006-12-29,11.26,11.26,11.26,11.26,0
SDC,2007-01-02,11.26,11.26,11.26,11.26,0
SDC,2007-01-03,11.26,11.26,11.26,11.26,0
SDC,2007-01-04,11.5,11.5,11.5,11.5,1400
SDC,2007-01-05,11.5,11.5,11.5,11.5,0
SDC,2007-01-08,11.5,11.5,11.5,11.5,0
SDC,2007-01-09,11.5,11.5,11.26,11.26,3500
SDC,2007-01-10,11.5,11.5,11.5,11.5,3000
SDC,2007-01-11,11.26,11.48,11.26,11.48,2200
SDC,2007-01-12,11.52,11.52,11.52,11.52,2700
SDC,2007-01-15,11.48,11.48,11.38,11.48,2300
SDC,2007-01-16,11.45,11.62,11.45,11.55,4300
SDC,2007-01-17,11.74,11.74,11.74,11.74,100
SDC,2007-01-18,11.86,11.98,11.86,11.98,2000
SDC,2007-01-19,12.22,12.22,12.22,12.22,500
SDC,2007-01-22,12.46,12.46,12.34,12.22,3900
SDC,2007-01-23,12.46,12.7,12.46,12.48,6200
SDC,2007-01-24,12.7,12.82,12.58,12.7,3400
SDC,2007-01-25,12.94,13.06,12.82,13.06,1300
SDC,2007-01-26,13.06,13.06,13.06,13.06,0
SDC,2007-01-29,13.18,13.18,13.18,13.18,100
SDC,2007-01-30,14.49,14.49,14.49,14.49,400
SDC,2007-01-31,15.93,15.93,15.93,15.93,14100
SDC,2007-02-01,17.51,17.51,17.51,17.51,200
SDC,2007-02-02,19.26,19.26,19.26,19.26,1200
SDC,2007-02-05,21.18,21.18,21.18,21.18,500
SDC,2007-02-06,23.29,23.29,23.29,23.29,6200
SDC,2007-02-07,25.15,25.61,25.15,25.61,11800
SDC,2007-02-08,28.03,28.03,28.03,28.03,2200
SDC,2007-02-09,28.03,28.03,28.03,28.03,3000
SDC,2007-02-12,28.03,28.03,25.23,25.23,2000
SDC,2007-02-13,25.87,25.87,24.44,24.44,5000
SDC,2007-02-14,25.01,25.61,25.01,25.61,300
SDC,2007-02-15,27.31,27.31,27.31,27.31,200
SDC,2007-02-26,28.27,30.04,28.27,29.47,5300
SDC,2007-02-27,32.08,32.08,30.66,31.14,1300
SDC,2007-02-28,34.28,34.28,31.14,31.14,600
SDC,2007-03-01,30.43,30.43,30.43,30.43,500
SDC,2007-03-02,30.43,33.06,30.43,30.43,2000
SDC,2007-03-05,33.54,33.54,31.86,31.86,800
SDC,2007-03-06,31.14,31.86,31.14,31.86,1200
SDC,2007-03-07,31.02,31.02,31.02,31.02,500
SDC,2007-03-08,28.72,28.75,28.72,28.75,1600
SDC,2007-03-09,28.27,28.27,28.03,28.03,700
SDC,2007-03-12,28.03,28.03,25.32,25.32,1100
SDC,2007-03-13,25.15,25.15,23.5,23.5,2200
SDC,2007-03-14,23.48,24.27,23.48,23.5,4200
SDC,2007-03-15,26.38,26.38,22.52,24.2,3100
SDC,2007-03-16,25.66,25.66,25.66,25.66,1000
SDC,2007-03-19,27.07,27.07,27.07,27.07,1900
SDC,2007-03-20,24.44,24.44,24.44,24.44,400
SDC,2007-03-21,26.83,26.88,25.15,25.15,2400
SDC,2007-03-22,24.92,24.92,23.81,23.81,2200
SDC,2007-03-23,23.96,25.63,22.35,22.35,5600
SDC,2007-03-26,26.09,26.09,23.96,22.35,5000
SDC,2007-03-27,22.78,22.78,22.78,22.35,2300
SDC,2007-03-28,21.56,21.56,21.56,21.56,500
SDC,2007-03-29,23.72,23.72,23.72,23.72,200
SDC,2007-03-30,26.09,26.09,23.96,23.72,2200
SDC,2007-04-02,23.72,23.72,23.72,23.72,0
SDC,2007-04-03,23.72,23.72,23.72,23.72,0
SDC,2007-04-04,22.71,22.71,22.71,22.71,400
SDC,2007-04-05,22.71,22.71,22.71,22.71,0
SDC,2007-04-06,21.56,21.56,21.56,21.56,1000
SDC,2007-04-09,21.56,21.56,21.56,21.56,300
SDC,2007-04-10,21.56,21.56,21.56,21.56,0
SDC,2007-04-11,21.56,21.56,21.56,21.56,0
SDC,2007-04-12,21.56,23.72,21.56,23.72,2600
SDC,2007-04-13,23.96,23.96,22.52,22.52,900
SDC,2007-04-16,22.76,22.76,21.56,21.56,600
SDC,2007-04-17,21.32,21.32,21.08,21.08,700
SDC,2007-04-18,19.05,19.05,19.05,19.05,1100
SDC,2007-04-19,19.41,19.64,19.17,19.41,2900
SDC,2007-04-20,19.41,19.41,19.41,19.41,0
SDC,2007-04-23,19.88,20.96,19.88,20.96,1000
SDC,2007-04-24,19.17,19.17,18.69,18.69,1500
SDC,2007-04-25,19.17,19.17,19.17,19.17,100
SDC,2007-05-02,19.17,19.17,19.17,19.17,0
SDC,2007-05-03,19.64,19.64,19.64,19.64,600
SDC,2007-05-04,19.64,19.64,19.64,19.64,0
SDC,2007-05-07,19.64,19.64,19.64,19.64,0
SDC,2007-05-08,19.17,19.17,18.45,18.45,4000
SDC,2007-05-09,19.17,19.64,19.17,19.64,400
SDC,2007-05-10,18.69,18.69,18.69,18.69,200
SDC,2007-05-11,18.45,18.45,18.45,18.45,100
SDC,2007-05-14,18.45,18.45,18.45,18.45,0
SDC,2007-05-15,18.45,18.45,18.45,18.45,0
SDC,2007-05-16,18.45,18.45,18.45,18.45,0
SDC,2007-05-17,18.93,18.93,18.93,18.93,100
SDC,2007-05-18,18.57,18.57,18.45,18.45,1100
SDC,2007-05-21,18.47,20.29,18.45,20.29,3000
SDC,2007-05-22,20.36,21.75,19.79,21.75,11800
SDC,2007-05-23,23.21,23.21,20.36,20.36,3900
SDC,2007-05-24,19.64,19.64,19.48,19.48,1300
SDC,2007-05-25,17.73,17.73,17.61,17.73,2200
SDC,2007-05-28,18.93,19.17,17.97,19.17,2400
SDC,2007-05-29,20.12,20.36,19.88,20.12,3400
SDC,2007-05-30,19.88,20.12,19.88,20.1,3200
SDC,2007-05-31,19.88,19.88,19.64,19.86,2300
SDC,2007-06-01,19.17,20.12,19.17,20.12,800
SDC,2007-06-04,19.17,19.41,19.17,19.41,600
SDC,2007-06-05,19.41,19.41,17.97,17.97,3300
SDC,2007-06-06,18.93,19.17,17.97,17.97,1500
SDC,2007-06-07,18.66,18.69,18.66,18.69,2700
SDC,2007-06-08,18.69,19.64,17.97,18.45,2300
SDC,2007-06-11,18.45,18.45,18.45,18.45,0
SDC,2007-06-12,18.69,18.69,18.66,18.69,1300
SDC,2007-06-13,18.69,18.9,18.42,18.42,2500
SDC,2007-06-14,18.45,18.45,18.21,18.21,1300
SDC,2007-06-15,18.21,18.21,18.21,18.21,1400
SDC,2007-06-18,18.23,18.23,18.09,18.09,4200
SDC,2007-06-19,18.14,18.21,17.97,18.02,1200
SDC,2007-06-20,18.02,18.02,18.02,18.02,0
SDC,2007-06-21,18.09,18.09,18.09,18.09,300
SDC,2007-06-22,18.16,18.16,18.06,18.09,1400
SDC,2007-06-25,17.97,17.97,16.79,17.49,1900
SDC,2007-06-26,16.77,17.25,16.53,16.91,1900
SDC,2007-06-27,11.5,11.74,11.5,16.77,2200
SDC,2007-06-28,16.29,16.29,16.29,16.29,1900
SDC,2007-06-29,11.26,11.26,11.26,16.1,600
SDC,2007-07-02,11.26,16.05,16.05,16.05,0
SDC,2007-07-03,11.74,11.74,11.74,16.75,100
SDC,2007-07-04,11.26,11.74,11.26,16.77,2100
SDC,2007-07-05,11.74,11.74,11.74,16.77,100
SDC,2007-07-06,10.54,10.54,10.54,15.33,200
SDC,2007-07-09,10.54,15.33,15.33,15.33,0
SDC,2007-07-10,10.78,11.02,10.78,15.57,900
SDC,2007-07-11,11.26,11.26,11.26,16.05,400
SDC,2007-07-12,11.26,11.26,10.06,14.85,1700
SDC,2007-07-13,10.3,10.3,10.06,14.95,800
SDC,2007-07-16,10.3,10.3,9.82,14.73,1700
SDC,2007-07-17,9.82,9.82,9.82,14.13,1600
SDC,2007-07-18,9.82,9.82,9.58,14.25,2500
SDC,2007-07-19,9.82,14.11,14.11,14.11,0
SDC,2007-07-20,9.34,9.58,9.34,13.89,5200
SDC,2007-07-23,9.34,10.06,9.34,13.73,2300
SDC,2007-07-24,9.82,9.82,9.82,14.16,400
SDC,2007-07-25,10.06,10.06,10.06,14.37,800
SDC,2007-07-26,10.06,10.3,9.82,14.83,2600
SDC,2007-07-27,10.06,10.06,9.58,14.49,3300
SDC,2007-07-30,10.06,10.06,9.82,14.25,2100
SDC,2007-07-31,9.82,10.06,9.82,14.37,1400
SDC,2007-08-01,10.06,10.06,10.06,14.57,1100
SDC,2007-08-02,10.3,10.3,10.06,14.69,1700
SDC,2007-08-03,10.3,10.3,10.06,14.37,3900
SDC,2007-08-06,9.58,9.58,9.58,13.89,1200
SDC,2007-08-07,9.58,9.58,9.58,13.7,3100
SDC,2007-08-08,9.82,9.82,9.82,14.16,300
SDC,2007-08-09,9.82,10.06,9.82,14.18,1200
SDC,2007-08-10,9.82,9.82,9.82,14.21,1200
SDC,2007-08-13,9.82,9.82,9.82,14.13,600
SDC,2007-08-14,10.06,10.3,10.06,14.85,3100
SDC,2007-08-15,10.06,10.06,10.06,14.37,600
SDC,2007-08-16,9.82,10.3,9.82,14.61,700
SDC,2007-08-17,10.06,14.4,14.4,14.4,0
SDC,2007-08-20,9.58,9.58,9.58,13.89,1400
SDC,2007-08-21,9.58,9.58,9.58,13.68,1900
SDC,2007-08-22,9.82,9.82,9.58,13.66,1900
SDC,2007-08-23,9.58,9.58,9.34,13.44,3600
SDC,2007-08-24,9.82,9.82,9.58,13.68,500
SDC,2007-08-27,9.58,9.82,9.58,13.89,4700
SDC,2007-08-28,9.82,9.82,9.82,14.13,400
SDC,2007-08-29,9.58,9.82,9.58,14.13,2500
SDC,2007-08-30,9.82,10.06,9.82,9.94,700
SDC,2007-08-31,10.06,10.06,10.06,10.06,400
SDC,2007-09-04,10.06,10.09,10.09,10.09,0
SDC,2007-09-05,10.54,10.54,10.54,10.42,700
SDC,2007-09-06,10.78,11.5,10.78,11.04,3200
SDC,2007-09-07,11.5,12.22,11.26,12.12,5300
SDC,2007-09-10,13.18,13.22,13.15,13.22,14400
SDC,2007-09-11,14.37,14.61,14.13,14.52,24400
SDC,2007-09-12,15.81,15.84,15.33,15.84,19500
SDC,2007-09-13,16.89,17.25,15.69,16.53,28200
SDC,2007-09-14,16.29,16.29,15.12,15.33,4400
SDC,2007-09-17,15.55,15.57,14.13,15.09,6200
SDC,2007-09-18,14.37,14.61,14.37,14.49,4400
SDC,2007-09-19,13.94,14.45,13.89,14.37,7400
SDC,2007-09-20,14.42,15.09,14.37,14.61,5000
SDC,2007-09-21,14.61,14.85,14.61,14.73,6900
SDC,2007-09-24,15.21,15.33,14.85,15.09,2100
SDC,2007-09-25,15.57,15.57,15.24,15.57,12700
SDC,2007-09-26,15.33,15.81,15.24,15.45,3600
SDC,2007-09-27,15.6,15.88,15.57,15.57,13100
SDC,2007-09-28,15.81,16.41,15.81,16.41,9900
SDC,2007-10-01,16.77,17.7,16.77,17.7,10000
SDC,2007-10-02,19.09,19.09,17.49,18.09,14200
SDC,2007-10-03,19.17,19.29,17.97,19.29,11000
SDC,2007-10-04,19.21,20.6,19.21,20.48,22000
SDC,2007-10-05,20.12,21.9,20.12,21.82,21800
SDC,2007-10-08,22.28,23.0,19.88,19.88,12300
SDC,2007-10-09,22.5,22.5,19.91,20.27,7100
SDC,2007-10-10,20.12,21.08,19.14,21.08,14800
SDC,2007-10-11,21.32,21.56,21.08,21.32,12900
SDC,2007-10-12,21.56,22.16,21.32,21.78,18100
SDC,2007-10-15,22.3,23.93,21.8,23.93,19100
SDC,2007-10-16,25.47,25.66,24.46,25.66,29800
SDC,2007-10-17,28.1,28.1,25.87,26.11,37900
SDC,2007-10-18,26.35,30.43,24.99,26.35,26500
SDC,2007-10-19,26.64,28.77,26.11,28.77,16800
SDC,2007-10-22,30.66,30.83,27.79,30.83,29400
SDC,2007-10-23,33.54,33.73,32.34,33.54,31600
SDC,2007-10-24,36.39,36.51,35.94,36.51,37400
SDC,2007-10-25,40.13,40.13,40.13,40.13,7800
SDC,2007-10-26,44.13,44.13,40.49,42.88,32800
SDC,2007-10-29,42.64,46.0,42.64,42.88,34800
SDC,2007-10-30,43.6,43.6,38.91,38.91,15800
SDC,2007-10-31,35.38,35.38,35.38,35.38,11000
SDC,2007-11-01,31.86,38.91,31.86,38.91,46300
SDC,2007-11-02,39.53,39.53,37.13,38.33,31000
SDC,2007-11-05,34.74,39.05,34.74,39.05,12800
SDC,2007-11-06,36.89,38.09,34.74,38.09,6100
SDC,2007-11-07,37.85,38.81,37.09,37.13,21200
SDC,2007-11-08,36.89,37.52,36.89,36.89,9100
SDC,2007-11-09,34.26,34.26,33.42,34.26,20900
SDC,2007-11-12,32.34,32.34,30.4,30.4,6600
SDC,2007-11-13,27.45,27.79,27.45,27.79,20900
SDC,2007-11-14,30.26,30.26,30.19,30.26,1400
SDC,2007-11-15,33.18,33.25,30.26,31.62,7200
SDC,2007-11-16,31.14,31.14,30.19,31.02,3900
SDC,2007-11-19,29.95,31.38,29.95,31.38,4700
SDC,2007-11-20,32.34,32.34,30.66,30.66,1400
SDC,2007-11-21,28.75,30.9,28.75,29.47,4900
SDC,2007-11-22,30.19,32.1,30.19,30.66,4800
SDC,2007-11-23,31.14,31.38,30.9,31.14,5600
SDC,2007-11-26,31.86,33.06,31.86,33.06,8600
SDC,2007-11-27,33.06,33.54,32.34,32.34,10300
SDC,2007-11-28,33.06,33.06,31.38,32.58,2700
SDC,2007-11-29,33.54,34.02,33.06,33.9,5800
SDC,2007-11-30,34.74,34.74,33.54,34.26,10400
SDC,2007-12-03,34.38,34.98,34.26,34.98,4100
SDC,2007-12-04,35.94,36.41,35.94,35.94,8900
SDC,2007-12-05,34.74,34.74,34.74,34.74,200
SDC,2007-12-06,33.06,33.9,33.01,33.9,4100
SDC,2007-12-07,34.02,34.02,33.3,33.56,2500
SDC,2007-12-10,33.54,33.54,31.5,32.34,7000
SDC,2007-12-11,32.05,33.06,32.05,33.06,2400
SDC,2007-12-12,32.34,33.54,32.34,32.58,4200
SDC,2007-12-13,32.34,32.34,32.34,32.34,900
SDC,2007-12-14,32.37,32.37,32.1,32.34,1500
SDC,2007-12-17,32.13,32.13,31.89,31.89,1100
SDC,2007-12-18,31.38,32.1,31.38,32.1,1900
SDC,2007-12-19,33.54,34.74,33.54,33.54,3000
SDC,2007-12-20,33.54,33.54,33.54,33.54,0
SDC,2007-12-21,33.06,33.06,31.86,33.54,1100
SDC,2007-12-24,29.47,32.34,29.47,30.31,1600
SDC,2007-12-25,30.74,30.83,30.71,30.78,1000
SDC,2007-12-26,30.86,32.34,30.86,31.38,1800
SDC,2007-12-27,30.43,31.14,29.95,31.05,2800
SDC,2007-12-28,32.82,32.82,31.14,31.14,1500
SDC,2008-01-02,32.27,32.29,32.27,32.27,5100
SDC,2008-01-03,32.34,32.34,30.69,32.34,700
SDC,2008-01-04,31.14,31.14,31.14,31.14,200
SDC,2008-01-07,30.66,30.66,29.95,29.95,1200
SDC,2008-01-08,29.95,29.95,29.95,29.95,0
SDC,2008-01-09,28.75,28.75,28.75,28.75,400
SDC,2008-01-10,26.35,26.35,25.87,26.35,300
SDC,2008-01-11,27.53,28.51,26.35,26.64,1200
SDC,2008-01-14,25.15,25.27,24.87,24.87,4900
SDC,2008-01-15,22.76,22.76,22.54,22.54,6700
SDC,2008-01-16,24.8,24.87,24.68,24.87,2100
SDC,2008-01-17,27.26,27.26,25.39,26.35,4900
SDC,2008-01-18,26.11,28.75,26.11,27.79,5200
SDC,2008-01-21,27.55,27.55,27.31,27.43,900
SDC,2008-01-22,25.15,27.53,25.15,26.35,1800
SDC,2008-01-23,24.68,24.68,23.96,24.56,4300
SDC,2008-01-24,25.87,25.87,24.44,24.44,3100
SDC,2008-01-25,24.68,24.72,24.68,24.68,3500
SDC,2008-01-28,22.28,25.15,22.28,25.15,1500
SDC,2008-01-29,24.84,26.66,24.84,26.23,5600
SDC,2008-01-30,28.27,28.41,28.03,28.41,8300
SDC,2008-01-31,30.9,31.14,28.51,29.23,3900
SDC,2008-02-01,29.71,30.19,29.59,30.19,3800
SDC,2008-02-12,29.71,29.71,29.71,29.71,100
SDC,2008-02-13,28.75,28.77,26.74,26.74,2800
SDC,2008-02-14,26.35,27.55,26.11,26.11,1400
SDC,2008-02-15,26.35,26.35,23.96,24.68,3300
SDC,2008-02-18,24.24,24.24,22.04,23.72,4500
SDC,2008-02-19,24.2,24.2,23.72,23.72,1500
SDC,2008-02-20,23.62,23.62,21.66,21.66,1100
SDC,2008-02-21,20.08,20.36,19.84,19.84,7800
SDC,2008-02-22,18.21,20.36,17.97,20.36,5700
SDC,2008-02-25,19.93,20.1,19.88,20.1,2900
SDC,2008-02-26,21.08,21.08,19.19,20.03,7200
SDC,2008-02-27,20.32,20.36,19.41,19.64,3000
SDC,2008-02-28,19.88,19.88,19.45,19.45,1100
SDC,2008-02-29,18.93,18.93,18.93,18.93,1600
SDC,2008-03-03,17.49,17.49,17.03,17.03,2300
SDC,2008-03-04,15.45,15.45,15.38,15.38,400
SDC,2008-03-05,13.87,13.89,13.87,13.89,7000
SDC,2008-03-06,15.24,15.24,15.24,15.24,800
SDC,2008-03-07,16.75,16.75,16.75,16.75,100
SDC,2008-03-10,18.4,18.4,15.57,15.81,13000
SDC,2008-03-11,16.77,16.77,16.53,16.53,7700
SDC,2008-03-12,15.09,16.17,15.09,16.05,5300
SDC,2008-03-13,17.25,17.25,16.17,17.01,4200
SDC,2008-03-14,16.79,16.79,16.77,16.77,1400
SDC,2008-03-17,15.09,15.09,15.09,15.09,2000
SDC,2008-03-18,13.66,13.66,13.58,13.58,12900
SDC,2008-03-19,12.7,14.49,12.7,12.82,6700
SDC,2008-03-20,11.98,12.51,11.98,12.27,11800
SDC,2008-03-21,11.38,11.5,11.26,11.26,12100
SDC,2008-03-24,10.3,10.3,10.25,10.25,3100
SDC,2008-03-25,9.25,9.27,9.25,9.25,2400
SDC,2008-03-26,8.41,10.16,8.34,9.58,7400
SDC,2008-03-27,9.13,9.13,9.13,9.13,100
SDC,2008-03-28,9.3,9.3,9.3,9.3,100
SDC,2008-03-31,9.46,9.46,9.46,9.46,100
SDC,2008-04-01,9.63,9.63,9.63,9.63,100
SDC,2008-04-02,9.82,9.82,9.82,9.82,200
SDC,2008-04-03,10.01,10.01,10.01,10.01,100
SDC,2008-04-04,10.21,10.21,10.21,10.21,100
SDC,2008-04-07,10.49,10.49,10.49,10.49,100
SDC,2008-04-08,10.8,10.8,10.23,10.68,10000
SDC,2008-04-09,10.54,10.83,10.42,10.42,5200
SDC,2008-04-10,10.42,10.42,10.23,10.23,8800
SDC,2008-04-11,9.94,10.13,9.94,9.94,3400
SDC,2008-04-16,9.65,9.65,9.65,9.65,2800
SDC,2008-04-17,9.37,9.94,9.37,9.94,3900
SDC,2008-04-18,9.94,9.94,9.7,9.82,4500
SDC,2008-04-21,9.7,9.7,9.7,9.7,300
SDC,2008-04-22,9.56,9.56,9.56,9.56,100
SDC,2008-04-23,9.3,9.3,9.3,9.3,5600
SDC,2008-04-24,9.03,9.53,9.03,9.25,2100
SDC,2008-04-25,9.22,9.46,9.22,9.46,2200
SDC,2008-04-28,9.37,9.39,9.03,9.39,8600
SDC,2008-04-29,8.86,9.34,8.86,9.34,1800
SDC,2008-05-05,8.98,8.98,8.98,8.98,300
SDC,2008-05-06,8.72,8.89,8.72,8.86,6200
SDC,2008-05-07,8.55,8.55,8.55,8.55,2100
SDC,2008-05-08,8.31,8.34,8.31,8.31,5800
SDC,2008-05-09,8.07,8.07,8.07,8.07,8700
SDC,2008-05-12,7.83,7.83,7.83,7.83,4500
SDC,2008-05-13,7.62,7.62,7.62,7.62,2900
SDC,2008-05-14,7.4,7.62,7.4,7.4,4400
SDC,2008-05-15,7.19,7.21,7.19,7.21,900
SDC,2008-05-16,7.43,7.43,7.43,7.43,4000
SDC,2008-05-19,7.21,7.55,7.21,7.43,1500
SDC,2008-05-20,7.12,7.5,7.12,7.5,1700
SDC,2008-05-21,7.02,7.04,7.02,7.02,1700
SDC,2008-05-22,6.83,6.83,6.83,6.83,1900
SDC,2008-05-23,6.64,6.95,6.64,6.95,200
SDC,2008-05-26,6.61,6.61,6.61,6.61,4300
SDC,2008-05-27,6.42,6.42,6.42,6.42,600
SDC,2008-05-28,6.23,6.23,6.23,6.23,700
SDC,2008-05-29,6.23,6.4,6.23,6.4,1200
SDC,2008-05-30,6.4,6.4,6.2,6.2,2100
SDC,2008-06-02,6.11,6.25,6.09,6.09,4600
SDC,2008-06-03,5.94,5.94,5.94,5.94,1600
SDC,2008-06-04,5.77,5.77,5.77,5.77,1900
SDC,2008-06-05,5.61,5.61,5.61,5.61,1500
SDC,2008-06-06,5.44,5.44,5.44,5.44,1000
SDC,2008-06-09,5.29,5.29,5.29,5.29,1000
SDC,2008-06-10,5.44,5.44,5.44,5.44,100
SDC,2008-06-11,5.58,5.58,5.58,5.58,100
SDC,2008-06-12,5.73,5.73,5.73,5.73,500
SDC,2008-06-13,5.89,5.89,5.89,5.89,100
SDC,2008-06-16,6.06,6.06,6.06,6.06,100
SDC,2008-06-17,6.23,6.23,6.23,6.23,100
SDC,2008-06-18,6.4,6.4,6.4,6.4,1600
SDC,2008-06-19,6.16,6.16,6.16,6.16,2100
SDC,2008-06-20,5.92,5.92,5.92,5.92,100
SDC,2008-06-23,5.7,6.13,5.7,6.13,900
SDC,2008-06-24,5.77,5.99,5.56,5.99,3500
SDC,2008-06-25,5.94,5.94,5.94,5.94,800
SDC,2008-06-26,6.16,6.16,6.16,6.16,6200
SDC,2008-06-27,6.23,6.23,6.23,6.23,400
SDC,2008-06-30,6.35,6.47,6.32,6.47,1200
SDC,2008-07-01,6.66,6.66,6.66,6.66,1300
SDC,2008-07-02,6.92,6.92,6.92,6.92,300
SDC,2008-07-03,7.19,7.19,7.19,7.19,200
SDC,2008-07-04,7.47,7.47,7.47,7.47,400
SDC,2008-07-07,7.76,7.76,7.76,7.76,6900
SDC,2008-07-08,7.55,8.05,7.5,8.05,2700
SDC,2008-07-09,8.15,8.15,8.15,8.15,1200
SDC,2008-07-10,8.46,8.46,8.46,8.46,100
SDC,2008-07-11,8.79,8.79,8.79,8.79,400
SDC,2008-07-14,9.13,9.13,9.13,9.13,100
SDC,2008-07-15,9.49,9.49,9.49,9.49,100
SDC,2008-07-16,9.85,9.85,9.13,9.85,6600
SDC,2008-07-17,10.18,10.18,10.18,10.18,200
SDC,2008-07-18,10.59,10.59,9.77,9.77,4700
SDC,2008-07-21,9.77,9.77,9.77,9.77,0
SDC,2008-07-22,9.77,9.77,9.77,9.77,0
SDC,2008-07-23,9.77,9.77,9.77,9.77,0
SDC,2008-07-24,9.87,9.89,9.87,9.87,4700
SDC,2008-07-25,9.87,9.87,9.87,9.87,0
SDC,2008-07-28,9.49,9.49,9.49,9.49,1100
SDC,2008-07-29,9.13,9.85,9.13,9.25,8500
SDC,2008-07-30,9.58,9.58,8.86,8.86,4600
SDC,2008-07-31,8.6,8.6,8.6,8.6,1700
SDC,2008-08-01,8.6,8.6,8.6,8.6,0
SDC,2008-08-04,8.27,8.27,8.27,8.27,1000
SDC,2008-08-05,7.95,7.95,7.95,7.95,200
SDC,2008-08-06,7.67,8.27,7.64,8.24,1000
SDC,2008-08-07,8.07,8.07,7.91,7.91,3100
SDC,2008-08-08,7.91,7.91,7.91,7.91,0
SDC,2008-08-11,8.07,8.38,8.07,8.38,5200
SDC,2008-08-12,8.72,8.72,8.62,8.72,1400
SDC,2008-08-13,8.36,8.38,8.36,8.36,1100
SDC,2008-08-14,8.5,8.67,8.5,8.67,17000
SDC,2008-08-15,9.01,9.01,9.01,9.01,5000
SDC,2008-08-18,9.56,9.63,9.56,9.63,4300
SDC,2008-08-19,9.58,9.58,9.58,9.58,500
SDC,2008-08-20,8.91,9.01,8.91,8.91,3900
SDC,2008-08-21,9.53,9.53,8.86,9.34,12100
SDC,2008-08-22,9.1,9.32,8.74,8.74,5100
SDC,2008-08-25,9.58,9.58,9.46,9.58,28700
SDC,2008-08-26,10.25,10.25,10.25,10.25,2200
SDC,2008-08-27,10.95,10.95,10.3,10.3,16100
SDC,2008-08-28,10.13,10.35,10.13,10.13,6900
SDC,2008-08-29,9.56,10.11,9.56,10.11,8400
SDC,2008-09-03,10.3,10.33,10.3,10.33,6900
SDC,2008-09-04,11.04,11.04,10.06,10.78,6700
SDC,2008-09-05,10.9,11.26,10.3,10.78,7600
SDC,2008-09-08,9.97,9.97,9.97,9.97,6000
SDC,2008-09-09,9.58,9.58,9.34,9.34,1900
SDC,2008-09-10,8.74,8.74,8.74,8.74,6100
SDC,2008-09-11,8.38,8.38,8.15,8.15,13000
SDC,2008-09-12,7.62,7.62,7.59,7.62,11600
SDC,2008-09-15,8.12,8.12,7.59,7.69,6600
SDC,2008-09-16,8.5,8.5,7.5,7.59,13200
SDC,2008-09-17,7.67,7.67,7.59,7.59,4200
SDC,2008-09-18,7.07,7.07,7.07,7.07,800
SDC,2008-09-19,6.59,7.55,6.59,7.55,3300
SDC,2008-09-22,8.0,8.0,8.0,8.0,100
SDC,2008-09-23,8.34,8.43,8.0,8.03,3500
SDC,2008-09-24,7.91,7.91,7.64,7.67,2600
SDC,2008-09-25,7.23,8.19,7.19,8.19,8600
SDC,2008-09-26,8.12,8.12,7.64,7.67,1400
SDC,2008-09-29,7.67,7.91,7.67,7.91,900
SDC,2008-09-30,7.16,7.16,7.16,7.16,5000
SDC,2008-10-01,7.43,7.5,6.83,7.43,2400
SDC,2008-10-02,7.43,7.81,7.43,7.81,3300
SDC,2008-10-03,7.23,7.79,7.23,7.79,6000
SDC,2008-10-06,7.21,7.21,7.21,7.21,3800
SDC,2008-10-07,6.73,6.73,6.71,6.71,2900
SDC,2008-10-08,6.47,6.47,6.47,6.47,700
SDC,2008-10-09,6.06,6.9,6.04,6.49,3000
SDC,2008-10-10,5.92,6.47,5.92,6.47,700
SDC,2008-10-13,6.37,6.37,6.37,6.37,4300
SDC,2008-10-14,6.8,6.8,6.8,6.8,100
SDC,2008-10-15,7.07,7.26,7.07,7.26,2000
SDC,2008-10-16,7.52,7.55,6.68,7.55,2200
SDC,2008-10-17,6.64,6.95,6.64,6.83,2700
SDC,2008-10-20,6.83,6.83,6.83,6.83,0
SDC,2008-10-21,6.83,6.83,6.83,6.83,1100
SDC,2008-10-22,6.37,6.61,6.37,6.59,2900
SDC,2008-10-23,6.11,6.59,6.11,6.23,6000
SDC,2008-10-24,5.87,5.87,5.87,5.87,900
SDC,2008-10-27,5.51,5.63,5.51,5.63,4600
SDC,2008-10-28,5.39,5.39,5.39,5.39,400
SDC,2008-10-29,5.75,5.75,5.75,5.75,4400
SDC,2008-10-30,5.39,5.39,5.37,5.37,2100
SDC,2008-10-31,5.73,5.73,5.73,5.73,2100
SDC,2008-11-03,5.73,6.11,5.73,6.11,1300
SDC,2008-11-04,6.47,6.47,6.47,6.47,3200
SDC,2008-11-05,6.9,6.9,6.9,6.9,600
SDC,2008-11-06,7.31,7.38,7.19,7.38,6100
SDC,2008-11-07,6.85,7.83,6.85,7.38,2100
SDC,2008-11-10,7.4,7.4,6.71,6.71,6500
SDC,2008-11-11,6.47,6.47,6.47,6.47,1000
SDC,2008-11-12,6.59,6.59,6.59,6.59,100
SDC,2008-11-13,6.23,6.83,6.13,6.13,4000
SDC,2008-11-14,6.8,6.83,6.47,6.47,1400
SDC,2008-11-17,6.47,6.47,6.47,6.47,0
SDC,2008-11-18,6.47,6.47,6.47,6.47,0
SDC,2008-11-19,6.47,6.47,6.47,6.47,0
SDC,2008-11-20,6.47,6.47,6.47,6.47,0
SDC,2008-11-21,6.3,6.3,6.3,6.3,2000
SDC,2008-11-24,5.87,5.87,5.87,5.87,100
SDC,2008-11-25,5.63,5.63,5.63,5.63,100
SDC,2008-11-26,5.53,5.53,5.51,5.51,1600
SDC,2008-11-27,5.53,5.53,5.53,5.53,1300
SDC,2008-11-28,5.87,5.92,5.87,5.92,1400
SDC,2008-12-01,6.23,6.23,6.23,6.23,100
SDC,2008-12-02,6.09,6.09,6.09,6.09,100
SDC,2008-12-03,6.09,6.09,6.09,6.09,0
SDC,2008-12-04,5.92,5.92,5.89,5.89,700
SDC,2008-12-05,5.89,5.89,5.89,5.89,0
SDC,2008-12-08,5.49,5.49,5.49,5.49,200
SDC,2008-12-09,5.51,5.51,5.51,5.51,1500
SDC,2008-12-10,5.51,5.51,5.51,5.51,0
SDC,2008-12-11,5.51,5.51,5.51,5.51,0
SDC,2008-12-12,5.51,5.51,5.51,5.51,0
SDC,2008-12-15,5.87,5.87,5.75,5.82,800
SDC,2008-12-16,5.82,5.82,5.82,5.82,0
SDC,2008-12-17,5.97,5.97,5.97,5.97,100
SDC,2008-12-18,5.56,5.56,5.56,5.56,200
SDC,2008-12-19,5.56,5.56,5.17,5.56,900
SDC,2008-12-22,5.46,5.46,5.39,5.41,1400
SDC,2008-12-23,5.41,5.41,5.41,5.41,0
SDC,2008-12-24,5.25,5.25,5.25,5.25,300
SDC,2008-12-25,4.89,5.03,4.89,5.03,2600
SDC,2008-12-26,5.22,5.22,5.17,5.22,2300
SDC,2008-12-29,5.56,5.56,5.22,5.22,900
SDC,2008-12-30,5.22,5.22,5.22,5.22,0
SDC,2008-12-31,5.05,5.05,5.03,5.03,1700
SDC,2009-01-02,5.37,5.37,5.37,5.37,100
SDC,2009-01-05,5.37,5.37,5.37,5.37,0
SDC,2009-01-06,5.15,5.41,5.01,5.41,4500
SDC,2009-01-07,5.15,5.46,5.15,5.25,1900
SDC,2009-01-08,5.25,5.25,5.25,5.25,0
SDC,2009-01-09,5.15,5.15,5.15,5.15,100
SDC,2009-01-12,5.15,5.15,5.15,5.15,0
SDC,2009-01-13,5.15,5.15,5.15,5.15,0
SDC,2009-01-14,5.15,5.15,5.15,5.15,0
SDC,2009-01-15,5.2,5.2,5.2,5.2,100
SDC,2009-01-16,4.94,5.17,4.94,5.17,400
SDC,2009-01-19,5.13,5.13,5.01,5.01,500
SDC,2009-01-20,5.01,5.03,4.79,4.82,2300
SDC,2009-01-21,5.03,5.03,5.03,5.03,100
SDC,2009-01-22,5.03,5.03,5.03,5.03,0
SDC,2009-01-23,5.03,5.03,5.03,5.03,0
SDC,2009-02-02,5.03,5.03,5.03,5.03,0
SDC,2009-02-03,4.79,4.79,4.79,4.79,100
SDC,2009-02-04,4.79,4.79,4.79,4.79,0
SDC,2009-02-05,4.55,4.55,4.48,4.48,800
SDC,2009-02-06,4.17,4.79,4.17,4.79,500
SDC,2009-02-09,4.62,4.62,4.62,4.62,600
SDC,2009-02-10,4.31,4.31,4.31,4.31,400
SDC,2009-02-11,4.14,4.14,4.12,4.12,2300
SDC,2009-02-12,4.31,4.31,4.31,4.31,700
SDC,2009-02-13,4.14,4.14,4.12,4.12,1000
SDC,2009-02-16,4.12,4.12,4.12,4.12,0
SDC,2009-02-17,4.12,4.12,4.12,4.12,0
SDC,2009-02-18,4.12,4.12,4.12,4.12,0
SDC,2009-02-19,4.12,4.14,4.12,4.14,1300
SDC,2009-02-20,4.14,4.14,4.12,4.12,4500
SDC,2009-02-23,4.07,4.07,4.07,4.07,500
SDC,2009-02-24,4.07,4.07,4.07,4.07,0
SDC,2009-02-25,4.34,4.34,4.34,4.34,2000
SDC,2009-02-26,4.34,4.34,4.34,4.34,0
SDC,2009-02-27,4.31,4.31,4.31,4.31,1300
SDC,2009-03-02,4.31,4.31,4.31,4.31,0
SDC,2009-03-03,4.31,4.31,4.31,4.31,0
SDC,2009-03-04,4.31,4.31,4.31,4.31,0
SDC,2009-03-05,4.31,4.31,4.31,4.31,200
SDC,2009-03-06,4.31,4.31,4.31,4.31,0
SDC,2009-03-09,4.31,4.31,4.31,4.31,700
SDC,2009-03-10,4.31,4.31,4.31,4.31,0
SDC,2009-03-11,4.6,4.6,4.6,4.6,1000
SDC,2009-03-12,4.62,4.62,4.6,4.6,700
SDC,2009-03-13,4.67,4.67,4.67,4.67,500
SDC,2009-03-16,4.67,4.67,4.67,4.67,0
SDC,2009-03-17,4.94,4.96,4.94,4.96,600
SDC,2009-03-18,5.29,5.29,5.29,5.29,1000
SDC,2009-03-19,5.63,5.63,5.63,5.63,100
SDC,2009-03-20,5.99,5.99,5.99,5.99,100
SDC,2009-03-23,5.58,5.58,5.58,5.58,500
SDC,2009-03-24,5.58,5.58,5.58,5.58,0
SDC,2009-03-25,5.2,5.2,5.2,5.2,100
SDC,2009-03-26,5.56,5.56,5.27,5.27,800
SDC,2009-03-27,5.75,5.75,5.27,5.27,1300
SDC,2009-03-30,5.27,5.27,5.27,5.27,0
SDC,2009-03-31,5.27,5.27,5.27,5.27,0
SDC,2009-04-01,5.7,5.7,5.7,5.7,200
SDC,2009-04-02,5.87,5.87,5.7,5.7,1000
SDC,2009-04-03,5.92,6.09,5.92,6.09,4100
SDC,2009-04-07,5.87,6.4,5.87,6.4,5200
SDC,2009-04-08,6.4,6.4,6.4,6.4,0
SDC,2009-04-09,6.3,6.42,6.3,6.32,6300
SDC,2009-04-10,6.59,6.71,6.59,6.66,5800
SDC,2009-04-13,7.02,7.14,7.02,7.14,3900
SDC,2009-04-14,7.0,7.0,7.0,7.0,100
SDC,2009-04-15,6.52,6.52,6.52,6.52,500
SDC,2009-04-16,6.23,6.4,6.23,6.4,1500
SDC,2009-04-17,6.71,6.71,6.28,6.4,3800
SDC,2009-04-20,6.04,6.04,6.04,6.04,1000
SDC,2009-04-21,6.11,6.11,6.11,6.11,400
SDC,2009-04-22,6.23,6.23,6.23,6.23,300
SDC,2009-04-23,5.99,5.99,5.99,5.99,500
SDC,2009-04-24,5.99,5.99,5.99,5.99,0
SDC,2009-04-27,5.61,5.61,5.58,5.58,300
SDC,2009-04-28,5.75,5.75,5.75,5.75,300
SDC,2009-04-29,5.58,5.75,5.58,5.75,1200
SDC,2009-05-04,6.11,6.11,6.11,6.11,200
SDC,2009-05-05,6.52,6.52,6.49,6.49,4900
SDC,2009-05-06,6.49,6.49,6.49,6.49,0
SDC,2009-05-07,6.09,6.35,6.09,6.35,800
SDC,2009-05-08,6.32,6.32,5.89,6.32,1200
SDC,2009-05-11,6.25,6.3,6.25,6.3,1600
SDC,2009-05-12,6.35,6.35,6.35,6.35,200
SDC,2009-05-13,6.35,6.35,6.35,6.35,0
SDC,2009-05-14,6.44,6.47,6.44,6.44,800
SDC,2009-05-15,6.28,6.28,6.04,6.2,9400
SDC,2009-05-18,6.47,6.56,6.47,6.52,4500
SDC,2009-05-19,6.59,6.97,6.59,6.97,9900
SDC,2009-05-20,7.19,7.45,7.19,7.43,8200
SDC,2009-05-21,7.79,7.83,7.79,7.83,5600
SDC,2009-05-22,8.34,8.36,7.91,7.91,9000
SDC,2009-05-25,8.03,8.38,7.52,8.17,8900
SDC,2009-05-26,7.71,7.71,7.57,7.67,7600
SDC,2009-05-27,8.03,8.17,8.03,8.17,17200
SDC,2009-05-28,8.65,8.65,8.65,8.65,12900
SDC,2009-05-29,9.1,9.15,9.06,9.1,18100
SDC,2009-06-01,9.53,9.65,9.22,9.34,9600
SDC,2009-06-02,9.58,9.58,8.74,9.13,19400
SDC,2009-06-03,7.19,8.1,7.19,8.1,700
SDC,2009-06-04,7.67,7.69,7.45,7.69,4600
SDC,2009-06-05,7.88,8.12,7.79,8.12,16900
SDC,2009-06-08,8.38,8.5,8.38,8.5,7600
SDC,2009-06-09,9.08,9.08,9.01,9.01,4100
SDC,2009-06-10,9.01,9.01,9.01,9.01,0
SDC,2009-06-11,8.43,8.62,8.43,8.43,7300
SDC,2009-06-12,8.43,8.43,7.91,8.43,6700
SDC,2009-06-15,8.43,8.43,8.43,8.43,0
SDC,2009-06-16,8.43,8.43,8.43,8.43,0
SDC,2009-06-17,7.67,7.69,7.64,7.64,2600
SDC,2009-06-18,7.64,7.64,7.19,7.64,6500
SDC,2009-06-19,6.9,6.95,6.88,6.95,2400
SDC,2009-06-22,6.44,6.47,6.44,6.47,700
SDC,2009-06-23,6.01,6.01,6.01,6.01,3800
SDC,2009-06-24,5.75,6.42,5.75,6.42,4700
SDC,2009-06-25,5.99,6.4,5.99,6.4,600
SDC,2009-06-26,5.99,6.01,5.99,6.01,1000
SDC,2009-06-29,5.87,5.87,5.87,5.87,500
SDC,2009-06-30,5.87,5.87,5.46,5.46,2500
SDC,2009-07-01,5.27,5.29,5.2,5.2,4400
SDC,2009-07-02,5.61,5.61,5.61,5.61,100
SDC,2009-07-03,5.61,5.61,5.61,5.61,0
SDC,2009-07-06,5.39,5.94,5.39,5.94,1200
SDC,2009-07-07,5.94,5.94,5.94,5.94,0
SDC,2009-07-08,5.82,5.82,5.82,5.82,1200
SDC,2009-07-09,6.11,6.11,6.11,6.11,100
SDC,2009-07-10,5.7,5.7,5.7,5.7,4300
SDC,2009-07-13,5.73,5.73,5.32,5.32,1000
SDC,2009-07-14,5.87,5.87,5.87,5.87,100
SDC,2009-07-15,5.46,5.99,5.46,5.99,1000
SDC,2009-07-16,5.99,5.99,5.99,5.99,0
SDC,2009-07-17,5.99,5.99,5.99,5.99,0
SDC,2009-07-20,5.39,5.44,5.39,5.39,1300
SDC,2009-07-21,5.39,5.39,5.39,5.39,0
SDC,2009-07-22,5.05,5.05,5.05,5.05,100
SDC,2009-07-23,5.39,5.39,5.34,5.39,4200
SDC,2009-07-24,5.75,5.75,5.75,5.75,2500
SDC,2009-07-27,6.13,6.13,6.11,6.11,2300
SDC,2009-07-28,6.23,6.23,5.99,6.11,3600
SDC,2009-07-29,6.23,6.49,6.11,6.49,7800
SDC,2009-07-30,6.8,6.8,6.61,6.8,8500
SDC,2009-07-31,6.95,6.95,6.71,6.71,600
SDC,2009-08-03,7.19,7.19,7.19,7.19,200
SDC,2009-08-04,6.68,6.71,6.68,6.68,2500
SDC,2009-08-05,6.25,6.47,6.23,6.47,4500
SDC,2009-08-06,6.47,6.59,6.3,6.3,2500
SDC,2009-08-07,6.42,6.85,6.42,6.85,1200
SDC,2009-08-10,6.92,6.92,6.61,6.61,3600
SDC,2009-08-11,6.61,7.19,6.61,7.16,9200
SDC,2009-08-12,7.14,7.14,6.73,6.73,600
SDC,2009-08-13,7.26,7.26,7.26,7.26,100
SDC,2009-08-14,6.76,6.76,6.76,7.26,2100
SDC,2009-08-17,6.59,6.59,6.47,6.47,1100
SDC,2009-08-18,6.47,6.47,6.35,6.35,1000
SDC,2009-08-19,6.44,6.61,6.42,6.44,2500
SDC,2009-08-20,6.54,6.68,6.49,6.68,2200
SDC,2009-08-21,6.95,7.0,6.95,6.97,5700
SDC,2009-08-24,6.66,6.73,6.66,6.73,1800
SDC,2009-08-25,6.59,6.71,6.59,6.66,5300
SDC,2009-08-26,6.66,6.9,6.66,6.9,3500
SDC,2009-08-27,6.97,6.97,6.83,6.9,6100
SDC,2009-08-28,6.95,7.07,6.95,7.07,12000
SDC,2009-08-31,7.31,7.55,7.31,7.55,7800
SDC,2009-09-01,8.07,8.07,7.67,7.81,8800
SDC,2009-09-03,7.45,7.5,7.45,7.5,300
SDC,2009-09-04,7.43,7.59,7.19,7.19,3100
SDC,2009-09-07,7.19,7.19,7.19,7.19,200
SDC,2009-09-08,7.69,7.69,7.55,7.55,200
SDC,2009-09-09,8.12,8.12,7.09,7.31,8700
SDC,2009-09-10,7.31,7.79,7.31,7.79,8100
SDC,2009-09-11,7.95,7.95,7.55,7.55,6100
SDC,2009-09-14,7.71,7.71,7.64,7.67,9200
SDC,2009-09-15,7.67,7.67,7.43,7.62,3700
SDC,2009-09-16,7.62,7.62,7.55,7.55,5000
SDC,2009-09-17,7.55,7.55,7.55,7.55,0
SDC,2009-09-18,7.47,7.67,7.47,7.67,2400
SDC,2009-09-21,7.67,8.03,7.67,8.03,5800
SDC,2009-09-22,7.91,8.48,7.91,8.07,10400
SDC,2009-09-23,8.62,8.62,8.15,8.15,2500
SDC,2009-09-24,8.19,8.19,8.15,8.15,700
SDC,2009-09-25,7.91,7.93,7.91,7.93,1500
SDC,2009-09-28,7.91,7.91,7.91,7.91,100
SDC,2009-09-29,7.79,7.81,7.67,7.76,3600
SDC,2009-09-30,7.76,8.29,7.76,8.29,13500
SDC,2009-10-01,8.34,8.34,8.34,8.34,4900
SDC,2009-10-02,7.91,7.91,7.76,7.76,1200
SDC,2009-10-05,7.43,7.43,7.31,7.31,3000
SDC,2009-10-06,7.67,7.81,7.67,7.81,6800
SDC,2009-10-07,8.19,8.22,8.19,8.22,10300
SDC,2009-10-08,8.38,8.79,8.38,8.79,12300
SDC,2009-10-09,9.22,9.32,8.79,9.32,22600
SDC,2009-10-12,9.94,9.94,9.94,9.94,14100
SDC,2009-10-13,10.59,10.59,9.25,9.94,11800
SDC,2009-10-14,9.94,10.35,9.92,10.35,14500
SDC,2009-10-15,10.95,10.95,10.78,10.78,14500
SDC,2009-10-16,10.3,10.3,10.18,10.18,2100
SDC,2009-10-19,10.23,10.23,9.53,9.87,12800
SDC,2009-10-20,10.3,10.3,10.06,10.3,4400
SDC,2009-10-21,11.0,11.0,10.78,11.0,16600
SDC,2009-10-22,11.5,11.5,11.26,11.5,4500
SDC,2009-10-23,10.78,10.78,10.68,10.68,800
SDC,2009-10-26,9.97,10.06,9.97,9.97,6000
SDC,2009-10-27,9.27,9.27,9.27,9.27,2100
SDC,2009-10-28,8.98,9.92,8.98,9.92,10900
SDC,2009-10-29,9.92,9.92,9.34,9.42,8900
SDC,2009-10-30,10.11,10.16,10.06,10.16,14000
SDC,2009-11-02,9.46,9.46,9.46,9.46,4400
SDC,2009-11-03,8.86,8.98,8.82,8.82,4300
SDC,2009-11-04,8.34,8.38,8.34,8.38,5000
SDC,2009-11-05,8.38,8.96,8.38,8.96,5800
SDC,2009-11-06,9.1,9.1,8.38,8.38,5700
SDC,2009-11-09,7.98,8.03,7.98,7.98,7300
SDC,2009-11-10,7.55,8.5,7.55,8.5,7000
SDC,2009-11-11,8.17,8.7,8.17,8.7,1200
SDC,2009-11-12,8.74,9.01,8.74,9.01,200
SDC,2009-11-13,8.62,8.86,8.62,8.65,2800
SDC,2009-11-16,8.67,8.94,8.67,8.89,7900
SDC,2009-11-17,9.34,9.34,8.98,9.25,6700
SDC,2009-11-18,9.2,9.34,8.62,9.34,12500
SDC,2009-11-19,9.8,9.8,9.75,9.78,2500
SDC,2009-11-20,10.16,10.16,9.5,9.5,400
SDC,2009-11-23,10.16,10.16,10.16,10.16,100
SDC,2009-11-24,9.5,9.5,9.47,9.47,900
SDC,2009-11-25,9.06,9.06,9.06,9.06,100
SDC,2009-11-26,8.43,8.43,8.43,8.43,600
SDC,2009-11-27,7.85,7.88,7.85,7.88,3100
SDC,2009-11-30,7.96,7.96,7.96,7.96,200
SDC,2009-12-01,8.1,8.51,8.1,8.51,1200
SDC,2009-12-02,8.79,8.79,8.79,8.79,200
SDC,2009-12-03,8.79,9.06,8.79,9.06,500
SDC,2009-12-04,9.2,9.2,9.2,9.2,200
SDC,2009-12-07,8.57,8.57,8.57,8.57,400
SDC,2009-12-08,8.57,8.57,8.02,8.02,700
SDC,2009-12-09,8.02,8.02,8.02,8.02,0
SDC,2009-12-10,8.02,8.02,8.02,8.02,0
SDC,2009-12-11,8.02,8.02,8.02,8.02,0
SDC,2009-12-14,8.02,8.02,8.02,8.02,0
SDC,2009-12-15,8.02,8.02,8.02,8.02,0
SDC,2009-12-16,8.02,8.02,8.02,8.02,0
SDC,2009-12-17,8.02,8.02,8.02,8.02,0
SDC,2009-12-18,7.85,8.13,7.85,8.07,13500
SDC,2009-12-21,7.94,8.1,7.94,8.1,1200
SDC,2009-12-22,7.47,7.47,7.41,7.41,400
SDC,2009-12-23,7.44,7.44,7.14,7.44,3400
SDC,2009-12-24,7.25,7.74,7.17,7.74,10800
SDC,2009-12-25,7.69,8.05,7.69,8.05,5000
SDC,2009-12-28,8.46,8.46,8.13,8.13,700
SDC,2009-12-29,7.77,7.77,7.77,7.77,3300
SDC,2009-12-30,7.77,7.96,7.69,7.77,1800
SDC,2009-12-31,7.74,7.94,7.74,7.8,11200
SDC,2010-01-04,8.18,8.27,8.18,8.27,5200
SDC,2010-01-05,8.84,8.84,8.57,8.65,7600
SDC,2010-01-06,9.31,9.31,8.21,8.65,4100
SDC,2010-01-07,8.92,8.92,8.13,8.13,7700
SDC,2010-01-08,8.76,8.76,8.1,8.51,5700
SDC,2010-01-11,8.65,8.65,8.65,8.65,100
SDC,2010-01-12,8.38,8.38,8.05,8.05,13300
SDC,2010-01-13,7.55,7.55,7.5,7.55,4700
SDC,2010-01-14,7.14,8.02,7.14,7.85,1900
SDC,2010-01-15,7.85,7.85,7.85,7.85,0
SDC,2010-01-18,8.24,8.24,7.41,7.41,2600
SDC,2010-01-19,7.44,7.44,7.41,7.41,800
SDC,2010-01-20,7.14,7.14,6.95,6.95,4100
SDC,2010-01-21,6.95,6.95,6.95,6.95,0
SDC,2010-01-22,7.5,7.5,6.73,6.73,700
SDC,2010-01-25,7.11,7.11,6.59,6.59,200
SDC,2010-01-26,7.3,7.33,7.3,7.33,300
SDC,2010-01-27,7.33,7.33,7.33,7.33,0
SDC,2010-01-28,7.61,7.61,7.14,7.55,400
SDC,2010-01-29,7.85,7.85,7.55,7.85,5300
SDC,2010-02-01,8.4,8.4,7.96,7.96,300
SDC,2010-02-02,8.35,8.35,7.83,7.83,200
SDC,2010-02-03,7.83,7.83,7.83,7.83,400
SDC,2010-02-04,8.21,8.21,7.69,7.69,700
SDC,2010-02-05,7.69,7.69,7.69,7.69,0
SDC,2010-02-08,7.69,7.69,7.69,7.69,0
SDC,2010-02-09,7.96,7.96,7.94,7.96,600
SDC,2010-02-10,7.44,7.96,7.41,7.94,800
SDC,2010-02-11,8.24,8.24,7.96,7.96,400
SDC,2010-02-12,8.18,8.18,8.18,8.18,200
SDC,2010-02-22,8.18,8.18,8.18,8.18,0
SDC,2010-02-23,7.63,8.1,7.63,8.1,400
SDC,2010-02-24,7.41,7.41,7.41,7.41,400
SDC,2010-02-25,7.8,7.8,7.03,7.03,400
SDC,2010-02-26,7.8,7.8,7.44,7.44,700
SDC,2010-03-01,7.5,7.5,7.5,7.5,100
SDC,2010-03-02,7.41,7.96,7.41,7.66,900
SDC,2010-03-03,7.69,7.69,7.69,7.69,700
SDC,2010-03-04,8.18,8.21,8.1,8.21,5700
SDC,2010-03-05,8.13,8.13,8.13,8.13,1100
SDC,2010-03-08,8.43,8.43,7.96,7.96,3300
SDC,2010-03-09,8.07,8.07,7.83,8.02,3000
SDC,2010-03-10,7.74,7.94,7.72,7.94,3700
SDC,2010-03-11,7.96,7.96,7.96,7.96,400
SDC,2010-03-12,7.69,7.96,7.69,7.96,1200
SDC,2010-03-15,7.88,8.27,7.83,8.27,9700
SDC,2010-03-16,7.69,8.51,7.69,8.51,6800
SDC,2010-03-17,7.88,7.88,7.69,7.69,3000
SDC,2010-03-18,8.21,8.32,8.21,8.32,3400
SDC,2010-03-19,8.24,8.24,8.24,8.24,400
SDC,2010-03-22,8.24,8.24,8.24,8.24,0
SDC,2010-03-23,8.1,8.21,7.74,8.21,400
SDC,2010-03-24,7.8,7.8,7.69,7.69,7800
SDC,2010-03-25,7.55,7.55,7.41,7.41,7400
SDC,2010-03-26,7.41,7.41,7.41,7.41,0
SDC,2010-03-29,7.41,7.47,7.41,7.47,300
SDC,2010-03-30,7.44,7.44,7.19,7.41,2700
SDC,2010-03-31,7.3,7.41,7.17,7.36,6500
SDC,2010-04-01,7.28,7.74,7.28,7.74,3800
SDC,2010-04-02,7.74,7.74,7.74,7.74,0
SDC,2010-04-05,7.74,7.77,7.74,7.77,1100
SDC,2010-04-06,7.44,7.44,7.41,7.44,1700
SDC,2010-04-07,7.41,7.47,7.41,7.47,4700
SDC,2010-04-08,7.91,7.94,7.83,7.94,8100
SDC,2010-04-09,7.94,8.4,7.94,8.4,9800
SDC,2010-04-12,7.96,7.96,7.96,7.96,1000
SDC,2010-04-13,7.58,7.58,7.55,7.55,1800
SDC,2010-04-14,7.96,7.96,7.96,7.96,100
SDC,2010-04-15,8.32,8.32,8.18,8.18,600
SDC,2010-04-16,8.38,8.38,7.74,7.77,2300
SDC,2010-04-19,7.96,7.96,7.69,7.69,8000
SDC,2010-04-20,7.85,7.96,7.85,7.96,2600
SDC,2010-04-21,8.24,8.46,7.91,8.46,24100
SDC,2010-04-22,8.98,8.98,8.95,8.95,22500
SDC,2010-04-26,8.4,9.06,8.38,8.38,2500
SDC,2010-04-27,8.68,8.68,8.13,8.13,3700
SDC,2010-04-28,8.43,8.49,8.43,8.43,4400
SDC,2010-04-29,8.02,8.51,8.02,8.24,900
SDC,2010-05-04,8.46,8.73,8.4,8.73,11500
SDC,2010-05-05,9.12,9.2,8.79,8.87,10400
SDC,2010-05-06,8.92,9.53,8.92,9.17,28600
SDC,2010-05-07,8.92,8.92,8.76,8.92,19300
SDC,2010-05-10,9.45,9.45,8.72,8.81,5100
SDC,2010-05-11,8.72,8.72,8.72,8.72,5700
SDC,2010-05-12,8.35,8.4,8.17,8.17,14600
SDC,2010-05-13,8.0,8.08,8.0,8.08,11000
SDC,2010-05-14,8.0,8.55,8.0,8.55,1100
SDC,2010-05-17,7.88,7.88,7.85,7.85,2000
SDC,2010-05-18,8.14,8.29,8.14,8.29,2100
SDC,2010-05-19,7.88,7.88,7.68,7.68,3200
SDC,2010-05-20,7.27,7.71,7.27,7.71,2700
SDC,2010-05-21,7.21,7.21,7.01,7.01,3000
SDC,2010-05-24,7.56,7.59,7.56,7.59,3000
SDC,2010-05-25,7.65,7.65,7.65,7.65,500
SDC,2010-05-26,7.71,7.71,7.71,7.71,1000
SDC,2010-05-27,7.56,7.56,7.56,7.56,1300
SDC,2010-05-28,8.06,8.08,7.91,8.0,7700
SDC,2010-05-31,7.47,8.4,7.47,8.4,200
SDC,2010-06-01,8.06,8.06,8.06,8.06,100
SDC,2010-06-02,7.56,8.14,7.56,8.14,1800
SDC,2010-06-03,7.56,7.62,7.56,7.56,5900
SDC,2010-06-04,8.0,8.0,7.44,7.44,1200
SDC,2010-06-07,7.85,7.85,7.85,7.85,100
SDC,2010-06-08,7.56,7.56,7.36,7.36,1300
SDC,2010-06-09,7.1,7.3,7.1,7.3,500
SDC,2010-06-10,7.56,7.56,7.56,7.56,100
SDC,2010-06-11,7.56,7.56,7.39,7.47,2600
SDC,2010-06-14,7.85,7.85,7.85,7.85,100
SDC,2010-06-15,7.85,7.85,7.85,7.85,0
SDC,2010-06-16,7.42,8.38,7.42,8.29,7200
SDC,2010-06-17,7.85,8.23,7.85,8.0,1500
SDC,2010-06-18,7.71,7.71,7.71,7.71,400
SDC,2010-06-21,7.74,7.74,7.74,7.74,700
SDC,2010-06-22,7.44,7.71,7.44,7.71,1500
SDC,2010-06-23,7.62,7.74,7.62,7.74,2200
SDC,2010-06-24,7.65,8.11,7.65,8.11,6200
SDC,2010-06-25,8.14,8.14,7.76,7.76,200
SDC,2010-06-28,8.06,8.06,8.06,8.06,100
SDC,2010-06-29,8.06,8.06,8.06,8.06,0
SDC,2010-06-30,7.53,7.53,7.53,7.53,6300
SDC,2010-07-01,7.3,7.42,7.3,7.42,600
SDC,2010-07-02,7.56,7.56,7.27,7.27,1700
SDC,2010-07-05,7.74,7.74,7.33,7.33,200
SDC,2010-07-06,7.36,7.39,7.36,7.39,600
SDC,2010-07-07,7.44,7.62,7.44,7.59,4600
SDC,2010-07-08,7.71,7.71,7.56,7.59,3400
SDC,2010-07-09,7.56,7.56,7.56,7.56,3000
SDC,2010-07-12,7.56,7.56,7.56,7.56,0
SDC,2010-07-13,7.56,7.68,7.56,7.68,300
SDC,2010-07-14,7.65,8.03,7.65,8.03,200
SDC,2010-07-15,7.56,7.56,7.56,7.56,1000
SDC,2010-07-16,7.62,7.94,7.62,7.94,1200
SDC,2010-07-19,7.85,7.85,7.82,7.85,2000
SDC,2010-07-20,7.85,7.85,7.85,7.85,11300
SDC,2010-07-21,7.85,7.85,7.85,7.85,14200
SDC,2010-07-22,7.85,8.29,7.85,8.26,6800
SDC,2010-07-23,8.49,8.49,8.14,8.23,3400
SDC,2010-07-26,8.23,8.23,8.23,8.23,100
SDC,2010-07-27,7.71,7.71,7.68,7.68,2400
SDC,2010-07-28,8.17,8.2,8.17,8.2,5000
SDC,2010-07-29,7.71,7.71,7.65,7.65,2600
SDC,2010-07-30,7.56,7.56,7.56,7.56,200
SDC,2010-08-02,7.56,7.56,7.56,7.56,0
SDC,2010-08-03,8.0,8.0,8.0,8.0,100
SDC,2010-08-04,8.0,8.0,8.0,8.0,0
SDC,2010-08-05,8.0,8.0,8.0,8.0,0
SDC,2010-08-06,8.0,8.0,8.0,8.0,0
SDC,2010-08-09,8.0,8.0,8.0,8.0,0
SDC,2010-08-10,8.0,8.0,8.0,8.0,0
SDC,2010-08-11,7.82,7.82,7.82,7.82,100
SDC,2010-08-12,7.94,7.94,7.3,7.3,200
SDC,2010-08-13,7.1,7.12,7.1,7.12,6200
SDC,2010-08-16,7.56,7.59,7.56,7.59,2300
SDC,2010-08-17,7.27,7.27,7.27,7.27,1800
SDC,2010-08-18,7.01,7.01,6.83,7.01,1200
SDC,2010-08-19,7.36,7.36,7.36,7.36,100
SDC,2010-08-20,7.36,7.36,7.36,7.36,0
SDC,2010-08-23,7.27,7.27,6.86,6.86,2200
SDC,2010-08-24,6.69,6.69,6.43,6.43,1200
SDC,2010-08-25,6.11,6.11,6.11,6.11,800
SDC,2010-08-26,5.7,5.73,5.7,5.73,2500
SDC,2010-08-27,6.05,6.08,6.05,6.08,4000
SDC,2010-08-30,6.48,6.48,6.48,6.48,100
SDC,2010-08-31,6.83,6.83,6.83,6.83,100
SDC,2010-09-01,7.24,7.24,7.12,7.12,200
SDC,2010-09-06,7.44,7.56,7.44,7.56,600
SDC,2010-09-07,7.21,7.27,7.12,7.12,2000
SDC,2010-09-08,6.83,6.83,6.69,6.69,1600
SDC,2010-09-09,7.12,7.12,7.12,7.12,100
SDC,2010-09-10,7.12,7.12,7.12,7.12,0
SDC,2010-09-13,7.12,7.12,7.12,7.12,0
SDC,2010-09-14,6.63,6.63,6.63,6.63,400
SDC,2010-09-15,6.95,6.95,6.95,6.95,100
SDC,2010-09-16,7.21,7.21,7.21,7.21,100
SDC,2010-09-17,6.75,7.12,6.72,7.12,2500
SDC,2010-09-20,7.12,7.12,7.12,7.12,0
SDC,2010-09-21,7.12,7.12,7.12,7.12,0
SDC,2010-09-22,7.12,7.12,7.12,7.12,0
SDC,2010-09-23,7.12,7.12,7.12,7.12,0
SDC,2010-09-24,7.3,7.3,7.3,7.3,100
SDC,2010-09-27,7.76,7.76,7.76,7.76,100
SDC,2010-09-28,7.24,7.24,7.24,7.24,6700
SDC,2010-09-29,6.75,6.78,6.75,6.78,200
SDC,2010-09-30,6.43,6.43,6.43,6.43,200
SDC,2010-10-01,6.43,6.43,6.43,6.43,0
SDC,2010-10-04,6.43,6.43,6.43,6.43,1300
SDC,2010-10-05,6.02,6.4,6.02,6.4,900
SDC,2010-10-06,6.4,6.4,6.4,6.4,100
SDC,2010-10-07,6.8,6.83,6.8,6.83,300
SDC,2010-10-08,7.21,7.21,7.21,7.21,100
SDC,2010-10-11,7.15,7.15,7.12,7.12,5300
SDC,2010-10-12,7.12,7.12,6.98,7.12,12800
SDC,2010-10-13,7.12,7.12,7.12,7.12,0
SDC,2010-10-14,7.1,7.12,7.1,7.12,7900
SDC,2010-10-15,6.63,6.69,6.63,6.69,600
SDC,2010-10-18,6.22,6.22,6.22,6.22,100
SDC,2010-10-19,6.14,6.14,5.85,6.14,1500
SDC,2010-10-20,5.82,6.11,5.82,6.11,1600
SDC,2010-10-21,6.11,6.11,6.11,6.11,0
SDC,2010-10-22,5.67,5.67,5.67,5.67,600
SDC,2010-10-25,5.29,5.29,5.29,5.29,100
SDC,2010-10-26,5.29,5.29,5.29,5.29,0
SDC,2010-10-27,5.29,5.29,5.29,5.29,0
SDC,2010-10-28,5.29,5.29,5.29,5.29,0
SDC,2010-10-29,5.29,5.29,5.29,5.29,0
SDC,2010-11-01,4.97,5.64,4.97,5.64,11900
SDC,2010-11-02,5.87,6.02,5.87,6.02,300
SDC,2010-11-03,5.67,5.7,5.67,5.7,2200
SDC,2010-11-04,5.32,5.32,5.32,5.32,100
SDC,2010-11-05,5.67,5.67,5.67,5.67,100
SDC,2010-11-08,6.05,6.05,5.29,5.29,200
SDC,2010-11-09,5.35,5.35,5.35,5.35,10100
SDC,2010-11-10,5.35,5.35,5.35,5.35,0
SDC,2010-11-11,5.7,5.7,5.7,5.7,100
SDC,2010-11-12,5.32,6.08,5.32,5.32,1400
SDC,2010-11-15,5.73,5.73,5.18,5.73,1300
SDC,2010-11-16,5.23,5.23,5.23,5.23,300
SDC,2010-11-17,5.58,5.58,5.58,5.58,600
SDC,2010-11-18,5.58,5.58,5.58,5.58,100
SDC,2010-11-19,5.58,5.58,5.58,5.58,0
SDC,2010-11-22,5.21,5.21,5.21,5.21,100
SDC,2010-11-23,5.55,5.55,5.55,5.55,100
SDC,2010-11-24,5.53,5.53,5.53,5.53,100
SDC,2010-11-25,5.82,5.82,5.15,5.15,600
SDC,2010-11-26,5.61,5.61,5.53,5.53,300
SDC,2010-11-29,5.96,5.96,5.96,5.96,800
SDC,2010-11-30,6.25,6.25,5.58,5.82,600
SDC,2010-12-01,5.41,5.44,5.41,5.41,1000
SDC,2010-12-02,5.06,5.06,5.06,5.06,300
SDC,2010-12-03,5.41,5.41,5.41,5.41,4300
SDC,2010-12-06,5.53,5.79,5.53,5.79,800
SDC,2010-12-07,5.41,5.41,5.35,5.35,3200
SDC,2010-12-08,5.76,5.76,5.18,5.18,600
SDC,2010-12-09,5.61,5.61,5.61,5.61,100
SDC,2010-12-10,5.67,5.73,5.67,5.73,1100
SDC,2010-12-13,6.08,6.08,5.41,5.61,900
SDC,2010-12-14,5.61,5.61,5.38,5.38,1900
SDC,2010-12-15,5.38,5.38,5.38,5.38,0
SDC,2010-12-16,5.82,5.82,5.82,5.82,100
SDC,2010-12-17,5.82,5.82,5.82,5.82,0
SDC,2010-12-20,5.82,5.82,5.82,5.82,0
SDC,2010-12-21,5.41,5.79,5.41,5.79,1100
SDC,2010-12-22,5.79,5.79,5.79,5.79,0
SDC,2010-12-23,5.38,5.38,5.38,5.38,500
SDC,2010-12-24,5.38,5.38,5.38,5.38,0
SDC,2010-12-27,5.67,5.67,5.67,5.67,300
SDC,2010-12-28,5.67,5.67,5.67,5.67,0
SDC,2010-12-29,5.67,5.67,5.67,5.67,0
SDC,2010-12-30,5.29,5.29,5.29,5.29,100
SDC,2010-12-31,5.29,5.29,5.29,5.29,0
SDC,2011-01-04,5.55,5.55,5.55,5.55,100
SDC,2011-01-05,5.55,5.55,5.55,5.55,0
SDC,2011-01-06,5.76,5.76,5.76,5.76,100
SDC,2011-01-07,5.76,5.76,5.76,5.76,0
SDC,2011-01-10,5.76,5.76,5.76,5.76,0
SDC,2011-01-11,6.14,6.14,6.14,6.14,100
SDC,2011-01-12,5.73,5.73,5.73,5.73,1000
SDC,2011-01-13,5.73,5.73,5.73,5.73,0
SDC,2011-01-14,6.11,6.11,6.11,6.11,100
SDC,2011-01-17,5.7,5.7,5.7,5.7,200
SDC,2011-01-18,5.32,5.53,5.32,5.53,600
SDC,2011-01-19,5.53,5.53,5.53,5.53,0
SDC,2011-01-20,5.53,5.87,5.53,5.87,6800
SDC,2011-01-21,5.58,5.58,5.58,5.58,1000
SDC,2011-01-24,5.82,5.96,5.58,5.96,10100
SDC,2011-01-25,5.9,6.08,5.9,6.08,7700
SDC,2011-01-26,5.55,5.55,5.55,5.55,800
SDC,2011-01-27,5.58,5.58,5.58,5.58,100
SDC,2011-01-28,5.58,5.58,5.58,5.58,0
SDC,2011-02-08,5.9,5.9,5.9,5.9,100
SDC,2011-02-09,6.31,6.31,6.31,6.31,100
SDC,2011-02-10,6.66,6.66,6.66,6.66,100
SDC,2011-02-11,7.04,7.04,6.19,6.19,200
SDC,2011-02-14,7.07,7.07,7.07,7.07,100
SDC,2011-02-15,7.07,7.07,7.07,7.07,0
SDC,2011-02-16,7.07,7.07,7.07,7.07,0
SDC,2011-02-17,7.07,7.07,7.07,7.07,0
SDC,2011-02-18,7.07,7.07,7.07,7.07,0
SDC,2011-02-21,7.07,7.07,7.07,7.07,0
SDC,2011-02-22,7.07,7.07,7.07,7.07,0
SDC,2011-02-23,7.07,7.07,7.07,7.07,0
SDC,2011-02-24,7.07,7.07,7.07,7.07,0
SDC,2011-02-25,7.07,7.07,7.07,7.07,0
SDC,2011-02-28,7.07,7.07,7.07,7.07,0
SDC,2011-03-01,7.07,7.07,7.07,7.07,0
SDC,2011-03-02,7.07,7.07,7.07,7.07,0
SDC,2011-03-03,7.07,7.07,7.07,7.07,0
SDC,2011-03-04,6.57,6.57,6.57,6.57,100
SDC,2011-03-07,6.14,6.14,6.14,6.14,100
SDC,2011-03-08,6.14,6.14,6.14,6.14,0
SDC,2011-03-09,5.73,5.73,5.73,5.73,100
SDC,2011-03-10,5.35,5.35,5.35,5.35,100
SDC,2011-03-11,5.0,5.0,5.0,5.0,400
SDC,2011-03-14,5.0,5.0,5.0,5.0,0
SDC,2011-03-15,5.0,5.0,5.0,5.0,0
SDC,2011-03-16,4.65,4.65,4.65,4.65,100
SDC,2011-03-17,4.33,4.33,4.33,4.33,100
SDC,2011-03-18,4.33,4.33,4.33,4.33,0
SDC,2011-03-21,4.33,4.33,4.33,4.33,0
SDC,2011-03-22,4.33,4.33,4.33,4.33,0
SDC,2011-03-23,4.62,4.62,4.62,4.62,100
SDC,2011-03-24,4.62,4.62,4.62,4.62,0
SDC,2011-03-25,4.62,4.62,4.62,4.62,0
SDC,2011-03-28,4.62,4.62,4.62,4.62,0
SDC,2011-03-29,4.91,4.94,4.91,4.94,200
SDC,2011-03-30,4.94,4.94,4.94,4.94,200
SDC,2011-03-31,4.94,4.94,4.94,4.94,0
SDC,2011-04-01,4.62,4.62,4.62,4.62,1200
SDC,2011-04-04,4.62,4.62,4.62,4.62,0
SDC,2011-04-05,4.62,4.62,4.59,4.59,4500
SDC,2011-04-06,4.59,4.65,4.59,4.65,700
SDC,2011-04-07,4.59,4.8,4.59,4.8,1900
SDC,2011-04-08,4.68,4.68,4.68,4.68,1000
SDC,2011-04-13,4.68,4.68,4.68,4.68,2000
SDC,2011-04-14,4.68,4.68,4.68,4.68,100
SDC,2011-04-15,4.68,4.68,4.68,4.68,0
SDC,2011-04-18,4.68,4.68,4.68,4.68,2000
SDC,2011-04-19,4.68,4.68,4.68,4.68,1100
SDC,2011-04-20,4.71,4.71,4.68,4.68,2500
SDC,2011-04-21,4.71,4.71,4.71,4.71,100
SDC,2011-04-22,4.74,4.74,4.65,4.65,1600
SDC,2011-04-25,4.65,4.65,4.65,4.65,0
SDC,2011-04-26,4.68,4.68,4.68,4.68,800
SDC,2011-04-27,4.68,4.68,4.68,4.68,0
SDC,2011-04-28,4.68,4.68,4.68,4.68,0
SDC,2011-04-29,4.68,4.68,4.68,4.68,0
SDC,2011-05-04,5.0,5.0,5.0,5.0,100
SDC,2011-05-05,5.35,5.35,5.35,5.35,100
SDC,2011-05-06,5.35,5.35,5.35,5.35,0
SDC,2011-05-09,5.0,5.0,5.0,5.0,900
SDC,2011-05-10,4.65,4.71,4.65,4.71,200
SDC,2011-05-11,4.68,4.68,4.68,4.68,400
SDC,2011-05-12,4.68,4.68,4.68,4.68,0
SDC,2011-05-13,4.97,5.0,4.97,5.0,3900
SDC,2011-05-16,4.94,4.94,4.94,4.94,500
SDC,2011-05-17,4.86,4.86,4.86,4.86,700
SDC,2011-05-18,4.8,4.8,4.8,4.8,300
SDC,2011-05-19,4.51,4.51,4.51,4.51,3000
SDC,2011-05-20,4.51,4.51,4.22,4.22,9200
SDC,2011-05-23,3.95,3.95,3.95,3.95,300
SDC,2011-05-24,3.95,3.95,3.95,3.95,0
SDC,2011-05-25,3.95,3.95,3.95,3.95,0
SDC,2011-05-26,3.95,3.95,3.95,3.95,0
SDC,2011-05-27,3.95,3.95,3.95,3.95,0
SDC,2011-05-30,3.95,3.95,3.95,3.95,0
SDC,2011-05-31,3.95,3.95,3.95,3.95,0
SDC,2011-06-01,4.22,4.22,4.22,4.22,600
SDC,2011-06-02,3.95,3.95,3.95,3.95,4200
SDC,2011-06-03,3.95,3.95,3.95,3.95,500
SDC,2011-06-06,3.93,3.93,3.9,3.9,1100
SDC,2011-06-07,3.9,3.9,3.9,3.9,0
SDC,2011-06-08,3.9,3.9,3.9,3.9,0
SDC,2011-06-09,3.9,3.9,3.9,3.9,0
SDC,2011-06-10,4.19,4.19,4.19,4.19,1000
SDC,2011-06-13,4.48,4.48,4.48,4.48,100
SDC,2011-06-14,4.48,4.48,4.48,4.48,0
SDC,2011-06-15,4.48,4.48,4.48,4.48,0
SDC,2011-06-16,4.74,4.74,4.74,4.74,100
SDC,2011-06-17,4.42,4.42,4.42,4.42,100
SDC,2011-06-20,4.42,4.42,4.42,4.42,0
SDC,2011-06-21,4.42,4.42,4.42,4.42,0
SDC,2011-06-22,4.42,4.42,4.42,4.42,0
SDC,2011-06-23,4.13,4.13,4.13,4.13,100
SDC,2011-06-24,4.16,4.39,4.16,4.39,700
SDC,2011-06-27,4.39,4.39,4.39,4.39,0
SDC,2011-06-28,4.36,4.36,4.36,4.36,400
SDC,2011-06-29,4.36,4.36,4.36,4.36,0
SDC,2011-06-30,4.36,4.36,4.36,4.36,0
SDC,2011-07-01,4.22,4.22,4.22,4.22,1000
SDC,2011-07-04,4.16,4.16,4.16,4.16,2300
SDC,2011-07-05,4.19,4.19,4.19,4.19,900
SDC,2011-07-06,4.19,4.19,4.19,4.19,0
SDC,2011-07-07,4.19,4.19,4.19,4.19,0
SDC,2011-07-08,4.22,4.22,4.22,4.22,600
SDC,2011-07-11,4.22,4.22,4.22,4.22,0
SDC,2011-07-12,4.22,4.22,4.22,4.22,300
SDC,2011-07-13,4.22,4.22,4.22,4.22,0
SDC,2011-07-14,4.36,4.42,4.36,4.42,800
SDC,2011-07-15,4.68,4.68,4.65,4.68,3100
SDC,2011-07-18,4.68,4.68,4.68,4.68,0
SDC,2011-07-19,4.68,4.68,4.68,4.68,0
SDC,2011-07-20,4.68,4.68,4.68,4.68,0
SDC,2011-07-21,4.94,4.94,4.94,4.94,100
SDC,2011-07-22,4.94,4.94,4.94,4.94,0
SDC,2011-07-25,4.94,4.94,4.94,4.94,0
SDC,2011-07-26,4.62,4.62,4.62,4.62,1100
SDC,2011-07-27,4.32,4.32,4.32,4.32,100
SDC,2011-07-28,4.32,4.32,4.32,4.32,0
SDC,2011-07-29,4.32,4.32,4.32,4.32,0
SDC,2011-08-01,4.26,4.26,4.26,4.26,1000
SDC,2011-08-02,4.26,4.26,4.26,4.26,0
SDC,2011-08-03,4.26,4.26,4.26,4.26,0
SDC,2011-08-04,4.09,4.09,4.09,4.09,100
SDC,2011-08-05,4.09,4.09,4.09,4.09,0
SDC,2011-08-08,4.09,4.09,4.09,4.09,0
SDC,2011-08-09,4.09,4.09,4.09,4.09,0
SDC,2011-08-10,4.09,4.09,4.09,4.09,0
SDC,2011-08-11,4.09,4.09,4.09,4.09,0
SDC,2011-08-12,4.09,4.09,4.09,4.09,0
SDC,2011-08-15,4.09,4.09,4.09,4.09,0
SDC,2011-08-16,4.09,4.09,4.09,4.09,0
SDC,2011-08-17,4.09,4.09,4.09,4.09,0
SDC,2011-08-18,4.09,4.09,4.09,4.09,0
SDC,2011-08-19,4.35,4.35,3.83,3.83,200
SDC,2011-08-22,3.83,3.83,3.83,3.83,0
SDC,2011-08-23,3.83,3.83,3.83,3.83,0
SDC,2011-08-24,3.83,3.83,3.83,3.83,0
SDC,2011-08-25,4.35,4.35,4.35,4.35,100
SDC,2011-08-26,4.62,4.62,4.62,4.62,100
SDC,2011-08-29,4.62,4.62,4.62,4.62,0
SDC,2011-08-30,4.62,4.62,4.62,4.62,0
SDC,2011-08-31,4.88,4.88,4.88,4.88,700
SDC,2011-09-01,5.17,5.17,5.17,5.17,500
SDC,2011-09-05,5.17,5.17,5.17,5.17,0
SDC,2011-09-06,5.17,5.17,5.17,5.17,0
SDC,2011-09-07,5.17,5.17,5.17,5.17,0
SDC,2011-09-08,4.81,5.47,4.81,5.47,1400
SDC,2011-09-09,5.63,5.63,4.91,4.91,300
SDC,2011-09-12,5.4,5.4,5.4,5.4,200
SDC,2011-09-13,5.47,5.47,5.47,5.47,100
SDC,2011-09-14,5.47,5.47,5.47,5.47,0
SDC,2011-09-15,5.11,5.11,5.11,5.11,100
SDC,2011-09-16,5.11,5.11,5.11,5.11,0
SDC,2011-09-19,5.11,5.11,5.11,5.11,0
SDC,2011-09-20,5.11,5.11,5.11,5.11,0
SDC,2011-09-21,5.11,5.11,5.11,5.11,0
SDC,2011-09-22,5.11,5.11,5.11,5.11,0
SDC,2011-09-23,5.17,5.17,5.17,5.17,800
SDC,2011-09-26,5.17,5.17,5.17,5.17,0
SDC,2011-09-27,5.17,5.17,5.17,5.17,0
SDC,2011-09-28,5.4,5.4,5.4,5.4,100
SDC,2011-09-29,5.4,5.4,5.4,5.4,0
SDC,2011-09-30,5.4,5.4,5.4,5.4,0
SDC,2011-10-03,5.07,5.07,5.07,5.07,100
SDC,2011-10-04,5.07,5.07,5.07,5.07,0
SDC,2011-10-05,5.07,5.07,5.07,5.07,0
SDC,2011-10-06,5.07,5.07,5.07,5.07,0
SDC,2011-10-07,4.75,4.75,4.75,4.75,2000
SDC,2011-10-10,4.75,4.75,4.75,4.75,0
SDC,2011-10-11,4.75,4.75,4.75,4.75,0
SDC,2011-10-12,4.75,4.75,4.75,4.75,0
SDC,2011-10-13,4.75,4.75,4.75,4.75,0
SDC,2011-10-14,4.75,4.75,4.75,4.75,0
SDC,2011-10-17,4.75,4.75,4.75,4.75,0
SDC,2011-10-18,4.42,4.42,4.42,4.42,1700
SDC,2011-10-19,4.42,4.42,4.42,4.42,0
SDC,2011-10-20,4.42,4.42,4.42,4.42,0
SDC,2011-10-21,4.42,4.42,4.42,4.42,0
SDC,2011-10-24,4.42,4.42,4.42,4.42,0
SDC,2011-10-25,4.42,4.42,4.42,4.42,0
SDC,2011-10-26,4.42,4.42,4.42,4.42,0
SDC,2011-10-27,4.42,4.42,4.42,4.42,0
SDC,2011-10-28,4.42,4.42,4.42,4.42,0
SDC,2011-10-31,4.42,4.42,4.42,4.42,0
SDC,2011-11-01,4.42,4.42,4.42,4.42,0
SDC,2011-11-02,4.42,4.42,4.42,4.42,0
SDC,2011-11-03,4.42,4.42,4.42,4.42,0
SDC,2011-11-04,4.42,4.42,4.42,4.42,0
SDC,2011-11-07,4.42,4.42,4.42,4.42,0
SDC,2011-11-08,4.42,4.42,4.42,4.42,0
SDC,2011-11-09,4.42,4.42,4.42,4.42,0
SDC,2011-11-10,4.13,4.39,4.13,4.39,1500
SDC,2011-11-11,3.99,3.99,3.99,3.99,100
SDC,2011-11-14,3.73,3.73,3.73,3.73,100
SDC,2011-11-15,3.73,3.73,3.73,3.73,0
SDC,2011-11-16,3.73,3.73,3.73,3.73,0
SDC,2011-11-17,3.73,3.73,3.73,3.73,0
SDC,2011-11-18,3.73,3.73,3.73,3.73,0
SDC,2011-11-21,3.73,3.73,3.73,3.73,0
SDC,2011-11-22,3.73,3.73,3.73,3.73,0
SDC,2011-11-23,3.5,3.97,3.5,3.97,200
SDC,2011-11-24,3.97,3.97,3.97,3.97,100
SDC,2011-11-25,3.69,4.24,3.69,4.24,700
SDC,2011-11-28,4.24,4.24,4.24,4.24,0
SDC,2011-11-29,4.44,4.44,4.44,4.44,6100
SDC,2011-11-30,4.16,4.16,4.16,4.16,100
SDC,2011-12-01,4.16,4.16,4.16,4.16,0
SDC,2011-12-02,4.16,4.16,4.16,4.16,0
SDC,2011-12-05,4.16,4.16,4.16,4.16,0
SDC,2011-12-06,3.89,4.44,3.89,4.44,200
SDC,2011-12-07,3.89,3.89,3.89,3.89,500
SDC,2011-12-08,3.89,3.89,3.89,3.89,0
SDC,2011-12-09,4.13,4.13,4.13,4.13,100
SDC,2011-12-12,4.13,4.13,4.13,4.13,0
SDC,2011-12-13,3.85,3.85,3.85,3.85,100
SDC,2011-12-14,3.69,4.09,3.69,4.09,200
SDC,2011-12-15,4.09,4.09,4.09,4.09,0
SDC,2011-12-16,4.09,4.09,4.09,4.09,0
SDC,2011-12-19,4.09,4.09,4.09,4.09,0
SDC,2011-12-20,4.09,4.09,4.09,4.09,0
SDC,2011-12-21,4.09,4.09,4.09,4.09,0
SDC,2011-12-22,4.13,4.13,4.13,4.13,100
SDC,2011-12-23,3.89,3.89,3.89,3.89,100
SDC,2011-12-26,3.89,3.89,3.89,3.89,0
SDC,2011-12-27,3.69,3.69,3.69,3.69,100
SDC,2011-12-28,3.69,3.69,3.69,3.69,0
SDC,2011-12-29,3.69,3.69,3.69,3.69,0
SDC,2011-12-30,3.69,3.69,3.69,3.69,0
SDC,2012-01-03,3.69,3.69,3.69,3.69,0
SDC,2012-01-04,3.69,3.69,3.69,3.69,0
SDC,2012-01-05,3.58,3.58,3.58,3.58,100
SDC,2012-01-06,3.58,3.58,3.58,3.58,0
SDC,2012-01-09,3.58,3.58,3.58,3.58,0
SDC,2012-01-10,3.58,3.58,3.58,3.58,0
SDC,2012-01-11,3.58,3.58,3.58,3.58,0
SDC,2012-01-12,3.58,3.58,3.58,3.58,0
SDC,2012-01-13,3.34,3.34,3.34,3.34,100
SDC,2012-01-16,3.34,3.34,3.34,3.34,0
SDC,2012-01-17,3.34,3.34,3.34,3.34,0
SDC,2012-01-18,3.34,3.34,3.34,3.34,0
SDC,2012-01-19,3.34,3.34,3.34,3.34,0
SDC,2012-01-20,3.34,3.34,3.34,3.34,0
SDC,2012-01-30,3.34,3.34,3.34,3.34,0
SDC,2012-01-31,3.34,3.34,3.34,3.34,0
SDC,2012-02-01,3.54,3.54,3.54,3.54,100
SDC,2012-02-02,3.54,3.54,3.54,3.54,0
SDC,2012-02-03,3.77,3.77,3.34,3.34,200
SDC,2012-02-06,3.38,3.38,3.38,3.38,100
SDC,2012-02-07,3.38,3.38,3.38,3.38,0
SDC,2012-02-08,3.38,3.38,3.38,3.38,0
SDC,2012-02-09,3.38,3.38,3.38,3.38,0
SDC,2012-02-10,3.38,3.38,3.38,3.38,100
SDC,2012-02-13,3.38,3.38,3.38,3.38,0
SDC,2012-02-14,3.38,3.38,3.38,3.38,0
SDC,2012-02-15,3.38,3.38,3.38,3.38,0
SDC,2012-02-16,3.14,3.14,3.14,3.14,100
SDC,2012-02-17,3.14,3.14,3.14,3.14,0
SDC,2012-02-20,3.34,3.34,3.34,3.34,100
SDC,2012-02-21,3.54,3.54,3.54,3.54,500
SDC,2012-02-22,3.54,3.54,3.54,3.54,0
SDC,2012-02-23,3.54,3.54,3.54,3.54,0
SDC,2012-02-24,3.77,3.77,3.77,3.77,200
SDC,2012-02-27,4.01,4.01,4.01,4.01,500
SDC,2012-02-28,4.01,4.01,4.01,4.01,100
SDC,2012-02-29,4.28,4.28,4.28,4.28,200
SDC,2012-03-01,4.28,4.28,4.28,4.28,0
SDC,2012-03-02,4.52,4.56,4.01,4.56,1100
SDC,2012-03-05,4.48,4.48,4.48,4.48,100
SDC,2012-03-06,4.2,4.2,4.2,4.2,100
SDC,2012-03-07,4.48,4.48,4.48,4.48,100
SDC,2012-03-08,4.2,4.2,4.2,4.2,100
SDC,2012-03-09,3.93,3.93,3.93,3.93,100
SDC,2012-03-12,3.65,3.65,3.65,3.65,100
SDC,2012-03-13,3.65,3.65,3.65,3.65,0
SDC,2012-03-14,3.65,3.65,3.65,3.65,0
SDC,2012-03-15,3.65,3.65,3.65,3.65,0
SDC,2012-03-16,3.89,3.89,3.89,3.89,100
SDC,2012-03-19,3.73,3.73,3.73,3.73,200
SDC,2012-03-20,3.73,3.73,3.73,3.73,0
SDC,2012-03-21,3.5,3.5,3.5,3.5,6200
SDC,2012-03-22,3.26,3.73,3.26,3.73,1700
SDC,2012-03-23,3.3,3.3,3.3,3.3,500
SDC,2012-03-26,3.5,3.5,3.5,3.5,100
SDC,2012-03-27,3.73,3.73,3.73,3.73,100
SDC,2012-03-28,3.5,3.5,3.5,3.5,100
SDC,2012-03-29,3.73,3.73,3.65,3.65,1300
SDC,2012-03-30,3.65,3.65,3.65,3.65,0
SDC,2012-04-03,3.65,3.65,3.65,3.65,0
SDC,2012-04-04,3.61,3.61,3.46,3.46,500
SDC,2012-04-05,3.61,3.61,3.61,3.61,100
SDC,2012-04-06,3.38,3.58,3.38,3.58,300
SDC,2012-04-09,3.58,3.58,3.58,3.58,0
SDC,2012-04-10,3.58,3.58,3.58,3.58,0
SDC,2012-04-11,3.69,3.69,3.54,3.69,3300
SDC,2012-04-12,3.73,3.81,3.73,3.81,500
SDC,2012-04-13,3.61,3.81,3.61,3.81,500
SDC,2012-04-16,3.81,3.81,3.81,3.81,0
SDC,2012-04-17,3.81,3.81,3.81,3.81,0
SDC,2012-04-18,4.01,4.01,4.01,4.01,500
SDC,2012-04-19,4.24,4.24,4.24,4.24,100
SDC,2012-04-20,4.01,4.01,4.01,4.01,700
SDC,2012-04-23,3.77,4.28,3.73,4.28,1700
SDC,2012-04-24,4.28,4.28,4.28,4.28,0
SDC,2012-04-25,4.52,4.52,4.52,4.52,500
SDC,2012-04-26,4.28,4.28,4.28,4.28,1400
SDC,2012-04-27,4.28,4.28,4.28,4.28,0
SDC,2012-05-02,4.01,4.01,4.01,4.01,100
SDC,2012-05-03,4.24,4.28,4.24,4.28,1000
SDC,2012-05-04,4.32,4.56,4.32,4.56,1200
SDC,2012-05-07,4.56,4.56,4.56,4.56,1000
SDC,2012-05-08,4.64,4.64,4.64,4.64,200
SDC,2012-05-09,4.32,4.87,4.32,4.87,1300
SDC,2012-05-10,4.56,4.56,4.56,4.56,200
SDC,2012-05-11,4.24,4.24,4.24,4.24,100
SDC,2012-05-14,4.24,4.24,4.24,4.24,0
SDC,2012-05-15,4.01,4.01,3.97,3.97,200
SDC,2012-05-16,3.97,3.97,3.97,3.97,0
SDC,2012-05-17,3.97,3.97,3.97,3.97,0
SDC,2012-05-18,3.69,3.69,3.69,3.69,100
SDC,2012-05-21,3.69,3.69,3.69,3.69,0
SDC,2012-05-22,3.69,3.69,3.69,3.69,0
SDC,2012-05-23,3.69,3.69,3.69,3.69,0
SDC,2012-05-24,3.69,3.69,3.69,3.69,1000
SDC,2012-05-25,3.69,3.69,3.69,3.69,1200
SDC,2012-05-28,3.77,3.77,3.77,3.77,100
SDC,2012-05-29,3.77,3.77,3.77,3.77,0
SDC,2012-05-30,3.69,3.69,3.69,3.69,7800
SDC,2012-05-31,3.69,3.69,3.69,3.69,0
SDC,2012-06-01,3.69,3.69,3.69,3.69,0
SDC,2012-06-04,3.69,3.69,3.69,3.69,900
SDC,2012-06-05,3.69,3.69,3.69,3.69,0
SDC,2012-06-06,3.69,3.69,3.69,3.69,300
SDC,2012-06-07,3.69,3.69,3.69,3.69,0
SDC,2012-06-08,3.69,3.69,3.69,3.69,0
SDC,2012-06-11,3.69,3.69,3.69,3.69,0
SDC,2012-06-12,3.69,3.69,3.69,3.69,100
SDC,2012-06-13,3.69,3.69,3.69,3.69,0
SDC,2012-06-14,3.69,3.69,3.69,3.69,0
SDC,2012-06-15,3.69,3.69,3.69,3.69,0
SDC,2012-06-18,3.69,3.69,3.69,3.69,0
SDC,2012-06-19,3.69,3.69,3.69,3.69,0
SDC,2012-06-20,3.93,3.93,3.93,3.93,4400
SDC,2012-06-21,3.93,3.93,3.93,3.93,0
SDC,2012-06-22,3.93,3.93,3.93,3.93,0
SDC,2012-06-25,3.93,3.93,3.93,3.93,0
SDC,2012-06-26,3.93,3.93,3.93,3.93,0
SDC,2012-06-27,3.93,3.93,3.93,3.93,0
SDC,2012-06-28,3.93,3.93,3.93,3.93,0
SDC,2012-06-29,3.93,3.93,3.93,3.93,0
SDC,2012-07-02,3.93,3.93,3.93,3.93,0
SDC,2012-07-03,3.93,3.93,3.93,3.93,0
SDC,2012-07-04,3.93,3.93,3.93,3.93,0
SDC,2012-07-05,4.2,4.2,4.2,4.2,100
SDC,2012-07-06,4.48,4.48,4.48,4.48,100
SDC,2012-07-09,4.71,4.71,4.68,4.68,2000
SDC,2012-07-10,4.68,4.68,4.68,4.68,0
SDC,2012-07-11,4.68,4.68,4.68,4.68,0
SDC,2012-07-12,4.99,4.99,4.99,4.99,100
SDC,2012-07-13,5.3,5.3,5.3,5.3,100
SDC,2012-07-16,5.3,5.3,5.3,5.3,0
SDC,2012-07-17,5.3,5.3,5.3,5.3,0
SDC,2012-07-18,5.3,5.3,5.3,5.3,0
SDC,2012-07-19,5.3,5.3,5.3,5.3,0
SDC,2012-07-20,5.3,5.3,5.3,5.3,0
SDC,2012-07-23,5.3,5.3,5.3,5.3,0
SDC,2012-07-24,5.3,5.3,5.3,5.3,0
SDC,2012-07-25,5.3,5.3,5.3,5.3,0
SDC,2012-07-26,5.3,5.3,5.3,5.3,0
SDC,2012-07-27,5.3,5.3,5.3,5.3,0
SDC,2012-07-30,5.3,5.3,5.3,5.3,0
SDC,2012-07-31,5.3,5.3,5.3,5.3,0
SDC,2012-08-01,5.3,5.3,5.3,5.3,0
SDC,2012-08-02,5.3,5.3,5.3,5.3,0
SDC,2012-08-03,5.3,5.3,5.3,5.3,0
SDC,2012-08-06,5.3,5.3,5.3,5.3,0
SDC,2012-08-07,5.3,5.3,5.3,5.3,0
SDC,2012-08-08,5.3,5.3,5.3,5.3,0
SDC,2012-08-09,4.95,4.95,4.95,4.95,100
SDC,2012-08-10,4.64,4.64,4.64,4.64,100
SDC,2012-08-13,4.32,4.32,4.32,4.32,100
SDC,2012-08-14,4.05,4.05,4.05,4.05,100
SDC,2012-08-15,4.05,4.05,4.05,4.05,0
SDC,2012-08-16,3.89,3.89,3.89,3.89,6200
SDC,2012-08-17,3.65,3.65,3.65,3.65,100
SDC,2012-08-20,3.42,3.42,3.42,3.42,1000
SDC,2012-08-21,3.18,3.18,3.18,3.18,100
SDC,2012-08-22,2.99,2.99,2.99,2.99,1600
SDC,2012-08-23,2.99,2.99,2.99,2.99,0
SDC,2012-08-24,2.79,2.79,2.79,2.79,100
SDC,2012-08-27,2.79,2.79,2.79,2.79,0
SDC,2012-08-28,2.79,2.79,2.79,2.79,2100
SDC,2012-08-29,2.63,2.63,2.63,2.63,100
SDC,2012-08-30,2.63,2.63,2.63,2.63,0
SDC,2012-08-31,2.63,2.63,2.63,2.63,0
SDC,2012-09-04,2.63,2.63,2.63,2.63,400
SDC,2012-09-05,2.63,2.63,2.63,2.63,0
SDC,2012-09-06,2.63,2.63,2.63,2.63,0
SDC,2012-09-07,2.48,2.48,2.48,2.48,100
SDC,2012-09-10,2.48,2.48,2.48,2.48,0
SDC,2012-09-11,2.48,2.48,2.48,2.48,0
SDC,2012-09-12,2.63,2.63,2.63,2.63,100
SDC,2012-09-13,2.63,2.63,2.63,2.63,0
SDC,2012-09-14,2.63,2.63,2.63,2.63,0
SDC,2012-09-17,2.63,2.63,2.63,2.63,0
SDC,2012-09-18,2.63,2.63,2.63,2.63,0
SDC,2012-09-19,2.63,2.63,2.63,2.63,0
SDC,2012-09-20,2.79,2.79,2.79,2.79,2100
SDC,2012-09-21,2.79,2.79,2.79,2.79,0
SDC,2012-09-24,2.95,2.95,2.95,2.95,700
SDC,2012-09-25,2.95,2.95,2.95,2.95,0
SDC,2012-09-26,2.95,2.95,2.95,2.95,0
SDC,2012-09-27,2.95,2.95,2.95,2.95,0
SDC,2012-09-28,2.95,2.95,2.95,2.95,0
SDC,2012-10-01,3.14,3.14,3.14,3.14,100
SDC,2012-10-02,2.95,2.95,2.95,2.95,1100
SDC,2012-10-03,2.95,2.95,2.95,2.95,0
SDC,2012-10-04,2.95,2.95,2.95,2.95,0
SDC,2012-10-05,2.95,2.95,2.95,2.95,0
SDC,2012-10-08,2.95,2.95,2.95,2.95,0
SDC,2012-10-09,2.95,2.95,2.95,2.95,0
SDC,2012-10-10,2.95,2.95,2.95,2.95,0
SDC,2012-10-11,2.95,2.95,2.95,2.95,0
SDC,2012-10-12,2.95,2.95,2.95,2.95,0
SDC,2012-10-15,2.95,2.95,2.95,2.95,0
SDC,2012-10-16,2.95,2.95,2.95,2.95,0
SDC,2012-10-17,2.95,2.95,2.95,2.95,0
SDC,2012-10-18,2.95,2.95,2.95,2.95,100
SDC,2012-10-19,2.95,2.95,2.95,2.95,0
SDC,2012-10-22,2.95,2.95,2.95,2.95,0
SDC,2012-10-23,2.95,2.95,2.95,2.95,0
SDC,2012-10-24,2.95,2.95,2.95,2.95,0
SDC,2012-10-25,2.95,2.95,2.95,2.95,0
SDC,2012-10-26,2.95,2.95,2.95,2.95,0
SDC,2012-10-29,2.95,2.95,2.95,2.95,0
SDC,2012-10-30,2.95,2.95,2.95,2.95,0
SDC,2012-10-31,2.95,2.95,2.95,2.95,0
SDC,2012-11-01,2.95,2.95,2.95,2.95,0
SDC,2012-11-02,2.95,2.95,2.95,2.95,0
SDC,2012-11-05,2.95,2.95,2.95,2.95,0
SDC,2012-11-06,2.95,2.95,2.95,2.95,0
SDC,2012-11-07,2.95,2.95,2.95,2.95,0
SDC,2012-11-08,2.95,2.95,2.95,2.95,0
SDC,2012-11-09,2.95,2.95,2.95,2.95,0
SDC,2012-11-12,2.95,2.95,2.95,2.95,0
SDC,2012-11-13,2.95,2.95,2.95,2.95,0
SDC,2012-11-14,2.95,2.95,2.95,2.95,0
SDC,2012-11-15,2.95,2.95,2.95,2.95,0
SDC,2012-11-16,2.95,2.95,2.95,2.95,0
SDC,2012-11-19,2.95,2.95,2.95,2.95,0
SDC,2012-11-20,2.95,2.95,2.95,2.95,0
SDC,2012-11-21,2.95,2.95,2.95,2.95,0
SDC,2012-11-22,2.95,2.95,2.95,2.95,0
SDC,2012-11-23,2.95,2.95,2.95,2.95,0
SDC,2012-11-26,2.95,2.95,2.95,2.95,0
SDC,2012-11-27,2.95,2.95,2.95,2.95,0
SDC,2012-11-28,2.95,2.95,2.95,2.95,0
SDC,2012-11-29,2.95,2.95,2.95,2.95,0
SDC,2012-11-30,2.95,2.95,2.95,2.95,0
SDC,2012-12-03,2.95,2.95,2.95,2.95,0
SDC,2012-12-04,2.95,2.95,2.95,2.95,0
SDC,2012-12-05,2.95,2.95,2.95,2.95,0
SDC,2012-12-06,2.95,2.95,2.95,2.95,0
SDC,2012-12-07,2.95,2.95,2.95,2.95,0
SDC,2012-12-10,2.95,2.95,2.95,2.95,0
SDC,2012-12-11,2.95,2.95,2.95,2.95,0
SDC,2012-12-12,2.95,2.95,2.95,2.95,0
SDC,2012-12-13,2.95,2.95,2.95,2.95,0
SDC,2012-12-14,2.95,2.95,2.95,2.95,0
SDC,2012-12-17,2.95,2.95,2.95,2.95,0
SDC,2012-12-18,2.95,2.95,2.95,2.95,0
SDC,2012-12-19,2.95,2.95,2.95,2.95,0
SDC,2012-12-20,2.95,2.95,2.95,2.95,0
SDC,2012-12-21,2.95,2.95,2.95,2.95,0
SDC,2012-12-24,2.95,2.95,2.95,2.95,0
SDC,2012-12-25,2.95,2.95,2.95,2.95,0
SDC,2012-12-26,2.95,2.95,2.95,2.95,0
SDC,2012-12-27,2.95,2.95,2.95,2.95,0
SDC,2012-12-28,2.95,2.95,2.95,2.95,0
SDC,2013-01-02,2.95,2.95,2.95,2.95,0
SDC,2013-01-03,2.95,2.95,2.95,2.95,0
SDC,2013-01-04,2.95,2.95,2.95,2.95,0
SDC,2013-01-07,2.95,2.95,2.95,2.95,0
SDC,2013-01-08,2.95,2.95,2.95,2.95,0
SDC,2013-01-09,2.95,2.95,2.95,2.95,0
SDC,2013-01-10,2.95,2.95,2.95,2.95,0
SDC,2013-01-11,2.95,2.95,2.95,2.95,0
SDC,2013-01-14,2.75,2.75,2.75,2.75,8800
SDC,2013-01-15,2.71,2.71,2.71,2.71,800
SDC,2013-01-16,2.55,2.55,2.55,2.55,100
SDC,2013-01-17,2.55,2.55,2.55,2.55,0
SDC,2013-01-18,2.55,2.55,2.55,2.55,0
SDC,2013-01-21,2.55,2.55,2.55,2.55,0
SDC,2013-01-22,2.55,2.55,2.55,2.55,0
SDC,2013-01-23,2.55,2.55,2.55,2.55,0
SDC,2013-01-24,2.55,2.55,2.55,2.55,0
SDC,2013-01-25,2.75,2.75,2.75,2.75,200
SDC,2013-01-28,2.75,2.75,2.75,2.75,0
SDC,2013-01-29,2.75,2.75,2.75,2.75,0
SDC,2013-01-30,2.75,2.75,2.75,2.75,0
SDC,2013-01-31,2.75,2.75,2.75,2.75,0
SDC,2013-02-01,2.75,2.75,2.75,2.75,0
SDC,2013-02-04,2.55,2.55,2.55,2.55,1000
SDC,2013-02-05,2.55,2.55,2.55,2.55,0
SDC,2013-02-06,2.55,2.55,2.55,2.55,0
SDC,2013-02-07,2.55,2.55,2.55,2.55,0
SDC,2013-02-08,2.55,2.55,2.55,2.55,0
SDC,2013-02-18,2.55,2.55,2.55,2.55,0
SDC,2013-02-19,2.55,2.55,2.55,2.55,0
SDC,2013-02-20,2.55,2.55,2.55,2.55,0
SDC,2013-02-21,2.55,2.55,2.55,2.55,0
SDC,2013-02-22,2.55,2.55,2.55,2.55,0
SDC,2013-02-25,2.55,2.55,2.55,2.55,0
SDC,2013-02-26,2.55,2.55,2.55,2.55,0
SDC,2013-02-27,2.55,2.55,2.55,2.55,0
SDC,2013-02-28,2.55,2.55,2.55,2.55,0
SDC,2013-03-01,2.55,2.55,2.55,2.55,0
SDC,2013-03-04,2.55,2.55,2.55,2.55,0
SDC,2013-03-05,2.55,2.55,2.55,2.55,0
SDC,2013-03-06,2.55,2.55,2.55,2.55,0
SDC,2013-03-07,2.55,2.55,2.55,2.55,0
SDC,2013-03-08,2.55,2.55,2.55,2.55,0
SDC,2013-03-11,2.55,2.55,2.55,2.55,200
SDC,2013-03-12,2.55,2.55,2.55,2.55,0
SDC,2013-03-13,2.55,2.55,2.55,2.55,0
SDC,2013-03-14,2.55,2.55,2.55,2.55,0
SDC,2013-03-15,2.55,2.55,2.55,2.55,0
SDC,2013-03-18,2.55,2.55,2.55,2.55,0
SDC,2013-03-19,2.55,2.55,2.55,2.55,0
SDC,2013-03-20,2.55,2.55,2.55,2.55,0
SDC,2013-03-21,2.55,2.55,2.55,2.55,0
SDC,2013-03-22,2.55,2.55,2.55,2.55,0
SDC,2013-03-25,2.55,2.55,2.55,2.55,0
SDC,2013-03-26,2.55,2.55,2.55,2.55,0
SDC,2013-03-27,2.55,2.55,2.55,2.55,0
SDC,2013-03-28,2.55,2.55,2.55,2.55,0
SDC,2013-03-29,2.55,2.55,2.55,2.55,0
SDC,2013-04-01,2.55,2.55,2.55,2.55,0
SDC,2013-04-02,2.55,2.55,2.55,2.55,0
SDC,2013-04-03,2.32,2.32,2.32,2.32,200
SDC,2013-04-04,2.32,2.32,2.32,2.32,1000
SDC,2013-04-05,2.32,2.32,2.32,2.32,200
SDC,2013-04-08,2.28,2.36,2.28,2.36,600
SDC,2013-04-09,2.36,2.36,2.36,2.36,0
SDC,2013-04-10,2.36,2.36,2.36,2.36,1600
SDC,2013-04-11,2.36,2.36,2.36,2.36,500
SDC,2013-04-12,2.36,2.36,2.36,2.36,500
SDC,2013-04-15,2.36,2.36,2.36,2.36,0
SDC,2013-04-16,2.36,2.36,2.36,2.36,500
SDC,2013-04-17,2.32,2.32,2.32,2.32,400
SDC,2013-04-18,2.36,2.36,2.36,2.36,500
SDC,2013-04-22,2.36,2.36,2.36,2.36,0
SDC,2013-04-23,2.36,2.36,2.36,2.36,0
SDC,2013-04-24,2.36,2.36,2.36,2.36,0
SDC,2013-04-25,2.36,2.36,2.36,2.36,200
SDC,2013-04-26,2.36,2.36,2.36,2.36,500
SDC,2013-05-02,2.36,2.36,2.36,2.36,0
SDC,2013-05-03,2.44,2.44,2.44,2.44,3100
SDC,2013-05-06,2.44,2.44,2.44,2.44,0
SDC,2013-05-07,2.44,2.44,2.44,2.44,0
SDC,2013-05-08,2.44,2.44,2.44,2.44,0
SDC,2013-05-09,2.44,2.44,2.44,2.44,0
SDC,2013-05-10,2.44,2.44,2.44,2.44,0
SDC,2013-05-13,2.44,2.44,2.44,2.44,0
SDC,2013-05-14,2.44,2.44,2.44,2.44,0
SDC,2013-05-15,2.44,2.44,2.44,2.44,0
SDC,2013-05-16,2.44,2.44,2.44,2.44,0
SDC,2013-05-17,2.44,2.44,2.44,2.44,0
SDC,2013-05-20,2.44,2.44,2.44,2.44,0
SDC,2013-05-21,2.44,2.44,2.44,2.44,0
SDC,2013-05-22,2.44,2.44,2.44,2.44,0
SDC,2013-05-23,2.55,2.55,2.55,2.55,1900
SDC,2013-05-24,2.55,2.55,2.55,2.55,500
SDC,2013-05-27,2.55,2.55,2.55,2.55,0
SDC,2013-05-28,2.55,2.55,2.55,2.55,0
SDC,2013-05-29,2.32,2.55,2.32,2.55,300
SDC,2013-05-30,2.55,2.55,2.55,2.55,400
SDC,2013-05-31,2.55,2.55,2.55,2.55,0
SDC,2013-06-03,2.55,2.55,2.55,2.55,100
SDC,2013-06-04,2.55,2.55,2.55,2.55,0
SDC,2013-06-05,2.55,2.55,2.55,2.55,0
SDC,2013-06-06,2.55,2.55,2.55,2.55,4000
SDC,2013-06-07,2.36,2.55,2.36,2.55,1900
SDC,2013-06-10,2.55,2.55,2.55,2.55,0
SDC,2013-06-11,2.55,2.55,2.55,2.55,0
SDC,2013-06-12,2.55,2.55,2.55,2.55,0
SDC,2013-06-13,2.55,2.55,2.55,2.55,0
SDC,2013-06-14,2.79,2.79,2.79,2.79,1000
SDC,2013-06-17,2.79,2.79,2.79,2.79,0
SDC,2013-06-18,3.06,3.06,3.06,3.06,3100
SDC,2013-06-19,3.06,3.06,3.06,3.06,0
SDC,2013-06-20,2.79,3.34,2.79,3.34,1600
SDC,2013-06-21,3.65,3.65,3.65,3.34,1000
SDC,2013-06-24,3.3,4.01,3.3,4.01,600
SDC,2013-06-25,3.61,3.61,3.61,3.61,100
SDC,2013-06-26,3.26,3.26,3.26,3.26,100
SDC,2013-06-27,3.26,3.26,3.26,3.26,0
SDC,2013-06-28,3.22,3.22,3.22,3.22,600
SDC,2013-07-01,3.22,3.22,3.22,3.22,0
SDC,2013-07-02,3.22,3.22,3.22,3.22,0
SDC,2013-07-03,3.22,3.22,3.22,3.22,0
SDC,2013-07-04,3.22,3.22,3.22,3.22,0
SDC,2013-07-05,3.22,3.22,3.22,3.22,0
SDC,2013-07-08,3.22,3.22,3.22,3.22,0
SDC,2013-07-09,3.22,3.22,3.22,3.22,0
SDC,2013-07-10,3.22,3.22,3.22,3.22,0
SDC,2013-07-11,3.54,3.54,3.54,3.54,100
SDC,2013-07-12,3.54,3.54,3.54,3.54,0
SDC,2013-07-15,3.54,3.54,3.54,3.54,0
SDC,2013-07-16,3.54,3.54,3.54,3.54,0
SDC,2013-07-17,3.54,3.54,3.54,3.54,0
SDC,2013-07-18,3.54,3.54,3.54,3.54,0
SDC,2013-07-19,3.54,3.54,3.54,3.54,0
SDC,2013-07-22,3.54,3.54,3.54,3.54,0
SDC,2013-07-23,3.54,3.54,3.54,3.54,0
SDC,2013-07-24,3.54,3.54,3.54,3.54,0
SDC,2013-07-25,3.54,3.54,3.54,3.54,0
SDC,2013-07-26,3.54,3.54,3.54,3.54,0
SDC,2013-07-29,3.54,3.54,3.54,3.54,0
SDC,2013-07-30,3.54,3.54,3.54,3.54,0
SDC,2013-07-31,3.54,3.54,3.54,3.54,0
SDC,2013-08-01,3.54,3.54,3.54,3.54,0
SDC,2013-08-02,3.54,3.54,3.54,3.54,0
SDC,2013-08-05,3.98,3.98,3.98,3.98,0
SDC,2013-08-06,3.54,3.54,3.54,3.54,0
SDC,2013-08-07,3.98,3.98,3.98,3.98,0
SDC,2013-08-08,3.54,3.54,3.54,3.54,0
SDC,2013-08-09,3.54,3.54,3.54,3.54,0
SDC,2013-08-12,3.54,3.54,3.54,3.54,0
SDC,2013-08-13,3.54,3.54,3.54,3.54,0
SDC,2013-08-14,3.54,3.54,3.54,3.54,0
SDC,2013-08-15,3.54,3.54,3.54,3.54,0
SDC,2013-08-16,3.54,3.54,3.54,3.54,0
SDC,2013-08-19,3.54,3.54,3.54,3.54,0
SDC,2013-08-20,3.54,3.54,3.54,3.54,0
SDC,2013-08-21,3.54,3.54,3.54,3.54,0
SDC,2013-08-22,3.18,3.18,3.18,3.18,100
SDC,2013-08-23,3.14,3.14,3.14,3.14,1600
SDC,2013-08-26,3.14,3.14,3.14,3.14,0
SDC,2013-08-27,3.14,3.14,3.14,3.14,0
SDC,2013-08-28,3.14,3.14,3.14,3.14,0
SDC,2013-08-29,3.14,3.14,3.14,3.14,0
SDC,2013-08-30,3.14,3.14,3.14,3.14,0
SDC,2013-09-03,3.14,3.14,3.14,3.14,0
SDC,2013-09-04,3.14,3.14,3.14,3.14,0
SDC,2013-09-05,3.14,3.14,3.14,3.14,0
SDC,2013-09-06,3.14,3.14,3.14,3.14,0
SDC,2013-09-09,3.14,3.14,3.14,3.14,0
SDC,2013-09-10,3.14,3.14,3.14,3.14,0
SDC,2013-09-11,3.14,3.14,3.14,3.14,0
SDC,2013-09-12,3.14,3.14,3.14,3.14,0
SDC,2013-09-13,3.14,3.14,3.14,3.14,0
SDC,2013-09-16,3.14,3.14,3.14,3.14,0
SDC,2013-09-17,3.14,3.14,3.14,3.14,0
SDC,2013-09-18,3.14,3.14,3.14,3.14,0
SDC,2013-09-19,3.14,3.14,3.14,3.14,0
SDC,2013-09-20,3.14,3.14,3.14,3.14,0
SDC,2013-09-23,3.14,3.14,3.14,3.14,0
SDC,2013-09-24,3.14,3.14,3.14,3.14,0
SDC,2013-09-25,2.83,2.83,2.83,2.83,186
SDC,2013-09-26,2.83,2.83,2.83,2.83,0
SDC,2013-09-27,3.09,3.09,2.87,2.87,20000
SDC,2013-09-30,2.87,2.87,2.87,2.87,0
SDC,2013-10-01,2.87,2.87,2.87,2.87,0
SDC,2013-10-02,2.87,2.87,2.87,2.87,0
SDC,2013-10-03,2.87,2.87,2.87,2.87,0
SDC,2013-10-04,2.87,2.87,2.87,2.87,0
SDC,2013-10-07,2.87,2.87,2.87,2.87,0
SDC,2013-10-08,2.87,2.87,2.87,2.87,0
SDC,2013-10-09,2.87,2.87,2.87,2.87,0
SDC,2013-10-10,2.87,2.87,2.87,2.87,0
SDC,2013-10-11,2.87,2.87,2.87,2.87,0
SDC,2013-10-14,2.87,2.87,2.87,2.87,0
SDC,2013-10-15,2.87,2.87,2.87,2.87,0
SDC,2013-10-16,2.87,2.87,2.87,2.87,0
SDC,2013-10-17,2.65,2.65,2.65,2.65,100
SDC,2013-10-18,2.65,2.65,2.65,2.65,0
SDC,2013-10-21,2.65,2.65,2.43,2.43,300
SDC,2013-10-22,2.43,2.43,2.43,2.43,0
SDC,2013-10-23,2.25,2.25,2.25,2.25,200
SDC,2013-10-24,2.25,2.25,2.25,2.25,2
SDC,2013-10-25,2.25,2.25,2.25,2.25,51
SDC,2013-10-28,2.25,2.25,2.25,2.25,0
SDC,2013-10-29,2.48,2.48,2.48,2.48,100
SDC,2013-10-30,2.7,2.7,2.7,2.7,300
SDC,2013-10-31,2.96,2.96,2.96,2.96,1000
SDC,2013-11-01,2.96,2.96,2.96,2.96,0
SDC,2013-11-04,2.96,2.96,2.96,2.96,0
SDC,2013-11-05,2.96,3.23,2.96,3.23,500
SDC,2013-11-06,3.23,3.23,3.23,3.23,0
SDC,2013-11-07,3.23,3.23,3.23,3.23,0
SDC,2013-11-08,3.45,3.45,2.96,2.96,200
SDC,2013-11-11,2.96,2.96,2.96,2.96,0
SDC,2013-11-12,2.96,2.96,2.96,2.96,0
SDC,2013-11-13,2.96,2.96,2.96,2.96,0
SDC,2013-11-14,2.96,2.96,2.96,2.96,0
SDC,2013-11-15,3.14,3.14,3.14,3.14,400
SDC,2013-11-18,3.14,3.14,3.14,3.14,0
SDC,2013-11-19,3.4,3.4,3.4,3.4,100
SDC,2013-11-20,3.4,3.4,3.4,3.4,0
SDC,2013-11-21,3.4,3.67,3.09,3.62,1300
SDC,2013-11-22,3.62,3.62,3.62,3.62,100
SDC,2013-11-25,3.27,3.27,3.27,3.27,1600
SDC,2013-11-26,3.58,3.58,3.58,3.58,100
SDC,2013-11-27,3.23,3.23,3.23,3.23,1300
SDC,2013-11-28,3.23,3.23,3.23,3.23,0
SDC,2013-11-29,3.23,3.23,3.23,3.23,0
SDC,2013-12-02,2.96,2.96,2.96,2.96,149
SDC,2013-12-03,2.96,2.96,2.96,2.96,300
SDC,2013-12-04,2.78,2.78,2.74,2.74,200
SDC,2013-12-05,2.74,2.74,2.74,2.74,0
SDC,2013-12-06,2.74,2.74,2.74,2.74,0
SDC,2013-12-09,2.74,2.74,2.74,2.74,500
SDC,2013-12-10,2.74,2.74,2.74,2.74,0
SDC,2013-12-11,2.74,2.74,2.74,2.74,0
SDC,2013-12-12,2.74,2.74,2.74,2.74,0
SDC,2013-12-13,2.74,2.74,2.74,2.74,0
SDC,2013-12-16,3.01,3.01,3.01,3.01,100
SDC,2013-12-17,3.18,3.27,3.18,3.27,300
SDC,2013-12-18,3.27,3.27,3.27,3.27,0
SDC,2013-12-19,3.27,3.27,3.27,3.27,0
SDC,2013-12-20,3.27,3.27,3.27,3.27,0
SDC,2013-12-23,3.27,3.54,3.27,3.27,1351
SDC,2013-12-24,3.78,3.78,3.78,3.78,0
SDC,2013-12-25,3.78,3.78,3.78,3.78,0
SDC,2013-12-26,3.78,3.78,3.78,3.78,0
SDC,2013-12-27,3.78,3.78,3.78,3.78,0
SDC,2013-12-30,3.78,3.78,3.78,3.78,0
SDC,2013-12-31,3.78,3.78,3.78,3.78,0
SDC,2014-01-02,3.78,3.78,3.78,3.78,0
SDC,2014-01-03,3.78,3.78,3.78,3.78,0
SDC,2014-01-06,3.78,3.78,3.78,3.78,0
SDC,2014-01-07,3.78,3.78,3.78,3.78,0
SDC,2014-01-08,3.78,3.78,3.78,3.78,0
SDC,2014-01-09,3.78,3.78,3.78,3.78,0
SDC,2014-01-10,3.78,3.78,3.78,3.78,0
SDC,2014-01-13,3.78,3.78,3.78,3.78,0
SDC,2014-01-14,3.78,3.78,3.78,3.78,0
SDC,2014-01-15,3.78,3.78,3.78,3.78,0
SDC,2014-01-16,3.27,3.27,3.27,3.27,0
SDC,2014-01-17,3.78,3.78,3.78,3.78,0
SDC,2014-01-20,3.78,3.78,3.78,3.78,0
SDC,2014-01-21,3.58,3.58,3.58,3.58,1000
SDC,2014-01-22,3.88,3.94,3.88,3.94,4100
SDC,2014-01-23,4.24,4.29,4.24,4.29,1300
SDC,2014-01-24,4.29,4.29,4.29,4.29,0
SDC,2014-01-27,4.29,4.29,4.29,4.29,0
SDC,2014-02-06,4.29,4.29,4.29,4.29,0
SDC,2014-02-07,4.29,4.29,4.29,4.29,0
SDC,2014-02-10,4.29,4.29,4.29,4.29,0
SDC,2014-02-11,4.29,4.29,4.29,4.29,98
SDC,2014-02-12,4.29,4.29,4.29,4.29,2
SDC,2014-02-13,4.29,4.29,4.29,4.29,0
SDC,2014-02-14,4.29,4.29,4.29,4.29,0
SDC,2014-02-17,4.29,4.29,4.29,4.29,0
SDC,2014-02-18,4.29,4.29,4.29,4.29,0
SDC,2014-02-19,4.29,4.29,4.29,4.29,2100
SDC,2014-02-20,4.29,4.29,4.29,4.29,0
SDC,2014-02-21,4.29,4.29,4.29,4.29,0
SDC,2014-02-24,4.29,4.29,4.29,4.29,200
SDC,2014-02-25,4.34,4.34,4.29,4.29,900
SDC,2014-02-26,4.34,4.6,4.34,4.6,1100
SDC,2014-02-27,4.29,4.29,4.29,4.29,500
SDC,2014-02-28,4.7,4.7,4.7,4.7,3100
SDC,2014-03-03,4.86,5.16,4.86,5.16,1200
SDC,2014-03-04,5.62,5.62,5.37,5.37,2600
SDC,2014-03-05,5.88,5.88,5.88,5.88,200
SDC,2014-03-06,5.88,5.88,5.88,5.88,0
SDC,2014-03-07,6.44,6.44,6.44,6.44,1000
SDC,2014-03-10,6.44,6.44,6.44,6.44,0
SDC,2014-03-11,6.13,6.13,6.13,6.13,100
SDC,2014-03-12,6.13,6.13,6.13,6.13,0
SDC,2014-03-13,6.13,6.13,6.13,6.13,1000
SDC,2014-03-14,6.13,6.13,6.13,6.13,600
SDC,2014-03-17,6.13,6.13,6.13,6.13,200
SDC,2014-03-18,6.13,6.13,6.13,6.13,600
SDC,2014-03-19,6.13,6.13,6.13,6.13,1900
SDC,2014-03-20,6.13,6.13,6.13,6.13,200
SDC,2014-03-21,6.13,6.13,6.13,6.13,0
SDC,2014-03-24,6.13,6.13,6.13,6.13,100
SDC,2014-03-25,6.13,6.13,6.13,6.13,200
SDC,2014-03-26,5.62,5.62,5.62,5.62,100
SDC,2014-03-27,5.52,5.52,5.52,5.52,200
SDC,2014-03-28,5.52,5.52,5.52,5.52,0
SDC,2014-03-31,5.88,5.88,5.88,5.88,400
SDC,2014-04-01,5.42,5.42,5.42,5.42,3000
SDC,2014-04-02,5.42,5.42,5.42,5.42,0
SDC,2014-04-03,5.42,5.42,5.42,5.42,0
SDC,2014-04-04,5.42,5.42,5.42,5.42,200
SDC,2014-04-07,5.42,5.42,5.42,5.42,0
SDC,2014-04-08,5.42,5.42,5.42,5.42,0
SDC,2014-04-10,5.42,5.42,5.42,5.42,0
SDC,2014-04-11,5.21,5.21,5.21,5.21,2500
SDC,2014-04-14,5.21,5.21,5.21,5.21,0
SDC,2014-04-15,5.21,5.21,5.21,5.21,10
SDC,2014-04-16,5.21,5.21,5.21,5.21,0
SDC,2014-04-17,5.72,5.72,5.72,5.72,1000
SDC,2014-04-18,5.72,5.72,5.72,5.72,0
SDC,2014-04-21,5.72,5.72,5.72,5.72,0
SDC,2014-04-22,5.72,5.72,5.72,5.72,0
SDC,2014-04-23,5.72,5.72,5.72,5.72,0
SDC,2014-04-24,5.72,5.72,5.72,5.72,0
SDC,2014-04-25,5.72,5.72,5.72,5.72,0
SDC,2014-04-28,6.29,6.29,6.29,6.29,1000
SDC,2014-04-29,6.29,6.29,6.29,6.29,0
SDC,2014-05-05,6.29,6.29,6.29,6.29,0
SDC,2014-05-06,6.29,6.29,6.29,6.29,0
SDC,2014-05-07,6.29,6.29,6.29,6.29,0
SDC,2014-05-08,6.29,6.29,6.29,6.29,0
SDC,2014-05-09,6.29,6.29,6.29,6.29,0
SDC,2014-05-12,5.67,5.67,5.67,5.67,1000
SDC,2014-05-13,5.11,5.11,5.11,5.11,1000
SDC,2014-05-14,5.11,5.11,5.11,5.11,0
SDC,2014-05-15,5.11,5.11,5.11,5.11,0
SDC,2014-05-16,5.11,5.11,5.11,5.11,0
SDC,2014-05-19,5.11,5.11,5.11,5.11,100
SDC,2014-05-20,4.86,4.86,4.6,4.6,610
SDC,2014-05-21,4.6,4.6,4.6,4.6,0
SDC,2014-05-22,4.6,4.6,4.6,4.6,0
SDC,2014-05-23,4.6,4.6,4.6,4.6,0
SDC,2014-05-26,4.6,4.6,4.6,4.6,0
SDC,2014-05-27,4.6,4.6,4.6,4.6,0
SDC,2014-05-28,4.6,4.6,4.6,4.6,0
SDC,2014-05-29,5.06,5.06,5.06,5.06,500
SDC,2014-05-30,5.52,5.52,5.52,5.52,100
SDC,2014-06-02,6.03,6.03,6.03,6.03,400
SDC,2014-06-03,6.03,6.03,6.03,6.03,0
SDC,2014-06-04,5.47,5.47,5.47,5.47,200
SDC,2014-06-05,5.47,5.47,5.47,5.47,0
SDC,2014-06-06,5.47,5.47,5.47,5.47,0
SDC,2014-06-09,5.78,5.78,5.78,5.78,100
SDC,2014-06-10,5.78,5.78,5.78,5.78,0
SDC,2014-06-11,6.34,6.34,6.34,6.34,1000
SDC,2014-06-12,6.34,6.34,6.34,6.34,0
SDC,2014-06-13,6.34,6.34,6.34,6.34,0
SDC,2014-06-16,6.34,6.34,6.34,6.34,0
SDC,2014-06-17,6.34,6.34,6.34,6.34,0
SDC,2014-06-18,6.34,6.34,6.34,6.34,0
SDC,2014-06-19,6.34,6.34,6.34,6.34,0
SDC,2014-06-20,6.34,6.34,6.34,6.34,0
SDC,2014-06-23,6.34,6.34,6.34,6.34,0
SDC,2014-06-24,6.34,6.34,6.34,6.34,0
SDC,2014-06-25,6.34,6.34,6.34,6.34,0
SDC,2014-06-26,6.34,6.34,6.34,6.34,0
SDC,2014-06-27,6.34,6.95,6.34,6.95,1000
SDC,2014-06-30,6.95,6.95,6.95,6.95,0
SDC,2014-07-01,6.95,6.95,6.95,6.95,0
SDC,2014-07-02,6.95,6.95,6.95,6.95,0
SDC,2014-07-03,6.95,6.95,6.95,6.95,0
SDC,2014-07-04,6.95,6.95,6.95,6.95,0
SDC,2014-07-07,6.95,6.95,6.95,6.95,0
SDC,2014-07-08,6.95,6.95,6.95,6.95,0
SDC,2014-07-09,6.95,6.95,6.95,6.95,0
SDC,2014-07-10,6.95,6.95,6.95,6.95,0
SDC,2014-07-11,6.95,6.95,6.95,6.95,0
SDC,2014-07-14,6.95,6.95,6.95,6.95,0
SDC,2014-07-15,6.64,6.64,6.29,6.29,200
SDC,2014-07-16,6.29,6.29,6.29,6.29,0
SDC,2014-07-17,6.29,6.29,6.29,6.29,100
SDC,2014-07-18,6.29,6.29,6.29,6.29,0
SDC,2014-07-21,6.29,6.29,6.29,6.29,0
SDC,2014-07-22,6.29,6.29,6.29,6.29,0
SDC,2014-07-23,6.29,6.29,6.29,6.29,0
SDC,2014-07-24,6.29,6.29,6.29,6.29,0
SDC,2014-07-25,6.29,6.29,6.29,6.29,0
SDC,2014-07-28,6.29,6.29,6.29,6.29,0
SDC,2014-07-29,6.29,6.29,6.29,6.29,0
SDC,2014-07-30,6.29,6.29,6.29,6.29,0
SDC,2014-07-31,6.29,6.29,6.29,6.29,0
SDC,2014-08-01,6.29,6.29,6.29,6.29,0
SDC,2014-08-04,6.29,6.29,6.29,6.29,0
SDC,2014-08-05,6.29,6.29,6.29,6.29,0
SDC,2014-08-06,5.67,5.67,5.67,5.67,5700
SDC,2014-08-07,5.62,5.67,5.62,5.62,5600
SDC,2014-08-08,5.42,5.42,5.37,5.37,1300
SDC,2014-08-11,5.37,5.37,5.37,5.37,0
SDC,2014-08-12,5.37,5.37,5.37,5.37,0
SDC,2014-08-13,4.86,4.86,4.86,4.86,100
SDC,2014-08-14,4.86,4.86,4.86,4.86,0
SDC,2014-08-15,4.86,4.86,4.86,4.86,0
SDC,2014-08-18,5.11,5.11,5.11,5.11,100
SDC,2014-08-19,5.11,5.11,5.11,5.11,0
SDC,2014-08-20,5.62,5.62,5.62,5.62,1300
SDC,2014-08-21,5.62,5.62,5.62,5.62,100
SDC,2014-08-22,5.62,5.62,5.62,5.62,0
SDC,2014-08-25,5.62,5.62,5.62,5.62,100
SDC,2014-08-26,5.62,5.88,5.62,5.88,1200
SDC,2014-08-27,5.62,5.62,5.62,5.62,400
SDC,2014-08-28,5.62,5.62,5.62,5.62,0
SDC,2014-08-29,5.62,5.62,5.62,5.62,3600
SDC,2014-09-03,6.13,6.13,5.62,5.62,3200
SDC,2014-09-04,5.88,5.88,5.88,5.88,200
SDC,2014-09-05,5.98,6.03,5.98,6.03,800
SDC,2014-09-08,6.03,6.03,6.03,6.03,0
SDC,2014-09-09,5.88,5.88,5.88,5.88,1100
SDC,2014-09-10,5.88,5.88,5.88,5.88,0
SDC,2014-09-11,6.03,6.13,5.93,5.93,700
SDC,2014-09-12,5.93,5.93,5.93,5.93,0
SDC,2014-09-15,6.39,6.39,6.13,6.13,1500
SDC,2014-09-16,6.13,6.13,6.13,6.13,0
SDC,2014-09-17,6.13,6.75,6.13,6.75,4000
SDC,2014-09-18,6.64,6.64,6.64,6.64,800
SDC,2014-09-19,7.31,7.31,7.31,7.31,200
SDC,2014-09-22,7.31,7.31,7.31,7.31,0
SDC,2014-09-23,7.31,7.31,7.31,7.31,0
SDC,2014-09-24,7.31,7.31,7.31,7.31,0
SDC,2014-09-25,7.31,7.31,7.31,7.31,0
SDC,2014-09-26,7.31,7.31,7.31,7.31,0
SDC,2014-09-29,7.31,7.31,7.31,7.31,0
SDC,2014-09-30,7.31,7.31,7.31,7.31,0
SDC,2014-10-01,7.31,7.31,7.31,7.31,0
SDC,2014-10-02,7.31,7.31,7.31,7.31,0
SDC,2014-10-03,7.31,7.31,7.31,7.31,0
SDC,2014-10-06,7.31,7.31,7.31,7.31,0
SDC,2014-10-07,7.31,7.31,7.31,7.31,0
SDC,2014-10-08,7.15,7.15,7.15,7.15,227
SDC,2014-10-09,6.64,6.64,6.64,6.64,7920
SDC,2014-10-10,6.64,6.64,6.64,6.64,0
SDC,2014-10-13,6.64,6.64,6.64,6.64,0
SDC,2014-10-14,6.54,6.54,6.44,6.44,6200
SDC,2014-10-15,6.44,6.44,6.44,6.44,0
SDC,2014-10-16,6.13,6.13,6.13,6.13,5100
SDC,2014-10-17,5.88,5.88,5.88,5.88,200
SDC,2014-10-20,5.88,5.88,5.88,5.88,0
SDC,2014-10-21,5.88,5.88,5.88,5.88,0
SDC,2014-10-22,5.88,5.88,5.88,5.88,31
SDC,2014-10-23,5.88,5.93,5.88,5.93,5166
SDC,2014-10-24,5.93,5.93,5.93,5.93,0
SDC,2014-10-27,5.93,5.93,5.93,5.93,3
SDC,2014-10-28,5.93,5.93,5.93,5.93,200
SDC,2014-10-29,5.93,5.93,5.93,5.93,0
SDC,2014-10-30,5.93,5.93,5.62,5.62,900
SDC,2014-10-31,5.62,5.62,5.62,5.62,0
SDC,2014-11-03,5.62,5.62,5.62,5.62,0
SDC,2014-11-04,5.62,5.62,5.62,5.62,0
SDC,2014-11-05,5.62,5.62,5.62,5.62,0
SDC,2014-11-06,5.62,5.62,5.62,5.62,0
SDC,2014-11-07,6.08,6.08,6.08,6.08,4600
SDC,2014-11-10,6.08,6.08,6.08,6.08,0
SDC,2014-11-11,6.08,6.08,6.08,6.08,0
SDC,2014-11-12,6.08,6.08,6.08,6.08,0
SDC,2014-11-13,6.13,6.13,6.13,6.13,100
SDC,2014-11-14,6.13,6.13,6.13,6.13,0
SDC,2014-11-17,6.13,6.13,6.13,6.13,0
SDC,2014-11-18,6.13,6.13,6.13,6.13,0
SDC,2014-11-19,6.13,6.13,6.13,6.13,2000
SDC,2014-11-20,6.13,6.13,6.13,6.13,0
SDC,2014-11-21,6.08,6.08,6.08,6.08,200
SDC,2014-11-24,6.49,6.64,6.49,6.64,5300
SDC,2014-11-25,7.31,7.31,7.31,7.31,100
SDC,2014-11-26,7.97,7.97,7.97,7.97,440
SDC,2014-11-27,7.97,7.97,7.97,7.97,104
SDC,2014-11-28,7.97,7.97,7.97,7.97,0
SDC,2014-12-01,7.21,7.21,7.21,7.21,100
SDC,2014-12-02,6.49,7.92,6.49,7.92,344
SDC,2014-12-03,7.15,7.15,7.15,7.15,146
SDC,2014-12-04,6.44,6.44,6.44,6.44,100
SDC,2014-12-05,6.44,6.44,6.44,6.44,5704
SDC,2014-12-08,6.64,7.05,6.64,7.05,802
SDC,2014-12-09,7.15,7.72,7.15,7.72,404
SDC,2014-12-10,7.72,7.72,7.72,7.72,0
SDC,2014-12-11,7.67,8.13,7.67,8.13,600
SDC,2014-12-12,8.13,8.13,8.13,8.13,0
SDC,2014-12-15,7.36,7.36,7.36,7.36,1100
SDC,2014-12-16,7.36,7.36,7.36,7.36,72
SDC,2014-12-17,7.36,7.36,7.36,7.36,0
SDC,2014-12-18,6.64,6.64,6.64,6.64,10000
SDC,2014-12-19,6.64,6.64,6.64,6.64,10000
SDC,2014-12-22,6.64,6.64,6.64,6.64,6337
SDC,2014-12-23,6.39,6.39,6.39,6.39,3700
SDC,2014-12-24,6.39,6.39,6.39,6.39,29
SDC,2014-12-25,6.85,6.85,6.85,6.85,146
SDC,2014-12-26,6.18,6.18,6.18,6.18,100
SDC,2014-12-29,6.13,6.13,6.13,6.13,104
SDC,2014-12-30,6.13,6.13,6.13,6.13,100
SDC,2014-12-31,6.13,6.13,6.13,6.13,0
SDC,2015-01-05,6.13,6.13,6.13,6.13,0
SDC,2015-01-06,6.13,6.13,6.13,6.13,0
SDC,2015-01-07,6.39,6.39,6.39,6.39,300
SDC,2015-01-08,6.13,6.13,6.13,6.13,500
SDC,2015-01-09,6.44,6.44,6.44,6.44,212
SDC,2015-01-12,6.44,6.44,6.44,6.44,0
SDC,2015-01-13,7.05,7.05,7.05,7.05,100
SDC,2015-01-14,6.49,6.49,6.49,6.49,100
SDC,2015-01-15,6.49,6.49,6.49,6.49,0
SDC,2015-01-16,6.34,6.34,6.34,6.34,100
SDC,2015-01-19,6.34,6.34,6.34,6.34,0
SDC,2015-01-20,6.34,6.34,6.34,6.34,0
SDC,2015-01-21,6.34,6.34,6.34,6.34,0
SDC,2015-01-22,6.64,6.64,6.64,6.64,800
SDC,2015-01-23,6.64,6.64,6.64,6.64,0
SDC,2015-01-26,6.64,6.64,6.64,6.64,0
SDC,2015-01-27,6.64,6.64,6.64,6.64,0
SDC,2015-01-28,6.64,6.64,6.64,6.64,0
SDC,2015-01-29,6.64,6.64,6.64,6.64,200
SDC,2015-01-30,6.64,6.64,6.64,6.64,0
SDC,2015-02-02,6.13,6.69,6.13,6.64,400
SDC,2015-02-03,6.64,6.64,6.64,6.64,0
SDC,2015-02-04,6.64,6.64,6.64,6.64,0
SDC,2015-02-05,6.64,6.64,6.64,6.64,0
SDC,2015-02-06,7.31,7.31,7.31,7.31,500
SDC,2015-02-09,7.31,7.31,7.31,7.31,0
SDC,2015-02-10,7.31,7.31,7.31,7.31,0
SDC,2015-02-11,6.59,6.59,6.59,6.59,100
SDC,2015-02-12,7.21,7.21,7.21,7.21,109
SDC,2015-02-13,7.82,7.87,7.82,7.87,200
SDC,2015-02-24,7.87,7.87,7.87,7.87,0
SDC,2015-02-25,7.87,7.87,7.87,7.87,0
SDC,2015-02-26,8.18,8.64,8.18,8.64,1200
SDC,2015-02-27,8.64,8.64,8.64,8.64,0
SDC,2015-03-02,8.64,8.64,8.64,8.64,0
SDC,2015-03-03,8.64,8.64,8.64,8.64,80
SDC,2015-03-04,8.64,8.64,8.64,8.64,47
SDC,2015-03-05,8.64,8.64,8.64,8.64,0
SDC,2015-03-06,8.64,8.64,8.64,8.64,0
SDC,2015-03-09,8.64,8.64,8.64,8.64,0
SDC,2015-03-10,8.64,8.64,8.64,8.64,0
SDC,2015-03-11,8.64,8.64,8.64,8.64,0
SDC,2015-03-12,8.64,8.64,8.64,8.64,0
SDC,2015-03-13,8.64,8.64,8.64,8.64,200
SDC,2015-03-16,8.64,8.64,8.64,8.64,0
SDC,2015-03-17,8.64,8.64,8.64,8.64,0
SDC,2015-03-18,8.64,8.64,8.64,8.64,0
SDC,2015-03-19,8.64,8.64,8.64,8.64,20
SDC,2015-03-20,8.64,8.64,8.64,8.64,0
SDC,2015-03-23,8.18,8.18,8.18,8.18,8527
SDC,2015-03-24,7.36,8.18,7.36,7.92,18500
SDC,2015-03-25,7.15,7.15,7.15,7.15,200
SDC,2015-03-26,7.15,7.15,7.15,7.15,0
SDC,2015-03-27,7.56,7.67,7.56,7.67,1200
SDC,2015-03-30,7.67,7.67,7.67,7.67,0
SDC,2015-03-31,7.67,7.67,7.67,7.67,0
SDC,2015-04-01,7.67,7.67,7.67,7.67,2200
SDC,2015-04-02,7.67,7.67,7.67,7.67,0
SDC,2015-04-03,7.67,7.67,7.67,7.67,23
SDC,2015-04-06,7.67,7.67,7.67,7.67,0
SDC,2015-04-07,7.67,7.67,7.67,7.67,600
SDC,2015-04-08,8.43,8.43,8.43,8.43,1000
SDC,2015-04-09,9.25,9.25,9.25,9.25,3900
SDC,2015-04-10,9.97,10.17,9.97,10.17,8400
SDC,2015-04-13,11.14,11.14,10.22,11.14,5300
SDC,2015-04-14,12.21,12.21,12.21,12.21,100
SDC,2015-04-15,13.19,13.19,13.19,13.19,100
SDC,2015-04-16,14.46,14.46,14.46,14.46,100
SDC,2015-04-17,15.89,15.89,13.03,15.33,1500
SDC,2015-04-20,15.33,15.33,15.33,15.33,0
SDC,2015-04-21,13.8,13.8,13.8,13.8,100
SDC,2015-04-22,13.8,13.8,13.8,13.8,0
SDC,2015-04-23,13.8,13.8,13.8,13.8,0
SDC,2015-04-24,12.42,12.42,12.42,12.42,100
SDC,2015-04-27,12.42,12.42,12.42,12.42,0
SDC,2015-05-04,12.42,12.42,12.42,12.42,0
SDC,2015-05-05,12.42,12.42,12.42,12.42,0
SDC,2015-05-06,12.42,12.42,12.42,12.42,0
SDC,2015-05-07,12.42,12.42,12.42,12.42,0
SDC,2015-05-08,12.42,12.42,12.42,12.42,0
SDC,2015-05-11,12.42,12.42,12.42,12.42,0
SDC,2015-05-12,12.42,12.42,12.42,12.42,0
SDC,2015-05-13,12.42,12.42,12.42,12.42,0
SDC,2015-05-14,11.19,11.19,11.19,11.19,300
SDC,2015-05-15,11.19,11.19,11.19,11.19,0
SDC,2015-05-18,11.19,11.19,11.19,11.19,0
SDC,2015-05-19,10.12,10.12,10.12,10.12,200
SDC,2015-05-20,9.15,9.15,9.15,9.15,100
SDC,2015-05-21,9.15,9.15,9.15,9.15,0
SDC,2015-05-22,9.15,9.15,9.15,9.15,0
SDC,2015-05-25,8.28,8.28,8.28,8.28,400
SDC,2015-05-26,7.46,7.46,7.46,7.46,1200
SDC,2015-05-27,7.15,7.15,7.15,7.15,100
SDC,2015-05-28,7.15,7.15,7.15,7.15,0
SDC,2015-05-29,6.54,7.87,6.54,7.87,200
SDC,2015-06-01,7.87,7.87,7.87,7.87,0
SDC,2015-06-02,7.87,7.87,7.87,7.87,0
SDC,2015-06-03,7.87,7.87,7.87,7.87,0
SDC,2015-06-04,7.82,7.82,7.15,7.15,200
SDC,2015-06-05,7.15,7.15,7.15,7.15,0
SDC,2015-06-08,7.15,7.15,7.15,7.15,200
SDC,2015-06-09,7.15,7.15,7.15,7.15,0
SDC,2015-06-10,7.15,7.15,7.15,7.15,0
SDC,2015-06-11,7.41,7.41,7.41,7.41,100
SDC,2015-06-12,7.41,7.41,7.41,7.41,0
SDC,2015-06-15,7.41,7.41,7.41,7.41,0
SDC,2015-06-16,7.41,7.41,7.41,7.41,0
SDC,2015-06-17,7.41,7.41,7.41,7.41,0
SDC,2015-06-18,7.36,7.36,7.36,7.36,100
SDC,2015-06-19,7.51,7.51,7.51,7.51,800
SDC,2015-06-22,7.51,7.51,7.51,7.51,0
SDC,2015-06-23,7.51,7.51,7.51,7.51,0
SDC,2015-06-24,7.51,7.51,7.51,7.51,0
SDC,2015-06-25,7.51,7.51,7.51,7.51,0
SDC,2015-06-26,7.67,7.67,7.67,7.67,3300
SDC,2015-06-29,7.67,7.67,7.67,7.67,0
SDC,2015-06-30,7.67,7.67,7.67,7.67,0
SDC,2015-07-01,7.67,7.67,7.67,7.67,0
SDC,2015-07-02,7.67,7.67,7.67,7.67,0
SDC,2015-07-03,7.67,7.67,7.67,7.67,0
SDC,2015-07-06,7.67,7.67,7.67,7.67,10
SDC,2015-07-07,7.67,7.67,7.67,7.67,0
SDC,2015-07-08,7.67,7.67,7.67,7.67,200
SDC,2015-07-09,7.67,7.67,7.67,7.67,5100
SDC,2015-07-10,7.67,7.67,7.67,7.67,0
SDC,2015-07-13,7.67,7.67,7.67,7.67,0
SDC,2015-07-14,7.67,7.67,7.67,7.67,0
SDC,2015-07-15,7.67,7.67,7.67,7.67,0
SDC,2015-07-16,7.67,7.67,7.67,7.67,88
SDC,2015-07-17,7.67,7.67,7.67,7.67,0
SDC,2015-07-20,7.67,7.67,7.67,7.67,0
SDC,2015-07-21,7.67,7.67,7.67,7.67,2
SDC,2015-07-22,7.67,7.67,7.67,7.67,0
SDC,2015-07-23,7.0,7.0,7.0,7.0,100
SDC,2015-07-24,7.0,7.0,7.0,7.0,0
SDC,2015-07-27,7.0,7.0,7.0,7.0,0
SDC,2015-07-28,7.0,7.0,7.0,7.0,0
SDC,2015-07-29,7.0,7.0,7.0,7.0,0
SDC,2015-07-30,7.0,7.0,7.0,7.0,0
SDC,2015-07-31,7.55,7.55,7.55,7.55,0
SDC,2015-08-03,7.55,7.55,7.55,7.55,0
SDC,2015-08-04,7.55,7.55,7.55,7.55,0
SDC,2015-08-05,7.55,7.55,7.55,7.55,0
SDC,2015-08-06,7.55,7.55,7.55,7.55,0
SDC,2015-08-07,7.55,7.55,7.55,7.55,0
SDC,2015-08-10,7.55,7.55,7.55,7.55,0
SDC,2015-08-11,7.55,7.55,7.55,7.55,0
SDC,2015-08-12,7.06,7.06,7.06,7.06,100
SDC,2015-08-13,7.06,7.06,7.06,7.06,0
SDC,2015-08-14,7.06,7.06,7.06,7.06,0
SDC,2015-08-17,7.06,7.06,7.06,7.06,0
SDC,2015-08-18,7.06,7.06,7.06,7.06,0
SDC,2015-08-19,7.06,7.06,7.06,7.06,0
SDC,2015-08-20,7.06,7.06,7.06,7.06,0
SDC,2015-08-21,7.06,7.06,7.06,7.06,0
SDC,2015-08-24,7.06,7.06,7.06,7.06,0
SDC,2015-08-25,7.06,7.06,7.06,7.06,0
SDC,2015-08-26,7.06,7.06,7.06,7.06,0
SDC,2015-08-27,7.06,7.06,7.06,7.06,0
SDC,2015-08-28,7.06,7.06,7.06,7.06,0
SDC,2015-08-31,7.06,7.06,7.06,7.06,0
SDC,2015-09-01,7.06,7.06,7.06,7.06,0
SDC,2015-09-03,7.06,7.06,7.06,7.06,0
SDC,2015-09-04,7.06,7.06,7.06,7.06,0
SDC,2015-09-07,7.06,7.06,7.06,7.06,0
SDC,2015-09-08,7.06,7.06,7.06,7.06,0
SDC,2015-09-09,7.06,7.06,7.06,7.06,0
SDC,2015-09-10,7.06,7.06,7.06,7.06,0
SDC,2015-09-11,7.06,7.06,7.06,7.06,0
SDC,2015-09-14,7.06,7.06,7.06,7.06,0
SDC,2015-09-15,7.06,7.06,7.06,7.06,0
SDC,2015-09-16,7.17,7.17,7.17,7.17,300
SDC,2015-09-17,6.45,6.45,6.45,6.45,1400
SDC,2015-09-18,7.06,7.06,7.06,7.06,100
SDC,2015-09-21,7.17,7.17,7.17,7.17,100
SDC,2015-09-22,7.17,7.17,7.17,7.17,0
SDC,2015-09-23,7.17,7.17,7.17,7.17,300
SDC,2015-09-24,7.17,7.17,7.17,7.17,0
SDC,2015-09-25,7.17,7.17,7.17,7.17,0
SDC,2015-09-28,7.17,7.17,7.17,7.17,0
SDC,2015-09-29,7.17,7.17,7.17,7.17,0
SDC,2015-09-30,7.17,7.17,7.17,7.17,0
SDC,2015-10-01,7.17,7.17,7.17,7.17,0
SDC,2015-10-02,7.17,7.17,7.17,7.17,0
SDC,2015-10-05,7.17,7.17,7.17,7.17,70
SDC,2015-10-06,7.17,7.17,7.17,7.17,130
SDC,2015-10-07,7.17,7.17,7.17,7.17,0
SDC,2015-10-08,6.45,6.45,6.45,6.45,100
SDC,2015-10-09,7.06,7.06,7.06,7.06,100
SDC,2015-10-12,7.17,7.17,7.17,7.17,500
SDC,2015-10-13,6.45,7.11,6.45,7.11,200
SDC,2015-10-14,7.11,7.11,7.11,7.11,0
SDC,2015-10-15,7.11,7.11,7.11,7.11,0
SDC,2015-10-16,7.17,7.77,7.17,7.77,200
SDC,2015-10-19,7.0,7.0,7.0,7.0,100
SDC,2015-10-20,7.0,7.0,7.0,7.0,14
SDC,2015-10-21,7.0,7.0,7.0,7.0,0
SDC,2015-10-22,7.0,7.0,7.0,7.0,24
SDC,2015-10-23,7.66,7.66,7.66,7.66,100
SDC,2015-10-26,7.66,7.66,7.66,7.66,0
SDC,2015-10-27,7.66,7.66,7.66,7.66,0
SDC,2015-10-28,7.66,7.66,7.66,7.66,0
SDC,2015-10-29,8.21,8.38,8.21,8.38,1900
SDC,2015-10-30,8.38,8.38,8.38,8.38,0
SDC,2015-11-02,8.38,8.38,8.38,8.38,0
SDC,2015-11-03,8.38,8.38,8.38,8.38,0
SDC,2015-11-04,8.38,8.38,8.38,8.38,0
SDC,2015-11-05,8.38,8.38,8.38,8.38,0
SDC,2015-11-06,8.38,8.38,8.38,8.38,0
SDC,2015-11-09,8.38,8.38,8.38,8.38,0
SDC,2015-11-10,8.38,8.38,8.38,8.38,0
SDC,2015-11-11,7.72,8.38,7.72,8.38,200
SDC,2015-11-12,8.38,8.38,8.38,8.38,0
SDC,2015-11-13,8.38,8.38,8.38,8.38,0
SDC,2015-11-16,8.38,8.38,8.38,8.38,0
SDC,2015-11-17,8.38,8.38,8.38,8.38,0
SDC,2015-11-18,8.38,8.38,8.38,8.38,0
SDC,2015-11-19,8.38,8.38,8.38,8.38,24
SDC,2015-11-20,8.38,8.38,8.38,8.38,0
SDC,2015-11-23,8.38,8.38,8.38,8.38,0
SDC,2015-11-24,8.38,8.38,8.38,8.38,0
SDC,2015-11-25,7.72,7.72,7.55,7.55,1036
SDC,2015-11-26,7.55,7.55,7.55,7.55,0
SDC,2015-11-27,7.55,7.55,7.55,7.55,0
SDC,2015-11-30,7.55,7.55,7.55,7.55,0
SDC,2015-12-01,7.55,7.55,7.55,7.55,0
SDC,2015-12-02,7.55,7.55,7.55,7.55,0
SDC,2015-12-03,7.55,7.55,7.55,7.55,80
SDC,2015-12-04,7.55,7.55,7.55,7.55,0
SDC,2015-12-07,7.55,7.55,7.55,7.55,0
SDC,2015-12-08,7.44,7.44,7.44,7.44,3500
SDC,2015-12-09,7.44,7.44,7.44,7.44,0
SDC,2015-12-10,7.44,7.44,7.44,7.44,0
SDC,2015-12-11,7.44,7.44,7.44,7.44,700
SDC,2015-12-14,7.44,7.44,7.44,7.44,0
SDC,2015-12-15,7.39,7.39,7.39,7.39,100
SDC,2015-12-16,7.39,7.39,7.39,7.39,300
SDC,2015-12-17,7.39,7.39,7.39,7.39,0
SDC,2015-12-18,7.39,7.39,7.39,7.39,0
SDC,2015-12-21,7.39,7.39,7.39,7.39,0
SDC,2015-12-22,7.39,7.39,7.39,7.39,0
SDC,2015-12-23,7.39,7.39,7.39,7.39,0
SDC,2015-12-24,7.39,7.39,7.39,7.39,0
SDC,2015-12-25,7.39,7.39,7.39,7.39,0
SDC,2015-12-28,7.39,7.39,7.39,7.39,0
SDC,2015-12-29,6.67,6.67,6.67,6.67,222
SDC,2015-12-30,6.67,6.67,6.67,6.67,0
SDC,2015-12-31,6.67,6.67,6.67,6.67,0
SDC,2016-01-04,6.67,6.67,6.67,6.67,0
SDC,2016-01-05,6.06,6.06,6.06,6.06,300
SDC,2016-01-06,5.79,5.79,5.51,5.51,200
SDC,2016-01-07,5.51,5.51,5.51,5.51,600
SDC,2016-01-08,6.06,6.06,5.07,5.07,200
SDC,2016-01-11,4.96,4.96,4.96,4.96,100
SDC,2016-01-12,4.96,4.96,4.96,4.96,800
SDC,2016-01-13,4.96,4.96,4.96,4.96,0
SDC,2016-01-14,5.46,5.46,5.46,5.46,1000
SDC,2016-01-15,5.24,5.24,5.24,5.24,348
SDC,2016-01-18,4.91,4.91,4.91,4.91,200
SDC,2016-01-19,4.91,4.91,4.91,4.91,0
SDC,2016-01-20,4.69,4.69,4.69,4.69,240
SDC,2016-01-21,5.13,5.13,5.13,5.13,100
SDC,2016-01-22,5.13,5.13,5.13,5.13,0
SDC,2016-01-25,5.13,5.13,5.13,5.13,20
SDC,2016-01-26,5.13,5.13,5.13,5.13,0
SDC,2016-01-27,5.13,5.13,5.13,5.13,0
SDC,2016-01-28,5.13,5.13,5.13,5.13,0
SDC,2016-01-29,5.13,5.13,5.13,5.13,0
SDC,2016-02-01,5.13,5.51,5.13,5.51,200
SDC,2016-02-02,5.51,5.51,5.51,5.51,0
SDC,2016-02-03,5.24,5.57,5.24,5.57,200
SDC,2016-02-04,5.57,5.57,5.57,5.57,0
SDC,2016-02-05,5.57,5.57,5.57,5.57,0
SDC,2016-02-15,5.57,5.57,5.57,5.57,0
SDC,2016-02-16,5.57,5.57,5.57,5.57,0
SDC,2016-02-17,5.57,5.57,5.57,5.57,0
SDC,2016-02-18,5.02,5.35,5.02,5.35,200
SDC,2016-02-19,5.51,5.51,5.51,5.51,100
SDC,2016-02-22,5.84,5.84,5.84,5.84,400
SDC,2016-02-23,6.4,6.4,6.4,6.4,524
SDC,2016-02-24,7.0,7.0,7.0,7.0,100
SDC,2016-02-25,7.66,7.66,7.17,7.66,2960
SDC,2016-02-26,8.38,8.38,8.38,8.38,433
SDC,2016-02-29,9.15,9.15,9.15,9.15,134
SDC,2016-03-01,9.15,9.15,9.15,9.15,0
SDC,2016-03-02,9.15,9.15,9.15,9.15,0
SDC,2016-03-03,9.15,9.15,9.15,9.15,0
SDC,2016-03-04,9.15,9.15,9.15,9.15,0
SDC,2016-03-07,9.15,9.15,9.15,9.15,0
SDC,2016-03-08,9.15,9.15,9.15,9.15,0
SDC,2016-03-09,8.27,8.27,8.27,8.27,100
SDC,2016-03-10,8.27,8.27,8.27,8.27,0
SDC,2016-03-11,7.72,7.72,7.72,7.72,141
SDC,2016-03-14,7.72,7.72,7.72,7.72,0
SDC,2016-03-15,7.17,7.17,7.17,7.17,100
SDC,2016-03-16,7.17,7.17,7.17,7.17,0
SDC,2016-03-17,6.73,6.73,6.62,6.62,500
SDC,2016-03-18,6.62,6.62,6.62,6.62,2200
SDC,2016-03-21,6.62,6.62,6.62,6.62,0
SDC,2016-03-22,6.34,6.34,6.12,6.12,900
SDC,2016-03-23,6.73,6.73,6.73,6.73,100
SDC,2016-03-24,6.73,6.73,6.73,6.73,0
SDC,2016-03-25,6.06,6.62,6.06,6.62,2500
SDC,2016-03-28,5.95,5.95,5.95,5.95,100
SDC,2016-03-29,5.95,5.95,5.95,5.95,0
SDC,2016-03-30,5.95,5.95,5.95,5.95,100
SDC,2016-03-31,5.51,5.51,5.51,5.51,100
SDC,2016-04-01,5.51,5.51,5.51,5.51,63
SDC,2016-04-04,5.51,5.51,5.51,5.51,0
SDC,2016-04-05,5.29,6.06,5.29,6.06,200
SDC,2016-04-06,6.67,6.67,6.67,6.67,100
SDC,2016-04-07,7.28,7.33,7.28,7.33,300
SDC,2016-04-08,7.77,7.88,7.77,7.88,400
SDC,2016-04-11,7.44,7.44,7.44,7.44,500
SDC,2016-04-12,6.73,6.78,6.73,6.78,800
SDC,2016-04-13,6.78,6.78,6.78,6.78,0
SDC,2016-04-14,6.78,6.78,6.78,6.78,0
SDC,2016-04-15,6.78,6.78,6.78,6.78,0
SDC,2016-04-19,6.78,6.78,6.78,6.78,0
SDC,2016-04-20,6.78,6.78,6.78,6.78,0
SDC,2016-04-21,6.78,6.78,6.78,6.78,0
SDC,2016-04-22,6.78,6.78,6.78,6.78,0
SDC,2016-04-25,6.62,7.44,6.62,7.44,1100
SDC,2016-04-26,7.88,7.88,7.88,7.88,100
SDC,2016-04-27,7.88,7.88,7.88,7.88,0
SDC,2016-04-28,7.88,7.88,7.88,7.88,0
SDC,2016-04-29,8.6,8.6,8.6,8.6,100
SDC,2016-05-04,8.6,8.6,8.6,8.6,28
SDC,2016-05-05,8.6,8.6,8.6,8.6,9
SDC,2016-05-06,8.6,8.6,8.6,8.6,0
SDC,2016-05-09,8.6,8.6,8.6,8.6,0
SDC,2016-05-10,8.6,8.6,8.6,8.6,0
SDC,2016-05-11,8.6,8.6,8.6,8.6,0
SDC,2016-05-12,8.6,8.6,8.6,8.6,0
SDC,2016-05-13,8.6,8.6,8.6,8.6,0
SDC,2016-05-16,8.6,8.6,8.6,8.6,0
SDC,2016-05-17,8.6,8.6,8.6,8.6,0
SDC,2016-05-18,8.6,8.6,8.6,8.6,0
SDC,2016-05-19,8.6,8.6,8.6,8.6,0
SDC,2016-05-20,8.6,8.6,8.6,8.6,0
SDC,2016-05-23,8.6,8.6,8.6,8.6,0
SDC,2016-05-24,8.6,8.6,8.6,8.6,0
SDC,2016-05-25,8.6,8.6,8.6,8.6,0
SDC,2016-05-26,8.6,8.6,8.6,8.6,0
SDC,2016-05-27,8.6,8.6,8.6,8.6,0
SDC,2016-05-30,8.6,8.6,8.6,8.6,0
SDC,2016-05-31,8.6,8.6,8.6,8.6,0
SDC,2016-06-01,8.6,8.6,8.6,8.6,0
SDC,2016-06-02,8.6,8.6,8.6,8.6,0
SDC,2016-06-03,8.6,8.6,8.6,8.6,0
SDC,2016-06-06,8.6,8.6,8.6,8.6,0
SDC,2016-06-07,8.6,8.6,8.6,8.6,0
SDC,2016-06-08,8.6,8.6,8.6,8.6,0
SDC,2016-06-09,8.6,8.6,8.6,8.6,0
SDC,2016-06-10,8.6,8.6,8.6,8.6,0
SDC,2016-06-13,8.6,8.6,8.6,8.6,0
SDC,2016-06-14,8.6,8.6,8.6,8.6,0
SDC,2016-06-15,8.6,8.6,8.6,8.6,0
SDC,2016-06-16,8.6,8.6,8.6,8.6,0
SDC,2016-06-17,8.6,8.6,8.6,8.6,0
SDC,2016-06-20,8.6,8.6,8.6,8.6,0
SDC,2016-06-21,8.6,8.6,8.6,8.6,0
SDC,2016-06-22,8.6,8.6,8.6,8.6,0
SDC,2016-06-23,8.6,8.6,8.6,8.6,0
SDC,2016-06-24,8.6,8.6,8.6,8.6,0
SDC,2016-06-27,8.6,8.6,8.6,8.6,0
SDC,2016-06-28,8.6,8.6,8.6,8.6,0
SDC,2016-06-29,8.6,8.6,8.6,8.6,0
SDC,2016-06-30,8.6,8.6,8.6,8.6,0
SDC,2016-07-01,8.6,9.43,8.6,9.43,200
SDC,2016-07-04,10.31,10.31,10.31,10.31,100
SDC,2016-07-05,10.97,10.97,9.32,10.97,1200
SDC,2016-07-06,10.97,10.97,10.97,10.97,0
SDC,2016-07-07,10.97,10.97,10.97,10.97,0
SDC,2016-07-08,10.97,10.97,10.97,10.97,0
SDC,2016-07-11,11.8,11.8,11.8,11.8,100
SDC,2016-07-12,11.8,11.8,11.8,11.8,0
SDC,2016-07-13,11.8,11.8,11.8,11.8,0
SDC,2016-07-14,12.62,12.96,11.03,12.96,6500
SDC,2016-07-15,12.96,12.96,12.96,12.96,0
SDC,2016-07-18,12.96,12.96,12.96,12.96,0
SDC,2016-07-19,12.96,12.96,12.96,12.96,0
SDC,2016-07-20,12.96,12.96,12.96,12.96,0
SDC,2016-07-21,12.96,12.96,12.96,12.96,0
SDC,2016-07-22,12.96,12.96,12.96,12.96,0
SDC,2016-07-25,12.96,12.96,12.96,12.96,0
SDC,2016-07-26,12.96,12.96,12.96,12.96,0
SDC,2016-07-27,11.69,11.69,11.69,11.69,400
SDC,2016-07-28,11.69,11.69,11.69,11.69,0
SDC,2016-07-29,10.53,10.53,10.53,10.53,200
SDC,2016-08-01,10.53,10.53,10.53,10.53,0
SDC,2016-08-02,9.48,9.48,9.48,9.48,300
SDC,2016-08-03,9.48,9.48,9.48,9.48,0
SDC,2016-08-04,9.48,9.48,9.48,9.48,0
SDC,2016-08-05,9.48,9.48,9.48,9.48,0
SDC,2016-08-08,9.48,9.48,9.48,9.48,0
SDC,2016-08-09,9.48,9.48,9.48,9.48,0
SDC,2016-08-10,9.48,9.48,9.48,9.48,0
SDC,2016-08-11,9.48,9.48,9.48,9.48,0
SDC,2016-08-12,9.48,9.48,9.48,9.48,0
SDC,2016-08-15,9.48,9.48,9.48,9.48,0
SDC,2016-08-16,9.48,9.48,9.48,9.48,0
SDC,2016-08-17,9.48,9.48,9.48,9.48,0
SDC,2016-08-18,9.48,9.48,9.48,9.48,0
SDC,2016-08-19,9.48,9.48,9.48,9.48,0
SDC,2016-08-22,9.48,9.48,9.48,9.48,0
SDC,2016-08-23,9.48,9.48,9.48,9.48,0
SDC,2016-08-24,9.48,9.48,9.48,9.48,0
SDC,2016-08-25,8.55,8.55,8.55,8.55,200
SDC,2016-08-26,8.55,8.55,8.55,8.55,0
SDC,2016-08-29,8.55,8.55,8.55,8.55,0
SDC,2016-08-30,8.55,8.55,8.55,8.55,0
SDC,2016-08-31,8.55,8.55,8.55,8.55,0
SDC,2016-09-01,9.13,9.13,9.13,9.13,0
SDC,2016-09-05,9.13,9.13,9.13,9.13,0
SDC,2016-09-06,9.13,9.13,9.13,9.13,0
SDC,2016-09-07,9.13,9.13,9.13,9.13,0
SDC,2016-09-08,9.13,9.13,9.13,9.13,0
SDC,2016-09-09,9.13,9.13,9.13,9.13,0
SDC,2016-09-12,9.13,9.13,9.13,9.13,0
SDC,2016-09-13,9.13,9.13,9.13,9.13,0
SDC,2016-09-14,9.13,9.13,9.13,9.13,0
SDC,2016-09-15,9.13,9.13,9.13,9.13,0
SDC,2016-09-16,9.13,9.13,9.13,9.13,0
SDC,2016-09-19,9.13,9.13,9.13,9.13,0
SDC,2016-09-20,9.13,9.13,9.13,9.13,0
SDC,2016-09-21,9.13,9.13,9.13,9.13,0
SDC,2016-09-22,9.13,9.13,9.13,9.13,0
SDC,2016-09-23,9.13,9.13,9.13,9.13,0
SDC,2016-09-26,9.13,9.13,9.13,9.13,0
SDC,2016-09-27,9.13,9.13,9.13,9.13,0
SDC,2016-09-28,9.13,9.13,9.13,9.13,0
SDC,2016-09-29,9.13,9.13,9.13,9.13,0
SDC,2016-09-30,9.13,9.13,9.13,9.13,0
SDC,2016-10-03,9.13,9.13,9.13,9.13,0
SDC,2016-10-04,9.13,9.13,9.13,9.13,0
SDC,2016-10-05,9.13,9.13,9.13,9.13,0
SDC,2016-10-06,9.13,9.13,9.13,9.13,0
SDC,2016-10-07,9.13,9.13,9.13,9.13,0
SDC,2016-10-10,9.13,9.13,9.13,9.13,0
SDC,2016-10-11,9.13,9.13,9.13,9.13,0
SDC,2016-10-12,9.13,9.13,9.13,9.13,0
SDC,2016-10-13,9.13,9.13,9.13,9.13,0
SDC,2016-10-14,9.13,9.13,9.13,9.13,0
SDC,2016-10-17,9.13,9.13,9.13,9.13,0
SDC,2016-10-18,9.13,9.13,9.13,9.13,0
SDC,2016-10-19,9.13,9.13,9.13,9.13,0
SDC,2016-10-20,9.13,9.13,9.13,9.13,0
SDC,2016-10-21,9.13,9.13,9.13,9.13,0
SDC,2016-10-24,9.13,9.13,9.13,9.13,0
SDC,2016-10-25,9.13,9.13,9.13,9.13,0
SDC,2016-10-26,9.13,9.13,9.13,9.13,0
SDC,2016-10-27,9.13,9.13,9.13,9.13,0
SDC,2016-10-28,9.13,9.13,9.13,9.13,0
SDC,2016-10-31,9.13,9.13,9.13,9.13,0
SDC,2016-11-01,9.13,9.13,9.13,9.13,0
SDC,2016-11-02,9.13,9.13,9.13,9.13,0
SDC,2016-11-03,9.13,9.13,9.13,9.13,0
SDC,2016-11-04,9.13,9.13,9.13,9.13,0
SDC,2016-11-07,9.13,9.13,9.13,9.13,0
SDC,2016-11-08,9.13,9.13,9.13,9.13,0
SDC,2016-11-09,9.13,9.13,9.13,9.13,0
SDC,2016-11-10,9.13,9.13,9.13,9.13,0
SDC,2016-11-11,9.13,9.13,9.13,9.13,0
SDC,2016-11-14,9.13,9.13,9.13,9.13,0
SDC,2016-11-15,9.13,9.13,9.13,9.13,0
SDC,2016-11-16,9.13,9.13,9.13,9.13,0
SDC,2016-11-17,9.13,9.13,9.13,9.13,0
SDC,2016-11-18,9.13,9.13,9.13,9.13,0
SDC,2016-11-21,9.13,9.13,9.13,9.13,0
SDC,2016-11-22,9.13,9.13,9.13,9.13,0
SDC,2016-11-23,9.13,9.13,9.13,9.13,0
SDC,2016-11-24,9.13,9.13,9.13,9.13,0
SDC,2016-11-25,9.13,9.13,9.13,9.13,0
SDC,2016-11-28,9.13,9.13,9.13,9.13,0
SDC,2016-11-29,9.13,9.13,9.13,9.13,0
SDC,2016-11-30,9.13,9.13,9.13,9.13,0
SDC,2016-12-01,9.13,9.13,9.13,9.13,0
SDC,2016-12-02,9.13,9.13,9.13,9.13,0
SDC,2016-12-05,9.13,9.13,9.13,9.13,0
SDC,2016-12-06,9.13,9.13,9.13,9.13,0
SDC,2016-12-07,9.13,9.13,9.13,9.13,0
SDC,2016-12-08,9.13,9.13,9.13,9.13,0
SDC,2016-12-09,9.13,9.13,9.13,9.13,0
SDC,2016-12-12,9.13,9.13,9.13,9.13,0
SDC,2016-12-13,9.13,9.13,9.13,9.13,0
SDC,2016-12-14,9.13,9.13,9.13,9.13,0
SDC,2016-12-15,9.13,9.13,9.13,9.13,0
SDC,2016-12-16,9.13,9.13,9.13,9.13,0
SDC,2016-12-19,9.13,9.13,9.13,9.13,0
SDC,2016-12-20,9.13,9.13,9.13,9.13,0
SDC,2016-12-21,9.13,9.13,9.13,9.13,0
SDC,2016-12-22,9.13,9.13,9.13,9.13,0
SDC,2016-12-23,9.13,9.13,9.13,9.13,0
SDC,2016-12-26,9.13,9.13,9.13,9.13,0
SDC,2016-12-27,9.13,9.13,9.13,9.13,0
SDC,2016-12-28,9.13,9.13,9.13,9.13,0
SDC,2016-12-29,9.13,9.13,9.13,9.13,0
SDC,2016-12-30,9.13,9.13,9.13,9.13,0
SDC,2017-01-03,9.13,9.13,9.13,9.13,0
SDC,2017-01-04,9.13,9.13,9.13,9.13,0
SDC,2017-01-05,9.13,9.13,9.13,9.13,0
SDC,2017-01-06,9.13,9.13,9.13,9.13,0
SDC,2017-01-09,9.13,9.13,9.13,9.13,0
SDC,2017-01-10,9.13,9.13,9.13,9.13,0
SDC,2017-01-11,9.13,9.13,9.13,9.13,0
SDC,2017-01-12,9.13,9.13,9.13,9.13,0
SDC,2017-01-13,9.13,9.13,9.13,9.13,0
SDC,2017-01-16,9.13,9.13,9.13,9.13,0
SDC,2017-01-17,9.13,9.13,9.13,9.13,0
SDC,2017-01-18,9.13,9.13,9.13,9.13,0
SDC,2017-01-19,9.13,9.13,9.13,9.13,0
SDC,2017-01-20,9.13,9.13,9.13,9.13,0
SDC,2017-01-23,9.13,9.13,9.13,9.13,0
SDC,2017-01-24,9.13,9.13,9.13,9.13,0
SDC,2017-01-25,9.13,9.13,9.13,9.13,0
SDC,2017-02-02,9.13,9.13,9.13,9.13,0
SDC,2017-02-03,9.13,9.13,9.13,9.13,0
SDC,2017-02-06,9.13,9.13,9.13,9.13,0
SDC,2017-02-07,9.13,9.13,9.13,9.13,0
SDC,2017-02-08,9.13,9.13,9.13,9.13,0
SDC,2017-02-09,9.13,9.13,9.13,9.13,0
SDC,2017-02-10,9.13,9.13,9.13,9.13,0
SDC,2017-02-13,9.13,9.13,9.13,9.13,0
SDC,2017-02-14,9.13,9.13,9.13,9.13,0
SDC,2017-02-15,9.13,9.13,9.13,9.13,0
SDC,2017-02-16,9.13,9.13,9.13,9.13,0
SDC,2017-02-17,9.13,9.13,9.13,9.13,0
SDC,2017-02-20,9.13,9.13,9.13,9.13,0
SDC,2017-02-21,9.13,9.13,9.13,9.13,0
SDC,2017-02-22,9.13,9.13,9.13,9.13,0
SDC,2017-02-23,9.13,9.13,9.13,9.13,0
SDC,2017-02-24,9.13,9.13,9.13,9.13,0
SDC,2017-02-27,9.13,9.13,9.13,9.13,0
SDC,2017-02-28,9.13,9.13,9.13,9.13,0
SDC,2017-03-01,9.13,9.13,9.13,9.13,0
SDC,2017-03-02,9.13,9.13,9.13,9.13,0
SDC,2017-03-03,9.13,9.13,9.13,9.13,0
SDC,2017-03-06,9.13,9.13,9.13,9.13,0
SDC,2017-03-07,9.13,9.13,9.13,9.13,0
SDC,2017-03-08,9.13,9.13,9.13,9.13,0
SDC,2017-03-09,9.13,9.13,9.13,9.13,0
SDC,2017-03-10,9.13,9.13,9.13,9.13,0
SDC,2017-03-13,9.13,9.13,9.13,9.13,0
SDC,2017-03-14,9.13,9.13,9.13,9.13,0
SDC,2017-03-15,9.13,9.13,9.13,9.13,0
SDC,2017-03-16,9.13,9.13,9.13,9.13,0
SDC,2017-03-17,9.13,9.13,9.13,9.13,0
SDC,2017-03-20,9.13,9.13,9.13,9.13,0
SDC,2017-03-21,8.55,8.55,8.55,8.55,0
SDC,2017-03-22,8.55,8.55,8.55,8.55,0
SDC,2017-03-23,8.55,8.55,8.55,8.55,0
SDC,2017-03-24,8.55,8.55,8.55,8.55,0
SDC,2017-03-27,8.55,8.55,8.55,8.55,0
SDC,2017-03-28,8.55,8.55,8.55,8.55,0
SDC,2017-03-29,8.55,8.55,8.55,8.55,0
SDC,2017-03-30,8.55,8.55,8.55,8.55,0
SDC,2017-03-31,8.55,8.55,8.55,8.55,0
SDC,2017-04-03,8.55,8.55,8.55,8.55,0
SDC,2017-04-04,8.55,8.55,8.55,8.55,0
SDC,2017-04-05,8.55,8.55,8.55,8.55,0
SDC,2017-04-07,8.55,8.55,8.55,8.55,0
SDC,2017-04-10,8.55,8.55,8.55,8.55,0
SDC,2017-04-11,8.55,8.55,8.55,8.55,0
SDC,2017-04-12,8.55,8.55,8.55,8.55,0
SDC,2017-04-13,8.55,8.55,8.55,8.55,0
SDC,2017-04-14,8.55,8.55,8.55,8.55,0
SDC,2017-04-17,8.55,8.55,8.55,8.55,0
SDC,2017-04-18,8.55,8.55,8.55,8.55,0
SDC,2017-04-19,8.55,8.55,8.55,8.55,0
SDC,2017-04-20,8.55,8.55,8.55,8.55,0
SDC,2017-04-21,8.55,8.55,8.55,8.55,0
SDC,2017-04-24,8.55,8.55,8.55,8.55,0
SDC,2017-04-25,8.55,8.55,8.55,8.55,0
SDC,2017-04-26,8.55,8.55,8.55,8.55,0
SDC,2017-04-27,8.55,8.55,8.55,8.55,0
SDC,2017-04-28,8.55,8.55,8.55,8.55,0
SDC,2017-05-03,8.55,8.55,8.55,8.55,0
SDC,2017-05-04,8.55,8.55,8.55,8.55,0
SDC,2017-05-05,8.55,8.55,8.55,8.55,0
SDC,2017-05-08,8.55,8.55,8.55,8.55,0
SDC,2017-05-09,8.55,8.55,8.55,8.55,0
SDC,2017-05-10,8.55,8.55,8.55,8.55,0
SDC,2017-05-11,8.55,8.55,8.55,8.55,0
SDC,2017-05-12,8.55,8.55,8.55,8.55,0
SDC,2017-05-15,8.55,8.55,8.55,8.55,0
SDC,2017-05-16,8.55,8.55,8.55,8.55,0
SDC,2017-05-17,8.55,8.55,8.55,8.55,0
SDC,2017-05-18,8.55,8.55,8.55,8.55,0
SDC,2017-05-19,8.55,8.55,8.55,8.55,0
SDC,2017-05-22,8.55,8.55,8.55,8.55,0
SDC,2017-05-23,8.55,8.55,8.55,8.55,0
SDC,2017-05-24,8.55,8.55,8.55,8.55,0
SDC,2017-05-25,8.55,8.55,8.55,8.55,0
SDC,2017-05-26,8.55,8.55,8.55,8.55,0
SDC,2017-05-29,8.55,8.55,8.55,8.55,0
SDC,2017-05-30,8.55,8.55,8.55,8.55,0
SDC,2017-05-31,8.55,8.55,8.55,8.55,0
SDC,2017-06-01,8.55,8.55,8.55,8.55,0
SDC,2017-06-02,8.55,8.55,8.55,8.55,0
SDC,2017-06-05,8.55,8.55,8.55,8.55,0
SDC,2017-06-06,8.55,8.55,8.55,8.55,0
SDC,2017-06-07,8.55,8.55,8.55,8.55,0
SDC,2017-06-08,8.55,8.55,8.55,8.55,0
SDC,2017-06-09,8.55,8.55,8.55,8.55,0
SDC,2017-06-12,8.55,8.55,8.55,8.55,0
SDC,2017-06-13,8.55,8.55,8.55,8.55,0
SDC,2017-06-14,8.55,8.55,8.55,8.55,0
SDC,2017-06-15,8.55,8.55,8.55,8.55,0
SDC,2017-06-16,8.55,8.55,8.55,8.55,0
SDC,2017-06-19,8.55,8.55,8.55,8.55,0
SDC,2017-06-20,8.55,8.55,8.55,8.55,0
SDC,2017-06-21,8.55,8.55,8.55,8.55,0
SDC,2017-06-22,8.55,8.55,8.55,8.55,0
SDC,2017-06-23,8.55,8.55,8.55,8.55,0
SDC,2017-06-26,8.55,8.55,8.55,8.55,0
SDC,2017-06-27,8.55,8.55,8.55,8.55,0
SDC,2017-06-28,7.72,7.72,7.72,7.72,300
SDC,2017-06-29,7.72,7.72,7.72,7.72,0
SDC,2017-06-30,7.72,7.72,7.72,7.72,0
SDC,2017-07-03,7.72,7.72,7.72,7.72,0
SDC,2017-07-04,7.72,7.72,7.72,7.72,0
SDC,2017-07-05,7.72,7.72,7.72,7.72,0
SDC,2017-07-06,7.72,7.72,7.72,7.72,0
SDC,2017-07-07,7.72,7.72,7.72,7.72,0
SDC,2017-07-10,7.72,7.72,7.72,7.72,0
SDC,2017-07-11,8.43,8.43,8.43,8.43,100
SDC,2017-07-12,8.43,8.43,8.43,8.43,0
SDC,2017-07-13,8.43,8.43,8.43,8.43,0
SDC,2017-07-14,8.43,8.43,8.43,8.43,0
SDC,2017-07-17,8.43,8.43,8.43,8.43,0
SDC,2017-07-18,8.43,8.43,8.43,8.43,0
SDC,2017-07-19,8.43,8.43,8.43,8.43,0
SDC,2017-07-20,8.43,8.43,8.43,8.43,0
SDC,2017-07-21,8.43,8.43,8.43,8.43,0
SDC,2017-07-24,8.43,8.43,8.43,8.43,0
SDC,2017-07-25,8.43,8.43,8.43,8.43,0
SDC,2017-07-26,8.43,8.43,8.43,8.43,0
SDC,2017-07-27,8.43,8.43,8.43,8.43,1
SDC,2017-07-28,8.43,8.43,8.43,8.43,0
SDC,2017-07-31,8.43,8.43,8.43,8.43,0
SDC,2017-08-01,8.43,8.43,8.43,8.43,0
SDC,2017-08-02,8.43,8.43,8.43,8.43,0
SDC,2017-08-03,8.43,8.43,8.43,8.43,0
SDC,2017-08-04,8.43,8.43,8.43,8.43,0
SDC,2017-08-07,8.43,8.43,8.43,8.43,0
SDC,2017-08-08,8.43,8.43,8.43,8.43,0
SDC,2017-08-09,8.43,8.43,8.43,8.43,0
SDC,2017-08-10,8.43,8.43,8.43,8.43,0
SDC,2017-08-11,8.43,8.43,8.43,8.43,0
SDC,2017-08-14,8.43,8.43,8.43,8.43,0
SDC,2017-08-15,8.43,8.43,8.43,8.43,0
SDC,2017-08-16,8.43,8.43,8.43,8.43,0
SDC,2017-08-17,8.43,8.43,8.43,8.43,0
SDC,2017-08-18,8.43,8.43,8.43,8.43,0
SDC,2017-08-21,8.43,8.43,8.43,8.43,0
SDC,2017-08-22,8.43,8.43,8.43,8.43,0
SDC,2017-08-23,8.43,8.43,8.43,8.43,0
SDC,2017-08-24,8.43,8.43,8.43,8.43,0
SDC,2017-08-25,8.43,8.43,8.43,8.43,0
SDC,2017-08-28,8.43,8.43,8.43,8.43,0
SDC,2017-08-29,8.43,8.43,8.43,8.43,0
SDC,2017-08-30,8.43,8.43,8.43,8.43,0
SDC,2017-08-31,8.43,8.43,8.43,8.43,0
SDC,2017-09-01,8.43,8.43,8.43,8.43,0
SDC,2017-09-05,8.43,8.43,8.43,8.43,0
SDC,2017-09-06,8.43,8.43,8.43,8.43,0
SDC,2017-09-07,8.43,8.43,8.43,8.43,0
SDC,2017-09-08,8.43,8.43,8.43,8.43,0
SDC,2017-09-11,8.43,8.43,8.43,8.43,0
SDC,2017-09-12,8.43,8.43,8.43,8.43,0
SDC,2017-09-13,8.43,8.43,8.43,8.43,0
SDC,2017-09-14,8.43,8.43,8.43,8.43,0
SDC,2017-09-15,8.43,8.43,8.43,8.43,0
SDC,2017-09-18,8.43,8.43,8.43,8.43,0
SDC,2017-09-19,8.43,8.43,8.43,8.43,0
SDC,2017-09-20,8.43,8.43,8.43,8.43,0
SDC,2017-09-21,8.43,8.43,8.43,8.43,0
SDC,2017-09-22,8.55,8.55,8.55,8.55,100
SDC,2017-09-25,8.55,8.55,8.55,8.55,0
SDC,2017-09-26,8.55,8.55,8.55,8.55,0
SDC,2017-09-27,8.55,8.55,8.55,8.55,0
SDC,2017-09-28,8.55,8.55,8.55,8.55,600
SDC,2017-09-29,8.55,8.55,8.55,8.55,0
SDC,2017-10-02,8.55,8.55,8.55,8.55,0
SDC,2017-10-03,8.55,8.55,8.55,8.55,0
SDC,2017-10-04,8.55,8.55,8.55,8.55,0
SDC,2017-10-05,8.55,8.55,8.55,8.55,0
SDC,2017-10-06,8.55,8.55,8.55,8.55,0
SDC,2017-10-09,8.55,8.55,8.55,8.55,80
SDC,2017-10-10,8.55,8.55,8.55,8.55,0
SDC,2017-10-11,8.55,8.55,8.55,8.55,0
SDC,2017-10-12,8.55,8.55,8.55,8.55,0
SDC,2017-10-13,8.55,8.55,8.55,8.55,0
SDC,2017-10-16,8.55,8.55,8.55,8.55,0
SDC,2017-10-17,8.55,8.55,8.55,8.55,0
SDC,2017-10-18,8.55,8.55,8.55,8.55,0
SDC,2017-10-19,8.55,8.55,8.55,8.55,0
SDC,2017-10-20,8.55,8.55,8.55,8.55,0
SDC,2017-10-23,8.55,8.55,8.55,8.55,0
SDC,2017-10-24,8.55,8.55,8.55,8.55,0
SDC,2017-10-25,8.55,8.55,8.55,8.55,0
SDC,2017-10-26,8.55,8.55,8.55,8.55,0
SDC,2017-10-27,8.55,8.55,8.55,8.55,0
SDC,2017-10-30,8.55,8.55,8.55,8.55,0
SDC,2017-10-31,8.55,8.55,8.55,8.55,0
SDC,2017-11-01,8.55,8.55,8.55,8.55,0
SDC,2017-11-02,8.55,8.55,8.55,8.55,0
SDC,2017-11-03,8.55,8.55,8.55,8.55,0
SDC,2017-11-06,8.55,8.55,8.55,8.55,0
SDC,2017-11-07,8.55,8.55,8.55,8.55,0
SDC,2017-11-08,8.55,8.55,8.55,8.55,0
SDC,2017-11-09,8.55,8.55,8.55,8.55,0
SDC,2017-11-10,8.55,8.55,8.55,8.55,0
SDC,2017-11-13,8.55,8.55,8.55,8.55,0
SDC,2017-11-14,8.55,8.55,8.55,8.55,0
SDC,2017-11-15,8.55,8.55,8.55,8.55,0
SDC,2017-11-16,8.55,8.55,8.55,8.55,0
SDC,2017-11-17,8.55,8.55,8.55,8.55,0
SDC,2017-11-20,8.55,8.55,8.55,8.55,0
SDC,2017-11-21,8.55,8.55,8.55,8.55,0
SDC,2017-11-22,8.55,8.55,8.55,8.55,0
SDC,2017-11-23,8.55,8.55,8.55,8.55,0
SDC,2017-11-24,8.55,8.55,8.55,8.55,0
SDC,2017-11-27,8.55,8.55,8.55,8.55,0
SDC,2017-11-28,8.55,8.55,8.55,8.55,0
SDC,2017-11-29,8.55,8.55,8.55,8.55,0
SDC,2017-11-30,8.55,8.55,8.55,8.55,0
SDC,2017-12-01,8.55,8.55,8.55,8.55,0
SDC,2017-12-04,8.55,8.55,8.55,8.55,0
SDC,2017-12-05,8.55,8.55,8.55,8.55,0
SDC,2017-12-06,8.55,8.55,8.55,8.55,0
SDC,2017-12-07,8.55,8.55,8.55,8.55,0
SDC,2017-12-08,8.55,8.55,8.55,8.55,0
SDC,2017-12-11,8.55,8.55,8.55,8.55,0
SDC,2017-12-12,8.55,8.55,8.55,8.55,0
SDC,2017-12-13,8.55,8.55,8.55,8.55,0
SDC,2017-12-14,8.55,8.55,8.55,8.55,0
SDC,2017-12-15,8.55,8.55,8.55,8.55,0
SDC,2017-12-18,8.55,8.55,8.55,8.55,0
SDC,2017-12-19,8.55,8.55,8.55,8.55,0
SDC,2017-12-20,8.55,8.55,8.55,8.55,0
SDC,2017-12-21,8.55,8.55,8.55,8.55,0
SDC,2017-12-22,8.55,8.55,8.55,8.55,0
SDC,2017-12-25,8.55,8.55,8.55,8.55,0
SDC,2017-12-26,8.55,8.55,8.55,8.55,0
SDC,2017-12-27,8.55,8.55,8.55,8.55,0
SDC,2017-12-28,8.55,8.55,8.55,8.55,0
SDC,2017-12-29,8.55,8.55,8.55,8.55,0
SDC,2018-01-02,8.55,8.55,8.55,8.55,0
SDC,2018-01-03,8.55,8.55,8.55,8.55,0
SDC,2018-01-04,8.55,8.55,8.55,8.55,0
SDC,2018-01-05,8.55,8.55,8.55,8.55,0
SDC,2018-01-08,8.55,8.55,8.55,8.55,0
SDC,2018-01-09,8.55,8.55,8.55,8.55,100
SDC,2018-01-10,8.55,8.55,8.55,8.55,0
SDC,2018-01-11,8.55,8.55,8.55,8.55,0
SDC,2018-01-12,9.31,9.31,9.31,9.31,100
SDC,2018-01-15,9.31,9.31,9.31,9.31,0
SDC,2018-01-16,9.31,9.31,9.31,9.31,20
SDC,2018-01-17,9.31,9.31,9.31,9.31,0
SDC,2018-01-18,9.31,9.31,9.31,9.31,0
SDC,2018-01-19,9.31,9.31,9.31,9.31,0
SDC,2018-01-22,9.31,9.31,9.31,9.31,0
SDC,2018-01-23,9.31,9.31,9.31,9.31,0
SDC,2018-01-24,10.06,10.06,10.06,10.06,100
SDC,2018-01-25,10.06,10.06,10.06,10.06,0
SDC,2018-01-26,10.06,10.06,10.06,10.06,0
SDC,2018-01-29,10.06,10.06,10.06,10.06,0
SDC,2018-01-30,10.06,10.06,10.06,10.06,0
SDC,2018-01-31,10.06,10.06,10.06,10.06,0
SDC,2018-02-01,10.06,10.06,10.06,10.06,0
SDC,2018-02-02,10.06,10.06,10.06,10.06,0
SDC,2018-02-05,10.06,10.06,10.06,10.06,0
SDC,2018-02-06,10.06,10.06,10.06,10.06,0
SDC,2018-02-07,10.06,10.06,10.06,10.06,0
SDC,2018-02-08,10.06,10.06,10.06,10.06,0
SDC,2018-02-09,10.06,10.06,10.06,10.06,0
SDC,2018-02-12,10.06,10.06,10.06,10.06,0
SDC,2018-02-13,10.06,10.06,10.06,10.06,0
SDC,2018-02-21,10.06,10.06,10.06,10.06,0
SDC,2018-02-22,10.06,10.06,10.06,10.06,0
SDC,2018-02-23,10.06,10.06,10.06,10.06,0
SDC,2018-02-26,10.06,10.06,10.06,10.06,0
SDC,2018-02-27,10.06,10.06,10.06,10.06,0
SDC,2018-02-28,10.06,10.06,10.06,10.06,0
SDC,2018-03-01,10.06,10.06,10.06,10.06,0
SDC,2018-03-02,10.06,10.06,10.06,10.06,0
SDC,2018-03-05,10.06,10.06,10.06,10.06,0
SDC,2018-03-06,10.06,10.06,10.06,10.06,0
SDC,2018-03-07,10.06,10.06,10.06,10.06,0
SDC,2018-03-08,10.06,10.06,10.06,10.06,0
SDC,2018-03-09,10.06,10.06,10.06,10.06,0
SDC,2018-03-12,10.06,10.06,10.06,10.06,0
SDC,2018-03-13,10.06,10.06,10.06,10.06,0
SDC,2018-03-14,10.06,10.06,10.06,10.06,0
SDC,2018-03-15,9.12,9.12,9.12,9.12,100
SDC,2018-03-16,9.12,9.12,9.12,9.12,0
SDC,2018-03-19,9.12,9.12,9.12,9.12,0
SDC,2018-03-20,9.12,9.12,9.12,9.12,0
SDC,2018-03-21,9.12,9.12,9.12,9.12,0
SDC,2018-03-22,9.12,9.12,9.12,9.12,0
SDC,2018-03-23,9.12,9.12,9.12,9.12,0
SDC,2018-03-26,9.12,9.12,9.12,9.12,0
SDC,2018-03-27,9.12,9.12,9.12,9.12,0
SDC,2018-03-28,9.12,9.12,9.12,9.12,0
SDC,2018-03-29,9.12,9.12,9.12,9.12,18
SDC,2018-03-30,9.12,9.12,9.12,9.12,0
SDC,2018-04-02,9.12,9.12,9.12,9.12,0
SDC,2018-04-03,9.12,9.12,9.12,9.12,0
SDC,2018-04-04,9.12,9.12,9.12,9.12,0
SDC,2018-04-05,8.23,8.23,8.23,8.23,100
SDC,2018-04-06,7.41,7.41,7.41,7.41,100
SDC,2018-04-09,6.71,6.71,6.71,6.71,200
SDC,2018-04-10,6.08,6.08,6.08,6.08,200
SDC,2018-04-11,6.08,6.08,6.08,6.08,0
SDC,2018-04-12,6.08,6.08,6.08,6.08,15
SDC,2018-04-13,6.08,6.08,6.08,6.08,0
SDC,2018-04-16,6.08,6.08,6.08,6.08,0
SDC,2018-04-17,5.57,6.65,5.57,6.65,200
SDC,2018-04-18,6.65,6.65,6.65,6.65,0
SDC,2018-04-19,6.65,6.65,6.65,6.65,0
SDC,2018-04-20,6.01,6.01,6.01,6.01,100
SDC,2018-04-23,6.52,6.52,6.52,6.52,100
SDC,2018-04-24,6.52,6.52,6.52,6.52,0
SDC,2018-04-26,6.52,6.52,6.52,6.52,0
SDC,2018-04-27,6.52,6.52,6.52,6.52,0
SDC,2018-05-02,7.03,7.03,7.03,7.03,100
SDC,2018-05-03,7.03,7.03,7.03,7.03,0
SDC,2018-05-04,7.03,7.03,7.03,7.03,0
SDC,2018-05-07,7.47,7.47,7.47,7.47,100
SDC,2018-05-08,7.47,7.47,7.47,7.47,0
SDC,2018-05-09,7.47,7.47,7.47,7.47,0
SDC,2018-05-10,7.47,7.47,7.47,7.47,0
SDC,2018-05-11,8.04,8.04,8.04,8.04,100
SDC,2018-05-14,8.04,8.04,8.04,8.04,0
SDC,2018-05-15,8.04,8.04,8.04,8.04,0
SDC,2018-05-16,8.04,8.04,8.04,8.04,0
SDC,2018-05-17,8.04,8.04,8.04,8.04,0
SDC,2018-05-18,8.04,8.04,8.04,8.04,0
SDC,2018-05-21,8.04,8.04,8.04,8.04,0
SDC,2018-05-22,8.04,8.04,8.04,8.04,0
SDC,2018-05-23,8.04,8.04,8.04,8.04,0
SDC,2018-05-24,8.04,8.04,8.04,8.04,0
SDC,2018-05-25,8.04,8.04,8.04,8.04,0
SDC,2018-05-28,8.04,8.04,8.04,8.04,0
SDC,2018-05-29,8.04,8.04,8.04,8.04,0
SDC,2018-05-30,7.28,8.8,7.28,8.8,3300
SDC,2018-05-31,8.8,8.8,8.8,8.8,0
SDC,2018-06-01,8.8,8.8,8.8,8.8,1000
SDC,2018-06-04,8.8,8.8,8.8,8.8,0
SDC,2018-06-05,8.8,8.8,8.8,8.8,0
SDC,2018-06-06,8.8,8.8,8.8,8.8,0
SDC,2018-06-07,8.8,8.8,8.8,8.8,0
SDC,2018-06-08,8.8,8.8,8.8,8.8,0
SDC,2018-06-11,8.8,8.8,8.8,8.8,0
SDC,2018-06-12,8.8,8.8,8.8,8.8,0
SDC,2018-06-13,8.8,8.8,8.8,8.8,0
SDC,2018-06-14,8.8,8.8,8.8,8.8,0
SDC,2018-06-15,8.8,8.8,8.8,8.8,0
SDC,2018-06-18,8.8,8.8,8.8,8.8,0
SDC,2018-06-19,8.8,8.8,8.8,8.8,0
SDC,2018-06-20,8.8,8.8,8.8,8.8,0
SDC,2018-06-21,8.8,8.8,8.8,8.8,0
SDC,2018-06-22,8.8,8.8,8.8,8.8,0
SDC,2018-06-25,8.8,8.8,8.8,8.8,0
SDC,2018-06-26,8.8,8.8,8.8,8.8,0
SDC,2018-06-27,8.8,8.8,8.8,8.8,0
SDC,2018-06-28,8.8,8.8,8.8,8.8,0
SDC,2018-06-29,8.8,8.8,8.8,8.8,0
SDC,2018-07-02,8.8,8.8,8.8,8.8,0
SDC,2018-07-03,8.8,8.8,8.8,8.8,0
SDC,2018-07-04,8.8,8.8,8.8,8.8,0
SDC,2018-07-05,8.8,8.8,8.8,8.8,0
SDC,2018-07-06,8.8,8.8,8.8,8.8,0
SDC,2018-07-09,8.8,8.8,8.8,8.8,60
SDC,2018-07-10,8.8,8.8,8.8,8.8,0
SDC,2018-07-11,8.8,8.8,8.8,8.8,0
SDC,2018-07-12,8.8,8.8,8.8,8.8,0
SDC,2018-07-13,8.8,8.8,8.8,8.8,0
SDC,2018-07-16,8.8,8.8,8.8,8.8,0
SDC,2018-07-17,8.8,8.8,8.8,8.8,0
SDC,2018-07-18,8.8,8.8,8.8,8.8,0
SDC,2018-07-19,8.8,8.8,8.8,8.8,0
SDC,2018-07-20,8.8,8.8,8.8,8.8,0
SDC,2018-07-23,8.8,8.8,8.8,8.8,0
SDC,2018-07-24,9.62,9.62,9.62,9.62,100
SDC,2018-07-25,8.67,8.67,8.67,8.67,100
SDC,2018-07-26,8.67,8.67,8.67,8.67,0
SDC,2018-07-27,8.67,8.67,8.67,8.67,0
SDC,2018-07-30,8.67,8.67,8.67,8.67,0
SDC,2018-07-31,8.67,8.67,8.67,8.67,0
SDC,2018-08-01,8.67,8.67,8.67,8.67,0
SDC,2018-08-02,8.67,8.67,8.67,8.67,0
SDC,2018-08-03,9.49,9.49,9.49,9.49,100
SDC,2018-08-06,9.49,9.49,9.49,9.49,0
SDC,2018-08-07,9.49,9.49,9.49,9.49,0
SDC,2018-08-08,9.49,9.49,9.49,9.49,0
SDC,2018-08-09,8.55,8.55,8.55,8.55,100
SDC,2018-08-10,8.55,8.55,8.55,8.55,0
SDC,2018-08-13,8.55,8.55,8.55,8.55,0
SDC,2018-08-14,8.55,8.55,8.55,8.55,0
SDC,2018-08-15,8.55,8.55,8.55,8.55,0
SDC,2018-08-16,8.55,8.55,8.55,8.55,0
SDC,2018-08-17,8.55,8.55,8.55,8.55,0
SDC,2018-08-20,8.55,8.55,8.55,8.55,0
SDC,2018-08-21,8.55,8.55,8.55,8.55,0
SDC,2018-08-22,8.55,8.55,8.55,8.55,0
SDC,2018-08-23,8.55,8.55,8.55,8.55,0
SDC,2018-08-24,8.55,8.55,8.55,8.55,0
SDC,2018-08-27,8.55,8.55,8.55,8.55,0
SDC,2018-08-28,8.55,8.55,8.55,8.55,0
SDC,2018-08-29,8.55,8.55,8.55,8.55,0
SDC,2018-08-30,8.55,8.55,8.55,8.55,0
SDC,2018-08-31,8.55,8.55,8.55,8.55,0
SDC,2018-09-04,8.55,8.55,8.55,8.55,0
SDC,2018-09-05,8.55,8.55,8.55,8.55,0
SDC,2018-09-06,8.55,8.55,8.55,8.55,0
SDC,2018-09-07,8.55,8.55,8.55,8.55,0
SDC,2018-09-10,8.55,8.55,8.55,8.55,0
SDC,2018-09-11,8.55,8.55,8.55,8.55,0
SDC,2018-09-12,8.55,8.55,8.55,8.55,0
SDC,2018-09-13,8.55,8.55,8.55,8.55,0
SDC,2018-09-14,8.55,8.55,8.55,8.55,0
SDC,2018-09-17,8.55,8.55,8.55,8.55,0
SDC,2018-09-18,8.55,8.55,8.55,8.55,0
SDC,2018-09-19,8.55,8.55,8.55,8.55,0
SDC,2018-09-20,8.55,8.55,8.55,8.55,0
SDC,2018-09-21,8.55,8.55,8.55,8.55,0
SDC,2018-09-24,8.55,8.55,8.55,8.55,0
SDC,2018-09-25,8.55,8.55,8.55,8.55,0
SDC,2018-09-26,8.55,8.55,8.55,8.55,0
SDC,2018-09-27,8.55,8.55,8.55,8.55,0
SDC,2018-09-28,8.55,8.55,8.55,8.55,0
SDC,2018-10-01,8.55,8.55,8.55,8.55,0
SDC,2018-10-02,8.55,8.55,8.55,8.55,0
SDC,2018-10-03,8.55,8.55,8.55,8.55,0
SDC,2018-10-04,8.55,8.55,8.55,8.55,0
SDC,2018-10-05,8.55,8.55,8.55,8.55,0
SDC,2018-10-08,8.55,8.55,8.55,8.55,0
SDC,2018-10-09,8.55,8.55,8.55,8.55,0
SDC,2018-10-10,8.55,8.55,8.55,8.55,0
SDC,2018-10-11,8.55,8.55,8.55,8.55,0
SDC,2018-10-12,8.55,8.55,8.55,8.55,0
SDC,2018-10-15,8.55,8.55,8.55,8.55,0
SDC,2018-10-16,8.55,8.55,8.55,8.55,0
SDC,2018-10-17,8.55,8.55,8.55,8.55,0
SDC,2018-10-18,8.55,8.55,8.55,8.55,0
SDC,2018-10-19,8.55,8.55,8.55,8.55,0
SDC,2018-10-22,8.55,8.55,8.55,8.55,0
SDC,2018-10-23,8.55,8.55,8.55,8.55,0
SDC,2018-10-24,8.55,8.55,8.55,8.55,0
SDC,2018-10-25,8.55,8.55,8.55,8.55,0
SDC,2018-10-26,8.55,8.55,8.55,8.55,0
SDC,2018-10-29,8.55,8.55,8.55,8.55,0
SDC,2018-10-30,8.55,8.55,8.55,8.55,0
SDC,2018-10-31,8.55,8.55,8.55,8.55,0
SDC,2018-11-01,8.55,8.55,8.55,8.55,0
SDC,2018-11-02,8.55,8.55,8.55,8.55,0
SDC,2018-11-05,8.55,8.55,8.55,8.55,0
SDC,2018-11-06,8.55,8.55,8.55,8.55,0
SDC,2018-11-07,8.55,8.55,8.55,8.55,0
SDC,2018-11-08,8.55,8.55,8.55,8.55,0
SDC,2018-11-09,8.55,8.55,8.55,8.55,0
SDC,2018-11-12,8.55,8.55,8.55,8.55,0
SDC,2018-11-13,8.55,8.55,8.55,8.55,0
SDC,2018-11-14,8.55,8.55,8.55,8.55,0
SDC,2018-11-15,8.55,8.55,8.55,8.55,0
SDC,2018-11-16,8.55,8.55,8.55,8.55,0
SDC,2018-11-19,8.55,8.55,8.55,8.55,0
SDC,2018-11-20,8.55,8.55,8.55,8.55,0
SDC,2018-11-21,8.55,8.55,8.55,8.55,0
SDC,2018-11-22,9.23,9.23,9.23,9.23,0
SDC,2018-11-23,9.23,9.23,9.23,9.23,0
SDC,2018-11-26,9.23,9.23,9.23,9.23,0
SDC,2018-11-27,9.23,9.23,9.23,9.23,0
SDC,2018-11-28,9.23,9.23,9.23,9.23,0
SDC,2018-11-29,9.23,9.23,9.23,9.23,0
SDC,2018-11-30,9.23,9.23,9.23,9.23,0
SDC,2018-12-03,9.23,9.23,9.23,9.23,0
SDC,2018-12-04,9.23,9.23,9.23,9.23,0
SDC,2018-12-05,9.23,9.23,9.23,9.23,0
SDC,2018-12-06,9.23,9.23,9.23,9.23,0
SDC,2018-12-07,9.23,9.23,9.23,9.23,0
SDC,2018-12-10,9.23,9.23,9.23,9.23,0
SDC,2018-12-11,9.23,9.23,9.23,9.23,0
SDC,2018-12-12,9.23,9.23,9.23,9.23,0
SDC,2018-12-13,9.23,9.23,9.23,9.23,0
SDC,2018-12-14,8.55,8.55,8.55,8.55,0
SDC,2018-12-17,9.23,9.23,9.23,9.23,0
SDC,2018-12-18,9.23,9.23,9.23,9.23,0
SDC,2018-12-19,9.23,9.23,9.23,9.23,0
SDC,2018-12-20,9.23,9.23,9.23,9.23,0
SDC,2018-12-21,9.23,9.23,9.23,9.23,0
SDC,2018-12-24,9.23,9.23,9.23,9.23,0
SDC,2018-12-25,9.23,9.23,9.23,9.23,0
SDC,2018-12-26,8.55,8.55,8.55,8.55,0
SDC,2018-12-27,9.23,9.23,9.23,9.23,0
SDC,2018-12-28,9.23,9.23,9.23,9.23,0
SDC,2019-01-02,9.23,9.23,9.23,9.23,0
SDC,2019-01-03,9.37,9.37,9.37,9.37,100
SDC,2019-01-04,9.37,9.37,9.37,9.37,0
SDC,2019-01-07,9.37,9.37,9.37,9.37,0
SDC,2019-01-08,10.25,10.25,10.25,10.25,100
SDC,2019-01-09,10.25,10.25,10.25,10.25,0
SDC,2019-01-10,10.25,10.25,10.25,10.25,0
SDC,2019-01-11,10.25,10.25,10.25,10.25,0
SDC,2019-01-14,10.25,10.25,10.25,10.25,0
SDC,2019-01-15,10.25,10.25,10.25,10.25,0
SDC,2019-01-16,10.25,10.25,10.25,10.25,0
SDC,2019-01-17,10.25,10.25,10.25,10.25,0
SDC,2019-01-18,10.25,10.25,10.25,10.25,0
SDC,2019-01-21,10.25,10.25,10.25,10.25,0
SDC,2019-01-22,10.25,10.25,10.25,10.25,0
SDC,2019-01-23,10.25,10.25,10.25,10.25,0
SDC,2019-01-24,10.25,10.25,10.25,10.25,0
SDC,2019-01-25,10.25,10.25,10.25,10.25,0
SDC,2019-01-28,10.25,10.25,10.25,10.25,0
SDC,2019-01-29,10.25,10.25,10.25,10.25,0
SDC,2019-01-30,10.25,10.25,10.25,10.25,0
SDC,2019-01-31,10.25,10.25,10.25,10.25,0
SDC,2019-02-01,10.25,10.25,10.25,10.25,0
SDC,2019-02-11,10.25,10.25,10.25,10.25,0
SDC,2019-02-12,10.25,10.25,10.25,10.25,0
SDC,2019-02-13,10.25,10.25,10.25,10.25,0
SDC,2019-02-14,10.25,10.25,10.25,10.25,0
SDC,2019-02-15,10.25,10.25,10.25,10.25,0
SDC,2019-02-18,10.25,10.25,10.25,10.25,0
SDC,2019-02-19,10.25,10.25,10.25,10.25,0
SDC,2019-02-20,10.25,10.25,10.25,10.25,0
SDC,2019-02-21,10.25,10.25,10.25,10.25,0
SDC,2019-02-22,10.25,10.25,10.25,10.25,0
SDC,2019-02-25,10.25,10.25,10.25,10.25,0
SDC,2019-02-26,10.25,10.25,10.25,10.25,0
SDC,2019-02-27,10.25,10.25,10.25,10.25,0
SDC,2019-02-28,10.25,10.25,10.25,10.25,0
SDC,2019-03-01,10.25,10.25,10.25,10.25,0
SDC,2019-03-04,10.25,10.25,10.25,10.25,0
SDC,2019-03-05,10.25,10.25,10.25,10.25,0
SDC,2019-03-06,10.25,10.25,10.25,10.25,0
SDC,2019-03-07,10.25,10.25,10.25,10.25,0
SDC,2019-03-08,10.25,10.25,10.25,10.25,0
SDC,2019-03-11,10.25,10.25,10.25,10.25,0
SDC,2019-03-12,10.25,10.25,10.25,10.25,0
SDC,2019-03-13,10.25,10.25,10.25,10.25,0
SDC,2019-03-14,10.25,10.25,10.25,10.25,0
SDC,2019-03-15,10.25,10.25,10.25,10.25,0
SDC,2019-03-18,10.25,10.25,10.25,10.25,0
SDC,2019-03-19,10.25,10.25,10.25,10.25,0
SDC,2019-03-20,10.25,10.25,10.25,10.25,0
SDC,2019-03-21,10.25,10.25,10.25,10.25,0
SDC,2019-03-22,10.25,10.25,10.25,10.25,0
SDC,2019-03-25,11.28,11.28,11.28,11.28,100
SDC,2019-03-26,11.28,11.28,11.28,11.28,0
SDC,2019-03-27,11.28,11.28,11.28,11.28,0
SDC,2019-03-28,11.28,11.28,11.28,11.28,0
SDC,2019-03-29,11.28,11.28,11.28,11.28,0
SDC,2019-04-01,11.28,11.28,11.28,11.28,0
SDC,2019-04-02,10.19,10.19,10.19,10.19,100
SDC,2019-04-03,9.23,9.23,9.23,9.23,100
SDC,2019-04-04,8.34,8.34,8.34,8.34,100
SDC,2019-04-05,8.34,8.34,8.34,8.34,0
SDC,2019-04-08,7.52,7.52,7.52,7.52,100
SDC,2019-04-09,6.77,6.77,6.77,6.77,200
SDC,2019-04-10,6.15,6.15,6.15,6.15,300
SDC,2019-04-11,5.67,5.67,5.61,5.61,400
SDC,2019-04-12,6.15,6.15,6.15,6.15,112
SDC,2019-04-16,6.15,6.15,6.15,6.15,0
SDC,2019-04-17,6.15,6.15,6.15,6.15,0
SDC,2019-04-18,6.15,6.15,6.15,6.15,0
SDC,2019-04-19,6.77,6.77,6.77,6.77,100
SDC,2019-04-22,7.38,7.38,6.15,6.15,3100
SDC,2019-04-23,6.77,6.77,6.77,6.77,100
SDC,2019-04-24,6.77,6.77,6.77,6.77,0
SDC,2019-04-25,6.77,6.77,6.77,6.77,0
SDC,2019-04-26,7.32,7.32,7.32,7.32,100
SDC,2019-05-02,7.32,7.32,7.32,7.32,0
SDC,2019-05-03,7.32,7.32,7.32,7.32,0
SDC,2019-05-06,8.0,8.0,8.0,8.0,100
SDC,2019-05-07,8.0,8.0,8.0,8.0,0
SDC,2019-05-08,8.0,8.0,8.0,8.0,0
SDC,2019-05-09,8.0,8.0,8.0,8.0,0
SDC,2019-05-10,8.0,8.0,8.0,8.0,0
SDC,2019-05-13,8.0,8.0,8.0,8.0,0
SDC,2019-05-14,8.0,8.0,8.0,8.0,0
SDC,2019-05-15,8.0,8.0,8.0,8.0,0
SDC,2019-05-16,8.0,8.0,8.0,8.0,0
SDC,2019-05-17,8.0,8.0,8.0,8.0,0
SDC,2019-05-20,8.0,8.0,8.0,8.0,0
SDC,2019-05-21,8.0,8.0,8.0,8.0,0
SDC,2019-05-22,8.0,8.0,8.0,8.0,0
SDC,2019-05-23,8.0,8.0,8.0,8.0,0
SDC,2019-05-24,8.75,8.75,8.75,8.75,100
SDC,2019-05-27,8.75,8.75,8.75,8.75,0
SDC,2019-05-28,8.75,8.75,8.75,8.75,0
SDC,2019-05-29,8.75,8.75,8.75,8.75,0
SDC,2019-05-30,8.75,8.75,8.75,8.75,0
SDC,2019-05-31,8.75,8.75,8.75,8.75,0
SDC,2019-06-03,8.75,8.75,8.75,8.75,0
SDC,2019-06-04,8.75,8.75,8.75,8.75,0
SDC,2019-06-05,8.75,8.75,8.75,8.75,0
SDC,2019-06-06,8.75,8.75,8.75,8.75,0
SDC,2019-06-07,8.75,8.75,8.75,8.75,0
SDC,2019-06-10,8.75,8.75,8.75,8.75,0
SDC,2019-06-11,9.57,9.57,9.57,9.57,100
SDC,2019-06-12,9.57,9.57,9.57,9.57,0
SDC,2019-06-13,9.57,9.57,9.57,9.57,0
SDC,2019-06-14,9.57,9.57,9.57,9.57,0
SDC,2019-06-17,9.57,9.57,9.57,9.57,0
SDC,2019-06-18,10.53,10.53,10.53,10.53,100
SDC,2019-06-19,10.53,10.53,10.53,10.53,0
SDC,2019-06-20,10.53,10.53,10.53,10.53,0
SDC,2019-06-21,10.53,10.53,10.53,10.53,0
SDC,2019-06-24,10.53,10.53,10.53,10.53,0
SDC,2019-06-25,10.53,10.53,10.53,10.53,0
SDC,2019-06-26,10.53,10.53,10.53,10.53,0
SDC,2019-06-27,10.53,10.53,10.53,10.53,0
SDC,2019-06-28,10.53,10.53,10.53,10.53,0
SDC,2019-07-01,10.53,10.53,10.53,10.53,0
SDC,2019-07-02,10.53,10.53,10.53,10.53,0
SDC,2019-07-03,10.53,10.53,10.53,10.53,0
SDC,2019-07-04,10.53,10.53,10.53,10.53,0
SDC,2019-07-05,10.53,10.53,10.53,10.53,0
SDC,2019-07-08,10.53,10.53,10.53,10.53,0
SDC,2019-07-09,10.53,10.53,10.53,10.53,0
SDC,2019-07-10,10.53,10.53,10.53,10.53,0
SDC,2019-07-11,10.53,10.53,10.53,10.53,0
SDC,2019-07-12,10.53,10.53,10.53,10.53,0
SDC,2019-07-15,11.28,11.28,11.28,11.28,100
SDC,2019-07-16,11.28,11.28,11.28,11.28,0
SDC,2019-07-17,11.28,11.28,11.28,11.28,0
SDC,2019-07-18,11.28,11.28,11.28,11.28,0
SDC,2019-07-19,11.28,11.28,11.28,11.28,0
SDC,2019-07-22,11.28,11.28,11.28,11.28,0
SDC,2019-07-23,11.28,11.28,11.28,11.28,0
SDC,2019-07-24,11.28,11.28,11.28,11.28,0
SDC,2019-07-25,11.28,11.28,11.28,11.28,0
SDC,2019-07-26,11.28,11.28,11.28,11.28,0
SDC,2019-07-29,11.28,11.28,11.28,11.28,0
SDC,2019-07-30,11.28,11.28,11.28,11.28,0
SDC,2019-07-31,11.28,11.28,11.28,11.28,0
SDC,2019-08-01,11.28,11.28,11.28,11.28,0
SDC,2019-08-02,11.28,11.28,11.28,11.28,0
SDC,2019-08-05,11.28,11.28,11.28,11.28,0
SDC,2019-08-06,11.28,11.28,11.28,11.28,0
SDC,2019-08-07,11.28,11.28,11.28,11.28,0
SDC,2019-08-08,11.28,11.28,11.28,11.28,0
SDC,2019-08-09,11.28,11.28,11.28,11.28,0
SDC,2019-08-12,11.28,11.28,11.28,11.28,0
SDC,2019-08-13,11.28,11.28,11.28,11.28,0
SDC,2019-08-14,11.28,11.28,11.28,11.28,0
SDC,2019-08-15,11.28,11.28,11.28,11.28,0
SDC,2019-08-16,11.28,11.28,11.28,11.28,0
SDC,2019-08-19,11.28,11.28,11.28,11.28,0
SDC,2019-08-20,11.28,11.28,11.28,11.28,0
SDC,2019-08-21,11.28,11.28,11.28,11.28,0
SDC,2019-08-22,11.28,11.28,11.28,11.28,0
SDC,2019-08-23,11.28,11.28,11.28,11.28,0
SDC,2019-08-26,11.28,11.28,11.28,11.28,0
SDC,2019-08-27,11.28,11.28,11.28,11.28,0
SDC,2019-08-28,11.28,11.28,11.28,11.28,0
SDC,2019-08-29,11.28,11.28,11.28,11.28,0
SDC,2019-08-30,11.28,11.28,11.28,11.28,0
SDC,2019-09-03,11.28,11.28,11.28,11.28,0
SDC,2019-09-04,11.28,11.28,11.28,11.28,0
SDC,2019-09-05,11.28,11.28,11.28,11.28,0
SDC,2019-09-06,11.28,11.28,11.28,11.28,0
SDC,2019-09-09,11.28,11.28,11.28,11.28,0
SDC,2019-09-10,11.28,11.28,11.28,11.28,0
SDC,2019-09-11,11.28,11.28,11.28,11.28,0
SDC,2019-09-12,11.28,11.28,11.28,11.28,0
SDC,2019-09-13,11.28,11.28,11.28,11.28,0
SDC,2019-09-16,11.28,11.28,11.28,11.28,0
SDC,2019-09-17,11.28,11.28,11.28,11.28,0
SDC,2019-09-18,11.28,11.28,11.28,11.28,0
SDC,2019-09-19,11.28,11.28,11.28,11.28,0
SDC,2019-09-20,11.28,11.28,11.28,11.28,0
SDC,2019-09-23,11.28,11.28,11.28,11.28,0
SDC,2019-09-24,11.28,11.28,11.28,11.28,0
SDC,2019-09-25,11.28,11.28,11.28,11.28,0
SDC,2019-09-26,11.28,11.28,11.28,11.28,0
SDC,2019-09-27,11.28,11.28,11.28,11.28,0
SDC,2019-09-30,11.28,11.28,11.28,11.28,0
SDC,2019-10-01,11.28,11.28,11.28,11.28,0
SDC,2019-10-02,11.28,11.28,11.28,11.28,0
SDC,2019-10-03,11.28,11.28,11.28,11.28,0
SDC,2019-10-04,11.28,11.28,11.28,11.28,0
SDC,2019-10-07,11.28,11.28,11.28,11.28,0
SDC,2019-10-08,11.28,11.28,11.28,11.28,0
SDC,2019-10-09,11.28,11.28,11.28,11.28,0
SDC,2019-10-10,11.28,11.28,11.28,11.28,0
SDC,2019-10-11,11.28,11.28,11.28,11.28,0
SDC,2019-10-14,11.28,11.28,11.28,11.28,0
SDC,2019-10-15,11.28,11.28,11.28,11.28,0
SDC,2019-10-16,11.28,11.28,11.28,11.28,0
SDC,2019-10-17,11.28,11.28,11.28,11.28,0
SDC,2019-10-18,11.28,11.28,11.28,11.28,0
SDC,2019-10-21,11.28,11.28,11.28,11.28,0
SDC,2019-10-22,11.28,11.28,11.28,11.28,0
SDC,2019-10-23,11.28,11.28,11.28,11.28,0
SDC,2019-10-24,11.28,11.28,11.28,11.28,0
SDC,2019-10-25,11.28,11.28,11.28,11.28,0
SDC,2019-10-28,11.28,11.28,11.28,11.28,0
SDC,2019-10-29,11.28,11.28,11.28,11.28,0
SDC,2019-10-30,11.28,11.28,11.28,11.28,0
SDC,2019-10-31,11.28,11.28,11.28,11.28,0
SDC,2019-11-01,11.28,11.28,11.28,11.28,0
SDC,2019-11-04,11.28,11.28,11.28,11.28,0
SDC,2019-11-05,11.28,11.28,11.28,11.28,0
SDC,2019-11-06,11.28,11.28,11.28,11.28,0
SDC,2019-11-07,11.28,11.28,11.28,11.28,0
SDC,2019-11-08,11.28,11.28,11.28,11.28,0
SDC,2019-11-11,11.28,11.28,11.28,11.28,0
SDC,2019-11-12,11.28,11.28,11.28,11.28,0
SDC,2019-11-13,11.28,11.28,11.28,11.28,0
SDC,2019-11-14,11.28,11.28,11.28,11.28,0
SDC,2019-11-15,11.28,11.28,11.28,11.28,0
SDC,2019-11-18,11.28,11.28,11.28,11.28,0
SDC,2019-11-19,11.28,11.28,11.28,11.28,0
SDC,2019-11-20,11.28,11.28,11.28,11.28,0
SDC,2019-11-21,11.28,11.28,11.28,11.28,0
SDC,2019-11-22,11.28,11.28,11.28,11.28,0
SDC,2019-11-25,11.28,11.28,11.28,11.28,0
SDC,2019-11-26,11.28,11.28,11.28,11.28,0
SDC,2019-11-27,11.28,11.28,11.28,11.28,0
SDC,2019-11-28,11.28,11.28,11.28,11.28,0
SDC,2019-11-29,11.28,11.28,11.28,11.28,0
SDC,2019-12-02,11.28,11.28,11.28,11.28,0
SDC,2019-12-03,11.28,11.28,11.28,11.28,0
SDC,2019-12-04,11.28,11.28,11.28,11.28,0
SDC,2019-12-05,11.28,11.28,11.28,11.28,0
SDC,2019-12-06,11.28,11.28,11.28,11.28,0
SDC,2019-12-09,11.28,11.28,11.28,11.28,0
SDC,2019-12-10,11.28,11.28,11.28,11.28,0
SDC,2019-12-11,11.28,11.28,11.28,11.28,0
SDC,2019-12-12,11.28,11.28,11.28,11.28,0
SDC,2019-12-13,11.28,11.28,11.28,11.28,0
SDC,2019-12-16,11.28,11.28,11.28,11.28,0
SDC,2019-12-17,11.28,11.28,11.28,11.28,0
SDC,2019-12-18,11.28,11.28,11.28,11.28,0
SDC,2019-12-19,11.28,11.28,11.28,11.28,0
SDC,2019-12-20,11.28,11.28,11.28,11.28,0
SDC,2019-12-23,11.28,11.28,11.28,11.28,0
SDC,2019-12-24,11.28,11.28,11.28,11.28,0
SDC,2019-12-25,11.28,11.28,11.28,11.28,0
SDC,2019-12-26,11.28,11.28,11.28,11.28,0
SDC,2019-12-27,11.28,11.28,11.28,11.28,0
SDC,2019-12-30,11.28,11.28,11.28,11.28,0
SDC,2019-12-31,11.28,11.28,11.28,11.28,0
SDC,2020-01-02,11.28,11.28,11.28,11.28,0
SDC,2020-01-03,11.28,11.28,11.28,11.28,0
SDC,2020-01-06,11.28,11.28,11.28,11.28,0
SDC,2020-01-07,11.28,11.28,11.28,11.28,0
SDC,2020-01-08,11.28,11.28,11.28,11.28,0
SDC,2020-01-09,11.28,11.28,11.28,11.28,0
SDC,2020-01-10,11.28,11.28,11.28,11.28,0
SDC,2020-01-13,11.28,11.28,11.28,11.28,0
SDC,2020-01-14,11.28,11.28,11.28,11.28,0
SDC,2020-01-15,11.28,11.28,11.28,11.28,0
SDC,2020-01-16,11.28,11.28,11.28,11.28,0
SDC,2020-01-17,11.28,11.28,11.28,11.28,0
SDC,2020-01-20,11.28,11.28,11.28,11.28,0
SDC,2020-01-21,11.28,11.28,11.28,11.28,0
SDC,2020-01-22,11.28,11.28,11.28,11.28,0
SDC,2020-01-30,11.28,11.28,11.28,11.28,0
SDC,2020-01-31,11.28,11.28,11.28,11.28,0
SDC,2020-02-03,11.28,11.28,11.28,11.28,0
SDC,2020-02-04,11.28,11.28,11.28,11.28,0
SDC,2020-02-05,11.28,11.28,11.28,11.28,0
SDC,2020-02-06,11.28,11.28,11.28,11.28,0
SDC,2020-02-07,11.28,11.28,11.28,11.28,0
SDC,2020-02-10,11.28,11.28,11.28,11.28,0
SDC,2020-02-11,11.28,11.28,11.28,11.28,0
SDC,2020-02-12,11.28,11.28,11.28,11.28,0
SDC,2020-02-13,11.28,11.28,11.28,11.28,0
SDC,2020-02-14,11.28,11.28,11.28,11.28,0
SDC,2020-02-17,11.28,11.28,11.28,11.28,0
SDC,2020-02-18,11.28,11.28,11.28,11.28,0
SDC,2020-02-19,11.28,11.28,11.28,11.28,0
SDC,2020-02-20,11.28,11.28,11.28,11.28,0
SDC,2020-02-21,11.28,11.28,11.28,11.28,0
SDC,2020-02-24,11.28,11.28,11.28,11.28,0
SDC,2020-02-25,11.28,11.28,11.28,11.28,0
SDC,2020-02-26,11.28,11.28,11.28,11.28,0
SDC,2020-02-27,11.28,11.28,11.28,11.28,1
SDC,2020-02-28,11.28,11.28,11.28,11.28,0
SDC,2020-03-02,11.28,11.28,11.28,11.28,0
SDC,2020-03-03,11.28,11.28,11.28,11.28,0
SDC,2020-03-04,11.28,11.28,11.28,11.28,0
SDC,2020-03-05,11.28,11.28,11.28,11.28,0
SDC,2020-03-06,11.28,11.28,11.28,11.28,0
SDC,2020-03-09,11.28,11.28,11.28,11.28,0
SDC,2020-03-10,11.28,11.28,11.28,11.28,0
SDC,2020-03-11,11.28,11.28,11.28,11.28,0
SDC,2020-03-12,11.28,11.28,11.28,11.28,0
SDC,2020-03-13,11.28,11.28,11.28,11.28,0
SDC,2020-03-16,11.28,11.28,11.28,11.28,0
SDC,2020-03-17,11.28,11.28,11.28,11.28,0
SDC,2020-03-18,11.28,11.28,11.28,11.28,0
SDC,2020-03-19,11.28,11.28,11.28,11.28,0
SDC,2020-03-20,11.28,11.28,11.28,11.28,0
SDC,2020-03-23,11.28,11.28,11.28,11.28,1
SDC,2020-03-24,11.28,11.28,11.28,11.28,0
SDC,2020-03-25,11.28,11.28,11.28,11.28,0
SDC,2020-03-26,11.28,11.28,11.28,11.28,0
SDC,2020-03-27,11.28,11.28,11.28,11.28,0
SDC,2020-03-30,10.19,10.19,10.19,10.19,100
SDC,2020-03-31,11.14,11.14,9.23,9.23,300
SDC,2020-04-01,10.12,10.12,10.12,10.12,100
SDC,2020-04-03,11.08,11.08,11.08,11.08,100
SDC,2020-04-06,11.08,11.08,11.08,11.08,0
SDC,2020-04-07,11.08,11.08,11.08,11.08,0
SDC,2020-04-08,11.08,11.08,11.08,11.08,0
SDC,2020-04-09,11.08,11.08,11.08,11.08,0
SDC,2020-04-10,11.08,11.08,11.08,11.08,0
SDC,2020-04-13,11.08,11.08,11.08,11.08,0
SDC,2020-04-14,11.08,11.08,11.08,11.08,0
SDC,2020-04-15,11.08,11.08,11.08,11.08,0
SDC,2020-04-16,11.08,11.08,11.08,11.08,0
SDC,2020-04-17,11.08,11.08,11.08,11.08,0
SDC,2020-04-20,11.08,11.08,11.08,11.08,0
SDC,2020-04-21,11.08,11.08,11.08,11.08,0
SDC,2020-04-22,11.08,11.08,11.08,11.08,0
SDC,2020-04-23,11.08,11.08,11.08,11.08,0
SDC,2020-04-24,11.08,11.08,11.08,11.08,0
SDC,2020-04-27,11.08,11.08,11.08,11.08,0
SDC,2020-04-28,11.08,11.08,11.08,11.08,0
SDC,2020-04-29,11.08,11.08,11.08,11.08,0
SDC,2020-05-04,11.08,11.08,11.08,11.08,0
SDC,2020-05-05,11.08,11.08,11.08,11.08,0
SDC,2020-05-06,11.08,11.08,11.08,11.08,0
SDC,2020-05-07,11.08,11.08,11.08,11.08,0
SDC,2020-05-08,11.08,11.08,11.08,11.08,0
SDC,2020-05-11,11.08,11.08,11.08,11.08,0
SDC,2020-05-12,11.08,11.08,11.08,11.08,0
SDC,2020-05-13,11.08,11.08,11.08,11.08,0
SDC,2020-05-14,11.08,11.08,11.08,11.08,0
SDC,2020-05-15,11.08,11.08,11.08,11.08,0
SDC,2020-05-18,11.08,11.08,11.08,11.08,0
SDC,2020-05-19,11.08,11.08,11.08,11.08,0
SDC,2020-05-20,11.08,11.08,11.08,11.08,0
SDC,2020-05-21,11.08,11.08,11.08,11.08,0
SDC,2020-05-22,11.08,11.08,11.08,11.08,0
SDC,2020-05-25,11.08,11.08,11.08,11.08,0
SDC,2020-05-26,11.08,11.08,11.08,11.08,0
SDC,2020-05-27,11.08,11.08,11.08,11.08,100
SDC,2020-05-28,11.08,11.08,11.08,11.08,0
SDC,2020-05-29,11.08,11.08,11.08,11.08,0
SDC,2020-06-01,11.08,11.08,11.08,11.08,0
SDC,2020-06-02,11.08,11.08,11.08,11.08,0
SDC,2020-06-03,11.08,11.08,11.08,11.08,0
SDC,2020-06-04,11.08,11.08,11.08,11.08,0
SDC,2020-06-05,11.08,11.08,11.08,11.08,0
SDC,2020-06-08,11.08,11.08,11.08,11.08,0
SDC,2020-06-09,11.08,11.08,11.08,11.08,0
SDC,2020-06-10,11.08,11.08,11.08,11.08,0
SDC,2020-06-11,11.08,11.08,11.08,11.08,0
SDC,2020-06-12,11.08,11.08,11.08,11.08,0
SDC,2020-06-15,11.08,11.08,11.08,11.08,0
SDC,2020-06-16,11.08,11.08,11.08,11.08,0
SDC,2020-06-17,11.08,11.08,11.08,11.08,0
SDC,2020-06-18,11.08,11.08,11.08,11.08,0
SDC,2020-06-19,11.08,11.08,11.08,11.08,0
SDC,2020-06-22,11.08,11.08,11.08,11.08,0
SDC,2020-06-23,11.08,11.08,11.08,11.08,0
SDC,2020-06-24,11.08,11.08,11.08,11.08,0
SDC,2020-06-25,11.08,11.08,11.08,11.08,0
SDC,2020-06-26,11.08,11.08,11.08,11.08,0
SDC,2020-06-29,11.08,11.08,11.08,11.08,0
SDC,2020-06-30,11.08,11.08,11.08,11.08,0
SDC,2020-07-01,11.08,11.08,11.08,11.08,0
SDC,2020-07-02,11.08,11.08,11.08,11.08,0
SDC,2020-07-03,11.08,11.08,11.08,11.08,0
SDC,2020-07-06,11.08,11.08,11.08,11.08,0
SDC,2020-07-07,11.08,11.08,11.08,11.08,0
SDC,2020-07-08,11.08,11.08,11.08,11.08,0
SDC,2020-07-09,11.08,11.08,11.08,11.08,0
SDC,2020-07-10,11.08,11.08,11.08,11.08,0
SDC,2020-07-13,11.08,11.08,11.08,11.08,0
SDC,2020-07-14,11.08,11.08,11.08,11.08,0
SDC,2020-07-15,11.08,11.08,11.08,11.08,0
SDC,2020-07-16,11.08,11.08,11.08,11.08,0
SDC,2020-07-17,11.08,11.08,11.08,11.08,0
SDC,2020-07-20,11.08,11.08,11.08,11.08,0
SDC,2020-07-21,11.08,11.08,11.08,11.08,5
SDC,2020-07-22,11.08,11.08,11.08,11.08,0
SDC,2020-07-23,11.08,11.08,11.08,11.08,0
SDC,2020-07-24,11.08,11.08,11.08,11.08,0
SDC,2020-07-27,11.08,11.08,11.08,11.08,0
SDC,2020-07-28,11.08,11.08,11.08,11.08,0
SDC,2020-07-29,11.08,11.08,11.08,11.08,0
SDC,2020-07-30,11.08,11.08,11.08,11.08,0
SDC,2020-07-31,11.08,11.08,11.08,11.08,0
SDC,2020-08-03,11.08,11.08,11.08,11.08,0
SDC,2020-08-04,11.08,11.08,11.08,11.08,0
SDC,2020-08-05,11.08,11.08,11.08,11.08,0
SDC,2020-08-06,11.08,11.08,11.08,11.08,0
SDC,2020-08-07,11.08,11.08,11.08,11.08,0
SDC,2020-08-10,11.08,11.08,11.08,11.08,0
SDC,2020-08-11,11.08,11.08,11.08,11.08,0
SDC,2020-08-12,11.08,11.08,11.08,11.08,0
SDC,2020-08-13,11.08,11.08,11.08,11.08,0
SDC,2020-08-14,11.08,11.08,11.08,11.08,0
SDC,2020-08-17,11.08,11.08,11.08,11.08,0
SDC,2020-08-18,11.08,11.08,11.08,11.08,0
SDC,2020-08-19,11.08,11.08,11.08,11.08,0
SDC,2020-08-20,11.08,11.08,11.08,11.08,0
SDC,2020-08-21,11.08,11.08,11.08,11.08,0
SDC,2020-08-24,9.98,9.98,9.98,9.98,200
SDC,2020-08-25,9.09,9.09,9.09,9.09,550
SDC,2020-08-26,9.09,9.09,9.09,9.09,2
SDC,2020-08-27,9.09,9.09,9.09,9.09,0
SDC,2020-08-28,9.09,9.09,9.09,9.09,0
SDC,2020-08-31,9.09,9.09,9.09,9.09,0
SDC,2020-09-01,9.09,9.09,9.09,9.09,0
SDC,2020-09-03,9.09,9.09,9.09,9.09,0
SDC,2020-09-04,9.09,9.09,9.09,9.09,0
SDC,2020-09-07,9.09,9.09,9.09,9.09,0
SDC,2020-09-08,9.09,9.09,9.09,9.09,0
SDC,2020-09-09,9.09,9.09,9.09,9.09,0
SDC,2020-09-10,9.09,9.09,9.09,9.09,0
SDC,2020-09-11,9.09,9.09,9.09,9.09,0
SDC,2020-09-14,9.09,9.09,9.09,9.09,0
SDC,2020-09-15,9.09,9.09,9.09,9.09,0
SDC,2020-09-16,9.09,9.09,9.09,9.09,0
SDC,2020-09-17,9.09,9.09,9.09,9.09,0
SDC,2020-09-18,9.09,9.09,9.09,9.09,0
SDC,2020-09-21,9.09,9.09,9.09,9.09,0
SDC,2020-09-22,9.09,9.09,9.09,9.09,0
SDC,2020-09-23,9.09,9.09,9.09,9.09,0
SDC,2020-09-24,9.09,9.09,9.09,9.09,3
SDC,2020-09-25,9.09,9.09,9.09,9.09,0
SDC,2020-09-28,9.09,9.09,9.09,9.09,0
SDC,2020-09-29,9.09,9.09,9.09,9.09,0
SDC,2020-09-30,9.09,9.09,9.09,9.09,0
SDC,2020-10-01,9.09,9.09,9.09,9.09,0
SDC,2020-10-02,9.09,9.09,9.09,9.09,0
SDC,2020-10-05,9.09,9.09,9.09,9.09,0
SDC,2020-10-06,9.09,9.09,9.09,9.09,0
SDC,2020-10-07,9.09,9.09,9.09,9.09,0
SDC,2020-10-08,9.09,9.09,9.09,9.09,0
SDC,2020-10-09,9.09,9.09,9.09,9.09,0
SDC,2020-10-12,9.09,9.09,9.09,9.09,0
SDC,2020-10-13,9.09,9.09,9.09,9.09,0
SDC,2020-10-14,9.09,9.09,9.09,9.09,0
SDC,2020-10-15,9.09,9.09,9.09,9.09,0
SDC,2020-10-16,9.09,9.09,9.09,9.09,0
SDC,2020-10-19,9.09,9.09,9.09,9.09,0
SDC,2020-10-20,9.09,9.09,9.09,9.09,0
SDC,2020-10-21,9.09,9.09,9.09,9.09,0
SDC,2020-10-22,9.09,9.09,9.09,9.09,0
SDC,2020-10-23,9.09,9.09,9.09,9.09,0
SDC,2020-10-26,9.09,9.09,9.09,9.09,0
SDC,2020-10-27,9.09,9.09,9.09,9.09,0
SDC,2020-10-28,9.09,9.09,9.09,9.09,0
SDC,2020-10-29,9.09,9.09,9.09,9.09,0
SDC,2020-10-30,9.09,9.09,9.09,9.09,0
SDC,2020-11-02,9.09,9.09,9.09,9.09,0
SDC,2020-11-03,8.2,8.2,8.2,8.2,900
SDC,2020-11-04,9.02,9.02,9.02,9.02,100
SDC,2020-11-05,9.02,9.02,9.02,9.02,0
SDC,2020-11-06,9.02,9.02,9.02,9.02,0
SDC,2020-11-09,9.02,9.02,9.02,9.02,0
SDC,2020-11-10,9.02,9.02,9.02,9.02,0
SDC,2020-11-11,9.02,9.02,9.02,9.02,0
SDC,2020-11-12,9.02,9.02,9.02,9.02,0
SDC,2020-11-13,8.14,8.14,8.14,8.14,100
SDC,2020-11-16,8.89,8.89,7.38,7.38,1100
SDC,2020-11-17,6.7,6.7,6.7,6.7,200
SDC,2020-11-18,7.32,7.32,7.32,7.32,100
SDC,2020-11-19,7.32,7.32,7.32,7.32,0
SDC,2020-11-20,6.63,6.84,6.63,6.84,1100
SDC,2020-11-23,7.6,7.6,7.6,7.6,0
SDC,2020-11-24,7.6,7.6,7.6,7.6,0
SDC,2020-11-25,7.6,7.6,7.6,7.6,0
SDC,2020-11-26,7.6,7.6,7.6,7.6,0
SDC,2020-11-27,7.6,7.6,7.6,7.6,0
SDC,2020-11-30,6.84,6.84,6.15,6.15,1400
SDC,2020-12-01,5.62,5.62,5.62,5.62,200
SDC,2020-12-02,6.15,6.15,6.15,6.15,100
SDC,2020-12-03,6.15,6.15,6.15,6.15,0
SDC,2020-12-04,6.15,6.15,6.15,6.15,0
SDC,2020-12-07,5.7,6.76,5.7,6.76,300
SDC,2020-12-08,6.15,6.15,6.15,6.15,800
SDC,2020-12-09,6.15,6.15,6.15,6.15,200
SDC,2020-12-10,5.7,6.76,5.7,6.76,200
SDC,2020-12-11,6.76,6.76,6.76,6.76,0
SDC,2020-12-14,7.37,7.37,7.37,7.37,170
SDC,2020-12-15,8.05,8.05,8.05,8.05,100
SDC,2020-12-16,8.05,8.05,8.05,8.05,100
SDC,2020-12-17,8.05,8.05,8.05,8.05,0
SDC,2020-12-18,8.05,8.05,8.05,8.05,0
SDC,2020-12-21,8.05,8.05,8.05,8.05,0
SDC,2020-12-22,8.05,8.05,8.05,8.05,0
SDC,2020-12-23,8.05,8.05,8.05,8.05,0
SDC,2020-12-24,8.05,8.05,8.05,8.05,0
SDC,2020-12-25,8.05,8.05,8.05,8.05,0
SDC,2020-12-28,8.81,8.81,8.81,8.81,100
SDC,2020-12-29,8.81,8.81,8.81,8.81,0
SDC,2020-12-30,8.81,8.81,8.81,8.81,0
SDC,2020-12-31,8.81,8.81,8.81,8.81,20
SDC,2021-01-04,8.81,8.81,8.81,8.81,0
SDC,2021-01-05,8.81,8.81,8.81,8.81,0
SDC,2021-01-06,8.81,8.81,8.81,8.81,0
SDC,2021-01-07,8.81,8.81,8.81,8.81,7
SDC,2021-01-08,8.81,8.81,8.81,8.81,0
SDC,2021-01-11,8.81,8.81,8.81,8.81,2
SDC,2021-01-12,8.81,8.81,8.81,8.81,0
SDC,2021-01-13,8.81,8.81,8.81,8.81,0
SDC,2021-01-14,8.81,8.81,8.81,8.81,0
SDC,2021-01-15,8.81,8.81,8.81,8.81,0
SDC,2021-01-18,8.81,8.81,8.81,8.81,0
SDC,2021-01-19,8.81,8.81,8.81,8.81,0
SDC,2021-01-20,8.81,8.81,8.81,8.81,0
SDC,2021-01-21,8.81,8.81,8.81,8.81,0
SDC,2021-01-22,8.81,8.81,8.81,8.81,0
SDC,2021-01-25,8.81,8.81,8.81,8.81,0
SDC,2021-01-26,8.81,8.81,8.81,8.81,0
SDC,2021-01-27,8.81,8.81,8.81,8.81,0
SDC,2021-01-28,8.81,8.81,8.81,8.81,0
SDC,2021-01-29,8.81,8.81,8.81,8.81,0
SDC,2021-02-01,8.81,8.81,8.81,8.81,0
SDC,2021-02-02,8.81,8.81,8.81,8.81,0
SDC,2021-02-03,8.81,8.81,8.81,8.81,0
SDC,2021-02-04,8.81,8.81,8.81,8.81,0
SDC,2021-02-05,8.81,8.81,8.81,8.81,0
SDC,2021-02-08,8.81,8.81,8.81,8.81,0
SDC,2021-02-09,8.81,8.81,8.81,8.81,0
SDC,2021-02-17,8.81,8.81,8.81,8.81,0
SDC,2021-02-18,8.81,8.81,8.81,8.81,0
SDC,2021-02-19,8.81,8.81,8.81,8.81,0
SDC,2021-02-22,8.81,8.81,8.81,8.81,0
SDC,2021-02-23,8.81,8.81,8.81,8.81,0
SDC,2021-02-24,8.81,8.81,8.81,8.81,0
SDC,2021-02-25,8.81,8.81,8.81,8.81,0
SDC,2021-02-26,8.81,8.81,8.81,8.81,0
SDC,2021-03-01,8.81,8.81,8.81,8.81,0
SDC,2021-03-02,8.81,8.81,8.81,8.81,0
SDC,2021-03-03,8.81,8.81,8.81,8.81,0
SDC,2021-03-04,8.81,8.81,8.81,8.81,20
SDC,2021-03-05,8.81,8.81,8.81,8.81,0
SDC,2021-03-08,8.81,8.81,8.81,8.81,0
SDC,2021-03-09,8.81,8.81,8.81,8.81,0
SDC,2021-03-10,8.81,8.81,8.81,8.81,0
SDC,2021-03-11,8.81,8.81,8.81,8.81,0
SDC,2021-03-12,8.81,8.81,8.81,8.81,0
SDC,2021-03-15,8.81,8.81,8.81,8.81,0
SDC,2021-03-16,8.81,8.81,7.98,7.98,333
SDC,2021-03-17,7.44,7.44,7.22,7.44,1600
SDC,2021-03-18,8.05,8.05,7.44,7.44,1900
SDC,2021-03-19,7.44,7.44,7.44,7.44,10
SDC,2021-03-22,8.05,8.05,6.84,6.84,700
SDC,2021-03-23,7.44,7.44,6.3,6.3,570
SDC,2021-03-24,6.84,6.84,6.3,6.3,5926
SDC,2021-03-25,6.3,6.91,6.08,6.91,7205
SDC,2021-03-26,6.38,6.38,6.38,6.38,400
SDC,2021-03-29,6.23,6.23,6.23,6.23,147
SDC,2021-03-30,6.76,6.76,6.23,6.23,2000
SDC,2021-03-31,6.23,6.23,6.23,6.23,50
SDC,2021-04-01,6.23,6.3,6.23,6.3,3994
SDC,2021-04-02,6.3,6.3,6.3,6.3,4052
SDC,2021-04-05,6.84,6.84,6.38,6.38,1100
SDC,2021-04-06,6.46,6.46,6.3,6.46,6326
SDC,2021-04-07,6.46,6.61,6.3,6.61,9000
SDC,2021-04-08,6.53,6.76,6.53,6.61,6600
SDC,2021-04-09,6.68,6.68,6.61,6.61,2558
SDC,2021-04-12,6.61,6.68,6.61,6.68,4926
SDC,2021-04-13,6.68,6.84,6.68,6.84,4926
SDC,2021-04-14,6.76,6.84,6.76,6.84,4000
SDC,2021-04-15,6.76,6.84,6.76,6.84,5500
SDC,2021-04-16,6.84,7.14,6.76,6.76,15750
SDC,2021-04-19,6.76,6.99,6.76,6.99,26526
SDC,2021-04-20,6.91,6.99,6.91,6.99,18400
SDC,2021-04-22,6.99,6.99,6.68,6.84,6810
SDC,2021-04-23,6.3,6.99,6.3,6.38,20118
SDC,2021-04-26,6.99,6.99,6.38,6.99,33990
SDC,2021-04-27,7.22,7.22,7.22,7.22,200
SDC,2021-04-28,6.68,6.84,6.68,6.84,700
SDC,2021-04-29,6.53,7.22,6.53,7.22,300
SDC,2021-05-04,7.22,7.22,7.22,7.22,50
SDC,2021-05-05,7.06,7.06,6.68,6.68,200
SDC,2021-05-06,6.68,6.68,6.68,6.68,0
SDC,2021-05-07,6.68,6.68,6.68,6.68,1800
SDC,2021-05-10,6.53,6.53,6.53,6.53,1000
SDC,2021-05-11,6.53,7.06,6.53,7.06,1100
SDC,2021-05-12,7.14,7.14,6.53,7.14,586
SDC,2021-05-13,7.22,7.22,7.22,7.22,100
SDC,2021-05-14,7.22,7.22,7.22,7.22,0
SDC,2021-05-17,6.53,6.53,6.53,6.53,4900
SDC,2021-05-18,6.53,6.53,6.53,6.53,44
SDC,2021-05-19,6.53,6.53,6.46,6.46,300
SDC,2021-05-20,6.76,6.76,6.76,6.76,900
SDC,2021-05-21,6.53,6.53,6.53,6.53,200
SDC,2021-05-24,6.23,6.23,6.23,6.23,100
SDC,2021-05-25,6.23,6.23,6.23,6.23,0
SDC,2021-05-26,5.85,6.3,5.85,6.3,200
SDC,2021-05-27,6.46,6.46,6.46,6.46,500
SDC,2021-05-28,6.46,6.46,6.46,6.46,0
SDC,2021-05-31,6.15,6.15,6.15,6.15,100
SDC,2021-06-01,6.15,6.15,6.15,6.15,100
SDC,2021-06-02,6.53,6.53,6.08,6.08,432
SDC,2021-06-03,6.08,6.08,6.08,6.08,0
SDC,2021-06-04,6.08,6.08,6.08,6.08,120
SDC,2021-06-07,6.08,6.08,6.08,6.08,300
SDC,2021-06-08,6.53,6.53,6.53,6.53,300
SDC,2021-06-09,6.15,6.15,6.15,6.15,100
SDC,2021-06-10,6.46,6.46,6.46,6.46,468
SDC,2021-06-11,6.46,6.46,6.46,6.46,0
SDC,2021-06-14,6.46,6.46,6.46,6.46,0
SDC,2021-06-15,6.3,6.3,6.08,6.15,700
SDC,2021-06-16,6.15,6.15,6.15,6.15,0
SDC,2021-06-17,6.15,6.15,6.15,6.15,0
SDC,2021-06-18,6.08,6.08,5.85,5.85,200
SDC,2021-06-21,6.08,6.08,6.08,6.08,300
SDC,2021-06-22,6.08,6.08,6.08,6.08,0
SDC,2021-06-23,6.08,6.08,6.08,6.08,0
SDC,2021-06-24,6.15,6.15,6.15,6.15,1800
SDC,2021-06-25,6.15,6.15,6.15,6.15,0
SDC,2021-06-28,6.15,6.15,6.15,6.15,0
SDC,2021-06-29,6.15,6.15,6.15,6.15,0
SDC,2021-06-30,6.15,6.15,6.15,6.15,0
SDC,2021-07-01,6.15,6.15,6.15,6.15,0
SDC,2021-07-02,6.15,6.15,6.15,6.15,0
SDC,2021-07-05,6.15,6.15,6.15,6.15,0
SDC,2021-07-06,6.15,6.15,6.15,6.15,0
SDC,2021-07-07,5.62,5.62,5.62,5.62,100
SDC,2021-07-08,5.62,5.62,5.62,5.62,0
SDC,2021-07-09,6.08,6.08,6.08,6.08,100
SDC,2021-07-12,6.08,6.08,6.08,6.08,0
SDC,2021-07-13,6.38,6.38,6.23,6.23,900
SDC,2021-07-14,6.46,6.46,6.23,6.23,6200
SDC,2021-07-15,6.46,6.46,6.46,6.46,300
SDC,2021-07-16,6.53,6.53,6.53,6.53,500
SDC,2021-07-19,6.53,6.53,6.53,6.53,0
SDC,2021-07-20,6.53,6.53,6.53,6.53,0
SDC,2021-07-21,6.53,6.53,6.53,6.53,0
SDC,2021-07-22,6.08,6.08,6.08,6.08,300
SDC,2021-07-23,6.08,6.08,6.08,6.08,0
SDC,2021-07-26,6.08,6.08,6.08,6.08,100
SDC,2021-07-27,6.08,6.08,6.08,6.08,65
SDC,2021-07-28,6.08,6.08,6.08,6.08,0
SDC,2021-07-29,6.08,6.08,6.08,6.08,0
SDC,2021-07-30,6.08,6.08,6.08,6.08,0
SDC,2021-08-02,6.08,6.08,6.08,6.08,0
SDC,2021-08-03,6.08,6.08,6.08,6.08,0
SDC,2021-08-04,6.08,6.08,6.08,6.08,0
SDC,2021-08-05,6.08,6.08,6.08,6.08,40
SDC,2021-08-06,6.08,6.08,6.08,6.08,0
SDC,2021-08-09,6.08,6.08,6.08,6.08,0
SDC,2021-08-10,6.08,6.08,6.08,6.08,100
SDC,2021-08-11,6.08,6.08,6.08,6.08,0
SDC,2021-08-12,6.08,6.08,6.08,6.08,0
SDC,2021-08-13,6.08,6.08,6.08,6.08,0
SDC,2021-08-16,6.08,6.08,6.08,6.08,0
SDC,2021-08-17,6.08,6.08,6.08,6.08,0
SDC,2021-08-18,6.08,6.08,6.08,6.08,0
SDC,2021-08-19,6.08,6.08,6.08,6.08,0
SDC,2021-08-20,6.08,6.08,6.08,6.08,0
SDC,2021-08-23,6.08,6.08,6.08,6.08,0
SDC,2021-08-24,6.08,6.08,6.08,6.08,20
SDC,2021-08-25,6.08,6.08,6.08,6.08,0
SDC,2021-08-26,6.08,6.08,6.08,6.08,0
SDC,2021-08-27,6.08,6.08,6.08,6.08,0
SDC,2021-08-30,6.08,6.08,6.08,6.08,0
SDC,2021-08-31,6.08,6.08,6.08,6.08,0
SDC,2021-09-01,6.08,6.08,6.08,6.08,0
SDC,2021-09-06,6.08,6.08,6.08,6.08,100
SDC,2021-09-07,6.08,6.08,6.08,6.08,0
SDC,2021-09-08,6.46,6.46,6.46,6.46,1400
SDC,2021-09-09,6.46,6.46,6.46,6.46,25
SDC,2021-09-10,6.46,6.46,6.46,6.46,28
SDC,2021-09-13,6.46,6.46,6.46,6.46,0
SDC,2021-09-14,6.46,6.46,6.46,6.46,0
SDC,2021-09-15,6.46,6.46,6.46,6.46,0
SDC,2021-09-16,6.46,6.46,6.46,6.46,0
SDC,2021-09-17,6.46,6.46,6.46,6.46,0
SDC,2021-09-20,6.46,6.46,6.46,6.46,0
SDC,2021-09-21,6.46,6.46,6.46,6.46,0
SDC,2021-09-22,6.68,6.99,6.68,6.84,1410
SDC,2021-09-23,6.84,7.22,6.84,7.22,600
SDC,2021-09-24,7.22,7.22,7.22,7.22,0
SDC,2021-09-27,7.29,7.44,7.29,7.44,400
SDC,2021-09-28,7.9,7.9,7.9,7.9,100
SDC,2021-09-29,7.9,7.9,7.9,7.9,0
SDC,2021-09-30,7.14,7.6,7.14,7.6,1600
SDC,2021-10-01,8.28,8.28,8.28,8.28,200
SDC,2021-10-04,7.52,7.52,7.52,7.52,100
SDC,2021-10-05,6.84,7.29,6.84,7.29,300
SDC,2021-10-06,7.75,7.75,6.76,6.76,300
SDC,2021-10-07,7.29,7.29,7.29,7.29,160
SDC,2021-10-08,7.22,7.22,7.22,7.22,100
SDC,2021-10-11,7.6,7.6,7.6,7.6,5703
SDC,2021-10-12,7.52,7.52,7.52,7.52,100
SDC,2021-10-13,8.2,8.2,8.2,8.2,100
SDC,2021-10-14,8.2,8.2,8.2,8.2,0
SDC,2021-10-15,8.96,8.96,8.96,8.96,200
SDC,2021-10-18,8.96,8.96,8.96,8.96,0
SDC,2021-10-19,8.96,8.96,8.96,8.96,0
SDC,2021-10-20,8.36,8.36,8.36,8.36,5900
SDC,2021-10-21,8.36,8.36,8.36,8.36,0
SDC,2021-10-22,9.12,9.12,8.81,9.12,2100
SDC,2021-10-25,9.12,9.12,9.12,9.12,0
SDC,2021-10-26,9.12,9.12,9.12,9.12,0
SDC,2021-10-27,9.12,9.12,9.12,9.12,0
SDC,2021-10-28,9.12,9.12,9.12,9.12,0
SDC,2021-10-29,9.12,9.12,9.12,9.12,0
SDC,2021-11-01,9.12,9.12,9.12,9.12,0
SDC,2021-11-02,9.12,9.12,9.12,9.12,0
SDC,2021-11-03,9.12,9.12,9.12,9.12,0
SDC,2021-11-04,9.12,9.12,9.12,9.12,0
SDC,2021-11-05,9.12,9.12,9.12,9.12,89
SDC,2021-11-08,9.12,9.12,9.12,9.12,1000
SDC,2021-11-09,9.12,9.12,9.12,9.12,163
SDC,2021-11-10,10.03,10.03,8.81,8.81,924
SDC,2021-11-11,8.81,8.81,8.81,8.81,0
SDC,2021-11-12,8.81,8.81,8.81,8.81,100
SDC,2021-11-15,8.73,9.68,8.73,9.68,5100
SDC,2021-11-16,9.68,9.68,8.81,8.81,600
SDC,2021-11-17,8.81,8.81,8.81,8.81,0
SDC,2021-11-18,8.89,9.53,8.81,8.81,800
SDC,2021-11-19,8.1,9.53,8.1,9.53,9100
SDC,2021-11-22,9.53,9.53,9.53,9.53,200
SDC,2021-11-23,9.53,9.53,9.53,9.53,500
SDC,2021-11-24,9.53,9.53,8.57,8.65,4300
SDC,2021-11-25,7.94,8.65,7.94,8.65,1100
SDC,2021-11-26,8.65,8.65,8.65,8.65,20
SDC,2021-11-29,8.65,8.65,8.65,8.65,0
SDC,2021-11-30,7.94,8.65,7.94,8.65,2000
SDC,2021-12-01,8.65,8.65,8.65,8.65,0
SDC,2021-12-02,8.65,8.65,8.65,8.65,1000
SDC,2021-12-03,8.34,8.34,8.18,8.18,500
SDC,2021-12-06,8.18,8.18,8.18,8.18,0
SDC,2021-12-07,8.18,8.18,8.18,8.18,0
SDC,2021-12-08,8.18,8.18,8.18,8.18,0
SDC,2021-12-09,7.38,7.38,7.38,7.38,100
SDC,2021-12-10,7.38,7.38,7.38,7.38,0
SDC,2021-12-13,7.38,7.38,7.38,7.38,0
SDC,2021-12-14,7.3,8.1,7.3,8.1,200
SDC,2021-12-15,8.49,8.49,8.49,8.49,600
SDC,2021-12-16,8.49,8.49,8.49,8.49,0
SDC,2021-12-17,8.49,8.49,8.49,8.49,0
SDC,2021-12-20,8.49,8.49,8.49,8.49,10
SDC,2021-12-21,7.78,8.41,7.78,8.41,200
SDC,2021-12-22,8.41,8.41,8.41,8.41,0
SDC,2021-12-23,8.41,8.41,8.41,8.41,0
SDC,2021-12-24,8.41,8.41,8.41,8.41,0
SDC,2021-12-27,7.94,7.94,7.94,7.94,100
SDC,2021-12-28,7.38,7.38,7.38,7.38,199
SDC,2021-12-29,6.99,6.99,6.99,6.99,100
SDC,2021-12-30,7.07,7.62,6.99,7.62,300
SDC,2021-12-31,7.62,7.62,7.62,7.62,100
SDC,2022-01-04,7.62,7.62,7.62,7.62,0
SDC,2022-01-05,7.7,7.7,7.7,7.7,100
SDC,2022-01-06,7.62,7.62,7.62,7.62,870
SDC,2022-01-07,7.7,7.7,7.7,7.7,106
SDC,2022-01-10,8.34,8.41,8.34,8.41,600
SDC,2022-01-11,8.41,8.41,8.41,8.41,0
SDC,2022-01-12,7.7,7.7,7.62,7.62,801
SDC,2022-01-13,7.7,8.34,7.7,8.34,1000
SDC,2022-01-14,8.34,8.34,8.34,8.34,100
SDC,2022-01-17,8.34,8.34,8.34,8.34,0
SDC,2022-01-18,7.62,7.62,7.54,7.54,200
SDC,2022-01-19,7.54,7.54,7.54,7.54,700
SDC,2022-01-20,7.54,7.54,7.54,7.54,24
SDC,2022-01-21,7.62,7.78,7.62,7.7,1100
SDC,2022-01-24,7.7,7.7,7.7,7.7,0
SDC,2022-01-25,7.7,7.7,7.7,7.7,0
SDC,2022-01-26,7.46,7.46,7.46,7.46,400
SDC,2022-01-27,7.38,7.38,7.38,7.38,169
SDC,2022-01-28,7.38,7.38,7.38,7.38,0
SDC,2022-02-07,7.38,7.38,7.38,7.38,0
SDC,2022-02-08,7.38,7.38,7.38,7.38,12
SDC,2022-02-09,7.38,7.38,7.38,7.38,0
SDC,2022-02-10,7.38,7.38,7.38,7.38,0
SDC,2022-02-11,7.38,7.38,7.38,7.38,0
SDC,2022-02-14,7.38,7.38,7.38,7.38,0
SDC,2022-02-15,7.54,7.54,7.54,7.54,900
SDC,2022-02-16,7.22,7.22,7.22,7.22,100
SDC,2022-02-17,7.22,7.22,7.22,7.22,0
SDC,2022-02-18,7.22,7.22,7.22,7.22,0
SDC,2022-02-21,7.22,7.22,7.22,7.22,0
SDC,2022-02-22,7.22,7.22,7.22,7.22,0
SDC,2022-02-23,7.7,7.7,7.7,7.7,105
SDC,2022-02-24,7.7,7.7,7.7,7.7,0
SDC,2022-02-25,7.86,7.86,7.86,7.86,200
SDC,2022-02-28,7.86,7.86,7.86,7.86,0
SDC,2022-03-01,7.62,7.7,7.62,7.62,300
SDC,2022-03-02,7.62,7.62,7.62,7.62,0
SDC,2022-03-03,7.94,8.34,7.94,8.34,2900
SDC,2022-03-04,8.73,8.73,8.65,8.65,400
SDC,2022-03-07,8.73,8.73,8.73,8.73,1519
SDC,2022-03-08,9.13,9.45,9.13,9.37,500
SDC,2022-03-09,9.37,9.37,9.37,9.37,305
SDC,2022-03-10,9.37,9.37,8.89,8.89,1000
SDC,2022-03-11,9.29,9.29,9.29,9.29,100
SDC,2022-03-14,9.29,9.29,9.29,9.29,0
SDC,2022-03-15,9.29,9.29,9.29,9.29,0
SDC,2022-03-16,9.29,9.29,9.29,9.29,0
SDC,2022-03-17,9.29,9.29,9.29,9.29,2400
SDC,2022-03-18,9.29,9.29,9.29,9.29,0
SDC,2022-03-21,8.54,8.54,8.54,8.54,300
SDC,2022-03-22,8.54,8.54,8.54,8.54,200
SDC,2022-03-23,8.54,8.54,8.54,8.54,8
SDC,2022-03-24,8.29,8.29,8.04,8.04,800
SDC,2022-03-25,8.21,8.21,8.13,8.13,200
SDC,2022-03-28,8.13,8.13,8.13,8.13,0
SDC,2022-03-29,8.46,8.54,8.46,8.54,500
SDC,2022-03-30,8.29,8.46,8.29,8.46,1170
SDC,2022-03-31,8.29,8.29,8.29,8.29,3234
SDC,2022-04-01,8.38,8.38,8.29,8.29,1100
SDC,2022-04-04,8.29,8.29,8.29,8.29,0
SDC,2022-04-05,8.38,8.38,8.29,8.29,500
SDC,2022-04-06,8.29,8.29,8.29,8.29,104
SDC,2022-04-07,8.29,8.54,8.29,8.54,800
SDC,2022-04-08,8.54,8.54,8.54,8.54,0
SDC,2022-04-12,8.54,8.54,8.54,8.54,0
SDC,2022-04-13,8.13,8.13,8.13,8.13,100
SDC,2022-04-14,8.79,8.79,8.29,8.29,200
SDC,2022-04-15,8.29,8.29,8.29,8.29,300
SDC,2022-04-18,8.13,8.13,8.13,8.13,400
SDC,2022-04-19,8.13,8.13,8.13,8.13,0
SDC,2022-04-20,8.21,8.29,8.21,8.29,1400
SDC,2022-04-21,8.29,8.29,8.29,8.29,0
SDC,2022-04-22,8.29,8.29,8.29,8.29,0
SDC,2022-04-25,8.29,8.29,8.29,8.29,0
SDC,2022-04-26,8.29,8.29,8.29,8.29,0
SDC,2022-04-27,8.29,8.29,8.29,8.29,0
SDC,2022-04-28,8.29,8.29,8.29,8.29,0
SDC,2022-04-29,8.29,8.29,8.29,8.29,0
SDC,2022-05-04,8.29,8.29,8.29,8.29,0
SDC,2022-05-05,8.29,8.29,8.29,8.29,0
SDC,2022-05-06,8.29,8.29,8.29,8.29,1000
SDC,2022-05-09,8.13,8.13,8.13,8.13,312
SDC,2022-05-10,8.13,8.13,8.13,8.13,0
SDC,2022-05-11,8.13,8.13,8.13,8.13,0
SDC,2022-05-12,8.13,8.13,8.13,8.13,0
SDC,2022-05-13,8.13,8.13,8.13,8.13,0
SDC,2022-05-16,8.13,8.13,8.13,8.13,0
SDC,2022-05-17,8.13,8.13,8.13,8.13,0
SDC,2022-05-18,8.13,8.13,8.13,8.13,0
SDC,2022-05-19,8.13,8.13,8.13,8.13,0
SDC,2022-05-20,8.13,8.13,8.13,8.13,0
SDC,2022-05-23,8.13,8.13,8.13,8.13,39
SDC,2022-05-24,8.13,8.13,8.13,8.13,100
SDC,2022-05-25,8.13,8.13,8.13,8.13,0
SDC,2022-05-26,8.13,8.13,8.13,8.13,0
SDC,2022-05-27,8.13,8.13,8.13,8.13,0
SDC,2022-05-30,8.13,8.13,8.13,8.13,0
SDC,2022-05-31,7.46,7.46,7.46,7.46,700
SDC,2022-06-01,7.46,7.46,7.46,7.46,0
SDC,2022-06-02,7.46,7.46,7.46,7.46,0
SDC,2022-06-03,7.46,7.46,7.46,7.46,0
SDC,2022-06-06,7.46,7.46,7.46,7.46,0
SDC,2022-06-07,7.46,7.46,7.46,7.46,0
SDC,2022-06-08,7.46,7.46,7.46,7.46,0
SDC,2022-06-09,7.46,7.46,7.46,7.46,0
SDC,2022-06-10,7.46,7.46,7.46,7.46,0
SDC,2022-06-13,7.46,7.46,7.46,7.46,100
SDC,2022-06-14,7.46,7.46,7.46,7.46,0
SDC,2022-06-15,7.46,7.46,7.46,7.46,0
SDC,2022-06-16,7.46,7.46,7.46,7.46,0
SDC,2022-06-17,7.46,7.46,7.46,7.46,0
SDC,2022-06-20,7.46,7.46,7.46,7.46,0
SDC,2022-06-21,7.46,7.46,7.46,7.46,0
SDC,2022-06-22,7.46,7.46,7.46,7.46,0
SDC,2022-06-23,7.46,7.46,7.46,7.46,0
SDC,2022-06-24,7.46,7.46,7.46,7.46,0
SDC,2022-06-27,7.46,7.46,7.46,7.46,0
SDC,2022-06-28,7.46,7.46,7.46,7.46,0
SDC,2022-06-29,7.46,7.46,7.46,7.46,0
SDC,2022-06-30,7.46,7.46,7.46,7.46,0
SDC,2022-07-01,7.46,7.46,7.46,7.46,0
SDC,2022-07-04,7.46,7.46,7.46,7.46,0
SDC,2022-07-05,6.72,6.72,6.72,6.72,900
SDC,2022-07-06,6.72,6.72,6.72,6.72,0
SDC,2022-07-07,6.72,6.72,6.72,6.72,0
SDC,2022-07-08,6.72,6.72,6.72,6.72,0
SDC,2022-07-11,6.72,6.72,6.72,6.72,0
SDC,2022-07-12,6.72,6.72,6.72,6.72,0
SDC,2022-07-13,6.72,6.72,6.72,6.72,0
SDC,2022-07-14,6.72,6.72,6.72,6.72,0
SDC,2022-07-15,6.72,6.72,6.72,6.72,59
SDC,2022-07-18,6.72,6.72,6.72,6.72,0
SDC,2022-07-19,6.72,6.72,6.72,6.72,0
SDC,2022-07-20,6.72,6.72,6.72,6.72,74
SDC,2022-07-21,6.72,6.72,6.72,6.72,0
SDC,2022-07-22,6.72,6.72,6.72,6.72,0
SDC,2022-07-25,6.72,6.72,6.72,6.72,0
SDC,2022-07-26,6.72,6.72,6.72,6.72,0
SDC,2022-07-27,7.38,7.38,7.38,7.38,100
SDC,2022-07-28,7.38,7.38,7.38,7.38,0
SDC,2022-07-29,7.38,7.38,7.38,7.38,0
SDC,2022-08-01,7.38,7.38,7.38,7.38,0
SDC,2022-08-02,7.38,7.38,7.38,7.38,0
SDC,2022-08-03,8.04,8.04,8.04,8.04,100
SDC,2022-08-04,8.04,8.04,8.04,8.04,0
SDC,2022-08-05,8.04,8.04,8.04,8.04,0
SDC,2022-08-08,7.3,7.3,7.3,7.3,100
SDC,2022-08-09,7.3,7.3,7.3,7.3,0
SDC,2022-08-10,7.3,7.3,7.3,7.3,0
SDC,2022-08-11,7.3,7.3,7.3,7.3,0
SDC,2022-08-12,7.3,7.3,7.3,7.3,0
SDC,2022-08-15,7.3,7.3,7.3,7.3,0
SDC,2022-08-16,7.3,7.3,7.3,7.3,0
SDC,2022-08-17,7.3,7.3,7.3,7.3,0
SDC,2022-08-18,7.3,7.3,7.3,7.3,0
SDC,2022-08-19,7.3,7.3,7.3,7.3,0
SDC,2022-08-22,7.3,7.3,7.3,7.3,0
SDC,2022-08-23,7.13,7.13,7.13,7.13,100
SDC,2022-08-24,7.13,7.13,7.13,7.13,0
SDC,2022-08-25,7.13,7.13,7.13,7.13,0
SDC,2022-08-26,7.13,7.13,7.13,7.13,0
SDC,2022-08-29,7.13,7.13,7.13,7.13,0
SDC,2022-08-30,7.13,7.13,7.13,7.13,0
SDC,2022-08-31,7.13,7.13,7.13,7.13,0
SDC,2022-09-05,7.13,7.13,7.13,7.13,0
SDC,2022-09-06,7.13,7.13,7.13,7.13,0
SDC,2022-09-07,7.13,7.13,7.13,7.13,0
SDC,2022-09-08,7.13,7.13,7.13,7.13,0
SDC,2022-09-09,7.13,7.13,7.13,7.13,0
SDC,2022-09-12,7.13,7.13,7.13,7.13,16
SDC,2022-09-13,7.13,7.13,7.13,7.13,0
SDC,2022-09-14,7.13,7.13,7.13,7.13,0
SDC,2022-09-15,7.13,7.13,7.13,7.13,0
SDC,2022-09-16,7.13,7.13,7.13,7.13,67
SDC,2022-09-19,7.13,7.13,7.13,7.13,0
SDC,2022-09-20,7.13,7.13,7.13,7.13,0
SDC,2022-09-21,7.13,7.13,7.13,7.13,0
SDC,2022-09-22,7.13,7.13,7.13,7.13,0
SDC,2022-09-23,7.13,7.13,7.13,7.13,0
SDC,2022-09-26,7.13,7.13,7.13,7.13,0
SDC,2022-09-27,7.13,7.13,7.13,7.13,0
SDC,2022-09-28,7.13,7.13,7.13,7.13,0
SDC,2022-09-29,7.13,7.13,7.13,7.13,0
SDC,2022-09-30,7.71,7.71,7.71,7.71,100
SDC,2022-10-03,7.71,7.71,7.71,7.71,1
SDC,2022-10-04,7.71,7.71,7.71,7.71,0
SDC,2022-10-05,7.71,7.71,7.71,7.71,0
SDC,2022-10-06,7.71,7.71,7.71,7.71,0
SDC,2022-10-07,7.71,7.71,7.71,7.71,0
SDC,2022-10-10,7.71,7.71,7.71,7.71,0
SDC,2022-10-11,7.71,7.71,7.71,7.71,0
SDC,2022-10-12,7.71,7.71,7.71,7.71,0
SDC,2022-10-13,6.97,6.97,6.97,6.97,100
SDC,2022-10-14,6.97,6.97,6.97,6.97,0
SDC,2022-10-17,6.97,6.97,6.97,6.97,0
SDC,2022-10-18,6.97,6.97,6.97,6.97,0
SDC,2022-10-19,6.97,6.97,6.97,6.97,0
SDC,2022-10-20,6.97,6.97,6.97,6.97,0
SDC,2022-10-21,6.97,6.97,6.97,6.97,0
SDC,2022-10-24,6.97,6.97,6.97,6.97,0
SDC,2022-10-25,6.97,6.97,6.97,6.97,0
SDC,2022-10-26,6.97,6.97,6.97,6.97,0
SDC,2022-10-27,6.97,6.97,6.97,6.97,0
SDC,2022-10-28,6.97,6.97,6.97,6.97,0
SDC,2022-10-31,6.97,6.97,6.97,6.97,0
SDC,2022-11-01,6.97,6.97,6.97,6.97,0
SDC,2022-11-02,6.97,6.97,6.97,6.97,0
SDC,2022-11-03,6.97,6.97,6.97,6.97,0
SDC,2022-11-04,6.97,6.97,6.97,6.97,0
SDC,2022-11-07,6.97,6.97,6.97,6.97,0
SDC,2022-11-08,6.97,6.97,6.97,6.97,0
SDC,2022-11-09,6.88,6.88,6.88,6.88,417
SDC,2022-11-10,6.88,6.88,6.88,6.88,0
SDC,2022-11-11,6.88,6.88,6.88,6.88,0
SDC,2022-11-14,6.88,6.88,6.88,6.88,0
SDC,2022-11-15,6.88,6.88,6.88,6.88,0
SDC,2022-11-16,6.88,6.88,6.88,6.88,0
SDC,2022-11-17,6.88,6.88,6.88,6.88,0
SDC,2022-11-18,6.88,6.88,6.88,6.88,0
SDC,2022-11-21,6.88,6.88,6.88,6.88,0
SDC,2022-11-22,6.88,6.88,6.88,6.88,0
SDC,2022-11-23,6.88,6.88,6.88,6.88,0
SDC,2022-11-24,6.88,6.88,6.88,6.88,0
SDC,2022-11-25,6.88,6.88,6.88,6.88,0
SDC,2022-11-28,6.88,6.88,6.88,6.88,0
SDC,2022-11-29,6.88,6.88,6.88,6.88,0
SDC,2022-11-30,6.88,6.88,6.88,6.88,0
SDC,2022-12-01,6.88,6.88,6.88,6.88,0
SDC,2022-12-02,6.88,6.88,6.88,6.88,0
SDC,2022-12-05,6.88,6.88,6.88,6.88,0
SDC,2022-12-06,6.88,6.88,6.88,6.88,0
SDC,2022-12-07,6.88,6.88,6.88,6.88,0
SDC,2022-12-08,6.88,6.88,6.88,6.88,0
SDC,2022-12-09,6.88,6.88,6.88,6.88,0
SDC,2022-12-12,6.88,6.88,6.88,6.88,4
SDC,2022-12-13,6.88,6.88,6.88,6.88,0
SDC,2022-12-14,6.88,6.88,6.88,6.88,0
SDC,2022-12-15,6.88,6.88,6.88,6.88,0
SDC,2022-12-16,6.88,6.88,6.88,6.88,0
SDC,2022-12-19,6.88,6.88,6.88,6.88,0
SDC,2022-12-20,6.88,6.88,6.88,6.88,0
SDC,2022-12-21,6.88,6.88,6.88,6.88,0
SDC,2022-12-22,6.88,6.88,6.88,6.88,0
SDC,2022-12-23,6.88,6.88,6.88,6.88,0
SDC,2022-12-26,6.88,6.88,6.88,6.88,0
SDC,2022-12-27,6.88,6.88,6.88,6.88,0
SDC,2022-12-28,6.88,6.88,6.88,6.88,0
SDC,2022-12-29,6.88,6.88,6.88,6.88,0
SDC,2022-12-30,6.88,6.88,6.88,6.88,0
SDC,2023-01-03,6.88,6.88,6.88,6.88,0
SDC,2023-01-04,6.88,6.88,6.88,6.88,0
SDC,2023-01-05,6.88,6.88,6.88,6.88,0
SDC,2023-01-06,6.88,6.88,6.88,6.88,0
SDC,2023-01-09,6.88,6.88,6.88,6.88,0
SDC,2023-01-10,6.88,6.88,6.88,6.88,0
SDC,2023-01-11,6.88,6.88,6.88,6.88,0
SDC,2023-01-12,6.88,6.88,6.88,6.88,0
SDC,2023-01-13,6.88,6.88,6.88,6.88,0
SDC,2023-01-16,6.88,6.88,6.88,6.88,0
SDC,2023-01-17,7.55,7.55,7.55,7.55,100
SDC,2023-01-18,7.55,7.55,7.55,7.55,0
SDC,2023-01-19,7.55,7.55,7.55,7.55,0
SDC,2023-01-27,7.55,7.55,7.55,7.55,0
SDC,2023-01-30,7.55,7.55,7.55,7.55,0
SDC,2023-01-31,7.55,7.55,7.55,7.55,0
SDC,2023-02-01,7.55,7.55,7.55,7.55,0
SDC,2023-02-02,7.55,7.55,7.55,7.55,0
SDC,2023-02-03,7.55,7.55,7.55,7.55,0
SDC,2023-02-06,7.55,7.55,7.55,7.55,0
SDC,2023-02-07,7.55,7.55,7.55,7.55,0
SDC,2023-02-08,7.55,7.55,7.55,7.55,0
SDC,2023-02-09,7.55,7.55,7.55,7.55,0
SDC,2023-02-10,7.55,7.55,7.55,7.55,0
SDC,2023-02-13,7.55,7.55,7.55,7.55,0
SDC,2023-02-14,7.55,7.55,7.55,7.55,0
SDC,2023-02-15,7.55,7.55,7.55,7.55,0
SDC,2023-02-16,7.55,7.55,7.55,7.55,0
SDC,2023-02-17,7.55,7.55,7.55,7.55,0
SDC,2023-02-20,7.55,7.55,7.55,7.55,0
SDC,2023-02-21,7.55,7.55,7.55,7.55,0
SDC,2023-02-22,7.55,7.55,7.55,7.55,0
SDC,2023-02-23,7.55,7.55,7.55,7.55,0
SDC,2023-02-24,7.55,7.55,7.55,7.55,0
SDC,2023-02-27,7.55,7.55,7.55,7.55,0
SDC,2023-02-28,7.55,7.55,7.55,7.55,0
SDC,2023-03-01,7.55,7.55,7.55,7.55,0
SDC,2023-03-02,7.55,7.55,7.55,7.55,0
SDC,2023-03-03,7.55,7.55,7.55,7.55,0
SDC,2023-03-06,7.55,7.55,7.55,7.55,0
SDC,2023-03-07,7.55,7.55,7.55,7.55,0
SDC,2023-03-08,7.55,7.55,7.55,7.55,0
SDC,2023-03-09,7.55,7.55,7.55,7.55,0
SDC,2023-03-10,7.55,7.55,7.55,7.55,0
SDC,2023-03-13,7.55,7.55,7.55,7.55,0
SDC,2023-03-14,7.55,7.55,7.55,7.55,0
SDC,2023-03-15,7.55,7.55,7.55,7.55,1
SDC,2023-03-16,7.55,7.55,7.55,7.55,0
SDC,2023-03-17,7.55,7.55,7.55,7.55,0
SDC,2023-03-20,7.55,7.55,7.55,7.55,0
SDC,2023-03-21,7.55,7.55,7.55,7.55,0
SDC,2023-03-22,7.55,7.55,7.55,7.55,0
SDC,2023-03-23,7.55,7.55,7.55,7.55,0
SDC,2023-03-24,7.55,7.55,7.55,7.55,0
SDC,2023-03-27,7.55,7.55,7.55,7.55,0
SDC,2023-03-28,7.55,7.55,7.55,7.55,0
SDC,2023-03-29,7.55,7.55,7.55,7.55,0
SDC,2023-03-30,7.55,7.55,7.55,7.55,0
SDC,2023-03-31,7.55,7.55,7.55,7.55,0
SDC,2023-04-03,7.55,7.55,7.55,7.55,0
SDC,2023-04-04,7.55,7.55,7.55,7.55,0
SDC,2023-04-05,6.84,6.84,6.84,6.84,100
SDC,2023-04-06,6.84,6.84,6.84,6.84,0
SDC,2023-04-07,6.84,6.84,6.84,6.84,0
SDC,2023-04-10,6.84,6.84,6.84,6.84,0
SDC,2023-04-11,6.84,6.84,6.84,6.84,0
SDC,2023-04-12,6.84,6.84,6.84,6.84,0
SDC,2023-04-13,6.84,6.84,6.84,6.84,0
SDC,2023-04-14,6.84,6.84,6.84,6.84,0
SDC,2023-04-17,6.84,6.84,6.84,6.84,0
SDC,2023-04-18,6.84,6.84,6.84,6.84,0
SDC,2023-04-19,6.84,6.84,6.84,6.84,0
SDC,2023-04-20,6.84,6.84,6.84,6.84,0
SDC,2023-04-21,6.84,6.84,6.84,6.84,0
SDC,2023-04-24,6.84,6.84,6.84,6.84,0
SDC,2023-04-25,6.84,6.84,6.84,6.84,0
SDC,2023-04-26,6.84,6.84,6.84,6.84,0
SDC,2023-04-27,6.84,6.84,6.84,6.84,0
SDC,2023-04-28,6.84,6.84,6.84,6.84,0
SDC,2023-05-04,6.84,6.84,6.84,6.84,0
SDC,2023-05-05,6.84,6.84,6.84,6.84,1
SDC,2023-05-08,6.84,6.84,6.84,6.84,0
SDC,2023-05-09,6.84,6.84,6.84,6.84,1
SDC,2023-05-10,6.84,6.84,6.84,6.84,0
SDC,2023-05-11,6.84,6.84,6.84,6.84,0
SDC,2023-05-12,6.84,6.84,6.84,6.84,0
SDC,2023-05-15,6.84,6.84,6.84,6.84,0
SDC,2023-05-16,7.1,7.1,7.1,7.1,600
SDC,2023-05-17,7.1,7.1,7.1,7.1,0
SDC,2023-05-18,7.1,7.1,7.1,7.1,0
SDC,2023-05-19,7.1,7.1,7.1,7.1,1
SDC,2023-05-22,7.1,7.1,7.1,7.1,0
SDC,2023-05-23,7.1,7.1,7.1,7.1,0
SDC,2023-05-24,7.1,7.1,7.1,7.1,0
SDC,2023-05-25,7.1,7.1,7.1,7.1,0
SDC,2023-05-26,7.1,7.1,7.1,7.1,0
SDC,2023-05-29,7.1,7.1,7.1,7.1,0
SDC,2023-05-30,7.1,7.1,7.1,7.1,0
SDC,2023-05-31,7.1,7.1,7.1,7.1,0
SDC,2023-06-01,7.1,7.1,7.1,7.1,0
SDC,2023-06-02,7.1,7.1,7.1,7.1,0
SDC,2023-06-05,6.39,6.39,6.39,6.39,144
SDC,2023-06-06,6.39,6.39,6.39,6.39,1000
SDC,2023-06-07,6.39,6.39,6.39,6.39,0
SDC,2023-06-08,6.39,6.39,6.39,6.39,0
SDC,2023-06-09,6.57,6.57,6.57,6.57,100
SDC,2023-06-12,6.57,6.57,6.57,6.57,0
SDC,2023-06-13,6.57,6.57,6.57,6.57,11
SDC,2023-06-14,6.66,6.66,6.66,6.66,112
SDC,2023-06-15,6.57,6.57,6.57,6.57,500
SDC,2023-06-16,6.57,6.57,6.57,6.57,100
SDC,2023-06-19,6.57,6.57,6.57,6.57,330
SDC,2023-06-20,6.66,6.66,6.66,6.66,100
SDC,2023-06-21,6.66,6.66,6.66,6.66,0
SDC,2023-06-22,6.66,6.66,6.66,6.66,9
SDC,2023-06-23,6.66,6.66,6.66,6.66,0
SDC,2023-06-26,6.66,6.66,6.66,6.66,10
SDC,2023-06-27,6.66,6.66,6.66,6.66,0
SDC,2023-06-28,6.66,6.66,6.66,6.66,4
SDC,2023-06-29,7.28,7.28,7.28,7.28,300
SDC,2023-06-30,7.28,7.28,7.28,7.28,0
SDC,2023-07-03,7.28,7.28,7.28,7.28,0
SDC,2023-07-04,7.28,7.28,7.28,7.28,54
SDC,2023-07-05,7.28,7.28,7.28,7.28,0
SDC,2023-07-06,7.28,7.28,6.57,6.66,300
SDC,2023-07-07,6.66,6.66,6.66,6.66,0
SDC,2023-07-10,6.66,6.66,6.66,6.66,25
SDC,2023-07-11,6.66,6.66,6.66,6.66,0
SDC,2023-07-12,6.66,6.66,6.66,6.66,100
SDC,2023-07-13,6.66,6.66,6.66,6.66,0
SDC,2023-07-14,6.66,6.66,6.66,6.66,86
SDC,2023-07-17,6.66,6.66,6.66,6.66,11
SDC,2023-07-18,6.66,6.66,6.66,6.66,100
SDC,2023-07-19,6.66,6.66,6.66,6.66,5
SDC,2023-07-20,6.66,6.66,6.66,6.66,0
SDC,2023-07-21,6.66,6.66,6.66,6.66,0
SDC,2023-07-24,6.66,6.66,6.66,6.66,0
SDC,2023-07-25,6.66,6.66,6.66,6.66,28
SDC,2023-07-26,6.66,6.66,6.66,6.66,7
SDC,2023-07-27,7.28,7.28,7.28,7.28,101
SDC,2023-07-28,6.57,6.66,6.57,6.57,4200
SDC,2023-07-31,6.57,6.57,6.57,6.57,45
SDC,2023-08-01,6.66,6.66,6.66,6.66,513
SDC,2023-08-02,6.66,6.66,6.66,6.66,0
SDC,2023-08-03,6.66,6.66,6.66,6.66,100
SDC,2023-08-04,6.66,6.66,6.66,6.66,501
SDC,2023-08-07,6.66,6.66,6.66,6.66,0
SDC,2023-08-08,6.66,6.66,6.66,6.66,0
SDC,2023-08-09,7.28,7.28,7.28,7.28,100
SDC,2023-08-10,7.28,7.28,7.28,7.28,48
SDC,2023-08-11,7.28,7.99,7.28,7.99,600
SDC,2023-08-14,7.99,7.99,7.99,7.99,1500
SDC,2023-08-15,7.99,7.99,7.99,7.99,556
SDC,2023-08-16,7.99,7.99,7.99,7.99,0
SDC,2023-08-17,7.19,7.19,7.19,7.19,1833
SDC,2023-08-18,6.57,6.57,6.57,6.57,349
SDC,2023-08-21,6.57,6.57,6.57,6.57,0
SDC,2023-08-22,6.57,6.57,6.57,6.57,0
SDC,2023-08-23,6.57,6.57,6.57,6.57,0
SDC,2023-08-24,6.57,6.57,6.57,6.57,0
SDC,2023-08-25,6.57,6.57,6.57,6.57,0
SDC,2023-08-28,6.04,6.04,6.04,6.04,100
SDC,2023-08-29,6.04,6.04,6.04,6.04,0
SDC,2023-08-30,6.04,6.04,6.04,6.04,13
SDC,2023-08-31,6.04,6.04,6.04,6.04,0
SDC,2023-09-05,6.57,6.57,6.57,6.57,300
SDC,2023-09-06,6.57,6.57,6.57,6.57,0
SDC,2023-09-07,6.57,6.57,6.57,6.57,72
SDC,2023-09-08,6.57,6.57,6.57,6.57,0
SDC,2023-09-11,6.57,6.57,6.57,6.57,100
SDC,2023-09-12,6.57,6.57,6.57,6.57,0
SDC,2023-09-13,7.1,7.1,7.1,7.1,600
SDC,2023-09-14,7.1,7.1,7.1,7.1,0
SDC,2023-09-15,7.1,7.1,7.1,7.1,0
SDC,2023-09-18,7.1,7.1,7.1,7.1,0
SDC,2023-09-19,7.1,7.1,7.1,7.1,2
SDC,2023-09-20,7.1,7.1,7.1,7.1,0
SDC,2023-09-21,7.1,7.1,7.1,7.1,0
SDC,2023-09-22,7.1,7.1,7.1,7.1,0
SDC,2023-09-25,7.1,7.1,7.1,7.1,0
SDC,2023-09-26,7.1,7.1,7.1,7.1,0
SDC,2023-09-27,7.1,7.1,7.1,7.1,0
SDC,2023-09-28,7.1,7.1,7.1,7.1,0
SDC,2023-09-29,7.1,7.1,7.1,7.1,0
SDC,2023-10-02,7.1,7.1,7.1,7.1,0
SDC,2023-10-03,7.1,7.1,7.1,7.1,0
SDC,2023-10-04,7.1,7.1,7.1,7.1,0
SDC,2023-10-05,7.1,7.1,7.1,7.1,0
SDC,2023-10-06,7.1,7.1,7.1,7.1,0
SDC,2023-10-09,7.1,7.1,7.1,7.1,0
SDC,2023-10-10,7.1,7.1,7.1,7.1,0
SDC,2023-10-11,7.1,7.1,7.1,7.1,0
SDC,2023-10-12,7.1,7.1,7.1,7.1,0
SDC,2023-10-13,7.1,7.1,7.1,7.1,4
SDC,2023-10-16,7.1,7.1,7.1,7.1,0
SDC,2023-10-17,7.1,7.1,7.1,7.1,0
SDC,2023-10-18,7.1,7.1,7.1,7.1,0
SDC,2023-10-19,7.1,7.1,7.1,7.1,0
SDC,2023-10-20,7.1,7.1,7.1,7.1,0
SDC,2023-10-23,7.1,7.1,7.1,7.1,0
SDC,2023-10-24,7.1,7.1,7.1,7.1,1
SDC,2023-10-25,7.1,7.1,7.1,7.1,0
SDC,2023-10-26,7.1,7.1,7.1,7.1,0
SDC,2023-10-27,7.1,7.1,7.1,7.1,0
SDC,2023-10-30,7.1,7.1,7.1,7.1,0
SDC,2023-10-31,7.1,7.1,7.1,7.1,0
SDC,2023-11-01,7.1,7.1,7.1,7.1,0
SDC,2023-11-02,7.1,7.1,7.1,7.1,0
SDC,2023-11-03,7.1,7.1,7.1,7.1,0
SDC,2023-11-06,7.1,7.1,7.1,7.1,0
SDC,2023-11-07,7.1,7.1,7.1,7.1,0
SDC,2023-11-08,7.1,7.1,7.1,7.1,15
SDC,2023-11-09,7.1,7.1,7.1,7.1,0
SDC,2023-11-10,7.1,7.1,7.1,7.1,0
SDC,2023-11-13,7.1,7.1,7.1,7.1,0
SDC,2023-11-14,7.1,7.1,7.1,7.1,0
SDC,2023-11-15,7.72,7.72,7.72,7.72,100
SDC,2023-11-16,8.26,8.26,8.26,8.26,100
SDC,2023-11-17,8.26,8.26,8.26,8.26,0
SDC,2023-11-20,8.26,8.26,8.26,8.26,0
SDC,2023-11-21,8.26,8.26,8.26,8.26,0
SDC,2023-11-22,8.26,8.26,8.26,8.26,0
SDC,2023-11-23,8.26,8.26,8.26,8.26,0
SDC,2023-11-24,8.26,8.26,8.26,8.26,0
SDC,2023-11-27,8.26,8.26,8.26,8.26,0
SDC,2023-11-28,8.26,8.26,8.26,8.26,0
SDC,2023-11-29,8.26,8.26,8.26,8.26,1
SDC,2023-11-30,8.26,8.26,8.26,8.26,0
SDC,2023-12-01,8.26,8.26,8.26,8.26,0
SDC,2023-12-04,8.26,8.26,8.26,8.26,0
SDC,2023-12-05,8.26,8.26,8.26,8.26,0
SDC,2023-12-06,8.26,8.26,8.26,8.26,0
SDC,2023-12-07,8.26,8.26,8.26,8.26,0
SDC,2023-12-08,8.26,8.26,8.26,8.26,0
SDC,2023-12-11,8.26,8.26,8.26,8.26,0
SDC,2023-12-12,8.26,8.26,8.26,8.26,300
SDC,2023-12-13,8.26,8.26,8.26,8.26,1
SDC,2023-12-14,8.26,8.26,8.26,8.26,0
SDC,2023-12-15,8.26,8.26,8.26,8.26,0
SDC,2023-12-18,8.26,8.26,8.26,8.26,500
SDC,2023-12-19,8.26,8.26,8.26,8.26,0
SDC,2023-12-20,8.26,8.26,8.26,8.26,0
SDC,2023-12-21,8.26,8.26,8.26,8.26,0
SDC,2023-12-22,7.46,7.46,7.46,7.46,100
SDC,2023-12-25,7.46,7.46,7.46,7.46,0
SDC,2023-12-26,7.46,7.46,7.46,7.46,0
SDC,2023-12-27,7.46,7.46,7.46,7.46,0
SDC,2023-12-28,7.46,7.46,7.46,7.46,0
SDC,2023-12-29,7.46,7.46,7.46,7.46,1
SDC,2024-01-02,7.46,7.46,7.46,7.46,0
SDC,2024-01-03,7.46,7.46,7.46,7.46,0
SDC,2024-01-04,7.46,7.46,7.46,7.46,0
SDC,2024-01-05,7.46,7.46,7.46,7.46,0
SDC,2024-01-08,7.46,7.46,7.46,7.46,1
SDC,2024-01-09,7.46,7.46,7.46,7.46,0
SDC,2024-01-10,7.46,7.46,7.46,7.46,0
SDC,2024-01-11,7.46,7.46,7.46,7.46,0
SDC,2024-01-12,7.46,7.46,7.46,7.46,28
SDC,2024-01-15,7.46,7.46,7.46,7.46,22
SDC,2024-01-16,7.46,7.46,7.46,7.46,0
SDC,2024-01-17,7.46,7.46,7.46,7.46,0
SDC,2024-01-18,7.46,7.46,7.46,7.46,1
SDC,2024-01-19,7.46,7.46,7.46,7.46,0
SDC,2024-01-22,7.46,7.46,7.46,7.46,0
SDC,2024-01-23,7.46,7.46,7.46,7.46,0
SDC,2024-01-24,7.46,7.46,7.46,7.46,0
SDC,2024-01-25,7.46,7.46,7.46,7.46,0
SDC,2024-01-26,7.46,7.46,7.46,7.46,0
SDC,2024-01-29,7.46,7.46,7.46,7.46,0
SDC,2024-01-30,8.08,8.08,8.08,8.08,100
SDC,2024-01-31,8.08,8.08,8.08,8.08,0
SDC,2024-02-01,8.08,8.08,8.08,8.08,0
SDC,2024-02-02,8.08,8.08,8.08,8.08,0
SDC,2024-02-05,8.08,8.08,8.08,8.08,0
SDC,2024-02-06,8.08,8.08,8.08,8.08,0
SDC,2024-02-07,8.08,8.08,8.08,8.08,0
SDC,2024-02-15,8.08,8.08,8.08,8.08,0
SDC,2024-02-16,7.28,7.28,7.28,7.28,5300
SDC,2024-02-19,7.28,7.28,7.28,7.28,0
SDC,2024-02-20,7.28,7.28,7.28,7.28,0
SDC,2024-02-21,7.28,7.28,7.28,7.28,0
SDC,2024-02-22,7.1,7.1,7.1,7.1,550
SDC,2024-02-23,7.1,7.1,7.1,7.1,0
SDC,2024-02-26,7.1,7.1,7.1,7.1,0
SDC,2024-02-27,7.1,7.1,7.1,7.1,0
SDC,2024-02-28,7.1,7.1,7.1,7.1,0
SDC,2024-02-29,7.1,7.1,7.1,7.1,0
SDC,2024-03-01,7.1,7.1,7.1,7.1,3
SDC,2024-03-04,7.1,7.1,7.1,7.1,0
SDC,2024-03-05,7.55,7.55,7.55,7.55,500
SDC,2024-03-06,7.28,7.28,7.28,7.28,500
SDC,2024-03-07,7.28,7.99,7.28,7.99,8300
SDC,2024-03-08,7.99,7.99,7.99,7.99,102
SDC,2024-03-11,7.9,7.9,7.9,7.9,800
SDC,2024-03-12,7.9,7.9,7.9,7.9,100
SDC,2024-03-13,7.9,7.9,7.9,7.9,10
SDC,2024-03-14,7.9,7.9,7.9,7.9,100
SDC,2024-03-15,7.9,8.34,7.9,8.34,400
SDC,2024-03-18,8.34,8.34,7.9,7.9,1400
SDC,2024-03-19,7.19,7.19,7.19,7.19,1335
SDC,2024-03-20,6.57,7.81,6.57,7.81,400
SDC,2024-03-21,7.72,7.72,7.72,7.72,152
SDC,2024-03-22,7.72,7.72,7.72,7.72,0
SDC,2024-03-25,7.72,7.72,7.72,7.72,0
SDC,2024-03-26,7.72,7.72,7.72,7.72,62
SDC,2024-03-27,7.72,7.72,7.72,7.72,12
SDC,2024-03-28,7.72,7.72,7.72,7.72,11
SDC,2024-03-29,7.72,7.72,7.72,7.72,0
SDC,2024-04-01,7.72,7.72,7.72,7.72,0
SDC,2024-04-02,7.72,7.72,7.72,7.72,7
SDC,2024-04-03,7.72,7.72,7.72,7.72,0
SDC,2024-04-04,7.72,7.72,7.72,7.72,0
SDC,2024-04-05,7.72,7.72,7.72,7.72,0
SDC,2024-04-08,7.72,7.72,7.72,7.72,0
SDC,2024-04-09,7.72,7.72,7.72,7.72,0
SDC,2024-04-10,7.72,7.72,7.72,7.72,0
SDC,2024-04-11,7.72,7.72,7.72,7.72,0
SDC,2024-04-12,7.62,7.62,7.62,7.62,100
SDC,2024-04-15,7.62,7.62,7.62,7.62,0
SDC,2024-04-16,7.44,7.44,7.44,7.44,500
SDC,2024-04-17,7.44,7.44,7.44,7.44,0
SDC,2024-04-19,7.44,7.44,7.44,7.44,0
SDC,2024-04-22,7.44,7.44,7.44,7.44,0
SDC,2024-04-23,6.78,7.25,6.78,7.25,300
SDC,2024-04-24,7.25,7.25,7.25,7.25,0
SDC,2024-04-25,7.15,7.15,7.06,7.06,600
SDC,2024-04-26,7.06,7.06,7.06,7.06,6
SDC,2024-05-02,7.06,7.06,7.06,7.06,0
SDC,2024-05-03,7.06,7.06,7.06,7.06,0
SDC,2024-05-06,7.06,7.06,7.06,7.06,0
SDC,2024-05-07,7.06,7.06,7.06,7.06,0
SDC,2024-05-08,7.06,7.06,7.06,7.06,0
SDC,2024-05-09,7.06,7.06,7.06,7.06,1
SDC,2024-05-10,7.06,7.06,7.06,7.06,0
SDC,2024-05-13,7.06,7.06,7.06,7.06,0
SDC,2024-05-14,7.06,7.06,7.06,7.06,0
SDC,2024-05-15,7.06,7.06,7.06,7.06,1
SDC,2024-05-16,7.06,7.06,7.06,7.06,0
SDC,2024-05-17,7.06,7.06,7.06,7.06,0
SDC,2024-05-20,7.06,7.06,7.06,7.06,0
SDC,2024-05-21,7.06,7.06,7.06,7.06,28
SDC,2024-05-22,6.96,6.96,6.96,6.96,100
SDC,2024-05-23,6.96,6.96,6.96,6.96,0
SDC,2024-05-24,6.96,6.96,6.96,6.96,0
SDC,2024-05-27,6.96,6.96,6.96,6.96,0
SDC,2024-05-28,6.96,6.96,6.96,6.96,0
SDC,2024-05-29,6.96,6.96,6.96,6.96,0
SDC,2024-05-30,6.96,6.96,6.96,6.96,0
SDC,2024-05-31,6.49,6.49,6.49,6.49,100
SDC,2024-06-03,6.59,6.59,6.59,6.59,200
SDC,2024-06-04,6.59,6.59,6.59,6.59,0
SDC,2024-06-05,6.78,6.78,6.78,6.78,100
SDC,2024-06-06,6.78,6.78,6.78,6.78,0
SDC,2024-06-07,6.78,6.78,6.78,6.78,0
SDC,2024-06-10,6.78,6.78,6.78,6.78,0
SDC,2024-06-11,6.78,6.78,6.78,6.78,0
SDC,2024-06-12,6.78,6.78,6.78,6.78,8
SDC,2024-06-13,6.78,6.78,6.78,6.78,0
SDC,2024-06-14,6.78,6.78,6.78,6.78,0
SDC,2024-06-17,6.78,6.78,6.78,6.78,41
SDC,2024-06-18,6.78,6.78,6.78,6.78,300
SDC,2024-06-19,6.78,6.78,6.78,6.78,0
SDC,2024-06-20,6.78,6.78,6.78,6.78,0
SDC,2024-06-21,6.78,6.78,6.78,6.78,0
SDC,2024-06-24,6.78,6.78,6.78,6.78,300
SDC,2024-06-25,7.25,7.44,7.25,7.44,2000
SDC,2024-06-26,7.44,7.44,7.44,7.44,0
SDC,2024-06-27,7.44,7.44,7.44,7.44,0
SDC,2024-06-28,7.44,7.44,7.44,7.44,0
SDC,2024-07-01,6.78,6.78,6.78,6.78,174
SDC,2024-07-02,6.78,6.78,6.78,6.78,0
SDC,2024-07-03,6.78,6.78,6.78,6.78,0
SDC,2024-07-04,6.78,6.78,6.78,6.78,2
SDC,2024-07-05,6.78,6.78,6.78,6.78,2
SDC,2024-07-08,7.44,7.44,7.44,7.44,100
SDC,2024-07-09,8.0,8.0,8.0,8.0,100
SDC,2024-07-10,8.0,8.0,8.0,8.0,4
SDC,2024-07-11,8.0,8.0,8.0,8.0,0
SDC,2024-07-12,8.0,8.0,8.0,8.0,0
SDC,2024-07-15,8.0,8.0,8.0,8.0,0
SDC,2024-07-16,8.0,8.0,8.0,8.0,100
SDC,2024-07-17,8.0,8.0,8.0,8.0,0
SDC,2024-07-18,8.0,8.0,8.0,8.0,0
SDC,2024-07-19,8.0,8.0,8.0,8.0,41
SDC,2024-07-22,8.0,8.0,8.0,8.0,0
SDC,2024-07-23,8.0,8.0,8.0,8.0,0
SDC,2024-07-24,8.0,8.0,8.0,8.0,0
SDC,2024-07-25,8.0,8.0,8.0,8.0,0
SDC,2024-07-26,8.0,8.0,8.0,8.0,0
SDC,2024-07-29,8.0,8.0,8.0,8.0,0
SDC,2024-07-30,8.0,8.0,8.0,8.0,0
SDC,2024-07-31,7.72,8.75,7.72,8.75,201
SDC,2024-08-01,8.75,8.75,8.75,8.75,0
SDC,2024-08-02,9.6,9.6,9.6,9.6,100
SDC,2024-08-05,8.66,9.6,8.66,9.6,1000
SDC,2024-08-06,9.6,9.6,9.6,9.6,14
SDC,2024-08-07,9.6,9.6,9.6,9.6,0
SDC,2024-08-08,9.6,9.6,9.6,9.6,0
SDC,2024-08-09,9.6,9.6,9.6,9.6,0
SDC,2024-08-12,9.6,9.6,9.6,9.6,0
SDC,2024-08-13,9.6,9.6,9.6,9.6,0
SDC,2024-08-14,9.6,9.6,9.6,9.6,0
SDC,2024-08-15,9.6,9.6,9.6,9.6,0
SDC,2024-08-16,9.6,9.6,9.6,9.6,0
SDC,2024-08-19,9.6,9.6,9.6,9.6,0
SDC,2024-08-20,8.66,8.66,8.66,8.66,188
SDC,2024-08-21,8.66,8.66,8.66,8.66,300
SDC,2024-08-22,8.66,8.66,8.66,8.66,0
SDC,2024-08-23,8.66,8.66,8.66,8.66,0
SDC,2024-08-26,8.66,8.66,8.66,8.66,0
SDC,2024-08-27,8.66,8.66,8.66,8.66,0
SDC,2024-08-28,7.81,7.81,7.81,7.81,1557
SDC,2024-08-29,7.15,7.15,7.15,7.15,1301
SDC,2024-08-30,7.15,7.15,7.15,7.15,0
SDC,2024-09-04,7.15,7.15,7.15,7.15,0
SDC,2024-09-05,7.15,7.15,6.96,6.96,300
SDC,2024-09-06,6.96,6.96,6.96,6.96,0
SDC,2024-09-09,6.96,6.96,6.96,6.96,84
SDC,2024-09-10,6.96,6.96,6.96,6.96,0
SDC,2024-09-11,7.44,7.44,7.25,7.25,200
SDC,2024-09-12,7.25,7.25,7.25,7.25,0
SDC,2024-09-13,7.25,7.25,7.25,7.25,0
SDC,2024-09-16,7.25,7.25,7.25,7.25,0
SDC,2024-09-17,7.44,7.44,7.44,7.44,101
SDC,2024-09-18,7.44,7.44,7.44,7.44,0
SDC,2024-09-19,7.44,7.44,7.44,7.44,41
SDC,2024-09-20,7.44,7.44,7.44,7.44,0
SDC,2024-09-23,7.44,7.44,7.44,7.44,0
SDC,2024-09-24,7.44,7.44,7.44,7.44,0
SDC,2024-09-25,7.44,7.44,7.44,7.44,0
SDC,2024-09-26,7.44,7.44,7.44,7.44,0
SDC,2024-09-27,7.06,7.06,7.06,7.06,1100
SDC,2024-09-30,6.68,6.68,6.68,6.68,100
SDC,2024-10-01,6.68,6.87,6.68,6.87,1162
SDC,2024-10-02,6.87,6.87,6.87,6.87,39
SDC,2024-10-03,6.87,6.87,6.87,6.87,0
SDC,2024-10-04,6.87,6.87,6.87,6.87,0
SDC,2024-10-07,6.87,6.87,6.87,6.87,0
SDC,2024-10-08,6.49,6.49,6.49,6.49,100
SDC,2024-10-09,6.49,6.49,6.49,6.49,1000
SDC,2024-10-10,6.49,6.49,6.49,6.49,0
SDC,2024-10-11,6.49,6.49,6.49,6.49,0
SDC,2024-10-14,6.49,6.49,6.49,6.49,0
SDC,2024-10-15,6.49,6.49,6.49,6.49,0
SDC,2024-10-16,6.49,6.49,6.49,6.49,29
SDC,2024-10-17,6.49,6.49,6.49,6.49,6300
SDC,2024-10-18,6.49,6.49,6.49,6.49,0
SDC,2024-10-21,6.49,6.49,6.49,6.49,0
SDC,2024-10-22,6.49,6.49,6.49,6.49,0
SDC,2024-10-23,6.49,6.49,6.49,6.49,0
SDC,2024-10-24,6.49,6.49,6.49,6.49,0
SDC,2024-10-25,6.49,6.49,6.49,6.49,0
SDC,2024-10-28,6.49,6.49,6.49,6.49,0
SDC,2024-10-29,6.49,6.49,6.49,6.49,0
SDC,2024-10-30,6.49,6.49,6.49,6.49,3
SDC,2024-10-31,6.49,6.49,6.49,6.49,1
SDC,2024-11-01,6.49,6.49,6.49,6.49,0
SDC,2024-11-04,6.49,6.49,6.49,6.49,0
SDC,2024-11-05,6.49,6.49,6.49,6.49,0
SDC,2024-11-06,7.06,7.06,7.06,7.06,100
SDC,2024-11-07,7.06,7.06,7.06,7.06,0
SDC,2024-11-08,7.62,7.72,7.62,7.72,5663
SDC,2024-11-11,8.47,8.47,8.47,8.47,100
SDC,2024-11-12,8.0,8.94,8.0,8.94,10000
SDC,2024-11-13,8.85,9.79,8.09,9.6,1600
SDC,2024-11-14,9.6,9.6,9.6,9.6,0
SDC,2024-11-15,8.66,8.66,8.66,8.66,1001
SDC,2024-11-18,7.81,7.81,7.81,7.81,1000
SDC,2024-11-19,7.06,7.06,7.06,7.06,162
SDC,2024-11-20,7.15,7.15,6.4,6.4,10600
SDC,2024-11-21,6.4,6.4,6.4,6.4,0
SDC,2024-11-22,6.4,6.4,6.4,6.4,0
SDC,2024-11-25,6.4,6.4,6.4,6.4,0
SDC,2024-11-26,6.96,6.96,6.96,6.96,100
SDC,2024-11-27,6.96,6.96,6.96,6.96,0
SDC,2024-11-28,6.96,6.96,6.96,6.96,0
SDC,2024-11-29,6.96,6.96,6.96,6.96,4
SDC,2024-12-02,6.96,6.96,6.96,6.96,0
SDC,2024-12-03,6.96,6.96,6.96,6.96,0
SDC,2024-12-04,6.96,6.96,6.96,6.96,0
SDC,2024-12-05,6.96,6.96,6.96,6.96,0
SDC,2024-12-06,6.96,6.96,6.96,6.96,0
SDC,2024-12-09,6.96,6.96,6.96,6.96,78
SDC,2024-12-10,6.96,6.96,6.96,6.96,0
SDC,2024-12-11,6.96,6.96,6.96,6.96,1
SDC,2024-12-12,6.96,6.96,6.96,6.96,18
SDC,2024-12-13,6.96,6.96,6.96,6.96,0
SDC,2024-12-16,6.96,6.96,6.96,6.96,0
SDC,2024-12-17,6.4,6.4,6.4,6.4,100
SDC,2024-12-18,6.4,6.4,6.4,6.4,0
SDC,2024-12-19,6.96,6.96,6.96,6.96,151
SDC,2024-12-20,6.96,6.96,6.96,6.96,0
SDC,2024-12-23,7.53,7.62,7.53,7.62,330202
SDC,2024-12-24,8.28,8.28,8.28,8.28,100
SDC,2024-12-25,8.56,8.66,8.56,8.66,200
SDC,2024-12-26,8.66,8.66,8.66,8.66,0
SDC,2024-12-27,7.81,7.81,7.81,7.81,101
SDC,2024-12-30,7.06,7.06,7.06,7.06,367
SDC,2024-12-31,7.06,7.06,7.06,7.06,0
SDC,2025-01-02,6.59,6.59,6.59,6.59,200
SDC,2025-01-03,7.25,7.25,7.25,7.25,5601
SDC,2025-01-06,7.34,7.34,7.34,7.34,10000
SDC,2025-01-07,6.87,6.87,6.87,6.87,6500
SDC,2025-01-08,6.78,6.78,6.78,6.78,6800
SDC,2025-01-09,7.15,7.44,7.06,7.44,6700
SDC,2025-01-10,7.44,7.44,7.44,7.44,18
SDC,2025-01-13,7.44,7.44,7.44,7.44,0
SDC,2025-01-14,7.44,7.44,7.44,7.44,0
SDC,2025-01-15,7.44,7.44,7.44,7.44,0
SDC,2025-01-16,7.44,7.44,7.44,7.44,0
SDC,2025-01-17,7.44,7.44,7.44,7.44,0
SDC,2025-01-20,7.44,7.44,7.44,7.44,0
SDC,2025-01-21,7.44,7.44,7.44,7.44,0
SDC,2025-01-22,7.44,7.44,7.44,7.44,0
SDC,2025-01-23,7.72,7.72,7.72,7.72,100
SDC,2025-01-24,7.72,7.72,7.72,7.72,0
SDC,2025-02-03,7.72,7.72,7.72,7.72,0
SDC,2025-02-04,7.72,7.72,7.72,7.72,0
SDC,2025-02-05,7.06,7.06,7.06,7.06,141
SDC,2025-02-06,7.06,7.06,7.06,7.06,0
SDC,2025-02-07,7.06,7.06,7.06,7.06,4000
SDC,2025-02-10,7.06,7.06,7.06,7.06,2400
SDC,2025-02-11,7.06,7.06,7.06,7.06,0
SDC,2025-02-12,7.06,7.06,7.06,7.06,0
SDC,2025-02-13,7.06,7.06,7.06,7.06,0
SDC,2025-02-14,7.06,7.06,7.06,7.06,0
SDC,2025-02-17,7.06,7.06,7.06,7.06,0
SDC,2025-02-18,7.06,7.06,7.06,7.06,49
SDC,2025-02-19,7.06,7.06,7.06,7.06,5
SDC,2025-02-20,7.06,7.06,7.06,7.06,0
SDC,2025-02-21,7.72,7.72,7.72,7.72,900
SDC,2025-02-24,7.72,7.72,7.72,7.72,0
SDC,2025-02-25,7.72,7.72,7.72,7.72,500
SDC,2025-02-26,7.81,7.81,7.81,7.81,221
SDC,2025-02-27,7.81,7.81,7.81,7.81,102
SDC,2025-02-28,7.91,7.91,7.91,7.91,101
SDC,2025-03-03,8.0,8.0,8.0,8.0,110
SDC,2025-03-04,8.0,8.0,8.0,8.0,0
SDC,2025-03-05,8.0,8.0,8.0,8.0,1
SDC,2025-03-06,8.09,8.09,8.09,8.09,1001
SDC,2025-03-07,8.09,8.09,8.09,8.09,202
SDC,2025-03-10,8.09,8.09,8.09,8.09,0
SDC,2025-03-11,8.09,8.09,8.09,8.09,0
SDC,2025-03-12,8.09,8.09,8.09,8.09,0
SDC,2025-03-13,7.91,7.91,7.91,7.91,1200
SDC,2025-03-14,8.0,8.0,8.0,8.0,100
SDC,2025-03-17,8.28,8.28,8.28,8.28,121
SDC,2025-03-18,8.28,8.28,8.28,8.28,3
SDC,2025-03-19,8.0,8.19,8.0,8.0,645
SDC,2025-03-20,8.0,8.0,8.0,8.0,3
SDC,2025-03-21,7.5,7.5,7.3,7.3,600
SDC,2025-03-24,7.3,7.3,7.3,7.3,1
SDC,2025-03-25,7.3,7.3,7.2,7.2,200
SDC,2025-03-26,7.2,7.2,7.2,7.2,0
SDC,2025-03-27,7.2,7.2,7.2,7.2,0
SDC,2025-03-28,7.2,7.2,7.2,7.2,0
SDC,2025-03-31,7.2,7.2,7.2,7.2,0
SDC,2025-04-01,7.2,7.2,7.2,7.2,0
SDC,2025-04-02,7.2,7.2,7.2,7.2,0
SDC,2025-04-10,7.9,7.9,7.9,7.9,20300
SDC,2025-04-14,7.2,7.2,7.2,7.2,200
SDC,2025-04-28,7.9,7.9,7.9,7.9,200
SDC,2025-04-29,7.9,7.9,7.9,7.9,200
SDC,2025-05-15,7.6,7.6,7.6,7.6,200
SDC,2025-05-23,8.3,8.3,8.3,8.3,100
SDC,2025-05-26,7.5,7.5,7.5,7.5,600
SDC,2025-06-02,6.8,6.8,6.8,6.8,8800
SDC,2025-06-04,7.2,7.2,7.2,7.2,1900
SDC,2025-06-23,6.6,7.0,6.5,7.0,1200
SDC,2025-06-24,7.0,7.0,7.0,7.0,100
SDC,2025-06-26,7.7,7.7,7.7,7.7,500
SDC,2025-07-16,8.0,8.0,8.0,8.0,100
SDC,2025-07-31,7.8,7.8,7.8,7.8,100
SDC,2025-08-11,7.8,7.8,7.8,7.8,800
SDC,2025-08-12,7.2,7.2,7.2,7.2,1300
SDC,2025-08-19,7.8,7.9,7.8,7.9,2900
SDC,2025-08-26,7.9,7.9,7.9,7.9,1000
SDC,2025-08-27,8.0,8.0,8.0,8.0,2000
SDC,2025-08-28,7.2,8.0,7.2,8.0,1400
SDC,2025-09-04,8.2,8.2,8.2,8.2,100
SDC,2025-09-08,8.2,8.2,8.2,8.2,500
SDC,2025-09-16,8.2,8.2,8.2,8.2,4900
SDC,2025-09-25,8.2,8.2,8.2,8.2,400
SDC,2025-09-30,8.2,8.5,8.2,8.5,200
SDC,2025-10-10,8.2,8.2,8.2,8.2,100
SDC,2025-10-13,8.2,8.2,8.2,8.2,600
SDC,2025-10-14,8.2,8.2,8.2,8.2,100
SDC,2025-10-16,8.2,8.2,8.2,8.2,200
SDC,2025-10-22,8.9,8.9,8.9,8.9,4100
SDC,2025-10-29,8.5,8.5,8.5,8.5,700
SDC,2025-11-10,9.0,9.0,9.0,9.0,5000
SDC,2025-12-08,8.1,8.1,8.1,8.1,100
SDC,2025-12-09,7.3,7.3,7.3,7.3,900
SDB,2010-03-10,28.06,36.07,28.06,33.38,203900
SDB,2010-03-11,34.98,34.98,32.72,32.72,47300
SDB,2010-03-12,32.79,32.79,30.97,30.97,26800
SDB,2010-03-15,29.15,29.88,29.08,29.08,71300
SDB,2010-03-16,27.33,27.69,27.11,27.11,93300
SDB,2010-03-17,26.02,28.06,25.36,28.06,72700
SDB,2010-03-18,28.64,28.78,28.42,28.78,19400
SDB,2010-03-19,30.68,30.68,29.22,29.8,73700
SDB,2010-03-22,31.12,31.12,28.49,28.49,19200
SDB,2010-03-23,27.18,27.76,26.82,26.82,46300
SDB,2010-03-24,27.4,27.91,27.4,27.69,26700
SDB,2010-03-25,26.96,27.04,25.8,25.94,14200
SDB,2010-03-26,26.23,26.82,26.16,26.16,23300
SDB,2010-03-29,26.23,26.89,25.51,26.23,15100
SDB,2010-03-30,26.45,26.53,26.16,26.16,20400
SDB,2010-03-31,26.38,26.38,25.14,25.51,4800
SDB,2010-04-01,24.78,25.51,24.63,24.63,17600
SDB,2010-04-02,25.51,25.51,24.41,24.7,28200
SDB,2010-04-05,25.0,25.51,24.85,25.07,13200
SDB,2010-04-06,26.09,26.23,25.0,25.07,21500
SDB,2010-04-07,23.76,25.51,23.76,24.78,29100
SDB,2010-04-08,25.14,26.23,24.19,25.87,37000
SDB,2010-04-09,26.82,26.82,25.87,26.16,53100
SDB,2010-04-12,26.23,27.33,26.09,26.67,72600
SDB,2010-04-13,26.67,26.67,25.65,25.87,35500
SDB,2010-04-14,24.85,26.23,24.85,25.87,29000
SDB,2010-04-15,25.51,26.53,25.51,25.65,35300
SDB,2010-04-16,25.87,26.23,25.72,25.94,54700
SDB,2010-04-19,25.29,25.29,24.34,24.92,60100
SDB,2010-04-20,25.87,25.87,25.0,25.43,42900
SDB,2010-04-21,24.78,27.25,24.78,27.25,149600
SDB,2010-04-22,27.33,28.35,25.65,25.87,46400
SDB,2010-04-26,26.23,26.74,25.58,25.94,27000
SDB,2010-04-27,25.65,25.94,25.51,25.72,24500
SDB,2010-04-28,25.51,25.87,25.36,25.65,38000
SDB,2010-04-29,26.23,27.33,26.02,27.33,78900
SDB,2010-05-04,27.69,27.69,26.82,27.04,114000
SDB,2010-05-05,26.31,27.11,26.23,26.23,38300
SDB,2010-05-06,26.82,26.82,25.94,26.31,39100
SDB,2010-05-07,26.23,26.6,25.87,26.31,75300
SDB,2010-05-10,26.23,26.6,25.51,26.23,62700
SDB,2010-05-11,26.96,28.06,26.96,28.06,159500
SDB,2010-05-12,28.78,29.66,28.78,29.66,257200
SDB,2010-05-13,31.48,31.48,27.76,29.15,53100
SDB,2010-05-14,29.51,29.73,27.47,27.47,42000
SDB,2010-05-17,27.76,28.06,26.09,26.23,38400
SDB,2010-05-18,25.87,25.87,25.07,25.51,41700
SDB,2010-05-19,25.29,25.29,23.54,23.54,49200
SDB,2010-05-20,24.41,25.36,22.95,24.78,36900
SDB,2010-05-21,24.78,24.78,22.81,22.81,50300
SDB,2010-05-24,23.32,23.32,21.86,22.59,22700
SDB,2010-05-25,21.86,21.86,20.99,21.13,54700
SDB,2010-05-26,21.86,22.88,21.42,22.88,37000
SDB,2010-05-27,22.59,22.59,21.86,22.23,14300
SDB,2010-05-28,23.32,23.68,22.74,23.68,60200
SDB,2010-05-31,22.23,22.44,21.93,21.93,11500
SDB,2010-06-01,21.13,22.08,20.99,21.21,18500
SDB,2010-06-02,21.86,22.66,21.72,22.52,21300
SDB,2010-06-03,23.25,23.46,22.15,22.3,12800
SDB,2010-06-04,23.25,23.25,21.86,21.86,20200
SDB,2010-06-07,20.99,20.99,20.7,20.77,40000
SDB,2010-06-08,21.5,21.5,21.06,21.42,7100
SDB,2010-06-09,21.86,22.01,21.06,21.06,6900
SDB,2010-06-10,22.08,22.08,21.13,21.13,8700
SDB,2010-06-11,22.23,22.44,21.5,21.86,19800
SDB,2010-06-14,21.93,22.59,21.86,22.3,23800
SDB,2010-06-15,22.88,22.88,22.08,22.3,9900
SDB,2010-06-16,23.03,23.68,22.59,22.59,34500
SDB,2010-06-17,22.3,23.25,22.3,22.81,16400
SDB,2010-06-18,22.95,22.95,22.59,22.81,20600
SDB,2010-06-21,22.37,23.32,22.23,23.03,35500
SDB,2010-06-22,23.1,23.32,22.66,23.32,73400
SDB,2010-06-23,23.1,24.05,23.1,24.05,67700
SDB,2010-06-24,24.05,25.21,24.05,25.21,82900
SDB,2010-06-25,24.41,25.14,24.05,24.34,26600
SDB,2010-06-28,24.63,24.63,23.61,24.56,26500
SDB,2010-06-29,24.78,24.92,24.27,24.78,35200
SDB,2010-06-30,22.81,24.41,22.81,23.9,27500
SDB,2010-07-01,24.41,24.49,23.68,23.68,32100
SDB,2010-07-02,24.78,24.78,23.39,23.68,12800
SDB,2010-07-05,23.98,23.98,23.1,23.83,16300
SDB,2010-07-06,23.61,23.61,22.88,22.88,5900
SDB,2010-07-07,23.32,23.54,22.59,23.17,5700
SDB,2010-07-08,24.05,24.05,22.01,22.3,7600
SDB,2010-07-09,23.17,23.17,22.59,22.59,2500
SDB,2010-07-12,23.17,23.17,22.66,22.66,14700
SDB,2010-07-13,24.05,24.05,22.88,24.05,32900
SDB,2010-07-14,24.78,24.78,23.32,23.32,8700
SDB,2010-07-15,22.95,23.83,22.59,23.68,20600
SDB,2010-07-16,23.76,23.76,22.81,23.39,25400
SDB,2010-07-19,23.61,23.61,22.74,22.74,35900
SDB,2010-07-20,22.81,23.1,22.59,22.88,36900
SDB,2010-07-21,23.61,23.61,22.59,22.59,7900
SDB,2010-07-22,21.86,23.1,21.86,23.1,7000
SDB,2010-07-23,22.52,22.95,22.37,22.59,14000
SDB,2010-07-26,22.66,22.66,22.59,22.59,13800
SDB,2010-07-27,22.59,22.59,22.59,22.59,15400
SDB,2010-07-28,23.32,23.32,21.13,21.42,26900
SDB,2010-07-29,22.23,22.23,20.77,22.23,10000
SDB,2010-07-30,21.86,22.44,21.5,21.86,13900
SDB,2010-08-02,22.08,22.08,22.08,22.08,100
SDB,2010-08-03,22.23,22.23,21.13,21.13,6900
SDB,2010-08-04,20.99,21.13,20.99,21.13,4200
SDB,2010-08-05,20.77,21.06,20.77,20.77,6600
SDB,2010-08-06,20.77,21.13,20.62,20.62,5500
SDB,2010-08-09,20.62,20.62,19.38,19.38,7300
SDB,2010-08-10,21.21,21.21,18.44,18.44,31800
SDB,2010-08-11,19.31,19.31,18.95,19.24,4400
SDB,2010-08-12,17.93,18.0,17.93,17.93,8500
SDB,2010-08-13,18.22,18.22,16.76,17.85,14700
SDB,2010-08-16,17.49,18.36,17.49,18.36,12500
SDB,2010-08-17,18.36,18.36,17.64,18.22,6800
SDB,2010-08-18,18.22,18.8,18.22,18.58,2800
SDB,2010-08-19,19.24,19.24,18.22,18.58,900
SDB,2010-08-20,18.95,18.95,18.51,18.51,1200
SDB,2010-08-23,17.85,17.85,17.56,17.56,900
SDB,2010-08-24,16.54,16.54,16.47,16.47,4500
SDB,2010-08-25,15.67,15.67,15.38,15.38,8000
SDB,2010-08-26,16.25,16.25,14.36,14.36,11500
SDB,2010-08-27,14.65,14.65,13.99,13.99,1700
SDB,2010-08-30,15.01,15.01,15.01,15.01,2700
SDB,2010-08-31,15.67,16.03,15.67,16.03,26600
SDB,2010-09-01,16.98,17.05,16.76,17.05,30600
SDB,2010-09-06,18.07,18.15,18.07,18.15,20700
SDB,2010-09-07,19.24,19.24,19.24,19.24,100
SDB,2010-09-08,17.93,17.93,17.93,17.93,3000
SDB,2010-09-09,17.85,18.0,16.69,16.69,22300
SDB,2010-09-10,17.85,17.85,15.96,15.96,5900
SDB,2010-09-13,15.3,15.3,15.01,15.01,19200
SDB,2010-09-14,14.72,16.03,14.57,16.03,8100
SDB,2010-09-15,14.65,14.65,14.06,14.06,6500
SDB,2010-09-16,14.87,15.23,14.57,14.94,4800
SDB,2010-09-17,15.96,16.03,15.89,15.96,47900
SDB,2010-09-20,16.03,16.61,15.59,15.59,9100
SDB,2010-09-21,15.52,15.52,15.3,15.3,14300
SDB,2010-09-22,16.03,16.32,16.03,16.32,14200
SDB,2010-09-23,16.76,17.27,16.18,17.13,72600
SDB,2010-09-24,17.64,17.64,17.2,17.2,300
SDB,2010-09-27,16.18,18.22,16.18,17.49,22100
SDB,2010-09-28,17.34,17.42,16.47,16.47,7100
SDB,2010-09-29,16.18,16.18,15.81,15.81,18600
SDB,2010-09-30,15.16,16.18,15.16,16.18,12100
SDB,2010-10-01,15.81,15.81,15.81,15.81,100
SDB,2010-10-04,14.94,14.94,14.72,14.72,35100
SDB,2010-10-05,13.92,14.72,13.85,14.72,13600
SDB,2010-10-06,14.57,15.01,14.21,14.79,8500
SDB,2010-10-07,14.21,14.21,13.55,13.92,5800
SDB,2010-10-08,13.85,13.85,13.85,13.85,700
SDB,2010-10-11,14.43,14.43,14.43,14.43,100
SDB,2010-10-12,13.7,13.85,13.7,13.85,1300
SDB,2010-10-13,14.14,14.21,14.14,14.21,3200
SDB,2010-10-14,14.57,14.57,14.14,14.14,2900
SDB,2010-10-15,13.85,13.85,13.85,13.85,1000
SDB,2010-10-18,14.72,14.72,14.72,14.72,200
SDB,2010-10-19,13.7,13.7,13.7,13.7,5000
SDB,2010-10-20,12.75,12.97,12.75,12.75,5900
SDB,2010-10-21,13.48,13.48,13.48,13.48,100
SDB,2010-10-22,13.48,13.48,13.48,13.48,0
SDB,2010-10-25,12.61,13.12,12.61,13.12,6800
SDB,2010-10-26,13.48,13.7,13.48,13.7,2300
SDB,2010-10-27,12.68,13.55,12.68,13.55,2800
SDB,2010-10-28,12.02,12.02,12.02,12.02,6900
SDB,2010-10-29,12.1,12.75,12.1,12.75,5900
SDB,2010-11-01,12.32,13.04,12.32,13.04,6600
SDB,2010-11-02,12.68,13.41,12.68,12.75,12300
SDB,2010-11-03,13.12,13.12,12.53,12.53,5500
SDB,2010-11-04,12.75,12.75,12.02,12.02,1100
SDB,2010-11-05,12.75,12.75,12.1,12.1,5800
SDB,2010-11-08,12.1,12.1,12.1,12.1,0
SDB,2010-11-09,12.1,12.1,12.1,12.1,0
SDB,2010-11-10,12.61,12.61,12.61,12.61,100
SDB,2010-11-11,11.73,11.73,11.73,11.73,3600
SDB,2010-11-12,12.39,12.39,11.08,11.08,6100
SDB,2010-11-15,11.88,11.88,10.86,10.86,3000
SDB,2010-11-16,10.35,10.35,10.28,10.28,20000
SDB,2010-11-17,9.62,10.2,9.62,10.2,9300
SDB,2010-11-18,10.42,10.49,10.42,10.49,2300
SDB,2010-11-19,10.57,10.57,10.06,10.06,7600
SDB,2010-11-22,9.76,10.79,9.69,10.79,2200
SDB,2010-11-23,10.35,10.35,10.06,10.06,1200
SDB,2010-11-24,10.06,10.06,10.06,10.06,0
SDB,2010-11-25,10.71,10.93,10.71,10.93,7800
SDB,2010-11-26,11.51,11.59,10.93,11.0,5900
SDB,2010-11-29,11.15,11.66,11.15,11.66,42100
SDB,2010-11-30,11.94,11.94,11.94,11.94,21500
SDB,2010-12-01,12.73,12.73,12.02,12.02,18000
SDB,2010-12-02,11.78,13.29,11.78,13.29,19700
SDB,2010-12-03,13.77,13.77,13.45,13.77,21900
SDB,2010-12-06,13.69,14.49,13.69,14.49,24600
SDB,2010-12-07,13.61,13.69,13.53,13.53,24000
SDB,2010-12-08,12.65,12.65,12.65,12.65,2200
SDB,2010-12-09,12.26,12.73,11.86,12.73,20100
SDB,2010-12-10,12.73,12.81,12.34,12.73,23900
SDB,2010-12-13,13.53,13.53,13.53,13.53,3100
SDB,2010-12-14,14.41,14.41,14.09,14.41,82100
SDB,2010-12-15,14.96,15.2,13.37,15.12,27200
SDB,2010-12-16,14.72,14.72,13.77,13.77,21600
SDB,2010-12-17,13.77,15.12,13.77,15.12,12500
SDB,2010-12-20,14.01,15.12,13.85,13.85,5500
SDB,2010-12-21,14.33,14.33,13.37,14.17,18700
SDB,2010-12-22,13.37,13.45,13.21,13.21,3200
SDB,2010-12-23,12.5,13.61,12.5,12.81,8200
SDB,2010-12-24,13.53,13.53,12.73,13.53,7800
SDB,2010-12-27,14.4,14.4,14.0,14.1,10800
SDB,2010-12-28,14.9,14.9,14.4,14.4,1000
SDB,2010-12-29,15.3,15.3,15.2,15.2,1100
SDB,2010-12-30,14.3,14.3,14.2,14.2,19700
SDB,2010-12-31,14.8,14.8,13.8,13.8,900
SDB,2011-01-04,13.5,14.0,13.5,13.5,3400
SDB,2011-01-05,14.4,14.4,13.3,14.4,2600
SDB,2011-01-06,14.2,14.2,13.9,13.9,900
SDB,2011-01-07,13.4,14.0,13.4,13.6,2700
SDB,2011-01-10,13.5,13.5,12.9,12.9,1500
SDB,2011-01-11,13.9,13.9,12.8,13.0,4300
SDB,2011-01-12,13.0,13.0,13.0,13.0,1600
SDB,2011-01-13,13.0,13.0,13.0,13.0,10100
SDB,2011-01-14,13.0,13.0,12.8,13.0,14800
SDB,2011-01-17,13.2,13.2,12.5,12.5,3200
SDB,2011-01-18,13.0,13.0,12.3,12.3,24200
SDB,2011-01-19,12.3,12.5,12.0,12.5,8100
SDB,2011-01-20,12.8,12.8,12.8,12.8,400
SDB,2011-01-21,13.0,13.0,12.8,12.8,2600
SDB,2011-01-24,12.8,12.8,12.0,12.0,2900
SDB,2011-01-25,12.0,12.1,12.0,12.1,2900
SDB,2011-01-26,11.2,12.8,11.2,12.8,2600
SDB,2011-01-27,11.7,13.2,11.7,13.2,2100
SDB,2011-01-28,13.5,13.5,13.5,13.5,100
SDB,2011-02-08,12.6,14.2,12.6,14.2,200
SDB,2011-02-09,13.8,14.0,13.8,14.0,1000
SDB,2011-02-10,13.5,13.8,13.5,13.8,2000
SDB,2011-02-11,13.2,13.2,13.2,13.2,700
SDB,2011-02-14,12.3,12.3,12.3,12.3,4000
SDB,2011-02-15,11.9,11.9,11.6,11.9,4600
SDB,2011-02-16,12.0,12.1,11.8,12.1,7100
SDB,2011-02-17,11.5,12.2,11.5,12.2,2400
SDB,2011-02-18,12.3,12.3,11.5,11.5,14800
SDB,2011-02-21,11.1,11.1,11.1,11.1,9800
SDB,2011-02-22,10.8,10.8,10.6,10.6,2000
SDB,2011-02-23,11.2,11.2,10.4,10.4,600
SDB,2011-02-24,11.0,11.0,11.0,11.0,100
SDB,2011-02-25,11.4,11.4,11.4,11.4,300
SDB,2011-02-28,11.4,11.4,11.4,11.4,0
SDB,2011-03-01,11.4,11.4,11.4,11.4,0
SDB,2011-03-02,11.8,11.8,11.0,11.0,700
SDB,2011-03-03,11.4,11.4,11.4,11.4,100
SDB,2011-03-04,11.8,11.8,11.8,11.8,100
SDB,2011-03-07,11.8,11.8,11.8,11.8,500
SDB,2011-03-08,11.0,11.0,11.0,11.0,1800
SDB,2011-03-09,11.0,11.0,11.0,11.0,100
SDB,2011-03-10,11.0,11.1,11.0,11.1,5900
SDB,2011-03-11,11.7,11.7,11.7,11.7,100
SDB,2011-03-14,11.0,11.0,11.0,11.0,1800
SDB,2011-03-15,11.0,11.7,11.0,11.2,14100
SDB,2011-03-16,11.2,11.2,11.2,11.2,0
SDB,2011-03-17,10.7,10.7,10.7,10.7,14200
SDB,2011-03-18,11.2,11.2,11.2,11.2,500
SDB,2011-03-21,11.3,11.3,11.3,11.3,100
SDB,2011-03-22,11.0,11.0,11.0,11.0,900
SDB,2011-03-23,11.0,11.0,11.0,11.0,0
SDB,2011-03-24,11.6,11.7,11.6,11.7,2000
SDB,2011-03-25,11.6,11.7,11.6,11.7,4000
SDB,2011-03-28,11.7,11.7,11.7,11.7,0
SDB,2011-03-29,11.0,11.0,11.0,11.0,1100
SDB,2011-03-30,11.6,11.6,10.3,10.3,4700
SDB,2011-03-31,10.9,10.9,10.9,10.9,100
SDB,2011-04-01,10.7,10.7,10.7,10.7,500
SDB,2011-04-04,10.7,10.7,10.7,10.7,0
SDB,2011-04-05,10.3,10.7,10.2,10.7,800
SDB,2011-04-06,10.7,10.7,10.7,10.7,0
SDB,2011-04-07,10.7,10.7,10.7,10.7,0
SDB,2011-04-08,9.6,9.6,9.6,9.6,4000
SDB,2011-04-13,9.5,9.5,9.5,9.5,400
SDB,2011-04-14,9.3,9.3,9.3,9.3,1000
SDB,2011-04-15,9.0,9.0,8.7,8.7,2200
SDB,2011-04-18,9.3,9.3,9.3,9.3,2000
SDB,2011-04-19,9.0,9.0,9.0,9.0,300
SDB,2011-04-20,9.0,9.0,9.0,9.0,0
SDB,2011-04-21,9.0,9.0,9.0,9.0,0
SDB,2011-04-22,9.0,9.0,9.0,9.0,0
SDB,2011-04-25,9.2,9.2,9.2,9.2,500
SDB,2011-04-26,9.7,9.7,9.7,9.7,100
SDB,2011-04-27,10.0,10.0,10.0,10.0,100
SDB,2011-04-28,10.0,10.0,10.0,10.0,0
SDB,2011-04-29,10.0,10.0,10.0,10.0,0
SDB,2011-05-04,10.0,10.0,10.0,10.0,0
SDB,2011-05-05,10.0,10.0,10.0,10.0,0
SDB,2011-05-06,10.0,10.0,10.0,10.0,0
SDB,2011-05-09,10.0,10.0,10.0,10.0,0
SDB,2011-05-10,9.5,9.5,9.5,9.5,2500
SDB,2011-05-11,9.5,9.5,9.5,9.5,0
SDB,2011-05-12,9.3,9.3,9.3,9.3,600
SDB,2011-05-13,9.3,9.3,9.3,9.3,0
SDB,2011-05-16,9.3,9.3,9.3,9.3,0
SDB,2011-05-17,9.3,9.3,9.3,9.3,0
SDB,2011-05-18,8.7,8.7,8.7,8.7,6100
SDB,2011-05-19,8.1,8.1,8.1,8.1,1000
SDB,2011-05-20,8.5,8.5,8.5,8.5,100
SDB,2011-05-23,8.8,8.8,8.5,8.6,700
SDB,2011-05-24,8.6,8.6,8.6,8.6,0
SDB,2011-05-25,8.0,8.0,8.0,8.0,300
SDB,2011-05-26,7.5,7.5,7.5,7.5,5700
SDB,2011-05-27,7.9,7.9,7.9,7.9,1100
SDB,2011-05-30,7.8,7.8,7.8,7.8,100
SDB,2011-05-31,7.8,7.8,7.8,7.8,0
SDB,2011-06-01,7.4,7.4,7.4,7.4,300
SDB,2011-06-02,7.7,7.9,7.5,7.5,6100
SDB,2011-06-03,7.5,7.5,7.3,7.3,2600
SDB,2011-06-06,6.9,6.9,6.9,6.9,1300
SDB,2011-06-07,6.9,6.9,6.8,6.8,1600
SDB,2011-06-08,6.8,6.8,6.8,6.8,6100
SDB,2011-06-09,6.6,7.0,6.6,7.0,12000
SDB,2011-06-10,7.3,7.3,6.7,7.3,17100
SDB,2011-06-13,7.5,7.7,7.3,7.7,22400
SDB,2011-06-14,7.6,8.0,7.6,7.6,12700
SDB,2011-06-15,7.2,7.3,7.1,7.1,9300
SDB,2011-06-16,7.1,7.2,7.1,7.2,6100
SDB,2011-06-17,6.7,6.7,6.7,6.7,3300
SDB,2011-06-20,6.7,6.7,6.4,6.4,300
SDB,2011-06-21,6.9,6.9,6.9,6.9,10700
SDB,2011-06-22,6.7,6.7,6.6,6.6,1000
SDB,2011-06-23,6.6,6.6,6.3,6.4,7900
SDB,2011-06-24,6.3,6.3,6.3,6.3,3000
SDB,2011-06-27,6.3,6.3,6.3,6.3,2600
SDB,2011-06-28,6.3,6.5,6.3,6.3,3300
SDB,2011-06-29,6.8,6.8,6.8,6.8,100
SDB,2011-06-30,6.8,6.8,6.8,6.8,0
SDB,2011-07-01,6.5,6.5,6.5,6.5,800
SDB,2011-07-04,6.1,6.4,6.1,6.4,400
SDB,2011-07-05,6.7,6.7,6.0,6.7,500
SDB,2011-07-06,6.7,6.7,6.7,6.7,0
SDB,2011-07-07,6.7,6.7,6.7,6.7,0
SDB,2011-07-08,6.7,6.7,6.7,6.7,0
SDB,2011-07-11,6.2,6.2,6.0,6.0,2000
SDB,2011-07-12,6.0,6.0,6.0,6.0,9100
SDB,2011-07-13,5.7,5.7,5.7,5.7,1000
SDB,2011-07-14,6.0,6.0,6.0,6.0,100
SDB,2011-07-15,6.4,6.4,6.4,6.4,100
SDB,2011-07-18,6.0,6.0,6.0,6.0,1300
SDB,2011-07-19,6.0,6.0,6.0,6.0,0
SDB,2011-07-20,6.0,6.0,6.0,6.0,0
SDB,2011-07-21,6.0,6.0,6.0,6.0,0
SDB,2011-07-22,6.0,6.0,6.0,6.0,0
SDB,2011-07-25,6.0,6.0,6.0,6.0,500
SDB,2011-07-26,6.0,6.0,6.0,6.0,46000
SDB,2011-07-27,6.0,6.0,6.0,6.0,0
SDB,2011-07-28,6.0,6.0,6.0,6.0,0
SDB,2011-07-29,5.6,5.6,5.6,5.6,900
SDB,2011-08-01,5.6,5.6,5.6,5.6,0
SDB,2011-08-02,5.6,5.6,5.6,5.6,0
SDB,2011-08-03,5.6,5.6,5.6,5.6,0
SDB,2011-08-04,5.9,5.9,5.9,5.9,100
SDB,2011-08-05,5.9,5.9,5.9,5.9,0
SDB,2011-08-08,5.5,5.5,5.5,5.5,100
SDB,2011-08-09,5.2,5.2,5.2,5.2,1300
SDB,2011-08-10,5.5,5.5,5.5,5.5,200
SDB,2011-08-11,5.2,5.3,5.2,5.2,300
SDB,2011-08-12,5.0,5.0,5.0,5.0,200
SDB,2011-08-15,4.7,5.3,4.7,5.3,200
SDB,2011-08-16,5.3,5.3,5.3,5.3,100
SDB,2011-08-17,5.4,5.4,5.4,5.4,200
SDB,2011-08-18,5.5,5.5,5.4,5.4,2100
SDB,2011-08-19,5.1,5.1,5.1,5.1,200
SDB,2011-08-22,5.0,5.2,5.0,5.1,6400
SDB,2011-08-23,5.0,5.0,5.0,5.0,1000
SDB,2011-08-24,5.0,5.0,5.0,5.0,0
SDB,2011-08-25,4.7,5.0,4.7,5.0,4400
SDB,2011-08-26,4.6,5.0,4.6,4.9,6500
SDB,2011-08-29,4.7,4.7,4.7,4.7,1000
SDB,2011-08-30,4.8,4.8,4.8,4.8,2000
SDB,2011-08-31,4.6,4.6,4.6,4.6,6000
SDB,2011-09-01,4.4,4.6,4.4,4.6,6600
SDB,2011-09-05,4.5,4.5,4.5,4.5,1300
SDB,2011-09-06,4.4,4.6,4.4,4.5,6800
SDB,2011-09-07,4.6,4.7,4.5,4.7,17000
SDB,2011-09-08,4.9,4.9,4.8,4.9,13200
SDB,2011-09-09,5.1,5.1,4.8,4.9,10700
SDB,2011-09-12,5.1,5.1,5.1,5.1,1300
SDB,2011-09-13,5.4,5.4,5.3,5.4,16200
SDB,2011-09-14,5.7,5.7,5.4,5.7,26800
SDB,2011-09-15,5.5,5.7,5.4,5.6,8900
SDB,2011-09-16,5.3,5.3,5.2,5.2,9300
SDB,2011-09-19,5.2,5.2,4.9,5.2,7100
SDB,2011-09-20,5.0,5.0,4.9,4.9,12500
SDB,2011-09-21,5.0,5.0,5.0,5.0,1600
SDB,2011-09-22,5.2,5.2,5.0,5.0,600
SDB,2011-09-23,4.9,4.9,4.8,4.8,13600
SDB,2011-09-26,5.0,5.0,4.9,4.9,3200
SDB,2011-09-27,5.2,5.2,5.0,5.0,3100
SDB,2011-09-28,5.2,5.2,5.2,5.2,6100
SDB,2011-09-29,4.9,5.0,4.9,5.0,1400
SDB,2011-09-30,5.0,5.0,5.0,5.0,0
SDB,2011-10-03,4.6,4.6,4.6,4.6,1300
SDB,2011-10-04,4.9,4.9,4.9,4.9,400
SDB,2011-10-05,4.9,4.9,4.9,4.9,0
SDB,2011-10-06,5.0,5.0,4.9,4.9,2700
SDB,2011-10-07,4.9,4.9,4.9,4.9,0
SDB,2011-10-10,4.7,4.7,4.7,4.7,3000
SDB,2011-10-11,5.0,5.0,4.7,4.7,4100
SDB,2011-10-12,4.7,4.7,4.7,4.7,0
SDB,2011-10-13,4.7,4.7,4.7,4.7,900
SDB,2011-10-14,4.4,4.5,4.4,4.5,14000
SDB,2011-10-17,4.4,4.4,4.4,4.4,2000
SDB,2011-10-18,4.5,4.5,4.2,4.3,5600
SDB,2011-10-19,4.3,4.3,4.3,4.3,0
SDB,2011-10-20,4.4,4.4,4.4,4.4,100
SDB,2011-10-21,4.7,4.7,4.7,4.7,100
SDB,2011-10-24,4.7,4.7,4.6,4.6,1400
SDB,2011-10-25,4.3,4.3,4.3,4.3,3000
SDB,2011-10-26,4.1,4.1,4.1,4.1,1000
SDB,2011-10-27,4.3,4.3,3.9,3.9,20000
SDB,2011-10-28,4.0,4.1,4.0,4.1,6700
SDB,2011-10-31,4.2,4.2,4.1,4.1,5600
SDB,2011-11-01,4.0,4.0,4.0,4.0,1900
SDB,2011-11-02,4.0,4.0,4.0,4.0,0
SDB,2011-11-03,4.0,4.1,4.0,4.1,1300
SDB,2011-11-04,3.8,3.8,3.8,3.8,6700
SDB,2011-11-07,3.6,3.6,3.6,3.6,3000
SDB,2011-11-08,3.8,3.8,3.8,3.8,200
SDB,2011-11-09,3.7,3.7,3.7,3.7,4900
SDB,2011-11-10,3.7,3.7,3.7,3.7,1100
SDB,2011-11-11,3.7,3.7,3.7,3.7,600
SDB,2011-11-14,3.7,3.7,3.7,3.7,0
SDB,2011-11-15,3.7,3.7,3.7,3.7,0
SDB,2011-11-16,3.7,3.7,3.7,3.7,0
SDB,2011-11-17,3.7,3.7,3.7,3.7,0
SDB,2011-11-18,3.7,3.7,3.7,3.7,100
SDB,2011-11-21,3.6,3.6,3.5,3.5,2600
SDB,2011-11-22,3.5,3.5,3.5,3.5,0
SDB,2011-11-23,3.3,3.3,3.3,3.3,4600
SDB,2011-11-24,3.1,3.1,3.1,3.1,7000
SDB,2011-11-25,3.1,3.1,3.1,3.1,0
SDB,2011-11-28,3.0,3.0,3.0,3.0,100
SDB,2011-11-29,3.0,3.0,3.0,3.0,0
SDB,2011-11-30,2.8,3.0,2.8,3.0,6200
SDB,2011-12-01,3.0,3.0,3.0,3.0,0
SDB,2011-12-02,2.7,2.7,2.7,2.7,4000
SDB,2011-12-05,2.7,2.7,2.7,2.7,0
SDB,2011-12-06,2.8,2.8,2.8,2.8,100
SDB,2011-12-07,2.9,2.9,2.8,2.8,2700
SDB,2011-12-08,2.9,2.9,2.9,2.9,100
SDB,2011-12-09,3.1,3.1,3.1,3.1,1200
SDB,2011-12-12,3.1,3.1,3.1,3.1,0
SDB,2011-12-13,3.2,3.2,3.2,3.2,300
SDB,2011-12-14,3.2,3.2,3.2,3.2,0
SDB,2011-12-15,3.2,3.2,3.0,3.0,200
SDB,2011-12-16,3.1,3.1,2.9,2.9,700
SDB,2011-12-19,2.8,2.9,2.8,2.9,17900
SDB,2011-12-20,2.7,2.8,2.7,2.7,9400
SDB,2011-12-21,2.6,2.6,2.6,2.6,200
SDB,2011-12-22,2.6,2.6,2.6,2.6,0
SDB,2011-12-23,2.6,2.6,2.6,2.6,0
SDB,2011-12-26,2.6,2.6,2.6,2.6,0
SDB,2011-12-27,2.5,2.5,2.5,2.5,10000
SDB,2011-12-28,2.5,2.6,2.4,2.4,300
SDB,2011-12-29,2.4,2.5,2.4,2.5,15200
SDB,2011-12-30,2.5,2.5,2.5,2.5,100
SDB,2012-01-03,2.6,2.6,2.6,2.6,200
SDB,2012-01-04,2.7,2.7,2.7,2.7,200
SDB,2012-01-05,2.7,2.7,2.7,2.7,0
SDB,2012-01-06,2.7,2.7,2.7,2.7,100
SDB,2012-01-09,2.7,2.7,2.7,2.7,0
SDB,2012-01-10,2.8,2.8,2.8,2.8,100
SDB,2012-01-11,2.8,2.8,2.8,2.8,0
SDB,2012-01-12,2.7,2.7,2.7,2.7,200
SDB,2012-01-13,2.6,2.6,2.6,2.6,4700
SDB,2012-01-16,2.7,2.7,2.7,2.7,300
SDB,2012-01-17,2.8,2.8,2.8,2.8,100
SDB,2012-01-18,2.9,2.9,2.9,2.9,100
SDB,2012-01-19,2.9,2.9,2.9,2.9,0
SDB,2012-01-20,3.0,3.0,3.0,3.0,1000
SDB,2012-01-30,2.8,2.8,2.8,2.8,600
SDB,2012-01-31,2.8,2.9,2.8,2.9,3000
SDB,2012-02-01,2.9,2.9,2.9,2.9,0
SDB,2012-02-02,2.9,2.9,2.9,2.9,1700
SDB,2012-02-03,2.9,2.9,2.9,2.9,0
SDB,2012-02-06,2.9,2.9,2.9,2.9,0
SDB,2012-02-07,2.7,2.7,2.7,2.7,100
SDB,2012-02-08,2.6,2.8,2.6,2.8,9600
SDB,2012-02-09,2.7,2.7,2.7,2.7,1400
SDB,2012-02-10,2.8,2.8,2.8,2.8,100
SDB,2012-02-13,2.8,2.8,2.7,2.7,2000
SDB,2012-02-14,2.9,2.9,2.9,2.9,100
SDB,2012-02-15,2.9,2.9,2.7,2.7,5100
SDB,2012-02-16,2.6,2.6,2.6,2.6,9000
SDB,2012-02-17,2.7,2.7,2.7,2.7,100
SDB,2012-02-20,2.8,2.8,2.8,2.8,100
SDB,2012-02-21,2.7,2.7,2.7,2.7,9500
SDB,2012-02-22,2.6,2.6,2.6,2.6,3300
SDB,2012-02-23,2.7,2.7,2.7,2.7,5600
SDB,2012-02-24,2.8,2.8,2.8,2.8,15200
SDB,2012-02-27,2.9,2.9,2.9,2.9,24100
SDB,2012-02-28,2.8,2.8,2.7,2.7,5600
SDB,2012-02-29,2.7,2.9,2.7,2.9,1300
SDB,2012-03-01,2.9,2.9,2.9,2.9,0
SDB,2012-03-02,2.8,3.0,2.8,2.8,5800
SDB,2012-03-05,2.8,3.1,2.8,3.1,12100
SDB,2012-03-06,3.1,3.3,3.1,3.1,25300
SDB,2012-03-07,3.0,3.3,3.0,3.3,1300
SDB,2012-03-08,3.0,3.0,3.0,3.0,400
SDB,2012-03-09,2.9,3.0,2.8,2.8,1100
SDB,2012-03-12,2.9,2.9,2.9,2.9,1400
SDB,2012-03-13,2.9,2.9,2.9,2.9,900
SDB,2012-03-14,3.0,3.0,3.0,3.0,100
SDB,2012-03-15,3.1,3.1,3.0,3.1,13700
SDB,2012-03-16,3.0,3.1,3.0,3.1,19700
SDB,2012-03-19,3.1,3.1,3.1,3.1,2000
SDB,2012-03-20,3.2,3.2,3.1,3.1,1300
SDB,2012-03-21,3.2,3.2,3.2,3.2,2600
SDB,2012-03-22,3.3,3.4,3.2,3.4,57900
SDB,2012-03-23,3.5,3.5,3.3,3.5,21900
SDB,2012-03-26,3.6,3.6,3.5,3.6,14200
SDB,2012-03-27,3.8,3.8,3.7,3.7,36800
SDB,2012-03-28,3.9,3.9,3.5,3.7,14900
SDB,2012-03-29,3.7,3.7,3.5,3.5,2200
SDB,2012-03-30,3.3,3.5,3.3,3.3,12100
SDB,2012-04-03,3.3,3.4,3.3,3.4,1000
SDB,2012-04-04,3.3,3.3,3.3,3.3,1100
SDB,2012-04-05,3.5,3.5,3.1,3.4,1200
SDB,2012-04-06,3.4,3.4,3.3,3.4,6300
SDB,2012-04-09,3.2,3.4,3.2,3.4,8400
SDB,2012-04-10,3.2,3.2,3.2,3.2,1800
SDB,2012-04-11,3.4,3.4,3.3,3.3,3300
SDB,2012-04-12,3.5,3.5,3.5,3.5,13100
SDB,2012-04-13,3.7,3.7,3.7,3.7,17000
SDB,2012-04-16,3.8,3.9,3.8,3.9,11500
SDB,2012-04-17,4.0,4.1,4.0,4.1,11600
SDB,2012-04-18,4.1,4.3,4.1,4.3,6300
SDB,2012-04-19,4.3,4.4,4.0,4.3,6000
SDB,2012-04-20,4.0,4.3,4.0,4.3,9200
SDB,2012-04-23,4.3,4.3,4.3,4.3,0
SDB,2012-04-24,3.9,4.0,3.9,4.0,4100
SDB,2012-04-25,3.8,3.8,3.8,3.8,9700
SDB,2012-04-26,3.8,3.8,3.8,3.8,0
SDB,2012-04-27,3.6,3.8,3.6,3.8,18400
SDB,2012-05-02,3.8,3.8,3.8,3.8,0
SDB,2012-05-03,3.6,4.0,3.6,4.0,5600
SDB,2012-05-04,3.8,3.9,3.8,3.9,1300
SDB,2012-05-07,3.7,4.1,3.7,4.1,18800
SDB,2012-05-08,3.9,4.2,3.9,4.2,500
SDB,2012-05-09,4.1,4.2,4.0,4.1,3100
SDB,2012-05-10,4.1,4.3,4.1,4.2,5100
SDB,2012-05-11,4.4,4.4,4.0,4.0,16700
SDB,2012-05-14,4.2,4.2,4.1,4.1,9400
SDB,2012-05-15,4.2,4.2,4.1,4.1,45600
SDB,2012-05-16,4.2,4.2,4.0,4.0,10900
SDB,2012-05-17,4.0,4.0,4.0,4.0,0
SDB,2012-05-18,3.8,3.8,3.8,3.8,1000
SDB,2012-05-21,3.6,3.6,3.6,3.6,8900
SDB,2012-05-22,3.4,3.4,3.4,3.4,1200
SDB,2012-05-23,3.2,3.2,3.2,3.2,500
SDB,2012-05-24,3.0,3.2,3.0,3.2,1600
SDB,2012-05-25,3.0,3.4,3.0,3.4,59600
SDB,2012-05-28,3.6,3.6,3.2,3.6,15200
SDB,2012-05-29,3.6,3.6,3.6,3.6,200
SDB,2012-05-30,3.4,3.5,3.4,3.5,1800
SDB,2012-05-31,3.3,3.3,3.3,3.3,1000
SDB,2012-06-01,3.1,3.1,3.1,3.1,1500
SDB,2012-06-04,2.9,2.9,2.9,2.9,6200
SDB,2012-06-05,2.8,2.9,2.7,2.9,21900
SDB,2012-06-06,2.9,2.9,2.8,2.9,500
SDB,2012-06-07,2.7,3.1,2.7,3.1,3500
SDB,2012-06-08,2.9,2.9,2.9,2.9,3700
SDB,2012-06-11,2.9,3.1,2.8,3.1,10400
SDB,2012-06-12,2.9,3.1,2.9,3.1,16300
SDB,2012-06-13,3.0,3.1,2.9,3.0,36300
SDB,2012-06-14,3.0,3.1,3.0,3.1,10200
SDB,2012-06-15,3.1,3.1,3.1,3.1,0
SDB,2012-06-18,3.2,3.2,2.9,3.0,700
SDB,2012-06-19,2.8,2.8,2.8,2.8,500
SDB,2012-06-20,2.8,2.9,2.8,2.9,3600
SDB,2012-06-21,2.9,3.1,2.9,3.1,2300
SDB,2012-06-22,3.1,3.1,2.9,3.1,5200
SDB,2012-06-25,3.1,3.1,3.1,3.1,0
SDB,2012-06-26,3.1,3.1,3.1,3.1,0
SDB,2012-06-27,2.9,2.9,2.9,2.9,1800
SDB,2012-06-28,2.7,2.7,2.7,2.7,100
SDB,2012-06-29,2.8,2.8,2.6,2.6,3000
SDB,2012-07-02,2.6,2.7,2.6,2.7,200
SDB,2012-07-03,2.6,2.7,2.6,2.7,3700
SDB,2012-07-04,2.6,2.6,2.6,2.6,2000
SDB,2012-07-05,2.6,2.6,2.6,2.6,100
SDB,2012-07-06,2.7,2.7,2.6,2.6,600
SDB,2012-07-09,2.6,2.6,2.6,2.6,0
SDB,2012-07-10,2.5,2.5,2.5,2.5,2500
SDB,2012-07-11,2.6,2.6,2.6,2.6,100
SDB,2012-07-12,2.5,2.7,2.5,2.7,1200
SDB,2012-07-13,2.7,2.8,2.7,2.8,600
SDB,2012-07-16,2.7,2.7,2.7,2.7,500
SDB,2012-07-17,2.8,2.8,2.8,2.8,3600
SDB,2012-07-18,2.8,2.8,2.8,2.8,3200
SDB,2012-07-19,2.9,2.9,2.9,2.9,100
SDB,2012-07-20,2.9,2.9,2.9,2.9,0
SDB,2012-07-23,2.9,2.9,2.9,2.9,0
SDB,2012-07-24,2.9,2.9,2.9,2.9,0
SDB,2012-07-25,2.9,2.9,2.9,2.9,0
SDB,2012-07-26,2.9,2.9,2.9,2.9,0
SDB,2012-07-27,2.9,2.9,2.9,2.9,0
SDB,2012-07-30,2.9,2.9,2.9,2.9,0
SDB,2012-07-31,2.7,2.7,2.7,2.7,500
SDB,2012-08-01,2.8,2.8,2.8,2.8,100
SDB,2012-08-02,2.8,2.8,2.8,2.8,0
SDB,2012-08-03,2.8,2.8,2.8,2.8,0
SDB,2012-08-06,2.8,2.8,2.8,2.8,0
SDB,2012-08-07,2.8,2.8,2.8,2.8,0
SDB,2012-08-08,2.9,2.9,2.9,2.9,100
SDB,2012-08-09,3.0,3.0,3.0,3.0,100
SDB,2012-08-10,3.0,3.0,3.0,3.0,0
SDB,2012-08-13,3.0,3.0,3.0,3.0,0
SDB,2012-08-14,3.0,3.0,3.0,3.0,0
SDB,2012-08-15,3.0,3.0,3.0,3.0,0
SDB,2012-08-16,3.0,3.0,3.0,3.0,0
SDB,2012-08-17,3.0,3.0,3.0,3.0,0
SDB,2012-08-20,3.0,3.0,3.0,3.0,0
SDB,2012-08-21,3.0,3.0,3.0,3.0,0
SDB,2012-08-22,3.0,3.0,3.0,3.0,0
SDB,2012-08-23,3.0,3.0,3.0,3.0,0
SDB,2012-08-24,3.0,3.0,3.0,3.0,0
SDB,2012-08-27,3.0,3.0,3.0,3.0,0
SDB,2012-08-28,3.0,3.0,3.0,3.0,0
SDB,2012-08-29,3.0,3.0,3.0,3.0,0
SDB,2012-08-30,3.0,3.0,3.0,3.0,0
SDB,2012-08-31,3.0,3.0,3.0,3.0,0
SDB,2012-09-04,3.0,3.0,3.0,3.0,0
SDB,2012-09-05,3.0,3.0,3.0,3.0,0
SDB,2012-09-06,3.0,3.0,3.0,3.0,100
SDB,2012-09-07,3.0,3.0,3.0,3.0,0
SDB,2012-09-10,3.0,3.0,3.0,3.0,0
SDB,2012-09-11,3.0,3.0,3.0,3.0,0
SDB,2012-09-12,3.0,3.0,3.0,3.0,0
SDB,2012-09-13,3.0,3.0,3.0,3.0,0
SDB,2012-09-14,3.0,3.0,3.0,3.0,0
SDB,2012-09-17,2.8,2.8,2.8,2.8,400
SDB,2012-09-18,2.7,2.7,2.7,2.7,500
SDB,2012-09-19,2.6,2.6,2.6,2.6,200
SDB,2012-09-20,2.5,2.5,2.5,2.5,100
SDB,2012-09-21,2.4,2.4,2.4,2.4,3100
SDB,2012-09-24,2.3,2.3,2.3,2.3,5000
SDB,2012-09-25,2.3,2.3,2.3,2.3,0
SDB,2012-09-26,2.2,2.2,2.2,2.2,1000
SDB,2012-09-27,2.1,2.1,2.1,2.1,2500
SDB,2012-09-28,2.1,2.1,2.1,2.1,0
SDB,2012-10-01,2.1,2.1,2.1,2.1,0
SDB,2012-10-02,2.1,2.1,2.1,2.1,0
SDB,2012-10-03,2.1,2.1,2.1,2.1,0
SDB,2012-10-04,2.0,2.0,2.0,2.0,100
SDB,2012-10-05,2.0,2.0,2.0,2.0,0
SDB,2012-10-08,2.0,2.0,2.0,2.0,0
SDB,2012-10-09,2.0,2.0,2.0,2.0,100
SDB,2012-10-10,2.0,2.0,2.0,2.0,0
SDB,2012-10-11,1.9,1.9,1.9,1.9,5800
SDB,2012-10-12,2.0,2.0,2.0,2.0,100
SDB,2012-10-15,2.0,2.0,2.0,2.0,0
SDB,2012-10-16,1.9,2.0,1.9,2.0,2200
SDB,2012-10-17,2.0,2.0,2.0,2.0,0
SDB,2012-10-18,2.0,2.0,2.0,2.0,0
SDB,2012-10-19,2.0,2.0,2.0,2.0,0
SDB,2012-10-22,2.0,2.0,2.0,2.0,0
SDB,2012-10-23,2.1,2.1,2.1,2.1,100
SDB,2012-10-24,2.1,2.1,2.1,2.1,0
SDB,2012-10-25,2.1,2.1,2.1,2.1,0
SDB,2012-10-26,2.1,2.1,2.1,2.1,0
SDB,2012-10-29,2.1,2.1,2.1,2.1,0
SDB,2012-10-30,2.1,2.1,2.1,2.1,0
SDB,2012-10-31,2.1,2.1,2.1,2.1,0
SDB,2012-11-01,2.1,2.1,2.1,2.1,0
SDB,2012-11-02,2.1,2.1,2.1,2.1,0
SDB,2012-11-05,2.1,2.1,2.1,2.1,0
SDB,2012-11-06,2.1,2.1,2.1,2.1,0
SDB,2012-11-07,2.1,2.1,2.1,2.1,0
SDB,2012-11-08,2.1,2.1,2.1,2.1,0
SDB,2012-11-09,2.1,2.1,2.1,2.1,0
SDB,2012-11-12,2.1,2.1,2.1,2.1,0
SDB,2012-11-13,2.1,2.1,2.1,2.1,0
SDB,2012-11-14,2.0,2.0,2.0,2.0,100
SDB,2012-11-15,2.0,2.0,2.0,2.0,0
SDB,2012-11-16,2.0,2.0,2.0,2.0,0
SDB,2012-11-19,2.0,2.0,2.0,2.0,0
SDB,2012-11-20,2.0,2.0,2.0,2.0,0
SDB,2012-11-21,2.0,2.0,2.0,2.0,0
SDB,2012-11-22,2.0,2.0,2.0,2.0,0
SDB,2012-11-23,2.0,2.0,2.0,2.0,0
SDB,2012-11-26,2.0,2.0,2.0,2.0,0
SDB,2012-11-27,1.9,1.9,1.9,1.9,600
SDB,2012-11-28,1.9,1.9,1.9,1.9,0
SDB,2012-11-29,1.9,1.9,1.9,1.9,0
SDB,2012-11-30,1.9,1.9,1.9,1.9,100
SDB,2012-12-03,1.9,1.9,1.9,1.9,0
SDB,2012-12-04,1.9,1.9,1.9,1.9,0
SDB,2012-12-05,2.0,2.0,2.0,2.0,100
SDB,2012-12-06,2.0,2.0,2.0,2.0,0
SDB,2012-12-07,2.0,2.0,2.0,2.0,0
SDB,2012-12-10,2.0,2.0,2.0,2.0,0
SDB,2012-12-11,2.0,2.0,2.0,2.0,0
SDB,2012-12-12,1.9,2.0,1.9,2.0,500
SDB,2012-12-13,2.0,2.0,2.0,2.0,100
SDB,2012-12-14,1.9,2.0,1.9,2.0,300
SDB,2012-12-17,2.0,2.0,2.0,2.0,0
SDB,2012-12-18,1.9,1.9,1.9,1.9,100
SDB,2012-12-19,1.8,1.8,1.8,1.8,100
SDB,2012-12-20,1.8,1.8,1.8,1.8,100
SDB,2012-12-21,1.7,1.7,1.7,1.7,300
SDB,2012-12-24,1.7,1.7,1.7,1.7,0
SDB,2012-12-25,1.8,1.8,1.7,1.7,200
SDB,2012-12-26,1.7,1.7,1.7,1.7,0
SDB,2012-12-27,1.8,1.8,1.7,1.7,600
SDB,2012-12-28,1.7,1.8,1.7,1.8,1100
SDB,2013-01-02,1.9,1.9,1.9,1.9,6600
SDB,2013-01-03,2.0,2.0,1.9,2.0,1700
SDB,2013-01-04,2.1,2.1,2.0,2.1,2200
SDB,2013-01-07,2.2,2.2,2.2,2.2,100
SDB,2013-01-08,2.2,2.2,2.2,2.2,0
SDB,2013-01-09,2.1,2.1,2.1,2.1,1100
SDB,2013-01-10,2.1,2.1,2.1,2.1,0
SDB,2013-01-11,2.1,2.1,2.1,2.1,0
SDB,2013-01-14,2.1,2.1,2.1,2.1,0
SDB,2013-01-15,2.0,2.0,2.0,2.0,500
SDB,2013-01-16,2.0,2.1,1.9,2.1,4300
SDB,2013-01-17,2.0,2.0,2.0,2.0,100
SDB,2013-01-18,1.8,1.8,1.8,1.8,20400
SDB,2013-01-21,1.8,1.8,1.8,1.8,3600
SDB,2013-01-22,1.7,1.8,1.7,1.8,3100
SDB,2013-01-23,1.9,1.9,1.8,1.8,2500
SDB,2013-01-24,1.9,1.9,1.9,1.9,100
SDB,2013-01-25,1.8,1.8,1.8,1.8,3400
SDB,2013-01-28,1.7,1.9,1.7,1.9,2500
SDB,2013-01-29,1.8,1.8,1.8,1.8,2000
SDB,2013-01-30,1.8,1.8,1.7,1.8,19100
SDB,2013-01-31,1.9,1.9,1.9,1.9,100
SDB,2013-02-01,1.8,1.8,1.8,1.8,2000
SDB,2013-02-04,1.8,1.8,1.8,1.8,0
SDB,2013-02-05,1.9,1.9,1.9,1.9,100
SDB,2013-02-06,2.0,2.0,2.0,2.0,100
SDB,2013-02-07,2.0,2.2,2.0,2.2,300
SDB,2013-02-08,2.4,2.4,2.4,2.4,100
SDB,2013-02-18,2.6,2.6,2.6,2.6,3100
SDB,2013-02-19,2.4,2.4,2.4,2.4,500
SDB,2013-02-20,2.6,2.6,2.6,2.6,100
SDB,2013-02-21,2.6,2.6,2.6,2.6,100
SDB,2013-02-22,2.6,2.6,2.6,2.6,0
SDB,2013-02-25,2.5,2.5,2.4,2.4,1400
SDB,2013-02-26,2.4,2.4,2.4,2.4,0
SDB,2013-02-27,2.4,2.4,2.4,2.4,0
SDB,2013-02-28,2.4,2.4,2.4,2.4,0
SDB,2013-03-01,2.2,2.2,2.2,2.2,1600
SDB,2013-03-04,2.2,2.2,2.2,2.2,0
SDB,2013-03-05,2.2,2.2,2.2,2.2,400
SDB,2013-03-06,2.2,2.2,2.2,2.2,0
SDB,2013-03-07,2.2,2.2,2.2,2.2,0
SDB,2013-03-08,2.0,2.0,2.0,2.0,1000
SDB,2013-03-11,2.2,2.2,2.2,2.2,100
SDB,2013-03-12,2.4,2.4,2.4,2.4,100
SDB,2013-03-13,2.2,2.2,2.2,2.2,200
SDB,2013-03-14,2.2,2.2,2.2,2.2,0
SDB,2013-03-15,2.4,2.4,2.2,2.2,300
SDB,2013-03-18,2.2,2.2,2.2,2.2,0
SDB,2013-03-19,2.2,2.2,2.2,2.2,0
SDB,2013-03-20,2.0,2.0,2.0,2.0,100
SDB,2013-03-21,1.8,1.8,1.8,1.8,200
SDB,2013-03-22,1.8,1.8,1.8,1.8,500
SDB,2013-03-25,1.8,1.8,1.8,1.8,100
SDB,2013-03-26,1.8,1.8,1.8,1.8,0
SDB,2013-03-27,1.7,1.9,1.7,1.9,300
SDB,2013-03-28,2.0,2.0,2.0,2.0,100
SDB,2013-03-29,2.0,2.0,2.0,2.0,0
SDB,2013-04-01,2.0,2.0,2.0,2.0,0
SDB,2013-04-02,2.2,2.2,2.2,2.2,100
SDB,2013-04-03,2.2,2.2,2.2,2.2,0
SDB,2013-04-04,2.2,2.2,2.2,2.2,0
SDB,2013-04-05,2.2,2.2,2.2,2.2,0
SDB,2013-04-08,2.2,2.2,2.2,2.2,0
SDB,2013-04-09,2.2,2.2,2.2,2.2,0
SDB,2013-04-10,2.2,2.2,2.2,2.2,0
SDB,2013-04-11,2.2,2.2,2.2,2.2,0
SDB,2013-04-12,2.2,2.2,2.2,2.2,0
SDB,2013-04-15,2.2,2.2,2.2,2.2,0
SDB,2013-04-16,2.2,2.2,2.2,2.2,0
SDB,2013-04-17,2.2,2.2,2.2,2.2,0
SDB,2013-04-18,2.2,2.2,2.2,2.2,0
SDB,2013-04-22,2.2,2.2,2.2,2.2,0
SDB,2013-04-23,2.2,2.2,2.2,2.2,0
SDB,2013-04-24,2.2,2.2,2.2,2.2,0
SDB,2013-04-25,2.2,2.2,2.2,2.2,0
SDB,2013-04-26,2.3,2.3,2.3,2.3,100
SDB,2013-05-02,2.3,2.3,2.3,2.3,0
SDB,2013-05-03,2.3,2.3,2.3,2.3,0
SDB,2013-05-06,2.3,2.3,2.3,2.3,0
SDB,2013-05-07,2.1,2.1,2.1,2.1,100
SDB,2013-05-08,2.1,2.1,2.1,2.1,0
SDB,2013-05-09,2.1,2.1,2.1,2.1,0
SDB,2013-05-10,1.9,1.9,1.9,1.9,400
SDB,2013-05-13,1.9,1.9,1.9,1.9,0
SDB,2013-05-14,1.9,1.9,1.9,1.9,0
SDB,2013-05-15,1.9,1.9,1.9,1.9,0
SDB,2013-05-16,2.0,2.0,1.8,1.8,300
SDB,2013-05-17,1.9,1.9,1.9,1.9,300
SDB,2013-05-20,1.8,1.8,1.8,1.8,100
SDB,2013-05-21,1.7,1.7,1.7,1.7,100
SDB,2013-05-22,1.6,1.6,1.6,1.6,200
SDB,2013-05-23,1.6,1.6,1.6,1.6,0
SDB,2013-05-24,1.6,1.6,1.6,1.6,0
SDB,2013-05-27,1.5,1.7,1.5,1.5,700
SDB,2013-05-28,1.5,1.5,1.5,1.5,0
SDB,2013-05-29,1.5,1.5,1.5,1.5,200
SDB,2013-05-30,1.4,1.4,1.4,1.4,400
SDB,2013-05-31,1.5,1.5,1.3,1.3,500
SDB,2013-06-03,1.2,1.4,1.2,1.4,3100
SDB,2013-06-04,1.3,1.5,1.3,1.3,1200
SDB,2013-06-05,1.3,1.3,1.3,1.3,400
SDB,2013-06-06,1.4,1.4,1.3,1.3,600
SDB,2013-06-07,1.3,1.3,1.3,1.3,600
SDB,2013-06-10,1.3,1.3,1.3,1.3,0
SDB,2013-06-11,1.3,1.3,1.3,1.3,0
SDB,2013-06-12,1.3,1.3,1.3,1.3,0
SDB,2013-06-13,1.2,1.2,1.2,1.2,200
SDB,2013-06-14,1.3,1.3,1.3,1.3,700
SDB,2013-06-17,1.3,1.3,1.3,1.3,0
SDB,2013-06-18,1.2,1.2,1.2,1.2,500
SDB,2013-06-19,1.2,1.2,1.1,1.1,500
SDB,2013-06-20,1.1,1.1,1.1,1.1,0
SDB,2013-06-21,1.1,1.1,1.1,1.1,0
SDB,2013-06-24,1.1,1.1,1.1,1.1,400
SDB,2013-06-25,1.2,1.2,1.2,1.2,1000
SDB,2013-06-26,1.3,1.3,1.3,1.3,600
SDB,2013-06-27,1.4,1.4,1.4,1.4,14000
SDB,2013-06-28,1.3,1.5,1.3,1.5,800
SDB,2013-07-01,1.5,1.6,1.5,1.6,700
SDB,2013-07-02,1.7,1.7,1.7,1.7,2300
SDB,2013-07-03,1.8,1.8,1.8,1.8,1700
SDB,2013-07-04,1.9,1.9,1.7,1.8,2100
SDB,2013-07-05,1.8,1.8,1.8,1.8,0
SDB,2013-07-08,1.9,1.9,1.9,1.9,100
SDB,2013-07-09,1.9,1.9,1.9,1.9,400
SDB,2013-07-10,1.9,1.9,1.9,1.9,0
SDB,2013-07-11,1.9,1.9,1.9,1.9,0
SDB,2013-07-12,1.8,1.8,1.8,1.8,500
SDB,2013-07-15,1.8,1.8,1.8,1.8,0
SDB,2013-07-16,1.8,1.8,1.8,1.8,0
SDB,2013-07-17,1.8,1.8,1.8,1.8,0
SDB,2013-07-18,1.8,1.8,1.8,1.8,0
SDB,2013-07-19,1.8,1.8,1.8,1.8,0
SDB,2013-07-22,1.8,1.8,1.8,1.8,0
SDB,2013-07-23,1.8,1.8,1.8,1.8,0
SDB,2013-07-24,1.8,1.8,1.8,1.8,0
SDB,2013-07-25,1.8,1.8,1.8,1.8,0
SDB,2013-07-26,1.8,1.8,1.8,1.8,0
SDB,2013-07-29,1.8,1.8,1.8,1.8,0
SDB,2013-07-30,1.8,1.8,1.8,1.8,0
SDB,2013-07-31,1.8,1.8,1.8,1.8,0
SDB,2013-08-01,1.8,1.8,1.8,1.8,0
SDB,2013-08-02,1.7,1.7,1.7,1.7,100
SDB,2013-08-05,1.6,1.6,1.6,1.6,100
SDB,2013-08-06,1.6,1.6,1.6,1.6,0
SDB,2013-08-07,1.7,1.7,1.7,1.7,100
SDB,2013-08-08,1.7,1.7,1.7,1.7,0
SDB,2013-08-09,1.7,1.7,1.7,1.7,0
SDB,2013-08-12,1.7,1.7,1.7,1.7,0
SDB,2013-08-13,1.7,1.7,1.7,1.7,0
SDB,2013-08-14,1.7,1.7,1.7,1.7,0
SDB,2013-08-15,1.7,1.7,1.7,1.7,0
SDB,2013-08-16,1.7,1.7,1.7,1.7,0
SDB,2013-08-19,1.7,1.7,1.7,1.7,0
SDB,2013-08-20,1.6,1.6,1.6,1.6,300
SDB,2013-08-21,1.5,1.5,1.5,1.5,100
SDB,2013-08-22,1.5,1.5,1.5,1.5,0
SDB,2013-08-23,1.4,1.4,1.4,1.4,300
SDB,2013-08-26,1.3,1.3,1.3,1.3,1300
SDB,2013-08-27,1.3,1.3,1.3,1.3,0
SDB,2013-08-28,1.3,1.3,1.3,1.3,0
SDB,2013-08-29,1.3,1.3,1.3,1.3,0
SDB,2013-08-30,1.3,1.3,1.3,1.3,0
SDB,2013-09-03,1.3,1.3,1.3,1.3,0
SDB,2013-09-04,1.2,1.2,1.2,1.2,900
SDB,2013-09-05,1.2,1.2,1.2,1.2,500
SDB,2013-09-06,1.1,1.1,1.1,1.1,100
SDB,2013-09-09,1.1,1.1,1.1,1.1,0
SDB,2013-09-10,1.0,1.2,1.0,1.2,200
SDB,2013-09-11,1.2,1.3,1.2,1.3,300
SDB,2013-09-12,1.2,1.2,1.2,1.2,200
SDB,2013-09-13,1.2,1.2,1.2,1.2,0
SDB,2013-09-16,1.2,1.2,1.2,1.2,0
SDB,2013-09-17,1.2,1.2,1.2,1.2,0
SDB,2013-09-18,1.2,1.2,1.2,1.2,0
SDB,2013-09-19,1.2,1.2,1.2,1.2,0
SDB,2013-09-20,1.2,1.2,1.2,1.2,0
SDB,2013-09-23,1.1,1.1,1.1,1.1,100
SDB,2013-09-24,1.1,1.1,1.0,1.1,2000
SDB,2013-09-25,1.1,1.1,1.1,1.1,0
SDB,2013-09-26,1.2,1.2,1.2,1.2,600
SDB,2013-09-27,1.3,1.3,1.1,1.1,200
SDB,2013-09-30,1.1,1.1,1.1,1.1,0
SDB,2013-10-01,1.2,1.2,1.0,1.0,5900
SDB,2013-10-02,0.9,1.1,0.9,1.1,1000
SDB,2013-10-03,1.2,1.2,1.2,1.2,100
SDB,2013-10-04,1.2,1.2,1.2,1.2,0
SDB,2013-10-07,1.2,1.2,1.2,1.2,3500
SDB,2013-10-08,1.1,1.1,1.1,1.1,100
SDB,2013-10-09,1.0,1.0,1.0,1.0,2500
SDB,2013-10-10,1.0,1.0,1.0,1.0,500
SDB,2013-10-11,1.1,1.1,1.1,1.1,800
SDB,2013-10-14,1.1,1.1,1.1,1.1,900
SDB,2013-10-15,1.1,1.1,1.1,1.1,700
SDB,2013-10-16,1.1,1.1,1.1,1.1,2000
SDB,2013-10-17,1.2,1.2,1.2,1.2,1000
SDB,2013-10-18,1.2,1.2,1.2,1.2,100
SDB,2013-10-21,1.3,1.3,1.3,1.3,1500
SDB,2013-10-22,1.4,1.4,1.4,1.4,11000
SDB,2013-10-23,1.5,1.5,1.5,1.5,100
SDB,2013-10-24,1.4,1.4,1.4,1.4,100
SDB,2013-10-25,1.4,1.4,1.4,1.4,1000
SDB,2013-10-28,1.4,1.4,1.4,1.4,0
SDB,2013-10-29,1.4,1.4,1.4,1.4,2700
SDB,2013-10-30,1.4,1.5,1.4,1.5,5900
SDB,2013-10-31,1.5,1.5,1.4,1.4,14700
SDB,2013-11-01,1.5,1.5,1.5,1.5,1000
SDB,2013-11-04,1.5,1.5,1.5,1.5,500
SDB,2013-11-05,1.5,1.6,1.4,1.6,12800
SDB,2013-11-06,1.5,1.6,1.5,1.6,15400
SDB,2013-11-07,1.6,1.6,1.5,1.6,700
SDB,2013-11-08,1.6,1.7,1.5,1.5,29300
SDB,2013-11-11,1.5,1.6,1.5,1.6,22100
SDB,2013-11-12,1.7,1.7,1.5,1.5,13800
SDB,2013-11-13,1.6,1.6,1.5,1.5,8100
SDB,2013-11-14,1.5,1.5,1.5,1.5,300
SDB,2013-11-15,1.6,1.6,1.5,1.6,14000
SDB,2013-11-18,1.6,1.7,1.6,1.6,11800
SDB,2013-11-19,1.6,1.7,1.6,1.7,14200
SDB,2013-11-20,1.8,1.8,1.6,1.8,3500
SDB,2013-11-21,1.9,1.9,1.8,1.9,15200
SDB,2013-11-22,2.0,2.0,2.0,1.9,9700
SDB,2013-11-25,2.2,2.2,1.8,1.9,18500
SDB,2013-11-26,1.8,2.0,1.8,1.9,38200
SDB,2013-11-27,1.8,2.0,1.8,2.0,1500
SDB,2013-11-28,1.8,2.2,1.8,2.2,32400
SDB,2013-11-29,2.0,2.1,2.0,2.0,20200
SDB,2013-12-02,1.8,2.0,1.8,1.8,60600
SDB,2013-12-03,1.7,1.9,1.7,1.7,4300
SDB,2013-12-04,1.7,1.8,1.7,1.7,1700
SDB,2013-12-05,1.8,1.8,1.8,1.8,3600
SDB,2013-12-06,1.8,1.8,1.8,1.8,2900
SDB,2013-12-09,1.8,1.8,1.8,1.8,4000
SDB,2013-12-10,1.7,1.9,1.7,1.7,10000
SDB,2013-12-11,1.6,1.8,1.6,1.7,6000
SDB,2013-12-12,1.7,1.7,1.6,1.6,44500
SDB,2013-12-13,1.7,1.7,1.6,1.7,2500
SDB,2013-12-16,1.7,1.8,1.7,1.8,38400
SDB,2013-12-17,1.9,1.9,1.9,1.9,80300
SDB,2013-12-18,2.0,2.0,2.0,2.0,36500
SDB,2013-12-19,2.2,2.2,2.1,2.2,11600
SDB,2013-12-20,2.2,2.2,2.0,2.0,28500
SDB,2013-12-23,2.0,2.1,1.8,1.9,20300
SDB,2013-12-24,2.0,2.0,1.8,1.8,5200
SDB,2013-12-25,1.8,1.9,1.8,1.9,11300
SDB,2013-12-26,2.0,2.0,2.0,2.0,28900
SDB,2013-12-27,2.2,2.2,2.1,2.2,80600
SDB,2013-12-30,2.4,2.4,2.0,2.0,17200
SDB,2013-12-31,2.0,2.1,1.8,2.1,11500
SDB,2014-01-02,2.1,2.1,1.9,1.9,22800
SDB,2014-01-03,1.9,2.0,1.9,2.0,3900
SDB,2014-01-06,2.2,2.2,2.1,2.1,15200
SDB,2014-01-07,2.0,2.3,1.9,2.2,35000
SDB,2014-01-08,2.2,2.4,2.2,2.4,134000
SDB,2014-01-09,2.6,2.6,2.5,2.6,83600
SDB,2014-01-10,2.6,2.6,2.4,2.4,59100
SDB,2014-01-13,2.4,2.6,2.4,2.6,72900
SDB,2014-01-14,2.7,2.7,2.4,2.5,8800
SDB,2014-01-15,2.5,2.7,2.5,2.6,42500
SDB,2014-01-16,2.7,2.8,2.5,2.7,52900
SDB,2014-01-17,2.7,2.7,2.5,2.6,7300
SDB,2014-01-20,2.4,2.4,2.4,2.4,2700
SDB,2014-01-21,2.2,2.4,2.2,2.4,29500
SDB,2014-01-22,2.6,2.6,2.4,2.4,300
SDB,2014-01-23,2.2,2.4,2.2,2.4,1200
SDB,2014-01-24,2.5,2.5,2.2,2.2,2600
SDB,2014-01-27,2.2,2.4,2.0,2.4,15600
SDB,2014-02-06,2.4,2.4,2.4,2.4,4000
SDB,2014-02-07,2.4,2.4,2.2,2.3,40800
SDB,2014-02-10,2.2,2.3,2.2,2.3,7000
SDB,2014-02-11,2.3,2.4,2.2,2.4,19400
SDB,2014-02-12,2.4,2.4,2.3,2.3,4200
SDB,2014-02-13,2.4,2.4,2.2,2.3,35700
SDB,2014-02-14,2.3,2.3,2.1,2.3,18300
SDB,2014-02-17,2.3,2.3,2.2,2.3,21500
SDB,2014-02-18,2.3,2.5,2.2,2.5,64500
SDB,2014-02-19,2.6,2.6,2.4,2.6,22200
SDB,2014-02-20,2.7,2.7,2.4,2.7,12700
SDB,2014-02-21,2.7,2.7,2.5,2.5,3100
SDB,2014-02-24,2.3,2.3,2.3,2.3,16000
SDB,2014-02-25,2.2,2.3,2.2,2.3,15800
SDB,2014-02-26,2.3,2.5,2.2,2.5,20400
SDB,2014-02-27,2.5,2.5,2.4,2.4,21800
SDB,2014-02-28,2.3,2.4,2.3,2.4,4400
SDB,2014-03-03,2.3,2.3,2.2,2.2,41100
SDB,2014-03-04,2.0,2.2,2.0,2.2,4500
SDB,2014-03-05,2.2,2.3,2.2,2.3,17500
SDB,2014-03-06,2.2,2.4,2.2,2.3,12300
SDB,2014-03-07,2.2,2.3,2.2,2.3,6600
SDB,2014-03-10,2.2,2.2,2.1,2.1,28800
SDB,2014-03-11,2.2,2.3,2.2,2.3,31400
SDB,2014-03-12,2.4,2.4,2.3,2.3,38700
SDB,2014-03-13,2.3,2.4,2.1,2.4,19700
SDB,2014-03-14,2.3,2.4,2.2,2.2,28800
SDB,2014-03-17,2.3,2.4,2.3,2.4,26500
SDB,2014-03-18,2.5,2.6,2.4,2.6,136300
SDB,2014-03-19,2.7,2.8,2.7,2.8,21400
SDB,2014-03-20,3.0,3.0,2.9,3.0,129700
SDB,2014-03-21,3.3,3.3,3.3,3.3,27000
SDB,2014-03-24,3.6,3.6,3.6,3.6,18000
SDB,2014-03-25,3.9,3.9,3.9,3.9,108400
SDB,2014-03-26,4.2,4.2,3.7,3.7,270100
SDB,2014-03-27,4.0,4.0,3.4,3.4,48300
SDB,2014-03-28,3.6,3.7,3.6,3.7,63300
SDB,2014-03-31,3.9,4.0,3.4,4.0,32200
SDB,2014-04-01,3.8,4.0,3.6,3.6,10600
SDB,2014-04-02,3.3,3.3,3.3,3.3,10000
SDB,2014-04-03,3.0,3.3,3.0,3.3,43500
SDB,2014-04-04,3.3,3.5,3.3,3.5,2100
SDB,2014-04-07,3.3,3.5,3.2,3.5,21700
SDB,2014-04-08,3.4,3.5,3.2,3.3,17200
SDB,2014-04-10,3.3,3.4,3.1,3.3,3500
SDB,2014-04-11,3.4,3.4,3.0,3.3,9200
SDB,2014-04-14,3.0,3.3,3.0,3.3,15500
SDB,2014-04-15,3.1,3.1,3.0,3.0,7100
SDB,2014-04-16,2.7,2.9,2.7,2.7,27900
SDB,2014-04-17,2.8,2.9,2.7,2.9,18500
SDB,2014-04-18,3.0,3.0,2.8,3.0,14500
SDB,2014-04-21,2.7,2.7,2.7,2.7,3200
SDB,2014-04-22,2.5,2.7,2.5,2.7,35600
SDB,2014-04-23,2.5,2.5,2.5,2.5,8900
SDB,2014-04-24,2.3,2.3,2.3,2.3,8500
SDB,2014-04-25,2.1,2.3,2.1,2.1,41300
SDB,2014-04-28,2.1,2.1,1.9,1.9,45900
SDB,2014-04-29,1.8,1.8,1.8,1.8,11400
SDB,2014-05-05,1.7,1.7,1.7,1.7,2300
SDB,2014-05-06,1.6,1.6,1.6,1.6,1300
SDB,2014-05-07,1.5,1.6,1.5,1.6,58200
SDB,2014-05-08,1.5,1.5,1.5,1.5,10400
SDB,2014-05-09,1.4,1.4,1.4,1.4,1000
SDB,2014-05-12,1.3,1.3,1.3,1.3,1000
SDB,2014-05-13,1.2,1.2,1.2,1.2,1400
SDB,2014-05-14,1.1,1.1,1.1,1.1,1000
SDB,2014-05-15,1.0,1.0,1.0,1.0,6600
SDB,2014-05-16,0.9,1.0,0.9,1.0,68900
SDB,2014-05-19,0.9,1.0,0.9,1.0,102300
SDB,2014-05-20,1.0,1.1,0.9,1.1,12300
SDB,2014-05-21,1.1,1.2,1.0,1.2,72900
SDB,2014-05-22,1.1,1.3,1.1,1.3,37700
SDB,2014-05-23,1.2,1.2,1.2,1.2,39000
SDB,2014-05-26,1.1,1.3,1.1,1.3,49400
SDB,2014-05-27,1.3,1.4,1.2,1.4,36500
SDB,2014-05-28,1.5,1.5,1.5,1.5,5900
SDB,2014-05-29,1.4,1.5,1.4,1.4,8800
SDB,2014-05-30,1.3,1.3,1.3,1.3,60400
SDB,2014-06-02,1.3,1.3,1.2,1.2,60000
SDB,2014-06-03,1.1,1.3,1.1,1.3,5700
SDB,2014-07-03,1.8,1.8,1.8,1.8,1300
SDB,2014-07-04,1.9,1.9,1.9,1.9,7900
SDB,2014-07-07,2.0,2.0,2.0,2.0,15200
SDB,2014-07-08,2.2,2.2,2.1,2.2,55400
SDB,2014-07-09,2.4,2.4,2.3,2.4,22200
SDB,2014-07-10,2.5,2.5,2.3,2.5,5500
SDB,2014-07-11,2.6,2.6,2.3,2.4,3200
SDB,2014-07-14,2.4,2.4,2.1,2.3,17400
SDB,2014-07-15,2.1,2.3,2.1,2.2,800
SDB,2014-07-16,2.2,2.2,2.2,2.2,100
SDB,2014-07-17,2.0,2.1,2.0,2.1,14300
SDB,2014-07-18,2.1,2.2,1.9,2.0,2800
SDB,2014-07-21,2.0,2.2,2.0,2.2,6600
SDB,2014-07-22,2.1,2.1,1.8,1.8,21200
SDB,2014-07-23,1.8,2.0,1.8,2.0,16100
SDB,2014-07-24,1.9,1.9,1.7,1.9,5800
SDB,2014-07-25,1.7,1.9,1.7,1.9,5000
SDB,2014-07-28,1.7,1.8,1.7,1.8,10000
SDB,2014-07-29,1.8,1.8,1.7,1.7,6600
SDB,2014-07-30,1.7,1.8,1.7,1.8,6300
SDB,2014-07-31,1.8,1.8,1.7,1.8,18300
SDB,2014-08-01,1.7,1.9,1.7,1.9,8100
SDB,2014-08-04,1.8,1.8,1.7,1.7,2200
SDB,2014-08-05,1.8,1.8,1.8,1.8,2900
SDB,2014-08-06,1.8,1.8,1.8,1.8,5500
SDB,2014-08-07,1.8,1.8,1.8,1.8,15300
SDB,2014-08-08,1.8,1.9,1.8,1.9,19100
SDB,2014-08-11,2.0,2.0,2.0,2.0,11000
SDB,2014-08-12,2.2,2.2,2.0,2.2,15500
SDB,2014-08-13,2.1,2.1,2.1,2.1,4200
SDB,2014-08-14,2.0,2.0,1.9,1.9,5100
SDB,2014-08-15,2.0,2.0,1.8,2.0,1400
SDB,2014-08-18,2.0,2.0,2.0,2.0,100
SDB,2014-08-19,1.8,2.0,1.8,2.0,6100
SDB,2014-08-20,1.9,1.9,1.9,1.9,100
SDB,2014-08-21,1.8,1.9,1.8,1.9,300
SDB,2014-08-22,1.9,1.9,1.9,1.9,100
SDB,2014-08-25,1.8,1.9,1.8,1.8,2000
SDB,2014-08-26,1.9,1.9,1.9,1.85,5700
SDB,2014-08-27,1.9,1.9,1.9,1.9,200
SDB,2014-08-28,1.8,1.8,1.8,1.8,100
SDB,2014-08-29,1.8,1.8,1.8,1.8,15900
SDB,2014-09-03,1.8,1.8,1.8,1.8,3000
SDB,2014-09-04,1.8,1.8,1.7,1.7,3300
SDB,2014-09-05,1.8,1.8,1.8,1.8,3300
SDB,2014-09-08,1.9,1.9,1.9,1.9,2700
SDB,2014-09-09,2.0,2.0,1.9,1.9,16200
SDB,2014-09-10,1.9,1.9,1.9,1.9,0
SDB,2014-09-11,1.9,2.1,1.9,2.1,1500
SDB,2014-09-12,2.0,2.0,1.8,1.9,32900
SDB,2014-09-15,1.9,2.0,1.9,2.0,17800
SDB,2014-09-16,2.0,2.0,1.9,1.9,7300
SDB,2014-09-17,2.0,2.0,1.9,2.0,14800
SDB,2014-09-18,2.0,2.0,1.9,1.9,200
SDB,2014-09-19,2.0,2.0,1.8,1.8,20700
SDB,2014-09-22,1.9,2.0,1.9,1.9,13200
SDB,2014-09-23,1.9,1.9,1.9,1.9,18900
SDB,2014-09-24,1.9,1.9,1.9,1.9,2200
SDB,2014-09-25,1.9,1.9,1.8,1.9,7500
SDB,2014-09-26,2.0,2.0,2.0,2.0,100
SDB,2014-09-29,2.0,2.0,2.0,2.0,0
SDB,2014-09-30,1.9,1.9,1.9,1.9,1100
SDB,2014-10-01,2.0,2.0,2.0,2.0,300
SDB,2014-10-02,1.9,1.9,1.9,1.9,400
SDB,2014-10-03,1.9,1.9,1.9,1.9,400
SDB,2014-10-06,1.9,1.9,1.8,1.8,5700
SDB,2014-10-07,1.8,1.9,1.8,1.9,11300
SDB,2014-10-08,2.0,2.0,2.0,2.0,35100
SDB,2014-10-09,2.0,2.1,2.0,2.0,8900
SDB,2014-10-10,1.9,2.1,1.9,2.1,13700
SDB,2014-10-13,2.0,2.1,1.8,2.1,37800
SDB,2014-10-14,2.0,2.0,2.0,2.0,6000
SDB,2014-10-15,2.0,2.0,2.0,2.0,500
SDB,2014-10-16,1.9,2.0,1.9,2.0,26300
SDB,2014-10-17,2.0,2.0,2.0,2.0,3000
SDB,2014-10-20,2.0,2.1,2.0,2.1,6400
SDB,2014-10-21,2.0,2.1,2.0,2.1,2900
SDB,2014-10-22,2.0,2.1,2.0,2.1,4100
SDB,2014-10-23,2.0,2.0,2.0,2.0,7500
SDB,2014-10-24,2.0,2.0,2.0,2.0,2300
SDB,2014-10-27,2.0,2.0,2.0,2.0,5000
SDB,2014-10-28,2.1,2.1,2.1,2.1,200
SDB,2014-10-29,2.1,2.1,2.1,2.1,100
SDB,2014-10-30,2.1,2.1,2.1,2.1,0
SDB,2014-10-31,2.1,2.1,2.1,2.1,0
SDB,2014-11-03,2.0,2.0,2.0,2.0,100
SDB,2014-11-04,1.9,1.9,1.9,1.9,4300
SDB,2014-11-05,1.9,1.9,1.9,1.9,1400
SDB,2014-11-06,1.9,2.0,1.9,2.0,4300
SDB,2014-11-07,1.9,2.0,1.8,2.0,11100
SDB,2014-11-10,2.0,2.0,2.0,2.0,3900
SDB,2014-11-11,2.0,2.0,1.9,1.9,2200
SDB,2014-11-12,1.9,1.9,1.8,1.9,26200
SDB,2014-11-13,1.8,1.8,1.8,1.8,800
SDB,2014-11-14,1.8,1.8,1.8,1.8,7100
SDB,2014-11-17,1.8,1.9,1.8,1.9,500
SDB,2014-11-18,1.8,1.9,1.8,1.9,25600
SDB,2014-11-19,1.9,1.9,1.9,1.9,1600
SDB,2014-11-20,2.0,2.0,2.0,2.0,100
SDB,2014-11-21,1.8,1.8,1.8,1.8,1000
SDB,2014-11-24,1.8,1.8,1.8,1.8,14500
SDB,2014-11-25,1.8,1.9,1.8,1.9,13100
SDB,2014-11-26,1.9,1.9,1.9,1.9,100
SDB,2014-11-27,1.9,1.9,1.9,1.9,0
SDB,2014-11-28,1.8,1.8,1.8,1.8,11300
SDB,2014-12-01,1.8,1.8,1.8,1.8,0
SDB,2014-12-02,1.8,1.8,1.8,1.8,0
SDB,2014-12-03,1.8,1.8,1.8,1.8,0
SDB,2014-12-04,1.8,1.8,1.8,1.8,0
SDB,2014-12-05,1.9,1.9,1.9,1.9,3000
SDB,2014-12-08,1.9,1.9,1.9,1.9,100
SDB,2014-12-09,1.8,1.8,1.8,1.8,100
SDB,2014-12-10,1.8,1.8,1.8,1.8,0
SDB,2014-12-11,1.8,1.8,1.8,1.8,1300
SDB,2014-12-12,1.7,1.9,1.7,1.9,6200
SDB,2014-12-15,1.8,1.8,1.8,1.8,100
SDB,2014-12-16,1.9,1.9,1.8,1.8,4100
SDB,2014-12-17,1.8,1.8,1.7,1.8,6100
SDB,2014-12-18,1.9,1.9,1.8,1.8,1400
SDB,2014-12-19,1.9,1.9,1.7,1.7,4000
SDB,2014-12-22,1.8,1.8,1.8,1.8,2000
SDB,2014-12-23,1.8,1.8,1.8,1.8,0
SDB,2014-12-24,1.8,1.8,1.8,1.8,0
SDB,2014-12-25,1.8,1.8,1.8,1.8,0
SDB,2014-12-26,1.8,1.8,1.8,1.8,0
SDB,2014-12-29,1.8,1.8,1.8,1.8,0
SDB,2014-12-30,1.8,1.8,1.8,1.8,0
SDB,2014-12-31,1.8,1.8,1.8,1.8,700
SDB,2015-01-05,1.8,1.8,1.8,1.8,0
SDB,2015-01-06,1.8,1.8,1.8,1.8,400
SDB,2015-01-07,1.8,1.8,1.8,1.8,600
SDB,2015-01-08,1.7,1.7,1.7,1.7,1000
SDB,2015-01-09,1.8,1.8,1.8,1.8,900
SDB,2015-01-12,1.8,1.8,1.8,1.8,400
SDB,2015-01-13,1.9,1.9,1.9,1.9,1100
SDB,2015-01-14,1.9,1.9,1.9,1.9,0
SDB,2015-01-15,1.9,1.9,1.9,1.9,0
SDB,2015-01-16,1.9,1.9,1.9,1.9,4500
SDB,2015-01-19,1.9,1.9,1.9,1.9,0
SDB,2015-01-20,1.9,1.9,1.9,1.9,700
SDB,2015-01-21,1.8,1.8,1.8,1.8,5100
SDB,2015-01-22,1.8,1.8,1.8,1.8,0
SDB,2015-01-23,1.8,1.8,1.8,1.8,0
SDB,2015-01-26,1.7,1.7,1.7,1.7,100
SDB,2015-01-27,1.8,1.8,1.8,1.8,100
SDB,2015-01-28,1.8,1.8,1.8,1.8,0
SDB,2015-01-29,1.8,1.8,1.8,1.8,0
SDB,2015-01-30,1.8,1.8,1.8,1.8,0
SDB,2015-02-02,1.8,1.8,1.8,1.8,0
SDB,2015-02-03,1.8,1.8,1.8,1.8,0
SDB,2015-02-04,1.8,1.8,1.8,1.8,0
SDB,2015-02-05,1.8,1.8,1.8,1.8,1000
SDB,2015-02-06,1.8,1.8,1.8,1.8,0
SDB,2015-02-09,1.9,1.9,1.9,1.9,400
SDB,2015-02-10,1.8,1.8,1.8,1.8,200
SDB,2015-02-11,1.9,1.9,1.9,1.9,200
SDB,2015-02-12,1.9,1.9,1.9,1.9,500
SDB,2015-02-13,1.9,1.9,1.9,1.9,1900
SDB,2015-02-24,1.9,1.9,1.9,1.9,900
SDB,2015-02-25,1.9,1.9,1.9,1.9,2500
SDB,2015-02-26,1.8,1.8,1.8,1.8,8800
SDB,2015-02-27,1.8,1.8,1.8,1.8,0
SDB,2015-03-02,1.7,1.7,1.7,1.7,1200
SDB,2015-03-03,1.6,1.6,1.6,1.6,100
SDB,2015-03-04,1.6,1.6,1.6,1.6,0
SDB,2015-03-05,1.6,1.6,1.6,1.6,4100
SDB,2015-03-06,1.6,1.6,1.6,1.6,0
SDB,2015-03-09,1.6,1.6,1.5,1.5,2100
SDB,2015-03-10,1.7,1.7,1.7,1.7,100
SDB,2015-03-11,1.7,1.7,1.7,1.7,0
SDB,2015-03-12,1.8,1.8,1.8,1.8,100
SDB,2015-03-13,1.8,1.8,1.8,1.8,0
SDB,2015-03-16,1.8,1.8,1.8,1.8,0
SDB,2015-03-17,1.8,1.8,1.8,1.8,0
SDB,2015-03-18,1.8,1.8,1.8,1.8,0
SDB,2015-03-19,1.8,1.8,1.8,1.8,0
SDB,2015-03-20,1.8,1.8,1.8,1.8,0
SDB,2015-03-23,1.8,1.8,1.8,1.8,0
SDB,2015-03-24,1.8,1.8,1.8,1.8,0
SDB,2015-03-25,1.8,1.8,1.8,1.8,100
SDB,2015-03-26,1.8,1.8,1.8,1.8,0
SDB,2015-03-27,1.8,1.8,1.8,1.8,0
SDB,2015-03-30,1.8,1.8,1.8,1.8,0
SDB,2015-03-31,1.8,1.8,1.8,1.8,0
SDB,2015-04-01,1.8,1.8,1.8,1.8,0
SDB,2015-04-02,1.7,1.7,1.7,1.7,1900
SDB,2015-04-03,1.7,1.7,1.7,1.7,0
SDB,2015-04-06,1.7,1.7,1.7,1.7,0
SDB,2015-04-07,1.6,1.6,1.6,1.6,100
SDB,2015-04-08,1.5,1.6,1.5,1.6,6000
SDB,2015-04-09,1.6,1.6,1.6,1.6,0
SDB,2015-04-10,1.6,1.6,1.6,1.6,0
SDB,2015-04-13,1.6,1.6,1.6,1.6,0
SDB,2015-04-14,1.5,1.7,1.5,1.6,1200
SDB,2015-04-15,1.6,1.6,1.6,1.6,0
SDB,2015-04-16,1.6,1.6,1.6,1.6,0
SDB,2015-04-17,1.7,1.7,1.7,1.7,100
SDB,2015-04-20,1.6,1.7,1.6,1.7,200
SDB,2015-04-21,1.7,1.7,1.7,1.7,0
SDB,2015-04-22,1.7,1.7,1.7,1.7,0
SDB,2015-04-23,1.6,1.6,1.6,1.6,2000
SDB,2015-04-24,1.5,1.7,1.5,1.5,1600
SDB,2015-04-27,1.5,1.5,1.5,1.5,0
SDB,2015-05-04,1.5,1.5,1.5,1.5,0
SDB,2015-05-05,1.7,1.7,1.6,1.6,2100
SDB,2015-05-06,1.6,1.6,1.6,1.6,0
SDB,2015-05-07,1.6,1.6,1.6,1.6,0
SDB,2015-05-08,1.7,1.7,1.7,1.7,200
SDB,2015-05-11,1.6,1.6,1.6,1.6,100
SDB,2015-05-12,1.5,1.5,1.5,1.5,8200
SDB,2015-05-13,1.5,1.5,1.5,1.5,0
SDB,2015-05-14,1.5,1.5,1.5,1.5,0
SDB,2015-05-15,1.5,1.5,1.5,1.5,0
SDB,2015-05-18,1.4,1.4,1.4,1.4,7600
SDB,2015-05-19,1.4,1.4,1.4,1.4,0
SDB,2015-05-20,1.3,1.5,1.3,1.5,200
SDB,2015-05-21,1.5,1.5,1.5,1.5,0
SDB,2015-05-22,1.5,1.5,1.5,1.5,0
SDB,2015-05-25,1.5,1.5,1.5,1.5,100
SDB,2015-05-26,1.6,1.6,1.6,1.6,300
SDB,2015-05-27,1.6,1.6,1.6,1.6,1900
SDB,2015-05-28,1.7,1.7,1.7,1.7,100
SDB,2015-05-29,1.8,1.8,1.8,1.8,1500
SDB,2015-06-01,1.9,1.9,1.9,1.9,100
SDB,2015-06-02,1.9,1.9,1.9,1.9,0
SDB,2015-06-03,1.9,1.9,1.9,1.9,0
SDB,2015-06-04,1.9,1.9,1.9,1.9,0
SDB,2015-06-05,1.8,1.8,1.8,1.8,2000
SDB,2015-06-08,1.7,1.7,1.7,1.7,300
SDB,2015-06-09,1.7,1.7,1.7,1.7,0
SDB,2015-06-10,1.7,1.7,1.7,1.7,0
SDB,2015-06-11,1.8,1.8,1.8,1.8,2100
SDB,2015-06-12,1.8,1.8,1.8,1.8,0
SDB,2015-06-15,1.8,1.8,1.8,1.8,0
SDB,2015-06-16,1.7,1.7,1.7,1.7,3000
SDB,2015-06-17,1.7,1.7,1.7,1.7,0
SDB,2015-06-18,1.8,1.8,1.8,1.8,100
SDB,2015-06-19,1.8,1.8,1.8,1.8,0
SDB,2015-06-22,1.8,1.8,1.8,1.8,0
SDB,2015-06-23,1.8,1.8,1.8,1.8,0
SDB,2015-06-24,1.8,1.8,1.8,1.8,0
SDB,2015-06-25,1.7,1.7,1.7,1.7,400
SDB,2015-06-26,1.7,1.7,1.7,1.7,0
SDB,2015-06-29,1.7,1.7,1.7,1.7,0
SDB,2015-06-30,1.7,1.7,1.7,1.7,0
SDB,2015-07-01,1.7,0.0,0.0,0.0,0
SDB,2015-07-02,1.7,1.7,1.7,1.7,0
SDB,2015-07-03,1.7,1.7,1.7,1.7,0
SDB,2015-07-06,1.7,1.7,1.7,1.7,0
SDB,2015-07-07,1.8,1.8,1.8,1.8,1000
SDB,2015-07-08,1.8,1.8,1.8,1.8,0
SDB,2015-07-09,1.9,1.9,1.9,1.9,600
SDB,2015-07-10,1.9,1.9,1.9,1.9,12800
SDB,2015-07-13,1.9,1.9,1.9,1.9,0
SDB,2015-07-14,1.9,1.9,1.9,1.9,0
SDB,2015-07-15,1.7,1.7,1.7,1.7,1500
SDB,2015-07-16,1.7,1.7,1.7,1.7,0
SDB,2015-07-17,1.9,1.9,1.5,1.5,300
SDB,2015-07-20,1.6,1.9,1.6,1.9,200
SDB,2015-07-21,1.6,1.6,1.6,1.6,100
SDB,2015-07-22,1.6,1.6,1.6,1.6,0
SDB,2015-07-23,1.8,1.8,1.8,1.8,100
SDB,2015-07-24,1.8,1.8,1.8,1.8,0
SDB,2015-07-27,1.8,1.8,1.8,1.8,0
SDB,2015-07-28,1.8,1.8,1.8,1.8,0
SDB,2015-07-29,1.8,1.8,1.8,1.8,0
SDB,2015-07-30,1.8,1.8,1.8,1.8,0
SDB,2015-07-31,1.8,1.8,1.8,1.8,0
SDB,2015-08-03,1.8,1.8,1.8,1.8,0
SDB,2015-08-04,1.8,1.8,1.8,1.8,0
SDB,2015-08-05,1.8,1.8,1.8,1.8,0
SDB,2015-08-06,1.8,1.8,1.8,1.8,0
SDB,2015-08-07,1.8,1.8,1.8,1.8,0
SDB,2015-08-10,1.8,1.8,1.8,1.8,0
SDB,2015-08-11,1.8,1.8,1.8,1.8,0
SDB,2015-08-12,1.8,1.8,1.8,1.8,0
SDB,2015-08-13,1.8,1.8,1.8,1.8,0
SDB,2015-08-14,1.8,1.8,1.8,1.8,0
SDB,2015-08-17,1.8,1.8,1.8,1.8,0
SDB,2015-08-18,1.8,1.8,1.8,1.8,0
SDB,2015-08-19,1.6,1.6,1.6,1.6,100
SDB,2015-08-20,1.6,1.6,1.6,1.6,0
SDB,2015-08-21,1.6,1.6,1.6,1.6,0
SDB,2015-08-24,1.6,1.6,1.6,1.6,0
SDB,2015-08-25,1.6,1.6,1.6,1.6,0
SDB,2015-08-26,1.6,1.6,1.6,1.6,0
SDB,2015-08-27,1.6,1.6,1.6,1.6,0
SDB,2015-08-28,1.6,1.6,1.6,1.6,0
SDB,2015-08-31,1.6,1.6,1.6,1.6,0
SDB,2015-09-01,1.6,1.6,1.6,1.6,0
SDB,2015-09-03,1.6,1.6,1.6,1.6,0
SDB,2015-09-04,1.6,1.6,1.6,1.6,0
SDB,2015-09-07,1.6,1.6,1.6,1.6,0
SDB,2015-09-08,1.6,1.6,1.6,1.6,0
SDB,2015-09-09,1.6,1.6,1.6,1.6,0
SDB,2015-09-10,1.5,1.5,1.5,1.5,300
SDB,2015-09-11,1.5,1.5,1.5,1.5,0
SDB,2015-09-14,1.5,1.5,1.5,1.5,0
SDB,2015-09-15,1.5,1.5,1.5,1.5,2700
SDB,2015-09-16,1.3,1.3,1.3,1.3,100
SDB,2015-09-17,1.3,1.3,1.3,1.3,0
SDB,2015-09-18,1.3,1.3,1.3,1.3,0
SDB,2015-09-21,1.3,1.3,1.2,1.3,4700
SDB,2015-09-22,1.2,1.2,1.2,1.2,100
SDB,2015-09-23,1.3,1.3,1.3,1.3,100
SDB,2015-09-24,1.3,1.3,1.3,1.3,4800
SDB,2015-09-25,1.3,1.3,1.3,1.3,0
SDB,2015-09-28,1.3,1.3,1.3,1.3,3600
SDB,2015-09-29,1.3,1.3,1.3,1.3,0
SDB,2015-09-30,1.3,1.3,1.3,1.3,0
SDB,2015-10-01,1.3,1.3,1.3,1.3,0
SDB,2015-10-02,1.3,1.3,1.3,1.3,0
SDB,2015-10-05,1.3,1.3,1.3,1.3,0
SDB,2015-10-06,1.3,1.3,1.3,1.3,0
SDB,2015-10-07,1.3,1.3,1.3,1.3,0
SDB,2015-10-08,1.3,1.3,1.3,1.3,0
SDB,2015-10-09,1.3,1.3,1.3,1.3,0
SDB,2015-10-12,1.3,1.3,1.3,1.3,0
SDB,2015-10-13,1.3,1.3,1.3,1.3,0
SDB,2015-10-14,1.3,1.3,1.3,1.3,0
SDB,2015-10-15,1.3,1.3,1.3,1.3,0
SDB,2015-10-16,1.3,1.3,1.3,1.3,0
SDB,2015-10-19,1.3,1.3,1.3,1.3,0
SDB,2015-10-20,1.3,1.3,1.3,1.3,0
SDB,2015-10-21,1.3,1.3,1.3,1.3,0
SDB,2015-10-22,1.3,1.3,1.3,1.3,0
SDB,2015-10-23,1.3,1.3,1.3,1.3,0
SDB,2015-10-26,1.3,1.3,1.3,1.3,0
SDB,2015-10-27,1.3,1.3,1.3,1.3,0
SDB,2015-10-28,1.3,1.3,1.3,1.3,0
SDB,2015-10-29,1.3,1.3,1.3,1.3,0
SDB,2015-10-30,1.3,1.3,1.3,1.3,0
SDB,2015-11-02,1.3,1.3,1.3,1.3,0
SDB,2015-11-03,1.3,1.3,1.3,1.3,0
SDB,2015-11-04,1.2,1.2,1.2,1.2,100
SDB,2015-11-05,1.3,1.3,1.3,1.3,9000
SDB,2015-11-06,1.3,1.3,1.3,1.3,0
SDB,2015-11-09,1.3,1.3,1.3,1.3,0
SDB,2015-11-10,1.3,1.3,1.3,1.3,0
SDB,2015-11-11,1.3,1.3,1.3,1.3,0
SDB,2015-11-12,1.3,1.3,1.3,1.3,0
SDB,2015-11-13,1.3,1.3,1.3,1.3,0
SDB,2015-11-16,1.3,1.3,1.3,1.3,0
SDB,2015-11-17,1.3,1.3,1.3,1.3,0
SDB,2015-11-18,1.2,1.2,1.2,1.2,18000
SDB,2015-11-19,1.1,1.3,1.1,1.3,200
SDB,2015-11-20,1.3,1.3,1.3,1.3,0
SDB,2015-11-23,1.3,1.3,1.3,1.3,0
SDB,2015-11-24,1.3,1.3,1.3,1.3,0
SDB,2015-11-25,1.3,1.3,1.3,1.3,0
SDB,2015-11-26,1.3,1.3,1.3,1.3,0
SDB,2015-11-27,1.3,1.3,1.3,1.3,0
SDB,2015-11-30,1.2,1.2,1.2,1.2,2500
SDB,2015-12-01,1.2,1.2,1.1,1.1,5900
SDB,2015-12-02,1.1,1.1,1.1,1.1,0
SDB,2015-12-03,1.1,1.1,1.1,1.1,0
SDB,2015-12-04,1.1,1.1,1.1,1.1,0
SDB,2015-12-07,1.1,1.1,1.1,1.1,0
SDB,2015-12-08,1.1,1.1,1.1,1.1,0
SDB,2015-12-09,1.1,1.1,1.1,1.1,0
SDB,2015-12-10,1.0,1.0,1.0,1.0,100
SDB,2015-12-11,1.0,1.0,1.0,1.0,0
SDB,2015-12-14,1.0,1.0,1.0,1.0,0
SDB,2015-12-15,0.9,0.9,0.9,0.9,100
SDB,2015-12-16,0.9,0.9,0.9,0.9,0
SDB,2015-12-17,0.9,0.9,0.9,0.9,0
SDB,2015-12-18,0.9,0.9,0.9,0.9,0
SDB,2015-12-21,1.0,1.0,1.0,1.0,100
SDB,2015-12-22,1.1,1.1,1.1,1.1,100
SDB,2015-12-23,1.1,1.1,1.1,1.1,0
SDB,2015-12-24,1.1,1.1,1.1,1.1,0
SDB,2015-12-25,1.1,1.1,1.1,1.1,0
SDB,2015-12-28,1.1,1.1,1.1,1.1,0
SDB,2015-12-29,1.1,1.1,1.1,1.1,0
SDB,2015-12-30,1.1,1.1,1.1,1.1,0
SDB,2015-12-31,1.1,1.1,1.1,1.1,0
SDB,2016-01-04,1.1,1.1,1.1,1.1,0
SDB,2016-01-05,1.1,1.1,1.1,1.1,0
SDB,2016-01-06,1.1,1.1,1.1,1.1,0
SDB,2016-01-07,1.1,1.1,1.1,1.1,0
SDB,2016-01-08,1.1,1.1,1.1,1.1,0
SDB,2016-01-11,1.1,1.1,1.1,1.1,0
SDB,2016-01-12,1.1,1.1,1.1,1.1,0
SDB,2016-01-13,1.1,1.1,1.1,1.1,0
SDB,2016-01-14,1.1,1.1,1.1,1.1,0
SDB,2016-01-15,1.1,1.1,1.1,1.1,0
SDB,2016-01-18,1.1,1.1,1.1,1.1,0
SDB,2016-01-19,1.1,1.1,1.1,1.1,0
SDB,2016-01-20,1.1,1.1,1.1,1.1,0
SDB,2016-01-21,1.1,1.1,1.1,1.1,0
SDB,2016-01-22,1.1,1.1,1.1,1.1,0
SDB,2016-01-25,1.1,1.1,1.1,1.1,0
SDB,2016-01-26,1.1,1.1,1.1,1.1,0
SDB,2016-01-27,1.2,1.2,1.2,1.2,100
SDB,2016-01-28,1.2,1.2,1.2,1.2,0
SDB,2016-01-29,1.3,1.3,1.3,1.3,100
SDB,2016-02-01,1.3,1.3,1.3,1.3,0
SDB,2016-02-02,1.4,1.4,1.4,1.4,100
SDB,2016-02-03,1.4,1.4,1.4,1.4,0
SDB,2016-02-04,1.4,1.4,1.4,1.4,0
SDB,2016-02-05,1.4,1.4,1.4,1.4,0
SDB,2016-02-15,1.4,1.4,1.4,1.4,0
SDB,2016-02-16,1.4,1.4,1.4,1.4,0
SDB,2016-02-17,1.4,1.4,1.4,1.4,0
SDB,2016-02-18,1.5,1.5,1.5,1.5,10000
SDB,2016-02-19,1.5,1.5,1.5,1.5,0
SDB,2016-02-22,1.7,1.7,1.7,1.7,39600
SDB,2016-02-23,1.9,1.9,1.8,1.9,11300
SDB,2016-02-24,1.8,1.9,1.8,1.9,12000
SDB,2016-02-25,2.0,2.0,1.8,1.8,2100
SDB,2016-02-26,1.8,1.8,1.8,1.8,0
SDB,2016-02-29,1.8,1.8,1.8,1.8,6000
SDB,2016-03-01,1.8,1.8,1.8,1.8,0
SDB,2016-03-02,1.8,1.8,1.8,1.8,0
SDB,2016-03-03,1.9,1.9,1.8,1.8,2100
SDB,2016-03-04,1.7,1.7,1.7,1.7,2000
SDB,2016-03-07,1.8,1.9,1.8,1.9,4000
SDB,2016-03-08,1.9,1.9,1.9,1.9,0
SDB,2016-03-09,1.9,1.9,1.9,1.9,0
SDB,2016-03-10,1.9,1.9,1.9,1.9,0
SDB,2016-03-11,1.9,1.9,1.9,1.9,400
SDB,2016-03-14,1.9,1.9,1.7,1.7,11800
SDB,2016-03-15,1.7,1.7,1.7,1.7,0
SDB,2016-03-16,1.8,1.9,1.8,1.8,1200
SDB,2016-03-17,1.8,1.8,1.8,1.8,1000
SDB,2016-03-18,1.8,1.8,1.8,1.8,0
SDB,2016-03-21,1.8,1.8,1.8,1.8,0
SDB,2016-03-22,1.8,1.8,1.8,1.8,0
SDB,2016-03-23,1.8,1.8,1.8,1.8,1000
SDB,2016-03-24,1.8,1.8,1.8,1.8,4000
SDB,2016-03-25,1.8,1.8,1.8,1.8,0
SDB,2016-03-28,1.8,1.8,1.8,1.8,0
SDB,2016-03-29,1.8,1.8,1.8,1.8,1200
SDB,2016-03-30,1.8,1.8,1.8,1.8,0
SDB,2016-03-31,1.8,1.8,1.8,1.8,0
SDB,2016-04-01,1.8,1.8,1.8,1.8,0
SDB,2016-04-04,2.0,2.0,2.0,2.0,100
SDB,2016-04-05,2.0,2.2,2.0,2.2,1100
SDB,2016-04-06,2.0,2.0,2.0,2.0,500
SDB,2016-04-07,1.8,1.8,1.8,1.8,1800
SDB,2016-04-08,2.0,2.0,1.9,1.9,1700
SDB,2016-04-11,1.8,2.1,1.8,2.1,200
SDB,2016-04-12,2.1,2.1,2.1,2.1,400
SDB,2016-04-13,2.1,2.1,2.1,2.1,0
SDB,2016-04-14,2.1,2.1,2.1,2.1,0
SDB,2016-04-15,2.4,2.4,2.4,2.4,100
SDB,2016-04-19,2.7,2.7,2.7,2.7,100
SDB,2016-04-20,2.7,2.7,2.7,2.7,0
SDB,2016-04-21,2.8,2.8,2.8,2.8,100
SDB,2016-04-22,2.8,2.8,2.8,2.8,0
SDB,2016-04-25,2.8,2.8,2.8,2.8,0
SDB,2016-04-26,2.8,2.8,2.8,2.8,0
SDB,2016-04-27,2.8,2.8,2.8,2.8,200
SDB,2016-04-28,2.8,2.8,2.8,2.8,0
SDB,2016-04-29,2.8,2.8,2.8,2.8,0
SDB,2016-05-04,2.8,2.8,2.8,2.8,0
SDB,2016-05-05,2.8,2.8,2.8,2.8,0
SDB,2016-05-06,2.8,2.8,2.8,2.8,0
SDB,2016-05-09,2.4,2.4,2.4,2.4,300
SDB,2016-05-10,2.7,2.7,2.7,2.7,200
SDB,2016-05-11,2.7,2.7,2.7,2.7,0
SDB,2016-05-12,2.7,2.7,2.7,2.7,0
SDB,2016-05-13,2.7,2.7,2.7,2.7,0
SDB,2016-05-16,2.3,2.3,2.3,2.3,3500
SDB,2016-05-17,2.0,2.0,2.0,2.0,6100
SDB,2016-05-18,2.0,2.0,2.0,2.0,0
SDB,2016-05-19,2.0,2.0,2.0,2.0,0
SDB,2016-05-20,2.0,2.0,2.0,2.0,0
SDB,2016-05-23,2.0,2.0,2.0,2.0,0
SDB,2016-05-24,2.0,2.0,2.0,2.0,0
SDB,2016-05-25,2.0,2.0,2.0,2.0,0
SDB,2016-05-26,2.0,2.0,2.0,2.0,0
SDB,2016-05-27,2.0,2.0,2.0,2.0,0
SDB,2016-05-30,2.3,2.3,2.3,2.3,100
SDB,2016-05-31,2.3,2.3,2.3,2.3,0
SDB,2016-06-01,2.0,2.0,2.0,2.0,1000
SDB,2016-06-02,1.7,1.7,1.7,1.7,4800
SDB,2016-06-03,1.7,1.7,1.7,1.7,0
SDB,2016-06-06,1.7,1.7,1.7,1.7,0
SDB,2016-06-07,1.7,1.7,1.7,1.7,0
SDB,2016-06-08,1.7,1.7,1.7,1.7,0
SDB,2016-06-09,1.7,1.7,1.7,1.7,0
SDB,2016-06-10,1.7,1.7,1.7,1.7,0
SDB,2016-06-13,1.7,1.7,1.7,1.7,0
SDB,2016-06-14,1.7,1.7,1.7,1.7,0
SDB,2016-06-15,1.7,1.7,1.7,1.7,0
SDB,2016-06-16,1.7,1.7,1.7,1.7,0
SDB,2016-06-17,1.7,1.7,1.7,1.7,0
SDB,2016-06-20,1.7,1.7,1.7,1.7,0
SDB,2016-06-21,1.7,1.7,1.7,1.7,0
SDB,2016-06-22,1.7,1.7,1.7,1.7,0
SDB,2016-06-23,1.7,1.7,1.7,1.7,0
SDB,2016-06-24,1.7,1.7,1.7,1.7,0
SDB,2016-06-27,1.7,1.7,1.7,1.7,0
SDB,2016-06-28,1.7,1.7,1.7,1.7,0
SDB,2016-06-29,1.7,1.7,1.7,1.7,0
SDB,2016-06-30,1.7,1.7,1.7,1.7,0
SDB,2016-07-01,1.7,1.7,1.7,1.7,0
SDB,2016-07-04,1.7,1.7,1.7,1.7,0
SDB,2016-07-05,1.7,1.7,1.7,1.7,0
SDB,2016-07-06,1.7,1.7,1.7,1.7,0
SDB,2016-07-07,1.7,1.7,1.7,1.7,0
SDB,2016-07-08,1.7,1.7,1.7,1.7,0
SDB,2016-07-11,1.7,1.7,1.7,1.7,0
SDB,2016-07-12,1.7,1.7,1.7,1.7,0
SDB,2016-07-13,1.7,1.7,1.7,1.7,0
SDB,2016-07-14,1.7,1.7,1.7,1.7,0
SDB,2016-07-15,1.7,1.7,1.7,1.7,0
SDB,2016-07-18,1.7,1.7,1.7,1.7,0
SDB,2016-07-19,1.7,1.7,1.7,1.7,0
SDB,2016-07-20,1.7,1.7,1.7,1.7,0
SDB,2016-07-21,1.7,1.7,1.7,1.7,0
SDB,2016-07-22,1.7,1.7,1.7,1.7,0
SDB,2016-07-25,1.7,1.7,1.7,1.7,0
SDB,2016-07-26,1.7,1.7,1.7,1.7,0
SDB,2016-07-27,1.7,1.7,1.7,1.7,0
SDB,2016-07-28,1.7,1.7,1.7,1.7,0
SDB,2016-07-29,1.5,1.5,1.5,1.5,500
SDB,2016-08-01,1.5,1.5,1.5,1.5,0
SDB,2016-08-02,1.5,1.5,1.5,1.5,0
SDB,2016-08-03,1.5,1.5,1.5,1.5,0
SDB,2016-08-04,1.5,1.5,1.5,1.5,0
SDB,2016-08-05,1.5,1.5,1.5,1.5,0
SDB,2016-08-08,1.5,1.5,1.5,1.5,0
SDB,2016-08-09,1.5,1.5,1.5,1.5,0
SDB,2016-08-10,1.5,1.5,1.5,1.5,0
SDB,2016-08-11,1.5,1.5,1.5,1.5,0
SDB,2016-08-12,1.5,1.5,1.5,1.5,0
SDB,2016-08-15,1.5,1.5,1.5,1.5,0
SDB,2016-08-16,1.5,1.5,1.5,1.5,0
SDB,2016-08-17,1.5,1.5,1.5,1.5,0
SDB,2016-08-18,1.5,1.5,1.5,1.5,0
SDB,2016-08-19,1.3,1.3,1.3,1.3,16200
SDB,2016-08-22,1.3,1.3,1.3,1.3,0
SDB,2016-08-23,1.3,1.3,1.3,1.3,0
SDB,2016-08-24,1.3,1.3,1.3,1.3,0
SDB,2016-08-25,1.3,1.3,1.3,1.3,0
SDB,2016-08-26,1.3,1.3,1.3,1.3,0
SDB,2016-08-29,1.3,1.3,1.3,1.3,0
SDB,2016-08-30,1.3,1.3,1.3,1.3,0
SDB,2016-08-31,1.3,1.3,1.3,1.3,0
SDB,2016-09-01,1.3,1.3,1.3,1.3,0
SDB,2016-09-05,1.3,1.3,1.3,1.3,0
SDB,2016-09-06,1.3,1.3,1.3,1.3,0
SDB,2016-09-07,1.3,1.3,1.3,1.3,0
SDB,2016-09-08,1.3,1.3,1.3,1.3,0
SDB,2016-09-09,1.3,1.3,1.3,1.3,0
SDB,2016-09-12,1.3,1.3,1.3,1.3,0
SDB,2016-09-13,1.3,1.3,1.3,1.3,0
SDB,2016-09-14,1.3,1.3,1.3,1.3,0
SDB,2016-09-15,1.3,1.3,1.3,1.3,0
SDB,2016-09-16,1.3,1.3,1.3,1.3,0
SDB,2016-09-19,1.3,1.3,1.3,1.3,0
SDB,2016-09-20,1.3,1.3,1.3,1.3,0
SDB,2016-09-21,1.3,1.3,1.3,1.3,0
SDB,2016-09-22,1.3,1.3,1.3,1.3,0
SDB,2016-09-23,1.3,1.3,1.3,1.3,0
SDB,2016-09-26,1.3,1.3,1.3,1.3,0
SDB,2016-09-27,1.3,1.3,1.3,1.3,0
SDB,2016-09-28,1.3,1.3,1.3,1.3,0
SDB,2016-09-29,1.3,1.3,1.3,1.3,0
SDB,2016-09-30,1.3,1.3,1.3,1.3,0
SDB,2016-10-03,1.3,1.3,1.3,1.3,0
SDB,2016-10-04,1.3,1.3,1.3,1.3,0
SDB,2016-10-05,1.3,1.3,1.3,1.3,0
SDB,2016-10-06,1.3,1.3,1.3,1.3,0
SDB,2016-10-07,1.3,1.3,1.3,1.3,0
SDB,2016-10-10,1.3,1.3,1.3,1.3,0
SDB,2016-10-11,1.3,1.3,1.3,1.3,0
SDB,2016-10-12,1.3,1.3,1.3,1.3,0
SDB,2016-10-13,1.3,1.3,1.3,1.3,0
SDB,2016-10-14,1.2,1.2,1.2,1.2,100
SDB,2016-10-17,1.2,1.2,1.2,1.2,0
SDB,2016-10-18,1.2,1.2,1.2,1.2,0
SDB,2016-10-19,1.2,1.2,1.2,1.2,0
SDB,2016-10-20,1.2,1.2,1.2,1.2,0
SDB,2016-10-21,1.2,1.2,1.2,1.2,0
SDB,2016-10-24,1.2,1.2,1.2,1.2,0
SDB,2016-10-25,1.2,1.2,1.2,1.2,0
SDB,2016-10-26,1.2,1.2,1.2,1.2,0
SDB,2016-10-27,1.2,1.2,1.2,1.2,0
SDB,2016-10-28,1.2,1.2,1.2,1.2,0
SDB,2016-10-31,1.2,1.2,1.2,1.2,0
SDB,2016-11-01,1.2,1.2,1.2,1.2,0
SDB,2016-11-02,1.2,1.2,1.2,1.2,0
SDB,2016-11-03,1.2,1.2,1.2,1.2,0
SDB,2016-11-04,1.3,1.3,1.3,1.3,100
SDB,2016-11-07,1.3,1.3,1.3,1.3,0
SDB,2016-11-08,1.3,1.3,1.3,1.3,0
SDB,2016-11-09,1.3,1.3,1.3,1.3,0
SDB,2016-11-10,1.3,1.3,1.3,1.3,0
SDB,2016-11-11,1.3,1.3,1.3,1.3,0
SDB,2016-11-14,1.3,1.3,1.3,1.3,0
SDB,2016-11-15,1.3,1.3,1.3,1.3,0
SDB,2016-11-16,1.3,1.3,1.3,1.3,0
SDB,2016-11-17,1.3,1.3,1.3,1.3,0
SDB,2016-11-18,1.2,1.2,1.2,1.2,5800
SDB,2016-11-21,1.2,1.2,1.2,1.2,0
SDB,2016-11-22,1.2,1.2,1.2,1.2,0
SDB,2016-11-23,1.2,1.2,1.2,1.2,0
SDB,2016-11-24,1.2,1.2,1.2,1.2,0
SDB,2016-11-25,1.2,1.2,1.2,1.2,0
SDB,2016-11-28,1.2,1.2,1.2,1.2,0
SDB,2016-11-29,1.2,1.2,1.2,1.2,0
SDB,2016-11-30,1.2,1.2,1.2,1.2,0
SDB,2016-12-01,1.2,1.2,1.2,1.2,0
SDB,2016-12-02,1.2,1.2,1.2,1.2,0
SDB,2016-12-05,1.2,1.2,1.2,1.2,0
SDB,2016-12-06,1.2,1.2,1.2,1.2,0
SDB,2016-12-07,1.2,1.2,1.2,1.2,0
SDB,2016-12-08,1.2,1.2,1.2,1.2,0
SDB,2016-12-09,1.2,1.2,1.2,1.2,0
SDB,2016-12-12,1.2,1.2,1.2,1.2,0
SDB,2016-12-13,1.2,1.2,1.2,1.2,0
SDB,2016-12-14,1.2,1.2,1.2,1.2,0
SDB,2016-12-15,1.2,1.2,1.2,1.2,0
SDB,2016-12-16,1.2,1.2,1.2,1.2,500
SDB,2016-12-19,1.2,1.2,1.2,1.2,0
SDB,2016-12-20,1.2,1.2,1.2,1.2,0
SDB,2016-12-21,1.2,1.2,1.2,1.2,0
SDB,2016-12-22,1.2,1.2,1.2,1.2,0
SDB,2016-12-23,1.2,1.2,1.2,1.2,0
SDB,2016-12-26,1.2,1.2,1.2,1.2,0
SDB,2016-12-27,1.2,1.2,1.2,1.2,0
SDB,2016-12-28,1.2,1.2,1.2,1.2,0
SDB,2016-12-29,1.2,1.2,1.2,1.2,0
SDB,2016-12-30,1.2,1.2,1.2,1.2,300
SDB,2017-01-03,1.2,1.2,1.2,1.2,0
SDB,2017-01-04,1.2,1.2,1.2,1.2,0
SDB,2017-01-05,1.2,1.2,1.2,1.2,0
SDB,2017-01-06,1.2,1.2,1.2,1.2,1900
SDB,2017-01-09,1.2,1.2,1.2,1.2,0
SDB,2017-01-10,1.2,1.2,1.2,1.2,0
SDB,2017-01-11,1.2,1.2,1.2,1.2,0
SDB,2017-01-12,1.2,1.2,1.2,1.2,0
SDB,2017-01-13,1.2,1.2,1.2,1.2,4100
SDB,2017-01-16,1.2,1.2,1.2,1.2,0
SDB,2017-01-17,1.2,1.2,1.2,1.2,0
SDB,2017-01-18,1.2,1.2,1.2,1.2,0
SDB,2017-01-19,1.2,1.2,1.2,1.2,0
SDB,2017-01-20,1.1,1.1,1.1,1.1,6900
SDB,2017-01-23,1.1,1.1,1.1,1.1,0
SDB,2017-01-24,1.1,1.1,1.1,1.1,0
SDB,2017-01-25,1.1,1.1,1.1,1.1,0
SDB,2017-02-02,1.1,1.1,1.1,1.1,0
SDB,2017-02-03,1.1,1.1,1.1,1.1,0
SDB,2017-02-06,1.1,1.1,1.1,1.1,0
SDB,2017-02-07,1.1,1.1,1.1,1.1,0
SDB,2017-02-08,1.1,1.1,1.1,1.1,0
SDB,2017-02-09,1.1,1.1,1.1,1.1,0
SDB,2017-02-10,1.1,1.1,1.1,1.1,0
SDB,2017-02-13,1.1,1.1,1.1,1.1,0
SDB,2017-02-14,1.1,1.1,1.1,1.1,0
SDB,2017-02-15,1.1,1.1,1.1,1.1,0
SDB,2017-02-16,1.1,1.1,1.1,1.1,0
SDB,2017-02-17,1.1,1.2,1.1,1.2,2300
SDB,2017-02-20,1.2,1.2,1.2,1.2,0
SDB,2017-02-21,1.2,1.2,1.2,1.2,0
SDB,2017-02-22,1.2,1.2,1.2,1.2,0
SDB,2017-02-23,1.2,1.2,1.2,1.2,0
SDB,2017-02-24,1.2,1.2,1.2,1.2,2000
SDB,2017-02-27,1.2,1.2,1.2,1.2,0
SDB,2017-02-28,1.2,1.2,1.2,1.2,0
SDB,2017-03-01,1.2,1.2,1.2,1.2,0
SDB,2017-03-02,1.2,1.2,1.2,1.2,0
SDB,2017-03-03,1.2,1.3,1.2,1.3,2100
SDB,2017-03-06,1.3,1.3,1.3,1.3,0
SDB,2017-03-07,1.3,1.3,1.3,1.3,0
SDB,2017-03-08,1.3,1.3,1.3,1.3,0
SDB,2017-03-09,1.3,1.3,1.3,1.3,0
SDB,2017-03-10,1.2,1.3,1.2,1.3,6000
SDB,2017-03-13,1.3,1.3,1.3,1.3,0
SDB,2017-03-14,1.3,1.3,1.3,1.3,0
SDB,2017-03-15,1.3,1.3,1.3,1.3,0
SDB,2017-03-16,1.3,1.3,1.3,1.3,0
SDB,2017-03-17,1.4,1.4,1.3,1.4,2200
SDB,2017-03-20,1.4,1.4,1.4,1.4,0
SDB,2017-03-21,1.4,1.4,1.4,1.4,0
SDB,2017-03-22,1.4,1.4,1.4,1.4,0
SDB,2017-03-23,1.4,1.4,1.4,1.4,0
SDB,2017-03-24,1.6,1.6,1.6,1.6,2900
SDB,2017-03-27,1.6,1.6,1.6,1.6,0
SDB,2017-03-28,1.6,1.6,1.6,1.6,0
SDB,2017-03-29,1.6,1.6,1.6,1.6,0
SDB,2017-03-30,1.6,1.6,1.6,1.6,0
SDB,2017-03-31,1.6,1.6,1.6,1.6,0
SDB,2017-04-03,1.6,1.6,1.6,1.6,0
SDB,2017-04-04,1.6,1.6,1.6,1.6,0
SDB,2017-04-05,1.6,1.6,1.6,1.6,0
SDB,2017-04-07,1.6,1.6,1.6,1.6,300
SDB,2017-04-10,1.6,1.6,1.6,1.6,0
SDB,2017-04-11,1.6,1.6,1.6,1.6,0
SDB,2017-04-12,1.6,1.6,1.6,1.6,0
SDB,2017-04-13,1.6,1.6,1.6,1.6,0
SDB,2017-04-14,1.6,1.6,1.6,1.6,0
SDB,2017-04-17,1.6,1.6,1.6,1.6,0
SDB,2017-04-18,1.6,1.6,1.6,1.6,0
SDB,2017-04-19,1.6,1.6,1.6,1.6,0
SDB,2017-04-20,1.6,1.6,1.6,1.6,0
SDB,2017-04-21,1.6,1.6,1.6,1.6,0
SDB,2017-04-24,1.6,1.6,1.6,1.6,0
SDB,2017-04-25,1.6,1.6,1.6,1.6,0
SDB,2017-04-26,1.6,1.6,1.6,1.6,0
SDB,2017-04-27,1.6,1.6,1.6,1.6,0
SDB,2017-04-28,1.6,1.6,1.6,1.6,0
SDB,2017-05-03,1.6,1.6,1.6,1.6,0
SDB,2017-05-04,1.6,1.6,1.6,1.6,0
SDB,2017-05-05,1.6,1.6,1.6,1.6,0
SDB,2017-05-08,1.6,1.6,1.6,1.6,0
SDB,2017-05-09,1.6,1.6,1.6,1.6,0
SDB,2017-05-10,1.6,1.6,1.6,1.6,0
SDB,2017-05-11,1.6,1.6,1.6,1.6,0
SDB,2017-05-12,1.6,1.6,1.6,1.6,0
SDB,2017-05-15,1.6,1.6,1.6,1.6,0
SDB,2017-05-16,1.6,1.6,1.6,1.6,0
SDB,2017-05-17,1.6,1.6,1.6,1.6,0
SDB,2017-05-18,1.6,1.6,1.6,1.6,0
SDB,2017-05-19,1.8,1.8,1.8,1.8,100
SDB,2017-05-22,1.8,1.8,1.8,1.8,0
SDB,2017-05-23,1.8,1.8,1.8,1.8,0
SDB,2017-05-24,1.8,1.8,1.8,1.8,0
SDB,2017-05-25,1.8,1.8,1.8,1.8,0
SDB,2017-05-26,1.8,1.8,1.8,1.8,0
SDB,2017-05-29,1.8,1.8,1.8,1.8,0
SDB,2017-05-30,1.8,1.8,1.8,1.8,0
SDB,2017-05-31,1.8,1.8,1.8,1.8,0
SDB,2017-06-01,1.8,1.8,1.8,1.8,0
SDB,2017-06-02,1.6,1.6,1.6,1.6,190000
SDB,2017-06-05,1.6,1.6,1.6,1.6,0
SDB,2017-06-06,1.6,1.6,1.6,1.6,0
SDB,2017-06-07,1.8,1.8,1.8,1.8,0
SDB,2017-06-08,1.8,1.8,1.8,1.8,0
SDB,2017-06-09,1.6,1.6,1.6,1.6,0
SDB,2017-06-12,1.6,1.6,1.6,1.6,0
SDB,2017-06-13,1.6,1.6,1.6,1.6,0
SDB,2017-06-14,1.6,1.6,1.6,1.6,0
SDB,2017-06-15,1.6,1.6,1.6,1.6,0
SDB,2017-06-16,1.6,1.6,1.6,1.6,0
SDB,2017-06-19,1.6,1.6,1.6,1.6,0
SDB,2017-06-20,1.6,1.6,1.6,1.6,0
SDB,2017-06-21,1.6,1.6,1.6,1.6,0
SDB,2017-06-22,1.6,1.6,1.6,1.6,0
SDB,2017-06-23,1.4,1.4,1.4,1.4,100
SDB,2017-06-26,1.4,1.4,1.4,1.4,0
SDB,2017-06-27,1.4,1.4,1.4,1.4,0
SDB,2017-06-28,1.4,1.4,1.4,1.4,0
SDB,2017-06-29,1.4,1.4,1.4,1.4,0
SDB,2017-06-30,1.2,1.4,1.2,1.2,14500
SDB,2017-07-03,1.2,1.2,1.2,1.2,0
SDB,2017-07-04,1.2,1.2,1.2,1.2,0
SDB,2017-07-05,1.2,1.2,1.2,1.2,0
SDB,2017-07-06,1.2,1.2,1.2,1.2,0
SDB,2017-07-07,1.3,1.3,1.3,1.3,700
SDB,2017-07-10,1.3,1.3,1.3,1.3,0
SDB,2017-07-11,1.3,1.3,1.3,1.3,0
SDB,2017-07-12,1.3,1.3,1.3,1.3,0
SDB,2017-07-13,1.3,1.3,1.3,1.3,0
SDB,2017-07-14,1.2,1.3,1.2,1.2,7800
SDB,2017-07-17,1.2,1.2,1.2,1.2,0
SDB,2017-07-18,1.2,1.2,1.2,1.2,0
SDB,2017-07-19,1.2,1.2,1.2,1.2,0
SDB,2017-07-20,1.2,1.2,1.2,1.2,0
SDB,2017-07-21,1.2,1.2,1.2,1.2,1900
SDB,2017-07-24,1.2,1.2,1.2,1.2,0
SDB,2017-07-25,1.2,1.2,1.2,1.2,0
SDB,2017-07-26,1.2,1.2,1.2,1.2,0
SDB,2017-07-27,1.2,1.2,1.2,1.2,0
SDB,2017-07-28,1.2,1.2,1.2,1.2,1700
SDB,2017-07-31,1.2,1.2,1.2,1.2,0
SDB,2017-08-01,1.2,1.2,1.2,1.2,0
SDB,2017-08-02,1.2,1.2,1.2,1.2,0
SDB,2017-08-03,1.2,1.2,1.2,1.2,0
SDB,2017-08-04,1.2,1.2,1.2,1.2,0
SDB,2017-08-07,1.2,1.2,1.2,1.2,0
SDB,2017-08-08,1.2,1.2,1.2,1.2,0
SDB,2017-08-09,1.2,1.2,1.2,1.2,0
SDB,2017-08-10,1.2,1.2,1.2,1.2,0
SDB,2017-08-11,1.2,1.2,1.2,1.2,0
SDB,2017-08-14,1.2,1.2,1.2,1.2,0
SDB,2017-08-15,1.2,1.2,1.2,1.2,0
SDB,2017-08-16,1.2,1.2,1.2,1.2,0
SDB,2017-08-17,1.2,1.2,1.2,1.2,0
SDB,2017-08-18,1.2,1.2,1.2,1.2,0
SDB,2017-08-21,1.2,1.2,1.2,1.2,0
SDB,2017-08-22,1.2,1.2,1.2,1.2,0
SDB,2017-08-23,1.2,1.2,1.2,1.2,0
SDB,2017-08-24,1.2,1.2,1.2,1.2,0
SDB,2017-08-25,1.2,1.2,1.2,1.2,0
SDB,2017-08-28,1.2,1.2,1.2,1.2,0
SDB,2017-08-29,1.2,1.2,1.2,1.2,0
SDB,2017-08-30,1.2,1.2,1.2,1.2,0
SDB,2017-08-31,1.2,1.2,1.2,1.2,0
SDB,2017-09-01,1.3,1.3,1.3,1.3,100
SDB,2017-09-05,1.3,1.3,1.3,1.3,0
SDB,2017-09-06,1.3,1.3,1.3,1.3,0
SDB,2017-09-07,1.3,1.3,1.3,1.3,0
SDB,2017-09-08,1.2,1.2,1.2,1.2,1400
SDB,2017-09-11,1.2,1.2,1.2,1.2,0
SDB,2017-09-12,1.2,1.2,1.2,1.2,0
SDB,2017-09-13,1.2,1.2,1.2,1.2,0
SDB,2017-09-14,1.2,1.2,1.2,1.2,0
SDB,2017-09-15,1.2,1.2,1.2,1.2,0
SDB,2017-09-18,1.2,1.2,1.2,1.2,0
SDB,2017-09-19,1.2,1.2,1.2,1.2,0
SDB,2017-09-20,1.2,1.2,1.2,1.2,0
SDB,2017-09-21,1.2,1.2,1.2,1.2,0
SDB,2017-09-22,1.2,1.2,1.2,1.2,5000
SDB,2017-09-25,1.2,1.2,1.2,1.2,0
SDB,2017-09-26,1.2,1.2,1.2,1.2,0
SDB,2017-09-27,1.2,1.2,1.2,1.2,0
SDB,2017-09-28,1.2,1.2,1.2,1.2,0
SDB,2017-09-29,1.2,1.2,1.2,1.2,0
SDB,2017-10-02,1.2,1.2,1.2,1.2,0
SDB,2017-10-03,1.2,1.2,1.2,1.2,0
SDB,2017-10-04,1.2,1.2,1.2,1.2,0
SDB,2017-10-05,1.2,1.2,1.2,1.2,0
SDB,2017-10-06,1.2,1.2,1.2,1.2,0
SDB,2017-10-09,1.2,1.2,1.2,1.2,0
SDB,2017-10-10,1.2,1.2,1.2,1.2,0
SDB,2017-10-11,1.2,1.2,1.2,1.2,0
SDB,2017-10-12,1.2,1.2,1.2,1.2,0
SDB,2017-10-13,1.2,1.2,1.2,1.2,100
SDB,2017-10-16,1.2,1.2,1.2,1.2,0
SDB,2017-10-17,1.2,1.2,1.2,1.2,0
SDB,2017-10-18,1.2,1.2,1.2,1.2,0
SDB,2017-10-19,1.2,1.2,1.2,1.2,0
SDB,2017-10-20,1.1,1.1,1.1,1.1,2000
SDB,2017-10-23,1.1,1.1,1.1,1.1,0
SDB,2017-10-24,1.1,1.1,1.1,1.1,0
SDB,2017-10-25,1.1,1.1,1.1,1.1,0
SDB,2017-10-26,1.1,1.1,1.1,1.1,0
SDB,2017-10-27,1.1,1.1,1.1,1.1,5400
SDB,2017-10-30,1.1,1.1,1.1,1.1,0
SDB,2017-10-31,1.1,1.1,1.1,1.1,0
SDB,2017-11-01,1.1,1.1,1.1,1.1,0
SDB,2017-11-02,1.1,1.1,1.1,1.1,0
SDB,2017-11-03,1.1,1.1,1.1,1.1,3900
SDB,2017-11-06,1.1,1.1,1.1,1.1,0
SDB,2017-11-07,1.1,1.1,1.1,1.1,0
SDB,2017-11-08,1.1,1.1,1.1,1.1,0
SDB,2017-11-09,1.1,1.1,1.1,1.1,0
SDB,2017-11-10,1.1,1.1,1.1,1.1,0
SDB,2017-11-13,1.1,1.1,1.1,1.1,0
SDB,2017-11-14,1.1,1.1,1.1,1.1,0
SDB,2017-11-15,1.1,1.1,1.1,1.1,0
SDB,2017-11-16,1.1,1.1,1.1,1.1,0
SDB,2017-11-17,1.1,1.1,1.1,1.1,0
SDB,2017-11-20,1.1,1.1,1.1,1.1,0
SDB,2017-11-21,1.1,1.1,1.1,1.1,0
SDB,2017-11-22,1.1,1.1,1.1,1.1,0
SDB,2017-11-23,1.1,1.1,1.1,1.1,0
SDB,2017-11-24,1.1,1.1,1.1,1.1,1400
SDB,2017-11-27,1.1,1.1,1.1,1.1,0
SDB,2017-11-28,1.1,1.1,1.1,1.1,0
SDB,2017-11-29,1.1,1.1,1.1,1.1,0
SDB,2017-11-30,1.1,1.1,1.1,1.1,0
SDB,2017-12-01,1.1,1.2,1.0,1.1,55200
SDB,2017-12-04,1.1,1.1,1.1,1.1,0
SDB,2017-12-05,1.1,1.1,1.1,1.1,0
SDB,2017-12-06,1.1,1.1,1.1,1.1,0
SDB,2017-12-07,1.1,1.1,1.1,1.1,0
SDB,2017-12-08,1.1,1.1,1.1,1.1,5000
SDB,2017-12-11,1.1,1.1,1.1,1.1,0
SDB,2017-12-12,1.1,1.1,1.1,1.1,0
SDB,2017-12-13,1.1,1.1,1.1,1.1,0
SDB,2017-12-14,1.1,1.1,1.1,1.1,0
SDB,2017-12-15,1.1,1.1,1.1,1.1,0
SDB,2017-12-18,1.1,1.1,1.1,1.1,0
SDB,2017-12-19,1.1,1.1,1.1,1.1,0
SDB,2017-12-20,1.1,1.1,1.1,1.1,0
SDB,2017-12-21,1.1,1.1,1.1,1.1,0
SDB,2017-12-22,1.2,1.2,1.2,1.2,1000
SDB,2017-12-25,1.2,1.2,1.2,1.2,0
SDB,2017-12-26,1.2,1.2,1.2,1.2,0
SDB,2017-12-27,1.2,1.2,1.2,1.2,0
SDB,2017-12-28,1.2,1.2,1.2,1.2,0
SDB,2017-12-29,1.1,1.1,1.1,1.1,100
SDB,2018-01-02,1.1,1.1,1.1,1.1,0
SDB,2018-01-03,1.1,1.1,1.1,1.1,0
SDB,2018-01-04,1.1,1.1,1.1,1.1,0
SDB,2018-01-05,1.1,1.1,1.1,1.1,100
SDB,2018-01-08,1.1,1.1,1.1,1.1,0
SDB,2018-01-09,1.1,1.1,1.1,1.1,0
SDB,2018-01-10,1.1,1.1,1.1,1.1,0
SDB,2018-01-11,1.1,1.1,1.1,1.1,0
SDB,2018-01-12,1.1,1.1,1.1,1.1,0
SDB,2018-01-15,1.1,1.1,1.1,1.1,0
SDB,2018-01-16,1.1,1.1,1.1,1.1,0
SDB,2018-01-17,1.1,1.1,1.1,1.1,0
SDB,2018-01-18,1.1,1.1,1.1,1.1,0
SDB,2018-01-19,1.0,1.1,1.0,1.1,5100
SDB,2018-01-22,1.1,1.1,1.1,1.1,0
SDB,2018-01-23,1.1,1.1,1.1,1.1,0
SDB,2018-01-24,1.1,1.1,1.1,1.1,0
SDB,2018-01-25,1.1,1.1,1.1,1.1,0
SDB,2018-01-26,1.2,1.2,1.2,1.2,1000
SDB,2018-01-29,1.2,1.2,1.2,1.2,0
SDB,2018-01-30,1.2,1.2,1.2,1.2,0
SDB,2018-01-31,1.2,1.2,1.2,1.2,0
SDB,2018-02-01,1.2,1.2,1.2,1.2,0
SDB,2018-02-02,1.2,1.2,1.2,1.2,0
SDB,2018-02-05,1.2,1.2,1.2,1.2,0
SDB,2018-02-06,1.2,1.2,1.2,1.2,0
SDB,2018-02-07,1.2,1.2,1.2,1.2,0
SDB,2018-02-08,1.2,1.2,1.2,1.2,0
SDB,2018-02-09,1.2,1.2,1.2,1.2,0
SDB,2018-02-12,1.2,1.2,1.2,1.2,0
SDB,2018-02-13,1.2,1.2,1.2,1.2,0
SDB,2018-02-21,1.2,1.2,1.2,1.2,0
SDB,2018-02-22,1.2,1.2,1.2,1.2,0
SDB,2018-02-23,1.2,1.3,1.2,1.3,3000
SDB,2018-02-26,1.2,1.2,1.2,1.2,0
SDB,2018-02-27,1.2,1.2,1.2,1.2,0
SDB,2018-02-28,1.2,1.2,1.2,1.2,0
SDB,2018-03-01,1.2,1.2,1.2,1.2,0
SDB,2018-03-02,1.2,1.2,1.2,1.2,0
SDB,2018-03-05,1.2,1.2,1.2,1.2,0
SDB,2018-03-06,1.2,1.2,1.2,1.2,0
SDB,2018-03-07,1.2,1.2,1.2,1.2,0
SDB,2018-03-08,1.2,1.2,1.2,1.2,0
SDB,2018-03-09,1.3,1.3,1.3,1.3,100
SDB,2018-03-12,1.3,1.3,1.3,1.3,0
SDB,2018-03-13,1.3,1.3,1.3,1.3,0
SDB,2018-03-14,1.3,1.3,1.3,1.3,0
SDB,2018-03-15,1.3,1.3,1.3,1.3,0
SDB,2018-03-16,1.3,1.3,1.3,1.3,0
SDB,2018-03-19,1.3,1.3,1.3,1.3,0
SDB,2018-03-20,1.3,1.3,1.3,1.3,0
SDB,2018-03-21,1.3,1.3,1.3,1.3,0
SDB,2018-03-22,1.3,1.3,1.3,1.3,0
SDB,2018-03-23,1.4,1.4,1.4,1.4,100
SDB,2018-03-26,1.4,1.4,1.4,1.4,0
SDB,2018-03-27,1.4,1.4,1.4,1.4,0
SDB,2018-03-28,1.4,1.4,1.4,1.4,0
SDB,2018-03-29,1.4,1.4,1.4,1.4,0
SDB,2018-03-30,1.4,1.6,1.4,1.6,1100
SDB,2018-04-02,1.4,1.4,1.4,1.4,0
SDB,2018-04-03,1.4,1.4,1.4,1.4,0
SDB,2018-04-04,1.4,1.4,1.4,1.4,0
SDB,2018-04-05,1.4,1.4,1.4,1.4,0
SDB,2018-04-06,1.6,1.6,1.5,1.5,6700
SDB,2018-04-09,1.5,1.5,1.5,1.5,0
SDB,2018-04-10,1.5,1.5,1.5,1.5,0
SDB,2018-04-11,1.5,1.5,1.5,1.5,0
SDB,2018-04-12,1.5,1.5,1.5,1.5,0
SDB,2018-04-13,1.7,1.7,1.7,1.7,100
SDB,2018-04-16,1.7,1.7,1.7,1.7,0
SDB,2018-04-17,1.7,1.7,1.7,1.7,0
SDB,2018-04-18,1.7,1.7,1.7,1.7,0
SDB,2018-04-19,1.7,1.7,1.7,1.7,0
SDB,2018-04-20,1.5,1.5,1.5,1.5,7000
SDB,2018-04-23,1.5,1.5,1.5,1.5,0
SDB,2018-04-24,1.5,1.5,1.5,1.5,0
SDB,2018-04-26,1.5,1.5,1.5,1.5,0
SDB,2018-04-27,1.5,1.5,1.5,1.5,0
SDB,2018-05-02,1.5,1.5,1.5,1.5,0
SDB,2018-05-03,1.5,1.5,1.5,1.5,0
SDB,2018-05-04,1.5,1.5,1.5,1.5,200
SDB,2018-05-07,1.5,1.5,1.5,1.5,0
SDB,2018-05-08,1.5,1.5,1.5,1.5,0
SDB,2018-05-09,1.5,1.5,1.5,1.5,0
SDB,2018-05-10,1.5,1.5,1.5,1.5,0
SDB,2018-05-11,1.5,1.5,1.5,1.5,2000
SDB,2018-05-14,1.5,1.5,1.5,1.5,0
SDB,2018-05-15,1.5,1.5,1.5,1.5,0
SDB,2018-05-16,1.5,1.5,1.5,1.5,0
SDB,2018-05-17,1.5,1.5,1.5,1.5,0
SDB,2018-05-18,1.4,1.4,1.4,1.4,600
SDB,2018-05-21,1.4,1.4,1.4,1.4,0
SDB,2018-05-22,1.4,1.4,1.4,1.4,0
SDB,2018-05-23,1.4,1.4,1.4,1.4,0
SDB,2018-05-24,1.4,1.4,1.4,1.4,0
SDB,2018-05-25,1.4,1.4,1.4,1.4,0
SDB,2018-05-28,1.4,1.4,1.4,1.4,0
SDB,2018-05-29,1.4,1.4,1.4,1.4,0
SDB,2018-05-30,1.4,1.4,1.4,1.4,0
SDB,2018-05-31,1.4,1.4,1.4,1.4,0
SDB,2018-06-01,1.2,1.2,1.2,1.2,7600
SDB,2018-06-04,1.2,1.2,1.2,1.2,0
SDB,2018-06-05,1.2,1.2,1.2,1.2,0
SDB,2018-06-06,1.2,1.2,1.2,1.2,0
SDB,2018-06-07,1.2,1.2,1.2,1.2,0
SDB,2018-06-08,1.1,1.1,1.1,1.1,14200
SDB,2018-06-11,1.1,1.1,1.1,1.1,0
SDB,2018-06-12,1.1,1.1,1.1,1.1,0
SDB,2018-06-13,1.1,1.1,1.1,1.1,0
SDB,2018-06-14,1.1,1.1,1.1,1.1,0
SDB,2018-06-15,1.1,1.1,1.1,1.1,0
SDB,2018-06-18,1.1,1.1,1.1,1.1,0
SDB,2018-06-19,1.1,1.1,1.1,1.1,0
SDB,2018-06-20,1.1,1.1,1.1,1.1,0
SDB,2018-06-21,1.1,1.1,1.1,1.1,0
SDB,2018-06-22,1.2,1.2,1.2,1.2,100
SDB,2018-06-25,1.2,1.2,1.2,1.2,0
SDB,2018-06-26,1.2,1.2,1.2,1.2,0
SDB,2018-06-27,1.2,1.2,1.2,1.2,0
SDB,2018-06-28,1.2,1.2,1.2,1.2,0
SDB,2018-06-29,1.3,1.3,1.3,1.3,100
SDB,2018-07-02,1.3,1.3,1.3,1.3,0
SDB,2018-07-03,1.3,1.3,1.3,1.3,0
SDB,2018-07-04,1.3,1.3,1.3,1.3,0
SDB,2018-07-05,1.3,1.3,1.3,1.3,0
SDB,2018-07-06,1.3,1.3,1.3,1.3,0
SDB,2018-07-09,1.3,1.3,1.3,1.3,0
SDB,2018-07-10,1.3,1.3,1.3,1.3,0
SDB,2018-07-11,1.3,1.3,1.3,1.3,0
SDB,2018-07-12,1.3,1.3,1.3,1.3,0
SDB,2018-07-13,1.3,1.3,1.3,1.3,0
SDB,2018-07-16,1.3,1.3,1.3,1.3,0
SDB,2018-07-17,1.3,1.3,1.3,1.3,0
SDB,2018-07-18,1.3,1.3,1.3,1.3,0
SDB,2018-07-19,1.3,1.3,1.3,1.3,0
SDB,2018-07-20,1.3,1.3,1.3,1.3,0
SDB,2018-07-23,1.3,1.3,1.3,1.3,0
SDB,2018-07-24,1.3,1.3,1.3,1.3,0
SDB,2018-07-25,1.3,1.3,1.3,1.3,0
SDB,2018-07-26,1.3,1.3,1.3,1.3,0
SDB,2018-07-27,1.2,1.2,1.2,1.2,500
SDB,2018-07-30,1.2,1.2,1.2,1.2,0
SDB,2018-07-31,1.2,1.2,1.2,1.2,0
SDB,2018-08-01,1.2,1.2,1.2,1.2,0
SDB,2018-08-02,1.2,1.2,1.2,1.2,0
SDB,2018-08-03,1.2,1.3,1.2,1.2,12000
SDB,2018-08-06,1.2,1.2,1.2,1.2,0
SDB,2018-08-07,1.2,1.2,1.2,1.2,0
SDB,2018-08-08,1.2,1.2,1.2,1.2,0
SDB,2018-08-09,1.2,1.2,1.2,1.2,0
SDB,2018-08-10,1.2,1.2,1.2,1.2,5300
SDB,2018-08-13,1.2,1.2,1.2,1.2,0
SDB,2018-08-14,1.2,1.2,1.2,1.2,0
SDB,2018-08-15,1.2,1.2,1.2,1.2,0
SDB,2018-08-16,1.2,1.2,1.2,1.2,0
SDB,2018-08-17,1.1,1.1,1.1,1.1,100
SDB,2018-08-20,1.1,1.1,1.1,1.1,0
SDB,2018-08-21,1.1,1.1,1.1,1.1,0
SDB,2018-08-22,1.1,1.1,1.1,1.1,0
SDB,2018-08-23,1.1,1.1,1.1,1.1,0
SDB,2018-08-24,1.2,1.2,1.2,1.2,100
SDB,2018-08-27,1.2,1.2,1.2,1.2,0
SDB,2018-08-28,1.2,1.2,1.2,1.2,0
SDB,2018-08-29,1.2,1.2,1.2,1.2,0
SDB,2018-08-30,1.2,1.2,1.2,1.2,0
SDB,2018-08-31,1.1,1.2,1.1,1.2,14700
SDB,2018-09-04,1.2,1.2,1.2,1.2,0
SDB,2018-09-05,1.2,1.2,1.2,1.2,0
SDB,2018-09-06,1.2,1.2,1.2,1.2,0
SDB,2018-09-07,1.2,1.2,1.1,1.1,1500
SDB,2018-09-10,1.1,1.1,1.1,1.1,0
SDB,2018-09-11,1.1,1.1,1.1,1.1,0
SDB,2018-09-12,1.1,1.1,1.1,1.1,0
SDB,2018-09-13,1.1,1.1,1.1,1.1,0
SDB,2018-09-14,1.1,1.1,1.1,1.1,9800
SDB,2018-09-17,1.1,1.1,1.1,1.1,0
SDB,2018-09-18,1.1,1.1,1.1,1.1,0
SDB,2018-09-19,1.1,1.1,1.1,1.1,0
SDB,2018-09-20,1.1,1.1,1.1,1.1,0
SDB,2018-09-21,1.2,1.2,1.2,1.2,100
SDB,2018-09-24,1.2,1.2,1.2,1.2,0
SDB,2018-09-25,1.2,1.2,1.2,1.2,0
SDB,2018-09-26,1.2,1.2,1.2,1.2,0
SDB,2018-09-27,1.2,1.2,1.2,1.2,0
SDB,2018-09-28,1.3,1.3,1.3,1.3,100
SDB,2018-10-01,1.3,1.3,1.3,1.3,0
SDB,2018-10-02,1.3,1.3,1.3,1.3,0
SDB,2018-10-03,1.3,1.3,1.3,1.3,0
SDB,2018-10-04,1.3,1.3,1.3,1.3,0
SDB,2018-10-05,1.4,1.4,1.4,1.4,200
SDB,2018-10-08,1.4,1.4,1.4,1.4,0
SDB,2018-10-09,1.4,1.4,1.4,1.4,0
SDB,2018-10-10,1.4,1.4,1.4,1.4,0
SDB,2018-10-11,1.4,1.4,1.4,1.4,0
SDB,2018-10-12,1.6,1.6,1.6,1.6,100
SDB,2018-10-15,1.6,1.6,1.6,1.6,0
SDB,2018-10-16,1.6,1.6,1.6,1.6,0
SDB,2018-10-17,1.6,1.6,1.6,1.6,0
SDB,2018-10-18,1.6,1.6,1.6,1.6,0
SDB,2018-10-19,1.6,1.6,1.6,1.6,0
SDB,2018-10-22,1.6,1.6,1.6,1.6,0
SDB,2018-10-23,1.6,1.6,1.6,1.6,0
SDB,2018-10-24,1.6,1.6,1.6,1.6,0
SDB,2018-10-25,1.6,1.6,1.6,1.6,0
SDB,2018-10-26,1.8,1.8,1.8,1.8,100
SDB,2018-10-29,1.8,1.8,1.8,1.8,0
SDB,2018-10-30,1.8,1.8,1.8,1.8,0
SDB,2018-10-31,1.8,1.8,1.8,1.8,0
SDB,2018-11-01,1.8,1.8,1.8,1.8,0
SDB,2018-11-02,1.8,1.8,1.8,1.8,0
SDB,2018-11-05,1.8,1.8,1.8,1.8,0
SDB,2018-11-06,1.8,1.8,1.8,1.8,0
SDB,2018-11-07,1.8,1.8,1.8,1.8,0
SDB,2018-11-08,1.8,1.8,1.8,1.8,0
SDB,2018-11-09,2.0,2.0,2.0,2.0,100
SDB,2018-11-12,2.0,2.0,2.0,2.0,0
SDB,2018-11-13,2.0,2.0,2.0,2.0,0
SDB,2018-11-14,2.0,2.0,2.0,2.0,0
SDB,2018-11-15,2.0,2.0,2.0,2.0,0
SDB,2018-11-16,2.0,2.0,2.0,2.0,0
SDB,2018-11-19,2.0,2.0,2.0,2.0,0
SDB,2018-11-20,2.0,2.0,2.0,2.0,0
SDB,2018-11-21,2.0,2.0,2.0,2.0,0
SDB,2018-11-22,2.0,2.0,2.0,2.0,0
SDB,2018-11-23,2.0,2.0,2.0,2.0,0
SDB,2018-11-26,2.0,2.0,2.0,2.0,0
SDB,2018-11-27,2.0,2.0,2.0,2.0,0
SDB,2018-11-28,2.0,2.0,2.0,2.0,0
SDB,2018-11-29,2.0,2.0,2.0,2.0,0
SDB,2018-11-30,2.0,2.0,2.0,2.0,0
SDB,2018-12-03,2.0,2.0,2.0,2.0,0
SDB,2018-12-04,2.0,2.0,2.0,2.0,0
SDB,2018-12-05,2.0,2.0,2.0,2.0,0
SDB,2018-12-06,2.0,2.0,2.0,2.0,0
SDB,2018-12-07,2.0,2.0,2.0,2.0,0
SDB,2018-12-10,2.0,2.0,2.0,2.0,0
SDB,2018-12-11,2.0,2.0,2.0,2.0,0
SDB,2018-12-12,2.0,2.0,2.0,2.0,0
SDB,2018-12-13,2.0,2.0,2.0,2.0,0
SDB,2018-12-14,2.0,2.0,2.0,2.0,0
SDB,2018-12-17,2.0,2.0,2.0,2.0,0
SDB,2018-12-18,2.0,2.0,2.0,2.0,0
SDB,2018-12-19,2.0,2.0,2.0,2.0,0
SDB,2018-12-20,2.0,2.0,2.0,2.0,0
SDB,2018-12-21,2.0,2.0,2.0,2.0,0
SDB,2018-12-24,2.0,2.0,2.0,2.0,0
SDB,2018-12-25,2.0,2.0,2.0,2.0,0
SDB,2018-12-26,2.0,2.0,2.0,2.0,0
SDB,2018-12-27,2.0,2.0,2.0,2.0,0
SDB,2018-12-28,2.0,2.0,2.0,2.0,0
SDB,2019-01-02,2.0,2.0,2.0,2.0,0
SDB,2019-01-03,2.0,2.0,2.0,2.0,0
SDB,2019-01-04,2.0,2.0,2.0,2.0,0
SDB,2019-01-07,2.0,2.0,2.0,2.0,0
SDB,2019-01-08,2.0,2.0,2.0,2.0,0
SDB,2019-01-09,2.0,2.0,2.0,2.0,0
SDB,2019-01-10,2.0,2.0,2.0,2.0,0
SDB,2019-01-11,2.0,2.0,2.0,2.0,0
SDB,2019-01-14,2.0,2.0,2.0,2.0,0
SDB,2019-01-15,2.0,2.0,2.0,2.0,0
SDB,2019-01-16,2.0,2.0,2.0,2.0,0
SDB,2019-01-17,2.0,2.0,2.0,2.0,0
SDB,2019-01-18,2.0,2.0,2.0,2.0,0
SDB,2019-01-21,2.0,2.0,2.0,2.0,0
SDB,2019-01-22,2.0,2.0,2.0,2.0,0
SDB,2019-01-23,2.0,2.0,2.0,2.0,0
SDB,2019-01-24,2.0,2.0,2.0,2.0,0
SDB,2019-01-25,2.0,2.0,2.0,2.0,0
SDB,2019-01-28,2.0,2.0,2.0,2.0,0
SDB,2019-01-29,2.0,2.0,2.0,2.0,0
SDB,2019-01-30,2.0,2.0,2.0,2.0,0
SDB,2019-01-31,2.0,2.0,2.0,2.0,0
SDB,2019-02-01,2.0,2.0,2.0,2.0,0
SDB,2019-02-11,2.0,2.0,2.0,2.0,0
SDB,2019-02-12,2.0,2.0,2.0,2.0,0
SDB,2019-02-13,2.0,2.0,2.0,2.0,0
SDB,2019-02-14,2.0,2.0,2.0,2.0,0
SDB,2019-02-15,2.0,2.0,2.0,2.0,0
SDB,2019-02-18,2.0,2.0,2.0,2.0,0
SDB,2019-02-19,2.0,2.0,2.0,2.0,0
SDB,2019-02-20,2.0,2.0,2.0,2.0,0
SDB,2019-02-21,2.0,2.0,2.0,2.0,0
SDB,2019-02-22,2.0,2.0,2.0,2.0,0
SDB,2019-02-25,2.0,2.0,2.0,2.0,0
SDB,2019-02-26,2.0,2.0,2.0,2.0,0
SDB,2019-02-27,2.0,2.0,2.0,2.0,0
SDB,2019-02-28,2.0,2.0,2.0,2.0,0
SDB,2019-03-01,2.0,2.0,2.0,2.0,0
SDB,2019-03-04,2.0,2.0,2.0,2.0,0
SDB,2019-03-05,2.0,2.0,2.0,2.0,0
SDB,2019-03-06,2.0,2.0,2.0,2.0,0
SDB,2019-03-07,2.0,2.0,2.0,2.0,0
SDB,2019-03-08,2.0,2.0,2.0,2.0,0
SDB,2019-03-11,2.0,2.0,2.0,2.0,0
SDB,2019-03-12,2.0,2.0,2.0,2.0,0
SDB,2019-03-13,2.0,2.0,2.0,2.0,0
SDB,2019-03-14,2.0,2.0,2.0,2.0,0
SDB,2019-03-15,2.0,2.0,2.0,2.0,0
SDB,2019-03-18,2.0,2.0,2.0,2.0,0
SDB,2019-03-19,2.0,2.0,2.0,2.0,0
SDB,2019-03-20,2.0,2.0,2.0,2.0,0
SDB,2019-03-21,2.0,2.0,2.0,2.0,0
SDB,2019-03-22,2.0,2.0,2.0,2.0,0
SDB,2019-03-25,2.0,2.0,2.0,2.0,0
SDB,2019-03-26,2.0,2.0,2.0,2.0,0
SDB,2019-03-27,2.0,2.0,2.0,2.0,0
SDB,2019-03-28,2.0,2.0,2.0,2.0,0
SDB,2019-03-29,2.0,2.0,2.0,2.0,0
SDB,2019-04-01,2.0,2.0,2.0,2.0,0
SDB,2019-04-02,2.0,2.0,2.0,2.0,0
SDB,2019-04-03,2.0,2.0,2.0,2.0,0
SDB,2019-04-04,2.0,2.0,2.0,2.0,0
SDB,2019-04-05,2.0,2.0,2.0,2.0,0
SDB,2019-04-08,2.0,2.0,2.0,2.0,0
SDB,2019-04-09,2.0,2.0,2.0,2.0,0
SDB,2019-04-10,2.0,2.0,2.0,2.0,0
SDB,2019-04-11,2.0,2.0,2.0,2.0,0
SDB,2019-04-12,2.0,2.0,2.0,2.0,0
SDB,2019-04-16,2.0,2.0,2.0,2.0,0
SDB,2019-04-17,2.0,2.0,2.0,2.0,0
SDB,2019-04-18,2.0,2.0,2.0,2.0,0
SDB,2019-04-19,2.0,2.0,2.0,2.0,0
SDB,2019-04-22,2.0,2.0,2.0,2.0,0
SDB,2019-04-23,2.0,2.0,2.0,2.0,0
SDB,2019-04-24,2.0,2.0,2.0,2.0,0
SDB,2019-04-25,2.0,2.0,2.0,2.0,0
SDB,2019-04-26,2.0,2.0,2.0,2.0,0
SDB,2019-05-02,2.0,2.0,2.0,2.0,0
SDB,2019-05-03,2.0,2.0,2.0,2.0,0
SDB,2019-05-06,2.0,2.0,2.0,2.0,0
SDB,2019-05-07,2.0,2.0,2.0,2.0,0
SDB,2019-05-08,2.0,2.0,2.0,2.0,0
SDB,2019-05-09,2.0,2.0,2.0,2.0,0
SDB,2019-05-10,2.0,2.0,2.0,2.0,0
SDB,2019-05-13,2.0,2.0,2.0,2.0,0
SDB,2019-05-14,2.0,2.0,2.0,2.0,0
SDB,2019-05-15,2.0,2.0,2.0,2.0,0
SDB,2019-05-16,2.0,2.0,2.0,2.0,0
SDB,2019-05-17,2.0,2.0,2.0,2.0,0
SDB,2019-05-20,2.0,2.0,2.0,2.0,0
SDB,2019-05-21,2.0,2.0,2.0,2.0,0
SDB,2019-05-22,2.0,2.0,2.0,2.0,0
SDB,2019-05-23,2.0,2.0,2.0,2.0,0
SDB,2019-05-24,2.0,2.0,2.0,2.0,0
SDB,2019-05-27,2.0,2.0,2.0,2.0,0
SDB,2019-05-28,2.0,2.0,2.0,2.0,0
SDB,2019-05-29,2.0,2.0,2.0,2.0,0
SDB,2019-05-30,2.0,2.0,2.0,2.0,0
SDB,2019-05-31,2.0,2.0,2.0,2.0,0
SDB,2019-06-03,2.0,2.0,2.0,2.0,0
SDB,2019-06-04,2.0,2.0,2.0,2.0,0
SDB,2019-06-05,2.0,2.0,2.0,2.0,0
SDB,2019-06-06,2.0,2.0,2.0,2.0,0
SDB,2019-06-07,2.0,2.0,2.0,2.0,0
SDB,2019-06-10,2.0,2.0,2.0,2.0,0
SDB,2019-06-11,2.0,2.0,2.0,2.0,0
SDB,2019-06-12,2.0,2.0,2.0,2.0,0
SDB,2019-06-13,2.0,2.0,2.0,2.0,0
SDB,2019-06-14,2.0,2.0,2.0,2.0,0
SDB,2019-06-17,2.0,2.0,2.0,2.0,0
SDB,2019-06-18,2.0,2.0,2.0,2.0,0
SDB,2019-06-19,2.0,2.0,2.0,2.0,0
SDB,2019-06-20,2.0,2.0,2.0,2.0,0
SDB,2019-06-21,2.0,2.0,2.0,2.0,0
SDB,2019-06-24,2.0,2.0,2.0,2.0,0
SDB,2019-06-25,2.0,2.0,2.0,2.0,0
SDB,2019-06-26,2.0,2.0,2.0,2.0,0
SDB,2019-06-27,2.0,2.0,2.0,2.0,0
SDB,2019-06-28,2.0,2.0,2.0,2.0,0
SDB,2019-07-01,2.0,2.0,2.0,2.0,0
SDB,2019-07-02,2.0,2.0,2.0,2.0,0
SDB,2019-07-03,2.0,2.0,2.0,2.0,0
SDB,2019-07-04,2.0,2.0,2.0,2.0,0
SDB,2019-07-05,2.0,2.0,2.0,2.0,0
SDB,2019-07-08,2.0,2.0,2.0,2.0,0
SDB,2019-07-09,2.0,2.0,2.0,2.0,0
SDB,2019-07-10,2.0,2.0,2.0,2.0,0
SDB,2019-07-11,2.0,2.0,2.0,2.0,0
SDB,2019-07-12,2.0,2.0,2.0,2.0,0
SDB,2019-07-15,2.0,2.0,2.0,2.0,0
SDB,2019-07-16,2.0,2.0,2.0,2.0,0
SDB,2019-07-17,2.0,2.0,2.0,2.0,0
SDB,2019-07-18,2.0,2.0,2.0,2.0,0
SDB,2019-07-19,2.0,2.0,2.0,2.0,0
SDB,2019-07-22,2.0,2.0,2.0,2.0,0
SDB,2019-07-23,2.0,2.0,2.0,2.0,0
SDB,2019-07-24,2.0,2.0,2.0,2.0,0
SDB,2019-07-25,2.0,2.0,2.0,2.0,0
SDB,2019-07-26,2.0,2.0,2.0,2.0,0
SDB,2019-07-29,2.0,2.0,2.0,2.0,0
SDB,2019-07-30,2.0,2.0,2.0,2.0,0
SDB,2019-07-31,2.0,2.0,2.0,2.0,0
SDB,2019-08-01,2.0,2.0,2.0,2.0,0
SDB,2019-08-02,2.0,2.0,2.0,2.0,0
SDB,2019-08-05,2.0,2.0,2.0,2.0,0
SDB,2019-08-06,2.0,2.0,2.0,2.0,0
SDB,2019-08-07,2.0,2.0,2.0,2.0,0
SDB,2019-08-08,2.0,2.0,2.0,2.0,0
SDB,2019-08-09,2.0,2.0,2.0,2.0,0
SDB,2019-08-12,2.0,2.0,2.0,2.0,0
SDB,2019-08-13,2.0,2.0,2.0,2.0,0
SDB,2019-08-14,2.0,2.0,2.0,2.0,0
SDB,2019-08-15,2.0,2.0,2.0,2.0,0
SDB,2019-08-16,2.0,2.0,2.0,2.0,0
SDB,2019-08-19,2.0,2.0,2.0,2.0,0
SDB,2019-08-20,2.0,2.0,2.0,2.0,0
SDB,2019-08-21,2.0,2.0,2.0,2.0,0
SDB,2019-08-22,2.0,2.0,2.0,2.0,0
SDB,2019-08-23,2.0,2.0,2.0,2.0,0
SDB,2019-08-26,2.0,2.0,2.0,2.0,0
SDB,2019-08-27,2.0,2.0,2.0,2.0,0
SDB,2019-08-28,2.0,2.0,2.0,2.0,0
SDB,2019-08-29,2.0,2.0,2.0,2.0,0
SDB,2019-08-30,2.0,2.0,2.0,2.0,0
SDB,2019-09-03,2.0,2.0,2.0,2.0,0
SDB,2019-09-04,2.0,2.0,2.0,2.0,0
SDB,2019-09-05,2.0,2.0,2.0,2.0,0
SDB,2019-09-06,2.0,2.0,2.0,2.0,0
SDB,2019-09-09,2.0,2.0,2.0,2.0,0
SDB,2019-09-10,2.0,2.0,2.0,2.0,0
SDB,2019-09-11,2.0,2.0,2.0,2.0,0
SDB,2019-09-12,2.0,2.0,2.0,2.0,0
SDB,2019-09-13,2.0,2.0,2.0,2.0,0
SDB,2019-09-16,2.0,2.0,2.0,2.0,0
SDB,2019-09-17,2.0,2.0,2.0,2.0,0
SDB,2019-09-18,2.0,2.0,2.0,2.0,0
SDB,2019-09-19,2.0,2.0,2.0,2.0,0
SDB,2019-09-20,2.0,2.0,2.0,2.0,0
SDB,2019-09-23,2.0,2.0,2.0,2.0,0
SDB,2019-09-24,2.0,2.0,2.0,2.0,0
SDB,2019-09-25,2.0,2.0,2.0,2.0,0
SDB,2019-09-26,2.0,2.0,2.0,2.0,0
SDB,2019-09-27,2.0,2.0,2.0,2.0,0
SDB,2019-09-30,2.0,2.0,2.0,2.0,0
SDB,2019-10-01,2.0,2.0,2.0,2.0,0
SDB,2019-10-02,2.0,2.0,2.0,2.0,0
SDB,2019-10-03,2.0,2.0,2.0,2.0,0
SDB,2019-10-04,2.1,2.1,2.1,2.1,100
SDB,2019-10-07,2.1,2.1,2.1,2.1,0
SDB,2019-10-08,2.1,2.1,2.1,2.1,0
SDB,2019-10-09,2.1,2.1,2.1,2.1,0
SDB,2019-10-10,2.1,2.1,2.1,2.1,0
SDB,2019-10-11,2.3,2.3,2.3,2.3,100
SDB,2019-10-14,2.3,2.3,2.3,2.3,0
SDB,2019-10-15,2.3,2.3,2.3,2.3,0
SDB,2019-10-16,2.3,2.3,2.3,2.3,0
SDB,2019-10-17,2.3,2.3,2.3,2.3,0
SDB,2019-10-18,2.3,2.3,2.3,2.3,0
SDB,2019-10-21,2.3,2.3,2.3,2.3,0
SDB,2019-10-22,2.3,2.3,2.3,2.3,0
SDB,2019-10-23,2.3,2.3,2.3,2.3,0
SDB,2019-10-24,2.3,2.3,2.3,2.3,0
SDB,2019-10-25,2.3,2.3,2.3,2.3,0
SDB,2019-10-28,2.3,2.3,2.3,2.3,0
SDB,2019-10-29,2.3,2.3,2.3,2.3,0
SDB,2019-10-30,2.3,2.3,2.3,2.3,0
SDB,2019-10-31,2.3,2.3,2.3,2.3,0
SDB,2019-11-01,2.6,2.6,2.6,2.6,100
SDB,2019-11-04,2.6,2.6,2.6,2.6,0
SDB,2019-11-05,2.6,2.6,2.6,2.6,0
SDB,2019-11-06,2.6,2.6,2.6,2.6,0
SDB,2019-11-07,2.6,2.6,2.6,2.6,0
SDB,2019-11-08,2.6,2.6,2.6,2.6,0
SDB,2019-11-11,2.6,2.6,2.6,2.6,0
SDB,2019-11-12,2.6,2.6,2.6,2.6,0
SDB,2019-11-13,2.6,2.6,2.6,2.6,0
SDB,2019-11-14,2.6,2.6,2.6,2.6,0
SDB,2019-11-15,2.6,2.6,2.6,2.6,0
SDB,2019-11-18,2.6,2.6,2.6,2.6,0
SDB,2019-11-19,2.6,2.6,2.6,2.6,0
SDB,2019-11-20,2.6,2.6,2.6,2.6,0
SDB,2019-11-21,2.6,2.6,2.6,2.6,0
SDB,2019-11-22,2.4,2.4,2.4,2.4,1000
SDB,2019-11-25,2.4,2.4,2.4,2.4,0
SDB,2019-11-26,2.4,2.4,2.4,2.4,0
SDB,2019-11-27,2.4,2.4,2.4,2.4,0
SDB,2019-11-28,2.4,2.4,2.4,2.4,0
SDB,2019-11-29,2.4,2.4,2.4,2.4,0
SDB,2019-12-02,2.4,2.4,2.4,2.4,0
SDB,2019-12-03,2.4,2.4,2.4,2.4,0
SDB,2019-12-04,2.4,2.4,2.4,2.4,0
SDB,2019-12-05,2.4,2.4,2.4,2.4,0
SDB,2019-12-06,2.4,2.4,2.4,2.4,0
SDB,2019-12-09,2.4,2.4,2.4,2.4,0
SDB,2019-12-10,2.4,2.4,2.4,2.4,0
SDB,2019-12-11,2.4,2.4,2.4,2.4,0
SDB,2019-12-12,2.4,2.4,2.4,2.4,0
SDB,2019-12-13,2.4,2.4,2.4,2.4,0
SDB,2019-12-16,2.4,2.4,2.4,2.4,0
SDB,2019-12-17,2.4,2.4,2.4,2.4,0
SDB,2019-12-18,2.4,2.4,2.4,2.4,0
SDB,2019-12-19,2.4,2.4,2.4,2.4,0
SDB,2019-12-20,2.4,2.4,2.4,2.4,0
SDB,2019-12-23,2.4,2.4,2.4,2.4,0
SDB,2019-12-24,2.4,2.4,2.4,2.4,0
SDB,2019-12-25,2.4,2.4,2.4,2.4,0
SDB,2019-12-26,2.4,2.4,2.4,2.4,0
SDB,2019-12-27,2.7,2.7,2.7,2.7,100
SDB,2019-12-30,2.7,2.7,2.7,2.7,0
SDB,2019-12-31,2.7,2.7,2.7,2.7,0
SDB,2020-01-02,2.7,2.7,2.7,2.7,0
SDB,2020-01-03,2.7,2.7,2.7,2.7,0
SDB,2020-01-06,2.7,2.7,2.7,2.7,0
SDB,2020-01-07,2.7,2.7,2.7,2.7,0
SDB,2020-01-08,2.7,2.7,2.7,2.7,0
SDB,2020-01-09,2.7,2.7,2.7,2.7,0
SDB,2020-01-10,2.7,2.7,2.7,2.7,0
SDB,2020-01-13,2.7,2.7,2.7,2.7,0
SDB,2020-01-14,2.7,2.7,2.7,2.7,0
SDB,2020-01-15,2.7,2.7,2.7,2.7,0
SDB,2020-01-16,2.7,2.7,2.7,2.7,0
SDB,2020-01-17,2.7,2.7,2.7,2.7,0
SDB,2020-01-20,2.7,2.7,2.7,2.7,0
SDB,2020-01-21,2.7,2.7,2.7,2.7,0
SDB,2020-01-22,2.7,2.7,2.7,2.7,0
SDB,2020-01-30,2.7,2.7,2.7,2.7,0
SDB,2020-01-31,2.7,2.7,2.7,2.7,0
SDB,2020-02-03,2.7,2.7,2.7,2.7,0
SDB,2020-02-04,2.7,2.7,2.7,2.7,0
SDB,2020-02-05,2.7,2.7,2.7,2.7,0
SDB,2020-02-06,2.7,2.7,2.7,2.7,0
SDB,2020-02-07,2.7,2.7,2.7,2.7,0
SDB,2020-02-10,2.7,2.7,2.7,2.7,0
SDB,2020-02-11,2.7,2.7,2.7,2.7,0
SDB,2020-02-12,2.7,2.7,2.7,2.7,0
SDB,2020-02-13,2.7,2.7,2.7,2.7,0
SDB,2020-02-14,2.7,2.7,2.7,2.7,0
SDB,2020-02-17,2.7,2.7,2.7,2.7,0
SDB,2020-02-18,2.7,2.7,2.7,2.7,0
SDB,2020-02-19,2.7,2.7,2.7,2.7,0
SDB,2020-02-20,2.7,2.7,2.7,2.7,0
SDB,2020-02-21,2.7,2.7,2.7,2.7,0
SDB,2020-02-24,2.7,2.7,2.7,2.7,0
SDB,2020-02-25,2.7,2.7,2.7,2.7,0
SDB,2020-02-26,2.7,2.7,2.7,2.7,0
SDB,2020-02-27,2.7,2.7,2.7,2.7,0
SDB,2020-02-28,2.7,2.7,2.7,2.7,0
SDB,2020-03-02,2.7,2.7,2.7,2.7,0
SDB,2020-03-03,2.7,2.7,2.7,2.7,0
SDB,2020-03-04,2.7,2.7,2.7,2.7,0
SDB,2020-03-05,2.7,2.7,2.7,2.7,0
SDB,2020-03-06,2.7,2.7,2.7,2.7,0
SDB,2020-03-09,2.7,2.7,2.7,2.7,0
SDB,2020-03-10,2.7,2.7,2.7,2.7,0
SDB,2020-03-11,2.7,2.7,2.7,2.7,0
SDB,2020-03-12,2.7,2.7,2.7,2.7,0
SDB,2020-03-13,2.7,2.7,2.7,2.7,0
SDB,2020-03-16,2.7,2.7,2.7,2.7,0
SDB,2020-03-17,2.7,2.7,2.7,2.7,0
SDB,2020-03-18,2.7,2.7,2.7,2.7,0
SDB,2020-03-19,2.7,2.7,2.7,2.7,0
SDB,2020-03-20,3.0,3.0,3.0,3.0,100
SDB,2020-03-23,3.0,3.0,3.0,3.0,0
SDB,2020-03-24,3.0,3.0,3.0,3.0,0
SDB,2020-03-25,3.0,3.0,3.0,3.0,0
SDB,2020-03-26,3.0,3.0,3.0,3.0,0
SDB,2020-03-27,3.0,3.0,3.0,3.0,0
SDB,2020-03-30,3.0,3.0,3.0,3.0,0
SDB,2020-03-31,3.0,3.0,3.0,3.0,0
SDB,2020-04-01,3.0,3.0,3.0,3.0,0
SDB,2020-04-03,3.0,3.0,3.0,3.0,0
SDB,2020-04-06,3.0,3.0,3.0,3.0,0
SDB,2020-04-07,3.0,3.0,3.0,3.0,0
SDB,2020-04-08,3.0,3.0,3.0,3.0,0
SDB,2020-04-09,3.0,3.0,3.0,3.0,0
SDB,2020-04-10,3.0,3.0,3.0,3.0,0
SDB,2020-04-13,3.0,3.0,3.0,3.0,0
SDB,2020-04-14,3.0,3.0,3.0,3.0,0
SDB,2020-04-15,3.0,3.0,3.0,3.0,0
SDB,2020-04-16,3.0,3.0,3.0,3.0,0
SDB,2020-04-17,3.4,3.4,3.4,3.4,100
SDB,2020-04-20,3.4,3.4,3.4,3.4,0
SDB,2020-04-21,3.4,3.4,3.4,3.4,0
SDB,2020-04-22,3.4,3.4,3.4,3.4,0
SDB,2020-04-23,3.4,3.4,3.4,3.4,0
SDB,2020-04-24,3.4,3.4,3.4,3.4,0
SDB,2020-04-27,3.4,3.4,3.4,3.4,0
SDB,2020-04-28,3.4,3.4,3.4,3.4,0
SDB,2020-04-29,3.4,3.4,3.4,3.4,0
SDB,2020-05-04,3.4,3.4,3.4,3.4,0
SDB,2020-05-05,3.4,3.4,3.4,3.4,0
SDB,2020-05-06,3.4,3.4,3.4,3.4,0
SDB,2020-05-07,3.4,3.4,3.4,3.4,0
SDB,2020-05-08,3.4,3.4,3.4,3.4,0
SDB,2020-05-11,3.4,3.4,3.4,3.4,0
SDB,2020-05-12,3.4,3.4,3.4,3.4,0
SDB,2020-05-13,3.4,3.4,3.4,3.4,0
SDB,2020-05-14,3.4,3.4,3.4,3.4,0
SDB,2020-05-15,3.4,3.4,3.4,3.4,0
SDB,2020-05-18,3.4,3.4,3.4,3.4,0
SDB,2020-05-19,3.4,3.4,3.4,3.4,0
SDB,2020-05-20,3.4,3.4,3.4,3.4,0
SDB,2020-05-21,3.4,3.4,3.4,3.4,0
SDB,2020-05-22,3.4,3.4,3.4,3.4,0
SDB,2020-05-25,3.4,3.4,3.4,3.4,0
SDB,2020-05-26,3.4,3.4,3.4,3.4,0
SDB,2020-05-27,3.4,3.4,3.4,3.4,0
SDB,2020-05-28,3.4,3.4,3.4,3.4,0
SDB,2020-05-29,3.4,3.4,3.4,3.4,0
SDB,2020-06-01,3.4,3.4,3.4,3.4,0
SDB,2020-06-02,3.4,3.4,3.4,3.4,0
SDB,2020-06-03,3.4,3.4,3.4,3.4,0
SDB,2020-06-04,3.4,3.4,3.4,3.4,0
SDB,2020-06-05,3.4,3.4,3.4,3.4,0
SDB,2020-06-08,3.4,3.4,3.4,3.4,0
SDB,2020-06-09,3.4,3.4,3.4,3.4,0
SDB,2020-06-10,3.4,3.4,3.4,3.4,0
SDB,2020-06-11,3.4,3.4,3.4,3.4,0
SDB,2020-06-12,3.4,3.4,3.4,3.4,0
SDB,2020-06-15,3.4,3.4,3.4,3.4,0
SDB,2020-06-16,3.4,3.4,3.4,3.4,0
SDB,2020-06-17,3.4,3.4,3.4,3.4,0
SDB,2020-06-18,3.4,3.4,3.4,3.4,0
SDB,2020-06-19,3.4,3.4,3.4,3.4,0
SDB,2020-06-22,3.4,3.4,3.4,3.4,0
SDB,2020-06-23,3.4,3.4,3.4,3.4,0
SDB,2020-06-24,3.4,3.4,3.4,3.4,0
SDB,2020-06-25,3.4,3.4,3.4,3.4,0
SDB,2020-06-26,3.4,3.4,3.4,3.4,0
SDB,2020-06-29,3.4,3.4,3.4,3.4,0
SDB,2020-06-30,3.4,3.4,3.4,3.4,0
SDB,2020-07-01,3.4,3.4,3.4,3.4,0
SDB,2020-07-02,3.4,3.4,3.4,3.4,0
SDB,2020-07-03,3.4,3.4,3.4,3.4,0
SDB,2020-07-06,3.4,3.4,3.4,3.4,0
SDB,2020-07-07,3.4,3.4,3.4,3.4,0
SDB,2020-07-08,3.4,3.4,3.4,3.4,0
SDB,2020-07-09,3.4,3.4,3.4,3.4,0
SDB,2020-07-10,3.4,3.4,3.4,3.4,0
SDB,2020-07-13,3.4,3.4,3.4,3.4,0
SDB,2020-07-14,3.4,3.4,3.4,3.4,0
SDB,2020-07-15,3.4,3.4,3.4,3.4,0
SDB,2020-07-16,3.4,3.4,3.4,3.4,0
SDB,2020-07-17,2.9,2.9,2.9,2.9,100
SDB,2020-07-20,2.9,2.9,2.9,2.9,0
SDB,2020-07-21,2.9,2.9,2.9,2.9,0
SDB,2020-07-22,2.9,2.9,2.9,2.9,0
SDB,2020-07-23,2.9,2.9,2.9,2.9,0
SDB,2020-07-24,2.9,2.9,2.9,2.9,0
SDB,2020-07-27,2.9,2.9,2.9,2.9,0
SDB,2020-07-28,2.9,2.9,2.9,2.9,0
SDB,2020-07-29,2.9,2.9,2.9,2.9,0
SDB,2020-07-30,2.9,2.9,2.9,2.9,0
SDB,2020-07-31,2.9,2.9,2.9,2.9,0
SDB,2020-08-03,2.9,2.9,2.9,2.9,0
SDB,2020-08-04,2.9,2.9,2.9,2.9,0
SDB,2020-08-05,2.9,2.9,2.9,2.9,0
SDB,2020-08-06,2.9,2.9,2.9,2.9,0
SDB,2020-08-07,2.9,2.9,2.9,2.9,0
SDB,2020-08-10,2.9,2.9,2.9,2.9,0
SDB,2020-08-11,2.9,2.9,2.9,2.9,0
SDB,2020-08-12,2.9,2.9,2.9,2.9,0
SDB,2020-08-13,2.9,2.9,2.9,2.9,0
SDB,2020-08-14,2.9,2.9,2.9,2.9,0
SDB,2020-08-17,2.9,2.9,2.9,2.9,0
SDB,2020-08-18,2.9,2.9,2.9,2.9,0
SDB,2020-08-19,2.9,2.9,2.9,2.9,0
SDB,2020-08-20,2.9,2.9,2.9,2.9,0
SDB,2020-08-21,2.9,2.9,2.9,2.9,0
SDB,2020-08-24,2.9,2.9,2.9,2.9,0
SDB,2020-08-25,2.9,2.9,2.9,2.9,0
SDB,2020-08-26,2.9,2.9,2.9,2.9,0
SDB,2020-08-27,2.9,2.9,2.9,2.9,0
SDB,2020-08-28,2.5,2.5,2.5,2.5,100
SDB,2020-08-31,2.5,2.5,2.5,2.5,0
SDB,2020-09-01,2.5,2.5,2.5,2.5,0
SDB,2020-09-03,2.5,2.5,2.5,2.5,0
SDB,2020-09-04,2.5,2.5,2.5,2.5,0
SDB,2020-09-07,2.5,2.5,2.5,2.5,0
SDB,2020-09-08,2.5,2.5,2.5,2.5,0
SDB,2020-09-09,2.5,2.5,2.5,2.5,0
SDB,2020-09-10,2.5,2.5,2.5,2.5,0
SDB,2020-09-11,2.5,2.5,2.5,2.5,0
SDB,2020-09-14,2.5,2.5,2.5,2.5,0
SDB,2020-09-15,2.5,2.5,2.5,2.5,0
SDB,2020-09-16,2.5,2.5,2.5,2.5,0
SDB,2020-09-17,2.5,2.5,2.5,2.5,0
SDB,2020-09-18,2.5,2.5,2.5,2.5,0
SDB,2020-09-21,2.5,2.5,2.5,2.5,0
SDB,2020-09-22,2.5,2.5,2.5,2.5,0
SDB,2020-09-23,2.5,2.5,2.5,2.5,0
SDB,2020-09-24,2.5,2.5,2.5,2.5,0
SDB,2020-09-25,2.5,2.5,2.5,2.5,0
SDB,2020-09-28,2.5,2.5,2.5,2.5,0
SDB,2020-09-29,2.5,2.5,2.5,2.5,0
SDB,2020-09-30,2.5,2.5,2.5,2.5,0
SDB,2020-10-01,2.5,2.5,2.5,2.5,0
SDB,2020-10-02,2.5,2.5,2.5,2.5,0
SDB,2020-10-05,2.5,2.5,2.5,2.5,0
SDB,2020-10-06,2.5,2.5,2.5,2.5,0
SDB,2020-10-07,2.5,2.5,2.5,2.5,0
SDB,2020-10-08,2.5,2.5,2.5,2.5,0
SDB,2020-10-09,2.5,2.5,2.5,2.5,0
SDB,2020-10-12,2.5,2.5,2.5,2.5,0
SDB,2020-10-13,2.5,2.5,2.5,2.5,0
SDB,2020-10-14,2.5,2.5,2.5,2.5,0
SDB,2020-10-15,2.5,2.5,2.5,2.5,0
SDB,2020-10-16,2.2,2.2,2.2,2.2,600
SDB,2020-10-19,2.2,2.2,2.2,2.2,0
SDB,2020-10-20,2.2,2.2,2.2,2.2,0
SDB,2020-10-21,2.2,2.2,2.2,2.2,0
SDB,2020-10-22,2.2,2.2,2.2,2.2,0
SDB,2020-10-23,2.2,2.2,2.2,2.2,0
SDB,2020-10-26,2.2,2.2,2.2,2.2,0
SDB,2020-10-27,2.2,2.2,2.2,2.2,0
SDB,2020-10-28,2.2,2.2,2.2,2.2,0
SDB,2020-10-29,2.2,2.2,2.2,2.2,0
SDB,2020-10-30,2.2,2.2,2.2,2.2,0
SDB,2020-11-02,2.2,2.2,2.2,2.2,0
SDB,2020-11-03,2.2,2.2,2.2,2.2,0
SDB,2020-11-04,2.2,2.2,2.2,2.2,0
SDB,2020-11-05,2.2,2.2,2.2,2.2,0
SDB,2020-11-06,2.2,2.2,2.2,2.2,0
SDB,2020-11-09,2.2,2.2,2.2,2.2,0
SDB,2020-11-10,2.2,2.2,2.2,2.2,0
SDB,2020-11-11,2.2,2.2,2.2,2.2,0
SDB,2020-11-12,2.2,2.2,2.2,2.2,0
SDB,2020-11-13,2.2,2.2,2.2,2.2,0
SDB,2020-11-16,2.2,2.2,2.2,2.2,0
SDB,2020-11-17,2.2,2.2,2.2,2.2,0
SDB,2020-11-18,2.2,2.2,2.2,2.2,0
SDB,2020-11-19,2.2,2.2,2.2,2.2,0
SDB,2020-11-20,2.2,2.2,2.2,2.2,0
SDB,2020-11-23,2.2,2.2,2.2,2.2,0
SDB,2020-11-24,2.2,2.2,2.2,2.2,0
SDB,2020-11-25,2.2,2.2,2.2,2.2,0
SDB,2020-11-26,2.2,2.2,2.2,2.2,0
SDB,2020-11-27,2.2,2.2,2.2,2.2,0
SDB,2020-11-30,2.2,2.2,2.2,2.2,0
SDB,2020-12-01,2.2,2.2,2.2,2.2,0
SDB,2020-12-02,2.2,2.2,2.2,2.2,0
SDB,2020-12-03,2.2,2.2,2.2,2.2,0
SDB,2020-12-04,2.2,2.2,2.2,2.2,0
SDB,2020-12-07,2.2,2.2,2.2,2.2,0
SDB,2020-12-08,2.2,2.2,2.2,2.2,0
SDB,2020-12-09,2.2,2.2,2.2,2.2,0
SDB,2020-12-10,2.2,2.2,2.2,2.2,0
SDB,2020-12-11,2.2,2.2,2.2,2.2,0
SDB,2020-12-14,2.2,2.2,2.2,2.2,0
SDB,2020-12-15,2.2,2.2,2.2,2.2,0
SDB,2020-12-16,2.2,2.2,2.2,2.2,0
SDB,2020-12-17,2.2,2.2,2.2,2.2,0
SDB,2020-12-18,2.2,2.2,2.2,2.2,0
SDB,2020-12-21,2.2,2.2,2.2,2.2,0
SDB,2020-12-22,2.2,2.2,2.2,2.2,0
SDB,2020-12-23,2.2,2.2,2.2,2.2,0
SDB,2020-12-24,2.2,2.2,2.2,2.2,0
SDB,2020-12-25,2.2,2.2,2.2,2.2,0
SDB,2020-12-28,2.2,2.2,2.2,2.2,0
SDB,2020-12-29,2.2,2.2,2.2,2.2,0
SDB,2020-12-30,2.2,2.2,2.2,2.2,0
SDB,2020-12-31,2.2,2.2,2.2,2.2,0
SDB,2021-01-04,2.2,2.2,2.2,2.2,0
SDB,2021-01-05,2.2,2.2,2.2,2.2,0
SDB,2021-01-06,2.2,2.2,2.2,2.2,0
SDB,2021-01-07,2.2,2.2,2.2,2.2,0
SDB,2021-01-08,2.2,2.2,2.2,2.2,0
SDB,2021-01-11,2.2,2.2,2.2,2.2,0
SDB,2021-01-12,2.2,2.2,2.2,2.2,0
SDB,2021-01-13,2.2,2.2,2.2,2.2,0
SDB,2021-01-14,2.2,2.2,2.2,2.2,0
SDB,2021-01-15,2.2,2.2,2.2,2.2,0
SDB,2021-01-18,2.2,2.2,2.2,2.2,0
SDB,2021-01-19,2.2,2.2,2.2,2.2,0
SDB,2021-01-20,2.2,2.2,2.2,2.2,0
SDB,2021-01-21,2.2,2.2,2.2,2.2,0
SDB,2021-01-22,2.2,2.2,2.2,2.2,0
SDB,2021-01-25,2.2,2.2,2.2,2.2,0
SDB,2021-01-26,2.2,2.2,2.2,2.2,0
SDB,2021-01-27,2.2,2.2,2.2,2.2,0
SDB,2021-01-28,2.2,2.2,2.2,2.2,0
SDB,2021-01-29,2.2,2.2,2.2,2.2,0
SDB,2021-02-01,2.2,2.2,2.2,2.2,0
SDB,2021-02-02,2.2,2.2,2.2,2.2,0
SDB,2021-02-03,2.2,2.2,2.2,2.2,0
SDB,2021-02-04,2.2,2.2,2.2,2.2,0
SDB,2021-02-05,2.2,2.2,2.2,2.2,0
SDB,2021-02-08,2.2,2.2,2.2,2.2,0
SDB,2021-02-09,2.2,2.2,2.2,2.2,0
SDB,2021-02-17,2.2,2.2,2.2,2.2,0
SDB,2021-02-18,2.2,2.2,2.2,2.2,0
SDB,2021-02-19,2.2,2.2,2.2,2.2,0
SDB,2021-02-22,2.2,2.2,2.2,2.2,0
SDB,2021-02-23,2.2,2.2,2.2,2.2,0
SDB,2021-02-24,2.2,2.2,2.2,2.2,0
SDB,2021-02-25,2.2,2.2,2.2,2.2,0
SDB,2021-02-26,2.2,2.2,2.2,2.2,0
SDB,2021-03-01,2.2,2.2,2.2,2.2,0
SDB,2021-03-02,2.2,2.2,2.2,2.2,0
SDB,2021-03-03,2.2,2.2,2.2,2.2,0
SDB,2021-03-04,2.2,2.2,2.2,2.2,0
SDB,2021-03-05,2.2,2.2,2.2,2.2,0
SDB,2021-03-08,2.2,2.2,2.2,2.2,0
SDB,2021-03-09,2.2,2.2,2.2,2.2,0
SDB,2021-03-10,2.2,2.2,2.2,2.2,0
SDB,2021-03-11,2.2,2.2,2.2,2.2,0
SDB,2021-03-12,2.2,2.2,2.2,2.2,0
SDB,2021-03-15,2.2,2.2,2.2,2.2,0
SDB,2021-03-16,2.2,2.2,2.2,2.2,0
SDB,2021-03-17,2.2,2.2,2.2,2.2,0
SDB,2021-03-18,2.2,2.2,2.2,2.2,0
SDB,2021-03-19,1.9,1.9,1.9,1.9,29202
SDB,2021-03-22,1.9,1.9,1.9,1.9,0
SDB,2021-03-23,1.9,1.9,1.9,1.9,0
SDB,2021-03-24,1.9,1.9,1.9,1.9,0
SDB,2021-03-25,1.9,1.9,1.9,1.9,0
SDB,2021-03-26,1.9,1.9,1.9,1.9,0
SDB,2021-03-29,1.9,1.9,1.9,1.9,0
SDB,2021-03-30,1.9,1.9,1.9,1.9,0
SDB,2021-03-31,1.9,1.9,1.9,1.9,0
SDB,2021-04-01,1.9,1.9,1.9,1.9,0
SDB,2021-04-02,1.8,1.9,1.7,1.9,48400
SDB,2021-04-05,1.7,1.9,1.9,1.9,0
SDB,2021-04-06,1.7,1.9,1.9,1.9,0
SDB,2021-04-07,1.7,1.9,1.9,1.9,0
SDB,2021-04-08,1.7,1.9,1.9,1.9,0
SDB,2021-04-09,1.7,1.9,1.6,1.9,45088
SDB,2021-04-12,1.8,1.9,1.9,1.9,0
SDB,2021-04-13,1.8,1.9,1.9,1.9,0
SDB,2021-04-14,1.8,1.9,1.9,1.9,0
SDB,2021-04-15,1.8,1.9,1.9,1.9,0
SDB,2021-04-16,1.8,2.0,1.6,2.0,48931
SDB,2021-04-19,1.9,2.0,2.0,2.0,0
SDB,2021-04-20,1.9,2.0,2.0,2.0,0
SDB,2021-04-22,1.9,2.0,2.0,2.0,0
SDB,2021-04-23,1.9,2.1,1.9,2.1,5900
SDB,2021-04-26,1.9,2.1,2.1,2.1,0
SDB,2021-04-27,1.9,2.1,2.1,2.1,0
SDB,2021-04-28,1.9,2.1,2.1,2.1,0
SDB,2021-04-29,1.9,2.1,2.1,2.1,0
SDB,2021-05-04,1.9,2.1,2.1,2.1,0
SDB,2021-05-05,1.9,2.1,2.1,2.1,0
SDB,2021-05-06,1.9,2.1,2.1,2.1,0
SDB,2021-05-07,1.9,2.1,2.1,2.1,0
SDB,2021-05-10,1.9,2.1,2.1,2.1,0
SDB,2021-05-11,1.9,2.1,2.1,2.1,0
SDB,2021-05-12,1.9,2.1,2.1,2.1,0
SDB,2021-05-13,1.9,2.1,2.1,2.1,0
SDB,2021-05-14,1.9,2.0,1.7,1.9,6800
SDB,2021-05-17,1.9,1.9,1.9,1.9,0
SDB,2021-05-18,1.9,1.9,1.9,1.9,0
SDB,2021-05-19,1.9,1.9,1.9,1.9,0
SDB,2021-05-20,1.9,1.9,1.9,1.9,0
SDB,2021-05-21,1.9,1.9,1.7,1.7,4830
SDB,2021-05-24,1.7,1.7,1.7,1.7,0
SDB,2021-05-25,1.7,1.7,1.7,1.7,0
SDB,2021-05-26,1.7,1.7,1.7,1.7,0
SDB,2021-05-27,1.7,1.7,1.7,1.7,0
SDB,2021-05-28,1.9,1.9,1.9,1.9,7100
SDB,2021-05-31,1.9,1.9,1.9,1.9,0
SDB,2021-06-01,1.9,1.9,1.9,1.9,0
SDB,2021-06-02,1.9,1.9,1.9,1.9,0
SDB,2021-06-03,1.9,1.9,1.9,1.9,0
SDB,2021-06-04,1.7,1.7,1.7,1.7,1600
SDB,2021-06-07,1.7,1.7,1.7,1.7,0
SDB,2021-06-08,1.7,1.7,1.7,1.7,0
SDB,2021-06-09,1.7,1.7,1.7,1.7,0
SDB,2021-06-10,1.7,1.7,1.7,1.7,0
SDB,2021-06-11,1.5,1.5,1.5,1.5,500
SDB,2021-06-14,1.5,1.5,1.5,1.5,0
SDB,2021-06-15,1.5,1.5,1.5,1.5,0
SDB,2021-06-16,1.5,1.5,1.5,1.5,0
SDB,2021-06-17,1.5,1.5,1.5,1.5,0
SDB,2021-06-18,1.5,1.5,1.5,1.5,200
SDB,2021-06-21,1.5,1.5,1.5,1.5,0
SDB,2021-06-22,1.5,1.5,1.5,1.5,0
SDB,2021-06-23,1.5,1.5,1.5,1.5,0
SDB,2021-06-24,1.5,1.5,1.5,1.5,0
SDB,2021-06-25,1.3,1.5,1.3,1.5,5110
SDB,2021-06-28,1.5,1.5,1.5,1.5,0
SDB,2021-06-29,1.5,1.5,1.5,1.5,0
SDB,2021-06-30,1.5,1.5,1.5,1.5,0
SDB,2021-07-01,1.5,1.5,1.5,1.5,0
SDB,2021-07-02,1.5,1.5,1.5,1.5,0
SDB,2021-07-05,1.5,1.5,1.5,1.5,0
SDB,2021-07-06,1.5,1.5,1.5,1.5,0
SDB,2021-07-07,1.5,1.5,1.5,1.5,0
SDB,2021-07-08,1.5,1.5,1.5,1.5,0
SDB,2021-07-09,1.5,1.5,1.5,1.5,0
SDB,2021-07-12,1.5,1.5,1.5,1.5,0
SDB,2021-07-13,1.5,1.5,1.5,1.5,0
SDB,2021-07-14,1.5,1.5,1.5,1.5,0
SDB,2021-07-15,1.5,1.5,1.5,1.5,0
SDB,2021-07-16,1.3,1.3,1.3,1.3,6100
SDB,2021-07-19,1.3,1.3,1.3,1.3,0
SDB,2021-07-20,1.3,1.3,1.3,1.3,0
SDB,2021-07-21,1.3,1.3,1.3,1.3,0
SDB,2021-07-22,1.3,1.3,1.3,1.3,0
SDB,2021-07-23,1.3,1.3,1.3,1.3,3000
SDB,2021-07-26,1.3,1.3,1.3,1.3,0
SDB,2021-07-27,1.3,1.3,1.3,1.3,0
SDB,2021-07-28,1.3,1.3,1.3,1.3,0
SDB,2021-07-29,1.3,1.3,1.3,1.3,0
SDB,2021-07-30,1.2,1.3,1.2,1.3,1800
SDB,2021-08-02,1.2,1.2,1.2,1.2,0
SDB,2021-08-03,1.2,1.3,1.3,1.3,0
SDB,2021-08-04,1.2,1.3,1.3,1.3,0
SDB,2021-08-05,1.2,1.3,1.3,1.3,0
SDB,2021-08-06,1.2,1.2,1.2,1.2,2900
SDB,2021-08-09,1.2,1.2,1.2,1.2,0
SDB,2021-08-10,1.2,1.2,1.2,1.2,0
SDB,2021-08-11,1.2,1.2,1.2,1.2,0
SDB,2021-08-12,1.2,1.2,1.2,1.2,0
SDB,2021-08-13,1.2,1.2,1.1,1.2,8800
SDB,2021-08-16,1.2,1.2,1.2,1.2,0
SDB,2021-08-17,1.2,1.2,1.2,1.2,0
SDB,2021-08-18,1.2,1.2,1.2,1.2,0
SDB,2021-08-19,1.2,1.2,1.2,1.2,0
SDB,2021-08-20,1.1,1.1,1.1,1.1,42000
SDB,2021-08-23,1.1,1.1,1.1,1.1,0
SDB,2021-08-24,1.1,1.1,1.1,1.1,0
SDB,2021-08-25,1.1,1.1,1.1,1.1,0
SDB,2021-08-26,1.1,1.1,1.1,1.1,0
SDB,2021-08-27,1.0,1.0,1.0,1.0,32908
SDB,2021-08-30,1.0,1.0,1.0,1.0,0
SDB,2021-08-31,1.0,1.0,1.0,1.0,0
SDB,2021-09-01,1.0,1.0,1.0,1.0,0
SDB,2021-09-06,1.0,1.0,1.0,1.0,0
SDB,2021-09-07,1.0,1.0,1.0,1.0,0
SDB,2021-09-08,1.0,1.0,1.0,1.0,0
SDB,2021-09-09,1.0,1.0,1.0,1.0,0
SDB,2021-09-10,0.9,1.1,0.9,1.1,66000
SDB,2021-09-13,0.9,0.9,0.9,0.9,0
SDB,2021-09-14,0.9,0.9,0.9,0.9,0
SDB,2021-09-15,0.9,0.9,0.9,0.9,0
SDB,2021-09-16,0.9,0.9,0.9,0.9,0
SDB,2021-09-17,0.9,1.0,0.9,1.0,39210
SDB,2021-09-20,1.0,1.0,1.0,1.0,0
SDB,2021-09-21,1.0,1.0,1.0,1.0,0
SDB,2021-09-22,1.0,1.0,1.0,1.0,0
SDB,2021-09-23,1.0,1.0,1.0,1.0,0
SDB,2021-09-24,1.1,1.1,1.1,1.1,19200
SDB,2021-09-27,1.1,1.1,1.1,1.1,0
SDB,2021-09-28,1.1,1.1,1.1,1.1,0
SDB,2021-09-29,1.1,1.1,1.1,1.1,0
SDB,2021-09-30,1.1,1.1,1.1,1.1,0
SDB,2021-10-01,1.2,1.2,1.1,1.2,17000
SDB,2021-10-04,1.2,1.2,1.2,1.2,0
SDB,2021-10-05,1.2,1.2,1.2,1.2,0
SDB,2021-10-06,1.2,1.2,1.2,1.2,0
SDB,2021-10-07,1.2,1.2,1.2,1.2,0
SDB,2021-10-08,1.3,1.3,1.3,1.3,33400
SDB,2021-10-11,1.3,1.3,1.3,1.3,0
SDB,2021-10-12,1.3,1.3,1.3,1.3,0
SDB,2021-10-13,1.3,1.3,1.3,1.3,0
SDB,2021-10-14,1.3,1.3,1.3,1.3,0
SDB,2021-10-15,1.4,1.4,1.4,1.4,4500
SDB,2021-10-18,1.4,1.4,1.4,1.4,0
SDB,2021-10-19,1.4,1.4,1.4,1.4,0
SDB,2021-10-20,1.4,1.4,1.4,1.4,0
SDB,2021-10-21,1.4,1.4,1.4,1.4,0
SDB,2021-10-22,1.6,1.6,1.6,1.6,8200
SDB,2021-10-25,1.6,1.6,1.6,1.6,0
SDB,2021-10-26,1.6,1.6,1.6,1.6,0
SDB,2021-10-27,1.6,1.6,1.6,1.6,0
SDB,2021-10-28,1.6,1.6,1.6,1.6,0
SDB,2021-10-29,1.8,1.8,1.8,1.8,2100
SDB,2021-11-01,1.8,1.8,1.8,1.8,0
SDB,2021-11-02,1.8,1.8,1.8,1.8,0
SDB,2021-11-03,1.8,1.8,1.8,1.8,0
SDB,2021-11-04,1.8,1.8,1.8,1.8,0
SDB,2021-11-05,2.0,2.0,2.0,2.0,7200
SDB,2021-11-08,2.0,2.0,2.0,2.0,0
SDB,2021-11-09,2.0,2.0,2.0,2.0,0
SDB,2021-11-10,2.0,2.0,2.0,2.0,0
SDB,2021-11-11,2.0,2.0,2.0,2.0,0
SDB,2021-11-12,2.3,2.3,2.3,2.3,7200
SDB,2021-11-15,2.3,2.3,2.3,2.3,0
SDB,2021-11-16,2.3,2.3,2.3,2.3,0
SDB,2021-11-17,2.3,2.3,2.3,2.3,0
SDB,2021-11-18,2.3,2.3,2.3,2.3,0
SDB,2021-11-19,2.6,2.6,2.6,2.6,117500
SDB,2021-11-22,2.6,2.6,2.6,2.6,0
SDB,2021-11-23,2.6,2.6,2.6,2.6,0
SDB,2021-11-24,2.6,2.6,2.6,2.6,0
SDB,2021-11-25,2.6,2.6,2.6,2.6,0
SDB,2021-11-26,2.9,2.9,2.3,2.9,151900
SDB,2021-11-29,2.8,2.8,2.8,2.8,0
SDB,2021-11-30,2.8,2.8,2.8,2.8,0
SDB,2021-12-01,2.8,2.8,2.8,2.8,0
SDB,2021-12-02,2.8,2.8,2.8,2.8,0
SDB,2021-12-03,3.2,3.2,3.1,3.2,109900
SDB,2021-12-06,3.2,3.2,3.2,3.2,0
SDB,2021-12-07,3.2,3.2,3.2,3.2,0
SDB,2021-12-08,3.2,3.2,3.2,3.2,0
SDB,2021-12-09,3.2,3.2,3.2,3.2,0
SDB,2021-12-10,3.6,3.6,2.8,2.8,80300
SDB,2021-12-13,3.2,3.2,3.2,3.2,0
SDB,2021-12-14,3.2,3.2,3.2,3.2,0
SDB,2021-12-15,3.2,3.2,3.2,3.2,0
SDB,2021-12-16,3.2,3.2,3.2,3.2,0
SDB,2021-12-17,2.8,2.8,2.8,2.8,3300
SDB,2021-12-20,2.8,2.8,2.8,2.8,0
SDB,2021-12-21,2.8,2.8,2.8,2.8,0
SDB,2021-12-22,2.8,2.8,2.8,2.8,0
SDB,2021-12-23,2.8,2.8,2.8,2.8,0
SDB,2021-12-24,2.4,2.4,2.4,2.4,42600
SDB,2021-12-27,2.4,2.4,2.4,2.4,0
SDB,2021-12-28,2.4,2.4,2.4,2.4,0
SDB,2021-12-29,2.4,2.4,2.4,2.4,0
SDB,2021-12-30,2.4,2.4,2.4,2.4,0
SDB,2021-12-31,2.1,2.7,2.1,2.7,64100
SDB,2022-01-04,2.1,2.1,2.1,2.1,0
SDB,2022-01-05,2.1,2.1,2.1,2.1,0
SDB,2022-01-06,2.1,2.1,2.1,2.1,0
SDB,2022-01-07,2.1,2.4,2.1,2.4,66100
SDB,2022-01-10,2.4,2.4,2.4,2.4,0
SDB,2022-01-11,2.4,2.4,2.4,2.4,0
SDB,2022-01-12,2.4,2.4,2.4,2.4,0
SDB,2022-01-13,2.4,2.4,2.4,2.4,0
SDB,2022-01-14,2.1,2.6,2.1,2.5,18100
SDB,2022-01-17,2.2,2.2,2.2,2.2,0
SDB,2022-01-18,2.2,2.2,2.2,2.2,0
SDB,2022-01-19,2.2,2.2,2.2,2.2,0
SDB,2022-01-20,2.2,2.2,2.2,2.2,0
SDB,2022-01-21,2.3,2.3,2.3,2.3,3300
SDB,2022-01-24,2.3,2.3,2.3,2.3,0
SDB,2022-01-25,2.3,2.3,2.3,2.3,0
SDB,2022-01-26,2.3,2.3,2.3,2.3,0
SDB,2022-01-27,2.3,2.3,2.3,2.3,0
SDB,2022-01-28,2.0,2.1,2.0,2.0,2300
SDB,2022-02-07,2.0,2.0,2.0,2.0,0
SDB,2022-02-08,2.0,2.0,2.0,2.0,0
SDB,2022-02-09,2.0,2.0,2.0,2.0,0
SDB,2022-02-10,2.0,2.0,2.0,2.0,0
SDB,2022-02-11,2.3,2.3,1.7,1.9,39700
SDB,2022-02-14,1.8,1.8,1.8,1.8,0
SDB,2022-02-15,1.8,1.8,1.8,1.8,0
SDB,2022-02-16,1.8,1.8,1.8,1.8,0
SDB,2022-02-17,1.8,1.8,1.8,1.8,0
SDB,2022-02-18,1.8,1.8,1.6,1.8,75300
SDB,2022-02-21,1.7,1.7,1.7,1.7,0
SDB,2022-02-22,1.7,1.7,1.7,1.7,0
SDB,2022-02-23,1.7,1.7,1.7,1.7,0
SDB,2022-02-24,1.7,1.7,1.7,1.7,0
SDB,2022-02-25,1.7,1.8,1.7,1.8,79700
SDB,2022-02-28,1.7,1.7,1.7,1.7,0
SDB,2022-03-01,1.7,1.7,1.7,1.7,0
SDB,2022-03-02,1.7,1.7,1.7,1.7,0
SDB,2022-03-03,1.7,1.7,1.7,1.7,0
SDB,2022-03-04,1.6,1.9,1.6,1.9,99400
SDB,2022-03-07,1.8,1.8,1.8,1.8,0
SDB,2022-03-08,1.8,1.8,1.8,1.8,0
SDB,2022-03-09,1.8,1.8,1.8,1.8,0
SDB,2022-03-10,1.8,1.8,1.8,1.8,0
SDB,2022-03-11,1.9,2.0,1.9,2.0,58000
SDB,2022-03-14,2.0,2.0,2.0,2.0,0
SDB,2022-03-15,2.0,2.0,2.0,2.0,0
SDB,2022-03-16,2.0,2.0,2.0,2.0,0
SDB,2022-03-17,2.0,2.0,2.0,2.0,0
SDB,2022-03-18,2.0,2.3,2.0,2.3,70800
SDB,2022-03-21,2.3,2.3,2.3,2.3,0
SDB,2022-03-22,2.3,2.3,2.3,2.3,0
SDB,2022-03-23,2.3,2.3,2.3,2.3,0
SDB,2022-03-24,2.3,2.3,2.3,2.3,0
SDB,2022-03-25,2.6,2.6,2.2,2.6,83900
SDB,2022-03-28,2.5,2.5,2.5,2.5,0
SDB,2022-03-29,2.5,2.5,2.5,2.5,0
SDB,2022-03-30,2.5,2.5,2.5,2.5,0
SDB,2022-03-31,2.5,2.5,2.5,2.5,0
SDB,2022-04-01,2.5,2.5,2.2,2.5,76500
SDB,2022-04-04,2.4,2.4,2.4,2.4,0
SDB,2022-04-05,2.4,2.4,2.4,2.4,0
SDB,2022-04-06,2.4,2.4,2.4,2.4,0
SDB,2022-04-07,2.4,2.4,2.4,2.4,0
SDB,2022-04-08,2.4,2.4,2.4,2.4,18500
SDB,2022-04-12,2.4,2.4,2.4,2.4,0
SDB,2022-04-13,2.4,2.4,2.4,2.4,0
SDB,2022-04-14,2.4,2.4,2.4,2.4,0
SDB,2022-04-15,2.1,2.1,2.1,2.1,11400
SDB,2022-04-18,2.1,2.1,2.1,2.1,0
SDB,2022-04-19,2.1,2.1,2.1,2.1,0
SDB,2022-04-20,2.1,2.1,2.1,2.1,0
SDB,2022-04-21,2.1,2.1,2.1,2.1,0
SDB,2022-04-22,1.8,1.8,1.8,1.8,29400
SDB,2022-04-25,1.8,1.8,1.8,1.8,0
SDB,2022-04-26,1.8,1.8,1.8,1.8,0
SDB,2022-04-27,1.8,1.8,1.8,1.8,0
SDB,2022-04-28,1.8,1.8,1.8,1.8,0
SDB,2022-04-29,1.8,1.8,1.6,1.8,9300
SDB,2022-05-04,1.7,1.7,1.7,1.7,0
SDB,2022-05-05,1.7,1.7,1.7,1.7,0
SDB,2022-05-06,1.5,1.6,1.5,1.6,6300
SDB,2022-05-09,1.5,1.5,1.5,1.5,0
SDB,2022-05-10,1.5,1.5,1.5,1.5,0
SDB,2022-05-11,1.5,1.5,1.5,1.5,0
SDB,2022-05-12,1.5,1.5,1.5,1.5,0
SDB,2022-05-13,1.3,1.3,1.3,1.3,48600
SDB,2022-05-16,1.3,1.3,1.3,1.3,0
SDB,2022-05-17,1.3,1.3,1.3,1.3,0
SDB,2022-05-18,1.3,1.3,1.3,1.3,0
SDB,2022-05-19,1.3,1.3,1.3,1.3,0
SDB,2022-05-20,1.3,1.3,1.3,1.3,11300
SDB,2022-05-23,1.3,1.3,1.3,1.3,0
SDB,2022-05-24,1.3,1.3,1.3,1.3,0
SDB,2022-05-25,1.3,1.3,1.3,1.3,0
SDB,2022-05-26,1.3,1.3,1.3,1.3,0
SDB,2022-05-27,1.4,1.4,1.2,1.4,13900
SDB,2022-05-30,1.3,1.3,1.3,1.3,0
SDB,2022-05-31,1.3,1.3,1.3,1.3,0
SDB,2022-06-01,1.3,1.3,1.3,1.3,0
SDB,2022-06-02,1.3,1.3,1.3,1.3,0
SDB,2022-06-03,1.2,1.3,1.2,1.2,6900
SDB,2022-06-06,1.2,1.2,1.2,1.2,0
SDB,2022-06-07,1.2,1.2,1.2,1.2,0
SDB,2022-06-08,1.2,1.2,1.2,1.2,0
SDB,2022-06-09,1.2,1.2,1.2,1.2,0
SDB,2022-06-10,1.1,1.3,1.1,1.3,11900
SDB,2022-06-13,1.2,1.2,1.2,1.2,0
SDB,2022-06-14,1.2,1.2,1.2,1.2,0
SDB,2022-06-15,1.2,1.2,1.2,1.2,0
SDB,2022-06-16,1.2,1.2,1.2,1.2,0
SDB,2022-06-17,1.1,1.3,1.1,1.3,12100
SDB,2022-06-20,1.2,1.2,1.2,1.2,0
SDB,2022-06-21,1.2,1.2,1.2,1.2,0
SDB,2022-06-22,1.2,1.2,1.2,1.2,0
SDB,2022-06-23,1.2,1.2,1.2,1.2,0
SDB,2022-06-24,1.2,1.2,1.2,1.2,300
SDB,2022-06-27,1.2,1.2,1.2,1.2,0
SDB,2022-06-28,1.2,1.2,1.2,1.2,0
SDB,2022-06-29,1.2,1.2,1.2,1.2,0
SDB,2022-06-30,1.2,1.2,1.2,1.2,0
SDB,2022-07-01,1.2,1.2,1.2,1.2,2200
SDB,2022-07-04,1.2,1.2,1.2,1.2,0
SDB,2022-07-05,1.2,1.2,1.2,1.2,0
SDB,2022-07-06,1.2,1.2,1.2,1.2,0
SDB,2022-07-07,1.2,1.2,1.2,1.2,0
SDB,2022-07-08,1.1,1.2,1.1,1.2,9300
SDB,2022-07-11,1.1,1.1,1.1,1.1,0
SDB,2022-07-12,1.1,1.1,1.1,1.1,0
SDB,2022-07-13,1.1,1.1,1.1,1.1,0
SDB,2022-07-14,1.1,1.1,1.1,1.1,0
SDB,2022-07-15,1.2,1.2,1.2,1.2,500
SDB,2022-07-18,1.2,1.2,1.2,1.2,0
SDB,2022-07-19,1.2,1.2,1.2,1.2,0
SDB,2022-07-20,1.2,1.2,1.2,1.2,0
SDB,2022-07-21,1.2,1.2,1.2,1.2,0
SDB,2022-07-22,1.1,1.2,1.1,1.2,8000
SDB,2022-07-25,1.2,1.2,1.2,1.2,0
SDB,2022-07-26,1.2,1.2,1.2,1.2,0
SDB,2022-07-27,1.2,1.2,1.2,1.2,0
SDB,2022-07-28,1.2,1.2,1.2,1.2,0
SDB,2022-07-29,1.2,1.2,1.2,1.2,1300
SDB,2022-08-01,1.2,1.2,1.2,1.2,0
SDB,2022-08-02,1.2,1.2,1.2,1.2,0
SDB,2022-08-03,1.2,1.2,1.2,1.2,0
SDB,2022-08-04,1.2,1.2,1.2,1.2,0
SDB,2022-08-05,1.2,1.3,1.2,1.3,51400
SDB,2022-08-08,1.3,1.3,1.3,1.3,0
SDB,2022-08-09,1.3,1.3,1.3,1.3,0
SDB,2022-08-10,1.3,1.3,1.3,1.3,0
SDB,2022-08-11,1.3,1.3,1.3,1.3,0
SDB,2022-08-12,1.4,1.4,1.4,1.4,43300
SDB,2022-08-15,1.4,1.4,1.4,1.4,0
SDB,2022-08-16,1.4,1.4,1.4,1.4,0
SDB,2022-08-17,1.4,1.4,1.4,1.4,0
SDB,2022-08-18,1.4,1.4,1.4,1.4,0
SDB,2022-08-19,1.6,1.6,1.6,1.6,31400
SDB,2022-08-22,1.6,1.6,1.6,1.6,0
SDB,2022-08-23,1.6,1.6,1.6,1.6,0
SDB,2022-08-24,1.6,1.6,1.6,1.6,0
SDB,2022-08-25,1.6,1.6,1.6,1.6,0
SDB,2022-08-26,1.8,1.8,1.7,1.7,1200
SDB,2022-08-29,1.8,1.8,1.8,1.8,0
SDB,2022-08-30,1.8,1.8,1.8,1.8,0
SDB,2022-08-31,1.8,1.8,1.8,1.8,0
SDB,2022-09-05,1.8,1.8,1.8,1.8,0
SDB,2022-09-06,1.8,1.8,1.8,1.8,0
SDB,2022-09-07,1.8,1.8,1.8,1.8,0
SDB,2022-09-08,1.8,1.8,1.8,1.8,0
SDB,2022-09-09,1.8,1.8,1.8,1.8,100
SDB,2022-09-12,1.8,1.8,1.8,1.8,0
SDB,2022-09-13,1.8,1.8,1.8,1.8,0
SDB,2022-09-14,1.8,1.8,1.8,1.8,0
SDB,2022-09-15,1.8,1.8,1.8,1.8,0
SDB,2022-09-16,1.8,1.8,1.8,1.8,0
SDB,2022-09-19,1.8,1.8,1.8,1.8,0
SDB,2022-09-20,1.8,1.8,1.8,1.8,0
SDB,2022-09-21,1.8,1.8,1.8,1.8,0
SDB,2022-09-22,1.8,1.8,1.8,1.8,0
SDB,2022-09-23,1.8,1.8,1.8,1.8,0
SDB,2022-09-26,1.8,1.8,1.8,1.8,0
SDB,2022-09-27,1.8,1.8,1.8,1.8,0
SDB,2022-09-28,1.8,1.8,1.8,1.8,0
SDB,2022-09-29,1.8,1.8,1.8,1.8,0
SDB,2022-09-30,1.8,1.8,1.8,1.8,0
SDB,2022-10-03,1.8,1.8,1.8,1.8,0
SDB,2022-10-04,1.8,1.8,1.8,1.8,0
SDB,2022-10-05,1.8,1.8,1.8,1.8,0
SDB,2022-10-06,1.8,1.8,1.8,1.8,0
SDB,2022-10-07,1.6,1.6,1.6,1.6,100
SDB,2022-10-10,1.6,1.6,1.6,1.6,0
SDB,2022-10-11,1.6,1.6,1.6,1.6,0
SDB,2022-10-12,1.6,1.6,1.6,1.6,0
SDB,2022-10-13,1.6,1.6,1.6,1.6,0
SDB,2022-10-14,1.5,1.5,1.4,1.4,1100
SDB,2022-10-17,1.4,1.4,1.4,1.4,0
SDB,2022-10-18,1.4,1.4,1.4,1.4,0
SDB,2022-10-19,1.4,1.4,1.4,1.4,0
SDB,2022-10-20,1.4,1.4,1.4,1.4,0
SDB,2022-10-21,1.6,1.6,1.2,1.2,200
SDB,2022-10-24,1.4,1.4,1.4,1.4,0
SDB,2022-10-25,1.4,1.4,1.4,1.4,0
SDB,2022-10-26,1.4,1.4,1.4,1.4,0
SDB,2022-10-27,1.4,1.4,1.4,1.4,0
SDB,2022-10-28,1.4,1.4,1.4,1.4,0
SDB,2022-10-31,1.4,1.4,1.4,1.4,0
SDB,2022-11-01,1.4,1.4,1.4,1.4,0
SDB,2022-11-02,1.4,1.4,1.4,1.4,0
SDB,2022-11-03,1.4,1.4,1.4,1.4,0
SDB,2022-11-04,1.4,1.4,1.4,1.4,0
SDB,2022-11-07,1.4,1.4,1.4,1.4,0
SDB,2022-11-08,1.4,1.4,1.4,1.4,0
SDB,2022-11-09,1.4,1.4,1.4,1.4,0
SDB,2022-11-10,1.4,1.4,1.4,1.4,0
SDB,2022-11-11,1.2,1.2,1.2,1.2,200
SDB,2022-11-14,1.2,1.2,1.2,1.2,0
SDB,2022-11-15,1.2,1.2,1.2,1.2,0
SDB,2022-11-16,1.2,1.2,1.2,1.2,0
SDB,2022-11-17,1.2,1.2,1.2,1.2,0
SDB,2022-11-18,1.2,1.2,1.2,1.2,0
SDB,2022-11-21,1.2,1.2,1.2,1.2,0
SDB,2022-11-22,1.2,1.2,1.2,1.2,0
SDB,2022-11-23,1.2,1.2,1.2,1.2,0
SDB,2022-11-24,1.2,1.2,1.2,1.2,0
SDB,2022-11-25,1.1,1.1,1.1,1.1,400
SDB,2022-11-28,1.1,1.1,1.1,1.1,0
SDB,2022-11-29,1.1,1.1,1.1,1.1,0
SDB,2022-11-30,1.1,1.1,1.1,1.1,0
SDB,2022-12-01,1.1,1.1,1.1,1.1,0
SDB,2022-12-02,1.0,1.2,1.0,1.2,13900
SDB,2022-12-05,1.0,1.0,1.0,1.0,0
SDB,2022-12-06,1.0,1.0,1.0,1.0,0
SDB,2022-12-07,1.0,1.0,1.0,1.0,0
SDB,2022-12-08,1.0,1.0,1.0,1.0,0
SDB,2022-12-09,1.1,1.1,1.1,1.1,1000
SDB,2022-12-12,1.1,1.1,1.1,1.1,0
SDB,2022-12-13,1.1,1.1,1.1,1.1,0
SDB,2022-12-14,1.1,1.1,1.1,1.1,0
SDB,2022-12-15,1.1,1.1,1.1,1.1,0
SDB,2022-12-16,1.1,1.1,1.1,1.1,0
SDB,2022-12-19,1.1,1.1,1.1,1.1,0
SDB,2022-12-20,1.1,1.1,1.1,1.1,0
SDB,2022-12-21,1.1,1.1,1.1,1.1,0
SDB,2022-12-22,1.1,1.1,1.1,1.1,0
SDB,2022-12-23,1.0,1.0,1.0,1.0,1200
SDB,2022-12-26,1.0,1.0,1.0,1.0,0
SDB,2022-12-27,1.0,1.0,1.0,1.0,0
SDB,2022-12-28,1.0,1.0,1.0,1.0,0
SDB,2022-12-29,1.0,1.0,1.0,1.0,0
SDB,2022-12-30,0.9,1.1,0.9,1.0,2400
SDB,2023-01-03,1.0,1.0,1.0,1.0,0
SDB,2023-01-04,1.0,1.0,1.0,1.0,0
SDB,2023-01-05,1.0,1.0,1.0,1.0,0
SDB,2023-01-06,0.9,1.0,0.9,0.9,6700
SDB,2023-01-09,0.9,0.9,0.9,0.9,0
SDB,2023-01-10,0.9,0.9,0.9,0.9,0
SDB,2023-01-11,0.9,0.9,0.9,0.9,0
SDB,2023-01-12,0.9,0.9,0.9,0.9,0
SDB,2023-01-13,0.8,0.9,0.8,0.9,600
SDB,2023-01-16,0.9,0.9,0.9,0.9,0
SDB,2023-01-17,0.9,0.9,0.9,0.9,0
SDB,2023-01-18,0.9,0.9,0.9,0.9,0
SDB,2023-01-19,0.9,0.9,0.9,0.9,0
SDB,2023-01-27,0.9,0.9,0.9,0.9,100
SDB,2023-01-30,0.9,0.9,0.9,0.9,0
SDB,2023-01-31,0.9,0.9,0.9,0.9,0
SDB,2023-02-01,0.9,0.9,0.9,0.9,0
SDB,2023-02-02,0.9,0.9,0.9,0.9,0
SDB,2023-02-03,0.8,0.9,0.8,0.9,1500
SDB,2023-02-06,0.9,0.9,0.9,0.9,0
SDB,2023-02-07,0.9,0.9,0.9,0.9,0
SDB,2023-02-08,0.9,0.9,0.9,0.9,0
SDB,2023-02-09,0.9,0.9,0.9,0.9,0
SDB,2023-02-10,0.9,0.9,0.9,0.9,0
SDB,2023-02-13,0.9,0.9,0.9,0.9,0
SDB,2023-02-14,0.9,0.9,0.9,0.9,0
SDB,2023-02-15,0.9,0.9,0.9,0.9,0
SDB,2023-02-16,0.9,0.9,0.9,0.9,0
SDB,2023-02-17,1.0,1.0,0.8,0.8,1200
SDB,2023-02-20,0.8,0.8,0.8,0.8,0
SDB,2023-02-21,0.8,0.8,0.8,0.8,0
SDB,2023-02-22,0.8,0.8,0.8,0.8,0
SDB,2023-02-23,0.8,0.8,0.8,0.8,0
SDB,2023-02-24,0.7,0.7,0.7,0.7,1100
SDB,2023-02-27,0.7,0.7,0.7,0.7,0
SDB,2023-02-28,0.7,0.7,0.7,0.7,0
SDB,2023-03-01,0.7,0.7,0.7,0.7,0
SDB,2023-03-02,0.7,0.7,0.7,0.7,0
SDB,2023-03-03,0.8,0.8,0.6,0.6,700
SDB,2023-03-06,0.7,0.7,0.7,0.7,0
SDB,2023-03-07,0.7,0.7,0.7,0.7,0
SDB,2023-03-08,0.7,0.7,0.7,0.7,0
SDB,2023-03-09,0.7,0.7,0.7,0.7,0
SDB,2023-03-10,0.6,0.8,0.6,0.8,200
SDB,2023-03-13,0.7,0.7,0.7,0.7,0
SDB,2023-03-14,0.7,0.7,0.7,0.7,0
SDB,2023-03-15,0.7,0.7,0.7,0.7,0
SDB,2023-03-16,0.7,0.7,0.7,0.7,0
SDB,2023-03-17,0.8,0.8,0.8,0.8,40500
SDB,2023-03-20,0.8,0.8,0.8,0.8,0
SDB,2023-03-21,0.8,0.8,0.8,0.8,0
SDB,2023-03-22,0.8,0.8,0.8,0.8,0
SDB,2023-03-23,0.8,0.8,0.8,0.8,0
SDB,2023-03-24,0.8,0.8,0.8,0.8,0
SDB,2023-03-27,0.8,0.8,0.8,0.8,0
SDB,2023-03-28,0.8,0.8,0.8,0.8,0
SDB,2023-03-29,0.8,0.8,0.8,0.8,0
SDB,2023-03-30,0.8,0.8,0.8,0.8,0
SDB,2023-03-31,0.8,0.8,0.8,0.8,0
SDB,2023-04-03,0.8,0.8,0.8,0.8,0
SDB,2023-04-04,0.8,0.8,0.8,0.8,0
SDB,2023-04-05,0.8,0.8,0.8,0.8,0
SDB,2023-04-06,0.8,0.8,0.8,0.8,0
SDB,2023-04-07,0.8,0.8,0.8,0.8,0
SDB,2023-04-10,0.8,0.8,0.8,0.8,0
SDB,2023-04-11,0.8,0.8,0.8,0.8,0
SDB,2023-04-12,0.8,0.8,0.8,0.8,0
SDB,2023-04-13,0.8,0.8,0.8,0.8,0
SDB,2023-04-14,0.7,0.8,0.7,0.8,2400
SDB,2023-04-17,0.8,0.8,0.8,0.8,0
SDB,2023-04-18,0.8,0.8,0.8,0.8,0
SDB,2023-04-19,0.8,0.8,0.8,0.8,0
SDB,2023-04-20,0.8,0.8,0.8,0.8,0
SDB,2023-04-21,0.8,0.8,0.8,0.8,0
SDB,2023-04-24,0.8,0.8,0.8,0.8,0
SDB,2023-04-25,0.8,0.8,0.8,0.8,0
SDB,2023-04-26,0.8,0.8,0.8,0.8,0
SDB,2023-04-27,0.8,0.8,0.8,0.8,0
SDB,2023-04-28,0.9,0.9,0.9,0.9,2100
SDB,2023-05-04,0.9,0.9,0.9,0.9,0
SDB,2023-05-05,0.9,0.9,0.9,0.9,0
SDB,2023-05-08,0.9,0.9,0.9,0.9,0
SDB,2023-05-09,0.9,0.9,0.9,0.9,0
SDB,2023-05-10,0.9,0.9,0.9,0.9,0
SDB,2023-05-11,0.9,0.9,0.9,0.9,0
SDB,2023-05-12,0.9,0.9,0.9,0.9,500
SDB,2023-05-15,0.9,0.9,0.9,0.9,0
SDB,2023-05-16,0.9,0.9,0.9,0.9,0
SDB,2023-05-17,0.9,0.9,0.9,0.9,0
SDB,2023-05-18,0.9,0.9,0.9,0.9,0
SDB,2023-05-19,0.9,0.9,0.9,0.9,0
SDB,2023-05-22,0.9,0.9,0.9,0.9,0
SDB,2023-05-23,0.9,0.9,0.9,0.9,0
SDB,2023-05-24,0.9,0.9,0.9,0.9,0
SDB,2023-05-25,0.9,0.9,0.9,0.9,0
SDB,2023-05-26,0.9,0.9,0.9,0.9,2000
SDB,2023-05-29,0.9,0.9,0.9,0.9,0
SDB,2023-05-30,0.9,0.9,0.9,0.9,0
SDB,2023-05-31,0.9,0.9,0.9,0.9,0
SDB,2023-06-01,0.9,0.9,0.9,0.9,0
SDB,2023-06-02,1.0,1.0,1.0,1.0,500
SDB,2023-06-05,1.0,1.0,1.0,1.0,0
SDB,2023-06-06,1.0,1.0,1.0,1.0,0
SDB,2023-06-07,1.0,1.0,1.0,1.0,0
SDB,2023-06-08,1.0,1.0,1.0,1.0,0
SDB,2023-06-09,1.1,1.1,1.1,1.1,100
SDB,2023-06-12,1.1,1.1,1.1,1.1,0
SDB,2023-06-13,1.1,1.1,1.1,1.1,0
SDB,2023-06-14,1.1,1.1,1.1,1.1,0
SDB,2023-06-15,1.1,1.1,1.1,1.1,0
SDB,2023-06-16,1.1,1.1,1.1,1.1,0
SDB,2023-06-19,1.1,1.1,1.1,1.1,0
SDB,2023-06-20,1.1,1.1,1.1,1.1,0
SDB,2023-06-21,1.1,1.1,1.1,1.1,0
SDB,2023-06-22,1.1,1.1,1.1,1.1,0
SDB,2023-06-23,1.0,1.2,1.0,1.2,6100
SDB,2023-06-26,1.0,1.0,1.0,1.0,0
SDB,2023-06-27,1.0,1.0,1.0,1.0,0
SDB,2023-06-28,1.0,1.0,1.0,1.0,0
SDB,2023-06-29,1.0,1.0,1.0,1.0,0
SDB,2023-06-30,1.1,1.1,1.1,1.1,100
SDB,2023-07-03,1.1,1.1,1.1,1.1,0
SDB,2023-07-04,1.1,1.1,1.1,1.1,0
SDB,2023-07-05,1.1,1.1,1.1,1.1,0
SDB,2023-07-06,1.1,1.1,1.1,1.1,0
SDB,2023-07-07,1.0,1.0,1.0,1.0,1400
SDB,2023-07-10,1.0,1.0,1.0,1.0,0
SDB,2023-07-11,1.0,1.0,1.0,1.0,0
SDB,2023-07-12,1.0,1.0,1.0,1.0,0
SDB,2023-07-13,1.0,1.0,1.0,1.0,0
SDB,2023-07-14,1.1,1.1,0.9,0.9,4000
SDB,2023-07-17,0.9,0.9,0.9,0.9,0
SDB,2023-07-18,0.9,0.9,0.9,0.9,0
SDB,2023-07-19,0.9,0.9,0.9,0.9,0
SDB,2023-07-20,0.9,0.9,0.9,0.9,0
SDB,2023-07-21,0.9,1.0,0.9,1.0,1800
SDB,2023-07-24,0.9,0.9,0.9,0.9,0
SDB,2023-07-25,0.9,0.9,0.9,0.9,0
SDB,2023-07-26,0.9,0.9,0.9,0.9,0
SDB,2023-07-27,0.9,0.9,0.9,0.9,0
SDB,2023-07-28,1.0,1.0,0.9,0.9,32000
SDB,2023-07-31,0.9,0.9,0.9,0.9,0
SDB,2023-08-01,0.9,0.9,0.9,0.9,0
SDB,2023-08-02,0.9,0.9,0.9,0.9,0
SDB,2023-08-03,0.9,0.9,0.9,0.9,0
SDB,2023-08-04,1.0,1.0,0.9,1.0,3700
SDB,2023-08-07,1.0,1.0,1.0,1.0,0
SDB,2023-08-08,1.0,1.0,1.0,1.0,0
SDB,2023-08-09,1.0,1.0,1.0,1.0,0
SDB,2023-08-10,1.0,1.0,1.0,1.0,0
SDB,2023-08-11,1.1,1.1,1.1,1.1,100
SDB,2023-08-14,1.1,1.1,1.1,1.1,0
SDB,2023-08-15,1.1,1.1,1.1,1.1,0
SDB,2023-08-16,1.1,1.1,1.1,1.1,0
SDB,2023-08-17,1.1,1.1,1.1,1.1,0
SDB,2023-08-18,1.0,1.0,1.0,1.0,11800
SDB,2023-08-21,1.0,1.0,1.0,1.0,0
SDB,2023-08-22,1.0,1.0,1.0,1.0,0
SDB,2023-08-23,1.0,1.0,1.0,1.0,0
SDB,2023-08-24,1.0,1.0,1.0,1.0,0
SDB,2023-08-25,1.0,1.0,1.0,1.0,0
SDB,2023-08-28,1.0,1.0,1.0,1.0,0
SDB,2023-08-29,1.0,1.0,1.0,1.0,0
SDB,2023-08-30,1.0,1.0,1.0,1.0,0
SDB,2023-08-31,1.0,1.0,1.0,1.0,0
SDB,2023-09-05,1.0,1.0,1.0,1.0,0
SDB,2023-09-06,1.0,1.0,1.0,1.0,0
SDB,2023-09-07,1.0,1.0,1.0,1.0,0
SDB,2023-09-08,0.9,1.0,0.9,1.0,3600
SDB,2023-09-11,0.9,0.9,0.9,0.9,0
SDB,2023-09-12,0.9,0.9,0.9,0.9,0
SDB,2023-09-13,0.9,0.9,0.9,0.9,0
SDB,2023-09-14,0.9,0.9,0.9,0.9,0
SDB,2023-09-15,0.8,0.9,0.8,0.9,6500
SDB,2023-09-18,0.9,0.9,0.9,0.9,0
SDB,2023-09-19,0.9,0.9,0.9,0.9,0
SDB,2023-09-20,0.9,0.9,0.9,0.9,0
SDB,2023-09-21,0.9,0.9,0.9,0.9,0
SDB,2023-09-22,0.8,0.8,0.8,0.8,30800
SDB,2023-09-25,0.8,0.8,0.8,0.8,0
SDB,2023-09-26,0.8,0.8,0.8,0.8,0
SDB,2023-09-27,0.8,0.8,0.8,0.8,0
SDB,2023-09-28,0.8,0.8,0.8,0.8,0
SDB,2023-09-29,0.8,0.8,0.8,0.8,0
SDB,2023-10-02,0.8,0.8,0.8,0.8,0
SDB,2023-10-03,0.8,0.8,0.8,0.8,0
SDB,2023-10-04,0.8,0.8,0.8,0.8,0
SDB,2023-10-05,0.8,0.8,0.8,0.8,0
SDB,2023-10-06,0.7,0.7,0.7,0.7,100
SDB,2023-10-09,0.7,0.7,0.7,0.7,0
SDB,2023-10-10,0.7,0.7,0.7,0.7,0
SDB,2023-10-11,0.7,0.7,0.7,0.7,0
SDB,2023-10-12,0.7,0.7,0.7,0.7,0
SDB,2023-10-13,0.7,0.7,0.7,0.7,0
SDB,2023-10-16,0.7,0.7,0.7,0.7,0
SDB,2023-10-17,0.7,0.7,0.7,0.7,0
SDB,2023-10-18,0.7,0.7,0.7,0.7,0
SDB,2023-10-19,0.7,0.7,0.7,0.7,0
SDB,2023-10-20,0.6,0.6,0.6,0.6,900
SDB,2023-10-23,0.6,0.6,0.6,0.6,0
SDB,2023-10-24,0.6,0.6,0.6,0.6,0
SDB,2023-10-25,0.6,0.6,0.6,0.6,0
SDB,2023-10-26,0.6,0.6,0.6,0.6,0
SDB,2023-10-27,0.6,0.6,0.6,0.6,3600
SDB,2023-10-30,0.6,0.6,0.6,0.6,0
SDB,2023-10-31,0.6,0.6,0.6,0.6,0
SDB,2023-11-01,0.6,0.6,0.6,0.6,0
SDB,2023-11-02,0.6,0.6,0.6,0.6,0
SDB,2023-11-03,0.7,0.7,0.6,0.6,500
SDB,2023-11-06,0.6,0.6,0.6,0.6,0
SDB,2023-11-07,0.6,0.6,0.6,0.6,0
SDB,2023-11-08,0.6,0.6,0.6,0.6,0
SDB,2023-11-09,0.6,0.6,0.6,0.6,0
SDB,2023-11-10,0.6,0.6,0.6,0.6,600
SDB,2023-11-13,0.6,0.6,0.6,0.6,0
SDB,2023-11-14,0.6,0.6,0.6,0.6,0
SDB,2023-11-15,0.6,0.6,0.6,0.6,0
SDB,2023-11-16,0.6,0.6,0.6,0.6,0
SDB,2023-11-17,0.6,0.6,0.6,0.6,0
SDB,2023-11-20,0.6,0.6,0.6,0.6,0
SDB,2023-11-21,0.6,0.6,0.6,0.6,0
SDB,2023-11-22,0.6,0.6,0.6,0.6,0
SDB,2023-11-23,0.6,0.6,0.6,0.6,0
SDB,2023-11-24,0.7,0.7,0.7,0.7,100
SDB,2023-11-27,0.7,0.7,0.7,0.7,0
SDB,2023-11-28,0.7,0.7,0.7,0.7,0
SDB,2023-11-29,0.7,0.7,0.7,0.7,0
SDB,2023-11-30,0.7,0.7,0.7,0.7,0
SDB,2023-12-01,0.6,0.8,0.6,0.8,2800
SDB,2023-12-04,0.6,0.6,0.6,0.6,0
SDB,2023-12-05,0.6,0.6,0.6,0.6,0
SDB,2023-12-06,0.6,0.6,0.6,0.6,0
SDB,2023-12-07,0.6,0.6,0.6,0.6,0
SDB,2023-12-08,0.5,0.6,0.5,0.5,20400
SDB,2023-12-11,0.5,0.5,0.5,0.5,0
SDB,2023-12-12,0.5,0.5,0.5,0.5,0
SDB,2023-12-13,0.5,0.5,0.5,0.5,0
SDB,2023-12-14,0.5,0.5,0.5,0.5,0
SDB,2023-12-15,0.5,0.5,0.5,0.5,0
SDB,2023-12-18,0.5,0.5,0.5,0.5,0
SDB,2023-12-19,0.5,0.5,0.5,0.5,0
SDB,2023-12-20,0.5,0.5,0.5,0.5,0
SDB,2023-12-21,0.5,0.5,0.5,0.5,0
SDB,2023-12-22,0.5,0.5,0.5,0.5,0
SDB,2023-12-25,0.5,0.5,0.5,0.5,0
SDB,2023-12-26,0.5,0.5,0.5,0.5,0
SDB,2023-12-27,0.5,0.5,0.5,0.5,0
SDB,2023-12-28,0.5,0.5,0.5,0.5,0
SDB,2023-12-29,0.5,0.5,0.5,0.5,0
SDB,2024-01-02,0.5,0.5,0.5,0.5,0
SDB,2024-01-03,0.5,0.5,0.5,0.5,0
SDB,2024-01-04,0.5,0.5,0.5,0.5,0
SDB,2024-01-05,0.5,0.5,0.5,0.5,0
SDB,2024-01-08,0.5,0.5,0.5,0.5,0
SDB,2024-01-09,0.5,0.5,0.5,0.5,0
SDB,2024-01-10,0.5,0.5,0.5,0.5,0
SDB,2024-01-11,0.5,0.5,0.5,0.5,0
SDB,2024-01-12,0.5,0.5,0.5,0.5,0
SDB,2024-01-15,0.5,0.5,0.5,0.5,0
SDB,2024-01-16,0.5,0.5,0.5,0.5,0
SDB,2024-01-17,0.5,0.5,0.5,0.5,0
SDB,2024-01-18,0.5,0.5,0.5,0.5,0
SDB,2024-01-19,0.5,0.5,0.5,0.5,0
SDB,2024-01-22,0.5,0.5,0.5,0.5,0
SDB,2024-01-23,0.5,0.5,0.5,0.5,0
SDB,2024-01-24,0.5,0.5,0.5,0.5,0
SDB,2024-01-25,0.5,0.5,0.5,0.5,0
SDB,2024-01-26,0.5,0.5,0.5,0.5,0
SDB,2024-01-29,0.5,0.5,0.5,0.5,0
SDB,2024-01-30,0.5,0.5,0.5,0.5,0
SDB,2024-01-31,0.5,0.5,0.5,0.5,0
SDB,2024-02-01,0.5,0.5,0.5,0.5,0
SDB,2024-02-02,0.5,0.5,0.5,0.5,0
SDB,2024-02-05,0.5,0.5,0.5,0.5,0
SDB,2024-02-06,0.5,0.5,0.5,0.5,0
SDB,2024-02-07,0.5,0.5,0.5,0.5,0
SDB,2024-02-15,0.5,0.5,0.5,0.5,0
SDB,2024-02-16,0.5,0.5,0.5,0.5,0
SDB,2024-02-19,0.5,0.5,0.5,0.5,0
SDB,2024-02-20,0.5,0.5,0.5,0.5,0
SDB,2024-02-21,0.5,0.5,0.5,0.5,0
SDB,2024-02-22,0.5,0.5,0.5,0.5,0
SDB,2024-02-23,0.5,0.5,0.5,0.5,0
SDB,2024-02-26,0.5,0.5,0.5,0.5,0
SDB,2024-02-27,0.5,0.5,0.5,0.5,0
SDB,2024-02-28,0.5,0.5,0.5,0.5,0
SDB,2024-02-29,0.5,0.5,0.5,0.5,0
SDB,2024-03-01,0.5,0.5,0.5,0.5,0
SDB,2024-03-04,0.5,0.5,0.5,0.5,0
SDB,2024-03-05,0.5,0.5,0.5,0.5,0
SDB,2024-03-06,0.5,0.5,0.5,0.5,0
SDB,2024-03-07,0.5,0.5,0.5,0.5,0
SDB,2024-03-08,0.5,0.5,0.5,0.5,0
SDB,2024-03-11,0.5,0.5,0.5,0.5,0
SDB,2024-03-12,0.5,0.5,0.5,0.5,0
SDB,2024-03-13,0.5,0.5,0.5,0.5,0
SDB,2024-03-14,0.5,0.5,0.5,0.5,0
SDB,2024-03-15,0.5,0.5,0.5,0.5,0
SDB,2024-03-18,0.5,0.5,0.5,0.5,0
SDB,2024-03-19,0.5,0.5,0.5,0.5,0
SDB,2024-03-20,0.5,0.5,0.5,0.5,0
SDB,2024-03-21,0.5,0.5,0.5,0.5,0
SDB,2024-03-22,0.5,0.5,0.5,0.5,0
SDB,2024-03-25,0.5,0.5,0.5,0.5,0
SDB,2024-03-26,0.5,0.5,0.5,0.5,0
SDB,2024-03-27,0.5,0.5,0.5,0.5,0
SDB,2024-03-28,0.5,0.5,0.5,0.5,0
SDB,2024-03-29,0.5,0.5,0.5,0.5,0
SDB,2024-04-01,0.5,0.5,0.5,0.5,0
SDB,2024-04-02,0.5,0.5,0.5,0.5,0
SDB,2024-04-03,0.5,0.5,0.5,0.5,0
SDB,2024-04-04,0.5,0.5,0.5,0.5,0
SDB,2024-04-05,0.5,0.5,0.5,0.5,0
SDB,2024-04-08,0.5,0.5,0.5,0.5,0
SDB,2024-04-09,0.5,0.5,0.5,0.5,0
SDB,2024-04-10,0.5,0.5,0.5,0.5,0
SDB,2024-04-11,0.5,0.5,0.5,0.5,0
SDB,2024-04-12,0.5,0.5,0.5,0.5,0
SDB,2024-04-15,0.5,0.5,0.5,0.5,0
SDB,2024-04-16,0.5,0.5,0.5,0.5,0
SDB,2024-04-17,0.5,0.5,0.5,0.5,0
SDB,2024-04-19,0.5,0.5,0.5,0.5,0
SDB,2024-04-22,0.5,0.5,0.5,0.5,0
SDB,2024-04-23,0.5,0.5,0.5,0.5,0
SDB,2024-04-24,0.5,0.5,0.5,0.5,0
SDB,2024-04-25,0.5,0.5,0.5,0.5,0
SDB,2024-04-26,0.5,0.5,0.5,0.5,0
SDB,2024-05-02,0.5,0.5,0.5,0.5,0
SDB,2024-05-03,0.5,0.5,0.5,0.5,0
SDB,2024-05-06,0.5,0.5,0.5,0.5,0
SDB,2024-05-07,0.5,0.5,0.5,0.5,0
SDB,2024-05-08,0.5,0.5,0.5,0.5,0
SDB,2024-05-09,0.5,0.5,0.5,0.5,0
SDB,2024-05-10,0.5,0.5,0.5,0.5,0
SDB,2024-05-13,0.5,0.5,0.5,0.5,0
SDB,2024-05-14,0.5,0.5,0.5,0.5,0
SDB,2024-05-15,0.5,0.5,0.5,0.5,0
SDB,2024-05-16,0.5,0.5,0.5,0.5,0
SDB,2024-05-17,0.5,0.5,0.5,0.5,0
SDB,2024-05-20,0.5,0.5,0.5,0.5,0
SDB,2024-05-21,0.5,0.5,0.5,0.5,0
SDB,2024-05-22,0.5,0.5,0.5,0.5,0
SDB,2024-05-23,0.5,0.5,0.5,0.5,0
SDB,2024-05-24,0.5,0.5,0.5,0.5,0
SDB,2024-05-27,0.5,0.5,0.5,0.5,0
SDB,2024-05-28,0.5,0.5,0.5,0.5,0
SDB,2024-05-29,0.5,0.5,0.5,0.5,0
SDB,2024-05-30,0.5,0.5,0.5,0.5,0
SDB,2024-05-31,0.5,0.5,0.5,0.5,0
SDB,2024-06-03,0.5,0.5,0.5,0.5,0
SDB,2024-06-04,0.5,0.5,0.5,0.5,0
SDB,2024-06-05,0.5,0.5,0.5,0.5,0
SDB,2024-06-06,0.5,0.5,0.5,0.5,0
SDB,2024-06-07,0.5,0.5,0.5,0.5,0
SDB,2024-06-10,0.5,0.5,0.5,0.5,0
SDB,2024-06-11,0.5,0.5,0.5,0.5,0
SDB,2024-06-12,0.5,0.5,0.5,0.5,0
SDB,2024-06-13,0.5,0.5,0.5,0.5,0
SDB,2024-06-14,0.5,0.5,0.5,0.5,0
SDB,2024-06-17,0.5,0.5,0.5,0.5,0
SDB,2024-06-18,0.5,0.5,0.5,0.5,0
SDB,2024-06-19,0.5,0.5,0.5,0.5,0
SDB,2024-06-20,0.5,0.5,0.5,0.5,0
SDB,2024-06-21,0.5,0.5,0.5,0.5,0
SDB,2024-06-24,0.5,0.5,0.5,0.5,0
SDB,2024-06-25,0.5,0.5,0.5,0.5,0
SDB,2024-06-26,0.5,0.5,0.5,0.5,0
SDB,2024-06-27,0.5,0.5,0.5,0.5,0
SDB,2024-06-28,0.5,0.5,0.5,0.5,0
SDB,2024-07-01,0.5,0.5,0.5,0.5,0
SDB,2024-07-02,0.5,0.5,0.5,0.5,0
SDB,2024-07-03,0.5,0.5,0.5,0.5,0
SDB,2024-07-04,0.5,0.5,0.5,0.5,0
SDB,2024-07-05,0.5,0.5,0.5,0.5,0
SDB,2024-07-08,0.5,0.5,0.5,0.5,0
SDB,2024-07-09,0.5,0.5,0.5,0.5,0
SDB,2024-07-10,0.5,0.5,0.5,0.5,0
SDB,2024-07-11,0.5,0.5,0.5,0.5,0
SDB,2024-07-12,0.5,0.5,0.5,0.5,0
SDB,2024-07-15,0.5,0.5,0.5,0.5,0
SDB,2024-07-16,0.5,0.5,0.5,0.5,0
SDB,2024-07-17,0.5,0.5,0.5,0.5,0
SDB,2024-07-18,0.5,0.5,0.5,0.5,0
SDB,2024-07-19,0.5,0.5,0.5,0.5,0
SDB,2024-07-22,0.5,0.5,0.5,0.5,0
SDB,2024-07-23,0.5,0.5,0.5,0.5,0
SDB,2024-07-24,0.5,0.5,0.5,0.5,0
SDB,2024-07-25,0.5,0.5,0.5,0.5,0
SDA,2006-12-21,33.48,35.71,33.26,33.26,13800
SDA,2006-12-22,33.48,33.48,30.62,30.62,4600
SDA,2006-12-25,27.99,27.99,27.99,27.99,4000
SDA,2006-12-26,25.22,25.22,25.22,25.22,600
SDA,2006-12-27,22.72,24.11,22.72,24.11,1800
SDA,2006-12-28,22.32,24.11,22.32,24.11,4600
SDA,2006-12-29,24.11,25.67,24.11,25.67,5300
SDA,2007-01-02,26.56,26.74,26.56,25.67,5000
SDA,2007-01-03,29.02,29.33,28.97,29.33,2700
SDA,2007-01-04,31.25,31.47,31.25,31.47,3100
SDA,2007-01-05,32.14,33.48,31.47,33.04,7700
SDA,2007-01-08,33.08,33.08,31.21,31.21,11100
SDA,2007-01-09,32.37,32.37,32.37,32.37,3600
SDA,2007-01-10,32.37,33.93,32.37,33.48,12500
SDA,2007-01-11,33.26,33.93,33.26,33.93,16400
SDA,2007-01-12,36.16,37.05,35.71,37.05,4000
SDA,2007-01-15,39.73,40.09,39.73,40.0,14300
SDA,2007-01-16,43.97,43.97,43.97,43.97,7000
SDA,2007-01-17,48.21,48.35,39.6,44.2,18000
SDA,2007-01-18,49.11,49.11,43.75,46.87,19900
SDA,2007-01-19,45.54,48.21,45.54,46.43,23200
SDA,2007-01-22,47.77,49.11,46.87,46.43,17500
SDA,2007-01-23,47.32,48.21,47.32,48.21,22700
SDA,2007-01-24,48.21,48.66,47.77,48.21,14900
SDA,2007-01-25,48.66,48.66,47.32,47.77,7100
SDA,2007-01-26,48.21,52.59,48.21,48.88,22000
SDA,2007-01-29,49.55,54.37,49.11,53.57,11400
SDA,2007-01-30,58.21,58.21,58.21,58.21,1500
SDA,2007-01-31,64.02,64.02,64.02,64.02,6200
SDA,2007-02-01,70.4,70.4,70.4,70.4,8000
SDA,2007-02-02,77.23,77.41,77.23,77.41,6000
SDA,2007-02-05,85.13,85.13,85.13,85.13,15600
SDA,2007-02-06,93.62,93.62,93.62,93.62,11900
SDA,2007-02-07,102.95,102.95,102.95,102.95,7000
SDA,2007-02-08,113.21,113.21,113.21,113.21,14400
SDA,2007-02-09,124.51,124.51,102.23,114.28,17000
SDA,2007-02-12,115.13,115.13,106.47,106.47,4000
SDA,2007-02-13,98.66,102.68,98.21,98.21,4300
SDA,2007-02-14,102.68,108.26,98.21,107.14,4900
SDA,2007-02-15,116.03,116.03,116.03,116.03,3000
SDA,2007-02-26,127.59,127.59,127.59,127.59,11200
SDA,2007-02-27,140.31,140.31,139.73,140.31,17000
SDA,2007-02-28,154.24,154.24,129.46,129.46,1300
SDA,2007-03-01,133.93,140.18,129.46,129.46,3600
SDA,2007-03-02,129.46,131.7,120.53,129.46,6100
SDA,2007-03-05,139.28,139.28,125.0,125.0,9000
SDA,2007-03-06,130.36,130.36,113.84,120.53,8200
SDA,2007-03-07,119.64,120.53,109.37,109.37,4500
SDA,2007-03-08,120.53,120.98,111.61,116.07,10400
SDA,2007-03-09,125.0,125.0,120.53,120.98,3500
SDA,2007-03-12,125.0,125.0,120.53,122.77,1500
SDA,2007-03-13,120.53,122.28,120.53,120.53,400
SDA,2007-03-14,120.04,120.04,115.18,120.53,900
SDA,2007-03-15,109.37,109.37,105.4,105.4,900
SDA,2007-03-16,107.14,116.52,98.21,116.07,1200
SDA,2007-03-19,119.51,119.51,111.56,119.2,9900
SDA,2007-03-20,130.49,130.49,113.84,122.77,8200
SDA,2007-03-21,120.49,120.53,118.3,118.3,2400
SDA,2007-03-22,118.3,118.3,109.37,113.84,5200
SDA,2007-03-23,113.79,113.79,109.42,112.5,5500
SDA,2007-03-26,123.26,123.3,112.5,112.5,7500
SDA,2007-03-27,112.95,116.03,109.37,112.5,3800
SDA,2007-03-28,103.12,111.61,100.62,111.61,3000
SDA,2007-03-29,115.18,115.18,115.18,115.18,1100
SDA,2007-03-30,119.2,120.49,111.61,115.18,2300
SDA,2007-04-02,117.28,117.28,106.25,106.25,1900
SDA,2007-04-03,102.68,102.68,102.68,102.68,1300
SDA,2007-04-04,98.7,105.36,98.21,100.45,11500
SDA,2007-04-05,104.91,109.37,101.78,107.14,5600
SDA,2007-04-06,107.14,108.03,107.14,108.03,2300
SDA,2007-04-09,109.37,114.28,109.37,112.72,3200
SDA,2007-04-10,119.2,122.77,114.73,116.07,5800
SDA,2007-04-11,118.3,122.77,118.3,122.77,12600
SDA,2007-04-12,133.03,133.3,126.16,133.3,13900
SDA,2007-04-13,146.34,146.34,133.3,138.39,27700
SDA,2007-04-16,141.52,141.52,128.12,128.17,10400
SDA,2007-04-17,125.0,125.0,124.46,124.46,1000
SDA,2007-04-18,112.19,129.24,112.19,129.24,3900
SDA,2007-04-19,125.0,125.0,120.09,120.53,1400
SDA,2007-04-20,120.53,122.77,118.3,122.54,1700
SDA,2007-04-23,123.21,123.21,118.3,119.64,2200
SDA,2007-04-24,116.29,116.96,116.07,116.07,2600
SDA,2007-04-25,117.86,122.1,117.86,122.1,4900
SDA,2007-05-02,128.57,128.57,116.07,120.49,2200
SDA,2007-05-03,130.45,130.45,118.75,119.64,4100
SDA,2007-05-04,119.64,120.09,119.64,119.64,2800
SDA,2007-05-07,121.65,121.65,118.3,120.49,5900
SDA,2007-05-08,120.98,125.0,120.53,122.77,11800
SDA,2007-05-09,123.88,123.88,120.53,120.53,6800
SDA,2007-05-10,121.43,121.43,118.3,118.75,5300
SDA,2007-05-11,119.2,121.43,119.2,120.53,6200
SDA,2007-05-14,121.43,124.11,120.09,124.11,12100
SDA,2007-05-15,128.12,128.12,123.3,124.55,16900
SDA,2007-05-16,125.0,125.0,124.33,124.55,7300
SDA,2007-05-17,124.11,124.95,118.3,124.95,8700
SDA,2007-05-18,125.53,136.16,125.22,136.16,27800
SDA,2007-05-21,142.86,144.55,140.62,144.55,49200
SDA,2007-05-22,158.79,158.79,147.32,156.03,35300
SDA,2007-05-23,172.77,172.77,142.23,146.65,15200
SDA,2007-05-24,149.55,149.55,136.87,136.87,5700
SDA,2007-05-25,132.59,151.34,128.57,150.89,31900
SDA,2007-05-28,154.02,154.02,149.64,150.89,35100
SDA,2007-05-29,151.78,162.94,149.55,151.34,29300
SDA,2007-05-30,154.02,156.25,147.32,150.0,13500
SDA,2007-05-31,149.55,151.78,149.55,151.11,14500
SDA,2007-06-01,151.78,154.02,150.44,150.44,13700
SDA,2007-06-04,150.89,151.78,147.77,149.55,5000
SDA,2007-06-05,147.32,148.21,143.75,147.32,11000
SDA,2007-06-06,145.53,149.55,145.53,148.88,7200
SDA,2007-06-07,149.55,149.55,147.32,148.61,2900
SDA,2007-06-08,148.66,148.66,143.75,145.53,4800
SDA,2007-06-11,147.32,147.32,145.09,146.65,6700
SDA,2007-06-12,147.32,151.78,145.98,147.77,14000
SDA,2007-06-13,149.11,149.11,147.77,148.57,4000
SDA,2007-06-14,149.11,149.11,145.98,147.1,1700
SDA,2007-06-15,147.32,147.32,146.87,147.23,3800
SDA,2007-06-18,147.1,147.1,145.09,145.09,2500
SDA,2007-06-19,145.09,145.09,144.19,144.19,5000
SDA,2007-06-20,143.75,144.42,142.86,143.3,4100
SDA,2007-06-21,143.3,143.3,140.53,140.58,3400
SDA,2007-06-22,138.39,141.07,138.39,140.18,5100
SDA,2007-06-25,142.86,145.09,140.67,143.39,6200
SDA,2007-06-26,144.86,146.87,144.86,145.98,5900
SDA,2007-06-27,44.2,44.64,44.2,146.43,1500
SDA,2007-06-28,144.64,144.64,140.62,140.62,5900
SDA,2007-06-29,42.86,43.75,41.96,141.07,5100
SDA,2007-07-02,41.96,41.96,40.18,132.59,3900
SDA,2007-07-03,39.29,39.29,37.5,125.0,9700
SDA,2007-07-04,40.18,41.52,39.29,136.29,6800
SDA,2007-07-05,40.62,40.62,40.18,132.14,1000
SDA,2007-07-06,40.18,40.18,39.29,132.14,4400
SDA,2007-07-09,40.62,40.62,39.73,133.03,4000
SDA,2007-07-10,41.96,42.86,41.52,139.95,9600
SDA,2007-07-11,43.3,44.64,42.41,142.86,10100
SDA,2007-07-12,43.75,43.75,41.07,137.95,6500
SDA,2007-07-13,41.96,42.41,41.52,139.28,9400
SDA,2007-07-16,41.07,41.07,39.73,133.93,4600
SDA,2007-07-17,41.96,44.2,40.62,135.27,6500
SDA,2007-07-18,42.41,42.41,41.07,137.05,14400
SDA,2007-07-19,41.96,41.96,40.62,133.93,6200
SDA,2007-07-20,41.07,41.07,39.73,131.03,4100
SDA,2007-07-23,39.29,40.18,37.95,128.57,6700
SDA,2007-07-24,38.84,38.84,37.95,123.75,9300
SDA,2007-07-25,37.5,37.5,35.71,116.07,8800
SDA,2007-07-26,34.82,35.71,33.48,110.27,5800
SDA,2007-07-27,33.93,33.93,32.59,107.14,20700
SDA,2007-07-30,34.37,36.16,34.37,36.2,18500
SDA,2007-07-31,37.5,39.29,37.05,39.42,26600
SDA,2007-08-01,40.62,42.86,40.62,42.81,21500
SDA,2007-08-02,46.87,46.87,38.84,41.96,77700
SDA,2007-08-03,46.87,46.87,41.52,41.38,14400
SDA,2007-08-06,42.41,42.41,37.95,38.39,15700
SDA,2007-08-07,37.95,40.18,37.95,39.95,6200
SDA,2007-08-08,40.18,40.62,39.29,39.73,12300
SDA,2007-08-09,40.18,40.62,39.73,40.4,13300
SDA,2007-08-10,40.62,40.62,38.39,39.29,4500
SDA,2007-08-13,37.05,38.39,37.05,38.17,8500
SDA,2007-08-14,37.95,38.84,37.5,38.84,8200
SDA,2007-08-15,38.84,38.84,38.39,38.62,8200
SDA,2007-08-16,38.39,38.39,37.95,38.17,6400
SDA,2007-08-17,37.05,37.5,37.05,36.83,9600
SDA,2007-08-20,36.61,37.05,35.71,36.38,7900
SDA,2007-08-21,36.61,36.61,36.16,36.38,7600
SDA,2007-08-22,36.16,36.16,35.71,35.67,6300
SDA,2007-08-23,35.71,35.71,33.93,34.78,5800
SDA,2007-08-24,35.27,35.71,34.37,35.71,6700
SDA,2007-08-27,36.61,36.61,35.71,35.85,10200
SDA,2007-08-28,36.16,36.16,35.71,35.71,8300
SDA,2007-08-29,35.27,35.71,35.27,35.49,3100
SDA,2007-08-30,35.71,37.05,35.71,36.83,14000
SDA,2007-08-31,36.61,37.95,36.61,37.72,21100
SDA,2007-09-04,38.39,38.84,37.5,37.5,17100
SDA,2007-09-05,37.5,37.95,37.05,37.72,7100
SDA,2007-09-06,37.05,37.5,37.05,37.5,5900
SDA,2007-09-07,37.5,38.84,37.5,38.79,24200
SDA,2007-09-10,38.97,41.96,38.39,41.29,42200
SDA,2007-09-11,42.41,42.86,41.96,42.19,50300
SDA,2007-09-12,43.3,43.7,42.41,42.63,37500
SDA,2007-09-13,42.86,42.86,40.4,41.07,17000
SDA,2007-09-14,41.52,41.74,40.18,40.98,22300
SDA,2007-09-17,40.62,41.2,40.62,41.2,21100
SDA,2007-09-18,41.52,41.65,41.16,41.56,17600
SDA,2007-09-19,41.96,42.23,41.87,42.23,23200
SDA,2007-09-20,43.75,43.75,41.96,42.86,23800
SDA,2007-09-21,43.44,43.44,42.01,42.41,8000
SDA,2007-09-24,41.52,42.86,41.52,42.77,21200
SDA,2007-09-25,43.7,43.97,42.54,43.66,29700
SDA,2007-09-26,43.79,44.42,43.53,43.7,18400
SDA,2007-09-27,44.64,44.64,43.3,43.75,16100
SDA,2007-09-28,44.2,48.04,43.53,48.04,44800
SDA,2007-10-01,50.27,50.27,50.27,50.27,12500
SDA,2007-10-02,55.27,55.27,53.57,55.13,69200
SDA,2007-10-03,60.54,60.54,55.8,60.54,65400
SDA,2007-10-04,62.5,64.91,61.61,64.91,34800
SDA,2007-10-05,70.94,70.94,70.94,70.94,34500
SDA,2007-10-08,77.99,77.99,65.62,66.96,60700
SDA,2007-10-09,73.21,73.21,69.33,69.33,28500
SDA,2007-10-10,66.07,77.23,63.84,73.66,64900
SDA,2007-10-11,76.65,76.65,73.66,76.65,51600
SDA,2007-10-12,83.79,83.79,78.17,82.28,63200
SDA,2007-10-15,89.28,90.49,85.71,90.49,50700
SDA,2007-10-16,98.79,98.79,98.79,98.79,31200
SDA,2007-10-17,108.66,108.66,91.52,95.98,79500
SDA,2007-10-18,93.75,95.98,93.66,93.66,72600
SDA,2007-10-19,93.3,103.17,85.27,103.17,50400
SDA,2007-10-22,107.14,108.84,104.91,108.84,67300
SDA,2007-10-23,116.07,118.26,107.63,111.61,47100
SDA,2007-10-24,109.37,119.2,104.91,115.18,50200
SDA,2007-10-25,118.3,126.78,118.3,124.55,73100
SDA,2007-10-26,127.23,133.93,112.95,116.07,20000
SDA,2007-10-29,119.64,119.64,107.1,109.37,40100
SDA,2007-10-30,107.14,107.14,103.26,103.57,25900
SDA,2007-10-31,104.73,104.73,98.21,102.23,50600
SDA,2007-11-01,111.61,111.61,109.37,111.61,19900
SDA,2007-11-02,122.54,122.59,104.91,109.37,17800
SDA,2007-11-05,107.14,107.14,100.45,104.02,18600
SDA,2007-11-06,101.34,102.68,98.66,102.23,23900
SDA,2007-11-07,101.34,110.22,100.67,102.68,27900
SDA,2007-11-08,107.14,107.14,100.89,102.68,12200
SDA,2007-11-09,98.21,98.66,95.98,98.21,16200
SDA,2007-11-12,96.43,97.32,89.37,91.52,17800
SDA,2007-11-13,85.76,87.95,84.73,84.73,17800
SDA,2007-11-14,81.25,93.62,78.12,93.62,26500
SDA,2007-11-15,100.4,100.89,84.82,91.07,17800
SDA,2007-11-16,90.18,90.18,86.2,88.39,14000
SDA,2007-11-19,88.39,93.75,88.39,93.75,15200
SDA,2007-11-20,94.64,94.64,91.12,92.41,25700
SDA,2007-11-21,91.52,92.86,88.84,91.29,20500
SDA,2007-11-22,90.62,91.52,88.84,89.51,15100
SDA,2007-11-23,89.73,90.18,86.61,88.39,19200
SDA,2007-11-26,87.05,89.28,87.05,89.28,14200
SDA,2007-11-27,88.39,90.62,88.39,88.62,14800
SDA,2007-11-28,89.73,89.73,88.84,88.84,3500
SDA,2007-11-29,88.84,91.52,88.84,90.4,16000
SDA,2007-11-30,89.73,90.18,89.28,89.73,7700
SDA,2007-12-03,91.07,91.07,89.42,91.07,15900
SDA,2007-12-04,92.41,98.21,92.41,95.31,21800
SDA,2007-12-05,95.98,95.98,89.28,95.36,32000
SDA,2007-12-06,92.41,93.3,92.41,92.63,15600
SDA,2007-12-07,92.9,92.9,90.62,92.41,32800
SDA,2007-12-10,91.52,91.74,90.27,90.67,12500
SDA,2007-12-11,88.84,88.84,87.99,88.79,8600
SDA,2007-12-12,88.39,91.52,87.05,88.84,23900
SDA,2007-12-13,86.16,87.05,85.76,86.61,4100
SDA,2007-12-14,85.36,85.71,84.82,85.27,5200
SDA,2007-12-17,85.27,85.27,77.01,78.66,11400
SDA,2007-12-18,73.66,80.36,72.77,78.12,23800
SDA,2007-12-19,80.36,84.11,79.91,83.03,22300
SDA,2007-12-20,83.03,83.03,74.37,75.89,67700
SDA,2007-12-21,72.77,78.57,72.32,75.89,90900
SDA,2007-12-24,77.23,77.68,75.0,76.34,42500
SDA,2007-12-25,76.34,76.34,74.78,75.85,45700
SDA,2007-12-26,74.11,77.45,73.88,75.89,46600
SDA,2007-12-27,75.89,76.34,75.89,76.2,36400
SDA,2007-12-28,75.89,77.23,75.45,77.23,24300
SDA,2008-01-02,77.23,77.23,75.0,75.89,25500
SDA,2008-01-03,75.89,75.89,73.66,74.55,20400
SDA,2008-01-04,74.11,74.11,71.87,73.39,20500
SDA,2008-01-07,70.54,72.32,67.9,69.2,36300
SDA,2008-01-08,66.07,72.32,65.89,68.75,77200
SDA,2008-01-09,68.75,70.49,66.96,67.23,34800
SDA,2008-01-10,65.62,67.19,62.5,66.52,39100
SDA,2008-01-11,64.29,69.2,64.29,66.07,35300
SDA,2008-01-14,66.47,66.47,60.94,61.25,59200
SDA,2008-01-15,60.27,60.31,55.8,56.7,73900
SDA,2008-01-16,59.37,62.1,58.08,62.1,45400
SDA,2008-01-17,66.96,67.86,57.14,62.95,94900
SDA,2008-01-18,62.5,67.41,61.2,65.62,64300
SDA,2008-01-21,63.39,64.69,62.5,64.64,26500
SDA,2008-01-22,63.39,63.39,61.61,62.77,48500
SDA,2008-01-23,62.5,62.59,59.6,62.1,53700
SDA,2008-01-24,63.04,63.84,59.37,60.49,50700
SDA,2008-01-25,61.16,62.28,60.54,61.16,27500
SDA,2008-01-28,62.05,62.28,60.54,61.16,22400
SDA,2008-01-29,61.61,66.07,61.07,62.5,64700
SDA,2008-01-30,64.73,68.93,64.73,68.93,88500
SDA,2008-01-31,72.72,72.77,64.29,67.86,45200
SDA,2008-02-01,68.39,70.54,67.86,68.75,44300
SDA,2008-02-12,68.3,68.3,65.18,65.62,26300
SDA,2008-02-13,66.07,66.07,62.5,62.95,40100
SDA,2008-02-14,63.62,66.07,62.5,63.39,23500
SDA,2008-02-15,63.39,63.39,61.61,62.5,19700
SDA,2008-02-18,60.27,60.71,58.04,59.37,45500
SDA,2008-02-19,59.37,61.38,56.29,58.93,38500
SDA,2008-02-20,59.78,59.78,53.7,54.24,36400
SDA,2008-02-21,51.34,54.87,50.4,50.4,31900
SDA,2008-02-22,46.87,53.57,45.45,50.45,104800
SDA,2008-02-25,49.11,52.37,49.11,52.37,24900
SDA,2008-02-26,54.91,55.8,46.92,47.32,48900
SDA,2008-02-27,45.54,51.34,45.09,47.32,41200
SDA,2008-02-28,47.32,49.11,46.87,47.77,51000
SDA,2008-02-29,47.77,47.77,45.58,46.43,47400
SDA,2008-03-03,46.25,47.32,41.65,41.65,77700
SDA,2008-03-04,38.66,38.66,38.3,38.3,8500
SDA,2008-03-05,34.51,38.17,34.51,34.55,94300
SDA,2008-03-06,35.71,38.12,35.71,38.12,12300
SDA,2008-03-07,41.74,41.74,41.74,41.74,53600
SDA,2008-03-10,45.89,45.89,40.27,42.86,181000
SDA,2008-03-11,43.75,43.75,40.62,40.62,68000
SDA,2008-03-12,39.73,43.75,39.73,42.41,44700
SDA,2008-03-13,44.24,44.24,41.74,42.63,27900
SDA,2008-03-14,41.56,42.5,41.56,41.96,43700
SDA,2008-03-17,41.16,41.16,37.81,37.95,68000
SDA,2008-03-18,35.71,35.71,34.42,34.42,85500
SDA,2008-03-19,35.71,36.61,32.14,33.48,42000
SDA,2008-03-20,35.0,35.62,33.48,33.53,42900
SDA,2008-03-21,33.04,33.48,31.16,31.16,61600
SDA,2008-03-24,28.57,29.02,28.39,28.39,15100
SDA,2008-03-25,26.07,26.07,25.71,25.71,8700
SDA,2008-03-26,23.17,26.79,23.17,25.76,61300
SDA,2008-03-27,26.03,26.03,26.03,26.03,500
SDA,2008-03-28,26.52,26.52,26.52,26.52,500
SDA,2008-03-31,27.01,27.01,27.01,27.01,100
SDA,2008-04-01,27.54,27.54,27.54,27.54,10200
SDA,2008-04-02,28.08,28.08,28.08,28.08,7200
SDA,2008-04-03,28.62,28.62,28.62,28.62,1100
SDA,2008-04-04,29.15,29.15,29.15,29.15,100
SDA,2008-04-07,30.0,30.0,30.0,30.0,200
SDA,2008-04-08,30.89,30.89,29.11,30.76,107200
SDA,2008-04-09,29.91,29.96,29.06,29.06,10500
SDA,2008-04-10,28.35,28.35,28.35,28.35,100
SDA,2008-04-11,27.5,27.5,27.5,27.5,2400
SDA,2008-04-16,26.7,26.7,26.7,26.7,6200
SDA,2008-04-17,25.94,27.46,25.94,27.41,74500
SDA,2008-04-18,27.01,27.23,25.89,25.89,13800
SDA,2008-04-21,25.4,25.4,25.4,25.4,2500
SDA,2008-04-22,24.64,24.64,24.64,24.64,600
SDA,2008-04-23,23.93,23.93,23.93,23.93,100
SDA,2008-04-24,23.21,23.66,23.21,23.21,29000
SDA,2008-04-25,22.54,22.54,22.54,22.54,4500
SDA,2008-04-28,21.87,22.77,21.87,21.87,54900
SDA,2008-04-29,21.34,21.87,21.34,21.34,16300
SDA,2008-05-05,20.76,20.76,20.76,20.76,600
SDA,2008-05-06,20.18,20.18,20.18,20.18,100
SDA,2008-05-07,19.6,19.6,19.6,19.6,400
SDA,2008-05-08,19.02,19.02,19.02,19.02,600
SDA,2008-05-09,18.48,18.48,18.48,18.48,100
SDA,2008-05-12,17.95,17.95,17.95,17.95,100
SDA,2008-05-13,17.41,17.41,17.41,17.41,100
SDA,2008-05-14,16.92,16.92,16.92,16.92,100
SDA,2008-05-15,16.43,16.43,16.43,16.43,100
SDA,2008-05-16,15.94,15.94,15.94,15.94,17000
SDA,2008-05-19,15.49,15.49,15.49,15.49,400
SDA,2008-05-20,15.04,15.04,15.04,15.04,100
SDA,2008-05-21,14.6,14.6,14.6,14.6,400
SDA,2008-05-22,14.2,14.2,14.2,14.2,200
SDA,2008-05-23,13.79,13.79,13.79,13.79,200
SDA,2008-05-26,13.79,13.79,13.79,13.79,0
SDA,2008-05-27,13.39,13.39,13.39,13.39,100
SDA,2008-05-28,12.99,12.99,12.99,12.99,300
SDA,2008-05-29,12.63,12.63,12.63,12.63,7900
SDA,2008-05-30,12.28,12.28,12.28,12.28,1300
SDA,2008-06-02,11.92,11.92,11.92,11.92,200
SDA,2008-06-03,11.56,11.56,11.56,11.56,300
SDA,2008-06-04,11.25,11.25,11.25,11.25,100
SDA,2008-06-05,10.94,10.94,10.94,10.94,700
SDA,2008-06-06,10.62,10.62,10.62,10.62,100
SDA,2008-06-09,10.31,10.31,10.31,10.31,3000
SDA,2008-06-10,10.04,10.04,10.04,10.04,8500
SDA,2008-06-11,9.78,10.31,9.78,10.31,109100
SDA,2008-06-12,10.13,10.4,9.87,10.4,67100
SDA,2008-06-13,10.58,10.58,10.58,10.58,33700
SDA,2008-06-16,10.89,10.89,10.89,10.89,15800
SDA,2008-06-17,11.21,11.21,11.21,11.21,3800
SDA,2008-06-18,11.52,11.52,10.89,10.89,55000
SDA,2008-06-19,10.89,10.89,10.89,10.89,2700
SDA,2008-06-20,10.49,10.49,10.49,10.49,2100
SDA,2008-06-23,10.09,10.89,10.09,10.49,70500
SDA,2008-06-24,10.18,10.71,9.96,10.45,27200
SDA,2008-06-25,10.31,10.71,10.31,10.71,40300
SDA,2008-06-26,11.07,11.07,10.27,10.67,31200
SDA,2008-06-27,10.27,10.62,10.13,10.13,35600
SDA,2008-06-30,9.91,10.67,9.91,10.67,56200
SDA,2008-07-01,10.89,10.89,10.71,10.89,12300
SDA,2008-07-02,11.25,11.25,10.54,11.25,109600
SDA,2008-07-03,11.61,11.61,11.61,11.61,8200
SDA,2008-07-04,12.05,12.05,12.05,12.05,8700
SDA,2008-07-07,12.5,12.5,11.61,12.5,210200
SDA,2008-07-08,12.86,12.86,11.87,12.86,121500
SDA,2008-07-09,12.86,12.86,12.86,12.86,6700
SDA,2008-07-10,13.35,13.35,13.35,13.35,11400
SDA,2008-07-11,13.84,13.84,13.84,13.84,1000
SDA,2008-07-14,14.37,14.37,14.37,14.37,1500
SDA,2008-07-15,14.91,14.91,14.91,14.91,6900
SDA,2008-07-16,15.49,15.49,14.51,15.49,270900
SDA,2008-07-17,16.07,16.07,16.07,16.07,800
SDA,2008-07-18,16.7,16.7,16.12,16.7,133400
SDA,2008-07-21,17.28,17.28,16.03,16.03,95800
SDA,2008-07-22,15.98,15.98,15.98,15.98,300
SDA,2008-07-23,15.36,16.61,15.36,15.62,185300
SDA,2008-07-24,14.87,16.03,14.87,15.4,204000
SDA,2008-07-25,15.71,16.34,15.09,15.71,82300
SDA,2008-07-28,15.8,16.43,15.36,16.43,37000
SDA,2008-07-29,16.96,16.96,16.96,16.96,24000
SDA,2008-07-30,17.63,17.63,16.74,17.63,345300
SDA,2008-07-31,18.26,18.26,17.63,18.26,101000
SDA,2008-08-01,18.84,18.84,18.75,18.84,77200
SDA,2008-08-04,19.55,19.55,19.55,19.55,10800
SDA,2008-08-05,19.64,20.27,18.79,18.79,112300
SDA,2008-08-06,18.97,20.45,18.97,19.87,344800
SDA,2008-08-07,20.09,20.22,18.79,19.51,102700
SDA,2008-08-08,19.29,20.09,19.11,19.46,41900
SDA,2008-08-11,19.87,20.36,19.87,20.36,76800
SDA,2008-08-12,21.16,21.16,20.09,21.16,143800
SDA,2008-08-13,21.74,21.74,20.13,21.34,126700
SDA,2008-08-14,21.65,21.79,21.07,21.79,80000
SDA,2008-08-15,22.46,22.46,22.46,22.46,17800
SDA,2008-08-18,24.02,24.02,23.57,24.02,107000
SDA,2008-08-19,25.58,25.62,22.32,24.11,130900
SDA,2008-08-20,22.9,24.55,22.86,22.86,141200
SDA,2008-08-21,22.37,25.04,22.37,25.0,161100
SDA,2008-08-22,25.89,25.98,24.55,25.67,123000
SDA,2008-08-25,27.41,27.41,26.38,27.41,50000
SDA,2008-08-26,29.29,29.29,29.02,29.29,72900
SDA,2008-08-27,30.36,31.29,29.29,29.46,226700
SDA,2008-08-28,29.46,29.46,28.75,28.75,55100
SDA,2008-08-29,26.74,29.46,26.74,28.75,194900
SDA,2008-09-03,28.88,28.88,28.79,28.88,15900
SDA,2008-09-04,30.89,30.89,27.68,30.8,225100
SDA,2008-09-05,30.54,30.54,28.44,28.44,70700
SDA,2008-09-08,27.46,29.02,27.46,28.08,97700
SDA,2008-09-09,27.59,29.42,25.89,25.98,53500
SDA,2008-09-10,27.68,29.02,25.4,27.23,107800
SDA,2008-09-11,26.79,28.12,25.27,25.45,102800
SDA,2008-09-12,23.84,23.84,23.84,23.84,13800
SDA,2008-09-15,22.19,25.49,22.19,24.55,128500
SDA,2008-09-16,22.99,25.13,21.92,22.32,150800
SDA,2008-09-17,20.98,24.02,20.89,20.98,126500
SDA,2008-09-18,20.09,20.09,20.09,20.09,20800
SDA,2008-09-19,18.75,21.47,18.75,21.47,23200
SDA,2008-09-22,22.37,22.37,22.37,22.37,1300
SDA,2008-09-23,23.62,23.88,22.1,23.44,212600
SDA,2008-09-24,24.55,24.55,22.32,23.17,94000
SDA,2008-09-25,21.87,24.55,21.87,24.55,110800
SDA,2008-09-26,19.2,19.2,18.53,19.2,115700
SDA,2008-09-29,20.49,20.54,18.62,19.64,70900
SDA,2008-09-30,18.44,18.44,18.44,18.44,1900
SDA,2008-10-01,18.44,19.64,17.86,18.53,84200
SDA,2008-10-02,19.64,19.87,18.88,19.29,52700
SDA,2008-10-03,18.75,19.2,18.53,18.75,27700
SDA,2008-10-06,17.5,17.54,17.5,17.5,18000
SDA,2008-10-07,16.29,16.29,16.29,16.29,6200
SDA,2008-10-08,15.18,15.45,15.18,15.18,59100
SDA,2008-10-09,14.15,15.62,14.15,14.29,87200
SDA,2008-10-10,13.66,13.66,13.66,13.66,9300
SDA,2008-10-13,12.86,14.29,12.72,13.17,49800
SDA,2008-10-14,13.93,13.93,13.93,13.93,400
SDA,2008-10-15,14.82,14.87,13.84,14.87,66400
SDA,2008-10-16,13.53,13.84,13.53,13.57,43600
SDA,2008-10-17,13.88,13.93,13.21,13.71,27400
SDA,2008-10-20,14.6,14.6,13.39,13.53,23600
SDA,2008-10-21,14.51,14.51,13.57,14.2,32000
SDA,2008-10-22,13.71,13.84,13.21,13.84,12400
SDA,2008-10-23,12.72,12.9,12.63,12.63,31600
SDA,2008-10-24,11.96,12.05,11.83,11.83,59600
SDA,2008-10-27,11.16,11.16,11.03,11.03,14300
SDA,2008-10-28,10.27,10.94,10.27,10.94,61400
SDA,2008-10-29,11.03,11.03,10.31,11.03,52500
SDA,2008-10-30,11.38,11.7,11.03,11.7,34900
SDA,2008-10-31,12.14,12.23,12.05,12.23,37700
SDA,2008-11-03,13.08,13.08,11.65,13.08,84700
SDA,2008-11-04,12.95,13.57,12.95,13.57,29400
SDA,2008-11-05,14.46,14.46,14.46,14.46,8600
SDA,2008-11-06,13.57,15.45,13.48,14.6,138200
SDA,2008-11-07,13.84,14.29,13.75,13.75,61900
SDA,2008-11-10,14.06,14.69,13.17,14.06,54200
SDA,2008-11-11,13.39,13.48,13.12,13.12,26200
SDA,2008-11-12,12.46,13.44,12.37,13.44,64600
SDA,2008-11-13,12.05,13.17,12.05,12.81,15100
SDA,2008-11-14,13.48,13.48,12.72,13.12,21200
SDA,2008-11-17,12.72,12.86,12.46,12.54,19500
SDA,2008-11-18,12.14,12.46,11.87,12.1,19600
SDA,2008-11-19,12.37,12.37,11.34,11.61,43900
SDA,2008-11-20,11.16,11.38,10.98,11.07,49000
SDA,2008-11-21,10.71,11.21,10.36,11.16,25100
SDA,2008-11-24,10.98,11.74,10.8,10.8,27500
SDA,2008-11-25,11.16,11.61,11.12,11.38,12300
SDA,2008-11-26,11.29,11.29,10.58,10.89,12500
SDA,2008-11-27,10.54,10.85,10.27,10.49,8600
SDA,2008-11-28,10.89,11.16,10.89,11.16,13500
SDA,2008-12-01,11.74,11.74,11.12,11.29,17600
SDA,2008-12-02,10.71,11.12,10.71,10.71,3100
SDA,2008-12-03,11.38,11.38,10.8,10.89,2900
SDA,2008-12-04,11.16,11.16,10.94,11.12,18800
SDA,2008-12-05,10.67,10.67,10.45,10.62,8900
SDA,2008-12-08,10.04,10.58,9.87,9.96,14500
SDA,2008-12-09,9.82,10.36,9.6,10.04,7900
SDA,2008-12-10,9.6,9.78,9.37,9.6,10300
SDA,2008-12-11,8.97,10.04,8.97,9.96,22200
SDA,2008-12-12,10.27,10.4,10.27,10.4,41000
SDA,2008-12-15,11.03,11.12,10.85,11.12,54500
SDA,2008-12-16,10.31,10.71,10.31,10.31,16500
SDA,2008-12-17,10.54,10.85,10.27,10.62,7600
SDA,2008-12-18,10.71,10.71,10.49,10.54,10500
SDA,2008-12-19,10.27,10.58,10.04,10.54,36200
SDA,2008-12-22,11.07,11.07,10.4,10.71,16200
SDA,2008-12-23,10.27,10.27,9.96,10.04,53200
SDA,2008-12-24,9.82,10.0,9.73,10.0,11600
SDA,2008-12-25,10.04,10.04,9.73,9.78,11100
SDA,2008-12-26,9.37,10.0,9.37,9.82,16200
SDA,2008-12-29,9.37,9.78,9.37,9.64,15500
SDA,2008-12-30,9.73,10.13,9.64,9.91,34800
SDA,2008-12-31,10.27,10.27,9.46,9.82,15500
SDA,2009-01-02,9.73,9.73,9.73,9.73,7000
SDA,2009-01-05,9.73,9.82,9.37,9.55,4000
SDA,2009-01-06,9.29,10.13,9.29,10.13,38900
SDA,2009-01-07,10.27,10.49,10.09,10.18,68000
SDA,2009-01-08,10.04,10.4,9.82,9.82,31100
SDA,2009-01-09,10.18,10.27,10.04,10.22,7500
SDA,2009-01-12,9.82,10.04,9.82,10.0,9600
SDA,2009-01-13,9.73,9.96,9.69,9.96,7700
SDA,2009-01-14,9.91,9.91,9.69,9.73,10500
SDA,2009-01-15,9.78,9.82,9.6,9.78,7600
SDA,2009-01-16,9.82,9.82,9.69,9.73,8000
SDA,2009-01-19,9.64,9.73,9.6,9.6,11900
SDA,2009-01-20,9.29,9.37,9.29,9.37,9400
SDA,2009-01-21,8.97,9.15,8.97,9.02,11300
SDA,2009-01-22,9.02,9.42,8.71,9.42,2200
SDA,2009-01-23,8.79,9.42,8.79,9.37,7000
SDA,2009-02-02,9.33,9.37,9.02,9.02,1200
SDA,2009-02-03,8.93,8.93,8.71,8.71,20700
SDA,2009-02-04,9.11,9.11,8.66,8.79,6900
SDA,2009-02-05,8.35,8.48,8.3,8.3,12100
SDA,2009-02-06,8.04,8.66,7.81,8.44,8100
SDA,2009-02-09,8.26,8.53,8.26,8.48,19200
SDA,2009-02-10,8.04,8.44,8.04,8.08,2400
SDA,2009-02-11,8.04,8.21,7.81,7.9,4500
SDA,2009-02-12,8.21,8.39,8.12,8.26,15900
SDA,2009-02-13,8.26,8.3,8.04,8.26,7400
SDA,2009-02-16,8.26,8.26,8.12,8.12,13700
SDA,2009-02-17,7.86,7.86,7.72,7.72,11900
SDA,2009-02-18,7.37,7.59,7.28,7.41,26800
SDA,2009-02-19,7.41,7.46,7.28,7.41,18000
SDA,2009-02-20,7.46,7.5,7.05,7.14,15600
SDA,2009-02-23,7.14,7.14,6.65,6.7,28600
SDA,2009-02-24,6.43,6.61,6.34,6.34,14700
SDA,2009-02-25,6.79,6.83,6.74,6.83,21500
SDA,2009-02-26,7.05,7.05,6.47,6.83,20300
SDA,2009-02-27,6.7,6.92,6.7,6.83,17700
SDA,2009-03-02,6.52,6.87,6.52,6.74,15400
SDA,2009-03-03,6.65,6.65,6.61,6.61,8500
SDA,2009-03-04,6.7,6.79,6.7,6.7,7800
SDA,2009-03-05,7.05,7.1,6.83,6.92,15300
SDA,2009-03-06,6.87,6.92,6.7,6.87,8200
SDA,2009-03-09,6.83,6.87,6.74,6.87,36700
SDA,2009-03-10,6.83,7.28,6.83,7.28,64700
SDA,2009-03-11,7.68,7.68,7.63,7.68,39200
SDA,2009-03-12,7.68,7.99,7.32,7.41,35700
SDA,2009-03-13,7.72,7.99,7.5,7.59,36200
SDA,2009-03-16,7.72,7.9,7.59,7.9,38400
SDA,2009-03-17,7.81,8.3,7.81,8.3,53200
SDA,2009-03-18,8.79,8.79,8.79,8.79,22100
SDA,2009-03-19,9.37,9.37,8.39,8.88,125600
SDA,2009-03-20,8.93,9.11,8.57,8.66,61000
SDA,2009-03-23,8.48,8.48,8.21,8.21,46000
SDA,2009-03-24,8.57,8.79,8.57,8.79,62600
SDA,2009-03-25,8.35,9.02,8.35,8.84,41000
SDA,2009-03-26,8.93,9.24,8.84,8.93,70100
SDA,2009-03-27,9.2,9.37,8.71,8.84,56100
SDA,2009-03-30,8.93,8.93,8.44,8.62,25700
SDA,2009-03-31,8.17,8.93,8.17,8.71,30100
SDA,2009-04-01,9.02,9.06,8.71,9.06,60100
SDA,2009-04-02,9.51,9.6,9.37,9.6,111000
SDA,2009-04-03,10.18,10.18,10.18,10.18,23000
SDA,2009-04-07,10.85,10.85,10.85,10.85,77200
SDA,2009-04-08,11.56,11.61,10.71,11.29,282000
SDA,2009-04-09,12.01,12.14,11.61,12.14,204500
SDA,2009-04-10,12.9,12.9,12.9,12.9,20100
SDA,2009-04-13,13.79,13.79,13.79,13.79,27200
SDA,2009-04-14,14.73,14.73,13.39,14.73,327300
SDA,2009-04-15,13.84,14.51,13.48,13.48,169500
SDA,2009-04-16,14.51,14.51,12.72,12.72,176200
SDA,2009-04-17,13.08,13.08,12.14,12.14,69000
SDA,2009-04-20,11.34,11.34,11.34,11.34,6600
SDA,2009-04-21,10.58,11.16,10.58,11.16,154500
SDA,2009-04-22,10.71,11.29,10.71,11.29,134700
SDA,2009-04-23,11.16,11.61,10.49,10.71,30700
SDA,2009-04-24,10.71,10.94,10.09,10.45,41900
SDA,2009-04-27,10.31,10.71,9.82,9.91,38300
SDA,2009-04-28,10.04,10.71,10.04,10.71,64200
SDA,2009-04-29,10.62,11.07,10.45,11.07,74600
SDA,2009-05-04,11.7,11.7,11.7,11.7,2800
SDA,2009-05-05,12.5,12.5,11.83,12.28,136200
SDA,2009-05-06,12.32,12.5,11.52,11.7,113900
SDA,2009-05-07,12.68,12.68,12.05,12.5,134400
SDA,2009-05-08,11.83,12.28,11.83,11.96,90900
SDA,2009-05-11,12.1,12.63,11.61,11.79,78800
SDA,2009-05-12,11.83,12.5,11.74,12.23,71600
SDA,2009-05-13,12.5,12.5,11.87,12.1,73600
SDA,2009-05-14,11.38,11.87,11.25,11.83,53100
SDA,2009-05-15,12.05,12.41,11.61,12.41,145900
SDA,2009-05-18,12.41,12.41,12.1,12.19,49700
SDA,2009-05-19,12.95,12.95,12.41,12.63,108600
SDA,2009-05-20,12.54,13.39,12.28,13.39,295500
SDA,2009-05-21,13.93,13.93,13.93,13.93,68400
SDA,2009-05-22,14.87,14.87,14.87,14.87,622200
SDA,2009-05-25,15.62,15.89,14.73,15.89,409000
SDA,2009-05-26,16.52,16.52,14.73,15.22,133300
SDA,2009-05-27,15.85,15.85,14.33,14.42,191000
SDA,2009-05-28,13.84,13.84,13.66,13.71,188600
SDA,2009-05-29,13.84,14.64,13.39,14.64,286400
SDA,2009-06-01,15.22,15.36,14.55,15.18,123400
SDA,2009-06-02,16.07,16.07,15.18,15.94,253800
SDA,2009-06-03,15.67,16.07,15.54,15.98,223900
SDA,2009-06-04,15.89,16.96,15.62,16.96,322900
SDA,2009-06-05,17.86,17.86,17.63,17.86,271300
SDA,2009-06-08,19.11,19.11,18.84,19.11,350800
SDA,2009-06-09,20.09,20.09,17.81,17.81,133100
SDA,2009-06-10,17.05,17.1,16.96,16.96,27600
SDA,2009-06-11,15.85,17.05,15.8,16.96,373200
SDA,2009-06-12,16.96,17.41,15.85,16.03,202800
SDA,2009-06-15,15.85,15.85,15.45,15.45,97000
SDA,2009-06-16,14.37,15.0,14.37,14.37,30400
SDA,2009-06-17,13.39,14.42,13.39,14.37,211500
SDA,2009-06-18,14.51,14.6,14.51,14.6,35800
SDA,2009-06-19,15.58,15.58,14.11,14.55,68700
SDA,2009-06-22,14.29,14.29,13.79,13.79,22000
SDA,2009-06-23,12.86,12.9,12.86,12.86,50800
SDA,2009-06-24,12.05,13.75,12.05,13.75,58300
SDA,2009-06-25,14.29,14.29,12.59,13.17,88300
SDA,2009-06-26,13.75,13.75,12.72,13.21,27500
SDA,2009-06-29,13.39,13.39,12.72,12.72,28700
SDA,2009-06-30,13.17,13.17,12.01,12.14,39500
SDA,2009-07-01,11.74,11.79,11.38,11.38,67700
SDA,2009-07-02,10.94,12.01,10.8,11.56,88500
SDA,2009-07-03,10.71,11.61,10.71,11.61,19300
SDA,2009-07-06,11.7,12.05,11.7,12.05,11700
SDA,2009-07-07,12.77,12.77,11.87,12.23,56200
SDA,2009-07-08,11.47,12.19,11.47,11.96,38300
SDA,2009-07-09,11.96,12.77,11.96,12.77,103500
SDA,2009-07-10,12.81,13.17,12.23,12.32,45600
SDA,2009-07-13,12.28,12.32,11.74,12.01,34500
SDA,2009-07-14,11.79,11.87,11.56,11.7,49900
SDA,2009-07-15,12.05,12.05,11.74,11.74,14900
SDA,2009-07-16,12.28,12.68,12.05,12.19,38000
SDA,2009-07-17,12.32,12.32,11.74,11.74,19000
SDA,2009-07-20,11.47,11.87,11.38,11.61,16900
SDA,2009-07-21,11.83,11.83,11.47,11.7,27800
SDA,2009-07-22,11.92,11.92,11.61,11.65,15800
SDA,2009-07-23,11.16,12.5,11.16,12.28,48800
SDA,2009-07-24,12.63,12.68,12.63,12.68,25700
SDA,2009-07-27,13.53,13.53,12.68,13.21,66700
SDA,2009-07-28,13.39,13.39,12.28,12.41,65000
SDA,2009-07-29,12.46,12.72,12.19,12.5,67200
SDA,2009-07-30,12.05,12.37,11.87,11.92,11400
SDA,2009-07-31,12.5,12.77,12.46,12.77,53200
SDA,2009-08-03,12.5,12.9,12.37,12.41,16400
SDA,2009-08-04,12.54,12.77,12.41,12.72,44700
SDA,2009-08-05,12.54,12.59,12.28,12.5,25600
SDA,2009-08-06,12.72,12.86,12.28,12.46,51700
SDA,2009-08-07,12.05,12.63,12.05,12.54,14500
SDA,2009-08-10,12.72,13.08,12.72,12.95,80300
SDA,2009-08-11,12.95,13.75,12.95,13.75,117600
SDA,2009-08-12,14.37,14.42,13.84,14.29,209600
SDA,2009-08-13,14.29,15.13,13.39,13.53,68300
SDA,2009-08-14,13.21,13.62,13.12,13.53,62700
SDA,2009-08-17,13.35,13.93,12.95,13.48,59700
SDA,2009-08-18,13.39,13.48,12.95,13.48,48900
SDA,2009-08-19,13.39,13.84,13.39,13.53,56700
SDA,2009-08-20,13.84,13.84,13.62,13.71,69500
SDA,2009-08-21,14.51,14.6,13.66,14.02,177400
SDA,2009-08-24,14.51,14.69,14.33,14.69,135600
SDA,2009-08-25,14.73,14.73,14.11,14.29,37900
SDA,2009-08-26,14.73,14.78,14.29,14.46,91600
SDA,2009-08-27,14.51,14.55,14.06,14.42,69400
SDA,2009-08-28,14.73,15.36,14.69,15.36,329100
SDA,2009-08-31,16.29,16.29,15.62,16.29,123300
SDA,2009-09-01,17.19,17.19,16.07,16.25,139500
SDA,2009-09-03,16.29,16.29,15.4,15.49,121500
SDA,2009-09-04,15.18,15.62,14.55,14.73,149500
SDA,2009-09-07,14.96,14.96,13.93,14.51,55400
SDA,2009-09-08,14.64,14.96,14.55,14.96,48800
SDA,2009-09-09,14.96,14.96,14.33,14.6,66400
SDA,2009-09-10,14.64,14.73,14.33,14.73,82300
SDA,2009-09-11,14.96,15.09,14.6,14.78,40200
SDA,2009-09-14,14.96,15.8,14.96,15.8,261300
SDA,2009-09-15,16.52,16.65,15.8,16.29,181500
SDA,2009-09-16,16.38,16.52,15.58,15.62,109700
SDA,2009-09-17,15.27,15.58,15.09,15.31,53800
SDA,2009-09-18,15.4,15.85,15.31,15.71,88100
SDA,2009-09-21,16.21,16.7,16.12,16.7,315800
SDA,2009-09-22,16.52,17.41,15.98,17.05,253600
SDA,2009-09-23,17.41,18.12,17.19,17.32,443100
SDA,2009-09-24,18.3,18.3,16.87,16.87,195800
SDA,2009-09-25,16.79,18.26,16.7,18.26,437300
SDA,2009-09-28,19.29,19.29,18.75,19.06,256600
SDA,2009-09-29,20.31,20.54,18.53,18.97,148600
SDA,2009-09-30,18.75,20.22,18.75,20.22,566100
SDA,2009-10-01,20.31,21.34,20.09,21.34,596700
SDA,2009-10-02,22.32,22.72,19.78,22.54,480600
SDA,2009-10-05,21.65,22.01,21.65,22.01,457700
SDA,2009-10-06,23.53,23.53,23.21,23.53,405400
SDA,2009-10-07,25.13,25.13,22.32,25.13,586000
SDA,2009-10-08,24.11,26.03,23.66,25.89,545900
SDA,2009-10-09,26.38,26.38,26.34,26.38,194100
SDA,2009-10-12,28.21,28.21,28.21,28.21,21600
SDA,2009-10-13,30.18,30.18,30.18,30.18,268000
SDA,2009-10-14,32.28,32.28,30.8,32.28,605900
SDA,2009-10-15,34.37,34.37,32.59,32.81,616000
SDA,2009-10-16,32.54,32.54,31.47,31.47,197000
SDA,2009-10-19,29.33,33.71,29.33,32.14,500100
SDA,2009-10-20,33.48,33.48,30.8,31.47,242000
SDA,2009-10-21,31.92,31.92,29.69,30.36,262000
SDA,2009-10-22,28.44,30.36,28.44,28.44,400300
SDA,2009-10-23,28.48,29.29,26.65,26.65,248400
SDA,2009-10-26,26.7,26.74,25.13,25.13,138600
SDA,2009-10-27,24.33,24.55,23.93,24.11,204600
SDA,2009-10-28,22.41,25.62,22.41,25.45,255900
SDA,2009-10-29,25.18,25.18,23.44,23.44,129500
SDA,2009-10-30,25.0,25.18,23.71,25.0,241800
SDA,2009-11-02,24.55,24.55,23.17,23.17,59400
SDA,2009-11-03,23.17,23.26,21.61,21.61,78000
SDA,2009-11-04,20.27,21.56,20.27,20.27,173200
SDA,2009-11-05,19.64,21.65,19.64,21.38,256700
SDA,2009-11-06,22.23,22.28,21.03,21.65,203700
SDA,2009-11-09,21.21,21.38,20.54,20.54,38900
SDA,2009-11-10,20.67,20.67,19.2,19.24,127400
SDA,2009-11-11,18.53,20.04,18.39,19.87,111300
SDA,2009-11-12,20.45,20.58,19.64,20.58,144500
SDA,2009-11-13,19.2,21.74,19.2,21.74,224200
SDA,2009-11-16,21.7,22.59,21.65,22.59,219400
SDA,2009-11-17,23.97,24.06,22.59,22.99,169600
SDA,2009-11-18,22.77,23.21,21.61,22.9,198300
SDA,2009-11-19,23.17,23.39,22.54,22.81,170200
SDA,2009-11-20,22.54,23.12,22.01,22.32,98700
SDA,2009-11-23,22.54,22.54,20.98,20.98,106100
SDA,2009-11-24,20.98,21.38,19.78,19.87,108900
SDA,2009-11-25,19.24,20.04,18.71,18.71,108100
SDA,2009-11-26,17.68,17.86,17.68,17.68,32500
SDA,2009-11-27,16.52,18.71,16.52,16.92,215300
SDA,2009-11-30,16.56,18.08,16.56,18.08,61000
SDA,2009-12-01,18.53,18.88,18.53,18.88,127100
SDA,2009-12-02,19.2,19.2,17.63,17.77,92500
SDA,2009-12-03,17.46,18.3,17.41,17.95,85900
SDA,2009-12-04,18.53,18.53,17.86,18.08,29300
SDA,2009-12-07,18.3,18.3,17.77,18.12,51300
SDA,2009-12-08,18.08,18.08,16.87,16.87,72100
SDA,2009-12-09,16.07,16.16,15.98,15.98,48500
SDA,2009-12-10,15.62,16.07,14.87,14.96,59400
SDA,2009-12-11,14.73,14.73,14.24,14.24,47600
SDA,2009-12-14,13.39,15.22,13.39,15.18,64500
SDA,2009-12-15,15.27,15.27,14.29,14.29,29900
SDA,2009-12-16,14.73,14.73,13.66,13.66,20800
SDA,2009-12-17,12.9,13.35,12.86,12.86,97200
SDA,2009-12-18,12.95,13.75,12.95,13.75,83900
SDA,2009-12-21,14.51,14.6,14.29,14.6,46900
SDA,2009-12-22,15.54,15.58,14.51,14.64,107300
SDA,2009-12-23,14.87,16.29,14.29,16.07,187100
SDA,2009-12-24,15.49,16.56,15.18,16.56,107000
SDA,2009-12-25,17.32,17.32,17.32,17.32,25200
SDA,2009-12-28,18.53,18.53,17.41,18.48,191700
SDA,2009-12-29,17.95,18.66,17.59,17.59,162600
SDA,2009-12-30,18.08,19.42,17.19,19.42,277900
SDA,2009-12-31,20.09,20.54,19.29,20.22,215800
SDA,2010-01-04,20.54,21.74,20.54,21.74,61900
SDA,2010-01-05,23.04,23.04,20.13,22.05,283700
SDA,2010-01-06,21.43,23.12,21.16,21.21,343000
SDA,2010-01-07,21.65,22.23,20.54,20.76,262400
SDA,2010-01-08,20.98,22.86,20.22,21.43,169200
SDA,2010-01-11,20.98,22.32,20.58,20.98,78700
SDA,2010-01-12,20.98,21.03,19.6,19.6,163000
SDA,2010-01-13,19.64,20.98,18.53,20.45,151200
SDA,2010-01-14,20.76,20.8,20.54,20.8,114300
SDA,2010-01-15,21.34,21.43,19.46,20.27,118400
SDA,2010-01-18,19.42,19.42,19.29,19.29,57900
SDA,2010-01-19,19.2,19.87,19.2,19.64,102400
SDA,2010-01-20,20.54,20.54,18.04,18.04,70800
SDA,2010-01-21,18.3,18.3,17.23,17.41,186700
SDA,2010-01-22,16.52,17.81,16.25,17.5,41700
SDA,2010-01-25,17.41,17.63,16.92,17.59,25900
SDA,2010-01-26,18.26,18.57,18.26,18.57,28900
SDA,2010-01-27,19.64,19.78,17.41,17.41,71000
SDA,2010-01-28,17.63,17.86,17.19,17.41,37300
SDA,2010-01-29,17.19,17.59,17.14,17.41,22400
SDA,2010-02-01,17.86,17.86,17.41,17.81,27800
SDA,2010-02-02,17.86,17.86,16.96,16.96,50900
SDA,2010-02-03,17.37,17.63,17.28,17.28,20500
SDA,2010-02-04,17.63,17.95,17.41,17.86,52200
SDA,2010-02-05,17.86,17.86,16.96,17.81,37000
SDA,2010-02-08,17.01,17.37,16.96,17.14,29800
SDA,2010-02-09,17.01,17.01,16.74,16.74,13100
SDA,2010-02-10,16.96,17.19,16.87,16.96,24500
SDA,2010-02-11,17.19,17.63,17.19,17.41,14600
SDA,2010-02-12,18.08,18.08,17.41,17.95,9200
SDA,2010-02-22,17.86,18.66,17.63,17.68,17500
SDA,2010-02-23,17.1,17.19,16.61,17.19,42600
SDA,2010-02-24,16.52,17.14,16.52,17.14,15800
SDA,2010-02-25,17.1,17.19,17.05,17.05,5200
SDA,2010-02-26,17.05,17.41,17.01,17.19,18300
SDA,2010-03-01,17.41,18.35,17.41,18.35,168500
SDA,2010-03-02,19.24,19.24,18.75,19.24,286900
SDA,2010-03-03,19.64,20.54,19.64,20.54,133700
SDA,2010-03-04,20.98,21.65,20.58,21.16,193000
SDA,2010-03-05,21.43,21.96,20.58,21.87,239000
SDA,2010-03-08,22.1,22.77,21.87,22.1,146100
SDA,2010-03-09,21.87,22.28,21.21,21.65,217900
SDA,2010-03-10,21.83,23.26,21.21,22.86,421900
SDA,2010-03-11,22.86,23.93,22.46,23.93,291400
SDA,2010-03-12,23.66,25.22,23.66,24.55,177200
SDA,2010-03-15,25.18,25.36,23.17,23.44,135000
SDA,2010-03-16,22.77,23.44,22.1,22.1,271800
SDA,2010-03-17,22.32,23.21,21.43,21.92,206300
SDA,2010-03-18,22.32,22.77,21.65,22.32,131700
SDA,2010-03-19,22.54,22.99,21.87,21.96,140300
SDA,2010-03-22,21.87,22.5,21.65,21.96,91500
SDA,2010-03-23,21.83,21.83,20.8,21.34,80300
SDA,2010-03-24,20.98,21.65,20.98,21.43,157100
SDA,2010-03-25,21.21,21.43,20.0,20.09,174400
SDA,2010-03-26,20.54,20.98,19.69,20.45,108100
SDA,2010-03-29,20.54,21.7,20.54,21.7,275200
SDA,2010-03-30,22.32,22.54,20.54,21.43,109600
SDA,2010-03-31,21.65,21.65,20.8,20.98,83800
SDA,2010-04-01,21.34,21.65,20.54,21.43,128100
SDA,2010-04-02,21.43,22.32,21.43,22.1,276200
SDA,2010-04-05,22.99,23.53,22.99,23.53,124800
SDA,2010-04-06,25.09,25.09,24.55,24.73,660600
SDA,2010-04-07,24.96,25.4,24.33,24.55,251500
SDA,2010-04-08,25.0,26.56,24.64,26.56,406100
SDA,2010-04-09,24.55,26.92,24.55,25.22,197500
SDA,2010-04-12,25.0,25.89,24.15,24.82,233800
SDA,2010-04-13,25.22,25.22,23.66,23.93,139300
SDA,2010-04-14,23.53,24.82,23.53,24.33,174300
SDA,2010-04-15,24.51,25.94,24.42,25.94,349000
SDA,2010-04-16,26.16,26.34,25.0,25.27,163000
SDA,2010-04-19,25.27,25.89,24.55,25.18,226400
SDA,2010-04-20,25.45,26.12,25.27,25.54,162500
SDA,2010-04-21,25.89,27.37,25.67,27.37,506800
SDA,2010-04-22,28.39,28.75,25.45,25.94,191800
SDA,2010-04-26,25.89,26.12,25.0,25.09,152500
SDA,2010-04-27,25.67,25.89,25.13,25.36,147400
SDA,2010-04-28,25.85,25.85,25.04,25.04,177000
SDA,2010-04-29,24.78,25.89,24.78,25.4,145600
SDA,2010-05-04,23.66,26.03,23.66,25.36,206900
SDA,2010-05-05,24.96,25.31,24.55,25.22,132300
SDA,2010-05-06,25.0,25.89,25.0,25.54,150600
SDA,2010-05-07,25.45,25.45,24.33,24.37,159400
SDA,2010-05-10,25.22,25.45,23.66,24.11,140100
SDA,2010-05-11,24.96,25.0,22.95,23.21,184100
SDA,2010-05-12,22.37,23.66,21.83,21.83,150400
SDA,2010-05-13,21.65,22.77,21.65,21.92,121000
SDA,2010-05-14,22.46,22.54,22.01,22.46,92500
SDA,2010-05-17,22.32,22.32,20.98,21.21,49400
SDA,2010-05-18,21.21,21.21,20.62,20.76,155200
SDA,2010-05-19,20.54,20.54,19.46,19.64,239300
SDA,2010-05-20,18.3,20.89,18.21,20.22,91200
SDA,2010-05-21,19.42,19.42,18.35,18.35,163800
SDA,2010-05-24,18.04,18.75,17.32,18.75,59000
SDA,2010-05-25,17.41,18.71,17.41,17.77,113400
SDA,2010-05-26,18.44,19.2,18.44,19.2,71700
SDA,2010-05-27,19.2,20.18,19.02,19.87,97500
SDA,2010-05-28,20.76,21.07,20.76,21.07,225400
SDA,2010-05-31,20.18,20.98,19.73,20.09,44900
SDA,2010-06-01,19.64,20.98,19.2,19.78,65800
SDA,2010-06-02,18.97,20.27,18.97,19.91,26900
SDA,2010-06-03,20.98,20.98,19.87,19.91,74000
SDA,2010-06-04,20.09,20.45,19.73,20.09,56800
SDA,2010-06-07,19.2,19.2,18.66,18.75,78400
SDA,2010-06-08,18.75,19.64,18.75,19.6,61200
SDA,2010-06-09,20.09,20.09,19.11,19.37,68400
SDA,2010-06-10,19.2,19.87,19.2,19.87,31700
SDA,2010-06-11,20.31,20.31,19.78,20.04,84400
SDA,2010-06-14,20.31,20.54,20.09,20.31,58100
SDA,2010-06-15,20.67,21.43,20.4,20.89,124700
SDA,2010-06-16,21.43,22.1,21.43,21.79,68000
SDA,2010-06-17,21.79,21.79,20.58,20.62,113800
SDA,2010-06-18,22.1,22.1,20.54,21.12,59000
SDA,2010-06-21,21.43,21.43,21.07,21.34,70300
SDA,2010-06-22,21.38,21.38,20.71,20.76,78600
SDA,2010-06-23,20.76,21.12,20.54,21.03,40500
SDA,2010-06-24,21.65,21.65,20.98,21.03,55200
SDA,2010-06-25,20.54,20.98,20.36,20.58,42300
SDA,2010-06-28,20.76,20.76,20.31,20.49,58600
SDA,2010-06-29,20.71,20.94,20.31,20.4,52000
SDA,2010-06-30,20.31,20.31,19.42,19.64,117300
SDA,2010-07-01,20.95,20.95,20.09,20.68,140600
SDA,2010-07-02,21.11,21.16,20.52,20.68,60700
SDA,2010-07-05,21.16,21.16,20.84,21.05,35700
SDA,2010-07-06,20.09,20.36,19.98,19.98,27700
SDA,2010-07-07,20.36,20.36,19.71,19.71,40100
SDA,2010-07-08,20.46,20.46,19.82,19.88,46300
SDA,2010-07-09,20.09,20.36,20.04,20.09,30300
SDA,2010-07-12,20.14,21.05,20.14,20.63,24300
SDA,2010-07-13,20.89,22.13,20.89,22.13,158300
SDA,2010-07-14,23.04,23.36,21.86,22.5,115300
SDA,2010-07-15,22.77,23.2,22.18,22.18,88600
SDA,2010-07-16,21.75,22.5,21.75,22.45,33700
SDA,2010-07-19,22.18,22.61,22.07,22.34,94700
SDA,2010-07-20,22.34,22.5,21.75,21.86,43700
SDA,2010-07-21,22.18,22.45,21.38,21.43,61600
SDA,2010-07-22,21.43,21.43,21.0,21.16,32000
SDA,2010-07-23,21.43,21.43,21.11,21.32,30500
SDA,2010-07-26,21.21,21.21,20.73,20.95,18500
SDA,2010-07-27,20.89,21.43,20.68,20.89,32400
SDA,2010-07-28,20.36,20.36,20.04,20.14,24400
SDA,2010-07-29,20.57,20.63,20.2,20.57,28700
SDA,2010-07-30,20.89,20.89,20.46,20.52,27700
SDA,2010-08-02,20.09,20.63,20.09,20.14,8800
SDA,2010-08-03,20.36,20.63,19.98,20.14,56100
SDA,2010-08-04,18.91,20.14,18.91,19.29,32500
SDA,2010-08-05,19.39,19.55,19.02,19.29,16000
SDA,2010-08-06,20.57,20.57,19.18,19.61,17800
SDA,2010-08-09,19.55,19.55,18.54,18.59,53200
SDA,2010-08-10,17.68,17.68,17.41,17.46,83700
SDA,2010-08-11,18.11,18.21,16.34,17.46,66400
SDA,2010-08-12,16.98,16.98,16.39,16.39,34300
SDA,2010-08-13,16.07,17.52,15.54,16.93,83100
SDA,2010-08-16,17.14,17.63,17.14,17.63,72200
SDA,2010-08-17,17.63,17.63,16.61,16.88,49000
SDA,2010-08-18,16.07,16.07,15.8,16.07,63800
SDA,2010-08-19,15.96,16.18,15.54,15.8,24400
SDA,2010-08-20,15.0,15.86,14.95,15.48,82400
SDA,2010-08-23,15.8,15.8,14.84,14.84,10300
SDA,2010-08-24,14.41,15.0,13.93,13.98,56700
SDA,2010-08-25,13.39,13.66,13.02,13.02,58200
SDA,2010-08-26,13.02,13.61,12.86,13.5,41900
SDA,2010-08-27,13.66,13.66,12.38,13.13,37100
SDA,2010-08-30,14.04,14.04,13.66,14.04,21700
SDA,2010-08-31,14.89,15.0,14.46,15.0,82400
SDA,2010-09-01,15.0,15.86,15.0,15.86,101600
SDA,2010-09-06,16.61,16.77,16.61,16.77,74700
SDA,2010-09-07,17.68,17.79,16.13,16.71,76000
SDA,2010-09-08,16.07,16.13,15.8,15.91,70800
SDA,2010-09-09,16.34,16.88,16.07,16.34,57900
SDA,2010-09-10,16.45,16.45,15.32,15.38,94300
SDA,2010-09-13,15.0,15.48,14.52,14.57,60100
SDA,2010-09-14,14.73,15.43,14.73,15.05,43400
SDA,2010-09-15,14.73,15.05,14.73,14.95,9600
SDA,2010-09-16,15.0,15.27,15.0,15.16,7100
SDA,2010-09-17,15.54,16.13,15.11,16.13,83400
SDA,2010-09-20,16.07,16.77,15.96,16.07,69200
SDA,2010-09-21,15.27,16.07,15.27,15.8,58300
SDA,2010-09-22,15.54,15.59,15.38,15.43,25200
SDA,2010-09-23,15.16,15.27,14.89,15.0,28100
SDA,2010-09-24,15.0,15.11,14.89,15.05,16100
SDA,2010-09-27,15.11,15.54,15.05,15.54,34000
SDA,2010-09-28,15.48,15.54,14.52,15.54,29500
SDA,2010-09-29,15.0,15.0,14.68,14.68,14900
SDA,2010-09-30,14.73,14.79,14.52,14.79,17100
SDA,2010-10-01,14.73,14.73,14.46,14.52,20100
SDA,2010-10-04,13.98,14.04,13.77,13.77,24500
SDA,2010-10-05,13.5,14.09,13.29,13.39,17800
SDA,2010-10-06,14.41,14.41,13.55,14.41,7800
SDA,2010-10-07,15.0,15.0,14.41,14.41,600
SDA,2010-10-08,14.36,14.41,13.66,13.71,18700
SDA,2010-10-11,14.09,14.09,13.39,13.39,20900
SDA,2010-10-12,13.82,13.82,12.7,12.7,23800
SDA,2010-10-13,12.91,13.61,12.91,13.5,24700
SDA,2010-10-14,13.39,13.45,13.29,13.29,17700
SDA,2010-10-15,13.88,13.88,12.86,13.13,12800
SDA,2010-10-18,12.91,12.91,12.75,12.91,7000
SDA,2010-10-19,12.7,12.7,12.0,12.11,38600
SDA,2010-10-20,11.63,12.05,11.3,11.36,58400
SDA,2010-10-21,11.25,11.79,10.88,11.04,39000
SDA,2010-10-22,10.34,11.52,10.34,10.88,44700
SDA,2010-10-25,10.07,11.25,10.07,10.98,33000
SDA,2010-10-26,11.46,11.68,11.46,11.68,14400
SDA,2010-10-27,11.63,11.79,11.09,11.25,23100
SDA,2010-10-28,10.98,11.14,10.71,10.71,21000
SDA,2010-10-29,11.25,11.36,10.93,10.98,36600
SDA,2010-11-01,10.71,10.77,10.66,10.77,17400
SDA,2010-11-02,10.71,10.71,10.29,10.45,14100
SDA,2010-11-03,10.82,10.82,10.23,10.5,32600
SDA,2010-11-04,10.66,10.77,10.18,10.66,23300
SDA,2010-11-05,10.98,11.25,10.71,11.25,55800
SDA,2010-11-08,11.25,11.25,10.55,10.82,27800
SDA,2010-11-09,10.18,10.18,10.02,10.02,56100
SDA,2010-11-10,10.18,10.5,10.07,10.29,55900
SDA,2010-11-11,10.61,10.61,9.75,9.75,44200
SDA,2010-11-12,9.32,9.91,9.21,9.91,57200
SDA,2010-11-15,9.54,9.54,9.16,9.27,15900
SDA,2010-11-16,9.16,9.16,8.68,9.0,17600
SDA,2010-11-17,8.84,9.21,8.84,9.21,40800
SDA,2010-11-18,9.05,9.59,9.05,9.59,31500
SDA,2010-11-19,9.38,9.64,9.27,9.27,23300
SDA,2010-11-22,9.11,9.11,8.84,9.11,11800
SDA,2010-11-23,9.11,9.43,9.11,9.38,20200
SDA,2010-11-24,8.84,9.91,8.84,9.7,73900
SDA,2010-11-25,10.07,10.34,9.48,10.34,55500
SDA,2010-11-26,10.71,10.71,9.91,10.07,29400
SDA,2010-11-29,10.07,10.82,9.86,10.82,38700
SDA,2010-11-30,11.25,11.25,11.25,11.25,58800
SDA,2010-12-01,11.36,11.73,10.55,10.55,73900
SDA,2010-12-02,11.25,11.73,10.45,11.73,96100
SDA,2010-12-03,12.21,12.21,11.79,12.21,42800
SDA,2010-12-06,12.86,12.96,12.27,12.91,145600
SDA,2010-12-07,12.91,13.02,12.11,12.16,102200
SDA,2010-12-08,12.59,12.59,11.84,11.84,76900
SDA,2010-12-09,11.25,12.32,11.14,12.32,47200
SDA,2010-12-10,12.54,12.8,12.32,12.8,60600
SDA,2010-12-13,13.45,13.55,13.45,13.55,136200
SDA,2010-12-14,13.93,13.93,12.64,12.8,54600
SDA,2010-12-15,12.86,12.86,12.16,12.16,82200
SDA,2010-12-16,11.57,12.27,11.46,11.63,27100
SDA,2010-12-17,11.79,12.38,11.57,12.16,109000
SDA,2010-12-20,11.84,12.05,11.68,11.68,88400
SDA,2010-12-21,11.79,12.05,11.14,11.79,19000
SDA,2010-12-22,12.0,12.0,11.52,11.52,19200
SDA,2010-12-23,11.25,11.25,10.77,10.77,31200
SDA,2010-12-24,11.2,11.52,10.29,10.71,27600
SDA,2010-12-27,10.61,11.25,10.61,11.14,10300
SDA,2010-12-28,11.14,11.84,10.88,11.84,33300
SDA,2010-12-29,11.68,11.79,11.25,11.3,23800
SDA,2010-12-30,11.52,11.52,11.2,11.2,12500
SDA,2010-12-31,11.14,11.57,11.14,11.52,15500
SDA,2011-01-04,11.89,12.05,11.52,11.52,9800
SDA,2011-01-05,11.36,11.63,11.2,11.25,6600
SDA,2011-01-06,11.14,11.25,10.98,11.25,23500
SDA,2011-01-07,11.36,11.52,11.04,11.04,5200
SDA,2011-01-10,11.09,11.09,10.66,10.66,31800
SDA,2011-01-11,10.18,10.61,9.96,10.18,34400
SDA,2011-01-12,10.39,10.71,10.13,10.66,34800
SDA,2011-01-13,10.07,11.04,10.07,10.88,8600
SDA,2011-01-14,10.98,11.09,10.88,11.09,26700
SDA,2011-01-17,11.25,11.63,11.25,11.3,30000
SDA,2011-01-18,11.25,11.25,10.77,10.77,18000
SDA,2011-01-19,11.25,11.3,10.55,10.71,13600
SDA,2011-01-20,10.98,11.25,10.98,11.09,40200
SDA,2011-01-21,11.25,11.46,10.82,10.88,15900
SDA,2011-01-24,11.04,11.09,10.93,10.93,40700
SDA,2011-01-25,10.82,10.98,10.71,10.82,14700
SDA,2011-01-26,10.34,10.98,10.34,10.71,12100
SDA,2011-01-27,10.93,10.98,10.71,10.93,6700
SDA,2011-01-28,10.98,11.25,10.88,10.98,12800
SDA,2011-02-08,10.98,11.36,10.98,11.36,300
SDA,2011-02-09,11.52,11.52,10.93,11.2,11100
SDA,2011-02-10,11.04,11.04,10.98,11.04,3500
SDA,2011-02-11,10.93,10.93,10.88,10.88,5300
SDA,2011-02-14,11.2,11.2,10.88,10.98,8700
SDA,2011-02-15,10.98,10.98,10.98,10.98,2700
SDA,2011-02-16,11.2,11.2,10.66,10.66,4000
SDA,2011-02-17,10.45,10.45,10.23,10.23,2300
SDA,2011-02-18,10.98,10.98,9.86,10.18,12700
SDA,2011-02-21,9.64,9.64,9.27,9.27,44400
SDA,2011-02-22,8.73,8.95,8.68,8.84,32300
SDA,2011-02-23,8.84,9.11,8.63,9.0,29300
SDA,2011-02-24,8.68,8.79,8.57,8.79,4100
SDA,2011-02-25,9.21,9.32,9.0,9.32,22100
SDA,2011-02-28,9.32,9.59,9.16,9.16,13600
SDA,2011-03-01,9.11,9.11,8.89,9.11,6300
SDA,2011-03-02,8.57,8.63,8.46,8.46,35900
SDA,2011-03-03,8.04,8.52,8.04,8.3,8100
SDA,2011-03-04,8.14,8.36,8.14,8.36,15100
SDA,2011-03-07,8.09,8.68,8.09,8.57,19500
SDA,2011-03-08,8.63,8.63,8.14,8.14,7000
SDA,2011-03-09,7.88,8.04,7.77,7.77,21500
SDA,2011-03-10,8.04,8.41,8.04,8.41,34400
SDA,2011-03-11,8.68,8.95,8.68,8.95,29400
SDA,2011-03-14,9.48,9.48,8.36,8.36,38300
SDA,2011-03-15,8.46,8.57,7.98,7.98,46300
SDA,2011-03-16,8.09,8.3,7.71,8.2,43000
SDA,2011-03-17,8.09,8.3,8.04,8.3,5500
SDA,2011-03-18,8.09,8.73,8.04,8.52,47400
SDA,2011-03-21,8.73,8.95,8.57,8.57,35000
SDA,2011-03-22,8.68,8.84,8.46,8.46,9600
SDA,2011-03-23,8.46,8.68,8.2,8.68,13700
SDA,2011-03-24,8.52,8.52,8.36,8.52,20100
SDA,2011-03-25,8.46,8.46,8.25,8.36,25400
SDA,2011-03-28,8.36,8.46,8.3,8.41,6600
SDA,2011-03-29,8.3,8.3,8.04,8.14,14100
SDA,2011-03-30,8.14,8.14,8.04,8.14,5400
SDA,2011-03-31,8.3,8.3,8.04,8.04,8700
SDA,2011-04-01,8.14,8.2,8.04,8.14,15100
SDA,2011-04-04,8.14,8.14,7.98,8.09,6600
SDA,2011-04-05,8.09,8.14,8.04,8.14,9200
SDA,2011-04-06,8.2,8.36,8.14,8.36,19200
SDA,2011-04-07,8.25,8.25,8.09,8.09,15200
SDA,2011-04-08,8.04,8.04,7.98,8.04,7300
SDA,2011-04-13,8.25,8.25,8.04,8.04,1500
SDA,2011-04-14,7.77,8.04,7.77,8.04,5000
SDA,2011-04-15,8.09,8.09,7.82,7.88,7400
SDA,2011-04-18,7.71,7.71,7.5,7.5,11600
SDA,2011-04-19,7.34,7.77,7.23,7.45,23000
SDA,2011-04-20,7.5,7.5,7.34,7.34,13600
SDA,2011-04-21,7.29,7.29,7.02,7.23,26200
SDA,2011-04-22,6.96,7.13,6.91,7.13,11700
SDA,2011-04-25,7.23,7.45,7.23,7.45,14000
SDA,2011-04-26,7.5,7.5,7.29,7.39,45100
SDA,2011-04-27,7.55,7.55,7.23,7.34,14500
SDA,2011-04-28,7.29,7.39,7.29,7.34,19300
SDA,2011-04-29,7.39,7.39,7.23,7.23,21400
SDA,2011-05-04,7.13,7.29,7.13,7.29,1100
SDA,2011-05-05,7.18,7.29,7.13,7.29,7100
SDA,2011-05-06,7.18,7.39,7.18,7.39,12900
SDA,2011-05-09,7.5,7.77,7.29,7.5,11600
SDA,2011-05-10,7.93,8.04,7.5,7.61,20000
SDA,2011-05-11,7.93,7.93,7.39,7.39,3000
SDA,2011-05-12,7.88,7.88,7.29,7.34,18000
SDA,2011-05-13,7.34,7.34,7.34,7.34,0
SDA,2011-05-16,7.13,7.13,6.96,7.13,17300
SDA,2011-05-17,6.7,6.7,6.48,6.54,12700
SDA,2011-05-18,6.32,6.32,6.21,6.21,12000
SDA,2011-05-19,6.32,6.32,6.16,6.21,9800
SDA,2011-05-20,5.95,6.21,5.95,6.21,12600
SDA,2011-05-23,6.16,6.16,5.73,5.73,43700
SDA,2011-05-24,5.63,5.63,5.52,5.52,42100
SDA,2011-05-25,5.14,5.2,5.14,5.14,37000
SDA,2011-05-26,4.82,5.36,4.82,5.14,38800
SDA,2011-05-27,5.2,5.3,5.2,5.3,30700
SDA,2011-05-30,5.57,5.63,5.14,5.2,10600
SDA,2011-05-31,5.04,5.2,4.98,5.04,18800
SDA,2011-06-01,5.14,5.36,5.04,5.36,34200
SDA,2011-06-02,5.52,5.63,5.52,5.63,24200
SDA,2011-06-03,6.0,6.0,5.63,5.68,50100
SDA,2011-06-06,5.52,5.63,5.52,5.63,8600
SDA,2011-06-07,5.79,5.95,5.79,5.95,22500
SDA,2011-06-08,5.73,5.89,5.68,5.73,22000
SDA,2011-06-09,5.89,6.16,5.79,6.16,28700
SDA,2011-06-10,6.43,6.43,6.43,6.43,28100
SDA,2011-06-13,6.43,6.86,6.43,6.86,42500
SDA,2011-06-14,6.75,7.02,6.59,6.86,53800
SDA,2011-06-15,6.48,6.48,6.38,6.38,33800
SDA,2011-06-16,6.0,6.64,6.0,6.43,10400
SDA,2011-06-17,6.0,6.0,5.89,5.89,23700
SDA,2011-06-20,5.57,5.63,5.52,5.52,42700
SDA,2011-06-21,5.57,5.84,5.52,5.84,24100
SDA,2011-06-22,5.84,5.89,5.57,5.68,35400
SDA,2011-06-23,5.63,5.63,5.36,5.41,36500
SDA,2011-06-24,5.41,5.63,5.41,5.46,11400
SDA,2011-06-27,5.68,5.68,5.63,5.63,3400
SDA,2011-06-28,5.52,5.52,5.41,5.41,10000
SDA,2011-06-29,5.36,5.46,5.36,5.46,9500
SDA,2011-06-30,5.52,5.52,5.25,5.25,18300
SDA,2011-07-01,5.25,5.25,5.09,5.2,9700
SDA,2011-07-04,5.2,5.25,5.09,5.25,7100
SDA,2011-07-05,5.36,5.52,5.36,5.46,16700
SDA,2011-07-06,5.36,5.36,5.36,5.36,100
SDA,2011-07-07,5.36,5.36,4.98,4.98,36000
SDA,2011-07-08,5.25,5.25,5.25,5.25,1900
SDA,2011-07-11,5.04,5.09,5.04,5.04,8100
SDA,2011-07-12,5.25,5.36,5.04,5.36,26600
SDA,2011-07-13,5.46,5.52,5.3,5.41,26200
SDA,2011-07-14,5.46,5.46,5.25,5.41,19300
SDA,2011-07-15,5.36,5.36,5.3,5.36,13100
SDA,2011-07-18,5.3,5.36,5.3,5.3,19600
SDA,2011-07-19,5.36,5.36,4.98,5.14,11400
SDA,2011-07-20,5.25,5.36,5.04,5.36,18100
SDA,2011-07-21,5.36,5.46,5.25,5.25,56800
SDA,2011-07-22,5.36,5.36,5.25,5.25,4400
SDA,2011-07-25,4.98,5.3,4.98,5.04,4500
SDA,2011-07-26,5.27,5.27,5.08,5.14,2600
SDA,2011-07-27,5.21,5.34,5.08,5.08,7900
SDA,2011-07-28,5.08,5.08,4.82,5.08,10800
SDA,2011-07-29,4.69,4.82,4.69,4.76,10100
SDA,2011-08-01,5.01,5.01,5.01,5.01,100
SDA,2011-08-02,5.14,5.14,4.76,5.14,800
SDA,2011-08-03,4.82,4.82,4.76,4.76,5700
SDA,2011-08-04,4.82,5.08,4.82,5.08,4700
SDA,2011-08-05,4.89,5.08,4.76,5.08,10200
SDA,2011-08-08,5.01,5.01,4.76,4.76,2600
SDA,2011-08-09,4.69,4.69,4.63,4.69,29600
SDA,2011-08-10,4.31,4.82,4.31,4.63,13600
SDA,2011-08-11,4.5,4.56,4.24,4.24,24700
SDA,2011-08-12,4.44,4.44,4.31,4.44,7700
SDA,2011-08-15,4.5,4.63,4.5,4.63,4800
SDA,2011-08-16,4.63,4.76,4.56,4.56,2200
SDA,2011-08-17,4.56,5.08,4.56,5.08,28100
SDA,2011-08-18,5.27,5.27,5.08,5.21,16000
SDA,2011-08-19,5.21,5.21,4.89,4.95,13300
SDA,2011-08-22,5.14,5.34,5.14,5.34,30800
SDA,2011-08-23,5.66,5.66,5.21,5.34,4400
SDA,2011-08-24,5.53,5.53,5.14,5.14,17800
SDA,2011-08-25,5.21,5.21,5.08,5.14,10600
SDA,2011-08-26,5.14,5.14,5.14,5.14,300
SDA,2011-08-29,5.27,5.46,5.14,5.46,38000
SDA,2011-08-30,5.72,5.72,5.66,5.72,55000
SDA,2011-08-31,5.72,5.85,5.72,5.72,17400
SDA,2011-09-01,5.91,5.98,5.79,5.98,6000
SDA,2011-09-05,6.11,6.3,5.79,6.24,110100
SDA,2011-09-06,5.91,5.91,5.79,5.79,14300
SDA,2011-09-07,5.85,6.17,5.79,6.17,48500
SDA,2011-09-08,6.11,6.36,6.04,6.04,44400
SDA,2011-09-09,5.98,6.24,5.98,6.24,29400
SDA,2011-09-12,6.36,6.49,6.36,6.49,106400
SDA,2011-09-13,6.94,6.94,6.75,6.94,86400
SDA,2011-09-14,6.94,7.39,6.88,6.88,47500
SDA,2011-09-15,7.01,7.07,6.75,6.75,54100
SDA,2011-09-16,6.69,6.69,6.3,6.3,48500
SDA,2011-09-19,5.98,6.43,5.98,6.43,42900
SDA,2011-09-20,6.3,6.3,5.98,5.98,14500
SDA,2011-09-21,6.24,6.24,5.98,6.17,12300
SDA,2011-09-22,6.3,6.36,6.24,6.36,14300
SDA,2011-09-23,6.11,6.17,6.04,6.04,12300
SDA,2011-09-26,5.98,5.98,5.91,5.98,9100
SDA,2011-09-27,6.17,6.17,5.85,5.98,19400
SDA,2011-09-28,6.24,6.24,5.79,5.79,17000
SDA,2011-09-29,5.66,5.72,5.53,5.72,59400
SDA,2011-09-30,5.46,5.53,5.46,5.53,24000
SDA,2011-10-03,5.53,5.91,5.4,5.91,44600
SDA,2011-10-04,5.98,6.04,5.91,6.04,121100
SDA,2011-10-05,6.36,6.43,6.04,6.17,33000
SDA,2011-10-06,6.24,6.56,6.24,6.36,40100
SDA,2011-10-07,6.24,6.24,5.98,5.98,62300
SDA,2011-10-10,5.98,6.43,5.98,6.24,77300
SDA,2011-10-11,6.49,6.56,6.3,6.49,109100
SDA,2011-10-12,6.11,6.17,5.98,6.04,23200
SDA,2011-10-13,5.91,5.91,5.79,6.04,18800
SDA,2011-10-14,6.11,6.17,5.91,5.91,12500
SDA,2011-10-17,5.91,5.91,5.72,5.79,41900
SDA,2011-10-18,5.59,5.79,5.53,5.72,25000
SDA,2011-10-19,5.91,5.91,5.59,5.85,20200
SDA,2011-10-20,5.53,5.72,5.53,5.66,53100
SDA,2011-10-21,5.59,5.91,5.59,5.79,62000
SDA,2011-10-24,5.85,5.91,5.66,5.79,7000
SDA,2011-10-25,5.79,5.79,5.59,5.59,19700
SDA,2011-10-26,5.59,5.59,5.4,5.53,34100
SDA,2011-10-27,5.4,5.66,5.4,5.59,9600
SDA,2011-10-28,5.46,5.91,5.46,5.91,157400
SDA,2011-10-31,5.98,6.04,5.59,5.59,34700
SDA,2011-11-01,5.66,5.66,5.46,5.53,8700
SDA,2011-11-02,5.53,5.53,5.27,5.34,20200
SDA,2011-11-03,5.27,5.4,5.27,5.4,15400
SDA,2011-11-04,5.34,5.34,5.21,5.34,18200
SDA,2011-11-07,5.21,5.21,5.08,5.14,12400
SDA,2011-11-08,5.14,5.34,4.95,5.21,6600
SDA,2011-11-09,5.14,5.14,5.01,5.01,10300
SDA,2011-11-10,4.89,4.89,4.82,4.82,4000
SDA,2011-11-11,5.01,5.01,4.76,4.76,4400
SDA,2011-11-14,4.82,4.82,4.63,4.76,27500
SDA,2011-11-15,4.63,4.69,4.5,4.69,6700
SDA,2011-11-16,4.69,4.76,4.5,4.76,26800
SDA,2011-11-17,4.76,4.76,4.63,4.63,9600
SDA,2011-11-18,4.5,4.63,4.5,4.63,20100
SDA,2011-11-21,4.69,4.69,4.5,4.5,5500
SDA,2011-11-22,4.76,4.76,4.24,4.5,6100
SDA,2011-11-23,4.56,4.56,4.44,4.44,8200
SDA,2011-11-24,4.37,4.37,4.31,4.31,22000
SDA,2011-11-25,4.5,4.5,4.31,4.44,5900
SDA,2011-11-28,4.5,4.63,4.44,4.44,7500
SDA,2011-11-29,4.63,4.63,4.37,4.37,15700
SDA,2011-11-30,4.31,4.31,4.24,4.24,6500
SDA,2011-12-01,4.18,4.37,4.18,4.37,8100
SDA,2011-12-02,4.31,4.44,4.24,4.24,7500
SDA,2011-12-05,4.5,4.56,4.37,4.56,16600
SDA,2011-12-06,4.69,4.76,4.5,4.5,28300
SDA,2011-12-07,4.5,4.56,4.44,4.44,1700
SDA,2011-12-08,4.56,4.56,4.31,4.31,17600
SDA,2011-12-09,4.31,4.31,4.24,4.31,8300
SDA,2011-12-12,4.18,4.24,4.18,4.18,1600
SDA,2011-12-13,4.31,4.31,4.05,4.11,5800
SDA,2011-12-14,4.18,4.18,3.92,3.92,9800
SDA,2011-12-15,3.86,3.86,3.73,3.73,26100
SDA,2011-12-16,3.99,3.99,3.99,3.99,8300
SDA,2011-12-19,3.99,3.99,3.79,3.79,39100
SDA,2011-12-20,4.05,4.05,3.66,3.86,6500
SDA,2011-12-21,3.99,3.99,3.73,3.86,5100
SDA,2011-12-22,4.05,4.05,3.66,3.66,2100
SDA,2011-12-23,3.54,3.54,3.47,3.47,14200
SDA,2011-12-26,3.66,3.66,3.34,3.34,7000
SDA,2011-12-27,3.34,3.34,3.21,3.21,15500
SDA,2011-12-28,3.41,3.41,3.34,3.34,300
SDA,2011-12-29,3.47,3.47,3.21,3.34,3100
SDA,2011-12-30,3.34,3.41,3.34,3.41,15200
SDA,2012-01-03,3.54,3.54,3.28,3.28,10200
SDA,2012-01-04,3.28,3.28,3.28,3.28,3900
SDA,2012-01-05,3.47,3.47,3.21,3.21,800
SDA,2012-01-06,3.21,3.21,3.15,3.15,9100
SDA,2012-01-09,3.15,3.28,3.15,3.21,7900
SDA,2012-01-10,3.41,3.41,3.34,3.34,1900
SDA,2012-01-11,3.41,3.41,3.41,3.41,300
SDA,2012-01-12,3.41,3.41,3.41,3.41,0
SDA,2012-01-13,3.41,3.41,3.28,3.41,5100
SDA,2012-01-16,3.28,3.47,3.28,3.47,4700
SDA,2012-01-17,3.41,3.54,3.41,3.54,8600
SDA,2012-01-18,3.47,3.54,3.47,3.47,1500
SDA,2012-01-19,3.47,3.66,3.47,3.66,14300
SDA,2012-01-20,3.66,3.66,3.6,3.66,6400
SDA,2012-01-30,3.54,3.79,3.47,3.79,37500
SDA,2012-01-31,3.86,3.86,3.73,3.73,9600
SDA,2012-02-01,3.99,3.99,3.73,3.79,3200
SDA,2012-02-02,3.86,3.99,3.73,3.99,50800
SDA,2012-02-03,4.11,4.11,3.73,3.73,14600
SDA,2012-02-06,3.86,3.86,3.66,3.66,28400
SDA,2012-02-07,3.73,3.79,3.73,3.73,4600
SDA,2012-02-08,3.92,3.92,3.79,3.86,16800
SDA,2012-02-09,3.86,3.86,3.66,3.66,20800
SDA,2012-02-10,3.6,3.6,3.47,3.54,15100
SDA,2012-02-13,3.54,3.54,3.41,3.41,21700
SDA,2012-02-14,3.66,3.66,3.47,3.47,3300
SDA,2012-02-15,3.66,3.66,3.41,3.41,12700
SDA,2012-02-16,3.54,3.54,3.34,3.34,15000
SDA,2012-02-17,3.47,3.54,3.41,3.54,10500
SDA,2012-02-20,3.66,3.73,3.66,3.73,24500
SDA,2012-02-21,3.99,3.99,3.66,3.66,28100
SDA,2012-02-22,3.73,3.86,3.73,3.86,36400
SDA,2012-02-23,3.86,4.05,3.79,4.05,66700
SDA,2012-02-24,4.18,4.24,4.05,4.24,123100
SDA,2012-02-27,4.44,4.5,4.37,4.5,33200
SDA,2012-02-28,4.76,4.76,4.5,4.63,244100
SDA,2012-02-29,4.63,4.69,4.44,4.63,55500
SDA,2012-03-01,4.56,4.69,4.5,4.56,39500
SDA,2012-03-02,4.5,4.76,4.5,4.69,57600
SDA,2012-03-05,5.01,5.01,5.01,5.01,25500
SDA,2012-03-06,5.34,5.34,4.95,5.01,135500
SDA,2012-03-07,5.14,5.46,4.82,5.01,95000
SDA,2012-03-08,4.82,5.01,4.69,4.76,28200
SDA,2012-03-09,4.69,4.82,4.56,4.63,53000
SDA,2012-03-12,4.82,4.82,4.37,4.37,114800
SDA,2012-03-13,4.44,4.63,4.44,4.56,66000
SDA,2012-03-14,4.63,4.63,4.44,4.44,12900
SDA,2012-03-15,4.44,4.76,4.44,4.76,41400
SDA,2012-03-16,4.95,4.95,4.76,4.82,47200
SDA,2012-03-19,4.76,4.76,4.63,4.76,14400
SDA,2012-03-20,4.82,4.82,4.69,4.82,26700
SDA,2012-03-21,4.89,5.08,4.76,4.89,33100
SDA,2012-03-22,4.82,4.89,4.69,4.82,54000
SDA,2012-03-23,4.89,5.08,4.89,5.01,74000
SDA,2012-03-26,4.89,5.34,4.89,5.34,154300
SDA,2012-03-27,5.21,5.34,5.01,5.01,62100
SDA,2012-03-28,4.82,5.14,4.76,5.14,35800
SDA,2012-03-29,5.14,5.14,4.82,5.01,29500
SDA,2012-03-30,4.76,4.95,4.69,4.95,70000
SDA,2012-04-03,4.82,5.08,4.82,5.08,51500
SDA,2012-04-04,5.27,5.4,5.21,5.4,284700
SDA,2012-04-05,5.14,5.34,4.95,5.27,39100
SDA,2012-04-06,5.34,5.4,5.08,5.08,74000
SDA,2012-04-09,5.27,5.27,5.14,5.14,31500
SDA,2012-04-10,5.14,5.21,4.95,5.21,92200
SDA,2012-04-11,5.27,5.53,5.27,5.53,309500
SDA,2012-04-12,5.53,5.91,5.53,5.85,221000
SDA,2012-04-13,5.98,5.98,5.53,5.53,91500
SDA,2012-04-16,5.53,5.91,5.34,5.79,71600
SDA,2012-04-17,5.79,5.79,5.53,5.72,106000
SDA,2012-04-18,5.72,5.91,5.66,5.91,94300
SDA,2012-04-19,5.79,5.91,5.46,5.53,91400
SDA,2012-04-20,5.66,5.66,5.46,5.59,46400
SDA,2012-04-23,5.53,5.53,5.4,5.46,45800
SDA,2012-04-24,5.53,5.66,5.27,5.66,57200
SDA,2012-04-25,5.79,5.85,5.59,5.85,56400
SDA,2012-04-26,5.79,5.79,5.59,5.79,38600
SDA,2012-04-27,5.66,5.85,5.53,5.85,32100
SDA,2012-05-02,5.85,6.17,5.85,6.17,272200
SDA,2012-05-03,6.56,6.56,6.17,6.43,267600
SDA,2012-05-04,6.36,6.62,6.11,6.43,122800
SDA,2012-05-07,6.56,6.75,6.56,6.75,222600
SDA,2012-05-08,6.88,6.88,6.43,6.43,154300
SDA,2012-05-09,6.43,6.75,6.3,6.75,125800
SDA,2012-05-10,6.81,7.14,6.81,7.14,189400
SDA,2012-05-11,7.14,7.14,6.69,6.75,137400
SDA,2012-05-14,6.62,6.62,6.24,6.24,104900
SDA,2012-05-15,6.04,6.3,5.85,5.98,108900
SDA,2012-05-16,6.04,6.11,5.46,6.11,62800
SDA,2012-05-17,6.04,6.04,5.59,5.59,63200
SDA,2012-05-18,5.46,5.46,5.21,5.21,139700
SDA,2012-05-21,5.34,5.53,5.34,5.53,38100
SDA,2012-05-22,5.72,5.79,5.46,5.59,28200
SDA,2012-05-23,5.27,5.27,5.14,5.14,42900
SDA,2012-05-24,5.14,5.21,4.89,5.14,59400
SDA,2012-05-25,5.14,5.34,5.14,5.34,13200
SDA,2012-05-28,5.59,5.66,5.34,5.4,24600
SDA,2012-05-29,5.27,5.4,5.14,5.34,25000
SDA,2012-05-30,5.34,5.34,5.27,5.34,22800
SDA,2012-05-31,5.27,5.27,5.01,5.01,33100
SDA,2012-06-01,5.21,5.34,5.21,5.27,20600
SDA,2012-06-04,5.14,5.14,4.95,5.08,23900
SDA,2012-06-05,5.21,5.34,5.14,5.27,54800
SDA,2012-06-06,5.34,5.4,5.21,5.4,18800
SDA,2012-06-07,5.4,5.66,5.4,5.59,60600
SDA,2012-06-08,5.53,5.59,5.4,5.4,48000
SDA,2012-06-11,5.4,5.59,5.4,5.53,34500
SDA,2012-06-12,5.34,5.4,5.21,5.21,7400
SDA,2012-06-13,5.27,5.4,5.21,5.4,23700
SDA,2012-06-14,5.21,5.4,5.21,5.27,29000
SDA,2012-06-15,5.21,5.34,5.08,5.34,15600
SDA,2012-06-18,5.34,5.46,5.34,5.4,9800
SDA,2012-06-19,5.34,5.34,5.27,5.34,16400
SDA,2012-06-20,5.21,5.34,5.21,5.27,15600
SDA,2012-06-21,5.27,5.27,5.27,5.27,20500
SDA,2012-06-22,5.27,5.27,5.01,5.27,42900
SDA,2012-06-25,5.14,5.14,5.01,5.14,19700
SDA,2012-06-26,5.08,5.08,4.89,4.89,38400
SDA,2012-06-27,5.01,5.01,4.82,4.82,10600
SDA,2012-06-28,4.89,5.01,4.82,5.01,7800
SDA,2012-06-29,4.82,5.01,4.76,5.01,11800
SDA,2012-07-02,4.82,4.82,4.69,4.76,4000
SDA,2012-07-03,4.5,4.5,4.37,4.5,33200
SDA,2012-07-04,4.5,4.5,4.37,4.37,5200
SDA,2012-07-05,4.44,4.56,4.37,4.56,13800
SDA,2012-07-06,4.63,4.76,4.56,4.69,3100
SDA,2012-07-09,4.5,4.56,4.37,4.56,20700
SDA,2012-07-10,4.5,4.5,4.37,4.37,28600
SDA,2012-07-11,4.44,4.44,4.37,4.44,15700
SDA,2012-07-12,4.37,4.44,4.31,4.44,17100
SDA,2012-07-13,4.5,4.69,4.5,4.69,68900
SDA,2012-07-16,4.69,4.76,4.56,4.69,18500
SDA,2012-07-17,4.69,5.01,4.63,5.01,25900
SDA,2012-07-18,4.76,5.08,4.76,4.95,1000
SDA,2012-07-19,4.95,5.08,4.95,5.08,20900
SDA,2012-07-20,5.27,5.27,4.82,4.82,48200
SDA,2012-07-23,4.89,4.89,4.82,4.82,9700
SDA,2012-07-24,4.76,4.76,4.56,4.56,38700
SDA,2012-07-25,4.56,4.76,4.5,4.76,2500
SDA,2012-07-26,4.5,4.76,4.5,4.76,2200
SDA,2012-07-27,4.69,4.69,4.44,4.44,17300
SDA,2012-07-30,4.44,4.63,4.44,4.63,1800
SDA,2012-07-31,4.5,4.76,4.5,4.76,400
SDA,2012-08-01,4.69,4.69,4.69,4.69,3200
SDA,2012-08-02,4.56,4.56,4.56,4.56,4600
SDA,2012-08-03,4.63,4.63,4.37,4.37,31600
SDA,2012-08-06,4.5,4.63,4.24,4.56,51400
SDA,2012-08-07,4.5,4.5,4.37,4.44,4000
SDA,2012-08-08,4.44,4.5,4.37,4.5,7600
SDA,2012-08-09,4.5,4.63,4.5,4.56,11200
SDA,2012-08-10,4.44,4.44,4.37,4.37,13600
SDA,2012-08-13,4.44,4.44,4.44,4.44,100
SDA,2012-08-14,4.44,4.5,4.44,4.5,600
SDA,2012-08-15,4.37,4.5,4.37,4.5,2300
SDA,2012-08-16,4.37,4.37,4.37,4.37,1500
SDA,2012-08-17,4.37,4.44,4.37,4.37,7600
SDA,2012-08-20,4.5,4.5,4.31,4.5,1900
SDA,2012-08-21,4.24,4.24,4.24,4.24,6400
SDA,2012-08-22,3.99,4.05,3.99,4.05,25400
SDA,2012-08-23,3.79,3.79,3.79,3.79,19400
SDA,2012-08-24,3.54,3.86,3.54,3.79,102300
SDA,2012-08-27,3.54,3.54,3.54,3.54,7400
SDA,2012-08-28,3.66,3.66,3.66,3.66,1200
SDA,2012-08-29,3.66,3.86,3.66,3.86,18700
SDA,2012-08-30,3.66,3.73,3.66,3.73,15700
SDA,2012-08-31,3.66,3.66,3.6,3.6,39500
SDA,2012-09-04,3.6,3.66,3.6,3.6,66400
SDA,2012-09-05,3.6,3.6,3.41,3.41,88700
SDA,2012-09-06,3.47,3.54,3.47,3.54,1100
SDA,2012-09-07,3.47,3.54,3.41,3.47,13100
SDA,2012-09-10,3.34,3.41,3.28,3.41,19300
SDA,2012-09-11,3.21,3.28,3.21,3.28,19200
SDA,2012-09-12,3.28,3.28,3.21,3.28,12100
SDA,2012-09-13,3.21,3.47,3.21,3.47,18700
SDA,2012-09-14,3.54,3.54,3.47,3.54,22000
SDA,2012-09-17,3.34,3.54,3.34,3.54,7800
SDA,2012-09-18,3.47,3.47,3.34,3.34,6700
SDA,2012-09-19,3.21,3.21,3.15,3.21,21900
SDA,2012-09-20,3.15,3.21,3.09,3.21,15000
SDA,2012-09-21,3.34,3.34,3.15,3.28,2300
SDA,2012-09-24,3.15,3.28,3.15,3.21,5100
SDA,2012-09-25,3.21,3.21,3.21,3.21,0
SDA,2012-09-26,3.41,3.41,3.21,3.28,5400
SDA,2012-09-27,3.28,3.28,3.09,3.28,8900
SDA,2012-09-28,3.28,3.28,3.09,3.28,500
SDA,2012-10-01,3.02,3.21,3.02,3.21,8100
SDA,2012-10-02,3.15,3.15,3.15,3.15,200
SDA,2012-10-03,3.15,3.21,3.15,3.21,500
SDA,2012-10-04,3.09,3.09,3.02,3.02,9800
SDA,2012-10-05,3.09,3.15,3.02,3.15,10200
SDA,2012-10-08,3.15,3.28,3.15,3.28,11600
SDA,2012-10-09,3.15,3.28,3.15,3.21,15700
SDA,2012-10-10,3.21,3.28,3.21,3.28,7000
SDA,2012-10-11,3.28,3.41,3.28,3.34,21900
SDA,2012-10-12,3.21,3.21,3.21,3.21,7000
SDA,2012-10-15,3.02,3.15,3.02,3.09,6700
SDA,2012-10-16,3.21,3.28,3.21,3.28,5000
SDA,2012-10-17,3.28,3.28,3.09,3.21,11000
SDA,2012-10-18,3.21,3.21,3.15,3.15,8100
SDA,2012-10-19,3.15,3.21,3.15,3.21,2500
SDA,2012-10-22,3.21,3.21,3.21,3.21,0
SDA,2012-10-23,3.15,3.15,3.09,3.15,4700
SDA,2012-10-24,3.09,3.15,3.09,3.15,1100
SDA,2012-10-25,2.96,3.15,2.96,3.15,14200
SDA,2012-10-26,2.96,3.15,2.96,3.15,1300
SDA,2012-10-29,3.15,3.15,3.15,3.15,0
SDA,2012-10-30,3.09,3.15,2.96,3.15,9300
SDA,2012-10-31,2.96,2.96,2.96,2.96,12000
SDA,2012-11-01,2.96,3.02,2.96,3.02,14400
SDA,2012-11-02,2.96,2.96,2.96,2.96,10000
SDA,2012-11-05,3.09,3.09,2.76,2.76,11900
SDA,2012-11-06,2.7,2.89,2.64,2.64,6300
SDA,2012-11-07,2.64,2.83,2.64,2.83,2000
SDA,2012-11-08,2.7,2.7,2.7,2.7,100
SDA,2012-11-09,2.7,2.83,2.7,2.76,1400
SDA,2012-11-12,2.76,2.96,2.76,2.76,1700
SDA,2012-11-13,2.83,2.83,2.76,2.83,3800
SDA,2012-11-14,2.83,2.83,2.83,2.83,0
SDA,2012-11-15,2.7,2.76,2.7,2.76,2100
SDA,2012-11-16,2.7,2.7,2.64,2.7,1700
SDA,2012-11-19,2.64,2.76,2.64,2.76,19000
SDA,2012-11-20,2.96,2.96,2.96,2.96,100
SDA,2012-11-21,2.76,2.76,2.76,2.76,200
SDA,2012-11-22,2.89,2.89,2.89,2.89,100
SDA,2012-11-23,2.7,2.7,2.7,2.7,7700
SDA,2012-11-26,2.83,2.83,2.57,2.7,3500
SDA,2012-11-27,2.7,2.83,2.57,2.83,4200
SDA,2012-11-28,2.7,2.83,2.7,2.83,300
SDA,2012-11-29,2.64,2.83,2.64,2.83,5200
SDA,2012-11-30,2.83,2.83,2.83,2.83,0
SDA,2012-12-03,2.83,2.83,2.76,2.83,1100
SDA,2012-12-04,2.64,2.83,2.64,2.83,300
SDA,2012-12-05,2.83,2.89,2.76,2.89,4800
SDA,2012-12-06,3.02,3.02,2.96,2.96,600
SDA,2012-12-07,2.83,2.89,2.76,2.89,2600
SDA,2012-12-10,2.89,3.09,2.89,3.09,3700
SDA,2012-12-11,2.96,3.15,2.96,3.15,600
SDA,2012-12-12,3.02,3.09,2.96,3.09,23100
SDA,2012-12-13,3.09,3.09,3.09,3.09,0
SDA,2012-12-14,2.89,3.02,2.89,3.02,10500
SDA,2012-12-17,2.96,3.09,2.96,3.09,31200
SDA,2012-12-18,3.09,3.09,3.09,3.09,0
SDA,2012-12-19,3.09,3.09,3.09,3.09,11500
SDA,2012-12-20,3.09,3.09,2.96,3.02,1600
SDA,2012-12-21,2.83,3.02,2.83,3.02,2500
SDA,2012-12-24,3.02,3.02,2.96,3.02,2400
SDA,2012-12-25,2.96,2.96,2.83,2.83,14200
SDA,2012-12-26,2.96,3.02,2.96,3.02,4300
SDA,2012-12-27,3.02,3.15,3.02,3.09,35800
SDA,2012-12-28,3.09,3.09,2.96,3.09,5200
SDA,2013-01-02,3.15,3.28,3.15,3.28,88400
SDA,2013-01-03,3.28,3.28,3.09,3.09,63100
SDA,2013-01-04,3.15,3.21,3.15,3.21,47700
SDA,2013-01-07,3.21,3.34,3.09,3.15,52700
SDA,2013-01-08,3.09,3.15,2.96,3.15,23200
SDA,2013-01-09,3.15,3.28,3.09,3.15,77500
SDA,2013-01-10,3.15,3.21,3.09,3.21,23200
SDA,2013-01-11,3.21,3.28,3.15,3.28,59300
SDA,2013-01-14,3.15,3.28,3.15,3.28,5700
SDA,2013-01-15,3.28,3.41,3.21,3.41,74000
SDA,2013-01-16,3.54,3.66,3.47,3.6,113900
SDA,2013-01-17,3.6,3.92,3.54,3.54,50200
SDA,2013-01-18,3.66,3.66,3.54,3.6,8200
SDA,2013-01-21,3.6,3.6,3.28,3.28,6900
SDA,2013-01-22,3.41,3.41,3.15,3.21,29500
SDA,2013-01-23,3.21,3.34,3.21,3.34,600
SDA,2013-01-24,3.09,3.34,3.09,3.34,30900
SDA,2013-01-25,3.28,3.47,3.28,3.47,12500
SDA,2013-01-28,3.34,3.47,3.15,3.41,17400
SDA,2013-01-29,3.41,3.41,3.28,3.28,7600
SDA,2013-01-30,3.34,3.34,3.28,3.34,86800
SDA,2013-01-31,3.34,3.34,3.21,3.21,7600
SDA,2013-02-01,3.28,3.41,3.21,3.41,5100
SDA,2013-02-04,3.21,3.41,3.21,3.41,20900
SDA,2013-02-05,3.28,3.28,3.28,3.28,4500
SDA,2013-02-06,3.34,3.34,3.34,3.34,10000
SDA,2013-02-07,3.47,3.47,3.34,3.41,6600
SDA,2013-02-08,3.34,3.41,3.34,3.41,5500
SDA,2013-02-18,3.47,3.6,3.41,3.54,53600
SDA,2013-02-19,3.6,3.73,3.47,3.54,37500
SDA,2013-02-20,3.41,3.6,3.41,3.6,18700
SDA,2013-02-21,3.6,3.86,3.28,3.28,84700
SDA,2013-02-22,3.54,3.54,3.15,3.41,32100
SDA,2013-02-25,3.41,3.47,3.41,3.47,1400
SDA,2013-02-26,3.28,3.34,3.21,3.34,15000
SDA,2013-02-27,3.21,3.41,3.21,3.41,5000
SDA,2013-02-28,3.21,3.41,3.21,3.34,61500
SDA,2013-03-01,3.47,3.47,3.21,3.41,10100
SDA,2013-03-04,3.41,3.41,3.15,3.28,36100
SDA,2013-03-05,3.02,3.21,2.96,3.21,69500
SDA,2013-03-06,3.15,3.21,2.96,3.21,23100
SDA,2013-03-07,3.21,3.21,3.21,3.21,0
SDA,2013-03-08,2.96,3.21,2.96,3.21,20400
SDA,2013-03-11,3.09,3.28,3.09,3.28,42900
SDA,2013-03-12,3.21,3.21,3.21,3.21,100
SDA,2013-03-13,3.02,3.21,3.02,3.21,300
SDA,2013-03-14,3.15,3.15,3.02,3.09,1500
SDA,2013-03-15,3.02,3.15,3.02,3.15,36200
SDA,2013-03-18,3.15,3.15,2.96,2.96,6300
SDA,2013-03-19,2.96,2.96,2.96,2.96,8000
SDA,2013-03-20,2.96,3.02,2.89,3.02,1900
SDA,2013-03-21,3.02,3.09,2.89,2.89,1900
SDA,2013-03-22,3.09,3.09,2.83,2.83,4500
SDA,2013-03-25,2.83,3.02,2.83,3.02,7300
SDA,2013-03-26,2.96,3.02,2.83,3.02,1900
SDA,2013-03-27,3.09,3.09,2.96,2.96,11000
SDA,2013-03-28,2.83,2.83,2.76,2.76,35800
SDA,2013-03-29,2.57,2.76,2.51,2.64,26300
SDA,2013-04-01,2.7,2.76,2.7,2.76,5200
SDA,2013-04-02,2.64,2.83,2.57,2.7,38900
SDA,2013-04-03,2.64,2.7,2.57,2.64,22600
SDA,2013-04-04,2.64,2.76,2.57,2.76,17900
SDA,2013-04-05,2.7,2.7,2.57,2.57,8600
SDA,2013-04-08,2.44,2.44,2.31,2.31,34000
SDA,2013-04-09,2.31,2.44,2.25,2.44,7000
SDA,2013-04-10,2.44,2.44,2.31,2.44,24900
SDA,2013-04-11,2.44,2.44,2.38,2.44,8400
SDA,2013-04-12,2.31,2.57,2.31,2.57,1900
SDA,2013-04-15,2.57,2.64,2.38,2.57,13500
SDA,2013-04-16,2.44,2.57,2.44,2.57,2500
SDA,2013-04-17,2.57,2.57,2.57,2.57,0
SDA,2013-04-18,2.57,2.57,2.51,2.51,1900
SDA,2013-04-22,2.57,2.57,2.57,2.57,200
SDA,2013-04-23,2.57,2.57,2.44,2.44,4800
SDA,2013-04-24,2.57,2.57,2.51,2.51,2500
SDA,2013-04-25,2.51,2.51,2.51,2.51,0
SDA,2013-04-26,2.44,2.44,2.44,2.44,1000
SDA,2013-05-02,2.44,2.44,2.44,2.44,0
SDA,2013-05-03,2.31,2.44,2.31,2.44,300
SDA,2013-05-06,2.57,2.57,2.38,2.57,21100
SDA,2013-05-07,2.57,2.76,2.57,2.7,19800
SDA,2013-05-08,2.7,2.96,2.7,2.96,18500
SDA,2013-05-09,2.96,3.15,2.96,3.15,86500
SDA,2013-05-10,3.41,3.41,3.28,3.41,92400
SDA,2013-05-13,3.41,3.41,3.15,3.34,6500
SDA,2013-05-14,3.09,3.15,3.02,3.15,13200
SDA,2013-05-15,2.96,3.09,2.89,2.89,12300
SDA,2013-05-16,2.89,3.15,2.89,3.09,5200
SDA,2013-05-17,3.02,3.09,3.02,3.09,2500
SDA,2013-05-20,3.02,3.02,3.02,3.02,5000
SDA,2013-05-21,3.02,3.15,2.89,3.15,6200
SDA,2013-05-22,2.89,3.02,2.89,2.89,14100
SDA,2013-05-23,2.89,3.02,2.89,3.02,8800
SDA,2013-05-24,2.89,3.15,2.89,2.96,1600
SDA,2013-05-27,3.15,3.21,3.15,3.21,4000
SDA,2013-05-28,3.09,3.09,3.09,3.09,1000
SDA,2013-05-29,3.15,3.15,3.02,3.09,6400
SDA,2013-05-30,3.02,3.02,2.89,2.89,3900
SDA,2013-05-31,2.96,3.02,2.89,2.89,18100
SDA,2013-06-03,2.83,2.89,2.83,2.89,13000
SDA,2013-06-04,2.83,3.02,2.83,3.02,11200
SDA,2013-06-05,3.09,3.09,3.09,3.09,300
SDA,2013-06-06,2.96,2.96,2.89,2.89,1200
SDA,2013-06-07,2.96,3.09,2.96,3.09,10200
SDA,2013-06-10,3.15,3.21,3.09,3.09,23800
SDA,2013-06-11,2.96,2.96,2.96,2.96,9000
SDA,2013-06-12,2.96,3.15,2.96,3.15,8800
SDA,2013-06-13,2.96,3.21,2.96,3.21,10700
SDA,2013-06-14,3.15,3.21,3.09,3.15,55600
SDA,2013-06-17,3.28,3.28,3.09,3.15,5600
SDA,2013-06-18,3.02,3.09,3.02,3.09,6200
SDA,2013-06-19,2.96,3.09,2.96,3.09,1100
SDA,2013-06-20,2.96,2.96,2.83,2.83,20300
SDA,2013-06-21,2.7,2.7,2.7,2.83,3000
SDA,2013-06-24,2.83,3.15,2.83,3.15,300
SDA,2013-06-25,2.96,2.96,2.89,2.89,6100
SDA,2013-06-26,2.7,2.96,2.7,2.96,1400
SDA,2013-06-27,2.89,2.89,2.76,2.83,6200
SDA,2013-06-28,2.7,2.96,2.64,2.64,82700
SDA,2013-07-01,2.51,2.89,2.51,2.89,200
SDA,2013-07-02,2.89,2.89,2.89,2.89,500
SDA,2013-07-03,2.7,2.7,2.7,2.7,14500
SDA,2013-07-04,2.57,2.64,2.57,2.64,2500
SDA,2013-07-05,2.57,2.57,2.57,2.57,5000
SDA,2013-07-08,2.38,2.7,2.38,2.7,8200
SDA,2013-07-09,2.64,2.7,2.64,2.7,1200
SDA,2013-07-10,2.57,2.7,2.51,2.57,12800
SDA,2013-07-11,2.57,2.57,2.57,2.57,3000
SDA,2013-07-12,2.57,2.7,2.57,2.7,5200
SDA,2013-07-15,2.57,2.7,2.57,2.7,1500
SDA,2013-07-16,2.7,2.7,2.57,2.57,9500
SDA,2013-07-17,2.44,2.44,2.31,2.44,28200
SDA,2013-07-18,2.64,2.64,2.64,2.64,200
SDA,2013-07-19,2.7,2.7,2.7,2.7,100
SDA,2013-07-22,2.7,2.7,2.57,2.7,1600
SDA,2013-07-23,2.64,2.64,2.64,2.64,1000
SDA,2013-07-24,2.51,2.51,2.51,2.51,2000
SDA,2013-07-25,2.38,2.57,2.31,2.57,2400
SDA,2013-07-26,2.57,2.57,2.57,2.57,1000
SDA,2013-07-29,2.31,2.57,2.31,2.57,1100
SDA,2013-07-30,2.57,2.57,2.57,2.57,128
SDA,2013-07-31,2.31,2.51,2.31,2.51,10300
SDA,2013-08-01,2.51,2.7,2.51,2.7,2400
SDA,2013-08-02,2.51,2.51,2.51,2.51,100
SDA,2013-08-05,2.51,2.51,2.44,2.44,10208
SDA,2013-08-06,2.44,2.51,2.38,2.51,7700
SDA,2013-08-07,2.51,2.57,2.51,2.57,15000
SDA,2013-08-08,2.57,2.57,2.57,2.57,0
SDA,2013-08-09,2.64,2.64,2.57,2.57,1900
SDA,2013-08-12,2.64,2.64,2.51,2.51,500
SDA,2013-08-13,2.44,2.51,2.38,2.51,800
SDA,2013-08-14,2.57,2.57,2.57,2.57,100
SDA,2013-08-15,2.57,2.57,2.57,2.57,6
SDA,2013-08-16,2.38,2.44,2.38,2.44,2700
SDA,2013-08-19,2.44,2.64,2.44,2.64,19100
SDA,2013-08-20,2.64,2.64,2.64,2.64,0
SDA,2013-08-21,2.44,2.44,2.44,2.44,700
SDA,2013-08-22,2.44,2.57,2.44,2.57,1100
SDA,2013-08-23,2.57,2.57,2.57,2.57,40
SDA,2013-08-26,2.57,2.57,2.57,2.57,1000
SDA,2013-08-27,2.44,2.57,2.44,2.44,940
SDA,2013-08-28,2.31,2.51,2.31,2.51,300
SDA,2013-08-29,2.51,2.51,2.51,2.51,0
SDA,2013-08-30,2.44,2.44,2.44,2.44,2600
SDA,2013-09-03,2.31,2.31,2.31,2.31,400
SDA,2013-09-04,2.25,2.31,2.25,2.25,5200
SDA,2013-09-05,2.31,2.31,2.31,2.31,800
SDA,2013-09-06,2.31,2.31,2.19,2.19,800
SDA,2013-09-09,2.31,2.31,2.25,2.25,6700
SDA,2013-09-10,2.25,2.31,2.19,2.25,1600
SDA,2013-09-11,2.25,2.25,2.25,2.25,0
SDA,2013-09-12,2.31,2.44,2.31,2.38,6500
SDA,2013-09-13,2.25,2.25,2.25,2.25,3800
SDA,2013-09-16,2.25,2.44,2.25,2.44,9400
SDA,2013-09-17,2.44,2.57,2.44,2.57,12300
SDA,2013-09-18,2.44,2.44,2.44,2.44,7000
SDA,2013-09-19,2.38,2.38,2.31,2.38,7100
SDA,2013-09-20,2.51,2.51,2.38,2.38,2100
SDA,2013-09-23,2.25,2.31,2.25,2.31,913
SDA,2013-09-24,2.31,2.31,2.31,2.31,11200
SDA,2013-09-25,2.31,2.44,2.31,2.44,1100
SDA,2013-09-26,2.44,2.44,2.44,2.44,5500
SDA,2013-09-27,2.44,2.44,2.44,2.44,6200
SDA,2013-09-30,2.51,2.51,2.51,2.51,900
SDA,2013-10-01,2.51,2.51,2.44,2.44,2800
SDA,2013-10-02,2.51,2.51,2.31,2.31,21600
SDA,2013-10-03,2.38,2.38,2.38,2.38,8124
SDA,2013-10-04,2.51,2.57,2.51,2.57,39000
SDA,2013-10-07,2.7,2.76,2.57,2.57,32800
SDA,2013-10-08,2.64,2.7,2.64,2.64,17719
SDA,2013-10-09,2.64,2.7,2.57,2.7,13800
SDA,2013-10-10,2.76,2.96,2.76,2.96,62300
SDA,2013-10-11,2.96,3.09,2.89,2.89,16100
SDA,2013-10-14,2.89,2.96,2.83,2.96,15500
SDA,2013-10-15,3.02,3.21,2.96,3.09,37400
SDA,2013-10-16,3.09,3.21,3.09,3.21,30550
SDA,2013-10-17,3.21,3.21,3.15,3.21,5000
SDA,2013-10-18,3.09,3.09,3.02,3.09,4100
SDA,2013-10-21,3.02,3.02,3.02,3.02,2100
SDA,2013-10-22,2.96,2.96,2.96,2.96,400
SDA,2013-10-23,3.02,3.02,3.02,3.02,5624
SDA,2013-10-24,3.09,3.28,3.09,3.21,61100
SDA,2013-10-25,3.34,3.34,3.21,3.21,38976
SDA,2013-10-28,3.34,3.34,3.34,3.34,200
SDA,2013-10-29,3.09,3.21,3.02,3.21,9200
SDA,2013-10-30,3.21,3.34,3.21,3.34,41200
SDA,2013-10-31,3.21,3.28,3.21,3.28,16200
SDA,2013-11-01,3.28,3.34,3.28,3.34,32846
SDA,2013-11-04,3.34,3.66,3.34,3.66,101666
SDA,2013-11-05,3.54,3.79,3.54,3.66,8300
SDA,2013-11-06,3.66,3.79,3.6,3.79,61271
SDA,2013-11-07,3.79,3.92,3.79,3.79,59600
SDA,2013-11-08,3.92,3.92,3.79,3.92,19329
SDA,2013-11-11,3.86,3.99,3.79,3.99,26200
SDA,2013-11-12,3.86,4.24,3.86,3.99,39800
SDA,2013-11-13,3.99,3.99,3.92,3.99,18300
SDA,2013-11-14,3.99,4.37,3.86,4.37,112600
SDA,2013-11-15,4.5,4.69,4.5,4.63,83500
SDA,2013-11-18,4.56,4.63,4.5,4.63,25726
SDA,2013-11-19,4.37,4.5,4.31,4.37,38774
SDA,2013-11-20,4.11,4.56,4.11,4.56,81300
SDA,2013-11-21,4.5,4.56,4.37,4.37,37600
SDA,2013-11-22,4.31,4.44,4.31,4.37,10200
SDA,2013-11-25,4.5,4.5,4.31,4.44,3600
SDA,2013-11-26,4.24,4.37,4.24,4.37,3400
SDA,2013-11-27,4.44,4.44,4.37,4.44,10100
SDA,2013-11-28,4.31,4.37,4.31,4.37,1100
SDA,2013-11-29,4.18,4.37,4.11,4.37,41400
SDA,2013-12-02,4.11,4.37,4.05,4.37,32134
SDA,2013-12-03,4.11,4.37,4.11,4.37,16100
SDA,2013-12-04,4.18,4.44,4.18,4.44,20200
SDA,2013-12-05,4.31,4.56,4.31,4.31,53900
SDA,2013-12-06,4.56,4.56,4.31,4.5,16000
SDA,2013-12-09,4.56,4.69,4.5,4.63,73400
SDA,2013-12-10,4.69,4.76,4.44,4.56,29000
SDA,2013-12-11,4.56,4.63,4.37,4.5,46900
SDA,2013-12-12,4.37,4.5,4.37,4.5,14200
SDA,2013-12-13,4.37,4.56,4.37,4.56,49000
SDA,2013-12-16,4.56,5.01,4.56,5.01,132400
SDA,2013-12-17,5.34,5.46,5.14,5.46,181100
SDA,2013-12-18,5.53,5.53,5.14,5.4,38310
SDA,2013-12-19,5.14,5.4,5.08,5.34,40200
SDA,2013-12-20,5.14,5.21,5.08,5.08,98600
SDA,2013-12-23,5.08,5.14,5.08,5.08,49900
SDA,2013-12-24,5.08,5.27,5.08,5.08,47100
SDA,2013-12-25,5.08,5.08,5.01,5.08,37700
SDA,2013-12-26,5.08,5.21,5.01,5.08,35100
SDA,2013-12-27,5.21,5.21,5.01,5.01,20400
SDA,2013-12-30,4.95,4.95,4.56,4.76,26100
SDA,2013-12-31,4.76,4.82,4.69,4.76,6800
SDA,2014-01-02,4.63,4.76,4.63,4.76,4900
SDA,2014-01-03,4.63,4.69,4.63,4.69,10800
SDA,2014-01-06,4.44,4.69,4.31,4.69,22700
SDA,2014-01-07,4.5,4.63,4.44,4.63,13800
SDA,2014-01-08,4.37,4.56,4.37,4.56,6171
SDA,2014-01-09,4.5,4.56,4.5,4.56,9700
SDA,2014-01-10,4.63,5.01,4.63,5.01,60779
SDA,2014-01-13,5.08,5.27,5.01,5.08,18433
SDA,2014-01-14,5.08,5.08,4.82,5.08,10448
SDA,2014-01-15,5.01,5.01,4.89,4.95,30700
SDA,2014-01-16,4.95,5.08,4.89,4.95,18500
SDA,2014-01-17,4.95,5.27,4.82,4.89,10000
SDA,2014-01-20,4.89,4.89,4.89,4.89,0
SDA,2014-01-21,5.27,5.27,4.63,4.63,9800
SDA,2014-01-22,5.01,5.01,4.82,4.82,1232
SDA,2014-01-23,4.82,4.89,4.63,4.82,10500
SDA,2014-01-24,4.82,5.14,4.82,5.01,12500
SDA,2014-01-27,4.89,5.08,4.89,4.89,9500
SDA,2014-02-06,5.14,5.14,5.14,5.14,600
SDA,2014-02-07,4.82,4.82,4.82,4.82,8200
SDA,2014-02-10,4.82,5.08,4.82,5.01,6800
SDA,2014-02-11,5.14,5.27,4.82,5.08,30998
SDA,2014-02-12,4.89,5.14,4.89,4.89,25343
SDA,2014-02-13,4.95,5.14,4.82,5.01,33102
SDA,2014-02-14,4.76,5.08,4.76,5.08,4900
SDA,2014-02-17,4.69,5.14,4.63,5.14,109900
SDA,2014-02-18,5.14,5.14,4.63,5.14,75572
SDA,2014-02-19,5.08,5.66,4.89,5.66,82228
SDA,2014-02-20,5.21,5.53,5.14,5.14,40900
SDA,2014-02-21,4.89,5.21,4.89,5.21,5700
SDA,2014-02-24,5.21,5.53,5.21,5.27,12300
SDA,2014-02-25,5.14,5.21,5.08,5.21,18400
SDA,2014-02-26,5.01,5.27,4.95,5.27,24164
SDA,2014-02-27,4.82,5.27,4.76,5.08,61336
SDA,2014-02-28,5.08,5.08,4.82,5.08,6400
SDA,2014-03-03,4.82,4.95,4.69,4.95,32712
SDA,2014-03-04,4.76,5.21,4.76,5.21,10400
SDA,2014-03-05,5.01,5.08,4.89,5.08,2600
SDA,2014-03-06,5.01,5.14,4.95,5.14,17300
SDA,2014-03-07,5.08,5.21,5.08,5.14,25500
SDA,2014-03-10,5.14,5.14,5.08,5.14,32800
SDA,2014-03-11,5.14,5.4,5.14,5.4,55600
SDA,2014-03-12,5.4,5.59,5.21,5.4,27800
SDA,2014-03-13,5.34,5.4,5.34,5.4,13600
SDA,2014-03-14,5.34,5.34,5.34,5.34,3600
SDA,2014-03-17,5.66,5.66,5.34,5.4,25700
SDA,2014-03-18,5.4,5.59,5.34,5.59,50700
SDA,2014-03-19,5.59,5.66,5.59,5.66,23200
SDA,2014-03-20,5.66,5.66,5.34,5.59,18900
SDA,2014-03-21,5.27,5.59,5.27,5.59,22700
SDA,2014-03-24,5.59,6.11,5.59,6.04,48100
SDA,2014-03-25,6.04,6.17,5.66,6.04,37200
SDA,2014-03-26,5.79,5.91,5.46,5.46,74602
SDA,2014-03-27,5.4,5.66,5.4,5.53,6600
SDA,2014-03-28,5.66,5.72,5.14,5.72,8700
SDA,2014-03-31,5.46,5.59,5.4,5.59,50224
SDA,2014-04-01,5.4,5.46,5.08,5.46,30900
SDA,2014-04-02,5.14,5.14,4.95,5.14,41004
SDA,2014-04-03,4.95,5.46,4.95,5.46,9000
SDA,2014-04-04,5.46,5.46,4.95,5.01,26840
SDA,2014-04-07,4.82,4.95,4.76,4.89,35400
SDA,2014-04-08,4.76,5.27,4.63,5.21,5500
SDA,2014-04-10,4.82,5.21,4.76,4.76,11340
SDA,2014-04-11,4.63,5.14,4.63,5.08,12300
SDA,2014-04-14,5.14,5.14,5.08,5.14,3600
SDA,2014-04-15,4.82,5.14,4.76,4.82,26420
SDA,2014-04-16,4.56,4.69,4.44,4.69,16700
SDA,2014-04-17,4.69,4.69,4.69,4.69,9100
SDA,2014-04-18,4.5,4.56,4.5,4.5,6100
SDA,2014-04-21,4.56,4.56,4.11,4.31,18800
SDA,2014-04-22,4.11,4.44,4.11,4.44,4100
SDA,2014-04-23,4.31,4.5,4.31,4.5,3300
SDA,2014-04-24,4.5,4.5,4.18,4.44,24700
SDA,2014-04-25,4.5,4.76,4.5,4.76,12600
SDA,2014-04-28,4.63,4.63,4.63,4.63,11200
SDA,2014-04-29,4.24,4.63,4.24,4.63,8700
SDA,2014-05-05,4.5,4.56,4.5,4.56,200
SDA,2014-05-06,4.37,4.44,4.11,4.31,39000
SDA,2014-05-07,3.99,4.37,3.99,4.37,7700
SDA,2014-05-08,3.99,4.05,3.99,3.99,29500
SDA,2014-05-09,3.73,3.73,3.6,3.73,137100
SDA,2014-05-12,3.6,3.6,3.41,3.41,24700
SDA,2014-05-13,3.21,3.28,3.09,3.09,86200
SDA,2014-05-14,3.09,3.34,2.83,3.34,42800
SDA,2014-05-15,3.54,3.54,3.21,3.41,7100
SDA,2014-05-16,3.66,3.66,3.47,3.66,3400
SDA,2014-05-19,3.92,3.92,3.92,3.92,100
SDA,2014-05-20,3.54,3.6,3.54,3.6,112050
SDA,2014-05-21,3.66,3.86,3.54,3.73,50740
SDA,2014-05-22,3.79,3.79,3.41,3.66,22060
SDA,2014-05-23,3.41,3.6,3.41,3.6,5000
SDA,2014-05-26,3.66,3.73,3.47,3.54,8000
SDA,2014-05-27,3.54,3.73,3.34,3.73,18100
SDA,2014-05-28,3.54,3.73,3.54,3.73,6600
SDA,2014-05-29,3.86,3.86,3.54,3.66,9844
SDA,2014-05-30,3.6,3.79,3.54,3.79,39956
SDA,2014-06-02,3.54,3.73,3.54,3.66,16500
SDA,2014-06-03,3.66,3.66,3.54,3.66,7500
SDA,2014-06-04,3.54,3.54,3.41,3.54,4137
SDA,2014-06-05,3.6,3.6,3.6,3.6,100
SDA,2014-06-06,3.54,3.66,3.54,3.66,31100
SDA,2014-06-09,3.54,3.6,3.54,3.6,1600
SDA,2014-06-10,3.6,3.6,3.6,3.6,3500
SDA,2014-06-11,3.6,3.6,3.6,3.6,2720
SDA,2014-06-12,3.6,3.66,3.6,3.66,6300
SDA,2014-06-13,3.6,3.66,3.54,3.66,12800
SDA,2014-06-16,3.66,3.66,3.66,3.66,0
SDA,2014-06-17,3.6,3.6,3.54,3.6,30700
SDA,2014-06-18,3.73,3.73,3.54,3.66,17000
SDA,2014-06-19,3.73,3.73,3.54,3.6,3600
SDA,2014-06-20,3.54,3.66,3.54,3.66,23500
SDA,2014-06-23,3.66,3.66,3.6,3.6,11400
SDA,2014-06-24,3.6,3.6,3.6,3.6,11900
SDA,2014-06-25,3.47,3.6,3.47,3.6,9400
SDA,2014-06-26,3.6,3.6,3.6,3.6,100
SDA,2014-06-27,3.47,3.6,3.47,3.6,200
SDA,2014-06-30,3.54,3.6,3.54,3.6,12100
SDA,2014-07-01,3.6,3.6,3.6,3.6,10504
SDA,2014-07-02,3.6,3.73,3.6,3.73,44900
SDA,2014-07-03,3.86,3.86,3.66,3.73,35500
SDA,2014-07-04,3.73,3.86,3.73,3.86,53300
SDA,2014-07-07,3.86,3.99,3.86,3.86,52600
SDA,2014-07-08,3.92,4.05,3.92,4.05,51500
SDA,2014-07-09,4.05,4.05,4.05,4.05,32900
SDA,2014-07-10,4.05,4.05,3.86,4.05,31300
SDA,2014-07-11,3.86,3.99,3.79,3.79,21060
SDA,2014-07-14,3.92,3.99,3.92,3.99,28340
SDA,2014-07-15,3.86,3.92,3.86,3.92,76960
SDA,2014-07-16,3.99,3.99,3.86,3.99,43440
SDA,2014-07-17,3.86,3.92,3.86,3.92,22900
SDA,2014-07-18,3.92,3.99,3.92,3.99,12600
SDA,2014-07-21,3.99,3.99,3.99,3.99,15100
SDA,2014-07-22,4.05,4.05,3.99,3.99,15600
SDA,2014-07-23,3.99,4.05,3.99,3.99,21600
SDA,2014-07-24,4.05,4.11,4.05,4.11,9200
SDA,2014-07-25,4.05,4.05,3.99,3.99,26500
SDA,2014-07-28,3.92,3.92,3.73,3.79,21100
SDA,2014-07-29,3.79,3.86,3.79,3.79,8600
SDA,2014-07-30,3.92,3.92,3.92,3.92,200
SDA,2014-07-31,3.86,3.86,3.86,3.86,1300
SDA,2014-08-01,3.86,3.92,3.79,3.86,11000
SDA,2014-08-04,3.86,3.86,3.79,3.86,7100
SDA,2014-08-05,3.92,3.99,3.86,3.99,65400
SDA,2014-08-06,4.05,4.11,3.99,4.05,17600
SDA,2014-08-07,4.05,4.11,3.99,4.11,31200
SDA,2014-08-08,4.24,4.5,4.24,4.5,95100
SDA,2014-08-11,4.95,4.95,4.63,4.95,169630
SDA,2014-08-12,4.82,4.89,4.63,4.69,38800
SDA,2014-08-13,4.63,4.82,4.56,4.63,36332
SDA,2014-08-14,4.5,4.56,4.44,4.56,51100
SDA,2014-08-15,4.5,4.63,4.5,4.5,57900
SDA,2014-08-18,4.5,4.69,4.44,4.69,54840
SDA,2014-08-19,4.56,4.63,4.5,4.56,40640
SDA,2014-08-20,4.56,4.56,4.56,4.56,32000
SDA,2014-08-21,4.56,4.69,4.5,4.63,110673
SDA,2014-08-22,4.76,4.76,4.5,4.5,38883
SDA,2014-08-25,4.69,4.69,4.5,4.56,47100
SDA,2014-08-26,4.69,4.69,4.56,4.69,49114
SDA,2014-08-27,4.69,4.69,4.63,4.63,36330
SDA,2014-08-28,4.63,4.63,4.56,4.56,27500
SDA,2014-08-29,4.56,4.63,4.5,4.63,95900
SDA,2014-09-03,4.69,5.01,4.63,4.89,151322
SDA,2014-09-04,5.01,5.01,4.76,4.89,120053
SDA,2014-09-05,4.89,4.89,4.76,4.82,28700
SDA,2014-09-08,4.82,4.89,4.76,4.89,39200
SDA,2014-09-09,4.82,4.82,4.63,4.76,87200
SDA,2014-09-10,4.63,4.76,4.5,4.76,57021
SDA,2014-09-11,4.69,4.76,4.63,4.76,2640
SDA,2014-09-12,4.69,4.76,4.63,4.76,26519
SDA,2014-09-15,4.76,4.82,4.69,4.82,35141
SDA,2014-09-16,4.63,4.76,4.63,4.76,37600
SDA,2014-09-17,4.69,4.82,4.69,4.82,57240
SDA,2014-09-18,4.76,4.89,4.69,4.82,91630
SDA,2014-09-19,4.69,4.82,4.69,4.82,8570
SDA,2014-09-22,4.76,4.76,4.63,4.76,13739
SDA,2014-09-23,4.63,4.63,4.63,4.63,21640
SDA,2014-09-24,4.56,4.63,4.56,4.63,12100
SDA,2014-09-25,4.63,4.82,4.56,4.82,33700
SDA,2014-09-26,4.69,4.82,4.69,4.82,17330
SDA,2014-09-29,4.63,4.63,4.37,4.63,3700
SDA,2014-09-30,4.63,4.63,4.44,4.63,22300
SDA,2014-10-01,4.63,4.76,4.63,4.76,41934
SDA,2014-10-02,4.76,4.76,4.63,4.69,20400
SDA,2014-10-03,4.76,4.76,4.63,4.69,15800
SDA,2014-10-06,4.76,4.76,4.69,4.76,16800
SDA,2014-10-07,4.82,5.21,4.82,5.21,255300
SDA,2014-10-08,5.53,5.72,5.53,5.72,480723
SDA,2014-10-09,6.17,6.24,5.59,5.72,79400
SDA,2014-10-10,5.66,6.11,5.66,5.72,153956
SDA,2014-10-13,5.66,5.72,5.27,5.72,100674
SDA,2014-10-14,5.79,6.24,5.72,6.17,198600
SDA,2014-10-15,6.17,6.17,5.79,6.04,45624
SDA,2014-10-16,5.98,6.04,5.59,5.59,114100
SDA,2014-10-17,5.59,6.11,5.59,6.11,154000
SDA,2014-10-20,6.11,6.11,6.11,6.11,10600
SDA,2014-10-21,5.85,6.11,5.85,6.11,122320
SDA,2014-10-22,6.11,6.17,5.98,6.11,39200
SDA,2014-10-23,6.11,6.17,6.04,6.11,158000
SDA,2014-10-24,6.11,6.11,5.85,5.85,80817
SDA,2014-10-27,5.79,5.91,5.72,5.91,4500
SDA,2014-10-28,5.79,5.91,5.72,5.91,20400
SDA,2014-10-29,5.72,5.79,5.66,5.72,43400
SDA,2014-10-30,5.72,5.72,5.59,5.59,5700
SDA,2014-10-31,5.59,6.11,5.59,6.11,119086
SDA,2014-11-03,5.85,5.98,5.85,5.91,30244
SDA,2014-11-04,5.91,6.11,5.91,6.11,115704
SDA,2014-11-05,6.3,6.3,5.98,5.98,103532
SDA,2014-11-06,5.98,6.17,5.85,5.98,82312
SDA,2014-11-07,6.11,6.56,5.98,6.56,334550
SDA,2014-11-10,6.94,7.2,6.56,7.2,135532
SDA,2014-11-11,6.94,7.2,6.69,6.69,20892
SDA,2014-11-12,6.43,7.2,6.04,6.56,86200
SDA,2014-11-13,6.56,6.69,6.49,6.56,24618
SDA,2014-11-14,6.49,6.49,6.3,6.36,33900
SDA,2014-11-17,6.56,6.81,6.43,6.81,30472
SDA,2014-11-18,7.14,7.14,6.56,6.56,3300
SDA,2014-11-19,6.43,6.56,6.3,6.56,26130
SDA,2014-11-20,6.94,6.94,6.43,6.43,14440
SDA,2014-11-21,6.75,7.01,6.36,6.88,33220
SDA,2014-11-24,6.43,6.43,6.36,6.36,25700
SDA,2014-11-25,6.88,6.88,5.79,6.36,243540
SDA,2014-11-26,5.91,6.3,5.79,6.24,50700
SDA,2014-11-27,6.24,6.24,6.11,6.11,3100
SDA,2014-11-28,6.3,6.36,6.17,6.17,3500
SDA,2014-12-01,6.17,6.24,5.79,6.17,17024
SDA,2014-12-02,5.79,5.79,5.79,5.79,5400
SDA,2014-12-03,5.66,6.3,5.66,6.3,23100
SDA,2014-12-04,5.79,6.24,5.79,6.24,16500
SDA,2014-12-05,6.24,6.24,6.24,6.24,0
SDA,2014-12-08,5.91,6.24,5.79,5.79,5100
SDA,2014-12-09,5.79,5.98,5.79,5.98,42267
SDA,2014-12-10,5.46,6.04,5.46,5.79,15709
SDA,2014-12-11,5.85,6.04,5.85,6.04,14300
SDA,2014-12-12,6.04,6.24,6.04,6.24,18900
SDA,2014-12-15,6.36,6.69,6.36,6.43,62700
SDA,2014-12-16,6.17,6.36,6.11,6.17,11206
SDA,2014-12-17,5.79,5.85,5.59,5.79,60812
SDA,2014-12-18,6.3,6.3,5.53,5.53,15902
SDA,2014-12-19,5.53,5.91,5.53,5.91,69560
SDA,2014-12-22,5.53,5.91,5.53,5.79,53000
SDA,2014-12-23,5.79,5.85,5.79,5.85,32310
SDA,2014-12-24,6.0,6.15,6.0,6.0,13400
SDA,2014-12-25,5.62,6.0,5.55,5.62,4360
SDA,2014-12-26,6.0,6.0,5.32,5.32,12100
SDA,2014-12-29,5.32,5.78,5.32,5.4,28900
SDA,2014-12-30,5.32,5.55,5.32,5.55,46700
SDA,2014-12-31,5.62,5.78,5.62,5.78,10450
SDA,2015-01-05,5.78,5.85,5.48,5.48,49200
SDA,2015-01-06,5.85,5.92,5.85,5.92,13120
SDA,2015-01-07,6.0,6.15,6.0,6.15,34000
SDA,2015-01-08,6.08,6.08,5.92,5.92,17050
SDA,2015-01-09,5.7,5.92,5.7,5.92,7372
SDA,2015-01-12,5.92,5.92,5.92,5.92,25000
SDA,2015-01-13,5.92,6.15,5.92,6.15,14514
SDA,2015-01-14,6.15,6.22,6.0,6.22,70700
SDA,2015-01-15,6.22,6.38,6.22,6.38,16004
SDA,2015-01-16,6.38,6.6,6.38,6.6,25400
SDA,2015-01-19,6.75,6.82,6.75,6.82,69128
SDA,2015-01-20,6.6,6.75,6.6,6.75,33310
SDA,2015-01-21,6.82,6.82,6.52,6.75,28220
SDA,2015-01-22,6.68,6.68,6.52,6.52,12100
SDA,2015-01-23,6.68,6.75,6.6,6.68,20100
SDA,2015-01-26,6.9,6.9,6.68,6.68,6701
SDA,2015-01-27,6.45,6.52,6.45,6.52,13048
SDA,2015-01-28,6.52,7.05,6.52,6.6,15952
SDA,2015-01-29,6.6,6.75,6.52,6.75,53700
SDA,2015-01-30,6.52,6.52,6.52,6.52,5000
SDA,2015-02-02,6.52,6.52,6.52,6.52,16800
SDA,2015-02-03,6.52,6.52,6.52,6.52,0
SDA,2015-02-04,6.52,6.52,6.52,6.52,28900
SDA,2015-02-05,6.0,6.68,6.0,6.6,15300
SDA,2015-02-06,6.38,6.6,6.38,6.6,4736
SDA,2015-02-09,6.38,6.6,6.15,6.6,9100
SDA,2015-02-10,6.22,6.45,6.22,6.45,4800
SDA,2015-02-11,6.38,6.38,6.38,6.38,100
SDA,2015-02-12,6.22,6.22,6.22,6.22,1000
SDA,2015-02-13,6.15,6.52,6.15,6.52,1500
SDA,2015-02-24,6.38,6.45,6.38,6.45,3100
SDA,2015-02-25,6.3,6.38,6.15,6.22,5600
SDA,2015-02-26,6.22,6.68,6.22,6.68,36700
SDA,2015-02-27,6.52,6.98,6.52,6.98,5100
SDA,2015-03-02,6.68,6.75,6.52,6.75,17400
SDA,2015-03-03,7.05,7.05,6.75,6.75,17664
SDA,2015-03-04,6.68,7.05,6.68,7.05,29800
SDA,2015-03-05,6.45,6.6,6.38,6.6,14400
SDA,2015-03-06,6.68,6.68,6.68,6.68,7500
SDA,2015-03-09,6.38,6.38,6.38,6.38,2000
SDA,2015-03-10,6.45,6.45,6.38,6.45,14500
SDA,2015-03-11,6.45,6.52,6.45,6.52,9900
SDA,2015-03-12,6.52,6.68,6.52,6.68,60004
SDA,2015-03-13,6.75,6.98,6.75,6.9,24900
SDA,2015-03-16,6.6,6.9,6.6,6.68,4400
SDA,2015-03-17,6.75,6.75,6.68,6.75,13000
SDA,2015-03-18,6.68,7.42,6.68,7.42,179682
SDA,2015-03-19,7.5,7.5,7.35,7.42,42100
SDA,2015-03-20,7.12,7.42,7.12,7.42,2100
SDA,2015-03-23,7.28,7.5,7.2,7.35,114071
SDA,2015-03-24,7.28,7.42,6.9,7.12,43900
SDA,2015-03-25,7.2,7.2,7.12,7.12,1500
SDA,2015-03-26,6.9,7.35,6.9,7.28,22200
SDA,2015-03-27,7.5,7.5,7.2,7.2,46000
SDA,2015-03-30,6.82,7.2,6.82,6.98,27100
SDA,2015-03-31,7.05,7.2,7.05,7.05,56200
SDA,2015-04-01,7.12,7.12,6.75,6.82,62200
SDA,2015-04-02,6.82,6.82,6.82,6.82,2000
SDA,2015-04-03,7.12,7.2,6.9,6.9,65800
SDA,2015-04-06,6.9,7.35,6.82,7.12,134800
SDA,2015-04-07,7.28,7.8,7.28,7.8,118810
SDA,2015-04-08,8.48,8.55,8.32,8.48,396880
SDA,2015-04-09,9.3,9.3,8.25,8.7,98911
SDA,2015-04-10,8.62,9.38,8.55,9.07,66710
SDA,2015-04-13,8.93,8.93,8.25,8.25,241558
SDA,2015-04-14,8.1,8.78,8.1,8.4,93400
SDA,2015-04-15,8.48,8.55,8.25,8.4,623300
SDA,2015-04-16,8.1,8.7,8.1,8.7,1162200
SDA,2015-04-17,8.62,8.7,8.25,8.62,95000
SDA,2015-04-20,8.25,8.48,8.25,8.32,75100
SDA,2015-04-21,8.25,8.48,8.25,8.32,72272
SDA,2015-04-22,8.32,8.78,8.32,8.62,88338
SDA,2015-04-23,8.62,8.62,8.4,8.48,87120
SDA,2015-04-24,8.25,8.55,8.25,8.55,560500
SDA,2015-04-27,8.4,8.4,8.25,8.25,34400
SDA,2015-05-04,8.1,8.1,7.42,7.42,125920
SDA,2015-05-05,7.35,7.95,7.28,7.95,43730
SDA,2015-05-06,7.5,7.88,7.5,7.88,11672
SDA,2015-05-07,7.8,7.88,7.65,7.8,958700
SDA,2015-05-08,7.5,8.02,7.5,7.95,26910
SDA,2015-05-11,7.72,8.25,7.65,8.1,6810
SDA,2015-05-12,7.95,8.02,7.72,8.02,16300
SDA,2015-05-13,7.72,7.8,7.65,7.72,32290
SDA,2015-05-14,7.58,7.95,7.5,7.65,34960
SDA,2015-05-15,7.72,7.88,7.65,7.8,93100
SDA,2015-05-18,7.65,7.65,7.5,7.5,23210
SDA,2015-05-19,7.58,7.58,7.35,7.5,50474
SDA,2015-05-20,7.5,7.8,7.5,7.58,75126
SDA,2015-05-21,7.72,7.8,7.72,7.72,46500
SDA,2015-05-22,7.72,7.8,7.72,7.8,5200
SDA,2015-05-25,7.88,8.55,7.88,8.55,103638
SDA,2015-05-26,8.62,9.3,8.48,8.48,110800
SDA,2015-05-27,8.62,8.62,8.62,8.62,400
SDA,2015-05-28,8.1,8.55,8.1,8.55,27600
SDA,2015-05-29,8.4,8.4,7.8,7.8,62600
SDA,2015-06-01,7.88,8.25,7.88,8.1,44100
SDA,2015-06-02,8.18,8.32,8.18,8.18,34600
SDA,2015-06-03,7.88,8.18,7.88,8.1,31600
SDA,2015-06-04,8.18,8.48,8.18,8.25,33000
SDA,2015-06-05,8.25,8.32,8.18,8.18,33200
SDA,2015-06-08,8.25,8.25,7.95,7.95,56000
SDA,2015-06-09,8.02,8.4,7.95,8.4,23600
SDA,2015-06-10,8.4,8.4,8.18,8.18,57000
SDA,2015-06-11,8.18,8.25,8.1,8.25,18100
SDA,2015-06-12,8.25,8.25,8.18,8.25,55400
SDA,2015-06-15,8.1,8.1,8.1,8.1,4000
SDA,2015-06-16,8.25,8.48,8.1,8.1,5800
SDA,2015-06-17,8.1,8.25,8.1,8.25,9500
SDA,2015-06-18,8.1,8.1,8.1,8.1,4020
SDA,2015-06-19,8.02,8.02,7.95,8.02,6800
SDA,2015-06-22,7.8,7.8,7.8,7.8,200
SDA,2015-06-23,7.95,7.95,7.95,7.95,3200
SDA,2015-06-24,8.02,8.02,8.02,8.02,100
SDA,2015-06-25,7.8,8.02,7.8,8.02,1100
SDA,2015-06-26,7.8,8.25,7.8,8.25,2080
SDA,2015-06-29,7.88,7.95,7.88,7.95,2300
SDA,2015-06-30,7.5,7.95,7.5,7.8,15000
SDA,2015-07-01,7.8,7.8,7.58,7.8,6600
SDA,2015-07-02,7.65,7.95,7.65,7.88,22000
SDA,2015-07-03,7.65,8.02,7.65,8.02,522902
SDA,2015-07-06,8.1,8.1,7.65,7.8,6900
SDA,2015-07-07,7.88,7.88,7.88,7.88,110
SDA,2015-07-08,7.65,8.02,7.65,7.88,51500
SDA,2015-07-09,7.8,8.02,7.58,8.02,70200
SDA,2015-07-10,7.8,7.8,7.8,7.8,2200
SDA,2015-07-13,7.5,8.02,7.5,7.72,1200
SDA,2015-07-14,7.72,7.72,7.65,7.65,4372
SDA,2015-07-15,7.65,7.65,7.65,7.65,5000
SDA,2015-07-16,7.65,7.65,7.65,7.65,1000
SDA,2015-07-17,8.1,8.1,7.35,7.65,12200
SDA,2015-07-20,8.02,8.02,6.98,7.65,300
SDA,2015-07-21,8.25,8.25,7.72,7.8,626
SDA,2015-07-22,7.65,7.8,7.5,7.8,51000
SDA,2015-07-23,7.65,7.65,7.65,7.65,29300
SDA,2015-07-24,7.65,7.65,7.58,7.65,15900
SDA,2015-07-27,7.65,7.65,7.65,7.65,1900
SDA,2015-07-28,7.65,7.65,7.28,7.28,30022
SDA,2015-07-29,7.5,7.8,7.5,7.8,29400
SDA,2015-07-30,7.95,7.95,7.5,7.65,29000
SDA,2015-07-31,7.8,8.18,7.65,8.02,55824
SDA,2015-08-03,8.1,8.25,8.1,8.25,47700
SDA,2015-08-04,7.5,8.18,7.5,7.5,1900
SDA,2015-08-05,7.5,7.5,7.5,7.5,0
SDA,2015-08-06,8.18,8.25,7.65,8.18,178511
SDA,2015-08-07,7.95,8.32,7.95,8.32,21300
SDA,2015-08-10,8.25,9.15,8.18,8.85,126900
SDA,2015-08-11,8.78,9.07,8.78,8.85,124635
SDA,2015-08-12,8.4,8.62,8.4,8.62,9700
SDA,2015-08-13,8.62,8.62,8.48,8.48,17040
SDA,2015-08-14,7.8,8.25,7.65,8.25,30500
SDA,2015-08-17,7.8,7.8,7.65,7.65,23300
SDA,2015-08-18,7.65,7.65,7.58,7.65,42900
SDA,2015-08-19,7.65,7.72,7.65,7.65,7100
SDA,2015-08-20,7.65,7.65,7.58,7.58,17000
SDA,2015-08-21,7.65,7.65,7.2,7.5,40000
SDA,2015-08-24,7.2,7.2,6.75,6.75,63568
SDA,2015-08-25,7.35,7.35,7.35,7.35,13500
SDA,2015-08-26,7.35,7.65,7.35,7.58,11900
SDA,2015-08-27,7.58,7.58,7.5,7.58,14100
SDA,2015-08-28,7.58,7.58,7.5,7.5,4600
SDA,2015-08-31,7.5,7.5,7.5,7.5,1600
SDA,2015-09-01,7.5,7.5,7.5,7.5,0
SDA,2015-09-03,7.5,7.8,7.5,7.8,4700
SDA,2015-09-04,7.5,7.5,7.5,7.5,5000
SDA,2015-09-07,7.5,7.5,7.5,7.5,88
SDA,2015-09-08,7.72,7.72,7.72,7.72,100
SDA,2015-09-09,7.12,7.72,7.12,7.72,2612
SDA,2015-09-10,7.5,7.5,6.98,6.98,9000
SDA,2015-09-11,6.98,7.5,6.98,7.12,5600
SDA,2015-09-14,7.42,7.5,7.12,7.12,20100
SDA,2015-09-15,7.42,7.42,6.9,7.12,10900
SDA,2015-09-16,7.3,7.8,7.3,7.8,17900
SDA,2015-09-17,7.8,8.5,7.8,8.4,297700
SDA,2015-09-18,8.2,8.8,8.2,8.2,11200
SDA,2015-09-21,8.6,8.7,8.6,8.7,2500
SDA,2015-09-22,8.0,8.6,7.9,7.9,14300
SDA,2015-09-23,7.9,8.3,7.5,8.3,14200
SDA,2015-09-24,7.7,7.8,7.7,7.8,1300
SDA,2015-09-25,7.8,7.8,7.8,7.8,0
SDA,2015-09-28,7.4,7.4,7.4,7.4,3100
SDA,2015-09-29,7.4,8.1,7.4,8.1,1100
SDA,2015-09-30,8.7,8.7,8.2,8.6,28386
SDA,2015-10-01,8.5,8.5,8.0,8.5,19600
SDA,2015-10-02,8.0,8.0,7.9,7.9,5186
SDA,2015-10-05,7.9,7.9,7.9,7.9,0
SDA,2015-10-06,7.7,8.2,7.7,8.2,2500
SDA,2015-10-07,7.6,8.0,7.6,7.7,3300
SDA,2015-10-08,8.0,8.0,8.0,8.0,200
SDA,2015-10-09,7.7,7.9,7.7,7.9,2086
SDA,2015-10-12,8.0,8.0,8.0,8.0,142
SDA,2015-10-13,7.6,7.6,7.6,7.6,2000
SDA,2015-10-14,7.7,7.7,7.7,7.7,4400
SDA,2015-10-15,7.6,7.6,7.6,7.6,2000
SDA,2015-10-16,7.7,7.7,7.7,7.7,2000
SDA,2015-10-19,7.6,7.6,7.6,7.6,3000
SDA,2015-10-20,7.6,7.6,7.6,7.6,0
SDA,2015-10-21,7.5,7.5,7.5,7.5,600
SDA,2015-10-22,7.5,7.5,7.5,7.5,0
SDA,2015-10-23,7.5,7.5,7.4,7.5,4800
SDA,2015-10-26,7.6,7.6,7.4,7.4,3000
SDA,2015-10-27,7.6,7.6,7.4,7.4,6200
SDA,2015-10-28,7.4,7.4,7.4,7.4,0
SDA,2015-10-29,7.4,7.4,7.4,7.4,0
SDA,2015-10-30,7.4,7.4,7.4,7.4,360
SDA,2015-11-02,6.8,7.0,6.8,6.8,1260
SDA,2015-11-03,7.3,7.4,7.3,7.4,2300
SDA,2015-11-04,7.0,7.2,7.0,7.2,700
SDA,2015-11-05,7.0,7.0,7.0,7.0,3586
SDA,2015-11-06,7.0,7.0,7.0,7.0,5000
SDA,2015-11-09,7.0,7.0,7.0,7.0,0
SDA,2015-11-10,7.1,7.1,7.1,7.1,3000
SDA,2015-11-11,7.1,7.1,7.1,7.1,40
SDA,2015-11-12,6.9,7.5,6.9,7.5,2500
SDA,2015-11-13,7.5,7.5,7.5,7.5,54
SDA,2015-11-16,7.9,7.9,7.9,7.9,160
SDA,2015-11-17,7.9,7.9,7.9,7.9,300
SDA,2015-11-18,8.1,8.1,8.1,8.1,100
SDA,2015-11-19,7.9,8.0,7.9,8.0,33164
SDA,2015-11-20,7.4,8.0,7.4,8.0,30600
SDA,2015-11-23,7.9,8.0,7.9,8.0,20670
SDA,2015-11-24,7.7,8.1,7.6,8.0,35140
SDA,2015-11-25,7.9,8.0,7.9,8.0,26640
SDA,2015-11-26,7.9,8.0,7.7,8.0,20943
SDA,2015-11-27,7.7,7.9,7.7,7.9,33300
SDA,2015-11-30,7.9,7.9,7.9,7.9,23000
SDA,2015-12-01,7.9,7.9,7.9,7.9,20600
SDA,2015-12-02,7.9,7.9,7.8,7.8,36600
SDA,2015-12-03,7.9,8.0,7.9,7.9,23643
SDA,2015-12-04,7.7,7.9,7.6,7.9,16200
SDA,2015-12-07,7.9,7.9,7.9,7.9,35000
SDA,2015-12-08,7.9,8.1,7.5,7.9,54600
SDA,2015-12-09,7.9,8.0,7.9,7.9,54200
SDA,2015-12-10,7.9,8.0,7.9,8.0,55000
SDA,2015-12-11,7.8,8.0,7.5,7.9,56100
SDA,2015-12-14,7.7,7.9,7.4,7.9,53800
SDA,2015-12-15,7.7,7.9,7.7,7.8,124700
SDA,2015-12-16,7.9,8.1,7.9,8.1,54200
SDA,2015-12-17,8.1,8.1,7.9,8.0,45000
SDA,2015-12-18,7.9,7.9,7.8,7.8,46548
SDA,2015-12-21,7.8,7.8,7.6,7.7,66400
SDA,2015-12-22,7.7,8.0,7.7,8.0,51520
SDA,2015-12-23,8.0,8.0,7.9,7.9,48700
SDA,2015-12-24,7.9,8.0,7.9,8.0,44600
SDA,2015-12-25,7.9,7.9,7.8,7.8,33700
SDA,2015-12-28,7.8,7.9,7.8,7.9,45200
SDA,2015-12-29,7.8,7.9,7.8,7.8,40200
SDA,2015-12-30,7.8,7.9,7.8,7.9,86800
SDA,2015-12-31,7.8,8.5,7.8,8.5,118200
SDA,2016-01-04,8.7,8.7,7.8,8.5,101728
SDA,2016-01-05,8.0,8.3,8.0,8.3,82000
SDA,2016-01-06,8.1,8.2,8.0,8.0,81100
SDA,2016-01-07,8.0,8.1,7.9,8.1,91300
SDA,2016-01-08,7.5,8.0,7.5,8.0,80943
SDA,2016-01-11,7.8,7.8,7.7,7.8,84000
SDA,2016-01-12,7.6,8.0,7.6,7.8,78900
SDA,2016-01-13,7.6,7.7,7.5,7.6,62333
SDA,2016-01-14,7.6,7.6,7.4,7.6,82732
SDA,2016-01-15,7.5,7.5,7.2,7.2,44900
SDA,2016-01-18,6.6,7.1,6.6,6.6,75700
SDA,2016-01-19,6.9,7.0,6.7,6.9,275740
SDA,2016-01-20,6.8,6.9,6.7,6.7,233300
SDA,2016-01-21,6.7,6.8,6.3,6.3,199288
SDA,2016-01-22,6.2,6.2,5.9,6.1,243700
SDA,2016-01-25,6.3,6.4,6.2,6.3,222400
SDA,2016-01-26,6.4,6.7,6.0,6.5,198300
SDA,2016-01-27,6.5,6.6,6.5,6.5,73766
SDA,2016-01-28,6.1,6.6,6.1,6.4,84071
SDA,2016-01-29,6.4,6.5,6.2,6.4,74204
SDA,2016-02-01,6.2,6.4,6.1,6.4,92846
SDA,2016-02-02,6.3,6.3,6.1,6.3,83800
SDA,2016-02-03,6.2,6.3,6.1,6.3,78900
SDA,2016-02-04,6.4,6.4,6.0,6.3,88100
SDA,2016-02-05,6.3,6.3,6.1,6.3,76054
SDA,2016-02-15,6.3,6.3,6.3,6.3,12034
SDA,2016-02-16,6.2,6.3,6.2,6.3,47130
SDA,2016-02-17,6.2,6.4,6.2,6.3,55204
SDA,2016-02-18,6.1,6.3,6.1,6.3,90832
SDA,2016-02-19,6.2,6.3,6.2,6.3,51900
SDA,2016-02-22,6.2,6.2,5.9,6.1,63933
SDA,2016-02-23,6.1,6.2,6.0,6.2,34100
SDA,2016-02-24,6.0,6.2,5.6,6.2,19000
SDA,2016-02-25,6.1,6.1,5.8,5.8,21176
SDA,2016-02-26,6.0,6.1,5.7,6.1,73933
SDA,2016-02-29,6.1,6.2,6.0,6.0,78100
SDA,2016-03-01,6.0,6.1,6.0,6.1,28500
SDA,2016-03-02,5.7,6.1,5.7,5.9,12228
SDA,2016-03-03,6.1,6.2,5.6,6.0,79500
SDA,2016-03-04,6.0,6.0,5.6,5.6,59300
SDA,2016-03-07,5.7,6.0,5.5,6.0,55400
SDA,2016-03-08,5.9,6.1,5.7,6.1,61000
SDA,2016-03-09,5.9,6.1,5.9,6.1,39400
SDA,2016-03-10,6.0,6.0,5.9,6.0,58300
SDA,2016-03-11,6.0,6.0,5.9,6.0,18070
SDA,2016-03-14,6.0,6.0,5.9,5.9,65500
SDA,2016-03-15,5.9,5.9,5.4,5.9,31709
SDA,2016-03-16,5.8,5.9,5.7,5.9,6200
SDA,2016-03-17,5.9,5.9,5.8,5.9,24400
SDA,2016-03-18,5.7,5.8,5.6,5.7,36700
SDA,2016-03-21,5.6,5.6,5.6,5.6,8878
SDA,2016-03-22,6.0,6.0,5.8,5.8,70924
SDA,2016-03-23,5.7,6.0,5.7,6.0,52400
SDA,2016-03-24,5.6,5.9,5.6,5.9,86366
SDA,2016-03-25,5.9,6.0,5.7,5.7,33232
SDA,2016-03-28,6.0,6.2,5.7,5.8,20700
SDA,2016-03-29,6.2,6.2,6.1,6.2,1700
SDA,2016-03-30,5.8,6.1,5.8,6.1,41000
SDA,2016-03-31,5.8,5.8,5.8,5.8,13400
SDA,2016-04-01,5.8,5.8,5.8,5.8,1000
SDA,2016-04-04,5.8,5.8,5.8,5.8,3244
SDA,2016-04-05,5.8,5.8,5.5,5.8,81200
SDA,2016-04-06,5.8,5.8,5.8,5.8,0
SDA,2016-04-07,5.6,5.8,5.5,5.8,13600
SDA,2016-04-08,5.6,5.8,5.6,5.8,42233
SDA,2016-04-11,5.3,5.8,5.3,5.8,87174
SDA,2016-04-12,5.4,5.8,5.4,5.6,114515
SDA,2016-04-13,5.6,5.6,5.5,5.5,21000
SDA,2016-04-14,5.4,5.5,5.4,5.5,25700
SDA,2016-04-15,5.4,5.6,5.2,5.4,86400
SDA,2016-04-19,5.2,5.5,5.2,5.5,2073
SDA,2016-04-20,5.3,5.4,5.3,5.4,2300
SDA,2016-04-21,5.1,5.3,5.1,5.2,10948
SDA,2016-04-22,4.9,5.3,4.9,4.9,18860
SDA,2016-04-25,4.9,5.1,4.9,4.9,15400
SDA,2016-04-26,4.7,4.9,4.7,4.7,11300
SDA,2016-04-27,4.9,5.1,4.7,4.7,29524
SDA,2016-04-28,4.7,4.8,4.5,4.5,34492
SDA,2016-04-29,4.6,4.6,4.3,4.5,44000
SDA,2016-05-04,4.7,4.7,4.5,4.5,43600
SDA,2016-05-05,4.6,4.6,4.5,4.5,36000
SDA,2016-05-06,4.5,4.9,4.5,4.9,180894
SDA,2016-05-09,5.0,5.1,5.0,5.0,20600
SDA,2016-05-10,4.9,5.0,4.5,4.9,20434
SDA,2016-05-11,4.9,4.9,4.8,4.9,25800
SDA,2016-05-12,4.8,4.9,4.7,4.7,29716
SDA,2016-05-13,4.7,4.8,4.6,4.6,1700
SDA,2016-05-16,4.7,4.9,4.7,4.9,26102
SDA,2016-05-17,4.7,5.0,4.7,4.9,83900
SDA,2016-05-18,4.9,5.0,4.9,5.0,3800
SDA,2016-05-19,4.7,5.0,4.7,5.0,4602
SDA,2016-05-20,4.8,4.9,4.8,4.9,4000
SDA,2016-05-23,4.9,4.9,4.9,4.9,2000
SDA,2016-05-24,4.9,4.9,4.9,4.9,0
SDA,2016-05-25,4.9,4.9,4.9,4.9,2000
SDA,2016-05-26,4.7,4.9,4.7,4.8,8572
SDA,2016-05-27,4.8,4.8,4.8,4.8,0
SDA,2016-05-30,4.7,5.0,4.7,4.9,121513
SDA,2016-05-31,4.8,5.0,4.8,4.9,166100
SDA,2016-06-01,5.0,5.1,5.0,5.0,61700
SDA,2016-06-02,5.0,5.1,5.0,5.1,8020
SDA,2016-06-03,5.0,5.0,5.0,5.0,9200
SDA,2016-06-06,4.9,5.0,4.9,5.0,14400
SDA,2016-06-07,4.9,4.9,4.8,4.8,64900
SDA,2016-06-08,4.8,4.9,4.8,4.9,24000
SDA,2016-06-09,4.8,4.9,4.8,4.9,4000
SDA,2016-06-10,4.9,5.0,4.9,5.0,20038
SDA,2016-06-13,5.1,5.4,5.1,5.3,49924
SDA,2016-06-14,5.1,5.2,5.1,5.2,15500
SDA,2016-06-15,5.1,5.3,5.1,5.3,5303
SDA,2016-06-16,5.2,5.3,5.2,5.2,41773
SDA,2016-06-17,5.2,5.3,5.1,5.3,5100
SDA,2016-06-20,5.1,5.2,5.1,5.1,33667
SDA,2016-06-21,5.1,5.1,5.1,5.1,5100
SDA,2016-06-22,5.1,5.1,5.1,5.1,16
SDA,2016-06-23,5.1,5.6,5.1,5.6,66761
SDA,2016-06-24,5.9,6.1,5.7,6.0,153790
SDA,2016-06-27,6.1,6.6,6.0,6.6,53510
SDA,2016-06-28,7.0,7.2,6.9,7.2,72476
SDA,2016-06-29,7.4,7.9,7.4,7.9,198408
SDA,2016-06-30,8.6,8.6,7.3,7.9,31531
SDA,2016-07-01,7.7,7.8,7.2,7.2,60500
SDA,2016-07-04,7.2,7.2,6.5,6.5,131570
SDA,2016-07-05,6.2,7.0,6.1,6.8,18203
SDA,2016-07-06,6.7,6.8,6.7,6.8,29500
SDA,2016-07-07,6.8,6.9,6.5,6.7,51037
SDA,2016-07-08,6.5,6.5,6.1,6.1,95982
SDA,2016-07-11,6.1,6.7,6.1,6.7,131188
SDA,2016-07-12,7.1,7.3,6.9,7.3,93530
SDA,2016-07-13,7.3,7.5,7.3,7.3,94088
SDA,2016-07-14,7.3,7.3,6.9,7.0,67705
SDA,2016-07-15,6.9,7.0,6.8,7.0,51200
SDA,2016-07-18,7.0,7.0,6.8,6.9,31150
SDA,2016-07-19,6.7,7.0,6.7,7.0,53894
SDA,2016-07-20,7.0,7.1,6.9,7.0,58400
SDA,2016-07-21,7.2,7.7,7.0,7.2,74123
SDA,2016-07-22,7.2,7.3,7.1,7.3,41000
SDA,2016-07-25,7.5,7.9,7.3,7.3,108830
SDA,2016-07-26,7.3,7.3,7.0,7.1,71300
SDA,2016-07-27,7.1,7.1,6.8,6.8,69485
SDA,2016-07-28,6.9,7.0,6.5,7.0,68100
SDA,2016-07-29,7.0,7.1,7.0,7.0,23660
SDA,2016-08-01,6.7,7.0,6.7,7.0,36800
SDA,2016-08-02,6.7,6.7,6.6,6.7,58496
SDA,2016-08-03,6.7,6.7,6.5,6.7,37800
SDA,2016-08-04,6.7,7.3,6.6,7.3,433764
SDA,2016-08-05,7.5,7.8,7.2,7.8,311050
SDA,2016-08-08,7.6,7.8,7.2,7.4,94500
SDA,2016-08-09,7.0,7.4,7.0,7.4,25033
SDA,2016-08-10,7.0,8.1,7.0,8.0,251200
SDA,2016-08-11,7.6,8.3,7.6,7.6,190860
SDA,2016-08-12,7.7,7.8,7.6,7.6,43700
SDA,2016-08-15,7.7,7.7,7.4,7.4,5190
SDA,2016-08-16,7.5,7.6,7.4,7.5,30600
SDA,2016-08-17,7.4,7.4,7.0,7.1,27200
SDA,2016-08-18,7.2,7.3,7.0,7.1,39330
SDA,2016-08-19,7.0,7.0,7.0,7.0,13900
SDA,2016-08-22,6.9,7.0,6.9,7.0,1100
SDA,2016-08-23,6.9,7.1,6.8,6.8,17838
SDA,2016-08-24,6.8,7.1,6.8,7.0,72800
SDA,2016-08-25,7.0,7.1,6.9,7.1,22496
SDA,2016-08-26,7.0,7.0,6.9,7.0,27000
SDA,2016-08-29,7.0,7.0,6.9,6.9,4700
SDA,2016-08-30,6.9,6.9,6.9,6.9,0
SDA,2016-08-31,6.9,6.9,6.5,6.7,11434
SDA,2016-09-01,6.8,6.8,6.7,6.7,13600
SDA,2016-09-05,6.7,6.9,6.7,6.8,25800
SDA,2016-09-06,6.6,6.8,6.6,6.8,5100
SDA,2016-09-07,6.7,6.7,6.5,6.5,3432
SDA,2016-09-08,6.5,6.7,6.5,6.5,109346
SDA,2016-09-09,6.6,6.7,6.5,6.6,44200
SDA,2016-09-12,6.7,6.7,6.7,6.7,133
SDA,2016-09-13,6.6,6.6,6.5,6.5,121400
SDA,2016-09-14,6.5,6.5,6.4,6.4,7500
SDA,2016-09-15,6.3,6.3,5.8,6.0,21340
SDA,2016-09-16,6.0,6.0,6.0,6.0,22100
SDA,2016-09-19,5.9,6.2,5.8,6.2,47220
SDA,2016-09-20,6.0,6.0,5.9,6.0,22500
SDA,2016-09-21,6.0,6.1,6.0,6.1,37029
SDA,2016-09-22,5.7,6.0,5.7,6.0,9700
SDA,2016-09-23,6.0,6.0,6.0,6.0,0
SDA,2016-09-26,5.7,6.0,5.7,6.0,4100
SDA,2016-09-27,5.7,5.8,5.7,5.7,6166
SDA,2016-09-28,5.7,5.7,5.6,5.7,10300
SDA,2016-09-29,5.8,6.2,5.8,6.2,164700
SDA,2016-09-30,6.3,6.8,6.3,6.8,196650
SDA,2016-10-03,6.6,7.1,6.6,7.0,143798
SDA,2016-10-04,6.8,7.3,6.8,7.3,176064
SDA,2016-10-05,7.0,7.3,7.0,7.1,167600
SDA,2016-10-06,6.8,7.2,6.8,7.0,103700
SDA,2016-10-07,7.0,7.0,6.8,6.9,41400
SDA,2016-10-10,6.6,6.9,6.6,6.8,37653
SDA,2016-10-11,6.5,6.8,6.4,6.8,87550
SDA,2016-10-12,6.8,6.9,6.8,6.9,30500
SDA,2016-10-13,6.8,7.1,6.8,7.0,108400
SDA,2016-10-14,6.6,7.0,6.6,7.0,38280
SDA,2016-10-17,6.8,7.1,6.8,7.0,131415
SDA,2016-10-18,6.8,7.0,6.8,7.0,45900
SDA,2016-10-19,6.8,7.1,6.8,7.1,106135
SDA,2016-10-20,6.9,7.2,6.9,7.2,55600
SDA,2016-10-21,7.1,7.1,7.0,7.1,26800
SDA,2016-10-24,7.1,7.1,7.0,7.0,10588
SDA,2016-10-25,7.0,7.0,7.0,7.0,0
SDA,2016-10-26,7.0,7.0,6.7,7.0,150431
SDA,2016-10-27,6.7,7.0,6.7,7.0,11000
SDA,2016-10-28,6.7,6.9,6.7,6.9,14096
SDA,2016-10-31,6.7,6.8,6.6,6.8,27696
SDA,2016-11-01,6.8,6.8,6.8,6.8,0
SDA,2016-11-02,6.6,6.8,6.5,6.8,33704
SDA,2016-11-03,6.7,6.7,6.5,6.5,82598
SDA,2016-11-04,6.5,6.7,6.3,6.7,50000
SDA,2016-11-07,6.7,6.7,6.3,6.7,11370
SDA,2016-11-08,6.5,6.7,6.5,6.5,1566
SDA,2016-11-09,6.5,6.5,6.1,6.5,12412
SDA,2016-11-10,6.5,6.6,6.4,6.4,38500
SDA,2016-11-11,6.4,6.4,6.4,6.4,2630
SDA,2016-11-14,6.3,6.5,6.3,6.5,598
SDA,2016-11-15,6.6,6.6,6.6,6.6,1092
SDA,2016-11-16,6.5,6.5,6.4,6.4,2600
SDA,2016-11-17,6.4,6.4,6.2,6.2,2100
SDA,2016-11-18,6.0,6.2,6.0,6.2,238300
SDA,2016-11-21,6.0,6.2,5.9,6.1,175976
SDA,2016-11-22,6.0,6.0,5.6,5.6,313596
SDA,2016-11-23,5.6,6.0,5.5,5.9,394606
SDA,2016-11-24,5.9,6.0,5.8,5.8,106900
SDA,2016-11-25,5.9,5.9,5.7,5.8,120300
SDA,2016-11-28,5.6,5.8,5.6,5.8,1100
SDA,2016-11-29,5.8,5.8,5.5,5.5,122100
SDA,2016-11-30,5.4,5.6,5.0,5.5,273372
SDA,2016-12-01,5.3,5.5,5.0,5.0,106701
SDA,2016-12-02,5.0,5.5,4.9,5.4,296000
SDA,2016-12-05,5.1,5.1,5.0,5.1,30800
SDA,2016-12-06,5.4,5.4,5.0,5.2,22600
SDA,2016-12-07,5.1,5.2,5.0,5.0,61900
SDA,2016-12-08,5.0,5.0,4.9,4.9,54200
SDA,2016-12-09,4.9,4.9,4.7,4.9,79000
SDA,2016-12-12,4.9,4.9,4.6,4.9,101900
SDA,2016-12-13,4.6,4.6,4.5,4.5,167600
SDA,2016-12-14,4.5,4.7,4.5,4.6,103700
SDA,2016-12-15,4.7,5.0,4.6,4.7,166200
SDA,2016-12-16,4.7,4.8,4.6,4.8,94000
SDA,2016-12-19,4.7,4.8,4.7,4.8,60030
SDA,2016-12-20,4.9,4.9,4.6,4.6,27800
SDA,2016-12-21,4.5,4.6,4.4,4.4,59166
SDA,2016-12-22,4.3,4.4,4.0,4.3,280600
SDA,2016-12-23,4.3,4.3,4.2,4.2,8500
SDA,2016-12-26,4.3,4.3,4.0,4.1,96200
SDA,2016-12-27,4.0,4.0,3.7,3.7,329100
SDA,2016-12-28,3.7,4.0,3.6,3.9,352400
SDA,2016-12-29,3.9,4.0,3.8,4.0,25857
SDA,2016-12-30,4.0,4.0,3.9,4.0,18300
SDA,2017-01-03,4.0,4.0,3.7,4.0,58200
SDA,2017-01-04,3.9,4.0,3.8,3.9,80408
SDA,2017-01-05,3.9,4.0,3.8,3.9,29600
SDA,2017-01-06,3.9,3.9,3.9,3.9,8266
SDA,2017-01-09,3.9,4.0,3.9,3.9,146300
SDA,2017-01-10,3.8,3.9,3.7,3.9,6700
SDA,2017-01-11,3.7,3.9,3.6,3.8,53900
SDA,2017-01-12,3.9,3.9,3.8,3.9,126100
SDA,2017-01-13,3.9,3.9,3.6,3.6,61804
SDA,2017-01-16,3.4,3.5,3.3,3.4,145700
SDA,2017-01-17,3.4,3.4,3.4,3.4,8207
SDA,2017-01-18,3.1,3.4,3.1,3.4,13700
SDA,2017-01-19,3.4,3.6,3.4,3.5,33100
SDA,2017-01-20,3.4,3.5,3.3,3.5,8400
SDA,2017-01-23,3.4,3.5,3.4,3.4,17000
SDA,2017-01-24,3.4,3.4,3.3,3.4,7700
SDA,2017-01-25,3.2,3.4,3.1,3.4,26045
SDA,2017-02-02,3.1,3.4,3.1,3.1,44500
SDA,2017-02-03,3.0,3.2,3.0,3.1,10100
SDA,2017-02-06,3.1,3.1,3.0,3.1,98800
SDA,2017-02-07,2.9,3.0,2.8,3.0,52900
SDA,2017-02-08,2.9,3.0,2.9,3.0,31200
SDA,2017-02-09,3.0,3.1,3.0,3.1,80226
SDA,2017-02-10,3.0,3.0,2.9,3.0,2584
SDA,2017-02-13,2.9,3.0,2.8,3.0,15000
SDA,2017-02-14,2.9,3.0,2.7,3.0,27000
SDA,2017-02-15,2.8,3.0,2.7,2.8,10002
SDA,2017-02-16,2.9,2.9,2.8,2.9,53800
SDA,2017-02-17,2.9,3.0,2.9,3.0,7000
SDA,2017-02-20,2.8,3.0,2.8,3.0,1700
SDA,2017-02-21,2.9,3.1,2.8,3.1,4171
SDA,2017-02-22,3.0,3.1,3.0,3.1,1692
SDA,2017-02-23,2.9,3.1,2.9,2.9,5942
SDA,2017-02-24,3.0,3.1,2.9,3.0,6457
SDA,2017-02-27,2.8,3.0,2.7,3.0,10071
SDA,2017-02-28,2.9,2.9,2.9,2.9,100
SDA,2017-03-01,2.9,3.0,2.9,3.0,3100
SDA,2017-03-02,2.8,3.0,2.8,2.9,13800
SDA,2017-03-03,3.0,3.0,2.7,2.9,19600
SDA,2017-03-06,2.9,3.0,2.9,3.0,3502
SDA,2017-03-07,3.0,3.0,2.8,3.0,7000
SDA,2017-03-08,3.0,3.0,2.9,3.0,19400
SDA,2017-03-09,3.0,3.0,3.0,3.0,0
SDA,2017-03-10,2.8,3.1,2.8,2.8,15966
SDA,2017-03-13,3.0,3.0,2.8,3.0,221900
SDA,2017-03-14,3.1,3.3,3.1,3.3,126400
SDA,2017-03-15,3.4,3.6,3.4,3.6,90500
SDA,2017-03-16,3.7,3.7,3.3,3.4,181824
SDA,2017-03-17,3.4,3.4,3.3,3.4,30900
SDA,2017-03-20,3.4,3.5,3.1,3.4,85900
SDA,2017-03-21,3.4,3.4,3.2,3.2,3600
SDA,2017-03-22,3.3,3.4,3.3,3.3,295115
SDA,2017-03-23,3.3,3.3,3.2,3.2,4192
SDA,2017-03-24,3.2,3.2,3.0,3.0,14813
SDA,2017-03-27,3.0,3.2,3.0,3.2,18300
SDA,2017-03-28,3.1,3.2,3.0,3.2,17415
SDA,2017-03-29,3.0,3.4,3.0,3.4,28300
SDA,2017-03-30,3.4,3.4,3.1,3.3,39033
SDA,2017-03-31,3.3,3.3,3.1,3.1,8957
SDA,2017-04-03,3.1,3.3,3.1,3.1,29600
SDA,2017-04-04,3.1,3.3,3.1,3.1,18512
SDA,2017-04-05,3.1,3.2,3.1,3.1,8500
SDA,2017-04-07,3.1,3.2,3.1,3.1,16066
SDA,2017-04-10,3.2,3.3,3.1,3.1,33900
SDA,2017-04-11,3.1,3.1,3.1,3.1,14866
SDA,2017-04-12,3.1,3.2,3.0,3.2,5600
SDA,2017-04-13,3.0,3.2,3.0,3.2,33953
SDA,2017-04-14,3.2,3.2,3.0,3.0,14711
SDA,2017-04-17,3.0,3.0,2.9,3.0,11300
SDA,2017-04-18,3.1,3.1,2.8,3.1,24278
SDA,2017-04-19,3.0,3.0,2.8,2.9,8192
SDA,2017-04-20,2.9,2.9,2.7,2.9,12600
SDA,2017-04-21,2.9,2.9,2.7,2.7,5000
SDA,2017-04-24,2.9,2.9,2.8,2.9,64149
SDA,2017-04-25,2.9,3.0,2.9,3.0,7000
SDA,2017-04-26,2.7,2.8,2.7,2.7,18804
SDA,2017-04-27,2.8,2.9,2.8,2.8,14121
SDA,2017-04-28,2.9,3.0,2.8,2.8,13200
SDA,2017-05-03,2.8,2.9,2.8,2.8,12992
SDA,2017-05-04,2.8,2.8,2.7,2.8,1382
SDA,2017-05-05,2.7,2.8,2.7,2.8,7300
SDA,2017-05-08,2.7,2.8,2.7,2.7,27800
SDA,2017-05-09,2.7,2.9,2.7,2.7,11696
SDA,2017-05-10,2.7,2.7,2.6,2.7,40926
SDA,2017-05-11,2.7,2.7,2.7,2.7,7100
SDA,2017-05-12,2.7,2.7,2.6,2.7,138910
SDA,2017-05-15,2.6,2.6,2.6,2.6,11900
SDA,2017-05-16,2.6,2.7,2.5,2.6,70073
SDA,2017-05-17,2.6,2.6,2.5,2.5,80649
SDA,2017-05-18,2.5,2.6,2.4,2.6,137000
SDA,2017-05-19,2.6,2.6,2.6,2.6,3464
SDA,2017-05-22,2.5,2.6,2.5,2.6,4803
SDA,2017-05-23,2.5,2.6,2.5,2.5,19996
SDA,2017-05-24,2.5,2.6,2.5,2.6,11598
SDA,2017-05-25,2.6,2.8,2.6,2.8,221800
SDA,2017-05-26,3.0,3.0,2.9,2.9,225600
SDA,2017-05-29,2.9,2.9,2.8,2.8,4460
SDA,2017-05-30,2.7,2.8,2.6,2.8,15700
SDA,2017-05-31,2.7,2.7,2.7,2.7,10871
SDA,2017-06-01,2.6,2.7,2.6,2.7,134200
SDA,2017-06-02,2.6,2.7,2.5,2.7,8400
SDA,2017-06-05,2.5,2.7,2.5,2.7,880
SDA,2017-06-06,2.6,2.7,2.6,2.7,59584
SDA,2017-06-07,2.7,2.8,2.7,2.7,46050
SDA,2017-06-08,2.7,2.8,2.7,2.8,35900
SDA,2017-06-09,2.8,2.8,2.7,2.7,11900
SDA,2017-06-12,2.7,2.8,2.7,2.8,19700
SDA,2017-06-13,2.7,2.8,2.7,2.8,1996
SDA,2017-06-14,2.8,2.8,2.8,2.8,10000
SDA,2017-06-15,2.7,2.8,2.7,2.8,3000
SDA,2017-06-16,2.7,2.7,2.7,2.7,13252
SDA,2017-06-19,2.7,2.7,2.7,2.7,600
SDA,2017-06-20,2.7,2.8,2.6,2.7,3366
SDA,2017-06-21,2.7,2.7,2.6,2.7,19900
SDA,2017-06-22,2.7,2.7,2.7,2.7,5930
SDA,2017-06-23,2.7,2.7,2.7,2.7,1103
SDA,2017-06-26,2.6,2.7,2.6,2.7,3500
SDA,2017-06-27,2.6,2.8,2.6,2.8,17400
SDA,2017-06-28,2.7,2.7,2.6,2.7,10200
SDA,2017-06-29,2.7,2.7,2.6,2.7,8050
SDA,2017-06-30,2.6,2.7,2.6,2.7,20500
SDA,2017-07-03,2.6,2.7,2.6,2.7,10000
SDA,2017-07-04,2.6,2.6,2.6,2.6,3000
SDA,2017-07-05,2.6,2.7,2.6,2.6,17403
SDA,2017-07-06,2.7,2.8,2.6,2.8,106700
SDA,2017-07-07,2.8,3.0,2.8,3.0,47648
SDA,2017-07-10,3.1,3.2,3.0,3.1,39330
SDA,2017-07-11,3.0,3.0,2.8,3.0,13500
SDA,2017-07-12,3.0,3.1,2.9,3.1,7500
SDA,2017-07-13,3.0,3.0,2.8,2.8,75584
SDA,2017-07-14,2.9,3.0,2.8,3.0,86800
SDA,2017-07-17,3.1,3.1,2.9,3.0,49178
SDA,2017-07-18,2.9,3.0,2.8,2.8,26830
SDA,2017-07-19,3.0,3.0,2.8,3.0,126384
SDA,2017-07-20,3.2,3.2,2.9,3.0,90894
SDA,2017-07-21,3.0,3.1,2.9,3.1,75955
SDA,2017-07-24,3.0,3.0,2.9,3.0,54525
SDA,2017-07-25,2.9,3.1,2.9,3.0,51933
SDA,2017-07-26,3.0,3.0,2.9,3.0,21937
SDA,2017-07-27,3.0,3.0,3.0,3.0,13058
SDA,2017-07-28,3.1,3.2,2.9,3.2,32209
SDA,2017-07-31,3.3,3.5,3.3,3.5,68379
SDA,2017-08-01,3.8,3.8,3.7,3.8,133800
SDA,2017-08-02,4.0,4.1,4.0,4.1,250033
SDA,2017-08-03,4.5,4.5,3.8,4.1,55533
SDA,2017-08-04,4.0,4.1,3.8,4.1,27200
SDA,2017-08-07,3.8,3.8,3.7,3.8,24900
SDA,2017-08-08,3.8,3.8,3.8,3.8,6000
SDA,2017-08-09,3.8,4.0,3.8,4.0,15053
SDA,2017-08-10,3.9,3.9,3.8,3.8,15000
SDA,2017-08-11,3.8,3.8,3.8,3.8,8500
SDA,2017-08-14,3.7,3.9,3.7,3.9,2188
SDA,2017-08-15,3.9,4.0,3.9,3.9,31000
SDA,2017-08-16,3.9,4.0,3.9,3.9,93212
SDA,2017-08-17,3.9,4.0,3.9,4.0,26596
SDA,2017-08-18,3.9,3.9,3.6,3.6,106400
SDA,2017-08-21,3.6,3.9,3.6,3.9,123100
SDA,2017-08-22,3.9,4.0,3.9,4.0,36300
SDA,2017-08-23,3.9,3.9,3.7,3.7,2400
SDA,2017-08-24,3.9,3.9,3.8,3.9,14124
SDA,2017-08-25,3.9,4.2,3.6,4.2,69476
SDA,2017-08-28,4.2,4.3,4.2,4.3,20000
SDA,2017-08-29,4.2,4.5,4.1,4.5,70455
SDA,2017-08-30,4.5,4.5,4.4,4.5,61624
SDA,2017-08-31,4.6,4.6,4.1,4.6,114800
SDA,2017-09-01,4.8,4.8,4.5,4.6,16181
SDA,2017-09-05,4.5,4.7,4.5,4.7,7200
SDA,2017-09-06,4.6,4.6,4.6,4.6,4200
SDA,2017-09-07,4.5,4.6,4.5,4.6,21272
SDA,2017-09-08,4.5,4.7,4.5,4.6,29400
SDA,2017-09-11,4.6,4.6,4.6,4.6,200
SDA,2017-09-12,4.5,4.5,4.5,4.5,12850
SDA,2017-09-13,4.5,4.5,4.1,4.4,45727
SDA,2017-09-14,4.4,4.4,4.4,4.4,26900
SDA,2017-09-15,4.4,4.4,4.4,4.4,15700
SDA,2017-09-18,4.1,4.4,4.1,4.4,3533
SDA,2017-09-19,4.4,4.5,4.4,4.5,22029
SDA,2017-09-20,4.4,4.6,4.2,4.6,37300
SDA,2017-09-21,4.6,4.6,4.6,4.6,1033
SDA,2017-09-22,4.6,4.6,4.6,4.6,1523
SDA,2017-09-25,4.5,4.5,4.5,4.5,8176
SDA,2017-09-26,4.5,4.5,4.5,4.5,165
SDA,2017-09-27,4.2,4.5,4.2,4.5,1160
SDA,2017-09-28,4.5,4.5,4.5,4.5,100
SDA,2017-09-29,4.1,4.4,4.1,4.4,4400
SDA,2017-10-02,4.3,4.4,4.3,4.4,9236
SDA,2017-10-03,4.1,4.4,4.1,4.4,16414
SDA,2017-10-04,4.4,4.4,4.4,4.4,100
SDA,2017-10-05,4.0,4.3,4.0,4.3,698
SDA,2017-10-06,4.1,4.4,4.1,4.4,2300
SDA,2017-10-09,4.1,4.3,4.1,4.3,24326
SDA,2017-10-10,4.1,4.2,4.1,4.2,8110
SDA,2017-10-11,4.1,4.1,4.0,4.0,17400
SDA,2017-10-12,4.3,4.4,3.7,3.9,16314
SDA,2017-10-13,4.0,4.2,4.0,4.2,15300
SDA,2017-10-16,4.3,4.4,4.3,4.3,26993
SDA,2017-10-17,4.2,4.6,4.2,4.6,22732
SDA,2017-10-18,4.6,4.8,4.6,4.8,33450
SDA,2017-10-19,4.7,5.1,4.6,4.9,118953
SDA,2017-10-20,4.8,5.0,4.8,4.9,48100
SDA,2017-10-23,5.0,5.1,4.9,4.9,90800
SDA,2017-10-24,4.7,5.0,4.6,4.8,51400
SDA,2017-10-25,4.8,4.9,4.8,4.9,28100
SDA,2017-10-26,4.6,4.8,4.5,4.8,3891
SDA,2017-10-27,4.8,4.9,4.8,4.8,71900
SDA,2017-10-30,4.5,4.9,4.4,4.8,48800
SDA,2017-10-31,4.6,5.1,4.6,4.7,190260
SDA,2017-11-01,4.9,5.1,4.8,4.9,327412
SDA,2017-11-02,5.0,5.1,4.9,4.9,48700
SDA,2017-11-03,5.0,5.0,4.8,4.9,56300
SDA,2017-11-06,4.9,5.3,4.9,5.3,135696
SDA,2017-11-07,5.5,5.8,5.4,5.8,155312
SDA,2017-11-08,5.9,6.2,5.9,6.0,63060
SDA,2017-11-09,6.0,6.2,5.8,6.1,82400
SDA,2017-11-10,5.9,6.1,5.9,6.0,54730
SDA,2017-11-13,5.9,5.9,5.7,5.8,70620
SDA,2017-11-14,5.6,5.9,5.4,5.5,9916
SDA,2017-11-15,5.8,5.8,5.0,5.0,56092
SDA,2017-11-16,4.9,4.9,4.9,4.9,4020
SDA,2017-11-17,4.9,4.9,4.5,4.5,51300
SDA,2017-11-20,4.5,4.5,4.2,4.4,24456
SDA,2017-11-21,4.7,4.8,4.1,4.5,18100
SDA,2017-11-22,4.4,4.4,4.1,4.1,43312
SDA,2017-11-23,3.8,4.0,3.8,4.0,12900
SDA,2017-11-24,3.7,4.0,3.6,3.6,86900
SDA,2017-11-27,3.6,3.6,3.3,3.3,86700
SDA,2017-11-28,3.3,3.5,3.1,3.4,38300
SDA,2017-11-29,3.3,3.4,3.2,3.2,24100
SDA,2017-11-30,3.2,3.3,2.9,3.1,63540
SDA,2017-12-01,3.3,3.3,3.0,3.1,6100
SDA,2017-12-04,3.1,3.1,2.9,2.9,23230
SDA,2017-12-05,3.1,3.1,3.1,3.1,13800
SDA,2017-12-06,3.1,3.4,3.1,3.4,5800
SDA,2017-12-07,3.3,3.3,3.1,3.1,3281
SDA,2017-12-08,3.1,3.3,3.1,3.3,9715
SDA,2017-12-11,3.1,3.3,3.1,3.3,700
SDA,2017-12-12,3.1,3.1,3.0,3.1,21200
SDA,2017-12-13,3.1,3.2,2.9,3.2,4000
SDA,2017-12-14,3.1,3.1,3.1,3.1,100
SDA,2017-12-15,3.1,3.2,3.0,3.1,23710
SDA,2017-12-18,3.0,3.0,2.9,2.9,12800
SDA,2017-12-19,2.9,3.0,2.9,3.0,1600
SDA,2017-12-20,2.9,3.0,2.9,3.0,5600
SDA,2017-12-21,2.9,3.0,2.9,3.0,7400
SDA,2017-12-22,3.0,3.1,3.0,3.1,27800
SDA,2017-12-25,3.0,3.0,3.0,3.0,1000
SDA,2017-12-26,2.9,3.0,2.9,3.0,4000
SDA,2017-12-27,2.9,3.1,2.9,3.1,19700
SDA,2017-12-28,3.1,3.1,3.1,3.1,53
SDA,2017-12-29,2.8,3.1,2.8,3.1,3281
SDA,2018-01-02,3.0,3.1,3.0,3.1,4000
SDA,2018-01-03,2.9,3.1,2.8,3.1,1941
SDA,2018-01-04,3.0,3.1,2.9,3.1,23000
SDA,2018-01-05,3.1,3.2,2.9,3.2,2600
SDA,2018-01-08,3.0,3.2,3.0,3.2,5180
SDA,2018-01-09,3.0,3.0,2.9,2.9,7200
SDA,2018-01-10,3.0,3.1,3.0,3.1,14000
SDA,2018-01-11,3.1,3.2,3.1,3.2,8160
SDA,2018-01-12,3.1,3.2,3.1,3.2,37100
SDA,2018-01-15,3.2,3.2,3.1,3.1,29000
SDA,2018-01-16,3.1,3.1,3.1,3.1,0
SDA,2018-01-17,3.0,3.1,2.9,3.1,37200
SDA,2018-01-18,3.0,3.0,2.9,3.0,5600
SDA,2018-01-19,2.9,3.0,2.7,3.0,9600
SDA,2018-01-22,3.0,3.0,2.8,2.8,10926
SDA,2018-01-23,2.8,3.0,2.7,3.0,12500
SDA,2018-01-24,3.0,3.0,3.0,3.0,0
SDA,2018-01-25,2.9,3.0,2.8,3.0,4200
SDA,2018-01-26,2.9,2.9,2.8,2.9,29806
SDA,2018-01-29,2.8,3.0,2.8,3.0,27600
SDA,2018-01-30,2.8,3.0,2.8,3.0,3300
SDA,2018-01-31,2.7,2.9,2.7,2.9,2120
SDA,2018-02-01,2.9,2.9,2.9,2.9,13700
SDA,2018-02-02,2.9,2.9,2.9,2.9,0
SDA,2018-02-05,2.7,3.0,2.7,3.0,2400
SDA,2018-02-06,2.7,2.9,2.7,2.9,9100
SDA,2018-02-07,2.9,2.9,2.9,2.9,23000
SDA,2018-02-08,2.9,3.0,2.9,3.0,5100
SDA,2018-02-09,2.7,3.0,2.7,3.0,390
SDA,2018-02-12,3.0,3.0,3.0,3.0,3700
SDA,2018-02-13,3.0,3.0,3.0,3.0,200
SDA,2018-02-21,3.1,3.1,3.1,3.1,300
SDA,2018-02-22,3.0,3.0,3.0,3.0,200
SDA,2018-02-23,2.9,3.0,2.9,3.0,1100
SDA,2018-02-26,2.9,3.0,2.9,3.0,18680
SDA,2018-02-27,3.0,3.0,2.8,3.0,2000
SDA,2018-02-28,3.1,3.1,3.1,3.1,264
SDA,2018-03-01,3.1,3.1,2.8,2.8,3800
SDA,2018-03-02,2.8,2.8,2.6,2.8,14900
SDA,2018-03-05,2.7,2.9,2.7,2.9,3300
SDA,2018-03-06,2.8,2.9,2.8,2.9,4102
SDA,2018-03-07,2.9,3.0,2.9,3.0,6000
SDA,2018-03-08,3.0,3.0,3.0,3.0,0
SDA,2018-03-09,3.0,3.1,3.0,3.0,5100
SDA,2018-03-12,3.0,3.0,3.0,3.0,0
SDA,2018-03-13,3.0,3.0,3.0,3.0,0
SDA,2018-03-14,2.8,3.0,2.8,3.0,9600
SDA,2018-03-15,2.8,3.0,2.8,3.0,3000
SDA,2018-03-16,2.8,2.9,2.8,2.9,25100
SDA,2018-03-19,2.9,3.0,2.9,3.0,61500
SDA,2018-03-20,3.0,3.0,3.0,3.0,0
SDA,2018-03-21,2.9,3.0,2.7,3.0,11300
SDA,2018-03-22,2.9,3.0,2.9,3.0,8980
SDA,2018-03-23,2.9,3.0,2.9,3.0,3800
SDA,2018-03-26,3.0,3.0,3.0,3.0,40
SDA,2018-03-27,2.7,3.0,2.7,3.0,720
SDA,2018-03-28,2.7,2.9,2.7,2.9,1847
SDA,2018-03-29,2.9,2.9,2.9,2.9,5
SDA,2018-03-30,2.9,2.9,2.9,2.9,85
SDA,2018-04-02,2.9,2.9,2.9,2.9,52000
SDA,2018-04-03,3.0,3.0,3.0,3.0,250
SDA,2018-04-04,2.7,3.0,2.7,3.0,467
SDA,2018-04-05,2.7,3.0,2.7,3.0,812
SDA,2018-04-06,2.7,3.0,2.7,3.0,600
SDA,2018-04-09,2.8,3.0,2.8,3.0,700
SDA,2018-04-10,3.0,3.0,3.0,3.0,0
SDA,2018-04-11,3.0,3.0,3.0,3.0,0
SDA,2018-04-12,3.0,3.0,3.0,3.0,0
SDA,2018-04-13,2.7,2.7,2.7,2.7,500
SDA,2018-04-16,2.7,2.7,2.7,2.7,0
SDA,2018-04-17,2.7,2.7,2.7,2.7,0
SDA,2018-04-18,2.7,2.7,2.7,2.7,6500
SDA,2018-04-19,2.9,2.9,2.9,2.9,6400
SDA,2018-04-20,2.9,2.9,2.9,2.9,0
SDA,2018-04-23,2.9,2.9,2.9,2.9,0
SDA,2018-04-24,2.7,2.8,2.7,2.8,600
SDA,2018-04-26,2.6,2.9,2.6,2.9,3590
SDA,2018-04-27,2.7,2.8,2.7,2.8,3218
SDA,2018-05-02,2.8,2.8,2.8,2.8,134
SDA,2018-05-03,2.8,2.8,2.8,2.8,0
SDA,2018-05-04,2.6,2.8,2.6,2.8,6200
SDA,2018-05-07,2.8,2.8,2.8,2.8,0
SDA,2018-05-08,2.8,2.8,2.8,2.8,0
SDA,2018-05-09,2.7,2.8,2.6,2.8,21800
SDA,2018-05-10,2.7,2.7,2.7,2.7,60200
SDA,2018-05-11,2.7,2.7,2.7,2.7,62
SDA,2018-05-14,2.7,2.7,2.6,2.7,71300
SDA,2018-05-15,2.5,2.7,2.5,2.7,1500
SDA,2018-05-16,2.5,2.5,2.5,2.5,117
SDA,2018-05-17,2.5,2.5,2.5,2.5,9000
SDA,2018-05-18,2.3,2.3,2.3,2.3,5500
SDA,2018-05-21,2.1,2.5,2.1,2.5,57238
SDA,2018-05-22,2.7,2.7,2.7,2.7,100
SDA,2018-05-23,2.7,2.7,2.7,2.7,53
SDA,2018-05-24,2.7,2.7,2.7,2.7,0
SDA,2018-05-25,2.7,2.7,2.7,2.7,0
SDA,2018-05-28,2.7,2.7,2.7,2.7,0
SDA,2018-05-29,2.5,2.8,2.5,2.8,13400
SDA,2018-05-30,2.8,2.8,2.8,2.8,0
SDA,2018-05-31,2.8,2.8,2.8,2.8,0
SDA,2018-06-01,2.8,2.8,2.8,2.8,0
SDA,2018-06-04,2.6,2.6,2.6,2.6,4500
SDA,2018-06-05,2.4,2.4,2.4,2.4,48400
SDA,2018-06-06,2.2,2.4,2.2,2.4,6100
SDA,2018-06-07,2.2,2.4,2.2,2.4,8800
SDA,2018-06-08,2.2,2.4,2.2,2.4,600
SDA,2018-06-11,2.4,2.4,2.4,2.4,0
SDA,2018-06-12,2.6,2.6,2.6,2.6,100
SDA,2018-06-13,2.6,2.6,2.6,2.6,0
SDA,2018-06-14,2.6,2.6,2.6,2.6,0
SDA,2018-06-15,2.6,2.6,2.6,2.6,0
SDA,2018-06-18,2.6,2.6,2.6,2.6,0
SDA,2018-06-19,2.6,2.6,2.6,2.6,0
SDA,2018-06-20,2.6,2.6,2.6,2.6,0
SDA,2018-06-21,2.6,2.6,2.6,2.6,0
SDA,2018-06-22,2.4,2.4,2.4,2.4,4700
SDA,2018-06-25,2.4,2.4,2.4,2.4,0
SDA,2018-06-26,2.4,2.4,2.4,2.4,1200
SDA,2018-06-27,2.4,2.4,2.4,2.4,0
SDA,2018-06-28,2.4,2.4,2.4,2.4,0
SDA,2018-06-29,2.4,2.4,2.4,2.4,0
SDA,2018-07-02,2.5,2.5,2.5,2.5,100
SDA,2018-07-03,2.7,2.7,2.7,2.7,100
SDA,2018-07-04,2.7,2.7,2.7,2.7,0
SDA,2018-07-05,2.7,2.7,2.7,2.7,0
SDA,2018-07-06,2.6,2.6,2.6,2.6,2800
SDA,2018-07-09,2.6,2.6,2.6,2.6,0
SDA,2018-07-10,2.6,2.6,2.6,2.6,0
SDA,2018-07-11,2.6,2.6,2.6,2.6,0
SDA,2018-07-12,2.6,2.6,2.6,2.6,0
SDA,2018-07-13,2.6,2.6,2.6,2.6,0
SDA,2018-07-16,2.6,2.7,2.4,2.7,113900
SDA,2018-07-17,2.5,2.6,2.5,2.6,302
SDA,2018-07-18,2.4,2.6,2.4,2.6,340
SDA,2018-07-19,2.6,2.6,2.6,2.6,0
SDA,2018-07-20,2.6,2.6,2.6,2.6,0
SDA,2018-07-23,2.4,2.6,2.4,2.6,1100
SDA,2018-07-24,2.6,2.6,2.6,2.6,0
SDA,2018-07-25,2.6,2.6,2.6,2.6,0
SDA,2018-07-26,2.8,2.8,2.8,2.8,100
SDA,2018-07-27,2.8,2.8,2.8,2.8,0
SDA,2018-07-30,2.8,2.8,2.8,2.8,0
SDA,2018-07-31,2.6,2.7,2.6,2.7,200
SDA,2018-08-01,2.7,2.7,2.7,2.7,0
SDA,2018-08-02,2.5,2.6,2.5,2.6,1100
SDA,2018-08-03,2.4,2.6,2.4,2.6,6104
SDA,2018-08-06,2.4,2.4,2.4,2.4,19600
SDA,2018-08-07,2.5,2.5,2.5,2.5,100
SDA,2018-08-08,2.7,2.7,2.7,2.7,100900
SDA,2018-08-09,2.7,2.7,2.7,2.7,0
SDA,2018-08-10,2.5,2.7,2.5,2.7,5100
SDA,2018-08-13,2.8,2.8,2.8,2.8,100
SDA,2018-08-14,2.6,2.7,2.6,2.7,3100
SDA,2018-08-15,2.6,2.6,2.5,2.5,3400
SDA,2018-08-16,2.7,2.7,2.7,2.7,100
SDA,2018-08-17,2.7,2.7,2.7,2.7,0
SDA,2018-08-20,2.5,2.9,2.5,2.9,1500
SDA,2018-08-21,2.9,2.9,2.9,2.9,0
SDA,2018-08-22,2.8,2.9,2.7,2.9,136800
SDA,2018-08-23,2.9,2.9,2.9,2.9,1000
SDA,2018-08-24,2.9,2.9,2.9,2.9,0
SDA,2018-08-27,2.8,2.8,2.8,2.8,300
SDA,2018-08-28,2.8,2.8,2.8,2.8,1200
SDA,2018-08-29,2.8,2.8,2.8,2.8,0
SDA,2018-08-30,2.8,2.8,2.8,2.8,0
SDA,2018-08-31,2.7,2.7,2.7,2.7,300
SDA,2018-09-04,2.7,2.7,2.7,2.7,0
SDA,2018-09-05,2.7,2.7,2.7,2.7,0
SDA,2018-09-06,2.5,2.5,2.5,2.5,12928
SDA,2018-09-07,2.7,2.7,2.6,2.7,53400
SDA,2018-09-10,2.7,2.7,2.7,2.7,100
SDA,2018-09-11,2.9,2.9,2.9,2.9,100
SDA,2018-09-12,2.8,2.9,2.8,2.9,2700
SDA,2018-09-13,2.7,2.7,2.7,2.7,5900
SDA,2018-09-14,2.7,2.8,2.7,2.8,5100
SDA,2018-09-17,2.6,2.8,2.6,2.8,3100
SDA,2018-09-18,2.8,2.8,2.8,2.8,0
SDA,2018-09-19,2.6,2.8,2.6,2.8,1800
SDA,2018-09-20,2.7,2.9,2.6,2.9,2600
SDA,2018-09-21,2.9,3.0,2.7,3.0,35400
SDA,2018-09-24,2.8,2.9,2.7,2.8,11514
SDA,2018-09-25,2.7,2.9,2.6,2.9,5400
SDA,2018-09-26,2.8,3.0,2.8,3.0,2100
SDA,2018-09-27,2.7,3.0,2.7,3.0,5100
SDA,2018-09-28,2.8,3.0,2.8,3.0,5300
SDA,2018-10-01,3.0,3.0,3.0,3.0,4000
SDA,2018-10-02,3.0,3.2,2.9,3.2,16600
SDA,2018-10-03,3.0,3.2,2.9,3.2,21850
SDA,2018-10-04,3.1,3.1,3.1,3.1,18115
SDA,2018-10-05,3.2,3.2,3.2,3.2,1240
SDA,2018-10-08,3.0,3.1,2.9,2.9,6000
SDA,2018-10-09,2.8,3.1,2.7,2.8,4630
SDA,2018-10-10,2.7,2.7,2.7,2.7,5500
SDA,2018-10-11,2.6,2.8,2.6,2.8,800
SDA,2018-10-12,2.9,2.9,2.7,2.7,2200
SDA,2018-10-15,2.8,2.9,2.8,2.8,17100
SDA,2018-10-16,3.0,3.0,2.8,2.8,14090
SDA,2018-10-17,2.8,3.0,2.8,2.9,13400
SDA,2018-10-18,2.9,3.0,2.8,2.8,29100
SDA,2018-10-19,3.0,3.0,2.7,2.7,13400
SDA,2018-10-22,2.7,2.9,2.7,2.7,31600
SDA,2018-10-23,2.7,2.9,2.7,2.7,22900
SDA,2018-10-24,2.7,2.9,2.5,2.6,35500
SDA,2018-10-25,2.6,2.8,2.5,2.5,29300
SDA,2018-10-26,2.7,2.7,2.4,2.4,113700
SDA,2018-10-29,2.6,2.6,2.4,2.4,37600
SDA,2018-10-30,2.6,2.6,2.5,2.5,17453
SDA,2018-10-31,2.7,2.7,2.6,2.7,7600
SDA,2018-11-01,2.9,2.9,2.5,2.6,54300
SDA,2018-11-02,2.8,2.8,2.6,2.6,21500
SDA,2018-11-05,2.6,2.6,2.6,2.6,0
SDA,2018-11-06,2.5,2.5,2.5,2.5,200
SDA,2018-11-07,2.7,2.7,2.5,2.5,12434
SDA,2018-11-08,2.5,2.5,2.5,2.5,1403
SDA,2018-11-09,2.7,2.7,2.6,2.6,1100
SDA,2018-11-12,2.5,2.8,2.5,2.8,1400
SDA,2018-11-13,2.8,3.0,2.6,2.6,6300
SDA,2018-11-14,2.8,2.8,2.5,2.6,34200
SDA,2018-11-15,2.5,2.8,2.5,2.6,8400
SDA,2018-11-16,2.8,2.8,2.6,2.6,2000
SDA,2018-11-19,2.5,2.8,2.5,2.8,2100
SDA,2018-11-20,3.0,3.0,2.7,3.0,5600
SDA,2018-11-21,2.8,2.8,2.8,2.8,600
SDA,2018-11-22,3.0,3.0,2.8,2.8,4300
SDA,2018-11-23,2.8,2.8,2.8,2.8,0
SDA,2018-11-26,3.0,3.0,2.6,2.6,2300
SDA,2018-11-27,2.7,2.8,2.7,2.8,900
SDA,2018-11-28,3.0,3.0,2.6,2.9,12100
SDA,2018-11-29,3.1,3.1,3.1,3.1,1200
SDA,2018-11-30,2.8,2.8,2.8,2.8,500
SDA,2018-12-03,2.7,3.0,2.7,3.0,5800
SDA,2018-12-04,3.3,3.3,2.8,3.2,3000
SDA,2018-12-05,3.4,3.4,3.4,3.4,5000
SDA,2018-12-06,3.4,3.4,3.4,3.4,0
SDA,2018-12-07,3.4,3.4,3.4,3.4,3000
SDA,2018-12-10,3.7,3.7,3.7,3.7,100
SDA,2018-12-11,3.7,3.7,3.7,3.7,0
SDA,2018-12-12,4.0,4.0,4.0,4.0,100
SDA,2018-12-13,4.3,4.3,4.0,4.0,200
SDA,2018-12-14,3.6,3.6,3.6,3.6,100
SDA,2018-12-17,3.9,3.9,3.3,3.3,200
SDA,2018-12-18,3.0,3.4,3.0,3.4,6900
SDA,2018-12-19,3.6,3.6,3.6,3.6,200
SDA,2018-12-20,3.7,3.7,3.7,3.7,4000
SDA,2018-12-21,3.7,3.7,3.7,3.7,0
SDA,2018-12-24,4.0,4.0,4.0,4.0,100
SDA,2018-12-25,4.3,4.3,4.3,4.3,100
SDA,2018-12-26,4.7,4.7,4.7,4.7,100
SDA,2018-12-27,4.7,4.7,4.7,4.7,100
SDA,2018-12-28,5.1,5.1,5.1,5.1,100
SDA,2019-01-02,5.6,5.6,5.3,5.3,108500
SDA,2019-01-03,5.7,5.7,4.8,5.3,900
SDA,2019-01-04,5.3,5.3,5.3,5.3,0
SDA,2019-01-07,5.8,5.8,5.3,5.3,200
SDA,2019-01-08,5.3,5.3,5.3,5.3,0
SDA,2019-01-09,5.3,5.3,5.3,5.3,0
SDA,2019-01-10,5.3,5.3,5.3,5.3,0
SDA,2019-01-11,5.3,5.3,5.3,5.3,0
SDA,2019-01-14,5.3,5.3,5.3,5.3,0
SDA,2019-01-15,5.3,5.3,5.3,5.3,0
SDA,2019-01-16,5.7,5.7,5.7,5.7,100
SDA,2019-01-17,6.1,6.1,5.2,5.2,200
SDA,2019-01-18,5.7,5.7,4.7,5.2,2200
SDA,2019-01-21,5.6,5.6,5.6,5.6,1800
SDA,2019-01-22,5.6,5.6,5.6,5.6,0
SDA,2019-01-23,5.6,5.6,5.6,5.6,0
SDA,2019-01-24,5.6,5.6,5.6,5.6,0
SDA,2019-01-25,5.6,5.6,5.6,5.6,0
SDA,2019-01-28,5.6,5.6,5.6,5.6,0
SDA,2019-01-29,5.6,5.6,5.6,5.6,0
SDA,2019-01-30,5.6,5.6,5.6,5.6,0
SDA,2019-01-31,5.6,5.6,5.6,5.6,0
SDA,2019-02-01,5.6,5.6,5.6,5.6,0
SDA,2019-02-11,5.6,5.6,5.6,5.6,0
SDA,2019-02-12,5.6,5.6,5.6,5.6,0
SDA,2019-02-13,5.6,5.6,5.6,5.6,0
SDA,2019-02-14,5.6,5.6,5.6,5.6,0
SDA,2019-02-15,5.6,5.6,5.6,5.6,0
SDA,2019-02-18,6.0,6.0,5.1,5.1,200
SDA,2019-02-19,5.1,5.1,5.1,5.1,0
SDA,2019-02-20,5.1,5.1,5.1,5.1,0
SDA,2019-02-21,5.1,5.1,5.1,5.1,0
SDA,2019-02-22,5.1,5.1,5.1,5.1,0
SDA,2019-02-25,5.1,5.1,5.1,5.1,0
SDA,2019-02-26,5.1,5.1,5.1,5.1,0
SDA,2019-02-27,5.1,5.1,5.1,5.1,0
SDA,2019-02-28,5.1,5.1,5.1,5.1,0
SDA,2019-03-01,5.1,5.1,5.1,5.1,0
SDA,2019-03-04,5.1,5.1,5.1,5.1,0
SDA,2019-03-05,5.1,5.1,5.1,5.1,0
SDA,2019-03-06,5.1,5.1,5.1,5.1,0
SDA,2019-03-07,5.1,5.1,5.1,5.1,0
SDA,2019-03-08,5.1,5.1,5.1,5.1,0
SDA,2019-03-11,5.1,5.1,5.1,5.1,0
SDA,2019-03-12,5.1,5.1,5.1,5.1,0
SDA,2019-03-13,5.6,5.6,4.6,4.6,200
SDA,2019-03-14,4.6,4.6,4.6,4.6,0
SDA,2019-03-15,4.6,4.6,4.6,4.6,0
SDA,2019-03-18,4.6,4.6,4.6,4.6,0
SDA,2019-03-19,4.2,4.2,4.2,4.2,100
SDA,2019-03-20,4.0,4.0,3.8,3.8,200
SDA,2019-03-21,3.8,3.8,3.8,3.8,0
SDA,2019-03-22,3.5,3.5,3.5,3.5,600
SDA,2019-03-25,3.8,3.8,3.8,3.8,100
SDA,2019-03-26,3.5,3.5,3.5,3.5,100
SDA,2019-03-27,3.2,3.5,3.2,3.5,600
SDA,2019-03-28,3.5,3.5,3.5,3.5,0
SDA,2019-03-29,3.2,3.2,3.2,3.2,100
SDA,2019-04-01,2.9,2.9,2.9,2.9,2400
SDA,2019-04-02,2.7,3.1,2.7,2.7,6899
SDA,2019-04-03,2.5,2.7,2.5,2.7,12945
SDA,2019-04-04,2.5,2.5,2.5,2.5,7100
SDA,2019-04-05,2.4,2.5,2.3,2.5,11906
SDA,2019-04-08,2.3,2.6,2.3,2.6,25800
SDA,2019-04-09,2.6,2.6,2.6,2.6,2333
SDA,2019-04-10,2.6,2.8,2.6,2.8,8600
SDA,2019-04-11,2.8,3.0,2.8,3.0,1155
SDA,2019-04-12,3.2,3.2,3.2,3.2,13600
SDA,2019-04-16,2.9,3.3,2.9,3.1,28000
SDA,2019-04-17,2.8,2.9,2.8,2.8,228300
SDA,2019-04-18,2.8,2.8,2.8,2.8,0
SDA,2019-04-19,2.8,2.8,2.6,2.6,1400
SDA,2019-04-22,2.5,2.5,2.4,2.5,5910
SDA,2019-04-23,2.7,2.7,2.7,2.7,10300
SDA,2019-04-24,2.9,2.9,2.7,2.8,3757
SDA,2019-04-25,2.8,2.8,2.8,2.8,1008
SDA,2019-04-26,2.8,2.8,2.8,2.8,0
SDA,2019-05-02,2.8,2.8,2.8,2.8,400
SDA,2019-05-03,2.8,2.9,2.8,2.9,1200
SDA,2019-05-06,2.9,2.9,2.9,2.9,60
SDA,2019-05-07,2.9,2.9,2.9,2.9,200
SDA,2019-05-08,2.9,2.9,2.9,2.9,123
SDA,2019-05-09,2.9,2.9,2.9,2.9,0
SDA,2019-05-10,2.8,2.8,2.8,2.8,108541
SDA,2019-05-13,2.6,2.7,2.6,2.7,7384
SDA,2019-05-14,2.6,2.6,2.5,2.6,3700
SDA,2019-05-15,2.4,2.8,2.4,2.8,200
SDA,2019-05-16,2.6,2.6,2.6,2.6,600
SDA,2019-05-17,2.4,2.7,2.4,2.7,1060
SDA,2019-05-20,2.5,2.5,2.5,2.5,5300
SDA,2019-05-21,2.7,2.7,2.7,2.7,100
SDA,2019-05-22,2.8,2.8,2.8,2.8,113
SDA,2019-05-23,2.8,2.8,2.8,2.8,0
SDA,2019-05-24,2.8,2.8,2.8,2.8,0
SDA,2019-05-27,2.8,2.8,2.8,2.8,0
SDA,2019-05-28,2.8,2.8,2.8,2.8,0
SDA,2019-05-29,2.8,2.8,2.8,2.8,0
SDA,2019-05-30,2.6,2.6,2.6,2.6,108
SDA,2019-05-31,2.8,2.8,2.8,2.8,100
SDA,2019-06-03,2.8,2.8,2.8,2.8,0
SDA,2019-06-04,2.8,2.8,2.8,2.8,0
SDA,2019-06-05,2.8,2.8,2.8,2.8,0
SDA,2019-06-06,2.8,2.8,2.8,2.8,0
SDA,2019-06-07,2.8,2.8,2.8,2.8,0
SDA,2019-06-10,2.8,2.8,2.8,2.8,0
SDA,2019-06-11,2.8,2.8,2.8,2.8,0
SDA,2019-06-12,2.8,2.8,2.8,2.8,0
SDA,2019-06-13,2.8,2.8,2.8,2.8,0
SDA,2019-06-14,2.8,2.8,2.8,2.8,0
SDA,2019-06-17,2.8,2.8,2.8,2.8,0
SDA,2019-06-18,2.8,2.8,2.8,2.8,0
SDA,2019-06-19,2.6,2.6,2.6,2.6,100
SDA,2019-06-20,2.6,2.6,2.6,2.6,100
SDA,2019-06-21,2.6,2.6,2.6,2.6,12
SDA,2019-06-24,2.6,2.6,2.6,2.6,0
SDA,2019-06-25,2.5,2.5,2.5,2.5,30500
SDA,2019-06-26,2.5,2.6,2.3,2.6,1200
SDA,2019-06-27,2.8,2.8,2.8,2.8,100
SDA,2019-06-28,2.8,2.8,2.8,2.8,0
SDA,2019-07-01,2.6,2.6,2.6,2.6,1000
SDA,2019-07-02,2.6,2.6,2.6,2.6,0
SDA,2019-07-03,2.6,2.6,2.6,2.6,0
SDA,2019-07-04,2.4,2.7,2.4,2.6,9700
SDA,2019-07-05,2.6,2.6,2.6,2.6,0
SDA,2019-07-08,2.4,2.6,2.4,2.6,11900
SDA,2019-07-09,2.4,2.4,2.4,2.4,7200
SDA,2019-07-10,2.4,2.4,2.4,2.4,0
SDA,2019-07-11,2.4,2.4,2.4,2.4,300
SDA,2019-07-12,2.5,2.5,2.4,2.4,600
SDA,2019-07-15,2.3,2.4,2.3,2.4,1800
SDA,2019-07-16,2.4,2.6,2.4,2.6,300
SDA,2019-07-17,2.6,2.6,2.6,2.6,0
SDA,2019-07-18,2.7,2.7,2.7,2.7,200
SDA,2019-07-19,2.6,2.6,2.6,2.6,1000
SDA,2019-07-22,2.4,2.8,2.4,2.8,200
SDA,2019-07-23,2.9,2.9,2.9,2.9,100
SDA,2019-07-24,2.9,2.9,2.9,2.9,0
SDA,2019-07-25,2.9,2.9,2.9,2.9,0
SDA,2019-07-26,2.9,2.9,2.9,2.9,0
SDA,2019-07-29,2.9,2.9,2.9,2.9,0
SDA,2019-07-30,2.9,2.9,2.9,2.9,0
SDA,2019-07-31,2.9,2.9,2.9,2.9,0
SDA,2019-08-01,2.9,2.9,2.9,2.9,0
SDA,2019-08-02,2.9,2.9,2.9,2.9,0
SDA,2019-08-05,2.9,2.9,2.9,2.9,0
SDA,2019-08-06,2.9,2.9,2.9,2.9,0
SDA,2019-08-07,2.9,2.9,2.9,2.9,0
SDA,2019-08-08,2.8,2.9,2.8,2.9,10100
SDA,2019-08-09,3.0,3.0,3.0,3.0,100
SDA,2019-08-12,3.0,3.0,3.0,3.0,0
SDA,2019-08-13,3.0,3.0,3.0,3.0,0
SDA,2019-08-14,3.0,3.0,3.0,3.0,0
SDA,2019-08-15,3.0,3.0,3.0,3.0,100
SDA,2019-08-16,3.0,3.0,3.0,3.0,1000
SDA,2019-08-19,3.0,3.0,3.0,3.0,0
SDA,2019-08-20,3.0,3.0,3.0,3.0,0
SDA,2019-08-21,3.0,3.0,3.0,3.0,0
SDA,2019-08-22,3.0,3.0,3.0,3.0,0
SDA,2019-08-23,3.1,3.1,3.1,3.1,200
SDA,2019-08-26,3.1,3.1,3.1,3.1,0
SDA,2019-08-27,3.1,3.1,3.1,3.1,0
SDA,2019-08-28,3.1,3.1,3.1,3.1,0
SDA,2019-08-29,3.1,3.1,3.1,3.1,0
SDA,2019-08-30,3.1,3.1,3.1,3.1,0
SDA,2019-09-03,3.1,3.1,3.1,3.1,0
SDA,2019-09-04,3.1,3.1,3.1,3.1,0
SDA,2019-09-05,3.1,3.1,3.1,3.1,0
SDA,2019-09-06,3.1,3.1,3.1,3.1,5
SDA,2019-09-09,3.1,3.1,3.1,3.1,0
SDA,2019-09-10,3.1,3.1,3.1,3.1,0
SDA,2019-09-11,3.1,3.1,3.1,3.1,0
SDA,2019-09-12,3.1,3.1,3.1,3.1,0
SDA,2019-09-13,3.1,3.1,3.1,3.1,0
SDA,2019-09-16,3.1,3.1,3.1,3.1,0
SDA,2019-09-17,3.1,3.1,3.1,3.1,0
SDA,2019-09-18,3.1,3.1,3.1,3.1,0
SDA,2019-09-19,2.8,2.8,2.8,2.8,500
SDA,2019-09-20,3.0,3.0,3.0,3.0,100
SDA,2019-09-23,3.0,3.0,3.0,3.0,0
SDA,2019-09-24,3.0,3.0,3.0,3.0,0
SDA,2019-09-25,3.0,3.0,3.0,3.0,0
SDA,2019-09-26,3.0,3.0,3.0,3.0,0
SDA,2019-09-27,3.0,3.0,3.0,3.0,0
SDA,2019-09-30,2.9,3.0,2.9,3.0,197100
SDA,2019-10-01,3.0,3.0,2.7,2.7,1300
SDA,2019-10-02,2.9,2.9,2.9,2.9,100
SDA,2019-10-03,3.0,3.0,3.0,3.0,100
SDA,2019-10-04,3.0,3.0,3.0,3.0,0
SDA,2019-10-07,3.0,3.0,3.0,3.0,0
SDA,2019-10-08,3.0,3.0,3.0,3.0,0
SDA,2019-10-09,3.0,3.0,3.0,3.0,0
SDA,2019-10-10,2.7,2.7,2.7,2.7,300
SDA,2019-10-11,2.8,2.8,2.8,2.8,100
SDA,2019-10-14,3.0,3.0,3.0,3.0,105
SDA,2019-10-15,3.0,3.0,3.0,3.0,0
SDA,2019-10-16,3.0,3.0,3.0,3.0,0
SDA,2019-10-17,3.0,3.0,3.0,3.0,0
SDA,2019-10-18,3.0,3.0,3.0,3.0,0
SDA,2019-10-21,3.0,3.0,3.0,3.0,0
SDA,2019-10-22,3.0,3.0,3.0,3.0,0
SDA,2019-10-23,3.0,3.0,3.0,3.0,0
SDA,2019-10-24,3.0,3.0,3.0,3.0,0
SDA,2019-10-25,3.0,3.0,3.0,3.0,0
SDA,2019-10-28,2.7,2.8,2.7,2.8,13700
SDA,2019-10-29,3.0,3.0,3.0,3.0,100
SDA,2019-10-30,3.0,3.0,3.0,3.0,0
SDA,2019-10-31,3.0,3.0,3.0,3.0,0
SDA,2019-11-01,3.0,3.0,3.0,3.0,0
SDA,2019-11-04,3.0,3.0,3.0,3.0,0
SDA,2019-11-05,3.0,3.0,3.0,3.0,0
SDA,2019-11-06,3.0,3.0,3.0,3.0,0
SDA,2019-11-07,2.9,2.9,2.7,2.9,1398
SDA,2019-11-08,3.1,3.1,2.9,2.9,24700
SDA,2019-11-11,2.8,2.8,2.7,2.7,2000
SDA,2019-11-12,2.7,2.7,2.7,2.7,0
SDA,2019-11-13,2.7,2.7,2.7,2.7,1000
SDA,2019-11-14,2.5,2.5,2.5,2.5,400
SDA,2019-11-15,2.5,2.5,2.5,2.5,0
SDA,2019-11-18,2.7,2.7,2.3,2.3,183222
SDA,2019-11-19,2.5,2.5,2.1,2.5,997300
SDA,2019-11-20,2.7,2.7,2.7,2.7,100
SDA,2019-11-21,2.9,2.9,2.9,2.9,100
SDA,2019-11-22,2.7,3.1,2.7,3.1,1100
SDA,2019-11-25,2.8,3.4,2.8,3.4,1900
SDA,2019-11-26,3.4,3.4,3.4,3.4,0
SDA,2019-11-27,3.4,3.4,3.4,3.4,0
SDA,2019-11-28,3.4,3.4,3.4,3.4,0
SDA,2019-11-29,3.4,3.4,3.4,3.4,0
SDA,2019-12-02,3.3,3.3,3.3,3.3,100
SDA,2019-12-03,3.3,3.3,3.3,3.3,0
SDA,2019-12-04,3.3,3.3,3.3,3.3,0
SDA,2019-12-05,3.3,3.3,3.3,3.3,0
SDA,2019-12-06,3.3,3.3,3.3,3.3,0
SDA,2019-12-09,3.3,3.3,3.3,3.3,0
SDA,2019-12-10,3.3,3.3,3.3,3.3,0
SDA,2019-12-11,3.3,3.3,3.3,3.3,0
SDA,2019-12-12,3.3,3.3,3.3,3.3,0
SDA,2019-12-13,3.3,3.3,3.3,3.3,0
SDA,2019-12-16,3.3,3.3,3.3,3.3,0
SDA,2019-12-17,3.3,3.3,3.3,3.3,0
SDA,2019-12-18,3.3,3.3,3.3,3.3,0
SDA,2019-12-19,3.3,3.3,3.3,3.3,0
SDA,2019-12-20,3.3,3.3,3.3,3.3,0
SDA,2019-12-23,3.3,3.3,3.3,3.3,0
SDA,2019-12-24,3.3,3.3,3.3,3.3,0
SDA,2019-12-25,3.3,3.3,3.3,3.3,0
SDA,2019-12-26,3.3,3.3,3.3,3.3,0
SDA,2019-12-27,3.3,3.3,3.3,3.3,0
SDA,2019-12-30,3.3,3.3,3.3,3.3,0
SDA,2019-12-31,3.3,3.3,3.3,3.3,0
SDA,2020-01-02,3.3,3.3,3.3,3.3,0
SDA,2020-01-03,3.4,3.4,3.4,3.4,100
SDA,2020-01-06,3.4,3.4,3.4,3.4,0
SDA,2020-01-07,3.7,3.7,3.7,3.7,100
SDA,2020-01-08,3.7,3.7,3.7,3.7,0
SDA,2020-01-09,3.7,3.7,3.7,3.7,0
SDA,2020-01-10,3.7,3.7,3.7,3.7,0
SDA,2020-01-13,3.7,3.7,3.7,3.7,0
SDA,2020-01-14,3.7,3.7,3.7,3.7,0
SDA,2020-01-15,3.7,3.7,3.7,3.7,0
SDA,2020-01-16,3.7,3.7,3.7,3.7,0
SDA,2020-01-17,3.7,3.7,3.7,3.7,0
SDA,2020-01-20,3.7,3.7,3.7,3.7,0
SDA,2020-01-21,3.7,3.7,3.7,3.7,0
SDA,2020-01-22,3.7,3.7,3.7,3.7,100
SDA,2020-01-30,3.8,3.8,3.8,3.8,100
SDA,2020-01-31,3.5,3.5,3.5,3.5,200
SDA,2020-02-03,3.5,3.5,3.5,3.5,0
SDA,2020-02-04,3.5,3.5,3.5,3.5,100
SDA,2020-02-05,3.5,3.5,3.5,3.5,0
SDA,2020-02-06,3.5,3.5,3.5,3.5,0
SDA,2020-02-07,3.5,3.5,3.5,3.5,0
SDA,2020-02-10,3.5,3.5,3.5,3.5,0
SDA,2020-02-11,3.5,3.5,3.5,3.5,0
SDA,2020-02-12,3.5,3.5,3.5,3.5,0
SDA,2020-02-13,3.5,3.5,3.5,3.5,0
SDA,2020-02-14,3.5,3.5,3.5,3.5,100
SDA,2020-02-17,3.5,3.5,3.5,3.5,0
SDA,2020-02-18,3.5,3.5,3.5,3.5,100
SDA,2020-02-19,3.6,3.6,3.6,3.6,100
SDA,2020-02-20,3.6,3.6,3.6,3.6,0
SDA,2020-02-21,3.6,3.6,3.6,3.6,0
SDA,2020-02-24,3.6,3.6,3.6,3.6,0
SDA,2020-02-25,3.6,3.6,3.6,3.6,0
SDA,2020-02-26,3.6,3.6,3.6,3.6,100
SDA,2020-02-27,3.3,3.3,3.3,3.3,200
SDA,2020-02-28,3.0,3.0,3.0,3.0,2000
SDA,2020-03-02,2.7,2.7,2.7,2.7,4400
SDA,2020-03-03,2.5,2.6,2.5,2.6,12100
SDA,2020-03-04,2.4,2.4,2.4,2.4,1500
SDA,2020-03-05,2.2,2.2,2.2,2.2,2200
SDA,2020-03-06,2.2,2.2,2.1,2.2,5153
SDA,2020-03-09,2.1,2.1,2.0,2.0,29800
SDA,2020-03-10,1.8,2.1,1.8,1.9,29601
SDA,2020-03-11,1.9,1.9,1.8,1.8,4560
SDA,2020-03-12,1.7,1.9,1.7,1.9,12000
SDA,2020-03-13,1.8,2.0,1.8,2.0,3230
SDA,2020-03-16,2.0,2.2,2.0,2.2,200
SDA,2020-03-17,2.4,2.4,2.0,2.4,4945
SDA,2020-03-18,2.2,2.4,2.2,2.4,13400
SDA,2020-03-19,2.2,2.4,2.2,2.2,3700
SDA,2020-03-20,2.0,2.1,2.0,2.1,112100
SDA,2020-03-23,2.3,2.3,1.9,1.9,500
SDA,2020-03-24,2.0,2.0,2.0,2.0,100
SDA,2020-03-25,2.1,2.1,2.1,2.1,100
SDA,2020-03-26,1.9,2.3,1.9,2.3,1500
SDA,2020-03-27,2.3,2.3,2.3,2.3,0
SDA,2020-03-30,2.3,2.3,2.3,2.3,30
SDA,2020-03-31,2.3,2.3,2.1,2.1,200
SDA,2020-04-01,2.1,2.1,2.1,2.1,100
SDA,2020-04-03,2.3,2.3,2.3,2.3,200
SDA,2020-04-06,2.1,2.1,2.1,2.1,53700
SDA,2020-04-07,1.9,1.9,1.9,1.9,196300
SDA,2020-04-08,1.9,1.9,1.9,1.9,0
SDA,2020-04-09,1.9,1.9,1.9,1.9,0
SDA,2020-04-10,1.8,1.8,1.8,1.8,12100
SDA,2020-04-13,1.8,1.8,1.8,1.8,0
SDA,2020-04-14,1.8,1.8,1.8,1.8,0
SDA,2020-04-15,1.8,1.8,1.8,1.8,0
SDA,2020-04-16,1.8,1.8,1.8,1.8,0
SDA,2020-04-17,1.7,1.9,1.7,1.7,54000
SDA,2020-04-20,1.7,1.7,1.7,1.7,0
SDA,2020-04-21,1.7,1.7,1.7,1.7,0
SDA,2020-04-22,1.7,1.7,1.7,1.7,0
SDA,2020-04-23,1.7,1.7,1.7,1.7,0
SDA,2020-04-24,1.7,1.8,1.7,1.8,67000
SDA,2020-04-27,1.8,1.8,1.8,1.8,0
SDA,2020-04-28,1.8,1.8,1.8,1.8,0
SDA,2020-04-29,1.8,1.8,1.8,1.8,0
SDA,2020-05-04,1.9,1.9,1.9,1.9,10200
SDA,2020-05-05,2.0,2.0,1.9,2.0,37400
SDA,2020-05-06,2.2,2.2,2.2,2.2,6500
SDA,2020-05-07,2.4,2.4,2.1,2.4,5000
SDA,2020-05-08,2.4,2.6,2.3,2.6,40330
SDA,2020-05-11,2.4,2.5,2.4,2.5,9800
SDA,2020-05-12,2.3,2.5,2.3,2.3,18235
SDA,2020-05-13,2.1,2.4,2.1,2.4,30162
SDA,2020-05-14,2.5,2.5,2.5,2.5,500
SDA,2020-05-15,2.5,2.5,2.5,2.5,900
SDA,2020-05-18,2.5,2.5,2.5,2.5,0
SDA,2020-05-19,2.3,2.3,2.3,2.3,7025
SDA,2020-05-20,2.3,2.3,2.3,2.3,510
SDA,2020-05-21,2.3,2.3,2.3,2.3,84
SDA,2020-05-22,2.1,2.1,2.1,2.1,5200
SDA,2020-05-25,1.9,2.1,1.9,2.1,32535
SDA,2020-05-26,2.0,2.2,1.9,2.2,28259
SDA,2020-05-27,2.2,2.4,2.2,2.4,23517
SDA,2020-05-28,2.4,2.6,2.4,2.6,1000
SDA,2020-05-29,2.6,2.7,2.4,2.7,18001
SDA,2020-06-01,2.8,2.9,2.8,2.8,13537
SDA,2020-06-02,2.8,2.9,2.6,2.9,7104
SDA,2020-06-03,2.7,2.9,2.7,2.9,661
SDA,2020-06-04,2.9,2.9,2.9,2.9,1
SDA,2020-06-05,2.7,3.0,2.7,3.0,8063
SDA,2020-06-08,2.9,2.9,2.9,2.9,986
SDA,2020-06-09,3.0,3.1,2.9,3.1,38600
SDA,2020-06-10,3.3,3.3,3.0,3.0,39600
SDA,2020-06-11,3.0,3.2,2.8,3.0,50300
SDA,2020-06-12,2.8,3.2,2.8,3.2,10200
SDA,2020-06-15,3.2,3.2,3.1,3.2,61249
SDA,2020-06-16,3.2,3.3,3.2,3.3,12100
SDA,2020-06-17,3.1,3.2,3.1,3.2,17100
SDA,2020-06-18,3.1,3.3,3.1,3.3,2100
SDA,2020-06-19,3.3,3.3,3.3,3.3,1200
SDA,2020-06-22,3.2,3.3,3.2,3.3,12800
SDA,2020-06-23,3.1,3.1,3.1,3.1,3500
SDA,2020-06-24,3.0,3.1,3.0,3.1,3600
SDA,2020-06-25,2.9,3.2,2.9,3.2,1600
SDA,2020-06-26,3.0,3.0,3.0,3.0,1200
SDA,2020-06-29,2.8,3.0,2.8,3.0,492
SDA,2020-06-30,3.0,3.0,3.0,3.0,0
SDA,2020-07-01,3.0,3.0,3.0,3.0,13700
SDA,2020-07-02,3.0,3.1,3.0,3.1,5300
SDA,2020-07-03,2.8,3.2,2.8,3.2,38597
SDA,2020-07-06,3.2,3.5,3.2,3.5,9400
SDA,2020-07-07,3.6,3.8,3.6,3.6,21900
SDA,2020-07-08,3.6,3.9,3.6,3.8,28740
SDA,2020-07-09,3.6,3.6,3.6,3.6,4000
SDA,2020-07-10,3.4,3.6,3.4,3.6,4234
SDA,2020-07-13,3.4,3.8,3.4,3.8,2000
SDA,2020-07-14,3.6,3.8,3.6,3.8,200
SDA,2020-07-15,3.8,3.8,3.6,3.8,900
SDA,2020-07-16,3.9,4.0,3.9,4.0,4000
SDA,2020-07-17,3.8,4.0,3.8,4.0,26800
SDA,2020-07-20,4.0,4.0,3.7,4.0,120680
SDA,2020-07-21,3.7,3.9,3.7,3.9,32200
SDA,2020-07-22,3.9,4.0,3.9,4.0,22600
SDA,2020-07-23,3.9,4.0,3.9,4.0,21900
SDA,2020-07-24,3.9,4.0,3.8,4.0,23600
SDA,2020-07-27,3.8,3.9,3.8,3.8,46800
SDA,2020-07-28,4.0,4.0,3.8,4.0,14000
SDA,2020-07-29,4.0,4.0,3.9,4.0,22600
SDA,2020-07-30,4.0,4.0,3.9,4.0,22700
SDA,2020-07-31,3.9,4.3,3.9,4.3,19092
SDA,2020-08-03,4.0,4.3,4.0,4.3,500
SDA,2020-08-04,4.3,4.3,4.0,4.3,14800
SDA,2020-08-05,4.0,4.7,4.0,4.7,34900
SDA,2020-08-06,4.7,4.7,4.7,4.7,200
SDA,2020-08-07,4.3,4.6,4.3,4.6,15500
SDA,2020-08-10,4.6,4.6,4.2,4.5,72800
SDA,2020-08-11,4.5,4.6,4.4,4.6,18200
SDA,2020-08-12,4.6,4.6,4.6,4.6,1309
SDA,2020-08-13,4.6,4.9,4.6,4.9,500
SDA,2020-08-14,4.7,4.8,4.5,4.8,4700
SDA,2020-08-17,4.4,4.7,4.4,4.7,17930
SDA,2020-08-18,4.7,4.7,4.3,4.3,24701
SDA,2020-08-19,4.0,4.5,4.0,4.5,8400
SDA,2020-08-20,4.5,4.5,4.1,4.5,20800
SDA,2020-08-21,4.5,4.7,4.1,4.7,31063
SDA,2020-08-24,4.7,4.7,4.6,4.7,14700
SDA,2020-08-25,4.7,4.8,4.6,4.8,27900
SDA,2020-08-26,4.5,4.9,4.5,4.9,22811
SDA,2020-08-27,4.9,5.1,4.6,5.1,20900
SDA,2020-08-28,5.2,5.4,4.6,5.4,52800
SDA,2020-08-31,5.4,5.6,5.0,5.5,13680
SDA,2020-09-01,5.5,5.9,5.3,5.3,48504
SDA,2020-09-03,5.3,5.3,5.3,5.3,2837
SDA,2020-09-04,5.0,5.2,5.0,5.2,21700
SDA,2020-09-07,5.0,5.7,5.0,5.4,57896
SDA,2020-09-08,5.5,5.9,5.1,5.7,44800
SDA,2020-09-09,5.5,6.2,5.5,5.5,41590
SDA,2020-09-10,5.5,5.5,5.0,5.1,12706
SDA,2020-09-11,4.7,5.3,4.6,5.3,8853
SDA,2020-09-14,5.3,5.3,4.8,5.3,10490
SDA,2020-09-15,4.8,5.2,4.8,5.0,4706
SDA,2020-09-16,4.9,4.9,4.9,4.9,2635
SDA,2020-09-17,4.8,4.9,4.8,4.9,3500
SDA,2020-09-18,4.9,4.9,4.9,4.9,0
SDA,2020-09-21,4.5,4.7,4.5,4.7,1500
SDA,2020-09-22,4.8,4.8,4.8,4.8,100
SDA,2020-09-23,4.7,4.7,4.7,4.7,328
SDA,2020-09-24,4.6,4.6,4.6,4.6,200
SDA,2020-09-25,4.3,4.9,4.3,4.9,5960
SDA,2020-09-28,4.8,5.0,4.8,5.0,1400
SDA,2020-09-29,4.7,4.8,4.7,4.8,2000
SDA,2020-09-30,4.5,5.0,4.5,5.0,7500
SDA,2020-10-01,4.5,5.0,4.5,5.0,6249
SDA,2020-10-02,4.6,4.8,4.5,4.8,1200
SDA,2020-10-05,4.8,4.8,4.8,4.8,0
SDA,2020-10-06,4.6,4.9,4.6,4.9,3500
SDA,2020-10-07,4.7,4.8,4.7,4.8,1500
SDA,2020-10-08,4.7,4.8,4.7,4.8,300
SDA,2020-10-09,4.7,5.2,4.7,5.2,5800
SDA,2020-10-12,5.0,5.0,5.0,5.0,1200
SDA,2020-10-13,5.0,5.0,5.0,5.0,0
SDA,2020-10-14,4.5,4.7,4.5,4.7,2200
SDA,2020-10-15,4.3,4.6,4.3,4.6,2300
SDA,2020-10-16,4.6,4.6,4.6,4.6,0
SDA,2020-10-19,4.4,4.5,4.2,4.5,23800
SDA,2020-10-20,4.2,4.7,4.1,4.7,20000
SDA,2020-10-21,4.3,4.9,4.3,4.8,16900
SDA,2020-10-22,4.7,4.8,4.5,4.8,19700
SDA,2020-10-23,4.5,5.2,4.5,5.0,21000
SDA,2020-10-26,4.6,4.6,4.5,4.6,39900
SDA,2020-10-27,4.7,4.7,4.7,4.7,200
SDA,2020-10-28,4.5,4.7,4.5,4.5,1300
SDA,2020-10-29,4.5,4.8,4.5,4.8,4900
SDA,2020-10-30,4.8,4.8,4.8,4.8,0
SDA,2020-11-02,4.8,4.8,4.8,4.8,0
SDA,2020-11-03,4.5,4.8,4.5,4.8,4400
SDA,2020-11-04,4.4,5.2,4.4,5.2,45100
SDA,2020-11-05,4.7,4.9,4.7,4.8,15600
SDA,2020-11-06,4.5,4.5,4.5,4.5,4000
SDA,2020-11-09,4.5,4.7,4.5,4.7,1000
SDA,2020-11-10,4.7,4.7,4.6,4.6,800
SDA,2020-11-11,4.3,4.5,4.3,4.5,5000
SDA,2020-11-12,4.3,4.7,4.2,4.7,3300
SDA,2020-11-13,4.6,4.6,4.3,4.6,400
SDA,2020-11-16,4.7,4.7,4.2,4.5,3700
SDA,2020-11-17,4.5,4.5,4.5,4.5,1200
SDA,2020-11-18,4.5,4.5,4.5,4.5,700
SDA,2020-11-19,4.5,4.5,4.2,4.4,300
SDA,2020-11-20,4.4,4.4,4.0,4.0,1000
SDA,2020-11-23,4.3,4.4,4.3,4.4,1100
SDA,2020-11-24,4.4,4.6,4.4,4.6,2000
SDA,2020-11-25,4.2,4.4,4.2,4.3,600
SDA,2020-11-26,4.0,4.5,4.0,4.5,500
SDA,2020-11-27,4.5,4.5,4.5,4.5,500
SDA,2020-11-30,4.5,4.5,4.5,4.5,0
SDA,2020-12-01,4.4,4.8,4.4,4.8,3400
SDA,2020-12-02,4.4,4.5,4.4,4.5,200
SDA,2020-12-03,4.5,4.5,4.5,4.5,0
SDA,2020-12-04,4.4,4.4,4.4,4.4,100
SDA,2020-12-07,4.4,4.4,4.0,4.4,7100
SDA,2020-12-08,4.0,4.3,4.0,4.3,9300
SDA,2020-12-09,3.9,4.3,3.9,4.3,1300
SDA,2020-12-10,4.4,4.4,4.4,4.4,100
SDA,2020-12-11,4.4,4.4,4.4,4.4,0
SDA,2020-12-14,4.4,4.4,4.4,4.4,0
SDA,2020-12-15,4.4,4.4,4.4,4.4,0
SDA,2020-12-16,4.4,4.4,4.4,4.4,72
SDA,2020-12-17,4.4,4.4,4.4,4.4,0
SDA,2020-12-18,4.1,4.3,4.1,4.3,310
SDA,2020-12-21,4.3,4.3,4.3,4.3,0
SDA,2020-12-22,4.3,4.3,4.3,4.3,65
SDA,2020-12-23,4.0,4.0,3.9,4.0,3000
SDA,2020-12-24,3.6,4.0,3.6,4.0,453
SDA,2020-12-25,4.0,4.4,4.0,4.4,6813
SDA,2020-12-28,4.4,4.8,4.4,4.8,37472
SDA,2020-12-29,4.8,5.0,4.6,5.0,24920
SDA,2020-12-30,5.0,5.0,4.9,5.0,7500
SDA,2020-12-31,4.5,5.0,4.5,5.0,21235
SDA,2021-01-04,4.5,4.8,4.5,4.8,380
SDA,2021-01-05,4.4,4.8,4.4,4.6,10278
SDA,2021-01-06,4.6,5.0,4.6,5.0,53313
SDA,2021-01-07,4.6,5.0,4.5,5.0,32760
SDA,2021-01-08,4.6,5.0,4.5,5.0,29338
SDA,2021-01-11,4.6,4.9,4.5,4.9,20284
SDA,2021-01-12,4.7,4.8,4.5,4.8,5152
SDA,2021-01-13,4.7,5.1,4.7,5.0,35700
SDA,2021-01-14,4.9,5.0,4.5,5.0,10837
SDA,2021-01-15,4.8,4.8,4.6,4.6,13025
SDA,2021-01-18,4.5,5.0,4.4,5.0,41610
SDA,2021-01-19,5.0,5.0,4.5,4.9,30100
SDA,2021-01-20,4.6,4.9,4.5,4.9,20200
SDA,2021-01-21,4.5,4.9,4.5,4.8,42550
SDA,2021-01-22,4.8,5.0,4.8,5.0,40800
SDA,2021-01-25,4.6,4.9,4.6,4.9,2100
SDA,2021-01-26,4.9,5.0,4.9,5.0,31866
SDA,2021-01-27,4.7,4.9,4.7,4.8,486599
SDA,2021-01-28,4.4,4.4,4.4,4.4,6000
SDA,2021-01-29,4.1,4.8,4.1,4.8,217690
SDA,2021-02-01,5.0,5.0,5.0,5.0,9000
SDA,2021-02-02,5.0,5.0,5.0,5.0,10
SDA,2021-02-03,4.5,4.8,4.5,4.6,22210
SDA,2021-02-04,4.3,4.4,4.3,4.4,209500
SDA,2021-02-05,4.1,4.3,4.1,4.3,84814
SDA,2021-02-08,4.6,4.6,4.6,4.6,100
SDA,2021-02-09,4.6,4.6,4.6,4.6,55
SDA,2021-02-17,4.6,4.6,4.6,4.7,300
SDA,2021-02-18,4.7,4.7,4.7,4.7,0
SDA,2021-02-19,4.7,4.7,4.7,4.7,0
SDA,2021-02-22,4.7,4.7,4.7,4.7,0
SDA,2021-02-23,4.7,4.7,4.7,4.7,0
SDA,2021-02-24,4.7,4.7,4.7,4.7,76
SDA,2021-02-25,4.7,4.7,4.7,4.7,60
SDA,2021-02-26,4.3,4.6,4.3,4.6,600
SDA,2021-03-01,4.6,4.6,4.6,4.6,98
SDA,2021-03-02,4.5,4.5,4.5,4.5,348
SDA,2021-03-03,4.5,4.5,4.5,4.5,100
SDA,2021-03-04,4.2,4.2,4.2,4.2,6374
SDA,2021-03-05,3.9,4.2,3.8,4.2,7200
SDA,2021-03-08,4.2,4.4,4.2,4.4,5420
SDA,2021-03-09,4.4,4.4,4.4,4.4,1194
SDA,2021-03-10,4.2,4.2,4.1,4.2,8900
SDA,2021-03-11,4.3,4.3,3.8,4.2,21573
SDA,2021-03-12,4.2,4.2,3.9,3.9,24600
SDA,2021-03-15,3.9,4.0,3.9,4.0,18960
SDA,2021-03-16,4.0,4.4,3.9,4.4,43410
SDA,2021-03-17,4.4,4.4,4.1,4.3,7300
SDA,2021-03-18,4.3,4.3,4.0,4.2,3400
SDA,2021-03-19,4.1,4.2,3.9,4.2,9900
SDA,2021-03-22,4.1,4.2,4.0,4.2,6726
SDA,2021-03-23,4.2,4.3,3.9,4.2,43300
SDA,2021-03-24,4.0,4.1,4.0,4.0,14732
SDA,2021-03-25,4.0,4.1,4.0,4.1,15800
SDA,2021-03-26,4.0,4.0,3.9,4.0,16600
SDA,2021-03-29,4.0,4.2,4.0,4.1,4500
SDA,2021-03-30,4.0,4.2,4.0,4.2,21350
SDA,2021-03-31,4.0,4.2,4.0,4.1,5788
SDA,2021-04-01,4.0,4.1,4.0,4.1,20940
SDA,2021-04-02,4.1,4.2,4.0,4.2,36064
SDA,2021-04-05,4.1,4.3,4.0,4.3,32012
SDA,2021-04-06,4.3,4.7,4.3,4.5,75253
SDA,2021-04-07,4.5,4.9,4.4,4.9,75105
SDA,2021-04-08,4.9,5.1,4.8,5.0,44810
SDA,2021-04-09,4.9,5.1,4.5,4.7,17520
SDA,2021-04-12,4.8,5.1,4.8,5.1,95734
SDA,2021-04-13,5.4,5.4,4.9,5.0,95734
SDA,2021-04-14,5.0,5.0,4.6,4.9,10220
SDA,2021-04-15,4.9,4.9,4.7,4.7,61000
SDA,2021-04-16,4.7,4.7,4.4,4.5,33530
SDA,2021-04-19,4.2,4.5,4.1,4.5,42928
SDA,2021-04-20,4.4,4.5,4.1,4.2,300558
SDA,2021-04-22,4.4,4.4,3.9,4.0,20518
SDA,2021-04-23,4.2,4.2,4.0,4.0,38000
SDA,2021-04-26,4.0,4.1,3.8,3.9,65612
SDA,2021-04-27,3.9,3.9,3.6,3.6,62756
SDA,2021-04-28,3.7,3.9,3.6,3.8,111700
SDA,2021-04-29,4.0,4.0,3.7,3.8,15171
SDA,2021-05-04,3.7,3.7,3.5,3.6,60110
SDA,2021-05-05,3.4,3.6,3.3,3.6,468300
SDA,2021-05-06,3.4,3.6,3.4,3.5,4991
SDA,2021-05-07,3.4,3.4,3.3,3.4,13000
SDA,2021-05-10,3.3,3.3,3.1,3.3,70908
SDA,2021-05-11,3.3,3.4,3.2,3.4,46724
SDA,2021-05-12,3.4,3.5,3.3,3.5,25300
SDA,2021-05-13,3.3,3.5,3.3,3.5,22090
SDA,2021-05-14,3.5,3.6,3.4,3.5,11808
SDA,2021-05-17,3.5,3.5,3.3,3.5,27421
SDA,2021-05-18,3.4,3.5,3.4,3.5,68609
SDA,2021-05-19,3.6,3.6,3.4,3.5,16064
SDA,2021-05-20,3.5,3.6,3.3,3.5,12120
SDA,2021-05-21,3.5,3.5,3.3,3.4,19400
SDA,2021-05-24,3.5,3.5,3.3,3.4,30100
SDA,2021-05-25,3.4,3.5,3.4,3.5,40000
SDA,2021-05-26,3.5,3.6,3.5,3.6,70819
SDA,2021-05-27,3.6,3.6,3.4,3.4,59668
SDA,2021-05-28,3.4,3.5,3.4,3.5,36804
SDA,2021-05-31,3.4,3.5,3.4,3.5,31004
SDA,2021-06-01,3.4,3.4,3.3,3.4,35360
SDA,2021-06-02,3.4,3.5,3.4,3.4,15209
SDA,2021-06-03,3.4,3.7,3.4,3.6,98363
SDA,2021-06-04,3.6,3.7,3.5,3.5,88954
SDA,2021-06-07,3.6,3.7,3.6,3.7,64821
SDA,2021-06-08,3.7,4.0,3.7,4.0,96328
SDA,2021-06-09,4.3,4.4,4.1,4.2,116810
SDA,2021-06-10,4.2,4.3,3.9,3.9,45478
SDA,2021-06-11,4.0,4.0,3.8,4.0,50300
SDA,2021-06-14,3.8,3.9,3.7,3.8,81791
SDA,2021-06-15,3.8,3.9,3.8,3.8,21800
SDA,2021-06-16,3.7,4.0,3.7,4.0,38204
SDA,2021-06-17,4.0,4.0,3.9,3.9,40000
SDA,2021-06-18,4.0,4.1,4.0,4.1,116000
SDA,2021-06-21,4.1,4.5,4.1,4.5,104306
SDA,2021-06-22,4.5,4.8,4.5,4.6,102130
SDA,2021-06-23,4.6,4.8,4.5,4.8,76100
SDA,2021-06-24,4.8,4.9,4.6,4.7,46000
SDA,2021-06-25,4.6,4.8,4.6,4.8,36856
SDA,2021-06-28,4.7,4.9,4.7,4.8,36900
SDA,2021-06-29,4.8,4.9,4.8,4.9,51400
SDA,2021-06-30,4.9,4.9,4.8,4.9,88644
SDA,2021-07-01,4.9,5.0,4.8,4.9,59300
SDA,2021-07-02,4.8,4.8,4.7,4.7,19900
SDA,2021-07-05,4.8,4.8,4.6,4.7,20682
SDA,2021-07-06,4.7,4.7,4.6,4.6,20100
SDA,2021-07-07,4.5,4.5,4.3,4.4,45200
SDA,2021-07-08,4.4,4.4,4.4,4.4,13500
SDA,2021-07-09,4.3,4.4,4.3,4.4,6910
SDA,2021-07-12,4.7,4.7,4.2,4.6,28969
SDA,2021-07-13,4.4,4.6,4.4,4.6,6112
SDA,2021-07-14,4.6,4.6,4.6,4.6,800
SDA,2021-07-15,4.6,4.6,4.6,4.6,200
SDA,2021-07-16,4.6,4.8,4.3,4.8,6900
SDA,2021-07-19,4.8,4.8,4.8,4.8,0
SDA,2021-07-20,4.8,4.8,4.8,4.8,0
SDA,2021-07-21,4.8,4.8,4.8,4.8,0
SDA,2021-07-22,4.4,4.7,4.4,4.7,500
SDA,2021-07-23,4.7,4.7,4.7,4.7,0
SDA,2021-07-26,4.5,4.7,4.3,4.5,3000
SDA,2021-07-27,4.2,4.5,4.2,4.5,300
SDA,2021-07-28,4.5,4.5,4.5,4.5,1000
SDA,2021-07-29,4.5,4.5,4.5,4.5,10
SDA,2021-07-30,4.5,4.5,4.2,4.5,5010
SDA,2021-08-02,4.4,4.8,4.4,4.8,17847
SDA,2021-08-03,4.6,4.6,4.5,4.6,14100
SDA,2021-08-04,4.6,4.6,4.5,4.5,8500
SDA,2021-08-05,4.5,4.6,4.5,4.6,1200
SDA,2021-08-06,4.6,4.6,4.5,4.6,16720
SDA,2021-08-09,4.6,4.7,4.4,4.6,6600
SDA,2021-08-10,4.6,4.6,4.3,4.3,3510
SDA,2021-08-11,4.4,4.6,4.3,4.6,3748
SDA,2021-08-12,4.4,4.6,4.3,4.6,5300
SDA,2021-08-13,4.4,4.6,4.3,4.5,22300
SDA,2021-08-16,4.5,4.7,4.3,4.5,13100
SDA,2021-08-17,4.3,4.5,4.3,4.5,300
SDA,2021-08-18,4.5,4.6,4.5,4.5,6100
SDA,2021-08-19,4.3,4.5,4.3,4.5,8700
SDA,2021-08-20,4.3,4.4,4.3,4.4,5700
SDA,2021-08-23,4.5,4.5,4.2,4.5,4134
SDA,2021-08-24,4.2,4.5,4.2,4.5,5300
SDA,2021-08-25,4.4,4.4,4.3,4.4,10300
SDA,2021-08-26,4.3,4.3,4.3,4.3,11305
SDA,2021-08-27,4.4,4.4,4.4,4.4,700
SDA,2021-08-30,4.4,4.5,4.4,4.4,7741
SDA,2021-08-31,4.4,4.5,4.4,4.5,23200
SDA,2021-09-01,4.7,4.8,4.6,4.6,29124
SDA,2021-09-06,4.6,5.0,4.6,5.0,69215
SDA,2021-09-07,5.2,5.2,5.0,5.2,36096
SDA,2021-09-08,5.4,5.4,5.0,5.0,19794
SDA,2021-09-09,5.2,5.5,5.0,5.1,79120
SDA,2021-09-10,5.1,5.5,5.0,5.0,22061
SDA,2021-09-13,5.1,5.5,5.1,5.5,40918
SDA,2021-09-14,5.6,6.0,5.5,6.0,80303
SDA,2021-09-15,6.1,6.6,6.0,6.5,25004
SDA,2021-09-16,6.4,7.1,6.4,7.1,67366
SDA,2021-09-17,7.8,7.8,7.1,7.6,23048
SDA,2021-09-20,7.2,7.8,6.9,7.6,103300
SDA,2021-09-21,7.5,7.6,7.0,7.6,55450
SDA,2021-09-22,7.6,8.3,7.6,8.3,90530
SDA,2021-09-23,8.9,9.1,8.4,8.7,169827
SDA,2021-09-24,8.7,9.4,8.6,9.4,106044
SDA,2021-09-27,9.4,10.3,9.2,9.2,205467
SDA,2021-09-28,9.1,10.1,9.1,10.1,110413
SDA,2021-09-29,10.2,11.1,9.2,11.1,113541
SDA,2021-09-30,11.3,12.2,11.3,12.2,51267
SDA,2021-10-01,13.0,13.4,13.0,13.4,73763
SDA,2021-10-04,14.7,14.7,13.8,14.7,104540
SDA,2021-10-05,16.0,16.1,14.7,16.1,387168
SDA,2021-10-06,16.3,17.7,16.3,17.7,327118
SDA,2021-10-07,18.3,19.4,16.0,16.2,469336
SDA,2021-10-08,15.9,17.7,15.9,16.6,258929
SDA,2021-10-11,16.6,17.9,16.4,16.9,231424
SDA,2021-10-12,17.0,17.1,16.1,16.9,244444
SDA,2021-10-13,16.2,17.3,16.2,17.0,282105
SDA,2021-10-14,16.5,18.6,16.5,17.4,203319
SDA,2021-10-15,17.4,18.8,17.1,18.8,238119
SDA,2021-10-18,18.6,19.7,18.6,19.5,162144
SDA,2021-10-19,20.0,21.4,19.6,21.4,444074
SDA,2021-10-20,22.0,23.5,21.9,23.5,258735
SDA,2021-10-21,23.8,23.8,21.4,23.1,115240
SDA,2021-10-22,22.5,22.9,21.8,21.8,377752
SDA,2021-10-25,21.9,23.8,21.8,22.8,229646
SDA,2021-10-26,22.8,25.0,22.8,25.0,424167
SDA,2021-10-27,27.0,27.5,27.0,27.5,273569
SDA,2021-10-28,30.2,30.2,30.0,30.2,133032
SDA,2021-10-29,33.2,33.2,29.0,30.0,891974
SDA,2021-11-01,30.0,33.0,29.3,32.0,358910
SDA,2021-11-02,32.0,33.1,31.6,32.7,289210
SDA,2021-11-03,33.5,34.0,32.5,33.3,387094
SDA,2021-11-04,33.3,36.6,31.8,36.6,287373
SDA,2021-11-05,37.0,40.2,36.8,40.2,380696
SDA,2021-11-08,44.2,44.2,40.2,44.2,169680
SDA,2021-11-09,48.3,48.6,46.7,48.6,417784
SDA,2021-11-10,53.0,53.4,53.0,53.4,107717
SDA,2021-11-11,58.7,58.7,58.7,58.7,113117
SDA,2021-11-12,64.5,64.5,52.9,64.5,548125
SDA,2021-11-15,64.5,70.9,64.5,68.2,359629
SDA,2021-11-16,75.0,75.0,67.0,68.2,182636
SDA,2021-11-17,65.3,70.0,65.0,66.5,238893
SDA,2021-11-18,66.3,73.1,66.0,73.1,434586
SDA,2021-11-19,80.0,80.0,71.0,71.5,226869
SDA,2021-11-22,72.0,73.0,64.4,65.0,206750
SDA,2021-11-23,65.0,65.0,58.5,61.0,199344
SDA,2021-11-24,59.6,64.8,59.6,63.0,189166
SDA,2021-11-25,63.0,69.3,63.0,69.3,156612
SDA,2021-11-26,76.2,76.2,70.0,75.4,224851
SDA,2021-11-29,76.0,80.0,68.4,75.0,257832
SDA,2021-11-30,75.0,75.0,67.5,67.5,368230
SDA,2021-12-01,67.5,67.5,60.8,60.8,153989
SDA,2021-12-02,54.8,56.5,54.8,54.8,271765
SDA,2021-12-03,49.4,60.2,49.4,52.0,573225
SDA,2021-12-06,46.9,55.0,46.8,46.8,196670
SDA,2021-12-07,46.8,49.0,42.2,42.2,176866
SDA,2021-12-08,39.2,39.2,38.0,38.0,122365
SDA,2021-12-09,34.2,34.2,34.2,34.2,6255
SDA,2021-12-10,30.8,36.6,30.8,31.2,644007
SDA,2021-12-13,31.2,34.3,28.1,34.3,317399
SDA,2021-12-14,36.0,37.7,36.0,37.7,104983
SDA,2021-12-15,40.0,41.4,37.0,41.3,436385
SDA,2021-12-16,41.3,42.0,39.4,41.3,185758
SDA,2021-12-17,40.0,43.8,39.0,39.1,262367
SDA,2021-12-20,39.1,39.1,35.2,37.5,223234
SDA,2021-12-21,36.0,37.5,33.8,33.8,258414
SDA,2021-12-22,33.8,33.8,31.0,31.0,354158
SDA,2021-12-23,31.2,34.1,31.2,34.1,171124
SDA,2021-12-24,34.1,36.1,32.5,34.0,31583
SDA,2021-12-27,33.9,33.9,31.1,32.0,62616
SDA,2021-12-28,32.0,34.2,29.1,32.0,136783
SDA,2021-12-29,30.0,31.3,28.8,28.9,526646
SDA,2021-12-30,28.9,30.5,27.0,29.7,189231
SDA,2021-12-31,29.7,31.9,27.3,28.0,167103
SDA,2022-01-04,28.0,29.0,27.3,28.0,59165
SDA,2022-01-05,28.0,28.0,27.0,27.3,147125
SDA,2022-01-06,27.8,27.8,26.0,26.3,165588
SDA,2022-01-07,25.4,27.0,25.1,25.5,168322
SDA,2022-01-10,26.0,26.0,23.0,23.1,350553
SDA,2022-01-11,20.9,22.4,20.8,20.8,246337
SDA,2022-01-12,19.6,19.6,18.8,18.8,195893
SDA,2022-01-13,19.0,20.6,17.2,20.6,70469
SDA,2022-01-14,22.0,22.6,22.0,22.6,14889
SDA,2022-01-17,24.0,24.8,24.0,24.8,25603
SDA,2022-01-18,27.2,27.2,23.5,24.8,331766
SDA,2022-01-19,24.0,24.7,22.4,22.4,36131
SDA,2022-01-20,21.4,24.6,20.7,23.4,65084
SDA,2022-01-21,23.4,23.5,22.0,22.2,44365
SDA,2022-01-24,20.9,21.2,20.0,20.3,102126
SDA,2022-01-25,19.1,20.3,18.4,20.2,45100
SDA,2022-01-26,19.2,21.0,19.1,20.6,38200
SDA,2022-01-27,20.6,21.0,19.5,20.4,45200
SDA,2022-01-28,20.0,21.8,20.0,21.5,50500
SDA,2022-02-07,22.4,23.6,22.4,23.6,57222
SDA,2022-02-08,23.7,23.9,22.0,23.0,92433
SDA,2022-02-09,22.2,24.1,22.2,23.0,18127
SDA,2022-02-10,23.0,23.6,23.0,23.5,68118
SDA,2022-02-11,24.4,24.4,22.5,22.9,51612
SDA,2022-02-14,22.9,23.1,21.7,22.8,37240
SDA,2022-02-15,21.6,22.7,21.3,21.8,38800
SDA,2022-02-16,22.3,22.5,21.6,22.5,25890
SDA,2022-02-17,22.4,22.7,21.8,22.5,45140
SDA,2022-02-18,22.5,22.7,21.8,22.7,29436
SDA,2022-02-21,22.7,24.9,22.6,24.9,238550
SDA,2022-02-22,26.2,27.3,25.5,27.3,432712
SDA,2022-02-23,28.9,29.0,27.4,27.6,194844
SDA,2022-02-24,26.5,26.8,24.9,24.9,225400
SDA,2022-02-25,24.9,25.0,23.5,24.7,147051
SDA,2022-02-28,24.7,24.7,23.6,23.7,95704
SDA,2022-03-01,23.8,24.8,23.2,24.4,146392
SDA,2022-03-02,23.4,24.4,23.3,23.3,70122
SDA,2022-03-03,23.4,24.4,23.3,23.6,185255
SDA,2022-03-04,23.7,25.9,23.6,25.9,312100
SDA,2022-03-07,26.0,28.4,26.0,28.4,725163
SDA,2022-03-08,28.4,31.2,28.4,31.1,750164
SDA,2022-03-09,31.1,32.1,28.0,31.6,652649
SDA,2022-03-10,31.3,34.7,31.3,34.7,687381
SDA,2022-03-11,34.8,38.0,34.8,36.0,610762
SDA,2022-03-14,35.5,36.0,33.5,34.6,461675
SDA,2022-03-15,34.5,37.2,31.3,37.0,568675
SDA,2022-03-16,37.0,40.0,37.0,38.4,222869
SDA,2022-03-17,38.4,40.0,36.8,37.0,298017
SDA,2022-03-18,36.5,37.4,35.0,36.5,336000
SDA,2022-03-21,36.6,38.0,36.0,36.6,254028
SDA,2022-03-22,37.0,37.0,35.7,36.2,243333
SDA,2022-03-23,36.0,37.0,35.4,35.9,245528
SDA,2022-03-24,35.9,36.8,34.5,35.9,252870
SDA,2022-03-25,36.5,39.4,36.5,39.4,803254
SDA,2022-03-28,43.3,43.3,40.4,42.2,679751
SDA,2022-03-29,42.3,44.0,42.0,42.3,314468
SDA,2022-03-30,42.2,42.2,38.3,38.3,784773
SDA,2022-03-31,38.3,40.0,37.6,38.2,508301
SDA,2022-04-01,38.2,39.8,36.5,38.9,590306
SDA,2022-04-04,39.0,39.6,38.4,38.5,181727
SDA,2022-04-05,37.6,38.1,37.1,37.2,312426
SDA,2022-04-06,37.0,37.1,35.1,36.4,403417
SDA,2022-04-07,36.4,36.4,32.8,33.7,334918
SDA,2022-04-08,33.3,37.0,31.0,34.8,349100
SDA,2022-04-12,34.8,34.9,32.5,32.5,106287
SDA,2022-04-13,32.5,33.8,30.0,33.6,255730
SDA,2022-04-14,34.5,36.9,32.9,33.1,124300
SDA,2022-04-15,33.1,33.1,31.0,31.3,120400
SDA,2022-04-18,31.3,31.3,28.2,28.2,282700
SDA,2022-04-19,26.0,28.2,25.4,25.4,385503
SDA,2022-04-20,24.0,24.2,22.9,22.9,231703
SDA,2022-04-21,20.7,21.0,20.7,20.7,107910
SDA,2022-04-22,18.7,21.5,18.7,18.7,547203
SDA,2022-04-25,18.7,19.9,17.1,18.6,337302
SDA,2022-04-26,18.7,20.4,18.0,20.4,209901
SDA,2022-04-27,20.5,22.4,20.5,22.4,158600
SDA,2022-04-28,22.5,24.6,22.5,24.0,314101
SDA,2022-04-29,24.0,24.1,21.7,23.2,388500
SDA,2022-05-04,23.2,25.5,22.0,25.3,213100
SDA,2022-05-05,25.4,26.7,24.5,25.5,154900
SDA,2022-05-06,25.5,25.5,23.0,23.1,164700
SDA,2022-05-09,22.0,22.8,20.8,20.8,234100
SDA,2022-05-10,20.7,22.8,19.1,22.8,210900
SDA,2022-05-11,22.9,24.5,22.9,23.5,151300
SDA,2022-05-12,23.5,23.5,21.2,21.2,125800
SDA,2022-05-13,21.1,21.2,19.2,19.3,239300
SDA,2022-05-16,19.3,21.2,19.0,21.1,172000
SDA,2022-05-17,21.2,23.0,20.8,23.0,140828
SDA,2022-05-18,23.1,24.4,22.6,22.6,169800
SDA,2022-05-19,22.0,22.6,20.6,21.9,128900
SDA,2022-05-20,22.1,23.0,21.6,22.0,135500
SDA,2022-05-23,22.0,22.3,20.5,21.3,138200
SDA,2022-05-24,21.1,21.6,20.0,21.3,114700
SDA,2022-05-25,21.4,22.8,21.4,22.2,149320
SDA,2022-05-26,22.3,22.7,22.0,22.2,162500
SDA,2022-05-27,22.5,22.9,22.2,22.4,201500
SDA,2022-05-30,22.5,22.9,22.0,22.8,209800
SDA,2022-05-31,22.8,25.0,22.6,23.9,464535
SDA,2022-06-01,23.8,24.1,22.6,22.9,187700
SDA,2022-06-02,22.7,22.7,21.6,21.8,167721
SDA,2022-06-03,21.5,22.4,20.8,21.7,243680
SDA,2022-06-06,22.0,22.0,20.6,20.6,181500
SDA,2022-06-07,20.6,21.4,19.6,21.0,206221
SDA,2022-06-08,21.0,21.8,20.8,21.3,127400
SDA,2022-06-09,21.3,21.4,21.0,21.0,87000
SDA,2022-06-10,21.0,21.0,19.8,19.8,204476
SDA,2022-06-13,19.0,19.1,17.9,17.9,248503
SDA,2022-06-14,16.9,19.0,16.6,17.5,171200
SDA,2022-06-15,17.5,17.9,15.8,15.8,183900
SDA,2022-06-16,16.9,17.0,14.3,14.3,190800
SDA,2022-06-17,14.0,14.0,12.9,12.9,306800
SDA,2022-06-20,13.3,13.3,11.7,11.7,201300
SDA,2022-06-21,10.6,11.6,10.6,10.6,269300
SDA,2022-06-22,10.6,11.4,10.2,11.0,134000
SDA,2022-06-23,11.0,11.8,11.0,11.5,110100
SDA,2022-06-24,11.9,12.6,11.5,12.5,280812
SDA,2022-06-27,12.8,13.7,12.1,13.7,244800
SDA,2022-06-28,14.0,15.0,14.0,15.0,96600
SDA,2022-06-29,16.0,16.0,13.5,14.3,183800
SDA,2022-06-30,14.4,15.3,13.7,13.7,114811
SDA,2022-07-01,13.5,14.2,12.5,13.5,141701
SDA,2022-07-04,13.7,13.9,13.1,13.6,95200
SDA,2022-07-05,14.0,14.0,12.6,12.8,110300
SDA,2022-07-06,12.5,12.9,12.1,12.2,106200
SDA,2022-07-07,12.2,12.5,12.0,12.2,55800
SDA,2022-07-08,12.6,13.4,12.5,13.1,128501
SDA,2022-07-11,13.8,13.8,12.5,13.0,158400
SDA,2022-07-12,13.0,13.9,12.8,13.9,124800
SDA,2022-07-13,14.1,14.5,13.6,14.0,124015
SDA,2022-07-14,13.5,13.9,13.5,13.9,112300
SDA,2022-07-15,13.9,15.2,13.9,15.2,321232
SDA,2022-07-18,16.7,16.7,15.2,15.3,237868
SDA,2022-07-19,15.3,16.4,14.5,15.7,254678
SDA,2022-07-20,15.7,16.3,15.7,15.8,307700
SDA,2022-07-21,16.0,16.0,15.1,15.4,146200
SDA,2022-07-22,15.2,15.5,14.9,15.0,127830
SDA,2022-07-25,15.0,15.0,14.5,14.7,95500
SDA,2022-07-26,14.7,14.7,14.3,14.3,117700
SDA,2022-07-27,14.0,14.5,13.9,14.5,94800
SDA,2022-07-28,14.6,15.8,14.6,15.5,328400
SDA,2022-07-29,15.5,15.6,15.0,15.0,100000
SDA,2022-08-01,15.1,15.3,14.8,15.2,158379
SDA,2022-08-02,15.2,15.9,15.2,15.8,351700
SDA,2022-08-03,15.8,16.5,15.6,16.0,314900
SDA,2022-08-04,16.0,16.4,15.8,16.2,253310
SDA,2022-08-05,16.0,16.2,15.6,16.1,185200
SDA,2022-08-08,16.2,16.6,16.0,16.2,381000
SDA,2022-08-09,16.3,17.2,16.3,16.5,466300
SDA,2022-08-10,16.6,17.0,16.3,16.6,622186
SDA,2022-08-11,16.8,17.7,16.7,16.9,929071
SDA,2022-08-12,16.7,17.0,16.4,16.8,273000
SDA,2022-08-15,16.9,17.0,16.3,16.4,373000
SDA,2022-08-16,16.4,16.4,16.0,16.2,347800
SDA,2022-08-17,16.1,16.3,15.5,15.7,322550
SDA,2022-08-18,15.7,15.7,15.0,15.1,449270
SDA,2022-08-19,15.1,15.5,14.9,15.0,251600
SDA,2022-08-22,15.0,15.0,14.1,14.4,314900
SDA,2022-08-23,14.1,15.4,13.8,15.1,294800
SDA,2022-08-24,15.5,15.5,14.8,15.0,151800
SDA,2022-08-25,15.1,15.1,14.5,14.7,312100
SDA,2022-08-26,14.8,14.8,14.3,14.3,191300
SDA,2022-08-29,13.8,14.3,13.7,14.2,403800
SDA,2022-08-30,14.3,15.3,14.2,14.5,201100
SDA,2022-08-31,14.2,14.6,14.2,14.6,73700
SDA,2022-09-05,14.8,14.8,14.2,14.5,110310
SDA,2022-09-06,14.5,14.6,14.0,14.0,144700
SDA,2022-09-07,14.0,14.0,13.1,13.1,398400
SDA,2022-09-08,13.7,13.7,12.7,13.0,171963
SDA,2022-09-09,13.0,13.3,12.4,13.0,264600
SDA,2022-09-12,13.1,13.3,12.9,13.0,64126
SDA,2022-09-13,12.5,13.1,12.5,12.8,76738
SDA,2022-09-14,12.6,13.4,12.5,12.9,89938
SDA,2022-09-15,13.0,13.2,12.8,13.0,51506
SDA,2022-09-16,12.8,12.8,12.4,12.4,118965
SDA,2022-09-19,12.4,12.4,11.2,11.5,191000
SDA,2022-09-20,11.4,11.7,11.1,11.6,76700
SDA,2022-09-21,11.1,11.7,11.1,11.7,59100
SDA,2022-09-22,11.5,12.8,11.4,12.2,268925
SDA,2022-09-23,12.4,12.5,12.1,12.1,68900
SDA,2022-09-26,12.0,12.0,11.0,11.1,167400
SDA,2022-09-27,11.3,11.7,10.9,11.0,83320
SDA,2022-09-28,11.0,11.1,10.7,10.9,56256
SDA,2022-09-29,11.0,11.4,10.5,10.5,61800
SDA,2022-09-30,10.4,10.7,9.5,10.7,128000
SDA,2022-10-03,10.3,10.9,9.7,9.7,109411
SDA,2022-10-04,9.9,9.9,8.8,8.8,169400
SDA,2022-10-05,9.1,9.5,9.0,9.3,83600
SDA,2022-10-06,9.3,9.3,8.4,8.4,115830
SDA,2022-10-07,8.4,8.5,7.6,7.6,186100
SDA,2022-10-10,7.6,8.1,7.4,7.9,95666
SDA,2022-10-11,8.0,8.0,7.2,7.2,84809
SDA,2022-10-12,7.2,7.9,7.2,7.7,156659
SDA,2022-10-13,8.2,8.2,7.5,7.8,31502
SDA,2022-10-14,8.0,8.1,7.5,7.7,90000
SDA,2022-10-17,7.7,8.0,7.6,7.8,35629
SDA,2022-10-18,7.8,8.1,7.8,8.1,121100
SDA,2022-10-19,8.1,8.1,7.8,7.9,52400
SDA,2022-10-20,8.0,8.0,7.8,7.8,42554
SDA,2022-10-21,7.7,7.7,7.2,7.4,95000
SDA,2022-10-24,7.3,7.3,6.7,6.7,109920
SDA,2022-10-25,6.2,6.6,6.1,6.1,195383
SDA,2022-10-26,6.4,6.4,5.6,5.8,69500
SDA,2022-10-27,5.8,6.3,5.8,6.3,99800
SDA,2022-10-28,6.4,6.9,6.4,6.6,142634
SDA,2022-10-31,6.6,6.6,6.4,6.4,44502
SDA,2022-11-01,6.7,6.7,6.2,6.5,40208
SDA,2022-11-02,6.7,6.8,6.3,6.6,60633
SDA,2022-11-03,6.3,6.8,6.3,6.6,52400
SDA,2022-11-04,6.6,6.6,6.2,6.6,76700
SDA,2022-11-07,6.6,6.6,6.0,6.0,68914
SDA,2022-11-08,5.6,6.0,5.6,5.8,83900
SDA,2022-11-09,5.8,6.3,5.8,6.3,106300
SDA,2022-11-10,5.9,6.0,5.7,5.7,86722
SDA,2022-11-11,5.8,6.2,5.2,5.2,121000
SDA,2022-11-14,5.0,5.1,4.7,4.7,89506
SDA,2022-11-15,4.6,4.6,4.3,4.3,102700
SDA,2022-11-16,3.9,4.7,3.9,4.7,169400
SDA,2022-11-17,5.1,5.1,5.0,5.1,62302
SDA,2022-11-18,5.2,5.6,4.8,5.6,122632
SDA,2022-11-21,6.1,6.1,6.0,6.1,157404
SDA,2022-11-22,6.7,6.7,6.3,6.7,207100
SDA,2022-11-23,7.2,7.3,6.7,6.7,226549
SDA,2022-11-24,6.7,7.2,6.7,7.1,122080
SDA,2022-11-25,7.7,7.7,6.9,7.4,146400
SDA,2022-11-28,7.8,8.1,7.7,8.1,190101
SDA,2022-11-29,8.7,8.7,7.7,8.0,172710
SDA,2022-11-30,8.1,8.1,7.4,7.6,220400
SDA,2022-12-01,7.8,8.3,7.4,8.0,509075
SDA,2022-12-02,8.0,8.1,7.7,8.1,159200
SDA,2022-12-05,8.2,8.9,7.8,8.5,285600
SDA,2022-12-06,8.6,8.6,7.7,7.7,399971
SDA,2022-12-07,7.4,7.7,7.0,7.0,278757
SDA,2022-12-08,7.1,7.6,6.9,7.2,112600
SDA,2022-12-09,7.3,7.3,6.9,7.1,54500
SDA,2022-12-12,7.3,7.5,7.1,7.1,203326
SDA,2022-12-13,7.1,7.3,6.7,7.2,95100
SDA,2022-12-14,7.5,7.5,7.1,7.3,59900
SDA,2022-12-15,7.3,7.3,6.9,7.1,96540
SDA,2022-12-16,7.1,7.1,6.8,6.9,109452
SDA,2022-12-19,6.9,7.2,6.9,6.9,101900
SDA,2022-12-20,6.6,6.9,6.3,6.4,201157
SDA,2022-12-21,6.6,6.6,6.0,6.1,116700
SDA,2022-12-22,6.3,6.4,6.0,6.3,32126
SDA,2022-12-23,6.3,6.4,6.1,6.4,44101
SDA,2022-12-26,6.4,6.4,6.1,6.2,39900
SDA,2022-12-27,6.1,6.3,6.0,6.3,52200
SDA,2022-12-28,6.3,6.5,6.2,6.5,63004
SDA,2022-12-29,6.5,6.5,6.3,6.4,9500
SDA,2022-12-30,6.5,6.5,6.3,6.3,69000
SDA,2023-01-03,6.3,6.8,6.3,6.8,55200
SDA,2023-01-04,7.0,7.0,6.8,7.0,69200
SDA,2023-01-05,7.0,7.0,6.9,7.0,42800
SDA,2023-01-06,6.9,6.9,6.7,6.9,20724
SDA,2023-01-09,6.9,7.2,6.9,6.9,65160
SDA,2023-01-10,6.9,7.1,6.9,6.9,70300
SDA,2023-01-11,7.1,7.1,6.8,6.9,23000
SDA,2023-01-12,7.2,7.4,6.7,7.0,83200
SDA,2023-01-13,6.9,7.0,6.7,6.7,40000
SDA,2023-01-16,6.9,6.9,6.5,6.7,13600
SDA,2023-01-17,6.9,6.9,6.3,6.8,39700
SDA,2023-01-18,6.5,6.8,6.2,6.6,98700
SDA,2023-01-19,6.6,6.9,6.6,6.9,56509
SDA,2023-01-27,7.2,7.3,6.9,6.9,54800
SDA,2023-01-30,7.0,7.3,6.9,7.2,111300
SDA,2023-01-31,7.2,7.3,7.0,7.1,24298
SDA,2023-02-01,7.2,7.4,6.8,6.8,83000
SDA,2023-02-02,6.8,6.9,6.5,6.7,65602
SDA,2023-02-03,6.8,6.8,6.5,6.5,47000
SDA,2023-02-06,6.5,6.7,6.5,6.6,11500
SDA,2023-02-07,6.6,7.1,6.5,6.5,53100
SDA,2023-02-08,6.5,6.5,6.2,6.5,31800
SDA,2023-02-09,6.5,6.6,6.3,6.5,21100
SDA,2023-02-10,6.7,6.7,6.4,6.4,10600
SDA,2023-02-13,6.4,6.4,5.9,6.0,30700
SDA,2023-02-14,6.0,6.1,5.9,6.0,20600
SDA,2023-02-15,6.1,6.3,6.0,6.3,13900
SDA,2023-02-16,6.3,6.4,6.1,6.3,7900
SDA,2023-02-17,6.3,6.3,6.1,6.2,10733
SDA,2023-02-20,6.3,6.4,6.2,6.4,59058
SDA,2023-02-21,6.4,6.5,6.2,6.4,43005
SDA,2023-02-22,6.3,6.3,6.0,6.1,36800
SDA,2023-02-23,6.0,6.2,5.9,6.0,40800
SDA,2023-02-24,6.0,6.0,5.8,5.8,19200
SDA,2023-02-27,5.8,5.8,5.7,5.8,32920
SDA,2023-02-28,5.8,5.8,5.5,5.5,75500
SDA,2023-03-01,5.6,5.6,5.5,5.6,23400
SDA,2023-03-02,5.6,6.1,5.6,6.0,39800
SDA,2023-03-03,5.7,6.0,5.6,5.8,9100
SDA,2023-03-06,6.0,6.0,5.7,5.7,25400
SDA,2023-03-07,5.8,5.8,5.7,5.7,19000
SDA,2023-03-08,5.6,5.9,5.6,5.9,5900
SDA,2023-03-09,5.9,6.0,5.8,6.0,5400
SDA,2023-03-10,5.9,5.9,5.8,5.8,6300
SDA,2023-03-13,5.7,5.8,5.7,5.7,11500
SDA,2023-03-14,5.8,5.8,5.3,5.4,45600
SDA,2023-03-15,5.5,5.9,5.5,5.9,31700
SDA,2023-03-16,5.8,5.9,5.7,5.8,6700
SDA,2023-03-17,5.8,5.9,5.5,5.6,32200
SDA,2023-03-20,5.7,5.7,5.1,5.7,39009
SDA,2023-03-21,5.8,5.8,5.6,5.7,3409
SDA,2023-03-22,5.7,5.7,5.5,5.7,8308
SDA,2023-03-23,5.6,5.7,5.5,5.5,15000
SDA,2023-03-24,5.7,5.7,5.2,5.4,47400
SDA,2023-03-27,5.7,5.7,5.5,5.5,20203
SDA,2023-03-28,5.6,5.7,5.4,5.6,12700
SDA,2023-03-29,5.5,5.6,5.4,5.6,8300
SDA,2023-03-30,5.6,5.7,5.5,5.5,16799
SDA,2023-03-31,5.5,5.5,5.5,5.5,22404
SDA,2023-04-03,5.5,5.7,5.5,5.7,33300
SDA,2023-04-04,5.6,5.8,5.5,5.8,26501
SDA,2023-04-05,5.8,5.9,5.7,5.9,44600
SDA,2023-04-06,5.9,6.4,5.9,6.4,286195
SDA,2023-04-07,7.0,7.0,6.4,6.6,135001
SDA,2023-04-10,6.5,7.2,6.3,6.8,235327
SDA,2023-04-11,6.8,6.9,6.4,6.7,93400
SDA,2023-04-12,6.7,6.8,6.4,6.4,67000
SDA,2023-04-13,6.6,6.6,6.1,6.1,65147
SDA,2023-04-14,6.3,6.4,6.0,6.0,76518
SDA,2023-04-17,6.2,6.2,5.8,5.8,27900
SDA,2023-04-18,5.8,6.0,5.8,6.0,41000
SDA,2023-04-19,6.0,6.0,5.8,5.8,36000
SDA,2023-04-20,5.8,5.9,5.6,5.8,22010
SDA,2023-04-21,5.8,6.0,5.7,5.8,31000
SDA,2023-04-24,5.8,5.9,5.7,5.7,36300
SDA,2023-04-25,5.8,5.9,5.7,5.8,44617
SDA,2023-04-26,5.8,5.9,5.7,5.8,28400
SDA,2023-04-27,5.9,6.0,5.8,5.9,26500
SDA,2023-04-28,6.0,6.0,5.9,6.0,35600
SDA,2023-05-04,6.0,6.0,5.9,6.0,17800
SDA,2023-05-05,6.0,6.0,5.8,5.8,15900
SDA,2023-05-08,5.9,6.2,5.8,6.1,46000
SDA,2023-05-09,6.3,6.3,6.1,6.2,10318
SDA,2023-05-10,6.1,6.8,6.1,6.6,170650
SDA,2023-05-11,6.8,7.0,6.7,6.9,187800
SDA,2023-05-12,6.7,6.9,6.5,6.7,65801
SDA,2023-05-15,6.9,7.2,6.5,6.5,81901
SDA,2023-05-16,6.6,6.9,6.5,6.7,50651
SDA,2023-05-17,6.9,7.3,6.7,7.1,566910
SDA,2023-05-18,7.1,7.4,7.0,7.1,133758
SDA,2023-05-19,7.1,7.3,6.6,6.8,257300
SDA,2023-05-22,7.1,7.1,6.7,6.7,120901
SDA,2023-05-23,6.9,6.9,6.6,6.7,136300
SDA,2023-05-24,6.5,6.9,6.5,6.8,82701
SDA,2023-05-25,6.6,7.0,6.6,6.8,101100
SDA,2023-05-26,6.6,7.3,6.6,7.1,392750
SDA,2023-05-29,7.4,7.8,7.4,7.8,725299
SDA,2023-05-30,7.8,8.5,7.8,8.0,504500
SDA,2023-05-31,8.1,8.8,8.1,8.8,932465
SDA,2023-06-01,9.5,9.6,9.1,9.6,741662
SDA,2023-06-02,9.8,10.2,8.9,9.1,801126
SDA,2023-06-05,9.3,9.4,8.9,9.1,376484
SDA,2023-06-06,9.2,9.8,9.1,9.6,531101
SDA,2023-06-07,9.6,10.0,9.4,9.7,582630
SDA,2023-06-08,9.9,10.6,9.9,10.0,716086
SDA,2023-06-09,10.0,10.9,10.0,10.4,677610
SDA,2023-06-12,10.8,10.8,10.1,10.5,249610
SDA,2023-06-13,10.5,10.6,9.7,9.9,667401
SDA,2023-06-14,10.2,10.2,9.2,9.3,332209
SDA,2023-06-15,9.3,9.6,9.1,9.2,259500
SDA,2023-06-16,9.2,9.6,9.1,9.2,281400
SDA,2023-06-19,9.4,9.4,8.3,8.4,560205
SDA,2023-06-20,8.8,8.8,8.4,8.8,100602
SDA,2023-06-21,8.8,9.0,8.7,8.7,170601
SDA,2023-06-22,8.8,9.2,8.5,9.0,306412
SDA,2023-06-23,9.2,9.4,8.8,8.9,234240
SDA,2023-06-26,8.9,9.3,8.5,8.9,306700
SDA,2023-06-27,9.0,9.0,8.6,8.6,120266
SDA,2023-06-28,8.6,8.9,8.4,8.5,195242
SDA,2023-06-29,8.5,8.5,7.8,7.8,358685
SDA,2023-06-30,7.8,8.0,7.5,7.5,151618
SDA,2023-07-03,7.8,7.8,7.4,7.5,89432
SDA,2023-07-04,7.7,8.2,7.6,8.2,316033
SDA,2023-07-05,8.6,8.6,8.1,8.3,235440
SDA,2023-07-06,8.4,8.4,7.7,7.8,211788
SDA,2023-07-07,8.1,8.1,7.8,7.8,108800
SDA,2023-07-10,8.0,8.2,7.9,8.0,159227
SDA,2023-07-11,8.2,8.3,8.0,8.2,224518
SDA,2023-07-12,8.2,8.3,8.0,8.1,145219
SDA,2023-07-13,8.2,8.5,7.8,8.5,308175
SDA,2023-07-14,8.5,8.6,8.3,8.4,250120
SDA,2023-07-17,8.5,8.8,8.5,8.6,293208
SDA,2023-07-18,8.8,8.8,8.3,8.4,155408
SDA,2023-07-19,8.4,8.5,7.9,8.1,241109
SDA,2023-07-20,8.1,8.2,7.8,8.2,108500
SDA,2023-07-21,8.2,8.2,7.7,7.9,277200
SDA,2023-07-24,7.9,8.6,7.9,8.6,600568
SDA,2023-07-25,8.7,8.9,8.4,8.6,374780
SDA,2023-07-26,8.6,8.9,8.5,8.6,287102
SDA,2023-07-27,8.6,8.9,8.3,8.6,440569
SDA,2023-07-28,8.6,9.4,8.5,9.4,810759
SDA,2023-07-31,9.4,10.2,9.1,9.5,518400
SDA,2023-08-01,9.6,9.6,9.0,9.0,550265
SDA,2023-08-02,8.9,9.1,8.7,9.1,292519
SDA,2023-08-03,9.1,9.5,9.0,9.1,426400
SDA,2023-08-04,9.2,9.3,9.0,9.3,197275
SDA,2023-08-07,9.3,9.7,9.1,9.3,341400
SDA,2023-08-08,9.3,10.2,9.2,9.8,895389
SDA,2023-08-09,9.8,10.0,9.6,9.9,297945
SDA,2023-08-10,10.1,10.1,9.5,9.6,241859
SDA,2023-08-11,9.3,9.7,8.8,9.0,545741
SDA,2023-08-14,9.2,9.5,9.1,9.1,335762
SDA,2023-08-15,9.2,9.6,9.1,9.4,355184
SDA,2023-08-16,9.3,9.5,9.1,9.2,161600
SDA,2023-08-17,9.2,9.3,8.8,8.8,357043
SDA,2023-08-18,8.8,8.9,8.0,8.0,652481
SDA,2023-08-21,8.4,8.4,8.0,8.0,181175
SDA,2023-08-22,8.4,8.4,7.5,8.3,141020
SDA,2023-08-23,8.4,8.4,8.1,8.2,116402
SDA,2023-08-24,8.2,8.4,8.1,8.4,135833
SDA,2023-08-25,8.4,8.4,8.1,8.3,125300
SDA,2023-08-28,8.4,8.5,8.2,8.5,140001
SDA,2023-08-29,8.5,8.9,8.4,8.5,182491
SDA,2023-08-30,8.5,8.6,8.1,8.3,137200
SDA,2023-08-31,8.4,8.5,8.2,8.4,84900
SDA,2023-09-05,8.4,8.8,8.4,8.6,173000
SDA,2023-09-06,8.6,8.7,8.4,8.7,160859
SDA,2023-09-07,8.4,8.8,8.0,8.6,269245
SDA,2023-09-08,8.6,8.8,8.4,8.6,151950
SDA,2023-09-11,8.6,8.8,8.2,8.2,301700
SDA,2023-09-12,8.2,8.4,8.1,8.3,181705
SDA,2023-09-13,8.4,8.4,8.0,8.1,273841
SDA,2023-09-14,8.1,8.1,7.8,7.8,237031
SDA,2023-09-15,7.9,8.0,7.8,7.8,124405
SDA,2023-09-18,7.8,7.9,7.7,7.8,58904
SDA,2023-09-19,8.0,8.0,7.5,7.7,242402
SDA,2023-09-20,7.7,8.0,7.6,8.0,119904
SDA,2023-09-21,8.0,8.1,7.7,7.8,125200
SDA,2023-09-22,7.7,7.7,7.1,7.2,319506
SDA,2023-09-25,7.1,7.5,6.5,6.5,249719
SDA,2023-09-26,6.4,7.1,6.2,6.7,138872
SDA,2023-09-27,6.9,6.9,6.5,6.7,69409
SDA,2023-09-28,7.0,7.0,6.7,6.8,25901
SDA,2023-09-29,7.0,7.0,6.8,6.8,50759
SDA,2023-10-02,7.0,7.0,6.7,6.7,36902
SDA,2023-10-03,7.0,7.0,6.2,6.3,71600
SDA,2023-10-04,6.5,6.8,6.3,6.8,64000
SDA,2023-10-05,6.5,7.4,6.5,7.0,103900
SDA,2023-10-06,6.9,7.0,6.6,6.8,19615
SDA,2023-10-09,7.0,7.1,6.7,7.1,165800
SDA,2023-10-10,7.1,7.5,7.0,7.4,206773
SDA,2023-10-11,7.5,7.5,7.1,7.2,48914
SDA,2023-10-12,7.2,7.4,7.0,7.1,172600
SDA,2023-10-13,7.0,7.0,6.7,7.0,36813
SDA,2023-10-16,7.1,7.1,6.7,6.7,60313
SDA,2023-10-17,6.7,6.8,6.6,6.6,51372
SDA,2023-10-18,6.6,6.6,6.0,6.0,121607
SDA,2023-10-19,6.1,6.1,5.7,5.9,58300
SDA,2023-10-20,6.0,6.0,5.4,5.9,127200
SDA,2023-10-23,6.0,6.0,5.7,5.8,41207
SDA,2023-10-24,5.9,6.0,5.8,6.0,56506
SDA,2023-10-25,6.1,6.2,5.9,6.0,60600
SDA,2023-10-26,5.8,5.8,5.4,5.4,186200
SDA,2023-10-27,5.4,5.5,5.0,5.4,75800
SDA,2023-10-30,5.4,5.4,4.9,5.4,119000
SDA,2023-10-31,5.4,5.4,5.1,5.2,54700
SDA,2023-11-01,5.3,5.3,5.0,5.3,48600
SDA,2023-11-02,5.4,5.8,5.3,5.7,88479
SDA,2023-11-03,6.0,6.0,5.5,5.5,31700
SDA,2023-11-06,5.6,5.6,5.4,5.5,116000
SDA,2023-11-07,5.4,5.6,5.4,5.4,34900
SDA,2023-11-08,5.5,5.7,5.3,5.7,97092
SDA,2023-11-09,5.9,5.9,5.6,5.6,137500
SDA,2023-11-10,5.5,5.7,5.5,5.6,125884
SDA,2023-11-13,5.7,5.7,5.5,5.6,57700
SDA,2023-11-14,5.7,5.7,5.6,5.6,62720
SDA,2023-11-15,5.7,5.9,5.7,5.8,136776
SDA,2023-11-16,5.8,5.9,5.7,5.7,34800
SDA,2023-11-17,5.8,6.0,5.6,5.6,88501
SDA,2023-11-20,5.4,5.9,5.3,5.7,110098
SDA,2023-11-21,5.9,5.9,5.6,5.8,13000
SDA,2023-11-22,5.9,5.9,5.7,5.9,49300
SDA,2023-11-23,5.9,6.0,5.7,5.7,80630
SDA,2023-11-24,5.5,5.8,5.5,5.6,72400
SDA,2023-11-27,5.6,5.8,5.6,5.6,59696
SDA,2023-11-28,5.6,5.7,5.1,5.6,57800
SDA,2023-11-29,5.6,5.7,5.5,5.5,33900
SDA,2023-11-30,5.5,5.6,5.5,5.6,37405
SDA,2023-12-01,5.7,5.7,5.5,5.6,22400
SDA,2023-12-04,5.5,5.8,5.4,5.8,78200
SDA,2023-12-05,5.8,5.8,5.6,5.8,39800
SDA,2023-12-06,5.8,5.9,5.7,5.7,70620
SDA,2023-12-07,5.8,5.9,5.7,5.8,225207
SDA,2023-12-08,5.8,5.9,5.7,5.8,70600
SDA,2023-12-11,5.8,6.3,5.8,6.3,292269
SDA,2023-12-12,6.6,6.9,6.4,6.9,350669
SDA,2023-12-13,7.3,7.4,6.5,6.6,506173
SDA,2023-12-14,6.8,6.8,6.4,6.5,98900
SDA,2023-12-15,6.6,6.6,6.2,6.3,87317
SDA,2023-12-18,6.4,6.4,6.2,6.3,85001
SDA,2023-12-19,6.4,6.4,6.1,6.3,90954
SDA,2023-12-20,6.2,6.5,6.2,6.4,36100
SDA,2023-12-21,6.0,6.5,6.0,6.3,123379
SDA,2023-12-22,6.2,6.5,6.2,6.4,57900
SDA,2023-12-25,6.4,7.0,6.3,6.9,143100
SDA,2023-12-26,6.9,7.1,6.7,6.8,128700
SDA,2023-12-27,6.7,6.8,6.4,6.6,40158
SDA,2023-12-28,6.6,6.7,6.3,6.4,129410
SDA,2023-12-29,6.5,7.0,6.3,6.5,73900
SDA,2024-01-02,6.5,6.8,6.2,6.4,144879
SDA,2024-01-03,6.2,6.6,6.1,6.6,119700
SDA,2024-01-04,6.7,6.7,6.5,6.6,64324
SDA,2024-01-05,6.7,6.7,6.4,6.6,30500
SDA,2024-01-08,6.5,6.7,6.4,6.5,54109
SDA,2024-01-09,6.4,6.8,6.4,6.6,127409
SDA,2024-01-10,6.6,6.7,6.4,6.6,42600
SDA,2024-01-11,6.6,6.6,6.3,6.5,130003
SDA,2024-01-12,6.6,6.7,6.4,6.5,27409
SDA,2024-01-15,6.4,6.4,6.3,6.3,45500
SDA,2024-01-16,6.3,6.4,6.2,6.4,42900
SDA,2024-01-17,6.4,6.5,6.3,6.4,60121
SDA,2024-01-18,6.5,6.5,6.3,6.4,17900
SDA,2024-01-19,6.5,6.6,6.2,6.2,34823
SDA,2024-01-22,6.3,6.5,6.2,6.5,41318
SDA,2024-01-23,6.5,6.5,6.3,6.5,57500
SDA,2024-01-24,5.9,6.5,5.9,6.5,49301
SDA,2024-01-25,6.4,6.4,6.3,6.3,41810
SDA,2024-01-26,6.4,6.7,6.4,6.4,57787
SDA,2024-01-29,6.5,6.5,6.2,6.2,34401
SDA,2024-01-30,6.3,6.3,6.1,6.3,81361
SDA,2024-01-31,6.3,6.3,6.2,6.3,26125
SDA,2024-02-01,6.2,6.4,6.1,6.3,43630
SDA,2024-02-02,6.2,6.6,6.2,6.2,25400
SDA,2024-02-05,6.2,6.3,6.1,6.2,38830
SDA,2024-02-06,6.2,6.6,6.2,6.4,48400
SDA,2024-02-07,6.5,6.5,6.2,6.3,22742
SDA,2024-02-15,6.6,6.6,6.3,6.4,11400
SDA,2024-02-16,6.5,6.5,6.4,6.5,46917
SDA,2024-02-19,6.5,6.7,6.4,6.6,30000
SDA,2024-02-20,6.6,6.6,6.4,6.5,57300
SDA,2024-02-21,6.5,6.9,6.5,6.7,193704
SDA,2024-02-22,6.8,6.9,6.7,6.7,121103
SDA,2024-02-23,6.8,6.8,6.4,6.4,90900
SDA,2024-02-26,6.4,6.6,6.3,6.5,62202
SDA,2024-02-27,6.6,6.6,6.4,6.5,37900
SDA,2024-02-28,6.6,6.6,6.5,6.6,35500
SDA,2024-02-29,6.6,6.7,6.4,6.5,44838
SDA,2024-03-01,6.5,6.6,6.4,6.5,88600
SDA,2024-03-04,6.5,6.7,6.5,6.5,52300
SDA,2024-03-05,6.6,6.6,6.4,6.5,36038
SDA,2024-03-06,6.4,6.5,6.3,6.4,143404
SDA,2024-03-07,6.4,6.5,6.3,6.5,93600
SDA,2024-03-08,6.5,6.5,6.3,6.5,50300
SDA,2024-03-11,6.4,6.5,6.2,6.2,30200
SDA,2024-03-12,6.3,6.3,6.2,6.2,37630
SDA,2024-03-13,6.3,6.4,6.1,6.4,42940
SDA,2024-03-14,6.5,6.5,6.3,6.5,49565
SDA,2024-03-15,6.4,6.5,6.3,6.4,22800
SDA,2024-03-18,6.4,6.4,6.1,6.2,118304
SDA,2024-03-19,6.4,6.4,6.2,6.2,36359
SDA,2024-03-20,6.2,6.3,6.1,6.3,23912
SDA,2024-03-21,6.3,6.4,6.2,6.2,53900
SDA,2024-03-22,6.3,6.5,6.2,6.3,98443
SDA,2024-03-25,6.3,6.3,6.2,6.3,25400
SDA,2024-03-26,6.2,6.3,6.2,6.2,52450
SDA,2024-03-27,6.3,6.3,6.1,6.2,72309
SDA,2024-03-28,6.2,6.3,6.1,6.2,65800
SDA,2024-03-29,6.2,6.2,6.1,6.1,16000
SDA,2024-04-01,6.1,6.7,6.1,6.7,442764
SDA,2024-04-02,7.2,7.2,6.5,6.6,169100
SDA,2024-04-03,6.7,6.8,6.4,6.6,202851
SDA,2024-04-04,6.5,6.5,6.3,6.4,89083
SDA,2024-04-05,6.4,6.4,6.2,6.3,94100
SDA,2024-04-08,6.2,6.3,6.0,6.1,112302
SDA,2024-04-09,6.1,6.2,6.0,6.1,95300
SDA,2024-04-10,6.1,6.3,6.0,6.1,27510
SDA,2024-04-11,6.1,6.1,5.8,6.0,66908
SDA,2024-04-12,6.0,6.1,5.8,6.0,59901
SDA,2024-04-15,6.0,6.0,5.4,5.4,79240
SDA,2024-04-16,5.4,5.6,5.2,5.6,96708
SDA,2024-04-17,5.6,5.7,5.2,5.2,60300
SDA,2024-04-19,5.2,5.3,5.0,5.1,86409
SDA,2024-04-22,5.2,5.4,5.2,5.3,12500
SDA,2024-04-23,5.3,5.3,5.2,5.3,26103
SDA,2024-04-24,5.3,5.4,5.2,5.4,68200
SDA,2024-04-25,5.5,5.5,5.2,5.3,20000
SDA,2024-04-26,5.2,5.4,5.2,5.2,31800
SDA,2024-05-02,5.3,5.3,5.1,5.2,29700
SDA,2024-05-03,5.2,5.3,5.1,5.3,15400
SDA,2024-05-06,5.3,5.4,5.2,5.4,29900
SDA,2024-05-07,5.5,5.6,5.3,5.5,26200
SDA,2024-05-08,5.5,5.5,5.4,5.5,20800
SDA,2024-05-09,5.4,5.5,5.4,5.5,28200
SDA,2024-05-10,5.5,5.9,5.5,5.7,150402
SDA,2024-05-13,5.7,6.2,5.6,6.2,217704
SDA,2024-05-14,6.1,6.2,5.6,5.7,207650
SDA,2024-05-15,5.8,5.9,5.7,5.9,32002
SDA,2024-05-16,5.8,5.9,5.6,5.7,64701
SDA,2024-05-17,5.7,6.2,5.7,6.1,246348
SDA,2024-05-20,6.2,6.3,6.0,6.1,79400
SDA,2024-05-21,6.1,6.1,5.9,6.0,58106
SDA,2024-05-22,6.0,6.3,5.9,6.1,92900
SDA,2024-05-23,6.1,6.3,6.1,6.2,95000
SDA,2024-05-24,6.3,6.3,5.9,6.1,99000
SDA,2024-05-27,6.1,6.2,6.0,6.1,27600
SDA,2024-05-28,6.1,6.3,6.0,6.3,112914
SDA,2024-05-29,6.3,6.3,6.1,6.1,46060
SDA,2024-05-30,6.2,6.2,5.9,6.1,49000
SDA,2024-05-31,6.0,6.1,5.9,6.1,50433
SDA,2024-06-03,6.1,6.1,6.0,6.1,146220
SDA,2024-06-04,6.1,6.1,5.9,5.9,82800
SDA,2024-06-05,6.0,6.2,6.0,6.1,77600
SDA,2024-06-06,6.1,6.1,5.9,6.0,63800
SDA,2024-06-07,6.0,6.2,6.0,6.1,78500
SDA,2024-06-10,6.1,6.1,6.0,6.1,90000
SDA,2024-06-11,6.1,6.1,6.0,6.0,42240
SDA,2024-06-12,6.0,6.1,5.9,6.1,32400
SDA,2024-06-13,6.0,6.2,5.9,6.0,49121
SDA,2024-06-14,6.0,6.0,5.8,5.9,53400
SDA,2024-06-17,6.0,6.1,5.8,5.8,69200
SDA,2024-06-18,6.0,6.1,5.9,5.9,41606
SDA,2024-06-19,5.8,6.1,5.8,6.0,61000
SDA,2024-06-20,6.0,6.0,5.9,6.0,45000
SDA,2024-06-21,6.0,6.2,6.0,6.1,140500
SDA,2024-06-24,6.1,6.7,6.1,6.6,474126
SDA,2024-06-25,6.6,7.2,6.6,7.2,1130462
SDA,2024-06-26,7.9,7.9,7.1,7.5,979544
SDA,2024-06-27,7.5,7.7,6.8,6.8,742260
SDA,2024-06-28,6.7,7.0,6.2,6.6,596852
SDA,2024-07-01,6.7,6.7,6.1,6.2,231618
SDA,2024-07-02,6.1,6.4,6.0,6.2,129298
SDA,2024-07-03,6.2,6.3,6.0,6.3,106100
SDA,2024-07-04,6.2,6.3,6.1,6.1,104937
SDA,2024-07-05,6.0,6.2,5.9,6.1,165085
SDA,2024-07-08,6.2,6.2,5.8,5.9,229502
SDA,2024-07-09,6.0,6.0,5.7,5.9,160500
SDA,2024-07-10,5.9,6.0,5.8,6.0,164001
SDA,2024-07-11,5.9,6.1,5.9,5.9,57506
SDA,2024-07-12,6.0,6.2,6.0,6.0,113708
SDA,2024-07-15,6.0,6.1,5.9,6.0,79701
SDA,2024-07-16,6.1,6.1,5.7,5.7,177800
SDA,2024-07-17,5.9,5.9,5.3,5.6,235133
SDA,2024-07-18,5.5,5.6,5.3,5.6,137600
SDA,2024-07-19,5.6,5.6,5.3,5.3,60500
SDA,2024-07-22,5.5,5.8,5.4,5.8,336890
SDA,2024-07-23,5.9,5.9,5.6,5.7,57400
SDA,2024-07-24,5.7,5.7,5.4,5.7,57800
SDA,2024-07-25,5.5,5.6,5.4,5.6,69402
SDA,2024-07-26,5.6,5.7,5.5,5.6,40600
SDA,2024-07-29,5.7,5.8,5.5,5.7,72700
SDA,2024-07-30,5.7,5.7,5.5,5.5,79500
SDA,2024-07-31,5.7,5.8,5.5,5.6,102600
SDA,2024-08-01,5.7,5.7,5.2,5.4,146000
SDA,2024-08-02,5.5,5.5,5.3,5.4,46800
SDA,2024-08-05,5.5,5.5,4.9,5.0,161000
SDA,2024-08-06,5.1,5.2,5.0,5.2,45100
SDA,2024-08-07,5.2,5.4,5.2,5.3,157600
SDA,2024-08-08,5.4,5.4,5.3,5.3,48600
SDA,2024-08-09,5.3,5.3,5.2,5.3,36300
SDA,2024-08-12,5.4,5.4,5.2,5.3,32500
SDA,2024-08-13,5.3,5.4,5.3,5.3,75700
SDA,2024-08-14,5.3,5.4,5.2,5.3,31300
SDA,2024-08-15,5.4,5.4,5.1,5.2,66900
SDA,2024-08-16,5.3,5.6,5.2,5.4,119700
SDA,2024-08-19,5.4,5.4,5.3,5.4,50500
SDA,2024-08-20,5.4,5.6,5.3,5.5,81400
SDA,2024-08-21,5.6,5.6,5.4,5.5,70100
SDA,2024-08-22,5.5,5.5,5.4,5.5,48900
SDA,2024-08-23,5.4,5.6,5.4,5.4,144900
SDA,2024-08-26,5.4,5.5,5.4,5.4,99200
SDA,2024-08-27,5.5,5.6,5.3,5.4,48400
SDA,2024-08-28,5.4,5.5,5.3,5.4,29200
SDA,2024-08-29,5.4,5.5,5.4,5.5,44500
SDA,2024-08-30,5.4,5.4,5.3,5.4,33200
SDA,2024-09-04,5.5,5.5,5.3,5.4,44000
SDA,2024-09-05,5.5,5.5,5.4,5.5,31500
SDA,2024-09-06,5.4,5.5,5.3,5.4,22800
SDA,2024-09-09,5.3,5.4,5.2,5.4,26200
SDA,2024-09-10,5.4,5.4,5.1,5.2,38100
SDA,2024-09-11,5.3,5.3,5.2,5.3,20500
SDA,2024-09-12,5.3,5.4,5.2,5.3,17400
SDA,2024-09-13,5.4,5.8,5.4,5.5,299600
SDA,2024-09-16,5.5,5.5,5.4,5.5,26600
SDA,2024-09-17,5.5,5.7,5.4,5.5,151000
SDA,2024-09-18,5.5,5.6,5.4,5.5,56800
SDA,2024-09-19,5.5,5.6,5.4,5.5,28700
SDA,2024-09-20,5.5,5.5,5.3,5.4,69300
SDA,2024-09-23,5.5,5.5,5.2,5.4,14600
SDA,2024-09-24,5.5,5.5,5.3,5.4,25300
SDA,2024-09-25,5.4,5.5,5.3,5.4,24600
SDA,2024-09-26,5.3,5.5,5.3,5.4,29600
SDA,2024-09-27,5.4,5.4,5.3,5.4,52100
SDA,2024-09-30,5.5,5.5,5.3,5.5,47500
SDA,2024-10-01,5.5,5.6,5.4,5.5,45500
SDA,2024-10-02,5.4,5.4,5.3,5.3,51200
SDA,2024-10-03,5.4,5.5,5.2,5.4,109900
SDA,2024-10-04,5.4,5.4,5.3,5.3,26400
SDA,2024-10-07,5.3,5.4,5.3,5.3,31800
SDA,2024-10-08,5.3,5.4,5.2,5.3,18700
SDA,2024-10-09,5.2,5.4,5.2,5.4,21400
SDA,2024-10-10,5.3,5.4,5.2,5.4,28700
SDA,2024-10-11,5.3,5.4,5.2,5.4,35000
SDA,2024-10-14,5.4,5.4,5.2,5.3,77100
SDA,2024-10-15,5.3,5.3,5.1,5.1,46600
SDA,2024-10-16,5.3,5.3,5.1,5.2,22700
SDA,2024-10-17,5.2,5.2,5.2,5.2,22900
SDA,2024-10-18,5.3,5.3,5.1,5.1,53000
SDA,2024-10-21,5.2,5.2,5.1,5.1,14500
SDA,2024-10-22,5.1,5.2,5.1,5.2,57100
SDA,2024-10-23,5.3,5.3,5.1,5.1,49400
SDA,2024-10-24,5.2,5.2,5.0,5.1,52200
SDA,2024-10-25,5.1,5.1,5.0,5.0,34300
SDA,2024-10-28,5.2,5.2,5.0,5.1,32300
SDA,2024-10-29,5.2,5.2,5.0,5.1,31200
SDA,2024-10-30,5.1,5.1,5.0,5.1,39400
SDA,2024-10-31,5.1,5.1,5.0,5.1,8700
SDA,2024-11-01,5.1,5.1,5.0,5.0,34300
SDA,2024-11-04,5.0,5.1,5.0,5.1,20500
SDA,2024-11-05,5.1,5.1,5.0,5.1,5100
SDA,2024-11-06,5.1,5.2,5.1,5.2,12600
SDA,2024-11-07,5.2,5.2,5.0,5.0,11600
SDA,2024-11-08,5.2,5.2,4.9,4.9,73600
SDA,2024-11-11,5.1,5.1,5.0,5.1,7200
SDA,2024-11-12,5.1,5.1,5.0,5.1,28800
SDA,2024-11-13,5.1,5.1,4.9,5.0,17400
SDA,2024-11-14,5.1,5.1,4.9,5.0,38900
SDA,2024-11-15,5.0,5.0,4.8,5.0,27800
SDA,2024-11-18,5.0,5.0,4.8,5.0,44900
SDA,2024-11-19,5.0,5.0,4.8,4.8,25600
SDA,2024-11-20,4.9,5.0,4.9,5.0,8400
SDA,2024-11-21,5.0,5.0,4.9,5.0,8600
SDA,2024-11-22,5.1,5.1,4.9,5.0,13700
SDA,2024-11-25,5.1,5.1,4.8,4.9,11400
SDA,2024-11-26,4.9,5.1,4.9,4.9,69600
SDA,2024-11-27,5.0,5.0,4.9,4.9,3100
SDA,2024-11-28,5.0,5.1,4.8,4.9,51100
SDA,2024-11-29,5.0,5.0,4.8,5.0,38500
SDA,2024-12-02,5.0,5.0,4.8,4.8,46100
SDA,2024-12-03,5.0,5.0,4.8,4.9,25100
SDA,2024-12-04,4.9,5.0,4.8,5.0,15400
SDA,2024-12-05,5.0,5.0,4.8,5.0,39800
SDA,2024-12-06,5.0,5.0,4.9,4.9,6300
SDA,2024-12-09,5.0,5.1,4.9,5.0,59400
SDA,2024-12-10,5.1,5.2,5.0,5.0,57500
SDA,2024-12-11,5.0,5.1,4.9,5.0,20000
SDA,2024-12-12,5.0,5.0,4.9,4.9,65600
SDA,2024-12-13,4.9,4.9,4.8,4.9,28500
SDA,2024-12-16,4.9,5.1,4.9,5.0,123600
SDA,2024-12-17,5.1,5.1,4.8,4.9,11100
SDA,2024-12-18,4.9,4.9,4.8,4.9,54000
SDA,2024-12-19,4.9,4.9,4.6,4.8,46700
SDA,2024-12-20,4.9,5.0,4.8,4.9,23200
SDA,2024-12-23,5.0,5.0,4.8,4.9,25100
SDA,2024-12-24,4.9,5.0,4.7,5.0,87800
SDA,2024-12-25,4.9,5.0,4.9,4.9,107300
SDA,2024-12-26,5.0,5.0,4.8,4.9,38000
SDA,2024-12-27,4.8,5.0,4.8,4.8,60600
SDA,2024-12-30,4.9,4.9,4.7,4.8,61800
SDA,2024-12-31,4.8,4.8,4.7,4.8,9500
SDA,2025-01-02,4.9,4.9,4.8,4.9,17200
SDA,2025-01-03,4.9,5.0,4.7,4.9,56600
SDA,2025-01-06,4.9,4.9,4.7,4.8,51300
SDA,2025-01-07,4.8,4.8,4.5,4.7,25900
SDA,2025-01-08,4.7,4.8,4.6,4.7,24600
SDA,2025-01-09,4.7,4.7,4.6,4.7,6700
SDA,2025-01-10,4.7,4.7,4.5,4.7,29100
SDA,2025-01-13,4.6,4.6,4.5,4.6,28400
SDA,2025-01-14,4.7,4.7,4.5,4.5,15100
SDA,2025-01-15,4.6,4.7,4.6,4.7,29700
SDA,2025-01-16,4.7,4.7,4.6,4.7,26200
SDA,2025-01-17,4.6,4.6,4.5,4.5,12600
SDA,2025-01-20,4.5,4.6,4.5,4.6,48600
SDA,2025-01-21,4.5,4.6,4.5,4.6,2800
SDA,2025-01-22,4.6,4.6,4.5,4.6,31900
SDA,2025-01-23,4.6,4.6,4.5,4.6,34700
SDA,2025-01-24,4.5,4.6,4.5,4.5,13300
SDA,2025-02-03,4.6,4.6,4.5,4.5,3300
SDA,2025-02-04,4.5,4.6,4.5,4.6,15400
SDA,2025-02-05,4.6,4.9,4.6,4.8,66900
SDA,2025-02-06,4.8,4.8,4.6,4.7,22600
SDA,2025-02-07,4.7,4.8,4.6,4.8,31600
SDA,2025-02-10,4.8,4.8,4.6,4.8,35300
SDA,2025-02-11,4.6,5.0,4.6,4.8,68900
SDA,2025-02-12,4.8,4.8,4.7,4.8,3400
SDA,2025-02-13,4.8,4.8,4.6,4.8,45200
SDA,2025-02-14,4.7,4.8,4.6,4.8,54900
SDA,2025-02-17,4.7,5.0,4.7,4.8,67300
SDA,2025-02-18,4.9,5.1,4.7,4.9,149500
SDA,2025-02-19,4.9,5.3,4.9,5.3,318000
SDA,2025-02-20,5.8,5.8,5.5,5.8,810500
SDA,2025-02-21,5.8,6.3,5.6,6.3,830300
SDA,2025-02-24,6.4,6.5,5.7,6.0,358300
SDA,2025-02-25,6.0,6.5,5.8,5.9,228100
SDA,2025-02-26,6.0,6.1,5.7,5.9,151000
SDA,2025-02-27,6.0,6.0,5.7,5.7,228900
SDA,2025-02-28,5.7,6.1,5.7,6.0,238600
SDA,2025-03-03,6.1,6.1,5.7,5.8,128600
SDA,2025-03-04,5.8,6.3,5.4,6.1,466700
SDA,2025-03-05,6.1,6.2,5.7,5.7,102300
SDA,2025-03-06,5.7,5.9,5.5,5.8,139200
SDA,2025-03-07,5.9,5.9,5.7,5.8,96500
SDA,2025-03-10,5.9,5.9,5.6,5.8,40700
SDA,2025-03-11,5.7,5.7,5.5,5.7,52000
SDA,2025-03-12,5.8,5.8,5.5,5.7,78900
SDA,2025-03-13,5.7,5.8,5.3,5.5,47700
SDA,2025-03-14,5.7,5.7,5.3,5.3,61900
SDA,2025-03-17,5.5,5.6,5.1,5.3,177200
SDA,2025-03-18,5.5,5.6,5.2,5.2,70900
SDA,2025-03-19,5.3,5.4,4.9,5.1,211000
SDA,2025-03-20,4.8,5.1,4.6,4.9,313700
SDA,2025-03-21,4.9,5.0,4.8,5.0,104200
SDA,2025-03-24,5.0,5.1,4.8,5.0,61100
SDA,2025-03-25,4.9,5.0,4.8,5.0,79100
SDA,2025-03-26,4.9,5.0,4.8,4.9,50900
SDA,2025-03-27,5.0,5.0,4.7,4.9,83600
SDA,2025-03-28,4.9,4.9,4.7,4.8,98100
SDA,2025-03-31,4.8,4.8,4.5,4.7,180600
SDA,2025-04-01,4.8,4.8,4.7,4.8,57400
SDA,2025-04-02,4.7,5.2,4.7,5.2,312800
SDA,2025-04-03,5.2,5.3,4.7,4.8,458100
SDA,2025-04-04,4.7,4.8,4.5,4.8,123900
SDA,2025-04-08,4.6,4.6,4.4,4.4,175800
SDA,2025-04-09,4.0,4.4,4.0,4.0,219500
SDA,2025-04-10,4.4,4.4,4.3,4.4,198500
SDA,2025-04-11,4.5,4.6,4.0,4.4,186400
SDA,2025-04-14,4.4,4.5,4.4,4.4,52600
SDA,2025-04-15,4.5,4.5,4.2,4.3,66400
SDA,2025-04-16,4.3,4.4,4.2,4.3,28500
SDA,2025-04-17,4.2,4.4,4.2,4.4,60600
SDA,2025-04-18,4.4,4.8,4.3,4.7,184700
SDA,2025-04-21,4.7,4.8,4.6,4.7,93300
SDA,2025-04-22,4.6,4.7,4.3,4.4,202700
SDA,2025-04-23,4.5,4.7,4.4,4.5,90300
SDA,2025-04-24,4.7,4.7,4.5,4.6,29200
SDA,2025-04-25,4.6,4.6,4.4,4.6,66400
SDA,2025-04-28,4.6,4.6,4.3,4.6,84500
SDA,2025-04-29,4.5,4.6,4.4,4.5,35900
SDA,2025-05-05,4.4,4.6,4.3,4.5,86900
SDA,2025-05-06,4.4,4.5,4.4,4.5,63800
SDA,2025-05-07,4.5,4.5,4.3,4.4,142700
SDA,2025-05-08,4.3,4.4,4.3,4.3,61200
SDA,2025-05-09,4.4,4.4,4.3,4.4,50500
SDA,2025-05-12,4.3,4.6,4.3,4.5,131000
SDA,2025-05-13,4.5,4.6,4.4,4.4,104100
SDA,2025-05-14,4.5,4.5,4.3,4.4,81500
SDA,2025-05-15,4.4,4.5,4.3,4.4,73000
SDA,2025-05-16,4.4,4.5,4.3,4.5,100100
SDA,2025-05-19,4.4,4.5,4.1,4.1,348700
SDA,2025-05-20,3.7,3.8,3.7,3.7,145600
SDA,2025-05-23,3.4,3.4,3.4,3.4,60400
SDA,2025-05-30,3.1,3.1,3.1,3.1,110700
SDA,2025-06-06,2.8,3.4,2.8,2.9,674400
SDA,2025-06-13,2.9,2.9,2.7,2.7,337500
SDA,2025-06-20,2.5,2.7,2.5,2.6,180500
SDA,2025-06-27,2.5,2.8,2.5,2.8,125500
SDA,2025-07-04,2.9,3.0,2.8,2.9,137900
SDA,2025-07-11,3.0,3.1,3.0,3.1,194900
SDA,2025-07-18,3.3,3.4,3.2,3.4,546300
SDA,2025-07-25,3.1,3.7,3.1,3.7,332200
SDA,2025-08-01,3.8,3.9,3.4,3.4,79100
SDA,2025-08-08,3.4,3.6,3.4,3.5,718400
SDA,2025-08-15,3.7,3.7,3.2,3.2,113300
SDA,2025-08-22,3.2,3.3,3.0,3.1,202300
SDA,2025-08-29,3.2,3.4,3.0,3.4,510800
SDA,2025-09-05,3.3,3.4,3.1,3.2,121600
SDA,2025-09-12,3.2,3.2,3.0,3.1,94500
SDA,2025-09-19,3.2,3.2,3.0,3.2,183500
SDA,2025-09-26,3.2,3.3,3.1,3.2,210100
SDA,2025-10-03,3.1,3.2,2.9,3.0,417900
SDA,2025-10-10,3.1,3.1,2.7,2.8,182100
SDA,2025-10-17,2.8,2.9,2.6,2.9,269500
SDA,2025-10-24,2.8,2.8,2.7,2.7,85500
SDA,2025-10-31,2.7,2.8,2.6,2.7,40400
SDA,2025-11-07,2.7,2.7,2.5,2.5,101800
SDA,2025-11-14,2.5,2.7,2.5,2.7,60400
SDA,2025-11-21,2.7,2.9,2.7,2.9,179900
SDA,2025-11-28,2.9,2.9,2.7,2.8,43600
SDA,2025-12-05,2.8,2.8,2.6,2.7,78200
SDA,2025-12-12,2.6,2.7,2.5,2.6,198800
SDA,2025-12-19,2.4,2.5,2.4,2.4,232600
SDA,2025-12-26,2.3,2.5,2.3,2.3,36100
