#£85æóÈÖ»­±éáPÜ×ß£KUÀû¸öÞ?[š–ticker,trading_date,open,high,low,close,volume
DRG,2019-12-11,17.12,17.12,17.12,17.12,100
DRG,2019-12-12,19.64,19.64,19.35,19.35,2400
DRG,2019-12-13,16.74,17.41,16.74,17.41,1400
DRG,2019-12-16,16.83,17.41,17.41,17.41,0
DRG,2019-12-17,16.83,17.41,17.41,17.41,0
DRG,2019-12-18,16.83,17.41,17.41,17.41,0
DRG,2019-12-19,14.51,14.51,14.51,14.51,200
DRG,2019-12-20,12.58,14.03,12.58,14.03,800
DRG,2019-12-23,13.16,14.03,14.03,14.03,0
DRG,2019-12-24,13.16,14.03,14.03,14.03,0
DRG,2019-12-25,13.16,14.03,14.03,14.03,0
DRG,2019-12-26,13.16,14.03,14.03,14.03,0
DRG,2019-12-27,11.61,11.61,11.61,11.61,100
DRG,2019-12-30,11.61,11.61,11.61,11.61,0
DRG,2019-12-31,11.61,11.61,11.61,11.61,0
DRG,2020-01-02,11.61,11.61,11.61,11.61,0
DRG,2020-01-03,9.87,9.87,9.87,9.87,200
DRG,2020-01-06,9.87,9.87,9.87,9.87,0
DRG,2020-01-07,9.87,9.87,9.87,9.87,0
DRG,2020-01-08,8.42,8.42,8.42,8.42,200
DRG,2020-01-09,7.16,7.16,7.16,7.16,200
DRG,2020-01-10,6.09,6.09,6.09,6.09,100
DRG,2020-01-13,5.22,5.22,5.22,5.22,500
DRG,2020-01-14,4.45,4.45,4.45,4.45,500
DRG,2020-01-15,4.45,4.45,4.45,4.45,0
DRG,2020-01-16,4.45,4.45,4.45,4.45,0
DRG,2020-01-17,4.45,4.45,4.45,4.45,0
DRG,2020-01-20,5.03,5.03,5.03,5.03,100
DRG,2020-01-21,5.71,5.71,5.71,5.71,100
DRG,2020-01-22,6.48,6.48,6.48,6.48,200
DRG,2020-01-30,7.45,7.45,7.45,7.45,200
DRG,2020-01-31,8.51,8.51,8.51,8.51,200
DRG,2020-02-03,9.77,9.77,9.77,9.77,100
DRG,2020-02-04,9.77,9.77,9.77,9.77,0
DRG,2020-02-05,9.77,9.77,9.77,9.77,0
DRG,2020-02-06,9.77,9.77,9.77,9.77,0
DRG,2020-02-07,8.32,8.32,8.32,8.32,100
DRG,2020-02-10,7.16,7.16,7.16,7.16,300
DRG,2020-02-11,7.16,7.16,7.16,7.16,0
DRG,2020-02-12,7.16,7.16,7.16,7.16,0
DRG,2020-02-13,7.16,7.16,7.16,7.16,0
DRG,2020-02-14,7.16,7.16,7.16,7.16,0
DRG,2020-02-17,7.16,7.16,7.16,7.16,0
DRG,2020-02-18,7.16,7.16,7.16,7.16,0
DRG,2020-02-19,7.16,7.16,7.16,7.16,0
DRG,2020-02-20,7.16,7.16,7.16,7.16,0
DRG,2020-02-21,7.16,7.16,7.16,7.16,0
DRG,2020-02-24,7.16,7.16,7.16,7.16,0
DRG,2020-02-25,7.16,7.16,7.16,7.16,0
DRG,2020-02-26,7.16,7.16,7.16,7.16,0
DRG,2020-02-27,8.22,8.22,8.22,8.22,100
DRG,2020-02-28,8.22,8.22,8.22,8.22,0
DRG,2020-03-02,8.22,8.22,8.22,8.22,0
DRG,2020-03-03,8.22,8.22,8.22,8.22,0
DRG,2020-03-04,8.22,8.22,8.22,8.22,0
DRG,2020-03-05,8.22,8.22,8.22,8.22,0
DRG,2020-03-06,8.22,8.22,8.22,8.22,0
DRG,2020-03-09,8.22,8.22,8.22,8.22,0
DRG,2020-03-10,8.22,8.22,8.22,8.22,0
DRG,2020-03-11,8.22,8.22,8.22,8.22,0
DRG,2020-03-12,8.22,8.22,8.22,8.22,0
DRG,2020-03-13,8.22,8.22,8.22,8.22,0
DRG,2020-03-16,8.22,8.22,8.22,8.22,0
DRG,2020-03-17,8.22,8.22,8.22,8.22,0
DRG,2020-03-18,7.06,7.06,7.06,7.06,200
DRG,2020-03-19,7.06,7.06,7.06,7.06,0
DRG,2020-03-20,7.06,7.06,7.06,7.06,0
DRG,2020-03-23,7.06,7.06,7.06,7.06,0
DRG,2020-03-24,7.06,7.06,7.06,7.06,0
DRG,2020-03-25,7.06,7.06,7.06,7.06,0
DRG,2020-03-26,7.06,7.06,7.06,7.06,0
DRG,2020-03-27,7.06,7.06,7.06,7.06,0
DRG,2020-03-30,7.06,7.06,7.06,7.06,0
DRG,2020-03-31,7.06,7.06,7.06,7.06,0
DRG,2020-04-01,7.06,7.06,7.06,7.06,0
DRG,2020-04-03,7.06,7.06,7.06,7.06,0
DRG,2020-04-06,7.06,7.06,7.06,7.06,0
DRG,2020-04-07,7.06,7.06,7.06,7.06,0
DRG,2020-04-08,7.84,7.84,7.84,7.84,100
DRG,2020-04-09,7.84,7.84,7.84,7.84,0
DRG,2020-04-10,7.84,7.84,7.84,7.84,0
DRG,2020-04-13,7.84,7.84,7.84,7.84,0
DRG,2020-04-14,7.84,7.84,7.84,7.84,0
DRG,2020-04-15,7.84,7.84,7.84,7.84,0
DRG,2020-04-16,6.68,6.68,6.68,6.68,200
DRG,2020-04-17,6.68,6.68,6.68,6.68,0
DRG,2020-04-20,6.68,6.68,6.68,6.68,0
DRG,2020-04-21,7.26,7.26,7.26,7.26,100
DRG,2020-04-22,7.26,7.26,7.26,7.26,0
DRG,2020-04-23,7.26,7.26,7.26,7.26,0
DRG,2020-04-24,8.32,8.32,8.32,8.32,100
DRG,2020-04-27,8.32,8.32,8.32,8.32,0
DRG,2020-04-28,8.32,8.32,8.32,8.32,0
DRG,2020-04-29,8.32,8.32,8.32,8.32,0
DRG,2020-05-04,8.32,8.32,8.32,8.32,0
DRG,2020-05-05,8.32,8.32,8.32,8.32,0
DRG,2020-05-06,7.16,7.16,7.16,7.16,100
DRG,2020-05-07,6.09,6.09,6.09,6.09,100
DRG,2020-05-08,6.09,6.09,6.09,6.09,0
DRG,2020-05-11,5.32,5.32,5.22,5.32,1500
DRG,2020-05-12,4.64,4.64,4.64,4.64,100
DRG,2020-05-13,4.64,4.64,4.64,4.64,0
DRG,2020-05-14,4.06,4.06,4.06,4.06,100
DRG,2020-05-15,4.06,4.06,4.06,4.06,0
DRG,2020-05-18,3.58,3.58,3.58,3.58,100
DRG,2020-05-19,3.19,3.19,3.19,3.19,100
DRG,2020-05-20,3.19,3.19,3.19,3.19,0
DRG,2020-05-21,3.19,3.19,3.19,3.19,0
DRG,2020-05-22,3.19,3.19,3.19,3.19,0
DRG,2020-05-25,3.19,3.19,3.19,3.19,0
DRG,2020-05-26,3.39,3.39,3.39,3.39,100
DRG,2020-05-27,3.87,3.87,3.87,3.87,100
DRG,2020-05-28,4.45,4.45,4.45,4.45,100
DRG,2020-05-29,5.03,5.03,4.64,4.64,2000
DRG,2020-06-01,4.93,5.03,4.93,5.03,200
DRG,2020-06-02,5.03,5.03,5.03,5.03,0
DRG,2020-06-03,5.71,5.71,5.71,5.71,300
DRG,2020-06-04,6.48,6.48,6.48,6.48,300
DRG,2020-06-05,7.45,7.45,7.45,7.45,200
DRG,2020-06-08,8.51,8.51,8.42,8.42,1200
DRG,2020-06-09,9.67,9.67,8.9,9.67,400
DRG,2020-06-10,9.29,9.67,9.67,9.67,0
DRG,2020-06-11,9.29,9.67,9.67,9.67,0
DRG,2020-06-12,9.29,9.67,9.67,9.67,0
DRG,2020-06-15,9.29,9.67,9.67,9.67,0
DRG,2020-06-16,9.29,9.67,9.67,9.67,0
DRG,2020-06-17,9.29,9.67,9.67,9.67,0
DRG,2020-06-18,9.29,9.67,9.67,9.67,0
DRG,2020-06-19,9.29,9.67,9.67,9.67,0
DRG,2020-06-22,9.29,9.67,9.67,9.67,0
DRG,2020-06-23,9.29,9.67,9.67,9.67,0
DRG,2020-06-24,9.29,9.67,9.67,9.67,0
DRG,2020-06-25,9.29,9.67,9.67,9.67,0
DRG,2020-06-26,9.29,9.67,9.67,9.67,0
DRG,2020-06-29,9.29,9.67,9.67,9.67,0
DRG,2020-06-30,9.29,9.67,9.67,9.67,0
DRG,2020-07-01,9.29,9.67,9.67,9.67,0
DRG,2020-07-02,9.29,9.67,9.67,9.67,0
DRG,2020-07-03,9.29,9.67,9.67,9.67,0
DRG,2020-07-06,9.29,9.67,9.67,9.67,0
DRG,2020-07-07,9.29,9.67,9.67,9.67,0
DRG,2020-07-08,9.29,9.67,9.67,9.67,0
DRG,2020-07-09,9.29,9.67,9.67,9.67,0
DRG,2020-07-10,9.29,9.67,9.67,9.67,0
DRG,2020-07-13,9.29,9.67,9.67,9.67,0
DRG,2020-07-14,8.71,9.29,8.71,9.29,1700
DRG,2020-07-15,9.19,9.29,9.29,9.29,0
DRG,2020-07-16,9.19,9.29,9.29,9.29,0
DRG,2020-07-17,9.19,9.29,9.29,9.29,0
DRG,2020-07-20,9.19,9.29,9.29,9.29,0
DRG,2020-07-21,9.19,9.19,9.19,9.19,0
DRG,2020-07-22,9.19,9.19,9.19,9.19,0
DRG,2020-07-23,9.19,9.29,9.29,9.29,0
DRG,2020-07-24,9.19,9.29,9.29,9.29,0
DRG,2020-07-27,9.19,9.29,9.29,9.29,0
DRG,2020-07-28,9.19,9.29,9.29,9.29,0
DRG,2020-07-29,9.19,9.29,9.29,9.29,0
DRG,2020-07-30,9.19,9.29,9.29,9.29,0
DRG,2020-07-31,9.19,9.29,9.29,9.29,0
DRG,2020-08-03,9.19,9.29,9.29,9.29,0
DRG,2020-08-04,9.19,9.29,9.29,9.29,0
DRG,2020-08-05,9.19,9.29,9.29,9.29,0
DRG,2020-08-06,9.19,9.29,9.29,9.29,0
DRG,2020-08-07,9.19,9.29,9.29,9.29,0
DRG,2020-08-10,9.19,9.29,9.29,9.29,0
DRG,2020-08-11,9.19,9.29,9.29,9.29,0
DRG,2020-08-12,9.19,9.29,9.29,9.29,0
DRG,2020-08-13,9.19,9.29,9.29,9.29,0
DRG,2020-08-14,9.19,9.29,9.29,9.29,0
DRG,2020-08-17,9.19,9.29,9.29,9.29,0
DRG,2020-08-18,7.84,10.54,7.84,10.54,800
DRG,2020-08-19,8.51,10.54,10.54,10.54,0
DRG,2020-08-20,8.51,10.54,10.54,10.54,0
DRG,2020-08-21,8.51,8.51,8.51,8.51,100
DRG,2020-08-24,8.51,8.51,8.51,8.51,0
DRG,2020-08-25,8.51,8.51,8.51,8.51,0
DRG,2020-08-26,8.51,8.51,8.51,8.51,0
DRG,2020-08-27,8.51,8.51,8.51,8.51,0
DRG,2020-08-28,8.51,8.51,8.51,8.51,0
DRG,2020-08-31,8.51,8.51,8.51,8.51,0
DRG,2020-09-01,8.51,8.51,8.51,8.51,0
DRG,2020-09-03,8.51,8.51,8.51,8.51,0
DRG,2020-09-04,8.51,8.51,8.51,8.51,0
DRG,2020-09-07,8.51,8.51,8.51,8.51,0
DRG,2020-09-08,8.51,8.51,8.51,8.51,0
DRG,2020-09-09,8.51,8.51,8.51,8.51,0
DRG,2020-09-10,8.51,8.51,8.51,8.51,0
DRG,2020-09-11,8.51,8.51,8.51,8.51,0
DRG,2020-09-14,8.51,8.51,8.51,8.51,0
DRG,2020-09-15,8.51,8.51,8.51,8.51,0
DRG,2020-09-16,8.51,8.51,8.51,8.51,0
DRG,2020-09-17,8.51,8.51,8.51,8.51,0
DRG,2020-09-18,8.51,8.51,8.51,8.51,0
DRG,2020-09-21,8.51,8.51,8.51,8.51,0
DRG,2020-09-22,8.51,8.51,8.51,8.51,0
DRG,2020-09-23,8.51,8.51,8.51,8.51,0
DRG,2020-09-24,8.51,8.51,8.51,8.51,0
DRG,2020-09-25,8.51,8.51,8.51,8.51,0
DRG,2020-09-28,8.51,8.51,8.51,8.51,0
DRG,2020-09-29,8.51,8.51,8.51,8.51,0
DRG,2020-09-30,8.51,8.51,8.51,8.51,0
DRG,2020-10-01,8.51,8.51,8.51,8.51,0
DRG,2020-10-02,8.51,8.51,8.51,8.51,0
DRG,2020-10-05,8.51,8.51,8.51,8.51,0
DRG,2020-10-06,8.51,8.51,8.51,8.51,0
DRG,2020-10-07,8.51,8.51,8.51,8.51,0
DRG,2020-10-08,11.9,11.9,11.9,11.9,100
DRG,2020-10-09,11.9,11.9,11.9,11.9,0
DRG,2020-10-12,11.9,11.9,11.9,11.9,0
DRG,2020-10-13,11.9,11.9,11.9,11.9,0
DRG,2020-10-14,11.9,11.9,11.9,11.9,0
DRG,2020-10-15,11.9,11.9,11.9,11.9,0
DRG,2020-10-16,11.9,11.9,11.9,11.9,0
DRG,2020-10-19,11.9,11.9,11.9,11.9,0
DRG,2020-10-20,11.9,11.9,11.9,11.9,0
DRG,2020-10-21,11.9,11.9,11.9,11.9,0
DRG,2020-10-22,11.9,11.9,11.9,11.9,0
DRG,2020-10-23,11.9,11.9,11.9,11.9,0
DRG,2020-10-26,11.9,11.9,11.9,11.9,0
DRG,2020-10-27,11.9,11.9,11.9,11.9,2000
DRG,2020-10-28,11.9,11.9,11.9,11.9,0
DRG,2020-10-29,11.9,11.9,11.9,11.9,0
DRG,2020-10-30,11.9,11.9,11.9,11.9,0
DRG,2020-11-02,11.9,11.9,11.9,11.9,0
DRG,2020-11-03,11.9,11.9,11.9,11.9,0
DRG,2020-11-04,11.9,11.9,11.9,11.9,0
DRG,2020-11-05,11.9,11.9,11.9,11.9,0
DRG,2020-11-06,11.9,11.9,11.9,11.9,0
DRG,2020-11-09,11.9,11.9,11.9,11.9,0
DRG,2020-11-10,11.9,11.9,11.9,11.9,0
DRG,2020-11-11,11.9,11.9,11.9,11.9,0
DRG,2020-11-12,11.9,11.9,11.9,11.9,0
DRG,2020-11-13,11.9,11.9,11.9,11.9,0
DRG,2020-11-16,11.9,11.9,11.9,11.9,0
DRG,2020-11-17,11.9,11.9,11.9,11.9,0
DRG,2020-11-18,11.9,11.9,11.9,11.9,0
DRG,2020-11-19,11.9,11.9,11.9,11.9,0
DRG,2020-11-20,11.9,11.9,11.9,11.9,0
DRG,2020-11-23,11.9,11.9,11.9,11.9,0
DRG,2020-11-24,11.9,11.9,11.9,11.9,0
DRG,2020-11-25,11.9,11.9,11.9,11.9,0
DRG,2020-11-26,11.9,11.9,11.9,11.9,0
DRG,2020-11-27,11.9,11.9,11.9,11.9,0
DRG,2020-11-30,11.9,11.9,11.9,11.9,0
DRG,2020-12-01,11.9,11.9,11.9,11.9,0
DRG,2020-12-02,11.9,11.9,11.9,11.9,0
DRG,2020-12-03,11.9,11.9,11.9,11.9,0
DRG,2020-12-04,11.9,11.9,11.9,11.9,0
DRG,2020-12-07,11.9,11.9,11.9,11.9,0
DRG,2020-12-08,11.9,11.9,11.9,11.9,0
DRG,2020-12-09,11.9,11.9,11.9,11.9,0
DRG,2020-12-10,11.9,11.9,11.9,11.9,0
DRG,2020-12-11,11.9,11.9,11.9,11.9,0
DRG,2020-12-14,11.9,11.9,11.9,11.9,0
DRG,2020-12-15,11.9,11.9,11.9,11.9,0
DRG,2020-12-16,11.9,11.9,11.9,11.9,0
DRG,2020-12-17,11.9,11.9,11.9,11.9,0
DRG,2020-12-18,11.9,11.9,11.9,11.9,0
DRG,2020-12-21,11.9,11.9,11.9,11.9,0
DRG,2020-12-22,11.9,11.9,11.9,11.9,0
DRG,2020-12-23,11.9,11.9,11.9,11.9,0
DRG,2020-12-24,11.9,11.9,11.9,11.9,0
DRG,2020-12-25,11.8,11.8,11.8,11.8,100
DRG,2020-12-28,11.8,11.8,11.8,11.8,0
DRG,2020-12-29,11.8,11.8,11.8,11.8,0
DRG,2020-12-30,11.8,11.8,11.8,11.8,0
DRG,2020-12-31,11.8,11.8,11.8,11.8,0
DRG,2021-01-04,11.8,11.8,11.8,11.8,0
DRG,2021-01-05,11.8,11.8,11.8,11.8,0
DRG,2021-01-06,10.64,10.64,10.64,10.64,100
DRG,2021-01-07,10.64,10.64,10.64,10.64,0
DRG,2021-01-08,9.09,9.09,9.09,9.09,2100
DRG,2021-01-11,9.09,9.09,9.09,9.09,0
DRG,2021-01-12,9.09,9.09,9.09,9.09,0
DRG,2021-01-13,7.84,7.84,7.84,7.84,800
DRG,2021-01-14,7.84,7.84,7.84,7.84,0
DRG,2021-01-15,8.71,8.71,8.71,8.71,100
DRG,2021-01-18,8.71,8.71,8.71,8.71,0
DRG,2021-01-19,8.71,8.71,8.71,8.71,0
DRG,2021-01-20,8.71,8.71,8.71,8.71,0
DRG,2021-01-21,8.71,8.71,8.71,8.71,0
DRG,2021-01-22,8.71,8.71,8.71,8.71,0
DRG,2021-01-25,8.71,8.71,8.71,8.71,0
DRG,2021-01-26,8.71,8.71,8.71,8.71,0
DRG,2021-01-27,8.71,8.71,8.71,8.71,0
DRG,2021-01-28,8.71,8.71,8.71,8.71,0
DRG,2021-01-29,8.71,8.71,8.71,8.71,0
DRG,2021-02-01,8.71,8.71,8.71,8.71,0
DRG,2021-02-02,8.71,8.71,8.71,8.71,0
DRG,2021-02-03,8.71,8.71,8.71,8.71,0
DRG,2021-02-04,8.71,8.71,8.71,8.71,0
DRG,2021-02-05,8.71,8.71,8.71,8.71,0
DRG,2021-02-08,8.8,8.8,8.8,8.8,100
DRG,2021-02-09,8.8,8.8,8.8,8.8,0
DRG,2021-02-17,8.8,8.8,8.8,8.8,0
DRG,2021-02-18,8.8,8.8,8.8,8.8,0
DRG,2021-02-19,8.8,8.8,8.8,8.8,0
DRG,2021-02-22,8.8,8.8,8.8,8.8,0
DRG,2021-02-23,8.8,8.8,8.8,8.8,0
DRG,2021-02-24,8.8,8.8,8.8,8.8,0
DRG,2021-02-25,8.8,8.8,8.8,8.8,0
DRG,2021-02-26,8.8,8.8,8.8,8.8,0
DRG,2021-03-01,8.8,8.8,8.8,8.8,0
DRG,2021-03-02,8.8,8.8,8.8,8.8,0
DRG,2021-03-03,8.8,8.8,8.8,8.8,0
DRG,2021-03-04,8.8,8.8,8.8,8.8,0
DRG,2021-03-05,7.74,7.74,7.74,7.74,100
DRG,2021-03-08,7.74,7.74,7.74,7.74,0
DRG,2021-03-09,7.74,7.74,7.74,7.74,0
DRG,2021-03-10,7.74,7.74,7.74,7.74,1100
DRG,2021-03-11,7.74,7.74,7.74,7.74,0
DRG,2021-03-12,7.74,7.74,7.74,7.74,0
DRG,2021-03-15,7.74,7.74,7.74,7.74,0
DRG,2021-03-16,7.74,7.74,7.74,7.74,0
DRG,2021-03-17,7.74,7.74,7.74,7.74,0
DRG,2021-03-18,7.74,7.74,7.74,7.74,0
DRG,2021-03-19,7.74,7.74,7.74,7.74,0
DRG,2021-03-22,7.74,7.74,7.74,7.74,0
DRG,2021-03-23,7.74,7.74,7.74,7.74,0
DRG,2021-03-24,7.74,7.74,7.74,7.74,0
DRG,2021-03-25,7.74,7.74,7.74,7.74,0
DRG,2021-03-26,7.74,7.74,7.74,7.74,0
DRG,2021-03-29,7.74,7.74,7.74,7.74,0
DRG,2021-03-30,7.74,7.74,7.74,7.74,0
DRG,2021-03-31,7.74,7.74,7.74,7.74,0
DRG,2021-04-01,7.74,7.74,7.74,7.74,0
DRG,2021-04-02,7.74,7.74,7.74,7.74,0
DRG,2021-04-05,7.74,7.74,7.74,7.74,0
DRG,2021-04-06,7.74,7.74,7.74,7.74,0
DRG,2021-04-07,7.74,7.74,7.74,7.74,0
DRG,2021-04-08,7.74,7.74,7.74,7.74,0
DRG,2021-04-09,7.74,7.74,7.74,7.74,0
DRG,2021-04-12,7.74,7.74,7.74,7.74,0
DRG,2021-04-13,7.74,7.74,7.74,7.74,0
DRG,2021-04-14,7.74,7.74,7.74,7.74,0
DRG,2021-04-15,6.77,6.77,6.77,6.77,100
DRG,2021-04-16,6.77,6.77,6.77,6.77,0
DRG,2021-04-19,6.77,6.77,6.77,6.77,0
DRG,2021-04-20,6.77,6.77,6.77,6.77,0
DRG,2021-04-22,6.77,6.77,6.77,6.77,0
DRG,2021-04-23,6.77,6.77,6.77,6.77,0
DRG,2021-04-26,6.77,6.77,6.77,6.77,0
DRG,2021-04-27,6.77,6.77,6.77,6.77,0
DRG,2021-04-28,7.74,7.74,7.74,7.74,100
DRG,2021-04-29,7.74,7.74,7.74,7.74,0
DRG,2021-05-04,8.9,8.9,8.9,8.9,1100
DRG,2021-05-05,10.16,10.16,10.16,10.16,2200
DRG,2021-05-06,11.61,11.61,11.61,11.61,1000
DRG,2021-05-07,13.35,13.35,13.35,13.35,1300
DRG,2021-05-10,15.29,15.29,15.29,15.29,1300
DRG,2021-05-11,17.51,17.51,17.51,17.51,3000
DRG,2021-05-12,20.12,20.12,20.12,20.12,5300
DRG,2021-05-13,23.02,23.12,22.73,23.12,9200
DRG,2021-05-14,23.12,23.12,19.74,19.74,1301
DRG,2021-05-17,20.03,20.03,20.03,20.03,100
DRG,2021-05-18,17.03,17.03,17.03,17.03,700
DRG,2021-05-19,19.35,19.35,14.61,19.35,700
DRG,2021-05-20,17.41,17.41,14.8,14.8,700
DRG,2021-05-21,14.51,14.51,13.64,13.64,600
DRG,2021-05-24,11.8,11.8,11.8,11.8,4000
DRG,2021-05-25,13.54,13.54,13.54,13.54,100
DRG,2021-05-26,14.51,15.58,14.51,15.58,2500
DRG,2021-05-27,17.03,17.12,17.03,17.12,500
DRG,2021-05-28,19.54,19.64,19.54,19.64,1500
DRG,2021-05-31,19.64,22.54,19.64,22.25,4100
DRG,2021-06-01,18.96,24.19,18.96,18.96,1800
DRG,2021-06-02,20.9,20.9,17.8,17.8,3100
DRG,2021-06-03,17.7,20.8,17.7,20.8,3900
DRG,2021-06-04,15.58,20.8,15.58,20.7,2100
DRG,2021-06-07,15.09,15.09,15.0,15.0,3000
DRG,2021-06-08,15.09,17.12,15.0,17.12,900
DRG,2021-06-09,15.48,15.48,14.51,14.8,1200
DRG,2021-06-10,15.0,14.8,14.8,14.8,0
DRG,2021-06-11,14.9,14.9,14.9,14.9,1900
DRG,2021-06-14,14.9,14.9,14.9,14.9,0
DRG,2021-06-15,14.9,14.9,14.9,14.9,300
DRG,2021-06-16,15.0,15.0,15.0,15.0,100
DRG,2021-06-17,15.0,15.0,15.0,15.0,0
DRG,2021-06-18,15.0,15.0,15.0,15.0,110
DRG,2021-06-21,15.0,15.0,15.0,15.0,0
DRG,2021-06-22,15.0,15.0,15.0,15.0,0
DRG,2021-06-23,14.9,14.9,14.9,14.9,100
DRG,2021-06-24,14.61,14.61,14.61,14.61,200
DRG,2021-06-25,13.64,13.64,13.64,13.64,500
DRG,2021-06-28,13.64,13.64,13.64,13.64,200
DRG,2021-06-29,12.87,14.51,12.87,14.51,200
DRG,2021-06-30,14.51,14.51,14.51,14.51,500
DRG,2021-07-01,14.61,15.0,14.61,15.0,200
DRG,2021-07-02,15.0,15.48,15.0,15.48,200
DRG,2021-07-05,15.29,15.48,15.48,15.48,0
DRG,2021-07-06,15.29,15.48,15.48,15.48,0
DRG,2021-07-07,15.29,15.48,15.48,15.48,0
DRG,2021-07-08,15.48,15.48,15.48,15.48,200
DRG,2021-07-09,15.67,15.67,14.51,14.51,400
DRG,2021-07-12,13.64,13.64,13.54,13.54,1900
DRG,2021-07-13,13.54,13.54,13.54,13.54,0
DRG,2021-07-14,13.54,13.54,13.54,13.54,0
DRG,2021-07-15,13.54,13.54,13.54,13.54,0
DRG,2021-07-16,13.54,13.54,13.54,13.54,0
DRG,2021-07-19,12.77,12.77,12.58,12.58,600
DRG,2021-07-20,13.54,13.54,13.54,13.54,100
DRG,2021-07-21,13.54,13.54,12.58,13.54,700
DRG,2021-07-22,13.45,13.54,13.54,13.54,0
DRG,2021-07-23,14.7,14.7,14.7,14.7,200
DRG,2021-07-26,13.06,13.06,12.67,12.67,300
DRG,2021-07-27,13.54,14.12,13.54,14.12,800
DRG,2021-07-28,13.83,14.12,14.12,14.12,0
DRG,2021-07-29,13.83,14.12,14.12,14.12,0
DRG,2021-07-30,13.93,13.93,13.74,13.74,200
DRG,2021-08-02,14.51,14.51,14.51,14.51,400
DRG,2021-08-03,15.0,15.0,15.0,15.0,1000
DRG,2021-08-04,15.0,15.0,15.0,15.0,0
DRG,2021-08-05,14.51,15.0,14.51,15.0,200
DRG,2021-08-06,14.8,15.0,14.8,15.0,1000
DRG,2021-08-09,15.0,15.0,15.0,15.0,0
DRG,2021-08-10,15.0,15.0,15.0,15.0,0
DRG,2021-08-11,15.0,15.48,15.0,15.48,200
DRG,2021-08-12,15.29,15.48,15.48,15.48,0
DRG,2021-08-13,13.54,13.54,13.16,13.16,1600
DRG,2021-08-16,14.51,14.61,14.51,14.51,601
DRG,2021-08-17,15.48,15.48,15.48,15.48,100
DRG,2021-08-18,15.29,15.29,15.0,15.0,400
DRG,2021-08-19,15.09,15.0,15.0,15.0,0
DRG,2021-08-20,15.09,15.09,15.09,15.09,0
DRG,2021-08-23,15.09,15.0,15.0,15.0,0
DRG,2021-08-24,15.09,15.0,15.0,15.0,0
DRG,2021-08-25,15.09,15.0,15.0,15.0,0
DRG,2021-08-26,14.51,16.45,14.51,16.45,2000
DRG,2021-08-27,15.87,15.87,15.87,15.87,0
DRG,2021-08-30,15.87,16.06,15.87,16.06,400
DRG,2021-08-31,15.96,15.96,15.48,15.96,500
DRG,2021-09-01,17.22,17.99,15.48,17.41,600
DRG,2021-09-06,15.09,15.48,15.09,15.48,220
DRG,2021-09-07,14.61,14.9,14.61,14.9,700
DRG,2021-09-08,14.61,14.61,14.51,14.51,300
DRG,2021-09-09,13.64,14.41,13.64,14.12,1220
DRG,2021-09-10,13.83,15.48,13.83,14.9,400
DRG,2021-09-13,15.48,15.48,15.48,15.48,100
DRG,2021-09-14,15.48,16.45,15.48,16.45,200
DRG,2021-09-15,16.35,16.35,16.35,16.35,100
DRG,2021-09-16,17.32,17.32,17.32,17.32,100
DRG,2021-09-17,17.32,17.32,17.32,17.32,600
DRG,2021-09-20,16.93,19.35,16.93,18.38,2800
DRG,2021-09-21,19.35,19.35,17.41,17.41,700
DRG,2021-09-22,18.86,18.86,18.86,18.86,100
DRG,2021-09-23,18.86,18.86,18.86,18.86,0
DRG,2021-09-24,17.41,17.41,17.41,17.41,100
DRG,2021-09-27,18.38,18.38,18.28,18.28,500
DRG,2021-09-28,19.25,19.25,16.45,16.45,1300
DRG,2021-09-29,17.41,17.41,17.41,17.41,100
DRG,2021-09-30,16.45,16.45,16.45,16.45,200
DRG,2021-10-01,16.45,16.45,16.45,16.45,0
DRG,2021-10-04,17.32,17.32,17.32,17.32,100
DRG,2021-10-05,16.93,16.93,16.93,16.93,200
DRG,2021-10-06,15.77,15.77,15.29,15.29,3300
DRG,2021-10-07,15.38,15.38,15.38,15.38,0
DRG,2021-10-08,15.38,15.38,15.38,15.38,0
DRG,2021-10-11,14.8,17.61,14.8,17.61,2300
DRG,2021-10-12,17.51,17.51,17.41,17.41,1700
DRG,2021-10-13,15.48,15.48,15.48,15.48,400
DRG,2021-10-14,15.96,15.96,15.67,15.67,900
DRG,2021-10-15,15.77,16.64,15.77,16.64,1019
DRG,2021-10-18,17.41,17.41,17.41,17.41,100
DRG,2021-10-19,17.41,19.35,17.41,19.35,8210
DRG,2021-10-20,18.38,18.48,18.38,18.48,1400
DRG,2021-10-21,19.35,19.35,18.57,18.57,300
DRG,2021-10-22,17.41,18.86,17.41,18.86,1700
DRG,2021-10-25,17.41,17.41,15.96,15.96,44202
DRG,2021-10-26,15.48,16.16,14.9,15.48,67808
DRG,2021-10-27,15.58,16.64,15.58,16.06,64200
DRG,2021-10-28,15.96,15.96,15.58,15.58,46400
DRG,2021-10-29,15.48,16.45,15.48,16.45,46000
DRG,2021-11-01,15.96,15.96,15.58,15.58,58400
DRG,2021-11-02,15.67,15.87,15.29,15.38,51309
DRG,2021-11-03,15.48,16.06,15.19,15.19,38200
DRG,2021-11-04,15.19,15.38,14.51,15.29,51002
DRG,2021-11-05,14.7,15.19,14.7,15.0,23700
DRG,2021-11-08,15.0,15.96,14.9,15.48,57000
DRG,2021-11-09,15.38,16.16,15.09,15.96,91800
DRG,2021-11-10,16.06,17.9,16.06,17.32,192311
DRG,2021-11-11,17.12,17.61,16.74,16.74,98202
DRG,2021-11-12,17.12,18.86,16.35,17.61,139400
DRG,2021-11-15,18.38,18.38,17.8,17.9,104111
DRG,2021-11-16,17.9,17.99,16.93,17.22,55506
DRG,2021-11-17,17.41,18.28,16.64,18.09,148600
DRG,2021-11-18,17.7,20.22,17.7,20.22,200000
DRG,2021-11-19,21.28,22.83,20.51,22.83,229052
DRG,2021-11-22,22.25,23.7,20.12,20.12,150600
DRG,2021-11-23,21.19,21.77,18.96,21.09,142100
DRG,2021-11-24,20.51,23.22,20.51,22.83,93448
DRG,2021-11-25,22.83,22.83,20.99,22.25,56601
DRG,2021-11-26,22.44,22.54,21.28,21.77,69400
DRG,2021-11-29,20.8,20.8,20.03,20.32,69500
DRG,2021-11-30,20.32,21.38,20.32,21.28,52310
DRG,2021-12-01,20.61,21.09,20.61,20.8,30300
DRG,2021-12-02,19.64,21.28,19.64,20.32,44000
DRG,2021-12-03,19.93,21.09,18.86,21.09,80600
DRG,2021-12-06,19.54,20.32,18.86,19.06,24600
DRG,2021-12-07,19.25,20.03,18.57,19.16,48700
DRG,2021-12-08,19.35,19.35,18.86,19.06,31200
DRG,2021-12-09,18.77,19.35,18.77,19.35,11800
DRG,2021-12-10,19.45,19.93,19.16,19.16,30800
DRG,2021-12-13,19.25,19.74,19.16,19.16,23800
DRG,2021-12-14,19.35,19.35,18.67,18.67,26200
DRG,2021-12-15,19.83,19.83,18.48,19.35,17600
DRG,2021-12-16,18.77,19.45,18.77,19.25,39800
DRG,2021-12-17,18.86,19.45,18.19,18.77,39800
DRG,2021-12-20,18.77,18.77,17.8,18.19,27810
DRG,2021-12-21,18.09,18.09,17.32,17.41,34548
DRG,2021-12-22,17.41,17.8,16.93,17.61,50500
DRG,2021-12-23,17.32,17.41,16.83,17.03,14700
DRG,2021-12-24,16.93,17.9,16.83,17.7,41800
DRG,2021-12-27,17.51,18.57,17.12,18.57,20100
DRG,2021-12-28,17.41,18.38,17.41,17.9,14800
DRG,2021-12-29,17.9,18.09,17.22,17.22,20200
DRG,2021-12-30,17.7,17.7,17.41,17.51,12300
DRG,2021-12-31,17.7,17.7,17.32,17.7,17200
DRG,2022-01-04,17.41,17.9,17.32,17.32,13900
DRG,2022-01-05,17.22,17.51,17.12,17.41,19500
DRG,2022-01-06,17.32,17.51,17.22,17.32,18400
DRG,2022-01-07,17.41,17.41,17.03,17.12,25500
DRG,2022-01-10,17.12,17.61,17.12,17.22,25000
DRG,2022-01-11,17.41,17.61,16.93,16.93,21500
DRG,2022-01-12,15.48,16.74,14.61,15.96,26000
DRG,2022-01-13,17.32,17.32,15.96,16.35,20900
DRG,2022-01-14,16.35,16.45,15.87,16.45,4700
DRG,2022-01-17,15.48,15.96,15.48,15.48,13800
DRG,2022-01-18,15.48,15.48,14.03,14.51,8200
DRG,2022-01-19,14.7,14.7,14.51,14.61,4400
DRG,2022-01-20,13.64,14.7,13.64,13.74,3400
DRG,2022-01-21,14.41,15.67,14.41,15.48,18500
DRG,2022-01-24,15.87,15.87,13.54,14.03,4300
DRG,2022-01-25,14.51,14.51,14.12,14.12,2600
DRG,2022-01-26,14.22,14.41,13.64,14.41,2900
DRG,2022-01-27,13.74,13.83,13.54,13.83,5000
DRG,2022-01-28,13.74,13.74,13.74,13.74,1100
DRG,2022-02-07,15.38,15.38,15.38,15.38,100
DRG,2022-02-08,14.51,14.61,14.12,14.41,14800
DRG,2022-02-09,14.41,14.8,14.22,14.7,10700
DRG,2022-02-10,14.7,14.7,14.51,14.51,7100
DRG,2022-02-11,14.8,15.0,14.32,15.0,18600
DRG,2022-02-14,14.7,14.9,14.61,14.8,6400
DRG,2022-02-15,14.51,14.7,14.51,14.61,4500
DRG,2022-02-16,14.7,14.8,14.61,14.8,11800
DRG,2022-02-17,14.7,14.8,14.61,14.7,8500
DRG,2022-02-18,14.8,15.0,14.7,14.8,18000
DRG,2022-02-21,14.8,15.48,14.8,15.48,36100
DRG,2022-02-22,14.9,15.0,14.9,14.9,6900
DRG,2022-02-23,14.9,15.48,14.9,15.19,9200
DRG,2022-02-24,15.09,15.87,14.9,15.67,48900
DRG,2022-02-25,15.96,17.41,15.38,15.77,17300
DRG,2022-02-28,15.58,16.06,15.38,15.58,19100
DRG,2022-03-01,16.45,16.45,15.48,15.77,16600
DRG,2022-03-02,15.58,15.96,15.48,15.96,12500
DRG,2022-03-03,15.77,15.87,15.38,15.48,16700
DRG,2022-03-04,15.67,16.93,15.67,16.45,39900
DRG,2022-03-07,16.45,17.41,15.96,17.41,36000
DRG,2022-03-08,18.09,19.54,18.09,19.54,190400
DRG,2022-03-09,19.06,21.28,19.06,20.32,115619
DRG,2022-03-10,20.32,20.32,18.86,18.96,59100
DRG,2022-03-11,18.19,19.35,18.09,19.35,55230
DRG,2022-03-14,17.22,18.48,17.22,17.7,32500
DRG,2022-03-15,17.8,17.8,17.12,17.22,28500
DRG,2022-03-16,16.45,18.09,16.45,17.22,19900
DRG,2022-03-17,17.22,17.9,17.12,17.61,24400
DRG,2022-03-18,17.22,17.32,17.22,17.32,4200
DRG,2022-03-21,17.32,17.9,17.32,17.8,16600
DRG,2022-03-22,17.7,17.7,17.41,17.7,24900
DRG,2022-03-23,17.41,18.19,17.41,17.61,23000
DRG,2022-03-24,17.7,18.09,17.41,17.61,20300
DRG,2022-03-25,17.7,18.19,17.51,17.61,16900
DRG,2022-03-28,17.61,17.61,17.22,17.32,6800
DRG,2022-03-29,17.03,17.41,16.93,17.32,24100
DRG,2022-03-30,17.51,17.51,15.96,16.06,18700
DRG,2022-03-31,15.96,17.12,15.67,15.87,42300
DRG,2022-04-01,15.87,16.45,15.87,15.96,24800
DRG,2022-04-04,15.96,17.03,15.96,17.03,13400
DRG,2022-04-05,16.64,17.41,16.54,16.64,21300
DRG,2022-04-06,16.64,16.74,16.16,16.16,25000
DRG,2022-04-07,16.45,16.54,16.06,16.06,6000
DRG,2022-04-08,15.96,16.16,14.51,15.29,16500
DRG,2022-04-12,14.8,15.48,14.61,14.61,15900
DRG,2022-04-13,15.0,15.38,14.61,15.38,2300
DRG,2022-04-14,15.09,15.48,14.8,15.48,13500
DRG,2022-04-15,14.8,15.96,14.7,15.67,3800
DRG,2022-04-18,15.96,16.16,15.19,15.48,17200
DRG,2022-04-19,15.19,15.48,14.9,14.9,31900
DRG,2022-04-20,14.7,14.7,14.61,14.7,13900
DRG,2022-04-21,14.41,14.61,13.64,14.22,19800
DRG,2022-04-22,14.22,14.32,13.74,13.93,7700
DRG,2022-04-25,13.35,13.45,13.06,13.06,32100
DRG,2022-04-26,13.16,13.35,13.16,13.35,9800
DRG,2022-04-27,13.25,13.25,13.25,13.25,100
DRG,2022-04-28,13.25,13.54,13.25,13.45,2200
DRG,2022-04-29,13.54,13.64,13.16,13.54,16100
DRG,2022-05-04,13.54,14.51,13.54,14.51,2600
DRG,2022-05-05,14.22,14.32,14.03,14.03,3400
DRG,2022-05-06,14.61,14.61,13.54,13.54,8800
DRG,2022-05-09,12.96,12.96,12.29,12.29,9600
DRG,2022-05-10,14.32,14.32,12.0,12.58,5400
DRG,2022-05-11,12.09,12.38,11.61,12.19,2300
DRG,2022-05-12,12.0,13.06,11.9,11.9,6700
DRG,2022-05-13,10.93,11.9,10.93,10.93,10500
DRG,2022-05-16,11.32,11.32,11.32,11.32,2200
DRG,2022-05-17,11.32,11.61,11.32,11.42,3200
DRG,2022-05-18,12.58,12.58,11.61,11.61,900
DRG,2022-05-19,11.61,13.35,11.61,13.06,600
DRG,2022-05-20,13.74,13.74,10.74,13.25,900
DRG,2022-05-23,13.06,13.06,12.96,12.96,2800
DRG,2022-05-24,12.96,12.96,12.96,12.96,0
DRG,2022-05-25,12.87,12.96,12.87,12.96,200
DRG,2022-05-26,12.87,12.96,11.61,12.09,8400
DRG,2022-05-27,12.87,12.87,12.87,12.87,1200
DRG,2022-05-30,12.87,12.87,12.58,12.77,5600
DRG,2022-05-31,12.77,12.77,12.48,12.48,8100
DRG,2022-06-01,12.77,12.77,12.09,12.48,1000
DRG,2022-06-02,12.19,12.58,12.19,12.58,5500
DRG,2022-06-03,12.48,12.48,11.61,11.61,600
DRG,2022-06-06,13.54,13.54,12.38,12.48,8900
DRG,2022-06-07,12.58,12.58,12.48,12.58,500
DRG,2022-06-08,13.25,13.25,13.16,13.25,5800
DRG,2022-06-09,13.25,13.25,12.58,13.25,1000
DRG,2022-06-10,13.25,13.25,12.58,12.58,2400
DRG,2022-06-13,12.67,12.67,12.38,12.48,2900
DRG,2022-06-14,12.58,13.06,12.58,13.06,300
DRG,2022-06-15,12.09,12.38,12.09,12.09,2300
DRG,2022-06-16,12.48,12.48,11.71,11.8,3300
DRG,2022-06-17,13.54,13.54,12.48,12.48,300
DRG,2022-06-20,12.87,12.87,12.87,12.87,0
DRG,2022-06-21,12.87,12.87,12.87,12.87,0
DRG,2022-06-22,11.03,12.38,11.03,11.13,4100
DRG,2022-06-23,12.58,12.58,12.58,12.58,100
DRG,2022-06-24,12.58,12.58,12.58,12.58,0
DRG,2022-06-27,10.84,12.09,10.84,11.03,5000
DRG,2022-06-28,11.22,11.42,10.93,11.13,22400
DRG,2022-06-29,12.0,12.0,10.93,11.03,2200
DRG,2022-06-30,11.13,11.61,11.13,11.22,7600
DRG,2022-07-01,12.0,12.0,12.0,12.0,100
DRG,2022-07-04,12.0,12.0,12.0,12.0,0
DRG,2022-07-05,10.25,10.45,10.25,10.45,1300
DRG,2022-07-06,10.35,10.35,10.35,10.35,5200
DRG,2022-07-07,10.35,10.35,10.35,10.35,400
DRG,2022-07-08,10.35,10.54,10.35,10.54,1800
DRG,2022-07-11,10.45,10.45,10.45,10.45,0
DRG,2022-07-12,10.45,10.45,10.45,10.45,0
DRG,2022-07-13,10.45,10.54,10.45,10.54,1300
DRG,2022-07-14,10.54,10.54,10.54,10.54,1200
DRG,2022-07-15,10.54,10.54,10.25,10.25,1600
DRG,2022-07-18,10.45,10.45,10.45,10.45,100
DRG,2022-07-19,9.29,10.54,9.19,10.54,10200
DRG,2022-07-20,10.84,10.84,10.84,10.84,100
DRG,2022-07-21,10.84,10.84,10.84,10.84,0
DRG,2022-07-22,10.74,10.74,10.64,10.64,3300
DRG,2022-07-25,10.64,10.64,10.64,10.64,400
DRG,2022-07-26,10.64,10.64,10.64,10.64,0
DRG,2022-07-27,10.64,10.64,10.64,10.64,0
DRG,2022-07-28,9.67,10.25,9.67,10.25,1600
DRG,2022-07-29,10.06,10.16,9.87,9.87,5300
DRG,2022-08-01,9.48,9.77,9.48,9.67,1500
DRG,2022-08-02,10.35,10.35,10.16,10.16,200
DRG,2022-08-03,10.25,10.25,10.25,10.25,0
DRG,2022-08-04,9.67,10.16,9.67,10.16,300
DRG,2022-08-05,9.19,10.25,9.19,10.16,6900
DRG,2022-08-08,9.96,10.16,9.77,10.16,6400
DRG,2022-08-09,10.35,10.54,10.35,10.54,8100
DRG,2022-08-10,9.96,10.54,9.96,10.54,1300
DRG,2022-08-11,10.06,10.06,9.96,9.96,1100
DRG,2022-08-12,10.54,10.54,9.87,9.87,6100
DRG,2022-08-15,10.45,10.45,9.87,9.87,1600
DRG,2022-08-16,10.06,10.06,9.67,10.06,1300
DRG,2022-08-17,9.96,9.96,9.96,9.96,300
DRG,2022-08-18,9.48,9.48,9.48,9.48,500
DRG,2022-08-19,9.48,9.58,9.48,9.58,4700
DRG,2022-08-22,9.58,9.58,9.58,9.58,600
DRG,2022-08-23,9.58,9.58,9.58,9.58,300
DRG,2022-08-24,10.06,10.06,10.06,10.06,400
DRG,2022-08-25,10.06,10.06,10.06,10.06,0
DRG,2022-08-26,9.58,10.06,9.58,10.06,4200
DRG,2022-08-29,9.96,9.96,9.96,9.96,100
DRG,2022-08-30,9.96,9.96,9.96,9.96,4100
DRG,2022-08-31,9.0,9.96,9.0,9.77,5802
DRG,2022-09-05,9.19,9.96,9.0,9.96,2700
DRG,2022-09-06,9.96,9.96,9.96,9.96,100
DRG,2022-09-07,9.96,9.96,9.96,9.96,0
DRG,2022-09-08,9.96,9.96,9.96,9.96,0
DRG,2022-09-09,9.77,9.77,9.77,9.77,100
DRG,2022-09-12,9.77,9.77,9.77,9.77,0
DRG,2022-09-13,9.67,9.67,9.19,9.58,602
DRG,2022-09-14,9.09,9.09,9.09,9.09,2000
DRG,2022-09-15,9.0,9.58,9.0,9.58,600
DRG,2022-09-16,9.09,9.09,9.09,9.09,100
DRG,2022-09-19,8.8,8.8,8.8,8.8,300
DRG,2022-09-20,8.8,8.8,8.8,8.8,0
DRG,2022-09-21,8.8,8.8,8.8,8.8,0
DRG,2022-09-22,9.29,9.29,8.22,9.29,1100
DRG,2022-09-23,8.61,8.61,8.61,8.61,0
DRG,2022-09-26,8.61,9.09,7.84,9.09,1200
DRG,2022-09-27,9.09,9.09,9.09,9.09,100
DRG,2022-09-28,9.09,9.09,9.09,9.09,0
DRG,2022-09-29,9.09,9.67,9.09,9.67,3000
DRG,2022-09-30,9.58,9.58,9.58,9.58,0
DRG,2022-10-03,8.71,8.71,8.22,8.71,1000
DRG,2022-10-04,9.48,9.48,9.38,9.38,4200
DRG,2022-10-05,9.38,9.38,9.29,9.29,800
DRG,2022-10-06,9.38,9.38,9.38,9.38,0
DRG,2022-10-07,8.03,8.13,8.03,8.13,1001
DRG,2022-10-10,6.97,8.71,6.97,8.71,1900
DRG,2022-10-11,6.29,6.29,6.09,6.19,1700
DRG,2022-10-12,6.77,6.87,6.77,6.87,600
DRG,2022-10-13,7.26,7.45,7.26,7.45,600
DRG,2022-10-14,7.64,7.64,7.35,7.35,300
DRG,2022-10-17,7.64,7.64,7.64,7.64,100
DRG,2022-10-18,7.64,7.64,7.64,7.64,0
DRG,2022-10-19,6.58,7.55,6.58,6.87,3000
DRG,2022-10-20,7.64,7.64,7.64,7.64,100
DRG,2022-10-21,7.64,7.64,7.64,7.64,100
DRG,2022-10-24,7.26,7.26,7.26,7.26,500
DRG,2022-10-25,7.26,7.26,7.26,7.26,3000
DRG,2022-10-26,6.97,6.97,6.97,6.97,100
DRG,2022-10-27,6.97,6.97,6.77,6.77,300
DRG,2022-10-28,6.87,6.87,6.87,6.87,0
DRG,2022-10-31,6.87,6.87,6.87,6.87,0
DRG,2022-11-01,6.87,6.87,6.87,6.87,0
DRG,2022-11-02,6.87,6.87,6.87,6.87,0
DRG,2022-11-03,6.87,6.87,6.87,6.87,0
DRG,2022-11-04,6.87,6.87,6.87,6.87,0
DRG,2022-11-07,6.77,6.77,6.77,6.77,100
DRG,2022-11-08,6.77,6.77,6.77,6.77,0
DRG,2022-11-09,6.77,6.77,6.77,6.77,0
DRG,2022-11-10,6.77,6.77,6.77,6.77,0
DRG,2022-11-11,6.68,6.68,6.68,6.68,100
DRG,2022-11-14,6.68,6.68,6.68,6.68,0
DRG,2022-11-15,6.68,6.68,6.68,6.68,0
DRG,2022-11-16,6.58,6.68,5.8,6.58,2600
DRG,2022-11-17,6.58,6.77,6.58,6.77,200
DRG,2022-11-18,6.68,6.68,6.68,6.68,0
DRG,2022-11-21,5.8,6.68,5.8,6.68,300
DRG,2022-11-22,5.51,6.38,5.51,6.38,3200
DRG,2022-11-23,5.8,6.29,5.71,6.29,5300
DRG,2022-11-24,6.29,6.29,6.29,6.29,100
DRG,2022-11-25,6.29,6.29,6.29,6.29,0
DRG,2022-11-28,6.29,6.29,6.29,6.29,100
DRG,2022-11-29,6.29,6.29,6.29,6.29,200
DRG,2022-11-30,6.38,6.38,6.38,6.38,4800
DRG,2022-12-01,6.38,6.58,6.38,6.58,2900
DRG,2022-12-02,6.58,6.68,6.58,6.68,4800
DRG,2022-12-05,6.87,6.87,6.0,6.87,900
DRG,2022-12-06,6.48,6.58,6.48,6.58,300
DRG,2022-12-07,5.71,6.97,5.61,6.48,7800
DRG,2022-12-08,6.29,6.48,6.29,6.48,4000
DRG,2022-12-09,6.48,6.48,6.48,6.48,0
DRG,2022-12-12,6.48,6.48,6.48,6.48,0
DRG,2022-12-13,6.38,6.38,6.38,6.38,2000
DRG,2022-12-14,6.38,6.38,6.38,6.38,4200
DRG,2022-12-15,6.38,6.38,6.38,6.38,2100
DRG,2022-12-16,6.48,6.48,6.38,6.38,1800
DRG,2022-12-19,6.48,6.48,6.48,6.48,0
DRG,2022-12-20,6.48,6.48,6.48,6.48,0
DRG,2022-12-21,6.48,6.48,6.48,6.48,0
DRG,2022-12-22,6.48,6.48,6.48,6.48,0
DRG,2022-12-23,6.48,6.48,6.48,6.48,2000
DRG,2022-12-26,6.48,6.48,6.48,6.48,1500
DRG,2022-12-27,6.48,6.48,6.48,6.48,2000
DRG,2022-12-28,5.51,5.51,5.51,5.51,300
DRG,2022-12-29,6.29,6.29,6.29,6.29,100
DRG,2022-12-30,5.51,5.61,5.51,5.61,4500
DRG,2023-01-03,6.09,6.09,6.09,6.09,100
DRG,2023-01-04,5.51,5.51,5.42,5.51,5100
DRG,2023-01-05,5.51,6.19,5.51,6.19,200
DRG,2023-01-06,5.9,5.9,5.9,5.9,600
DRG,2023-01-09,5.9,5.9,5.9,5.9,2600
DRG,2023-01-10,5.9,5.9,5.71,5.71,3000
DRG,2023-01-11,5.8,5.8,5.61,5.61,5600
DRG,2023-01-12,5.8,5.8,5.61,5.61,5200
DRG,2023-01-13,5.8,5.8,5.8,5.8,0
DRG,2023-01-16,5.8,5.8,5.8,5.8,0
DRG,2023-01-17,5.8,5.8,5.8,5.8,0
DRG,2023-01-18,5.8,5.8,5.8,5.8,0
DRG,2023-01-19,5.8,6.09,5.8,6.09,300
DRG,2023-01-27,6.0,6.0,6.0,6.0,100
DRG,2023-01-30,6.09,6.77,6.09,6.77,2900
DRG,2023-01-31,6.77,6.77,6.77,6.77,0
DRG,2023-02-01,6.68,6.68,6.68,6.68,100
DRG,2023-02-02,6.68,6.68,6.68,6.68,0
DRG,2023-02-03,6.68,6.68,6.68,6.68,200
DRG,2023-02-06,6.68,6.68,6.68,6.68,0
DRG,2023-02-07,6.68,6.68,6.68,6.68,0
DRG,2023-02-08,6.77,6.77,6.77,6.77,3800
DRG,2023-02-09,6.87,6.87,6.87,6.87,500
DRG,2023-02-10,7.16,7.16,6.29,6.29,14700
DRG,2023-02-13,6.68,6.68,6.68,6.68,0
DRG,2023-02-14,6.68,6.68,6.68,6.68,0
DRG,2023-02-15,7.55,7.55,7.55,7.55,100
DRG,2023-02-16,7.35,7.35,7.35,7.35,600
DRG,2023-02-17,7.35,7.55,7.35,7.45,3600
DRG,2023-02-20,7.55,7.55,7.55,7.55,2701
DRG,2023-02-21,7.55,7.55,7.55,7.55,0
DRG,2023-02-22,6.77,7.55,6.77,7.55,2900
DRG,2023-02-23,7.06,7.06,7.06,7.06,3800
DRG,2023-02-24,7.06,7.06,7.06,7.06,1000
DRG,2023-02-27,7.06,7.06,7.06,7.06,1000
DRG,2023-02-28,6.38,6.38,6.38,6.38,800
DRG,2023-03-01,6.77,6.77,6.77,6.77,1800
DRG,2023-03-02,6.77,6.77,6.77,6.77,0
DRG,2023-03-03,6.77,6.77,6.77,6.77,100
DRG,2023-03-06,6.77,6.77,6.77,6.77,500
DRG,2023-03-07,6.77,6.77,6.77,6.77,0
DRG,2023-03-08,6.77,6.77,6.77,6.77,0
DRG,2023-03-09,6.77,6.97,6.77,6.97,500
DRG,2023-03-10,6.97,7.45,6.97,7.26,3431
DRG,2023-03-13,7.26,7.26,7.26,7.26,0
DRG,2023-03-14,7.26,7.26,7.26,7.26,0
DRG,2023-03-15,7.26,7.26,7.26,7.26,0
DRG,2023-03-16,7.26,7.26,7.26,7.26,0
DRG,2023-03-17,7.26,7.26,7.26,7.26,0
DRG,2023-03-20,7.26,7.26,7.26,7.26,100
DRG,2023-03-21,7.26,7.26,7.26,7.26,0
DRG,2023-03-22,7.26,7.26,7.26,7.26,0
DRG,2023-03-23,7.26,7.26,7.26,7.26,0
DRG,2023-03-24,7.26,7.26,7.26,7.26,0
DRG,2023-03-27,7.26,7.26,7.26,7.26,0
DRG,2023-03-28,7.26,7.26,7.26,7.26,0
DRG,2023-03-29,7.26,7.26,7.26,7.26,0
DRG,2023-03-30,7.26,7.26,7.26,7.26,0
DRG,2023-03-31,7.26,7.26,7.26,7.26,0
DRG,2023-04-03,6.68,6.87,6.68,6.87,6100
DRG,2023-04-04,6.77,7.16,6.77,7.16,600
DRG,2023-04-05,6.87,6.87,6.87,6.87,100
DRG,2023-04-06,6.87,6.87,6.77,6.77,1000
DRG,2023-04-07,6.87,6.87,6.87,6.87,400
DRG,2023-04-10,6.87,6.87,6.87,6.87,200
DRG,2023-04-11,6.87,6.87,6.87,6.87,0
DRG,2023-04-12,6.87,6.87,6.87,6.87,2500
DRG,2023-04-13,6.87,6.87,6.68,6.68,6300
DRG,2023-04-14,6.77,6.77,6.68,6.68,600
DRG,2023-04-17,6.77,6.77,6.77,6.77,0
DRG,2023-04-18,6.77,6.77,6.68,6.68,3000
DRG,2023-04-19,6.68,6.68,6.68,6.68,1000
DRG,2023-04-20,6.68,6.68,6.68,6.68,0
DRG,2023-04-21,5.8,6.97,5.8,6.97,300
DRG,2023-04-24,6.58,6.58,6.58,6.58,1100
DRG,2023-04-25,6.58,6.58,6.58,6.58,0
DRG,2023-04-26,6.58,6.58,6.58,6.58,0
DRG,2023-04-27,7.35,7.35,7.35,7.35,500
DRG,2023-04-28,6.58,6.58,6.58,6.58,200
DRG,2023-05-04,6.58,6.58,6.58,6.58,2600
DRG,2023-05-05,7.16,7.16,7.16,7.16,501
DRG,2023-05-08,7.06,7.06,7.06,7.06,500
DRG,2023-05-09,7.06,7.06,7.06,7.06,0
DRG,2023-05-10,7.06,7.06,7.06,7.06,0
DRG,2023-05-11,6.58,7.35,6.58,7.26,900
DRG,2023-05-12,7.16,7.26,6.68,6.68,1800
DRG,2023-05-15,6.68,6.68,6.58,6.58,2400
DRG,2023-05-16,6.58,6.58,6.58,6.58,0
DRG,2023-05-17,6.77,6.77,6.58,6.58,600
DRG,2023-05-18,6.58,7.16,6.58,7.16,1000
DRG,2023-05-19,6.87,6.87,6.87,6.87,0
DRG,2023-05-22,6.77,6.77,6.77,6.77,100
DRG,2023-05-23,6.77,7.74,6.77,7.55,38991
DRG,2023-05-24,7.55,7.55,7.55,7.55,0
DRG,2023-05-25,7.45,7.45,6.68,6.68,600
DRG,2023-05-26,6.87,6.87,6.87,6.87,7000
DRG,2023-05-29,6.87,6.87,6.87,6.87,200
DRG,2023-05-30,6.87,6.87,6.87,6.87,200
DRG,2023-05-31,6.87,6.87,6.87,6.87,0
DRG,2023-06-01,6.97,7.45,6.87,6.87,4119
DRG,2023-06-02,7.35,7.35,6.87,6.87,11501
DRG,2023-06-05,6.87,6.87,6.87,6.87,7100
DRG,2023-06-06,6.87,6.87,6.87,6.87,0
DRG,2023-06-07,6.87,6.87,6.87,6.87,1700
DRG,2023-06-08,6.87,7.16,6.87,7.16,3000
DRG,2023-06-09,7.06,7.06,7.06,7.06,1300
DRG,2023-06-12,7.06,7.06,7.06,7.06,0
DRG,2023-06-13,7.06,7.26,7.06,7.16,2100
DRG,2023-06-14,7.16,7.26,6.87,7.26,5400
DRG,2023-06-15,7.16,7.16,7.16,7.16,0
DRG,2023-06-16,7.16,7.16,7.16,7.16,1
DRG,2023-06-19,6.77,6.77,6.77,6.77,900
DRG,2023-06-20,6.87,6.87,6.87,6.87,500
DRG,2023-06-21,6.87,6.87,6.87,6.87,1000
DRG,2023-06-22,6.87,6.87,6.87,6.87,4001
DRG,2023-06-23,6.87,6.87,6.87,6.87,500
DRG,2023-06-26,6.87,6.87,6.87,6.87,300
DRG,2023-06-27,6.87,6.87,6.87,6.87,2
DRG,2023-06-28,6.87,6.87,6.87,6.87,0
DRG,2023-06-29,6.87,6.87,6.87,6.87,2000
DRG,2023-06-30,6.87,6.87,6.87,6.87,100
DRG,2023-07-03,6.87,6.87,6.87,6.87,500
DRG,2023-07-04,6.87,6.87,6.87,6.87,10
DRG,2023-07-05,6.87,6.87,6.87,6.87,0
DRG,2023-07-06,6.87,6.87,6.87,6.87,0
DRG,2023-07-07,6.87,6.87,6.87,6.87,0
DRG,2023-07-10,6.87,6.87,6.87,6.87,0
DRG,2023-07-11,6.87,6.87,6.87,6.87,11
DRG,2023-07-12,6.77,6.77,6.77,6.77,400
DRG,2023-07-13,7.26,7.26,6.87,7.26,306
DRG,2023-07-14,7.16,7.16,7.16,7.16,0
DRG,2023-07-17,7.26,7.26,7.26,7.26,100
DRG,2023-07-18,7.26,7.26,7.26,7.26,300
DRG,2023-07-19,6.77,6.77,6.77,6.77,1000
DRG,2023-07-20,6.77,6.87,6.77,6.87,900
DRG,2023-07-21,6.87,6.87,6.87,6.87,12800
DRG,2023-07-24,6.77,7.26,6.77,6.87,6200
DRG,2023-07-25,6.87,6.87,6.87,6.87,500
DRG,2023-07-26,6.87,6.87,6.87,6.87,10100
DRG,2023-07-27,6.87,6.87,6.87,6.87,200
DRG,2023-07-28,6.87,6.87,6.87,6.87,901
DRG,2023-07-31,6.87,6.87,6.77,6.77,901
DRG,2023-08-01,6.77,6.77,6.77,6.77,1500
DRG,2023-08-02,6.77,6.77,6.77,6.77,200
DRG,2023-08-03,6.77,7.26,6.77,7.26,234
DRG,2023-08-04,6.77,6.77,6.68,6.68,1300
DRG,2023-08-07,6.77,6.77,6.77,6.77,601
DRG,2023-08-08,7.26,7.26,7.26,7.26,5042
DRG,2023-08-09,7.74,7.74,7.74,7.74,200
DRG,2023-08-10,7.74,7.74,7.74,7.74,0
DRG,2023-08-11,7.74,7.74,7.74,7.74,0
DRG,2023-08-14,6.97,7.06,6.97,7.06,1100
DRG,2023-08-15,6.87,6.87,6.87,6.87,500
DRG,2023-08-16,6.87,6.87,6.77,6.77,2617
DRG,2023-08-17,6.87,6.97,6.87,6.97,3900
DRG,2023-08-18,6.77,6.77,6.09,6.68,1900
DRG,2023-08-21,6.38,6.38,6.19,6.19,700
DRG,2023-08-22,6.29,6.29,6.29,6.29,0
DRG,2023-08-23,6.29,6.38,6.29,6.38,2500
DRG,2023-08-24,6.38,6.38,6.38,6.38,0
DRG,2023-08-25,6.38,6.38,6.38,6.38,1000
DRG,2023-08-28,6.38,6.38,6.38,6.38,1
DRG,2023-08-29,7.06,7.06,7.06,7.06,100
DRG,2023-08-30,7.06,7.06,7.06,7.06,56
DRG,2023-08-31,7.06,7.06,7.06,7.06,200
DRG,2023-09-05,6.48,6.58,6.48,6.58,515
DRG,2023-09-06,6.48,6.48,6.48,6.48,0
DRG,2023-09-07,6.77,6.77,6.68,6.68,5754
DRG,2023-09-08,6.77,6.77,6.77,6.77,25
DRG,2023-09-11,6.87,6.87,6.77,6.77,822
DRG,2023-09-12,6.68,6.97,6.68,6.97,5500
DRG,2023-09-13,6.87,6.97,6.58,6.58,6500
DRG,2023-09-14,6.77,6.77,6.77,6.77,100
DRG,2023-09-15,6.97,6.97,6.77,6.77,800
DRG,2023-09-18,6.87,6.87,6.87,6.87,600
DRG,2023-09-19,6.77,6.77,6.77,6.77,500
DRG,2023-09-20,6.87,6.87,6.87,6.87,1500
DRG,2023-09-21,6.77,6.77,6.77,6.77,500
DRG,2023-09-22,6.77,6.87,6.77,6.77,2900
DRG,2023-09-25,6.77,6.77,6.77,6.77,2000
DRG,2023-09-26,6.77,6.77,6.77,6.77,0
DRG,2023-09-27,6.77,6.77,6.77,6.77,100
DRG,2023-09-28,6.77,6.77,6.77,6.77,1700
DRG,2023-09-29,6.77,6.77,6.77,6.77,1305
DRG,2023-10-02,6.77,6.77,6.77,6.77,0
DRG,2023-10-03,6.77,6.77,6.77,6.77,0
DRG,2023-10-04,6.77,6.77,6.77,6.77,0
DRG,2023-10-05,6.77,6.77,6.77,6.77,0
DRG,2023-10-06,6.29,6.77,6.29,6.77,3800
DRG,2023-10-09,6.48,6.48,6.48,6.48,0
DRG,2023-10-10,6.48,6.58,6.48,6.58,3000
DRG,2023-10-11,6.77,6.77,6.77,6.77,800
DRG,2023-10-12,6.77,6.77,6.77,6.77,0
DRG,2023-10-13,6.77,6.77,6.48,6.48,1000
DRG,2023-10-16,6.58,6.58,6.58,6.58,300
DRG,2023-10-17,6.58,6.58,6.58,6.58,500
DRG,2023-10-18,6.77,6.77,6.58,6.58,1200
DRG,2023-10-19,6.77,6.77,6.77,6.77,1000
DRG,2023-10-20,6.77,6.77,6.77,6.77,0
DRG,2023-10-23,6.77,6.77,6.77,6.77,0
DRG,2023-10-24,6.77,6.77,6.77,6.77,1000
DRG,2023-10-25,6.77,6.77,6.77,6.77,1000
DRG,2023-10-26,6.77,6.77,6.77,6.77,0
DRG,2023-10-27,6.77,6.77,6.77,6.77,0
DRG,2023-10-30,6.77,6.77,6.77,6.77,0
DRG,2023-10-31,6.77,6.77,6.77,6.77,0
DRG,2023-11-01,6.77,6.77,6.77,6.77,0
DRG,2023-11-02,6.77,6.77,6.77,6.77,0
DRG,2023-11-03,6.77,6.77,6.77,6.77,0
DRG,2023-11-06,6.77,6.77,6.77,6.77,1
DRG,2023-11-07,5.9,5.9,5.9,5.9,5000
DRG,2023-11-08,5.9,5.9,5.9,5.9,0
DRG,2023-11-09,5.9,5.9,5.9,5.9,0
DRG,2023-11-10,6.0,6.0,6.0,6.0,500
DRG,2023-11-13,6.0,6.0,6.0,6.0,0
DRG,2023-11-14,6.0,6.0,6.0,6.0,0
DRG,2023-11-15,6.0,6.0,6.0,6.0,0
DRG,2023-11-16,5.13,5.13,5.13,5.13,100000
DRG,2023-11-17,5.8,5.8,5.8,5.8,1121
DRG,2023-11-20,6.68,6.68,6.68,6.68,100
DRG,2023-11-21,6.97,6.97,6.97,6.97,100
DRG,2023-11-22,6.87,6.87,6.87,6.87,100000
DRG,2023-11-23,6.97,6.97,6.97,6.97,800
DRG,2023-11-24,6.97,6.97,6.97,6.97,0
DRG,2023-11-27,6.97,6.97,6.97,6.97,0
DRG,2023-11-28,6.97,6.97,6.97,6.97,0
DRG,2023-11-29,6.97,6.97,6.97,6.97,0
DRG,2023-11-30,6.97,6.97,6.97,6.97,0
DRG,2023-12-01,6.97,6.97,6.97,6.97,0
DRG,2023-12-04,6.97,6.97,6.97,6.97,0
DRG,2023-12-05,6.97,6.97,6.97,6.97,0
DRG,2023-12-06,6.0,6.0,6.0,6.0,10000
DRG,2023-12-07,6.0,6.0,6.0,6.0,3100
DRG,2023-12-08,6.0,6.0,6.0,6.0,1001
DRG,2023-12-11,6.0,6.29,6.0,6.29,1300
DRG,2023-12-12,6.38,6.38,6.38,6.38,400
DRG,2023-12-13,6.87,6.87,6.77,6.77,1324
DRG,2023-12-14,6.87,6.87,6.77,6.77,3000
DRG,2023-12-15,6.77,6.77,6.77,6.77,0
DRG,2023-12-18,5.8,5.8,5.8,5.8,8606
DRG,2023-12-19,5.8,5.8,5.8,5.8,0
DRG,2023-12-20,6.68,6.68,5.8,6.68,7801
DRG,2023-12-21,5.9,5.9,5.9,5.9,1
DRG,2023-12-22,6.58,6.58,6.58,6.58,301
DRG,2023-12-25,6.58,6.58,6.58,6.58,121
DRG,2023-12-26,6.58,6.58,6.58,6.58,600
DRG,2023-12-27,7.06,7.06,6.58,6.58,200
DRG,2023-12-28,6.87,6.87,6.87,6.87,0
DRG,2023-12-29,6.87,6.87,6.87,6.87,0
DRG,2024-01-02,6.87,6.87,6.87,6.87,1
DRG,2024-01-03,6.87,6.87,6.87,6.87,0
DRG,2024-01-04,6.87,6.87,6.87,6.87,0
DRG,2024-01-05,6.87,6.87,6.87,6.87,0
DRG,2024-01-08,6.87,6.87,6.87,6.87,0
DRG,2024-01-09,6.87,6.87,6.87,6.87,0
DRG,2024-01-10,6.87,6.87,6.87,6.87,0
DRG,2024-01-11,5.9,6.68,5.9,6.68,10300
DRG,2024-01-12,6.09,6.48,6.09,6.09,2600
DRG,2024-01-15,6.19,6.48,6.19,6.48,8100
DRG,2024-01-16,6.48,6.48,6.38,6.38,14700
DRG,2024-01-17,5.8,6.29,5.8,6.29,4000
DRG,2024-01-18,6.09,6.09,6.09,6.09,100
DRG,2024-01-19,6.48,6.48,6.48,6.48,1500
DRG,2024-01-22,6.38,6.48,6.38,6.38,5700
DRG,2024-01-23,6.0,6.38,6.0,6.38,2000
DRG,2024-01-24,6.19,6.19,6.19,6.19,2700
DRG,2024-01-25,6.19,6.19,6.19,6.19,0
DRG,2024-01-26,5.8,6.29,5.8,6.29,5501
DRG,2024-01-29,6.09,6.09,6.09,6.09,0
DRG,2024-01-30,6.48,6.48,6.19,6.29,5600
DRG,2024-01-31,6.38,6.38,6.19,6.19,500
DRG,2024-02-01,6.19,6.29,6.09,6.19,2300
DRG,2024-02-02,6.29,6.38,6.29,6.38,4500
DRG,2024-02-05,6.29,6.29,6.29,6.29,0
DRG,2024-02-06,6.29,6.29,6.29,6.29,0
DRG,2024-02-07,6.29,6.29,6.29,6.29,0
DRG,2024-02-15,6.29,6.29,6.29,6.29,300
DRG,2024-02-16,6.38,6.48,6.29,6.48,10000
DRG,2024-02-19,6.48,6.48,6.38,6.38,4800
DRG,2024-02-20,6.38,6.38,6.38,6.38,2410
DRG,2024-02-21,6.38,6.38,6.19,6.19,28227
DRG,2024-02-22,6.38,6.38,6.38,6.38,2600
DRG,2024-02-23,6.38,6.68,6.29,6.29,30100
DRG,2024-02-26,6.29,6.38,6.29,6.38,1300
DRG,2024-02-27,6.68,6.68,6.48,6.48,240
DRG,2024-02-28,6.58,6.58,6.48,6.58,1600
DRG,2024-02-29,6.48,6.48,6.38,6.38,6400
DRG,2024-03-01,6.48,6.58,6.48,6.58,1100
DRG,2024-03-04,6.48,6.48,6.48,6.48,6700
DRG,2024-03-05,6.48,6.48,6.48,6.48,1500
DRG,2024-03-06,6.48,6.58,6.48,6.48,1400
DRG,2024-03-07,6.48,6.48,6.48,6.48,0
DRG,2024-03-08,6.48,6.48,6.48,6.48,0
DRG,2024-03-11,6.38,6.77,6.29,6.68,4800
DRG,2024-03-12,6.68,6.97,6.48,6.97,27000
DRG,2024-03-13,6.97,6.97,6.48,6.87,11900
DRG,2024-03-14,6.87,6.97,6.68,6.87,5200
DRG,2024-03-15,6.87,7.84,6.87,7.84,135547
DRG,2024-03-18,8.51,8.71,8.51,8.71,78035
DRG,2024-03-19,9.67,9.96,9.0,9.67,105600
DRG,2024-03-20,9.67,9.67,8.9,8.9,61579
DRG,2024-03-21,9.19,9.29,8.8,9.09,28300
DRG,2024-03-22,9.09,9.09,8.61,8.71,37230
DRG,2024-03-25,8.71,8.8,8.61,8.61,9617
DRG,2024-03-26,8.61,9.96,8.61,9.96,122532
DRG,2024-03-27,10.93,10.93,10.25,10.35,39701
DRG,2024-03-28,10.64,10.64,9.38,9.87,53437
DRG,2024-03-29,10.54,10.54,9.77,9.77,26053
DRG,2024-04-01,9.77,9.77,9.38,9.58,30711
DRG,2024-04-02,9.48,10.06,9.29,9.96,24124
DRG,2024-04-03,9.96,9.96,9.77,9.77,42406
DRG,2024-04-04,9.38,9.87,9.38,9.48,14803
DRG,2024-04-05,9.48,9.67,9.48,9.58,21399
DRG,2024-04-08,9.38,9.48,9.38,9.38,18100
DRG,2024-04-09,9.48,9.67,9.29,9.67,11706
DRG,2024-04-10,10.16,10.16,8.9,8.9,70000
DRG,2024-04-11,9.19,9.58,9.19,9.58,1100
DRG,2024-04-12,9.19,9.48,8.9,9.38,16200
DRG,2024-04-15,8.8,9.96,8.8,9.58,50515
DRG,2024-04-16,9.0,9.38,8.9,9.19,15900
DRG,2024-04-17,9.38,9.58,8.8,9.29,33500
DRG,2024-04-19,9.48,9.48,8.13,8.22,23800
DRG,2024-04-22,8.51,8.51,8.22,8.51,5100
DRG,2024-04-23,8.9,9.29,8.13,8.13,11400
DRG,2024-04-24,8.61,8.61,8.61,8.61,1200
DRG,2024-04-25,8.42,8.42,8.42,8.42,4700
DRG,2024-04-26,8.22,8.22,7.93,7.93,4600
DRG,2024-05-02,8.03,8.22,7.74,8.22,400
DRG,2024-05-03,8.03,8.03,7.93,7.93,4500
DRG,2024-05-06,7.93,8.51,7.93,8.51,1400
DRG,2024-05-07,8.32,8.51,8.22,8.51,8000
DRG,2024-05-08,8.42,8.42,8.42,8.42,2600
DRG,2024-05-09,8.42,8.51,8.32,8.32,4700
DRG,2024-05-10,8.32,8.51,8.22,8.22,7800
DRG,2024-05-13,8.22,8.22,8.03,8.13,7200
DRG,2024-05-14,8.22,8.71,8.03,8.71,9800
DRG,2024-05-15,8.22,8.42,8.22,8.22,3600
DRG,2024-05-16,8.13,8.61,8.13,8.22,2545
DRG,2024-05-17,8.22,8.51,8.13,8.13,7100
DRG,2024-05-20,8.32,8.42,8.22,8.22,5100
DRG,2024-05-21,8.22,8.22,8.03,8.03,3400
DRG,2024-05-22,8.13,8.32,8.03,8.32,22500
DRG,2024-05-23,8.22,8.32,8.03,8.03,5900
DRG,2024-05-24,8.32,8.9,8.22,8.22,9230
DRG,2024-05-27,8.22,8.51,8.22,8.51,4300
DRG,2024-05-28,8.61,8.9,8.42,8.9,16030
DRG,2024-05-29,8.9,9.0,8.71,8.71,16800
DRG,2024-05-30,8.8,8.9,8.51,8.8,10301
DRG,2024-05-31,8.8,8.8,8.71,8.8,3800
DRG,2024-06-03,9.0,9.09,8.9,8.9,6853
DRG,2024-06-04,9.0,9.0,8.61,9.0,10316
DRG,2024-06-05,8.71,8.71,8.61,8.61,3239
DRG,2024-06-06,8.71,8.71,8.42,8.42,5700
DRG,2024-06-07,8.42,8.8,8.42,8.71,28500
DRG,2024-06-10,8.71,8.9,8.71,8.71,9710
DRG,2024-06-11,8.8,9.48,8.8,9.29,66419
DRG,2024-06-12,9.48,9.48,9.29,9.29,10210
DRG,2024-06-13,9.19,9.29,9.0,9.29,5200
DRG,2024-06-14,9.09,9.09,8.8,8.8,29000
DRG,2024-06-17,8.9,9.19,8.71,8.71,9700
DRG,2024-06-18,9.0,9.29,9.0,9.09,7100
DRG,2024-06-19,9.29,9.29,8.9,9.19,10800
DRG,2024-06-20,9.29,9.29,9.0,9.19,5600
DRG,2024-06-21,9.09,9.77,9.0,9.58,47600
DRG,2024-06-24,9.77,9.77,9.19,9.29,11500
DRG,2024-06-25,9.67,9.67,8.71,9.0,9400
DRG,2024-06-26,9.09,9.38,9.09,9.29,8607
DRG,2024-06-27,9.67,9.67,8.9,9.09,13200
DRG,2024-06-28,9.67,9.67,8.61,8.71,29800
DRG,2024-07-01,8.8,9.19,8.8,9.19,5000
DRG,2024-07-02,8.8,9.29,8.8,9.19,700
DRG,2024-07-03,9.29,9.38,8.71,9.19,4400
DRG,2024-07-04,9.38,9.38,8.9,8.9,2600
DRG,2024-07-05,9.19,9.19,8.9,8.9,2600
DRG,2024-07-08,8.9,9.19,8.71,9.09,13100
DRG,2024-07-09,9.09,9.19,8.9,9.0,13410
DRG,2024-07-10,8.9,9.09,8.8,9.09,4800
DRG,2024-07-11,9.0,9.0,8.71,8.71,6300
DRG,2024-07-12,9.0,9.0,8.71,8.8,4119
DRG,2024-07-15,9.19,9.19,8.71,8.8,5800
DRG,2024-07-16,8.71,8.71,8.61,8.71,7600
DRG,2024-07-17,9.0,9.0,8.51,8.61,17519
DRG,2024-07-18,8.8,8.8,8.61,8.71,8800
DRG,2024-07-19,8.8,8.8,7.45,8.61,28200
DRG,2024-07-22,8.61,8.61,8.42,8.51,3600
DRG,2024-07-23,8.71,8.71,8.32,8.32,2500
DRG,2024-07-24,8.61,8.61,8.61,8.61,800
DRG,2024-07-25,8.51,8.51,8.51,8.51,1300
DRG,2024-07-26,8.51,8.51,8.51,8.51,0
DRG,2024-07-29,9.0,9.0,9.0,9.0,900
DRG,2024-07-30,9.0,9.0,9.0,9.0,0
DRG,2024-07-31,8.9,8.9,8.9,8.9,1500
DRG,2024-08-01,7.93,8.61,7.93,8.03,1500
DRG,2024-08-02,8.42,8.42,8.42,8.42,400
DRG,2024-08-05,8.42,8.8,8.22,8.22,1300
DRG,2024-08-06,8.32,8.32,8.32,8.32,600
DRG,2024-08-07,8.32,9.48,8.32,8.61,16500
DRG,2024-08-08,10.45,10.45,9.09,9.09,201
DRG,2024-08-09,11.22,11.22,9.09,9.19,809
DRG,2024-08-12,10.84,10.84,9.0,9.0,500
DRG,2024-08-13,8.32,8.42,8.03,8.03,3701
DRG,2024-08-14,8.32,8.32,7.16,7.16,18500
DRG,2024-08-15,7.55,7.55,7.55,7.55,76
DRG,2024-08-16,7.93,8.03,7.74,8.03,3314
DRG,2024-08-19,8.71,8.71,8.03,8.03,10801
DRG,2024-08-20,8.22,8.22,8.13,8.13,311
DRG,2024-08-21,8.22,8.22,8.22,8.22,10
DRG,2024-08-22,7.55,8.13,7.55,8.13,900
DRG,2024-08-23,7.74,7.93,7.74,7.93,1400
DRG,2024-08-26,7.84,8.13,7.84,8.13,400
DRG,2024-08-27,7.84,7.84,7.84,7.84,1801
DRG,2024-08-28,8.8,8.8,8.8,8.8,203
DRG,2024-08-29,8.22,8.22,7.84,8.03,1600
DRG,2024-08-30,7.26,7.26,7.16,7.16,1000
DRG,2024-09-04,8.13,8.13,7.93,7.93,6810
DRG,2024-09-05,8.03,8.03,7.93,7.93,3100
DRG,2024-09-06,8.03,8.03,8.03,8.03,506
DRG,2024-09-09,7.55,7.55,7.16,7.55,1100
DRG,2024-09-10,8.22,8.22,8.13,8.13,733
DRG,2024-09-11,7.74,8.03,7.16,8.03,3205
DRG,2024-09-12,7.74,7.74,7.74,7.74,4500
DRG,2024-09-13,7.74,7.74,7.74,7.74,14
DRG,2024-09-16,7.55,7.55,7.26,7.26,5900
DRG,2024-09-17,8.32,8.32,7.55,7.64,619
DRG,2024-09-18,8.71,8.71,8.32,8.32,2312
DRG,2024-09-19,8.32,8.32,8.32,8.32,500
DRG,2024-09-20,8.32,8.32,7.74,8.32,10011
DRG,2024-09-23,8.32,8.32,8.32,8.32,939
DRG,2024-09-24,7.93,8.32,7.93,8.32,5500
DRG,2024-09-25,7.35,8.42,7.35,7.74,1800
DRG,2024-09-26,7.84,7.84,7.74,7.74,1201
DRG,2024-09-27,8.22,8.22,7.93,7.93,306
DRG,2024-09-30,8.32,8.32,8.32,8.32,100
DRG,2024-10-01,8.32,8.32,8.32,8.32,1911
DRG,2024-10-02,8.32,8.32,8.32,8.32,900
DRG,2024-10-03,8.32,8.32,8.32,8.32,100
DRG,2024-10-04,8.22,8.22,8.22,8.22,300
DRG,2024-10-07,8.22,8.22,8.22,8.22,1
DRG,2024-10-08,8.22,8.22,8.22,8.22,0
DRG,2024-10-09,8.22,8.22,8.22,8.22,801
DRG,2024-10-10,7.74,7.74,7.74,7.74,5800
DRG,2024-10-11,7.74,7.74,7.74,7.74,5200
DRG,2024-10-14,7.74,7.74,7.74,7.74,0
DRG,2024-10-15,7.74,7.74,7.74,7.74,0
DRG,2024-10-16,7.74,7.74,7.74,7.74,10
DRG,2024-10-17,7.74,7.74,7.74,7.74,1
DRG,2024-10-18,7.74,7.74,7.74,7.74,18
DRG,2024-10-21,7.64,7.64,7.64,7.64,2300
DRG,2024-10-22,8.22,8.61,8.22,8.61,250
DRG,2024-10-23,8.22,8.22,8.22,8.22,200
DRG,2024-10-24,7.84,7.84,7.74,7.74,3000
DRG,2024-10-25,7.74,7.74,7.74,7.74,0
DRG,2024-10-28,7.74,8.13,7.74,8.13,300
DRG,2024-10-29,7.74,7.74,7.74,7.74,3300
DRG,2024-10-30,7.74,7.74,7.74,7.74,5500
DRG,2024-10-31,7.74,7.74,7.74,7.74,1200
DRG,2024-11-01,7.74,7.74,7.74,7.74,0
DRG,2024-11-04,7.74,7.74,7.74,7.74,1100
DRG,2024-11-05,7.74,7.74,7.74,7.74,300
DRG,2024-11-06,7.74,7.74,7.74,7.74,1000
DRG,2024-11-07,7.74,7.74,7.74,7.74,100
DRG,2024-11-08,7.74,7.74,7.74,7.74,200
DRG,2024-11-11,7.55,8.42,7.55,8.32,2239
DRG,2024-11-12,7.84,7.84,7.84,7.84,0
DRG,2024-11-13,8.32,8.32,7.74,7.74,500
DRG,2024-11-14,7.74,7.74,7.74,7.74,200
DRG,2024-11-15,6.97,7.26,6.97,7.16,3500
DRG,2024-11-18,8.03,8.03,8.03,8.03,200
DRG,2024-11-19,7.26,7.26,7.26,7.26,710
DRG,2024-11-20,7.26,7.26,7.26,7.26,400
DRG,2024-11-21,7.93,7.93,7.93,7.93,1000
DRG,2024-11-22,7.93,7.93,7.93,7.93,100
DRG,2024-11-25,8.13,8.13,8.13,8.13,100
DRG,2024-11-26,7.55,7.55,7.55,7.55,1200
DRG,2024-11-27,8.51,8.51,8.51,8.51,105
DRG,2024-11-28,8.51,8.51,8.51,8.51,0
DRG,2024-11-29,8.51,8.51,8.51,8.51,104
DRG,2024-12-02,7.35,7.93,7.35,7.74,2800
DRG,2024-12-03,7.74,7.74,7.74,7.74,100
DRG,2024-12-04,7.74,7.74,7.74,7.74,0
DRG,2024-12-05,7.74,7.74,7.74,7.74,1400
DRG,2024-12-06,7.74,7.74,7.74,7.74,100
DRG,2024-12-09,7.74,7.74,7.74,7.74,0
DRG,2024-12-10,7.74,7.74,7.74,7.74,0
DRG,2024-12-11,7.74,7.74,7.74,7.74,17
DRG,2024-12-12,7.74,8.13,7.74,8.13,1800
DRG,2024-12-13,7.64,7.64,7.64,7.64,500
DRG,2024-12-16,7.64,7.64,7.26,7.26,4701
DRG,2024-12-17,7.55,7.93,7.55,7.93,200
DRG,2024-12-18,7.74,7.93,7.64,7.64,4000
DRG,2024-12-19,7.16,7.64,7.16,7.64,2500
DRG,2024-12-20,7.35,7.35,7.35,7.35,0
DRG,2024-12-23,7.55,7.55,7.35,7.35,3705
DRG,2024-12-24,7.45,7.74,7.45,7.74,1205
DRG,2024-12-25,7.74,7.74,7.26,7.26,6700
DRG,2024-12-26,7.35,7.35,7.35,7.35,1103
DRG,2024-12-27,7.35,7.35,7.35,7.35,1500
DRG,2024-12-30,7.55,7.55,7.55,7.55,2000
DRG,2024-12-31,7.55,7.55,7.55,7.55,1
DRG,2025-01-02,7.55,7.55,7.45,7.45,300
DRG,2025-01-03,7.55,7.55,7.55,7.55,5144
DRG,2025-01-06,7.55,7.55,7.55,7.55,100
DRG,2025-01-07,7.55,7.55,7.55,7.55,0
DRG,2025-01-08,7.55,7.55,7.55,7.55,0
DRG,2025-01-09,7.35,7.35,7.35,7.35,2200
DRG,2025-01-10,7.35,7.35,7.35,7.35,0
DRG,2025-01-13,6.87,7.64,6.87,7.64,444
DRG,2025-01-14,7.26,7.26,6.97,6.97,600
DRG,2025-01-15,7.06,7.74,7.06,7.74,3900
DRG,2025-01-16,7.55,7.55,7.55,7.55,0
DRG,2025-01-17,7.55,7.55,7.55,7.55,0
DRG,2025-01-20,7.55,7.55,7.55,7.55,0
DRG,2025-01-21,7.55,7.55,7.55,7.55,0
DRG,2025-01-22,7.93,7.93,7.93,7.93,100
DRG,2025-01-23,8.32,8.51,8.32,8.51,3000
DRG,2025-01-24,8.32,8.32,7.16,7.16,2500
DRG,2025-02-03,7.26,7.26,6.97,7.26,1100
DRG,2025-02-04,7.16,8.03,7.16,7.84,2500
DRG,2025-02-05,7.35,7.74,7.35,7.74,200
DRG,2025-02-06,7.74,8.61,7.64,8.61,8500
DRG,2025-02-07,9.09,9.29,9.09,9.19,23410
DRG,2025-02-10,8.13,9.29,8.13,9.29,751
DRG,2025-02-11,8.71,8.71,8.71,8.71,100
DRG,2025-02-12,8.32,8.51,8.32,8.32,4500
DRG,2025-02-13,8.32,8.32,8.22,8.22,1320
DRG,2025-02-14,8.32,8.32,8.32,8.32,300
DRG,2025-02-17,8.71,9.48,8.71,9.48,62232
DRG,2025-02-18,10.84,10.84,9.77,10.84,141212
DRG,2025-02-19,12.29,12.29,12.09,12.29,151200
DRG,2025-02-20,13.93,14.12,11.9,12.77,84110
DRG,2025-02-21,12.67,12.67,11.8,12.48,48394
DRG,2025-02-24,12.96,13.16,12.0,13.16,54400
DRG,2025-02-25,13.35,13.54,11.9,13.06,67490
DRG,2025-02-26,13.35,14.22,12.58,13.54,63236
DRG,2025-02-27,13.35,13.54,12.58,12.96,50522
DRG,2025-02-28,13.25,14.03,12.96,13.54,66388
DRG,2025-03-03,14.03,14.03,12.96,13.25,36792
DRG,2025-03-04,13.54,13.54,12.48,12.67,80467
DRG,2025-03-05,12.58,12.67,12.09,12.09,57602
DRG,2025-03-06,12.38,12.38,11.9,12.29,18489
DRG,2025-03-07,12.19,12.48,11.8,11.8,24803
DRG,2025-03-10,12.09,12.09,11.32,11.32,66555
DRG,2025-03-11,11.22,11.9,11.22,11.61,82301
DRG,2025-03-12,11.51,11.51,11.03,11.13,28309
DRG,2025-03-13,11.03,11.32,10.45,10.54,45800
DRG,2025-03-14,10.64,10.74,10.35,10.35,34503
DRG,2025-03-17,10.45,10.45,10.06,10.25,25222
DRG,2025-03-18,10.16,10.54,9.96,10.45,23902
DRG,2025-03-19,10.6,10.79,10.4,10.7,39483
DRG,2025-03-20,10.7,10.7,10.3,10.5,19605
DRG,2025-03-21,10.7,11.69,10.5,10.89,14463
DRG,2025-03-24,10.89,10.89,10.5,10.7,15155
DRG,2025-03-25,10.89,11.88,10.79,11.69,98391
DRG,2025-03-26,11.78,11.78,11.19,11.49,8452
DRG,2025-03-27,10.99,11.39,10.7,10.99,31083
DRG,2025-03-28,10.89,11.09,9.31,9.31,28705
DRG,2025-03-31,10.3,10.3,9.31,9.41,35515
DRG,2025-04-01,10.1,10.1,9.61,9.8,15377
DRG,2025-04-02,9.9,10.0,9.51,9.7,18051
DRG,2025-04-03,8.32,8.91,8.22,8.42,63600
DRG,2025-04-04,7.92,8.12,7.23,8.12,23701
DRG,2025-04-08,8.12,8.12,6.64,7.53,19101
DRG,2025-04-09,7.03,7.43,7.03,7.03,11205
DRG,2025-04-10,7.92,8.12,7.92,8.12,16349
DRG,2025-04-11,8.12,8.42,7.43,8.22,24934
DRG,2025-04-14,8.12,8.42,7.82,8.32,10811
DRG,2025-04-15,7.92,8.91,7.72,7.72,7722
DRG,2025-04-16,7.92,8.22,7.92,8.22,1440
DRG,2025-04-17,8.02,8.52,7.92,8.12,10900
DRG,2025-04-18,8.42,8.42,8.22,8.22,1910
DRG,2025-04-21,8.22,9.41,8.22,8.52,4307
DRG,2025-04-22,8.22,8.71,7.72,8.22,11546
DRG,2025-04-23,8.81,8.81,8.42,8.42,1998
DRG,2025-04-24,8.52,8.52,8.22,8.52,2101
DRG,2025-04-25,8.42,8.42,8.02,8.32,1900
DRG,2025-04-28,8.02,8.22,7.92,7.92,1300
DRG,2025-04-29,8.02,8.02,7.92,8.02,2600
DRG,2025-05-05,8.02,8.02,7.92,8.02,1701
DRG,2025-05-06,8.12,8.32,8.02,8.22,6397
DRG,2025-05-07,8.02,8.22,7.92,8.02,12870
DRG,2025-05-08,8.12,8.81,8.12,8.32,21599
DRG,2025-05-09,8.71,8.71,8.32,8.42,4701
DRG,2025-05-12,8.42,8.52,8.12,8.32,15416
DRG,2025-05-13,8.22,8.52,8.22,8.52,24400
DRG,2025-05-14,8.42,8.42,8.22,8.32,8600
DRG,2025-05-15,8.32,8.32,8.12,8.32,19500
DRG,2025-05-16,8.22,8.42,8.22,8.32,4600
DRG,2025-05-19,8.32,8.52,8.22,8.22,3444
DRG,2025-05-20,8.52,8.52,8.32,8.32,28927
DRG,2025-05-21,8.42,8.42,8.22,8.42,1807
DRG,2025-05-22,8.32,8.32,8.22,8.22,13200
DRG,2025-05-23,8.12,8.12,8.12,8.12,12302
DRG,2025-05-26,8.12,8.42,8.12,8.32,12167
DRG,2025-05-27,8.52,8.52,8.22,8.22,7522
DRG,2025-05-28,8.22,8.42,8.22,8.32,4700
DRG,2025-05-29,8.42,8.42,8.22,8.22,18700
DRG,2025-05-30,8.22,8.22,8.22,8.22,2512
DRG,2025-06-02,8.22,8.22,8.12,8.12,4308
DRG,2025-06-03,8.12,8.32,7.92,8.32,7115
DRG,2025-06-04,8.32,8.52,8.32,8.42,24377
DRG,2025-06-05,8.42,8.52,8.42,8.42,4500
DRG,2025-06-06,8.42,8.91,8.12,8.52,16600
DRG,2025-06-09,8.62,8.62,8.42,8.42,5701
DRG,2025-06-10,8.52,8.52,8.22,8.32,12700
DRG,2025-06-11,8.71,8.71,8.22,8.22,3500
DRG,2025-06-12,8.22,8.52,8.12,8.52,4500
DRG,2025-06-13,8.22,8.22,8.22,8.22,3700
DRG,2025-06-16,8.22,8.22,8.22,8.22,4501
DRG,2025-06-17,8.22,8.42,8.22,8.32,4600
DRG,2025-06-18,8.32,8.52,8.32,8.52,6400
DRG,2025-06-19,8.32,8.52,8.32,8.52,3601
DRG,2025-06-20,8.52,8.52,8.32,8.32,27910
DRG,2025-06-23,8.42,8.42,8.42,8.42,1001
DRG,2025-06-24,8.42,8.42,8.32,8.42,4137
DRG,2025-06-25,8.42,8.52,8.32,8.42,10813
DRG,2025-06-26,8.42,8.52,8.42,8.52,3428
DRG,2025-06-27,8.42,8.42,8.22,8.22,3400
DRG,2025-06-30,8.32,8.32,8.22,8.32,2654
DRG,2025-07-01,8.32,8.42,8.32,8.42,2000
DRG,2025-07-02,8.32,8.32,8.32,8.32,0
DRG,2025-07-03,8.22,8.22,8.22,8.22,200
DRG,2025-07-04,8.22,8.22,8.22,8.22,3300
DRG,2025-07-07,8.22,8.22,8.22,8.22,4910
DRG,2025-07-08,8.22,8.42,8.22,8.42,623
DRG,2025-07-09,8.32,8.42,8.22,8.42,2000
DRG,2025-07-10,8.42,8.52,8.42,8.52,22700
DRG,2025-07-11,8.42,8.91,8.42,8.91,23825
DRG,2025-07-14,8.91,8.91,8.91,8.91,103
DRG,2025-07-15,8.91,8.91,8.52,8.62,6508
DRG,2025-07-16,8.62,8.71,8.52,8.71,7500
DRG,2025-07-17,8.71,8.81,8.71,8.71,8480
DRG,2025-07-18,8.71,8.81,8.71,8.71,6500
DRG,2025-07-21,9.8,9.8,8.62,8.62,3200
DRG,2025-07-22,8.71,8.71,8.71,8.71,1400
DRG,2025-07-23,8.62,8.62,8.62,8.62,5100
DRG,2025-07-24,8.62,8.62,8.52,8.62,7500
DRG,2025-07-25,8.62,8.71,8.62,8.62,7600
DRG,2025-07-28,8.81,8.91,8.71,8.81,6510
DRG,2025-07-29,8.91,8.91,8.62,8.62,11800
DRG,2025-07-30,8.62,9.9,8.62,9.9,102410
DRG,2025-07-31,10.89,10.89,10.0,10.4,36700
DRG,2025-08-01,10.89,10.89,9.11,9.31,62400
DRG,2025-08-04,9.31,9.41,9.11,9.21,16355
DRG,2025-08-05,9.31,9.41,9.11,9.21,23000
DRG,2025-08-06,9.21,9.21,8.91,8.91,11200
DRG,2025-08-07,9.01,9.11,9.01,9.01,6707
DRG,2025-08-08,9.01,9.21,8.71,9.01,14501
DRG,2025-08-11,9.01,9.41,9.01,9.31,17200
DRG,2025-08-12,9.41,9.41,9.11,9.21,8501
DRG,2025-08-13,9.21,9.31,9.11,9.21,13800
DRG,2025-08-14,9.11,9.21,9.01,9.11,2400
DRG,2025-08-15,9.11,9.11,8.91,8.91,12700
DRG,2025-08-18,8.81,9.01,8.71,9.01,4800
DRG,2025-08-19,9.01,9.01,8.81,8.81,8400
DRG,2025-08-20,9.01,9.01,8.81,8.91,3800
DRG,2025-08-21,8.81,8.81,8.81,8.81,2400
DRG,2025-08-22,8.81,8.81,8.62,8.81,9000
DRG,2025-08-25,8.71,8.71,8.62,8.71,4107
DRG,2025-08-26,8.81,8.81,8.62,8.71,4400
DRG,2025-08-27,8.71,8.71,8.71,8.71,4319
DRG,2025-08-28,8.81,8.81,8.71,8.71,1300
DRG,2025-08-29,8.91,8.91,8.71,8.71,1101
DRG,2025-09-03,8.91,8.91,8.81,8.81,1216
DRG,2025-09-04,8.81,8.81,8.62,8.71,1900
DRG,2025-09-05,8.71,8.91,8.62,8.62,14101
DRG,2025-09-08,8.81,8.81,8.62,8.62,3800
DRG,2025-09-09,8.62,8.62,8.62,8.62,15
DRG,2025-09-10,8.62,8.62,8.62,8.62,320
DRG,2025-09-11,8.71,8.71,8.42,8.62,9600
DRG,2025-09-12,8.62,8.71,8.62,8.62,3100
DRG,2025-09-15,8.71,8.81,8.62,8.81,18303
DRG,2025-09-16,8.71,8.71,8.71,8.71,7
DRG,2025-09-17,8.71,8.71,8.71,8.71,9200
DRG,2025-09-18,8.91,9.7,8.71,9.21,15600
DRG,2025-09-19,9.11,9.11,9.11,9.11,1500
DRG,2025-09-22,9.11,9.21,9.11,9.21,2575
DRG,2025-09-23,9.11,9.11,9.01,9.01,725
DRG,2025-09-24,8.91,8.91,8.91,8.91,800
DRG,2025-09-25,8.91,8.91,8.81,8.81,11900
DRG,2025-09-26,8.91,8.91,8.91,8.91,1000
DRG,2025-09-29,8.71,9.01,8.71,9.01,6700
DRG,2025-09-30,8.91,8.91,8.91,8.91,100
DRG,2025-10-01,9.01,9.01,8.91,9.01,600
DRG,2025-10-02,9.01,9.01,9.01,9.01,0
DRG,2025-10-03,9.01,9.01,8.91,9.01,13209
DRG,2025-10-06,8.91,9.01,8.91,9.01,1016
DRG,2025-10-07,8.91,8.91,8.91,8.91,1400
DRG,2025-10-08,8.91,8.91,8.91,8.91,0
DRG,2025-10-09,9.01,9.01,9.01,9.01,800
DRG,2025-10-10,9.01,9.01,8.71,8.71,2200
DRG,2025-10-13,8.81,8.81,8.62,8.62,1100
DRG,2025-10-14,8.81,8.81,8.81,8.81,0
DRG,2025-10-15,8.71,8.81,8.71,8.81,2300
DRG,2025-10-16,8.71,8.71,8.71,8.71,0
DRG,2025-10-17,8.62,8.62,8.62,8.62,300
DRG,2025-10-20,8.62,8.62,8.62,8.62,100
DRG,2025-10-21,8.52,8.52,8.12,8.12,10600
DRG,2025-10-22,8.02,8.12,8.02,8.12,4300
DRG,2025-10-23,8.71,8.71,8.22,8.42,6800
DRG,2025-10-24,8.42,8.42,8.42,8.42,400
DRG,2025-10-27,8.42,8.52,8.42,8.42,1900
DRG,2025-10-28,8.42,8.42,8.42,8.42,0
DRG,2025-10-29,8.32,8.42,8.22,8.42,7346
DRG,2025-10-30,8.52,8.91,8.22,8.91,4100
DRG,2025-10-31,8.62,9.61,8.42,9.61,14600
DRG,2025-11-03,9.21,9.41,8.81,8.91,600
DRG,2025-11-04,8.71,8.71,7.72,8.12,31009
DRG,2025-11-05,8.62,8.62,8.22,8.32,1100
DRG,2025-11-06,8.32,8.32,8.12,8.12,6200
DRG,2025-11-07,8.12,8.32,7.92,7.92,21200
DRG,2025-11-10,8.32,8.32,8.32,8.32,100
DRG,2025-11-11,8.32,8.32,8.32,8.32,100
DRG,2025-11-12,8.32,8.32,8.12,8.12,7400
DRG,2025-11-13,8.22,8.52,8.22,8.42,2000
DRG,2025-11-14,8.52,8.62,8.52,8.62,1600
DRG,2025-11-17,8.52,8.81,8.52,8.71,8800
DRG,2025-11-18,8.71,9.11,8.71,8.81,7000
DRG,2025-11-19,8.71,8.91,8.71,8.91,2300
DRG,2025-11-20,8.71,8.91,8.71,8.91,2000
DRG,2025-11-21,8.81,8.81,8.12,8.81,5401
DRG,2025-11-24,8.81,8.81,8.71,8.71,200
DRG,2025-11-25,8.62,8.81,8.52,8.81,2101
DRG,2025-11-26,8.81,8.81,8.62,8.81,500
DRG,2025-11-27,8.52,8.81,8.52,8.81,1800
DRG,2025-11-28,8.91,9.01,8.91,9.01,736
DRG,2025-12-01,9.01,9.01,9.01,9.01,300
DRG,2025-12-02,8.81,8.91,8.12,8.81,5100
DRG,2025-12-03,9.01,9.01,8.81,8.81,2364
DRG,2025-12-04,8.71,8.91,8.52,8.91,2300
DRG,2025-12-05,8.91,8.91,8.71,8.81,2504
DRG,2025-12-08,8.81,9.31,8.81,9.11,20900
DRG,2025-12-09,9.21,9.21,8.91,8.91,7200
DRG,2025-12-10,9.2,9.2,8.9,8.9,1501
DRG,2025-12-11,9.0,9.0,8.7,8.7,2700
DRG,2025-12-12,8.9,9.0,8.4,8.4,2200
DRG,2025-12-15,8.6,8.6,8.6,8.6,10600
DRG,2025-12-16,8.6,8.9,8.6,8.9,2936
DRG,2025-12-17,9.0,9.0,8.6,8.9,2300
DRG,2025-12-18,8.5,8.9,8.5,8.7,1800
DRG,2025-12-19,8.9,8.9,8.5,8.9,5340
DRG,2025-12-22,8.6,8.8,8.5,8.8,708
DRG,2025-12-23,8.8,8.9,8.4,8.9,3900
DRG,2025-12-24,8.8,8.8,8.8,8.8,100
DRG,2025-12-25,8.8,8.9,8.8,8.9,500
DRG,2025-12-26,8.7,8.8,8.3,8.8,5600
DRG,2025-12-29,8.6,8.8,8.5,8.8,700
DRG,2025-12-30,8.8,8.8,8.5,8.8,6600
DRG,2025-12-31,8.5,8.6,8.5,8.6,600
DRC,2007-03-02,5.59,5.59,5.47,5.47,88360
DRC,2007-03-05,5.74,5.74,5.47,5.47,145320
DRC,2007-03-06,5.47,5.47,5.24,5.24,82880
DRC,2007-03-07,5.0,5.0,5.0,5.0,107770
DRC,2007-03-08,5.24,5.24,5.24,5.24,38360
DRC,2007-03-09,5.5,5.5,5.4,5.4,108760
DRC,2007-03-12,5.67,5.67,5.4,5.4,119500
DRC,2007-03-13,5.14,5.47,5.14,5.47,96390
DRC,2007-03-14,5.43,5.43,5.21,5.21,24450
DRC,2007-03-15,5.0,5.0,5.0,5.0,98750
DRC,2007-03-16,5.24,5.24,5.24,5.24,55160
DRC,2007-03-19,5.47,5.47,5.24,5.24,73930
DRC,2007-03-20,5.0,5.24,5.0,5.24,80300
DRC,2007-03-21,5.24,5.24,5.12,5.19,35330
DRC,2007-03-22,4.95,4.95,4.95,4.95,34610
DRC,2007-03-23,4.76,4.76,4.76,4.76,86420
DRC,2007-03-26,4.76,4.76,4.76,4.76,89630
DRC,2007-03-27,4.76,4.76,4.64,4.64,102060
DRC,2007-03-28,4.43,4.52,4.43,4.52,51140
DRC,2007-03-29,4.71,4.74,4.71,4.74,23920
DRC,2007-03-30,4.95,4.95,4.95,4.95,88620
DRC,2007-04-02,4.95,4.95,4.74,4.9,52120
DRC,2007-04-03,4.74,4.74,4.67,4.74,36100
DRC,2007-04-04,4.74,4.76,4.74,4.76,26200
DRC,2007-04-05,4.64,4.76,4.64,4.76,49130
DRC,2007-04-06,4.62,4.62,4.57,4.57,28130
DRC,2007-04-09,4.62,4.78,4.62,4.78,45140
DRC,2007-04-10,4.76,4.76,4.74,4.74,23050
DRC,2007-04-11,4.67,4.67,4.64,4.64,23740
DRC,2007-04-12,4.62,4.62,4.52,4.52,32530
DRC,2007-04-13,4.52,4.52,4.47,4.47,26670
DRC,2007-04-16,4.52,4.52,4.4,4.4,67460
DRC,2007-04-17,4.31,4.36,4.31,4.36,31710
DRC,2007-04-18,4.43,4.57,4.43,4.57,58150
DRC,2007-04-19,4.78,4.78,4.64,4.64,164580
DRC,2007-04-20,4.64,4.64,4.64,4.64,65720
DRC,2007-04-23,4.64,4.64,4.52,4.52,53720
DRC,2007-04-24,4.31,4.31,4.31,4.31,52260
DRC,2007-04-25,4.4,4.47,4.4,4.47,41900
DRC,2007-05-02,4.52,4.52,4.52,4.52,97710
DRC,2007-05-03,4.56,4.6,4.5,4.6,68610
DRC,2007-05-04,4.6,4.6,4.43,4.43,18580
DRC,2007-05-07,4.36,4.43,4.36,4.43,42520
DRC,2007-05-08,4.53,4.63,4.53,4.63,78040
DRC,2007-05-09,4.7,4.7,4.53,4.53,70180
DRC,2007-05-10,4.53,4.53,4.43,4.43,23540
DRC,2007-05-11,4.43,4.53,4.43,4.53,22660
DRC,2007-05-14,4.63,4.63,4.6,4.63,46260
DRC,2007-05-15,4.63,4.63,4.53,4.53,24300
DRC,2007-05-16,4.5,4.5,4.46,4.46,14820
DRC,2007-05-17,4.46,4.46,4.43,4.46,24250
DRC,2007-05-18,4.46,4.46,4.46,4.46,26280
DRC,2007-05-21,4.46,4.46,4.46,4.46,23910
DRC,2007-05-22,4.53,4.53,4.53,4.53,39300
DRC,2007-05-23,4.7,4.7,4.63,4.63,77370
DRC,2007-05-24,4.63,4.63,4.63,4.63,29300
DRC,2007-05-25,4.43,4.6,4.43,4.6,18590
DRC,2007-05-28,4.56,4.6,4.53,4.53,26680
DRC,2007-05-29,4.5,4.5,4.46,4.46,17880
DRC,2007-05-30,4.46,4.53,4.46,4.53,29140
DRC,2007-05-31,4.53,4.53,4.5,4.5,24150
DRC,2007-06-01,4.5,4.5,4.46,4.46,23510
DRC,2007-06-04,4.46,4.46,4.46,4.46,16010
DRC,2007-06-05,4.43,4.43,4.43,4.43,21930
DRC,2007-06-06,4.23,4.36,4.23,4.36,22180
DRC,2007-06-07,4.36,4.56,4.36,4.53,72360
DRC,2007-06-08,4.53,4.53,4.46,4.46,43430
DRC,2007-06-11,4.36,4.46,4.36,4.46,30230
DRC,2007-06-12,4.4,4.4,4.4,4.4,19330
DRC,2007-06-13,4.4,4.4,4.4,4.4,22300
DRC,2007-06-14,4.43,4.43,4.4,4.4,28570
DRC,2007-06-15,4.43,4.43,4.36,4.36,14780
DRC,2007-06-18,4.4,4.4,4.4,4.4,25830
DRC,2007-06-19,4.43,4.46,4.43,4.43,76970
DRC,2007-06-20,4.4,4.53,4.4,4.5,75180
DRC,2007-06-21,4.5,4.5,4.43,4.43,37820
DRC,2007-06-22,4.33,4.36,4.33,4.36,13190
DRC,2007-06-25,4.43,4.43,4.36,4.4,28670
DRC,2007-06-26,4.53,4.53,4.5,4.5,62270
DRC,2007-06-27,4.5,4.5,4.43,4.43,22820
DRC,2007-06-28,4.43,4.43,4.4,4.4,9910
DRC,2007-06-29,4.36,4.36,4.36,4.36,19200
DRC,2007-07-02,4.36,4.36,4.23,4.23,19910
DRC,2007-07-03,4.06,4.13,4.06,4.13,18610
DRC,2007-07-04,4.13,4.33,4.13,4.33,44440
DRC,2007-07-05,4.33,4.33,4.2,4.2,9250
DRC,2007-07-06,4.16,4.2,4.16,4.2,27860
DRC,2007-07-09,4.2,4.2,4.2,4.2,34970
DRC,2007-07-10,4.23,4.3,4.23,4.3,14070
DRC,2007-07-11,4.3,4.3,4.23,4.23,26110
DRC,2007-07-12,4.23,4.23,4.2,4.2,15400
DRC,2007-07-13,4.2,4.2,4.16,4.2,16980
DRC,2007-07-16,4.16,4.16,4.03,4.03,30150
DRC,2007-07-17,4.09,4.16,4.09,4.16,19950
DRC,2007-07-18,4.16,4.16,4.16,4.16,22670
DRC,2007-07-19,4.09,4.13,4.09,4.13,22470
DRC,2007-07-20,4.13,4.13,4.09,4.09,30820
DRC,2007-07-23,4.13,4.16,4.13,4.16,20970
DRC,2007-07-24,4.13,4.13,4.13,4.13,19000
DRC,2007-07-25,4.13,4.13,4.13,4.13,26780
DRC,2007-07-26,4.13,4.13,4.09,4.09,19620
DRC,2007-07-27,4.06,4.06,4.03,4.03,18670
DRC,2007-07-30,3.99,3.99,3.93,3.99,9340
DRC,2007-07-31,3.89,3.96,3.83,3.96,39070
DRC,2007-08-01,3.96,4.06,3.99,3.99,16930
DRC,2007-08-02,4.03,4.16,4.03,4.16,77360
DRC,2007-08-03,4.26,4.26,4.16,4.26,114960
DRC,2007-08-06,4.26,4.26,4.23,4.26,57000
DRC,2007-08-07,4.2,4.26,4.2,4.26,15110
DRC,2007-08-08,4.2,4.26,4.2,4.26,32640
DRC,2007-08-09,4.36,4.46,4.3,4.46,98950
DRC,2007-08-10,4.53,4.53,4.36,4.53,125890
DRC,2007-08-13,4.43,4.43,4.36,4.4,15220
DRC,2007-08-14,4.4,4.46,4.36,4.4,16100
DRC,2007-08-15,4.36,4.67,4.03,4.33,13720
DRC,2007-08-16,4.33,4.33,4.3,4.3,10300
DRC,2007-08-17,4.2,4.46,3.99,4.23,11240
DRC,2007-08-20,4.3,4.3,4.23,4.26,12390
DRC,2007-08-21,4.33,4.36,4.26,4.33,32190
DRC,2007-08-22,4.23,4.3,4.23,4.23,6690
DRC,2007-08-23,4.26,4.26,4.26,4.26,11040
DRC,2007-08-24,4.26,4.46,4.26,4.46,89890
DRC,2007-08-27,4.36,4.36,4.36,4.36,6320
DRC,2007-08-28,4.5,4.5,4.36,4.5,95590
DRC,2007-08-29,4.43,4.43,4.36,4.43,10120
DRC,2007-08-30,4.43,4.46,4.43,4.43,5000
DRC,2007-08-31,4.36,4.43,4.36,4.36,46350
DRC,2007-09-04,4.43,4.46,4.43,4.43,7760
DRC,2007-09-05,4.46,4.46,4.4,4.4,26890
DRC,2007-09-06,4.36,4.43,4.36,4.43,6220
DRC,2007-09-07,4.43,4.43,4.36,4.43,8750
DRC,2007-09-10,4.36,4.4,4.36,4.4,6130
DRC,2007-09-11,4.36,4.36,4.33,4.33,9070
DRC,2007-09-12,4.3,4.36,4.3,4.33,5050
DRC,2007-09-13,4.3,4.33,4.3,4.3,5980
DRC,2007-09-14,4.36,4.36,4.33,4.33,5310
DRC,2007-09-17,4.3,4.3,4.3,4.3,4490
DRC,2007-09-18,4.3,4.33,4.3,4.3,15510
DRC,2007-09-19,4.26,4.3,4.26,4.3,17130
DRC,2007-09-20,4.3,4.33,4.3,4.3,21850
DRC,2007-09-21,4.3,4.33,4.3,4.3,15160
DRC,2007-09-24,4.26,4.3,4.26,4.3,16020
DRC,2007-09-25,4.46,4.5,4.36,4.46,41400
DRC,2007-09-26,4.63,4.63,4.53,4.53,48250
DRC,2007-09-27,4.53,4.53,4.43,4.46,17610
DRC,2007-09-28,4.53,4.53,4.46,4.5,32280
DRC,2007-10-01,4.63,4.7,4.6,4.7,82990
DRC,2007-10-02,4.83,4.83,4.7,4.8,50510
DRC,2007-10-03,4.8,4.8,4.67,4.77,37340
DRC,2007-10-04,4.77,4.77,4.63,4.63,28270
DRC,2007-10-05,4.5,4.6,4.5,4.6,26850
DRC,2007-10-08,4.67,4.67,4.6,4.6,20630
DRC,2007-10-09,4.6,4.6,4.56,4.56,19720
DRC,2007-10-10,4.53,4.56,4.53,4.53,25820
DRC,2007-10-11,4.56,4.6,4.53,4.53,43140
DRC,2007-10-12,4.53,4.53,4.5,4.5,60610
DRC,2007-10-15,4.5,4.53,4.46,4.46,64080
DRC,2007-10-16,4.46,4.6,4.46,4.53,141710
DRC,2007-10-17,4.7,4.73,4.67,4.73,141180
DRC,2007-10-18,4.9,4.9,4.7,4.7,117480
DRC,2007-10-19,4.63,4.63,4.53,4.63,68340
DRC,2007-10-22,4.63,4.63,4.56,4.56,31810
DRC,2007-10-23,4.56,4.56,4.53,4.53,36340
DRC,2007-10-24,4.5,4.6,4.5,4.56,61000
DRC,2007-10-25,4.67,4.67,4.56,4.56,77990
DRC,2007-10-26,4.56,4.6,4.53,4.53,52260
DRC,2007-10-29,4.5,4.53,4.46,4.46,34000
DRC,2007-10-30,4.53,4.63,4.53,4.63,74450
DRC,2007-10-31,4.63,4.63,4.56,4.63,102410
DRC,2007-11-01,4.63,4.63,4.56,4.6,79950
DRC,2007-11-02,4.5,4.56,4.5,4.53,19440
DRC,2007-11-05,4.5,4.5,4.46,4.46,18730
DRC,2007-11-06,4.53,4.53,4.43,4.43,39340
DRC,2007-11-07,4.43,4.43,4.36,4.43,22790
DRC,2007-11-08,4.43,4.46,4.4,4.4,10610
DRC,2007-11-09,4.33,4.4,4.33,4.33,16350
DRC,2007-11-12,4.3,4.33,4.26,4.3,27720
DRC,2007-11-13,4.23,4.26,4.09,4.13,43210
DRC,2007-11-14,4.33,4.33,4.3,4.33,26200
DRC,2007-11-15,4.23,4.36,4.23,4.3,28330
DRC,2007-11-16,4.3,4.33,4.23,4.3,27380
DRC,2007-11-19,4.3,4.3,4.2,4.23,6160
DRC,2007-11-20,4.2,4.2,4.2,4.2,27000
DRC,2007-11-21,4.2,4.23,4.2,4.2,23250
DRC,2007-11-22,4.2,4.2,4.2,4.2,27620
DRC,2007-11-23,4.3,4.3,4.23,4.23,7790
DRC,2007-11-26,4.23,4.33,4.23,4.26,9720
DRC,2007-11-27,4.26,4.3,4.23,4.23,8460
DRC,2007-11-28,4.23,4.23,4.23,4.23,17120
DRC,2007-11-29,4.23,4.26,4.2,4.23,3670
DRC,2007-11-30,4.23,4.23,4.2,4.23,3880
DRC,2007-12-03,4.23,4.23,4.2,4.23,8600
DRC,2007-12-04,4.23,4.3,4.23,4.3,15230
DRC,2007-12-05,4.23,4.26,4.23,4.26,4570
DRC,2007-12-06,4.3,4.3,4.23,4.26,4040
DRC,2007-12-07,4.23,4.26,4.2,4.23,11100
DRC,2007-12-10,4.23,4.23,4.16,4.2,10560
DRC,2007-12-11,4.06,4.2,4.06,4.13,10460
DRC,2007-12-12,4.06,4.23,4.06,4.2,8330
DRC,2007-12-13,4.2,4.2,4.16,4.2,5090
DRC,2007-12-14,4.13,4.16,4.09,4.09,5150
DRC,2007-12-17,4.09,4.09,4.06,4.09,9310
DRC,2007-12-18,4.09,4.09,4.09,4.09,4210
DRC,2007-12-19,4.16,4.23,4.16,4.2,6160
DRC,2007-12-20,4.2,4.23,4.16,4.16,6160
DRC,2007-12-21,4.13,4.16,4.13,4.13,9490
DRC,2007-12-24,4.13,4.16,4.13,4.13,4240
DRC,2007-12-25,4.2,4.2,4.13,4.13,2540
DRC,2007-12-26,4.13,4.13,4.09,4.09,8210
DRC,2007-12-27,4.09,4.16,4.09,4.16,10480
DRC,2007-12-28,4.09,4.13,4.09,4.13,3990
DRC,2008-01-02,4.13,4.13,4.13,4.13,10160
DRC,2008-01-03,4.26,4.26,4.13,4.13,7310
DRC,2008-01-04,4.13,4.13,4.13,4.13,14190
DRC,2008-01-07,4.06,4.13,4.03,4.13,9240
DRC,2008-01-08,4.2,4.2,4.13,4.2,16510
DRC,2008-01-09,4.09,4.2,4.09,4.16,21610
DRC,2008-01-10,4.06,4.09,3.99,3.99,19890
DRC,2008-01-11,3.99,4.09,4.03,4.09,5340
DRC,2008-01-14,4.09,4.13,4.09,4.09,58460
DRC,2008-01-15,3.99,4.06,3.89,4.06,8530
DRC,2008-01-16,4.03,4.26,4.03,4.26,27070
DRC,2008-01-17,4.26,4.26,4.2,4.2,34870
DRC,2008-01-18,4.09,4.2,4.09,4.2,2450
DRC,2008-01-21,4.06,4.09,4.06,4.09,3980
DRC,2008-01-22,4.06,4.06,4.03,4.06,7250
DRC,2008-01-23,3.99,3.99,3.86,3.86,5090
DRC,2008-01-24,3.86,3.89,3.86,3.86,5780
DRC,2008-01-25,3.79,3.86,3.79,3.79,3390
DRC,2008-01-28,3.73,3.73,3.62,3.69,7730
DRC,2008-01-29,3.62,3.76,3.62,3.76,12520
DRC,2008-01-30,3.93,3.93,3.86,3.93,4750
DRC,2008-01-31,3.93,3.93,3.86,3.93,2290
DRC,2008-02-01,4.03,4.03,3.93,4.03,10910
DRC,2008-02-12,3.89,3.89,3.89,3.89,3950
DRC,2008-02-13,3.89,3.89,3.89,3.89,3240
DRC,2008-02-14,3.99,3.99,3.89,3.89,2950
DRC,2008-02-15,3.83,3.89,3.83,3.83,3830
DRC,2008-02-18,3.66,3.69,3.66,3.66,14120
DRC,2008-02-19,3.49,3.69,3.49,3.69,3050
DRC,2008-02-20,3.69,3.69,3.52,3.52,4610
DRC,2008-02-21,3.36,3.36,3.36,3.36,6800
DRC,2008-02-22,3.19,3.19,3.19,3.19,6400
DRC,2008-02-25,3.34,3.34,3.32,3.32,9260
DRC,2008-02-26,3.17,3.19,3.17,3.17,5710
DRC,2008-02-27,3.02,3.32,3.02,3.02,9560
DRC,2008-02-28,2.99,3.0,2.87,2.87,13360
DRC,2008-02-29,2.74,2.75,2.74,2.74,8800
DRC,2008-03-03,2.6,2.6,2.6,2.6,1710
DRC,2008-03-04,2.48,2.48,2.48,2.48,1210
DRC,2008-03-05,2.37,2.37,2.37,2.37,16720
DRC,2008-03-06,2.48,2.48,2.48,2.48,18150
DRC,2008-03-07,2.6,2.6,2.6,2.6,59090
DRC,2008-03-10,2.72,2.72,2.48,2.48,57360
DRC,2008-03-11,2.48,2.48,2.37,2.37,21930
DRC,2008-03-12,2.42,2.48,2.38,2.48,13420
DRC,2008-03-13,2.55,2.55,2.52,2.52,28330
DRC,2008-03-14,2.52,2.52,2.47,2.47,14110
DRC,2008-03-17,2.35,2.38,2.35,2.35,19630
DRC,2008-03-18,2.23,2.23,2.23,2.23,1870
DRC,2008-03-19,2.13,2.2,2.13,2.13,14060
DRC,2008-03-20,2.13,2.23,2.13,2.13,19560
DRC,2008-03-21,2.08,2.11,2.03,2.03,13500
DRC,2008-03-24,1.93,2.11,1.93,1.93,12570
DRC,2008-03-25,1.85,1.85,1.85,1.85,760
DRC,2008-03-26,1.78,1.85,1.76,1.83,24490
DRC,2008-03-27,1.85,1.85,1.85,1.85,5110
DRC,2008-03-28,1.86,1.86,1.86,1.86,1000
DRC,2008-03-31,1.88,1.88,1.88,1.88,430
DRC,2008-04-01,1.9,1.9,1.9,1.9,820
DRC,2008-04-02,1.91,1.91,1.91,1.91,400
DRC,2008-04-03,1.93,1.93,1.93,1.93,10
DRC,2008-04-04,1.95,1.95,1.95,1.95,17270
DRC,2008-04-07,1.98,1.98,1.98,1.98,1000
DRC,2008-04-08,1.98,2.01,1.96,2.01,92240
DRC,2008-04-09,2.05,2.05,2.01,2.05,17250
DRC,2008-04-10,2.03,2.01,2.01,2.01,13810
DRC,2008-04-11,1.98,2.01,1.98,1.98,11360
DRC,2008-04-16,1.95,1.95,1.95,1.95,6110
DRC,2008-04-17,1.91,1.98,1.91,1.98,11070
DRC,2008-04-18,2.01,2.01,1.98,1.98,30650
DRC,2008-04-21,1.94,1.96,1.94,1.94,6430
DRC,2008-04-22,1.91,1.93,1.91,1.91,7130
DRC,2008-04-23,1.87,1.87,1.87,1.87,250
DRC,2008-04-24,1.84,1.84,1.84,1.84,2600
DRC,2008-04-25,1.8,1.8,1.8,1.8,14500
DRC,2008-04-28,1.77,1.84,1.77,1.84,20150
DRC,2008-04-29,1.87,1.87,1.8,1.87,43860
DRC,2008-05-05,1.87,1.87,1.84,1.84,6780
DRC,2008-05-06,1.87,1.87,1.8,1.87,34150
DRC,2008-05-07,1.87,1.87,1.84,1.87,31300
DRC,2008-05-08,1.84,1.84,1.84,1.84,70
DRC,2008-05-09,1.8,1.8,1.8,1.8,16380
DRC,2008-05-12,1.77,1.77,1.77,1.77,10
DRC,2008-05-13,1.73,1.73,1.73,1.73,900
DRC,2008-05-14,1.7,1.7,1.7,1.7,10
DRC,2008-05-15,1.67,1.67,1.67,1.67,60
DRC,2008-05-16,1.64,1.64,1.64,1.64,21330
DRC,2008-05-19,1.61,1.61,1.61,1.61,22270
DRC,2008-05-20,1.57,1.64,1.57,1.57,15010
DRC,2008-05-21,1.55,1.55,1.55,1.55,1310
DRC,2008-05-22,1.55,1.55,1.52,1.52,370
DRC,2008-05-23,1.49,1.49,1.49,1.49,10
DRC,2008-05-26,1.46,1.46,1.46,1.46,1210
DRC,2008-05-30,1.46,1.43,1.43,1.43,21020
DRC,2008-06-02,1.4,1.4,1.4,1.4,20110
DRC,2008-06-03,1.38,1.38,1.38,1.38,1510
DRC,2008-06-04,1.35,1.35,1.35,1.35,4600
DRC,2008-06-05,1.33,1.33,1.33,1.33,10
DRC,2008-06-06,1.3,1.3,1.3,1.3,6000
DRC,2008-06-09,1.28,1.28,1.28,1.28,50
DRC,2008-06-10,1.26,1.26,1.26,1.26,170
DRC,2008-06-11,1.23,1.28,1.23,1.28,29370
DRC,2008-06-12,1.26,1.26,1.26,1.26,29000
DRC,2008-06-13,1.23,1.26,1.23,1.24,63350
DRC,2008-06-16,1.24,1.26,1.24,1.24,85510
DRC,2008-06-17,1.26,1.26,1.24,1.26,124690
DRC,2008-06-18,1.24,1.26,1.24,1.24,29250
DRC,2008-06-19,1.2,1.2,1.2,1.2,3210
DRC,2008-06-20,1.17,1.17,1.17,1.17,610
DRC,2008-06-23,1.14,1.14,1.14,1.14,37560
DRC,2008-06-24,1.1,1.13,1.1,1.1,69070
DRC,2008-06-25,1.14,1.14,1.14,1.14,9580
DRC,2008-06-26,1.17,1.17,1.1,1.1,109810
DRC,2008-06-27,1.07,1.13,1.07,1.13,34770
DRC,2008-06-30,1.16,1.16,1.15,1.16,66060
DRC,2008-07-01,1.2,1.2,1.2,1.2,21240
DRC,2008-07-02,1.23,1.23,1.22,1.23,118580
DRC,2008-07-03,1.27,1.27,1.27,1.27,11110
DRC,2008-07-04,1.3,1.3,1.3,1.3,25350
DRC,2008-07-07,1.34,1.34,1.26,1.26,86210
DRC,2008-07-08,1.23,1.3,1.23,1.3,50050
DRC,2008-07-09,1.34,1.34,1.34,1.34,21910
DRC,2008-07-10,1.37,1.37,1.37,1.37,8600
DRC,2008-07-11,1.41,1.41,1.41,1.41,9200
DRC,2008-07-14,1.45,1.45,1.45,1.45,6490
DRC,2008-07-15,1.49,1.49,1.49,1.49,2820
DRC,2008-07-16,1.54,1.54,1.5,1.54,62130
DRC,2008-07-17,1.58,1.58,1.58,1.58,12390
DRC,2008-07-18,1.63,1.63,1.56,1.63,129660
DRC,2008-07-21,1.58,1.58,1.58,1.58,11440
DRC,2008-07-22,1.54,1.54,1.54,1.54,150
DRC,2008-07-23,1.49,1.49,1.49,1.49,520
DRC,2008-07-24,1.45,1.53,1.45,1.45,93280
DRC,2008-07-25,1.41,1.45,1.41,1.41,42540
DRC,2008-07-28,1.44,1.45,1.38,1.45,27930
DRC,2008-07-29,1.49,1.49,1.49,1.49,16680
DRC,2008-07-30,1.53,1.53,1.45,1.49,47220
DRC,2008-07-31,1.46,1.49,1.45,1.46,14920
DRC,2008-08-01,1.42,1.43,1.42,1.42,18930
DRC,2008-08-04,1.38,1.38,1.38,1.38,36500
DRC,2008-08-05,1.34,1.41,1.34,1.41,64660
DRC,2008-08-06,1.46,1.46,1.46,1.46,22780
DRC,2008-08-07,1.5,1.5,1.42,1.42,22880
DRC,2008-08-08,1.42,1.46,1.42,1.46,8700
DRC,2008-08-11,1.5,1.5,1.5,1.5,24590
DRC,2008-08-12,1.54,1.54,1.51,1.52,56770
DRC,2008-08-13,1.56,1.56,1.48,1.56,60020
DRC,2008-08-14,1.6,1.6,1.56,1.6,116680
DRC,2008-08-15,1.65,1.65,1.65,1.65,8310
DRC,2008-08-18,1.73,1.73,1.67,1.73,66800
DRC,2008-08-19,1.79,1.79,1.73,1.73,73000
DRC,2008-08-20,1.65,1.74,1.65,1.65,91370
DRC,2008-08-21,1.73,1.73,1.65,1.73,57050
DRC,2008-08-22,1.73,1.79,1.73,1.79,42650
DRC,2008-08-25,1.87,1.87,1.86,1.87,31120
DRC,2008-08-26,1.97,1.97,1.97,1.97,12760
DRC,2008-08-27,2.06,2.06,2.06,2.06,103100
DRC,2008-08-28,1.96,1.96,1.96,1.96,26050
DRC,2008-08-29,1.87,1.87,1.87,1.87,16540
DRC,2008-09-03,1.96,1.96,1.96,1.96,25060
DRC,2008-09-04,1.96,1.96,1.86,1.88,37740
DRC,2008-09-05,1.84,1.84,1.79,1.79,39340
DRC,2008-09-08,1.7,1.75,1.7,1.71,45830
DRC,2008-09-09,1.79,1.79,1.71,1.71,29530
DRC,2008-09-10,1.79,1.79,1.63,1.65,38700
DRC,2008-09-11,1.59,1.59,1.57,1.57,56080
DRC,2008-09-12,1.5,1.63,1.5,1.51,28870
DRC,2008-09-15,1.51,1.58,1.51,1.54,33690
DRC,2008-09-16,1.48,1.5,1.47,1.47,58760
DRC,2008-09-17,1.42,1.42,1.4,1.4,29390
DRC,2008-09-18,1.33,1.34,1.33,1.34,47600
DRC,2008-09-19,1.38,1.4,1.38,1.4,84220
DRC,2008-09-22,1.47,1.47,1.47,1.47,4000
DRC,2008-09-23,1.54,1.54,1.44,1.54,89610
DRC,2008-09-24,1.47,1.5,1.47,1.47,37710
DRC,2008-09-25,1.46,1.54,1.46,1.54,25580
DRC,2008-09-26,1.62,1.62,1.56,1.58,27200
DRC,2008-09-29,1.58,1.58,1.52,1.52,27930
DRC,2008-09-30,1.45,1.45,1.45,1.45,5320
DRC,2008-10-01,1.45,1.51,1.44,1.46,57680
DRC,2008-10-02,1.52,1.52,1.48,1.48,14840
DRC,2008-10-03,1.48,1.49,1.45,1.49,4370
DRC,2008-10-06,1.44,1.44,1.42,1.42,19440
DRC,2008-10-07,1.35,1.35,1.35,1.35,39870
DRC,2008-10-08,1.28,1.34,1.28,1.34,23800
DRC,2008-10-09,1.27,1.4,1.27,1.33,16600
DRC,2008-10-10,1.26,1.27,1.26,1.26,13890
DRC,2008-10-13,1.24,1.29,1.23,1.23,7120
DRC,2008-10-14,1.29,1.29,1.29,1.29,5200
DRC,2008-10-15,1.29,1.31,1.23,1.31,27440
DRC,2008-10-16,1.25,1.25,1.25,1.25,5240
DRC,2008-10-17,1.21,1.21,1.19,1.19,24410
DRC,2008-10-20,1.13,1.13,1.13,1.13,8550
DRC,2008-10-21,1.13,1.13,1.08,1.08,41710
DRC,2008-10-22,1.03,1.07,1.03,1.04,15650
DRC,2008-10-23,0.99,1.0,0.99,0.99,9920
DRC,2008-10-24,0.95,0.95,0.95,0.95,17850
DRC,2008-10-27,0.9,0.9,0.9,0.9,10780
DRC,2008-10-28,0.86,0.86,0.86,0.86,16400
DRC,2008-10-29,0.9,0.9,0.82,0.9,27720
DRC,2008-10-30,0.9,0.93,0.86,0.92,17540
DRC,2008-10-31,0.93,0.95,0.92,0.94,22180
DRC,2008-11-03,0.9,0.98,0.9,0.98,10910
DRC,2008-11-04,0.99,1.02,0.98,1.02,23420
DRC,2008-11-05,1.07,1.07,1.07,1.07,14440
DRC,2008-11-06,1.02,1.07,1.02,1.02,28460
DRC,2008-11-07,0.97,0.97,0.97,0.97,8440
DRC,2008-11-10,1.01,1.01,0.93,0.95,36110
DRC,2008-11-11,0.92,0.99,0.9,0.99,34850
DRC,2008-11-12,0.95,0.98,0.95,0.95,33010
DRC,2008-11-13,0.91,0.98,0.91,0.92,23540
DRC,2008-11-14,0.92,0.96,0.89,0.9,41830
DRC,2008-11-17,0.93,0.93,0.87,0.87,29190
DRC,2008-11-18,0.83,0.86,0.83,0.84,32060
DRC,2008-11-19,0.83,0.88,0.83,0.85,16870
DRC,2008-11-20,0.85,0.85,0.83,0.83,17900
DRC,2008-11-21,0.81,0.88,0.81,0.83,22000
DRC,2008-11-24,0.81,0.86,0.79,0.79,21910
DRC,2008-11-25,0.79,0.79,0.77,0.79,28540
DRC,2008-11-26,0.78,0.79,0.76,0.76,16510
DRC,2008-11-27,0.74,0.74,0.72,0.72,16000
DRC,2008-11-28,0.75,0.75,0.72,0.75,23900
DRC,2008-12-01,0.77,0.77,0.75,0.75,16740
DRC,2008-12-02,0.71,0.75,0.71,0.72,16640
DRC,2008-12-03,0.7,0.72,0.7,0.72,10310
DRC,2008-12-04,0.75,0.75,0.72,0.72,4710
DRC,2008-12-05,0.71,0.71,0.69,0.69,3150
DRC,2008-12-08,0.71,0.71,0.66,0.66,24160
DRC,2008-12-09,0.66,0.67,0.64,0.66,7910
DRC,2008-12-10,0.66,0.66,0.65,0.66,9150
DRC,2008-12-11,0.68,0.68,0.66,0.68,23000
DRC,2008-12-12,0.68,0.71,0.68,0.71,29470
DRC,2008-12-15,0.72,0.73,0.69,0.69,27520
DRC,2008-12-16,0.69,0.69,0.67,0.67,13200
DRC,2008-12-17,0.68,0.7,0.68,0.69,2760
DRC,2008-12-18,0.71,0.71,0.7,0.71,8820
DRC,2008-12-19,0.69,0.71,0.69,0.71,2920
DRC,2008-12-22,0.71,0.71,0.7,0.71,9280
DRC,2008-12-23,0.7,0.7,0.69,0.69,6600
DRC,2008-12-24,0.67,0.71,0.67,0.7,5630
DRC,2008-12-25,0.69,0.7,0.69,0.7,840
DRC,2008-12-26,0.69,0.73,0.69,0.73,12500
DRC,2008-12-29,0.73,0.73,0.71,0.72,4900
DRC,2008-12-30,0.71,0.72,0.7,0.72,2840
DRC,2008-12-31,0.71,0.71,0.7,0.7,7400
DRC,2009-01-02,0.71,0.72,0.71,0.71,2750
DRC,2009-01-05,0.69,0.71,0.69,0.71,4470
DRC,2009-01-06,0.72,0.74,0.72,0.74,6800
DRC,2009-01-07,0.75,0.76,0.75,0.75,6350
DRC,2009-01-08,0.74,0.76,0.72,0.76,3680
DRC,2009-01-09,0.75,0.75,0.73,0.74,2080
DRC,2009-01-12,0.75,0.75,0.73,0.74,1420
DRC,2009-01-13,0.74,0.74,0.72,0.72,5000
DRC,2009-01-14,0.7,0.72,0.7,0.7,5660
DRC,2009-01-15,0.72,0.72,0.71,0.71,1000
DRC,2009-01-16,0.71,0.73,0.71,0.72,1010
DRC,2009-01-19,0.72,0.72,0.71,0.72,3690
DRC,2009-01-20,0.71,0.73,0.71,0.73,4340
DRC,2009-01-21,0.71,0.72,0.71,0.72,9460
DRC,2009-01-22,0.71,0.72,0.71,0.72,2510
DRC,2009-01-23,0.72,0.72,0.71,0.72,2880
DRC,2009-02-02,0.71,0.76,0.71,0.71,7680
DRC,2009-02-03,0.7,0.72,0.7,0.71,5830
DRC,2009-02-04,0.74,0.74,0.7,0.71,11180
DRC,2009-02-05,0.72,0.72,0.67,0.67,12630
DRC,2009-02-06,0.67,0.71,0.67,0.68,9040
DRC,2009-02-09,0.71,0.71,0.69,0.69,1880
DRC,2009-02-10,0.69,0.71,0.69,0.7,19530
DRC,2009-02-11,0.71,0.71,0.69,0.69,7940
DRC,2009-02-12,0.69,0.7,0.69,0.7,17770
DRC,2009-02-13,0.7,0.71,0.7,0.7,11080
DRC,2009-02-16,0.68,0.72,0.68,0.72,7900
DRC,2009-02-17,0.72,0.72,0.7,0.71,7120
DRC,2009-02-18,0.71,0.71,0.7,0.7,19110
DRC,2009-02-19,0.72,0.72,0.71,0.71,3110
DRC,2009-02-20,0.71,0.71,0.71,0.71,16350
DRC,2009-02-23,0.71,0.72,0.7,0.72,19970
DRC,2009-02-24,0.72,0.72,0.7,0.71,11850
DRC,2009-02-25,0.71,0.72,0.71,0.71,9880
DRC,2009-02-26,0.73,0.73,0.71,0.72,6900
DRC,2009-02-27,0.73,0.73,0.72,0.73,10810
DRC,2009-03-02,0.72,0.74,0.72,0.74,5930
DRC,2009-03-03,0.77,0.77,0.71,0.72,16440
DRC,2009-03-04,0.72,0.75,0.72,0.73,19670
DRC,2009-03-05,0.75,0.75,0.75,0.75,9230
DRC,2009-03-06,0.73,0.76,0.73,0.75,11790
DRC,2009-03-09,0.75,0.76,0.75,0.76,26220
DRC,2009-03-10,0.76,0.77,0.76,0.76,18160
DRC,2009-03-11,0.76,0.76,0.75,0.76,142370
DRC,2009-03-12,0.76,0.76,0.73,0.74,40080
DRC,2009-03-13,0.74,0.74,0.73,0.74,31720
DRC,2009-03-16,0.75,0.75,0.74,0.74,43540
DRC,2009-03-17,0.75,0.75,0.74,0.75,61850
DRC,2009-03-18,0.79,0.79,0.78,0.79,486250
DRC,2009-03-19,0.82,0.83,0.79,0.79,137090
DRC,2009-03-20,0.78,0.82,0.78,0.81,171140
DRC,2009-03-23,0.8,0.8,0.77,0.77,252210
DRC,2009-03-24,0.8,0.8,0.77,0.78,389970
DRC,2009-03-25,0.78,0.82,0.77,0.82,389690
DRC,2009-03-26,0.86,0.86,0.84,0.86,393110
DRC,2009-03-27,0.9,0.9,0.9,0.9,17900
DRC,2009-03-30,0.94,0.94,0.94,0.94,185550
DRC,2009-03-31,0.98,0.98,0.94,0.98,532450
DRC,2009-04-01,1.0,1.01,0.96,0.99,489330
DRC,2009-04-02,0.98,0.98,0.96,0.96,341050
DRC,2009-04-03,1.0,1.01,0.99,1.01,250360
DRC,2009-04-07,1.01,1.06,1.01,1.06,211830
DRC,2009-04-08,1.08,1.11,1.05,1.08,294120
DRC,2009-04-09,1.1,1.1,1.05,1.08,145220
DRC,2009-04-10,1.13,1.13,1.11,1.13,262450
DRC,2009-04-13,1.18,1.18,1.17,1.18,106220
DRC,2009-04-14,1.21,1.21,1.12,1.15,152920
DRC,2009-04-15,1.15,1.15,1.09,1.09,225750
DRC,2009-04-16,1.12,1.13,1.08,1.11,156230
DRC,2009-04-17,1.1,1.14,1.05,1.14,184850
DRC,2009-04-20,1.09,1.09,1.09,1.09,128260
DRC,2009-04-21,1.03,1.14,1.03,1.09,143330
DRC,2009-04-22,1.13,1.14,1.11,1.14,119110
DRC,2009-04-23,1.18,1.18,1.13,1.15,95200
DRC,2009-04-24,1.15,1.15,1.11,1.13,78010
DRC,2009-04-27,1.13,1.15,1.13,1.14,88090
DRC,2009-04-28,1.2,1.2,1.2,1.2,78970
DRC,2009-04-29,1.26,1.26,1.26,1.26,93300
DRC,2009-05-04,1.32,1.32,1.32,1.32,9400
DRC,2009-05-05,1.38,1.38,1.38,1.38,28240
DRC,2009-05-06,1.45,1.45,1.39,1.45,691180
DRC,2009-05-07,1.52,1.52,1.52,1.52,18680
DRC,2009-05-08,1.59,1.59,1.59,1.59,108570
DRC,2009-05-11,1.67,1.67,1.67,1.67,5550
DRC,2009-05-12,1.75,1.75,1.75,1.75,16660
DRC,2009-05-13,1.83,1.83,1.83,1.83,392510
DRC,2009-05-14,1.85,1.89,1.76,1.89,540540
DRC,2009-05-15,1.99,1.99,1.89,1.99,257170
DRC,2009-05-18,1.96,1.98,1.94,1.94,158150
DRC,2009-05-19,2.03,2.03,1.94,2.03,300910
DRC,2009-05-20,2.13,2.13,2.13,2.13,110180
DRC,2009-05-21,2.23,2.23,2.23,2.23,52070
DRC,2009-05-22,2.34,2.34,2.18,2.34,642700
DRC,2009-05-25,2.45,2.45,2.45,2.45,15040
DRC,2009-05-26,2.57,2.57,2.57,2.57,60500
DRC,2009-05-27,2.68,2.68,2.68,2.68,30130
DRC,2009-05-28,2.79,2.79,2.68,2.68,542550
DRC,2009-05-29,2.68,2.68,2.57,2.61,304070
DRC,2009-06-01,2.72,2.72,2.72,2.72,81500
DRC,2009-06-02,2.86,2.86,2.86,2.86,11080
DRC,2009-06-03,3.0,3.0,3.0,3.0,8270
DRC,2009-06-04,3.13,3.13,3.13,3.13,5900
DRC,2009-06-05,3.27,3.27,3.27,3.27,16100
DRC,2009-06-08,3.42,3.42,3.42,3.42,8940
DRC,2009-06-09,3.58,3.58,3.58,3.58,179580
DRC,2009-06-10,3.67,3.67,3.63,3.74,374340
DRC,2009-06-11,3.92,3.92,3.92,3.92,107830
DRC,2009-06-12,4.1,4.1,4.1,4.1,59400
DRC,2009-06-15,4.3,4.3,4.19,4.3,437860
DRC,2009-06-16,4.23,4.41,4.12,4.21,418800
DRC,2009-06-17,4.35,4.37,4.17,4.35,421200
DRC,2009-06-18,4.55,4.55,4.46,4.55,319960
DRC,2009-06-19,4.77,4.77,4.46,4.5,370130
DRC,2009-06-22,4.28,4.28,4.28,4.28,67270
DRC,2009-06-23,4.08,4.08,4.08,4.08,5500
DRC,2009-06-24,3.87,4.23,3.87,3.87,1057600
DRC,2009-06-25,4.05,4.05,3.92,4.05,541960
DRC,2009-06-26,4.05,4.08,3.92,4.05,199950
DRC,2009-06-29,3.9,3.99,3.85,3.85,166530
DRC,2009-06-30,3.67,3.72,3.67,3.67,96040
DRC,2009-07-01,3.49,3.49,3.49,3.49,22190
DRC,2009-07-02,3.33,3.51,3.33,3.38,629610
DRC,2009-07-03,3.22,3.38,3.22,3.29,389130
DRC,2009-07-06,3.4,3.45,3.29,3.45,201230
DRC,2009-07-07,3.58,3.6,3.47,3.6,338770
DRC,2009-07-08,3.6,3.78,3.6,3.78,457930
DRC,2009-07-09,3.83,3.92,3.74,3.78,193550
DRC,2009-07-10,3.69,3.78,3.6,3.78,356760
DRC,2009-07-13,3.74,3.74,3.6,3.6,384640
DRC,2009-07-14,3.6,3.78,3.54,3.67,261080
DRC,2009-07-15,3.74,3.76,3.67,3.67,234240
DRC,2009-07-16,3.85,3.85,3.76,3.85,561080
DRC,2009-07-17,3.87,4.03,3.85,3.96,515490
DRC,2009-07-20,3.81,3.96,3.78,3.78,55690
DRC,2009-07-21,3.69,3.78,3.6,3.63,243730
DRC,2009-07-22,3.65,3.69,3.6,3.65,263460
DRC,2009-07-23,3.6,3.83,3.6,3.83,182770
DRC,2009-07-24,4.01,4.01,4.01,4.01,112130
DRC,2009-07-27,4.1,4.14,3.99,4.1,497220
DRC,2009-07-28,3.96,4.1,3.9,3.9,279500
DRC,2009-07-29,3.92,3.96,3.78,3.81,226210
DRC,2009-07-30,3.76,3.81,3.67,3.72,213760
DRC,2009-07-31,3.78,3.87,3.76,3.85,92330
DRC,2009-08-03,3.83,3.92,3.81,3.83,69410
DRC,2009-08-04,3.94,3.94,3.81,3.87,247580
DRC,2009-08-05,3.85,3.96,3.83,3.94,218060
DRC,2009-08-06,3.92,4.01,3.9,3.92,347440
DRC,2009-08-07,3.92,4.1,3.92,4.1,755580
DRC,2009-08-10,4.3,4.3,4.26,4.3,435100
DRC,2009-08-11,4.44,4.5,4.39,4.5,734040
DRC,2009-08-12,4.59,4.73,4.59,4.73,346860
DRC,2009-08-13,4.86,4.95,4.59,4.59,423170
DRC,2009-08-14,4.59,4.68,4.46,4.68,306150
DRC,2009-08-17,4.59,4.68,4.46,4.46,386310
DRC,2009-08-18,4.39,4.59,4.39,4.5,365230
DRC,2009-08-19,4.59,4.59,4.5,4.55,180650
DRC,2009-08-20,4.59,4.73,4.5,4.73,389210
DRC,2009-08-21,4.82,4.95,4.73,4.73,448370
DRC,2009-08-24,4.77,4.82,4.68,4.68,281970
DRC,2009-08-25,4.68,4.68,4.5,4.59,244670
DRC,2009-08-26,4.59,4.64,4.5,4.59,210870
DRC,2009-08-27,4.59,4.64,4.5,4.55,276710
DRC,2009-08-28,4.64,4.68,4.55,4.68,205960
DRC,2009-08-31,4.68,4.77,4.64,4.68,308310
DRC,2009-09-01,4.64,4.68,4.59,4.64,156550
DRC,2009-09-03,4.59,4.64,4.55,4.59,286390
DRC,2009-09-04,4.82,4.82,4.68,4.82,945970
DRC,2009-09-07,5.04,5.04,4.77,5.04,585730
DRC,2009-09-08,5.27,5.27,5.13,5.27,249950
DRC,2009-09-09,5.13,5.31,5.09,5.13,472420
DRC,2009-09-10,5.27,5.36,5.04,5.27,474290
DRC,2009-09-11,5.27,5.36,5.27,5.27,316760
DRC,2009-09-14,5.22,5.49,5.22,5.49,612920
DRC,2009-09-15,5.77,5.77,5.68,5.77,342470
DRC,2009-09-16,5.86,6.04,5.77,5.77,894110
DRC,2009-09-17,5.86,5.9,5.58,5.77,636370
DRC,2009-09-18,5.77,6.04,5.77,6.04,313940
DRC,2009-09-21,6.31,6.31,6.26,6.31,290620
DRC,2009-09-22,6.35,6.62,6.35,6.62,435740
DRC,2009-09-23,6.85,6.89,6.44,6.44,701890
DRC,2009-09-24,6.44,6.76,6.44,6.76,905530
DRC,2009-09-25,7.07,7.07,7.07,7.07,45840
DRC,2009-09-28,7.39,7.39,7.39,7.39,107690
DRC,2009-09-29,7.75,7.75,7.57,7.75,897500
DRC,2009-09-30,7.66,8.11,7.66,7.75,813940
DRC,2009-10-01,7.88,7.93,7.52,7.61,690330
DRC,2009-10-02,7.25,7.43,7.25,7.25,940490
DRC,2009-10-05,7.43,7.43,7.03,7.21,486320
DRC,2009-10-06,7.48,7.48,7.07,7.07,351840
DRC,2009-10-07,7.16,7.39,7.16,7.39,664540
DRC,2009-10-08,7.43,7.75,7.34,7.75,684020
DRC,2009-10-09,7.88,7.88,7.57,7.57,323570
DRC,2009-10-12,7.61,7.79,7.48,7.57,472200
DRC,2009-10-13,7.57,7.66,7.43,7.43,489170
DRC,2009-10-14,7.39,7.57,7.39,7.57,256950
DRC,2009-10-15,7.93,7.93,7.84,7.93,601120
DRC,2009-10-16,7.84,7.84,7.61,7.61,388720
DRC,2009-10-19,7.66,7.66,7.57,7.61,230720
DRC,2009-10-20,7.79,7.88,7.7,7.79,309870
DRC,2009-10-21,7.57,7.88,7.57,7.75,394230
DRC,2009-10-22,7.75,7.75,7.61,7.66,460980
DRC,2009-10-23,7.66,7.66,7.43,7.43,348750
DRC,2009-10-26,7.52,7.52,7.16,7.16,195270
DRC,2009-10-27,7.12,7.16,6.85,6.98,460580
DRC,2009-10-28,7.12,7.12,6.85,6.89,180360
DRC,2009-10-29,6.71,7.21,6.58,7.21,315300
DRC,2009-10-30,7.57,7.57,7.07,7.25,406540
DRC,2009-11-02,6.89,6.94,6.89,6.89,180560
DRC,2009-11-03,6.89,6.89,6.58,6.58,371550
DRC,2009-11-04,6.49,6.71,6.26,6.31,438800
DRC,2009-11-05,6.35,6.62,6.31,6.62,369550
DRC,2009-11-06,6.94,6.94,6.76,6.76,574810
DRC,2009-11-09,6.67,7.07,6.49,6.76,493370
DRC,2009-11-10,6.89,6.89,6.49,6.67,340350
DRC,2009-11-11,6.71,6.76,6.58,6.76,196280
DRC,2009-11-12,6.76,6.89,6.71,6.8,309620
DRC,2009-11-13,6.62,6.76,6.62,6.71,192000
DRC,2009-11-16,6.71,6.76,6.67,6.67,214030
DRC,2009-11-17,6.71,6.76,6.67,6.67,167460
DRC,2009-11-18,6.76,6.98,6.67,6.98,631530
DRC,2009-11-19,6.98,7.21,6.89,7.03,616370
DRC,2009-11-20,6.98,6.98,6.71,6.8,361940
DRC,2009-11-23,6.8,6.8,6.49,6.49,364990
DRC,2009-11-24,6.53,6.62,6.26,6.31,299770
DRC,2009-11-25,6.26,6.26,5.99,5.99,437050
DRC,2009-11-26,5.72,5.72,5.72,5.72,65220
DRC,2009-11-27,5.45,5.99,5.45,5.54,354810
DRC,2009-11-30,5.54,5.72,5.49,5.63,177610
DRC,2009-12-01,5.68,5.77,5.58,5.68,156200
DRC,2009-12-02,5.58,5.63,5.4,5.4,266040
DRC,2009-12-03,5.25,5.47,5.15,5.47,266720
DRC,2009-12-04,5.43,5.61,5.29,5.38,114890
DRC,2009-12-07,5.43,5.43,5.29,5.38,65760
DRC,2009-12-08,5.29,5.29,5.15,5.2,126730
DRC,2009-12-09,5.02,5.02,4.97,4.97,284080
DRC,2009-12-10,4.93,4.97,4.74,4.74,326180
DRC,2009-12-11,4.54,4.56,4.52,4.52,224240
DRC,2009-12-14,4.38,4.65,4.31,4.47,266790
DRC,2009-12-15,4.4,4.4,4.26,4.26,143370
DRC,2009-12-16,4.1,4.1,4.06,4.06,154670
DRC,2009-12-17,3.88,3.88,3.88,3.88,65680
DRC,2009-12-18,3.92,4.06,3.83,4.06,471820
DRC,2009-12-21,4.24,4.24,4.17,4.24,126280
DRC,2009-12-22,4.45,4.45,4.24,4.38,407000
DRC,2009-12-23,4.31,4.4,4.31,4.4,113660
DRC,2009-12-24,4.38,4.49,4.29,4.49,153890
DRC,2009-12-25,4.65,4.7,4.65,4.7,146340
DRC,2009-12-28,4.83,4.93,4.7,4.93,308140
DRC,2009-12-29,4.97,5.15,4.97,5.15,335870
DRC,2009-12-30,5.29,5.38,5.25,5.38,356470
DRC,2009-12-31,5.47,5.61,5.47,5.56,257270
DRC,2010-01-04,5.79,5.84,5.56,5.84,143470
DRC,2010-01-05,6.11,6.11,6.11,6.11,121850
DRC,2010-01-06,6.39,6.39,6.34,6.39,150350
DRC,2010-01-07,6.48,6.7,6.11,6.11,290230
DRC,2010-01-08,6.39,6.39,6.07,6.07,535240
DRC,2010-01-11,6.11,6.16,5.79,5.88,181700
DRC,2010-01-12,5.88,5.93,5.61,5.61,231540
DRC,2010-01-13,5.56,5.88,5.34,5.88,315790
DRC,2010-01-14,6.02,6.11,5.84,6.02,100480
DRC,2010-01-15,5.93,6.07,5.79,5.79,120590
DRC,2010-01-18,5.66,5.66,5.52,5.52,143630
DRC,2010-01-19,5.47,5.61,5.43,5.43,115610
DRC,2010-01-20,5.47,5.47,5.2,5.2,284310
DRC,2010-01-21,5.06,5.2,4.97,4.97,170180
DRC,2010-01-22,4.79,5.2,4.79,5.2,294990
DRC,2010-01-25,5.29,5.34,5.15,5.29,63450
DRC,2010-01-26,5.47,5.52,5.43,5.52,301150
DRC,2010-01-27,5.79,5.79,5.47,5.56,296060
DRC,2010-01-28,5.56,5.56,5.29,5.34,139960
DRC,2010-01-29,5.38,5.38,5.2,5.29,135400
DRC,2010-02-01,5.34,5.43,5.29,5.38,38630
DRC,2010-02-02,5.43,5.43,5.25,5.25,121920
DRC,2010-02-03,5.25,5.43,5.2,5.29,171940
DRC,2010-02-04,5.38,5.52,5.34,5.47,210000
DRC,2010-02-05,5.75,5.75,5.66,5.75,412090
DRC,2010-02-08,5.66,5.7,5.56,5.56,157830
DRC,2010-02-09,5.52,5.52,5.38,5.38,98510
DRC,2010-02-10,5.47,5.52,5.38,5.43,107490
DRC,2010-02-11,5.43,5.52,5.43,5.52,81620
DRC,2010-02-12,5.66,5.66,5.52,5.61,44890
DRC,2010-02-22,5.7,5.7,5.56,5.61,67550
DRC,2010-02-23,5.43,5.47,5.38,5.38,162670
DRC,2010-02-24,5.34,5.52,5.34,5.52,97290
DRC,2010-02-25,5.47,5.56,5.38,5.38,87490
DRC,2010-02-26,5.38,5.47,5.38,5.43,46790
DRC,2010-03-01,5.47,5.52,5.43,5.43,76470
DRC,2010-03-02,5.43,5.47,5.38,5.43,74950
DRC,2010-03-03,5.47,5.52,5.47,5.52,122520
DRC,2010-03-04,5.61,5.66,5.52,5.52,134470
DRC,2010-03-05,5.52,5.56,5.47,5.52,126650
DRC,2010-03-08,5.66,5.79,5.66,5.79,204120
DRC,2010-03-09,5.88,6.07,5.88,6.07,461950
DRC,2010-03-10,6.11,6.16,5.93,5.93,219780
DRC,2010-03-11,5.93,5.97,5.84,5.88,166500
DRC,2010-03-12,5.93,5.93,5.79,5.88,241040
DRC,2010-03-15,5.93,6.16,5.88,6.02,340930
DRC,2010-03-16,6.02,6.07,5.79,5.84,153260
DRC,2010-03-17,5.93,5.93,5.66,5.75,184930
DRC,2010-03-18,5.79,5.88,5.7,5.88,154900
DRC,2010-03-19,5.88,5.88,5.79,5.79,142980
DRC,2010-03-22,5.75,5.79,5.66,5.66,265660
DRC,2010-03-23,5.61,5.7,5.61,5.61,169510
DRC,2010-03-24,5.66,5.7,5.52,5.7,168270
DRC,2010-03-25,5.56,5.66,5.47,5.52,177740
DRC,2010-03-26,5.56,5.56,5.47,5.52,160320
DRC,2010-03-29,5.66,5.66,5.52,5.52,124160
DRC,2010-03-30,5.52,5.56,5.47,5.47,112580
DRC,2010-03-31,5.52,5.52,5.38,5.38,110960
DRC,2010-04-01,5.38,5.47,5.34,5.47,124310
DRC,2010-04-02,5.52,5.75,5.47,5.61,130930
DRC,2010-04-05,5.66,5.7,5.61,5.66,63220
DRC,2010-04-06,5.66,5.66,5.47,5.52,180070
DRC,2010-04-07,5.47,5.52,5.38,5.43,242730
DRC,2010-04-08,5.47,5.47,5.38,5.47,137200
DRC,2010-04-09,5.47,5.47,5.38,5.43,131990
DRC,2010-04-12,5.47,5.47,5.38,5.38,206950
DRC,2010-04-13,5.38,5.38,5.29,5.29,138470
DRC,2010-04-14,5.29,5.34,5.25,5.29,237840
DRC,2010-04-15,5.34,5.34,5.25,5.29,143470
DRC,2010-04-16,5.34,5.34,5.29,5.29,135490
DRC,2010-04-19,5.34,5.34,5.2,5.25,79490
DRC,2010-04-20,5.25,5.29,5.15,5.15,104690
DRC,2010-04-21,5.15,5.25,5.15,5.15,116190
DRC,2010-04-22,5.29,5.38,5.29,5.38,206510
DRC,2010-04-26,5.47,5.56,5.43,5.52,170520
DRC,2010-04-27,5.47,5.52,5.34,5.38,196380
DRC,2010-04-28,5.38,5.38,5.29,5.34,72470
DRC,2010-04-29,5.38,5.43,5.34,5.34,138640
DRC,2010-05-04,5.43,5.47,5.34,5.34,103090
DRC,2010-05-05,5.34,5.43,5.29,5.43,225780
DRC,2010-05-06,5.43,5.47,5.34,5.34,89410
DRC,2010-05-07,5.29,5.29,5.2,5.2,142840
DRC,2010-05-10,5.2,5.2,5.11,5.2,101610
DRC,2010-05-11,5.43,5.43,5.43,5.43,43600
DRC,2010-05-12,5.56,5.61,5.43,5.43,504800
DRC,2010-05-13,5.52,5.52,5.34,5.34,144000
DRC,2010-05-14,5.38,5.38,5.25,5.25,138570
DRC,2010-05-17,5.25,5.29,5.11,5.2,115010
DRC,2010-05-18,5.06,5.25,5.06,5.25,292390
DRC,2010-05-19,5.47,5.47,5.06,5.2,365740
DRC,2010-05-20,5.02,5.2,5.02,5.2,191750
DRC,2010-05-21,4.97,5.02,4.97,4.97,176810
DRC,2010-05-24,4.93,5.02,4.74,4.93,88540
DRC,2010-05-25,4.93,4.93,4.79,4.79,69450
DRC,2010-05-26,4.83,5.02,4.79,5.02,95960
DRC,2010-05-27,5.02,5.11,4.97,5.11,127450
DRC,2010-05-28,5.25,5.29,5.15,5.25,144410
DRC,2010-05-31,5.2,5.2,5.11,5.11,71350
DRC,2010-06-01,5.02,5.15,4.97,5.15,36950
DRC,2010-06-02,5.15,5.15,5.11,5.11,74260
DRC,2010-06-03,5.2,5.2,5.06,5.06,66690
DRC,2010-06-04,5.02,5.06,4.97,5.02,54630
DRC,2010-06-07,4.79,4.97,4.79,4.83,88160
DRC,2010-06-08,4.74,4.88,4.74,4.83,46580
DRC,2010-06-09,4.93,4.93,4.83,4.83,31380
DRC,2010-06-10,4.83,4.88,4.83,4.83,25590
DRC,2010-06-11,4.93,4.93,4.83,4.88,35450
DRC,2010-06-14,4.93,4.93,4.88,4.88,32420
DRC,2010-06-15,4.88,4.88,4.79,4.79,42050
DRC,2010-06-16,4.93,4.93,4.83,4.88,44890
DRC,2010-06-17,4.88,4.93,4.88,4.93,40600
DRC,2010-06-18,4.93,4.93,4.88,4.93,46650
DRC,2010-06-21,4.93,4.97,4.88,4.88,40120
DRC,2010-06-22,4.79,4.88,4.79,4.83,49080
DRC,2010-06-23,4.83,4.88,4.79,4.83,33390
DRC,2010-06-24,4.88,4.88,4.79,4.79,52420
DRC,2010-06-25,4.74,4.83,4.7,4.7,47410
DRC,2010-06-28,4.7,4.79,4.7,4.74,23800
DRC,2010-06-29,4.83,4.83,4.74,4.74,14690
DRC,2010-06-30,4.61,4.74,4.61,4.74,31520
DRC,2010-07-01,4.61,4.7,4.61,4.61,33810
DRC,2010-07-02,4.61,4.74,4.56,4.65,132230
DRC,2010-07-05,4.74,4.88,4.74,4.88,132250
DRC,2010-07-06,5.11,5.11,4.93,5.06,283340
DRC,2010-07-07,5.06,5.11,4.83,4.88,110650
DRC,2010-07-08,4.83,4.88,4.7,4.74,206310
DRC,2010-07-09,4.79,4.79,4.7,4.74,101850
DRC,2010-07-12,4.79,4.79,4.65,4.7,113500
DRC,2010-07-13,4.74,4.88,4.74,4.83,114780
DRC,2010-07-14,4.88,4.88,4.74,4.74,76040
DRC,2010-07-15,4.7,4.74,4.7,4.74,52170
DRC,2010-07-16,4.74,4.74,4.7,4.74,62570
DRC,2010-07-19,4.74,4.74,4.7,4.7,68410
DRC,2010-07-20,4.74,4.74,4.65,4.65,73190
DRC,2010-07-21,4.74,4.74,4.61,4.65,67800
DRC,2010-07-22,4.65,4.7,4.61,4.61,63800
DRC,2010-07-23,4.61,4.65,4.56,4.56,66580
DRC,2010-07-26,4.47,4.52,4.42,4.42,167010
DRC,2010-07-27,4.42,4.46,4.39,4.39,95230
DRC,2010-07-28,4.38,4.39,4.21,4.21,118810
DRC,2010-07-29,4.2,4.24,4.1,4.24,167050
DRC,2010-07-30,4.22,4.25,4.21,4.21,94900
DRC,2010-08-02,4.28,4.28,4.15,4.15,26220
DRC,2010-08-03,4.15,4.24,4.15,4.2,86280
DRC,2010-08-04,4.16,4.2,4.01,4.19,49730
DRC,2010-08-05,4.19,4.19,4.12,4.12,32400
DRC,2010-08-06,4.1,4.1,4.06,4.06,46040
DRC,2010-08-09,3.98,4.0,3.87,3.87,118090
DRC,2010-08-10,3.79,3.79,3.68,3.69,142650
DRC,2010-08-11,3.69,3.82,3.69,3.69,174070
DRC,2010-08-12,3.6,3.68,3.54,3.54,118600
DRC,2010-08-13,3.49,3.6,3.49,3.55,196050
DRC,2010-08-16,3.69,3.72,3.67,3.72,198430
DRC,2010-08-17,3.74,3.74,3.64,3.73,144970
DRC,2010-08-18,3.74,3.78,3.65,3.65,100560
DRC,2010-08-19,3.65,3.68,3.62,3.68,43360
DRC,2010-08-20,3.67,3.67,3.6,3.65,61770
DRC,2010-08-23,3.65,3.65,3.51,3.51,36470
DRC,2010-08-24,3.47,3.48,3.38,3.38,144880
DRC,2010-08-25,3.3,3.38,3.22,3.22,186170
DRC,2010-08-26,3.3,3.31,3.19,3.27,97640
DRC,2010-08-27,3.25,3.28,3.16,3.25,87400
DRC,2010-08-30,3.4,3.4,3.38,3.4,46740
DRC,2010-08-31,3.56,3.57,3.49,3.57,147410
DRC,2010-09-01,3.63,3.74,3.54,3.72,101230
DRC,2010-09-06,3.9,3.9,3.9,3.9,95540
DRC,2010-09-07,3.92,4.01,3.83,3.9,232890
DRC,2010-09-08,3.81,3.88,3.79,3.84,142480
DRC,2010-09-09,3.92,3.93,3.83,3.9,108230
DRC,2010-09-10,3.9,4.03,3.83,3.83,200900
DRC,2010-09-13,3.88,3.88,3.64,3.69,163290
DRC,2010-09-14,3.69,3.74,3.69,3.73,72310
DRC,2010-09-15,3.9,3.9,3.73,3.81,140720
DRC,2010-09-16,3.75,3.82,3.69,3.74,89990
DRC,2010-09-17,3.82,3.86,3.72,3.82,183470
DRC,2010-09-20,3.92,3.93,3.82,3.92,168960
DRC,2010-09-21,3.97,3.97,3.84,3.84,201710
DRC,2010-09-22,3.82,3.86,3.82,3.85,123700
DRC,2010-09-23,3.81,3.85,3.78,3.83,95160
DRC,2010-09-24,3.82,3.83,3.76,3.79,64370
DRC,2010-09-27,3.78,3.79,3.76,3.76,59980
DRC,2010-09-28,3.88,3.88,3.76,3.76,49380
DRC,2010-09-29,3.71,3.78,3.7,3.71,33230
DRC,2010-09-30,3.7,3.73,3.69,3.71,51800
DRC,2010-10-01,3.71,3.74,3.7,3.72,58130
DRC,2010-10-04,3.7,3.7,3.65,3.65,106130
DRC,2010-10-05,3.63,3.64,3.58,3.64,62680
DRC,2010-10-06,3.64,3.78,3.64,3.78,95870
DRC,2010-10-07,3.78,3.81,3.74,3.76,99980
DRC,2010-10-08,3.69,3.78,3.67,3.72,65290
DRC,2010-10-11,3.71,3.74,3.67,3.71,30520
DRC,2010-10-12,3.68,3.74,3.64,3.68,91210
DRC,2010-10-13,3.69,3.72,3.66,3.69,65810
DRC,2010-10-14,3.69,3.7,3.69,3.69,63240
DRC,2010-10-15,3.69,3.69,3.66,3.68,37980
DRC,2010-10-18,3.69,3.69,3.63,3.69,21080
DRC,2010-10-19,3.69,3.69,3.6,3.6,61990
DRC,2010-10-20,3.56,3.6,3.43,3.43,173180
DRC,2010-10-21,3.43,3.52,3.43,3.45,89700
DRC,2010-10-22,3.47,3.51,3.45,3.46,79650
DRC,2010-10-25,3.5,3.5,3.44,3.46,73670
DRC,2010-10-26,3.46,3.54,3.46,3.51,134400
DRC,2010-10-27,3.54,3.54,3.49,3.49,78110
DRC,2010-10-28,3.44,3.51,3.44,3.49,84670
DRC,2010-10-29,3.48,3.51,3.48,3.49,35440
DRC,2010-11-01,3.47,3.48,3.46,3.48,45480
DRC,2010-11-02,3.5,3.5,3.45,3.45,37560
DRC,2010-11-03,3.45,3.45,3.4,3.42,57920
DRC,2010-11-04,3.41,3.44,3.41,3.44,31400
DRC,2010-11-05,3.48,3.53,3.48,3.53,120420
DRC,2010-11-08,3.5,3.5,3.46,3.47,47620
DRC,2010-11-09,3.45,3.49,3.42,3.42,66320
DRC,2010-11-10,3.42,3.46,3.38,3.43,26190
DRC,2010-11-11,3.38,3.43,3.37,3.38,53840
DRC,2010-11-12,3.36,3.36,3.22,3.22,75820
DRC,2010-11-15,3.17,3.21,3.1,3.1,52410
DRC,2010-11-16,3.1,3.1,3.07,3.1,99540
DRC,2010-11-17,3.1,3.19,2.95,2.95,122720
DRC,2010-11-18,2.97,3.09,2.8,2.97,309900
DRC,2010-11-19,3.02,3.02,2.83,2.95,45910
DRC,2010-11-22,2.92,2.92,2.8,2.86,75060
DRC,2010-11-23,2.78,3.0,2.78,3.0,63590
DRC,2010-11-24,2.9,2.95,2.88,2.94,80900
DRC,2010-11-25,2.98,3.04,2.96,3.01,103020
DRC,2010-11-26,3.09,3.09,3.0,3.06,109210
DRC,2010-11-29,3.06,3.19,3.01,3.19,59470
DRC,2010-11-30,3.19,3.35,3.19,3.35,215100
DRC,2010-12-01,3.26,3.38,3.26,3.38,93370
DRC,2010-12-02,3.38,3.54,3.36,3.54,191880
DRC,2010-12-03,3.71,3.71,3.67,3.71,272880
DRC,2010-12-06,3.71,3.9,3.65,3.9,267940
DRC,2010-12-07,3.74,3.9,3.74,3.78,177250
DRC,2010-12-08,3.78,3.78,3.59,3.59,211800
DRC,2010-12-09,3.51,3.77,3.51,3.74,112280
DRC,2010-12-10,3.83,3.92,3.76,3.92,183300
DRC,2010-12-13,4.1,4.1,4.01,4.01,122010
DRC,2010-12-14,3.89,4.01,3.81,3.81,157440
DRC,2010-12-15,3.88,3.88,3.74,3.74,80210
DRC,2010-12-16,3.6,3.65,3.56,3.56,119640
DRC,2010-12-17,3.56,3.69,3.56,3.66,71140
DRC,2010-12-20,3.58,3.69,3.58,3.58,49300
DRC,2010-12-21,3.54,3.65,3.53,3.64,64630
DRC,2010-12-22,3.72,3.72,3.6,3.65,44110
DRC,2010-12-23,3.69,3.69,3.6,3.63,59530
DRC,2010-12-24,3.66,3.66,3.6,3.65,33030
DRC,2010-12-27,3.62,3.64,3.62,3.62,98380
DRC,2010-12-28,3.65,3.69,3.64,3.67,96140
DRC,2010-12-29,3.65,3.66,3.64,3.65,30270
DRC,2010-12-30,3.69,3.69,3.64,3.65,119580
DRC,2010-12-31,3.65,3.65,3.61,3.65,25790
DRC,2011-01-04,3.74,3.74,3.65,3.69,26390
DRC,2011-01-05,3.69,3.69,3.65,3.65,42600
DRC,2011-01-06,3.65,3.65,3.6,3.6,8540
DRC,2011-01-07,3.57,3.64,3.57,3.58,21520
DRC,2011-01-10,3.65,3.65,3.56,3.6,18100
DRC,2011-01-11,3.6,3.6,3.51,3.51,15980
DRC,2011-01-12,3.56,3.56,3.51,3.51,22810
DRC,2011-01-13,3.63,3.63,3.51,3.53,14870
DRC,2011-01-14,3.58,3.6,3.54,3.56,41230
DRC,2011-01-17,3.69,3.69,3.6,3.61,31720
DRC,2011-01-18,3.69,3.69,3.61,3.61,62830
DRC,2011-01-19,3.68,3.72,3.63,3.65,43360
DRC,2011-01-20,3.56,3.65,3.56,3.62,17620
DRC,2011-01-21,3.65,3.65,3.61,3.62,37450
DRC,2011-01-24,3.62,3.62,3.52,3.52,31090
DRC,2011-01-25,3.6,3.64,3.56,3.59,33030
DRC,2011-01-26,3.65,3.65,3.58,3.59,12890
DRC,2011-01-27,3.59,3.65,3.59,3.64,32410
DRC,2011-01-28,3.65,3.66,3.64,3.64,39170
DRC,2011-02-08,3.64,3.69,3.64,3.65,17590
DRC,2011-02-09,3.69,3.69,3.57,3.57,7370
DRC,2011-02-10,3.65,3.65,3.47,3.49,6890
DRC,2011-02-11,3.6,3.6,3.51,3.51,85300
DRC,2011-02-14,3.58,3.58,3.53,3.53,14220
DRC,2011-02-15,3.51,3.54,3.47,3.51,17560
DRC,2011-02-16,3.51,3.51,3.48,3.48,11580
DRC,2011-02-17,3.47,3.53,3.45,3.53,43900
DRC,2011-02-18,3.6,3.6,3.38,3.42,21180
DRC,2011-02-21,3.27,3.38,3.26,3.26,132910
DRC,2011-02-22,3.1,3.15,3.1,3.1,57040
DRC,2011-02-23,3.1,3.15,2.96,3.07,48040
DRC,2011-02-24,2.92,2.93,2.92,2.92,226870
DRC,2011-02-25,3.07,3.07,2.99,3.07,178540
DRC,2011-02-28,3.1,3.18,3.1,3.1,106810
DRC,2011-03-01,3.17,3.17,2.99,3.02,148610
DRC,2011-03-02,2.98,3.05,2.87,2.87,214140
DRC,2011-03-03,2.83,2.84,2.78,2.78,242820
DRC,2011-03-04,2.78,2.83,2.78,2.82,42430
DRC,2011-03-07,2.82,2.82,2.8,2.82,35630
DRC,2011-03-08,2.83,2.9,2.83,2.86,57220
DRC,2011-03-09,2.86,2.86,2.72,2.83,50820
DRC,2011-03-10,2.82,2.96,2.82,2.96,58660
DRC,2011-03-11,3.07,3.11,3.01,3.01,91510
DRC,2011-03-14,2.95,3.01,2.86,2.86,122560
DRC,2011-03-15,2.79,2.92,2.78,2.83,74930
DRC,2011-03-16,2.79,2.87,2.74,2.79,56270
DRC,2011-03-17,2.77,2.87,2.77,2.81,54000
DRC,2011-03-18,2.89,2.89,2.82,2.88,103480
DRC,2011-03-21,3.0,3.02,2.94,3.02,165660
DRC,2011-03-22,3.07,3.07,2.98,2.99,160700
DRC,2011-03-23,2.94,3.05,2.94,2.97,42300
DRC,2011-03-24,3.01,3.01,2.94,2.94,35360
DRC,2011-03-25,2.96,2.96,2.91,2.93,62260
DRC,2011-03-28,3.0,3.0,2.9,2.92,67420
DRC,2011-03-29,2.88,2.92,2.83,2.9,36540
DRC,2011-03-30,2.87,2.9,2.84,2.89,70950
DRC,2011-03-31,2.91,2.95,2.9,2.9,49000
DRC,2011-04-01,2.9,2.94,2.9,2.94,49990
DRC,2011-04-04,2.9,2.94,2.9,2.9,34170
DRC,2011-04-05,2.87,2.92,2.87,2.91,15630
DRC,2011-04-06,2.92,2.94,2.91,2.94,27010
DRC,2011-04-07,2.92,2.94,2.9,2.9,29720
DRC,2011-04-08,2.9,2.92,2.9,2.92,27870
DRC,2011-04-13,2.92,2.92,2.88,2.88,23480
DRC,2011-04-14,2.86,2.88,2.85,2.87,19900
DRC,2011-04-15,2.88,2.88,2.86,2.87,57910
DRC,2011-04-18,2.75,2.83,2.75,2.75,60690
DRC,2011-04-19,2.76,2.78,2.75,2.75,23530
DRC,2011-04-20,2.82,2.82,2.75,2.75,13650
DRC,2011-04-21,2.71,2.78,2.67,2.67,22380
DRC,2011-04-22,2.67,2.68,2.55,2.55,45680
DRC,2011-04-25,2.56,2.67,2.55,2.6,12230
DRC,2011-04-26,2.6,2.65,2.48,2.48,25590
DRC,2011-04-27,2.46,2.53,2.46,2.51,19490
DRC,2011-04-28,2.47,2.52,2.47,2.52,11160
DRC,2011-04-29,2.57,2.64,2.55,2.64,40850
DRC,2011-05-04,2.65,2.65,2.64,2.64,4680
DRC,2011-05-05,2.64,2.64,2.55,2.55,38350
DRC,2011-05-06,2.55,2.61,2.53,2.6,111730
DRC,2011-05-09,2.69,2.73,2.68,2.73,105270
DRC,2011-05-10,2.73,2.82,2.73,2.76,128230
DRC,2011-05-11,2.8,2.81,2.77,2.79,50870
DRC,2011-05-12,2.76,2.78,2.75,2.75,64210
DRC,2011-05-13,2.75,2.75,2.65,2.68,85870
DRC,2011-05-16,2.8,2.8,2.72,2.72,124780
DRC,2011-05-17,2.65,2.76,2.65,2.66,55990
DRC,2011-05-18,2.72,2.72,2.65,2.71,58170
DRC,2011-05-19,2.69,2.73,2.69,2.71,19070
DRC,2011-05-20,2.69,2.69,2.59,2.59,51440
DRC,2011-05-23,2.48,2.65,2.46,2.46,73000
DRC,2011-05-24,2.39,2.46,2.35,2.35,100110
DRC,2011-05-25,2.39,2.39,2.24,2.24,63900
DRC,2011-05-26,2.15,2.34,2.14,2.34,111540
DRC,2011-05-27,2.45,2.45,2.45,2.45,17010
DRC,2011-05-30,2.56,2.56,2.56,2.56,69410
DRC,2011-05-31,2.69,2.69,2.62,2.69,177880
DRC,2011-06-01,2.73,2.82,2.72,2.82,177410
DRC,2011-06-02,2.95,2.95,2.95,2.95,33890
DRC,2011-06-03,3.09,3.09,2.95,3.09,294340
DRC,2011-06-06,3.09,3.13,3.03,3.07,110390
DRC,2011-06-07,3.19,3.22,3.16,3.22,127100
DRC,2011-06-08,3.33,3.36,3.22,3.27,100030
DRC,2011-06-09,3.27,3.3,3.16,3.17,116480
DRC,2011-06-10,3.17,3.33,3.17,3.17,80020
DRC,2011-06-13,3.16,3.26,3.16,3.22,80990
DRC,2011-06-14,3.2,3.33,3.13,3.16,125200
DRC,2011-06-15,3.12,3.16,3.0,3.0,131770
DRC,2011-06-16,3.05,3.12,2.99,3.12,35210
DRC,2011-06-17,3.12,3.12,2.97,2.97,80010
DRC,2011-06-20,2.92,2.97,2.83,2.83,82010
DRC,2011-06-21,2.86,2.97,2.85,2.97,62410
DRC,2011-06-22,3.1,3.1,3.0,3.06,85110
DRC,2011-06-23,2.96,3.06,2.96,2.97,34250
DRC,2011-06-24,2.97,2.99,2.92,2.92,27620
DRC,2011-06-27,2.92,2.92,2.88,2.88,34720
DRC,2011-06-28,2.88,2.97,2.88,2.97,37360
DRC,2011-06-29,2.97,2.97,2.95,2.95,24160
DRC,2011-06-30,3.06,3.09,2.97,3.09,146080
DRC,2011-07-01,3.03,3.07,3.0,3.0,47720
DRC,2011-07-04,3.0,3.0,2.99,2.99,20700
DRC,2011-07-05,3.09,3.13,2.99,3.02,49340
DRC,2011-07-06,2.97,2.97,2.92,2.95,12520
DRC,2011-07-07,2.95,3.03,2.92,2.92,19280
DRC,2011-07-08,2.93,2.93,2.88,2.89,103150
DRC,2011-07-11,2.89,2.93,2.88,2.9,31770
DRC,2011-07-12,2.89,2.93,2.89,2.93,32910
DRC,2011-07-13,3.02,3.02,2.93,2.95,27600
DRC,2011-07-14,3.02,3.02,2.95,2.96,46600
DRC,2011-07-15,2.9,2.97,2.9,2.96,22520
DRC,2011-07-18,2.93,2.97,2.92,2.96,83580
DRC,2011-07-19,2.9,2.95,2.9,2.93,39080
DRC,2011-07-20,2.92,2.96,2.92,2.96,66300
DRC,2011-07-21,2.96,2.96,2.9,2.9,58110
DRC,2011-07-22,2.9,2.9,2.89,2.89,25230
DRC,2011-07-25,2.88,2.89,2.85,2.85,24890
DRC,2011-07-26,2.85,2.85,2.83,2.85,32730
DRC,2011-07-27,2.88,2.89,2.85,2.85,46990
DRC,2011-07-28,2.85,2.9,2.85,2.85,13780
DRC,2011-07-29,2.85,2.89,2.83,2.89,40570
DRC,2011-08-01,2.89,2.9,2.83,2.88,14980
DRC,2011-08-02,2.88,2.88,2.76,2.76,44550
DRC,2011-08-03,2.76,2.76,2.66,2.66,43720
DRC,2011-08-04,2.72,2.79,2.69,2.79,54350
DRC,2011-08-05,2.79,2.88,2.79,2.83,42860
DRC,2011-08-08,2.83,2.83,2.73,2.73,48760
DRC,2011-08-09,2.63,2.66,2.61,2.61,109800
DRC,2011-08-10,2.73,2.73,2.62,2.62,65820
DRC,2011-08-11,2.62,2.62,2.55,2.62,28530
DRC,2011-08-12,2.62,2.69,2.62,2.69,46080
DRC,2011-08-15,2.69,2.73,2.69,2.71,26270
DRC,2011-08-16,2.71,2.75,2.69,2.75,42400
DRC,2011-08-17,2.75,2.83,2.75,2.83,63950
DRC,2011-08-18,2.82,2.9,2.82,2.9,105130
DRC,2011-08-19,2.8,2.85,2.8,2.82,65830
DRC,2011-08-22,2.85,2.95,2.85,2.95,92100
DRC,2011-08-23,2.97,3.0,2.9,2.95,42510
DRC,2011-08-24,2.97,2.97,2.83,2.83,61530
DRC,2011-08-25,2.9,2.95,2.86,2.92,28630
DRC,2011-08-26,2.92,2.93,2.88,2.88,65940
DRC,2011-08-29,2.88,3.02,2.88,3.02,142790
DRC,2011-08-30,3.16,3.16,3.06,3.12,208180
DRC,2011-08-31,3.12,3.27,3.1,3.23,283210
DRC,2011-09-01,3.3,3.39,3.29,3.33,241380
DRC,2011-09-05,3.3,3.33,3.17,3.17,228780
DRC,2011-09-06,3.07,3.12,3.03,3.05,94970
DRC,2011-09-07,3.14,3.19,3.03,3.16,284530
DRC,2011-09-08,3.27,3.31,3.24,3.24,523520
DRC,2011-09-09,3.26,3.39,3.22,3.29,400750
DRC,2011-09-12,3.23,3.3,3.23,3.23,156820
DRC,2011-09-13,3.29,3.37,3.23,3.34,298560
DRC,2011-09-14,3.33,3.33,3.19,3.19,343910
DRC,2011-09-15,3.12,3.19,3.05,3.1,321530
DRC,2011-09-16,3.17,3.17,3.05,3.05,290790
DRC,2011-09-19,3.0,3.19,3.0,3.16,140250
DRC,2011-09-20,3.09,3.16,3.06,3.09,65610
DRC,2011-09-21,3.14,3.14,3.06,3.07,115910
DRC,2011-09-22,3.07,3.14,3.07,3.13,73430
DRC,2011-09-23,3.06,3.2,3.06,3.06,129320
DRC,2011-09-26,3.05,3.06,3.02,3.03,117750
DRC,2011-09-27,3.03,3.09,2.99,3.0,167900
DRC,2011-09-28,3.0,3.03,2.97,2.97,185780
DRC,2011-09-29,2.93,2.99,2.88,2.9,167440
DRC,2011-09-30,2.88,2.92,2.83,2.88,124920
DRC,2011-10-03,2.85,2.9,2.78,2.78,163000
DRC,2011-10-04,2.73,2.79,2.73,2.76,100280
DRC,2011-10-05,2.83,2.83,2.75,2.79,132460
DRC,2011-10-06,2.83,2.9,2.8,2.85,113880
DRC,2011-10-07,2.95,2.95,2.8,2.8,141330
DRC,2011-10-10,2.82,2.82,2.78,2.79,43960
DRC,2011-10-11,2.79,2.82,2.79,2.79,72050
DRC,2011-10-12,2.78,2.78,2.72,2.73,133990
DRC,2011-10-13,2.78,2.78,2.72,2.75,188670
DRC,2011-10-14,2.8,2.8,2.75,2.78,74970
DRC,2011-10-17,2.8,2.8,2.75,2.76,26900
DRC,2011-10-18,2.75,2.75,2.69,2.69,105880
DRC,2011-10-19,2.69,2.71,2.66,2.66,66070
DRC,2011-10-20,2.72,2.72,2.66,2.68,18830
DRC,2011-10-21,2.72,2.76,2.69,2.73,88700
DRC,2011-10-24,2.73,2.76,2.69,2.69,139520
DRC,2011-10-25,2.68,2.72,2.66,2.66,40790
DRC,2011-10-26,2.66,2.71,2.66,2.69,26630
DRC,2011-10-27,2.68,2.71,2.66,2.66,26010
DRC,2011-10-28,2.68,2.78,2.68,2.78,103620
DRC,2011-10-31,2.83,2.85,2.73,2.73,141560
DRC,2011-11-01,2.76,2.76,2.69,2.69,23690
DRC,2011-11-02,2.66,2.71,2.65,2.66,52270
DRC,2011-11-03,2.68,2.68,2.65,2.66,25310
DRC,2011-11-04,2.66,2.66,2.59,2.61,99340
DRC,2011-11-07,2.61,2.61,2.52,2.52,83020
DRC,2011-11-08,2.49,2.52,2.49,2.52,103130
DRC,2011-11-09,2.56,2.56,2.52,2.52,42860
DRC,2011-11-10,2.49,2.52,2.46,2.46,78320
DRC,2011-11-11,2.46,2.49,2.44,2.44,116190
DRC,2011-11-14,2.44,2.46,2.38,2.38,80250
DRC,2011-11-15,2.38,2.44,2.35,2.38,18230
DRC,2011-11-16,2.37,2.41,2.37,2.41,89460
DRC,2011-11-17,2.41,2.41,2.38,2.38,15740
DRC,2011-11-18,2.35,2.37,2.32,2.34,51490
DRC,2011-11-21,2.34,2.38,2.34,2.34,16770
DRC,2011-11-22,2.34,2.38,2.32,2.35,37080
DRC,2011-11-23,2.41,2.41,2.27,2.31,112440
DRC,2011-11-24,2.35,2.35,2.32,2.34,22570
DRC,2011-11-25,2.34,2.37,2.32,2.34,25910
DRC,2011-11-28,2.41,2.44,2.41,2.42,58820
DRC,2011-11-29,2.42,2.45,2.42,2.44,113780
DRC,2011-11-30,2.42,2.44,2.42,2.44,94440
DRC,2011-12-01,2.54,2.54,2.44,2.48,105400
DRC,2011-12-02,2.52,2.56,2.51,2.56,264550
DRC,2011-12-05,2.63,2.69,2.62,2.69,179470
DRC,2011-12-06,2.76,2.76,2.68,2.68,135330
DRC,2011-12-07,2.62,2.66,2.62,2.65,67810
DRC,2011-12-08,2.62,2.63,2.55,2.55,137400
DRC,2011-12-09,2.55,2.55,2.49,2.51,23780
DRC,2011-12-12,2.55,2.55,2.46,2.48,61510
DRC,2011-12-13,2.48,2.51,2.45,2.51,19300
DRC,2011-12-14,2.51,2.52,2.44,2.48,68410
DRC,2011-12-15,2.48,2.48,2.38,2.44,29840
DRC,2011-12-16,2.44,2.51,2.44,2.49,120370
DRC,2011-12-19,2.54,2.54,2.46,2.46,23050
DRC,2011-12-20,2.42,2.45,2.42,2.44,29650
DRC,2011-12-21,2.45,2.48,2.45,2.46,27120
DRC,2011-12-22,2.35,2.48,2.35,2.35,194660
DRC,2011-12-23,2.28,2.34,2.28,2.32,60280
DRC,2011-12-26,2.38,2.38,2.31,2.31,38560
DRC,2011-12-27,2.34,2.34,2.25,2.27,64110
DRC,2011-12-28,2.34,2.38,2.34,2.38,13900
DRC,2011-12-29,2.34,2.37,2.34,2.35,11580
DRC,2011-12-30,2.39,2.44,2.38,2.42,38420
DRC,2012-01-03,2.41,2.48,2.41,2.45,62150
DRC,2012-01-04,2.45,2.45,2.41,2.44,38210
DRC,2012-01-05,2.44,2.44,2.39,2.39,31780
DRC,2012-01-06,2.41,2.44,2.37,2.37,28240
DRC,2012-01-09,2.37,2.41,2.35,2.35,61310
DRC,2012-01-10,2.37,2.44,2.37,2.44,12140
DRC,2012-01-11,2.45,2.48,2.44,2.44,54150
DRC,2012-01-12,2.41,2.45,2.41,2.41,26130
DRC,2012-01-13,2.38,2.44,2.38,2.42,22160
DRC,2012-01-16,2.46,2.54,2.46,2.54,125320
DRC,2012-01-17,2.59,2.63,2.58,2.58,105650
DRC,2012-01-18,2.55,2.62,2.55,2.61,25510
DRC,2012-01-19,2.63,2.69,2.61,2.69,61520
DRC,2012-01-20,2.66,2.69,2.63,2.63,31530
DRC,2012-01-30,2.65,2.65,2.61,2.65,56550
DRC,2012-01-31,2.69,2.69,2.59,2.59,101870
DRC,2012-02-01,2.61,2.69,2.58,2.69,266100
DRC,2012-02-02,2.72,2.82,2.72,2.82,413900
DRC,2012-02-03,2.92,2.92,2.76,2.82,414860
DRC,2012-02-06,2.75,2.83,2.72,2.78,75090
DRC,2012-02-07,2.78,2.89,2.76,2.89,298180
DRC,2012-02-08,2.95,3.03,2.89,3.03,234160
DRC,2012-02-09,3.05,3.06,2.96,3.03,270080
DRC,2012-02-10,3.03,3.03,2.92,2.92,199260
DRC,2012-02-13,2.92,2.92,2.83,2.86,216060
DRC,2012-02-14,2.86,3.0,2.86,3.0,199850
DRC,2012-02-15,2.97,3.13,2.97,3.09,285300
DRC,2012-02-16,3.0,3.1,3.0,3.06,102410
DRC,2012-02-17,3.06,3.07,2.99,3.03,111420
DRC,2012-02-20,3.03,3.14,3.03,3.1,266850
DRC,2012-02-21,3.14,3.14,2.96,2.96,256330
DRC,2012-02-22,2.96,3.1,2.9,3.09,334180
DRC,2012-02-23,3.12,3.12,2.99,3.09,165980
DRC,2012-02-24,3.09,3.23,3.05,3.19,360670
DRC,2012-02-27,3.19,3.3,3.17,3.3,294810
DRC,2012-02-28,3.27,3.31,3.14,3.14,273230
DRC,2012-02-29,3.14,3.26,3.13,3.26,272980
DRC,2012-03-01,3.26,3.3,3.19,3.3,281600
DRC,2012-03-02,3.33,3.41,3.27,3.4,418950
DRC,2012-03-05,3.54,3.57,3.51,3.57,140330
DRC,2012-03-06,3.71,3.71,3.4,3.46,437470
DRC,2012-03-07,3.48,3.57,3.37,3.54,297260
DRC,2012-03-08,3.47,3.54,3.37,3.37,342180
DRC,2012-03-09,3.33,3.4,3.26,3.37,327190
DRC,2012-03-12,3.37,3.37,3.22,3.26,186030
DRC,2012-03-13,3.41,3.41,3.41,3.41,194100
DRC,2012-03-14,3.58,3.58,3.54,3.58,712720
DRC,2012-03-15,3.75,3.75,3.63,3.7,418440
DRC,2012-03-16,3.7,3.77,3.57,3.57,324450
DRC,2012-03-19,3.54,3.61,3.54,3.58,121600
DRC,2012-03-20,3.58,3.65,3.56,3.65,158290
DRC,2012-03-21,3.71,3.81,3.67,3.73,201290
DRC,2012-03-22,3.7,3.91,3.7,3.91,455090
DRC,2012-03-23,4.09,4.09,4.05,4.09,424700
DRC,2012-03-26,4.26,4.28,4.12,4.19,231670
DRC,2012-03-27,4.14,4.18,3.99,3.99,424000
DRC,2012-03-28,3.97,3.99,3.84,3.92,181640
DRC,2012-03-29,3.97,3.97,3.88,3.95,156370
DRC,2012-03-30,3.95,3.95,3.85,3.9,161320
DRC,2012-04-03,3.82,3.98,3.82,3.92,107640
DRC,2012-04-04,4.01,4.07,3.92,3.99,120360
DRC,2012-04-05,3.99,4.14,3.94,4.14,225030
DRC,2012-04-06,4.15,4.18,4.11,4.12,239880
DRC,2012-04-09,4.18,4.29,4.12,4.24,256340
DRC,2012-04-10,4.24,4.39,4.22,4.36,356250
DRC,2012-04-11,4.46,4.58,4.42,4.58,370040
DRC,2012-04-12,4.77,4.8,4.76,4.8,197420
DRC,2012-04-13,5.01,5.03,4.89,5.03,628060
DRC,2012-04-16,5.07,5.27,4.97,5.27,404400
DRC,2012-04-17,5.52,5.52,5.51,5.52,147730
DRC,2012-04-18,5.79,5.79,5.74,5.77,622720
DRC,2012-04-19,5.58,5.77,5.48,5.48,662090
DRC,2012-04-20,5.35,5.37,5.21,5.21,792080
DRC,2012-04-23,5.35,5.47,5.35,5.47,347180
DRC,2012-04-24,5.65,5.74,5.47,5.74,547380
DRC,2012-04-25,5.99,6.02,5.98,6.02,207390
DRC,2012-04-26,6.32,6.32,6.09,6.32,849920
DRC,2012-04-27,6.32,6.6,6.3,6.54,425890
DRC,2012-05-02,6.61,6.61,6.22,6.22,843810
DRC,2012-05-03,6.09,6.37,5.94,6.37,477400
DRC,2012-05-04,6.69,6.69,6.69,6.69,243580
DRC,2012-05-07,7.01,7.01,7.01,7.01,152850
DRC,2012-05-08,7.29,7.29,6.97,7.01,1345970
DRC,2012-05-09,7.0,7.08,6.88,6.93,599120
DRC,2012-05-10,6.9,6.97,6.6,6.6,501390
DRC,2012-05-11,6.52,6.93,6.52,6.74,569040
DRC,2012-05-14,7.07,7.07,6.95,7.07,1204220
DRC,2012-05-15,7.07,7.14,6.73,6.73,530810
DRC,2012-05-16,6.59,6.69,6.42,6.42,399760
DRC,2012-05-17,6.16,6.48,6.1,6.1,421340
DRC,2012-05-18,5.8,5.8,5.8,5.8,52940
DRC,2012-05-21,5.52,6.08,5.52,6.08,1413090
DRC,2012-05-22,6.08,6.16,5.78,5.78,502450
DRC,2012-05-23,5.59,5.65,5.5,5.5,377030
DRC,2012-05-24,5.33,5.57,5.25,5.25,477570
DRC,2012-05-25,5.44,5.5,5.33,5.5,573250
DRC,2012-05-28,5.72,5.76,5.65,5.76,1292480
DRC,2012-05-29,5.55,5.84,5.55,5.74,692440
DRC,2012-05-30,5.8,5.93,5.74,5.8,364560
DRC,2012-05-31,5.65,5.74,5.52,5.52,442220
DRC,2012-06-01,5.55,5.69,5.52,5.57,439010
DRC,2012-06-04,5.52,5.52,5.29,5.29,966460
DRC,2012-06-05,5.16,5.35,5.14,5.35,430590
DRC,2012-06-06,5.38,5.61,5.27,5.61,315100
DRC,2012-06-07,5.74,5.89,5.74,5.89,695890
DRC,2012-06-08,6.16,6.16,5.89,5.95,1084530
DRC,2012-06-11,5.97,6.25,5.89,6.16,532010
DRC,2012-06-12,5.86,6.12,5.86,5.86,524510
DRC,2012-06-13,5.84,6.06,5.72,5.86,353980
DRC,2012-06-14,5.78,5.93,5.67,5.67,322150
DRC,2012-06-15,5.8,5.95,5.74,5.95,344870
DRC,2012-06-18,6.14,6.25,6.03,6.16,566290
DRC,2012-06-19,5.99,6.14,5.86,5.86,450850
DRC,2012-06-20,5.95,5.97,5.84,5.93,296690
DRC,2012-06-21,5.97,5.99,5.84,5.84,178540
DRC,2012-06-22,5.76,5.84,5.63,5.72,689990
DRC,2012-06-25,5.67,5.8,5.46,5.48,678630
DRC,2012-06-26,5.46,5.46,5.27,5.33,541760
DRC,2012-06-27,5.33,5.5,5.21,5.21,405860
DRC,2012-06-28,5.23,5.42,5.1,5.42,509760
DRC,2012-06-29,5.46,5.59,5.4,5.55,438740
DRC,2012-07-02,5.59,5.59,5.31,5.31,335370
DRC,2012-07-03,5.31,5.31,5.06,5.08,621290
DRC,2012-07-04,5.08,5.23,5.08,5.08,412780
DRC,2012-07-05,5.04,5.31,4.95,5.31,340770
DRC,2012-07-06,5.31,5.52,5.27,5.38,400920
DRC,2012-07-09,5.33,5.38,5.12,5.12,451340
DRC,2012-07-10,5.04,5.18,5.04,5.14,272490
DRC,2012-07-11,5.14,5.18,5.1,5.12,296040
DRC,2012-07-12,5.16,5.23,5.12,5.18,227980
DRC,2012-07-13,5.18,5.44,5.18,5.44,830950
DRC,2012-07-16,5.5,5.69,5.48,5.57,1377180
DRC,2012-07-17,5.69,5.84,5.59,5.82,655680
DRC,2012-07-18,5.82,5.97,5.69,5.84,431890
DRC,2012-07-19,5.93,6.12,5.8,6.12,984640
DRC,2012-07-20,6.23,6.33,5.95,5.95,1219710
DRC,2012-07-23,5.93,5.99,5.82,5.84,760920
DRC,2012-07-24,5.84,5.86,5.57,5.59,880320
DRC,2012-07-25,5.48,5.69,5.48,5.63,345960
DRC,2012-07-26,5.72,5.8,5.65,5.78,446900
DRC,2012-07-27,5.78,5.89,5.55,5.63,396150
DRC,2012-07-30,5.63,5.69,5.52,5.59,304930
DRC,2012-07-31,5.59,5.72,5.59,5.59,197540
DRC,2012-08-01,5.59,5.59,5.44,5.55,367140
DRC,2012-08-02,5.59,5.61,5.57,5.57,256590
DRC,2012-08-03,5.57,5.65,5.52,5.57,239720
DRC,2012-08-06,5.61,5.84,5.61,5.84,722810
DRC,2012-08-07,5.84,5.89,5.69,5.76,371460
DRC,2012-08-08,5.76,5.82,5.72,5.78,205510
DRC,2012-08-09,5.82,5.91,5.8,5.82,340560
DRC,2012-08-10,5.76,5.84,5.72,5.74,407910
DRC,2012-08-13,5.74,5.74,5.61,5.67,270330
DRC,2012-08-14,5.67,5.76,5.67,5.72,206210
DRC,2012-08-15,5.72,5.78,5.69,5.72,169100
DRC,2012-08-16,5.74,5.76,5.65,5.69,184250
DRC,2012-08-17,5.72,5.78,5.65,5.78,296650
DRC,2012-08-20,5.82,5.91,5.8,5.82,400310
DRC,2012-08-21,5.69,5.74,5.55,5.55,1289910
DRC,2012-08-22,5.31,5.59,5.31,5.44,745900
DRC,2012-08-23,5.33,5.35,5.18,5.18,1295560
DRC,2012-08-24,4.95,5.44,4.95,5.44,1031810
DRC,2012-08-27,5.31,5.4,5.18,5.21,842470
DRC,2012-08-28,5.31,5.4,5.18,5.4,421600
DRC,2012-08-29,5.48,5.65,5.4,5.63,662980
DRC,2012-08-30,5.63,5.67,5.52,5.52,393060
DRC,2012-08-31,5.57,5.61,5.48,5.52,288140
DRC,2012-09-04,5.63,5.65,5.55,5.59,166250
DRC,2012-09-05,5.59,5.59,5.42,5.48,277100
DRC,2012-09-06,5.44,5.48,5.38,5.38,259890
DRC,2012-09-07,5.44,5.44,5.33,5.35,269890
DRC,2012-09-10,5.35,5.35,5.14,5.14,836870
DRC,2012-09-11,5.14,5.31,5.14,5.31,231560
DRC,2012-09-12,5.31,5.42,5.29,5.29,106550
DRC,2012-09-13,5.31,5.38,5.23,5.33,249880
DRC,2012-09-14,5.42,5.57,5.4,5.44,783310
DRC,2012-09-17,5.44,5.52,5.38,5.4,208240
DRC,2012-09-18,5.4,5.42,5.23,5.25,277980
DRC,2012-09-19,5.18,5.38,5.18,5.38,324100
DRC,2012-09-20,5.29,5.33,5.25,5.31,277520
DRC,2012-09-21,5.38,5.38,5.27,5.38,223000
DRC,2012-09-24,5.33,5.33,5.25,5.25,165280
DRC,2012-09-25,5.23,5.31,5.23,5.27,105700
DRC,2012-09-26,5.31,5.31,5.27,5.29,170600
DRC,2012-09-27,5.27,5.29,5.25,5.29,116910
DRC,2012-09-28,5.23,5.27,5.23,5.25,67830
DRC,2012-10-01,5.25,5.27,5.21,5.23,234270
DRC,2012-10-02,5.25,5.29,5.25,5.29,302060
DRC,2012-10-03,5.29,5.4,5.29,5.38,265280
DRC,2012-10-04,5.35,5.35,5.29,5.31,86090
DRC,2012-10-05,5.31,5.4,5.31,5.38,318520
DRC,2012-10-08,5.4,5.57,5.4,5.52,537330
DRC,2012-10-09,5.57,5.57,5.46,5.5,238770
DRC,2012-10-10,5.44,5.55,5.44,5.5,163620
DRC,2012-10-11,5.57,5.69,5.55,5.57,635260
DRC,2012-10-12,5.5,5.65,5.5,5.52,349960
DRC,2012-10-15,5.52,5.55,5.42,5.46,189020
DRC,2012-10-16,5.48,5.59,5.48,5.57,266890
DRC,2012-10-17,5.69,5.74,5.61,5.67,784690
DRC,2012-10-18,5.63,5.67,5.57,5.63,451840
DRC,2012-10-19,5.63,5.69,5.48,5.5,596380
DRC,2012-10-22,5.5,5.52,5.42,5.42,370770
DRC,2012-10-23,5.46,5.5,5.44,5.48,403350
DRC,2012-10-24,5.48,5.48,5.44,5.48,240700
DRC,2012-10-25,5.44,5.46,5.4,5.44,229600
DRC,2012-10-26,5.44,5.46,5.42,5.42,328420
DRC,2012-10-29,5.42,5.42,5.4,5.4,202960
DRC,2012-10-30,5.42,5.42,5.33,5.33,211800
DRC,2012-10-31,5.33,5.33,5.27,5.29,302130
DRC,2012-11-01,5.29,5.33,5.27,5.31,214610
DRC,2012-11-02,5.08,5.21,5.08,5.14,879090
DRC,2012-11-05,5.14,5.31,5.14,5.27,355790
DRC,2012-11-06,5.27,5.31,5.25,5.29,240330
DRC,2012-11-07,5.31,5.44,5.29,5.35,209020
DRC,2012-11-08,5.31,5.33,5.25,5.29,170200
DRC,2012-11-09,5.29,5.31,5.27,5.27,56690
DRC,2012-11-12,5.33,5.4,5.27,5.38,161390
DRC,2012-11-13,5.35,5.4,5.29,5.29,100740
DRC,2012-11-14,5.29,5.33,5.29,5.31,168960
DRC,2012-11-15,5.31,5.31,5.25,5.25,122680
DRC,2012-11-16,5.23,5.31,5.23,5.29,25730
DRC,2012-11-19,5.31,5.31,5.21,5.21,111290
DRC,2012-11-20,5.23,5.29,5.21,5.27,82230
DRC,2012-11-21,5.27,5.29,5.23,5.23,200780
DRC,2012-11-22,5.23,5.27,5.23,5.25,80950
DRC,2012-11-23,5.27,5.31,5.23,5.25,155610
DRC,2012-11-26,5.25,5.27,5.18,5.21,128570
DRC,2012-11-27,5.25,5.25,5.18,5.18,76320
DRC,2012-11-28,5.18,5.21,5.12,5.12,116360
DRC,2012-11-29,5.14,5.18,5.14,5.14,32600
DRC,2012-11-30,5.16,5.16,5.1,5.1,110940
DRC,2012-12-03,5.06,5.12,5.06,5.1,117480
DRC,2012-12-04,5.1,5.21,5.1,5.21,96570
DRC,2012-12-05,5.25,5.31,5.23,5.29,145000
DRC,2012-12-06,5.23,5.29,5.16,5.18,109540
DRC,2012-12-07,5.21,5.23,5.18,5.18,42650
DRC,2012-12-10,5.21,5.31,5.16,5.25,70900
DRC,2012-12-11,5.29,5.29,5.23,5.25,80390
DRC,2012-12-12,5.25,5.33,5.21,5.31,178060
DRC,2012-12-13,5.31,5.31,5.23,5.23,93300
DRC,2012-12-14,5.27,5.27,5.23,5.23,50050
DRC,2012-12-17,5.23,5.27,5.23,5.25,95770
DRC,2012-12-18,5.27,5.27,5.16,5.16,145950
DRC,2012-12-19,5.27,5.29,5.21,5.23,130780
DRC,2012-12-20,5.21,5.25,5.18,5.21,122740
DRC,2012-12-21,5.25,5.25,5.18,5.23,221930
DRC,2012-12-24,5.21,5.48,5.18,5.44,878170
DRC,2012-12-25,5.46,5.57,5.33,5.46,271680
DRC,2012-12-26,5.42,5.48,5.35,5.44,168490
DRC,2012-12-27,5.44,5.48,5.38,5.38,560490
DRC,2012-12-28,5.38,5.5,5.38,5.46,528920
DRC,2013-01-02,5.55,5.59,5.48,5.59,460380
DRC,2013-01-03,5.59,5.59,5.46,5.57,697310
DRC,2013-01-04,5.59,5.72,5.55,5.65,355280
DRC,2013-01-07,5.72,5.93,5.67,5.91,1316080
DRC,2013-01-08,5.91,6.08,5.91,6.08,815490
DRC,2013-01-09,6.14,6.16,5.82,5.89,949240
DRC,2013-01-10,5.89,6.16,5.78,6.16,982330
DRC,2013-01-11,6.33,6.37,6.14,6.25,871570
DRC,2013-01-14,6.08,6.29,6.08,6.23,533180
DRC,2013-01-15,6.23,6.33,6.14,6.33,543790
DRC,2013-01-16,6.37,6.76,6.35,6.76,835590
DRC,2013-01-17,7.01,7.2,6.86,6.86,1568900
DRC,2013-01-18,6.86,6.88,6.59,6.63,652660
DRC,2013-01-21,6.63,6.76,6.4,6.48,453190
DRC,2013-01-22,6.5,6.57,6.16,6.2,907390
DRC,2013-01-23,6.27,6.4,6.14,6.35,500660
DRC,2013-01-24,6.37,6.67,6.35,6.67,468660
DRC,2013-01-25,6.8,6.93,6.69,6.8,830100
DRC,2013-01-28,6.86,7.12,6.8,6.8,802350
DRC,2013-01-29,6.76,6.97,6.71,6.84,891440
DRC,2013-01-30,6.9,7.22,6.8,7.12,798210
DRC,2013-01-31,7.12,7.14,6.93,6.95,463160
DRC,2013-02-01,6.9,6.95,6.76,6.95,474440
DRC,2013-02-04,7.01,7.33,7.01,7.24,1084430
DRC,2013-02-05,7.27,7.73,7.2,7.73,1533920
DRC,2013-02-06,8.26,8.26,8.18,8.26,882430
DRC,2013-02-07,8.6,8.84,8.39,8.6,1012260
DRC,2013-02-08,8.5,8.75,8.35,8.54,574120
DRC,2013-02-18,8.71,9.14,8.5,9.07,927830
DRC,2013-02-19,9.03,9.56,8.97,9.33,648050
DRC,2013-02-20,9.35,9.35,8.92,9.03,890640
DRC,2013-02-21,9.03,9.18,8.41,8.41,980770
DRC,2013-02-22,8.48,8.71,7.84,8.2,2295750
DRC,2013-02-25,8.39,8.71,8.24,8.5,657270
DRC,2013-02-26,8.5,8.5,7.9,7.9,1190280
DRC,2013-02-27,8.01,8.12,7.54,8.05,832970
DRC,2013-02-28,8.16,8.37,8.05,8.07,777080
DRC,2013-03-01,8.07,8.2,7.97,8.03,502890
DRC,2013-03-04,8.03,8.03,7.5,7.5,1289240
DRC,2013-03-05,7.5,7.5,7.01,7.12,1014030
DRC,2013-03-06,7.31,7.44,7.18,7.44,386060
DRC,2013-03-07,7.41,7.73,7.35,7.48,900310
DRC,2013-03-08,7.56,7.67,7.48,7.63,567820
DRC,2013-03-11,7.73,8.16,7.63,8.16,733350
DRC,2013-03-12,8.18,8.37,8.01,8.18,923580
DRC,2013-03-13,8.2,8.35,8.01,8.05,673270
DRC,2013-03-14,8.01,8.29,7.95,8.24,664060
DRC,2013-03-15,8.29,8.43,8.16,8.35,1033800
DRC,2013-03-18,8.39,8.75,8.33,8.41,954900
DRC,2013-03-19,8.41,8.5,8.31,8.35,694870
DRC,2013-03-20,8.35,8.58,8.33,8.5,679560
DRC,2013-03-21,8.56,8.58,8.37,8.41,601620
DRC,2013-03-22,8.41,8.5,8.07,8.14,813620
DRC,2013-03-25,8.14,8.29,8.05,8.29,413770
DRC,2013-03-26,8.39,8.41,8.18,8.26,416000
DRC,2013-03-27,8.26,8.5,8.2,8.33,725620
DRC,2013-03-28,8.39,8.46,8.33,8.37,564230
DRC,2013-03-29,8.24,8.43,8.2,8.37,367100
DRC,2013-04-01,8.48,8.94,8.43,8.94,1894510
DRC,2013-04-02,9.09,9.31,8.9,8.9,873000
DRC,2013-04-03,8.82,9.07,8.77,8.9,944410
DRC,2013-04-04,8.88,8.97,8.63,8.65,989810
DRC,2013-04-05,8.71,8.92,8.67,8.92,767690
DRC,2013-04-08,8.92,9.07,8.88,8.9,713110
DRC,2013-04-09,8.92,8.94,8.84,8.84,749420
DRC,2013-04-10,8.84,8.9,8.24,8.24,907600
DRC,2013-04-11,8.39,8.67,8.29,8.67,773540
DRC,2013-04-12,8.65,8.67,8.24,8.35,427030
DRC,2013-04-15,8.39,8.39,8.09,8.14,511100
DRC,2013-04-16,8.07,8.41,7.86,8.26,637000
DRC,2013-04-17,8.26,8.39,8.24,8.31,308370
DRC,2013-04-18,8.14,8.24,8.07,8.14,328960
DRC,2013-04-22,8.14,8.24,8.09,8.14,301080
DRC,2013-04-23,8.26,8.41,8.18,8.37,403890
DRC,2013-04-24,8.43,8.82,8.43,8.67,686100
DRC,2013-04-25,8.82,8.82,8.56,8.58,436930
DRC,2013-04-26,8.58,8.67,8.39,8.5,361940
DRC,2013-05-02,8.58,8.58,8.46,8.46,218520
DRC,2013-05-03,8.46,8.54,8.46,8.5,218940
DRC,2013-05-06,8.63,8.67,8.56,8.65,318190
DRC,2013-05-07,8.69,8.71,8.54,8.56,409840
DRC,2013-05-08,8.6,8.6,8.5,8.5,288200
DRC,2013-05-09,8.56,8.73,8.54,8.67,579880
DRC,2013-05-10,8.71,8.73,8.63,8.65,581370
DRC,2013-05-13,8.87,9.09,8.87,9.01,990320
DRC,2013-05-14,8.87,8.96,8.77,8.82,398430
DRC,2013-05-15,8.82,9.09,8.71,9.01,1022160
DRC,2013-05-16,9.04,9.38,9.04,9.3,1006340
DRC,2013-05-17,9.33,9.49,9.22,9.46,1088860
DRC,2013-05-20,9.41,9.89,9.41,9.87,756960
DRC,2013-05-21,10.08,10.19,9.71,9.73,767270
DRC,2013-05-22,9.81,9.89,9.73,9.76,561100
DRC,2013-05-23,9.71,10.0,9.68,9.81,847180
DRC,2013-05-24,9.89,10.46,9.89,10.43,1362370
DRC,2013-05-27,10.46,10.7,10.4,10.46,689090
DRC,2013-05-28,10.54,10.67,10.32,10.67,854000
DRC,2013-05-29,10.72,10.75,10.19,10.19,929370
DRC,2013-05-30,10.32,10.72,10.14,10.72,746110
DRC,2013-05-31,10.72,10.86,10.4,10.4,949380
DRC,2013-06-03,10.38,10.46,10.27,10.32,505600
DRC,2013-06-04,10.38,10.38,10.19,10.19,692580
DRC,2013-06-05,10.19,10.32,10.11,10.27,339110
DRC,2013-06-06,10.3,10.4,10.27,10.35,349690
DRC,2013-06-07,10.4,10.43,10.3,10.35,352070
DRC,2013-06-10,10.46,10.59,10.38,10.38,1004380
DRC,2013-06-11,10.4,10.56,10.38,10.43,491360
DRC,2013-06-12,10.46,10.7,10.46,10.51,935340
DRC,2013-06-13,10.54,10.7,10.54,10.7,965030
DRC,2013-06-14,10.89,11.1,10.75,10.91,829510
DRC,2013-06-17,10.86,10.86,10.27,10.27,1286020
DRC,2013-06-18,10.08,10.32,10.08,10.16,718990
DRC,2013-06-19,10.3,10.35,10.22,10.3,471970
DRC,2013-06-20,10.32,10.35,10.14,10.19,476470
DRC,2013-06-21,10.11,10.22,9.92,9.92,2136080
DRC,2013-06-24,10.03,10.16,9.97,10.05,899890
DRC,2013-06-25,9.97,10.14,9.6,9.89,971260
DRC,2013-06-26,9.92,10.03,9.76,9.84,643210
DRC,2013-06-27,9.92,10.05,9.89,10.05,490930
DRC,2013-06-28,10.11,10.24,10.0,10.19,812560
DRC,2013-07-01,10.16,10.16,10.03,10.08,258060
DRC,2013-07-02,10.08,10.24,10.08,10.24,345780
DRC,2013-07-03,10.19,10.24,10.16,10.24,554190
DRC,2013-07-04,10.24,10.54,10.24,10.43,942060
DRC,2013-07-05,10.51,10.51,10.38,10.38,484740
DRC,2013-07-08,10.38,10.4,10.24,10.3,254340
DRC,2013-07-09,10.24,10.38,10.22,10.3,341990
DRC,2013-07-10,10.3,10.4,10.3,10.32,274940
DRC,2013-07-11,10.35,10.46,10.3,10.43,357460
DRC,2013-07-12,10.54,10.99,10.54,10.99,1606000
DRC,2013-07-15,10.99,11.13,10.89,10.97,1004580
DRC,2013-07-16,10.91,10.99,10.89,10.91,640930
DRC,2013-07-17,10.91,10.99,10.81,10.94,642540
DRC,2013-07-18,10.94,11.4,10.91,11.23,1717880
DRC,2013-07-19,11.26,11.34,11.15,11.26,773790
DRC,2013-07-22,11.26,11.26,10.97,10.99,1246190
DRC,2013-07-23,10.99,11.07,10.81,10.81,1421720
DRC,2013-07-24,10.83,10.83,10.48,10.51,1430680
DRC,2013-07-25,10.51,10.59,10.32,10.32,1010990
DRC,2013-07-26,10.35,10.46,10.24,10.46,651920
DRC,2013-07-29,10.46,10.51,10.27,10.3,344230
DRC,2013-07-30,10.3,10.46,10.27,10.46,468600
DRC,2013-07-31,10.46,10.51,10.35,10.38,213610
DRC,2013-08-01,10.35,10.51,10.32,10.43,203970
DRC,2013-08-02,10.35,10.48,10.35,10.43,321130
DRC,2013-08-05,10.43,10.54,10.38,10.38,318760
DRC,2013-08-06,10.32,10.67,10.32,10.62,515420
DRC,2013-08-07,10.62,10.81,10.62,10.72,828340
DRC,2013-08-08,10.78,10.81,10.54,10.54,372280
DRC,2013-08-09,10.54,10.67,10.48,10.51,269350
DRC,2013-08-12,10.51,10.59,10.46,10.48,257720
DRC,2013-08-13,10.51,10.56,10.38,10.38,416070
DRC,2013-08-14,10.38,10.54,10.38,10.54,210240
DRC,2013-08-15,10.59,10.67,10.54,10.62,379230
DRC,2013-08-16,10.62,10.67,10.56,10.62,580730
DRC,2013-08-19,10.59,10.81,10.59,10.72,705470
DRC,2013-08-20,10.7,10.89,10.59,10.75,950730
DRC,2013-08-21,10.72,10.86,10.67,10.86,873030
DRC,2013-08-22,10.83,10.89,10.62,10.67,456720
DRC,2013-08-23,10.67,10.78,10.46,10.59,708480
DRC,2013-08-26,10.48,10.62,10.46,10.56,666900
DRC,2013-08-27,10.56,10.56,10.46,10.46,223620
DRC,2013-08-28,10.43,10.43,10.11,10.16,1133480
DRC,2013-08-29,10.19,10.3,9.95,9.95,355710
DRC,2013-08-30,10.0,10.16,9.89,10.16,293040
DRC,2013-09-03,10.16,10.24,10.05,10.05,264490
DRC,2013-09-04,10.11,10.14,9.92,9.97,326360
DRC,2013-09-05,10.0,10.27,10.0,10.27,406530
DRC,2013-09-06,10.3,10.46,10.16,10.32,407130
DRC,2013-09-09,10.32,10.32,10.05,10.14,225180
DRC,2013-09-10,10.16,10.27,10.16,10.27,154820
DRC,2013-09-11,10.32,10.35,10.24,10.27,276880
DRC,2013-09-12,10.24,10.3,10.22,10.22,113560
DRC,2013-09-13,10.27,10.32,10.24,10.27,152530
DRC,2013-09-16,10.97,10.97,10.94,10.97,880650
DRC,2013-09-17,10.99,11.37,10.99,11.21,1651270
DRC,2013-09-18,11.26,11.26,10.75,10.75,596980
DRC,2013-09-19,11.1,11.1,10.83,10.83,486280
DRC,2013-09-20,10.81,10.94,10.81,10.86,3524570
DRC,2013-09-23,10.72,10.86,10.67,10.86,381450
DRC,2013-09-24,10.78,10.97,10.78,10.89,361460
DRC,2013-09-25,10.89,10.97,10.83,10.89,317330
DRC,2013-09-26,10.94,10.99,10.86,10.91,243000
DRC,2013-09-27,10.94,10.97,10.89,10.91,208890
DRC,2013-09-30,10.94,11.05,10.94,10.97,447100
DRC,2013-10-01,10.97,11.1,10.94,10.97,685770
DRC,2013-10-02,10.97,11.05,10.97,10.97,290940
DRC,2013-10-03,10.97,10.99,10.83,10.83,288820
DRC,2013-10-04,10.83,10.91,10.81,10.83,297400
DRC,2013-10-07,10.91,11.07,10.83,11.07,533700
DRC,2013-10-08,10.99,11.21,10.99,11.15,543370
DRC,2013-10-09,11.07,11.13,11.02,11.05,305940
DRC,2013-10-10,11.05,11.1,10.89,10.99,371270
DRC,2013-10-11,10.99,11.05,10.94,10.99,266640
DRC,2013-10-14,10.89,10.99,10.89,10.91,144840
DRC,2013-10-15,10.91,10.99,10.91,10.97,160410
DRC,2013-10-16,10.99,11.05,10.94,10.97,224520
DRC,2013-10-17,11.02,11.05,10.94,10.97,137390
DRC,2013-10-18,10.97,11.02,10.94,10.97,170770
DRC,2013-10-21,10.97,10.99,10.94,10.94,313960
DRC,2013-10-22,10.94,10.97,10.86,10.89,180880
DRC,2013-10-23,10.89,10.97,10.86,10.89,371290
DRC,2013-10-24,10.89,10.94,10.81,10.81,237690
DRC,2013-10-25,10.78,10.81,10.62,10.64,372540
DRC,2013-10-28,10.62,10.62,10.43,10.43,548030
DRC,2013-10-29,10.38,10.59,10.38,10.51,217790
DRC,2013-10-30,10.51,10.62,10.51,10.59,114470
DRC,2013-10-31,10.62,10.62,10.51,10.56,112680
DRC,2013-11-01,10.56,10.56,10.51,10.56,45010
DRC,2013-11-04,10.51,10.56,10.51,10.54,171890
DRC,2013-11-05,10.54,10.59,10.48,10.59,165770
DRC,2013-11-06,10.56,10.72,10.56,10.67,135900
DRC,2013-11-07,10.7,10.72,10.59,10.59,159180
DRC,2013-11-08,10.64,10.64,10.54,10.56,112960
DRC,2013-11-11,10.54,10.64,10.54,10.56,119710
DRC,2013-11-12,10.56,10.64,10.54,10.59,207450
DRC,2013-11-13,10.56,10.59,10.54,10.54,103000
DRC,2013-11-14,10.56,10.56,10.54,10.56,75520
DRC,2013-11-15,10.54,10.67,10.54,10.62,80430
DRC,2013-11-18,10.64,10.91,10.59,10.91,714710
DRC,2013-11-19,10.94,10.94,10.81,10.83,182550
DRC,2013-11-20,10.83,10.99,10.81,10.97,358390
DRC,2013-11-21,10.97,10.99,10.67,10.67,489890
DRC,2013-11-22,10.78,10.83,10.64,10.81,336050
DRC,2013-11-25,10.81,10.86,10.72,10.75,96140
DRC,2013-11-26,10.67,10.78,10.67,10.78,150890
DRC,2013-11-27,10.75,10.78,10.67,10.67,259490
DRC,2013-11-28,10.64,10.78,10.64,10.67,105370
DRC,2013-11-29,10.72,10.72,10.67,10.67,109860
DRC,2013-12-02,10.75,10.83,10.67,10.72,81210
DRC,2013-12-03,10.72,10.75,10.64,10.67,279860
DRC,2013-12-04,10.64,10.7,10.59,10.62,280260
DRC,2013-12-05,10.62,10.67,10.54,10.64,206300
DRC,2013-12-06,10.59,10.83,10.59,10.75,333190
DRC,2013-12-09,10.89,11.05,10.83,10.83,473280
DRC,2013-12-10,10.89,10.89,10.72,10.75,204640
DRC,2013-12-11,10.72,10.75,10.59,10.62,135040
DRC,2013-12-12,10.62,10.7,10.56,10.7,135510
DRC,2013-12-13,10.62,10.7,10.62,10.67,69980
DRC,2013-12-16,10.4,10.51,10.32,10.48,374200
DRC,2013-12-17,10.46,10.56,10.46,10.48,74540
DRC,2013-12-18,10.48,10.54,10.46,10.46,90960
DRC,2013-12-19,10.46,10.51,10.43,10.51,276760
DRC,2013-12-20,10.56,10.56,10.38,10.38,900010
DRC,2013-12-23,10.59,10.59,10.43,10.51,170880
DRC,2013-12-24,10.51,10.59,10.4,10.4,264940
DRC,2013-12-25,10.4,10.48,10.4,10.46,178190
DRC,2013-12-26,10.4,10.48,10.4,10.43,103890
DRC,2013-12-27,10.48,10.56,10.48,10.48,205190
DRC,2013-12-30,10.48,10.56,10.4,10.43,241840
DRC,2013-12-31,10.43,10.48,10.4,10.46,208600
DRC,2014-01-02,10.46,10.48,10.43,10.43,62440
DRC,2014-01-03,10.43,10.56,10.4,10.51,214230
DRC,2014-01-06,10.56,10.67,10.54,10.59,277170
DRC,2014-01-07,10.59,10.67,10.59,10.62,244240
DRC,2014-01-08,10.56,10.62,10.54,10.59,200000
DRC,2014-01-09,10.59,10.7,10.56,10.67,541410
DRC,2014-01-10,10.72,10.72,10.59,10.59,357540
DRC,2014-01-13,10.59,10.64,10.59,10.62,286850
DRC,2014-01-14,10.64,10.83,10.62,10.75,456000
DRC,2014-01-15,10.86,10.86,10.64,10.64,317480
DRC,2014-01-16,10.72,10.94,10.64,10.86,453060
DRC,2014-01-17,10.97,11.05,10.78,10.86,634410
DRC,2014-01-20,10.86,11.42,10.86,11.34,1023760
DRC,2014-01-21,11.37,11.48,11.1,11.26,528730
DRC,2014-01-22,11.26,11.37,11.02,11.05,404190
DRC,2014-01-23,11.05,11.23,11.02,11.1,226430
DRC,2014-01-24,11.1,11.4,11.05,11.37,641840
DRC,2014-01-27,11.13,11.53,11.13,11.45,378610
DRC,2014-02-06,11.53,11.74,11.48,11.74,399980
DRC,2014-02-07,11.74,11.8,11.4,11.58,318710
DRC,2014-02-10,11.48,11.69,11.42,11.61,357430
DRC,2014-02-11,11.69,12.09,11.61,11.66,873980
DRC,2014-02-12,11.93,12.25,11.74,12.25,981040
DRC,2014-02-13,12.52,12.57,12.31,12.44,679900
DRC,2014-02-14,12.44,12.49,12.31,12.44,424280
DRC,2014-02-17,12.44,12.6,12.23,12.55,475890
DRC,2014-02-18,12.55,12.74,12.41,12.71,548790
DRC,2014-02-19,12.76,12.92,12.6,12.71,207590
DRC,2014-02-20,12.71,12.71,11.93,12.28,802060
DRC,2014-02-21,12.15,12.28,11.8,12.04,398820
DRC,2014-02-24,12.04,12.44,12.04,12.36,337950
DRC,2014-02-25,12.36,12.6,12.36,12.47,412810
DRC,2014-02-26,12.47,12.49,12.17,12.39,418670
DRC,2014-02-27,12.36,12.36,11.93,12.01,548860
DRC,2014-02-28,12.04,12.2,11.88,12.2,301090
DRC,2014-03-03,12.2,12.28,11.85,11.93,325800
DRC,2014-03-04,11.8,12.01,11.77,12.01,301240
DRC,2014-03-05,12.17,12.17,11.8,11.93,466510
DRC,2014-03-06,12.04,12.07,11.88,11.99,221120
DRC,2014-03-07,12.07,12.07,11.9,11.9,276230
DRC,2014-03-10,11.82,11.9,11.74,11.77,423020
DRC,2014-03-11,11.77,11.99,11.77,11.85,258990
DRC,2014-03-12,11.88,12.09,11.88,11.88,349270
DRC,2014-03-13,11.88,11.93,11.85,11.93,239200
DRC,2014-03-14,11.93,12.07,11.8,11.96,578280
DRC,2014-03-17,11.77,11.99,11.74,11.85,319330
DRC,2014-03-18,11.77,11.88,11.77,11.8,374580
DRC,2014-03-19,11.77,12.01,11.77,11.85,506650
DRC,2014-03-20,11.85,11.93,11.74,11.74,266470
DRC,2014-03-21,11.8,11.9,11.74,11.74,1665390
DRC,2014-03-24,11.88,12.31,11.82,12.17,439630
DRC,2014-03-25,12.15,12.23,12.01,12.15,448320
DRC,2014-03-26,12.15,12.15,11.77,12.01,594940
DRC,2014-03-27,11.82,12.07,11.8,12.07,262500
DRC,2014-03-28,12.07,12.23,12.07,12.12,484390
DRC,2014-03-31,12.12,12.2,12.07,12.12,259370
DRC,2014-04-01,12.15,12.15,11.93,11.99,634840
DRC,2014-04-02,11.93,12.01,11.72,11.93,580200
DRC,2014-04-03,12.01,12.12,11.93,12.09,403650
DRC,2014-04-04,12.09,12.2,12.07,12.17,443290
DRC,2014-04-07,12.23,12.55,12.2,12.47,805750
DRC,2014-04-08,12.49,12.63,12.44,12.49,468530
DRC,2014-04-10,12.49,12.6,12.44,12.44,438620
DRC,2014-04-11,12.36,12.44,12.2,12.39,243560
DRC,2014-04-14,12.49,12.49,12.07,12.07,197290
DRC,2014-04-15,12.09,12.09,11.77,11.77,328280
DRC,2014-04-16,11.8,11.88,11.26,11.66,293640
DRC,2014-04-17,11.88,11.88,11.42,11.48,291920
DRC,2014-04-18,11.4,11.64,10.86,10.99,665550
DRC,2014-04-21,10.99,11.21,10.46,11.07,129460
DRC,2014-04-22,11.23,11.53,11.13,11.5,187240
DRC,2014-04-23,11.5,11.77,11.42,11.53,346290
DRC,2014-04-24,11.66,11.77,11.53,11.77,164640
DRC,2014-04-25,11.77,11.8,11.56,11.8,76040
DRC,2014-04-28,11.72,11.85,11.69,11.77,181410
DRC,2014-04-29,11.77,11.85,11.66,11.82,78050
DRC,2014-05-05,11.82,11.82,11.58,11.61,183930
DRC,2014-05-06,11.61,11.74,11.34,11.5,265510
DRC,2014-05-07,11.53,11.64,11.5,11.61,82370
DRC,2014-05-08,11.56,11.56,10.81,10.83,994800
DRC,2014-05-09,11.23,11.4,10.99,11.4,164640
DRC,2014-05-12,11.4,11.4,10.7,10.86,324590
DRC,2014-05-13,10.86,10.89,10.72,10.81,227780
DRC,2014-05-14,10.72,11.26,10.72,11.26,189130
DRC,2014-05-15,11.05,11.42,10.72,11.1,304630
DRC,2014-05-16,11.66,11.66,11.07,11.26,142290
DRC,2014-05-19,11.4,11.53,11.15,11.48,119040
DRC,2014-05-20,11.56,11.56,11.29,11.53,129530
DRC,2014-05-21,11.61,11.64,11.48,11.61,100800
DRC,2014-05-22,11.53,11.66,11.53,11.56,98410
DRC,2014-05-23,11.66,11.66,11.48,11.61,59100
DRC,2014-05-26,11.72,11.85,11.58,11.85,145740
DRC,2014-05-27,11.93,12.09,11.9,12.09,192870
DRC,2014-05-28,12.2,12.31,12.2,12.31,216530
DRC,2014-05-29,12.28,12.28,12.07,12.2,175850
DRC,2014-05-30,12.23,12.31,12.12,12.25,201510
DRC,2014-06-02,12.79,12.79,12.34,12.37,194720
DRC,2014-06-03,12.31,12.45,12.31,12.39,114720
DRC,2014-06-04,12.34,12.37,12.17,12.2,50970
DRC,2014-06-05,12.06,12.23,12.06,12.06,122560
DRC,2014-06-06,12.06,12.11,11.95,12.06,86930
DRC,2014-06-09,12.11,12.28,12.0,12.11,51120
DRC,2014-06-10,12.11,12.14,12.0,12.09,52760
DRC,2014-06-11,12.06,12.11,11.38,12.09,56630
DRC,2014-06-12,11.97,12.09,11.97,12.0,66080
DRC,2014-06-13,11.95,12.09,11.95,11.95,83150
DRC,2014-06-16,11.97,12.09,11.95,12.09,127910
DRC,2014-06-17,11.97,12.34,11.97,12.34,157020
DRC,2014-06-18,12.34,12.42,12.28,12.28,75090
DRC,2014-06-19,12.23,12.37,12.06,12.34,119600
DRC,2014-06-20,12.34,12.45,12.09,12.09,423240
DRC,2014-06-23,12.09,12.31,12.06,12.28,62840
DRC,2014-06-24,12.34,12.67,12.28,12.67,325920
DRC,2014-06-25,12.67,13.18,12.62,13.09,309820
DRC,2014-06-26,12.98,13.63,12.98,13.54,391090
DRC,2014-06-27,13.52,13.66,13.4,13.63,401200
DRC,2014-06-30,13.63,14.3,13.6,14.16,390100
DRC,2014-07-01,14.16,14.58,14.16,14.58,495730
DRC,2014-07-02,14.58,15.14,14.58,14.86,428280
DRC,2014-07-03,14.58,14.86,14.3,14.44,528100
DRC,2014-07-04,14.44,14.72,14.44,14.72,323760
DRC,2014-07-07,14.72,14.72,14.44,14.44,127670
DRC,2014-07-08,14.44,14.58,14.02,14.3,205260
DRC,2014-07-09,14.58,14.58,14.3,14.58,81600
DRC,2014-07-10,14.58,14.58,13.8,13.91,273190
DRC,2014-07-11,14.16,14.3,13.88,14.3,121590
DRC,2014-07-14,14.44,15.28,14.44,15.28,552810
DRC,2014-07-15,15.56,15.84,15.28,15.42,349010
DRC,2014-07-16,15.56,15.7,15.0,15.14,315290
DRC,2014-07-17,15.0,15.42,14.86,15.42,384490
DRC,2014-07-18,15.56,15.84,15.42,15.84,453710
DRC,2014-07-21,15.56,15.7,14.86,15.14,559040
DRC,2014-07-22,14.86,15.14,14.72,14.86,220070
DRC,2014-07-23,15.0,15.14,14.44,14.44,207280
DRC,2014-07-24,14.44,15.0,14.3,15.0,155760
DRC,2014-07-25,14.86,15.0,14.58,14.58,146040
DRC,2014-07-28,14.3,14.44,13.74,14.44,334920
DRC,2014-07-29,14.3,14.72,14.16,14.58,255040
DRC,2014-07-30,14.3,14.72,14.16,14.16,143820
DRC,2014-07-31,14.02,14.58,14.02,14.3,72060
DRC,2014-08-01,14.3,14.44,14.16,14.44,76310
DRC,2014-08-04,14.16,14.58,14.16,14.44,58640
DRC,2014-08-05,14.3,14.58,14.3,14.58,57060
DRC,2014-08-06,14.44,14.58,14.3,14.44,39350
DRC,2014-08-07,14.16,14.3,14.02,14.16,94470
DRC,2014-08-08,14.16,14.3,14.02,14.02,134580
DRC,2014-08-11,13.94,13.99,13.85,13.88,267660
DRC,2014-08-12,13.88,14.3,13.88,14.16,59630
DRC,2014-08-13,14.16,14.44,14.02,14.16,117090
DRC,2014-08-14,14.3,15.0,14.16,14.86,379870
DRC,2014-08-15,14.86,15.14,14.72,15.0,317900
DRC,2014-08-18,15.14,15.28,15.0,15.28,182260
DRC,2014-08-19,15.0,15.28,14.86,15.0,130890
DRC,2014-08-20,14.86,15.14,14.86,15.0,99420
DRC,2014-08-21,14.86,15.42,14.86,15.28,198150
DRC,2014-08-22,15.28,15.56,15.0,15.28,422660
DRC,2014-08-25,15.28,15.7,15.28,15.56,369970
DRC,2014-08-26,15.56,15.7,15.42,15.7,281530
DRC,2014-08-27,15.7,15.7,15.28,15.56,253630
DRC,2014-08-28,15.42,16.4,15.28,16.26,373980
DRC,2014-08-29,16.26,16.4,16.12,16.12,110140
DRC,2014-09-03,16.26,16.26,15.98,16.12,179560
DRC,2014-09-04,15.84,16.12,15.84,15.98,96320
DRC,2014-09-05,16.12,16.12,15.84,15.84,108980
DRC,2014-09-08,15.84,16.12,15.7,15.84,90080
DRC,2014-09-09,15.98,15.98,15.42,15.7,232470
DRC,2014-09-10,15.7,16.12,15.42,16.12,132690
DRC,2014-09-11,16.12,16.12,15.98,16.12,99760
DRC,2014-09-12,16.12,16.26,15.98,16.12,137810
DRC,2014-09-15,15.84,16.12,15.7,15.84,265100
DRC,2014-09-16,15.84,16.82,15.7,16.82,722160
DRC,2014-09-17,17.67,17.95,17.1,17.24,256010
DRC,2014-09-18,16.82,17.24,16.26,16.26,91600
DRC,2014-09-19,15.84,16.54,15.84,15.98,1374780
DRC,2014-09-22,16.26,16.96,16.12,16.68,210470
DRC,2014-09-23,16.4,16.96,16.4,16.68,120030
DRC,2014-09-24,16.54,16.96,16.54,16.82,176160
DRC,2014-09-25,16.54,17.81,16.54,17.67,357720
DRC,2014-09-26,17.81,17.81,17.1,17.1,71560
DRC,2014-09-29,17.24,17.53,16.82,17.24,157960
DRC,2014-09-30,16.96,17.39,16.82,17.1,112850
DRC,2014-10-01,17.1,17.53,17.1,17.24,159180
DRC,2014-10-02,17.39,17.53,17.1,17.24,52130
DRC,2014-10-03,17.24,17.67,17.24,17.67,132010
DRC,2014-10-06,17.67,17.95,17.39,17.95,91410
DRC,2014-10-07,17.67,18.23,17.67,18.23,110150
DRC,2014-10-08,18.09,18.51,18.09,18.51,114340
DRC,2014-10-09,18.51,18.51,17.95,17.95,55900
DRC,2014-10-10,18.09,18.09,17.24,17.24,152800
DRC,2014-10-13,17.24,17.39,16.68,17.24,275280
DRC,2014-10-14,17.24,17.39,16.96,17.1,115720
DRC,2014-10-15,17.1,17.1,16.82,16.82,61620
DRC,2014-10-16,16.82,16.82,15.98,16.26,424030
DRC,2014-10-17,16.26,16.54,15.98,16.26,203730
DRC,2014-10-20,16.96,16.96,16.54,16.54,137860
DRC,2014-10-21,16.96,16.96,16.26,16.54,36140
DRC,2014-10-22,16.4,16.54,16.26,16.54,68060
DRC,2014-10-23,16.4,16.82,16.26,16.54,71260
DRC,2014-10-24,16.54,16.68,16.26,16.54,35310
DRC,2014-10-27,16.4,16.54,15.98,15.98,86120
DRC,2014-10-28,15.98,16.4,15.98,16.12,55460
DRC,2014-10-29,16.12,16.68,16.12,16.54,24370
DRC,2014-10-30,16.68,17.24,16.68,16.96,123980
DRC,2014-10-31,16.96,17.67,16.96,17.67,132320
DRC,2014-11-03,17.67,17.95,17.39,17.67,65610
DRC,2014-11-04,17.53,17.53,17.1,17.39,21020
DRC,2014-11-05,17.53,17.53,17.1,17.39,26550
DRC,2014-11-06,17.24,17.53,17.24,17.53,8450
DRC,2014-11-07,17.53,17.67,17.39,17.53,41570
DRC,2014-11-10,17.39,17.39,16.68,16.82,71880
DRC,2014-11-11,16.54,16.96,16.4,16.82,150300
DRC,2014-11-12,16.68,16.82,16.68,16.68,53510
DRC,2014-11-13,16.68,16.96,16.68,16.82,65680
DRC,2014-11-14,16.82,16.96,16.68,16.68,39000
DRC,2014-11-17,16.82,16.96,16.68,16.96,40440
DRC,2014-11-18,16.68,16.96,16.68,16.68,36400
DRC,2014-11-19,16.54,16.68,16.26,16.54,42210
DRC,2014-11-20,16.96,16.96,16.54,16.96,57350
DRC,2014-11-21,16.96,16.96,16.68,16.82,14220
DRC,2014-11-24,16.82,16.82,16.4,16.82,17390
DRC,2014-11-25,16.82,16.82,16.68,16.82,31250
DRC,2014-11-26,16.82,16.82,16.26,16.26,62920
DRC,2014-11-27,16.26,16.54,15.98,16.26,52260
DRC,2014-11-28,16.4,16.4,15.84,15.84,177240
DRC,2014-12-01,15.98,16.12,15.7,15.7,274670
DRC,2014-12-02,15.84,15.84,15.56,15.56,55750
DRC,2014-12-03,15.7,15.84,15.56,15.56,104260
DRC,2014-12-04,15.7,15.7,15.56,15.56,206380
DRC,2014-12-05,15.7,15.7,15.42,15.56,70760
DRC,2014-12-08,15.42,15.56,15.0,15.0,122690
DRC,2014-12-09,14.86,14.86,14.16,14.16,189370
DRC,2014-12-10,14.16,14.86,14.16,14.72,160560
DRC,2014-12-11,14.86,15.0,14.72,14.86,25660
DRC,2014-12-12,14.86,15.42,14.86,15.42,22300
DRC,2014-12-15,15.56,15.7,15.42,15.56,79910
DRC,2014-12-16,15.56,15.56,15.14,15.14,31620
DRC,2014-12-17,15.14,15.14,14.58,15.14,200120
DRC,2014-12-18,15.14,15.14,14.72,14.72,85860
DRC,2014-12-19,14.44,14.44,13.99,13.99,1706060
DRC,2014-12-22,14.58,14.86,14.3,14.86,41820
DRC,2014-12-23,15.14,15.28,14.72,15.0,7760
DRC,2014-12-24,15.0,15.56,15.0,15.56,170190
DRC,2014-12-25,15.84,16.12,15.42,15.98,94220
DRC,2014-12-26,16.12,16.12,15.56,15.7,36710
DRC,2014-12-29,15.84,15.84,14.86,15.42,61610
DRC,2014-12-30,14.86,15.56,14.86,15.56,16040
DRC,2014-12-31,15.7,15.98,15.42,15.7,19960
DRC,2015-01-05,15.7,15.7,15.56,15.7,19680
DRC,2015-01-06,15.42,15.7,15.28,15.7,15390
DRC,2015-01-07,15.84,15.84,15.42,15.7,26770
DRC,2015-01-08,15.7,15.7,15.56,15.7,9710
DRC,2015-01-09,15.42,15.7,15.42,15.7,20880
DRC,2015-01-12,15.56,15.56,15.42,15.56,40030
DRC,2015-01-13,15.7,15.7,15.28,15.56,14050
DRC,2015-01-14,15.42,15.42,15.14,15.42,13090
DRC,2015-01-15,15.28,15.56,15.14,15.56,16200
DRC,2015-01-16,15.42,15.56,15.42,15.56,17980
DRC,2015-01-19,15.42,15.7,15.42,15.7,51540
DRC,2015-01-20,15.42,15.7,15.42,15.56,14810
DRC,2015-01-21,15.28,15.56,15.28,15.42,27390
DRC,2015-01-22,15.42,15.56,15.14,15.56,17240
DRC,2015-01-23,15.7,15.7,15.28,15.28,21230
DRC,2015-01-26,15.28,15.42,15.28,15.42,12750
DRC,2015-01-27,15.14,15.56,15.14,15.42,52870
DRC,2015-01-28,15.42,15.56,15.42,15.42,17550
DRC,2015-01-29,15.42,16.4,15.42,16.4,201880
DRC,2015-01-30,17.1,17.1,16.4,16.96,106400
DRC,2015-02-02,16.96,16.96,16.68,16.96,46020
DRC,2015-02-03,16.82,16.96,16.68,16.82,138870
DRC,2015-02-04,16.54,16.96,16.54,16.82,80310
DRC,2015-02-05,16.82,16.96,16.54,16.96,127770
DRC,2015-02-06,16.68,16.96,16.54,16.96,18240
DRC,2015-02-09,16.82,16.96,16.26,16.96,42340
DRC,2015-02-10,16.54,16.82,16.4,16.82,17470
DRC,2015-02-11,16.54,16.82,16.54,16.82,21810
DRC,2015-02-12,16.54,17.95,16.54,17.39,50930
DRC,2015-02-13,17.67,17.67,16.96,17.39,31210
DRC,2015-02-24,17.24,17.39,17.1,17.39,17250
DRC,2015-02-25,17.39,17.39,17.1,17.39,37320
DRC,2015-02-26,17.24,17.24,17.1,17.24,23370
DRC,2015-02-27,17.1,17.1,16.96,17.1,12970
DRC,2015-03-02,16.96,16.96,16.68,16.82,39520
DRC,2015-03-03,16.82,17.1,16.68,17.1,23520
DRC,2015-03-04,16.82,17.1,16.82,17.1,12610
DRC,2015-03-05,17.1,17.1,16.82,16.82,28440
DRC,2015-03-06,16.82,16.96,16.82,16.82,51770
DRC,2015-03-09,16.54,16.96,16.54,16.68,8860
DRC,2015-03-10,16.82,16.82,16.68,16.82,5980
DRC,2015-03-11,16.68,16.82,16.68,16.82,25450
DRC,2015-03-12,16.68,16.82,16.54,16.82,17880
DRC,2015-03-13,16.68,17.1,16.68,17.1,34980
DRC,2015-03-16,17.24,17.24,16.96,17.1,16770
DRC,2015-03-17,16.96,17.1,16.96,17.1,10790
DRC,2015-03-18,17.24,17.24,16.96,16.96,8980
DRC,2015-03-19,16.96,17.1,16.82,16.96,21260
DRC,2015-03-20,16.82,17.1,16.82,16.96,51540
DRC,2015-03-23,16.82,17.24,16.82,16.96,69880
DRC,2015-03-24,17.1,17.1,16.82,17.1,24680
DRC,2015-03-25,17.1,17.24,16.96,17.1,65470
DRC,2015-03-26,17.1,17.24,16.96,17.24,28110
DRC,2015-03-27,17.39,17.67,17.1,17.1,113420
DRC,2015-03-30,17.1,17.39,16.96,17.39,22780
DRC,2015-03-31,16.96,17.1,16.82,16.96,46370
DRC,2015-04-01,16.96,16.96,16.82,16.82,65370
DRC,2015-04-02,16.68,17.1,16.68,17.1,12130
DRC,2015-04-03,16.96,17.1,16.96,17.1,950
DRC,2015-04-06,17.1,17.24,17.1,17.1,39460
DRC,2015-04-07,16.96,17.1,16.82,17.1,134820
DRC,2015-04-08,16.96,16.96,16.68,16.68,74850
DRC,2015-04-09,16.68,16.82,16.68,16.68,50830
DRC,2015-04-10,16.82,17.1,16.82,16.82,49740
DRC,2015-04-13,16.68,16.82,16.68,16.82,29280
DRC,2015-04-14,16.68,16.96,16.68,16.96,25090
DRC,2015-04-15,17.1,17.1,16.96,17.1,14450
DRC,2015-04-16,16.96,17.1,16.82,17.1,19510
DRC,2015-04-17,16.96,16.96,16.82,16.82,49170
DRC,2015-04-20,16.82,16.96,16.82,16.96,24270
DRC,2015-04-21,16.82,17.1,16.82,17.1,22250
DRC,2015-04-22,16.96,17.1,16.96,16.96,14200
DRC,2015-04-23,17.1,17.1,16.96,16.96,16950
DRC,2015-04-24,16.82,16.96,16.82,16.96,16900
DRC,2015-04-27,16.96,16.96,16.82,16.96,23380
DRC,2015-05-04,16.96,16.96,16.68,16.68,43490
DRC,2015-05-05,16.4,17.1,16.4,16.82,37120
DRC,2015-05-06,16.68,16.82,16.68,16.82,17820
DRC,2015-05-07,16.68,16.96,16.68,16.96,19210
DRC,2015-05-08,16.96,16.96,16.68,16.82,13550
DRC,2015-05-11,16.82,16.82,16.68,16.82,10330
DRC,2015-05-12,16.82,16.82,16.26,16.82,11970
DRC,2015-05-13,16.4,16.82,16.4,16.82,4900
DRC,2015-05-14,16.4,16.82,16.4,16.82,10130
DRC,2015-05-15,16.68,16.82,16.54,16.68,13630
DRC,2015-05-18,16.12,16.82,16.12,16.82,20440
DRC,2015-05-19,16.68,16.82,16.54,16.82,5160
DRC,2015-05-20,16.68,17.1,16.54,17.1,76390
DRC,2015-05-21,17.81,17.95,17.24,17.53,71330
DRC,2015-05-22,17.67,17.81,17.39,17.81,82480
DRC,2015-05-25,17.81,17.81,17.53,17.67,42730
DRC,2015-05-26,17.53,17.81,17.53,17.81,73210
DRC,2015-05-27,17.39,17.67,17.24,17.24,38130
DRC,2015-05-28,17.24,17.53,17.24,17.53,40780
DRC,2015-05-29,17.53,17.53,17.24,17.24,55960
DRC,2015-06-01,17.24,17.67,17.1,17.53,154950
DRC,2015-06-02,17.67,17.81,17.39,17.53,63760
DRC,2015-06-03,17.49,17.49,17.01,17.49,29230
DRC,2015-06-04,17.17,17.82,17.17,17.49,8100
DRC,2015-06-05,17.01,17.33,16.36,17.17,26480
DRC,2015-06-08,17.17,17.17,16.85,17.01,18130
DRC,2015-06-09,17.01,17.01,16.36,16.85,125310
DRC,2015-06-10,17.01,17.01,16.36,16.52,47690
DRC,2015-06-11,16.36,16.85,16.17,16.36,107400
DRC,2015-06-12,16.36,16.52,16.07,16.36,43400
DRC,2015-06-15,16.52,16.68,16.2,16.36,14740
DRC,2015-06-16,16.52,16.52,16.1,16.36,44240
DRC,2015-06-17,16.36,16.36,16.13,16.13,46560
DRC,2015-06-18,16.1,16.36,16.07,16.07,45130
DRC,2015-06-19,16.07,16.2,16.07,16.1,32310
DRC,2015-06-22,16.2,16.2,16.07,16.1,42320
DRC,2015-06-23,16.1,16.36,16.07,16.36,43950
DRC,2015-06-24,16.2,16.2,16.07,16.1,29310
DRC,2015-06-25,16.17,16.36,16.07,16.36,8680
DRC,2015-06-26,16.36,16.36,16.04,16.04,12900
DRC,2015-06-29,15.97,16.36,15.97,16.36,37960
DRC,2015-06-30,16.36,17.17,16.13,17.17,96400
DRC,2015-07-01,17.17,17.33,16.85,17.01,46500
DRC,2015-07-02,17.01,17.17,16.85,17.17,14750
DRC,2015-07-03,16.68,17.17,16.68,17.17,14190
DRC,2015-07-06,17.17,17.17,16.68,17.01,23810
DRC,2015-07-07,17.01,17.17,16.85,17.17,24110
DRC,2015-07-08,17.17,17.17,16.68,16.85,28650
DRC,2015-07-09,16.68,16.85,16.52,16.85,16540
DRC,2015-07-10,16.85,16.85,16.52,16.85,51330
DRC,2015-07-13,16.68,17.01,16.68,17.01,8020
DRC,2015-07-14,17.01,17.01,16.85,17.01,8660
DRC,2015-07-15,17.01,17.01,16.52,16.52,38060
DRC,2015-07-16,16.85,16.85,16.13,16.2,111290
DRC,2015-07-17,16.2,16.52,16.07,16.2,82020
DRC,2015-07-20,16.2,16.85,16.04,16.1,69090
DRC,2015-07-21,16.1,16.2,15.94,16.04,73650
DRC,2015-07-22,16.04,16.36,16.04,16.2,154850
DRC,2015-07-23,16.2,16.2,15.39,16.1,117380
DRC,2015-07-24,16.1,16.1,15.42,15.97,214990
DRC,2015-07-27,16.0,16.85,16.0,16.85,120170
DRC,2015-07-28,16.68,16.68,16.04,16.52,93000
DRC,2015-07-29,16.52,16.52,15.87,16.13,43080
DRC,2015-07-30,16.13,16.2,15.91,15.91,87340
DRC,2015-07-31,15.91,16.17,15.84,16.17,56810
DRC,2015-08-03,15.91,16.13,15.75,16.1,13810
DRC,2015-08-04,16.1,16.1,15.75,16.04,12770
DRC,2015-08-05,16.07,16.68,16.04,16.2,136760
DRC,2015-08-06,16.2,16.52,16.07,16.2,12180
DRC,2015-08-07,16.2,16.2,16.17,16.2,1530
DRC,2015-08-10,16.2,16.2,15.87,16.17,13000
DRC,2015-08-11,15.94,16.2,15.94,16.13,26180
DRC,2015-08-12,16.1,16.1,15.87,16.0,18820
DRC,2015-08-13,15.87,15.97,15.75,15.94,50580
DRC,2015-08-14,15.94,15.94,15.75,15.94,24830
DRC,2015-08-17,15.94,15.94,15.71,15.94,54560
DRC,2015-08-18,15.71,15.97,15.71,15.97,16370
DRC,2015-08-19,15.97,15.97,15.75,15.94,7970
DRC,2015-08-20,15.87,15.91,15.75,15.84,71980
DRC,2015-08-21,15.78,15.78,15.39,15.71,36950
DRC,2015-08-24,15.23,15.55,14.64,14.64,132250
DRC,2015-08-25,13.7,15.39,13.67,15.39,195500
DRC,2015-08-26,15.39,15.39,14.58,15.16,155050
DRC,2015-08-27,15.36,15.36,14.71,15.19,46030
DRC,2015-08-28,14.94,15.16,14.77,15.13,41950
DRC,2015-08-31,15.13,15.13,14.64,14.9,206010
DRC,2015-09-01,15.0,15.55,14.84,15.49,34670
DRC,2015-09-03,14.94,15.52,14.94,15.52,61120
DRC,2015-09-04,15.52,15.81,15.32,15.81,31880
DRC,2015-09-07,15.81,15.87,15.49,15.81,27200
DRC,2015-09-08,15.52,15.71,15.49,15.71,6270
DRC,2015-09-09,15.71,15.71,15.23,15.52,19150
DRC,2015-09-10,15.49,15.52,15.1,15.29,9500
DRC,2015-09-11,15.19,15.52,15.16,15.52,19310
DRC,2015-09-14,15.32,15.32,14.45,14.58,222930
DRC,2015-09-15,14.58,14.58,14.26,14.55,76250
DRC,2015-09-16,14.55,14.55,14.35,14.38,11570
DRC,2015-09-17,14.38,14.55,14.26,14.55,19210
DRC,2015-09-18,14.68,15.07,14.42,14.42,1470460
DRC,2015-09-21,14.74,15.03,14.74,14.97,11990
DRC,2015-09-22,15.03,15.58,15.03,15.58,81070
DRC,2015-09-23,15.39,15.49,15.0,15.49,258170
DRC,2015-09-24,15.49,15.49,15.23,15.23,55510
DRC,2015-09-25,15.23,15.23,15.03,15.1,78670
DRC,2015-09-28,15.07,15.07,14.68,14.74,66400
DRC,2015-09-29,14.58,14.71,14.58,14.64,37140
DRC,2015-09-30,14.58,15.0,14.58,15.0,65030
DRC,2015-10-01,14.9,15.0,14.87,14.9,13110
DRC,2015-10-02,14.9,14.94,14.87,14.9,80660
DRC,2015-10-05,14.87,15.0,14.84,15.0,48290
DRC,2015-10-06,15.07,15.55,15.07,15.42,114110
DRC,2015-10-07,15.49,15.49,15.13,15.13,45010
DRC,2015-10-08,14.9,15.55,14.9,15.45,69150
DRC,2015-10-09,15.52,16.04,15.49,15.97,235810
DRC,2015-10-12,15.87,16.17,15.84,16.04,63720
DRC,2015-10-13,15.87,16.13,15.87,16.13,39510
DRC,2015-10-14,16.17,16.17,15.55,15.58,52400
DRC,2015-10-15,15.87,15.87,15.58,15.62,80670
DRC,2015-10-16,15.65,15.65,15.39,15.65,104980
DRC,2015-10-19,15.65,15.71,15.49,15.65,59300
DRC,2015-10-20,15.71,15.71,15.49,15.52,39140
DRC,2015-10-21,15.52,15.55,15.16,15.16,146870
DRC,2015-10-22,15.1,15.52,15.1,15.36,64850
DRC,2015-10-23,15.36,15.36,15.07,15.13,95680
DRC,2015-10-26,15.07,15.07,14.94,14.94,61640
DRC,2015-10-27,14.9,14.9,14.61,14.64,140200
DRC,2015-10-28,14.74,14.74,14.55,14.61,137550
DRC,2015-10-29,14.61,14.9,14.58,14.9,72770
DRC,2015-10-30,14.9,14.97,14.74,14.97,12200
DRC,2015-11-02,14.97,14.97,14.74,14.84,28670
DRC,2015-11-03,14.74,14.9,14.58,14.9,24440
DRC,2015-11-04,15.03,15.03,14.74,14.84,2510
DRC,2015-11-05,14.68,14.81,14.61,14.68,136150
DRC,2015-11-06,14.84,14.84,14.51,14.51,138660
DRC,2015-11-09,14.42,14.68,14.32,14.58,57370
DRC,2015-11-10,14.58,14.58,14.29,14.45,47770
DRC,2015-11-11,14.48,14.48,14.32,14.48,47180
DRC,2015-11-12,14.42,14.55,14.32,14.55,15840
DRC,2015-11-13,14.55,14.55,14.26,14.51,43460
DRC,2015-11-16,14.55,15.1,14.55,14.77,40430
DRC,2015-11-17,14.77,14.77,14.61,14.77,24240
DRC,2015-11-18,14.68,14.74,14.64,14.74,12770
DRC,2015-11-19,14.74,14.84,14.48,14.74,39280
DRC,2015-11-20,14.74,14.84,14.74,14.77,11700
DRC,2015-11-23,14.81,14.81,14.74,14.74,33930
DRC,2015-11-24,14.74,14.77,14.71,14.71,46860
DRC,2015-11-25,14.64,14.74,14.58,14.74,12120
DRC,2015-11-26,14.74,14.77,14.61,14.61,30190
DRC,2015-11-27,14.61,14.61,14.42,14.55,27540
DRC,2015-11-30,14.26,14.55,14.26,14.55,22430
DRC,2015-12-01,14.51,14.55,14.29,14.51,36280
DRC,2015-12-02,14.42,14.51,14.32,14.32,41270
DRC,2015-12-03,14.38,14.51,14.26,14.42,16370
DRC,2015-12-04,14.29,14.55,14.29,14.51,4770
DRC,2015-12-07,14.64,14.64,14.48,14.58,7230
DRC,2015-12-08,14.68,14.68,14.55,14.58,29440
DRC,2015-12-09,14.58,14.74,14.58,14.58,9530
DRC,2015-12-10,14.64,14.68,14.55,14.55,8870
DRC,2015-12-11,14.64,14.68,14.51,14.58,16120
DRC,2015-12-14,14.58,14.71,14.58,14.64,49460
DRC,2015-12-15,14.64,14.68,14.51,14.51,37880
DRC,2015-12-16,14.64,14.64,14.48,14.51,19680
DRC,2015-12-17,14.64,14.64,14.19,14.51,23100
DRC,2015-12-18,14.35,14.64,14.35,14.42,45440
DRC,2015-12-21,14.38,14.48,14.26,14.48,47890
DRC,2015-12-22,14.61,14.64,14.29,14.58,210
DRC,2015-12-23,14.32,14.42,14.19,14.26,34360
DRC,2015-12-24,14.26,14.26,13.93,13.93,64690
DRC,2015-12-25,13.87,14.13,13.87,14.13,16010
DRC,2015-12-28,14.13,14.13,14.09,14.09,4830
DRC,2015-12-29,14.06,14.09,14.0,14.03,5630
DRC,2015-12-30,14.32,14.35,14.06,14.29,5300
DRC,2015-12-31,14.19,14.19,14.09,14.13,4920
DRC,2016-01-04,14.16,14.19,14.03,14.09,9920
DRC,2016-01-05,13.96,14.09,13.93,14.09,20900
DRC,2016-01-06,13.93,14.09,13.93,13.93,37200
DRC,2016-01-07,14.03,14.03,13.74,13.74,12070
DRC,2016-01-08,13.77,13.77,13.61,13.74,16940
DRC,2016-01-11,13.48,14.09,13.48,14.06,3330
DRC,2016-01-12,13.93,14.06,13.77,14.06,5570
DRC,2016-01-13,14.06,14.06,13.8,14.03,4760
DRC,2016-01-14,13.64,13.83,13.28,13.83,26870
DRC,2016-01-15,13.64,13.8,13.45,13.77,4190
DRC,2016-01-18,13.22,13.61,12.83,12.96,158500
DRC,2016-01-19,12.96,13.28,12.96,13.28,70370
DRC,2016-01-20,13.38,13.38,12.96,13.25,17240
DRC,2016-01-21,13.12,13.28,12.96,13.22,27380
DRC,2016-01-22,13.12,13.19,13.02,13.19,12560
DRC,2016-01-25,13.19,13.19,13.02,13.15,28300
DRC,2016-01-26,13.12,13.12,12.93,12.96,16040
DRC,2016-01-27,13.15,13.15,12.89,12.96,36870
DRC,2016-01-28,12.96,12.96,12.57,12.83,43310
DRC,2016-01-29,12.67,13.25,12.67,12.96,108900
DRC,2016-02-01,12.96,13.45,12.96,13.28,114700
DRC,2016-02-02,13.35,13.35,13.09,13.22,154960
DRC,2016-02-03,13.15,13.22,13.12,13.12,55860
DRC,2016-02-04,13.12,13.15,13.06,13.09,82350
DRC,2016-02-05,13.09,13.09,12.99,13.09,27530
DRC,2016-02-15,13.02,13.06,12.96,12.96,226450
DRC,2016-02-16,13.02,13.57,12.96,13.45,1673140
DRC,2016-02-17,13.48,13.51,13.35,13.35,358890
DRC,2016-02-18,13.28,13.57,13.28,13.45,353150
DRC,2016-02-19,13.38,13.77,13.32,13.64,1219010
DRC,2016-02-22,13.77,14.26,13.77,14.22,990680
DRC,2016-02-23,14.19,14.26,14.0,14.09,502230
DRC,2016-02-24,14.0,14.06,13.83,13.93,746670
DRC,2016-02-25,13.93,14.0,13.51,13.61,660210
DRC,2016-02-26,13.61,13.83,13.61,13.74,688340
DRC,2016-02-29,13.8,14.06,13.8,14.06,1412830
DRC,2016-03-01,14.06,14.26,13.96,14.0,974660
DRC,2016-03-02,14.0,14.13,13.96,14.06,395690
DRC,2016-03-03,14.16,14.45,14.06,14.35,923270
DRC,2016-03-04,14.32,14.58,14.26,14.42,976950
DRC,2016-03-07,14.55,14.84,14.45,14.61,769140
DRC,2016-03-08,14.61,14.71,14.29,14.29,774300
DRC,2016-03-09,14.29,14.48,14.26,14.26,528280
DRC,2016-03-10,14.32,14.77,14.29,14.74,447620
DRC,2016-03-11,14.81,14.81,14.55,14.58,543510
DRC,2016-03-14,14.61,14.84,14.61,14.74,504630
DRC,2016-03-15,14.71,14.77,14.51,14.51,397930
DRC,2016-03-16,14.45,14.55,14.38,14.45,266720
DRC,2016-03-17,14.58,14.68,14.48,14.48,601700
DRC,2016-03-18,14.51,14.51,14.32,14.32,307730
DRC,2016-03-21,14.38,14.45,14.26,14.26,210060
DRC,2016-03-22,14.19,14.26,14.0,14.06,424980
DRC,2016-03-23,14.09,14.22,14.03,14.06,196690
DRC,2016-03-24,14.03,14.19,13.96,14.13,399500
DRC,2016-03-25,14.16,14.22,13.87,14.13,372520
DRC,2016-03-28,14.13,14.35,14.0,14.35,161890
DRC,2016-03-29,14.42,14.51,14.22,14.35,409040
DRC,2016-03-30,14.22,14.77,14.19,14.64,851200
DRC,2016-03-31,14.81,14.84,14.42,14.42,599700
DRC,2016-04-01,14.42,14.48,14.35,14.35,319840
DRC,2016-04-04,14.35,14.45,14.32,14.38,384450
DRC,2016-04-05,14.29,14.38,14.26,14.32,137500
DRC,2016-04-06,14.32,14.51,14.32,14.48,205770
DRC,2016-04-07,14.55,14.61,14.48,14.61,300590
DRC,2016-04-08,14.61,15.36,14.61,14.94,558820
DRC,2016-04-11,15.07,15.32,15.07,15.32,586060
DRC,2016-04-12,15.42,15.42,15.19,15.23,339460
DRC,2016-04-13,15.19,15.32,15.16,15.16,409760
DRC,2016-04-14,15.16,15.23,15.1,15.16,170940
DRC,2016-04-15,15.16,15.29,15.07,15.07,301890
DRC,2016-04-19,15.07,15.07,14.68,14.68,543450
DRC,2016-04-20,14.74,14.77,14.45,14.48,354980
DRC,2016-04-21,14.51,14.64,14.51,14.55,135700
DRC,2016-04-22,14.55,14.68,14.45,14.68,225560
DRC,2016-04-25,14.81,14.87,14.61,14.84,181330
DRC,2016-04-26,14.84,15.13,14.84,14.84,313830
DRC,2016-04-27,15.0,15.07,14.87,15.0,218260
DRC,2016-04-28,15.07,15.07,14.71,14.87,103240
DRC,2016-04-29,14.77,15.1,14.77,15.07,379240
DRC,2016-05-04,14.9,15.49,14.9,15.39,568840
DRC,2016-05-05,15.39,15.62,15.39,15.52,247640
DRC,2016-05-06,15.52,15.81,15.23,15.62,340180
DRC,2016-05-09,15.71,15.71,15.45,15.45,207930
DRC,2016-05-10,15.39,15.55,15.29,15.55,165330
DRC,2016-05-11,16.04,16.04,15.62,15.65,243810
DRC,2016-05-12,15.62,15.68,15.52,15.52,159850
DRC,2016-05-13,15.29,15.55,15.29,15.45,148300
DRC,2016-05-16,15.55,15.55,15.39,15.45,110370
DRC,2016-05-17,15.42,15.55,15.42,15.49,67350
DRC,2016-05-18,15.49,15.71,15.45,15.71,272740
DRC,2016-05-19,15.65,16.04,15.65,15.97,267580
DRC,2016-05-20,16.04,16.04,15.87,16.0,115980
DRC,2016-05-23,16.07,16.07,15.84,15.87,227520
DRC,2016-05-24,15.84,16.04,15.81,16.04,254060
DRC,2016-05-25,16.13,16.36,16.13,16.2,230460
DRC,2016-05-26,16.2,16.36,15.84,15.97,245080
DRC,2016-05-27,16.2,16.2,15.97,16.1,308680
DRC,2016-05-30,16.2,16.36,16.1,16.36,210950
DRC,2016-05-31,16.68,17.17,16.68,17.01,502970
DRC,2016-06-01,17.01,17.17,16.85,17.01,330630
DRC,2016-06-02,17.01,17.01,16.68,16.85,279210
DRC,2016-06-03,16.85,17.01,16.68,16.85,321580
DRC,2016-06-06,16.85,16.85,16.36,16.52,353970
DRC,2016-06-07,16.52,16.85,16.52,16.85,317870
DRC,2016-06-08,16.85,17.17,16.68,16.85,752820
DRC,2016-06-09,18.01,18.01,17.48,17.57,524090
DRC,2016-06-10,17.57,17.57,17.25,17.34,319700
DRC,2016-06-13,17.34,17.34,16.58,16.63,409020
DRC,2016-06-14,16.54,16.67,16.32,16.67,328710
DRC,2016-06-15,16.94,17.16,16.76,16.85,241000
DRC,2016-06-16,16.94,17.21,16.85,17.12,212150
DRC,2016-06-17,17.16,17.21,16.94,16.94,242950
DRC,2016-06-20,16.94,17.03,16.72,16.94,169570
DRC,2016-06-21,16.99,17.12,16.85,16.94,137790
DRC,2016-06-22,16.9,17.43,16.9,17.21,298420
DRC,2016-06-23,17.21,18.01,17.08,17.88,333490
DRC,2016-06-24,17.83,17.83,16.85,17.39,937200
DRC,2016-06-27,16.99,17.48,16.94,17.48,354280
DRC,2016-06-28,17.43,17.43,17.21,17.34,81360
DRC,2016-06-29,17.34,17.66,17.34,17.61,360220
DRC,2016-06-30,17.66,17.83,17.43,17.61,210830
DRC,2016-07-01,17.57,18.06,17.57,17.88,446630
DRC,2016-07-04,18.01,18.06,17.92,17.97,287730
DRC,2016-07-05,18.01,18.06,17.66,17.7,382290
DRC,2016-07-06,17.7,18.06,17.52,17.97,375350
DRC,2016-07-07,17.97,18.06,17.79,18.01,235250
DRC,2016-07-08,17.79,18.42,17.79,18.33,399660
DRC,2016-07-11,18.33,18.33,18.1,18.15,418490
DRC,2016-07-12,18.15,18.33,18.06,18.33,239110
DRC,2016-07-13,18.33,19.13,18.33,19.09,308430
DRC,2016-07-14,19.09,19.18,18.73,18.73,170840
DRC,2016-07-15,18.73,18.77,18.42,18.51,132990
DRC,2016-07-18,18.51,18.59,18.15,18.19,176230
DRC,2016-07-19,18.19,18.55,18.06,18.19,195330
DRC,2016-07-20,18.1,18.42,18.1,18.15,170060
DRC,2016-07-21,18.06,18.37,18.06,18.15,288210
DRC,2016-07-22,18.06,18.06,17.79,17.92,410220
DRC,2016-07-25,17.92,18.15,17.79,17.97,194210
DRC,2016-07-26,18.15,18.15,17.79,17.88,93220
DRC,2016-07-27,17.88,18.1,17.83,18.01,104920
DRC,2016-07-28,17.88,17.92,17.57,17.66,389110
DRC,2016-07-29,17.83,17.83,17.57,17.66,187730
DRC,2016-08-01,17.57,17.66,17.34,17.43,187900
DRC,2016-08-02,17.43,17.43,17.12,17.16,212890
DRC,2016-08-03,17.12,17.16,16.76,16.94,543220
DRC,2016-08-04,16.81,16.99,16.67,16.67,297040
DRC,2016-08-05,16.67,16.76,16.27,16.36,471780
DRC,2016-08-08,16.36,16.63,16.27,16.63,112550
DRC,2016-08-09,16.63,17.12,16.63,17.12,164760
DRC,2016-08-10,17.03,17.7,17.03,17.66,200940
DRC,2016-08-11,17.57,17.7,17.34,17.61,86480
DRC,2016-08-12,17.61,17.61,17.25,17.25,128330
DRC,2016-08-15,17.43,17.43,17.16,17.25,84720
DRC,2016-08-16,17.25,17.7,17.25,17.66,317390
DRC,2016-08-17,17.66,17.7,17.52,17.61,205420
DRC,2016-08-18,17.52,17.61,17.3,17.52,331370
DRC,2016-08-19,17.39,17.61,17.12,17.12,270380
DRC,2016-08-22,17.12,17.21,17.08,17.08,58150
DRC,2016-08-23,17.03,17.16,16.99,17.12,62840
DRC,2016-08-24,17.21,17.34,17.12,17.12,254290
DRC,2016-08-25,17.12,17.25,16.99,17.21,76760
DRC,2016-08-26,17.08,17.43,17.08,17.34,113270
DRC,2016-08-29,17.34,17.52,17.34,17.34,723850
DRC,2016-08-30,17.34,17.34,17.16,17.25,232880
DRC,2016-08-31,17.25,17.34,17.21,17.25,194060
DRC,2016-09-01,17.39,17.75,17.3,17.57,397830
DRC,2016-09-05,17.48,17.57,17.3,17.52,198860
DRC,2016-09-06,17.39,17.88,17.34,17.7,688790
DRC,2016-09-07,17.7,18.24,17.57,18.19,679990
DRC,2016-09-08,18.1,18.46,18.1,18.37,772530
DRC,2016-09-09,18.37,18.46,18.1,18.33,340870
DRC,2016-09-12,18.33,18.33,17.75,17.75,341440
DRC,2016-09-13,17.77,17.92,17.7,17.83,142030
DRC,2016-09-14,17.83,18.06,17.83,17.97,135020
DRC,2016-09-15,18.01,18.01,17.66,17.7,139860
DRC,2016-09-16,17.7,17.88,17.68,17.75,158430
DRC,2016-09-19,17.7,17.86,17.66,17.75,90470
DRC,2016-09-20,17.75,17.88,17.66,17.88,157440
DRC,2016-09-21,17.88,18.01,17.61,17.66,257120
DRC,2016-09-22,17.7,17.88,17.61,17.7,197830
DRC,2016-09-23,17.7,18.08,17.7,18.08,175600
DRC,2016-09-26,18.08,18.1,17.97,18.08,148780
DRC,2016-09-27,18.01,18.53,18.01,18.53,406780
DRC,2016-09-28,18.64,18.64,18.24,18.53,320620
DRC,2016-09-29,18.51,18.68,17.88,18.46,421940
DRC,2016-09-30,18.46,18.95,18.1,18.77,556450
DRC,2016-10-03,18.77,18.91,18.59,18.68,279730
DRC,2016-10-04,18.68,18.95,18.51,18.86,507440
DRC,2016-10-05,18.86,18.86,18.64,18.68,166180
DRC,2016-10-06,18.77,18.84,18.55,18.68,177090
DRC,2016-10-07,18.73,18.75,18.06,18.1,472600
DRC,2016-10-10,18.19,18.33,17.75,17.75,282070
DRC,2016-10-11,17.75,17.83,17.39,17.66,594670
DRC,2016-10-12,17.97,18.01,17.57,17.88,124960
DRC,2016-10-13,17.92,17.92,17.66,17.88,200510
DRC,2016-10-14,17.92,18.1,17.86,17.88,190970
DRC,2016-10-17,17.88,17.88,17.43,17.43,169250
DRC,2016-10-18,17.3,17.48,17.25,17.34,207840
DRC,2016-10-19,17.3,17.66,17.3,17.34,190630
DRC,2016-10-20,17.3,17.3,16.78,16.78,372800
DRC,2016-10-21,16.78,17.01,16.78,16.87,93920
DRC,2016-10-24,16.99,16.99,16.45,16.45,244020
DRC,2016-10-25,16.45,16.54,16.32,16.45,206600
DRC,2016-10-26,16.49,16.52,16.32,16.34,116730
DRC,2016-10-27,16.32,16.36,16.2,16.36,183910
DRC,2016-10-28,16.36,16.43,16.29,16.38,259140
DRC,2016-10-31,16.49,16.49,15.78,15.78,437390
DRC,2016-11-01,16.05,16.09,15.78,16.09,169770
DRC,2016-11-02,16.09,16.32,16.0,16.11,128700
DRC,2016-11-03,16.09,16.23,15.85,16.23,150270
DRC,2016-11-04,16.45,16.45,16.05,16.36,117670
DRC,2016-11-07,16.45,16.49,16.25,16.27,121580
DRC,2016-11-08,16.27,16.45,16.25,16.32,114080
DRC,2016-11-09,16.54,16.54,16.05,16.14,413450
DRC,2016-11-10,16.4,16.45,16.14,16.32,154110
DRC,2016-11-11,16.4,16.4,16.09,16.18,172850
DRC,2016-11-14,16.18,16.18,15.87,15.91,380210
DRC,2016-11-15,15.91,16.05,15.85,15.85,160720
DRC,2016-11-16,16.09,16.09,15.85,15.87,250420
DRC,2016-11-17,15.87,16.0,15.85,16.0,88770
DRC,2016-11-18,16.0,16.0,15.73,15.87,131730
DRC,2016-11-21,16.09,16.09,15.42,15.51,241970
DRC,2016-11-22,15.51,15.64,15.15,15.15,399090
DRC,2016-11-23,15.15,15.24,14.88,14.93,208900
DRC,2016-11-24,15.07,15.07,14.58,14.72,370100
DRC,2016-11-25,14.65,14.95,14.65,14.93,91370
DRC,2016-11-28,14.79,14.98,14.79,14.93,110250
DRC,2016-11-29,14.04,14.91,14.04,14.55,150970
DRC,2016-11-30,14.51,14.74,14.41,14.65,147790
DRC,2016-12-01,14.93,14.98,14.7,14.74,134670
DRC,2016-12-02,14.74,14.93,14.65,14.79,86960
DRC,2016-12-05,14.79,14.91,14.6,14.91,93920
DRC,2016-12-06,14.93,15.44,14.65,15.12,300040
DRC,2016-12-07,15.21,15.21,14.88,14.91,41940
DRC,2016-12-08,14.93,15.02,14.74,14.98,89600
DRC,2016-12-09,15.09,15.09,14.86,14.98,113990
DRC,2016-12-12,14.98,14.98,14.79,14.88,181300
DRC,2016-12-13,14.88,15.12,14.74,15.07,92420
DRC,2016-12-14,15.07,15.12,14.88,15.02,226310
DRC,2016-12-15,15.07,15.09,14.88,15.05,57100
DRC,2016-12-16,14.98,15.05,14.93,14.98,44290
DRC,2016-12-19,14.98,15.07,14.88,15.0,91690
DRC,2016-12-20,15.12,15.12,14.91,14.93,141010
DRC,2016-12-21,14.91,14.98,14.88,14.93,95090
DRC,2016-12-22,14.79,14.98,14.77,14.95,103840
DRC,2016-12-23,14.98,14.98,14.86,14.88,53300
DRC,2016-12-26,14.88,14.93,14.7,14.7,61340
DRC,2016-12-27,14.7,14.84,14.04,14.67,89520
DRC,2016-12-28,14.67,14.7,14.2,14.34,134900
DRC,2016-12-29,14.34,14.88,14.32,14.51,92870
DRC,2016-12-30,14.51,14.98,14.51,14.98,67980
DRC,2017-01-03,14.84,14.98,14.27,14.46,79640
DRC,2017-01-04,14.46,14.93,14.41,14.88,118140
DRC,2017-01-05,14.91,14.93,14.65,14.74,298230
DRC,2017-01-06,14.88,14.93,14.55,14.58,118380
DRC,2017-01-09,14.91,14.91,14.6,14.91,108670
DRC,2017-01-10,14.91,14.91,14.79,14.88,52830
DRC,2017-01-11,14.88,14.93,14.79,14.84,124710
DRC,2017-01-12,14.91,14.91,14.7,14.88,263510
DRC,2017-01-13,14.93,14.93,14.81,14.84,44930
DRC,2017-01-16,14.84,14.88,14.74,14.84,176730
DRC,2017-01-17,14.65,14.79,14.58,14.6,89130
DRC,2017-01-18,14.79,14.79,14.37,14.37,151080
DRC,2017-01-19,14.27,14.41,14.11,14.18,125950
DRC,2017-01-20,14.18,14.23,14.04,14.04,123950
DRC,2017-01-23,14.04,14.44,13.95,14.37,102380
DRC,2017-01-24,14.04,14.27,14.04,14.23,85190
DRC,2017-01-25,14.39,14.39,14.18,14.25,101630
DRC,2017-02-02,14.46,14.51,14.27,14.41,87130
DRC,2017-02-03,14.41,14.51,14.41,14.41,130440
DRC,2017-02-06,14.41,14.6,14.37,14.55,239640
DRC,2017-02-07,14.55,14.6,14.41,14.41,154400
DRC,2017-02-08,14.37,14.46,14.37,14.41,114790
DRC,2017-02-09,14.41,14.41,14.25,14.3,77950
DRC,2017-02-10,14.27,14.32,14.11,14.32,217020
DRC,2017-02-13,14.32,14.48,14.27,14.46,243950
DRC,2017-02-14,14.58,14.74,14.44,14.44,231090
DRC,2017-02-15,14.46,14.84,14.27,14.77,430550
DRC,2017-02-16,14.79,14.79,14.44,14.51,508930
DRC,2017-02-17,14.51,14.51,14.32,14.51,383680
DRC,2017-02-20,14.51,14.7,14.44,14.7,546790
DRC,2017-02-21,14.74,15.42,14.74,15.26,1100400
DRC,2017-02-22,15.42,15.65,15.3,15.4,679720
DRC,2017-02-23,15.26,15.4,15.16,15.33,300550
DRC,2017-02-24,15.33,15.33,15.0,15.0,302090
DRC,2017-02-27,14.74,14.98,14.74,14.88,444210
DRC,2017-02-28,14.84,14.98,14.63,14.63,423640
DRC,2017-03-01,14.58,14.98,14.51,14.93,358200
DRC,2017-03-02,15.12,15.12,14.74,14.84,230750
DRC,2017-03-03,14.91,15.21,14.74,15.16,196830
DRC,2017-03-06,15.26,15.63,15.19,15.61,706910
DRC,2017-03-07,15.61,15.63,15.35,15.49,501280
DRC,2017-03-08,15.49,15.87,15.44,15.77,405640
DRC,2017-03-09,15.77,15.82,15.54,15.54,140970
DRC,2017-03-10,15.54,15.72,15.3,15.33,199780
DRC,2017-03-13,15.33,15.35,15.09,15.19,161710
DRC,2017-03-14,15.19,15.44,15.12,15.42,234730
DRC,2017-03-15,15.28,15.51,15.28,15.44,168970
DRC,2017-03-16,15.44,15.63,15.35,15.49,251150
DRC,2017-03-17,15.49,15.7,15.35,15.7,363370
DRC,2017-03-20,15.82,15.82,15.68,15.68,152070
DRC,2017-03-21,15.7,15.7,15.56,15.68,216650
DRC,2017-03-22,15.58,15.7,15.3,15.33,173400
DRC,2017-03-23,15.33,15.49,15.33,15.44,196870
DRC,2017-03-24,15.44,15.49,14.84,14.98,820320
DRC,2017-03-27,14.98,15.21,14.88,14.93,238480
DRC,2017-03-28,15.02,15.09,14.88,14.98,229340
DRC,2017-03-29,15.12,15.12,14.86,14.93,322180
DRC,2017-03-30,15.07,15.12,14.72,14.72,756690
DRC,2017-03-31,14.72,14.84,14.51,14.63,380760
DRC,2017-04-03,14.51,14.7,14.32,14.51,385730
DRC,2017-04-04,14.51,14.65,14.23,14.3,276700
DRC,2017-04-05,14.27,14.51,14.13,14.51,359330
DRC,2017-04-07,14.51,14.6,14.41,14.51,251650
DRC,2017-04-10,14.51,14.51,14.32,14.44,258390
DRC,2017-04-11,14.41,14.65,14.37,14.51,147150
DRC,2017-04-12,14.51,14.65,14.3,14.3,126810
DRC,2017-04-13,14.32,14.55,14.32,14.46,669950
DRC,2017-04-14,14.46,14.46,14.11,14.32,110680
DRC,2017-04-17,14.23,14.51,14.18,14.18,94100
DRC,2017-04-18,14.18,14.18,13.76,13.99,234620
DRC,2017-04-19,13.99,14.13,13.85,14.04,175040
DRC,2017-04-20,14.04,14.04,13.9,13.97,215840
DRC,2017-04-21,13.97,14.04,13.88,13.9,73830
DRC,2017-04-24,13.88,13.88,13.55,13.55,766250
DRC,2017-04-25,13.55,13.81,13.55,13.76,98750
DRC,2017-04-26,13.76,13.83,13.67,13.67,114290
DRC,2017-04-27,13.6,13.67,13.2,13.27,455250
DRC,2017-04-28,13.27,13.43,13.08,13.2,698850
DRC,2017-05-03,13.34,13.34,12.99,13.03,246580
DRC,2017-05-04,13.06,13.08,12.92,13.03,339900
DRC,2017-05-05,13.03,13.17,12.94,13.17,246520
DRC,2017-05-08,13.22,13.24,13.06,13.1,434980
DRC,2017-05-09,13.24,13.71,13.24,13.71,1122190
DRC,2017-05-10,13.81,14.16,13.81,13.9,694720
DRC,2017-05-11,13.81,13.81,13.69,13.76,287200
DRC,2017-05-12,13.69,13.85,13.53,13.57,649740
DRC,2017-05-15,13.57,14.51,13.53,14.51,633420
DRC,2017-05-16,14.27,14.27,13.88,13.9,593620
DRC,2017-05-17,13.9,14.27,13.76,13.97,314250
DRC,2017-05-18,13.99,13.99,13.78,13.99,397960
DRC,2017-05-19,13.99,14.41,13.99,14.25,508510
DRC,2017-05-22,14.23,14.6,14.16,14.53,598610
DRC,2017-05-23,14.51,14.55,14.3,14.39,394660
DRC,2017-05-24,14.3,14.3,13.85,13.99,556950
DRC,2017-05-25,13.97,14.2,13.97,14.09,163480
DRC,2017-05-26,14.23,14.46,14.11,14.34,361540
DRC,2017-05-29,14.34,14.46,14.23,14.23,237050
DRC,2017-05-30,14.23,14.27,13.9,13.99,393880
DRC,2017-05-31,13.97,13.99,13.67,13.67,242670
DRC,2017-06-01,13.67,13.85,13.67,13.76,257500
DRC,2017-06-02,13.85,13.85,13.34,13.43,1366940
DRC,2017-06-05,13.53,13.95,13.53,13.83,388430
DRC,2017-06-06,14.04,14.04,13.76,13.9,263530
DRC,2017-06-07,13.9,13.9,13.69,13.71,375060
DRC,2017-06-08,13.71,13.9,13.62,13.9,307750
DRC,2017-06-09,13.95,14.55,13.88,14.41,840940
DRC,2017-06-12,14.51,15.26,14.46,15.23,2091250
DRC,2017-06-13,15.26,15.77,15.26,15.77,1175870
DRC,2017-06-14,15.77,15.82,15.4,15.42,915940
DRC,2017-06-15,15.26,15.63,15.12,15.44,957910
DRC,2017-06-16,15.44,16.05,15.44,15.77,858240
DRC,2017-06-19,15.77,15.96,15.58,15.77,1063790
DRC,2017-06-20,16.04,16.04,15.77,15.77,580330
DRC,2017-06-21,15.77,15.77,15.14,15.38,766190
DRC,2017-06-22,15.33,15.63,15.31,15.46,716270
DRC,2017-06-23,15.46,16.31,15.36,16.31,1270540
DRC,2017-06-26,16.21,16.36,15.97,16.02,604420
DRC,2017-06-27,16.02,16.04,15.43,15.58,631360
DRC,2017-06-28,15.58,15.65,15.29,15.38,388650
DRC,2017-06-29,15.43,15.67,15.29,15.65,937480
DRC,2017-06-30,15.65,15.65,15.41,15.6,349950
DRC,2017-07-03,15.63,15.72,15.38,15.43,472890
DRC,2017-07-04,15.43,15.58,15.33,15.53,435260
DRC,2017-07-05,15.58,16.21,15.43,15.82,499200
DRC,2017-07-06,15.72,15.72,15.48,15.48,428770
DRC,2017-07-07,15.48,15.58,15.29,15.29,526420
DRC,2017-07-10,15.29,15.29,14.65,14.7,723510
DRC,2017-07-11,14.7,14.99,14.68,14.8,350700
DRC,2017-07-12,14.94,14.94,14.73,14.8,265640
DRC,2017-07-13,14.7,14.8,14.6,14.6,336320
DRC,2017-07-14,14.85,14.85,14.58,14.77,193040
DRC,2017-07-17,14.75,14.82,14.24,14.24,614740
DRC,2017-07-18,14.21,14.21,13.87,14.12,445550
DRC,2017-07-19,14.17,14.26,14.02,14.12,231140
DRC,2017-07-20,14.02,14.12,13.9,13.92,337040
DRC,2017-07-21,13.34,13.68,13.05,13.05,1027050
DRC,2017-07-24,13.02,13.09,12.75,12.95,243400
DRC,2017-07-25,12.92,13.36,12.9,13.34,255080
DRC,2017-07-26,13.39,13.39,13.05,13.14,354730
DRC,2017-07-27,13.19,13.34,13.09,13.19,327870
DRC,2017-07-28,13.19,13.24,13.14,13.19,237570
DRC,2017-07-31,13.14,13.22,13.07,13.07,305810
DRC,2017-08-01,13.14,13.14,12.88,12.88,383470
DRC,2017-08-02,12.88,12.88,12.32,12.44,639930
DRC,2017-08-03,12.56,12.8,12.46,12.56,368710
DRC,2017-08-04,12.56,12.66,12.46,12.53,317110
DRC,2017-08-07,12.66,13.02,12.56,13.02,556620
DRC,2017-08-08,13.07,13.07,12.85,12.95,190330
DRC,2017-08-09,12.95,12.95,12.63,12.71,150760
DRC,2017-08-10,12.66,12.73,12.56,12.61,122020
DRC,2017-08-11,12.51,12.66,12.51,12.53,115910
DRC,2017-08-14,12.53,12.71,12.51,12.63,106360
DRC,2017-08-15,12.56,12.66,12.56,12.63,102460
DRC,2017-08-16,12.63,12.9,12.63,12.85,240290
DRC,2017-08-17,12.9,12.95,12.68,12.68,113010
DRC,2017-08-18,12.75,12.75,12.68,12.71,103200
DRC,2017-08-21,12.75,12.78,12.58,12.66,125870
DRC,2017-08-22,12.66,12.66,12.46,12.51,159560
DRC,2017-08-23,12.51,12.51,12.34,12.51,124690
DRC,2017-08-24,12.56,12.56,12.36,12.44,104430
DRC,2017-08-25,12.46,12.51,12.27,12.34,201380
DRC,2017-08-28,12.22,12.32,12.1,12.12,377700
DRC,2017-08-29,11.98,12.15,11.98,12.07,120720
DRC,2017-08-30,12.12,12.17,12.02,12.12,123770
DRC,2017-08-31,12.02,12.12,11.95,12.0,116380
DRC,2017-09-01,12.02,12.02,11.88,11.9,145630
DRC,2017-09-05,11.98,11.98,11.54,11.59,464920
DRC,2017-09-06,11.51,11.78,11.24,11.27,613280
DRC,2017-09-07,11.29,11.54,11.29,11.37,214730
DRC,2017-09-08,11.56,11.56,11.44,11.49,76920
DRC,2017-09-11,11.54,11.56,11.44,11.44,137600
DRC,2017-09-12,11.34,11.54,11.34,11.54,206300
DRC,2017-09-13,11.51,11.83,11.46,11.68,242890
DRC,2017-09-14,11.68,12.15,11.68,12.07,329460
DRC,2017-09-15,11.98,12.05,11.59,11.61,755240
DRC,2017-09-18,11.68,11.83,11.59,11.61,233580
DRC,2017-09-19,11.59,11.68,11.2,11.34,785050
DRC,2017-09-20,11.44,11.44,11.29,11.34,404610
DRC,2017-09-21,11.34,11.44,11.24,11.24,751580
DRC,2017-09-22,11.29,11.34,11.1,11.1,623350
DRC,2017-09-25,11.2,11.22,11.05,11.15,316070
DRC,2017-09-26,11.15,11.2,11.05,11.15,277750
DRC,2017-09-27,11.12,11.24,11.1,11.12,388940
DRC,2017-09-28,11.1,11.17,11.03,11.03,131910
DRC,2017-09-29,11.03,11.2,11.03,11.2,248660
DRC,2017-10-02,11.2,11.32,11.03,11.03,340570
DRC,2017-10-03,11.05,11.1,10.98,10.98,159100
DRC,2017-10-04,11.07,11.07,10.83,10.86,206410
DRC,2017-10-05,10.81,10.88,10.66,10.71,380640
DRC,2017-10-06,10.71,10.71,10.42,10.51,397690
DRC,2017-10-09,10.51,10.93,10.51,10.9,228410
DRC,2017-10-10,10.9,10.9,10.69,10.71,256830
DRC,2017-10-11,10.61,10.76,10.54,10.66,521560
DRC,2017-10-12,10.66,10.66,10.32,10.39,544200
DRC,2017-10-13,10.32,10.39,10.27,10.27,355370
DRC,2017-10-16,10.27,10.32,10.05,10.05,443110
DRC,2017-10-17,10.0,10.05,9.95,9.95,296600
DRC,2017-10-18,9.95,10.2,9.95,10.08,239810
DRC,2017-10-19,10.08,10.47,10.08,10.32,526240
DRC,2017-10-20,10.22,10.32,10.08,10.17,361650
DRC,2017-10-23,9.95,10.03,9.83,9.95,304450
DRC,2017-10-24,9.95,9.95,9.71,9.78,618190
DRC,2017-10-25,9.76,9.81,9.69,9.71,290610
DRC,2017-10-26,9.71,9.98,9.66,9.69,421170
DRC,2017-10-27,9.95,9.95,9.69,9.74,276550
DRC,2017-10-30,9.74,9.91,9.64,9.64,288610
DRC,2017-10-31,9.69,9.74,9.59,9.64,213440
DRC,2017-11-01,9.64,9.88,9.59,9.88,390550
DRC,2017-11-02,9.88,10.13,9.78,9.91,383750
DRC,2017-11-03,9.88,9.88,9.64,9.76,230350
DRC,2017-11-06,9.76,10.15,9.64,9.93,606190
DRC,2017-11-07,9.93,10.03,9.83,9.88,313910
DRC,2017-11-08,9.93,10.05,9.83,10.03,518500
DRC,2017-11-09,10.03,10.08,9.93,10.03,828220
DRC,2017-11-10,10.17,10.71,10.17,10.71,1196500
DRC,2017-11-13,11.15,11.44,11.0,11.44,1674850
DRC,2017-11-14,11.44,11.44,11.0,11.1,610090
DRC,2017-11-15,10.95,11.54,10.81,11.54,891110
DRC,2017-11-16,11.54,11.98,11.49,11.78,1128040
DRC,2017-11-17,11.93,11.93,11.2,11.42,600010
DRC,2017-11-20,11.42,11.42,11.0,11.05,557750
DRC,2017-11-21,11.05,11.34,10.9,11.05,812020
DRC,2017-11-22,11.05,11.37,11.05,11.34,740230
DRC,2017-11-23,11.59,11.68,11.24,11.29,587920
DRC,2017-11-24,11.44,11.44,11.27,11.39,605950
DRC,2017-11-27,11.44,11.77,11.39,11.64,652620
DRC,2017-11-28,11.64,11.82,11.59,11.62,730810
DRC,2017-11-29,11.54,11.59,11.34,11.39,576370
DRC,2017-11-30,11.44,11.49,11.19,11.19,494290
DRC,2017-12-01,11.19,11.39,11.12,11.27,460340
DRC,2017-12-04,11.27,11.64,11.27,11.62,828270
DRC,2017-12-05,11.69,12.41,11.67,12.41,2255580
DRC,2017-12-06,12.44,13.26,12.44,12.76,1701560
DRC,2017-12-07,12.64,12.94,12.51,12.54,511710
DRC,2017-12-08,12.49,12.49,11.94,12.29,1075100
DRC,2017-12-11,12.04,12.44,11.74,12.04,613160
DRC,2017-12-12,12.04,12.29,11.24,12.09,677440
DRC,2017-12-13,12.09,12.21,11.74,11.79,244350
DRC,2017-12-14,11.79,12.29,11.69,12.19,534310
DRC,2017-12-15,12.21,12.39,11.99,12.07,408610
DRC,2017-12-18,12.07,12.26,12.04,12.04,460040
DRC,2017-12-19,12.04,12.24,11.97,12.07,579140
DRC,2017-12-20,12.09,12.81,11.99,12.39,1104300
DRC,2017-12-21,12.49,12.69,12.39,12.39,721960
DRC,2017-12-22,12.39,12.44,12.24,12.26,311210
DRC,2017-12-25,12.19,12.24,11.99,11.99,465060
DRC,2017-12-26,11.97,12.04,11.69,11.84,653170
DRC,2017-12-27,11.84,12.12,11.84,12.04,328930
DRC,2017-12-28,12.09,12.09,11.87,11.92,290860
DRC,2017-12-29,11.94,12.09,11.89,12.04,408670
DRC,2018-01-02,12.04,12.59,12.04,12.49,562640
DRC,2018-01-03,12.64,12.84,12.59,12.69,1029470
DRC,2018-01-04,12.89,13.14,12.74,12.74,1115040
DRC,2018-01-05,12.79,13.48,12.44,13.28,1368240
DRC,2018-01-08,13.23,13.93,13.23,13.73,777290
DRC,2018-01-09,13.68,13.93,13.38,13.91,1032400
DRC,2018-01-10,13.63,13.83,13.43,13.63,1055640
DRC,2018-01-11,13.53,13.73,13.21,13.68,802250
DRC,2018-01-12,13.73,13.81,13.26,13.28,690720
DRC,2018-01-15,13.23,14.2,13.23,14.2,1388590
DRC,2018-01-16,14.23,14.78,14.08,14.43,1670890
DRC,2018-01-17,14.18,14.53,13.93,14.03,626890
DRC,2018-01-18,13.58,13.93,13.43,13.91,928180
DRC,2018-01-19,13.93,14.43,13.73,13.93,483630
DRC,2018-01-22,13.73,14.01,13.53,13.73,505960
DRC,2018-01-23,13.73,13.73,13.73,13.73,0
DRC,2018-01-24,13.73,13.73,13.73,13.73,0
DRC,2018-01-25,12.94,13.68,12.94,13.18,1245200
DRC,2018-01-26,13.01,13.73,12.84,13.71,985410
DRC,2018-01-29,13.83,13.93,13.63,13.73,498060
DRC,2018-01-30,13.68,13.73,13.18,13.63,523140
DRC,2018-01-31,13.48,13.63,13.23,13.28,576610
DRC,2018-02-01,13.38,13.43,13.09,13.16,550590
DRC,2018-02-02,13.38,13.38,12.69,13.26,494930
DRC,2018-02-05,12.99,13.04,12.64,12.74,525670
DRC,2018-02-06,11.89,12.94,11.87,12.94,1133050
DRC,2018-02-07,12.94,13.01,12.54,13.01,260080
DRC,2018-02-08,13.01,13.04,12.69,13.01,174180
DRC,2018-02-09,12.24,12.99,12.24,12.89,156600
DRC,2018-02-12,13.04,13.33,12.84,13.33,259660
DRC,2018-02-13,13.38,13.38,13.04,13.33,82530
DRC,2018-02-21,13.43,13.58,12.94,13.33,204410
DRC,2018-02-22,13.18,13.33,12.99,13.01,168030
DRC,2018-02-23,13.01,13.09,12.94,13.09,197650
DRC,2018-02-26,13.18,13.43,12.84,12.94,371710
DRC,2018-02-27,12.94,12.99,12.69,12.86,305330
DRC,2018-02-28,12.86,12.89,12.49,12.74,283030
DRC,2018-03-01,12.49,12.49,12.19,12.24,425240
DRC,2018-03-02,11.99,12.29,11.89,12.29,260110
DRC,2018-03-05,12.29,12.34,12.14,12.29,189020
DRC,2018-03-06,12.29,12.31,12.09,12.29,94470
DRC,2018-03-07,12.29,13.14,12.14,13.14,710570
DRC,2018-03-08,13.33,13.53,13.18,13.33,585720
DRC,2018-03-09,13.38,13.93,13.18,13.88,974960
DRC,2018-03-12,13.68,14.18,13.48,13.48,593320
DRC,2018-03-13,13.48,13.88,13.48,13.88,383780
DRC,2018-03-14,13.93,13.96,13.63,13.96,636480
DRC,2018-03-15,13.96,13.98,13.83,13.98,470790
DRC,2018-03-16,13.78,14.6,13.78,14.3,552990
DRC,2018-03-19,14.58,14.58,13.83,13.83,522290
DRC,2018-03-20,13.83,14.18,13.43,13.98,384980
DRC,2018-03-21,13.98,14.25,13.93,14.16,573800
DRC,2018-03-22,14.18,14.18,13.88,14.08,340440
DRC,2018-03-23,13.73,14.55,13.73,14.55,1202910
DRC,2018-03-26,14.63,15.13,14.33,14.43,702280
DRC,2018-03-27,14.78,15.0,14.08,14.08,625150
DRC,2018-03-28,14.08,14.53,13.93,14.23,496450
DRC,2018-03-29,14.23,15.03,14.23,14.78,1042370
DRC,2018-03-30,14.78,14.93,14.23,14.93,508620
DRC,2018-04-02,14.98,15.62,14.93,15.37,1098290
DRC,2018-04-03,15.27,15.47,14.83,15.03,601120
DRC,2018-04-04,14.93,15.47,14.93,15.37,673320
DRC,2018-04-05,15.1,15.37,15.0,15.13,219390
DRC,2018-04-06,14.98,15.18,14.83,14.93,505150
DRC,2018-04-09,14.78,15.13,14.78,15.08,472890
DRC,2018-04-10,14.88,15.08,14.23,14.43,627550
DRC,2018-04-11,14.28,14.53,13.68,13.68,591160
DRC,2018-04-12,13.61,13.76,13.38,13.68,204780
DRC,2018-04-13,13.73,13.83,12.79,12.84,528910
DRC,2018-04-16,12.64,13.43,12.44,12.54,457870
DRC,2018-04-17,12.84,13.11,12.64,13.11,206700
DRC,2018-04-18,13.14,13.36,12.99,12.99,266600
DRC,2018-04-19,12.99,13.09,12.19,12.44,375860
DRC,2018-04-20,12.44,12.86,12.19,12.69,581740
DRC,2018-04-23,12.69,12.84,12.09,12.09,403150
DRC,2018-04-24,11.97,12.29,11.94,12.09,342830
DRC,2018-04-26,12.26,12.26,11.24,11.42,451550
DRC,2018-04-27,11.44,12.14,11.44,12.14,414990
DRC,2018-05-02,12.14,12.14,11.32,11.32,400120
DRC,2018-05-03,11.29,11.69,10.9,11.49,431210
DRC,2018-05-04,11.84,11.84,11.24,11.24,346090
DRC,2018-05-07,11.37,11.74,11.19,11.74,392290
DRC,2018-05-08,11.54,11.82,11.54,11.62,108910
DRC,2018-05-09,11.59,11.64,11.44,11.59,103060
DRC,2018-05-10,11.1,11.34,11.07,11.19,555120
DRC,2018-05-11,11.0,11.29,10.92,11.19,258570
DRC,2018-05-14,11.19,11.39,10.95,11.19,104250
DRC,2018-05-15,11.19,11.39,11.02,11.1,426540
DRC,2018-05-16,11.1,11.24,10.85,10.92,362190
DRC,2018-05-17,10.85,10.87,10.4,10.45,484230
DRC,2018-05-18,10.7,10.7,9.9,9.95,470130
DRC,2018-05-21,10.08,10.4,9.9,9.95,1103560
DRC,2018-05-22,9.95,10.2,9.93,9.93,405420
DRC,2018-05-23,9.93,10.6,9.8,10.6,361380
DRC,2018-05-24,10.7,10.7,10.05,10.05,408370
DRC,2018-05-25,10.05,10.45,9.7,9.9,604970
DRC,2018-05-28,9.53,9.8,9.38,9.8,409340
DRC,2018-05-29,9.8,10.32,9.8,10.32,281050
DRC,2018-05-30,10.32,10.32,10.0,10.1,168610
DRC,2018-05-31,9.98,10.5,9.98,10.45,544480
DRC,2018-06-01,10.4,10.4,10.0,10.25,572190
DRC,2018-06-04,10.4,10.55,10.25,10.52,768100
DRC,2018-06-05,10.52,10.75,10.5,10.65,467000
DRC,2018-06-06,10.72,11.14,10.6,11.14,434580
DRC,2018-06-07,11.24,11.69,11.19,11.69,639680
DRC,2018-06-08,11.54,11.59,11.34,11.54,325840
DRC,2018-06-11,11.49,11.54,11.19,11.44,692260
DRC,2018-06-12,11.24,11.39,10.82,11.17,613360
DRC,2018-06-13,11.17,11.94,11.17,11.89,580830
DRC,2018-06-14,11.92,12.14,11.79,11.84,328560
DRC,2018-06-15,11.84,11.97,11.59,11.84,377870
DRC,2018-06-18,11.94,11.94,11.19,11.44,584130
DRC,2018-06-19,11.44,11.89,11.24,11.79,341350
DRC,2018-06-20,11.79,11.89,11.59,11.84,268160
DRC,2018-06-21,11.69,11.79,11.44,11.49,156480
DRC,2018-06-22,11.49,11.82,11.39,11.59,539390
DRC,2018-06-25,11.85,12.06,11.85,12.03,208960
DRC,2018-06-26,11.85,12.85,11.85,12.55,413270
DRC,2018-06-27,12.55,12.67,12.37,12.37,553000
DRC,2018-06-28,12.37,12.37,12.18,12.31,95340
DRC,2018-06-29,12.24,12.42,12.11,12.16,93480
DRC,2018-07-02,12.16,12.16,11.59,12.0,231320
DRC,2018-07-03,12.0,12.06,11.33,11.49,461570
DRC,2018-07-04,11.77,11.8,11.44,11.49,315470
DRC,2018-07-05,11.44,11.59,11.1,11.44,209660
DRC,2018-07-06,11.18,11.75,11.18,11.49,412280
DRC,2018-07-09,11.7,11.7,11.03,11.18,323330
DRC,2018-07-10,11.18,11.44,11.13,11.33,180940
DRC,2018-07-11,11.33,11.33,11.0,11.21,108450
DRC,2018-07-12,11.23,11.7,11.08,11.44,153500
DRC,2018-07-13,11.44,11.62,11.44,11.57,76340
DRC,2018-07-16,11.64,12.26,11.33,12.06,231210
DRC,2018-07-17,12.06,12.26,11.85,12.21,516120
DRC,2018-07-18,12.24,12.62,12.24,12.62,757860
DRC,2018-07-19,12.78,12.88,12.52,12.73,468390
DRC,2018-07-20,12.52,12.62,12.34,12.52,342130
DRC,2018-07-23,12.52,12.52,12.21,12.21,202560
DRC,2018-07-24,12.11,12.11,11.49,11.8,182800
DRC,2018-07-25,11.9,11.9,11.67,11.75,76890
DRC,2018-07-26,11.7,12.06,11.7,12.06,106670
DRC,2018-07-27,12.06,12.67,11.9,12.37,368590
DRC,2018-07-30,12.37,12.83,12.37,12.67,175140
DRC,2018-07-31,12.52,12.7,12.52,12.65,127260
DRC,2018-08-01,12.47,12.57,12.26,12.31,204920
DRC,2018-08-02,12.55,12.55,12.16,12.26,76700
DRC,2018-08-03,12.26,12.57,12.26,12.31,167110
DRC,2018-08-06,12.42,12.42,12.16,12.31,52520
DRC,2018-08-07,12.44,12.44,12.0,12.08,198060
DRC,2018-08-08,12.08,12.11,11.95,12.08,137940
DRC,2018-08-09,12.0,12.21,11.98,12.08,257700
DRC,2018-08-10,12.08,12.08,11.85,11.85,112410
DRC,2018-08-13,11.85,12.06,11.75,11.85,173800
DRC,2018-08-14,11.85,12.31,11.85,12.29,188710
DRC,2018-08-15,12.11,12.37,12.06,12.29,277950
DRC,2018-08-16,12.21,12.7,12.06,12.6,470570
DRC,2018-08-17,12.67,12.67,12.47,12.47,287840
DRC,2018-08-20,12.62,12.62,12.31,12.47,140310
DRC,2018-08-21,12.47,13.32,12.37,13.32,1076740
DRC,2018-08-22,13.55,13.58,13.24,13.24,382190
DRC,2018-08-23,13.24,14.14,13.14,14.12,766550
DRC,2018-08-24,13.89,14.17,13.76,13.83,382750
DRC,2018-08-27,13.81,14.32,13.73,14.17,481860
DRC,2018-08-28,13.94,14.12,13.76,13.76,308600
DRC,2018-08-29,13.76,13.99,13.55,13.55,269350
DRC,2018-08-30,13.5,13.86,13.5,13.76,215850
DRC,2018-08-31,13.6,13.73,13.24,13.24,381350
DRC,2018-09-04,13.19,13.5,13.19,13.34,161970
DRC,2018-09-05,13.34,13.76,13.27,13.45,187630
DRC,2018-09-06,13.45,13.5,13.29,13.34,189850
DRC,2018-09-07,13.34,13.91,13.32,13.86,369420
DRC,2018-09-10,13.73,14.17,13.73,13.83,249170
DRC,2018-09-11,13.81,14.12,13.7,13.96,376500
DRC,2018-09-12,13.96,14.07,13.76,13.78,337240
DRC,2018-09-13,13.76,13.91,13.73,13.73,177450
DRC,2018-09-14,13.76,14.01,13.52,14.01,377400
DRC,2018-09-17,14.07,14.53,14.01,14.32,380260
DRC,2018-09-18,14.32,14.37,14.07,14.37,189140
DRC,2018-09-19,14.37,14.58,14.07,14.17,493340
DRC,2018-09-20,14.17,14.22,14.01,14.22,275380
DRC,2018-09-21,14.12,14.27,14.01,14.12,380390
DRC,2018-09-24,14.12,14.22,13.96,14.01,201900
DRC,2018-09-25,14.01,14.25,13.96,14.01,228940
DRC,2018-09-26,14.01,14.32,13.96,14.3,584860
DRC,2018-09-27,14.27,14.48,14.27,14.3,221460
DRC,2018-09-28,14.3,14.32,14.17,14.17,282130
DRC,2018-10-01,14.19,14.22,13.81,13.81,381840
DRC,2018-10-02,13.65,13.81,13.37,13.81,832080
DRC,2018-10-03,13.81,14.32,13.81,14.01,347570
DRC,2018-10-04,14.01,14.01,13.78,13.81,190980
DRC,2018-10-05,13.7,13.76,13.47,13.58,402070
DRC,2018-10-08,13.47,13.6,13.34,13.42,256920
DRC,2018-10-09,13.42,13.52,13.24,13.29,272170
DRC,2018-10-10,13.29,13.29,13.09,13.19,233870
DRC,2018-10-11,12.88,13.03,12.52,12.67,601080
DRC,2018-10-12,12.55,12.91,12.52,12.75,590190
DRC,2018-10-15,13.11,13.11,12.75,12.78,132290
DRC,2018-10-16,12.78,12.88,12.73,12.88,48260
DRC,2018-10-17,12.88,13.03,12.88,12.91,125500
DRC,2018-10-18,12.98,12.98,12.65,12.65,128880
DRC,2018-10-19,12.75,12.75,12.47,12.62,114840
DRC,2018-10-22,12.62,12.7,11.75,11.75,636790
DRC,2018-10-23,11.33,11.52,11.08,11.23,400470
DRC,2018-10-24,11.15,11.33,11.13,11.13,127430
DRC,2018-10-25,10.82,11.23,10.72,11.23,311940
DRC,2018-10-26,11.13,11.26,10.61,10.72,334070
DRC,2018-10-29,10.61,10.92,10.61,10.72,113090
DRC,2018-10-30,10.72,10.97,10.72,10.72,86210
DRC,2018-10-31,10.82,10.97,10.72,10.87,226350
DRC,2018-11-01,11.08,11.08,10.72,10.82,73150
DRC,2018-11-02,10.82,11.1,10.82,11.1,113190
DRC,2018-11-05,11.1,11.1,10.87,11.03,98080
DRC,2018-11-06,11.08,11.77,11.03,11.77,447490
DRC,2018-11-07,11.85,12.06,11.64,11.82,225100
DRC,2018-11-08,11.82,12.06,11.28,11.28,207870
DRC,2018-11-09,11.49,11.49,11.23,11.28,107170
DRC,2018-11-12,11.26,11.44,10.92,11.03,154990
DRC,2018-11-13,10.85,11.23,10.85,11.21,106340
DRC,2018-11-14,11.21,11.21,10.85,10.87,168990
DRC,2018-11-15,11.13,11.13,10.82,10.82,50160
DRC,2018-11-16,11.03,11.03,10.85,10.92,63500
DRC,2018-11-19,10.92,11.23,10.87,11.13,82080
DRC,2018-11-20,11.18,11.49,11.08,11.41,228390
DRC,2018-11-21,11.33,11.67,11.13,11.62,168510
DRC,2018-11-22,11.75,11.75,11.39,11.57,94880
DRC,2018-11-23,11.57,11.57,11.31,11.33,112200
DRC,2018-11-26,11.28,11.54,11.08,11.41,84420
DRC,2018-11-27,11.52,11.52,11.23,11.23,57330
DRC,2018-11-28,11.18,11.33,11.08,11.23,89570
DRC,2018-11-29,11.33,11.33,11.08,11.18,95520
DRC,2018-11-30,11.1,11.18,10.95,11.13,186890
DRC,2018-12-03,11.31,11.41,11.13,11.21,382200
DRC,2018-12-04,11.21,11.64,11.21,11.54,208780
DRC,2018-12-05,11.39,11.98,11.39,11.85,412430
DRC,2018-12-06,11.64,11.7,11.36,11.59,452350
DRC,2018-12-07,11.49,11.95,11.49,11.95,366330
DRC,2018-12-10,11.95,12.08,11.8,11.95,112080
DRC,2018-12-11,11.95,11.95,11.7,11.75,189530
DRC,2018-12-12,11.8,11.85,11.72,11.85,164830
DRC,2018-12-13,11.93,12.08,11.93,11.98,255280
DRC,2018-12-14,12.11,12.11,11.9,11.9,168450
DRC,2018-12-17,11.77,11.85,11.72,11.72,131920
DRC,2018-12-18,11.28,11.48,11.17,11.2,431410
DRC,2018-12-19,10.96,11.22,10.96,11.14,114200
DRC,2018-12-20,11.12,11.35,11.12,11.35,49000
DRC,2018-12-21,11.22,11.28,11.04,11.22,75260
DRC,2018-12-24,11.12,11.38,10.96,10.99,145990
DRC,2018-12-25,10.96,10.96,10.54,10.7,438600
DRC,2018-12-26,10.7,10.91,10.67,10.7,180030
DRC,2018-12-27,11.12,11.12,10.86,11.01,162540
DRC,2018-12-28,11.2,11.28,11.01,11.22,141260
DRC,2019-01-02,11.22,11.46,11.17,11.28,166710
DRC,2019-01-03,11.12,11.38,10.96,11.17,118140
DRC,2019-01-04,10.96,11.12,10.86,10.99,174400
DRC,2019-01-07,10.99,11.17,10.99,11.04,143270
DRC,2019-01-08,11.07,11.35,11.04,11.28,186440
DRC,2019-01-09,11.28,11.35,11.17,11.28,60090
DRC,2019-01-10,11.28,11.64,11.17,11.64,295930
DRC,2019-01-11,11.69,11.69,11.48,11.59,103680
DRC,2019-01-14,11.59,11.95,11.48,11.77,168870
DRC,2019-01-15,11.74,11.95,11.74,11.93,337060
DRC,2019-01-16,11.95,11.98,11.74,11.8,181970
DRC,2019-01-17,11.85,11.85,11.64,11.64,194170
DRC,2019-01-18,11.59,11.85,11.59,11.8,186360
DRC,2019-01-21,11.8,11.8,11.67,11.69,63540
DRC,2019-01-22,11.69,11.69,11.48,11.48,149150
DRC,2019-01-23,11.48,11.64,11.3,11.33,138410
DRC,2019-01-24,11.3,11.43,11.12,11.17,232950
DRC,2019-01-25,11.12,11.28,11.12,11.22,58070
DRC,2019-01-28,11.35,11.46,11.35,11.38,82290
DRC,2019-01-29,11.38,11.38,11.22,11.38,46570
DRC,2019-01-30,11.41,11.41,11.22,11.25,46150
DRC,2019-01-31,11.33,11.35,11.14,11.35,94310
DRC,2019-02-01,11.38,11.38,11.12,11.3,68760
DRC,2019-02-11,11.3,11.43,11.28,11.3,127800
DRC,2019-02-12,11.33,11.69,11.33,11.59,305080
DRC,2019-02-13,11.64,11.69,11.43,11.51,296830
DRC,2019-02-14,11.48,11.59,11.28,11.33,483650
DRC,2019-02-15,11.48,11.59,11.25,11.28,407290
DRC,2019-02-18,11.25,11.35,11.12,11.28,462200
DRC,2019-02-19,11.2,11.25,11.09,11.09,420710
DRC,2019-02-20,11.22,11.22,10.96,11.07,493460
DRC,2019-02-21,11.07,11.3,10.96,11.28,148710
DRC,2019-02-22,11.25,11.61,11.22,11.51,413510
DRC,2019-02-25,11.51,11.64,11.38,11.64,308700
DRC,2019-02-26,11.64,11.64,11.46,11.59,212810
DRC,2019-02-27,11.59,11.85,11.54,11.74,346200
DRC,2019-02-28,11.8,11.82,11.48,11.59,467760
DRC,2019-03-01,11.59,11.74,11.48,11.64,132110
DRC,2019-03-04,11.64,11.95,11.64,11.9,437090
DRC,2019-03-05,11.9,12.32,11.9,12.08,993280
DRC,2019-03-06,12.08,12.35,11.85,12.11,669740
DRC,2019-03-07,12.11,12.16,11.85,11.85,343560
DRC,2019-03-08,11.69,11.8,11.59,11.67,637980
DRC,2019-03-11,11.77,11.8,11.61,11.74,239190
DRC,2019-03-12,11.85,12.55,11.85,12.55,1807340
DRC,2019-03-13,12.76,12.89,12.48,12.5,841980
DRC,2019-03-14,12.53,12.87,12.4,12.58,567680
DRC,2019-03-15,12.66,12.89,12.45,12.74,675540
DRC,2019-03-18,12.84,13.02,12.61,12.92,714320
DRC,2019-03-19,12.95,12.95,12.37,12.37,476020
DRC,2019-03-20,12.27,12.68,12.21,12.63,519350
DRC,2019-03-21,12.79,12.79,12.11,12.11,679850
DRC,2019-03-22,12.11,12.27,11.93,12.01,400090
DRC,2019-03-25,11.85,11.9,11.54,11.54,643960
DRC,2019-03-26,11.74,11.74,11.48,11.54,247200
DRC,2019-03-27,11.54,11.77,11.51,11.59,212200
DRC,2019-03-28,11.56,11.61,11.48,11.59,173310
DRC,2019-03-29,11.59,11.82,11.59,11.67,201010
DRC,2019-04-01,11.74,11.8,11.61,11.61,191520
DRC,2019-04-02,11.69,11.8,11.54,11.61,322690
DRC,2019-04-03,11.61,11.61,11.43,11.51,378150
DRC,2019-04-04,11.51,11.61,11.48,11.51,295720
DRC,2019-04-05,11.51,11.51,11.17,11.2,1176280
DRC,2019-04-08,11.2,11.38,11.2,11.35,259310
DRC,2019-04-09,11.35,11.46,11.17,11.17,333320
DRC,2019-04-10,11.17,11.22,11.01,11.07,419570
DRC,2019-04-11,11.07,11.28,11.07,11.17,174820
DRC,2019-04-12,11.17,11.3,10.96,10.96,414580
DRC,2019-04-16,10.91,11.2,10.86,11.14,277160
DRC,2019-04-17,11.14,11.2,10.96,10.96,216300
DRC,2019-04-18,10.96,10.96,10.65,10.65,472470
DRC,2019-04-19,10.65,10.86,10.65,10.81,153740
DRC,2019-04-22,10.91,10.94,10.78,10.86,357510
DRC,2019-04-23,11.12,11.12,10.88,11.04,413690
DRC,2019-04-24,11.07,11.14,10.96,11.04,278340
DRC,2019-04-25,11.04,11.25,11.04,11.09,200990
DRC,2019-04-26,11.12,11.17,10.96,11.12,161100
DRC,2019-05-02,11.12,11.17,11.01,11.12,318030
DRC,2019-05-03,11.17,11.17,11.04,11.07,127520
DRC,2019-05-06,10.96,11.04,10.86,10.91,140660
DRC,2019-05-07,10.94,11.12,10.94,11.07,152400
DRC,2019-05-08,10.96,10.96,10.75,10.94,212360
DRC,2019-05-09,10.94,11.33,10.91,11.28,359660
DRC,2019-05-10,11.33,11.54,11.28,11.48,422530
DRC,2019-05-13,11.48,11.74,11.48,11.64,298550
DRC,2019-05-14,11.64,11.69,11.48,11.69,366810
DRC,2019-05-15,12.01,12.08,11.69,11.69,669810
DRC,2019-05-16,11.98,12.16,11.69,12.03,761450
DRC,2019-05-17,12.01,12.19,11.9,11.9,204470
DRC,2019-05-20,11.9,11.95,11.74,11.9,253210
DRC,2019-05-21,11.9,11.9,11.72,11.74,252660
DRC,2019-05-22,11.69,11.93,11.69,11.82,561350
DRC,2019-05-23,11.82,12.45,11.82,12.42,914090
DRC,2019-05-24,12.42,12.48,12.08,12.11,292560
DRC,2019-05-27,12.11,12.24,11.64,11.69,604520
DRC,2019-05-28,11.9,11.9,11.17,11.41,1214350
DRC,2019-05-29,11.33,11.38,11.14,11.22,417820
DRC,2019-05-30,11.22,11.36,11.2,11.22,284580
DRC,2019-05-31,11.22,11.22,10.85,10.85,340010
DRC,2019-06-03,10.74,10.74,10.42,10.42,680540
DRC,2019-06-04,10.31,10.47,10.1,10.15,413090
DRC,2019-06-05,10.31,10.44,10.31,10.31,168350
DRC,2019-06-06,10.31,10.63,10.2,10.52,301190
DRC,2019-06-07,10.58,10.61,10.39,10.44,235160
DRC,2019-06-10,10.52,10.63,10.44,10.58,186290
DRC,2019-06-11,10.58,10.58,10.44,10.55,125140
DRC,2019-06-12,10.58,10.58,10.31,10.34,121870
DRC,2019-06-13,10.36,10.47,10.31,10.34,180780
DRC,2019-06-14,10.34,10.42,10.26,10.34,152230
DRC,2019-06-17,10.39,10.39,10.1,10.12,269730
DRC,2019-06-18,10.15,10.15,9.77,9.8,333940
DRC,2019-06-19,9.8,9.91,9.75,9.77,478690
DRC,2019-06-20,9.72,10.1,9.64,9.96,345920
DRC,2019-06-21,9.93,10.1,9.88,9.93,128440
DRC,2019-06-24,9.93,9.93,9.67,9.72,274550
DRC,2019-06-25,9.77,9.83,9.69,9.83,142890
DRC,2019-06-26,9.88,10.04,9.83,10.01,168780
DRC,2019-06-27,9.99,10.04,9.83,9.83,182720
DRC,2019-06-28,9.77,9.88,9.77,9.88,64990
DRC,2019-07-01,9.88,10.04,9.85,9.96,168990
DRC,2019-07-02,10.04,10.04,9.85,9.99,193800
DRC,2019-07-03,9.93,10.01,9.91,9.93,70740
DRC,2019-07-04,9.93,10.31,9.91,10.18,346160
DRC,2019-07-05,10.2,10.2,10.1,10.15,139570
DRC,2019-07-08,10.15,10.15,9.99,9.99,41880
DRC,2019-07-09,10.1,10.36,9.99,10.26,276350
DRC,2019-07-10,10.31,10.36,10.23,10.26,120280
DRC,2019-07-11,10.26,10.42,10.18,10.42,201280
DRC,2019-07-12,10.42,10.52,10.34,10.34,165180
DRC,2019-07-15,10.23,10.39,10.23,10.26,115730
DRC,2019-07-16,10.26,10.31,10.15,10.18,112340
DRC,2019-07-17,10.2,10.55,10.2,10.52,517880
DRC,2019-07-18,10.61,10.74,10.52,10.52,408230
DRC,2019-07-19,10.52,10.85,10.52,10.66,373030
DRC,2019-07-22,10.69,10.82,10.63,10.74,152890
DRC,2019-07-23,10.74,10.74,10.63,10.66,81870
DRC,2019-07-24,10.58,10.66,10.52,10.61,163210
DRC,2019-07-25,10.61,10.61,10.39,10.39,172450
DRC,2019-07-26,10.47,10.52,10.36,10.39,57730
DRC,2019-07-29,10.36,10.39,10.2,10.2,118140
DRC,2019-07-30,10.31,10.69,10.26,10.58,231400
DRC,2019-07-31,10.55,10.66,10.47,10.66,101750
DRC,2019-08-01,10.66,10.66,10.36,10.36,62820
DRC,2019-08-02,10.47,10.63,10.34,10.47,78410
DRC,2019-08-05,10.47,10.58,10.42,10.5,76720
DRC,2019-08-06,10.42,10.42,10.26,10.31,143170
DRC,2019-08-07,10.31,10.55,10.31,10.42,306150
DRC,2019-08-08,10.36,10.52,10.31,10.47,145160
DRC,2019-08-09,10.47,11.06,10.47,10.98,679450
DRC,2019-08-12,11.06,11.06,10.93,11.06,290380
DRC,2019-08-13,10.9,11.06,10.85,11.06,239730
DRC,2019-08-14,11.06,11.49,10.95,11.25,1033750
DRC,2019-08-15,11.22,11.92,11.01,11.6,964060
DRC,2019-08-16,11.81,11.97,11.46,11.6,691210
DRC,2019-08-19,11.6,11.89,11.55,11.55,321340
DRC,2019-08-20,11.71,12.08,11.71,11.81,752970
DRC,2019-08-21,11.81,12.14,11.76,11.97,594540
DRC,2019-08-22,12.03,12.38,11.92,12.35,755040
DRC,2019-08-23,12.43,12.51,11.97,12.03,729840
DRC,2019-08-26,11.92,12.11,11.76,11.92,378580
DRC,2019-08-27,11.87,12.06,11.65,11.65,421530
DRC,2019-08-28,11.6,11.92,11.41,11.89,399700
DRC,2019-08-29,11.92,11.92,11.65,11.81,114580
DRC,2019-08-30,11.89,12.06,11.81,12.03,262290
DRC,2019-09-03,11.89,12.11,11.84,11.84,218460
DRC,2019-09-04,11.71,11.81,11.49,11.49,375740
DRC,2019-09-05,11.49,11.73,11.49,11.6,212240
DRC,2019-09-06,11.6,11.79,11.6,11.68,118980
DRC,2019-09-09,11.71,11.79,11.6,11.6,128150
DRC,2019-09-10,11.55,11.6,11.28,11.44,333360
DRC,2019-09-11,11.49,12.03,11.44,11.79,516960
DRC,2019-09-12,11.92,12.3,11.89,12.24,588920
DRC,2019-09-13,12.3,12.43,12.14,12.3,674140
DRC,2019-09-16,12.32,12.78,12.19,12.78,849390
DRC,2019-09-17,12.78,12.94,12.57,12.73,664940
DRC,2019-09-18,12.83,12.83,12.57,12.73,346800
DRC,2019-09-19,12.62,12.99,12.62,12.73,419470
DRC,2019-09-20,12.73,12.94,12.59,12.94,443310
DRC,2019-09-23,12.94,12.97,12.73,12.78,313340
DRC,2019-09-24,12.73,13.05,12.7,12.91,380400
DRC,2019-09-25,12.83,12.94,12.78,12.94,244840
DRC,2019-09-26,12.81,12.94,12.81,12.86,519250
DRC,2019-09-27,12.86,12.89,12.62,12.73,208360
DRC,2019-09-30,12.65,12.78,12.57,12.57,406890
DRC,2019-10-01,12.57,12.59,12.06,12.19,1065910
DRC,2019-10-02,12.19,12.43,12.14,12.4,260090
DRC,2019-10-03,12.3,12.78,12.3,12.43,348340
DRC,2019-10-04,12.62,12.83,12.59,12.75,628360
DRC,2019-10-07,12.89,13.02,12.51,12.51,408360
DRC,2019-10-08,12.67,12.78,12.51,12.59,195040
DRC,2019-10-09,12.59,12.62,12.4,12.62,202240
DRC,2019-10-10,12.51,12.67,12.43,12.67,215890
DRC,2019-10-11,12.67,12.99,12.67,12.89,602750
DRC,2019-10-14,12.89,12.99,12.81,12.86,173720
DRC,2019-10-15,12.89,13.26,12.86,13.13,983630
DRC,2019-10-16,13.29,13.29,13.05,13.05,586540
DRC,2019-10-17,13.05,13.26,13.05,13.16,551810
DRC,2019-10-18,13.05,13.18,12.94,13.05,260270
DRC,2019-10-21,12.91,13.02,12.62,12.62,524300
DRC,2019-10-22,12.57,12.86,12.57,12.75,281140
DRC,2019-10-23,12.75,12.78,12.62,12.7,228900
DRC,2019-10-24,12.65,12.89,12.62,12.83,223150
DRC,2019-10-25,12.83,12.86,12.67,12.67,186530
DRC,2019-10-28,12.67,12.94,12.67,12.78,176940
DRC,2019-10-29,12.78,12.81,12.7,12.7,211840
DRC,2019-10-30,12.7,12.86,12.7,12.78,189520
DRC,2019-10-31,12.75,12.81,12.24,12.3,847880
DRC,2019-11-01,12.16,12.48,12.16,12.48,174160
DRC,2019-11-04,12.51,12.51,12.16,12.19,899640
DRC,2019-11-05,12.19,12.4,12.16,12.22,227870
DRC,2019-11-06,12.3,12.32,12.22,12.27,303140
DRC,2019-11-07,12.22,12.4,12.19,12.3,231030
DRC,2019-11-08,12.35,12.62,12.27,12.27,427010
DRC,2019-11-11,12.48,12.48,12.16,12.16,247150
DRC,2019-11-12,12.16,12.43,12.16,12.38,438590
DRC,2019-11-13,12.38,12.46,12.19,12.22,203440
DRC,2019-11-14,12.22,12.35,12.14,12.14,217060
DRC,2019-11-15,12.16,12.19,11.97,12.14,148410
DRC,2019-11-18,12.14,12.27,12.08,12.11,178090
DRC,2019-11-19,12.24,12.4,12.14,12.4,340000
DRC,2019-11-20,12.38,12.57,12.35,12.51,430240
DRC,2019-11-21,12.51,12.51,12.35,12.4,222280
DRC,2019-11-22,12.48,12.48,12.16,12.19,226600
DRC,2019-11-25,12.19,12.35,12.19,12.35,266710
DRC,2019-11-26,12.46,12.46,12.3,12.4,145480
DRC,2019-11-27,12.35,12.38,12.3,12.32,178790
DRC,2019-11-28,12.3,12.3,12.06,12.19,324250
DRC,2019-11-29,12.14,12.3,12.14,12.24,60260
DRC,2019-12-02,12.24,12.24,11.87,11.97,256000
DRC,2019-12-03,11.97,12.24,11.87,12.24,283530
DRC,2019-12-04,12.24,12.32,12.06,12.3,132910
DRC,2019-12-05,12.27,12.3,12.14,12.24,85720
DRC,2019-12-06,12.24,12.32,12.16,12.24,142580
DRC,2019-12-09,12.43,12.79,12.38,12.79,932360
DRC,2019-12-10,12.87,13.15,12.79,12.93,814550
DRC,2019-12-11,12.93,12.93,12.63,12.85,331580
DRC,2019-12-12,12.76,13.29,12.71,12.87,390030
DRC,2019-12-13,13.07,13.07,12.6,12.6,369040
DRC,2019-12-16,12.71,12.79,12.57,12.63,169530
DRC,2019-12-17,12.6,12.6,12.33,12.41,454890
DRC,2019-12-18,12.38,12.63,12.35,12.54,142010
DRC,2019-12-19,12.54,12.54,12.33,12.33,113990
DRC,2019-12-20,12.43,12.46,12.33,12.41,101390
DRC,2019-12-23,12.35,12.46,12.35,12.41,115460
DRC,2019-12-24,12.41,12.71,12.33,12.68,356770
DRC,2019-12-25,12.85,12.85,12.68,12.68,194070
DRC,2019-12-26,12.65,12.71,12.57,12.68,133990
DRC,2019-12-27,12.63,12.74,12.54,12.74,235380
DRC,2019-12-30,12.85,13.04,12.68,12.87,546540
DRC,2019-12-31,12.9,12.9,12.65,12.79,113160
DRC,2020-01-02,12.79,13.23,12.74,13.23,616620
DRC,2020-01-03,13.29,13.4,12.96,12.96,316560
DRC,2020-01-06,13.07,13.37,12.85,13.31,789060
DRC,2020-01-07,13.4,13.89,13.29,13.7,1220030
DRC,2020-01-08,13.62,13.75,13.26,13.34,767410
DRC,2020-01-09,13.7,13.94,13.59,13.83,1004770
DRC,2020-01-10,13.83,14.11,13.56,13.73,800060
DRC,2020-01-13,13.73,13.89,13.48,13.56,406620
DRC,2020-01-14,13.53,14.08,13.53,13.67,621030
DRC,2020-01-15,13.67,13.89,13.62,13.62,417530
DRC,2020-01-16,13.7,14.44,13.64,14.41,1276220
DRC,2020-01-17,14.41,14.49,14.05,14.25,746440
DRC,2020-01-20,14.33,14.33,13.97,13.97,466920
DRC,2020-01-21,14.0,14.27,13.89,14.27,459280
DRC,2020-01-22,14.05,14.69,14.05,14.3,469760
DRC,2020-01-30,13.92,14.16,13.45,13.56,737980
DRC,2020-01-31,13.45,13.73,12.63,12.63,854650
DRC,2020-02-03,12.24,12.82,11.94,12.57,1189140
DRC,2020-02-04,12.57,12.85,12.35,12.35,487330
DRC,2020-02-05,12.63,12.79,12.46,12.49,461550
DRC,2020-02-06,12.63,13.07,12.57,13.07,432960
DRC,2020-02-07,13.18,13.18,12.87,12.96,366340
DRC,2020-02-10,12.63,12.9,12.57,12.68,231320
DRC,2020-02-11,12.68,13.01,12.68,12.82,269180
DRC,2020-02-12,12.96,13.34,12.85,13.12,498190
DRC,2020-02-13,13.12,13.34,13.04,13.04,272010
DRC,2020-02-14,13.01,13.2,12.82,13.07,287530
DRC,2020-02-17,13.07,13.07,12.65,12.65,527690
DRC,2020-02-18,12.65,12.85,12.65,12.79,355850
DRC,2020-02-19,12.79,13.15,12.68,13.04,444270
DRC,2020-02-20,13.04,13.18,12.71,13.01,349110
DRC,2020-02-21,13.01,13.01,12.79,12.79,215010
DRC,2020-02-24,12.52,12.6,12.27,12.3,895970
DRC,2020-02-25,12.24,12.52,12.24,12.52,237350
DRC,2020-02-26,12.35,12.49,12.3,12.43,222040
DRC,2020-02-27,12.41,12.79,12.35,12.79,303350
DRC,2020-02-28,12.33,12.63,12.24,12.33,329010
DRC,2020-03-02,12.27,12.38,12.13,12.16,265100
DRC,2020-03-03,12.46,12.46,12.16,12.22,154490
DRC,2020-03-04,12.16,12.22,12.02,12.08,312680
DRC,2020-03-05,12.16,12.3,12.11,12.16,198440
DRC,2020-03-06,12.08,12.3,12.02,12.3,202070
DRC,2020-03-09,11.47,12.02,11.45,11.45,1154240
DRC,2020-03-10,10.98,11.69,10.98,11.53,446900
DRC,2020-03-11,11.72,11.72,10.73,10.82,509700
DRC,2020-03-12,10.16,10.35,10.07,10.1,872680
DRC,2020-03-13,9.5,10.24,9.5,9.8,570520
DRC,2020-03-16,9.69,10.27,9.69,9.96,567370
DRC,2020-03-17,9.88,10.21,9.69,10.21,274820
DRC,2020-03-18,10.21,10.32,9.88,10.05,286810
DRC,2020-03-19,9.88,9.96,9.66,9.74,299220
DRC,2020-03-20,9.88,10.02,9.72,9.88,420520
DRC,2020-03-23,9.58,9.61,9.2,9.2,501740
DRC,2020-03-24,9.2,9.31,8.89,9.2,273530
DRC,2020-03-25,9.47,9.55,9.36,9.5,305600
DRC,2020-03-26,9.5,9.5,9.09,9.11,338030
DRC,2020-03-27,9.22,9.28,9.06,9.11,203570
DRC,2020-03-30,8.89,8.89,8.48,8.48,509100
DRC,2020-03-31,8.78,8.78,7.99,7.99,403580
DRC,2020-04-01,7.99,8.37,7.99,8.18,184560
DRC,2020-04-03,8.24,8.51,8.24,8.51,505810
DRC,2020-04-06,8.51,9.09,8.51,9.09,454460
DRC,2020-04-07,9.28,9.33,9.06,9.17,352190
DRC,2020-04-08,9.06,9.06,8.7,8.92,383420
DRC,2020-04-09,9.06,9.53,8.98,9.53,564670
DRC,2020-04-10,9.55,9.55,9.28,9.5,385770
DRC,2020-04-13,9.5,9.61,9.28,9.39,219710
DRC,2020-04-14,9.39,9.55,9.11,9.39,445170
DRC,2020-04-15,9.39,9.99,9.33,9.85,565230
DRC,2020-04-16,9.83,10.21,9.8,10.16,471140
DRC,2020-04-17,10.27,10.32,9.99,10.18,527970
DRC,2020-04-20,10.18,10.68,10.18,10.4,1066950
DRC,2020-04-21,9.99,10.4,9.69,9.69,1168550
DRC,2020-04-22,9.69,10.24,9.69,10.21,628870
DRC,2020-04-23,10.54,10.65,10.27,10.49,1026840
DRC,2020-04-24,10.32,10.46,10.24,10.35,631080
DRC,2020-04-27,10.43,10.49,10.1,10.18,584390
DRC,2020-04-28,10.18,10.18,9.91,10.13,530050
DRC,2020-04-29,10.02,10.62,10.02,10.57,1050510
DRC,2020-05-04,10.43,11.2,10.32,10.87,1257370
DRC,2020-05-05,10.87,10.95,10.43,10.82,430680
DRC,2020-05-06,10.87,11.2,10.76,10.98,901360
DRC,2020-05-07,10.84,11.12,10.82,10.95,939800
DRC,2020-05-08,10.95,10.95,10.6,10.65,1802400
DRC,2020-05-11,10.73,10.9,10.57,10.87,596190
DRC,2020-05-12,10.87,11.12,10.76,11.03,576880
DRC,2020-05-13,10.87,11.06,10.79,10.82,885270
DRC,2020-05-14,10.71,10.79,10.6,10.65,616150
DRC,2020-05-15,10.65,10.82,10.4,10.4,631940
DRC,2020-05-18,10.38,10.4,10.18,10.38,490960
DRC,2020-05-19,10.49,10.57,10.38,10.43,565710
DRC,2020-05-20,10.49,10.51,10.32,10.4,207580
DRC,2020-05-21,10.43,10.68,10.38,10.54,491030
DRC,2020-05-22,10.54,10.57,10.35,10.38,503130
DRC,2020-05-25,10.51,10.65,10.32,10.65,706890
DRC,2020-05-26,10.76,11.36,10.76,11.36,1946620
DRC,2020-05-27,11.39,11.42,11.03,11.03,716030
DRC,2020-05-28,11.03,11.2,10.84,10.93,520500
DRC,2020-05-29,10.9,10.9,10.73,10.84,742080
DRC,2020-06-01,10.9,11.17,10.87,11.06,463680
DRC,2020-06-02,11.23,11.23,10.82,10.82,668710
DRC,2020-06-03,10.82,10.95,10.82,10.87,287830
DRC,2020-06-04,10.87,10.93,10.76,10.76,436820
DRC,2020-06-05,10.76,10.87,10.71,10.84,414300
DRC,2020-06-08,10.95,11.17,10.84,10.95,997750
DRC,2020-06-09,10.95,11.23,10.9,11.09,1223720
DRC,2020-06-10,11.09,11.53,10.93,11.47,1592850
DRC,2020-06-11,11.47,11.75,10.98,10.98,1402310
DRC,2020-06-12,10.43,10.82,10.43,10.71,751580
DRC,2020-06-15,10.71,10.98,9.99,10.1,1211440
DRC,2020-06-16,10.21,10.43,10.18,10.4,532880
DRC,2020-06-17,10.49,10.49,10.32,10.46,287520
DRC,2020-06-18,10.32,10.71,10.29,10.68,186040
DRC,2020-06-19,10.68,10.68,10.51,10.62,124810
DRC,2020-06-22,10.95,10.98,10.6,10.95,778320
DRC,2020-06-23,10.87,11.09,10.71,10.87,473250
DRC,2020-06-24,10.73,10.93,10.68,10.71,198470
DRC,2020-06-25,10.54,10.82,10.54,10.65,646830
DRC,2020-06-26,10.71,10.82,10.57,10.6,224400
DRC,2020-06-29,10.51,10.54,10.16,10.18,431650
DRC,2020-06-30,10.21,10.38,9.72,9.77,605100
DRC,2020-07-01,9.88,10.21,9.83,10.05,307650
DRC,2020-07-02,10.05,10.24,10.05,10.07,175960
DRC,2020-07-03,10.1,10.29,10.1,10.18,190580
DRC,2020-07-06,10.32,10.32,10.05,10.18,245610
DRC,2020-07-07,10.21,10.35,10.18,10.21,341820
DRC,2020-07-08,10.21,10.4,10.21,10.35,154400
DRC,2020-07-09,10.43,10.49,10.24,10.29,420970
DRC,2020-07-10,10.38,10.49,10.29,10.4,461380
DRC,2020-07-13,10.4,10.49,10.29,10.32,272430
DRC,2020-07-14,10.4,10.46,10.27,10.43,235430
DRC,2020-07-15,10.43,10.51,10.38,10.43,274350
DRC,2020-07-16,10.6,10.72,10.14,10.26,1234310
DRC,2020-07-17,10.26,10.49,10.26,10.4,194930
DRC,2020-07-20,10.46,10.46,10.31,10.34,174330
DRC,2020-07-21,10.31,10.34,10.11,10.11,383060
DRC,2020-07-22,10.11,10.17,10.03,10.03,317950
DRC,2020-07-23,10.0,10.03,9.76,9.82,520100
DRC,2020-07-24,9.76,9.82,9.27,9.33,752170
DRC,2020-07-27,8.87,9.04,8.69,8.69,1015450
DRC,2020-07-28,8.69,9.07,8.69,9.04,376210
DRC,2020-07-29,8.98,8.98,8.52,8.69,402550
DRC,2020-07-30,8.75,8.9,8.75,8.84,283940
DRC,2020-07-31,8.81,8.81,8.69,8.75,169250
DRC,2020-08-03,8.81,9.04,8.69,9.04,463880
DRC,2020-08-04,9.21,9.33,9.1,9.16,461110
DRC,2020-08-05,9.1,9.36,9.07,9.36,408730
DRC,2020-08-06,9.27,9.42,9.21,9.24,195470
DRC,2020-08-07,9.24,9.24,9.04,9.13,472200
DRC,2020-08-10,9.16,9.5,9.16,9.45,359080
DRC,2020-08-11,9.45,9.53,9.42,9.47,339130
DRC,2020-08-12,9.47,9.71,9.45,9.71,427840
DRC,2020-08-13,9.68,9.82,9.56,9.68,309500
DRC,2020-08-14,9.68,9.68,9.33,9.36,765610
DRC,2020-08-17,9.36,9.47,9.27,9.47,280760
DRC,2020-08-18,9.47,9.76,9.47,9.71,617130
DRC,2020-08-19,9.65,9.71,9.62,9.68,358000
DRC,2020-08-20,9.65,9.74,9.56,9.56,277490
DRC,2020-08-21,9.65,9.65,9.53,9.59,367620
DRC,2020-08-24,9.74,9.82,9.65,9.71,448230
DRC,2020-08-25,9.79,10.08,9.79,10.03,1190510
DRC,2020-08-26,10.0,10.14,9.94,9.94,429030
DRC,2020-08-27,9.94,10.0,9.88,9.97,291690
DRC,2020-08-28,9.97,10.08,9.88,9.97,726750
DRC,2020-08-31,9.97,10.03,9.79,9.85,519550
DRC,2020-09-01,9.85,10.17,9.82,10.17,796280
DRC,2020-09-03,10.23,10.4,10.2,10.2,692910
DRC,2020-09-04,10.03,10.14,9.97,10.11,322220
DRC,2020-09-07,10.2,10.29,10.05,10.05,618680
DRC,2020-09-08,10.08,10.26,10.05,10.2,681830
DRC,2020-09-09,10.14,10.6,10.08,10.6,1775540
DRC,2020-09-10,10.66,10.87,10.66,10.75,921380
DRC,2020-09-11,10.78,10.84,10.66,10.75,439440
DRC,2020-09-14,10.75,10.87,10.72,10.72,1032840
DRC,2020-09-15,10.81,11.18,10.81,11.01,1879560
DRC,2020-09-16,11.07,11.18,10.92,11.16,770140
DRC,2020-09-17,11.16,11.59,11.16,11.33,1314200
DRC,2020-09-18,11.33,11.47,11.21,11.36,593430
DRC,2020-09-21,11.36,11.42,11.21,11.24,1033250
DRC,2020-09-22,11.13,11.24,11.07,11.07,998710
DRC,2020-09-23,11.1,11.3,11.1,11.13,376400
DRC,2020-09-24,11.13,11.36,11.07,11.18,792190
DRC,2020-09-25,11.21,11.24,11.04,11.1,752440
DRC,2020-09-28,11.16,11.27,11.07,11.21,553650
DRC,2020-09-29,11.65,11.88,11.36,11.36,2861280
DRC,2020-09-30,11.42,12.14,11.36,12.14,3253920
DRC,2020-10-01,12.17,12.37,12.08,12.2,850440
DRC,2020-10-02,12.29,12.29,11.59,11.94,1682350
DRC,2020-10-05,11.88,12.4,11.88,12.08,1293770
DRC,2020-10-06,12.23,12.29,11.94,11.94,1448890
DRC,2020-10-07,11.88,12.05,11.71,11.73,953180
DRC,2020-10-08,11.73,11.85,11.53,11.59,1289900
DRC,2020-10-09,11.59,11.71,11.42,11.59,768630
DRC,2020-10-12,11.82,11.82,11.42,11.42,999590
DRC,2020-10-13,11.47,11.5,11.36,11.42,595380
DRC,2020-10-14,11.44,11.44,11.18,11.21,1373620
DRC,2020-10-15,11.16,11.36,11.16,11.27,774620
DRC,2020-10-16,11.27,11.68,11.21,11.42,701780
DRC,2020-10-19,11.47,11.82,11.39,11.71,957430
DRC,2020-10-20,11.71,11.94,11.65,11.76,978000
DRC,2020-10-21,11.68,11.82,11.53,11.56,639420
DRC,2020-10-22,11.47,11.56,11.3,11.56,668220
DRC,2020-10-23,11.56,11.59,11.44,11.44,363470
DRC,2020-10-26,11.53,11.76,11.39,11.53,1422380
DRC,2020-10-27,11.65,11.71,11.16,11.24,1220590
DRC,2020-10-28,11.24,11.33,10.87,10.89,1015260
DRC,2020-10-29,10.75,10.89,10.34,10.89,1047070
DRC,2020-10-30,10.89,11.01,10.69,10.87,612030
DRC,2020-11-02,10.87,11.01,10.72,10.84,478150
DRC,2020-11-03,11.07,11.07,10.89,11.01,486540
DRC,2020-11-04,11.18,11.44,11.07,11.42,665920
DRC,2020-11-05,11.36,11.44,11.18,11.36,611130
DRC,2020-11-06,11.24,11.3,11.01,11.21,487440
DRC,2020-11-09,11.21,11.71,11.18,11.71,1819060
DRC,2020-11-10,11.88,11.91,11.68,11.71,781950
DRC,2020-11-11,11.71,11.88,11.68,11.82,708210
DRC,2020-11-12,11.82,11.85,11.68,11.79,569830
DRC,2020-11-13,11.79,12.14,11.79,11.91,2293060
DRC,2020-11-16,12.0,12.0,11.65,11.68,947880
DRC,2020-11-17,11.65,11.85,11.65,11.85,689690
DRC,2020-11-18,11.91,11.94,11.73,11.91,915860
DRC,2020-11-19,12.0,12.29,12.0,12.11,2484680
DRC,2020-11-20,12.29,12.29,12.0,12.08,599750
DRC,2020-11-23,12.17,12.29,11.99,12.11,740160
DRC,2020-11-24,12.11,12.17,11.85,12.02,1429340
DRC,2020-11-25,12.02,12.32,12.02,12.23,1542880
DRC,2020-11-26,12.26,12.65,12.26,12.53,1876940
DRC,2020-11-27,12.59,12.65,12.47,12.56,677270
DRC,2020-11-30,12.56,12.59,12.32,12.35,728570
DRC,2020-12-01,12.05,12.32,12.05,12.26,1380170
DRC,2020-12-02,12.29,12.5,12.26,12.44,1122910
DRC,2020-12-03,12.53,12.88,12.5,12.77,1694790
DRC,2020-12-04,12.79,12.85,12.56,12.59,1096820
DRC,2020-12-07,12.59,12.77,12.47,12.47,1077940
DRC,2020-12-08,12.62,12.65,12.35,12.44,1941170
DRC,2020-12-09,12.47,12.82,12.47,12.56,2283810
DRC,2020-12-10,12.56,12.74,12.53,12.53,1638930
DRC,2020-12-11,12.59,13.0,12.59,12.91,1920860
DRC,2020-12-14,12.97,13.42,12.94,13.3,1440340
DRC,2020-12-15,13.39,13.39,13.03,13.18,1887860
DRC,2020-12-16,13.12,13.24,12.94,13.12,1579150
DRC,2020-12-17,12.94,13.42,12.94,13.15,1314440
DRC,2020-12-18,13.3,13.3,13.12,13.21,1044750
DRC,2020-12-21,13.21,13.83,13.21,13.57,2074720
DRC,2020-12-22,13.54,13.74,13.3,13.63,1062720
DRC,2020-12-23,13.66,13.72,13.39,13.39,1131920
DRC,2020-12-24,13.48,13.48,12.65,13.03,1346000
DRC,2020-12-25,13.03,13.3,12.82,13.24,1000770
DRC,2020-12-28,13.48,13.48,13.09,13.24,957370
DRC,2020-12-29,13.3,13.66,13.24,13.48,1489420
DRC,2020-12-30,13.48,13.95,13.36,13.6,1059300
DRC,2020-12-31,13.6,13.77,13.54,13.63,506150
DRC,2021-01-04,13.77,13.95,13.6,13.66,1379200
DRC,2021-01-05,13.66,13.66,13.51,13.63,1314700
DRC,2021-01-06,13.92,13.92,13.51,13.54,931600
DRC,2021-01-07,13.54,13.66,13.45,13.48,856600
DRC,2021-01-08,13.72,13.86,13.6,13.77,1667500
DRC,2021-01-11,13.83,14.72,13.83,14.72,2345100
DRC,2021-01-12,15.02,15.44,14.84,15.14,1747600
DRC,2021-01-13,15.02,15.32,14.78,14.9,1490100
DRC,2021-01-14,14.78,14.93,14.49,14.9,1417700
DRC,2021-01-15,14.93,15.05,14.72,14.72,938600
DRC,2021-01-18,14.96,15.2,14.9,14.99,1566700
DRC,2021-01-19,15.02,15.14,13.95,14.04,1547900
DRC,2021-01-20,14.25,14.31,13.18,14.01,930000
DRC,2021-01-21,14.37,14.55,14.19,14.52,996200
DRC,2021-01-22,14.67,15.53,14.61,15.53,4101500
DRC,2021-01-25,15.88,16.59,15.88,16.59,3867000
DRC,2021-01-26,16.86,17.57,16.15,17.04,3677800
DRC,2021-01-27,16.62,16.92,15.85,16.39,2298300
DRC,2021-01-28,15.32,15.85,15.26,15.26,3133600
DRC,2021-01-29,14.9,16.03,14.49,15.44,2625800
DRC,2021-02-01,15.44,15.85,14.37,14.37,3684500
DRC,2021-02-02,14.37,15.14,13.95,14.96,1853300
DRC,2021-02-03,15.38,15.7,14.96,15.44,1823200
DRC,2021-02-04,15.38,16.33,15.14,16.03,2990000
DRC,2021-02-05,16.3,16.74,16.09,16.33,1732100
DRC,2021-02-08,16.33,16.51,15.23,15.91,2039600
DRC,2021-02-09,15.73,15.97,15.32,15.76,1772200
DRC,2021-02-17,15.85,16.3,15.79,16.24,1612900
DRC,2021-02-18,16.27,17.13,16.06,17.01,3362700
DRC,2021-02-19,16.74,17.37,16.68,17.01,2541000
DRC,2021-02-22,16.98,17.22,16.62,16.89,1619600
DRC,2021-02-23,16.86,17.07,16.62,16.83,2089200
DRC,2021-02-24,16.98,17.46,16.51,16.74,2467500
DRC,2021-02-25,16.74,16.98,16.24,16.57,2048000
DRC,2021-02-26,16.33,16.51,16.24,16.45,1948000
DRC,2021-03-01,16.51,16.98,16.45,16.98,2080800
DRC,2021-03-02,17.13,17.22,16.8,16.86,1615900
DRC,2021-03-03,16.86,16.86,16.62,16.68,1355100
DRC,2021-03-04,16.68,16.77,15.85,16.09,2551500
DRC,2021-03-05,15.85,16.03,15.56,15.97,2227300
DRC,2021-03-08,16.24,16.3,15.97,16.12,1480000
DRC,2021-03-09,16.09,16.12,15.67,16.03,1618400
DRC,2021-03-10,16.03,16.03,15.67,15.91,1246800
DRC,2021-03-11,16.12,16.77,15.94,16.74,2521600
DRC,2021-03-12,16.74,16.8,16.39,16.51,995400
DRC,2021-03-15,16.62,16.62,16.39,16.54,919400
DRC,2021-03-16,16.57,16.57,16.09,16.39,1253400
DRC,2021-03-17,16.39,16.45,16.15,16.3,1038900
DRC,2021-03-18,16.39,17.04,16.39,16.95,4684100
DRC,2021-03-19,16.95,17.93,16.89,17.81,4753800
DRC,2021-03-22,17.81,18.32,17.57,17.63,2266100
DRC,2021-03-23,17.46,17.63,17.04,17.49,1885800
DRC,2021-03-24,16.92,17.22,16.51,16.62,1956200
DRC,2021-03-25,16.71,16.86,16.45,16.74,1682500
DRC,2021-03-26,16.62,17.04,16.09,16.8,1754300
DRC,2021-03-29,17.1,17.46,16.86,17.37,1863700
DRC,2021-03-30,17.34,17.34,16.98,17.16,941100
DRC,2021-03-31,17.1,17.22,16.8,17.1,729600
DRC,2021-04-01,17.16,17.75,17.1,17.6,2859500
DRC,2021-04-02,17.75,17.9,17.25,17.54,1303900
DRC,2021-04-05,17.54,17.54,17.07,17.25,1134000
DRC,2021-04-06,17.1,17.46,16.98,17.25,1695500
DRC,2021-04-07,17.22,17.63,17.1,17.52,1123700
DRC,2021-04-08,17.57,17.6,17.07,17.31,1526900
DRC,2021-04-09,17.28,17.31,17.04,17.22,1843600
DRC,2021-04-12,17.22,17.31,16.92,17.22,1903000
DRC,2021-04-13,17.52,17.52,16.74,16.8,1734400
DRC,2021-04-14,16.51,16.86,16.51,16.74,1378500
DRC,2021-04-15,16.92,16.92,16.39,16.45,1597900
DRC,2021-04-16,16.33,16.62,15.85,16.33,1403300
DRC,2021-04-19,16.51,16.62,16.24,16.51,860200
DRC,2021-04-20,16.74,16.8,16.24,16.42,1128200
DRC,2021-04-22,16.33,16.33,15.67,15.67,1196500
DRC,2021-04-23,15.67,16.03,15.2,16.03,1221200
DRC,2021-04-26,16.09,16.15,15.59,15.62,647600
DRC,2021-04-27,15.44,15.91,15.32,15.56,640600
DRC,2021-04-28,15.62,15.88,15.62,15.7,482000
DRC,2021-04-29,15.79,15.91,15.56,15.64,393200
DRC,2021-05-04,15.44,15.62,15.26,15.44,633700
DRC,2021-05-05,15.32,15.88,15.32,15.73,954100
DRC,2021-05-06,15.73,16.3,15.73,16.03,1125700
DRC,2021-05-07,15.76,16.0,15.62,15.7,609500
DRC,2021-05-10,15.67,15.97,15.56,15.82,751000
DRC,2021-05-11,15.94,16.57,15.94,16.09,1976300
DRC,2021-05-12,16.09,16.57,16.09,16.39,1096700
DRC,2021-05-13,16.33,16.62,16.15,16.15,1259100
DRC,2021-05-14,16.18,16.3,16.03,16.21,830700
DRC,2021-05-17,16.24,16.33,15.79,15.91,963100
DRC,2021-05-18,15.79,15.91,15.47,15.56,1186500
DRC,2021-05-19,15.56,15.94,15.56,15.88,750200
DRC,2021-05-20,15.88,16.33,15.82,16.27,1067400
DRC,2021-05-21,16.27,16.57,16.18,16.27,1105600
DRC,2021-05-24,16.57,16.92,16.36,16.8,3487700
DRC,2021-05-25,16.92,16.98,16.62,16.71,1490300
DRC,2021-05-26,16.42,16.62,16.36,16.42,1365600
DRC,2021-05-27,16.39,16.8,16.06,16.33,1525300
DRC,2021-05-28,16.54,16.57,16.21,16.42,980600
DRC,2021-05-31,16.45,16.51,16.27,16.39,797100
DRC,2021-06-01,16.42,16.45,16.15,16.15,1088700
DRC,2021-06-02,16.06,16.39,16.03,16.36,1452800
DRC,2021-06-03,16.57,17.16,16.51,17.01,2488200
DRC,2021-06-04,16.95,17.4,16.95,17.16,2204500
DRC,2021-06-07,17.22,17.4,16.61,16.79,1488000
DRC,2021-06-08,16.61,16.91,15.99,15.99,1752300
DRC,2021-06-09,16.05,16.45,15.87,16.27,1669400
DRC,2021-06-10,16.08,16.45,15.96,16.42,1037700
DRC,2021-06-11,16.48,16.88,16.3,16.64,1881000
DRC,2021-06-14,16.73,16.91,16.48,16.79,1481300
DRC,2021-06-15,16.79,17.96,16.79,17.96,6252200
DRC,2021-06-16,18.45,18.63,17.96,17.96,2396800
DRC,2021-06-17,17.84,19.07,17.65,18.94,3255400
DRC,2021-06-18,18.94,19.37,18.42,18.63,2890000
DRC,2021-06-21,18.45,19.31,18.27,18.73,3442500
DRC,2021-06-22,18.76,19.07,17.99,18.08,2796400
DRC,2021-06-23,18.14,18.76,17.59,18.7,4039300
DRC,2021-06-24,18.94,19.0,18.2,18.42,2511900
DRC,2021-06-25,18.45,18.7,18.27,18.33,1229300
DRC,2021-06-28,18.39,18.94,18.36,18.7,2738100
DRC,2021-06-29,18.82,19.0,18.33,18.73,2415500
DRC,2021-06-30,18.82,18.88,18.51,18.6,1610400
DRC,2021-07-01,18.63,19.8,18.45,19.47,5373300
DRC,2021-07-02,19.31,19.5,19.13,19.19,1535900
DRC,2021-07-05,19.19,19.8,18.91,19.47,2592200
DRC,2021-07-06,19.47,19.8,18.11,18.11,3628800
DRC,2021-07-07,17.96,18.27,17.22,17.84,2604500
DRC,2021-07-08,17.84,17.87,17.1,17.16,4258900
DRC,2021-07-09,16.97,17.5,16.85,16.91,2267900
DRC,2021-07-12,16.91,17.1,15.9,16.48,2768600
DRC,2021-07-13,16.7,16.91,16.48,16.85,1290700
DRC,2021-07-14,16.97,16.97,16.05,16.54,915900
DRC,2021-07-15,16.48,17.04,16.48,16.91,880800
DRC,2021-07-16,16.94,17.53,16.85,17.25,1722800
DRC,2021-07-19,16.91,18.14,16.91,17.53,5215800
DRC,2021-07-20,17.65,17.96,17.34,17.65,1110100
DRC,2021-07-21,17.77,17.77,17.28,17.4,1281200
DRC,2021-07-22,17.47,17.99,17.34,17.9,2148700
DRC,2021-07-23,17.93,18.36,17.59,17.59,2791000
DRC,2021-07-26,17.53,18.27,17.5,18.2,2628200
DRC,2021-07-27,18.51,18.76,18.24,18.33,1952600
DRC,2021-07-28,18.14,18.45,17.96,18.08,1489200
DRC,2021-07-29,18.08,18.3,18.02,18.17,1288600
DRC,2021-07-30,18.27,18.73,18.17,18.42,2854000
DRC,2021-08-02,18.33,19.34,18.24,19.0,4393700
DRC,2021-08-03,19.07,19.31,18.76,19.07,2330600
DRC,2021-08-04,19.13,19.25,18.79,19.03,2132600
DRC,2021-08-05,19.03,20.36,18.85,20.36,6938800
DRC,2021-08-06,20.73,20.82,20.36,20.36,2879900
DRC,2021-08-09,20.3,21.16,20.17,20.97,2464400
DRC,2021-08-10,21.0,21.28,20.63,21.28,4471500
DRC,2021-08-11,21.31,21.89,20.54,20.54,4134300
DRC,2021-08-12,20.42,21.19,20.42,20.7,2452500
DRC,2021-08-13,20.6,21.03,19.99,21.03,3365100
DRC,2021-08-16,21.19,22.11,21.1,21.34,3919700
DRC,2021-08-17,21.4,21.4,20.73,21.1,2344900
DRC,2021-08-18,20.97,21.65,20.91,21.34,2161000
DRC,2021-08-19,21.34,21.8,21.22,21.74,2628200
DRC,2021-08-20,21.74,21.99,20.23,20.6,4514400
DRC,2021-08-23,20.54,20.54,19.19,19.19,4224200
DRC,2021-08-24,18.97,19.68,18.54,19.37,2900200
DRC,2021-08-25,19.43,19.86,19.19,19.86,1223700
DRC,2021-08-26,19.96,20.23,19.59,19.68,2626200
DRC,2021-08-27,19.37,20.91,19.19,20.91,3844000
DRC,2021-08-30,21.0,21.37,20.73,21.28,2843100
DRC,2021-08-31,21.28,21.71,20.97,21.34,3478000
DRC,2021-09-01,21.22,22.45,20.97,22.33,4358900
DRC,2021-09-06,22.63,22.69,22.26,22.29,2302400
DRC,2021-09-07,22.14,22.17,21.49,21.59,3098700
DRC,2021-09-08,21.46,21.59,20.91,21.16,2535600
DRC,2021-09-09,21.19,22.02,21.16,21.89,1542500
DRC,2021-09-10,21.96,21.96,21.53,21.65,1166500
DRC,2021-09-13,21.53,22.14,21.22,21.4,1805100
DRC,2021-09-14,21.22,21.65,21.0,21.1,1363000
DRC,2021-09-15,21.0,21.53,20.85,21.4,1578000
DRC,2021-09-16,21.43,21.77,21.1,21.53,1657300
DRC,2021-09-17,21.77,21.83,21.37,21.53,1870600
DRC,2021-09-20,21.53,21.56,20.3,20.3,3698400
DRC,2021-09-21,20.23,20.3,19.71,20.11,2443000
DRC,2021-09-22,20.17,20.91,20.05,20.76,1757500
DRC,2021-09-23,20.85,20.97,20.36,20.42,1306500
DRC,2021-09-24,20.42,20.6,19.99,19.99,1603100
DRC,2021-09-27,20.08,20.08,19.07,19.13,2438600
DRC,2021-09-28,19.07,19.53,18.82,19.34,1300300
DRC,2021-09-29,19.31,19.83,19.22,19.8,1228800
DRC,2021-09-30,19.8,20.11,19.74,19.8,905700
DRC,2021-10-01,19.68,19.86,19.37,19.56,977000
DRC,2021-10-04,19.5,20.3,19.25,20.08,1393300
DRC,2021-10-05,20.08,20.23,19.99,20.14,1096400
DRC,2021-10-06,20.17,20.76,20.17,20.73,1751900
DRC,2021-10-07,20.91,21.25,20.76,20.94,2479000
DRC,2021-10-08,20.94,21.06,20.42,20.48,1371600
DRC,2021-10-11,20.3,20.76,20.3,20.48,1296500
DRC,2021-10-12,20.48,20.6,20.3,20.36,1423900
DRC,2021-10-13,20.48,20.6,20.36,20.54,1133700
DRC,2021-10-14,20.73,21.28,20.6,21.16,2696000
DRC,2021-10-15,21.31,21.34,20.66,21.03,1400500
DRC,2021-10-18,20.6,20.79,19.8,19.8,4286900
DRC,2021-10-19,19.83,19.83,19.37,19.56,2137000
DRC,2021-10-20,19.56,19.93,19.43,19.86,1393300
DRC,2021-10-21,19.86,19.99,19.5,19.53,1263600
DRC,2021-10-22,19.56,19.8,19.43,19.62,1168200
DRC,2021-10-25,19.74,20.42,19.68,20.17,1941900
DRC,2021-10-26,20.08,20.3,19.93,20.08,790700
DRC,2021-10-27,20.05,20.36,20.05,20.14,1228800
DRC,2021-10-28,20.11,20.73,19.93,20.54,2175000
DRC,2021-10-29,20.73,20.73,20.23,20.3,1597400
DRC,2021-11-01,20.3,21.13,20.05,20.94,3707500
DRC,2021-11-02,21.22,21.4,20.97,21.0,2453900
DRC,2021-11-03,21.0,21.22,20.33,20.39,2786500
DRC,2021-11-04,20.3,20.63,19.93,20.14,1451200
DRC,2021-11-05,20.3,21.03,19.99,20.91,3558600
DRC,2021-11-08,21.22,22.23,20.91,22.05,5350800
DRC,2021-11-09,21.99,22.05,21.59,21.77,1802800
DRC,2021-11-10,21.59,22.45,21.59,22.39,3773800
DRC,2021-11-11,22.39,22.94,22.26,22.6,5170600
DRC,2021-11-12,22.6,23.03,22.33,23.0,3082000
DRC,2021-11-15,23.12,23.31,22.45,22.63,2931700
DRC,2021-11-16,22.63,22.76,21.89,22.26,3086800
DRC,2021-11-17,22.14,23.31,21.93,23.06,2742100
DRC,2021-11-18,23.06,23.65,23.06,23.31,2444900
DRC,2021-11-19,23.43,23.49,21.68,21.68,3987200
DRC,2021-11-22,21.37,21.74,20.3,20.45,2763200
DRC,2021-11-23,20.45,21.19,20.45,21.16,1387600
DRC,2021-11-24,21.49,21.49,20.85,20.97,2056400
DRC,2021-11-25,20.91,21.46,20.7,21.46,2096700
DRC,2021-11-26,21.53,21.53,20.91,20.94,1644700
DRC,2021-11-29,20.6,21.46,20.39,21.28,1477200
DRC,2021-11-30,21.31,22.11,21.28,21.74,2511200
DRC,2021-12-01,21.74,22.02,21.68,21.8,1130100
DRC,2021-12-02,21.8,22.36,21.56,22.02,1837700
DRC,2021-12-03,22.11,22.11,21.03,21.03,1537400
DRC,2021-12-06,20.97,21.31,20.11,20.42,1647200
DRC,2021-12-07,20.7,20.88,20.23,20.88,1309100
DRC,2021-12-08,20.97,21.1,20.73,20.94,742500
DRC,2021-12-09,20.79,21.34,20.79,21.22,761200
DRC,2021-12-10,21.25,21.43,20.94,20.94,755100
DRC,2021-12-13,21.22,21.22,20.91,21.03,892200
DRC,2021-12-14,21.28,21.49,21.03,21.16,1255600
DRC,2021-12-15,21.19,21.46,20.94,21.16,753900
DRC,2021-12-16,21.22,21.31,20.97,21.0,1176400
DRC,2021-12-17,21.16,21.16,20.6,20.85,1715700
DRC,2021-12-20,20.88,20.88,20.6,20.63,1235100
DRC,2021-12-21,20.63,21.1,20.35,20.69,1229200
DRC,2021-12-22,20.69,21.13,20.66,20.78,1231900
DRC,2021-12-23,20.81,20.97,20.16,20.35,971200
DRC,2021-12-24,20.53,20.6,20.19,20.25,710700
DRC,2021-12-27,20.28,20.44,19.91,20.16,1248100
DRC,2021-12-28,20.16,20.5,19.72,20.35,1760100
DRC,2021-12-29,20.53,20.75,20.35,20.35,498600
DRC,2021-12-30,20.28,20.6,20.28,20.38,548300
DRC,2021-12-31,20.41,20.53,20.25,20.38,789700
DRC,2022-01-04,20.5,20.94,20.41,20.94,1342200
DRC,2022-01-05,21.06,21.06,20.63,20.88,1230300
DRC,2022-01-06,20.72,20.72,20.47,20.53,873700
DRC,2022-01-07,20.53,20.85,20.25,20.72,1209400
DRC,2022-01-10,20.94,20.97,20.07,20.07,1189900
DRC,2022-01-11,20.07,20.25,19.85,19.91,897900
DRC,2022-01-12,19.91,19.97,18.97,19.35,1315000
DRC,2022-01-13,19.47,19.78,19.22,19.25,768400
DRC,2022-01-14,19.04,19.41,18.91,19.04,905700
DRC,2022-01-17,19.22,19.35,17.85,17.85,1335000
DRC,2022-01-18,17.97,18.01,17.16,17.51,956600
DRC,2022-01-19,17.82,18.07,17.6,17.85,521500
DRC,2022-01-20,17.88,18.32,17.85,18.22,369100
DRC,2022-01-21,18.29,18.35,17.82,17.91,731900
DRC,2022-01-24,17.79,17.82,16.85,16.85,735400
DRC,2022-01-25,16.91,17.29,16.66,17.23,551200
DRC,2022-01-26,17.48,17.66,17.32,17.48,413100
DRC,2022-01-27,17.48,17.66,17.41,17.51,212300
DRC,2022-01-28,17.54,17.73,17.48,17.54,254100
DRC,2022-02-07,17.97,18.35,17.79,18.29,381800
DRC,2022-02-08,18.1,18.97,18.1,18.79,695500
DRC,2022-02-09,18.79,19.19,18.66,18.97,602800
DRC,2022-02-10,18.97,19.07,18.85,19.04,293000
DRC,2022-02-11,18.97,19.25,18.85,19.16,641000
DRC,2022-02-14,18.88,19.04,18.72,18.72,549000
DRC,2022-02-15,18.57,18.82,18.54,18.66,438400
DRC,2022-02-16,18.79,19.22,18.79,19.22,509200
DRC,2022-02-17,19.47,19.85,19.35,19.6,696100
DRC,2022-02-18,19.44,19.66,19.38,19.63,585600
DRC,2022-02-21,19.63,19.72,19.35,19.47,495300
DRC,2022-02-22,19.35,19.47,18.97,19.47,784000
DRC,2022-02-23,19.22,19.57,19.22,19.47,584400
DRC,2022-02-24,19.47,19.54,18.79,19.35,881200
DRC,2022-02-25,19.44,20.03,19.41,19.88,1114100
DRC,2022-02-28,19.82,20.47,19.75,20.19,859800
DRC,2022-03-01,20.19,20.25,20.0,20.19,466000
DRC,2022-03-02,20.0,20.07,19.85,19.88,776000
DRC,2022-03-03,19.75,20.13,18.72,20.1,1361600
DRC,2022-03-04,20.28,20.47,20.1,20.47,1123200
DRC,2022-03-07,20.44,20.91,20.16,20.53,780900
DRC,2022-03-08,20.25,21.19,20.25,20.97,2436400
DRC,2022-03-09,20.97,21.47,20.97,21.35,1958000
DRC,2022-03-10,21.22,21.28,20.91,20.97,638000
DRC,2022-03-11,20.88,20.88,20.1,20.88,1076400
DRC,2022-03-14,20.6,20.66,20.03,20.35,1127300
DRC,2022-03-15,20.35,20.35,19.85,20.03,671000
DRC,2022-03-16,20.35,20.38,20.03,20.38,438600
DRC,2022-03-17,20.53,21.44,20.44,21.19,1507400
DRC,2022-03-18,21.19,21.22,20.81,20.91,516200
DRC,2022-03-21,20.53,20.91,20.47,20.72,986000
DRC,2022-03-22,20.91,20.91,20.41,20.47,985100
DRC,2022-03-23,20.47,20.78,20.35,20.41,682600
DRC,2022-03-24,20.56,20.72,20.16,20.72,905000
DRC,2022-03-25,20.91,21.03,20.78,20.85,815400
DRC,2022-03-28,20.6,20.81,20.03,20.35,704600
DRC,2022-03-29,20.5,21.38,20.28,21.22,1898100
DRC,2022-03-30,21.19,22.09,21.1,21.47,2122400
DRC,2022-03-31,21.72,22.78,21.56,22.16,2852000
DRC,2022-04-01,21.84,22.47,21.63,22.22,1501000
DRC,2022-04-04,22.44,22.59,21.91,22.37,1729000
DRC,2022-04-05,22.16,22.44,21.94,21.94,1053700
DRC,2022-04-06,21.84,22.47,21.56,22.28,1547600
DRC,2022-04-07,22.34,23.22,22.28,22.47,3149600
DRC,2022-04-08,22.47,22.75,21.1,21.5,1062300
DRC,2022-04-12,21.5,21.81,21.16,21.19,845200
DRC,2022-04-13,21.1,21.19,20.1,21.16,1771500
DRC,2022-04-14,21.41,22.09,21.13,21.63,809600
DRC,2022-04-15,21.81,22.44,21.28,22.03,1843500
DRC,2022-04-18,22.03,23.4,21.94,23.4,5536800
DRC,2022-04-19,23.72,24.28,22.47,22.78,3362800
DRC,2022-04-20,22.59,23.25,21.19,21.19,1929200
DRC,2022-04-21,20.6,22.03,19.97,20.28,3104700
DRC,2022-04-22,20.38,20.85,18.88,19.1,4386000
DRC,2022-04-25,19.35,19.35,17.85,17.85,2172300
DRC,2022-04-26,17.48,19.1,17.48,19.1,1201100
DRC,2022-04-27,19.32,19.78,19.04,19.75,770100
DRC,2022-04-28,19.47,20.03,19.47,19.97,906400
DRC,2022-04-29,19.97,20.28,19.82,20.22,694900
DRC,2022-05-04,20.0,20.47,19.85,20.16,807200
DRC,2022-05-05,20.13,20.28,19.85,20.19,883200
DRC,2022-05-06,19.66,19.97,19.19,19.29,726500
DRC,2022-05-09,19.29,19.29,17.94,17.94,888800
DRC,2022-05-10,17.91,18.72,17.35,18.72,607100
DRC,2022-05-11,18.72,18.94,18.35,18.88,281000
DRC,2022-05-12,18.85,18.85,17.57,17.57,589000
DRC,2022-05-13,17.57,17.66,16.35,16.35,913100
DRC,2022-05-16,17.35,17.35,15.6,16.54,587500
DRC,2022-05-17,16.26,17.69,16.26,17.69,421100
DRC,2022-05-18,17.69,18.04,17.6,17.88,253700
DRC,2022-05-19,17.29,17.69,17.29,17.6,264400
DRC,2022-05-20,17.6,18.1,17.54,17.91,324800
DRC,2022-05-23,17.91,18.41,17.66,18.04,298800
DRC,2022-05-24,18.04,18.04,17.23,18.04,282900
DRC,2022-05-25,18.04,18.54,17.88,18.35,422500
DRC,2022-05-26,18.47,19.16,18.38,19.16,505800
DRC,2022-05-27,18.72,19.29,18.72,18.82,332200
DRC,2022-05-30,19.04,19.22,18.66,19.0,393600
DRC,2022-05-31,18.82,19.16,18.82,18.97,388700
DRC,2022-06-01,19.17,19.23,18.58,18.97,244800
DRC,2022-06-02,18.97,19.3,18.71,18.84,331200
DRC,2022-06-03,18.65,19.17,18.65,18.78,207800
DRC,2022-06-06,18.84,19.95,18.84,19.23,977300
DRC,2022-06-07,19.46,20.14,18.91,19.85,571800
DRC,2022-06-08,20.18,20.92,19.85,20.6,1271900
DRC,2022-06-09,20.4,20.66,20.34,20.47,233300
DRC,2022-06-10,20.34,20.47,19.85,19.85,714900
DRC,2022-06-13,18.84,19.4,18.49,18.49,988500
DRC,2022-06-14,17.87,18.84,17.87,18.84,516100
DRC,2022-06-15,18.52,18.81,18.13,18.42,479900
DRC,2022-06-16,18.58,18.97,18.58,18.65,260800
DRC,2022-06-17,18.19,18.75,17.93,18.62,481300
DRC,2022-06-20,18.62,18.75,17.87,17.87,369900
DRC,2022-06-21,17.87,18.39,17.19,17.22,365400
DRC,2022-06-22,17.54,17.61,17.22,17.32,306900
DRC,2022-06-23,17.32,17.64,17.32,17.54,230500
DRC,2022-06-24,17.84,17.97,17.64,17.64,206600
DRC,2022-06-27,17.87,18.06,17.61,18.0,174300
DRC,2022-06-28,18.0,18.32,17.8,18.26,548900
DRC,2022-06-29,18.03,18.19,17.64,17.84,617700
DRC,2022-06-30,17.87,17.97,17.41,17.67,633200
DRC,2022-07-01,17.64,17.93,17.12,17.87,546200
DRC,2022-07-04,17.87,17.97,17.74,17.87,246600
DRC,2022-07-05,17.87,17.9,17.35,17.41,226900
DRC,2022-07-06,16.96,17.41,16.89,17.09,219600
DRC,2022-07-07,17.15,17.28,17.02,17.15,158000
DRC,2022-07-08,17.41,17.61,17.32,17.54,280800
DRC,2022-07-11,17.84,17.84,17.22,17.54,175000
DRC,2022-07-12,17.41,18.06,17.41,17.97,312400
DRC,2022-07-13,18.0,18.19,17.87,17.9,287200
DRC,2022-07-14,17.9,17.97,17.71,17.93,144700
DRC,2022-07-15,18.03,18.19,18.0,18.06,500200
DRC,2022-07-18,18.06,18.45,18.06,18.26,347400
DRC,2022-07-19,18.39,18.39,17.93,18.16,194500
DRC,2022-07-20,18.23,18.45,18.13,18.19,415000
DRC,2022-07-21,18.19,18.23,18.0,18.19,368800
DRC,2022-07-22,18.06,18.32,17.84,17.93,442800
DRC,2022-07-25,17.93,18.06,17.61,17.64,285900
DRC,2022-07-26,17.58,17.8,17.58,17.64,403700
DRC,2022-07-27,17.64,17.71,17.54,17.64,102400
DRC,2022-07-28,17.84,17.93,17.61,17.87,725200
DRC,2022-07-29,17.93,18.1,17.84,18.0,282800
DRC,2022-08-01,18.0,18.65,17.87,18.65,853800
DRC,2022-08-02,18.45,18.71,18.42,18.58,592900
DRC,2022-08-03,18.65,18.81,18.45,18.78,417600
DRC,2022-08-04,18.84,18.84,18.45,18.62,558000
DRC,2022-08-05,18.71,18.81,18.39,18.62,353000
DRC,2022-08-08,18.58,19.17,18.58,19.17,526600
DRC,2022-08-09,18.97,19.23,18.97,19.07,341000
DRC,2022-08-10,18.97,19.01,18.78,18.91,396100
DRC,2022-08-11,19.01,19.14,18.78,19.1,475000
DRC,2022-08-12,19.1,19.2,18.84,19.1,417400
DRC,2022-08-15,19.36,19.69,19.17,19.36,797200
DRC,2022-08-16,19.43,20.01,19.43,19.75,1002400
DRC,2022-08-17,19.79,19.92,19.43,19.49,616000
DRC,2022-08-18,19.49,19.56,19.3,19.49,346500
DRC,2022-08-19,19.3,19.56,19.23,19.36,486700
DRC,2022-08-22,18.97,19.56,18.97,19.27,302000
DRC,2022-08-23,19.1,19.95,19.1,19.85,794300
DRC,2022-08-24,19.85,20.05,19.72,19.85,451900
DRC,2022-08-25,19.85,20.05,19.82,19.85,578100
DRC,2022-08-26,19.85,19.88,19.53,19.53,393400
DRC,2022-08-29,19.27,19.3,18.84,19.3,1059300
DRC,2022-08-30,19.3,20.14,19.27,19.75,719100
DRC,2022-08-31,19.75,19.75,19.49,19.59,389000
DRC,2022-09-05,19.53,19.92,19.49,19.59,529800
DRC,2022-09-06,19.69,19.75,19.49,19.69,421500
DRC,2022-09-07,19.72,20.66,19.69,19.69,2811100
DRC,2022-09-08,19.88,20.53,19.88,20.14,1451300
DRC,2022-09-09,20.14,20.44,19.92,20.37,661700
DRC,2022-09-12,20.5,20.73,20.27,20.4,911653
DRC,2022-09-13,20.57,20.57,19.92,20.11,967216
DRC,2022-09-14,19.69,20.08,19.69,19.95,903048
DRC,2022-09-15,20.08,20.11,19.85,19.88,605457
DRC,2022-09-16,19.92,19.92,19.36,19.49,831470
DRC,2022-09-19,19.53,19.56,18.97,19.04,861409
DRC,2022-09-20,19.1,19.82,19.07,19.82,548130
DRC,2022-09-21,19.62,19.82,19.56,19.72,275009
DRC,2022-09-22,19.46,20.7,19.46,20.7,2475533
DRC,2022-09-23,20.7,20.76,20.21,20.21,836017
DRC,2022-09-26,19.88,20.6,19.36,20.27,1549025
DRC,2022-09-27,20.27,20.37,19.66,19.66,782311
DRC,2022-09-28,19.56,19.92,18.29,18.32,1822814
DRC,2022-09-29,18.62,18.94,17.87,17.93,1028360
DRC,2022-09-30,18.19,18.32,17.19,18.32,1123896
DRC,2022-10-03,18.19,18.19,17.09,17.09,987528
DRC,2022-10-04,17.45,17.61,17.06,17.15,649312
DRC,2022-10-05,17.71,17.93,17.41,17.64,448328
DRC,2022-10-06,17.64,17.64,16.96,17.06,644559
DRC,2022-10-07,16.76,17.02,15.89,15.89,1149396
DRC,2022-10-10,15.6,16.37,15.34,16.24,588884
DRC,2022-10-11,16.31,16.37,15.27,15.47,769619
DRC,2022-10-12,15.47,16.21,15.47,16.05,396724
DRC,2022-10-13,16.11,16.28,15.85,16.28,323723
DRC,2022-10-14,16.44,16.7,16.44,16.63,404300
DRC,2022-10-17,16.67,17.22,16.37,17.22,682928
DRC,2022-10-18,17.28,17.54,17.02,17.22,483924
DRC,2022-10-19,17.28,17.28,16.89,16.93,454816
DRC,2022-10-20,16.8,17.02,16.57,16.86,265200
DRC,2022-10-21,16.83,16.83,15.69,15.69,700000
DRC,2022-10-24,15.79,16.24,14.85,14.88,352155
DRC,2022-10-25,14.95,15.66,14.0,14.95,249842
DRC,2022-10-26,14.98,15.34,14.65,15.14,223588
DRC,2022-10-27,15.27,15.56,15.01,15.47,663526
DRC,2022-10-28,15.6,15.73,15.4,15.53,227529
DRC,2022-10-31,15.73,15.73,14.46,15.04,405400
DRC,2022-11-01,15.08,15.24,14.75,14.75,327362
DRC,2022-11-02,14.82,15.21,14.82,15.01,245530
DRC,2022-11-03,14.98,15.01,14.62,14.88,203639
DRC,2022-11-04,14.52,14.69,14.04,14.04,635800
DRC,2022-11-07,14.04,14.04,13.06,13.06,656928
DRC,2022-11-08,12.96,13.13,12.8,13.03,263022
DRC,2022-11-09,13.03,13.45,13.0,13.16,203300
DRC,2022-11-10,12.87,13.0,12.25,12.25,482890
DRC,2022-11-11,12.28,12.41,11.76,12.02,507515
DRC,2022-11-14,11.4,12.09,11.31,11.92,538891
DRC,2022-11-15,11.63,11.73,11.11,11.11,1272956
DRC,2022-11-16,10.49,11.86,10.46,11.86,841758
DRC,2022-11-17,12.22,12.41,11.99,12.09,414522
DRC,2022-11-18,12.22,12.22,11.37,12.15,432214
DRC,2022-11-21,12.22,12.57,12.15,12.35,181712
DRC,2022-11-22,12.35,12.7,12.28,12.31,373335
DRC,2022-11-23,12.31,12.61,12.28,12.41,210113
DRC,2022-11-24,12.28,12.41,12.15,12.41,127432
DRC,2022-11-25,12.51,12.61,12.38,12.61,211412
DRC,2022-11-28,12.8,13.39,12.77,13.26,395706
DRC,2022-11-29,13.39,13.39,12.9,13.26,460610
DRC,2022-11-30,13.26,13.32,13.03,13.29,401410
DRC,2022-12-01,13.42,14.07,13.29,13.61,481402
DRC,2022-12-02,13.61,13.78,13.32,13.71,268063
DRC,2022-12-05,13.97,14.3,13.61,13.97,695824
DRC,2022-12-06,13.87,14.43,13.55,13.68,650531
DRC,2022-12-07,13.65,13.94,13.48,13.68,301523
DRC,2022-12-08,13.81,14.17,13.68,13.84,266836
DRC,2022-12-09,13.91,13.94,13.61,13.94,201930
DRC,2022-12-12,13.97,14.26,13.65,13.65,257215
DRC,2022-12-13,13.91,13.91,13.55,13.91,174748
DRC,2022-12-14,14.23,14.23,13.68,13.84,181901
DRC,2022-12-15,13.71,14.1,13.71,14.1,293386
DRC,2022-12-16,14.04,14.07,13.91,13.97,178756
DRC,2022-12-19,13.97,14.13,13.84,13.84,202276
DRC,2022-12-20,13.84,13.94,13.16,13.55,437215
DRC,2022-12-21,13.65,13.65,13.03,13.39,176207
DRC,2022-12-22,13.26,13.61,13.22,13.52,98503
DRC,2022-12-23,13.52,13.58,13.35,13.52,93229
DRC,2022-12-26,13.45,13.65,13.13,13.13,216710
DRC,2022-12-27,13.13,13.39,13.13,13.39,79600
DRC,2022-12-28,13.39,13.42,13.22,13.42,84201
DRC,2022-12-29,13.42,13.42,13.26,13.39,56530
DRC,2022-12-30,13.48,13.48,13.29,13.39,112828
DRC,2023-01-03,13.39,14.07,13.32,13.97,287996
DRC,2023-01-04,13.97,14.0,13.71,13.84,160309
DRC,2023-01-05,13.78,13.97,13.65,13.91,232771
DRC,2023-01-06,14.04,14.56,13.97,14.1,485965
DRC,2023-01-09,14.3,14.36,14.04,14.04,152005
DRC,2023-01-10,14.17,14.17,13.84,14.0,128286
DRC,2023-01-11,14.17,14.44,14.07,14.4,278372
DRC,2023-01-12,14.47,14.54,14.2,14.24,136505
DRC,2023-01-13,14.4,14.4,14.17,14.27,183900
DRC,2023-01-16,14.27,14.37,14.1,14.3,113300
DRC,2023-01-17,14.47,14.47,14.24,14.34,188737
DRC,2023-01-18,14.5,14.77,14.34,14.77,309401
DRC,2023-01-19,14.8,14.97,14.67,14.9,274700
DRC,2023-01-27,15.0,15.43,14.97,15.33,332607
DRC,2023-01-30,15.37,15.37,15.03,15.1,276524
DRC,2023-01-31,15.1,15.43,14.9,15.43,289381
DRC,2023-02-01,15.43,15.43,14.6,14.6,311742
DRC,2023-02-02,14.6,14.77,14.4,14.57,148533
DRC,2023-02-03,14.67,15.13,14.64,15.1,369372
DRC,2023-02-06,15.1,15.2,14.9,15.1,75654
DRC,2023-02-07,15.07,15.1,14.64,14.7,116702
DRC,2023-02-08,14.7,14.97,14.54,14.87,173961
DRC,2023-02-09,14.87,15.2,14.87,15.03,81830
DRC,2023-02-10,15.03,15.1,14.57,14.57,116220
DRC,2023-02-13,14.57,14.83,14.24,14.5,170100
DRC,2023-02-14,14.64,14.9,14.44,14.9,137151
DRC,2023-02-15,14.87,14.97,14.77,14.87,74100
DRC,2023-02-16,14.97,15.7,14.9,15.63,607762
DRC,2023-02-17,15.63,15.63,15.3,15.3,182314
DRC,2023-02-20,15.5,15.7,15.37,15.57,255958
DRC,2023-02-21,15.6,16.1,15.6,15.7,441970
DRC,2023-02-22,15.63,15.7,15.3,15.3,270516
DRC,2023-02-23,15.3,15.3,14.83,15.23,302400
DRC,2023-02-24,15.3,15.3,14.9,14.93,75330
DRC,2023-02-27,14.9,14.9,14.57,14.57,174408
DRC,2023-02-28,14.6,14.9,14.6,14.8,89500
DRC,2023-03-01,14.97,15.23,14.9,15.23,162900
DRC,2023-03-02,15.23,15.37,14.7,15.1,28436
DRC,2023-03-03,15.1,15.23,14.77,14.77,54504
DRC,2023-03-06,14.8,15.03,14.7,14.77,109625
DRC,2023-03-07,14.77,14.87,14.64,14.8,96652
DRC,2023-03-08,14.64,14.97,14.64,14.97,84724
DRC,2023-03-09,14.97,15.13,14.8,15.1,215740
DRC,2023-03-10,14.97,14.97,14.7,14.9,152524
DRC,2023-03-13,14.8,14.83,14.7,14.83,58080
DRC,2023-03-14,14.83,14.83,14.5,14.5,273645
DRC,2023-03-15,14.83,14.97,14.67,14.97,125900
DRC,2023-03-16,14.83,14.9,14.67,14.9,97000
DRC,2023-03-17,14.9,14.9,14.73,14.83,51500
DRC,2023-03-20,14.83,14.83,14.44,14.47,93220
DRC,2023-03-21,14.5,14.6,14.44,14.6,83740
DRC,2023-03-22,14.6,14.6,14.5,14.54,32554
DRC,2023-03-23,14.47,14.57,14.4,14.57,50235
DRC,2023-03-24,14.57,14.6,14.34,14.6,54206
DRC,2023-03-27,14.6,14.73,14.57,14.73,49333
DRC,2023-03-28,14.73,14.77,14.64,14.7,59561
DRC,2023-03-29,14.7,14.7,14.37,14.64,87511
DRC,2023-03-30,14.57,14.64,14.44,14.57,102411
DRC,2023-03-31,14.57,14.6,14.44,14.57,61200
DRC,2023-04-03,14.57,14.87,14.57,14.8,263300
DRC,2023-04-04,14.8,15.1,14.8,15.0,358347
DRC,2023-04-05,14.97,15.07,14.8,14.93,248000
DRC,2023-04-06,15.07,15.07,14.77,14.83,342700
DRC,2023-04-07,14.83,14.9,14.7,14.7,280513
DRC,2023-04-10,14.93,14.93,14.5,14.5,345307
DRC,2023-04-11,14.64,14.7,14.37,14.64,188500
DRC,2023-04-12,14.6,14.7,14.37,14.4,442800
DRC,2023-04-13,14.54,14.54,14.34,14.4,232560
DRC,2023-04-14,14.5,14.5,13.77,13.84,944051
DRC,2023-04-17,13.84,13.87,13.64,13.77,162804
DRC,2023-04-18,13.77,14.04,13.77,14.04,109137
DRC,2023-04-19,13.97,14.0,13.77,13.77,238403
DRC,2023-04-20,13.77,13.84,13.7,13.77,131317
DRC,2023-04-21,13.77,13.77,13.5,13.5,367440
DRC,2023-04-24,13.44,13.5,13.3,13.44,259569
DRC,2023-04-25,13.47,13.67,13.4,13.47,180614
DRC,2023-04-26,13.5,13.57,13.34,13.44,226251
DRC,2023-04-27,13.7,13.7,13.47,13.47,401748
DRC,2023-04-28,13.5,13.94,13.47,13.9,381088
DRC,2023-05-04,13.64,14.0,13.64,14.0,368898
DRC,2023-05-05,14.0,14.1,13.9,13.94,176678
DRC,2023-05-08,13.97,14.04,13.84,13.84,223571
DRC,2023-05-09,13.87,14.04,13.84,14.0,366187
DRC,2023-05-10,13.94,14.2,13.94,14.2,279804
DRC,2023-05-11,14.17,14.24,14.14,14.2,287420
DRC,2023-05-12,14.24,14.47,14.17,14.3,546003
DRC,2023-05-15,14.3,14.3,13.97,13.97,441623
DRC,2023-05-16,14.0,14.17,13.94,14.04,384100
DRC,2023-05-17,14.1,14.1,13.97,14.0,199850
DRC,2023-05-18,14.07,14.07,13.94,13.97,256441
DRC,2023-05-19,13.97,13.97,13.9,13.97,219652
DRC,2023-05-22,14.0,14.24,13.97,14.17,322954
DRC,2023-05-23,14.27,14.27,14.04,14.17,340436
DRC,2023-05-24,14.17,14.17,14.04,14.04,245144
DRC,2023-05-25,14.04,14.17,14.0,14.14,271013
DRC,2023-05-26,14.17,14.2,14.14,14.2,163101
DRC,2023-05-29,14.34,14.37,14.2,14.27,405540
DRC,2023-05-30,14.27,14.6,14.24,14.6,750097
DRC,2023-05-31,14.64,14.73,14.4,14.5,555524
DRC,2023-06-01,14.4,14.64,14.4,14.57,339215
DRC,2023-06-02,14.57,14.9,14.57,14.8,578459
DRC,2023-06-05,14.97,15.17,14.83,14.87,577692
DRC,2023-06-06,14.87,14.9,14.67,14.8,664731
DRC,2023-06-07,14.87,14.9,14.6,14.77,970149
DRC,2023-06-08,14.87,14.95,14.66,14.66,631780
DRC,2023-06-09,14.7,14.7,14.27,14.52,358894
DRC,2023-06-12,14.56,14.56,14.34,14.42,418852
DRC,2023-06-13,14.38,14.63,14.38,14.38,581222
DRC,2023-06-14,14.42,14.59,14.27,14.34,443431
DRC,2023-06-15,14.34,14.34,14.17,14.17,377202
DRC,2023-06-16,14.24,14.42,14.13,14.13,392018
DRC,2023-06-19,14.27,14.34,14.13,14.24,163716
DRC,2023-06-20,14.24,14.38,14.24,14.34,226900
DRC,2023-06-21,14.45,14.63,14.27,14.59,627710
DRC,2023-06-22,14.7,14.84,14.59,14.66,586701
DRC,2023-06-23,14.66,14.66,14.49,14.56,311451
DRC,2023-06-26,14.59,15.05,14.59,15.02,896429
DRC,2023-06-27,15.09,15.3,14.98,15.05,1114377
DRC,2023-06-28,15.12,15.12,14.87,15.02,625738
DRC,2023-06-29,15.02,15.05,14.8,14.84,589749
DRC,2023-06-30,14.77,15.62,14.56,15.51,1364909
DRC,2023-07-03,15.69,15.69,15.4,15.55,564142
DRC,2023-07-04,15.55,15.55,15.37,15.55,589391
DRC,2023-07-05,15.55,15.9,15.51,15.69,912912
DRC,2023-07-06,15.69,15.79,15.44,15.55,543521
DRC,2023-07-07,15.37,15.83,15.37,15.79,729130
DRC,2023-07-10,15.86,16.46,15.83,16.46,1298474
DRC,2023-07-11,16.64,16.78,16.18,16.32,783439
DRC,2023-07-12,16.54,16.71,16.32,16.54,792701
DRC,2023-07-13,16.68,16.75,16.32,16.54,537687
DRC,2023-07-14,16.54,16.54,16.11,16.39,826693
DRC,2023-07-17,16.29,16.46,16.18,16.25,641084
DRC,2023-07-18,16.22,16.25,15.9,15.93,1091926
DRC,2023-07-19,15.93,16.25,15.9,16.25,614809
DRC,2023-07-20,16.29,16.29,15.93,16.11,424301
DRC,2023-07-21,16.04,16.25,16.01,16.18,522091
DRC,2023-07-24,16.25,16.89,16.22,16.82,1761350
DRC,2023-07-25,16.82,16.82,16.57,16.64,466410
DRC,2023-07-26,16.68,16.68,16.29,16.32,592646
DRC,2023-07-27,16.39,16.68,16.04,16.57,843808
DRC,2023-07-28,16.54,16.61,16.39,16.61,514624
DRC,2023-07-31,16.5,16.57,16.25,16.32,619802
DRC,2023-08-01,16.36,16.64,16.25,16.46,585588
DRC,2023-08-02,16.46,16.61,16.29,16.54,577774
DRC,2023-08-03,16.54,17.14,16.54,16.96,1555479
DRC,2023-08-04,16.96,17.21,16.75,17.03,723520
DRC,2023-08-07,17.03,17.03,16.61,16.61,799130
DRC,2023-08-08,16.61,17.1,16.61,17.1,818082
DRC,2023-08-09,17.03,17.03,16.68,16.89,469531
DRC,2023-08-10,17.03,17.03,16.36,16.36,905085
DRC,2023-08-11,16.54,16.82,16.22,16.54,598342
DRC,2023-08-14,16.36,16.61,16.36,16.5,148722
DRC,2023-08-15,16.61,16.68,16.46,16.64,417940
DRC,2023-08-16,16.57,16.64,16.46,16.46,198456
DRC,2023-08-17,16.46,16.46,16.32,16.39,319400
DRC,2023-08-18,16.39,16.39,15.4,15.51,828800
DRC,2023-08-21,15.4,15.86,15.26,15.79,520910
DRC,2023-08-22,15.86,15.86,15.4,15.72,211650
DRC,2023-08-23,15.72,15.9,15.72,15.72,164552
DRC,2023-08-24,15.9,16.04,15.72,16.01,174730
DRC,2023-08-25,15.83,16.04,15.79,15.97,170080
DRC,2023-08-28,15.97,16.04,15.93,16.04,162940
DRC,2023-08-29,16.15,16.15,16.01,16.04,214886
DRC,2023-08-30,16.01,16.08,15.83,16.08,248822
DRC,2023-08-31,16.22,16.32,15.9,16.29,432649
DRC,2023-09-05,16.39,16.39,16.18,16.36,248134
DRC,2023-09-06,16.22,16.36,16.15,16.36,385775
DRC,2023-09-07,16.39,16.46,16.29,16.32,399285
DRC,2023-09-08,16.32,16.64,16.25,16.54,474939
DRC,2023-09-11,16.75,16.92,16.43,16.43,922404
DRC,2023-09-12,16.43,16.64,16.39,16.64,244001
DRC,2023-09-13,16.64,16.71,16.25,16.46,502731
DRC,2023-09-14,16.32,16.46,16.08,16.25,469266
DRC,2023-09-15,16.11,16.39,16.08,16.11,323947
DRC,2023-09-18,16.11,16.22,16.04,16.11,182934
DRC,2023-09-19,16.15,16.39,16.15,16.18,487292
DRC,2023-09-20,16.22,16.75,16.22,16.71,568531
DRC,2023-09-21,16.82,16.82,16.5,16.61,208464
DRC,2023-09-22,16.39,16.61,15.9,16.61,405898
DRC,2023-09-25,16.68,17.49,15.97,15.97,1593315
DRC,2023-09-26,16.25,16.61,16.11,16.25,323322
DRC,2023-09-27,16.32,16.68,15.86,16.25,488928
DRC,2023-09-28,16.32,16.32,15.97,16.32,206121
DRC,2023-09-29,16.46,16.54,16.15,16.22,151517
DRC,2023-10-02,16.46,16.46,15.97,16.15,341525
DRC,2023-10-03,16.18,16.22,15.4,16.15,567000
DRC,2023-10-04,16.15,16.18,15.76,16.04,142111
DRC,2023-10-05,16.18,16.18,15.97,16.04,149300
DRC,2023-10-06,15.9,16.22,15.83,16.22,153702
DRC,2023-10-09,16.08,16.36,15.86,16.25,342818
DRC,2023-10-10,16.25,16.75,16.18,16.68,504737
DRC,2023-10-11,16.64,17.52,16.64,17.42,1087100
DRC,2023-10-12,17.45,17.52,17.1,17.35,436308
DRC,2023-10-13,17.1,17.35,16.89,17.28,496003
DRC,2023-10-16,17.38,17.38,16.89,16.96,389021
DRC,2023-10-17,17.03,17.1,16.32,16.32,324417
DRC,2023-10-18,16.57,16.57,15.69,15.9,585686
DRC,2023-10-19,15.93,16.08,15.69,15.69,198864
DRC,2023-10-20,15.69,16.46,15.55,16.46,264653
DRC,2023-10-23,16.46,16.46,16.08,16.08,79971
DRC,2023-10-24,16.18,16.25,15.97,16.22,56622
DRC,2023-10-25,16.29,16.29,16.04,16.11,92223
DRC,2023-10-26,15.93,15.93,15.05,15.33,498497
DRC,2023-10-27,15.4,15.69,15.16,15.69,111922
DRC,2023-10-30,15.23,15.86,15.23,15.55,69416
DRC,2023-10-31,15.55,15.76,14.84,14.84,416155
DRC,2023-11-01,14.91,15.4,14.45,15.4,191539
DRC,2023-11-02,15.4,15.83,15.37,15.83,119708
DRC,2023-11-03,15.83,15.9,15.58,15.83,90216
DRC,2023-11-06,15.83,15.83,15.62,15.72,71050
DRC,2023-11-07,15.72,15.72,15.4,15.4,152710
DRC,2023-11-08,15.4,15.9,15.33,15.9,183903
DRC,2023-11-09,16.04,16.04,15.4,15.9,248256
DRC,2023-11-10,15.97,16.01,15.79,15.93,217304
DRC,2023-11-13,15.79,15.93,15.76,15.9,119306
DRC,2023-11-14,15.79,16.18,15.79,16.11,155700
DRC,2023-11-15,16.25,16.29,16.11,16.11,228430
DRC,2023-11-16,16.04,16.25,16.04,16.25,116945
DRC,2023-11-17,16.29,16.5,16.04,16.32,146201
DRC,2023-11-20,16.18,16.43,15.97,16.32,117156
DRC,2023-11-21,16.32,16.36,16.18,16.32,68518
DRC,2023-11-22,16.32,16.32,16.22,16.29,110593
DRC,2023-11-23,16.39,16.46,16.25,16.29,295057
DRC,2023-11-24,16.22,16.29,16.04,16.22,128244
DRC,2023-11-27,16.18,16.32,16.04,16.18,95769
DRC,2023-11-28,16.18,16.36,16.01,16.25,88461
DRC,2023-11-29,16.32,16.36,16.22,16.36,122960
DRC,2023-11-30,16.29,16.36,16.11,16.11,153610
DRC,2023-12-01,16.11,16.32,16.04,16.32,76801
DRC,2023-12-04,16.39,16.82,16.39,16.54,502689
DRC,2023-12-05,16.68,16.82,16.57,16.75,296363
DRC,2023-12-06,16.75,16.82,16.68,16.71,145449
DRC,2023-12-07,16.71,16.78,16.39,16.75,327071
DRC,2023-12-08,16.82,16.82,16.61,16.71,169028
DRC,2023-12-11,16.78,16.78,16.39,16.64,144207
DRC,2023-12-12,16.64,16.64,16.39,16.46,125572
DRC,2023-12-13,16.46,16.68,16.32,16.32,152118
DRC,2023-12-14,16.39,16.39,16.29,16.32,68303
DRC,2023-12-15,16.36,16.89,16.29,16.82,457721
DRC,2023-12-18,16.82,17.67,16.82,17.28,1020774
DRC,2023-12-19,17.31,17.45,16.85,16.85,370202
DRC,2023-12-20,16.85,17.31,16.78,17.1,354912
DRC,2023-12-21,17.1,18.27,17.1,18.27,1434408
DRC,2023-12-22,18.66,19.29,18.51,19.01,1301405
DRC,2023-12-25,19.26,19.4,18.87,19.26,853256
DRC,2023-12-26,19.15,19.22,18.9,18.97,636218
DRC,2023-12-27,18.9,19.36,18.87,19.08,460993
DRC,2023-12-28,19.08,19.91,18.93,19.15,808786
DRC,2023-12-29,19.26,19.69,19.08,19.08,408535
DRC,2024-01-02,19.08,20.01,18.86,19.91,775073
DRC,2024-01-03,19.91,19.91,19.62,19.73,439206
DRC,2024-01-04,19.8,20.01,19.47,19.47,595240
DRC,2024-01-05,19.37,19.8,19.26,19.58,717871
DRC,2024-01-08,19.58,19.65,19.26,19.33,624306
DRC,2024-01-09,19.44,19.73,19.26,19.51,601111
DRC,2024-01-10,19.51,20.55,19.44,19.69,1176466
DRC,2024-01-11,19.69,19.76,19.37,19.55,286302
DRC,2024-01-12,19.33,19.51,18.43,19.26,1500363
DRC,2024-01-15,19.26,19.55,19.11,19.55,706043
DRC,2024-01-16,19.55,19.65,19.37,19.58,230416
DRC,2024-01-17,19.58,19.73,19.37,19.65,426927
DRC,2024-01-18,19.62,20.45,19.51,20.12,683584
DRC,2024-01-19,20.23,20.23,19.91,20.16,633572
DRC,2024-01-22,20.16,20.16,19.44,20.01,546373
DRC,2024-01-23,19.87,20.01,19.62,19.65,357718
DRC,2024-01-24,19.65,20.12,19.55,20.01,539228
DRC,2024-01-25,20.12,20.12,19.58,19.98,506538
DRC,2024-01-26,19.98,21.35,19.73,21.35,2492998
DRC,2024-01-29,21.45,21.92,21.31,21.45,1157164
DRC,2024-01-30,21.6,22.93,21.45,22.93,3016818
DRC,2024-01-31,23.0,23.25,22.53,23.04,2180118
DRC,2024-02-01,22.89,23.15,22.68,22.75,940370
DRC,2024-02-02,22.68,23.65,22.57,22.68,1259319
DRC,2024-02-05,22.86,22.97,22.14,22.17,1213923
DRC,2024-02-06,22.17,22.57,22.1,22.1,886570
DRC,2024-02-07,22.17,22.93,22.17,22.68,1450357
DRC,2024-02-15,22.71,23.54,22.68,23.04,1686021
DRC,2024-02-16,23.76,23.76,22.79,23.04,845880
DRC,2024-02-19,23.0,23.18,22.68,22.79,828178
DRC,2024-02-20,22.75,23.33,22.5,22.75,1154139
DRC,2024-02-21,22.75,23.83,22.39,23.72,2475247
DRC,2024-02-22,23.9,23.9,23.33,23.36,975574
DRC,2024-02-23,23.65,23.65,22.46,23.04,1644999
DRC,2024-02-26,23.04,23.25,22.61,23.25,969993
DRC,2024-02-27,23.4,24.12,23.33,23.72,1666885
DRC,2024-02-28,23.69,23.69,23.18,23.33,906451
DRC,2024-02-29,23.4,23.61,22.89,23.61,744794
DRC,2024-03-01,23.61,24.05,23.47,23.54,901003
DRC,2024-03-04,23.51,23.69,23.33,23.43,963469
DRC,2024-03-05,23.4,23.4,23.15,23.4,781260
DRC,2024-03-06,23.4,23.69,23.0,23.07,703321
DRC,2024-03-07,23.04,23.61,22.93,23.36,876981
DRC,2024-03-08,23.4,24.98,23.04,24.69,4099232
DRC,2024-03-11,24.69,24.84,24.3,24.41,1360602
DRC,2024-03-12,24.3,25.49,24.08,24.08,2603632
DRC,2024-03-13,24.08,24.98,23.43,24.48,4750318
DRC,2024-03-14,24.77,24.91,24.12,24.33,1383196
DRC,2024-03-15,24.33,24.95,24.15,24.66,2946169
DRC,2024-03-18,24.62,24.84,22.97,23.69,2237188
DRC,2024-03-19,23.69,23.94,23.18,23.4,1108429
DRC,2024-03-20,23.29,23.51,22.75,23.51,1489620
DRC,2024-03-21,23.51,23.83,23.33,23.76,940209
DRC,2024-03-22,24.05,24.05,23.22,23.29,1649469
DRC,2024-03-25,23.29,23.36,22.82,22.97,1270583
DRC,2024-03-26,23.0,23.61,22.89,23.61,1285022
DRC,2024-03-27,23.61,23.69,23.36,23.47,1006805
DRC,2024-03-28,23.65,23.69,23.15,23.4,753495
DRC,2024-03-29,23.54,24.84,23.43,24.12,4584203
DRC,2024-04-01,23.97,24.44,23.87,24.12,1071465
DRC,2024-04-02,24.05,25.77,23.79,25.77,5102101
DRC,2024-04-03,25.77,25.85,24.95,24.95,2421816
DRC,2024-04-04,25.05,25.13,24.48,24.55,1968587
DRC,2024-04-05,24.15,24.23,22.86,22.86,6670596
DRC,2024-04-08,22.68,22.71,21.56,21.81,2798941
DRC,2024-04-09,21.81,22.43,21.6,22.28,1434292
DRC,2024-04-10,22.28,22.32,21.67,21.67,918764
DRC,2024-04-11,21.31,22.17,20.88,21.92,1147927
DRC,2024-04-12,22.03,22.17,21.71,22.17,576892
DRC,2024-04-15,21.96,22.1,20.66,20.73,1743614
DRC,2024-04-16,20.73,21.45,20.3,21.35,1880584
DRC,2024-04-17,21.45,21.67,21.02,21.13,692580
DRC,2024-04-19,20.81,21.17,20.19,20.88,1353336
DRC,2024-04-22,21.17,21.24,20.88,21.06,453400
DRC,2024-04-23,20.88,21.09,20.55,20.91,407086
DRC,2024-04-24,21.2,21.67,20.99,21.63,797746
DRC,2024-04-25,21.74,21.74,20.95,21.38,563731
DRC,2024-04-26,21.06,21.49,21.06,21.2,464848
DRC,2024-05-02,21.6,21.81,21.24,21.63,571548
DRC,2024-05-03,21.71,22.07,21.63,21.74,750274
DRC,2024-05-06,22.07,22.82,21.89,22.64,1412116
DRC,2024-05-07,22.68,23.04,22.39,23.04,1080118
DRC,2024-05-08,22.5,23.18,22.5,23.18,1084070
DRC,2024-05-09,23.22,23.36,22.75,22.97,944842
DRC,2024-05-10,22.97,23.0,22.57,22.97,567822
DRC,2024-05-13,23.07,23.22,22.82,23.04,621484
DRC,2024-05-14,22.79,23.83,22.79,23.69,1354764
DRC,2024-05-15,23.76,24.44,23.58,24.26,1575373
DRC,2024-05-16,24.48,24.51,23.69,24.12,2083467
DRC,2024-05-17,23.83,24.51,23.69,24.05,1870049
DRC,2024-05-20,24.48,24.48,23.76,24.12,1052115
DRC,2024-05-21,24.12,24.55,23.83,24.55,1764525
DRC,2024-05-22,25.05,25.2,24.05,24.23,2277529
DRC,2024-05-23,24.05,24.33,23.9,24.19,951293
DRC,2024-05-24,24.23,25.05,23.83,24.05,2820972
DRC,2024-05-27,24.08,24.87,23.76,24.48,1121624
DRC,2024-05-28,24.69,24.69,24.15,24.41,1074558
DRC,2024-05-29,24.69,24.98,23.83,24.12,1944355
DRC,2024-05-30,23.9,24.44,23.18,24.44,1985840
DRC,2024-05-31,24.19,24.44,23.9,24.08,692561
DRC,2024-06-03,24.15,25.05,24.01,25.05,2405282
DRC,2024-06-04,25.05,25.77,25.05,25.49,2676749
DRC,2024-06-05,25.49,25.56,24.91,25.41,1187875
DRC,2024-06-06,25.13,25.27,24.77,25.27,1147805
DRC,2024-06-07,25.34,25.34,24.95,25.27,685595
DRC,2024-06-10,25.27,26.08,25.09,25.97,1790817
DRC,2024-06-11,26.11,26.11,25.49,25.78,781585
DRC,2024-06-12,25.49,25.78,25.31,25.78,797089
DRC,2024-06-13,25.86,25.86,25.45,25.6,754137
DRC,2024-06-14,25.6,25.6,24.83,25.12,1569741
DRC,2024-06-17,24.9,24.98,24.46,24.46,844441
DRC,2024-06-18,24.46,24.98,24.46,24.83,378129
DRC,2024-06-19,24.83,24.98,24.46,24.83,329494
DRC,2024-06-20,24.68,25.34,24.68,24.98,526797
DRC,2024-06-21,24.98,25.34,24.83,25.23,438331
DRC,2024-06-24,25.34,26.04,24.94,25.67,2404545
DRC,2024-06-25,25.71,25.93,25.45,25.71,576545
DRC,2024-06-26,25.82,27.51,25.78,27.51,6778345
DRC,2024-06-27,27.84,28.02,26.89,26.89,1478351
DRC,2024-06-28,26.67,27.14,25.01,25.01,6158347
DRC,2024-07-01,24.79,25.34,24.35,25.12,1786975
DRC,2024-07-02,25.12,25.34,24.9,25.12,865101
DRC,2024-07-03,25.09,25.78,25.01,25.71,1757406
DRC,2024-07-04,25.71,26.52,25.42,26.44,2136918
DRC,2024-07-05,26.19,26.44,25.93,26.44,1096106
DRC,2024-07-08,26.67,26.74,26.22,26.63,2032251
DRC,2024-07-09,26.7,27.25,26.7,26.81,1524911
DRC,2024-07-10,26.89,27.11,26.26,26.44,1136017
DRC,2024-07-11,26.37,26.44,25.82,26.44,1349389
DRC,2024-07-12,26.41,26.7,25.86,26.3,764296
DRC,2024-07-15,26.44,27.03,26.44,26.81,823366
DRC,2024-07-16,26.81,26.96,26.15,26.59,837635
DRC,2024-07-17,26.59,26.59,24.76,24.87,1966873
DRC,2024-07-18,24.94,26.08,24.94,26.08,1317910
DRC,2024-07-19,26.08,26.26,25.49,26.0,705737
DRC,2024-07-22,25.93,25.93,24.98,25.23,960974
DRC,2024-07-23,25.38,25.42,24.28,24.98,884827
DRC,2024-07-24,24.64,25.27,24.17,25.23,862893
DRC,2024-07-25,25.12,25.31,24.79,25.31,292286
DRC,2024-07-26,25.34,25.38,25.16,25.34,242631
DRC,2024-07-29,25.34,25.67,25.31,25.53,446223
DRC,2024-07-30,25.53,26.0,25.45,25.71,779089
DRC,2024-07-31,25.6,25.78,25.01,25.64,478769
DRC,2024-08-01,25.64,25.64,24.2,24.83,943832
DRC,2024-08-02,24.24,24.9,24.24,24.9,499026
DRC,2024-08-05,24.39,24.53,23.29,23.4,902349
DRC,2024-08-06,23.43,23.87,22.96,23.73,417840
DRC,2024-08-07,23.98,24.02,23.43,23.58,289515
DRC,2024-08-08,23.58,23.73,23.14,23.51,313490
DRC,2024-08-09,23.58,24.28,23.54,24.2,348558
DRC,2024-08-12,24.35,24.72,24.02,24.61,260628
DRC,2024-08-13,24.39,24.68,24.24,24.68,264503
DRC,2024-08-14,24.64,24.68,24.39,24.64,227544
DRC,2024-08-15,24.31,24.64,23.98,24.64,444164
DRC,2024-08-16,24.64,25.27,24.39,25.05,677460
DRC,2024-08-19,25.05,25.23,24.83,24.9,419986
DRC,2024-08-20,24.76,25.05,24.72,25.01,511088
DRC,2024-08-21,25.01,25.6,25.01,25.31,839982
DRC,2024-08-22,25.34,25.53,25.01,25.05,329930
DRC,2024-08-23,25.05,25.05,24.57,24.72,525038
DRC,2024-08-26,24.98,24.98,24.53,24.61,317268
DRC,2024-08-27,24.61,24.83,24.46,24.68,137757
DRC,2024-08-28,24.68,25.2,24.24,25.09,667502
DRC,2024-08-29,25.09,25.16,24.79,25.09,167470
DRC,2024-08-30,24.98,24.98,24.68,24.98,294085
DRC,2024-09-04,24.9,24.9,24.39,24.61,390743
DRC,2024-09-05,24.39,24.61,24.24,24.24,605134
DRC,2024-09-06,24.24,24.53,24.02,24.53,267659
DRC,2024-09-09,24.46,24.46,24.02,24.31,210917
DRC,2024-09-10,24.46,24.46,23.95,24.02,216437
DRC,2024-09-11,23.98,23.98,23.54,23.65,176217
DRC,2024-09-12,24.09,24.09,23.65,23.84,209143
DRC,2024-09-13,23.58,23.87,23.58,23.87,144268
DRC,2024-09-16,23.87,23.95,23.51,23.51,345499
DRC,2024-09-17,23.51,23.8,23.32,23.73,228445
DRC,2024-09-18,23.76,23.98,23.69,23.73,312777
DRC,2024-09-19,23.84,23.84,23.36,23.58,310627
DRC,2024-09-20,23.69,23.91,23.58,23.58,442775
DRC,2024-09-23,23.51,23.58,23.32,23.36,610558
DRC,2024-09-24,23.36,23.4,23.1,23.1,765330
DRC,2024-09-25,23.43,23.43,23.18,23.4,443428
DRC,2024-09-26,23.65,23.87,23.4,23.4,742097
DRC,2024-09-27,23.62,23.62,23.29,23.29,383736
DRC,2024-09-30,23.29,23.29,23.1,23.21,385356
DRC,2024-10-01,23.25,23.54,23.18,23.18,589459
DRC,2024-10-02,23.14,23.32,22.88,22.96,736610
DRC,2024-10-03,22.81,22.99,21.45,21.71,1843871
DRC,2024-10-04,21.74,21.78,21.3,21.41,816927
DRC,2024-10-07,21.41,21.67,21.3,21.34,590674
DRC,2024-10-08,21.52,21.52,21.3,21.3,534512
DRC,2024-10-09,21.3,21.78,21.3,21.6,469138
DRC,2024-10-10,21.67,21.71,21.3,21.34,665582
DRC,2024-10-11,21.34,21.63,21.19,21.41,549910
DRC,2024-10-14,21.63,21.63,21.23,21.3,558751
DRC,2024-10-15,21.3,21.41,21.01,21.23,695836
DRC,2024-10-16,21.52,22.59,21.52,21.78,1462289
DRC,2024-10-17,22.04,22.04,21.52,21.67,488767
DRC,2024-10-18,21.6,21.82,21.45,21.45,500010
DRC,2024-10-21,21.45,21.52,21.08,21.08,715082
DRC,2024-10-22,21.08,21.63,21.05,21.23,825832
DRC,2024-10-23,21.45,21.52,21.23,21.45,411286
DRC,2024-10-24,21.45,21.49,21.01,21.01,520896
DRC,2024-10-25,21.05,21.12,20.64,20.64,503032
DRC,2024-10-28,20.86,20.86,20.53,20.64,353180
DRC,2024-10-29,20.68,21.05,20.68,20.9,324811
DRC,2024-10-30,21.08,21.12,20.71,20.71,355589
DRC,2024-10-31,20.68,20.86,20.68,20.79,178401
DRC,2024-11-01,20.79,20.86,20.6,20.64,391172
DRC,2024-11-04,20.71,20.83,20.53,20.64,293515
DRC,2024-11-05,20.64,20.64,20.46,20.49,266201
DRC,2024-11-06,20.71,21.3,20.46,20.86,1083602
DRC,2024-11-07,20.94,21.08,20.79,20.83,472755
DRC,2024-11-08,20.86,20.86,20.64,20.68,472221
DRC,2024-11-11,20.68,20.94,20.57,20.75,700567
DRC,2024-11-12,20.75,21.05,20.57,20.64,480037
DRC,2024-11-13,20.68,20.68,20.42,20.57,504506
DRC,2024-11-14,20.6,20.6,19.98,19.98,593752
DRC,2024-11-15,20.05,20.05,19.39,19.83,638437
DRC,2024-11-18,19.98,20.05,19.5,19.76,363511
DRC,2024-11-19,19.76,19.8,19.54,19.69,161736
DRC,2024-11-20,19.65,19.98,19.47,19.69,415601
DRC,2024-11-21,19.69,20.2,19.69,20.16,495850
DRC,2024-11-22,20.09,20.79,20.09,20.68,960135
DRC,2024-11-25,20.71,20.79,20.49,20.64,278538
DRC,2024-11-26,20.64,20.75,20.53,20.68,608830
DRC,2024-11-27,20.71,21.41,20.68,20.9,1240479
DRC,2024-11-28,20.94,21.16,20.86,21.01,517322
DRC,2024-11-29,20.86,21.01,20.83,20.97,332416
DRC,2024-12-02,21.08,21.12,20.68,20.75,394267
DRC,2024-12-03,20.68,20.86,20.64,20.86,262747
DRC,2024-12-04,20.86,20.86,20.57,20.6,385625
DRC,2024-12-05,20.6,21.05,20.6,20.94,750463
DRC,2024-12-06,20.97,21.63,20.94,21.23,1069826
DRC,2024-12-09,21.41,21.41,21.16,21.3,317312
DRC,2024-12-10,21.3,21.3,21.08,21.12,364542
DRC,2024-12-11,21.12,21.38,21.01,21.38,582521
DRC,2024-12-12,21.52,21.74,21.23,21.3,621884
DRC,2024-12-13,21.16,21.6,21.08,21.3,664722
DRC,2024-12-16,21.3,21.45,21.23,21.38,385307
DRC,2024-12-17,21.38,21.89,21.38,21.74,945188
DRC,2024-12-18,21.85,21.85,21.63,21.67,569827
DRC,2024-12-19,21.74,21.78,21.41,21.67,526517
DRC,2024-12-20,21.52,22.08,21.48,22.01,608478
DRC,2024-12-23,22.01,22.98,21.86,22.64,1521641
DRC,2024-12-24,22.86,22.86,22.38,22.53,647264
DRC,2024-12-25,22.57,22.68,22.12,22.19,655129
DRC,2024-12-26,22.04,22.3,22.04,22.04,346548
DRC,2024-12-27,22.04,22.04,21.82,21.82,443493
DRC,2024-12-30,21.82,21.82,21.33,21.37,611320
DRC,2024-12-31,21.67,21.67,21.3,21.3,192817
DRC,2025-01-02,21.3,21.52,21.18,21.37,244700
DRC,2025-01-03,21.37,21.56,21.18,21.18,232065
DRC,2025-01-06,21.22,21.3,20.62,20.85,627830
DRC,2025-01-07,20.85,20.85,20.25,20.59,705921
DRC,2025-01-08,20.55,20.81,20.25,20.81,187300
DRC,2025-01-09,20.81,20.88,20.62,20.62,99052
DRC,2025-01-10,20.62,20.7,20.17,20.47,216526
DRC,2025-01-13,20.21,20.44,20.1,20.4,168330
DRC,2025-01-14,20.55,20.73,20.47,20.55,168321
DRC,2025-01-15,20.55,20.88,20.55,20.77,149811
DRC,2025-01-16,20.85,21.0,20.77,20.77,217773
DRC,2025-01-17,20.77,20.92,20.77,20.88,211572
DRC,2025-01-20,21.03,21.03,20.77,20.77,252795
DRC,2025-01-21,20.77,20.92,20.62,20.77,178034
DRC,2025-01-22,20.88,20.88,20.32,20.32,253626
DRC,2025-01-23,20.36,20.51,20.21,20.51,142133
DRC,2025-01-24,20.73,20.73,20.51,20.73,134477
DRC,2025-02-03,20.7,20.73,20.36,20.7,81036
DRC,2025-02-04,20.7,21.0,20.7,20.88,230054
DRC,2025-02-05,20.96,21.11,20.92,20.96,217353
DRC,2025-02-06,21.0,21.82,20.77,21.63,1526556
DRC,2025-02-07,21.78,21.82,21.44,21.48,414129
DRC,2025-02-10,21.48,21.56,20.92,21.03,532397
DRC,2025-02-11,21.0,21.03,20.85,21.03,565784
DRC,2025-02-12,21.0,21.07,20.85,20.92,413235
DRC,2025-02-13,21.0,21.26,20.88,21.15,801745
DRC,2025-02-14,21.41,21.48,21.15,21.22,857515
DRC,2025-02-17,21.15,22.08,21.15,21.26,1548437
DRC,2025-02-18,21.26,21.48,21.07,21.48,1059168
DRC,2025-02-19,21.44,21.56,21.22,21.44,818115
DRC,2025-02-20,21.63,22.12,21.59,21.71,2661958
DRC,2025-02-21,21.82,21.82,21.44,21.48,740391
DRC,2025-02-24,21.48,21.63,21.18,21.37,987020
DRC,2025-02-25,21.52,21.52,21.22,21.41,1017007
DRC,2025-02-26,21.48,21.52,21.15,21.26,1719147
DRC,2025-02-27,21.26,21.26,20.96,21.15,1239746
DRC,2025-02-28,21.15,21.3,21.07,21.07,812830
DRC,2025-03-03,21.11,21.15,20.7,20.7,1690295
DRC,2025-03-04,20.7,20.96,20.66,20.81,836865
DRC,2025-03-05,20.88,21.0,20.59,20.59,803123
DRC,2025-03-06,20.66,20.66,20.36,20.51,1157854
DRC,2025-03-07,20.51,20.51,20.32,20.4,935476
DRC,2025-03-10,20.4,20.44,20.14,20.17,1146812
DRC,2025-03-11,20.06,20.44,20.02,20.36,502146
DRC,2025-03-12,20.4,20.47,20.21,20.29,398568
DRC,2025-03-13,20.4,20.4,20.02,20.06,480052
DRC,2025-03-14,20.17,20.21,19.99,19.99,383603
DRC,2025-03-17,20.06,20.17,19.99,20.1,272331
DRC,2025-03-18,20.1,20.17,20.02,20.06,273546
DRC,2025-03-19,20.1,20.1,19.88,19.91,401040
DRC,2025-03-20,19.91,19.95,19.76,19.8,383598
DRC,2025-03-21,19.8,19.88,19.76,19.76,201505
DRC,2025-03-24,19.8,19.84,19.65,19.65,329903
DRC,2025-03-25,19.73,20.17,19.65,20.17,790920
DRC,2025-03-26,20.17,20.32,19.99,20.06,365892
DRC,2025-03-27,20.06,20.06,19.76,19.8,352355
DRC,2025-03-28,19.8,20.29,19.76,20.14,671256
DRC,2025-03-31,20.14,20.32,19.95,19.99,668737
DRC,2025-04-01,19.95,20.1,19.88,19.91,381633
DRC,2025-04-02,19.95,20.02,19.88,19.91,227924
DRC,2025-04-03,18.53,19.05,18.53,18.53,1056692
DRC,2025-04-04,17.26,17.26,17.26,17.26,372810
DRC,2025-04-08,16.06,16.06,16.06,16.06,240676
DRC,2025-04-09,14.94,14.94,14.94,14.94,484936
DRC,2025-04-10,15.99,15.99,15.99,15.99,309030
DRC,2025-04-11,17.07,17.07,15.09,15.95,1606441
DRC,2025-04-14,16.03,16.33,15.84,15.92,818902
DRC,2025-04-15,15.73,16.18,15.21,15.39,831128
DRC,2025-04-16,15.28,15.39,14.5,14.57,974964
DRC,2025-04-17,13.9,14.5,13.9,14.23,1208838
DRC,2025-04-18,14.53,14.79,14.31,14.65,629527
DRC,2025-04-21,14.72,14.72,14.12,14.2,972059
DRC,2025-04-22,14.08,14.2,13.23,13.49,1391453
DRC,2025-04-23,13.6,13.79,13.34,13.6,893789
DRC,2025-04-24,13.64,14.12,13.64,14.08,939996
DRC,2025-04-25,14.08,14.42,14.05,14.08,493217
DRC,2025-04-28,14.16,14.46,13.82,14.05,671881
DRC,2025-04-29,14.05,14.35,14.01,14.05,385762
DRC,2025-05-05,14.08,14.46,14.08,14.46,674090
DRC,2025-05-06,14.68,15.06,14.68,14.83,854227
DRC,2025-05-07,14.87,15.28,14.87,15.17,525339
DRC,2025-05-08,15.17,15.77,15.09,15.69,816667
DRC,2025-05-09,16.03,16.03,15.62,15.8,520266
DRC,2025-05-12,15.99,15.99,15.35,15.8,635723
DRC,2025-05-13,15.99,15.99,15.62,15.77,508590
DRC,2025-05-14,15.84,15.84,15.39,15.62,494862
DRC,2025-05-15,15.47,15.65,15.47,15.62,256501
DRC,2025-05-16,15.32,15.65,15.32,15.43,250841
DRC,2025-05-19,15.39,15.39,15.06,15.09,497709
DRC,2025-05-20,15.24,15.32,15.06,15.21,290644
DRC,2025-05-21,15.32,15.32,15.13,15.13,164973
DRC,2025-05-22,15.21,15.21,14.87,14.87,701188
DRC,2025-05-23,14.94,15.06,14.79,14.98,240586
DRC,2025-05-26,15.02,15.65,14.83,15.5,824579
DRC,2025-05-27,15.69,15.77,15.47,15.47,648303
DRC,2025-05-28,15.54,15.92,15.54,15.65,861768
DRC,2025-05-29,15.92,15.95,15.69,15.88,567013
DRC,2025-05-30,15.88,15.88,15.54,15.62,491507
DRC,2025-06-02,15.54,15.62,15.35,15.47,670721
DRC,2025-06-03,15.69,15.77,15.5,15.65,624039
DRC,2025-06-04,15.69,15.69,15.54,15.65,519364
DRC,2025-06-05,15.69,16.74,15.69,16.55,1870454
DRC,2025-06-06,16.55,16.55,16.06,16.06,628443
DRC,2025-06-09,16.06,16.14,15.54,15.54,619170
DRC,2025-06-10,15.69,15.92,15.58,15.77,344223
DRC,2025-06-11,16.06,16.06,15.69,15.69,475933
DRC,2025-06-12,15.77,15.95,15.69,15.69,547083
DRC,2025-06-13,14.92,15.69,14.92,15.5,600053
DRC,2025-06-16,15.5,15.77,15.38,15.73,328800
DRC,2025-06-17,15.85,15.92,15.58,15.69,576571
DRC,2025-06-18,15.81,15.81,15.58,15.65,338338
DRC,2025-06-19,15.65,16.27,15.54,15.92,652033
DRC,2025-06-20,15.92,15.96,15.81,15.88,370597
DRC,2025-06-23,15.77,16.27,15.65,16.19,690063
DRC,2025-06-24,16.19,16.5,16.19,16.31,803268
DRC,2025-06-25,16.35,16.69,16.23,16.23,1042595
DRC,2025-06-26,16.61,16.77,16.5,16.61,906905
DRC,2025-06-27,16.69,16.69,16.31,16.38,636375
DRC,2025-06-30,16.5,17.08,16.5,16.96,1276686
DRC,2025-07-01,17.08,17.08,16.69,16.69,427704
DRC,2025-07-02,16.65,17.04,16.61,16.81,876379
DRC,2025-07-03,16.92,17.23,16.61,16.69,1309002
DRC,2025-07-04,16.73,16.77,16.54,16.61,812694
DRC,2025-07-07,16.77,16.77,16.54,16.61,708869
DRC,2025-07-08,16.73,16.88,16.58,16.77,743055
DRC,2025-07-09,16.85,16.96,16.58,16.73,1415126
DRC,2025-07-10,16.92,16.92,16.69,16.81,747070
DRC,2025-07-11,16.85,16.88,16.73,16.73,656182
DRC,2025-07-14,16.77,17.58,16.69,17.31,1989724
DRC,2025-07-15,17.38,17.54,17.11,17.11,917262
DRC,2025-07-16,17.11,17.54,17.11,17.42,947690
DRC,2025-07-17,17.73,17.73,17.42,17.46,807376
DRC,2025-07-18,17.38,17.61,17.31,17.42,1214499
DRC,2025-07-21,17.46,17.54,17.38,17.42,1234842
DRC,2025-07-22,17.46,17.46,17.27,17.42,1612570
DRC,2025-07-23,17.6,18.0,17.6,17.8,1409165
DRC,2025-07-24,18.0,18.0,17.7,17.75,824740
DRC,2025-07-25,17.75,17.8,17.7,17.75,964171
DRC,2025-07-28,17.65,17.8,17.65,17.8,1258249
DRC,2025-07-29,17.8,17.9,17.0,17.0,1621152
DRC,2025-07-30,17.0,17.25,16.75,16.9,808733
DRC,2025-07-31,16.95,17.0,16.7,16.85,626811
DRC,2025-08-01,17.0,17.0,16.8,16.95,495472
DRC,2025-08-04,16.9,17.3,16.85,17.25,466933
DRC,2025-08-05,17.3,17.4,17.1,17.15,824400
DRC,2025-08-06,17.15,17.3,17.0,17.15,615100
DRC,2025-08-07,17.25,17.3,17.0,17.1,668300
DRC,2025-08-08,17.1,17.3,16.95,17.15,1168400
DRC,2025-08-11,17.2,17.7,17.2,17.7,1245000
DRC,2025-08-12,17.8,17.8,17.45,17.6,743400
DRC,2025-08-13,17.65,17.7,17.3,17.5,864700
DRC,2025-08-14,17.55,18.35,17.3,18.2,2013000
DRC,2025-08-15,18.2,18.2,17.65,17.65,923200
DRC,2025-08-18,17.65,17.8,17.5,17.6,547900
DRC,2025-08-19,17.6,17.7,17.45,17.45,981500
DRC,2025-08-20,17.45,18.0,17.15,17.4,1004800
DRC,2025-08-21,17.6,17.6,17.25,17.35,595100
DRC,2025-08-22,17.2,17.4,16.9,16.95,983800
DRC,2025-08-25,17.0,17.2,16.75,16.95,498900
DRC,2025-08-26,16.9,17.0,16.85,17.0,348800
DRC,2025-08-27,17.1,17.6,17.0,17.3,762300
DRC,2025-08-28,17.3,17.4,17.05,17.15,368600
DRC,2025-08-29,17.2,17.3,17.0,17.0,598200
DRC,2025-09-03,17.0,17.3,16.85,17.3,583900
DRC,2025-09-04,17.3,17.45,17.2,17.25,570200
DRC,2025-09-05,17.3,17.4,16.95,17.05,1352300
DRC,2025-09-08,16.9,17.0,16.65,16.65,1170300
DRC,2025-09-09,16.7,16.8,16.6,16.65,729200
DRC,2025-09-10,16.75,16.8,16.6,16.7,400300
DRC,2025-09-11,16.7,16.7,16.5,16.7,674500
DRC,2025-09-12,16.7,17.25,16.65,17.05,760000
DRC,2025-09-15,17.25,17.4,17.1,17.35,738000
DRC,2025-09-16,17.45,17.45,17.1,17.2,466000
DRC,2025-09-17,17.25,17.25,16.9,16.9,467600
DRC,2025-09-18,17.0,17.05,16.8,16.95,433000
DRC,2025-09-19,17.0,17.1,16.8,16.9,284500
DRC,2025-09-22,16.85,17.05,16.6,16.65,453100
DRC,2025-09-23,16.65,16.8,16.6,16.7,231500
DRC,2025-09-24,16.75,16.8,16.55,16.8,275700
DRC,2025-09-25,16.85,16.9,16.75,16.75,118300
DRC,2025-09-26,16.8,16.85,16.7,16.7,180800
DRC,2025-09-29,16.7,16.7,16.45,16.55,394000
DRC,2025-09-30,16.55,16.7,16.1,16.25,368800
DRC,2025-10-01,16.4,16.5,16.25,16.25,159800
DRC,2025-10-02,16.45,16.45,16.2,16.2,173100
DRC,2025-10-03,16.2,16.25,16.0,16.1,185600
DRC,2025-10-06,16.05,16.4,16.05,16.3,213500
DRC,2025-10-07,16.25,16.4,16.15,16.2,139100
DRC,2025-10-08,16.4,16.6,16.2,16.25,317400
DRC,2025-10-09,16.45,16.45,16.05,16.2,143300
DRC,2025-10-10,16.1,16.35,16.1,16.15,210000
DRC,2025-10-13,16.0,16.15,16.0,16.0,456000
DRC,2025-10-14,16.05,16.1,15.75,15.85,348200
DRC,2025-10-15,15.8,15.8,15.5,15.55,443800
DRC,2025-10-16,15.85,15.85,15.5,15.65,294700
DRC,2025-10-17,15.65,15.7,15.5,15.6,237100
DRC,2025-10-20,15.65,15.65,15.0,15.0,255600
DRC,2025-10-21,15.05,15.4,14.9,15.1,373700
DRC,2025-10-22,15.1,15.25,14.95,15.15,234000
DRC,2025-10-23,15.2,15.35,15.15,15.3,149000
DRC,2025-10-24,15.25,15.25,15.0,15.15,222700
DRC,2025-10-27,15.3,16.15,15.3,16.1,450300
DRC,2025-10-28,16.0,16.1,15.65,16.0,194300
DRC,2025-10-29,16.05,16.15,15.95,16.05,296500
DRC,2025-10-30,16.3,16.3,15.7,15.85,224900
DRC,2025-10-31,15.95,16.15,15.75,15.9,499700
DRC,2025-11-03,15.9,16.15,15.75,15.8,160100
DRC,2025-11-04,15.8,15.85,15.1,15.65,386600
DRC,2025-11-05,15.65,15.75,15.4,15.4,231500
DRC,2025-11-06,15.5,16.0,15.3,15.6,218500
DRC,2025-11-07,15.6,15.75,15.4,15.4,207400
DRC,2025-11-10,15.45,15.6,15.35,15.45,123600
DRC,2025-11-11,15.45,15.75,15.4,15.4,212000
DRC,2025-11-12,15.5,15.65,15.45,15.65,132200
DRC,2025-11-13,15.8,15.8,15.6,15.8,320600
DRC,2025-11-14,15.8,15.9,15.5,15.7,275600
DRC,2025-11-17,15.7,15.9,15.7,15.75,150800
DRC,2025-11-18,15.85,16.0,15.7,15.75,252600
DRC,2025-11-19,15.8,15.9,15.6,15.6,191400
DRC,2025-11-20,15.6,15.65,15.5,15.55,105500
DRC,2025-11-21,15.5,15.7,15.35,15.55,105300
DRC,2025-11-24,15.5,15.65,15.45,15.55,107400
DRC,2025-11-25,15.55,15.55,15.35,15.4,213200
DRC,2025-11-26,15.4,15.5,15.3,15.45,155200
DRC,2025-11-27,15.45,15.55,15.4,15.5,190300
DRC,2025-11-28,15.5,15.55,15.3,15.3,154400
DRC,2025-12-01,15.35,15.6,15.3,15.4,181900
DRC,2025-12-02,15.6,15.6,15.3,15.35,207500
DRC,2025-12-03,15.35,15.45,15.3,15.35,250000
DRC,2025-12-04,15.5,15.6,15.4,15.45,195400
DRC,2025-12-05,15.45,15.5,15.3,15.3,165900
DRC,2025-12-08,15.3,15.4,15.25,15.3,183300
DRC,2025-12-09,15.2,15.4,15.15,15.3,229300
DRC,2025-12-10,15.3,15.35,15.1,15.25,281600
DRC,2025-12-11,15.25,15.3,15.1,15.15,81700
DRC,2025-12-12,15.15,15.2,14.6,14.8,427800
DRC,2025-12-15,14.85,14.85,14.6,14.7,241700
DRC,2025-12-16,14.7,14.7,14.4,14.7,444500
DRC,2025-12-17,14.6,14.9,14.6,14.75,154000
DRC,2025-12-18,14.75,14.9,14.7,14.9,87800
DRC,2025-12-19,15.0,15.1,14.85,14.9,130100
DRC,2025-12-22,14.95,15.0,14.85,14.9,227500
DRC,2025-12-23,14.85,15.2,14.85,14.9,202600
DRC,2025-12-24,14.95,15.0,14.75,14.9,130400
DRC,2025-12-25,14.9,14.9,14.75,14.75,141800
DRC,2025-12-26,14.7,14.85,14.4,14.55,278100
DRC,2025-12-29,14.55,14.75,14.55,14.6,95600
DRC,2025-12-30,14.7,14.9,14.55,14.7,231000
DRC,2025-12-31,14.7,14.9,14.65,14.8,182500
DQC,2008-02-21,55.36,55.36,55.36,55.36,1710
DQC,2008-02-22,52.73,52.73,52.73,52.73,10
DQC,2008-02-25,50.11,51.3,50.11,50.11,160540
DQC,2008-02-26,47.72,47.72,47.72,47.72,5390
DQC,2008-02-27,45.34,45.34,45.34,45.34,6150
DQC,2008-02-28,43.19,43.19,43.19,43.19,1390
DQC,2008-02-29,41.04,41.04,41.04,41.04,970
DQC,2008-03-03,39.13,39.13,39.13,39.13,230
DQC,2008-03-04,37.22,37.22,37.22,37.22,1020
DQC,2008-03-05,35.79,35.79,35.55,35.55,600
DQC,2008-03-06,37.22,37.22,35.79,37.22,400010
DQC,2008-03-07,38.42,38.89,37.22,38.89,256190
DQC,2008-03-10,40.32,40.56,36.98,36.98,121970
DQC,2008-03-11,35.31,35.31,35.31,35.31,6600
DQC,2008-03-12,33.64,35.55,33.64,33.64,271340
DQC,2008-03-13,33.64,33.88,32.21,32.21,193170
DQC,2008-03-14,32.21,32.21,30.78,32.21,241640
DQC,2008-03-17,31.02,31.02,30.78,30.78,132870
DQC,2008-03-18,29.35,29.35,29.35,29.35,5890
DQC,2008-03-19,27.92,28.39,27.92,27.92,296540
DQC,2008-03-20,26.72,26.72,26.72,26.72,17250
DQC,2008-03-21,25.53,25.53,25.53,25.53,6450
DQC,2008-03-24,24.34,24.34,24.34,24.34,6800
DQC,2008-03-25,23.14,23.14,23.14,23.14,1200
DQC,2008-03-26,22.07,22.07,22.07,22.07,73320
DQC,2008-03-27,21.95,22.19,21.95,22.19,136820
DQC,2008-03-28,22.31,22.31,22.31,22.31,75820
DQC,2008-03-31,22.43,22.43,22.43,22.43,6390
DQC,2008-04-01,22.55,22.55,22.55,22.55,5700
DQC,2008-04-02,22.67,22.67,22.67,22.67,5900
DQC,2008-04-03,22.79,22.79,22.79,22.79,2000
DQC,2008-04-04,22.91,22.91,22.91,22.91,1500
DQC,2008-04-07,23.26,23.26,22.91,23.26,268400
DQC,2008-04-08,23.26,23.26,22.91,22.91,142740
DQC,2008-04-09,22.55,22.55,22.55,22.55,37650
DQC,2008-04-10,22.19,22.19,22.19,22.19,6850
DQC,2008-04-11,21.83,21.83,21.83,21.83,11200
DQC,2008-04-16,21.47,21.47,21.47,21.47,1520
DQC,2008-04-17,21.12,21.83,21.12,21.12,122100
DQC,2008-04-18,20.76,20.76,20.76,20.76,42210
DQC,2008-04-21,20.4,20.4,20.4,20.4,10880
DQC,2008-04-22,20.04,20.04,20.04,20.04,240
DQC,2008-04-23,19.69,19.69,19.69,19.69,230
DQC,2008-04-24,19.33,19.33,19.33,19.33,4590
DQC,2008-04-25,18.97,18.97,18.97,18.97,3290
DQC,2008-04-28,18.61,18.61,18.61,18.61,80690
DQC,2008-04-29,18.25,18.61,18.25,18.25,108680
DQC,2008-05-05,18.13,18.61,18.13,18.61,48050
DQC,2008-05-06,18.97,18.97,18.97,18.97,6970
DQC,2008-05-07,19.33,19.33,18.61,18.61,256060
DQC,2008-05-08,18.25,18.25,18.25,18.25,10440
DQC,2008-05-09,17.9,17.9,17.9,17.9,8590
DQC,2008-05-12,17.54,17.54,17.54,17.54,3010
DQC,2008-05-13,17.3,17.3,17.3,17.3,100
DQC,2008-05-14,17.06,17.06,17.06,17.06,290
DQC,2008-05-15,16.82,16.82,16.82,16.82,1200
DQC,2008-05-16,16.58,16.58,16.58,16.58,690
DQC,2008-05-19,16.34,16.34,16.34,16.34,14210
DQC,2008-05-20,16.11,16.11,16.11,16.11,400
DQC,2008-05-21,15.87,15.87,15.87,15.87,31580
DQC,2008-05-22,15.63,15.63,15.63,15.63,15310
DQC,2008-05-23,15.39,15.39,15.39,15.39,2710
DQC,2008-05-26,15.15,15.15,15.15,15.15,10
DQC,2008-05-30,14.91,14.91,14.91,14.91,11040
DQC,2008-06-02,14.67,14.67,14.67,14.67,1220
DQC,2008-06-03,14.44,14.44,14.44,14.44,10
DQC,2008-06-04,14.2,14.2,14.2,14.2,20
DQC,2008-06-05,13.96,13.96,13.96,13.96,400
DQC,2008-06-06,13.72,13.72,13.72,13.72,20
DQC,2008-06-09,13.48,13.48,13.48,13.48,10
DQC,2008-06-10,13.24,13.24,13.24,13.24,10
DQC,2008-06-11,13.0,13.0,13.0,13.0,4100
DQC,2008-06-12,13.0,13.0,12.77,12.77,2210
DQC,2008-06-13,12.53,12.53,12.53,12.53,70490
DQC,2008-06-16,12.29,12.29,12.29,12.29,35760
DQC,2008-06-17,12.05,12.53,12.05,12.53,902020
DQC,2008-06-18,12.29,12.29,12.29,12.29,233360
DQC,2008-06-19,11.93,11.93,11.93,11.93,12490
DQC,2008-06-20,11.57,11.57,11.57,11.57,2810
DQC,2008-06-23,11.24,11.24,11.24,11.24,26540
DQC,2008-06-24,10.9,10.9,10.9,10.9,15320
DQC,2008-06-25,10.59,10.59,10.59,10.59,61300
DQC,2008-06-26,10.38,10.9,10.28,10.31,396640
DQC,2008-06-27,10.05,10.59,10.05,10.59,85790
DQC,2008-06-30,10.9,10.9,10.59,10.9,87750
DQC,2008-07-01,11.21,11.21,11.21,11.21,107450
DQC,2008-07-02,11.55,11.55,11.21,11.55,359220
DQC,2008-07-03,11.88,11.88,11.88,11.88,89760
DQC,2008-07-04,12.17,12.17,11.74,12.17,289400
DQC,2008-07-07,12.53,12.53,11.81,11.81,295120
DQC,2008-07-08,11.48,12.05,11.48,12.05,174780
DQC,2008-07-09,12.29,12.41,12.05,12.41,270060
DQC,2008-07-10,12.77,12.77,12.53,12.77,243730
DQC,2008-07-11,13.12,13.12,13.12,13.12,88920
DQC,2008-07-14,13.48,13.48,13.48,13.48,80010
DQC,2008-07-15,13.84,13.84,13.84,13.84,50280
DQC,2008-07-16,14.2,14.2,13.48,14.2,635600
DQC,2008-07-17,14.56,14.56,14.56,14.56,236120
DQC,2008-07-18,14.2,14.91,14.2,14.2,330400
DQC,2008-07-21,13.84,13.84,13.84,13.84,4490
DQC,2008-07-22,13.48,13.48,13.48,13.48,320
DQC,2008-07-23,13.12,13.12,13.12,13.12,200
DQC,2008-07-24,12.77,13.36,12.77,12.77,567490
DQC,2008-07-25,12.41,12.41,12.41,12.41,104060
DQC,2008-07-28,12.05,12.77,12.05,12.65,178290
DQC,2008-07-29,12.65,12.88,12.29,12.29,216310
DQC,2008-07-30,11.93,11.93,11.93,11.93,67000
DQC,2008-07-31,11.57,11.57,11.57,11.57,4900
DQC,2008-08-01,11.24,11.24,11.24,11.24,11680
DQC,2008-08-04,10.9,10.9,10.9,10.9,2510
DQC,2008-08-05,10.59,10.59,10.59,10.59,300
DQC,2008-08-06,10.28,10.28,10.28,10.28,14160
DQC,2008-08-07,10.0,10.0,10.0,10.0,23760
DQC,2008-08-08,9.71,9.71,9.71,9.71,8990
DQC,2008-08-11,10.0,10.0,9.69,9.74,1382790
DQC,2008-08-12,10.02,10.02,9.78,10.02,388970
DQC,2008-08-13,10.05,10.26,9.74,9.9,272030
DQC,2008-08-14,9.62,10.19,9.62,10.19,412480
DQC,2008-08-15,10.47,10.47,10.43,10.47,600060
DQC,2008-08-18,10.47,10.47,10.02,10.02,376660
DQC,2008-08-19,9.52,9.78,9.52,9.52,265440
DQC,2008-08-20,9.07,9.07,9.07,9.07,66410
DQC,2008-08-21,8.61,9.52,8.61,9.52,585640
DQC,2008-08-22,9.78,9.9,9.14,9.19,426540
DQC,2008-08-25,9.64,9.64,9.64,9.64,135490
DQC,2008-08-26,10.12,10.12,10.12,10.12,153610
DQC,2008-08-27,10.62,10.62,10.14,10.26,823840
DQC,2008-08-28,9.76,9.76,9.76,9.76,167100
DQC,2008-08-29,9.28,9.76,9.28,9.76,257860
DQC,2008-09-03,10.24,10.24,10.24,10.24,103460
DQC,2008-09-04,10.74,10.74,10.02,10.57,360590
DQC,2008-09-05,10.57,10.57,10.07,10.09,184020
DQC,2008-09-08,9.59,9.78,9.59,9.69,177290
DQC,2008-09-09,9.78,10.16,9.78,10.02,166260
DQC,2008-09-10,10.5,10.5,9.69,10.02,211380
DQC,2008-09-11,9.97,10.02,9.74,9.74,158580
DQC,2008-09-12,9.26,9.54,9.26,9.26,268070
DQC,2008-09-15,8.8,9.54,8.8,8.8,272110
DQC,2008-09-16,8.38,8.38,8.38,8.38,40110
DQC,2008-09-17,7.97,7.97,7.97,7.97,35400
DQC,2008-09-18,7.59,7.59,7.59,7.59,10540
DQC,2008-09-19,7.23,7.95,7.23,7.95,585820
DQC,2008-09-22,8.33,8.33,8.33,8.33,25340
DQC,2008-09-23,7.92,8.33,7.92,7.92,150690
DQC,2008-09-24,7.54,7.64,7.54,7.54,68730
DQC,2008-09-25,7.18,7.64,7.18,7.64,159010
DQC,2008-09-26,7.95,7.95,7.4,7.75,90820
DQC,2008-09-29,7.4,7.61,7.37,7.37,106400
DQC,2008-09-30,7.02,7.02,7.02,7.02,18390
DQC,2008-10-01,7.35,7.35,7.16,7.35,207040
DQC,2008-10-02,7.71,7.71,7.71,7.71,92580
DQC,2008-10-03,8.09,8.09,7.75,8.09,206580
DQC,2008-10-06,7.71,7.99,7.71,7.71,151280
DQC,2008-10-07,7.33,7.33,7.33,7.33,57240
DQC,2008-10-08,6.97,7.16,6.97,6.97,169160
DQC,2008-10-09,6.92,7.3,6.68,7.16,111830
DQC,2008-10-10,5.58,6.08,5.58,5.58,156960
DQC,2008-10-13,5.58,5.73,5.32,5.32,73350
DQC,2008-10-14,5.58,5.58,5.58,5.58,7480
DQC,2008-10-15,5.58,5.75,5.34,5.7,119380
DQC,2008-10-16,5.44,5.44,5.44,5.44,28010
DQC,2008-10-17,5.25,5.37,5.18,5.25,72380
DQC,2008-10-20,5.01,5.23,4.99,4.99,81910
DQC,2008-10-21,5.2,5.2,4.99,5.01,56290
DQC,2008-10-22,4.77,4.89,4.77,4.8,59280
DQC,2008-10-23,4.56,4.56,4.56,4.56,24980
DQC,2008-10-24,4.34,4.34,4.34,4.34,50680
DQC,2008-10-27,4.13,4.13,4.13,4.13,36190
DQC,2008-10-28,3.94,3.96,3.94,3.94,82000
DQC,2008-10-29,4.13,4.13,3.94,4.13,86430
DQC,2008-10-30,4.25,4.32,4.06,4.32,79510
DQC,2008-10-31,4.49,4.53,4.34,4.34,121260
DQC,2008-11-03,4.29,4.41,4.2,4.34,39930
DQC,2008-11-04,4.25,4.56,4.25,4.56,81750
DQC,2008-11-05,4.77,4.77,4.77,4.77,20130
DQC,2008-11-06,4.53,4.77,4.53,4.53,85150
DQC,2008-11-07,4.32,4.32,4.32,4.32,29730
DQC,2008-11-10,4.18,4.29,4.1,4.1,68490
DQC,2008-11-11,3.94,4.08,3.91,3.94,100920
DQC,2008-11-12,3.94,4.13,3.91,4.13,67200
DQC,2008-11-13,4.32,4.32,4.13,4.32,131570
DQC,2008-11-14,4.53,4.53,4.53,4.53,23740
DQC,2008-11-17,4.32,4.63,4.32,4.44,132990
DQC,2008-11-18,4.27,4.41,4.22,4.29,39860
DQC,2008-11-19,4.34,4.34,4.2,4.2,29830
DQC,2008-11-20,4.03,4.08,4.01,4.01,96910
DQC,2008-11-21,3.84,4.08,3.84,3.96,50390
DQC,2008-11-24,3.98,4.01,3.94,3.94,36520
DQC,2008-11-25,4.03,4.1,3.94,4.1,65030
DQC,2008-11-26,4.01,4.1,3.94,3.94,57440
DQC,2008-11-27,4.03,4.03,3.91,3.91,43250
DQC,2008-11-28,4.06,4.1,4.06,4.1,80940
DQC,2008-12-01,4.06,4.13,3.96,3.96,35000
DQC,2008-12-02,3.87,3.94,3.84,3.94,16400
DQC,2008-12-03,4.03,4.03,3.94,3.96,9270
DQC,2008-12-04,3.89,4.06,3.89,4.06,45400
DQC,2008-12-05,3.94,3.96,3.87,3.87,65010
DQC,2008-12-08,3.75,3.75,3.67,3.67,44600
DQC,2008-12-09,3.75,3.79,3.7,3.7,25790
DQC,2008-12-10,3.7,3.7,3.6,3.65,28370
DQC,2008-12-11,3.56,3.72,3.56,3.72,25890
DQC,2008-12-12,3.82,3.89,3.82,3.89,31060
DQC,2008-12-15,4.03,4.03,3.89,3.94,50880
DQC,2008-12-16,3.79,3.82,3.75,3.75,22080
DQC,2008-12-17,3.67,3.82,3.65,3.75,11460
DQC,2008-12-18,3.75,3.91,3.7,3.79,14160
DQC,2008-12-19,3.72,3.82,3.72,3.75,30250
DQC,2008-12-22,3.72,3.84,3.72,3.79,23900
DQC,2008-12-23,3.67,3.75,3.63,3.67,57450
DQC,2008-12-24,3.6,3.7,3.58,3.63,19000
DQC,2008-12-25,3.7,3.7,3.63,3.65,8600
DQC,2008-12-26,3.63,3.7,3.63,3.65,31560
DQC,2008-12-29,3.65,3.72,3.65,3.72,11800
DQC,2008-12-30,3.67,3.77,3.67,3.72,19100
DQC,2008-12-31,3.72,3.77,3.72,3.72,36160
DQC,2009-01-02,3.75,3.75,3.72,3.75,7810
DQC,2009-01-05,3.77,3.77,3.75,3.75,25910
DQC,2009-01-06,3.75,3.79,3.75,3.79,38340
DQC,2009-01-07,3.91,3.96,3.87,3.96,92050
DQC,2009-01-08,3.94,3.94,3.82,3.82,47050
DQC,2009-01-09,3.89,3.91,3.77,3.84,31510
DQC,2009-01-12,3.75,3.82,3.75,3.82,58710
DQC,2009-01-13,3.72,3.79,3.72,3.72,27170
DQC,2009-01-14,3.7,3.77,3.67,3.67,62790
DQC,2009-01-15,3.67,3.67,3.63,3.63,48530
DQC,2009-01-16,3.63,3.65,3.46,3.46,116660
DQC,2009-01-19,3.46,3.51,3.34,3.41,51700
DQC,2009-01-20,3.39,3.56,3.39,3.46,31480
DQC,2009-01-21,3.56,3.56,3.41,3.41,12950
DQC,2009-01-22,3.51,3.51,3.46,3.46,11510
DQC,2009-01-23,3.46,3.46,3.44,3.46,40000
DQC,2009-02-02,3.36,3.44,3.34,3.36,22300
DQC,2009-02-03,3.25,3.29,3.2,3.2,58750
DQC,2009-02-04,3.1,3.22,3.05,3.08,50210
DQC,2009-02-05,2.96,3.1,2.93,2.93,119570
DQC,2009-02-06,2.93,2.93,2.82,2.91,33800
DQC,2009-02-09,2.96,3.01,2.86,3.01,29550
DQC,2009-02-10,2.86,2.89,2.86,2.86,29430
DQC,2009-02-11,2.72,2.79,2.72,2.72,41550
DQC,2009-02-12,2.79,2.79,2.6,2.6,59860
DQC,2009-02-13,2.53,2.53,2.48,2.48,52310
DQC,2009-02-16,2.46,2.46,2.41,2.41,24830
DQC,2009-02-17,2.36,2.39,2.29,2.29,64590
DQC,2009-02-18,2.24,2.27,2.2,2.2,81060
DQC,2009-02-19,2.2,2.29,2.2,2.27,39330
DQC,2009-02-20,2.34,2.34,2.29,2.31,33980
DQC,2009-02-23,2.22,2.27,2.22,2.22,83220
DQC,2009-02-24,2.17,2.17,2.12,2.15,67200
DQC,2009-02-25,2.17,2.24,2.17,2.24,47710
DQC,2009-02-26,2.24,2.24,2.17,2.22,24730
DQC,2009-02-27,2.17,2.24,2.17,2.24,15510
DQC,2009-03-02,2.2,2.27,2.2,2.24,19780
DQC,2009-03-03,2.17,2.2,2.15,2.15,150880
DQC,2009-03-04,2.15,2.2,2.15,2.2,43630
DQC,2009-03-05,2.24,2.24,2.2,2.24,46130
DQC,2009-03-06,2.17,2.24,2.17,2.24,23670
DQC,2009-03-09,2.2,2.27,2.2,2.27,54190
DQC,2009-03-10,2.27,2.36,2.27,2.36,80480
DQC,2009-03-11,2.46,2.46,2.46,2.46,16060
DQC,2009-03-12,2.58,2.58,2.46,2.58,700960
DQC,2009-03-13,2.7,2.7,2.67,2.7,303640
DQC,2009-03-16,2.82,2.82,2.82,2.82,107600
DQC,2009-03-17,2.93,2.93,2.93,2.93,22400
DQC,2009-03-18,3.08,3.08,3.08,3.08,33150
DQC,2009-03-19,3.22,3.22,2.98,3.1,529190
DQC,2009-03-20,3.05,3.22,2.98,2.98,383950
DQC,2009-03-23,2.91,2.91,2.84,2.84,190240
DQC,2009-03-24,2.96,2.96,2.91,2.96,174260
DQC,2009-03-25,2.84,3.08,2.84,2.98,220480
DQC,2009-03-26,3.05,3.05,2.93,2.98,203650
DQC,2009-03-27,2.98,3.01,2.89,2.96,383580
DQC,2009-03-30,2.84,2.91,2.82,2.91,151220
DQC,2009-03-31,2.86,2.91,2.82,2.84,80830
DQC,2009-04-01,2.96,2.96,2.89,2.96,163240
DQC,2009-04-02,3.1,3.1,3.1,3.1,47570
DQC,2009-04-03,3.25,3.25,3.25,3.25,45680
DQC,2009-04-07,3.39,3.39,3.39,3.39,65230
DQC,2009-04-08,3.56,3.56,3.39,3.56,759500
DQC,2009-04-09,3.72,3.72,3.72,3.72,448620
DQC,2009-04-10,3.89,3.89,3.89,3.89,12190
DQC,2009-04-13,4.08,4.08,4.08,4.08,13960
DQC,2009-04-14,4.27,4.27,4.27,4.27,642510
DQC,2009-04-15,4.18,4.46,4.08,4.29,949630
DQC,2009-04-16,4.51,4.51,4.41,4.51,382330
DQC,2009-04-17,4.72,4.72,4.37,4.61,421250
DQC,2009-04-20,4.39,4.39,4.39,4.39,28100
DQC,2009-04-21,4.18,4.18,4.18,4.18,38760
DQC,2009-04-22,4.01,4.18,3.98,3.98,591250
DQC,2009-04-23,3.79,3.96,3.79,3.79,288150
DQC,2009-04-24,3.63,3.63,3.63,3.63,47040
DQC,2009-04-27,3.46,3.46,3.46,3.46,47800
DQC,2009-04-28,3.29,3.46,3.29,3.46,516540
DQC,2009-04-29,3.44,3.63,3.39,3.63,269650
DQC,2009-05-04,3.79,3.79,3.79,3.79,25880
DQC,2009-05-05,3.96,3.96,3.96,3.96,42330
DQC,2009-05-06,3.87,3.96,3.77,3.77,419010
DQC,2009-05-07,3.79,3.94,3.7,3.94,645320
DQC,2009-05-08,3.82,4.01,3.82,3.87,231580
DQC,2009-05-11,3.84,3.98,3.77,3.82,268120
DQC,2009-05-12,3.65,3.91,3.65,3.89,253490
DQC,2009-05-13,3.84,3.89,3.79,3.82,290830
DQC,2009-05-14,3.67,3.79,3.67,3.77,157290
DQC,2009-05-15,3.84,3.94,3.82,3.94,388560
DQC,2009-05-18,3.98,4.13,3.94,4.13,666170
DQC,2009-05-19,4.32,4.32,4.32,4.32,68930
DQC,2009-05-20,4.53,4.53,4.53,4.53,115220
DQC,2009-05-21,4.75,4.75,4.65,4.75,979480
DQC,2009-05-22,4.53,4.53,4.53,4.53,304310
DQC,2009-05-25,4.65,4.75,4.56,4.72,559890
DQC,2009-05-26,4.58,4.72,4.51,4.53,539580
DQC,2009-05-27,4.32,4.51,4.32,4.32,422600
DQC,2009-05-28,4.18,4.22,4.1,4.13,277460
DQC,2009-05-29,4.27,4.32,4.06,4.32,237160
DQC,2009-06-01,4.53,4.53,4.53,4.53,127250
DQC,2009-06-02,4.75,4.75,4.65,4.72,569120
DQC,2009-06-03,4.65,4.7,4.51,4.65,460840
DQC,2009-06-04,4.87,4.87,4.87,4.87,380910
DQC,2009-06-05,5.11,5.11,5.11,5.11,90670
DQC,2009-06-08,5.34,5.34,5.34,5.34,50430
DQC,2009-06-09,5.61,5.61,5.49,5.61,694330
DQC,2009-06-10,5.77,5.77,5.73,5.49,1077410
DQC,2009-06-11,5.75,5.75,5.75,5.75,143290
DQC,2009-06-12,6.04,6.04,6.04,6.04,122780
DQC,2009-06-15,5.75,6.2,5.75,5.77,766760
DQC,2009-06-16,5.49,5.49,5.49,5.49,132040
DQC,2009-06-17,5.23,5.37,5.23,5.23,440980
DQC,2009-06-18,5.42,5.42,4.99,5.13,356930
DQC,2009-06-19,5.2,5.2,4.89,5.01,409820
DQC,2009-06-22,4.84,4.84,4.77,4.77,155120
DQC,2009-06-23,4.53,4.53,4.53,4.53,27260
DQC,2009-06-24,4.56,4.75,4.53,4.75,483280
DQC,2009-06-25,4.77,4.87,4.53,4.53,276030
DQC,2009-06-26,4.41,4.63,4.32,4.37,501140
DQC,2009-06-29,4.39,4.44,4.15,4.29,476960
DQC,2009-06-30,4.29,4.32,4.08,4.08,247570
DQC,2009-07-01,3.89,3.94,3.89,3.89,292100
DQC,2009-07-02,3.89,4.06,3.79,3.94,224500
DQC,2009-07-03,3.94,4.13,3.94,4.13,187060
DQC,2009-07-06,4.27,4.32,4.25,4.32,155130
DQC,2009-07-07,4.34,4.41,4.25,4.25,141080
DQC,2009-07-08,4.22,4.25,4.08,4.25,139930
DQC,2009-07-09,4.25,4.29,4.18,4.18,58220
DQC,2009-07-10,4.1,4.15,3.98,4.01,152700
DQC,2009-07-13,3.98,4.06,3.82,3.82,132510
DQC,2009-07-14,3.82,3.87,3.7,3.75,105740
DQC,2009-07-15,3.84,3.91,3.82,3.87,129820
DQC,2009-07-16,4.03,4.03,3.91,3.96,106060
DQC,2009-07-17,3.96,3.96,3.87,3.94,72560
DQC,2009-07-20,3.79,3.82,3.75,3.77,111050
DQC,2009-07-21,3.77,3.87,3.75,3.79,75600
DQC,2009-07-22,3.84,3.84,3.75,3.77,68380
DQC,2009-07-23,3.72,3.94,3.67,3.94,106910
DQC,2009-07-24,4.13,4.13,4.13,4.13,67540
DQC,2009-07-27,3.94,4.25,3.94,4.13,197820
DQC,2009-07-28,3.98,4.1,3.94,3.96,128840
DQC,2009-07-29,4.03,4.03,3.91,3.94,120850
DQC,2009-07-30,3.82,3.98,3.79,3.94,69280
DQC,2009-07-31,4.03,4.06,3.98,3.98,65850
DQC,2009-08-03,3.79,3.87,3.79,3.79,498770
DQC,2009-08-04,3.82,3.82,3.75,3.77,171660
DQC,2009-08-05,3.7,3.94,3.65,3.94,219690
DQC,2009-08-06,3.94,4.13,3.94,4.1,446940
DQC,2009-08-07,4.01,4.1,4.01,4.1,180340
DQC,2009-08-10,4.18,4.18,4.06,4.13,216520
DQC,2009-08-11,4.06,4.1,4.01,4.03,156350
DQC,2009-08-12,4.03,4.13,3.98,4.03,187350
DQC,2009-08-13,4.06,4.06,3.96,3.96,206630
DQC,2009-08-14,3.94,4.03,3.91,4.01,168370
DQC,2009-08-17,4.06,4.08,4.03,4.08,209540
DQC,2009-08-18,4.08,4.1,4.03,4.08,124730
DQC,2009-08-19,4.08,4.27,4.06,4.27,486660
DQC,2009-08-20,4.46,4.46,4.32,4.46,508280
DQC,2009-08-21,4.68,4.68,4.46,4.68,720300
DQC,2009-08-24,4.58,4.68,4.49,4.49,338150
DQC,2009-08-25,4.37,4.39,4.27,4.39,496310
DQC,2009-08-26,4.41,4.53,4.37,4.39,191660
DQC,2009-08-27,4.37,4.61,4.37,4.56,258880
DQC,2009-08-28,4.56,4.61,4.51,4.56,238720
DQC,2009-08-31,4.53,4.63,4.49,4.53,379860
DQC,2009-09-01,4.49,4.53,4.44,4.49,231620
DQC,2009-09-03,4.39,4.49,4.34,4.39,208090
DQC,2009-09-04,4.39,4.51,4.37,4.39,322850
DQC,2009-09-07,4.32,4.37,4.22,4.32,182070
DQC,2009-09-08,4.44,4.49,4.37,4.44,261710
DQC,2009-09-09,4.53,4.53,4.37,4.53,250410
DQC,2009-09-10,4.56,4.58,4.51,4.56,300290
DQC,2009-09-11,4.61,4.65,4.56,4.63,318690
DQC,2009-09-14,4.68,4.84,4.68,4.84,322840
DQC,2009-09-15,5.08,5.08,4.96,5.08,790720
DQC,2009-09-16,5.3,5.32,5.13,5.32,1052370
DQC,2009-09-17,5.25,5.32,5.13,5.18,459830
DQC,2009-09-18,5.01,5.18,4.99,5.15,357650
DQC,2009-09-21,5.15,5.39,5.13,5.34,480530
DQC,2009-09-22,5.27,5.61,5.27,5.61,899760
DQC,2009-09-23,5.87,5.87,5.58,5.61,530900
DQC,2009-09-24,5.44,5.56,5.34,5.34,440730
DQC,2009-09-25,5.23,5.44,5.23,5.34,282810
DQC,2009-09-28,5.27,5.37,5.15,5.15,393320
DQC,2009-09-29,5.25,5.27,5.15,5.2,358560
DQC,2009-09-30,5.25,5.44,5.25,5.44,570080
DQC,2009-10-01,5.7,5.7,5.68,5.7,680000
DQC,2009-10-02,5.49,5.97,5.46,5.97,706860
DQC,2009-10-05,6.23,6.25,5.97,6.25,642450
DQC,2009-10-06,6.56,6.56,6.44,6.56,490680
DQC,2009-10-07,6.87,6.87,6.87,6.87,137120
DQC,2009-10-08,7.21,7.21,7.21,7.21,63860
DQC,2009-10-09,7.56,7.56,7.56,7.56,42780
DQC,2009-10-12,7.92,7.92,7.92,7.92,64740
DQC,2009-10-13,8.3,8.3,8.3,8.3,40790
DQC,2009-10-14,8.71,8.71,8.71,8.71,54680
DQC,2009-10-15,9.14,9.14,9.14,9.14,4860
DQC,2009-10-16,9.59,9.59,8.73,9.16,2762640
DQC,2009-10-19,8.71,9.07,8.71,8.71,597260
DQC,2009-10-20,8.83,8.83,8.28,8.57,824090
DQC,2009-10-21,8.28,8.97,8.23,8.97,575220
DQC,2009-10-22,9.4,9.4,9.4,9.4,122410
DQC,2009-10-23,9.85,9.85,9.45,9.85,1921470
DQC,2009-10-26,9.85,10.31,9.45,9.45,1067100
DQC,2009-10-27,9.0,9.0,9.0,9.0,47710
DQC,2009-10-28,8.57,8.57,8.57,8.57,26220
DQC,2009-10-29,8.16,8.16,8.16,8.16,14890
DQC,2009-10-30,7.75,7.75,7.75,7.75,182150
DQC,2009-11-02,7.37,7.37,7.37,7.37,9800
DQC,2009-11-03,7.02,7.02,7.02,7.02,26250
DQC,2009-11-04,6.68,6.68,6.68,6.68,83290
DQC,2009-11-05,6.35,7.02,6.35,7.02,1392060
DQC,2009-11-06,7.35,7.35,6.68,6.68,646480
DQC,2009-11-09,6.92,6.92,6.35,6.37,267260
DQC,2009-11-10,6.37,6.44,6.06,6.08,353860
DQC,2009-11-11,6.23,6.37,5.92,6.37,332420
DQC,2009-11-12,6.44,6.68,6.37,6.54,345520
DQC,2009-11-13,6.39,6.78,6.32,6.61,247980
DQC,2009-11-16,6.92,6.92,6.9,6.92,412550
DQC,2009-11-17,7.02,7.25,6.99,7.25,606830
DQC,2009-11-18,7.61,7.61,7.61,7.61,265870
DQC,2009-11-19,7.97,7.97,7.61,7.97,752840
DQC,2009-11-20,7.92,8.35,7.9,8.18,763470
DQC,2009-11-23,8.18,8.35,7.78,7.87,648710
DQC,2009-11-24,7.92,8.23,7.8,8.16,570220
DQC,2009-11-25,7.95,8.28,7.75,7.75,406920
DQC,2009-11-26,7.61,7.61,7.37,7.37,252060
DQC,2009-11-27,7.02,7.66,7.02,7.04,663400
DQC,2009-11-30,7.04,7.37,7.04,7.37,463840
DQC,2009-12-01,7.64,7.73,7.4,7.73,306490
DQC,2009-12-02,7.39,8.02,7.39,7.42,573430
DQC,2009-12-03,7.49,7.78,7.13,7.78,601870
DQC,2009-12-04,8.07,8.07,7.78,7.97,333460
DQC,2009-12-07,7.97,8.36,7.78,8.36,543370
DQC,2009-12-08,8.36,8.5,8.0,8.31,510060
DQC,2009-12-09,8.0,8.02,7.9,7.9,490360
DQC,2009-12-10,8.04,8.04,7.51,7.51,328170
DQC,2009-12-11,7.22,7.51,7.15,7.15,304030
DQC,2009-12-14,7.44,7.49,7.01,7.17,271610
DQC,2009-12-15,7.2,7.25,6.96,7.1,263040
DQC,2009-12-16,7.01,7.01,6.76,6.76,325360
DQC,2009-12-17,6.47,6.76,6.43,6.45,396740
DQC,2009-12-18,6.72,6.76,6.67,6.76,197160
DQC,2009-12-21,7.01,7.1,7.01,7.1,101150
DQC,2009-12-22,7.25,7.44,7.13,7.42,358500
DQC,2009-12-23,7.2,7.49,7.15,7.2,150260
DQC,2009-12-24,6.93,7.44,6.93,7.3,113410
DQC,2009-12-25,7.49,7.66,7.42,7.66,205140
DQC,2009-12-28,7.49,7.85,7.37,7.37,119260
DQC,2009-12-29,7.15,7.73,7.15,7.73,438600
DQC,2009-12-30,7.97,8.12,7.92,7.97,424500
DQC,2009-12-31,8.24,8.33,8.04,8.17,229340
DQC,2010-01-04,8.43,8.55,8.41,8.55,252000
DQC,2010-01-05,8.91,8.94,8.21,8.33,273170
DQC,2010-01-06,8.21,8.75,8.07,8.75,578280
DQC,2010-01-07,9.18,9.18,9.18,9.18,57550
DQC,2010-01-08,9.64,9.64,8.96,8.96,1390220
DQC,2010-01-11,9.4,9.4,9.4,9.4,66970
DQC,2010-01-12,9.86,9.86,8.99,9.42,1340180
DQC,2010-01-13,9.54,9.88,8.99,9.88,504280
DQC,2010-01-14,9.88,9.88,9.4,9.4,502640
DQC,2010-01-15,9.06,9.45,8.94,8.96,528940
DQC,2010-01-18,8.55,8.87,8.53,8.53,604910
DQC,2010-01-19,8.33,8.7,8.29,8.53,254500
DQC,2010-01-20,8.53,8.7,8.21,8.31,384330
DQC,2010-01-21,8.09,8.43,7.9,7.92,323440
DQC,2010-01-22,7.68,8.31,7.68,7.92,221320
DQC,2010-01-25,7.75,8.26,7.75,8.26,120840
DQC,2010-01-26,8.46,8.67,8.46,8.67,200030
DQC,2010-01-27,8.58,8.65,8.26,8.26,264000
DQC,2010-01-28,8.26,8.26,7.9,7.95,126130
DQC,2010-01-29,7.97,8.07,7.88,7.97,76230
DQC,2010-02-01,8.14,8.21,8.0,8.17,95940
DQC,2010-02-02,8.19,8.33,8.12,8.19,83760
DQC,2010-02-03,8.19,8.58,8.17,8.58,227980
DQC,2010-02-04,8.65,8.99,8.65,8.82,171610
DQC,2010-02-05,8.7,8.82,8.58,8.58,113480
DQC,2010-02-08,8.53,8.62,8.38,8.46,126830
DQC,2010-02-09,8.53,8.53,8.21,8.21,179420
DQC,2010-02-10,8.43,8.43,8.21,8.26,42030
DQC,2010-02-11,8.43,8.5,8.26,8.46,105620
DQC,2010-02-12,8.58,8.7,8.46,8.7,132720
DQC,2010-02-22,8.72,8.94,8.7,8.82,136380
DQC,2010-02-23,8.91,9.25,8.82,9.25,810980
DQC,2010-02-24,9.25,9.54,9.16,9.28,462860
DQC,2010-02-25,9.28,9.42,9.18,9.3,157810
DQC,2010-02-26,9.2,9.54,9.2,9.54,257900
DQC,2010-03-01,9.49,9.64,9.35,9.54,369770
DQC,2010-03-02,9.54,9.61,9.4,9.45,244440
DQC,2010-03-03,9.45,9.9,9.45,9.9,376170
DQC,2010-03-04,10.15,10.39,10.03,10.39,349090
DQC,2010-03-05,10.63,10.9,10.53,10.9,693340
DQC,2010-03-08,11.06,11.43,10.63,11.43,632840
DQC,2010-03-09,11.35,11.89,11.26,11.84,188940
DQC,2010-03-10,11.35,11.84,11.26,11.26,508390
DQC,2010-03-11,11.35,11.81,11.26,11.64,753700
DQC,2010-03-12,11.84,11.84,11.52,11.57,246040
DQC,2010-03-15,11.67,11.67,11.11,11.31,497640
DQC,2010-03-16,11.11,11.86,11.09,11.79,934040
DQC,2010-03-17,11.84,11.89,11.38,11.48,514590
DQC,2010-03-18,11.55,11.6,11.23,11.52,282320
DQC,2010-03-19,11.64,11.93,11.52,11.52,491620
DQC,2010-03-22,11.6,12.08,11.55,12.08,959950
DQC,2010-03-23,12.44,12.68,12.44,12.68,189890
DQC,2010-03-24,13.29,13.29,13.17,13.29,723690
DQC,2010-03-25,13.29,13.89,12.8,13.53,1107850
DQC,2010-03-26,13.53,13.77,13.17,13.29,867990
DQC,2010-03-29,13.53,13.89,13.41,13.89,713500
DQC,2010-03-30,14.25,14.49,14.01,14.01,1152800
DQC,2010-03-31,14.01,14.01,13.41,13.41,1314900
DQC,2010-04-01,13.05,14.01,12.8,13.77,1512130
DQC,2010-04-02,13.53,13.77,13.17,13.17,537880
DQC,2010-04-05,13.29,13.29,12.8,13.05,512170
DQC,2010-04-06,13.05,13.65,13.05,13.65,828820
DQC,2010-04-07,13.77,14.25,13.65,13.65,905020
DQC,2010-04-08,14.01,14.01,13.41,13.41,650280
DQC,2010-04-09,13.41,13.65,13.05,13.05,680340
DQC,2010-04-12,13.05,13.05,12.44,12.68,631100
DQC,2010-04-13,12.68,12.68,12.05,12.05,746460
DQC,2010-04-14,12.08,12.56,12.08,12.56,605130
DQC,2010-04-15,12.8,12.8,12.44,12.44,303700
DQC,2010-04-16,12.2,13.05,12.2,13.05,1049940
DQC,2010-04-19,12.92,13.05,12.56,12.56,521070
DQC,2010-04-20,12.56,13.17,12.56,13.17,987060
DQC,2010-04-21,13.77,13.77,13.77,13.77,129130
DQC,2010-04-22,14.37,14.37,14.13,14.37,1022790
DQC,2010-04-26,14.49,14.98,14.49,14.98,1225250
DQC,2010-04-27,14.86,15.7,14.86,15.22,779640
DQC,2010-04-28,14.98,15.34,14.74,14.74,677040
DQC,2010-04-29,14.86,15.22,14.49,14.62,1258080
DQC,2010-05-04,14.62,15.34,14.49,15.1,763920
DQC,2010-05-05,15.1,15.1,14.49,14.62,411350
DQC,2010-05-06,14.74,14.98,14.49,14.49,456510
DQC,2010-05-07,14.13,14.37,13.77,13.77,670540
DQC,2010-05-10,13.89,13.89,13.17,13.17,847290
DQC,2010-05-11,13.53,13.53,12.8,13.05,390350
DQC,2010-05-12,12.92,12.92,12.44,12.44,429270
DQC,2010-05-13,12.32,12.56,11.84,11.84,660780
DQC,2010-05-14,12.2,12.32,12.08,12.32,386430
DQC,2010-05-17,12.56,12.92,12.08,12.92,428850
DQC,2010-05-18,12.92,12.92,12.32,12.32,308020
DQC,2010-05-19,11.93,12.08,11.72,11.72,469200
DQC,2010-05-20,11.14,11.96,11.14,11.96,641970
DQC,2010-05-21,11.38,11.4,11.38,11.38,252320
DQC,2010-05-24,11.38,11.4,10.82,10.82,333110
DQC,2010-05-25,10.82,11.09,10.44,10.63,377660
DQC,2010-05-26,10.85,11.16,10.77,11.16,287720
DQC,2010-05-27,11.16,11.57,11.11,11.57,264630
DQC,2010-05-28,12.08,12.08,11.72,12.08,615890
DQC,2010-05-31,12.08,12.08,11.6,11.6,186880
DQC,2010-06-01,11.23,11.64,11.23,11.26,146770
DQC,2010-06-02,11.11,11.81,11.11,11.72,430540
DQC,2010-06-03,11.91,12.05,11.76,11.76,511950
DQC,2010-06-04,11.72,11.98,11.64,11.64,204050
DQC,2010-06-07,11.23,11.35,11.06,11.35,483560
DQC,2010-06-08,11.23,11.84,11.19,11.84,400270
DQC,2010-06-09,12.08,12.2,11.96,12.05,479200
DQC,2010-06-10,11.96,12.05,11.84,11.84,130650
DQC,2010-06-11,11.98,12.01,11.84,11.84,179790
DQC,2010-06-14,11.84,11.93,11.6,11.6,229650
DQC,2010-06-15,11.62,11.74,11.55,11.55,206960
DQC,2010-06-16,11.72,12.08,11.69,12.08,467610
DQC,2010-06-17,12.08,12.32,11.96,11.98,283680
DQC,2010-06-18,12.08,12.08,11.86,11.86,127940
DQC,2010-06-21,11.86,11.91,11.81,11.81,159080
DQC,2010-06-22,11.81,11.96,11.52,11.52,207120
DQC,2010-06-23,11.48,11.81,11.48,11.6,141160
DQC,2010-06-24,11.81,11.81,11.45,11.55,177330
DQC,2010-06-25,11.48,11.5,11.23,11.23,271480
DQC,2010-06-28,11.02,11.35,11.02,11.04,165890
DQC,2010-06-29,11.19,11.57,11.19,11.57,337280
DQC,2010-06-30,11.28,11.33,11.23,11.33,128310
DQC,2010-07-01,11.23,11.33,11.19,11.19,95300
DQC,2010-07-02,11.19,11.35,11.16,11.19,58420
DQC,2010-07-05,11.35,11.35,11.11,11.11,68010
DQC,2010-07-06,10.94,11.11,10.87,10.87,296650
DQC,2010-07-07,10.92,10.99,10.7,10.8,142310
DQC,2010-07-08,10.87,10.9,10.73,10.85,162920
DQC,2010-07-09,10.7,10.92,10.7,10.85,72870
DQC,2010-07-12,10.87,10.9,10.7,10.9,56640
DQC,2010-07-13,10.9,11.4,10.9,11.35,135780
DQC,2010-07-14,11.35,11.38,11.02,11.02,77850
DQC,2010-07-15,11.11,11.21,10.92,10.92,43310
DQC,2010-07-16,10.92,11.06,10.87,10.9,49590
DQC,2010-07-19,10.97,10.97,10.77,10.77,85120
DQC,2010-07-20,10.87,10.92,10.75,10.75,54400
DQC,2010-07-21,10.68,10.82,10.68,10.68,50490
DQC,2010-07-22,10.63,10.68,10.39,10.48,185040
DQC,2010-07-23,10.41,10.61,10.34,10.36,55620
DQC,2010-07-26,10.07,10.27,9.9,9.9,128150
DQC,2010-07-27,9.9,10.39,9.9,9.93,155940
DQC,2010-07-28,9.86,9.86,9.45,9.45,191230
DQC,2010-07-29,9.59,9.59,9.3,9.3,80180
DQC,2010-07-30,9.06,9.54,9.06,9.32,105860
DQC,2010-08-02,9.32,9.49,9.18,9.18,64820
DQC,2010-08-03,9.18,9.42,9.18,9.2,127690
DQC,2010-08-04,9.18,9.18,8.94,8.99,84660
DQC,2010-08-05,8.99,9.13,8.87,8.87,81580
DQC,2010-08-06,8.7,8.87,8.67,8.67,125010
DQC,2010-08-09,8.41,8.58,8.26,8.29,116220
DQC,2010-08-10,7.97,7.97,7.88,7.88,150340
DQC,2010-08-11,7.88,7.88,7.56,7.73,137040
DQC,2010-08-12,7.56,7.73,7.34,7.34,188810
DQC,2010-08-13,7.13,7.71,7.13,7.49,482020
DQC,2010-08-16,7.71,7.83,7.56,7.8,170880
DQC,2010-08-17,7.8,7.8,7.51,7.73,113950
DQC,2010-08-18,7.51,7.59,7.44,7.44,126980
DQC,2010-08-19,7.15,7.61,7.15,7.15,139360
DQC,2010-08-20,7.22,7.22,6.81,7.13,152050
DQC,2010-08-23,6.91,7.01,6.79,6.79,122990
DQC,2010-08-24,6.52,6.52,6.45,6.45,157610
DQC,2010-08-25,6.16,6.21,6.14,6.14,161220
DQC,2010-08-26,6.14,6.21,5.85,5.87,197130
DQC,2010-08-27,5.7,6.16,5.58,6.16,325850
DQC,2010-08-30,6.45,6.45,6.45,6.45,27590
DQC,2010-08-31,6.64,6.76,6.47,6.76,509830
DQC,2010-09-01,7.01,7.1,6.88,7.1,287840
DQC,2010-09-06,7.44,7.44,7.44,7.44,146990
DQC,2010-09-07,7.8,7.8,7.51,7.8,378500
DQC,2010-09-08,7.54,7.75,7.44,7.66,408070
DQC,2010-09-09,7.92,8.02,7.63,7.75,260630
DQC,2010-09-10,7.75,7.8,7.37,7.37,302450
DQC,2010-09-13,7.05,7.25,7.01,7.01,153960
DQC,2010-09-14,7.22,7.22,6.72,7.01,234760
DQC,2010-09-15,7.05,7.05,6.74,6.74,170780
DQC,2010-09-16,6.67,6.84,6.57,6.74,90110
DQC,2010-09-17,7.03,7.05,7.03,7.05,96610
DQC,2010-09-20,7.39,7.39,7.39,7.39,167970
DQC,2010-09-21,7.39,7.75,7.27,7.68,689800
DQC,2010-09-22,7.71,7.93,7.53,7.56,224850
DQC,2010-09-23,7.66,7.81,7.46,7.66,234240
DQC,2010-09-24,7.66,7.78,7.61,7.68,82210
DQC,2010-09-27,7.68,7.71,7.48,7.48,126060
DQC,2010-09-28,7.76,7.76,7.48,7.63,163150
DQC,2010-09-29,7.56,7.63,7.31,7.36,232500
DQC,2010-09-30,7.18,7.26,7.16,7.18,135490
DQC,2010-10-01,7.18,7.38,7.11,7.11,134210
DQC,2010-10-04,7.16,7.16,6.76,6.76,334320
DQC,2010-10-05,6.51,6.81,6.51,6.81,109370
DQC,2010-10-06,7.01,7.11,6.86,7.11,110600
DQC,2010-10-07,7.11,7.21,6.86,6.86,84910
DQC,2010-10-08,6.86,7.06,6.86,6.86,145250
DQC,2010-10-11,6.81,6.93,6.73,6.81,45500
DQC,2010-10-12,6.61,6.83,6.58,6.61,78590
DQC,2010-10-13,6.51,6.66,6.51,6.63,75040
DQC,2010-10-14,6.71,6.81,6.63,6.71,105370
DQC,2010-10-15,6.71,6.73,6.66,6.73,82900
DQC,2010-10-18,6.68,6.73,6.68,6.68,56810
DQC,2010-10-19,6.63,6.68,6.36,6.41,141410
DQC,2010-10-20,6.21,6.41,6.11,6.11,471030
DQC,2010-10-21,6.24,6.34,6.04,6.11,114860
DQC,2010-10-22,6.11,6.16,5.99,5.99,87250
DQC,2010-10-25,5.99,6.11,5.86,6.09,88280
DQC,2010-10-26,6.26,6.38,6.24,6.38,195940
DQC,2010-10-27,6.24,6.48,6.11,6.11,80140
DQC,2010-10-28,5.99,6.19,5.99,6.14,40340
DQC,2010-10-29,6.09,6.26,6.09,6.11,69430
DQC,2010-11-01,6.21,6.21,6.01,6.01,76520
DQC,2010-11-02,5.91,5.94,5.71,5.74,178620
DQC,2010-11-03,5.91,5.91,5.56,5.56,82610
DQC,2010-11-04,5.51,5.66,5.51,5.64,89190
DQC,2010-11-05,5.86,5.91,5.69,5.91,133120
DQC,2010-11-08,5.86,6.11,5.86,5.91,82870
DQC,2010-11-09,5.91,5.91,5.69,5.74,60110
DQC,2010-11-10,5.74,5.81,5.74,5.79,113680
DQC,2010-11-11,5.51,5.79,5.51,5.51,78130
DQC,2010-11-12,5.36,5.36,5.24,5.31,144360
DQC,2010-11-15,5.31,5.41,5.06,5.06,113640
DQC,2010-11-16,4.84,4.86,4.81,4.81,358410
DQC,2010-11-17,5.03,5.03,4.86,4.86,153150
DQC,2010-11-18,4.86,5.09,4.86,5.09,140870
DQC,2010-11-19,5.25,5.25,5.09,5.12,106380
DQC,2010-11-22,4.96,5.03,4.93,4.93,63960
DQC,2010-11-23,5.03,5.16,4.96,5.06,53150
DQC,2010-11-24,5.12,5.29,5.03,5.29,158870
DQC,2010-11-25,5.45,5.54,5.45,5.54,116070
DQC,2010-11-26,5.8,5.8,5.67,5.8,246660
DQC,2010-11-29,5.84,6.06,5.71,6.06,114060
DQC,2010-11-30,6.36,6.36,6.32,6.36,230090
DQC,2010-12-01,6.48,6.65,6.32,6.65,173050
DQC,2010-12-02,6.94,6.97,6.68,6.97,355430
DQC,2010-12-03,7.3,7.3,7.3,7.3,54060
DQC,2010-12-06,7.65,7.65,7.55,7.65,384810
DQC,2010-12-07,7.98,8.01,7.78,7.88,618830
DQC,2010-12-08,7.52,7.88,7.49,7.49,379960
DQC,2010-12-09,7.13,7.85,7.13,7.85,489690
DQC,2010-12-10,8.24,8.24,8.11,8.24,322940
DQC,2010-12-13,8.62,8.62,8.62,8.62,40670
DQC,2010-12-14,9.05,9.05,8.3,8.75,685150
DQC,2010-12-15,9.05,9.08,8.43,8.43,272210
DQC,2010-12-16,8.01,8.37,8.01,8.01,237430
DQC,2010-12-17,8.27,8.4,7.98,8.4,277880
DQC,2010-12-20,8.69,8.72,8.4,8.4,101120
DQC,2010-12-21,8.14,8.5,8.01,8.43,175800
DQC,2010-12-22,8.14,8.43,8.01,8.01,143240
DQC,2010-12-23,8.24,8.24,7.72,7.78,146980
DQC,2010-12-24,7.72,8.07,7.55,7.72,113970
DQC,2010-12-27,7.72,8.07,7.72,8.07,324330
DQC,2010-12-28,8.33,8.46,8.14,8.46,213840
DQC,2010-12-29,8.79,8.79,8.3,8.3,114150
DQC,2010-12-30,8.4,8.43,8.11,8.11,67590
DQC,2010-12-31,8.11,8.27,8.07,8.11,121650
DQC,2011-01-04,8.4,8.4,8.11,8.14,58660
DQC,2011-01-05,8.14,8.27,7.94,7.94,108250
DQC,2011-01-06,8.01,8.01,7.78,8.01,94760
DQC,2011-01-07,8.2,8.27,8.17,8.2,102180
DQC,2011-01-10,8.27,8.27,7.94,8.01,69500
DQC,2011-01-11,7.81,7.94,7.72,7.72,87720
DQC,2011-01-12,7.65,8.01,7.65,7.91,70590
DQC,2011-01-13,7.94,8.24,7.85,8.11,140820
DQC,2011-01-14,8.2,8.33,8.11,8.14,74280
DQC,2011-01-17,8.14,8.43,8.14,8.2,108450
DQC,2011-01-18,8.01,8.3,8.01,8.07,61160
DQC,2011-01-19,8.33,8.46,8.27,8.46,136030
DQC,2011-01-20,8.88,8.88,8.88,8.88,78410
DQC,2011-01-21,9.08,9.21,8.62,8.62,629080
DQC,2011-01-24,8.5,8.53,8.2,8.2,172000
DQC,2011-01-25,8.2,8.3,7.98,7.98,153960
DQC,2011-01-26,7.94,8.3,7.94,8.04,88800
DQC,2011-01-27,8.11,8.2,7.94,8.11,174980
DQC,2011-01-28,8.11,8.3,8.11,8.2,188540
DQC,2011-02-08,8.43,8.59,8.24,8.59,185080
DQC,2011-02-09,9.01,9.01,8.46,8.59,351980
DQC,2011-02-10,8.59,9.01,8.4,8.88,954340
DQC,2011-02-11,8.95,9.08,8.75,8.92,169360
DQC,2011-02-14,8.92,8.92,8.72,8.72,166780
DQC,2011-02-15,8.98,9.11,8.59,8.98,392750
DQC,2011-02-16,8.98,9.4,8.95,9.24,919270
DQC,2011-02-17,9.21,9.24,8.95,9.18,179370
DQC,2011-02-18,9.08,9.21,8.82,8.82,293970
DQC,2011-02-21,8.5,8.69,8.4,8.4,243680
DQC,2011-02-22,8.01,8.17,8.01,8.01,775940
DQC,2011-02-23,8.11,8.33,8.01,8.27,266540
DQC,2011-02-24,7.91,8.37,7.88,8.04,354410
DQC,2011-02-25,8.37,8.43,7.98,8.43,181270
DQC,2011-02-28,8.43,8.59,8.11,8.11,253480
DQC,2011-03-01,8.11,8.2,7.91,8.11,137960
DQC,2011-03-02,8.11,8.11,7.72,7.72,503490
DQC,2011-03-03,7.43,7.72,7.43,7.46,144350
DQC,2011-03-04,7.43,7.75,7.33,7.72,252850
DQC,2011-03-07,7.68,7.81,7.68,7.81,118150
DQC,2011-03-08,7.81,7.91,7.46,7.55,129710
DQC,2011-03-09,7.46,7.46,7.2,7.39,200440
DQC,2011-03-10,7.17,7.75,7.17,7.75,221330
DQC,2011-03-11,8.04,8.11,7.98,8.11,276290
DQC,2011-03-14,8.11,8.11,7.72,7.72,266370
DQC,2011-03-15,7.59,8.01,7.59,7.72,148120
DQC,2011-03-16,7.72,7.85,7.68,7.72,70980
DQC,2011-03-17,7.62,7.91,7.62,7.81,190070
DQC,2011-03-18,7.88,8.04,7.65,8.04,192260
DQC,2011-03-21,8.11,8.3,8.01,8.04,131740
DQC,2011-03-22,7.85,8.11,7.72,7.78,119390
DQC,2011-03-23,7.91,8.11,7.75,7.98,169890
DQC,2011-03-24,7.98,8.07,7.78,7.78,121500
DQC,2011-03-25,7.68,7.91,7.68,7.75,107740
DQC,2011-03-28,7.75,7.75,7.65,7.65,96900
DQC,2011-03-29,7.85,8.01,7.62,7.65,384910
DQC,2011-03-30,7.65,7.88,7.62,7.68,168100
DQC,2011-03-31,7.78,7.78,7.68,7.72,94760
DQC,2011-04-01,7.72,7.75,7.55,7.55,76590
DQC,2011-04-04,7.26,7.52,7.23,7.26,153900
DQC,2011-04-05,7.1,7.3,6.94,7.0,167140
DQC,2011-04-06,7.0,7.3,7.0,7.26,107320
DQC,2011-04-07,7.13,7.3,7.07,7.07,63910
DQC,2011-04-08,6.97,7.07,6.94,6.97,130370
DQC,2011-04-13,7.0,7.04,6.78,6.78,80440
DQC,2011-04-14,6.81,6.81,6.52,6.55,115290
DQC,2011-04-15,6.48,6.61,6.29,6.29,123600
DQC,2011-04-18,6.0,6.19,6.0,6.0,153300
DQC,2011-04-19,5.8,6.03,5.8,5.84,71890
DQC,2011-04-20,5.84,6.06,5.84,5.87,142310
DQC,2011-04-21,5.87,5.97,5.71,5.71,99550
DQC,2011-04-22,5.61,5.77,5.48,5.61,77030
DQC,2011-04-25,5.8,5.87,5.8,5.87,168270
DQC,2011-04-26,5.67,5.97,5.61,5.64,123980
DQC,2011-04-27,5.77,5.77,5.58,5.64,82190
DQC,2011-04-28,5.64,5.71,5.58,5.58,49090
DQC,2011-04-29,5.64,5.84,5.54,5.71,112430
DQC,2011-05-04,5.84,5.93,5.71,5.71,30600
DQC,2011-05-05,5.61,5.8,5.51,5.61,83170
DQC,2011-05-06,5.67,5.71,5.58,5.64,25630
DQC,2011-05-09,5.74,5.74,5.64,5.74,43120
DQC,2011-05-10,5.74,5.84,5.61,5.61,112500
DQC,2011-05-11,5.74,5.77,5.61,5.64,94840
DQC,2011-05-12,5.67,5.71,5.58,5.58,73610
DQC,2011-05-13,5.58,5.84,5.51,5.84,204740
DQC,2011-05-16,6.1,6.13,5.87,5.9,360630
DQC,2011-05-17,6.0,6.0,5.71,5.74,118270
DQC,2011-05-18,5.61,5.71,5.51,5.61,137080
DQC,2011-05-19,5.54,5.67,5.45,5.45,130080
DQC,2011-05-20,5.45,5.45,5.19,5.22,242990
DQC,2011-05-23,4.96,5.22,4.96,4.96,243090
DQC,2011-05-24,4.83,4.86,4.73,4.83,192770
DQC,2011-05-25,4.93,4.93,4.6,4.6,270030
DQC,2011-05-26,4.38,4.83,4.38,4.83,185660
DQC,2011-05-27,5.03,5.06,4.86,5.06,167300
DQC,2011-05-30,5.09,5.12,4.83,4.83,98100
DQC,2011-05-31,4.64,4.86,4.64,4.86,57000
DQC,2011-06-01,4.7,5.09,4.7,5.09,206370
DQC,2011-06-02,5.32,5.32,5.29,5.32,144520
DQC,2011-06-03,5.54,5.58,5.12,5.12,294020
DQC,2011-06-06,5.12,5.22,4.99,5.16,99910
DQC,2011-06-07,5.35,5.38,5.35,5.38,78350
DQC,2011-06-08,5.38,5.64,5.35,5.64,402210
DQC,2011-06-09,5.8,5.9,5.77,5.9,556540
DQC,2011-06-10,6.16,6.16,5.84,6.0,206670
DQC,2011-06-13,5.93,6.16,5.9,6.16,149670
DQC,2011-06-14,5.97,6.45,5.97,6.0,222460
DQC,2011-06-15,5.87,5.97,5.71,5.71,156320
DQC,2011-06-16,5.51,5.9,5.51,5.84,83610
DQC,2011-06-17,6.03,6.03,5.54,5.54,370490
DQC,2011-06-20,5.67,5.8,5.54,5.77,351020
DQC,2011-06-21,5.9,6.0,5.71,5.97,171110
DQC,2011-06-22,6.13,6.13,5.84,5.84,99580
DQC,2011-06-23,5.71,5.93,5.61,5.74,96640
DQC,2011-06-24,5.71,5.84,5.71,5.74,44120
DQC,2011-06-27,5.9,5.9,5.74,5.84,22540
DQC,2011-06-28,5.84,5.84,5.64,5.64,82200
DQC,2011-06-29,5.64,5.77,5.64,5.74,23860
DQC,2011-06-30,5.84,5.84,5.58,5.67,51050
DQC,2011-07-01,5.67,5.67,5.45,5.51,92090
DQC,2011-07-04,5.45,5.74,5.41,5.48,39820
DQC,2011-07-05,5.67,5.74,5.51,5.61,156060
DQC,2011-07-06,5.64,5.64,5.45,5.48,28760
DQC,2011-07-07,5.41,5.54,5.29,5.32,120970
DQC,2011-07-08,5.32,5.35,5.19,5.25,160050
DQC,2011-07-11,5.19,5.29,5.19,5.25,72200
DQC,2011-07-12,5.39,5.46,5.25,5.29,55490
DQC,2011-07-13,5.5,5.5,5.29,5.32,16220
DQC,2011-07-14,5.39,5.39,5.25,5.39,24020
DQC,2011-07-15,5.5,5.64,5.46,5.6,269560
DQC,2011-07-18,5.6,5.64,5.53,5.53,43930
DQC,2011-07-19,5.6,5.6,5.46,5.46,51040
DQC,2011-07-20,5.5,5.64,5.5,5.6,31880
DQC,2011-07-21,5.6,5.67,5.57,5.57,54500
DQC,2011-07-22,5.46,5.6,5.43,5.43,56120
DQC,2011-07-25,5.46,5.53,5.36,5.36,35500
DQC,2011-07-26,5.36,5.46,5.29,5.36,81280
DQC,2011-07-27,5.36,5.36,5.29,5.32,26560
DQC,2011-07-28,5.29,5.46,5.29,5.36,15790
DQC,2011-07-29,5.36,5.36,5.25,5.25,50740
DQC,2011-08-01,5.22,5.25,5.18,5.18,32030
DQC,2011-08-02,5.18,5.18,5.11,5.11,61770
DQC,2011-08-03,5.04,5.25,5.04,5.08,50590
DQC,2011-08-04,5.25,5.32,5.22,5.32,92800
DQC,2011-08-05,5.36,5.39,5.32,5.32,80480
DQC,2011-08-08,5.25,5.32,5.25,5.25,70010
DQC,2011-08-09,5.04,5.08,5.01,5.01,196320
DQC,2011-08-10,5.18,5.22,5.04,5.15,79850
DQC,2011-08-11,5.04,5.15,4.97,5.15,87990
DQC,2011-08-12,5.18,5.22,5.11,5.11,82830
DQC,2011-08-15,5.15,5.18,5.11,5.11,39650
DQC,2011-08-16,5.15,5.25,5.15,5.18,35310
DQC,2011-08-17,5.25,5.43,5.18,5.43,166920
DQC,2011-08-18,5.57,5.67,5.57,5.6,89330
DQC,2011-08-19,5.43,5.57,5.39,5.43,77330
DQC,2011-08-22,5.53,5.67,5.46,5.67,193970
DQC,2011-08-23,5.67,5.78,5.46,5.46,106230
DQC,2011-08-24,5.46,5.64,5.46,5.5,81440
DQC,2011-08-25,5.5,5.67,5.5,5.67,65230
DQC,2011-08-26,5.67,5.74,5.64,5.64,97890
DQC,2011-08-29,5.85,5.92,5.71,5.92,313290
DQC,2011-08-30,6.16,6.2,5.99,6.02,134310
DQC,2011-08-31,5.95,6.09,5.95,6.02,154280
DQC,2011-09-01,6.02,6.16,5.99,6.02,113470
DQC,2011-09-05,6.02,6.02,5.74,5.92,199070
DQC,2011-09-06,5.78,6.06,5.74,5.88,128040
DQC,2011-09-07,6.06,6.13,5.95,6.06,165040
DQC,2011-09-08,6.06,6.3,5.99,5.99,233630
DQC,2011-09-09,5.99,6.09,5.92,5.95,169000
DQC,2011-09-12,5.95,6.06,5.88,6.02,158130
DQC,2011-09-13,6.02,6.3,6.02,6.3,252510
DQC,2011-09-14,6.58,6.62,6.48,6.62,461390
DQC,2011-09-15,6.48,6.86,6.41,6.76,303170
DQC,2011-09-16,6.76,6.76,6.44,6.44,307520
DQC,2011-09-19,6.44,6.51,6.13,6.34,253280
DQC,2011-09-20,6.02,6.34,6.02,6.02,278440
DQC,2011-09-21,6.02,6.23,5.99,6.02,246420
DQC,2011-09-22,6.02,6.23,6.02,6.2,191980
DQC,2011-09-23,6.02,6.09,5.92,5.92,96020
DQC,2011-09-26,5.95,6.2,5.95,6.2,656700
DQC,2011-09-27,6.23,6.23,6.02,6.02,202950
DQC,2011-09-28,6.16,6.16,5.95,5.95,344790
DQC,2011-09-29,5.99,5.99,5.74,5.85,176570
DQC,2011-09-30,5.81,5.92,5.71,5.74,278980
DQC,2011-10-03,5.67,5.74,5.46,5.46,247760
DQC,2011-10-04,5.46,5.53,5.32,5.43,181830
DQC,2011-10-05,5.57,5.6,5.43,5.46,85560
DQC,2011-10-06,5.6,5.71,5.6,5.71,264700
DQC,2011-10-07,5.85,5.99,5.81,5.85,278800
DQC,2011-10-10,5.88,5.99,5.81,5.88,153330
DQC,2011-10-11,6.06,6.06,5.85,5.88,71040
DQC,2011-10-12,5.78,5.81,5.64,5.64,155000
DQC,2011-10-13,5.78,5.81,5.64,5.78,102580
DQC,2011-10-14,5.78,5.92,5.74,5.78,116890
DQC,2011-10-17,5.78,5.81,5.6,5.6,121700
DQC,2011-10-18,5.6,5.71,5.5,5.53,137040
DQC,2011-10-19,5.64,5.64,5.46,5.46,103450
DQC,2011-10-20,5.6,5.6,5.5,5.53,29400
DQC,2011-10-21,5.64,5.71,5.53,5.64,86360
DQC,2011-10-24,5.78,5.78,5.64,5.67,89250
DQC,2011-10-25,5.67,5.71,5.6,5.6,104430
DQC,2011-10-26,5.64,5.67,5.57,5.67,10880
DQC,2011-10-27,5.67,5.71,5.6,5.64,43950
DQC,2011-10-28,5.74,5.92,5.64,5.88,151760
DQC,2011-10-31,6.02,6.02,5.67,5.67,123170
DQC,2011-11-01,5.67,5.71,5.57,5.6,85030
DQC,2011-11-02,5.53,5.71,5.39,5.46,181270
DQC,2011-11-03,5.43,5.5,5.43,5.46,93240
DQC,2011-11-04,5.6,5.6,5.43,5.46,65210
DQC,2011-11-07,5.5,5.5,5.36,5.46,63810
DQC,2011-11-08,5.39,5.53,5.32,5.32,77630
DQC,2011-11-09,5.57,5.57,5.32,5.39,44040
DQC,2011-11-10,5.32,5.36,5.29,5.29,90050
DQC,2011-11-11,5.36,5.43,5.25,5.29,85570
DQC,2011-11-14,5.43,5.43,5.18,5.22,102340
DQC,2011-11-15,5.08,5.29,5.08,5.08,120590
DQC,2011-11-16,5.22,5.25,5.11,5.22,67100
DQC,2011-11-17,5.18,5.36,5.08,5.08,90570
DQC,2011-11-18,5.11,5.11,4.9,4.9,157130
DQC,2011-11-21,4.9,4.97,4.9,4.9,74610
DQC,2011-11-22,4.9,5.01,4.87,4.9,52580
DQC,2011-11-23,5.15,5.15,4.97,5.01,30570
DQC,2011-11-24,5.01,5.01,4.97,4.97,84620
DQC,2011-11-25,4.87,5.01,4.87,4.87,112010
DQC,2011-11-28,5.01,5.04,4.9,4.9,181030
DQC,2011-11-29,5.01,5.01,4.9,4.9,66790
DQC,2011-11-30,4.9,4.94,4.87,4.87,127640
DQC,2011-12-01,4.9,5.01,4.9,4.97,49980
DQC,2011-12-02,5.01,5.01,4.94,4.97,18030
DQC,2011-12-05,5.11,5.22,5.04,5.22,141790
DQC,2011-12-06,5.36,5.36,5.01,5.01,47870
DQC,2011-12-07,5.04,5.08,4.94,5.01,109460
DQC,2011-12-08,4.94,5.04,4.94,4.97,69730
DQC,2011-12-09,4.9,4.94,4.87,4.87,124110
DQC,2011-12-12,4.83,5.04,4.8,4.9,117510
DQC,2011-12-13,4.94,5.08,4.9,4.94,62760
DQC,2011-12-14,4.94,4.94,4.83,4.83,58660
DQC,2011-12-15,4.83,4.83,4.66,4.8,59380
DQC,2011-12-16,4.87,4.9,4.8,4.83,28030
DQC,2011-12-19,4.83,4.97,4.8,4.8,60820
DQC,2011-12-20,4.9,4.9,4.66,4.66,43160
DQC,2011-12-21,4.69,4.83,4.66,4.66,79300
DQC,2011-12-22,4.59,4.76,4.55,4.59,66830
DQC,2011-12-23,4.62,4.62,4.45,4.62,70050
DQC,2011-12-26,4.69,4.69,4.45,4.45,65250
DQC,2011-12-27,4.33,4.56,4.26,4.26,38700
DQC,2011-12-28,4.11,4.26,4.07,4.14,94900
DQC,2011-12-29,4.26,4.26,4.03,4.03,15160
DQC,2011-12-30,4.14,4.22,4.07,4.22,33690
DQC,2012-01-03,4.37,4.37,4.18,4.18,11740
DQC,2012-01-04,4.14,4.18,4.11,4.18,4530
DQC,2012-01-05,4.18,4.18,4.11,4.11,24950
DQC,2012-01-06,4.03,4.11,3.99,3.99,50490
DQC,2012-01-09,3.92,4.11,3.92,4.11,46690
DQC,2012-01-10,4.11,4.26,4.03,4.26,40020
DQC,2012-01-11,4.18,4.33,4.18,4.26,10580
DQC,2012-01-12,4.22,4.26,4.11,4.11,43100
DQC,2012-01-13,4.11,4.22,4.11,4.22,28290
DQC,2012-01-16,4.22,4.41,4.22,4.41,108070
DQC,2012-01-17,4.49,4.6,4.45,4.49,58670
DQC,2012-01-18,4.49,4.68,4.49,4.56,65580
DQC,2012-01-19,4.68,4.79,4.64,4.79,46450
DQC,2012-01-20,4.9,4.94,4.68,4.94,59240
DQC,2012-01-30,4.94,4.94,4.75,4.94,30990
DQC,2012-01-31,5.09,5.13,4.94,4.98,39360
DQC,2012-02-01,4.94,5.02,4.83,4.87,116590
DQC,2012-02-02,4.87,5.09,4.87,5.09,59750
DQC,2012-02-03,5.25,5.25,4.87,4.9,57540
DQC,2012-02-06,4.75,4.94,4.75,4.79,30250
DQC,2012-02-07,4.79,4.94,4.79,4.79,32940
DQC,2012-02-08,4.83,4.98,4.75,4.94,60590
DQC,2012-02-09,5.09,5.09,4.83,4.87,34480
DQC,2012-02-10,4.75,4.87,4.71,4.71,88560
DQC,2012-02-13,4.56,4.71,4.49,4.49,87320
DQC,2012-02-14,4.56,4.68,4.49,4.68,102610
DQC,2012-02-15,4.68,4.83,4.64,4.68,79280
DQC,2012-02-16,4.68,4.79,4.68,4.71,54950
DQC,2012-02-17,4.75,4.83,4.75,4.83,71060
DQC,2012-02-20,4.9,5.06,4.87,5.02,119880
DQC,2012-02-21,5.13,5.17,4.87,4.87,149370
DQC,2012-02-22,4.87,5.02,4.79,4.94,102110
DQC,2012-02-23,4.94,5.17,4.9,5.17,248820
DQC,2012-02-24,5.17,5.36,5.17,5.17,185620
DQC,2012-02-27,5.33,5.41,5.25,5.41,245600
DQC,2012-02-28,5.41,5.56,5.17,5.17,76380
DQC,2012-02-29,5.09,5.21,5.09,5.21,32050
DQC,2012-03-01,5.21,5.21,5.09,5.17,65550
DQC,2012-03-02,5.13,5.33,5.13,5.25,203670
DQC,2012-03-05,5.49,5.49,5.45,5.49,103370
DQC,2012-03-06,5.72,5.72,5.56,5.72,614270
DQC,2012-03-07,5.8,5.96,5.56,5.88,189130
DQC,2012-03-08,5.6,5.84,5.6,5.6,142730
DQC,2012-03-09,5.41,5.6,5.33,5.41,91190
DQC,2012-03-12,5.41,5.41,5.17,5.25,119780
DQC,2012-03-13,5.13,5.37,5.13,5.37,80760
DQC,2012-03-14,5.37,5.37,5.13,5.13,143670
DQC,2012-03-15,5.01,5.37,4.93,5.33,125080
DQC,2012-03-16,5.29,5.45,5.09,5.25,167520
DQC,2012-03-19,5.29,5.33,5.17,5.29,32800
DQC,2012-03-20,5.37,5.37,5.21,5.33,95130
DQC,2012-03-21,5.37,5.56,5.37,5.56,181420
DQC,2012-03-22,5.84,5.84,5.72,5.84,398150
DQC,2012-03-23,6.12,6.12,6.12,6.12,51310
DQC,2012-03-26,6.39,6.39,6.39,6.39,25180
DQC,2012-03-27,6.71,6.71,6.31,6.31,1150790
DQC,2012-03-28,6.31,6.31,6.04,6.31,192530
DQC,2012-03-29,6.27,6.35,6.0,6.04,193270
DQC,2012-03-30,5.92,6.0,5.76,5.84,78400
DQC,2012-04-03,5.8,6.12,5.8,6.08,159070
DQC,2012-04-04,6.12,6.12,5.88,5.88,101140
DQC,2012-04-05,5.88,6.16,5.84,6.16,120270
DQC,2012-04-06,6.31,6.43,6.27,6.43,169100
DQC,2012-04-09,6.71,6.75,6.67,6.75,696310
DQC,2012-04-10,6.75,6.95,6.55,6.55,246700
DQC,2012-04-11,6.83,6.87,6.67,6.83,256000
DQC,2012-04-12,6.91,7.02,6.63,6.83,429020
DQC,2012-04-13,6.75,6.87,6.59,6.71,331080
DQC,2012-04-16,6.71,7.02,6.71,7.02,57150
DQC,2012-04-17,7.34,7.34,7.34,7.34,38040
DQC,2012-04-18,7.7,7.7,7.62,7.7,736200
DQC,2012-04-19,7.73,8.05,7.58,7.62,939550
DQC,2012-04-20,7.62,7.97,7.62,7.97,451430
DQC,2012-04-23,8.25,8.37,8.01,8.37,146940
DQC,2012-04-24,8.6,8.76,8.41,8.76,231700
DQC,2012-04-25,9.16,9.19,9.08,9.19,269600
DQC,2012-04-26,9.39,9.63,9.31,9.35,602050
DQC,2012-04-27,9.35,9.79,9.16,9.51,465990
DQC,2012-05-02,9.27,9.55,9.04,9.04,438800
DQC,2012-05-03,8.76,9.08,8.6,8.96,524340
DQC,2012-05-04,9.39,9.39,9.35,9.39,179340
DQC,2012-05-07,9.83,9.83,9.83,9.83,35110
DQC,2012-05-08,10.3,10.3,9.98,10.18,885040
DQC,2012-05-09,10.14,10.62,9.87,10.26,548540
DQC,2012-05-10,10.66,10.66,9.75,9.98,413410
DQC,2012-05-11,10.06,10.1,9.51,9.51,350560
DQC,2012-05-14,9.47,9.63,9.04,9.04,322730
DQC,2012-05-15,8.72,9.04,8.6,8.6,331560
DQC,2012-05-16,8.52,8.68,8.21,8.21,354960
DQC,2012-05-17,8.29,8.6,8.25,8.48,297670
DQC,2012-05-18,8.48,8.48,8.09,8.09,202360
DQC,2012-05-21,8.13,8.48,8.13,8.48,124180
DQC,2012-05-22,8.68,8.88,8.45,8.68,308920
DQC,2012-05-23,8.45,8.84,8.25,8.25,217410
DQC,2012-05-24,8.29,8.29,7.85,7.89,222970
DQC,2012-05-25,8.29,8.29,8.29,8.29,44240
DQC,2012-05-28,8.68,8.68,8.64,8.68,345620
DQC,2012-05-29,8.41,9.12,8.41,9.12,360250
DQC,2012-05-30,9.35,9.43,9.16,9.16,187700
DQC,2012-05-31,8.92,9.16,8.72,9.04,138770
DQC,2012-06-01,9.04,9.08,8.6,8.6,170050
DQC,2012-06-04,8.33,8.56,8.21,8.56,200100
DQC,2012-06-05,8.29,8.92,8.25,8.92,137460
DQC,2012-06-06,8.76,9.16,8.52,9.08,110200
DQC,2012-06-07,9.23,9.51,9.08,9.27,345210
DQC,2012-06-08,9.47,9.51,9.08,9.08,257120
DQC,2012-06-11,9.08,9.23,8.88,9.08,135590
DQC,2012-06-12,8.68,9.12,8.68,8.68,161150
DQC,2012-06-13,8.56,9.04,8.48,9.04,142370
DQC,2012-06-14,8.88,8.92,8.6,8.6,184510
DQC,2012-06-15,8.45,9.0,8.45,9.0,99570
DQC,2012-06-18,9.0,9.23,8.68,8.96,104120
DQC,2012-06-19,9.0,9.0,8.52,8.52,190720
DQC,2012-06-20,8.76,8.76,8.48,8.56,72720
DQC,2012-06-21,8.68,8.68,8.41,8.52,64680
DQC,2012-06-22,8.52,8.52,8.29,8.48,69180
DQC,2012-06-25,8.29,8.41,8.09,8.09,278810
DQC,2012-06-26,7.93,7.93,7.7,7.7,265860
DQC,2012-06-27,7.58,7.89,7.58,7.7,67580
DQC,2012-06-28,7.7,7.89,7.5,7.7,41620
DQC,2012-06-29,7.62,7.81,7.62,7.62,78350
DQC,2012-07-02,7.7,7.7,7.38,7.38,88280
DQC,2012-07-03,7.18,7.3,7.02,7.22,153610
DQC,2012-07-04,7.1,7.46,7.06,7.22,58660
DQC,2012-07-05,7.1,7.3,7.02,7.3,73350
DQC,2012-07-06,7.22,7.66,7.22,7.58,169990
DQC,2012-07-09,7.34,7.34,7.22,7.22,145440
DQC,2012-07-10,7.22,7.34,7.1,7.22,36750
DQC,2012-07-11,7.22,7.46,7.22,7.38,54970
DQC,2012-07-12,7.38,7.5,7.34,7.5,97690
DQC,2012-07-13,7.5,7.85,7.5,7.81,168930
DQC,2012-07-16,7.77,7.85,7.46,7.46,106230
DQC,2012-07-17,7.66,7.73,7.5,7.7,83310
DQC,2012-07-18,7.7,7.77,7.42,7.7,49260
DQC,2012-07-19,7.5,8.05,7.5,8.05,213940
DQC,2012-07-20,8.21,8.45,8.09,8.29,415440
DQC,2012-07-23,8.29,8.29,7.97,8.01,85490
DQC,2012-07-24,7.85,8.01,7.62,7.7,134590
DQC,2012-07-25,7.7,7.7,7.54,7.62,118470
DQC,2012-07-26,7.89,7.89,7.62,7.77,39460
DQC,2012-07-27,7.85,7.85,7.58,7.7,88810
DQC,2012-07-30,7.73,7.73,7.58,7.73,72310
DQC,2012-07-31,7.81,7.81,7.66,7.73,35530
DQC,2012-08-01,7.62,7.73,7.46,7.7,74900
DQC,2012-08-02,7.7,7.73,7.62,7.62,19920
DQC,2012-08-03,7.58,7.62,7.54,7.58,29750
DQC,2012-08-06,7.7,7.89,7.58,7.77,55150
DQC,2012-08-07,7.77,7.77,7.62,7.77,48490
DQC,2012-08-08,7.77,7.81,7.66,7.7,46790
DQC,2012-08-09,7.77,7.93,7.77,7.81,81100
DQC,2012-08-10,7.89,7.89,7.73,7.81,62660
DQC,2012-08-13,7.89,7.89,7.7,7.77,44750
DQC,2012-08-14,7.77,7.97,7.77,7.81,97830
DQC,2012-08-15,7.77,7.85,7.7,7.77,42270
DQC,2012-08-16,7.77,7.81,7.62,7.62,87810
DQC,2012-08-17,7.62,7.77,7.62,7.77,57250
DQC,2012-08-20,7.73,7.85,7.7,7.81,77620
DQC,2012-08-21,7.77,7.77,7.46,7.46,214760
DQC,2012-08-22,7.09,7.34,7.09,7.13,155440
DQC,2012-08-23,7.09,7.09,6.81,6.81,119490
DQC,2012-08-24,6.49,7.09,6.49,6.89,222300
DQC,2012-08-27,7.01,7.01,6.57,6.57,307000
DQC,2012-08-28,6.57,6.57,6.32,6.4,68700
DQC,2012-08-29,6.65,6.69,6.57,6.69,99460
DQC,2012-08-30,6.69,6.85,6.69,6.85,27860
DQC,2012-08-31,6.81,6.81,6.69,6.77,18300
DQC,2012-09-04,6.61,6.89,6.61,6.89,11820
DQC,2012-09-05,6.77,6.77,6.57,6.61,40240
DQC,2012-09-06,6.61,6.93,6.61,6.77,114750
DQC,2012-09-07,6.81,6.85,6.69,6.73,37230
DQC,2012-09-10,6.73,6.73,6.57,6.57,82670
DQC,2012-09-11,6.69,6.69,6.4,6.57,109560
DQC,2012-09-12,6.65,6.73,6.32,6.32,95050
DQC,2012-09-13,6.28,6.49,6.28,6.49,26610
DQC,2012-09-14,6.81,6.81,6.69,6.73,101220
DQC,2012-09-17,6.73,6.81,6.53,6.69,38510
DQC,2012-09-18,6.73,6.73,6.4,6.4,46430
DQC,2012-09-19,6.16,6.45,6.16,6.36,119400
DQC,2012-09-20,6.2,6.36,6.16,6.36,26240
DQC,2012-09-21,6.49,6.49,6.32,6.45,10930
DQC,2012-09-24,6.32,6.45,6.32,6.32,14830
DQC,2012-09-25,6.4,6.4,6.36,6.36,7060
DQC,2012-09-26,6.45,6.49,6.4,6.49,28480
DQC,2012-09-27,6.45,6.45,6.36,6.4,5610
DQC,2012-09-28,6.4,6.45,6.36,6.36,45540
DQC,2012-10-01,6.36,6.36,6.28,6.28,28980
DQC,2012-10-02,6.28,6.32,6.24,6.32,1930
DQC,2012-10-03,6.36,6.53,6.32,6.45,24910
DQC,2012-10-04,6.45,6.45,6.36,6.36,9200
DQC,2012-10-05,6.4,6.45,6.36,6.4,16710
DQC,2012-10-08,6.57,6.61,6.49,6.61,37330
DQC,2012-10-09,6.57,6.77,6.57,6.61,10730
DQC,2012-10-10,6.61,6.93,6.57,6.93,116110
DQC,2012-10-11,7.05,7.26,6.93,7.09,79780
DQC,2012-10-12,7.09,7.13,6.89,6.89,15880
DQC,2012-10-15,6.77,6.93,6.65,6.65,41740
DQC,2012-10-16,6.81,6.97,6.81,6.97,57090
DQC,2012-10-17,7.13,7.13,6.69,7.01,63000
DQC,2012-10-18,6.81,6.97,6.81,6.85,28260
DQC,2012-10-19,6.89,6.89,6.57,6.81,17260
DQC,2012-10-22,6.61,6.69,6.57,6.69,38810
DQC,2012-10-23,6.69,6.69,6.57,6.57,9180
DQC,2012-10-24,6.57,6.65,6.57,6.61,40820
DQC,2012-10-25,6.61,6.61,6.53,6.61,13210
DQC,2012-10-26,6.61,6.73,6.61,6.69,6260
DQC,2012-10-29,6.65,6.69,6.57,6.57,10280
DQC,2012-10-30,6.61,6.61,6.49,6.49,28580
DQC,2012-10-31,6.49,6.57,6.49,6.53,19060
DQC,2012-11-01,6.53,6.69,6.53,6.57,6560
DQC,2012-11-02,6.4,6.45,6.28,6.28,75390
DQC,2012-11-05,6.24,6.4,6.24,6.28,17030
DQC,2012-11-06,6.28,6.32,6.28,6.32,13910
DQC,2012-11-07,6.32,6.57,6.32,6.57,15030
DQC,2012-11-08,6.53,6.53,6.45,6.45,7710
DQC,2012-11-09,6.4,6.45,6.36,6.45,19630
DQC,2012-11-12,6.61,6.69,6.49,6.65,36870
DQC,2012-11-13,6.49,6.65,6.49,6.61,40010
DQC,2012-11-14,6.49,6.49,6.45,6.45,3410
DQC,2012-11-15,6.45,6.61,6.45,6.49,44770
DQC,2012-11-16,6.53,6.57,6.53,6.53,13160
DQC,2012-11-19,6.49,6.57,6.49,6.49,24590
DQC,2012-11-20,6.61,6.81,6.61,6.81,128650
DQC,2012-11-21,7.09,7.13,7.05,7.13,268920
DQC,2012-11-22,7.18,7.26,7.01,7.09,42370
DQC,2012-11-23,7.01,7.13,6.93,7.01,39200
DQC,2012-11-26,6.85,6.85,6.73,6.77,52680
DQC,2012-11-27,6.77,6.81,6.69,6.81,23380
DQC,2012-11-28,7.05,7.05,6.81,6.81,14140
DQC,2012-11-29,6.89,6.97,6.77,6.97,16900
DQC,2012-11-30,6.89,6.89,6.81,6.81,7330
DQC,2012-12-03,6.77,6.85,6.77,6.85,6170
DQC,2012-12-04,6.85,6.93,6.81,6.93,17070
DQC,2012-12-05,6.93,7.13,6.93,6.93,70210
DQC,2012-12-06,7.09,7.09,6.89,6.93,24610
DQC,2012-12-07,6.93,6.97,6.89,6.93,21610
DQC,2012-12-10,7.09,7.09,6.97,7.05,52650
DQC,2012-12-11,7.05,7.09,6.97,7.05,18880
DQC,2012-12-12,6.97,7.13,6.97,7.09,48640
DQC,2012-12-13,7.09,7.09,7.01,7.09,29270
DQC,2012-12-14,7.05,7.13,7.01,7.01,12960
DQC,2012-12-17,7.01,7.09,7.01,7.01,23350
DQC,2012-12-18,7.01,7.01,6.89,6.89,40000
DQC,2012-12-19,7.01,7.09,6.93,7.09,39880
DQC,2012-12-20,7.01,7.09,6.97,7.05,24190
DQC,2012-12-21,7.05,7.05,6.93,6.93,25590
DQC,2012-12-24,6.97,7.26,6.97,7.26,182270
DQC,2012-12-25,7.3,7.38,7.13,7.13,88870
DQC,2012-12-26,7.22,7.34,7.13,7.34,34810
DQC,2012-12-27,7.3,7.5,7.22,7.34,208360
DQC,2012-12-28,7.26,7.46,7.22,7.46,93280
DQC,2013-01-02,7.46,7.58,7.46,7.54,56600
DQC,2013-01-03,7.54,7.54,7.22,7.26,60120
DQC,2013-01-04,7.22,7.38,7.22,7.34,28000
DQC,2013-01-07,7.34,7.62,7.3,7.3,167240
DQC,2013-01-08,7.26,7.38,7.26,7.38,70520
DQC,2013-01-09,7.34,7.58,7.3,7.3,169320
DQC,2013-01-10,7.38,7.42,7.3,7.38,54630
DQC,2013-01-11,7.5,7.74,7.38,7.74,408340
DQC,2013-01-14,7.74,7.99,7.58,7.95,217520
DQC,2013-01-15,8.03,8.15,7.9,8.07,117380
DQC,2013-01-16,8.07,8.15,7.9,7.99,217600
DQC,2013-01-17,7.99,7.99,7.54,7.7,149430
DQC,2013-01-18,7.58,7.7,7.54,7.58,80890
DQC,2013-01-21,7.58,7.66,7.54,7.58,33220
DQC,2013-01-22,7.58,7.62,7.26,7.26,151220
DQC,2013-01-23,7.3,7.3,7.22,7.3,48040
DQC,2013-01-24,7.42,7.46,7.26,7.46,34600
DQC,2013-01-25,7.5,7.95,7.46,7.74,171970
DQC,2013-01-28,7.82,7.95,7.74,7.74,138310
DQC,2013-01-29,7.74,7.74,7.58,7.7,54420
DQC,2013-01-30,7.74,7.78,7.62,7.66,147790
DQC,2013-01-31,7.66,7.95,7.62,7.95,213920
DQC,2013-02-01,7.9,7.99,7.82,7.9,88170
DQC,2013-02-04,7.7,7.9,7.66,7.82,35670
DQC,2013-02-05,7.74,7.86,7.74,7.74,87960
DQC,2013-02-06,7.95,8.11,7.9,7.9,82890
DQC,2013-02-07,7.95,8.03,7.9,7.95,79270
DQC,2013-02-08,7.99,8.47,7.99,8.47,239680
DQC,2013-02-18,8.76,9.04,8.72,9.04,317440
DQC,2013-02-19,9.25,9.33,9.0,9.33,369730
DQC,2013-02-20,8.87,9.33,8.87,9.12,220450
DQC,2013-02-21,9.25,9.25,8.5,8.5,231050
DQC,2013-02-22,9.0,9.0,7.92,8.17,94900
DQC,2013-02-25,8.17,8.38,8.09,8.29,161660
DQC,2013-02-26,8.29,8.5,8.13,8.13,202260
DQC,2013-02-27,8.21,8.38,7.96,8.38,105260
DQC,2013-02-28,8.5,8.58,8.33,8.42,60130
DQC,2013-03-01,8.42,8.96,8.42,8.79,226820
DQC,2013-03-04,8.83,8.83,8.38,8.38,162950
DQC,2013-03-05,8.29,8.29,7.88,7.88,163090
DQC,2013-03-06,7.88,8.25,7.88,8.21,74280
DQC,2013-03-07,8.21,8.21,8.04,8.13,45130
DQC,2013-03-08,8.25,8.33,8.21,8.25,38500
DQC,2013-03-11,8.46,8.58,8.29,8.58,115310
DQC,2013-03-12,8.58,8.58,8.33,8.5,109230
DQC,2013-03-13,8.38,8.5,8.38,8.38,40730
DQC,2013-03-14,8.38,8.42,8.25,8.38,100860
DQC,2013-03-15,8.38,8.79,8.38,8.71,105250
DQC,2013-03-18,8.79,9.29,8.63,9.0,383540
DQC,2013-03-19,9.08,9.08,8.75,8.75,81070
DQC,2013-03-20,8.96,9.04,8.71,8.75,72270
DQC,2013-03-21,8.96,8.96,8.75,8.79,72110
DQC,2013-03-22,8.79,9.0,8.5,8.54,121190
DQC,2013-03-25,8.87,8.87,8.33,8.67,51600
DQC,2013-03-26,8.71,8.92,8.63,8.75,137960
DQC,2013-03-27,8.67,8.96,8.63,8.96,108690
DQC,2013-03-28,8.83,8.83,8.67,8.71,25550
DQC,2013-03-29,8.42,8.63,8.42,8.58,55990
DQC,2013-04-01,8.5,8.79,8.46,8.79,36890
DQC,2013-04-02,8.92,9.0,8.83,8.83,170610
DQC,2013-04-03,8.96,8.96,8.79,8.96,101850
DQC,2013-04-04,8.96,9.04,8.75,8.83,77990
DQC,2013-04-05,9.0,9.0,8.79,8.96,104110
DQC,2013-04-08,9.04,9.58,9.04,9.58,399460
DQC,2013-04-09,9.74,10.24,9.62,10.24,367260
DQC,2013-04-10,10.37,10.66,10.33,10.33,474360
DQC,2013-04-11,10.03,10.86,9.91,10.74,419960
DQC,2013-04-12,10.78,10.82,10.16,10.45,230730
DQC,2013-04-15,10.91,10.99,10.16,10.45,258870
DQC,2013-04-16,10.45,10.99,10.12,10.82,218860
DQC,2013-04-17,10.86,11.15,10.78,11.11,97350
DQC,2013-04-18,11.07,11.82,10.95,11.65,195020
DQC,2013-04-22,11.65,11.69,11.44,11.53,173510
DQC,2013-04-23,11.53,11.61,11.2,11.2,87770
DQC,2013-04-24,11.03,11.2,10.7,10.78,121090
DQC,2013-04-25,10.78,11.2,10.78,10.99,50090
DQC,2013-04-26,10.99,10.99,10.74,10.78,19580
DQC,2013-05-02,10.41,10.57,10.03,10.03,56620
DQC,2013-05-03,9.74,9.74,9.41,9.74,134270
DQC,2013-05-06,10.16,10.41,9.95,10.41,40220
DQC,2013-05-07,10.45,10.7,9.99,9.99,58180
DQC,2013-05-08,9.99,10.28,9.87,9.91,54220
DQC,2013-05-09,9.95,10.33,9.91,9.95,42180
DQC,2013-05-10,9.95,9.99,9.87,9.95,53390
DQC,2013-05-13,9.95,10.03,9.91,9.91,18620
DQC,2013-05-14,10.12,10.12,9.54,9.87,46200
DQC,2013-05-15,9.62,9.87,9.54,9.87,43580
DQC,2013-05-16,9.74,9.91,9.62,9.83,36760
DQC,2013-05-17,10.03,10.45,10.03,10.33,207450
DQC,2013-05-20,10.33,10.53,10.16,10.49,65740
DQC,2013-05-21,10.45,10.78,10.45,10.62,119260
DQC,2013-05-22,10.78,10.78,10.45,10.45,179240
DQC,2013-05-23,10.7,10.7,10.12,10.12,190310
DQC,2013-05-24,10.41,10.41,10.03,10.12,65360
DQC,2013-05-27,10.24,10.45,10.24,10.37,145300
DQC,2013-05-28,10.37,10.41,10.2,10.37,103570
DQC,2013-05-29,10.37,10.7,10.33,10.57,163520
DQC,2013-05-30,10.57,10.82,10.49,10.82,161330
DQC,2013-05-31,10.99,11.07,10.66,10.7,103640
DQC,2013-06-03,10.53,10.74,10.53,10.53,65500
DQC,2013-06-04,10.66,10.66,10.28,10.28,95270
DQC,2013-06-05,10.28,10.41,10.28,10.37,48840
DQC,2013-06-06,10.37,10.41,10.2,10.28,70570
DQC,2013-06-07,10.45,10.49,10.2,10.2,123910
DQC,2013-06-10,10.5,10.71,10.41,10.5,69860
DQC,2013-06-11,10.58,10.58,10.41,10.41,21530
DQC,2013-06-12,10.41,10.96,10.37,10.45,47230
DQC,2013-06-13,10.45,10.58,10.45,10.45,55380
DQC,2013-06-14,10.62,10.71,10.5,10.62,121550
DQC,2013-06-17,10.62,10.79,10.41,10.41,78640
DQC,2013-06-18,10.41,10.54,10.37,10.45,30360
DQC,2013-06-19,10.54,10.54,10.41,10.45,22130
DQC,2013-06-20,10.45,10.45,10.2,10.33,65680
DQC,2013-06-21,10.16,10.37,10.16,10.37,32550
DQC,2013-06-24,10.54,10.54,9.73,9.99,44040
DQC,2013-06-25,9.9,9.9,9.31,9.31,185780
DQC,2013-06-26,9.4,9.73,9.35,9.73,41560
DQC,2013-06-27,9.73,9.82,9.57,9.73,6290
DQC,2013-06-28,9.86,9.86,9.65,9.73,11600
DQC,2013-07-01,9.61,9.61,9.52,9.52,11440
DQC,2013-07-02,9.65,9.65,9.52,9.52,60200
DQC,2013-07-03,9.52,9.65,9.52,9.52,19010
DQC,2013-07-04,9.65,9.95,9.65,9.82,23290
DQC,2013-07-05,9.73,9.78,9.57,9.69,2390
DQC,2013-07-08,9.52,9.52,9.44,9.52,6220
DQC,2013-07-09,9.52,9.61,9.44,9.61,33420
DQC,2013-07-10,9.73,9.73,9.4,9.4,16600
DQC,2013-07-11,9.44,9.52,9.35,9.52,21800
DQC,2013-07-12,9.4,9.65,9.4,9.61,16020
DQC,2013-07-15,9.9,9.9,9.57,9.57,32760
DQC,2013-07-16,9.57,9.73,9.57,9.57,13810
DQC,2013-07-17,9.57,9.69,9.52,9.61,26270
DQC,2013-07-18,9.69,9.73,9.57,9.61,22180
DQC,2013-07-19,9.73,9.9,9.65,9.73,63910
DQC,2013-07-22,9.78,9.9,9.73,9.86,42520
DQC,2013-07-23,9.9,10.07,9.82,10.07,72460
DQC,2013-07-24,10.12,10.16,9.9,9.95,23180
DQC,2013-07-25,9.95,10.24,9.86,10.16,58370
DQC,2013-07-26,10.16,10.2,9.9,9.95,71870
DQC,2013-07-29,10.07,10.07,9.78,9.82,47710
DQC,2013-07-30,9.95,10.2,9.95,10.12,39910
DQC,2013-07-31,10.16,10.16,10.03,10.07,22180
DQC,2013-08-01,10.07,10.54,9.95,10.37,80680
DQC,2013-08-02,10.45,10.45,10.2,10.33,50690
DQC,2013-08-05,10.33,10.33,10.24,10.24,32380
DQC,2013-08-06,10.16,10.33,10.16,10.29,36050
DQC,2013-08-07,10.33,10.75,10.29,10.62,115240
DQC,2013-08-08,10.62,10.88,10.5,10.58,68770
DQC,2013-08-09,10.67,10.67,10.41,10.62,21890
DQC,2013-08-12,10.67,10.67,10.33,10.5,53900
DQC,2013-08-13,10.5,10.58,10.45,10.54,39810
DQC,2013-08-14,10.54,10.62,10.41,10.62,39230
DQC,2013-08-15,10.62,11.34,10.62,11.34,303250
DQC,2013-08-16,11.47,12.06,11.34,11.51,160080
DQC,2013-08-19,11.47,11.77,11.47,11.51,36790
DQC,2013-08-20,11.43,11.43,11.13,11.26,144830
DQC,2013-08-21,11.34,11.34,10.71,11.13,148230
DQC,2013-08-22,10.88,11.13,10.67,10.67,105420
DQC,2013-08-23,10.67,10.88,10.58,10.67,155800
DQC,2013-08-26,10.58,10.75,10.5,10.75,32840
DQC,2013-08-27,10.75,10.75,10.58,10.58,39690
DQC,2013-08-28,10.54,10.54,10.07,10.24,160500
DQC,2013-08-29,10.45,10.45,10.16,10.16,88910
DQC,2013-08-30,10.29,10.29,10.16,10.29,89790
DQC,2013-09-03,10.54,10.54,9.82,9.82,73540
DQC,2013-09-04,10.16,10.16,9.69,9.95,104120
DQC,2013-09-05,10.03,10.12,9.73,9.99,22840
DQC,2013-09-06,10.03,10.16,9.86,10.16,20710
DQC,2013-09-09,10.07,10.12,9.82,9.95,55710
DQC,2013-09-10,9.86,10.12,9.86,10.12,15410
DQC,2013-09-11,10.16,10.37,10.12,10.37,43220
DQC,2013-09-12,10.37,10.45,10.24,10.37,25620
DQC,2013-09-13,10.33,10.41,10.29,10.37,24650
DQC,2013-09-16,10.37,10.45,10.33,10.33,50960
DQC,2013-09-17,10.33,10.41,10.29,10.41,22030
DQC,2013-09-18,10.37,10.37,10.24,10.24,52810
DQC,2013-09-19,10.29,10.5,10.29,10.45,4320
DQC,2013-09-20,10.41,10.45,10.33,10.33,22790
DQC,2013-09-23,10.41,10.5,10.41,10.5,3230
DQC,2013-09-24,10.54,10.71,10.54,10.71,44350
DQC,2013-09-25,10.79,10.79,10.62,10.67,16650
DQC,2013-09-26,10.67,10.67,10.58,10.58,36610
DQC,2013-09-27,10.58,10.62,10.58,10.62,18390
DQC,2013-09-30,10.58,10.84,10.58,10.84,40870
DQC,2013-10-01,10.84,10.88,10.62,10.62,54870
DQC,2013-10-02,10.67,10.79,10.67,10.79,11200
DQC,2013-10-03,10.67,10.79,10.67,10.75,41000
DQC,2013-10-04,10.71,10.79,10.71,10.71,6470
DQC,2013-10-07,10.71,10.84,10.67,10.79,26660
DQC,2013-10-08,10.71,10.92,10.71,10.92,24770
DQC,2013-10-09,10.92,11.39,10.84,11.39,73030
DQC,2013-10-10,11.39,11.55,11.22,11.3,77790
DQC,2013-10-11,11.3,11.34,11.13,11.17,41530
DQC,2013-10-14,11.17,11.22,11.0,11.17,24380
DQC,2013-10-15,11.22,11.51,11.17,11.51,57440
DQC,2013-10-16,11.17,11.72,11.17,11.51,25950
DQC,2013-10-17,11.43,11.72,11.43,11.55,60590
DQC,2013-10-18,11.26,11.6,11.26,11.3,11610
DQC,2013-10-21,11.3,11.47,11.3,11.3,74860
DQC,2013-10-22,11.3,11.47,11.3,11.43,26950
DQC,2013-10-23,11.34,11.55,11.34,11.47,83520
DQC,2013-10-24,11.78,11.78,11.51,11.6,87020
DQC,2013-10-25,11.56,12.09,11.56,12.09,88290
DQC,2013-10-28,12.09,12.22,12.0,12.09,96520
DQC,2013-10-29,11.78,12.09,11.78,12.09,28860
DQC,2013-10-30,12.04,12.09,12.0,12.04,15350
DQC,2013-10-31,11.87,11.91,11.82,11.82,32040
DQC,2013-11-01,11.78,12.0,11.78,11.91,32960
DQC,2013-11-04,11.95,12.35,11.95,12.22,127340
DQC,2013-11-05,12.26,12.35,12.09,12.35,123250
DQC,2013-11-06,12.44,12.52,12.31,12.44,56380
DQC,2013-11-07,12.48,12.74,12.44,12.44,60010
DQC,2013-11-08,12.44,12.48,12.31,12.44,13640
DQC,2013-11-11,12.35,12.44,12.31,12.39,23650
DQC,2013-11-12,12.39,13.23,12.39,12.96,161610
DQC,2013-11-13,12.96,12.96,12.74,12.88,27080
DQC,2013-11-14,12.79,12.96,12.74,12.74,22480
DQC,2013-11-15,12.96,13.01,12.66,12.74,47790
DQC,2013-11-18,12.74,13.01,12.74,12.83,20750
DQC,2013-11-19,12.88,13.18,12.74,12.79,114900
DQC,2013-11-20,12.74,12.92,12.74,12.88,54650
DQC,2013-11-21,12.83,13.1,12.74,12.74,95630
DQC,2013-11-22,12.74,12.96,12.66,12.7,27180
DQC,2013-11-25,12.7,12.74,12.52,12.57,89340
DQC,2013-11-26,12.57,12.92,12.52,12.92,81110
DQC,2013-11-27,12.96,13.58,12.92,13.54,317360
DQC,2013-11-28,13.54,14.19,13.32,13.84,171670
DQC,2013-11-29,14.06,14.06,13.67,13.93,64600
DQC,2013-12-02,13.98,14.02,13.67,14.02,148060
DQC,2013-12-03,14.06,14.46,14.06,14.33,90940
DQC,2013-12-04,14.37,15.29,14.37,14.94,214330
DQC,2013-12-05,14.94,15.38,14.9,15.07,318130
DQC,2013-12-06,15.12,15.16,14.81,14.85,138800
DQC,2013-12-09,14.85,14.85,14.11,14.37,84130
DQC,2013-12-10,14.5,14.63,14.37,14.63,52860
DQC,2013-12-11,14.55,14.55,14.06,14.06,112240
DQC,2013-12-12,14.06,14.72,14.06,14.72,79950
DQC,2013-12-13,14.85,15.07,14.77,15.07,53310
DQC,2013-12-16,14.94,15.12,14.72,14.72,48130
DQC,2013-12-17,14.72,15.03,14.72,14.94,76770
DQC,2013-12-18,14.94,14.99,14.81,14.9,46160
DQC,2013-12-19,14.99,15.07,14.94,15.07,39200
DQC,2013-12-20,15.07,15.07,14.72,14.72,73900
DQC,2013-12-23,14.85,14.94,14.81,14.94,7350
DQC,2013-12-24,14.81,14.94,14.81,14.81,48840
DQC,2013-12-25,14.81,14.94,14.81,14.94,32410
DQC,2013-12-26,14.94,14.94,14.81,14.94,38760
DQC,2013-12-27,14.9,14.94,14.81,14.85,67820
DQC,2013-12-30,14.94,14.94,14.63,14.63,25570
DQC,2013-12-31,14.85,14.85,14.63,14.81,19980
DQC,2014-01-02,14.72,14.77,14.55,14.55,7120
DQC,2014-01-03,14.68,15.56,14.5,15.56,149510
DQC,2014-01-06,15.6,16.57,15.6,16.22,39410
DQC,2014-01-07,16.48,16.48,15.82,16.22,51580
DQC,2014-01-08,16.17,16.22,15.73,15.95,43570
DQC,2014-01-09,16.04,16.04,15.65,15.95,21450
DQC,2014-01-10,15.95,15.95,15.73,15.73,74270
DQC,2014-01-13,15.86,16.0,15.47,15.47,40850
DQC,2014-01-14,15.47,15.91,15.47,15.82,53260
DQC,2014-01-15,15.82,15.91,15.78,15.82,27800
DQC,2014-01-16,15.82,16.35,15.73,16.26,85430
DQC,2014-01-17,16.26,16.26,15.82,15.82,44760
DQC,2014-01-20,15.82,16.22,15.82,15.95,25210
DQC,2014-01-21,15.86,16.13,15.82,16.08,17360
DQC,2014-01-22,15.91,16.08,15.82,15.82,37650
DQC,2014-01-23,15.82,16.04,15.73,15.91,21190
DQC,2014-01-24,15.86,16.13,15.82,16.13,15900
DQC,2014-01-27,16.17,16.22,15.82,16.22,19200
DQC,2014-02-06,16.26,16.7,16.26,16.52,17530
DQC,2014-02-07,16.52,16.7,16.35,16.35,14700
DQC,2014-02-10,16.35,16.61,16.35,16.39,11760
DQC,2014-02-11,16.3,16.74,16.3,16.66,59650
DQC,2014-02-12,16.74,17.36,16.7,17.36,146270
DQC,2014-02-13,17.36,18.46,17.14,18.46,107880
DQC,2014-02-14,18.46,18.68,18.41,18.46,23330
DQC,2014-02-17,18.24,18.46,18.24,18.46,46120
DQC,2014-02-18,18.5,18.77,18.46,18.63,38190
DQC,2014-02-19,19.12,19.12,18.02,18.63,18260
DQC,2014-02-20,18.63,19.12,17.36,17.36,82000
DQC,2014-02-21,17.36,17.8,16.96,17.49,40460
DQC,2014-02-24,18.41,18.41,17.49,17.49,19270
DQC,2014-02-25,17.49,18.02,17.49,17.58,23330
DQC,2014-02-26,17.62,17.62,17.27,17.58,28850
DQC,2014-02-27,17.67,17.97,17.27,17.27,44290
DQC,2014-02-28,17.45,17.45,17.1,17.1,23100
DQC,2014-03-03,17.1,17.1,16.13,16.13,45300
DQC,2014-03-04,15.6,16.92,15.6,16.92,30600
DQC,2014-03-05,17.32,17.32,16.83,17.05,17460
DQC,2014-03-06,17.14,17.27,17.05,17.23,22720
DQC,2014-03-07,17.14,17.32,17.14,17.14,18850
DQC,2014-03-10,17.14,17.14,16.92,17.1,19160
DQC,2014-03-11,17.14,17.14,16.88,16.88,34210
DQC,2014-03-12,16.96,17.23,16.96,17.23,42640
DQC,2014-03-13,17.05,17.14,17.01,17.1,7290
DQC,2014-03-14,17.18,17.18,16.96,16.96,22250
DQC,2014-03-17,16.96,17.18,16.96,17.01,10460
DQC,2014-03-18,17.18,17.18,16.88,16.88,11150
DQC,2014-03-19,16.92,17.14,16.83,17.1,22350
DQC,2014-03-20,17.1,17.1,16.79,16.79,17610
DQC,2014-03-21,17.1,17.93,17.1,17.93,95720
DQC,2014-03-24,18.02,18.46,18.02,18.02,48230
DQC,2014-03-25,18.02,18.41,17.36,17.58,49430
DQC,2014-03-26,17.97,18.41,17.53,17.67,76510
DQC,2014-03-27,18.19,18.24,17.62,18.19,47020
DQC,2014-03-28,18.41,18.41,18.02,18.15,33600
DQC,2014-03-31,17.45,18.19,17.45,17.8,28060
DQC,2014-04-01,17.8,17.8,17.4,17.4,45800
DQC,2014-04-02,17.4,17.45,17.14,17.23,50860
DQC,2014-04-03,17.23,17.8,17.23,17.27,34990
DQC,2014-04-04,17.49,17.8,17.36,17.58,36560
DQC,2014-04-07,17.58,18.15,17.58,18.06,47320
DQC,2014-04-08,18.06,18.06,17.67,17.8,47170
DQC,2014-04-10,17.71,17.71,17.1,17.1,30430
DQC,2014-04-11,17.05,17.14,16.83,17.14,77730
DQC,2014-04-14,16.7,17.36,16.7,17.14,37570
DQC,2014-04-15,17.14,17.36,16.92,16.92,9860
DQC,2014-04-16,17.1,17.23,16.88,17.14,70130
DQC,2014-04-17,17.14,17.32,17.05,17.32,9480
DQC,2014-04-18,17.14,17.14,16.17,16.92,136050
DQC,2014-04-21,16.7,16.92,16.26,16.66,95570
DQC,2014-04-22,16.61,16.7,16.3,16.7,14380
DQC,2014-04-23,16.93,17.02,16.7,16.93,46050
DQC,2014-04-24,16.7,16.7,16.52,16.7,12140
DQC,2014-04-25,16.74,16.74,16.7,16.7,22710
DQC,2014-04-28,16.52,16.65,16.52,16.52,3350
DQC,2014-04-29,15.8,16.34,15.8,16.29,4260
DQC,2014-05-05,17.11,17.11,15.8,15.8,6990
DQC,2014-05-06,15.71,16.02,15.71,15.98,62400
DQC,2014-05-07,16.34,16.47,16.2,16.47,14570
DQC,2014-05-08,15.71,16.02,15.35,15.35,115000
DQC,2014-05-09,15.98,15.98,15.12,15.89,12100
DQC,2014-05-12,15.12,16.2,15.12,15.26,21720
DQC,2014-05-13,15.35,15.8,15.12,15.71,44070
DQC,2014-05-14,14.89,15.89,14.89,15.84,21620
DQC,2014-05-15,15.84,16.07,15.57,15.57,18300
DQC,2014-05-16,15.57,15.89,15.35,15.89,37160
DQC,2014-05-19,15.89,16.02,15.89,16.02,10710
DQC,2014-05-20,15.71,16.02,15.71,16.02,22950
DQC,2014-05-21,15.93,16.11,15.93,15.98,49420
DQC,2014-05-22,15.98,16.07,15.57,15.98,5810
DQC,2014-05-23,15.98,15.98,15.66,15.98,3010
DQC,2014-05-26,16.07,16.25,15.84,16.25,22370
DQC,2014-05-27,16.25,16.34,16.02,16.34,20310
DQC,2014-05-28,16.2,16.47,16.2,16.47,24920
DQC,2014-05-29,16.29,16.47,16.29,16.34,15380
DQC,2014-05-30,16.34,16.34,16.34,16.34,10000
DQC,2014-06-02,16.25,16.34,16.25,16.34,21220
DQC,2014-06-03,16.34,16.34,16.25,16.34,21340
DQC,2014-06-04,16.34,16.34,16.25,16.25,22860
DQC,2014-06-05,15.8,16.34,15.8,16.34,1870
DQC,2014-06-06,16.29,16.29,16.25,16.25,7600
DQC,2014-06-09,16.25,16.25,16.02,16.25,7930
DQC,2014-06-10,16.25,16.7,16.25,16.7,31580
DQC,2014-06-11,17.06,17.06,16.56,17.06,4150
DQC,2014-06-12,17.15,17.47,16.7,16.74,8320
DQC,2014-06-13,16.79,16.93,16.7,16.93,10160
DQC,2014-06-16,16.61,17.15,16.61,17.15,920
DQC,2014-06-17,16.34,17.11,16.25,17.11,8530
DQC,2014-06-18,17.11,17.11,17.11,17.11,0
DQC,2014-06-19,16.29,17.83,16.25,17.11,17780
DQC,2014-06-20,17.06,17.06,16.52,17.06,2800
DQC,2014-06-23,16.47,16.97,16.47,16.97,540
DQC,2014-06-24,16.7,16.88,16.7,16.88,2510
DQC,2014-06-25,16.47,16.97,16.47,16.52,590
DQC,2014-06-26,16.43,16.97,16.43,16.97,8400
DQC,2014-06-27,16.7,16.93,16.47,16.93,1810
DQC,2014-06-30,16.47,16.88,16.43,16.88,4320
DQC,2014-07-01,16.74,16.74,16.56,16.56,5960
DQC,2014-07-02,16.34,16.7,16.34,16.7,1920
DQC,2014-07-03,16.7,16.84,16.47,16.84,6480
DQC,2014-07-04,16.47,16.79,16.47,16.7,7030
DQC,2014-07-07,16.7,16.79,16.56,16.7,11830
DQC,2014-07-08,16.61,16.65,16.38,16.65,9020
DQC,2014-07-09,16.52,16.65,16.52,16.65,270
DQC,2014-07-10,16.47,16.52,16.38,16.38,7160
DQC,2014-07-11,16.47,17.11,16.47,16.47,11640
DQC,2014-07-14,16.47,16.7,16.47,16.7,15620
DQC,2014-07-15,16.7,17.6,16.7,16.93,9180
DQC,2014-07-16,16.93,16.93,16.7,16.74,17740
DQC,2014-07-17,16.74,16.74,16.65,16.65,6510
DQC,2014-07-18,16.52,16.84,16.52,16.84,10680
DQC,2014-07-21,16.93,16.93,16.7,16.74,13110
DQC,2014-07-22,16.47,16.74,16.47,16.7,2710
DQC,2014-07-23,16.93,16.93,16.7,16.84,7640
DQC,2014-07-24,16.93,16.93,16.7,16.88,13140
DQC,2014-07-25,16.79,16.93,16.65,16.65,6340
DQC,2014-07-28,16.38,16.61,16.38,16.61,2820
DQC,2014-07-29,16.38,16.61,16.25,16.61,3510
DQC,2014-07-30,16.79,16.79,16.34,16.47,1090
DQC,2014-07-31,16.7,16.7,16.47,16.65,4530
DQC,2014-08-01,16.43,16.65,16.43,16.65,9380
DQC,2014-08-04,16.7,17.69,16.7,17.15,31560
DQC,2014-08-05,17.6,17.6,16.97,17.11,28330
DQC,2014-08-06,17.02,17.38,17.02,17.29,28700
DQC,2014-08-07,17.2,17.38,17.11,17.29,33340
DQC,2014-08-08,17.15,17.33,17.11,17.24,15480
DQC,2014-08-11,18.05,18.05,17.29,17.51,7870
DQC,2014-08-12,17.6,17.6,17.38,17.42,19590
DQC,2014-08-13,17.78,17.78,17.78,17.78,10
DQC,2014-08-14,17.74,17.74,17.15,17.56,25890
DQC,2014-08-15,17.74,18.78,17.2,18.78,127340
DQC,2014-08-18,20.04,20.08,20.04,20.08,90980
DQC,2014-08-19,21.35,21.35,20.08,20.54,59190
DQC,2014-08-20,20.54,20.58,19.63,20.54,43270
DQC,2014-08-21,20.54,20.99,20.31,20.58,51740
DQC,2014-08-22,20.45,21.35,20.45,20.9,78880
DQC,2014-08-25,20.94,22.12,20.9,21.44,86890
DQC,2014-08-26,21.12,21.44,20.99,21.12,61720
DQC,2014-08-27,21.12,21.66,21.12,21.62,49320
DQC,2014-08-28,21.62,21.85,21.26,21.62,24970
DQC,2014-08-29,21.3,21.62,21.17,21.35,23340
DQC,2014-09-03,21.35,21.35,21.12,21.21,33660
DQC,2014-09-04,20.99,21.3,20.99,20.99,11270
DQC,2014-09-05,20.99,20.99,20.72,20.85,45070
DQC,2014-09-08,20.76,20.85,20.45,20.67,15820
DQC,2014-09-09,20.49,20.63,19.41,19.41,231080
DQC,2014-09-10,19.32,20.08,19.32,19.45,117360
DQC,2014-09-11,19.45,20.31,19.41,19.41,72060
DQC,2014-09-12,19.86,20.18,19.41,19.41,701190
DQC,2014-09-15,20.58,20.76,20.31,20.76,107650
DQC,2014-09-16,22.21,22.21,22.21,22.21,21470
DQC,2014-09-17,23.7,23.7,23.7,23.7,110440
DQC,2014-09-18,24.37,25.28,22.79,22.79,365050
DQC,2014-09-19,23.47,24.37,23.02,24.37,221870
DQC,2014-09-22,25.73,25.95,24.37,24.37,103020
DQC,2014-09-23,23.7,24.82,23.47,23.7,58470
DQC,2014-09-24,22.79,23.92,22.79,23.7,83310
DQC,2014-09-25,23.7,24.6,22.57,24.6,70450
DQC,2014-09-26,24.37,24.37,23.02,23.02,50530
DQC,2014-09-29,23.47,23.47,22.57,23.24,50810
DQC,2014-09-30,22.57,23.24,22.34,23.02,31680
DQC,2014-10-01,23.47,23.7,23.02,23.47,87490
DQC,2014-10-02,23.47,23.92,23.24,23.7,68360
DQC,2014-10-03,23.7,24.82,23.7,24.6,36600
DQC,2014-10-06,24.37,24.6,23.92,24.15,74520
DQC,2014-10-07,24.15,24.15,23.7,23.7,62580
DQC,2014-10-08,23.92,23.92,23.47,23.7,34700
DQC,2014-10-09,23.47,23.7,23.24,23.7,46820
DQC,2014-10-10,23.47,24.15,23.47,23.92,64700
DQC,2014-10-13,24.15,24.15,23.47,23.47,33500
DQC,2014-10-14,23.47,25.05,23.47,24.37,118880
DQC,2014-10-15,24.37,25.73,24.15,25.5,151580
DQC,2014-10-16,25.95,25.95,24.82,25.5,84770
DQC,2014-10-17,25.28,25.5,24.15,25.28,72200
DQC,2014-10-20,25.28,26.63,24.37,26.4,113670
DQC,2014-10-21,26.63,26.85,25.95,26.4,208730
DQC,2014-10-22,26.4,26.85,25.73,26.18,54270
DQC,2014-10-23,26.18,26.18,25.28,25.28,48980
DQC,2014-10-24,24.82,25.73,24.82,25.73,59310
DQC,2014-10-27,25.73,25.95,24.82,24.82,68920
DQC,2014-10-28,24.82,25.05,24.82,25.05,16880
DQC,2014-10-29,25.05,26.63,25.05,26.18,40370
DQC,2014-10-30,25.73,26.85,25.28,26.4,25460
DQC,2014-10-31,26.4,26.63,26.18,26.63,22710
DQC,2014-11-03,26.85,26.85,26.18,26.4,36150
DQC,2014-11-04,25.95,26.4,25.28,25.28,57600
DQC,2014-11-05,26.18,26.4,25.28,26.18,46190
DQC,2014-11-06,26.4,26.63,25.95,26.63,48480
DQC,2014-11-07,26.63,26.63,26.4,26.63,35190
DQC,2014-11-10,27.08,27.08,26.4,27.08,47340
DQC,2014-11-11,26.63,28.66,26.63,28.21,90620
DQC,2014-11-12,28.66,28.89,28.21,28.89,32330
DQC,2014-11-13,28.89,29.34,28.66,29.11,23890
DQC,2014-11-14,28.89,28.89,28.21,28.89,40340
DQC,2014-11-17,30.69,30.69,30.69,30.69,32950
DQC,2014-11-18,32.72,32.72,32.05,32.5,468940
DQC,2014-11-19,32.5,32.5,31.59,31.59,73490
DQC,2014-11-20,31.59,32.5,31.59,32.05,14080
DQC,2014-11-21,31.59,32.5,31.59,31.59,69210
DQC,2014-11-24,31.14,32.72,30.92,32.72,164660
DQC,2014-11-25,33.17,34.3,33.17,33.17,81660
DQC,2014-11-26,32.5,33.17,31.59,32.27,28660
DQC,2014-11-27,32.27,33.17,32.05,32.72,72280
DQC,2014-11-28,32.5,33.17,32.05,32.95,37410
DQC,2014-12-01,32.72,33.63,32.72,33.17,55290
DQC,2014-12-02,33.4,34.08,33.4,34.08,123480
DQC,2014-12-03,34.3,34.75,34.3,34.53,58940
DQC,2014-12-04,34.75,34.75,34.08,34.08,43970
DQC,2014-12-05,34.3,34.3,33.4,33.4,33660
DQC,2014-12-08,33.4,33.85,32.95,33.4,34960
DQC,2014-12-09,32.95,33.4,32.05,32.72,35650
DQC,2014-12-10,32.27,32.95,32.27,32.72,9740
DQC,2014-12-11,32.5,32.72,32.27,32.5,8340
DQC,2014-12-12,32.5,32.5,32.05,32.5,11120
DQC,2014-12-15,32.5,32.5,31.59,32.05,28610
DQC,2014-12-16,31.59,31.82,30.01,30.01,61810
DQC,2014-12-17,28.66,30.01,27.98,27.98,110530
DQC,2014-12-18,27.53,28.21,26.18,26.18,137980
DQC,2014-12-19,24.82,25.95,24.37,24.6,299600
DQC,2014-12-22,25.28,26.18,25.28,26.18,24500
DQC,2014-12-23,27.31,27.98,26.63,27.53,102210
DQC,2014-12-24,27.31,27.31,26.63,27.31,82680
DQC,2014-12-25,26.63,27.08,26.18,26.18,29930
DQC,2014-12-26,26.18,26.85,25.73,25.73,52170
DQC,2014-12-29,25.73,26.4,24.37,24.37,62320
DQC,2014-12-30,23.7,24.37,22.79,23.92,195660
DQC,2014-12-31,24.37,25.5,23.92,25.05,56750
DQC,2015-01-05,25.28,26.63,25.28,25.73,43080
DQC,2015-01-06,25.73,26.63,24.82,26.63,65420
DQC,2015-01-07,26.63,27.08,25.95,25.95,43720
DQC,2015-01-08,26.63,27.08,25.73,26.63,89570
DQC,2015-01-09,27.08,27.08,26.18,26.63,75380
DQC,2015-01-12,26.63,26.63,25.73,25.73,72760
DQC,2015-01-13,25.24,26.92,25.24,26.54,67860
DQC,2015-01-14,26.81,26.81,26.0,26.43,17580
DQC,2015-01-15,26.11,26.97,26.11,26.97,35550
DQC,2015-01-16,27.08,27.08,26.7,26.92,14130
DQC,2015-01-19,26.49,26.65,26.0,26.54,36270
DQC,2015-01-20,26.7,26.7,25.94,26.0,29590
DQC,2015-01-21,25.78,26.43,25.78,26.11,21250
DQC,2015-01-22,26.0,26.43,25.89,26.43,14730
DQC,2015-01-23,26.0,26.81,26.0,26.81,44870
DQC,2015-01-26,27.08,28.44,26.27,28.44,88870
DQC,2015-01-27,30.06,30.33,28.98,30.06,145300
DQC,2015-01-28,30.06,30.06,28.98,29.79,29790
DQC,2015-01-29,29.25,29.52,28.44,28.71,64920
DQC,2015-01-30,28.71,29.52,28.16,28.44,30480
DQC,2015-02-02,28.71,29.25,28.44,29.25,34110
DQC,2015-02-03,29.25,30.06,28.98,29.25,52080
DQC,2015-02-04,29.52,31.14,29.25,30.6,111060
DQC,2015-02-05,30.6,31.14,30.33,30.87,53680
DQC,2015-02-06,30.87,31.14,30.6,31.14,35480
DQC,2015-02-09,31.14,32.77,31.14,32.5,113450
DQC,2015-02-10,32.5,33.04,31.41,32.5,67510
DQC,2015-02-11,32.5,34.39,32.5,34.12,120450
DQC,2015-02-12,34.12,34.12,33.04,33.31,65480
DQC,2015-02-13,33.58,33.58,31.96,31.96,54610
DQC,2015-02-24,33.58,33.58,32.23,33.04,58870
DQC,2015-02-25,32.23,35.21,32.23,34.94,135070
DQC,2015-02-26,35.21,35.21,33.85,34.39,28570
DQC,2015-02-27,33.85,33.85,33.31,33.85,18660
DQC,2015-03-02,33.31,33.58,33.04,33.04,44590
DQC,2015-03-03,33.04,34.12,32.77,33.04,93450
DQC,2015-03-04,33.58,33.85,32.77,33.31,30590
DQC,2015-03-05,33.58,33.58,31.96,33.31,83530
DQC,2015-03-06,33.58,33.58,32.5,33.04,21470
DQC,2015-03-09,32.5,32.5,31.41,31.41,162510
DQC,2015-03-10,31.41,32.23,31.41,31.41,73570
DQC,2015-03-11,30.87,31.96,30.87,31.14,51090
DQC,2015-03-12,31.14,31.41,30.06,30.87,99140
DQC,2015-03-13,30.87,31.96,30.33,31.41,97790
DQC,2015-03-16,31.69,31.69,31.41,31.69,29810
DQC,2015-03-17,31.96,32.5,31.69,32.23,71470
DQC,2015-03-18,32.23,32.5,31.69,31.69,43320
DQC,2015-03-19,32.23,32.23,31.41,31.41,34530
DQC,2015-03-20,31.96,31.96,31.14,31.14,15730
DQC,2015-03-23,31.14,31.41,30.6,30.6,91880
DQC,2015-03-24,30.6,30.87,30.06,30.6,84140
DQC,2015-03-25,30.87,30.87,30.33,30.33,34100
DQC,2015-03-26,30.33,31.41,30.33,30.6,52910
DQC,2015-03-27,30.87,31.14,30.33,30.33,72520
DQC,2015-03-30,30.87,30.87,29.52,29.52,22550
DQC,2015-03-31,29.25,29.79,29.25,29.25,54530
DQC,2015-04-01,29.25,29.25,27.62,28.16,128250
DQC,2015-04-02,27.89,29.79,27.89,29.79,23750
DQC,2015-04-03,29.79,30.06,28.98,30.06,24310
DQC,2015-04-06,30.06,30.87,30.06,30.06,83860
DQC,2015-04-07,30.33,30.33,29.52,30.33,9370
DQC,2015-04-08,30.33,30.33,29.52,30.06,49440
DQC,2015-04-09,30.06,30.87,29.79,30.87,160370
DQC,2015-04-10,30.87,31.14,30.33,31.14,63520
DQC,2015-04-13,31.14,31.41,30.33,31.14,69330
DQC,2015-04-14,31.14,31.41,30.87,31.14,159530
DQC,2015-04-15,31.14,31.41,30.33,30.87,47360
DQC,2015-04-16,30.87,30.87,30.6,30.6,12860
DQC,2015-04-17,30.6,30.87,30.33,30.6,63970
DQC,2015-04-20,30.6,31.14,30.33,30.87,64510
DQC,2015-04-21,30.87,31.14,30.6,30.87,29410
DQC,2015-04-22,31.14,31.14,30.87,31.14,46040
DQC,2015-04-23,31.14,31.41,30.6,30.6,44530
DQC,2015-04-24,30.33,31.14,30.33,31.14,41710
DQC,2015-04-27,31.14,31.41,31.14,31.14,11710
DQC,2015-05-04,30.87,31.41,30.33,30.33,101870
DQC,2015-05-05,30.87,30.87,30.33,30.87,38800
DQC,2015-05-06,31.14,31.41,30.6,31.14,76370
DQC,2015-05-07,30.87,32.5,30.87,32.5,100320
DQC,2015-05-08,32.5,32.5,31.96,32.23,29730
DQC,2015-05-11,31.96,32.5,31.69,31.96,28290
DQC,2015-05-12,32.23,32.23,31.69,31.96,15780
DQC,2015-05-13,32.23,32.5,31.96,32.5,85640
DQC,2015-05-14,32.5,33.58,32.23,32.23,100100
DQC,2015-05-15,32.5,32.5,31.96,32.23,36490
DQC,2015-05-18,32.23,32.5,31.96,31.96,123090
DQC,2015-05-19,32.23,32.5,31.96,32.5,71700
DQC,2015-05-20,33.04,33.04,31.96,31.96,30430
DQC,2015-05-21,31.96,32.5,31.96,32.23,6950
DQC,2015-05-22,32.23,32.5,31.69,31.96,23720
DQC,2015-05-25,32.23,32.23,31.96,31.96,19040
DQC,2015-05-26,32.23,32.5,31.41,32.23,16800
DQC,2015-05-27,32.23,32.23,31.41,31.96,28350
DQC,2015-05-28,31.96,32.5,31.69,32.5,71060
DQC,2015-05-29,31.54,33.04,31.24,32.74,25490
DQC,2015-06-01,32.74,32.74,32.14,32.44,17770
DQC,2015-06-02,32.44,32.44,30.94,32.14,39210
DQC,2015-06-03,30.94,32.44,30.94,32.44,57340
DQC,2015-06-04,32.44,32.44,31.54,32.44,2340
DQC,2015-06-05,32.44,32.44,31.84,32.14,16610
DQC,2015-06-08,32.14,32.44,31.84,32.14,23860
DQC,2015-06-09,32.44,32.44,31.54,32.14,4490
DQC,2015-06-10,32.44,32.44,31.54,31.84,14960
DQC,2015-06-11,32.14,32.14,31.54,32.14,3130
DQC,2015-06-12,32.14,32.14,31.24,31.54,25270
DQC,2015-06-15,31.54,31.84,31.24,31.54,7710
DQC,2015-06-16,31.84,31.84,31.24,31.24,11450
DQC,2015-06-17,31.54,32.14,31.24,32.14,41570
DQC,2015-06-18,32.14,32.44,32.14,32.44,6580
DQC,2015-06-19,32.44,32.44,31.84,32.44,2070
DQC,2015-06-22,32.14,32.44,30.94,30.94,32470
DQC,2015-06-23,31.54,32.44,30.94,31.54,9840
DQC,2015-06-24,31.84,31.84,30.94,31.24,9400
DQC,2015-06-25,31.54,31.84,31.24,31.84,6060
DQC,2015-06-26,31.84,32.44,31.24,31.84,28270
DQC,2015-06-29,31.84,31.84,31.24,31.84,22250
DQC,2015-06-30,31.84,31.84,31.24,31.84,6900
DQC,2015-07-01,31.54,31.54,31.24,31.54,8580
DQC,2015-07-02,31.84,31.84,31.24,31.84,18770
DQC,2015-07-03,31.54,31.84,31.24,31.84,12030
DQC,2015-07-06,31.84,31.84,31.54,31.84,22570
DQC,2015-07-07,31.54,32.44,31.24,32.14,103420
DQC,2015-07-08,31.84,32.14,31.24,31.84,22150
DQC,2015-07-09,31.84,31.84,31.24,31.54,5220
DQC,2015-07-10,31.54,31.54,30.94,31.54,15180
DQC,2015-07-13,31.84,31.84,30.94,31.54,2240
DQC,2015-07-14,31.54,31.54,30.64,31.24,17860
DQC,2015-07-15,31.24,31.24,29.44,30.64,25250
DQC,2015-07-16,30.34,30.34,29.44,29.98,22300
DQC,2015-07-17,29.98,29.98,28.9,29.02,29580
DQC,2015-07-20,29.38,29.38,28.12,29.02,44280
DQC,2015-07-21,29.56,30.04,29.32,29.32,12700
DQC,2015-07-22,29.98,31.24,29.92,31.24,52990
DQC,2015-07-23,31.84,31.84,30.94,31.24,20720
DQC,2015-07-24,31.24,31.24,29.74,30.34,14940
DQC,2015-07-27,30.94,32.14,30.94,32.14,98450
DQC,2015-07-28,32.44,32.44,31.24,32.14,56140
DQC,2015-07-29,32.14,32.14,31.54,31.84,18750
DQC,2015-07-30,31.84,31.84,30.94,31.84,10430
DQC,2015-07-31,31.84,31.84,31.24,31.54,16010
DQC,2015-08-03,32.16,32.16,30.31,30.93,35530
DQC,2015-08-04,30.93,30.93,30.31,30.86,9900
DQC,2015-08-05,30.86,31.23,30.43,30.93,10070
DQC,2015-08-06,30.93,31.23,30.31,30.93,10520
DQC,2015-08-07,30.93,30.93,30.31,30.86,10640
DQC,2015-08-10,30.93,31.54,30.37,30.93,7100
DQC,2015-08-11,30.93,31.54,30.62,31.23,19620
DQC,2015-08-12,30.68,31.54,30.68,31.23,13460
DQC,2015-08-13,30.86,31.23,30.62,30.93,41220
DQC,2015-08-14,31.23,31.23,30.68,30.93,8740
DQC,2015-08-17,33.09,33.09,31.54,32.16,92810
DQC,2015-08-18,32.16,32.78,31.85,32.78,80110
DQC,2015-08-19,32.16,32.78,31.85,32.78,37770
DQC,2015-08-20,32.78,34.95,32.78,34.64,199670
DQC,2015-08-21,34.33,34.33,32.78,33.4,54260
DQC,2015-08-24,33.4,34.33,31.23,32.16,113080
DQC,2015-08-25,30.0,32.47,30.0,32.16,113800
DQC,2015-08-26,32.16,33.4,31.23,33.4,36500
DQC,2015-08-27,33.4,34.33,33.4,33.4,36630
DQC,2015-08-28,33.4,34.02,33.4,34.02,76380
DQC,2015-08-31,34.33,34.33,33.4,33.71,11890
DQC,2015-09-01,33.71,33.71,32.78,33.4,54930
DQC,2015-09-03,33.4,33.4,32.16,33.09,26100
DQC,2015-09-04,33.09,33.09,32.47,33.09,23500
DQC,2015-09-07,32.78,33.09,32.16,32.78,27270
DQC,2015-09-08,33.09,34.64,33.09,34.64,241280
DQC,2015-09-09,35.87,36.8,35.56,36.8,231930
DQC,2015-09-10,37.42,37.42,36.18,36.18,41400
DQC,2015-09-11,36.18,38.35,36.18,37.11,103830
DQC,2015-09-14,37.42,37.42,36.18,36.8,40990
DQC,2015-09-15,37.11,37.11,35.87,36.49,55270
DQC,2015-09-16,36.18,36.49,35.87,36.49,20320
DQC,2015-09-17,36.49,38.04,36.49,36.8,25370
DQC,2015-09-18,37.11,38.97,37.11,38.97,132930
DQC,2015-09-21,38.97,39.58,38.35,39.58,94560
DQC,2015-09-22,39.27,39.58,38.66,38.97,69180
DQC,2015-09-23,38.35,38.97,38.04,38.04,94310
DQC,2015-09-24,37.73,38.97,37.73,38.97,72920
DQC,2015-09-25,39.58,40.82,39.27,40.2,136920
DQC,2015-09-28,40.2,40.51,39.27,39.27,85150
DQC,2015-09-29,38.97,38.97,38.04,38.97,91660
DQC,2015-09-30,38.97,40.51,38.66,39.89,144130
DQC,2015-10-01,39.89,40.2,39.58,40.2,62770
DQC,2015-10-02,39.89,40.2,39.27,39.58,74730
DQC,2015-10-05,39.58,39.89,38.66,39.89,146980
DQC,2015-10-06,40.2,42.37,39.89,41.75,216360
DQC,2015-10-07,41.75,42.06,40.82,41.75,90220
DQC,2015-10-08,41.44,42.37,41.44,42.06,127020
DQC,2015-10-09,42.06,42.06,41.13,41.13,47870
DQC,2015-10-12,41.44,41.44,40.2,41.13,77350
DQC,2015-10-13,41.44,42.68,40.82,42.06,85130
DQC,2015-10-14,42.37,42.37,41.13,41.75,88950
DQC,2015-10-15,41.75,42.06,40.82,41.75,35480
DQC,2015-10-16,41.75,42.37,41.44,42.37,80450
DQC,2015-10-19,42.37,42.37,41.75,42.37,32240
DQC,2015-10-20,42.37,42.37,40.51,41.13,97550
DQC,2015-10-21,40.51,40.82,38.66,38.97,163360
DQC,2015-10-22,38.97,39.58,37.42,39.58,97000
DQC,2015-10-23,39.89,40.82,39.27,40.2,81110
DQC,2015-10-26,40.51,40.51,38.66,38.97,69110
DQC,2015-10-27,38.35,39.27,38.35,38.66,55980
DQC,2015-10-28,38.66,40.51,38.04,40.51,84310
DQC,2015-10-29,40.51,40.82,39.58,39.58,78970
DQC,2015-10-30,40.2,40.2,38.97,40.2,46450
DQC,2015-11-02,40.2,40.2,39.27,39.89,63010
DQC,2015-11-03,39.89,41.44,39.58,41.13,76710
DQC,2015-11-04,41.13,41.44,40.82,40.82,39990
DQC,2015-11-05,40.82,40.82,40.2,40.82,26840
DQC,2015-11-06,40.82,41.44,40.51,41.13,87360
DQC,2015-11-09,41.44,42.06,41.13,41.75,48860
DQC,2015-11-10,41.75,41.75,40.82,41.13,21840
DQC,2015-11-11,40.82,41.13,40.51,40.82,59100
DQC,2015-11-12,40.82,43.6,40.82,43.6,410340
DQC,2015-11-13,45.15,45.46,43.3,43.91,209570
DQC,2015-11-16,41.13,41.13,41.13,41.13,45740
DQC,2015-11-17,38.35,38.35,38.35,38.35,19870
DQC,2015-11-18,35.87,36.8,35.87,35.87,1013950
DQC,2015-11-19,36.49,38.35,34.64,37.42,168260
DQC,2015-11-20,38.04,38.04,35.25,35.25,155050
DQC,2015-11-23,34.95,36.49,34.95,35.87,104030
DQC,2015-11-24,35.56,35.87,34.33,34.95,118150
DQC,2015-11-25,34.64,36.18,34.64,35.87,99410
DQC,2015-11-26,35.87,35.87,34.95,35.56,82810
DQC,2015-11-27,35.56,35.56,34.64,34.64,92380
DQC,2015-11-30,34.95,34.95,33.71,34.02,54120
DQC,2015-12-01,34.64,34.64,34.02,34.02,35450
DQC,2015-12-02,34.64,34.64,34.02,34.64,20910
DQC,2015-12-03,34.64,34.64,34.33,34.64,18210
DQC,2015-12-04,34.64,34.64,34.02,34.64,27540
DQC,2015-12-07,34.64,34.64,34.02,34.02,44060
DQC,2015-12-08,34.02,34.64,33.09,34.64,60680
DQC,2015-12-09,34.64,34.64,33.71,33.71,31990
DQC,2015-12-10,34.02,34.02,33.4,33.71,35780
DQC,2015-12-11,33.71,35.56,33.4,35.25,78220
DQC,2015-12-14,34.95,35.87,34.95,35.25,46870
DQC,2015-12-15,35.56,37.11,35.25,36.18,57550
DQC,2015-12-16,36.49,36.49,35.87,35.87,57020
DQC,2015-12-17,36.18,36.49,35.87,35.87,19970
DQC,2015-12-18,36.49,36.49,35.87,35.87,65420
DQC,2015-12-21,36.18,36.18,35.25,35.56,27880
DQC,2015-12-22,35.56,35.56,34.95,35.25,24620
DQC,2015-12-23,35.25,35.25,34.95,34.95,25080
DQC,2015-12-24,35.87,35.87,34.95,35.25,14620
DQC,2015-12-25,35.87,35.87,34.95,35.25,19350
DQC,2015-12-28,35.56,35.56,34.64,34.95,26560
DQC,2015-12-29,34.64,35.25,34.64,35.25,12950
DQC,2015-12-30,35.25,35.25,34.95,34.95,15560
DQC,2015-12-31,35.25,35.87,34.95,35.25,52970
DQC,2016-01-04,35.25,35.25,34.02,34.64,8100
DQC,2016-01-05,34.64,34.64,33.71,34.02,28840
DQC,2016-01-06,34.02,34.02,33.4,33.71,31460
DQC,2016-01-07,33.4,33.4,31.85,32.78,91730
DQC,2016-01-08,31.85,32.78,31.23,32.78,42700
DQC,2016-01-11,32.78,32.78,31.54,32.16,22810
DQC,2016-01-12,32.16,32.47,31.85,31.85,10220
DQC,2016-01-13,32.47,32.47,31.85,32.16,24980
DQC,2016-01-14,31.54,32.16,31.23,31.85,40760
DQC,2016-01-15,31.85,32.16,30.93,31.54,57310
DQC,2016-01-18,31.23,31.23,30.18,30.86,58220
DQC,2016-01-19,30.86,32.16,30.43,31.85,20170
DQC,2016-01-20,31.85,31.85,29.63,31.85,10110
DQC,2016-01-21,31.85,31.85,30.62,31.54,18830
DQC,2016-01-22,31.54,31.54,30.68,31.54,10200
DQC,2016-01-25,31.23,32.78,31.23,32.16,16650
DQC,2016-01-26,31.23,31.85,31.23,31.85,22010
DQC,2016-01-27,31.85,31.85,31.23,31.54,12700
DQC,2016-01-28,31.23,31.23,30.74,31.23,8900
DQC,2016-01-29,31.23,31.54,30.86,30.93,35410
DQC,2016-02-01,31.23,31.54,30.62,30.62,30040
DQC,2016-02-02,30.93,31.23,30.62,31.23,36310
DQC,2016-02-03,31.23,31.23,30.93,30.93,16300
DQC,2016-02-04,31.23,31.54,30.93,31.54,9180
DQC,2016-02-05,30.93,31.85,30.93,31.85,11440
DQC,2016-02-15,32.16,32.16,30.93,31.85,1790
DQC,2016-02-16,31.85,32.16,31.23,32.16,28760
DQC,2016-02-17,32.78,34.02,32.47,33.71,102030
DQC,2016-02-18,34.02,35.87,34.02,35.56,99800
DQC,2016-02-19,35.25,37.73,35.25,36.18,151750
DQC,2016-02-22,36.18,37.11,35.56,37.11,100560
DQC,2016-02-23,37.11,37.11,35.25,35.87,63110
DQC,2016-02-24,35.87,37.11,35.56,36.49,25410
DQC,2016-02-25,35.25,36.49,35.25,35.87,45120
DQC,2016-02-26,36.49,36.8,35.87,36.8,48380
DQC,2016-02-29,36.8,36.8,35.25,35.87,6250
DQC,2016-03-01,36.18,36.18,35.56,35.87,14500
DQC,2016-03-02,35.87,36.49,35.56,35.87,57020
DQC,2016-03-03,36.49,36.49,34.95,35.25,47290
DQC,2016-03-04,35.87,36.18,35.25,35.56,20550
DQC,2016-03-07,35.87,35.87,34.64,35.25,31250
DQC,2016-03-08,35.25,35.25,34.95,35.25,10080
DQC,2016-03-09,35.25,36.18,35.25,35.56,43600
DQC,2016-03-10,35.87,38.04,35.87,37.73,137060
DQC,2016-03-11,37.73,38.97,37.42,38.04,58320
DQC,2016-03-14,38.35,38.97,37.42,37.73,35480
DQC,2016-03-15,37.42,37.42,35.87,36.49,29860
DQC,2016-03-16,36.49,37.11,35.87,37.11,19440
DQC,2016-03-17,36.49,37.11,35.87,36.49,55330
DQC,2016-03-18,36.49,36.49,35.87,36.49,12930
DQC,2016-03-21,36.49,38.66,36.49,38.35,75750
DQC,2016-03-22,38.35,38.35,37.11,37.73,19490
DQC,2016-03-23,37.73,38.35,37.73,38.35,32880
DQC,2016-03-24,38.35,38.35,37.42,37.42,19860
DQC,2016-03-25,37.42,37.42,34.95,37.11,25980
DQC,2016-03-28,37.11,37.11,36.18,37.11,50030
DQC,2016-03-29,37.11,38.35,37.11,38.35,48570
DQC,2016-03-30,38.35,40.2,37.42,40.2,74330
DQC,2016-03-31,39.27,41.75,39.27,39.89,89060
DQC,2016-04-01,40.2,40.2,39.27,39.58,20180
DQC,2016-04-04,40.2,40.2,38.66,39.58,30950
DQC,2016-04-05,39.27,39.89,39.27,39.89,19790
DQC,2016-04-06,39.89,40.82,39.27,40.82,46170
DQC,2016-04-07,40.82,40.82,39.89,39.89,26030
DQC,2016-04-08,39.89,42.06,39.89,41.75,84740
DQC,2016-04-11,42.37,42.37,39.58,41.13,48400
DQC,2016-04-12,40.82,41.13,39.89,41.13,42200
DQC,2016-04-13,40.82,41.13,39.58,40.51,104410
DQC,2016-04-14,41.13,41.13,40.51,41.13,11190
DQC,2016-04-15,41.13,41.44,40.82,41.13,26090
DQC,2016-04-19,40.82,41.13,40.51,40.82,58850
DQC,2016-04-20,40.2,40.51,39.89,40.51,37550
DQC,2016-04-21,40.2,41.44,40.2,41.44,13710
DQC,2016-04-22,41.44,41.75,41.44,41.75,18390
DQC,2016-04-25,42.06,42.06,40.82,41.75,28820
DQC,2016-04-26,41.75,42.06,40.82,41.75,28270
DQC,2016-04-27,41.75,42.06,41.13,41.75,64310
DQC,2016-04-28,42.06,42.06,41.44,41.75,38170
DQC,2016-04-29,41.75,42.06,41.44,41.75,24580
DQC,2016-05-04,41.44,44.22,41.44,43.91,63940
DQC,2016-05-05,43.6,45.15,43.6,43.91,32810
DQC,2016-05-06,43.91,44.22,43.3,43.91,22740
DQC,2016-05-09,43.91,44.53,43.3,44.53,34750
DQC,2016-05-10,44.22,44.84,43.3,44.53,27410
DQC,2016-05-11,44.53,44.53,43.6,44.53,6540
DQC,2016-05-12,44.53,44.53,43.6,44.53,16370
DQC,2016-05-13,43.91,45.15,43.91,45.15,43690
DQC,2016-05-16,45.15,45.15,44.53,44.53,11720
DQC,2016-05-17,44.22,45.15,44.22,44.53,12990
DQC,2016-05-18,44.84,44.84,43.91,44.53,15420
DQC,2016-05-19,44.53,44.53,43.3,44.22,27930
DQC,2016-05-20,44.22,44.22,41.13,43.91,11260
DQC,2016-05-23,43.91,44.22,43.91,43.91,16840
DQC,2016-05-24,43.91,43.91,42.37,43.91,5760
DQC,2016-05-25,43.6,44.22,43.6,43.91,34870
DQC,2016-05-26,43.91,44.53,43.3,44.22,15420
DQC,2016-05-27,44.22,44.84,43.91,44.84,30800
DQC,2016-05-30,44.84,45.15,44.53,44.84,13450
DQC,2016-05-31,45.15,45.46,43.91,44.84,18670
DQC,2016-06-01,44.53,47.01,44.53,47.01,99790
DQC,2016-06-02,47.01,47.62,46.39,47.62,104680
DQC,2016-06-03,47.62,47.62,45.46,47.01,3270
DQC,2016-06-06,46.7,47.01,45.46,47.01,6840
DQC,2016-06-07,46.08,47.62,45.77,47.32,58260
DQC,2016-06-08,46.39,47.01,46.39,47.01,11660
DQC,2016-06-09,46.7,47.01,46.39,46.39,41410
DQC,2016-06-10,49.3,49.3,44.47,44.47,117180
DQC,2016-06-13,44.47,46.2,44.47,45.51,13530
DQC,2016-06-14,45.51,46.2,44.47,45.85,33140
DQC,2016-06-15,46.2,46.2,45.16,45.51,6560
DQC,2016-06-16,45.51,45.85,44.82,45.51,42610
DQC,2016-06-17,45.51,46.2,45.16,46.2,11430
DQC,2016-06-20,46.2,48.27,45.85,48.27,56210
DQC,2016-06-21,48.27,50.34,48.27,49.65,124340
DQC,2016-06-22,49.99,50.34,48.96,49.65,30890
DQC,2016-06-23,49.99,51.71,49.99,51.71,45200
DQC,2016-06-24,51.02,51.37,48.27,50.34,106160
DQC,2016-06-27,50.34,50.34,49.99,49.99,4400
DQC,2016-06-28,49.99,50.34,48.61,49.99,22870
DQC,2016-06-29,49.99,52.4,49.65,51.02,43300
DQC,2016-06-30,51.71,52.75,51.37,51.71,34510
DQC,2016-07-01,51.71,52.4,51.71,52.06,39040
DQC,2016-07-04,52.06,52.06,50.34,51.71,37130
DQC,2016-07-05,51.71,52.06,50.34,52.06,71390
DQC,2016-07-06,52.06,52.06,51.71,51.71,46050
DQC,2016-07-07,51.71,52.06,51.71,52.06,64590
DQC,2016-07-08,52.06,55.51,51.71,55.51,186280
DQC,2016-07-11,55.51,59.3,55.51,57.23,19250
DQC,2016-07-12,57.23,57.23,55.16,56.2,19190
DQC,2016-07-13,56.89,58.95,55.16,58.61,62860
DQC,2016-07-14,58.26,62.06,57.92,59.99,69770
DQC,2016-07-15,61.02,61.02,56.54,58.61,16770
DQC,2016-07-18,58.95,58.95,56.89,58.95,20960
DQC,2016-07-19,59.3,59.3,56.2,56.54,43470
DQC,2016-07-20,57.23,57.23,55.51,57.23,13220
DQC,2016-07-21,57.23,57.23,55.16,57.23,10020
DQC,2016-07-22,56.89,56.89,53.44,53.44,34640
DQC,2016-07-25,51.71,53.44,51.71,53.44,25560
DQC,2016-07-26,52.06,53.44,50.68,53.44,28360
DQC,2016-07-27,53.44,55.16,53.44,54.82,3560
DQC,2016-07-28,55.16,55.16,53.44,54.47,10850
DQC,2016-07-29,54.47,56.54,53.09,55.16,27400
DQC,2016-08-01,55.51,57.23,54.82,56.89,41240
DQC,2016-08-02,55.85,56.89,54.82,56.89,46670
DQC,2016-08-03,56.54,56.54,54.47,56.54,1160
DQC,2016-08-04,56.54,56.54,55.51,56.54,2570
DQC,2016-08-05,56.54,56.54,53.09,55.85,7810
DQC,2016-08-08,55.85,55.85,53.44,55.85,1690
DQC,2016-08-09,56.54,56.54,55.16,55.85,4580
DQC,2016-08-10,56.2,56.89,55.85,56.2,16500
DQC,2016-08-11,54.47,56.89,54.47,56.54,8220
DQC,2016-08-12,56.89,56.89,55.16,55.85,15900
DQC,2016-08-15,56.2,56.2,55.16,56.2,1860
DQC,2016-08-16,55.16,56.54,55.16,56.54,7590
DQC,2016-08-17,56.2,56.54,54.82,56.54,40550
DQC,2016-08-18,55.85,56.89,55.51,56.89,12760
DQC,2016-08-19,56.89,56.89,56.2,56.89,3740
DQC,2016-08-22,56.89,56.89,55.16,55.16,14490
DQC,2016-08-23,53.44,55.85,51.71,55.85,13160
DQC,2016-08-24,55.16,55.85,54.82,55.85,11110
DQC,2016-08-25,55.85,55.85,54.47,55.51,2260
DQC,2016-08-26,55.51,55.85,54.47,55.51,21950
DQC,2016-08-29,55.51,55.85,54.47,55.51,4790
DQC,2016-08-30,54.82,55.51,54.47,55.51,4880
DQC,2016-08-31,55.85,55.85,54.47,55.51,12040
DQC,2016-09-01,55.51,55.51,53.78,55.16,690
DQC,2016-09-05,53.09,55.16,51.71,55.16,310
DQC,2016-09-06,53.44,55.16,53.09,54.82,2650
DQC,2016-09-07,54.82,55.85,54.13,55.85,20140
DQC,2016-09-08,55.51,55.51,54.13,54.47,9010
DQC,2016-09-09,54.47,55.16,54.13,55.16,5940
DQC,2016-09-12,55.16,55.16,53.78,55.02,1860
DQC,2016-09-13,55.02,55.02,55.02,55.02,10
DQC,2016-09-14,54.96,54.96,53.44,54.96,1060
DQC,2016-09-15,53.78,54.82,53.78,54.82,960
DQC,2016-09-16,54.06,54.54,54.06,54.4,510
DQC,2016-09-19,51.71,54.47,51.23,53.44,160
DQC,2016-09-20,51.71,53.78,49.78,53.23,3810
DQC,2016-09-21,53.23,53.44,50.34,53.09,7890
DQC,2016-09-22,52.75,53.09,51.37,53.02,14400
DQC,2016-09-23,52.96,53.44,52.06,53.44,1680
DQC,2016-09-26,53.44,53.44,51.51,53.02,6400
DQC,2016-09-27,53.02,53.02,51.02,52.4,9660
DQC,2016-09-28,51.71,52.4,51.44,52.4,4590
DQC,2016-09-29,52.4,52.4,51.71,52.27,12380
DQC,2016-09-30,52.4,52.4,50.4,52.4,7350
DQC,2016-10-03,50.75,52.33,48.96,51.65,2960
DQC,2016-10-04,51.99,51.99,49.99,51.71,16320
DQC,2016-10-05,52.27,52.27,51.02,51.71,4730
DQC,2016-10-06,51.02,51.37,49.85,51.02,1240
DQC,2016-10-07,50.96,50.96,49.65,50.89,5270
DQC,2016-10-10,50.75,50.75,49.37,50.47,6470
DQC,2016-10-11,47.58,50.47,47.58,50.47,6160
DQC,2016-10-12,50.47,50.47,48.96,50.27,2040
DQC,2016-10-13,48.96,50.34,48.27,50.34,8640
DQC,2016-10-14,48.47,50.34,48.47,50.34,3890
DQC,2016-10-17,48.68,49.65,48.68,49.65,510
DQC,2016-10-18,48.89,48.96,48.68,48.96,2710
DQC,2016-10-19,50.27,50.27,48.68,48.96,20670
DQC,2016-10-20,48.96,52.27,48.96,51.71,39120
DQC,2016-10-21,52.4,52.4,50.75,51.58,2660
DQC,2016-10-24,51.65,51.65,50.34,51.37,1310
DQC,2016-10-25,51.3,51.3,50.68,51.02,1330
DQC,2016-10-26,50.68,50.68,49.71,50.34,4310
DQC,2016-10-27,49.65,51.65,49.65,51.65,2510
DQC,2016-10-28,51.65,51.65,50.34,50.68,6580
DQC,2016-10-31,51.3,51.3,50.34,50.96,210
DQC,2016-11-01,50.34,50.68,49.65,50.61,2790
DQC,2016-11-02,52.33,52.33,48.96,50.34,11650
DQC,2016-11-03,50.96,50.96,48.27,49.65,4060
DQC,2016-11-04,51.16,51.37,48.96,50.27,5640
DQC,2016-11-07,49.65,49.65,49.03,49.58,14810
DQC,2016-11-08,49.58,49.58,48.89,49.58,37320
DQC,2016-11-09,48.68,52.75,48.68,49.58,4020
DQC,2016-11-10,49.3,49.3,48.61,48.96,14450
DQC,2016-11-11,50.27,50.27,48.4,49.65,14790
DQC,2016-11-14,48.96,48.96,46.96,47.51,25060
DQC,2016-11-15,47.58,47.58,45.78,45.78,18400
DQC,2016-11-16,45.44,46.82,44.13,45.16,28120
DQC,2016-11-17,45.16,46.2,43.44,46.2,47060
DQC,2016-11-18,46.82,46.82,43.44,44.82,23940
DQC,2016-11-21,44.41,44.41,43.44,44.13,18600
DQC,2016-11-22,43.44,44.13,42.75,44.13,31950
DQC,2016-11-23,44.06,44.06,42.75,42.75,15770
DQC,2016-11-24,43.1,43.85,43.1,43.78,14360
DQC,2016-11-25,43.78,44.13,43.51,43.51,4540
DQC,2016-11-28,44.47,44.47,43.44,43.78,5550
DQC,2016-11-29,44.41,46.82,43.44,46.82,70000
DQC,2016-11-30,46.89,48.06,46.82,47.58,11500
DQC,2016-12-01,48.27,48.27,47.23,47.23,12160
DQC,2016-12-02,47.23,48.27,46.2,47.23,5650
DQC,2016-12-05,47.58,47.58,45.92,46.89,3960
DQC,2016-12-06,44.47,46.89,44.47,46.2,6300
DQC,2016-12-07,47.61,47.61,43.1,43.1,10300
DQC,2016-12-08,44.44,44.79,43.02,44.65,12400
DQC,2016-12-09,43.1,45.14,43.1,45.0,13570
DQC,2016-12-12,43.38,44.79,43.24,44.79,4250
DQC,2016-12-13,44.44,44.51,42.32,44.36,15090
DQC,2016-12-14,44.72,44.72,42.32,44.08,8970
DQC,2016-12-15,44.36,44.36,41.76,43.02,6590
DQC,2016-12-16,43.02,43.87,42.32,43.66,10280
DQC,2016-12-19,43.45,45.07,43.45,45.07,1980
DQC,2016-12-20,45.07,45.07,42.32,44.08,23340
DQC,2016-12-21,42.67,43.94,42.67,43.73,4140
DQC,2016-12-22,44.44,44.44,42.74,43.66,4880
DQC,2016-12-23,43.73,43.73,42.74,43.59,1960
DQC,2016-12-26,43.94,43.94,41.76,43.52,4260
DQC,2016-12-27,43.66,44.79,42.39,43.38,3450
DQC,2016-12-28,43.52,44.01,42.46,44.01,2490
DQC,2016-12-29,43.02,43.59,42.32,43.38,7180
DQC,2016-12-30,43.02,44.08,43.02,43.73,3660
DQC,2017-01-03,43.38,44.36,43.38,43.73,9300
DQC,2017-01-04,44.44,46.55,43.73,43.73,7490
DQC,2017-01-05,43.1,45.7,43.1,44.36,2900
DQC,2017-01-06,44.72,44.72,44.01,44.29,8370
DQC,2017-01-09,44.58,45.7,43.73,44.22,11140
DQC,2017-01-10,44.44,44.93,44.08,44.44,6000
DQC,2017-01-11,44.93,45.49,44.22,45.49,4120
DQC,2017-01-12,45.42,45.42,45.07,45.14,1590
DQC,2017-01-13,45.14,45.78,44.86,44.86,3030
DQC,2017-01-16,45.14,45.14,44.44,44.79,4580
DQC,2017-01-17,45.07,45.14,44.08,44.79,7680
DQC,2017-01-18,44.44,45.07,43.73,44.79,3330
DQC,2017-01-19,44.72,44.72,43.73,44.44,2820
DQC,2017-01-20,44.72,45.56,43.02,43.1,5490
DQC,2017-01-23,44.44,44.44,43.1,43.1,4950
DQC,2017-01-24,43.1,44.36,43.02,43.02,12330
DQC,2017-01-25,43.02,43.02,41.97,41.97,13480
DQC,2017-02-02,41.61,41.9,40.56,41.33,19300
DQC,2017-02-03,40.2,41.26,38.44,38.44,121620
DQC,2017-02-06,39.5,40.91,38.79,40.06,59140
DQC,2017-02-07,40.06,40.2,38.79,40.06,11930
DQC,2017-02-08,39.92,39.92,38.44,39.5,35430
DQC,2017-02-09,38.51,39.36,38.51,38.79,19310
DQC,2017-02-10,38.51,39.36,37.45,38.09,52640
DQC,2017-02-13,38.09,40.63,38.09,40.63,112680
DQC,2017-02-14,41.05,42.32,40.91,42.11,44820
DQC,2017-02-15,42.11,42.11,41.4,41.61,19210
DQC,2017-02-16,40.91,41.76,40.56,41.19,23520
DQC,2017-02-17,38.79,40.84,38.51,38.72,94930
DQC,2017-02-20,38.72,41.4,38.23,40.91,69080
DQC,2017-02-21,40.91,41.61,39.85,40.56,12430
DQC,2017-02-22,40.27,40.27,39.36,39.5,50360
DQC,2017-02-23,39.5,40.06,38.93,39.0,27910
DQC,2017-02-24,38.86,38.93,37.95,38.09,25340
DQC,2017-02-27,38.09,40.06,37.73,38.44,13930
DQC,2017-02-28,38.44,39.07,38.09,38.44,23210
DQC,2017-03-01,38.79,38.79,38.09,38.44,3890
DQC,2017-03-02,38.44,39.85,37.73,37.73,9370
DQC,2017-03-03,37.73,38.65,36.68,37.17,60730
DQC,2017-03-06,37.03,37.03,36.11,36.61,39690
DQC,2017-03-07,36.96,36.96,36.54,36.68,20430
DQC,2017-03-08,36.68,39.22,36.68,39.07,62150
DQC,2017-03-09,39.07,39.85,38.58,39.43,23860
DQC,2017-03-10,39.43,39.85,39.43,39.5,44910
DQC,2017-03-13,39.5,39.85,37.03,37.1,50850
DQC,2017-03-14,38.44,38.44,36.68,37.73,12320
DQC,2017-03-15,37.38,38.09,37.17,37.66,12340
DQC,2017-03-16,37.66,37.66,36.82,37.38,36450
DQC,2017-03-17,37.38,37.45,36.82,37.31,67620
DQC,2017-03-20,37.59,38.09,37.03,37.45,70690
DQC,2017-03-21,37.95,38.79,37.52,37.73,39470
DQC,2017-03-22,37.73,38.65,37.66,37.73,62140
DQC,2017-03-23,38.02,38.02,37.38,37.59,21650
DQC,2017-03-24,38.3,38.3,37.24,37.24,21500
DQC,2017-03-27,37.03,37.59,37.03,37.38,50460
DQC,2017-03-28,37.38,38.37,37.38,37.45,46480
DQC,2017-03-29,38.09,39.5,37.73,39.5,167430
DQC,2017-03-30,39.64,39.64,38.79,38.79,49670
DQC,2017-03-31,38.79,38.79,38.02,38.72,48210
DQC,2017-04-03,38.72,38.72,38.09,38.3,30940
DQC,2017-04-04,38.16,39.15,38.16,38.79,75650
DQC,2017-04-05,38.79,39.43,38.79,39.43,100120
DQC,2017-04-07,39.64,39.71,39.15,39.15,42340
DQC,2017-04-10,38.78,39.87,38.71,39.14,70020
DQC,2017-04-11,39.14,39.14,37.69,37.69,78480
DQC,2017-04-12,37.69,38.35,37.62,37.69,46470
DQC,2017-04-13,37.69,38.78,36.24,37.55,41000
DQC,2017-04-14,37.04,37.55,36.24,36.82,31730
DQC,2017-04-17,36.82,37.69,36.61,36.97,28610
DQC,2017-04-18,36.97,36.97,36.17,36.24,56810
DQC,2017-04-19,36.24,36.9,36.03,36.24,26630
DQC,2017-04-20,36.75,36.75,35.52,35.52,30550
DQC,2017-04-21,35.16,36.24,35.16,35.45,11520
DQC,2017-04-24,35.88,36.46,35.66,36.46,23940
DQC,2017-04-25,36.32,36.9,36.24,36.24,47320
DQC,2017-04-26,36.61,36.61,36.24,36.24,30490
DQC,2017-04-27,36.24,36.32,35.59,35.59,49490
DQC,2017-04-28,36.24,36.32,35.45,35.52,37620
DQC,2017-05-03,36.06,36.06,34.51,34.79,41330
DQC,2017-05-04,34.79,34.87,34.43,34.65,38640
DQC,2017-05-05,34.43,34.72,34.29,34.72,20040
DQC,2017-05-08,34.72,34.72,34.07,34.14,48420
DQC,2017-05-09,34.43,34.79,34.22,34.47,28500
DQC,2017-05-10,34.79,34.79,34.36,34.4,17330
DQC,2017-05-11,34.36,34.4,33.71,34.0,55800
DQC,2017-05-12,34.0,34.0,33.49,34.0,38880
DQC,2017-05-15,34.07,34.07,33.93,34.07,37070
DQC,2017-05-16,34.07,34.07,33.56,33.71,58810
DQC,2017-05-17,33.49,34.03,33.27,33.71,38830
DQC,2017-05-18,33.35,33.71,32.98,32.98,33800
DQC,2017-05-19,33.35,33.56,32.91,32.91,65020
DQC,2017-05-22,33.93,34.43,33.35,34.07,132860
DQC,2017-05-23,34.32,34.36,33.89,34.07,36610
DQC,2017-05-24,33.56,34.07,33.56,33.78,21060
DQC,2017-05-25,33.71,35.52,33.56,35.01,113440
DQC,2017-05-26,35.37,37.4,35.37,37.4,210740
DQC,2017-05-29,40.01,40.01,38.42,38.49,144760
DQC,2017-05-30,38.42,39.16,36.57,36.94,103630
DQC,2017-05-31,36.94,36.94,35.17,35.31,147260
DQC,2017-06-01,35.24,36.2,35.24,35.54,70750
DQC,2017-06-02,35.83,35.83,35.09,35.24,52570
DQC,2017-06-05,35.24,35.46,34.58,35.09,76240
DQC,2017-06-06,34.87,35.46,34.72,35.17,66690
DQC,2017-06-07,34.98,36.05,34.98,35.61,49680
DQC,2017-06-08,35.61,35.61,35.09,35.46,31760
DQC,2017-06-09,35.31,35.83,35.24,35.39,42440
DQC,2017-06-12,35.31,35.31,34.72,34.72,50840
DQC,2017-06-13,35.09,35.09,34.72,34.94,36510
DQC,2017-06-14,34.94,34.94,34.5,34.54,54970
DQC,2017-06-15,34.72,35.17,34.54,35.17,23650
DQC,2017-06-16,35.68,35.68,35.02,35.17,44050
DQC,2017-06-19,35.17,35.17,34.72,34.8,58670
DQC,2017-06-20,34.8,34.8,34.61,34.72,53820
DQC,2017-06-21,35.24,36.05,34.72,35.09,118680
DQC,2017-06-22,35.09,35.46,34.94,35.06,81330
DQC,2017-06-23,34.94,35.09,34.72,34.72,85460
DQC,2017-06-26,34.72,35.09,34.35,34.58,96290
DQC,2017-06-27,34.43,35.02,34.35,34.58,41860
DQC,2017-06-28,34.72,34.94,34.58,34.87,17840
DQC,2017-06-29,34.72,35.02,34.72,34.87,43690
DQC,2017-06-30,35.06,37.31,35.06,37.31,345520
DQC,2017-07-03,38.42,38.42,36.64,36.64,133500
DQC,2017-07-04,35.9,36.13,35.02,35.17,292400
DQC,2017-07-05,34.72,35.98,34.06,35.98,167820
DQC,2017-07-06,36.09,36.42,35.46,35.9,131560
DQC,2017-07-07,35.57,36.27,35.39,35.39,105780
DQC,2017-07-10,35.39,35.39,34.35,34.58,104090
DQC,2017-07-11,34.5,34.72,34.28,34.28,49380
DQC,2017-07-12,34.43,35.61,34.43,35.39,71520
DQC,2017-07-13,34.8,35.31,34.58,34.58,141640
DQC,2017-07-14,34.58,35.17,34.58,35.02,34930
DQC,2017-07-17,35.02,35.31,34.35,34.43,51850
DQC,2017-07-18,34.98,34.98,34.28,34.43,61190
DQC,2017-07-19,34.35,34.72,34.35,34.65,21490
DQC,2017-07-20,34.35,34.8,34.28,34.5,18430
DQC,2017-07-21,34.72,34.72,32.51,33.17,110260
DQC,2017-07-24,32.58,34.43,31.92,32.28,52020
DQC,2017-07-25,33.1,33.76,32.21,33.61,47360
DQC,2017-07-26,34.28,34.28,33.5,33.76,14760
DQC,2017-07-27,33.84,33.84,33.02,33.39,19370
DQC,2017-07-28,33.54,33.76,32.95,33.61,16950
DQC,2017-07-31,33.1,33.17,31.77,32.14,70350
DQC,2017-08-01,30.66,32.36,29.92,29.99,460990
DQC,2017-08-02,29.99,31.77,28.15,30.66,142210
DQC,2017-08-03,30.29,31.25,30.29,30.36,25430
DQC,2017-08-04,30.4,30.4,29.48,29.55,150360
DQC,2017-08-07,29.26,29.96,28.81,29.11,119450
DQC,2017-08-08,29.11,29.18,28.96,29.11,95200
DQC,2017-08-09,29.11,29.22,28.3,28.33,102600
DQC,2017-08-10,28.81,29.03,28.3,28.81,72700
DQC,2017-08-11,29.03,29.55,28.52,29.0,92570
DQC,2017-08-14,29.0,30.29,29.0,29.7,157490
DQC,2017-08-15,30.29,30.29,29.18,29.37,76180
DQC,2017-08-16,29.55,30.07,28.96,29.11,74400
DQC,2017-08-17,29.11,29.85,28.74,28.81,72900
DQC,2017-08-18,28.66,28.81,28.66,28.66,74540
DQC,2017-08-21,29.4,29.4,28.66,28.78,10000
DQC,2017-08-22,28.52,28.81,28.44,28.59,46820
DQC,2017-08-23,28.59,29.18,27.93,28.44,34550
DQC,2017-08-24,28.44,28.96,27.78,28.44,20200
DQC,2017-08-25,28.78,28.78,27.78,28.3,36130
DQC,2017-08-28,28.07,28.7,26.6,27.26,90700
DQC,2017-08-29,26.6,27.19,25.38,25.97,144490
DQC,2017-08-30,25.97,27.19,25.86,27.19,148300
DQC,2017-08-31,27.34,28.37,27.34,28.15,90630
DQC,2017-09-01,28.0,28.0,27.34,27.34,55870
DQC,2017-09-05,27.34,27.34,26.74,27.11,28220
DQC,2017-09-06,26.89,27.34,26.82,27.11,11420
DQC,2017-09-07,26.82,27.63,26.82,27.26,12090
DQC,2017-09-08,27.34,27.52,27.11,27.41,38120
DQC,2017-09-11,27.34,27.41,27.26,27.34,77900
DQC,2017-09-12,27.63,27.63,27.26,27.52,57200
DQC,2017-09-13,27.7,27.7,27.04,27.19,138690
DQC,2017-09-14,27.34,27.41,27.26,27.34,45550
DQC,2017-09-15,27.19,27.41,27.19,27.34,27310
DQC,2017-09-18,27.19,27.7,27.04,27.41,87560
DQC,2017-09-19,27.41,27.78,27.41,27.7,25810
DQC,2017-09-20,28.04,28.04,27.41,27.41,18100
DQC,2017-09-21,27.41,27.56,27.26,27.26,59830
DQC,2017-09-22,27.11,27.7,27.04,27.67,16370
DQC,2017-09-25,27.34,27.34,26.93,27.34,97170
DQC,2017-09-26,26.97,27.48,26.97,27.41,26810
DQC,2017-09-27,27.19,27.41,26.71,27.41,25430
DQC,2017-09-28,27.48,27.48,27.19,27.48,35280
DQC,2017-09-29,27.19,27.48,27.19,27.41,9710
DQC,2017-10-02,27.34,27.56,27.11,27.26,15200
DQC,2017-10-03,27.34,27.56,27.11,27.34,27460
DQC,2017-10-04,27.45,27.45,26.97,27.34,42440
DQC,2017-10-05,27.34,27.41,27.19,27.26,7200
DQC,2017-10-06,27.26,27.26,27.11,27.11,2110
DQC,2017-10-09,27.11,27.41,27.04,27.22,51010
DQC,2017-10-10,27.19,27.19,26.89,27.19,7750
DQC,2017-10-11,27.04,27.15,26.74,26.89,47840
DQC,2017-10-12,26.6,27.78,26.6,27.56,53800
DQC,2017-10-13,27.56,27.56,26.82,26.97,81640
DQC,2017-10-16,27.52,27.52,26.93,26.97,35060
DQC,2017-10-17,26.97,27.3,26.45,26.74,57700
DQC,2017-10-18,26.37,26.97,26.37,26.74,25360
DQC,2017-10-19,26.45,27.3,26.45,26.97,21320
DQC,2017-10-20,26.6,26.97,26.6,26.6,23960
DQC,2017-10-23,26.6,26.6,26.37,26.45,29350
DQC,2017-10-24,26.6,26.6,26.3,26.3,41510
DQC,2017-10-25,26.3,26.97,25.38,26.23,24050
DQC,2017-10-26,26.23,26.23,24.75,25.41,49180
DQC,2017-10-27,25.41,25.41,25.04,25.27,9060
DQC,2017-10-30,25.27,25.34,23.79,23.79,80590
DQC,2017-10-31,23.86,24.08,22.9,23.79,105990
DQC,2017-11-01,24.01,25.04,23.75,25.01,17080
DQC,2017-11-02,24.97,25.86,24.01,24.38,81640
DQC,2017-11-03,24.12,24.82,24.01,24.82,37830
DQC,2017-11-06,25.49,25.64,25.12,25.49,22940
DQC,2017-11-07,24.82,25.86,24.82,25.86,39650
DQC,2017-11-08,26.3,27.67,26.3,27.67,193740
DQC,2017-11-09,29.18,29.33,28.07,28.81,105460
DQC,2017-11-10,29.03,30.81,28.81,30.81,170880
DQC,2017-11-13,30.81,31.77,30.29,30.96,141240
DQC,2017-11-14,30.81,30.88,29.26,30.14,98200
DQC,2017-11-15,28.96,29.99,28.89,29.55,60110
DQC,2017-11-16,29.55,29.7,28.44,29.26,71240
DQC,2017-11-17,29.55,30.51,29.55,30.29,87180
DQC,2017-11-20,30.81,31.03,29.55,30.14,74030
DQC,2017-11-21,29.7,29.7,28.81,28.81,67630
DQC,2017-11-22,28.81,29.48,28.81,29.26,78760
DQC,2017-11-23,30.14,30.14,29.03,29.03,72880
DQC,2017-11-24,29.77,29.77,28.81,29.33,19490
DQC,2017-11-27,29.33,29.33,28.89,29.33,40310
DQC,2017-11-28,29.44,29.44,28.96,29.11,23740
DQC,2017-11-29,28.96,29.18,28.89,29.11,35490
DQC,2017-11-30,29.11,29.4,28.89,28.89,31650
DQC,2017-12-01,28.96,29.03,28.66,29.0,33920
DQC,2017-12-04,29.11,29.11,28.66,28.96,33140
DQC,2017-12-05,28.81,28.81,28.07,28.07,56390
DQC,2017-12-06,27.78,28.18,27.63,28.07,35000
DQC,2017-12-07,28.7,28.89,27.96,28.89,38180
DQC,2017-12-08,28.74,29.26,28.44,29.26,40470
DQC,2017-12-11,28.89,29.33,28.44,28.96,91430
DQC,2017-12-12,29.18,29.18,28.07,28.15,77340
DQC,2017-12-13,29.11,29.11,27.85,27.89,9430
DQC,2017-12-14,27.89,28.66,27.89,28.22,53510
DQC,2017-12-15,28.22,28.59,27.7,28.52,24410
DQC,2017-12-18,28.96,28.96,28.37,28.66,28330
DQC,2017-12-19,28.81,28.81,28.44,28.81,49600
DQC,2017-12-20,28.52,28.81,28.37,28.37,27300
DQC,2017-12-21,28.44,28.81,27.93,28.81,54160
DQC,2017-12-22,29.03,29.92,28.81,29.48,166480
DQC,2017-12-25,29.55,30.88,29.55,30.59,173300
DQC,2017-12-26,30.81,30.88,30.44,30.88,137260
DQC,2017-12-27,30.96,31.03,30.44,30.51,85460
DQC,2017-12-28,30.51,30.66,28.81,29.07,117110
DQC,2017-12-29,29.07,29.92,29.07,29.92,80850
DQC,2018-01-02,30.88,30.88,28.59,29.7,18630
DQC,2018-01-03,28.89,29.55,28.89,29.33,109310
DQC,2018-01-04,29.33,29.33,28.81,28.96,40440
DQC,2018-01-05,28.96,30.29,28.96,29.22,33410
DQC,2018-01-08,29.55,30.59,29.55,30.51,141830
DQC,2018-01-09,30.51,30.81,30.29,30.51,58260
DQC,2018-01-10,30.59,30.66,30.14,30.51,63770
DQC,2018-01-11,30.29,31.25,29.55,31.25,136950
DQC,2018-01-12,31.25,32.73,31.25,32.65,123290
DQC,2018-01-15,32.51,32.58,31.92,32.43,33430
DQC,2018-01-16,32.51,32.51,31.14,31.14,64630
DQC,2018-01-17,31.14,31.14,29.77,30.25,141020
DQC,2018-01-18,28.45,31.36,28.45,29.52,42780
DQC,2018-01-19,29.91,30.06,29.29,29.29,75330
DQC,2018-01-22,29.06,29.98,27.76,27.99,80780
DQC,2018-01-23,27.99,27.99,27.99,27.99,0
DQC,2018-01-24,27.99,27.99,27.99,27.99,0
DQC,2018-01-25,27.99,28.07,26.92,26.92,139390
DQC,2018-01-26,26.92,27.45,26.92,27.15,83810
DQC,2018-01-29,27.45,27.45,26.3,26.38,60440
DQC,2018-01-30,26.38,27.22,26.15,26.61,101890
DQC,2018-01-31,27.11,27.11,26.38,26.61,53950
DQC,2018-02-01,26.46,26.99,26.15,26.15,56730
DQC,2018-02-02,26.69,26.99,26.07,26.3,19230
DQC,2018-02-05,25.96,26.69,25.46,25.65,33150
DQC,2018-02-06,24.08,26.84,24.04,24.69,84040
DQC,2018-02-07,26.07,26.42,24.69,25.0,49100
DQC,2018-02-08,26.23,26.23,24.54,24.62,64570
DQC,2018-02-09,23.01,25.69,23.01,24.58,28000
DQC,2018-02-12,25.31,26.0,24.92,25.31,22310
DQC,2018-02-13,25.11,26.46,25.11,25.69,9210
DQC,2018-02-21,26.3,26.38,25.92,26.26,30150
DQC,2018-02-22,26.26,26.8,26.26,26.46,18350
DQC,2018-02-23,26.76,26.84,26.07,26.76,17900
DQC,2018-02-26,26.84,27.3,26.84,27.07,25010
DQC,2018-02-27,27.07,27.22,26.3,26.49,16620
DQC,2018-02-28,26.38,26.84,26.15,26.69,33580
DQC,2018-03-01,26.53,27.45,26.53,27.38,73710
DQC,2018-03-02,26.84,29.26,26.84,28.91,161530
DQC,2018-03-05,29.06,29.91,28.76,28.76,135710
DQC,2018-03-06,28.76,29.75,28.45,28.83,23180
DQC,2018-03-07,29.06,29.14,27.99,28.22,46660
DQC,2018-03-08,27.8,28.68,27.68,27.68,19780
DQC,2018-03-09,27.68,28.83,27.68,28.53,52900
DQC,2018-03-12,29.03,29.03,27.91,28.37,44030
DQC,2018-03-13,28.37,28.37,28.14,28.22,47560
DQC,2018-03-14,28.18,28.68,27.95,28.22,34920
DQC,2018-03-15,28.76,28.76,27.61,28.07,36420
DQC,2018-03-16,28.45,28.45,27.8,28.34,26640
DQC,2018-03-19,28.6,28.76,27.76,27.84,28590
DQC,2018-03-20,28.45,28.45,27.61,28.3,40850
DQC,2018-03-21,28.37,28.37,27.61,27.95,77180
DQC,2018-03-22,27.68,27.76,27.45,27.45,43110
DQC,2018-03-23,27.99,27.99,26.84,27.38,24750
DQC,2018-03-26,27.61,27.61,26.53,26.84,56600
DQC,2018-03-27,27.53,27.53,26.46,26.69,37770
DQC,2018-03-28,26.69,26.69,26.38,26.69,33660
DQC,2018-03-29,27.65,27.65,26.45,26.93,41430
DQC,2018-03-30,26.93,26.93,26.05,26.21,60690
DQC,2018-04-02,26.29,26.85,26.21,26.37,48260
DQC,2018-04-03,26.45,26.81,25.72,26.53,25560
DQC,2018-04-04,25.64,28.37,25.64,28.37,110220
DQC,2018-04-05,29.09,29.41,28.45,29.17,66640
DQC,2018-04-06,29.17,29.25,28.05,28.61,20330
DQC,2018-04-09,28.37,28.65,28.17,28.61,23340
DQC,2018-04-10,28.61,28.61,28.21,28.29,34030
DQC,2018-04-11,28.29,28.29,26.53,26.53,33250
DQC,2018-04-12,26.53,28.05,26.45,27.81,50610
DQC,2018-04-13,27.81,27.97,27.01,27.89,2960
DQC,2018-04-16,27.97,28.05,26.85,27.65,7740
DQC,2018-04-17,27.65,27.81,27.09,27.09,18380
DQC,2018-04-18,27.09,27.09,26.69,26.69,35200
DQC,2018-04-19,26.45,27.21,25.97,27.09,47610
DQC,2018-04-20,27.17,27.25,26.45,26.53,29960
DQC,2018-04-23,26.49,27.65,26.49,27.25,22310
DQC,2018-04-24,27.53,27.53,26.49,27.09,2170
DQC,2018-04-26,26.93,27.09,25.72,25.72,24970
DQC,2018-04-27,25.72,27.25,25.72,27.25,47440
DQC,2018-05-02,27.65,27.65,26.69,27.09,46770
DQC,2018-05-03,27.09,27.65,26.93,27.49,75110
DQC,2018-05-04,27.17,27.49,27.17,27.25,16950
DQC,2018-05-07,27.53,27.65,27.25,27.25,27170
DQC,2018-05-08,27.25,27.41,27.09,27.25,24140
DQC,2018-05-09,27.49,27.61,27.13,27.25,35790
DQC,2018-05-10,27.57,27.57,26.69,26.69,25050
DQC,2018-05-11,27.09,27.25,26.69,27.25,10150
DQC,2018-05-14,26.53,27.25,26.49,26.85,2940
DQC,2018-05-15,26.85,27.17,26.85,26.93,32130
DQC,2018-05-16,27.25,27.25,26.77,26.85,11050
DQC,2018-05-17,26.77,27.25,26.77,27.25,5130
DQC,2018-05-18,27.09,27.21,26.85,27.21,33700
DQC,2018-05-21,27.09,27.17,26.45,27.01,13750
DQC,2018-05-22,26.05,26.85,25.64,25.97,19960
DQC,2018-05-23,26.45,26.85,25.88,26.85,13660
DQC,2018-05-24,26.45,26.85,26.13,26.85,6050
DQC,2018-05-25,26.21,26.85,26.21,26.65,15450
DQC,2018-05-28,26.73,26.73,25.64,25.64,10670
DQC,2018-05-29,25.64,26.65,25.56,26.61,12740
DQC,2018-05-30,26.61,26.81,26.45,26.61,3700
DQC,2018-05-31,26.45,26.85,26.29,26.45,13890
DQC,2018-06-01,27.17,27.17,26.29,26.53,1670
DQC,2018-06-04,27.13,27.13,26.21,26.45,19760
DQC,2018-06-05,26.45,26.45,26.13,26.21,27380
DQC,2018-06-06,26.77,26.77,26.05,26.69,18080
DQC,2018-06-07,26.69,27.09,26.45,27.01,5780
DQC,2018-06-08,27.01,27.25,26.77,27.01,5530
DQC,2018-06-11,26.69,27.09,26.29,26.85,610
DQC,2018-06-12,26.85,26.85,26.05,26.45,27920
DQC,2018-06-13,26.21,26.45,26.13,26.13,6810
DQC,2018-06-14,26.21,26.45,26.13,26.45,180
DQC,2018-06-15,26.21,26.77,26.13,26.13,10760
DQC,2018-06-18,26.77,26.77,26.21,26.21,4630
DQC,2018-06-19,25.64,26.77,25.64,26.29,420
DQC,2018-06-20,25.48,26.45,25.48,26.29,670
DQC,2018-06-21,26.05,26.29,25.64,26.29,1360
DQC,2018-06-22,26.21,26.21,26.05,26.21,6050
DQC,2018-06-25,26.13,26.41,26.05,26.41,3400
DQC,2018-06-26,25.0,26.37,25.0,26.21,20860
DQC,2018-06-27,26.21,26.21,25.24,26.05,9090
DQC,2018-06-28,26.05,26.05,25.08,25.97,3450
DQC,2018-06-29,25.72,25.97,25.24,25.24,21730
DQC,2018-07-02,25.24,26.25,25.24,25.48,1740
DQC,2018-07-03,25.48,25.48,24.12,24.12,9370
DQC,2018-07-04,25.64,25.64,23.72,25.48,4690
DQC,2018-07-05,25.4,25.4,24.04,24.04,7190
DQC,2018-07-06,25.24,25.24,24.04,24.04,850
DQC,2018-07-09,24.04,25.72,24.04,25.24,3140
DQC,2018-07-10,24.84,24.96,24.44,24.92,1140
DQC,2018-07-11,24.92,25.48,24.92,25.48,30
DQC,2018-07-12,25.4,25.4,24.04,24.84,11640
DQC,2018-07-13,25.48,25.48,25.24,25.24,210
DQC,2018-07-16,25.24,25.24,25.24,25.24,10
DQC,2018-07-17,24.8,25.16,24.04,25.16,6370
DQC,2018-07-18,24.92,25.0,24.84,25.0,1520
DQC,2018-07-19,25.24,25.24,24.44,24.84,13230
DQC,2018-07-20,24.84,25.2,24.84,24.84,4170
DQC,2018-07-23,25.24,25.24,24.84,25.16,16540
DQC,2018-07-24,24.68,25.4,24.68,25.0,7480
DQC,2018-07-25,24.84,24.84,24.84,24.84,1400
DQC,2018-07-26,25.32,25.32,24.04,24.84,6640
DQC,2018-07-27,24.44,24.84,23.88,24.84,21030
DQC,2018-07-30,24.84,25.08,24.04,24.44,12550
DQC,2018-07-31,24.44,24.92,23.4,24.44,78250
DQC,2018-08-01,24.44,24.52,24.04,24.04,11540
DQC,2018-08-02,24.4,24.4,23.88,24.04,5000
DQC,2018-08-03,24.2,24.24,23.56,23.96,12750
DQC,2018-08-06,24.04,24.04,23.24,24.0,7880
DQC,2018-08-07,23.96,23.96,23.24,23.24,14450
DQC,2018-08-08,22.6,23.96,22.6,23.36,27920
DQC,2018-08-09,23.36,23.72,22.52,23.32,29340
DQC,2018-08-10,22.84,23.32,22.44,23.04,33540
DQC,2018-08-13,23.0,23.0,22.2,22.28,46080
DQC,2018-08-14,22.2,22.52,22.12,22.12,64420
DQC,2018-08-15,22.12,22.44,21.64,21.64,46640
DQC,2018-08-16,21.64,22.36,21.52,22.36,15110
DQC,2018-08-17,22.36,22.36,22.04,22.04,2970
DQC,2018-08-20,22.44,22.44,22.04,22.12,4970
DQC,2018-08-21,22.0,22.4,22.0,22.28,4230
DQC,2018-08-22,22.28,22.92,22.28,22.92,28670
DQC,2018-08-23,22.92,22.92,22.6,22.88,2730
DQC,2018-08-24,22.84,22.84,22.44,22.76,6050
DQC,2018-08-27,23.04,23.68,23.0,23.68,51280
DQC,2018-08-28,23.72,24.04,23.48,24.04,43560
DQC,2018-08-29,24.04,24.2,23.64,24.2,24830
DQC,2018-08-30,24.44,24.44,24.04,24.2,36230
DQC,2018-08-31,24.2,24.28,23.64,23.64,30210
DQC,2018-09-04,23.64,24.32,23.64,24.2,44310
DQC,2018-09-05,24.32,24.32,24.12,24.2,64870
DQC,2018-09-06,24.46,24.67,24.46,24.5,9330
DQC,2018-09-07,24.67,24.67,24.12,24.41,12050
DQC,2018-09-10,25.21,25.21,24.37,24.37,11820
DQC,2018-09-11,23.57,24.96,23.57,24.46,1350
DQC,2018-09-12,25.13,25.13,23.74,23.87,24360
DQC,2018-09-13,24.41,24.41,23.19,24.29,23430
DQC,2018-09-14,24.03,24.29,23.61,24.29,9630
DQC,2018-09-17,24.2,24.2,23.61,24.03,15630
DQC,2018-09-18,24.2,24.2,23.61,24.08,14310
DQC,2018-09-19,24.16,24.29,24.03,24.24,21690
DQC,2018-09-20,24.24,24.62,24.12,24.46,17830
DQC,2018-09-21,24.33,25.21,24.29,25.13,63090
DQC,2018-09-24,25.3,25.55,24.37,24.84,11670
DQC,2018-09-25,25.13,25.13,24.46,24.84,7920
DQC,2018-09-26,24.79,24.84,24.37,24.62,27960
DQC,2018-09-27,24.46,25.21,24.37,24.54,29970
DQC,2018-09-28,24.96,24.96,24.54,24.79,15170
DQC,2018-10-01,25.13,25.21,24.46,24.79,5970
DQC,2018-10-02,24.62,24.79,24.37,24.5,9040
DQC,2018-10-03,24.88,25.05,24.54,24.88,9070
DQC,2018-10-04,25.09,25.21,24.62,24.96,12070
DQC,2018-10-05,24.79,24.96,24.67,24.96,7620
DQC,2018-10-08,24.62,24.96,24.46,24.79,8960
DQC,2018-10-09,24.67,25.09,24.58,24.92,2880
DQC,2018-10-10,24.88,24.88,24.71,24.88,9480
DQC,2018-10-11,24.67,24.67,23.61,23.61,16770
DQC,2018-10-12,23.61,24.46,23.19,24.41,14800
DQC,2018-10-15,24.79,24.79,23.91,24.62,3750
DQC,2018-10-16,24.62,25.13,24.62,24.96,29660
DQC,2018-10-17,25.05,25.3,24.71,25.3,30880
DQC,2018-10-18,25.3,26.9,25.13,26.82,46860
DQC,2018-10-19,26.14,26.56,26.06,26.14,33280
DQC,2018-10-22,26.23,26.99,25.13,25.3,13830
DQC,2018-10-23,24.29,26.14,24.29,25.17,23290
DQC,2018-10-24,25.21,25.3,24.71,24.71,23830
DQC,2018-10-25,24.29,25.13,23.61,24.24,25490
DQC,2018-10-26,24.88,24.88,23.87,24.71,12430
DQC,2018-10-29,23.28,24.71,23.15,23.15,38040
DQC,2018-10-30,24.46,24.46,22.22,22.94,27400
DQC,2018-10-31,24.37,24.37,22.94,22.94,24160
DQC,2018-11-01,23.78,24.03,22.77,22.94,13540
DQC,2018-11-02,23.87,23.87,23.61,23.87,160
DQC,2018-11-05,23.61,23.61,23.44,23.61,780
DQC,2018-11-06,23.7,23.87,23.23,23.7,7450
DQC,2018-11-07,23.32,23.7,23.28,23.7,3510
DQC,2018-11-08,23.7,23.87,23.32,23.32,2620
DQC,2018-11-09,23.78,23.78,23.32,23.32,1400
DQC,2018-11-12,23.7,23.7,23.28,23.4,5730
DQC,2018-11-13,23.78,23.78,23.19,23.36,390
DQC,2018-11-14,23.02,23.53,23.02,23.15,14170
DQC,2018-11-15,23.15,23.4,23.11,23.4,6260
DQC,2018-11-16,23.61,23.61,23.28,23.53,1560
DQC,2018-11-19,23.61,23.61,23.61,23.61,330
DQC,2018-11-20,23.57,23.61,23.23,23.57,2470
DQC,2018-11-21,23.53,23.61,23.19,23.61,4580
DQC,2018-11-22,23.32,23.7,22.35,22.52,52460
DQC,2018-11-23,23.19,23.57,22.77,23.32,2140
DQC,2018-11-26,22.85,23.49,22.35,23.23,15540
DQC,2018-11-27,23.28,23.28,22.52,22.52,18960
DQC,2018-11-28,22.43,23.02,22.43,22.94,31300
DQC,2018-11-29,22.77,22.77,22.22,22.52,52240
DQC,2018-11-30,22.94,22.94,22.35,22.68,20510
DQC,2018-12-03,22.94,22.94,22.26,22.43,18560
DQC,2018-12-04,22.43,22.77,22.43,22.43,3330
DQC,2018-12-05,22.26,22.94,22.26,22.64,3480
DQC,2018-12-06,22.64,22.68,22.39,22.39,3370
DQC,2018-12-07,22.39,23.02,22.35,22.35,54220
DQC,2018-12-10,22.85,22.85,22.35,22.77,4440
DQC,2018-12-11,22.68,23.19,22.43,22.77,4310
DQC,2018-12-12,23.02,23.02,22.31,22.73,12530
DQC,2018-12-13,22.68,22.77,22.35,22.52,7310
DQC,2018-12-14,22.39,22.68,22.26,22.26,25590
DQC,2018-12-17,22.18,22.6,21.67,21.76,45780
DQC,2018-12-18,22.26,22.26,21.76,22.18,3420
DQC,2018-12-19,21.84,21.93,21.76,21.93,6490
DQC,2018-12-20,21.93,22.35,21.93,22.18,11270
DQC,2018-12-21,22.35,23.7,22.35,22.94,50720
DQC,2018-12-24,23.32,23.32,22.26,22.6,7200
DQC,2018-12-25,22.6,22.77,22.18,22.43,7380
DQC,2018-12-26,22.43,22.6,22.09,22.56,10430
DQC,2018-12-27,22.6,23.61,22.6,23.36,48020
DQC,2018-12-28,23.36,23.36,22.43,23.36,28320
DQC,2019-01-02,22.77,23.11,22.77,22.77,2480
DQC,2019-01-03,23.61,23.61,22.01,22.01,10800
DQC,2019-01-04,23.36,23.36,22.35,22.56,6440
DQC,2019-01-07,21.59,22.68,21.59,22.68,44350
DQC,2019-01-08,22.18,22.77,22.01,22.77,1080
DQC,2019-01-09,22.77,23.61,22.35,23.02,12490
DQC,2019-01-10,23.02,23.02,22.35,22.47,3190
DQC,2019-01-11,22.68,23.15,22.01,22.94,21770
DQC,2019-01-14,22.77,22.77,22.35,22.68,720
DQC,2019-01-15,22.68,23.15,22.6,22.6,10500
DQC,2019-01-16,23.02,23.02,22.01,22.18,14820
DQC,2019-01-17,22.94,22.94,21.93,22.68,8580
DQC,2019-01-18,22.43,23.36,22.43,23.19,44220
DQC,2019-01-21,23.36,23.61,23.11,23.61,14610
DQC,2019-01-22,23.11,23.53,23.11,23.11,4740
DQC,2019-01-23,23.02,23.02,22.6,22.98,18360
DQC,2019-01-24,22.85,22.85,22.68,22.68,2220
DQC,2019-01-25,22.77,23.61,22.6,23.61,16230
DQC,2019-01-28,22.77,23.74,22.77,23.74,25400
DQC,2019-01-29,23.06,23.61,23.02,23.61,52370
DQC,2019-01-30,23.02,23.11,22.9,23.11,8740
DQC,2019-01-31,22.68,23.32,22.6,23.11,5620
DQC,2019-02-01,22.77,23.19,22.73,23.19,7320
DQC,2019-02-11,23.19,23.53,22.77,23.53,5170
DQC,2019-02-12,23.19,23.57,22.77,23.44,38620
DQC,2019-02-13,23.4,23.4,22.35,22.39,152070
DQC,2019-02-14,22.56,23.02,22.56,23.02,1100
DQC,2019-02-15,22.94,23.19,22.43,23.19,20770
DQC,2019-02-18,23.19,23.19,22.52,22.6,11470
DQC,2019-02-19,22.68,22.85,22.6,22.6,57000
DQC,2019-02-20,22.6,22.73,22.35,22.35,17030
DQC,2019-02-21,22.73,22.73,22.26,22.35,45530
DQC,2019-02-22,22.77,22.77,22.14,22.6,58560
DQC,2019-02-25,22.35,22.77,22.22,22.6,47720
DQC,2019-02-26,22.43,22.73,22.35,22.35,27770
DQC,2019-02-27,22.68,22.68,22.26,22.43,26580
DQC,2019-02-28,22.43,23.44,22.43,22.77,440860
DQC,2019-03-01,23.4,23.4,22.6,22.77,167710
DQC,2019-03-04,23.11,23.28,22.77,22.94,138750
DQC,2019-03-05,22.94,22.94,22.77,22.77,26280
DQC,2019-03-06,23.06,24.33,22.9,24.2,666660
DQC,2019-03-07,24.46,25.13,24.46,25.09,212720
DQC,2019-03-08,24.88,24.88,24.29,24.71,89550
DQC,2019-03-11,24.46,24.92,24.37,24.46,195670
DQC,2019-03-12,24.88,25.72,24.62,25.13,130660
DQC,2019-03-13,25.13,25.72,23.7,24.12,215460
DQC,2019-03-14,24.46,24.71,24.03,24.03,173560
DQC,2019-03-15,24.46,24.46,24.03,24.16,49000
DQC,2019-03-18,24.88,24.88,24.03,24.12,93940
DQC,2019-03-19,24.29,24.29,23.91,23.95,93620
DQC,2019-03-20,24.2,24.2,23.87,24.2,85270
DQC,2019-03-21,24.46,24.46,23.7,23.7,71660
DQC,2019-03-22,23.78,23.87,23.57,23.61,46770
DQC,2019-03-25,23.57,23.57,22.77,23.11,79390
DQC,2019-03-26,24.09,24.18,23.69,23.77,171950
DQC,2019-03-27,23.82,23.95,23.6,23.82,89340
DQC,2019-03-28,23.64,23.64,23.37,23.37,28610
DQC,2019-03-29,23.37,23.55,23.24,23.46,33540
DQC,2019-04-01,23.28,23.64,23.02,23.11,93800
DQC,2019-04-02,23.19,23.33,23.06,23.19,25980
DQC,2019-04-03,23.19,23.46,23.02,23.28,42900
DQC,2019-04-04,23.19,23.28,22.97,23.06,46430
DQC,2019-04-05,23.06,23.19,23.02,23.02,36260
DQC,2019-04-08,23.06,23.46,22.97,23.33,79870
DQC,2019-04-09,23.33,23.33,22.3,22.3,170480
DQC,2019-04-10,22.3,22.84,22.21,22.21,85660
DQC,2019-04-11,22.21,22.21,21.59,21.59,117610
DQC,2019-04-12,21.28,21.28,20.61,20.88,74110
DQC,2019-04-16,20.88,20.88,19.45,19.45,194930
DQC,2019-04-17,19.63,19.98,19.45,19.8,59120
DQC,2019-04-18,19.98,19.98,19.45,19.54,35430
DQC,2019-04-19,19.45,19.54,19.14,19.14,53110
DQC,2019-04-22,19.14,19.14,18.47,18.47,85490
DQC,2019-04-23,18.11,18.47,18.11,18.47,57190
DQC,2019-04-24,18.29,18.69,18.29,18.69,26760
DQC,2019-04-25,18.73,19.18,18.69,19.18,77030
DQC,2019-04-26,18.96,19.45,18.47,18.47,92920
DQC,2019-05-02,18.56,19.14,18.29,18.33,34720
DQC,2019-05-03,18.33,18.51,18.15,18.29,64690
DQC,2019-05-06,18.2,18.2,17.13,17.49,57820
DQC,2019-05-07,17.49,18.11,16.95,17.57,44710
DQC,2019-05-08,17.31,17.53,16.77,16.95,73840
DQC,2019-05-09,16.95,17.57,16.86,17.13,21980
DQC,2019-05-10,17.35,17.35,16.86,17.22,12710
DQC,2019-05-13,17.22,17.35,16.91,17.17,51190
DQC,2019-05-14,17.13,17.4,16.95,17.13,70950
DQC,2019-05-15,17.26,17.49,16.99,17.49,51820
DQC,2019-05-16,17.49,17.57,17.22,17.26,17720
DQC,2019-05-17,17.26,17.26,16.95,17.22,24630
DQC,2019-05-20,17.17,17.84,17.17,17.8,65000
DQC,2019-05-21,17.8,17.8,17.4,17.44,22350
DQC,2019-05-22,17.66,17.66,17.31,17.4,27560
DQC,2019-05-23,17.4,17.4,17.22,17.26,9090
DQC,2019-05-24,17.26,17.26,17.13,17.22,11780
DQC,2019-05-27,16.99,17.57,16.95,17.22,17740
DQC,2019-05-28,17.13,17.22,16.59,16.68,39260
DQC,2019-05-29,16.91,16.95,16.5,16.73,42520
DQC,2019-05-30,16.59,16.86,16.5,16.59,36800
DQC,2019-05-31,16.37,16.86,16.37,16.73,21120
DQC,2019-06-03,16.68,16.95,16.41,16.77,53470
DQC,2019-06-04,16.59,16.95,16.41,16.95,33970
DQC,2019-06-05,16.95,16.95,16.5,16.77,34510
DQC,2019-06-06,16.5,16.68,16.41,16.68,14140
DQC,2019-06-07,16.68,16.68,16.46,16.46,20250
DQC,2019-06-10,16.41,16.68,16.41,16.5,40990
DQC,2019-06-11,16.5,16.64,16.46,16.5,26900
DQC,2019-06-12,16.5,16.64,16.46,16.46,11110
DQC,2019-06-13,16.41,16.46,16.37,16.41,35290
DQC,2019-06-14,16.37,16.41,16.33,16.41,25220
DQC,2019-06-17,16.41,16.41,16.01,16.24,21470
DQC,2019-06-18,16.06,16.33,15.97,16.19,5750
DQC,2019-06-19,16.28,16.37,16.06,16.19,5160
DQC,2019-06-20,16.15,16.28,16.06,16.24,21530
DQC,2019-06-21,16.19,16.19,16.06,16.1,11260
DQC,2019-06-24,16.1,16.1,15.92,16.06,20070
DQC,2019-06-25,16.01,16.06,15.88,15.88,17730
DQC,2019-06-26,15.88,16.77,15.88,16.41,25760
DQC,2019-06-27,16.37,16.77,16.1,16.1,18220
DQC,2019-06-28,16.06,16.5,16.06,16.1,14420
DQC,2019-07-01,16.37,16.59,16.15,16.59,20520
DQC,2019-07-02,16.5,16.5,16.24,16.37,4580
DQC,2019-07-03,16.37,16.5,16.28,16.5,5900
DQC,2019-07-04,16.55,16.55,16.33,16.5,9720
DQC,2019-07-05,16.5,16.5,16.06,16.5,51850
DQC,2019-07-08,16.5,16.5,16.19,16.33,6330
DQC,2019-07-09,16.33,16.33,16.01,16.28,14540
DQC,2019-07-10,16.28,16.46,15.97,16.41,14930
DQC,2019-07-11,16.1,16.41,16.06,16.15,11030
DQC,2019-07-12,16.24,16.33,16.15,16.33,16460
DQC,2019-07-15,16.37,16.37,16.1,16.33,3190
DQC,2019-07-16,16.1,16.33,16.06,16.33,26480
DQC,2019-07-17,16.28,16.33,16.06,16.33,9030
DQC,2019-07-18,16.15,16.28,16.06,16.28,5130
DQC,2019-07-19,16.28,16.28,16.01,16.24,22640
DQC,2019-07-22,16.24,16.37,16.1,16.24,3390
DQC,2019-07-23,16.15,16.15,16.01,16.01,21240
DQC,2019-07-24,16.01,16.15,16.01,16.15,13140
DQC,2019-07-25,16.24,17.26,16.19,17.26,194910
DQC,2019-07-26,18.2,18.2,17.57,17.89,70380
DQC,2019-07-29,17.93,17.93,17.22,17.53,25300
DQC,2019-07-30,16.86,16.86,16.33,16.5,178200
DQC,2019-07-31,16.06,16.5,15.97,16.5,22410
DQC,2019-08-01,16.68,16.91,16.33,16.33,6290
DQC,2019-08-02,16.06,16.24,15.92,16.24,33650
DQC,2019-08-05,16.1,16.24,15.97,16.19,18160
DQC,2019-08-06,16.06,16.06,15.7,15.79,35890
DQC,2019-08-07,15.79,16.24,15.79,16.06,14320
DQC,2019-08-08,15.83,16.06,15.7,15.79,7750
DQC,2019-08-09,15.92,16.15,15.79,16.15,27340
DQC,2019-08-12,16.24,16.91,16.06,16.5,13000
DQC,2019-08-13,16.37,16.37,16.06,16.06,32810
DQC,2019-08-14,16.1,16.41,16.06,16.28,24420
DQC,2019-08-15,16.06,16.5,16.06,16.5,16890
DQC,2019-08-16,16.5,16.5,16.06,16.41,5390
DQC,2019-08-19,16.19,16.33,16.1,16.24,9240
DQC,2019-08-20,15.88,16.24,15.79,16.1,80670
DQC,2019-08-21,16.1,16.24,15.97,16.06,22270
DQC,2019-08-22,16.06,16.06,15.88,15.88,12910
DQC,2019-08-23,15.88,16.1,15.88,16.06,30880
DQC,2019-08-26,15.88,15.88,15.52,15.7,43880
DQC,2019-08-27,16.01,16.24,15.61,15.92,34450
DQC,2019-08-28,15.79,16.15,15.7,16.06,5910
DQC,2019-08-29,16.33,16.33,15.97,16.06,79300
DQC,2019-08-30,16.06,17.17,16.06,17.17,358470
DQC,2019-09-03,17.75,18.29,16.77,17.31,48340
DQC,2019-09-04,17.04,17.04,16.24,16.59,42870
DQC,2019-09-05,16.91,16.91,16.28,16.55,84040
DQC,2019-09-06,16.68,16.68,16.1,16.19,46080
DQC,2019-09-09,16.19,16.64,16.19,16.19,51380
DQC,2019-09-10,16.46,16.46,16.19,16.19,30340
DQC,2019-09-11,16.15,16.37,16.06,16.1,37710
DQC,2019-09-12,16.19,16.33,16.06,16.24,35560
DQC,2019-09-13,16.24,16.28,16.15,16.15,21940
DQC,2019-09-16,16.37,16.37,15.97,16.19,26590
DQC,2019-09-17,16.19,16.19,16.06,16.15,30700
DQC,2019-09-18,16.06,16.15,15.97,16.01,42280
DQC,2019-09-19,16.06,16.06,16.01,16.06,14080
DQC,2019-09-20,15.97,16.19,15.97,16.1,16790
DQC,2019-09-23,16.1,16.15,15.97,16.06,22020
DQC,2019-09-24,16.1,16.1,15.79,16.06,21250
DQC,2019-09-25,15.92,16.01,15.88,15.97,16980
DQC,2019-09-26,15.88,16.06,15.88,16.01,13500
DQC,2019-09-27,15.97,16.28,15.97,16.28,49930
DQC,2019-09-30,16.41,16.82,16.28,16.46,50110
DQC,2019-10-01,16.46,16.46,16.28,16.37,19900
DQC,2019-10-02,16.37,16.37,16.28,16.33,44150
DQC,2019-10-03,16.1,16.33,16.1,16.28,22170
DQC,2019-10-04,16.46,16.46,16.24,16.24,23050
DQC,2019-10-07,16.33,16.46,16.24,16.33,17750
DQC,2019-10-08,16.41,16.41,16.24,16.33,14850
DQC,2019-10-09,16.37,16.41,16.19,16.37,26260
DQC,2019-10-10,16.33,16.37,16.28,16.28,4900
DQC,2019-10-11,16.41,16.73,16.28,16.73,93990
DQC,2019-10-14,16.73,16.77,16.55,16.73,121270
DQC,2019-10-15,16.77,16.86,16.68,16.73,25070
DQC,2019-10-16,16.77,17.17,16.77,17.04,78390
DQC,2019-10-17,17.17,17.17,16.73,16.91,64640
DQC,2019-10-18,16.91,16.91,16.55,16.68,23760
DQC,2019-10-21,16.5,16.59,16.41,16.59,24310
DQC,2019-10-22,16.77,16.86,16.37,16.59,28660
DQC,2019-10-23,16.59,16.59,16.1,16.1,47330
DQC,2019-10-24,16.1,16.41,16.1,16.24,22640
DQC,2019-10-25,16.59,16.59,16.24,16.28,15130
DQC,2019-10-28,16.19,16.5,16.19,16.19,15080
DQC,2019-10-29,16.19,16.41,16.1,16.33,45790
DQC,2019-10-30,16.06,16.33,16.06,16.06,34870
DQC,2019-10-31,15.88,15.97,14.94,14.94,168120
DQC,2019-11-01,15.17,15.21,14.99,15.12,50060
DQC,2019-11-04,15.08,15.34,15.08,15.34,9500
DQC,2019-11-05,15.34,15.34,15.08,15.08,18690
DQC,2019-11-06,15.08,15.3,14.99,15.08,18240
DQC,2019-11-07,15.08,15.12,14.99,15.08,15970
DQC,2019-11-08,14.94,15.17,14.94,15.17,16340
DQC,2019-11-11,15.17,15.21,15.12,15.17,25270
DQC,2019-11-12,15.39,15.39,15.12,15.17,2510
DQC,2019-11-13,15.08,15.17,14.94,14.94,13150
DQC,2019-11-14,14.99,15.17,14.99,15.08,9300
DQC,2019-11-15,15.03,15.08,15.03,15.03,3210
DQC,2019-11-18,15.08,15.08,14.9,15.03,6170
DQC,2019-11-19,15.08,15.08,14.94,14.94,9940
DQC,2019-11-20,14.9,14.99,14.9,14.9,2500
DQC,2019-11-21,14.99,14.99,14.81,14.94,3330
DQC,2019-11-22,14.94,14.99,14.81,14.9,4780
DQC,2019-11-25,14.99,14.99,13.96,14.01,19740
DQC,2019-11-26,14.05,14.94,14.05,14.76,810
DQC,2019-11-27,14.72,14.72,14.45,14.68,2100
DQC,2019-11-28,14.18,14.94,14.18,14.36,12890
DQC,2019-11-29,14.63,14.63,14.36,14.36,2310
DQC,2019-12-02,14.27,14.45,14.27,14.27,9930
DQC,2019-12-03,13.83,14.27,13.83,13.83,8130
DQC,2019-12-04,13.83,14.27,13.83,14.1,2840
DQC,2019-12-05,14.1,14.27,13.83,14.01,4820
DQC,2019-12-06,14.14,14.14,14.1,14.1,1640
DQC,2019-12-09,14.23,14.23,13.92,14.18,950
DQC,2019-12-10,14.18,14.18,13.92,14.1,2760
DQC,2019-12-11,14.1,14.1,14.01,14.01,4060
DQC,2019-12-12,14.1,14.23,14.05,14.05,6270
DQC,2019-12-13,14.05,14.72,14.05,14.14,2730
DQC,2019-12-16,14.27,14.27,14.1,14.1,3850
DQC,2019-12-17,14.01,14.1,13.96,14.1,7620
DQC,2019-12-18,14.1,14.1,14.01,14.1,3860
DQC,2019-12-19,14.1,14.1,13.83,14.01,8040
DQC,2019-12-20,14.01,14.01,13.92,13.92,6260
DQC,2019-12-23,13.92,14.01,13.92,13.92,5020
DQC,2019-12-24,14.01,14.05,13.92,14.05,8040
DQC,2019-12-25,14.05,14.05,13.83,14.05,49780
DQC,2019-12-26,14.1,14.1,13.96,13.96,2670
DQC,2019-12-27,14.1,14.1,13.96,14.1,1690
DQC,2019-12-30,14.23,14.23,13.96,14.18,3960
DQC,2019-12-31,14.18,14.27,14.05,14.18,6900
DQC,2020-01-02,14.14,14.72,14.14,14.45,15870
DQC,2020-01-03,14.68,14.68,14.27,14.54,230
DQC,2020-01-06,14.23,14.23,13.87,14.01,8040
DQC,2020-01-07,14.27,14.27,13.87,14.01,4920
DQC,2020-01-08,14.01,14.01,14.01,14.01,880
DQC,2020-01-09,14.94,14.94,14.18,14.18,4470
DQC,2020-01-10,14.54,14.54,14.01,14.45,1400
DQC,2020-01-13,14.27,14.54,14.1,14.27,27010
DQC,2020-01-14,14.27,14.27,14.01,14.18,3730
DQC,2020-01-15,14.18,14.18,14.18,14.18,320
DQC,2020-01-16,14.18,14.18,14.01,14.05,2450
DQC,2020-01-17,14.1,14.23,14.01,14.01,2150
DQC,2020-01-20,13.83,14.18,13.38,14.05,9870
DQC,2020-01-21,14.01,14.05,13.92,14.05,10410
DQC,2020-01-22,14.1,14.1,13.83,14.1,10100
DQC,2020-01-30,13.69,13.69,13.25,13.56,14370
DQC,2020-01-31,13.29,13.56,12.8,12.8,2700
DQC,2020-02-03,13.2,13.2,12.4,12.44,15130
DQC,2020-02-04,12.44,13.2,12.44,12.49,6190
DQC,2020-02-05,12.76,12.85,12.49,12.71,5420
DQC,2020-02-06,12.49,13.02,12.49,12.94,9000
DQC,2020-02-07,12.94,13.2,12.94,13.11,3770
DQC,2020-02-10,13.16,13.16,12.31,12.31,69220
DQC,2020-02-11,12.67,12.67,12.44,12.49,10330
DQC,2020-02-12,12.89,12.94,12.4,12.49,10810
DQC,2020-02-13,12.49,12.94,12.27,12.49,18960
DQC,2020-02-14,12.49,12.49,12.49,12.49,7550
DQC,2020-02-17,12.49,12.58,12.49,12.49,11030
DQC,2020-02-18,12.49,12.62,12.44,12.62,8300
DQC,2020-02-19,12.49,12.62,12.49,12.62,3690
DQC,2020-02-20,12.58,12.58,12.4,12.58,9220
DQC,2020-02-21,12.58,12.58,12.53,12.58,10610
DQC,2020-02-24,12.58,12.58,12.31,12.31,7930
DQC,2020-02-25,12.31,12.49,12.22,12.49,10700
DQC,2020-02-26,12.44,12.44,12.22,12.4,4170
DQC,2020-02-27,12.13,12.94,12.13,12.94,11740
DQC,2020-02-28,12.4,12.4,12.31,12.31,2420
DQC,2020-03-02,12.4,12.49,12.4,12.49,3520
DQC,2020-03-03,12.4,12.44,12.27,12.31,7470
DQC,2020-03-04,12.27,12.4,12.22,12.31,5940
DQC,2020-03-05,12.94,12.94,12.31,12.31,27460
DQC,2020-03-06,12.8,12.8,12.27,12.49,8570
DQC,2020-03-09,12.22,12.4,11.64,11.69,54130
DQC,2020-03-10,11.15,11.91,11.15,11.64,19060
DQC,2020-03-11,12.27,12.44,12.04,12.44,199520
DQC,2020-03-12,12.44,12.44,12.04,12.31,124760
DQC,2020-03-13,12.31,13.16,11.78,13.16,106370
DQC,2020-03-16,13.83,14.05,13.11,14.05,138680
DQC,2020-03-17,14.63,15.03,13.38,15.03,76490
DQC,2020-03-18,15.25,15.61,14.41,15.17,118300
DQC,2020-03-19,14.27,15.17,14.14,14.45,47670
DQC,2020-03-20,15.08,15.08,14.18,14.27,114090
DQC,2020-03-23,14.27,14.72,13.38,13.43,295240
DQC,2020-03-24,13.43,14.27,13.38,13.65,74020
DQC,2020-03-25,13.84,14.6,13.65,14.03,60930
DQC,2020-03-26,14.03,14.99,14.03,14.41,135130
DQC,2020-03-27,15.18,15.42,14.7,15.42,58540
DQC,2020-03-30,15.42,15.46,14.37,15.42,76490
DQC,2020-03-31,15.42,15.61,14.84,14.94,69910
DQC,2020-04-01,14.94,15.89,14.46,14.99,44970
DQC,2020-04-03,15.08,15.99,14.94,15.99,146260
DQC,2020-04-06,16.7,16.9,15.99,16.13,57060
DQC,2020-04-07,16.61,16.66,15.46,16.66,28580
DQC,2020-04-08,16.66,16.8,15.94,16.8,57180
DQC,2020-04-09,16.37,16.8,16.23,16.23,29840
DQC,2020-04-10,16.23,16.99,16.13,16.66,90130
DQC,2020-04-13,16.66,16.8,16.23,16.27,43800
DQC,2020-04-14,16.23,16.75,16.23,16.27,84280
DQC,2020-04-15,16.61,16.61,16.23,16.23,10730
DQC,2020-04-16,16.13,16.8,16.13,16.32,42980
DQC,2020-04-17,16.27,17.42,16.27,17.42,126970
DQC,2020-04-20,17.56,17.56,16.23,16.42,40900
DQC,2020-04-21,16.42,16.99,15.27,15.61,50760
DQC,2020-04-22,15.08,16.23,15.08,15.65,28500
DQC,2020-04-23,15.65,15.75,15.56,15.56,14790
DQC,2020-04-24,16.04,16.04,15.37,15.61,9990
DQC,2020-04-27,16.23,16.23,15.51,16.04,8290
DQC,2020-04-28,15.61,15.99,15.61,15.94,4610
DQC,2020-04-29,15.65,15.94,15.56,15.56,6090
DQC,2020-05-04,15.27,16.23,14.51,15.37,71460
DQC,2020-05-05,15.46,16.13,15.46,15.46,610
DQC,2020-05-06,16.18,16.32,15.75,15.75,31680
DQC,2020-05-07,16.61,16.61,15.65,16.13,3730
DQC,2020-05-08,16.13,17.23,15.65,17.23,88150
DQC,2020-05-11,17.47,17.47,16.7,16.9,51550
DQC,2020-05-12,17.28,17.28,16.75,16.75,7890
DQC,2020-05-13,15.85,16.75,15.85,15.94,45100
DQC,2020-05-14,16.13,16.13,15.56,15.94,14980
DQC,2020-05-15,16.23,16.23,15.94,15.94,4670
DQC,2020-05-18,16.61,17.04,15.89,15.89,35050
DQC,2020-05-19,16.23,16.99,16.23,16.42,74250
DQC,2020-05-20,16.61,16.99,16.08,16.94,5720
DQC,2020-05-21,16.94,17.66,16.23,17.56,46980
DQC,2020-05-22,16.51,17.56,16.51,16.8,48720
DQC,2020-05-25,17.18,17.23,16.51,16.66,62870
DQC,2020-05-26,17.18,17.18,16.61,16.7,111650
DQC,2020-05-27,16.94,17.23,16.75,17.23,44330
DQC,2020-05-28,17.56,17.56,16.7,17.13,13810
DQC,2020-05-29,16.51,17.18,16.51,16.85,7620
DQC,2020-06-01,17.47,17.99,16.75,17.37,82360
DQC,2020-06-02,17.23,18.57,17.23,18.57,113970
DQC,2020-06-03,19.19,19.57,18.09,18.57,24190
DQC,2020-06-04,18.57,19.42,18.14,18.14,48620
DQC,2020-06-05,18.9,18.9,16.9,18.47,21680
DQC,2020-06-08,18.14,19.42,18.14,18.28,57500
DQC,2020-06-09,19.28,19.28,18.04,18.04,41280
DQC,2020-06-10,18.04,18.14,16.8,16.8,192300
DQC,2020-06-11,17.18,17.18,16.23,16.23,71650
DQC,2020-06-12,15.51,16.99,15.51,16.23,10730
DQC,2020-06-15,16.23,16.23,15.61,15.65,27460
DQC,2020-06-16,16.18,16.18,15.65,15.7,22130
DQC,2020-06-17,16.23,16.23,15.7,15.7,6840
DQC,2020-06-18,15.7,16.08,15.7,16.04,2260
DQC,2020-06-19,15.94,15.94,15.85,15.85,6950
DQC,2020-06-22,16.18,16.23,15.75,16.18,43630
DQC,2020-06-23,16.32,16.32,16.04,16.04,21210
DQC,2020-06-24,16.18,16.18,15.75,15.94,11750
DQC,2020-06-25,15.75,15.75,15.56,15.75,13720
DQC,2020-06-26,16.18,16.18,15.56,15.56,4030
DQC,2020-06-29,15.56,15.85,14.99,15.85,19650
DQC,2020-06-30,15.13,15.85,15.08,15.85,6610
DQC,2020-07-01,15.75,15.75,15.13,15.75,2140
DQC,2020-07-02,15.13,15.75,15.13,15.56,2690
DQC,2020-07-03,15.56,15.56,15.37,15.56,4410
DQC,2020-07-06,15.27,15.56,15.08,15.46,14600
DQC,2020-07-07,15.27,15.46,15.13,15.46,29980
DQC,2020-07-08,15.37,15.56,15.37,15.56,26540
DQC,2020-07-09,15.13,15.61,15.13,15.56,9200
DQC,2020-07-10,15.56,15.56,15.46,15.46,5440
DQC,2020-07-13,15.46,15.46,15.27,15.46,12990
DQC,2020-07-14,15.46,15.46,15.18,15.27,11830
DQC,2020-07-15,15.42,15.42,15.27,15.42,4430
DQC,2020-07-16,15.37,15.46,15.08,15.08,10890
DQC,2020-07-17,15.42,15.42,15.08,15.13,1320
DQC,2020-07-20,15.13,15.37,15.13,15.18,1990
DQC,2020-07-21,15.27,15.27,15.18,15.18,4380
DQC,2020-07-22,15.37,15.37,15.22,15.27,4570
DQC,2020-07-23,15.27,15.27,15.27,15.27,2930
DQC,2020-07-24,15.27,15.27,14.8,14.8,23990
DQC,2020-07-27,13.98,14.7,13.98,14.27,7910
DQC,2020-07-28,13.55,14.6,13.55,14.6,4540
DQC,2020-07-29,13.94,14.32,13.94,14.22,4660
DQC,2020-07-30,14.13,14.6,14.13,14.6,1220
DQC,2020-07-31,14.32,14.7,14.22,14.32,13430
DQC,2020-08-03,14.6,15.32,14.56,15.08,5910
DQC,2020-08-04,15.08,15.75,14.99,15.22,7760
DQC,2020-08-05,15.27,15.46,14.89,14.89,4510
DQC,2020-08-06,14.51,15.37,14.51,15.37,520
DQC,2020-08-07,15.08,15.27,14.8,14.84,5350
DQC,2020-08-10,15.22,15.46,14.84,15.42,4390
DQC,2020-08-11,15.27,15.46,15.08,15.46,6560
DQC,2020-08-12,15.46,15.51,15.42,15.51,4050
DQC,2020-08-13,15.51,15.65,15.18,15.51,5750
DQC,2020-08-14,15.46,15.61,15.37,15.46,8930
DQC,2020-08-17,15.46,15.46,14.8,15.27,3560
DQC,2020-08-18,14.84,15.46,14.8,15.32,11360
DQC,2020-08-19,15.08,15.32,15.03,15.08,9020
DQC,2020-08-20,15.27,15.27,14.89,15.27,8540
DQC,2020-08-21,14.6,15.27,14.6,14.99,5550
DQC,2020-08-24,15.27,15.27,15.03,15.22,18140
DQC,2020-08-25,15.22,15.27,15.03,15.22,8790
DQC,2020-08-26,15.22,15.37,15.22,15.22,22810
DQC,2020-08-27,15.27,16.23,15.27,16.04,25240
DQC,2020-08-28,16.04,16.04,15.32,15.32,12260
DQC,2020-08-31,15.32,15.75,15.27,15.65,8520
DQC,2020-09-01,15.27,15.7,15.13,15.27,10560
DQC,2020-09-03,15.7,15.7,15.13,15.61,9610
DQC,2020-09-04,15.65,15.65,15.18,15.51,3050
DQC,2020-09-07,15.18,15.65,15.18,15.42,4980
DQC,2020-09-08,15.56,15.56,15.18,15.42,5890
DQC,2020-09-09,15.42,15.42,15.13,15.18,16700
DQC,2020-09-10,15.27,15.51,15.18,15.51,18030
DQC,2020-09-11,15.46,15.51,15.27,15.46,10580
DQC,2020-09-14,15.46,15.46,15.27,15.37,12920
DQC,2020-09-15,15.37,15.46,15.27,15.27,6850
DQC,2020-09-16,15.37,15.37,15.27,15.27,11010
DQC,2020-09-17,15.18,15.27,15.18,15.27,13080
DQC,2020-09-18,15.27,16.04,15.22,15.75,84620
DQC,2020-09-21,16.32,16.32,15.94,16.23,41960
DQC,2020-09-22,16.23,16.37,15.85,16.13,6760
DQC,2020-09-23,15.75,15.94,15.7,15.85,30120
DQC,2020-09-24,15.7,16.23,15.61,15.94,33080
DQC,2020-09-25,15.94,15.94,15.8,15.8,5220
DQC,2020-09-28,16.18,16.18,15.75,15.94,13050
DQC,2020-09-29,15.75,15.94,15.75,15.89,13380
DQC,2020-09-30,16.9,16.9,15.65,15.8,12470
DQC,2020-10-01,15.8,15.8,15.65,15.75,27700
DQC,2020-10-02,15.75,16.04,15.27,15.32,22390
DQC,2020-10-05,16.08,16.08,15.42,15.94,10670
DQC,2020-10-06,15.94,15.94,15.27,15.85,35890
DQC,2020-10-07,15.46,15.85,15.46,15.75,19870
DQC,2020-10-08,15.75,15.85,15.65,15.85,6020
DQC,2020-10-09,15.94,15.94,15.46,15.85,7660
DQC,2020-10-12,15.56,15.85,15.18,15.61,46580
DQC,2020-10-13,15.61,15.61,15.27,15.61,37200
DQC,2020-10-14,15.75,15.75,15.75,15.75,6280
DQC,2020-10-15,15.75,15.75,15.37,15.75,9480
DQC,2020-10-16,15.7,15.7,15.27,15.27,24110
DQC,2020-10-19,15.61,15.61,15.27,15.46,4540
DQC,2020-10-20,15.56,15.56,14.8,15.27,16860
DQC,2020-10-21,15.37,15.75,15.03,15.27,33470
DQC,2020-10-22,15.46,15.46,15.27,15.46,3560
DQC,2020-10-23,15.37,15.85,15.27,15.27,24770
DQC,2020-10-26,15.27,15.75,15.27,15.75,20180
DQC,2020-10-27,15.89,15.89,15.27,15.56,1050
DQC,2020-10-28,15.18,15.46,14.99,15.42,6160
DQC,2020-10-29,15.27,15.42,15.08,15.13,6790
DQC,2020-10-30,15.7,15.7,14.99,15.56,9330
DQC,2020-11-02,14.99,15.42,14.6,15.42,2920
DQC,2020-11-03,14.84,15.27,14.8,15.18,55730
DQC,2020-11-04,14.6,15.22,14.6,15.22,4840
DQC,2020-11-05,15.22,15.22,14.37,15.08,18520
DQC,2020-11-06,15.08,15.08,14.65,15.03,7140
DQC,2020-11-09,15.18,15.18,14.6,14.65,20610
DQC,2020-11-10,14.65,14.94,14.6,14.65,33050
DQC,2020-11-11,14.94,14.94,14.6,14.65,8900
DQC,2020-11-12,14.51,14.65,14.41,14.65,30980
DQC,2020-11-13,14.8,14.8,13.65,14.13,502290
DQC,2020-11-16,14.13,14.32,14.13,14.17,26400
DQC,2020-11-17,14.22,14.6,14.22,14.41,12140
DQC,2020-11-18,14.22,14.32,13.98,14.03,105250
DQC,2020-11-19,14.22,14.22,13.94,14.08,24120
DQC,2020-11-20,14.08,14.08,13.94,14.08,33640
DQC,2020-11-23,14.32,14.51,14.08,14.32,44780
DQC,2020-11-24,14.32,14.32,14.13,14.32,21870
DQC,2020-11-25,14.32,14.41,14.22,14.32,26820
DQC,2020-11-26,14.22,14.41,14.22,14.32,13910
DQC,2020-11-27,14.99,14.99,14.37,14.51,25500
DQC,2020-11-30,14.7,14.99,14.51,14.65,35780
DQC,2020-12-01,14.7,14.8,14.51,14.75,32050
DQC,2020-12-02,14.8,14.89,14.32,14.8,32640
DQC,2020-12-03,14.8,14.8,14.22,14.7,86780
DQC,2020-12-04,14.22,14.8,14.22,14.7,35660
DQC,2020-12-07,14.8,14.94,14.56,14.89,48990
DQC,2020-12-08,14.89,15.27,14.51,14.89,124280
DQC,2020-12-09,14.99,15.46,14.89,15.27,156880
DQC,2020-12-10,14.99,15.61,14.99,15.27,30980
DQC,2020-12-11,15.56,15.56,15.08,15.27,32080
DQC,2020-12-14,15.03,15.27,15.03,15.08,36420
DQC,2020-12-15,15.22,15.37,14.89,14.99,104210
DQC,2020-12-16,15.27,15.37,14.84,15.18,126400
DQC,2020-12-17,15.03,15.27,14.7,14.89,151260
DQC,2020-12-18,14.8,15.13,14.8,14.89,39070
DQC,2020-12-21,14.89,15.08,14.8,15.03,25550
DQC,2020-12-22,15.08,15.08,14.8,14.99,30250
DQC,2020-12-23,14.99,15.94,14.89,15.37,180400
DQC,2020-12-24,15.37,15.75,15.08,15.37,37780
DQC,2020-12-25,15.65,15.8,14.8,15.27,274140
DQC,2020-12-28,15.8,16.32,15.75,16.23,1010610
DQC,2020-12-29,16.61,17.32,16.61,17.32,294820
DQC,2020-12-30,18.04,18.14,17.28,17.32,196390
DQC,2020-12-31,17.28,17.47,16.42,16.99,247510
DQC,2021-01-04,16.99,17.18,16.8,16.94,250800
DQC,2021-01-05,17.09,18.09,16.94,17.9,288700
DQC,2021-01-06,17.95,18.14,17.47,17.56,144700
DQC,2021-01-07,17.56,17.95,17.42,17.52,139900
DQC,2021-01-08,17.66,17.66,17.18,17.28,151600
DQC,2021-01-11,17.28,17.66,17.18,17.37,138300
DQC,2021-01-12,17.61,17.75,17.42,17.71,115100
DQC,2021-01-13,17.8,18.76,17.8,18.14,197300
DQC,2021-01-14,18.14,18.61,18.14,18.37,81300
DQC,2021-01-15,18.37,19.09,18.28,18.57,70000
DQC,2021-01-18,18.61,18.61,18.14,18.42,171700
DQC,2021-01-19,18.42,18.42,17.13,17.18,235100
DQC,2021-01-20,17.18,17.66,16.66,17.66,118900
DQC,2021-01-21,17.28,18.09,17.28,17.9,60700
DQC,2021-01-22,17.85,17.85,17.37,17.56,84300
DQC,2021-01-25,17.13,17.75,17.13,17.66,81300
DQC,2021-01-26,18.04,18.04,17.18,17.18,44800
DQC,2021-01-27,16.8,17.37,16.61,17.18,135000
DQC,2021-01-28,16.42,16.99,15.99,15.99,158200
DQC,2021-01-29,15.18,16.23,15.18,16.04,40900
DQC,2021-02-01,16.51,16.51,15.32,16.04,20000
DQC,2021-02-02,16.42,16.51,15.46,16.51,14300
DQC,2021-02-03,17.18,17.18,16.51,16.8,42600
DQC,2021-02-04,17.13,17.13,16.7,17.09,24400
DQC,2021-02-05,17.09,17.18,16.99,16.99,17100
DQC,2021-02-08,17.09,17.18,16.23,16.85,27100
DQC,2021-02-09,16.85,16.9,16.51,16.9,5500
DQC,2021-02-17,17.18,17.66,17.18,17.66,106300
DQC,2021-02-18,17.66,17.66,17.47,17.52,40300
DQC,2021-02-19,17.52,17.61,17.37,17.37,35600
DQC,2021-02-22,17.37,17.95,17.37,17.75,152700
DQC,2021-02-23,17.75,17.85,17.66,17.75,57800
DQC,2021-02-24,17.75,17.8,17.47,17.66,57100
DQC,2021-02-25,17.66,17.66,17.18,17.47,77200
DQC,2021-02-26,17.23,17.66,17.18,17.66,54400
DQC,2021-03-01,17.85,18.85,17.66,18.85,218300
DQC,2021-03-02,20.14,20.14,20.14,20.14,140200
DQC,2021-03-03,21.52,21.52,21.52,21.52,284600
DQC,2021-03-04,23.0,23.0,21.95,23.0,579800
DQC,2021-03-05,23.1,24.34,21.95,23.77,284200
DQC,2021-03-08,23.86,24.29,22.91,22.91,119800
DQC,2021-03-09,22.43,22.91,21.91,22.53,221100
DQC,2021-03-10,22.53,22.53,21.48,22.15,149800
DQC,2021-03-11,21.95,22.72,21.95,22.15,124200
DQC,2021-03-12,22.15,22.15,21.43,21.67,122300
DQC,2021-03-15,21.67,23.15,21.05,23.15,167500
DQC,2021-03-16,24.72,24.72,23.2,24.15,287000
DQC,2021-03-17,23.86,23.86,23.24,23.67,147400
DQC,2021-03-18,23.39,25.01,23.29,24.67,200900
DQC,2021-03-19,24.34,24.53,23.86,23.86,97400
DQC,2021-03-22,23.86,24.39,23.82,23.86,160500
DQC,2021-03-23,23.2,23.86,22.43,23.0,195300
DQC,2021-03-24,22.53,23.2,22.1,22.72,104700
DQC,2021-03-25,23.29,23.29,22.72,22.91,108000
DQC,2021-03-26,22.91,22.91,21.48,22.05,116100
DQC,2021-03-29,22.05,23.58,22.05,23.29,114400
DQC,2021-03-30,23.29,23.62,22.77,23.53,110800
DQC,2021-03-31,23.53,23.62,23.15,23.15,42900
DQC,2021-04-01,23.1,23.29,23.1,23.29,104200
DQC,2021-04-02,23.29,23.86,23.29,23.39,54100
DQC,2021-04-05,23.39,23.39,23.2,23.29,66700
DQC,2021-04-06,23.29,23.48,23.1,23.24,51200
DQC,2021-04-07,23.2,23.29,22.96,23.29,51500
DQC,2021-04-08,23.39,23.48,23.24,23.24,60100
DQC,2021-04-09,23.77,24.63,23.48,23.96,132100
DQC,2021-04-12,23.96,24.34,23.86,24.15,99300
DQC,2021-04-13,25.29,25.29,23.39,23.96,118800
DQC,2021-04-14,23.48,23.67,22.91,23.58,122000
DQC,2021-04-15,23.58,23.58,22.91,23.1,106400
DQC,2021-04-16,22.91,23.58,21.95,23.58,128000
DQC,2021-04-19,23.58,23.58,23.1,23.15,44200
DQC,2021-04-20,23.15,23.2,22.81,23.1,79100
DQC,2021-04-22,23.1,23.1,22.05,22.05,36800
DQC,2021-04-23,22.05,22.05,21.62,22.05,28400
DQC,2021-04-26,21.57,21.86,20.52,20.57,163400
DQC,2021-04-27,20.0,20.52,19.14,20.24,45500
DQC,2021-04-28,20.24,21.14,20.24,21.14,39300
DQC,2021-04-29,20.09,21.14,20.09,21.0,28800
DQC,2021-05-04,19.76,20.43,19.57,20.05,110900
DQC,2021-05-05,20.05,21.0,20.05,20.9,38500
DQC,2021-05-06,20.81,20.81,20.52,20.62,22700
DQC,2021-05-07,20.33,21.0,19.66,20.71,67300
DQC,2021-05-10,20.71,20.71,19.76,20.43,40500
DQC,2021-05-11,20.9,20.9,20.05,20.52,13600
DQC,2021-05-12,20.14,20.24,20.05,20.24,19500
DQC,2021-05-13,20.05,20.24,19.85,20.05,11100
DQC,2021-05-14,19.09,19.95,19.09,19.85,20900
DQC,2021-05-17,20.33,20.33,19.38,19.52,31000
DQC,2021-05-18,19.09,19.52,18.71,19.0,65100
DQC,2021-05-19,19.0,19.0,18.23,18.23,31300
DQC,2021-05-20,17.56,18.18,17.56,17.95,27800
DQC,2021-05-21,18.14,19.19,18.14,19.09,33000
DQC,2021-05-24,19.09,19.62,19.09,19.09,15300
DQC,2021-05-25,19.09,20.43,19.09,19.9,39300
DQC,2021-05-26,19.9,19.9,19.09,19.57,15500
DQC,2021-05-27,19.57,19.57,19.09,19.09,11000
DQC,2021-05-28,19.57,19.57,18.14,19.19,35800
DQC,2021-05-31,18.95,19.0,18.14,18.9,31700
DQC,2021-06-01,19.09,19.09,18.28,18.42,11700
DQC,2021-06-02,18.9,18.9,18.23,18.61,20500
DQC,2021-06-03,19.47,19.47,18.14,18.52,67200
DQC,2021-06-04,18.57,19.09,18.28,19.0,58400
DQC,2021-06-07,19.09,19.09,18.61,19.0,20500
DQC,2021-06-08,19.0,19.0,18.23,18.71,20400
DQC,2021-06-09,18.71,18.9,18.61,18.9,12600
DQC,2021-06-10,18.61,18.85,18.33,18.85,62700
DQC,2021-06-11,18.71,18.95,18.52,18.95,58700
DQC,2021-06-14,19.09,19.47,18.95,19.33,62800
DQC,2021-06-15,19.33,19.33,18.52,18.8,123700
DQC,2021-06-16,19.19,19.19,18.8,18.9,18900
DQC,2021-06-17,18.9,19.57,18.71,19.57,67900
DQC,2021-06-18,19.57,19.57,19.09,19.38,73900
DQC,2021-06-21,19.47,20.71,19.47,20.71,152800
DQC,2021-06-22,21.0,21.43,20.33,20.95,83900
DQC,2021-06-23,20.95,20.95,20.19,20.47,22800
DQC,2021-06-24,20.05,20.43,19.95,20.05,53100
DQC,2021-06-25,20.05,20.71,19.76,20.05,28000
DQC,2021-06-28,19.57,20.05,19.57,19.85,39000
DQC,2021-06-29,19.66,19.85,19.57,19.85,54000
DQC,2021-06-30,19.85,19.85,19.42,19.57,22000
DQC,2021-07-01,19.38,19.95,19.38,19.95,20400
DQC,2021-07-02,19.95,19.95,19.57,19.62,25400
DQC,2021-07-05,19.76,19.76,19.09,19.38,43700
DQC,2021-07-06,19.38,19.38,18.9,18.9,55300
DQC,2021-07-07,18.8,18.9,18.42,18.71,44600
DQC,2021-07-08,18.71,18.8,18.52,18.71,31500
DQC,2021-07-09,18.42,18.71,18.37,18.42,15700
DQC,2021-07-12,18.42,18.42,17.13,17.66,110500
DQC,2021-07-13,17.61,17.85,17.37,17.37,49800
DQC,2021-07-14,17.47,17.85,17.28,17.28,17000
DQC,2021-07-15,17.75,17.95,17.56,17.75,56000
DQC,2021-07-16,17.75,17.85,17.56,17.56,11600
DQC,2021-07-19,17.47,17.56,16.8,17.47,13100
DQC,2021-07-20,17.37,17.37,16.75,17.37,17600
DQC,2021-07-21,17.37,17.75,17.18,17.37,19100
DQC,2021-07-22,17.28,17.66,17.28,17.52,10400
DQC,2021-07-23,17.9,17.9,17.52,17.56,9700
DQC,2021-07-26,17.47,17.66,17.13,17.52,27700
DQC,2021-07-27,17.52,17.95,17.47,17.85,18300
DQC,2021-07-28,17.85,18.04,17.47,17.71,16600
DQC,2021-07-29,17.75,18.23,17.71,17.8,95500
DQC,2021-07-30,18.14,18.42,17.85,17.85,9100
DQC,2021-08-02,17.95,19.09,17.95,19.09,98000
DQC,2021-08-03,19.57,19.57,18.95,19.23,56300
DQC,2021-08-04,18.9,19.19,18.85,19.0,22900
DQC,2021-08-05,18.95,18.95,18.04,18.9,34600
DQC,2021-08-06,18.9,18.95,18.61,18.61,5400
DQC,2021-08-09,18.18,18.61,17.66,18.61,39600
DQC,2021-08-10,18.61,18.61,18.33,18.52,24900
DQC,2021-08-11,18.52,19.38,18.42,18.9,41700
DQC,2021-08-12,19.19,19.19,18.8,18.9,21000
DQC,2021-08-13,19.47,20.19,19.09,20.19,321900
DQC,2021-08-16,21.57,21.57,21.48,21.57,120900
DQC,2021-08-17,23.05,23.05,21.67,23.05,414000
DQC,2021-08-18,23.29,23.29,22.0,22.15,161900
DQC,2021-08-19,21.95,21.95,21.19,21.86,152200
DQC,2021-08-20,21.62,22.43,20.81,21.19,142900
DQC,2021-08-23,20.81,20.81,20.05,20.14,95600
DQC,2021-08-24,20.05,20.52,20.05,20.52,41700
DQC,2021-08-25,20.52,20.52,20.05,20.33,35500
DQC,2021-08-26,20.09,21.14,19.76,20.62,62500
DQC,2021-08-27,20.62,20.71,19.28,20.52,43700
DQC,2021-08-30,20.52,21.19,20.52,21.14,30600
DQC,2021-08-31,21.86,21.86,21.0,21.24,89600
DQC,2021-09-01,21.19,21.29,21.0,21.19,39400
DQC,2021-09-06,20.81,22.05,20.81,21.67,93000
DQC,2021-09-07,21.67,22.15,21.38,21.38,85400
DQC,2021-09-08,21.91,21.91,21.0,21.62,43200
DQC,2021-09-09,21.38,23.05,21.38,22.81,166100
DQC,2021-09-10,22.81,22.81,22.05,22.38,78900
DQC,2021-09-13,22.72,23.39,22.38,23.2,239300
DQC,2021-09-14,23.39,23.39,22.53,22.91,75500
DQC,2021-09-15,22.91,23.05,22.0,22.67,58100
DQC,2021-09-16,22.43,22.67,22.24,22.53,110100
DQC,2021-09-17,22.19,22.72,22.19,22.53,64500
DQC,2021-09-20,22.53,23.05,22.0,22.0,70200
DQC,2021-09-21,22.05,22.05,21.1,21.72,106800
DQC,2021-09-22,21.72,22.38,21.67,22.19,61900
DQC,2021-09-23,22.38,22.43,21.81,21.86,41300
DQC,2021-09-24,22.3,22.64,21.96,22.25,96600
DQC,2021-09-27,22.54,22.64,21.91,21.91,50900
DQC,2021-09-28,21.96,22.05,21.47,22.05,51400
DQC,2021-09-29,21.96,22.05,21.91,21.96,28300
DQC,2021-09-30,21.96,22.35,21.71,22.3,44700
DQC,2021-10-01,22.3,22.35,21.91,21.96,38800
DQC,2021-10-04,22.1,22.15,21.86,21.96,30600
DQC,2021-10-05,22.05,22.25,21.86,22.1,30300
DQC,2021-10-06,22.2,22.54,21.96,22.54,88900
DQC,2021-10-07,22.59,23.86,22.59,23.61,201400
DQC,2021-10-08,23.61,23.76,23.22,23.27,80200
DQC,2021-10-11,23.27,23.42,22.93,23.18,66300
DQC,2021-10-12,23.08,23.08,22.64,22.69,79000
DQC,2021-10-13,22.69,22.88,22.44,22.64,96300
DQC,2021-10-14,22.74,23.08,22.74,22.88,48700
DQC,2021-10-15,22.44,22.98,22.44,22.93,21800
DQC,2021-10-18,22.93,23.03,22.78,22.88,27700
DQC,2021-10-19,22.64,22.83,22.49,22.69,12300
DQC,2021-10-20,22.78,22.83,22.44,22.64,43200
DQC,2021-10-21,22.83,22.83,22.54,22.69,18100
DQC,2021-10-22,22.69,23.57,22.49,23.27,94900
DQC,2021-10-25,23.37,24.88,23.37,24.88,306200
DQC,2021-10-26,25.18,25.81,24.88,25.57,205400
DQC,2021-10-27,25.86,26.15,25.57,25.71,309000
DQC,2021-10-28,25.61,25.86,25.08,25.76,493600
DQC,2021-10-29,25.96,25.96,25.18,25.81,323400
DQC,2021-11-01,25.81,25.81,25.18,25.32,217200
DQC,2021-11-02,24.69,26.35,24.49,26.25,251700
DQC,2021-11-03,26.35,26.44,24.79,24.79,191200
DQC,2021-11-04,25.27,26.49,24.88,26.49,278100
DQC,2021-11-05,26.88,28.35,26.88,28.35,344400
DQC,2021-11-08,29.27,29.27,28.3,28.4,282400
DQC,2021-11-09,27.42,28.3,27.42,27.62,132500
DQC,2021-11-10,27.62,28.4,26.98,28.2,227700
DQC,2021-11-11,28.79,28.79,27.66,27.66,221300
DQC,2021-11-12,27.52,27.91,27.42,27.86,129600
DQC,2021-11-15,27.62,27.76,27.32,27.66,188000
DQC,2021-11-16,27.62,27.86,26.35,27.42,159000
DQC,2021-11-17,27.22,28.15,27.13,27.42,74200
DQC,2021-11-18,27.62,27.62,26.74,27.03,135100
DQC,2021-11-19,27.22,27.27,25.37,25.76,229800
DQC,2021-11-22,25.76,26.35,24.88,25.27,84400
DQC,2021-11-23,25.27,25.27,23.52,24.79,201700
DQC,2021-11-24,25.37,25.81,24.98,25.27,88700
DQC,2021-11-25,25.27,25.76,24.98,25.57,72000
DQC,2021-11-26,25.57,25.57,24.88,24.98,95900
DQC,2021-11-29,24.59,25.57,24.59,25.57,93900
DQC,2021-11-30,25.86,26.01,25.37,25.66,83200
DQC,2021-12-01,25.66,25.66,25.03,25.57,67000
DQC,2021-12-02,25.57,25.86,25.27,25.76,78700
DQC,2021-12-03,25.86,25.86,25.22,25.57,28700
DQC,2021-12-06,25.57,26.15,24.4,25.03,104700
DQC,2021-12-07,24.88,25.76,24.88,25.76,46200
DQC,2021-12-08,26.2,26.25,25.76,25.76,24100
DQC,2021-12-09,26.15,27.52,25.76,27.52,249900
DQC,2021-12-10,28.3,28.3,26.69,27.52,59600
DQC,2021-12-13,27.52,28.1,27.52,27.57,259200
DQC,2021-12-14,27.57,28.25,27.03,28.25,182900
DQC,2021-12-15,28.3,28.79,28.15,28.35,208200
DQC,2021-12-16,28.4,28.54,27.32,28.3,159100
DQC,2021-12-17,28.3,28.44,28.05,28.2,105400
DQC,2021-12-20,28.4,28.4,27.81,28.1,101900
DQC,2021-12-21,27.62,27.76,27.32,27.71,90100
DQC,2021-12-22,26.93,27.62,26.93,27.47,180400
DQC,2021-12-23,26.98,28.4,26.49,28.3,165500
DQC,2021-12-24,28.1,28.49,27.91,28.3,89000
DQC,2021-12-27,28.2,30.1,27.86,30.1,394100
DQC,2021-12-28,30.1,32.2,30.1,32.15,443100
DQC,2021-12-29,32.59,32.59,31.42,31.81,197200
DQC,2021-12-30,31.42,31.86,30.74,31.57,157900
DQC,2021-12-31,31.52,31.62,29.86,31.62,187600
DQC,2022-01-04,32.54,32.59,31.66,32.54,413200
DQC,2022-01-05,32.2,34.64,32.2,34.49,280000
DQC,2022-01-06,34.49,36.89,34.49,36.89,318800
DQC,2022-01-07,36.89,38.84,36.89,37.96,348100
DQC,2022-01-10,37.47,38.64,36.59,36.79,293000
DQC,2022-01-11,36.84,37.08,35.91,36.4,277100
DQC,2022-01-12,35.62,37.47,35.62,37.28,379000
DQC,2022-01-13,37.18,37.96,36.69,37.57,378500
DQC,2022-01-14,37.52,37.86,36.74,37.71,190200
DQC,2022-01-17,37.71,37.71,35.08,35.42,312300
DQC,2022-01-18,37.86,37.86,35.42,36.1,246500
DQC,2022-01-19,34.64,36.2,34.64,35.91,92000
DQC,2022-01-20,35.91,37.08,35.18,37.08,101500
DQC,2022-01-21,37.08,38.45,37.08,37.08,150300
DQC,2022-01-24,37.08,37.86,36.59,37.08,271700
DQC,2022-01-25,37.03,37.86,36.59,37.08,124900
DQC,2022-01-26,37.08,37.76,36.59,36.69,151800
DQC,2022-01-27,36.49,37.08,35.03,36.59,159400
DQC,2022-01-28,36.59,39.13,36.59,39.03,690600
DQC,2022-02-07,40.01,40.01,39.03,39.23,137300
DQC,2022-02-08,39.03,39.32,38.1,38.74,105300
DQC,2022-02-09,38.15,40.01,37.08,39.76,536900
DQC,2022-02-10,39.52,39.62,38.64,39.08,287100
DQC,2022-02-11,38.06,39.13,38.06,38.74,168100
DQC,2022-02-14,38.06,39.52,37.18,38.74,523800
DQC,2022-02-15,38.74,39.52,38.54,39.28,332700
DQC,2022-02-16,39.28,39.52,38.64,39.32,269500
DQC,2022-02-17,39.32,42.06,39.23,42.06,700300
DQC,2022-02-18,42.25,44.4,41.18,42.74,454600
DQC,2022-02-21,42.74,43.23,42.45,42.79,210300
DQC,2022-02-22,41.96,45.23,41.86,43.91,436700
DQC,2022-02-23,44.69,44.69,43.86,44.11,312700
DQC,2022-02-24,43.42,44.89,43.42,44.5,506100
DQC,2022-02-25,44.2,47.33,44.2,46.35,620400
DQC,2022-02-28,47.81,47.81,46.45,47.42,460900
DQC,2022-03-01,47.03,50.74,47.03,50.74,623800
DQC,2022-03-02,51.72,53.96,50.84,51.72,446700
DQC,2022-03-03,51.72,53.57,49.77,51.81,410300
DQC,2022-03-04,51.81,54.64,51.72,54.16,435900
DQC,2022-03-07,54.64,57.86,54.16,57.77,342000
DQC,2022-03-08,57.86,61.57,57.86,58.65,606100
DQC,2022-03-09,58.65,60.3,54.55,54.94,776100
DQC,2022-03-10,54.94,58.74,54.94,58.74,491900
DQC,2022-03-11,59.04,62.74,58.94,62.45,607600
DQC,2022-03-14,63.43,65.09,61.57,63.33,440400
DQC,2022-03-15,63.23,64.7,60.5,63.13,427900
DQC,2022-03-16,63.43,63.43,60.6,60.6,553300
DQC,2022-03-17,60.4,61.96,57.08,61.48,620900
DQC,2022-03-18,61.18,63.33,61.18,62.45,327100
DQC,2022-03-21,61.96,63.43,58.16,58.16,1121700
DQC,2022-03-22,54.16,54.64,54.16,54.16,347100
DQC,2022-03-23,50.45,50.45,50.45,50.45,164700
DQC,2022-03-24,46.94,52.69,46.94,49.77,987800
DQC,2022-03-25,48.89,53.18,48.89,53.18,494200
DQC,2022-03-28,53.18,53.28,50.84,51.72,253400
DQC,2022-03-29,50.55,51.62,49.96,50.16,456900
DQC,2022-03-30,48.79,50.06,46.69,46.69,709500
DQC,2022-03-31,43.47,45.86,43.47,43.47,690700
DQC,2022-04-01,40.45,46.5,40.45,46.11,682200
DQC,2022-04-04,46.11,47.03,44.89,45.13,201100
DQC,2022-04-05,43.91,45.86,43.62,45.08,282600
DQC,2022-04-06,44.01,45.37,43.62,43.91,257500
DQC,2022-04-07,43.91,44.69,41.28,42.84,169000
DQC,2022-04-08,43.42,43.42,40.98,41.18,221900
DQC,2022-04-12,41.18,41.96,38.3,38.3,410000
DQC,2022-04-13,37.28,38.3,35.67,37.03,448300
DQC,2022-04-14,38.06,38.06,36.1,37.67,154100
DQC,2022-04-15,38.45,40.01,37.52,39.32,169200
DQC,2022-04-18,38.54,39.91,37.71,38.06,260800
DQC,2022-04-19,37.76,38.79,35.52,35.71,196900
DQC,2022-04-20,33.42,35.32,33.23,33.23,345200
DQC,2022-04-21,30.93,31.13,30.93,30.93,138800
DQC,2022-04-22,28.79,28.79,28.79,28.79,78300
DQC,2022-04-25,26.79,26.79,26.79,26.79,23300
DQC,2022-04-26,24.93,24.93,24.93,24.93,29900
DQC,2022-04-27,23.22,26.15,23.22,26.15,562300
DQC,2022-04-28,26.15,27.96,26.15,27.96,268800
DQC,2022-04-29,29.76,29.76,28.88,29.71,200200
DQC,2022-05-04,27.66,28.79,27.66,28.74,448900
DQC,2022-05-05,29.23,30.74,28.4,30.25,420600
DQC,2022-05-06,30.15,30.25,28.3,28.3,194100
DQC,2022-05-09,27.13,27.62,26.35,26.35,195700
DQC,2022-05-10,24.54,26.15,24.54,25.81,188800
DQC,2022-05-11,26.83,26.83,24.64,25.22,106400
DQC,2022-05-12,25.22,26.35,23.71,24.49,248800
DQC,2022-05-13,23.91,24.69,22.78,22.78,214700
DQC,2022-05-16,22.93,23.81,21.47,22.3,177500
DQC,2022-05-17,21.66,23.81,21.52,23.81,268600
DQC,2022-05-18,23.91,25.37,23.81,24.35,128800
DQC,2022-05-19,23.42,24.4,23.42,24.3,107300
DQC,2022-05-20,24.4,25.37,24.4,24.83,161300
DQC,2022-05-23,24.0,24.79,23.61,23.61,321800
DQC,2022-05-24,23.61,23.61,22.59,23.03,101000
DQC,2022-05-25,23.03,24.64,23.03,24.64,300200
DQC,2022-05-26,25.37,26.35,24.88,26.35,171900
DQC,2022-05-27,28.15,28.15,27.18,28.15,410000
DQC,2022-05-30,27.42,29.47,27.03,28.49,295900
DQC,2022-05-31,28.54,28.64,27.81,28.59,286800
DQC,2022-06-01,28.15,29.91,28.15,29.27,231100
DQC,2022-06-02,29.27,29.62,28.1,28.15,238900
DQC,2022-06-03,28.01,29.27,27.91,28.44,150300
DQC,2022-06-06,28.44,28.64,26.83,26.83,185500
DQC,2022-06-07,26.83,27.47,26.35,27.47,117400
DQC,2022-06-08,27.47,29.27,26.64,28.59,214900
DQC,2022-06-09,28.79,29.57,28.59,28.69,100800
DQC,2022-06-10,28.4,29.13,27.81,27.91,148900
DQC,2022-06-13,25.96,26.88,25.96,25.96,196000
DQC,2022-06-14,24.25,25.96,24.25,25.18,202700
DQC,2022-06-15,25.13,25.76,23.42,23.42,197500
DQC,2022-06-16,24.4,25.03,23.91,24.0,120600
DQC,2022-06-17,22.54,23.71,22.39,22.64,198600
DQC,2022-06-20,22.64,23.71,21.08,21.08,454000
DQC,2022-06-21,20.0,21.42,19.91,20.49,187600
DQC,2022-06-22,20.98,21.47,20.64,21.47,137400
DQC,2022-06-23,20.49,21.81,20.49,21.47,167200
DQC,2022-06-24,22.25,22.25,21.37,21.57,157500
DQC,2022-06-27,21.71,21.96,21.47,21.66,81200
DQC,2022-06-28,21.66,23.18,21.17,23.18,353900
DQC,2022-06-29,23.18,23.22,22.25,22.35,117500
DQC,2022-06-30,22.35,22.64,21.86,21.96,87900
DQC,2022-07-01,21.47,21.96,20.69,21.86,133100
DQC,2022-07-04,21.86,22.44,21.76,22.05,100400
DQC,2022-07-05,22.05,22.05,21.37,21.52,95400
DQC,2022-07-06,20.98,21.47,20.49,20.49,62600
DQC,2022-07-07,20.05,20.54,19.81,20.49,66800
DQC,2022-07-08,20.49,21.91,20.49,21.57,67200
DQC,2022-07-11,20.98,21.37,20.59,20.88,43200
DQC,2022-07-12,20.98,22.3,20.88,22.0,105500
DQC,2022-07-13,22.0,22.44,22.0,22.2,53600
DQC,2022-07-14,22.44,22.44,21.86,22.2,47500
DQC,2022-07-15,22.35,22.83,21.96,22.59,192400
DQC,2022-07-18,22.93,23.22,22.1,22.1,59400
DQC,2022-07-19,21.81,22.44,21.47,22.05,56800
DQC,2022-07-20,22.15,23.13,22.05,23.13,178900
DQC,2022-07-21,23.37,23.42,22.49,22.88,53800
DQC,2022-07-22,22.88,22.93,22.49,22.49,56000
DQC,2022-07-25,22.49,22.49,22.15,22.3,34800
DQC,2022-07-26,22.39,22.44,21.66,21.66,62900
DQC,2022-07-27,21.57,22.15,20.64,22.15,72000
DQC,2022-07-28,22.15,23.57,22.15,22.64,156400
DQC,2022-07-29,22.64,23.42,22.44,22.64,230400
DQC,2022-08-01,22.44,22.74,22.2,22.74,177800
DQC,2022-08-02,23.61,23.61,22.54,22.74,122900
DQC,2022-08-03,22.74,23.42,22.64,23.42,182300
DQC,2022-08-04,23.52,25.03,23.52,25.03,425800
DQC,2022-08-05,25.37,26.15,24.88,25.08,214200
DQC,2022-08-08,25.08,26.2,25.08,25.27,205200
DQC,2022-08-09,25.18,25.37,24.79,24.93,166600
DQC,2022-08-10,24.79,25.47,24.79,25.08,165800
DQC,2022-08-11,25.37,25.37,23.91,24.2,245100
DQC,2022-08-12,24.35,24.88,24.0,24.88,126200
DQC,2022-08-15,25.37,25.37,24.59,25.08,76300
DQC,2022-08-16,24.69,25.13,24.69,24.98,122200
DQC,2022-08-17,24.98,25.18,24.59,24.69,126300
DQC,2022-08-18,24.69,24.79,24.3,24.4,113200
DQC,2022-08-19,24.49,24.59,24.05,24.3,163900
DQC,2022-08-22,24.4,24.4,23.52,24.2,97400
DQC,2022-08-23,23.52,24.0,23.52,23.91,140800
DQC,2022-08-24,23.91,24.25,23.91,24.0,63300
DQC,2022-08-25,23.86,24.35,23.86,24.3,70600
DQC,2022-08-26,24.3,24.3,23.91,23.96,70100
DQC,2022-08-29,23.47,23.66,22.88,23.22,132100
DQC,2022-08-30,23.32,23.71,23.22,23.27,57000
DQC,2022-08-31,23.57,23.57,22.98,23.42,58600
DQC,2022-09-05,23.22,23.42,22.88,23.03,95100
DQC,2022-09-06,23.03,23.42,22.93,23.03,86200
DQC,2022-09-07,22.88,23.22,22.35,22.49,159400
DQC,2022-09-08,22.49,22.59,22.25,22.59,79900
DQC,2022-09-09,22.15,22.54,21.96,22.54,44200
DQC,2022-09-12,22.54,22.64,22.35,22.44,15192
DQC,2022-09-13,21.96,22.74,22.35,22.74,65000
DQC,2022-09-14,22.15,22.59,22.15,22.59,29100
DQC,2022-09-15,22.35,22.64,22.3,22.54,34600
DQC,2022-09-16,22.35,22.35,21.86,22.25,72600
DQC,2022-09-19,21.96,21.96,20.93,21.47,113600
DQC,2022-09-20,21.57,21.57,20.93,21.47,50700
DQC,2022-09-21,20.69,21.17,20.69,21.17,26000
DQC,2022-09-22,21.32,21.47,20.98,21.47,17700
DQC,2022-09-23,21.47,21.47,21.17,21.17,22400
DQC,2022-09-26,20.98,20.98,20.0,20.15,101600
DQC,2022-09-27,20.25,20.25,20.05,20.05,33200
DQC,2022-09-28,20.05,20.05,19.3,19.3,104436
DQC,2022-09-29,19.55,19.6,18.85,18.85,28469
DQC,2022-09-30,18.0,18.3,17.55,18.3,166238
DQC,2022-10-03,17.65,17.85,17.1,17.1,117725
DQC,2022-10-04,17.15,17.5,16.55,17.2,39800
DQC,2022-10-05,17.35,17.8,17.35,17.8,38111
DQC,2022-10-06,17.9,17.95,17.0,17.1,33900
DQC,2022-10-07,16.6,16.6,15.95,16.2,99865
DQC,2022-10-10,16.1,16.3,15.55,16.0,49600
DQC,2022-10-11,15.85,16.5,15.6,15.8,27693
DQC,2022-10-12,15.5,16.6,15.5,16.5,16900
DQC,2022-10-13,16.4,16.5,16.1,16.25,17162
DQC,2022-10-14,16.4,17.0,16.4,16.7,21810
DQC,2022-10-17,16.7,16.7,16.05,16.6,44600
DQC,2022-10-18,16.75,17.75,16.75,17.75,67211
DQC,2022-10-19,17.6,18.5,17.6,18.15,64311
DQC,2022-10-20,18.15,18.2,17.5,17.6,32400
DQC,2022-10-21,17.6,17.6,16.4,16.4,98602
DQC,2022-10-24,16.2,17.5,15.8,16.0,63944
DQC,2022-10-25,16.0,16.5,15.6,16.1,33200
DQC,2022-10-26,16.9,16.9,16.1,16.65,5552
DQC,2022-10-27,17.6,17.6,16.5,17.2,11510
DQC,2022-10-28,17.2,17.2,16.7,17.1,13106
DQC,2022-10-31,16.5,16.85,16.1,16.8,30436
DQC,2022-11-01,17.5,17.5,15.65,16.75,57802
DQC,2022-11-02,16.75,17.0,16.75,16.8,36714
DQC,2022-11-03,16.8,17.0,16.55,16.9,34062
DQC,2022-11-04,16.75,16.8,16.3,16.55,47566
DQC,2022-11-07,16.5,16.5,15.8,15.8,68584
DQC,2022-11-08,15.5,15.8,15.3,15.3,67502
DQC,2022-11-09,15.4,15.95,15.35,15.9,23601
DQC,2022-11-10,15.5,15.5,14.8,14.8,107105
DQC,2022-11-11,14.7,14.9,13.8,13.8,52064
DQC,2022-11-14,13.05,13.5,12.85,13.3,63122
DQC,2022-11-15,12.9,12.9,12.4,12.9,101923
DQC,2022-11-16,12.15,13.4,12.0,13.4,77300
DQC,2022-11-17,14.15,14.15,13.4,14.05,40270
DQC,2022-11-18,14.1,14.1,13.1,13.85,105830
DQC,2022-11-21,14.05,14.5,13.35,14.25,9506
DQC,2022-11-22,13.6,14.8,13.6,14.3,94816
DQC,2022-11-23,14.25,14.3,13.6,13.95,31406
DQC,2022-11-24,13.9,13.9,13.45,13.9,8801
DQC,2022-11-25,13.65,14.25,13.65,14.2,37202
DQC,2022-11-28,15.0,15.0,14.55,14.9,34380
DQC,2022-11-29,15.0,15.3,14.6,15.3,85206
DQC,2022-11-30,15.6,16.0,15.0,15.45,50002
DQC,2022-12-01,15.6,16.5,15.6,16.2,179652
DQC,2022-12-02,16.3,17.3,15.9,17.3,222612
DQC,2022-12-05,18.15,18.5,17.65,18.5,253627
DQC,2022-12-06,19.3,19.3,17.25,17.25,170508
DQC,2022-12-07,17.25,17.25,16.2,16.8,38344
DQC,2022-12-08,16.5,17.3,16.5,17.0,36719
DQC,2022-12-09,17.0,17.5,17.0,17.1,41924
DQC,2022-12-12,17.75,18.1,16.2,17.0,52100
DQC,2022-12-13,16.9,17.35,16.8,17.2,42300
DQC,2022-12-14,17.2,17.9,17.15,17.5,21500
DQC,2022-12-15,16.95,18.25,16.95,18.0,34000
DQC,2022-12-16,17.95,18.15,17.6,17.6,26700
DQC,2022-12-19,17.1,18.15,17.1,18.0,61200
DQC,2022-12-20,17.1,17.5,16.8,17.3,53702
DQC,2022-12-21,17.0,17.3,16.3,17.0,43300
DQC,2022-12-22,17.3,17.3,16.85,17.0,15946
DQC,2022-12-23,17.0,17.5,16.6,16.7,37500
DQC,2022-12-26,17.1,17.1,16.3,16.3,10510
DQC,2022-12-27,15.95,17.0,15.7,17.0,39400
DQC,2022-12-28,16.3,17.2,16.15,17.2,8400
DQC,2022-12-29,16.7,17.35,16.7,16.75,5100
DQC,2022-12-30,17.0,17.0,16.3,17.0,14900
DQC,2023-01-03,17.1,17.85,17.0,17.75,21600
DQC,2023-01-04,18.0,18.0,17.35,17.8,24013
DQC,2023-01-05,17.8,17.85,17.35,17.5,6251
DQC,2023-01-06,17.5,17.5,17.0,17.45,27887
DQC,2023-01-09,17.15,17.25,17.0,17.0,15103
DQC,2023-01-10,16.9,16.9,16.7,16.9,12951
DQC,2023-01-11,16.9,17.0,16.5,16.8,17511
DQC,2023-01-12,17.1,17.1,16.8,17.0,22800
DQC,2023-01-13,17.0,17.2,16.7,16.8,13200
DQC,2023-01-16,16.55,17.0,16.55,16.6,6000
DQC,2023-01-17,16.6,16.9,16.6,16.7,32400
DQC,2023-01-18,16.7,17.1,16.7,17.1,22171
DQC,2023-01-19,17.0,17.2,16.95,17.2,7225
DQC,2023-01-27,17.55,17.65,17.0,17.2,6900
DQC,2023-01-30,17.3,17.8,17.2,17.5,51115
DQC,2023-01-31,17.5,18.5,17.3,17.55,113844
DQC,2023-02-01,18.0,18.2,17.2,17.2,115407
DQC,2023-02-02,17.6,17.75,17.1,17.3,61500
DQC,2023-02-03,17.5,17.75,17.45,17.7,48100
DQC,2023-02-06,17.9,18.9,17.7,18.9,251506
DQC,2023-02-07,19.45,19.45,18.5,18.5,81101
DQC,2023-02-08,18.2,18.9,18.1,18.75,81318
DQC,2023-02-09,18.75,18.75,18.1,18.4,41901
DQC,2023-02-10,18.0,19.3,18.0,18.65,116332
DQC,2023-02-13,18.6,18.9,18.3,18.65,83326
DQC,2023-02-14,18.5,19.3,18.5,19.0,66301
DQC,2023-02-15,19.0,19.4,18.95,19.15,65103
DQC,2023-02-16,19.3,20.45,19.3,20.45,277932
DQC,2023-02-17,21.2,21.45,20.4,20.7,127669
DQC,2023-02-20,21.25,22.0,20.8,21.3,151948
DQC,2023-02-21,22.0,22.0,21.2,21.2,90351
DQC,2023-02-22,21.15,21.15,20.0,20.0,162500
DQC,2023-02-23,20.3,20.3,19.0,19.8,128500
DQC,2023-02-24,19.5,19.9,19.15,19.25,39793
DQC,2023-02-27,18.5,19.2,18.25,18.25,78508
DQC,2023-02-28,18.3,18.8,18.25,18.7,26601
DQC,2023-03-01,19.0,19.0,18.1,18.5,113801
DQC,2023-03-02,18.9,19.2,18.75,18.9,38423
DQC,2023-03-03,18.75,19.0,18.35,18.35,30310
DQC,2023-03-06,18.35,18.8,18.35,18.5,91941
DQC,2023-03-07,18.2,18.8,18.2,18.45,34916
DQC,2023-03-08,18.45,18.55,18.3,18.55,40000
DQC,2023-03-09,18.6,19.5,18.35,19.1,101168
DQC,2023-03-10,19.0,19.05,18.7,18.95,18400
DQC,2023-03-13,19.0,19.0,18.5,18.8,31634
DQC,2023-03-14,18.4,18.7,17.65,17.65,94341
DQC,2023-03-15,18.05,18.35,17.8,18.35,33800
DQC,2023-03-16,18.5,18.5,18.1,18.35,17426
DQC,2023-03-17,18.6,18.6,18.1,18.15,21914
DQC,2023-03-20,18.15,18.3,17.75,17.75,26305
DQC,2023-03-21,17.8,18.15,17.7,18.15,25768
DQC,2023-03-22,18.0,18.25,18.0,18.2,13747
DQC,2023-03-23,18.2,18.2,17.75,18.0,10500
DQC,2023-03-24,18.0,18.4,17.8,18.0,34306
DQC,2023-03-27,18.05,18.05,17.8,18.0,22001
DQC,2023-03-28,18.1,18.5,18.0,18.2,27308
DQC,2023-03-29,18.5,18.5,18.1,18.25,4000
DQC,2023-03-30,18.55,18.55,18.0,18.2,31687
DQC,2023-03-31,18.3,18.3,18.15,18.15,5600
DQC,2023-04-03,18.1,19.3,18.1,18.5,44145
DQC,2023-04-04,18.35,18.9,18.35,18.5,28509
DQC,2023-04-05,18.3,18.7,18.3,18.6,88034
DQC,2023-04-06,18.6,19.2,18.6,19.2,134736
DQC,2023-04-07,19.2,19.4,18.9,19.0,36085
DQC,2023-04-10,19.4,20.0,19.15,19.3,162100
DQC,2023-04-11,19.1,19.3,19.0,19.3,23607
DQC,2023-04-12,19.3,19.65,19.1,19.3,19400
DQC,2023-04-13,19.3,19.3,19.05,19.3,23107
DQC,2023-04-14,19.2,19.3,18.6,18.6,19100
DQC,2023-04-17,18.5,18.5,18.2,18.35,11301
DQC,2023-04-18,18.35,18.5,18.35,18.5,4400
DQC,2023-04-19,18.8,18.8,18.4,18.4,8000
DQC,2023-04-20,18.4,18.6,18.0,18.45,31300
DQC,2023-04-21,18.2,18.5,18.2,18.3,11823
DQC,2023-04-24,18.3,18.3,17.7,17.7,49110
DQC,2023-04-25,17.6,17.9,17.6,17.6,32927
DQC,2023-04-26,17.6,17.9,17.55,17.9,6810
DQC,2023-04-27,17.9,17.95,17.8,17.9,12714
DQC,2023-04-28,17.9,18.0,17.9,17.9,15001
DQC,2023-05-04,17.9,17.9,17.5,17.85,17206
DQC,2023-05-05,17.85,17.95,17.7,17.95,9750
DQC,2023-05-08,17.95,18.3,17.95,18.3,25421
DQC,2023-05-09,19.55,19.55,18.55,18.6,49611
DQC,2023-05-10,18.9,18.95,18.3,18.8,16741
DQC,2023-05-11,18.8,18.9,18.5,18.6,24268
DQC,2023-05-12,18.3,18.7,18.3,18.7,23900
DQC,2023-05-15,18.7,18.8,18.5,18.7,37360
DQC,2023-05-16,18.7,18.8,18.5,18.7,19300
DQC,2023-05-17,18.75,18.8,18.35,18.35,34856
DQC,2023-05-18,18.25,18.5,17.8,18.5,40819
DQC,2023-05-19,18.95,18.95,18.2,18.2,20800
DQC,2023-05-22,18.2,18.5,18.05,18.4,21700
DQC,2023-05-23,18.4,18.4,18.3,18.35,11225
DQC,2023-05-24,18.2,18.4,18.2,18.4,29700
DQC,2023-05-25,18.1,18.4,18.1,18.35,10622
DQC,2023-05-26,18.5,18.6,18.2,18.25,29729
DQC,2023-05-29,18.25,18.5,18.25,18.5,31783
DQC,2023-05-30,18.5,19.05,18.45,19.05,133833
DQC,2023-05-31,19.0,19.9,19.0,19.3,86312
DQC,2023-06-01,19.3,19.5,19.15,19.3,116093
DQC,2023-06-02,19.4,19.5,19.15,19.25,88030
DQC,2023-06-05,19.5,19.5,19.15,19.15,43502
DQC,2023-06-06,19.15,19.2,18.85,19.0,49900
DQC,2023-06-07,19.5,20.3,19.1,20.2,318070
DQC,2023-06-08,20.4,20.9,20.0,20.15,221060
DQC,2023-06-09,20.2,20.45,19.8,19.8,79017
DQC,2023-06-12,19.85,20.45,19.75,20.25,117050
DQC,2023-06-13,20.05,20.6,20.05,20.35,65921
DQC,2023-06-14,20.35,20.35,19.5,19.5,127511
DQC,2023-06-15,19.5,19.55,19.35,19.45,54164
DQC,2023-06-16,19.45,19.85,19.0,19.0,80629
DQC,2023-06-19,19.05,19.15,18.5,18.5,99700
DQC,2023-06-20,18.5,19.0,18.4,18.5,53100
DQC,2023-06-21,18.55,19.5,18.5,19.5,81695
DQC,2023-06-22,19.5,19.5,19.05,19.2,71353
DQC,2023-06-23,19.25,19.65,19.25,19.55,57302
DQC,2023-06-26,19.45,19.5,19.05,19.35,81800
DQC,2023-06-27,19.35,19.55,19.25,19.35,42689
DQC,2023-06-28,19.3,19.55,19.25,19.45,33511
DQC,2023-06-29,19.5,19.5,19.25,19.3,44900
DQC,2023-06-30,19.3,19.3,18.95,19.15,34341
DQC,2023-07-03,19.1,19.15,19.1,19.1,6600
DQC,2023-07-04,19.1,19.75,19.1,19.65,67730
DQC,2023-07-05,19.8,19.8,19.5,19.65,32912
DQC,2023-07-06,19.75,19.75,19.35,19.35,29500
DQC,2023-07-07,19.6,19.6,19.2,19.45,24219
DQC,2023-07-10,19.3,19.7,19.2,19.7,67218
DQC,2023-07-11,19.8,21.05,19.8,21.05,404109
DQC,2023-07-12,21.5,21.9,21.1,21.55,124011
DQC,2023-07-13,21.5,21.55,21.1,21.4,93388
DQC,2023-07-14,21.4,21.5,21.0,21.5,120771
DQC,2023-07-17,21.75,21.75,21.15,21.15,47029
DQC,2023-07-18,21.45,21.45,20.8,21.45,80416
DQC,2023-07-19,21.45,21.7,21.0,21.4,71730
DQC,2023-07-20,21.5,21.5,21.1,21.5,36256
DQC,2023-07-21,21.7,22.0,21.3,22.0,88501
DQC,2023-07-24,23.25,23.25,22.2,23.0,153308
DQC,2023-07-25,23.0,23.0,22.5,22.5,57775
DQC,2023-07-26,22.8,22.8,22.2,22.5,33600
DQC,2023-07-27,22.35,22.5,22.0,22.4,56000
DQC,2023-07-28,22.1,22.5,21.9,22.0,41910
DQC,2023-07-31,22.0,22.0,21.4,21.55,59064
DQC,2023-08-01,21.55,21.6,21.05,21.5,68902
DQC,2023-08-02,21.45,21.5,21.1,21.45,32420
DQC,2023-08-03,21.4,21.45,21.1,21.45,48947
DQC,2023-08-04,21.2,21.5,21.0,21.3,66227
DQC,2023-08-07,21.3,21.3,21.15,21.15,24312
DQC,2023-08-08,21.15,21.85,21.15,21.8,34409
DQC,2023-08-09,21.8,21.8,21.2,21.5,14804
DQC,2023-08-10,21.7,21.7,21.25,21.5,21105
DQC,2023-08-11,21.45,21.6,21.1,21.4,43313
DQC,2023-08-14,21.1,21.4,21.1,21.3,27754
DQC,2023-08-15,21.2,21.4,21.15,21.25,15443
DQC,2023-08-16,21.25,21.25,20.9,21.15,55688
DQC,2023-08-17,21.0,21.2,20.9,20.9,27713
DQC,2023-08-18,20.8,20.8,19.45,19.45,127424
DQC,2023-08-21,19.1,19.45,18.1,18.75,92217
DQC,2023-08-22,18.75,19.05,18.25,19.05,38610
DQC,2023-08-23,19.3,19.3,18.7,19.0,13310
DQC,2023-08-24,18.4,19.1,18.4,19.0,31024
DQC,2023-08-25,19.05,19.05,18.8,19.0,33420
DQC,2023-08-28,18.6,19.45,18.6,19.2,24500
DQC,2023-08-29,19.0,19.25,18.95,19.1,27910
DQC,2023-08-30,18.9,19.0,18.9,18.9,10600
DQC,2023-08-31,19.15,19.3,19.0,19.3,34700
DQC,2023-09-05,19.3,19.75,19.3,19.75,32300
DQC,2023-09-06,19.5,19.7,19.35,19.7,27700
DQC,2023-09-07,19.75,19.8,19.55,19.7,37600
DQC,2023-09-08,19.7,20.3,19.7,20.3,35367
DQC,2023-09-11,21.0,21.0,20.15,20.3,59149
DQC,2023-09-12,20.1,20.3,20.1,20.3,27661
DQC,2023-09-13,20.3,20.85,20.0,20.3,36723
DQC,2023-09-14,20.55,20.55,19.75,19.9,37101
DQC,2023-09-15,19.9,19.9,19.5,19.8,33629
DQC,2023-09-18,19.8,19.8,19.05,19.5,25178
DQC,2023-09-19,19.5,19.8,19.15,19.55,64826
DQC,2023-09-20,19.95,19.95,19.75,19.75,4805
DQC,2023-09-21,19.7,19.7,19.5,19.5,23561
DQC,2023-09-22,19.0,19.45,18.9,19.4,23540
DQC,2023-09-25,18.9,19.2,18.5,18.5,17601
DQC,2023-09-26,18.95,18.95,18.0,18.55,37602
DQC,2023-09-27,18.6,18.6,18.2,18.5,13320
DQC,2023-09-28,18.5,18.5,18.0,18.3,22702
DQC,2023-09-29,18.3,18.75,18.3,18.75,16720
DQC,2023-10-02,18.8,18.8,18.4,18.75,3130
DQC,2023-10-03,18.0,18.1,17.45,17.55,116325
DQC,2023-10-04,17.8,17.9,17.5,17.9,7809
DQC,2023-10-05,17.9,17.9,17.55,17.55,7200
DQC,2023-10-06,17.6,17.85,17.6,17.85,13730
DQC,2023-10-09,17.9,17.9,17.8,17.85,18712
DQC,2023-10-10,18.1,18.1,17.85,18.05,39603
DQC,2023-10-11,18.1,18.2,17.9,18.2,8803
DQC,2023-10-12,18.3,18.3,18.2,18.25,3400
DQC,2023-10-13,18.2,18.25,17.9,18.25,10552
DQC,2023-10-16,17.8,18.0,17.8,18.0,2109
DQC,2023-10-17,17.6,18.2,17.6,17.95,3700
DQC,2023-10-18,17.9,17.9,17.3,17.45,13603
DQC,2023-10-19,17.7,17.7,17.0,17.5,42505
DQC,2023-10-20,17.5,17.5,16.8,17.5,24171
DQC,2023-10-23,17.5,17.5,16.85,17.25,13001
DQC,2023-10-24,17.5,17.5,17.3,17.4,7047
DQC,2023-10-25,17.4,17.75,17.4,17.65,28102
DQC,2023-10-26,17.0,17.0,16.45,16.45,148208
DQC,2023-10-27,16.25,16.65,16.25,16.65,8603
DQC,2023-10-30,17.15,17.15,16.95,16.95,3500
DQC,2023-10-31,16.65,16.65,15.8,15.8,126700
DQC,2023-11-01,15.4,15.9,14.7,15.4,103100
DQC,2023-11-02,15.4,15.9,14.8,15.3,64701
DQC,2023-11-03,15.3,15.3,14.5,14.5,101000
DQC,2023-11-06,14.7,14.7,14.1,14.45,61003
DQC,2023-11-07,14.5,14.95,14.5,14.7,30114
DQC,2023-11-08,14.05,14.9,14.05,14.9,25312
DQC,2023-11-09,15.0,15.5,14.9,15.25,48653
DQC,2023-11-10,15.25,15.4,15.1,15.2,34241
DQC,2023-11-13,15.3,15.4,15.1,15.25,31552
DQC,2023-11-14,15.25,15.65,15.25,15.6,14123
DQC,2023-11-15,15.65,15.85,15.5,15.6,18125
DQC,2023-11-16,15.55,15.6,15.45,15.45,9703
DQC,2023-11-17,15.45,15.45,15.3,15.3,27312
DQC,2023-11-20,15.15,15.2,14.8,15.2,14901
DQC,2023-11-21,15.3,15.3,14.8,15.0,26001
DQC,2023-11-22,15.2,15.2,14.95,15.0,28304
DQC,2023-11-23,15.0,15.3,15.0,15.0,21600
DQC,2023-11-24,15.0,15.1,14.85,15.0,21501
DQC,2023-11-27,15.0,15.0,14.8,15.0,9600
DQC,2023-11-28,14.9,15.3,14.85,15.3,36710
DQC,2023-11-29,15.35,15.4,15.2,15.2,10051
DQC,2023-11-30,15.6,15.6,15.05,15.1,7526
DQC,2023-12-01,15.45,15.45,14.45,15.25,7400
DQC,2023-12-04,15.25,15.3,15.0,15.3,16830
DQC,2023-12-05,15.25,15.25,15.0,15.25,15300
DQC,2023-12-06,15.25,15.7,15.25,15.6,34078
DQC,2023-12-07,15.6,15.65,15.2,15.55,16300
DQC,2023-12-08,15.5,15.55,15.3,15.45,13003
DQC,2023-12-11,15.5,15.5,15.05,15.3,15600
DQC,2023-12-12,15.3,15.5,15.3,15.3,15001
DQC,2023-12-13,15.5,15.5,15.2,15.2,14116
DQC,2023-12-14,15.3,15.35,15.1,15.3,20300
DQC,2023-12-15,15.1,15.3,15.1,15.3,12310
DQC,2023-12-18,15.25,15.25,15.05,15.05,8585
DQC,2023-12-19,15.05,15.05,14.9,15.05,19701
DQC,2023-12-20,15.1,15.2,14.95,15.2,10300
DQC,2023-12-21,15.25,15.25,14.9,15.2,14002
DQC,2023-12-22,14.95,15.2,14.95,15.15,2805
DQC,2023-12-25,15.1,15.2,15.1,15.15,7900
DQC,2023-12-26,15.15,15.3,15.15,15.2,8902
DQC,2023-12-27,15.0,15.2,15.0,15.1,7831
DQC,2023-12-28,14.7,15.3,14.7,14.9,18037
DQC,2023-12-29,15.05,15.2,15.0,15.15,8921
DQC,2024-01-02,15.15,15.2,15.0,15.1,16310
DQC,2024-01-03,15.1,15.15,14.95,15.15,11900
DQC,2024-01-04,15.1,15.5,15.05,15.3,48187
DQC,2024-01-05,15.3,15.5,15.2,15.25,15460
DQC,2024-01-08,15.25,15.25,15.1,15.25,21937
DQC,2024-01-09,15.35,15.35,15.0,15.3,106311
DQC,2024-01-10,15.3,15.3,15.1,15.1,53727
DQC,2024-01-11,15.1,15.2,15.05,15.1,18500
DQC,2024-01-12,15.1,15.2,15.0,15.0,44231
DQC,2024-01-15,15.25,15.25,15.0,15.0,5602
DQC,2024-01-16,15.25,15.25,14.95,15.0,6827
DQC,2024-01-17,15.0,15.05,15.0,15.05,26000
DQC,2024-01-18,15.15,15.15,15.0,15.1,11414
DQC,2024-01-19,15.0,15.2,15.0,15.05,13800
DQC,2024-01-22,15.05,15.05,14.9,14.95,33100
DQC,2024-01-23,14.95,15.0,14.8,15.0,19326
DQC,2024-01-24,15.0,15.1,14.9,15.1,12427
DQC,2024-01-25,14.9,15.25,14.9,15.25,44100
DQC,2024-01-26,15.25,15.3,15.05,15.05,25334
DQC,2024-01-29,15.05,15.25,15.05,15.25,21652
DQC,2024-01-30,15.3,15.35,15.0,15.2,28601
DQC,2024-01-31,15.0,15.2,14.95,15.15,46608
DQC,2024-02-01,14.9,15.15,14.9,15.15,20519
DQC,2024-02-02,15.0,15.0,14.95,15.0,22602
DQC,2024-02-05,14.9,15.25,14.8,15.05,70600
DQC,2024-02-06,15.1,15.35,15.1,15.1,43205
DQC,2024-02-07,15.1,15.95,15.0,15.7,110600
DQC,2024-02-15,15.7,16.0,15.1,15.7,60187
DQC,2024-02-16,15.7,15.7,15.3,15.65,31700
DQC,2024-02-19,15.65,15.8,15.65,15.7,33567
DQC,2024-02-20,15.6,15.8,15.5,15.7,39711
DQC,2024-02-21,15.4,16.0,15.4,15.9,74431
DQC,2024-02-22,15.9,16.25,15.9,16.25,88822
DQC,2024-02-23,16.3,16.5,16.0,16.25,55336
DQC,2024-02-26,16.25,16.25,15.85,15.85,35878
DQC,2024-02-27,15.9,16.2,15.8,16.1,43390
DQC,2024-02-28,15.9,16.4,15.9,16.35,35320
DQC,2024-02-29,16.35,16.5,16.0,16.4,53723
DQC,2024-03-01,16.2,16.6,15.95,16.4,22847
DQC,2024-03-04,16.05,16.5,15.9,15.95,137934
DQC,2024-03-05,16.0,16.15,15.9,15.9,38600
DQC,2024-03-06,15.8,15.8,15.55,15.8,34713
DQC,2024-03-07,15.75,15.8,15.35,15.55,43112
DQC,2024-03-08,15.4,15.7,15.25,15.3,58536
DQC,2024-03-11,15.25,15.35,15.0,15.2,57001
DQC,2024-03-12,15.2,16.0,15.2,15.75,171512
DQC,2024-03-13,15.9,15.9,15.6,15.85,51269
DQC,2024-03-14,15.6,16.2,15.6,15.8,57807
DQC,2024-03-15,16.05,16.05,15.65,15.65,34654
DQC,2024-03-18,15.7,15.7,15.3,15.5,99119
DQC,2024-03-19,15.55,15.55,15.4,15.55,18329
DQC,2024-03-20,15.4,15.8,15.3,15.8,11364
DQC,2024-03-21,15.8,16.2,15.65,16.0,53516
DQC,2024-03-22,16.0,16.15,15.9,16.1,26925
DQC,2024-03-25,16.2,16.25,15.9,16.0,55611
DQC,2024-03-26,16.0,16.2,15.9,16.1,65535
DQC,2024-03-27,16.2,16.2,15.9,16.1,33200
DQC,2024-03-28,16.1,16.1,15.8,15.9,21784
DQC,2024-03-29,15.8,16.0,15.55,15.85,55425
DQC,2024-04-01,15.95,15.95,15.65,15.8,54600
DQC,2024-04-02,15.85,15.95,15.3,15.45,41820
DQC,2024-04-03,15.45,15.5,15.4,15.45,11138
DQC,2024-04-04,15.4,15.45,15.3,15.45,17979
DQC,2024-04-05,15.3,15.4,15.05,15.3,35784
DQC,2024-04-08,15.3,15.5,15.0,15.3,57900
DQC,2024-04-09,15.35,15.6,15.25,15.45,35702
DQC,2024-04-10,15.15,15.5,15.15,15.4,20428
DQC,2024-04-11,15.4,15.45,15.1,15.3,18514
DQC,2024-04-12,15.3,15.3,15.1,15.3,36800
DQC,2024-04-15,15.2,15.5,15.0,15.0,64311
DQC,2024-04-16,15.0,15.2,14.8,15.0,23001
DQC,2024-04-17,15.0,15.1,14.85,15.1,27800
DQC,2024-04-19,14.9,14.9,14.1,14.1,35900
DQC,2024-04-22,14.3,14.7,14.3,14.6,15732
DQC,2024-04-23,14.9,14.9,14.25,14.5,4700
DQC,2024-04-24,14.65,14.8,14.05,14.6,9900
DQC,2024-04-25,14.6,14.6,14.45,14.6,4601
DQC,2024-04-26,14.5,14.55,14.25,14.55,9100
DQC,2024-05-02,14.4,14.6,14.4,14.6,55400
DQC,2024-05-03,14.45,15.5,14.45,14.8,20630
DQC,2024-05-06,14.8,15.0,14.65,14.9,23800
DQC,2024-05-07,14.9,15.0,14.65,14.75,30800
DQC,2024-05-08,14.75,15.1,14.75,15.05,33860
DQC,2024-05-09,15.1,15.1,14.7,15.05,16700
DQC,2024-05-10,14.8,14.95,14.8,14.8,5609
DQC,2024-05-13,14.9,15.15,14.9,15.1,13008
DQC,2024-05-14,15.0,15.1,14.8,15.0,7300
DQC,2024-05-15,15.0,15.1,14.95,14.95,21700
DQC,2024-05-16,15.0,15.15,15.0,15.0,46220
DQC,2024-05-17,15.0,15.2,14.9,15.0,8600
DQC,2024-05-20,15.0,15.4,15.0,15.05,38447
DQC,2024-05-21,15.05,15.1,15.0,15.05,31510
DQC,2024-05-22,15.0,15.1,14.85,14.95,33900
DQC,2024-05-23,15.1,15.1,14.95,15.05,29310
DQC,2024-05-24,15.1,15.1,14.75,15.0,39210
DQC,2024-05-27,15.0,15.05,14.95,15.0,10800
DQC,2024-05-28,14.95,15.0,14.95,14.95,33606
DQC,2024-05-29,15.05,15.05,14.9,14.95,15202
DQC,2024-05-30,15.0,15.0,14.5,14.9,38077
DQC,2024-05-31,14.95,15.55,14.95,15.5,194737
DQC,2024-06-03,15.45,16.3,15.3,15.8,135151
DQC,2024-06-04,15.7,15.95,15.5,15.8,31679
DQC,2024-06-05,15.7,15.85,15.5,15.6,85629
DQC,2024-06-06,15.6,15.6,15.4,15.45,43100
DQC,2024-06-07,15.7,15.7,15.2,15.2,100718
DQC,2024-06-10,15.2,15.7,15.2,15.3,19201
DQC,2024-06-11,15.35,15.5,15.25,15.5,14500
DQC,2024-06-12,15.5,15.5,15.2,15.4,14700
DQC,2024-06-13,15.4,15.4,15.25,15.4,22300
DQC,2024-06-14,15.35,15.4,15.1,15.1,23178
DQC,2024-06-17,15.5,15.5,15.0,15.15,26843
DQC,2024-06-18,15.0,15.2,15.0,15.1,5104
DQC,2024-06-19,15.15,15.15,14.05,15.1,21501
DQC,2024-06-20,15.15,15.2,15.0,15.0,26016
DQC,2024-06-21,15.0,15.5,15.0,15.35,34845
DQC,2024-06-24,15.35,15.35,14.85,15.0,44300
DQC,2024-06-25,15.0,15.1,14.8,15.1,21301
DQC,2024-06-26,15.1,15.1,14.85,15.0,4700
DQC,2024-06-27,15.1,15.1,14.85,15.0,1100
DQC,2024-06-28,14.95,15.0,14.8,15.0,30901
DQC,2024-07-01,15.0,15.0,14.75,14.8,13200
DQC,2024-07-02,14.8,15.0,14.8,15.0,4002
DQC,2024-07-03,14.9,14.9,14.75,14.8,17783
DQC,2024-07-04,14.8,14.95,14.75,14.95,13874
DQC,2024-07-05,14.95,14.95,14.7,14.9,25412
DQC,2024-07-08,14.95,15.0,14.5,14.8,18800
DQC,2024-07-09,14.65,14.8,14.65,14.8,11565
DQC,2024-07-10,14.9,14.9,14.7,14.9,14000
DQC,2024-07-11,14.7,14.75,14.7,14.7,14100
DQC,2024-07-12,14.7,14.85,14.65,14.85,16110
DQC,2024-07-15,14.85,14.85,14.55,14.8,10600
DQC,2024-07-16,14.85,14.85,14.7,14.7,18600
DQC,2024-07-17,14.7,14.8,14.65,14.65,19827
DQC,2024-07-18,14.7,14.7,14.55,14.65,13302
DQC,2024-07-19,14.7,14.7,14.7,14.7,302
DQC,2024-07-22,14.65,14.7,14.55,14.7,11909
DQC,2024-07-23,14.15,14.5,14.1,14.4,17287
DQC,2024-07-24,14.4,14.45,14.0,14.3,31440
DQC,2024-07-25,14.3,14.4,14.1,14.4,18104
DQC,2024-07-26,14.3,14.4,14.0,14.4,11600
DQC,2024-07-29,14.4,14.4,14.0,14.0,66900
DQC,2024-07-30,13.95,14.1,13.9,14.0,11400
DQC,2024-07-31,14.0,14.1,13.85,14.0,18900
DQC,2024-08-01,14.0,14.1,13.75,14.0,39000
DQC,2024-08-02,14.0,14.0,13.65,13.9,4700
DQC,2024-08-05,13.9,14.0,13.45,13.5,24100
DQC,2024-08-06,13.8,13.8,13.3,13.55,31700
DQC,2024-08-07,13.6,13.7,13.5,13.65,5200
DQC,2024-08-08,13.75,13.75,13.2,13.45,6900
DQC,2024-08-09,13.65,13.65,13.5,13.55,5900
DQC,2024-08-12,13.8,13.8,13.4,13.4,6900
DQC,2024-08-13,13.4,13.5,13.4,13.5,1100
DQC,2024-08-14,13.4,13.6,13.4,13.6,9800
DQC,2024-08-15,13.6,13.6,13.45,13.45,6700
DQC,2024-08-16,13.45,13.6,13.3,13.6,11900
DQC,2024-08-19,13.6,13.65,13.45,13.45,25400
DQC,2024-08-20,13.45,13.7,13.45,13.65,11800
DQC,2024-08-21,13.55,13.75,13.5,13.7,16600
DQC,2024-08-22,13.8,13.85,13.55,13.65,14700
DQC,2024-08-23,13.65,13.95,13.65,13.85,32800
DQC,2024-08-26,13.8,13.95,13.6,13.6,40400
DQC,2024-08-27,13.6,13.9,13.6,13.65,21800
DQC,2024-08-28,14.0,14.0,13.65,13.65,28500
DQC,2024-08-29,13.65,13.9,13.65,13.8,19200
DQC,2024-08-30,13.7,14.0,13.7,13.95,15100
DQC,2024-09-04,13.95,13.95,13.55,13.6,32800
DQC,2024-09-05,13.6,13.8,13.55,13.75,11800
DQC,2024-09-06,13.8,13.8,13.5,13.75,6000
DQC,2024-09-09,13.75,13.75,13.6,13.75,7800
DQC,2024-09-10,13.75,13.75,13.45,13.45,15800
DQC,2024-09-11,13.45,13.45,13.4,13.45,14000
DQC,2024-09-12,13.6,13.6,13.45,13.45,10200
DQC,2024-09-13,13.45,13.45,13.4,13.45,10800
DQC,2024-09-16,13.85,13.85,13.4,13.65,700
DQC,2024-09-17,13.6,13.65,13.35,13.35,7800
DQC,2024-09-18,13.35,13.65,13.35,13.4,6600
DQC,2024-09-19,13.4,13.6,13.35,13.6,3200
DQC,2024-09-20,13.6,13.6,13.5,13.55,23200
DQC,2024-09-23,13.6,13.95,13.55,13.9,25600
DQC,2024-09-24,13.8,13.8,13.6,13.6,600
DQC,2024-09-25,13.7,13.75,13.55,13.55,18600
DQC,2024-09-26,13.7,13.7,13.6,13.6,600
DQC,2024-09-27,13.55,13.6,13.45,13.45,13500
DQC,2024-09-30,13.45,13.8,13.45,13.5,7800
DQC,2024-10-01,13.45,13.6,13.45,13.5,16400
DQC,2024-10-02,13.35,13.5,13.35,13.45,13300
DQC,2024-10-03,13.35,13.45,13.35,13.4,9900
DQC,2024-10-04,13.4,13.5,13.4,13.4,5500
DQC,2024-10-07,13.4,13.4,13.35,13.4,3100
DQC,2024-10-08,13.35,13.35,13.25,13.3,19900
DQC,2024-10-09,13.25,13.5,13.2,13.25,10200
DQC,2024-10-10,13.45,13.45,13.3,13.3,5500
DQC,2024-10-11,13.3,13.3,13.2,13.3,10800
DQC,2024-10-14,13.3,13.45,13.3,13.35,3500
DQC,2024-10-15,13.3,13.35,13.25,13.35,7500
DQC,2024-10-16,13.3,13.35,13.3,13.35,1300
DQC,2024-10-17,13.2,13.4,13.15,13.4,6200
DQC,2024-10-18,13.25,13.25,13.25,13.25,2800
DQC,2024-10-21,13.25,13.5,13.25,13.35,11800
DQC,2024-10-22,13.25,13.5,13.25,13.5,6600
DQC,2024-10-23,13.2,13.4,13.2,13.4,1400
DQC,2024-10-24,13.4,13.4,13.2,13.2,1800
DQC,2024-10-25,13.2,13.4,13.2,13.4,3500
DQC,2024-10-28,13.3,13.3,13.3,13.3,2500
DQC,2024-10-29,13.4,13.4,13.4,13.4,100
DQC,2024-10-30,13.3,13.4,13.05,13.05,14100
DQC,2024-10-31,13.05,13.1,12.65,13.1,15100
DQC,2024-11-01,13.1,13.1,13.1,13.1,2700
DQC,2024-11-04,12.95,12.95,12.9,12.9,2900
DQC,2024-11-05,12.9,13.0,12.9,13.0,200
DQC,2024-11-06,12.8,12.9,12.75,12.8,13500
DQC,2024-11-07,12.8,13.4,12.6,12.9,6600
DQC,2024-11-08,12.85,12.85,12.5,12.8,13700
DQC,2024-11-11,12.6,12.65,12.6,12.65,900
DQC,2024-11-12,12.65,13.3,12.65,12.75,8700
DQC,2024-11-13,12.65,12.9,12.6,12.9,8400
DQC,2024-11-14,12.55,12.7,12.55,12.6,4200
DQC,2024-11-15,12.6,13.05,11.9,12.5,27000
DQC,2024-11-18,12.6,12.85,12.5,12.5,23800
DQC,2024-11-19,12.5,12.5,12.4,12.5,2000
DQC,2024-11-20,12.5,12.6,12.35,12.35,12500
DQC,2024-11-21,12.4,12.7,12.4,12.65,10200
DQC,2024-11-22,12.5,12.6,12.25,12.4,7800
DQC,2024-11-25,12.6,12.6,12.4,12.5,10600
DQC,2024-11-26,12.4,12.7,12.3,12.5,26900
DQC,2024-11-27,12.5,12.65,12.4,12.65,13600
DQC,2024-11-28,12.65,12.7,12.5,12.6,23400
DQC,2024-11-29,12.7,12.7,12.6,12.65,13600
DQC,2024-12-02,12.6,12.75,12.5,12.75,13100
DQC,2024-12-03,12.65,12.95,12.65,12.9,15400
DQC,2024-12-04,12.95,13.0,12.85,12.9,13300
DQC,2024-12-05,12.9,13.1,12.75,12.95,17400
DQC,2024-12-06,13.0,13.2,12.8,13.05,13300
DQC,2024-12-09,13.05,13.05,12.55,13.0,3200
DQC,2024-12-10,12.7,13.0,12.7,12.9,9400
DQC,2024-12-11,12.95,12.95,12.8,12.9,26000
DQC,2024-12-12,12.8,12.9,12.8,12.9,500
DQC,2024-12-13,12.8,12.85,12.8,12.85,300
DQC,2024-12-16,12.2,12.75,12.2,12.7,14200
DQC,2024-12-17,12.75,12.75,12.6,12.6,18100
DQC,2024-12-18,12.7,12.85,12.7,12.85,2200
DQC,2024-12-19,12.85,12.85,12.7,12.7,1700
DQC,2024-12-20,12.8,13.0,12.8,12.95,10600
DQC,2024-12-23,13.0,13.0,12.6,13.0,12100
DQC,2024-12-24,13.0,13.0,12.95,12.95,3300
DQC,2024-12-25,12.8,12.9,12.65,12.9,21000
DQC,2024-12-26,12.85,12.85,12.85,12.85,6300
DQC,2024-12-27,12.6,12.8,12.6,12.7,5100
DQC,2024-12-30,12.6,12.65,12.55,12.65,5400
DQC,2024-12-31,12.65,12.65,12.5,12.6,10500
DQC,2025-01-02,12.5,12.75,12.45,12.45,14200
DQC,2025-01-03,12.4,12.45,12.35,12.45,18600
DQC,2025-01-06,12.4,12.4,12.35,12.35,21500
DQC,2025-01-07,12.5,12.5,12.5,12.5,1200
DQC,2025-01-08,12.4,12.4,11.65,12.3,12500
DQC,2025-01-09,12.1,12.25,12.0,12.1,19300
DQC,2025-01-10,12.1,12.15,12.0,12.0,19600
DQC,2025-01-13,12.0,12.0,11.95,11.95,1600
DQC,2025-01-14,11.9,12.05,11.75,12.05,2100
DQC,2025-01-15,12.05,12.05,11.9,12.05,13600
DQC,2025-01-16,12.0,12.0,11.95,12.0,13100
DQC,2025-01-17,11.9,12.0,11.75,11.8,8200
DQC,2025-01-20,11.8,11.85,11.75,11.8,18600
DQC,2025-01-21,12.0,12.0,11.75,11.85,1700
DQC,2025-01-22,11.9,11.9,11.7,11.8,34900
DQC,2025-01-23,11.75,11.8,11.7,11.8,10000
DQC,2025-01-24,11.8,12.0,11.8,12.0,5100
DQC,2025-02-03,11.6,11.7,11.2,11.25,40900
DQC,2025-02-04,11.6,11.7,11.2,11.7,14000
DQC,2025-02-05,11.7,11.75,11.55,11.55,5300
DQC,2025-02-06,11.55,11.8,11.5,11.5,10300
DQC,2025-02-07,11.25,11.8,11.25,11.6,11400
DQC,2025-02-10,11.6,11.6,10.8,11.0,70300
DQC,2025-02-11,10.75,11.0,10.5,11.0,28400
DQC,2025-02-12,11.0,11.1,11.0,11.1,4800
DQC,2025-02-13,11.0,11.1,10.7,11.1,7800
DQC,2025-02-14,11.0,11.1,11.0,11.1,9800
DQC,2025-02-17,11.0,11.1,10.7,10.9,25600
DQC,2025-02-18,11.0,11.0,10.8,10.9,22700
DQC,2025-02-19,11.1,11.4,11.1,11.35,49700
DQC,2025-02-20,11.4,11.4,11.1,11.3,13900
DQC,2025-02-21,11.35,11.4,11.25,11.25,8100
DQC,2025-02-24,11.25,11.45,11.25,11.25,6800
DQC,2025-02-25,11.2,11.25,11.0,11.2,19000
DQC,2025-02-26,11.2,11.4,10.8,11.0,12800
DQC,2025-02-27,10.8,11.1,10.8,11.0,15900
DQC,2025-02-28,11.0,11.1,11.0,11.05,10000
DQC,2025-03-03,11.0,11.05,10.5,10.95,67400
DQC,2025-03-04,10.95,11.0,10.85,10.9,15400
DQC,2025-03-05,10.8,11.0,10.8,10.85,9000
DQC,2025-03-06,10.85,10.9,10.65,10.9,13400
DQC,2025-03-07,10.9,10.95,10.8,10.9,7200
DQC,2025-03-10,10.9,10.9,10.7,10.7,14000
DQC,2025-03-11,10.75,10.8,10.65,10.75,6900
DQC,2025-03-12,10.75,10.85,10.75,10.85,9600
DQC,2025-03-13,10.6,10.9,10.6,10.8,8400
DQC,2025-03-14,10.8,10.8,10.65,10.65,9100
DQC,2025-03-17,10.55,10.75,10.55,10.7,11700
DQC,2025-03-18,10.7,10.7,10.65,10.7,10700
DQC,2025-03-19,10.7,10.75,10.7,10.7,5400
DQC,2025-03-20,10.7,11.15,10.65,10.9,9100
DQC,2025-03-21,10.85,10.85,10.6,10.85,3100
DQC,2025-03-24,10.65,10.75,10.65,10.65,4500
DQC,2025-03-25,10.65,10.65,10.6,10.65,7100
DQC,2025-03-26,10.65,10.8,10.6,10.6,10200
DQC,2025-03-27,10.6,10.9,10.6,10.85,18200
DQC,2025-03-28,10.85,10.85,10.6,10.6,6600
DQC,2025-03-31,10.5,10.7,10.3,10.7,13400
DQC,2025-04-02,10.7,10.7,10.6,10.6,5100
DQC,2025-04-03,10.0,10.5,9.86,9.86,59900
DQC,2025-04-04,9.86,9.86,9.2,9.51,85300
DQC,2025-04-08,9.52,9.52,8.85,8.85,49600
DQC,2025-04-09,8.5,9.0,8.24,8.85,12000
DQC,2025-04-10,9.4,9.46,9.4,9.46,30700
DQC,2025-04-11,10.0,10.0,9.0,9.39,27500
DQC,2025-04-14,9.39,9.39,9.0,9.1,29200
DQC,2025-04-15,9.01,9.7,8.5,8.9,122600
DQC,2025-04-16,8.9,8.9,8.72,8.72,9000
DQC,2025-04-17,8.72,8.99,8.51,8.91,13000
DQC,2025-04-18,8.91,8.99,8.62,8.98,14500
DQC,2025-04-21,9.0,9.0,8.99,9.0,14700
DQC,2025-04-22,9.0,9.01,8.6,8.85,39600
DQC,2025-04-23,8.86,9.05,8.85,8.86,5500
DQC,2025-04-24,9.0,9.0,8.86,9.0,15300
DQC,2025-04-25,9.05,9.05,8.71,9.01,2500
DQC,2025-04-28,9.01,9.2,9.01,9.2,7900
DQC,2025-04-29,8.91,9.28,8.87,9.28,18800
DQC,2025-05-05,9.0,9.2,8.85,9.2,600
DQC,2025-05-06,8.86,9.2,8.86,9.2,2100
DQC,2025-05-07,9.2,9.4,9.2,9.4,23200
DQC,2025-05-08,9.15,9.37,9.15,9.37,200
DQC,2025-05-09,9.37,9.37,9.2,9.3,3800
DQC,2025-05-12,9.1,9.25,9.1,9.25,6500
DQC,2025-05-13,9.2,9.25,9.19,9.2,21500
DQC,2025-05-14,9.02,9.29,9.0,9.26,24800
DQC,2025-05-15,9.07,9.35,9.07,9.3,6600
DQC,2025-05-16,9.4,9.4,9.32,9.36,14200
DQC,2025-05-19,9.36,9.91,9.36,9.7,37900
DQC,2025-05-20,9.8,10.35,9.8,10.35,47400
DQC,2025-05-21,11.05,11.05,11.05,11.05,30100
DQC,2025-05-22,11.8,11.8,11.8,11.8,35300
DQC,2025-05-23,12.6,12.6,12.6,12.6,50200
DQC,2025-05-26,13.45,13.45,11.75,12.75,170500
DQC,2025-05-27,12.1,12.8,12.1,12.25,39700
DQC,2025-05-28,12.25,12.25,11.5,11.5,49000
DQC,2025-05-29,11.5,11.75,11.5,11.75,17100
DQC,2025-05-30,11.75,11.75,11.35,11.35,11900
DQC,2025-06-02,11.05,11.35,11.0,11.25,36000
DQC,2025-06-03,11.25,11.25,11.2,11.2,13100
DQC,2025-06-04,11.5,11.5,11.2,11.4,13800
DQC,2025-06-05,11.55,12.05,11.4,11.8,20600
DQC,2025-06-06,11.8,11.8,11.6,11.8,8900
DQC,2025-06-09,11.8,11.8,11.4,11.4,13100
DQC,2025-06-10,11.15,11.3,11.1,11.1,25400
DQC,2025-06-11,11.0,11.15,10.9,11.15,7900
DQC,2025-06-12,11.15,11.4,10.95,11.4,9200
DQC,2025-06-13,11.05,11.3,11.05,11.05,2000
DQC,2025-06-16,11.45,11.45,10.9,11.25,16900
DQC,2025-06-17,11.25,11.25,10.7,11.2,21900
DQC,2025-06-18,11.2,11.2,10.75,11.2,10000
DQC,2025-06-19,11.2,11.2,11.15,11.15,1300
DQC,2025-06-20,11.25,11.25,10.85,11.1,4300
DQC,2025-06-23,11.0,11.05,10.75,10.95,10900
DQC,2025-06-24,10.95,11.0,10.9,10.95,17500
DQC,2025-06-25,10.95,10.95,10.95,10.95,2300
DQC,2025-06-26,10.95,11.0,10.8,10.8,11400
DQC,2025-06-27,10.65,10.8,10.5,10.8,15000
DQC,2025-06-30,10.6,10.9,10.55,10.7,6500
DQC,2025-07-01,10.8,10.8,10.8,10.8,800
DQC,2025-07-02,10.7,10.7,10.65,10.7,5200
DQC,2025-07-03,10.6,10.8,10.5,10.7,45800
DQC,2025-07-04,10.7,10.85,10.65,10.85,2900
DQC,2025-07-07,10.85,10.85,10.65,10.85,10000
DQC,2025-07-08,10.85,11.6,10.85,11.6,51400
DQC,2025-07-09,12.15,12.2,11.6,11.85,52300
DQC,2025-07-10,11.85,12.4,11.5,11.6,54800
DQC,2025-07-11,11.5,11.75,11.5,11.75,27000
DQC,2025-07-14,11.75,11.75,10.95,11.7,28700
DQC,2025-07-15,11.7,11.7,11.4,11.6,38400
DQC,2025-07-16,11.6,11.7,11.4,11.6,25800
DQC,2025-07-17,11.7,11.85,11.6,11.6,20200
DQC,2025-07-18,11.9,11.9,11.7,11.85,21800
DQC,2025-07-21,11.85,12.65,11.85,12.65,132100
DQC,2025-07-22,13.0,13.5,12.85,13.0,113900
DQC,2025-07-23,13.0,13.2,12.8,12.9,25700
DQC,2025-07-24,12.75,13.0,12.55,12.7,62900
DQC,2025-07-25,12.6,12.7,12.4,12.45,31200
DQC,2025-07-28,12.55,12.55,12.3,12.5,97300
DQC,2025-07-29,12.95,12.95,12.2,12.2,64900
DQC,2025-07-30,12.2,12.5,12.0,12.5,23200
DQC,2025-07-31,12.35,12.5,12.2,12.4,52300
DQC,2025-08-01,12.4,12.9,12.0,12.0,53500
DQC,2025-08-04,12.0,12.25,12.0,12.2,14100
DQC,2025-08-05,12.3,12.35,12.2,12.3,43600
DQC,2025-08-06,12.25,12.25,12.05,12.1,9300
DQC,2025-08-07,12.05,12.1,11.95,12.1,29200
DQC,2025-08-08,12.35,12.35,11.95,12.0,40600
DQC,2025-08-11,11.95,12.2,11.95,12.15,17700
DQC,2025-08-12,12.15,12.2,12.0,12.2,46900
DQC,2025-08-13,11.95,12.2,11.95,12.1,10900
DQC,2025-08-14,12.1,12.4,12.05,12.4,43300
DQC,2025-08-15,12.4,12.45,12.05,12.2,21600
DQC,2025-08-18,12.2,12.2,11.95,12.0,19200
DQC,2025-08-19,12.5,12.5,12.0,12.1,33100
DQC,2025-08-20,12.1,12.1,11.65,12.0,19800
DQC,2025-08-21,12.0,12.0,11.65,11.65,16500
DQC,2025-08-22,11.7,11.8,11.5,11.7,18700
DQC,2025-08-25,11.75,11.75,11.55,11.55,4200
DQC,2025-08-26,11.5,11.9,11.5,11.9,6100
DQC,2025-08-27,11.8,11.85,11.6,11.85,1800
DQC,2025-08-28,11.55,11.8,11.5,11.8,11500
DQC,2025-08-29,11.75,11.75,11.5,11.75,17000
DQC,2025-09-03,11.75,11.85,11.4,11.45,18200
DQC,2025-09-04,11.55,11.65,11.45,11.5,5700
DQC,2025-09-05,11.6,12.0,11.5,11.7,12500
DQC,2025-09-08,11.7,11.7,11.55,11.6,7200
DQC,2025-09-09,11.6,11.9,11.4,11.9,2400
DQC,2025-09-10,12.0,12.0,11.45,11.6,3500
DQC,2025-09-11,11.45,11.85,11.45,11.45,7500
DQC,2025-09-12,11.45,11.7,11.4,11.65,25200
DQC,2025-09-15,12.0,12.2,11.7,12.05,44400
DQC,2025-09-16,12.05,12.05,11.8,11.9,3700
DQC,2025-09-17,11.85,11.9,11.6,11.85,16200
DQC,2025-09-18,11.85,11.85,11.55,11.8,4800
DQC,2025-09-19,11.95,12.0,11.6,11.9,10000
DQC,2025-09-22,11.95,11.95,11.4,11.7,11500
DQC,2025-09-23,11.45,11.7,11.45,11.7,10900
DQC,2025-09-24,11.55,11.85,11.5,11.85,2400
DQC,2025-09-25,11.35,11.75,11.35,11.75,7700
DQC,2025-09-26,11.75,11.75,11.75,11.75,1000
DQC,2025-09-29,11.7,11.7,11.35,11.45,7900
DQC,2025-09-30,11.4,11.45,11.25,11.45,5500
DQC,2025-10-01,11.35,11.35,11.35,11.35,2400
DQC,2025-10-02,11.0,11.45,11.0,11.25,4000
DQC,2025-10-03,11.25,11.25,11.25,11.25,100
DQC,2025-10-06,11.3,11.5,10.5,11.45,7300
DQC,2025-10-07,11.0,11.4,11.0,11.4,10000
DQC,2025-10-08,10.8,11.25,10.8,11.0,2600
DQC,2025-10-09,11.15,11.5,11.15,11.5,1500
DQC,2025-10-10,11.35,11.45,11.0,11.45,22900
DQC,2025-10-13,11.05,11.4,10.65,11.4,5000
DQC,2025-10-14,11.4,11.4,11.0,11.4,10600
DQC,2025-10-15,11.2,11.35,11.0,11.05,14400
DQC,2025-10-16,10.9,11.25,10.8,11.25,1900
DQC,2025-10-17,11.25,11.25,11.0,11.15,10200
DQC,2025-10-20,11.0,11.1,10.7,10.7,9400
DQC,2025-10-21,10.5,10.7,10.4,10.7,4100
DQC,2025-10-22,10.45,10.5,10.45,10.45,900
DQC,2025-10-23,10.45,10.65,10.45,10.65,3000
DQC,2025-10-24,10.45,10.9,10.45,10.9,2000
DQC,2025-10-27,10.55,10.7,10.5,10.7,3200
DQC,2025-10-28,10.85,10.85,10.3,10.35,7000
DQC,2025-10-29,11.0,11.0,10.5,10.8,5100
DQC,2025-10-30,10.8,11.1,10.55,10.8,11900
DQC,2025-10-31,10.7,10.7,10.65,10.65,600
DQC,2025-11-03,10.5,10.5,10.4,10.4,3100
DQC,2025-11-04,10.15,10.35,10.15,10.35,200
DQC,2025-11-05,10.5,11.05,10.5,11.0,16300
DQC,2025-11-06,11.4,11.4,11.0,11.2,5200
DQC,2025-11-07,11.0,11.0,10.45,10.65,5900
DQC,2025-11-10,11.3,11.3,10.6,11.15,4400
DQC,2025-11-11,11.15,11.15,10.5,11.1,4100
DQC,2025-11-12,10.7,11.1,10.7,10.7,3700
DQC,2025-11-13,10.75,10.75,10.7,10.7,16000
DQC,2025-11-14,11.0,11.0,10.85,10.85,300
DQC,2025-11-17,10.8,10.9,10.6,10.9,13000
DQC,2025-11-18,10.55,10.9,10.5,10.9,16500
DQC,2025-11-19,10.9,10.9,10.6,10.65,3800
DQC,2025-11-20,10.9,10.9,10.9,10.9,500
DQC,2025-11-21,10.5,10.65,10.5,10.65,2000
DQC,2025-11-24,10.65,10.7,10.55,10.65,5000
DQC,2025-11-25,10.65,10.9,10.65,10.65,4100
DQC,2025-11-26,10.85,10.85,10.55,10.55,6700
DQC,2025-11-27,10.55,10.55,10.35,10.4,21200
DQC,2025-11-28,10.5,10.5,10.4,10.4,1600
DQC,2025-12-01,10.4,10.45,10.35,10.4,11800
DQC,2025-12-02,10.4,10.75,10.4,10.75,200
DQC,2025-12-03,10.4,10.7,10.4,10.45,6700
DQC,2025-12-04,10.4,10.7,10.35,10.7,6200
DQC,2025-12-05,10.65,10.8,10.4,10.8,22300
DQC,2025-12-08,10.75,10.75,10.5,10.7,12900
DQC,2025-12-09,10.5,10.5,10.4,10.5,8700
DQC,2025-12-10,10.4,10.5,10.35,10.4,6500
DQC,2025-12-11,10.5,10.5,10.2,10.2,14000
DQC,2025-12-12,10.25,10.45,10.15,10.2,8700
DQC,2025-12-15,10.15,10.45,10.1,10.45,4400
DQC,2025-12-16,10.45,10.45,10.15,10.2,2400
DQC,2025-12-17,10.25,10.25,10.2,10.2,7600
DQC,2025-12-18,10.2,10.3,10.2,10.3,4300
DQC,2025-12-19,10.3,10.3,10.3,10.3,100
DQC,2025-12-22,10.65,10.65,10.2,10.3,3600
DQC,2025-12-23,10.15,10.2,10.1,10.2,1100
DQC,2025-12-24,10.25,10.25,10.2,10.2,3400
DQC,2025-12-25,10.6,10.6,10.2,10.2,6100
DQC,2025-12-26,10.2,10.75,10.1,10.2,7600
DQC,2025-12-29,10.25,10.25,10.15,10.2,3700
DQC,2025-12-30,10.15,10.2,10.1,10.1,6900
DQC,2025-12-31,10.5,10.55,10.05,10.45,14300
DPS,2015-05-06,14.2,14.2,14.2,14.2,30400
DPS,2015-05-07,15.62,15.62,15.43,15.62,325500
DPS,2015-05-08,17.14,17.14,16.29,17.14,565100
DPS,2015-05-11,17.14,17.61,16.85,17.33,748400
DPS,2015-05-12,17.23,17.23,16.48,16.85,652400
DPS,2015-05-13,16.85,17.14,16.57,16.85,764300
DPS,2015-05-14,16.85,17.04,16.48,16.85,534400
DPS,2015-05-15,16.85,16.85,16.57,16.67,357400
DPS,2015-05-18,16.57,16.67,16.19,16.29,562800
DPS,2015-05-19,16.29,16.76,16.29,16.76,544200
DPS,2015-05-20,16.67,17.14,16.57,17.14,509100
DPS,2015-05-21,17.04,17.04,16.67,16.85,563500
DPS,2015-05-22,16.85,16.85,16.57,16.85,497400
DPS,2015-05-25,16.85,16.95,15.43,15.81,881000
DPS,2015-05-26,15.72,15.81,15.43,15.53,334800
DPS,2015-05-27,15.43,15.62,15.34,15.53,351900
DPS,2015-05-28,15.53,15.62,15.43,15.53,320400
DPS,2015-05-29,15.53,15.53,15.25,15.53,349100
DPS,2015-06-01,15.53,15.72,15.34,15.34,310800
DPS,2015-06-02,15.34,15.34,14.68,14.87,400800
DPS,2015-06-03,14.87,14.87,14.49,14.68,416900
DPS,2015-06-04,14.68,14.87,14.49,14.77,268900
DPS,2015-06-05,14.77,14.87,14.58,14.87,286300
DPS,2015-06-08,14.87,14.96,14.68,14.87,330200
DPS,2015-06-09,14.87,14.87,14.58,14.68,384000
DPS,2015-06-10,14.68,14.96,14.58,14.77,418000
DPS,2015-06-11,14.77,15.06,14.77,14.96,297600
DPS,2015-06-12,14.96,15.06,14.87,14.96,259100
DPS,2015-06-15,14.96,15.25,14.96,15.06,322900
DPS,2015-06-16,15.06,15.25,15.06,15.15,284300
DPS,2015-06-17,15.15,15.34,15.06,15.25,236200
DPS,2015-06-18,15.25,15.43,15.15,15.34,302200
DPS,2015-06-19,15.34,15.62,15.34,15.43,430900
DPS,2015-06-22,15.43,15.53,15.25,15.43,314000
DPS,2015-06-23,15.34,15.53,15.25,15.25,324400
DPS,2015-06-24,15.15,15.25,15.06,15.15,316600
DPS,2015-06-25,15.15,15.34,15.06,15.25,473300
DPS,2015-06-26,15.25,15.43,15.15,15.34,271300
DPS,2015-06-29,15.25,15.25,14.77,14.87,237400
DPS,2015-06-30,14.87,14.96,14.68,14.87,167800
DPS,2015-07-01,14.87,15.25,14.68,15.25,317200
DPS,2015-07-02,15.25,15.34,15.15,15.25,156100
DPS,2015-07-03,15.25,15.34,14.96,15.25,176300
DPS,2015-07-06,15.25,16.76,15.15,16.76,1342100
DPS,2015-07-07,16.76,18.28,16.76,17.9,1314000
DPS,2015-07-08,17.9,18.09,16.19,16.19,724900
DPS,2015-07-09,15.34,15.62,14.58,14.58,351400
DPS,2015-07-10,13.45,14.96,13.16,14.58,1592300
DPS,2015-07-13,14.58,15.06,14.49,14.96,709700
DPS,2015-07-14,14.96,15.25,13.54,13.54,630700
DPS,2015-07-15,12.78,12.88,12.22,12.4,2001900
DPS,2015-07-16,11.84,12.03,11.55,11.84,407700
DPS,2015-07-17,12.03,12.97,11.84,12.97,1356800
DPS,2015-07-20,12.97,12.97,11.74,12.59,1752200
DPS,2015-07-21,12.31,12.88,11.36,11.84,1335700
DPS,2015-07-22,11.65,12.12,11.55,11.84,662700
DPS,2015-07-23,11.84,12.31,11.55,12.03,901300
DPS,2015-07-24,11.84,12.03,10.89,10.98,1711600
DPS,2015-07-27,10.7,10.98,10.32,10.7,483300
DPS,2015-07-28,10.7,11.08,10.61,10.79,791400
DPS,2015-07-29,10.7,10.79,10.42,10.51,376900
DPS,2015-07-30,10.51,10.7,10.32,10.42,343700
DPS,2015-07-31,10.42,10.79,10.32,10.61,444700
DPS,2015-08-03,10.61,10.7,10.23,10.42,302700
DPS,2015-08-04,10.42,10.61,10.23,10.51,426300
DPS,2015-08-05,10.51,10.89,10.42,10.7,461900
DPS,2015-08-06,10.7,10.79,10.42,10.42,342800
DPS,2015-08-07,10.51,10.61,10.32,10.51,292100
DPS,2015-08-10,10.51,10.61,10.42,10.51,266200
DPS,2015-08-11,10.51,10.98,10.32,10.89,746700
DPS,2015-08-12,10.89,10.98,10.51,10.61,314500
DPS,2015-08-13,10.61,10.7,10.42,10.51,339800
DPS,2015-08-14,10.51,10.7,10.32,10.51,420800
DPS,2015-08-17,10.51,10.61,10.42,10.42,321800
DPS,2015-08-18,10.42,10.61,10.32,10.51,356600
DPS,2015-08-19,10.51,10.61,10.42,10.51,227600
DPS,2015-08-20,10.51,11.55,10.42,11.55,1493400
DPS,2015-08-21,11.55,12.5,11.36,12.22,1189900
DPS,2015-08-24,11.65,11.84,11.08,11.08,446800
DPS,2015-08-25,10.04,10.61,10.04,10.42,352100
DPS,2015-08-26,10.42,10.89,10.32,10.61,480500
DPS,2015-08-27,10.61,10.7,10.42,10.51,343700
DPS,2015-08-28,10.51,10.61,10.32,10.42,330900
DPS,2015-08-31,10.7,11.46,10.42,10.51,575700
DPS,2015-09-01,10.51,10.61,10.32,10.51,298400
DPS,2015-09-03,10.51,10.7,10.32,10.61,432400
DPS,2015-09-04,10.61,11.46,10.51,10.89,811700
DPS,2015-09-07,10.89,10.98,10.42,10.61,408400
DPS,2015-09-08,10.61,10.79,10.42,10.51,309100
DPS,2015-09-09,10.51,10.7,10.42,10.42,285600
DPS,2015-09-10,10.42,10.51,10.13,10.42,326800
DPS,2015-09-11,10.42,10.51,10.32,10.42,280000
DPS,2015-09-14,10.42,10.61,10.23,10.42,237200
DPS,2015-09-15,10.42,10.51,10.23,10.42,241600
DPS,2015-09-16,10.32,10.42,10.23,10.32,210400
DPS,2015-09-17,10.32,10.51,10.13,10.32,303700
DPS,2015-09-18,10.32,10.51,10.23,10.42,239400
DPS,2015-09-21,10.42,10.61,10.04,10.04,346600
DPS,2015-09-22,10.04,10.23,9.75,10.04,246600
DPS,2015-09-23,10.04,10.13,9.94,10.04,311400
DPS,2015-09-24,10.13,10.51,10.04,10.42,294900
DPS,2015-09-25,10.42,10.51,10.32,10.42,279200
DPS,2015-09-28,10.42,10.42,10.32,10.42,363200
DPS,2015-09-29,10.42,10.42,10.23,10.32,225900
DPS,2015-09-30,10.32,10.89,10.23,10.79,379600
DPS,2015-10-01,10.79,10.98,10.7,10.79,212400
DPS,2015-10-02,10.79,10.89,10.61,10.7,215500
DPS,2015-10-05,10.7,10.89,10.61,10.7,339200
DPS,2015-10-06,10.7,10.89,10.51,10.79,309000
DPS,2015-10-07,10.79,11.17,10.61,10.89,410700
DPS,2015-10-08,10.89,10.98,10.61,10.7,450300
DPS,2015-10-09,10.7,10.89,10.61,10.7,228200
DPS,2015-10-12,10.7,10.89,10.42,10.79,395200
DPS,2015-10-13,10.79,10.89,10.61,10.7,222200
DPS,2015-10-14,10.61,10.79,10.51,10.7,290300
DPS,2015-10-15,10.7,10.79,10.51,10.7,236300
DPS,2015-10-16,10.61,11.27,10.51,10.98,611200
DPS,2015-10-19,11.27,11.27,10.51,10.7,314200
DPS,2015-10-20,10.7,10.89,10.42,10.51,264600
DPS,2015-10-21,10.51,10.7,10.32,10.42,332800
DPS,2015-10-22,10.42,10.61,10.23,10.32,256700
DPS,2015-10-23,10.32,10.51,10.13,10.42,231100
DPS,2015-10-26,10.42,10.51,10.32,10.42,217800
DPS,2015-10-27,10.42,10.61,10.04,10.23,255200
DPS,2015-10-28,10.23,10.42,10.13,10.23,243200
DPS,2015-10-29,10.32,10.79,10.23,10.61,371000
DPS,2015-10-30,10.7,10.89,10.61,10.7,276800
DPS,2015-11-02,10.7,10.89,10.61,10.61,256000
DPS,2015-11-03,10.61,11.65,10.51,11.65,1715300
DPS,2015-11-04,11.65,12.78,11.46,12.78,1722200
DPS,2015-11-05,12.78,13.16,12.22,12.4,998400
DPS,2015-11-06,12.31,12.5,11.74,12.31,880600
DPS,2015-11-09,12.31,13.54,12.12,13.45,1570500
DPS,2015-11-10,13.45,14.77,13.07,14.77,1481400
DPS,2015-11-11,14.68,14.87,13.35,13.35,644100
DPS,2015-11-12,12.03,13.35,12.03,13.35,1525200
DPS,2015-11-13,13.35,14.68,13.16,14.68,1377900
DPS,2015-11-16,14.58,15.06,14.11,14.87,978900
DPS,2015-11-17,14.87,14.96,14.39,14.58,719200
DPS,2015-11-18,14.58,14.58,14.2,14.58,580800
DPS,2015-11-19,14.39,14.58,14.2,14.39,574800
DPS,2015-11-20,14.39,15.81,14.2,15.81,1501200
DPS,2015-11-23,15.81,16.38,15.62,16.0,791400
DPS,2015-11-24,16.0,16.19,15.62,16.0,788800
DPS,2015-11-25,15.62,16.38,15.62,16.29,737500
DPS,2015-11-26,16.29,17.52,16.1,17.04,1312000
DPS,2015-11-27,17.04,18.28,16.67,17.99,1320500
DPS,2015-11-30,17.9,17.99,16.19,16.19,667800
DPS,2015-12-01,15.62,16.19,15.06,15.53,908600
DPS,2015-12-02,15.53,15.91,15.15,15.62,522200
DPS,2015-12-03,15.53,16.19,15.34,15.91,617800
DPS,2015-12-04,15.91,16.0,15.53,15.62,256100
DPS,2015-12-07,15.62,15.72,15.25,15.34,436720
DPS,2015-12-08,15.43,15.72,15.15,15.43,437400
DPS,2015-12-09,15.43,16.95,15.25,16.95,1482500
DPS,2015-12-10,16.95,18.56,16.85,18.56,1806600
DPS,2015-12-11,18.46,19.51,18.18,19.41,1164200
DPS,2015-12-14,19.22,19.22,17.52,17.52,188800
DPS,2015-12-15,15.91,16.29,15.81,15.81,499500
DPS,2015-12-16,14.3,15.81,14.3,15.62,1314300
DPS,2015-12-17,15.43,16.0,15.25,15.91,634800
DPS,2015-12-18,15.72,15.81,14.39,14.39,1037600
DPS,2015-12-21,12.97,13.26,12.97,12.97,529500
DPS,2015-12-22,11.74,11.84,11.74,11.74,342800
DPS,2015-12-23,10.61,11.36,10.61,11.36,1514100
DPS,2015-12-24,11.36,12.31,11.08,12.22,1018600
DPS,2015-12-25,12.22,12.22,11.74,11.84,485100
DPS,2015-12-28,11.74,11.84,10.7,10.7,445610
DPS,2015-12-29,9.66,10.13,9.66,10.04,972200
DPS,2015-12-30,9.66,10.13,9.66,10.04,551800
DPS,2015-12-31,10.04,10.13,9.85,10.04,247400
DPS,2016-01-04,10.04,10.7,9.75,10.61,742000
DPS,2016-01-05,10.61,10.7,10.32,10.61,239100
DPS,2016-01-06,10.61,10.7,10.42,10.61,351940
DPS,2016-01-07,10.51,10.61,10.32,10.51,374000
DPS,2016-01-08,10.51,10.51,10.32,10.51,419700
DPS,2016-01-11,10.51,10.61,10.32,10.51,518000
DPS,2016-01-12,10.51,11.55,10.32,11.55,1067800
DPS,2016-01-13,11.36,12.4,11.17,12.22,973400
DPS,2016-01-14,12.22,12.31,11.08,11.08,551100
DPS,2016-01-15,10.04,10.32,10.04,10.04,589700
DPS,2016-01-18,9.09,9.66,9.09,9.66,891070
DPS,2016-01-19,9.66,10.13,9.47,10.04,710400
DPS,2016-01-20,9.94,10.04,9.09,9.66,728000
DPS,2016-01-21,9.56,9.75,9.28,9.37,413500
DPS,2016-01-22,9.37,9.56,9.09,9.28,731600
DPS,2016-01-25,9.28,9.66,9.28,9.37,650000
DPS,2016-01-26,9.28,9.37,9.09,9.28,840200
DPS,2016-01-27,9.28,9.56,9.18,9.37,567700
DPS,2016-01-28,9.28,9.47,9.18,9.37,283900
DPS,2016-01-29,9.28,9.47,9.18,9.28,327410
DPS,2016-02-01,9.28,9.37,9.09,9.28,314300
DPS,2016-02-02,9.18,9.28,9.09,9.28,192300
DPS,2016-02-03,9.28,9.28,9.09,9.28,181000
DPS,2016-02-04,9.28,9.28,9.09,9.28,346500
DPS,2016-02-05,9.18,9.37,9.09,9.28,406800
DPS,2016-02-15,9.28,9.37,9.09,9.18,267700
DPS,2016-02-16,9.18,9.47,9.09,9.37,258710
DPS,2016-02-17,9.28,9.47,9.18,9.28,363300
DPS,2016-02-18,9.28,9.37,9.09,9.28,212700
DPS,2016-02-19,9.28,9.47,9.18,9.28,227000
DPS,2016-02-22,9.37,9.47,9.28,9.37,294100
DPS,2016-02-23,9.47,9.47,9.18,9.28,261097
DPS,2016-02-24,9.28,9.47,9.18,9.28,232200
DPS,2016-02-25,9.37,9.47,9.18,9.28,325200
DPS,2016-02-26,9.37,9.47,9.18,9.28,443820
DPS,2016-02-29,9.28,10.13,9.18,10.13,1591013
DPS,2016-03-01,11.08,11.08,10.13,11.08,1942500
DPS,2016-03-02,11.08,11.55,10.51,11.36,1489600
DPS,2016-03-03,10.98,10.98,10.23,10.23,511413
DPS,2016-03-04,9.28,9.66,9.28,9.28,1795800
DPS,2016-03-07,9.28,9.28,8.43,8.43,606300
DPS,2016-03-08,8.33,8.52,7.67,8.43,2167800
DPS,2016-03-09,8.43,8.81,7.67,7.67,1464000
DPS,2016-03-10,8.05,8.05,6.91,7.29,865200
DPS,2016-03-11,7.1,7.1,6.63,6.63,1460303
DPS,2016-03-14,6.44,6.53,5.97,5.97,925400
DPS,2016-03-15,5.87,6.53,5.49,6.53,1355900
DPS,2016-03-16,5.97,6.91,5.97,6.53,290200
DPS,2016-03-17,6.53,6.91,6.34,6.91,811500
DPS,2016-03-18,6.63,6.91,6.63,6.63,607100
DPS,2016-03-21,6.53,6.63,6.44,6.44,355300
DPS,2016-03-22,6.34,6.34,5.97,6.06,452600
DPS,2016-03-23,6.06,6.25,6.06,6.25,376900
DPS,2016-03-24,6.15,6.25,6.06,6.06,281300
DPS,2016-03-25,6.06,6.15,5.68,5.97,259600
DPS,2016-03-28,6.06,6.25,6.06,6.25,175100
DPS,2016-03-29,6.34,6.44,6.15,6.15,224600
DPS,2016-03-30,6.15,6.44,6.15,6.44,149900
DPS,2016-03-31,6.44,6.44,6.25,6.25,192300
DPS,2016-04-01,6.25,6.25,6.15,6.15,159700
DPS,2016-04-04,6.15,6.25,6.06,6.06,126400
DPS,2016-04-05,6.06,6.25,6.06,6.25,163000
DPS,2016-04-06,6.25,6.34,6.06,6.15,200500
DPS,2016-04-07,6.15,6.25,6.06,6.25,193600
DPS,2016-04-08,6.15,6.34,6.15,6.15,171400
DPS,2016-04-11,6.25,6.25,6.15,6.15,195900
DPS,2016-04-12,6.25,6.34,6.15,6.25,98800
DPS,2016-04-13,6.34,6.34,6.06,6.25,135200
DPS,2016-04-14,6.25,6.25,6.15,6.15,121600
DPS,2016-04-15,6.25,6.44,6.15,6.25,242400
DPS,2016-04-19,6.25,6.82,6.25,6.82,374900
DPS,2016-04-20,6.82,6.91,6.34,6.44,169100
DPS,2016-04-21,6.53,6.82,6.25,6.25,248200
DPS,2016-04-22,6.25,6.34,6.25,6.34,158000
DPS,2016-04-25,6.44,6.53,6.34,6.34,168800
DPS,2016-04-26,6.53,6.82,6.53,6.53,350920
DPS,2016-04-27,6.53,6.72,6.53,6.53,143800
DPS,2016-04-28,6.53,6.63,6.53,6.53,116400
DPS,2016-04-29,6.53,6.63,6.53,6.53,106800
DPS,2016-05-04,6.53,7.1,6.44,7.01,323400
DPS,2016-05-05,7.01,7.58,7.01,7.58,548500
DPS,2016-05-06,7.58,7.67,7.29,7.29,385700
DPS,2016-05-09,7.29,7.76,7.29,7.29,275720
DPS,2016-05-10,7.29,7.48,7.29,7.48,174800
DPS,2016-05-11,7.58,7.58,7.39,7.39,159200
DPS,2016-05-12,7.48,7.58,7.39,7.39,189100
DPS,2016-05-13,7.48,7.48,7.39,7.48,220600
DPS,2016-05-16,7.48,7.48,7.29,7.29,212603
DPS,2016-05-17,7.29,7.39,7.2,7.2,202600
DPS,2016-05-18,7.01,7.2,6.91,6.91,362300
DPS,2016-05-19,6.82,7.2,6.82,6.91,156600
DPS,2016-05-20,6.91,7.1,6.91,7.1,194100
DPS,2016-05-23,7.2,7.2,7.01,7.2,145900
DPS,2016-05-24,7.2,7.58,7.2,7.29,235700
DPS,2016-05-25,7.29,7.48,7.29,7.39,193900
DPS,2016-05-26,7.29,7.39,6.72,6.91,201700
DPS,2016-05-27,7.01,7.48,6.91,7.29,298100
DPS,2016-05-30,7.29,7.39,7.01,7.01,179600
DPS,2016-05-31,7.01,7.2,6.91,7.1,206600
DPS,2016-06-01,7.1,7.1,7.01,7.1,190500
DPS,2016-06-02,7.1,7.1,6.91,6.91,217500
DPS,2016-06-03,7.01,7.1,7.01,7.1,154200
DPS,2016-06-06,7.1,7.1,7.01,7.1,141100
DPS,2016-06-07,7.1,7.29,7.1,7.1,99100
DPS,2016-06-08,7.01,7.29,7.01,7.2,207700
DPS,2016-06-09,7.1,7.1,7.1,7.1,184100
DPS,2016-06-10,7.1,7.1,7.01,7.01,207400
DPS,2016-06-13,7.01,7.1,6.91,7.1,215200
DPS,2016-06-14,7.01,7.1,6.91,6.91,319300
DPS,2016-06-15,7.01,7.1,6.91,7.01,320900
DPS,2016-06-16,7.01,7.1,6.91,6.91,223000
DPS,2016-06-17,7.01,7.01,6.82,6.91,194900
DPS,2016-06-20,6.91,7.2,6.91,6.91,270200
DPS,2016-06-21,7.01,7.01,6.82,6.91,157600
DPS,2016-06-22,6.91,7.01,6.72,6.91,237800
DPS,2016-06-23,6.91,6.91,6.72,6.82,173000
DPS,2016-06-24,6.82,6.82,6.15,6.72,368100
DPS,2016-06-27,6.53,6.63,6.25,6.63,199800
DPS,2016-06-28,6.53,6.53,5.97,6.53,269600
DPS,2016-06-29,6.53,6.72,6.44,6.63,326300
DPS,2016-06-30,6.63,6.72,6.53,6.72,319700
DPS,2016-07-01,6.63,6.72,6.53,6.63,325500
DPS,2016-07-04,6.63,6.82,6.63,6.82,296900
DPS,2016-07-05,6.82,7.01,6.82,6.91,302900
DPS,2016-07-06,6.82,7.01,6.82,6.91,162700
DPS,2016-07-07,6.91,7.01,6.82,7.01,226600
DPS,2016-07-08,7.01,7.1,6.82,6.82,433100
DPS,2016-07-11,6.72,6.91,6.63,6.72,423500
DPS,2016-07-12,6.63,6.82,6.44,6.53,356300
DPS,2016-07-13,6.72,7.1,6.63,7.1,720400
DPS,2016-07-14,7.1,7.39,6.91,6.91,397300
DPS,2016-07-15,6.91,7.01,6.72,6.91,331500
DPS,2016-07-18,6.91,7.2,6.91,7.2,371700
DPS,2016-07-19,7.2,7.39,6.82,6.82,414700
DPS,2016-07-20,6.82,6.91,6.72,6.72,419300
DPS,2016-07-21,6.82,7.1,6.72,7.01,308800
DPS,2016-07-22,6.82,6.91,6.72,6.82,440000
DPS,2016-07-25,6.82,6.91,6.72,6.72,360500
DPS,2016-07-26,6.82,6.91,6.63,6.63,391000
DPS,2016-07-27,6.63,6.72,6.44,6.53,473900
DPS,2016-07-28,6.53,6.53,6.34,6.34,423000
DPS,2016-07-29,6.44,6.53,6.34,6.34,307200
DPS,2016-08-01,6.44,6.44,6.34,6.34,318000
DPS,2016-08-02,6.44,6.44,6.15,6.25,487100
DPS,2016-08-03,6.25,6.34,6.15,6.25,333100
DPS,2016-08-04,6.25,6.34,6.15,6.25,418200
DPS,2016-08-05,6.15,6.34,6.15,6.15,761300
DPS,2016-08-08,6.25,6.44,6.25,6.34,870300
DPS,2016-08-09,6.34,6.44,6.25,6.34,715400
DPS,2016-08-10,6.34,6.44,6.25,6.44,904000
DPS,2016-08-11,6.44,6.53,6.34,6.44,653900
DPS,2016-08-12,6.44,6.53,6.34,6.53,566200
DPS,2016-08-15,6.53,6.63,6.44,6.63,530300
DPS,2016-08-16,6.63,6.72,6.44,6.53,674520
DPS,2016-08-17,6.53,6.53,6.44,6.53,526200
DPS,2016-08-18,6.53,6.53,6.15,6.34,574700
DPS,2016-08-19,6.34,6.44,6.25,6.25,347200
DPS,2016-08-22,6.34,6.44,6.25,6.44,1384600
DPS,2016-08-23,6.44,6.53,6.34,6.44,2392900
DPS,2016-08-24,6.44,6.53,6.34,6.53,469900
DPS,2016-08-25,6.53,6.53,6.25,6.44,681800
DPS,2016-08-26,6.34,6.44,6.34,6.34,572800
DPS,2016-08-29,6.34,6.44,6.34,6.34,1628200
DPS,2016-08-30,6.34,6.34,6.15,6.15,948700
DPS,2016-08-31,6.25,6.44,6.06,6.34,534800
DPS,2016-09-01,6.34,6.44,6.25,6.34,345300
DPS,2016-09-05,6.34,6.44,6.06,6.06,530100
DPS,2016-09-06,6.25,6.34,6.06,6.34,568300
DPS,2016-09-07,6.34,6.34,6.15,6.25,460300
DPS,2016-09-08,6.25,6.34,6.15,6.25,956500
DPS,2016-09-09,6.25,6.34,6.15,6.34,845700
DPS,2016-09-12,6.34,6.44,6.06,6.06,1216300
DPS,2016-09-13,6.25,6.34,6.06,6.25,603700
DPS,2016-09-14,6.15,6.25,5.97,6.25,608300
DPS,2016-09-15,6.25,6.34,5.87,6.25,627300
DPS,2016-09-16,6.25,6.25,6.06,6.15,683800
DPS,2016-09-19,6.15,6.15,5.97,6.06,1308000
DPS,2016-09-20,6.15,6.15,5.97,6.15,533800
DPS,2016-09-21,6.06,6.15,5.59,5.59,761900
DPS,2016-09-22,5.59,6.06,5.11,5.87,913900
DPS,2016-09-23,5.87,5.97,5.78,5.87,1029000
DPS,2016-09-26,5.78,5.87,5.68,5.78,752100
DPS,2016-09-27,5.87,5.87,5.68,5.78,721600
DPS,2016-09-28,5.78,6.06,5.59,6.06,435000
DPS,2016-09-29,6.06,6.06,5.68,5.97,408600
DPS,2016-09-30,5.97,5.97,5.87,5.97,1024000
DPS,2016-10-03,5.97,5.97,5.59,5.78,531400
DPS,2016-10-04,5.68,5.68,5.21,5.21,301800
DPS,2016-10-05,4.73,4.73,4.73,4.73,50704
DPS,2016-10-06,4.26,4.26,4.26,4.26,17000
DPS,2016-10-07,3.88,3.88,3.88,3.88,7800
DPS,2016-10-10,3.5,4.17,3.5,4.17,1907306
DPS,2016-10-11,3.79,3.79,3.79,3.79,531500
DPS,2016-10-12,3.41,3.41,3.41,3.41,105500
DPS,2016-10-13,3.12,3.12,3.12,3.12,585000
DPS,2016-10-14,2.84,2.84,2.84,2.84,64700
DPS,2016-10-17,2.56,2.56,2.56,2.56,269400
DPS,2016-10-18,2.37,2.75,2.37,2.75,5952000
DPS,2016-10-19,2.94,2.94,2.84,2.94,159704
DPS,2016-10-20,3.22,3.22,3.12,3.22,682700
DPS,2016-10-21,2.94,3.12,2.94,2.94,700400
DPS,2016-10-24,2.65,2.94,2.65,2.65,1777904
DPS,2016-10-25,2.75,2.84,2.56,2.75,1134800
DPS,2016-10-26,2.65,2.75,2.56,2.65,287900
DPS,2016-10-27,2.56,2.65,2.46,2.65,141000
DPS,2016-10-28,2.65,2.65,2.46,2.46,630400
DPS,2016-10-31,2.7,2.7,2.5,2.7,222206
DPS,2016-11-01,2.7,2.8,2.5,2.7,282800
DPS,2016-11-02,2.7,2.8,2.5,2.8,1292300
DPS,2016-11-03,2.6,2.7,2.6,2.6,244400
DPS,2016-11-04,2.4,2.6,2.4,2.5,184710
DPS,2016-11-07,2.5,2.5,2.4,2.4,332820
DPS,2016-11-08,2.4,2.6,2.4,2.5,197976
DPS,2016-11-09,2.5,2.5,2.3,2.3,690210
DPS,2016-11-10,2.3,2.4,2.3,2.4,284700
DPS,2016-11-11,2.4,2.6,2.4,2.6,650400
DPS,2016-11-14,2.6,2.6,2.4,2.5,261200
DPS,2016-11-15,2.5,2.5,2.4,2.5,180200
DPS,2016-11-16,2.4,2.5,2.4,2.5,206400
DPS,2016-11-17,2.4,2.5,2.3,2.4,227300
DPS,2016-11-18,2.4,2.5,2.4,2.4,540500
DPS,2016-11-21,2.4,2.6,2.4,2.5,415300
DPS,2016-11-22,2.4,2.5,2.4,2.4,253300
DPS,2016-11-23,2.4,2.5,2.4,2.5,90300
DPS,2016-11-24,2.5,2.6,2.4,2.5,376500
DPS,2016-11-25,2.5,2.6,2.5,2.6,62880
DPS,2016-11-28,2.6,2.7,2.5,2.7,468200
DPS,2016-11-29,2.7,2.7,2.5,2.6,273200
DPS,2016-11-30,2.5,2.6,2.5,2.5,188900
DPS,2016-12-01,2.5,2.6,2.4,2.6,164200
DPS,2016-12-02,2.6,2.6,2.5,2.5,216400
DPS,2016-12-05,2.5,2.5,2.5,2.5,168600
DPS,2016-12-06,2.5,2.7,2.5,2.7,1133500
DPS,2016-12-07,2.8,2.9,2.6,2.7,974200
DPS,2016-12-08,2.7,2.7,2.6,2.7,278200
DPS,2016-12-09,2.7,2.7,2.5,2.6,711400
DPS,2016-12-12,2.5,2.5,2.4,2.4,744700
DPS,2016-12-13,2.4,2.4,2.2,2.3,706800
DPS,2016-12-14,2.2,2.4,2.2,2.4,275700
DPS,2016-12-15,2.5,2.6,2.3,2.4,779200
DPS,2016-12-16,2.3,2.4,2.3,2.4,184400
DPS,2016-12-19,2.4,2.4,2.3,2.4,115230
DPS,2016-12-20,2.3,2.5,2.3,2.5,603900
DPS,2016-12-21,2.5,2.5,2.4,2.4,231200
DPS,2016-12-22,2.4,2.4,2.3,2.4,54500
DPS,2016-12-23,2.4,2.4,2.2,2.4,177900
DPS,2016-12-26,2.3,2.4,2.2,2.4,423900
DPS,2016-12-27,2.2,2.4,2.2,2.2,369900
DPS,2016-12-28,2.2,2.3,2.2,2.2,60300
DPS,2016-12-29,2.3,2.3,2.2,2.2,37204
DPS,2016-12-30,2.2,2.2,2.1,2.2,112306
DPS,2017-01-03,2.2,2.2,2.1,2.2,83700
DPS,2017-01-04,2.2,2.2,2.1,2.1,514100
DPS,2017-01-05,2.0,2.1,1.9,2.1,634740
DPS,2017-01-06,2.0,2.1,2.0,2.0,630369
DPS,2017-01-09,2.0,2.1,2.0,2.0,72374
DPS,2017-01-10,2.1,2.1,2.0,2.1,229737
DPS,2017-01-11,2.0,2.1,1.9,1.9,568434
DPS,2017-01-12,2.0,2.0,1.8,1.8,327289
DPS,2017-01-13,1.8,1.9,1.8,1.9,360269
DPS,2017-01-16,1.9,2.0,1.8,1.8,145800
DPS,2017-01-17,1.9,1.9,1.8,1.9,239240
DPS,2017-01-18,1.9,1.9,1.8,1.8,53787
DPS,2017-01-19,1.8,1.9,1.7,1.8,355744
DPS,2017-01-20,1.7,1.8,1.7,1.7,272876
DPS,2017-01-23,1.7,1.8,1.6,1.6,728900
DPS,2017-01-24,1.6,1.7,1.6,1.7,231456
DPS,2017-01-25,1.8,1.8,1.7,1.8,219470
DPS,2017-02-02,1.8,1.8,1.7,1.7,182600
DPS,2017-02-03,1.7,1.8,1.6,1.7,156100
DPS,2017-02-06,1.7,1.8,1.7,1.8,330643
DPS,2017-02-07,1.9,1.9,1.8,1.8,385296
DPS,2017-02-08,1.8,1.9,1.8,1.9,135158
DPS,2017-02-09,1.9,2.0,1.9,2.0,517877
DPS,2017-02-10,2.2,2.2,2.0,2.1,945453
DPS,2017-02-13,2.1,2.1,2.0,2.1,337440
DPS,2017-02-14,2.0,2.1,2.0,2.1,473822
DPS,2017-02-15,2.1,2.2,2.0,2.1,430610
DPS,2017-02-16,2.1,2.3,2.1,2.3,1000252
DPS,2017-02-17,2.3,2.5,2.3,2.5,983643
DPS,2017-02-20,2.5,2.7,2.5,2.7,707304
DPS,2017-02-21,2.7,2.7,2.5,2.5,1132343
DPS,2017-02-22,2.4,2.5,2.3,2.3,949376
DPS,2017-02-23,2.3,2.5,2.2,2.5,414042
DPS,2017-02-24,2.4,2.6,2.4,2.6,864070
DPS,2017-02-27,2.5,2.7,2.4,2.6,1151816
DPS,2017-02-28,2.6,2.8,2.6,2.8,2119872
DPS,2017-03-01,3.0,3.0,2.8,3.0,875909
DPS,2017-03-02,3.3,3.3,3.2,3.3,1211996
DPS,2017-03-03,3.5,3.5,3.0,3.0,2458824
DPS,2017-03-06,2.9,2.9,2.7,2.8,589948
DPS,2017-03-07,2.7,2.9,2.7,2.8,704157
DPS,2017-03-08,2.8,3.0,2.8,2.9,302531
DPS,2017-03-09,2.9,2.9,2.7,2.8,521122
DPS,2017-03-10,2.7,2.8,2.7,2.7,353886
DPS,2017-03-13,2.7,2.7,2.5,2.5,361804
DPS,2017-03-14,2.5,2.7,2.5,2.7,379766
DPS,2017-03-15,2.8,2.9,2.8,2.9,677024
DPS,2017-03-16,2.8,2.9,2.7,2.8,398910
DPS,2017-03-17,2.7,2.9,2.7,2.9,320115
DPS,2017-03-20,2.8,2.9,2.7,2.7,261411
DPS,2017-03-21,2.7,2.8,2.6,2.7,270908
DPS,2017-03-22,2.7,2.8,2.6,2.6,367111
DPS,2017-03-23,2.7,2.7,2.6,2.7,92700
DPS,2017-03-24,2.7,2.8,2.6,2.8,241271
DPS,2017-03-27,2.7,2.8,2.6,2.7,180134
DPS,2017-03-28,2.7,2.7,2.6,2.6,286012
DPS,2017-03-29,2.7,2.7,2.6,2.7,14591
DPS,2017-03-30,2.7,2.7,2.6,2.7,195104
DPS,2017-03-31,2.7,2.7,2.5,2.6,182609
DPS,2017-04-03,2.6,2.7,2.5,2.5,461140
DPS,2017-04-04,2.6,2.7,2.6,2.7,294477
DPS,2017-04-05,2.7,2.8,2.7,2.8,301911
DPS,2017-04-07,2.7,2.8,2.7,2.8,325584
DPS,2017-04-10,2.8,3.0,2.8,3.0,848762
DPS,2017-04-11,3.0,3.1,2.9,2.9,719418
DPS,2017-04-12,3.0,3.0,2.8,2.9,579580
DPS,2017-04-13,2.9,2.9,2.7,2.7,341700
DPS,2017-04-14,2.6,2.7,2.6,2.6,207268
DPS,2017-04-17,2.6,2.7,2.6,2.7,212900
DPS,2017-04-18,2.6,2.6,2.6,2.6,109000
DPS,2017-04-19,2.7,2.7,2.6,2.6,14610
DPS,2017-04-20,2.6,2.7,2.6,2.6,93500
DPS,2017-04-21,2.6,2.6,2.5,2.5,59700
DPS,2017-04-24,2.6,2.7,2.5,2.5,272990
DPS,2017-04-25,2.6,2.6,2.5,2.5,318500
DPS,2017-04-26,2.6,2.7,2.6,2.7,30300
DPS,2017-04-27,2.7,2.7,2.6,2.7,5249
DPS,2017-04-28,2.6,2.7,2.6,2.6,114200
DPS,2017-05-03,2.6,2.6,2.6,2.6,73600
DPS,2017-05-04,2.6,2.6,2.5,2.5,128502
DPS,2017-05-05,2.5,2.7,2.5,2.6,72250
DPS,2017-05-08,2.6,2.7,2.6,2.7,27390
DPS,2017-05-09,2.7,2.8,2.7,2.7,324673
DPS,2017-05-10,2.7,2.7,2.6,2.7,221794
DPS,2017-05-11,2.7,2.8,2.6,2.8,269700
DPS,2017-05-12,2.8,2.8,2.7,2.7,132111
DPS,2017-05-15,2.7,2.8,2.7,2.7,131885
DPS,2017-05-16,2.8,2.9,2.8,2.8,141281
DPS,2017-05-17,2.8,2.9,2.7,2.7,85928
DPS,2017-05-18,2.7,2.8,2.7,2.7,140622
DPS,2017-05-19,2.7,2.7,2.6,2.7,92700
DPS,2017-05-22,2.7,2.7,2.7,2.7,320600
DPS,2017-05-23,2.7,2.8,2.6,2.7,302010
DPS,2017-05-24,2.7,2.9,2.7,2.9,389296
DPS,2017-05-25,3.0,3.1,2.9,2.9,469600
DPS,2017-05-26,2.9,3.0,2.8,2.8,312850
DPS,2017-05-29,2.8,2.9,2.8,2.9,208253
DPS,2017-05-30,2.9,2.9,2.7,2.9,114655
DPS,2017-05-31,2.8,2.9,2.8,2.8,205572
DPS,2017-06-01,2.8,2.9,2.8,2.9,450300
DPS,2017-06-02,2.9,2.9,2.8,2.8,161400
DPS,2017-06-05,2.8,2.9,2.8,2.9,80978
DPS,2017-06-06,2.9,2.9,2.8,2.9,34544
DPS,2017-06-07,2.8,2.9,2.8,2.9,86721
DPS,2017-06-08,2.9,2.9,2.7,2.8,296454
DPS,2017-06-09,2.8,2.8,2.6,2.8,408156
DPS,2017-06-12,2.7,2.7,2.6,2.7,576511
DPS,2017-06-13,2.7,2.8,2.5,2.8,1308860
DPS,2017-06-14,2.7,2.8,2.7,2.7,86507
DPS,2017-06-15,2.7,2.7,2.6,2.6,69500
DPS,2017-06-16,2.6,2.8,2.5,2.6,502949
DPS,2017-06-19,2.7,2.8,2.7,2.8,248020
DPS,2017-06-20,2.8,2.8,2.7,2.8,339050
DPS,2017-06-21,2.8,3.0,2.8,3.0,1634000
DPS,2017-06-22,3.3,3.3,3.0,3.2,783754
DPS,2017-06-23,3.2,3.2,3.0,3.1,351796
DPS,2017-06-26,3.0,3.0,2.8,2.8,561730
DPS,2017-06-27,2.8,2.8,2.6,2.8,260338
DPS,2017-06-28,2.7,2.8,2.7,2.7,112500
DPS,2017-06-29,2.7,2.8,2.6,2.7,263177
DPS,2017-06-30,2.7,2.7,2.6,2.7,190080
DPS,2017-07-03,2.6,2.7,2.6,2.6,423002
DPS,2017-07-04,2.6,2.8,2.6,2.7,269950
DPS,2017-07-05,2.8,2.9,2.7,2.9,712111
DPS,2017-07-06,2.9,2.9,2.8,2.8,486920
DPS,2017-07-07,2.8,2.9,2.8,2.8,448372
DPS,2017-07-10,2.8,3.0,2.8,2.9,1746358
DPS,2017-07-11,2.9,3.0,2.8,2.8,294200
DPS,2017-07-12,2.8,2.9,2.7,2.8,592700
DPS,2017-07-13,2.8,2.9,2.8,2.9,352361
DPS,2017-07-14,2.9,2.9,2.8,2.9,615505
DPS,2017-07-17,2.9,3.1,2.9,3.1,1361198
DPS,2017-07-18,3.1,3.1,2.9,3.1,627780
DPS,2017-07-19,3.0,3.3,3.0,3.2,1681020
DPS,2017-07-20,3.1,3.2,3.0,3.1,837575
DPS,2017-07-21,3.0,3.1,2.9,2.9,659370
DPS,2017-07-24,2.9,3.0,2.8,3.0,771102
DPS,2017-07-25,3.0,3.1,3.0,3.1,618179
DPS,2017-07-26,3.1,3.2,3.0,3.1,776930
DPS,2017-07-27,3.1,3.4,3.1,3.4,2744857
DPS,2017-07-28,3.6,3.7,3.4,3.7,2010209
DPS,2017-07-31,4.0,4.0,3.5,3.6,1324411
DPS,2017-08-01,3.6,3.6,3.3,3.4,1916243
DPS,2017-08-02,3.3,3.6,3.2,3.5,1084164
DPS,2017-08-03,3.5,3.8,3.5,3.7,858970
DPS,2017-08-04,3.7,3.7,3.5,3.5,841900
DPS,2017-08-07,3.5,3.7,3.4,3.6,1560661
DPS,2017-08-08,3.5,3.6,3.4,3.4,1289010
DPS,2017-08-09,3.5,3.6,3.3,3.5,736200
DPS,2017-08-10,3.5,3.5,3.2,3.3,725209
DPS,2017-08-11,3.3,3.4,3.2,3.2,398100
DPS,2017-08-14,3.2,3.3,3.1,3.3,400600
DPS,2017-08-15,3.3,3.3,3.1,3.2,490117
DPS,2017-08-16,3.2,3.2,3.0,3.2,244641
DPS,2017-08-17,3.1,3.2,3.0,3.1,264150
DPS,2017-08-18,3.1,3.2,2.9,3.1,349455
DPS,2017-08-21,3.1,3.2,3.1,3.2,284161
DPS,2017-08-22,3.2,3.3,3.1,3.2,296800
DPS,2017-08-23,3.2,3.2,3.0,3.2,177000
DPS,2017-08-24,3.2,3.2,3.0,3.1,234804
DPS,2017-08-25,3.1,3.2,3.0,3.1,372236
DPS,2017-08-28,3.1,3.2,3.0,3.1,516920
DPS,2017-08-29,3.1,3.2,3.0,3.0,221884
DPS,2017-08-30,3.1,3.2,3.0,3.1,276048
DPS,2017-08-31,3.1,3.2,3.0,3.0,94510
DPS,2017-09-01,3.0,3.1,2.9,3.0,534800
DPS,2017-09-05,3.0,3.0,2.9,2.9,216500
DPS,2017-09-06,2.9,3.0,2.9,3.0,169699
DPS,2017-09-07,3.0,3.0,2.8,3.0,528400
DPS,2017-09-08,2.9,3.1,2.9,3.0,251800
DPS,2017-09-11,2.9,3.0,2.8,2.8,428000
DPS,2017-09-12,2.8,2.9,2.8,2.8,437400
DPS,2017-09-13,2.9,3.0,2.8,3.0,439483
DPS,2017-09-14,3.0,3.1,2.9,2.9,341610
DPS,2017-09-15,3.0,3.0,2.8,2.9,362876
DPS,2017-09-18,2.9,3.0,2.8,3.0,69181
DPS,2017-09-19,3.0,3.2,2.9,3.0,701800
DPS,2017-09-20,3.1,3.2,3.0,3.0,241631
DPS,2017-09-21,3.1,3.2,3.0,3.2,329616
DPS,2017-09-22,3.2,3.2,3.0,3.1,107538
DPS,2017-09-25,3.0,3.1,3.0,3.0,189100
DPS,2017-09-26,3.1,3.1,2.9,3.0,139127
DPS,2017-09-27,2.9,3.0,2.9,2.9,341704
DPS,2017-09-28,3.0,3.0,2.9,2.9,261600
DPS,2017-09-29,3.0,3.0,2.8,2.8,261800
DPS,2017-10-02,2.9,2.9,2.7,2.8,164127
DPS,2017-10-03,2.8,2.9,2.7,2.7,147300
DPS,2017-10-04,2.7,2.8,2.6,2.8,277700
DPS,2017-10-05,2.7,2.8,2.6,2.6,947433
DPS,2017-10-06,2.7,2.8,2.6,2.8,366500
DPS,2017-10-09,2.8,2.9,2.6,2.6,246300
DPS,2017-10-10,2.7,2.8,2.6,2.7,350276
DPS,2017-10-11,2.6,2.7,2.6,2.7,104700
DPS,2017-10-12,2.7,2.7,2.6,2.7,293186
DPS,2017-10-13,2.7,2.7,2.6,2.6,154506
DPS,2017-10-16,2.7,2.7,2.5,2.7,116220
DPS,2017-10-17,2.6,2.7,2.5,2.6,161241
DPS,2017-10-18,2.6,2.8,2.5,2.7,478500
DPS,2017-10-19,2.6,2.7,2.6,2.7,34800
DPS,2017-10-20,2.6,2.7,2.6,2.6,88900
DPS,2017-10-23,2.6,2.7,2.5,2.5,250100
DPS,2017-10-24,2.4,2.5,2.3,2.4,261200
DPS,2017-10-25,2.3,2.5,2.3,2.3,230940
DPS,2017-10-26,2.3,2.4,2.2,2.2,238300
DPS,2017-10-27,2.2,2.3,2.2,2.3,66500
DPS,2017-10-30,2.5,2.5,2.2,2.2,259900
DPS,2017-10-31,2.4,2.4,2.2,2.2,163465
DPS,2017-11-01,2.3,2.3,2.1,2.1,333100
DPS,2017-11-02,2.2,2.2,2.0,2.0,131045
DPS,2017-11-03,2.1,2.1,2.0,2.1,89310
DPS,2017-11-06,2.1,2.1,2.0,2.1,58415
DPS,2017-11-07,2.1,2.1,2.0,2.1,161600
DPS,2017-11-08,2.0,2.1,2.0,2.0,120500
DPS,2017-11-09,2.1,2.2,2.0,2.1,251750
DPS,2017-11-10,2.1,2.2,2.0,2.1,205400
DPS,2017-11-13,2.2,2.2,2.0,2.1,390000
DPS,2017-11-14,2.1,2.1,1.9,2.0,170120
DPS,2017-11-15,2.0,2.0,1.9,1.9,430600
DPS,2017-11-16,1.9,2.0,1.8,2.0,327190
DPS,2017-11-17,2.0,2.1,1.9,2.0,485310
DPS,2017-11-20,2.0,2.0,1.9,1.9,316400
DPS,2017-11-21,2.0,2.0,1.8,2.0,719800
DPS,2017-11-22,1.9,2.0,1.9,2.0,286900
DPS,2017-11-23,2.0,2.1,1.9,2.0,526000
DPS,2017-11-24,2.0,2.2,1.9,2.2,795170
DPS,2017-11-27,2.2,2.3,2.1,2.2,402420
DPS,2017-11-28,2.2,2.4,2.1,2.3,942600
DPS,2017-11-29,2.4,2.4,2.1,2.1,406200
DPS,2017-11-30,2.2,2.3,2.2,2.3,437300
DPS,2017-12-01,2.3,2.3,2.2,2.3,295420
DPS,2017-12-04,2.3,2.4,2.2,2.3,309300
DPS,2017-12-05,2.4,2.4,2.2,2.2,288800
DPS,2017-12-06,2.3,2.3,2.1,2.2,742300
DPS,2017-12-07,2.1,2.3,2.1,2.1,149910
DPS,2017-12-08,2.2,2.3,2.1,2.3,226925
DPS,2017-12-11,2.2,2.3,2.1,2.2,119700
DPS,2017-12-12,2.1,2.2,2.0,2.1,497500
DPS,2017-12-13,2.2,2.2,2.1,2.1,133100
DPS,2017-12-14,2.1,2.2,2.1,2.2,233550
DPS,2017-12-15,2.2,2.2,2.1,2.1,209950
DPS,2017-12-18,2.2,2.2,2.1,2.2,253600
DPS,2017-12-19,2.1,2.2,2.0,2.0,305300
DPS,2017-12-20,2.0,2.2,2.0,2.1,283730
DPS,2017-12-21,2.1,2.2,2.0,2.1,163010
DPS,2017-12-22,2.1,2.2,2.1,2.1,141850
DPS,2017-12-25,2.0,2.2,2.0,2.1,66230
DPS,2017-12-26,2.2,2.2,2.0,2.1,109400
DPS,2017-12-27,2.1,2.1,2.0,2.1,89900
DPS,2017-12-28,2.1,2.1,2.0,2.1,81689
DPS,2017-12-29,2.0,2.1,2.0,2.1,60381
DPS,2018-01-02,2.1,2.2,2.0,2.0,226100
DPS,2018-01-03,2.1,2.2,2.0,2.1,322916
DPS,2018-01-04,2.1,2.2,2.0,2.1,116767
DPS,2018-01-05,2.1,2.3,2.1,2.2,189000
DPS,2018-01-08,2.1,2.2,2.1,2.1,201824
DPS,2018-01-09,2.1,2.2,2.0,2.1,196812
DPS,2018-01-10,2.1,2.2,2.0,2.2,1173432
DPS,2018-01-11,2.2,2.3,2.1,2.1,133416
DPS,2018-01-12,2.1,2.2,2.1,2.1,126400
DPS,2018-01-15,2.1,2.2,2.1,2.1,367400
DPS,2018-01-16,2.1,2.2,2.0,2.1,590400
DPS,2018-01-17,2.1,2.2,2.0,2.1,218838
DPS,2018-01-18,2.0,2.1,2.0,2.1,65226
DPS,2018-01-19,2.1,2.1,2.0,2.1,223410
DPS,2018-01-22,2.0,2.1,2.0,2.0,642500
DPS,2018-01-23,2.0,2.1,2.0,2.0,193900
DPS,2018-01-24,2.0,2.1,2.0,2.0,223500
DPS,2018-01-25,2.0,2.1,2.0,2.1,625944
DPS,2018-01-26,2.1,2.1,1.9,1.9,173100
DPS,2018-01-29,1.9,2.0,1.8,1.9,310700
DPS,2018-01-30,1.9,2.0,1.9,2.0,238300
DPS,2018-01-31,2.0,2.0,1.8,1.9,131605
DPS,2018-02-01,1.9,2.0,1.8,1.9,158350
DPS,2018-02-02,1.9,1.9,1.8,1.9,99000
DPS,2018-02-05,1.9,1.9,1.8,1.8,237900
DPS,2018-02-06,1.8,1.8,1.7,1.8,389466
DPS,2018-02-07,1.7,1.8,1.7,1.7,94393
DPS,2018-02-08,1.8,1.8,1.6,1.7,154425
DPS,2018-02-09,1.7,1.7,1.6,1.7,141310
DPS,2018-02-12,1.6,1.8,1.6,1.7,146300
DPS,2018-02-13,1.8,1.8,1.7,1.8,32482
DPS,2018-02-21,1.8,1.8,1.7,1.7,117825
DPS,2018-02-22,1.7,1.8,1.7,1.8,297700
DPS,2018-02-23,1.8,1.9,1.8,1.9,196310
DPS,2018-02-26,1.9,2.0,1.8,1.8,182000
DPS,2018-02-27,1.9,1.9,1.8,1.9,125308
DPS,2018-02-28,1.8,1.9,1.8,1.8,60500
DPS,2018-03-01,1.8,1.9,1.8,1.8,70300
DPS,2018-03-02,1.8,1.9,1.8,1.8,272420
DPS,2018-03-05,1.8,1.9,1.7,1.9,542100
DPS,2018-03-06,1.9,1.9,1.8,1.9,36400
DPS,2018-03-07,1.9,1.9,1.8,1.8,320000
DPS,2018-03-08,1.8,1.9,1.7,1.8,534600
DPS,2018-03-09,1.8,1.9,1.7,1.8,383011
DPS,2018-03-12,1.8,1.9,1.7,1.8,570156
DPS,2018-03-13,1.8,1.9,1.8,1.9,1611757
DPS,2018-03-14,2.0,2.0,2.0,2.0,147069
DPS,2018-03-15,2.2,2.2,1.8,1.9,974136
DPS,2018-03-16,1.9,1.9,1.8,1.8,734983
DPS,2018-03-19,1.8,1.9,1.8,1.8,208370
DPS,2018-03-20,1.8,1.9,1.7,1.7,279215
DPS,2018-03-21,1.8,1.8,1.7,1.8,193402
DPS,2018-03-22,1.8,1.8,1.7,1.8,82200
DPS,2018-03-23,1.7,1.8,1.7,1.7,527907
DPS,2018-03-26,1.7,1.8,1.7,1.8,692120
DPS,2018-03-27,1.8,1.9,1.7,1.8,355680
DPS,2018-03-28,1.8,1.9,1.8,1.9,261000
DPS,2018-03-29,1.8,1.9,1.8,1.8,296395
DPS,2018-03-30,1.7,1.8,1.7,1.7,31068
DPS,2018-04-02,1.8,1.8,1.6,1.7,803033
DPS,2018-04-03,1.7,1.8,1.6,1.7,343704
DPS,2018-04-04,1.8,1.8,1.7,1.7,41500
DPS,2018-04-05,1.7,1.8,1.7,1.7,284546
DPS,2018-04-06,1.7,1.8,1.7,1.7,220650
DPS,2018-04-09,1.7,1.8,1.7,1.7,280912
DPS,2018-04-10,1.7,1.8,1.6,1.6,94406
DPS,2018-04-11,1.6,1.7,1.6,1.6,560460
DPS,2018-04-12,1.6,1.7,1.6,1.7,316000
DPS,2018-04-13,1.6,1.7,1.6,1.6,398222
DPS,2018-04-16,1.6,1.6,1.5,1.6,174719
DPS,2018-04-17,1.6,1.6,1.5,1.5,41400
DPS,2018-04-18,1.5,1.6,1.5,1.6,315220
DPS,2018-04-19,1.7,1.7,1.6,1.7,156480
DPS,2018-04-20,1.6,1.7,1.6,1.6,64287
DPS,2018-04-23,1.6,1.7,1.5,1.5,153400
DPS,2018-04-24,1.5,1.6,1.5,1.6,197000
DPS,2018-04-26,1.6,1.6,1.5,1.5,83857
DPS,2018-04-27,1.5,1.6,1.5,1.5,49910
DPS,2018-05-02,1.6,1.6,1.4,1.5,178240
DPS,2018-05-03,1.6,1.6,1.4,1.5,85007
DPS,2018-05-04,1.5,1.6,1.4,1.5,147360
DPS,2018-05-07,1.6,1.6,1.5,1.6,34825
DPS,2018-05-08,1.5,1.6,1.5,1.5,264342
DPS,2018-05-09,1.6,1.6,1.5,1.6,367940
DPS,2018-05-10,1.6,1.7,1.5,1.5,551577
DPS,2018-05-11,1.4,1.4,1.4,1.4,150425
DPS,2018-05-14,1.3,1.4,1.3,1.3,799473
DPS,2018-05-15,1.2,1.4,1.2,1.4,248980
DPS,2018-05-16,1.4,1.4,1.3,1.3,95540
DPS,2018-05-17,1.3,1.4,1.2,1.3,593812
DPS,2018-05-18,1.3,1.3,1.2,1.2,143654
DPS,2018-05-21,1.2,1.3,1.2,1.2,163180
DPS,2018-05-22,1.3,1.3,1.2,1.2,150980
DPS,2018-05-23,1.1,1.3,1.1,1.3,115705
DPS,2018-05-24,1.2,1.3,1.2,1.2,88600
DPS,2018-05-25,1.1,1.2,1.1,1.1,61986
DPS,2018-05-28,1.2,1.2,1.0,1.1,195770
DPS,2018-05-29,1.1,1.2,1.1,1.1,58200
DPS,2018-05-30,1.2,1.2,1.1,1.1,21736
DPS,2018-05-31,1.2,1.2,1.1,1.2,94676
DPS,2018-06-01,1.2,1.3,1.1,1.1,304960
DPS,2018-06-04,1.1,1.2,1.1,1.2,340410
DPS,2018-06-05,1.3,1.3,1.1,1.2,222112
DPS,2018-06-06,1.2,1.3,1.1,1.2,116400
DPS,2018-06-07,1.2,1.3,1.1,1.2,108200
DPS,2018-06-08,1.2,1.3,1.2,1.2,125600
DPS,2018-06-11,1.1,1.2,1.1,1.2,653200
DPS,2018-06-12,1.1,1.2,1.1,1.2,76600
DPS,2018-06-13,1.2,1.3,1.1,1.2,339800
DPS,2018-06-14,1.2,1.2,1.1,1.2,40718
DPS,2018-06-15,1.2,1.2,1.1,1.2,105057
DPS,2018-06-18,1.2,1.2,1.1,1.1,253200
DPS,2018-06-19,1.2,1.2,1.1,1.2,751500
DPS,2018-06-20,1.1,1.2,1.1,1.2,149060
DPS,2018-06-21,1.1,1.2,1.1,1.1,361386
DPS,2018-06-22,1.1,1.2,1.0,1.1,140910
DPS,2018-06-25,1.2,1.2,1.0,1.1,140900
DPS,2018-06-26,1.1,1.2,1.0,1.1,143200
DPS,2018-06-27,1.0,1.2,1.0,1.1,44760
DPS,2018-06-28,1.1,1.2,1.0,1.1,173120
DPS,2018-06-29,1.1,1.1,1.0,1.1,129046
DPS,2018-07-02,1.1,1.1,1.0,1.0,46000
DPS,2018-07-03,1.0,1.1,1.0,1.0,199430
DPS,2018-07-04,1.0,1.1,1.0,1.0,76082
DPS,2018-07-05,1.0,1.1,0.9,1.0,245614
DPS,2018-07-06,0.9,1.0,0.9,1.0,52500
DPS,2018-07-09,1.0,1.1,0.9,1.0,54620
DPS,2018-07-10,1.0,1.0,0.9,0.9,1045260
DPS,2018-07-11,1.0,1.0,0.8,0.9,879261
DPS,2018-07-12,0.9,0.9,0.8,0.9,58870
DPS,2018-07-13,0.9,0.9,0.8,0.8,133100
DPS,2018-07-16,0.8,0.9,0.8,0.8,100100
DPS,2018-07-17,0.8,0.9,0.8,0.9,158900
DPS,2018-07-18,0.9,0.9,0.8,0.9,106600
DPS,2018-07-19,0.9,1.0,0.8,1.0,1658326
DPS,2018-07-20,1.0,1.1,1.0,1.0,596407
DPS,2018-07-23,1.1,1.1,1.1,1.1,207837
DPS,2018-07-24,1.1,1.1,1.0,1.0,788500
DPS,2018-07-25,1.0,1.1,0.9,1.0,425540
DPS,2018-07-26,1.0,1.1,1.0,1.0,152092
DPS,2018-07-27,1.0,1.1,0.9,1.0,61700
DPS,2018-07-30,1.0,1.0,0.9,1.0,28900
DPS,2018-07-31,1.0,1.0,0.9,0.9,117133
DPS,2018-08-01,0.9,1.0,0.9,1.0,45102
DPS,2018-08-02,1.0,1.0,0.9,0.9,130300
DPS,2018-08-03,0.9,1.0,0.9,1.0,123208
DPS,2018-08-06,1.0,1.0,0.9,0.9,354765
DPS,2018-08-07,0.9,1.0,0.8,1.0,312060
DPS,2018-08-08,1.0,1.0,0.9,0.9,83000
DPS,2018-08-09,0.9,1.0,0.8,0.9,864358
DPS,2018-08-10,0.9,1.0,0.8,0.9,91580
DPS,2018-08-13,0.9,1.0,0.8,0.9,87000
DPS,2018-08-14,0.9,1.0,0.8,0.9,216962
DPS,2018-08-15,0.9,1.0,0.8,0.9,1568863
DPS,2018-08-16,0.8,0.9,0.8,0.9,73220
DPS,2018-08-17,0.9,0.9,0.8,0.9,53764
DPS,2018-08-20,0.9,0.9,0.8,0.8,75190
DPS,2018-08-21,0.9,0.9,0.8,0.8,244620
DPS,2018-08-22,0.9,0.9,0.8,0.8,189590
DPS,2018-08-23,0.8,0.9,0.8,0.8,196788
DPS,2018-08-24,0.9,0.9,0.8,0.9,132056
DPS,2018-08-27,0.9,0.9,0.8,0.8,56400
DPS,2018-08-28,0.9,0.9,0.8,0.9,342400
DPS,2018-08-29,0.9,1.0,0.8,0.8,650400
DPS,2018-08-30,0.9,0.9,0.9,0.9,155524
DPS,2018-08-31,1.0,1.0,0.8,0.9,756161
DPS,2018-09-04,0.9,1.0,0.8,0.8,291300
DPS,2018-09-05,0.9,0.9,0.8,0.9,250724
DPS,2018-09-06,0.9,1.0,0.8,1.0,214281
DPS,2018-09-07,1.0,1.0,0.9,0.9,366700
DPS,2018-09-10,1.0,1.0,0.9,1.0,115900
DPS,2018-09-11,1.0,1.0,0.9,1.0,321879
DPS,2018-09-12,1.0,1.1,0.9,0.9,1749770
DPS,2018-09-13,1.0,1.0,1.0,1.0,789299
DPS,2018-09-14,1.1,1.1,0.9,1.0,665113
DPS,2018-09-17,0.9,1.1,0.9,1.0,2610806
DPS,2018-09-18,1.0,1.0,0.9,0.9,149780
DPS,2018-09-19,0.9,1.0,0.9,1.0,314600
DPS,2018-09-20,1.0,1.0,0.9,0.9,2978200
DPS,2018-09-21,0.9,1.0,0.8,0.9,370450
DPS,2018-09-24,0.9,1.0,0.9,0.9,140380
DPS,2018-09-25,1.0,1.0,0.9,1.0,129480
DPS,2018-09-26,1.0,1.0,0.9,0.9,425100
DPS,2018-09-27,0.9,1.0,0.9,1.0,586660
DPS,2018-09-28,1.0,1.0,0.9,0.9,415000
DPS,2018-10-01,0.9,1.0,0.9,0.9,654590
DPS,2018-10-02,0.9,1.0,0.9,0.9,286659
DPS,2018-10-03,1.0,1.0,0.9,0.9,329564
DPS,2018-10-04,1.0,1.0,0.9,0.9,288350
DPS,2018-10-05,1.0,1.0,0.8,0.9,651842
DPS,2018-10-08,0.9,1.0,0.8,0.8,350074
DPS,2018-10-09,0.9,0.9,0.8,0.9,379910
DPS,2018-10-10,1.0,1.0,0.8,0.9,339850
DPS,2018-10-11,0.8,0.9,0.8,0.9,365200
DPS,2018-10-12,0.8,0.9,0.8,0.9,400220
DPS,2018-10-15,0.9,0.9,0.8,0.9,591630
DPS,2018-10-16,0.8,0.9,0.8,0.8,246500
DPS,2018-10-17,0.9,0.9,0.8,0.8,177500
DPS,2018-10-18,0.9,0.9,0.8,0.8,442254
DPS,2018-10-19,0.9,0.9,0.7,0.8,644776
DPS,2018-10-22,0.8,0.8,0.7,0.7,455921
DPS,2018-10-23,0.7,0.8,0.7,0.7,603736
DPS,2018-10-24,0.7,0.8,0.7,0.7,176530
DPS,2018-10-25,0.7,0.8,0.6,0.7,720967
DPS,2018-10-26,0.8,0.8,0.6,0.7,682731
DPS,2018-10-29,0.7,0.8,0.7,0.7,77900
DPS,2018-10-30,0.7,0.8,0.7,0.7,38777
DPS,2018-10-31,0.7,0.8,0.7,0.8,221120
DPS,2018-11-01,0.8,0.8,0.7,0.7,72030
DPS,2018-11-02,0.7,0.8,0.7,0.7,73780
DPS,2018-11-05,0.8,0.8,0.7,0.7,28700
DPS,2018-11-06,0.8,0.8,0.7,0.7,22110
DPS,2018-11-07,0.8,0.8,0.8,0.8,228600
DPS,2018-11-08,0.8,0.8,0.7,0.7,97730
DPS,2018-11-09,0.7,0.8,0.7,0.8,113400
DPS,2018-11-12,0.8,0.8,0.7,0.8,71100
DPS,2018-11-13,0.8,0.8,0.7,0.7,233130
DPS,2018-11-14,0.8,0.8,0.7,0.7,115100
DPS,2018-11-15,0.8,0.8,0.7,0.8,90500
DPS,2018-11-16,0.7,0.8,0.7,0.7,730233
DPS,2018-11-19,0.7,0.8,0.6,0.8,204200
DPS,2018-11-20,0.8,0.8,0.7,0.7,84000
DPS,2018-11-21,0.7,0.8,0.6,0.7,434203
DPS,2018-11-22,0.7,0.8,0.6,0.7,177629
DPS,2018-11-23,0.7,0.7,0.6,0.7,102248
DPS,2018-11-26,0.7,0.8,0.6,0.7,77900
DPS,2018-11-27,0.6,0.8,0.6,0.7,154710
DPS,2018-11-28,0.7,0.7,0.6,0.7,43100
DPS,2018-11-29,0.7,0.7,0.6,0.6,97810
DPS,2018-11-30,0.7,0.7,0.6,0.6,85340
DPS,2018-12-03,0.7,0.7,0.6,0.7,133700
DPS,2018-12-04,0.7,0.7,0.6,0.7,79829
DPS,2018-12-05,0.6,0.7,0.6,0.7,68400
DPS,2018-12-06,0.7,0.7,0.6,0.6,186400
DPS,2018-12-07,0.6,0.7,0.6,0.7,393420
DPS,2018-12-10,0.8,0.8,0.7,0.7,294500
DPS,2018-12-11,0.7,0.8,0.6,0.7,250200
DPS,2018-12-12,0.7,0.8,0.7,0.7,143910
DPS,2018-12-13,0.7,0.8,0.6,0.7,201500
DPS,2018-12-14,0.6,0.7,0.6,0.7,186092
DPS,2018-12-17,0.7,0.8,0.6,0.7,181616
DPS,2018-12-18,0.7,0.8,0.6,0.7,69610
DPS,2018-12-19,0.7,0.7,0.6,0.7,2560
DPS,2018-12-20,0.7,0.7,0.6,0.6,70800
DPS,2018-12-21,0.7,0.7,0.6,0.7,131800
DPS,2018-12-24,0.6,0.7,0.6,0.7,9500
DPS,2018-12-25,0.6,0.7,0.6,0.7,240410
DPS,2018-12-26,0.7,0.7,0.6,0.7,90550
DPS,2018-12-27,0.6,0.7,0.6,0.7,90700
DPS,2018-12-28,0.7,0.7,0.6,0.6,57624
DPS,2019-01-02,0.7,0.7,0.6,0.6,164100
DPS,2019-01-03,0.7,0.7,0.6,0.6,65500
DPS,2019-01-04,0.7,0.7,0.5,0.6,688100
DPS,2019-01-07,0.6,0.7,0.6,0.6,201900
DPS,2019-01-08,0.7,0.7,0.5,0.6,573100
DPS,2019-01-09,0.6,0.7,0.5,0.6,321400
DPS,2019-01-10,0.6,0.7,0.5,0.6,258378
DPS,2019-01-11,0.7,0.7,0.6,0.6,155500
DPS,2019-01-14,0.7,0.7,0.6,0.6,58300
DPS,2019-01-15,0.7,0.7,0.6,0.6,34500
DPS,2019-01-16,0.7,0.7,0.5,0.6,129900
DPS,2019-01-17,0.6,0.7,0.5,0.5,163100
DPS,2019-01-18,0.6,0.6,0.5,0.6,55150
DPS,2019-01-21,0.6,0.6,0.5,0.6,11000
DPS,2019-01-22,0.5,0.6,0.5,0.5,305200
DPS,2019-01-23,0.5,0.6,0.5,0.5,200900
DPS,2019-01-24,0.6,0.6,0.5,0.6,81900
DPS,2019-01-25,0.5,0.6,0.5,0.5,19200
DPS,2019-01-28,0.5,0.6,0.5,0.5,82528
DPS,2019-01-29,0.5,0.6,0.5,0.6,97900
DPS,2019-01-30,0.6,0.6,0.5,0.5,36200
DPS,2019-01-31,0.6,0.6,0.5,0.5,127800
DPS,2019-02-01,0.5,0.6,0.5,0.6,987500
DPS,2019-02-11,0.7,0.7,0.6,0.7,263228
DPS,2019-02-12,0.8,0.8,0.6,0.7,820030
DPS,2019-02-13,0.7,0.8,0.6,0.7,201110
DPS,2019-02-14,0.7,0.8,0.6,0.7,120500
DPS,2019-02-15,0.6,0.7,0.6,0.7,142700
DPS,2019-02-18,0.7,0.7,0.6,0.6,683758
DPS,2019-02-19,0.6,0.7,0.6,0.7,259020
DPS,2019-02-20,0.6,0.7,0.6,0.7,934500
DPS,2019-02-21,0.6,0.7,0.6,0.6,216100
DPS,2019-02-22,0.6,0.7,0.6,0.7,480312
DPS,2019-02-25,0.6,0.8,0.6,0.7,518000
DPS,2019-02-26,0.7,0.7,0.6,0.7,286617
DPS,2019-02-27,0.7,0.8,0.7,0.7,563981
DPS,2019-02-28,0.7,0.8,0.6,0.7,364952
DPS,2019-03-01,0.7,0.8,0.6,0.8,191800
DPS,2019-03-04,0.7,0.7,0.7,0.7,279110
DPS,2019-03-05,0.6,0.8,0.6,0.7,314130
DPS,2019-03-06,0.7,0.8,0.7,0.7,118826
DPS,2019-03-07,0.8,0.8,0.7,0.8,2703519
DPS,2019-03-08,0.9,0.9,0.7,0.8,89423
DPS,2019-03-11,0.8,0.8,0.7,0.7,721173
DPS,2019-03-12,0.7,0.8,0.6,0.7,380070
DPS,2019-03-13,0.7,0.8,0.7,0.7,242700
DPS,2019-03-14,0.8,0.8,0.6,0.7,351830
DPS,2019-03-15,0.8,0.8,0.6,0.6,291080
DPS,2019-03-18,0.7,0.7,0.7,0.7,251423
DPS,2019-03-19,0.8,0.8,0.6,0.7,986423
DPS,2019-03-20,0.7,0.8,0.6,0.7,90860
DPS,2019-03-21,0.7,0.8,0.6,0.6,189000
DPS,2019-03-22,0.7,0.7,0.6,0.7,25800
DPS,2019-03-25,0.7,0.7,0.6,0.6,99290
DPS,2019-03-26,0.7,0.7,0.6,0.7,88180
DPS,2019-03-27,0.6,0.7,0.6,0.7,53600
DPS,2019-03-28,0.6,0.7,0.6,0.6,106301
DPS,2019-03-29,0.7,0.7,0.6,0.7,41605
DPS,2019-04-01,0.6,0.7,0.6,0.7,41900
DPS,2019-04-02,0.6,0.7,0.6,0.7,198301
DPS,2019-04-03,0.7,0.7,0.6,0.6,63228
DPS,2019-04-04,0.7,0.7,0.6,0.6,240100
DPS,2019-04-05,0.6,0.7,0.6,0.7,169530
DPS,2019-04-08,0.6,0.7,0.6,0.6,73877
DPS,2019-04-09,0.6,0.7,0.6,0.7,43020
DPS,2019-04-10,0.7,0.7,0.6,0.6,99710
DPS,2019-04-11,0.7,0.7,0.6,0.6,360200
DPS,2019-04-12,0.6,0.7,0.5,0.6,907574
DPS,2019-04-16,0.6,0.7,0.5,0.6,343800
DPS,2019-04-17,0.6,0.7,0.6,0.6,42250
DPS,2019-04-18,0.7,0.7,0.5,0.6,290850
DPS,2019-04-19,0.6,0.7,0.5,0.6,37500
DPS,2019-04-22,0.6,0.7,0.6,0.7,1526905
DPS,2019-04-23,0.8,0.8,0.7,0.8,2584126
DPS,2019-04-24,0.9,0.9,0.7,0.8,1024860
DPS,2019-04-25,0.8,0.9,0.7,0.8,1356058
DPS,2019-04-26,0.8,0.8,0.7,0.7,429110
DPS,2019-05-02,0.7,0.8,0.7,0.7,868400
DPS,2019-05-03,0.8,0.8,0.6,0.7,696920
DPS,2019-05-06,0.7,0.7,0.6,0.6,367013
DPS,2019-05-07,0.7,0.7,0.6,0.7,368100
DPS,2019-05-08,0.7,0.7,0.6,0.7,210300
DPS,2019-05-09,0.6,0.7,0.6,0.6,217800
DPS,2019-05-10,0.7,0.7,0.6,0.6,658310
DPS,2019-05-13,0.6,0.7,0.6,0.6,187900
DPS,2019-05-14,0.7,0.7,0.6,0.6,649891
DPS,2019-05-15,0.7,0.7,0.6,0.7,193170
DPS,2019-05-16,0.6,0.7,0.6,0.6,172400
DPS,2019-05-17,0.7,0.7,0.6,0.6,126800
DPS,2019-05-20,0.6,0.7,0.6,0.6,772615
DPS,2019-05-21,0.6,0.7,0.5,0.6,1111965
DPS,2019-05-22,0.6,0.7,0.6,0.6,32400
DPS,2019-05-23,0.6,0.7,0.6,0.7,68220
DPS,2019-05-24,0.7,0.7,0.6,0.6,107500
DPS,2019-05-27,0.7,0.7,0.6,0.6,476014
DPS,2019-05-28,0.6,0.7,0.5,0.6,277109
DPS,2019-05-29,0.5,0.6,0.5,0.6,194024
DPS,2019-05-30,0.6,0.6,0.5,0.5,75510
DPS,2019-05-31,0.6,0.6,0.5,0.6,170173
DPS,2019-06-03,0.6,0.7,0.5,0.5,68600
DPS,2019-06-04,0.5,0.6,0.5,0.6,7600
DPS,2019-06-05,0.5,0.6,0.5,0.6,99698
DPS,2019-06-06,0.6,0.6,0.5,0.6,45740
DPS,2019-06-07,0.6,0.6,0.5,0.6,289328
DPS,2019-06-10,0.6,0.6,0.5,0.6,8600
DPS,2019-06-11,0.6,0.6,0.5,0.6,205623
DPS,2019-06-12,0.6,0.6,0.5,0.6,50600
DPS,2019-06-13,0.6,0.6,0.5,0.5,92500
DPS,2019-06-14,0.6,0.6,0.5,0.6,67313
DPS,2019-06-17,0.6,0.6,0.5,0.6,3206
DPS,2019-06-18,0.6,0.6,0.6,0.6,16304
DPS,2019-06-19,0.6,0.6,0.5,0.5,46972
DPS,2019-06-20,0.6,0.6,0.5,0.5,51200
DPS,2019-06-21,0.6,0.6,0.5,0.5,57300
DPS,2019-06-24,0.6,0.6,0.5,0.5,99601
DPS,2019-06-25,0.6,0.6,0.5,0.5,52475
DPS,2019-06-26,0.6,0.6,0.6,0.6,44470
DPS,2019-06-27,0.5,0.6,0.5,0.5,91837
DPS,2019-06-28,0.5,0.6,0.5,0.6,233500
DPS,2019-07-01,0.6,0.6,0.5,0.6,79550
DPS,2019-07-02,0.6,0.6,0.5,0.5,663250
DPS,2019-07-03,0.5,0.6,0.5,0.5,74300
DPS,2019-07-04,0.6,0.6,0.5,0.5,113807
DPS,2019-07-05,0.6,0.6,0.4,0.5,153400
DPS,2019-07-08,0.5,0.6,0.5,0.6,180100
DPS,2019-07-09,0.6,0.6,0.5,0.5,229310
DPS,2019-07-10,0.5,0.6,0.4,0.5,114940
DPS,2019-07-11,0.6,0.6,0.5,0.5,129100
DPS,2019-07-12,0.5,0.6,0.5,0.5,116260
DPS,2019-07-15,0.5,0.6,0.4,0.5,350200
DPS,2019-07-16,0.5,0.6,0.5,0.5,341200
DPS,2019-07-17,0.5,0.6,0.4,0.5,151869
DPS,2019-07-18,0.6,0.6,0.4,0.4,146801
DPS,2019-07-19,0.5,0.5,0.4,0.5,173600
DPS,2019-07-22,0.4,0.6,0.4,0.5,227100
DPS,2019-07-23,0.6,0.6,0.5,0.5,99000
DPS,2019-07-24,0.5,0.6,0.5,0.5,23900
DPS,2019-07-25,0.5,0.6,0.4,0.6,193500
DPS,2019-07-26,0.6,0.6,0.5,0.5,75888
DPS,2019-07-29,0.5,0.6,0.4,0.5,37712
DPS,2019-07-30,0.5,0.6,0.4,0.5,25800
DPS,2019-07-31,0.5,0.6,0.4,0.5,107728
DPS,2019-08-01,0.4,0.6,0.4,0.5,21500
DPS,2019-08-02,0.5,0.6,0.4,0.4,69600
DPS,2019-08-05,0.4,0.5,0.4,0.5,10600
DPS,2019-08-06,0.5,0.5,0.4,0.5,43008
DPS,2019-08-07,0.5,0.6,0.5,0.6,36400
DPS,2019-08-08,0.5,0.6,0.5,0.5,238900
DPS,2019-08-09,0.5,0.6,0.4,0.4,52000
DPS,2019-08-12,0.4,0.5,0.4,0.5,27050
DPS,2019-08-13,0.4,0.6,0.4,0.5,62100
DPS,2019-08-14,0.4,0.5,0.4,0.5,1100
DPS,2019-08-15,0.5,0.5,0.4,0.5,1200
DPS,2019-08-16,0.4,0.5,0.4,0.5,7200
DPS,2019-08-19,0.5,0.5,0.4,0.5,1600
DPS,2019-08-20,0.5,0.5,0.4,0.5,56748
DPS,2019-08-21,0.4,0.5,0.4,0.4,500
DPS,2019-08-22,0.5,0.5,0.4,0.4,27052
DPS,2019-08-23,0.5,0.5,0.4,0.5,41900
DPS,2019-08-26,0.5,0.5,0.5,0.5,6108
DPS,2019-08-27,0.4,0.5,0.4,0.5,68230
DPS,2019-08-28,0.4,0.5,0.4,0.5,49700
DPS,2019-08-29,0.5,0.5,0.4,0.5,32400
DPS,2019-08-30,0.5,0.5,0.4,0.5,75100
DPS,2019-09-03,0.4,0.5,0.4,0.5,45300
DPS,2019-09-04,0.4,0.5,0.4,0.4,914700
DPS,2019-09-05,0.4,0.5,0.4,0.4,313402
DPS,2019-09-06,0.5,0.5,0.4,0.5,91500
DPS,2019-09-09,0.4,0.5,0.4,0.4,27408
DPS,2019-09-10,0.4,0.5,0.4,0.5,17300
DPS,2019-09-11,0.5,0.5,0.4,0.5,6400
DPS,2019-09-12,0.5,0.5,0.4,0.4,4725
DPS,2019-09-13,0.5,0.5,0.4,0.5,3500
DPS,2019-09-16,0.4,0.5,0.4,0.4,140200
DPS,2019-09-17,0.4,0.5,0.4,0.5,32300
DPS,2019-09-18,0.5,0.5,0.4,0.4,3700
DPS,2019-09-19,0.5,0.5,0.4,0.4,8100
DPS,2019-09-20,0.5,0.5,0.4,0.4,3676
DPS,2019-09-23,0.5,0.5,0.4,0.4,7241
DPS,2019-09-24,0.5,0.5,0.4,0.4,322000
DPS,2019-09-25,0.5,0.5,0.4,0.4,156300
DPS,2019-09-26,0.5,0.5,0.4,0.5,159300
DPS,2019-09-27,0.5,0.5,0.4,0.4,325800
DPS,2019-09-30,0.4,0.5,0.4,0.5,391200
DPS,2019-10-01,0.5,0.5,0.4,0.5,263600
DPS,2019-10-02,0.5,0.5,0.4,0.4,21364
DPS,2019-10-03,0.4,0.5,0.4,0.4,103412
DPS,2019-10-04,0.5,0.5,0.4,0.4,260200
DPS,2019-10-07,0.4,0.4,0.4,0.4,0
DPS,2019-10-08,0.4,0.4,0.4,0.4,0
DPS,2019-10-09,0.4,0.4,0.4,0.4,0
DPS,2019-10-10,0.4,0.4,0.4,0.4,0
DPS,2019-10-11,0.3,0.4,0.3,0.3,1041373
DPS,2019-10-14,0.3,0.3,0.3,0.3,0
DPS,2019-10-15,0.3,0.3,0.3,0.3,0
DPS,2019-10-16,0.3,0.3,0.3,0.3,0
DPS,2019-10-17,0.3,0.3,0.3,0.3,0
DPS,2019-10-18,0.3,0.4,0.2,0.3,513200
DPS,2019-10-21,0.3,0.3,0.3,0.3,0
DPS,2019-10-22,0.3,0.3,0.3,0.3,0
DPS,2019-10-23,0.3,0.3,0.3,0.3,0
DPS,2019-10-24,0.3,0.3,0.3,0.3,0
DPS,2019-10-25,0.3,0.4,0.2,0.3,591300
DPS,2019-10-28,0.3,0.3,0.3,0.3,0
DPS,2019-10-29,0.3,0.3,0.3,0.3,0
DPS,2019-10-30,0.3,0.3,0.3,0.3,0
DPS,2019-10-31,0.3,0.3,0.3,0.3,0
DPS,2019-11-01,0.3,0.4,0.2,0.2,112052
DPS,2019-11-04,0.2,0.2,0.2,0.2,0
DPS,2019-11-05,0.2,0.2,0.2,0.2,0
DPS,2019-11-06,0.2,0.2,0.2,0.2,0
DPS,2019-11-07,0.2,0.2,0.2,0.2,0
DPS,2019-11-08,0.2,0.3,0.2,0.3,991563
DPS,2019-11-11,0.3,0.3,0.3,0.3,0
DPS,2019-11-12,0.3,0.3,0.3,0.3,0
DPS,2019-11-13,0.3,0.3,0.3,0.3,0
DPS,2019-11-14,0.3,0.3,0.3,0.3,0
DPS,2019-11-15,0.4,0.4,0.3,0.3,184800
DPS,2019-11-18,0.3,0.3,0.3,0.3,0
DPS,2019-11-19,0.3,0.3,0.3,0.3,0
DPS,2019-11-20,0.3,0.3,0.3,0.3,0
DPS,2019-11-21,0.3,0.3,0.3,0.3,0
DPS,2019-11-22,0.3,0.3,0.3,0.3,237220
DPS,2019-11-25,0.3,0.3,0.3,0.3,0
DPS,2019-11-26,0.3,0.3,0.3,0.3,0
DPS,2019-11-27,0.3,0.3,0.3,0.3,0
DPS,2019-11-28,0.3,0.3,0.3,0.3,0
DPS,2019-11-29,0.3,0.3,0.3,0.3,119627
DPS,2019-12-02,0.3,0.3,0.3,0.3,0
DPS,2019-12-03,0.3,0.3,0.3,0.3,0
DPS,2019-12-04,0.3,0.3,0.3,0.3,0
DPS,2019-12-05,0.3,0.3,0.3,0.3,0
DPS,2019-12-06,0.3,0.4,0.3,0.4,189518
DPS,2019-12-09,0.4,0.4,0.4,0.4,0
DPS,2019-12-10,0.4,0.4,0.4,0.4,0
DPS,2019-12-11,0.4,0.4,0.4,0.4,0
DPS,2019-12-12,0.4,0.4,0.4,0.4,0
DPS,2019-12-13,0.3,0.3,0.3,0.3,312947
DPS,2019-12-16,0.3,0.3,0.3,0.3,0
DPS,2019-12-17,0.3,0.3,0.3,0.3,0
DPS,2019-12-18,0.3,0.3,0.3,0.3,0
DPS,2019-12-19,0.3,0.3,0.3,0.3,0
DPS,2019-12-20,0.3,0.4,0.2,0.3,670082
DPS,2019-12-23,0.3,0.3,0.3,0.3,0
DPS,2019-12-24,0.3,0.3,0.3,0.3,0
DPS,2019-12-25,0.3,0.3,0.3,0.3,0
DPS,2019-12-26,0.3,0.3,0.3,0.3,0
DPS,2019-12-27,0.3,0.3,0.2,0.2,74160
DPS,2019-12-30,0.2,0.2,0.2,0.2,0
DPS,2019-12-31,0.2,0.2,0.2,0.2,0
DPS,2020-01-02,0.2,0.2,0.2,0.2,0
DPS,2020-01-03,0.3,0.3,0.2,0.2,46454
DPS,2020-01-06,0.2,0.2,0.2,0.2,0
DPS,2020-01-07,0.2,0.2,0.2,0.2,0
DPS,2020-01-08,0.2,0.2,0.2,0.2,0
DPS,2020-01-09,0.2,0.2,0.2,0.2,0
DPS,2020-01-10,0.3,0.3,0.3,0.3,9500
DPS,2020-01-13,0.3,0.3,0.3,0.3,0
DPS,2020-01-14,0.3,0.3,0.3,0.3,0
DPS,2020-01-15,0.3,0.3,0.3,0.3,0
DPS,2020-01-16,0.3,0.3,0.3,0.3,0
DPS,2020-01-17,0.3,0.3,0.3,0.3,51700
DPS,2020-01-20,0.3,0.3,0.3,0.3,0
DPS,2020-01-21,0.3,0.3,0.3,0.3,0
DPS,2020-01-22,0.3,0.3,0.3,0.3,0
DPS,2020-01-30,0.3,0.3,0.3,0.3,0
DPS,2020-01-31,0.2,0.3,0.2,0.3,134994
DPS,2020-02-03,0.3,0.3,0.3,0.3,0
DPS,2020-02-04,0.3,0.3,0.3,0.3,0
DPS,2020-02-05,0.3,0.3,0.3,0.3,0
DPS,2020-02-06,0.3,0.3,0.3,0.3,0
DPS,2020-02-07,0.3,0.3,0.2,0.3,213006
DPS,2020-02-10,0.3,0.3,0.3,0.3,0
DPS,2020-02-11,0.3,0.3,0.3,0.3,0
DPS,2020-02-12,0.3,0.3,0.3,0.3,0
DPS,2020-02-13,0.3,0.3,0.3,0.3,0
DPS,2020-02-14,0.2,0.3,0.2,0.3,432520
DPS,2020-02-17,0.3,0.3,0.3,0.3,0
DPS,2020-02-18,0.3,0.3,0.3,0.3,0
DPS,2020-02-19,0.3,0.3,0.3,0.3,0
DPS,2020-02-20,0.3,0.3,0.3,0.3,0
DPS,2020-02-21,0.2,0.3,0.2,0.2,81708
DPS,2020-02-24,0.2,0.2,0.2,0.2,0
DPS,2020-02-25,0.2,0.2,0.2,0.2,0
DPS,2020-02-26,0.2,0.2,0.2,0.2,0
DPS,2020-02-27,0.2,0.2,0.2,0.2,0
DPS,2020-02-28,0.3,0.3,0.2,0.2,273700
DPS,2020-03-02,0.2,0.2,0.2,0.2,0
DPS,2020-03-03,0.2,0.2,0.2,0.2,0
DPS,2020-03-04,0.2,0.2,0.2,0.2,0
DPS,2020-03-05,0.2,0.2,0.2,0.2,0
DPS,2020-03-06,0.3,0.3,0.2,0.2,358500
DPS,2020-03-09,0.2,0.2,0.2,0.2,0
DPS,2020-03-10,0.2,0.2,0.2,0.2,0
DPS,2020-03-11,0.2,0.2,0.2,0.2,0
DPS,2020-03-12,0.2,0.2,0.2,0.2,0
DPS,2020-03-13,0.2,0.3,0.1,0.3,1867330
DPS,2020-03-16,0.3,0.3,0.3,0.3,0
DPS,2020-03-17,0.3,0.3,0.3,0.3,0
DPS,2020-03-18,0.3,0.3,0.3,0.3,0
DPS,2020-03-19,0.3,0.3,0.3,0.3,0
DPS,2020-03-20,0.3,0.3,0.2,0.3,254200
DPS,2020-03-23,0.3,0.3,0.3,0.3,0
DPS,2020-03-24,0.3,0.3,0.3,0.3,0
DPS,2020-03-25,0.3,0.3,0.3,0.3,0
DPS,2020-03-26,0.3,0.3,0.3,0.3,0
DPS,2020-03-27,0.3,0.3,0.2,0.2,106904
DPS,2020-03-30,0.2,0.2,0.2,0.2,0
DPS,2020-03-31,0.2,0.2,0.2,0.2,0
DPS,2020-04-01,0.2,0.2,0.2,0.2,0
DPS,2020-04-03,0.2,0.3,0.2,0.2,471004
DPS,2020-04-06,0.2,0.2,0.2,0.2,0
DPS,2020-04-07,0.2,0.2,0.2,0.2,0
DPS,2020-04-08,0.2,0.2,0.2,0.2,0
DPS,2020-04-09,0.2,0.2,0.2,0.2,0
DPS,2020-04-10,0.2,0.3,0.1,0.2,484500
DPS,2020-04-13,0.2,0.2,0.2,0.2,0
DPS,2020-04-14,0.2,0.2,0.2,0.2,0
DPS,2020-04-15,0.2,0.2,0.2,0.2,0
DPS,2020-04-16,0.2,0.2,0.2,0.2,0
DPS,2020-04-17,0.2,0.3,0.2,0.2,429310
DPS,2020-04-20,0.2,0.2,0.2,0.2,0
DPS,2020-04-21,0.2,0.2,0.2,0.2,0
DPS,2020-04-22,0.2,0.2,0.2,0.2,0
DPS,2020-04-23,0.2,0.2,0.2,0.2,0
DPS,2020-04-24,0.2,0.3,0.2,0.3,234374
DPS,2020-04-27,0.3,0.3,0.3,0.3,0
DPS,2020-04-28,0.3,0.3,0.3,0.3,0
DPS,2020-04-29,0.3,0.3,0.3,0.3,0
DPS,2020-05-04,0.3,0.3,0.3,0.3,0
DPS,2020-05-05,0.3,0.3,0.3,0.3,0
DPS,2020-05-06,0.3,0.3,0.3,0.3,0
DPS,2020-05-07,0.3,0.3,0.3,0.3,0
DPS,2020-05-08,0.2,0.3,0.2,0.3,268461
DPS,2020-05-11,0.3,0.3,0.3,0.3,0
DPS,2020-05-12,0.3,0.3,0.3,0.3,0
DPS,2020-05-13,0.3,0.3,0.3,0.3,0
DPS,2020-05-14,0.3,0.3,0.3,0.3,0
DPS,2020-05-15,0.2,0.3,0.2,0.3,170194
DPS,2020-05-18,0.3,0.3,0.3,0.3,0
DPS,2020-05-19,0.3,0.3,0.3,0.3,0
DPS,2020-05-20,0.3,0.3,0.3,0.3,0
DPS,2020-05-21,0.3,0.3,0.3,0.3,0
DPS,2020-05-22,0.3,0.3,0.2,0.2,315006
DPS,2020-05-25,0.2,0.2,0.2,0.2,0
DPS,2020-05-26,0.2,0.2,0.2,0.2,0
DPS,2020-05-27,0.2,0.2,0.2,0.2,0
DPS,2020-05-28,0.2,0.2,0.2,0.2,0
DPS,2020-05-29,0.3,0.3,0.2,0.2,258074
DPS,2020-06-01,0.2,0.2,0.2,0.2,0
DPS,2020-06-02,0.2,0.2,0.2,0.2,0
DPS,2020-06-03,0.2,0.2,0.2,0.2,0
DPS,2020-06-04,0.2,0.2,0.2,0.2,0
DPS,2020-06-05,0.2,0.3,0.2,0.2,167555
DPS,2020-06-08,0.2,0.2,0.2,0.2,0
DPS,2020-06-09,0.2,0.2,0.2,0.2,0
DPS,2020-06-10,0.2,0.2,0.2,0.2,0
DPS,2020-06-11,0.2,0.2,0.2,0.2,0
DPS,2020-06-12,0.3,0.3,0.3,0.3,1707072
DPS,2020-06-15,0.3,0.3,0.3,0.3,0
DPS,2020-06-16,0.3,0.3,0.3,0.3,0
DPS,2020-06-17,0.3,0.3,0.3,0.3,0
DPS,2020-06-18,0.3,0.3,0.3,0.3,0
DPS,2020-06-19,0.3,0.4,0.3,0.3,1090411
DPS,2020-06-22,0.3,0.3,0.3,0.3,0
DPS,2020-06-23,0.3,0.3,0.3,0.3,0
DPS,2020-06-24,0.3,0.3,0.3,0.3,0
DPS,2020-06-25,0.3,0.3,0.3,0.3,0
DPS,2020-06-26,0.3,0.4,0.2,0.3,602260
DPS,2020-06-29,0.3,0.3,0.3,0.3,0
DPS,2020-06-30,0.3,0.3,0.3,0.3,0
DPS,2020-07-01,0.3,0.3,0.3,0.3,0
DPS,2020-07-02,0.3,0.3,0.3,0.3,0
DPS,2020-07-03,0.3,0.3,0.2,0.2,40736
DPS,2020-07-06,0.2,0.2,0.2,0.2,0
DPS,2020-07-07,0.2,0.2,0.2,0.2,0
DPS,2020-07-08,0.2,0.2,0.2,0.2,0
DPS,2020-07-09,0.2,0.2,0.2,0.2,0
DPS,2020-07-10,0.2,0.3,0.2,0.3,283502
DPS,2020-07-13,0.3,0.3,0.3,0.3,0
DPS,2020-07-14,0.3,0.3,0.3,0.3,0
DPS,2020-07-15,0.3,0.3,0.3,0.3,0
DPS,2020-07-16,0.3,0.3,0.3,0.3,0
DPS,2020-07-17,0.3,0.3,0.2,0.3,119604
DPS,2020-07-20,0.3,0.3,0.3,0.3,0
DPS,2020-07-21,0.3,0.3,0.3,0.3,0
DPS,2020-07-22,0.3,0.3,0.3,0.3,0
DPS,2020-07-23,0.3,0.3,0.3,0.3,0
DPS,2020-07-24,0.3,0.3,0.3,0.3,0
DPS,2020-07-27,0.3,0.3,0.3,0.3,0
DPS,2020-07-28,0.3,0.3,0.3,0.3,0
DPS,2020-07-29,0.3,0.3,0.3,0.3,0
DPS,2020-07-30,0.3,0.3,0.3,0.3,0
DPS,2020-07-31,0.3,0.3,0.3,0.3,0
DPS,2020-08-03,0.3,0.3,0.3,0.3,0
DPS,2020-08-04,0.3,0.3,0.3,0.3,0
DPS,2020-08-05,0.3,0.3,0.3,0.3,0
DPS,2020-08-06,0.3,0.3,0.3,0.3,0
DPS,2020-08-07,0.3,0.3,0.3,0.3,0
DPS,2020-08-10,0.3,0.3,0.3,0.3,0
DPS,2020-08-11,0.3,0.3,0.3,0.3,0
DPS,2020-08-12,0.3,0.3,0.3,0.3,0
DPS,2020-08-13,0.3,0.3,0.3,0.3,0
DPS,2020-08-14,0.3,0.3,0.3,0.3,0
DPS,2020-08-17,0.3,0.3,0.3,0.3,0
DPS,2020-08-18,0.3,0.3,0.3,0.3,0
DPS,2020-08-19,0.3,0.3,0.3,0.3,0
DPS,2020-08-20,0.3,0.3,0.3,0.3,0
DPS,2020-08-21,0.3,0.3,0.3,0.3,0
DPS,2020-08-24,0.3,0.3,0.3,0.3,0
DPS,2020-08-25,0.3,0.3,0.3,0.3,0
DPS,2020-08-26,0.3,0.3,0.3,0.3,0
DPS,2020-08-27,0.3,0.3,0.3,0.3,0
DPS,2020-08-28,0.3,0.3,0.3,0.3,0
DPS,2020-08-31,0.3,0.3,0.3,0.3,0
DPS,2020-09-01,0.3,0.3,0.3,0.3,0
DPS,2020-09-03,0.3,0.3,0.3,0.3,0
DPS,2020-09-04,0.3,0.3,0.3,0.3,0
DPS,2020-09-07,0.3,0.3,0.3,0.3,0
DPS,2020-09-08,0.3,0.3,0.3,0.3,0
DPS,2020-09-09,0.3,0.3,0.3,0.3,0
DPS,2020-09-10,0.3,0.3,0.3,0.3,0
DPS,2020-09-11,0.3,0.3,0.3,0.3,0
DPS,2020-09-14,0.3,0.3,0.3,0.3,0
DPS,2020-09-15,0.3,0.3,0.3,0.3,0
DPS,2020-09-16,0.3,0.3,0.3,0.3,0
DPS,2020-09-17,0.3,0.3,0.3,0.3,0
DPS,2020-09-18,0.3,0.3,0.3,0.3,0
DPS,2020-09-21,0.3,0.3,0.3,0.3,0
DPS,2020-09-22,0.3,0.3,0.3,0.3,0
DPS,2020-09-23,0.3,0.3,0.3,0.3,0
DPS,2020-09-24,0.3,0.3,0.3,0.3,0
DPS,2020-09-25,0.3,0.3,0.3,0.3,0
DPS,2020-09-28,0.3,0.3,0.3,0.3,0
DPS,2020-09-29,0.3,0.3,0.3,0.3,0
DPS,2020-09-30,0.3,0.3,0.3,0.3,0
DPS,2020-10-01,0.3,0.3,0.3,0.3,0
DPS,2020-10-02,0.3,0.3,0.3,0.3,0
DPS,2020-10-05,0.3,0.3,0.3,0.3,0
DPS,2020-10-06,0.3,0.3,0.3,0.3,0
DPS,2020-10-07,0.3,0.3,0.3,0.3,0
DPS,2020-10-08,0.3,0.3,0.3,0.3,0
DPS,2020-10-09,0.3,0.3,0.3,0.3,0
DPS,2020-10-12,0.3,0.3,0.3,0.3,0
DPS,2020-10-13,0.3,0.3,0.3,0.3,0
DPS,2020-10-14,0.3,0.3,0.3,0.3,0
DPS,2020-10-15,0.3,0.3,0.3,0.3,0
DPS,2020-10-16,0.3,0.3,0.3,0.3,0
DPS,2020-10-19,0.3,0.3,0.3,0.3,0
DPS,2020-10-20,0.3,0.3,0.3,0.3,0
DPS,2020-10-21,0.3,0.3,0.3,0.3,0
DPS,2020-10-22,0.3,0.3,0.3,0.3,0
DPS,2020-10-23,0.3,0.3,0.3,0.3,0
DPS,2020-10-26,0.3,0.3,0.3,0.3,0
DPS,2020-10-27,0.3,0.3,0.3,0.3,0
DPS,2020-10-28,0.3,0.3,0.3,0.3,0
DPS,2020-10-29,0.3,0.3,0.3,0.3,0
DPS,2020-10-30,0.3,0.3,0.3,0.3,0
DPS,2020-11-02,0.3,0.3,0.3,0.3,0
DPS,2020-11-03,0.3,0.3,0.3,0.3,0
DPS,2020-11-04,0.3,0.3,0.3,0.3,0
DPS,2020-11-05,0.3,0.3,0.3,0.3,0
DPS,2020-11-06,0.3,0.3,0.3,0.3,0
DPS,2020-11-09,0.3,0.3,0.3,0.3,0
DPS,2020-11-10,0.3,0.3,0.3,0.3,0
DPS,2020-11-11,0.3,0.3,0.3,0.3,0
DPS,2020-11-12,0.3,0.3,0.3,0.3,0
DPS,2020-11-13,0.3,0.3,0.3,0.3,0
DPS,2020-11-16,0.3,0.3,0.3,0.3,0
DPS,2020-11-17,0.3,0.3,0.3,0.3,0
DPS,2020-11-18,0.3,0.3,0.3,0.3,0
DPS,2020-11-19,0.3,0.3,0.3,0.3,0
DPS,2020-11-20,0.3,0.3,0.3,0.3,0
DPS,2020-11-23,0.3,0.3,0.3,0.3,0
DPS,2020-11-24,0.3,0.3,0.3,0.3,0
DPS,2020-11-25,0.3,0.3,0.3,0.3,0
DPS,2020-11-26,0.3,0.3,0.3,0.3,0
DPS,2020-11-27,0.3,0.3,0.3,0.3,0
DPS,2020-11-30,0.3,0.3,0.3,0.3,0
DPS,2020-12-01,0.3,0.3,0.3,0.3,0
DPS,2020-12-02,0.3,0.3,0.3,0.3,0
DPS,2020-12-03,0.3,0.3,0.3,0.3,0
DPS,2020-12-04,0.3,0.3,0.3,0.3,0
DPS,2020-12-07,0.3,0.3,0.3,0.3,0
DPS,2020-12-08,0.3,0.3,0.3,0.3,0
DPS,2020-12-09,0.3,0.3,0.3,0.3,0
DPS,2020-12-10,0.3,0.3,0.3,0.3,0
DPS,2020-12-11,0.3,0.3,0.3,0.3,0
DPS,2020-12-14,0.3,0.3,0.3,0.3,0
DPS,2020-12-15,0.3,0.3,0.3,0.3,0
DPS,2020-12-16,0.3,0.3,0.3,0.3,0
DPS,2020-12-17,0.3,0.3,0.3,0.3,0
DPS,2020-12-18,0.3,0.3,0.3,0.3,0
DPS,2020-12-21,0.3,0.3,0.3,0.3,0
DPS,2020-12-22,0.3,0.3,0.3,0.3,0
DPS,2020-12-23,0.3,0.3,0.3,0.3,0
DPS,2020-12-24,0.3,0.3,0.3,0.3,0
DPS,2020-12-25,0.3,0.3,0.3,0.3,0
DPS,2020-12-28,0.3,0.3,0.3,0.3,0
DPS,2020-12-29,0.3,0.3,0.3,0.3,0
DPS,2020-12-30,0.3,0.3,0.3,0.3,0
DPS,2020-12-31,0.3,0.3,0.3,0.3,0
DPS,2021-01-04,0.3,0.3,0.3,0.3,0
DPS,2021-01-05,0.3,0.3,0.3,0.3,0
DPS,2021-01-06,0.3,0.3,0.3,0.3,0
DPS,2021-01-07,0.3,0.3,0.3,0.3,0
DPS,2021-01-08,0.3,0.3,0.3,0.3,0
DPS,2021-01-11,0.3,0.3,0.3,0.3,0
DPS,2021-01-12,0.3,0.3,0.3,0.3,0
DPS,2021-01-13,0.3,0.3,0.3,0.3,0
DPS,2021-01-14,0.3,0.3,0.3,0.3,0
DPS,2021-01-15,0.3,0.3,0.3,0.3,0
DPS,2021-01-18,0.3,0.3,0.3,0.3,0
DPS,2021-01-19,0.3,0.3,0.3,0.3,0
DPS,2021-01-20,0.3,0.3,0.3,0.3,0
DPS,2021-01-21,0.3,0.3,0.3,0.3,0
DPS,2021-01-22,0.3,0.3,0.3,0.3,0
DPS,2021-01-25,0.3,0.3,0.3,0.3,0
DPS,2021-01-26,0.3,0.3,0.3,0.3,0
DPS,2021-01-27,0.3,0.3,0.3,0.3,0
DPS,2021-01-28,0.3,0.3,0.3,0.3,0
DPS,2021-01-29,0.3,0.3,0.3,0.3,0
DPS,2021-02-01,0.3,0.3,0.3,0.3,0
DPS,2021-02-02,0.3,0.3,0.3,0.3,0
DPS,2021-02-03,0.3,0.3,0.3,0.3,0
DPS,2021-02-04,0.3,0.3,0.3,0.3,0
DPS,2021-02-05,0.3,0.3,0.3,0.3,0
DPS,2021-02-08,0.3,0.3,0.3,0.3,0
DPS,2021-02-09,0.3,0.3,0.3,0.3,0
DPS,2021-02-17,0.3,0.3,0.3,0.3,0
DPS,2021-02-18,0.3,0.3,0.3,0.3,0
DPS,2021-02-19,0.3,0.3,0.3,0.3,0
DPS,2021-02-22,0.3,0.3,0.3,0.3,0
DPS,2021-02-23,0.3,0.3,0.3,0.3,0
DPS,2021-02-24,0.3,0.3,0.3,0.3,0
DPS,2021-02-25,0.3,0.3,0.3,0.3,0
DPS,2021-02-26,0.3,0.3,0.3,0.3,0
DPS,2021-03-01,0.3,0.3,0.3,0.3,0
DPS,2021-03-02,0.3,0.3,0.3,0.3,0
DPS,2021-03-03,0.3,0.3,0.3,0.3,0
DPS,2021-03-04,0.3,0.3,0.3,0.3,0
DPS,2021-03-05,0.3,0.3,0.3,0.3,0
DPS,2021-03-08,0.3,0.3,0.3,0.3,0
DPS,2021-03-09,0.3,0.3,0.3,0.3,0
DPS,2021-03-10,0.3,0.3,0.3,0.3,0
DPS,2021-03-11,0.3,0.3,0.3,0.3,0
DPS,2021-03-12,0.3,0.3,0.3,0.3,0
DPS,2021-03-15,0.3,0.3,0.3,0.3,0
DPS,2021-03-16,0.3,0.3,0.3,0.3,0
DPS,2021-03-17,0.3,0.3,0.3,0.3,0
DPS,2021-03-18,0.3,0.3,0.3,0.3,0
DPS,2021-03-19,0.3,0.3,0.3,0.3,0
DPS,2021-03-22,0.3,0.3,0.3,0.3,0
DPS,2021-03-23,0.3,0.3,0.3,0.3,0
DPS,2021-03-24,0.3,0.3,0.3,0.3,0
DPS,2021-03-25,0.3,0.3,0.3,0.3,0
DPS,2021-03-26,0.3,0.3,0.3,0.3,0
DPS,2021-03-29,0.3,0.3,0.3,0.3,0
DPS,2021-03-30,0.3,0.3,0.3,0.3,0
DPS,2021-03-31,0.3,0.3,0.3,0.3,0
DPS,2021-04-01,0.3,0.3,0.3,0.3,0
DPS,2021-04-02,0.3,0.3,0.3,0.3,0
DPS,2021-04-05,0.3,0.3,0.3,0.3,0
DPS,2021-04-06,0.3,0.3,0.3,0.3,0
DPS,2021-04-07,0.3,0.3,0.3,0.3,0
DPS,2021-04-08,0.3,0.3,0.3,0.3,0
DPS,2021-04-09,0.3,0.3,0.3,0.3,0
DPS,2021-04-12,0.3,0.3,0.3,0.3,0
DPS,2021-04-13,0.3,0.3,0.3,0.3,0
DPS,2021-04-14,0.3,0.3,0.3,0.3,0
DPS,2021-04-15,0.3,0.3,0.3,0.3,0
DPS,2021-04-16,0.3,0.3,0.3,0.3,0
DPS,2021-04-19,0.3,0.3,0.3,0.3,0
DPS,2021-04-20,0.3,0.3,0.3,0.3,0
DPS,2021-04-22,0.3,0.3,0.3,0.3,0
DPS,2021-04-23,0.3,0.3,0.3,0.3,0
DPS,2021-04-26,0.3,0.3,0.3,0.3,0
DPS,2021-04-27,0.3,0.3,0.3,0.3,0
DPS,2021-04-28,0.3,0.3,0.3,0.3,0
DPS,2021-04-29,0.3,0.3,0.3,0.3,0
DPS,2021-05-04,0.3,0.3,0.3,0.3,0
DPS,2021-05-05,0.3,0.3,0.3,0.3,0
DPS,2021-05-06,0.3,0.3,0.3,0.3,0
DPS,2021-05-07,0.3,0.3,0.3,0.3,0
DPS,2021-05-10,0.3,0.3,0.3,0.3,0
DPS,2021-05-11,0.3,0.3,0.3,0.3,0
DPS,2021-05-12,0.3,0.3,0.3,0.3,0
DPS,2021-05-13,0.3,0.3,0.3,0.3,0
DPS,2021-05-14,0.3,0.3,0.3,0.3,0
DPS,2021-05-17,0.3,0.3,0.3,0.3,0
DPS,2021-05-18,0.3,0.3,0.3,0.3,0
DPS,2021-05-19,0.3,0.3,0.3,0.3,0
DPS,2021-05-20,0.3,0.3,0.3,0.3,0
DPS,2021-05-21,0.3,0.3,0.3,0.3,0
DPS,2021-05-24,0.3,0.3,0.3,0.3,0
DPS,2021-05-25,0.3,0.3,0.3,0.3,0
DPS,2021-05-26,0.3,0.3,0.3,0.3,0
DPS,2021-05-27,0.3,0.3,0.3,0.3,0
DPS,2021-05-28,0.3,0.3,0.3,0.3,0
DPS,2021-05-31,0.3,0.3,0.3,0.3,0
DPS,2021-06-01,0.3,0.3,0.3,0.3,0
DPS,2021-06-02,0.3,0.3,0.3,0.3,0
DPS,2021-06-03,0.3,0.3,0.3,0.3,0
DPS,2021-06-04,0.3,0.3,0.3,0.3,0
DPS,2021-06-07,0.3,0.3,0.3,0.3,0
DPS,2021-06-08,0.3,0.3,0.3,0.3,0
DPS,2021-06-09,0.3,0.3,0.3,0.3,0
DPS,2021-06-10,0.3,0.3,0.3,0.3,0
DPS,2021-06-11,0.3,0.3,0.3,0.3,0
DPS,2021-06-14,0.3,0.3,0.3,0.3,0
DPS,2021-06-15,0.3,0.3,0.3,0.3,0
DPS,2021-06-16,0.3,0.3,0.3,0.3,0
DPS,2021-06-17,0.3,0.3,0.3,0.3,0
DPS,2021-06-18,0.3,0.3,0.3,0.3,0
DPS,2021-06-21,0.3,0.3,0.3,0.3,0
DPS,2021-06-22,0.3,0.3,0.3,0.3,0
DPS,2021-06-23,0.3,0.3,0.3,0.3,0
DPS,2021-07-02,0.4,0.4,0.4,0.4,210000
DPS,2021-07-05,0.4,0.4,0.4,0.4,0
DPS,2021-07-06,0.4,0.4,0.4,0.4,0
DPS,2021-07-07,0.4,0.4,0.4,0.4,0
DPS,2021-07-08,0.4,0.4,0.4,0.4,0
DPS,2021-07-09,0.5,0.5,0.5,0.5,228950
DPS,2021-07-12,0.5,0.5,0.5,0.5,0
DPS,2021-07-13,0.5,0.5,0.5,0.5,0
DPS,2021-07-14,0.5,0.5,0.5,0.5,0
DPS,2021-07-15,0.5,0.5,0.5,0.5,0
DPS,2021-07-16,0.6,0.6,0.6,0.6,285920
DPS,2021-07-19,0.6,0.6,0.6,0.6,0
DPS,2021-07-20,0.6,0.6,0.6,0.6,0
DPS,2021-07-21,0.6,0.6,0.6,0.6,0
DPS,2021-07-22,0.6,0.6,0.6,0.6,0
DPS,2021-07-23,0.7,0.7,0.7,0.7,1046132
DPS,2021-07-26,0.7,0.7,0.7,0.7,0
DPS,2021-07-27,0.7,0.7,0.7,0.7,0
DPS,2021-07-28,0.7,0.7,0.7,0.7,0
DPS,2021-07-29,0.7,0.7,0.7,0.7,0
DPS,2021-07-30,0.8,0.8,0.7,0.8,7178137
DPS,2021-08-02,0.8,0.8,0.8,0.8,0
DPS,2021-08-03,0.8,0.8,0.8,0.8,0
DPS,2021-08-04,0.8,0.8,0.8,0.8,0
DPS,2021-08-05,0.8,0.8,0.8,0.8,0
DPS,2021-08-06,0.9,0.9,0.7,0.9,4737406
DPS,2021-08-09,0.8,0.9,0.9,0.9,0
DPS,2021-08-10,0.8,0.9,0.9,0.9,0
DPS,2021-08-11,0.8,0.9,0.9,0.9,0
DPS,2021-08-12,0.8,0.9,0.9,0.9,0
DPS,2021-08-13,0.8,0.8,0.7,0.8,2468182
DPS,2021-08-16,0.8,0.8,0.8,0.8,0
DPS,2021-08-17,0.8,0.8,0.8,0.8,0
DPS,2021-08-18,0.8,0.8,0.8,0.8,0
DPS,2021-08-19,0.8,0.8,0.8,0.8,0
DPS,2021-08-20,0.8,0.8,0.7,0.8,4565221
DPS,2021-08-23,0.7,0.8,0.8,0.8,0
DPS,2021-08-24,0.7,0.8,0.8,0.8,0
DPS,2021-08-25,0.7,0.8,0.8,0.8,0
DPS,2021-08-26,0.7,0.8,0.8,0.8,0
DPS,2021-08-27,0.7,0.7,0.6,0.7,806100
DPS,2021-08-30,0.7,0.7,0.7,0.7,0
DPS,2021-08-31,0.7,0.7,0.7,0.7,0
DPS,2021-09-01,0.7,0.7,0.7,0.7,0
DPS,2021-09-06,0.7,0.7,0.7,0.7,0
DPS,2021-09-07,0.7,0.7,0.7,0.7,0
DPS,2021-09-08,0.7,0.7,0.7,0.7,0
DPS,2021-09-09,0.7,0.7,0.7,0.7,0
DPS,2021-09-10,0.7,0.8,0.6,0.8,4237889
DPS,2021-09-13,0.8,0.8,0.8,0.8,0
DPS,2021-09-14,0.8,0.8,0.8,0.8,0
DPS,2021-09-15,0.8,0.8,0.8,0.8,0
DPS,2021-09-16,0.8,0.8,0.8,0.8,0
DPS,2021-09-17,0.9,0.9,0.8,0.9,4760616
DPS,2021-09-20,0.9,0.9,0.9,0.9,0
DPS,2021-09-21,0.9,0.9,0.9,0.9,0
DPS,2021-09-22,0.9,0.9,0.9,0.9,0
DPS,2021-09-23,0.9,0.9,0.9,0.9,0
DPS,2021-09-24,0.9,1.0,0.9,1.0,2299963
DPS,2021-09-27,1.0,1.0,1.0,1.0,0
DPS,2021-09-28,1.0,1.0,1.0,1.0,0
DPS,2021-09-29,1.0,1.0,1.0,1.0,0
DPS,2021-09-30,1.0,1.0,1.0,1.0,0
DPS,2021-10-01,1.1,1.1,1.1,1.1,422517
DPS,2021-10-04,1.1,1.1,1.1,1.1,0
DPS,2021-10-05,1.1,1.1,1.1,1.1,0
DPS,2021-10-06,1.1,1.1,1.1,1.1,0
DPS,2021-10-07,1.1,1.1,1.1,1.1,0
DPS,2021-10-08,1.2,1.2,1.2,1.2,111630
DPS,2021-10-11,1.2,1.2,1.2,1.2,0
DPS,2021-10-12,1.2,1.2,1.2,1.2,0
DPS,2021-10-13,1.2,1.2,1.2,1.2,0
DPS,2021-10-14,1.2,1.2,1.2,1.2,0
DPS,2021-10-15,1.3,1.3,1.3,1.3,519702
DPS,2021-10-18,1.3,1.3,1.3,1.3,0
DPS,2021-10-19,1.3,1.3,1.3,1.3,0
DPS,2021-10-20,1.3,1.3,1.3,1.3,0
DPS,2021-10-21,1.3,1.3,1.3,1.3,0
DPS,2021-10-22,1.4,1.4,1.4,1.4,15844
DPS,2021-10-25,1.4,1.4,1.4,1.4,0
DPS,2021-10-26,1.4,1.4,1.4,1.4,0
DPS,2021-10-27,1.4,1.4,1.4,1.4,0
DPS,2021-10-28,1.4,1.4,1.4,1.4,0
DPS,2021-10-29,1.6,1.6,1.6,1.6,126331
DPS,2021-11-01,1.6,1.6,1.6,1.6,0
DPS,2021-11-02,1.6,1.6,1.6,1.6,0
DPS,2021-11-03,1.6,1.6,1.6,1.6,0
DPS,2021-11-04,1.6,1.6,1.6,1.6,0
DPS,2021-11-05,1.8,1.8,1.6,1.8,5257107
DPS,2021-11-08,1.8,1.8,1.8,1.8,0
DPS,2021-11-09,1.8,1.8,1.8,1.8,0
DPS,2021-11-10,1.8,1.8,1.8,1.8,0
DPS,2021-11-11,1.8,1.8,1.8,1.8,0
DPS,2021-11-12,2.0,2.0,2.0,2.0,798756
DPS,2021-11-15,2.0,2.0,2.0,2.0,0
DPS,2021-11-16,2.0,2.0,2.0,2.0,0
DPS,2021-11-17,2.0,2.0,2.0,2.0,0
DPS,2021-11-18,2.0,2.0,2.0,2.0,0
DPS,2021-11-19,2.3,2.3,2.1,2.3,5163813
DPS,2021-11-22,2.3,2.3,2.3,2.3,0
DPS,2021-11-23,2.3,2.3,2.3,2.3,0
DPS,2021-11-24,2.3,2.3,2.3,2.3,0
DPS,2021-11-25,2.3,2.3,2.3,2.3,0
DPS,2021-11-26,2.6,2.6,2.3,2.6,7719777
DPS,2021-11-29,2.5,2.5,2.5,2.5,0
DPS,2021-11-30,2.5,2.5,2.5,2.5,0
DPS,2021-12-01,2.5,2.5,2.5,2.5,0
DPS,2021-12-02,2.5,2.5,2.5,2.5,0
DPS,2021-12-03,2.5,2.8,2.5,2.8,4401176
DPS,2021-12-06,2.8,2.8,2.8,2.8,0
DPS,2021-12-07,2.8,2.8,2.8,2.8,0
DPS,2021-12-08,2.8,2.8,2.8,2.8,0
DPS,2021-12-09,2.8,2.8,2.8,2.8,0
DPS,2021-12-10,3.1,3.2,2.8,3.0,7365536
DPS,2021-12-13,3.1,3.1,3.1,3.1,0
DPS,2021-12-14,3.1,3.1,3.1,3.1,0
DPS,2021-12-15,3.1,3.1,3.1,3.1,0
DPS,2021-12-16,3.1,3.1,3.1,3.1,0
DPS,2021-12-17,3.2,3.2,2.7,2.7,793640
DPS,2021-12-20,2.7,2.7,2.7,2.7,0
DPS,2021-12-21,2.7,2.7,2.7,2.7,0
DPS,2021-12-22,2.7,2.7,2.7,2.7,0
DPS,2021-12-23,2.7,2.7,2.7,2.7,0
DPS,2021-12-24,2.3,2.3,2.3,2.3,388089
DPS,2021-12-27,2.3,2.3,2.3,2.3,0
DPS,2021-12-28,2.3,2.3,2.3,2.3,0
DPS,2021-12-29,2.3,2.3,2.3,2.3,0
DPS,2021-12-30,2.3,2.3,2.3,2.3,0
DPS,2021-12-31,2.0,2.5,2.0,2.1,6317359
DPS,2022-01-04,2.1,2.1,2.1,2.1,0
DPS,2022-01-05,2.1,2.1,2.1,2.1,0
DPS,2022-01-06,2.1,2.1,2.1,2.1,0
DPS,2022-01-07,2.4,2.4,2.2,2.4,1752035
DPS,2022-01-10,2.4,2.4,2.4,2.4,0
DPS,2022-01-11,2.4,2.4,2.4,2.4,0
DPS,2022-01-12,2.4,2.4,2.4,2.4,0
DPS,2022-01-13,2.4,2.4,2.4,2.4,0
DPS,2022-01-14,2.3,2.7,2.1,2.1,4017425
DPS,2022-01-17,2.1,2.1,2.1,2.1,0
DPS,2022-01-18,2.1,2.1,2.1,2.1,0
DPS,2022-01-19,2.1,2.1,2.1,2.1,0
DPS,2022-01-20,2.1,2.1,2.1,2.1,0
DPS,2022-01-21,2.2,2.2,1.8,2.0,2413441
DPS,2022-01-24,2.0,2.0,2.0,2.0,0
DPS,2022-01-25,2.0,2.0,2.0,2.0,0
DPS,2022-01-26,2.0,2.0,2.0,2.0,0
DPS,2022-01-27,2.0,2.0,2.0,2.0,0
DPS,2022-01-28,1.9,2.0,1.7,1.7,1427736
DPS,2022-02-07,1.7,1.7,1.7,1.7,0
DPS,2022-02-08,1.7,1.7,1.7,1.7,0
DPS,2022-02-09,1.7,1.7,1.7,1.7,0
DPS,2022-02-10,1.7,1.7,1.7,1.7,0
DPS,2022-02-11,1.6,1.9,1.6,1.9,1810810
DPS,2022-02-14,1.8,1.8,1.8,1.8,0
DPS,2022-02-15,1.8,1.8,1.8,1.8,0
DPS,2022-02-16,1.8,1.8,1.8,1.8,0
DPS,2022-02-17,1.8,1.8,1.8,1.8,0
DPS,2022-02-18,2.0,2.0,2.0,2.0,4030762
DPS,2022-02-21,2.0,2.0,2.0,2.0,0
DPS,2022-02-22,2.0,2.0,2.0,2.0,0
DPS,2022-02-23,2.0,2.0,2.0,2.0,0
DPS,2022-02-24,2.0,2.0,2.0,2.0,0
DPS,2022-02-25,2.3,2.3,2.1,2.3,3541410
DPS,2022-02-28,2.2,2.2,2.2,2.2,0
DPS,2022-03-01,2.2,2.2,2.2,2.2,0
DPS,2022-03-02,2.2,2.2,2.2,2.2,0
DPS,2022-03-03,2.2,2.2,2.2,2.2,0
DPS,2022-03-04,2.4,2.5,2.3,2.5,4259143
DPS,2022-03-07,2.5,2.5,2.5,2.5,0
DPS,2022-03-08,2.5,2.5,2.5,2.5,0
DPS,2022-03-09,2.5,2.5,2.5,2.5,0
DPS,2022-03-10,2.5,2.5,2.5,2.5,0
DPS,2022-03-11,2.6,2.8,2.2,2.5,4666035
DPS,2022-03-14,2.5,2.5,2.5,2.5,0
DPS,2022-03-15,2.5,2.5,2.5,2.5,0
DPS,2022-03-16,2.5,2.5,2.5,2.5,0
DPS,2022-03-17,2.5,2.5,2.5,2.5,0
DPS,2022-03-18,2.5,2.5,2.2,2.3,2404531
DPS,2022-03-21,2.3,2.3,2.3,2.3,0
DPS,2022-03-22,2.3,2.3,2.3,2.3,0
DPS,2022-03-23,2.3,2.3,2.3,2.3,0
DPS,2022-03-24,2.3,2.3,2.3,2.3,0
DPS,2022-03-25,2.4,2.4,2.1,2.2,2158734
DPS,2022-03-28,2.2,2.2,2.2,2.2,0
DPS,2022-03-29,2.2,2.2,2.2,2.2,0
DPS,2022-03-30,2.2,2.2,2.2,2.2,0
DPS,2022-03-31,2.2,2.2,2.2,2.2,0
DPS,2022-04-01,2.2,2.2,1.9,2.0,1616288
DPS,2022-04-04,2.0,2.0,2.0,2.0,0
DPS,2022-04-05,2.0,2.0,2.0,2.0,0
DPS,2022-04-06,2.0,2.0,2.0,2.0,0
DPS,2022-04-07,2.0,2.0,2.0,2.0,0
DPS,2022-04-08,1.8,1.9,1.7,1.8,2155597
DPS,2022-04-12,1.7,1.7,1.7,1.7,0
DPS,2022-04-13,1.7,1.7,1.7,1.7,0
DPS,2022-04-14,1.7,1.7,1.7,1.7,0
DPS,2022-04-15,1.7,1.8,1.5,1.7,1503077
DPS,2022-04-18,1.6,1.6,1.6,1.6,0
DPS,2022-04-19,1.6,1.6,1.6,1.6,0
DPS,2022-04-20,1.6,1.6,1.6,1.6,0
DPS,2022-04-21,1.6,1.6,1.6,1.6,0
DPS,2022-04-22,1.4,1.5,1.4,1.4,1347093
DPS,2022-04-25,1.4,1.4,1.4,1.4,0
DPS,2022-04-26,1.4,1.4,1.4,1.4,0
DPS,2022-04-27,1.4,1.4,1.4,1.4,0
DPS,2022-04-28,1.4,1.4,1.4,1.4,0
DPS,2022-04-29,1.2,1.6,1.2,1.6,1866000
DPS,2022-05-04,1.6,1.6,1.6,1.6,0
DPS,2022-05-05,1.6,1.6,1.6,1.6,0
DPS,2022-05-06,1.6,1.6,1.4,1.5,724250
DPS,2022-05-09,1.5,1.5,1.5,1.5,0
DPS,2022-05-10,1.5,1.5,1.5,1.5,0
DPS,2022-05-11,1.5,1.5,1.5,1.5,0
DPS,2022-05-12,1.5,1.5,1.5,1.5,0
DPS,2022-05-13,1.4,1.4,1.3,1.3,1192700
DPS,2022-05-16,1.3,1.3,1.3,1.3,0
DPS,2022-05-17,1.3,1.3,1.3,1.3,0
DPS,2022-05-18,1.3,1.3,1.3,1.3,0
DPS,2022-05-19,1.3,1.3,1.3,1.3,0
DPS,2022-05-20,1.3,1.4,1.3,1.4,1540500
DPS,2022-05-23,1.4,1.4,1.4,1.4,0
DPS,2022-05-24,1.4,1.4,1.4,1.4,0
DPS,2022-05-25,1.4,1.4,1.4,1.4,0
DPS,2022-05-26,1.4,1.4,1.4,1.4,0
DPS,2022-05-27,1.6,1.6,1.3,1.4,467792
DPS,2022-05-30,1.4,1.4,1.4,1.4,0
DPS,2022-05-31,1.4,1.4,1.4,1.4,0
DPS,2022-06-01,1.4,1.4,1.4,1.4,0
DPS,2022-06-02,1.4,1.4,1.4,1.4,0
DPS,2022-06-03,1.4,1.4,1.2,1.3,936732
DPS,2022-06-06,1.2,1.2,1.2,1.2,0
DPS,2022-06-07,1.2,1.2,1.2,1.2,0
DPS,2022-06-08,1.2,1.2,1.2,1.2,0
DPS,2022-06-09,1.2,1.2,1.2,1.2,0
DPS,2022-06-10,1.3,1.3,1.1,1.2,517700
DPS,2022-06-13,1.2,1.2,1.2,1.2,0
DPS,2022-06-14,1.2,1.2,1.2,1.2,0
DPS,2022-06-15,1.2,1.2,1.2,1.2,0
DPS,2022-06-16,1.2,1.2,1.2,1.2,0
DPS,2022-06-17,1.1,1.1,1.1,1.1,479410
DPS,2022-06-20,1.1,1.1,1.1,1.1,0
DPS,2022-06-21,1.1,1.1,1.1,1.1,0
DPS,2022-06-22,1.1,1.1,1.1,1.1,0
DPS,2022-06-23,1.1,1.1,1.1,1.1,0
DPS,2022-06-24,1.1,1.2,1.0,1.0,1011202
DPS,2022-06-27,1.0,1.0,1.0,1.0,0
DPS,2022-06-28,1.0,1.0,1.0,1.0,0
DPS,2022-06-29,1.0,1.0,1.0,1.0,0
DPS,2022-06-30,1.0,1.0,1.0,1.0,0
DPS,2022-07-01,1.0,1.0,0.9,0.9,773250
DPS,2022-07-04,0.9,0.9,0.9,0.9,0
DPS,2022-07-05,0.9,0.9,0.9,0.9,0
DPS,2022-07-06,0.9,0.9,0.9,0.9,0
DPS,2022-07-07,0.9,0.9,0.9,0.9,0
DPS,2022-07-08,0.9,1.0,0.8,0.9,1132243
DPS,2022-07-11,0.8,0.8,0.8,0.8,0
DPS,2022-07-12,0.8,0.8,0.8,0.8,0
DPS,2022-07-13,0.8,0.8,0.8,0.8,0
DPS,2022-07-14,0.8,0.8,0.8,0.8,0
DPS,2022-07-15,0.8,0.9,0.7,0.9,1726117
DPS,2022-07-18,0.9,0.9,0.9,0.9,0
DPS,2022-07-19,0.9,0.9,0.9,0.9,0
DPS,2022-07-20,0.9,0.9,0.9,0.9,0
DPS,2022-07-21,0.9,0.9,0.9,0.9,0
DPS,2022-07-22,1.0,1.0,0.9,1.0,1446008
DPS,2022-07-25,1.0,1.0,1.0,1.0,0
DPS,2022-07-26,1.0,1.0,1.0,1.0,0
DPS,2022-07-27,1.0,1.0,1.0,1.0,0
DPS,2022-07-28,1.0,1.0,1.0,1.0,0
DPS,2022-07-29,1.1,1.1,1.0,1.1,833007
DPS,2022-08-01,1.1,1.1,1.1,1.1,0
DPS,2022-08-02,1.1,1.1,1.1,1.1,0
DPS,2022-08-03,1.1,1.1,1.1,1.1,0
DPS,2022-08-04,1.1,1.1,1.1,1.1,0
DPS,2022-08-05,1.2,1.2,1.2,1.2,909660
DPS,2022-08-08,1.2,1.2,1.2,1.2,0
DPS,2022-08-09,1.2,1.2,1.2,1.2,0
DPS,2022-08-10,1.2,1.2,1.2,1.2,0
DPS,2022-08-11,1.2,1.2,1.2,1.2,0
DPS,2022-08-12,1.3,1.3,1.2,1.3,1399250
DPS,2022-08-15,1.3,1.3,1.3,1.3,0
DPS,2022-08-16,1.3,1.3,1.3,1.3,0
DPS,2022-08-17,1.3,1.3,1.3,1.3,0
DPS,2022-08-18,1.3,1.3,1.3,1.3,0
DPS,2022-08-19,1.4,1.4,1.2,1.2,1536977
DPS,2022-08-22,1.3,1.3,1.3,1.3,0
DPS,2022-08-23,1.3,1.3,1.3,1.3,0
DPS,2022-08-24,1.3,1.3,1.3,1.3,0
DPS,2022-08-25,1.3,1.3,1.3,1.3,0
DPS,2022-08-26,1.3,1.4,1.2,1.2,1322747
DPS,2022-08-29,1.2,1.2,1.2,1.2,0
DPS,2022-08-30,1.2,1.2,1.2,1.2,0
DPS,2022-08-31,1.2,1.2,1.2,1.2,0
DPS,2022-09-05,1.2,1.2,1.2,1.2,0
DPS,2022-09-06,1.2,1.2,1.2,1.2,0
DPS,2022-09-07,1.2,1.2,1.2,1.2,0
DPS,2022-09-08,1.2,1.2,1.2,1.2,0
DPS,2022-09-09,1.2,1.2,1.1,1.1,481122
DPS,2022-09-12,1.1,1.1,1.1,1.1,0
DPS,2022-09-13,1.1,1.1,1.1,1.1,0
DPS,2022-09-14,1.1,1.1,1.1,1.1,0
DPS,2022-09-15,1.1,1.1,1.1,1.1,0
DPS,2022-09-16,1.0,1.1,1.0,1.0,466861
DPS,2022-09-19,1.0,1.0,1.0,1.0,0
DPS,2022-09-20,1.0,1.0,1.0,1.0,0
DPS,2022-09-21,1.0,1.0,1.0,1.0,0
DPS,2022-09-22,1.0,1.0,1.0,1.0,0
DPS,2022-09-23,1.0,1.0,0.9,1.0,1424516
DPS,2022-09-26,0.9,0.9,0.9,0.9,0
DPS,2022-09-27,0.9,0.9,0.9,0.9,0
DPS,2022-09-28,0.9,0.9,0.9,0.9,0
DPS,2022-09-29,0.9,0.9,0.9,0.9,0
DPS,2022-09-30,0.9,0.9,0.8,0.8,649950
DPS,2022-10-03,0.8,0.8,0.8,0.8,0
DPS,2022-10-04,0.8,0.8,0.8,0.8,0
DPS,2022-10-05,0.8,0.8,0.8,0.8,0
DPS,2022-10-06,0.8,0.8,0.8,0.8,0
DPS,2022-10-07,0.8,0.8,0.7,0.7,798918
DPS,2022-10-10,0.7,0.7,0.7,0.7,0
DPS,2022-10-11,0.7,0.7,0.7,0.7,0
DPS,2022-10-12,0.7,0.7,0.7,0.7,0
DPS,2022-10-13,0.7,0.7,0.7,0.7,0
DPS,2022-10-14,0.7,0.8,0.7,0.8,699681
DPS,2022-10-17,0.8,0.8,0.8,0.8,0
DPS,2022-10-18,0.8,0.8,0.8,0.8,0
DPS,2022-10-19,0.8,0.8,0.8,0.8,0
DPS,2022-10-20,0.8,0.8,0.8,0.8,0
DPS,2022-10-21,0.9,0.9,0.8,0.9,1669449
DPS,2022-10-24,0.9,0.9,0.9,0.9,0
DPS,2022-10-25,0.9,0.9,0.9,0.9,0
DPS,2022-10-26,0.9,0.9,0.9,0.9,0
DPS,2022-10-27,0.9,0.9,0.9,0.9,0
DPS,2022-10-28,1.0,1.0,0.8,0.9,398303
DPS,2022-10-31,0.9,0.9,0.9,0.9,0
DPS,2022-11-01,0.9,0.9,0.9,0.9,0
DPS,2022-11-02,0.9,0.9,0.9,0.9,0
DPS,2022-11-03,0.9,0.9,0.9,0.9,0
DPS,2022-11-04,0.8,0.9,0.8,0.8,767160
DPS,2022-11-07,0.8,0.8,0.8,0.8,0
DPS,2022-11-08,0.8,0.8,0.8,0.8,0
DPS,2022-11-09,0.8,0.8,0.8,0.8,0
DPS,2022-11-10,0.8,0.8,0.8,0.8,0
DPS,2022-11-11,0.8,0.8,0.7,0.7,246275
DPS,2022-11-14,0.7,0.7,0.7,0.7,0
DPS,2022-11-15,0.7,0.7,0.7,0.7,0
DPS,2022-11-16,0.7,0.7,0.7,0.7,0
DPS,2022-11-17,0.7,0.7,0.7,0.7,0
DPS,2022-11-18,0.7,0.8,0.6,0.7,1318150
DPS,2022-11-21,0.7,0.7,0.7,0.7,0
DPS,2022-11-22,0.7,0.7,0.7,0.7,0
DPS,2022-11-23,0.7,0.7,0.7,0.7,0
DPS,2022-11-24,0.7,0.7,0.7,0.7,0
DPS,2022-11-25,0.8,0.8,0.6,0.7,892373
DPS,2022-11-28,0.7,0.7,0.7,0.7,0
DPS,2022-11-29,0.7,0.7,0.7,0.7,0
DPS,2022-11-30,0.7,0.7,0.7,0.7,0
DPS,2022-12-01,0.7,0.7,0.7,0.7,0
DPS,2022-12-02,0.8,0.8,0.7,0.8,1909472
DPS,2022-12-05,0.8,0.8,0.8,0.8,0
DPS,2022-12-06,0.8,0.8,0.8,0.8,0
DPS,2022-12-07,0.8,0.8,0.8,0.8,0
DPS,2022-12-08,0.8,0.8,0.8,0.8,0
DPS,2022-12-09,0.8,0.9,0.7,0.9,756755
DPS,2022-12-12,0.8,0.8,0.8,0.8,0
DPS,2022-12-13,0.8,0.8,0.8,0.8,0
DPS,2022-12-14,0.8,0.8,0.8,0.8,0
DPS,2022-12-15,0.8,0.8,0.8,0.8,0
DPS,2022-12-16,0.8,0.9,0.7,0.8,711176
DPS,2022-12-19,0.8,0.8,0.8,0.8,0
DPS,2022-12-20,0.8,0.8,0.8,0.8,0
DPS,2022-12-21,0.8,0.8,0.8,0.8,0
DPS,2022-12-22,0.8,0.8,0.8,0.8,0
DPS,2022-12-23,0.8,0.8,0.7,0.7,320645
DPS,2022-12-26,0.7,0.7,0.7,0.7,0
DPS,2022-12-27,0.7,0.7,0.7,0.7,0
DPS,2022-12-28,0.7,0.7,0.7,0.7,0
DPS,2022-12-29,0.7,0.7,0.7,0.7,0
DPS,2022-12-30,0.8,0.8,0.6,0.7,290700
DPS,2023-01-03,0.7,0.7,0.7,0.7,0
DPS,2023-01-04,0.7,0.7,0.7,0.7,0
DPS,2023-01-05,0.7,0.7,0.7,0.7,0
DPS,2023-01-06,0.7,0.8,0.6,0.7,222709
DPS,2023-01-09,0.7,0.7,0.7,0.7,0
DPS,2023-01-10,0.7,0.7,0.7,0.7,0
DPS,2023-01-11,0.7,0.7,0.7,0.7,0
DPS,2023-01-12,0.7,0.7,0.7,0.7,0
DPS,2023-01-13,0.7,0.8,0.7,0.8,455687
DPS,2023-01-16,0.7,0.7,0.7,0.7,0
DPS,2023-01-17,0.7,0.7,0.7,0.7,0
DPS,2023-01-18,0.7,0.7,0.7,0.7,0
DPS,2023-01-19,0.7,0.7,0.7,0.7,0
DPS,2023-01-27,0.7,0.8,0.7,0.8,1000700
DPS,2023-01-30,0.7,0.7,0.7,0.7,0
DPS,2023-01-31,0.7,0.7,0.7,0.7,0
DPS,2023-02-01,0.7,0.7,0.7,0.7,0
DPS,2023-02-02,0.7,0.7,0.7,0.7,0
DPS,2023-02-03,0.7,0.8,0.6,0.7,705087
DPS,2023-02-06,0.7,0.7,0.7,0.7,0
DPS,2023-02-07,0.7,0.7,0.7,0.7,0
DPS,2023-02-08,0.7,0.7,0.7,0.7,0
DPS,2023-02-09,0.7,0.7,0.7,0.7,0
DPS,2023-02-10,0.7,0.7,0.6,0.6,201839
DPS,2023-02-13,0.6,0.6,0.6,0.6,0
DPS,2023-02-14,0.6,0.6,0.6,0.6,0
DPS,2023-02-15,0.6,0.6,0.6,0.6,0
DPS,2023-02-16,0.6,0.6,0.6,0.6,0
DPS,2023-02-17,0.6,0.6,0.5,0.5,2428733
DPS,2023-02-20,0.5,0.5,0.5,0.5,0
DPS,2023-02-21,0.5,0.5,0.5,0.5,0
DPS,2023-02-22,0.5,0.5,0.5,0.5,0
DPS,2023-02-23,0.5,0.5,0.5,0.5,0
DPS,2023-02-24,0.5,0.6,0.4,0.6,689400
DPS,2023-02-27,0.5,0.5,0.5,0.5,0
DPS,2023-02-28,0.5,0.5,0.5,0.5,0
DPS,2023-03-01,0.5,0.5,0.5,0.5,0
DPS,2023-03-02,0.5,0.5,0.5,0.5,0
DPS,2023-03-03,0.5,0.6,0.4,0.5,408000
DPS,2023-03-06,0.5,0.5,0.5,0.5,0
DPS,2023-03-07,0.5,0.5,0.5,0.5,0
DPS,2023-03-08,0.5,0.5,0.5,0.5,0
DPS,2023-03-09,0.5,0.5,0.5,0.5,0
DPS,2023-03-10,0.5,0.5,0.4,0.5,563170
DPS,2023-03-13,0.5,0.5,0.5,0.5,0
DPS,2023-03-14,0.5,0.5,0.5,0.5,0
DPS,2023-03-15,0.5,0.5,0.5,0.5,0
DPS,2023-03-16,0.5,0.5,0.5,0.5,0
DPS,2023-03-17,0.5,0.6,0.4,0.5,750608
DPS,2023-03-20,0.5,0.5,0.5,0.5,0
DPS,2023-03-21,0.5,0.5,0.5,0.5,0
DPS,2023-03-22,0.5,0.5,0.5,0.5,0
DPS,2023-03-23,0.5,0.5,0.5,0.5,0
DPS,2023-03-24,0.5,0.6,0.4,0.5,184772
DPS,2023-03-27,0.5,0.5,0.5,0.5,0
DPS,2023-03-28,0.5,0.5,0.5,0.5,0
DPS,2023-03-29,0.5,0.5,0.5,0.5,0
DPS,2023-03-30,0.5,0.5,0.5,0.5,0
DPS,2023-03-31,0.5,0.5,0.4,0.5,447310
DPS,2023-04-03,0.4,0.4,0.4,0.4,0
DPS,2023-04-04,0.4,0.4,0.4,0.4,0
DPS,2023-04-05,0.4,0.4,0.4,0.4,0
DPS,2023-04-06,0.4,0.4,0.4,0.4,0
DPS,2023-04-07,0.5,0.5,0.4,0.5,1104100
DPS,2023-04-10,0.5,0.5,0.5,0.5,0
DPS,2023-04-11,0.5,0.5,0.5,0.5,0
DPS,2023-04-12,0.5,0.5,0.5,0.5,0
DPS,2023-04-13,0.5,0.5,0.5,0.5,0
DPS,2023-04-14,0.6,0.6,0.5,0.6,1046146
DPS,2023-04-17,0.5,0.5,0.5,0.5,0
DPS,2023-04-18,0.5,0.5,0.5,0.5,0
DPS,2023-04-19,0.5,0.5,0.5,0.5,0
DPS,2023-04-20,0.5,0.5,0.5,0.5,0
DPS,2023-04-21,0.5,0.6,0.5,0.5,327710
DPS,2023-04-24,0.5,0.5,0.5,0.5,0
DPS,2023-04-25,0.5,0.5,0.5,0.5,0
DPS,2023-04-26,0.5,0.5,0.5,0.5,0
DPS,2023-04-27,0.5,0.5,0.5,0.5,0
DPS,2023-04-28,0.5,0.5,0.4,0.5,368200
DPS,2023-05-04,0.5,0.5,0.5,0.5,0
DPS,2023-05-05,0.5,0.5,0.4,0.5,109100
DPS,2023-05-08,0.5,0.5,0.5,0.5,0
DPS,2023-05-09,0.5,0.5,0.5,0.5,0
DPS,2023-05-10,0.5,0.5,0.5,0.5,0
DPS,2023-05-11,0.5,0.5,0.5,0.5,0
DPS,2023-05-12,0.5,0.6,0.5,0.6,1320936
DPS,2023-05-15,0.6,0.6,0.6,0.6,0
DPS,2023-05-16,0.6,0.6,0.6,0.6,0
DPS,2023-05-17,0.6,0.6,0.6,0.6,0
DPS,2023-05-18,0.6,0.6,0.6,0.6,0
DPS,2023-05-19,0.6,0.6,0.5,0.6,311200
DPS,2023-05-22,0.5,0.5,0.5,0.5,0
DPS,2023-05-23,0.5,0.5,0.5,0.5,0
DPS,2023-05-24,0.5,0.5,0.5,0.5,0
DPS,2023-05-25,0.5,0.5,0.5,0.5,0
DPS,2023-05-26,0.6,0.6,0.5,0.5,252402
DPS,2023-05-29,0.5,0.5,0.5,0.5,0
DPS,2023-05-30,0.5,0.5,0.5,0.5,0
DPS,2023-05-31,0.5,0.5,0.5,0.5,0
DPS,2023-06-01,0.5,0.5,0.5,0.5,0
DPS,2023-06-02,0.5,0.6,0.5,0.6,1014906
DPS,2023-06-05,0.6,0.6,0.6,0.6,0
DPS,2023-06-06,0.6,0.6,0.6,0.6,0
DPS,2023-06-07,0.6,0.6,0.6,0.6,0
DPS,2023-06-08,0.6,0.6,0.6,0.6,0
DPS,2023-06-09,0.7,0.7,0.7,0.7,2821766
DPS,2023-06-12,0.7,0.7,0.7,0.7,0
DPS,2023-06-13,0.7,0.7,0.7,0.7,0
DPS,2023-06-14,0.7,0.7,0.7,0.7,0
DPS,2023-06-15,0.7,0.7,0.7,0.7,0
DPS,2023-06-16,0.8,0.8,0.6,0.7,1872880
DPS,2023-06-19,0.7,0.7,0.7,0.7,0
DPS,2023-06-20,0.7,0.7,0.7,0.7,0
DPS,2023-06-21,0.7,0.7,0.7,0.7,0
DPS,2023-06-22,0.7,0.7,0.7,0.7,0
DPS,2023-06-23,0.7,0.8,0.6,0.7,1255453
DPS,2023-06-26,0.7,0.7,0.7,0.7,0
DPS,2023-06-27,0.7,0.7,0.7,0.7,0
DPS,2023-06-28,0.7,0.7,0.7,0.7,0
DPS,2023-06-29,0.7,0.7,0.7,0.7,0
DPS,2023-06-30,0.7,0.7,0.6,0.6,1643949
DPS,2023-07-03,0.6,0.6,0.6,0.6,0
DPS,2023-07-04,0.6,0.6,0.6,0.6,0
DPS,2023-07-05,0.6,0.6,0.6,0.6,0
DPS,2023-07-06,0.6,0.6,0.6,0.6,0
DPS,2023-07-07,0.6,0.7,0.5,0.6,593352
DPS,2023-07-10,0.6,0.6,0.6,0.6,0
DPS,2023-07-11,0.6,0.6,0.6,0.6,0
DPS,2023-07-12,0.6,0.6,0.6,0.6,0
DPS,2023-07-13,0.6,0.6,0.6,0.6,0
DPS,2023-07-14,0.6,0.7,0.6,0.7,793831
DPS,2023-07-17,0.6,0.6,0.6,0.6,0
DPS,2023-07-18,0.6,0.6,0.6,0.6,0
DPS,2023-07-19,0.6,0.6,0.6,0.6,0
DPS,2023-07-20,0.6,0.6,0.6,0.6,0
DPS,2023-07-21,0.6,0.7,0.6,0.6,527632
DPS,2023-07-24,0.6,0.6,0.6,0.6,0
DPS,2023-07-25,0.6,0.6,0.6,0.6,0
DPS,2023-07-26,0.6,0.6,0.6,0.6,0
DPS,2023-07-27,0.6,0.6,0.6,0.6,0
DPS,2023-07-28,0.6,0.7,0.6,0.7,1169836
DPS,2023-07-31,0.6,0.6,0.6,0.6,0
DPS,2023-08-01,0.6,0.6,0.6,0.6,0
DPS,2023-08-02,0.6,0.6,0.6,0.6,0
DPS,2023-08-03,0.6,0.6,0.6,0.6,0
DPS,2023-08-04,0.6,0.7,0.5,0.6,596012
DPS,2023-08-07,0.6,0.6,0.6,0.6,0
DPS,2023-08-08,0.6,0.6,0.6,0.6,0
DPS,2023-08-09,0.6,0.6,0.6,0.6,0
DPS,2023-08-10,0.6,0.6,0.6,0.6,0
DPS,2023-08-11,0.6,0.7,0.5,0.6,931502
DPS,2023-08-14,0.6,0.6,0.6,0.6,0
DPS,2023-08-15,0.6,0.6,0.6,0.6,0
DPS,2023-08-16,0.6,0.6,0.6,0.6,0
DPS,2023-08-17,0.6,0.6,0.6,0.6,0
DPS,2023-08-18,0.6,0.6,0.5,0.6,103067
DPS,2023-08-21,0.6,0.6,0.6,0.6,0
DPS,2023-08-22,0.6,0.6,0.6,0.6,0
DPS,2023-08-23,0.6,0.6,0.6,0.6,0
DPS,2023-08-24,0.6,0.6,0.6,0.6,0
DPS,2023-08-25,0.6,0.7,0.5,0.6,779738
DPS,2023-08-28,0.6,0.6,0.6,0.6,0
DPS,2023-08-29,0.6,0.6,0.6,0.6,0
DPS,2023-08-30,0.6,0.6,0.6,0.6,0
DPS,2023-08-31,0.6,0.6,0.6,0.6,0
DPS,2023-09-05,0.6,0.6,0.6,0.6,0
DPS,2023-09-06,0.6,0.6,0.6,0.6,0
DPS,2023-09-07,0.6,0.6,0.6,0.6,0
DPS,2023-09-08,0.6,0.6,0.5,0.6,473171
DPS,2023-09-11,0.6,0.6,0.6,0.6,0
DPS,2023-09-12,0.6,0.6,0.6,0.6,0
DPS,2023-09-13,0.6,0.6,0.6,0.6,0
DPS,2023-09-14,0.6,0.6,0.6,0.6,0
DPS,2023-09-15,0.5,0.6,0.5,0.6,586930
DPS,2023-09-18,0.5,0.5,0.5,0.5,0
DPS,2023-09-19,0.5,0.5,0.5,0.5,0
DPS,2023-09-20,0.5,0.5,0.5,0.5,0
DPS,2023-09-21,0.5,0.5,0.5,0.5,0
DPS,2023-09-22,0.6,0.6,0.5,0.6,388489
DPS,2023-09-25,0.5,0.5,0.5,0.5,0
DPS,2023-09-26,0.5,0.5,0.5,0.5,0
DPS,2023-09-27,0.5,0.5,0.5,0.5,0
DPS,2023-09-28,0.5,0.5,0.5,0.5,0
DPS,2023-09-29,0.5,0.6,0.4,0.6,585760
DPS,2023-10-02,0.5,0.5,0.5,0.5,0
DPS,2023-10-03,0.5,0.5,0.5,0.5,0
DPS,2023-10-04,0.5,0.5,0.5,0.5,0
DPS,2023-10-05,0.5,0.5,0.5,0.5,0
DPS,2023-10-06,0.5,0.6,0.4,0.5,395922
DPS,2023-10-09,0.5,0.5,0.5,0.5,0
DPS,2023-10-10,0.5,0.5,0.5,0.5,0
DPS,2023-10-11,0.5,0.5,0.5,0.5,0
DPS,2023-10-12,0.5,0.5,0.5,0.5,0
DPS,2023-10-13,0.5,0.6,0.4,0.5,622494
DPS,2023-10-16,0.5,0.5,0.5,0.5,0
DPS,2023-10-17,0.5,0.5,0.5,0.5,0
DPS,2023-10-18,0.5,0.5,0.5,0.5,0
DPS,2023-10-19,0.5,0.5,0.5,0.5,0
DPS,2023-10-20,0.5,0.5,0.4,0.5,102115
DPS,2023-10-23,0.5,0.5,0.5,0.5,0
DPS,2023-10-24,0.5,0.5,0.5,0.5,0
DPS,2023-10-25,0.5,0.5,0.5,0.5,0
DPS,2023-10-26,0.5,0.5,0.5,0.5,0
DPS,2023-10-27,0.5,0.5,0.4,0.4,94421
DPS,2023-10-30,0.5,0.5,0.5,0.5,0
DPS,2023-10-31,0.5,0.5,0.5,0.5,0
DPS,2023-11-01,0.5,0.5,0.5,0.5,0
DPS,2023-11-02,0.5,0.5,0.5,0.5,0
DPS,2023-11-03,0.5,0.5,0.4,0.5,352050
DPS,2023-11-06,0.5,0.5,0.5,0.5,0
DPS,2023-11-07,0.5,0.5,0.5,0.5,0
DPS,2023-11-08,0.5,0.5,0.5,0.5,0
DPS,2023-11-09,0.5,0.5,0.5,0.5,0
DPS,2023-11-10,0.5,0.5,0.4,0.5,367742
DPS,2023-11-13,0.5,0.5,0.5,0.5,0
DPS,2023-11-14,0.5,0.5,0.5,0.5,0
DPS,2023-11-15,0.5,0.5,0.5,0.5,0
DPS,2023-11-16,0.5,0.5,0.5,0.5,0
DPS,2023-11-17,0.5,0.5,0.4,0.4,132707
DPS,2023-11-20,0.4,0.4,0.4,0.4,0
DPS,2023-11-21,0.4,0.4,0.4,0.4,0
DPS,2023-11-22,0.4,0.4,0.4,0.4,0
DPS,2023-11-23,0.4,0.4,0.4,0.4,0
DPS,2023-11-24,0.4,0.5,0.4,0.5,121751
DPS,2023-11-27,0.4,0.4,0.4,0.4,0
DPS,2023-11-28,0.4,0.4,0.4,0.4,0
DPS,2023-11-29,0.4,0.4,0.4,0.4,0
DPS,2023-11-30,0.4,0.4,0.4,0.4,0
DPS,2023-12-01,0.4,0.5,0.4,0.5,194205
DPS,2023-12-04,0.4,0.4,0.4,0.4,0
DPS,2023-12-05,0.4,0.4,0.4,0.4,0
DPS,2023-12-06,0.4,0.4,0.4,0.4,0
DPS,2023-12-07,0.4,0.4,0.4,0.4,0
DPS,2023-12-08,0.4,0.5,0.3,0.4,1292807
DPS,2023-12-11,0.4,0.4,0.4,0.4,0
DPS,2023-12-12,0.4,0.4,0.4,0.4,0
DPS,2023-12-13,0.4,0.4,0.4,0.4,0
DPS,2023-12-14,0.4,0.4,0.4,0.4,0
DPS,2023-12-15,0.3,0.4,0.3,0.4,1646172
DPS,2023-12-18,0.3,0.3,0.3,0.3,0
DPS,2023-12-19,0.3,0.3,0.3,0.3,0
DPS,2023-12-20,0.3,0.3,0.3,0.3,0
DPS,2023-12-21,0.3,0.3,0.3,0.3,0
DPS,2023-12-22,0.3,0.4,0.3,0.3,236171
DPS,2023-12-25,0.3,0.3,0.3,0.3,0
DPS,2023-12-26,0.3,0.3,0.3,0.3,0
DPS,2023-12-27,0.3,0.3,0.3,0.3,0
DPS,2023-12-28,0.3,0.3,0.3,0.3,0
DPS,2023-12-29,0.3,0.4,0.3,0.3,49593
DPS,2024-01-02,0.3,0.3,0.3,0.3,0
DPS,2024-01-03,0.3,0.3,0.3,0.3,0
DPS,2024-01-04,0.3,0.3,0.3,0.3,0
DPS,2024-01-05,0.3,0.4,0.2,0.4,1394121
DPS,2024-01-08,0.3,0.3,0.3,0.3,0
DPS,2024-01-09,0.3,0.3,0.3,0.3,0
DPS,2024-01-10,0.3,0.3,0.3,0.3,0
DPS,2024-01-11,0.3,0.3,0.3,0.3,0
DPS,2024-01-12,0.3,0.4,0.3,0.4,1608358
DPS,2024-01-15,0.4,0.4,0.4,0.4,0
DPS,2024-01-16,0.4,0.4,0.4,0.4,0
DPS,2024-01-17,0.4,0.4,0.4,0.4,0
DPS,2024-01-18,0.4,0.4,0.4,0.4,0
DPS,2024-01-19,0.4,0.5,0.3,0.3,664166
DPS,2024-01-22,0.4,0.4,0.4,0.4,0
DPS,2024-01-23,0.4,0.4,0.4,0.4,0
DPS,2024-01-24,0.4,0.4,0.4,0.4,0
DPS,2024-01-25,0.4,0.4,0.4,0.4,0
DPS,2024-01-26,0.4,0.4,0.3,0.4,440400
DPS,2024-01-29,0.4,0.4,0.4,0.4,0
DPS,2024-01-30,0.4,0.4,0.4,0.4,0
DPS,2024-01-31,0.4,0.4,0.4,0.4,0
DPS,2024-02-01,0.4,0.4,0.4,0.4,0
DPS,2024-02-02,0.4,0.4,0.3,0.4,970900
DPS,2024-02-05,0.4,0.4,0.4,0.4,0
DPS,2024-02-06,0.4,0.4,0.4,0.4,0
DPS,2024-02-07,0.4,0.4,0.4,0.4,0
DPS,2024-02-15,0.4,0.4,0.4,0.4,0
DPS,2024-02-16,0.4,0.5,0.4,0.4,363635
DPS,2024-02-19,0.4,0.4,0.4,0.4,0
DPS,2024-02-20,0.4,0.4,0.4,0.4,0
DPS,2024-02-21,0.4,0.4,0.4,0.4,0
DPS,2024-02-22,0.4,0.4,0.4,0.4,0
DPS,2024-02-23,0.4,0.5,0.4,0.4,499924
DPS,2024-02-26,0.4,0.4,0.4,0.4,0
DPS,2024-02-27,0.4,0.4,0.4,0.4,0
DPS,2024-02-28,0.4,0.4,0.4,0.4,0
DPS,2024-02-29,0.4,0.4,0.4,0.4,0
DPS,2024-03-01,0.4,0.5,0.4,0.4,409360
DPS,2024-03-04,0.4,0.4,0.4,0.4,0
DPS,2024-03-05,0.4,0.4,0.4,0.4,0
DPS,2024-03-06,0.4,0.4,0.4,0.4,0
DPS,2024-03-07,0.4,0.4,0.4,0.4,0
DPS,2024-03-08,0.4,0.5,0.3,0.4,1747500
DPS,2024-03-11,0.4,0.4,0.4,0.4,0
DPS,2024-03-12,0.4,0.4,0.4,0.4,0
DPS,2024-03-13,0.4,0.4,0.4,0.4,0
DPS,2024-03-14,0.4,0.4,0.4,0.4,0
DPS,2024-03-15,0.4,0.5,0.4,0.4,933138
DPS,2024-03-18,0.4,0.4,0.4,0.4,0
DPS,2024-03-19,0.4,0.4,0.4,0.4,0
DPS,2024-03-20,0.4,0.4,0.4,0.4,0
DPS,2024-03-21,0.4,0.4,0.4,0.4,0
DPS,2024-03-22,0.4,0.5,0.4,0.4,189529
DPS,2024-03-25,0.4,0.4,0.4,0.4,0
DPS,2024-03-26,0.4,0.4,0.4,0.4,0
DPS,2024-03-27,0.4,0.4,0.4,0.4,0
DPS,2024-03-28,0.4,0.4,0.4,0.4,0
DPS,2024-03-29,0.4,0.5,0.4,0.4,426930
DPS,2024-04-01,0.4,0.4,0.4,0.4,0
DPS,2024-04-02,0.4,0.4,0.4,0.4,0
DPS,2024-04-03,0.4,0.4,0.4,0.4,0
DPS,2024-04-04,0.4,0.4,0.4,0.4,0
DPS,2024-04-05,0.4,0.5,0.4,0.4,718567
DPS,2024-04-08,0.4,0.4,0.4,0.4,0
DPS,2024-04-09,0.4,0.4,0.4,0.4,0
DPS,2024-04-10,0.4,0.4,0.4,0.4,0
DPS,2024-04-11,0.4,0.4,0.4,0.4,0
DPS,2024-04-12,0.4,0.4,0.3,0.4,588688
DPS,2024-04-15,0.4,0.4,0.4,0.4,0
DPS,2024-04-16,0.4,0.4,0.4,0.4,0
DPS,2024-04-17,0.4,0.4,0.4,0.4,0
DPS,2024-04-19,0.4,0.4,0.3,0.3,119100
DPS,2024-04-22,0.4,0.4,0.4,0.4,0
DPS,2024-04-23,0.4,0.4,0.4,0.4,0
DPS,2024-04-24,0.4,0.4,0.4,0.4,0
DPS,2024-04-25,0.4,0.4,0.4,0.4,0
DPS,2024-04-26,0.4,0.5,0.4,0.4,288807
DPS,2024-05-02,0.4,0.4,0.4,0.4,0
DPS,2024-05-03,0.4,0.5,0.3,0.4,288331
DPS,2024-05-06,0.4,0.4,0.4,0.4,0
DPS,2024-05-07,0.4,0.4,0.4,0.4,0
DPS,2024-05-08,0.4,0.4,0.4,0.4,0
DPS,2024-05-09,0.4,0.4,0.4,0.4,0
DPS,2024-05-10,0.4,0.4,0.3,0.4,222713
DPS,2024-05-13,0.4,0.4,0.4,0.4,0
DPS,2024-05-14,0.4,0.4,0.4,0.4,0
DPS,2024-05-15,0.4,0.4,0.4,0.4,0
DPS,2024-05-16,0.4,0.4,0.4,0.4,0
DPS,2024-05-17,0.4,0.5,0.3,0.4,860349
DPS,2024-05-20,0.4,0.4,0.4,0.4,0
DPS,2024-05-21,0.4,0.4,0.4,0.4,0
DPS,2024-05-22,0.4,0.4,0.4,0.4,0
DPS,2024-05-23,0.4,0.4,0.4,0.4,0
DPS,2024-05-24,0.4,0.5,0.3,0.4,813962
DPS,2024-05-27,0.4,0.4,0.4,0.4,0
DPS,2024-05-28,0.4,0.4,0.4,0.4,0
DPS,2024-05-29,0.4,0.4,0.4,0.4,0
DPS,2024-05-30,0.4,0.4,0.4,0.4,0
DPS,2024-05-31,0.3,0.4,0.3,0.3,2774728
DPS,2024-06-03,0.3,0.3,0.3,0.3,0
DPS,2024-06-04,0.3,0.3,0.3,0.3,0
DPS,2024-06-05,0.3,0.3,0.3,0.3,0
DPS,2024-06-06,0.3,0.3,0.3,0.3,0
DPS,2024-06-07,0.3,0.3,0.3,0.3,0
DPS,2024-06-10,0.3,0.3,0.3,0.3,0
DPS,2024-06-11,0.3,0.3,0.3,0.3,0
DPS,2024-06-12,0.3,0.3,0.3,0.3,0
DPS,2024-06-13,0.3,0.3,0.3,0.3,0
DPS,2024-06-14,0.3,0.3,0.3,0.3,0
DPS,2024-06-17,0.3,0.3,0.3,0.3,0
DPS,2024-06-18,0.3,0.3,0.3,0.3,0
DPS,2024-06-19,0.3,0.3,0.3,0.3,0
DPS,2024-06-20,0.3,0.3,0.3,0.3,0
DPS,2024-06-21,0.3,0.3,0.3,0.3,0
DPS,2024-06-24,0.3,0.3,0.3,0.3,0
DPS,2024-06-25,0.3,0.3,0.3,0.3,0
DPS,2024-06-26,0.3,0.3,0.3,0.3,0
DPS,2024-06-27,0.3,0.3,0.3,0.3,0
DPS,2024-06-28,0.3,0.3,0.3,0.3,0
DPS,2024-07-01,0.3,0.3,0.3,0.3,0
DPS,2024-07-02,0.3,0.3,0.3,0.3,0
DPS,2024-07-03,0.3,0.3,0.3,0.3,0
DPS,2024-07-04,0.3,0.3,0.3,0.3,0
DPS,2024-07-05,0.3,0.3,0.3,0.3,0
DPS,2024-07-08,0.3,0.3,0.3,0.3,0
DPS,2024-07-09,0.3,0.3,0.3,0.3,0
DPS,2024-07-10,0.3,0.3,0.3,0.3,0
DPS,2024-07-11,0.3,0.3,0.3,0.3,0
DPS,2024-07-12,0.3,0.3,0.3,0.3,0
DPS,2024-07-15,0.3,0.3,0.3,0.3,0
DPS,2024-07-16,0.3,0.3,0.3,0.3,0
DPS,2024-07-17,0.3,0.3,0.3,0.3,0
DPS,2024-07-18,0.3,0.3,0.3,0.3,0
DPS,2024-07-19,0.3,0.3,0.3,0.3,0
DPS,2024-07-22,0.3,0.3,0.3,0.3,0
DPS,2024-07-23,0.3,0.3,0.3,0.3,0
DPS,2024-07-24,0.3,0.3,0.3,0.3,0
DPS,2024-07-25,0.3,0.3,0.3,0.3,0
DPR,2007-11-30,11.2,11.65,10.98,11.09,456960
DPR,2007-12-03,10.75,10.86,10.64,10.75,186050
DPR,2007-12-04,10.75,10.86,10.64,10.64,126880
DPR,2007-12-05,10.58,10.58,10.42,10.47,75740
DPR,2007-12-06,10.19,10.3,10.19,10.19,119550
DPR,2007-12-07,10.08,10.42,10.08,10.3,91490
DPR,2007-12-10,10.19,10.19,9.97,10.02,112090
DPR,2007-12-11,9.8,9.86,9.63,9.63,59930
DPR,2007-12-12,9.52,9.97,9.46,9.8,58290
DPR,2007-12-13,9.74,9.74,9.46,9.46,64800
DPR,2007-12-14,9.35,9.41,9.18,9.18,89610
DPR,2007-12-17,8.96,9.02,8.79,8.79,125770
DPR,2007-12-18,8.79,9.07,8.79,9.07,35090
DPR,2007-12-19,9.3,9.52,9.3,9.52,78920
DPR,2007-12-20,9.63,9.63,9.18,9.3,85820
DPR,2007-12-21,9.24,9.46,9.24,9.41,55120
DPR,2007-12-24,9.41,9.41,9.35,9.35,40280
DPR,2007-12-25,9.24,9.35,9.24,9.3,53110
DPR,2007-12-26,9.3,9.41,9.3,9.41,40630
DPR,2007-12-27,9.41,9.52,9.41,9.46,111370
DPR,2007-12-28,9.52,9.58,9.46,9.52,112470
DPR,2008-01-02,9.69,9.74,9.63,9.63,143780
DPR,2008-01-03,9.74,9.74,9.63,9.63,95550
DPR,2008-01-04,9.63,9.63,9.52,9.52,28890
DPR,2008-01-07,9.3,9.41,9.13,9.41,78990
DPR,2008-01-08,9.52,9.52,9.3,9.3,41550
DPR,2008-01-09,9.18,9.18,9.02,9.02,81550
DPR,2008-01-10,8.9,8.96,8.85,8.96,127650
DPR,2008-01-11,8.96,9.07,8.96,9.07,57180
DPR,2008-01-14,8.96,9.02,8.85,8.85,96000
DPR,2008-01-15,8.62,8.74,8.46,8.46,127900
DPR,2008-01-16,8.74,8.85,8.74,8.85,94060
DPR,2008-01-17,8.85,8.96,8.57,8.74,89260
DPR,2008-01-18,8.62,8.9,8.62,8.9,25160
DPR,2008-01-21,8.74,8.85,8.68,8.74,60070
DPR,2008-01-22,8.51,8.62,8.51,8.57,83220
DPR,2008-01-23,8.4,8.4,8.29,8.29,92950
DPR,2008-01-24,8.62,8.62,8.01,8.01,50870
DPR,2008-01-25,8.01,8.12,8.06,8.06,104950
DPR,2008-01-28,8.06,8.06,8.01,8.06,58900
DPR,2008-01-29,8.34,8.46,8.23,8.46,88620
DPR,2008-01-30,8.85,8.85,8.85,8.85,148960
DPR,2008-01-31,8.79,8.85,8.62,8.79,77760
DPR,2008-02-01,9.13,9.18,8.96,9.18,166430
DPR,2008-02-12,9.24,9.24,8.84,8.9,41900
DPR,2008-02-13,8.84,8.84,8.67,8.73,55420
DPR,2008-02-14,8.96,8.96,8.73,8.73,49930
DPR,2008-02-15,8.73,8.73,8.56,8.73,30520
DPR,2008-02-18,8.33,8.56,8.33,8.39,112410
DPR,2008-02-19,8.33,8.44,8.21,8.33,72890
DPR,2008-02-20,8.21,8.21,7.93,7.93,100940
DPR,2008-02-21,7.59,7.59,7.59,7.59,65980
DPR,2008-02-22,7.24,7.64,7.24,7.64,87280
DPR,2008-02-25,7.64,7.99,7.64,7.99,81970
DPR,2008-02-26,7.59,7.7,7.59,7.59,46980
DPR,2008-02-27,7.42,7.76,7.24,7.24,107110
DPR,2008-02-28,7.24,7.36,7.19,7.24,58690
DPR,2008-02-29,7.13,7.19,6.9,6.96,70030
DPR,2008-03-03,6.67,6.73,6.62,6.62,94230
DPR,2008-03-04,6.33,6.33,6.33,6.33,77860
DPR,2008-03-05,6.05,6.05,6.05,6.05,46450
DPR,2008-03-06,6.33,6.33,6.33,6.33,36390
DPR,2008-03-07,6.62,6.62,6.62,6.62,2450
DPR,2008-03-10,6.9,6.9,6.5,6.62,321290
DPR,2008-03-11,6.5,6.5,6.39,6.5,137640
DPR,2008-03-12,6.5,6.73,6.5,6.62,133190
DPR,2008-03-13,6.62,6.62,6.56,6.62,96580
DPR,2008-03-14,6.45,6.73,6.45,6.62,110350
DPR,2008-03-17,6.5,6.5,6.33,6.39,206360
DPR,2008-03-18,6.1,6.16,6.1,6.1,244950
DPR,2008-03-19,6.22,6.27,6.05,6.05,179240
DPR,2008-03-20,5.93,6.1,5.88,5.93,248660
DPR,2008-03-21,5.99,5.99,5.7,5.76,200060
DPR,2008-03-24,5.53,5.53,5.48,5.48,205240
DPR,2008-03-25,5.2,5.48,5.2,5.2,214290
DPR,2008-03-26,5.45,5.45,5.43,5.45,80600
DPR,2008-03-27,5.5,5.5,5.5,5.5,3300
DPR,2008-03-28,5.5,5.54,5.5,5.54,530
DPR,2008-03-31,5.59,5.59,5.59,5.59,3500
DPR,2008-04-01,5.64,5.64,5.64,5.64,20
DPR,2008-04-02,5.68,5.68,5.68,5.68,10
DPR,2008-04-03,5.7,5.7,5.7,5.7,510
DPR,2008-04-04,5.7,5.76,5.7,5.76,320
DPR,2008-04-07,5.88,5.88,5.88,5.88,1000
DPR,2008-04-08,5.99,5.99,5.99,5.99,161550
DPR,2008-04-09,6.1,6.1,6.1,6.1,65640
DPR,2008-04-10,5.99,6.05,5.99,5.99,244550
DPR,2008-04-11,5.88,5.99,5.88,5.99,121890
DPR,2008-04-16,5.93,5.99,5.88,5.88,82560
DPR,2008-04-17,5.88,5.99,5.88,5.99,54010
DPR,2008-04-18,6.1,6.1,5.99,6.1,212860
DPR,2008-04-21,6.22,6.22,6.22,6.22,19280
DPR,2008-04-22,6.33,6.33,6.16,6.33,194870
DPR,2008-04-23,6.27,6.27,6.22,6.22,136720
DPR,2008-04-24,6.1,6.33,6.1,6.1,85480
DPR,2008-04-25,6.16,6.22,6.1,6.22,115540
DPR,2008-04-28,6.27,6.33,6.27,6.33,224640
DPR,2008-04-29,6.45,6.45,6.33,6.39,151740
DPR,2008-05-05,6.45,6.45,6.27,6.27,73850
DPR,2008-05-06,6.27,6.27,6.16,6.27,28840
DPR,2008-05-07,6.22,6.27,6.16,6.16,88140
DPR,2008-05-08,6.05,6.22,6.05,6.22,114280
DPR,2008-05-09,6.1,6.1,6.1,6.1,43310
DPR,2008-05-12,5.99,5.99,5.99,5.99,35300
DPR,2008-05-13,5.88,5.88,5.88,5.88,23030
DPR,2008-05-14,5.76,5.76,5.76,5.76,27100
DPR,2008-05-15,5.65,5.71,5.65,5.68,174740
DPR,2008-05-16,5.78,5.78,5.64,5.78,88050
DPR,2008-05-19,5.82,5.88,5.76,5.88,82350
DPR,2008-05-20,5.88,5.93,5.84,5.88,58310
DPR,2008-05-21,5.77,5.88,5.76,5.76,141340
DPR,2008-05-22,5.65,5.66,5.65,5.65,350360
DPR,2008-05-23,5.55,5.55,5.55,5.55,106610
DPR,2008-05-26,5.44,5.58,5.44,5.44,153330
DPR,2008-05-30,5.34,5.44,5.34,5.34,70680
DPR,2008-06-02,5.23,5.23,5.23,5.23,15130
DPR,2008-06-03,5.14,5.14,5.14,5.14,14530
DPR,2008-06-04,5.04,5.04,5.04,5.04,17250
DPR,2008-06-05,4.95,4.95,4.95,4.95,650
DPR,2008-06-06,4.85,4.85,4.85,4.85,3710
DPR,2008-06-09,4.76,4.76,4.76,4.76,4310
DPR,2008-06-10,4.67,4.67,4.67,4.67,1640
DPR,2008-06-11,4.58,4.75,4.58,4.75,55890
DPR,2008-06-12,4.84,4.84,4.84,4.84,11980
DPR,2008-06-13,4.94,4.94,4.94,4.94,710
DPR,2008-06-16,5.03,5.03,5.03,5.03,3200
DPR,2008-06-17,5.12,5.12,5.12,5.12,600
DPR,2008-06-18,5.22,5.22,5.03,5.22,159040
DPR,2008-06-19,5.17,5.37,5.09,5.37,39190
DPR,2008-06-20,5.22,5.29,5.22,5.22,32350
DPR,2008-06-23,5.37,5.37,5.37,5.37,75260
DPR,2008-06-24,5.52,5.52,5.52,5.52,121450
DPR,2008-06-25,5.69,5.69,5.69,5.69,9800
DPR,2008-06-26,5.85,5.85,5.71,5.85,152650
DPR,2008-06-27,5.99,5.99,5.93,5.99,95070
DPR,2008-06-30,6.17,6.17,6.17,6.17,1160
DPR,2008-07-01,6.35,6.35,6.35,6.35,8290
DPR,2008-07-02,6.52,6.52,6.52,6.52,7580
DPR,2008-07-03,6.7,6.7,6.7,6.7,3050
DPR,2008-07-04,6.87,6.87,6.87,6.87,18270
DPR,2008-07-07,7.05,7.05,6.7,6.99,289630
DPR,2008-07-08,6.99,7.17,6.82,7.17,222600
DPR,2008-07-09,7.34,7.34,7.34,7.34,16860
DPR,2008-07-10,7.52,7.52,7.52,7.52,91630
DPR,2008-07-11,7.7,7.7,7.7,7.7,10710
DPR,2008-07-14,7.87,7.87,7.87,7.87,91340
DPR,2008-07-15,8.11,8.11,8.11,8.11,22560
DPR,2008-07-16,8.23,8.34,7.87,8.34,338550
DPR,2008-07-17,8.58,8.58,8.58,8.58,56660
DPR,2008-07-18,8.34,8.64,8.34,8.34,172890
DPR,2008-07-21,8.11,8.11,8.11,8.11,64030
DPR,2008-07-22,7.87,7.87,7.87,7.87,110
DPR,2008-07-23,7.64,7.64,7.64,7.64,110
DPR,2008-07-24,7.46,7.81,7.46,7.46,242470
DPR,2008-07-25,7.29,7.34,7.29,7.29,133690
DPR,2008-07-28,7.23,7.46,7.23,7.46,156730
DPR,2008-07-29,7.64,7.64,7.64,7.64,83430
DPR,2008-07-30,7.81,7.81,7.46,7.64,172010
DPR,2008-07-31,7.46,7.52,7.46,7.46,132030
DPR,2008-08-01,7.29,7.46,7.29,7.29,145230
DPR,2008-08-04,7.11,7.11,7.11,7.11,80440
DPR,2008-08-05,6.93,7.23,6.93,7.23,158300
DPR,2008-08-06,7.4,7.4,7.29,7.4,93090
DPR,2008-08-07,7.58,7.58,7.29,7.4,75650
DPR,2008-08-08,7.4,7.4,7.29,7.4,59510
DPR,2008-08-11,7.58,7.58,7.46,7.58,111520
DPR,2008-08-12,7.76,7.76,7.64,7.64,89580
DPR,2008-08-13,7.46,7.64,7.46,7.52,85100
DPR,2008-08-14,7.7,7.7,7.58,7.7,93300
DPR,2008-08-15,7.87,7.87,7.87,7.87,145520
DPR,2008-08-18,8.23,8.23,8.17,8.23,322260
DPR,2008-08-19,8.23,8.23,7.81,8.11,106680
DPR,2008-08-20,7.76,7.99,7.76,7.76,225860
DPR,2008-08-21,7.76,8.11,7.58,8.11,176140
DPR,2008-08-22,8.11,8.23,7.76,7.76,128160
DPR,2008-08-25,8.11,8.11,8.11,8.11,91220
DPR,2008-08-26,8.46,8.46,8.23,8.46,273110
DPR,2008-08-27,8.23,8.81,8.23,8.23,55100
DPR,2008-08-28,7.87,7.99,7.81,7.81,149990
DPR,2008-08-29,8.11,8.17,7.87,8.17,118480
DPR,2008-09-03,8.52,8.52,8.4,8.46,73230
DPR,2008-09-04,8.23,8.4,8.23,8.28,72350
DPR,2008-09-05,8.17,8.23,8.05,8.17,109390
DPR,2008-09-08,7.81,8.17,7.81,8.17,95220
DPR,2008-09-09,7.87,8.23,7.87,7.99,60300
DPR,2008-09-10,7.99,7.99,7.7,7.81,65660
DPR,2008-09-11,7.52,7.52,7.46,7.46,312590
DPR,2008-09-12,7.17,7.46,7.17,7.29,287250
DPR,2008-09-15,7.29,7.64,7.11,7.11,91340
DPR,2008-09-16,6.82,7.05,6.76,6.76,290010
DPR,2008-09-17,7.05,7.05,6.52,6.7,170060
DPR,2008-09-18,6.4,6.58,6.4,6.58,161110
DPR,2008-09-19,6.87,6.87,6.87,6.87,31920
DPR,2008-09-22,7.17,7.17,7.17,7.17,110010
DPR,2008-09-23,7.05,7.29,6.87,7.29,111340
DPR,2008-09-24,6.99,7.29,6.93,6.93,56620
DPR,2008-09-25,7.11,7.23,7.05,7.23,68010
DPR,2008-09-26,7.58,7.58,7.34,7.52,100050
DPR,2008-09-29,7.23,7.64,7.23,7.64,47570
DPR,2008-09-30,7.29,7.29,7.29,7.29,19140
DPR,2008-10-01,7.29,7.52,7.17,7.4,39570
DPR,2008-10-02,7.46,7.52,7.29,7.4,11600
DPR,2008-10-03,7.05,7.17,7.05,7.17,22970
DPR,2008-10-06,6.82,7.05,6.82,7.05,23960
DPR,2008-10-07,6.7,6.76,6.7,6.7,76460
DPR,2008-10-08,6.52,6.82,6.52,6.82,31490
DPR,2008-10-09,6.58,7.11,6.58,6.7,13280
DPR,2008-10-10,6.46,6.76,6.46,6.76,65240
DPR,2008-10-13,6.76,6.82,6.58,6.58,61530
DPR,2008-10-14,6.87,6.87,6.87,6.87,19890
DPR,2008-10-15,7.11,7.11,6.58,6.64,53290
DPR,2008-10-16,6.35,6.35,6.35,6.35,71800
DPR,2008-10-17,6.11,6.11,6.05,6.11,42630
DPR,2008-10-20,5.81,5.86,5.81,5.81,82000
DPR,2008-10-21,5.55,5.55,5.52,5.52,136550
DPR,2008-10-22,5.25,5.25,5.25,5.25,26210
DPR,2008-10-23,4.99,4.99,4.99,4.99,21960
DPR,2008-10-24,4.75,4.75,4.75,4.75,31850
DPR,2008-10-27,4.51,4.51,4.51,4.51,42850
DPR,2008-10-28,4.29,4.31,4.29,4.29,202830
DPR,2008-10-29,4.49,4.5,4.08,4.08,124150
DPR,2008-10-30,3.88,4.28,3.88,3.9,176140
DPR,2008-10-31,3.71,4.09,3.71,3.96,119770
DPR,2008-11-03,4.15,4.15,4.09,4.15,35760
DPR,2008-11-04,4.35,4.35,4.35,4.35,201230
DPR,2008-11-05,4.56,4.56,4.56,4.56,12130
DPR,2008-11-06,4.58,4.78,4.56,4.7,139820
DPR,2008-11-07,4.47,4.61,4.47,4.47,58070
DPR,2008-11-10,4.47,4.47,4.24,4.24,80920
DPR,2008-11-11,4.24,4.24,4.03,4.03,85770
DPR,2008-11-12,3.83,4.17,3.83,4.17,38180
DPR,2008-11-13,4.11,4.34,4.0,4.34,25850
DPR,2008-11-14,4.43,4.43,4.23,4.23,56680
DPR,2008-11-17,4.03,4.17,4.03,4.03,26620
DPR,2008-11-18,4.0,4.0,3.84,3.88,19380
DPR,2008-11-19,4.0,4.0,3.88,3.88,11900
DPR,2008-11-20,3.7,3.82,3.69,3.69,72760
DPR,2008-11-21,3.54,3.64,3.51,3.51,74150
DPR,2008-11-24,3.42,3.44,3.41,3.41,70850
DPR,2008-11-25,3.51,3.57,3.47,3.57,62600
DPR,2008-11-26,3.57,3.57,3.49,3.49,44380
DPR,2008-11-27,3.49,3.53,3.36,3.41,41040
DPR,2008-11-28,3.53,3.57,3.53,3.57,76730
DPR,2008-12-01,3.57,3.6,3.54,3.57,64960
DPR,2008-12-02,3.44,3.57,3.44,3.57,73400
DPR,2008-12-03,3.57,3.71,3.56,3.71,73750
DPR,2008-12-04,3.85,3.88,3.76,3.88,66950
DPR,2008-12-05,3.76,3.88,3.74,3.88,73700
DPR,2008-12-08,3.69,3.88,3.69,3.88,45810
DPR,2008-12-09,3.7,3.88,3.7,3.88,21560
DPR,2008-12-10,3.88,3.88,3.73,3.88,30990
DPR,2008-12-11,3.83,3.98,3.7,3.7,27760
DPR,2008-12-12,3.63,3.88,3.63,3.88,17190
DPR,2008-12-15,4.0,4.07,4.0,4.07,32750
DPR,2008-12-16,3.89,3.89,3.87,3.87,16200
DPR,2008-12-17,3.7,3.88,3.69,3.69,14440
DPR,2008-12-18,3.82,3.87,3.82,3.82,1500
DPR,2008-12-19,3.64,3.82,3.64,3.69,22390
DPR,2008-12-22,3.75,3.75,3.73,3.73,25120
DPR,2008-12-23,3.69,3.87,3.69,3.75,5870
DPR,2008-12-24,3.69,3.75,3.69,3.75,5170
DPR,2008-12-25,3.75,3.75,3.69,3.69,16870
DPR,2008-12-26,3.69,3.75,3.69,3.75,1210
DPR,2008-12-29,3.63,3.75,3.63,3.74,4500
DPR,2008-12-30,3.75,3.82,3.74,3.82,25410
DPR,2008-12-31,3.8,3.8,3.75,3.8,1550
DPR,2009-01-02,3.67,3.75,3.67,3.73,18810
DPR,2009-01-05,3.6,3.73,3.58,3.58,20010
DPR,2009-01-06,3.65,3.73,3.63,3.73,2700
DPR,2009-01-07,3.75,3.88,3.75,3.85,21080
DPR,2009-01-08,3.84,3.87,3.82,3.87,61940
DPR,2009-01-09,3.79,3.9,3.79,3.9,2800
DPR,2009-01-12,3.9,3.92,3.88,3.88,34200
DPR,2009-01-13,3.82,3.94,3.82,3.94,21530
DPR,2009-01-14,3.94,3.95,3.92,3.93,31780
DPR,2009-01-15,3.88,3.94,3.88,3.89,79460
DPR,2009-01-16,3.89,3.9,3.88,3.89,92500
DPR,2009-01-19,3.75,3.92,3.75,3.84,12520
DPR,2009-01-20,3.72,3.88,3.72,3.88,3310
DPR,2009-01-21,3.89,3.92,3.87,3.87,11960
DPR,2009-01-22,3.87,3.88,3.84,3.88,21830
DPR,2009-01-23,3.84,3.94,3.84,3.84,2100
DPR,2009-02-02,3.94,3.94,3.88,3.88,5300
DPR,2009-02-03,3.72,3.77,3.72,3.77,6800
DPR,2009-02-04,3.6,3.95,3.6,3.88,3610
DPR,2009-02-05,3.88,3.88,3.75,3.75,22730
DPR,2009-02-06,3.64,3.75,3.64,3.75,7140
DPR,2009-02-09,3.93,3.93,3.73,3.79,10440
DPR,2009-02-10,3.79,3.79,3.64,3.75,7400
DPR,2009-02-11,3.63,3.73,3.63,3.65,25500
DPR,2009-02-12,3.65,3.65,3.48,3.48,53540
DPR,2009-02-13,3.63,3.64,3.55,3.63,3140
DPR,2009-02-16,3.69,3.75,3.69,3.69,1010
DPR,2009-02-17,3.69,3.69,3.69,3.69,10
DPR,2009-02-18,3.52,3.52,3.52,3.52,20930
DPR,2009-02-19,3.59,3.59,3.44,3.52,4770
DPR,2009-02-20,3.44,3.44,3.35,3.35,3410
DPR,2009-02-23,3.31,3.31,3.19,3.19,14840
DPR,2009-02-24,3.05,3.19,3.04,3.04,12450
DPR,2009-02-25,3.04,3.13,3.03,3.08,22930
DPR,2009-02-26,2.94,3.0,2.93,3.0,15850
DPR,2009-02-27,3.0,3.11,3.0,3.0,4360
DPR,2009-03-02,2.98,3.0,2.96,3.0,11450
DPR,2009-03-03,3.0,3.0,2.85,3.0,30620
DPR,2009-03-04,3.0,3.0,2.88,2.89,34080
DPR,2009-03-05,3.0,3.0,2.91,2.94,1830
DPR,2009-03-06,2.85,2.9,2.83,2.88,4480
DPR,2009-03-09,2.94,2.94,2.88,2.94,4090
DPR,2009-03-10,3.0,3.0,2.94,2.98,8330
DPR,2009-03-11,3.0,3.01,3.0,3.0,25130
DPR,2009-03-12,3.0,3.0,2.96,3.0,15750
DPR,2009-03-13,3.0,3.0,3.0,3.0,11520
DPR,2009-03-16,3.0,3.0,2.98,2.98,3070
DPR,2009-03-17,2.98,3.0,2.98,3.0,29500
DPR,2009-03-18,3.06,3.14,3.06,3.13,158100
DPR,2009-03-19,3.23,3.23,3.0,3.0,53690
DPR,2009-03-20,3.14,3.15,3.13,3.15,62720
DPR,2009-03-23,3.3,3.3,3.3,3.3,28490
DPR,2009-03-24,3.47,3.47,3.47,3.47,23310
DPR,2009-03-25,3.63,3.63,3.63,3.63,59770
DPR,2009-03-26,3.8,3.8,3.8,3.8,162920
DPR,2009-03-27,3.99,3.99,3.99,3.99,37530
DPR,2009-03-30,3.82,4.0,3.8,3.8,149680
DPR,2009-03-31,3.67,3.88,3.67,3.8,113970
DPR,2009-04-01,3.95,3.99,3.82,3.99,152590
DPR,2009-04-02,4.05,4.13,4.0,4.13,112600
DPR,2009-04-03,4.33,4.33,4.32,4.32,186750
DPR,2009-04-07,4.25,4.53,4.15,4.53,186990
DPR,2009-04-08,4.37,4.69,4.32,4.32,131900
DPR,2009-04-09,4.25,4.32,4.13,4.13,97950
DPR,2009-04-10,4.33,4.33,4.33,4.33,114860
DPR,2009-04-13,4.54,4.54,4.5,4.54,133400
DPR,2009-04-14,4.54,4.54,4.38,4.54,96910
DPR,2009-04-15,4.32,4.38,4.32,4.38,80700
DPR,2009-04-16,4.5,4.5,4.34,4.43,58510
DPR,2009-04-17,4.47,4.47,4.22,4.22,56070
DPR,2009-04-20,4.02,4.02,4.02,4.02,26770
DPR,2009-04-21,3.82,3.82,3.82,3.82,55350
DPR,2009-04-22,3.88,3.94,3.82,3.88,33910
DPR,2009-04-23,3.72,4.0,3.72,3.88,18640
DPR,2009-04-24,3.74,3.87,3.74,3.84,12460
DPR,2009-04-27,4.0,4.0,3.84,3.98,40980
DPR,2009-04-28,3.84,3.98,3.84,3.85,39760
DPR,2009-04-29,3.82,3.98,3.82,3.98,9950
DPR,2009-05-04,4.17,4.17,4.17,4.17,36860
DPR,2009-05-05,4.37,4.37,4.37,4.37,35300
DPR,2009-05-06,4.58,4.58,4.37,4.37,258490
DPR,2009-05-07,4.58,4.58,4.58,4.58,67640
DPR,2009-05-08,4.8,4.8,4.79,4.8,253970
DPR,2009-05-11,5.04,5.04,5.04,5.04,194650
DPR,2009-05-12,5.29,5.29,5.29,5.29,149790
DPR,2009-05-13,5.55,5.55,5.55,5.55,166370
DPR,2009-05-14,5.75,5.75,5.28,5.38,235970
DPR,2009-05-15,5.64,5.64,5.5,5.64,177260
DPR,2009-05-18,5.38,5.64,5.37,5.38,121840
DPR,2009-05-19,5.57,5.57,5.38,5.5,163970
DPR,2009-05-20,5.32,5.55,5.32,5.49,91110
DPR,2009-05-21,5.38,5.5,5.34,5.4,118270
DPR,2009-05-22,5.25,5.32,5.15,5.15,83660
DPR,2009-05-25,5.38,5.4,5.38,5.4,98870
DPR,2009-05-26,5.4,5.5,5.4,5.4,64130
DPR,2009-05-27,5.63,5.63,5.42,5.43,51350
DPR,2009-05-28,5.33,5.6,5.33,5.4,63530
DPR,2009-05-29,5.62,5.62,5.38,5.57,77520
DPR,2009-06-01,5.84,5.84,5.84,5.84,127090
DPR,2009-06-02,6.13,6.13,6.13,6.13,95510
DPR,2009-06-03,6.38,6.38,6.38,6.38,399490
DPR,2009-06-04,6.25,6.63,6.25,6.44,264280
DPR,2009-06-05,6.63,6.76,6.5,6.76,245550
DPR,2009-06-08,7.07,7.07,7.07,7.07,70610
DPR,2009-06-09,7.01,7.01,6.82,6.76,200190
DPR,2009-06-10,6.44,6.44,6.44,6.44,46020
DPR,2009-06-11,6.32,6.38,6.32,6.44,285230
DPR,2009-06-12,6.69,6.69,6.32,6.32,170210
DPR,2009-06-15,6.07,6.24,6.0,6.0,132520
DPR,2009-06-16,5.7,5.7,5.7,5.7,65020
DPR,2009-06-17,5.43,5.63,5.43,5.63,155420
DPR,2009-06-18,5.89,5.9,5.69,5.9,154660
DPR,2009-06-19,6.18,6.18,5.62,5.99,70150
DPR,2009-06-22,5.7,5.82,5.7,5.7,40840
DPR,2009-06-23,5.43,5.44,5.43,5.44,221240
DPR,2009-06-24,5.69,5.7,5.69,5.7,94000
DPR,2009-06-25,5.97,5.97,5.69,5.69,78130
DPR,2009-06-26,5.69,5.74,5.57,5.74,41170
DPR,2009-06-29,5.54,5.98,5.54,5.6,10250
DPR,2009-06-30,5.63,5.63,5.33,5.33,40350
DPR,2009-07-01,5.07,5.13,5.07,5.07,83370
DPR,2009-07-02,5.07,5.25,5.07,5.19,28230
DPR,2009-07-03,5.0,5.25,5.0,5.25,11480
DPR,2009-07-06,5.49,5.52,5.28,5.52,94480
DPR,2009-07-07,5.52,5.52,5.38,5.38,20710
DPR,2009-07-08,5.2,5.55,5.2,5.55,25900
DPR,2009-07-09,5.55,5.55,5.38,5.38,27360
DPR,2009-07-10,5.35,5.5,5.34,5.34,18070
DPR,2009-07-13,5.25,5.29,5.2,5.25,31250
DPR,2009-07-14,5.25,5.27,5.14,5.19,46620
DPR,2009-07-15,5.19,5.24,5.19,5.24,9350
DPR,2009-07-16,5.44,5.44,5.25,5.32,11390
DPR,2009-07-17,5.08,5.34,5.08,5.34,16100
DPR,2009-07-20,5.32,5.32,5.13,5.13,8930
DPR,2009-07-21,5.25,5.25,5.14,5.25,15230
DPR,2009-07-22,5.47,5.47,5.33,5.42,60410
DPR,2009-07-23,5.42,5.55,5.39,5.55,45310
DPR,2009-07-24,5.83,5.83,5.78,5.83,134800
DPR,2009-07-27,5.85,6.07,5.83,5.98,66610
DPR,2009-07-28,5.77,5.92,5.7,5.7,20430
DPR,2009-07-29,5.82,5.82,5.57,5.57,21800
DPR,2009-07-30,5.35,5.57,5.35,5.57,44380
DPR,2009-07-31,5.62,5.73,5.62,5.73,57070
DPR,2009-08-03,5.73,5.79,5.73,5.73,34540
DPR,2009-08-04,5.88,5.92,5.75,5.92,91300
DPR,2009-08-05,5.92,6.03,5.82,6.0,133510
DPR,2009-08-06,6.0,6.0,5.94,5.94,112250
DPR,2009-08-07,5.94,5.94,5.83,5.92,30770
DPR,2009-08-10,5.97,5.97,5.88,5.95,13420
DPR,2009-08-11,5.88,6.19,5.88,6.13,99920
DPR,2009-08-12,6.32,6.38,6.25,6.38,257890
DPR,2009-08-13,6.69,6.69,6.69,6.69,104440
DPR,2009-08-14,7.01,7.01,6.88,7.01,504160
DPR,2009-08-17,7.01,7.07,6.76,7.01,259480
DPR,2009-08-18,6.76,7.01,6.69,6.94,288130
DPR,2009-08-19,7.01,7.07,6.88,7.07,174960
DPR,2009-08-20,7.01,7.07,7.01,7.07,153450
DPR,2009-08-21,7.07,7.19,7.07,7.07,156120
DPR,2009-08-24,7.26,7.38,7.19,7.38,206870
DPR,2009-08-25,7.44,7.44,7.26,7.32,109970
DPR,2009-08-26,7.13,7.44,7.13,7.26,109890
DPR,2009-08-27,7.44,7.51,7.26,7.51,177380
DPR,2009-08-28,7.69,7.82,7.57,7.82,210950
DPR,2009-08-31,7.88,8.07,7.88,7.88,77150
DPR,2009-09-01,7.76,7.82,7.63,7.76,120370
DPR,2009-09-03,7.44,7.69,7.44,7.44,138120
DPR,2009-09-04,7.32,7.51,7.32,7.32,206390
DPR,2009-09-07,7.19,7.32,7.07,7.19,107460
DPR,2009-09-08,7.51,7.51,7.26,7.51,147740
DPR,2009-09-09,7.44,7.63,7.44,7.44,72310
DPR,2009-09-10,7.51,7.51,7.38,7.51,120340
DPR,2009-09-11,7.69,7.82,7.57,7.82,221290
DPR,2009-09-14,7.88,8.01,7.82,7.82,68670
DPR,2009-09-15,7.82,7.82,7.57,7.63,45320
DPR,2009-09-16,7.63,7.63,7.51,7.51,121640
DPR,2009-09-17,7.44,7.51,7.32,7.38,89520
DPR,2009-09-18,7.51,7.69,7.26,7.69,147780
DPR,2009-09-21,7.82,7.82,7.69,7.69,66210
DPR,2009-09-22,7.51,7.63,7.44,7.44,71340
DPR,2009-09-23,7.44,7.51,7.38,7.38,53150
DPR,2009-09-24,7.19,7.38,7.19,7.38,55520
DPR,2009-09-25,7.38,7.44,7.32,7.32,53100
DPR,2009-09-28,7.26,7.26,7.19,7.19,95020
DPR,2009-09-29,7.19,7.32,7.19,7.19,142300
DPR,2009-09-30,7.32,7.51,7.26,7.51,259270
DPR,2009-10-01,7.82,7.82,7.51,7.51,91360
DPR,2009-10-02,7.19,7.26,7.19,7.26,53780
DPR,2009-10-05,7.51,7.51,7.19,7.26,65430
DPR,2009-10-06,7.26,7.38,7.26,7.38,128770
DPR,2009-10-07,7.57,7.69,7.38,7.69,98230
DPR,2009-10-08,7.88,7.88,7.69,7.88,124120
DPR,2009-10-09,8.01,8.01,7.88,7.88,144010
DPR,2009-10-12,8.01,8.26,7.94,8.26,215460
DPR,2009-10-13,8.13,8.26,7.94,7.94,138510
DPR,2009-10-14,8.01,8.13,8.01,8.07,104410
DPR,2009-10-15,8.19,8.19,8.07,8.13,98800
DPR,2009-10-16,8.07,8.13,7.88,7.88,91550
DPR,2009-10-19,8.01,8.01,7.82,7.88,58570
DPR,2009-10-20,8.07,8.26,8.01,8.26,163520
DPR,2009-10-21,8.26,8.26,8.01,8.01,83750
DPR,2009-10-22,8.07,8.38,8.01,8.38,403250
DPR,2009-10-23,8.76,8.76,8.63,8.76,405490
DPR,2009-10-26,8.32,8.63,8.32,8.51,162340
DPR,2009-10-27,8.13,8.38,8.13,8.26,98690
DPR,2009-10-28,8.26,8.26,7.94,8.13,50550
DPR,2009-10-29,7.82,7.88,7.76,7.76,54360
DPR,2009-10-30,7.94,7.94,7.44,7.51,136320
DPR,2009-11-02,7.13,7.13,7.13,7.13,81460
DPR,2009-11-03,6.88,7.44,6.88,7.01,141080
DPR,2009-11-04,6.94,7.26,6.94,7.13,79900
DPR,2009-11-05,7.38,7.44,7.26,7.38,46110
DPR,2009-11-06,7.63,7.63,7.13,7.13,92770
DPR,2009-11-09,7.13,7.13,7.01,7.01,60050
DPR,2009-11-10,7.19,7.19,6.69,6.88,103230
DPR,2009-11-11,6.88,7.19,6.88,7.19,20890
DPR,2009-11-12,7.38,7.51,7.26,7.44,120030
DPR,2009-11-13,7.26,7.57,7.26,7.51,220460
DPR,2009-11-16,7.44,7.51,7.38,7.38,88010
DPR,2009-11-17,7.51,7.51,7.38,7.44,67180
DPR,2009-11-18,7.44,7.51,7.44,7.51,111530
DPR,2009-11-19,7.57,7.63,7.44,7.63,74370
DPR,2009-11-20,7.44,7.57,7.44,7.57,114380
DPR,2009-11-23,7.51,7.57,7.44,7.44,82950
DPR,2009-11-24,7.44,7.44,7.26,7.26,81710
DPR,2009-11-25,7.13,7.13,6.94,6.94,100820
DPR,2009-11-26,6.63,7.01,6.63,7.01,122830
DPR,2009-11-27,7.01,7.32,6.76,7.26,178620
DPR,2009-11-30,7.26,7.51,7.26,7.51,105170
DPR,2009-12-01,7.51,7.82,7.51,7.63,132740
DPR,2009-12-02,7.57,7.57,7.38,7.44,95390
DPR,2009-12-03,7.26,7.32,7.13,7.19,140820
DPR,2009-12-04,7.19,7.26,7.13,7.19,28950
DPR,2009-12-07,7.13,7.19,7.07,7.07,35160
DPR,2009-12-08,6.94,7.01,6.76,6.76,63940
DPR,2009-12-09,6.5,6.57,6.44,6.44,56070
DPR,2009-12-10,6.32,6.57,6.32,6.32,36530
DPR,2009-12-11,6.32,6.32,6.0,6.0,96890
DPR,2009-12-14,6.0,6.25,6.0,6.13,28590
DPR,2009-12-15,6.13,6.2,6.13,6.13,12000
DPR,2009-12-16,6.0,6.0,5.83,5.83,84260
DPR,2009-12-17,5.64,6.12,5.64,6.12,56790
DPR,2009-12-18,6.13,6.32,5.82,5.82,161000
DPR,2009-12-21,6.1,6.1,6.1,6.1,10710
DPR,2009-12-22,6.1,6.38,6.1,6.38,94670
DPR,2009-12-23,6.44,6.69,6.44,6.69,31570
DPR,2009-12-24,6.69,7.01,6.57,7.01,61030
DPR,2009-12-25,7.13,7.32,7.01,7.32,51470
DPR,2009-12-28,7.26,7.51,7.07,7.51,90910
DPR,2009-12-29,7.19,7.51,7.19,7.51,74080
DPR,2009-12-30,7.51,7.63,7.32,7.51,40300
DPR,2009-12-31,7.63,7.69,7.26,7.26,189710
DPR,2010-01-04,7.51,7.57,7.51,7.57,80840
DPR,2010-01-05,7.94,7.94,7.82,7.88,122350
DPR,2010-01-06,7.88,8.01,7.76,7.76,73040
DPR,2010-01-07,7.82,7.88,7.76,7.76,64740
DPR,2010-01-08,7.76,7.94,7.69,7.69,52610
DPR,2010-01-11,7.76,7.76,7.38,7.63,28190
DPR,2010-01-12,7.51,7.63,7.38,7.44,86610
DPR,2010-01-13,7.32,7.44,7.32,7.38,19550
DPR,2010-01-14,7.63,7.63,7.38,7.63,30220
DPR,2010-01-15,7.88,7.94,7.76,7.88,142460
DPR,2010-01-18,7.88,7.88,7.57,7.57,31490
DPR,2010-01-19,7.69,7.76,7.63,7.63,19780
DPR,2010-01-20,7.63,7.76,7.63,7.63,19930
DPR,2010-01-21,7.38,7.63,7.38,7.38,45950
DPR,2010-01-22,7.19,7.32,7.07,7.19,41790
DPR,2010-01-25,7.07,7.51,7.07,7.32,18390
DPR,2010-01-26,7.63,7.63,7.57,7.63,4700
DPR,2010-01-27,7.63,7.76,7.63,7.63,11690
DPR,2010-01-28,7.44,7.51,7.32,7.32,7250
DPR,2010-01-29,7.51,7.51,7.26,7.51,4780
DPR,2010-02-01,7.57,7.57,7.57,7.57,9770
DPR,2010-02-02,7.69,7.69,7.38,7.38,50850
DPR,2010-02-03,7.63,7.69,7.44,7.69,30350
DPR,2010-02-04,7.82,8.07,7.76,8.07,116070
DPR,2010-02-05,7.82,7.94,7.82,7.82,26670
DPR,2010-02-08,7.63,7.69,7.51,7.51,22890
DPR,2010-02-09,7.32,7.51,7.32,7.51,540
DPR,2010-02-10,7.69,7.69,7.63,7.69,4470
DPR,2010-02-11,7.76,7.82,7.63,7.76,7910
DPR,2010-02-12,7.82,7.88,7.82,7.82,9990
DPR,2010-02-22,8.07,8.07,7.76,7.88,8500
DPR,2010-02-23,7.57,7.57,7.51,7.57,59500
DPR,2010-02-24,7.63,7.63,7.51,7.51,68910
DPR,2010-02-25,7.76,7.76,7.51,7.57,45180
DPR,2010-02-26,7.57,7.57,7.51,7.51,25860
DPR,2010-03-01,7.57,7.63,7.57,7.63,12820
DPR,2010-03-02,7.76,7.76,7.63,7.76,39980
DPR,2010-03-03,7.76,7.82,7.76,7.82,21210
DPR,2010-03-04,7.88,7.94,7.88,7.88,40930
DPR,2010-03-05,7.88,7.94,7.88,7.94,40080
DPR,2010-03-08,7.94,8.32,7.94,8.32,88980
DPR,2010-03-09,8.32,8.63,8.32,8.63,103450
DPR,2010-03-10,8.69,8.76,8.44,8.76,65320
DPR,2010-03-11,8.76,8.76,8.51,8.63,31920
DPR,2010-03-12,8.63,8.63,8.38,8.51,32350
DPR,2010-03-15,8.63,8.63,8.38,8.44,160340
DPR,2010-03-16,8.32,8.44,8.19,8.19,120570
DPR,2010-03-17,8.19,8.32,8.13,8.13,109870
DPR,2010-03-18,8.13,8.19,8.07,8.13,153230
DPR,2010-03-19,8.19,8.19,7.76,7.76,239200
DPR,2010-03-22,7.95,8.14,7.95,7.95,119690
DPR,2010-03-23,8.01,8.01,7.88,7.88,39690
DPR,2010-03-24,8.08,8.08,7.88,8.01,22630
DPR,2010-03-25,7.95,7.95,7.69,7.76,34700
DPR,2010-03-26,7.69,7.82,7.69,7.76,54630
DPR,2010-03-29,7.95,7.95,7.82,7.88,13500
DPR,2010-03-30,7.88,7.95,7.82,7.82,51010
DPR,2010-03-31,7.82,7.88,7.82,7.82,45540
DPR,2010-04-01,7.82,8.08,7.82,8.08,64070
DPR,2010-04-02,8.08,8.2,8.01,8.14,48350
DPR,2010-04-05,8.27,8.27,8.14,8.2,31810
DPR,2010-04-06,8.27,8.27,8.2,8.2,28680
DPR,2010-04-07,8.59,8.59,8.14,8.59,130340
DPR,2010-04-08,8.78,8.78,8.46,8.52,52900
DPR,2010-04-09,8.4,8.52,8.4,8.4,95950
DPR,2010-04-12,8.4,8.46,8.4,8.4,32850
DPR,2010-04-13,8.33,8.46,8.33,8.4,53560
DPR,2010-04-14,8.4,8.46,8.4,8.4,58680
DPR,2010-04-15,8.4,8.65,8.4,8.59,88230
DPR,2010-04-16,8.65,8.78,8.65,8.72,59120
DPR,2010-04-19,8.72,8.72,8.52,8.52,105550
DPR,2010-04-20,8.52,8.59,8.46,8.46,64390
DPR,2010-04-21,8.46,8.52,8.4,8.4,71160
DPR,2010-04-22,8.72,8.72,8.46,8.46,26870
DPR,2010-04-26,8.46,8.65,8.46,8.59,54840
DPR,2010-04-27,8.59,8.72,8.59,8.59,46500
DPR,2010-04-28,8.59,8.59,8.52,8.59,57010
DPR,2010-04-29,8.33,8.52,8.33,8.52,44330
DPR,2010-05-04,8.52,8.59,8.46,8.46,34200
DPR,2010-05-05,8.46,8.46,8.2,8.46,55430
DPR,2010-05-06,8.4,8.52,8.4,8.46,21940
DPR,2010-05-07,8.4,8.4,8.14,8.14,24160
DPR,2010-05-10,8.14,8.14,8.01,8.01,31370
DPR,2010-05-11,8.14,8.2,8.08,8.14,14280
DPR,2010-05-12,8.14,8.14,7.95,7.95,78850
DPR,2010-05-13,7.88,8.08,7.88,7.88,6470
DPR,2010-05-14,7.88,8.01,7.88,7.95,23150
DPR,2010-05-17,7.95,7.95,7.69,7.76,7100
DPR,2010-05-18,7.56,7.69,7.56,7.69,17430
DPR,2010-05-19,7.44,7.69,7.44,7.44,26790
DPR,2010-05-20,7.18,7.44,7.18,7.44,13540
DPR,2010-05-21,7.18,7.31,7.18,7.18,55230
DPR,2010-05-24,7.5,7.5,7.44,7.5,24010
DPR,2010-05-25,7.69,7.82,7.69,7.82,54520
DPR,2010-05-26,8.08,8.14,8.01,8.14,11300
DPR,2010-05-27,8.01,8.01,7.88,8.01,5430
DPR,2010-05-28,8.33,8.33,8.14,8.14,3030
DPR,2010-05-31,7.76,7.88,7.76,7.88,3370
DPR,2010-06-01,7.88,7.88,7.88,7.88,2620
DPR,2010-06-02,7.95,8.14,7.88,7.95,4130
DPR,2010-06-03,8.14,8.14,7.82,7.82,220
DPR,2010-06-04,7.88,7.88,7.82,7.88,2300
DPR,2010-06-07,7.69,7.69,7.5,7.56,18000
DPR,2010-06-08,7.44,7.56,7.37,7.5,13710
DPR,2010-06-09,7.5,7.5,7.5,7.5,6830
DPR,2010-06-10,7.5,7.5,7.5,7.5,3200
DPR,2010-06-11,7.5,7.56,7.44,7.44,3350
DPR,2010-06-14,7.44,7.44,7.44,7.44,6780
DPR,2010-06-15,7.37,7.37,7.37,7.37,5830
DPR,2010-06-16,7.37,7.56,7.37,7.44,29610
DPR,2010-06-17,7.37,7.5,7.37,7.5,4200
DPR,2010-06-18,7.56,7.56,7.44,7.56,23600
DPR,2010-06-21,7.76,7.76,7.56,7.76,7230
DPR,2010-06-22,7.69,7.76,7.56,7.69,15500
DPR,2010-06-23,7.69,7.76,7.69,7.76,6870
DPR,2010-06-24,7.82,7.82,7.76,7.82,18420
DPR,2010-06-25,8.01,8.01,7.76,8.01,28000
DPR,2010-06-28,8.4,8.4,7.89,8.4,42210
DPR,2010-06-29,8.34,8.34,8.01,8.27,53770
DPR,2010-06-30,7.89,8.21,7.89,8.21,85400
DPR,2010-07-01,8.01,8.14,8.01,8.01,8300
DPR,2010-07-02,8.01,8.21,8.01,8.08,17890
DPR,2010-07-05,8.14,8.27,8.08,8.14,19610
DPR,2010-07-06,8.14,8.14,8.01,8.08,18510
DPR,2010-07-07,8.01,8.08,8.01,8.01,19500
DPR,2010-07-08,8.01,8.08,8.01,8.01,11400
DPR,2010-07-09,7.69,7.95,7.63,7.69,6530
DPR,2010-07-12,7.82,7.95,7.43,7.82,7500
DPR,2010-07-13,7.89,7.89,7.89,7.89,6430
DPR,2010-07-14,7.89,7.89,7.89,7.89,13100
DPR,2010-07-15,7.89,7.89,7.89,7.89,0
DPR,2010-07-16,7.89,7.89,7.89,7.89,25750
DPR,2010-07-19,7.89,7.89,7.82,7.89,13020
DPR,2010-07-20,7.76,7.89,7.76,7.76,5600
DPR,2010-07-21,7.82,7.82,7.76,7.82,700
DPR,2010-07-22,7.89,7.89,7.76,7.76,14300
DPR,2010-07-23,7.76,7.89,7.76,7.89,5900
DPR,2010-07-26,7.95,7.95,7.69,7.95,21230
DPR,2010-07-27,7.76,7.89,7.76,7.76,4100
DPR,2010-07-28,7.89,8.14,7.89,8.14,99000
DPR,2010-07-29,8.14,8.21,7.76,8.01,56670
DPR,2010-07-30,8.27,8.27,8.01,8.27,64070
DPR,2010-08-02,7.95,7.95,7.95,7.95,1820
DPR,2010-08-03,8.34,8.34,8.27,8.34,72610
DPR,2010-08-04,8.34,8.34,8.14,8.34,6180
DPR,2010-08-05,8.34,8.34,8.14,8.34,26080
DPR,2010-08-06,8.34,8.34,8.21,8.27,9960
DPR,2010-08-09,8.53,8.53,8.14,8.14,11600
DPR,2010-08-10,8.14,8.14,7.76,7.76,27740
DPR,2010-08-11,7.95,7.95,7.89,7.89,8840
DPR,2010-08-12,7.95,7.95,7.82,7.95,10600
DPR,2010-08-13,8.01,8.01,7.89,8.01,21170
DPR,2010-08-16,7.95,8.14,7.95,8.14,4720
DPR,2010-08-17,8.14,8.21,8.08,8.14,5870
DPR,2010-08-18,7.95,8.01,7.89,7.95,30880
DPR,2010-08-19,7.95,8.01,7.89,7.95,13560
DPR,2010-08-20,7.95,7.95,7.82,7.95,4940
DPR,2010-08-23,7.95,7.95,7.95,7.95,4100
DPR,2010-08-24,7.56,7.56,7.56,7.56,19580
DPR,2010-08-25,7.82,7.82,7.5,7.82,8200
DPR,2010-08-26,7.63,7.63,7.63,7.63,2200
DPR,2010-08-27,7.37,7.63,7.3,7.37,39810
DPR,2010-08-30,7.69,7.69,7.63,7.69,3890
DPR,2010-08-31,7.69,7.69,7.43,7.69,6000
DPR,2010-09-01,7.95,7.95,7.43,7.95,10510
DPR,2010-09-06,7.95,8.14,7.95,7.95,8310
DPR,2010-09-07,7.63,7.76,7.56,7.63,35900
DPR,2010-09-08,7.43,7.69,7.43,7.43,31400
DPR,2010-09-09,7.76,7.76,7.63,7.76,23460
DPR,2010-09-10,7.69,7.89,7.69,7.69,16300
DPR,2010-09-13,7.56,7.63,7.56,7.56,15610
DPR,2010-09-14,7.69,7.76,7.5,7.69,24140
DPR,2010-09-15,7.56,7.69,7.56,7.56,13340
DPR,2010-09-16,7.76,7.89,7.56,7.76,23490
DPR,2010-09-17,8.08,8.08,7.76,7.76,6600
DPR,2010-09-20,8.08,8.08,7.76,7.76,5080
DPR,2010-09-21,7.76,7.76,7.69,7.76,12960
DPR,2010-09-22,7.76,7.82,7.76,7.76,68280
DPR,2010-09-23,7.63,7.69,7.63,7.63,8200
DPR,2010-09-24,7.56,7.63,7.56,7.56,4620
DPR,2010-09-27,7.5,7.56,7.5,7.5,67510
DPR,2010-09-28,7.5,7.56,7.5,7.5,35120
DPR,2010-09-29,7.5,7.5,7.5,7.5,43140
DPR,2010-09-30,7.56,7.56,7.43,7.56,300
DPR,2010-10-01,7.56,7.56,7.56,7.56,65980
DPR,2010-10-04,7.5,7.56,7.5,7.5,43260
DPR,2010-10-05,7.63,7.63,7.43,7.63,68300
DPR,2010-10-06,7.63,7.63,7.63,7.63,32770
DPR,2010-10-07,7.56,7.63,7.56,7.56,42780
DPR,2010-10-08,7.63,7.63,7.63,7.63,28170
DPR,2010-10-11,7.82,7.82,7.63,7.63,42090
DPR,2010-10-12,7.5,7.63,7.5,7.5,7600
DPR,2010-10-13,7.5,7.5,7.5,7.5,5610
DPR,2010-10-14,7.5,7.5,7.5,7.5,0
DPR,2010-10-15,7.5,7.5,7.5,7.5,0
DPR,2010-10-18,7.56,7.63,7.5,7.5,6280
DPR,2010-10-19,7.5,7.5,7.43,7.5,31930
DPR,2010-10-20,7.5,7.5,7.37,7.37,23400
DPR,2010-10-21,7.63,7.63,7.37,7.63,35600
DPR,2010-10-22,7.5,7.63,7.5,7.5,4450
DPR,2010-10-25,7.5,7.5,7.43,7.5,1400
DPR,2010-10-26,7.43,7.5,7.43,7.5,2710
DPR,2010-10-27,7.5,7.5,7.5,7.5,4100
DPR,2010-10-28,7.5,7.56,7.5,7.5,2100
DPR,2010-10-29,7.63,7.63,7.56,7.63,950
DPR,2010-11-01,7.63,7.63,7.63,7.63,8700
DPR,2010-11-02,7.69,7.69,7.63,7.69,19210
DPR,2010-11-03,7.76,7.76,7.69,7.76,32160
DPR,2010-11-04,7.76,7.76,7.76,7.76,10950
DPR,2010-11-05,7.89,8.14,7.76,7.89,40890
DPR,2010-11-08,7.89,7.89,7.89,7.89,1010
DPR,2010-11-09,7.76,7.76,7.76,7.76,5440
DPR,2010-11-10,7.89,7.89,7.76,7.89,13400
DPR,2010-11-11,7.76,7.89,7.76,7.76,740
DPR,2010-11-12,7.89,8.01,7.76,7.89,7250
DPR,2010-11-15,7.76,8.01,7.76,7.76,7150
DPR,2010-11-16,7.89,7.89,7.69,7.89,48020
DPR,2010-11-17,7.89,7.95,7.89,7.89,80460
DPR,2010-11-18,8.01,8.01,8.01,8.01,14620
DPR,2010-11-19,7.89,8.01,7.89,7.89,74350
DPR,2010-11-22,7.89,8.01,7.89,7.89,65020
DPR,2010-11-23,8.08,8.08,7.89,8.08,13720
DPR,2010-11-24,8.01,8.08,7.82,8.01,8900
DPR,2010-11-25,8.08,8.08,8.01,8.08,106570
DPR,2010-11-26,8.4,8.4,8.01,8.08,95860
DPR,2010-11-29,8.01,8.01,8.01,8.01,2510
DPR,2010-11-30,8.08,8.08,8.01,8.08,21150
DPR,2010-12-01,8.01,8.08,7.89,8.01,8320
DPR,2010-12-02,8.27,8.27,8.14,8.27,16130
DPR,2010-12-03,8.01,8.34,8.01,8.27,22960
DPR,2010-12-06,8.4,8.4,8.01,8.21,11510
DPR,2010-12-07,8.14,8.21,8.08,8.14,14220
DPR,2010-12-08,8.14,8.14,8.14,8.14,16200
DPR,2010-12-09,8.21,8.21,8.14,8.21,33000
DPR,2010-12-10,8.34,8.34,8.27,8.34,22190
DPR,2010-12-13,8.61,8.61,8.21,8.27,19030
DPR,2010-12-14,8.41,8.41,8.27,8.34,48800
DPR,2010-12-15,8.34,8.34,8.21,8.34,76810
DPR,2010-12-16,8.41,8.41,8.34,8.41,89850
DPR,2010-12-17,8.47,8.47,8.34,8.47,43020
DPR,2010-12-20,8.47,8.47,8.34,8.47,31690
DPR,2010-12-21,8.47,8.47,8.34,8.47,55660
DPR,2010-12-22,8.54,8.54,8.41,8.47,47390
DPR,2010-12-23,8.41,8.47,8.34,8.47,79100
DPR,2010-12-24,8.54,8.54,8.41,8.54,32300
DPR,2010-12-27,8.41,8.61,8.41,8.61,47000
DPR,2010-12-28,8.47,8.67,8.47,8.67,32630
DPR,2010-12-29,8.67,8.74,8.61,8.74,41350
DPR,2010-12-30,8.74,8.87,8.61,8.87,44620
DPR,2010-12-31,8.87,9.0,8.67,9.0,43180
DPR,2011-01-04,9.0,9.0,8.94,8.94,4310
DPR,2011-01-05,8.94,8.87,8.87,8.87,19490
DPR,2011-01-06,8.87,8.8,8.74,8.8,6980
DPR,2011-01-07,8.8,8.74,8.74,8.74,14200
DPR,2011-01-10,8.61,8.61,8.47,8.47,13600
DPR,2011-01-11,8.47,8.8,8.47,8.8,20640
DPR,2011-01-12,8.8,8.8,8.67,8.67,5590
DPR,2011-01-13,8.54,8.54,8.54,8.54,1100
DPR,2011-01-14,8.74,8.74,8.61,8.74,4150
DPR,2011-01-17,8.8,8.87,8.67,8.8,4600
DPR,2011-01-18,8.74,8.74,8.74,8.74,15640
DPR,2011-01-19,8.8,8.87,8.74,8.87,48390
DPR,2011-01-20,8.74,8.74,8.74,8.74,3200
DPR,2011-01-21,8.87,8.87,8.8,8.8,22600
DPR,2011-01-24,8.8,8.87,8.8,8.8,9600
DPR,2011-01-25,8.87,8.87,8.74,8.74,39700
DPR,2011-01-26,8.74,8.87,8.74,8.87,6500
DPR,2011-01-27,8.94,9.0,8.8,9.0,52900
DPR,2011-01-28,9.0,9.14,8.87,9.14,40600
DPR,2011-02-08,9.2,9.2,9.2,9.2,2000
DPR,2011-02-09,9.2,9.2,8.94,8.94,18620
DPR,2011-02-10,8.94,8.94,8.87,8.87,10510
DPR,2011-02-11,8.87,8.87,8.87,8.87,17500
DPR,2011-02-14,8.74,8.87,8.74,8.87,1660
DPR,2011-02-15,8.87,9.14,8.8,8.87,13950
DPR,2011-02-16,8.94,8.94,8.8,8.87,31660
DPR,2011-02-17,8.87,8.94,8.87,8.94,20450
DPR,2011-02-18,8.94,8.94,8.67,8.67,4400
DPR,2011-02-21,8.34,8.47,8.34,8.47,12940
DPR,2011-02-22,8.87,8.87,8.87,8.87,10
DPR,2011-02-23,8.87,8.87,8.47,8.74,20610
DPR,2011-02-24,8.34,8.34,8.34,8.34,100
DPR,2011-02-25,8.34,8.74,8.34,8.74,2000
DPR,2011-02-28,8.87,8.94,8.74,8.74,2560
DPR,2011-03-01,8.61,8.67,8.61,8.61,2780
DPR,2011-03-02,8.74,8.74,8.41,8.41,6490
DPR,2011-03-03,8.41,8.41,8.34,8.34,15000
DPR,2011-03-04,8.54,8.54,8.34,8.54,3010
DPR,2011-03-07,8.54,8.54,8.54,8.54,0
DPR,2011-03-08,8.47,8.8,8.47,8.8,12380
DPR,2011-03-09,8.47,8.61,8.47,8.61,17400
DPR,2011-03-10,8.61,8.61,8.54,8.61,35050
DPR,2011-03-11,8.61,8.61,8.61,8.61,12100
DPR,2011-03-14,8.34,8.61,8.34,8.61,1940
DPR,2011-03-15,8.34,8.61,8.34,8.61,1400
DPR,2011-03-16,8.47,8.47,8.47,8.47,300
DPR,2011-03-17,8.47,8.47,8.14,8.41,11820
DPR,2011-03-18,8.34,8.34,8.08,8.14,9110
DPR,2011-03-21,7.94,8.08,7.94,8.08,4170
DPR,2011-03-22,8.21,8.21,8.01,8.01,6160
DPR,2011-03-23,8.08,8.08,7.94,7.94,10810
DPR,2011-03-24,8.01,8.01,7.94,8.01,6180
DPR,2011-03-25,8.01,8.01,7.94,7.94,710
DPR,2011-03-28,7.94,7.94,7.94,7.94,1200
DPR,2011-03-29,7.88,7.94,7.81,7.81,3420
DPR,2011-03-30,7.81,7.94,7.81,7.94,730
DPR,2011-03-31,7.94,7.94,7.81,7.88,1110
DPR,2011-04-01,7.68,7.94,7.68,7.94,4600
DPR,2011-04-04,7.94,7.94,7.88,7.94,3100
DPR,2011-04-05,7.88,7.88,7.81,7.81,11540
DPR,2011-04-06,7.81,7.88,7.81,7.88,9260
DPR,2011-04-07,7.88,7.88,7.81,7.81,13830
DPR,2011-04-08,7.81,7.88,7.81,7.88,6110
DPR,2011-04-13,7.61,7.81,7.61,7.81,25100
DPR,2011-04-14,7.68,7.74,7.68,7.74,6380
DPR,2011-04-15,7.81,7.81,7.61,7.68,18950
DPR,2011-04-18,7.61,7.68,7.55,7.61,8220
DPR,2011-04-19,7.48,7.61,7.48,7.61,10430
DPR,2011-04-20,7.61,7.61,7.55,7.61,15000
DPR,2011-04-21,7.61,7.68,7.61,7.68,10000
DPR,2011-04-22,7.74,7.74,7.68,7.74,21000
DPR,2011-04-25,7.94,7.94,7.81,7.88,56400
DPR,2011-04-26,7.88,7.88,7.81,7.81,8440
DPR,2011-04-27,7.81,7.81,7.74,7.74,8210
DPR,2011-04-28,7.81,7.81,7.81,7.81,12110
DPR,2011-04-29,8.08,8.08,7.74,7.74,21440
DPR,2011-05-04,7.81,7.81,7.81,7.81,45000
DPR,2011-05-05,7.81,7.81,7.48,7.48,1900
DPR,2011-05-06,7.68,7.68,7.62,7.62,4100
DPR,2011-05-09,7.55,7.82,7.55,7.55,2050
DPR,2011-05-10,7.62,7.75,7.62,7.75,7400
DPR,2011-05-11,7.75,7.75,7.48,7.75,72720
DPR,2011-05-12,7.68,8.02,7.68,8.02,9190
DPR,2011-05-13,7.82,7.82,7.68,7.68,63150
DPR,2011-05-16,7.75,7.75,7.75,7.75,110
DPR,2011-05-17,7.89,7.89,7.48,7.62,4710
DPR,2011-05-18,7.62,7.68,7.34,7.68,5390
DPR,2011-05-19,7.75,7.75,7.41,7.68,1760
DPR,2011-05-20,7.62,7.89,7.62,7.89,4490
DPR,2011-05-23,7.82,7.82,7.55,7.82,5210
DPR,2011-05-24,7.55,7.55,7.48,7.48,17040
DPR,2011-05-25,7.48,7.48,7.28,7.41,14340
DPR,2011-05-26,7.41,7.62,7.41,7.62,450
DPR,2011-05-27,7.62,7.82,7.62,7.82,29870
DPR,2011-05-30,7.62,7.62,7.48,7.48,21400
DPR,2011-05-31,7.48,7.48,7.48,7.48,10200
DPR,2011-06-01,7.48,7.62,7.48,7.62,16310
DPR,2011-06-02,7.82,7.89,7.82,7.82,24280
DPR,2011-06-03,7.89,7.89,7.48,7.75,55220
DPR,2011-06-06,7.75,7.75,7.68,7.75,15000
DPR,2011-06-07,7.75,7.75,7.41,7.62,197050
DPR,2011-06-08,7.75,7.89,7.62,7.75,21030
DPR,2011-06-09,7.75,7.96,7.62,7.96,12210
DPR,2011-06-10,7.96,7.96,7.75,7.96,52080
DPR,2011-06-13,7.68,7.89,7.68,7.68,80600
DPR,2011-06-14,7.75,7.96,7.75,7.96,1810
DPR,2011-06-15,7.68,7.89,7.62,7.62,4100
DPR,2011-06-16,7.82,7.89,7.62,7.82,2400
DPR,2011-06-17,7.62,7.62,7.48,7.48,54450
DPR,2011-06-20,7.48,7.82,7.48,7.82,4880
DPR,2011-06-21,7.68,7.68,7.48,7.68,37230
DPR,2011-06-22,7.48,7.68,7.34,7.68,24410
DPR,2011-06-23,7.34,7.34,7.34,7.34,9120
DPR,2011-06-24,7.21,7.41,7.07,7.41,7290
DPR,2011-06-27,7.41,7.48,7.21,7.48,7410
DPR,2011-06-28,7.28,7.48,7.28,7.48,13150
DPR,2011-06-29,7.41,7.55,7.41,7.55,12900
DPR,2011-06-30,7.48,7.62,7.48,7.62,33420
DPR,2011-07-01,7.48,7.55,7.48,7.55,8020
DPR,2011-07-04,7.55,7.62,7.55,7.55,10200
DPR,2011-07-05,7.48,7.68,7.48,7.68,43100
DPR,2011-07-06,7.55,7.68,7.48,7.48,10200
DPR,2011-07-07,7.34,7.41,7.34,7.41,400
DPR,2011-07-08,7.48,7.55,7.48,7.55,29130
DPR,2011-07-11,7.48,7.55,7.48,7.48,70060
DPR,2011-07-12,7.48,7.48,7.41,7.48,86590
DPR,2011-07-13,7.48,7.48,7.48,7.48,7500
DPR,2011-07-14,7.48,7.48,7.48,7.48,30450
DPR,2011-07-15,7.48,7.55,7.48,7.55,8600
DPR,2011-07-18,7.55,7.55,7.48,7.55,18300
DPR,2011-07-19,7.48,7.48,7.48,7.48,17000
DPR,2011-07-20,7.48,7.48,7.48,7.48,12230
DPR,2011-07-21,7.48,7.48,7.48,7.48,17150
DPR,2011-07-22,7.48,7.48,7.48,7.48,7000
DPR,2011-07-25,7.48,7.48,7.34,7.41,3670
DPR,2011-07-26,7.48,7.48,7.41,7.48,35540
DPR,2011-07-27,7.48,7.48,7.41,7.48,47650
DPR,2011-07-28,7.48,7.48,7.34,7.41,12730
DPR,2011-07-29,7.41,7.41,7.41,7.41,2500
DPR,2011-08-01,7.41,7.41,7.41,7.41,0
DPR,2011-08-02,7.41,7.41,7.41,7.41,1000
DPR,2011-08-03,7.14,7.34,7.14,7.34,220
DPR,2011-08-04,7.28,7.34,7.28,7.34,1800
DPR,2011-08-05,7.34,7.48,7.34,7.48,3000
DPR,2011-08-08,7.41,7.41,7.14,7.41,11350
DPR,2011-08-09,7.07,7.21,7.07,7.21,2210
DPR,2011-08-10,7.21,7.28,7.07,7.28,11560
DPR,2011-08-11,7.21,7.21,6.94,6.94,10100
DPR,2011-08-12,6.94,7.28,6.73,7.28,10310
DPR,2011-08-15,7.28,7.28,7.28,7.28,1500
DPR,2011-08-16,7.21,7.28,7.14,7.28,760
DPR,2011-08-17,7.28,7.48,7.28,7.48,5560
DPR,2011-08-18,7.28,7.28,7.21,7.28,8290
DPR,2011-08-19,7.14,7.14,7.07,7.07,5700
DPR,2011-08-22,7.21,7.28,7.21,7.21,7610
DPR,2011-08-23,7.14,7.28,7.14,7.14,1460
DPR,2011-08-24,7.07,7.07,7.07,7.07,1500
DPR,2011-08-25,7.28,7.28,7.07,7.14,950
DPR,2011-08-26,7.28,7.28,7.07,7.07,410
DPR,2011-08-29,7.14,7.34,7.14,7.34,2220
DPR,2011-08-30,7.14,7.34,7.07,7.34,4450
DPR,2011-08-31,7.14,7.34,7.14,7.34,1110
DPR,2011-09-01,7.41,7.41,7.21,7.28,9870
DPR,2011-09-05,7.14,7.14,7.14,7.14,1830
DPR,2011-09-06,7.21,7.21,7.21,7.21,10
DPR,2011-09-07,7.14,7.28,7.14,7.28,8340
DPR,2011-09-08,7.34,7.34,7.14,7.21,24660
DPR,2011-09-09,7.34,7.34,7.14,7.14,10610
DPR,2011-09-12,7.14,7.14,7.14,7.14,7210
DPR,2011-09-13,7.07,7.21,7.07,7.21,24030
DPR,2011-09-14,7.14,7.21,7.14,7.21,18720
DPR,2011-09-15,7.14,7.28,7.14,7.21,26710
DPR,2011-09-16,7.28,7.28,7.14,7.14,6590
DPR,2011-09-19,7.14,7.21,7.14,7.21,9690
DPR,2011-09-20,7.21,7.28,7.21,7.21,2160
DPR,2011-09-21,7.28,7.28,7.14,7.14,2510
DPR,2011-09-22,7.21,7.28,7.21,7.21,3750
DPR,2011-09-23,7.35,7.35,7.07,7.14,1460
DPR,2011-09-26,6.93,7.21,6.93,7.21,1260
DPR,2011-09-27,7.07,7.07,6.97,7.07,9110
DPR,2011-09-28,7.07,7.07,7.07,7.07,10
DPR,2011-09-29,7.0,7.07,7.0,7.07,50
DPR,2011-09-30,7.07,7.07,6.93,6.94,14510
DPR,2011-10-03,7.0,7.0,7.0,7.0,110
DPR,2011-10-04,7.0,7.0,7.0,7.0,100
DPR,2011-10-05,7.0,7.0,7.0,7.0,90
DPR,2011-10-06,6.98,6.98,6.93,6.98,1410
DPR,2011-10-07,7.0,7.14,6.79,7.14,51190
DPR,2011-10-10,6.83,6.97,6.83,6.97,510
DPR,2011-10-11,6.87,7.0,6.87,6.93,100
DPR,2011-10-12,6.98,6.98,6.82,6.93,2300
DPR,2011-10-13,6.86,6.86,6.86,6.86,400
DPR,2011-10-14,6.86,6.87,6.83,6.83,2400
DPR,2011-10-17,7.0,7.0,7.0,7.0,10
DPR,2011-10-18,6.8,7.07,6.65,6.65,19510
DPR,2011-10-19,6.93,6.93,6.93,6.93,860
DPR,2011-10-20,6.96,6.96,6.96,6.96,10
DPR,2011-10-21,6.98,6.98,6.94,6.97,220
DPR,2011-10-24,6.93,7.0,6.8,6.8,880
DPR,2011-10-25,6.79,6.96,6.79,6.96,910
DPR,2011-10-26,6.93,6.93,6.93,6.93,10
DPR,2011-10-27,6.69,6.79,6.69,6.79,2810
DPR,2011-10-28,6.77,6.79,6.69,6.79,2100
DPR,2011-10-31,6.93,6.93,6.93,6.93,110
DPR,2011-11-01,6.61,6.86,6.61,6.86,2050
DPR,2011-11-02,6.89,6.89,6.54,6.54,3770
DPR,2011-11-03,6.65,6.65,6.49,6.49,13500
DPR,2011-11-04,6.55,6.58,6.55,6.58,1350
DPR,2011-11-07,6.72,6.72,6.72,6.72,2440
DPR,2011-11-08,6.55,6.65,6.55,6.65,190
DPR,2011-11-09,6.7,6.7,6.37,6.37,18330
DPR,2011-11-10,6.56,6.56,6.56,6.56,10
DPR,2011-11-11,6.58,6.58,6.56,6.56,420
DPR,2011-11-14,6.3,6.3,6.24,6.24,2150
DPR,2011-11-15,6.52,6.52,6.52,6.52,10
DPR,2011-11-16,6.52,6.52,6.51,6.51,670
DPR,2011-11-17,6.44,6.44,6.19,6.42,1410
DPR,2011-11-18,6.13,6.14,6.12,6.12,48610
DPR,2011-11-21,6.3,6.3,6.3,6.3,10
DPR,2011-11-22,6.23,6.37,6.23,6.37,5210
DPR,2011-11-23,6.37,6.58,6.06,6.34,56530
DPR,2011-11-24,6.35,6.35,6.03,6.03,19180
DPR,2011-11-25,6.23,6.23,6.02,6.23,320
DPR,2011-11-28,5.98,6.28,5.98,6.23,1370
DPR,2011-11-29,5.93,5.93,5.93,5.93,500
DPR,2011-11-30,6.0,6.0,5.93,5.93,2860
DPR,2011-12-01,5.93,5.93,5.93,5.93,60
DPR,2011-12-02,6.09,6.09,5.74,5.74,7190
DPR,2011-12-05,5.91,5.91,5.77,5.77,3690
DPR,2011-12-06,5.88,5.88,5.6,5.77,13250
DPR,2011-12-07,5.74,5.85,5.49,5.77,720
DPR,2011-12-08,5.88,5.88,5.5,5.85,1540
DPR,2011-12-09,5.85,5.85,5.6,5.85,1390
DPR,2011-12-12,5.6,5.85,5.57,5.85,3320
DPR,2011-12-13,5.75,5.88,5.75,5.88,1860
DPR,2011-12-14,5.88,5.88,5.74,5.88,6050
DPR,2011-12-15,5.58,6.02,5.58,5.88,130
DPR,2011-12-16,5.88,5.88,5.88,5.88,90
DPR,2011-12-19,5.88,6.02,5.58,6.02,1140
DPR,2011-12-20,6.16,6.16,5.72,6.14,7460
DPR,2011-12-21,5.85,6.23,5.85,6.23,1820
DPR,2011-12-22,5.92,6.23,5.92,6.23,4030
DPR,2011-12-23,6.23,6.23,6.23,6.23,0
DPR,2011-12-26,6.0,6.0,5.92,5.92,1900
DPR,2011-12-27,5.63,5.63,5.63,5.63,350
DPR,2011-12-28,5.35,5.91,5.35,5.91,37890
DPR,2011-12-29,6.16,6.2,6.09,6.17,16060
DPR,2011-12-30,6.48,6.48,6.48,6.48,15000
DPR,2012-01-03,6.48,6.48,6.48,6.48,0
DPR,2012-01-04,6.16,6.16,6.16,6.16,2250
DPR,2012-01-05,5.96,6.16,5.96,6.16,2050
DPR,2012-01-06,6.16,6.16,6.16,6.16,0
DPR,2012-01-09,6.44,6.44,6.44,6.44,50
DPR,2012-01-10,6.44,6.44,6.44,6.44,0
DPR,2012-01-11,6.44,6.44,6.3,6.3,2050
DPR,2012-01-12,6.3,6.3,6.3,6.3,0
DPR,2012-01-13,6.52,6.55,6.3,6.3,12790
DPR,2012-01-16,6.3,6.51,6.3,6.51,370
DPR,2012-01-17,6.56,6.56,6.56,6.56,50
DPR,2012-01-18,6.56,6.56,6.56,6.56,1000
DPR,2012-01-19,6.58,6.58,6.58,6.58,800
DPR,2012-01-20,6.65,6.9,6.56,6.9,2880
DPR,2012-01-30,6.9,7.21,6.9,7.21,5560
DPR,2012-01-31,7.21,7.21,7.21,7.21,0
DPR,2012-02-01,7.28,7.28,7.0,7.07,8140
DPR,2012-02-02,7.07,7.21,7.07,7.21,860
DPR,2012-02-03,7.21,7.21,7.0,7.0,1870
DPR,2012-02-06,6.86,7.0,6.86,7.0,1140
DPR,2012-02-07,7.0,7.0,6.94,6.94,8040
DPR,2012-02-08,7.28,7.28,6.96,6.96,750
DPR,2012-02-09,7.0,7.0,6.96,7.0,4290
DPR,2012-02-10,7.0,7.28,7.0,7.0,2930
DPR,2012-02-13,7.28,7.28,7.14,7.28,7090
DPR,2012-02-14,7.42,7.42,7.0,7.0,12800
DPR,2012-02-15,7.0,7.0,7.0,7.0,0
DPR,2012-02-16,7.0,7.0,7.0,7.0,0
DPR,2012-02-17,7.0,7.0,7.0,7.0,1810
DPR,2012-02-20,7.0,7.0,7.0,7.0,630
DPR,2012-02-21,7.35,7.35,7.14,7.21,2330
DPR,2012-02-22,7.35,7.35,7.21,7.35,3020
DPR,2012-02-23,7.35,7.35,7.35,7.35,1640
DPR,2012-02-24,7.35,7.35,6.98,6.98,5340
DPR,2012-02-27,7.14,7.21,6.93,6.93,9710
DPR,2012-02-28,7.0,7.0,6.65,6.93,9600
DPR,2012-02-29,6.9,7.14,6.62,7.14,2300
DPR,2012-03-01,6.82,7.14,6.79,6.79,10320
DPR,2012-03-02,6.93,6.93,6.54,6.79,4870
DPR,2012-03-05,7.0,7.07,7.0,7.07,19850
DPR,2012-03-06,7.21,7.21,6.72,6.75,7170
DPR,2012-03-07,6.75,7.07,6.75,7.0,8010
DPR,2012-03-08,6.93,7.35,6.93,7.35,23410
DPR,2012-03-09,7.28,7.7,7.28,7.7,194170
DPR,2012-03-12,7.98,7.98,7.7,7.7,46140
DPR,2012-03-13,7.7,7.84,7.7,7.84,26100
DPR,2012-03-14,7.84,7.91,7.7,7.7,22530
DPR,2012-03-15,7.7,7.77,7.35,7.77,25410
DPR,2012-03-16,7.77,7.77,7.63,7.63,38100
DPR,2012-03-19,7.28,7.56,7.28,7.28,20360
DPR,2012-03-20,7.28,7.49,7.14,7.49,10670
DPR,2012-03-21,7.49,7.7,7.28,7.7,27650
DPR,2012-03-22,7.49,7.7,7.35,7.7,6600
DPR,2012-03-23,7.7,7.7,7.56,7.63,31820
DPR,2012-03-26,7.7,7.7,7.56,7.56,2100
DPR,2012-03-27,7.7,7.7,7.56,7.63,15320
DPR,2012-03-28,7.63,7.63,7.63,7.63,1000
DPR,2012-03-29,7.7,7.7,7.42,7.56,19450
DPR,2012-03-30,7.56,7.63,7.49,7.63,8590
DPR,2012-04-03,7.91,7.91,7.56,7.56,5050
DPR,2012-04-04,7.56,7.56,7.49,7.49,13500
DPR,2012-04-05,7.49,7.56,7.42,7.42,8700
DPR,2012-04-06,7.49,7.56,7.42,7.42,4670
DPR,2012-04-09,7.56,7.56,7.56,7.56,5580
DPR,2012-04-10,7.63,7.7,7.42,7.63,4050
DPR,2012-04-11,7.56,7.91,7.49,7.91,18800
DPR,2012-04-12,7.91,7.91,7.56,7.84,57230
DPR,2012-04-13,7.63,7.7,7.56,7.7,5050
DPR,2012-04-16,7.7,7.7,7.7,7.7,1700
DPR,2012-04-17,7.7,7.7,7.56,7.56,15610
DPR,2012-04-18,7.63,7.63,7.56,7.56,580
DPR,2012-04-19,7.7,7.7,7.56,7.56,850
DPR,2012-04-20,7.63,7.84,7.63,7.84,7440
DPR,2012-04-23,7.98,7.98,7.7,7.91,6150
DPR,2012-04-24,7.84,7.84,7.77,7.84,5300
DPR,2012-04-25,7.56,7.98,7.56,7.91,33580
DPR,2012-04-26,7.84,7.91,7.7,7.91,9660
DPR,2012-04-27,7.84,7.91,7.77,7.91,6850
DPR,2012-05-02,8.12,8.19,7.98,8.12,24910
DPR,2012-05-03,8.19,8.19,7.77,7.77,14230
DPR,2012-05-04,8.05,8.05,7.91,7.98,9040
DPR,2012-05-07,8.33,8.33,8.26,8.33,73950
DPR,2012-05-08,8.61,8.61,8.26,8.26,59540
DPR,2012-05-09,8.26,8.26,8.12,8.19,14990
DPR,2012-05-10,8.12,8.19,7.98,8.05,5970
DPR,2012-05-11,8.12,8.12,7.98,8.05,8020
DPR,2012-05-14,8.05,8.05,7.7,7.7,11990
DPR,2012-05-15,7.49,7.84,7.42,7.56,11700
DPR,2012-05-16,7.63,7.63,7.56,7.56,5100
DPR,2012-05-17,7.63,7.7,7.56,7.56,6830
DPR,2012-05-18,7.56,7.56,7.18,7.18,7930
DPR,2012-05-21,7.2,7.27,7.2,7.27,16570
DPR,2012-05-22,7.27,7.34,7.2,7.27,44380
DPR,2012-05-23,7.07,7.27,6.91,7.2,1530
DPR,2012-05-24,6.91,6.94,6.84,6.91,10780
DPR,2012-05-25,6.91,7.13,6.91,7.0,9300
DPR,2012-05-28,7.0,7.05,7.0,7.01,2350
DPR,2012-05-29,7.01,7.2,6.91,7.2,3320
DPR,2012-05-30,7.2,7.2,7.2,7.2,50
DPR,2012-05-31,6.91,7.18,6.91,7.18,5220
DPR,2012-06-01,7.18,7.18,6.91,7.17,1900
DPR,2012-06-04,6.91,6.92,6.84,6.91,4310
DPR,2012-06-05,6.9,6.91,6.82,6.91,3520
DPR,2012-06-06,7.04,7.04,6.91,7.04,1070
DPR,2012-06-07,7.2,7.27,7.04,7.27,6280
DPR,2012-06-08,7.27,7.41,7.2,7.27,31420
DPR,2012-06-11,7.34,7.34,7.34,7.34,8160
DPR,2012-06-12,7.34,7.34,7.34,7.34,10240
DPR,2012-06-13,7.34,7.41,7.34,7.41,10300
DPR,2012-06-14,7.41,7.49,7.41,7.49,25100
DPR,2012-06-15,7.77,7.77,7.49,7.56,6120
DPR,2012-06-18,7.77,7.77,7.49,7.63,460
DPR,2012-06-19,7.49,7.49,7.49,7.49,13150
DPR,2012-06-20,7.63,7.63,7.49,7.49,70
DPR,2012-06-21,7.34,7.34,7.34,7.34,3490
DPR,2012-06-22,7.34,7.41,7.34,7.41,1620
DPR,2012-06-25,7.41,7.56,7.41,7.41,16130
DPR,2012-06-26,7.41,7.49,7.41,7.41,16910
DPR,2012-06-27,7.56,7.56,7.41,7.41,1090
DPR,2012-06-28,7.41,7.56,7.41,7.56,1110
DPR,2012-06-29,7.49,7.49,7.49,7.49,970
DPR,2012-07-02,7.56,7.56,7.49,7.49,7040
DPR,2012-07-03,7.49,7.56,7.49,7.49,10940
DPR,2012-07-04,7.56,7.56,7.56,7.56,10
DPR,2012-07-05,7.56,7.63,7.49,7.49,600
DPR,2012-07-06,7.71,7.71,7.71,7.71,10
DPR,2012-07-09,7.49,7.49,7.41,7.49,1300
DPR,2012-07-10,7.79,7.79,7.79,7.79,10
DPR,2012-07-11,7.64,7.64,7.64,7.64,5240
DPR,2012-07-12,7.64,7.64,7.64,7.64,2600
DPR,2012-07-13,7.79,7.86,7.79,7.86,1120
DPR,2012-07-16,7.56,7.79,7.56,7.79,70
DPR,2012-07-17,7.94,7.94,7.64,7.64,7320
DPR,2012-07-18,7.64,7.79,7.64,7.79,3610
DPR,2012-07-19,7.64,7.79,7.64,7.79,21040
DPR,2012-07-20,7.64,7.64,7.64,7.64,14870
DPR,2012-07-23,7.64,7.64,7.64,7.64,0
DPR,2012-07-24,7.35,7.56,7.35,7.56,870
DPR,2012-07-25,7.79,7.79,7.34,7.34,280
DPR,2012-07-26,7.41,7.41,7.41,7.41,500
DPR,2012-07-27,7.56,7.56,7.49,7.49,4370
DPR,2012-07-30,7.46,7.49,7.46,7.49,1200
DPR,2012-07-31,7.49,7.49,7.49,7.49,300
DPR,2012-08-01,7.47,7.47,7.47,7.47,10700
DPR,2012-08-02,7.47,7.47,7.47,7.47,10000
DPR,2012-08-03,7.47,7.47,7.47,7.47,1300
DPR,2012-08-06,7.41,7.56,7.41,7.56,11560
DPR,2012-08-07,7.64,7.64,7.49,7.49,710
DPR,2012-08-08,7.64,7.64,7.64,7.64,1000
DPR,2012-08-09,7.64,7.64,7.64,7.64,0
DPR,2012-08-10,7.64,7.71,7.64,7.64,1290
DPR,2012-08-13,7.64,7.64,7.64,7.64,500
DPR,2012-08-14,7.64,7.64,7.64,7.64,1930
DPR,2012-08-15,7.64,7.64,7.64,7.64,430
DPR,2012-08-16,7.64,7.79,7.37,7.79,3200
DPR,2012-08-17,7.79,7.79,7.79,7.79,0
DPR,2012-08-20,7.79,7.79,7.79,7.79,100
DPR,2012-08-21,7.56,7.79,7.56,7.79,2300
DPR,2012-08-22,7.4,7.86,7.4,7.79,6530
DPR,2012-08-23,7.79,7.79,7.43,7.71,37900
DPR,2012-08-24,7.49,7.56,7.34,7.56,1950
DPR,2012-08-27,7.49,7.49,7.41,7.41,170
DPR,2012-08-28,7.19,7.19,7.19,7.19,50
DPR,2012-08-29,7.41,7.41,7.41,7.41,100
DPR,2012-08-30,7.34,7.34,7.34,7.34,1040
DPR,2012-08-31,7.49,7.64,7.41,7.41,5140
DPR,2012-09-04,7.56,7.56,7.49,7.49,240
DPR,2012-09-05,7.49,7.49,7.49,7.49,700
DPR,2012-09-06,7.49,7.64,7.49,7.64,18740
DPR,2012-09-07,7.64,7.64,7.64,7.64,0
DPR,2012-09-10,7.26,7.64,7.26,7.64,7060
DPR,2012-09-11,7.28,7.64,7.28,7.64,4720
DPR,2012-09-12,8.01,8.01,8.01,8.01,3810
DPR,2012-09-13,7.79,7.86,7.79,7.86,1890
DPR,2012-09-14,7.86,7.94,7.86,7.94,6000
DPR,2012-09-17,8.01,8.01,8.01,8.01,500
DPR,2012-09-18,7.86,7.86,7.86,7.86,10000
DPR,2012-09-19,7.79,7.86,7.79,7.86,13560
DPR,2012-09-20,7.79,7.86,7.71,7.86,3100
DPR,2012-09-21,7.79,7.79,7.79,7.79,100
DPR,2012-09-24,7.79,7.86,7.79,7.79,1310
DPR,2012-09-25,7.79,7.86,7.79,7.79,12330
DPR,2012-09-26,7.79,7.79,7.79,7.79,2910
DPR,2012-09-27,7.79,7.94,7.79,7.94,14140
DPR,2012-09-28,7.94,7.94,7.94,7.94,5500
DPR,2012-10-01,7.86,7.94,7.86,7.94,1440
DPR,2012-10-02,7.94,7.94,7.94,7.94,3740
DPR,2012-10-03,7.94,8.31,7.94,8.31,10710
DPR,2012-10-04,7.94,7.94,7.94,7.94,10
DPR,2012-10-05,7.94,7.94,7.94,7.94,200
DPR,2012-10-08,7.94,7.94,7.94,7.94,0
DPR,2012-10-09,7.94,7.94,7.94,7.94,0
DPR,2012-10-10,7.94,7.94,7.94,7.94,810
DPR,2012-10-11,7.94,7.94,7.94,7.94,200
DPR,2012-10-12,7.94,7.94,7.94,7.94,1000
DPR,2012-10-15,7.94,7.94,7.94,7.94,0
DPR,2012-10-16,7.94,7.94,7.94,7.94,0
DPR,2012-10-17,8.31,8.31,8.23,8.23,140
DPR,2012-10-18,8.31,8.31,7.94,7.94,80
DPR,2012-10-19,7.94,7.94,7.94,7.94,0
DPR,2012-10-22,7.94,7.94,7.94,7.94,750
DPR,2012-10-23,7.94,7.94,7.94,7.94,0
DPR,2012-10-24,7.94,7.94,7.94,7.94,0
DPR,2012-10-25,8.09,8.09,8.09,8.09,400
DPR,2012-10-26,8.09,8.09,8.09,8.09,400
DPR,2012-10-29,8.09,8.09,8.09,8.09,500
DPR,2012-10-30,7.71,8.09,7.71,8.09,850
DPR,2012-10-31,7.94,8.09,7.94,8.09,410
DPR,2012-11-01,8.09,8.09,8.01,8.01,1170
DPR,2012-11-02,7.94,8.09,7.64,7.64,4540
DPR,2012-11-05,7.71,8.01,7.71,7.94,15210
DPR,2012-11-06,7.64,7.71,7.64,7.71,1500
DPR,2012-11-07,7.94,7.94,7.34,7.34,800
DPR,2012-11-08,7.49,7.64,7.49,7.64,5850
DPR,2012-11-09,7.34,7.34,7.34,7.34,550
DPR,2012-11-12,7.03,7.03,7.03,7.03,10
DPR,2012-11-13,7.37,7.37,7.34,7.37,1290
DPR,2012-11-14,7.37,7.37,7.37,7.37,0
DPR,2012-11-15,7.49,7.49,7.49,7.49,260
DPR,2012-11-16,7.65,7.8,7.65,7.65,5710
DPR,2012-11-19,7.41,7.88,7.41,7.88,40
DPR,2012-11-20,8.19,8.19,8.19,8.19,50
DPR,2012-11-21,8.19,8.19,8.19,8.19,2200
DPR,2012-11-22,7.8,7.8,7.8,7.8,10
DPR,2012-11-23,7.43,8.03,7.43,8.03,20
DPR,2012-11-26,8.11,8.11,8.11,8.11,40
DPR,2012-11-27,7.72,8.03,7.72,8.03,1050
DPR,2012-11-28,8.03,8.19,7.63,7.63,40
DPR,2012-11-29,7.95,7.95,7.88,7.95,380
DPR,2012-11-30,8.03,8.19,7.8,8.03,4950
DPR,2012-12-03,8.34,8.34,7.63,7.63,20
DPR,2012-12-04,7.88,7.88,7.88,7.88,70
DPR,2012-12-05,7.88,7.88,7.88,7.88,0
DPR,2012-12-06,7.88,7.88,7.88,7.88,0
DPR,2012-12-07,7.88,7.88,7.88,7.88,0
DPR,2012-12-10,7.95,7.95,7.95,7.95,10
DPR,2012-12-11,7.72,7.72,7.72,7.72,850
DPR,2012-12-12,7.72,7.72,7.72,7.72,0
DPR,2012-12-13,7.72,7.72,7.72,7.72,0
DPR,2012-12-14,7.72,7.72,7.72,7.72,350
DPR,2012-12-17,7.57,7.57,7.57,7.57,10
DPR,2012-12-18,7.57,7.57,7.57,7.57,0
DPR,2012-12-19,7.88,7.88,7.88,7.88,30
DPR,2012-12-20,8.03,8.03,7.6,7.6,200
DPR,2012-12-21,7.88,7.95,7.88,7.95,190
DPR,2012-12-24,7.58,7.58,7.58,7.58,300
DPR,2012-12-25,7.57,7.8,7.57,7.8,1200
DPR,2012-12-26,8.03,8.03,7.57,8.03,1100
DPR,2012-12-27,7.88,8.03,7.88,8.03,2020
DPR,2012-12-28,8.34,8.34,8.34,8.34,30
DPR,2013-01-02,8.73,8.73,8.11,8.11,1360
DPR,2013-01-03,7.95,7.95,7.95,7.95,10
DPR,2013-01-04,7.95,7.95,7.95,7.95,0
DPR,2013-01-07,8.34,8.34,8.34,8.34,100
DPR,2013-01-08,7.95,8.42,7.95,8.42,15540
DPR,2013-01-09,8.11,8.11,8.03,8.03,2140
DPR,2013-01-10,8.03,8.03,8.03,8.03,100
DPR,2013-01-11,8.34,8.34,8.34,8.34,900
DPR,2013-01-14,7.95,8.19,7.95,8.19,3020
DPR,2013-01-15,8.03,8.73,7.95,8.73,5290
DPR,2013-01-16,8.96,8.96,8.73,8.96,6530
DPR,2013-01-17,8.8,8.96,8.49,8.96,3500
DPR,2013-01-18,9.27,9.27,8.34,8.73,1470
DPR,2013-01-21,8.19,8.8,8.19,8.26,1610
DPR,2013-01-22,8.19,8.19,8.11,8.11,510
DPR,2013-01-23,7.8,8.49,7.72,8.49,26130
DPR,2013-01-24,7.95,8.42,7.95,8.11,5590
DPR,2013-01-25,7.8,8.49,7.72,8.49,4730
DPR,2013-01-28,8.03,8.34,8.03,8.11,11540
DPR,2013-01-29,8.11,8.26,7.72,8.26,19300
DPR,2013-01-30,7.95,7.95,7.95,7.95,10
DPR,2013-01-31,7.95,8.19,7.88,8.19,830
DPR,2013-02-01,8.11,8.11,7.95,8.11,610
DPR,2013-02-04,8.11,8.11,8.11,8.11,1930
DPR,2013-02-05,8.11,8.11,7.8,8.11,3310
DPR,2013-02-06,8.11,8.11,8.11,8.11,1110
DPR,2013-02-07,8.11,8.11,8.11,8.11,20
DPR,2013-02-08,8.03,8.11,8.03,8.11,1550
DPR,2013-02-18,8.11,8.11,7.72,7.88,7460
DPR,2013-02-19,7.8,8.03,7.72,7.72,11880
DPR,2013-02-20,8.26,8.26,7.72,8.03,121280
DPR,2013-02-21,8.03,8.19,7.95,7.95,25400
DPR,2013-02-22,7.95,8.03,7.8,8.03,15510
DPR,2013-02-25,7.88,7.88,7.72,7.88,17700
DPR,2013-02-26,7.88,7.88,7.41,7.41,17700
DPR,2013-02-27,7.41,7.68,7.41,7.65,3970
DPR,2013-02-28,7.72,8.03,7.72,8.03,27010
DPR,2013-03-01,8.03,8.19,7.88,8.19,42350
DPR,2013-03-04,8.19,8.49,7.88,8.49,140080
DPR,2013-03-05,8.26,8.65,8.26,8.65,75850
DPR,2013-03-06,8.65,8.73,8.34,8.73,9850
DPR,2013-03-07,8.73,8.96,8.73,8.96,25800
DPR,2013-03-08,8.65,9.42,8.65,9.42,34800
DPR,2013-03-11,9.27,9.73,9.27,9.73,77680
DPR,2013-03-12,9.73,10.04,9.73,10.04,37900
DPR,2013-03-13,10.19,10.19,9.42,9.42,6420
DPR,2013-03-14,9.42,9.42,9.27,9.34,330
DPR,2013-03-15,8.88,9.27,8.73,8.73,28470
DPR,2013-03-18,8.88,9.19,8.73,9.11,13350
DPR,2013-03-19,8.8,8.8,8.8,8.8,1710
DPR,2013-03-20,8.73,8.96,8.73,8.96,3700
DPR,2013-03-21,8.96,8.96,8.8,8.8,9060
DPR,2013-03-22,8.8,8.88,8.73,8.88,8940
DPR,2013-03-25,8.96,8.96,8.8,8.88,5970
DPR,2013-03-26,8.73,8.8,8.73,8.73,3200
DPR,2013-03-27,8.73,8.88,8.73,8.88,710
DPR,2013-03-28,8.8,8.8,8.73,8.73,7100
DPR,2013-03-29,8.73,8.73,8.65,8.73,5730
DPR,2013-04-01,8.73,8.88,8.73,8.8,6400
DPR,2013-04-02,9.04,9.27,8.96,9.04,4750
DPR,2013-04-03,9.11,9.11,9.04,9.04,2850
DPR,2013-04-04,8.88,9.04,8.88,9.04,2720
DPR,2013-04-05,8.88,9.04,8.88,9.04,1240
DPR,2013-04-08,9.04,9.04,8.8,9.04,4500
DPR,2013-04-09,8.96,8.96,8.8,8.8,1200
DPR,2013-04-10,8.88,9.04,8.88,8.88,8960
DPR,2013-04-11,8.88,8.96,8.73,8.88,14440
DPR,2013-04-12,8.88,9.04,8.88,8.96,5790
DPR,2013-04-15,8.88,8.88,8.88,8.88,1610
DPR,2013-04-16,8.8,8.88,8.73,8.88,5210
DPR,2013-04-17,8.96,8.96,8.73,8.96,130
DPR,2013-04-18,8.8,8.96,8.73,8.96,1580
DPR,2013-04-22,8.48,8.96,8.48,8.96,860
DPR,2013-04-23,8.48,8.96,8.48,8.72,4120
DPR,2013-04-24,8.72,8.8,8.72,8.8,1700
DPR,2013-04-25,8.64,8.88,8.64,8.88,310
DPR,2013-04-26,8.88,8.96,8.88,8.96,100
DPR,2013-05-02,8.88,8.88,8.88,8.88,200
DPR,2013-05-03,8.32,8.72,8.32,8.72,410
DPR,2013-05-06,8.4,8.88,8.32,8.72,10420
DPR,2013-05-07,8.64,8.72,8.64,8.72,710
DPR,2013-05-08,8.88,8.88,8.72,8.8,2160
DPR,2013-05-09,8.64,8.72,8.56,8.72,1140
DPR,2013-05-10,8.32,8.32,8.32,8.32,10
DPR,2013-05-13,8.48,8.56,8.48,8.56,170
DPR,2013-05-14,8.4,8.4,8.09,8.09,18550
DPR,2013-05-15,8.09,8.09,7.93,7.93,23660
DPR,2013-05-16,7.93,8.32,7.93,8.32,810
DPR,2013-05-17,8.32,8.4,8.32,8.4,1100
DPR,2013-05-20,8.4,8.4,8.24,8.24,3620
DPR,2013-05-21,8.32,8.4,8.24,8.4,2970
DPR,2013-05-22,8.24,8.56,8.24,8.48,1080
DPR,2013-05-23,8.4,8.4,7.93,7.93,12870
DPR,2013-05-24,8.09,8.17,8.09,8.17,10000
DPR,2013-05-27,8.32,8.32,8.01,8.01,7290
DPR,2013-05-28,8.01,8.09,8.01,8.09,2700
DPR,2013-05-29,8.17,8.32,8.09,8.09,2920
DPR,2013-05-30,8.09,8.24,8.09,8.24,8460
DPR,2013-05-31,8.09,8.4,8.09,8.24,1300
DPR,2013-06-03,8.24,8.24,8.24,8.24,600
DPR,2013-06-04,8.09,8.09,7.93,7.93,12800
DPR,2013-06-05,8.01,8.01,7.93,8.01,9060
DPR,2013-06-06,8.01,8.09,7.85,8.09,1220
DPR,2013-06-07,8.09,8.09,7.93,8.09,9170
DPR,2013-06-10,8.09,8.17,7.93,8.01,4200
DPR,2013-06-11,8.01,8.09,8.01,8.09,1070
DPR,2013-06-12,8.17,8.17,8.09,8.17,2930
DPR,2013-06-13,8.17,8.57,8.09,8.57,10700
DPR,2013-06-14,8.57,8.57,8.17,8.25,25560
DPR,2013-06-17,8.17,8.17,8.17,8.17,100
DPR,2013-06-18,8.17,8.25,8.09,8.17,17540
DPR,2013-06-19,8.09,8.09,8.09,8.09,1030
DPR,2013-06-20,8.09,8.09,7.92,8.09,4250
DPR,2013-06-21,8.09,8.09,8.09,8.09,620
DPR,2013-06-24,7.92,7.94,7.84,7.84,14200
DPR,2013-06-25,7.92,7.92,7.33,7.33,6210
DPR,2013-06-26,7.6,7.76,7.28,7.76,2350
DPR,2013-06-27,7.84,7.84,7.84,7.84,40
DPR,2013-06-28,7.84,7.84,7.84,7.84,1210
DPR,2013-07-01,7.83,7.83,7.44,7.44,7840
DPR,2013-07-02,7.58,7.58,7.44,7.44,500
DPR,2013-07-03,7.44,7.44,7.44,7.44,1450
DPR,2013-07-04,7.46,7.76,7.44,7.76,1540
DPR,2013-07-05,7.44,7.6,7.44,7.6,1680
DPR,2013-07-08,7.73,7.73,7.44,7.71,1710
DPR,2013-07-09,7.68,7.68,7.44,7.6,2010
DPR,2013-07-10,7.89,7.89,7.15,7.15,65950
DPR,2013-07-11,7.15,7.26,7.12,7.12,29030
DPR,2013-07-12,7.12,7.12,7.1,7.1,26150
DPR,2013-07-15,7.25,7.25,6.95,7.12,7410
DPR,2013-07-16,7.12,7.12,7.04,7.04,15240
DPR,2013-07-17,7.04,7.08,7.02,7.04,47480
DPR,2013-07-18,7.05,7.18,7.04,7.04,158530
DPR,2013-07-19,7.12,7.2,7.1,7.15,31030
DPR,2013-07-22,7.16,7.2,7.13,7.15,18750
DPR,2013-07-23,7.18,7.18,7.0,7.04,132940
DPR,2013-07-24,7.02,7.02,6.94,6.95,31290
DPR,2013-07-25,7.04,7.04,6.78,6.79,79800
DPR,2013-07-26,6.71,6.86,6.65,6.79,17140
DPR,2013-07-29,6.79,6.79,6.71,6.74,10510
DPR,2013-07-30,6.87,6.87,6.58,6.58,27600
DPR,2013-07-31,6.58,6.58,6.26,6.29,146890
DPR,2013-08-01,6.29,6.45,6.29,6.29,40920
DPR,2013-08-02,6.29,6.42,6.29,6.31,170890
DPR,2013-08-05,6.34,6.57,6.31,6.47,98630
DPR,2013-08-06,6.47,6.47,6.29,6.34,136430
DPR,2013-08-07,6.34,6.6,6.34,6.6,219130
DPR,2013-08-08,6.73,6.89,6.6,6.86,167110
DPR,2013-08-09,6.95,6.95,6.82,6.95,78220
DPR,2013-08-12,6.81,6.87,6.63,6.66,179110
DPR,2013-08-13,6.61,6.78,6.61,6.68,49550
DPR,2013-08-14,6.78,6.95,6.68,6.92,96980
DPR,2013-08-15,6.94,7.07,6.91,6.92,131490
DPR,2013-08-16,6.92,7.23,6.91,7.2,206670
DPR,2013-08-19,7.37,7.44,7.21,7.28,214840
DPR,2013-08-20,7.25,7.28,7.18,7.28,202120
DPR,2013-08-21,7.28,7.28,7.18,7.25,129000
DPR,2013-08-22,7.21,7.36,7.21,7.25,222550
DPR,2013-08-23,7.21,7.26,7.2,7.23,163850
DPR,2013-08-26,7.21,7.26,7.13,7.23,96960
DPR,2013-08-27,7.28,7.28,7.21,7.21,101180
DPR,2013-08-28,7.2,7.2,7.0,7.0,118510
DPR,2013-08-29,7.05,7.23,7.05,7.15,89960
DPR,2013-08-30,7.15,7.2,7.13,7.16,69890
DPR,2013-09-03,7.21,7.34,7.21,7.23,52630
DPR,2013-09-04,7.23,7.25,7.12,7.12,66090
DPR,2013-09-05,7.12,7.23,7.1,7.23,36210
DPR,2013-09-06,7.16,7.23,7.16,7.21,15740
DPR,2013-09-09,7.15,7.2,7.15,7.2,37220
DPR,2013-09-10,7.23,7.28,7.18,7.26,23690
DPR,2013-09-11,7.26,7.44,7.26,7.31,281440
DPR,2013-09-12,7.31,7.34,7.31,7.31,138130
DPR,2013-09-13,7.33,7.33,7.29,7.31,15550
DPR,2013-09-16,7.31,7.36,7.31,7.31,47470
DPR,2013-09-17,7.33,7.34,7.23,7.28,91600
DPR,2013-09-18,7.28,7.28,7.12,7.13,37880
DPR,2013-09-19,7.13,7.21,7.13,7.21,50740
DPR,2013-09-20,7.2,7.21,7.18,7.2,22590
DPR,2013-09-23,7.16,7.44,7.16,7.28,131520
DPR,2013-09-24,7.34,7.34,7.29,7.34,153580
DPR,2013-09-25,7.42,7.42,7.33,7.37,88500
DPR,2013-09-26,7.37,7.41,7.37,7.37,114250
DPR,2013-09-27,7.37,7.39,7.31,7.39,75150
DPR,2013-09-30,7.39,7.39,7.31,7.39,57130
DPR,2013-10-01,7.39,7.39,7.37,7.37,115020
DPR,2013-10-02,7.39,7.6,7.39,7.55,175140
DPR,2013-10-03,7.67,7.71,7.55,7.71,65180
DPR,2013-10-04,7.76,7.99,7.68,7.86,121130
DPR,2013-10-07,7.92,7.92,7.78,7.84,85940
DPR,2013-10-08,7.84,7.91,7.81,7.86,80980
DPR,2013-10-09,7.86,7.86,7.81,7.86,15800
DPR,2013-10-10,7.8,8.01,7.8,7.92,19290
DPR,2013-10-11,8.02,8.02,7.8,7.8,83880
DPR,2013-10-14,7.63,7.83,7.63,7.83,30230
DPR,2013-10-15,7.83,7.84,7.8,7.84,12270
DPR,2013-10-16,7.92,7.92,7.8,7.83,18230
DPR,2013-10-17,7.8,7.84,7.76,7.84,31940
DPR,2013-10-18,7.84,7.89,7.84,7.86,24350
DPR,2013-10-21,7.83,7.91,7.83,7.88,11860
DPR,2013-10-22,7.84,7.89,7.84,7.84,3130
DPR,2013-10-23,7.84,7.89,7.84,7.89,24370
DPR,2013-10-24,7.88,7.89,7.84,7.84,17200
DPR,2013-10-25,7.89,7.89,7.84,7.84,27380
DPR,2013-10-28,7.86,7.86,7.83,7.83,117800
DPR,2013-10-29,7.83,7.83,7.81,7.81,29610
DPR,2013-10-30,7.83,7.84,7.81,7.81,15680
DPR,2013-10-31,7.8,7.8,7.75,7.76,31170
DPR,2013-11-01,7.73,7.78,7.73,7.76,10870
DPR,2013-11-04,7.73,7.76,7.73,7.76,28590
DPR,2013-11-05,7.76,7.76,7.75,7.75,13860
DPR,2013-11-06,7.76,7.76,7.71,7.71,15990
DPR,2013-11-07,7.71,7.78,7.71,7.78,41700
DPR,2013-11-08,7.76,7.76,7.76,7.76,13200
DPR,2013-11-11,7.76,7.76,7.75,7.76,50300
DPR,2013-11-12,7.7,7.76,7.7,7.76,31190
DPR,2013-11-13,7.7,7.76,7.7,7.73,13220
DPR,2013-11-14,7.76,7.76,7.68,7.68,51550
DPR,2013-11-15,7.68,7.7,7.68,7.68,26800
DPR,2013-11-18,7.68,7.76,7.68,7.76,890
DPR,2013-11-19,7.7,7.7,7.68,7.7,40220
DPR,2013-11-20,7.7,7.76,7.7,7.76,6620
DPR,2013-11-21,7.84,7.84,7.76,7.76,1910
DPR,2013-11-22,7.76,7.76,7.76,7.76,2370
DPR,2013-11-25,7.76,7.81,7.75,7.76,3920
DPR,2013-11-26,7.84,7.84,7.76,7.78,15580
DPR,2013-11-27,7.8,7.81,7.76,7.81,3010
DPR,2013-11-28,7.78,7.81,7.76,7.8,5080
DPR,2013-11-29,7.89,7.89,7.8,7.81,3120
DPR,2013-12-02,7.81,7.81,7.81,7.81,9090
DPR,2013-12-03,7.81,7.81,7.76,7.76,13920
DPR,2013-12-04,8.01,8.01,7.81,7.98,3720
DPR,2013-12-05,7.81,7.98,7.76,7.98,7750
DPR,2013-12-06,7.85,7.85,7.76,7.76,15720
DPR,2013-12-09,7.8,7.8,7.76,7.8,18240
DPR,2013-12-10,7.78,7.78,7.68,7.78,31360
DPR,2013-12-11,7.93,7.93,7.78,7.78,3390
DPR,2013-12-12,7.78,7.83,7.76,7.83,7970
DPR,2013-12-13,7.76,7.8,7.7,7.7,8060
DPR,2013-12-16,7.7,7.76,7.7,7.76,1480
DPR,2013-12-17,7.71,7.8,7.71,7.76,4360
DPR,2013-12-18,7.51,7.75,7.51,7.75,2690
DPR,2013-12-19,7.8,7.8,7.8,7.8,20
DPR,2013-12-20,7.61,7.75,7.61,7.7,3050
DPR,2013-12-23,7.68,7.73,7.61,7.65,7960
DPR,2013-12-24,7.65,7.65,7.6,7.65,8020
DPR,2013-12-25,7.66,7.66,7.6,7.6,2890
DPR,2013-12-26,7.51,7.63,7.51,7.61,4980
DPR,2013-12-27,7.76,7.85,7.6,7.85,14710
DPR,2013-12-30,7.85,7.85,7.6,7.83,9820
DPR,2013-12-31,7.83,7.83,7.68,7.83,1730
DPR,2014-01-02,7.81,7.85,7.81,7.83,140
DPR,2014-01-03,7.81,7.81,7.76,7.78,2040
DPR,2014-01-06,7.76,7.78,7.71,7.73,2260
DPR,2014-01-07,7.73,7.83,7.73,7.83,9790
DPR,2014-01-08,7.81,7.81,7.8,7.8,8050
DPR,2014-01-09,7.8,7.8,7.8,7.8,1850
DPR,2014-01-10,7.78,7.8,7.78,7.8,8420
DPR,2014-01-13,7.8,7.81,7.8,7.8,12760
DPR,2014-01-14,7.8,7.81,7.8,7.81,4150
DPR,2014-01-15,7.81,7.81,7.8,7.8,2220
DPR,2014-01-16,7.8,7.8,7.76,7.78,4930
DPR,2014-01-17,7.8,7.8,7.76,7.76,13890
DPR,2014-01-20,7.78,7.78,7.76,7.78,18780
DPR,2014-01-21,7.83,7.96,7.8,7.96,22130
DPR,2014-01-22,7.96,7.98,7.85,7.85,4890
DPR,2014-01-23,7.85,7.96,7.85,7.86,1610
DPR,2014-01-24,7.86,8.1,7.86,8.1,5940
DPR,2014-01-27,7.9,7.9,7.86,7.9,7580
DPR,2014-02-06,7.91,8.01,7.91,8.01,1620
DPR,2014-02-07,8.03,8.43,8.03,8.25,30060
DPR,2014-02-10,8.26,8.3,8.25,8.25,6930
DPR,2014-02-11,8.3,8.3,8.25,8.25,10130
DPR,2014-02-12,8.25,8.25,8.15,8.18,14240
DPR,2014-02-13,8.18,8.18,8.18,8.18,2660
DPR,2014-02-14,8.21,8.26,8.18,8.23,17320
DPR,2014-02-17,8.18,8.23,8.18,8.2,14100
DPR,2014-02-18,8.18,8.2,8.16,8.18,13080
DPR,2014-02-19,8.13,8.35,8.1,8.26,27950
DPR,2014-02-20,8.35,8.35,8.18,8.23,16230
DPR,2014-02-21,8.23,8.26,8.18,8.23,33440
DPR,2014-02-24,8.23,8.25,8.18,8.18,33110
DPR,2014-02-25,8.26,8.26,8.15,8.18,28200
DPR,2014-02-26,8.18,8.18,8.15,8.18,6750
DPR,2014-02-27,8.16,8.18,8.11,8.13,31110
DPR,2014-02-28,8.18,8.18,8.08,8.13,84770
DPR,2014-03-03,8.18,8.18,8.08,8.08,4990
DPR,2014-03-04,8.13,8.13,8.01,8.08,13740
DPR,2014-03-05,8.01,8.06,8.01,8.06,17550
DPR,2014-03-06,8.01,8.03,8.01,8.01,66360
DPR,2014-03-07,8.01,8.51,7.98,8.01,43600
DPR,2014-03-10,7.98,8.01,7.9,7.93,15900
DPR,2014-03-11,7.93,7.93,7.83,7.83,77880
DPR,2014-03-12,7.83,7.83,7.68,7.75,82170
DPR,2014-03-13,7.76,7.76,7.66,7.68,128700
DPR,2014-03-14,7.68,7.68,7.66,7.66,50840
DPR,2014-03-17,7.66,7.68,7.65,7.66,24230
DPR,2014-03-18,7.66,7.68,7.65,7.66,14650
DPR,2014-03-19,7.66,7.78,7.6,7.65,206540
DPR,2014-03-20,7.65,7.78,7.5,7.51,1096880
DPR,2014-03-21,7.6,7.6,7.43,7.43,257820
DPR,2014-03-24,7.43,7.45,7.41,7.43,1142860
DPR,2014-03-25,7.43,7.51,7.41,7.45,2497800
DPR,2014-03-26,7.51,7.95,7.41,7.61,608730
DPR,2014-03-27,7.61,7.61,7.53,7.55,145620
DPR,2014-03-28,7.5,7.5,7.33,7.35,659450
DPR,2014-03-31,7.35,7.43,7.33,7.35,377330
DPR,2014-04-01,7.35,7.46,7.3,7.33,424140
DPR,2014-04-02,7.4,7.43,7.3,7.35,333190
DPR,2014-04-03,7.41,7.43,7.35,7.38,124140
DPR,2014-04-04,7.4,7.45,7.38,7.43,180900
DPR,2014-04-07,7.4,7.46,7.4,7.43,162820
DPR,2014-04-08,7.43,7.45,7.41,7.41,212370
DPR,2014-04-10,7.45,7.56,7.43,7.46,349820
DPR,2014-04-11,7.51,7.51,7.41,7.48,46040
DPR,2014-04-14,7.48,7.48,7.33,7.35,166610
DPR,2014-04-15,7.35,7.35,7.18,7.18,306350
DPR,2014-04-16,7.18,7.18,6.79,7.01,281880
DPR,2014-04-17,7.01,7.04,6.91,6.94,73380
DPR,2014-04-18,6.91,6.94,6.66,6.78,308380
DPR,2014-04-21,6.92,7.04,6.81,7.04,235810
DPR,2014-04-22,7.04,7.14,7.02,7.14,138510
DPR,2014-04-23,7.14,7.18,7.09,7.11,101750
DPR,2014-04-24,7.09,7.28,7.09,7.26,121300
DPR,2014-04-25,7.28,7.31,7.26,7.31,61610
DPR,2014-04-28,7.31,7.33,7.31,7.31,47070
DPR,2014-04-29,7.31,7.31,7.3,7.31,67800
DPR,2014-05-05,7.31,7.47,7.31,7.35,229520
DPR,2014-05-06,7.37,7.37,7.11,7.14,91990
DPR,2014-05-07,7.14,7.28,7.14,7.28,48600
DPR,2014-05-08,7.28,7.28,6.78,6.78,226320
DPR,2014-05-09,6.76,6.95,6.67,6.95,71430
DPR,2014-05-12,6.95,6.99,6.67,6.76,125700
DPR,2014-05-13,6.76,6.79,6.74,6.76,98960
DPR,2014-05-14,6.76,6.85,6.74,6.85,92360
DPR,2014-05-15,6.85,6.85,6.81,6.85,164510
DPR,2014-05-16,6.81,6.92,6.81,6.92,24000
DPR,2014-05-19,7.02,7.02,6.85,6.9,6320
DPR,2014-05-20,6.93,7.0,6.85,7.0,19470
DPR,2014-05-21,6.85,7.02,6.85,7.02,20200
DPR,2014-05-22,6.93,7.02,6.93,7.02,29470
DPR,2014-05-23,7.02,7.02,6.93,7.0,32860
DPR,2014-05-26,7.04,7.14,6.93,7.07,39660
DPR,2014-05-27,7.18,7.18,6.93,6.93,29250
DPR,2014-05-28,7.09,7.09,6.93,7.02,30730
DPR,2014-05-29,7.04,7.05,7.02,7.05,3100
DPR,2014-05-30,7.02,7.05,6.93,6.93,12270
DPR,2014-06-02,6.97,6.97,6.88,6.93,9750
DPR,2014-06-03,6.93,6.93,6.9,6.93,11270
DPR,2014-06-04,6.9,6.93,6.86,6.86,4550
DPR,2014-06-05,6.86,6.88,6.85,6.88,3630
DPR,2014-06-06,6.88,6.88,6.85,6.85,3530
DPR,2014-06-09,6.85,6.92,6.85,6.85,5130
DPR,2014-06-10,6.85,6.85,6.78,6.78,12310
DPR,2014-06-11,6.79,6.79,6.78,6.78,2500
DPR,2014-06-12,6.79,6.85,6.79,6.85,11680
DPR,2014-06-13,6.85,6.9,6.85,6.85,4560
DPR,2014-06-16,6.85,6.86,6.85,6.86,12360
DPR,2014-06-17,6.85,6.86,6.78,6.81,8450
DPR,2014-06-18,6.81,6.81,6.78,6.78,16630
DPR,2014-06-19,6.78,6.79,6.76,6.79,26960
DPR,2014-06-20,6.76,6.81,6.76,6.78,5330
DPR,2014-06-23,6.76,6.79,6.74,6.79,34960
DPR,2014-06-24,6.79,6.83,6.78,6.78,25340
DPR,2014-06-25,6.78,6.83,6.78,6.81,78090
DPR,2014-06-26,6.83,6.85,6.81,6.81,80770
DPR,2014-06-27,6.86,6.86,6.81,6.81,149600
DPR,2014-06-30,6.81,6.93,6.81,6.9,108910
DPR,2014-07-01,6.85,6.92,6.85,6.9,50960
DPR,2014-07-02,6.9,6.93,6.9,6.93,65200
DPR,2014-07-03,6.92,6.93,6.9,6.92,73120
DPR,2014-07-04,6.92,6.92,6.9,6.92,44210
DPR,2014-07-07,6.92,6.93,6.92,6.92,86400
DPR,2014-07-08,6.92,6.93,6.9,6.92,99850
DPR,2014-07-09,6.92,7.05,6.92,7.0,139870
DPR,2014-07-10,6.93,7.05,6.93,7.0,78720
DPR,2014-07-11,7.0,7.02,7.0,7.02,22110
DPR,2014-07-14,7.0,7.04,7.0,7.0,42380
DPR,2014-07-15,7.02,7.02,6.99,7.02,105330
DPR,2014-07-16,7.0,7.04,7.0,7.0,57560
DPR,2014-07-17,7.0,7.0,6.97,6.99,34310
DPR,2014-07-18,6.97,6.97,6.9,6.92,38230
DPR,2014-07-21,6.92,6.93,6.85,6.86,46990
DPR,2014-07-22,6.85,6.9,6.85,6.85,43780
DPR,2014-07-23,6.88,6.92,6.88,6.92,52720
DPR,2014-07-24,6.88,6.92,6.88,6.9,6830
DPR,2014-07-25,6.88,6.9,6.88,6.88,19640
DPR,2014-07-28,6.9,6.92,6.78,6.86,22850
DPR,2014-07-29,6.6,6.95,6.6,6.92,14100
DPR,2014-07-30,6.92,6.92,6.9,6.92,780
DPR,2014-07-31,6.85,6.92,6.85,6.9,1470
DPR,2014-08-01,6.9,6.9,6.86,6.88,19300
DPR,2014-08-04,6.88,6.9,6.86,6.9,16480
DPR,2014-08-05,6.9,6.9,6.86,6.86,22050
DPR,2014-08-06,6.86,6.88,6.86,6.86,54180
DPR,2014-08-07,6.86,6.88,6.86,6.88,40220
DPR,2014-08-08,6.88,6.9,6.86,6.9,13240
DPR,2014-08-11,6.88,6.9,6.86,6.9,27350
DPR,2014-08-12,6.88,6.88,6.86,6.86,8030
DPR,2014-08-13,6.88,6.88,6.85,6.85,37880
DPR,2014-08-14,6.85,6.85,6.85,6.85,23980
DPR,2014-08-15,6.85,6.86,6.85,6.85,37770
DPR,2014-08-18,6.86,6.86,6.83,6.85,18240
DPR,2014-08-19,6.85,6.85,6.81,6.81,6240
DPR,2014-08-20,6.83,6.9,6.81,6.88,36830
DPR,2014-08-21,6.9,6.9,6.86,6.86,3210
DPR,2014-08-22,6.86,6.92,6.85,6.9,9930
DPR,2014-08-25,6.88,6.88,6.76,6.85,38100
DPR,2014-08-26,6.85,6.85,6.58,6.76,92710
DPR,2014-08-27,6.79,6.79,6.4,6.72,143690
DPR,2014-08-28,6.65,6.76,6.58,6.76,185190
DPR,2014-08-29,6.76,6.9,6.76,6.88,99260
DPR,2014-09-03,7.08,7.08,7.02,7.02,292150
DPR,2014-09-04,7.02,7.2,7.01,7.08,130370
DPR,2014-09-05,7.26,7.29,7.17,7.24,88730
DPR,2014-09-08,7.24,7.47,7.17,7.42,76670
DPR,2014-09-09,7.42,7.42,7.29,7.29,96830
DPR,2014-09-10,7.29,7.49,7.29,7.4,79160
DPR,2014-09-11,7.4,7.42,7.29,7.38,50950
DPR,2014-09-12,7.38,7.43,7.34,7.4,42110
DPR,2014-09-15,7.38,7.4,7.34,7.38,73110
DPR,2014-09-16,7.34,7.36,7.13,7.29,16090
DPR,2014-09-17,7.24,7.29,7.2,7.24,14220
DPR,2014-09-18,7.2,7.26,7.11,7.2,36770
DPR,2014-09-19,7.13,7.2,7.13,7.2,6930
DPR,2014-09-22,7.22,7.22,7.13,7.15,15810
DPR,2014-09-23,7.17,7.17,7.13,7.15,11670
DPR,2014-09-24,7.17,7.29,7.11,7.26,27240
DPR,2014-09-25,7.34,7.42,7.29,7.29,10500
DPR,2014-09-26,7.29,7.47,7.29,7.47,97460
DPR,2014-09-29,7.47,7.65,7.47,7.52,23170
DPR,2014-09-30,7.47,7.68,7.47,7.68,45200
DPR,2014-10-01,7.72,7.79,7.68,7.77,93510
DPR,2014-10-02,7.74,7.74,7.68,7.72,154330
DPR,2014-10-03,7.72,7.72,7.47,7.66,65700
DPR,2014-10-06,7.65,7.7,7.56,7.56,119450
DPR,2014-10-07,7.56,7.65,7.56,7.63,170350
DPR,2014-10-08,7.63,7.7,7.63,7.7,130360
DPR,2014-10-09,7.72,7.75,7.7,7.75,121560
DPR,2014-10-10,7.75,7.79,7.74,7.75,154260
DPR,2014-10-13,7.74,7.75,7.5,7.72,129290
DPR,2014-10-14,7.72,7.77,7.72,7.72,200800
DPR,2014-10-15,7.72,7.75,7.38,7.72,204820
DPR,2014-10-16,7.65,7.7,7.65,7.65,66050
DPR,2014-10-17,7.68,7.68,7.56,7.56,31760
DPR,2014-10-20,7.56,7.63,7.56,7.63,4510
DPR,2014-10-21,7.56,7.61,7.56,7.56,7340
DPR,2014-10-22,7.56,7.56,7.43,7.43,12590
DPR,2014-10-23,7.43,7.43,7.2,7.2,25950
DPR,2014-10-24,7.22,7.24,7.2,7.2,24570
DPR,2014-10-27,7.2,7.2,7.02,7.02,6730
DPR,2014-10-28,7.02,7.2,7.02,7.18,5720
DPR,2014-10-29,7.22,7.22,7.2,7.2,880
DPR,2014-10-30,7.18,7.18,7.15,7.15,2190
DPR,2014-10-31,7.15,7.24,7.15,7.2,7950
DPR,2014-11-03,7.17,7.7,7.17,7.59,1260
DPR,2014-11-04,7.59,7.59,7.22,7.47,780
DPR,2014-11-05,7.47,7.61,7.29,7.29,2540
DPR,2014-11-06,7.33,7.33,7.29,7.29,5050
DPR,2014-11-07,7.31,7.38,7.29,7.31,2250
DPR,2014-11-10,7.49,7.49,7.26,7.29,8410
DPR,2014-11-11,7.13,7.29,7.11,7.29,11750
DPR,2014-11-12,7.15,7.15,7.11,7.11,23610
DPR,2014-11-13,7.45,7.45,7.29,7.29,1720
DPR,2014-11-14,7.29,7.29,7.15,7.27,3210
DPR,2014-11-17,7.27,7.29,7.24,7.24,4960
DPR,2014-11-18,7.26,7.26,7.15,7.15,10650
DPR,2014-11-19,7.15,7.17,7.13,7.13,40030
DPR,2014-11-20,7.15,7.15,7.11,7.11,42070
DPR,2014-11-21,7.2,7.24,7.11,7.11,27930
DPR,2014-11-24,7.13,7.29,7.11,7.29,28120
DPR,2014-11-25,7.29,7.29,7.18,7.2,31020
DPR,2014-11-26,7.18,7.18,7.02,7.02,18470
DPR,2014-11-27,7.04,7.11,7.04,7.1,13050
DPR,2014-11-28,7.1,7.15,7.08,7.11,21340
DPR,2014-12-01,6.95,7.35,6.95,7.28,11220
DPR,2014-12-02,7.43,7.43,7.17,7.21,6860
DPR,2014-12-03,7.37,7.39,7.17,7.28,48930
DPR,2014-12-04,7.37,7.43,7.3,7.43,62720
DPR,2014-12-05,7.39,7.76,7.32,7.76,39250
DPR,2014-12-08,7.67,7.76,7.39,7.39,55740
DPR,2014-12-09,7.58,7.58,7.39,7.39,29520
DPR,2014-12-10,7.58,7.58,7.3,7.39,8100
DPR,2014-12-11,7.3,7.48,7.3,7.48,23660
DPR,2014-12-12,7.54,7.54,7.3,7.39,20210
DPR,2014-12-15,7.37,7.39,7.3,7.39,1640
DPR,2014-12-16,7.22,7.39,7.21,7.39,10300
DPR,2014-12-17,7.24,7.24,7.02,7.02,17600
DPR,2014-12-18,7.35,7.35,7.02,7.04,19530
DPR,2014-12-19,6.93,7.33,6.93,7.11,26650
DPR,2014-12-22,7.19,7.21,6.93,6.95,7730
DPR,2014-12-23,7.19,7.19,7.19,7.19,10
DPR,2014-12-24,7.02,7.02,6.98,7.0,15680
DPR,2014-12-25,7.02,7.02,6.98,7.02,8810
DPR,2014-12-26,7.02,7.04,6.93,6.93,6680
DPR,2014-12-29,6.95,7.06,6.89,6.89,14260
DPR,2014-12-30,6.91,6.98,6.89,6.98,44470
DPR,2014-12-31,7.09,7.09,7.02,7.02,660
DPR,2015-01-05,7.02,7.02,7.02,7.02,5220
DPR,2015-01-06,7.02,7.02,6.95,6.95,29250
DPR,2015-01-07,6.97,7.0,6.95,7.0,13200
DPR,2015-01-08,7.02,7.02,6.95,6.95,9900
DPR,2015-01-09,7.02,7.02,6.97,6.97,5720
DPR,2015-01-12,6.98,7.09,6.97,7.09,10770
DPR,2015-01-13,6.97,7.48,6.97,7.21,29440
DPR,2015-01-14,7.02,7.02,7.02,7.02,7200
DPR,2015-01-15,7.11,7.11,7.06,7.06,120
DPR,2015-01-16,7.06,7.11,7.06,7.06,133150
DPR,2015-01-19,7.06,7.06,7.06,7.06,11800
DPR,2015-01-20,7.06,7.06,6.93,7.02,24740
DPR,2015-01-21,6.97,6.97,6.97,6.97,2040
DPR,2015-01-22,7.11,7.11,7.02,7.02,160
DPR,2015-01-23,7.02,7.04,6.97,6.97,6700
DPR,2015-01-26,6.97,6.97,6.93,6.93,15400
DPR,2015-01-27,7.02,7.02,6.93,6.93,28890
DPR,2015-01-28,7.11,7.11,6.91,6.93,34000
DPR,2015-01-29,6.93,7.11,6.93,7.11,7320
DPR,2015-01-30,7.11,7.11,6.93,7.09,25200
DPR,2015-02-02,7.19,7.19,6.97,6.97,5080
DPR,2015-02-03,6.97,7.02,6.91,6.91,4610
DPR,2015-02-04,6.95,6.95,6.91,6.91,11090
DPR,2015-02-05,6.91,6.98,6.87,6.98,7710
DPR,2015-02-06,6.98,6.98,6.8,6.84,23010
DPR,2015-02-09,6.84,6.87,6.84,6.84,9520
DPR,2015-02-10,6.84,6.84,6.82,6.84,8500
DPR,2015-02-11,6.98,7.02,6.98,7.0,420
DPR,2015-02-12,7.06,7.39,7.0,7.09,10690
DPR,2015-02-13,7.32,7.32,7.09,7.09,1660
DPR,2015-02-24,7.39,7.39,6.87,7.02,2920
DPR,2015-02-25,7.09,7.09,6.91,6.91,780
DPR,2015-02-26,6.91,6.93,6.91,6.93,9730
DPR,2015-02-27,7.33,7.33,6.89,6.89,13060
DPR,2015-03-02,6.93,6.93,6.89,6.91,11480
DPR,2015-03-03,6.93,6.93,6.89,6.89,3340
DPR,2015-03-04,7.13,7.13,6.87,6.89,12580
DPR,2015-03-05,6.91,7.09,6.91,7.09,15700
DPR,2015-03-06,7.06,7.06,6.93,6.93,32000
DPR,2015-03-09,6.95,6.95,6.84,6.84,30500
DPR,2015-03-10,6.93,6.93,6.84,6.93,2950
DPR,2015-03-11,6.87,6.87,6.87,6.87,800
DPR,2015-03-12,6.87,6.93,6.87,6.87,200
DPR,2015-03-13,6.87,6.89,6.87,6.87,5620
DPR,2015-03-16,6.84,6.89,6.84,6.89,1610
DPR,2015-03-17,6.84,6.98,6.84,6.84,16150
DPR,2015-03-18,6.85,6.85,6.84,6.84,12420
DPR,2015-03-19,6.93,6.93,6.84,6.84,230
DPR,2015-03-20,6.84,6.84,6.84,6.84,1010
DPR,2015-03-23,7.14,7.14,6.51,6.51,26830
DPR,2015-03-24,6.51,6.74,6.49,6.74,7420
DPR,2015-03-25,6.8,6.8,6.53,6.74,8850
DPR,2015-03-26,6.72,6.74,6.66,6.66,2610
DPR,2015-03-27,6.45,6.82,6.34,6.62,8260
DPR,2015-03-30,6.62,6.7,6.62,6.62,3350
DPR,2015-03-31,6.64,6.64,6.64,6.64,1210
DPR,2015-04-01,6.64,6.64,6.57,6.59,7840
DPR,2015-04-02,6.6,6.62,6.55,6.55,6730
DPR,2015-04-03,6.55,6.64,6.55,6.64,20
DPR,2015-04-06,6.64,6.64,6.57,6.57,1640
DPR,2015-04-07,6.57,6.57,6.53,6.55,21930
DPR,2015-04-08,6.55,6.6,6.55,6.6,1060
DPR,2015-04-09,6.57,6.57,6.51,6.55,17040
DPR,2015-04-10,6.55,6.8,6.55,6.57,5690
DPR,2015-04-13,6.57,6.72,6.57,6.59,1930
DPR,2015-04-14,6.59,6.59,6.59,6.59,1690
DPR,2015-04-15,6.59,6.59,6.59,6.59,530
DPR,2015-04-16,6.62,6.62,6.6,6.6,1500
DPR,2015-04-17,6.66,6.66,6.55,6.57,1240
DPR,2015-04-20,6.57,6.57,6.43,6.45,280
DPR,2015-04-21,6.45,6.55,6.45,6.45,4160
DPR,2015-04-22,6.47,6.47,6.43,6.45,11850
DPR,2015-04-23,6.55,6.55,6.41,6.43,9730
DPR,2015-04-24,6.45,6.47,6.45,6.47,220
DPR,2015-04-27,6.47,6.49,6.47,6.49,3920
DPR,2015-05-04,6.49,6.49,6.35,6.39,7900
DPR,2015-05-05,6.53,6.53,6.49,6.49,4620
DPR,2015-05-06,6.53,6.53,6.53,6.53,10
DPR,2015-05-07,6.53,6.55,6.39,6.55,5730
DPR,2015-05-08,6.74,6.74,6.74,6.74,110
DPR,2015-05-11,6.41,6.57,6.41,6.57,40
DPR,2015-05-12,6.55,6.55,6.35,6.35,25040
DPR,2015-05-13,6.45,6.47,6.45,6.45,7670
DPR,2015-05-14,6.39,6.47,6.39,6.47,90
DPR,2015-05-15,6.39,6.39,6.39,6.39,6280
DPR,2015-05-18,6.39,6.39,6.3,6.34,9450
DPR,2015-05-19,6.35,6.35,6.34,6.35,10040
DPR,2015-05-20,6.34,6.35,6.34,6.35,24090
DPR,2015-05-21,6.43,6.43,6.28,6.3,22200
DPR,2015-05-22,6.34,6.34,6.34,6.34,15500
DPR,2015-05-25,6.32,6.34,6.32,6.34,5030
DPR,2015-05-26,6.34,6.34,6.34,6.34,3070
DPR,2015-05-27,6.34,6.34,6.26,6.26,21000
DPR,2015-05-28,6.26,6.35,6.26,6.26,20250
DPR,2015-05-29,6.26,6.28,6.26,6.26,13750
DPR,2015-06-01,6.32,6.32,6.26,6.26,27760
DPR,2015-06-02,6.32,6.32,6.26,6.26,7130
DPR,2015-06-03,6.3,6.3,6.2,6.2,25220
DPR,2015-06-04,6.26,6.26,6.2,6.2,10700
DPR,2015-06-05,6.2,6.2,6.18,6.2,14420
DPR,2015-06-08,6.2,6.2,6.14,6.14,26100
DPR,2015-06-09,6.14,6.14,6.12,6.14,21260
DPR,2015-06-10,6.14,6.14,6.12,6.12,3550
DPR,2015-06-11,6.14,6.45,6.14,6.45,20300
DPR,2015-06-12,6.55,6.55,6.26,6.26,1100
DPR,2015-06-15,6.26,6.26,6.16,6.18,800
DPR,2015-06-16,6.18,6.18,6.14,6.14,12480
DPR,2015-06-17,6.07,6.07,6.07,6.07,13450
DPR,2015-06-18,6.26,6.26,6.07,6.07,2120
DPR,2015-06-19,6.16,6.16,6.12,6.16,13790
DPR,2015-06-22,6.16,6.16,6.16,6.16,100
DPR,2015-06-23,6.26,6.35,6.26,6.35,4080
DPR,2015-06-24,6.35,6.35,6.16,6.16,12310
DPR,2015-06-25,6.16,6.26,6.16,6.16,2110
DPR,2015-06-26,6.16,6.16,6.12,6.12,23650
DPR,2015-06-29,6.1,6.2,6.1,6.2,2660
DPR,2015-06-30,6.2,6.2,6.14,6.14,22280
DPR,2015-07-01,6.16,6.16,6.16,6.16,7500
DPR,2015-07-02,6.18,6.3,6.18,6.3,8990
DPR,2015-07-03,6.3,6.3,6.3,6.3,0
DPR,2015-07-06,6.3,6.3,6.3,6.3,1180
DPR,2015-07-07,6.32,6.45,6.32,6.43,7450
DPR,2015-07-08,6.35,6.47,6.32,6.47,900
DPR,2015-07-09,6.39,6.41,6.39,6.41,1050
DPR,2015-07-10,6.41,6.41,6.39,6.39,3890
DPR,2015-07-13,6.39,6.39,6.39,6.39,3200
DPR,2015-07-14,6.45,6.45,6.41,6.43,4970
DPR,2015-07-15,6.45,6.47,6.45,6.45,3000
DPR,2015-07-16,6.55,6.66,6.16,6.66,14110
DPR,2015-07-17,6.66,6.74,6.35,6.35,5720
DPR,2015-07-20,6.49,6.53,6.35,6.47,7630
DPR,2015-07-21,6.35,6.37,6.28,6.28,10600
DPR,2015-07-22,6.41,6.45,6.28,6.43,7300
DPR,2015-07-23,6.47,6.47,6.37,6.37,14780
DPR,2015-07-24,6.37,6.37,6.37,6.37,5500
DPR,2015-07-27,6.35,6.37,6.35,6.37,5060
DPR,2015-07-28,6.37,6.43,6.35,6.35,11070
DPR,2015-07-29,6.35,6.35,6.35,6.35,5010
DPR,2015-07-30,6.35,6.35,6.35,6.35,6850
DPR,2015-07-31,6.35,6.37,6.18,6.18,16250
DPR,2015-08-03,6.18,6.18,6.07,6.07,8450
DPR,2015-08-04,6.07,6.16,6.07,6.16,1020
DPR,2015-08-05,6.16,6.16,6.16,6.16,2000
DPR,2015-08-06,6.24,6.24,6.24,6.24,180
DPR,2015-08-07,6.24,6.24,6.24,6.24,0
DPR,2015-08-10,6.24,6.26,6.24,6.26,810
DPR,2015-08-11,6.32,6.35,6.28,6.28,2990
DPR,2015-08-12,6.28,6.28,6.26,6.28,4000
DPR,2015-08-13,6.26,6.28,6.22,6.28,3390
DPR,2015-08-14,6.22,6.26,6.2,6.24,7000
DPR,2015-08-17,6.2,6.22,6.2,6.2,3520
DPR,2015-08-18,6.16,6.2,6.16,6.16,3710
DPR,2015-08-19,6.16,6.2,6.16,6.2,2500
DPR,2015-08-20,6.18,6.26,6.18,6.26,550
DPR,2015-08-21,6.16,6.16,6.12,6.16,13710
DPR,2015-08-24,6.12,6.12,5.78,5.78,16700
DPR,2015-08-25,5.37,6.16,5.37,5.87,13340
DPR,2015-08-26,5.58,5.97,5.58,5.97,26710
DPR,2015-08-27,5.97,5.97,5.97,5.97,230
DPR,2015-08-28,5.97,5.97,5.83,5.85,2570
DPR,2015-08-31,5.87,5.87,5.83,5.87,3030
DPR,2015-09-01,5.95,6.05,5.95,6.05,8470
DPR,2015-09-03,5.95,6.05,5.95,6.03,2930
DPR,2015-09-04,6.03,6.16,6.03,6.16,560
DPR,2015-09-07,6.35,6.35,6.08,6.08,700
DPR,2015-09-08,6.07,6.08,6.07,6.07,480
DPR,2015-09-09,6.08,6.35,6.07,6.35,580
DPR,2015-09-10,6.35,6.35,6.35,6.35,0
DPR,2015-09-11,6.35,6.35,6.35,6.35,0
DPR,2015-09-14,6.07,6.07,6.07,6.07,5560
DPR,2015-09-15,6.07,6.08,6.07,6.08,3870
DPR,2015-09-16,6.08,6.1,6.08,6.08,370
DPR,2015-09-17,6.26,6.26,6.26,6.26,240
DPR,2015-09-18,6.16,6.16,6.1,6.16,5300
DPR,2015-09-21,6.14,6.14,6.12,6.12,13490
DPR,2015-09-22,6.12,6.14,6.12,6.14,3690
DPR,2015-09-23,6.12,6.12,6.12,6.12,300
DPR,2015-09-24,6.12,6.12,6.12,6.12,0
DPR,2015-09-25,6.12,6.16,6.12,6.16,960
DPR,2015-09-28,6.16,6.16,6.16,6.16,1000
DPR,2015-09-29,6.16,6.2,6.16,6.2,1500
DPR,2015-09-30,6.2,6.2,6.2,6.2,0
DPR,2015-10-01,6.16,6.16,6.08,6.08,6170
DPR,2015-10-02,6.08,6.16,6.08,6.12,1620
DPR,2015-10-05,6.16,6.16,6.16,6.16,300
DPR,2015-10-06,6.16,6.16,6.12,6.12,28210
DPR,2015-10-07,6.24,6.26,6.12,6.14,11080
DPR,2015-10-08,6.14,6.24,6.14,6.24,8630
DPR,2015-10-09,6.24,6.32,6.24,6.32,6240
DPR,2015-10-12,6.24,6.34,6.24,6.34,5270
DPR,2015-10-13,6.34,6.35,6.32,6.35,2350
DPR,2015-10-14,6.35,6.53,6.35,6.43,150
DPR,2015-10-15,6.39,6.39,6.32,6.32,3640
DPR,2015-10-16,6.32,6.43,6.26,6.32,10860
DPR,2015-10-19,6.28,6.43,6.28,6.43,60
DPR,2015-10-20,6.32,6.32,6.32,6.32,380
DPR,2015-10-21,6.32,6.32,6.12,6.12,1090
DPR,2015-10-22,6.12,6.12,6.1,6.12,9910
DPR,2015-10-23,6.1,6.1,6.07,6.07,30020
DPR,2015-10-26,6.07,6.07,6.07,6.07,700
DPR,2015-10-27,6.07,6.07,5.97,5.97,42910
DPR,2015-10-28,5.97,5.97,5.89,5.97,5730
DPR,2015-10-29,5.97,6.14,5.97,6.14,6250
DPR,2015-10-30,6.03,6.12,6.03,6.12,8350
DPR,2015-11-02,6.12,6.12,6.12,6.12,300
DPR,2015-11-03,6.12,6.14,6.12,6.14,1160
DPR,2015-11-04,6.08,6.08,6.08,6.08,19800
DPR,2015-11-05,6.08,6.16,6.08,6.16,2770
DPR,2015-11-06,6.08,6.08,6.07,6.07,9780
DPR,2015-11-09,6.07,6.07,6.07,6.07,1660
DPR,2015-11-10,6.32,6.32,6.32,6.32,10
DPR,2015-11-11,6.32,6.32,6.07,6.07,2000
DPR,2015-11-12,6.07,6.07,6.07,6.07,4700
DPR,2015-11-13,6.07,6.12,6.07,6.12,410
DPR,2015-11-16,6.26,6.26,5.87,5.87,16200
DPR,2015-11-17,5.87,5.89,5.87,5.87,24640
DPR,2015-11-18,5.87,5.87,5.87,5.87,5230
DPR,2015-11-19,5.87,5.87,5.87,5.87,13710
DPR,2015-11-20,5.89,5.89,5.87,5.87,9300
DPR,2015-11-23,6.26,6.26,5.78,5.87,2820
DPR,2015-11-24,5.87,5.87,5.87,5.87,130
DPR,2015-11-25,5.89,5.89,5.89,5.89,800
DPR,2015-11-26,5.89,5.93,5.89,5.93,440
DPR,2015-11-27,5.93,5.93,5.91,5.91,1100
DPR,2015-11-30,6.12,6.12,6.01,6.01,3100
DPR,2015-12-01,6.03,6.03,6.03,6.03,100
DPR,2015-12-02,6.07,6.14,6.05,6.14,3230
DPR,2015-12-03,6.16,6.2,6.16,6.2,210
DPR,2015-12-04,6.24,6.24,6.16,6.16,1020
DPR,2015-12-07,6.14,6.14,6.14,6.14,870
DPR,2015-12-08,6.12,6.16,6.12,6.16,3230
DPR,2015-12-09,6.16,6.16,6.16,6.16,560
DPR,2015-12-10,6.16,6.24,6.16,6.16,4320
DPR,2015-12-11,6.1,6.12,6.08,6.08,5350
DPR,2015-12-14,6.08,6.2,6.08,6.2,620
DPR,2015-12-15,6.16,6.2,6.16,6.2,400
DPR,2015-12-16,6.16,6.2,6.16,6.2,2450
DPR,2015-12-17,6.2,6.2,6.2,6.2,1100
DPR,2015-12-18,6.46,6.46,6.1,6.16,5420
DPR,2015-12-21,6.16,6.16,6.16,6.16,80
DPR,2015-12-22,6.16,6.16,6.16,6.16,0
DPR,2015-12-23,6.12,6.12,6.12,6.12,500
DPR,2015-12-24,6.12,6.12,5.76,5.76,51370
DPR,2015-12-25,5.96,5.96,5.96,5.96,10
DPR,2015-12-28,6.08,6.36,6.08,6.36,5530
DPR,2015-12-29,6.08,6.81,6.08,6.81,10520
DPR,2015-12-30,6.56,7.27,6.38,7.27,26150
DPR,2015-12-31,7.27,7.27,6.79,7.25,16400
DPR,2016-01-04,6.87,6.87,6.77,6.77,7640
DPR,2016-01-05,6.77,6.77,6.77,6.77,3100
DPR,2016-01-06,6.46,6.46,6.46,6.46,3660
DPR,2016-01-07,6.87,6.87,6.44,6.69,12510
DPR,2016-01-08,6.46,6.46,6.46,6.46,11300
DPR,2016-01-11,6.46,6.46,6.38,6.38,3700
DPR,2016-01-12,6.38,6.38,6.28,6.28,10580
DPR,2016-01-13,6.28,6.36,6.28,6.36,1170
DPR,2016-01-14,6.32,6.32,6.26,6.26,8100
DPR,2016-01-15,6.3,6.3,6.3,6.3,500
DPR,2016-01-18,6.12,6.66,6.1,6.66,3340
DPR,2016-01-19,6.22,6.56,6.22,6.48,1900
DPR,2016-01-20,6.48,6.5,6.46,6.46,1250
DPR,2016-01-21,6.46,6.46,6.46,6.46,0
DPR,2016-01-22,6.24,6.46,6.24,6.46,1210
DPR,2016-01-25,6.46,6.77,6.46,6.77,6630
DPR,2016-01-26,6.48,6.48,6.46,6.46,2700
DPR,2016-01-27,6.46,6.46,6.46,6.46,0
DPR,2016-01-28,6.46,6.71,6.46,6.46,450
DPR,2016-01-29,6.46,6.46,6.46,6.46,0
DPR,2016-02-01,6.28,6.28,6.28,6.28,70
DPR,2016-02-02,6.3,6.66,6.28,6.28,8990
DPR,2016-02-03,6.66,6.66,6.66,6.66,1000
DPR,2016-02-04,6.66,6.66,6.66,6.66,4280
DPR,2016-02-05,6.66,6.69,6.66,6.69,4210
DPR,2016-02-15,6.66,7.15,6.66,6.89,8440
DPR,2016-02-16,6.89,6.93,6.89,6.93,1350
DPR,2016-02-17,6.93,7.27,6.93,7.27,24110
DPR,2016-02-18,7.07,7.25,7.01,7.07,13990
DPR,2016-02-19,6.99,7.11,6.99,7.01,9900
DPR,2016-02-22,7.01,7.01,6.97,6.99,12160
DPR,2016-02-23,7.01,7.01,6.99,6.99,2900
DPR,2016-02-24,6.95,6.95,6.95,6.95,650
DPR,2016-02-25,6.95,7.07,6.93,7.07,6400
DPR,2016-02-26,7.01,7.03,7.01,7.03,2400
DPR,2016-02-29,7.07,7.45,7.05,7.39,23740
DPR,2016-03-01,7.39,7.39,7.27,7.33,2540
DPR,2016-03-02,7.45,7.45,7.27,7.41,4820
DPR,2016-03-03,7.23,7.37,7.19,7.37,3550
DPR,2016-03-04,7.37,7.88,7.35,7.88,145360
DPR,2016-03-07,8.28,8.28,7.88,7.92,45580
DPR,2016-03-08,7.92,8.08,7.49,7.9,5550
DPR,2016-03-09,7.78,7.78,7.57,7.59,80680
DPR,2016-03-10,7.59,7.86,7.59,7.65,52330
DPR,2016-03-11,7.84,7.84,7.61,7.67,20890
DPR,2016-03-14,7.55,7.78,7.55,7.67,19580
DPR,2016-03-15,7.63,7.63,7.53,7.59,3030
DPR,2016-03-16,7.51,7.51,7.49,7.49,2200
DPR,2016-03-17,7.59,7.67,7.51,7.51,14830
DPR,2016-03-18,7.53,7.63,7.47,7.55,9190
DPR,2016-03-21,7.57,7.78,7.51,7.57,3100
DPR,2016-03-22,7.53,7.55,7.27,7.55,5830
DPR,2016-03-23,7.55,7.98,7.31,7.67,16630
DPR,2016-03-24,7.67,7.67,7.37,7.43,3370
DPR,2016-03-25,7.57,7.57,7.09,7.43,6340
DPR,2016-03-28,7.39,7.67,7.39,7.41,1160
DPR,2016-03-29,7.47,7.61,7.07,7.45,11270
DPR,2016-03-30,7.43,7.43,7.29,7.29,5070
DPR,2016-03-31,7.27,7.45,6.93,6.93,28770
DPR,2016-04-01,6.91,7.23,6.77,7.07,800
DPR,2016-04-04,7.07,7.15,6.69,6.99,18130
DPR,2016-04-05,6.87,7.03,6.87,7.03,4220
DPR,2016-04-06,7.23,7.23,7.05,7.15,5850
DPR,2016-04-07,7.23,7.61,6.79,7.27,11340
DPR,2016-04-08,7.27,7.67,7.27,7.67,9210
DPR,2016-04-11,7.65,7.67,7.47,7.47,13580
DPR,2016-04-12,7.57,7.94,7.27,7.9,42250
DPR,2016-04-13,8.18,8.28,8.08,8.14,54680
DPR,2016-04-14,8.14,8.14,7.98,7.98,14030
DPR,2016-04-15,8.06,8.24,7.67,7.82,12970
DPR,2016-04-19,7.67,7.67,7.57,7.57,7970
DPR,2016-04-20,7.76,7.76,7.53,7.59,28570
DPR,2016-04-21,7.76,7.88,7.7,7.88,11900
DPR,2016-04-22,7.88,7.98,7.65,7.65,8450
DPR,2016-04-25,7.98,7.98,7.57,7.9,21440
DPR,2016-04-26,7.9,8.18,7.9,8.1,41880
DPR,2016-04-27,8.22,8.22,7.98,8.08,1990
DPR,2016-04-28,8.14,8.14,7.88,7.96,10570
DPR,2016-04-29,7.96,8.08,7.57,7.9,15400
DPR,2016-05-04,7.88,7.88,7.72,7.88,12110
DPR,2016-05-05,7.8,8.18,7.78,8.08,7730
DPR,2016-05-06,7.88,7.88,7.78,7.88,6690
DPR,2016-05-09,7.86,7.86,7.78,7.8,2160
DPR,2016-05-10,7.86,7.86,7.67,7.7,7180
DPR,2016-05-11,7.67,7.84,7.57,7.84,23000
DPR,2016-05-12,7.82,7.82,7.67,7.67,15870
DPR,2016-05-13,7.57,7.76,7.57,7.76,4550
DPR,2016-05-16,7.65,7.67,7.59,7.59,9150
DPR,2016-05-17,7.92,7.92,7.45,7.65,16080
DPR,2016-05-18,7.65,7.78,7.51,7.53,47740
DPR,2016-05-19,7.59,7.63,7.39,7.39,30650
DPR,2016-05-20,7.61,7.61,7.29,7.51,25460
DPR,2016-05-23,7.57,7.63,7.47,7.55,16970
DPR,2016-05-24,7.57,7.59,7.51,7.51,12620
DPR,2016-05-25,7.53,7.78,7.51,7.53,17110
DPR,2016-05-26,7.57,7.61,7.51,7.53,8150
DPR,2016-05-27,7.63,7.65,7.63,7.65,420
DPR,2016-05-30,7.65,7.65,7.47,7.61,5860
DPR,2016-05-31,7.65,7.65,7.47,7.59,34310
DPR,2016-06-01,7.61,7.63,7.47,7.55,37170
DPR,2016-06-02,7.57,7.57,7.55,7.57,5980
DPR,2016-06-03,7.57,7.63,7.57,7.63,58180
DPR,2016-06-06,7.57,7.65,7.57,7.63,35100
DPR,2016-06-07,7.63,7.65,7.63,7.65,32830
DPR,2016-06-08,7.65,8.0,7.65,7.78,22190
DPR,2016-06-09,7.84,7.98,7.84,7.92,14850
DPR,2016-06-10,7.98,7.98,7.86,7.9,17150
DPR,2016-06-13,7.92,7.98,7.74,7.88,12770
DPR,2016-06-14,7.96,7.96,7.67,7.67,12520
DPR,2016-06-15,7.86,7.86,7.67,7.84,9590
DPR,2016-06-16,7.67,7.67,7.65,7.67,50920
DPR,2016-06-17,7.53,7.87,7.46,7.46,35420
DPR,2016-06-20,7.78,7.78,7.48,7.48,780
DPR,2016-06-21,7.48,7.65,7.46,7.65,22190
DPR,2016-06-22,7.61,7.61,7.38,7.38,21470
DPR,2016-06-23,7.42,7.61,7.42,7.61,11150
DPR,2016-06-24,7.61,7.61,7.16,7.53,64270
DPR,2016-06-27,7.48,7.57,7.29,7.57,11440
DPR,2016-06-28,7.55,7.55,7.46,7.53,400
DPR,2016-06-29,7.5,7.55,7.42,7.42,4410
DPR,2016-06-30,7.42,7.57,7.35,7.46,6600
DPR,2016-07-01,7.5,7.53,7.35,7.35,29890
DPR,2016-07-04,7.38,7.57,7.35,7.55,26530
DPR,2016-07-05,7.42,7.46,7.4,7.46,43010
DPR,2016-07-06,7.46,7.5,7.38,7.5,20260
DPR,2016-07-07,7.53,7.53,7.42,7.5,1750
DPR,2016-07-08,7.33,7.57,7.33,7.44,6140
DPR,2016-07-11,7.48,7.48,7.35,7.35,3790
DPR,2016-07-12,7.55,7.55,7.35,7.46,390
DPR,2016-07-13,7.5,7.5,7.42,7.44,6720
DPR,2016-07-14,7.46,7.55,7.35,7.53,29810
DPR,2016-07-15,7.53,7.53,7.5,7.5,2330
DPR,2016-07-18,7.5,7.5,7.4,7.48,1500
DPR,2016-07-19,7.46,7.46,7.35,7.38,5720
DPR,2016-07-20,7.35,7.46,7.35,7.4,15340
DPR,2016-07-21,7.46,7.48,7.35,7.48,25930
DPR,2016-07-22,7.48,7.48,7.48,7.48,0
DPR,2016-07-25,7.44,7.44,7.35,7.44,260
DPR,2016-07-26,7.44,7.44,7.38,7.44,660
DPR,2016-07-27,7.42,7.42,7.35,7.42,8190
DPR,2016-07-28,7.48,7.48,7.29,7.42,250
DPR,2016-07-29,7.29,7.46,7.29,7.46,5670
DPR,2016-08-01,7.46,7.46,7.46,7.46,100
DPR,2016-08-02,7.4,7.4,7.4,7.4,30
DPR,2016-08-03,7.4,7.4,7.4,7.4,200
DPR,2016-08-04,7.29,7.4,7.27,7.35,1880
DPR,2016-08-05,7.35,7.46,7.25,7.44,4940
DPR,2016-08-08,7.42,7.44,7.42,7.44,120
DPR,2016-08-09,7.44,7.44,7.44,7.44,100
DPR,2016-08-10,7.42,7.42,7.42,7.42,750
DPR,2016-08-11,7.4,7.42,7.4,7.42,2320
DPR,2016-08-12,7.4,7.42,7.35,7.42,9190
DPR,2016-08-15,7.38,7.42,7.38,7.42,9860
DPR,2016-08-16,7.42,7.67,7.42,7.55,28400
DPR,2016-08-17,7.55,7.57,7.5,7.5,2460
DPR,2016-08-18,7.55,7.59,7.55,7.55,14090
DPR,2016-08-19,7.55,7.55,7.5,7.55,16530
DPR,2016-08-22,7.55,7.55,7.53,7.53,4260
DPR,2016-08-23,7.53,7.8,7.46,7.67,8430
DPR,2016-08-24,7.67,7.67,7.57,7.67,1490
DPR,2016-08-25,7.53,7.63,7.53,7.61,6710
DPR,2016-08-26,7.61,7.61,7.53,7.57,4130
DPR,2016-08-29,7.67,7.78,7.5,7.57,5180
DPR,2016-08-30,7.77,7.77,7.55,7.66,10260
DPR,2016-08-31,7.61,7.68,7.57,7.68,12100
DPR,2016-09-01,7.61,7.68,7.57,7.61,5720
DPR,2016-09-05,7.72,7.72,7.57,7.57,3110
DPR,2016-09-06,7.7,7.7,7.52,7.52,3230
DPR,2016-09-07,7.5,7.64,7.37,7.61,12760
DPR,2016-09-08,7.59,7.59,7.48,7.59,4890
DPR,2016-09-09,7.57,7.57,7.5,7.57,300
DPR,2016-09-12,7.57,7.64,7.5,7.55,2560
DPR,2016-09-13,7.64,7.64,7.64,7.64,10
DPR,2016-09-14,7.64,7.64,7.64,7.64,0
DPR,2016-09-15,7.35,7.59,7.1,7.57,2420
DPR,2016-09-16,7.57,7.57,7.57,7.57,10
DPR,2016-09-19,7.12,7.57,7.05,7.55,410
DPR,2016-09-20,7.5,7.5,7.26,7.26,16420
DPR,2016-09-21,7.32,7.46,7.32,7.46,6400
DPR,2016-09-22,7.43,7.52,7.43,7.52,1200
DPR,2016-09-23,7.53,7.53,7.46,7.52,4180
DPR,2016-09-26,7.46,7.52,7.43,7.5,6830
DPR,2016-09-27,7.5,7.5,7.37,7.48,8500
DPR,2016-09-28,7.48,7.5,7.35,7.46,27120
DPR,2016-09-29,7.48,7.48,7.39,7.46,15390
DPR,2016-09-30,7.46,7.48,7.46,7.46,7150
DPR,2016-10-03,7.46,7.48,7.39,7.39,6930
DPR,2016-10-04,7.41,7.41,7.39,7.39,5200
DPR,2016-10-05,7.35,7.39,7.35,7.39,5210
DPR,2016-10-06,7.35,7.46,7.35,7.35,4020
DPR,2016-10-07,7.35,7.79,7.35,7.52,15190
DPR,2016-10-10,7.52,7.52,7.35,7.37,25010
DPR,2016-10-11,7.43,7.77,7.39,7.77,24860
DPR,2016-10-12,7.88,8.01,7.77,7.79,22730
DPR,2016-10-13,7.77,7.79,7.75,7.75,9980
DPR,2016-10-14,7.79,7.84,7.75,7.79,8410
DPR,2016-10-17,7.86,7.97,7.79,7.97,24520
DPR,2016-10-18,8.01,8.17,8.01,8.15,54770
DPR,2016-10-19,8.21,8.21,7.92,8.15,11270
DPR,2016-10-20,8.15,8.15,7.81,8.01,2940
DPR,2016-10-21,8.08,8.12,7.79,7.9,8280
DPR,2016-10-24,7.95,7.95,7.84,7.92,3490
DPR,2016-10-25,7.97,7.97,7.81,7.92,2420
DPR,2016-10-26,7.9,7.9,7.68,7.84,7460
DPR,2016-10-27,7.89,8.38,7.89,8.06,26770
DPR,2016-10-28,8.35,8.46,8.24,8.46,79370
DPR,2016-10-31,8.46,8.57,8.35,8.35,16310
DPR,2016-11-01,8.35,8.46,8.24,8.3,31680
DPR,2016-11-02,8.24,8.35,8.24,8.35,14970
DPR,2016-11-03,8.35,8.35,8.1,8.35,30830
DPR,2016-11-04,8.28,8.35,8.28,8.35,3500
DPR,2016-11-07,8.24,8.53,8.24,8.44,50060
DPR,2016-11-08,8.44,8.75,8.44,8.54,37220
DPR,2016-11-09,8.57,8.61,8.26,8.5,36360
DPR,2016-11-10,8.66,9.09,8.66,9.09,130950
DPR,2016-11-11,9.66,9.66,9.1,9.33,105500
DPR,2016-11-14,9.33,9.33,8.93,9.22,46310
DPR,2016-11-15,9.22,9.28,9.04,9.12,95540
DPR,2016-11-16,9.12,9.26,9.08,9.08,170980
DPR,2016-11-17,9.08,9.1,8.81,8.83,52050
DPR,2016-11-18,8.95,8.95,8.35,8.53,46870
DPR,2016-11-21,8.79,8.79,8.59,8.68,56590
DPR,2016-11-22,8.91,9.02,8.82,8.82,49690
DPR,2016-11-23,9.0,9.0,8.66,8.73,20050
DPR,2016-11-24,8.7,8.9,8.7,8.7,39700
DPR,2016-11-25,8.7,8.7,8.57,8.57,13200
DPR,2016-11-28,8.57,8.57,8.34,8.45,6470
DPR,2016-11-29,8.8,8.8,8.22,8.27,29530
DPR,2016-11-30,8.43,8.43,7.7,8.04,86480
DPR,2016-12-01,8.22,8.22,8.0,8.11,20060
DPR,2016-12-02,8.22,8.22,7.77,7.77,44380
DPR,2016-12-05,7.77,8.06,7.77,8.06,26110
DPR,2016-12-06,8.09,8.17,7.9,8.0,12340
DPR,2016-12-07,7.9,8.2,7.9,8.06,5550
DPR,2016-12-08,8.22,8.22,8.04,8.09,15870
DPR,2016-12-09,8.02,8.16,8.02,8.04,19140
DPR,2016-12-12,8.04,8.59,8.04,8.41,43110
DPR,2016-12-13,8.45,8.45,8.22,8.22,6210
DPR,2016-12-14,8.43,8.57,8.29,8.57,73820
DPR,2016-12-15,8.8,8.8,8.57,8.61,47180
DPR,2016-12-16,8.59,8.68,8.57,8.65,10600
DPR,2016-12-19,8.57,8.73,8.57,8.68,29430
DPR,2016-12-20,8.59,8.66,8.34,8.34,22250
DPR,2016-12-21,8.41,8.61,8.34,8.48,7660
DPR,2016-12-22,8.48,8.5,8.36,8.45,4660
DPR,2016-12-23,8.5,8.5,8.25,8.27,8750
DPR,2016-12-26,8.27,8.43,8.22,8.22,17320
DPR,2016-12-27,8.45,8.45,8.22,8.29,12440
DPR,2016-12-28,8.36,8.45,8.29,8.45,29440
DPR,2016-12-29,8.45,8.45,8.32,8.43,4640
DPR,2016-12-30,8.34,8.45,8.32,8.45,12750
DPR,2017-01-03,8.54,8.54,8.34,8.45,13640
DPR,2017-01-04,8.49,8.49,8.41,8.43,5040
DPR,2017-01-05,8.45,8.54,8.43,8.54,43260
DPR,2017-01-06,8.38,8.66,8.38,8.38,21600
DPR,2017-01-09,8.49,8.57,8.32,8.38,6460
DPR,2017-01-10,8.36,8.57,8.36,8.52,9230
DPR,2017-01-11,8.52,8.77,8.52,8.77,81750
DPR,2017-01-12,9.0,9.0,8.8,8.91,59390
DPR,2017-01-13,8.96,9.09,8.8,8.91,34450
DPR,2017-01-16,8.91,9.12,8.84,8.86,137660
DPR,2017-01-17,8.98,8.98,8.8,8.86,65640
DPR,2017-01-18,8.82,8.84,8.7,8.84,6930
DPR,2017-01-19,8.82,8.86,8.7,8.7,40620
DPR,2017-01-20,8.7,8.86,8.66,8.66,29530
DPR,2017-01-23,8.89,8.89,8.52,8.52,19110
DPR,2017-01-24,8.52,8.68,8.52,8.54,98910
DPR,2017-01-25,8.86,8.86,8.58,8.64,22920
DPR,2017-02-02,9.21,9.23,9.16,9.23,236850
DPR,2017-02-03,9.23,9.3,8.96,9.07,37650
DPR,2017-02-06,9.05,9.12,9.0,9.02,26930
DPR,2017-02-07,8.98,9.21,8.91,9.21,125370
DPR,2017-02-08,9.37,9.37,9.21,9.25,129330
DPR,2017-02-09,9.3,9.3,9.14,9.27,88520
DPR,2017-02-10,9.27,9.62,9.25,9.62,107500
DPR,2017-02-13,9.82,10.05,9.71,9.94,201830
DPR,2017-02-14,9.94,10.05,9.71,9.96,141830
DPR,2017-02-15,9.96,10.19,9.96,10.03,163450
DPR,2017-02-16,10.1,10.39,10.05,10.06,210510
DPR,2017-02-17,10.07,10.39,9.94,10.39,210380
DPR,2017-02-20,10.26,10.49,10.07,10.25,161020
DPR,2017-02-21,10.3,10.62,10.3,10.53,141660
DPR,2017-02-22,10.51,10.53,10.33,10.51,108390
DPR,2017-02-23,10.51,10.62,10.26,10.26,145780
DPR,2017-02-24,10.17,10.28,9.91,10.14,79770
DPR,2017-02-27,10.17,10.28,9.87,10.19,24250
DPR,2017-02-28,10.17,10.17,10.01,10.05,87710
DPR,2017-03-01,10.05,10.39,10.03,10.35,44860
DPR,2017-03-02,10.39,10.51,10.12,10.23,94020
DPR,2017-03-03,10.17,10.49,10.12,10.39,45980
DPR,2017-03-06,10.51,10.61,10.3,10.53,107510
DPR,2017-03-07,10.65,10.67,10.39,10.53,117690
DPR,2017-03-08,10.42,10.42,10.21,10.21,99920
DPR,2017-03-09,10.21,10.53,10.03,10.05,117290
DPR,2017-03-10,10.05,10.44,10.05,10.17,33280
DPR,2017-03-13,10.1,10.1,9.89,10.07,66490
DPR,2017-03-14,10.23,10.23,10.01,10.01,23090
DPR,2017-03-15,10.05,10.23,9.98,10.02,40140
DPR,2017-03-16,10.02,10.33,10.02,10.1,106130
DPR,2017-03-17,10.3,10.3,10.1,10.23,14220
DPR,2017-03-20,10.27,10.27,10.05,10.07,29500
DPR,2017-03-21,10.07,10.23,9.96,9.96,51110
DPR,2017-03-22,9.96,9.96,9.3,9.31,202000
DPR,2017-03-23,9.31,9.53,9.27,9.32,30750
DPR,2017-03-24,9.35,9.35,9.09,9.32,44860
DPR,2017-03-27,9.07,9.07,8.77,8.77,127420
DPR,2017-03-28,8.82,9.14,8.82,8.96,34810
DPR,2017-03-29,9.02,9.1,9.02,9.02,50820
DPR,2017-03-30,8.93,9.13,8.91,8.98,46470
DPR,2017-03-31,9.05,9.32,9.0,9.18,6310
DPR,2017-04-03,9.09,9.18,9.09,9.14,43660
DPR,2017-04-04,9.02,9.02,8.88,8.93,63110
DPR,2017-04-05,9.05,9.26,8.96,9.26,30680
DPR,2017-04-07,9.39,9.53,9.19,9.22,49410
DPR,2017-04-10,9.37,9.57,9.37,9.53,36040
DPR,2017-04-11,9.49,10.01,9.37,10.01,205590
DPR,2017-04-12,10.05,10.05,9.87,9.98,87350
DPR,2017-04-13,9.98,9.98,9.67,9.78,15090
DPR,2017-04-14,9.78,9.78,9.39,9.69,47980
DPR,2017-04-17,9.82,9.82,9.59,9.59,47070
DPR,2017-04-18,9.59,9.82,9.59,9.59,41480
DPR,2017-04-19,9.59,9.59,9.37,9.48,26160
DPR,2017-04-20,9.48,9.55,9.46,9.48,41920
DPR,2017-04-21,9.48,9.78,9.48,9.78,29380
DPR,2017-04-24,9.71,9.91,9.71,9.89,36350
DPR,2017-04-25,9.91,9.91,9.82,9.87,28970
DPR,2017-04-26,9.82,9.82,9.71,9.73,14610
DPR,2017-04-27,9.73,9.87,9.71,9.77,50340
DPR,2017-04-28,9.64,9.82,9.64,9.8,42630
DPR,2017-05-03,9.8,9.82,9.64,9.8,35810
DPR,2017-05-04,9.8,9.85,9.69,9.71,180770
DPR,2017-05-05,9.71,9.73,9.41,9.45,169830
DPR,2017-05-08,9.42,9.73,9.41,9.46,7460
DPR,2017-05-09,9.73,9.78,9.37,9.55,66860
DPR,2017-05-10,9.7,9.82,9.62,9.64,96820
DPR,2017-05-11,9.64,9.82,9.64,9.65,104890
DPR,2017-05-12,9.8,9.8,9.7,9.71,41030
DPR,2017-05-15,9.8,9.94,9.59,9.59,118720
DPR,2017-05-16,9.71,9.8,9.66,9.8,103710
DPR,2017-05-17,9.8,10.11,9.8,10.11,216320
DPR,2017-05-18,10.21,10.74,10.17,10.39,133710
DPR,2017-05-19,10.41,10.44,10.29,10.39,80620
DPR,2017-05-22,10.46,10.55,10.31,10.31,132970
DPR,2017-05-23,10.39,10.44,10.31,10.35,65500
DPR,2017-05-24,10.33,10.79,10.33,10.79,211970
DPR,2017-05-25,10.81,10.9,10.62,10.76,121470
DPR,2017-05-26,10.74,10.74,10.51,10.51,75760
DPR,2017-05-29,10.49,10.62,10.3,10.44,72750
DPR,2017-05-30,10.28,10.62,10.21,10.21,142860
DPR,2017-05-31,10.28,10.37,10.12,10.26,91220
DPR,2017-06-01,10.23,10.25,10.05,10.05,80460
DPR,2017-06-02,10.05,10.39,10.03,10.14,55740
DPR,2017-06-05,10.05,10.28,10.01,10.05,78260
DPR,2017-06-06,10.05,10.23,9.96,10.05,149440
DPR,2017-06-07,10.05,10.39,10.05,10.3,125910
DPR,2017-06-08,10.3,10.3,10.14,10.17,82430
DPR,2017-06-09,10.17,10.19,10.05,10.05,89030
DPR,2017-06-12,10.05,10.25,10.05,10.14,49310
DPR,2017-06-13,10.12,10.17,10.05,10.05,45910
DPR,2017-06-14,10.22,10.26,10.03,10.17,72750
DPR,2017-06-15,10.28,10.51,10.28,10.51,107460
DPR,2017-06-16,10.51,10.74,10.49,10.55,77030
DPR,2017-06-19,10.6,10.65,10.44,10.46,68520
DPR,2017-06-20,10.46,10.46,10.34,10.34,53510
DPR,2017-06-21,10.28,10.46,10.28,10.37,45030
DPR,2017-06-22,10.5,10.5,10.35,10.37,33300
DPR,2017-06-23,10.35,10.37,10.28,10.33,49510
DPR,2017-06-26,10.33,10.62,10.33,10.62,123080
DPR,2017-06-27,10.52,10.62,10.38,10.38,34130
DPR,2017-06-28,10.38,10.5,10.26,10.48,14540
DPR,2017-06-29,10.35,10.48,10.19,10.19,76040
DPR,2017-06-30,10.46,10.46,10.19,10.38,23960
DPR,2017-07-03,10.41,10.41,10.12,10.15,20680
DPR,2017-07-04,10.15,10.15,10.07,10.07,21920
DPR,2017-07-05,10.26,10.26,10.1,10.19,13670
DPR,2017-07-06,10.19,10.2,10.05,10.13,35920
DPR,2017-07-07,10.19,10.22,10.07,10.07,20660
DPR,2017-07-10,10.07,10.1,9.79,9.79,63760
DPR,2017-07-11,9.79,10.03,9.79,9.91,27150
DPR,2017-07-12,10.03,10.12,10.03,10.12,5150
DPR,2017-07-13,10.12,10.24,10.03,10.12,118900
DPR,2017-07-14,10.24,10.24,9.88,9.95,118380
DPR,2017-07-17,9.95,9.99,9.94,9.95,15220
DPR,2017-07-18,9.95,9.95,9.67,9.69,99480
DPR,2017-07-19,9.69,9.72,9.55,9.69,67570
DPR,2017-07-20,9.69,9.91,9.68,9.68,25760
DPR,2017-07-21,9.6,10.03,9.6,9.69,56470
DPR,2017-07-24,9.69,10.03,9.69,9.98,145080
DPR,2017-07-25,10.01,10.15,9.74,10.15,74320
DPR,2017-07-26,10.15,10.24,10.15,10.15,20980
DPR,2017-07-27,10.15,10.15,9.91,10.03,35960
DPR,2017-07-28,10.03,10.19,9.91,10.13,12730
DPR,2017-07-31,10.13,10.13,10.03,10.12,11330
DPR,2017-08-01,10.03,10.07,9.98,10.07,30070
DPR,2017-08-02,9.93,10.0,9.88,9.91,11180
DPR,2017-08-03,9.82,10.15,9.82,10.03,59800
DPR,2017-08-04,10.03,10.15,9.95,9.98,11780
DPR,2017-08-07,9.98,10.22,9.98,10.15,58980
DPR,2017-08-08,10.16,10.36,10.15,10.34,66930
DPR,2017-08-09,10.34,10.34,10.03,10.04,36590
DPR,2017-08-10,10.04,10.38,10.04,10.36,39330
DPR,2017-08-11,10.36,10.36,10.06,10.06,14460
DPR,2017-08-14,10.07,10.26,10.07,10.09,7500
DPR,2017-08-15,10.1,10.17,10.09,10.17,32280
DPR,2017-08-16,10.15,10.26,10.15,10.24,90660
DPR,2017-08-17,10.41,10.6,10.31,10.38,69930
DPR,2017-08-18,10.42,10.42,10.24,10.36,15690
DPR,2017-08-21,10.36,10.36,10.15,10.26,16760
DPR,2017-08-22,10.26,10.26,10.12,10.12,40110
DPR,2017-08-23,10.12,10.26,10.07,10.1,11740
DPR,2017-08-24,10.25,10.26,10.1,10.1,10250
DPR,2017-08-25,10.1,10.22,10.07,10.22,5040
DPR,2017-08-28,10.22,10.24,10.15,10.15,6100
DPR,2017-08-29,10.15,10.22,10.15,10.17,31190
DPR,2017-08-30,10.24,10.41,10.22,10.36,40320
DPR,2017-08-31,10.41,10.44,10.36,10.38,16270
DPR,2017-09-01,10.38,10.38,10.31,10.31,1520
DPR,2017-09-05,10.46,10.5,10.36,10.38,37260
DPR,2017-09-06,10.28,10.49,10.28,10.44,28930
DPR,2017-09-07,10.48,10.67,10.48,10.62,76140
DPR,2017-09-08,10.67,10.67,10.5,10.57,15830
DPR,2017-09-11,10.53,10.62,10.5,10.56,29400
DPR,2017-09-12,10.56,10.62,10.56,10.57,59020
DPR,2017-09-13,10.6,10.66,10.53,10.57,41890
DPR,2017-09-14,10.69,10.69,10.46,10.5,118970
DPR,2017-09-15,10.5,10.57,10.38,10.57,64980
DPR,2017-09-18,10.62,10.62,10.5,10.57,43950
DPR,2017-09-19,10.57,10.57,10.5,10.5,55780
DPR,2017-09-20,10.48,10.48,10.38,10.46,53910
DPR,2017-09-21,10.48,10.53,10.46,10.5,28810
DPR,2017-09-22,10.55,10.55,10.47,10.5,22900
DPR,2017-09-25,10.5,10.5,10.43,10.46,19030
DPR,2017-09-26,10.63,10.63,10.38,10.51,48840
DPR,2017-09-27,10.46,10.51,10.41,10.41,45420
DPR,2017-09-28,10.41,10.46,10.38,10.41,29830
DPR,2017-09-29,10.38,10.38,10.26,10.26,36760
DPR,2017-10-02,10.26,10.26,10.03,10.03,56180
DPR,2017-10-03,10.03,10.31,10.03,10.16,72630
DPR,2017-10-04,10.13,10.28,10.13,10.24,10120
DPR,2017-10-05,10.23,10.23,10.13,10.13,8670
DPR,2017-10-06,10.13,10.14,10.06,10.12,9550
DPR,2017-10-09,10.11,10.22,10.11,10.13,20540
DPR,2017-10-10,10.13,10.26,10.13,10.14,54980
DPR,2017-10-11,10.23,10.36,10.16,10.36,54960
DPR,2017-10-12,10.38,10.43,10.28,10.28,16530
DPR,2017-10-13,10.27,10.27,10.21,10.26,20100
DPR,2017-10-16,10.23,10.26,10.17,10.23,26670
DPR,2017-10-17,10.14,10.16,10.08,10.13,30620
DPR,2017-10-18,10.11,10.18,10.11,10.17,9680
DPR,2017-10-19,10.26,10.41,10.26,10.33,120970
DPR,2017-10-20,10.33,10.33,10.13,10.18,66280
DPR,2017-10-23,10.18,10.24,10.13,10.23,32050
DPR,2017-10-24,10.23,10.23,10.12,10.13,23590
DPR,2017-10-25,10.16,10.18,10.11,10.16,17620
DPR,2017-10-26,10.22,10.22,10.06,10.11,20610
DPR,2017-10-27,10.18,10.18,10.11,10.18,12640
DPR,2017-10-30,10.18,10.19,10.12,10.12,2500
DPR,2017-10-31,10.08,10.11,10.01,10.06,46810
DPR,2017-11-01,10.06,10.06,10.01,10.01,53710
DPR,2017-11-02,10.08,10.08,9.93,9.93,42270
DPR,2017-11-03,9.91,10.04,9.83,9.83,60260
DPR,2017-11-06,9.98,9.99,9.91,9.98,27960
DPR,2017-11-07,10.01,10.01,9.91,9.96,8780
DPR,2017-11-08,9.96,9.98,9.91,9.96,5550
DPR,2017-11-09,9.97,9.97,9.88,9.88,72090
DPR,2017-11-10,9.84,9.91,9.82,9.83,20210
DPR,2017-11-13,9.88,9.88,9.71,9.76,42790
DPR,2017-11-14,9.83,9.83,9.71,9.73,33580
DPR,2017-11-15,9.73,9.91,9.68,9.86,52700
DPR,2017-11-16,9.88,9.97,9.86,9.96,21620
DPR,2017-11-17,9.96,9.96,9.82,9.92,14110
DPR,2017-11-20,9.88,9.88,9.57,9.63,72490
DPR,2017-11-21,9.71,9.83,9.71,9.81,46680
DPR,2017-11-22,9.81,9.86,9.71,9.81,17000
DPR,2017-11-23,9.76,9.83,9.71,9.82,20300
DPR,2017-11-24,9.82,9.86,9.79,9.83,21100
DPR,2017-11-27,9.86,9.93,9.86,9.92,28820
DPR,2017-11-28,9.92,9.98,9.88,9.98,20750
DPR,2017-11-29,10.17,10.17,10.01,10.06,66320
DPR,2017-11-30,9.94,10.11,9.94,10.11,30340
DPR,2017-12-01,10.01,10.14,10.01,10.08,11660
DPR,2017-12-04,10.14,10.14,10.03,10.14,97360
DPR,2017-12-05,10.14,10.19,10.08,10.11,30100
DPR,2017-12-06,10.08,10.08,10.01,10.05,52960
DPR,2017-12-07,10.05,10.14,9.98,9.98,69270
DPR,2017-12-08,10.01,10.02,9.9,10.01,15970
DPR,2017-12-11,10.01,10.01,9.88,9.92,33930
DPR,2017-12-12,9.92,9.97,9.75,9.85,13900
DPR,2017-12-13,9.75,9.96,9.75,9.93,39120
DPR,2017-12-14,9.93,10.03,9.9,10.01,62830
DPR,2017-12-15,9.88,10.02,9.88,9.98,28220
DPR,2017-12-18,9.98,10.03,9.9,10.01,27110
DPR,2017-12-19,9.99,9.99,9.88,9.99,25170
DPR,2017-12-20,9.96,10.01,9.88,9.88,37260
DPR,2017-12-21,9.88,9.9,9.88,9.88,16640
DPR,2017-12-22,9.85,9.97,9.83,9.88,8290
DPR,2017-12-25,9.88,9.98,9.88,9.93,2830
DPR,2017-12-26,9.93,9.96,9.9,9.92,11700
DPR,2017-12-27,10.01,10.12,9.99,10.01,22960
DPR,2017-12-28,10.06,10.08,9.99,10.06,29080
DPR,2017-12-29,10.06,10.08,9.88,10.01,22050
DPR,2018-01-02,9.98,10.01,9.9,10.01,44150
DPR,2018-01-03,10.01,10.06,9.96,10.06,19320
DPR,2018-01-04,10.08,10.08,9.88,10.01,65350
DPR,2018-01-05,10.07,10.07,9.98,9.98,36890
DPR,2018-01-08,10.03,10.52,10.01,10.47,127960
DPR,2018-01-09,10.47,10.55,10.37,10.53,78380
DPR,2018-01-10,10.52,10.85,10.49,10.85,91330
DPR,2018-01-11,10.85,10.85,10.65,10.73,67980
DPR,2018-01-12,10.78,10.9,10.67,10.67,42750
DPR,2018-01-15,10.7,11.42,10.7,11.42,181450
DPR,2018-01-16,11.53,11.55,11.14,11.42,75100
DPR,2018-01-17,11.42,11.42,10.65,10.9,85530
DPR,2018-01-18,10.65,11.16,10.65,11.14,125330
DPR,2018-01-19,11.06,11.16,11.03,11.16,142130
DPR,2018-01-22,11.11,11.29,11.11,11.26,85280
DPR,2018-01-23,11.26,11.26,11.26,11.26,0
DPR,2018-01-24,11.26,11.26,11.26,11.26,0
DPR,2018-01-25,10.93,11.26,10.93,10.98,90860
DPR,2018-01-26,10.9,11.03,10.78,10.92,58050
DPR,2018-01-29,11.03,11.03,10.7,10.75,43950
DPR,2018-01-30,10.6,10.65,10.24,10.24,117360
DPR,2018-01-31,10.26,10.71,10.19,10.65,85200
DPR,2018-02-01,10.65,10.65,10.31,10.34,41230
DPR,2018-02-02,10.26,10.52,10.26,10.34,13710
DPR,2018-02-05,10.37,10.37,9.85,9.93,101500
DPR,2018-02-06,9.75,10.14,9.62,10.11,148780
DPR,2018-02-07,10.21,10.21,9.94,10.01,50240
DPR,2018-02-08,10.21,10.21,9.97,10.06,21710
DPR,2018-02-09,9.96,10.19,9.9,10.19,42400
DPR,2018-02-12,9.93,10.26,9.93,10.26,20710
DPR,2018-02-13,10.24,10.52,10.24,10.47,10270
DPR,2018-02-21,10.47,10.52,10.35,10.47,9110
DPR,2018-02-22,10.34,10.47,10.24,10.24,6350
DPR,2018-02-23,10.39,10.39,10.19,10.24,17570
DPR,2018-02-26,10.39,10.65,10.24,10.51,30020
DPR,2018-02-27,10.51,10.51,10.24,10.31,8620
DPR,2018-02-28,10.26,10.52,10.26,10.49,53280
DPR,2018-03-01,10.34,10.6,10.34,10.6,26050
DPR,2018-03-02,10.52,10.65,10.35,10.6,26790
DPR,2018-03-05,10.52,10.64,10.34,10.6,6020
DPR,2018-03-06,10.34,10.52,10.26,10.49,3130
DPR,2018-03-07,10.39,10.58,10.24,10.24,16140
DPR,2018-03-08,10.49,10.49,10.15,10.24,23060
DPR,2018-03-09,10.39,10.47,10.21,10.21,11990
DPR,2018-03-12,10.21,10.39,10.14,10.39,14760
DPR,2018-03-13,10.16,10.51,10.16,10.38,12980
DPR,2018-03-14,10.49,10.49,10.38,10.47,5820
DPR,2018-03-15,10.44,10.47,10.26,10.26,15220
DPR,2018-03-16,10.26,10.26,10.21,10.21,18690
DPR,2018-03-19,10.65,10.65,10.2,10.2,3090
DPR,2018-03-20,10.24,10.26,10.19,10.21,27220
DPR,2018-03-21,10.21,10.21,10.2,10.21,3550
DPR,2018-03-22,10.22,10.22,10.11,10.16,19510
DPR,2018-03-23,9.62,10.14,9.62,10.11,20270
DPR,2018-03-26,10.14,10.14,9.93,9.93,16100
DPR,2018-03-27,9.79,10.26,9.79,10.26,190
DPR,2018-03-28,10.01,10.11,10.01,10.08,22340
DPR,2018-03-29,10.21,10.26,10.08,10.26,8740
DPR,2018-03-30,10.26,10.26,10.26,10.26,0
DPR,2018-04-02,9.88,10.24,9.88,10.08,94280
DPR,2018-04-03,10.01,10.01,9.98,10.01,13840
DPR,2018-04-04,10.01,10.11,9.98,10.1,23140
DPR,2018-04-05,9.96,10.08,9.96,10.08,10220
DPR,2018-04-06,10.08,10.25,10.05,10.05,13100
DPR,2018-04-09,10.22,10.22,10.06,10.14,10350
DPR,2018-04-10,10.21,10.21,10.01,10.12,17570
DPR,2018-04-11,10.14,10.14,9.96,10.03,11780
DPR,2018-04-12,10.11,10.11,9.88,10.07,11090
DPR,2018-04-13,10.25,10.25,10.01,10.03,7540
DPR,2018-04-16,9.88,10.01,9.85,10.01,20110
DPR,2018-04-17,10.07,10.16,10.06,10.16,16920
DPR,2018-04-18,10.08,10.16,10.01,10.03,9730
DPR,2018-04-19,10.03,10.08,9.9,10.01,42260
DPR,2018-04-20,10.01,10.11,9.88,9.98,35850
DPR,2018-04-23,10.26,10.26,9.93,9.94,9230
DPR,2018-04-24,10.26,10.26,9.93,10.12,13410
DPR,2018-04-26,10.24,10.24,9.93,10.08,2270
DPR,2018-04-27,10.11,10.11,9.9,10.01,36900
DPR,2018-05-02,10.25,10.25,9.96,10.03,37670
DPR,2018-05-03,9.96,10.24,9.96,10.01,10600
DPR,2018-05-04,10.14,10.14,9.88,10.06,16260
DPR,2018-05-07,10.03,10.08,10.01,10.01,5490
DPR,2018-05-08,10.01,10.08,9.83,9.96,103340
DPR,2018-05-09,10.11,10.11,9.9,10.01,14300
DPR,2018-05-10,10.1,10.1,9.96,9.96,1460
DPR,2018-05-11,9.96,10.01,9.9,10.01,5520
DPR,2018-05-14,10.06,10.06,9.93,10.03,7360
DPR,2018-05-15,10.11,10.14,10.01,10.11,8320
DPR,2018-05-16,10.11,10.11,9.98,10.08,9140
DPR,2018-05-17,10.12,10.12,9.96,9.99,14600
DPR,2018-05-18,9.97,10.08,9.93,10.06,6840
DPR,2018-05-21,10.08,10.08,10.01,10.08,42920
DPR,2018-05-22,10.11,10.12,9.97,10.06,33450
DPR,2018-05-23,10.11,10.11,9.96,10.06,46000
DPR,2018-05-24,10.01,10.06,9.97,10.05,28260
DPR,2018-05-25,10.05,10.06,9.93,10.03,30900
DPR,2018-05-28,9.96,10.01,9.8,9.8,202090
DPR,2018-05-29,9.88,10.21,9.88,10.11,27380
DPR,2018-05-30,10.01,10.12,9.88,10.08,24720
DPR,2018-05-31,10.11,10.16,10.11,10.16,13810
DPR,2018-06-01,10.16,10.49,10.16,10.44,54950
DPR,2018-06-04,10.51,10.51,10.29,10.39,14610
DPR,2018-06-05,10.52,10.52,10.29,10.34,86240
DPR,2018-06-06,10.34,10.37,10.29,10.3,23440
DPR,2018-06-07,10.47,10.47,10.3,10.31,21300
DPR,2018-06-08,10.44,10.46,10.39,10.39,5270
DPR,2018-06-11,10.44,10.44,10.31,10.44,14420
DPR,2018-06-12,10.44,10.44,10.31,10.42,28620
DPR,2018-06-13,10.43,10.44,10.31,10.43,9810
DPR,2018-06-14,10.39,10.44,10.39,10.44,9890
DPR,2018-06-15,10.33,10.42,10.26,10.42,2030
DPR,2018-06-18,10.44,10.44,10.03,10.06,21830
DPR,2018-06-19,10.06,10.06,10.06,10.06,600
DPR,2018-06-20,10.06,10.24,9.88,10.24,90150
DPR,2018-06-21,10.16,10.19,9.96,10.19,2710
DPR,2018-06-22,10.16,10.19,10.01,10.17,90390
DPR,2018-06-25,10.01,10.14,9.9,10.01,68910
DPR,2018-06-26,9.98,10.01,9.96,10.01,51110
DPR,2018-06-27,10.19,10.19,9.99,10.03,50380
DPR,2018-06-28,9.96,10.16,9.96,10.01,32950
DPR,2018-06-29,10.03,10.03,9.98,10.01,10730
DPR,2018-07-02,10.01,10.01,9.96,9.98,11120
DPR,2018-07-03,9.97,10.01,9.83,9.98,19410
DPR,2018-07-04,9.85,10.06,9.75,9.83,68070
DPR,2018-07-05,9.96,9.96,9.79,9.83,18120
DPR,2018-07-06,9.83,9.96,9.75,9.85,71280
DPR,2018-07-09,9.85,9.9,9.85,9.9,41400
DPR,2018-07-10,9.98,10.01,9.85,9.9,25190
DPR,2018-07-11,9.9,9.93,9.75,9.8,32310
DPR,2018-07-12,9.93,9.93,9.75,9.8,34550
DPR,2018-07-13,9.8,9.8,9.75,9.8,13660
DPR,2018-07-16,9.88,9.88,9.75,9.75,29040
DPR,2018-07-17,9.75,9.85,9.75,9.8,6050
DPR,2018-07-18,9.8,9.96,9.8,9.83,22660
DPR,2018-07-19,9.98,9.98,9.85,9.85,20890
DPR,2018-07-20,9.85,9.98,9.85,9.94,8180
DPR,2018-07-23,9.94,10.08,9.94,10.01,21020
DPR,2018-07-24,10.01,10.01,9.92,9.93,12100
DPR,2018-07-25,10.01,10.01,9.88,9.98,38780
DPR,2018-07-26,9.98,9.98,9.9,9.9,3910
DPR,2018-07-27,9.93,9.98,9.9,9.96,19820
DPR,2018-07-30,9.98,9.98,9.92,9.93,45220
DPR,2018-07-31,9.98,9.98,9.93,9.93,26250
DPR,2018-08-01,10.01,10.01,9.93,9.93,19970
DPR,2018-08-02,9.98,9.98,9.88,9.98,33580
DPR,2018-08-03,9.98,9.98,9.85,9.88,11900
DPR,2018-08-06,9.92,10.14,9.92,9.96,33120
DPR,2018-08-07,10.23,10.23,9.98,9.98,10050
DPR,2018-08-08,9.98,10.14,9.95,10.14,10770
DPR,2018-08-09,10.16,10.16,9.87,9.95,23780
DPR,2018-08-10,9.87,10.12,9.87,9.9,14990
DPR,2018-08-13,9.9,10.06,9.83,9.83,25890
DPR,2018-08-14,9.83,9.83,9.74,9.82,6130
DPR,2018-08-15,9.75,9.93,9.74,9.9,33940
DPR,2018-08-16,9.93,9.93,9.74,9.86,8440
DPR,2018-08-17,9.75,9.9,9.74,9.87,13740
DPR,2018-08-20,9.87,9.87,9.74,9.87,19980
DPR,2018-08-21,9.82,9.87,9.75,9.87,12170
DPR,2018-08-22,10.01,10.09,9.93,10.04,20620
DPR,2018-08-23,10.04,10.04,9.93,9.93,57930
DPR,2018-08-24,9.95,10.01,9.87,10.01,21790
DPR,2018-08-27,9.94,9.98,9.93,9.98,9220
DPR,2018-08-28,9.93,9.98,9.87,9.95,39120
DPR,2018-08-29,9.89,9.98,9.87,9.98,14310
DPR,2018-08-30,9.95,10.01,9.9,10.0,15540
DPR,2018-08-31,10.0,10.01,9.95,10.0,7740
DPR,2018-09-04,9.97,10.01,9.9,9.95,16740
DPR,2018-09-05,9.95,9.98,9.93,9.97,10210
DPR,2018-09-06,9.95,10.0,9.93,9.93,8250
DPR,2018-09-07,9.93,9.95,9.93,9.95,4480
DPR,2018-09-10,9.97,10.06,9.95,10.01,59360
DPR,2018-09-11,9.95,9.95,9.9,9.95,9990
DPR,2018-09-12,9.93,9.98,9.93,9.95,7330
DPR,2018-09-13,9.93,9.95,9.87,9.95,13560
DPR,2018-09-14,9.95,9.98,9.9,9.98,8930
DPR,2018-09-17,9.98,10.01,9.93,10.0,31660
DPR,2018-09-18,10.01,10.09,10.0,10.09,83100
DPR,2018-09-19,10.04,10.12,10.01,10.04,52630
DPR,2018-09-20,10.28,10.28,10.06,10.2,6160
DPR,2018-09-21,10.14,10.2,10.01,10.2,49260
DPR,2018-09-24,10.18,10.18,10.06,10.17,16570
DPR,2018-09-25,10.23,10.25,10.17,10.23,31110
DPR,2018-09-26,10.23,10.23,10.2,10.21,16810
DPR,2018-09-27,10.31,10.31,10.14,10.18,21200
DPR,2018-09-28,10.17,10.31,10.17,10.2,36750
DPR,2018-10-01,10.2,10.33,10.2,10.31,25690
DPR,2018-10-02,10.28,10.36,10.28,10.36,37450
DPR,2018-10-03,10.29,10.36,10.28,10.33,22060
DPR,2018-10-04,10.33,10.56,10.33,10.56,77010
DPR,2018-10-05,10.5,10.58,10.5,10.56,6790
DPR,2018-10-08,10.56,10.56,10.41,10.51,6320
DPR,2018-10-09,10.5,10.5,10.36,10.47,25870
DPR,2018-10-10,10.41,10.52,10.36,10.47,17610
DPR,2018-10-11,10.36,10.36,10.09,10.14,27900
DPR,2018-10-12,10.14,10.23,10.01,10.17,40050
DPR,2018-10-15,10.52,10.52,10.28,10.5,81530
DPR,2018-10-16,10.5,10.52,10.44,10.44,43690
DPR,2018-10-17,10.44,10.55,10.41,10.52,49630
DPR,2018-10-18,10.52,10.58,10.47,10.55,25750
DPR,2018-10-19,10.47,10.5,10.44,10.46,20330
DPR,2018-10-22,10.52,10.52,10.28,10.36,124530
DPR,2018-10-23,10.28,10.28,10.17,10.23,105780
DPR,2018-10-24,10.37,10.37,10.26,10.28,31950
DPR,2018-10-25,9.73,10.08,9.73,9.98,31930
DPR,2018-10-26,10.28,10.31,9.9,9.96,4590
DPR,2018-10-29,9.99,9.99,9.81,9.81,21960
DPR,2018-10-30,9.81,9.84,9.77,9.77,14840
DPR,2018-10-31,9.79,9.81,9.7,9.7,40570
DPR,2018-11-01,9.76,9.76,9.67,9.67,14530
DPR,2018-11-02,9.99,9.99,9.7,9.79,11300
DPR,2018-11-05,9.79,9.93,9.7,9.9,6460
DPR,2018-11-06,9.9,10.02,9.79,9.9,9130
DPR,2018-11-07,9.9,9.9,9.83,9.83,2680
DPR,2018-11-08,9.9,9.9,9.81,9.84,14530
DPR,2018-11-09,9.84,9.84,9.77,9.77,10860
DPR,2018-11-12,9.79,9.79,9.73,9.77,12000
DPR,2018-11-13,9.73,9.73,9.7,9.7,15110
DPR,2018-11-14,9.79,9.79,9.68,9.7,26760
DPR,2018-11-15,10.28,10.37,10.28,10.37,164440
DPR,2018-11-16,10.42,10.42,10.31,10.33,29620
DPR,2018-11-19,10.33,10.49,10.33,10.34,10250
DPR,2018-11-20,10.33,10.34,10.26,10.3,35050
DPR,2018-11-21,10.3,10.3,10.27,10.28,13050
DPR,2018-11-22,10.28,10.34,10.28,10.33,21890
DPR,2018-11-23,10.3,10.36,10.28,10.34,45840
DPR,2018-11-26,10.34,10.34,10.28,10.28,51260
DPR,2018-11-27,10.28,10.3,10.26,10.28,21030
DPR,2018-11-28,10.28,10.33,10.28,10.28,28990
DPR,2018-11-29,10.28,10.33,10.27,10.27,23060
DPR,2018-11-30,10.31,10.31,10.27,10.31,43420
DPR,2018-12-03,10.43,10.61,10.43,10.58,138540
DPR,2018-12-04,10.59,10.67,10.58,10.62,143490
DPR,2018-12-05,10.62,10.62,10.43,10.58,117280
DPR,2018-12-06,10.58,10.58,10.37,10.58,119340
DPR,2018-12-07,10.58,10.58,10.39,10.56,153260
DPR,2018-12-10,10.58,10.65,10.56,10.61,26850
DPR,2018-12-11,10.61,10.67,10.58,10.67,64910
DPR,2018-12-12,10.7,10.77,10.67,10.77,65620
DPR,2018-12-13,10.77,10.8,10.7,10.8,61980
DPR,2018-12-14,10.81,10.9,10.81,10.87,55140
DPR,2018-12-17,10.9,11.03,10.87,10.95,106490
DPR,2018-12-18,10.89,10.96,10.78,10.9,95000
DPR,2018-12-19,10.9,10.95,10.87,10.92,75910
DPR,2018-12-20,10.93,10.93,10.84,10.92,80490
DPR,2018-12-21,10.92,10.92,10.7,10.87,43890
DPR,2018-12-24,10.78,10.85,10.75,10.78,38980
DPR,2018-12-25,10.23,10.77,10.23,10.42,47720
DPR,2018-12-26,10.42,10.42,10.21,10.37,39760
DPR,2018-12-27,10.42,10.6,10.42,10.44,20380
DPR,2018-12-28,10.52,10.52,10.37,10.47,20520
DPR,2019-01-02,10.47,10.6,10.39,10.39,7100
DPR,2019-01-03,10.39,10.49,10.37,10.47,27610
DPR,2019-01-04,10.46,10.54,10.37,10.52,24900
DPR,2019-01-07,10.72,10.72,10.47,10.47,6840
DPR,2019-01-08,10.47,10.47,10.27,10.47,78700
DPR,2019-01-09,10.47,10.7,10.44,10.54,26890
DPR,2019-01-10,10.57,10.6,10.44,10.44,45410
DPR,2019-01-11,10.54,10.74,10.54,10.64,39950
DPR,2019-01-14,10.64,10.78,10.64,10.74,64170
DPR,2019-01-15,10.8,10.98,10.74,10.9,87920
DPR,2019-01-16,10.95,10.97,10.8,10.93,40100
DPR,2019-01-17,10.83,11.03,10.82,11.02,31130
DPR,2019-01-18,11.02,11.36,10.93,11.36,263460
DPR,2019-01-21,11.36,11.77,11.36,11.76,254190
DPR,2019-01-22,11.82,11.94,11.62,11.69,69730
DPR,2019-01-23,11.69,11.69,11.44,11.46,159530
DPR,2019-01-24,11.53,11.59,11.38,11.49,78100
DPR,2019-01-25,11.49,11.71,11.46,11.49,69330
DPR,2019-01-28,11.49,11.49,11.43,11.49,21860
DPR,2019-01-29,11.49,12.02,11.43,11.87,118290
DPR,2019-01-30,11.87,11.89,11.76,11.76,108270
DPR,2019-01-31,11.76,11.86,11.71,11.71,52800
DPR,2019-02-01,11.81,11.86,11.69,11.82,60380
DPR,2019-02-11,11.79,12.27,11.79,12.25,205960
DPR,2019-02-12,12.18,12.48,12.18,12.45,278760
DPR,2019-02-13,12.38,12.58,12.38,12.46,110790
DPR,2019-02-14,12.45,12.48,12.32,12.45,68590
DPR,2019-02-15,12.38,12.51,12.32,12.51,92350
DPR,2019-02-18,12.51,13.01,12.38,13.01,117040
DPR,2019-02-19,13.01,13.01,12.7,12.7,93150
DPR,2019-02-20,12.74,13.17,12.68,12.84,144750
DPR,2019-02-21,12.84,12.99,12.61,12.78,45460
DPR,2019-02-22,12.65,12.99,12.65,12.84,129870
DPR,2019-02-25,12.84,13.34,12.79,13.17,153470
DPR,2019-02-26,13.17,13.21,13.01,13.17,49670
DPR,2019-02-27,13.17,13.42,13.16,13.4,174200
DPR,2019-02-28,13.47,13.63,12.88,12.88,64000
DPR,2019-03-01,13.29,13.34,12.91,13.32,87140
DPR,2019-03-04,13.34,13.58,13.32,13.44,134970
DPR,2019-03-05,13.37,13.5,13.34,13.44,125430
DPR,2019-03-06,13.44,13.44,13.11,13.4,32380
DPR,2019-03-07,13.34,13.5,13.11,13.12,115660
DPR,2019-03-08,13.12,13.55,12.84,13.24,135400
DPR,2019-03-11,13.24,13.75,13.17,13.75,222170
DPR,2019-03-12,13.83,13.93,13.77,13.9,132450
DPR,2019-03-13,13.9,14.16,13.57,13.96,141310
DPR,2019-03-14,13.96,14.0,13.73,13.96,40720
DPR,2019-03-15,13.93,13.93,13.7,13.78,29050
DPR,2019-03-18,13.78,13.83,13.67,13.78,62390
DPR,2019-03-19,13.77,14.0,13.34,13.34,186400
DPR,2019-03-20,13.34,13.5,13.17,13.5,103090
DPR,2019-03-21,13.5,13.7,13.34,13.57,56630
DPR,2019-03-22,13.4,13.44,12.78,12.78,155820
DPR,2019-03-25,12.58,12.81,11.89,11.89,238160
DPR,2019-03-26,12.33,12.35,11.89,12.25,98100
DPR,2019-03-27,12.42,12.43,12.12,12.33,73040
DPR,2019-03-28,12.22,12.32,12.14,12.17,47150
DPR,2019-03-29,12.18,12.25,12.1,12.18,39020
DPR,2019-04-01,12.18,12.35,12.18,12.35,58270
DPR,2019-04-02,12.5,12.58,12.37,12.51,92070
DPR,2019-04-03,12.51,12.65,12.45,12.65,72400
DPR,2019-04-04,12.78,13.17,12.65,13.17,124860
DPR,2019-04-05,13.17,13.17,12.84,12.91,80570
DPR,2019-04-08,12.84,13.01,12.78,12.97,76600
DPR,2019-04-09,12.74,13.04,12.74,13.04,52850
DPR,2019-04-10,13.04,13.04,12.73,12.84,29540
DPR,2019-04-11,12.76,12.91,12.56,12.78,33950
DPR,2019-04-12,12.58,12.78,12.35,12.38,109890
DPR,2019-04-16,12.38,12.4,12.18,12.33,34380
DPR,2019-04-17,12.33,12.74,12.33,12.48,21370
DPR,2019-04-18,12.48,12.48,12.35,12.48,22590
DPR,2019-04-19,12.48,12.48,12.28,12.42,28100
DPR,2019-04-22,12.25,12.35,12.02,12.18,137500
DPR,2019-04-23,12.48,12.48,12.18,12.42,24110
DPR,2019-04-24,12.42,12.45,12.28,12.45,15820
DPR,2019-04-25,12.45,12.45,12.28,12.43,36290
DPR,2019-04-26,12.42,12.43,12.35,12.43,15500
DPR,2019-05-02,12.46,12.46,12.28,12.33,44060
DPR,2019-05-03,12.35,12.35,12.18,12.32,70230
DPR,2019-05-06,12.2,12.32,12.17,12.17,148000
DPR,2019-05-07,12.32,12.32,12.12,12.12,49810
DPR,2019-05-08,12.12,12.12,11.92,11.92,45570
DPR,2019-05-09,11.95,12.17,11.95,12.17,42750
DPR,2019-05-10,12.22,12.27,12.17,12.18,18890
DPR,2019-05-13,12.18,12.3,12.17,12.3,21970
DPR,2019-05-14,12.3,12.81,12.18,12.78,95440
DPR,2019-05-15,12.81,12.88,12.61,12.78,43370
DPR,2019-05-16,12.78,12.78,12.51,12.73,83910
DPR,2019-05-17,12.74,12.74,12.58,12.58,34450
DPR,2019-05-20,12.78,12.84,12.61,12.81,70800
DPR,2019-05-21,13.01,13.01,12.84,13.01,197620
DPR,2019-05-22,12.94,13.34,12.94,13.16,172940
DPR,2019-05-23,13.16,13.6,13.06,13.53,108690
DPR,2019-05-24,13.53,13.67,13.24,13.3,158730
DPR,2019-05-27,13.3,13.67,13.3,13.6,117820
DPR,2019-05-28,13.57,14.49,13.57,14.49,366220
DPR,2019-05-29,14.49,14.9,14.36,14.37,256770
DPR,2019-05-30,14.26,14.65,14.03,14.56,160010
DPR,2019-05-31,14.36,14.56,13.55,14.0,157860
DPR,2019-06-03,13.96,14.0,13.34,13.34,268970
DPR,2019-06-04,13.27,13.5,13.21,13.4,85190
DPR,2019-06-05,13.8,14.03,13.63,13.81,187270
DPR,2019-06-06,13.83,14.29,13.83,14.29,159930
DPR,2019-06-07,14.42,14.74,14.41,14.65,117630
DPR,2019-06-10,14.79,14.79,14.42,14.54,234740
DPR,2019-06-11,14.49,14.98,14.46,14.82,265060
DPR,2019-06-12,14.82,14.92,14.75,14.82,76490
DPR,2019-06-13,14.82,15.38,14.49,14.82,296830
DPR,2019-06-14,14.82,14.98,14.42,14.42,158570
DPR,2019-06-17,14.49,14.65,14.46,14.65,78770
DPR,2019-06-18,14.52,14.65,14.46,14.49,71930
DPR,2019-06-19,14.65,15.15,14.59,15.15,175560
DPR,2019-06-20,15.15,15.31,14.92,15.15,250590
DPR,2019-06-21,15.15,15.25,15.12,15.15,124780
DPR,2019-06-24,15.15,15.15,14.79,14.92,128480
DPR,2019-06-25,14.65,14.98,14.65,14.95,98570
DPR,2019-06-26,14.82,14.98,14.69,14.7,52480
DPR,2019-06-27,14.82,14.82,14.39,14.39,311010
DPR,2019-06-28,14.46,14.56,14.36,14.54,57300
DPR,2019-07-01,14.54,14.75,14.54,14.65,28690
DPR,2019-07-02,14.65,14.65,14.46,14.59,73660
DPR,2019-07-03,14.56,14.56,14.19,14.42,50520
DPR,2019-07-04,14.42,14.69,14.42,14.65,83780
DPR,2019-07-05,14.65,14.65,14.49,14.49,35830
DPR,2019-07-08,14.49,14.52,14.16,14.21,104980
DPR,2019-07-09,14.19,14.49,14.16,14.28,33330
DPR,2019-07-10,14.29,14.65,14.29,14.46,115250
DPR,2019-07-11,14.62,14.62,14.46,14.51,99740
DPR,2019-07-12,14.51,14.56,14.37,14.39,77020
DPR,2019-07-15,14.39,14.46,14.33,14.33,53070
DPR,2019-07-16,14.33,14.62,14.29,14.39,68400
DPR,2019-07-17,14.42,14.49,14.0,14.33,163930
DPR,2019-07-18,14.23,14.41,14.19,14.33,49720
DPR,2019-07-19,14.23,14.33,14.13,14.13,111250
DPR,2019-07-22,14.0,14.19,13.93,13.93,82070
DPR,2019-07-23,13.9,14.31,13.77,14.31,179280
DPR,2019-07-24,14.31,14.51,14.09,14.47,104010
DPR,2019-07-25,14.33,14.49,14.33,14.42,50980
DPR,2019-07-26,14.42,14.44,14.33,14.42,23150
DPR,2019-07-29,14.42,14.46,14.16,14.16,39730
DPR,2019-07-30,14.16,14.62,13.9,13.9,51520
DPR,2019-07-31,14.13,14.13,13.91,14.06,18230
DPR,2019-08-01,14.13,15.0,13.93,14.98,342840
DPR,2019-08-02,14.98,15.48,14.75,15.31,364120
DPR,2019-08-05,15.51,15.51,15.08,15.15,91560
DPR,2019-08-06,14.82,15.61,14.82,15.21,362200
DPR,2019-08-07,15.31,15.4,15.02,15.08,147090
DPR,2019-08-08,14.98,15.61,14.95,15.54,202820
DPR,2019-08-09,15.48,15.58,15.2,15.25,139810
DPR,2019-08-12,15.25,15.25,14.19,14.19,395480
DPR,2019-08-13,14.0,14.16,13.29,13.6,308780
DPR,2019-08-14,13.6,13.93,13.6,13.77,141380
DPR,2019-08-15,13.5,13.63,13.17,13.63,115820
DPR,2019-08-16,13.63,13.83,13.47,13.63,85000
DPR,2019-08-19,13.96,13.96,13.45,13.6,37500
DPR,2019-08-20,13.6,13.8,13.52,13.67,73490
DPR,2019-08-21,13.63,13.73,13.52,13.57,53460
DPR,2019-08-22,13.7,14.06,13.63,13.86,94430
DPR,2019-08-23,13.83,13.86,13.73,13.8,34890
DPR,2019-08-26,13.35,13.75,13.34,13.37,131350
DPR,2019-08-27,13.67,13.67,13.44,13.49,30950
DPR,2019-08-28,13.39,13.5,13.39,13.4,19530
DPR,2019-08-29,13.37,13.49,13.37,13.47,37350
DPR,2019-08-30,13.47,13.7,13.47,13.47,57810
DPR,2019-09-03,13.72,13.72,13.17,13.24,57860
DPR,2019-09-04,13.24,13.24,12.74,12.91,115550
DPR,2019-09-05,12.91,13.17,12.83,12.83,120100
DPR,2019-09-06,12.84,12.84,12.71,12.78,106420
DPR,2019-09-09,12.7,13.11,12.7,12.73,45540
DPR,2019-09-10,12.73,12.73,12.51,12.51,158840
DPR,2019-09-11,12.46,12.5,12.38,12.43,147900
DPR,2019-09-12,12.51,12.53,12.48,12.48,85900
DPR,2019-09-13,12.48,12.51,12.43,12.48,39380
DPR,2019-09-16,12.51,12.51,12.45,12.45,53680
DPR,2019-09-17,12.48,12.78,12.48,12.74,41410
DPR,2019-09-18,12.76,12.76,12.68,12.68,11950
DPR,2019-09-19,12.71,12.71,12.38,12.42,73610
DPR,2019-09-20,12.55,12.55,12.4,12.42,129720
DPR,2019-09-23,12.48,12.5,12.4,12.45,59480
DPR,2019-09-24,12.45,12.46,12.35,12.46,304700
DPR,2019-09-25,12.65,12.68,12.57,12.58,165680
DPR,2019-09-26,12.58,12.58,12.55,12.55,33300
DPR,2019-09-27,12.67,12.67,12.51,12.55,72510
DPR,2019-09-30,12.55,12.75,12.55,12.75,39030
DPR,2019-10-01,12.8,12.8,12.58,12.7,42500
DPR,2019-10-02,12.68,12.68,12.58,12.6,83740
DPR,2019-10-03,12.55,12.58,12.48,12.5,83380
DPR,2019-10-04,12.53,12.53,12.38,12.41,103260
DPR,2019-10-07,12.35,12.41,12.31,12.33,66260
DPR,2019-10-08,12.24,12.45,12.18,12.23,140770
DPR,2019-10-09,12.18,12.26,12.02,12.16,129950
DPR,2019-10-10,12.19,12.21,11.99,11.99,113150
DPR,2019-10-11,12.14,12.35,11.99,12.24,27320
DPR,2019-10-14,12.24,12.79,12.24,12.72,98160
DPR,2019-10-15,12.65,12.79,12.62,12.63,63350
DPR,2019-10-16,12.55,12.73,12.51,12.67,57340
DPR,2019-10-17,12.65,12.79,12.51,12.68,38790
DPR,2019-10-18,12.8,12.82,12.68,12.79,27280
DPR,2019-10-21,12.72,12.79,12.51,12.51,59160
DPR,2019-10-22,12.45,12.6,12.45,12.57,48920
DPR,2019-10-23,12.62,12.65,12.51,12.65,14740
DPR,2019-10-24,12.55,12.72,12.55,12.6,24940
DPR,2019-10-25,12.7,12.7,12.6,12.62,12820
DPR,2019-10-28,12.72,12.72,12.62,12.65,46610
DPR,2019-10-29,12.68,12.72,12.67,12.67,34390
DPR,2019-10-30,12.58,12.65,12.48,12.51,37640
DPR,2019-10-31,12.51,12.58,12.5,12.5,23690
DPR,2019-11-01,12.45,12.5,12.41,12.45,10070
DPR,2019-11-04,12.43,12.48,12.38,12.38,23400
DPR,2019-11-05,12.38,12.41,12.35,12.38,22650
DPR,2019-11-06,12.35,12.57,12.35,12.57,23170
DPR,2019-11-07,12.63,12.63,12.58,12.63,13360
DPR,2019-11-08,12.62,12.73,12.62,12.62,36940
DPR,2019-11-11,12.65,12.65,12.55,12.58,14130
DPR,2019-11-12,12.57,12.67,12.53,12.67,43840
DPR,2019-11-13,12.62,12.82,12.62,12.82,49270
DPR,2019-11-14,12.82,13.19,12.82,13.19,93260
DPR,2019-11-15,13.19,13.19,13.02,13.02,13740
DPR,2019-11-18,13.02,13.02,12.92,12.92,12620
DPR,2019-11-19,12.89,13.02,12.89,13.02,24110
DPR,2019-11-20,13.02,13.39,13.02,13.36,91900
DPR,2019-11-21,13.53,13.83,13.24,13.78,117340
DPR,2019-11-22,13.6,13.78,13.46,13.53,116890
DPR,2019-11-25,13.53,13.75,13.51,13.75,98400
DPR,2019-11-26,13.75,13.95,13.75,13.87,180240
DPR,2019-11-27,13.87,13.88,13.87,13.87,53830
DPR,2019-11-28,13.72,13.97,13.7,13.97,205230
DPR,2019-11-29,13.97,14.04,13.87,13.97,58390
DPR,2019-12-02,13.97,13.97,13.7,13.83,110780
DPR,2019-12-03,13.83,14.21,13.56,14.21,99560
DPR,2019-12-04,14.27,14.58,14.17,14.58,163140
DPR,2019-12-05,14.58,14.75,14.58,14.71,114930
DPR,2019-12-06,14.78,14.98,14.65,14.82,115250
DPR,2019-12-09,14.78,14.82,14.54,14.54,101840
DPR,2019-12-10,14.54,14.61,14.53,14.58,107470
DPR,2019-12-11,14.58,15.05,14.58,14.88,180760
DPR,2019-12-12,14.88,14.95,14.75,14.87,199540
DPR,2019-12-13,14.93,15.05,14.87,15.05,260680
DPR,2019-12-16,15.05,15.56,14.88,15.19,673360
DPR,2019-12-17,14.69,15.26,14.69,15.04,26510
DPR,2019-12-18,14.85,14.88,14.69,14.69,49210
DPR,2019-12-19,14.69,14.85,14.46,14.62,68770
DPR,2019-12-20,14.58,14.69,14.46,14.58,23940
DPR,2019-12-23,14.46,14.58,14.39,14.58,21390
DPR,2019-12-24,14.46,14.77,14.46,14.67,9940
DPR,2019-12-25,14.67,15.04,14.39,14.92,156730
DPR,2019-12-26,15.15,15.15,14.85,14.96,21700
DPR,2019-12-27,14.85,15.04,14.85,15.02,9370
DPR,2019-12-30,15.02,15.23,14.65,14.65,13830
DPR,2019-12-31,14.46,14.96,14.46,14.94,64490
DPR,2020-01-02,14.96,14.96,14.69,14.71,7280
DPR,2020-01-03,14.65,15.04,14.46,14.85,86500
DPR,2020-01-06,14.85,15.42,14.85,15.42,120600
DPR,2020-01-07,15.42,15.45,15.21,15.34,166670
DPR,2020-01-08,15.28,15.49,15.09,15.11,92930
DPR,2020-01-09,15.23,15.34,14.94,15.34,27010
DPR,2020-01-10,15.34,15.34,14.5,15.34,19530
DPR,2020-01-13,15.19,15.53,15.19,15.3,3340
DPR,2020-01-14,15.42,15.42,15.07,15.3,9650
DPR,2020-01-15,15.3,15.45,15.04,15.04,47160
DPR,2020-01-16,15.04,15.61,14.65,15.42,49190
DPR,2020-01-17,15.68,15.68,15.23,15.42,12200
DPR,2020-01-20,15.99,15.99,15.11,15.11,3640
DPR,2020-01-21,15.11,15.61,15.11,15.44,33010
DPR,2020-01-22,15.61,15.61,14.85,14.85,23330
DPR,2020-01-30,14.85,15.83,14.79,14.85,59570
DPR,2020-01-31,14.85,15.04,14.52,14.52,32390
DPR,2020-02-03,14.46,14.5,13.74,14.46,134200
DPR,2020-02-04,14.85,15.04,14.08,14.16,12730
DPR,2020-02-05,14.65,14.73,14.12,14.31,21550
DPR,2020-02-06,14.81,14.81,14.33,14.81,32860
DPR,2020-02-07,14.69,14.69,14.45,14.69,3800
DPR,2020-02-10,14.69,15.04,14.27,14.46,33470
DPR,2020-02-11,14.46,14.65,14.46,14.64,10200
DPR,2020-02-12,14.69,14.73,14.65,14.69,11020
DPR,2020-02-13,14.54,14.81,14.5,14.81,7610
DPR,2020-02-14,14.54,14.69,14.54,14.69,1710
DPR,2020-02-17,14.62,14.65,14.62,14.62,9000
DPR,2020-02-18,14.77,14.81,14.69,14.81,8940
DPR,2020-02-19,14.85,15.17,14.81,14.81,14750
DPR,2020-02-20,15.04,15.04,14.65,14.81,4340
DPR,2020-02-21,15.02,15.02,14.6,14.62,7070
DPR,2020-02-24,14.39,14.71,14.08,14.27,34380
DPR,2020-02-25,14.27,14.81,14.08,14.65,11810
DPR,2020-02-26,14.65,14.73,14.46,14.62,88490
DPR,2020-02-27,14.69,14.69,14.27,14.27,65120
DPR,2020-02-28,14.46,14.54,14.27,14.54,13450
DPR,2020-03-02,14.35,14.43,14.27,14.33,23410
DPR,2020-03-03,14.83,14.83,14.35,14.35,65180
DPR,2020-03-04,14.75,14.75,14.27,14.27,4610
DPR,2020-03-05,14.65,14.65,14.26,14.35,48400
DPR,2020-03-06,14.62,14.73,14.31,14.31,32450
DPR,2020-03-09,14.31,14.31,13.67,13.86,64370
DPR,2020-03-10,13.74,14.16,13.74,14.16,98230
DPR,2020-03-11,14.12,14.16,14.05,14.08,52830
DPR,2020-03-12,14.08,14.08,13.51,13.78,27300
DPR,2020-03-13,13.7,13.87,13.4,13.7,124910
DPR,2020-03-16,13.51,13.59,13.51,13.51,99420
DPR,2020-03-17,13.51,13.51,12.94,13.4,36870
DPR,2020-03-18,13.67,13.8,13.55,13.8,27090
DPR,2020-03-19,13.7,13.74,13.68,13.74,3330
DPR,2020-03-20,13.7,13.74,13.7,13.74,7660
DPR,2020-03-23,13.13,13.74,13.13,13.4,13760
DPR,2020-03-24,13.44,13.46,13.17,13.36,3270
DPR,2020-03-25,14.06,14.06,13.32,13.36,5730
DPR,2020-03-26,13.32,13.7,13.32,13.7,4210
DPR,2020-03-27,13.51,13.7,13.51,13.7,1470
DPR,2020-03-30,13.63,13.63,13.17,13.19,24210
DPR,2020-03-31,13.21,13.21,12.94,13.19,31250
DPR,2020-04-01,13.13,13.13,12.75,12.87,93070
DPR,2020-04-03,12.9,13.28,12.9,13.25,6170
DPR,2020-04-06,13.32,13.59,13.32,13.55,14100
DPR,2020-04-07,13.55,13.55,13.34,13.34,10730
DPR,2020-04-08,13.44,13.44,13.25,13.25,17140
DPR,2020-04-09,13.63,13.63,13.32,13.59,8240
DPR,2020-04-10,13.59,13.7,13.59,13.63,940
DPR,2020-04-13,13.63,13.65,13.4,13.42,13960
DPR,2020-04-14,13.36,13.63,13.36,13.61,2180
DPR,2020-04-15,13.32,13.59,13.32,13.44,2020
DPR,2020-04-16,13.86,13.86,13.44,13.47,7210
DPR,2020-04-17,13.55,13.7,13.55,13.7,20300
DPR,2020-04-20,13.7,13.76,13.61,13.76,40320
DPR,2020-04-21,13.76,13.78,13.55,13.55,45960
DPR,2020-04-22,13.57,13.76,13.51,13.76,25430
DPR,2020-04-23,13.76,14.39,13.76,14.27,49720
DPR,2020-04-24,14.39,14.39,14.08,14.08,4980
DPR,2020-04-27,14.03,14.05,13.89,13.95,5680
DPR,2020-04-28,14.46,14.46,13.72,13.78,7410
DPR,2020-04-29,13.78,14.08,13.78,13.89,7560
DPR,2020-05-04,13.7,14.05,13.7,13.93,2060
DPR,2020-05-05,13.93,14.06,13.78,14.05,17930
DPR,2020-05-06,13.89,14.35,13.89,14.16,15550
DPR,2020-05-07,14.46,14.46,14.08,14.1,11390
DPR,2020-05-08,14.08,15.05,14.08,14.64,18950
DPR,2020-05-11,14.46,14.62,14.35,14.54,17130
DPR,2020-05-12,14.33,14.73,14.33,14.54,15600
DPR,2020-05-13,14.46,14.54,14.14,14.22,4170
DPR,2020-05-14,14.22,14.43,13.25,14.2,25720
DPR,2020-05-15,14.22,14.22,14.18,14.22,28900
DPR,2020-05-18,14.39,14.41,14.39,14.41,590
DPR,2020-05-19,14.46,15.04,14.14,14.14,14960
DPR,2020-05-20,14.24,14.39,14.2,14.31,18340
DPR,2020-05-21,14.27,14.46,14.08,14.08,6170
DPR,2020-05-22,14.2,14.73,14.08,14.46,35250
DPR,2020-05-25,14.46,14.62,14.16,14.46,4370
DPR,2020-05-26,14.2,14.77,13.7,14.46,21220
DPR,2020-05-27,14.46,14.73,14.46,14.5,21300
DPR,2020-05-28,14.69,14.73,14.5,14.5,26350
DPR,2020-05-29,14.67,14.85,14.5,14.85,37430
DPR,2020-06-01,14.79,14.81,14.69,14.73,3610
DPR,2020-06-02,14.77,14.81,14.5,14.5,5470
DPR,2020-06-03,14.5,14.73,14.5,14.52,7340
DPR,2020-06-04,14.52,14.65,14.52,14.52,7690
DPR,2020-06-05,14.5,14.65,13.72,14.56,11930
DPR,2020-06-08,14.46,14.64,14.46,14.64,24710
DPR,2020-06-09,14.58,14.73,14.58,14.73,35120
DPR,2020-06-10,14.65,14.69,14.54,14.54,7980
DPR,2020-06-11,14.67,14.73,14.46,14.46,32970
DPR,2020-06-12,14.08,14.65,14.08,14.65,21340
DPR,2020-06-15,14.65,14.71,14.65,14.71,27730
DPR,2020-06-16,14.27,14.71,14.27,14.65,1710
DPR,2020-06-17,14.65,14.75,14.46,14.46,9310
DPR,2020-06-18,14.58,14.73,14.24,14.33,5830
DPR,2020-06-19,14.46,14.73,14.46,14.46,17730
DPR,2020-06-22,14.54,14.58,14.45,14.54,3170
DPR,2020-06-23,14.52,14.62,14.46,14.58,9250
DPR,2020-06-24,14.62,15.05,14.62,15.04,36530
DPR,2020-06-25,15.04,15.11,14.92,14.92,18150
DPR,2020-06-26,14.83,15.17,14.83,15.04,10780
DPR,2020-06-29,14.65,15.0,14.46,14.65,11560
DPR,2020-06-30,15.0,15.07,14.69,14.92,14230
DPR,2020-07-01,15.02,15.11,14.92,15.07,21680
DPR,2020-07-02,14.56,15.04,14.56,14.88,55520
DPR,2020-07-03,15.04,15.04,14.85,14.85,160080
DPR,2020-07-06,14.5,14.85,14.5,14.81,7990
DPR,2020-07-07,14.81,14.81,14.62,14.62,5890
DPR,2020-07-08,14.5,14.81,14.5,14.62,17290
DPR,2020-07-09,14.69,14.69,14.54,14.69,3120
DPR,2020-07-10,15.15,15.15,14.69,14.69,1300
DPR,2020-07-13,14.77,14.77,14.69,14.71,12120
DPR,2020-07-14,15.38,15.38,15.04,15.04,60
DPR,2020-07-15,14.65,14.85,14.65,14.85,8320
DPR,2020-07-16,14.85,14.85,14.65,14.85,6100
DPR,2020-07-17,14.85,14.92,14.85,14.88,7080
DPR,2020-07-20,14.88,14.96,14.85,14.96,6350
DPR,2020-07-21,14.69,14.96,14.69,14.96,10690
DPR,2020-07-22,14.73,14.96,14.73,14.85,240
DPR,2020-07-23,14.85,14.85,14.81,14.85,5420
DPR,2020-07-24,14.85,14.85,14.46,14.46,6060
DPR,2020-07-27,14.39,14.46,14.39,14.39,25970
DPR,2020-07-28,14.08,14.73,14.08,14.73,7510
DPR,2020-07-29,14.73,14.73,14.16,14.24,7260
DPR,2020-07-30,14.46,14.46,14.08,14.08,14180
DPR,2020-07-31,14.08,14.54,14.08,14.54,3250
DPR,2020-08-03,14.46,14.54,14.43,14.46,14300
DPR,2020-08-04,14.5,14.5,14.29,14.46,8590
DPR,2020-08-05,14.54,14.54,14.46,14.54,25320
DPR,2020-08-06,14.54,15.04,14.54,14.54,18870
DPR,2020-08-07,15.19,15.19,14.46,14.85,12060
DPR,2020-08-10,14.85,15.04,14.65,14.85,19370
DPR,2020-08-11,14.85,14.85,14.81,14.81,1620
DPR,2020-08-12,14.81,14.81,14.81,14.81,0
DPR,2020-08-13,14.65,14.83,14.65,14.65,2110
DPR,2020-08-14,14.65,14.65,14.65,14.65,4800
DPR,2020-08-17,14.46,14.65,14.46,14.65,4150
DPR,2020-08-18,14.67,14.67,14.65,14.65,710
DPR,2020-08-19,14.65,14.81,14.54,14.81,2340
DPR,2020-08-20,14.65,14.65,14.58,14.58,1880
DPR,2020-08-21,14.77,14.81,14.77,14.77,22550
DPR,2020-08-24,14.65,15.8,14.65,15.57,63450
DPR,2020-08-25,15.49,15.49,15.04,15.45,10290
DPR,2020-08-26,15.05,15.42,15.05,15.42,1550
DPR,2020-08-27,15.42,15.45,15.42,15.42,20400
DPR,2020-08-28,15.42,15.42,15.23,15.23,10420
DPR,2020-08-31,15.42,15.42,15.23,15.23,2980
DPR,2020-09-01,15.23,16.18,15.23,15.8,58000
DPR,2020-09-03,15.8,15.8,15.61,15.68,20410
DPR,2020-09-04,15.68,15.68,15.53,15.53,2400
DPR,2020-09-07,15.57,15.57,15.23,15.23,11940
DPR,2020-09-08,15.23,15.42,15.23,15.23,7410
DPR,2020-09-09,14.46,15.49,14.46,15.23,520
DPR,2020-09-10,15.23,15.26,15.17,15.26,3510
DPR,2020-09-11,15.23,15.23,15.19,15.19,1260
DPR,2020-09-14,15.19,15.23,15.15,15.15,5380
DPR,2020-09-15,15.19,15.23,15.04,15.23,6620
DPR,2020-09-16,15.21,15.21,15.21,15.21,1760
DPR,2020-09-17,15.21,15.38,15.13,15.23,26880
DPR,2020-09-18,15.23,15.24,15.23,15.23,16790
DPR,2020-09-21,15.23,15.24,15.23,15.23,12500
DPR,2020-09-22,15.23,15.61,15.23,15.24,2880
DPR,2020-09-23,15.24,15.24,15.13,15.24,1040
DPR,2020-09-24,15.23,15.23,15.19,15.19,3740
DPR,2020-09-25,15.21,15.42,15.21,15.24,17420
DPR,2020-09-28,15.24,15.26,15.07,15.23,4820
DPR,2020-09-29,15.26,15.8,15.24,15.55,25950
DPR,2020-09-30,15.61,16.27,15.57,16.27,145350
DPR,2020-10-01,16.06,16.27,15.99,15.99,42570
DPR,2020-10-02,16.03,16.03,15.8,15.99,18700
DPR,2020-10-05,15.83,16.01,15.83,15.99,25600
DPR,2020-10-06,16.03,16.18,15.91,15.99,18060
DPR,2020-10-07,15.99,15.99,15.91,15.91,9070
DPR,2020-10-08,15.91,16.37,15.8,16.27,9480
DPR,2020-10-09,16.37,16.37,16.06,16.29,29260
DPR,2020-10-12,16.37,16.37,15.89,16.29,1380
DPR,2020-10-13,16.29,16.29,15.99,16.29,10530
DPR,2020-10-14,16.31,16.31,15.99,15.99,11710
DPR,2020-10-15,15.99,15.99,15.44,15.44,10890
DPR,2020-10-16,15.61,15.99,15.45,15.64,8820
DPR,2020-10-19,15.42,16.01,15.42,15.76,3350
DPR,2020-10-20,15.72,15.99,15.72,15.95,7100
DPR,2020-10-21,15.8,16.1,15.8,16.1,4310
DPR,2020-10-22,16.1,16.1,15.93,15.99,1080
DPR,2020-10-23,16.14,16.44,16.14,16.44,22250
DPR,2020-10-26,16.75,17.59,16.75,17.13,108990
DPR,2020-10-27,16.82,17.28,16.82,17.26,23960
DPR,2020-10-28,17.4,17.4,16.98,17.21,25270
DPR,2020-10-29,16.41,17.21,16.41,17.17,17800
DPR,2020-10-30,17.21,17.47,17.09,17.13,8780
DPR,2020-11-02,17.89,17.89,17.24,17.51,48010
DPR,2020-11-03,17.51,17.62,17.28,17.51,22140
DPR,2020-11-04,17.51,17.51,17.32,17.43,27170
DPR,2020-11-05,17.4,17.4,16.82,17.21,16710
DPR,2020-11-06,17.21,17.21,17.05,17.21,4960
DPR,2020-11-09,17.24,17.24,16.86,17.01,13300
DPR,2020-11-10,17.01,17.17,16.94,17.13,31340
DPR,2020-11-11,17.21,17.34,17.17,17.32,39070
DPR,2020-11-12,17.4,17.4,17.22,17.36,23700
DPR,2020-11-13,17.36,17.51,17.24,17.51,31110
DPR,2020-11-16,17.57,17.57,17.28,17.28,43530
DPR,2020-11-17,17.4,17.45,17.32,17.43,51520
DPR,2020-11-18,17.32,17.4,16.54,17.4,16000
DPR,2020-11-19,17.4,17.4,17.26,17.4,14470
DPR,2020-11-20,17.4,17.4,17.24,17.4,26670
DPR,2020-11-23,17.4,17.4,16.94,17.28,24930
DPR,2020-11-24,17.3,17.3,17.09,17.21,48800
DPR,2020-11-25,17.26,17.26,17.05,17.05,34140
DPR,2020-11-26,17.13,17.17,17.0,17.17,125440
DPR,2020-11-27,17.17,17.17,16.98,17.17,48290
DPR,2020-11-30,17.19,17.43,17.19,17.32,45200
DPR,2020-12-01,17.36,17.36,17.13,17.32,21360
DPR,2020-12-02,17.32,17.36,17.17,17.32,44600
DPR,2020-12-03,17.43,18.19,17.41,17.89,219540
DPR,2020-12-04,17.89,17.91,17.74,17.78,43550
DPR,2020-12-07,17.78,17.81,17.24,17.24,101200
DPR,2020-12-08,17.24,17.47,16.75,16.75,167060
DPR,2020-12-09,17.13,17.22,16.98,17.07,106660
DPR,2020-12-10,17.13,17.28,16.94,16.94,93860
DPR,2020-12-11,17.13,17.22,17.0,17.22,48610
DPR,2020-12-14,17.24,17.34,17.22,17.3,92480
DPR,2020-12-15,17.3,17.32,17.28,17.32,53740
DPR,2020-12-16,17.36,17.38,17.13,17.32,108840
DPR,2020-12-17,17.92,17.92,17.36,17.52,56830
DPR,2020-12-18,17.64,17.64,17.34,17.4,10310
DPR,2020-12-21,17.52,17.6,17.48,17.58,68920
DPR,2020-12-22,17.58,18.81,17.48,18.43,180930
DPR,2020-12-23,18.43,18.43,18.18,18.18,45810
DPR,2020-12-24,18.14,18.14,17.08,17.92,53640
DPR,2020-12-25,17.92,18.1,17.84,18.1,56800
DPR,2020-12-28,18.1,18.12,17.92,17.92,25260
DPR,2020-12-29,18.02,18.02,17.84,17.92,26940
DPR,2020-12-30,17.92,17.96,17.86,17.92,20470
DPR,2020-12-31,17.92,17.92,17.74,17.86,21580
DPR,2021-01-04,17.86,17.92,17.76,17.92,37200
DPR,2021-01-05,17.92,17.98,17.86,17.96,26400
DPR,2021-01-06,17.96,17.98,17.9,17.98,27200
DPR,2021-01-07,17.92,17.98,17.72,17.98,42600
DPR,2021-01-08,18.06,18.33,18.06,18.24,76300
DPR,2021-01-11,18.24,18.33,18.24,18.33,27200
DPR,2021-01-12,18.33,19.13,18.12,19.09,120300
DPR,2021-01-13,19.13,19.94,19.09,19.74,260400
DPR,2021-01-14,19.84,20.14,19.82,20.04,143200
DPR,2021-01-15,20.04,21.14,20.04,20.86,103300
DPR,2021-01-18,20.86,20.9,20.14,20.7,82500
DPR,2021-01-19,20.62,20.66,19.27,19.65,66000
DPR,2021-01-20,19.65,19.82,18.73,19.78,153700
DPR,2021-01-21,19.33,20.02,19.33,20.02,67800
DPR,2021-01-22,19.74,20.02,19.55,19.98,34600
DPR,2021-01-25,19.98,19.98,19.65,19.65,66000
DPR,2021-01-26,19.33,19.37,18.53,18.81,31100
DPR,2021-01-27,18.93,20.12,18.53,20.12,181000
DPR,2021-01-28,19.21,19.21,18.73,18.73,517500
DPR,2021-01-29,18.73,19.41,17.48,18.93,18100
DPR,2021-02-01,18.93,18.93,18.12,18.53,62300
DPR,2021-02-02,17.8,18.85,17.8,18.73,16000
DPR,2021-02-03,18.85,19.13,18.75,19.13,89300
DPR,2021-02-04,19.13,19.13,19.09,19.13,5400
DPR,2021-02-05,19.13,19.13,18.95,19.11,4500
DPR,2021-02-08,19.13,19.15,18.57,18.93,24100
DPR,2021-02-09,18.93,18.93,18.53,18.59,26300
DPR,2021-02-17,18.59,19.41,18.59,19.41,56100
DPR,2021-02-18,19.33,19.65,19.33,19.45,28400
DPR,2021-02-19,19.45,19.47,19.33,19.33,23700
DPR,2021-02-22,19.37,19.49,19.25,19.49,34700
DPR,2021-02-23,19.33,19.41,19.33,19.37,7400
DPR,2021-02-24,19.37,19.41,19.31,19.31,65700
DPR,2021-02-25,19.51,19.67,19.37,19.53,56100
DPR,2021-02-26,19.53,19.94,19.53,19.74,14000
DPR,2021-03-01,19.82,19.82,19.33,19.74,27600
DPR,2021-03-02,19.13,19.78,19.13,19.74,7800
DPR,2021-03-03,19.86,19.86,19.37,19.45,3100
DPR,2021-03-04,19.45,19.74,19.37,19.59,60700
DPR,2021-03-05,19.53,19.86,19.53,19.86,42400
DPR,2021-03-08,19.74,19.9,19.59,19.59,20400
DPR,2021-03-09,19.53,19.84,19.53,19.84,6100
DPR,2021-03-10,19.74,19.82,19.74,19.82,3600
DPR,2021-03-11,19.74,19.82,19.69,19.78,40900
DPR,2021-03-12,20.54,20.54,19.78,19.78,15000
DPR,2021-03-15,19.82,20.08,19.82,20.08,34200
DPR,2021-03-16,20.08,21.47,20.02,20.54,36300
DPR,2021-03-17,20.54,21.19,20.54,20.74,58300
DPR,2021-03-18,20.94,20.94,20.14,20.74,27100
DPR,2021-03-19,20.74,20.74,20.54,20.54,25800
DPR,2021-03-22,20.7,20.74,20.46,20.54,57500
DPR,2021-03-23,20.34,20.74,20.14,20.38,21100
DPR,2021-03-24,20.34,20.34,19.01,20.14,37300
DPR,2021-03-25,20.14,20.14,19.71,20.14,25500
DPR,2021-03-26,20.1,20.1,19.74,20.06,6500
DPR,2021-03-29,19.33,20.06,19.33,19.65,25200
DPR,2021-03-30,19.74,20.14,19.74,20.14,77700
DPR,2021-03-31,20.14,20.14,20.14,20.14,100
DPR,2021-04-01,20.02,20.02,19.39,19.96,36900
DPR,2021-04-02,19.98,20.06,19.82,19.82,31100
DPR,2021-04-05,19.82,19.9,19.45,19.82,79100
DPR,2021-04-06,19.74,19.9,19.74,19.82,42900
DPR,2021-04-07,19.74,19.94,19.17,19.29,89500
DPR,2021-04-08,19.71,19.88,19.37,19.37,19200
DPR,2021-04-09,19.69,19.69,19.53,19.65,5600
DPR,2021-04-12,19.98,19.98,19.33,19.41,64000
DPR,2021-04-13,19.74,19.74,19.45,19.61,12800
DPR,2021-04-14,19.61,19.69,19.35,19.69,65600
DPR,2021-04-15,19.76,19.76,19.53,19.57,15000
DPR,2021-04-16,19.37,19.67,19.25,19.55,27700
DPR,2021-04-19,19.92,19.92,19.13,19.55,19300
DPR,2021-04-20,19.33,19.69,19.13,19.45,23200
DPR,2021-04-22,19.33,19.74,19.05,19.05,33100
DPR,2021-04-23,18.95,19.05,18.93,18.97,59400
DPR,2021-04-26,19.13,19.13,18.77,18.93,31900
DPR,2021-04-27,18.93,19.05,18.37,19.05,22300
DPR,2021-04-28,19.03,19.09,18.93,19.09,8800
DPR,2021-04-29,19.33,19.33,18.89,18.89,7000
DPR,2021-05-04,18.89,19.05,18.75,18.89,23500
DPR,2021-05-05,18.89,19.05,18.85,18.99,13000
DPR,2021-05-06,19.01,19.01,18.79,18.89,27100
DPR,2021-05-07,18.93,19.09,18.69,19.09,119400
DPR,2021-05-10,19.29,19.29,18.93,19.17,120600
DPR,2021-05-11,19.31,19.31,19.17,19.25,71600
DPR,2021-05-12,19.13,19.53,19.03,19.53,35400
DPR,2021-05-13,19.53,19.71,19.33,19.33,39200
DPR,2021-05-14,19.57,19.65,19.27,19.33,19600
DPR,2021-05-17,19.53,19.53,19.17,19.33,13800
DPR,2021-05-18,18.99,19.41,18.97,19.33,38900
DPR,2021-05-19,19.53,19.53,19.17,19.25,52800
DPR,2021-05-20,19.05,19.33,19.03,19.17,23900
DPR,2021-05-21,19.17,19.41,19.13,19.25,52800
DPR,2021-05-24,19.33,20.18,19.25,19.98,56000
DPR,2021-05-25,20.06,20.74,19.98,20.54,69100
DPR,2021-05-26,20.54,20.7,20.38,20.54,50900
DPR,2021-05-27,20.54,20.54,19.53,20.3,26000
DPR,2021-05-28,19.78,20.26,19.78,20.14,8200
DPR,2021-05-31,20.3,20.74,20.14,20.34,31700
DPR,2021-06-01,20.54,20.7,20.46,20.62,133400
DPR,2021-06-02,20.62,20.66,20.42,20.42,49200
DPR,2021-06-03,20.54,21.35,20.46,21.02,271900
DPR,2021-06-04,21.35,21.55,21.14,21.55,282800
DPR,2021-06-07,21.71,23.04,21.71,23.04,385700
DPR,2021-06-08,24.57,24.65,23.96,24.57,541400
DPR,2021-06-09,24.57,26.18,23.96,26.06,241000
DPR,2021-06-10,26.78,26.78,24.77,24.77,85300
DPR,2021-06-11,25.66,25.66,24.85,25.37,492200
DPR,2021-06-14,25.98,25.98,25.53,25.7,407100
DPR,2021-06-15,25.7,25.82,25.53,25.7,227300
DPR,2021-06-16,25.58,25.7,25.33,25.33,122900
DPR,2021-06-17,25.13,25.17,24.45,24.89,405500
DPR,2021-06-18,24.77,25.7,24.77,25.17,338600
DPR,2021-06-21,25.05,25.29,25.05,25.17,302900
DPR,2021-06-22,25.17,25.17,24.57,24.69,420100
DPR,2021-06-23,24.61,24.65,24.21,24.41,487900
DPR,2021-06-24,24.41,24.77,24.17,24.45,132500
DPR,2021-06-25,24.37,24.97,24.37,24.97,94500
DPR,2021-06-28,24.97,24.97,24.65,24.97,182400
DPR,2021-06-29,24.97,24.97,24.57,24.57,94400
DPR,2021-06-30,24.37,24.57,24.33,24.37,79400
DPR,2021-07-01,24.37,24.77,24.37,24.73,138000
DPR,2021-07-02,24.93,26.06,24.93,26.06,199400
DPR,2021-07-05,27.19,27.19,26.46,26.66,186800
DPR,2021-07-06,26.94,26.94,25.01,25.01,121800
DPR,2021-07-07,24.77,26.18,24.17,26.1,181000
DPR,2021-07-08,25.98,26.1,24.97,25.37,93000
DPR,2021-07-09,24.77,25.45,24.73,24.81,206000
DPR,2021-07-12,24.65,24.65,23.64,24.33,384100
DPR,2021-07-13,24.45,24.97,24.41,24.97,49500
DPR,2021-07-14,24.73,24.77,24.0,24.0,163000
DPR,2021-07-15,24.17,24.93,24.0,24.89,101400
DPR,2021-07-16,24.89,24.89,24.17,24.45,260500
DPR,2021-07-19,23.84,24.69,23.84,23.96,163700
DPR,2021-07-20,24.49,24.77,24.04,24.77,147000
DPR,2021-07-21,24.77,24.77,24.29,24.49,57200
DPR,2021-07-22,24.49,24.53,24.33,24.37,124800
DPR,2021-07-23,24.37,24.57,24.33,24.33,137900
DPR,2021-07-26,24.17,24.37,23.96,24.17,43200
DPR,2021-07-27,24.21,24.37,24.08,24.33,50100
DPR,2021-07-28,24.17,24.37,23.96,24.17,186800
DPR,2021-07-29,24.45,24.45,24.0,24.29,72600
DPR,2021-07-30,24.08,24.25,23.96,24.08,46900
DPR,2021-08-02,24.04,24.25,23.63,24.04,105900
DPR,2021-08-03,23.88,24.17,23.75,23.75,86800
DPR,2021-08-04,23.71,24.21,23.63,24.04,136000
DPR,2021-08-05,24.04,24.12,23.67,23.92,70100
DPR,2021-08-06,23.92,23.92,23.67,23.75,69800
DPR,2021-08-09,23.67,24.25,23.67,24.21,63300
DPR,2021-08-10,24.25,24.45,23.96,23.96,90700
DPR,2021-08-11,23.96,24.29,23.79,24.04,154800
DPR,2021-08-12,24.04,24.08,23.92,24.0,83300
DPR,2021-08-13,24.0,24.17,23.79,24.12,133700
DPR,2021-08-16,24.41,25.78,24.37,25.74,437400
DPR,2021-08-17,25.78,25.78,24.99,25.2,249700
DPR,2021-08-18,24.99,25.65,24.95,25.45,146400
DPR,2021-08-19,25.36,26.56,25.36,26.44,321600
DPR,2021-08-20,26.4,26.4,25.86,25.94,299300
DPR,2021-08-23,25.82,25.98,25.4,25.4,239900
DPR,2021-08-24,25.2,25.28,24.17,24.41,414800
DPR,2021-08-25,24.7,25.61,24.37,25.61,120700
DPR,2021-08-26,25.36,25.94,25.28,25.61,264300
DPR,2021-08-27,25.61,26.44,25.24,26.44,135300
DPR,2021-08-30,26.48,27.47,26.02,27.47,603200
DPR,2021-08-31,27.26,28.5,26.93,28.21,519200
DPR,2021-09-01,28.09,29.16,28.05,28.83,523800
DPR,2021-09-06,28.5,29.25,28.3,28.5,220700
DPR,2021-09-07,28.42,28.54,27.88,28.17,247600
DPR,2021-09-08,28.17,28.5,27.8,28.09,161500
DPR,2021-09-09,28.21,28.67,28.05,28.3,223900
DPR,2021-09-10,28.5,29.58,28.17,29.37,585700
DPR,2021-09-13,29.45,30.16,28.79,29.12,377400
DPR,2021-09-14,29.33,29.33,28.75,29.33,228300
DPR,2021-09-15,28.79,29.49,28.79,29.12,126800
DPR,2021-09-16,28.79,29.16,28.75,28.92,188300
DPR,2021-09-17,29.0,29.12,28.75,28.75,126700
DPR,2021-09-20,28.75,28.79,27.97,28.01,249700
DPR,2021-09-21,27.76,27.88,27.35,27.84,300300
DPR,2021-09-22,27.06,28.71,27.06,28.38,97400
DPR,2021-09-23,28.59,28.59,27.68,28.09,101500
DPR,2021-09-24,27.68,28.09,27.55,27.64,196200
DPR,2021-09-27,27.64,28.05,27.3,27.43,154600
DPR,2021-09-28,27.47,28.38,27.47,28.38,189200
DPR,2021-09-29,28.25,28.71,28.25,28.71,140600
DPR,2021-09-30,28.79,28.79,28.34,28.42,45100
DPR,2021-10-01,28.59,29.74,28.42,29.58,922500
DPR,2021-10-04,29.58,29.99,29.21,29.37,329500
DPR,2021-10-05,29.78,29.82,29.37,29.58,205900
DPR,2021-10-06,29.58,30.03,29.29,30.03,205900
DPR,2021-10-07,30.03,30.03,29.66,29.91,330900
DPR,2021-10-08,29.82,29.95,29.66,29.66,211100
DPR,2021-10-11,29.54,29.91,29.54,29.74,165800
DPR,2021-10-12,29.66,29.66,29.45,29.45,146400
DPR,2021-10-13,29.45,29.91,29.33,29.58,157300
DPR,2021-10-14,29.74,30.44,29.7,30.44,407500
DPR,2021-10-15,30.57,30.94,30.53,30.77,225400
DPR,2021-10-18,31.31,31.31,30.77,30.98,182100
DPR,2021-10-19,30.61,31.39,30.61,30.77,117000
DPR,2021-10-20,30.77,30.82,29.95,30.57,134900
DPR,2021-10-21,30.03,30.65,29.99,30.4,174700
DPR,2021-10-22,30.16,30.53,29.99,30.16,226100
DPR,2021-10-25,30.16,30.94,29.95,30.36,183700
DPR,2021-10-26,30.36,30.65,30.07,30.36,141100
DPR,2021-10-27,30.94,31.19,30.36,31.19,613300
DPR,2021-10-28,31.23,33.05,31.06,32.47,669500
DPR,2021-10-29,32.8,33.13,32.63,33.13,358400
DPR,2021-11-01,33.46,34.04,33.25,33.91,402600
DPR,2021-11-02,33.5,34.49,33.46,34.08,181500
DPR,2021-11-03,33.63,34.49,32.76,32.92,349500
DPR,2021-11-04,32.92,34.91,32.63,34.29,278700
DPR,2021-11-05,34.86,34.86,34.29,34.7,327700
DPR,2021-11-08,35.44,35.44,34.24,34.7,233100
DPR,2021-11-09,34.7,34.86,34.2,34.37,130500
DPR,2021-11-10,34.29,34.99,33.21,34.2,274200
DPR,2021-11-11,34.2,34.2,33.46,33.83,307900
DPR,2021-11-12,33.87,33.87,33.17,33.29,345000
DPR,2021-11-15,33.09,33.83,33.05,33.13,232100
DPR,2021-11-16,33.13,33.71,33.01,33.67,550300
DPR,2021-11-17,33.67,36.02,33.58,36.02,803300
DPR,2021-11-18,37.18,37.18,35.94,36.02,361100
DPR,2021-11-19,36.02,36.02,33.54,34.2,432500
DPR,2021-11-22,34.2,34.2,31.85,31.85,566500
DPR,2021-11-23,31.39,32.84,31.39,32.59,250000
DPR,2021-11-24,33.05,34.82,32.8,34.41,394000
DPR,2021-11-25,34.86,34.86,34.12,34.29,216000
DPR,2021-11-26,33.17,33.91,33.01,33.34,266300
DPR,2021-11-29,32.84,33.25,32.39,32.96,293200
DPR,2021-11-30,33.63,34.12,32.63,33.05,438400
DPR,2021-12-01,33.25,33.67,33.09,33.67,118000
DPR,2021-12-02,33.67,34.24,33.5,33.87,164400
DPR,2021-12-03,33.63,33.67,32.84,32.92,422200
DPR,2021-12-06,32.88,32.88,31.81,32.06,343900
DPR,2021-12-07,32.1,32.88,32.06,32.39,139000
DPR,2021-12-08,32.43,32.63,32.14,32.26,299600
DPR,2021-12-09,32.55,33.05,32.01,32.43,135200
DPR,2021-12-10,32.43,32.59,32.22,32.3,333900
DPR,2021-12-13,32.34,33.42,32.34,33.25,386800
DPR,2021-12-14,33.29,33.29,32.43,32.63,193900
DPR,2021-12-15,32.43,32.59,32.26,32.34,175200
DPR,2021-12-16,32.77,32.85,32.43,32.47,153600
DPR,2021-12-17,32.43,32.56,30.32,31.97,373100
DPR,2021-12-20,31.92,32.01,30.87,30.87,296800
DPR,2021-12-21,30.79,30.79,29.65,30.03,537600
DPR,2021-12-22,29.9,30.91,29.9,30.66,238800
DPR,2021-12-23,30.75,30.79,30.11,30.41,163300
DPR,2021-12-24,30.41,31.12,30.32,30.75,139500
DPR,2021-12-27,30.75,30.87,30.37,30.87,169900
DPR,2021-12-28,30.79,30.87,30.45,30.53,213400
DPR,2021-12-29,30.53,30.58,30.28,30.28,121800
DPR,2021-12-30,30.32,30.32,30.03,30.28,130500
DPR,2021-12-31,30.07,30.53,29.57,30.53,149100
DPR,2022-01-04,30.32,30.32,29.95,30.11,161700
DPR,2022-01-05,30.11,30.24,29.65,30.24,294200
DPR,2022-01-06,29.9,31.04,29.9,30.79,210000
DPR,2022-01-07,30.79,31.8,30.75,31.0,253100
DPR,2022-01-10,30.96,30.96,30.11,30.11,198900
DPR,2022-01-11,30.11,30.11,29.69,30.07,149900
DPR,2022-01-12,29.78,30.03,28.98,29.19,208400
DPR,2022-01-13,29.48,29.48,28.85,29.02,116400
DPR,2022-01-14,28.77,29.27,28.68,28.68,75900
DPR,2022-01-17,28.68,28.72,26.7,26.7,282500
DPR,2022-01-18,26.95,27.71,26.11,26.87,216700
DPR,2022-01-19,26.79,27.38,26.74,27.29,66300
DPR,2022-01-20,27.29,28.72,27.0,27.92,121600
DPR,2022-01-21,28.39,29.36,27.8,28.64,204000
DPR,2022-01-24,28.89,29.9,28.68,28.72,244700
DPR,2022-01-25,28.72,29.06,28.43,28.72,118300
DPR,2022-01-26,29.15,29.15,28.68,28.68,45800
DPR,2022-01-27,28.64,28.64,27.63,27.76,119600
DPR,2022-01-28,28.01,28.01,27.33,27.38,195900
DPR,2022-02-07,27.92,28.01,27.59,28.01,180400
DPR,2022-02-08,28.13,29.23,28.13,28.89,122300
DPR,2022-02-09,28.89,29.44,28.85,29.44,172600
DPR,2022-02-10,29.48,30.49,29.48,30.03,348800
DPR,2022-02-11,30.03,30.32,29.99,29.99,42100
DPR,2022-02-14,29.61,31.38,29.61,30.66,451400
DPR,2022-02-15,30.53,31.08,29.99,30.7,129900
DPR,2022-02-16,30.79,31.08,30.45,30.96,142400
DPR,2022-02-17,30.87,31.08,30.58,30.96,231800
DPR,2022-02-18,30.91,31.17,30.75,31.12,244800
DPR,2022-02-21,31.29,32.43,31.29,32.35,506200
DPR,2022-02-22,32.14,32.26,31.42,31.97,278700
DPR,2022-02-23,32.01,32.6,31.97,32.14,258200
DPR,2022-02-24,32.05,32.43,31.08,31.46,328500
DPR,2022-02-25,31.8,33.06,31.46,32.26,463300
DPR,2022-02-28,32.26,32.81,32.01,32.43,184100
DPR,2022-03-01,32.39,32.72,32.14,32.35,223600
DPR,2022-03-02,32.3,32.39,31.84,32.01,242800
DPR,2022-03-03,32.01,32.18,31.8,32.01,276900
DPR,2022-03-04,32.14,33.69,32.14,33.31,536400
DPR,2022-03-07,33.31,33.31,32.64,32.68,372300
DPR,2022-03-08,32.43,34.87,32.35,33.69,1185000
DPR,2022-03-09,33.74,34.2,32.89,33.69,374700
DPR,2022-03-10,34.11,34.11,33.31,33.48,291800
DPR,2022-03-11,32.98,33.4,32.05,32.05,675100
DPR,2022-03-14,32.01,32.01,30.75,31.0,524500
DPR,2022-03-15,30.96,31.42,30.75,31.17,218200
DPR,2022-03-16,31.25,31.67,31.25,31.59,239000
DPR,2022-03-17,31.59,31.84,31.17,31.46,254300
DPR,2022-03-18,31.42,31.8,31.21,31.42,206600
DPR,2022-03-21,31.63,33.61,31.63,33.61,886200
DPR,2022-03-22,33.9,33.99,33.23,33.23,326700
DPR,2022-03-23,33.48,35.55,33.19,35.55,1496600
DPR,2022-03-24,35.72,36.68,35.17,35.55,708300
DPR,2022-03-25,35.5,36.85,35.38,36.05,641800
DPR,2022-03-28,36.01,37.06,36.01,36.64,721400
DPR,2022-03-29,36.85,37.06,36.22,36.6,487500
DPR,2022-03-30,36.43,36.64,35.38,35.55,790200
DPR,2022-03-31,35.5,36.18,35.38,35.84,481200
DPR,2022-04-01,36.01,38.33,35.93,38.33,1095700
DPR,2022-04-04,39.8,40.98,39.21,39.59,1282500
DPR,2022-04-05,39.38,40.85,39.38,39.84,553600
DPR,2022-04-06,39.63,41.06,39.13,40.64,708300
DPR,2022-04-07,40.1,40.85,38.58,38.58,722800
DPR,2022-04-08,39.17,39.3,38.24,38.24,886900
DPR,2022-04-12,38.41,38.41,36.56,36.56,923500
DPR,2022-04-13,36.64,39.08,36.43,39.08,592500
DPR,2022-04-14,39.76,40.64,39.08,39.21,539100
DPR,2022-04-15,39.59,41.7,39.38,41.19,1065300
DPR,2022-04-18,41.06,43.0,41.06,42.12,608000
DPR,2022-04-19,42.12,42.83,40.26,40.26,724000
DPR,2022-04-20,39.97,40.81,37.48,37.48,1250200
DPR,2022-04-21,34.96,37.11,34.87,34.87,1431700
DPR,2022-04-22,35.0,35.8,32.47,33.27,1321700
DPR,2022-04-25,33.31,33.9,30.96,31.17,1044800
DPR,2022-04-26,31.17,33.31,31.17,33.31,469100
DPR,2022-04-27,33.44,34.96,32.85,34.75,372500
DPR,2022-04-28,34.92,34.92,34.24,34.28,283700
DPR,2022-04-29,33.9,35.38,33.69,35.38,438300
DPR,2022-05-04,35.17,35.17,33.99,33.99,316700
DPR,2022-05-05,34.41,34.45,32.85,33.78,301400
DPR,2022-05-06,33.27,33.61,32.3,32.3,283900
DPR,2022-05-09,30.83,31.17,30.07,30.07,760000
DPR,2022-05-10,28.43,31.0,28.43,30.75,315800
DPR,2022-05-11,31.29,31.34,30.49,30.75,157500
DPR,2022-05-12,29.95,30.7,28.64,28.77,304100
DPR,2022-05-13,28.72,29.27,27.8,28.18,641300
DPR,2022-05-16,29.44,30.07,28.47,28.85,291300
DPR,2022-05-17,29.69,30.83,28.89,30.83,314400
DPR,2022-05-18,30.87,32.01,30.87,31.46,309700
DPR,2022-05-19,30.58,32.39,30.58,32.14,327400
DPR,2022-05-20,32.01,32.43,31.88,32.09,329600
DPR,2022-05-23,32.05,32.09,30.75,31.04,186200
DPR,2022-05-24,31.04,31.29,29.69,31.04,110200
DPR,2022-05-25,31.42,32.72,30.75,32.6,351500
DPR,2022-05-26,32.77,32.77,31.84,32.01,164600
DPR,2022-05-27,32.14,32.43,31.88,32.01,251000
DPR,2022-05-30,31.67,32.85,31.67,32.47,317300
DPR,2022-05-31,32.51,33.36,32.22,32.94,228200
DPR,2022-06-01,32.94,33.19,32.35,32.43,169900
DPR,2022-06-02,32.56,33.48,32.43,32.68,507900
DPR,2022-06-03,32.68,34.49,32.68,33.69,438100
DPR,2022-06-06,34.33,34.54,33.57,33.57,364500
DPR,2022-06-07,33.4,33.69,32.43,33.57,448100
DPR,2022-06-08,33.65,35.88,33.65,35.88,1616400
DPR,2022-06-09,36.22,36.43,35.67,35.88,249100
DPR,2022-06-10,35.46,36.98,35.21,35.29,547600
DPR,2022-06-13,32.94,33.9,32.85,32.85,698000
DPR,2022-06-14,31.8,32.35,31.04,32.09,605800
DPR,2022-06-15,31.67,32.09,30.58,31.46,406100
DPR,2022-06-16,32.01,32.77,31.8,31.8,279700
DPR,2022-06-17,30.7,31.8,30.32,31.59,328400
DPR,2022-06-20,32.35,32.39,30.49,30.49,316000
DPR,2022-06-21,30.45,31.21,29.95,30.58,475500
DPR,2022-06-22,30.96,31.25,30.58,30.96,198000
DPR,2022-06-23,31.0,31.42,29.9,31.42,121400
DPR,2022-06-24,31.92,31.92,31.17,31.5,100300
DPR,2022-06-27,31.55,32.14,31.38,32.09,101100
DPR,2022-06-28,31.8,32.26,31.59,32.05,145000
DPR,2022-06-29,31.38,31.92,31.12,31.42,136800
DPR,2022-06-30,31.08,31.25,30.24,30.24,253900
DPR,2022-07-01,30.24,30.24,28.89,29.82,319700
DPR,2022-07-04,30.24,30.24,29.65,29.78,88100
DPR,2022-07-05,29.61,29.78,28.68,28.68,114800
DPR,2022-07-06,28.68,29.48,27.8,28.64,340500
DPR,2022-07-07,28.64,28.64,27.08,28.64,96600
DPR,2022-07-08,29.02,29.31,28.98,29.27,104000
DPR,2022-07-11,28.85,29.23,28.43,28.85,67700
DPR,2022-07-12,28.85,29.9,28.51,29.82,137100
DPR,2022-07-13,29.9,30.07,29.48,29.48,61000
DPR,2022-07-14,29.48,29.82,29.15,29.82,56200
DPR,2022-07-15,29.82,29.82,29.23,29.27,60400
DPR,2022-07-18,29.36,30.32,29.36,29.99,74200
DPR,2022-07-19,30.07,30.11,29.73,29.99,62300
DPR,2022-07-20,29.99,30.58,29.99,30.53,83000
DPR,2022-07-21,30.58,30.96,29.9,30.58,118100
DPR,2022-07-22,30.75,30.75,30.32,30.32,68600
DPR,2022-07-25,30.28,30.28,29.82,29.82,60600
DPR,2022-07-26,29.82,29.95,29.27,29.27,65700
DPR,2022-07-27,29.15,29.78,29.06,29.36,41900
DPR,2022-07-28,30.16,30.53,29.65,29.65,141600
DPR,2022-07-29,30.24,30.24,29.48,29.48,113000
DPR,2022-08-01,29.48,29.99,29.48,29.95,69900
DPR,2022-08-02,29.9,31.12,29.69,30.75,390800
DPR,2022-08-03,30.7,31.0,30.53,30.62,217700
DPR,2022-08-04,30.87,30.91,30.32,30.32,140300
DPR,2022-08-05,30.24,30.53,30.16,30.16,128400
DPR,2022-08-08,30.16,30.49,30.11,30.32,81100
DPR,2022-08-09,30.66,30.91,30.45,30.7,159500
DPR,2022-08-10,30.7,31.5,30.45,31.0,218400
DPR,2022-08-11,31.04,31.21,30.2,30.32,135500
DPR,2022-08-12,30.24,30.75,30.24,30.49,103500
DPR,2022-08-15,31.08,31.08,30.49,30.66,71600
DPR,2022-08-16,30.66,31.04,30.32,30.96,139900
DPR,2022-08-17,31.17,31.17,30.66,30.75,218800
DPR,2022-08-18,30.75,31.12,30.53,30.87,134000
DPR,2022-08-19,30.75,30.83,30.49,30.49,86600
DPR,2022-08-22,30.32,30.49,30.07,30.45,136700
DPR,2022-08-23,30.16,30.58,30.16,30.49,78700
DPR,2022-08-24,30.41,31.38,30.41,31.17,237400
DPR,2022-08-25,31.29,31.8,31.08,31.12,231400
DPR,2022-08-26,31.17,31.17,30.7,30.75,137300
DPR,2022-08-29,30.32,30.96,29.99,30.96,207900
DPR,2022-08-30,30.96,32.51,30.32,32.09,833900
DPR,2022-08-31,32.09,32.18,31.59,31.92,225800
DPR,2022-09-05,31.84,32.77,31.8,32.09,364200
DPR,2022-09-06,32.3,32.3,31.17,31.17,257300
DPR,2022-09-07,31.17,31.92,30.32,30.32,355900
DPR,2022-09-08,30.41,30.49,30.2,30.2,203900
DPR,2022-09-09,30.32,30.37,29.48,30.37,235700
DPR,2022-09-12,30.79,30.79,30.24,30.28,70170
DPR,2022-09-13,30.37,30.49,29.9,30.28,107034
DPR,2022-09-14,29.86,30.11,29.86,30.07,169980
DPR,2022-09-15,30.07,30.75,29.99,30.11,93302
DPR,2022-09-16,29.99,30.11,29.9,29.9,231400
DPR,2022-09-19,29.9,29.9,28.85,28.85,278734
DPR,2022-09-20,28.89,29.44,28.89,29.27,118976
DPR,2022-09-21,29.27,29.65,29.06,29.52,69503
DPR,2022-09-22,29.06,30.2,29.06,30.03,73430
DPR,2022-09-23,30.03,30.24,29.9,30.03,38800
DPR,2022-09-26,29.86,29.9,28.77,29.44,92859
DPR,2022-09-27,29.57,29.57,29.1,29.1,34200
DPR,2022-09-28,29.1,29.1,28.22,28.26,73471
DPR,2022-09-29,28.85,28.85,27.38,27.42,93120
DPR,2022-09-30,27.42,27.59,25.52,27.59,122470
DPR,2022-10-03,27.59,27.59,26.11,26.11,121388
DPR,2022-10-04,26.15,26.28,24.3,24.3,332952
DPR,2022-10-05,24.47,25.23,24.43,25.23,155241
DPR,2022-10-06,24.89,25.02,23.75,23.75,134331
DPR,2022-10-07,23.92,23.92,22.11,22.11,206448
DPR,2022-10-10,21.9,22.74,21.73,22.66,110343
DPR,2022-10-11,21.94,22.7,21.1,21.14,101254
DPR,2022-10-12,21.27,22.03,21.06,21.27,122600
DPR,2022-10-13,21.9,22.2,21.69,21.73,126103
DPR,2022-10-14,21.9,22.79,21.9,22.79,72434
DPR,2022-10-17,22.53,23.75,22.53,23.75,134036
DPR,2022-10-18,24.01,24.43,23.59,24.43,303940
DPR,2022-10-19,24.05,24.51,24.01,24.13,50945
DPR,2022-10-20,24.13,24.13,23.42,24.01,76877
DPR,2022-10-21,24.01,24.01,22.36,22.36,219351
DPR,2022-10-24,22.36,23.04,22.11,22.32,176103
DPR,2022-10-25,21.99,23.5,21.99,22.62,154049
DPR,2022-10-26,22.79,23.54,22.74,22.74,304146
DPR,2022-10-27,23.29,23.42,22.83,23.33,120248
DPR,2022-10-28,23.59,23.84,23.08,23.08,132142
DPR,2022-10-31,23.42,23.42,22.7,23.38,60126
DPR,2022-11-01,23.25,23.8,23.25,23.75,54500
DPR,2022-11-02,23.71,23.92,23.25,23.5,52996
DPR,2022-11-03,23.25,23.5,23.16,23.25,45800
DPR,2022-11-04,23.16,23.16,22.07,22.62,163301
DPR,2022-11-07,22.57,22.95,21.44,21.44,140166
DPR,2022-11-08,21.27,21.69,21.1,21.44,111140
DPR,2022-11-09,21.86,21.99,21.4,21.48,47109
DPR,2022-11-10,21.14,21.48,19.98,19.98,156099
DPR,2022-11-11,19.88,20.97,19.58,19.61,110027
DPR,2022-11-14,19.58,19.61,18.24,18.53,349467
DPR,2022-11-15,18.13,18.15,17.25,17.25,323264
DPR,2022-11-16,16.13,18.45,16.13,18.45,183872
DPR,2022-11-17,18.95,19.73,18.95,19.58,160864
DPR,2022-11-18,19.76,20.11,18.57,19.58,91231
DPR,2022-11-21,19.78,20.24,19.54,19.61,70526
DPR,2022-11-22,19.45,20.05,19.36,19.8,195017
DPR,2022-11-23,19.8,19.94,19.58,19.61,85411
DPR,2022-11-24,19.36,19.63,18.99,19.45,84333
DPR,2022-11-25,19.63,20.2,19.45,20.2,147250
DPR,2022-11-28,20.46,21.34,20.46,21.12,173831
DPR,2022-11-29,22.58,22.58,21.21,21.78,161500
DPR,2022-11-30,22.14,22.93,21.34,22.44,240636
DPR,2022-12-01,23.24,23.24,22.49,23.19,126694
DPR,2022-12-02,23.33,23.72,22.88,23.72,226931
DPR,2022-12-05,24.65,24.65,23.72,23.77,132977
DPR,2022-12-06,23.77,23.85,22.49,23.28,174434
DPR,2022-12-07,23.24,23.28,22.71,23.28,80566
DPR,2022-12-08,23.28,23.99,23.28,23.46,142559
DPR,2022-12-09,23.46,23.46,22.93,23.24,69530
DPR,2022-12-12,23.1,23.59,23.1,23.55,94150
DPR,2022-12-13,23.55,24.38,23.02,24.34,135135
DPR,2022-12-14,24.56,24.91,24.43,24.78,58865
DPR,2022-12-15,24.78,25.09,24.78,24.91,56248
DPR,2022-12-16,24.56,25.22,24.47,25.22,118871
DPR,2022-12-19,25.22,25.31,24.95,24.95,49453
DPR,2022-12-20,24.65,24.87,23.68,24.38,62570
DPR,2022-12-21,24.56,24.56,23.72,24.29,79800
DPR,2022-12-22,24.38,24.43,23.77,24.12,6100
DPR,2022-12-23,24.16,24.21,23.77,23.77,13800
DPR,2022-12-26,24.16,24.21,22.66,22.66,90301
DPR,2022-12-27,22.31,23.33,22.31,23.24,23349
DPR,2022-12-28,23.24,23.5,23.1,23.5,31006
DPR,2022-12-29,22.84,23.59,22.84,23.41,14101
DPR,2022-12-30,23.33,23.41,23.1,23.24,34750
DPR,2023-01-03,23.06,23.85,23.06,23.77,80869
DPR,2023-01-04,23.85,24.16,23.68,23.9,98381
DPR,2023-01-05,24.12,24.16,23.55,23.77,57606
DPR,2023-01-06,23.94,24.16,23.77,24.07,162801
DPR,2023-01-09,24.16,24.16,23.5,23.68,20985
DPR,2023-01-10,23.72,23.77,23.33,23.72,51622
DPR,2023-01-11,23.77,24.12,23.77,23.81,99810
DPR,2023-01-12,23.81,24.21,23.81,23.99,103301
DPR,2023-01-13,23.99,24.16,23.77,24.16,227531
DPR,2023-01-16,24.21,25.09,24.12,25.09,164850
DPR,2023-01-17,25.09,25.79,25.09,25.53,71510
DPR,2023-01-18,25.61,25.66,24.87,25.31,60822
DPR,2023-01-19,24.73,25.09,24.65,25.04,87601
DPR,2023-01-27,25.22,25.79,25.09,25.44,54596
DPR,2023-01-30,25.53,25.53,24.6,24.73,134643
DPR,2023-01-31,24.6,24.87,24.56,24.78,62520
DPR,2023-02-01,25.0,25.75,24.73,24.95,166910
DPR,2023-02-02,24.82,24.95,24.56,24.65,42900
DPR,2023-02-03,24.65,25.0,24.51,24.65,82060
DPR,2023-02-06,24.65,24.65,24.43,24.47,49790
DPR,2023-02-07,24.51,24.73,23.99,23.99,66101
DPR,2023-02-08,23.99,24.38,23.72,24.12,36801
DPR,2023-02-09,24.16,24.21,23.81,24.12,59600
DPR,2023-02-10,24.16,24.38,23.55,23.55,50403
DPR,2023-02-13,23.55,23.55,22.71,23.28,93851
DPR,2023-02-14,23.28,23.41,23.19,23.28,19187
DPR,2023-02-15,23.5,23.55,23.24,23.46,32431
DPR,2023-02-16,23.59,24.16,23.55,24.16,41200
DPR,2023-02-17,24.16,24.21,23.68,24.16,13900
DPR,2023-02-20,24.16,24.38,23.94,24.38,24821
DPR,2023-02-21,24.65,24.65,23.77,23.77,54200
DPR,2023-02-22,23.68,23.85,23.46,23.68,115929
DPR,2023-02-23,23.68,23.68,23.1,23.37,36506
DPR,2023-02-24,23.63,23.63,23.1,23.15,12015
DPR,2023-02-27,23.1,23.1,22.66,22.84,41124
DPR,2023-02-28,22.88,22.88,22.18,22.44,56965
DPR,2023-03-01,22.49,22.84,22.44,22.84,18700
DPR,2023-03-02,22.97,22.97,22.44,22.66,21000
DPR,2023-03-03,22.49,22.97,22.49,22.88,26800
DPR,2023-03-06,22.88,23.15,22.49,22.88,10410
DPR,2023-03-07,23.06,23.06,22.4,22.49,76500
DPR,2023-03-08,22.49,22.75,22.49,22.66,5800
DPR,2023-03-09,22.84,22.84,22.49,22.8,17820
DPR,2023-03-10,22.84,22.84,22.49,22.58,20800
DPR,2023-03-13,22.58,22.75,21.06,22.44,27710
DPR,2023-03-14,22.44,22.53,21.87,22.53,74125
DPR,2023-03-15,22.53,22.84,22.27,22.84,48900
DPR,2023-03-16,22.62,22.66,22.27,22.49,78240
DPR,2023-03-17,22.49,22.58,22.49,22.58,25007
DPR,2023-03-20,22.58,22.58,21.78,21.92,42731
DPR,2023-03-21,22.18,22.22,21.78,22.22,11202
DPR,2023-03-22,22.09,22.22,22.05,22.05,16210
DPR,2023-03-23,22.05,22.22,22.0,22.0,19300
DPR,2023-03-24,22.22,22.27,22.22,22.22,9300
DPR,2023-03-27,22.53,22.53,22.14,22.31,9021
DPR,2023-03-28,22.53,22.53,22.27,22.36,13877
DPR,2023-03-29,22.36,22.44,22.27,22.4,6550
DPR,2023-03-30,22.4,22.49,22.27,22.36,12302
DPR,2023-03-31,22.27,22.44,22.22,22.44,23200
DPR,2023-04-03,22.53,22.8,22.4,22.66,60703
DPR,2023-04-04,22.8,22.84,22.66,22.8,22100
DPR,2023-04-05,22.93,23.28,22.66,22.88,44200
DPR,2023-04-06,23.24,23.24,22.84,22.84,13500
DPR,2023-04-07,22.84,22.88,22.44,22.49,25162
DPR,2023-04-10,22.53,22.88,22.53,22.66,16010
DPR,2023-04-11,22.66,22.71,22.49,22.66,14276
DPR,2023-04-12,22.66,23.55,22.58,23.02,72504
DPR,2023-04-13,23.02,23.33,23.02,23.15,28807
DPR,2023-04-14,23.28,23.28,22.75,22.75,16701
DPR,2023-04-17,22.75,22.88,22.58,22.62,9700
DPR,2023-04-18,22.62,22.75,22.49,22.75,24306
DPR,2023-04-19,22.75,22.88,22.66,22.66,55300
DPR,2023-04-20,22.66,22.75,22.58,22.66,9900
DPR,2023-04-21,22.75,23.9,22.75,22.93,232210
DPR,2023-04-24,23.33,23.5,23.1,23.19,81118
DPR,2023-04-25,23.37,23.5,22.93,22.93,64900
DPR,2023-04-26,22.93,23.02,22.75,22.8,48100
DPR,2023-04-27,23.1,23.15,22.93,22.93,20600
DPR,2023-04-28,22.93,23.02,22.66,22.66,51200
DPR,2023-05-04,22.53,22.88,22.49,22.71,32401
DPR,2023-05-05,22.58,22.71,22.49,22.71,36028
DPR,2023-05-08,22.71,22.8,22.44,22.75,89924
DPR,2023-05-09,22.88,23.06,22.84,23.02,85466
DPR,2023-05-10,22.97,23.85,22.84,23.85,158302
DPR,2023-05-11,23.55,23.77,23.33,23.46,46400
DPR,2023-05-12,23.33,23.77,23.24,23.46,114200
DPR,2023-05-15,23.63,24.21,23.46,23.99,133508
DPR,2023-05-16,23.99,24.21,23.77,23.77,52757
DPR,2023-05-17,23.63,23.85,23.46,23.72,41718
DPR,2023-05-18,23.77,24.29,23.63,23.94,77100
DPR,2023-05-19,23.81,24.34,23.81,24.12,96702
DPR,2023-05-22,24.34,24.82,24.34,24.73,138309
DPR,2023-05-23,24.95,24.95,24.21,24.25,88068
DPR,2023-05-24,24.34,24.38,24.07,24.38,79685
DPR,2023-05-25,24.29,24.87,24.25,24.65,134224
DPR,2023-05-26,24.95,24.95,24.56,24.78,80611
DPR,2023-05-29,24.87,25.22,24.82,24.95,135146
DPR,2023-05-30,25.09,25.09,24.65,24.87,60402
DPR,2023-05-31,24.82,25.17,24.73,24.73,83716
DPR,2023-06-01,24.82,24.87,24.47,24.65,68807
DPR,2023-06-02,24.73,24.95,24.56,24.91,93954
DPR,2023-06-05,25.09,26.58,25.09,26.58,176403
DPR,2023-06-06,26.63,26.63,25.75,26.41,198452
DPR,2023-06-07,26.85,26.93,26.19,26.41,243215
DPR,2023-06-08,26.27,26.41,25.75,25.75,162146
DPR,2023-06-09,25.75,26.05,25.61,25.75,161245
DPR,2023-06-12,26.14,26.19,25.7,25.97,87872
DPR,2023-06-13,25.83,26.05,25.48,25.57,183541
DPR,2023-06-14,25.61,25.61,25.22,25.22,77570
DPR,2023-06-15,25.53,25.53,25.09,25.39,41200
DPR,2023-06-16,25.39,25.88,25.35,25.39,183701
DPR,2023-06-19,25.35,25.53,25.09,25.35,71155
DPR,2023-06-20,25.31,25.66,25.31,25.57,57500
DPR,2023-06-21,25.61,26.14,25.61,26.05,137531
DPR,2023-06-22,26.27,26.27,25.83,25.83,78781
DPR,2023-06-23,25.88,25.88,25.61,25.66,93600
DPR,2023-06-26,25.7,26.19,25.61,26.19,100629
DPR,2023-06-27,26.19,26.93,25.97,26.23,205420
DPR,2023-06-28,26.36,26.36,25.79,25.88,78656
DPR,2023-06-29,25.88,26.01,25.17,25.17,183050
DPR,2023-06-30,25.17,25.53,25.17,25.53,130018
DPR,2023-07-03,25.79,25.79,25.35,25.7,71550
DPR,2023-07-04,25.7,26.05,25.48,25.97,119736
DPR,2023-07-05,26.14,26.14,25.88,25.88,115744
DPR,2023-07-06,25.97,25.97,25.66,25.88,110438
DPR,2023-07-07,25.88,26.76,25.88,26.71,327530
DPR,2023-07-10,26.93,27.07,26.67,26.93,104284
DPR,2023-07-11,27.02,27.24,26.67,26.89,164619
DPR,2023-07-12,26.98,27.07,26.45,26.45,130052
DPR,2023-07-13,26.58,26.8,26.32,26.41,196826
DPR,2023-07-14,26.54,26.93,26.41,26.93,99354
DPR,2023-07-17,26.93,27.77,26.93,27.51,274445
DPR,2023-07-18,27.51,27.55,27.11,27.24,147723
DPR,2023-07-19,27.42,27.51,26.89,27.02,93159
DPR,2023-07-20,26.85,27.2,26.67,27.2,161107
DPR,2023-07-21,27.07,27.07,26.71,26.89,284712
DPR,2023-07-24,26.98,27.37,26.85,27.07,177001
DPR,2023-07-25,27.07,27.15,26.85,26.89,116204
DPR,2023-07-26,26.98,27.42,26.98,27.07,118850
DPR,2023-07-27,27.02,27.15,26.85,27.07,111551
DPR,2023-07-28,27.07,27.24,26.85,26.89,70804
DPR,2023-07-31,27.07,27.07,26.76,27.07,108402
DPR,2023-08-01,27.07,27.99,26.93,27.68,419344
DPR,2023-08-02,27.73,27.95,27.29,27.42,104563
DPR,2023-08-03,27.64,28.43,27.37,27.86,227855
DPR,2023-08-04,27.86,28.17,27.77,28.08,71400
DPR,2023-08-07,28.08,28.17,27.73,27.81,220253
DPR,2023-08-08,27.81,27.99,27.51,27.51,94039
DPR,2023-08-09,27.37,27.64,27.07,27.29,196002
DPR,2023-08-10,27.51,27.51,26.85,26.93,87224
DPR,2023-08-11,26.93,27.11,26.85,27.02,80600
DPR,2023-08-14,27.37,27.37,26.98,27.07,125480
DPR,2023-08-15,26.98,27.59,26.98,27.51,210760
DPR,2023-08-16,27.55,28.61,27.55,28.34,256662
DPR,2023-08-17,28.39,28.56,27.86,27.9,70174
DPR,2023-08-18,27.9,27.9,26.58,26.71,302719
DPR,2023-08-21,26.76,27.24,26.45,27.2,181525
DPR,2023-08-22,27.2,27.33,25.31,27.29,189994
DPR,2023-08-23,26.93,27.29,26.76,27.24,56665
DPR,2023-08-24,26.85,27.24,26.8,27.07,62410
DPR,2023-08-25,27.2,27.46,27.07,27.37,96730
DPR,2023-08-28,27.42,28.12,27.29,28.03,186608
DPR,2023-08-29,28.03,28.08,27.51,27.73,91016
DPR,2023-08-30,28.34,29.22,28.34,28.83,373578
DPR,2023-08-31,29.18,29.31,28.83,29.31,152168
DPR,2023-09-05,29.4,29.97,29.35,29.35,194488
DPR,2023-09-06,29.88,30.81,29.71,30.76,399788
DPR,2023-09-07,32.17,32.17,31.25,31.33,385460
DPR,2023-09-08,31.69,31.86,31.47,31.73,396319
DPR,2023-09-11,32.92,32.92,31.73,31.78,500323
DPR,2023-09-12,31.73,31.78,31.46,31.68,186042
DPR,2023-09-13,31.78,31.96,31.0,31.0,234581
DPR,2023-09-14,30.58,31.13,30.58,30.95,146974
DPR,2023-09-15,31.04,31.13,30.58,30.67,158840
DPR,2023-09-18,30.67,31.46,30.63,31.0,204050
DPR,2023-09-19,31.04,31.5,30.77,31.0,153985
DPR,2023-09-20,31.18,31.41,31.0,31.41,167544
DPR,2023-09-21,31.46,32.1,31.41,31.64,190142
DPR,2023-09-22,31.36,31.36,30.49,30.81,263550
DPR,2023-09-25,31.0,31.13,29.34,29.34,327481
DPR,2023-09-26,29.34,29.71,28.93,28.93,324502
DPR,2023-09-27,29.16,30.12,28.93,29.76,225535
DPR,2023-09-28,29.76,29.94,28.93,29.76,192281
DPR,2023-09-29,29.48,29.85,28.93,28.93,163155
DPR,2023-10-02,28.98,29.57,28.98,29.3,104707
DPR,2023-10-03,29.3,29.3,28.01,28.61,231007
DPR,2023-10-04,28.56,28.93,28.29,28.93,134012
DPR,2023-10-05,29.71,30.03,28.93,29.57,178452
DPR,2023-10-06,29.39,29.66,29.2,29.39,65576
DPR,2023-10-09,29.85,29.85,29.2,29.39,123356
DPR,2023-10-10,29.39,29.62,28.29,29.25,238426
DPR,2023-10-11,29.25,30.49,29.25,30.12,232332
DPR,2023-10-12,30.58,30.77,30.12,30.26,248009
DPR,2023-10-13,30.22,32.05,30.12,32.05,483153
DPR,2023-10-16,33.06,33.15,32.33,32.88,565768
DPR,2023-10-17,32.97,33.02,32.37,32.56,487876
DPR,2023-10-18,32.56,32.79,30.49,31.23,504790
DPR,2023-10-19,31.59,31.59,30.31,30.67,240649
DPR,2023-10-20,30.67,30.86,29.57,30.86,404116
DPR,2023-10-23,30.86,30.86,29.39,30.03,223706
DPR,2023-10-24,29.66,30.31,29.66,30.31,142130
DPR,2023-10-25,30.49,30.49,29.85,29.85,230801
DPR,2023-10-26,29.39,29.39,27.83,28.38,308448
DPR,2023-10-27,28.19,28.84,26.63,28.65,168300
DPR,2023-10-30,28.65,29.2,27.55,27.55,140504
DPR,2023-10-31,27.83,28.01,27.09,27.09,194700
DPR,2023-11-01,27.09,27.32,26.27,27.14,83897
DPR,2023-11-02,27.23,28.38,27.23,28.38,262016
DPR,2023-11-03,28.56,28.84,28.24,28.47,86330
DPR,2023-11-06,28.75,28.75,28.06,28.38,71326
DPR,2023-11-07,28.38,28.75,28.01,28.29,64940
DPR,2023-11-08,28.01,28.93,28.01,28.93,261815
DPR,2023-11-09,28.98,29.66,28.84,28.84,249900
DPR,2023-11-10,29.3,29.34,28.65,28.65,166428
DPR,2023-11-13,28.65,28.88,28.06,28.19,87297
DPR,2023-11-14,28.33,28.84,28.19,28.47,114300
DPR,2023-11-15,29.07,29.11,28.42,28.47,462715
DPR,2023-11-16,28.47,28.65,28.15,28.47,174394
DPR,2023-11-17,28.47,29.02,28.19,28.38,390604
DPR,2023-11-20,27.83,28.84,27.64,28.29,233544
DPR,2023-11-21,28.47,28.75,28.1,28.19,269076
DPR,2023-11-22,28.24,28.42,26.59,27.87,313069
DPR,2023-11-23,27.97,28.29,27.55,27.55,372720
DPR,2023-11-24,27.74,27.74,27.0,27.55,288346
DPR,2023-11-27,27.55,27.83,27.32,27.41,115175
DPR,2023-11-28,27.41,27.41,26.63,26.91,202358
DPR,2023-11-29,27.05,27.32,27.05,27.18,91792
DPR,2023-11-30,27.41,27.83,27.09,27.09,155181
DPR,2023-12-01,27.46,27.46,27.09,27.23,94110
DPR,2023-12-04,27.51,27.74,27.41,27.69,364835
DPR,2023-12-05,27.78,28.01,27.55,27.64,198901
DPR,2023-12-06,27.64,27.92,27.55,27.69,195828
DPR,2023-12-07,27.74,27.78,27.09,27.55,407465
DPR,2023-12-08,27.74,27.74,27.32,27.32,161960
DPR,2023-12-11,27.37,27.46,27.23,27.41,86459
DPR,2023-12-12,27.55,27.55,27.09,27.28,134901
DPR,2023-12-13,27.46,27.46,26.91,27.0,167860
DPR,2023-12-14,27.37,27.37,26.91,27.18,123303
DPR,2023-12-15,27.18,27.28,26.91,26.91,81401
DPR,2023-12-18,26.95,27.05,26.73,26.73,235024
DPR,2023-12-19,26.73,27.05,26.63,27.05,222223
DPR,2023-12-20,27.28,27.37,26.91,26.91,81242
DPR,2023-12-21,27.09,27.28,26.86,27.09,93326
DPR,2023-12-22,27.09,27.23,27.0,27.09,200673
DPR,2023-12-25,27.23,27.55,27.14,27.46,257860
DPR,2023-12-26,27.55,28.47,27.55,28.47,669275
DPR,2023-12-27,28.61,29.3,28.61,28.65,399930
DPR,2023-12-28,28.65,28.98,28.47,28.84,255543
DPR,2023-12-29,28.93,30.26,28.84,29.02,793980
DPR,2024-01-02,29.66,29.66,28.65,29.11,339345
DPR,2024-01-03,28.79,29.48,28.79,29.2,312543
DPR,2024-01-04,29.25,29.25,28.88,28.93,452327
DPR,2024-01-05,28.93,28.93,28.56,28.79,269845
DPR,2024-01-08,28.88,28.98,28.47,28.79,224259
DPR,2024-01-09,28.79,28.79,28.52,28.61,218841
DPR,2024-01-10,28.56,28.88,28.52,28.61,204864
DPR,2024-01-11,28.79,28.79,28.19,28.38,247350
DPR,2024-01-12,28.38,28.38,27.83,27.83,327786
DPR,2024-01-15,27.92,28.19,27.55,27.69,142401
DPR,2024-01-16,27.83,27.92,27.09,27.69,186749
DPR,2024-01-17,28.01,28.19,27.83,28.01,173620
DPR,2024-01-18,28.1,28.33,28.01,28.19,155881
DPR,2024-01-19,28.29,29.2,28.29,28.93,339963
DPR,2024-01-22,28.93,28.93,28.33,28.47,234597
DPR,2024-01-23,28.47,28.7,28.15,28.38,147738
DPR,2024-01-24,28.38,28.7,28.29,28.52,137010
DPR,2024-01-25,28.38,28.65,28.33,28.52,122807
DPR,2024-01-26,28.42,29.2,28.42,28.98,326427
DPR,2024-01-29,28.98,30.54,28.98,30.54,1228021
DPR,2024-01-30,30.35,31.32,30.22,31.09,710528
DPR,2024-01-31,31.13,31.13,30.22,30.26,743176
DPR,2024-02-01,30.26,31.68,30.26,31.59,839108
DPR,2024-02-02,31.27,31.5,30.86,31.04,815033
DPR,2024-02-05,31.04,31.68,31.04,31.18,624081
DPR,2024-02-06,31.13,31.96,31.13,31.55,408038
DPR,2024-02-07,31.64,31.82,31.32,31.55,435498
DPR,2024-02-15,31.78,32.14,30.77,31.18,891380
DPR,2024-02-16,31.36,32.42,31.32,32.1,889771
DPR,2024-02-19,32.33,32.88,31.96,32.01,1207075
DPR,2024-02-20,31.96,32.14,31.46,31.82,663238
DPR,2024-02-21,31.96,32.1,31.5,32.05,345619
DPR,2024-02-22,32.42,32.83,31.91,31.91,668664
DPR,2024-02-23,32.14,32.14,31.23,31.23,687962
DPR,2024-02-26,31.23,31.64,31.13,31.32,491742
DPR,2024-02-27,31.78,32.01,31.32,31.96,538929
DPR,2024-02-28,32.1,32.92,32.05,32.33,1157831
DPR,2024-02-29,32.56,32.6,31.78,31.96,554076
DPR,2024-03-01,32.01,32.47,31.87,32.33,591731
DPR,2024-03-04,32.79,32.79,32.05,32.14,631740
DPR,2024-03-05,32.05,32.14,31.59,31.78,396042
DPR,2024-03-06,31.87,32.1,31.46,31.55,386107
DPR,2024-03-07,31.59,31.59,31.18,31.32,643206
DPR,2024-03-08,31.5,31.87,31.0,31.32,503839
DPR,2024-03-11,31.36,32.69,31.36,31.78,913832
DPR,2024-03-12,31.78,33.98,31.78,33.98,3566284
DPR,2024-03-13,34.9,35.36,34.72,35.17,1746551
DPR,2024-03-14,35.27,37.06,35.17,36.23,2230315
DPR,2024-03-15,36.28,37.65,35.59,37.29,1952078
DPR,2024-03-18,37.61,37.61,34.72,36.28,2405494
DPR,2024-03-19,36.51,37.52,35.91,36.74,1221514
DPR,2024-03-20,36.74,36.78,36.0,36.46,652938
DPR,2024-03-21,36.74,37.56,36.46,37.15,979831
DPR,2024-03-22,37.2,37.2,36.37,36.55,1435807
DPR,2024-03-25,36.64,37.29,36.05,36.32,903507
DPR,2024-03-26,36.37,38.85,36.18,38.85,1844579
DPR,2024-03-27,39.49,39.86,38.89,39.86,915982
DPR,2024-03-28,40.04,40.04,38.99,39.49,687230
DPR,2024-03-29,39.49,39.95,38.94,39.12,867494
DPR,2024-04-01,38.94,39.45,38.48,38.99,987164
DPR,2024-04-02,38.94,40.55,38.57,40.36,1305219
DPR,2024-04-03,40.32,40.32,39.03,39.17,874082
DPR,2024-04-04,39.08,39.72,38.76,39.03,1030776
DPR,2024-04-05,38.53,38.94,36.32,36.32,1925515
DPR,2024-04-08,36.46,37.2,35.96,36.28,869420
DPR,2024-04-09,37.06,37.2,36.28,37.2,632692
DPR,2024-04-10,37.24,37.29,36.69,36.74,607016
DPR,2024-04-11,36.05,36.87,36.05,36.46,570579
DPR,2024-04-12,36.46,37.01,36.37,37.01,381556
DPR,2024-04-15,36.92,37.61,34.44,34.49,1311584
DPR,2024-04-16,34.49,34.94,33.34,34.94,903337
DPR,2024-04-17,34.94,35.04,33.52,33.52,697398
DPR,2024-04-19,32.88,33.98,32.24,32.69,811917
DPR,2024-04-22,34.9,34.9,33.06,33.52,474012
DPR,2024-04-23,33.75,33.75,32.79,32.88,435034
DPR,2024-04-24,33.06,34.72,33.06,34.62,745324
DPR,2024-04-25,34.58,34.72,33.89,34.16,360076
DPR,2024-04-26,33.84,34.62,33.84,34.16,396958
DPR,2024-05-02,34.62,35.4,34.53,35.13,752758
DPR,2024-05-03,35.36,35.59,35.13,35.45,469954
DPR,2024-05-06,35.63,36.64,35.45,36.0,585621
DPR,2024-05-07,36.05,36.55,35.91,36.14,461922
DPR,2024-05-08,36.0,36.92,35.45,36.46,540853
DPR,2024-05-09,36.74,37.47,35.91,36.09,705038
DPR,2024-05-10,36.28,36.69,35.63,36.69,562891
DPR,2024-05-13,37.2,37.2,36.28,36.69,534443
DPR,2024-05-14,36.69,37.47,36.46,36.87,507179
DPR,2024-05-15,36.97,37.56,36.83,37.38,666405
DPR,2024-05-16,37.7,38.02,37.2,37.38,590072
DPR,2024-05-17,37.65,38.21,37.2,37.61,653984
DPR,2024-05-20,38.07,38.07,37.56,37.65,582219
DPR,2024-05-21,37.84,37.84,36.74,37.29,740892
DPR,2024-05-22,37.61,37.93,37.06,37.2,834570
DPR,2024-05-23,37.1,37.65,36.46,37.65,745293
DPR,2024-05-24,37.29,38.76,37.1,38.02,1837486
DPR,2024-05-27,38.11,39.95,38.02,39.77,1849665
DPR,2024-05-28,40.04,40.23,39.45,39.95,787386
DPR,2024-05-29,40.27,41.33,39.31,39.31,1752062
DPR,2024-05-30,38.66,39.86,38.66,39.86,1209732
DPR,2024-05-31,39.9,40.04,39.03,39.03,960014
DPR,2024-06-03,39.26,39.49,39.03,39.26,710261
DPR,2024-06-04,39.31,40.27,39.26,39.95,879800
DPR,2024-06-05,40.41,40.55,39.4,39.4,933943
DPR,2024-06-06,39.49,39.49,38.71,39.12,631624
DPR,2024-06-07,39.26,39.54,39.08,39.45,488760
DPR,2024-06-10,39.63,42.2,39.63,42.2,2317057
DPR,2024-06-11,43.53,43.53,42.29,42.29,861916
DPR,2024-06-12,42.29,42.29,41.33,41.88,561138
DPR,2024-06-13,42.25,42.25,41.47,41.47,577595
DPR,2024-06-14,41.88,42.06,39.54,39.54,1082686
DPR,2024-06-17,39.67,40.27,39.54,39.77,722422
DPR,2024-06-18,39.86,40.68,39.86,40.36,503419
DPR,2024-06-19,40.32,41.51,40.13,40.78,488391
DPR,2024-06-20,40.96,41.19,39.72,39.77,651201
DPR,2024-06-21,39.49,40.23,39.49,39.72,408187
DPR,2024-06-24,40.09,40.18,37.65,37.75,1127227
DPR,2024-06-25,38.21,38.48,37.93,38.39,591951
DPR,2024-06-26,38.39,40.36,38.39,39.86,896614
DPR,2024-06-27,39.86,39.95,39.22,39.49,398244
DPR,2024-06-28,39.12,39.4,36.74,37.56,1079627
DPR,2024-07-01,38.07,38.57,37.24,38.3,508552
DPR,2024-07-02,38.3,38.62,38.3,38.53,163025
DPR,2024-07-03,38.57,39.67,38.53,39.35,755122
DPR,2024-07-04,39.45,40.04,39.31,39.77,503878
DPR,2024-07-05,39.86,40.09,39.31,39.63,329052
DPR,2024-07-08,40.04,40.59,39.77,40.55,616855
DPR,2024-07-09,40.87,41.79,40.78,41.14,863270
DPR,2024-07-10,41.47,41.47,40.32,40.32,659771
DPR,2024-07-11,40.41,40.68,39.95,40.13,533403
DPR,2024-07-12,40.0,41.42,39.72,40.82,824167
DPR,2024-07-15,41.24,41.33,40.87,40.96,374912
DPR,2024-07-16,40.87,41.79,40.68,40.87,564835
DPR,2024-07-17,40.91,41.1,38.11,38.85,711567
DPR,2024-07-18,38.89,39.63,38.57,39.63,438868
DPR,2024-07-19,39.72,39.86,38.71,39.03,367563
DPR,2024-07-22,39.03,39.77,38.66,38.76,498579
DPR,2024-07-23,38.76,39.22,37.65,37.65,624852
DPR,2024-07-24,37.2,38.43,36.74,37.93,759433
DPR,2024-07-25,38.02,38.71,37.79,38.11,214609
DPR,2024-07-26,38.11,38.66,38.11,38.57,259381
DPR,2024-07-29,39.03,39.03,38.48,38.76,210676
DPR,2024-07-30,38.57,38.85,38.25,38.43,293557
DPR,2024-07-31,38.85,38.85,37.29,37.29,418280
DPR,2024-08-01,37.33,37.65,35.73,36.55,816404
DPR,2024-08-02,35.73,37.2,35.73,36.74,260232
DPR,2024-08-05,35.82,36.6,34.9,34.9,608103
DPR,2024-08-06,35.36,35.82,34.21,35.82,286427
DPR,2024-08-07,36.0,36.46,35.54,36.41,143908
DPR,2024-08-08,36.41,36.41,35.77,35.96,148129
DPR,2024-08-09,36.41,36.6,35.96,36.37,202146
DPR,2024-08-12,36.37,36.97,36.37,36.97,98825
DPR,2024-08-13,36.97,37.01,36.41,36.55,195019
DPR,2024-08-14,36.55,36.97,36.46,36.55,121113
DPR,2024-08-15,36.32,36.6,35.91,35.91,175888
DPR,2024-08-16,35.91,37.38,35.91,37.38,340267
DPR,2024-08-19,37.7,38.02,37.29,37.56,246554
DPR,2024-08-20,37.93,38.02,37.38,37.79,319458
DPR,2024-08-21,37.84,38.07,37.65,37.93,219558
DPR,2024-08-22,38.07,38.16,37.65,37.75,208575
DPR,2024-08-23,37.75,37.88,37.2,37.56,267911
DPR,2024-08-26,38.02,38.02,37.47,37.47,182767
DPR,2024-08-27,37.47,37.88,37.47,37.84,180300
DPR,2024-08-28,38.07,39.49,38.07,39.12,936236
DPR,2024-08-29,39.45,39.49,38.76,38.76,272934
DPR,2024-08-30,39.22,39.26,38.57,38.76,186066
DPR,2024-09-04,38.11,38.39,37.56,37.75,396381
DPR,2024-09-05,37.84,38.21,37.29,37.33,317683
DPR,2024-09-06,37.33,37.84,36.83,37.52,231026
DPR,2024-09-09,37.7,37.79,37.01,37.75,113291
DPR,2024-09-10,37.84,37.93,37.2,37.29,295963
DPR,2024-09-11,37.29,37.84,37.15,37.61,214511
DPR,2024-09-12,38.07,38.07,37.56,37.61,164626
DPR,2024-09-13,37.61,37.84,37.29,37.52,159059
DPR,2024-09-16,37.61,38.16,37.42,37.42,646286
DPR,2024-09-17,37.47,38.02,37.2,38.02,379808
DPR,2024-09-18,38.43,39.17,38.3,38.43,1060598
DPR,2024-09-19,38.53,39.03,38.3,39.03,436127
DPR,2024-09-20,39.22,39.77,38.48,38.57,714562
DPR,2024-09-23,38.85,38.85,37.93,38.43,370754
DPR,2024-09-24,38.43,40.41,38.21,39.12,703109
DPR,2024-09-25,39.58,39.58,39.12,39.4,446794
DPR,2024-09-26,39.95,40.32,39.49,39.63,763539
DPR,2024-09-27,39.95,39.95,39.22,39.49,389383
DPR,2024-09-30,39.67,39.95,39.49,39.77,523966
DPR,2024-10-01,40.04,40.78,39.9,39.9,667914
DPR,2024-10-02,39.95,40.91,39.95,40.36,954933
DPR,2024-10-03,40.55,40.87,39.22,39.4,777885
DPR,2024-10-04,39.4,39.95,38.94,38.99,493224
DPR,2024-10-07,39.03,39.4,38.76,38.89,200619
DPR,2024-10-08,39.26,39.63,38.94,39.4,304576
DPR,2024-10-09,39.72,39.77,39.35,39.77,512893
DPR,2024-10-10,40.0,40.04,39.45,39.45,455639
DPR,2024-10-11,39.49,39.81,39.31,39.31,310530
DPR,2024-10-14,39.54,40.59,39.4,40.0,1328011
DPR,2024-10-15,40.36,40.36,39.4,39.45,550702
DPR,2024-10-16,39.22,39.54,38.62,38.94,531402
DPR,2024-10-17,39.08,39.22,38.43,39.12,587620
DPR,2024-10-18,39.12,39.67,38.89,38.89,732826
DPR,2024-10-21,38.94,38.94,37.8,37.85,528376
DPR,2024-10-22,37.75,37.94,36.18,36.8,625353
DPR,2024-10-23,36.66,37.13,36.66,37.04,345875
DPR,2024-10-24,37.27,37.32,36.66,36.7,278289
DPR,2024-10-25,36.75,36.8,36.61,36.7,283344
DPR,2024-10-28,36.7,36.94,36.18,36.51,364787
DPR,2024-10-29,36.51,37.04,36.51,36.85,185760
DPR,2024-10-30,37.13,37.13,36.8,36.85,218106
DPR,2024-10-31,37.13,37.13,36.66,36.8,174425
DPR,2024-11-01,36.61,36.89,36.56,36.61,223113
DPR,2024-11-04,36.61,36.61,36.18,36.28,488550
DPR,2024-11-05,36.37,36.47,36.23,36.37,96817
DPR,2024-11-06,36.42,37.7,36.42,37.27,516497
DPR,2024-11-07,37.37,37.61,36.89,36.89,79244
DPR,2024-11-08,36.89,37.23,36.89,37.08,213131
DPR,2024-11-11,37.13,37.8,36.85,37.47,312410
DPR,2024-11-12,37.42,37.8,37.13,37.13,191003
DPR,2024-11-13,37.04,37.08,36.32,36.7,255712
DPR,2024-11-14,36.56,36.75,36.23,36.23,209225
DPR,2024-11-15,36.18,36.23,35.37,35.56,520368
DPR,2024-11-18,35.51,35.7,35.13,35.51,162370
DPR,2024-11-19,35.28,35.66,35.23,35.23,169287
DPR,2024-11-20,35.23,35.85,34.99,35.42,158295
DPR,2024-11-21,35.94,35.94,35.51,35.66,102686
DPR,2024-11-22,35.7,35.75,35.42,35.51,175618
DPR,2024-11-25,35.7,35.89,35.56,35.56,254280
DPR,2024-11-26,35.75,36.04,35.7,35.75,112706
DPR,2024-11-27,35.75,35.85,35.51,35.7,103742
DPR,2024-11-28,35.89,36.42,35.75,36.37,262143
DPR,2024-11-29,36.42,36.66,36.18,36.18,153499
DPR,2024-12-02,36.23,36.51,36.08,36.18,170178
DPR,2024-12-03,36.18,36.37,35.99,36.23,242409
DPR,2024-12-04,36.23,36.23,35.8,35.8,112761
DPR,2024-12-05,35.8,36.61,35.8,36.47,388011
DPR,2024-12-06,36.51,37.32,36.51,37.04,817115
DPR,2024-12-09,36.94,37.32,36.85,36.94,439317
DPR,2024-12-10,36.94,37.32,36.51,36.66,316555
DPR,2024-12-11,36.61,37.04,36.61,36.61,172425
DPR,2024-12-12,36.61,37.32,36.61,37.13,472173
DPR,2024-12-13,37.13,37.13,36.75,36.75,174750
DPR,2024-12-16,36.75,36.94,36.23,36.56,212307
DPR,2024-12-17,36.56,36.66,36.28,36.47,127136
DPR,2024-12-18,36.47,36.75,36.23,36.75,201008
DPR,2024-12-19,36.28,36.66,36.08,36.13,458491
DPR,2024-12-20,36.13,36.37,36.13,36.18,171624
DPR,2024-12-23,36.18,36.61,36.18,36.37,145016
DPR,2024-12-24,36.61,36.85,36.37,36.85,330305
DPR,2024-12-25,37.04,37.23,36.75,36.89,288165
DPR,2024-12-26,36.89,37.13,36.8,36.99,190577
DPR,2024-12-27,36.99,37.23,36.85,36.99,284334
DPR,2024-12-30,36.99,36.99,36.56,36.85,214899
DPR,2024-12-31,36.89,36.99,36.85,36.94,183941
DPR,2025-01-02,37.04,37.13,36.75,36.75,102645
DPR,2025-01-03,36.66,36.94,36.23,36.56,232124
DPR,2025-01-06,36.37,36.56,35.42,35.85,309842
DPR,2025-01-07,35.85,35.99,35.23,35.23,230161
DPR,2025-01-08,35.23,35.51,35.18,35.42,160833
DPR,2025-01-09,35.47,35.66,35.23,35.28,68203
DPR,2025-01-10,35.56,35.56,35.04,35.04,155100
DPR,2025-01-13,35.13,35.23,35.04,35.04,106800
DPR,2025-01-14,35.08,35.61,35.08,35.32,141152
DPR,2025-01-15,35.42,35.7,35.32,35.47,87150
DPR,2025-01-16,35.7,35.8,35.51,35.61,68700
DPR,2025-01-17,36.56,36.99,36.37,36.85,522607
DPR,2025-01-20,37.18,38.08,37.13,37.42,655792
DPR,2025-01-21,37.61,37.61,36.85,36.94,310967
DPR,2025-01-22,36.99,37.32,36.94,36.99,207123
DPR,2025-01-23,37.04,39.56,37.04,38.99,1518314
DPR,2025-01-24,38.99,39.61,38.85,39.23,528625
DPR,2025-02-03,39.23,40.08,38.27,38.89,947237
DPR,2025-02-04,39.04,39.61,38.99,39.51,581962
DPR,2025-02-05,39.51,39.8,38.94,39.61,808107
DPR,2025-02-06,39.8,39.94,39.18,39.61,455019
DPR,2025-02-07,39.8,40.65,39.42,39.51,983399
DPR,2025-02-10,39.42,39.46,38.89,38.94,505307
DPR,2025-02-11,38.99,39.04,38.32,38.94,596141
DPR,2025-02-12,39.13,40.04,38.89,39.13,775207
DPR,2025-02-13,39.61,41.61,39.13,41.27,1716896
DPR,2025-02-14,41.8,42.23,41.32,41.65,1055721
DPR,2025-02-17,42.08,43.99,42.08,42.94,2044941
DPR,2025-02-18,42.94,43.42,42.42,43.42,659505
DPR,2025-02-19,43.56,43.56,42.46,42.8,880443
DPR,2025-02-20,42.84,45.42,42.8,43.75,2418748
DPR,2025-02-21,43.8,44.46,43.37,44.37,807103
DPR,2025-02-24,44.37,45.32,44.27,44.94,1023196
DPR,2025-02-25,45.22,45.22,44.18,44.56,1215632
DPR,2025-02-26,44.75,45.61,44.56,44.56,1316152
DPR,2025-02-27,44.46,45.22,43.8,44.56,1274893
DPR,2025-02-28,44.84,45.46,44.56,45.13,1342469
DPR,2025-03-03,45.42,45.42,44.56,45.37,572619
DPR,2025-03-04,45.32,46.65,44.84,45.08,1695469
DPR,2025-03-05,45.08,45.08,44.18,44.18,843355
DPR,2025-03-06,44.56,45.61,44.23,45.18,1092023
DPR,2025-03-07,45.32,45.46,44.89,45.27,686288
DPR,2025-03-10,45.27,45.7,44.75,45.22,792359
DPR,2025-03-11,44.8,46.37,44.56,45.61,1167585
DPR,2025-03-12,45.8,46.08,45.03,45.37,532175
DPR,2025-03-13,45.37,45.8,44.37,45.18,1199832
DPR,2025-03-14,45.13,46.56,44.65,44.65,1365153
DPR,2025-03-17,44.75,44.94,43.32,43.42,1361365
DPR,2025-03-18,43.61,44.18,43.46,43.84,643057
DPR,2025-03-19,43.84,45.22,43.56,44.7,1118377
DPR,2025-03-20,44.7,44.8,44.03,44.65,479190
DPR,2025-03-21,44.75,45.42,44.61,45.03,470398
DPR,2025-03-24,45.22,45.27,44.37,44.94,524838
DPR,2025-03-25,44.99,48.08,44.99,48.08,2966116
DPR,2025-03-26,48.27,49.99,47.99,49.99,1595586
DPR,2025-03-27,49.89,50.56,49.32,49.99,977654
DPR,2025-03-28,49.99,50.37,49.03,49.79,682174
DPR,2025-03-31,49.13,49.13,46.32,46.32,2136703
DPR,2025-04-01,45.99,46.27,43.8,44.75,2546848
DPR,2025-04-02,44.75,45.13,44.08,44.18,655134
DPR,2025-04-03,41.13,41.13,41.13,41.13,691025
DPR,2025-04-04,38.27,38.27,38.27,38.27,556713
DPR,2025-04-08,35.61,35.61,35.61,35.61,497927
DPR,2025-04-09,33.13,33.13,33.13,33.13,201673
DPR,2025-04-10,35.42,35.42,35.42,35.42,865631
DPR,2025-04-11,34.28,36.18,32.94,35.99,4175452
DPR,2025-04-14,37.99,37.99,35.23,35.8,1304407
DPR,2025-04-15,35.7,35.7,33.32,33.32,2378484
DPR,2025-04-16,33.61,34.42,32.99,33.18,895978
DPR,2025-04-17,32.94,33.66,32.9,33.23,632102
DPR,2025-04-18,34.37,34.89,33.8,33.94,1107096
DPR,2025-04-21,34.18,35.47,34.18,34.75,1098861
DPR,2025-04-22,34.66,34.7,32.32,32.99,1655335
DPR,2025-04-23,33.61,34.61,33.32,34.09,646074
DPR,2025-04-24,34.37,35.56,34.37,34.8,856186
DPR,2025-04-25,34.94,35.13,33.8,34.28,695956
DPR,2025-04-28,34.37,34.37,33.18,33.23,823045
DPR,2025-04-29,33.61,33.8,33.32,33.47,375384
DPR,2025-05-05,34.13,34.75,33.56,34.51,491821
DPR,2025-05-06,34.75,35.08,34.51,34.51,666273
DPR,2025-05-07,34.47,35.7,34.37,35.28,907084
DPR,2025-05-08,35.75,37.42,35.56,36.61,1204284
DPR,2025-05-09,36.66,36.66,35.32,35.32,781038
DPR,2025-05-12,35.56,36.37,35.42,36.37,1062647
DPR,2025-05-13,37.23,37.42,36.66,36.99,873398
DPR,2025-05-14,37.04,37.08,36.32,36.47,957564
DPR,2025-05-15,36.66,36.94,35.99,36.51,655375
DPR,2025-05-16,36.66,37.42,36.28,36.75,697147
DPR,2025-05-19,36.7,36.7,35.99,36.08,534678
DPR,2025-05-20,36.42,36.61,35.85,36.42,422358
DPR,2025-05-21,36.61,36.61,35.7,35.8,567921
DPR,2025-05-22,35.85,36.08,35.18,35.23,607355
DPR,2025-05-23,35.28,35.32,34.75,34.94,446169
DPR,2025-05-26,35.23,37.37,34.28,37.37,1408133
DPR,2025-05-27,38.08,38.08,37.42,37.47,937852
DPR,2025-05-28,37.61,38.08,37.13,37.13,897297
DPR,2025-05-29,37.89,38.94,37.42,37.61,1128233
DPR,2025-05-30,37.61,37.89,36.56,36.56,541175
DPR,2025-06-02,36.18,36.66,35.66,36.08,812541
DPR,2025-06-03,36.85,36.85,36.28,36.61,419723
DPR,2025-06-04,36.75,37.32,36.61,36.75,493343
DPR,2025-06-05,36.89,37.7,36.75,37.37,1148585
DPR,2025-06-06,37.61,37.7,36.75,36.75,638292
DPR,2025-06-09,36.75,37.42,36.28,36.42,520098
DPR,2025-06-10,36.42,36.7,36.28,36.28,325435
DPR,2025-06-11,36.28,36.61,36.18,36.32,339992
DPR,2025-06-12,36.42,37.04,36.37,36.56,648700
DPR,2025-06-13,36.51,36.51,35.28,35.66,1129714
DPR,2025-06-16,35.18,35.99,35.18,35.99,459794
DPR,2025-06-17,36.28,36.75,36.28,36.56,587196
DPR,2025-06-18,36.47,37.27,36.47,36.7,906268
DPR,2025-06-19,36.99,38.27,36.94,37.99,1939626
DPR,2025-06-20,37.99,37.99,37.13,37.18,689608
DPR,2025-06-23,37.13,38.7,36.8,37.99,1713696
DPR,2025-06-24,38.42,38.46,37.66,37.7,1039260
DPR,2025-06-25,37.8,40.32,37.8,39.56,2950535
DPR,2025-06-26,39.8,39.99,39.04,39.75,843812
DPR,2025-06-27,39.99,40.23,39.18,39.51,1251398
DPR,2025-06-30,40.08,40.08,39.13,39.18,1049419
DPR,2025-07-01,39.23,39.8,38.23,38.89,1645690
DPR,2025-07-02,39.04,40.89,39.04,39.89,2373101
DPR,2025-07-03,39.32,39.61,37.8,38.08,1939632
DPR,2025-07-04,38.56,38.56,37.42,37.56,1429513
DPR,2025-07-07,38.23,38.42,37.7,38.18,695907
DPR,2025-07-08,38.85,39.13,38.32,38.85,911194
DPR,2025-07-09,38.99,39.04,38.37,38.46,963339
DPR,2025-07-10,38.46,38.99,38.27,38.7,776588
DPR,2025-07-11,38.66,38.85,38.08,38.23,862110
DPR,2025-07-14,38.23,38.99,37.75,38.66,838495
DPR,2025-07-15,38.8,38.8,38.08,38.08,924494
DPR,2025-07-16,37.94,38.32,37.94,38.04,677584
DPR,2025-07-17,38.08,38.8,38.08,38.27,811739
DPR,2025-07-18,38.56,39.42,38.51,38.94,1773526
DPR,2025-07-21,39.08,40.37,39.08,40.27,2089614
DPR,2025-07-22,40.18,40.65,39.7,40.13,810234
DPR,2025-07-23,40.37,40.46,39.51,40.46,1270713
DPR,2025-07-24,40.61,41.32,40.18,40.65,1250905
DPR,2025-07-25,40.75,40.85,39.61,39.61,1321015
DPR,2025-07-28,40.08,40.37,39.37,39.8,1532671
DPR,2025-07-29,39.89,40.18,37.04,37.23,2527531
DPR,2025-07-30,37.56,37.99,37.18,37.7,879235
DPR,2025-07-31,38.27,38.94,37.89,38.32,817448
DPR,2025-08-01,38.32,38.32,37.51,37.75,904793
DPR,2025-08-04,37.51,37.99,37.51,37.99,389062
DPR,2025-08-05,38.27,38.61,36.85,37.13,1350628
DPR,2025-08-06,37.37,38.42,37.37,38.42,706091
DPR,2025-08-07,38.89,39.42,38.46,38.99,745987
DPR,2025-08-08,39.32,39.56,38.56,39.23,1054867
DPR,2025-08-11,39.8,40.61,39.42,40.27,1551697
DPR,2025-08-12,40.51,40.61,39.65,39.99,1046266
DPR,2025-08-13,40.42,40.94,40.04,40.46,1485381
DPR,2025-08-14,40.46,40.89,39.89,40.13,879860
DPR,2025-08-15,40.18,40.42,39.04,39.04,1323632
DPR,2025-08-18,39.61,40.51,39.56,40.27,791398
DPR,2025-08-19,40.42,40.42,39.7,39.75,908176
DPR,2025-08-20,39.75,39.8,38.3,38.85,1258874
DPR,2025-08-21,38.85,38.9,37.9,37.9,757362
DPR,2025-08-22,37.6,38.05,36.65,36.7,842773
DPR,2025-08-25,37.1,37.2,36.15,36.15,555442
DPR,2025-08-26,36.1,36.75,36.1,36.65,703563
DPR,2025-08-27,36.8,37.2,36.65,36.9,456740
DPR,2025-08-28,37.2,37.5,37.1,37.35,343906
DPR,2025-08-29,37.45,37.6,37.2,37.3,508519
DPR,2025-09-03,37.3,37.75,37.25,37.75,235499
DPR,2025-09-04,37.9,38.25,37.85,38.1,316400
DPR,2025-09-05,38.2,38.75,37.9,37.9,588900
DPR,2025-09-08,37.55,37.85,37.1,37.1,602000
DPR,2025-09-09,37.2,37.35,37.0,37.25,312800
DPR,2025-09-10,37.4,37.6,37.2,37.35,162000
DPR,2025-09-11,37.35,37.55,36.8,37.5,316800
DPR,2025-09-12,37.5,39.7,37.5,39.3,1357200
DPR,2025-09-15,39.45,39.5,39.0,39.25,576200
DPR,2025-09-16,39.4,39.4,38.7,39.15,516400
DPR,2025-09-17,39.25,39.25,38.45,38.55,420100
DPR,2025-09-18,38.65,38.65,37.95,38.4,226000
DPR,2025-09-19,38.6,38.6,38.1,38.4,216900
DPR,2025-09-22,38.4,38.95,38.3,38.8,756300
DPR,2025-09-23,38.8,39.2,38.5,38.7,242100
DPR,2025-09-24,38.9,38.9,38.6,38.65,170900
DPR,2025-09-25,38.8,39.35,38.8,38.95,302500
DPR,2025-09-26,38.95,39.05,38.5,38.5,461700
DPR,2025-09-29,38.5,38.5,37.85,38.2,428400
DPR,2025-09-30,38.25,38.5,37.1,37.55,463300
DPR,2025-10-01,37.8,37.95,37.4,37.6,215100
DPR,2025-10-02,37.65,37.65,37.2,37.2,208600
DPR,2025-10-03,37.35,37.4,36.65,36.65,414200
DPR,2025-10-06,36.65,37.25,36.65,37.0,244100
DPR,2025-10-07,37.55,37.55,37.0,37.0,222000
DPR,2025-10-08,37.35,37.4,36.9,37.1,197000
DPR,2025-10-09,37.1,37.75,37.0,37.5,385800
DPR,2025-10-10,37.55,37.7,37.0,37.3,368700
DPR,2025-10-13,37.1,37.9,36.65,37.7,378200
DPR,2025-10-14,37.7,37.7,36.85,36.85,477100
DPR,2025-10-15,37.05,37.05,36.55,36.7,288200
DPR,2025-10-16,37.2,37.2,36.35,36.5,347700
DPR,2025-10-17,36.5,36.55,36.05,36.05,290400
DPR,2025-10-20,35.85,36.4,33.6,33.6,536700
DPR,2025-10-21,34.9,35.5,34.2,35.5,534600
DPR,2025-10-22,35.5,36.1,35.2,36.1,213600
DPR,2025-10-23,36.5,36.7,36.3,36.55,227900
DPR,2025-10-24,36.8,37.2,36.3,37.1,402700
DPR,2025-10-27,37.25,37.9,37.2,37.6,390100
DPR,2025-10-28,37.5,37.5,36.0,37.45,385700
DPR,2025-10-29,38.2,39.0,37.8,38.8,1390800
DPR,2025-10-30,38.9,39.3,38.45,38.8,650900
DPR,2025-10-31,38.9,39.6,38.5,39.05,1153000
DPR,2025-11-03,39.05,39.6,38.8,38.95,963400
DPR,2025-11-04,39.0,39.0,37.15,38.85,1043900
DPR,2025-11-05,38.8,38.8,37.9,38.05,443000
DPR,2025-11-06,38.45,38.75,37.6,37.7,365900
DPR,2025-11-07,37.7,38.0,36.5,36.7,1151700
DPR,2025-11-10,36.7,37.0,36.05,36.3,349800
DPR,2025-11-11,36.55,36.95,36.1,36.95,328900
DPR,2025-11-12,37.05,37.75,37.05,37.65,398700
DPR,2025-11-13,37.8,38.8,37.7,38.4,740200
DPR,2025-11-14,38.35,38.4,37.85,38.0,343100
DPR,2025-11-17,37.9,39.2,37.9,38.9,979900
DPR,2025-11-18,39.1,39.45,38.55,38.8,560800
DPR,2025-11-19,38.8,39.5,38.3,38.55,692600
DPR,2025-11-20,38.55,39.0,37.9,38.2,340000
DPR,2025-11-21,38.1,39.0,37.5,38.3,504200
DPR,2025-11-24,38.45,38.6,38.25,38.45,265300
DPR,2025-11-25,38.45,39.2,38.0,38.3,794800
DPR,2025-11-26,38.5,38.7,38.3,38.7,158500
DPR,2025-11-27,38.7,39.95,38.6,39.75,1992600
DPR,2025-11-28,39.95,39.95,38.95,38.95,827300
DPR,2025-12-01,39.4,39.4,38.0,38.0,603900
DPR,2025-12-02,38.05,38.5,37.8,38.45,572100
DPR,2025-12-03,38.4,38.8,38.15,38.65,494100
DPR,2025-12-04,38.8,39.25,38.35,38.55,635600
DPR,2025-12-05,38.55,38.55,38.1,38.1,341700
DPR,2025-12-08,38.1,38.2,37.55,37.55,580900
DPR,2025-12-09,37.55,37.6,36.95,37.2,569200
DPR,2025-12-10,37.2,37.75,37.05,37.65,230600
DPR,2025-12-11,37.7,37.75,37.35,37.55,146200
DPR,2025-12-12,37.55,37.65,35.05,36.2,575100
DPR,2025-12-15,36.2,36.75,36.2,36.35,245400
DPR,2025-12-16,36.4,37.25,36.3,37.25,258200
DPR,2025-12-17,37.25,37.7,37.1,37.15,213300
DPR,2025-12-18,37.15,37.2,36.85,36.9,141000
DPR,2025-12-19,37.0,37.0,36.75,36.8,163500
DPR,2025-12-22,36.8,37.4,36.8,37.3,233600
DPR,2025-12-23,37.15,37.4,37.05,37.25,214300
DPR,2025-12-24,37.25,37.45,36.95,37.0,195900
DPR,2025-12-25,37.1,37.1,36.9,36.9,202400
DPR,2025-12-26,36.9,37.4,36.45,37.0,395900
DPR,2025-12-29,37.05,37.75,37.05,37.5,327200
DPR,2025-12-30,37.6,39.6,37.6,38.35,938600
DPR,2025-12-31,38.35,38.4,37.9,38.0,121100
