TCç&°@w eU*˚ªÓ°(≈€2ÿé¬ü≠j!∆Á“˝ticker,trading_date,open,high,low,close,volume
VMC,2007-03-01,17.6,17.6,16.43,17.0,62500
VMC,2007-03-02,17.21,18.14,17.0,17.0,53800
VMC,2007-03-05,18.28,18.57,17.71,17.86,78500
VMC,2007-03-06,19.68,19.68,18.01,18.71,16900
VMC,2007-03-07,19.28,20.5,18.57,19.0,27100
VMC,2007-03-08,19.14,19.28,18.57,18.86,26400
VMC,2007-03-09,19.28,19.28,17.86,18.54,21100
VMC,2007-03-12,18.57,18.57,17.58,17.86,15300
VMC,2007-03-13,17.86,17.86,17.14,17.14,5000
VMC,2007-03-14,15.71,17.36,15.71,17.14,14400
VMC,2007-03-15,15.03,15.03,15.03,15.03,5000
VMC,2007-03-16,15.03,16.53,14.71,16.53,11400
VMC,2007-03-19,17.76,17.78,16.17,17.14,27900
VMC,2007-03-20,17.28,17.28,15.71,16.71,10600
VMC,2007-03-21,15.71,16.43,15.0,15.71,11900
VMC,2007-03-22,15.73,15.73,14.64,14.64,11900
VMC,2007-03-23,14.0,15.0,14.0,15.0,9400
VMC,2007-03-26,14.14,14.14,13.28,15.0,12900
VMC,2007-03-27,12.86,12.86,12.43,15.0,6000
VMC,2007-03-28,11.44,13.83,11.33,13.83,13400
VMC,2007-03-29,13.14,13.56,13.14,13.56,13500
VMC,2007-03-30,14.86,14.87,12.86,13.56,35800
VMC,2007-04-02,12.68,13.57,12.68,13.57,9400
VMC,2007-04-03,12.83,13.0,12.14,13.0,7900
VMC,2007-04-04,13.14,13.68,13.14,13.28,4800
VMC,2007-04-05,13.71,14.64,12.87,13.14,7000
VMC,2007-04-06,13.43,13.43,12.86,13.28,25900
VMC,2007-04-09,13.57,13.71,13.28,13.57,16100
VMC,2007-04-10,13.43,13.57,13.43,13.57,15000
VMC,2007-04-11,13.57,13.58,13.3,13.36,15700
VMC,2007-04-12,13.28,13.28,13.14,13.21,14500
VMC,2007-04-13,12.86,13.07,12.71,12.71,19300
VMC,2007-04-16,12.97,12.97,11.66,12.0,14300
VMC,2007-04-17,12.0,12.0,10.9,11.47,28100
VMC,2007-04-18,11.28,12.36,10.86,12.36,21200
VMC,2007-04-19,12.28,12.28,11.14,11.31,9100
VMC,2007-04-20,11.86,11.86,10.8,11.14,8300
VMC,2007-04-23,10.71,11.1,10.0,10.21,11700
VMC,2007-04-24,10.0,10.21,10.0,10.21,15600
VMC,2007-04-25,10.29,10.64,10.29,10.51,8000
VMC,2007-05-02,10.29,10.43,10.0,10.14,10700
VMC,2007-05-03,10.2,10.29,9.93,9.93,7800
VMC,2007-05-04,10.0,10.0,9.74,9.86,9800
VMC,2007-05-07,10.0,10.57,10.0,10.5,8300
VMC,2007-05-08,11.0,11.34,10.37,10.7,12700
VMC,2007-05-09,11.0,11.0,10.43,10.43,11400
VMC,2007-05-10,10.36,10.36,10.07,10.36,4100
VMC,2007-05-11,10.29,10.5,10.29,10.5,2300
VMC,2007-05-14,10.71,10.71,10.64,10.71,4300
VMC,2007-05-15,10.71,10.71,10.43,10.49,6300
VMC,2007-05-16,10.5,10.5,10.29,10.29,5900
VMC,2007-05-17,10.29,10.43,10.0,10.43,8000
VMC,2007-05-18,10.31,10.5,10.29,10.43,4100
VMC,2007-05-21,10.43,11.44,10.43,11.44,14600
VMC,2007-05-22,12.14,12.23,12.14,12.23,12500
VMC,2007-05-23,13.43,13.43,12.2,12.2,30800
VMC,2007-05-24,12.14,12.14,11.51,11.51,4200
VMC,2007-05-25,11.28,12.43,11.28,12.28,6400
VMC,2007-05-28,11.71,12.43,11.71,11.71,30500
VMC,2007-05-29,11.8,11.86,11.57,11.78,14300
VMC,2007-05-30,11.43,11.57,11.37,11.43,10300
VMC,2007-05-31,11.71,12.0,11.64,11.86,11000
VMC,2007-06-01,12.0,12.0,11.5,11.51,5200
VMC,2007-06-04,11.57,11.63,11.38,11.44,7500
VMC,2007-06-05,11.43,11.43,11.14,11.21,6600
VMC,2007-06-06,11.43,11.56,11.36,11.5,5400
VMC,2007-06-07,11.43,12.57,10.29,11.48,19100
VMC,2007-06-08,11.64,11.66,11.36,11.43,7500
VMC,2007-06-11,11.44,11.44,11.28,11.28,6600
VMC,2007-06-12,11.57,11.57,11.37,11.47,11100
VMC,2007-06-13,11.43,11.44,11.17,11.43,11000
VMC,2007-06-14,11.43,11.43,11.14,11.17,6000
VMC,2007-06-15,11.21,11.43,11.21,11.28,5200
VMC,2007-06-18,11.28,11.28,11.14,11.14,3400
VMC,2007-06-19,11.0,11.04,10.86,11.04,2100
VMC,2007-06-20,11.14,11.14,11.14,11.14,400
VMC,2007-06-21,11.0,11.0,10.59,10.64,7100
VMC,2007-06-22,10.57,10.71,10.57,10.71,8000
VMC,2007-06-25,10.64,10.64,10.29,10.36,2800
VMC,2007-06-26,10.57,10.71,10.43,10.71,2500
VMC,2007-06-27,7.0,7.14,7.0,10.63,5200
VMC,2007-06-28,10.79,10.79,10.3,10.3,2500
VMC,2007-06-29,6.71,6.71,6.57,10.13,10300
VMC,2007-07-02,6.43,6.43,6.0,9.14,2200
VMC,2007-07-03,6.14,6.29,5.86,9.5,7200
VMC,2007-07-04,6.57,6.71,6.57,10.14,3500
VMC,2007-07-05,6.57,6.57,6.14,9.57,6800
VMC,2007-07-06,6.57,6.57,6.43,9.86,500
VMC,2007-07-09,6.57,6.86,6.57,9.96,2600
VMC,2007-07-10,6.57,6.57,6.43,10.0,8100
VMC,2007-07-11,6.57,6.71,6.43,9.93,12600
VMC,2007-07-12,6.71,6.71,6.71,10.14,500
VMC,2007-07-13,6.57,6.57,6.57,10.07,6000
VMC,2007-07-16,6.43,6.57,6.43,9.93,700
VMC,2007-07-17,6.43,6.57,6.43,9.93,3300
VMC,2007-07-18,6.43,6.57,6.29,9.5,5100
VMC,2007-07-19,6.43,6.43,6.29,9.64,8500
VMC,2007-07-20,6.43,6.43,6.43,9.71,1900
VMC,2007-07-23,6.43,6.57,6.43,9.99,2200
VMC,2007-07-24,6.43,6.43,6.29,9.57,1900
VMC,2007-07-25,6.43,9.71,9.71,9.71,0
VMC,2007-07-26,6.14,6.29,6.14,9.57,1100
VMC,2007-07-27,6.14,6.14,6.14,9.43,2000
VMC,2007-07-30,6.0,6.0,5.86,8.86,2100
VMC,2007-07-31,6.0,6.0,5.57,8.56,6000
VMC,2007-08-01,6.0,6.0,5.86,8.86,5400
VMC,2007-08-02,6.14,6.14,5.86,8.86,1200
VMC,2007-08-03,5.71,5.71,5.71,8.71,1000
VMC,2007-08-06,5.57,5.71,5.57,8.57,3900
VMC,2007-08-07,5.57,5.57,5.57,8.43,1000
VMC,2007-08-08,5.57,5.71,5.57,8.57,2000
VMC,2007-08-09,5.71,5.71,5.57,8.43,3200
VMC,2007-08-10,5.57,5.57,5.57,8.43,2700
VMC,2007-08-13,5.57,8.44,8.44,8.44,0
VMC,2007-08-14,5.57,5.57,5.57,8.36,3000
VMC,2007-08-15,5.57,5.57,5.43,8.29,800
VMC,2007-08-16,5.29,5.43,5.29,8.3,3500
VMC,2007-08-17,5.0,5.14,5.0,7.71,8700
VMC,2007-08-20,4.71,5.0,4.71,7.57,1600
VMC,2007-08-21,4.86,5.14,4.86,7.5,6000
VMC,2007-08-22,4.86,4.86,4.86,7.43,5400
VMC,2007-08-23,4.86,4.86,4.86,7.43,4800
VMC,2007-08-24,5.0,5.0,4.86,7.43,500
VMC,2007-08-27,5.29,5.29,5.0,7.64,700
VMC,2007-08-28,5.0,5.14,5.0,7.7,1700
VMC,2007-08-29,5.29,5.29,5.14,8.0,1200
VMC,2007-08-30,5.29,7.97,7.97,7.97,0
VMC,2007-08-31,5.71,5.71,5.71,8.71,1000
VMC,2007-09-04,5.29,5.57,5.29,8.43,1700
VMC,2007-09-05,5.71,5.71,5.29,8.14,4000
VMC,2007-09-06,5.43,5.43,5.43,8.14,3700
VMC,2007-09-07,5.57,5.71,5.43,8.14,5200
VMC,2007-09-10,8.14,8.43,8.14,8.43,2400
VMC,2007-09-11,5.43,5.43,5.43,8.29,1900
VMC,2007-09-12,8.29,8.86,8.29,8.64,13600
VMC,2007-09-13,9.0,9.0,8.57,8.64,9000
VMC,2007-09-14,8.71,8.71,8.0,8.0,7400
VMC,2007-09-17,8.57,8.57,8.43,8.43,7000
VMC,2007-09-18,8.5,8.57,8.47,8.57,10300
VMC,2007-09-19,8.93,9.37,8.93,9.29,17900
VMC,2007-09-20,9.71,10.0,9.37,9.43,24700
VMC,2007-09-21,9.57,9.6,9.0,9.07,11300
VMC,2007-09-24,9.07,9.43,9.07,9.36,12400
VMC,2007-09-25,10.21,10.21,10.21,10.21,16500
VMC,2007-09-26,11.23,11.23,11.23,11.23,12500
VMC,2007-09-27,12.34,12.34,10.79,11.28,70100
VMC,2007-09-28,11.71,12.14,11.71,11.93,35900
VMC,2007-10-01,12.86,13.13,12.0,13.13,58600
VMC,2007-10-02,13.71,14.0,12.86,12.93,39500
VMC,2007-10-03,13.07,13.07,12.0,12.71,29000
VMC,2007-10-04,12.86,12.86,12.5,12.64,77200
VMC,2007-10-05,12.86,13.0,12.43,12.71,55500
VMC,2007-10-08,13.71,13.71,12.57,12.83,54500
VMC,2007-10-09,12.86,12.86,12.28,12.68,34600
VMC,2007-10-10,12.64,13.57,12.46,13.28,100500
VMC,2007-10-11,9.44,9.44,9.44,9.44,9100
VMC,2007-10-12,10.39,10.39,10.39,10.39,13900
VMC,2007-10-15,11.41,11.41,10.86,11.41,131100
VMC,2007-10-16,12.36,12.41,11.57,11.86,85500
VMC,2007-10-17,12.14,12.14,10.71,10.79,30800
VMC,2007-10-18,10.07,10.54,10.07,10.17,34100
VMC,2007-10-19,10.5,11.18,10.41,11.18,27500
VMC,2007-10-22,11.41,11.41,10.14,11.0,47100
VMC,2007-10-23,11.43,11.43,10.29,10.84,22800
VMC,2007-10-24,10.71,11.87,10.71,11.87,82200
VMC,2007-10-25,12.53,12.53,12.53,12.53,47600
VMC,2007-10-26,13.77,13.77,13.77,13.77,92600
VMC,2007-10-29,15.14,15.14,12.43,13.57,136500
VMC,2007-10-30,14.28,14.28,13.14,13.21,82700
VMC,2007-10-31,12.57,12.71,12.17,12.64,31000
VMC,2007-11-01,12.86,13.76,12.53,13.76,39000
VMC,2007-11-02,15.08,15.08,14.0,15.08,224800
VMC,2007-11-05,15.71,15.71,14.0,14.7,69100
VMC,2007-11-06,14.28,14.57,13.57,13.86,43400
VMC,2007-11-07,14.0,15.0,14.0,14.28,52400
VMC,2007-11-08,14.0,14.0,13.64,13.67,22400
VMC,2007-11-09,12.71,12.86,12.4,12.78,70400
VMC,2007-11-12,12.08,12.43,11.73,12.0,46800
VMC,2007-11-13,11.71,11.71,10.94,11.07,69600
VMC,2007-11-14,11.28,12.21,11.28,12.21,25400
VMC,2007-11-15,12.21,12.86,11.43,12.08,35100
VMC,2007-11-16,12.0,12.0,11.43,12.0,47200
VMC,2007-11-19,11.86,12.03,11.71,12.03,26300
VMC,2007-11-20,11.86,11.86,11.64,11.83,8500
VMC,2007-11-21,11.46,11.71,11.28,11.57,23900
VMC,2007-11-22,11.71,11.93,11.43,11.43,21300
VMC,2007-11-23,11.44,11.6,11.36,11.5,20900
VMC,2007-11-26,11.7,11.86,11.57,11.86,27200
VMC,2007-11-27,12.14,12.14,11.78,11.86,26300
VMC,2007-11-28,11.98,12.0,11.61,11.61,22000
VMC,2007-11-29,12.0,12.0,11.78,11.86,14000
VMC,2007-11-30,11.86,11.88,11.73,11.86,10200
VMC,2007-12-03,12.0,12.0,11.71,12.0,25700
VMC,2007-12-04,12.0,12.86,12.0,12.46,49600
VMC,2007-12-05,12.71,12.74,11.93,12.27,19400
VMC,2007-12-06,12.14,12.41,12.11,12.26,19700
VMC,2007-12-07,12.23,12.57,12.14,12.14,19100
VMC,2007-12-10,12.0,12.0,11.78,11.93,13700
VMC,2007-12-11,11.58,11.7,11.57,11.67,23600
VMC,2007-12-12,11.5,12.0,11.5,11.71,12500
VMC,2007-12-13,11.58,11.6,11.48,11.57,12300
VMC,2007-12-14,11.43,11.43,11.24,11.43,17100
VMC,2007-12-17,11.43,11.43,11.14,11.18,14700
VMC,2007-12-18,11.28,11.41,11.14,11.36,13400
VMC,2007-12-19,11.57,11.93,11.57,11.71,17100
VMC,2007-12-20,11.71,11.74,11.16,11.3,10500
VMC,2007-12-21,11.57,11.71,11.43,11.3,11100
VMC,2007-12-24,11.87,11.87,11.28,11.43,3600
VMC,2007-12-25,11.28,11.43,11.28,11.43,3100
VMC,2007-12-26,11.28,11.56,11.28,11.38,6100
VMC,2007-12-27,11.48,11.48,11.36,11.43,5200
VMC,2007-12-28,11.28,11.33,11.27,11.33,6700
VMC,2008-01-02,11.43,11.46,11.33,11.33,10700
VMC,2008-01-03,11.43,11.43,11.14,11.23,2500
VMC,2008-01-04,11.14,11.17,11.14,11.16,6300
VMC,2008-01-07,11.0,11.0,10.43,10.71,7700
VMC,2008-01-08,11.14,11.14,10.64,10.71,11500
VMC,2008-01-09,10.71,10.93,10.71,10.71,7100
VMC,2008-01-10,10.54,10.54,9.83,10.36,36900
VMC,2008-01-11,10.5,10.5,10.14,10.14,12300
VMC,2008-01-14,9.86,9.86,9.43,9.5,24700
VMC,2008-01-15,9.21,9.5,8.71,8.93,23900
VMC,2008-01-16,9.29,9.8,9.29,9.8,10300
VMC,2008-01-17,10.54,10.54,9.29,9.71,15600
VMC,2008-01-18,9.71,10.21,9.43,9.86,16500
VMC,2008-01-21,9.61,9.64,9.54,9.59,2600
VMC,2008-01-22,9.57,9.57,9.29,9.46,17700
VMC,2008-01-23,9.33,9.33,8.79,9.11,10800
VMC,2008-01-24,9.43,9.43,9.0,9.07,8000
VMC,2008-01-25,9.21,9.29,8.96,9.14,13500
VMC,2008-01-28,9.34,9.34,9.14,9.26,3500
VMC,2008-01-29,9.29,9.74,9.01,9.71,12000
VMC,2008-01-30,10.14,10.37,10.14,10.37,22600
VMC,2008-01-31,10.57,11.0,9.86,10.29,23900
VMC,2008-02-01,11.0,11.0,10.43,10.66,27800
VMC,2008-02-12,9.76,10.0,9.71,9.86,12800
VMC,2008-02-13,9.71,9.79,9.63,9.63,1600
VMC,2008-02-14,9.86,9.86,9.51,9.64,4100
VMC,2008-02-15,9.43,9.79,9.43,9.64,3300
VMC,2008-02-18,8.97,9.0,8.71,8.93,18100
VMC,2008-02-19,8.87,9.0,8.57,8.57,19100
VMC,2008-02-20,8.8,9.06,8.1,8.14,21600
VMC,2008-02-21,7.86,7.86,7.61,7.61,8700
VMC,2008-02-22,6.91,7.79,6.9,7.5,35600
VMC,2008-02-25,7.16,7.79,7.16,7.79,52600
VMC,2008-02-26,7.71,7.71,6.99,6.99,22400
VMC,2008-02-27,7.14,7.29,6.5,6.86,22600
VMC,2008-02-28,7.14,7.14,6.57,6.71,19100
VMC,2008-02-29,6.57,6.79,6.21,6.29,25300
VMC,2008-03-03,6.07,6.07,5.73,5.73,51900
VMC,2008-03-04,5.36,5.36,5.21,5.21,34600
VMC,2008-03-05,4.76,5.43,4.71,5.14,59500
VMC,2008-03-06,5.31,5.31,5.31,5.31,500
VMC,2008-03-07,5.84,5.84,5.84,5.84,14200
VMC,2008-03-10,6.41,6.41,5.84,6.0,74000
VMC,2008-03-11,6.29,6.29,5.73,5.73,48600
VMC,2008-03-12,5.86,6.4,5.86,6.0,28300
VMC,2008-03-13,6.14,6.21,6.0,6.13,32400
VMC,2008-03-14,6.0,6.0,5.71,5.73,50300
VMC,2008-03-17,5.79,5.79,5.34,5.41,15300
VMC,2008-03-18,5.29,5.29,4.94,4.99,40800
VMC,2008-03-19,5.43,5.47,4.93,5.0,40100
VMC,2008-03-20,5.0,5.17,4.86,4.93,26000
VMC,2008-03-21,4.74,4.79,4.57,4.74,34100
VMC,2008-03-24,4.29,4.64,4.21,4.21,38000
VMC,2008-03-25,3.93,3.93,3.84,3.84,41400
VMC,2008-03-26,3.47,4.16,3.47,4.07,30300
VMC,2008-03-27,4.04,4.04,4.04,4.04,100
VMC,2008-03-28,4.11,4.11,4.11,4.11,1700
VMC,2008-03-31,4.19,4.19,4.19,4.19,100
VMC,2008-04-01,4.26,4.26,4.26,4.26,600
VMC,2008-04-02,4.33,4.33,4.33,4.33,100
VMC,2008-04-03,4.41,4.41,4.41,4.41,100
VMC,2008-04-04,4.5,4.5,4.5,4.5,300
VMC,2008-04-07,4.63,4.63,4.63,4.63,5300
VMC,2008-04-08,4.76,4.76,4.57,4.76,132300
VMC,2008-04-09,4.7,4.83,4.61,4.61,26400
VMC,2008-04-10,4.56,4.56,4.54,4.54,1500
VMC,2008-04-11,4.43,4.43,4.43,4.43,16500
VMC,2008-04-16,4.33,4.36,4.3,4.3,15300
VMC,2008-04-17,4.17,4.43,4.17,4.43,31300
VMC,2008-04-18,4.39,4.39,4.16,4.21,10800
VMC,2008-04-21,4.16,4.16,4.16,4.16,3500
VMC,2008-04-22,4.04,4.04,4.04,4.04,8900
VMC,2008-04-23,3.93,3.93,3.93,3.93,100
VMC,2008-04-24,3.81,3.86,3.81,3.81,41500
VMC,2008-04-25,3.7,3.9,3.7,3.89,7400
VMC,2008-04-28,3.7,3.9,3.7,3.9,9500
VMC,2008-04-29,3.89,3.89,3.74,3.86,4100
VMC,2008-05-05,3.83,3.83,3.7,3.7,11400
VMC,2008-05-06,3.66,3.66,3.66,3.66,5800
VMC,2008-05-07,3.56,3.56,3.56,3.56,1500
VMC,2008-05-08,3.46,3.46,3.46,3.46,500
VMC,2008-05-09,3.36,3.36,3.36,3.36,900
VMC,2008-05-12,3.26,3.26,3.26,3.26,2100
VMC,2008-05-13,3.17,3.17,3.17,3.17,1700
VMC,2008-05-14,3.09,3.09,3.09,3.09,200
VMC,2008-05-15,3.0,3.0,3.0,3.0,600
VMC,2008-05-16,2.91,3.06,2.91,2.93,33900
VMC,2008-05-19,2.83,2.83,2.83,2.83,5100
VMC,2008-05-20,2.76,2.76,2.76,2.76,300
VMC,2008-05-21,2.76,2.76,2.76,2.76,0
VMC,2008-05-22,2.69,2.69,2.69,2.69,1100
VMC,2008-05-23,2.61,2.61,2.61,2.61,500
VMC,2008-05-26,2.54,2.54,2.54,2.54,400
VMC,2008-05-27,2.47,2.47,2.47,2.47,300
VMC,2008-05-28,2.4,2.4,2.4,2.4,6100
VMC,2008-05-29,2.33,2.33,2.33,2.33,15700
VMC,2008-05-30,2.27,2.27,2.27,2.27,31400
VMC,2008-06-02,2.21,2.21,2.21,2.21,6300
VMC,2008-06-03,2.16,2.16,2.16,2.16,2800
VMC,2008-06-04,2.1,2.1,2.1,2.1,1300
VMC,2008-06-05,2.04,2.04,2.04,2.04,2800
VMC,2008-06-06,1.99,1.99,1.99,1.99,3100
VMC,2008-06-09,1.93,1.93,1.93,1.93,12200
VMC,2008-06-10,1.87,1.99,1.87,1.99,32200
VMC,2008-06-11,1.99,2.01,1.99,2.01,7900
VMC,2008-06-12,2.07,2.07,2.07,2.07,2300
VMC,2008-06-13,2.13,2.13,2.13,2.13,800
VMC,2008-06-16,2.19,2.19,2.19,2.19,3600
VMC,2008-06-17,2.24,2.24,2.24,2.24,300
VMC,2008-06-18,2.3,2.3,2.19,2.19,52000
VMC,2008-06-19,2.2,2.2,2.2,2.2,7800
VMC,2008-06-20,2.11,2.13,2.11,2.11,19200
VMC,2008-06-23,2.19,2.19,2.09,2.19,9000
VMC,2008-06-24,2.26,2.26,2.21,2.24,9100
VMC,2008-06-25,2.33,2.34,2.26,2.34,13600
VMC,2008-06-26,2.41,2.41,2.29,2.36,32800
VMC,2008-06-27,2.29,2.44,2.29,2.43,9400
VMC,2008-06-30,2.36,2.43,2.36,2.43,15900
VMC,2008-07-01,2.5,2.5,2.49,2.5,11600
VMC,2008-07-02,2.6,2.6,2.5,2.6,34300
VMC,2008-07-03,2.67,2.67,2.66,2.67,14700
VMC,2008-07-04,2.77,2.77,2.77,2.77,6700
VMC,2008-07-07,2.87,2.87,2.67,2.73,40500
VMC,2008-07-08,2.71,2.86,2.7,2.84,33100
VMC,2008-07-09,2.84,2.84,2.84,2.84,12600
VMC,2008-07-10,2.94,2.94,2.94,2.94,11700
VMC,2008-07-11,3.06,3.06,3.06,3.06,4500
VMC,2008-07-14,3.17,3.17,3.17,3.17,2700
VMC,2008-07-15,3.29,3.29,3.29,3.29,4000
VMC,2008-07-16,3.41,3.41,3.16,3.41,57600
VMC,2008-07-17,3.46,3.46,3.46,3.46,3000
VMC,2008-07-18,3.59,3.59,3.33,3.33,38000
VMC,2008-07-21,3.33,3.46,3.33,3.33,47500
VMC,2008-07-22,3.2,3.2,3.2,3.2,2000
VMC,2008-07-23,3.09,3.09,3.09,3.09,100
VMC,2008-07-24,2.97,3.2,2.97,2.97,62000
VMC,2008-07-25,2.94,3.06,2.94,2.94,12300
VMC,2008-07-28,2.86,3.09,2.86,3.09,18700
VMC,2008-07-29,3.11,3.11,3.11,3.11,22200
VMC,2008-07-30,3.23,3.23,3.0,3.11,38900
VMC,2008-07-31,3.24,3.24,3.01,3.14,15100
VMC,2008-08-01,3.14,3.2,3.04,3.07,17300
VMC,2008-08-04,2.99,2.99,2.97,2.97,8000
VMC,2008-08-05,2.87,2.87,2.87,2.87,3000
VMC,2008-08-06,2.76,2.99,2.76,2.93,47100
VMC,2008-08-07,2.94,2.94,2.86,2.94,42900
VMC,2008-08-08,3.0,3.04,2.9,3.04,26300
VMC,2008-08-11,3.13,3.13,3.13,3.13,4800
VMC,2008-08-12,3.24,3.24,3.24,3.24,7500
VMC,2008-08-13,3.37,3.37,3.37,3.37,6700
VMC,2008-08-14,3.5,3.5,3.5,3.5,2800
VMC,2008-08-15,3.63,3.63,3.63,3.63,500
VMC,2008-08-18,3.87,3.87,3.87,3.87,4800
VMC,2008-08-19,4.13,4.13,4.13,4.13,9800
VMC,2008-08-20,4.41,4.41,4.13,4.41,155900
VMC,2008-08-21,4.7,4.7,4.7,4.7,19600
VMC,2008-08-22,5.03,5.03,5.03,5.03,1900
VMC,2008-08-25,5.37,5.37,5.37,5.37,1300
VMC,2008-08-26,5.74,5.74,5.74,5.74,100
VMC,2008-08-27,6.14,6.14,6.14,6.14,1800
VMC,2008-08-28,6.57,6.57,6.16,6.43,273100
VMC,2008-08-29,6.14,6.97,6.09,6.97,159900
VMC,2008-09-03,6.87,6.87,6.87,6.87,1500
VMC,2008-09-04,7.34,7.34,6.86,7.34,122900
VMC,2008-09-05,7.79,7.79,6.83,6.83,76300
VMC,2008-09-08,6.39,6.39,6.39,6.39,14600
VMC,2008-09-09,5.94,6.56,5.94,5.94,93600
VMC,2008-09-10,5.61,6.0,5.59,5.59,70600
VMC,2008-09-11,5.26,5.3,5.26,5.26,39100
VMC,2008-09-12,4.91,4.93,4.91,4.91,29400
VMC,2008-09-15,4.59,5.26,4.59,5.26,131700
VMC,2008-09-16,5.53,5.53,4.81,5.0,74500
VMC,2008-09-17,4.57,5.0,4.57,4.6,48200
VMC,2008-09-18,4.39,4.39,4.37,4.37,4200
VMC,2008-09-19,4.14,4.67,4.07,4.67,24900
VMC,2008-09-22,4.49,4.56,4.49,4.56,8000
VMC,2008-09-23,4.86,4.86,4.23,4.71,146200
VMC,2008-09-24,4.71,5.09,4.71,5.09,100300
VMC,2008-09-25,5.4,5.4,5.06,5.4,46800
VMC,2008-09-26,5.73,5.73,5.73,5.73,4000
VMC,2008-09-29,6.13,6.13,5.79,6.13,170800
VMC,2008-09-30,5.66,5.66,5.66,5.66,2200
VMC,2008-10-01,6.04,6.04,5.3,5.8,131600
VMC,2008-10-02,6.04,6.19,6.0,6.19,124000
VMC,2008-10-03,6.16,6.21,5.8,5.84,56000
VMC,2008-10-06,5.54,5.71,5.54,5.54,37500
VMC,2008-10-07,5.17,5.17,5.17,5.17,20100
VMC,2008-10-08,4.81,4.81,4.81,4.81,18900
VMC,2008-10-09,4.49,5.14,4.49,4.93,120200
VMC,2008-10-10,4.64,4.71,4.46,4.46,62300
VMC,2008-10-13,4.77,4.77,4.29,4.5,96600
VMC,2008-10-14,4.91,4.91,4.91,4.91,1300
VMC,2008-10-15,5.24,5.26,4.86,5.26,93100
VMC,2008-10-16,4.81,5.1,4.81,4.86,94800
VMC,2008-10-17,5.24,5.26,4.86,5.14,114000
VMC,2008-10-20,5.14,5.36,4.71,4.86,33600
VMC,2008-10-21,5.14,5.23,4.9,5.0,41000
VMC,2008-10-22,4.8,4.84,4.71,4.74,50100
VMC,2008-10-23,4.44,4.44,4.43,4.43,34300
VMC,2008-10-24,4.16,4.43,4.13,4.13,61900
VMC,2008-10-27,4.0,4.0,3.86,3.86,50400
VMC,2008-10-28,3.63,4.0,3.61,3.97,78900
VMC,2008-10-29,3.94,3.94,3.79,3.94,68000
VMC,2008-10-30,4.07,4.19,3.86,4.19,57800
VMC,2008-10-31,4.26,4.39,4.26,4.39,51000
VMC,2008-11-03,4.37,4.64,4.14,4.43,28000
VMC,2008-11-04,4.3,4.69,4.3,4.69,34200
VMC,2008-11-05,4.94,4.94,4.94,4.94,12300
VMC,2008-11-06,4.79,5.29,4.79,4.86,92800
VMC,2008-11-07,4.73,5.07,4.73,4.73,55500
VMC,2008-11-10,4.93,5.0,4.6,4.6,35400
VMC,2008-11-11,4.69,4.69,4.41,4.41,32800
VMC,2008-11-12,4.13,4.5,4.13,4.49,30100
VMC,2008-11-13,4.07,4.5,4.07,4.36,24800
VMC,2008-11-14,4.7,4.7,4.43,4.5,19200
VMC,2008-11-17,4.43,4.43,4.24,4.29,7800
VMC,2008-11-18,4.29,4.43,4.29,4.41,6900
VMC,2008-11-19,4.39,4.39,4.29,4.29,7900
VMC,2008-11-20,4.07,4.14,4.06,4.09,20700
VMC,2008-11-21,3.87,4.2,3.87,4.0,10300
VMC,2008-11-24,4.03,4.03,3.94,3.94,3500
VMC,2008-11-25,4.14,4.14,3.9,4.0,10200
VMC,2008-11-26,3.96,3.96,3.71,3.71,19800
VMC,2008-11-27,3.83,3.86,3.66,3.79,17300
VMC,2008-11-28,3.86,4.03,3.86,4.03,18100
VMC,2008-12-01,4.26,4.27,3.99,4.03,9300
VMC,2008-12-02,4.04,4.04,3.9,3.9,1800
VMC,2008-12-03,4.0,4.0,3.84,4.0,5400
VMC,2008-12-04,4.0,4.14,4.0,4.01,12700
VMC,2008-12-05,3.94,3.94,3.76,3.79,7800
VMC,2008-12-08,3.73,3.73,3.59,3.69,4900
VMC,2008-12-09,3.66,3.71,3.59,3.59,15800
VMC,2008-12-10,3.57,3.57,3.46,3.46,10000
VMC,2008-12-11,3.7,3.7,3.5,3.66,7700
VMC,2008-12-12,3.79,3.84,3.79,3.84,14300
VMC,2008-12-15,4.1,4.1,4.0,4.0,7300
VMC,2008-12-16,4.0,4.0,3.76,3.76,4700
VMC,2008-12-17,3.61,3.86,3.61,3.86,7000
VMC,2008-12-18,3.76,3.76,3.76,3.76,1500
VMC,2008-12-19,3.76,3.86,3.76,3.86,6600
VMC,2008-12-22,3.91,3.93,3.79,3.79,7300
VMC,2008-12-23,3.81,3.86,3.66,3.74,16800
VMC,2008-12-24,3.74,3.99,3.67,3.86,4800
VMC,2008-12-25,3.76,3.86,3.76,3.76,5900
VMC,2008-12-26,3.86,3.86,3.74,3.86,5400
VMC,2008-12-29,3.71,3.79,3.71,3.79,1500
VMC,2008-12-30,3.71,3.79,3.57,3.57,12800
VMC,2008-12-31,3.71,3.71,3.57,3.64,10000
VMC,2009-01-02,3.71,3.86,3.71,3.84,6300
VMC,2009-01-05,3.86,4.06,3.81,4.06,24100
VMC,2009-01-06,4.19,4.2,4.03,4.2,31500
VMC,2009-01-07,4.44,4.44,4.19,4.19,25800
VMC,2009-01-08,4.14,4.21,4.04,4.07,21800
VMC,2009-01-09,4.06,4.37,4.06,4.21,33200
VMC,2009-01-12,4.34,4.34,4.2,4.29,13800
VMC,2009-01-13,4.16,4.16,4.07,4.09,14400
VMC,2009-01-14,4.36,4.36,4.1,4.13,3300
VMC,2009-01-15,4.01,4.09,3.93,4.0,8400
VMC,2009-01-16,4.0,4.14,4.0,4.07,15500
VMC,2009-01-19,4.13,4.14,4.09,4.09,11000
VMC,2009-01-20,4.0,4.11,4.0,4.01,6600
VMC,2009-01-21,4.04,4.04,4.0,4.04,4400
VMC,2009-01-22,4.03,4.14,4.0,4.0,600
VMC,2009-01-23,4.0,4.0,3.93,3.97,4100
VMC,2009-02-02,3.87,3.87,3.7,3.7,17700
VMC,2009-02-03,3.47,3.47,3.33,3.4,16400
VMC,2009-02-04,3.57,3.57,3.36,3.41,7000
VMC,2009-02-05,3.43,3.43,3.23,3.23,18000
VMC,2009-02-06,3.17,3.43,3.17,3.29,10100
VMC,2009-02-09,3.51,3.51,3.29,3.43,16200
VMC,2009-02-10,3.41,3.47,3.27,3.27,2900
VMC,2009-02-11,3.14,3.27,3.14,3.14,16200
VMC,2009-02-12,3.13,3.23,3.01,3.11,2700
VMC,2009-02-13,2.97,3.14,2.97,3.11,4700
VMC,2009-02-16,2.86,3.13,2.86,3.0,7300
VMC,2009-02-17,2.87,3.04,2.86,2.91,8000
VMC,2009-02-18,2.93,2.93,2.74,2.76,11300
VMC,2009-02-19,2.91,3.11,2.86,2.91,10700
VMC,2009-02-20,2.86,2.89,2.86,2.89,2300
VMC,2009-02-23,2.94,2.94,2.67,2.69,12200
VMC,2009-02-24,2.57,2.57,2.51,2.53,10400
VMC,2009-02-25,2.61,2.71,2.6,2.71,10200
VMC,2009-02-26,2.64,2.66,2.57,2.64,7000
VMC,2009-02-27,2.67,2.69,2.64,2.69,3900
VMC,2009-03-02,2.66,2.71,2.64,2.71,14900
VMC,2009-03-03,2.66,2.7,2.66,2.66,5800
VMC,2009-03-04,2.71,2.71,2.67,2.71,4300
VMC,2009-03-05,2.87,2.87,2.76,2.83,19700
VMC,2009-03-06,2.71,2.79,2.71,2.74,4000
VMC,2009-03-09,2.79,2.84,2.76,2.77,5400
VMC,2009-03-10,2.77,2.83,2.77,2.83,14300
VMC,2009-03-11,2.93,2.99,2.86,2.86,18300
VMC,2009-03-12,2.9,2.9,2.76,2.76,5000
VMC,2009-03-13,2.83,2.83,2.71,2.74,13200
VMC,2009-03-16,2.79,2.8,2.79,2.79,9700
VMC,2009-03-17,2.87,2.97,2.87,2.97,23300
VMC,2009-03-18,3.14,3.14,3.11,3.14,50300
VMC,2009-03-19,3.24,3.24,2.93,2.93,25700
VMC,2009-03-20,2.86,3.14,2.86,3.07,19700
VMC,2009-03-23,2.96,3.13,2.94,2.94,7700
VMC,2009-03-24,3.14,3.17,2.97,3.14,23400
VMC,2009-03-25,3.16,3.26,3.16,3.17,11200
VMC,2009-03-26,3.03,3.21,3.03,3.14,16200
VMC,2009-03-27,3.21,3.21,2.96,3.07,36900
VMC,2009-03-30,2.99,3.0,2.81,2.81,24000
VMC,2009-03-31,3.06,3.07,3.0,3.07,10500
VMC,2009-04-01,3.24,3.24,3.23,3.24,50200
VMC,2009-04-02,3.41,3.44,3.31,3.37,23100
VMC,2009-04-03,3.5,3.63,3.5,3.61,61100
VMC,2009-04-07,3.64,3.81,3.56,3.8,54400
VMC,2009-04-08,3.46,3.7,3.44,3.44,46700
VMC,2009-04-09,3.79,3.79,3.43,3.53,31600
VMC,2009-04-10,3.74,3.79,3.74,3.79,80900
VMC,2009-04-13,4.04,4.04,4.0,4.04,69800
VMC,2009-04-14,4.29,4.29,4.09,4.14,43800
VMC,2009-04-15,4.04,4.14,3.87,3.9,46700
VMC,2009-04-16,3.97,4.1,3.86,3.86,31200
VMC,2009-04-17,3.97,3.97,3.64,3.64,24000
VMC,2009-04-20,3.44,3.44,3.43,3.43,11700
VMC,2009-04-21,3.2,3.29,3.2,3.29,46500
VMC,2009-04-22,3.3,3.43,3.3,3.43,41300
VMC,2009-04-23,3.57,3.57,3.41,3.41,1100
VMC,2009-04-24,3.43,3.43,3.31,3.31,10300
VMC,2009-04-27,3.37,3.37,3.21,3.29,5200
VMC,2009-04-28,3.41,3.41,3.21,3.29,7000
VMC,2009-04-29,3.49,3.53,3.4,3.4,13800
VMC,2009-05-04,3.66,3.73,3.66,3.73,15600
VMC,2009-05-05,3.99,3.99,3.79,3.87,47900
VMC,2009-05-06,3.83,3.84,3.67,3.67,26200
VMC,2009-05-07,3.99,3.99,3.81,3.94,30100
VMC,2009-05-08,3.71,3.86,3.71,3.73,40800
VMC,2009-05-11,3.76,3.79,3.71,3.71,12200
VMC,2009-05-12,3.71,3.86,3.61,3.8,56000
VMC,2009-05-13,3.94,3.94,3.71,3.86,42600
VMC,2009-05-14,3.81,3.83,3.66,3.79,15300
VMC,2009-05-15,3.8,4.06,3.8,4.06,86400
VMC,2009-05-18,4.24,4.24,3.86,3.9,36100
VMC,2009-05-19,4.14,4.23,4.0,4.23,83300
VMC,2009-05-20,4.31,4.41,3.94,4.17,62600
VMC,2009-05-21,4.21,4.56,4.01,4.56,137000
VMC,2009-05-22,4.6,4.79,4.27,4.49,36500
VMC,2009-05-25,4.57,4.87,4.57,4.87,92000
VMC,2009-05-26,4.84,5.0,4.66,4.71,26000
VMC,2009-05-27,4.5,4.81,4.46,4.46,59200
VMC,2009-05-28,4.23,4.29,4.2,4.2,24600
VMC,2009-05-29,4.2,4.36,4.09,4.29,41300
VMC,2009-06-01,4.43,4.53,4.43,4.53,47000
VMC,2009-06-02,4.8,4.81,4.74,4.81,103900
VMC,2009-06-03,5.14,5.14,4.81,5.14,118800
VMC,2009-06-04,5.44,5.44,5.44,5.44,32700
VMC,2009-06-05,5.81,5.81,5.81,5.81,59600
VMC,2009-06-08,6.21,6.21,6.11,6.21,84300
VMC,2009-06-09,6.56,6.57,5.86,6.14,121700
VMC,2009-06-10,6.07,6.07,5.77,5.86,256100
VMC,2009-06-11,5.71,6.21,5.71,6.21,113300
VMC,2009-06-12,6.43,6.43,5.76,6.17,35100
VMC,2009-06-15,5.86,5.86,5.84,5.84,79000
VMC,2009-06-16,5.44,5.56,5.44,5.44,76400
VMC,2009-06-17,5.09,5.71,5.09,5.71,63200
VMC,2009-06-18,5.57,5.64,5.57,5.64,32900
VMC,2009-06-19,5.69,6.01,5.63,5.64,45200
VMC,2009-06-22,5.63,5.63,5.41,5.41,19200
VMC,2009-06-23,5.06,5.06,5.06,5.06,13600
VMC,2009-06-24,4.76,5.29,4.71,5.26,48500
VMC,2009-06-25,5.21,5.21,4.73,4.73,35500
VMC,2009-06-26,4.8,5.11,4.71,5.11,30200
VMC,2009-06-29,4.79,5.13,4.7,4.76,13800
VMC,2009-06-30,4.86,4.86,4.51,4.57,11300
VMC,2009-07-01,4.33,4.36,4.31,4.33,53900
VMC,2009-07-02,4.43,4.61,4.2,4.57,29000
VMC,2009-07-03,4.5,4.7,4.5,4.7,30800
VMC,2009-07-06,4.91,4.96,4.71,4.96,20500
VMC,2009-07-07,5.26,5.26,4.93,5.01,13700
VMC,2009-07-08,5.0,5.0,4.93,5.0,25000
VMC,2009-07-09,5.0,5.07,4.93,5.07,28900
VMC,2009-07-10,5.0,5.09,5.0,5.06,8600
VMC,2009-07-13,4.86,5.03,4.86,5.03,10100
VMC,2009-07-14,4.66,5.14,4.66,4.86,28300
VMC,2009-07-15,4.86,4.99,4.86,4.94,26300
VMC,2009-07-16,4.97,5.14,4.97,5.14,18400
VMC,2009-07-17,5.2,5.2,4.87,4.87,1400
VMC,2009-07-20,4.71,5.01,4.67,4.69,47500
VMC,2009-07-21,5.0,5.0,4.76,4.97,10000
VMC,2009-07-22,4.83,4.91,4.79,4.91,12300
VMC,2009-07-23,5.14,5.14,4.86,5.13,23600
VMC,2009-07-24,5.27,5.36,5.27,5.36,53900
VMC,2009-07-27,5.66,5.66,5.34,5.36,26800
VMC,2009-07-28,5.09,5.36,4.99,5.14,16900
VMC,2009-07-29,5.29,5.29,5.1,5.1,3000
VMC,2009-07-30,4.86,5.19,4.84,5.13,30500
VMC,2009-07-31,4.86,5.2,4.86,5.2,16900
VMC,2009-08-03,5.11,5.11,5.0,5.0,10000
VMC,2009-08-04,5.09,5.16,5.0,5.0,6400
VMC,2009-08-05,4.93,5.11,4.89,5.1,10400
VMC,2009-08-06,5.13,5.19,5.04,5.07,23700
VMC,2009-08-07,5.1,5.1,5.0,5.1,39700
VMC,2009-08-10,5.03,5.26,5.0,5.2,22900
VMC,2009-08-11,5.29,5.29,5.14,5.29,25100
VMC,2009-08-12,5.53,5.53,5.26,5.27,13800
VMC,2009-08-13,5.43,5.5,5.3,5.43,21500
VMC,2009-08-14,5.43,5.43,5.14,5.43,8600
VMC,2009-08-17,5.01,5.29,4.99,5.29,31100
VMC,2009-08-18,5.14,5.21,5.11,5.21,3600
VMC,2009-08-19,5.23,5.29,5.23,5.29,8500
VMC,2009-08-20,5.27,5.36,5.21,5.31,34800
VMC,2009-08-21,5.5,5.69,5.39,5.43,64400
VMC,2009-08-24,5.56,5.63,5.54,5.63,60100
VMC,2009-08-25,5.59,5.66,5.43,5.59,39200
VMC,2009-08-26,5.57,5.73,5.57,5.73,49800
VMC,2009-08-27,5.61,6.01,5.6,6.01,85700
VMC,2009-08-28,6.13,6.13,6.13,6.13,113800
VMC,2009-08-31,6.56,6.56,6.54,6.56,154000
VMC,2009-09-01,7.01,7.01,6.86,7.01,248200
VMC,2009-09-03,7.49,7.49,7.23,7.49,259800
VMC,2009-09-04,7.61,7.61,6.93,7.44,212000
VMC,2009-09-07,7.14,7.2,6.71,6.86,47000
VMC,2009-09-08,7.16,7.29,6.93,7.29,47400
VMC,2009-09-09,7.16,7.64,6.86,7.64,146700
VMC,2009-09-10,7.43,7.57,7.14,7.43,66200
VMC,2009-09-11,6.87,7.43,6.86,7.14,77100
VMC,2009-09-14,7.14,7.43,7.0,7.41,91200
VMC,2009-09-15,7.29,7.76,7.21,7.76,118600
VMC,2009-09-16,7.86,8.09,7.57,8.09,221400
VMC,2009-09-17,8.43,8.59,8.43,8.59,176100
VMC,2009-09-18,9.19,9.19,9.14,9.19,134400
VMC,2009-09-21,9.8,9.8,9.8,9.8,14600
VMC,2009-09-22,10.49,10.49,10.29,10.49,162000
VMC,2009-09-23,11.2,11.2,10.47,11.0,216500
VMC,2009-09-24,11.28,11.28,10.57,10.57,86400
VMC,2009-09-25,10.14,11.48,10.14,11.48,78400
VMC,2009-09-28,11.57,11.9,11.14,11.71,83800
VMC,2009-09-29,11.71,11.71,11.14,11.14,47400
VMC,2009-09-30,11.28,11.43,10.86,11.0,47000
VMC,2009-10-01,11.07,11.13,10.36,10.36,205800
VMC,2009-10-02,9.71,10.71,9.69,10.3,91900
VMC,2009-10-05,9.86,10.5,9.86,10.07,31700
VMC,2009-10-06,10.71,10.79,10.36,10.57,43200
VMC,2009-10-07,11.0,11.26,10.57,10.71,95000
VMC,2009-10-08,11.27,11.43,10.93,11.21,57900
VMC,2009-10-09,11.68,11.68,11.14,11.68,92800
VMC,2009-10-12,11.86,12.24,11.86,12.24,105600
VMC,2009-10-13,12.93,13.03,11.43,11.93,41100
VMC,2009-10-14,12.27,12.86,12.0,12.43,133600
VMC,2009-10-15,13.14,13.14,11.57,11.57,76000
VMC,2009-10-16,12.43,12.86,11.74,12.0,38400
VMC,2009-10-19,12.0,12.36,11.71,12.0,12600
VMC,2009-10-20,12.26,12.26,12.0,12.18,55300
VMC,2009-10-21,12.14,12.28,12.14,12.14,48600
VMC,2009-10-22,11.87,12.21,11.43,11.43,30100
VMC,2009-10-23,11.43,11.43,10.8,11.26,67200
VMC,2009-10-26,11.23,11.23,10.34,10.34,50500
VMC,2009-10-27,9.73,10.46,9.73,10.46,42200
VMC,2009-10-28,10.0,10.59,10.0,10.57,21000
VMC,2009-10-29,10.0,10.0,9.71,9.71,58300
VMC,2009-10-30,10.43,10.43,10.04,10.4,18200
VMC,2009-11-02,9.71,9.71,9.66,9.66,63300
VMC,2009-11-03,9.3,9.3,9.07,9.29,48300
VMC,2009-11-04,9.2,9.57,8.93,9.43,41100
VMC,2009-11-05,9.5,9.84,9.43,9.84,31600
VMC,2009-11-06,10.29,10.31,10.0,10.31,118900
VMC,2009-11-09,10.98,10.98,10.0,10.31,66300
VMC,2009-11-10,10.71,11.0,10.07,10.43,73900
VMC,2009-11-11,11.0,11.07,10.49,10.71,41800
VMC,2009-11-12,11.41,11.41,10.43,10.43,41500
VMC,2009-11-13,10.57,11.01,10.29,10.64,27400
VMC,2009-11-16,10.71,10.71,10.19,10.2,66700
VMC,2009-11-17,10.21,10.21,9.57,9.57,55100
VMC,2009-11-18,9.57,10.03,9.31,10.0,56200
VMC,2009-11-19,10.14,10.14,9.71,9.93,52100
VMC,2009-11-20,10.0,10.41,10.0,10.17,90900
VMC,2009-11-23,10.13,10.57,9.86,10.13,112200
VMC,2009-11-24,9.86,10.09,9.86,10.09,12000
VMC,2009-11-25,10.07,10.07,9.3,9.3,27800
VMC,2009-11-26,9.06,9.06,9.06,9.06,98500
VMC,2009-11-27,8.44,9.29,8.43,8.57,68200
VMC,2009-11-30,9.07,9.07,9.0,9.06,7700
VMC,2009-12-01,9.27,9.27,8.93,9.07,11300
VMC,2009-12-02,8.79,9.1,8.49,8.5,22200
VMC,2009-12-03,8.04,8.14,8.03,8.14,2600
VMC,2009-12-04,7.71,8.1,7.71,8.0,5900
VMC,2009-12-07,7.71,8.29,7.71,8.0,25000
VMC,2009-12-08,8.5,8.5,7.81,8.11,9100
VMC,2009-12-09,7.87,7.87,7.73,7.73,25800
VMC,2009-12-10,7.43,8.26,7.2,7.2,45000
VMC,2009-12-11,7.29,7.29,6.84,6.84,36000
VMC,2009-12-14,7.14,7.43,6.97,7.43,85800
VMC,2009-12-15,7.77,7.77,7.14,7.14,13600
VMC,2009-12-16,7.5,7.5,6.84,6.84,23900
VMC,2009-12-17,6.64,7.09,6.6,7.09,25500
VMC,2009-12-18,6.57,7.13,6.57,7.13,23300
VMC,2009-12-21,7.54,7.6,7.29,7.6,29500
VMC,2009-12-22,7.83,7.83,7.64,7.64,14000
VMC,2009-12-23,7.69,7.71,7.43,7.64,27000
VMC,2009-12-24,7.61,7.71,7.36,7.64,53500
VMC,2009-12-25,7.57,8.03,7.57,8.0,54700
VMC,2009-12-28,7.66,7.86,7.66,7.67,4200
VMC,2009-12-29,8.0,8.26,7.93,8.26,168400
VMC,2009-12-30,8.57,8.67,8.57,8.67,50800
VMC,2009-12-31,9.21,9.26,9.2,9.26,105000
VMC,2010-01-04,9.84,9.89,9.3,9.89,57200
VMC,2010-01-05,10.56,10.56,9.19,9.93,68200
VMC,2010-01-06,9.86,10.14,9.51,9.57,65600
VMC,2010-01-07,9.91,9.91,9.29,9.29,51600
VMC,2010-01-08,9.71,10.14,9.29,9.43,40500
VMC,2010-01-11,9.86,9.86,9.2,9.2,42200
VMC,2010-01-12,9.57,9.64,8.79,8.79,36400
VMC,2010-01-13,9.03,9.29,8.43,9.14,18600
VMC,2010-01-14,9.43,9.43,8.93,9.14,25700
VMC,2010-01-15,9.29,9.29,8.63,8.71,80200
VMC,2010-01-18,8.71,8.71,8.16,8.16,56900
VMC,2010-01-19,8.64,8.64,8.21,8.29,11500
VMC,2010-01-20,8.57,8.57,7.73,7.73,60100
VMC,2010-01-21,7.79,7.79,7.24,7.37,91800
VMC,2010-01-22,7.05,7.71,7.05,7.71,31700
VMC,2010-01-25,7.49,7.71,7.49,7.7,7600
VMC,2010-01-26,7.93,8.11,7.93,8.11,43600
VMC,2010-01-27,8.52,8.52,7.79,7.79,7600
VMC,2010-01-28,7.64,7.79,7.56,7.56,7400
VMC,2010-01-29,7.7,7.9,7.49,7.7,14100
VMC,2010-02-01,7.7,8.23,7.64,8.23,60200
VMC,2010-02-02,8.08,8.23,7.64,7.99,38600
VMC,2010-02-03,8.14,8.23,7.95,8.11,11900
VMC,2010-02-04,8.23,8.23,7.83,7.95,6800
VMC,2010-02-05,7.79,7.79,7.65,7.79,6500
VMC,2010-02-08,7.68,7.68,7.67,7.67,4200
VMC,2010-02-09,7.64,7.77,7.56,7.61,7200
VMC,2010-02-10,8.08,8.08,8.08,8.08,14800
VMC,2010-02-11,8.08,8.14,8.08,8.14,3400
VMC,2010-02-12,8.01,8.01,8.01,8.01,400
VMC,2010-02-22,8.37,8.37,8.36,8.36,300
VMC,2010-02-23,7.95,7.95,7.8,7.8,5500
VMC,2010-02-24,7.86,7.93,7.86,7.93,1500
VMC,2010-02-25,7.93,7.93,7.8,7.93,12300
VMC,2010-02-26,7.64,7.9,7.56,7.9,1900
VMC,2010-03-01,7.79,7.92,7.74,7.74,13600
VMC,2010-03-02,7.93,7.98,7.7,7.79,6800
VMC,2010-03-03,7.93,8.15,7.92,8.15,35500
VMC,2010-03-04,8.21,8.24,8.05,8.05,14000
VMC,2010-03-05,8.09,8.74,8.09,8.74,75600
VMC,2010-03-08,9.24,9.24,9.18,9.24,20700
VMC,2010-03-09,9.24,9.4,8.96,9.18,40400
VMC,2010-03-10,9.69,9.69,8.75,8.87,25600
VMC,2010-03-11,8.81,8.92,8.74,8.83,11400
VMC,2010-03-12,8.81,9.25,8.81,9.11,12000
VMC,2010-03-15,9.4,9.4,9.0,9.06,30400
VMC,2010-03-16,8.61,9.05,8.46,8.46,25100
VMC,2010-03-17,8.58,8.58,8.23,8.3,23200
VMC,2010-03-18,8.3,8.84,8.3,8.61,8000
VMC,2010-03-19,8.56,8.8,8.56,8.65,5400
VMC,2010-03-22,8.93,8.93,8.48,8.55,4700
VMC,2010-03-23,8.59,8.67,8.45,8.55,16500
VMC,2010-03-24,8.52,8.52,8.36,8.45,5300
VMC,2010-03-25,8.17,8.17,7.99,8.11,23100
VMC,2010-03-26,8.23,8.45,8.15,8.23,12100
VMC,2010-03-29,8.15,8.23,8.15,8.23,7100
VMC,2010-03-30,8.24,8.24,8.08,8.15,18100
VMC,2010-03-31,8.61,8.74,8.12,8.49,26300
VMC,2010-04-01,8.39,8.4,8.31,8.4,10100
VMC,2010-04-02,8.67,8.86,8.39,8.39,6200
VMC,2010-04-05,8.37,8.52,8.37,8.45,2800
VMC,2010-04-06,8.59,9.05,8.52,8.59,12100
VMC,2010-04-07,8.81,8.89,8.45,8.81,32400
VMC,2010-04-08,8.96,9.46,8.96,9.46,102500
VMC,2010-04-09,9.84,9.84,9.39,9.5,59800
VMC,2010-04-12,9.47,10.12,9.46,9.69,65500
VMC,2010-04-13,9.25,9.25,9.0,9.0,105700
VMC,2010-04-14,8.81,9.03,8.81,8.96,22200
VMC,2010-04-15,9.25,9.25,8.96,9.18,34400
VMC,2010-04-16,9.25,9.37,9.03,9.22,39500
VMC,2010-04-19,9.25,9.25,9.11,9.18,57400
VMC,2010-04-20,9.33,9.33,9.03,9.05,20200
VMC,2010-04-21,9.25,9.74,9.25,9.74,106600
VMC,2010-04-22,10.14,10.21,9.62,10.21,270200
VMC,2010-04-26,10.14,10.81,10.14,10.72,113200
VMC,2010-04-27,9.91,11.02,9.91,10.71,82900
VMC,2010-04-28,9.99,10.61,9.86,10.61,57800
VMC,2010-04-29,10.87,10.87,10.28,10.56,45400
VMC,2010-05-04,10.72,10.72,10.28,10.41,53300
VMC,2010-05-05,9.91,10.5,9.91,9.96,7900
VMC,2010-05-06,10.71,10.71,9.91,10.25,3400
VMC,2010-05-07,9.69,10.0,9.47,9.49,65600
VMC,2010-05-10,9.18,9.67,9.18,9.55,32500
VMC,2010-05-11,9.34,9.97,9.34,9.55,19100
VMC,2010-05-12,9.43,9.43,9.18,9.18,53600
VMC,2010-05-13,9.4,9.97,9.33,9.97,22100
VMC,2010-05-14,9.43,9.62,9.25,9.62,16900
VMC,2010-05-17,9.34,9.34,9.25,9.28,16000
VMC,2010-05-18,9.39,9.78,9.39,9.55,34200
VMC,2010-05-19,9.11,9.69,9.11,9.69,13800
VMC,2010-05-20,8.81,9.91,8.81,9.4,13700
VMC,2010-05-21,9.25,9.25,8.89,8.89,3900
VMC,2010-05-24,9.11,9.68,9.11,9.68,1000
VMC,2010-05-25,9.68,9.68,8.59,9.55,2300
VMC,2010-05-26,9.67,10.06,9.67,10.06,1500
VMC,2010-05-27,10.12,10.36,9.25,10.27,8000
VMC,2010-05-28,10.27,10.27,10.27,10.27,100
VMC,2010-05-31,10.8,10.97,9.58,10.28,6600
VMC,2010-06-01,10.36,10.36,10.36,10.36,100
VMC,2010-06-02,9.99,10.14,9.64,9.99,11000
VMC,2010-06-03,10.06,10.25,9.72,10.05,12700
VMC,2010-06-04,9.2,9.9,9.18,9.84,2700
VMC,2010-06-07,9.55,9.55,9.18,9.25,15200
VMC,2010-06-08,9.37,9.97,9.37,9.61,8200
VMC,2010-06-09,9.33,9.33,9.33,9.33,400
VMC,2010-06-10,9.43,9.96,9.4,9.77,57800
VMC,2010-06-11,9.97,10.41,9.97,10.27,40800
VMC,2010-06-14,10.87,10.87,9.75,9.75,11000
VMC,2010-06-15,9.55,9.97,9.47,9.97,1300
VMC,2010-06-16,9.86,10.06,9.86,10.06,3700
VMC,2010-06-17,9.99,10.21,9.91,9.91,21300
VMC,2010-06-18,9.4,9.83,9.25,9.83,103200
VMC,2010-06-21,9.25,9.4,8.81,9.33,62300
VMC,2010-06-22,9.46,9.46,9.22,9.46,24700
VMC,2010-06-23,9.25,9.78,9.25,9.78,2200
VMC,2010-06-24,9.69,9.74,9.69,9.74,3000
VMC,2010-06-25,9.4,9.69,9.25,9.34,14200
VMC,2010-06-28,8.9,9.25,8.9,9.25,8300
VMC,2010-06-29,8.99,9.11,8.89,9.11,15200
VMC,2010-06-30,8.97,8.97,8.97,8.97,600
VMC,2010-07-01,9.03,9.47,9.03,9.47,2000
VMC,2010-07-02,9.68,9.68,9.68,9.68,1000
VMC,2010-07-05,9.61,9.61,9.12,9.12,4200
VMC,2010-07-06,9.11,9.25,9.11,9.11,1600
VMC,2010-07-07,8.86,8.86,8.83,8.83,1000
VMC,2010-07-08,8.96,8.96,8.84,8.84,600
VMC,2010-07-09,9.09,9.47,9.09,9.33,5300
VMC,2010-07-12,8.96,8.96,8.96,8.96,300
VMC,2010-07-13,8.99,9.39,8.99,9.37,18000
VMC,2010-07-14,9.09,9.09,9.09,9.09,4000
VMC,2010-07-15,9.09,9.09,9.09,9.09,600
VMC,2010-07-16,9.3,9.3,9.3,9.3,11000
VMC,2010-07-19,9.84,9.94,8.96,9.31,72700
VMC,2010-07-20,9.09,9.09,9.09,9.09,8000
VMC,2010-07-21,9.47,9.47,9.09,9.09,45000
VMC,2010-07-22,9.11,9.18,9.08,9.08,28800
VMC,2010-07-23,9.11,9.17,9.11,9.11,22100
VMC,2010-07-26,9.11,9.11,9.11,9.11,0
VMC,2010-07-27,9.62,9.62,9.5,9.5,31100
VMC,2010-07-28,8.84,9.55,8.84,9.0,26500
VMC,2010-07-29,9.43,9.55,9.43,9.55,2000
VMC,2010-07-30,9.4,9.47,8.96,9.47,3000
VMC,2010-08-02,8.9,8.9,8.9,8.9,1000
VMC,2010-08-03,9.17,9.18,9.17,9.18,15200
VMC,2010-08-04,8.89,8.89,8.81,8.81,300
VMC,2010-08-05,9.11,9.11,9.11,9.11,3000
VMC,2010-08-06,8.81,8.81,8.81,8.81,1000
VMC,2010-08-09,8.52,8.52,8.37,8.37,3000
VMC,2010-08-10,8.81,8.81,7.95,8.81,700
VMC,2010-08-11,8.81,8.81,8.81,8.81,0
VMC,2010-08-12,8.52,8.52,8.09,8.09,11200
VMC,2010-08-13,8.08,8.67,8.08,8.67,6000
VMC,2010-08-16,8.27,8.65,8.27,8.65,6700
VMC,2010-08-17,8.65,8.65,8.65,8.65,0
VMC,2010-08-18,7.93,8.96,7.86,8.45,17200
VMC,2010-08-19,8.52,8.81,8.34,8.78,5500
VMC,2010-08-20,8.83,8.84,8.52,8.52,10100
VMC,2010-08-23,8.59,8.59,8.45,8.45,2400
VMC,2010-08-24,8.52,8.52,8.08,8.08,16800
VMC,2010-08-25,8.08,8.08,8.08,8.08,0
VMC,2010-08-26,8.49,8.67,8.37,8.37,32000
VMC,2010-08-27,8.37,8.37,8.37,8.37,0
VMC,2010-08-30,8.95,8.95,8.95,8.95,100
VMC,2010-08-31,8.33,9.08,8.33,9.08,700
VMC,2010-09-01,8.39,8.39,8.39,8.39,100
VMC,2010-09-06,8.96,8.96,8.96,8.96,100
VMC,2010-09-07,8.96,8.96,8.96,8.96,0
VMC,2010-09-08,8.39,8.39,8.39,8.39,100
VMC,2010-09-09,8.15,8.37,8.15,8.23,1300
VMC,2010-09-10,8.08,8.08,8.08,8.08,100
VMC,2010-09-13,7.79,7.79,7.79,7.79,500
VMC,2010-09-14,7.79,7.79,7.79,7.79,0
VMC,2010-09-15,7.79,7.79,7.79,7.79,500
VMC,2010-09-16,7.79,7.79,7.79,7.79,0
VMC,2010-09-17,8.3,8.3,8.3,8.3,100
VMC,2010-09-20,8.3,8.3,8.3,8.3,0
VMC,2010-09-21,8.83,8.83,7.81,7.81,700
VMC,2010-09-22,7.67,7.67,7.67,7.67,100
VMC,2010-09-23,8.17,8.17,8.17,8.17,100
VMC,2010-09-24,8.17,8.17,8.17,8.17,0
VMC,2010-09-27,8.64,8.64,7.67,7.67,300
VMC,2010-09-28,8.02,8.5,8.02,8.5,200
VMC,2010-09-29,8.68,8.68,8.68,8.68,100
VMC,2010-09-30,8.08,9.25,8.08,9.24,9800
VMC,2010-10-01,9.24,9.24,9.24,9.24,0
VMC,2010-10-04,9.24,9.24,9.24,9.24,0
VMC,2010-10-05,8.42,8.42,8.42,8.42,500
VMC,2010-10-06,8.42,8.42,8.42,8.42,0
VMC,2010-10-07,8.2,8.2,7.87,7.87,900
VMC,2010-10-08,7.87,7.87,7.87,7.87,0
VMC,2010-10-11,7.87,7.87,7.87,7.87,0
VMC,2010-10-12,8.62,8.62,7.59,8.43,700
VMC,2010-10-13,8.08,8.08,7.56,7.56,500
VMC,2010-10-14,7.87,8.28,7.49,8.28,400
VMC,2010-10-15,7.51,7.51,7.49,7.49,700
VMC,2010-10-18,7.49,7.49,7.49,7.49,0
VMC,2010-10-19,7.49,7.92,7.49,7.92,400
VMC,2010-10-20,7.14,7.92,7.14,7.84,300
VMC,2010-10-21,7.64,7.84,7.64,7.84,300
VMC,2010-10-22,7.86,7.86,7.86,7.86,100
VMC,2010-10-25,7.92,7.92,7.92,7.92,100
VMC,2010-10-26,8.4,8.4,8.4,8.4,100
VMC,2010-10-27,7.81,7.81,7.81,7.81,1000
VMC,2010-10-28,8.12,8.12,8.12,8.12,100
VMC,2010-10-29,7.64,7.64,7.64,7.64,100
VMC,2010-11-01,7.64,7.64,7.64,7.64,0
VMC,2010-11-02,7.77,7.77,7.77,7.77,100
VMC,2010-11-03,7.77,7.77,7.77,7.77,0
VMC,2010-11-04,7.77,7.77,7.77,7.77,0
VMC,2010-11-05,7.71,7.71,7.71,7.71,100
VMC,2010-11-08,7.71,7.71,7.71,7.71,0
VMC,2010-11-09,7.18,7.18,7.18,7.18,1100
VMC,2010-11-10,7.62,7.62,7.62,7.62,100
VMC,2010-11-11,8.03,8.03,8.03,8.03,100
VMC,2010-11-12,7.48,7.48,7.48,7.48,100
VMC,2010-11-15,6.96,7.48,6.96,7.34,42400
VMC,2010-11-16,7.48,7.48,7.08,7.2,15000
VMC,2010-11-17,7.3,7.34,7.3,7.34,1500
VMC,2010-11-18,7.34,7.34,7.34,7.34,0
VMC,2010-11-19,7.64,7.86,7.64,7.79,6300
VMC,2010-11-22,7.79,7.79,7.79,7.79,0
VMC,2010-11-23,8.3,8.33,7.34,7.34,53800
VMC,2010-11-24,7.34,7.34,7.34,7.34,0
VMC,2010-11-25,7.68,7.68,7.68,7.68,200
VMC,2010-11-26,7.34,7.34,7.2,7.2,15300
VMC,2010-11-29,6.79,7.34,6.79,7.34,5100
VMC,2010-11-30,7.33,7.33,7.04,7.04,7100
VMC,2010-12-01,7.11,7.11,6.62,6.62,500
VMC,2010-12-02,7.2,7.2,7.2,7.2,100
VMC,2010-12-03,7.67,7.67,6.92,7.67,1200
VMC,2010-12-06,7.14,7.14,7.14,7.14,100
VMC,2010-12-07,7.33,7.33,7.33,7.33,100
VMC,2010-12-08,7.33,7.33,7.33,7.33,0
VMC,2010-12-09,7.33,7.33,7.33,7.33,0
VMC,2010-12-10,6.86,7.79,6.83,7.34,12400
VMC,2010-12-13,7.34,7.34,7.34,7.34,100
VMC,2010-12-14,6.89,6.89,6.89,6.89,800
VMC,2010-12-15,6.58,7.27,6.57,7.27,1000
VMC,2010-12-16,6.46,7.36,6.46,7.36,600
VMC,2010-12-17,7.26,7.26,7.26,7.26,100
VMC,2010-12-20,7.71,7.71,7.71,7.71,100
VMC,2010-12-21,7.71,7.71,7.71,7.71,0
VMC,2010-12-22,7.27,7.27,7.18,7.18,10200
VMC,2010-12-23,7.27,7.27,6.77,7.27,5700
VMC,2010-12-24,7.12,7.34,7.12,7.34,800
VMC,2010-12-27,7.2,7.27,7.2,7.2,21900
VMC,2010-12-28,7.24,7.71,7.24,7.71,61100
VMC,2010-12-29,8.02,8.02,8.02,8.02,100
VMC,2010-12-30,8.58,8.58,8.58,8.58,100
VMC,2010-12-31,7.99,9.17,7.99,8.01,31800
VMC,2011-01-04,8.02,8.02,8.02,8.02,400
VMC,2011-01-05,8.02,8.02,8.02,8.02,0
VMC,2011-01-06,8.02,8.02,8.02,8.02,0
VMC,2011-01-07,8.02,8.02,8.02,8.02,0
VMC,2011-01-10,7.93,7.93,7.93,7.93,100
VMC,2011-01-11,7.93,7.93,7.93,7.93,0
VMC,2011-01-12,7.93,7.93,7.93,7.93,0
VMC,2011-01-13,7.93,7.93,7.93,7.93,0
VMC,2011-01-14,7.81,7.81,7.43,7.43,600
VMC,2011-01-17,7.43,7.43,7.43,7.43,0
VMC,2011-01-18,7.43,7.43,7.43,7.43,0
VMC,2011-01-19,7.43,7.43,7.43,7.43,0
VMC,2011-01-20,7.43,7.43,7.43,7.43,0
VMC,2011-01-21,7.43,7.43,7.43,7.43,0
VMC,2011-01-24,7.43,7.43,7.43,7.43,0
VMC,2011-01-25,7.43,7.43,7.43,7.43,0
VMC,2011-01-26,7.43,7.43,7.43,7.43,0
VMC,2011-01-27,7.43,7.43,7.43,7.43,0
VMC,2011-01-28,7.43,7.43,7.43,7.43,0
VMC,2011-02-08,7.43,7.43,7.43,7.43,0
VMC,2011-02-09,7.43,7.43,7.43,7.43,0
VMC,2011-02-10,7.43,7.43,7.43,7.43,0
VMC,2011-02-11,7.43,7.43,7.43,7.43,0
VMC,2011-02-14,7.43,7.43,7.43,7.43,0
VMC,2011-02-15,7.43,7.43,7.43,7.43,0
VMC,2011-02-16,7.43,7.43,7.43,7.43,0
VMC,2011-02-17,8.01,8.01,8.01,8.01,100
VMC,2011-02-18,8.01,8.01,8.01,8.01,0
VMC,2011-02-21,8.01,8.01,8.01,8.01,0
VMC,2011-02-22,8.01,8.01,8.01,8.01,0
VMC,2011-02-23,8.01,8.01,8.01,8.01,0
VMC,2011-02-24,8.01,8.01,8.01,8.01,0
VMC,2011-02-25,8.01,8.01,8.01,8.01,0
VMC,2011-02-28,7.45,7.45,7.45,7.45,600
VMC,2011-03-01,7.58,7.58,7.58,7.58,100
VMC,2011-03-02,7.58,7.58,7.58,7.58,0
VMC,2011-03-03,7.05,7.05,7.05,7.05,200
VMC,2011-03-04,6.57,6.57,6.57,6.57,900
VMC,2011-03-07,6.57,6.57,6.57,6.57,0
VMC,2011-03-08,6.57,6.57,6.57,6.57,0
VMC,2011-03-09,7.02,7.02,7.02,7.02,100
VMC,2011-03-10,7.02,7.02,7.02,7.02,0
VMC,2011-03-11,7.02,7.02,7.02,7.02,0
VMC,2011-03-14,7.02,7.02,7.02,7.02,0
VMC,2011-03-15,7.02,7.02,7.02,7.02,0
VMC,2011-03-16,7.02,7.02,7.02,7.02,0
VMC,2011-03-17,6.55,6.55,6.55,6.55,100
VMC,2011-03-18,7.01,7.01,7.01,7.01,100
VMC,2011-03-21,7.33,7.33,7.33,7.33,100
VMC,2011-03-22,6.83,6.83,6.83,6.83,100
VMC,2011-03-23,7.27,7.27,7.27,7.27,100
VMC,2011-03-24,7.27,7.27,7.27,7.27,0
VMC,2011-03-25,6.83,6.83,6.77,6.77,400
VMC,2011-03-28,6.77,6.77,6.77,6.77,0
VMC,2011-03-29,6.86,6.86,6.86,6.86,100
VMC,2011-03-30,6.86,6.86,6.86,6.86,0
VMC,2011-03-31,6.86,6.86,6.86,6.86,0
VMC,2011-04-01,6.86,6.86,6.86,6.86,0
VMC,2011-04-04,6.86,6.86,6.86,6.86,0
VMC,2011-04-05,6.86,6.86,6.86,6.86,0
VMC,2011-04-06,6.86,6.86,6.86,6.86,0
VMC,2011-04-07,6.86,6.86,6.86,6.86,0
VMC,2011-04-08,6.86,6.86,6.86,6.86,0
VMC,2011-04-13,6.86,6.86,6.86,6.86,0
VMC,2011-04-14,6.86,6.86,6.86,6.86,0
VMC,2011-04-15,6.86,6.86,6.86,6.86,0
VMC,2011-04-18,6.86,6.86,6.86,6.86,0
VMC,2011-04-19,6.86,6.86,6.86,6.86,0
VMC,2011-04-20,6.86,6.86,6.86,6.86,0
VMC,2011-04-21,6.39,6.39,6.39,6.39,3000
VMC,2011-04-22,5.95,5.95,5.95,5.95,400
VMC,2011-04-25,5.55,5.55,5.55,5.55,100
VMC,2011-04-26,5.17,5.88,5.17,5.88,1300
VMC,2011-04-27,5.88,5.88,5.88,5.88,0
VMC,2011-04-28,5.88,5.88,5.88,5.88,0
VMC,2011-04-29,5.32,5.71,5.32,5.71,1100
VMC,2011-05-04,5.71,5.71,5.71,5.71,0
VMC,2011-05-05,5.29,6.07,5.29,6.07,300
VMC,2011-05-06,5.39,5.39,5.39,5.39,100
VMC,2011-05-09,5.39,5.39,5.39,5.39,0
VMC,2011-05-10,5.39,5.39,5.39,5.39,0
VMC,2011-05-11,5.04,5.73,5.04,5.73,900
VMC,2011-05-12,5.54,5.54,4.85,4.85,200
VMC,2011-05-13,4.85,4.85,4.85,4.85,0
VMC,2011-05-16,4.85,4.85,4.85,4.85,0
VMC,2011-05-17,4.85,4.85,4.85,4.85,0
VMC,2011-05-18,4.85,4.85,4.85,4.85,1100
VMC,2011-05-19,5.14,5.14,5.14,5.14,100
VMC,2011-05-20,5.14,5.14,5.14,5.14,0
VMC,2011-05-23,5.14,5.14,5.14,5.14,0
VMC,2011-05-24,5.14,5.14,5.14,5.14,0
VMC,2011-05-25,5.14,5.14,5.14,5.14,0
VMC,2011-05-26,5.29,5.48,5.29,5.48,600
VMC,2011-05-27,4.95,4.95,4.95,4.95,100
VMC,2011-05-30,4.61,4.61,4.61,4.61,100
VMC,2011-05-31,4.92,4.92,4.92,4.92,100
VMC,2011-06-01,5.26,5.26,5.26,5.26,1000
VMC,2011-06-02,5.61,5.61,4.89,5.58,5600
VMC,2011-06-03,5.01,5.35,5.01,5.35,5300
VMC,2011-06-06,5.36,5.36,5.36,5.36,1000
VMC,2011-06-07,5.58,5.7,5.58,5.7,1000
VMC,2011-06-08,5.58,5.96,5.21,5.21,2000
VMC,2011-06-09,5.95,5.95,5.95,5.95,1000
VMC,2011-06-10,6.36,6.36,5.54,5.54,3000
VMC,2011-06-13,5.54,5.54,5.54,5.54,0
VMC,2011-06-14,5.54,5.54,5.54,5.54,0
VMC,2011-06-15,5.54,5.54,5.54,5.54,0
VMC,2011-06-16,5.54,5.54,5.54,5.54,0
VMC,2011-06-17,5.41,5.41,5.41,5.41,100
VMC,2011-06-20,5.41,5.41,5.41,5.41,0
VMC,2011-06-21,5.41,5.41,5.41,5.41,0
VMC,2011-06-22,5.41,5.41,5.41,5.41,0
VMC,2011-06-23,5.41,5.41,5.41,5.41,0
VMC,2011-06-24,5.06,5.06,5.06,5.06,200
VMC,2011-06-27,4.76,4.76,4.76,4.76,100
VMC,2011-06-28,4.5,4.5,4.5,4.5,100
VMC,2011-06-29,4.8,4.8,4.36,4.36,200
VMC,2011-06-30,4.91,4.91,4.27,4.91,600
VMC,2011-07-01,4.91,4.91,4.91,4.91,0
VMC,2011-07-04,4.37,4.37,4.37,4.37,700
VMC,2011-07-05,4.68,4.68,4.11,4.11,300
VMC,2011-07-06,4.11,4.11,4.11,4.11,0
VMC,2011-07-07,4.01,4.01,4.01,4.01,400
VMC,2011-07-08,4.01,4.01,4.01,4.01,0
VMC,2011-07-11,3.73,3.73,3.73,3.73,3300
VMC,2011-07-12,3.73,3.73,3.73,3.73,0
VMC,2011-07-13,3.73,3.73,3.73,3.73,0
VMC,2011-07-14,3.73,3.73,3.73,3.73,0
VMC,2011-07-15,3.73,3.73,3.73,3.73,0
VMC,2011-07-18,3.73,3.73,3.73,3.73,0
VMC,2011-07-19,3.82,3.82,3.82,3.82,1000
VMC,2011-07-20,3.82,3.82,3.82,3.82,0
VMC,2011-07-21,3.82,3.82,3.82,3.82,0
VMC,2011-07-22,3.82,3.82,3.82,3.82,0
VMC,2011-07-25,3.98,3.98,3.98,3.98,1100
VMC,2011-07-26,3.98,3.98,3.98,3.98,0
VMC,2011-07-27,3.98,3.98,3.98,3.98,0
VMC,2011-07-28,3.98,3.98,3.98,3.98,0
VMC,2011-07-29,3.98,3.98,3.98,3.98,0
VMC,2011-08-01,4.22,4.22,4.22,4.22,100
VMC,2011-08-02,4.22,4.22,4.22,4.22,0
VMC,2011-08-03,4.22,4.22,4.22,4.22,0
VMC,2011-08-04,4.22,4.22,4.22,4.22,0
VMC,2011-08-05,4.22,4.22,4.22,4.22,0
VMC,2011-08-08,4.22,4.22,4.22,4.22,0
VMC,2011-08-09,4.22,4.22,4.22,4.22,0
VMC,2011-08-10,4.22,4.22,4.22,4.22,0
VMC,2011-08-11,4.22,4.22,4.22,4.22,0
VMC,2011-08-12,4.22,4.22,4.22,4.22,0
VMC,2011-08-15,4.22,4.22,4.22,4.22,0
VMC,2011-08-16,3.93,3.93,3.93,3.93,100
VMC,2011-08-17,3.93,3.93,3.93,3.93,0
VMC,2011-08-18,3.93,3.93,3.93,3.93,0
VMC,2011-08-19,3.82,3.82,3.82,3.82,400
VMC,2011-08-22,3.82,3.82,3.82,3.82,0
VMC,2011-08-23,3.82,3.82,3.82,3.82,0
VMC,2011-08-24,3.82,3.82,3.82,3.82,0
VMC,2011-08-25,3.82,3.82,3.82,3.82,0
VMC,2011-08-26,3.56,3.56,3.56,3.56,100
VMC,2011-08-29,3.56,3.56,3.56,3.56,0
VMC,2011-08-30,3.56,3.56,3.56,3.56,0
VMC,2011-08-31,3.56,3.56,3.56,3.56,0
VMC,2011-09-01,3.33,3.33,3.33,3.33,100
VMC,2011-09-05,3.1,3.1,3.1,3.1,100
VMC,2011-09-06,3.1,3.1,3.1,3.1,0
VMC,2011-09-07,3.1,3.1,3.1,3.1,0
VMC,2011-09-08,3.1,3.1,3.1,3.1,500
VMC,2011-09-09,3.32,3.32,3.32,3.32,500
VMC,2011-09-12,3.32,3.32,3.32,3.32,0
VMC,2011-09-13,3.33,3.38,3.32,3.32,3100
VMC,2011-09-14,3.32,3.32,3.32,3.32,0
VMC,2011-09-15,3.32,3.32,3.32,3.32,0
VMC,2011-09-16,3.32,3.32,3.32,3.32,0
VMC,2011-09-19,3.32,3.32,3.32,3.32,0
VMC,2011-09-20,3.32,3.32,3.32,3.32,0
VMC,2011-09-21,3.32,3.32,3.32,3.32,0
VMC,2011-09-22,3.32,3.32,3.32,3.32,100
VMC,2011-09-23,3.32,3.32,3.32,3.32,0
VMC,2011-09-26,3.32,3.32,3.32,3.32,0
VMC,2011-09-27,3.32,3.32,3.32,3.32,0
VMC,2011-09-28,3.4,3.4,3.36,3.36,300
VMC,2011-09-29,3.35,3.38,3.35,3.38,1100
VMC,2011-09-30,3.38,3.38,3.38,3.38,0
VMC,2011-10-03,3.38,3.38,3.38,3.38,0
VMC,2011-10-04,3.38,3.38,3.38,3.38,0
VMC,2011-10-05,3.35,3.35,3.35,3.35,100
VMC,2011-10-06,3.35,3.35,3.35,3.35,0
VMC,2011-10-07,3.35,3.35,3.35,3.35,0
VMC,2011-10-10,3.35,3.35,3.35,3.35,0
VMC,2011-10-11,3.35,3.35,3.35,3.35,0
VMC,2011-10-12,3.35,3.35,3.35,3.35,0
VMC,2011-10-13,3.12,3.12,3.12,3.35,100
VMC,2011-10-14,2.91,2.91,2.91,2.91,400
VMC,2011-10-17,2.91,2.91,2.91,2.91,0
VMC,2011-10-18,2.71,2.71,2.71,2.71,2100
VMC,2011-10-19,2.54,2.58,2.52,2.52,3800
VMC,2011-10-20,2.52,2.52,2.52,2.52,0
VMC,2011-10-21,2.52,2.52,2.52,2.52,0
VMC,2011-10-24,2.37,2.37,2.37,2.37,200
VMC,2011-10-25,2.52,2.52,2.52,2.52,1700
VMC,2011-10-26,2.52,2.52,2.52,2.52,1600
VMC,2011-10-27,2.52,2.52,2.49,2.49,1600
VMC,2011-10-28,2.52,2.52,2.51,2.51,2100
VMC,2011-10-31,2.34,2.34,2.34,2.34,900
VMC,2011-11-01,2.34,2.34,2.34,2.34,0
VMC,2011-11-02,2.34,2.34,2.34,2.34,0
VMC,2011-11-03,2.34,2.34,2.34,2.34,0
VMC,2011-11-04,2.34,2.34,2.34,2.34,0
VMC,2011-11-07,2.34,2.34,2.34,2.34,0
VMC,2011-11-08,2.19,2.19,2.19,2.19,100
VMC,2011-11-09,2.34,2.34,2.34,2.34,100
VMC,2011-11-10,2.34,2.34,2.34,2.34,0
VMC,2011-11-11,2.34,2.34,2.34,2.34,0
VMC,2011-11-14,2.34,2.34,2.34,2.34,0
VMC,2011-11-15,2.34,2.34,2.34,2.34,0
VMC,2011-11-16,2.34,2.34,2.34,2.34,0
VMC,2011-11-17,2.34,2.34,2.34,2.34,0
VMC,2011-11-18,2.34,2.34,2.34,2.34,0
VMC,2011-11-21,2.34,2.34,2.34,2.34,0
VMC,2011-11-22,2.34,2.34,2.34,2.34,0
VMC,2011-11-23,2.34,2.34,2.34,2.34,0
VMC,2011-11-24,2.34,2.34,2.34,2.34,0
VMC,2011-11-25,2.19,2.19,2.19,2.19,300
VMC,2011-11-28,2.19,2.19,2.19,2.19,0
VMC,2011-11-29,2.19,2.19,2.19,2.19,0
VMC,2011-11-30,2.19,2.19,2.19,2.19,0
VMC,2011-12-01,2.19,2.19,2.19,2.19,0
VMC,2011-12-02,2.19,2.19,2.19,2.19,0
VMC,2011-12-05,2.19,2.19,2.19,2.19,0
VMC,2011-12-06,2.19,2.19,2.19,2.19,0
VMC,2011-12-07,2.14,2.14,2.14,2.14,3000
VMC,2011-12-08,2.14,2.14,2.14,2.14,0
VMC,2011-12-09,2.14,2.14,2.14,2.14,0
VMC,2011-12-12,2.14,2.14,2.14,2.14,0
VMC,2011-12-13,2.14,2.14,2.14,2.14,100
VMC,2011-12-14,2.14,2.14,2.14,2.14,0
VMC,2011-12-15,2.14,2.14,2.14,2.14,0
VMC,2011-12-16,2.14,2.14,2.14,2.14,200
VMC,2011-12-19,2.0,2.0,2.0,2.0,10000
VMC,2011-12-20,2.0,2.0,2.0,2.0,0
VMC,2011-12-21,1.87,1.87,1.87,1.87,4900
VMC,2011-12-22,1.87,1.87,1.87,1.87,0
VMC,2011-12-23,1.76,1.99,1.74,1.99,5400
VMC,2011-12-26,1.9,1.9,1.9,1.9,100
VMC,2011-12-27,1.9,1.9,1.9,1.9,0
VMC,2011-12-28,2.02,2.02,2.02,2.02,100
VMC,2011-12-29,2.16,2.16,2.16,2.16,900
VMC,2011-12-30,2.29,2.29,2.29,2.29,1000
VMC,2012-01-03,2.29,2.29,2.29,2.29,0
VMC,2012-01-04,2.29,2.29,2.29,2.29,0
VMC,2012-01-05,2.29,2.29,2.29,2.29,0
VMC,2012-01-06,2.29,2.29,2.29,2.29,0
VMC,2012-01-09,2.29,2.29,2.29,2.29,0
VMC,2012-01-10,2.29,2.29,2.29,2.29,0
VMC,2012-01-11,2.29,2.29,2.29,2.29,0
VMC,2012-01-12,2.29,2.29,2.29,2.29,0
VMC,2012-01-13,2.29,2.29,2.29,2.29,0
VMC,2012-01-16,2.29,2.29,2.29,2.29,0
VMC,2012-01-17,2.29,2.29,2.29,2.29,0
VMC,2012-01-18,2.45,2.45,2.45,2.45,300
VMC,2012-01-19,2.45,2.45,2.45,2.45,0
VMC,2012-01-20,2.45,2.45,2.45,2.45,0
VMC,2012-01-30,2.62,2.62,2.62,2.62,100
VMC,2012-01-31,2.77,2.77,2.77,2.77,100
VMC,2012-02-01,2.77,2.77,2.77,2.77,0
VMC,2012-02-02,2.77,2.77,2.77,2.77,0
VMC,2012-02-03,2.94,2.94,2.94,2.94,100
VMC,2012-02-06,2.94,2.94,2.94,2.94,0
VMC,2012-02-07,2.94,2.94,2.94,2.94,0
VMC,2012-02-08,2.94,2.94,2.94,2.94,0
VMC,2012-02-09,2.94,2.94,2.94,2.94,0
VMC,2012-02-10,2.94,2.94,2.94,2.94,0
VMC,2012-02-13,2.94,2.94,2.94,2.94,0
VMC,2012-02-14,2.94,2.94,2.94,2.94,0
VMC,2012-02-15,2.94,2.94,2.94,2.94,0
VMC,2012-02-16,2.94,2.94,2.94,2.94,0
VMC,2012-02-17,2.94,2.94,2.94,2.94,0
VMC,2012-02-20,2.94,2.94,2.94,2.94,0
VMC,2012-02-21,2.94,2.94,2.94,2.94,0
VMC,2012-02-22,2.94,2.94,2.94,2.94,0
VMC,2012-02-23,2.94,2.94,2.94,2.94,0
VMC,2012-02-24,2.94,2.94,2.94,2.94,0
VMC,2012-02-27,2.94,2.94,2.94,2.94,0
VMC,2012-02-28,2.94,2.94,2.94,2.94,0
VMC,2012-02-29,2.94,2.94,2.94,2.94,0
VMC,2012-03-01,2.94,2.94,2.94,2.94,0
VMC,2012-03-02,2.74,2.92,2.74,2.92,1000
VMC,2012-03-05,2.75,2.94,2.75,2.83,3100
VMC,2012-03-06,2.95,2.95,2.58,2.92,900
VMC,2012-03-07,2.62,2.95,2.62,2.95,700
VMC,2012-03-08,2.6,2.6,2.57,2.57,1200
VMC,2012-03-09,2.45,2.46,2.45,2.45,2500
VMC,2012-03-12,2.58,2.58,2.58,2.58,200
VMC,2012-03-13,2.72,2.72,2.72,2.72,1000
VMC,2012-03-14,2.75,2.75,2.75,2.75,200
VMC,2012-03-15,2.83,2.83,2.83,2.83,100
VMC,2012-03-16,2.91,2.91,2.91,2.91,100
VMC,2012-03-19,2.91,2.91,2.91,2.91,0
VMC,2012-03-20,2.91,2.91,2.91,2.91,0
VMC,2012-03-21,2.71,2.71,2.71,2.71,300
VMC,2012-03-22,2.52,2.81,2.52,2.81,600
VMC,2012-03-23,2.75,2.95,2.58,2.94,8900
VMC,2012-03-26,2.97,2.98,2.97,2.98,1400
VMC,2012-03-27,3.17,3.17,2.78,2.78,3200
VMC,2012-03-28,2.97,2.97,2.97,2.97,100
VMC,2012-03-29,2.78,3.06,2.77,3.06,2800
VMC,2012-03-30,3.24,3.24,3.24,3.24,100
VMC,2012-04-03,3.36,3.36,3.36,3.36,2000
VMC,2012-04-04,3.36,3.36,3.36,3.36,0
VMC,2012-04-05,3.36,3.36,3.29,3.29,2100
VMC,2012-04-06,3.29,3.29,3.29,3.29,0
VMC,2012-04-09,3.43,3.43,3.43,3.43,100
VMC,2012-04-10,3.43,3.43,3.43,3.43,0
VMC,2012-04-11,3.43,3.43,3.43,3.43,0
VMC,2012-04-12,3.43,3.43,3.43,3.43,0
VMC,2012-04-13,3.43,3.43,3.43,3.43,0
VMC,2012-04-16,3.43,3.43,3.43,3.43,0
VMC,2012-04-17,3.2,3.21,3.2,3.2,5200
VMC,2012-04-18,3.21,3.21,3.21,3.21,100
VMC,2012-04-19,3.01,3.36,3.0,3.36,1100
VMC,2012-04-20,3.36,3.36,3.36,3.36,0
VMC,2012-04-23,3.14,3.14,3.14,3.14,1000
VMC,2012-04-24,3.14,3.14,3.14,3.14,0
VMC,2012-04-25,2.92,3.32,2.92,3.32,300
VMC,2012-04-26,3.43,3.43,3.36,3.36,200
VMC,2012-04-27,3.59,3.59,3.36,3.36,300
VMC,2012-05-02,3.44,3.44,3.14,3.14,4500
VMC,2012-05-03,2.98,3.29,2.98,3.29,2100
VMC,2012-05-04,3.29,3.29,3.29,3.29,5900
VMC,2012-05-07,3.29,3.29,3.21,3.21,200
VMC,2012-05-08,3.21,3.21,3.21,3.21,0
VMC,2012-05-09,3.47,3.47,3.47,3.47,10100
VMC,2012-05-10,3.64,3.64,3.64,3.64,100
VMC,2012-05-11,3.79,3.89,3.79,3.89,3900
VMC,2012-05-14,3.89,3.89,3.89,3.89,0
VMC,2012-05-15,3.62,3.62,3.62,3.62,1000
VMC,2012-05-16,3.62,3.62,3.62,3.62,0
VMC,2012-05-17,3.62,3.62,3.62,3.62,0
VMC,2012-05-18,3.37,3.37,3.37,3.37,5300
VMC,2012-05-21,3.37,3.37,3.37,3.37,0
VMC,2012-05-22,3.14,3.14,3.14,3.14,200
VMC,2012-05-23,3.36,3.36,3.36,3.36,100
VMC,2012-05-24,3.36,3.36,3.36,3.36,0
VMC,2012-05-25,3.36,3.36,3.36,3.36,0
VMC,2012-05-28,3.36,3.36,3.36,3.36,0
VMC,2012-05-29,3.36,3.36,3.36,3.36,0
VMC,2012-05-30,3.12,3.12,3.12,3.12,17000
VMC,2012-05-31,3.34,3.34,3.34,3.34,100
VMC,2012-06-01,3.34,3.34,3.34,3.34,0
VMC,2012-06-04,3.34,3.34,3.34,3.34,0
VMC,2012-06-05,3.34,3.34,3.34,3.34,0
VMC,2012-06-06,3.34,3.34,3.34,3.34,0
VMC,2012-06-07,3.34,3.34,3.34,3.34,0
VMC,2012-06-08,3.34,3.34,3.34,3.34,0
VMC,2012-06-11,3.11,3.11,3.11,3.11,4000
VMC,2012-06-12,3.11,3.11,3.11,3.11,0
VMC,2012-06-13,3.11,3.11,3.11,3.11,0
VMC,2012-06-14,3.11,3.11,3.11,3.11,0
VMC,2012-06-15,3.11,3.11,3.11,3.11,0
VMC,2012-06-18,3.11,3.11,3.11,3.11,0
VMC,2012-06-19,3.11,3.11,3.11,3.11,0
VMC,2012-06-20,2.89,2.89,2.89,2.89,2400
VMC,2012-06-21,2.89,2.89,2.89,2.89,0
VMC,2012-06-22,2.89,2.89,2.89,2.89,0
VMC,2012-06-25,2.89,2.89,2.89,2.89,0
VMC,2012-06-26,2.69,3.09,2.69,3.09,1100
VMC,2012-06-27,3.31,3.31,3.31,3.31,100
VMC,2012-06-28,3.24,3.52,3.24,3.52,4200
VMC,2012-06-29,3.59,3.59,3.59,3.59,100
VMC,2012-07-02,3.59,3.59,3.59,3.59,0
VMC,2012-07-03,3.59,3.59,3.59,3.59,0
VMC,2012-07-04,3.59,3.59,3.59,3.59,0
VMC,2012-07-05,3.59,3.59,3.59,3.59,0
VMC,2012-07-06,3.59,3.59,3.59,3.59,0
VMC,2012-07-09,3.59,3.59,3.59,3.59,0
VMC,2012-07-10,3.59,3.59,3.59,3.59,0
VMC,2012-07-11,3.59,3.59,3.59,3.59,0
VMC,2012-07-12,3.59,3.59,3.59,3.59,0
VMC,2012-07-13,3.59,3.59,3.59,3.59,0
VMC,2012-07-16,3.59,3.59,3.59,3.59,0
VMC,2012-07-17,3.59,3.59,3.59,3.59,0
VMC,2012-07-18,3.34,3.34,3.34,3.34,100
VMC,2012-07-19,3.34,3.34,3.34,3.34,0
VMC,2012-07-20,3.34,3.34,3.34,3.34,0
VMC,2012-07-23,3.11,3.11,3.11,3.11,200
VMC,2012-07-24,2.91,2.91,2.91,2.91,100
VMC,2012-07-25,2.91,2.91,2.91,2.91,0
VMC,2012-07-26,2.91,2.91,2.91,2.91,0
VMC,2012-07-27,2.91,2.91,2.91,2.91,0
VMC,2012-07-30,2.71,2.71,2.71,2.71,100
VMC,2012-07-31,2.71,2.71,2.71,2.71,0
VMC,2012-08-01,2.71,2.71,2.71,2.71,0
VMC,2012-08-02,2.71,2.71,2.71,2.71,100
VMC,2012-08-03,2.71,2.71,2.71,2.71,0
VMC,2012-08-06,2.52,2.56,2.52,2.56,1700
VMC,2012-08-07,2.57,2.57,2.57,2.57,200
VMC,2012-08-08,2.57,2.57,2.57,2.57,0
VMC,2012-08-09,2.57,2.57,2.57,2.57,0
VMC,2012-08-10,2.74,2.74,2.52,2.52,200
VMC,2012-08-13,2.69,2.69,2.36,2.36,200
VMC,2012-08-14,2.36,2.36,2.36,2.36,0
VMC,2012-08-15,2.36,2.36,2.36,2.36,0
VMC,2012-08-16,2.49,2.49,2.49,2.49,200
VMC,2012-08-17,2.49,2.49,2.49,2.49,0
VMC,2012-08-20,2.49,2.49,2.49,2.49,0
VMC,2012-08-21,2.44,2.44,2.44,2.44,1000
VMC,2012-08-22,2.44,2.44,2.44,2.44,0
VMC,2012-08-23,2.44,2.44,2.44,2.44,0
VMC,2012-08-24,2.49,2.49,2.49,2.49,100
VMC,2012-08-27,2.49,2.49,2.49,2.49,0
VMC,2012-08-28,2.49,2.49,2.49,2.49,0
VMC,2012-08-29,2.33,2.33,2.33,2.33,400
VMC,2012-08-30,2.18,2.18,2.18,2.18,500
VMC,2012-08-31,2.04,2.33,2.03,2.03,2500
VMC,2012-09-04,1.91,1.93,1.89,1.93,25800
VMC,2012-09-05,1.93,1.93,1.93,1.93,0
VMC,2012-09-06,2.06,2.06,2.06,2.06,800
VMC,2012-09-07,2.19,2.19,1.93,2.19,400
VMC,2012-09-10,2.19,2.19,2.19,2.19,0
VMC,2012-09-11,2.19,2.19,2.19,2.19,0
VMC,2012-09-12,2.33,2.33,2.33,2.33,100
VMC,2012-09-13,2.33,2.33,2.33,2.33,0
VMC,2012-09-14,2.33,2.33,2.33,2.33,0
VMC,2012-09-17,2.19,2.19,2.19,2.19,500
VMC,2012-09-18,2.29,2.29,2.29,2.29,100
VMC,2012-09-19,2.44,2.44,2.14,2.14,600
VMC,2012-09-20,2.01,2.01,1.99,1.99,2200
VMC,2012-09-21,2.13,2.13,2.13,2.13,100
VMC,2012-09-24,2.26,2.26,2.26,2.26,1100
VMC,2012-09-25,2.41,2.41,2.41,2.41,100
VMC,2012-09-26,2.46,2.46,2.46,2.46,100
VMC,2012-09-27,2.31,2.46,2.31,2.46,2300
VMC,2012-09-28,2.48,2.49,2.29,2.29,300
VMC,2012-10-01,2.29,2.29,2.29,2.29,0
VMC,2012-10-02,2.29,2.29,2.29,2.29,0
VMC,2012-10-03,2.14,2.14,2.14,2.14,400
VMC,2012-10-04,2.14,2.14,2.14,2.14,0
VMC,2012-10-05,2.03,2.03,2.01,2.01,300
VMC,2012-10-08,1.99,1.99,1.99,1.99,500
VMC,2012-10-09,1.99,1.99,1.99,1.99,0
VMC,2012-10-10,1.86,1.86,1.86,1.86,500
VMC,2012-10-11,1.98,1.98,1.93,1.93,1600
VMC,2012-10-12,1.84,1.84,1.84,1.84,700
VMC,2012-10-15,1.96,1.96,1.96,1.96,500
VMC,2012-10-16,1.96,1.96,1.96,1.96,0
VMC,2012-10-17,1.98,1.98,1.96,1.96,3000
VMC,2012-10-18,1.93,1.93,1.93,1.93,6500
VMC,2012-10-19,1.93,1.93,1.93,1.93,2000
VMC,2012-10-22,1.93,1.93,1.93,1.93,2000
VMC,2012-10-23,1.94,1.94,1.94,1.94,5000
VMC,2012-10-24,1.94,1.94,1.94,1.94,0
VMC,2012-10-25,1.94,1.94,1.94,1.94,0
VMC,2012-10-26,1.94,1.94,1.94,1.94,42600
VMC,2012-10-29,1.94,1.94,1.94,1.94,58300
VMC,2012-10-30,1.94,1.94,1.94,1.94,100
VMC,2012-10-31,1.94,1.94,1.94,1.94,0
VMC,2012-11-01,1.94,1.94,1.94,1.94,0
VMC,2012-11-02,1.94,1.94,1.94,1.94,0
VMC,2012-11-05,1.94,1.94,1.94,1.94,39100
VMC,2012-11-06,1.94,1.96,1.94,1.94,24000
VMC,2012-11-07,1.94,1.94,1.94,1.94,5000
VMC,2012-11-08,1.94,1.99,1.94,1.99,8200
VMC,2012-11-09,1.94,1.94,1.94,1.94,5000
VMC,2012-11-12,1.94,1.94,1.94,1.94,10000
VMC,2012-11-13,1.94,1.94,1.94,1.94,7000
VMC,2012-11-14,2.08,2.08,2.08,2.08,100
VMC,2012-11-15,1.94,1.94,1.94,1.94,1600
VMC,2012-11-16,1.86,1.86,1.86,1.86,200
VMC,2012-11-19,1.74,1.76,1.74,1.76,200
VMC,2012-11-20,1.76,1.76,1.76,1.76,0
VMC,2012-11-21,1.76,1.76,1.76,1.76,0
VMC,2012-11-22,1.76,1.76,1.76,1.76,0
VMC,2012-11-23,1.76,1.76,1.76,1.76,0
VMC,2012-11-26,1.86,1.86,1.86,1.86,100
VMC,2012-11-27,1.86,1.86,1.86,1.86,0
VMC,2012-11-28,1.86,1.86,1.86,1.86,0
VMC,2012-11-29,1.86,1.86,1.86,1.86,0
VMC,2012-11-30,1.86,1.86,1.86,1.86,0
VMC,2012-12-03,1.74,1.74,1.74,1.74,100
VMC,2012-12-04,1.68,1.68,1.68,1.68,100
VMC,2012-12-05,1.68,1.68,1.68,1.68,0
VMC,2012-12-06,1.68,1.68,1.68,1.68,0
VMC,2012-12-07,1.68,1.68,1.68,1.68,0
VMC,2012-12-10,1.79,1.79,1.79,1.79,200
VMC,2012-12-11,1.91,1.91,1.91,1.91,100
VMC,2012-12-12,1.91,1.91,1.91,1.91,0
VMC,2012-12-13,2.04,2.04,2.03,2.03,11700
VMC,2012-12-14,2.08,2.08,2.08,2.08,100
VMC,2012-12-17,2.08,2.08,2.08,2.08,0
VMC,2012-12-18,2.19,2.21,2.19,2.21,300
VMC,2012-12-19,2.36,2.36,2.36,2.36,500
VMC,2012-12-20,2.51,2.51,2.51,2.51,100
VMC,2012-12-21,2.62,2.62,2.62,2.62,100
VMC,2012-12-24,2.77,2.77,2.77,2.77,100
VMC,2012-12-25,2.59,2.81,2.59,2.81,1100
VMC,2012-12-26,2.81,2.81,2.81,2.81,0
VMC,2012-12-27,2.62,2.99,2.62,2.99,5500
VMC,2012-12-28,2.99,2.99,2.99,2.99,0
VMC,2013-01-02,2.99,2.99,2.99,2.99,0
VMC,2013-01-03,2.99,2.99,2.99,2.99,0
VMC,2013-01-04,2.99,2.99,2.99,2.99,0
VMC,2013-01-07,2.99,2.99,2.99,2.99,0
VMC,2013-01-08,2.99,2.99,2.99,2.99,0
VMC,2013-01-09,2.79,2.79,2.79,2.79,500
VMC,2013-01-10,2.61,2.61,2.61,2.61,100
VMC,2013-01-11,2.44,2.44,2.44,2.44,2000
VMC,2013-01-14,2.44,2.44,2.44,2.44,0
VMC,2013-01-15,2.23,2.23,2.23,2.23,100
VMC,2013-01-16,2.23,2.23,2.23,2.23,0
VMC,2013-01-17,2.23,2.23,2.23,2.23,0
VMC,2013-01-18,2.23,2.23,2.23,2.23,0
VMC,2013-01-21,2.16,2.16,2.16,2.16,100
VMC,2013-01-22,1.94,1.94,1.94,1.94,100
VMC,2013-01-23,1.76,1.76,1.76,1.76,100
VMC,2013-01-24,1.76,1.76,1.76,1.76,0
VMC,2013-01-25,1.76,1.76,1.76,1.76,0
VMC,2013-01-28,1.93,1.93,1.93,1.93,100
VMC,2013-01-29,1.93,1.93,1.93,1.93,500
VMC,2013-01-30,1.99,2.11,1.99,2.11,600
VMC,2013-01-31,2.11,2.11,2.11,2.11,0
VMC,2013-02-01,2.19,2.19,2.19,2.19,100
VMC,2013-02-04,2.04,2.04,2.04,2.04,100
VMC,2013-02-05,2.18,2.18,2.18,2.18,200
VMC,2013-02-06,2.39,2.39,2.39,2.39,900
VMC,2013-02-07,2.39,2.39,2.39,2.39,0
VMC,2013-02-08,2.39,2.39,2.39,2.39,0
VMC,2013-02-18,2.18,2.18,2.18,2.18,400
VMC,2013-02-19,2.39,2.39,2.09,2.09,3600
VMC,2013-02-20,2.29,2.29,2.29,2.29,200
VMC,2013-02-21,2.51,2.51,2.51,2.51,100
VMC,2013-02-22,2.51,2.51,2.51,2.51,400
VMC,2013-02-25,2.51,2.51,2.51,2.51,0
VMC,2013-02-26,2.51,2.51,2.51,2.51,0
VMC,2013-02-27,2.51,2.51,2.51,2.51,0
VMC,2013-02-28,2.51,2.51,2.51,2.51,700
VMC,2013-03-01,2.51,2.51,2.51,2.51,2000
VMC,2013-03-04,2.51,2.51,2.51,2.51,5000
VMC,2013-03-05,2.51,2.51,2.51,2.51,6000
VMC,2013-03-06,2.51,2.51,2.51,2.51,0
VMC,2013-03-07,2.51,2.51,2.51,2.51,0
VMC,2013-03-08,2.51,2.51,2.51,2.51,0
VMC,2013-03-11,2.51,2.51,2.51,2.51,0
VMC,2013-03-12,2.51,2.51,2.51,2.51,3900
VMC,2013-03-13,2.43,2.43,2.41,2.41,21000
VMC,2013-03-14,2.41,2.51,2.41,2.51,3600
VMC,2013-03-15,2.51,2.51,2.51,2.51,0
VMC,2013-03-18,2.41,2.41,2.41,2.41,20000
VMC,2013-03-19,2.41,2.41,2.41,2.41,21500
VMC,2013-03-20,2.41,2.41,2.41,2.41,0
VMC,2013-03-21,2.41,2.41,2.41,2.41,0
VMC,2013-03-22,2.57,2.57,2.57,2.57,100
VMC,2013-03-25,2.57,2.57,2.57,2.57,0
VMC,2013-03-26,2.74,2.74,2.74,2.74,100
VMC,2013-03-27,2.91,2.91,2.91,2.91,100
VMC,2013-03-28,3.16,3.17,2.62,3.17,8800
VMC,2013-03-29,2.71,2.97,2.69,2.97,4400
VMC,2013-04-01,2.97,2.97,2.97,2.97,0
VMC,2013-04-02,2.97,2.97,2.97,2.97,0
VMC,2013-04-03,2.97,2.97,2.97,2.97,0
VMC,2013-04-04,2.97,2.97,2.97,2.97,0
VMC,2013-04-05,2.97,2.97,2.97,2.97,0
VMC,2013-04-08,2.97,2.97,2.97,2.97,0
VMC,2013-04-09,2.97,2.97,2.97,2.97,0
VMC,2013-04-10,2.97,2.97,2.97,2.97,0
VMC,2013-04-11,2.97,2.97,2.97,2.97,0
VMC,2013-04-12,2.97,2.97,2.97,2.97,0
VMC,2013-04-15,2.97,2.97,2.97,2.97,0
VMC,2013-04-16,2.97,2.97,2.97,2.97,0
VMC,2013-04-17,2.97,2.97,2.97,2.97,0
VMC,2013-04-18,2.97,2.97,2.97,2.97,0
VMC,2013-04-22,2.97,2.97,2.97,2.97,0
VMC,2013-04-23,2.97,2.97,2.97,2.97,0
VMC,2013-04-24,2.69,2.69,2.69,2.69,100
VMC,2013-04-25,2.69,2.69,2.69,2.69,0
VMC,2013-04-26,2.69,2.69,2.69,2.69,0
VMC,2013-05-02,2.69,2.69,2.69,2.69,0
VMC,2013-05-03,2.69,2.69,2.69,2.69,0
VMC,2013-05-06,2.69,2.69,2.69,2.69,0
VMC,2013-05-07,2.69,2.69,2.69,2.69,0
VMC,2013-05-08,2.69,2.69,2.69,2.69,0
VMC,2013-05-09,2.43,2.43,2.43,2.43,100
VMC,2013-05-10,2.21,2.21,2.21,2.21,3000
VMC,2013-05-13,2.01,2.01,2.01,2.01,100
VMC,2013-05-14,1.83,1.83,1.83,1.83,100
VMC,2013-05-15,2.01,2.01,2.01,2.01,200
VMC,2013-05-16,2.19,2.19,2.19,2.19,500
VMC,2013-05-17,2.19,2.19,2.19,2.19,0
VMC,2013-05-20,2.19,2.19,2.19,2.19,0
VMC,2013-05-21,2.19,2.19,2.19,2.19,0
VMC,2013-05-22,2.19,2.19,2.19,2.19,0
VMC,2013-05-23,2.38,2.38,2.38,2.38,500
VMC,2013-05-24,2.38,2.38,2.38,2.38,0
VMC,2013-05-27,2.14,2.14,2.14,2.14,200
VMC,2013-05-28,2.31,2.31,2.31,2.31,100
VMC,2013-05-29,2.39,2.39,2.39,2.39,100
VMC,2013-05-30,2.39,2.39,2.39,2.39,0
VMC,2013-05-31,2.39,2.39,2.39,2.39,0
VMC,2013-06-03,2.39,2.39,2.39,2.39,0
VMC,2013-06-04,2.16,2.16,2.16,2.16,600
VMC,2013-06-05,2.36,2.36,2.36,2.36,100
VMC,2013-06-06,2.36,2.36,2.36,2.36,0
VMC,2013-06-07,2.36,2.36,2.36,2.36,0
VMC,2013-06-10,2.59,2.59,2.56,2.56,2200
VMC,2013-06-11,2.56,2.56,2.56,2.56,0
VMC,2013-06-12,2.31,2.31,2.31,2.31,100
VMC,2013-06-13,2.11,2.14,2.09,2.09,10000
VMC,2013-06-14,2.09,2.09,2.09,2.09,600
VMC,2013-06-17,2.16,2.16,2.16,2.16,1100
VMC,2013-06-18,2.16,2.16,2.16,2.16,0
VMC,2013-06-19,2.16,2.16,2.16,2.16,0
VMC,2013-06-20,2.34,2.34,2.34,2.34,0
VMC,2013-06-21,2.16,2.16,2.16,2.16,0
VMC,2013-06-24,2.25,2.25,2.21,2.21,3100
VMC,2013-06-25,2.21,2.21,2.21,2.21,0
VMC,2013-06-26,2.16,2.16,2.16,2.16,1400
VMC,2013-06-27,2.16,2.34,2.16,2.34,5300
VMC,2013-06-28,2.57,2.57,2.11,2.11,3300
VMC,2013-07-01,2.25,2.25,2.25,2.25,100
VMC,2013-07-02,2.25,2.25,2.25,2.25,0
VMC,2013-07-03,2.03,2.03,2.03,2.03,100
VMC,2013-07-04,2.03,2.03,2.03,2.03,0
VMC,2013-07-05,2.03,2.03,2.03,2.03,1700
VMC,2013-07-08,2.03,2.03,2.03,2.03,0
VMC,2013-07-09,2.03,2.03,2.03,2.03,0
VMC,2013-07-10,1.91,1.91,1.91,1.91,100
VMC,2013-07-11,2.09,2.09,2.09,2.09,400
VMC,2013-07-12,2.09,2.09,2.09,2.09,0
VMC,2013-07-15,2.09,2.09,2.09,2.09,0
VMC,2013-07-16,2.09,2.09,2.09,2.09,0
VMC,2013-07-17,1.96,1.96,1.96,1.96,300
VMC,2013-07-18,1.96,1.96,1.96,1.96,0
VMC,2013-07-19,2.14,2.14,2.14,2.14,500
VMC,2013-07-22,2.14,2.18,2.12,2.18,10900
VMC,2013-07-23,2.18,2.18,2.18,2.18,0
VMC,2013-07-24,2.18,2.18,2.18,2.18,0
VMC,2013-07-25,2.18,2.18,2.18,2.18,0
VMC,2013-07-26,2.18,2.18,2.18,2.18,0
VMC,2013-07-29,2.14,2.14,2.14,2.14,500
VMC,2013-07-30,2.14,2.14,2.14,2.14,0
VMC,2013-07-31,2.14,2.14,2.14,2.14,0
VMC,2013-08-01,2.14,2.14,2.14,2.14,0
VMC,2013-08-02,1.96,1.96,1.96,1.96,100
VMC,2013-08-05,1.96,1.96,1.96,1.96,0
VMC,2013-08-06,1.96,1.96,1.96,1.96,0
VMC,2013-08-07,1.96,1.96,1.96,1.96,0
VMC,2013-08-08,1.96,1.96,1.96,1.96,0
VMC,2013-08-09,1.96,1.96,1.96,1.96,0
VMC,2013-08-12,1.96,1.96,1.96,1.96,0
VMC,2013-08-13,1.96,1.96,1.96,1.96,0
VMC,2013-08-14,1.96,1.96,1.96,1.96,0
VMC,2013-08-15,2.14,2.14,2.14,2.14,100
VMC,2013-08-16,2.14,2.14,2.14,2.14,0
VMC,2013-08-19,2.14,2.14,2.14,2.14,0
VMC,2013-08-20,2.14,2.14,2.14,2.14,0
VMC,2013-08-21,2.16,2.16,2.16,2.16,200
VMC,2013-08-22,2.16,2.16,2.16,2.16,2000
VMC,2013-08-23,2.16,2.16,2.16,2.16,0
VMC,2013-08-26,2.16,2.16,2.16,2.16,0
VMC,2013-08-27,2.16,2.16,2.16,2.16,0
VMC,2013-08-28,2.16,2.16,2.16,2.16,0
VMC,2013-08-29,2.16,2.16,2.16,2.16,0
VMC,2013-08-30,2.16,2.16,2.16,2.16,0
VMC,2013-09-03,2.16,2.16,2.16,2.16,1000
VMC,2013-09-04,2.16,2.16,2.16,2.16,0
VMC,2013-09-05,2.16,2.16,2.16,2.16,0
VMC,2013-09-06,2.16,2.16,2.16,2.16,100
VMC,2013-09-09,2.16,2.16,2.16,2.16,500
VMC,2013-09-10,2.16,2.16,2.16,2.16,0
VMC,2013-09-11,2.16,2.16,2.16,2.16,0
VMC,2013-09-12,2.16,2.16,2.16,2.16,0
VMC,2013-09-13,2.16,2.16,2.16,2.16,0
VMC,2013-09-16,2.16,2.16,2.16,2.16,0
VMC,2013-09-17,2.16,2.16,2.16,2.16,0
VMC,2013-09-18,2.2,2.2,2.2,2.2,14700
VMC,2013-09-19,2.2,2.2,2.2,2.2,0
VMC,2013-09-20,2.16,2.16,2.16,2.16,1700
VMC,2013-09-23,2.16,2.16,2.16,2.16,0
VMC,2013-09-24,2.16,2.16,2.16,2.16,0
VMC,2013-09-25,2.16,2.16,2.16,2.16,0
VMC,2013-09-26,2.38,2.38,2.38,2.38,3900
VMC,2013-09-27,2.18,2.18,2.18,2.18,9000
VMC,2013-09-30,2.32,2.32,2.32,2.32,1700
VMC,2013-10-01,2.32,2.32,2.32,2.32,0
VMC,2013-10-02,2.32,2.32,2.32,2.32,0
VMC,2013-10-03,2.32,2.32,2.32,2.32,0
VMC,2013-10-04,2.18,2.18,2.18,2.18,1500
VMC,2013-10-07,2.25,2.25,2.25,2.25,1500
VMC,2013-10-08,2.05,2.05,2.05,2.05,200
VMC,2013-10-09,2.16,2.16,2.16,2.16,1000
VMC,2013-10-10,2.16,2.16,2.16,2.16,0
VMC,2013-10-11,2.16,2.16,2.16,2.16,0
VMC,2013-10-14,2.16,2.25,2.16,2.25,2100
VMC,2013-10-15,2.25,2.25,2.25,2.25,0
VMC,2013-10-16,2.25,2.25,2.25,2.25,200
VMC,2013-10-17,2.25,2.25,2.25,2.25,0
VMC,2013-10-18,2.25,2.25,2.25,2.25,0
VMC,2013-10-21,2.25,2.25,2.25,2.25,0
VMC,2013-10-22,2.25,2.25,2.25,2.25,0
VMC,2013-10-23,2.25,2.25,2.25,2.25,0
VMC,2013-10-24,2.3,2.3,2.3,2.3,2400
VMC,2013-10-25,2.3,2.3,2.3,2.3,0
VMC,2013-10-28,2.3,2.3,2.3,2.3,0
VMC,2013-10-29,2.3,2.3,2.3,2.3,0
VMC,2013-10-30,2.3,2.3,2.3,2.3,0
VMC,2013-10-31,2.3,2.3,2.3,2.3,0
VMC,2013-11-01,2.3,2.3,2.3,2.3,0
VMC,2013-11-04,2.27,2.27,2.27,2.27,1000
VMC,2013-11-05,2.27,2.27,2.27,2.27,0
VMC,2013-11-06,2.27,2.27,2.27,2.27,0
VMC,2013-11-07,2.27,2.27,2.27,2.27,300
VMC,2013-11-08,2.27,2.27,2.27,2.27,0
VMC,2013-11-11,2.32,2.32,2.32,2.32,2100
VMC,2013-11-12,2.32,2.36,2.32,2.36,2200
VMC,2013-11-13,2.36,2.36,2.36,2.36,0
VMC,2013-11-14,2.5,2.59,2.5,2.59,3400
VMC,2013-11-15,2.84,2.84,2.84,2.84,4000
VMC,2013-11-18,3.11,3.11,3.11,3.11,6800
VMC,2013-11-19,3.42,3.42,3.42,3.42,5000
VMC,2013-11-20,3.42,3.42,3.42,3.42,0
VMC,2013-11-21,3.08,3.08,3.08,3.08,100
VMC,2013-11-22,3.08,3.08,3.08,3.08,300
VMC,2013-11-25,2.77,3.38,2.77,3.38,300
VMC,2013-11-26,3.38,3.38,3.38,3.38,0
VMC,2013-11-27,3.38,3.38,3.38,3.38,0
VMC,2013-11-28,3.06,3.06,3.06,3.06,140
VMC,2013-11-29,3.06,3.06,3.06,3.06,0
VMC,2013-12-02,2.75,2.75,2.75,2.75,100
VMC,2013-12-03,2.75,2.75,2.75,2.75,0
VMC,2013-12-04,2.75,2.75,2.75,2.75,0
VMC,2013-12-05,3.02,3.02,3.02,3.02,100
VMC,2013-12-06,3.31,3.31,3.31,3.31,100
VMC,2013-12-09,3.31,3.31,3.31,3.31,0
VMC,2013-12-10,3.31,3.31,3.31,3.31,0
VMC,2013-12-11,3.31,3.31,3.31,3.31,3800
VMC,2013-12-12,3.31,3.31,3.31,3.31,0
VMC,2013-12-13,3.31,3.31,3.31,3.31,1000
VMC,2013-12-16,3.4,3.4,3.4,3.4,2600
VMC,2013-12-17,3.4,3.4,3.4,3.4,0
VMC,2013-12-18,3.31,3.31,3.31,3.31,2000
VMC,2013-12-19,3.31,3.31,3.31,3.31,0
VMC,2013-12-20,3.31,3.31,3.31,3.31,1200
VMC,2013-12-23,3.31,3.31,3.31,3.31,0
VMC,2013-12-24,3.31,3.51,3.31,3.51,5100
VMC,2013-12-25,3.31,3.51,3.31,3.51,2000
VMC,2013-12-26,3.24,3.24,3.24,3.24,300
VMC,2013-12-27,2.92,2.92,2.92,2.92,100
VMC,2013-12-30,2.65,2.65,2.65,2.65,100
VMC,2013-12-31,2.43,2.43,2.43,2.43,130
VMC,2014-01-02,2.43,2.43,2.43,2.43,0
VMC,2014-01-03,2.43,2.43,2.43,2.43,0
VMC,2014-01-06,2.43,2.43,2.43,2.43,100
VMC,2014-01-07,2.43,2.43,2.43,2.43,0
VMC,2014-01-08,2.43,2.43,2.43,2.43,0
VMC,2014-01-09,2.43,2.43,2.43,2.43,100
VMC,2014-01-10,2.43,2.43,2.43,2.43,0
VMC,2014-01-13,2.43,2.43,2.43,2.43,0
VMC,2014-01-14,2.43,2.43,2.43,2.43,100
VMC,2014-01-15,2.66,2.66,2.66,2.66,100
VMC,2014-01-16,2.66,2.66,2.66,2.66,0
VMC,2014-01-17,2.79,2.79,2.79,2.79,100
VMC,2014-01-20,2.79,2.79,2.79,2.79,0
VMC,2014-01-21,3.06,3.06,3.06,3.06,100
VMC,2014-01-22,2.79,2.79,2.79,2.79,3080
VMC,2014-01-23,2.79,2.79,2.79,2.79,0
VMC,2014-01-24,2.79,2.79,2.79,2.79,0
VMC,2014-01-27,2.79,2.79,2.79,2.79,2020
VMC,2014-02-06,2.79,2.79,2.79,2.79,0
VMC,2014-02-07,2.79,2.79,2.79,2.79,0
VMC,2014-02-10,2.79,2.79,2.79,2.79,0
VMC,2014-02-11,3.02,3.06,2.54,2.54,300
VMC,2014-02-12,2.54,2.54,2.54,2.54,0
VMC,2014-02-13,2.54,2.54,2.54,2.54,0
VMC,2014-02-14,2.79,2.79,2.79,2.79,100
VMC,2014-02-17,2.79,2.79,2.79,2.79,0
VMC,2014-02-18,2.79,2.79,2.79,2.79,0
VMC,2014-02-19,2.79,2.79,2.79,2.79,0
VMC,2014-02-20,2.56,2.56,2.56,2.56,300
VMC,2014-02-21,2.56,2.7,2.56,2.7,400
VMC,2014-02-24,2.97,2.97,2.97,2.97,200
VMC,2014-02-25,2.97,2.97,2.97,2.97,0
VMC,2014-02-26,2.79,2.88,2.79,2.88,1900
VMC,2014-02-27,2.88,2.88,2.88,2.88,0
VMC,2014-02-28,2.88,2.88,2.88,2.88,0
VMC,2014-03-03,3.17,3.17,3.17,3.17,100
VMC,2014-03-04,3.33,3.33,3.33,3.33,100
VMC,2014-03-05,3.64,3.65,3.62,3.65,7600
VMC,2014-03-06,3.78,3.78,3.78,3.78,200
VMC,2014-03-07,3.78,3.78,3.78,3.78,0
VMC,2014-03-10,3.76,3.78,3.76,3.78,1100
VMC,2014-03-11,3.78,3.78,3.78,3.78,0
VMC,2014-03-12,3.78,3.8,3.78,3.78,1000
VMC,2014-03-13,3.78,3.78,3.78,3.78,0
VMC,2014-03-14,3.78,3.87,3.78,3.87,2200
VMC,2014-03-17,3.87,3.87,3.87,3.87,0
VMC,2014-03-18,3.87,3.87,3.78,3.78,2400
VMC,2014-03-19,4.05,4.05,4.05,4.05,100
VMC,2014-03-20,4.44,4.44,4.44,4.44,200
VMC,2014-03-21,4.44,4.44,4.44,4.44,0
VMC,2014-03-24,4.44,4.44,4.44,4.44,0
VMC,2014-03-25,4.44,4.44,4.44,4.44,0
VMC,2014-03-26,4.01,4.01,4.01,4.01,1300
VMC,2014-03-27,4.01,4.01,4.01,4.01,0
VMC,2014-03-28,4.01,4.01,4.01,4.01,0
VMC,2014-03-31,4.01,4.01,4.01,4.01,0
VMC,2014-04-01,4.01,4.01,4.01,4.01,0
VMC,2014-04-02,4.01,4.01,4.01,4.01,0
VMC,2014-04-03,4.01,4.01,4.01,4.01,0
VMC,2014-04-04,4.01,4.01,4.01,4.01,3800
VMC,2014-04-07,4.01,4.01,4.01,4.01,0
VMC,2014-04-08,4.01,4.01,4.01,4.01,96
VMC,2014-04-10,4.01,4.01,4.01,4.01,0
VMC,2014-04-11,4.01,4.01,4.01,4.01,0
VMC,2014-04-14,4.01,4.01,4.01,4.01,4
VMC,2014-04-15,4.01,4.01,3.78,3.78,3100
VMC,2014-04-16,3.78,3.78,3.78,3.78,0
VMC,2014-04-17,3.78,3.78,3.78,3.78,100
VMC,2014-04-18,3.42,3.42,3.42,3.42,2000
VMC,2014-04-21,3.42,3.42,3.42,3.42,0
VMC,2014-04-22,3.42,3.42,3.42,3.42,0
VMC,2014-04-23,3.24,3.24,3.24,3.24,100
VMC,2014-04-24,3.24,3.24,3.24,3.24,0
VMC,2014-04-25,3.56,3.56,3.56,3.56,3100
VMC,2014-04-28,3.56,3.56,3.56,3.56,0
VMC,2014-04-29,3.91,3.91,3.91,3.91,100
VMC,2014-05-05,3.91,3.91,3.91,3.91,0
VMC,2014-05-06,3.91,3.91,3.91,3.91,0
VMC,2014-05-07,3.91,3.91,3.91,3.91,0
VMC,2014-05-08,3.91,3.91,3.91,3.91,0
VMC,2014-05-09,3.91,3.91,3.91,3.91,0
VMC,2014-05-12,3.91,3.91,3.91,3.91,0
VMC,2014-05-13,3.91,3.91,3.91,3.91,0
VMC,2014-05-14,3.91,3.91,3.91,3.91,0
VMC,2014-05-15,3.91,3.91,3.91,3.91,0
VMC,2014-05-16,3.91,3.91,3.91,3.91,0
VMC,2014-05-19,3.91,3.91,3.91,3.91,0
VMC,2014-05-20,3.91,3.91,3.91,3.91,0
VMC,2014-05-21,3.91,3.91,3.91,3.91,0
VMC,2014-05-22,3.91,3.91,3.91,3.91,0
VMC,2014-05-23,3.91,3.91,3.91,3.91,0
VMC,2014-05-26,3.91,3.91,3.91,3.91,0
VMC,2014-05-27,3.91,3.91,3.91,3.91,0
VMC,2014-05-28,3.91,3.91,3.91,3.91,0
VMC,2014-05-29,3.91,3.91,3.91,3.91,0
VMC,2014-05-30,3.96,3.96,3.96,3.96,2100
VMC,2014-06-02,3.96,3.96,3.96,3.96,0
VMC,2014-06-03,3.96,3.96,3.96,3.96,0
VMC,2014-06-04,3.96,3.96,3.96,3.96,0
VMC,2014-06-05,3.96,3.96,3.96,3.96,0
VMC,2014-06-06,3.96,3.96,3.96,3.96,0
VMC,2014-06-09,3.96,3.96,3.96,3.96,0
VMC,2014-06-10,3.96,3.96,3.96,3.96,0
VMC,2014-06-11,3.96,3.96,3.96,3.96,0
VMC,2014-06-12,4.19,4.19,4.19,4.19,0
VMC,2014-06-13,4.19,4.19,4.19,4.19,0
VMC,2014-06-16,4.19,4.19,4.19,4.19,0
VMC,2014-06-17,4.19,4.19,4.19,4.19,0
VMC,2014-06-18,4.19,4.19,4.19,4.19,0
VMC,2014-06-19,3.81,3.81,3.58,3.58,2000
VMC,2014-06-20,3.58,3.58,3.58,3.58,0
VMC,2014-06-23,3.25,3.25,3.25,3.25,1000
VMC,2014-06-24,2.97,2.97,2.97,2.97,100
VMC,2014-06-25,2.97,2.97,2.97,2.97,0
VMC,2014-06-26,2.97,2.97,2.97,2.97,0
VMC,2014-06-27,2.97,2.97,2.97,2.97,0
VMC,2014-06-30,2.97,2.97,2.97,2.97,0
VMC,2014-07-01,2.97,2.97,2.97,2.97,0
VMC,2014-07-02,2.99,2.99,2.99,2.99,1000
VMC,2014-07-03,2.99,2.99,2.99,2.99,0
VMC,2014-07-04,3.01,3.01,3.01,3.01,400
VMC,2014-07-07,3.01,3.01,3.01,3.01,0
VMC,2014-07-08,3.01,3.01,3.01,3.01,0
VMC,2014-07-09,3.01,3.01,3.01,3.01,0
VMC,2014-07-10,3.01,3.01,3.01,3.01,0
VMC,2014-07-11,3.01,3.01,3.01,3.01,0
VMC,2014-07-14,3.01,3.01,3.01,3.01,0
VMC,2014-07-15,3.01,3.01,3.01,3.01,0
VMC,2014-07-16,3.29,3.29,3.29,3.29,800
VMC,2014-07-17,3.29,3.29,3.29,3.29,0
VMC,2014-07-18,3.29,3.29,3.29,3.29,0
VMC,2014-07-21,3.29,3.29,3.29,3.29,0
VMC,2014-07-22,3.29,3.29,3.29,3.29,0
VMC,2014-07-23,3.29,3.29,3.29,3.29,0
VMC,2014-07-24,3.29,3.29,3.29,3.29,0
VMC,2014-07-25,3.29,3.29,3.29,3.29,0
VMC,2014-07-28,3.29,3.29,3.29,3.29,0
VMC,2014-07-29,3.29,3.29,3.29,3.29,0
VMC,2014-07-30,3.29,3.29,3.29,3.29,0
VMC,2014-07-31,3.29,3.29,3.29,3.29,0
VMC,2014-08-01,3.29,3.29,3.29,3.29,0
VMC,2014-08-04,3.29,3.29,3.29,3.29,0
VMC,2014-08-05,3.29,3.29,3.29,3.29,0
VMC,2014-08-06,3.29,3.29,3.29,3.29,0
VMC,2014-08-07,3.29,3.29,3.29,3.29,0
VMC,2014-08-08,3.29,3.29,3.29,3.29,0
VMC,2014-08-11,3.29,3.29,3.29,3.29,0
VMC,2014-08-12,3.29,3.29,3.29,3.29,0
VMC,2014-08-13,3.29,3.29,3.29,3.29,0
VMC,2014-08-14,3.29,3.29,3.29,3.29,0
VMC,2014-08-15,3.29,3.29,3.29,3.29,0
VMC,2014-08-18,3.24,3.62,3.24,3.62,1600
VMC,2014-08-19,3.62,3.62,3.62,3.62,0
VMC,2014-08-20,3.62,3.62,3.62,3.62,0
VMC,2014-08-21,3.62,3.62,3.62,3.62,0
VMC,2014-08-22,3.62,3.62,3.62,3.62,0
VMC,2014-08-25,3.62,3.62,3.62,3.62,0
VMC,2014-08-26,3.62,3.62,3.62,3.62,0
VMC,2014-08-27,3.25,3.9,3.25,3.9,700
VMC,2014-08-28,3.9,3.9,3.9,3.9,100
VMC,2014-08-29,3.9,3.9,3.9,3.9,0
VMC,2014-09-03,3.52,3.86,3.52,3.86,600
VMC,2014-09-04,3.86,3.86,3.86,3.86,0
VMC,2014-09-05,3.86,3.86,3.86,3.86,0
VMC,2014-09-08,3.86,3.86,3.86,3.86,0
VMC,2014-09-09,3.86,3.86,3.86,3.86,0
VMC,2014-09-10,3.86,3.86,3.86,3.86,0
VMC,2014-09-11,3.86,3.86,3.86,3.86,0
VMC,2014-09-12,3.86,3.86,3.86,3.86,0
VMC,2014-09-15,3.86,3.86,3.86,3.86,0
VMC,2014-09-16,3.86,3.86,3.86,3.86,0
VMC,2014-09-17,3.86,3.86,3.86,3.86,0
VMC,2014-09-18,3.86,3.86,3.86,3.86,0
VMC,2014-09-19,3.86,3.86,3.86,3.86,0
VMC,2014-09-22,3.86,3.86,3.86,3.86,0
VMC,2014-09-23,3.86,3.86,3.86,3.86,0
VMC,2014-09-24,3.86,3.86,3.86,3.86,0
VMC,2014-09-25,3.86,3.86,3.86,3.86,0
VMC,2014-09-26,3.48,3.48,3.48,3.48,100
VMC,2014-09-29,3.48,3.48,3.48,3.48,0
VMC,2014-09-30,3.48,3.48,3.48,3.48,0
VMC,2014-10-01,3.48,3.48,3.48,3.48,0
VMC,2014-10-02,3.48,3.48,3.48,3.48,0
VMC,2014-10-03,3.48,3.48,3.48,3.48,0
VMC,2014-10-06,3.14,3.83,3.14,3.83,3000
VMC,2014-10-07,3.83,3.83,3.83,3.83,0
VMC,2014-10-08,3.83,3.83,3.83,3.83,0
VMC,2014-10-09,3.44,3.52,3.44,3.52,2100
VMC,2014-10-10,3.52,3.52,3.52,3.52,0
VMC,2014-10-13,3.18,3.18,3.18,3.18,100
VMC,2014-10-14,3.18,3.18,3.18,3.18,0
VMC,2014-10-15,3.18,3.18,3.18,3.18,0
VMC,2014-10-16,3.43,3.43,3.43,3.43,100
VMC,2014-10-17,3.43,3.43,3.43,3.43,0
VMC,2014-10-20,3.43,3.43,3.43,3.43,0
VMC,2014-10-21,3.43,3.43,3.43,3.43,0
VMC,2014-10-22,3.08,3.41,3.08,3.41,450
VMC,2014-10-23,3.41,3.41,3.41,3.41,0
VMC,2014-10-24,3.41,3.41,3.41,3.41,0
VMC,2014-10-27,3.41,3.41,3.41,3.41,0
VMC,2014-10-28,3.41,3.41,3.41,3.41,0
VMC,2014-10-29,3.37,3.37,3.37,3.37,1000
VMC,2014-10-30,3.37,3.37,3.37,3.37,0
VMC,2014-10-31,3.37,3.37,3.37,3.37,0
VMC,2014-11-03,3.37,3.37,3.37,3.37,1000
VMC,2014-11-04,3.37,3.37,3.37,3.37,0
VMC,2014-11-05,3.37,3.37,3.37,3.37,0
VMC,2014-11-06,3.06,3.06,3.06,3.06,200
VMC,2014-11-07,3.16,3.16,3.16,3.16,100
VMC,2014-11-10,3.06,3.12,3.06,3.12,1100
VMC,2014-11-11,3.06,3.43,3.06,3.43,600
VMC,2014-11-12,3.1,3.1,3.1,3.1,100
VMC,2014-11-13,3.1,3.1,3.1,3.1,0
VMC,2014-11-14,2.95,2.95,2.95,2.95,100
VMC,2014-11-17,2.95,2.95,2.95,2.95,270
VMC,2014-11-18,2.95,2.95,2.95,2.95,0
VMC,2014-11-19,2.95,2.95,2.95,2.95,0
VMC,2014-11-20,2.95,2.95,2.95,2.95,500
VMC,2014-11-21,2.95,2.95,2.95,2.95,0
VMC,2014-11-24,2.95,2.95,2.95,2.95,0
VMC,2014-11-25,3.24,3.24,3.24,3.24,800
VMC,2014-11-26,3.24,3.24,3.24,3.24,0
VMC,2014-11-27,3.24,3.24,3.24,3.24,0
VMC,2014-11-28,2.91,2.91,2.91,2.91,100
VMC,2014-12-01,2.65,2.65,2.65,2.65,200
VMC,2014-12-02,2.89,2.89,2.89,2.89,100
VMC,2014-12-03,2.95,2.95,2.95,2.95,200
VMC,2014-12-04,2.95,2.95,2.95,2.95,0
VMC,2014-12-05,2.95,2.95,2.95,2.95,0
VMC,2014-12-08,2.97,2.97,2.97,2.97,500
VMC,2014-12-09,2.97,2.97,2.97,2.97,0
VMC,2014-12-10,3.24,3.24,3.24,3.24,100
VMC,2014-12-11,3.24,3.24,3.24,3.24,0
VMC,2014-12-12,3.24,3.24,3.24,3.24,0
VMC,2014-12-15,3.24,3.24,3.24,3.24,0
VMC,2014-12-16,3.14,3.14,3.14,3.14,200
VMC,2014-12-17,3.08,3.08,3.08,3.08,800
VMC,2014-12-18,3.05,3.05,3.05,3.05,500
VMC,2014-12-19,3.05,3.05,3.05,3.05,0
VMC,2014-12-22,3.05,3.05,3.05,3.05,200
VMC,2014-12-23,3.05,3.05,3.05,3.05,700
VMC,2014-12-24,3.05,3.05,3.05,3.05,0
VMC,2014-12-25,3.05,3.05,3.05,3.05,540
VMC,2014-12-26,3.05,3.05,3.05,3.05,200
VMC,2014-12-29,3.05,3.05,3.05,3.05,546
VMC,2014-12-30,3.05,3.05,3.05,3.05,1000
VMC,2014-12-31,3.05,3.05,3.05,3.05,0
VMC,2015-01-05,3.05,3.05,3.05,3.05,10
VMC,2015-01-06,3.05,3.05,3.05,3.05,0
VMC,2015-01-07,3.05,3.05,3.05,3.05,400
VMC,2015-01-08,3.05,3.05,3.05,3.05,0
VMC,2015-01-09,3.05,3.05,3.05,3.05,0
VMC,2015-01-12,3.14,3.33,3.14,3.33,3500
VMC,2015-01-13,3.33,3.33,3.33,3.33,40
VMC,2015-01-14,3.33,3.33,3.33,3.33,84
VMC,2015-01-15,3.33,3.33,3.33,3.33,0
VMC,2015-01-16,3.33,3.33,3.33,3.33,0
VMC,2015-01-19,3.33,3.33,3.33,3.33,38
VMC,2015-01-20,3.05,3.05,3.05,3.05,100
VMC,2015-01-21,3.35,3.35,3.35,3.35,100
VMC,2015-01-22,3.35,3.35,3.35,3.35,0
VMC,2015-01-23,3.35,3.35,3.35,3.35,0
VMC,2015-01-26,3.35,3.35,3.35,3.35,0
VMC,2015-01-27,3.35,3.35,3.35,3.35,0
VMC,2015-01-28,3.65,3.65,3.43,3.43,1000
VMC,2015-01-29,3.24,3.24,3.24,3.24,500
VMC,2015-01-30,3.56,3.56,3.56,3.56,1000
VMC,2015-02-02,3.33,3.33,3.33,3.33,100
VMC,2015-02-03,3.62,3.65,3.62,3.65,1500
VMC,2015-02-04,3.65,3.65,3.65,3.65,0
VMC,2015-02-05,3.65,3.65,3.65,3.65,42
VMC,2015-02-06,3.65,3.65,3.65,3.65,0
VMC,2015-02-09,3.65,3.65,3.65,3.65,0
VMC,2015-02-10,3.65,3.65,3.65,3.65,0
VMC,2015-02-11,3.65,3.65,3.65,3.65,0
VMC,2015-02-12,3.65,3.65,3.65,3.65,0
VMC,2015-02-13,3.62,3.62,3.62,3.62,100
VMC,2015-02-24,3.62,3.62,3.62,3.62,0
VMC,2015-02-25,3.62,3.62,3.62,3.62,0
VMC,2015-02-26,3.62,3.62,3.62,3.62,103
VMC,2015-02-27,3.62,3.62,3.62,3.62,0
VMC,2015-03-02,3.62,3.81,3.62,3.81,1100
VMC,2015-03-03,3.71,3.71,3.71,3.71,100
VMC,2015-03-04,3.9,3.9,3.62,3.62,600
VMC,2015-03-05,3.98,3.98,3.98,3.98,3300
VMC,2015-03-06,3.98,3.98,3.98,3.98,0
VMC,2015-03-09,4.0,4.36,4.0,4.36,2900
VMC,2015-03-10,4.0,4.0,3.94,3.94,4100
VMC,2015-03-11,3.62,3.62,3.62,3.62,100
VMC,2015-03-12,3.43,3.43,3.43,3.43,100
VMC,2015-03-13,3.43,3.43,3.43,3.43,1000
VMC,2015-03-16,3.43,3.43,3.43,3.43,0
VMC,2015-03-17,3.77,3.77,3.77,3.77,200
VMC,2015-03-18,3.77,3.77,3.77,3.77,0
VMC,2015-03-19,3.77,3.77,3.77,3.77,0
VMC,2015-03-20,3.77,3.77,3.77,3.77,0
VMC,2015-03-23,3.9,3.9,3.9,3.9,984
VMC,2015-03-24,3.9,4.0,3.9,3.92,5400
VMC,2015-03-25,4.0,4.0,3.81,3.81,1100
VMC,2015-03-26,3.62,3.62,3.62,3.62,100
VMC,2015-03-27,3.96,3.96,3.62,3.62,1100
VMC,2015-03-30,3.81,3.81,3.81,3.81,300
VMC,2015-03-31,3.62,3.62,3.62,3.62,3000
VMC,2015-04-01,3.62,3.62,3.62,3.62,1500
VMC,2015-04-02,3.62,3.62,3.43,3.43,7800
VMC,2015-04-03,3.25,3.25,3.25,3.25,100
VMC,2015-04-06,3.58,3.58,3.58,3.58,500
VMC,2015-04-07,3.81,3.81,3.81,3.81,100
VMC,2015-04-08,3.81,3.81,3.81,3.81,0
VMC,2015-04-09,3.64,3.64,3.64,3.64,100
VMC,2015-04-10,3.64,3.64,3.64,3.64,0
VMC,2015-04-13,4.0,4.0,4.0,4.0,3300
VMC,2015-04-14,4.0,4.28,4.0,4.28,3100
VMC,2015-04-15,4.28,4.28,4.28,4.28,4400
VMC,2015-04-16,4.28,4.28,4.28,4.28,5402
VMC,2015-04-17,4.26,4.26,4.26,4.26,100
VMC,2015-04-20,4.26,4.26,3.84,3.84,1100
VMC,2015-04-21,3.84,3.84,3.84,3.84,3
VMC,2015-04-22,3.84,3.84,3.84,3.84,0
VMC,2015-04-23,3.84,3.84,3.84,3.84,0
VMC,2015-04-24,3.81,3.81,3.81,3.81,1600
VMC,2015-04-27,3.81,3.81,3.81,3.81,0
VMC,2015-05-04,3.81,3.81,3.81,3.81,0
VMC,2015-05-05,3.81,3.81,3.81,3.81,0
VMC,2015-05-06,3.81,3.81,3.81,3.81,1292
VMC,2015-05-07,4.0,4.0,4.0,4.0,100
VMC,2015-05-08,4.0,4.0,4.0,4.0,0
VMC,2015-05-11,4.0,4.0,4.0,4.0,0
VMC,2015-05-12,4.0,4.0,4.0,4.0,0
VMC,2015-05-13,4.0,4.0,4.0,4.0,0
VMC,2015-05-14,4.0,4.0,4.0,4.0,0
VMC,2015-05-15,4.09,4.09,3.6,3.6,900
VMC,2015-05-18,3.6,3.6,3.6,3.6,0
VMC,2015-05-19,3.6,3.6,3.6,3.6,0
VMC,2015-05-20,3.6,3.6,3.6,3.6,200
VMC,2015-05-21,3.6,3.6,3.6,3.6,92
VMC,2015-05-22,3.81,3.81,3.81,3.81,516
VMC,2015-05-25,3.81,3.81,3.81,3.81,0
VMC,2015-05-26,3.81,3.81,3.81,3.81,0
VMC,2015-05-27,3.81,3.81,3.81,3.81,0
VMC,2015-05-28,3.81,3.81,3.81,3.81,500
VMC,2015-05-29,3.81,3.81,3.81,3.81,106
VMC,2015-06-01,3.81,3.81,3.81,3.81,92
VMC,2015-06-02,3.9,3.9,3.9,3.9,1900
VMC,2015-06-03,3.9,3.9,3.9,3.9,0
VMC,2015-06-04,3.9,3.9,3.9,3.9,100
VMC,2015-06-05,3.9,3.9,3.9,3.9,0
VMC,2015-06-08,3.9,3.9,3.9,3.9,0
VMC,2015-06-09,3.9,3.9,3.9,3.9,0
VMC,2015-06-10,4.29,4.29,4.11,4.29,400
VMC,2015-06-11,4.42,4.42,4.42,4.42,3400
VMC,2015-06-12,4.44,4.44,4.44,4.44,100
VMC,2015-06-15,4.44,4.44,4.44,4.44,0
VMC,2015-06-16,4.44,4.44,4.44,4.44,0
VMC,2015-06-17,4.44,4.44,4.44,4.44,0
VMC,2015-06-18,4.44,4.44,4.44,4.44,0
VMC,2015-06-19,4.44,4.44,4.44,4.44,0
VMC,2015-06-22,4.44,4.44,4.44,4.44,0
VMC,2015-06-23,4.44,4.44,4.44,4.44,0
VMC,2015-06-24,4.44,4.44,4.44,4.44,0
VMC,2015-06-25,4.44,4.44,4.44,4.44,0
VMC,2015-06-26,4.44,4.44,4.44,4.44,0
VMC,2015-06-29,4.0,4.0,4.0,4.0,400
VMC,2015-06-30,4.0,4.0,4.0,4.0,0
VMC,2015-07-01,4.0,4.0,4.0,4.0,0
VMC,2015-07-02,4.0,4.0,4.0,4.0,0
VMC,2015-07-03,4.0,4.0,4.0,4.0,21
VMC,2015-07-06,4.0,4.0,4.0,4.0,0
VMC,2015-07-07,4.0,4.0,4.0,4.0,0
VMC,2015-07-08,4.39,4.39,4.39,4.39,100
VMC,2015-07-09,4.39,4.39,4.39,4.39,0
VMC,2015-07-10,4.39,4.39,4.39,4.39,0
VMC,2015-07-13,4.39,4.39,4.39,4.39,0
VMC,2015-07-14,4.39,4.39,4.39,4.39,0
VMC,2015-07-15,4.39,4.83,4.39,4.83,2700
VMC,2015-07-16,4.52,5.26,4.52,5.26,1100
VMC,2015-07-17,5.26,5.26,5.26,5.26,0
VMC,2015-07-20,5.26,5.26,5.26,5.26,0
VMC,2015-07-21,4.74,4.74,4.74,4.74,592
VMC,2015-07-22,4.74,4.74,4.74,4.74,0
VMC,2015-07-23,4.74,4.74,4.74,4.74,0
VMC,2015-07-24,4.52,4.52,4.52,4.52,1000
VMC,2015-07-27,4.52,4.52,4.52,4.52,0
VMC,2015-07-28,4.97,4.97,4.97,4.97,16900
VMC,2015-07-29,4.97,4.97,4.97,4.97,0
VMC,2015-07-30,4.97,4.97,4.97,4.97,0
VMC,2015-07-31,4.97,4.97,4.97,4.97,0
VMC,2015-08-03,4.97,4.97,4.97,4.97,0
VMC,2015-08-04,4.97,4.97,4.97,4.97,0
VMC,2015-08-05,4.97,4.97,4.97,4.97,0
VMC,2015-08-06,4.97,4.97,4.97,4.97,0
VMC,2015-08-07,4.97,4.97,4.97,4.97,0
VMC,2015-08-10,4.97,4.97,4.97,4.97,48
VMC,2015-08-11,5.46,5.46,5.46,5.46,200
VMC,2015-08-12,5.46,5.46,5.46,5.46,0
VMC,2015-08-13,4.93,4.93,4.93,4.93,100
VMC,2015-08-14,4.93,4.93,4.93,4.93,100
VMC,2015-08-17,4.93,4.93,4.93,4.93,0
VMC,2015-08-18,4.93,4.93,4.93,4.93,0
VMC,2015-08-19,4.93,4.93,4.93,4.93,0
VMC,2015-08-20,4.93,4.93,4.93,4.93,0
VMC,2015-08-21,4.93,4.93,4.93,4.93,0
VMC,2015-08-24,4.93,4.93,4.93,4.93,0
VMC,2015-08-25,4.93,4.93,4.93,4.93,0
VMC,2015-08-26,4.93,4.93,4.93,4.93,0
VMC,2015-08-27,4.44,4.44,4.44,4.44,2100
VMC,2015-08-28,4.87,4.87,4.87,4.87,100
VMC,2015-08-31,4.39,4.39,4.39,4.39,100
VMC,2015-09-01,4.39,4.39,4.39,4.39,0
VMC,2015-09-03,4.52,4.52,4.52,4.52,500
VMC,2015-09-04,4.52,4.52,4.52,4.52,0
VMC,2015-09-07,4.52,4.52,4.52,4.52,0
VMC,2015-09-08,4.93,4.93,4.93,4.93,100
VMC,2015-09-09,4.93,4.93,4.93,4.93,0
VMC,2015-09-10,4.93,4.93,4.93,4.93,0
VMC,2015-09-11,4.93,4.93,4.93,4.93,0
VMC,2015-09-14,4.93,4.93,4.93,4.93,0
VMC,2015-09-15,4.93,4.93,4.93,4.93,0
VMC,2015-09-16,4.93,4.93,4.93,4.93,0
VMC,2015-09-17,4.93,4.93,4.93,4.93,0
VMC,2015-09-18,4.93,4.93,4.93,4.93,0
VMC,2015-09-21,4.93,4.93,4.93,4.93,0
VMC,2015-09-22,4.93,4.93,4.93,4.93,0
VMC,2015-09-23,4.93,4.93,4.93,4.93,0
VMC,2015-09-24,4.93,4.93,4.93,4.93,0
VMC,2015-09-25,4.93,4.93,4.93,4.93,0
VMC,2015-09-28,4.93,4.93,4.93,4.93,0
VMC,2015-09-29,4.44,4.44,4.44,4.44,200
VMC,2015-09-30,4.44,4.44,4.44,4.44,0
VMC,2015-10-01,4.44,4.44,4.44,4.44,0
VMC,2015-10-02,4.72,4.72,4.33,4.33,600
VMC,2015-10-05,4.33,4.33,4.33,4.33,0
VMC,2015-10-06,4.76,4.76,4.76,4.76,100
VMC,2015-10-07,4.76,4.76,4.76,4.76,0
VMC,2015-10-08,4.76,4.76,4.76,4.76,0
VMC,2015-10-09,4.76,4.76,4.76,4.76,0
VMC,2015-10-12,4.76,4.76,4.76,4.76,0
VMC,2015-10-13,4.76,4.76,4.76,4.76,0
VMC,2015-10-14,4.76,4.76,4.76,4.76,0
VMC,2015-10-15,4.76,4.76,4.76,4.76,60
VMC,2015-10-16,4.76,4.76,4.76,4.76,0
VMC,2015-10-19,4.76,4.76,4.76,4.76,0
VMC,2015-10-20,4.31,4.31,4.31,4.31,500
VMC,2015-10-21,4.31,4.31,4.31,4.31,0
VMC,2015-10-22,4.33,4.33,4.33,4.33,100
VMC,2015-10-23,4.31,4.76,4.31,4.52,9100
VMC,2015-10-26,4.52,4.52,4.52,4.52,0
VMC,2015-10-27,4.93,4.93,4.93,4.93,100
VMC,2015-10-28,4.52,5.42,4.52,5.42,1100
VMC,2015-10-29,5.42,5.42,5.42,5.42,0
VMC,2015-10-30,5.42,5.42,5.42,5.42,0
VMC,2015-11-02,5.42,5.42,5.42,5.42,0
VMC,2015-11-03,5.42,5.42,5.42,5.42,0
VMC,2015-11-04,4.89,4.89,4.89,4.89,200
VMC,2015-11-05,4.89,4.89,4.89,4.89,0
VMC,2015-11-06,4.93,5.36,4.93,5.36,2600
VMC,2015-11-09,4.83,4.83,4.83,4.83,100
VMC,2015-11-10,4.83,4.83,4.83,4.83,0
VMC,2015-11-11,4.83,4.83,4.83,4.83,0
VMC,2015-11-12,4.83,4.83,4.83,4.83,0
VMC,2015-11-13,4.83,4.83,4.83,4.83,0
VMC,2015-11-16,4.83,4.83,4.83,4.83,0
VMC,2015-11-17,4.83,4.83,4.83,4.83,0
VMC,2015-11-18,4.83,4.83,4.83,4.83,0
VMC,2015-11-19,5.13,5.13,5.13,5.13,3000
VMC,2015-11-20,5.13,5.13,5.13,5.13,0
VMC,2015-11-23,5.13,5.13,5.13,5.13,0
VMC,2015-11-24,5.13,5.13,5.13,5.13,0
VMC,2015-11-25,5.13,5.13,5.13,5.13,0
VMC,2015-11-26,5.13,5.13,5.13,5.13,0
VMC,2015-11-27,5.13,5.13,5.13,5.13,0
VMC,2015-11-30,5.13,5.13,5.13,5.13,0
VMC,2015-12-01,5.13,5.13,5.13,5.13,0
VMC,2015-12-02,5.13,5.13,5.13,5.13,0
VMC,2015-12-03,4.93,4.93,4.93,4.93,1600
VMC,2015-12-04,4.93,4.93,4.93,4.93,3900
VMC,2015-12-07,4.93,4.93,4.93,4.93,0
VMC,2015-12-08,4.93,4.93,4.93,4.93,100
VMC,2015-12-09,4.93,4.93,4.93,4.93,0
VMC,2015-12-10,4.93,4.93,4.93,4.93,0
VMC,2015-12-11,4.97,4.97,4.95,4.95,1544
VMC,2015-12-14,4.95,4.95,4.95,4.95,0
VMC,2015-12-15,4.95,4.95,4.95,4.95,0
VMC,2015-12-16,4.95,4.95,4.95,4.95,0
VMC,2015-12-17,4.95,4.95,4.95,4.95,200
VMC,2015-12-18,4.95,4.95,4.95,4.95,0
VMC,2015-12-21,4.95,4.95,4.95,4.95,0
VMC,2015-12-22,4.95,4.95,4.95,4.95,0
VMC,2015-12-23,4.95,4.95,4.95,4.95,0
VMC,2015-12-24,4.95,4.95,4.95,4.95,0
VMC,2015-12-25,4.95,4.95,4.95,4.95,100
VMC,2015-12-28,4.95,4.95,4.95,4.95,0
VMC,2015-12-29,5.16,5.16,5.16,5.16,0
VMC,2015-12-30,5.16,5.16,5.16,5.16,0
VMC,2015-12-31,5.16,5.16,5.16,5.16,0
VMC,2016-01-04,5.16,5.16,5.16,5.16,0
VMC,2016-01-05,5.16,5.16,5.16,5.16,0
VMC,2016-01-06,5.14,5.36,5.14,5.36,5300
VMC,2016-01-07,5.36,5.36,5.36,5.36,1800
VMC,2016-01-08,5.36,5.36,5.36,5.36,0
VMC,2016-01-11,5.36,5.36,5.36,5.36,0
VMC,2016-01-12,5.36,5.36,5.36,5.36,500
VMC,2016-01-13,5.36,5.36,5.36,5.36,0
VMC,2016-01-14,5.36,5.36,5.36,5.36,0
VMC,2016-01-15,5.36,5.36,5.36,5.36,0
VMC,2016-01-18,4.93,4.93,4.93,4.93,2800
VMC,2016-01-19,4.93,5.36,4.93,5.36,12700
VMC,2016-01-20,5.36,5.36,5.36,5.36,6700
VMC,2016-01-21,5.36,5.36,5.36,5.36,0
VMC,2016-01-22,5.36,5.36,5.36,5.36,900
VMC,2016-01-25,5.36,5.36,5.36,5.36,0
VMC,2016-01-26,5.36,5.36,5.36,5.36,0
VMC,2016-01-27,5.36,5.36,5.36,5.36,0
VMC,2016-01-28,5.36,5.36,5.36,5.36,0
VMC,2016-01-29,5.36,5.36,5.36,5.36,0
VMC,2016-02-01,5.36,5.36,5.36,5.36,0
VMC,2016-02-02,5.36,5.36,5.36,5.36,0
VMC,2016-02-03,5.36,5.36,5.36,5.36,0
VMC,2016-02-04,5.36,5.36,5.36,5.36,0
VMC,2016-02-05,5.36,5.36,5.36,5.36,0
VMC,2016-02-15,5.36,5.36,5.36,5.36,0
VMC,2016-02-16,4.82,5.89,4.82,5.89,556
VMC,2016-02-17,5.89,5.89,5.89,5.89,0
VMC,2016-02-18,5.89,5.89,5.89,5.89,0
VMC,2016-02-19,5.33,5.36,5.33,5.36,200
VMC,2016-02-22,5.89,5.89,5.89,5.89,100
VMC,2016-02-23,5.89,5.89,5.89,5.89,0
VMC,2016-02-24,6.45,6.45,6.45,6.45,300
VMC,2016-02-25,6.45,6.45,6.45,6.45,0
VMC,2016-02-26,6.45,6.45,6.45,6.45,0
VMC,2016-02-29,6.45,6.45,6.45,6.45,0
VMC,2016-03-01,5.81,5.81,5.81,5.81,1200
VMC,2016-03-02,5.23,5.23,5.23,5.23,200
VMC,2016-03-03,5.74,5.74,5.74,5.74,100
VMC,2016-03-04,5.74,5.74,5.74,5.74,0
VMC,2016-03-07,5.55,6.3,5.55,6.3,1200
VMC,2016-03-08,6.3,6.3,6.3,6.3,0
VMC,2016-03-09,6.3,6.3,6.3,6.3,0
VMC,2016-03-10,6.3,6.3,6.3,6.3,0
VMC,2016-03-11,6.3,6.3,6.3,6.3,0
VMC,2016-03-14,6.3,6.3,6.3,6.3,0
VMC,2016-03-15,6.3,6.3,6.3,6.3,0
VMC,2016-03-16,6.3,6.3,6.3,6.3,0
VMC,2016-03-17,6.3,6.3,6.3,6.3,0
VMC,2016-03-18,6.3,6.3,6.3,6.3,0
VMC,2016-03-21,6.3,6.3,6.3,6.3,0
VMC,2016-03-22,5.68,5.68,5.68,5.68,100
VMC,2016-03-23,5.21,5.21,5.21,5.21,100
VMC,2016-03-24,5.57,5.57,5.57,5.57,300
VMC,2016-03-25,6.13,6.13,6.13,6.13,100
VMC,2016-03-28,6.13,6.13,6.13,6.13,0
VMC,2016-03-29,6.13,6.13,6.13,6.13,0
VMC,2016-03-30,6.13,6.13,6.13,6.13,0
VMC,2016-03-31,6.13,6.13,6.13,6.13,1800
VMC,2016-04-01,6.13,6.13,6.13,6.13,0
VMC,2016-04-04,6.13,6.13,6.13,6.13,0
VMC,2016-04-05,6.13,6.13,6.13,6.13,0
VMC,2016-04-06,6.13,6.13,6.13,6.13,0
VMC,2016-04-07,5.53,5.53,5.53,5.53,1000
VMC,2016-04-08,5.89,6.06,5.89,6.06,2100
VMC,2016-04-11,6.06,6.06,6.06,6.06,0
VMC,2016-04-12,6.06,6.06,6.06,6.06,0
VMC,2016-04-13,6.06,6.06,6.06,6.06,0
VMC,2016-04-14,6.06,6.06,6.06,6.06,0
VMC,2016-04-15,6.06,6.06,6.06,6.06,0
VMC,2016-04-19,6.06,6.06,6.06,6.06,0
VMC,2016-04-20,6.06,6.06,6.06,6.06,0
VMC,2016-04-21,5.46,5.46,5.46,5.46,100
VMC,2016-04-22,5.46,5.46,5.46,5.46,0
VMC,2016-04-25,5.46,5.46,5.46,5.46,250
VMC,2016-04-26,5.46,5.46,5.46,5.46,0
VMC,2016-04-27,5.46,5.46,5.46,5.46,0
VMC,2016-04-28,5.46,5.46,5.46,5.46,32
VMC,2016-04-29,5.46,5.46,5.46,5.46,0
VMC,2016-05-04,5.46,5.46,5.46,5.46,0
VMC,2016-05-05,5.46,5.46,5.46,5.46,0
VMC,2016-05-06,5.46,5.46,5.46,5.46,0
VMC,2016-05-09,5.46,5.46,5.46,5.46,0
VMC,2016-05-10,5.46,5.46,5.46,5.46,0
VMC,2016-05-11,5.46,5.46,5.46,5.46,0
VMC,2016-05-12,5.46,5.46,5.46,5.46,0
VMC,2016-05-13,5.46,5.46,5.46,5.46,0
VMC,2016-05-16,5.46,5.46,5.46,5.46,0
VMC,2016-05-17,5.46,5.46,5.46,5.46,0
VMC,2016-05-18,5.46,5.46,5.46,5.46,0
VMC,2016-05-19,5.46,5.46,5.46,5.46,0
VMC,2016-05-20,5.46,5.46,5.46,5.46,0
VMC,2016-05-23,5.46,5.46,5.46,5.46,0
VMC,2016-05-24,6.0,6.0,4.93,4.93,1020
VMC,2016-05-25,4.93,4.93,4.93,4.93,0
VMC,2016-05-26,5.42,5.42,4.44,4.44,300
VMC,2016-05-27,4.44,4.44,4.44,4.44,0
VMC,2016-05-30,4.86,4.86,4.86,4.86,100
VMC,2016-05-31,4.86,4.86,4.86,4.86,0
VMC,2016-06-01,4.86,4.86,4.86,4.86,0
VMC,2016-06-02,4.86,4.86,4.86,4.86,0
VMC,2016-06-03,5.33,5.33,5.33,5.33,170
VMC,2016-06-06,5.85,5.85,5.85,5.85,300
VMC,2016-06-07,6.43,6.43,6.43,6.43,200
VMC,2016-06-08,6.43,6.47,6.43,6.47,30700
VMC,2016-06-09,6.47,6.47,6.47,6.47,3100
VMC,2016-06-10,6.47,6.47,6.47,6.47,0
VMC,2016-06-13,6.47,6.47,6.47,6.47,0
VMC,2016-06-14,6.47,6.47,6.47,6.47,4000
VMC,2016-06-15,6.47,6.47,6.47,6.47,0
VMC,2016-06-16,6.47,6.47,6.47,6.47,0
VMC,2016-06-17,6.47,6.47,6.47,6.47,0
VMC,2016-06-20,6.47,6.47,6.47,6.47,0
VMC,2016-06-21,6.47,6.47,6.47,6.47,0
VMC,2016-06-22,6.47,6.47,6.47,6.47,0
VMC,2016-06-23,6.47,6.47,6.47,6.47,0
VMC,2016-06-24,6.47,6.47,6.47,6.47,0
VMC,2016-06-27,5.84,5.84,5.84,5.84,1500
VMC,2016-06-28,5.84,5.84,5.84,5.84,0
VMC,2016-06-29,5.84,5.84,5.84,5.84,0
VMC,2016-06-30,5.84,5.84,5.84,5.84,0
VMC,2016-07-01,5.84,5.84,5.84,5.84,0
VMC,2016-07-04,5.84,5.84,5.84,5.84,0
VMC,2016-07-05,5.84,5.84,5.84,5.84,0
VMC,2016-07-06,6.32,6.32,6.32,6.32,1000
VMC,2016-07-07,6.32,6.32,6.32,6.32,0
VMC,2016-07-08,5.69,6.93,5.69,6.93,8300
VMC,2016-07-11,6.93,6.93,6.93,6.93,0
VMC,2016-07-12,6.25,7.6,6.25,7.6,600
VMC,2016-07-13,7.6,7.6,7.6,7.6,0
VMC,2016-07-14,7.6,7.6,7.6,7.6,0
VMC,2016-07-15,7.6,7.6,7.6,7.6,0
VMC,2016-07-18,7.6,7.6,7.6,7.6,0
VMC,2016-07-19,7.6,7.6,7.6,7.6,0
VMC,2016-07-20,6.86,6.86,6.86,6.86,100
VMC,2016-07-21,6.86,6.86,6.86,6.86,0
VMC,2016-07-22,6.86,6.86,6.86,6.86,0
VMC,2016-07-25,6.75,6.75,6.75,6.75,4600
VMC,2016-07-26,6.75,6.75,6.75,6.75,2800
VMC,2016-07-27,6.08,6.08,6.08,6.08,100
VMC,2016-07-28,6.08,6.08,6.08,6.08,0
VMC,2016-07-29,5.49,6.67,5.49,6.67,2200
VMC,2016-08-01,7.08,7.08,7.08,7.08,100
VMC,2016-08-02,7.08,7.08,7.08,7.08,0
VMC,2016-08-03,6.38,7.52,6.38,7.49,600
VMC,2016-08-04,7.49,7.49,7.49,7.49,0
VMC,2016-08-05,6.75,7.19,6.75,7.19,5400
VMC,2016-08-08,7.19,7.19,7.19,7.19,0
VMC,2016-08-09,6.49,6.49,6.49,6.49,100
VMC,2016-08-10,6.49,6.49,6.49,6.49,0
VMC,2016-08-11,7.08,7.12,7.08,7.08,540
VMC,2016-08-12,7.08,7.08,7.08,7.08,0
VMC,2016-08-15,7.08,7.08,7.08,7.08,0
VMC,2016-08-16,7.08,7.08,7.08,7.08,0
VMC,2016-08-17,7.08,7.08,7.08,7.08,12
VMC,2016-08-18,7.08,7.08,7.08,7.08,0
VMC,2016-08-19,6.49,6.49,6.49,6.49,100
VMC,2016-08-22,6.49,6.49,6.49,6.49,0
VMC,2016-08-23,6.1,7.12,6.1,6.3,300
VMC,2016-08-24,6.3,6.3,6.3,6.3,0
VMC,2016-08-25,6.3,6.3,6.3,6.3,0
VMC,2016-08-26,6.3,6.3,6.3,6.3,0
VMC,2016-08-29,6.91,6.91,6.91,6.91,100
VMC,2016-08-30,6.91,6.91,6.91,6.91,0
VMC,2016-08-31,6.91,6.91,6.91,6.91,0
VMC,2016-09-01,6.91,6.91,6.91,6.91,0
VMC,2016-09-05,6.91,6.91,6.91,6.91,0
VMC,2016-09-06,6.91,6.91,6.91,6.91,0
VMC,2016-09-07,6.91,6.91,6.91,6.91,0
VMC,2016-09-08,6.91,6.91,6.91,6.91,0
VMC,2016-09-09,6.91,6.91,6.91,6.91,0
VMC,2016-09-12,6.91,6.91,6.91,6.91,0
VMC,2016-09-13,6.91,6.91,6.91,6.91,0
VMC,2016-09-14,6.91,6.91,6.91,6.91,40
VMC,2016-09-15,6.91,6.91,6.91,6.91,2
VMC,2016-09-16,6.91,6.91,6.91,6.91,0
VMC,2016-09-19,6.91,6.91,6.91,6.91,6
VMC,2016-09-20,6.43,6.43,6.43,6.43,100
VMC,2016-09-21,6.43,6.43,6.43,6.43,0
VMC,2016-09-22,6.45,6.45,6.45,6.45,300
VMC,2016-09-23,6.45,6.45,6.45,6.45,0
VMC,2016-09-26,7.08,7.08,7.08,7.08,100
VMC,2016-09-27,7.08,7.08,7.08,7.08,50
VMC,2016-09-28,7.6,7.6,7.6,7.6,100
VMC,2016-09-29,7.6,7.6,7.6,7.6,50
VMC,2016-09-30,7.6,7.6,7.6,7.6,0
VMC,2016-10-03,7.6,7.6,7.6,7.6,0
VMC,2016-10-04,7.6,7.6,7.6,7.6,0
VMC,2016-10-05,7.6,7.6,7.6,7.6,0
VMC,2016-10-06,7.6,7.6,7.6,7.6,0
VMC,2016-10-07,7.6,7.6,7.6,7.6,0
VMC,2016-10-10,7.6,7.6,7.6,7.6,0
VMC,2016-10-11,7.6,7.6,7.6,7.6,0
VMC,2016-10-12,7.6,7.6,7.6,7.6,0
VMC,2016-10-13,7.6,7.6,7.6,7.6,0
VMC,2016-10-14,7.6,7.6,7.6,7.6,0
VMC,2016-10-17,7.6,7.6,7.6,7.6,0
VMC,2016-10-18,7.6,7.6,7.6,7.6,0
VMC,2016-10-19,7.6,7.6,7.6,7.6,0
VMC,2016-10-20,7.6,7.6,7.6,7.6,0
VMC,2016-10-21,7.6,7.6,7.6,7.6,0
VMC,2016-10-24,7.63,7.63,7.63,7.63,100
VMC,2016-10-25,6.86,6.86,6.86,6.86,200
VMC,2016-10-26,6.86,6.86,6.86,6.86,0
VMC,2016-10-27,6.86,6.86,6.86,6.86,0
VMC,2016-10-28,6.86,6.86,6.86,6.86,0
VMC,2016-10-31,6.86,6.86,6.86,6.86,0
VMC,2016-11-01,6.54,6.54,6.32,6.32,1600
VMC,2016-11-02,6.32,6.32,6.32,6.32,0
VMC,2016-11-03,6.32,6.32,6.32,6.32,300
VMC,2016-11-04,6.32,6.32,5.69,5.69,400
VMC,2016-11-07,6.25,6.25,6.25,6.25,100
VMC,2016-11-08,6.25,6.25,6.25,6.25,0
VMC,2016-11-09,6.86,6.86,6.86,6.86,100
VMC,2016-11-10,7.54,7.54,7.54,7.54,506
VMC,2016-11-11,7.54,7.54,7.54,7.54,0
VMC,2016-11-14,7.54,7.54,7.54,7.54,0
VMC,2016-11-15,6.8,6.8,6.8,6.8,100
VMC,2016-11-16,6.8,6.8,6.8,6.8,0
VMC,2016-11-17,6.14,6.14,6.14,6.14,100
VMC,2016-11-18,6.14,6.14,6.14,6.14,0
VMC,2016-11-21,6.14,6.14,6.14,6.14,0
VMC,2016-11-22,6.54,6.54,6.54,6.54,100
VMC,2016-11-23,7.19,7.19,6.54,7.19,1600
VMC,2016-11-24,7.19,7.19,7.19,7.19,0
VMC,2016-11-25,6.47,6.47,6.47,6.47,100
VMC,2016-11-28,5.84,5.84,5.84,5.84,100
VMC,2016-11-29,5.27,5.27,5.27,5.27,100
VMC,2016-11-30,4.84,4.84,4.84,4.84,100
VMC,2016-12-01,5.32,5.32,5.32,5.32,200
VMC,2016-12-02,5.84,5.84,5.84,5.84,100
VMC,2016-12-05,5.84,5.84,5.84,5.84,0
VMC,2016-12-06,6.41,6.41,6.41,6.41,100
VMC,2016-12-07,7.04,7.04,7.04,7.04,150
VMC,2016-12-08,7.04,7.04,7.04,7.04,18
VMC,2016-12-09,7.04,7.04,7.04,7.04,0
VMC,2016-12-12,7.19,7.19,7.19,7.19,1032
VMC,2016-12-13,7.19,7.19,7.19,7.19,0
VMC,2016-12-14,7.19,7.19,7.19,7.19,0
VMC,2016-12-15,7.19,7.19,7.19,7.19,0
VMC,2016-12-16,7.19,7.19,7.19,7.19,1000
VMC,2016-12-19,6.47,6.47,6.47,6.47,100
VMC,2016-12-20,5.84,5.84,5.84,5.84,300
VMC,2016-12-21,6.19,6.19,6.19,6.19,0
VMC,2016-12-22,6.19,6.19,6.19,6.19,0
VMC,2016-12-23,6.19,6.19,6.19,6.19,0
VMC,2016-12-26,6.19,6.19,6.19,6.19,0
VMC,2016-12-27,6.19,6.19,6.19,6.19,0
VMC,2016-12-28,6.42,6.42,6.42,6.42,900
VMC,2016-12-29,7.04,7.04,7.04,7.04,100
VMC,2016-12-30,7.04,7.04,7.04,7.04,0
VMC,2017-01-03,7.04,7.04,7.04,7.04,0
VMC,2017-01-04,7.04,7.04,7.04,7.04,0
VMC,2017-01-05,7.04,7.04,7.04,7.04,0
VMC,2017-01-06,7.39,7.39,7.39,7.39,700
VMC,2017-01-09,7.64,7.64,7.29,7.29,500
VMC,2017-01-10,7.73,7.89,7.73,7.89,9000
VMC,2017-01-11,7.13,7.89,7.13,7.89,200
VMC,2017-01-12,7.89,7.89,7.89,7.89,0
VMC,2017-01-13,7.89,7.89,7.89,7.89,0
VMC,2017-01-16,7.89,7.89,7.89,7.89,7200
VMC,2017-01-17,7.89,7.89,7.89,7.89,0
VMC,2017-01-18,7.89,7.89,7.15,7.15,1800
VMC,2017-01-19,7.15,7.15,7.15,7.15,0
VMC,2017-01-20,7.87,7.87,6.95,6.95,638
VMC,2017-01-23,6.95,6.95,6.95,6.95,0
VMC,2017-01-24,6.25,6.25,6.25,6.25,100
VMC,2017-01-25,6.88,6.88,6.88,6.88,100
VMC,2017-02-02,6.88,6.88,6.88,6.88,0
VMC,2017-02-03,6.88,6.88,6.88,6.88,0
VMC,2017-02-06,7.55,7.55,7.55,7.55,500
VMC,2017-02-07,8.29,8.29,8.29,8.29,2300
VMC,2017-02-08,8.29,8.29,8.29,8.29,0
VMC,2017-02-09,8.77,8.77,8.77,8.77,100
VMC,2017-02-10,8.89,8.89,8.89,8.89,500
VMC,2017-02-13,8.89,8.89,8.89,8.89,1000
VMC,2017-02-14,9.76,9.76,9.76,9.76,100
VMC,2017-02-15,9.76,9.76,9.76,9.76,0
VMC,2017-02-16,10.62,10.62,8.79,8.79,300
VMC,2017-02-17,7.92,7.92,7.92,7.92,100
VMC,2017-02-20,8.7,8.7,7.18,7.18,1800
VMC,2017-02-21,7.89,7.89,7.89,7.89,300
VMC,2017-02-22,7.92,7.92,7.92,7.92,3000
VMC,2017-02-23,7.92,7.92,7.92,7.92,0
VMC,2017-02-24,7.13,7.99,7.13,7.99,200
VMC,2017-02-27,8.08,8.08,8.08,8.08,600
VMC,2017-02-28,7.41,7.41,7.39,7.39,700
VMC,2017-03-01,6.65,8.1,6.65,8.08,3400
VMC,2017-03-02,8.77,8.77,7.39,7.39,2600
VMC,2017-03-03,7.39,7.39,7.39,7.39,0
VMC,2017-03-06,8.12,8.12,8.12,8.12,800
VMC,2017-03-07,8.77,8.93,8.77,8.93,8700
VMC,2017-03-08,8.93,8.93,8.93,8.93,0
VMC,2017-03-09,9.23,9.79,8.08,9.79,12900
VMC,2017-03-10,8.89,8.89,8.82,8.82,1522
VMC,2017-03-13,8.08,8.08,8.08,8.08,100
VMC,2017-03-14,8.08,8.08,7.85,7.85,1600
VMC,2017-03-15,7.85,7.85,7.85,7.85,0
VMC,2017-03-16,8.31,8.31,8.31,8.31,700
VMC,2017-03-17,7.87,7.87,7.87,7.87,100
VMC,2017-03-20,8.65,8.65,7.41,7.41,4000
VMC,2017-03-21,8.12,8.15,8.12,8.15,500
VMC,2017-03-22,8.15,8.15,8.15,8.15,0
VMC,2017-03-23,7.34,8.77,7.34,7.55,300
VMC,2017-03-24,8.29,8.29,7.69,7.69,240
VMC,2017-03-27,8.45,8.45,7.89,7.89,500
VMC,2017-03-28,8.52,8.68,8.26,8.26,11510
VMC,2017-03-29,8.68,8.68,7.69,7.69,3800
VMC,2017-03-30,8.31,8.45,8.08,8.45,928
VMC,2017-03-31,9.23,9.23,8.19,8.45,3000
VMC,2017-04-03,9.09,9.09,8.31,8.33,1200
VMC,2017-04-04,8.56,9.09,7.64,7.64,12600
VMC,2017-04-05,8.4,8.4,7.71,7.71,9000
VMC,2017-04-07,8.47,8.47,8.47,8.47,6200
VMC,2017-04-10,7.87,9.19,7.87,8.19,1700
VMC,2017-04-11,8.77,8.77,8.4,8.4,13400
VMC,2017-04-12,8.89,8.95,8.22,8.22,14900
VMC,2017-04-13,8.95,8.95,8.35,8.35,3094
VMC,2017-04-14,8.89,8.98,8.47,8.54,20400
VMC,2017-04-17,8.98,9.23,8.89,8.89,12900
VMC,2017-04-18,9.21,9.23,8.89,8.89,16800
VMC,2017-04-19,9.21,9.35,9.14,9.35,16500
VMC,2017-04-20,9.67,10.15,8.91,8.91,25100
VMC,2017-04-21,9.46,9.46,8.79,8.79,3900
VMC,2017-04-24,9.25,9.35,8.59,8.59,7700
VMC,2017-04-25,9.14,9.14,9.14,9.14,100
VMC,2017-04-26,9.14,9.14,9.14,9.14,10
VMC,2017-04-27,8.89,8.89,8.31,8.31,21700
VMC,2017-04-28,8.42,8.42,8.42,8.42,800
VMC,2017-05-03,8.49,8.49,8.49,8.49,2600
VMC,2017-05-04,7.66,7.66,7.66,7.66,3500
VMC,2017-05-05,8.42,8.42,8.08,8.08,6022
VMC,2017-05-08,7.5,8.86,7.27,7.39,33700
VMC,2017-05-09,8.1,8.12,6.65,6.65,178700
VMC,2017-05-10,7.29,7.29,7.29,7.29,24592
VMC,2017-05-11,7.85,8.01,7.41,7.41,86008
VMC,2017-05-12,7.85,7.89,7.43,7.69,28500
VMC,2017-05-15,8.08,8.08,7.8,7.85,17200
VMC,2017-05-16,7.85,7.96,7.8,7.8,49400
VMC,2017-05-17,8.26,8.56,7.99,7.99,140812
VMC,2017-05-18,8.03,8.19,7.92,8.08,79140
VMC,2017-05-19,8.26,8.45,8.26,8.42,27928
VMC,2017-05-22,8.38,8.54,8.35,8.54,7700
VMC,2017-05-23,8.22,8.24,8.22,8.24,5730
VMC,2017-05-24,8.24,8.49,8.24,8.24,32350
VMC,2017-05-25,8.54,8.77,8.26,8.26,56600
VMC,2017-05-26,8.52,8.89,7.73,7.73,460420
VMC,2017-05-29,8.49,8.49,8.49,8.49,4600
VMC,2017-05-30,9.32,9.32,8.54,9.32,162700
VMC,2017-05-31,9.14,9.14,8.54,8.95,112300
VMC,2017-06-01,8.45,9.0,8.45,8.89,78200
VMC,2017-06-02,8.65,8.89,8.54,8.86,87200
VMC,2017-06-05,8.77,9.32,8.77,9.3,46620
VMC,2017-06-06,9.3,9.3,9.02,9.23,36730
VMC,2017-06-07,8.82,9.23,8.79,9.19,25800
VMC,2017-06-08,9.3,9.3,9.02,9.09,36900
VMC,2017-06-09,9.09,9.09,8.91,9.09,40530
VMC,2017-06-12,8.93,9.12,8.93,9.12,56010
VMC,2017-06-13,8.98,9.0,8.95,8.95,4000
VMC,2017-06-14,8.95,9.02,8.95,9.0,27300
VMC,2017-06-15,9.12,9.69,9.12,9.46,34000
VMC,2017-06-16,9.46,9.49,9.42,9.46,40500
VMC,2017-06-19,9.51,10.2,9.51,10.2,16402
VMC,2017-06-20,10.15,10.82,10.15,10.75,11735
VMC,2017-06-21,10.39,10.39,10.15,10.32,66700
VMC,2017-06-22,10.36,10.41,10.25,10.25,39902
VMC,2017-06-23,10.85,10.85,10.15,10.36,30300
VMC,2017-06-26,10.27,11.38,10.2,10.96,43505
VMC,2017-06-27,11.42,12.05,11.42,11.98,54000
VMC,2017-06-28,12.46,12.46,11.24,11.96,16200
VMC,2017-06-29,11.98,11.98,11.36,11.54,36900
VMC,2017-06-30,11.82,11.82,11.31,11.54,57576
VMC,2017-07-03,11.33,11.77,11.33,11.63,13100
VMC,2017-07-04,11.47,11.93,11.45,11.49,52200
VMC,2017-07-05,11.77,11.77,11.4,11.52,20040
VMC,2017-07-06,11.66,11.66,11.33,11.33,14469
VMC,2017-07-07,11.33,11.52,11.33,11.47,13205
VMC,2017-07-10,11.52,11.52,11.12,11.31,34800
VMC,2017-07-11,11.89,11.89,10.99,11.29,13609
VMC,2017-07-12,11.49,11.49,11.19,11.31,11206
VMC,2017-07-13,11.24,11.31,11.22,11.31,3200
VMC,2017-07-14,11.1,11.4,11.1,11.4,14200
VMC,2017-07-17,11.42,11.42,11.31,11.42,6610
VMC,2017-07-18,11.4,11.66,11.4,11.4,29900
VMC,2017-07-19,11.42,11.42,11.36,11.4,5800
VMC,2017-07-20,11.45,11.45,11.33,11.4,10030
VMC,2017-07-21,11.38,11.38,10.99,10.99,16440
VMC,2017-07-24,11.49,11.49,10.75,10.75,4200
VMC,2017-07-25,11.22,11.22,10.62,10.62,25316
VMC,2017-07-26,10.62,10.64,10.5,10.62,6622
VMC,2017-07-27,10.41,10.62,10.29,10.39,29600
VMC,2017-07-28,10.39,10.45,10.15,10.29,24000
VMC,2017-07-31,10.27,10.36,9.76,10.36,15900
VMC,2017-08-01,10.5,10.5,10.15,10.43,55300
VMC,2017-08-02,10.69,10.89,10.5,10.5,11050
VMC,2017-08-03,10.85,10.85,10.52,10.52,5848
VMC,2017-08-04,10.52,10.64,10.52,10.57,13200
VMC,2017-08-07,10.59,10.62,10.52,10.52,10000
VMC,2017-08-08,11.24,11.24,10.5,10.5,8504
VMC,2017-08-09,10.5,10.52,10.39,10.52,17030
VMC,2017-08-10,10.39,10.52,10.39,10.52,1400
VMC,2017-08-11,10.5,10.5,10.39,10.5,4505
VMC,2017-08-14,10.52,10.52,10.39,10.39,1600
VMC,2017-08-15,10.39,10.5,10.39,10.45,2105
VMC,2017-08-16,10.48,10.52,10.48,10.52,6600
VMC,2017-08-17,10.52,10.52,10.27,10.27,1970
VMC,2017-08-18,10.36,10.36,10.04,10.11,4600
VMC,2017-08-21,10.32,10.32,10.15,10.15,1200
VMC,2017-08-22,10.27,10.27,10.06,10.06,911
VMC,2017-08-23,10.27,10.36,10.13,10.36,6500
VMC,2017-08-24,10.15,10.36,10.15,10.36,200
VMC,2017-08-25,10.59,10.59,10.36,10.5,4200
VMC,2017-08-28,10.39,10.5,10.22,10.48,7300
VMC,2017-08-29,10.43,10.43,10.25,10.39,28911
VMC,2017-08-30,10.5,10.96,10.39,10.96,28053
VMC,2017-08-31,11.08,11.19,10.96,10.99,7005
VMC,2017-09-01,10.89,10.99,10.85,10.96,3196
VMC,2017-09-05,10.89,10.96,10.85,10.96,7558
VMC,2017-09-06,10.89,10.96,10.62,10.85,26366
VMC,2017-09-07,10.73,10.96,10.39,10.85,6539
VMC,2017-09-08,10.73,11.03,10.73,10.85,19636
VMC,2017-09-11,10.78,11.31,10.78,11.31,16443
VMC,2017-09-12,10.75,11.49,10.75,11.08,18662
VMC,2017-09-13,11.08,11.26,10.99,11.08,4076
VMC,2017-09-14,11.08,11.08,10.87,11.08,9017
VMC,2017-09-15,11.06,11.06,10.89,11.06,7278
VMC,2017-09-18,10.39,11.01,10.39,11.01,7475
VMC,2017-09-19,10.85,10.99,10.73,10.99,13425
VMC,2017-09-20,10.8,10.94,10.8,10.85,8927
VMC,2017-09-21,10.73,10.85,10.73,10.82,12771
VMC,2017-09-22,10.62,10.73,10.62,10.69,5059
VMC,2017-09-25,10.62,10.75,10.62,10.64,8358
VMC,2017-09-26,10.62,10.85,10.5,10.73,14452
VMC,2017-09-27,10.64,10.73,10.62,10.62,15641
VMC,2017-09-28,10.62,10.75,10.39,10.62,8850
VMC,2017-09-29,10.62,10.62,10.39,10.5,15321
VMC,2017-10-02,10.82,10.82,10.39,10.57,26287
VMC,2017-10-03,10.39,10.62,10.39,10.62,10138
VMC,2017-10-04,10.62,10.75,10.62,10.62,22561
VMC,2017-10-05,10.62,10.89,10.62,10.82,17206
VMC,2017-10-06,10.82,11.29,10.73,11.08,19046
VMC,2017-10-09,10.85,11.01,10.85,11.01,805
VMC,2017-10-10,10.87,11.08,10.87,11.01,11761
VMC,2017-10-11,11.08,11.08,10.85,11.01,4027
VMC,2017-10-12,11.01,11.22,10.85,11.08,15804
VMC,2017-10-13,11.03,11.15,10.96,11.15,18400
VMC,2017-10-16,11.15,11.54,11.15,11.31,14996
VMC,2017-10-17,11.31,11.89,11.19,11.68,42652
VMC,2017-10-18,11.77,11.98,11.54,11.68,23201
VMC,2017-10-19,11.77,12.21,11.54,12.0,109216
VMC,2017-10-20,12.14,12.14,11.89,12.02,7974
VMC,2017-10-23,12.05,12.05,11.77,11.98,2078
VMC,2017-10-24,11.56,11.77,11.54,11.7,16216
VMC,2017-10-25,11.7,12.0,11.66,11.82,53672
VMC,2017-10-26,11.75,11.98,11.75,11.82,43267
VMC,2017-10-27,11.77,11.93,11.77,11.77,15915
VMC,2017-10-30,11.75,12.42,11.7,12.23,74989
VMC,2017-10-31,12.23,13.39,12.23,12.62,58224
VMC,2017-11-01,12.92,12.92,12.35,12.69,27511
VMC,2017-11-02,12.35,12.67,12.0,12.0,23021
VMC,2017-11-03,12.21,12.88,12.19,12.46,22943
VMC,2017-11-06,12.37,13.39,12.32,12.92,81982
VMC,2017-11-07,12.92,13.11,12.72,13.06,16277
VMC,2017-11-08,12.92,13.04,12.92,12.92,20771
VMC,2017-11-09,12.86,12.86,12.23,12.69,33761
VMC,2017-11-10,12.3,12.69,12.3,12.3,39639
VMC,2017-11-13,12.3,12.67,12.12,12.37,20731
VMC,2017-11-14,12.16,12.42,12.16,12.37,4188
VMC,2017-11-15,12.16,12.46,12.0,12.42,15984
VMC,2017-11-16,12.02,12.56,12.02,12.39,18900
VMC,2017-11-17,12.35,12.35,12.09,12.28,5009
VMC,2017-11-20,12.09,12.23,12.0,12.21,11162
VMC,2017-11-21,12.05,12.05,11.77,12.05,14300
VMC,2017-11-22,12.19,12.69,11.77,12.05,11000
VMC,2017-11-23,12.05,12.05,11.77,12.02,29510
VMC,2017-11-24,12.0,12.0,11.56,11.89,3610
VMC,2017-11-27,12.0,12.12,11.77,11.77,4540
VMC,2017-11-28,11.77,12.88,11.66,11.84,126355
VMC,2017-11-29,12.0,12.0,11.77,11.84,39491
VMC,2017-11-30,11.77,11.96,11.7,11.84,26582
VMC,2017-12-01,11.61,12.0,11.59,11.89,11217
VMC,2017-12-04,11.66,12.0,11.66,11.77,24394
VMC,2017-12-05,11.77,11.77,11.59,11.59,15426
VMC,2017-12-06,11.54,11.59,11.54,11.54,9700
VMC,2017-12-07,11.54,11.66,11.54,11.56,10088
VMC,2017-12-08,11.54,11.56,11.42,11.56,17450
VMC,2017-12-11,11.38,11.63,11.33,11.59,13940
VMC,2017-12-12,11.38,11.86,11.38,11.54,15400
VMC,2017-12-13,11.54,11.72,11.47,11.72,15314
VMC,2017-12-14,11.54,12.32,11.54,12.09,78184
VMC,2017-12-15,11.77,12.0,11.56,11.89,32300
VMC,2017-12-18,11.77,11.89,11.72,11.89,5963
VMC,2017-12-19,11.77,11.86,11.54,11.86,24770
VMC,2017-12-20,11.59,11.7,11.47,11.59,14840
VMC,2017-12-21,11.54,11.56,11.31,11.38,18540
VMC,2017-12-22,11.45,11.45,10.78,10.78,21338
VMC,2017-12-25,10.85,11.1,10.85,11.1,7220
VMC,2017-12-26,10.94,11.08,10.78,10.89,10731
VMC,2017-12-27,10.89,11.08,10.89,11.06,9526
VMC,2017-12-28,11.06,11.31,11.06,11.22,10698
VMC,2017-12-29,11.08,11.31,11.08,11.19,8023
VMC,2018-01-02,11.19,11.31,11.08,11.31,6979
VMC,2018-01-03,11.08,11.42,10.99,11.08,25675
VMC,2018-01-04,11.08,11.08,10.8,11.03,18950
VMC,2018-01-05,10.85,11.08,10.78,10.96,10678
VMC,2018-01-08,10.73,11.31,10.66,11.26,37631
VMC,2018-01-09,11.31,12.37,11.31,12.35,101220
VMC,2018-01-10,12.12,12.42,11.82,12.12,23174
VMC,2018-01-11,12.0,12.23,11.79,12.23,27461
VMC,2018-01-12,12.23,12.23,11.77,12.0,67999
VMC,2018-01-15,11.42,12.12,11.42,11.66,43058
VMC,2018-01-16,11.77,11.77,11.54,11.72,10211
VMC,2018-01-17,11.54,12.12,11.54,11.77,51899
VMC,2018-01-18,11.86,11.86,11.47,11.66,11281
VMC,2018-01-19,11.66,12.81,11.54,12.81,209487
VMC,2018-01-22,12.69,14.08,12.69,14.08,205248
VMC,2018-01-23,14.86,15.49,13.39,13.96,127027
VMC,2018-01-24,15.35,15.35,13.39,13.96,65231
VMC,2018-01-25,14.19,14.77,13.85,14.03,79201
VMC,2018-01-26,14.08,14.08,12.97,13.36,47945
VMC,2018-01-29,13.34,13.39,12.92,13.27,69945
VMC,2018-01-30,13.27,14.29,12.92,14.29,117593
VMC,2018-01-31,13.85,15.32,13.73,13.94,47071
VMC,2018-02-01,13.85,14.08,13.27,13.85,88018
VMC,2018-02-02,14.31,14.31,13.39,13.73,15622
VMC,2018-02-05,13.73,13.73,12.92,12.92,58933
VMC,2018-02-06,12.69,12.97,11.66,12.44,132031
VMC,2018-02-07,12.92,13.66,12.92,13.66,166936
VMC,2018-02-08,14.54,15.0,13.69,14.31,164383
VMC,2018-02-09,13.96,14.08,13.5,14.08,21808
VMC,2018-02-12,14.31,14.42,13.73,13.73,41411
VMC,2018-02-13,13.39,14.49,13.39,14.31,95800
VMC,2018-02-21,14.54,15.0,14.54,14.72,80494
VMC,2018-02-22,14.77,15.0,14.31,14.54,67200
VMC,2018-02-23,14.54,14.54,14.26,14.49,59400
VMC,2018-02-26,14.54,14.66,14.42,14.52,88360
VMC,2018-02-27,15.64,15.64,14.54,14.54,60700
VMC,2018-02-28,14.54,14.54,13.78,13.78,26300
VMC,2018-03-01,13.78,13.78,12.9,12.9,40314
VMC,2018-03-02,12.9,13.17,12.79,13.04,24544
VMC,2018-03-05,13.04,13.04,12.68,12.71,12800
VMC,2018-03-06,12.68,12.71,12.35,12.62,56394
VMC,2018-03-07,12.9,12.9,12.46,12.62,36262
VMC,2018-03-08,12.62,12.73,12.46,12.65,21600
VMC,2018-03-09,12.68,13.45,12.65,13.23,29530
VMC,2018-03-12,13.17,13.45,13.06,13.31,20170
VMC,2018-03-13,13.31,13.45,13.31,13.36,34740
VMC,2018-03-14,13.36,13.36,13.17,13.31,11160
VMC,2018-03-15,13.45,14.27,13.45,14.27,75100
VMC,2018-03-16,14.13,14.13,13.72,13.72,17850
VMC,2018-03-19,13.75,13.86,13.72,13.72,12340
VMC,2018-03-20,15.09,15.09,13.89,13.97,82373
VMC,2018-03-21,14.41,14.82,14.0,14.27,92767
VMC,2018-03-22,14.79,14.79,14.35,14.41,36440
VMC,2018-03-23,14.27,14.27,13.89,14.05,41030
VMC,2018-03-26,14.0,14.96,13.83,14.43,38300
VMC,2018-03-27,14.54,14.54,14.27,14.3,14450
VMC,2018-03-28,14.52,14.54,14.16,14.16,20110
VMC,2018-03-29,14.19,14.27,14.16,14.22,3220
VMC,2018-03-30,14.24,14.24,13.94,14.0,6200
VMC,2018-04-02,13.89,14.0,13.72,14.0,47937
VMC,2018-04-03,13.72,14.13,13.36,13.86,12660
VMC,2018-04-04,13.72,13.97,13.72,13.72,17148
VMC,2018-04-05,13.72,13.72,13.45,13.72,9050
VMC,2018-04-06,13.69,13.86,13.69,13.86,14070
VMC,2018-04-09,13.86,14.33,13.86,14.3,68390
VMC,2018-04-10,13.78,14.49,13.78,14.22,4174
VMC,2018-04-11,13.86,14.22,13.78,14.08,2300
VMC,2018-04-12,14.0,14.08,13.72,14.0,3961
VMC,2018-04-13,13.75,13.97,13.72,13.97,3544
VMC,2018-04-16,13.97,14.27,13.89,14.0,13000
VMC,2018-04-17,14.08,14.13,13.75,13.78,23410
VMC,2018-04-18,14.13,14.9,14.13,14.41,6920
VMC,2018-04-19,13.75,14.13,13.72,14.13,15071
VMC,2018-04-20,13.75,14.41,13.72,14.41,35350
VMC,2018-04-23,13.86,13.86,13.17,13.17,6261
VMC,2018-04-24,13.2,14.11,13.2,14.11,11100
VMC,2018-04-26,14.24,14.27,13.58,13.67,7951
VMC,2018-04-27,13.34,13.97,13.31,13.97,7800
VMC,2018-05-02,14.41,14.54,13.97,14.22,116511
VMC,2018-05-03,14.82,15.09,14.0,14.22,47400
VMC,2018-05-04,14.27,14.41,14.13,14.22,24031
VMC,2018-05-07,14.27,14.27,14.0,14.0,12284
VMC,2018-05-08,14.0,14.0,13.45,13.72,41011
VMC,2018-05-09,13.72,14.22,13.72,14.0,45210
VMC,2018-05-10,14.05,14.13,13.89,14.0,18900
VMC,2018-05-11,14.02,14.05,13.89,13.89,17433
VMC,2018-05-14,14.0,14.13,13.8,14.0,11600
VMC,2018-05-15,14.13,14.13,13.97,14.08,45654
VMC,2018-05-16,14.13,14.54,14.08,14.38,74820
VMC,2018-05-17,14.41,14.41,14.11,14.22,38869
VMC,2018-05-18,14.08,14.22,12.82,13.57,33200
VMC,2018-05-21,12.79,13.47,12.58,12.58,16031
VMC,2018-05-22,12.58,12.58,11.33,11.33,45186
VMC,2018-05-23,11.33,11.43,11.33,11.43,37910
VMC,2018-05-24,11.84,11.84,11.56,11.67,1610
VMC,2018-05-25,11.9,12.24,11.84,12.24,15227
VMC,2018-05-28,12.24,12.24,11.56,11.97,27020
VMC,2018-05-29,11.9,12.58,11.9,12.07,26400
VMC,2018-05-30,12.24,12.41,12.07,12.24,21110
VMC,2018-05-31,12.52,12.52,12.04,12.07,3005
VMC,2018-06-01,12.07,12.07,11.84,11.9,39800
VMC,2018-06-04,11.9,12.07,11.9,11.94,15386
VMC,2018-06-05,12.07,12.07,11.77,11.77,12300
VMC,2018-06-06,11.8,12.58,11.73,12.28,54905
VMC,2018-06-07,12.24,12.41,12.24,12.28,11820
VMC,2018-06-08,12.24,12.58,12.24,12.28,10901
VMC,2018-06-11,12.52,12.58,12.31,12.31,8200
VMC,2018-06-12,12.24,12.41,12.24,12.41,19800
VMC,2018-06-13,12.28,12.28,12.24,12.28,4620
VMC,2018-06-14,12.24,12.92,12.24,12.28,58000
VMC,2018-06-15,12.31,12.35,12.28,12.28,3220
VMC,2018-06-18,12.28,12.28,12.24,12.24,500
VMC,2018-06-19,12.07,12.24,11.02,11.33,27010
VMC,2018-06-20,11.46,11.46,11.46,11.46,200
VMC,2018-06-21,11.9,11.9,11.46,11.46,2400
VMC,2018-06-22,11.9,11.9,11.67,11.9,1220
VMC,2018-06-25,11.9,11.9,11.9,11.9,1193
VMC,2018-06-26,11.77,11.9,11.73,11.9,6100
VMC,2018-06-27,11.8,11.8,11.8,11.8,200
VMC,2018-06-28,11.8,11.97,11.8,11.9,7780
VMC,2018-06-29,11.56,11.56,11.56,11.56,400
VMC,2018-07-02,11.56,11.9,11.39,11.9,16500
VMC,2018-07-03,11.9,11.9,11.73,11.73,7013
VMC,2018-07-04,11.9,11.9,11.73,11.73,9500
VMC,2018-07-05,11.9,11.94,11.9,11.9,14000
VMC,2018-07-06,11.9,12.24,11.9,12.01,15510
VMC,2018-07-09,12.04,12.04,11.97,11.97,6100
VMC,2018-07-10,11.77,11.77,11.77,11.77,500
VMC,2018-07-11,11.77,11.77,11.77,11.77,800
VMC,2018-07-12,12.21,12.24,11.9,11.94,19300
VMC,2018-07-13,11.97,12.24,11.94,11.97,2700
VMC,2018-07-16,11.97,11.97,11.97,11.97,20
VMC,2018-07-17,11.97,11.97,11.97,11.97,300
VMC,2018-07-18,11.97,11.97,11.9,11.97,700
VMC,2018-07-19,12.07,12.07,11.97,11.97,2330
VMC,2018-07-20,11.97,12.07,11.97,12.07,1965
VMC,2018-07-23,12.07,12.07,12.07,12.07,0
VMC,2018-07-24,12.07,12.07,12.07,12.07,300
VMC,2018-07-25,11.9,11.97,11.9,11.97,1540
VMC,2018-07-26,11.9,12.11,11.73,12.11,1800
VMC,2018-07-27,12.21,12.21,12.21,12.21,100
VMC,2018-07-30,11.9,12.41,11.84,12.31,4700
VMC,2018-07-31,12.31,12.31,12.31,12.31,0
VMC,2018-08-01,12.31,12.41,12.04,12.04,7425
VMC,2018-08-02,12.04,12.24,11.9,12.21,19822
VMC,2018-08-03,12.31,12.58,12.31,12.45,25200
VMC,2018-08-06,12.55,12.55,12.48,12.52,1732
VMC,2018-08-07,12.52,12.52,12.41,12.48,5300
VMC,2018-08-08,12.62,12.62,12.48,12.52,469
VMC,2018-08-09,12.82,12.82,12.58,12.58,2520
VMC,2018-08-10,12.62,12.65,12.24,12.52,2940
VMC,2018-08-13,12.52,12.89,12.24,12.24,11500
VMC,2018-08-14,12.24,12.35,11.9,12.24,13076
VMC,2018-08-15,11.9,12.21,11.9,12.21,15832
VMC,2018-08-16,11.9,12.58,11.8,12.24,60607
VMC,2018-08-17,12.67,13.47,12.67,13.36,11422
VMC,2018-08-20,13.84,13.84,13.36,13.36,1320
VMC,2018-08-21,13.36,13.36,12.46,13.31,13837
VMC,2018-08-22,12.94,13.25,12.78,12.99,7400
VMC,2018-08-23,13.04,13.15,12.78,12.78,3520
VMC,2018-08-24,12.78,12.83,12.78,12.78,5700
VMC,2018-08-27,12.99,12.99,12.78,12.78,1600
VMC,2018-08-28,12.78,12.78,12.56,12.56,5900
VMC,2018-08-29,12.56,12.56,12.56,12.56,92
VMC,2018-08-30,12.78,12.88,12.78,12.88,3500
VMC,2018-08-31,12.78,12.78,12.51,12.78,500
VMC,2018-09-04,12.56,12.56,12.3,12.3,5100
VMC,2018-09-05,12.3,12.4,12.14,12.4,2573
VMC,2018-09-06,12.4,12.51,12.4,12.51,8472
VMC,2018-09-07,12.51,12.62,12.51,12.51,970
VMC,2018-09-10,12.51,12.51,12.46,12.46,700
VMC,2018-09-11,12.24,12.51,12.24,12.51,3029
VMC,2018-09-12,12.51,12.78,12.51,12.67,4560
VMC,2018-09-13,12.72,12.72,12.56,12.56,9120
VMC,2018-09-14,12.56,12.56,12.46,12.46,19300
VMC,2018-09-17,12.67,12.67,12.46,12.46,5790
VMC,2018-09-18,12.35,12.35,12.3,12.3,3700
VMC,2018-09-19,12.3,12.3,12.19,12.19,13800
VMC,2018-09-20,12.24,12.24,11.98,11.98,10600
VMC,2018-09-21,12.19,12.19,11.92,12.19,4200
VMC,2018-09-24,12.03,12.03,12.03,12.03,106
VMC,2018-09-25,11.98,11.98,11.98,11.98,6000
VMC,2018-09-26,12.08,12.08,11.98,11.98,2600
VMC,2018-09-27,11.98,12.03,11.98,12.03,1900
VMC,2018-09-28,12.08,12.46,12.08,12.14,4809
VMC,2018-10-01,12.14,12.14,12.08,12.08,2200
VMC,2018-10-02,12.14,12.14,12.08,12.08,2300
VMC,2018-10-03,12.14,12.3,12.14,12.14,2320
VMC,2018-10-04,12.19,12.24,12.03,12.03,15610
VMC,2018-10-05,12.03,12.14,12.03,12.14,6496
VMC,2018-10-08,12.19,12.24,12.19,12.24,1620
VMC,2018-10-09,12.24,12.24,12.24,12.24,0
VMC,2018-10-10,11.87,11.98,11.87,11.98,1150
VMC,2018-10-11,11.76,11.82,10.91,11.82,18100
VMC,2018-10-12,11.82,11.87,11.82,11.87,750
VMC,2018-10-15,11.82,11.82,11.76,11.82,2000
VMC,2018-10-16,11.5,11.82,11.5,11.82,2218
VMC,2018-10-17,11.87,11.87,11.76,11.76,516
VMC,2018-10-18,11.55,11.82,11.55,11.82,1300
VMC,2018-10-19,11.71,11.87,11.71,11.87,1220
VMC,2018-10-22,11.82,11.87,11.82,11.87,1300
VMC,2018-10-23,11.76,11.76,11.66,11.66,2200
VMC,2018-10-24,11.5,11.66,11.44,11.66,1100
VMC,2018-10-25,11.34,11.6,11.34,11.44,2500
VMC,2018-10-26,11.18,11.44,11.13,11.44,2000
VMC,2018-10-29,11.18,11.6,11.18,11.6,2500
VMC,2018-10-30,11.18,11.6,10.91,11.6,3400
VMC,2018-10-31,11.5,11.66,11.5,11.66,3200
VMC,2018-11-01,11.66,11.76,11.5,11.76,2300
VMC,2018-11-02,11.71,11.87,11.71,11.87,11200
VMC,2018-11-05,11.02,11.87,11.02,11.87,600
VMC,2018-11-06,11.44,11.87,11.18,11.87,1000
VMC,2018-11-07,11.34,11.87,11.34,11.87,900
VMC,2018-11-08,11.82,11.87,11.44,11.87,4000
VMC,2018-11-09,11.44,11.76,11.44,11.76,5100
VMC,2018-11-12,11.44,11.76,11.34,11.66,8700
VMC,2018-11-13,11.66,11.66,11.66,11.66,6000
VMC,2018-11-14,11.44,11.6,11.39,11.6,5900
VMC,2018-11-15,11.34,11.55,11.34,11.55,2110
VMC,2018-11-16,11.55,11.71,11.55,11.71,2200
VMC,2018-11-19,11.71,11.82,11.71,11.82,349
VMC,2018-11-20,11.39,11.82,10.7,11.76,4700
VMC,2018-11-21,11.29,11.71,11.18,11.71,1200
VMC,2018-11-22,11.34,11.82,11.34,11.82,2100
VMC,2018-11-23,11.71,11.71,11.66,11.66,300
VMC,2018-11-26,11.23,11.71,11.18,11.71,3500
VMC,2018-11-27,11.23,11.66,11.18,11.66,14200
VMC,2018-11-28,11.66,11.92,11.66,11.92,1000
VMC,2018-11-29,11.92,11.92,11.92,11.92,0
VMC,2018-11-30,11.44,11.71,11.29,11.71,2500
VMC,2018-12-03,11.29,11.66,11.29,11.66,600
VMC,2018-12-04,11.6,11.66,11.6,11.66,2100
VMC,2018-12-05,11.66,11.66,11.66,11.66,300
VMC,2018-12-06,11.5,11.66,11.5,11.66,249
VMC,2018-12-07,11.29,11.6,11.29,11.6,922
VMC,2018-12-10,11.6,11.6,11.6,11.6,164
VMC,2018-12-11,11.02,11.6,11.02,11.6,1150
VMC,2018-12-12,10.97,11.6,10.75,11.6,12722
VMC,2018-12-13,11.23,11.44,11.13,11.44,2450
VMC,2018-12-14,11.34,11.39,11.13,11.39,2600
VMC,2018-12-17,11.02,11.02,10.65,10.97,6675
VMC,2018-12-18,10.65,10.86,10.49,10.86,3610
VMC,2018-12-19,10.01,10.59,9.9,10.59,4324
VMC,2018-12-20,10.11,10.22,9.58,9.85,12259
VMC,2018-12-21,9.85,10.22,9.48,10.22,11820
VMC,2018-12-24,10.59,10.59,9.85,10.33,11910
VMC,2018-12-25,10.11,10.11,9.53,10.11,5620
VMC,2018-12-26,10.11,10.11,9.64,10.11,3401
VMC,2018-12-27,10.06,10.11,9.69,10.11,2082
VMC,2018-12-28,10.11,10.33,9.85,10.33,3634
VMC,2019-01-02,10.11,10.11,10.06,10.11,2410
VMC,2019-01-03,9.85,10.11,9.85,10.11,1930
VMC,2019-01-04,9.64,10.11,9.58,10.11,7573
VMC,2019-01-07,9.85,10.06,9.85,10.06,3100
VMC,2019-01-08,10.06,10.06,10.06,10.06,2880
VMC,2019-01-09,9.95,10.06,9.85,10.06,2300
VMC,2019-01-10,9.95,9.95,9.95,9.95,4200
VMC,2019-01-11,9.37,10.06,9.37,9.95,33100
VMC,2019-01-14,9.79,10.06,9.79,10.06,3200
VMC,2019-01-15,9.85,10.06,9.79,10.06,5600
VMC,2019-01-16,9.95,10.01,9.85,10.01,1400
VMC,2019-01-17,10.01,10.11,9.79,10.11,5300
VMC,2019-01-18,9.85,10.06,9.69,10.06,2600
VMC,2019-01-21,9.74,10.01,9.74,10.01,1600
VMC,2019-01-22,10.01,10.01,9.85,10.01,3200
VMC,2019-01-23,9.74,9.95,9.64,9.95,1103
VMC,2019-01-24,9.69,9.95,9.69,9.95,624
VMC,2019-01-25,9.95,9.95,9.69,9.95,1519
VMC,2019-01-28,9.69,9.95,9.69,9.85,4523
VMC,2019-01-29,9.74,9.9,9.74,9.79,1200
VMC,2019-01-30,9.79,10.01,9.74,10.01,4710
VMC,2019-01-31,9.85,9.95,9.32,9.95,8900
VMC,2019-02-01,9.58,9.95,9.58,9.95,200
VMC,2019-02-11,10.01,10.11,10.01,10.11,600
VMC,2019-02-12,9.74,9.95,9.74,9.9,800
VMC,2019-02-13,10.01,10.11,9.85,10.01,2150
VMC,2019-02-14,10.11,10.27,10.06,10.27,4240
VMC,2019-02-15,10.27,10.65,10.06,10.17,10460
VMC,2019-02-18,10.43,10.86,10.38,10.49,4300
VMC,2019-02-19,10.81,10.81,10.59,10.59,1700
VMC,2019-02-20,10.59,10.81,10.59,10.81,2620
VMC,2019-02-21,10.81,11.18,10.65,10.65,26710
VMC,2019-02-22,10.65,10.65,10.65,10.65,620
VMC,2019-02-25,10.38,10.65,10.38,10.43,3520
VMC,2019-02-26,10.22,10.43,10.22,10.22,7200
VMC,2019-02-27,10.22,10.22,10.11,10.22,12409
VMC,2019-02-28,10.17,10.22,10.01,10.17,5400
VMC,2019-03-01,10.01,10.33,10.01,10.33,3400
VMC,2019-03-04,10.27,10.59,10.22,10.38,16400
VMC,2019-03-05,10.38,10.59,10.38,10.38,5302
VMC,2019-03-06,10.38,10.65,10.38,10.65,5640
VMC,2019-03-07,10.49,10.65,10.43,10.65,10420
VMC,2019-03-08,10.65,10.65,10.33,10.33,21800
VMC,2019-03-11,10.27,10.33,10.11,10.33,10040
VMC,2019-03-12,10.33,10.33,10.27,10.33,9600
VMC,2019-03-13,10.27,10.33,10.22,10.33,21400
VMC,2019-03-14,10.33,10.33,10.11,10.22,6700
VMC,2019-03-15,10.22,10.33,10.11,10.33,28130
VMC,2019-03-18,10.33,10.86,10.33,10.65,11610
VMC,2019-03-19,10.75,10.75,10.54,10.54,56400
VMC,2019-03-20,10.65,11.55,10.54,11.55,215612
VMC,2019-03-21,11.82,12.67,11.82,12.24,145972
VMC,2019-03-22,12.35,12.35,11.71,11.71,79731
VMC,2019-03-25,11.66,11.71,11.02,11.44,89113
VMC,2019-03-26,11.5,11.55,11.18,11.34,78750
VMC,2019-03-27,11.34,11.34,11.07,11.29,55060
VMC,2019-03-28,11.29,11.29,10.85,10.85,43920
VMC,2019-03-29,10.98,11.41,10.98,11.29,11700
VMC,2019-04-01,11.29,11.29,10.67,10.67,15200
VMC,2019-04-02,10.67,10.98,10.67,10.73,19650
VMC,2019-04-03,10.79,10.79,10.42,10.54,11550
VMC,2019-04-04,10.54,10.54,10.42,10.54,14996
VMC,2019-04-05,10.54,10.54,10.23,10.23,21626
VMC,2019-04-08,10.23,10.48,10.17,10.23,18704
VMC,2019-04-09,10.29,10.36,10.23,10.29,23626
VMC,2019-04-10,10.29,10.29,10.11,10.29,9302
VMC,2019-04-11,10.23,10.29,10.11,10.17,10152
VMC,2019-04-12,10.04,10.11,10.04,10.11,12010
VMC,2019-04-16,10.04,10.04,9.3,9.8,10700
VMC,2019-04-17,9.8,9.8,9.42,9.42,35810
VMC,2019-04-18,9.49,9.8,9.49,9.61,5300
VMC,2019-04-19,9.8,9.86,9.61,9.86,8170
VMC,2019-04-22,9.86,9.86,9.42,9.42,19904
VMC,2019-04-23,9.42,9.61,9.36,9.42,15540
VMC,2019-04-24,9.61,9.67,9.42,9.42,12500
VMC,2019-04-25,9.49,9.55,9.42,9.55,7410
VMC,2019-04-26,9.67,9.67,9.61,9.67,9120
VMC,2019-05-02,9.67,9.73,9.42,9.42,10570
VMC,2019-05-03,9.42,9.61,9.3,9.3,18200
VMC,2019-05-06,9.42,9.42,9.24,9.42,4760
VMC,2019-05-07,9.42,9.42,9.3,9.3,5510
VMC,2019-05-08,9.3,9.3,9.3,9.3,5010
VMC,2019-05-09,9.3,9.3,9.24,9.24,14300
VMC,2019-05-10,9.3,9.3,9.18,9.18,22230
VMC,2019-05-13,9.18,9.18,9.11,9.18,20200
VMC,2019-05-14,9.18,9.18,9.11,9.11,21000
VMC,2019-05-15,9.11,9.11,8.99,9.11,30750
VMC,2019-05-16,9.18,9.3,9.18,9.18,15710
VMC,2019-05-17,9.3,9.36,9.3,9.3,15500
VMC,2019-05-20,9.3,9.55,9.3,9.3,11840
VMC,2019-05-21,9.49,9.61,9.3,9.3,3502
VMC,2019-05-22,9.3,9.3,9.3,9.3,5200
VMC,2019-05-23,9.49,9.49,9.3,9.3,18701
VMC,2019-05-24,9.3,9.3,9.3,9.3,7420
VMC,2019-05-27,9.3,9.3,9.18,9.18,2600
VMC,2019-05-28,9.18,9.18,9.05,9.18,33720
VMC,2019-05-29,9.18,9.18,9.05,9.05,3600
VMC,2019-05-30,9.11,9.11,9.05,9.05,4103
VMC,2019-05-31,9.05,9.11,9.05,9.05,4000
VMC,2019-06-03,9.11,9.11,8.99,9.11,4400
VMC,2019-06-04,9.11,9.49,9.11,9.49,70945
VMC,2019-06-05,9.49,9.67,9.49,9.61,29100
VMC,2019-06-06,9.61,9.67,9.42,9.42,26022
VMC,2019-06-07,9.42,9.42,9.3,9.42,10920
VMC,2019-06-10,9.42,9.61,9.3,9.42,14600
VMC,2019-06-11,9.18,9.24,9.18,9.18,33055
VMC,2019-06-12,9.18,9.24,9.11,9.18,5800
VMC,2019-06-13,9.55,9.55,8.99,8.99,40900
VMC,2019-06-14,8.99,8.99,8.8,8.87,7800
VMC,2019-06-17,8.87,8.87,8.74,8.74,19800
VMC,2019-06-18,8.74,8.8,8.68,8.74,37860
VMC,2019-06-19,8.68,8.74,8.68,8.74,18400
VMC,2019-06-20,8.8,9.18,8.74,8.87,10619
VMC,2019-06-21,8.99,8.99,8.74,8.8,45300
VMC,2019-06-24,8.8,8.8,8.68,8.68,13300
VMC,2019-06-25,8.74,8.74,8.74,8.74,5980
VMC,2019-06-26,8.62,8.74,8.62,8.74,3100
VMC,2019-06-27,8.68,8.68,8.49,8.62,27200
VMC,2019-06-28,8.56,8.62,8.49,8.62,4200
VMC,2019-07-01,8.62,8.62,8.43,8.62,12550
VMC,2019-07-02,8.56,8.56,8.49,8.56,12900
VMC,2019-07-03,8.56,8.56,8.56,8.56,3420
VMC,2019-07-04,8.49,8.56,8.49,8.56,700
VMC,2019-07-05,8.49,8.62,8.49,8.56,2800
VMC,2019-07-08,8.56,8.56,8.49,8.56,5920
VMC,2019-07-09,8.62,8.8,8.49,8.56,3500
VMC,2019-07-10,8.56,8.62,8.56,8.62,700
VMC,2019-07-11,8.56,8.62,8.49,8.56,4500
VMC,2019-07-12,8.56,8.56,8.49,8.49,3350
VMC,2019-07-15,8.49,8.49,8.43,8.49,3600
VMC,2019-07-16,8.43,8.43,8.43,8.43,10400
VMC,2019-07-17,8.49,8.49,8.43,8.49,1108
VMC,2019-07-18,8.49,8.49,8.37,8.43,5720
VMC,2019-07-19,8.37,8.49,8.25,8.31,101300
VMC,2019-07-22,8.31,8.31,8.25,8.31,1070
VMC,2019-07-23,8.18,8.31,7.5,7.87,23900
VMC,2019-07-24,7.87,8.31,7.81,7.94,14450
VMC,2019-07-25,7.81,8.0,7.75,8.0,38600
VMC,2019-07-26,8.0,8.06,7.94,8.06,5200
VMC,2019-07-29,8.06,8.06,8.0,8.0,1400
VMC,2019-07-30,7.94,8.0,7.63,7.81,15120
VMC,2019-07-31,7.81,7.81,7.38,7.56,10820
VMC,2019-08-01,7.56,7.63,7.32,7.44,12310
VMC,2019-08-02,7.44,7.44,7.25,7.38,5800
VMC,2019-08-05,7.25,7.69,7.01,7.32,6760
VMC,2019-08-06,7.13,7.19,7.01,7.19,8800
VMC,2019-08-07,7.19,7.25,6.94,7.13,16240
VMC,2019-08-08,7.13,7.19,6.7,7.19,47872
VMC,2019-08-09,7.19,7.25,7.01,7.25,8750
VMC,2019-08-12,7.25,7.25,6.82,7.07,78430
VMC,2019-08-13,6.94,7.25,6.82,7.25,70340
VMC,2019-08-14,6.94,7.25,6.94,7.13,22720
VMC,2019-08-15,7.13,7.13,6.94,7.13,31650
VMC,2019-08-16,7.25,7.25,7.07,7.13,3850
VMC,2019-08-19,7.19,7.32,6.94,6.94,27360
VMC,2019-08-20,7.13,7.19,7.07,7.07,6200
VMC,2019-08-21,7.07,7.19,7.07,7.19,9337
VMC,2019-08-22,7.19,7.19,6.94,7.13,2630
VMC,2019-08-23,7.01,7.07,6.94,7.07,18000
VMC,2019-08-26,6.94,7.07,6.88,7.07,30600
VMC,2019-08-27,7.07,7.07,6.94,6.94,31485
VMC,2019-08-28,7.01,7.07,7.01,7.01,6700
VMC,2019-08-29,7.01,7.01,6.94,7.01,20500
VMC,2019-08-30,7.13,7.19,7.01,7.01,910
VMC,2019-09-03,7.19,7.19,6.94,6.94,7435
VMC,2019-09-04,6.88,7.01,6.82,7.01,5212
VMC,2019-09-05,7.01,7.07,6.94,7.07,6012
VMC,2019-09-06,7.07,7.07,7.01,7.01,6700
VMC,2019-09-09,7.07,7.32,6.94,7.13,7500
VMC,2019-09-10,7.07,7.07,6.94,6.94,2410
VMC,2019-09-11,6.94,7.07,6.94,7.07,5425
VMC,2019-09-12,7.01,7.01,7.01,7.01,400
VMC,2019-09-13,7.01,7.07,6.88,6.94,14940
VMC,2019-09-16,7.01,7.13,7.01,7.01,9476
VMC,2019-09-17,7.13,7.19,7.13,7.13,12380
VMC,2019-09-18,7.01,7.01,7.01,7.01,240
VMC,2019-09-19,7.01,7.07,7.01,7.01,10000
VMC,2019-09-20,7.01,7.07,7.01,7.01,15200
VMC,2019-09-23,7.01,7.13,7.01,7.13,13940
VMC,2019-09-24,7.01,7.13,7.01,7.13,4360
VMC,2019-09-25,7.01,7.07,6.94,7.07,300
VMC,2019-09-26,7.07,7.07,7.07,7.07,5310
VMC,2019-09-27,7.13,7.25,7.07,7.25,17000
VMC,2019-09-30,7.07,7.19,7.01,7.13,5822
VMC,2019-10-01,7.13,7.13,7.01,7.07,7700
VMC,2019-10-02,7.01,7.13,7.01,7.01,3502
VMC,2019-10-03,7.19,7.19,7.01,7.13,538
VMC,2019-10-04,7.13,7.13,7.01,7.13,600
VMC,2019-10-07,7.01,7.07,7.01,7.01,8532
VMC,2019-10-08,7.07,7.07,7.01,7.01,1270
VMC,2019-10-09,7.01,7.01,7.01,7.01,10700
VMC,2019-10-10,7.01,7.01,6.94,6.94,7900
VMC,2019-10-11,7.07,7.07,7.01,7.01,200
VMC,2019-10-14,7.13,7.13,7.01,7.01,7000
VMC,2019-10-15,7.01,7.07,7.01,7.01,7400
VMC,2019-10-16,7.01,7.01,6.94,6.94,10001
VMC,2019-10-17,7.01,7.01,7.01,7.01,7100
VMC,2019-10-18,7.01,7.13,6.94,7.13,8800
VMC,2019-10-21,7.07,7.07,6.94,6.94,7710
VMC,2019-10-22,7.07,7.13,6.94,6.94,9769
VMC,2019-10-23,6.94,6.94,6.88,6.94,18800
VMC,2019-10-24,6.94,7.07,6.94,6.94,1915
VMC,2019-10-25,7.01,7.01,6.94,6.94,4200
VMC,2019-10-28,6.94,7.01,6.88,6.88,44100
VMC,2019-10-29,6.94,6.94,6.88,6.88,22570
VMC,2019-10-30,6.94,6.94,6.88,6.88,3900
VMC,2019-10-31,6.94,6.94,6.76,6.76,16610
VMC,2019-11-01,6.88,6.88,6.7,6.7,16980
VMC,2019-11-04,6.82,6.94,6.76,6.82,6794
VMC,2019-11-05,6.82,6.82,6.7,6.7,6400
VMC,2019-11-06,6.76,6.82,6.76,6.76,3149
VMC,2019-11-07,6.82,6.82,6.7,6.7,9944
VMC,2019-11-08,6.76,6.76,6.7,6.7,10335
VMC,2019-11-11,6.7,6.7,6.7,6.7,1600
VMC,2019-11-12,6.7,6.82,6.7,6.7,3710
VMC,2019-11-13,6.76,6.82,6.7,6.7,14724
VMC,2019-11-14,6.7,6.76,6.7,6.7,3900
VMC,2019-11-15,6.7,6.7,6.7,6.7,5120
VMC,2019-11-18,6.7,6.76,6.7,6.7,2324
VMC,2019-11-19,6.7,6.7,6.7,6.7,5400
VMC,2019-11-20,6.7,6.7,6.7,6.7,3010
VMC,2019-11-21,6.7,6.7,6.63,6.7,12310
VMC,2019-11-22,6.7,6.7,6.63,6.63,8400
VMC,2019-11-25,6.63,6.63,6.45,6.45,4328
VMC,2019-11-26,6.51,6.57,6.45,6.57,11900
VMC,2019-11-27,6.45,6.57,6.45,6.45,3511
VMC,2019-11-28,6.51,6.57,6.39,6.39,9200
VMC,2019-11-29,6.39,6.39,6.2,6.2,6400
VMC,2019-12-02,6.2,6.26,6.2,6.2,10145
VMC,2019-12-03,6.2,6.39,6.2,6.2,63556
VMC,2019-12-04,6.32,6.32,6.2,6.2,13200
VMC,2019-12-05,6.2,6.51,6.2,6.51,7790
VMC,2019-12-06,6.26,6.32,6.26,6.26,70600
VMC,2019-12-09,6.7,6.82,6.26,6.51,17040
VMC,2019-12-10,6.26,6.51,6.26,6.32,8200
VMC,2019-12-11,6.32,6.57,6.26,6.57,20510
VMC,2019-12-12,6.32,6.39,6.32,6.32,5200
VMC,2019-12-13,6.39,6.39,6.08,6.32,66200
VMC,2019-12-16,6.32,6.76,6.32,6.51,12500
VMC,2019-12-17,6.76,6.82,6.57,6.7,23100
VMC,2019-12-18,6.94,7.32,6.82,7.13,52235
VMC,2019-12-19,7.25,7.5,7.25,7.25,19110
VMC,2019-12-20,7.25,7.32,7.25,7.32,14294
VMC,2019-12-23,7.32,7.32,6.94,7.01,23200
VMC,2019-12-24,7.01,7.13,7.01,7.01,7010
VMC,2019-12-25,7.13,7.13,7.07,7.07,3120
VMC,2019-12-26,7.07,7.13,7.07,7.07,2200
VMC,2019-12-27,7.07,7.07,7.07,7.07,2700
VMC,2019-12-30,7.07,7.13,7.07,7.07,7520
VMC,2019-12-31,7.07,7.25,7.07,7.25,15410
VMC,2020-01-02,7.32,7.32,6.63,6.63,8729
VMC,2020-01-03,6.7,6.82,6.63,6.76,17203
VMC,2020-01-06,7.13,7.13,6.76,6.76,35560
VMC,2020-01-07,6.88,6.94,6.88,6.88,5300
VMC,2020-01-08,6.88,7.07,6.82,6.82,12203
VMC,2020-01-09,6.88,7.01,6.88,6.88,64025
VMC,2020-01-10,6.88,6.88,6.82,6.82,12519
VMC,2020-01-13,6.88,7.01,6.88,7.01,200
VMC,2020-01-14,7.01,7.01,6.88,6.88,3200
VMC,2020-01-15,6.94,6.94,6.88,6.88,4606
VMC,2020-01-16,6.88,6.88,6.88,6.88,200
VMC,2020-01-17,6.88,7.01,6.88,7.01,1200
VMC,2020-01-20,7.01,7.07,6.94,7.07,3809
VMC,2020-01-21,7.07,7.13,7.01,7.07,2000
VMC,2020-01-22,7.07,7.19,7.07,7.19,1810
VMC,2020-01-30,7.19,7.19,7.13,7.13,4200
VMC,2020-01-31,7.13,7.13,6.94,7.07,13400
VMC,2020-02-03,7.01,7.01,6.63,6.94,14900
VMC,2020-02-04,6.94,6.94,6.76,6.76,7430
VMC,2020-02-05,6.76,6.82,6.76,6.82,7500
VMC,2020-02-06,6.82,6.94,6.76,6.82,31685
VMC,2020-02-07,6.82,7.13,6.82,7.13,25100
VMC,2020-02-10,7.13,7.13,6.76,6.88,6820
VMC,2020-02-11,6.88,7.07,6.88,6.88,1300
VMC,2020-02-12,6.88,7.13,6.88,7.07,4525
VMC,2020-02-13,7.07,7.07,7.01,7.01,1910
VMC,2020-02-14,7.01,7.07,6.94,7.01,5113
VMC,2020-02-17,7.01,7.01,7.01,7.01,3625
VMC,2020-02-18,6.94,7.07,6.94,7.07,8850
VMC,2020-02-19,7.07,7.07,6.63,7.07,11910
VMC,2020-02-20,7.07,7.07,7.07,7.07,1830
VMC,2020-02-21,7.07,7.13,7.07,7.07,5000
VMC,2020-02-24,7.13,7.13,6.82,6.82,8820
VMC,2020-02-25,6.82,7.13,6.82,7.13,9461
VMC,2020-02-26,7.13,7.19,6.82,7.13,717
VMC,2020-02-27,7.19,7.19,7.19,7.19,100
VMC,2020-02-28,6.82,6.82,6.82,6.82,3648
VMC,2020-03-02,7.19,7.19,6.76,7.13,357
VMC,2020-03-03,7.19,7.19,6.94,7.13,1900
VMC,2020-03-04,7.13,7.13,6.88,7.07,118300
VMC,2020-03-05,7.32,7.32,6.94,7.19,2050
VMC,2020-03-06,7.19,7.19,7.19,7.19,807
VMC,2020-03-09,6.7,7.07,6.51,7.07,31200
VMC,2020-03-10,6.51,7.01,6.51,7.01,6700
VMC,2020-03-11,7.01,7.01,6.51,6.94,5200
VMC,2020-03-12,6.51,6.76,6.39,6.76,6100
VMC,2020-03-13,6.51,6.82,6.2,6.82,21800
VMC,2020-03-16,6.2,6.2,6.2,6.2,4000
VMC,2020-03-17,6.57,6.7,6.2,6.7,23300
VMC,2020-03-18,6.82,6.82,6.2,6.7,3970
VMC,2020-03-19,6.32,6.63,6.32,6.63,20700
VMC,2020-03-20,6.45,6.57,6.45,6.57,1240
VMC,2020-03-23,6.2,6.26,5.95,6.14,50618
VMC,2020-03-24,5.64,5.7,5.58,5.7,9220
VMC,2020-03-25,6.14,6.14,5.89,6.08,1450
VMC,2020-03-26,5.89,6.14,5.89,6.08,3100
VMC,2020-03-27,6.08,6.08,6.08,6.08,27
VMC,2020-03-30,5.83,5.95,5.83,5.95,460
VMC,2020-03-31,5.77,6.01,5.77,5.89,4761
VMC,2020-04-01,5.89,5.89,5.58,5.89,2500
VMC,2020-04-03,5.77,5.95,5.77,5.89,600
VMC,2020-04-06,5.89,5.89,5.58,5.7,14244
VMC,2020-04-07,5.58,5.83,5.58,5.7,4225
VMC,2020-04-08,5.7,5.7,5.58,5.7,1400
VMC,2020-04-09,5.58,5.7,5.58,5.7,9922
VMC,2020-04-10,5.7,5.77,5.64,5.77,7700
VMC,2020-04-13,5.95,5.95,5.7,5.7,5000
VMC,2020-04-14,5.7,5.83,5.7,5.83,1120
VMC,2020-04-15,5.89,6.08,5.89,6.08,10700
VMC,2020-04-16,6.08,6.14,6.08,6.14,300
VMC,2020-04-17,6.01,6.14,6.01,6.14,1200
VMC,2020-04-20,6.14,6.2,6.01,6.01,12325
VMC,2020-04-21,6.01,6.08,5.95,6.01,23600
VMC,2020-04-22,6.01,6.01,6.01,6.01,10815
VMC,2020-04-23,6.01,6.14,6.01,6.14,23110
VMC,2020-04-24,6.2,6.2,6.2,6.2,100
VMC,2020-04-27,6.08,6.14,6.08,6.14,2600
VMC,2020-04-28,6.2,6.2,6.08,6.14,2300
VMC,2020-04-29,6.14,6.2,6.01,6.01,8814
VMC,2020-05-04,6.01,6.08,5.77,6.08,22700
VMC,2020-05-05,6.01,6.08,6.01,6.08,1600
VMC,2020-05-06,6.08,6.14,5.89,6.14,6890
VMC,2020-05-07,6.08,6.08,6.08,6.08,400
VMC,2020-05-08,6.08,6.08,6.01,6.01,1400
VMC,2020-05-11,6.08,6.14,6.01,6.08,13400
VMC,2020-05-12,6.08,6.08,6.01,6.08,24700
VMC,2020-05-13,6.08,6.08,6.01,6.08,11800
VMC,2020-05-14,6.08,6.14,6.01,6.14,21110
VMC,2020-05-15,6.14,6.14,6.08,6.14,17400
VMC,2020-05-18,6.08,6.08,6.01,6.08,3500
VMC,2020-05-19,6.08,6.2,6.01,6.2,6220
VMC,2020-05-20,6.01,6.01,6.01,6.01,500
VMC,2020-05-21,5.95,6.2,5.95,6.2,27000
VMC,2020-05-22,6.08,6.08,6.01,6.01,2300
VMC,2020-05-25,5.95,5.95,5.95,5.95,1060
VMC,2020-05-26,5.95,6.08,5.95,6.08,15010
VMC,2020-05-27,6.08,6.08,5.95,6.08,3240
VMC,2020-05-28,5.95,6.08,5.95,6.08,1800
VMC,2020-05-29,5.95,5.95,5.95,5.95,6510
VMC,2020-06-01,5.95,6.08,5.89,6.08,20220
VMC,2020-06-02,6.08,6.08,5.95,6.08,6436
VMC,2020-06-03,6.08,6.08,6.08,6.08,7800
VMC,2020-06-04,6.01,6.01,5.95,5.95,5080
VMC,2020-06-05,5.89,6.08,5.89,6.08,7200
VMC,2020-06-08,6.01,6.26,6.01,6.2,33381
VMC,2020-06-09,6.2,6.2,6.08,6.14,6650
VMC,2020-06-10,6.14,6.2,6.14,6.2,4542
VMC,2020-06-11,6.2,6.2,6.08,6.14,10900
VMC,2020-06-12,5.83,6.08,5.83,5.89,5120
VMC,2020-06-15,5.89,6.08,5.89,6.08,5920
VMC,2020-06-16,5.89,6.08,5.89,6.08,200
VMC,2020-06-17,5.89,6.08,5.89,6.08,710
VMC,2020-06-18,6.01,6.08,6.01,6.08,2420
VMC,2020-06-19,6.08,6.14,6.08,6.08,3337
VMC,2020-06-22,6.08,6.08,6.01,6.01,3609
VMC,2020-06-23,6.01,6.08,6.01,6.01,7036
VMC,2020-06-24,6.01,6.01,6.01,6.01,10400
VMC,2020-06-25,6.01,6.01,5.95,5.95,3800
VMC,2020-06-26,6.01,6.01,6.01,6.01,4530
VMC,2020-06-29,6.01,6.01,5.89,5.95,3130
VMC,2020-06-30,5.95,5.95,5.83,5.83,5600
VMC,2020-07-01,5.83,5.95,5.83,5.95,1500
VMC,2020-07-02,5.95,5.95,5.95,5.95,2000
VMC,2020-07-03,5.89,5.89,5.89,5.89,200
VMC,2020-07-06,5.95,5.95,5.89,5.95,11830
VMC,2020-07-07,5.95,5.95,5.95,5.95,3000
VMC,2020-07-08,5.95,5.95,5.89,5.89,4100
VMC,2020-07-09,5.89,5.89,5.89,5.89,4205
VMC,2020-07-10,5.89,5.89,5.83,5.83,2600
VMC,2020-07-13,5.89,5.89,5.89,5.89,14000
VMC,2020-07-14,5.95,5.95,5.95,5.95,300
VMC,2020-07-15,5.89,5.89,5.83,5.89,4300
VMC,2020-07-16,5.83,5.89,5.83,5.83,6700
VMC,2020-07-17,5.95,5.95,5.83,5.89,2200
VMC,2020-07-20,5.83,5.89,5.83,5.83,8300
VMC,2020-07-21,5.83,5.83,5.83,5.83,100
VMC,2020-07-22,5.77,5.77,5.77,5.77,100
VMC,2020-07-23,5.77,5.89,5.7,5.89,900
VMC,2020-07-24,5.89,5.89,5.64,5.7,2700
VMC,2020-07-27,5.64,5.64,5.52,5.64,6259
VMC,2020-07-28,5.58,5.58,5.52,5.58,8007
VMC,2020-07-29,5.46,5.46,5.27,5.33,7500
VMC,2020-07-30,5.21,5.27,5.15,5.15,12097
VMC,2020-07-31,5.08,5.21,5.08,5.21,16903
VMC,2020-08-03,5.33,5.46,5.33,5.46,5102
VMC,2020-08-04,5.46,5.46,5.46,5.46,901
VMC,2020-08-05,5.46,5.46,5.33,5.46,3300
VMC,2020-08-06,5.27,5.27,5.27,5.27,1640
VMC,2020-08-07,5.27,5.27,5.27,5.27,3500
VMC,2020-08-10,5.27,5.33,5.21,5.33,16703
VMC,2020-08-11,5.33,5.46,5.33,5.46,14000
VMC,2020-08-12,5.33,5.52,5.33,5.52,18108
VMC,2020-08-13,5.46,5.46,5.33,5.46,8100
VMC,2020-08-14,5.39,5.39,5.39,5.39,9900
VMC,2020-08-17,5.39,5.39,5.39,5.39,15800
VMC,2020-08-18,5.39,5.46,5.39,5.46,7700
VMC,2020-08-19,5.46,5.77,5.46,5.77,11248
VMC,2020-08-20,5.52,5.52,5.46,5.46,7100
VMC,2020-08-21,5.46,5.52,5.39,5.52,21900
VMC,2020-08-24,5.52,5.64,5.52,5.64,8700
VMC,2020-08-25,5.64,5.64,5.64,5.64,5500
VMC,2020-08-26,5.64,5.64,5.52,5.58,17500
VMC,2020-08-27,5.52,5.52,5.52,5.52,11300
VMC,2020-08-28,5.64,5.64,5.27,5.52,7801
VMC,2020-08-31,5.52,5.58,5.46,5.46,5710
VMC,2020-09-01,5.46,5.58,5.46,5.46,4600
VMC,2020-09-03,5.58,5.58,5.46,5.46,6600
VMC,2020-09-04,5.46,5.83,5.46,5.52,29300
VMC,2020-09-07,5.64,5.95,5.64,5.89,32269
VMC,2020-09-08,5.89,5.95,5.83,5.95,17170
VMC,2020-09-09,5.89,6.51,5.89,6.51,66210
VMC,2020-09-10,6.51,7.13,6.51,7.13,298266
VMC,2020-09-11,7.25,7.25,6.94,7.19,77680
VMC,2020-09-14,7.13,7.13,6.82,7.07,108040
VMC,2020-09-15,7.07,7.07,6.94,6.94,78330
VMC,2020-09-16,6.94,6.94,6.82,6.88,48900
VMC,2020-09-17,6.76,6.76,6.7,6.76,47517
VMC,2020-09-18,6.7,6.76,6.63,6.76,33406
VMC,2020-09-21,6.7,6.7,6.57,6.7,18129
VMC,2020-09-22,6.63,6.7,6.63,6.7,17910
VMC,2020-09-23,6.63,6.82,6.63,6.76,40197
VMC,2020-09-24,6.7,6.7,6.63,6.7,23528
VMC,2020-09-25,6.7,6.7,6.63,6.7,45510
VMC,2020-09-28,6.7,6.76,6.7,6.7,53900
VMC,2020-09-29,6.7,6.82,6.7,6.7,92630
VMC,2020-09-30,6.7,6.82,6.7,6.82,63010
VMC,2020-10-01,6.82,7.13,6.76,7.01,69960
VMC,2020-10-02,7.01,7.01,6.76,6.94,38802
VMC,2020-10-05,6.82,6.82,6.7,6.82,10700
VMC,2020-10-06,6.76,6.82,6.7,6.82,18700
VMC,2020-10-07,6.7,6.7,6.7,6.7,9600
VMC,2020-10-08,6.7,6.7,6.08,6.57,76000
VMC,2020-10-09,6.51,6.51,6.08,6.08,40800
VMC,2020-10-12,6.2,6.39,6.08,6.32,23300
VMC,2020-10-13,6.32,6.32,6.32,6.32,18500
VMC,2020-10-14,6.32,6.39,6.2,6.2,25900
VMC,2020-10-15,6.26,6.32,6.08,6.26,37600
VMC,2020-10-16,6.08,6.2,6.08,6.14,8800
VMC,2020-10-19,6.14,6.2,6.08,6.2,15800
VMC,2020-10-20,6.14,6.26,6.14,6.2,40900
VMC,2020-10-21,6.2,6.2,6.08,6.14,30700
VMC,2020-10-22,6.2,6.39,6.2,6.39,49600
VMC,2020-10-23,6.32,6.39,6.32,6.39,22600
VMC,2020-10-26,6.39,6.7,6.32,6.32,56800
VMC,2020-10-27,6.32,6.32,6.32,6.32,3000
VMC,2020-10-28,6.32,6.32,6.32,6.32,8800
VMC,2020-10-29,5.83,6.26,5.83,6.26,13300
VMC,2020-10-30,6.32,6.32,6.2,6.32,400
VMC,2020-11-02,6.45,6.45,6.32,6.39,10100
VMC,2020-11-03,6.32,6.39,6.32,6.39,3200
VMC,2020-11-04,6.39,6.51,6.32,6.39,29300
VMC,2020-11-05,6.39,6.39,6.32,6.32,7600
VMC,2020-11-06,6.39,6.39,6.32,6.39,3500
VMC,2020-11-09,6.32,6.32,6.2,6.26,30300
VMC,2020-11-10,6.39,6.39,6.26,6.26,3500
VMC,2020-11-11,6.32,6.32,6.2,6.26,19100
VMC,2020-11-12,6.2,6.2,6.2,6.2,6200
VMC,2020-11-13,6.39,6.39,6.26,6.32,21400
VMC,2020-11-16,6.26,6.26,6.26,6.26,1100
VMC,2020-11-17,6.26,6.32,6.2,6.32,1300
VMC,2020-11-18,6.32,6.32,6.2,6.2,6300
VMC,2020-11-19,6.32,6.39,6.26,6.26,18800
VMC,2020-11-20,6.2,6.32,6.2,6.32,300
VMC,2020-11-23,6.32,6.39,6.32,6.39,52100
VMC,2020-11-24,6.39,6.51,6.39,6.45,17300
VMC,2020-11-25,6.57,6.57,6.51,6.57,13200
VMC,2020-11-26,6.57,6.57,6.32,6.57,2000
VMC,2020-11-27,6.57,6.57,6.39,6.57,19700
VMC,2020-11-30,6.57,6.57,6.32,6.57,37000
VMC,2020-12-01,6.57,6.57,6.45,6.45,15200
VMC,2020-12-02,6.39,6.51,6.39,6.51,27200
VMC,2020-12-03,6.45,6.51,6.45,6.51,3100
VMC,2020-12-04,6.39,6.51,6.39,6.51,37100
VMC,2020-12-07,6.51,6.63,6.45,6.63,64400
VMC,2020-12-08,7.13,7.13,6.63,6.88,31000
VMC,2020-12-09,6.88,6.88,6.57,6.63,31200
VMC,2020-12-10,6.88,6.88,6.45,6.7,55400
VMC,2020-12-11,6.7,6.82,6.51,6.63,40020
VMC,2020-12-14,6.7,6.7,6.45,6.45,17611
VMC,2020-12-15,6.57,6.63,6.51,6.57,4420
VMC,2020-12-16,6.57,6.57,6.51,6.57,14140
VMC,2020-12-17,6.45,6.51,6.45,6.45,7303
VMC,2020-12-18,6.39,6.45,6.32,6.32,14516
VMC,2020-12-21,6.39,6.51,6.39,6.51,11821
VMC,2020-12-22,6.51,6.63,6.51,6.57,7750
VMC,2020-12-23,6.51,6.57,6.39,6.57,42866
VMC,2020-12-24,6.57,6.76,6.39,6.7,53436
VMC,2020-12-25,7.07,7.32,6.7,6.88,57400
VMC,2020-12-28,6.57,6.82,6.57,6.82,23904
VMC,2020-12-29,6.88,7.13,6.82,6.94,108136
VMC,2020-12-30,7.01,7.07,6.88,7.01,48880
VMC,2020-12-31,7.01,7.07,6.88,7.07,80358
VMC,2021-01-04,7.19,7.75,6.88,7.69,195894
VMC,2021-01-05,7.75,7.81,7.44,7.81,79621
VMC,2021-01-06,7.81,7.81,7.69,7.69,30727
VMC,2021-01-07,7.69,7.75,7.32,7.5,54300
VMC,2021-01-08,7.5,7.63,7.44,7.44,40030
VMC,2021-01-11,7.38,7.5,7.32,7.5,43037
VMC,2021-01-12,7.63,7.87,7.44,7.81,106248
VMC,2021-01-13,7.81,7.81,7.63,7.75,35439
VMC,2021-01-14,7.5,7.63,7.5,7.63,9901
VMC,2021-01-15,7.63,7.81,7.44,7.75,45050
VMC,2021-01-18,7.75,8.37,7.63,8.25,229448
VMC,2021-01-19,8.25,8.25,7.56,7.69,64961
VMC,2021-01-20,7.63,7.75,7.25,7.69,36950
VMC,2021-01-21,7.69,7.75,7.07,7.75,29513
VMC,2021-01-22,7.75,7.87,7.5,7.75,43803
VMC,2021-01-25,7.5,7.81,7.44,7.63,25500
VMC,2021-01-26,7.56,7.56,7.25,7.25,43971
VMC,2021-01-27,7.07,7.07,6.57,6.76,128044
VMC,2021-01-28,6.63,6.63,6.14,6.14,172480
VMC,2021-01-29,6.14,6.7,6.14,6.32,63903
VMC,2021-02-01,6.7,6.7,6.32,6.32,58656
VMC,2021-02-02,6.32,6.39,6.2,6.32,103300
VMC,2021-02-03,6.39,6.88,6.39,6.82,127800
VMC,2021-02-04,6.82,6.82,6.7,6.76,44100
VMC,2021-02-05,6.88,6.94,6.76,6.82,13102
VMC,2021-02-08,6.88,6.88,6.63,6.76,33300
VMC,2021-02-09,6.57,6.82,6.57,6.76,21101
VMC,2021-02-17,6.76,6.94,6.76,6.88,31002
VMC,2021-02-18,6.88,7.13,6.88,7.13,79200
VMC,2021-02-19,7.19,7.19,7.07,7.13,33229
VMC,2021-02-22,7.13,7.32,6.76,7.13,54900
VMC,2021-02-23,7.13,7.19,7.01,7.13,72408
VMC,2021-02-24,7.66,7.66,7.13,7.2,28600
VMC,2021-02-25,7.2,7.33,7.06,7.33,70100
VMC,2021-02-26,7.26,7.26,6.93,7.26,24700
VMC,2021-03-01,7.26,7.33,7.06,7.26,143482
VMC,2021-03-02,7.26,7.6,7.13,7.46,231617
VMC,2021-03-03,7.46,7.46,7.33,7.33,37531
VMC,2021-03-04,7.33,7.53,7.26,7.26,54602
VMC,2021-03-05,7.26,7.93,7.13,7.86,220950
VMC,2021-03-08,7.86,8.33,7.86,7.86,77439
VMC,2021-03-09,7.86,7.86,7.53,7.66,35410
VMC,2021-03-10,7.66,7.73,7.33,7.6,130955
VMC,2021-03-11,7.6,7.73,7.33,7.4,293198
VMC,2021-03-12,7.4,7.66,7.4,7.6,48400
VMC,2021-03-15,7.66,7.73,7.53,7.73,53350
VMC,2021-03-16,7.73,7.73,7.6,7.66,34800
VMC,2021-03-17,7.66,7.66,7.53,7.66,51400
VMC,2021-03-18,7.66,7.66,7.53,7.66,30710
VMC,2021-03-19,7.66,7.66,7.53,7.66,16910
VMC,2021-03-22,7.66,8.33,7.6,8.0,193700
VMC,2021-03-23,8.0,8.33,7.93,8.06,174200
VMC,2021-03-24,8.0,8.0,7.73,8.0,45120
VMC,2021-03-25,8.0,8.0,7.8,7.86,28111
VMC,2021-03-26,7.66,7.8,7.53,7.8,95500
VMC,2021-03-29,7.86,8.0,7.66,7.86,49104
VMC,2021-03-30,7.86,7.86,7.73,7.73,44700
VMC,2021-03-31,7.8,7.86,7.6,7.66,51800
VMC,2021-04-01,7.66,7.93,7.66,7.86,21411
VMC,2021-04-02,7.8,7.8,7.66,7.8,51133
VMC,2021-04-05,7.8,7.86,7.53,7.8,71811
VMC,2021-04-06,7.8,7.8,7.6,7.8,41700
VMC,2021-04-07,7.8,8.46,7.6,8.2,237002
VMC,2021-04-08,8.26,8.66,8.06,8.2,99149
VMC,2021-04-09,8.2,8.2,7.93,8.2,62318
VMC,2021-04-12,8.2,8.2,8.0,8.13,159963
VMC,2021-04-13,8.13,8.2,7.93,8.13,159963
VMC,2021-04-14,8.13,8.13,7.93,8.06,46400
VMC,2021-04-15,8.0,8.4,8.0,8.26,261811
VMC,2021-04-16,8.26,8.26,8.0,8.06,66684
VMC,2021-04-19,8.0,8.06,7.93,8.06,22620
VMC,2021-04-20,8.06,8.06,7.86,7.86,71637
VMC,2021-04-22,7.93,7.93,7.46,7.46,90800
VMC,2021-04-23,7.46,7.66,7.2,7.4,35500
VMC,2021-04-26,7.66,7.66,7.13,7.2,61765
VMC,2021-04-27,7.2,7.2,7.13,7.2,17200
VMC,2021-04-28,7.2,7.26,7.13,7.2,16200
VMC,2021-04-29,7.26,7.26,7.13,7.13,31400
VMC,2021-05-04,7.13,7.13,7.0,7.06,18400
VMC,2021-05-05,7.06,7.46,7.06,7.2,58500
VMC,2021-05-06,7.13,7.2,7.06,7.13,28700
VMC,2021-05-07,7.13,7.26,7.06,7.06,17311
VMC,2021-05-10,7.06,7.13,7.0,7.13,18508
VMC,2021-05-11,7.13,7.26,7.06,7.2,9300
VMC,2021-05-12,7.13,7.13,6.93,7.13,35300
VMC,2021-05-13,7.13,7.13,7.0,7.13,58025
VMC,2021-05-14,7.06,7.06,6.86,6.93,88600
VMC,2021-05-17,7.0,7.0,6.93,6.93,16000
VMC,2021-05-18,7.0,7.0,6.86,6.93,6020
VMC,2021-05-19,6.86,6.86,6.73,6.73,39119
VMC,2021-05-20,6.73,6.73,6.4,6.53,63500
VMC,2021-05-21,6.53,6.73,6.53,6.66,39111
VMC,2021-05-24,6.73,6.8,6.66,6.66,39044
VMC,2021-05-25,6.86,7.0,6.6,6.6,35500
VMC,2021-05-26,6.66,6.73,6.66,6.73,32322
VMC,2021-05-27,6.73,6.73,6.53,6.66,15628
VMC,2021-05-28,6.53,6.66,6.53,6.6,9710
VMC,2021-05-31,6.66,6.73,6.4,6.66,551714
VMC,2021-06-01,6.66,6.86,6.66,6.73,62022
VMC,2021-06-02,6.8,7.4,6.66,7.4,131150
VMC,2021-06-03,7.66,7.66,7.33,7.33,100500
VMC,2021-06-04,7.26,7.26,7.0,7.26,67855
VMC,2021-06-07,7.26,7.26,6.93,7.13,48602
VMC,2021-06-08,7.33,7.46,7.13,7.2,469506
VMC,2021-06-09,7.2,7.33,6.86,7.26,33800
VMC,2021-06-10,7.33,7.33,7.0,7.26,11800
VMC,2021-06-11,7.26,7.33,7.06,7.06,265004
VMC,2021-06-14,7.13,7.13,7.06,7.06,13900
VMC,2021-06-15,6.93,7.2,6.93,7.13,30550
VMC,2021-06-16,7.13,7.2,7.06,7.13,204400
VMC,2021-06-17,7.06,7.2,7.0,7.2,11300
VMC,2021-06-18,7.2,7.2,7.06,7.2,14088
VMC,2021-06-21,7.2,7.2,7.06,7.2,28500
VMC,2021-06-22,7.2,7.26,7.13,7.13,37184
VMC,2021-06-23,7.2,7.46,7.2,7.26,75266
VMC,2021-06-24,7.26,7.33,7.2,7.2,11602
VMC,2021-06-25,7.2,7.26,7.13,7.2,28784
VMC,2021-06-28,7.13,7.2,7.0,7.13,84408
VMC,2021-06-29,7.0,7.13,7.0,7.06,17300
VMC,2021-06-30,7.06,7.13,7.0,7.06,33900
VMC,2021-07-01,7.06,7.06,7.0,7.0,24050
VMC,2021-07-02,7.0,7.13,7.0,7.06,19380
VMC,2021-07-05,7.06,7.06,6.86,7.0,16560
VMC,2021-07-06,7.0,7.0,6.4,6.4,146200
VMC,2021-07-07,6.8,6.8,6.46,6.53,32800
VMC,2021-07-08,6.53,6.73,6.53,6.73,22812
VMC,2021-07-09,6.73,6.73,6.46,6.6,31300
VMC,2021-07-12,6.53,6.6,6.06,6.4,40600
VMC,2021-07-13,6.4,6.4,6.33,6.4,3900
VMC,2021-07-14,6.33,6.46,6.2,6.4,24000
VMC,2021-07-15,6.4,6.4,6.26,6.4,10500
VMC,2021-07-16,6.33,6.4,6.33,6.4,8000
VMC,2021-07-19,6.26,6.26,6.13,6.26,13140
VMC,2021-07-20,6.26,6.33,6.26,6.33,11050
VMC,2021-07-21,6.2,6.33,6.2,6.33,7500
VMC,2021-07-22,6.26,6.46,6.26,6.46,14803
VMC,2021-07-23,6.33,6.46,6.33,6.4,16200
VMC,2021-07-26,6.33,6.33,6.26,6.26,21917
VMC,2021-07-27,6.4,6.46,6.4,6.4,6810
VMC,2021-07-28,6.46,6.53,6.4,6.4,5500
VMC,2021-07-29,6.4,6.4,6.26,6.4,5838
VMC,2021-07-30,6.4,6.53,6.4,6.4,22417
VMC,2021-08-02,6.4,6.46,6.2,6.4,33400
VMC,2021-08-03,6.33,6.53,6.33,6.53,43200
VMC,2021-08-04,6.4,6.53,6.26,6.53,30207
VMC,2021-08-05,6.4,6.53,6.26,6.4,17400
VMC,2021-08-06,6.53,6.53,6.46,6.46,25201
VMC,2021-08-09,6.46,6.53,6.46,6.46,17610
VMC,2021-08-10,6.46,6.6,6.46,6.6,13757
VMC,2021-08-11,6.53,6.66,6.53,6.6,42020
VMC,2021-08-12,6.53,6.66,6.53,6.6,93748
VMC,2021-08-13,6.53,6.66,6.46,6.53,115412
VMC,2021-08-16,6.6,6.66,6.46,6.6,62232
VMC,2021-08-17,6.53,6.8,6.53,6.8,56310
VMC,2021-08-18,6.8,6.8,6.66,6.66,58768
VMC,2021-08-19,6.73,6.8,6.66,6.73,72975
VMC,2021-08-20,6.66,6.73,6.6,6.6,28500
VMC,2021-08-23,6.66,6.66,6.53,6.53,12836
VMC,2021-08-24,6.53,6.66,6.46,6.53,41700
VMC,2021-08-25,6.6,6.66,6.53,6.66,12901
VMC,2021-08-26,6.73,6.8,6.66,6.66,39852
VMC,2021-08-27,6.73,7.0,6.66,6.86,38100
VMC,2021-08-30,6.86,7.06,6.86,7.0,14915
VMC,2021-08-31,7.0,7.13,7.0,7.13,21992
VMC,2021-09-01,7.06,7.26,7.0,7.06,46026
VMC,2021-09-06,7.06,7.13,6.93,7.0,22334
VMC,2021-09-07,7.06,7.13,7.0,7.13,110532
VMC,2021-09-08,7.13,7.13,7.0,7.13,14721
VMC,2021-09-09,6.93,7.06,6.93,7.0,21300
VMC,2021-09-10,7.0,7.0,6.93,7.0,9800
VMC,2021-09-13,7.0,7.33,7.0,7.26,141668
VMC,2021-09-14,7.26,7.33,7.0,7.26,52470
VMC,2021-09-15,7.33,7.53,7.13,7.33,121156
VMC,2021-09-16,7.33,7.66,7.33,7.46,203000
VMC,2021-09-17,7.46,8.2,7.46,8.2,492788
VMC,2021-09-20,9.0,9.0,8.0,8.13,152000
VMC,2021-09-21,8.0,8.06,7.46,8.06,114017
VMC,2021-09-22,7.8,8.73,7.73,8.33,229970
VMC,2021-09-23,8.33,8.66,8.06,8.13,148800
VMC,2021-09-24,8.13,8.2,7.66,7.73,62045
VMC,2021-09-27,8.0,8.13,7.53,7.53,57144
VMC,2021-09-28,7.4,7.66,7.33,7.6,33438
VMC,2021-09-29,7.4,7.73,7.33,7.6,115300
VMC,2021-09-30,7.73,7.93,7.53,7.66,18239
VMC,2021-10-01,7.66,7.66,7.33,7.53,36618
VMC,2021-10-04,7.53,7.66,7.4,7.53,56425
VMC,2021-10-05,7.66,7.73,7.46,7.6,50301
VMC,2021-10-06,7.53,7.8,7.53,7.66,72925
VMC,2021-10-07,7.8,7.8,7.6,7.73,64600
VMC,2021-10-08,7.8,7.8,7.66,7.8,56114
VMC,2021-10-11,8.2,8.2,7.8,7.86,75913
VMC,2021-10-12,7.93,8.06,7.66,7.93,104950
VMC,2021-10-13,7.93,7.93,7.66,7.93,19504
VMC,2021-10-14,8.0,8.07,8.0,8.07,25578
VMC,2021-10-15,8.07,8.07,7.79,7.93,64430
VMC,2021-10-18,7.93,7.93,7.79,7.79,47920
VMC,2021-10-19,7.79,7.86,7.72,7.86,49461
VMC,2021-10-20,7.86,8.0,7.86,7.86,19524
VMC,2021-10-21,7.79,7.93,7.79,7.86,13604
VMC,2021-10-22,7.86,8.07,7.86,8.07,36003
VMC,2021-10-25,8.0,8.83,8.0,8.63,112785
VMC,2021-10-26,8.63,8.63,8.35,8.56,31600
VMC,2021-10-27,8.7,8.77,8.49,8.77,111473
VMC,2021-10-28,8.77,8.83,8.56,8.7,48970
VMC,2021-10-29,8.7,8.83,8.56,8.63,43525
VMC,2021-11-01,8.63,9.18,8.63,9.04,175285
VMC,2021-11-02,9.04,9.67,8.9,9.53,169360
VMC,2021-11-03,9.67,9.67,8.7,9.04,52550
VMC,2021-11-04,8.97,9.11,8.56,9.04,29031
VMC,2021-11-05,9.04,9.04,8.77,8.97,40170
VMC,2021-11-08,9.04,9.6,9.04,9.04,63146
VMC,2021-11-09,9.25,9.25,8.97,9.11,180300
VMC,2021-11-10,9.32,9.6,8.83,9.32,81400
VMC,2021-11-11,9.53,9.74,9.11,9.53,132221
VMC,2021-11-12,9.53,9.74,9.46,9.74,109810
VMC,2021-11-15,9.88,10.71,9.74,10.71,526152
VMC,2021-11-16,10.71,11.69,10.71,11.27,243818
VMC,2021-11-17,11.06,11.2,10.5,11.06,99252
VMC,2021-11-18,10.71,11.48,10.43,11.13,167881
VMC,2021-11-19,11.13,11.27,10.09,10.57,175430
VMC,2021-11-22,10.85,10.85,9.6,9.74,165601
VMC,2021-11-23,9.11,10.23,8.97,10.09,101530
VMC,2021-11-24,10.43,10.71,10.37,10.5,111070
VMC,2021-11-25,10.43,10.92,10.43,10.92,271666
VMC,2021-11-26,11.06,11.27,10.92,11.06,259283
VMC,2021-11-29,11.06,12.1,11.06,12.1,451442
VMC,2021-11-30,13.29,13.29,13.29,13.29,223350
VMC,2021-12-01,14.61,14.61,13.77,14.61,734289
VMC,2021-12-02,15.3,16.07,15.17,16.07,595185
VMC,2021-12-03,17.39,17.39,15.24,16.07,223795
VMC,2021-12-06,15.3,16.07,14.47,14.47,472669
VMC,2021-12-07,14.47,14.96,13.5,13.84,410357
VMC,2021-12-08,13.91,15.17,13.91,15.17,466126
VMC,2021-12-09,16.63,16.63,15.65,16.63,380572
VMC,2021-12-10,18.23,18.23,17.32,17.88,733109
VMC,2021-12-13,17.88,19.2,17.04,18.44,426032
VMC,2021-12-14,18.44,18.78,18.09,18.37,267821
VMC,2021-12-15,18.09,18.09,17.6,17.67,145216
VMC,2021-12-16,17.18,18.16,17.18,17.6,182409
VMC,2021-12-17,17.6,18.57,17.32,18.3,569705
VMC,2021-12-20,18.3,20.1,18.3,20.1,899998
VMC,2021-12-21,20.52,21.5,20.17,20.45,437959
VMC,2021-12-22,20.38,20.52,20.04,20.24,280904
VMC,2021-12-23,22.26,22.26,19.62,20.87,481858
VMC,2021-12-24,20.87,21.84,20.45,20.94,299000
VMC,2021-12-27,21.08,21.15,20.45,20.45,127387
VMC,2021-12-28,20.52,20.8,20.24,20.45,179617
VMC,2021-12-29,20.17,20.45,19.48,19.69,203000
VMC,2021-12-30,19.69,19.69,18.71,18.78,264400
VMC,2021-12-31,18.78,19.48,18.02,19.41,282048
VMC,2022-01-04,19.41,19.48,18.78,19.13,73434
VMC,2022-01-05,18.78,20.1,18.64,19.13,269100
VMC,2022-01-06,19.13,19.34,18.78,18.78,145200
VMC,2022-01-07,19.13,19.13,18.37,18.85,145004
VMC,2022-01-10,18.78,18.78,17.39,17.6,284100
VMC,2022-01-11,17.81,17.81,15.86,15.86,589449
VMC,2022-01-12,15.3,16.7,14.4,16.7,285016
VMC,2022-01-13,16.7,16.7,15.1,16.0,101690
VMC,2022-01-14,16.07,16.07,14.96,15.93,64891
VMC,2022-01-17,15.93,15.93,14.4,14.54,207250
VMC,2022-01-18,14.61,14.61,13.15,13.91,170100
VMC,2022-01-19,13.91,13.91,12.52,13.15,275538
VMC,2022-01-20,13.15,14.26,12.45,14.12,102564
VMC,2022-01-21,13.91,14.26,13.84,14.05,123801
VMC,2022-01-24,13.91,13.91,13.08,13.08,91402
VMC,2022-01-25,13.08,13.15,12.52,13.15,96200
VMC,2022-01-26,13.15,13.36,13.15,13.36,38901
VMC,2022-01-27,13.22,13.5,13.01,13.22,48400
VMC,2022-01-28,13.29,14.54,13.22,14.33,112900
VMC,2022-02-07,14.4,15.72,14.4,15.72,178827
VMC,2022-02-08,16.7,17.25,16.56,17.25,303524
VMC,2022-02-09,17.81,18.85,17.11,17.39,252508
VMC,2022-02-10,17.39,17.39,16.7,17.32,79311
VMC,2022-02-11,17.04,18.16,16.97,17.32,232173
VMC,2022-02-14,17.39,17.74,16.97,17.25,208950
VMC,2022-02-15,17.04,17.39,16.97,17.39,65223
VMC,2022-02-16,17.18,18.09,17.18,17.46,161520
VMC,2022-02-17,17.53,17.74,17.39,17.74,102717
VMC,2022-02-18,17.67,18.78,17.6,18.23,202812
VMC,2022-02-21,18.23,18.71,18.23,18.5,130895
VMC,2022-02-22,18.16,18.64,17.88,18.5,133537
VMC,2022-02-23,18.23,18.71,18.23,18.57,69695
VMC,2022-02-24,18.99,19.06,18.09,18.57,166803
VMC,2022-02-25,18.57,18.99,18.44,18.85,192804
VMC,2022-02-28,19.06,19.83,18.99,19.62,200437
VMC,2022-03-01,19.62,19.62,18.99,19.34,121800
VMC,2022-03-02,18.85,19.34,18.85,19.27,72200
VMC,2022-03-03,19.27,19.27,17.74,18.71,168701
VMC,2022-03-04,18.23,18.78,18.23,18.64,105500
VMC,2022-03-07,18.57,18.92,18.23,18.64,90608
VMC,2022-03-08,18.64,18.64,18.09,18.37,132800
VMC,2022-03-09,18.23,18.23,17.67,17.67,86800
VMC,2022-03-10,18.09,18.09,17.67,18.09,61270
VMC,2022-03-11,18.16,18.44,17.81,18.09,49200
VMC,2022-03-14,17.95,17.95,17.32,17.46,112200
VMC,2022-03-15,17.46,18.09,17.46,17.95,78117
VMC,2022-03-16,18.02,18.23,17.53,18.09,61700
VMC,2022-03-17,18.09,18.57,18.02,18.09,104644
VMC,2022-03-18,18.09,18.09,17.74,17.74,61204
VMC,2022-03-21,17.74,18.09,17.74,17.95,74900
VMC,2022-03-22,18.09,18.44,17.74,17.95,92435
VMC,2022-03-23,17.95,17.95,17.67,17.81,50201
VMC,2022-03-24,17.95,18.09,17.46,17.46,149810
VMC,2022-03-25,17.39,18.09,17.39,17.81,191648
VMC,2022-03-28,17.74,17.81,17.39,17.53,132200
VMC,2022-03-29,17.67,17.67,17.53,17.6,66921
VMC,2022-03-30,17.53,17.67,17.11,17.11,159602
VMC,2022-03-31,17.11,17.18,16.42,16.63,87501
VMC,2022-04-01,16.7,16.77,16.42,16.7,45300
VMC,2022-04-04,16.97,17.39,16.97,17.04,38060
VMC,2022-04-05,17.04,17.39,16.97,17.04,29300
VMC,2022-04-06,17.04,17.04,16.42,16.7,112701
VMC,2022-04-07,16.7,16.7,16.21,16.21,57609
VMC,2022-04-08,16.35,16.35,15.3,15.44,90900
VMC,2022-04-12,15.65,15.65,14.54,14.54,60610
VMC,2022-04-13,14.54,14.89,14.47,14.89,17710
VMC,2022-04-14,14.89,15.1,14.75,15.1,11715
VMC,2022-04-15,14.96,15.1,14.54,14.54,30910
VMC,2022-04-18,14.54,14.54,13.15,13.36,162356
VMC,2022-04-19,13.29,13.43,12.45,12.45,80200
VMC,2022-04-20,12.38,12.59,12.03,12.03,78700
VMC,2022-04-21,11.97,11.97,10.99,11.13,75603
VMC,2022-04-22,11.27,12.24,11.13,11.48,63100
VMC,2022-04-25,11.48,11.69,10.71,10.71,31000
VMC,2022-04-26,10.71,11.76,10.3,11.76,67600
VMC,2022-04-27,11.76,12.31,11.55,12.31,17700
VMC,2022-04-28,12.38,12.73,12.31,12.45,35400
VMC,2022-04-29,12.24,12.66,12.17,12.66,34200
VMC,2022-05-04,12.59,12.66,12.31,12.52,13900
VMC,2022-05-05,12.52,12.73,12.52,12.52,9539
VMC,2022-05-06,12.45,12.52,12.17,12.17,21800
VMC,2022-05-09,12.03,12.03,10.99,10.99,40800
VMC,2022-05-10,10.85,11.06,10.57,11.06,16220
VMC,2022-05-11,10.85,11.27,10.85,11.06,19480
VMC,2022-05-12,11.06,11.13,10.5,10.5,12600
VMC,2022-05-13,10.57,10.71,9.67,10.3,23600
VMC,2022-05-16,10.43,10.64,10.16,10.16,38758
VMC,2022-05-17,10.16,10.78,10.16,10.78,17702
VMC,2022-05-18,10.78,10.78,10.43,10.43,23900
VMC,2022-05-19,10.43,10.71,10.16,10.64,4800
VMC,2022-05-20,10.64,10.78,10.57,10.64,15100
VMC,2022-05-23,10.64,10.64,10.43,10.43,2700
VMC,2022-05-24,10.43,10.43,10.02,10.02,7900
VMC,2022-05-25,10.16,10.57,10.02,10.43,13800
VMC,2022-05-26,10.43,10.43,10.3,10.37,3000
VMC,2022-05-27,10.37,10.57,10.3,10.5,20900
VMC,2022-05-30,10.5,10.57,10.37,10.5,17300
VMC,2022-05-31,10.5,10.57,10.37,10.5,12402
VMC,2022-06-01,10.43,10.57,10.3,10.43,17125
VMC,2022-06-02,10.64,10.64,10.23,10.23,22900
VMC,2022-06-03,10.37,10.37,10.02,10.3,21900
VMC,2022-06-06,10.16,10.37,10.16,10.16,10002
VMC,2022-06-07,10.09,10.16,9.67,9.95,9900
VMC,2022-06-08,10.09,10.16,9.74,10.16,19900
VMC,2022-06-09,10.16,10.16,9.88,10.09,9900
VMC,2022-06-10,9.95,10.02,9.74,9.95,16500
VMC,2022-06-13,9.39,10.02,9.39,10.02,21781
VMC,2022-06-14,9.74,9.88,9.39,9.88,28600
VMC,2022-06-15,9.74,9.74,9.18,9.18,23100
VMC,2022-06-16,9.18,9.39,9.18,9.39,12100
VMC,2022-06-17,9.11,9.39,8.49,8.7,66300
VMC,2022-06-20,8.49,8.7,8.0,8.07,18680
VMC,2022-06-21,7.79,8.21,7.65,8.07,18501
VMC,2022-06-22,8.28,8.35,8.0,8.35,23300
VMC,2022-06-23,8.21,8.63,8.21,8.63,26600
VMC,2022-06-24,8.42,8.7,8.28,8.7,7000
VMC,2022-06-27,8.49,9.04,8.42,9.04,11700
VMC,2022-06-28,9.04,9.53,8.97,9.39,13400
VMC,2022-06-29,9.39,9.39,9.25,9.32,14112
VMC,2022-06-30,9.53,9.6,9.18,9.18,30000
VMC,2022-07-01,9.11,9.53,8.7,9.32,30300
VMC,2022-07-04,9.32,9.53,9.25,9.53,13100
VMC,2022-07-05,9.18,9.39,9.11,9.32,20100
VMC,2022-07-06,9.32,9.32,9.18,9.18,2400
VMC,2022-07-07,9.18,9.39,9.11,9.39,16000
VMC,2022-07-08,9.53,9.53,9.04,9.46,24900
VMC,2022-07-11,9.25,9.32,9.25,9.25,22100
VMC,2022-07-12,9.18,9.46,9.18,9.46,24800
VMC,2022-07-13,9.46,9.53,9.25,9.46,15500
VMC,2022-07-14,9.46,9.6,9.46,9.46,13366
VMC,2022-07-15,9.53,9.6,9.46,9.53,3800
VMC,2022-07-18,9.6,9.88,9.6,9.74,24700
VMC,2022-07-19,10.22,10.67,9.92,10.52,27600
VMC,2022-07-20,10.44,10.52,10.44,10.52,3908
VMC,2022-07-21,10.67,10.67,10.29,10.52,31600
VMC,2022-07-22,10.22,10.44,10.14,10.14,8600
VMC,2022-07-25,10.14,10.14,10.07,10.14,5700
VMC,2022-07-26,9.92,10.37,9.84,10.37,16600
VMC,2022-07-27,9.99,10.37,9.77,10.14,31300
VMC,2022-07-28,9.99,10.14,9.92,10.14,6100
VMC,2022-07-29,10.37,10.37,9.92,10.22,19200
VMC,2022-08-01,10.22,10.22,9.99,10.14,34500
VMC,2022-08-02,10.14,10.22,9.84,9.92,55100
VMC,2022-08-03,10.07,10.22,9.92,10.07,16400
VMC,2022-08-04,10.14,10.22,9.92,9.92,59100
VMC,2022-08-05,10.14,10.14,9.92,9.99,2200
VMC,2022-08-08,9.99,9.99,9.84,9.92,13400
VMC,2022-08-09,10.14,10.14,8.94,9.84,56400
VMC,2022-08-10,9.92,9.99,9.54,9.54,16900
VMC,2022-08-11,9.77,9.77,9.54,9.54,7400
VMC,2022-08-12,9.69,9.77,9.69,9.69,6636
VMC,2022-08-15,9.84,9.84,9.24,9.77,23500
VMC,2022-08-16,9.84,9.99,9.54,9.99,26500
VMC,2022-08-17,9.99,10.07,9.99,9.99,8200
VMC,2022-08-18,9.84,9.99,9.77,9.99,6936
VMC,2022-08-19,10.07,10.07,9.69,9.69,24008
VMC,2022-08-22,9.77,9.84,9.69,9.69,1800
VMC,2022-08-23,9.77,9.92,9.69,9.84,500
VMC,2022-08-24,9.77,9.92,9.62,9.62,7500
VMC,2022-08-25,9.77,9.99,9.77,9.92,8900
VMC,2022-08-26,9.92,9.92,9.62,9.92,17400
VMC,2022-08-29,9.69,9.84,9.39,9.77,20400
VMC,2022-08-30,9.47,9.54,9.47,9.54,5800
VMC,2022-08-31,9.69,9.84,9.69,9.77,7000
VMC,2022-09-05,9.77,9.77,9.62,9.69,12400
VMC,2022-09-06,9.69,9.77,9.62,9.77,11500
VMC,2022-09-07,9.77,9.77,9.62,9.62,14300
VMC,2022-09-08,9.47,9.62,9.47,9.62,719
VMC,2022-09-09,9.62,9.62,9.47,9.47,7100
VMC,2022-09-12,9.47,9.47,9.39,9.39,12617
VMC,2022-09-13,9.39,9.47,9.39,9.47,15080
VMC,2022-09-14,9.39,9.77,9.39,9.62,8300
VMC,2022-09-15,9.62,9.62,9.39,9.39,7659
VMC,2022-09-16,9.24,9.54,9.02,9.54,13143
VMC,2022-09-19,9.69,9.84,9.39,9.69,46011
VMC,2022-09-20,9.77,9.84,9.54,9.77,22600
VMC,2022-09-21,9.92,9.99,9.62,9.62,17627
VMC,2022-09-22,9.54,9.62,8.72,9.62,27028
VMC,2022-09-23,9.39,9.54,9.39,9.47,17900
VMC,2022-09-26,9.24,9.62,9.17,9.17,18829
VMC,2022-09-27,9.17,9.32,9.02,9.17,17400
VMC,2022-09-28,9.17,9.32,9.02,9.32,15604
VMC,2022-09-29,9.17,9.47,9.17,9.39,11018
VMC,2022-09-30,9.39,9.39,8.49,9.32,13722
VMC,2022-10-03,9.09,9.09,8.49,9.09,10902
VMC,2022-10-04,8.87,8.94,8.64,8.64,7002
VMC,2022-10-05,8.87,8.87,8.19,8.72,50770
VMC,2022-10-06,8.72,8.72,8.26,8.26,27000
VMC,2022-10-07,8.11,8.11,7.44,7.51,41100
VMC,2022-10-10,7.51,8.11,7.51,7.59,11400
VMC,2022-10-11,7.89,7.89,7.14,7.51,8100
VMC,2022-10-12,7.44,7.44,7.06,7.29,22147
VMC,2022-10-13,7.29,7.51,7.14,7.21,29800
VMC,2022-10-14,7.51,7.51,7.29,7.29,22202
VMC,2022-10-17,7.29,7.44,7.21,7.29,7901
VMC,2022-10-18,7.21,7.44,6.91,7.44,25102
VMC,2022-10-19,7.44,7.44,7.21,7.44,2300
VMC,2022-10-20,7.21,7.29,7.06,7.29,18130
VMC,2022-10-21,7.29,7.29,6.61,6.84,27132
VMC,2022-10-24,6.84,7.06,6.16,6.16,85725
VMC,2022-10-25,6.09,6.09,5.56,5.94,62559
VMC,2022-10-26,5.94,6.09,5.94,5.94,6108
VMC,2022-10-27,5.86,6.46,5.86,6.46,13361
VMC,2022-10-28,6.46,6.54,6.01,6.01,9200
VMC,2022-10-31,6.01,6.01,6.01,6.01,0
VMC,2022-11-01,6.01,6.01,6.01,6.01,0
VMC,2022-11-02,6.01,6.01,6.01,6.01,0
VMC,2022-11-03,6.01,6.01,6.01,6.01,0
VMC,2022-11-04,5.56,5.64,5.41,5.56,71889
VMC,2022-11-07,5.56,5.56,5.56,5.56,0
VMC,2022-11-08,5.56,5.56,5.56,5.56,0
VMC,2022-11-09,5.56,5.56,5.56,5.56,0
VMC,2022-11-10,5.56,5.56,5.56,5.56,0
VMC,2022-11-11,5.79,5.79,5.03,5.03,32200
VMC,2022-11-14,5.03,5.03,5.03,5.03,0
VMC,2022-11-15,5.03,5.03,5.03,5.03,0
VMC,2022-11-16,5.03,5.03,5.03,5.03,0
VMC,2022-11-17,5.03,5.03,5.03,5.03,0
VMC,2022-11-18,4.88,5.11,4.73,5.03,67694
VMC,2022-11-21,5.03,5.03,5.03,5.03,0
VMC,2022-11-22,5.03,5.03,5.03,5.03,0
VMC,2022-11-23,5.03,5.03,5.03,5.03,0
VMC,2022-11-24,5.03,5.03,5.03,5.03,0
VMC,2022-11-25,5.03,5.48,5.03,5.48,39645
VMC,2022-11-28,5.48,5.48,5.48,5.48,0
VMC,2022-11-29,5.48,5.48,5.48,5.48,0
VMC,2022-11-30,5.48,5.48,5.48,5.48,0
VMC,2022-12-01,5.48,5.48,5.48,5.48,0
VMC,2022-12-02,5.86,6.01,5.86,6.01,48748
VMC,2022-12-05,6.01,6.01,6.01,6.01,0
VMC,2022-12-06,6.01,6.01,6.01,6.01,0
VMC,2022-12-07,6.01,6.01,6.01,6.01,0
VMC,2022-12-08,6.01,6.01,6.01,6.01,0
VMC,2022-12-09,6.01,6.61,6.01,6.61,56656
VMC,2022-12-12,6.61,6.61,6.61,6.61,0
VMC,2022-12-13,6.61,6.61,6.61,6.61,0
VMC,2022-12-14,6.61,6.61,6.61,6.61,0
VMC,2022-12-15,6.61,6.61,6.61,6.61,0
VMC,2022-12-16,6.76,7.21,6.61,7.21,34507
VMC,2022-12-19,7.21,7.21,7.21,7.21,0
VMC,2022-12-20,7.21,7.21,7.21,7.21,0
VMC,2022-12-21,7.21,7.21,7.21,7.21,0
VMC,2022-12-22,7.21,7.21,7.21,7.21,0
VMC,2022-12-23,6.54,7.74,6.54,7.21,19223
VMC,2022-12-26,7.21,7.21,7.21,7.21,0
VMC,2022-12-27,7.21,7.21,7.21,7.21,0
VMC,2022-12-28,7.21,7.21,7.21,7.21,0
VMC,2022-12-29,7.21,7.21,7.21,7.21,0
VMC,2022-12-30,6.91,7.14,6.61,6.61,10200
VMC,2023-01-03,6.61,6.61,6.61,6.61,0
VMC,2023-01-04,6.61,6.61,6.61,6.61,0
VMC,2023-01-05,6.61,6.61,6.61,6.61,0
VMC,2023-01-06,6.61,6.91,6.61,6.76,27606
VMC,2023-01-09,6.76,6.76,6.76,6.76,0
VMC,2023-01-10,6.76,6.76,6.76,6.76,0
VMC,2023-01-11,6.76,6.76,6.76,6.76,0
VMC,2023-01-12,6.76,6.76,6.76,6.76,0
VMC,2023-01-13,7.14,7.21,6.76,7.21,16600
VMC,2023-01-16,7.21,7.21,7.21,7.21,0
VMC,2023-01-17,7.21,7.21,7.21,7.21,0
VMC,2023-01-18,7.21,7.21,7.21,7.21,0
VMC,2023-01-19,7.21,7.21,7.21,7.21,0
VMC,2023-01-27,7.89,7.89,7.21,7.59,3228
VMC,2023-01-30,7.59,7.59,7.59,7.59,0
VMC,2023-01-31,7.59,7.59,7.59,7.59,0
VMC,2023-02-01,7.59,7.59,7.59,7.59,0
VMC,2023-02-02,7.59,7.59,7.59,7.59,0
VMC,2023-02-03,7.59,7.59,6.91,7.29,24701
VMC,2023-02-06,7.29,7.29,7.29,7.29,0
VMC,2023-02-07,7.29,7.29,7.29,7.29,0
VMC,2023-02-08,7.29,7.29,7.29,7.29,0
VMC,2023-02-09,7.29,7.29,7.29,7.29,0
VMC,2023-02-10,7.29,7.29,7.29,7.29,216
VMC,2023-02-13,7.29,7.29,7.29,7.29,0
VMC,2023-02-14,7.29,7.29,7.29,7.29,0
VMC,2023-02-15,7.29,7.29,7.29,7.29,0
VMC,2023-02-16,7.29,7.29,7.29,7.29,0
VMC,2023-02-17,7.21,7.21,6.69,6.69,36542
VMC,2023-02-20,6.69,6.69,6.69,6.69,0
VMC,2023-02-21,6.69,6.69,6.69,6.69,0
VMC,2023-02-22,6.69,6.69,6.69,6.69,0
VMC,2023-02-23,6.69,6.69,6.69,6.69,0
VMC,2023-02-24,6.46,6.84,6.24,6.69,54718
VMC,2023-02-27,6.69,6.69,6.69,6.69,0
VMC,2023-02-28,6.69,6.69,6.69,6.69,0
VMC,2023-03-01,6.69,6.69,6.69,6.69,0
VMC,2023-03-02,6.69,6.69,6.69,6.69,0
VMC,2023-03-03,6.46,6.76,6.46,6.76,3679
VMC,2023-03-06,6.76,6.76,6.76,6.76,0
VMC,2023-03-07,6.76,6.76,6.76,6.76,0
VMC,2023-03-08,6.76,6.76,6.76,6.76,0
VMC,2023-03-09,6.76,6.76,6.76,6.76,0
VMC,2023-03-10,6.31,6.91,6.31,6.76,6132
VMC,2023-03-13,6.76,6.76,6.76,6.76,0
VMC,2023-03-14,6.76,6.76,6.76,6.76,0
VMC,2023-03-15,6.76,6.76,6.76,6.76,0
VMC,2023-03-16,6.76,6.76,6.76,6.76,0
VMC,2023-03-17,6.76,6.76,6.24,6.46,27716
VMC,2023-03-20,6.46,6.46,6.46,6.46,0
VMC,2023-03-21,6.46,6.46,6.46,6.46,0
VMC,2023-03-22,6.46,6.46,6.46,6.46,0
VMC,2023-03-23,6.46,6.46,6.46,6.46,0
VMC,2023-03-24,6.24,6.61,6.24,6.39,10965
VMC,2023-03-27,6.39,6.39,6.39,6.39,0
VMC,2023-03-28,6.39,6.39,6.39,6.39,0
VMC,2023-03-29,6.39,6.39,6.39,6.39,0
VMC,2023-03-30,6.39,6.39,6.39,6.39,0
VMC,2023-03-31,6.39,6.61,6.31,6.46,20442
VMC,2023-04-03,6.46,6.46,6.46,6.46,0
VMC,2023-04-04,6.46,6.46,6.46,6.46,0
VMC,2023-04-05,6.46,6.46,6.46,6.46,0
VMC,2023-04-06,6.46,6.46,6.46,6.46,0
VMC,2023-04-07,6.31,6.69,6.24,6.39,112026
VMC,2023-04-10,6.39,6.39,6.39,6.39,0
VMC,2023-04-11,6.39,6.39,6.39,6.39,0
VMC,2023-04-12,6.39,6.39,6.39,6.39,0
VMC,2023-04-13,6.39,6.39,6.39,6.39,0
VMC,2023-04-14,6.16,6.54,6.16,6.54,42726
VMC,2023-04-17,6.54,6.54,6.54,6.54,0
VMC,2023-04-18,6.54,6.54,6.54,6.54,0
VMC,2023-04-19,6.54,6.54,6.54,6.54,0
VMC,2023-04-20,6.54,6.54,6.54,6.54,0
VMC,2023-04-21,6.46,6.99,6.39,6.76,52340
VMC,2023-04-24,6.76,6.76,6.76,6.76,0
VMC,2023-04-25,6.76,6.76,6.76,6.76,0
VMC,2023-04-26,6.76,6.76,6.76,6.76,0
VMC,2023-04-27,6.76,6.76,6.76,6.76,0
VMC,2023-04-28,6.84,7.14,6.76,6.99,12316
VMC,2023-05-04,6.99,6.99,6.99,6.99,0
VMC,2023-05-05,7.66,7.66,7.44,7.66,78200
VMC,2023-05-08,7.51,8.34,7.51,8.11,2904
VMC,2023-05-09,7.59,8.11,7.59,7.74,6520
VMC,2023-05-10,7.74,7.74,7.51,7.74,2601
VMC,2023-05-11,7.51,8.49,7.44,7.51,26269
VMC,2023-05-12,7.36,7.89,6.91,7.59,8920
VMC,2023-05-15,7.59,7.59,7.44,7.51,3006
VMC,2023-05-16,7.29,7.29,7.21,7.21,1944
VMC,2023-05-17,7.21,7.21,7.21,7.21,25400
VMC,2023-05-18,7.21,7.21,7.14,7.21,28332
VMC,2023-05-19,7.14,7.36,7.14,7.36,2300
VMC,2023-05-22,7.74,7.74,7.29,7.51,1400
VMC,2023-05-23,7.51,7.51,7.51,7.51,2000
VMC,2023-05-24,7.51,7.51,7.21,7.51,416
VMC,2023-05-25,7.51,7.51,7.51,7.51,653
VMC,2023-05-26,7.36,7.51,7.36,7.51,13700
VMC,2023-05-29,7.36,7.59,7.36,7.59,54287
VMC,2023-05-30,7.59,7.89,7.59,7.81,24944
VMC,2023-05-31,7.81,7.81,7.66,7.66,4587
VMC,2023-06-01,7.66,8.26,7.66,8.19,59207
VMC,2023-06-02,8.26,8.64,8.26,8.26,13474
VMC,2023-06-05,8.34,8.72,8.26,8.26,85630
VMC,2023-06-06,8.64,8.94,8.49,8.79,28430
VMC,2023-06-07,8.72,8.72,8.26,8.26,52216
VMC,2023-06-08,8.64,8.64,8.26,8.26,44448
VMC,2023-06-09,8.34,8.64,8.26,8.26,19725
VMC,2023-06-12,8.41,8.49,8.26,8.34,15000
VMC,2023-06-13,8.34,8.34,8.11,8.11,14956
VMC,2023-06-14,8.11,8.41,8.11,8.11,9689
VMC,2023-06-15,8.26,8.41,8.26,8.26,16000
VMC,2023-06-16,8.26,8.34,8.11,8.19,10724
VMC,2023-06-19,8.11,8.19,7.96,7.96,13336
VMC,2023-06-20,7.96,8.26,7.89,8.19,7274
VMC,2023-06-21,8.04,8.19,8.04,8.19,13000
VMC,2023-06-22,8.19,8.19,8.04,8.04,5780
VMC,2023-06-23,8.19,8.19,8.04,8.19,9341
VMC,2023-06-26,8.11,8.11,7.89,7.89,38300
VMC,2023-06-27,7.89,7.89,7.74,7.74,33230
VMC,2023-06-28,7.74,7.74,7.66,7.74,22695
VMC,2023-06-29,7.74,7.74,7.74,7.74,6600
VMC,2023-06-30,7.74,7.74,7.74,7.74,7100
VMC,2023-07-03,8.11,8.11,7.74,7.74,2500
VMC,2023-07-04,7.89,7.89,7.81,7.81,400
VMC,2023-07-05,8.11,8.11,7.81,7.81,19022
VMC,2023-07-06,7.96,8.11,7.74,7.81,12300
VMC,2023-07-07,7.81,7.89,7.81,7.81,23980
VMC,2023-07-10,7.96,7.96,7.74,7.81,5764
VMC,2023-07-11,7.89,8.19,7.81,8.19,43858
VMC,2023-07-12,7.89,7.96,7.81,7.96,33800
VMC,2023-07-13,8.19,8.19,7.81,7.81,18249
VMC,2023-07-14,7.96,7.96,7.81,7.89,53751
VMC,2023-07-17,7.81,7.81,7.81,7.81,25313
VMC,2023-07-18,7.81,7.89,7.74,7.81,30200
VMC,2023-07-19,7.89,7.96,7.81,7.81,29378
VMC,2023-07-20,7.81,7.89,7.81,7.81,29800
VMC,2023-07-21,7.81,7.89,7.66,7.89,31720
VMC,2023-07-24,7.81,8.64,7.81,8.64,124839
VMC,2023-07-25,8.72,9.09,8.64,8.64,47760
VMC,2023-07-26,8.57,8.57,7.96,8.49,45900
VMC,2023-07-27,8.41,8.57,8.19,8.49,22900
VMC,2023-07-28,8.57,8.57,7.89,8.34,21470
VMC,2023-07-31,8.34,8.34,7.89,8.34,34531
VMC,2023-08-01,8.11,9.02,8.04,8.72,37100
VMC,2023-08-02,8.72,8.72,8.11,8.49,33500
VMC,2023-08-03,8.57,8.57,8.11,8.41,52560
VMC,2023-08-04,8.49,8.49,8.11,8.41,57710
VMC,2023-08-07,8.64,8.64,8.26,8.41,19802
VMC,2023-08-08,8.49,8.49,8.26,8.49,42608
VMC,2023-08-09,8.49,8.57,8.26,8.49,13151
VMC,2023-08-10,8.49,8.49,8.26,8.49,21800
VMC,2023-08-11,8.49,8.49,8.19,8.26,29400
VMC,2023-08-14,8.26,8.34,8.19,8.34,34555
VMC,2023-08-15,8.26,8.26,7.89,8.19,17319
VMC,2023-08-16,8.19,8.34,8.04,8.34,14619
VMC,2023-08-17,8.26,8.34,8.26,8.26,1804
VMC,2023-08-18,8.26,8.26,7.96,7.96,9000
VMC,2023-08-21,7.96,7.96,7.81,7.81,3244
VMC,2023-08-22,7.81,7.89,7.66,7.89,3245
VMC,2023-08-23,7.89,7.89,7.81,7.81,8029
VMC,2023-08-24,7.81,7.96,7.81,7.96,7173
VMC,2023-08-25,8.04,8.26,7.96,7.96,18705
VMC,2023-08-28,7.96,7.96,7.96,7.96,4662
VMC,2023-08-29,7.89,7.96,7.66,7.81,14605
VMC,2023-08-30,7.81,7.96,7.81,7.96,6041
VMC,2023-08-31,7.89,8.04,7.89,8.04,32028
VMC,2023-09-05,8.26,8.26,7.96,8.04,2461
VMC,2023-09-06,7.96,7.96,7.74,7.89,33345
VMC,2023-09-07,7.89,7.96,7.74,7.89,21279
VMC,2023-09-08,7.89,7.89,7.81,7.89,18347
VMC,2023-09-11,7.89,7.89,7.66,7.74,1440
VMC,2023-09-12,7.74,7.89,7.66,7.89,4200
VMC,2023-09-13,7.74,7.74,7.74,7.74,101
VMC,2023-09-14,7.74,7.74,7.66,7.66,1244
VMC,2023-09-15,7.51,7.66,7.51,7.59,5653
VMC,2023-09-18,7.66,7.74,7.51,7.74,2000
VMC,2023-09-19,7.66,7.66,7.59,7.66,900
VMC,2023-09-20,7.66,7.66,7.36,7.59,3069
VMC,2023-09-21,7.66,7.66,7.14,7.51,38573
VMC,2023-09-22,7.21,7.51,6.84,7.51,20310
VMC,2023-09-25,7.51,7.51,6.76,7.21,5610
VMC,2023-09-26,7.29,7.36,7.21,7.21,503
VMC,2023-09-27,7.29,7.29,7.21,7.21,252
VMC,2023-09-28,7.21,7.29,7.06,7.21,5540
VMC,2023-09-29,6.91,7.06,6.91,7.06,9510
VMC,2023-10-02,7.29,7.29,6.99,6.99,748
VMC,2023-10-03,6.99,7.06,6.76,7.06,4320
VMC,2023-10-04,7.06,7.06,6.76,7.06,2822
VMC,2023-10-05,6.99,6.99,6.99,6.99,1900
VMC,2023-10-06,6.76,6.99,6.76,6.99,10200
VMC,2023-10-09,7.36,7.36,7.36,7.36,170
VMC,2023-10-10,7.36,7.36,7.21,7.21,2700
VMC,2023-10-11,7.14,7.36,7.14,7.36,200
VMC,2023-10-12,7.51,7.51,7.21,7.29,2000
VMC,2023-10-13,7.29,7.29,7.29,7.29,100
VMC,2023-10-16,7.06,7.21,6.84,7.21,3900
VMC,2023-10-17,7.29,7.29,7.29,7.29,1200
VMC,2023-10-18,6.99,7.21,6.99,7.21,3100
VMC,2023-10-19,7.14,7.14,7.14,7.14,500
VMC,2023-10-20,6.84,7.06,6.76,7.06,4820
VMC,2023-10-23,7.06,7.36,6.84,7.36,9436
VMC,2023-10-24,7.36,7.36,7.29,7.29,3374
VMC,2023-10-25,7.29,7.29,7.14,7.14,1700
VMC,2023-10-26,7.14,7.14,6.61,7.06,3636
VMC,2023-10-27,7.02,7.27,7.02,7.27,2262
VMC,2023-10-30,7.27,7.27,7.27,7.27,2648
VMC,2023-10-31,7.27,7.27,7.27,7.27,3000
VMC,2023-11-01,7.27,7.27,7.02,7.19,10300
VMC,2023-11-02,7.02,7.27,7.02,7.27,500
VMC,2023-11-03,7.27,7.27,7.27,7.27,0
VMC,2023-11-06,7.02,7.36,7.02,7.36,433
VMC,2023-11-07,7.11,7.11,7.11,7.11,217
VMC,2023-11-08,7.11,7.19,7.11,7.19,1001
VMC,2023-11-09,7.44,7.44,7.02,7.19,1810
VMC,2023-11-10,7.02,7.11,7.02,7.02,1318
VMC,2023-11-13,7.02,7.02,6.53,6.94,5045
VMC,2023-11-14,6.94,7.11,6.86,7.02,5500
VMC,2023-11-15,7.02,7.02,6.94,7.02,2700
VMC,2023-11-16,6.78,6.94,6.61,6.78,5872
VMC,2023-11-17,6.78,6.94,6.69,6.94,8019
VMC,2023-11-20,6.69,6.86,6.69,6.78,4012
VMC,2023-11-21,6.86,6.86,6.78,6.78,2315
VMC,2023-11-22,6.94,6.94,6.69,6.86,2904
VMC,2023-11-23,6.86,6.86,6.69,6.86,1425
VMC,2023-11-24,6.69,6.86,6.61,6.78,701
VMC,2023-11-27,6.61,6.78,6.45,6.78,6625
VMC,2023-11-28,6.78,6.78,6.78,6.78,1000
VMC,2023-11-29,6.69,6.78,6.61,6.78,1200
VMC,2023-11-30,7.02,7.19,6.61,6.61,9500
VMC,2023-12-01,6.61,6.78,6.61,6.78,6110
VMC,2023-12-04,6.61,6.86,6.61,6.86,9034
VMC,2023-12-05,6.69,6.78,6.61,6.78,5288
VMC,2023-12-06,6.61,6.78,6.61,6.78,10001
VMC,2023-12-07,6.69,6.78,6.69,6.78,254
VMC,2023-12-08,6.69,6.69,6.61,6.61,18540
VMC,2023-12-11,6.61,6.69,6.61,6.69,7100
VMC,2023-12-12,6.69,6.69,6.69,6.69,200
VMC,2023-12-13,6.69,6.78,6.61,6.78,6003
VMC,2023-12-14,6.86,6.86,6.69,6.69,700
VMC,2023-12-15,6.69,6.69,6.69,6.69,4300
VMC,2023-12-18,6.69,6.78,6.61,6.61,7100
VMC,2023-12-19,6.69,6.69,6.61,6.61,5100
VMC,2023-12-20,6.78,6.78,6.78,6.78,100
VMC,2023-12-21,6.78,6.78,6.78,6.78,0
VMC,2023-12-22,6.69,6.78,6.69,6.78,6212
VMC,2023-12-25,6.78,7.11,6.78,6.94,6790
VMC,2023-12-26,6.94,6.94,6.69,6.94,11300
VMC,2023-12-27,6.94,6.94,6.94,6.94,0
VMC,2023-12-28,7.11,7.11,6.61,6.94,23308
VMC,2023-12-29,6.78,6.86,6.78,6.86,1550
VMC,2024-01-02,6.86,6.86,6.86,6.86,211
VMC,2024-01-03,7.02,7.02,6.69,6.94,47237
VMC,2024-01-04,6.78,7.02,6.78,7.02,18988
VMC,2024-01-05,6.94,6.94,6.78,6.94,4104
VMC,2024-01-08,6.94,7.02,6.94,7.02,1400
VMC,2024-01-09,6.94,6.94,6.94,6.94,200
VMC,2024-01-10,6.78,6.94,6.78,6.86,4800
VMC,2024-01-11,7.02,7.27,6.86,6.86,21800
VMC,2024-01-12,6.86,6.94,6.86,6.86,17527
VMC,2024-01-15,6.86,6.86,6.86,6.86,3278
VMC,2024-01-16,6.86,6.86,6.86,6.86,636
VMC,2024-01-17,6.86,6.86,6.78,6.78,1908
VMC,2024-01-18,6.86,6.86,6.78,6.78,7230
VMC,2024-01-19,6.86,6.86,6.61,6.61,2520
VMC,2024-01-22,6.78,6.78,6.69,6.69,3800
VMC,2024-01-23,6.69,6.78,6.69,6.78,9858
VMC,2024-01-24,6.69,6.69,6.36,6.61,22700
VMC,2024-01-25,6.69,6.69,6.69,6.69,502
VMC,2024-01-26,6.61,6.69,6.61,6.69,7500
VMC,2024-01-29,6.69,6.69,6.69,6.69,1290
VMC,2024-01-30,6.78,6.78,6.78,6.78,1532
VMC,2024-01-31,6.78,6.78,6.78,6.78,90
VMC,2024-02-01,6.78,6.78,6.69,6.69,10200
VMC,2024-02-02,6.86,6.86,6.69,6.69,9403
VMC,2024-02-05,6.69,6.69,6.69,6.69,0
VMC,2024-02-06,6.69,6.69,6.69,6.69,44
VMC,2024-02-07,6.69,6.78,6.61,6.78,16010
VMC,2024-02-15,6.78,6.86,6.78,6.78,6200
VMC,2024-02-16,6.78,6.94,6.78,6.94,5200
VMC,2024-02-19,6.94,7.02,6.78,7.02,12437
VMC,2024-02-20,6.86,6.86,6.86,6.86,130
VMC,2024-02-21,6.78,6.78,6.78,6.78,5942
VMC,2024-02-22,6.94,6.94,6.94,6.94,100
VMC,2024-02-23,6.94,6.94,6.78,6.86,4500
VMC,2024-02-26,6.94,6.94,6.78,6.78,3212
VMC,2024-02-27,6.94,6.94,6.86,6.86,5756
VMC,2024-02-28,6.86,6.86,6.86,6.86,1701
VMC,2024-02-29,6.86,6.86,6.78,6.78,29268
VMC,2024-03-01,6.86,6.86,6.86,6.86,2700
VMC,2024-03-04,6.86,6.94,6.78,6.94,10046
VMC,2024-03-05,6.78,6.78,6.78,6.78,1700
VMC,2024-03-06,6.86,6.86,6.78,6.78,29154
VMC,2024-03-07,6.86,6.94,6.78,6.94,3158
VMC,2024-03-08,6.78,6.86,6.78,6.86,3244
VMC,2024-03-11,6.78,6.94,6.78,6.94,4200
VMC,2024-03-12,6.78,6.94,6.78,6.94,18780
VMC,2024-03-13,6.69,6.78,6.69,6.78,5459
VMC,2024-03-14,6.78,6.86,6.78,6.78,43902
VMC,2024-03-15,6.78,6.78,6.69,6.69,923
VMC,2024-03-18,6.69,6.78,6.53,6.78,8401
VMC,2024-03-19,6.78,6.78,6.61,6.61,407
VMC,2024-03-20,6.86,6.86,6.61,6.78,1000
VMC,2024-03-21,6.78,6.86,6.78,6.86,14800
VMC,2024-03-22,6.69,6.69,6.61,6.61,15560
VMC,2024-03-25,6.61,6.78,6.61,6.78,200
VMC,2024-03-26,6.78,6.78,6.78,6.78,0
VMC,2024-03-27,6.78,6.78,6.78,6.78,902
VMC,2024-03-28,6.69,6.78,6.69,6.78,4300
VMC,2024-03-29,6.61,6.69,6.61,6.69,1776
VMC,2024-04-01,6.86,6.86,6.86,6.86,510
VMC,2024-04-02,6.69,6.78,6.69,6.78,2309
VMC,2024-04-03,6.61,6.78,6.61,6.78,516
VMC,2024-04-04,6.61,6.61,6.53,6.61,9101
VMC,2024-04-05,6.53,6.61,6.45,6.61,6610
VMC,2024-04-08,6.61,6.78,6.61,6.78,19576
VMC,2024-04-09,6.86,6.86,6.69,6.69,303
VMC,2024-04-10,6.53,6.61,6.53,6.61,1102
VMC,2024-04-11,6.53,6.61,6.53,6.61,2558
VMC,2024-04-12,6.53,6.61,6.53,6.53,5000
VMC,2024-04-15,6.53,6.61,6.53,6.53,3142
VMC,2024-04-16,6.53,6.53,6.28,6.28,6555
VMC,2024-04-17,6.28,6.28,6.28,6.28,14800
VMC,2024-04-19,6.28,6.28,6.28,6.28,11900
VMC,2024-04-22,6.28,6.53,6.28,6.53,7230
VMC,2024-04-23,6.28,6.36,6.28,6.28,2700
VMC,2024-04-24,6.53,6.53,6.53,6.53,100
VMC,2024-04-25,6.36,6.36,6.28,6.28,700
VMC,2024-04-26,6.28,6.28,6.28,6.28,0
VMC,2024-05-02,6.53,6.53,6.53,6.53,3300
VMC,2024-05-03,6.53,6.53,6.53,6.53,0
VMC,2024-05-06,6.28,6.53,6.28,6.53,1388
VMC,2024-05-07,6.28,6.28,6.28,6.28,100
VMC,2024-05-08,6.53,6.53,6.28,6.28,7310
VMC,2024-05-09,6.53,6.53,6.36,6.36,6938
VMC,2024-05-10,6.36,6.36,6.36,6.36,1000
VMC,2024-05-13,6.36,6.36,6.28,6.36,1010
VMC,2024-05-14,6.36,6.36,6.36,6.36,10
VMC,2024-05-15,6.61,6.61,6.61,6.61,121
VMC,2024-05-16,6.61,6.61,6.61,6.61,10
VMC,2024-05-17,6.45,6.45,6.45,6.45,2000
VMC,2024-05-20,6.36,6.45,6.36,6.45,2476
VMC,2024-05-21,6.45,6.45,6.28,6.28,8349
VMC,2024-05-22,6.28,6.36,6.28,6.36,9211
VMC,2024-05-23,6.36,6.36,6.36,6.36,1786
VMC,2024-05-24,6.36,6.36,6.36,6.36,2532
VMC,2024-05-27,6.36,6.36,6.36,6.36,13500
VMC,2024-05-28,6.36,6.36,6.28,6.28,1323
VMC,2024-05-29,6.28,6.28,6.28,6.28,1794
VMC,2024-05-30,6.28,6.36,6.28,6.36,3900
VMC,2024-05-31,6.2,6.36,6.2,6.36,2210
VMC,2024-06-03,6.36,6.36,6.36,6.36,2200
VMC,2024-06-04,6.28,6.28,6.28,6.28,5087
VMC,2024-06-05,6.28,6.28,6.2,6.28,9820
VMC,2024-06-06,6.36,6.36,6.28,6.36,3899
VMC,2024-06-07,6.28,6.28,6.28,6.28,9698
VMC,2024-06-10,6.28,6.45,6.28,6.45,4800
VMC,2024-06-11,6.36,6.36,6.28,6.28,32101
VMC,2024-06-12,6.28,6.36,6.28,6.36,6033
VMC,2024-06-13,6.36,6.45,6.36,6.36,17960
VMC,2024-06-14,6.28,6.36,6.2,6.36,9023
VMC,2024-06-17,6.36,6.45,6.28,6.45,8073
VMC,2024-06-18,6.45,6.45,6.36,6.36,5500
VMC,2024-06-19,6.36,6.36,6.36,6.36,1000
VMC,2024-06-20,6.36,6.36,6.36,6.36,1
VMC,2024-06-21,6.36,6.45,6.2,6.36,9699
VMC,2024-06-24,6.45,6.45,6.45,6.45,1226
VMC,2024-06-25,6.45,6.45,6.36,6.45,7920
VMC,2024-06-26,6.45,6.45,6.45,6.45,5100
VMC,2024-06-27,6.45,6.45,6.36,6.36,8000
VMC,2024-06-28,6.36,6.53,6.28,6.53,3389
VMC,2024-07-01,6.45,6.53,6.28,6.45,6226
VMC,2024-07-02,6.36,6.36,6.36,6.36,100
VMC,2024-07-03,6.36,6.36,6.36,6.36,0
VMC,2024-07-04,6.45,6.61,6.45,6.61,34116
VMC,2024-07-05,6.45,6.45,6.2,6.28,33576
VMC,2024-07-08,6.28,6.53,6.03,6.28,6100
VMC,2024-07-09,6.36,6.45,6.28,6.28,13359
VMC,2024-07-10,6.36,6.45,6.28,6.28,8300
VMC,2024-07-11,6.45,6.61,6.45,6.61,12979
VMC,2024-07-12,6.61,6.61,6.45,6.61,3205
VMC,2024-07-15,6.61,6.61,6.28,6.28,44820
VMC,2024-07-16,6.28,6.53,6.28,6.45,8580
VMC,2024-07-17,6.45,6.45,6.36,6.45,2377
VMC,2024-07-18,6.45,6.45,6.18,6.27,7795
VMC,2024-07-19,6.27,6.27,6.27,6.27,1300
VMC,2024-07-22,6.36,6.45,6.27,6.27,620
VMC,2024-07-23,6.27,6.27,6.27,6.27,801
VMC,2024-07-24,6.18,6.27,6.18,6.27,4577
VMC,2024-07-25,6.18,6.18,6.18,6.18,1500
VMC,2024-07-26,6.18,6.18,6.18,6.18,700
VMC,2024-07-29,6.27,6.27,6.27,6.27,200
VMC,2024-07-30,6.27,6.27,6.27,6.27,100
VMC,2024-07-31,6.27,6.36,6.09,6.18,3800
VMC,2024-08-01,6.09,6.09,6.09,6.09,400
VMC,2024-08-02,6.09,6.09,6.09,6.09,26
VMC,2024-08-05,6.0,6.0,6.0,6.0,1302
VMC,2024-08-06,6.0,6.0,5.55,5.91,1800
VMC,2024-08-07,5.73,5.91,5.45,5.91,2644
VMC,2024-08-08,5.91,5.91,5.91,5.91,17502
VMC,2024-08-09,5.82,5.82,5.64,5.64,600
VMC,2024-08-12,5.64,5.73,5.55,5.64,11600
VMC,2024-08-13,5.64,5.64,5.64,5.64,614
VMC,2024-08-14,6.0,6.0,5.73,5.73,1140
VMC,2024-08-15,5.73,5.73,5.55,5.55,2531
VMC,2024-08-16,5.64,6.09,5.64,6.09,5505
VMC,2024-08-19,6.09,6.09,6.0,6.09,634
VMC,2024-08-20,6.55,6.55,6.09,6.09,8019
VMC,2024-08-21,6.09,6.09,5.82,5.91,9346
VMC,2024-08-22,6.18,6.36,6.18,6.36,4107
VMC,2024-08-23,6.36,6.36,6.09,6.36,3406
VMC,2024-08-26,6.0,6.0,6.0,6.0,924
VMC,2024-08-27,6.0,6.09,6.0,6.09,4353
VMC,2024-08-28,6.09,6.09,5.91,6.0,1200
VMC,2024-08-29,5.91,6.27,5.91,6.27,702
VMC,2024-08-30,5.91,6.18,5.91,6.18,200
VMC,2024-09-04,6.18,6.18,5.82,5.82,8200
VMC,2024-09-05,5.91,5.91,5.91,5.91,4900
VMC,2024-09-06,5.82,6.09,5.82,6.09,700
VMC,2024-09-09,6.09,6.09,6.0,6.0,1948
VMC,2024-09-10,5.82,5.91,5.82,5.82,1700
VMC,2024-09-11,5.73,6.09,5.73,6.09,526
VMC,2024-09-12,5.82,5.82,5.82,5.82,1291
VMC,2024-09-13,5.91,5.91,5.82,5.82,1620
VMC,2024-09-16,5.82,6.0,5.82,5.82,3700
VMC,2024-09-17,5.45,5.91,5.27,5.82,7721
VMC,2024-09-18,5.82,5.82,5.73,5.73,4080
VMC,2024-09-19,5.73,5.91,5.73,5.91,1500
VMC,2024-09-20,5.82,5.91,5.82,5.91,2538
VMC,2024-09-23,6.0,6.0,6.0,6.0,106
VMC,2024-09-24,6.0,6.0,6.0,6.0,1900
VMC,2024-09-25,5.73,6.0,5.73,6.0,31566
VMC,2024-09-26,5.91,5.91,5.82,5.82,660
VMC,2024-09-27,6.18,6.18,6.18,6.18,207
VMC,2024-09-30,5.82,5.82,5.82,5.82,117
VMC,2024-10-01,5.82,6.18,5.82,6.0,3703
VMC,2024-10-02,6.18,6.18,6.0,6.0,230
VMC,2024-10-03,5.82,6.18,5.82,6.18,211
VMC,2024-10-04,5.91,6.0,5.82,6.0,2300
VMC,2024-10-07,6.0,6.0,6.0,6.0,90
VMC,2024-10-08,5.82,6.18,5.82,6.18,46301
VMC,2024-10-09,6.09,6.09,6.0,6.0,917
VMC,2024-10-10,5.91,6.0,5.91,6.0,300
VMC,2024-10-11,6.0,6.0,5.91,6.0,400
VMC,2024-10-14,6.0,6.0,6.0,6.0,195
VMC,2024-10-15,5.82,6.18,5.64,6.18,14736
VMC,2024-10-16,5.64,5.82,5.64,5.82,4016
VMC,2024-10-17,5.64,5.73,5.45,5.55,6100
VMC,2024-10-18,5.55,6.0,5.55,5.73,3317
VMC,2024-10-21,5.45,5.73,5.45,5.64,6575
VMC,2024-10-22,5.64,5.64,5.45,5.45,5301
VMC,2024-10-23,5.73,5.73,5.64,5.64,700
VMC,2024-10-24,6.18,6.18,5.45,5.45,11900
VMC,2024-10-25,5.45,5.73,5.45,5.73,1256
VMC,2024-10-28,5.45,5.64,5.18,5.36,16200
VMC,2024-10-29,5.45,5.45,4.91,5.45,42820
VMC,2024-10-30,5.09,5.18,4.91,5.0,27588
VMC,2024-10-31,5.0,5.27,5.0,5.18,17200
VMC,2024-11-01,5.09,5.09,5.0,5.0,3620
VMC,2024-11-04,5.0,5.09,5.0,5.0,7300
VMC,2024-11-05,5.18,5.27,5.0,5.09,8600
VMC,2024-11-06,5.09,5.09,5.09,5.09,200
VMC,2024-11-07,5.09,5.18,5.09,5.09,1600
VMC,2024-11-08,5.09,5.18,5.09,5.18,1200
VMC,2024-11-11,5.0,5.27,5.0,5.27,4630
VMC,2024-11-12,5.27,5.27,5.18,5.27,600
VMC,2024-11-13,5.27,5.27,5.09,5.27,2721
VMC,2024-11-14,5.18,5.18,5.18,5.18,501
VMC,2024-11-15,5.27,5.27,5.18,5.18,3800
VMC,2024-11-18,5.09,5.36,5.09,5.18,6900
VMC,2024-11-19,5.18,5.27,5.18,5.27,3763
VMC,2024-11-20,5.27,5.36,5.27,5.36,1100
VMC,2024-11-21,5.36,5.36,5.36,5.36,1700
VMC,2024-11-22,5.36,5.36,5.36,5.36,0
VMC,2024-11-25,5.36,5.36,5.36,5.36,0
VMC,2024-11-26,5.45,5.45,5.45,5.45,401
VMC,2024-11-27,5.45,5.45,5.09,5.09,2827
VMC,2024-11-28,5.09,5.09,5.09,5.09,0
VMC,2024-11-29,5.36,5.36,5.36,5.36,200
VMC,2024-12-02,5.27,5.27,5.18,5.18,905
VMC,2024-12-03,5.18,5.18,5.18,5.18,0
VMC,2024-12-04,5.27,5.64,5.27,5.55,22300
VMC,2024-12-05,5.55,5.91,5.55,5.82,16645
VMC,2024-12-06,5.91,6.18,5.91,5.91,53950
VMC,2024-12-09,6.0,6.18,6.0,6.18,16570
VMC,2024-12-10,6.18,6.27,6.09,6.18,13415
VMC,2024-12-11,6.45,6.45,6.36,6.36,11205
VMC,2024-12-12,6.36,6.36,6.36,6.36,2900
VMC,2024-12-13,6.36,6.45,6.18,6.45,9599
VMC,2024-12-16,6.45,7.09,6.45,7.09,27466
VMC,2024-12-17,7.73,7.73,7.73,7.73,100976
VMC,2024-12-18,8.45,8.45,8.18,8.45,289030
VMC,2024-12-19,8.91,9.09,7.73,9.09,228250
VMC,2024-12-20,9.0,9.55,8.45,9.55,298546
VMC,2024-12-23,9.55,9.55,8.64,8.64,256345
VMC,2024-12-24,8.64,8.64,7.82,7.82,142651
VMC,2024-12-25,7.27,7.82,7.18,7.27,69637
VMC,2024-12-26,7.27,8.0,7.27,8.0,190941
VMC,2024-12-27,8.0,8.0,7.45,7.45,35541
VMC,2024-12-30,7.45,7.45,7.18,7.36,43751
VMC,2024-12-31,7.0,7.27,6.91,6.91,33308
VMC,2025-01-02,6.91,6.91,6.36,6.55,21401
VMC,2025-01-03,6.45,6.55,6.36,6.36,25313
VMC,2025-01-06,6.36,6.36,6.18,6.36,53711
VMC,2025-01-07,6.36,7.0,6.36,6.91,36538
VMC,2025-01-08,6.82,6.91,6.55,6.64,12156
VMC,2025-01-09,6.55,6.91,6.45,6.91,8847
VMC,2025-01-10,6.91,7.27,6.45,6.55,18505
VMC,2025-01-13,6.82,6.82,6.55,6.55,1200
VMC,2025-01-14,6.36,6.82,6.27,6.82,15273
VMC,2025-01-15,6.73,6.73,6.73,6.73,1066
VMC,2025-01-16,6.45,6.45,6.36,6.36,22007
VMC,2025-01-17,6.55,6.55,6.36,6.36,19527
VMC,2025-01-20,6.36,6.64,6.27,6.27,10406
VMC,2025-01-21,6.36,6.64,6.36,6.55,70860
VMC,2025-01-22,6.64,6.64,6.55,6.64,3126
VMC,2025-01-23,6.64,6.91,6.45,6.45,40009
VMC,2025-01-24,6.73,6.73,6.45,6.64,4500
VMC,2025-02-03,6.64,6.64,6.64,6.64,200
VMC,2025-02-04,6.45,6.64,6.18,6.36,11100
VMC,2025-02-05,6.55,6.55,6.18,6.36,37303
VMC,2025-02-06,6.55,6.55,6.36,6.55,15070
VMC,2025-02-07,6.64,6.64,6.36,6.55,17751
VMC,2025-02-10,6.55,6.55,6.27,6.55,16070
VMC,2025-02-11,6.55,6.73,6.55,6.64,2500
VMC,2025-02-12,6.64,6.64,6.64,6.64,1270
VMC,2025-02-13,6.36,6.64,6.36,6.55,24802
VMC,2025-02-14,6.55,6.73,6.45,6.73,13933
VMC,2025-02-17,6.45,6.73,6.27,6.45,2900
VMC,2025-02-18,6.64,6.64,6.36,6.55,7588
VMC,2025-02-19,6.73,6.73,6.36,6.64,10850
VMC,2025-02-20,6.64,6.82,6.64,6.82,18600
VMC,2025-02-21,6.91,6.91,6.55,6.73,16935
VMC,2025-02-24,6.91,6.91,6.45,6.91,3600
VMC,2025-02-25,6.64,6.91,6.55,6.82,23420
VMC,2025-02-26,6.82,6.82,6.64,6.82,14042
VMC,2025-02-27,7.0,7.0,6.64,6.82,4743
VMC,2025-02-28,6.64,6.82,6.64,6.82,1009
VMC,2025-03-03,6.82,6.91,6.55,6.91,2405
VMC,2025-03-04,6.64,6.91,6.64,6.82,2400
VMC,2025-03-05,6.82,6.82,6.55,6.55,3503
VMC,2025-03-06,6.73,6.73,6.45,6.73,703
VMC,2025-03-07,6.55,6.73,6.55,6.73,630
VMC,2025-03-10,6.73,6.73,6.55,6.73,37301
VMC,2025-03-11,6.73,7.0,6.45,6.64,5405
VMC,2025-03-12,6.64,6.82,6.55,6.64,16316
VMC,2025-03-13,6.73,6.82,6.55,6.73,10300
VMC,2025-03-14,6.73,6.82,6.55,6.73,3428
VMC,2025-03-17,6.82,6.91,6.64,6.82,4242
VMC,2025-03-18,6.64,6.82,6.45,6.82,38286
VMC,2025-03-19,6.82,7.0,6.64,6.82,2560
VMC,2025-03-20,6.82,6.82,6.64,6.73,11866
VMC,2025-03-21,6.73,6.73,6.64,6.73,5032
VMC,2025-03-24,6.82,6.82,6.73,6.73,1105
VMC,2025-03-25,6.82,6.82,6.64,6.64,11206
VMC,2025-03-26,6.55,6.64,6.55,6.64,1992
VMC,2025-03-27,6.73,6.73,6.55,6.64,11983
VMC,2025-03-28,6.73,6.73,6.73,6.73,219
VMC,2025-03-31,6.55,6.73,6.55,6.73,449
VMC,2025-04-01,6.73,6.73,6.55,6.55,2530
VMC,2025-04-02,6.55,6.55,6.45,6.55,1400
VMC,2025-04-03,6.18,6.45,5.91,5.91,33800
VMC,2025-04-04,5.55,5.91,5.36,5.91,23700
VMC,2025-04-08,5.45,5.45,5.36,5.36,22368
VMC,2025-04-09,5.36,5.82,5.36,5.45,60415
VMC,2025-04-10,5.82,6.0,5.82,6.0,9501
VMC,2025-04-11,6.36,6.36,6.0,6.36,4211
VMC,2025-04-14,6.45,6.45,6.45,6.45,120
VMC,2025-04-15,6.18,6.45,5.91,6.36,20187
VMC,2025-04-16,6.45,6.64,6.18,6.36,7512
VMC,2025-04-17,6.45,6.45,6.45,6.45,178
VMC,2025-04-18,6.82,7.0,6.18,6.45,8424
VMC,2025-04-21,6.45,6.45,6.09,6.36,1451
VMC,2025-04-22,6.36,6.45,5.73,6.36,10415
VMC,2025-04-23,6.45,6.45,6.09,6.45,404
VMC,2025-04-24,6.36,6.64,6.18,6.27,824
VMC,2025-04-25,6.45,6.45,6.0,6.36,1600
VMC,2025-04-28,5.73,6.27,5.73,6.09,18477
VMC,2025-04-29,6.36,6.36,6.09,6.27,429
VMC,2025-05-05,6.36,6.36,6.18,6.27,404
VMC,2025-05-06,6.0,6.27,5.82,6.0,3265
VMC,2025-05-07,6.18,6.18,5.82,6.0,1400
VMC,2025-05-08,6.0,6.18,5.45,6.0,35600
VMC,2025-05-09,6.0,6.09,5.82,6.09,15814
VMC,2025-05-12,6.09,6.18,5.91,5.91,19600
VMC,2025-05-13,6.36,6.36,5.91,6.09,22556
VMC,2025-05-14,6.18,6.18,5.64,6.09,68700
VMC,2025-05-15,6.36,6.36,6.36,6.36,150
VMC,2025-05-16,6.36,6.36,6.09,6.18,700
VMC,2025-05-19,6.36,6.36,6.0,6.27,15638
VMC,2025-05-20,6.18,6.36,6.09,6.27,472
VMC,2025-05-21,6.36,6.36,6.09,6.27,2731
VMC,2025-05-22,6.36,6.36,6.18,6.27,4206
VMC,2025-05-23,6.27,6.27,5.91,6.27,1516
VMC,2025-05-26,6.27,6.27,5.82,6.18,2889
VMC,2025-05-27,6.36,6.36,6.09,6.18,3028
VMC,2025-05-28,6.27,6.36,6.0,6.0,600
VMC,2025-05-29,6.0,6.27,6.0,6.09,5142
VMC,2025-05-30,5.91,6.09,5.91,6.09,754
VMC,2025-06-02,6.09,6.09,5.55,6.0,40584
VMC,2025-06-03,6.18,6.18,6.18,6.18,100
VMC,2025-06-04,6.18,6.18,5.91,6.18,10108
VMC,2025-06-05,6.18,6.18,6.09,6.18,2400
VMC,2025-06-06,6.18,6.18,6.0,6.18,15210
VMC,2025-06-09,6.18,6.18,5.91,6.09,14567
VMC,2025-06-10,6.18,6.36,6.0,6.09,3716
VMC,2025-06-11,6.18,6.18,5.91,6.18,6229
VMC,2025-06-12,6.18,6.18,5.91,6.09,9702
VMC,2025-06-13,6.18,6.27,5.73,6.09,11494
VMC,2025-06-16,6.0,6.18,6.0,6.09,16900
VMC,2025-06-17,6.09,6.18,6.09,6.18,1003
VMC,2025-06-18,6.0,6.09,5.91,6.09,2191
VMC,2025-06-19,6.18,6.18,6.0,6.18,13715
VMC,2025-06-20,6.18,6.18,5.64,6.0,153574
VMC,2025-06-23,6.0,6.27,5.45,5.45,187960
VMC,2025-06-24,5.64,5.91,5.64,5.91,47542
VMC,2025-06-25,5.82,5.82,5.64,5.82,7000
VMC,2025-06-26,5.73,5.82,5.73,5.73,6732
VMC,2025-06-27,5.73,5.82,5.73,5.73,7222
VMC,2025-06-30,5.91,5.91,5.64,5.82,1409
VMC,2025-07-01,5.91,6.0,5.73,5.91,1847
VMC,2025-07-02,5.73,5.91,5.73,5.91,5913
VMC,2025-07-03,5.91,5.91,5.73,5.91,1100
VMC,2025-07-04,5.91,5.91,5.73,5.82,1224
VMC,2025-07-07,5.91,5.91,5.64,5.82,9706
VMC,2025-07-08,5.82,5.91,5.82,5.91,2783
VMC,2025-07-09,5.91,5.91,5.82,5.91,11226
VMC,2025-07-10,5.91,6.09,5.82,6.0,2500
VMC,2025-07-11,6.0,6.09,6.0,6.0,1710
VMC,2025-07-14,6.18,6.18,5.55,6.0,13250
VMC,2025-07-15,6.0,6.0,5.82,6.0,747
VMC,2025-07-16,6.0,6.09,5.91,5.91,46006
VMC,2025-07-17,6.0,6.0,5.91,5.91,19296
VMC,2025-07-18,6.0,6.0,5.82,6.0,4060
VMC,2025-07-21,6.0,6.0,5.91,6.0,31333
VMC,2025-07-22,6.0,6.0,5.82,6.0,1836
VMC,2025-07-23,5.91,6.09,5.55,6.0,39256
VMC,2025-07-24,5.82,6.0,5.82,6.0,2138
VMC,2025-07-25,5.82,6.18,5.55,6.0,20920
VMC,2025-07-28,6.0,6.18,5.91,6.09,30300
VMC,2025-07-29,6.18,6.27,5.91,6.09,36467
VMC,2025-07-30,6.09,6.09,5.73,6.0,15305
VMC,2025-07-31,6.0,6.0,6.0,6.0,4191
VMC,2025-08-01,5.82,6.09,5.82,6.0,12819
VMC,2025-08-04,6.0,6.09,5.82,6.09,1702
VMC,2025-08-05,6.18,6.18,5.73,6.09,25912
VMC,2025-08-06,5.82,6.09,5.82,6.09,222
VMC,2025-08-07,6.09,6.09,5.82,5.91,11225
VMC,2025-08-08,6.0,6.09,5.91,6.0,29701
VMC,2025-08-11,6.0,6.36,5.91,6.09,12332
VMC,2025-08-12,6.09,6.09,6.0,6.0,17842
VMC,2025-08-13,6.09,6.09,5.91,6.0,49688
VMC,2025-08-14,6.09,6.18,6.0,6.09,26461
VMC,2025-08-15,6.09,6.18,6.09,6.18,13508
VMC,2025-08-18,6.18,6.36,6.0,6.18,2303
VMC,2025-08-19,6.18,6.18,6.0,6.18,11385
VMC,2025-08-20,6.18,6.18,6.0,6.18,41301
VMC,2025-08-21,6.09,6.18,6.0,6.18,9319
VMC,2025-08-22,6.0,6.0,5.91,6.0,22201
VMC,2025-08-25,6.09,6.09,6.09,6.09,126
VMC,2025-08-26,5.73,6.09,5.73,6.09,5572
VMC,2025-08-27,6.09,6.09,6.09,6.09,310
VMC,2025-08-28,5.91,6.09,5.91,6.09,500
VMC,2025-08-29,6.09,6.09,6.0,6.09,4405
VMC,2025-09-03,6.09,6.18,6.09,6.18,953
VMC,2025-09-04,6.09,6.18,6.09,6.18,262
VMC,2025-09-05,6.18,6.18,6.09,6.18,1308
VMC,2025-09-08,6.09,6.09,6.09,6.09,5000
VMC,2025-09-09,6.09,6.18,6.0,6.18,13903
VMC,2025-09-10,6.09,6.18,6.09,6.18,202
VMC,2025-09-11,6.18,6.18,6.18,6.18,2
VMC,2025-09-12,6.0,6.18,6.0,6.18,11300
VMC,2025-09-15,6.18,6.18,6.0,6.18,1807
VMC,2025-09-16,6.09,6.18,6.09,6.18,1584
VMC,2025-09-17,6.0,6.18,6.0,6.0,53422
VMC,2025-09-18,6.18,6.18,6.0,6.0,1400
VMC,2025-09-19,6.18,6.18,6.0,6.0,13736
VMC,2025-09-22,6.18,6.18,6.0,6.0,703
VMC,2025-09-23,6.09,6.09,5.91,6.09,1400
VMC,2025-09-24,6.09,6.09,6.09,6.09,40
VMC,2025-09-25,6.09,6.09,6.09,6.09,201
VMC,2025-09-26,6.0,6.09,5.91,6.0,20500
VMC,2025-09-29,6.09,6.09,5.45,5.45,28412
VMC,2025-09-30,5.64,6.0,5.64,6.0,48803
VMC,2025-10-01,6.27,6.27,6.0,6.0,13600
VMC,2025-10-02,6.18,6.18,6.18,6.18,101
VMC,2025-10-03,6.0,6.0,5.91,6.0,15203
VMC,2025-10-06,6.18,6.18,6.0,6.09,325
VMC,2025-10-07,6.18,6.36,6.0,6.18,658
VMC,2025-10-08,6.0,6.18,6.0,6.18,400
VMC,2025-10-09,6.18,6.18,6.0,6.0,3600
VMC,2025-10-10,6.18,6.18,5.91,6.09,10868
VMC,2025-10-13,6.0,6.18,5.64,5.64,34314
VMC,2025-10-14,6.09,6.09,5.82,6.09,531
VMC,2025-10-15,6.0,6.09,5.91,6.09,600
VMC,2025-10-16,6.0,6.09,5.82,6.09,12278
VMC,2025-10-17,5.82,6.0,5.82,6.0,15135
VMC,2025-10-20,6.09,6.09,5.82,6.0,810
VMC,2025-10-21,6.0,6.0,5.82,5.91,5529
VMC,2025-10-22,5.82,5.91,5.73,5.91,4001
VMC,2025-10-23,5.91,5.91,5.91,5.91,101
VMC,2025-10-24,5.82,6.0,5.82,6.0,1406
VMC,2025-10-27,6.0,6.0,5.82,5.82,5900
VMC,2025-10-28,6.0,6.0,5.55,5.91,11911
VMC,2025-10-29,5.91,6.0,5.82,6.0,8811
VMC,2025-10-30,6.0,6.09,6.0,6.09,10800
VMC,2025-10-31,6.09,6.09,5.91,6.0,8000
VMC,2025-11-03,5.91,6.0,5.73,6.0,13814
VMC,2025-11-04,5.91,5.91,5.55,5.82,24453
VMC,2025-11-05,6.0,6.0,5.82,5.82,3306
VMC,2025-11-06,5.82,6.0,5.82,5.91,4080
VMC,2025-11-07,5.91,6.0,5.91,6.0,1244
VMC,2025-11-10,6.0,6.0,6.0,6.0,700
VMC,2025-11-11,6.0,6.0,5.73,6.0,4304
VMC,2025-11-12,5.91,6.09,5.91,6.0,10445
VMC,2025-11-13,6.0,6.0,5.91,6.0,13427
VMC,2025-11-14,6.0,6.09,5.91,6.09,8615
VMC,2025-11-17,6.2,6.2,6.1,6.2,821
VMC,2025-11-18,6.1,6.3,6.1,6.2,1320
VMC,2025-11-19,6.1,6.1,6.0,6.0,26330
VMC,2025-11-20,6.0,6.2,6.0,6.0,7786
VMC,2025-11-21,6.0,6.3,6.0,6.1,349
VMC,2025-11-24,6.0,6.1,6.0,6.1,701
VMC,2025-11-25,6.0,6.0,5.9,6.0,5408
VMC,2025-11-26,6.1,6.1,5.8,6.0,9819
VMC,2025-11-27,6.0,6.0,6.0,6.0,0
VMC,2025-11-28,6.0,6.0,6.0,6.0,100
VMC,2025-12-01,6.2,6.2,5.9,6.0,3000
VMC,2025-12-02,5.9,6.0,5.9,6.0,1900
VMC,2025-12-03,6.2,6.2,5.9,6.2,600
VMC,2025-12-04,6.2,6.2,6.2,6.2,1500
VMC,2025-12-05,6.3,6.3,6.2,6.2,200
VMC,2025-12-09,6.0,6.2,5.6,6.0,57700
VMC,2025-12-10,5.9,5.9,5.9,5.9,19400
VMC,2025-12-11,5.8,5.8,5.8,5.8,300
VMC,2025-12-12,5.8,6.0,5.8,6.0,5100
VMC,2025-12-16,6.1,6.1,5.9,6.1,1200
VMC,2025-12-17,5.8,6.1,5.8,5.9,15200
VMC,2025-12-18,6.0,6.0,6.0,6.0,100
VMC,2025-12-19,6.0,6.0,6.0,6.0,1000
VMC,2025-12-22,6.0,6.1,6.0,6.0,4800
VMC,2025-12-23,5.9,6.0,5.9,6.0,300
VMC,2025-12-25,6.0,6.0,5.9,6.0,500
VMC,2025-12-26,5.9,6.0,5.8,6.0,6200
VMC,2025-12-30,6.1,6.1,5.5,6.0,55500
VMC,2025-12-31,5.8,5.8,5.8,5.8,1000
VMA,2015-08-28,2.99,0.0,0.0,0.0,0
VMA,2015-08-31,2.99,0.0,0.0,0.0,0
VMA,2015-09-01,2.99,0.0,0.0,0.0,0
VMA,2015-09-03,2.99,0.0,0.0,0.0,0
VMA,2015-09-04,2.99,0.0,0.0,0.0,0
VMA,2015-09-07,2.99,0.0,0.0,0.0,0
VMA,2015-09-08,2.99,0.0,0.0,0.0,0
VMA,2015-09-09,2.99,0.0,0.0,0.0,0
VMA,2015-09-10,2.99,0.0,0.0,0.0,0
VMA,2015-09-11,2.32,2.32,2.32,2.32,100
VMA,2015-09-14,2.32,2.32,2.32,2.32,3782
VMA,2015-09-15,2.32,2.32,2.32,2.32,3294
VMA,2015-09-16,2.32,2.32,2.32,2.32,223
VMA,2015-09-17,2.32,2.32,2.32,2.32,0
VMA,2015-09-18,2.32,2.32,2.32,2.32,0
VMA,2015-09-21,2.32,2.32,2.32,2.32,0
VMA,2015-09-22,2.32,2.32,2.32,2.32,0
VMA,2015-09-23,2.32,2.32,2.32,2.32,0
VMA,2015-09-24,2.32,2.32,2.32,2.32,0
VMA,2015-09-25,2.32,2.32,2.32,2.32,0
VMA,2015-09-28,2.32,2.32,2.32,2.32,390
VMA,2015-09-29,2.32,2.32,2.32,2.32,0
VMA,2015-09-30,2.32,2.32,2.32,2.32,0
VMA,2015-10-01,2.32,2.32,2.32,2.32,0
VMA,2015-10-02,2.32,2.32,2.32,2.32,0
VMA,2015-10-05,2.32,2.32,2.32,2.32,0
VMA,2015-10-06,2.32,2.32,2.32,2.32,0
VMA,2015-10-07,2.32,2.32,2.32,2.32,0
VMA,2015-10-08,2.32,2.32,2.32,2.32,0
VMA,2015-10-09,2.32,2.32,2.32,2.32,0
VMA,2015-10-12,2.32,2.32,2.32,2.32,0
VMA,2015-10-13,2.32,2.32,2.32,2.32,0
VMA,2015-10-14,2.32,2.32,2.32,2.32,0
VMA,2015-10-15,2.32,2.32,2.32,2.32,0
VMA,2015-10-16,2.32,2.32,2.32,2.32,0
VMA,2015-10-19,2.32,2.32,2.32,2.32,32000
VMA,2015-10-20,2.32,2.32,2.32,2.32,0
VMA,2015-10-21,2.32,2.32,2.32,2.32,0
VMA,2015-10-22,2.32,2.32,2.32,2.32,0
VMA,2015-10-23,2.32,2.32,2.32,2.32,0
VMA,2015-10-26,2.32,2.32,2.32,2.32,0
VMA,2015-10-27,2.32,2.32,2.32,2.32,0
VMA,2015-10-28,2.32,2.32,2.32,2.32,0
VMA,2015-10-29,2.32,2.32,2.32,2.32,0
VMA,2015-10-30,2.32,2.32,2.32,2.32,0
VMA,2015-11-02,2.32,2.32,2.32,2.32,0
VMA,2015-11-03,2.32,2.32,2.32,2.32,1060
VMA,2015-11-04,2.32,2.32,2.32,2.32,0
VMA,2015-11-05,2.32,2.32,2.32,2.32,0
VMA,2015-11-06,2.32,2.32,2.32,2.32,0
VMA,2015-11-09,2.32,2.32,2.32,2.32,0
VMA,2015-11-10,2.32,2.32,2.32,2.32,3350
VMA,2015-11-11,2.32,2.32,2.32,2.32,0
VMA,2015-11-12,2.32,2.32,2.32,2.32,0
VMA,2015-11-13,2.32,2.32,2.32,2.32,0
VMA,2015-11-16,2.32,2.32,2.32,2.32,0
VMA,2015-11-17,2.32,2.32,2.32,2.32,2402
VMA,2015-11-18,2.32,2.32,2.32,2.32,0
VMA,2015-11-19,2.32,2.32,2.32,2.32,0
VMA,2015-11-20,2.32,2.32,2.32,2.32,0
VMA,2015-11-23,2.32,2.32,2.32,2.32,0
VMA,2015-11-24,2.32,2.32,2.32,2.32,0
VMA,2015-11-25,2.32,2.32,2.32,2.32,0
VMA,2015-11-26,2.32,2.32,2.32,2.32,0
VMA,2015-11-27,2.32,2.32,2.32,2.32,0
VMA,2015-11-30,2.32,2.32,2.32,2.32,0
VMA,2015-12-01,2.32,2.32,2.32,2.32,1173
VMA,2015-12-02,2.32,2.32,2.32,2.32,0
VMA,2015-12-03,2.32,2.32,2.32,2.32,0
VMA,2015-12-04,2.32,2.32,2.32,2.32,0
VMA,2015-12-07,2.32,2.32,2.32,2.32,1340
VMA,2015-12-08,2.32,2.32,2.32,2.32,0
VMA,2015-12-09,2.32,2.32,2.32,2.32,0
VMA,2015-12-10,2.32,2.32,2.32,2.32,0
VMA,2015-12-11,2.32,2.32,2.32,2.32,1117
VMA,2015-12-14,2.32,2.32,2.32,2.32,0
VMA,2015-12-15,2.32,2.32,2.32,2.32,0
VMA,2015-12-16,2.32,2.32,2.32,2.32,0
VMA,2015-12-17,2.32,2.32,2.32,2.32,0
VMA,2015-12-18,2.32,2.32,2.32,2.32,0
VMA,2015-12-21,2.32,2.32,2.32,2.32,0
VMA,2015-12-22,2.32,2.32,2.32,2.32,0
VMA,2015-12-23,2.32,2.32,2.32,2.32,0
VMA,2015-12-24,2.32,2.32,2.32,2.32,0
VMA,2015-12-25,2.32,2.32,2.32,2.32,0
VMA,2015-12-28,2.32,2.32,2.32,2.32,0
VMA,2015-12-29,2.32,2.32,2.32,2.32,0
VMA,2015-12-30,2.32,2.32,2.32,2.32,0
VMA,2015-12-31,2.32,2.32,2.32,2.32,0
VMA,2016-01-04,2.32,2.32,2.32,2.32,0
VMA,2016-01-05,2.32,2.32,2.32,2.32,0
VMA,2016-01-06,2.32,2.32,2.32,2.32,0
VMA,2016-01-07,2.32,2.32,2.32,2.32,0
VMA,2016-01-08,1.97,1.97,1.97,1.97,1117
VMA,2016-01-11,1.97,1.97,1.97,1.97,0
VMA,2016-01-12,1.97,1.97,1.97,1.97,0
VMA,2016-01-13,1.97,1.97,1.97,1.97,0
VMA,2016-01-14,1.97,1.97,1.97,1.97,0
VMA,2016-01-15,1.97,1.97,1.97,1.97,0
VMA,2016-01-18,1.97,1.97,1.97,1.97,0
VMA,2016-01-19,1.97,1.97,1.97,1.97,0
VMA,2016-01-20,1.97,1.97,1.97,1.97,0
VMA,2016-01-21,1.97,1.97,1.97,1.97,0
VMA,2016-01-22,1.97,1.97,1.97,1.97,0
VMA,2016-01-25,1.85,1.85,1.85,1.85,1061
VMA,2016-01-26,1.85,1.85,1.85,1.85,0
VMA,2016-01-27,1.85,1.85,1.85,1.85,0
VMA,2016-01-28,1.85,1.85,1.85,1.85,0
VMA,2016-01-29,1.85,1.85,1.85,1.85,0
VMA,2016-02-01,1.85,1.85,1.85,1.85,0
VMA,2016-02-02,1.85,1.85,1.85,1.85,0
VMA,2016-02-03,1.85,1.85,1.85,1.85,0
VMA,2016-02-04,1.85,1.85,1.85,1.85,0
VMA,2016-02-05,1.85,1.85,1.85,1.85,0
VMA,2016-02-15,1.85,1.85,1.85,1.85,0
VMA,2016-02-16,1.85,1.85,1.85,1.85,0
VMA,2016-02-17,1.85,1.85,1.85,1.85,0
VMA,2016-02-18,1.85,1.85,1.85,1.85,0
VMA,2016-02-19,1.85,1.85,1.85,1.85,0
VMA,2016-02-22,1.85,1.85,1.85,1.85,0
VMA,2016-02-23,1.85,1.85,1.85,1.85,0
VMA,2016-02-24,1.85,1.85,1.85,1.85,0
VMA,2016-02-25,1.67,1.69,1.67,1.69,19000
VMA,2016-02-26,1.69,1.69,1.69,1.69,0
VMA,2016-02-29,1.69,1.69,1.69,1.69,1117
VMA,2016-03-01,1.69,1.69,1.69,1.69,0
VMA,2016-03-02,1.69,1.69,1.69,1.69,0
VMA,2016-03-03,1.69,1.69,1.69,1.69,0
VMA,2016-03-04,1.69,1.69,1.69,1.69,0
VMA,2016-03-07,1.69,1.69,1.69,1.69,0
VMA,2016-03-08,1.69,1.69,1.69,1.69,0
VMA,2016-03-09,1.69,1.69,1.69,1.69,0
VMA,2016-03-10,1.69,1.69,1.69,1.69,0
VMA,2016-03-11,1.69,1.69,1.69,1.69,0
VMA,2016-03-14,1.69,1.69,1.69,1.69,0
VMA,2016-03-15,1.69,1.69,1.69,1.69,0
VMA,2016-03-16,1.69,1.69,1.69,1.69,0
VMA,2016-03-17,1.69,1.69,1.69,1.69,0
VMA,2016-03-18,1.69,1.69,1.69,1.69,0
VMA,2016-03-21,1.69,1.69,1.69,1.69,0
VMA,2016-03-22,1.71,1.71,1.71,1.71,1060
VMA,2016-03-23,1.71,1.71,1.71,1.71,0
VMA,2016-03-24,1.71,1.71,1.71,1.71,0
VMA,2016-03-25,1.97,1.97,1.97,1.97,949
VMA,2016-03-28,1.97,1.97,1.97,1.97,0
VMA,2016-03-29,1.97,1.97,1.97,1.97,0
VMA,2016-03-30,2.25,2.25,2.25,2.25,1664
VMA,2016-03-31,2.25,2.25,2.25,2.25,0
VMA,2016-04-01,2.25,2.25,2.25,2.25,0
VMA,2016-04-04,2.25,2.25,2.25,2.25,0
VMA,2016-04-05,2.25,2.25,2.25,2.25,0
VMA,2016-04-06,2.57,2.57,2.57,2.57,100
VMA,2016-04-07,2.57,2.57,2.57,2.57,0
VMA,2016-04-08,2.57,2.57,2.57,2.57,0
VMA,2016-04-11,2.57,2.57,2.57,2.57,0
VMA,2016-04-12,2.57,2.57,2.57,2.57,0
VMA,2016-04-13,2.57,2.57,2.57,2.57,0
VMA,2016-04-14,2.94,2.94,2.94,2.94,100
VMA,2016-04-15,2.94,2.94,2.94,2.94,0
VMA,2016-04-19,2.94,2.94,2.94,2.94,0
VMA,2016-04-20,2.94,2.94,2.94,2.94,0
VMA,2016-04-21,2.94,2.94,2.94,2.94,0
VMA,2016-04-22,2.94,2.94,2.94,2.94,0
VMA,2016-04-25,2.94,2.94,2.94,2.94,0
VMA,2016-04-26,2.94,2.94,2.94,2.94,0
VMA,2016-04-27,2.94,2.94,2.94,2.94,0
VMA,2016-04-28,2.94,2.94,2.94,2.94,0
VMA,2016-04-29,2.94,2.94,2.94,2.94,0
VMA,2016-05-04,3.01,3.01,3.01,3.01,726
VMA,2016-05-05,3.01,3.01,3.01,3.01,0
VMA,2016-05-06,3.01,3.01,3.01,3.01,0
VMA,2016-05-09,3.01,3.01,3.01,3.01,0
VMA,2016-05-10,3.01,3.01,3.01,3.01,0
VMA,2016-05-11,3.01,3.01,3.01,3.01,0
VMA,2016-05-12,3.13,3.13,3.13,3.13,1200
VMA,2016-05-13,3.13,3.13,3.13,3.13,0
VMA,2016-05-16,3.13,3.13,3.13,3.13,0
VMA,2016-05-17,3.13,3.13,3.13,3.13,0
VMA,2016-05-18,2.94,2.94,2.94,2.94,7483
VMA,2016-05-19,2.94,2.94,2.94,2.94,0
VMA,2016-05-20,2.78,2.78,2.78,2.78,1396
VMA,2016-05-23,2.78,2.78,2.78,2.78,949
VMA,2016-05-24,2.78,2.78,2.78,2.78,0
VMA,2016-05-25,2.78,2.78,2.78,2.78,726
VMA,2016-05-26,2.98,2.98,2.98,2.98,0
VMA,2016-05-27,2.98,2.98,2.98,2.98,0
VMA,2016-05-30,2.98,2.98,2.98,2.98,0
VMA,2016-05-31,2.98,2.98,2.98,2.98,0
VMA,2016-06-01,2.98,2.98,2.98,2.98,0
VMA,2016-06-02,2.98,2.98,2.98,2.98,0
VMA,2016-06-03,2.98,2.98,2.98,2.98,0
VMA,2016-06-06,2.98,2.98,2.98,2.98,0
VMA,2016-06-07,2.98,2.98,2.98,2.98,0
VMA,2016-06-08,2.98,2.98,2.98,2.98,0
VMA,2016-06-09,2.98,2.98,2.98,2.98,0
VMA,2016-06-10,2.98,2.98,2.98,2.98,0
VMA,2016-06-13,2.98,2.98,2.98,2.98,0
VMA,2016-06-14,2.98,2.98,2.98,2.98,0
VMA,2016-06-15,2.98,2.98,2.98,2.98,0
VMA,2016-06-16,2.98,2.98,2.98,2.98,0
VMA,2016-06-17,2.98,2.98,2.98,2.98,0
VMA,2016-06-20,2.98,2.98,2.98,2.98,0
VMA,2016-06-21,2.78,2.78,2.78,2.78,3462
VMA,2016-06-22,2.78,2.78,2.78,2.78,0
VMA,2016-06-23,2.78,2.78,2.78,2.78,0
VMA,2016-06-24,2.78,2.78,2.78,2.78,2401
VMA,2016-06-27,2.78,2.78,2.78,2.78,0
VMA,2016-06-28,2.78,2.78,2.78,2.78,0
VMA,2016-06-29,2.78,2.78,2.78,2.78,0
VMA,2016-06-30,2.78,2.78,2.78,2.78,0
VMA,2016-07-01,2.78,2.78,2.78,2.78,0
VMA,2016-07-04,3.18,3.18,3.18,3.18,838
VMA,2016-07-05,3.65,3.65,3.65,3.65,100
VMA,2016-07-06,3.65,3.65,3.65,3.65,0
VMA,2016-07-07,3.65,3.65,3.65,3.65,0
VMA,2016-07-08,3.47,3.47,3.45,3.47,5188
VMA,2016-07-11,3.5,3.5,3.5,3.5,1616
VMA,2016-07-12,3.5,3.5,3.5,3.5,0
VMA,2016-07-13,3.5,3.5,3.5,3.5,0
VMA,2016-07-14,3.5,3.5,3.5,3.5,0
VMA,2016-07-15,3.5,3.5,3.5,3.5,0
VMA,2016-07-18,3.5,3.5,3.5,3.5,5472
VMA,2016-07-19,3.5,3.5,3.5,3.5,0
VMA,2016-07-20,3.5,3.5,3.5,3.5,0
VMA,2016-07-21,3.47,3.47,3.47,3.47,6974
VMA,2016-07-22,3.47,3.47,3.47,3.47,0
VMA,2016-07-25,3.47,3.47,3.47,3.47,0
VMA,2016-07-26,3.47,3.47,3.47,3.47,0
VMA,2016-07-27,3.5,3.5,3.5,3.5,4651
VMA,2016-07-28,3.5,3.5,3.5,3.5,0
VMA,2016-07-29,3.5,3.5,3.5,3.5,0
VMA,2016-08-01,3.5,3.5,3.5,3.5,0
VMA,2016-08-02,3.5,3.5,3.5,3.5,0
VMA,2016-08-03,3.37,3.37,3.37,3.37,598
VMA,2016-08-04,3.37,3.37,3.37,3.37,0
VMA,2016-08-05,3.5,3.5,3.5,3.5,5000
VMA,2016-08-08,3.5,3.5,3.5,3.5,1173
VMA,2016-08-09,3.5,3.5,3.5,3.5,0
VMA,2016-08-10,3.47,3.47,3.47,3.47,3419
VMA,2016-08-11,3.47,3.47,3.47,3.47,0
VMA,2016-08-12,3.47,3.47,3.47,3.47,0
VMA,2016-08-15,3.35,3.35,3.35,3.35,223
VMA,2016-08-16,3.35,3.35,3.35,3.35,0
VMA,2016-08-17,3.35,3.35,3.35,3.35,0
VMA,2016-08-18,3.35,3.35,3.35,3.35,0
VMA,2016-08-19,3.35,3.35,3.35,3.35,0
VMA,2016-08-22,3.35,3.35,3.35,3.35,0
VMA,2016-08-23,3.35,3.35,3.35,3.35,0
VMA,2016-08-24,3.35,3.35,3.35,3.35,2000
VMA,2016-08-25,3.35,3.35,3.35,3.35,10
VMA,2016-08-26,3.35,3.35,3.35,3.35,0
VMA,2016-08-29,3.35,3.35,3.35,3.35,0
VMA,2016-08-30,3.35,3.35,3.35,3.35,0
VMA,2016-08-31,3.35,3.35,3.35,3.35,0
VMA,2016-09-01,3.35,3.35,3.35,3.35,0
VMA,2016-09-05,3.35,3.35,3.35,3.35,0
VMA,2016-09-06,3.35,3.35,3.35,3.35,0
VMA,2016-09-07,3.35,3.35,3.35,3.35,2122
VMA,2016-09-08,3.35,3.35,3.35,3.35,0
VMA,2016-09-09,3.35,3.35,3.35,3.35,0
VMA,2016-09-12,3.35,3.35,3.35,3.35,0
VMA,2016-09-13,3.35,3.35,3.35,3.35,0
VMA,2016-09-14,3.35,3.35,3.35,3.35,0
VMA,2016-09-15,3.35,3.35,3.35,3.35,0
VMA,2016-09-16,3.35,3.35,3.35,3.35,0
VMA,2016-09-19,3.35,3.35,3.35,3.35,0
VMA,2016-09-20,3.35,3.35,3.35,3.35,0
VMA,2016-09-21,3.23,3.35,3.23,3.35,3003
VMA,2016-09-22,3.35,3.35,3.35,3.35,0
VMA,2016-09-23,3.35,3.35,3.35,3.35,0
VMA,2016-09-26,3.35,3.35,3.35,3.35,0
VMA,2016-09-27,3.35,3.35,3.35,3.35,0
VMA,2016-09-28,3.35,3.35,3.35,3.35,0
VMA,2016-09-29,3.35,3.35,3.35,3.35,0
VMA,2016-09-30,3.35,3.35,3.35,3.35,0
VMA,2016-10-03,3.35,3.35,3.35,3.35,0
VMA,2016-10-04,3.35,3.35,3.35,3.35,0
VMA,2016-10-05,3.35,3.35,3.35,3.35,0
VMA,2016-10-06,3.35,3.35,3.35,3.35,0
VMA,2016-10-07,3.35,3.35,3.35,3.35,0
VMA,2016-10-10,3.35,3.35,3.35,3.35,0
VMA,2016-10-11,3.35,3.35,3.35,3.35,0
VMA,2016-10-12,3.35,3.35,3.35,3.35,0
VMA,2016-10-13,3.35,3.35,3.35,3.35,0
VMA,2016-10-14,3.35,3.35,3.35,3.35,0
VMA,2016-10-17,3.35,3.35,3.35,3.35,0
VMA,2016-10-18,3.35,3.35,3.35,3.35,0
VMA,2016-10-19,3.35,3.35,3.35,3.35,0
VMA,2016-10-20,3.35,3.35,3.35,3.35,0
VMA,2016-10-21,3.23,3.23,3.23,3.23,168
VMA,2016-10-24,3.23,3.23,3.23,3.23,0
VMA,2016-10-25,3.23,3.23,3.23,3.23,0
VMA,2016-10-26,3.23,3.23,3.23,3.23,0
VMA,2016-10-27,3.23,3.23,3.23,3.23,0
VMA,2016-10-28,3.23,3.23,3.23,3.23,0
VMA,2016-10-31,3.47,3.47,3.47,3.47,2847
VMA,2016-11-01,3.47,3.47,3.47,3.47,0
VMA,2016-11-02,3.47,3.47,3.47,3.47,0
VMA,2016-11-03,3.47,3.47,3.47,3.47,0
VMA,2016-11-04,3.47,3.47,3.47,3.47,0
VMA,2016-11-07,3.47,3.47,3.47,3.47,0
VMA,2016-11-08,3.47,3.47,3.47,3.47,0
VMA,2016-11-09,3.47,3.47,3.47,3.47,0
VMA,2016-11-10,3.47,3.47,3.47,3.47,0
VMA,2016-11-11,3.47,3.47,3.47,3.47,6700
VMA,2016-11-14,3.47,3.47,3.47,3.47,0
VMA,2016-11-15,3.47,3.47,3.47,3.47,4245
VMA,2016-11-16,3.47,3.47,3.47,3.47,0
VMA,2016-11-17,3.47,3.47,3.47,3.47,0
VMA,2016-11-18,3.47,3.47,3.47,3.47,0
VMA,2016-11-21,3.47,3.47,3.47,3.47,1300
VMA,2016-11-22,3.47,3.47,3.47,3.47,0
VMA,2016-11-23,3.47,3.47,3.47,3.47,0
VMA,2016-11-24,3.47,3.47,3.47,3.47,96
VMA,2016-11-25,3.47,3.47,3.47,3.47,0
VMA,2016-11-28,3.47,3.47,3.47,3.47,0
VMA,2016-11-29,3.47,3.47,3.47,3.47,0
VMA,2016-11-30,3.47,3.47,3.47,3.47,0
VMA,2016-12-01,3.47,3.47,3.47,3.47,24177
VMA,2016-12-02,3.47,3.47,3.47,3.47,0
VMA,2016-12-05,3.47,3.47,3.47,3.47,4969
VMA,2016-12-06,3.47,3.47,3.47,3.47,0
VMA,2016-12-07,3.47,3.47,3.47,3.47,0
VMA,2016-12-08,3.47,3.47,3.47,3.47,0
VMA,2016-12-09,3.47,3.47,3.47,3.47,0
VMA,2016-12-12,3.47,3.47,3.47,3.47,0
VMA,2016-12-13,3.47,3.47,3.47,3.47,0
VMA,2016-12-14,3.47,3.47,3.47,3.47,0
VMA,2016-12-15,3.47,3.47,3.47,3.47,0
VMA,2016-12-16,3.47,3.47,3.47,3.47,0
VMA,2016-12-19,3.03,3.03,3.03,3.03,100
VMA,2016-12-20,3.47,3.47,3.47,3.47,12004
VMA,2016-12-21,3.47,3.47,3.47,3.47,0
VMA,2016-12-22,3.47,3.47,3.47,3.47,0
VMA,2016-12-23,3.47,3.47,3.47,3.47,9996
VMA,2016-12-26,3.03,3.03,3.03,3.03,100
VMA,2016-12-27,3.03,3.03,3.03,3.03,3239
VMA,2016-12-28,3.47,3.47,3.47,3.47,12066
VMA,2016-12-29,3.47,3.47,3.47,3.47,2500
VMA,2016-12-30,3.47,3.47,3.47,3.47,124
VMA,2017-01-03,3.47,3.47,3.47,3.47,0
VMA,2017-01-04,3.47,3.47,3.47,3.47,0
VMA,2017-01-05,3.47,3.47,3.47,3.47,0
VMA,2017-01-06,3.47,3.47,3.47,3.47,0
VMA,2017-01-09,3.47,3.47,3.47,3.47,0
VMA,2017-01-10,3.47,3.47,3.47,3.47,0
VMA,2017-01-11,3.47,3.47,3.47,3.47,0
VMA,2017-01-12,3.47,3.47,3.47,3.47,0
VMA,2017-01-13,3.47,3.47,3.47,3.47,8599
VMA,2017-01-16,3.47,3.47,3.47,3.47,0
VMA,2017-01-17,3.47,3.47,3.47,3.47,0
VMA,2017-01-18,3.47,3.47,3.47,3.47,0
VMA,2017-01-19,3.47,3.47,3.47,3.47,13847
VMA,2017-01-20,3.47,3.47,3.47,3.47,0
VMA,2017-01-23,3.47,3.47,3.47,3.47,0
VMA,2017-01-24,3.47,3.47,3.47,3.47,0
VMA,2017-01-25,3.47,3.47,3.47,3.47,0
VMA,2017-02-02,3.47,3.47,3.47,3.47,0
VMA,2017-02-03,3.47,3.47,3.47,3.47,0
VMA,2017-02-06,3.52,3.52,3.52,3.52,2700
VMA,2017-02-07,3.52,3.52,3.52,3.52,0
VMA,2017-02-08,3.52,3.52,3.52,3.52,0
VMA,2017-02-09,3.52,3.52,3.52,3.52,0
VMA,2017-02-10,3.52,3.52,3.52,3.52,0
VMA,2017-02-13,3.52,3.52,3.52,3.52,0
VMA,2017-02-14,3.52,3.52,3.52,3.52,0
VMA,2017-02-15,3.52,3.52,3.52,3.52,0
VMA,2017-02-16,3.52,3.52,3.52,3.52,0
VMA,2017-02-17,3.52,3.52,3.52,3.52,0
VMA,2017-02-20,3.52,3.52,3.52,3.52,0
VMA,2017-02-21,3.52,3.52,3.52,3.52,0
VMA,2017-02-22,3.52,3.52,3.52,3.52,0
VMA,2017-02-23,3.52,3.52,3.52,3.52,0
VMA,2017-02-24,3.52,3.52,3.52,3.52,0
VMA,2017-02-27,3.52,3.52,3.52,3.52,0
VMA,2017-02-28,3.52,3.52,3.52,3.52,0
VMA,2017-03-01,3.52,3.52,3.52,3.52,0
VMA,2017-03-02,3.52,3.52,3.52,3.52,0
VMA,2017-03-03,3.52,3.52,3.52,3.52,0
VMA,2017-03-06,3.52,3.52,3.52,3.52,0
VMA,2017-03-07,3.52,3.52,3.52,3.52,0
VMA,2017-03-08,3.52,3.52,3.52,3.52,3574
VMA,2017-03-09,3.52,3.52,3.52,3.52,0
VMA,2017-03-10,3.52,3.52,3.52,3.52,1060
VMA,2017-03-13,3.47,3.47,3.47,3.47,391
VMA,2017-03-14,3.47,3.47,3.47,3.47,0
VMA,2017-03-15,3.72,3.72,3.72,3.72,100
VMA,2017-03-16,3.72,3.72,3.72,3.72,0
VMA,2017-03-17,4.27,4.27,4.27,4.27,100
VMA,2017-03-20,4.27,4.27,4.27,4.27,0
VMA,2017-03-21,4.47,4.47,4.47,4.47,100
VMA,2017-03-22,4.47,4.47,4.47,4.47,726
VMA,2017-03-23,4.47,4.47,4.47,4.47,0
VMA,2017-03-24,3.8,3.8,3.8,3.8,100
VMA,2017-03-27,3.25,3.47,3.25,3.47,1328
VMA,2017-03-28,3.45,3.45,3.45,3.45,0
VMA,2017-03-29,3.47,3.47,3.47,3.47,937
VMA,2017-03-30,3.47,3.47,3.47,3.47,0
VMA,2017-03-31,3.47,3.47,3.47,3.47,0
VMA,2017-04-03,3.47,3.47,3.47,3.47,0
VMA,2017-04-04,3.97,3.97,3.97,3.97,291000
VMA,2017-04-05,3.47,3.47,3.47,3.47,200
VMA,2017-04-07,3.97,3.97,3.97,3.97,1117
VMA,2017-04-10,3.97,3.97,3.97,3.97,0
VMA,2017-04-11,3.97,3.97,3.97,3.97,0
VMA,2017-04-12,3.97,3.97,3.97,3.97,0
VMA,2017-04-13,3.97,3.97,3.97,3.97,0
VMA,2017-04-14,3.97,3.97,3.97,3.97,0
VMA,2017-04-17,3.97,3.97,3.97,3.97,0
VMA,2017-04-18,3.97,3.97,3.97,3.97,0
VMA,2017-04-19,3.97,3.97,3.97,3.97,0
VMA,2017-04-20,3.97,3.97,3.97,3.97,0
VMA,2017-04-21,3.97,3.97,3.97,3.97,0
VMA,2017-04-24,3.97,3.97,3.97,3.97,0
VMA,2017-04-25,3.97,3.97,3.97,3.97,0
VMA,2017-04-26,3.97,3.97,3.97,3.97,0
VMA,2017-04-27,3.97,3.97,3.97,3.97,0
VMA,2017-04-28,3.97,3.97,3.97,3.97,0
VMA,2017-05-03,3.97,3.97,3.97,3.97,0
VMA,2017-05-04,3.37,3.37,3.37,3.37,1396
VMA,2017-05-05,3.87,3.87,3.87,3.87,7750
VMA,2017-05-08,3.87,3.87,3.87,3.87,0
VMA,2017-05-09,3.87,3.87,3.87,3.87,0
VMA,2017-05-10,3.87,3.87,3.87,3.87,0
VMA,2017-05-11,3.87,3.87,3.87,3.87,0
VMA,2017-05-12,3.87,3.87,3.87,3.87,0
VMA,2017-05-15,3.87,3.87,3.87,3.87,0
VMA,2017-05-16,3.87,3.87,3.87,3.87,0
VMA,2017-05-17,3.87,3.87,3.87,3.87,0
VMA,2017-05-18,3.87,3.87,3.87,3.87,0
VMA,2017-05-19,3.87,3.87,3.87,3.87,0
VMA,2017-05-22,3.3,3.3,3.3,3.3,3000
VMA,2017-05-23,2.82,2.82,2.82,2.82,13800
VMA,2017-05-24,2.82,2.82,2.82,2.82,0
VMA,2017-05-25,2.82,2.82,2.82,2.82,0
VMA,2017-05-26,2.43,2.43,2.43,2.43,12201
VMA,2017-05-29,2.43,2.43,2.43,2.43,0
VMA,2017-05-30,2.43,2.43,2.43,2.43,0
VMA,2017-05-31,2.43,2.43,2.43,2.43,0
VMA,2017-06-01,2.43,2.43,2.43,2.43,0
VMA,2017-06-02,2.43,2.43,2.43,2.43,0
VMA,2017-06-05,2.09,2.09,2.09,2.09,3574
VMA,2017-06-06,2.09,2.09,2.09,2.09,0
VMA,2017-06-07,2.09,2.09,2.09,2.09,0
VMA,2017-06-08,2.09,2.09,2.09,2.09,0
VMA,2017-06-09,2.09,2.09,2.09,2.09,0
VMA,2017-06-12,2.09,2.09,2.09,2.09,0
VMA,2017-06-13,1.78,1.78,1.78,1.78,100
VMA,2017-06-14,1.78,1.78,1.78,1.78,0
VMA,2017-06-15,1.65,1.65,1.65,1.65,2500
VMA,2017-06-16,1.57,1.57,1.57,1.57,31564
VMA,2017-06-19,1.57,1.57,1.57,1.57,0
VMA,2017-06-20,1.57,1.8,1.57,1.8,4009
VMA,2017-06-21,1.83,1.83,1.83,1.83,17311
VMA,2017-06-22,2.09,2.09,2.09,2.09,3182
VMA,2017-06-23,2.41,2.41,2.41,2.41,12447
VMA,2017-06-26,2.41,2.41,2.41,2.41,0
VMA,2017-06-27,2.41,2.41,2.41,2.41,0
VMA,2017-06-28,2.41,2.41,2.41,2.41,0
VMA,2017-06-29,2.41,2.41,2.41,2.41,0
VMA,2017-06-30,2.41,2.41,2.41,2.41,0
VMA,2017-07-03,2.75,2.75,2.75,2.75,1000
VMA,2017-07-04,3.14,3.14,3.14,3.14,4914
VMA,2017-07-05,3.14,3.14,3.14,3.14,0
VMA,2017-07-06,2.67,2.67,2.67,2.67,335
VMA,2017-07-07,2.67,2.67,2.67,2.67,0
VMA,2017-07-10,2.67,2.67,2.67,2.67,0
VMA,2017-07-11,2.67,2.67,2.67,2.67,4000
VMA,2017-07-12,2.67,2.67,2.67,2.67,0
VMA,2017-07-13,2.67,2.67,2.67,2.67,0
VMA,2017-07-14,2.67,2.67,2.67,2.67,0
VMA,2017-07-17,2.67,2.67,2.67,2.67,6087
VMA,2017-07-18,2.67,2.67,2.67,2.67,0
VMA,2017-07-19,2.67,2.67,2.67,2.67,0
VMA,2017-07-20,2.67,2.67,2.67,2.67,0
VMA,2017-07-21,2.67,2.67,2.67,2.67,1787
VMA,2017-07-24,2.67,2.67,2.67,2.67,0
VMA,2017-07-25,2.67,2.67,2.67,2.67,0
VMA,2017-07-26,2.67,2.67,2.67,2.67,0
VMA,2017-07-27,2.67,2.67,2.67,2.67,0
VMA,2017-07-28,2.67,2.67,2.67,2.67,0
VMA,2017-07-31,2.67,2.67,2.67,2.67,0
VMA,2017-08-01,2.67,2.67,2.67,2.67,0
VMA,2017-08-02,3.06,3.06,3.06,3.06,4970
VMA,2017-08-03,3.06,3.06,3.06,3.06,0
VMA,2017-08-04,3.06,3.06,3.06,3.06,0
VMA,2017-08-07,3.06,3.06,3.06,3.06,0
VMA,2017-08-08,3.06,3.06,3.06,3.06,0
VMA,2017-08-09,3.06,3.06,3.06,3.06,0
VMA,2017-08-10,3.06,3.06,3.06,3.06,0
VMA,2017-08-11,3.06,3.06,3.06,3.06,0
VMA,2017-08-14,3.06,3.06,3.06,3.06,0
VMA,2017-08-15,3.06,3.06,3.06,3.06,0
VMA,2017-08-16,3.5,3.5,3.5,3.5,1120
VMA,2017-08-17,3.5,3.5,3.5,3.5,0
VMA,2017-08-18,3.5,3.5,3.5,3.5,0
VMA,2017-08-21,4.03,4.03,4.03,4.03,1005
VMA,2017-08-22,4.03,4.03,4.03,4.03,0
VMA,2017-08-23,4.03,4.03,4.03,4.03,0
VMA,2017-08-24,4.21,4.21,4.21,4.21,2010
VMA,2017-08-25,4.21,4.21,4.21,4.21,0
VMA,2017-08-28,4.21,4.21,4.21,4.21,0
VMA,2017-08-29,4.21,4.21,4.21,4.21,0
VMA,2017-08-30,4.21,4.21,4.21,4.21,0
VMA,2017-08-31,4.21,4.21,4.21,4.21,0
VMA,2017-09-01,4.21,4.21,4.21,4.21,0
VMA,2017-09-05,4.21,4.21,4.21,4.21,0
VMA,2017-09-06,4.21,4.21,4.21,4.21,0
VMA,2017-09-07,4.21,4.21,4.21,4.21,0
VMA,2017-09-08,4.21,4.21,4.21,4.21,0
VMA,2017-09-11,4.21,4.21,4.21,4.21,0
VMA,2017-09-12,4.21,4.21,4.21,4.21,0
VMA,2017-09-13,4.21,4.21,4.21,4.21,0
VMA,2017-09-14,4.21,4.21,4.21,4.21,0
VMA,2017-09-15,4.21,4.21,4.21,4.21,0
VMA,2017-09-18,4.21,4.21,4.21,4.21,0
VMA,2017-09-19,4.21,4.21,4.21,4.21,0
VMA,2017-09-20,4.21,4.21,4.21,4.21,0
VMA,2017-09-21,4.21,4.21,4.21,4.21,0
VMA,2017-09-22,4.21,4.21,4.21,4.21,0
VMA,2017-09-25,4.21,4.21,4.21,4.21,0
VMA,2017-09-26,4.21,4.21,4.21,4.21,0
VMA,2017-09-27,4.21,4.21,4.21,4.21,0
VMA,2017-09-28,4.21,4.21,4.21,4.21,0
VMA,2017-09-29,4.21,4.21,4.21,4.21,0
VMA,2017-10-02,4.21,4.21,4.21,4.21,0
VMA,2017-10-03,4.21,4.21,4.21,4.21,0
VMA,2017-10-04,4.21,4.21,4.21,4.21,0
VMA,2017-10-05,4.21,4.21,4.21,4.21,0
VMA,2017-10-06,4.21,4.21,4.21,4.21,0
VMA,2017-10-09,4.21,4.21,4.21,4.21,0
VMA,2017-10-10,4.21,4.21,4.21,4.21,0
VMA,2017-10-11,4.21,4.21,4.21,4.21,0
VMA,2017-10-12,4.21,4.21,4.21,4.21,0
VMA,2017-10-13,4.21,4.21,4.21,4.21,0
VMA,2017-10-16,4.21,4.21,4.21,4.21,0
VMA,2017-10-17,4.21,4.21,4.21,4.21,0
VMA,2017-10-18,4.21,4.21,4.21,4.21,0
VMA,2017-10-19,4.21,4.21,4.21,4.21,0
VMA,2017-10-20,4.21,4.21,4.21,4.21,0
VMA,2017-10-23,4.21,4.21,4.21,4.21,0
VMA,2017-10-24,4.21,4.21,4.21,4.21,0
VMA,2017-10-25,4.21,4.21,4.21,4.21,0
VMA,2017-10-26,4.21,4.21,4.21,4.21,0
VMA,2017-10-27,4.21,4.21,4.21,4.21,0
VMA,2017-10-30,4.21,4.21,4.21,4.21,0
VMA,2017-10-31,4.21,4.21,4.21,4.21,0
VMA,2017-11-01,4.21,4.21,4.21,4.21,0
VMA,2017-11-02,4.21,4.21,4.21,4.21,0
VMA,2017-11-03,4.21,4.21,4.21,4.21,0
VMA,2017-11-06,4.21,4.21,4.21,4.21,0
VMA,2017-11-07,4.21,4.21,4.21,4.21,0
VMA,2017-11-08,4.21,4.21,4.21,4.21,0
VMA,2017-11-09,4.21,4.21,4.21,4.21,0
VMA,2017-11-10,4.21,4.21,4.21,4.21,0
VMA,2017-11-13,4.21,4.21,4.21,4.21,0
VMA,2017-11-14,4.21,4.21,4.21,4.21,0
VMA,2017-11-15,4.21,4.21,4.21,4.21,0
VMA,2017-11-16,4.21,4.21,4.21,4.21,0
VMA,2017-11-17,4.21,4.21,4.21,4.21,0
VMA,2017-11-20,4.21,4.21,4.21,4.21,0
VMA,2017-11-21,4.21,4.21,4.21,4.21,0
VMA,2017-11-22,4.21,4.21,4.21,4.21,0
VMA,2017-11-23,4.21,4.21,4.21,4.21,0
VMA,2017-11-24,4.21,4.21,4.21,4.21,0
VMA,2017-11-27,4.21,4.21,4.21,4.21,0
VMA,2017-11-28,4.21,4.21,4.21,4.21,0
VMA,2017-11-29,4.21,4.21,4.21,4.21,0
VMA,2017-11-30,4.21,4.21,4.21,4.21,0
VMA,2017-12-01,4.21,4.21,4.21,4.21,0
VMA,2017-12-04,4.21,4.21,4.21,4.21,0
VMA,2017-12-05,4.21,4.21,4.21,4.21,0
VMA,2017-12-06,4.21,4.21,4.21,4.21,0
VMA,2017-12-07,4.21,4.21,4.21,4.21,0
VMA,2017-12-08,4.21,4.21,4.21,4.21,0
VMA,2017-12-11,4.21,4.21,4.21,4.21,0
VMA,2017-12-12,4.21,4.21,4.21,4.21,0
VMA,2017-12-13,4.21,4.21,4.21,4.21,0
VMA,2017-12-14,4.21,4.21,4.21,4.21,0
VMA,2017-12-15,4.21,4.21,4.21,4.21,0
VMA,2017-12-18,4.21,4.21,4.21,4.21,0
VMA,2017-12-19,4.21,4.21,4.21,4.21,0
VMA,2017-12-20,4.21,4.21,4.21,4.21,0
VMA,2017-12-21,4.21,4.21,4.21,4.21,0
VMA,2017-12-22,4.21,4.21,4.21,4.21,0
VMA,2017-12-25,4.21,4.21,4.21,4.21,0
VMA,2017-12-26,4.21,4.21,4.21,4.21,0
VMA,2017-12-27,4.21,4.21,4.21,4.21,0
VMA,2017-12-28,4.21,4.21,4.21,4.21,0
VMA,2017-12-29,4.21,4.21,4.21,4.21,0
VMA,2018-01-02,4.21,4.21,4.21,4.21,0
VMA,2018-01-03,4.21,4.21,4.21,4.21,0
VMA,2018-01-04,4.21,4.21,4.21,4.21,0
VMA,2018-01-05,4.21,4.21,4.21,4.21,0
VMA,2018-01-08,4.21,4.21,4.21,4.21,0
VMA,2018-01-09,4.21,4.21,4.21,4.21,0
VMA,2018-01-10,4.21,4.21,4.21,4.21,0
VMA,2018-01-11,4.21,4.21,4.21,4.21,0
VMA,2018-01-12,4.21,4.21,4.21,4.21,0
VMA,2018-01-15,4.21,4.21,4.21,4.21,0
VMA,2018-01-16,4.21,4.21,4.21,4.21,0
VMA,2018-01-17,4.21,4.21,4.21,4.21,0
VMA,2018-01-18,4.21,4.21,4.21,4.21,0
VMA,2018-01-19,4.21,4.21,4.21,4.21,0
VMA,2018-01-22,4.21,4.21,4.21,4.21,0
VMA,2018-01-23,4.21,4.21,4.21,4.21,0
VMA,2018-01-24,4.21,4.21,4.21,4.21,0
VMA,2018-01-25,4.21,4.21,4.21,4.21,0
VMA,2018-01-26,4.21,4.21,4.21,4.21,0
VMA,2018-01-29,4.21,4.21,4.21,4.21,0
VMA,2018-01-30,4.21,4.21,4.21,4.21,0
VMA,2018-01-31,4.21,4.21,4.21,4.21,0
VMA,2018-02-01,4.21,4.21,4.21,4.21,0
VMA,2018-02-02,4.21,4.21,4.21,4.21,0
VMA,2018-02-05,4.21,4.21,4.21,4.21,0
VMA,2018-02-06,4.21,4.21,4.21,4.21,0
VMA,2018-02-07,4.21,4.21,4.21,4.21,0
VMA,2018-02-08,4.21,4.21,4.21,4.21,0
VMA,2018-02-09,4.21,4.21,4.21,4.21,0
VMA,2018-02-12,4.21,4.21,4.21,4.21,0
VMA,2018-02-13,4.21,4.21,4.21,4.21,0
VMA,2018-02-21,4.21,4.21,4.21,4.21,0
VMA,2018-02-22,4.21,4.21,4.21,4.21,0
VMA,2018-02-23,4.21,4.21,4.21,4.21,0
VMA,2018-02-26,4.21,4.21,4.21,4.21,0
VMA,2018-02-27,4.21,4.21,4.21,4.21,0
VMA,2018-02-28,4.21,4.21,4.21,4.21,0
VMA,2018-03-01,4.21,4.21,4.21,4.21,0
VMA,2018-03-02,4.21,4.21,4.21,4.21,0
VMA,2018-03-05,4.21,4.21,4.21,4.21,0
VMA,2018-03-06,4.21,4.21,4.21,4.21,0
VMA,2018-03-07,4.21,4.21,4.21,4.21,0
VMA,2018-03-08,4.21,4.21,4.21,4.21,0
VMA,2018-03-09,4.21,4.21,4.21,4.21,0
VMA,2018-03-12,4.21,4.21,4.21,4.21,0
VMA,2018-03-13,3.14,3.14,3.14,3.14,1100
VMA,2018-03-14,3.14,3.14,3.14,3.14,72
VMA,2018-03-15,3.14,3.14,3.14,3.14,0
VMA,2018-03-16,3.14,3.14,3.14,3.14,0
VMA,2018-03-19,3.14,3.14,3.14,3.14,0
VMA,2018-03-20,3.14,3.14,3.14,3.14,0
VMA,2018-03-21,3.14,3.14,3.14,3.14,0
VMA,2018-03-22,3.16,3.16,3.16,3.16,1000
VMA,2018-03-23,3.16,3.16,3.16,3.16,0
VMA,2018-03-26,3.16,3.16,3.16,3.16,0
VMA,2018-03-27,3.22,3.22,3.22,3.22,1000
VMA,2018-03-28,3.22,3.22,3.22,3.22,0
VMA,2018-03-29,3.22,3.22,3.22,3.22,0
VMA,2018-03-30,3.22,3.22,3.22,3.22,0
VMA,2018-04-02,3.22,3.22,3.22,3.22,0
VMA,2018-04-03,3.22,3.22,3.22,3.22,0
VMA,2018-04-04,3.22,3.22,3.22,3.22,0
VMA,2018-04-05,3.22,3.22,3.22,3.22,0
VMA,2018-04-06,3.22,3.22,3.22,3.22,0
VMA,2018-04-09,3.22,3.22,3.22,3.22,0
VMA,2018-04-10,3.22,3.22,3.22,3.22,0
VMA,2018-04-11,3.22,3.22,3.22,3.22,0
VMA,2018-04-12,3.22,3.22,3.22,3.22,0
VMA,2018-04-13,3.22,3.22,3.22,3.22,0
VMA,2018-04-16,3.22,3.22,3.22,3.22,0
VMA,2018-04-17,3.22,3.22,3.22,3.22,0
VMA,2018-04-18,3.16,3.16,3.16,3.16,1842
VMA,2018-04-19,3.16,3.16,3.16,3.16,0
VMA,2018-04-20,3.16,3.16,3.16,3.16,0
VMA,2018-04-23,3.16,3.16,3.16,3.16,0
VMA,2018-04-24,3.16,3.16,3.16,3.16,0
VMA,2018-04-26,3.16,3.16,3.16,3.16,0
VMA,2018-04-27,3.16,3.16,3.16,3.16,0
VMA,2018-05-02,3.16,3.16,3.16,3.16,0
VMA,2018-05-03,3.16,3.16,3.16,3.16,0
VMA,2018-05-04,3.16,3.16,3.16,3.16,0
VMA,2018-05-07,3.16,3.16,3.16,3.16,0
VMA,2018-05-08,3.16,3.16,3.16,3.16,0
VMA,2018-05-09,3.16,3.16,3.16,3.16,0
VMA,2018-05-10,3.16,3.16,3.16,3.16,0
VMA,2018-05-11,3.16,3.16,3.16,3.16,0
VMA,2018-05-14,3.16,3.16,3.16,3.16,0
VMA,2018-05-15,3.16,3.16,3.16,3.16,0
VMA,2018-05-16,3.16,3.16,3.16,3.16,0
VMA,2018-05-17,3.16,3.16,3.16,3.16,0
VMA,2018-05-18,3.16,3.16,3.16,3.16,0
VMA,2018-05-21,3.16,3.16,3.16,3.16,0
VMA,2018-05-22,3.16,3.16,3.16,3.16,0
VMA,2018-05-23,3.16,3.16,3.16,3.16,0
VMA,2018-05-24,3.16,3.16,3.16,3.16,0
VMA,2018-05-25,3.16,3.16,3.16,3.16,0
VMA,2018-05-28,3.16,3.16,3.16,3.16,0
VMA,2018-05-29,3.16,3.16,3.16,3.16,0
VMA,2018-05-30,3.16,3.16,3.16,3.16,0
VMA,2018-05-31,3.16,3.16,3.16,3.16,0
VMA,2018-06-01,3.16,3.16,3.16,3.16,0
VMA,2018-06-04,3.16,3.16,3.16,3.16,0
VMA,2018-06-05,3.16,3.16,3.16,3.16,0
VMA,2018-06-06,3.16,3.16,3.16,3.16,0
VMA,2018-06-07,3.16,3.16,3.16,3.16,0
VMA,2018-06-08,3.16,3.16,3.16,3.16,0
VMA,2018-06-11,3.16,3.16,3.16,3.16,0
VMA,2018-06-12,3.16,3.16,3.16,3.16,0
VMA,2018-06-13,3.16,3.16,3.16,3.16,0
VMA,2018-06-14,3.16,3.16,3.16,3.16,0
VMA,2018-06-15,3.16,3.16,3.16,3.16,0
VMA,2018-06-18,3.16,3.16,3.16,3.16,0
VMA,2018-06-19,3.16,3.16,3.16,3.16,0
VMA,2018-06-20,3.16,3.16,3.16,3.16,0
VMA,2018-06-21,3.16,3.16,3.16,3.16,0
VMA,2018-06-22,3.16,3.16,3.16,3.16,0
VMA,2018-06-25,3.16,3.16,3.16,3.16,0
VMA,2018-06-26,3.16,3.16,3.16,3.16,0
VMA,2018-06-27,3.16,3.16,3.16,3.16,0
VMA,2018-06-28,3.16,3.16,3.16,3.16,0
VMA,2018-06-29,3.16,3.16,3.16,3.16,0
VMA,2018-07-02,3.16,3.16,3.16,3.16,0
VMA,2018-07-03,3.16,3.16,3.16,3.16,0
VMA,2018-07-04,3.16,3.16,3.16,3.16,0
VMA,2018-07-05,3.16,3.16,3.16,3.16,0
VMA,2018-07-06,3.16,3.16,3.16,3.16,0
VMA,2018-07-09,3.16,3.16,3.16,3.16,0
VMA,2018-07-10,3.16,3.16,3.16,3.16,0
VMA,2018-07-11,3.16,3.16,3.16,3.16,0
VMA,2018-07-12,3.16,3.16,3.16,3.16,0
VMA,2018-07-13,3.16,3.16,3.16,3.16,0
VMA,2018-07-16,3.16,3.16,3.16,3.16,0
VMA,2018-07-17,3.16,3.16,3.16,3.16,0
VMA,2018-07-18,3.16,3.16,3.16,3.16,0
VMA,2018-07-19,3.16,3.16,3.16,3.16,0
VMA,2018-07-20,3.16,3.16,3.16,3.16,0
VMA,2018-07-23,3.16,3.16,3.16,3.16,0
VMA,2018-07-24,3.16,3.16,3.16,3.16,0
VMA,2018-07-25,3.16,3.16,3.16,3.16,0
VMA,2018-07-26,3.16,3.16,3.16,3.16,0
VMA,2018-07-27,3.16,3.16,3.16,3.16,0
VMA,2018-07-30,3.16,3.16,3.16,3.16,0
VMA,2018-07-31,3.16,3.16,3.16,3.16,0
VMA,2018-08-01,3.16,3.16,3.16,3.16,0
VMA,2018-08-02,3.16,3.16,3.16,3.16,0
VMA,2018-08-03,3.16,3.16,3.16,3.16,0
VMA,2018-08-06,3.16,3.16,3.16,3.16,0
VMA,2018-08-07,3.16,3.16,3.16,3.16,0
VMA,2018-08-08,3.16,3.16,3.16,3.16,0
VMA,2018-08-09,3.16,3.16,3.16,3.16,0
VMA,2018-08-10,2.24,2.24,2.24,2.24,1200
VMA,2018-08-13,2.24,2.24,2.24,2.24,28
VMA,2018-08-14,2.24,2.24,2.24,2.24,0
VMA,2018-08-15,2.24,2.24,2.24,2.24,0
VMA,2018-08-16,2.24,2.24,2.24,2.24,0
VMA,2018-08-17,2.24,2.24,2.24,2.24,0
VMA,2018-08-20,2.24,2.24,2.24,2.24,0
VMA,2018-08-21,2.24,2.24,2.24,2.24,0
VMA,2018-08-22,2.24,2.24,2.24,2.24,0
VMA,2018-08-23,2.24,2.24,2.24,2.24,0
VMA,2018-08-24,2.24,2.24,2.24,2.24,0
VMA,2018-08-27,2.24,2.24,2.24,2.24,0
VMA,2018-08-28,2.24,2.24,2.24,2.24,0
VMA,2018-08-29,2.24,2.24,2.24,2.24,0
VMA,2018-08-30,2.24,2.24,2.24,2.24,0
VMA,2018-08-31,2.24,2.24,2.24,2.24,0
VMA,2018-09-04,2.24,2.24,2.24,2.24,0
VMA,2018-09-05,2.24,2.24,2.24,2.24,0
VMA,2018-09-06,2.24,2.24,2.24,2.24,0
VMA,2018-09-07,2.24,2.24,2.24,2.24,0
VMA,2018-09-10,2.24,2.24,2.24,2.24,0
VMA,2018-09-11,2.24,2.24,2.24,2.24,0
VMA,2018-09-12,2.24,2.24,2.24,2.24,0
VMA,2018-09-13,2.24,2.24,2.24,2.24,0
VMA,2018-09-14,2.24,2.24,2.24,2.24,0
VMA,2018-09-17,2.24,2.24,2.24,2.24,0
VMA,2018-09-18,2.24,2.24,2.24,2.24,0
VMA,2018-09-19,2.24,2.24,2.24,2.24,0
VMA,2018-09-20,2.24,2.24,2.24,2.24,0
VMA,2018-09-21,2.24,2.24,2.24,2.24,0
VMA,2018-09-24,2.24,2.24,2.24,2.24,0
VMA,2018-09-25,2.24,2.24,2.24,2.24,0
VMA,2018-09-26,2.24,2.24,2.24,2.24,0
VMA,2018-09-27,2.24,2.24,2.24,2.24,0
VMA,2018-09-28,2.24,2.24,2.24,2.24,0
VMA,2018-10-01,2.24,2.24,2.24,2.24,0
VMA,2018-10-02,2.24,2.24,2.24,2.24,0
VMA,2018-10-03,2.24,2.24,2.24,2.24,0
VMA,2018-10-04,2.24,2.24,2.24,2.24,0
VMA,2018-10-05,2.24,2.24,2.24,2.24,0
VMA,2018-10-08,2.24,2.24,2.24,2.24,0
VMA,2018-10-09,2.24,2.24,2.24,2.24,0
VMA,2018-10-10,2.24,2.24,2.24,2.24,0
VMA,2018-10-11,2.24,2.24,2.24,2.24,0
VMA,2018-10-12,2.24,2.24,2.24,2.24,0
VMA,2018-10-15,2.24,2.24,2.24,2.24,0
VMA,2018-10-16,2.24,2.24,2.24,2.24,0
VMA,2018-10-17,2.24,2.24,2.24,2.24,0
VMA,2018-10-18,2.24,2.24,2.24,2.24,0
VMA,2018-10-19,2.24,2.24,2.24,2.24,0
VMA,2018-10-22,2.24,2.24,2.24,2.24,0
VMA,2018-10-23,2.24,2.24,2.24,2.24,0
VMA,2018-10-24,2.24,2.24,2.24,2.24,0
VMA,2018-10-25,2.24,2.24,2.24,2.24,0
VMA,2018-10-26,2.24,2.24,2.24,2.24,0
VMA,2018-10-29,2.24,2.24,2.24,2.24,0
VMA,2018-10-30,2.24,2.24,2.24,2.24,0
VMA,2018-10-31,2.24,2.24,2.24,2.24,0
VMA,2018-11-01,2.24,2.24,2.24,2.24,0
VMA,2018-11-02,2.24,2.24,2.24,2.24,0
VMA,2018-11-05,2.24,2.24,2.24,2.24,0
VMA,2018-11-06,2.24,2.24,2.24,2.24,0
VMA,2018-11-07,2.24,2.24,2.24,2.24,0
VMA,2018-11-08,2.24,2.24,2.24,2.24,0
VMA,2018-11-09,2.24,2.24,2.24,2.24,0
VMA,2018-11-12,2.24,2.24,2.24,2.24,0
VMA,2018-11-13,2.24,2.24,2.24,2.24,0
VMA,2018-11-14,2.24,2.24,2.24,2.24,0
VMA,2018-11-15,2.24,2.24,2.24,2.24,0
VMA,2018-11-16,2.24,2.24,2.24,2.24,0
VMA,2018-11-19,2.24,2.24,2.24,2.24,0
VMA,2018-11-20,2.24,2.24,2.24,2.24,0
VMA,2018-11-21,2.24,2.24,2.24,2.24,0
VMA,2018-11-22,2.24,2.24,2.24,2.24,0
VMA,2018-11-23,2.24,2.24,2.24,2.24,0
VMA,2018-11-26,2.24,2.24,2.24,2.24,0
VMA,2018-11-27,2.24,2.24,2.24,2.24,0
VMA,2018-11-28,2.24,2.24,2.24,2.24,0
VMA,2018-11-29,2.24,2.24,2.24,2.24,0
VMA,2018-11-30,2.24,2.24,2.24,2.24,0
VMA,2018-12-03,2.24,2.24,2.24,2.24,0
VMA,2018-12-04,2.24,2.24,2.24,2.24,0
VMA,2018-12-05,2.24,2.24,2.24,2.24,0
VMA,2018-12-06,2.24,2.24,2.24,2.24,0
VMA,2018-12-07,2.24,2.24,2.24,2.24,0
VMA,2018-12-10,2.24,2.24,2.24,2.24,0
VMA,2018-12-11,2.24,2.24,2.24,2.24,0
VMA,2018-12-12,2.24,2.24,2.24,2.24,0
VMA,2018-12-13,2.24,2.24,2.24,2.24,0
VMA,2018-12-14,2.24,2.24,2.24,2.24,0
VMA,2018-12-17,2.24,2.24,2.24,2.24,0
VMA,2018-12-18,2.24,2.24,2.24,2.24,0
VMA,2018-12-19,2.24,2.24,2.24,2.24,0
VMA,2018-12-20,2.24,2.24,2.24,2.24,0
VMA,2018-12-21,2.24,2.24,2.24,2.24,0
VMA,2018-12-24,2.24,2.24,2.24,2.24,0
VMA,2018-12-25,2.24,2.24,2.24,2.24,0
VMA,2018-12-26,2.24,2.24,2.24,2.24,0
VMA,2018-12-27,2.24,2.24,2.24,2.24,0
VMA,2018-12-28,2.24,2.24,2.24,2.24,0
VMA,2019-01-02,2.24,2.24,2.24,2.24,0
VMA,2019-01-03,2.24,2.24,2.24,2.24,0
VMA,2019-01-04,2.24,2.24,2.24,2.24,0
VMA,2019-01-07,2.24,2.24,2.24,2.24,0
VMA,2019-01-08,2.24,2.24,2.24,2.24,0
VMA,2019-01-09,2.8,2.8,2.8,2.8,100
VMA,2019-01-10,2.8,2.8,2.8,2.8,0
VMA,2019-01-11,2.8,2.8,2.8,2.8,0
VMA,2019-01-14,2.8,2.8,2.8,2.8,0
VMA,2019-01-15,2.8,2.8,2.8,2.8,0
VMA,2019-01-16,2.8,2.8,2.8,2.8,0
VMA,2019-01-17,2.8,2.8,2.8,2.8,0
VMA,2019-01-18,2.8,2.8,2.8,2.8,0
VMA,2019-01-21,2.8,2.8,2.8,2.8,0
VMA,2019-01-22,2.8,2.8,2.8,2.8,0
VMA,2019-01-23,2.8,2.8,2.8,2.8,0
VMA,2019-01-24,2.8,2.8,2.8,2.8,0
VMA,2019-01-25,2.8,2.8,2.8,2.8,0
VMA,2019-01-28,2.8,2.8,2.8,2.8,0
VMA,2019-01-29,2.8,2.8,2.8,2.8,0
VMA,2019-01-30,2.8,2.8,2.8,2.8,0
VMA,2019-01-31,2.8,2.8,2.8,2.8,0
VMA,2019-02-01,2.8,2.8,2.8,2.8,0
VMA,2019-02-11,2.8,2.8,2.8,2.8,0
VMA,2019-02-12,2.8,2.8,2.8,2.8,0
VMA,2019-02-13,2.8,2.8,2.8,2.8,0
VMA,2019-02-14,2.8,2.8,2.8,2.8,0
VMA,2019-02-15,2.8,2.8,2.8,2.8,0
VMA,2019-02-18,2.8,2.8,2.8,2.8,0
VMA,2019-02-19,2.8,2.8,2.8,2.8,0
VMA,2019-02-20,2.8,2.8,2.8,2.8,0
VMA,2019-02-21,2.8,2.8,2.8,2.8,0
VMA,2019-02-22,2.8,2.8,2.8,2.8,0
VMA,2019-02-25,2.8,2.8,2.8,2.8,0
VMA,2019-02-26,2.8,2.8,2.8,2.8,0
VMA,2019-02-27,2.8,2.8,2.8,2.8,0
VMA,2019-02-28,2.8,2.8,2.8,2.8,0
VMA,2019-03-01,2.8,2.8,2.8,2.8,0
VMA,2019-03-04,2.8,2.8,2.8,2.8,0
VMA,2019-03-05,2.8,2.8,2.8,2.8,0
VMA,2019-03-06,2.8,2.8,2.8,2.8,0
VMA,2019-03-07,2.8,2.8,2.8,2.8,0
VMA,2019-03-08,2.8,2.8,2.8,2.8,0
VMA,2019-03-11,2.8,2.8,2.8,2.8,0
VMA,2019-03-12,2.8,2.8,2.8,2.8,0
VMA,2019-03-13,2.8,2.8,2.8,2.8,0
VMA,2019-03-14,2.8,2.8,2.8,2.8,0
VMA,2019-03-15,2.8,2.8,2.8,2.8,0
VMA,2019-03-18,2.8,2.8,2.8,2.8,0
VMA,2019-03-19,2.8,2.8,2.8,2.8,0
VMA,2019-03-20,2.8,2.8,2.8,2.8,0
VMA,2019-03-21,2.8,2.8,2.8,2.8,0
VMA,2019-03-22,2.8,2.8,2.8,2.8,0
VMA,2019-03-25,2.8,2.8,2.8,2.8,0
VMA,2019-03-26,2.8,2.8,2.8,2.8,0
VMA,2019-03-27,2.8,2.8,2.8,2.8,0
VMA,2019-03-28,2.8,2.8,2.8,2.8,0
VMA,2019-03-29,2.8,2.8,2.8,2.8,0
VMA,2019-04-01,2.8,2.8,2.8,2.8,0
VMA,2019-04-02,2.8,2.8,2.8,2.8,0
VMA,2019-04-03,2.8,2.8,2.8,2.8,0
VMA,2019-04-04,2.8,2.8,2.8,2.8,0
VMA,2019-04-05,2.8,2.8,2.8,2.8,0
VMA,2019-04-08,2.8,2.8,2.8,2.8,0
VMA,2019-04-09,2.8,2.8,2.8,2.8,0
VMA,2019-04-10,2.8,2.8,2.8,2.8,0
VMA,2019-04-11,2.8,2.8,2.8,2.8,0
VMA,2019-04-12,2.8,2.8,2.8,2.8,0
VMA,2019-04-16,2.8,2.8,2.8,2.8,0
VMA,2019-04-17,2.8,2.8,2.8,2.8,0
VMA,2019-04-18,2.8,2.8,2.8,2.8,0
VMA,2019-04-19,2.8,2.8,2.8,2.8,0
VMA,2019-04-22,2.8,2.8,2.8,2.8,0
VMA,2019-04-23,2.8,2.8,2.8,2.8,0
VMA,2019-04-24,2.8,2.8,2.8,2.8,0
VMA,2019-04-25,2.8,2.8,2.8,2.8,0
VMA,2019-04-26,2.8,2.8,2.8,2.8,0
VMA,2019-05-02,2.8,2.8,2.8,2.8,0
VMA,2019-05-03,2.8,2.8,2.8,2.8,0
VMA,2019-05-06,2.8,2.8,2.8,2.8,0
VMA,2019-05-07,2.8,2.8,2.8,2.8,0
VMA,2019-05-08,2.8,2.8,2.8,2.8,0
VMA,2019-05-09,2.8,2.8,2.8,2.8,0
VMA,2019-05-10,2.8,2.8,2.8,2.8,0
VMA,2019-05-13,2.8,2.8,2.8,2.8,0
VMA,2019-05-14,2.8,2.8,2.8,2.8,0
VMA,2019-05-15,2.8,2.8,2.8,2.8,0
VMA,2019-05-16,2.8,3.11,3.11,3.11,0
VMA,2019-05-17,2.8,3.11,3.11,3.11,0
VMA,2019-05-20,2.8,3.11,3.11,3.11,0
VMA,2019-05-21,2.8,3.11,3.11,3.11,0
VMA,2019-05-22,2.8,3.11,3.11,3.11,0
VMA,2019-05-23,2.8,3.11,3.11,3.11,0
VMA,2019-05-24,2.8,3.11,3.11,3.11,0
VMA,2019-05-27,2.8,3.11,3.11,3.11,0
VMA,2019-05-28,2.8,3.11,3.11,3.11,0
VMA,2019-05-29,2.8,3.11,3.11,3.11,0
VMA,2019-05-30,2.8,3.11,3.11,3.11,0
VMA,2019-05-31,2.8,3.11,3.11,3.11,0
VMA,2019-06-03,2.8,3.11,3.11,3.11,0
VMA,2019-06-04,2.8,3.11,3.11,3.11,0
VMA,2019-06-05,2.8,3.11,3.11,3.11,0
VMA,2019-06-06,2.8,3.11,3.11,3.11,0
VMA,2019-06-07,2.8,3.11,3.11,3.11,0
VMA,2019-06-10,2.8,3.11,3.11,3.11,0
VMA,2019-06-11,2.8,3.11,3.11,3.11,0
VMA,2019-06-12,2.8,3.11,3.11,3.11,0
VMA,2019-06-13,2.8,3.11,3.11,3.11,0
VMA,2019-06-14,2.8,3.11,3.11,3.11,0
VMA,2019-06-17,2.8,3.11,3.11,3.11,0
VMA,2019-06-18,2.8,3.11,3.11,3.11,0
VMA,2019-06-19,2.8,3.11,3.11,3.11,0
VMA,2019-06-20,2.8,2.8,2.8,2.8,0
VMA,2019-06-21,2.8,2.8,2.8,2.8,0
VMA,2019-06-24,2.8,3.11,3.11,3.11,0
VMA,2019-06-25,2.8,3.11,3.11,3.11,0
VMA,2019-06-26,2.8,3.11,3.11,3.11,0
VMA,2019-06-27,2.8,3.11,3.11,3.11,0
VMA,2019-06-28,2.8,3.11,3.11,3.11,0
VMA,2019-07-01,2.8,3.11,3.11,3.11,0
VMA,2019-07-02,2.8,3.11,3.11,3.11,0
VMA,2019-07-03,2.8,3.11,3.11,3.11,0
VMA,2019-07-04,2.8,2.8,2.8,2.8,0
VMA,2019-07-05,2.8,3.11,3.11,3.11,0
VMA,2019-07-08,2.8,3.11,3.11,3.11,0
VMA,2019-07-09,2.8,3.11,3.11,3.11,0
VMA,2019-07-10,2.8,3.11,3.11,3.11,0
VMA,2019-07-11,2.8,3.11,3.11,3.11,0
VMA,2019-07-12,2.8,3.11,3.11,3.11,0
VMA,2019-07-15,2.8,3.11,3.11,3.11,0
VMA,2019-07-16,2.8,3.11,3.11,3.11,0
VMA,2019-07-17,2.8,3.11,3.11,3.11,0
VMA,2019-07-18,2.8,3.11,3.11,3.11,0
VMA,2019-07-19,2.8,3.11,3.11,3.11,0
VMA,2019-07-22,2.8,3.11,3.11,3.11,0
VMA,2019-07-23,2.8,3.11,3.11,3.11,0
VMA,2019-07-24,2.8,3.11,3.11,3.11,0
VMA,2019-07-25,2.8,3.11,3.11,3.11,0
VMA,2019-07-26,2.8,3.11,3.11,3.11,0
VMA,2019-07-29,2.8,3.11,3.11,3.11,0
VMA,2019-07-30,2.8,3.11,3.11,3.11,0
VMA,2019-07-31,2.8,3.11,3.11,3.11,0
VMA,2019-08-01,2.8,3.11,3.11,3.11,0
VMA,2019-08-02,2.8,3.11,3.11,3.11,0
VMA,2019-08-05,2.8,3.11,3.11,3.11,0
VMA,2019-08-06,2.8,3.11,3.11,3.11,0
VMA,2019-08-07,2.8,3.11,3.11,3.11,0
VMA,2019-08-08,2.8,3.11,3.11,3.11,0
VMA,2019-08-09,2.8,3.11,3.11,3.11,0
VMA,2019-08-12,2.8,3.11,3.11,3.11,0
VMA,2019-08-13,2.8,3.11,3.11,3.11,0
VMA,2019-08-14,2.8,3.11,3.11,3.11,0
VMA,2019-08-15,2.8,3.11,3.11,3.11,0
VMA,2019-08-16,2.8,3.11,3.11,3.11,0
VMA,2019-08-19,2.8,3.11,3.11,3.11,0
VMA,2019-08-20,2.8,3.11,3.11,3.11,0
VMA,2019-08-21,2.8,3.11,3.11,3.11,0
VMA,2019-08-22,2.8,3.11,3.11,3.11,0
VMA,2019-08-23,2.8,3.11,3.11,3.11,0
VMA,2019-08-26,2.8,3.11,3.11,3.11,0
VMA,2019-08-27,2.8,3.11,3.11,3.11,0
VMA,2019-08-28,2.8,3.11,3.11,3.11,0
VMA,2019-08-29,2.8,3.11,3.11,3.11,0
VMA,2019-08-30,2.8,3.11,3.11,3.11,0
VMA,2019-09-03,2.8,3.11,3.11,3.11,0
VMA,2019-09-04,2.8,3.11,3.11,3.11,0
VMA,2019-09-05,2.8,3.11,3.11,3.11,0
VMA,2019-09-06,2.8,3.11,3.11,3.11,0
VMA,2019-09-09,2.8,3.11,3.11,3.11,0
VMA,2019-09-10,2.8,3.11,3.11,3.11,0
VMA,2019-09-11,2.8,3.11,3.11,3.11,0
VMA,2019-09-12,2.8,3.11,3.11,3.11,0
VMA,2019-09-13,2.8,3.11,3.11,3.11,0
VMA,2019-09-16,2.8,3.11,3.11,3.11,0
VMA,2019-09-17,2.8,3.11,3.11,3.11,0
VMA,2019-09-18,2.8,3.11,3.11,3.11,0
VMA,2019-09-19,2.8,3.11,3.11,3.11,0
VMA,2019-09-20,2.8,3.11,3.11,3.11,0
VMA,2019-09-23,2.8,3.11,3.11,3.11,0
VMA,2019-09-24,2.8,3.11,3.11,3.11,0
VMA,2019-09-25,2.8,3.11,3.11,3.11,0
VMA,2019-09-26,2.8,3.11,3.11,3.11,0
VMA,2019-09-27,2.8,3.11,3.11,3.11,0
VMA,2019-09-30,2.8,3.11,3.11,3.11,0
VMA,2019-10-01,2.8,3.11,3.11,3.11,0
VMA,2019-10-02,2.8,3.11,3.11,3.11,0
VMA,2019-10-03,2.8,3.11,3.11,3.11,0
VMA,2019-10-04,2.8,3.11,3.11,3.11,0
VMA,2019-10-07,2.8,3.11,3.11,3.11,0
VMA,2019-10-08,2.8,3.11,3.11,3.11,0
VMA,2019-10-09,2.8,3.11,3.11,3.11,0
VMA,2019-10-10,2.8,3.11,3.11,3.11,0
VMA,2019-10-11,2.8,3.11,3.11,3.11,0
VMA,2019-10-14,2.8,3.11,3.11,3.11,0
VMA,2019-10-15,2.8,2.8,2.8,2.8,0
VMA,2019-10-16,2.8,3.11,3.11,3.11,0
VMA,2019-10-17,2.8,3.11,3.11,3.11,0
VMA,2019-10-18,2.8,3.11,3.11,3.11,0
VMA,2019-10-21,2.8,3.11,3.11,3.11,0
VMA,2019-10-22,2.8,3.11,3.11,3.11,0
VMA,2019-10-23,2.8,3.11,3.11,3.11,0
VMA,2019-10-24,2.8,3.11,3.11,3.11,0
VMA,2019-10-25,2.8,3.11,3.11,3.11,0
VMA,2019-10-28,2.8,3.11,3.11,3.11,0
VMA,2019-10-29,2.8,3.11,3.11,3.11,0
VMA,2019-10-30,2.8,3.11,3.11,3.11,0
VMA,2019-10-31,2.8,2.8,2.8,2.8,0
VMA,2019-11-01,2.8,3.11,3.11,3.11,0
VMA,2019-11-04,2.8,3.11,3.11,3.11,0
VMA,2019-11-05,2.8,3.11,3.11,3.11,0
VMA,2019-11-06,2.8,3.11,3.11,3.11,0
VMA,2019-11-07,2.8,3.11,3.11,3.11,0
VMA,2019-11-08,2.8,3.11,3.11,3.11,0
VMA,2019-11-11,2.8,3.11,3.11,3.11,0
VMA,2019-11-12,2.8,3.11,3.11,3.11,0
VMA,2019-11-13,2.8,3.11,3.11,3.11,0
VMA,2019-11-14,2.8,3.11,3.11,3.11,0
VMA,2019-11-15,2.8,3.11,3.11,3.11,0
VMA,2019-11-18,2.8,3.11,3.11,3.11,0
VMA,2019-11-19,2.8,3.11,3.11,3.11,0
VMA,2019-11-20,2.8,3.11,3.11,3.11,0
VMA,2019-11-21,2.8,3.11,3.11,3.11,0
VMA,2019-11-22,2.8,2.8,2.8,2.8,0
VMA,2019-11-25,2.8,3.11,3.11,3.11,0
VMA,2019-11-26,2.8,3.11,3.11,3.11,0
VMA,2019-11-27,2.8,3.11,3.11,3.11,0
VMA,2019-11-28,2.8,3.11,3.11,3.11,0
VMA,2019-11-29,2.8,3.11,3.11,3.11,0
VMA,2019-12-02,2.8,2.8,2.8,2.8,0
VMA,2019-12-03,2.8,3.11,3.11,3.11,0
VMA,2019-12-04,2.8,3.11,3.11,3.11,0
VMA,2019-12-05,2.8,3.11,3.11,3.11,0
VMA,2019-12-06,2.8,3.11,3.11,3.11,0
VMA,2019-12-09,2.8,3.11,3.11,3.11,0
VMA,2019-12-10,2.8,3.11,3.11,3.11,0
VMA,2019-12-11,2.8,3.11,3.11,3.11,0
VMA,2019-12-12,2.8,3.11,3.11,3.11,0
VMA,2019-12-13,2.8,3.11,3.11,3.11,0
VMA,2019-12-16,2.8,3.11,3.11,3.11,0
VMA,2019-12-17,2.8,3.11,3.11,3.11,0
VMA,2019-12-18,2.8,3.11,3.11,3.11,0
VMA,2019-12-19,2.8,3.11,3.11,3.11,0
VMA,2019-12-20,2.8,3.11,3.11,3.11,0
VMA,2019-12-23,2.8,3.11,3.11,3.11,0
VMA,2019-12-24,2.8,3.11,3.11,3.11,0
VMA,2019-12-25,2.8,3.11,3.11,3.11,0
VMA,2019-12-26,2.8,3.11,3.11,3.11,0
VMA,2019-12-27,2.8,3.11,3.11,3.11,0
VMA,2019-12-30,2.8,3.11,3.11,3.11,0
VMA,2019-12-31,2.8,3.11,3.11,3.11,0
VMA,2020-01-02,2.8,3.11,3.11,3.11,0
VMA,2020-01-03,2.8,3.11,3.11,3.11,0
VMA,2020-01-06,2.8,3.11,3.11,3.11,0
VMA,2020-01-07,2.8,3.11,3.11,3.11,0
VMA,2020-01-08,2.8,3.11,3.11,3.11,0
VMA,2020-01-09,2.8,3.11,3.11,3.11,0
VMA,2020-01-10,2.8,3.11,3.11,3.11,0
VMA,2020-01-13,2.8,3.11,3.11,3.11,0
VMA,2020-01-14,2.8,3.11,3.11,3.11,0
VMA,2020-01-15,2.8,3.11,3.11,3.11,0
VMA,2020-01-16,2.8,3.11,3.11,3.11,0
VMA,2020-01-17,2.8,3.11,3.11,3.11,0
VMA,2020-01-20,2.8,3.11,3.11,3.11,0
VMA,2020-01-21,2.8,3.11,3.11,3.11,0
VMA,2020-01-22,2.8,3.11,3.11,3.11,0
VMA,2020-01-30,2.8,3.11,3.11,3.11,0
VMA,2020-01-31,2.8,3.11,3.11,3.11,0
VMA,2020-02-03,2.8,3.11,3.11,3.11,0
VMA,2020-02-04,2.8,3.11,3.11,3.11,0
VMA,2020-02-05,2.8,3.11,3.11,3.11,0
VMA,2020-02-06,2.8,3.11,3.11,3.11,0
VMA,2020-02-07,2.8,3.11,3.11,3.11,0
VMA,2020-02-10,2.8,3.11,3.11,3.11,0
VMA,2020-02-11,2.8,3.11,3.11,3.11,0
VMA,2020-02-12,2.8,3.11,3.11,3.11,0
VMA,2020-02-13,2.8,3.11,3.11,3.11,0
VMA,2020-02-14,2.8,3.11,3.11,3.11,0
VMA,2020-02-17,2.8,3.11,3.11,3.11,0
VMA,2020-02-18,2.8,3.11,3.11,3.11,0
VMA,2020-02-19,2.8,3.11,3.11,3.11,0
VMA,2020-02-20,2.8,3.11,3.11,3.11,0
VMA,2020-02-21,2.8,3.11,3.11,3.11,0
VMA,2020-02-24,2.8,3.11,3.11,3.11,0
VMA,2020-02-25,2.8,3.11,3.11,3.11,0
VMA,2020-02-26,2.8,3.11,3.11,3.11,0
VMA,2020-02-27,2.8,3.11,3.11,3.11,0
VMA,2020-02-28,2.8,3.11,3.11,3.11,0
VMA,2020-03-02,2.8,3.11,3.11,3.11,0
VMA,2020-03-03,2.8,3.11,3.11,3.11,0
VMA,2020-03-04,2.8,3.11,3.11,3.11,0
VMA,2020-03-05,2.8,3.11,3.11,3.11,0
VMA,2020-03-06,2.8,3.11,3.11,3.11,0
VMA,2020-03-09,2.8,3.11,3.11,3.11,0
VMA,2020-03-10,2.8,3.11,3.11,3.11,0
VMA,2020-03-11,2.8,3.11,3.11,3.11,0
VMA,2020-03-12,2.8,3.11,3.11,3.11,0
VMA,2020-03-13,2.8,3.11,3.11,3.11,0
VMA,2020-03-16,2.8,3.11,3.11,3.11,0
VMA,2020-03-17,2.8,3.11,3.11,3.11,0
VMA,2020-03-18,2.8,3.11,3.11,3.11,0
VMA,2020-03-19,2.8,3.11,3.11,3.11,0
VMA,2020-03-20,2.8,3.11,3.11,3.11,0
VMA,2020-03-23,2.8,3.11,3.11,3.11,0
VMA,2020-03-24,2.8,3.11,3.11,3.11,0
VMA,2020-03-25,2.8,3.11,3.11,3.11,0
VMA,2020-03-26,2.8,3.11,3.11,3.11,0
VMA,2020-03-27,2.8,3.11,3.11,3.11,0
VMA,2020-03-30,2.8,3.11,3.11,3.11,0
VMA,2020-03-31,2.8,3.11,3.11,3.11,0
VMA,2020-04-01,2.8,3.11,3.11,3.11,0
VMA,2020-04-03,2.8,3.11,3.11,3.11,0
VMA,2020-04-06,2.8,3.11,3.11,3.11,0
VMA,2020-04-07,2.8,3.11,3.11,3.11,0
VMA,2020-04-08,2.8,3.11,3.11,3.11,0
VMA,2020-04-09,2.8,3.11,3.11,3.11,0
VMA,2020-04-10,2.8,3.11,3.11,3.11,0
VMA,2020-04-13,2.8,3.11,3.11,3.11,0
VMA,2020-04-14,2.8,3.11,3.11,3.11,0
VMA,2020-04-15,2.8,3.11,3.11,3.11,0
VMA,2020-04-16,2.8,3.11,3.11,3.11,0
VMA,2020-04-17,2.8,3.11,3.11,3.11,0
VMA,2020-04-20,2.8,3.11,3.11,3.11,0
VMA,2020-04-21,2.8,3.11,3.11,3.11,0
VMA,2020-04-22,2.8,3.11,3.11,3.11,0
VMA,2020-04-23,2.8,3.11,3.11,3.11,0
VMA,2020-04-24,2.8,3.11,3.11,3.11,0
VMA,2020-04-27,2.8,3.11,3.11,3.11,0
VMA,2020-04-28,2.8,3.11,3.11,3.11,0
VMA,2020-04-29,2.8,3.11,3.11,3.11,0
VMA,2020-05-04,2.8,3.11,3.11,3.11,0
VMA,2020-05-05,2.8,3.11,3.11,3.11,0
VMA,2020-05-06,2.8,3.11,3.11,3.11,0
VMA,2020-05-07,2.8,3.11,3.11,3.11,0
VMA,2020-05-08,2.8,3.11,3.11,3.11,0
VMA,2020-05-11,2.8,3.11,3.11,3.11,0
VMA,2020-05-12,2.8,3.11,3.11,3.11,0
VMA,2020-05-13,2.8,3.11,3.11,3.11,0
VMA,2020-05-14,2.8,3.11,3.11,3.11,0
VMA,2020-05-15,2.8,3.11,3.11,3.11,0
VMA,2020-05-18,2.8,3.11,3.11,3.11,0
VMA,2020-05-19,2.8,3.5,3.5,3.5,0
VMA,2020-05-20,2.8,3.5,3.5,3.5,0
VMA,2020-05-21,2.8,3.5,3.5,3.5,0
VMA,2020-05-22,2.8,3.5,3.5,3.5,0
VMA,2020-05-25,2.8,3.5,3.5,3.5,0
VMA,2020-05-26,2.8,3.5,3.5,3.5,0
VMA,2020-05-27,2.8,3.5,3.5,3.5,0
VMA,2020-05-28,2.8,3.5,3.5,3.5,0
VMA,2020-05-29,2.8,3.5,3.5,3.5,0
VMA,2020-06-01,2.8,3.5,3.5,3.5,0
VMA,2020-06-02,2.8,3.5,3.5,3.5,0
VMA,2020-06-03,2.8,3.5,3.5,3.5,0
VMA,2020-06-04,2.8,3.5,3.5,3.5,0
VMA,2020-06-05,2.8,3.5,3.5,3.5,0
VMA,2020-06-08,2.8,3.5,3.5,3.5,0
VMA,2020-06-09,2.8,3.5,3.5,3.5,0
VMA,2020-06-10,2.8,3.5,3.5,3.5,0
VMA,2020-06-11,2.8,3.5,3.5,3.5,0
VMA,2020-06-12,2.8,3.5,3.5,3.5,0
VMA,2020-06-15,2.8,3.5,3.5,3.5,0
VMA,2020-06-16,2.8,3.5,3.5,3.5,0
VMA,2020-06-17,2.8,3.5,3.5,3.5,0
VMA,2020-06-18,2.8,3.5,3.5,3.5,0
VMA,2020-06-19,2.8,3.5,3.5,3.5,0
VMA,2020-06-22,2.8,3.5,3.5,3.5,0
VMA,2020-06-23,2.8,3.5,3.5,3.5,0
VMA,2020-06-24,2.8,3.5,3.5,3.5,0
VMA,2020-06-25,2.8,3.5,3.5,3.5,0
VMA,2020-06-26,2.8,3.5,3.5,3.5,0
VMA,2020-06-29,2.8,3.5,3.5,3.5,0
VMA,2020-06-30,2.8,3.5,3.5,3.5,0
VMA,2020-07-01,2.8,3.5,3.5,3.5,0
VMA,2020-07-02,2.8,3.5,3.5,3.5,0
VMA,2020-07-03,2.8,3.5,3.5,3.5,0
VMA,2020-07-06,2.8,3.5,3.5,3.5,0
VMA,2020-07-07,2.8,3.5,3.5,3.5,0
VMA,2020-07-08,2.8,3.5,3.5,3.5,0
VMA,2020-07-09,2.8,3.5,3.5,3.5,0
VMA,2020-07-10,2.8,3.5,3.5,3.5,0
VMA,2020-07-13,2.8,3.5,3.5,3.5,0
VMA,2020-07-14,2.8,3.5,3.5,3.5,0
VMA,2020-07-15,2.8,3.5,3.5,3.5,0
VMA,2020-07-16,2.8,3.5,3.5,3.5,0
VMA,2020-07-17,2.8,3.5,3.5,3.5,0
VMA,2020-07-20,2.8,3.5,3.5,3.5,0
VMA,2020-07-21,2.8,3.5,3.5,3.5,0
VMA,2020-07-22,2.8,3.5,3.5,3.5,0
VMA,2020-07-23,2.8,3.5,3.5,3.5,0
VMA,2020-07-24,2.8,3.5,3.5,3.5,0
VMA,2020-07-27,2.8,3.5,3.5,3.5,0
VMA,2020-07-28,2.8,3.5,3.5,3.5,0
VMA,2020-07-29,2.8,3.5,3.5,3.5,0
VMA,2020-07-30,2.8,3.5,3.5,3.5,0
VMA,2020-07-31,2.8,3.5,3.5,3.5,0
VMA,2020-08-03,2.8,3.5,3.5,3.5,0
VMA,2020-08-04,2.8,3.5,3.5,3.5,0
VMA,2020-08-05,2.8,3.5,3.5,3.5,0
VMA,2020-08-06,2.8,3.5,3.5,3.5,0
VMA,2020-08-07,2.8,3.5,3.5,3.5,0
VMA,2020-08-10,2.8,3.5,3.5,3.5,0
VMA,2020-08-11,2.8,3.5,3.5,3.5,0
VMA,2020-08-12,2.8,3.5,3.5,3.5,0
VMA,2020-08-13,2.8,3.5,3.5,3.5,0
VMA,2020-08-14,2.8,3.5,3.5,3.5,0
VMA,2020-08-17,2.8,3.5,3.5,3.5,0
VMA,2020-08-18,2.8,3.5,3.5,3.5,0
VMA,2020-08-19,2.8,3.5,3.5,3.5,0
VMA,2020-08-20,2.8,3.5,3.5,3.5,0
VMA,2020-08-21,2.8,3.5,3.5,3.5,0
VMA,2020-08-24,2.8,3.5,3.5,3.5,0
VMA,2020-08-25,2.8,3.5,3.5,3.5,0
VMA,2020-08-26,2.8,3.5,3.5,3.5,0
VMA,2020-08-27,2.8,3.5,3.5,3.5,0
VMA,2020-08-28,2.8,3.5,3.5,3.5,0
VMA,2020-08-31,2.8,3.5,3.5,3.5,0
VMA,2020-09-01,2.8,3.5,3.5,3.5,0
VMA,2020-09-03,2.8,3.5,3.5,3.5,0
VMA,2020-09-04,2.8,3.5,3.5,3.5,0
VMA,2020-09-07,2.8,3.5,3.5,3.5,0
VMA,2020-09-08,2.8,3.5,3.5,3.5,0
VMA,2020-09-09,2.8,3.5,3.5,3.5,0
VMA,2020-09-10,2.8,3.5,3.5,3.5,0
VMA,2020-09-11,2.8,3.5,3.5,3.5,0
VMA,2020-09-14,2.8,3.5,3.5,3.5,0
VMA,2020-09-15,2.8,3.5,3.5,3.5,0
VMA,2020-09-16,2.8,3.5,3.5,3.5,0
VMA,2020-09-17,2.8,3.5,3.5,3.5,0
VMA,2020-09-18,2.8,3.5,3.5,3.5,0
VMA,2020-09-21,2.8,3.5,3.5,3.5,0
VMA,2020-09-22,2.8,3.5,3.5,3.5,0
VMA,2020-09-23,2.8,3.5,3.5,3.5,0
VMA,2020-09-24,2.8,3.5,3.5,3.5,0
VMA,2020-09-25,2.8,3.5,3.5,3.5,0
VMA,2020-09-28,2.8,3.5,3.5,3.5,0
VMA,2020-09-29,2.8,3.5,3.5,3.5,0
VMA,2020-09-30,2.8,3.5,3.5,3.5,0
VMA,2020-10-01,2.8,3.5,3.5,3.5,0
VMA,2020-10-02,2.8,3.5,3.5,3.5,0
VMA,2020-10-05,2.8,3.5,3.5,3.5,0
VMA,2020-10-06,2.8,3.5,3.5,3.5,0
VMA,2020-10-07,2.8,3.5,3.5,3.5,0
VMA,2020-10-08,2.8,3.5,3.5,3.5,0
VMA,2020-10-09,2.8,3.5,3.5,3.5,0
VMA,2020-10-12,2.8,3.5,3.5,3.5,0
VMA,2020-10-13,2.8,3.5,3.5,3.5,0
VMA,2020-10-14,2.8,3.5,3.5,3.5,0
VMA,2020-10-15,2.8,3.5,3.5,3.5,0
VMA,2020-10-16,2.8,3.5,3.5,3.5,0
VMA,2020-10-19,2.8,3.5,3.5,3.5,0
VMA,2020-10-20,2.8,3.5,3.5,3.5,0
VMA,2020-10-21,2.8,3.5,3.5,3.5,0
VMA,2020-10-22,2.8,3.5,3.5,3.5,0
VMA,2020-10-23,2.8,3.5,3.5,3.5,0
VMA,2020-10-26,2.8,3.5,3.5,3.5,0
VMA,2020-10-27,2.8,3.5,3.5,3.5,0
VMA,2020-10-28,2.8,3.5,3.5,3.5,0
VMA,2020-10-29,2.8,3.5,3.5,3.5,0
VMA,2020-10-30,2.8,3.5,3.5,3.5,0
VMA,2020-11-02,2.8,3.5,3.5,3.5,0
VMA,2020-11-03,2.8,3.5,3.5,3.5,0
VMA,2020-11-04,2.8,3.5,3.5,3.5,0
VMA,2020-11-05,2.8,3.5,3.5,3.5,0
VMA,2020-11-06,2.8,3.5,3.5,3.5,0
VMA,2020-11-09,2.8,3.5,3.5,3.5,0
VMA,2020-11-10,2.8,3.5,3.5,3.5,0
VMA,2020-11-11,2.8,3.5,3.5,3.5,0
VMA,2020-11-12,2.8,3.5,3.5,3.5,0
VMA,2020-11-13,2.8,3.5,3.5,3.5,0
VMA,2020-11-16,2.8,3.5,3.5,3.5,0
VMA,2020-11-17,2.8,3.5,3.5,3.5,0
VMA,2020-11-18,2.8,3.5,3.5,3.5,0
VMA,2020-11-19,2.8,3.5,3.5,3.5,0
VMA,2020-11-20,2.8,3.5,3.5,3.5,0
VMA,2020-11-23,2.8,3.5,3.5,3.5,0
VMA,2020-11-24,2.8,3.5,3.5,3.5,0
VMA,2020-11-25,2.8,3.5,3.5,3.5,0
VMA,2020-11-26,2.8,3.5,3.5,3.5,0
VMA,2020-11-27,2.8,3.5,3.5,3.5,0
VMA,2020-11-30,2.8,3.5,3.5,3.5,0
VMA,2020-12-01,2.8,3.5,3.5,3.5,0
VMA,2020-12-02,2.8,3.5,3.5,3.5,0
VMA,2020-12-03,2.8,3.5,3.5,3.5,0
VMA,2020-12-04,2.8,3.5,3.5,3.5,0
VMA,2020-12-07,2.8,3.5,3.5,3.5,0
VMA,2020-12-08,2.8,3.5,3.5,3.5,0
VMA,2020-12-09,2.8,3.5,3.5,3.5,0
VMA,2020-12-10,2.8,3.5,3.5,3.5,0
VMA,2020-12-11,2.8,3.5,3.5,3.5,0
VMA,2020-12-14,2.8,3.5,3.5,3.5,0
VMA,2020-12-15,2.8,3.5,3.5,3.5,0
VMA,2020-12-16,2.8,3.5,3.5,3.5,0
VMA,2020-12-17,2.8,3.5,3.5,3.5,0
VMA,2020-12-18,2.8,3.5,3.5,3.5,0
VMA,2020-12-21,2.8,3.5,3.5,3.5,0
VMA,2020-12-22,2.8,3.5,3.5,3.5,0
VMA,2020-12-23,2.8,3.5,3.5,3.5,0
VMA,2020-12-24,2.8,3.5,3.5,3.5,0
VMA,2020-12-25,2.8,3.5,3.5,3.5,0
VMA,2020-12-28,2.8,3.5,3.5,3.5,0
VMA,2020-12-29,2.8,3.5,3.5,3.5,0
VMA,2020-12-30,2.8,3.5,3.5,3.5,0
VMA,2020-12-31,2.8,3.5,3.5,3.5,0
VMA,2021-01-04,2.8,3.5,3.5,3.5,0
VMA,2021-01-05,2.8,3.5,3.5,3.5,0
VMA,2021-01-06,2.8,3.5,3.5,3.5,0
VMA,2021-01-07,2.8,2.8,2.8,2.8,0
VMA,2021-01-08,2.8,3.5,3.5,3.5,0
VMA,2021-01-11,2.8,3.5,3.5,3.5,0
VMA,2021-01-12,2.8,3.5,3.5,3.5,0
VMA,2021-01-13,2.8,3.5,3.5,3.5,0
VMA,2021-01-14,2.8,3.5,3.5,3.5,0
VMA,2021-01-15,2.8,3.5,3.5,3.5,0
VMA,2021-01-18,2.8,3.5,3.5,3.5,0
VMA,2021-01-19,2.8,3.5,3.5,3.5,0
VMA,2021-01-20,2.8,3.5,3.5,3.5,0
VMA,2021-01-21,2.8,3.5,3.5,3.5,0
VMA,2021-01-22,2.8,2.8,2.8,2.8,0
VMA,2021-01-25,2.8,3.5,3.5,3.5,0
VMA,2021-01-26,2.8,3.5,3.5,3.5,0
VMA,2021-01-27,2.8,3.5,3.5,3.5,0
VMA,2021-01-28,2.8,3.5,3.5,3.5,0
VMA,2021-01-29,2.8,3.5,3.5,3.5,0
VMA,2021-02-01,2.8,3.5,3.5,3.5,0
VMA,2021-02-02,2.8,3.5,3.5,3.5,0
VMA,2021-02-03,2.8,3.5,3.5,3.5,0
VMA,2021-02-04,2.8,3.5,3.5,3.5,0
VMA,2021-02-05,2.8,3.5,3.5,3.5,0
VMA,2021-02-08,2.8,3.5,3.5,3.5,0
VMA,2021-02-09,2.8,3.5,3.5,3.5,0
VMA,2021-02-17,2.8,2.8,2.8,2.8,0
VMA,2021-02-18,2.8,3.5,3.5,3.5,0
VMA,2021-02-19,2.8,3.5,3.5,3.5,0
VMA,2021-02-22,2.8,3.5,3.5,3.5,0
VMA,2021-02-23,2.8,3.5,3.5,3.5,0
VMA,2021-02-24,2.8,3.5,3.5,3.5,0
VMA,2021-02-25,2.8,3.5,3.5,3.5,0
VMA,2021-02-26,2.8,3.5,3.5,3.5,0
VMA,2021-03-01,2.8,3.5,3.5,3.5,0
VMA,2021-03-02,2.8,3.5,3.5,3.5,0
VMA,2021-03-03,2.8,3.5,3.5,3.5,0
VMA,2021-03-04,2.8,3.5,3.5,3.5,0
VMA,2021-03-05,2.8,3.5,3.5,3.5,0
VMA,2021-03-08,2.8,3.5,3.5,3.5,0
VMA,2021-03-09,2.8,3.5,3.5,3.5,0
VMA,2021-03-10,2.8,3.5,3.5,3.5,0
VMA,2021-03-11,2.8,3.5,3.5,3.5,0
VMA,2021-03-12,2.8,3.5,3.5,3.5,0
VMA,2021-03-15,2.8,3.5,3.5,3.5,0
VMA,2021-03-16,2.8,3.5,3.5,3.5,0
VMA,2021-03-17,2.8,3.5,3.5,3.5,0
VMA,2021-03-18,2.8,3.5,3.5,3.5,0
VMA,2021-03-19,2.8,3.5,3.5,3.5,0
VMA,2021-03-22,2.8,3.5,3.5,3.5,0
VMA,2021-03-23,2.8,3.5,3.5,3.5,0
VMA,2021-03-24,2.8,3.5,3.5,3.5,0
VMA,2021-03-25,2.8,3.5,3.5,3.5,0
VMA,2021-03-26,2.8,3.5,3.5,3.5,0
VMA,2021-03-29,2.8,3.5,3.5,3.5,0
VMA,2021-03-30,2.8,3.5,3.5,3.5,0
VMA,2021-03-31,2.8,3.5,3.5,3.5,0
VMA,2021-04-01,2.8,3.5,3.5,3.5,0
VMA,2021-04-02,2.8,3.5,3.5,3.5,0
VMA,2021-04-05,2.8,3.5,3.5,3.5,0
VMA,2021-04-06,2.8,3.5,3.5,3.5,0
VMA,2021-04-07,2.8,3.5,3.5,3.5,0
VMA,2021-04-08,2.8,3.5,3.5,3.5,0
VMA,2021-04-09,2.8,3.5,3.5,3.5,0
VMA,2021-04-12,2.8,3.5,3.5,3.5,0
VMA,2021-04-13,2.8,3.5,3.5,3.5,0
VMA,2021-04-14,2.8,3.5,3.5,3.5,0
VMA,2021-04-15,2.8,3.5,3.5,3.5,0
VMA,2021-04-16,2.8,3.5,3.5,3.5,0
VMA,2021-04-19,2.8,3.5,3.5,3.5,0
VMA,2021-04-20,2.8,3.5,3.5,3.5,0
VMA,2021-04-22,2.8,3.5,3.5,3.5,0
VMA,2021-04-23,2.8,3.5,3.5,3.5,0
VMA,2021-04-26,2.8,3.5,3.5,3.5,0
VMA,2021-04-27,2.8,3.5,3.5,3.5,0
VMA,2021-04-28,2.8,3.5,3.5,3.5,0
VMA,2021-04-29,2.8,3.5,3.5,3.5,0
VMA,2021-05-04,2.8,3.5,3.5,3.5,0
VMA,2021-05-05,2.8,3.5,3.5,3.5,0
VMA,2021-05-06,2.8,3.5,3.5,3.5,0
VMA,2021-05-07,2.8,3.5,3.5,3.5,0
VMA,2021-05-10,2.8,3.5,3.5,3.5,0
VMA,2021-05-11,2.8,3.5,3.5,3.5,0
VMA,2021-05-12,2.8,3.5,3.5,3.5,0
VMA,2021-05-13,2.8,3.5,3.5,3.5,0
VMA,2021-05-14,2.8,3.5,3.5,3.5,0
VMA,2021-05-17,2.8,3.5,3.5,3.5,0
VMA,2021-05-18,2.8,3.5,3.5,3.5,0
VMA,2021-05-19,2.8,3.5,3.5,3.5,0
VMA,2021-05-20,2.8,3.5,3.5,3.5,0
VMA,2021-05-21,2.8,3.5,3.5,3.5,0
VMA,2021-05-24,2.8,3.5,3.5,3.5,0
VMA,2021-05-25,2.8,3.5,3.5,3.5,0
VMA,2021-05-26,2.8,3.5,3.5,3.5,0
VMA,2021-05-27,2.8,3.5,3.5,3.5,0
VMA,2021-05-28,2.8,3.5,3.5,3.5,0
VMA,2021-05-31,2.8,3.5,3.5,3.5,0
VMA,2021-06-01,2.8,3.5,3.5,3.5,0
VMA,2021-06-02,2.8,3.5,3.5,3.5,0
VMA,2021-06-03,2.8,4.0,4.0,4.0,0
VMA,2021-06-04,2.8,4.0,4.0,4.0,0
VMA,2021-06-07,2.8,4.0,4.0,4.0,0
VMA,2021-06-08,2.8,4.0,4.0,4.0,0
VMA,2021-06-09,2.8,4.0,4.0,4.0,0
VMA,2021-06-10,2.8,4.0,4.0,4.0,0
VMA,2021-06-11,2.8,4.0,4.0,4.0,0
VMA,2021-06-14,2.8,4.0,4.0,4.0,0
VMA,2021-06-15,2.8,4.0,4.0,4.0,0
VMA,2021-06-16,2.8,4.0,4.0,4.0,0
VMA,2021-06-17,2.8,4.0,4.0,4.0,0
VMA,2021-06-18,2.8,4.0,4.0,4.0,0
VMA,2021-06-21,2.8,4.0,4.0,4.0,0
VMA,2021-06-22,2.8,4.0,4.0,4.0,0
VMA,2021-06-23,2.8,4.0,4.0,4.0,0
VMA,2021-06-24,2.8,4.0,4.0,4.0,0
VMA,2021-06-25,2.8,4.0,4.0,4.0,0
VMA,2021-06-28,2.8,4.0,4.0,4.0,0
VMA,2021-06-29,2.8,4.0,4.0,4.0,0
VMA,2021-06-30,2.8,4.0,4.0,4.0,0
VMA,2021-07-01,2.8,4.0,4.0,4.0,0
VMA,2021-07-02,2.8,4.0,4.0,4.0,0
VMA,2021-07-05,2.8,4.0,4.0,4.0,0
VMA,2021-07-06,2.8,4.0,4.0,4.0,0
VMA,2021-07-07,2.8,4.0,4.0,4.0,0
VMA,2021-07-08,2.8,4.0,4.0,4.0,0
VMA,2021-07-09,2.8,4.0,4.0,4.0,0
VMA,2021-07-12,2.8,4.0,4.0,4.0,0
VMA,2021-07-13,2.8,4.0,4.0,4.0,0
VMA,2021-07-14,2.8,4.0,4.0,4.0,0
VMA,2021-07-15,2.8,4.0,4.0,4.0,0
VMA,2021-07-16,2.8,4.0,4.0,4.0,0
VMA,2021-07-19,2.8,4.0,4.0,4.0,0
VMA,2021-07-20,2.8,4.0,4.0,4.0,0
VMA,2021-07-21,2.8,4.0,4.0,4.0,0
VMA,2021-07-22,2.8,4.0,4.0,4.0,0
VMA,2021-07-23,2.8,4.0,4.0,4.0,0
VMA,2021-07-26,2.8,4.0,4.0,4.0,0
VMA,2021-07-27,2.8,4.0,4.0,4.0,0
VMA,2021-07-28,2.8,4.0,4.0,4.0,0
VMA,2021-07-29,2.8,4.0,4.0,4.0,0
VMA,2021-07-30,2.8,4.0,4.0,4.0,0
VMA,2021-08-02,2.8,2.8,2.8,2.8,0
VMA,2021-08-03,2.8,4.0,4.0,4.0,0
VMA,2021-08-04,2.8,4.0,4.0,4.0,0
VMA,2021-08-05,2.8,4.0,4.0,4.0,0
VMA,2021-08-06,2.8,4.0,4.0,4.0,0
VMA,2021-08-09,2.8,4.0,4.0,4.0,0
VMA,2021-08-10,2.8,4.0,4.0,4.0,0
VMA,2021-08-11,2.8,4.0,4.0,4.0,0
VMA,2021-08-12,2.8,4.0,4.0,4.0,0
VMA,2021-08-13,2.8,4.0,4.0,4.0,0
VMA,2021-08-16,2.8,4.0,4.0,4.0,0
VMA,2021-08-17,2.8,4.0,4.0,4.0,0
VMA,2021-08-18,2.8,4.0,4.0,4.0,0
VMA,2021-08-19,2.8,4.0,4.0,4.0,0
VMA,2021-08-20,2.8,2.8,2.8,2.8,0
VMA,2021-08-23,2.8,4.0,4.0,4.0,0
VMA,2021-08-24,2.8,4.0,4.0,4.0,0
VMA,2021-08-25,2.8,4.0,4.0,4.0,0
VMA,2021-08-26,2.8,4.0,4.0,4.0,0
VMA,2021-08-27,2.8,2.8,2.8,2.8,0
VMA,2021-08-30,2.8,2.8,2.8,2.8,0
VMA,2021-08-31,2.8,2.8,2.8,2.8,0
VMA,2021-09-01,2.8,2.8,2.8,2.8,0
VMA,2021-09-06,2.8,4.0,4.0,4.0,0
VMA,2021-09-07,2.8,4.0,4.0,4.0,0
VMA,2021-09-08,2.8,2.8,2.8,2.8,0
VMA,2021-09-09,2.8,2.8,2.8,2.8,0
VMA,2021-09-10,2.8,2.8,2.8,2.8,0
VMA,2021-09-13,2.8,2.8,2.8,2.8,0
VMA,2021-09-14,2.8,2.8,2.8,2.8,0
VMA,2021-09-15,2.8,2.8,2.8,2.8,0
VMA,2021-09-16,2.8,2.8,2.8,2.8,0
VMA,2021-09-17,2.8,2.8,2.8,2.8,0
VMA,2021-09-20,2.8,2.8,2.8,2.8,0
VMA,2021-09-21,2.8,2.8,2.8,2.8,0
VMA,2021-09-22,2.8,2.8,2.8,2.8,0
VMA,2021-09-23,2.8,2.8,2.8,2.8,0
VMA,2021-09-24,2.8,2.8,2.8,2.8,0
VMA,2021-09-27,2.8,2.8,2.8,2.8,0
VMA,2021-09-28,2.8,2.8,2.8,2.8,0
VMA,2021-09-29,2.8,2.8,2.8,2.8,0
VMA,2021-09-30,2.8,2.8,2.8,2.8,0
VMA,2021-10-01,2.8,2.8,2.8,2.8,0
VMA,2021-10-04,2.8,2.8,2.8,2.8,0
VMA,2021-10-05,2.8,2.8,2.8,2.8,0
VMA,2021-10-06,2.8,2.8,2.8,2.8,0
VMA,2021-10-07,2.8,2.8,2.8,2.8,0
VMA,2021-10-08,2.8,2.8,2.8,2.8,0
VMA,2021-10-11,2.8,2.8,2.8,2.8,0
VMA,2021-10-12,2.8,2.8,2.8,2.8,0
VMA,2021-10-13,2.8,2.8,2.8,2.8,0
VMA,2021-10-14,2.8,2.8,2.8,2.8,0
VMA,2021-10-15,2.8,2.8,2.8,2.8,0
VMA,2021-10-18,2.8,2.8,2.8,2.8,0
VMA,2021-10-19,2.8,2.8,2.8,2.8,0
VMA,2021-10-20,2.8,2.8,2.8,2.8,0
VMA,2021-10-21,2.8,2.8,2.8,2.8,0
VMA,2021-10-22,2.8,2.8,2.8,2.8,0
VMA,2021-10-25,2.8,2.8,2.8,2.8,0
VMA,2021-10-26,2.8,2.8,2.8,2.8,0
VMA,2021-10-27,2.8,2.8,2.8,2.8,0
VMA,2021-10-28,2.8,2.8,2.8,2.8,0
VMA,2021-10-29,2.8,2.8,2.8,2.8,0
VMA,2021-11-01,2.8,2.8,2.8,2.8,0
VMA,2021-11-02,2.8,2.8,2.8,2.8,0
VMA,2021-11-03,2.8,2.8,2.8,2.8,0
VMA,2021-11-04,2.8,2.8,2.8,2.8,0
VMA,2021-11-05,2.8,2.8,2.8,2.8,0
VMA,2021-11-08,2.8,2.8,2.8,2.8,0
VMA,2021-11-09,2.8,2.8,2.8,2.8,0
VMA,2021-11-10,2.8,2.8,2.8,2.8,0
VMA,2021-11-11,2.8,2.8,2.8,2.8,0
VMA,2021-11-12,2.8,2.8,2.8,2.8,0
VMA,2021-11-15,2.8,2.8,2.8,2.8,0
VMA,2021-11-16,2.8,2.8,2.8,2.8,0
VMA,2021-11-17,2.8,2.8,2.8,2.8,0
VMA,2021-11-18,2.8,2.8,2.8,2.8,0
VMA,2021-11-19,2.8,2.8,2.8,2.8,0
VMA,2021-11-22,2.8,2.8,2.8,2.8,0
VMA,2021-11-23,2.8,2.8,2.8,2.8,0
VMA,2021-11-24,2.8,2.8,2.8,2.8,0
VMA,2021-11-25,2.8,2.8,2.8,2.8,0
VMA,2021-11-26,2.8,2.8,2.8,2.8,0
VMA,2021-11-29,2.8,2.8,2.8,2.8,0
VMA,2021-11-30,2.8,2.8,2.8,2.8,0
VMA,2021-12-01,2.8,2.8,2.8,2.8,0
VMA,2021-12-02,2.8,2.8,2.8,2.8,0
VMA,2021-12-03,2.8,2.8,2.8,2.8,0
VMA,2021-12-06,2.8,2.8,2.8,2.8,0
VMA,2021-12-07,2.8,2.8,2.8,2.8,0
VMA,2021-12-08,2.8,2.8,2.8,2.8,0
VMA,2021-12-09,2.8,2.8,2.8,2.8,0
VMA,2021-12-10,2.8,2.8,2.8,2.8,0
VMA,2021-12-13,2.8,2.8,2.8,2.8,0
VMA,2021-12-14,2.8,2.8,2.8,2.8,0
VMA,2021-12-15,2.8,2.8,2.8,2.8,0
VMA,2021-12-16,2.8,2.8,2.8,2.8,0
VMA,2021-12-17,2.8,2.8,2.8,2.8,0
VMA,2021-12-20,2.8,2.8,2.8,2.8,0
VMA,2021-12-21,2.8,2.8,2.8,2.8,0
VMA,2021-12-22,2.8,2.8,2.8,2.8,0
VMA,2021-12-23,2.8,2.8,2.8,2.8,0
VMA,2021-12-24,2.8,2.8,2.8,2.8,0
VMA,2021-12-27,2.8,2.8,2.8,2.8,0
VMA,2021-12-28,2.8,2.8,2.8,2.8,0
VMA,2021-12-29,2.8,2.8,2.8,2.8,0
VMA,2021-12-30,2.8,2.8,2.8,2.8,0
VMA,2021-12-31,2.8,2.8,2.8,2.8,0
VMA,2022-01-04,2.8,2.8,2.8,2.8,0
VMA,2022-01-05,2.8,2.8,2.8,2.8,0
VMA,2022-01-06,2.8,2.8,2.8,2.8,0
VMA,2022-01-07,2.8,2.8,2.8,2.8,0
VMA,2022-01-10,2.8,2.8,2.8,2.8,0
VMA,2022-01-11,2.8,2.8,2.8,2.8,0
VMA,2022-01-12,2.8,2.8,2.8,2.8,0
VMA,2022-01-13,2.8,2.8,2.8,2.8,0
VMA,2022-01-14,2.8,2.8,2.8,2.8,0
VMA,2022-01-17,2.8,2.8,2.8,2.8,0
VMA,2022-01-18,2.8,2.8,2.8,2.8,0
VMA,2022-01-19,2.8,2.8,2.8,2.8,0
VMA,2022-01-20,2.8,2.8,2.8,2.8,0
VMA,2022-01-21,2.8,2.8,2.8,2.8,0
VMA,2022-01-24,2.8,2.8,2.8,2.8,0
VMA,2022-01-25,2.8,2.8,2.8,2.8,0
VMA,2022-01-26,2.8,2.8,2.8,2.8,0
VMA,2022-01-27,2.8,2.8,2.8,2.8,0
VMA,2022-01-28,2.8,2.8,2.8,2.8,0
VMA,2022-02-07,2.8,2.8,2.8,2.8,0
VMA,2022-02-08,2.8,2.8,2.8,2.8,0
VMA,2022-02-09,2.8,2.8,2.8,2.8,0
VMA,2022-02-10,2.8,2.8,2.8,2.8,0
VMA,2022-02-11,2.8,2.8,2.8,2.8,0
VMA,2022-02-14,2.8,2.8,2.8,2.8,0
VMA,2022-02-15,2.8,2.8,2.8,2.8,0
VMA,2022-02-16,2.8,2.8,2.8,2.8,0
VMA,2022-02-17,2.8,2.8,2.8,2.8,0
VMA,2022-02-18,2.8,2.8,2.8,2.8,0
VMA,2022-02-21,2.8,2.8,2.8,2.8,0
VMA,2022-02-22,2.8,2.8,2.8,2.8,0
VMA,2022-02-23,2.8,2.8,2.8,2.8,0
VMA,2022-02-24,2.8,2.8,2.8,2.8,0
VMA,2022-02-25,2.8,2.8,2.8,2.8,0
VMA,2022-02-28,2.8,2.8,2.8,2.8,0
VMA,2022-03-01,2.8,2.8,2.8,2.8,0
VMA,2022-03-02,2.8,2.8,2.8,2.8,0
VMA,2022-03-03,2.8,2.8,2.8,2.8,0
VMA,2022-03-04,2.8,2.8,2.8,2.8,0
VMA,2022-03-07,2.8,2.8,2.8,2.8,0
VMA,2022-03-08,2.8,2.8,2.8,2.8,0
VMA,2022-03-09,2.8,2.8,2.8,2.8,0
VMA,2022-03-10,2.8,2.8,2.8,2.8,0
VMA,2022-03-11,2.8,2.8,2.8,2.8,0
VMA,2022-03-14,2.8,2.8,2.8,2.8,0
VMA,2022-03-15,2.8,2.8,2.8,2.8,0
VMA,2022-03-16,2.8,2.8,2.8,2.8,0
VMA,2022-03-17,2.8,2.8,2.8,2.8,0
VMA,2022-03-18,2.8,2.8,2.8,2.8,0
VMA,2022-03-21,2.8,2.8,2.8,2.8,0
VMA,2022-03-22,2.8,2.8,2.8,2.8,0
VMA,2022-03-23,2.8,2.8,2.8,2.8,0
VMA,2022-03-24,2.8,2.8,2.8,2.8,0
VMA,2022-03-25,2.8,2.8,2.8,2.8,0
VMA,2022-03-28,2.8,2.8,2.8,2.8,0
VMA,2022-03-29,2.8,2.8,2.8,2.8,0
VMA,2022-03-30,2.8,2.8,2.8,2.8,0
VMA,2022-03-31,2.8,2.8,2.8,2.8,0
VMA,2022-04-01,2.8,2.8,2.8,2.8,0
VMA,2022-04-04,2.8,2.8,2.8,2.8,0
VMA,2022-04-05,2.8,2.8,2.8,2.8,0
VMA,2022-04-06,2.8,2.8,2.8,2.8,0
VMA,2022-04-07,2.8,2.8,2.8,2.8,0
VMA,2022-04-08,2.8,2.8,2.8,2.8,0
VMA,2022-04-12,2.8,2.8,2.8,2.8,0
VMA,2022-04-13,2.8,2.8,2.8,2.8,0
VMA,2022-04-14,2.8,2.8,2.8,2.8,0
VMA,2022-04-15,2.8,2.8,2.8,2.8,0
VMA,2022-04-18,2.8,2.8,2.8,2.8,0
VMA,2022-04-19,2.8,2.8,2.8,2.8,0
VMA,2022-04-20,2.8,2.8,2.8,2.8,0
VMA,2022-04-21,2.8,2.8,2.8,2.8,0
VMA,2022-04-22,2.8,2.8,2.8,2.8,0
VMA,2022-04-25,2.8,2.8,2.8,2.8,0
VMA,2022-04-26,2.8,2.8,2.8,2.8,0
VMA,2022-04-27,2.8,2.8,2.8,2.8,0
VMA,2022-04-28,2.8,2.8,2.8,2.8,0
VMA,2022-04-29,2.8,2.8,2.8,2.8,0
VMA,2022-05-04,2.8,2.8,2.8,2.8,0
VMA,2022-05-05,2.8,2.8,2.8,2.8,0
VMA,2022-05-06,2.8,2.8,2.8,2.8,0
VMA,2022-05-09,2.8,2.8,2.8,2.8,0
VMA,2022-05-10,2.8,2.8,2.8,2.8,0
VMA,2022-05-11,2.8,2.8,2.8,2.8,0
VMA,2022-05-12,2.8,2.8,2.8,2.8,0
VMA,2022-05-13,2.8,2.8,2.8,2.8,0
VMA,2022-05-16,2.8,2.8,2.8,2.8,0
VMA,2022-05-17,2.8,2.8,2.8,2.8,0
VMA,2022-05-18,2.8,2.8,2.8,2.8,0
VMA,2022-05-19,2.8,2.8,2.8,2.8,0
VMA,2022-05-20,2.8,2.8,2.8,2.8,0
VMA,2022-05-23,2.8,2.8,2.8,2.8,0
VMA,2022-05-24,2.8,2.8,2.8,2.8,0
VMA,2022-05-25,2.8,2.8,2.8,2.8,0
VMA,2022-05-26,2.8,2.8,2.8,2.8,0
VMA,2022-05-27,2.8,2.8,2.8,2.8,0
VMA,2022-05-30,2.8,2.8,2.8,2.8,0
VMA,2022-05-31,2.8,2.8,2.8,2.8,0
VMA,2022-06-01,2.8,2.8,2.8,2.8,0
VMA,2022-06-02,2.8,2.8,2.8,2.8,0
VMA,2022-06-03,2.8,2.8,2.8,2.8,0
VMA,2022-06-06,2.8,2.8,2.8,2.8,0
VMA,2022-06-07,2.8,2.8,2.8,2.8,0
VMA,2022-06-08,2.8,2.8,2.8,2.8,0
VMA,2022-06-09,2.8,2.8,2.8,2.8,0
VMA,2022-06-10,2.8,2.8,2.8,2.8,0
VMA,2022-06-13,2.8,2.8,2.8,2.8,0
VMA,2022-06-14,2.8,2.8,2.8,2.8,0
VMA,2022-06-15,2.8,2.8,2.8,2.8,0
VMA,2022-06-16,2.8,2.8,2.8,2.8,0
VMA,2022-06-17,2.8,2.8,2.8,2.8,0
VMA,2022-06-20,2.8,2.8,2.8,2.8,0
VMA,2022-06-21,2.8,2.8,2.8,2.8,0
VMA,2022-06-22,2.8,2.8,2.8,2.8,0
VMA,2022-06-23,2.8,2.8,2.8,2.8,0
VMA,2022-06-24,2.8,2.8,2.8,2.8,0
VMA,2022-06-27,2.8,2.8,2.8,2.8,0
VMA,2022-06-28,2.8,2.8,2.8,2.8,0
VMA,2022-06-29,2.8,2.8,2.8,2.8,0
VMA,2022-06-30,2.8,2.8,2.8,2.8,0
VMA,2022-07-01,2.8,2.8,2.8,2.8,0
VMA,2022-07-04,2.8,2.8,2.8,2.8,0
VMA,2022-07-05,2.8,2.8,2.8,2.8,0
VMA,2022-07-06,2.8,2.8,2.8,2.8,0
VMA,2022-07-07,2.8,2.8,2.8,2.8,0
VMA,2022-07-08,2.8,2.8,2.8,2.8,0
VMA,2022-07-11,2.8,2.8,2.8,2.8,0
VMA,2022-07-12,2.8,2.8,2.8,2.8,0
VMA,2022-07-13,2.8,2.8,2.8,2.8,0
VMA,2022-07-14,2.8,2.8,2.8,2.8,0
VMA,2022-07-15,2.8,2.8,2.8,2.8,0
VMA,2022-07-18,2.8,2.8,2.8,2.8,0
VMA,2022-07-19,2.8,2.8,2.8,2.8,0
VMA,2022-07-20,2.8,2.8,2.8,2.8,0
VMA,2022-07-21,2.8,2.8,2.8,2.8,0
VMA,2022-07-22,2.8,2.8,2.8,2.8,0
VMA,2022-07-25,2.8,2.8,2.8,2.8,0
VMA,2022-07-26,2.8,2.8,2.8,2.8,0
VMA,2022-07-27,2.8,2.8,2.8,2.8,0
VMA,2022-07-28,2.8,2.8,2.8,2.8,0
VMA,2022-07-29,2.8,2.8,2.8,2.8,0
VMA,2022-08-01,2.8,2.8,2.8,2.8,0
VMA,2022-08-02,2.8,2.8,2.8,2.8,0
VMA,2022-08-03,2.8,2.8,2.8,2.8,0
VMA,2022-08-04,2.8,2.8,2.8,2.8,0
VMA,2022-08-05,2.8,2.8,2.8,2.8,0
VMA,2022-08-08,2.8,2.8,2.8,2.8,0
VMA,2022-08-09,2.8,2.8,2.8,2.8,0
VMA,2022-08-10,2.8,2.8,2.8,2.8,0
VMA,2022-08-11,2.8,2.8,2.8,2.8,0
VMA,2022-08-12,2.8,2.8,2.8,2.8,0
VMA,2022-08-15,2.8,2.8,2.8,2.8,0
VMA,2022-08-16,2.8,2.8,2.8,2.8,0
VMA,2022-08-17,2.8,2.8,2.8,2.8,0
VMA,2022-08-18,2.8,2.8,2.8,2.8,0
VMA,2022-08-19,2.8,2.8,2.8,2.8,0
VMA,2022-08-22,2.8,2.8,2.8,2.8,0
VMA,2022-08-23,2.8,2.8,2.8,2.8,0
VMA,2022-08-24,2.8,2.8,2.8,2.8,0
VMA,2022-08-25,2.8,2.8,2.8,2.8,0
VMA,2022-08-26,2.8,2.8,2.8,2.8,0
VMA,2022-08-29,2.8,2.8,2.8,2.8,0
VMA,2022-08-30,2.8,2.8,2.8,2.8,0
VMA,2022-08-31,2.8,2.8,2.8,2.8,0
VMA,2022-09-05,2.8,2.8,2.8,2.8,0
VMA,2022-09-06,2.8,2.8,2.8,2.8,0
VMA,2022-09-07,2.8,2.8,2.8,2.8,0
VMA,2022-09-08,2.8,2.8,2.8,2.8,0
VMA,2022-09-09,2.8,2.8,2.8,2.8,0
VMA,2022-09-12,2.8,2.8,2.8,2.8,0
VMA,2022-09-13,2.8,2.8,2.8,2.8,0
VMA,2022-09-14,2.8,2.8,2.8,2.8,0
VMA,2022-09-15,2.8,2.8,2.8,2.8,0
VMA,2022-09-16,2.8,2.8,2.8,2.8,0
VMA,2022-09-19,2.8,2.8,2.8,2.8,0
VMA,2022-09-20,2.8,2.8,2.8,2.8,0
VMA,2022-09-21,2.8,2.8,2.8,2.8,0
VMA,2022-09-22,2.8,2.8,2.8,2.8,0
VMA,2022-09-23,2.8,2.8,2.8,2.8,0
VMA,2022-09-26,2.8,2.8,2.8,2.8,0
VMA,2022-09-27,2.8,2.8,2.8,2.8,0
VMA,2022-09-28,2.8,2.8,2.8,2.8,0
VMA,2022-09-29,2.8,2.8,2.8,2.8,0
VMA,2022-09-30,2.8,2.8,2.8,2.8,0
VMA,2022-10-03,2.8,2.8,2.8,2.8,0
VMA,2022-10-04,2.8,2.8,2.8,2.8,0
VMA,2022-10-05,2.8,2.8,2.8,2.8,0
VMA,2022-10-06,2.8,2.8,2.8,2.8,0
VMA,2022-10-07,2.8,2.8,2.8,2.8,0
VMA,2022-10-10,2.8,2.8,2.8,2.8,0
VMA,2022-10-11,2.8,2.8,2.8,2.8,0
VMA,2022-10-12,2.8,2.8,2.8,2.8,0
VMA,2022-10-13,2.8,2.8,2.8,2.8,0
VMA,2022-10-14,2.8,2.8,2.8,2.8,0
VMA,2022-10-17,2.8,2.8,2.8,2.8,0
VMA,2022-10-18,2.8,2.8,2.8,2.8,0
VMA,2022-10-19,2.8,2.8,2.8,2.8,0
VMA,2022-10-20,2.8,2.8,2.8,2.8,0
VMA,2022-10-21,2.8,2.8,2.8,2.8,0
VMA,2022-10-24,2.8,2.8,2.8,2.8,0
VMA,2022-10-25,2.8,2.8,2.8,2.8,0
VMA,2022-10-26,2.8,2.8,2.8,2.8,0
VMA,2022-10-27,2.8,2.8,2.8,2.8,0
VMA,2022-10-28,2.8,2.8,2.8,2.8,0
VMA,2022-10-31,2.8,2.8,2.8,2.8,0
VMA,2022-11-01,2.8,2.8,2.8,2.8,0
VMA,2022-11-02,2.8,2.8,2.8,2.8,0
VMA,2022-11-03,2.8,2.8,2.8,2.8,0
VMA,2022-11-04,2.8,2.8,2.8,2.8,0
VMA,2022-11-07,2.8,2.8,2.8,2.8,0
VMA,2022-11-08,2.8,2.8,2.8,2.8,0
VMA,2022-11-09,2.8,2.8,2.8,2.8,0
VMA,2022-11-10,2.8,2.8,2.8,2.8,0
VMA,2022-11-11,2.8,2.8,2.8,2.8,0
VMA,2022-11-14,2.8,2.8,2.8,2.8,0
VMA,2022-11-15,2.8,2.8,2.8,2.8,0
VMA,2022-11-16,2.8,2.8,2.8,2.8,0
VMA,2022-11-17,2.8,2.8,2.8,2.8,0
VMA,2022-11-18,2.8,2.8,2.8,2.8,0
VMA,2022-11-21,2.8,2.8,2.8,2.8,0
VMA,2022-11-22,2.8,2.8,2.8,2.8,0
VMA,2022-11-23,2.8,2.8,2.8,2.8,0
VMA,2022-11-24,2.8,2.8,2.8,2.8,0
VMA,2022-11-25,2.8,2.8,2.8,2.8,0
VMA,2022-11-28,2.8,2.8,2.8,2.8,0
VMA,2022-11-29,2.8,2.8,2.8,2.8,0
VMA,2022-11-30,2.8,2.8,2.8,2.8,0
VMA,2022-12-01,2.8,2.8,2.8,2.8,0
VMA,2022-12-02,2.8,2.8,2.8,2.8,0
VMA,2022-12-05,2.8,2.8,2.8,2.8,0
VMA,2022-12-06,2.8,2.8,2.8,2.8,0
VMA,2022-12-07,2.8,2.8,2.8,2.8,0
VMA,2022-12-08,2.8,2.8,2.8,2.8,0
VMA,2022-12-09,2.8,2.8,2.8,2.8,0
VMA,2022-12-12,2.8,2.8,2.8,2.8,0
VMA,2022-12-13,2.8,2.8,2.8,2.8,0
VMA,2022-12-14,2.8,2.8,2.8,2.8,0
VMA,2022-12-15,2.8,2.8,2.8,2.8,0
VMA,2022-12-16,2.8,2.8,2.8,2.8,0
VMA,2022-12-19,2.8,2.8,2.8,2.8,0
VMA,2022-12-20,2.8,2.8,2.8,2.8,0
VMA,2022-12-21,2.8,2.8,2.8,2.8,0
VMA,2022-12-22,2.8,2.8,2.8,2.8,0
VMA,2022-12-23,2.8,2.8,2.8,2.8,0
VMA,2022-12-26,2.8,2.8,2.8,2.8,0
VMA,2022-12-27,2.8,2.8,2.8,2.8,0
VMA,2022-12-28,2.8,2.8,2.8,2.8,0
VMA,2022-12-29,2.8,2.8,2.8,2.8,0
VMA,2022-12-30,2.8,2.8,2.8,2.8,0
VMA,2023-01-03,2.8,2.8,2.8,2.8,0
VMA,2023-01-04,2.8,2.8,2.8,2.8,0
VMA,2023-01-05,2.8,2.8,2.8,2.8,0
VMA,2023-01-06,2.8,2.8,2.8,2.8,0
VMA,2023-01-09,2.8,2.8,2.8,2.8,0
VMA,2023-01-10,2.8,2.8,2.8,2.8,0
VMA,2023-01-11,2.8,2.8,2.8,2.8,0
VMA,2023-01-12,2.8,2.8,2.8,2.8,0
VMA,2023-01-13,2.8,2.8,2.8,2.8,0
VMA,2023-01-16,2.8,2.8,2.8,2.8,0
VMA,2023-01-17,2.8,2.8,2.8,2.8,0
VMA,2023-01-18,2.8,2.8,2.8,2.8,0
VMA,2023-01-19,2.8,2.8,2.8,2.8,0
VMA,2023-01-27,2.8,2.8,2.8,2.8,0
VMA,2023-01-30,2.8,2.8,2.8,2.8,0
VMA,2023-01-31,2.8,2.8,2.8,2.8,0
VMA,2023-02-01,2.8,2.8,2.8,2.8,0
VMA,2023-02-02,2.8,2.8,2.8,2.8,0
VMA,2023-02-03,2.8,2.8,2.8,2.8,0
VMA,2023-02-06,2.8,2.8,2.8,2.8,0
VMA,2023-02-07,2.8,2.8,2.8,2.8,0
VMA,2023-02-08,2.8,2.8,2.8,2.8,0
VMA,2023-02-09,2.8,2.8,2.8,2.8,0
VMA,2023-02-10,2.8,2.8,2.8,2.8,0
VMA,2023-02-13,2.8,2.8,2.8,2.8,0
VMA,2023-02-14,2.8,2.8,2.8,2.8,0
VMA,2023-02-15,2.8,2.8,2.8,2.8,0
VMA,2023-02-16,2.8,2.8,2.8,2.8,0
VMA,2023-02-17,2.8,2.8,2.8,2.8,0
VMA,2023-02-20,2.8,2.8,2.8,2.8,0
VMA,2023-02-21,2.8,2.8,2.8,2.8,0
VMA,2023-02-22,2.8,2.8,2.8,2.8,0
VMA,2023-02-23,2.8,2.8,2.8,2.8,0
VMA,2023-02-24,2.8,2.8,2.8,2.8,0
VMA,2023-02-27,2.8,2.8,2.8,2.8,0
VMA,2023-02-28,2.8,2.8,2.8,2.8,0
VMA,2023-03-01,2.8,2.8,2.8,2.8,0
VMA,2023-03-02,2.8,2.8,2.8,2.8,0
VMA,2023-03-03,2.8,2.8,2.8,2.8,0
VMA,2023-03-06,2.8,2.8,2.8,2.8,0
VMA,2023-03-07,2.8,2.8,2.8,2.8,0
VMA,2023-03-08,2.8,2.8,2.8,2.8,0
VMA,2023-03-09,2.8,2.8,2.8,2.8,0
VMA,2023-03-10,2.8,2.8,2.8,2.8,0
VMA,2023-03-13,2.8,2.8,2.8,2.8,0
VMA,2023-03-14,2.8,2.8,2.8,2.8,0
VMA,2023-03-15,2.8,2.8,2.8,2.8,0
VMA,2023-03-16,2.8,2.8,2.8,2.8,0
VMA,2023-03-17,2.8,2.8,2.8,2.8,0
VMA,2023-03-20,2.8,2.8,2.8,2.8,0
VMA,2023-03-21,2.8,2.8,2.8,2.8,0
VMA,2023-03-22,2.8,2.8,2.8,2.8,0
VMA,2023-03-23,2.8,2.8,2.8,2.8,0
VMA,2023-03-24,2.8,2.8,2.8,2.8,0
VMA,2023-03-27,2.8,2.8,2.8,2.8,0
VMA,2023-03-28,2.8,2.8,2.8,2.8,0
VMA,2023-03-29,2.8,2.8,2.8,2.8,0
VMA,2023-03-30,2.8,2.8,2.8,2.8,0
VMA,2023-03-31,2.8,2.8,2.8,2.8,0
VMA,2023-04-03,2.8,2.8,2.8,2.8,0
VMA,2023-04-04,2.8,2.8,2.8,2.8,0
VMA,2023-04-05,2.8,2.8,2.8,2.8,0
VMA,2023-04-06,2.8,2.8,2.8,2.8,0
VMA,2023-04-07,2.8,2.8,2.8,2.8,0
VMA,2023-04-10,2.8,2.8,2.8,2.8,0
VMA,2023-04-11,2.8,2.8,2.8,2.8,0
VMA,2023-04-12,2.8,2.8,2.8,2.8,0
VMA,2023-04-13,2.8,2.8,2.8,2.8,0
VMA,2023-04-14,2.8,2.8,2.8,2.8,0
VMA,2023-04-17,2.8,2.8,2.8,2.8,0
VMA,2023-04-18,2.8,2.8,2.8,2.8,0
VMA,2023-04-19,2.8,2.8,2.8,2.8,0
VMA,2023-04-20,2.8,2.8,2.8,2.8,0
VMA,2023-04-21,2.8,2.8,2.8,2.8,0
VMA,2023-04-24,2.8,2.8,2.8,2.8,0
VMA,2023-04-25,2.8,2.8,2.8,2.8,0
VMA,2023-04-26,2.8,2.8,2.8,2.8,0
VMA,2023-04-27,2.8,2.8,2.8,2.8,0
VMA,2023-04-28,2.8,2.8,2.8,2.8,0
VMA,2023-05-04,2.8,2.8,2.8,2.8,0
VMA,2023-05-05,2.8,2.8,2.8,2.8,0
VMA,2023-05-08,2.8,2.8,2.8,2.8,0
VMA,2023-05-09,2.8,2.8,2.8,2.8,0
VMA,2023-05-10,2.8,2.8,2.8,2.8,0
VMA,2023-05-11,2.8,2.8,2.8,2.8,0
VMA,2023-05-12,2.8,2.8,2.8,2.8,0
VMA,2023-05-15,2.8,2.8,2.8,2.8,0
VMA,2023-05-16,2.8,2.8,2.8,2.8,0
VMA,2023-05-17,2.8,2.8,2.8,2.8,0
VMA,2023-05-18,2.8,2.8,2.8,2.8,0
VMA,2023-05-19,2.8,2.8,2.8,2.8,0
VMA,2023-05-22,2.8,2.8,2.8,2.8,0
VMA,2023-05-23,2.8,2.8,2.8,2.8,0
VMA,2023-05-24,2.8,2.8,2.8,2.8,0
VMA,2023-05-25,2.8,2.8,2.8,2.8,0
VMA,2023-05-26,2.8,2.8,2.8,2.8,0
VMA,2023-05-29,2.8,2.8,2.8,2.8,0
VMA,2023-05-30,2.8,2.8,2.8,2.8,0
VMA,2023-05-31,2.8,2.8,2.8,2.8,0
VMA,2023-06-01,2.8,2.8,2.8,2.8,0
VMA,2023-06-02,2.8,2.8,2.8,2.8,0
VMA,2023-06-05,2.8,2.8,2.8,2.8,0
VMA,2023-06-06,2.8,2.8,2.8,2.8,0
VMA,2023-06-07,2.8,2.8,2.8,2.8,0
VMA,2023-06-08,2.8,2.8,2.8,2.8,0
VMA,2023-06-09,2.8,2.8,2.8,2.8,0
VMA,2023-06-12,2.8,2.8,2.8,2.8,0
VMA,2023-06-13,2.8,2.8,2.8,2.8,0
VMA,2023-06-14,2.8,2.8,2.8,2.8,0
VMA,2023-06-15,2.8,2.8,2.8,2.8,0
VMA,2023-06-16,2.8,2.8,2.8,2.8,0
VMA,2023-06-19,2.8,2.8,2.8,2.8,0
VMA,2023-06-20,2.8,2.8,2.8,2.8,0
VMA,2023-06-21,2.8,2.8,2.8,2.8,0
VMA,2023-06-22,2.8,2.8,2.8,2.8,0
VMA,2023-06-23,2.8,2.8,2.8,2.8,0
VMA,2023-06-26,2.8,2.8,2.8,2.8,0
VMA,2023-06-27,2.8,2.8,2.8,2.8,0
VMA,2023-06-28,2.8,2.8,2.8,2.8,0
VMA,2023-06-29,2.8,2.8,2.8,2.8,0
VMA,2023-06-30,2.8,2.8,2.8,2.8,0
VMA,2023-07-03,2.8,2.8,2.8,2.8,0
VMA,2023-07-04,2.8,2.8,2.8,2.8,0
VMA,2023-07-05,2.8,2.8,2.8,2.8,0
VMA,2023-07-06,2.8,2.8,2.8,2.8,0
VMA,2023-07-07,2.8,2.8,2.8,2.8,0
VMA,2023-07-10,2.8,2.8,2.8,2.8,0
VMA,2023-07-11,2.8,2.8,2.8,2.8,0
VMA,2023-07-12,2.8,2.8,2.8,2.8,0
VMA,2023-07-13,2.8,2.8,2.8,2.8,0
VMA,2023-07-14,2.8,2.8,2.8,2.8,0
VMA,2023-07-17,2.8,2.8,2.8,2.8,0
VMA,2023-07-18,2.8,2.8,2.8,2.8,0
VMA,2023-07-19,2.8,2.8,2.8,2.8,0
VMA,2023-07-20,2.8,2.8,2.8,2.8,0
VMA,2023-07-21,2.8,2.8,2.8,2.8,0
VMA,2023-07-24,2.8,2.8,2.8,2.8,0
VMA,2023-07-25,2.8,2.8,2.8,2.8,0
VMA,2023-07-26,2.8,2.8,2.8,2.8,0
VMA,2023-07-27,2.8,2.8,2.8,2.8,0
VMA,2023-07-28,2.8,2.8,2.8,2.8,0
VMA,2023-07-31,2.8,2.8,2.8,2.8,0
VMA,2023-08-01,2.8,2.8,2.8,2.8,0
VMA,2023-08-02,2.8,2.8,2.8,2.8,0
VMA,2023-08-03,2.8,2.8,2.8,2.8,0
VMA,2023-08-04,2.8,2.8,2.8,2.8,0
VMA,2023-08-07,2.8,2.8,2.8,2.8,0
VMA,2023-08-08,2.8,2.8,2.8,2.8,0
VMA,2023-08-09,2.8,2.8,2.8,2.8,0
VMA,2023-08-10,2.8,2.8,2.8,2.8,0
VMA,2023-08-11,2.8,2.8,2.8,2.8,0
VMA,2023-08-14,2.8,2.8,2.8,2.8,0
VMA,2023-08-15,2.8,2.8,2.8,2.8,0
VMA,2023-08-16,2.8,2.8,2.8,2.8,0
VMA,2023-08-17,2.8,2.8,2.8,2.8,0
VMA,2023-08-18,2.8,2.8,2.8,2.8,0
VMA,2023-08-21,2.8,2.8,2.8,2.8,0
VMA,2023-08-22,2.8,2.8,2.8,2.8,0
VMA,2023-08-23,2.8,2.8,2.8,2.8,0
VMA,2023-08-24,2.8,2.8,2.8,2.8,0
VMA,2023-08-25,2.8,2.8,2.8,2.8,0
VMA,2023-08-28,2.8,2.8,2.8,2.8,0
VMA,2023-08-29,2.8,2.8,2.8,2.8,0
VMA,2023-08-30,2.8,2.8,2.8,2.8,0
VMA,2023-08-31,2.8,2.8,2.8,2.8,0
VMA,2023-09-05,2.8,2.8,2.8,2.8,0
VMA,2023-09-06,2.8,2.8,2.8,2.8,0
VMA,2023-09-07,2.8,2.8,2.8,2.8,0
VMA,2023-09-08,2.8,2.8,2.8,2.8,0
VMA,2023-09-11,2.8,2.8,2.8,2.8,0
VMA,2023-09-12,2.8,2.8,2.8,2.8,0
VMA,2023-09-13,2.8,2.8,2.8,2.8,0
VMA,2023-09-14,2.8,2.8,2.8,2.8,0
VMA,2023-09-15,2.8,2.8,2.8,2.8,0
VMA,2023-09-18,2.8,2.8,2.8,2.8,0
VMA,2023-09-19,2.8,2.8,2.8,2.8,0
VMA,2023-09-20,2.8,2.8,2.8,2.8,0
VMA,2023-09-21,2.8,2.8,2.8,2.8,0
VMA,2023-09-22,2.8,2.8,2.8,2.8,0
VMA,2023-09-25,2.8,2.8,2.8,2.8,0
VMA,2023-09-26,2.8,2.8,2.8,2.8,0
VMA,2023-09-27,2.8,2.8,2.8,2.8,0
VMA,2023-09-28,2.8,2.8,2.8,2.8,0
VMA,2023-09-29,2.8,2.8,2.8,2.8,0
VMA,2023-10-02,2.8,2.8,2.8,2.8,0
VMA,2023-10-03,2.8,2.8,2.8,2.8,0
VMA,2023-10-04,2.8,2.8,2.8,2.8,0
VMA,2023-10-05,2.8,2.8,2.8,2.8,0
VMA,2023-10-06,2.8,2.8,2.8,2.8,0
VMA,2023-10-09,2.8,2.8,2.8,2.8,0
VMA,2023-10-10,2.8,2.8,2.8,2.8,0
VMA,2023-10-11,2.8,2.8,2.8,2.8,0
VMA,2023-10-12,2.8,2.8,2.8,2.8,0
VMA,2023-10-13,2.8,2.8,2.8,2.8,0
VMA,2023-10-16,2.8,2.8,2.8,2.8,0
VMA,2023-10-17,2.8,2.8,2.8,2.8,0
VMA,2023-10-18,2.8,2.8,2.8,2.8,0
VMA,2023-10-19,2.8,2.8,2.8,2.8,0
VMA,2023-10-20,2.8,2.8,2.8,2.8,0
VMA,2023-10-23,2.8,2.8,2.8,2.8,0
VMA,2023-10-24,2.8,2.8,2.8,2.8,0
VMA,2023-10-25,2.8,2.8,2.8,2.8,0
VMA,2023-10-26,2.8,2.8,2.8,2.8,0
VMA,2023-10-27,2.8,2.8,2.8,2.8,0
VMA,2023-10-30,2.8,2.8,2.8,2.8,0
VMA,2023-10-31,2.8,2.8,2.8,2.8,0
VMA,2023-11-01,2.8,2.8,2.8,2.8,0
VMA,2023-11-02,2.8,2.8,2.8,2.8,0
VMA,2023-11-03,2.8,2.8,2.8,2.8,0
VMA,2023-11-06,2.8,2.8,2.8,2.8,0
VMA,2023-11-07,2.8,2.8,2.8,2.8,0
VMA,2023-11-08,2.8,2.8,2.8,2.8,0
VMA,2023-11-09,2.8,2.8,2.8,2.8,0
VMA,2023-11-10,2.8,2.8,2.8,2.8,0
VMA,2023-11-13,2.8,2.8,2.8,2.8,0
VMA,2023-11-14,2.8,2.8,2.8,2.8,0
VMA,2023-11-15,2.8,2.8,2.8,2.8,0
VMA,2023-11-16,2.8,2.8,2.8,2.8,0
VMA,2023-11-17,2.8,2.8,2.8,2.8,0
VMA,2023-11-20,2.8,2.8,2.8,2.8,0
VMA,2023-11-21,2.8,2.8,2.8,2.8,0
VMA,2023-11-22,2.8,2.8,2.8,2.8,0
VMA,2023-11-23,2.8,2.8,2.8,2.8,0
VMA,2023-11-24,2.8,2.8,2.8,2.8,0
VMA,2023-11-27,2.8,2.8,2.8,2.8,0
VMA,2023-11-28,2.8,2.8,2.8,2.8,0
VMA,2023-11-29,2.8,2.8,2.8,2.8,0
VMA,2023-11-30,2.8,2.8,2.8,2.8,0
VMA,2023-12-01,2.8,2.8,2.8,2.8,0
VMA,2023-12-04,2.8,2.8,2.8,2.8,0
VMA,2023-12-05,2.8,2.8,2.8,2.8,0
VMA,2023-12-06,2.8,2.8,2.8,2.8,0
VMA,2023-12-07,2.8,2.8,2.8,2.8,0
VMA,2023-12-08,2.8,2.8,2.8,2.8,0
VMA,2023-12-11,2.8,2.8,2.8,2.8,0
VMA,2023-12-12,2.8,2.8,2.8,2.8,0
VMA,2023-12-13,2.8,2.8,2.8,2.8,0
VMA,2023-12-14,2.8,2.8,2.8,2.8,0
VMA,2023-12-15,2.8,2.8,2.8,2.8,0
VMA,2023-12-18,2.8,2.8,2.8,2.8,0
VMA,2023-12-19,2.8,2.8,2.8,2.8,0
VMA,2023-12-20,2.8,2.8,2.8,2.8,0
VMA,2023-12-21,2.8,2.8,2.8,2.8,0
VMA,2023-12-22,2.8,2.8,2.8,2.8,0
VMA,2023-12-25,2.8,2.8,2.8,2.8,0
VMA,2023-12-26,2.8,2.8,2.8,2.8,0
VMA,2023-12-27,2.8,2.8,2.8,2.8,0
VMA,2023-12-28,2.8,2.8,2.8,2.8,0
VMA,2023-12-29,2.8,2.8,2.8,2.8,0
VMA,2024-01-02,2.8,2.8,2.8,2.8,0
VMA,2024-01-03,2.8,2.8,2.8,2.8,0
VMA,2024-01-04,2.8,2.8,2.8,2.8,0
VMA,2024-01-05,2.8,2.8,2.8,2.8,0
VMA,2024-01-08,2.8,2.8,2.8,2.8,0
VMA,2024-01-09,2.8,2.8,2.8,2.8,0
VMA,2024-01-10,2.8,2.8,2.8,2.8,0
VMA,2024-01-11,2.8,2.8,2.8,2.8,0
VMA,2024-01-12,2.8,2.8,2.8,2.8,0
VMA,2024-01-15,2.8,2.8,2.8,2.8,0
VMA,2024-01-16,2.8,2.8,2.8,2.8,0
VMA,2024-01-17,2.8,2.8,2.8,2.8,0
VMA,2024-01-18,2.8,2.8,2.8,2.8,0
VMA,2024-01-19,2.8,2.8,2.8,2.8,0
VMA,2024-01-22,2.8,2.8,2.8,2.8,0
VMA,2024-01-23,2.8,2.8,2.8,2.8,0
VMA,2024-01-24,2.8,2.8,2.8,2.8,0
VMA,2024-01-25,2.8,2.8,2.8,2.8,0
VMA,2024-01-26,2.8,2.8,2.8,2.8,0
VMA,2024-01-29,2.8,2.8,2.8,2.8,0
VMA,2024-01-30,2.8,2.8,2.8,2.8,0
VMA,2024-01-31,2.8,2.8,2.8,2.8,0
VMA,2024-02-01,2.8,2.8,2.8,2.8,0
VMA,2024-02-02,2.8,2.8,2.8,2.8,0
VMA,2024-02-05,2.8,2.8,2.8,2.8,0
VMA,2024-02-06,2.8,2.8,2.8,2.8,0
VMA,2024-02-07,2.8,2.8,2.8,2.8,0
VMA,2024-02-15,2.8,2.8,2.8,2.8,0
VMA,2024-02-16,2.8,2.8,2.8,2.8,0
VMA,2024-02-19,2.8,2.8,2.8,2.8,0
VMA,2024-02-20,2.8,2.8,2.8,2.8,0
VMA,2024-02-21,2.8,2.8,2.8,2.8,0
VMA,2024-02-22,2.8,2.8,2.8,2.8,0
VMA,2024-02-23,2.8,2.8,2.8,2.8,0
VMA,2024-02-26,2.8,2.8,2.8,2.8,0
VMA,2024-02-27,2.8,2.8,2.8,2.8,0
VMA,2024-02-28,2.8,2.8,2.8,2.8,0
VMA,2024-02-29,2.8,2.8,2.8,2.8,0
VMA,2024-03-01,2.8,2.8,2.8,2.8,0
VMA,2024-03-04,2.8,2.8,2.8,2.8,0
VMA,2024-03-05,2.8,2.8,2.8,2.8,0
VMA,2024-03-06,2.8,2.8,2.8,2.8,0
VMA,2024-03-07,2.8,2.8,2.8,2.8,0
VMA,2024-03-08,2.8,2.8,2.8,2.8,0
VMA,2024-03-11,2.8,2.8,2.8,2.8,0
VMA,2024-03-12,2.8,2.8,2.8,2.8,0
VMA,2024-03-13,2.8,2.8,2.8,2.8,0
VMA,2024-03-14,2.8,2.8,2.8,2.8,0
VMA,2024-03-15,2.8,2.8,2.8,2.8,0
VMA,2024-03-18,2.8,2.8,2.8,2.8,0
VMA,2024-03-19,2.8,2.8,2.8,2.8,0
VMA,2024-03-20,2.8,2.8,2.8,2.8,0
VMA,2024-03-21,2.8,2.8,2.8,2.8,0
VMA,2024-03-22,2.8,2.8,2.8,2.8,0
VMA,2024-03-25,2.8,2.8,2.8,2.8,0
VMA,2024-03-26,2.8,2.8,2.8,2.8,0
VMA,2024-03-27,2.8,2.8,2.8,2.8,0
VMA,2024-03-28,2.8,2.8,2.8,2.8,0
VMA,2024-03-29,2.8,2.8,2.8,2.8,0
VMA,2024-04-01,2.8,2.8,2.8,2.8,0
VMA,2024-04-02,2.8,2.8,2.8,2.8,0
VMA,2024-04-03,2.8,2.8,2.8,2.8,0
VMA,2024-04-04,2.8,2.8,2.8,2.8,0
VMA,2024-04-05,2.8,2.8,2.8,2.8,0
VMA,2024-04-08,2.8,2.8,2.8,2.8,0
VMA,2024-04-09,2.8,2.8,2.8,2.8,0
VMA,2024-04-10,2.8,2.8,2.8,2.8,0
VMA,2024-04-11,2.8,2.8,2.8,2.8,0
VMA,2024-04-12,2.8,2.8,2.8,2.8,0
VMA,2024-04-15,2.8,2.8,2.8,2.8,0
VMA,2024-04-16,2.8,2.8,2.8,2.8,0
VMA,2024-04-17,2.8,2.8,2.8,2.8,0
VMA,2024-04-19,2.8,2.8,2.8,2.8,0
VMA,2024-04-22,2.8,2.8,2.8,2.8,0
VMA,2024-04-23,2.8,2.8,2.8,2.8,0
VMA,2024-04-24,2.8,2.8,2.8,2.8,0
VMA,2024-04-25,2.8,2.8,2.8,2.8,0
VMA,2024-04-26,2.8,2.8,2.8,2.8,0
VMA,2024-05-02,2.8,2.8,2.8,2.8,0
VMA,2024-05-03,2.8,2.8,2.8,2.8,0
VMA,2024-05-06,2.8,2.8,2.8,2.8,0
VMA,2024-05-07,2.8,2.8,2.8,2.8,0
VMA,2024-05-08,2.8,2.8,2.8,2.8,0
VMA,2024-05-09,2.8,2.8,2.8,2.8,0
VMA,2024-05-10,2.8,2.8,2.8,2.8,0
VMA,2024-05-13,2.8,2.8,2.8,2.8,0
VMA,2024-05-14,2.8,2.8,2.8,2.8,0
VMA,2024-05-15,2.8,2.8,2.8,2.8,0
VMA,2024-05-16,2.8,2.8,2.8,2.8,0
VMA,2024-05-17,2.8,2.8,2.8,2.8,0
VMA,2024-05-20,2.8,2.8,2.8,2.8,0
VMA,2024-05-21,2.8,2.8,2.8,2.8,0
VMA,2024-05-22,2.8,2.8,2.8,2.8,0
VMA,2024-05-23,2.8,2.8,2.8,2.8,0
VMA,2024-05-24,2.8,2.8,2.8,2.8,0
VMA,2024-05-27,2.8,2.8,2.8,2.8,0
VMA,2024-05-28,2.8,2.8,2.8,2.8,0
VMA,2024-05-29,2.8,2.8,2.8,2.8,0
VMA,2024-05-30,2.8,2.8,2.8,2.8,0
VMA,2024-05-31,2.8,2.8,2.8,2.8,0
VMA,2024-06-03,2.8,2.8,2.8,2.8,0
VMA,2024-06-04,2.8,2.8,2.8,2.8,0
VMA,2024-06-05,2.8,2.8,2.8,2.8,0
VMA,2024-06-06,2.8,2.8,2.8,2.8,0
VMA,2024-06-07,2.8,2.8,2.8,2.8,0
VMA,2024-06-10,2.8,2.8,2.8,2.8,0
VMA,2024-06-11,2.8,2.8,2.8,2.8,0
VMA,2024-06-12,2.8,2.8,2.8,2.8,0
VMA,2024-06-13,2.8,2.8,2.8,2.8,0
VMA,2024-06-14,2.8,2.8,2.8,2.8,0
VMA,2024-06-17,2.8,2.8,2.8,2.8,0
VMA,2024-06-18,2.8,2.8,2.8,2.8,0
VMA,2024-06-19,2.8,2.8,2.8,2.8,0
VMA,2024-06-20,2.8,2.8,2.8,2.8,0
VMA,2024-06-21,2.8,2.8,2.8,2.8,0
VMA,2024-06-24,2.8,2.8,2.8,2.8,0
VMA,2024-06-25,2.8,2.8,2.8,2.8,0
VMA,2024-06-26,2.8,2.8,2.8,2.8,0
VMA,2024-06-27,2.8,2.8,2.8,2.8,0
VMA,2024-06-28,2.8,2.8,2.8,2.8,0
VMA,2024-07-01,2.8,2.8,2.8,2.8,0
VMA,2024-07-02,2.8,2.8,2.8,2.8,0
VMA,2024-07-03,2.8,2.8,2.8,2.8,0
VMA,2024-07-04,2.8,2.8,2.8,2.8,0
VMA,2024-07-05,2.8,2.8,2.8,2.8,0
VMA,2024-07-08,2.8,2.8,2.8,2.8,0
VMA,2024-07-09,2.8,2.8,2.8,2.8,0
VMA,2024-07-10,2.8,2.8,2.8,2.8,0
VMA,2024-07-11,2.8,2.8,2.8,2.8,0
VMA,2024-07-12,2.8,2.8,2.8,2.8,0
VMA,2024-07-15,2.8,2.8,2.8,2.8,0
VMA,2024-07-16,2.8,2.8,2.8,2.8,0
VMA,2024-07-17,2.8,2.8,2.8,2.8,0
VMA,2024-07-18,2.8,2.8,2.8,2.8,0
VMA,2024-07-19,2.8,2.8,2.8,2.8,0
VMA,2024-07-22,2.8,2.8,2.8,2.8,0
VMA,2024-07-23,2.8,2.8,2.8,2.8,0
VMA,2024-07-24,2.8,2.8,2.8,2.8,0
VMA,2024-07-25,2.8,2.8,2.8,2.8,0
VMA,2024-07-26,2.8,2.8,2.8,2.8,0
VMA,2024-07-29,2.8,2.8,2.8,2.8,0
VMA,2024-07-30,2.8,2.8,2.8,2.8,0
VMA,2024-07-31,2.8,2.8,2.8,2.8,0
VMA,2024-08-01,2.8,2.8,2.8,2.8,0
VMA,2024-08-02,2.8,2.8,2.8,2.8,0
VMA,2024-08-05,2.8,2.8,2.8,2.8,0
VMA,2024-08-06,2.8,2.8,2.8,2.8,0
VMA,2024-08-07,2.8,2.8,2.8,2.8,0
VMA,2024-08-08,2.8,2.8,2.8,2.8,0
VMA,2024-08-09,2.8,2.8,2.8,2.8,0
VMA,2024-08-12,2.8,2.8,2.8,2.8,0
VMA,2024-08-13,2.8,2.8,2.8,2.8,0
VMA,2024-08-14,2.8,2.8,2.8,2.8,0
VMA,2024-08-15,2.8,2.8,2.8,2.8,0
VMA,2024-08-16,2.8,2.8,2.8,2.8,0
VMA,2024-08-19,2.8,2.8,2.8,2.8,0
VMA,2024-08-20,2.8,2.8,2.8,2.8,0
VMA,2024-08-21,2.8,2.8,2.8,2.8,0
VMA,2024-08-22,2.8,2.8,2.8,2.8,0
VMA,2024-08-23,2.8,2.8,2.8,2.8,0
VMA,2024-08-26,2.8,2.8,2.8,2.8,0
VMA,2024-08-27,2.8,2.8,2.8,2.8,0
VMA,2024-08-28,2.8,2.8,2.8,2.8,0
VMA,2024-08-29,2.8,2.8,2.8,2.8,0
VMA,2024-08-30,2.8,2.8,2.8,2.8,0
VMA,2024-09-04,2.8,2.8,2.8,2.8,0
VMA,2024-09-05,2.8,2.8,2.8,2.8,0
VMA,2024-09-06,2.8,2.8,2.8,2.8,0
VMA,2024-09-09,2.8,2.8,2.8,2.8,0
VMA,2024-09-10,2.8,2.8,2.8,2.8,0
VMA,2024-09-11,2.8,2.8,2.8,2.8,0
VMA,2024-09-12,2.8,2.8,2.8,2.8,0
VMA,2024-09-13,2.8,2.8,2.8,2.8,0
VMA,2024-09-16,2.8,2.8,2.8,2.8,0
VMA,2024-09-17,2.8,2.8,2.8,2.8,0
VMA,2024-09-18,2.8,2.8,2.8,2.8,0
VMA,2024-09-19,2.8,2.8,2.8,2.8,0
VMA,2024-09-20,2.8,2.8,2.8,2.8,0
VMA,2024-09-23,2.8,2.8,2.8,2.8,0
VMA,2024-09-24,2.8,2.8,2.8,2.8,0
VMA,2024-09-25,2.8,2.8,2.8,2.8,0
VMA,2024-09-26,2.8,2.8,2.8,2.8,0
VMA,2024-09-27,2.8,2.8,2.8,2.8,0
VMA,2024-09-30,2.8,2.8,2.8,2.8,0
VMA,2024-10-01,2.8,2.8,2.8,2.8,0
VMA,2024-10-02,2.8,2.8,2.8,2.8,0
VMA,2024-10-03,2.8,2.8,2.8,2.8,0
VMA,2024-10-04,2.8,2.8,2.8,2.8,0
VMA,2024-10-07,2.8,2.8,2.8,2.8,0
VMA,2024-10-08,2.8,2.8,2.8,2.8,0
VMA,2024-10-09,2.8,2.8,2.8,2.8,0
VMA,2024-10-10,2.8,2.8,2.8,2.8,0
VMA,2024-10-11,2.8,2.8,2.8,2.8,0
VMA,2024-10-14,2.8,2.8,2.8,2.8,0
VMA,2024-10-15,2.8,2.8,2.8,2.8,0
VMA,2024-10-16,2.8,2.8,2.8,2.8,0
VMA,2024-10-17,2.8,2.8,2.8,2.8,0
VMA,2024-10-18,2.8,2.8,2.8,2.8,0
VMA,2024-10-21,2.8,2.8,2.8,2.8,0
VMA,2024-10-22,2.8,2.8,2.8,2.8,0
VMA,2024-10-23,2.8,2.8,2.8,2.8,0
VMA,2024-10-24,2.8,2.8,2.8,2.8,0
VMA,2024-10-25,2.8,2.8,2.8,2.8,0
VMA,2024-10-28,2.8,2.8,2.8,2.8,0
VMA,2024-10-29,2.8,2.8,2.8,2.8,0
VMA,2024-10-30,2.8,2.8,2.8,2.8,0
VMA,2024-10-31,2.8,2.8,2.8,2.8,0
VMA,2024-11-01,2.8,2.8,2.8,2.8,0
VMA,2024-11-04,2.8,2.8,2.8,2.8,0
VMA,2024-11-05,2.8,2.8,2.8,2.8,0
VMA,2024-11-06,2.8,2.8,2.8,2.8,0
VMA,2024-11-07,2.8,2.8,2.8,2.8,0
VMA,2024-11-08,2.8,2.8,2.8,2.8,0
VMA,2024-11-11,2.8,2.8,2.8,2.8,0
VMA,2024-11-12,2.8,2.8,2.8,2.8,0
VMA,2024-11-13,2.8,2.8,2.8,2.8,0
VMA,2024-11-14,2.8,2.8,2.8,2.8,0
VMA,2024-11-15,2.8,2.8,2.8,2.8,0
VMA,2024-11-18,2.8,2.8,2.8,2.8,0
VMA,2024-11-19,2.8,2.8,2.8,2.8,0
VMA,2024-11-20,2.8,2.8,2.8,2.8,0
VMA,2024-11-21,2.8,2.8,2.8,2.8,0
VMA,2024-11-22,2.8,2.8,2.8,2.8,0
VMA,2024-11-25,2.8,2.8,2.8,2.8,0
VMA,2024-11-26,2.8,2.8,2.8,2.8,0
VMA,2024-11-27,2.8,2.8,2.8,2.8,0
VMA,2024-11-28,2.8,2.8,2.8,2.8,0
VMA,2024-11-29,2.8,2.8,2.8,2.8,0
VMA,2024-12-02,2.8,2.8,2.8,2.8,0
VMA,2024-12-03,2.8,2.8,2.8,2.8,0
VMA,2024-12-04,2.8,2.8,2.8,2.8,0
VMA,2024-12-05,2.8,2.8,2.8,2.8,0
VMA,2024-12-06,2.8,2.8,2.8,2.8,0
VMA,2024-12-09,2.8,2.8,2.8,2.8,0
VMA,2024-12-10,2.8,2.8,2.8,2.8,0
VMA,2024-12-11,2.8,2.8,2.8,2.8,0
VMA,2024-12-12,2.8,2.8,2.8,2.8,0
VMA,2024-12-13,2.8,2.8,2.8,2.8,0
VMA,2024-12-16,2.8,2.8,2.8,2.8,0
VMA,2024-12-17,2.8,2.8,2.8,2.8,0
VMA,2024-12-18,2.8,2.8,2.8,2.8,0
VMA,2024-12-19,2.8,2.8,2.8,2.8,0
VMA,2024-12-20,2.8,2.8,2.8,2.8,0
VMA,2024-12-23,2.8,2.8,2.8,2.8,0
VMA,2024-12-24,2.8,2.8,2.8,2.8,0
VMA,2024-12-25,2.8,2.8,2.8,2.8,0
VMA,2024-12-26,2.8,2.8,2.8,2.8,0
VMA,2024-12-27,2.8,2.8,2.8,2.8,0
VMA,2024-12-30,2.8,2.8,2.8,2.8,0
VMA,2024-12-31,2.8,2.8,2.8,2.8,0
VMA,2025-01-02,2.8,2.8,2.8,2.8,0
VMA,2025-01-03,2.8,2.8,2.8,2.8,0
VMA,2025-01-06,2.8,2.8,2.8,2.8,0
VMA,2025-01-07,2.8,2.8,2.8,2.8,0
VMA,2025-01-08,2.8,2.8,2.8,2.8,0
VMA,2025-01-09,2.8,2.8,2.8,2.8,0
VMA,2025-01-10,2.8,2.8,2.8,2.8,0
VMA,2025-01-13,2.8,2.8,2.8,2.8,0
VMA,2025-01-14,2.8,2.8,2.8,2.8,0
VMA,2025-01-15,2.8,2.8,2.8,2.8,0
VMA,2025-01-16,2.8,2.8,2.8,2.8,0
VMA,2025-01-17,2.8,2.8,2.8,2.8,0
VMA,2025-01-20,2.8,2.8,2.8,2.8,0
VMA,2025-01-21,2.8,2.8,2.8,2.8,0
VMA,2025-01-22,2.8,2.8,2.8,2.8,0
VMA,2025-01-23,2.8,2.8,2.8,2.8,0
VMA,2025-01-24,2.8,2.8,2.8,2.8,0
VMA,2025-02-03,2.8,2.8,2.8,2.8,0
VMA,2025-02-04,2.8,2.8,2.8,2.8,0
VMA,2025-02-05,2.8,2.8,2.8,2.8,0
VMA,2025-02-06,2.8,2.8,2.8,2.8,0
VMA,2025-02-07,2.8,2.8,2.8,2.8,0
VMA,2025-02-10,2.8,2.8,2.8,2.8,0
VMA,2025-02-11,2.8,2.8,2.8,2.8,0
VMA,2025-02-12,2.8,2.8,2.8,2.8,0
VMA,2025-02-13,2.8,2.8,2.8,2.8,0
VMA,2025-02-14,2.8,2.8,2.8,2.8,0
VMA,2025-02-17,2.8,2.8,2.8,2.8,0
VMA,2025-02-18,2.8,2.8,2.8,2.8,0
VMA,2025-02-19,2.8,2.8,2.8,2.8,0
VMA,2025-02-20,2.8,2.8,2.8,2.8,0
VMA,2025-02-21,2.8,2.8,2.8,2.8,0
VMA,2025-02-24,2.8,2.8,2.8,2.8,0
VMA,2025-02-25,2.8,2.8,2.8,2.8,0
VMA,2025-02-26,2.8,2.8,2.8,2.8,0
VMA,2025-02-27,2.8,2.8,2.8,2.8,0
VMA,2025-02-28,2.8,2.8,2.8,2.8,0
VMA,2025-03-03,2.8,2.8,2.8,2.8,0
VMA,2025-03-04,2.8,2.8,2.8,2.8,0
VMA,2025-03-05,2.8,2.8,2.8,2.8,0
VMA,2025-03-06,2.8,2.8,2.8,2.8,0
VMA,2025-03-07,2.8,2.8,2.8,2.8,0
VMA,2025-03-10,2.8,2.8,2.8,2.8,0
VMA,2025-03-11,2.8,2.8,2.8,2.8,0
VMA,2025-03-12,2.8,2.8,2.8,2.8,0
VMA,2025-03-13,2.8,2.8,2.8,2.8,0
VMA,2025-03-14,2.8,2.8,2.8,2.8,0
VMA,2025-03-17,2.8,2.8,2.8,2.8,0
VMA,2025-03-18,2.8,2.8,2.8,2.8,0
VMA,2025-03-19,2.8,2.8,2.8,2.8,0
VMA,2025-03-20,2.8,2.8,2.8,2.8,0
VMA,2025-03-21,2.8,2.8,2.8,2.8,0
VMA,2025-03-24,2.8,2.8,2.8,2.8,0
VMA,2025-03-25,2.8,2.8,2.8,2.8,0
VMA,2025-03-26,2.8,2.8,2.8,2.8,0
VMA,2025-03-27,2.8,2.8,2.8,2.8,0
VMA,2025-03-28,2.8,2.8,2.8,2.8,0
VMA,2025-03-31,2.8,2.8,2.8,2.8,0
VMA,2025-04-01,2.8,2.8,2.8,2.8,0
VMA,2025-04-02,2.8,2.8,2.8,2.8,0
VMA,2025-04-03,2.8,2.8,2.8,2.8,0
VMA,2025-04-04,2.8,2.8,2.8,2.8,0
VMA,2025-04-08,2.8,2.8,2.8,2.8,0
VMA,2025-04-09,2.8,2.8,2.8,2.8,0
VMA,2025-04-10,2.8,2.8,2.8,2.8,0
VMA,2025-04-11,2.8,2.8,2.8,2.8,0
VMA,2025-04-14,2.8,2.8,2.8,2.8,0
VMA,2025-04-15,2.8,2.8,2.8,2.8,0
VMA,2025-04-16,2.8,2.8,2.8,2.8,0
VMA,2025-04-17,2.8,2.8,2.8,2.8,0
VMA,2025-04-18,2.8,2.8,2.8,2.8,0
VMA,2025-04-21,2.8,2.8,2.8,2.8,0
VMA,2025-04-22,2.8,2.8,2.8,2.8,0
VMA,2025-04-23,2.8,2.8,2.8,2.8,0
VMA,2025-04-24,2.8,2.8,2.8,2.8,0
VMA,2025-04-25,2.8,2.8,2.8,2.8,0
VMA,2025-04-28,2.8,2.8,2.8,2.8,0
VMA,2025-04-29,2.8,2.8,2.8,2.8,0
VMA,2025-05-05,2.8,2.8,2.8,2.8,0
VMA,2025-05-06,2.8,2.8,2.8,2.8,0
VMA,2025-05-07,2.8,2.8,2.8,2.8,0
VMA,2025-05-08,2.8,2.8,2.8,2.8,0
VMA,2025-05-09,2.8,2.8,2.8,2.8,0
VMA,2025-05-12,2.8,2.8,2.8,2.8,0
VMA,2025-05-13,2.8,2.8,2.8,2.8,0
VMA,2025-05-14,2.8,2.8,2.8,2.8,0
VMA,2025-05-15,2.8,2.8,2.8,2.8,0
VMA,2025-05-16,2.8,2.8,2.8,2.8,0
VMA,2025-05-19,2.8,2.8,2.8,2.8,0
VMA,2025-05-20,2.8,2.8,2.8,2.8,0
VMA,2025-05-21,2.8,2.8,2.8,2.8,0
VMA,2025-05-22,2.8,2.8,2.8,2.8,0
VMA,2025-05-23,2.8,2.8,2.8,2.8,0
VMA,2025-05-26,2.8,2.8,2.8,2.8,0
VMA,2025-05-27,2.8,2.8,2.8,2.8,0
VLW,2017-07-17,8.68,8.68,6.29,8.68,15400
VLW,2017-07-18,8.86,8.86,7.18,7.18,2300
VLW,2017-07-19,7.24,7.24,7.24,7.24,500
VLW,2017-07-20,7.72,7.72,6.17,6.17,3200
VLW,2017-07-21,5.39,6.59,5.39,6.59,1000
VLW,2017-07-24,5.09,5.15,4.85,4.85,3110
VLW,2017-07-25,5.03,5.03,5.03,5.03,200
VLW,2017-07-26,5.03,5.39,5.03,5.39,2000
VLW,2017-07-27,4.55,5.81,4.55,5.81,600
VLW,2017-07-28,5.75,5.75,5.75,5.75,100
VLW,2017-07-31,4.91,4.91,4.91,4.91,2500
VLW,2017-08-01,5.51,5.51,5.51,5.51,200
VLW,2017-08-02,5.39,5.39,4.91,4.91,300
VLW,2017-08-03,4.85,4.97,4.79,4.79,5500
VLW,2017-08-04,4.79,4.79,4.79,4.79,0
VLW,2017-08-07,4.79,4.79,4.79,4.79,0
VLW,2017-08-08,5.39,5.39,5.39,5.39,100
VLW,2017-08-09,5.39,5.39,5.39,5.39,0
VLW,2017-08-10,5.09,5.09,4.61,4.61,1400
VLW,2017-08-11,4.79,4.79,4.31,4.31,1100
VLW,2017-08-14,4.73,4.73,4.73,4.73,0
VLW,2017-08-15,4.73,4.73,4.73,4.73,0
VLW,2017-08-16,4.73,4.73,4.73,4.73,0
VLW,2017-08-17,4.73,4.73,4.73,4.73,0
VLW,2017-08-18,5.33,5.33,5.33,5.33,100
VLW,2017-08-21,5.33,5.33,5.33,5.33,100
VLW,2017-08-22,5.33,5.33,5.33,5.33,0
VLW,2017-08-23,5.33,5.33,5.33,5.33,0
VLW,2017-08-24,5.33,5.33,5.33,5.33,0
VLW,2017-08-25,5.33,5.33,5.33,5.33,0
VLW,2017-08-28,5.33,5.33,5.33,5.33,0
VLW,2017-08-29,4.79,4.79,4.79,4.79,26500
VLW,2017-08-30,4.79,4.79,4.79,4.79,0
VLW,2017-08-31,4.79,4.79,4.79,4.79,0
VLW,2017-09-01,5.33,5.33,5.33,5.33,100
VLW,2017-09-05,5.15,5.15,5.15,5.15,2000
VLW,2017-09-06,4.85,4.85,4.85,4.85,100
VLW,2017-09-07,5.27,5.27,5.27,5.27,100
VLW,2017-09-08,4.79,4.79,4.79,4.79,2000
VLW,2017-09-11,4.79,4.79,4.79,4.79,0
VLW,2017-09-12,4.79,4.79,4.79,4.79,0
VLW,2017-09-13,4.79,4.79,4.79,4.79,0
VLW,2017-09-14,4.79,4.79,4.79,4.79,0
VLW,2017-09-15,4.79,4.79,4.79,4.79,0
VLW,2017-09-18,4.79,4.79,4.79,4.79,0
VLW,2017-09-19,4.79,4.79,4.79,4.79,0
VLW,2017-09-20,5.21,5.21,5.21,5.21,1900
VLW,2017-09-21,5.21,5.21,5.21,5.21,0
VLW,2017-09-22,5.21,5.21,5.21,5.21,0
VLW,2017-09-25,5.21,5.21,5.21,5.21,0
VLW,2017-09-26,5.93,5.93,5.93,5.93,100
VLW,2017-09-27,6.05,6.05,6.05,6.05,100
VLW,2017-09-28,6.65,6.65,6.65,6.65,100
VLW,2017-09-29,7.18,7.18,7.18,7.18,100
VLW,2017-10-02,7.18,7.18,7.18,7.18,0
VLW,2017-10-03,7.18,7.18,7.18,7.18,0
VLW,2017-10-04,7.18,7.18,7.18,7.18,0
VLW,2017-10-05,7.18,7.18,7.18,7.18,0
VLW,2017-10-06,7.42,7.42,7.42,7.42,800
VLW,2017-10-09,7.42,7.42,7.42,7.42,0
VLW,2017-10-10,7.42,7.42,7.42,7.42,0
VLW,2017-10-11,7.42,7.42,7.42,7.42,0
VLW,2017-10-12,7.42,7.42,7.42,7.42,0
VLW,2017-10-13,7.42,7.42,7.42,7.42,0
VLW,2017-10-16,7.42,7.42,7.42,7.42,0
VLW,2017-10-17,7.42,7.42,7.42,7.42,0
VLW,2017-10-18,7.48,7.48,7.42,7.42,2800
VLW,2017-10-19,7.48,7.48,7.48,7.48,0
VLW,2017-10-20,7.48,7.48,7.48,7.48,0
VLW,2017-10-23,7.48,7.48,7.48,7.48,0
VLW,2017-10-24,7.48,7.48,7.48,7.48,0
VLW,2017-10-25,7.48,7.48,7.48,7.48,0
VLW,2017-10-26,7.48,7.48,7.48,7.48,0
VLW,2017-10-27,7.48,7.48,7.48,7.48,0
VLW,2017-10-30,6.41,7.48,6.41,7.18,800
VLW,2017-10-31,7.24,7.24,7.24,7.24,0
VLW,2017-11-01,6.17,6.17,6.17,6.17,1000
VLW,2017-11-02,6.17,6.17,6.17,6.17,0
VLW,2017-11-03,6.17,6.17,6.17,6.17,0
VLW,2017-11-06,6.17,6.17,6.17,6.17,0
VLW,2017-11-07,5.87,5.87,5.39,5.39,3300
VLW,2017-11-08,5.03,6.59,5.03,6.59,3200
VLW,2017-11-09,5.69,5.69,5.69,5.69,0
VLW,2017-11-10,4.85,6.29,4.85,6.29,1700
VLW,2017-11-13,6.29,6.29,6.29,6.29,1290
VLW,2017-11-14,6.29,6.29,6.29,6.29,0
VLW,2017-11-15,6.29,6.29,6.29,6.29,0
VLW,2017-11-16,6.29,6.29,6.29,6.29,0
VLW,2017-11-17,6.29,6.29,6.29,6.29,0
VLW,2017-11-20,5.99,6.29,5.99,6.29,200
VLW,2017-11-21,6.17,6.17,6.17,6.17,0
VLW,2017-11-22,6.17,6.17,6.17,6.17,0
VLW,2017-11-23,6.17,6.17,6.17,6.17,0
VLW,2017-11-24,6.17,6.17,6.17,6.17,0
VLW,2017-11-27,6.17,6.17,6.17,6.17,0
VLW,2017-11-28,6.17,6.17,6.17,6.17,0
VLW,2017-11-29,5.99,5.99,5.99,5.99,1120
VLW,2017-11-30,5.99,5.99,5.99,5.99,0
VLW,2017-12-01,5.99,5.99,5.99,5.99,70
VLW,2017-12-04,5.99,5.99,5.99,5.99,0
VLW,2017-12-05,5.99,5.99,5.99,5.99,0
VLW,2017-12-06,5.99,5.99,5.99,5.99,0
VLW,2017-12-07,5.99,5.99,5.99,5.99,0
VLW,2017-12-08,5.99,5.99,5.99,5.99,0
VLW,2017-12-11,5.99,5.99,5.99,5.99,0
VLW,2017-12-12,5.99,5.99,5.99,5.99,0
VLW,2017-12-13,5.99,5.99,5.99,5.99,0
VLW,2017-12-14,5.99,5.99,5.99,5.99,0
VLW,2017-12-15,5.99,5.99,5.99,5.99,0
VLW,2017-12-18,5.99,5.99,5.99,5.99,0
VLW,2017-12-19,5.99,5.99,5.99,5.99,0
VLW,2017-12-20,5.99,5.99,5.99,5.99,0
VLW,2017-12-21,5.99,5.99,5.99,5.99,0
VLW,2017-12-22,5.99,5.99,5.99,5.99,0
VLW,2017-12-25,5.99,5.99,5.99,5.99,0
VLW,2017-12-26,5.99,5.99,5.99,5.99,0
VLW,2017-12-27,5.99,5.99,5.99,5.99,0
VLW,2017-12-28,5.99,5.99,5.99,5.99,0
VLW,2017-12-29,6.88,6.88,6.88,6.88,500
VLW,2018-01-02,6.88,6.88,6.88,6.88,0
VLW,2018-01-03,6.88,6.88,6.88,6.88,0
VLW,2018-01-04,6.88,6.88,6.88,6.88,0
VLW,2018-01-05,6.88,6.88,6.88,6.88,0
VLW,2018-01-08,6.88,6.88,6.88,6.88,0
VLW,2018-01-09,6.88,6.88,6.88,6.88,0
VLW,2018-01-10,6.88,6.88,6.88,6.88,0
VLW,2018-01-11,6.88,6.88,6.88,6.88,0
VLW,2018-01-12,6.88,6.88,6.88,6.88,0
VLW,2018-01-15,6.88,6.88,6.88,6.88,0
VLW,2018-01-16,6.88,6.88,6.88,6.88,0
VLW,2018-01-17,6.88,6.88,6.88,6.88,0
VLW,2018-01-18,6.88,6.88,6.88,6.88,0
VLW,2018-01-19,6.88,6.88,6.88,6.88,0
VLW,2018-01-22,6.88,6.88,6.88,6.88,0
VLW,2018-01-23,6.88,6.88,6.88,6.88,0
VLW,2018-01-24,6.88,6.88,6.88,6.88,70
VLW,2018-01-25,6.88,6.88,6.88,6.88,0
VLW,2018-01-26,6.88,6.88,6.88,6.88,0
VLW,2018-01-29,6.88,6.88,6.88,6.88,0
VLW,2018-01-30,6.88,6.88,6.88,6.88,0
VLW,2018-01-31,6.88,6.88,6.88,6.88,0
VLW,2018-02-01,6.88,6.88,6.88,6.88,10
VLW,2018-02-02,6.88,6.88,6.88,6.88,0
VLW,2018-02-05,6.88,6.88,6.88,6.88,0
VLW,2018-02-06,6.88,6.88,6.88,6.88,0
VLW,2018-02-07,6.88,6.88,6.88,6.88,0
VLW,2018-02-08,6.88,6.88,6.88,6.88,0
VLW,2018-02-09,6.88,6.88,6.88,6.88,0
VLW,2018-02-12,6.88,6.88,6.88,6.88,0
VLW,2018-02-13,6.88,6.88,6.88,6.88,0
VLW,2018-02-21,6.88,6.88,6.88,6.88,0
VLW,2018-02-22,6.88,6.88,6.88,6.88,0
VLW,2018-02-23,6.88,6.88,6.88,6.88,0
VLW,2018-02-26,6.88,6.88,6.88,6.88,0
VLW,2018-02-27,6.88,6.88,6.88,6.88,0
VLW,2018-02-28,6.88,6.88,6.88,6.88,0
VLW,2018-03-01,6.88,6.88,6.88,6.88,0
VLW,2018-03-02,6.88,6.88,6.88,6.88,0
VLW,2018-03-05,6.88,6.88,6.88,6.88,0
VLW,2018-03-06,6.88,6.88,6.88,6.88,0
VLW,2018-03-07,6.88,6.88,6.88,6.88,0
VLW,2018-03-08,6.88,6.88,6.88,6.88,0
VLW,2018-03-09,6.88,6.88,6.88,6.88,0
VLW,2018-03-12,6.88,6.88,6.88,6.88,0
VLW,2018-03-13,6.88,6.88,6.88,6.88,0
VLW,2018-03-14,6.88,6.88,6.88,6.88,0
VLW,2018-03-15,6.88,6.88,6.88,6.88,0
VLW,2018-03-16,6.88,6.88,6.88,6.88,0
VLW,2018-03-19,6.88,6.88,6.88,6.88,0
VLW,2018-03-20,6.88,6.88,6.88,6.88,0
VLW,2018-03-21,6.88,6.88,6.88,6.88,0
VLW,2018-03-22,6.88,6.88,6.88,6.88,0
VLW,2018-03-23,6.88,6.88,6.88,6.88,0
VLW,2018-03-26,6.41,6.41,6.41,6.41,50000
VLW,2018-03-27,6.41,6.41,6.41,6.41,0
VLW,2018-03-28,6.41,6.41,6.41,6.41,0
VLW,2018-03-29,5.99,5.99,5.99,5.99,100
VLW,2018-03-30,5.99,5.99,5.99,5.99,0
VLW,2018-04-02,5.99,5.99,5.99,5.99,0
VLW,2018-04-03,5.99,5.99,5.99,5.99,0
VLW,2018-04-04,5.99,5.99,5.99,5.99,0
VLW,2018-04-05,5.99,5.99,5.99,5.99,0
VLW,2018-04-06,5.99,5.99,5.99,5.99,0
VLW,2018-04-09,5.99,5.99,5.99,5.99,0
VLW,2018-04-10,5.99,5.99,5.99,5.99,0
VLW,2018-04-11,5.99,5.99,5.99,5.99,0
VLW,2018-04-12,5.99,5.99,5.99,5.99,0
VLW,2018-04-13,5.99,5.99,5.99,5.99,0
VLW,2018-04-16,5.99,5.99,5.99,5.99,0
VLW,2018-04-17,5.99,5.99,5.99,5.99,40
VLW,2018-04-18,5.99,5.99,5.99,5.99,0
VLW,2018-04-19,5.99,5.99,5.99,5.99,0
VLW,2018-04-20,5.99,5.99,5.99,5.99,0
VLW,2018-04-23,5.99,5.99,5.99,5.99,0
VLW,2018-04-24,5.99,5.99,5.99,5.99,0
VLW,2018-04-26,5.99,5.99,5.99,5.99,0
VLW,2018-04-27,5.99,5.99,5.99,5.99,0
VLW,2018-05-02,5.99,5.99,5.99,5.99,0
VLW,2018-05-03,5.99,5.99,5.99,5.99,0
VLW,2018-05-04,5.99,5.99,5.99,5.99,0
VLW,2018-05-07,5.09,5.09,5.09,5.09,2000
VLW,2018-05-08,5.09,5.09,5.09,5.09,0
VLW,2018-05-09,5.09,5.09,5.09,5.09,0
VLW,2018-05-10,5.09,5.09,5.09,5.09,0
VLW,2018-05-11,5.09,5.09,5.09,5.09,0
VLW,2018-05-14,5.09,5.09,5.09,5.09,0
VLW,2018-05-15,5.09,5.09,5.09,5.09,0
VLW,2018-05-16,5.09,5.09,5.09,5.09,0
VLW,2018-05-17,5.09,5.09,5.09,5.09,0
VLW,2018-05-18,5.09,5.09,5.09,5.09,0
VLW,2018-05-21,5.09,5.09,5.09,5.09,0
VLW,2018-05-22,5.09,5.09,5.09,5.09,0
VLW,2018-05-23,5.09,5.09,5.09,5.09,0
VLW,2018-05-24,5.09,5.09,5.09,5.09,0
VLW,2018-05-25,5.09,5.09,5.09,5.09,0
VLW,2018-05-28,5.09,5.09,5.09,5.09,0
VLW,2018-05-29,5.09,5.09,5.09,5.09,0
VLW,2018-05-30,5.09,5.09,5.09,5.09,0
VLW,2018-05-31,5.09,5.09,5.09,5.09,0
VLW,2018-06-01,5.09,5.09,5.09,5.09,0
VLW,2018-06-04,5.09,5.09,5.09,5.09,0
VLW,2018-06-05,5.09,5.09,5.09,5.09,0
VLW,2018-06-06,5.09,5.09,5.09,5.09,0
VLW,2018-06-07,5.09,5.09,5.09,5.09,0
VLW,2018-06-08,5.09,5.09,5.09,5.09,0
VLW,2018-06-11,5.09,5.09,5.09,5.48,40
VLW,2018-06-12,5.15,5.15,5.15,5.15,100
VLW,2018-06-13,5.15,5.15,5.15,5.15,0
VLW,2018-06-14,5.15,5.15,5.15,5.15,0
VLW,2018-06-15,5.8,5.93,5.8,5.93,4000
VLW,2018-06-18,5.93,5.93,5.93,5.93,300
VLW,2018-06-19,6.12,6.12,6.12,6.12,200
VLW,2018-06-20,6.12,6.12,6.12,6.12,0
VLW,2018-06-21,6.12,6.12,6.12,6.12,0
VLW,2018-06-22,6.12,6.12,6.12,6.12,0
VLW,2018-06-25,6.12,6.12,6.12,6.12,0
VLW,2018-06-26,7.02,7.02,6.12,6.12,1100
VLW,2018-06-27,6.96,6.96,6.96,6.96,0
VLW,2018-06-28,7.73,7.73,7.73,7.73,240
VLW,2018-06-29,8.89,8.89,8.89,8.89,200
VLW,2018-07-02,8.89,8.89,8.89,8.89,0
VLW,2018-07-03,8.89,8.89,8.89,8.89,0
VLW,2018-07-04,8.89,8.89,8.89,8.89,0
VLW,2018-07-05,8.89,8.89,8.89,8.89,0
VLW,2018-07-06,8.89,8.89,8.89,8.89,0
VLW,2018-07-09,8.89,8.89,8.89,8.89,0
VLW,2018-07-10,8.89,8.89,8.89,8.89,0
VLW,2018-07-11,8.89,8.89,8.89,8.89,0
VLW,2018-07-12,8.89,8.89,8.89,8.89,0
VLW,2018-07-13,8.89,8.89,8.89,8.89,0
VLW,2018-07-16,8.89,8.89,8.89,8.89,0
VLW,2018-07-17,8.89,8.89,8.89,8.89,0
VLW,2018-07-18,8.89,8.89,8.89,8.89,0
VLW,2018-07-19,8.89,8.89,8.89,8.89,0
VLW,2018-07-20,8.89,8.89,8.89,8.89,0
VLW,2018-07-23,8.89,8.89,8.89,8.89,0
VLW,2018-07-24,8.89,8.89,8.89,8.89,0
VLW,2018-07-25,7.6,7.6,7.6,7.6,200
VLW,2018-07-26,7.6,7.6,7.6,7.6,0
VLW,2018-07-27,7.6,7.6,7.6,7.6,0
VLW,2018-07-30,7.6,7.6,7.6,7.6,0
VLW,2018-07-31,7.6,7.6,7.6,7.6,0
VLW,2018-08-01,7.6,7.6,7.6,7.6,0
VLW,2018-08-02,7.6,7.6,7.6,7.6,0
VLW,2018-08-03,7.6,7.6,7.6,7.6,0
VLW,2018-08-06,7.6,7.6,7.6,7.6,0
VLW,2018-08-07,7.6,7.6,7.6,7.6,0
VLW,2018-08-08,7.6,7.6,7.6,7.6,0
VLW,2018-08-09,7.6,7.6,7.6,7.6,0
VLW,2018-08-10,7.6,7.6,7.6,7.6,0
VLW,2018-08-13,7.6,7.6,7.6,7.6,0
VLW,2018-08-14,7.6,7.6,7.6,7.6,0
VLW,2018-08-15,7.6,7.6,7.6,7.6,0
VLW,2018-08-16,7.6,7.6,7.6,7.6,0
VLW,2018-08-17,7.6,7.6,7.6,7.6,0
VLW,2018-08-20,7.6,7.6,7.6,7.6,0
VLW,2018-08-21,7.6,7.6,7.6,7.6,0
VLW,2018-08-22,7.6,7.6,7.6,7.6,0
VLW,2018-08-23,7.6,7.6,7.6,7.6,0
VLW,2018-08-24,7.6,7.6,7.6,7.6,0
VLW,2018-08-27,7.6,7.6,7.6,7.6,0
VLW,2018-08-28,7.6,7.6,7.6,7.6,0
VLW,2018-08-29,7.6,7.6,7.6,7.6,0
VLW,2018-08-30,7.6,7.6,7.6,7.6,0
VLW,2018-08-31,6.51,6.51,6.51,6.51,2200
VLW,2018-09-04,6.51,6.51,6.51,6.51,0
VLW,2018-09-05,6.51,6.51,6.51,6.51,0
VLW,2018-09-06,6.51,6.51,6.51,6.51,0
VLW,2018-09-07,6.51,6.51,6.51,6.51,0
VLW,2018-09-10,6.51,6.51,6.51,6.51,0
VLW,2018-09-11,6.51,6.51,6.51,6.51,0
VLW,2018-09-12,6.51,6.51,6.51,6.51,0
VLW,2018-09-13,6.51,6.51,6.51,6.51,0
VLW,2018-09-14,7.47,7.47,7.47,7.47,1000
VLW,2018-09-17,7.47,7.47,7.47,7.47,0
VLW,2018-09-18,7.47,7.47,7.47,7.47,0
VLW,2018-09-19,7.47,7.47,7.47,7.47,0
VLW,2018-09-20,7.47,7.47,7.47,7.47,0
VLW,2018-09-21,7.47,7.47,7.47,7.47,0
VLW,2018-09-24,7.47,7.47,7.47,7.47,0
VLW,2018-09-25,7.47,7.47,7.47,7.47,0
VLW,2018-09-26,7.47,7.47,7.47,7.47,0
VLW,2018-09-27,7.47,7.47,7.47,7.47,0
VLW,2018-09-28,7.47,7.47,7.47,7.47,0
VLW,2018-10-01,6.44,6.44,6.44,6.44,4500
VLW,2018-10-02,6.44,6.44,6.44,6.44,100
VLW,2018-10-03,6.44,6.44,6.44,6.44,0
VLW,2018-10-04,6.44,6.44,6.44,6.44,0
VLW,2018-10-05,6.44,6.44,6.44,6.44,0
VLW,2018-10-08,6.44,6.44,6.44,6.44,0
VLW,2018-10-09,6.44,6.44,6.44,6.44,0
VLW,2018-10-10,6.44,6.44,6.44,6.44,0
VLW,2018-10-11,6.44,6.44,6.44,6.44,0
VLW,2018-10-12,6.44,6.44,6.44,6.44,0
VLW,2018-10-15,6.51,6.51,6.51,6.51,3400
VLW,2018-10-16,6.51,6.51,6.51,6.51,0
VLW,2018-10-17,6.51,6.51,6.51,6.51,0
VLW,2018-10-18,6.51,6.51,6.51,6.51,0
VLW,2018-10-19,6.51,6.51,6.51,6.51,0
VLW,2018-10-22,6.51,6.51,6.51,6.51,0
VLW,2018-10-23,6.51,6.51,6.51,6.51,0
VLW,2018-10-24,6.51,6.51,6.51,6.51,0
VLW,2018-10-25,6.51,6.51,6.51,6.51,0
VLW,2018-10-26,6.51,6.51,6.51,6.51,0
VLW,2018-10-29,6.51,6.51,6.51,6.51,0
VLW,2018-10-30,6.51,6.51,6.51,6.51,0
VLW,2018-10-31,6.51,6.51,6.51,6.51,0
VLW,2018-11-01,6.51,6.51,6.51,6.51,0
VLW,2018-11-02,6.51,6.51,6.51,6.51,0
VLW,2018-11-05,6.51,6.51,6.51,6.51,0
VLW,2018-11-06,6.51,6.51,6.51,6.51,0
VLW,2018-11-07,6.51,6.51,6.51,6.51,0
VLW,2018-11-08,6.51,6.51,6.51,6.51,0
VLW,2018-11-09,6.51,6.51,6.51,6.51,0
VLW,2018-11-12,6.51,6.51,6.51,6.51,0
VLW,2018-11-13,6.51,6.51,6.51,6.51,0
VLW,2018-11-14,6.51,6.51,6.51,6.51,0
VLW,2018-11-15,6.51,6.51,6.51,6.51,0
VLW,2018-11-16,6.51,6.51,6.51,6.51,0
VLW,2018-11-19,6.51,6.51,6.51,6.51,0
VLW,2018-11-20,6.51,6.51,6.51,6.51,0
VLW,2018-11-21,6.51,6.51,6.51,6.51,0
VLW,2018-11-22,6.51,6.51,6.51,6.51,0
VLW,2018-11-23,6.51,6.51,6.51,6.51,0
VLW,2018-11-26,6.51,6.51,6.51,6.51,0
VLW,2018-11-27,6.51,6.51,6.51,6.51,0
VLW,2018-11-28,6.44,6.51,6.44,6.51,16900
VLW,2018-11-29,6.51,6.51,6.51,6.51,0
VLW,2018-11-30,6.51,6.51,6.51,6.51,0
VLW,2018-12-03,6.51,6.51,6.51,6.51,0
VLW,2018-12-04,6.51,6.51,6.51,6.51,0
VLW,2018-12-05,6.51,6.51,6.51,6.51,0
VLW,2018-12-06,6.51,6.51,6.51,6.51,0
VLW,2018-12-07,6.51,6.51,6.51,6.51,0
VLW,2018-12-10,6.51,6.51,6.51,6.51,0
VLW,2018-12-11,6.51,6.51,6.51,6.51,0
VLW,2018-12-12,6.51,6.51,6.51,6.51,0
VLW,2018-12-13,6.51,6.51,6.51,6.51,2400
VLW,2018-12-14,6.51,6.51,6.51,6.51,0
VLW,2018-12-17,6.51,6.51,6.51,6.51,0
VLW,2018-12-18,6.51,6.51,6.51,6.51,0
VLW,2018-12-19,6.51,6.51,6.51,6.51,0
VLW,2018-12-20,6.51,6.51,6.51,6.51,0
VLW,2018-12-21,6.51,6.51,6.51,6.51,0
VLW,2018-12-24,6.51,6.51,6.51,6.51,0
VLW,2018-12-25,6.51,6.51,6.51,6.51,0
VLW,2018-12-26,6.51,6.51,6.51,6.51,0
VLW,2018-12-27,6.51,6.51,6.51,6.51,0
VLW,2018-12-28,6.51,6.51,6.51,6.51,0
VLW,2019-01-02,6.51,6.51,6.51,6.51,0
VLW,2019-01-03,6.51,6.51,6.51,6.51,0
VLW,2019-01-04,6.51,6.51,6.51,6.51,0
VLW,2019-01-07,6.51,6.51,6.51,6.51,0
VLW,2019-01-08,6.51,6.51,6.51,6.51,0
VLW,2019-01-09,6.51,6.51,6.51,6.51,0
VLW,2019-01-10,6.51,6.51,6.51,6.51,0
VLW,2019-01-11,6.51,6.51,6.51,6.51,0
VLW,2019-01-14,6.51,6.51,6.51,6.51,0
VLW,2019-01-15,6.51,6.51,6.51,6.51,0
VLW,2019-01-16,6.51,6.51,6.51,6.51,0
VLW,2019-01-17,6.51,6.51,6.51,6.51,0
VLW,2019-01-18,6.51,6.51,6.51,6.51,0
VLW,2019-01-21,6.51,6.51,6.51,6.51,0
VLW,2019-01-22,6.51,6.51,6.51,6.51,0
VLW,2019-01-23,6.51,6.51,6.51,6.51,0
VLW,2019-01-24,6.51,6.51,6.51,6.51,0
VLW,2019-01-25,6.51,6.51,6.51,6.51,0
VLW,2019-01-28,6.51,6.51,6.51,6.51,0
VLW,2019-01-29,6.51,6.51,6.51,6.51,0
VLW,2019-01-30,6.51,6.51,6.51,6.51,0
VLW,2019-01-31,6.51,6.51,6.51,6.51,0
VLW,2019-02-01,6.51,6.51,6.51,6.51,0
VLW,2019-02-11,6.51,6.51,6.51,6.51,0
VLW,2019-02-12,6.51,6.51,6.51,6.51,0
VLW,2019-02-13,6.51,6.51,6.51,6.51,0
VLW,2019-02-14,6.51,6.51,6.51,6.51,0
VLW,2019-02-15,6.51,6.51,6.51,6.51,0
VLW,2019-02-18,6.51,6.51,6.51,6.51,0
VLW,2019-02-19,6.51,6.51,6.51,6.51,0
VLW,2019-02-20,6.51,6.51,6.51,6.51,0
VLW,2019-02-21,6.51,6.51,6.51,6.51,0
VLW,2019-02-22,6.51,6.51,6.51,6.51,0
VLW,2019-02-25,6.51,6.51,6.51,6.51,0
VLW,2019-02-26,6.51,6.51,6.51,6.51,0
VLW,2019-02-27,8.76,8.76,8.76,8.76,100
VLW,2019-02-28,8.76,8.76,8.76,8.76,0
VLW,2019-03-01,8.76,8.76,8.76,8.76,0
VLW,2019-03-04,8.76,8.76,8.76,8.76,0
VLW,2019-03-05,8.76,8.76,8.76,8.76,0
VLW,2019-03-06,8.76,8.76,8.76,8.76,0
VLW,2019-03-07,8.76,8.76,8.76,8.76,0
VLW,2019-03-08,8.76,8.76,8.76,8.76,0
VLW,2019-03-11,8.76,8.76,8.76,8.76,0
VLW,2019-03-12,9.66,9.66,9.66,9.66,100
VLW,2019-03-13,8.25,8.31,8.25,8.25,25300
VLW,2019-03-14,8.25,8.25,8.25,8.25,0
VLW,2019-03-15,8.25,8.25,8.25,8.25,0
VLW,2019-03-18,8.25,8.25,8.25,8.25,0
VLW,2019-03-19,8.25,8.25,8.25,8.25,0
VLW,2019-03-20,8.25,8.25,8.25,8.25,0
VLW,2019-03-21,8.25,8.25,8.25,8.25,0
VLW,2019-03-22,8.25,8.25,8.25,8.25,0
VLW,2019-03-25,8.25,8.25,8.25,8.25,0
VLW,2019-03-26,8.25,8.25,8.25,8.25,0
VLW,2019-03-27,8.25,8.25,8.25,8.25,0
VLW,2019-03-28,8.25,8.25,8.25,8.25,0
VLW,2019-03-29,8.25,8.25,8.25,8.25,0
VLW,2019-04-01,7.09,7.41,7.09,7.41,6100
VLW,2019-04-02,7.34,7.34,7.28,7.28,5000
VLW,2019-04-03,7.34,7.34,7.28,7.28,4000
VLW,2019-04-04,7.47,7.47,7.34,7.34,6000
VLW,2019-04-05,7.47,7.47,7.41,7.41,4900
VLW,2019-04-08,7.47,7.41,7.41,7.41,0
VLW,2019-04-09,7.47,7.41,7.41,7.41,0
VLW,2019-04-10,7.47,7.41,7.41,7.41,0
VLW,2019-04-11,7.47,7.41,7.41,7.41,0
VLW,2019-04-12,7.47,7.41,7.41,7.41,0
VLW,2019-04-16,7.47,7.41,7.41,7.41,0
VLW,2019-04-17,7.47,7.41,7.41,7.41,0
VLW,2019-04-18,7.47,7.41,7.41,7.41,0
VLW,2019-04-19,7.47,7.41,7.41,7.41,0
VLW,2019-04-22,8.57,8.57,8.57,8.57,100
VLW,2019-04-23,8.57,8.57,8.57,8.57,0
VLW,2019-04-24,8.57,8.57,8.57,8.57,0
VLW,2019-04-25,8.57,8.57,8.57,8.57,0
VLW,2019-04-26,8.57,8.57,8.57,8.57,0
VLW,2019-05-02,8.57,8.57,8.57,8.57,100
VLW,2019-05-03,8.57,8.57,8.57,8.57,0
VLW,2019-05-06,8.57,8.57,8.57,8.57,0
VLW,2019-05-07,8.57,8.57,8.57,8.57,0
VLW,2019-05-08,8.57,8.57,8.57,8.57,0
VLW,2019-05-09,8.57,8.57,8.57,8.57,0
VLW,2019-05-10,8.57,8.57,8.57,8.57,0
VLW,2019-05-13,8.57,8.57,8.57,8.57,0
VLW,2019-05-14,8.57,8.57,8.57,8.57,0
VLW,2019-05-15,8.57,8.57,8.57,8.57,0
VLW,2019-05-16,8.57,8.57,8.57,8.57,0
VLW,2019-05-17,8.57,8.57,8.57,8.57,0
VLW,2019-05-20,8.57,8.57,8.57,8.57,0
VLW,2019-05-21,8.57,8.57,8.57,8.57,0
VLW,2019-05-22,8.57,8.57,8.57,8.57,0
VLW,2019-05-23,8.57,8.57,8.57,8.57,0
VLW,2019-05-24,8.57,8.57,8.57,8.57,0
VLW,2019-05-27,8.57,8.57,8.57,8.57,0
VLW,2019-05-28,8.57,8.57,8.57,8.57,0
VLW,2019-05-29,8.57,8.57,8.57,8.57,0
VLW,2019-05-30,8.57,8.57,8.57,8.57,0
VLW,2019-05-31,8.57,8.57,8.57,8.57,0
VLW,2019-06-03,8.57,8.57,8.57,8.57,0
VLW,2019-06-04,8.57,8.57,8.57,8.57,0
VLW,2019-06-05,8.57,8.57,8.57,8.57,0
VLW,2019-06-06,8.57,8.57,8.57,8.57,0
VLW,2019-06-07,8.57,8.57,8.57,8.57,0
VLW,2019-06-10,8.57,8.57,8.57,8.57,0
VLW,2019-06-11,8.57,8.57,8.57,8.57,0
VLW,2019-06-12,8.57,8.57,8.57,8.57,0
VLW,2019-06-13,8.57,8.57,8.57,8.57,0
VLW,2019-06-14,8.57,8.57,8.57,8.57,0
VLW,2019-06-17,8.57,8.57,8.57,8.57,0
VLW,2019-06-18,8.57,8.57,8.57,8.57,0
VLW,2019-06-19,8.57,8.57,8.57,8.57,0
VLW,2019-06-20,8.57,8.57,8.57,8.57,0
VLW,2019-06-21,8.57,8.57,8.57,8.57,0
VLW,2019-06-24,8.57,8.57,8.57,8.57,0
VLW,2019-06-25,8.57,8.57,8.57,8.57,0
VLW,2019-06-26,8.57,8.57,8.57,8.57,0
VLW,2019-06-27,8.57,8.57,8.57,8.57,0
VLW,2019-06-28,8.57,8.57,8.57,8.57,0
VLW,2019-07-01,8.57,8.57,8.57,8.57,0
VLW,2019-07-02,8.57,8.57,8.57,8.57,0
VLW,2019-07-03,8.57,8.97,8.97,8.97,0
VLW,2019-07-04,8.57,8.57,8.57,8.57,0
VLW,2019-07-05,8.57,8.97,8.97,8.97,0
VLW,2019-07-08,8.57,8.97,8.97,8.97,0
VLW,2019-07-09,8.57,8.97,8.97,8.97,0
VLW,2019-07-10,8.57,8.97,8.97,8.97,0
VLW,2019-07-11,8.57,8.97,8.97,8.97,0
VLW,2019-07-12,8.57,8.97,8.97,8.97,0
VLW,2019-07-15,8.57,8.97,8.97,8.97,0
VLW,2019-07-16,8.57,8.97,8.97,8.97,0
VLW,2019-07-17,8.57,8.97,8.97,8.97,0
VLW,2019-07-18,8.57,8.97,8.97,8.97,0
VLW,2019-07-19,8.57,8.97,8.97,8.97,0
VLW,2019-07-22,8.57,8.97,8.97,8.97,0
VLW,2019-07-23,8.57,8.97,8.97,8.97,0
VLW,2019-07-24,8.57,8.97,8.97,8.97,0
VLW,2019-07-25,8.57,8.97,8.97,8.97,0
VLW,2019-07-26,8.57,8.97,8.97,8.97,0
VLW,2019-07-29,8.57,8.97,8.97,8.97,0
VLW,2019-07-30,8.57,8.97,8.97,8.97,0
VLW,2019-07-31,8.57,8.97,8.97,8.97,0
VLW,2019-08-01,8.57,8.97,8.97,8.97,0
VLW,2019-08-02,8.57,8.97,8.97,8.97,0
VLW,2019-08-05,8.57,8.97,8.97,8.97,0
VLW,2019-08-06,8.57,8.97,8.97,8.97,0
VLW,2019-08-07,8.57,8.97,8.97,8.97,0
VLW,2019-08-08,8.57,8.97,8.97,8.97,0
VLW,2019-08-09,8.57,8.97,8.97,8.97,0
VLW,2019-08-12,8.57,8.97,8.97,8.97,0
VLW,2019-08-13,8.57,8.97,8.97,8.97,0
VLW,2019-08-14,8.57,8.97,8.97,8.97,0
VLW,2019-08-15,8.57,8.97,8.97,8.97,0
VLW,2019-08-16,8.57,8.97,8.97,8.97,0
VLW,2019-08-19,8.57,8.97,8.97,8.97,0
VLW,2019-08-20,8.57,8.97,8.97,8.97,0
VLW,2019-08-21,8.57,8.97,8.97,8.97,0
VLW,2019-08-22,8.57,8.97,8.97,8.97,0
VLW,2019-08-23,8.57,8.97,8.97,8.97,0
VLW,2019-08-26,8.57,8.97,8.97,8.97,0
VLW,2019-08-27,8.57,8.97,8.97,8.97,0
VLW,2019-08-28,8.57,8.97,8.97,8.97,0
VLW,2019-08-29,8.57,8.97,8.97,8.97,0
VLW,2019-08-30,8.57,8.97,8.97,8.97,0
VLW,2019-09-03,8.57,8.97,8.97,8.97,0
VLW,2019-09-04,8.57,8.97,8.97,8.97,0
VLW,2019-09-05,5.19,5.19,5.19,5.19,2200
VLW,2019-09-06,5.19,5.19,5.19,5.19,0
VLW,2019-09-09,5.19,5.19,5.19,5.19,0
VLW,2019-09-10,5.19,5.19,5.19,5.19,0
VLW,2019-09-11,5.19,5.19,5.19,5.19,0
VLW,2019-09-12,5.19,5.19,5.19,5.19,0
VLW,2019-09-13,5.19,5.19,5.19,5.19,0
VLW,2019-09-16,5.19,5.19,5.19,5.19,0
VLW,2019-09-17,5.19,5.19,5.19,5.19,0
VLW,2019-09-18,5.19,5.19,5.19,5.19,0
VLW,2019-09-19,5.19,5.19,5.19,5.19,0
VLW,2019-09-20,5.19,5.19,5.19,5.19,0
VLW,2019-09-23,5.19,5.19,5.19,5.19,0
VLW,2019-09-24,5.19,5.19,5.19,5.19,0
VLW,2019-09-25,5.19,5.19,5.19,5.19,0
VLW,2019-09-26,5.19,5.19,5.19,5.19,10
VLW,2019-09-27,5.19,5.19,5.19,5.19,0
VLW,2019-09-30,5.19,5.19,5.19,5.19,30
VLW,2019-10-01,5.19,5.19,5.19,5.19,0
VLW,2019-10-02,5.19,5.19,5.19,5.19,0
VLW,2019-10-03,5.19,5.19,5.19,5.19,0
VLW,2019-10-04,5.94,5.94,5.94,5.94,100
VLW,2019-10-07,6.41,6.41,6.41,6.41,100
VLW,2019-10-08,6.41,6.41,6.41,6.41,0
VLW,2019-10-09,6.41,6.41,6.41,6.41,0
VLW,2019-10-10,6.75,6.75,6.75,6.75,100
VLW,2019-10-11,6.75,6.75,6.75,6.75,0
VLW,2019-10-14,6.75,6.75,6.75,6.75,0
VLW,2019-10-15,6.75,6.75,6.75,6.75,0
VLW,2019-10-16,6.75,6.75,6.75,6.75,0
VLW,2019-10-17,6.75,6.75,6.75,6.75,0
VLW,2019-10-18,6.75,6.75,6.75,6.75,0
VLW,2019-10-21,6.75,6.75,6.75,6.75,0
VLW,2019-10-22,6.75,6.75,6.75,6.75,0
VLW,2019-10-23,6.75,6.75,6.75,6.75,0
VLW,2019-10-24,6.75,6.75,6.75,6.75,0
VLW,2019-10-25,6.75,6.75,6.75,6.75,0
VLW,2019-10-28,6.75,6.75,6.75,6.75,0
VLW,2019-10-29,6.75,6.75,6.75,6.75,0
VLW,2019-10-30,6.75,6.75,6.75,6.75,0
VLW,2019-10-31,6.75,6.75,6.75,6.75,0
VLW,2019-11-01,6.75,6.75,6.75,6.75,0
VLW,2019-11-04,6.75,6.75,6.75,6.75,0
VLW,2019-11-05,6.75,6.75,6.75,6.75,0
VLW,2019-11-06,6.75,6.75,6.75,6.75,0
VLW,2019-11-07,6.75,6.75,6.75,6.75,0
VLW,2019-11-08,6.75,6.75,6.75,6.75,0
VLW,2019-11-11,6.75,6.75,6.75,6.75,0
VLW,2019-11-12,6.75,6.75,6.75,6.75,0
VLW,2019-11-13,6.75,6.75,6.75,6.75,0
VLW,2019-11-14,6.75,6.75,6.75,6.75,0
VLW,2019-11-15,6.75,6.75,6.75,6.75,0
VLW,2019-11-18,6.75,6.75,6.75,6.75,0
VLW,2019-11-19,6.75,6.75,6.75,6.75,0
VLW,2019-11-20,6.75,6.75,6.75,6.75,0
VLW,2019-11-21,6.75,6.75,6.75,6.75,0
VLW,2019-11-22,6.75,6.75,6.75,6.75,0
VLW,2019-11-25,6.75,6.75,6.75,6.75,0
VLW,2019-11-26,6.75,6.75,6.75,6.75,0
VLW,2019-11-27,6.75,6.75,6.75,6.75,0
VLW,2019-11-28,6.75,6.75,6.75,6.75,800
VLW,2019-11-29,6.75,6.75,6.75,6.75,0
VLW,2019-12-02,6.75,6.75,6.75,6.75,0
VLW,2019-12-03,6.75,6.75,6.75,6.75,0
VLW,2019-12-04,6.75,6.75,6.75,6.75,0
VLW,2019-12-05,6.75,6.75,6.75,6.75,0
VLW,2019-12-06,6.75,6.75,6.75,6.75,0
VLW,2019-12-09,6.75,6.75,6.75,6.75,0
VLW,2019-12-10,6.75,6.75,6.75,6.75,0
VLW,2019-12-11,6.75,6.75,6.75,6.75,0
VLW,2019-12-12,6.75,6.75,6.75,6.75,0
VLW,2019-12-13,6.75,6.75,6.75,6.75,0
VLW,2019-12-16,6.75,6.75,6.75,6.75,0
VLW,2019-12-17,6.75,6.75,6.75,6.75,200
VLW,2019-12-18,6.75,6.75,6.75,6.75,0
VLW,2019-12-19,6.75,6.75,6.75,6.75,0
VLW,2019-12-20,6.75,6.75,6.75,6.75,0
VLW,2019-12-23,6.75,6.75,6.75,6.75,0
VLW,2019-12-24,6.21,6.21,6.21,6.21,300
VLW,2019-12-25,6.21,6.21,6.21,6.21,0
VLW,2019-12-26,6.21,6.21,6.21,6.21,0
VLW,2019-12-27,6.21,6.21,6.21,6.21,0
VLW,2019-12-30,6.21,6.21,6.21,6.21,0
VLW,2019-12-31,6.21,6.21,6.21,6.21,0
VLW,2020-01-02,6.21,6.21,6.21,6.21,0
VLW,2020-01-03,6.21,6.21,6.21,6.21,0
VLW,2020-01-06,6.21,6.21,6.21,6.21,0
VLW,2020-01-07,6.21,6.21,6.21,6.21,0
VLW,2020-01-08,6.21,6.21,6.21,6.21,0
VLW,2020-01-09,6.21,6.21,6.21,6.21,0
VLW,2020-01-10,6.21,6.21,6.21,6.21,0
VLW,2020-01-13,6.21,6.21,6.21,6.21,0
VLW,2020-01-14,6.21,6.21,6.21,6.21,0
VLW,2020-01-15,6.21,6.21,6.21,6.21,0
VLW,2020-01-16,6.21,6.21,6.21,6.21,0
VLW,2020-01-17,6.21,6.21,6.21,6.21,0
VLW,2020-01-20,6.21,6.21,6.21,6.21,0
VLW,2020-01-21,6.21,6.21,6.21,6.21,0
VLW,2020-01-22,6.21,6.21,6.21,6.21,0
VLW,2020-01-30,6.21,6.21,6.21,6.21,0
VLW,2020-01-31,6.21,6.21,6.21,6.21,0
VLW,2020-02-03,6.21,6.21,6.21,6.21,0
VLW,2020-02-04,6.21,6.21,6.21,6.21,0
VLW,2020-02-05,6.21,6.21,6.21,6.21,0
VLW,2020-02-06,6.21,6.21,6.21,6.21,0
VLW,2020-02-07,6.75,8.63,6.75,8.63,3900
VLW,2020-02-10,6.81,8.63,8.63,8.63,0
VLW,2020-02-11,6.81,8.63,8.63,8.63,0
VLW,2020-02-12,6.81,8.63,8.63,8.63,0
VLW,2020-02-13,6.81,8.63,8.63,8.63,0
VLW,2020-02-14,6.81,8.63,8.63,8.63,0
VLW,2020-02-17,6.81,8.63,8.63,8.63,0
VLW,2020-02-18,6.81,8.63,8.63,8.63,0
VLW,2020-02-19,6.81,8.63,8.63,8.63,0
VLW,2020-02-20,6.81,8.63,8.63,8.63,0
VLW,2020-02-21,6.81,8.63,8.63,8.63,0
VLW,2020-02-24,6.81,8.63,8.63,8.63,0
VLW,2020-02-25,6.81,8.63,8.63,8.63,0
VLW,2020-02-26,6.81,8.63,8.63,8.63,0
VLW,2020-02-27,6.81,8.63,8.63,8.63,0
VLW,2020-02-28,6.81,8.63,8.63,8.63,0
VLW,2020-03-02,6.81,8.63,8.63,8.63,0
VLW,2020-03-03,6.81,8.63,8.63,8.63,0
VLW,2020-03-04,6.81,8.63,8.63,8.63,0
VLW,2020-03-05,6.81,8.63,8.63,8.63,0
VLW,2020-03-06,6.81,8.63,8.63,8.63,0
VLW,2020-03-09,6.81,8.63,8.63,8.63,0
VLW,2020-03-10,6.81,8.63,8.63,8.63,0
VLW,2020-03-11,6.81,8.63,8.63,8.63,0
VLW,2020-03-12,6.81,8.63,8.63,8.63,0
VLW,2020-03-13,6.81,8.63,8.63,8.63,0
VLW,2020-03-16,6.81,8.63,8.63,8.63,0
VLW,2020-03-17,6.81,8.63,8.63,8.63,0
VLW,2020-03-18,6.81,8.63,8.63,8.63,0
VLW,2020-03-19,6.81,8.63,8.63,8.63,0
VLW,2020-03-20,6.81,8.63,8.63,8.63,0
VLW,2020-03-23,6.81,8.63,8.63,8.63,0
VLW,2020-03-24,6.81,8.63,8.63,8.63,0
VLW,2020-03-25,6.81,8.63,8.63,8.63,0
VLW,2020-03-26,6.81,8.63,8.63,8.63,0
VLW,2020-03-27,6.81,8.63,8.63,8.63,0
VLW,2020-03-30,6.81,8.63,8.63,8.63,0
VLW,2020-03-31,6.81,8.63,8.63,8.63,0
VLW,2020-04-01,6.81,8.63,8.63,8.63,0
VLW,2020-04-03,6.81,8.63,8.63,8.63,0
VLW,2020-04-06,6.81,8.63,8.63,8.63,0
VLW,2020-04-07,6.81,8.63,8.63,8.63,0
VLW,2020-04-08,6.81,8.63,8.63,8.63,0
VLW,2020-04-09,6.81,8.63,8.63,8.63,0
VLW,2020-04-10,9.11,9.11,9.11,9.11,100
VLW,2020-04-13,9.11,9.11,9.11,9.11,0
VLW,2020-04-14,9.11,9.11,9.11,9.11,0
VLW,2020-04-15,9.11,9.11,9.11,9.11,0
VLW,2020-04-16,8.63,8.63,8.63,8.63,300
VLW,2020-04-17,8.63,8.63,8.63,8.63,0
VLW,2020-04-20,9.11,9.11,9.11,9.11,1100
VLW,2020-04-21,9.11,9.11,9.11,9.11,0
VLW,2020-04-22,7.76,7.76,7.76,7.76,100
VLW,2020-04-23,7.76,7.76,7.76,7.76,0
VLW,2020-04-24,7.76,7.76,7.76,7.76,0
VLW,2020-04-27,8.09,8.09,8.09,8.09,100
VLW,2020-04-28,9.31,9.31,9.31,9.31,200
VLW,2020-04-29,9.31,9.31,9.31,9.31,0
VLW,2020-05-04,8.43,8.43,8.43,8.43,5500
VLW,2020-05-05,8.43,8.43,8.43,8.43,0
VLW,2020-05-06,9.11,9.11,9.11,9.11,100
VLW,2020-05-07,9.11,9.11,9.11,9.11,1200
VLW,2020-05-08,9.11,9.11,9.11,9.11,800
VLW,2020-05-11,9.11,9.11,9.11,9.11,0
VLW,2020-05-12,9.11,9.11,9.11,9.11,1500
VLW,2020-05-13,9.11,9.11,9.11,9.11,0
VLW,2020-05-14,10.46,10.46,10.46,10.46,2000
VLW,2020-05-15,10.46,10.46,10.46,10.46,0
VLW,2020-05-18,10.46,10.46,10.46,10.46,0
VLW,2020-05-19,10.46,10.46,10.46,10.46,0
VLW,2020-05-20,10.46,10.46,10.46,10.46,0
VLW,2020-05-21,10.46,10.46,10.46,10.46,2900
VLW,2020-05-22,10.46,10.46,10.46,10.46,0
VLW,2020-05-25,10.46,10.46,10.46,10.46,100
VLW,2020-05-26,10.46,10.46,10.46,10.46,0
VLW,2020-05-27,10.46,10.46,10.46,10.46,0
VLW,2020-05-28,10.46,10.46,10.46,10.46,0
VLW,2020-05-29,10.46,10.46,10.46,10.46,0
VLW,2020-06-01,10.46,10.46,10.46,10.46,0
VLW,2020-06-02,10.46,10.46,10.46,10.46,0
VLW,2020-06-03,10.46,10.46,10.46,10.46,0
VLW,2020-06-04,10.46,10.46,10.46,10.46,0
VLW,2020-06-05,10.46,10.46,10.46,10.46,0
VLW,2020-06-08,10.46,10.46,10.46,10.46,100
VLW,2020-06-09,10.46,10.46,10.46,10.46,0
VLW,2020-06-10,10.46,10.46,10.46,10.46,0
VLW,2020-06-11,11.02,11.02,11.02,11.02,100
VLW,2020-06-12,11.02,11.02,11.02,11.02,0
VLW,2020-06-15,11.02,11.02,11.02,11.02,0
VLW,2020-06-16,11.02,11.02,11.02,11.02,0
VLW,2020-06-17,11.02,11.02,11.02,11.02,0
VLW,2020-06-18,11.02,11.02,11.02,11.02,0
VLW,2020-06-19,11.02,11.02,11.02,11.02,0
VLW,2020-06-22,11.02,11.02,11.02,11.02,0
VLW,2020-06-23,11.02,11.02,11.02,11.02,0
VLW,2020-06-24,11.02,11.02,11.02,11.02,0
VLW,2020-06-25,11.02,11.02,11.02,11.02,0
VLW,2020-06-26,11.02,11.02,11.02,11.02,0
VLW,2020-06-29,11.02,11.02,11.02,11.02,0
VLW,2020-06-30,11.02,11.02,11.02,11.02,0
VLW,2020-07-01,11.02,11.02,11.02,11.02,0
VLW,2020-07-02,11.02,11.02,11.02,11.02,0
VLW,2020-07-03,11.02,11.02,11.02,11.02,0
VLW,2020-07-06,11.02,11.02,11.02,11.02,0
VLW,2020-07-07,11.02,11.02,11.02,11.02,200
VLW,2020-07-08,11.02,11.02,11.02,11.02,0
VLW,2020-07-09,11.02,11.02,11.02,11.02,0
VLW,2020-07-10,11.02,11.02,11.02,11.02,0
VLW,2020-07-13,11.02,11.02,11.02,11.02,100
VLW,2020-07-14,11.02,11.02,11.02,11.02,300
VLW,2020-07-15,11.02,11.02,11.02,11.02,0
VLW,2020-07-16,11.02,11.02,11.02,11.02,0
VLW,2020-07-17,11.02,11.02,11.02,11.02,0
VLW,2020-07-20,11.02,11.02,11.02,11.02,0
VLW,2020-07-21,11.02,11.02,11.02,11.02,0
VLW,2020-07-22,11.02,11.02,11.02,11.02,0
VLW,2020-07-23,11.02,11.02,11.02,11.02,0
VLW,2020-07-24,11.02,11.02,11.02,11.02,0
VLW,2020-07-27,11.02,11.02,11.02,11.02,0
VLW,2020-07-28,11.02,11.02,11.02,11.02,0
VLW,2020-07-29,11.02,11.02,11.02,11.02,0
VLW,2020-07-30,11.02,11.1,11.02,11.02,66200
VLW,2020-07-31,11.1,11.02,11.02,11.02,0
VLW,2020-08-03,11.1,11.02,11.02,11.02,0
VLW,2020-08-04,11.1,11.02,11.02,11.02,0
VLW,2020-08-05,9.46,9.46,9.46,9.46,100
VLW,2020-08-06,9.46,9.46,9.46,9.46,0
VLW,2020-08-07,9.46,9.46,9.46,9.46,0
VLW,2020-08-10,9.46,9.46,9.46,9.46,0
VLW,2020-08-11,10.81,10.81,10.81,10.81,100
VLW,2020-08-12,9.25,9.25,9.25,9.25,100
VLW,2020-08-13,9.96,9.96,9.32,9.32,1400
VLW,2020-08-14,9.96,9.96,9.96,9.96,2000
VLW,2020-08-17,9.96,9.96,9.96,9.96,0
VLW,2020-08-18,8.46,9.96,8.46,9.96,220
VLW,2020-08-19,9.25,9.96,9.96,9.96,0
VLW,2020-08-20,9.25,9.96,9.96,9.96,0
VLW,2020-08-21,9.25,9.96,9.96,9.96,0
VLW,2020-08-24,9.25,9.96,9.96,9.96,0
VLW,2020-08-25,9.25,9.96,9.96,9.96,0
VLW,2020-08-26,10.6,10.6,10.6,10.6,120
VLW,2020-08-27,9.03,9.03,9.03,9.03,100
VLW,2020-08-28,9.03,9.03,9.03,9.03,0
VLW,2020-08-31,9.03,9.03,9.03,9.03,0
VLW,2020-09-01,10.38,10.38,10.38,10.38,100
VLW,2020-09-03,10.38,10.38,10.38,10.38,0
VLW,2020-09-04,10.38,10.38,10.38,10.38,0
VLW,2020-09-07,10.38,10.38,10.38,10.38,0
VLW,2020-09-08,10.38,10.38,10.38,10.38,0
VLW,2020-09-09,10.38,10.38,10.38,10.38,0
VLW,2020-09-10,10.38,10.38,10.38,10.38,0
VLW,2020-09-11,10.38,10.38,10.38,10.38,0
VLW,2020-09-14,10.38,10.38,10.38,10.38,0
VLW,2020-09-15,10.38,10.38,10.38,10.38,0
VLW,2020-09-16,10.38,10.38,10.38,10.38,0
VLW,2020-09-17,10.38,10.38,10.38,10.38,0
VLW,2020-09-18,10.38,10.38,10.38,10.38,0
VLW,2020-09-21,10.38,10.38,10.38,10.38,0
VLW,2020-09-22,10.38,10.38,10.38,10.38,0
VLW,2020-09-23,10.38,10.38,10.38,10.38,0
VLW,2020-09-24,10.38,10.38,10.38,10.38,0
VLW,2020-09-25,10.67,10.67,10.67,10.67,700
VLW,2020-09-28,10.67,10.67,10.67,10.67,0
VLW,2020-09-29,10.67,10.67,10.67,10.67,10
VLW,2020-09-30,10.67,10.67,10.67,10.67,5900
VLW,2020-10-01,10.67,10.67,10.67,10.67,10
VLW,2020-10-02,10.67,10.67,10.67,10.67,200
VLW,2020-10-05,10.67,10.67,10.67,10.67,0
VLW,2020-10-06,10.67,10.67,10.67,10.67,0
VLW,2020-10-07,10.67,10.67,10.67,10.67,0
VLW,2020-10-08,10.67,10.67,10.67,10.67,0
VLW,2020-10-09,10.67,10.67,10.67,10.67,0
VLW,2020-10-12,10.67,10.67,10.67,10.67,0
VLW,2020-10-13,10.67,10.67,10.67,10.67,0
VLW,2020-10-14,10.67,10.67,10.67,10.67,0
VLW,2020-10-15,10.67,10.67,10.67,10.67,0
VLW,2020-10-16,10.67,10.67,10.67,10.67,0
VLW,2020-10-19,10.67,10.67,10.67,10.67,0
VLW,2020-10-20,10.67,10.67,10.67,10.67,0
VLW,2020-10-21,10.67,10.67,10.67,10.67,0
VLW,2020-10-22,10.67,10.67,10.67,10.67,0
VLW,2020-10-23,10.67,10.67,10.67,10.67,0
VLW,2020-10-26,10.67,10.67,10.67,10.67,0
VLW,2020-10-27,10.67,10.67,10.67,10.67,0
VLW,2020-10-28,10.67,10.67,10.67,10.67,0
VLW,2020-10-29,10.67,10.67,10.67,10.67,0
VLW,2020-10-30,10.67,10.67,10.67,10.67,0
VLW,2020-11-02,10.67,10.67,10.67,10.67,0
VLW,2020-11-03,10.81,10.81,10.81,10.81,1900
VLW,2020-11-04,10.81,10.81,10.81,10.81,0
VLW,2020-11-05,10.81,10.81,10.81,10.81,200
VLW,2020-11-06,10.81,10.81,10.81,10.81,7600
VLW,2020-11-09,10.81,10.81,10.81,10.81,0
VLW,2020-11-10,10.81,10.81,10.81,10.81,0
VLW,2020-11-11,10.81,10.81,10.81,10.81,0
VLW,2020-11-12,10.81,10.81,10.81,10.81,0
VLW,2020-11-13,10.81,10.81,10.81,10.81,0
VLW,2020-11-16,10.81,10.81,10.81,10.81,0
VLW,2020-11-17,10.81,10.81,10.81,10.81,0
VLW,2020-11-18,10.81,10.81,10.81,10.81,0
VLW,2020-11-19,10.81,10.81,10.81,10.81,0
VLW,2020-11-20,10.81,10.81,10.81,10.81,100
VLW,2020-11-23,10.81,10.81,10.81,10.81,0
VLW,2020-11-24,10.81,10.81,10.81,10.81,0
VLW,2020-11-25,10.81,10.81,10.81,10.81,0
VLW,2020-11-26,10.81,10.81,10.81,10.81,900
VLW,2020-11-27,10.81,10.81,10.81,10.81,0
VLW,2020-11-30,10.81,10.81,10.81,10.81,0
VLW,2020-12-01,10.81,10.81,10.81,10.81,100
VLW,2020-12-02,10.81,10.81,10.81,10.81,1100
VLW,2020-12-03,10.81,10.81,10.81,10.81,100
VLW,2020-12-04,10.81,10.81,10.81,10.81,0
VLW,2020-12-07,10.81,10.81,10.81,10.81,0
VLW,2020-12-08,10.81,10.81,10.81,10.81,0
VLW,2020-12-09,10.81,10.81,10.81,10.81,0
VLW,2020-12-10,10.81,10.81,10.81,10.81,0
VLW,2020-12-11,10.81,10.81,10.81,10.81,0
VLW,2020-12-14,10.81,10.81,10.81,10.81,0
VLW,2020-12-15,10.81,10.81,10.81,10.81,0
VLW,2020-12-16,10.81,10.81,10.81,10.81,0
VLW,2020-12-17,10.81,10.81,10.81,10.81,0
VLW,2020-12-18,10.81,10.81,10.81,10.81,0
VLW,2020-12-21,10.81,10.81,10.81,10.81,0
VLW,2020-12-22,10.81,10.81,10.81,10.81,0
VLW,2020-12-23,10.81,10.81,10.81,10.81,0
VLW,2020-12-24,10.81,10.81,10.81,10.81,0
VLW,2020-12-25,10.81,10.81,10.81,10.81,0
VLW,2020-12-28,10.81,10.81,10.81,10.81,0
VLW,2020-12-29,10.81,10.81,10.81,10.81,0
VLW,2020-12-30,10.81,10.81,10.81,10.81,0
VLW,2020-12-31,10.81,10.81,10.81,10.81,0
VLW,2021-01-04,10.67,10.67,10.67,10.67,200
VLW,2021-01-05,10.67,10.67,10.67,10.67,0
VLW,2021-01-06,10.67,10.67,10.67,10.67,0
VLW,2021-01-07,10.67,10.67,10.67,10.67,0
VLW,2021-01-08,10.67,10.67,10.67,10.67,0
VLW,2021-01-11,10.67,10.67,10.67,10.67,0
VLW,2021-01-12,10.67,10.67,10.67,10.67,0
VLW,2021-01-13,10.67,10.67,10.67,10.67,0
VLW,2021-01-14,10.67,10.67,10.67,10.67,0
VLW,2021-01-15,10.67,10.67,10.67,10.67,0
VLW,2021-01-18,12.09,12.09,12.09,12.09,2400
VLW,2021-01-19,12.09,12.09,12.09,12.09,0
VLW,2021-01-20,12.09,12.09,12.09,12.09,0
VLW,2021-01-21,12.09,12.09,12.09,12.09,0
VLW,2021-01-22,12.09,12.09,12.09,12.09,0
VLW,2021-01-25,12.09,12.09,12.09,12.09,2600
VLW,2021-01-26,12.09,12.09,12.09,12.09,0
VLW,2021-01-27,12.09,12.09,12.09,12.09,0
VLW,2021-01-28,12.09,12.09,12.09,12.09,0
VLW,2021-01-29,12.8,12.8,12.8,12.8,100
VLW,2021-02-01,12.8,12.8,12.8,12.8,0
VLW,2021-02-02,12.8,12.8,12.8,12.8,700
VLW,2021-02-03,12.8,12.8,12.8,12.8,0
VLW,2021-02-04,12.8,12.8,12.8,12.8,0
VLW,2021-02-05,12.8,12.8,12.8,12.8,0
VLW,2021-02-08,12.8,12.8,12.8,12.8,0
VLW,2021-02-09,12.8,12.8,12.8,12.8,0
VLW,2021-02-17,12.8,12.8,12.8,12.8,0
VLW,2021-02-18,12.8,12.8,12.8,12.8,0
VLW,2021-02-19,12.8,12.8,12.8,12.8,0
VLW,2021-02-22,12.8,12.8,12.8,12.8,0
VLW,2021-02-23,12.8,12.8,12.8,12.8,0
VLW,2021-02-24,12.8,12.8,12.8,12.8,0
VLW,2021-02-25,12.8,12.8,12.8,12.8,0
VLW,2021-02-26,12.8,12.8,12.8,12.8,0
VLW,2021-03-01,12.66,12.66,12.66,12.66,300
VLW,2021-03-02,12.66,12.66,12.66,12.66,0
VLW,2021-03-03,12.66,12.66,12.66,12.66,0
VLW,2021-03-04,12.66,12.66,12.66,12.66,0
VLW,2021-03-05,12.66,12.66,12.66,12.66,0
VLW,2021-03-08,12.66,12.66,12.66,12.66,0
VLW,2021-03-09,12.66,12.66,12.66,12.66,0
VLW,2021-03-10,12.66,12.66,12.66,12.66,0
VLW,2021-03-11,12.66,12.66,12.66,12.66,0
VLW,2021-03-12,12.66,12.66,12.66,12.66,500
VLW,2021-03-15,12.66,12.66,12.66,12.66,0
VLW,2021-03-16,12.66,12.66,12.66,12.66,0
VLW,2021-03-17,12.66,12.66,12.66,12.66,0
VLW,2021-03-18,12.66,12.66,12.66,12.66,0
VLW,2021-03-19,12.66,12.66,12.66,12.66,0
VLW,2021-03-22,12.66,12.66,12.66,12.66,0
VLW,2021-03-23,12.66,12.66,12.66,12.66,0
VLW,2021-03-24,12.66,12.66,12.66,12.66,0
VLW,2021-03-25,12.66,12.66,12.66,12.66,0
VLW,2021-03-26,12.66,12.66,12.66,12.66,0
VLW,2021-03-29,12.66,12.66,12.66,12.66,0
VLW,2021-03-30,12.66,12.66,12.66,12.66,0
VLW,2021-03-31,12.66,12.66,12.66,12.66,0
VLW,2021-04-01,12.66,12.66,12.66,12.66,0
VLW,2021-04-02,12.66,12.66,12.66,12.66,0
VLW,2021-04-05,12.66,12.66,12.66,12.66,0
VLW,2021-04-06,10.81,10.81,10.81,10.81,100
VLW,2021-04-07,10.81,10.81,10.81,10.81,0
VLW,2021-04-08,10.81,10.81,10.81,10.81,0
VLW,2021-04-09,10.81,10.81,10.81,10.81,0
VLW,2021-04-12,10.81,10.81,10.81,10.81,0
VLW,2021-04-13,12.31,12.31,12.31,12.31,400
VLW,2021-04-14,12.31,12.31,12.31,12.31,0
VLW,2021-04-15,12.31,12.31,12.31,12.31,0
VLW,2021-04-16,12.31,12.31,12.31,12.31,0
VLW,2021-04-19,12.31,12.31,12.31,12.31,0
VLW,2021-04-20,12.31,12.31,12.31,12.31,0
VLW,2021-04-22,12.31,12.31,12.31,12.31,0
VLW,2021-04-23,12.31,12.31,12.31,12.31,100
VLW,2021-04-26,12.31,12.31,12.31,12.31,0
VLW,2021-04-27,12.31,12.31,12.31,12.31,0
VLW,2021-04-28,12.31,12.31,12.31,12.31,0
VLW,2021-04-29,12.31,12.31,12.31,12.31,0
VLW,2021-05-04,12.31,12.31,12.31,12.31,0
VLW,2021-05-05,12.31,12.31,12.31,12.31,0
VLW,2021-05-06,12.31,12.31,12.31,12.31,0
VLW,2021-05-07,12.31,12.31,12.31,12.31,0
VLW,2021-05-10,12.31,12.31,12.31,12.31,0
VLW,2021-05-11,12.31,12.31,12.31,12.31,0
VLW,2021-05-12,12.31,12.31,12.31,12.31,0
VLW,2021-05-13,12.31,12.31,12.31,12.31,0
VLW,2021-05-14,12.31,12.31,12.31,12.31,0
VLW,2021-05-17,12.31,12.31,12.31,12.31,0
VLW,2021-05-18,12.31,12.31,12.31,12.31,0
VLW,2021-05-19,12.31,12.31,12.31,12.31,0
VLW,2021-05-20,12.31,12.31,12.31,12.31,0
VLW,2021-05-21,12.31,12.31,12.31,12.31,0
VLW,2021-05-24,12.31,12.31,12.31,12.31,0
VLW,2021-05-25,12.31,12.31,12.31,12.31,0
VLW,2021-05-26,12.31,12.31,12.31,12.31,0
VLW,2021-05-27,12.31,12.31,12.31,12.31,0
VLW,2021-05-28,12.31,12.31,12.31,12.31,0
VLW,2021-05-31,12.31,12.31,12.31,12.31,0
VLW,2021-06-01,12.31,12.31,12.31,12.31,0
VLW,2021-06-02,12.31,12.31,12.31,12.31,0
VLW,2021-06-03,12.31,12.31,12.31,12.31,0
VLW,2021-06-04,12.31,12.31,12.31,12.31,0
VLW,2021-06-07,12.31,12.31,12.31,12.31,0
VLW,2021-06-08,12.31,12.31,12.31,12.31,0
VLW,2021-06-09,12.31,12.31,12.31,12.31,0
VLW,2021-06-10,12.31,12.31,12.31,12.31,0
VLW,2021-06-11,12.31,12.31,12.31,12.31,0
VLW,2021-06-14,12.31,12.31,12.31,12.31,0
VLW,2021-06-15,12.31,12.31,12.31,12.31,0
VLW,2021-06-16,12.31,12.31,12.31,12.31,0
VLW,2021-06-17,12.31,12.31,12.31,12.31,0
VLW,2021-06-18,12.31,12.31,12.31,12.31,0
VLW,2021-06-21,12.31,12.31,12.31,12.31,0
VLW,2021-06-22,12.31,12.31,12.31,12.31,0
VLW,2021-06-23,12.31,12.31,12.31,12.31,0
VLW,2021-06-24,12.31,12.31,12.31,12.31,0
VLW,2021-06-25,12.31,12.31,12.31,12.31,0
VLW,2021-06-28,12.31,12.31,12.31,12.31,0
VLW,2021-06-29,12.31,12.31,12.31,12.31,0
VLW,2021-06-30,12.31,12.31,12.31,12.31,0
VLW,2021-07-01,12.31,12.31,12.31,12.31,0
VLW,2021-07-02,12.31,12.31,12.31,12.31,0
VLW,2021-07-05,12.31,12.31,12.31,12.31,0
VLW,2021-07-06,12.31,12.31,12.09,12.09,2400
VLW,2021-07-07,12.09,12.09,11.95,11.95,1300
VLW,2021-07-08,11.95,11.95,11.95,11.95,0
VLW,2021-07-09,11.95,11.95,11.74,11.74,2200
VLW,2021-07-12,11.45,11.45,11.45,11.45,1000
VLW,2021-07-13,11.74,11.74,11.74,11.74,100
VLW,2021-07-14,11.74,11.74,11.74,11.74,0
VLW,2021-07-15,11.74,11.74,11.74,11.74,0
VLW,2021-07-16,11.74,11.74,11.74,11.74,0
VLW,2021-07-19,11.74,11.74,11.74,11.74,0
VLW,2021-07-20,11.74,11.74,11.74,11.74,0
VLW,2021-07-21,11.74,11.74,11.74,11.74,0
VLW,2021-07-22,13.16,13.16,13.16,13.16,100
VLW,2021-07-23,13.16,13.91,13.91,13.91,0
VLW,2021-07-26,13.16,13.91,13.91,13.91,0
VLW,2021-07-27,13.16,13.91,13.91,13.91,0
VLW,2021-07-28,12.63,12.63,12.63,12.63,800
VLW,2021-07-29,12.63,12.63,12.63,12.63,0
VLW,2021-07-30,12.63,12.63,12.63,12.63,0
VLW,2021-08-02,12.63,12.63,12.63,12.63,0
VLW,2021-08-03,12.78,12.78,12.78,12.78,400
VLW,2021-08-04,12.78,12.78,12.78,12.78,0
VLW,2021-08-05,12.78,12.78,12.78,12.78,0
VLW,2021-08-06,12.78,12.78,12.78,12.78,0
VLW,2021-08-09,12.78,12.78,12.78,12.78,0
VLW,2021-08-10,12.78,12.78,12.78,12.78,0
VLW,2021-08-11,13.16,13.16,13.16,13.16,100
VLW,2021-08-12,13.16,13.16,13.16,13.16,0
VLW,2021-08-13,13.16,13.16,13.16,13.16,0
VLW,2021-08-16,13.16,13.16,13.16,13.16,0
VLW,2021-08-17,13.16,13.16,13.16,13.16,0
VLW,2021-08-18,13.16,13.16,13.16,13.16,0
VLW,2021-08-19,13.16,13.16,13.16,13.16,0
VLW,2021-08-20,13.16,13.16,13.16,13.16,0
VLW,2021-08-23,13.16,13.16,13.16,13.16,0
VLW,2021-08-24,13.16,13.16,13.16,13.16,0
VLW,2021-08-25,13.16,13.16,13.16,13.16,0
VLW,2021-08-26,13.16,13.16,13.16,13.16,0
VLW,2021-08-27,13.16,13.16,13.16,13.16,0
VLW,2021-08-30,13.16,13.16,13.16,13.16,0
VLW,2021-08-31,13.16,13.16,13.16,13.16,0
VLW,2021-09-01,13.16,13.16,13.16,13.16,0
VLW,2021-09-06,13.16,13.16,13.16,13.16,0
VLW,2021-09-07,13.16,13.16,13.16,13.16,0
VLW,2021-09-08,13.16,13.16,13.16,13.16,0
VLW,2021-09-09,13.16,13.16,13.16,13.16,0
VLW,2021-09-10,13.16,13.16,13.16,13.16,0
VLW,2021-09-13,13.16,13.16,13.16,13.16,0
VLW,2021-09-14,13.16,13.16,13.16,13.16,0
VLW,2021-09-15,13.16,13.16,13.16,13.16,0
VLW,2021-09-16,13.16,13.16,13.16,13.16,0
VLW,2021-09-17,13.16,13.16,13.16,13.16,0
VLW,2021-09-20,13.16,13.16,13.16,13.16,0
VLW,2021-09-21,13.16,13.16,13.16,13.16,0
VLW,2021-09-22,13.16,13.16,13.16,13.16,0
VLW,2021-09-23,13.16,13.16,13.16,13.16,0
VLW,2021-09-24,8.65,8.65,8.65,8.65,100
VLW,2021-09-27,8.65,8.65,8.65,8.65,0
VLW,2021-09-28,8.65,8.65,8.65,8.65,0
VLW,2021-09-29,8.65,8.65,8.65,8.65,0
VLW,2021-09-30,8.65,8.65,8.65,8.65,0
VLW,2021-10-01,8.65,8.65,8.65,8.65,0
VLW,2021-10-04,8.65,8.65,8.65,8.65,0
VLW,2021-10-05,8.65,8.65,8.65,8.65,0
VLW,2021-10-06,8.65,8.65,8.65,8.65,0
VLW,2021-10-07,8.65,8.65,8.65,8.65,0
VLW,2021-10-08,8.65,8.65,8.65,8.65,0
VLW,2021-10-11,8.65,8.65,8.65,8.65,0
VLW,2021-10-12,8.65,8.65,8.65,8.65,0
VLW,2021-10-13,8.65,8.65,8.65,8.65,0
VLW,2021-10-14,8.65,8.65,8.65,8.65,0
VLW,2021-10-15,8.65,8.65,8.65,8.65,0
VLW,2021-10-18,8.65,8.65,8.65,8.65,0
VLW,2021-10-19,8.65,8.65,8.65,8.65,0
VLW,2021-10-20,8.65,8.65,8.65,8.65,0
VLW,2021-10-21,8.65,8.65,8.65,8.65,0
VLW,2021-10-22,8.65,8.65,8.65,8.65,0
VLW,2021-10-25,8.65,8.65,8.65,8.65,0
VLW,2021-10-26,8.65,8.65,8.65,8.65,0
VLW,2021-10-27,8.65,8.65,8.65,8.65,0
VLW,2021-10-28,8.65,8.65,8.65,8.65,0
VLW,2021-10-29,8.65,8.65,8.65,8.65,0
VLW,2021-11-01,8.65,8.65,8.65,8.65,0
VLW,2021-11-02,8.65,8.65,8.65,8.65,0
VLW,2021-11-03,12.11,12.11,12.11,12.11,5000
VLW,2021-11-04,13.92,13.92,13.36,13.92,3500
VLW,2021-11-05,15.8,15.8,15.8,15.8,500
VLW,2021-11-08,15.33,18.08,15.33,18.08,2000
VLW,2021-11-09,18.0,18.08,18.0,18.08,800
VLW,2021-11-10,18.08,18.08,18.08,18.08,0
VLW,2021-11-11,18.08,18.08,18.08,18.08,0
VLW,2021-11-12,18.16,18.16,18.16,18.16,200
VLW,2021-11-15,18.16,18.16,18.16,18.16,0
VLW,2021-11-16,18.16,18.16,18.16,18.16,0
VLW,2021-11-17,18.16,18.16,18.16,18.16,0
VLW,2021-11-18,18.16,18.16,18.16,18.16,20
VLW,2021-11-19,18.08,20.68,18.08,20.68,1100
VLW,2021-11-22,18.32,18.32,18.32,18.32,100
VLW,2021-11-23,20.91,20.91,20.91,20.91,100
VLW,2021-11-24,21.93,21.93,21.93,21.93,100
VLW,2021-11-25,25.08,25.08,18.71,25.08,700
VLW,2021-11-26,17.45,17.45,17.45,17.45,1500
VLW,2021-11-29,14.86,18.0,14.86,18.0,2000
VLW,2021-11-30,17.22,17.22,17.22,17.22,600
VLW,2021-12-01,17.22,17.22,17.22,17.22,0
VLW,2021-12-02,19.18,19.18,18.87,18.87,600
VLW,2021-12-03,19.1,19.1,19.1,19.1,0
VLW,2021-12-06,19.1,19.1,19.1,19.1,0
VLW,2021-12-07,19.1,19.1,19.1,19.1,0
VLW,2021-12-08,18.47,21.23,17.69,17.69,5600
VLW,2021-12-09,17.69,17.69,17.69,17.69,100
VLW,2021-12-10,17.69,17.69,17.69,17.69,600
VLW,2021-12-13,17.69,17.69,17.69,17.69,1600
VLW,2021-12-14,17.77,17.77,17.69,17.69,200
VLW,2021-12-15,17.77,17.77,17.77,17.77,0
VLW,2021-12-16,17.77,17.77,17.77,17.77,3000
VLW,2021-12-17,18.71,18.71,18.71,18.71,100
VLW,2021-12-20,18.71,18.71,18.71,18.71,0
VLW,2021-12-21,18.71,18.71,18.71,18.71,10900
VLW,2021-12-22,21.38,21.38,18.71,18.71,200
VLW,2021-12-23,20.05,20.05,18.87,18.87,4600
VLW,2021-12-24,18.87,18.87,18.87,18.87,2500
VLW,2021-12-27,18.87,18.87,18.87,18.87,0
VLW,2021-12-28,18.87,18.87,18.87,18.87,0
VLW,2021-12-29,18.87,18.87,18.87,18.87,0
VLW,2021-12-30,18.87,18.87,18.87,18.87,0
VLW,2021-12-31,18.87,18.87,18.87,18.87,0
VLW,2022-01-04,18.87,18.87,18.87,18.87,0
VLW,2022-01-05,18.87,18.87,18.87,18.87,0
VLW,2022-01-06,18.87,18.87,18.87,18.87,0
VLW,2022-01-07,18.87,18.87,18.87,18.87,0
VLW,2022-01-10,18.87,18.87,18.87,18.87,0
VLW,2022-01-11,18.87,18.87,18.87,18.87,0
VLW,2022-01-12,18.87,18.87,18.87,18.87,0
VLW,2022-01-13,18.87,18.87,18.87,18.87,0
VLW,2022-01-14,18.87,18.87,18.87,18.87,0
VLW,2022-01-17,18.87,18.87,18.87,18.87,0
VLW,2022-01-18,18.87,18.87,18.87,18.87,0
VLW,2022-01-19,18.87,18.87,18.87,18.87,0
VLW,2022-01-20,18.87,18.87,18.87,18.87,0
VLW,2022-01-21,18.87,18.87,18.87,18.87,0
VLW,2022-01-24,18.87,18.87,18.87,18.87,0
VLW,2022-01-25,18.87,18.87,18.87,18.87,0
VLW,2022-01-26,18.87,18.87,18.87,18.87,0
VLW,2022-01-27,18.87,18.87,18.87,18.87,0
VLW,2022-01-28,18.87,18.87,18.87,18.87,0
VLW,2022-02-07,18.87,18.87,18.87,18.87,0
VLW,2022-02-08,18.87,18.87,18.87,18.87,0
VLW,2022-02-09,26.34,26.34,26.34,26.34,100
VLW,2022-02-10,26.34,26.34,26.34,26.34,0
VLW,2022-02-11,26.34,26.34,26.34,26.34,0
VLW,2022-02-14,26.34,26.34,26.34,26.34,0
VLW,2022-02-15,22.41,22.41,22.41,22.41,200
VLW,2022-02-16,20.05,23.58,20.05,23.58,1300
VLW,2022-02-17,22.01,22.01,22.01,22.01,1000
VLW,2022-02-18,22.01,22.01,22.01,22.01,0
VLW,2022-02-21,22.01,22.01,22.01,22.01,0
VLW,2022-02-22,22.01,22.01,22.01,22.01,0
VLW,2022-02-23,22.01,22.01,22.01,22.01,0
VLW,2022-02-24,22.01,22.01,22.01,22.01,0
VLW,2022-02-25,22.01,22.01,22.01,22.01,0
VLW,2022-02-28,22.01,22.01,22.01,22.01,0
VLW,2022-03-01,22.01,22.01,22.01,22.01,0
VLW,2022-03-02,22.01,22.01,22.01,22.01,0
VLW,2022-03-03,22.01,22.01,22.01,22.01,0
VLW,2022-03-04,22.01,22.01,22.01,22.01,0
VLW,2022-03-07,22.01,22.01,22.01,22.01,0
VLW,2022-03-08,22.01,22.01,22.01,22.01,0
VLW,2022-03-09,22.01,22.01,22.01,22.01,0
VLW,2022-03-10,22.01,22.01,22.01,22.01,0
VLW,2022-03-11,22.01,22.01,22.01,22.01,0
VLW,2022-03-14,22.01,22.01,22.01,22.01,0
VLW,2022-03-15,22.01,22.01,22.01,22.01,0
VLW,2022-03-16,22.01,22.01,22.01,22.01,0
VLW,2022-03-17,22.01,22.01,22.01,22.01,0
VLW,2022-03-18,22.01,22.01,22.01,22.01,0
VLW,2022-03-21,22.01,22.01,22.01,22.01,0
VLW,2022-03-22,22.01,22.01,22.01,22.01,0
VLW,2022-03-23,22.01,22.01,22.01,22.01,0
VLW,2022-03-24,22.01,22.01,22.01,22.01,0
VLW,2022-03-25,22.01,22.01,22.01,22.01,0
VLW,2022-03-28,22.01,22.01,22.01,22.01,0
VLW,2022-03-29,22.01,22.01,22.01,22.01,0
VLW,2022-03-30,22.01,22.01,22.01,22.01,0
VLW,2022-03-31,22.01,22.01,22.01,22.01,0
VLW,2022-04-01,22.01,22.01,22.01,22.01,0
VLW,2022-04-04,22.01,22.01,22.01,22.01,0
VLW,2022-04-05,22.01,22.01,22.01,22.01,0
VLW,2022-04-06,22.01,22.01,22.01,22.01,0
VLW,2022-04-07,22.01,22.01,22.01,22.01,0
VLW,2022-04-08,22.01,22.01,22.01,22.01,0
VLW,2022-04-12,22.01,22.01,22.01,22.01,0
VLW,2022-04-13,22.01,22.01,22.01,22.01,0
VLW,2022-04-14,22.01,22.01,22.01,22.01,0
VLW,2022-04-15,22.01,22.01,22.01,22.01,0
VLW,2022-04-18,22.01,22.01,22.01,22.01,0
VLW,2022-04-19,22.01,22.01,22.01,22.01,0
VLW,2022-04-20,22.01,22.01,22.01,22.01,0
VLW,2022-04-21,22.01,22.01,22.01,22.01,0
VLW,2022-04-22,22.01,22.01,22.01,22.01,0
VLW,2022-04-25,19.65,19.65,18.87,18.87,3600
VLW,2022-04-26,19.65,19.65,19.65,19.65,100
VLW,2022-04-27,19.65,19.65,19.65,19.65,1600
VLW,2022-04-28,19.65,19.65,19.65,19.65,0
VLW,2022-04-29,19.65,19.65,19.65,19.65,0
VLW,2022-05-04,22.56,22.56,22.56,22.56,300
VLW,2022-05-05,22.56,22.56,22.56,22.56,0
VLW,2022-05-06,22.56,22.56,22.56,22.56,0
VLW,2022-05-09,22.56,22.56,22.56,22.56,0
VLW,2022-05-10,19.65,19.65,19.65,19.65,1300
VLW,2022-05-11,19.65,19.65,19.65,19.65,1700
VLW,2022-05-12,19.65,19.65,19.65,19.65,0
VLW,2022-05-13,19.65,19.65,19.65,19.65,0
VLW,2022-05-16,19.65,19.65,19.65,19.65,200
VLW,2022-05-17,19.65,19.65,19.65,19.65,0
VLW,2022-05-18,19.65,19.65,19.65,19.65,0
VLW,2022-05-19,19.65,19.65,19.65,19.65,0
VLW,2022-05-20,19.65,19.65,19.65,19.65,0
VLW,2022-05-23,19.65,19.65,19.65,19.65,0
VLW,2022-05-24,19.65,19.65,19.65,19.65,0
VLW,2022-05-25,19.65,19.65,19.65,19.65,0
VLW,2022-05-26,19.65,19.65,19.65,19.65,0
VLW,2022-05-27,19.65,19.65,19.65,19.65,0
VLW,2022-05-30,22.56,22.56,22.56,22.56,100
VLW,2022-05-31,22.56,22.56,22.56,22.56,0
VLW,2022-06-01,22.56,22.56,22.56,22.56,0
VLW,2022-06-02,19.65,19.65,19.65,19.65,200
VLW,2022-06-03,19.65,19.65,19.65,19.65,0
VLW,2022-06-06,19.65,19.65,19.65,19.65,0
VLW,2022-06-07,19.65,19.65,19.65,19.65,0
VLW,2022-06-08,19.65,19.65,19.65,19.65,0
VLW,2022-06-09,19.65,19.65,19.65,19.65,0
VLW,2022-06-10,19.65,19.65,19.65,19.65,0
VLW,2022-06-13,19.65,19.65,19.65,19.65,0
VLW,2022-06-14,19.65,19.65,19.65,19.65,0
VLW,2022-06-15,20.39,20.39,20.39,20.39,1400
VLW,2022-06-16,20.39,20.39,20.39,20.39,0
VLW,2022-06-17,20.39,20.39,20.39,20.39,0
VLW,2022-06-20,20.39,20.39,20.39,20.39,0
VLW,2022-06-21,20.39,20.39,20.39,20.39,0
VLW,2022-06-22,20.39,20.39,20.39,20.39,0
VLW,2022-06-23,20.39,20.39,20.39,20.39,0
VLW,2022-06-24,20.39,20.39,20.39,20.39,0
VLW,2022-06-27,20.39,20.39,20.39,20.39,0
VLW,2022-06-28,20.39,20.39,20.39,20.39,0
VLW,2022-06-29,20.39,20.39,20.39,20.39,0
VLW,2022-06-30,20.39,20.39,20.39,20.39,0
VLW,2022-07-01,20.39,20.39,20.39,20.39,0
VLW,2022-07-04,20.39,20.39,20.39,20.39,0
VLW,2022-07-05,20.39,20.39,20.39,20.39,0
VLW,2022-07-06,20.39,20.39,20.39,20.39,0
VLW,2022-07-07,20.39,20.39,20.39,20.39,0
VLW,2022-07-08,20.39,20.39,20.39,20.39,0
VLW,2022-07-11,20.39,20.39,20.39,20.39,0
VLW,2022-07-12,20.39,20.39,20.39,20.39,0
VLW,2022-07-13,20.39,20.39,20.39,20.39,0
VLW,2022-07-14,19.74,19.74,19.74,19.74,1000
VLW,2022-07-15,19.74,19.74,19.74,19.74,0
VLW,2022-07-18,19.74,19.74,19.74,19.74,0
VLW,2022-07-19,19.74,19.74,19.74,19.74,0
VLW,2022-07-20,19.74,19.74,19.74,19.74,0
VLW,2022-07-21,19.74,19.74,19.74,19.74,0
VLW,2022-07-22,19.74,19.74,19.74,19.74,0
VLW,2022-07-25,19.74,19.74,19.74,19.74,0
VLW,2022-07-26,19.74,19.74,19.74,19.74,2400
VLW,2022-07-27,19.74,19.74,19.74,19.74,0
VLW,2022-07-28,19.74,19.74,19.74,19.74,0
VLW,2022-07-29,19.74,19.74,19.74,19.74,0
VLW,2022-08-01,18.76,18.76,18.76,18.76,1700
VLW,2022-08-02,18.76,18.76,18.76,18.76,0
VLW,2022-08-03,18.76,18.76,18.76,18.76,0
VLW,2022-08-04,18.76,18.76,18.76,18.76,0
VLW,2022-08-05,18.76,18.76,18.76,18.76,0
VLW,2022-08-08,18.76,18.76,18.76,18.76,0
VLW,2022-08-09,18.76,18.76,18.76,18.76,0
VLW,2022-08-10,18.76,18.76,18.76,18.76,0
VLW,2022-08-11,18.76,18.76,18.76,18.76,0
VLW,2022-08-12,18.76,18.76,18.76,18.76,0
VLW,2022-08-15,18.76,18.76,18.76,18.76,0
VLW,2022-08-16,18.76,18.76,18.76,18.76,0
VLW,2022-08-17,18.76,18.76,18.76,18.76,0
VLW,2022-08-18,18.76,18.76,18.76,18.76,0
VLW,2022-08-19,18.76,18.76,18.76,18.76,0
VLW,2022-08-22,18.76,18.76,18.76,18.76,0
VLW,2022-08-23,18.76,18.76,18.76,18.76,0
VLW,2022-08-24,19.16,19.16,19.0,19.0,3600
VLW,2022-08-25,19.08,19.08,19.08,19.08,0
VLW,2022-08-26,19.08,19.08,19.08,19.08,0
VLW,2022-08-29,19.08,19.08,19.08,19.08,0
VLW,2022-08-30,19.08,19.08,19.08,19.08,0
VLW,2022-08-31,19.08,19.08,19.08,19.08,0
VLW,2022-09-05,19.08,19.08,19.08,19.08,0
VLW,2022-09-06,19.08,19.08,19.08,19.08,0
VLW,2022-09-07,19.08,19.08,19.08,19.08,0
VLW,2022-09-08,19.08,19.08,19.08,19.08,0
VLW,2022-09-09,19.08,19.08,19.08,19.08,0
VLW,2022-09-12,19.08,19.08,19.08,19.08,0
VLW,2022-09-13,19.08,19.08,19.08,19.08,0
VLW,2022-09-14,19.08,19.08,19.08,19.08,0
VLW,2022-09-15,19.08,19.08,19.08,19.08,0
VLW,2022-09-16,19.08,19.08,19.08,19.08,0
VLW,2022-09-19,19.08,19.08,19.08,19.08,0
VLW,2022-09-20,19.08,19.08,19.08,19.08,0
VLW,2022-09-21,19.08,19.08,19.08,19.08,0
VLW,2022-09-22,19.08,19.08,19.08,19.08,0
VLW,2022-09-23,19.08,19.08,19.08,19.08,0
VLW,2022-09-26,19.0,19.0,19.0,19.0,1800
VLW,2022-09-27,19.0,19.0,19.0,19.0,0
VLW,2022-09-28,19.0,19.0,19.0,19.0,0
VLW,2022-09-29,19.0,19.0,19.0,19.0,0
VLW,2022-09-30,19.0,19.0,19.0,19.0,0
VLW,2022-10-03,19.0,19.0,19.0,19.0,0
VLW,2022-10-04,18.76,18.76,18.76,18.76,300
VLW,2022-10-05,18.76,18.76,18.76,18.76,0
VLW,2022-10-06,18.76,18.76,18.76,18.76,0
VLW,2022-10-07,18.76,18.76,18.76,18.76,0
VLW,2022-10-10,18.76,18.76,18.76,18.76,0
VLW,2022-10-11,19.26,19.26,19.26,19.26,1000
VLW,2022-10-12,19.26,19.26,19.26,19.26,600
VLW,2022-10-13,19.26,19.26,19.26,19.26,0
VLW,2022-10-14,19.26,19.26,19.26,19.26,0
VLW,2022-10-17,19.26,19.26,19.26,19.26,0
VLW,2022-10-18,19.26,19.26,19.26,19.26,0
VLW,2022-10-19,19.26,19.26,19.26,19.26,0
VLW,2022-10-20,19.26,19.26,19.26,19.26,0
VLW,2022-10-21,19.26,19.26,19.26,19.26,0
VLW,2022-10-24,19.26,19.26,19.26,19.26,0
VLW,2022-10-25,19.26,19.26,19.26,19.26,0
VLW,2022-10-26,19.26,19.26,19.26,19.26,0
VLW,2022-10-27,19.26,19.26,19.26,19.26,0
VLW,2022-10-28,19.26,19.26,19.26,19.26,0
VLW,2022-10-31,19.26,19.26,19.26,19.26,0
VLW,2022-11-01,19.26,19.26,19.26,19.26,0
VLW,2022-11-02,19.26,19.26,19.26,19.26,0
VLW,2022-11-03,17.58,17.58,17.58,17.58,100
VLW,2022-11-04,17.58,17.58,17.58,17.58,0
VLW,2022-11-07,17.58,17.58,17.58,17.58,200
VLW,2022-11-08,17.58,17.58,17.58,17.58,1
VLW,2022-11-09,17.58,17.58,17.58,17.58,0
VLW,2022-11-10,17.58,17.58,17.58,17.58,0
VLW,2022-11-11,17.58,17.58,17.58,17.58,0
VLW,2022-11-14,17.58,17.58,16.75,16.75,3400
VLW,2022-11-15,17.17,17.17,17.17,17.17,0
VLW,2022-11-16,17.17,17.17,17.17,17.17,0
VLW,2022-11-17,17.17,17.17,17.17,17.17,0
VLW,2022-11-18,17.17,17.17,17.17,17.17,0
VLW,2022-11-21,17.17,17.17,17.17,17.17,0
VLW,2022-11-22,17.17,17.17,17.17,17.17,0
VLW,2022-11-23,17.17,17.17,17.17,17.17,0
VLW,2022-11-24,17.17,17.17,17.17,17.17,0
VLW,2022-11-25,17.17,17.17,17.17,17.17,0
VLW,2022-11-28,17.17,17.17,17.17,17.17,0
VLW,2022-11-29,17.17,17.17,17.17,17.17,0
VLW,2022-11-30,17.17,17.17,17.17,17.17,0
VLW,2022-12-01,17.17,17.17,17.17,17.17,0
VLW,2022-12-02,17.17,17.17,17.17,17.17,0
VLW,2022-12-05,17.17,17.17,17.17,17.17,0
VLW,2022-12-06,17.17,17.17,17.17,17.17,0
VLW,2022-12-07,17.17,17.17,17.17,17.17,0
VLW,2022-12-08,17.17,17.17,17.17,17.17,0
VLW,2022-12-09,17.17,17.17,17.17,17.17,0
VLW,2022-12-12,17.17,17.17,17.17,17.17,0
VLW,2022-12-13,17.17,17.17,17.17,17.17,0
VLW,2022-12-14,17.17,17.17,17.17,17.17,0
VLW,2022-12-15,17.17,17.17,17.17,17.17,0
VLW,2022-12-16,17.17,17.17,17.17,17.17,0
VLW,2022-12-19,17.17,17.17,17.17,17.17,0
VLW,2022-12-20,17.17,17.17,17.17,17.17,0
VLW,2022-12-21,17.17,17.17,17.17,17.17,0
VLW,2022-12-22,17.17,17.17,17.17,17.17,3100
VLW,2022-12-23,17.17,17.17,17.17,17.17,5300
VLW,2022-12-26,17.17,17.17,17.17,17.17,0
VLW,2022-12-27,17.17,17.17,17.17,17.17,0
VLW,2022-12-28,17.17,17.17,17.17,17.17,0
VLW,2022-12-29,17.17,17.17,17.17,17.17,0
VLW,2022-12-30,17.17,17.17,17.17,17.17,0
VLW,2023-01-03,17.17,17.17,17.17,17.17,0
VLW,2023-01-04,17.17,17.17,17.17,17.17,0
VLW,2023-01-05,17.17,17.17,17.17,17.17,0
VLW,2023-01-06,17.17,17.17,17.17,17.17,0
VLW,2023-01-09,17.17,17.17,17.17,17.17,0
VLW,2023-01-10,17.17,17.17,17.17,17.17,0
VLW,2023-01-11,17.17,17.17,17.17,17.17,0
VLW,2023-01-12,17.17,17.17,17.17,17.17,0
VLW,2023-01-13,17.17,17.17,17.17,17.17,0
VLW,2023-01-16,17.17,17.17,17.17,17.17,0
VLW,2023-01-17,17.17,17.17,17.17,17.17,0
VLW,2023-01-18,17.17,17.17,17.17,17.17,0
VLW,2023-01-19,17.17,17.17,17.17,17.17,0
VLW,2023-01-27,17.17,17.17,17.17,17.17,0
VLW,2023-01-30,17.17,17.17,17.17,17.17,0
VLW,2023-01-31,17.17,17.17,17.17,17.17,0
VLW,2023-02-01,17.17,17.17,17.17,17.17,0
VLW,2023-02-02,17.17,17.17,17.17,17.17,0
VLW,2023-02-03,17.17,17.17,17.17,17.17,0
VLW,2023-02-06,17.17,17.17,17.17,17.17,0
VLW,2023-02-07,17.17,17.17,17.17,17.17,0
VLW,2023-02-08,17.17,17.17,17.17,17.17,0
VLW,2023-02-09,17.17,17.17,17.17,17.17,0
VLW,2023-02-10,17.17,17.17,17.17,17.17,0
VLW,2023-02-13,17.17,17.17,17.17,17.17,0
VLW,2023-02-14,17.17,17.17,17.17,17.17,0
VLW,2023-02-15,17.17,17.17,17.17,17.17,0
VLW,2023-02-16,17.17,17.17,17.17,17.17,0
VLW,2023-02-17,17.17,17.17,17.17,17.17,0
VLW,2023-02-20,17.17,17.17,17.17,17.17,0
VLW,2023-02-21,17.17,17.17,17.17,17.17,0
VLW,2023-02-22,17.17,17.17,17.17,17.17,0
VLW,2023-02-23,17.17,17.17,17.17,17.17,0
VLW,2023-02-24,17.17,17.17,17.17,17.17,0
VLW,2023-02-27,17.17,17.17,17.17,17.17,0
VLW,2023-02-28,17.17,17.17,17.17,17.17,0
VLW,2023-03-01,17.17,17.17,17.17,17.17,0
VLW,2023-03-02,17.17,17.17,17.17,17.17,0
VLW,2023-03-03,17.17,17.17,17.17,17.17,0
VLW,2023-03-06,17.17,17.17,17.17,17.17,0
VLW,2023-03-07,17.17,17.17,17.17,17.17,0
VLW,2023-03-08,17.17,17.17,17.17,17.17,0
VLW,2023-03-09,17.17,17.17,17.17,17.17,0
VLW,2023-03-10,17.17,17.17,17.17,17.17,0
VLW,2023-03-13,17.17,17.17,17.17,17.17,0
VLW,2023-03-14,17.17,17.17,17.17,17.17,0
VLW,2023-03-15,17.17,17.17,17.17,17.17,0
VLW,2023-03-16,17.17,17.17,17.17,17.17,0
VLW,2023-03-17,17.17,17.17,17.17,17.17,0
VLW,2023-03-20,17.17,17.17,17.17,17.17,0
VLW,2023-03-21,17.17,17.17,17.17,17.17,0
VLW,2023-03-22,17.17,17.17,17.17,17.17,0
VLW,2023-03-23,17.17,17.17,17.17,17.17,0
VLW,2023-03-24,17.17,17.17,17.17,17.17,0
VLW,2023-03-27,17.17,17.17,17.17,17.17,0
VLW,2023-03-28,17.17,17.17,17.17,17.17,0
VLW,2023-03-29,14.65,14.65,14.65,14.65,100
VLW,2023-03-30,14.65,14.65,14.65,14.65,0
VLW,2023-03-31,14.65,14.65,14.65,14.65,0
VLW,2023-04-03,14.65,14.65,14.65,14.65,0
VLW,2023-04-04,14.65,14.65,14.65,14.65,0
VLW,2023-04-05,14.65,14.65,14.65,14.65,0
VLW,2023-04-06,14.65,14.65,14.65,14.65,100
VLW,2023-04-07,14.65,14.65,14.65,14.65,0
VLW,2023-04-10,14.65,14.65,14.65,14.65,0
VLW,2023-04-11,14.65,14.65,14.65,14.65,0
VLW,2023-04-12,14.65,14.65,14.65,14.65,0
VLW,2023-04-13,14.65,14.65,14.65,14.65,0
VLW,2023-04-14,14.65,14.65,14.65,14.65,0
VLW,2023-04-17,14.65,14.65,14.65,14.65,0
VLW,2023-04-18,14.65,14.65,14.65,14.65,0
VLW,2023-04-19,14.65,14.65,14.65,14.65,0
VLW,2023-04-20,14.65,14.65,14.65,14.65,0
VLW,2023-04-21,14.65,14.65,14.65,14.65,0
VLW,2023-04-24,16.83,16.83,16.83,16.83,100
VLW,2023-04-25,14.65,14.65,14.65,14.65,100
VLW,2023-04-26,14.65,14.65,14.65,14.65,0
VLW,2023-04-27,14.65,14.65,14.65,14.65,0
VLW,2023-04-28,14.65,14.65,14.65,14.65,0
VLW,2023-05-04,14.65,14.65,14.65,14.65,0
VLW,2023-05-05,14.65,14.65,14.65,14.65,0
VLW,2023-05-08,14.65,14.65,14.65,14.65,0
VLW,2023-05-09,14.65,14.65,14.65,14.65,0
VLW,2023-05-10,14.65,14.65,14.65,14.65,0
VLW,2023-05-11,14.65,14.65,14.65,14.65,0
VLW,2023-05-12,14.65,14.65,14.65,14.65,0
VLW,2023-05-15,16.83,16.83,16.83,16.83,100
VLW,2023-05-16,14.65,14.65,14.65,14.65,100
VLW,2023-05-17,14.65,14.65,14.65,14.65,0
VLW,2023-05-18,14.65,14.65,14.65,14.65,0
VLW,2023-05-19,14.65,14.65,14.65,14.65,0
VLW,2023-05-22,14.65,14.65,14.65,14.65,0
VLW,2023-05-23,14.65,14.65,14.65,14.65,0
VLW,2023-05-24,14.65,14.65,14.65,14.65,0
VLW,2023-05-25,14.65,14.65,14.65,14.65,0
VLW,2023-05-26,14.65,14.65,14.65,14.65,0
VLW,2023-05-29,14.65,14.65,14.65,14.65,0
VLW,2023-05-30,14.65,14.65,14.65,14.65,0
VLW,2023-05-31,15.16,15.16,15.16,15.16,100
VLW,2023-06-01,15.16,15.16,15.16,15.16,0
VLW,2023-06-02,15.16,15.16,15.16,15.16,0
VLW,2023-06-05,15.16,15.16,15.16,15.16,0
VLW,2023-06-06,15.16,15.16,15.16,15.16,0
VLW,2023-06-07,15.16,15.16,15.16,15.16,0
VLW,2023-06-08,15.16,15.16,15.16,15.16,0
VLW,2023-06-09,15.16,15.16,15.16,15.16,0
VLW,2023-06-12,15.16,15.16,15.16,15.16,0
VLW,2023-06-13,15.16,15.16,15.16,15.16,0
VLW,2023-06-14,15.16,15.16,15.16,15.16,0
VLW,2023-06-15,15.16,15.16,15.16,15.16,0
VLW,2023-06-16,15.16,15.16,15.16,15.16,0
VLW,2023-06-19,15.16,15.16,15.16,15.16,0
VLW,2023-06-20,15.16,15.16,15.16,15.16,0
VLW,2023-06-21,15.16,15.16,15.16,15.16,0
VLW,2023-06-22,15.16,15.16,15.16,15.16,0
VLW,2023-06-23,15.24,15.24,15.24,15.24,100
VLW,2023-06-26,15.24,15.24,15.24,15.24,1
VLW,2023-06-27,15.24,15.24,15.24,15.24,0
VLW,2023-06-28,15.24,15.24,15.24,15.24,0
VLW,2023-06-29,15.91,15.91,15.91,15.91,500
VLW,2023-06-30,13.57,13.57,13.57,13.57,100
VLW,2023-07-03,13.57,13.57,13.57,13.57,0
VLW,2023-07-04,13.57,13.57,13.57,13.57,0
VLW,2023-07-05,13.57,13.57,13.57,13.57,0
VLW,2023-07-06,13.57,13.57,13.57,13.57,0
VLW,2023-07-07,13.57,13.57,13.57,13.57,0
VLW,2023-07-10,13.57,13.57,13.57,13.57,0
VLW,2023-07-11,15.24,15.24,15.24,15.24,100
VLW,2023-07-12,15.24,15.24,15.24,15.24,0
VLW,2023-07-13,15.24,15.24,15.24,15.24,0
VLW,2023-07-14,15.24,15.24,15.24,15.24,0
VLW,2023-07-17,15.24,15.24,15.24,15.24,0
VLW,2023-07-18,15.24,15.24,15.24,15.24,0
VLW,2023-07-19,15.24,15.24,15.24,15.24,0
VLW,2023-07-20,15.24,15.24,15.24,15.24,0
VLW,2023-07-21,15.24,15.24,15.24,15.24,0
VLW,2023-07-24,15.24,15.24,15.24,15.24,0
VLW,2023-07-25,15.24,15.24,15.24,15.24,0
VLW,2023-07-26,15.24,15.24,15.24,15.24,0
VLW,2023-07-27,15.24,15.24,15.24,15.24,0
VLW,2023-07-28,15.24,15.24,15.24,15.24,0
VLW,2023-07-31,15.24,15.24,15.24,15.24,0
VLW,2023-08-01,15.24,15.24,15.24,15.24,0
VLW,2023-08-02,15.24,15.24,15.24,15.24,0
VLW,2023-08-03,15.24,15.24,15.24,15.24,0
VLW,2023-08-04,16.75,16.75,16.75,16.75,500
VLW,2023-08-07,14.24,14.24,14.24,14.24,100
VLW,2023-08-08,14.24,14.24,14.24,14.24,0
VLW,2023-08-09,16.33,16.33,16.33,16.33,100
VLW,2023-08-10,13.9,13.9,13.9,13.9,100
VLW,2023-08-11,13.9,13.9,13.9,13.9,0
VLW,2023-08-14,15.91,15.91,15.91,15.91,100
VLW,2023-08-15,13.82,13.82,13.82,13.82,100
VLW,2023-08-16,13.82,13.82,13.82,13.82,0
VLW,2023-08-17,15.83,15.83,15.83,15.83,100
VLW,2023-08-18,15.83,15.83,15.83,15.83,0
VLW,2023-08-21,15.83,15.83,15.83,15.83,0
VLW,2023-08-22,15.83,15.83,15.83,15.83,0
VLW,2023-08-23,15.83,15.83,15.83,15.83,0
VLW,2023-08-24,15.83,15.83,15.83,15.83,0
VLW,2023-08-25,15.83,15.83,15.83,15.83,0
VLW,2023-08-28,15.83,15.83,15.83,15.83,0
VLW,2023-08-29,15.83,15.83,15.83,15.83,0
VLW,2023-08-30,15.83,15.83,15.83,15.83,0
VLW,2023-08-31,15.83,15.83,15.83,15.83,0
VLW,2023-09-05,15.83,15.83,15.83,15.83,0
VLW,2023-09-06,15.83,15.83,15.83,15.83,0
VLW,2023-09-07,15.83,15.83,15.83,15.83,0
VLW,2023-09-08,15.83,15.83,15.83,15.83,0
VLW,2023-09-11,15.83,15.83,15.83,15.83,0
VLW,2023-09-12,15.83,15.83,15.83,15.83,0
VLW,2023-09-13,15.83,15.83,15.83,15.83,0
VLW,2023-09-14,15.83,15.83,15.83,15.83,0
VLW,2023-09-15,15.83,15.83,15.83,15.83,0
VLW,2023-09-18,15.83,15.83,15.83,15.83,0
VLW,2023-09-19,15.83,15.83,15.83,15.83,0
VLW,2023-09-20,15.83,15.83,15.83,15.83,0
VLW,2023-09-21,15.83,15.83,15.83,15.83,0
VLW,2023-09-22,15.83,15.83,15.83,15.83,0
VLW,2023-09-25,16.0,16.0,16.0,16.0,200
VLW,2023-09-26,16.0,16.0,16.0,16.0,0
VLW,2023-09-27,16.0,16.0,16.0,16.0,0
VLW,2023-09-28,16.0,16.0,16.0,16.0,0
VLW,2023-09-29,16.0,16.0,16.0,16.0,100
VLW,2023-10-02,16.0,16.0,16.0,16.0,0
VLW,2023-10-03,16.0,16.0,16.0,16.0,0
VLW,2023-10-04,16.0,16.0,16.0,16.0,0
VLW,2023-10-05,16.0,16.0,16.0,16.0,0
VLW,2023-10-06,16.0,16.0,16.0,16.0,0
VLW,2023-10-09,16.0,16.0,16.0,16.0,0
VLW,2023-10-10,16.0,16.0,16.0,16.0,0
VLW,2023-10-11,16.0,16.0,16.0,16.0,0
VLW,2023-10-12,16.36,16.36,16.36,16.36,100
VLW,2023-10-13,16.36,16.36,16.36,16.36,0
VLW,2023-10-16,16.36,16.36,16.36,16.36,0
VLW,2023-10-17,16.36,16.36,16.36,16.36,0
VLW,2023-10-18,16.36,16.36,16.36,16.36,0
VLW,2023-10-19,16.36,16.36,16.36,16.36,0
VLW,2023-10-20,16.36,16.36,16.36,16.36,0
VLW,2023-10-23,16.36,16.36,16.36,16.36,0
VLW,2023-10-24,16.36,16.36,16.36,16.36,0
VLW,2023-10-25,16.36,16.36,16.36,16.36,0
VLW,2023-10-26,16.36,16.36,16.36,16.36,0
VLW,2023-10-27,16.36,16.36,16.36,16.36,0
VLW,2023-10-30,16.36,16.36,16.36,16.36,0
VLW,2023-10-31,16.36,16.36,16.36,16.36,0
VLW,2023-11-01,16.36,16.36,16.36,16.36,0
VLW,2023-11-02,16.36,16.36,16.36,16.36,0
VLW,2023-11-03,16.36,16.36,16.36,16.36,0
VLW,2023-11-06,16.36,16.36,16.36,16.36,0
VLW,2023-11-07,16.36,16.36,16.36,16.36,0
VLW,2023-11-08,16.36,16.36,16.36,16.36,0
VLW,2023-11-09,16.36,16.36,16.36,16.36,0
VLW,2023-11-10,16.36,16.36,16.36,16.36,0
VLW,2023-11-13,16.36,16.36,16.36,16.36,0
VLW,2023-11-14,16.36,16.36,16.36,16.36,0
VLW,2023-11-15,16.36,16.36,16.36,16.36,0
VLW,2023-11-16,16.36,16.36,16.36,16.36,0
VLW,2023-11-17,16.36,16.36,16.36,16.36,0
VLW,2023-11-20,16.36,16.36,16.36,16.36,0
VLW,2023-11-21,16.36,16.36,16.36,16.36,0
VLW,2023-11-22,16.36,16.36,16.36,16.36,0
VLW,2023-11-23,16.36,16.36,16.36,16.36,0
VLW,2023-11-24,16.36,16.36,16.36,16.36,0
VLW,2023-11-27,16.36,16.36,16.36,16.36,0
VLW,2023-11-28,16.36,16.36,16.36,16.36,0
VLW,2023-11-29,16.36,16.36,16.36,16.36,0
VLW,2023-11-30,16.36,16.36,16.36,16.36,0
VLW,2023-12-01,16.36,16.36,16.36,16.36,0
VLW,2023-12-04,16.36,16.36,16.36,16.36,0
VLW,2023-12-05,16.36,16.36,16.36,16.36,0
VLW,2023-12-06,16.36,16.36,16.36,16.36,0
VLW,2023-12-07,16.36,16.36,16.36,16.36,0
VLW,2023-12-08,16.36,16.36,16.36,16.36,0
VLW,2023-12-11,16.36,16.36,16.36,16.36,0
VLW,2023-12-12,17.24,17.24,17.24,17.24,1000
VLW,2023-12-13,14.68,14.68,14.68,14.68,100
VLW,2023-12-14,14.68,14.68,14.68,14.68,0
VLW,2023-12-15,14.68,14.68,14.68,14.68,0
VLW,2023-12-18,14.68,14.68,14.68,14.68,0
VLW,2023-12-19,14.68,14.68,14.68,14.68,0
VLW,2023-12-20,14.68,14.68,14.68,14.68,0
VLW,2023-12-21,14.68,14.68,14.68,14.68,0
VLW,2023-12-22,14.68,14.68,14.68,14.68,0
VLW,2023-12-25,14.68,14.68,14.68,14.68,0
VLW,2023-12-26,14.68,14.68,14.68,14.68,0
VLW,2023-12-27,14.68,14.68,14.68,14.68,0
VLW,2023-12-28,14.68,14.68,14.68,14.68,0
VLW,2023-12-29,14.68,14.68,14.68,14.68,0
VLW,2024-01-02,14.68,14.68,14.68,14.68,0
VLW,2024-01-03,14.68,14.68,14.68,14.68,0
VLW,2024-01-04,14.68,14.68,14.68,14.68,0
VLW,2024-01-05,14.68,14.68,14.68,14.68,0
VLW,2024-01-08,14.68,14.68,14.68,14.68,0
VLW,2024-01-09,14.68,14.68,14.68,14.68,0
VLW,2024-01-10,14.68,14.68,14.68,14.68,0
VLW,2024-01-11,14.68,14.68,14.68,14.68,0
VLW,2024-01-12,14.68,14.68,14.68,14.68,0
VLW,2024-01-15,14.68,14.68,14.68,14.68,0
VLW,2024-01-16,14.68,14.68,14.68,14.68,0
VLW,2024-01-17,14.68,14.68,14.68,14.68,0
VLW,2024-01-18,14.68,14.68,14.68,14.68,0
VLW,2024-01-19,14.68,14.68,14.68,14.68,0
VLW,2024-01-22,14.68,14.68,14.68,14.68,0
VLW,2024-01-23,16.8,16.8,16.8,16.8,100
VLW,2024-01-24,16.8,16.8,16.8,16.8,0
VLW,2024-01-25,16.8,16.8,16.8,16.8,0
VLW,2024-01-26,16.8,16.8,16.8,16.8,0
VLW,2024-01-29,16.8,16.8,16.8,16.8,0
VLW,2024-01-30,19.27,19.27,19.27,19.27,100
VLW,2024-01-31,19.27,19.27,19.27,19.27,0
VLW,2024-02-01,19.27,19.27,19.27,19.27,0
VLW,2024-02-02,19.27,19.27,19.27,19.27,0
VLW,2024-02-05,19.27,19.27,19.27,19.27,0
VLW,2024-02-06,19.27,19.27,19.27,19.27,0
VLW,2024-02-07,19.27,19.27,19.27,19.27,0
VLW,2024-02-15,19.27,19.27,19.27,19.27,0
VLW,2024-02-16,19.27,19.27,19.27,19.27,0
VLW,2024-02-19,19.27,19.27,19.27,19.27,0
VLW,2024-02-20,19.27,19.27,19.27,19.27,0
VLW,2024-02-21,20.34,20.34,20.34,20.34,4000
VLW,2024-02-22,20.34,20.34,20.34,20.34,0
VLW,2024-02-23,17.42,19.27,17.42,19.27,1900
VLW,2024-02-26,19.19,19.19,19.19,19.19,0
VLW,2024-02-27,19.19,19.19,19.19,19.19,0
VLW,2024-02-28,19.19,19.19,19.19,19.19,0
VLW,2024-02-29,19.45,19.45,19.45,19.45,1000
VLW,2024-03-01,19.45,19.45,19.45,19.45,0
VLW,2024-03-04,19.19,19.19,19.19,19.19,100
VLW,2024-03-05,19.19,19.19,19.19,19.19,0
VLW,2024-03-06,19.19,19.19,19.19,19.19,0
VLW,2024-03-07,19.19,19.19,19.19,19.19,0
VLW,2024-03-08,19.19,19.19,19.19,19.19,0
VLW,2024-03-11,19.19,19.19,19.19,19.19,0
VLW,2024-03-12,19.19,19.19,19.19,19.19,0
VLW,2024-03-13,19.19,19.19,19.19,19.19,0
VLW,2024-03-14,19.19,19.19,19.19,19.19,0
VLW,2024-03-15,19.19,19.19,19.19,19.19,0
VLW,2024-03-18,20.34,20.34,20.34,20.34,1000
VLW,2024-03-19,19.19,19.19,19.19,19.19,100
VLW,2024-03-20,19.19,19.19,19.19,19.19,0
VLW,2024-03-21,19.19,19.19,19.19,19.19,0
VLW,2024-03-22,19.89,19.89,19.89,19.89,100
VLW,2024-03-25,19.89,19.89,19.89,19.89,0
VLW,2024-03-26,19.89,19.89,19.89,19.89,0
VLW,2024-03-27,19.89,19.89,19.89,19.89,0
VLW,2024-03-28,19.89,19.89,19.89,19.89,0
VLW,2024-03-29,19.89,19.89,19.89,19.89,0
VLW,2024-04-01,19.89,19.89,19.89,19.89,0
VLW,2024-04-02,19.89,19.89,19.89,19.89,0
VLW,2024-04-03,19.89,19.89,19.89,19.89,0
VLW,2024-04-04,19.89,19.89,19.89,19.89,0
VLW,2024-04-05,19.89,19.89,19.89,19.89,0
VLW,2024-04-08,19.89,19.89,19.89,19.89,0
VLW,2024-04-09,19.89,19.89,19.89,19.89,0
VLW,2024-04-10,19.89,19.89,19.89,19.89,0
VLW,2024-04-11,19.89,19.89,19.89,19.89,0
VLW,2024-04-12,19.89,19.89,19.89,19.89,0
VLW,2024-04-15,19.89,19.89,19.89,19.89,0
VLW,2024-04-16,19.89,19.89,19.89,19.89,0
VLW,2024-04-17,19.89,19.89,19.89,19.89,0
VLW,2024-04-19,19.89,19.89,19.89,19.89,0
VLW,2024-04-22,17.24,18.83,17.24,18.83,200
VLW,2024-04-23,18.04,18.04,18.04,18.04,0
VLW,2024-04-24,18.04,18.04,18.04,18.04,0
VLW,2024-04-25,18.04,18.04,18.04,18.04,0
VLW,2024-04-26,20.69,20.69,20.69,20.69,100
VLW,2024-05-02,17.59,23.78,17.59,23.78,300
VLW,2024-05-03,18.66,22.63,18.66,22.63,200
VLW,2024-05-06,20.69,20.69,20.69,20.69,0
VLW,2024-05-07,19.45,22.1,19.45,22.1,300
VLW,2024-05-08,19.45,19.45,19.45,19.45,100
VLW,2024-05-09,19.45,19.45,19.45,19.45,0
VLW,2024-05-10,22.1,22.37,22.1,22.37,200
VLW,2024-05-13,19.54,19.54,19.54,19.54,100
VLW,2024-05-14,22.37,22.46,22.1,22.46,400
VLW,2024-05-15,22.28,22.28,22.28,22.28,0
VLW,2024-05-16,19.54,19.54,19.54,19.54,100
VLW,2024-05-17,17.77,17.77,17.77,17.77,100
VLW,2024-05-20,17.77,17.77,17.77,17.77,0
VLW,2024-05-21,20.42,20.42,20.42,20.42,117
VLW,2024-05-22,19.89,19.89,19.89,19.89,300
VLW,2024-05-23,21.22,21.22,21.22,21.22,100
VLW,2024-05-24,19.89,19.89,19.89,19.89,100
VLW,2024-05-27,19.89,19.89,19.89,19.89,0
VLW,2024-05-28,19.89,19.89,19.89,19.89,0
VLW,2024-05-29,19.89,19.89,19.89,19.89,0
VLW,2024-05-30,19.89,19.89,19.89,19.89,0
VLW,2024-05-31,22.63,22.63,22.63,22.63,1700
VLW,2024-06-03,19.89,25.99,19.89,25.99,410
VLW,2024-06-04,20.87,27.5,20.87,23.96,900
VLW,2024-06-05,26.52,26.52,24.05,24.05,300
VLW,2024-06-06,24.84,24.84,24.84,24.84,0
VLW,2024-06-07,21.13,24.76,21.13,24.76,1400
VLW,2024-06-10,21.22,27.05,21.22,27.05,300
VLW,2024-06-11,21.66,25.64,21.66,25.64,300
VLW,2024-06-12,21.66,21.66,21.66,21.66,100
VLW,2024-06-13,24.84,24.84,24.84,24.84,200
VLW,2024-06-14,21.75,21.75,21.75,21.75,106
VLW,2024-06-17,21.75,21.75,21.75,21.75,0
VLW,2024-06-18,22.1,24.76,22.1,24.76,600
VLW,2024-06-19,21.66,21.66,21.66,21.66,100
VLW,2024-06-20,21.66,21.66,21.66,21.66,0
VLW,2024-06-21,21.66,21.66,21.66,21.66,0
VLW,2024-06-24,22.99,22.99,22.99,22.99,1000
VLW,2024-06-25,21.66,21.66,21.66,21.66,100
VLW,2024-06-26,21.66,21.66,21.66,21.66,0
VLW,2024-06-27,21.66,21.66,21.66,21.66,0
VLW,2024-06-28,21.66,21.66,21.66,21.66,0
VLW,2024-07-01,24.84,24.84,24.84,24.84,1800
VLW,2024-07-02,22.19,22.19,22.19,22.19,100
VLW,2024-07-03,24.76,24.76,24.76,24.76,100
VLW,2024-07-04,22.19,22.19,22.19,22.19,100
VLW,2024-07-05,22.19,22.19,22.19,22.19,0
VLW,2024-07-08,22.19,22.19,22.19,22.19,0
VLW,2024-07-09,25.46,25.46,24.76,24.76,400
VLW,2024-07-10,23.08,23.08,23.08,23.08,100
VLW,2024-07-11,25.64,25.64,25.64,25.64,101
VLW,2024-07-12,23.08,23.08,23.08,23.08,101
VLW,2024-07-15,23.08,23.08,23.08,23.08,0
VLW,2024-07-16,23.87,23.87,23.87,23.87,100
VLW,2024-07-17,23.87,23.87,23.87,23.87,0
VLW,2024-07-18,23.87,23.87,23.87,23.87,0
VLW,2024-07-19,23.87,23.87,23.87,23.87,0
VLW,2024-07-22,23.87,23.87,23.87,23.87,0
VLW,2024-07-23,23.87,23.87,23.87,23.87,0
VLW,2024-07-24,23.87,23.87,23.87,23.87,0
VLW,2024-07-25,23.87,23.87,23.87,23.87,0
VLW,2024-07-26,23.87,23.87,23.87,23.87,0
VLW,2024-07-29,26.52,26.52,26.52,26.52,100
VLW,2024-07-30,23.08,23.08,23.08,23.08,100
VLW,2024-07-31,23.08,23.08,23.08,23.08,0
VLW,2024-08-01,23.08,23.08,23.08,23.08,0
VLW,2024-08-02,23.08,23.08,23.08,23.08,0
VLW,2024-08-05,23.16,23.16,23.08,23.08,200
VLW,2024-08-06,20.42,20.42,20.42,20.42,100
VLW,2024-08-07,20.44,20.44,20.44,20.44,0
VLW,2024-08-08,23.49,23.49,23.49,23.49,400
VLW,2024-08-09,23.49,23.49,23.49,23.49,0
VLW,2024-08-12,23.49,23.49,23.49,23.49,14
VLW,2024-08-13,23.49,23.49,23.49,23.49,0
VLW,2024-08-14,23.49,23.49,23.49,23.49,0
VLW,2024-08-15,23.49,23.49,23.49,23.49,0
VLW,2024-08-16,23.49,23.49,23.49,23.49,0
VLW,2024-08-19,23.49,23.49,23.49,23.49,100
VLW,2024-08-20,23.49,23.49,23.49,23.49,0
VLW,2024-08-21,23.49,23.49,23.49,23.49,14
VLW,2024-08-22,23.49,23.49,23.49,23.49,1
VLW,2024-08-23,23.49,23.49,23.49,23.49,0
VLW,2024-08-26,23.49,23.49,23.49,23.49,0
VLW,2024-08-27,25.2,25.2,25.2,25.2,100
VLW,2024-08-28,23.3,23.77,23.3,23.77,200
VLW,2024-08-29,23.58,23.58,23.58,23.58,0
VLW,2024-08-30,23.58,23.58,23.58,23.58,1
VLW,2024-09-04,23.77,23.77,23.77,23.77,100
VLW,2024-09-05,23.77,23.77,23.77,23.77,0
VLW,2024-09-06,20.44,23.77,20.44,23.77,200
VLW,2024-09-09,22.16,22.16,22.16,22.16,0
VLW,2024-09-10,22.16,22.16,22.16,22.16,0
VLW,2024-09-11,24.25,24.25,24.15,24.15,200
VLW,2024-09-12,20.92,20.92,20.92,20.92,100
VLW,2024-09-13,20.92,20.92,20.92,20.92,0
VLW,2024-09-16,20.92,20.92,20.92,20.92,0
VLW,2024-09-17,23.96,23.96,23.96,23.96,100
VLW,2024-09-18,21.4,27.2,21.4,27.2,300
VLW,2024-09-19,22.06,22.06,22.06,22.06,100
VLW,2024-09-20,25.29,25.29,25.29,25.29,100
VLW,2024-09-23,24.82,29.0,24.82,29.0,300
VLW,2024-09-24,23.87,26.63,23.87,26.63,200
VLW,2024-09-25,26.63,26.63,26.63,26.63,502
VLW,2024-09-26,24.06,26.63,24.06,26.63,200
VLW,2024-09-27,26.63,26.63,26.63,26.63,400
VLW,2024-09-30,26.63,26.63,26.63,26.63,0
VLW,2024-10-01,23.3,26.63,23.3,26.63,1100
VLW,2024-10-02,24.06,27.58,24.06,27.58,200
VLW,2024-10-03,25.86,25.86,25.86,25.86,8
VLW,2024-10-04,24.34,24.34,24.34,24.34,103
VLW,2024-10-07,24.34,24.34,24.34,24.34,0
VLW,2024-10-08,24.34,24.34,24.34,24.34,0
VLW,2024-10-09,24.34,24.34,24.34,24.34,100
VLW,2024-10-10,24.34,24.34,24.34,24.34,0
VLW,2024-10-11,24.34,24.34,24.34,24.34,0
VLW,2024-10-14,24.34,24.34,24.34,24.34,0
VLW,2024-10-15,24.34,24.34,24.34,24.34,0
VLW,2024-10-16,24.34,24.34,24.34,24.34,0
VLW,2024-10-17,24.34,24.34,24.34,24.34,0
VLW,2024-10-18,24.34,24.34,24.34,24.34,0
VLW,2024-10-21,24.34,24.34,24.34,24.34,0
VLW,2024-10-22,24.34,24.34,24.34,24.34,0
VLW,2024-10-23,24.34,24.34,24.34,24.34,0
VLW,2024-10-24,24.34,24.34,24.34,24.34,0
VLW,2024-10-25,24.34,24.34,24.34,24.34,0
VLW,2024-10-28,25.67,25.67,25.67,25.67,100
VLW,2024-10-29,25.2,25.2,25.2,25.2,100
VLW,2024-10-30,24.72,24.72,24.72,24.72,100
VLW,2024-10-31,24.72,24.72,24.72,24.72,0
VLW,2024-11-01,24.72,24.72,24.72,24.72,0
VLW,2024-11-04,24.72,24.72,24.72,24.72,0
VLW,2024-11-05,24.72,24.72,24.72,24.72,0
VLW,2024-11-06,24.72,24.72,24.72,24.72,0
VLW,2024-11-07,24.72,24.72,24.72,24.72,0
VLW,2024-11-08,24.72,24.72,24.72,24.72,0
VLW,2024-11-11,23.68,25.67,23.68,25.67,200
VLW,2024-11-12,25.67,25.67,25.67,25.67,600
VLW,2024-11-13,28.43,28.43,28.43,28.43,100
VLW,2024-11-14,28.43,28.43,28.43,28.43,0
VLW,2024-11-15,32.24,32.24,32.24,32.24,100
VLW,2024-11-18,27.58,27.58,27.58,27.58,100
VLW,2024-11-19,27.58,27.58,27.58,27.58,0
VLW,2024-11-20,27.58,27.58,27.58,27.58,0
VLW,2024-11-21,26.63,26.63,25.67,25.67,600
VLW,2024-11-22,26.82,26.82,26.15,26.15,300
VLW,2024-11-25,26.34,26.34,26.34,26.34,0
VLW,2024-11-26,26.34,26.34,26.34,26.34,0
VLW,2024-11-27,24.25,26.15,24.25,26.15,500
VLW,2024-11-28,24.34,25.48,24.34,25.48,200
VLW,2024-11-29,24.91,24.91,24.91,24.91,0
VLW,2024-12-02,25.2,25.2,25.2,25.2,100
VLW,2024-12-03,25.67,25.86,25.67,25.86,400
VLW,2024-12-04,25.77,25.77,25.77,25.77,0
VLW,2024-12-05,26.15,26.15,24.34,24.34,400
VLW,2024-12-06,26.63,26.63,26.63,26.63,100
VLW,2024-12-09,26.63,26.63,26.63,26.63,1
VLW,2024-12-10,26.63,26.63,26.63,26.63,1
VLW,2024-12-11,26.15,26.15,26.15,26.15,300
VLW,2024-12-12,26.15,26.15,26.15,26.15,0
VLW,2024-12-13,26.15,26.15,26.15,26.15,0
VLW,2024-12-16,25.96,25.96,25.96,25.96,200
VLW,2024-12-17,25.96,25.96,25.96,25.96,0
VLW,2024-12-18,25.96,26.15,25.96,26.15,500
VLW,2024-12-19,26.05,26.05,26.05,26.05,500
VLW,2024-12-20,26.05,26.05,26.05,26.05,0
VLW,2024-12-23,26.05,26.05,26.05,26.05,0
VLW,2024-12-24,26.05,26.15,26.05,26.15,200
VLW,2024-12-25,26.15,26.15,26.15,26.15,300
VLW,2024-12-26,26.15,26.15,26.15,26.15,0
VLW,2024-12-27,26.15,26.15,26.15,26.15,300
VLW,2024-12-30,26.63,26.63,26.24,26.24,400
VLW,2024-12-31,26.53,26.53,26.53,26.53,0
VLW,2025-01-02,26.63,26.63,26.63,26.63,100
VLW,2025-01-03,27.58,27.58,27.58,27.58,100
VLW,2025-01-06,27.58,27.58,27.58,27.58,0
VLW,2025-01-07,27.58,27.58,27.58,27.58,0
VLW,2025-01-08,27.58,27.58,27.58,27.58,0
VLW,2025-01-09,27.58,27.58,27.58,27.58,0
VLW,2025-01-10,27.58,27.58,27.58,27.58,0
VLW,2025-01-13,27.58,27.58,27.58,27.58,0
VLW,2025-01-14,27.58,27.58,27.58,27.58,1000
VLW,2025-01-15,27.58,27.58,27.58,27.58,0
VLW,2025-01-16,27.58,27.58,27.58,27.58,0
VLW,2025-01-17,27.58,27.58,27.58,27.58,0
VLW,2025-01-20,27.58,27.58,27.58,27.58,0
VLW,2025-01-21,24.06,24.06,24.06,24.06,100
VLW,2025-01-22,24.06,24.06,24.06,24.06,0
VLW,2025-01-23,21.49,27.58,21.49,27.58,600
VLW,2025-01-24,22.54,22.54,22.54,22.54,0
VLW,2025-02-03,25.86,25.86,25.86,25.86,100
VLW,2025-02-04,29.48,29.48,29.48,29.48,100
VLW,2025-02-05,29.48,29.48,29.48,29.48,0
VLW,2025-02-06,31.38,31.38,31.38,31.38,100
VLW,2025-02-07,31.38,31.38,31.38,31.38,0
VLW,2025-02-10,31.38,31.38,31.38,31.38,0
VLW,2025-02-11,31.38,31.38,31.38,31.38,1
VLW,2025-02-12,31.38,31.38,31.38,31.38,0
VLW,2025-02-13,31.38,31.38,31.38,31.38,0
VLW,2025-02-14,31.38,31.38,31.38,31.38,0
VLW,2025-02-17,31.38,31.38,31.38,31.38,0
VLW,2025-02-18,31.38,31.38,31.38,31.38,0
VLW,2025-02-19,31.38,31.38,31.38,31.38,0
VLW,2025-02-20,31.38,31.38,31.38,31.38,0
VLW,2025-02-21,31.38,31.38,31.38,31.38,0
VLW,2025-02-24,31.38,31.38,31.38,31.38,0
VLW,2025-02-25,31.38,31.38,31.38,31.38,37
VLW,2025-02-26,31.38,31.38,31.38,31.38,20
VLW,2025-02-27,32.33,32.33,32.33,32.33,110
VLW,2025-02-28,32.33,32.33,32.33,32.33,0
VLW,2025-03-03,32.33,32.33,32.33,32.33,20
VLW,2025-03-04,32.33,32.33,32.33,32.33,0
VLW,2025-03-05,32.33,32.33,32.33,32.33,0
VLW,2025-03-06,32.33,32.33,32.33,32.33,4
VLW,2025-03-07,28.53,28.53,28.53,28.53,200
VLW,2025-03-10,28.53,28.53,28.53,28.53,200
VLW,2025-03-11,28.53,28.53,28.53,28.53,500
VLW,2025-03-12,28.53,28.53,28.53,28.53,0
VLW,2025-03-13,28.53,28.53,26.63,27.58,600
VLW,2025-03-14,27.39,27.39,27.39,27.39,30
VLW,2025-03-17,27.39,27.39,27.39,27.39,0
VLW,2025-03-18,27.39,27.39,27.39,27.39,0
VLW,2025-03-19,27.58,27.58,23.58,23.58,200
VLW,2025-03-20,26.24,26.63,25.67,25.67,3200
VLW,2025-03-21,26.05,26.05,26.05,26.05,0
VLW,2025-03-24,26.05,26.05,26.05,26.05,0
VLW,2025-03-25,26.63,26.63,26.63,26.63,100
VLW,2025-03-26,26.63,26.63,26.63,26.63,0
VLW,2025-03-27,26.63,26.63,26.63,26.63,0
VLW,2025-03-28,26.63,26.63,26.63,26.63,0
VLW,2025-03-31,26.63,26.63,26.63,26.63,100
VLW,2025-04-01,26.63,26.63,26.63,26.63,700
VLW,2025-04-02,26.63,26.63,26.63,26.63,0
VLW,2025-04-03,26.63,26.63,26.63,26.63,0
VLW,2025-04-04,26.63,26.63,26.63,26.63,0
VLW,2025-04-08,26.63,26.63,26.63,26.63,0
VLW,2025-04-09,26.63,26.63,26.63,26.63,100
VLW,2025-04-10,26.63,26.63,26.63,26.63,400
VLW,2025-04-11,26.63,26.63,26.63,26.63,0
VLW,2025-04-14,26.63,26.63,26.63,26.63,0
VLW,2025-04-15,25.2,25.2,25.2,25.2,100
VLW,2025-04-16,25.2,25.2,25.2,25.2,0
VLW,2025-04-17,25.2,25.2,25.2,25.2,0
VLW,2025-04-18,25.2,25.2,25.2,25.2,0
VLW,2025-04-21,25.2,25.2,25.2,25.2,0
VLW,2025-04-22,25.2,25.2,25.2,25.2,0
VLW,2025-04-23,25.2,25.2,25.2,25.2,0
VLW,2025-04-24,25.2,25.2,25.2,25.2,0
VLW,2025-04-25,25.2,25.2,25.2,25.2,0
VLW,2025-04-28,26.15,26.15,23.87,23.87,1500
VLW,2025-04-29,24.63,24.63,24.63,24.63,0
VLW,2025-05-05,24.63,24.63,24.63,24.63,0
VLW,2025-05-06,24.63,24.63,24.63,24.63,0
VLW,2025-05-07,24.63,24.63,24.63,24.63,0
VLW,2025-05-08,24.63,24.63,24.63,24.63,0
VLW,2025-05-09,24.63,24.63,24.63,24.63,0
VLW,2025-05-12,24.63,24.63,24.63,24.63,0
VLW,2025-05-13,24.63,24.63,24.63,24.63,0
VLW,2025-05-14,26.63,26.63,26.63,26.63,100
VLW,2025-05-15,26.63,26.63,26.63,26.63,0
VLW,2025-05-16,26.63,26.63,26.63,26.63,13
VLW,2025-05-19,26.63,28.53,26.63,28.53,500
VLW,2025-05-20,27.01,27.01,26.63,26.63,400
VLW,2025-05-21,26.72,26.72,26.72,26.72,100
VLW,2025-05-22,26.72,26.72,26.72,26.72,0
VLW,2025-05-23,26.72,26.72,26.72,26.72,0
VLW,2025-05-26,26.72,26.72,26.72,26.72,0
VLW,2025-05-27,26.72,26.72,26.72,26.72,0
VLW,2025-05-28,26.72,26.72,26.72,26.72,300
VLW,2025-05-29,26.72,26.72,26.72,26.72,0
VLW,2025-05-30,26.72,26.72,26.72,26.72,200
VLW,2025-06-02,26.72,26.72,26.72,26.72,0
VLW,2025-06-03,26.72,26.72,26.72,26.72,0
VLW,2025-06-04,26.72,26.72,26.72,26.72,0
VLW,2025-06-05,26.72,26.72,26.72,26.72,0
VLW,2025-06-06,26.72,26.72,26.72,26.72,0
VLW,2025-06-09,26.72,26.72,26.72,26.72,0
VLW,2025-06-10,26.72,26.72,26.72,26.72,0
VLW,2025-06-11,26.72,26.72,26.72,26.72,0
VLW,2025-06-12,26.72,26.72,26.72,26.72,0
VLW,2025-06-13,26.72,26.72,26.72,26.72,0
VLW,2025-06-16,26.72,26.72,26.72,26.72,0
VLW,2025-06-17,26.72,26.72,26.72,26.72,0
VLW,2025-06-18,26.72,26.72,26.72,26.72,0
VLW,2025-06-19,26.72,26.72,26.72,26.72,0
VLW,2025-06-20,26.72,26.72,26.72,26.72,0
VLW,2025-06-23,26.72,26.72,26.72,26.72,0
VLW,2025-06-24,26.72,26.72,26.72,26.72,0
VLW,2025-06-25,26.72,26.72,26.72,26.72,0
VLW,2025-06-26,26.72,26.72,26.72,26.72,0
VLW,2025-06-27,26.72,26.72,26.72,26.72,0
VLW,2025-06-30,26.72,26.72,26.72,26.72,0
VLW,2025-07-01,26.72,26.72,26.72,26.72,0
VLW,2025-07-02,26.72,26.72,26.72,26.72,0
VLW,2025-07-03,26.72,26.72,26.72,26.72,0
VLW,2025-07-04,26.72,26.72,26.72,26.72,0
VLW,2025-07-07,26.72,26.72,26.72,26.72,0
VLW,2025-07-08,26.72,26.72,26.72,26.72,0
VLW,2025-07-09,26.72,26.72,26.72,26.72,0
VLW,2025-07-10,26.72,26.72,26.72,26.72,0
VLW,2025-07-11,26.72,26.72,26.72,26.72,0
VLW,2025-07-14,26.72,26.72,26.72,26.72,500
VLW,2025-07-15,26.72,26.72,26.72,26.72,0
VLW,2025-07-16,27.48,27.48,27.48,27.48,100
VLW,2025-07-17,25.67,25.67,25.67,25.67,100
VLW,2025-07-18,25.67,25.67,25.67,25.67,0
VLW,2025-07-21,25.67,25.67,25.67,25.67,1
VLW,2025-07-22,27.58,28.05,27.48,28.05,1011
VLW,2025-07-23,27.67,27.77,27.67,27.77,300
VLW,2025-07-24,27.77,27.77,27.77,27.77,0
VLW,2025-07-25,27.77,27.77,27.77,27.77,0
VLW,2025-07-28,27.77,27.77,27.77,27.77,0
VLW,2025-07-29,27.77,27.77,27.77,27.77,0
VLW,2025-07-30,27.77,27.77,27.77,27.77,9
VLW,2025-07-31,27.77,27.77,27.77,27.77,0
VLW,2025-08-01,27.77,27.77,27.77,27.77,0
VLW,2025-08-04,27.77,27.77,27.77,27.77,0
VLW,2025-08-05,27.77,27.77,27.77,27.77,0
VLW,2025-08-06,27.77,27.77,27.77,27.77,0
VLW,2025-08-07,27.77,27.77,27.77,27.77,0
VLW,2025-08-08,27.77,27.77,27.77,27.77,0
VLW,2025-08-11,27.77,27.77,27.77,27.77,0
VLW,2025-08-12,27.77,27.77,27.77,27.77,0
VLW,2025-08-13,27.77,27.77,27.77,27.77,0
VLW,2025-08-14,27.77,27.77,27.77,27.77,0
VLW,2025-08-15,27.77,27.77,27.77,27.77,0
VLW,2025-08-18,27.77,27.77,27.77,27.77,0
VLW,2025-08-19,27.77,27.77,27.77,27.77,0
VLW,2025-08-20,27.77,27.77,27.77,27.77,1
VLW,2025-08-21,27.77,27.77,27.77,27.77,0
VLW,2025-08-22,27.77,27.77,27.77,27.77,0
VLW,2025-08-25,27.77,27.77,27.77,27.77,0
VLW,2025-08-26,27.77,27.77,27.77,27.77,0
VLW,2025-08-27,27.77,27.77,27.77,27.77,0
VLW,2025-08-28,27.77,27.77,27.77,27.77,0
VLW,2025-08-29,27.77,27.77,27.77,27.77,0
VLW,2025-09-03,27.77,27.77,27.77,27.77,0
VLW,2025-09-04,27.77,27.77,27.77,27.77,0
VLW,2025-09-05,27.77,27.77,27.77,27.77,0
VLW,2025-09-08,27.77,27.77,27.77,27.77,300
VLW,2025-09-09,27.77,27.77,27.77,27.77,0
VLW,2025-09-10,27.1,27.1,27.0,27.0,400
VLW,2025-09-11,27.0,27.0,27.0,27.0,0
VLW,2025-09-12,27.0,27.0,27.0,27.0,0
VLW,2025-09-15,27.0,27.0,27.0,27.0,0
VLW,2025-09-16,27.0,27.0,27.0,27.0,0
VLW,2025-09-17,28.6,28.6,28.6,28.6,409
VLW,2025-09-18,29.8,29.8,29.0,29.0,13000
VLW,2025-09-19,29.7,29.7,29.7,29.7,0
VLW,2025-09-22,29.0,29.0,29.0,29.0,1000
VLW,2025-10-07,28.2,28.2,28.2,28.2,100
VLW,2025-10-08,28.0,28.0,28.0,28.0,100
VLW,2025-10-20,28.0,28.0,28.0,28.0,300
VLW,2025-10-21,28.0,28.0,28.0,28.0,100
VLW,2025-10-23,28.0,28.0,28.0,28.0,300
VLW,2025-10-29,27.8,27.8,27.8,27.8,200
VLW,2025-11-03,27.0,27.0,27.0,27.0,100
VLW,2025-11-12,28.0,28.0,28.0,28.0,100
VLW,2025-11-25,28.0,28.0,28.0,28.0,400
VLW,2025-11-27,27.0,27.1,27.0,27.0,500
VLW,2025-12-09,31.0,31.0,31.0,31.0,100
VLW,2025-12-31,31.0,31.0,31.0,31.0,1000
VLS,2025-12-15,14.1,14.1,14.1,14.1,10100
VLS,2025-12-16,16.2,16.2,16.2,16.2,51800
VLS,2025-12-17,18.6,18.6,18.6,18.6,31600
VLS,2025-12-18,21.3,21.3,20.4,20.4,85700
VLS,2025-12-19,24.2,24.3,24.1,24.1,26800
VLS,2025-12-22,24.2,24.3,20.7,24.0,31500
VLS,2025-12-23,23.0,24.0,19.5,22.0,20400
VLS,2025-12-24,21.6,22.0,20.0,21.9,24500
VLS,2025-12-25,18.2,23.0,18.2,21.5,20600
VLS,2025-12-26,21.0,21.9,20.0,20.1,9500
VLS,2025-12-29,19.5,21.0,17.9,18.7,23600
VLS,2025-12-30,18.7,21.3,18.7,20.0,12500
VLS,2025-12-31,21.9,21.9,17.7,19.9,25700
VLP,2017-07-18,0.09,0.0,0.0,0.0,0
VLP,2017-07-19,0.09,0.09,0.09,0.09,0
VLP,2017-07-20,0.09,0.09,0.09,0.09,0
VLP,2017-07-21,0.09,0.09,0.09,0.09,0
VLP,2017-07-24,0.09,0.09,0.09,0.09,0
VLP,2017-07-25,0.09,0.09,0.09,0.09,0
VLP,2017-07-26,0.09,0.09,0.09,0.09,0
VLP,2017-07-27,0.09,0.09,0.09,0.09,0
VLP,2017-07-28,0.09,0.09,0.09,0.09,1000
VLP,2017-07-31,0.09,0.09,0.09,0.09,0
VLP,2017-08-01,0.09,0.09,0.09,0.09,0
VLP,2017-08-02,0.09,0.09,0.09,0.09,0
VLP,2017-08-03,0.09,0.09,0.09,0.09,0
VLP,2017-08-04,0.09,0.09,0.09,0.09,0
VLP,2017-08-07,0.09,0.09,0.09,0.09,0
VLP,2017-08-08,0.09,0.09,0.09,0.09,0
VLP,2017-08-09,0.09,0.09,0.09,0.09,0
VLP,2017-08-10,0.09,0.09,0.09,0.09,0
VLP,2017-08-11,0.09,0.09,0.09,0.09,0
VLP,2017-08-14,0.09,0.09,0.09,0.09,800
VLP,2017-08-15,0.09,0.09,0.09,0.09,0
VLP,2017-08-16,0.09,0.09,0.09,0.09,2600
VLP,2017-08-17,0.09,0.09,0.09,0.09,0
VLP,2017-08-18,0.09,0.09,0.09,0.09,0
VLP,2017-08-21,0.09,0.09,0.09,0.09,0
VLP,2017-08-22,0.09,0.09,0.09,0.09,0
VLP,2017-08-23,0.09,0.09,0.09,0.09,5000
VLP,2017-08-24,0.09,0.09,0.09,0.09,0
VLP,2017-08-25,0.09,0.09,0.09,0.09,0
VLP,2017-08-28,0.09,0.09,0.09,0.09,0
VLP,2017-08-29,0.09,0.09,0.09,0.09,3300
VLP,2017-08-30,0.09,0.09,0.09,0.09,0
VLP,2017-08-31,0.09,0.09,0.09,0.09,0
VLP,2017-09-01,0.09,0.09,0.09,0.09,0
VLP,2017-09-05,0.09,0.09,0.09,0.09,0
VLP,2017-09-06,0.09,0.09,0.09,0.09,0
VLP,2017-09-07,0.09,0.09,0.09,0.09,0
VLP,2017-09-08,0.09,0.09,0.09,0.09,0
VLP,2017-09-11,0.09,0.09,0.09,0.09,0
VLP,2017-09-12,0.09,0.09,0.09,0.09,0
VLP,2017-09-13,0.09,0.09,0.09,0.09,0
VLP,2017-09-14,0.09,0.09,0.09,0.09,0
VLP,2017-09-15,0.09,0.09,0.09,0.09,0
VLP,2017-09-18,0.09,0.09,0.09,0.09,0
VLP,2017-09-19,0.09,0.09,0.09,0.09,0
VLP,2017-09-20,0.09,0.09,0.09,0.09,0
VLP,2017-09-21,0.09,0.09,0.09,0.09,1000
VLP,2017-09-22,0.09,0.09,0.09,0.09,0
VLP,2017-09-25,0.09,0.09,0.09,0.09,0
VLP,2017-09-26,0.09,0.09,0.09,0.09,0
VLP,2017-09-27,0.09,0.09,0.09,0.09,0
VLP,2017-09-28,0.09,0.09,0.09,0.09,0
VLP,2017-09-29,0.09,0.09,0.09,0.09,0
VLP,2017-10-02,0.09,0.09,0.09,0.09,0
VLP,2017-10-03,0.09,0.09,0.09,0.09,0
VLP,2017-10-04,0.09,0.09,0.09,0.09,0
VLP,2017-10-05,0.09,0.09,0.09,0.09,0
VLP,2017-10-06,0.09,0.09,0.09,0.09,0
VLP,2017-10-09,0.09,0.09,0.09,0.09,0
VLP,2017-10-10,0.09,0.09,0.09,0.09,0
VLP,2017-10-11,0.09,0.09,0.09,0.09,0
VLP,2017-10-12,0.09,0.09,0.09,0.09,0
VLP,2017-10-13,0.09,0.09,0.09,0.09,0
VLP,2017-10-16,0.09,0.09,0.09,0.09,3100
VLP,2017-10-17,0.09,0.09,0.09,0.09,0
VLP,2017-10-18,0.09,0.09,0.09,0.09,0
VLP,2017-10-19,0.09,0.09,0.09,0.09,0
VLP,2017-10-20,0.09,0.09,0.09,0.09,0
VLP,2017-10-23,0.09,0.09,0.09,0.09,0
VLP,2017-10-24,0.09,0.09,0.09,0.09,0
VLP,2017-10-25,0.09,0.09,0.09,0.09,0
VLP,2017-10-26,0.09,0.09,0.09,0.09,0
VLP,2017-10-27,0.09,0.09,0.09,0.09,0
VLP,2017-10-30,0.09,0.09,0.09,0.09,0
VLP,2017-10-31,0.09,0.09,0.09,0.09,0
VLP,2017-11-01,0.09,0.09,0.09,0.09,0
VLP,2017-11-02,0.09,0.09,0.09,0.09,0
VLP,2017-11-03,0.09,0.09,0.09,0.09,0
VLP,2017-11-06,0.09,0.09,0.09,0.09,1700
VLP,2017-11-07,0.09,0.09,0.09,0.09,0
VLP,2017-11-08,0.09,0.09,0.09,0.09,0
VLP,2017-11-09,0.09,0.09,0.09,0.09,0
VLP,2017-11-10,0.09,0.09,0.09,0.09,0
VLP,2017-11-13,0.09,0.09,0.09,0.09,0
VLP,2017-11-14,0.09,0.09,0.09,0.09,0
VLP,2017-11-15,0.09,0.09,0.09,0.09,0
VLP,2017-11-16,0.09,0.09,0.09,0.09,0
VLP,2017-11-17,0.09,0.09,0.09,0.09,0
VLP,2017-11-20,0.09,0.09,0.09,0.09,0
VLP,2017-11-21,0.09,0.09,0.09,0.09,0
VLP,2017-11-22,0.09,0.09,0.09,0.09,0
VLP,2017-11-23,0.09,0.09,0.09,0.09,0
VLP,2017-11-24,0.09,0.09,0.09,0.09,0
VLP,2017-11-27,0.09,0.09,0.09,0.09,0
VLP,2017-11-28,0.09,0.09,0.09,0.09,0
VLP,2017-11-29,0.09,0.09,0.09,0.09,0
VLP,2017-11-30,0.09,0.09,0.09,0.09,0
VLP,2017-12-01,0.09,0.09,0.09,0.09,0
VLP,2017-12-04,0.09,0.09,0.09,0.09,0
VLP,2017-12-05,0.09,0.09,0.09,0.09,0
VLP,2017-12-06,0.09,0.09,0.09,0.09,0
VLP,2017-12-07,0.09,0.09,0.09,0.09,0
VLP,2017-12-08,0.09,0.09,0.09,0.09,0
VLP,2017-12-11,0.09,0.09,0.09,0.09,0
VLP,2017-12-12,0.09,0.09,0.09,0.09,0
VLP,2017-12-13,0.09,0.09,0.09,0.09,0
VLP,2017-12-14,0.09,0.09,0.09,0.09,0
VLP,2017-12-15,0.09,0.09,0.09,0.09,0
VLP,2017-12-18,0.09,0.09,0.09,0.09,0
VLP,2017-12-19,0.09,0.09,0.09,0.09,0
VLP,2017-12-20,0.09,0.09,0.09,0.09,0
VLP,2017-12-21,0.09,0.09,0.09,0.09,0
VLP,2017-12-22,0.09,0.09,0.09,0.09,0
VLP,2017-12-25,0.09,0.09,0.09,0.09,0
VLP,2017-12-26,0.09,0.09,0.09,0.09,0
VLP,2017-12-27,0.09,0.09,0.09,0.09,0
VLP,2017-12-28,0.09,0.09,0.09,0.09,0
VLP,2017-12-29,0.09,0.09,0.09,0.09,0
VLP,2018-01-02,0.09,0.09,0.09,0.09,0
VLP,2018-01-03,0.09,0.09,0.09,0.09,0
VLP,2018-01-04,0.09,0.09,0.09,0.09,2000
VLP,2018-01-05,0.09,0.09,0.09,0.09,0
VLP,2018-01-08,0.09,0.09,0.09,0.09,0
VLP,2018-01-09,0.09,0.09,0.09,0.09,0
VLP,2018-01-10,0.09,0.09,0.09,0.09,1700
VLP,2018-01-11,0.1,0.1,0.1,0.1,2900
VLP,2018-01-12,0.1,0.1,0.1,0.1,3600
VLP,2018-01-15,0.1,0.1,0.1,0.1,0
VLP,2018-01-16,0.1,0.1,0.1,0.1,0
VLP,2018-01-17,0.1,0.1,0.1,0.1,5400
VLP,2018-01-18,0.1,0.1,0.1,0.1,0
VLP,2018-01-19,0.1,0.1,0.1,0.1,0
VLP,2018-01-22,0.1,0.1,0.1,0.1,100
VLP,2018-01-23,0.1,0.1,0.1,0.1,0
VLP,2018-01-24,0.1,0.1,0.1,0.1,0
VLP,2018-01-25,0.1,0.1,0.1,0.1,0
VLP,2018-01-26,0.1,0.1,0.1,0.1,0
VLP,2018-01-29,0.1,0.1,0.1,0.1,0
VLP,2018-01-30,0.1,0.1,0.1,0.1,0
VLP,2018-01-31,0.1,0.1,0.1,0.1,0
VLP,2018-02-01,0.1,0.1,0.1,0.1,0
VLP,2018-02-02,0.1,0.1,0.1,0.1,0
VLP,2018-02-05,0.1,0.1,0.1,0.1,0
VLP,2018-02-06,0.1,0.1,0.1,0.1,0
VLP,2018-02-07,0.1,0.1,0.1,0.1,0
VLP,2018-02-08,0.1,0.1,0.1,0.1,0
VLP,2018-02-09,0.1,0.1,0.1,0.1,0
VLP,2018-02-12,0.1,0.1,0.1,0.1,0
VLP,2018-02-13,0.1,0.1,0.1,0.1,0
VLP,2018-02-21,0.1,0.1,0.1,0.1,0
VLP,2018-02-22,0.1,0.1,0.1,0.1,0
VLP,2018-02-23,0.1,0.1,0.1,0.1,0
VLP,2018-02-26,0.1,0.1,0.1,0.1,0
VLP,2018-02-27,0.1,0.1,0.1,0.1,0
VLP,2018-02-28,0.1,0.1,0.1,0.1,0
VLP,2018-03-01,0.1,0.1,0.1,0.1,0
VLP,2018-03-02,0.1,0.1,0.1,0.1,0
VLP,2018-03-05,0.1,0.1,0.1,0.1,0
VLP,2018-03-06,0.1,0.1,0.1,0.1,0
VLP,2018-03-07,0.1,0.1,0.1,0.1,0
VLP,2018-03-08,0.1,0.1,0.1,0.1,0
VLP,2018-03-09,0.1,0.1,0.1,0.1,0
VLP,2018-03-12,0.1,0.1,0.1,0.1,0
VLP,2018-03-13,0.1,0.1,0.1,0.1,0
VLP,2018-03-14,0.1,0.1,0.1,0.1,0
VLP,2018-03-15,0.1,0.1,0.1,0.1,0
VLP,2018-03-16,0.1,0.1,0.1,0.1,0
VLP,2018-03-19,0.1,0.1,0.1,0.1,0
VLP,2018-03-20,0.1,0.1,0.1,0.1,0
VLP,2018-03-21,0.1,0.1,0.1,0.1,0
VLP,2018-03-22,0.1,0.1,0.1,0.1,0
VLP,2018-03-23,0.1,0.1,0.1,0.1,0
VLP,2018-03-26,0.1,0.1,0.1,0.1,0
VLP,2018-03-27,0.1,0.1,0.1,0.1,0
VLP,2018-03-28,0.1,0.1,0.1,0.1,0
VLP,2018-03-29,0.1,0.1,0.1,0.1,0
VLP,2018-03-30,0.1,0.1,0.1,0.1,0
VLP,2018-04-02,0.1,0.1,0.1,0.1,0
VLP,2018-04-03,0.1,0.1,0.1,0.1,0
VLP,2018-04-04,0.1,0.1,0.1,0.1,0
VLP,2018-04-05,0.08,0.08,0.08,0.08,200
VLP,2018-04-06,0.08,0.08,0.08,0.08,0
VLP,2018-04-09,0.08,0.08,0.08,0.08,0
VLP,2018-04-10,0.08,0.08,0.08,0.08,0
VLP,2018-04-11,0.08,0.08,0.08,0.08,0
VLP,2018-04-12,0.08,0.08,0.08,0.08,0
VLP,2018-04-13,0.08,0.08,0.08,0.08,0
VLP,2018-04-16,0.08,0.08,0.08,0.08,0
VLP,2018-04-17,0.08,0.08,0.08,0.08,0
VLP,2018-04-18,0.08,0.08,0.08,0.08,0
VLP,2018-04-19,0.08,0.08,0.08,0.08,0
VLP,2018-04-20,0.08,0.08,0.08,0.08,0
VLP,2018-04-23,0.08,0.08,0.08,0.08,0
VLP,2018-04-24,0.08,0.08,0.08,0.08,0
VLP,2018-04-26,0.08,0.08,0.08,0.08,0
VLP,2018-04-27,0.08,0.08,0.08,0.08,0
VLP,2018-05-02,0.08,0.08,0.08,0.08,0
VLP,2018-05-03,0.08,0.08,0.08,0.08,0
VLP,2018-05-04,0.08,0.08,0.08,0.08,0
VLP,2018-05-07,0.08,0.08,0.08,0.08,0
VLP,2018-05-08,0.08,0.08,0.08,0.08,0
VLP,2018-05-09,0.08,0.08,0.08,0.08,0
VLP,2018-05-10,0.08,0.08,0.08,0.08,0
VLP,2018-05-11,0.08,0.08,0.08,0.08,0
VLP,2018-05-14,0.08,0.08,0.08,0.08,0
VLP,2018-05-15,0.08,0.08,0.08,0.08,0
VLP,2018-05-16,0.08,0.08,0.08,0.08,0
VLP,2018-05-17,0.08,0.08,0.08,0.08,0
VLP,2018-05-18,0.08,0.08,0.08,0.08,0
VLP,2018-05-21,0.08,0.08,0.08,0.08,0
VLP,2018-05-22,0.08,0.08,0.08,0.08,0
VLP,2018-05-23,0.08,0.08,0.08,0.08,0
VLP,2018-05-24,0.08,0.08,0.08,0.08,0
VLP,2018-05-25,0.08,0.08,0.08,0.08,0
VLP,2018-05-28,0.08,0.08,0.08,0.08,0
VLP,2018-05-29,0.08,0.08,0.08,0.08,0
VLP,2018-05-30,0.08,0.08,0.08,0.08,0
VLP,2018-05-31,0.08,0.08,0.08,0.08,0
VLP,2018-06-01,0.08,0.08,0.08,0.08,0
VLP,2018-06-04,0.08,0.08,0.08,0.08,0
VLP,2018-06-05,0.08,0.08,0.08,0.08,0
VLP,2018-06-06,0.08,0.08,0.08,0.08,0
VLP,2018-06-07,0.08,0.08,0.08,0.08,0
VLP,2018-06-08,0.08,0.08,0.08,0.08,0
VLP,2018-06-11,0.08,0.08,0.08,0.08,0
VLP,2018-06-12,0.08,0.08,0.08,0.08,0
VLP,2018-06-13,0.08,0.08,0.08,0.08,0
VLP,2018-06-14,0.08,0.08,0.08,0.08,0
VLP,2018-06-15,0.08,0.08,0.08,0.08,0
VLP,2018-06-18,0.05,0.05,0.05,0.05,100
VLP,2018-06-19,0.05,0.05,0.05,0.05,0
VLP,2018-06-20,0.05,0.05,0.05,0.05,0
VLP,2018-06-21,0.05,0.05,0.05,0.05,0
VLP,2018-06-22,0.05,0.05,0.05,0.05,0
VLP,2018-06-25,0.05,0.05,0.05,0.05,0
VLP,2018-06-26,0.05,0.05,0.05,0.05,0
VLP,2018-06-27,0.05,0.05,0.05,0.05,0
VLP,2018-06-28,0.05,0.05,0.05,0.05,0
VLP,2018-06-29,0.05,0.05,0.05,0.05,0
VLP,2018-07-02,0.05,0.05,0.05,0.05,0
VLP,2018-07-03,0.05,0.05,0.05,0.05,0
VLP,2018-07-04,0.05,0.05,0.05,0.05,0
VLP,2018-07-05,0.05,0.05,0.05,0.05,0
VLP,2018-07-06,0.05,0.05,0.05,0.05,0
VLP,2018-07-09,0.05,0.05,0.05,0.05,0
VLP,2018-07-10,0.05,0.05,0.05,0.05,0
VLP,2018-07-11,0.05,0.05,0.05,0.05,0
VLP,2018-07-12,0.05,0.05,0.05,0.05,0
VLP,2018-07-13,0.05,0.05,0.05,0.05,0
VLP,2018-07-16,0.05,0.05,0.05,0.05,0
VLP,2018-07-17,0.05,0.05,0.05,0.05,0
VLP,2018-07-18,0.05,0.05,0.05,0.05,0
VLP,2018-07-19,0.05,0.05,0.05,0.05,0
VLP,2018-07-20,0.05,0.05,0.05,0.05,0
VLP,2018-07-23,0.05,0.05,0.05,0.05,0
VLP,2018-07-24,0.05,0.05,0.05,0.05,0
VLP,2018-07-25,0.05,0.05,0.05,0.05,0
VLP,2018-07-26,0.05,0.05,0.05,0.05,0
VLP,2018-07-27,0.05,0.05,0.05,0.05,0
VLP,2018-07-30,0.05,0.05,0.05,0.05,0
VLP,2018-07-31,0.05,0.05,0.05,0.05,0
VLP,2018-08-01,0.05,0.05,0.05,0.05,0
VLP,2018-08-02,0.05,0.05,0.05,0.05,0
VLP,2018-08-03,0.05,0.05,0.05,0.05,0
VLP,2018-08-06,0.05,0.05,0.05,0.05,0
VLP,2018-08-07,0.05,0.05,0.05,0.05,0
VLP,2018-08-08,0.05,0.05,0.05,0.05,0
VLP,2018-08-09,0.05,0.05,0.05,0.05,0
VLP,2018-08-10,0.05,0.05,0.05,0.05,0
VLP,2018-08-13,0.05,0.05,0.05,0.05,0
VLP,2018-08-14,0.05,0.05,0.05,0.05,0
VLP,2018-08-15,0.05,0.05,0.05,0.05,0
VLP,2018-08-16,0.05,0.05,0.05,0.05,0
VLP,2018-08-17,0.05,0.05,0.05,0.05,0
VLP,2018-08-20,0.05,0.05,0.05,0.05,0
VLP,2018-08-21,0.05,0.05,0.05,0.05,0
VLP,2018-08-22,0.05,0.05,0.05,0.05,0
VLP,2018-08-23,0.05,0.05,0.05,0.05,0
VLP,2018-08-24,0.05,0.05,0.05,0.05,0
VLP,2018-08-27,0.05,0.05,0.05,0.05,0
VLP,2018-08-28,0.05,0.05,0.05,0.05,0
VLP,2018-08-29,0.05,0.05,0.05,0.05,0
VLP,2018-08-30,0.05,0.05,0.05,0.05,0
VLP,2018-08-31,0.03,0.03,0.03,0.03,1200
VLP,2018-09-04,0.03,0.03,0.03,0.03,0
VLP,2018-09-05,0.03,0.03,0.03,0.03,0
VLP,2018-09-06,0.03,0.03,0.03,0.03,0
VLP,2018-09-07,0.03,0.03,0.03,0.03,0
VLP,2018-09-10,0.03,0.03,0.03,0.03,0
VLP,2018-09-11,0.03,0.03,0.03,0.03,0
VLP,2018-09-12,0.03,0.03,0.03,0.03,0
VLP,2018-09-13,0.03,0.03,0.03,0.03,0
VLP,2018-09-14,0.03,0.03,0.03,0.03,0
VLP,2018-09-17,0.03,0.03,0.03,0.03,0
VLP,2018-09-18,0.03,0.03,0.03,0.03,0
VLP,2018-09-19,0.03,0.03,0.03,0.03,0
VLP,2018-09-20,0.03,0.03,0.03,0.03,0
VLP,2018-09-21,0.03,0.03,0.03,0.03,1800
VLP,2018-09-24,0.03,0.03,0.03,0.03,0
VLP,2018-09-25,0.03,0.03,0.03,0.03,0
VLP,2018-09-26,0.03,0.03,0.03,0.03,0
VLP,2018-09-27,0.03,0.03,0.03,0.03,0
VLP,2018-09-28,0.03,0.03,0.03,0.03,0
VLP,2018-10-01,0.03,0.03,0.03,0.03,0
VLP,2018-10-02,0.03,0.03,0.03,0.03,0
VLP,2018-10-03,0.03,0.03,0.03,0.03,0
VLP,2018-10-04,0.03,0.03,0.03,0.03,0
VLP,2018-10-05,0.03,0.03,0.03,0.03,0
VLP,2018-10-08,0.03,0.03,0.03,0.03,0
VLP,2018-10-09,0.03,0.03,0.03,0.03,0
VLP,2018-10-10,0.03,0.03,0.03,0.03,0
VLP,2018-10-11,0.03,0.03,0.03,0.03,0
VLP,2018-10-12,0.03,0.03,0.03,0.03,0
VLP,2018-10-15,0.03,0.03,0.03,0.03,0
VLP,2018-10-16,0.03,0.03,0.03,0.03,0
VLP,2018-10-17,0.03,0.03,0.03,0.03,0
VLP,2018-10-18,0.03,0.03,0.03,0.03,0
VLP,2018-10-19,0.03,0.03,0.03,0.03,0
VLP,2018-10-22,0.03,0.03,0.03,0.03,0
VLP,2018-10-23,0.03,0.03,0.03,0.03,0
VLP,2018-10-24,0.03,0.03,0.03,0.03,0
VLP,2018-10-25,0.03,0.03,0.03,0.03,0
VLP,2018-10-26,0.03,0.03,0.03,0.03,0
VLP,2018-10-29,0.03,0.03,0.03,0.03,0
VLP,2018-10-30,0.03,0.03,0.03,0.03,0
VLP,2018-10-31,0.03,0.03,0.03,0.03,0
VLP,2018-11-01,0.03,0.03,0.03,0.03,0
VLP,2018-11-02,0.03,0.03,0.03,0.03,0
VLP,2018-11-05,0.03,0.03,0.03,0.03,0
VLP,2018-11-06,0.03,0.03,0.03,0.03,0
VLP,2018-11-07,0.03,0.03,0.03,0.03,0
VLP,2018-11-08,0.03,0.03,0.03,0.03,0
VLP,2018-11-09,0.03,0.03,0.03,0.03,0
VLP,2018-11-12,0.03,0.03,0.03,0.03,0
VLP,2018-11-13,0.03,0.03,0.03,0.03,0
VLP,2018-11-14,0.03,0.03,0.03,0.03,0
VLP,2018-11-15,0.03,0.03,0.03,0.03,0
VLP,2018-11-16,0.03,0.03,0.03,0.03,0
VLP,2018-11-19,0.03,0.03,0.03,0.03,0
VLP,2018-11-20,0.03,0.03,0.03,0.03,0
VLP,2018-11-21,0.03,0.03,0.03,0.03,0
VLP,2018-11-22,0.03,0.03,0.03,0.03,0
VLP,2018-11-23,0.03,0.03,0.03,0.03,0
VLP,2018-11-26,0.03,0.03,0.03,0.03,0
VLP,2018-11-27,0.03,0.03,0.03,0.03,0
VLP,2018-11-28,0.03,0.03,0.03,0.03,0
VLP,2018-11-29,0.03,0.03,0.03,0.03,0
VLP,2018-11-30,0.03,0.03,0.03,0.03,0
VLP,2018-12-03,0.03,0.03,0.03,0.03,0
VLP,2018-12-04,0.03,0.03,0.03,0.03,0
VLP,2018-12-05,0.03,0.03,0.03,0.03,0
VLP,2018-12-06,0.03,0.03,0.03,0.03,0
VLP,2018-12-07,0.03,0.03,0.03,0.03,0
VLP,2018-12-10,0.03,0.03,0.03,0.03,0
VLP,2018-12-11,0.03,0.03,0.03,0.03,0
VLP,2018-12-12,0.03,0.03,0.03,0.03,0
VLP,2018-12-13,0.03,0.03,0.03,0.03,0
VLP,2018-12-14,0.03,0.03,0.03,0.03,0
VLP,2018-12-17,0.03,0.03,0.03,0.03,0
VLP,2018-12-18,0.03,0.03,0.03,0.03,0
VLP,2018-12-19,0.03,0.03,0.03,0.03,0
VLP,2018-12-20,0.03,0.03,0.03,0.03,0
VLP,2018-12-21,0.03,0.03,0.03,0.03,0
VLP,2018-12-24,0.03,0.03,0.03,0.03,0
VLP,2018-12-25,0.03,0.03,0.03,0.03,0
VLP,2018-12-26,0.03,0.03,0.03,0.03,0
VLP,2018-12-27,0.03,0.03,0.03,0.03,0
VLP,2018-12-28,0.03,0.03,0.03,0.03,0
VLP,2019-01-02,0.03,0.03,0.03,0.03,0
VLP,2019-01-03,0.03,0.03,0.03,0.03,0
VLP,2019-01-04,0.03,0.03,0.03,0.03,0
VLP,2019-01-07,0.03,0.03,0.03,0.03,0
VLP,2019-01-08,0.03,0.03,0.03,0.03,0
VLP,2019-01-09,0.03,0.03,0.03,0.03,0
VLP,2019-01-10,0.03,0.03,0.03,0.03,0
VLP,2019-01-11,0.03,0.03,0.03,0.03,0
VLP,2019-01-14,0.03,0.03,0.03,0.03,0
VLP,2019-01-15,0.03,0.03,0.03,0.03,0
VLP,2019-01-16,0.03,0.03,0.03,0.03,0
VLP,2019-01-17,0.03,0.03,0.03,0.03,0
VLP,2019-01-18,0.03,0.03,0.03,0.03,0
VLP,2019-01-21,0.03,0.03,0.03,0.03,0
VLP,2019-01-22,0.03,0.03,0.03,0.03,0
VLP,2019-01-23,0.03,0.03,0.03,0.03,0
VLP,2019-01-24,0.03,0.03,0.03,0.03,0
VLP,2019-01-25,0.03,0.03,0.03,0.03,0
VLP,2019-01-28,0.03,0.03,0.03,0.03,0
VLP,2019-01-29,0.03,0.03,0.03,0.03,0
VLP,2019-01-30,0.03,0.03,0.03,0.03,0
VLP,2019-01-31,0.03,0.03,0.03,0.03,0
VLP,2019-02-01,0.03,0.03,0.03,0.03,0
VLP,2019-02-11,0.03,0.03,0.03,0.03,0
VLP,2019-02-12,0.03,0.03,0.03,0.03,0
VLP,2019-02-13,0.03,0.03,0.03,0.03,0
VLP,2019-02-14,0.03,0.03,0.03,0.03,0
VLP,2019-02-15,0.03,0.03,0.03,0.03,0
VLP,2019-02-18,0.03,0.03,0.03,0.03,0
VLP,2019-02-19,0.03,0.03,0.03,0.03,0
VLP,2019-02-20,0.03,0.03,0.03,0.03,0
VLP,2019-02-21,0.03,0.03,0.03,0.03,0
VLP,2019-02-22,0.03,0.03,0.03,0.03,0
VLP,2019-02-25,0.03,0.03,0.03,0.03,0
VLP,2019-02-26,0.03,0.03,0.03,0.03,0
VLP,2019-02-27,0.03,0.03,0.03,0.03,0
VLP,2019-02-28,0.03,0.03,0.03,0.03,0
VLP,2019-03-01,0.03,0.03,0.03,0.03,0
VLP,2019-03-04,0.03,0.03,0.03,0.03,0
VLP,2019-03-05,0.03,0.03,0.03,0.03,0
VLP,2019-03-06,0.03,0.03,0.03,0.03,0
VLP,2019-03-07,0.03,0.03,0.03,0.03,0
VLP,2019-03-08,0.03,0.03,0.03,0.03,0
VLP,2019-03-11,0.03,0.03,0.03,0.03,0
VLP,2019-03-12,0.03,0.03,0.03,0.03,0
VLP,2019-03-13,0.03,0.03,0.03,0.03,0
VLP,2019-03-14,0.03,0.03,0.03,0.03,0
VLP,2019-03-15,0.03,0.03,0.03,0.03,0
VLP,2019-03-18,0.03,0.03,0.03,0.03,0
VLP,2019-03-19,0.03,0.03,0.03,0.03,0
VLP,2019-03-20,0.03,0.03,0.03,0.03,0
VLP,2019-03-21,0.03,0.03,0.03,0.03,0
VLP,2019-03-22,0.03,0.03,0.03,0.03,0
VLP,2019-03-25,0.03,0.03,0.03,0.03,0
VLP,2019-03-26,0.03,0.03,0.03,0.03,0
VLP,2019-03-27,0.03,0.03,0.03,0.03,0
VLP,2019-03-28,0.03,0.03,0.03,0.03,0
VLP,2019-03-29,0.03,0.03,0.03,0.03,0
VLP,2019-04-01,0.03,0.03,0.03,0.03,0
VLP,2019-04-02,0.03,0.03,0.03,0.03,0
VLP,2019-04-03,0.03,0.03,0.03,0.03,0
VLP,2019-04-04,0.03,0.03,0.03,0.03,0
VLP,2019-04-05,0.03,0.03,0.03,0.03,0
VLP,2019-04-08,0.03,0.03,0.03,0.03,0
VLP,2019-04-09,0.03,0.03,0.03,0.03,0
VLP,2019-04-10,0.03,0.03,0.03,0.03,0
VLP,2019-04-11,0.03,0.03,0.03,0.03,0
VLP,2019-04-12,0.03,0.03,0.03,0.03,0
VLP,2019-04-16,0.03,0.03,0.03,0.03,0
VLP,2019-04-17,0.03,0.03,0.03,0.03,0
VLP,2019-04-18,0.03,0.03,0.03,0.03,0
VLP,2019-04-19,0.03,0.03,0.03,0.03,0
VLP,2019-04-22,0.03,0.03,0.03,0.03,0
VLP,2019-04-23,0.03,0.03,0.03,0.03,0
VLP,2019-04-24,0.03,0.03,0.03,0.03,0
VLP,2019-04-25,0.03,0.03,0.03,0.03,0
VLP,2019-04-26,0.03,0.03,0.03,0.03,0
VLP,2019-05-02,0.03,0.03,0.03,0.03,0
VLP,2019-05-03,0.03,0.03,0.03,0.03,0
VLP,2019-05-06,0.03,0.03,0.03,0.03,0
VLP,2019-05-07,0.03,0.03,0.03,0.03,0
VLP,2019-05-08,0.03,0.03,0.03,0.03,0
VLP,2019-05-09,0.03,0.03,0.03,0.03,0
VLP,2019-05-10,0.03,0.03,0.03,0.03,0
VLP,2019-05-13,0.03,0.03,0.03,0.03,0
VLP,2019-05-14,0.03,0.03,0.03,0.03,0
VLP,2019-05-15,0.03,0.03,0.03,0.03,0
VLP,2019-05-16,0.03,0.03,0.03,0.03,0
VLP,2019-05-17,0.03,0.03,0.03,0.03,0
VLP,2019-05-20,0.03,0.03,0.03,0.03,0
VLP,2019-05-21,0.03,0.03,0.03,0.03,0
VLP,2019-05-22,0.03,0.03,0.03,0.03,0
VLP,2019-05-23,0.03,0.03,0.03,0.03,0
VLP,2019-05-24,0.03,0.03,0.03,0.03,0
VLP,2019-05-27,0.03,0.03,0.03,0.03,0
VLP,2019-05-28,0.03,0.03,0.03,0.03,0
VLP,2019-05-29,0.03,0.03,0.03,0.03,0
VLP,2019-05-30,0.03,0.03,0.03,0.03,0
VLP,2019-05-31,0.03,0.03,0.03,0.03,0
VLP,2019-06-03,0.03,0.03,0.03,0.03,0
VLP,2019-06-04,0.03,0.03,0.03,0.03,0
VLP,2019-06-05,0.03,0.03,0.03,0.03,0
VLP,2019-06-06,0.03,0.03,0.03,0.03,0
VLP,2019-06-07,0.03,0.03,0.03,0.03,0
VLP,2019-06-10,0.03,0.03,0.03,0.03,0
VLP,2019-06-11,0.03,0.03,0.03,0.03,0
VLP,2019-06-12,0.03,0.03,0.03,0.03,0
VLP,2019-06-13,0.03,0.03,0.03,0.03,0
VLP,2019-06-14,0.03,0.03,0.03,0.03,0
VLP,2019-06-17,0.03,0.03,0.03,0.03,0
VLP,2019-06-18,0.03,0.03,0.03,0.03,0
VLP,2019-06-19,0.03,0.03,0.03,0.03,0
VLP,2019-06-20,0.03,0.03,0.03,0.03,0
VLP,2019-06-21,0.03,0.03,0.03,0.03,0
VLP,2019-06-24,0.03,0.03,0.03,0.03,0
VLP,2019-06-25,0.03,0.03,0.03,0.03,0
VLP,2019-06-26,0.03,0.03,0.03,0.03,0
VLP,2019-06-27,0.03,0.03,0.03,0.03,0
VLP,2019-06-28,0.03,0.03,0.03,0.03,0
VLP,2019-07-01,0.03,0.03,0.03,0.03,0
VLP,2019-07-02,0.03,0.03,0.03,0.03,0
VLP,2019-07-03,0.03,0.03,0.03,0.03,0
VLP,2019-07-04,0.03,0.03,0.03,0.03,0
VLP,2019-07-05,0.03,0.03,0.03,0.03,0
VLP,2019-07-08,0.03,0.03,0.03,0.03,0
VLP,2019-07-09,0.03,0.03,0.03,0.03,0
VLP,2019-07-10,0.03,0.03,0.03,0.03,0
VLP,2019-07-11,0.03,0.03,0.03,0.03,0
VLP,2019-07-12,0.03,0.03,0.03,0.03,0
VLP,2019-07-15,0.03,0.03,0.03,0.03,0
VLP,2019-07-16,0.03,0.03,0.03,0.03,0
VLP,2019-07-17,0.03,0.03,0.03,0.03,0
VLP,2019-07-18,0.03,0.04,0.04,0.04,0
VLP,2019-07-19,0.03,0.04,0.04,0.04,0
VLP,2019-07-22,0.03,0.04,0.04,0.04,0
VLP,2019-07-23,0.03,0.04,0.04,0.04,0
VLP,2019-07-24,0.03,0.04,0.04,0.04,0
VLP,2019-07-25,0.03,0.04,0.04,0.04,0
VLP,2019-07-26,0.03,0.04,0.04,0.04,0
VLP,2019-07-29,0.03,0.04,0.04,0.04,0
VLP,2019-07-30,0.03,0.04,0.04,0.04,0
VLP,2019-07-31,0.03,0.04,0.04,0.04,0
VLP,2019-08-01,0.03,0.04,0.04,0.04,0
VLP,2019-08-02,0.03,0.04,0.04,0.04,0
VLP,2019-08-05,0.03,0.04,0.04,0.04,0
VLP,2019-08-06,0.03,0.04,0.04,0.04,0
VLP,2019-08-07,0.03,0.04,0.04,0.04,0
VLP,2019-08-08,0.03,0.04,0.04,0.04,0
VLP,2019-08-09,0.03,0.04,0.04,0.04,0
VLP,2019-08-12,0.03,0.04,0.04,0.04,0
VLP,2019-08-13,0.04,0.04,0.04,0.04,900
VLP,2019-08-14,0.04,0.04,0.04,0.04,0
VLP,2019-08-15,0.04,0.04,0.04,0.04,0
VLP,2019-08-16,0.04,0.04,0.04,0.04,0
VLP,2019-08-19,0.04,0.04,0.04,0.04,0
VLP,2019-08-20,0.04,0.04,0.04,0.04,0
VLP,2019-08-21,0.04,0.04,0.04,0.04,0
VLP,2019-08-22,0.04,0.04,0.04,0.04,0
VLP,2019-08-23,0.04,0.04,0.04,0.04,0
VLP,2019-08-26,0.04,0.04,0.04,0.04,0
VLP,2019-08-27,0.04,0.04,0.04,0.04,0
VLP,2019-08-28,0.04,0.04,0.04,0.04,0
VLP,2019-08-29,0.04,0.04,0.04,0.04,0
VLP,2019-08-30,0.04,0.04,0.04,0.04,0
VLP,2019-09-03,0.04,0.04,0.04,0.04,0
VLP,2019-09-04,0.04,0.04,0.04,0.04,0
VLP,2019-09-05,0.04,0.04,0.04,0.04,0
VLP,2019-09-06,0.04,0.04,0.04,0.04,0
VLP,2019-09-09,0.04,0.04,0.04,0.04,0
VLP,2019-09-10,0.04,0.04,0.04,0.04,0
VLP,2019-09-11,0.04,0.04,0.04,0.04,0
VLP,2019-09-12,0.04,0.04,0.04,0.04,0
VLP,2019-09-13,0.04,0.04,0.04,0.04,0
VLP,2019-09-16,0.04,0.04,0.04,0.04,0
VLP,2019-09-17,0.04,0.04,0.04,0.04,0
VLP,2019-09-18,0.04,0.04,0.04,0.04,0
VLP,2019-09-19,0.04,0.04,0.04,0.04,0
VLP,2019-09-20,0.04,0.04,0.04,0.04,0
VLP,2019-09-23,0.04,0.04,0.04,0.04,0
VLP,2019-09-24,0.04,0.04,0.04,0.04,0
VLP,2019-09-25,0.04,0.04,0.04,0.04,0
VLP,2019-09-26,0.04,0.04,0.04,0.04,0
VLP,2019-09-27,0.04,0.04,0.04,0.04,0
VLP,2019-09-30,0.04,0.04,0.04,0.04,0
VLP,2019-10-01,0.04,0.04,0.04,0.04,0
VLP,2019-10-02,0.04,0.04,0.04,0.04,0
VLP,2019-10-03,0.04,0.04,0.04,0.04,0
VLP,2019-10-04,0.04,0.04,0.04,0.04,0
VLP,2019-10-07,0.04,0.04,0.04,0.04,0
VLP,2019-10-08,0.04,0.04,0.04,0.04,0
VLP,2019-10-09,0.04,0.04,0.04,0.04,0
VLP,2019-10-10,0.04,0.04,0.04,0.04,0
VLP,2019-10-11,0.04,0.04,0.04,0.04,0
VLP,2019-10-14,0.04,0.04,0.04,0.04,0
VLP,2019-10-15,0.04,0.04,0.04,0.04,0
VLP,2019-10-16,0.04,0.04,0.04,0.04,0
VLP,2019-10-17,0.04,0.04,0.04,0.04,0
VLP,2019-10-18,0.04,0.04,0.04,0.04,0
VLP,2019-10-21,0.04,0.04,0.04,0.04,0
VLP,2019-10-22,0.04,0.04,0.04,0.04,0
VLP,2019-10-23,0.04,0.04,0.04,0.04,0
VLP,2019-10-24,0.04,0.04,0.04,0.04,0
VLP,2019-10-25,0.04,0.04,0.04,0.04,0
VLP,2019-10-28,0.04,0.04,0.04,0.04,0
VLP,2019-10-29,0.04,0.04,0.04,0.04,0
VLP,2019-10-30,0.04,0.04,0.04,0.04,0
VLP,2019-10-31,0.04,0.04,0.04,0.04,0
VLP,2019-11-01,0.04,0.04,0.04,0.04,0
VLP,2019-11-04,0.04,0.04,0.04,0.04,0
VLP,2019-11-05,0.04,0.04,0.04,0.04,0
VLP,2019-11-06,0.04,0.04,0.04,0.04,0
VLP,2019-11-07,0.04,0.04,0.04,0.04,0
VLP,2019-11-08,0.04,0.04,0.04,0.04,0
VLP,2019-11-11,0.04,0.04,0.04,0.04,0
VLP,2019-11-12,0.04,0.04,0.04,0.04,0
VLP,2019-11-13,0.04,0.04,0.04,0.04,0
VLP,2019-11-14,0.04,0.04,0.04,0.04,0
VLP,2019-11-15,0.04,0.04,0.04,0.04,0
VLP,2019-11-18,0.04,0.04,0.04,0.04,0
VLP,2019-11-19,0.04,0.04,0.04,0.04,0
VLP,2019-11-20,0.04,0.04,0.04,0.04,0
VLP,2019-11-21,0.04,0.04,0.04,0.04,0
VLP,2019-11-22,0.04,0.04,0.04,0.04,0
VLP,2019-11-25,0.04,0.04,0.04,0.04,0
VLP,2019-11-26,0.04,0.04,0.04,0.04,0
VLP,2019-11-27,0.04,0.04,0.04,0.04,0
VLP,2019-11-28,0.04,0.04,0.04,0.04,0
VLP,2019-11-29,0.04,0.04,0.04,0.04,0
VLP,2019-12-02,0.04,0.04,0.04,0.04,0
VLP,2019-12-03,0.04,0.04,0.04,0.04,0
VLP,2019-12-04,0.04,0.04,0.04,0.04,0
VLP,2019-12-05,0.04,0.04,0.04,0.04,0
VLP,2019-12-06,0.04,0.04,0.04,0.04,0
VLP,2019-12-09,0.04,0.04,0.04,0.04,0
VLP,2019-12-10,0.04,0.04,0.04,0.04,0
VLP,2019-12-11,0.04,0.04,0.04,0.04,0
VLP,2019-12-12,0.04,0.04,0.04,0.04,0
VLP,2019-12-13,0.04,0.04,0.04,0.04,0
VLP,2019-12-16,0.04,0.04,0.04,0.04,0
VLP,2019-12-17,0.04,0.04,0.04,0.04,0
VLP,2019-12-18,0.04,0.04,0.04,0.04,0
VLP,2019-12-19,0.04,0.04,0.04,0.04,0
VLP,2019-12-20,0.04,0.04,0.04,0.04,0
VLP,2019-12-23,0.04,0.04,0.04,0.04,0
VLP,2019-12-24,0.04,0.04,0.04,0.04,0
VLP,2019-12-25,0.04,0.04,0.04,0.04,0
VLP,2019-12-26,0.04,0.04,0.04,0.04,0
VLP,2019-12-27,0.04,0.04,0.04,0.04,0
VLP,2019-12-30,0.04,0.04,0.04,0.04,0
VLP,2019-12-31,0.04,0.04,0.04,0.04,0
VLP,2020-01-02,0.04,0.04,0.04,0.04,0
VLP,2020-01-03,0.04,0.04,0.04,0.04,0
VLP,2020-01-06,0.04,0.04,0.04,0.04,0
VLP,2020-01-07,0.04,0.04,0.04,0.04,0
VLP,2020-01-08,0.04,0.04,0.04,0.04,0
VLP,2020-01-09,0.04,0.04,0.04,0.04,0
VLP,2020-01-10,0.04,0.04,0.04,0.04,0
VLP,2020-01-13,0.04,0.04,0.04,0.04,0
VLP,2020-01-14,0.04,0.04,0.04,0.04,0
VLP,2020-01-15,0.04,0.04,0.04,0.04,0
VLP,2020-01-16,0.04,0.04,0.04,0.04,0
VLP,2020-01-17,0.04,0.04,0.04,0.04,0
VLP,2020-01-20,0.04,0.04,0.04,0.04,0
VLP,2020-01-21,0.04,0.04,0.04,0.04,0
VLP,2020-01-22,0.04,0.04,0.04,0.04,0
VLP,2020-01-30,0.04,0.04,0.04,0.04,0
VLP,2020-01-31,0.04,0.04,0.04,0.04,0
VLP,2020-02-03,0.04,0.04,0.04,0.04,0
VLP,2020-02-04,0.04,0.04,0.04,0.04,0
VLP,2020-02-05,0.04,0.04,0.04,0.04,0
VLP,2020-02-06,0.04,0.04,0.04,0.04,0
VLP,2020-02-07,0.04,0.04,0.04,0.04,0
VLP,2020-02-10,0.04,0.04,0.04,0.04,0
VLP,2020-02-11,0.04,0.04,0.04,0.04,0
VLP,2020-02-12,0.04,0.04,0.04,0.04,0
VLP,2020-02-13,0.04,0.04,0.04,0.04,0
VLP,2020-02-14,0.04,0.04,0.04,0.04,0
VLP,2020-02-17,0.04,0.04,0.04,0.04,0
VLP,2020-02-18,0.04,0.04,0.04,0.04,0
VLP,2020-02-19,0.04,0.04,0.04,0.04,0
VLP,2020-02-20,0.04,0.04,0.04,0.04,0
VLP,2020-02-21,0.04,0.04,0.04,0.04,0
VLP,2020-02-24,0.04,0.04,0.04,0.04,0
VLP,2020-02-25,0.04,0.04,0.04,0.04,0
VLP,2020-02-26,0.04,0.04,0.04,0.04,0
VLP,2020-02-27,0.04,0.04,0.04,0.04,0
VLP,2020-02-28,0.04,0.04,0.04,0.04,0
VLP,2020-03-02,0.04,0.04,0.04,0.04,0
VLP,2020-03-03,0.04,0.04,0.04,0.04,0
VLP,2020-03-04,0.04,0.04,0.04,0.04,0
VLP,2020-03-05,0.04,0.04,0.04,0.04,0
VLP,2020-03-06,0.04,0.04,0.04,0.04,0
VLP,2020-03-09,0.04,0.04,0.04,0.04,0
VLP,2020-03-10,0.04,0.04,0.04,0.04,0
VLP,2020-03-11,0.04,0.04,0.04,0.04,0
VLP,2020-03-12,0.04,0.04,0.04,0.04,0
VLP,2020-03-13,0.04,0.04,0.04,0.04,0
VLP,2020-03-16,0.04,0.04,0.04,0.04,0
VLP,2020-03-17,0.04,0.04,0.04,0.04,0
VLP,2020-03-18,0.04,0.04,0.04,0.04,0
VLP,2020-03-19,0.04,0.04,0.04,0.04,0
VLP,2020-03-20,0.04,0.04,0.04,0.04,0
VLP,2020-03-23,0.04,0.04,0.04,0.04,0
VLP,2020-03-24,0.04,0.04,0.04,0.04,0
VLP,2020-03-25,0.04,0.04,0.04,0.04,0
VLP,2020-03-26,0.04,0.04,0.04,0.04,0
VLP,2020-03-27,0.04,0.04,0.04,0.04,0
VLP,2020-03-30,0.04,0.04,0.04,0.04,0
VLP,2020-03-31,0.04,0.04,0.04,0.04,0
VLP,2020-04-01,0.04,0.04,0.04,0.04,0
VLP,2020-04-03,0.04,0.04,0.04,0.04,0
VLP,2020-04-06,0.04,0.04,0.04,0.04,0
VLP,2020-04-07,0.04,0.04,0.04,0.04,0
VLP,2020-04-08,0.04,0.04,0.04,0.04,0
VLP,2020-04-09,0.04,0.04,0.04,0.04,0
VLP,2020-04-10,0.04,0.04,0.04,0.04,0
VLP,2020-04-13,0.04,0.04,0.04,0.04,0
VLP,2020-04-14,0.04,0.04,0.04,0.04,0
VLP,2020-04-15,0.04,0.04,0.04,0.04,0
VLP,2020-04-16,0.04,0.04,0.04,0.04,0
VLP,2020-04-17,0.04,0.04,0.04,0.04,0
VLP,2020-04-20,0.04,0.04,0.04,0.04,0
VLP,2020-04-21,0.04,0.04,0.04,0.04,0
VLP,2020-04-22,0.04,0.04,0.04,0.04,0
VLP,2020-04-23,0.04,0.04,0.04,0.04,0
VLP,2020-04-24,0.04,0.04,0.04,0.04,0
VLP,2020-04-27,0.04,0.04,0.04,0.04,0
VLP,2020-04-28,0.04,0.04,0.04,0.04,0
VLP,2020-04-29,0.04,0.04,0.04,0.04,0
VLP,2020-05-04,0.04,0.04,0.04,0.04,0
VLP,2020-05-05,0.04,0.04,0.04,0.04,0
VLP,2020-05-06,0.04,0.04,0.04,0.04,0
VLP,2020-05-07,0.04,0.04,0.04,0.04,0
VLP,2020-05-08,0.04,0.04,0.04,0.04,0
VLP,2020-05-11,0.04,0.04,0.04,0.04,0
VLP,2020-05-12,0.04,0.04,0.04,0.04,0
VLP,2020-05-13,0.04,0.04,0.04,0.04,0
VLP,2020-05-14,0.04,0.04,0.04,0.04,0
VLP,2020-05-15,0.04,0.04,0.04,0.04,0
VLP,2020-05-18,0.04,0.04,0.04,0.04,0
VLP,2020-05-19,0.04,0.04,0.04,0.04,0
VLP,2020-05-20,0.04,0.04,0.04,0.04,0
VLP,2020-05-21,0.04,0.04,0.04,0.04,0
VLP,2020-05-22,0.04,0.04,0.04,0.04,0
VLP,2020-05-25,0.04,0.04,0.04,0.04,0
VLP,2020-05-26,0.04,0.04,0.04,0.04,0
VLP,2020-05-27,0.04,0.04,0.04,0.04,0
VLP,2020-05-28,0.04,0.04,0.04,0.04,0
VLP,2020-05-29,0.04,0.04,0.04,0.04,0
VLP,2020-06-01,0.04,0.04,0.04,0.04,0
VLP,2020-06-02,0.04,0.04,0.04,0.04,0
VLP,2020-06-03,0.04,0.04,0.04,0.04,0
VLP,2020-06-04,0.04,0.04,0.04,0.04,0
VLP,2020-06-05,0.04,0.04,0.04,0.04,0
VLP,2020-06-08,0.04,0.04,0.04,0.04,0
VLP,2020-06-09,0.04,0.04,0.04,0.04,0
VLP,2020-06-10,0.04,0.04,0.04,0.04,0
VLP,2020-06-11,0.04,0.04,0.04,0.04,0
VLP,2020-06-12,0.04,0.04,0.04,0.04,0
VLP,2020-06-15,0.04,0.04,0.04,0.04,0
VLP,2020-06-16,0.04,0.04,0.04,0.04,0
VLP,2020-06-17,0.04,0.04,0.04,0.04,0
VLP,2020-06-18,0.04,0.04,0.04,0.04,0
VLP,2020-06-19,0.04,0.04,0.04,0.04,0
VLP,2020-06-22,0.04,0.04,0.04,0.04,0
VLP,2020-06-23,0.04,0.04,0.04,0.04,0
VLP,2020-06-24,0.04,0.04,0.04,0.04,0
VLP,2020-06-25,0.04,0.04,0.04,0.04,0
VLP,2020-06-26,0.04,0.04,0.04,0.04,0
VLP,2020-06-29,0.04,0.04,0.04,0.04,0
VLP,2020-06-30,0.04,0.04,0.04,0.04,0
VLP,2020-07-01,0.04,0.04,0.04,0.04,0
VLP,2020-07-02,0.04,0.04,0.04,0.04,0
VLP,2020-07-03,0.04,0.04,0.04,0.04,0
VLP,2020-07-06,0.04,0.04,0.04,0.04,0
VLP,2020-07-07,0.04,0.04,0.04,0.04,0
VLP,2020-07-08,0.04,0.04,0.04,0.04,0
VLP,2020-07-09,0.04,0.04,0.04,0.04,0
VLP,2020-07-10,0.04,0.04,0.04,0.04,0
VLP,2020-07-13,0.04,0.04,0.04,0.04,0
VLP,2020-07-14,0.04,0.04,0.04,0.04,0
VLP,2020-07-15,0.04,0.04,0.04,0.04,0
VLP,2020-07-16,0.04,0.04,0.04,0.04,0
VLP,2020-07-17,0.04,0.04,0.04,0.04,0
VLP,2020-07-20,0.04,0.04,0.04,0.04,0
VLP,2020-07-21,0.04,0.04,0.04,0.04,0
VLP,2020-07-22,0.04,0.04,0.04,0.04,0
VLP,2020-07-23,0.04,0.04,0.04,0.04,0
VLP,2020-07-24,0.04,0.04,0.04,0.04,0
VLP,2020-07-27,0.04,0.04,0.04,0.04,0
VLP,2020-07-28,0.04,0.04,0.04,0.04,0
VLP,2020-07-29,0.04,0.04,0.04,0.04,0
VLP,2020-07-30,0.04,0.04,0.04,0.04,0
VLP,2020-07-31,0.04,0.04,0.04,0.04,0
VLP,2020-08-03,0.04,0.04,0.04,0.04,0
VLP,2020-08-04,0.04,0.04,0.04,0.04,0
VLP,2020-08-05,0.04,0.04,0.04,0.04,0
VLP,2020-08-06,0.04,0.04,0.04,0.04,0
VLP,2020-08-07,0.04,0.04,0.04,0.04,0
VLP,2020-08-10,0.04,0.04,0.04,0.04,0
VLP,2020-08-11,0.04,0.04,0.04,0.04,0
VLP,2020-08-12,0.04,0.04,0.04,0.04,0
VLP,2020-08-13,0.04,0.04,0.04,0.04,0
VLP,2020-08-14,0.04,0.04,0.04,0.04,0
VLP,2020-08-17,0.04,0.04,0.04,0.04,0
VLP,2020-08-18,0.04,0.04,0.04,0.04,0
VLP,2020-08-19,0.04,0.04,0.04,0.04,0
VLP,2020-08-20,0.04,0.04,0.04,0.04,0
VLP,2020-08-21,0.04,0.04,0.04,0.04,0
VLP,2020-08-24,0.04,0.04,0.04,0.04,0
VLP,2020-08-25,0.04,0.04,0.04,0.04,0
VLP,2020-08-26,0.04,0.04,0.04,0.04,0
VLP,2020-08-27,0.04,0.04,0.04,0.04,0
VLP,2020-08-28,0.04,0.06,0.06,0.06,0
VLP,2020-08-31,0.04,0.06,0.06,0.06,0
VLP,2020-09-01,0.04,0.06,0.06,0.06,0
VLP,2020-09-03,0.04,0.06,0.06,0.06,0
VLP,2020-09-04,0.04,0.06,0.06,0.06,0
VLP,2020-09-07,0.04,0.06,0.06,0.06,0
VLP,2020-09-08,0.04,0.06,0.06,0.06,0
VLP,2020-09-09,0.04,0.06,0.06,0.06,0
VLP,2020-09-10,0.04,0.06,0.06,0.06,0
VLP,2020-09-11,0.04,0.06,0.06,0.06,0
VLP,2020-09-14,0.04,0.06,0.06,0.06,0
VLP,2020-09-15,0.04,0.06,0.06,0.06,0
VLP,2020-09-16,0.04,0.06,0.06,0.06,0
VLP,2020-09-17,0.04,0.06,0.06,0.06,0
VLP,2020-09-18,0.04,0.06,0.06,0.06,0
VLP,2020-09-21,0.04,0.06,0.06,0.06,0
VLP,2020-09-22,0.04,0.06,0.06,0.06,0
VLP,2020-09-23,0.04,0.06,0.06,0.06,0
VLP,2020-09-24,0.04,0.06,0.06,0.06,0
VLP,2020-09-25,0.04,0.06,0.06,0.06,0
VLP,2020-09-28,0.04,0.06,0.06,0.06,0
VLP,2020-09-29,0.04,0.06,0.06,0.06,0
VLP,2020-09-30,0.04,0.06,0.06,0.06,0
VLP,2020-10-01,0.04,0.06,0.06,0.06,0
VLP,2020-10-02,0.04,0.06,0.06,0.06,0
VLP,2020-10-05,0.04,0.06,0.06,0.06,0
VLP,2020-10-06,0.04,0.06,0.06,0.06,0
VLP,2020-10-07,0.04,0.06,0.06,0.06,0
VLP,2020-10-08,0.04,0.06,0.06,0.06,0
VLP,2020-10-09,0.04,0.06,0.06,0.06,0
VLP,2020-10-12,0.04,0.06,0.06,0.06,0
VLP,2020-10-13,0.04,0.06,0.06,0.06,0
VLP,2020-10-14,0.04,0.06,0.06,0.06,0
VLP,2020-10-15,0.04,0.06,0.06,0.06,0
VLP,2020-10-16,0.04,0.06,0.06,0.06,0
VLP,2020-10-19,0.04,0.06,0.06,0.06,0
VLP,2020-10-20,0.04,0.06,0.06,0.06,0
VLP,2020-10-21,0.04,0.06,0.06,0.06,0
VLP,2020-10-22,0.04,0.06,0.06,0.06,0
VLP,2020-10-23,0.04,0.06,0.06,0.06,0
VLP,2020-10-26,0.04,0.06,0.06,0.06,0
VLP,2020-10-27,0.04,0.06,0.06,0.06,0
VLP,2020-10-28,0.04,0.06,0.06,0.06,0
VLP,2020-10-29,0.04,0.06,0.06,0.06,0
VLP,2020-10-30,0.04,0.06,0.06,0.06,0
VLP,2020-11-02,0.04,0.06,0.06,0.06,0
VLP,2020-11-03,0.04,0.06,0.06,0.06,0
VLP,2020-11-04,0.04,0.06,0.06,0.06,0
VLP,2020-11-05,0.04,0.06,0.06,0.06,0
VLP,2020-11-06,0.04,0.06,0.06,0.06,0
VLP,2020-11-09,0.04,0.06,0.06,0.06,0
VLP,2020-11-10,0.04,0.06,0.06,0.06,0
VLP,2020-11-11,0.04,0.06,0.06,0.06,0
VLP,2020-11-12,0.04,0.06,0.06,0.06,0
VLP,2020-11-13,0.04,0.06,0.06,0.06,0
VLP,2020-11-16,0.04,0.06,0.06,0.06,0
VLP,2020-11-17,0.04,0.06,0.06,0.06,0
VLP,2020-11-18,0.04,0.06,0.06,0.06,0
VLP,2020-11-19,0.04,0.06,0.06,0.06,0
VLP,2020-11-20,0.04,0.06,0.06,0.06,0
VLP,2020-11-23,0.04,0.06,0.06,0.06,0
VLP,2020-11-24,0.04,0.06,0.06,0.06,0
VLP,2020-11-25,0.04,0.06,0.06,0.06,0
VLP,2020-11-26,0.04,0.06,0.06,0.06,0
VLP,2020-11-27,0.04,0.06,0.06,0.06,0
VLP,2020-11-30,0.04,0.06,0.06,0.06,0
VLP,2020-12-01,0.04,0.06,0.06,0.06,0
VLP,2020-12-02,0.04,0.06,0.06,0.06,0
VLP,2020-12-03,0.04,0.06,0.06,0.06,0
VLP,2020-12-04,0.04,0.06,0.06,0.06,0
VLP,2020-12-07,0.04,0.06,0.06,0.06,0
VLP,2020-12-08,0.04,0.06,0.06,0.06,0
VLP,2020-12-09,0.04,0.06,0.06,0.06,0
VLP,2020-12-10,0.04,0.06,0.06,0.06,0
VLP,2020-12-11,0.04,0.06,0.06,0.06,0
VLP,2020-12-14,0.04,0.06,0.06,0.06,0
VLP,2020-12-15,0.04,0.06,0.06,0.06,0
VLP,2020-12-16,0.04,0.06,0.06,0.06,0
VLP,2020-12-17,0.04,0.06,0.06,0.06,0
VLP,2020-12-18,0.04,0.06,0.06,0.06,0
VLP,2020-12-21,0.04,0.06,0.06,0.06,0
VLP,2020-12-22,0.04,0.06,0.06,0.06,0
VLP,2020-12-23,0.04,0.06,0.06,0.06,0
VLP,2020-12-24,0.04,0.06,0.06,0.06,0
VLP,2020-12-25,0.04,0.06,0.06,0.06,0
VLP,2020-12-28,0.04,0.06,0.06,0.06,0
VLP,2020-12-29,0.04,0.06,0.06,0.06,0
VLP,2020-12-30,0.04,0.06,0.06,0.06,0
VLP,2020-12-31,0.04,0.06,0.06,0.06,0
VLP,2021-01-04,0.04,0.06,0.06,0.06,0
VLP,2021-01-05,0.04,0.06,0.06,0.06,0
VLP,2021-01-06,0.04,0.06,0.06,0.06,0
VLP,2021-01-07,0.04,0.04,0.04,0.04,0
VLP,2021-01-08,0.04,0.06,0.06,0.06,0
VLP,2021-01-11,0.04,0.06,0.06,0.06,0
VLP,2021-01-12,0.04,0.06,0.06,0.06,0
VLP,2021-01-13,0.04,0.06,0.06,0.06,0
VLP,2021-01-14,0.04,0.06,0.06,0.06,0
VLP,2021-01-15,0.04,0.06,0.06,0.06,0
VLP,2021-01-18,0.04,0.06,0.06,0.06,0
VLP,2021-01-19,0.04,0.06,0.06,0.06,0
VLP,2021-01-20,0.04,0.06,0.06,0.06,0
VLP,2021-01-21,0.04,0.06,0.06,0.06,0
VLP,2021-01-22,0.04,0.04,0.04,0.04,0
VLP,2021-01-25,0.04,0.06,0.06,0.06,0
VLP,2021-01-26,0.04,0.06,0.06,0.06,0
VLP,2021-01-27,0.04,0.06,0.06,0.06,0
VLP,2021-01-28,0.04,0.06,0.06,0.06,0
VLP,2021-01-29,0.04,0.06,0.06,0.06,0
VLP,2021-02-01,0.04,0.06,0.06,0.06,0
VLP,2021-02-02,0.04,0.06,0.06,0.06,0
VLP,2021-02-03,0.04,0.06,0.06,0.06,0
VLP,2021-02-04,0.04,0.06,0.06,0.06,0
VLP,2021-02-05,0.04,0.06,0.06,0.06,0
VLP,2021-02-08,0.04,0.06,0.06,0.06,0
VLP,2021-02-09,0.04,0.06,0.06,0.06,0
VLP,2021-02-17,0.04,0.04,0.04,0.04,0
VLP,2021-02-18,0.04,0.06,0.06,0.06,0
VLP,2021-02-19,0.04,0.06,0.06,0.06,0
VLP,2021-02-22,0.04,0.06,0.06,0.06,0
VLP,2021-02-23,0.04,0.06,0.06,0.06,0
VLP,2021-02-24,0.04,0.06,0.06,0.06,0
VLP,2021-02-25,0.04,0.06,0.06,0.06,0
VLP,2021-02-26,0.04,0.06,0.06,0.06,0
VLP,2021-03-01,0.04,0.06,0.06,0.06,0
VLP,2021-03-02,0.04,0.06,0.06,0.06,0
VLP,2021-03-03,0.04,0.06,0.06,0.06,0
VLP,2021-03-04,0.04,0.06,0.06,0.06,0
VLP,2021-03-05,0.04,0.06,0.06,0.06,0
VLP,2021-03-08,0.04,0.06,0.06,0.06,0
VLP,2021-03-09,0.04,0.06,0.06,0.06,0
VLP,2021-03-10,0.04,0.06,0.06,0.06,0
VLP,2021-03-11,0.04,0.06,0.06,0.06,0
VLP,2021-03-12,0.04,0.06,0.06,0.06,0
VLP,2021-03-15,0.04,0.06,0.06,0.06,0
VLP,2021-03-16,0.04,0.06,0.06,0.06,0
VLP,2021-03-17,0.04,0.06,0.06,0.06,0
VLP,2021-03-18,0.04,0.06,0.06,0.06,0
VLP,2021-03-19,0.04,0.06,0.06,0.06,0
VLP,2021-03-22,0.04,0.06,0.06,0.06,0
VLP,2021-03-23,0.04,0.06,0.06,0.06,0
VLP,2021-03-24,0.04,0.06,0.06,0.06,0
VLP,2021-03-25,0.04,0.06,0.06,0.06,0
VLP,2021-03-26,0.04,0.06,0.06,0.06,0
VLP,2021-03-29,0.04,0.06,0.06,0.06,0
VLP,2021-03-30,0.04,0.06,0.06,0.06,0
VLP,2021-03-31,0.04,0.06,0.06,0.06,0
VLP,2021-04-01,0.04,0.06,0.06,0.06,0
VLP,2021-04-02,0.04,0.06,0.06,0.06,0
VLP,2021-04-05,0.04,0.06,0.06,0.06,0
VLP,2021-04-06,0.04,0.06,0.06,0.06,0
VLP,2021-04-07,0.04,0.06,0.06,0.06,0
VLP,2021-04-08,0.04,0.06,0.06,0.06,0
VLP,2021-04-09,0.04,0.06,0.06,0.06,0
VLP,2021-04-12,0.04,0.06,0.06,0.06,0
VLP,2021-04-13,0.04,0.06,0.06,0.06,0
VLP,2021-04-14,0.04,0.06,0.06,0.06,0
VLP,2021-04-15,0.04,0.06,0.06,0.06,0
VLP,2021-04-16,0.04,0.06,0.06,0.06,0
VLP,2021-04-19,0.04,0.06,0.06,0.06,0
VLP,2021-04-20,0.04,0.06,0.06,0.06,0
VLP,2021-04-22,0.04,0.06,0.06,0.06,0
VLP,2021-04-23,0.04,0.06,0.06,0.06,0
VLP,2021-04-26,0.04,0.06,0.06,0.06,0
VLP,2021-04-27,0.04,0.06,0.06,0.06,0
VLP,2021-04-28,0.04,0.06,0.06,0.06,0
VLP,2021-04-29,0.04,0.06,0.06,0.06,0
VLP,2021-05-04,0.04,0.06,0.06,0.06,0
VLP,2021-05-05,0.04,0.06,0.06,0.06,0
VLP,2021-05-06,0.04,0.06,0.06,0.06,0
VLP,2021-05-07,0.04,0.06,0.06,0.06,0
VLP,2021-05-10,0.04,0.06,0.06,0.06,0
VLP,2021-05-11,0.04,0.06,0.06,0.06,0
VLP,2021-05-12,0.04,0.06,0.06,0.06,0
VLP,2021-05-13,0.04,0.06,0.06,0.06,0
VLP,2021-05-14,0.04,0.06,0.06,0.06,0
VLP,2021-05-17,0.04,0.06,0.06,0.06,0
VLP,2021-05-18,0.04,0.06,0.06,0.06,0
VLP,2021-05-19,0.04,0.06,0.06,0.06,0
VLP,2021-05-20,0.04,0.06,0.06,0.06,0
VLP,2021-05-21,0.04,0.06,0.06,0.06,0
VLP,2021-05-24,0.04,0.06,0.06,0.06,0
VLP,2021-05-25,0.04,0.06,0.06,0.06,0
VLP,2021-05-26,0.04,0.06,0.06,0.06,0
VLP,2021-05-27,0.04,0.06,0.06,0.06,0
VLP,2021-05-28,0.04,0.06,0.06,0.06,0
VLP,2021-05-31,0.04,0.06,0.06,0.06,0
VLP,2021-06-01,0.04,0.06,0.06,0.06,0
VLP,2021-06-02,0.04,0.06,0.06,0.06,0
VLP,2021-06-03,0.04,0.06,0.06,0.06,0
VLP,2021-06-04,0.04,0.06,0.06,0.06,0
VLP,2021-06-07,0.04,0.06,0.06,0.06,0
VLP,2021-06-08,0.04,0.06,0.06,0.06,0
VLP,2021-06-09,0.04,0.06,0.06,0.06,0
VLP,2021-06-10,0.04,0.06,0.06,0.06,0
VLP,2021-06-11,0.04,0.06,0.06,0.06,0
VLP,2021-06-14,0.04,0.06,0.06,0.06,0
VLP,2021-06-15,0.04,0.06,0.06,0.06,0
VLP,2021-06-16,0.04,0.06,0.06,0.06,0
VLP,2021-06-17,0.04,0.06,0.06,0.06,0
VLP,2021-06-18,0.04,0.06,0.06,0.06,0
VLP,2021-06-21,0.04,0.06,0.06,0.06,0
VLP,2021-06-22,0.04,0.06,0.06,0.06,0
VLP,2021-06-23,0.04,0.06,0.06,0.06,0
VLP,2021-06-24,0.04,0.06,0.06,0.06,0
VLP,2021-06-25,0.04,0.06,0.06,0.06,0
VLP,2021-06-28,0.04,0.06,0.06,0.06,0
VLP,2021-06-29,0.04,0.06,0.06,0.06,0
VLP,2021-06-30,0.04,0.06,0.06,0.06,0
VLP,2021-07-01,0.04,0.06,0.06,0.06,0
VLP,2021-07-02,0.04,0.06,0.06,0.06,0
VLP,2021-07-05,0.04,0.06,0.06,0.06,0
VLP,2021-07-06,0.04,0.06,0.06,0.06,0
VLP,2021-07-07,0.04,0.06,0.06,0.06,0
VLP,2021-07-08,0.04,0.06,0.06,0.06,0
VLP,2021-07-09,0.04,0.06,0.06,0.06,0
VLP,2021-07-12,0.04,0.06,0.06,0.06,0
VLP,2021-07-13,0.04,0.06,0.06,0.06,0
VLP,2021-07-14,0.04,0.06,0.06,0.06,0
VLP,2021-07-15,0.04,0.06,0.06,0.06,0
VLP,2021-07-16,0.04,0.06,0.06,0.06,0
VLP,2021-07-19,0.04,0.06,0.06,0.06,0
VLP,2021-07-20,0.04,0.06,0.06,0.06,0
VLP,2021-07-21,0.04,0.06,0.06,0.06,0
VLP,2021-07-22,0.04,0.06,0.06,0.06,0
VLP,2021-07-23,0.04,0.06,0.06,0.06,0
VLP,2021-07-26,0.04,0.06,0.06,0.06,0
VLP,2021-07-27,0.04,0.06,0.06,0.06,0
VLP,2021-07-28,0.04,0.06,0.06,0.06,0
VLP,2021-07-29,0.04,0.06,0.06,0.06,0
VLP,2021-07-30,0.05,0.05,0.05,0.05,600
VLP,2021-08-02,0.05,0.05,0.05,0.05,0
VLP,2021-08-03,0.05,0.05,0.05,0.05,0
VLP,2021-08-04,0.05,0.05,0.05,0.05,0
VLP,2021-08-05,0.05,0.05,0.05,0.05,0
VLP,2021-08-06,0.05,0.05,0.05,0.05,0
VLP,2021-08-09,0.05,0.05,0.05,0.05,0
VLP,2021-08-10,0.05,0.05,0.05,0.05,0
VLP,2021-08-11,0.05,0.05,0.05,0.05,0
VLP,2021-08-12,0.05,0.05,0.05,0.05,0
VLP,2021-08-13,0.05,0.05,0.05,0.05,0
VLP,2021-08-16,0.05,0.05,0.05,0.05,0
VLP,2021-08-17,0.05,0.05,0.05,0.05,0
VLP,2021-08-18,0.05,0.05,0.05,0.05,0
VLP,2021-08-19,0.05,0.05,0.05,0.05,0
VLP,2021-08-20,0.05,0.05,0.05,0.05,0
VLP,2021-08-23,0.05,0.05,0.05,0.05,0
VLP,2021-08-24,0.05,0.05,0.05,0.05,0
VLP,2021-08-25,0.05,0.05,0.05,0.05,0
VLP,2021-08-26,0.05,0.05,0.05,0.05,0
VLP,2021-08-27,0.05,0.05,0.05,0.05,0
VLP,2021-08-30,0.05,0.05,0.05,0.05,0
VLP,2021-08-31,0.05,0.05,0.05,0.05,0
VLP,2021-09-01,0.05,0.05,0.05,0.05,0
VLP,2021-09-06,0.05,0.05,0.05,0.05,0
VLP,2021-09-07,0.05,0.05,0.05,0.05,0
VLP,2021-09-08,0.05,0.05,0.05,0.05,0
VLP,2021-09-09,0.06,0.06,0.06,0.06,2000
VLP,2021-09-10,0.06,0.06,0.06,0.06,0
VLP,2021-09-13,0.06,0.06,0.06,0.06,0
VLP,2021-09-14,0.06,0.06,0.06,0.06,0
VLP,2021-09-15,0.06,0.06,0.06,0.06,0
VLP,2021-09-16,0.06,0.06,0.06,0.06,0
VLP,2021-09-17,0.06,0.06,0.06,0.06,0
VLP,2021-09-20,0.06,0.06,0.06,0.06,0
VLP,2021-09-21,0.06,0.06,0.06,0.06,0
VLP,2021-09-22,0.06,0.06,0.06,0.06,0
VLP,2021-09-23,0.06,0.06,0.06,0.06,0
VLP,2021-09-24,0.06,0.06,0.06,0.06,0
VLP,2021-09-27,0.06,0.06,0.06,0.06,0
VLP,2021-09-28,0.06,0.06,0.06,0.06,0
VLP,2021-09-29,0.06,0.06,0.06,0.06,0
VLP,2021-09-30,0.06,0.06,0.06,0.06,0
VLP,2021-10-01,0.06,0.06,0.06,0.06,0
VLP,2021-10-04,0.06,0.06,0.06,0.06,0
VLP,2021-10-05,0.06,0.06,0.06,0.06,0
VLP,2021-10-06,0.06,0.06,0.06,0.06,0
VLP,2021-10-07,0.06,0.06,0.06,0.06,0
VLP,2021-10-08,0.06,0.06,0.06,0.06,0
VLP,2021-10-11,0.06,0.06,0.06,0.06,0
VLP,2021-10-12,0.06,0.06,0.06,0.06,0
VLP,2021-10-13,0.06,0.06,0.06,0.06,0
VLP,2021-10-14,0.06,0.06,0.06,0.06,0
VLP,2021-10-15,0.06,0.06,0.06,0.06,0
VLP,2021-10-18,0.06,0.06,0.06,0.06,0
VLP,2021-10-19,0.06,0.06,0.06,0.06,0
VLP,2021-10-20,0.06,0.06,0.06,0.06,0
VLP,2021-10-21,0.06,0.06,0.06,0.06,0
VLP,2021-10-22,0.06,0.06,0.06,0.06,0
VLP,2021-10-25,0.06,0.06,0.06,0.06,0
VLP,2021-10-26,0.06,0.06,0.06,0.06,0
VLP,2021-10-27,0.06,0.06,0.06,0.06,0
VLP,2021-10-28,0.06,0.06,0.06,0.06,0
VLP,2021-10-29,0.06,0.06,0.06,0.06,0
VLP,2021-11-01,0.06,0.06,0.06,0.06,0
VLP,2021-11-02,0.06,0.06,0.06,0.06,0
VLP,2021-11-03,0.06,0.06,0.06,0.06,0
VLP,2021-11-04,0.06,0.06,0.06,0.06,0
VLP,2021-11-05,0.06,0.06,0.06,0.06,0
VLP,2021-11-08,0.06,0.06,0.06,0.06,0
VLP,2021-11-09,0.06,0.06,0.06,0.06,0
VLP,2021-11-10,0.06,0.06,0.06,0.06,0
VLP,2021-11-11,0.06,0.06,0.06,0.06,0
VLP,2021-11-12,0.06,0.06,0.06,0.06,0
VLP,2021-11-15,0.06,0.06,0.06,0.06,0
VLP,2021-11-16,0.06,0.06,0.06,0.06,0
VLP,2021-11-17,0.06,0.06,0.06,0.06,0
VLP,2021-11-18,0.06,0.06,0.06,0.06,0
VLP,2021-11-19,0.06,0.06,0.06,0.06,0
VLP,2021-11-22,0.06,0.06,0.06,0.06,0
VLP,2021-11-23,0.06,0.06,0.06,0.06,0
VLP,2021-11-24,0.06,0.06,0.06,0.06,0
VLP,2021-11-25,0.06,0.06,0.06,0.06,0
VLP,2021-11-26,0.06,0.06,0.06,0.06,0
VLP,2021-11-29,0.06,0.06,0.06,0.06,0
VLP,2021-11-30,0.06,0.06,0.06,0.06,0
VLP,2021-12-01,0.06,0.06,0.06,0.06,0
VLP,2021-12-02,0.06,0.06,0.06,0.06,0
VLP,2021-12-03,0.06,0.06,0.06,0.06,0
VLP,2021-12-06,0.06,0.06,0.06,0.06,0
VLP,2021-12-07,0.06,0.06,0.06,0.06,0
VLP,2021-12-08,0.06,0.06,0.06,0.06,0
VLP,2021-12-09,0.06,0.06,0.06,0.06,0
VLP,2021-12-10,0.06,0.06,0.06,0.06,0
VLP,2021-12-13,0.06,0.06,0.06,0.06,0
VLP,2021-12-14,0.06,0.06,0.06,0.06,0
VLP,2021-12-15,0.06,0.06,0.06,0.06,0
VLP,2021-12-16,0.06,0.06,0.06,0.06,0
VLP,2021-12-17,0.06,0.06,0.06,0.06,0
VLP,2021-12-20,0.06,0.06,0.06,0.06,0
VLP,2021-12-21,0.06,0.06,0.06,0.06,0
VLP,2021-12-22,0.06,0.06,0.06,0.06,0
VLP,2021-12-23,0.06,0.06,0.06,0.06,0
VLP,2021-12-24,0.06,0.06,0.06,0.06,0
VLP,2021-12-27,0.06,0.06,0.06,0.06,0
VLP,2021-12-28,0.06,0.06,0.06,0.06,0
VLP,2021-12-29,0.06,0.06,0.06,0.06,0
VLP,2021-12-30,0.06,0.06,0.06,0.06,0
VLP,2021-12-31,0.06,0.06,0.06,0.06,0
VLP,2022-01-04,0.06,0.06,0.06,0.06,0
VLP,2022-01-05,0.06,0.06,0.06,0.06,0
VLP,2022-01-06,0.06,0.06,0.06,0.06,0
VLP,2022-01-07,0.06,0.06,0.06,0.06,0
VLP,2022-01-10,0.06,0.06,0.06,0.06,0
VLP,2022-01-11,0.06,0.06,0.06,0.06,0
VLP,2022-01-12,0.06,0.06,0.06,0.06,0
VLP,2022-01-13,0.06,0.06,0.06,0.06,0
VLP,2022-01-14,0.06,0.06,0.06,0.06,0
VLP,2022-01-17,0.06,0.06,0.06,0.06,0
VLP,2022-01-18,0.06,0.06,0.06,0.06,0
VLP,2022-01-19,0.06,0.06,0.06,0.06,0
VLP,2022-01-20,0.06,0.06,0.06,0.06,0
VLP,2022-01-21,0.06,0.06,0.06,0.06,0
VLP,2022-01-24,0.06,0.06,0.06,0.06,0
VLP,2022-01-25,0.06,0.06,0.06,0.06,0
VLP,2022-01-26,0.06,0.06,0.06,0.06,0
VLP,2022-01-27,0.06,0.06,0.06,0.06,0
VLP,2022-01-28,0.06,0.06,0.06,0.06,0
VLP,2022-02-07,0.06,0.06,0.06,0.06,0
VLP,2022-02-08,0.06,0.06,0.06,0.06,0
VLP,2022-02-09,0.06,0.06,0.06,0.06,0
VLP,2022-02-10,0.06,0.06,0.06,0.06,0
VLP,2022-02-11,0.06,0.06,0.06,0.06,0
VLP,2022-02-14,0.06,0.06,0.06,0.06,0
VLP,2022-02-15,0.06,0.06,0.06,0.06,0
VLP,2022-02-16,0.06,0.06,0.06,0.06,0
VLP,2022-02-17,0.06,0.06,0.06,0.06,0
VLP,2022-02-18,0.06,0.06,0.06,0.06,0
VLP,2022-02-21,0.06,0.06,0.06,0.06,0
VLP,2022-02-22,0.06,0.06,0.06,0.06,0
VLP,2022-02-23,0.06,0.06,0.06,0.06,0
VLP,2022-02-24,0.06,0.06,0.06,0.06,0
VLP,2022-02-25,0.06,0.06,0.06,0.06,0
VLP,2022-02-28,0.06,0.06,0.06,0.06,0
VLP,2022-03-01,0.06,0.06,0.06,0.06,0
VLP,2022-03-02,0.06,0.06,0.06,0.06,0
VLP,2022-03-03,0.06,0.06,0.06,0.06,0
VLP,2022-03-04,0.06,0.06,0.06,0.06,0
VLP,2022-03-07,0.06,0.06,0.06,0.06,0
VLP,2022-03-08,0.06,0.06,0.06,0.06,0
VLP,2022-03-09,0.06,0.06,0.06,0.06,0
VLP,2022-03-10,0.06,0.06,0.06,0.06,0
VLP,2022-03-11,0.06,0.06,0.06,0.06,0
VLP,2022-03-14,0.06,0.06,0.06,0.06,0
VLP,2022-03-15,0.06,0.06,0.06,0.06,0
VLP,2022-03-16,0.06,0.06,0.06,0.06,0
VLP,2022-03-17,0.06,0.06,0.06,0.06,0
VLP,2022-03-18,0.06,0.06,0.06,0.06,0
VLP,2022-03-21,0.06,0.06,0.06,0.06,0
VLP,2022-03-22,0.06,0.06,0.06,0.06,0
VLP,2022-03-23,0.06,0.06,0.06,0.06,0
VLP,2022-03-24,0.06,0.06,0.06,0.06,0
VLP,2022-03-25,0.06,0.06,0.06,0.06,0
VLP,2022-03-28,0.06,0.06,0.06,0.06,0
VLP,2022-03-29,0.06,0.06,0.06,0.06,0
VLP,2022-03-30,0.06,0.06,0.06,0.06,0
VLP,2022-03-31,0.06,0.06,0.06,0.06,0
VLP,2022-04-01,0.06,0.06,0.06,0.06,0
VLP,2022-04-04,0.06,0.06,0.06,0.06,0
VLP,2022-04-05,0.06,0.06,0.06,0.06,0
VLP,2022-04-06,0.06,0.06,0.06,0.06,0
VLP,2022-04-07,0.06,0.06,0.06,0.06,0
VLP,2022-04-08,0.06,0.06,0.06,0.06,0
VLP,2022-04-12,0.06,0.06,0.06,0.06,0
VLP,2022-04-13,0.06,0.06,0.06,0.06,0
VLP,2022-04-14,0.06,0.06,0.06,0.06,0
VLP,2022-04-15,0.06,0.06,0.06,0.06,0
VLP,2022-04-18,0.06,0.06,0.06,0.06,0
VLP,2022-04-19,0.06,0.06,0.06,0.06,0
VLP,2022-04-20,0.06,0.06,0.06,0.06,0
VLP,2022-04-21,0.06,0.06,0.06,0.06,0
VLP,2022-04-22,0.06,0.06,0.06,0.06,0
VLP,2022-04-25,0.06,0.06,0.06,0.06,0
VLP,2022-04-26,0.06,0.06,0.06,0.06,0
VLP,2022-04-27,0.06,0.06,0.06,0.06,0
VLP,2022-04-28,0.06,0.06,0.06,0.06,0
VLP,2022-04-29,0.06,0.06,0.06,0.06,0
VLP,2022-05-04,0.06,0.06,0.06,0.06,0
VLP,2022-05-05,0.06,0.06,0.06,0.06,0
VLP,2022-05-06,0.06,0.06,0.06,0.06,0
VLP,2022-05-09,0.06,0.06,0.06,0.06,0
VLP,2022-05-10,0.06,0.06,0.06,0.06,0
VLP,2022-05-11,0.06,0.06,0.06,0.06,0
VLP,2022-05-12,0.06,0.06,0.06,0.06,0
VLP,2022-05-13,0.06,0.06,0.06,0.06,0
VLP,2022-05-16,0.06,0.06,0.06,0.06,0
VLP,2022-05-17,0.06,0.06,0.06,0.06,0
VLP,2022-05-18,0.06,0.06,0.06,0.06,0
VLP,2022-05-19,0.06,0.06,0.06,0.06,0
VLP,2022-05-20,0.06,0.06,0.06,0.06,0
VLP,2022-05-23,0.06,0.06,0.06,0.06,0
VLP,2022-05-24,0.06,0.06,0.06,0.06,0
VLP,2022-05-25,0.06,0.06,0.06,0.06,0
VLP,2022-05-26,0.06,0.06,0.06,0.06,0
VLP,2022-05-27,0.06,0.06,0.06,0.06,0
VLP,2022-05-30,0.06,0.06,0.06,0.06,0
VLP,2022-05-31,0.06,0.06,0.06,0.06,0
VLP,2022-06-01,0.06,0.06,0.06,0.06,0
VLP,2022-06-02,0.06,0.06,0.06,0.06,0
VLP,2022-06-03,0.06,0.06,0.06,0.06,0
VLP,2022-06-06,0.06,0.06,0.06,0.06,0
VLP,2022-06-07,0.06,0.06,0.06,0.06,0
VLP,2022-06-08,0.06,0.06,0.06,0.06,0
VLP,2022-06-09,0.06,0.06,0.06,0.06,0
VLP,2022-06-10,0.06,0.06,0.06,0.06,0
VLP,2022-06-13,0.06,0.06,0.06,0.06,0
VLP,2022-06-14,0.06,0.06,0.06,0.06,0
VLP,2022-06-15,0.06,0.06,0.06,0.06,0
VLP,2022-06-16,0.06,0.06,0.06,0.06,0
VLP,2022-06-17,0.06,0.06,0.06,0.06,0
VLP,2022-06-20,0.06,0.06,0.06,0.06,0
VLP,2022-06-21,0.06,0.06,0.06,0.06,0
VLP,2022-06-22,0.06,0.06,0.06,0.06,0
VLP,2022-06-23,0.06,0.06,0.06,0.06,0
VLP,2022-06-24,0.06,0.06,0.06,0.06,0
VLP,2022-06-27,0.06,0.06,0.06,0.06,0
VLP,2022-06-28,0.06,0.06,0.06,0.06,0
VLP,2022-06-29,0.06,0.06,0.06,0.06,0
VLP,2022-06-30,0.06,0.06,0.06,0.06,0
VLP,2022-07-01,0.06,0.06,0.06,0.06,0
VLP,2022-07-04,0.06,0.06,0.06,0.06,0
VLP,2022-07-05,0.06,0.06,0.06,0.06,0
VLP,2022-07-06,0.06,0.06,0.06,0.06,0
VLP,2022-07-07,0.06,0.06,0.06,0.06,0
VLP,2022-07-08,0.06,0.06,0.06,0.06,0
VLP,2022-07-11,0.06,0.06,0.06,0.06,0
VLP,2022-07-12,0.06,0.06,0.06,0.06,0
VLP,2022-07-13,0.06,0.06,0.06,0.06,0
VLP,2022-07-14,0.06,0.06,0.06,0.06,0
VLP,2022-07-15,0.06,0.06,0.06,0.06,0
VLP,2022-07-18,0.06,0.06,0.06,0.06,0
VLP,2022-07-19,0.06,0.06,0.06,0.06,0
VLP,2022-07-20,0.06,0.06,0.06,0.06,0
VLP,2022-07-21,0.06,0.06,0.06,0.06,0
VLP,2022-07-22,0.06,0.06,0.06,0.06,0
VLP,2022-07-25,0.06,0.06,0.06,0.06,0
VLP,2022-07-26,0.06,0.06,0.06,0.06,0
VLP,2022-07-27,0.06,0.06,0.06,0.06,0
VLP,2022-07-28,0.06,0.06,0.06,0.06,0
VLP,2022-07-29,0.06,0.06,0.06,0.06,0
VLP,2022-08-01,0.06,0.06,0.06,0.06,0
VLP,2022-08-02,0.06,0.06,0.06,0.06,0
VLP,2022-08-03,0.06,0.06,0.06,0.06,0
VLP,2022-08-04,0.06,0.06,0.06,0.06,0
VLP,2022-08-05,0.06,0.06,0.06,0.06,0
VLP,2022-08-08,0.06,0.06,0.06,0.06,0
VLP,2022-08-09,0.06,0.06,0.06,0.06,0
VLP,2022-08-10,0.06,0.06,0.06,0.06,0
VLP,2022-08-11,0.06,0.06,0.06,0.06,0
VLP,2022-08-12,0.06,0.06,0.06,0.06,0
VLP,2022-08-15,0.06,0.06,0.06,0.06,0
VLP,2022-08-16,0.06,0.06,0.06,0.06,0
VLP,2022-08-17,0.06,0.06,0.06,0.06,0
VLP,2022-08-18,0.06,0.06,0.06,0.06,0
VLP,2022-08-19,0.06,0.06,0.06,0.06,0
VLP,2022-08-22,0.06,0.06,0.06,0.06,0
VLP,2022-08-23,0.06,0.06,0.06,0.06,0
VLP,2022-08-24,0.06,0.06,0.06,0.06,0
VLP,2022-08-25,0.06,0.06,0.06,0.06,0
VLP,2022-08-26,0.06,0.06,0.06,0.06,0
VLP,2022-08-29,0.06,0.06,0.06,0.06,0
VLP,2022-08-30,0.06,0.06,0.06,0.06,0
VLP,2022-08-31,0.06,0.06,0.06,0.06,0
VLP,2022-09-05,0.06,0.06,0.06,0.06,0
VLP,2022-09-06,0.06,0.06,0.06,0.06,0
VLP,2022-09-07,0.06,0.06,0.06,0.06,0
VLP,2022-09-08,0.06,0.06,0.06,0.06,0
VLP,2022-09-09,0.06,0.06,0.06,0.06,0
VLP,2022-09-12,0.06,0.06,0.06,0.06,0
VLP,2022-09-13,0.06,0.06,0.06,0.06,0
VLP,2022-09-14,0.06,0.06,0.06,0.06,0
VLP,2022-09-15,0.06,0.06,0.06,0.06,0
VLP,2022-09-16,0.06,0.06,0.06,0.06,0
VLP,2022-09-19,0.06,0.06,0.06,0.06,0
VLP,2022-09-20,0.06,0.06,0.06,0.06,0
VLP,2022-09-21,0.06,0.06,0.06,0.06,0
VLP,2022-09-22,0.06,0.06,0.06,0.06,0
VLP,2022-09-23,0.06,0.06,0.06,0.06,0
VLP,2022-09-26,0.06,0.06,0.06,0.06,0
VLP,2022-09-27,0.06,0.06,0.06,0.06,0
VLP,2022-09-28,0.06,0.06,0.06,0.06,0
VLP,2022-09-29,0.06,0.06,0.06,0.06,0
VLP,2022-09-30,0.06,0.06,0.06,0.06,0
VLP,2022-10-03,0.06,0.06,0.06,0.06,0
VLP,2022-10-04,0.06,0.06,0.06,0.06,0
VLP,2022-10-05,0.06,0.06,0.06,0.06,0
VLP,2022-10-06,0.06,0.06,0.06,0.06,0
VLP,2022-10-07,0.06,0.06,0.06,0.06,0
VLP,2022-10-10,0.06,0.06,0.06,0.06,0
VLP,2022-10-11,0.06,0.06,0.06,0.06,0
VLP,2022-10-12,0.06,0.06,0.06,0.06,0
VLP,2022-10-13,0.06,0.06,0.06,0.06,0
VLP,2022-10-14,0.06,0.06,0.06,0.06,0
VLP,2022-10-17,0.06,0.06,0.06,0.06,0
VLP,2022-10-18,0.06,0.06,0.06,0.06,0
VLP,2022-10-19,0.06,0.06,0.06,0.06,0
VLP,2022-10-20,0.06,0.06,0.06,0.06,0
VLP,2022-10-21,0.06,0.06,0.06,0.06,0
VLP,2022-10-24,0.06,0.06,0.06,0.06,0
VLP,2022-10-25,0.06,0.06,0.06,0.06,0
VLP,2022-10-26,0.06,0.06,0.06,0.06,0
VLP,2022-10-27,0.06,0.06,0.06,0.06,0
VLP,2022-10-28,0.06,0.06,0.06,0.06,0
VLP,2022-10-31,0.06,0.06,0.06,0.06,0
VLP,2022-11-01,0.06,0.06,0.06,0.06,0
VLP,2022-11-02,0.06,0.06,0.06,0.06,0
VLP,2022-11-03,0.06,0.06,0.06,0.06,0
VLP,2022-11-04,0.06,0.06,0.06,0.06,0
VLP,2022-11-07,0.06,0.06,0.06,0.06,0
VLP,2022-11-08,0.06,0.06,0.06,0.06,0
VLP,2022-11-09,0.06,0.06,0.06,0.06,0
VLP,2022-11-10,0.06,0.06,0.06,0.06,0
VLP,2022-11-11,0.06,0.06,0.06,0.06,0
VLP,2022-11-14,0.06,0.06,0.06,0.06,0
VLP,2022-11-15,0.06,0.06,0.06,0.06,0
VLP,2022-11-16,0.06,0.06,0.06,0.06,0
VLP,2022-11-17,0.06,0.06,0.06,0.06,0
VLP,2022-11-18,0.06,0.06,0.06,0.06,0
VLP,2022-11-21,0.06,0.06,0.06,0.06,0
VLP,2022-11-22,0.06,0.06,0.06,0.06,0
VLP,2022-11-23,0.06,0.06,0.06,0.06,0
VLP,2022-11-24,0.06,0.06,0.06,0.06,0
VLP,2022-11-25,0.06,0.06,0.06,0.06,0
VLP,2022-11-28,0.06,0.06,0.06,0.06,0
VLP,2022-11-29,0.06,0.06,0.06,0.06,0
VLP,2022-11-30,0.06,0.06,0.06,0.06,0
VLP,2022-12-01,0.06,0.06,0.06,0.06,0
VLP,2022-12-02,0.06,0.06,0.06,0.06,0
VLP,2022-12-05,0.06,0.06,0.06,0.06,0
VLP,2022-12-06,0.06,0.06,0.06,0.06,0
VLP,2022-12-07,0.06,0.06,0.06,0.06,0
VLP,2022-12-08,0.06,0.06,0.06,0.06,0
VLP,2022-12-09,0.06,0.06,0.06,0.06,0
VLP,2022-12-12,0.06,0.06,0.06,0.06,0
VLP,2022-12-13,0.06,0.06,0.06,0.06,0
VLP,2022-12-14,0.06,0.06,0.06,0.06,0
VLP,2022-12-15,0.06,0.06,0.06,0.06,0
VLP,2022-12-16,0.06,0.06,0.06,0.06,0
VLP,2022-12-19,0.06,0.06,0.06,0.06,0
VLP,2022-12-20,0.06,0.06,0.06,0.06,0
VLP,2022-12-21,0.06,0.06,0.06,0.06,0
VLP,2022-12-22,0.06,0.06,0.06,0.06,0
VLP,2022-12-23,0.06,0.06,0.06,0.06,0
VLP,2022-12-26,0.06,0.06,0.06,0.06,0
VLP,2022-12-27,0.06,0.06,0.06,0.06,0
VLP,2022-12-28,0.06,0.06,0.06,0.06,0
VLP,2022-12-29,0.06,0.06,0.06,0.06,0
VLP,2022-12-30,0.06,0.06,0.06,0.06,0
VLP,2023-01-03,0.06,0.06,0.06,0.06,0
VLP,2023-01-04,0.06,0.06,0.06,0.06,0
VLP,2023-01-05,0.06,0.06,0.06,0.06,0
VLP,2023-01-06,0.06,0.06,0.06,0.06,0
VLP,2023-01-09,0.06,0.06,0.06,0.06,0
VLP,2023-01-10,0.06,0.06,0.06,0.06,0
VLP,2023-01-11,0.06,0.06,0.06,0.06,0
VLP,2023-01-12,0.06,0.06,0.06,0.06,0
VLP,2023-01-13,0.06,0.06,0.06,0.06,0
VLP,2023-01-16,0.06,0.06,0.06,0.06,0
VLP,2023-01-17,0.06,0.06,0.06,0.06,0
VLP,2023-01-18,0.06,0.06,0.06,0.06,0
VLP,2023-01-19,0.06,0.06,0.06,0.06,0
VLP,2023-01-27,0.06,0.06,0.06,0.06,0
VLP,2023-01-30,0.06,0.06,0.06,0.06,0
VLP,2023-01-31,0.06,0.06,0.06,0.06,0
VLP,2023-02-01,0.06,0.06,0.06,0.06,0
VLP,2023-02-02,0.06,0.06,0.06,0.06,0
VLP,2023-02-03,0.06,0.06,0.06,0.06,0
VLP,2023-02-06,0.06,0.06,0.06,0.06,0
VLP,2023-02-07,0.06,0.06,0.06,0.06,0
VLP,2023-02-08,0.06,0.06,0.06,0.06,0
VLP,2023-02-09,0.06,0.06,0.06,0.06,0
VLP,2023-02-10,0.06,0.06,0.06,0.06,0
VLP,2023-02-13,0.06,0.06,0.06,0.06,0
VLP,2023-02-14,0.06,0.06,0.06,0.06,0
VLP,2023-02-15,0.06,0.06,0.06,0.06,0
VLP,2023-02-16,0.06,0.06,0.06,0.06,0
VLP,2023-02-17,0.06,0.06,0.06,0.06,0
VLP,2023-02-20,0.06,0.06,0.06,0.06,0
VLP,2023-02-21,0.06,0.06,0.06,0.06,0
VLP,2023-02-22,0.06,0.06,0.06,0.06,0
VLP,2023-02-23,0.06,0.06,0.06,0.06,0
VLP,2023-02-24,0.06,0.06,0.06,0.06,0
VLP,2023-02-27,0.06,0.06,0.06,0.06,0
VLP,2023-02-28,0.06,0.06,0.06,0.06,0
VLP,2023-03-01,0.06,0.06,0.06,0.06,0
VLP,2023-03-02,0.06,0.06,0.06,0.06,0
VLP,2023-03-03,0.06,0.06,0.06,0.06,0
VLP,2023-03-06,0.06,0.06,0.06,0.06,0
VLP,2023-03-07,0.06,0.06,0.06,0.06,0
VLP,2023-03-08,0.06,0.06,0.06,0.06,0
VLP,2023-03-09,0.06,0.06,0.06,0.06,0
VLP,2023-03-10,0.06,0.06,0.06,0.06,0
VLP,2023-03-13,0.06,0.06,0.06,0.06,0
VLP,2023-03-14,0.06,0.06,0.06,0.06,0
VLP,2023-03-15,0.06,0.06,0.06,0.06,0
VLP,2023-03-16,0.06,0.06,0.06,0.06,0
VLP,2023-03-17,0.06,0.06,0.06,0.06,0
VLP,2023-03-20,0.06,0.06,0.06,0.06,0
VLP,2023-03-21,0.06,0.06,0.06,0.06,0
VLP,2023-03-22,0.06,0.06,0.06,0.06,0
VLP,2023-03-23,0.06,0.06,0.06,0.06,0
VLP,2023-03-24,0.06,0.06,0.06,0.06,0
VLP,2023-03-27,0.06,0.06,0.06,0.06,0
VLP,2023-03-28,0.06,0.06,0.06,0.06,0
VLP,2023-03-29,0.06,0.06,0.06,0.06,0
VLP,2023-03-30,0.06,0.06,0.06,0.06,0
VLP,2023-03-31,0.06,0.06,0.06,0.06,0
VLP,2023-04-03,0.06,0.06,0.06,0.06,0
VLP,2023-04-04,0.06,0.06,0.06,0.06,0
VLP,2023-04-05,0.06,0.06,0.06,0.06,0
VLP,2023-04-06,0.06,0.06,0.06,0.06,0
VLP,2023-04-07,0.06,0.06,0.06,0.06,0
VLP,2023-04-10,0.06,0.06,0.06,0.06,0
VLP,2023-04-11,0.06,0.06,0.06,0.06,0
VLP,2023-04-12,0.06,0.06,0.06,0.06,0
VLP,2023-04-13,0.06,0.06,0.06,0.06,0
VLP,2023-04-14,0.06,0.06,0.06,0.06,0
VLP,2023-04-17,0.06,0.06,0.06,0.06,0
VLP,2023-04-18,0.06,0.06,0.06,0.06,0
VLP,2023-04-19,0.06,0.06,0.06,0.06,0
VLP,2023-04-20,0.06,0.06,0.06,0.06,0
VLP,2023-04-21,0.06,0.06,0.06,0.06,0
VLP,2023-04-24,0.06,0.06,0.06,0.06,0
VLP,2023-04-25,0.06,0.06,0.06,0.06,0
VLP,2023-04-26,0.06,0.06,0.06,0.06,0
VLP,2023-04-27,0.06,0.06,0.06,0.06,0
VLP,2023-04-28,0.06,0.06,0.06,0.06,0
VLP,2023-05-04,0.06,0.06,0.06,0.06,0
VLP,2023-05-05,0.06,0.06,0.06,0.06,0
VLP,2023-05-08,0.06,0.06,0.06,0.06,0
VLP,2023-05-09,0.06,0.06,0.06,0.06,0
VLP,2023-05-10,0.06,0.06,0.06,0.06,0
VLP,2023-05-11,0.06,0.06,0.06,0.06,0
VLP,2023-05-12,0.06,0.06,0.06,0.06,0
VLP,2023-05-15,0.06,0.06,0.06,0.06,0
VLP,2023-05-16,0.06,0.06,0.06,0.06,0
VLP,2023-05-17,0.06,0.06,0.06,0.06,0
VLP,2023-05-18,0.06,0.06,0.06,0.06,0
VLP,2023-05-19,0.06,0.06,0.06,0.06,0
VLP,2023-05-22,0.06,0.06,0.06,0.06,0
VLP,2023-05-23,0.06,0.06,0.06,0.06,0
VLP,2023-05-24,0.06,0.06,0.06,0.06,0
VLP,2023-05-25,0.06,0.06,0.06,0.06,0
VLP,2023-05-26,0.06,0.06,0.06,0.06,0
VLP,2023-05-29,0.06,0.06,0.06,0.06,0
VLP,2023-05-30,0.06,0.06,0.06,0.06,0
VLP,2023-05-31,0.06,0.06,0.06,0.06,0
VLP,2023-06-01,0.06,0.06,0.06,0.06,0
VLP,2023-06-02,0.06,0.06,0.06,0.06,0
VLP,2023-06-05,0.06,0.06,0.06,0.06,0
VLP,2023-06-06,0.06,0.06,0.06,0.06,0
VLP,2023-06-07,0.06,0.06,0.06,0.06,0
VLP,2023-06-08,0.06,0.06,0.06,0.06,0
VLP,2023-06-09,0.06,0.06,0.06,0.06,0
VLP,2023-06-12,0.06,0.06,0.06,0.06,0
VLP,2023-06-13,0.06,0.06,0.06,0.06,0
VLP,2023-06-14,0.06,0.06,0.06,0.06,0
VLP,2023-06-15,0.06,0.06,0.06,0.06,0
VLP,2023-06-16,0.06,0.06,0.06,0.06,0
VLP,2023-06-19,0.06,0.06,0.06,0.06,0
VLP,2023-06-20,0.06,0.06,0.06,0.06,0
VLP,2023-06-21,0.06,0.06,0.06,0.06,0
VLP,2023-06-22,0.06,0.06,0.06,0.06,0
VLP,2023-06-23,0.06,0.06,0.06,0.06,0
VLP,2023-06-26,0.06,0.06,0.06,0.06,0
VLP,2023-06-27,0.06,0.06,0.06,0.06,0
VLP,2023-06-28,0.06,0.06,0.06,0.06,0
VLP,2023-06-29,0.06,0.06,0.06,0.06,0
VLP,2023-06-30,0.06,0.06,0.06,0.06,0
VLP,2023-07-03,0.06,0.06,0.06,0.06,0
VLP,2023-07-04,0.06,0.06,0.06,0.06,0
VLP,2023-07-05,0.06,0.06,0.06,0.06,0
VLP,2023-07-06,0.06,0.06,0.06,0.06,0
VLP,2023-07-07,0.06,0.06,0.06,0.06,0
VLP,2023-07-10,0.06,0.06,0.06,0.06,0
VLP,2023-07-11,0.06,0.06,0.06,0.06,0
VLP,2023-07-12,0.06,0.06,0.06,0.06,0
VLP,2023-07-13,0.06,0.06,0.06,0.06,0
VLP,2023-07-14,0.06,0.06,0.06,0.06,0
VLP,2023-07-17,0.06,0.06,0.06,0.06,0
VLP,2023-07-18,0.06,0.06,0.06,0.06,0
VLP,2023-07-19,0.06,0.06,0.06,0.06,0
VLP,2023-07-20,0.06,0.06,0.06,0.06,0
VLP,2023-07-21,0.06,0.06,0.06,0.06,0
VLP,2023-07-24,0.06,0.06,0.06,0.06,0
VLP,2023-07-25,0.06,0.06,0.06,0.06,0
VLP,2023-07-26,0.06,0.06,0.06,0.06,0
VLP,2023-07-27,0.06,0.06,0.06,0.06,0
VLP,2023-07-28,0.06,0.06,0.06,0.06,0
VLP,2023-07-31,0.06,0.06,0.06,0.06,0
VLP,2023-08-01,0.06,0.06,0.06,0.06,0
VLP,2023-08-02,0.06,0.06,0.06,0.06,0
VLP,2023-08-03,0.06,0.06,0.06,0.06,0
VLP,2023-08-04,0.06,0.06,0.06,0.06,0
VLP,2023-08-07,0.06,0.06,0.06,0.06,0
VLP,2023-08-08,0.06,0.06,0.06,0.06,0
VLP,2023-08-09,0.06,0.06,0.06,0.06,0
VLP,2023-08-10,0.06,0.06,0.06,0.06,0
VLP,2023-08-11,0.06,0.06,0.06,0.06,0
VLP,2023-08-14,0.06,0.06,0.06,0.06,0
VLP,2023-08-15,0.06,0.06,0.06,0.06,0
VLP,2023-08-16,0.06,0.06,0.06,0.06,0
VLP,2023-08-17,0.06,0.06,0.06,0.06,0
VLP,2023-08-18,0.06,0.06,0.06,0.06,0
VLP,2023-08-21,0.06,0.06,0.06,0.06,0
VLP,2023-08-22,0.06,0.06,0.06,0.06,0
VLP,2023-08-23,0.06,0.06,0.06,0.06,0
VLP,2023-08-24,0.06,0.06,0.06,0.06,0
VLP,2023-08-25,0.06,0.06,0.06,0.06,0
VLP,2023-08-28,0.06,0.06,0.06,0.06,0
VLP,2023-08-29,0.06,0.06,0.06,0.06,0
VLP,2023-08-30,0.06,0.06,0.06,0.06,0
VLP,2023-08-31,0.06,0.06,0.06,0.06,0
VLP,2023-09-05,0.06,0.06,0.06,0.06,0
VLP,2023-09-06,0.06,0.06,0.06,0.06,0
VLP,2023-09-07,0.06,0.06,0.06,0.06,0
VLP,2023-09-08,0.06,0.06,0.06,0.06,0
VLP,2023-09-11,0.06,0.06,0.06,0.06,0
VLP,2023-09-12,0.06,0.06,0.06,0.06,0
VLP,2023-09-13,0.06,0.06,0.06,0.06,0
VLP,2023-09-14,0.06,0.06,0.06,0.06,0
VLP,2023-09-15,0.06,0.06,0.06,0.06,0
VLP,2023-09-18,0.06,0.06,0.06,0.06,0
VLP,2023-09-19,0.06,0.06,0.06,0.06,0
VLP,2023-09-20,0.06,0.06,0.06,0.06,0
VLP,2023-09-21,0.06,0.06,0.06,0.06,0
VLP,2023-09-22,0.06,0.06,0.06,0.06,0
VLP,2023-09-25,0.06,0.06,0.06,0.06,0
VLP,2023-09-26,0.06,0.06,0.06,0.06,0
VLP,2023-09-27,0.06,0.06,0.06,0.06,0
VLP,2023-09-28,0.06,0.06,0.06,0.06,0
VLP,2023-09-29,0.06,0.06,0.06,0.06,0
VLP,2023-10-02,0.06,0.06,0.06,0.06,0
VLP,2023-10-03,0.06,0.06,0.06,0.06,0
VLP,2023-10-04,0.06,0.06,0.06,0.06,0
VLP,2023-10-05,0.06,0.06,0.06,0.06,0
VLP,2023-10-06,0.06,0.06,0.06,0.06,0
VLP,2023-10-09,0.06,0.06,0.06,0.06,0
VLP,2023-10-10,0.06,0.06,0.06,0.06,0
VLP,2023-10-11,0.06,0.06,0.06,0.06,0
VLP,2023-10-12,0.06,0.06,0.06,0.06,0
VLP,2023-10-13,0.06,0.06,0.06,0.06,0
VLP,2023-10-16,0.06,0.06,0.06,0.06,0
VLP,2023-10-17,0.06,0.06,0.06,0.06,0
VLP,2023-10-18,0.06,0.06,0.06,0.06,0
VLP,2023-10-19,0.06,0.06,0.06,0.06,0
VLP,2023-10-20,0.06,0.06,0.06,0.06,0
VLP,2023-10-23,0.06,0.06,0.06,0.06,0
VLP,2023-10-24,0.06,0.06,0.06,0.06,0
VLP,2023-10-25,0.06,0.06,0.06,0.06,0
VLP,2023-10-26,0.06,0.06,0.06,0.06,0
VLP,2023-10-27,0.06,0.06,0.06,0.06,0
VLP,2023-10-30,0.06,0.06,0.06,0.06,0
VLP,2023-10-31,0.06,0.06,0.06,0.06,0
VLP,2023-11-01,0.06,0.06,0.06,0.06,0
VLP,2023-11-02,0.06,0.06,0.06,0.06,0
VLP,2023-11-03,0.06,0.06,0.06,0.06,0
VLP,2023-11-06,0.06,0.06,0.06,0.06,0
VLP,2023-11-07,0.06,0.06,0.06,0.06,0
VLP,2023-11-08,0.06,0.06,0.06,0.06,0
VLP,2023-11-09,0.06,0.06,0.06,0.06,0
VLP,2023-11-10,0.06,0.06,0.06,0.06,0
VLP,2023-11-13,0.06,0.06,0.06,0.06,0
VLP,2023-11-14,0.06,0.06,0.06,0.06,0
VLP,2023-11-15,0.06,0.06,0.06,0.06,0
VLP,2023-11-16,0.06,0.06,0.06,0.06,0
VLP,2023-11-17,0.06,0.06,0.06,0.06,0
VLP,2023-11-20,0.06,0.06,0.06,0.06,0
VLP,2023-11-21,0.06,0.06,0.06,0.06,0
VLP,2023-11-22,0.06,0.06,0.06,0.06,0
VLP,2023-11-23,0.06,0.06,0.06,0.06,0
VLP,2023-11-24,0.06,0.06,0.06,0.06,0
VLP,2023-11-27,0.06,0.06,0.06,0.06,0
VLP,2023-11-28,0.06,0.06,0.06,0.06,0
VLP,2023-11-29,0.06,0.06,0.06,0.06,0
VLP,2023-11-30,0.06,0.06,0.06,0.06,0
VLP,2023-12-01,0.06,0.06,0.06,0.06,0
VLP,2023-12-04,0.06,0.06,0.06,0.06,0
VLP,2023-12-05,0.06,0.06,0.06,0.06,0
VLP,2023-12-06,0.06,0.06,0.06,0.06,0
VLP,2023-12-07,0.06,0.06,0.06,0.06,0
VLP,2023-12-08,0.06,0.06,0.06,0.06,0
VLP,2023-12-11,0.06,0.06,0.06,0.06,0
VLP,2023-12-12,0.06,0.06,0.06,0.06,0
VLP,2023-12-13,0.06,0.06,0.06,0.06,0
VLP,2023-12-14,0.06,0.06,0.06,0.06,0
VLP,2023-12-15,0.06,0.06,0.06,0.06,0
VLP,2023-12-18,0.06,0.06,0.06,0.06,0
VLP,2023-12-19,0.06,0.06,0.06,0.06,0
VLP,2023-12-20,0.06,0.06,0.06,0.06,0
VLP,2023-12-21,0.06,0.06,0.06,0.06,0
VLP,2023-12-22,0.06,0.06,0.06,0.06,0
VLP,2023-12-25,0.06,0.06,0.06,0.06,0
VLP,2023-12-26,0.06,0.06,0.06,0.06,0
VLP,2023-12-27,0.06,0.06,0.06,0.06,0
VLP,2023-12-28,0.06,0.06,0.06,0.06,0
VLP,2023-12-29,0.06,0.06,0.06,0.06,0
VLP,2024-01-02,0.06,0.06,0.06,0.06,0
VLP,2024-01-03,0.06,0.06,0.06,0.06,0
VLP,2024-01-04,0.06,0.06,0.06,0.06,0
VLP,2024-01-05,0.06,0.06,0.06,0.06,0
VLP,2024-01-08,0.06,0.06,0.06,0.06,0
VLP,2024-01-09,0.06,0.06,0.06,0.06,0
VLP,2024-01-10,0.06,0.06,0.06,0.06,0
VLP,2024-01-11,0.06,0.06,0.06,0.06,0
VLP,2024-01-12,0.06,0.06,0.06,0.06,0
VLP,2024-01-15,0.06,0.06,0.06,0.06,0
VLP,2024-01-16,0.06,0.06,0.06,0.06,0
VLP,2024-01-17,0.06,0.06,0.06,0.06,0
VLP,2024-01-18,0.06,0.06,0.06,0.06,0
VLP,2024-01-19,0.06,0.06,0.06,0.06,0
VLP,2024-01-22,0.06,0.06,0.06,0.06,0
VLP,2024-01-23,0.06,0.06,0.06,0.06,0
VLP,2024-01-24,0.06,0.06,0.06,0.06,0
VLP,2024-01-25,0.06,0.06,0.06,0.06,0
VLP,2024-01-26,0.06,0.06,0.06,0.06,0
VLP,2024-01-29,0.06,0.06,0.06,0.06,0
VLP,2024-01-30,0.06,0.06,0.06,0.06,0
VLP,2024-01-31,0.06,0.06,0.06,0.06,0
VLP,2024-02-01,0.06,0.06,0.06,0.06,0
VLP,2024-02-02,0.06,0.06,0.06,0.06,0
VLP,2024-02-05,0.06,0.06,0.06,0.06,0
VLP,2024-02-06,0.06,0.06,0.06,0.06,0
VLP,2024-02-07,0.06,0.06,0.06,0.06,0
VLP,2024-02-15,0.06,0.06,0.06,0.06,0
VLP,2024-02-16,0.06,0.06,0.06,0.06,0
VLP,2024-02-19,0.06,0.06,0.06,0.06,0
VLP,2024-02-20,0.06,0.06,0.06,0.06,0
VLP,2024-02-21,0.06,0.06,0.06,0.06,0
VLP,2024-02-22,0.06,0.06,0.06,0.06,0
VLP,2024-02-23,0.06,0.06,0.06,0.06,0
VLP,2024-02-26,0.06,0.06,0.06,0.06,0
VLP,2024-02-27,0.06,0.06,0.06,0.06,0
VLP,2024-02-28,0.06,0.06,0.06,0.06,0
VLP,2024-02-29,0.06,0.06,0.06,0.06,0
VLP,2024-03-01,0.06,0.06,0.06,0.06,0
VLP,2024-03-04,0.06,0.06,0.06,0.06,0
VLP,2024-03-05,0.06,0.06,0.06,0.06,0
VLP,2024-03-06,0.06,0.06,0.06,0.06,0
VLP,2024-03-07,0.06,0.06,0.06,0.06,0
VLP,2024-03-08,0.06,0.06,0.06,0.06,0
VLP,2024-03-11,0.06,0.06,0.06,0.06,0
VLP,2024-03-12,0.06,0.06,0.06,0.06,0
VLP,2024-03-13,0.06,0.06,0.06,0.06,0
VLP,2024-03-14,0.06,0.06,0.06,0.06,0
VLP,2024-03-15,0.06,0.06,0.06,0.06,0
VLP,2024-03-18,0.06,0.06,0.06,0.06,0
VLP,2024-03-19,0.06,0.06,0.06,0.06,0
VLP,2024-03-20,0.06,0.06,0.06,0.06,0
VLP,2024-03-21,0.06,0.06,0.06,0.06,0
VLP,2024-03-22,0.06,0.06,0.06,0.06,0
VLP,2024-03-25,0.06,0.06,0.06,0.06,0
VLP,2024-03-26,0.06,0.06,0.06,0.06,0
VLP,2024-03-27,0.06,0.06,0.06,0.06,0
VLP,2024-03-28,0.06,0.06,0.06,0.06,0
VLP,2024-03-29,0.06,0.06,0.06,0.06,0
VLP,2024-04-01,0.06,0.06,0.06,0.06,0
VLP,2024-04-02,0.06,0.06,0.06,0.06,0
VLP,2024-04-03,0.06,0.06,0.06,0.06,0
VLP,2024-04-04,0.06,0.06,0.06,0.06,0
VLP,2024-04-05,0.06,0.06,0.06,0.06,0
VLP,2024-04-08,0.06,0.06,0.06,0.06,0
VLP,2024-04-09,0.06,0.06,0.06,0.06,0
VLP,2024-04-10,0.06,0.06,0.06,0.06,0
VLP,2024-04-11,0.06,0.06,0.06,0.06,0
VLP,2024-04-12,0.06,0.06,0.06,0.06,0
VLP,2024-04-15,0.06,0.06,0.06,0.06,0
VLP,2024-04-16,0.06,0.06,0.06,0.06,0
VLP,2024-04-17,0.06,0.06,0.06,0.06,0
VLP,2024-04-19,0.06,0.06,0.06,0.06,0
VLP,2024-04-22,0.06,0.06,0.06,0.06,0
VLP,2024-04-23,0.06,0.06,0.06,0.06,0
VLP,2024-04-24,0.06,0.06,0.06,0.06,0
VLP,2024-04-25,0.06,0.06,0.06,0.06,0
VLP,2024-04-26,0.06,0.06,0.06,0.06,0
VLP,2024-05-02,0.06,0.06,0.06,0.06,0
VLP,2024-05-03,0.06,0.06,0.06,0.06,0
VLP,2024-05-06,0.06,0.06,0.06,0.06,0
VLP,2024-05-07,0.06,0.06,0.06,0.06,0
VLP,2024-05-08,0.06,0.06,0.06,0.06,0
VLP,2024-05-09,0.06,0.06,0.06,0.06,0
VLP,2024-05-10,0.06,0.06,0.06,0.06,0
VLP,2024-05-13,0.06,0.06,0.06,0.06,0
VLP,2024-05-14,0.06,0.06,0.06,0.06,0
VLP,2024-05-15,0.13,0.13,0.13,0.13,600
VLP,2024-05-16,0.13,0.13,0.13,0.13,0
VLP,2024-05-17,0.13,0.13,0.13,0.13,0
VLP,2024-05-20,0.13,0.13,0.13,0.13,0
VLP,2024-05-21,0.13,0.13,0.13,0.13,0
VLP,2024-05-22,0.13,0.13,0.13,0.13,0
VLP,2024-05-23,0.13,0.13,0.13,0.13,0
VLP,2024-05-24,0.13,0.13,0.13,0.13,0
VLP,2024-05-27,0.13,0.13,0.13,0.13,0
VLP,2024-05-28,0.13,0.13,0.13,0.13,0
VLP,2024-05-29,0.13,0.13,0.13,0.13,0
VLP,2024-05-30,0.13,0.13,0.13,0.13,0
VLP,2024-05-31,0.13,0.13,0.13,0.13,0
VLP,2024-06-03,0.13,0.13,0.13,0.13,0
VLP,2024-06-04,0.13,0.13,0.13,0.13,0
VLP,2024-06-05,0.13,0.13,0.13,0.13,0
VLP,2024-06-06,0.13,0.13,0.13,0.13,0
VLP,2024-06-07,0.13,0.13,0.13,0.13,0
VLP,2024-06-10,0.13,0.13,0.13,0.13,0
VLP,2024-06-11,0.13,0.13,0.13,0.13,0
VLP,2024-06-12,0.13,0.13,0.13,0.13,0
VLP,2024-06-13,0.13,0.13,0.13,0.13,0
VLP,2024-06-14,0.13,0.13,0.13,0.13,0
VLP,2024-06-17,0.13,0.13,0.13,0.13,0
VLP,2024-06-18,0.13,0.13,0.13,0.13,0
VLP,2024-06-19,0.13,0.13,0.13,0.13,0
VLP,2024-06-20,0.19,0.19,0.19,0.19,100
VLP,2024-06-21,0.19,0.19,0.19,0.19,0
VLP,2024-06-24,0.19,0.19,0.19,0.19,0
VLP,2024-06-25,0.19,0.19,0.19,0.19,0
VLP,2024-06-26,0.19,0.19,0.19,0.19,0
VLP,2024-06-27,0.19,0.19,0.19,0.19,0
VLP,2024-06-28,0.19,0.19,0.19,0.19,0
VLP,2024-07-01,0.19,0.19,0.19,0.19,0
VLP,2024-07-02,0.26,0.26,0.26,0.26,100
VLP,2024-07-03,0.32,0.32,0.32,0.32,100
VLP,2024-07-04,0.32,0.32,0.32,0.32,0
VLP,2024-07-05,0.32,0.32,0.32,0.32,0
VLP,2024-07-08,0.32,0.32,0.32,0.32,0
VLP,2024-07-09,0.32,0.32,0.32,0.32,0
VLP,2024-07-10,0.32,0.32,0.32,0.32,0
VLP,2024-07-11,0.32,0.32,0.32,0.32,0
VLP,2024-07-12,0.32,0.32,0.32,0.32,0
VLP,2024-07-15,0.32,0.32,0.32,0.32,0
VLP,2024-07-16,0.32,0.32,0.32,0.32,0
VLP,2024-07-17,0.39,0.39,0.39,0.39,100
VLP,2024-07-18,0.39,0.39,0.39,0.39,0
VLP,2024-07-19,0.39,0.39,0.39,0.39,0
VLP,2024-07-22,0.39,0.39,0.39,0.39,0
VLP,2024-07-23,0.39,0.39,0.39,0.39,0
VLP,2024-07-24,0.45,0.45,0.45,0.45,100
VLP,2024-07-25,0.45,0.45,0.45,0.45,0
VLP,2024-07-26,0.45,0.45,0.45,0.45,0
VLP,2024-07-29,0.45,0.45,0.45,0.45,0
VLP,2024-07-30,0.45,0.45,0.45,0.45,0
VLP,2024-07-31,0.45,0.45,0.45,0.45,0
VLP,2024-08-01,0.45,0.45,0.45,0.45,0
VLP,2024-08-02,0.45,0.45,0.45,0.45,0
VLP,2024-08-05,0.45,0.45,0.45,0.45,0
VLP,2024-08-06,0.45,0.45,0.45,0.45,0
VLP,2024-08-07,0.45,0.45,0.45,0.45,0
VLP,2024-08-08,0.45,0.45,0.45,0.45,0
VLP,2024-08-09,0.45,0.45,0.45,0.45,0
VLP,2024-08-12,0.45,0.45,0.45,0.45,0
VLP,2024-08-13,0.45,0.45,0.45,0.45,0
VLP,2024-08-14,0.45,0.45,0.45,0.45,0
VLP,2024-08-15,0.45,0.45,0.45,0.45,0
VLP,2024-08-16,0.45,0.45,0.45,0.45,0
VLP,2024-08-19,0.45,0.45,0.45,0.45,0
VLP,2024-08-20,0.45,0.45,0.45,0.45,0
VLP,2024-08-21,0.45,0.45,0.45,0.45,0
VLP,2024-08-22,0.45,0.45,0.45,0.45,0
VLP,2024-08-23,0.45,0.45,0.45,0.45,0
VLP,2024-08-26,0.45,0.45,0.45,0.45,0
VLP,2024-08-27,0.45,0.45,0.45,0.45,0
VLP,2024-08-28,0.45,0.45,0.45,0.45,0
VLP,2024-08-29,0.45,0.45,0.45,0.45,0
VLP,2024-08-30,0.45,0.45,0.45,0.45,0
VLP,2024-09-04,0.45,0.45,0.45,0.45,0
VLP,2024-09-05,0.45,0.45,0.45,0.45,0
VLP,2024-09-06,0.45,0.45,0.45,0.45,0
VLP,2024-09-09,0.45,0.45,0.45,0.45,0
VLP,2024-09-10,0.45,0.45,0.45,0.45,0
VLP,2024-09-11,0.45,0.45,0.45,0.45,0
VLP,2024-09-12,0.45,0.45,0.45,0.45,0
VLP,2024-09-13,0.45,0.45,0.45,0.45,0
VLP,2024-09-16,0.58,0.58,0.58,0.58,100
VLP,2024-09-17,0.58,0.58,0.58,0.58,0
VLP,2024-09-18,0.58,0.58,0.58,0.58,0
VLP,2024-09-19,0.58,0.58,0.58,0.58,0
VLP,2024-09-20,0.64,0.64,0.64,0.64,100
VLP,2024-09-23,0.64,0.64,0.64,0.64,0
VLP,2024-09-24,0.64,0.64,0.64,0.64,0
VLP,2024-09-25,0.64,0.64,0.64,0.64,0
VLP,2024-09-26,0.64,0.64,0.64,0.64,0
VLP,2024-09-27,0.64,0.64,0.64,0.64,0
VLP,2024-09-30,0.64,0.64,0.64,0.64,0
VLP,2024-10-01,0.64,0.64,0.64,0.64,0
VLP,2024-10-02,0.64,0.64,0.64,0.64,0
VLP,2024-10-03,0.64,0.64,0.64,0.64,0
VLP,2024-10-04,0.64,0.64,0.64,0.64,0
VLP,2024-10-07,0.64,0.64,0.64,0.64,0
VLP,2024-10-08,0.64,0.64,0.64,0.64,0
VLP,2024-10-09,0.64,0.64,0.64,0.64,0
VLP,2024-10-10,0.64,0.64,0.64,0.64,0
VLP,2024-10-11,0.64,0.64,0.64,0.64,0
VLP,2024-10-14,0.64,0.64,0.64,0.64,0
VLP,2024-10-15,0.64,0.64,0.64,0.64,0
VLP,2024-10-16,0.64,0.64,0.64,0.64,0
VLP,2024-10-17,0.64,0.64,0.64,0.64,0
VLP,2024-10-18,0.64,0.64,0.64,0.64,0
VLP,2024-10-21,0.64,0.64,0.64,0.64,0
VLP,2024-10-22,0.64,0.64,0.64,0.64,0
VLP,2024-10-23,0.64,0.64,0.64,0.64,0
VLP,2024-10-24,0.64,0.64,0.64,0.64,0
VLP,2024-10-25,0.64,0.64,0.64,0.64,0
VLP,2024-10-28,0.64,0.64,0.64,0.64,0
VLP,2024-10-29,0.64,0.64,0.64,0.64,0
VLP,2024-10-30,0.9,0.9,0.9,0.9,100
VLP,2024-10-31,0.9,0.9,0.9,0.9,0
VLP,2024-11-01,0.9,0.9,0.9,0.9,0
VLP,2024-11-04,0.9,0.9,0.9,0.9,0
VLP,2024-11-05,0.9,0.9,0.9,0.9,0
VLP,2024-11-06,0.9,0.9,0.9,0.9,0
VLP,2024-11-07,0.9,0.9,0.9,0.9,0
VLP,2024-11-08,0.9,0.9,0.9,0.9,0
VLP,2024-11-11,0.9,0.9,0.9,0.9,0
VLP,2024-11-12,0.9,0.9,0.9,0.9,0
VLP,2024-11-13,0.9,0.9,0.9,0.9,0
VLP,2024-11-14,0.9,0.9,0.9,0.9,0
VLP,2024-11-15,0.9,0.9,0.9,0.9,0
VLP,2024-11-18,0.9,0.9,0.9,0.9,0
VLP,2024-11-19,0.9,0.9,0.9,0.9,0
VLP,2024-11-20,0.9,0.9,0.9,0.9,0
VLP,2024-11-21,0.9,0.9,0.9,0.9,0
VLP,2024-11-22,0.9,0.9,0.9,0.9,0
VLP,2024-11-25,0.9,0.9,0.9,0.9,0
VLP,2024-11-26,0.9,0.9,0.9,0.9,0
VLP,2024-11-27,0.9,0.9,0.9,0.9,0
VLP,2024-11-28,0.9,0.9,0.9,0.9,0
VLP,2024-11-29,0.9,0.9,0.9,0.9,0
VLP,2024-12-02,0.9,0.9,0.9,0.9,0
VLP,2024-12-03,0.9,0.9,0.9,0.9,0
VLP,2024-12-04,0.9,0.9,0.9,0.9,0
VLP,2024-12-05,0.9,0.9,0.9,0.9,0
VLP,2024-12-06,0.9,0.9,0.9,0.9,0
VLP,2024-12-09,0.9,0.9,0.9,0.9,0
VLP,2024-12-10,0.9,0.9,0.9,0.9,0
VLP,2024-12-11,0.9,0.9,0.9,0.9,0
VLP,2024-12-12,0.9,0.9,0.9,0.9,0
VLP,2024-12-13,0.9,0.9,0.9,0.9,0
VLP,2024-12-16,0.9,0.9,0.9,0.9,0
VLP,2024-12-17,0.9,0.9,0.9,0.9,0
VLP,2024-12-18,0.9,0.9,0.9,0.9,0
VLP,2024-12-19,0.9,0.9,0.9,0.9,0
VLP,2024-12-20,0.9,0.9,0.9,0.9,0
VLP,2024-12-23,0.9,0.9,0.9,0.9,0
VLP,2024-12-24,0.9,0.9,0.9,0.9,0
VLP,2024-12-25,0.9,0.9,0.9,0.9,0
VLP,2024-12-26,0.9,0.9,0.9,0.9,0
VLP,2024-12-27,0.9,0.9,0.9,0.9,0
VLP,2024-12-30,0.9,0.9,0.9,0.9,0
VLP,2024-12-31,0.9,0.9,0.9,0.9,0
VLP,2025-01-02,0.9,0.9,0.9,0.9,0
VLP,2025-01-03,0.9,0.9,0.9,0.9,0
VLP,2025-01-06,0.9,0.9,0.9,0.9,0
VLP,2025-01-07,0.9,0.9,0.9,0.9,0
VLP,2025-01-08,0.9,0.9,0.9,0.9,0
VLP,2025-01-09,0.9,0.9,0.9,0.9,0
VLP,2025-01-10,0.9,0.9,0.9,0.9,0
VLP,2025-01-13,0.9,0.9,0.9,0.9,0
VLP,2025-01-14,0.9,0.9,0.9,0.9,0
VLP,2025-01-15,0.9,0.9,0.9,0.9,0
VLP,2025-01-16,0.9,0.9,0.9,0.9,0
VLP,2025-01-17,0.9,0.9,0.9,0.9,0
VLP,2025-01-20,0.9,0.9,0.9,0.9,0
VLP,2025-01-21,0.9,0.9,0.9,0.9,0
VLP,2025-01-22,0.9,0.9,0.9,0.9,0
VLP,2025-01-23,0.9,0.9,0.9,0.9,0
VLP,2025-01-24,0.9,0.9,0.9,0.9,0
VLP,2025-02-03,0.9,0.9,0.9,0.9,0
VLP,2025-02-04,0.9,0.9,0.9,0.9,0
VLP,2025-02-05,0.9,0.9,0.9,0.9,0
VLP,2025-02-06,0.9,0.9,0.9,0.9,0
VLP,2025-02-07,0.9,0.9,0.9,0.9,0
VLP,2025-02-10,0.9,0.9,0.9,0.9,0
VLP,2025-02-11,0.9,0.9,0.9,0.9,0
VLP,2025-02-12,0.9,0.9,0.9,0.9,0
VLP,2025-02-13,0.9,0.9,0.9,0.9,0
VLP,2025-02-14,0.9,0.9,0.9,0.9,0
VLP,2025-02-17,0.9,0.9,0.9,0.9,0
VLP,2025-02-18,0.9,0.9,0.9,0.9,0
VLP,2025-02-19,0.9,0.9,0.9,0.9,0
VLP,2025-02-20,0.9,0.9,0.9,0.9,0
VLP,2025-02-21,0.9,0.9,0.9,0.9,0
VLP,2025-02-24,0.9,0.9,0.9,0.9,0
VLP,2025-02-25,0.9,0.9,0.9,0.9,0
VLP,2025-02-26,0.9,0.9,0.9,0.9,0
VLP,2025-02-27,0.9,0.9,0.9,0.9,0
VLP,2025-02-28,0.9,0.9,0.9,0.9,0
VLP,2025-03-03,0.9,0.9,0.9,0.9,0
VLP,2025-03-04,0.9,0.9,0.9,0.9,0
VLP,2025-03-05,0.9,0.9,0.9,0.9,0
VLP,2025-03-06,0.9,0.9,0.9,0.9,0
VLP,2025-03-07,0.9,0.9,0.9,0.9,0
VLP,2025-03-10,0.9,0.9,0.9,0.9,0
VLP,2025-03-11,0.9,0.9,0.9,0.9,0
VLP,2025-03-12,0.9,0.9,0.9,0.9,0
VLP,2025-03-13,0.9,0.9,0.9,0.9,0
VLP,2025-03-14,0.9,0.9,0.9,0.9,0
VLP,2025-03-17,0.9,0.9,0.9,0.9,0
VLP,2025-03-18,0.9,0.9,0.9,0.9,0
VLP,2025-03-19,0.9,0.9,0.9,0.9,0
VLP,2025-03-20,0.9,0.9,0.9,0.9,0
VLP,2025-03-21,0.9,0.9,0.9,0.9,0
VLP,2025-03-24,0.9,0.9,0.9,0.9,0
VLP,2025-03-25,0.9,0.9,0.9,0.9,0
VLP,2025-03-26,0.9,0.9,0.9,0.9,0
VLP,2025-03-27,0.9,0.9,0.9,0.9,0
VLP,2025-03-28,0.9,0.9,0.9,0.9,0
VLP,2025-03-31,0.9,0.9,0.9,0.9,0
VLP,2025-04-01,0.9,0.9,0.9,0.9,0
VLP,2025-04-02,0.9,0.9,0.9,0.9,0
VLP,2025-04-03,0.9,0.9,0.9,0.9,0
VLP,2025-04-04,0.9,0.9,0.9,0.9,0
VLP,2025-04-08,0.9,0.9,0.9,0.9,0
VLP,2025-04-09,0.9,0.9,0.9,0.9,0
VLP,2025-04-10,0.9,0.9,0.9,0.9,0
VLP,2025-04-11,0.9,0.9,0.9,0.9,0
VLP,2025-04-14,0.9,0.9,0.9,0.9,0
VLP,2025-04-15,0.9,0.9,0.9,0.9,0
VLP,2025-04-16,0.9,0.9,0.9,0.9,0
VLP,2025-04-17,0.9,0.9,0.9,0.9,0
VLP,2025-04-18,0.9,0.9,0.9,0.9,0
VLP,2025-04-21,0.9,0.9,0.9,0.9,0
VLP,2025-04-22,0.9,0.9,0.9,0.9,0
VLP,2025-04-23,0.9,0.9,0.9,0.9,0
VLP,2025-04-24,0.9,0.9,0.9,0.9,0
VLP,2025-04-25,0.9,0.9,0.9,0.9,0
VLP,2025-04-28,0.9,0.9,0.9,0.9,0
VLP,2025-04-29,0.9,0.9,0.9,0.9,0
VLP,2025-05-05,0.9,0.9,0.9,0.9,0
VLP,2025-05-06,0.9,0.9,0.9,0.9,0
VLP,2025-05-07,0.9,0.9,0.9,0.9,0
VLP,2025-05-08,0.9,0.9,0.9,0.9,0
VLP,2025-05-09,0.9,0.9,0.9,0.9,0
VLP,2025-05-12,0.9,0.9,0.9,0.9,0
VLP,2025-05-13,0.9,0.9,0.9,0.9,0
VLP,2025-05-14,0.9,0.9,0.9,0.9,0
VLP,2025-05-15,0.9,0.9,0.9,0.9,0
VLP,2025-05-16,0.9,0.9,0.9,0.9,0
VLP,2025-05-19,0.9,0.9,0.9,0.9,0
VLP,2025-05-20,0.9,0.9,0.9,0.9,0
VLP,2025-05-21,0.9,0.9,0.9,0.9,0
VLP,2025-05-22,0.9,0.9,0.9,0.9,0
VLP,2025-05-23,0.9,0.9,0.9,0.9,0
VLP,2025-05-26,0.9,0.9,0.9,0.9,0
VLP,2025-05-27,0.9,0.9,0.9,0.9,0
VLP,2025-05-28,0.9,0.9,0.9,0.9,0
VLP,2025-05-29,0.9,0.9,0.9,0.9,0
VLP,2025-05-30,0.9,0.9,0.9,0.9,0
VLP,2025-06-02,0.9,0.9,0.9,0.9,0
VLP,2025-06-03,0.9,0.9,0.9,0.9,0
VLP,2025-06-04,0.9,0.9,0.9,0.9,0
VLP,2025-06-05,0.9,0.9,0.9,0.9,0
VLP,2025-06-06,0.9,0.9,0.9,0.9,0
VLP,2025-06-09,0.9,0.9,0.9,0.9,0
VLP,2025-06-10,0.9,0.9,0.9,0.9,0
VLP,2025-06-11,0.9,0.9,0.9,0.9,0
VLP,2025-06-12,0.9,0.9,0.9,0.9,0
VLP,2025-06-13,0.9,0.9,0.9,0.9,0
VLP,2025-06-16,0.9,0.9,0.9,0.9,0
VLP,2025-06-17,0.9,0.9,0.9,0.9,0
VLP,2025-06-18,0.9,0.9,0.9,0.9,0
VLP,2025-06-19,0.9,0.9,0.9,0.9,0
VLP,2025-06-20,0.9,0.9,0.9,0.9,0
VLP,2025-06-23,0.9,0.9,0.9,0.9,0
VLP,2025-06-24,0.9,0.9,0.9,0.9,0
VLP,2025-06-25,0.9,0.9,0.9,0.9,0
VLP,2025-06-26,0.9,0.9,0.9,0.9,0
VLP,2025-06-27,0.9,0.9,0.9,0.9,0
VLP,2025-06-30,0.9,0.9,0.9,0.9,0
VLP,2025-07-01,0.9,0.9,0.9,0.9,0
VLP,2025-07-02,0.9,0.9,0.9,0.9,0
VLP,2025-07-03,0.9,0.9,0.9,0.9,0
VLP,2025-07-04,0.9,0.9,0.9,0.9,0
VLP,2025-07-07,0.9,0.9,0.9,0.9,0
VLP,2025-07-08,0.9,0.9,0.9,0.9,0
VLP,2025-07-09,0.9,0.9,0.9,0.9,0
VLP,2025-07-10,0.9,0.9,0.9,0.9,0
VLP,2025-07-11,0.9,0.9,0.9,0.9,0
VLP,2025-07-14,0.9,0.9,0.9,0.9,0
VLP,2025-07-15,0.9,0.9,0.9,0.9,0
VLP,2025-07-16,0.9,0.9,0.9,0.9,0
VLP,2025-07-17,0.9,0.9,0.9,0.9,0
VLP,2025-07-18,0.9,0.9,0.9,0.9,0
VLP,2025-07-21,0.9,0.9,0.9,0.9,0
VLP,2025-07-22,0.9,0.9,0.9,0.9,0
VLP,2025-07-23,0.9,0.9,0.9,0.9,0
VLP,2025-07-24,0.9,0.9,0.9,0.9,0
VLP,2025-07-25,0.9,0.9,0.9,0.9,0
VLP,2025-07-28,0.9,0.9,0.9,0.9,0
VLP,2025-07-29,0.9,0.9,0.9,0.9,0
VLP,2025-07-30,0.9,0.9,0.9,0.9,0
VLP,2025-07-31,0.9,0.9,0.9,0.9,0
VLP,2025-08-01,0.9,0.9,0.9,0.9,0
VLP,2025-08-04,0.9,0.9,0.9,0.9,0
VLP,2025-08-05,0.9,0.9,0.9,0.9,0
VLP,2025-08-06,0.9,0.9,0.9,0.9,0
VLP,2025-08-07,0.9,0.9,0.9,0.9,0
VLP,2025-08-08,0.9,0.9,0.9,0.9,0
VLP,2025-08-11,0.9,0.9,0.9,0.9,0
VLP,2025-08-12,0.9,0.9,0.9,0.9,0
VLP,2025-08-13,0.9,0.9,0.9,0.9,0
VLP,2025-08-14,0.9,0.9,0.9,0.9,0
VLP,2025-08-15,0.9,0.9,0.9,0.9,0
VLP,2025-08-18,0.9,0.9,0.9,0.9,0
VLP,2025-08-19,0.9,0.9,0.9,0.9,0
VLP,2025-08-20,0.9,0.9,0.9,0.9,0
VLP,2025-08-21,0.9,0.9,0.9,0.9,0
VLP,2025-08-22,0.9,0.9,0.9,0.9,0
VLP,2025-08-25,0.9,0.9,0.9,0.9,0
VLP,2025-08-26,0.9,0.9,0.9,0.9,0
VLP,2025-08-27,0.9,0.9,0.9,0.9,0
VLP,2025-08-28,0.9,0.9,0.9,0.9,0
VLP,2025-08-29,0.9,0.9,0.9,0.9,0
VLP,2025-09-03,0.9,0.9,0.9,0.9,0
VLP,2025-09-04,0.9,0.9,0.9,0.9,0
VLP,2025-09-05,0.9,0.9,0.9,0.9,0
VLP,2025-09-08,0.9,0.9,0.9,0.9,0
VLP,2025-09-09,0.9,0.9,0.9,0.9,0
VLP,2025-09-10,0.9,0.9,0.9,0.9,0
VLP,2025-09-11,0.9,0.9,0.9,0.9,0
VLP,2025-09-12,0.9,0.9,0.9,0.9,0
VLP,2025-09-15,0.9,0.9,0.9,0.9,0
VLP,2025-09-16,0.9,0.9,0.9,0.9,0
VLP,2025-09-17,0.9,0.9,0.9,0.9,0
VLP,2025-09-18,0.9,0.9,0.9,0.9,0
VLP,2025-09-19,0.9,0.9,0.9,0.9,0
VLP,2025-09-22,0.9,0.9,0.9,0.9,0
VLP,2025-09-23,0.9,0.9,0.9,0.9,0
VLP,2025-09-24,0.9,0.9,0.9,0.9,0
VLP,2025-09-25,0.9,0.9,0.9,0.9,0
VLP,2025-09-26,0.9,0.9,0.9,0.9,0
VLP,2025-09-29,0.9,0.9,0.9,0.9,0
VLP,2025-09-30,0.9,0.9,0.9,0.9,0
VLP,2025-10-01,0.9,0.9,0.9,0.9,0
VLP,2025-10-02,0.9,0.9,0.9,0.9,0
VLP,2025-10-03,0.9,0.9,0.9,0.9,0
VLP,2025-10-06,0.9,0.9,0.9,0.9,0
VLP,2025-10-07,0.9,0.9,0.9,0.9,0
VLP,2025-10-08,0.9,0.9,0.9,0.9,0
VLP,2025-10-09,0.9,0.9,0.9,0.9,0
VLP,2025-10-10,0.9,0.9,0.9,0.9,0
VLP,2025-10-13,0.9,0.9,0.9,0.9,0
VLP,2025-10-14,0.9,0.9,0.9,0.9,0
VLP,2025-10-15,0.9,0.9,0.9,0.9,0
VLP,2025-10-16,0.9,0.9,0.9,0.9,0
VLP,2025-10-17,0.9,0.9,0.9,0.9,0
VLP,2025-10-20,0.9,0.9,0.9,0.9,0
VLP,2025-10-21,0.9,0.9,0.9,0.9,0
VLP,2025-10-22,0.9,0.9,0.9,0.9,0
VLP,2025-10-23,0.9,0.9,0.9,0.9,0
VLP,2025-10-24,0.9,0.9,0.9,0.9,0
VLP,2025-10-27,0.9,0.9,0.9,0.9,0
VLP,2025-10-28,0.9,0.9,0.9,0.9,0
VLP,2025-10-29,0.9,0.9,0.9,0.9,0
VLP,2025-10-30,0.9,0.9,0.9,0.9,0
VLP,2025-10-31,0.9,0.9,0.9,0.9,0
VLP,2025-11-03,0.9,0.9,0.9,0.9,0
VLP,2025-11-04,0.9,0.9,0.9,0.9,0
VLP,2025-11-05,0.9,0.9,0.9,0.9,0
VLP,2025-11-06,0.9,0.9,0.9,0.9,0
VLP,2025-11-07,0.9,0.9,0.9,0.9,0
VLP,2025-11-10,0.9,0.9,0.9,0.9,0
VLP,2025-11-11,0.9,0.9,0.9,0.9,0
VLP,2025-11-12,0.9,0.9,0.9,0.9,0
VLP,2025-11-13,0.9,0.9,0.9,0.9,0
VLP,2025-11-14,0.9,0.9,0.9,0.9,0
VLP,2025-11-17,0.9,0.9,0.9,0.9,0
VLP,2025-11-18,0.9,0.9,0.9,0.9,0
VLP,2025-11-19,0.9,0.9,0.9,0.9,0
VLP,2025-11-20,0.9,0.9,0.9,0.9,0
VLP,2025-11-21,0.9,0.9,0.9,0.9,0
VLP,2025-11-24,0.9,0.9,0.9,0.9,0
VLP,2025-11-25,0.9,0.9,0.9,0.9,0
VLP,2025-11-26,0.9,0.9,0.9,0.9,0
VLP,2025-11-27,0.9,0.9,0.9,0.9,0
VLP,2025-11-28,0.9,0.9,0.9,0.9,0
VLP,2025-12-01,0.9,0.9,0.9,0.9,0
VLP,2025-12-02,0.9,0.9,0.9,0.9,0
VLP,2025-12-03,0.9,0.9,0.9,0.9,0
VLP,2025-12-04,0.9,0.9,0.9,0.9,0
