Ýv$ßí†¸†ûŸà;;:/i^w²s`g¸Z•#î³Eticker,trading_date,open,high,low,close,volume
IMP,2007-03-02,11.8,11.8,11.64,11.64,48820
IMP,2007-03-05,11.64,11.8,11.64,11.8,44210
IMP,2007-03-06,11.89,11.89,11.64,11.64,42730
IMP,2007-03-07,11.8,11.8,11.8,11.8,18980
IMP,2007-03-08,11.8,11.8,11.8,11.8,27390
IMP,2007-03-09,11.72,11.8,11.64,11.64,11540
IMP,2007-03-12,11.72,11.72,11.64,11.72,33720
IMP,2007-03-13,11.8,12.21,11.8,12.21,62280
IMP,2007-03-14,12.37,12.37,12.05,12.05,42340
IMP,2007-03-15,11.8,11.8,11.48,11.48,5670
IMP,2007-03-16,11.48,12.05,11.48,12.05,12010
IMP,2007-03-19,12.05,12.05,11.8,11.8,21240
IMP,2007-03-20,11.8,11.8,11.64,11.64,30030
IMP,2007-03-21,11.4,11.4,11.07,11.4,9590
IMP,2007-03-22,11.23,11.23,10.99,10.99,18690
IMP,2007-03-23,10.99,10.99,10.58,10.58,18230
IMP,2007-03-26,10.18,10.18,10.09,10.09,18780
IMP,2007-03-27,9.61,9.61,9.61,9.61,22630
IMP,2007-03-28,9.2,9.77,9.2,9.77,49710
IMP,2007-03-29,10.26,10.26,10.26,10.26,23540
IMP,2007-03-30,10.75,10.75,10.75,10.75,37520
IMP,2007-04-02,10.75,10.75,10.75,10.75,21160
IMP,2007-04-03,10.5,10.5,10.26,10.34,10000
IMP,2007-04-04,9.93,10.34,9.93,10.34,5920
IMP,2007-04-05,10.34,10.42,10.34,10.42,15590
IMP,2007-04-06,10.09,10.34,10.09,10.34,10340
IMP,2007-04-09,10.34,10.34,10.34,10.34,6250
IMP,2007-04-10,10.58,10.75,10.58,10.75,19410
IMP,2007-04-11,10.75,10.75,10.58,10.58,15010
IMP,2007-04-12,10.58,10.58,10.5,10.5,19880
IMP,2007-04-13,10.01,10.42,10.01,10.42,13870
IMP,2007-04-16,10.34,10.34,10.09,10.09,20470
IMP,2007-04-17,8.71,8.71,8.71,8.71,27440
IMP,2007-04-18,8.71,9.12,8.71,9.12,4130
IMP,2007-04-19,9.52,9.52,9.36,9.36,13440
IMP,2007-04-20,9.36,9.36,9.36,9.36,8270
IMP,2007-04-23,8.95,8.95,8.95,8.95,13020
IMP,2007-04-24,8.71,8.71,8.55,8.55,1300
IMP,2007-04-25,8.14,8.3,8.14,8.3,24650
IMP,2007-05-02,8.63,8.63,8.3,8.3,4100
IMP,2007-05-03,8.3,8.3,8.22,8.22,9820
IMP,2007-05-04,7.98,8.14,7.98,8.14,10030
IMP,2007-05-07,8.06,8.55,8.06,8.55,19280
IMP,2007-05-08,8.95,8.95,8.95,8.95,32580
IMP,2007-05-09,9.12,9.12,9.12,9.12,32130
IMP,2007-05-10,8.95,8.95,8.95,8.95,1440
IMP,2007-05-11,8.55,8.79,8.55,8.79,13680
IMP,2007-05-14,8.95,8.95,8.79,8.79,7800
IMP,2007-05-15,8.79,8.79,8.79,8.79,28550
IMP,2007-05-16,8.55,8.55,8.55,8.55,13140
IMP,2007-05-17,8.55,8.79,8.55,8.79,7810
IMP,2007-05-18,8.79,8.79,8.71,8.71,17090
IMP,2007-05-21,8.71,8.79,8.71,8.79,12960
IMP,2007-05-22,8.79,9.12,8.79,9.12,29360
IMP,2007-05-23,9.52,9.52,9.36,9.36,39790
IMP,2007-05-24,9.36,9.36,9.12,9.12,14510
IMP,2007-05-25,8.79,8.95,8.79,8.95,5790
IMP,2007-05-28,8.95,8.95,8.79,8.87,8460
IMP,2007-05-29,8.87,8.87,8.87,8.87,21240
IMP,2007-05-30,8.87,8.87,8.63,8.87,6850
IMP,2007-05-31,8.87,8.87,8.87,8.87,15180
IMP,2007-06-01,8.87,8.87,8.71,8.71,13700
IMP,2007-06-04,8.55,8.55,8.55,8.55,22980
IMP,2007-06-05,8.55,8.55,8.47,8.47,11600
IMP,2007-06-06,8.55,8.55,8.47,8.47,24450
IMP,2007-06-07,8.71,8.71,8.55,8.71,11450
IMP,2007-06-08,8.71,8.71,8.55,8.55,17360
IMP,2007-06-11,8.55,8.55,8.55,8.55,5650
IMP,2007-06-12,8.95,8.95,8.95,8.95,66600
IMP,2007-06-13,9.04,9.04,8.63,8.63,50700
IMP,2007-06-14,9.04,9.04,8.95,9.04,31330
IMP,2007-06-15,9.44,9.44,9.44,9.44,102640
IMP,2007-06-18,9.85,9.85,9.85,9.85,43590
IMP,2007-06-19,10.34,10.34,10.34,10.34,59250
IMP,2007-06-20,10.83,10.83,10.09,10.09,166010
IMP,2007-06-21,10.09,10.09,9.61,9.61,52800
IMP,2007-06-22,9.77,10.01,9.77,10.01,66420
IMP,2007-06-25,10.01,10.01,10.01,10.01,61730
IMP,2007-06-26,10.18,10.34,10.18,10.34,82660
IMP,2007-06-27,10.26,10.26,9.93,9.93,44870
IMP,2007-06-28,9.93,9.93,9.69,9.69,54400
IMP,2007-06-29,9.77,10.09,9.77,10.09,54150
IMP,2007-07-02,10.58,10.58,10.58,10.58,295270
IMP,2007-07-03,10.58,10.58,10.58,10.58,147680
IMP,2007-07-04,10.83,10.99,10.83,10.99,170140
IMP,2007-07-05,10.99,10.99,10.83,10.83,91490
IMP,2007-07-06,10.66,11.32,10.66,11.23,105860
IMP,2007-07-09,11.4,11.72,11.4,11.72,112970
IMP,2007-07-10,12.29,12.29,12.29,12.29,67950
IMP,2007-07-11,12.86,12.86,12.86,12.86,81210
IMP,2007-07-12,12.29,12.29,12.29,12.29,70960
IMP,2007-07-13,12.54,12.54,12.37,12.37,66000
IMP,2007-07-16,12.05,12.05,11.8,11.8,27760
IMP,2007-07-17,11.8,11.97,11.8,11.97,33880
IMP,2007-07-18,12.13,12.13,11.72,11.72,27130
IMP,2007-07-19,11.72,11.72,11.23,11.23,51470
IMP,2007-07-20,11.23,11.23,11.07,11.07,44490
IMP,2007-07-23,11.56,11.56,11.56,11.56,25430
IMP,2007-07-24,12.13,12.13,12.13,12.13,80430
IMP,2007-07-25,12.13,12.13,12.05,12.05,76800
IMP,2007-07-26,12.05,12.05,11.48,11.48,42130
IMP,2007-07-27,11.48,11.48,11.32,11.32,12940
IMP,2007-07-30,11.07,11.23,11.07,11.07,11790
IMP,2007-07-31,11.15,11.23,11.07,11.07,50810
IMP,2007-08-01,11.23,11.56,11.4,11.56,10800
IMP,2007-08-02,11.56,11.48,11.23,11.23,18200
IMP,2007-08-03,11.23,11.23,11.23,11.23,17140
IMP,2007-08-06,11.15,11.23,11.15,11.23,15490
IMP,2007-08-07,11.23,11.72,11.07,11.72,46030
IMP,2007-08-08,12.13,12.05,11.72,11.72,42340
IMP,2007-08-09,11.72,11.97,11.56,11.97,22980
IMP,2007-08-10,12.05,11.97,11.8,11.8,32860
IMP,2007-08-13,11.48,11.8,11.48,11.48,18760
IMP,2007-08-14,12.05,12.05,11.64,12.05,79650
IMP,2007-08-15,11.72,11.8,10.99,11.97,17400
IMP,2007-08-16,11.8,11.97,11.8,11.8,15960
IMP,2007-08-17,12.29,12.29,11.56,11.72,10090
IMP,2007-08-20,11.72,12.21,11.64,12.21,40820
IMP,2007-08-21,12.05,12.21,12.05,12.05,6880
IMP,2007-08-22,12.21,12.21,12.05,12.21,39070
IMP,2007-08-23,12.13,12.13,11.89,12.13,10290
IMP,2007-08-24,12.13,12.37,12.13,12.29,60660
IMP,2007-08-27,12.46,12.46,12.21,12.46,51910
IMP,2007-08-28,13.03,13.03,12.54,13.03,95430
IMP,2007-08-29,13.43,13.43,13.11,13.43,37110
IMP,2007-08-30,13.11,13.43,13.03,13.11,21870
IMP,2007-08-31,13.11,13.19,13.11,13.11,26620
IMP,2007-09-04,13.19,13.76,13.19,13.76,24080
IMP,2007-09-05,13.92,14.0,13.6,13.84,30430
IMP,2007-09-06,13.84,13.92,13.76,13.92,47310
IMP,2007-09-07,13.76,13.84,13.68,13.68,22860
IMP,2007-09-10,13.84,13.84,13.6,13.6,14990
IMP,2007-09-11,13.27,13.51,13.03,13.03,56230
IMP,2007-09-12,13.51,13.51,13.03,13.27,17200
IMP,2007-09-13,13.11,13.27,13.11,13.11,16000
IMP,2007-09-14,13.03,13.11,13.03,13.03,16270
IMP,2007-09-17,13.03,13.19,13.03,13.19,21910
IMP,2007-09-18,13.19,13.27,13.03,13.03,28480
IMP,2007-09-19,12.62,12.78,12.54,12.78,37710
IMP,2007-09-20,13.11,13.35,12.94,13.35,37680
IMP,2007-09-21,13.11,13.35,13.03,13.11,11520
IMP,2007-09-24,13.11,13.11,13.03,13.03,22010
IMP,2007-09-25,13.03,13.68,13.03,13.03,49420
IMP,2007-09-26,13.03,13.11,13.03,13.03,31980
IMP,2007-09-27,12.62,12.94,12.62,12.78,19630
IMP,2007-09-28,12.78,13.03,12.78,12.94,29170
IMP,2007-10-01,13.11,13.51,13.11,13.51,46050
IMP,2007-10-02,13.68,13.68,13.43,13.6,20360
IMP,2007-10-03,13.84,13.84,13.19,13.35,13180
IMP,2007-10-04,13.43,13.6,13.43,13.6,31610
IMP,2007-10-05,13.6,13.68,13.51,13.51,16050
IMP,2007-10-08,13.43,13.51,13.27,13.27,33270
IMP,2007-10-09,13.27,13.43,13.27,13.27,12590
IMP,2007-10-10,13.11,13.43,13.11,13.43,14230
IMP,2007-10-11,13.84,13.84,13.43,13.84,36560
IMP,2007-10-12,13.84,13.84,13.68,13.76,21480
IMP,2007-10-15,13.76,13.84,13.6,13.76,14390
IMP,2007-10-16,13.76,14.41,13.76,14.41,44410
IMP,2007-10-17,14.57,15.06,14.57,15.06,65740
IMP,2007-10-18,15.79,15.79,15.06,15.79,103570
IMP,2007-10-19,15.06,16.28,15.06,16.28,30970
IMP,2007-10-22,16.53,16.53,15.87,15.87,16700
IMP,2007-10-23,15.47,15.47,15.14,15.14,25690
IMP,2007-10-24,14.74,15.06,14.74,15.06,8850
IMP,2007-10-25,15.79,15.79,15.06,15.79,73250
IMP,2007-10-26,15.87,16.53,15.87,16.53,31510
IMP,2007-10-29,16.53,16.53,15.71,16.2,11930
IMP,2007-10-30,16.85,16.93,16.69,16.93,41770
IMP,2007-10-31,17.75,17.75,17.75,17.75,16460
IMP,2007-11-01,18.56,18.56,18.56,18.56,9560
IMP,2007-11-02,19.46,19.46,19.46,19.46,12580
IMP,2007-11-05,20.35,20.35,19.54,19.95,60220
IMP,2007-11-06,20.19,20.35,19.38,19.62,18230
IMP,2007-11-07,19.62,19.62,18.64,18.64,3870
IMP,2007-11-08,17.99,18.72,17.99,18.32,11380
IMP,2007-11-09,17.91,18.07,17.91,18.07,5310
IMP,2007-11-12,18.72,18.89,18.24,18.89,35470
IMP,2007-11-13,18.89,19.21,18.07,18.07,2470
IMP,2007-11-14,18.07,18.32,18.07,18.32,5250
IMP,2007-11-15,18.07,18.4,18.07,18.4,23800
IMP,2007-11-16,19.05,19.05,18.4,18.72,21580
IMP,2007-11-19,18.48,18.89,18.48,18.81,13680
IMP,2007-11-20,18.32,18.56,18.07,18.07,7600
IMP,2007-11-21,18.07,18.48,18.07,18.15,4170
IMP,2007-11-22,18.15,18.15,17.91,18.15,3730
IMP,2007-11-23,17.83,18.15,17.83,18.15,1740
IMP,2007-11-26,18.72,19.05,18.48,19.05,28130
IMP,2007-11-27,19.21,19.21,19.05,19.05,13670
IMP,2007-11-28,19.05,19.05,18.89,19.05,14890
IMP,2007-11-29,19.05,19.05,18.89,19.05,10320
IMP,2007-11-30,18.72,18.97,18.56,18.97,6690
IMP,2007-12-03,18.72,18.89,18.56,18.81,3640
IMP,2007-12-04,18.72,18.81,18.72,18.72,9570
IMP,2007-12-05,18.48,18.56,18.15,18.15,9900
IMP,2007-12-06,17.91,18.24,17.91,18.07,10980
IMP,2007-12-07,17.75,17.99,17.75,17.91,6890
IMP,2007-12-10,18.07,18.07,17.91,18.07,710
IMP,2007-12-11,18.07,18.07,17.99,17.99,500
IMP,2007-12-12,17.91,17.99,17.91,17.91,2380
IMP,2007-12-13,17.91,17.91,17.67,17.67,350
IMP,2007-12-14,16.85,17.01,16.85,16.85,12460
IMP,2007-12-17,16.04,16.2,16.04,16.04,13340
IMP,2007-12-18,15.47,16.04,15.47,15.63,7930
IMP,2007-12-19,15.71,16.2,15.71,16.12,9240
IMP,2007-12-20,16.2,16.2,15.87,16.12,5290
IMP,2007-12-21,15.47,16.28,15.47,16.28,4640
IMP,2007-12-24,16.28,16.28,15.87,15.87,5080
IMP,2007-12-25,15.87,15.87,15.47,15.47,12320
IMP,2007-12-26,15.47,15.47,15.39,15.47,5630
IMP,2007-12-27,15.79,15.79,15.47,15.47,18110
IMP,2007-12-28,15.47,15.47,15.22,15.22,13340
IMP,2008-01-02,15.71,15.71,15.55,15.71,2680
IMP,2008-01-03,15.71,15.71,15.47,15.47,8720
IMP,2008-01-04,15.47,15.47,15.39,15.39,2410
IMP,2008-01-07,15.06,15.3,14.65,15.3,9500
IMP,2008-01-08,15.63,15.63,15.3,15.3,9810
IMP,2008-01-09,15.47,15.47,15.3,15.3,6570
IMP,2008-01-10,14.82,15.3,14.74,15.3,5850
IMP,2008-01-11,14.98,15.39,14.98,14.98,21830
IMP,2008-01-14,14.98,14.98,14.65,14.98,12670
IMP,2008-01-15,14.33,14.98,14.33,14.98,12130
IMP,2008-01-16,14.98,15.71,14.65,15.55,3630
IMP,2008-01-17,15.47,15.47,15.06,15.39,1950
IMP,2008-01-18,15.39,15.39,15.3,15.3,660
IMP,2008-01-21,14.9,15.3,14.9,15.3,1430
IMP,2008-01-22,14.9,15.06,14.82,14.98,6000
IMP,2008-01-23,14.98,14.98,14.25,14.98,9980
IMP,2008-01-24,14.33,15.06,14.25,14.25,11790
IMP,2008-01-25,13.68,14.25,13.84,14.17,10280
IMP,2008-01-28,14.17,14.17,13.68,13.76,3900
IMP,2008-01-29,13.84,14.41,13.68,14.41,9820
IMP,2008-01-30,15.06,15.06,14.82,15.06,10660
IMP,2008-01-31,14.98,15.63,14.82,15.63,18100
IMP,2008-02-01,15.63,15.63,15.47,15.63,4400
IMP,2008-02-12,14.98,15.63,14.98,15.63,5910
IMP,2008-02-13,15.79,15.79,15.06,15.79,11420
IMP,2008-02-14,15.79,15.79,15.14,15.79,11300
IMP,2008-02-15,15.63,15.63,15.63,15.63,250
IMP,2008-02-18,15.63,15.63,15.06,15.39,8100
IMP,2008-02-19,15.39,15.39,14.9,15.06,750
IMP,2008-02-20,15.06,15.06,14.65,14.65,7690
IMP,2008-02-21,13.92,13.92,13.92,13.92,18190
IMP,2008-02-22,13.27,13.84,13.27,13.84,25680
IMP,2008-02-25,14.49,14.49,14.41,14.49,1840
IMP,2008-02-26,14.65,14.82,14.17,14.57,6840
IMP,2008-02-27,14.65,14.98,14.17,14.17,4170
IMP,2008-02-28,14.17,14.17,13.51,13.51,8990
IMP,2008-02-29,14.08,14.08,12.86,12.86,4450
IMP,2008-03-03,12.29,12.37,12.29,12.29,2280
IMP,2008-03-04,11.72,11.72,11.72,11.72,1020
IMP,2008-03-05,11.15,11.15,11.15,11.15,810
IMP,2008-03-06,11.64,11.64,11.64,11.64,3470
IMP,2008-03-07,12.21,12.21,12.21,12.21,13050
IMP,2008-03-10,12.78,12.78,12.21,12.37,18590
IMP,2008-03-11,11.8,11.97,11.8,11.97,8900
IMP,2008-03-12,11.89,12.37,11.89,11.89,10180
IMP,2008-03-13,11.89,11.97,11.8,11.8,5000
IMP,2008-03-14,11.8,11.89,11.4,11.4,4270
IMP,2008-03-17,11.23,11.23,10.83,10.83,8670
IMP,2008-03-18,10.34,10.34,10.34,10.34,5540
IMP,2008-03-19,10.09,10.5,10.09,10.09,3830
IMP,2008-03-20,10.09,10.34,10.09,10.34,17930
IMP,2008-03-21,10.42,10.42,10.34,10.34,2600
IMP,2008-03-24,9.85,9.85,9.85,9.85,3290
IMP,2008-03-25,9.36,9.36,9.36,9.36,5950
IMP,2008-03-26,8.95,9.77,8.95,9.52,25600
IMP,2008-03-27,9.61,9.61,9.61,9.61,110
IMP,2008-03-28,9.69,9.69,9.69,9.69,1690
IMP,2008-03-31,9.77,9.77,9.77,9.77,1350
IMP,2008-04-01,9.85,9.85,9.85,9.85,110
IMP,2008-04-02,9.93,9.93,9.93,9.93,10
IMP,2008-04-03,10.01,10.01,10.01,10.01,4230
IMP,2008-04-04,10.09,10.09,10.09,10.09,10
IMP,2008-04-07,10.26,10.26,10.26,10.26,2100
IMP,2008-04-08,10.42,10.42,10.42,10.42,18630
IMP,2008-04-09,10.58,10.58,10.5,10.58,11360
IMP,2008-04-10,10.75,10.75,10.58,10.58,12160
IMP,2008-04-11,10.42,10.42,10.42,10.42,4700
IMP,2008-04-16,10.26,10.26,10.26,10.26,10710
IMP,2008-04-17,10.09,10.42,10.09,10.42,27740
IMP,2008-04-18,10.58,10.58,10.5,10.5,7320
IMP,2008-04-21,10.34,10.34,10.34,10.34,660
IMP,2008-04-22,10.18,10.18,10.18,10.18,15640
IMP,2008-04-23,10.18,10.18,10.01,10.01,3220
IMP,2008-04-24,9.85,10.18,9.85,10.18,22980
IMP,2008-04-25,10.34,10.34,10.34,10.34,13920
IMP,2008-04-28,10.34,10.5,10.34,10.5,11820
IMP,2008-04-29,10.5,10.5,10.5,10.5,9700
IMP,2008-05-05,10.66,10.66,10.66,10.66,30290
IMP,2008-05-06,10.83,10.83,10.83,10.83,24620
IMP,2008-05-07,10.99,10.99,10.75,10.99,56340
IMP,2008-05-08,10.83,10.83,10.83,10.83,5480
IMP,2008-05-09,10.66,10.66,10.66,10.66,3280
IMP,2008-05-12,10.5,10.5,10.5,10.5,5030
IMP,2008-05-13,10.5,10.5,10.34,10.34,340
IMP,2008-05-14,10.18,10.18,10.18,10.18,7260
IMP,2008-05-15,10.01,10.01,10.01,10.01,8720
IMP,2008-05-16,10.01,10.18,10.01,10.18,26200
IMP,2008-05-19,10.18,10.34,10.18,10.18,7280
IMP,2008-05-20,10.26,10.26,10.01,10.01,7550
IMP,2008-05-21,9.85,9.85,9.85,9.85,300
IMP,2008-05-22,9.69,9.69,9.69,9.69,410
IMP,2008-05-23,9.52,9.52,9.52,9.52,15130
IMP,2008-05-26,9.36,9.36,9.36,9.36,320
IMP,2008-05-30,9.2,9.2,9.2,9.2,320
IMP,2008-06-02,9.04,9.04,9.04,9.04,4370
IMP,2008-06-03,8.87,8.87,8.87,8.87,200
IMP,2008-06-04,8.71,8.71,8.71,8.71,10
IMP,2008-06-05,8.63,8.63,8.55,8.55,360
IMP,2008-06-06,8.39,8.39,8.39,8.39,410
IMP,2008-06-09,8.22,8.22,8.22,8.22,200
IMP,2008-06-10,8.06,8.06,8.06,8.06,50
IMP,2008-06-11,7.94,7.94,7.94,7.94,16160
IMP,2008-06-12,7.82,7.9,7.82,7.82,17490
IMP,2008-06-13,7.77,7.94,7.77,7.94,10390
IMP,2008-06-16,7.9,8.06,7.9,7.98,28870
IMP,2008-06-17,7.98,8.1,7.98,8.1,37700
IMP,2008-06-18,8.14,8.14,7.98,7.98,10180
IMP,2008-06-19,7.77,7.77,7.77,7.77,10
IMP,2008-06-20,7.57,7.57,7.57,7.57,420
IMP,2008-06-23,7.37,7.41,7.37,7.37,8370
IMP,2008-06-24,7.16,7.25,7.16,7.16,13610
IMP,2008-06-25,6.96,7.33,6.96,7.29,21990
IMP,2008-06-26,7.49,7.49,7.49,7.49,18060
IMP,2008-06-27,7.65,7.69,7.49,7.69,5200
IMP,2008-06-30,7.9,7.9,7.9,7.9,7470
IMP,2008-07-01,8.1,8.1,8.1,8.1,4860
IMP,2008-07-02,8.3,8.3,8.3,8.3,22320
IMP,2008-07-03,8.55,8.55,8.55,8.55,12710
IMP,2008-07-04,8.79,8.79,8.79,8.79,11460
IMP,2008-07-07,9.04,9.04,8.55,8.55,34760
IMP,2008-07-08,8.55,8.55,8.3,8.3,3000
IMP,2008-07-09,8.55,8.55,8.3,8.55,9320
IMP,2008-07-10,8.39,8.71,8.39,8.71,7200
IMP,2008-07-11,8.79,8.95,8.71,8.95,15230
IMP,2008-07-14,8.79,9.2,8.79,9.2,11430
IMP,2008-07-15,9.36,9.44,9.2,9.44,12410
IMP,2008-07-16,9.69,9.69,9.61,9.69,16720
IMP,2008-07-17,9.77,9.77,9.52,9.52,4420
IMP,2008-07-18,9.28,9.28,9.28,9.28,1050
IMP,2008-07-21,9.04,9.04,9.04,9.04,10
IMP,2008-07-22,8.79,8.79,8.79,8.79,10
IMP,2008-07-23,8.55,8.55,8.55,8.55,10
IMP,2008-07-24,8.3,8.3,8.3,8.3,1010
IMP,2008-07-25,8.06,8.06,8.06,8.06,710
IMP,2008-07-28,7.86,8.14,7.86,8.14,11980
IMP,2008-07-29,8.39,8.39,8.39,8.39,3940
IMP,2008-07-30,8.63,8.63,8.14,8.63,3370
IMP,2008-07-31,8.87,8.87,8.87,8.87,7930
IMP,2008-08-01,9.04,9.04,8.63,8.63,11040
IMP,2008-08-04,8.39,8.39,8.39,8.39,160
IMP,2008-08-05,8.14,8.14,8.14,8.14,10
IMP,2008-08-06,7.9,8.39,7.9,8.39,7610
IMP,2008-08-07,8.63,8.63,8.63,8.63,23690
IMP,2008-08-08,8.79,8.87,8.71,8.87,21280
IMP,2008-08-11,9.12,9.12,9.12,9.12,12230
IMP,2008-08-12,9.2,9.28,8.87,8.87,3840
IMP,2008-08-13,8.71,8.79,8.71,8.79,780
IMP,2008-08-14,8.63,9.04,8.55,9.04,4720
IMP,2008-08-15,9.28,9.28,9.28,9.28,20650
IMP,2008-08-18,9.69,9.69,9.69,9.69,21150
IMP,2008-08-19,10.09,10.09,9.85,10.09,59560
IMP,2008-08-20,9.61,10.09,9.61,9.69,4250
IMP,2008-08-21,9.28,9.69,9.28,9.44,4200
IMP,2008-08-22,9.44,9.44,9.04,9.28,21610
IMP,2008-08-25,8.87,9.69,8.87,9.2,106670
IMP,2008-08-26,9.04,9.44,9.04,9.04,77170
IMP,2008-08-27,9.12,9.12,9.04,9.04,11100
IMP,2008-08-28,8.87,9.04,8.79,8.79,3740
IMP,2008-08-29,8.39,8.55,8.39,8.47,19720
IMP,2008-09-03,8.06,8.87,8.06,8.06,52810
IMP,2008-09-04,7.98,8.06,7.9,8.06,31260
IMP,2008-09-05,7.73,8.39,7.73,8.39,39420
IMP,2008-09-08,8.39,8.39,8.22,8.39,45550
IMP,2008-09-09,8.39,8.55,8.39,8.47,36660
IMP,2008-09-10,8.14,8.22,8.06,8.06,22670
IMP,2008-09-11,7.69,7.73,7.69,7.69,28650
IMP,2008-09-12,7.33,7.69,7.33,7.33,46010
IMP,2008-09-15,7.08,7.57,7.08,7.57,29460
IMP,2008-09-16,7.65,7.65,7.33,7.33,12750
IMP,2008-09-17,7.0,7.08,6.96,6.96,6600
IMP,2008-09-18,6.63,7.0,6.63,6.63,27620
IMP,2008-09-19,6.63,6.96,6.63,6.96,11390
IMP,2008-09-22,7.29,7.29,7.29,7.29,15010
IMP,2008-09-23,7.61,7.61,7.61,7.61,65480
IMP,2008-09-24,7.73,7.82,7.25,7.25,8520
IMP,2008-09-25,7.49,7.57,7.41,7.57,17500
IMP,2008-09-26,7.69,7.69,7.49,7.57,18410
IMP,2008-09-29,7.73,7.77,7.33,7.33,16200
IMP,2008-09-30,6.96,7.33,6.96,7.33,54900
IMP,2008-10-01,7.69,7.69,7.49,7.49,4200
IMP,2008-10-02,7.82,7.86,7.82,7.86,34810
IMP,2008-10-03,8.06,8.06,7.82,7.82,12760
IMP,2008-10-06,7.45,7.69,7.45,7.45,86480
IMP,2008-10-07,7.08,7.08,7.08,7.08,23730
IMP,2008-10-08,6.76,7.41,6.76,7.41,27870
IMP,2008-10-09,7.12,7.25,7.08,7.08,5230
IMP,2008-10-10,6.76,7.08,6.76,7.08,3960
IMP,2008-10-13,7.08,7.08,6.84,6.84,4260
IMP,2008-10-14,7.16,7.16,7.16,7.16,6160
IMP,2008-10-15,7.49,7.49,6.96,6.96,15070
IMP,2008-10-16,6.63,6.96,6.63,6.96,52300
IMP,2008-10-17,7.16,7.16,6.72,6.72,20500
IMP,2008-10-20,6.72,6.76,6.72,6.72,4300
IMP,2008-10-21,7.04,7.04,6.76,6.76,37070
IMP,2008-10-22,6.92,6.92,6.8,6.84,3560
IMP,2008-10-23,6.59,6.68,6.59,6.59,4500
IMP,2008-10-24,6.35,6.51,6.35,6.35,15760
IMP,2008-10-27,6.06,6.11,6.06,6.06,32600
IMP,2008-10-28,5.78,5.82,5.78,5.78,47310
IMP,2008-10-29,6.06,6.06,5.86,6.06,9410
IMP,2008-10-30,6.35,6.35,6.27,6.27,430
IMP,2008-10-31,6.27,6.27,6.19,6.27,2160
IMP,2008-11-03,5.98,6.02,5.98,5.98,8030
IMP,2008-11-04,5.78,6.27,5.78,6.27,2880
IMP,2008-11-05,6.55,6.55,6.55,6.55,29340
IMP,2008-11-06,6.55,6.55,6.27,6.27,1900
IMP,2008-11-07,5.98,6.02,5.98,6.02,5040
IMP,2008-11-10,5.66,6.02,5.66,5.7,44970
IMP,2008-11-11,5.86,5.86,5.54,5.54,16020
IMP,2008-11-12,5.54,5.7,5.54,5.7,1530
IMP,2008-11-13,5.5,5.9,5.5,5.86,2250
IMP,2008-11-14,6.11,6.11,5.58,5.58,14910
IMP,2008-11-17,5.58,5.7,5.58,5.62,2600
IMP,2008-11-18,5.62,5.7,5.58,5.7,5240
IMP,2008-11-19,5.7,5.7,5.58,5.62,6760
IMP,2008-11-20,5.45,5.62,5.45,5.5,4630
IMP,2008-11-21,5.37,5.54,5.37,5.5,5000
IMP,2008-11-24,5.45,5.62,5.45,5.62,610
IMP,2008-11-25,5.62,5.66,5.58,5.58,3300
IMP,2008-11-26,5.58,5.58,5.54,5.54,6380
IMP,2008-11-27,5.54,5.54,5.37,5.37,24490
IMP,2008-11-28,5.5,5.5,5.37,5.37,11330
IMP,2008-12-01,5.13,5.21,5.13,5.17,27820
IMP,2008-12-02,4.97,5.09,4.97,4.97,14150
IMP,2008-12-03,4.8,4.88,4.8,4.8,21950
IMP,2008-12-04,4.88,4.93,4.88,4.93,2240
IMP,2008-12-05,4.84,4.84,4.8,4.84,1800
IMP,2008-12-08,4.72,4.88,4.72,4.88,3090
IMP,2008-12-09,4.68,4.68,4.64,4.64,4050
IMP,2008-12-10,4.8,4.84,4.72,4.72,2330
IMP,2008-12-11,4.88,4.88,4.84,4.84,4200
IMP,2008-12-12,4.97,5.05,4.97,5.05,7810
IMP,2008-12-15,5.05,5.29,5.05,5.29,1360
IMP,2008-12-16,5.29,5.29,5.05,5.13,860
IMP,2008-12-17,4.97,5.37,4.97,5.37,22050
IMP,2008-12-18,5.58,5.62,5.58,5.62,30840
IMP,2008-12-19,5.86,5.86,5.78,5.86,49280
IMP,2008-12-22,6.11,6.11,6.02,6.11,29040
IMP,2008-12-23,6.11,6.11,5.82,5.82,7960
IMP,2008-12-24,5.54,5.86,5.54,5.86,3220
IMP,2008-12-25,5.58,5.78,5.58,5.78,2520
IMP,2008-12-26,5.82,5.82,5.82,5.82,330
IMP,2008-12-29,5.58,5.86,5.58,5.86,2540
IMP,2008-12-30,5.82,5.82,5.82,5.82,400
IMP,2008-12-31,6.11,6.11,6.11,6.11,3530
IMP,2009-01-02,5.82,5.82,5.82,5.82,7090
IMP,2009-01-05,5.54,5.54,5.54,5.54,8930
IMP,2009-01-06,5.29,5.7,5.29,5.33,22680
IMP,2009-01-07,5.58,5.58,5.58,5.58,7860
IMP,2009-01-08,5.58,5.7,5.58,5.7,780
IMP,2009-01-09,5.7,5.7,5.7,5.7,420
IMP,2009-01-12,5.54,5.62,5.45,5.62,1330
IMP,2009-01-13,5.62,5.7,5.41,5.62,7760
IMP,2009-01-14,5.45,5.54,5.45,5.45,2400
IMP,2009-01-15,5.45,5.5,5.45,5.45,4080
IMP,2009-01-16,5.33,5.41,5.33,5.41,1350
IMP,2009-01-19,5.5,5.54,5.41,5.5,3820
IMP,2009-01-20,5.54,5.54,5.45,5.54,6400
IMP,2009-01-21,5.54,5.54,5.54,5.54,1000
IMP,2009-01-22,5.37,5.45,5.37,5.45,5760
IMP,2009-01-23,5.58,5.58,5.29,5.58,8310
IMP,2009-02-02,5.62,5.7,5.5,5.62,120
IMP,2009-02-03,5.37,5.58,5.37,5.58,550
IMP,2009-02-04,5.58,5.58,5.45,5.54,2160
IMP,2009-02-05,5.54,5.62,5.29,5.54,1000
IMP,2009-02-06,5.5,5.5,5.41,5.45,10750
IMP,2009-02-09,5.45,5.54,5.37,5.45,2580
IMP,2009-02-10,5.54,5.54,5.5,5.5,70
IMP,2009-02-11,5.29,5.37,5.29,5.29,2650
IMP,2009-02-12,5.37,5.41,5.05,5.05,20160
IMP,2009-02-13,5.05,5.13,5.05,5.13,7810
IMP,2009-02-16,5.13,5.13,4.97,5.13,2410
IMP,2009-02-17,5.13,5.29,5.09,5.13,4590
IMP,2009-02-18,5.13,5.13,4.88,4.88,11790
IMP,2009-02-19,4.8,4.88,4.72,4.88,18310
IMP,2009-02-20,4.72,4.72,4.64,4.72,20660
IMP,2009-02-23,4.56,4.56,4.52,4.52,19020
IMP,2009-02-24,4.31,4.31,4.31,4.31,23520
IMP,2009-02-25,4.4,4.4,4.31,4.4,11870
IMP,2009-02-26,4.4,4.4,4.19,4.19,28510
IMP,2009-02-27,4.01,4.27,4.01,4.19,7320
IMP,2009-03-02,4.11,4.36,3.99,4.07,25230
IMP,2009-03-03,4.07,4.15,4.07,4.07,9350
IMP,2009-03-04,4.11,4.11,4.07,4.11,3030
IMP,2009-03-05,4.23,4.23,4.07,4.11,10220
IMP,2009-03-06,4.11,4.11,3.99,4.07,14320
IMP,2009-03-09,4.07,4.07,4.07,4.07,4380
IMP,2009-03-10,4.11,4.11,4.06,4.07,8770
IMP,2009-03-11,4.23,4.23,4.11,4.15,5010
IMP,2009-03-12,4.15,4.15,4.04,4.06,3330
IMP,2009-03-13,4.07,4.07,4.07,4.07,8500
IMP,2009-03-16,4.07,4.07,4.05,4.07,7900
IMP,2009-03-17,4.07,4.11,4.04,4.07,14870
IMP,2009-03-18,4.19,4.27,4.19,4.27,41620
IMP,2009-03-19,4.23,4.23,4.07,4.23,15550
IMP,2009-03-20,4.19,4.19,4.19,4.19,1400
IMP,2009-03-23,4.04,4.15,4.04,4.15,2030
IMP,2009-03-24,4.31,4.31,4.19,4.19,59800
IMP,2009-03-25,4.11,4.19,4.07,4.15,7160
IMP,2009-03-26,4.19,4.19,4.11,4.15,14930
IMP,2009-03-27,4.15,4.15,4.11,4.11,18580
IMP,2009-03-30,4.11,4.11,4.03,4.04,19680
IMP,2009-03-31,3.96,3.99,3.96,3.96,6550
IMP,2009-04-01,4.05,4.07,4.0,4.07,11070
IMP,2009-04-02,4.07,4.07,4.03,4.07,16350
IMP,2009-04-03,4.11,4.15,4.07,4.07,73980
IMP,2009-04-07,4.07,4.19,4.03,4.19,60400
IMP,2009-04-08,4.15,4.19,4.15,4.15,21500
IMP,2009-04-09,4.15,4.15,4.07,4.07,36550
IMP,2009-04-10,4.15,4.27,4.11,4.27,71830
IMP,2009-04-13,4.48,4.48,4.44,4.48,113200
IMP,2009-04-14,4.48,4.64,4.36,4.48,33180
IMP,2009-04-15,4.31,4.4,4.27,4.27,41360
IMP,2009-04-16,4.23,4.31,4.11,4.15,134880
IMP,2009-04-17,4.36,4.36,4.27,4.36,125740
IMP,2009-04-20,4.56,4.56,4.4,4.48,143950
IMP,2009-04-21,4.27,4.44,4.27,4.31,31820
IMP,2009-04-22,4.36,4.44,4.36,4.44,81360
IMP,2009-04-23,4.44,4.48,4.4,4.44,82610
IMP,2009-04-24,4.44,4.48,4.36,4.36,91990
IMP,2009-04-27,4.44,4.44,4.36,4.4,33090
IMP,2009-04-28,4.4,4.48,4.4,4.48,22970
IMP,2009-04-29,4.56,4.68,4.52,4.68,68120
IMP,2009-05-04,4.88,4.88,4.88,4.88,10350
IMP,2009-05-05,5.13,5.13,5.13,5.13,32460
IMP,2009-05-06,4.97,5.05,4.88,4.88,50820
IMP,2009-05-07,4.88,5.13,4.88,5.13,62380
IMP,2009-05-08,4.93,5.09,4.88,4.88,55140
IMP,2009-05-11,5.01,5.01,4.88,4.88,22900
IMP,2009-05-12,4.76,4.88,4.68,4.88,13870
IMP,2009-05-13,4.88,4.97,4.8,4.8,27060
IMP,2009-05-14,4.64,4.76,4.64,4.76,10570
IMP,2009-05-15,4.88,4.93,4.8,4.93,8530
IMP,2009-05-18,4.97,5.05,4.8,4.8,33620
IMP,2009-05-19,4.97,5.01,4.8,5.01,34510
IMP,2009-05-20,5.05,5.21,5.05,5.21,30000
IMP,2009-05-21,5.13,5.17,4.97,4.97,27600
IMP,2009-05-22,4.76,4.88,4.76,4.8,28450
IMP,2009-05-25,4.88,5.01,4.88,4.97,31600
IMP,2009-05-26,5.09,5.09,4.97,4.97,54670
IMP,2009-05-27,5.13,5.13,5.01,5.13,20090
IMP,2009-05-28,5.01,5.05,4.97,4.97,13810
IMP,2009-05-29,4.97,4.97,4.88,4.97,20960
IMP,2009-06-01,4.97,5.05,4.97,5.05,32510
IMP,2009-06-02,5.25,5.29,5.17,5.29,71000
IMP,2009-06-03,5.54,5.54,5.54,5.54,55380
IMP,2009-06-04,5.78,5.78,5.74,5.78,55180
IMP,2009-06-05,6.06,6.06,6.02,6.06,76700
IMP,2009-06-08,6.35,6.35,6.31,6.35,137370
IMP,2009-06-09,6.11,6.19,6.06,6.11,31780
IMP,2009-06-10,5.9,5.9,5.9,5.82,24080
IMP,2009-06-11,5.62,5.7,5.62,5.86,39520
IMP,2009-06-12,5.86,5.94,5.66,5.82,55250
IMP,2009-06-15,5.54,5.62,5.54,5.54,72760
IMP,2009-06-16,5.29,5.54,5.29,5.29,66920
IMP,2009-06-17,5.21,5.37,5.21,5.33,18560
IMP,2009-06-18,5.45,5.58,5.37,5.58,25010
IMP,2009-06-19,5.62,5.66,5.45,5.45,13360
IMP,2009-06-22,5.41,5.45,5.33,5.37,54660
IMP,2009-06-23,5.21,5.21,5.13,5.13,49990
IMP,2009-06-24,5.13,5.37,4.97,4.97,33740
IMP,2009-06-25,5.21,5.21,5.21,5.21,18160
IMP,2009-06-26,5.25,5.29,5.21,5.21,6230
IMP,2009-06-29,5.09,5.13,5.01,5.01,29430
IMP,2009-06-30,5.13,5.13,4.88,4.97,18830
IMP,2009-07-01,4.76,4.97,4.76,4.8,18880
IMP,2009-07-02,4.93,4.93,4.6,4.84,25690
IMP,2009-07-03,4.68,4.76,4.64,4.76,17810
IMP,2009-07-06,4.84,4.97,4.72,4.97,11870
IMP,2009-07-07,5.05,5.05,4.72,5.05,64990
IMP,2009-07-08,4.88,5.01,4.88,5.01,4550
IMP,2009-07-09,5.05,5.05,4.93,5.05,40170
IMP,2009-07-10,5.05,5.05,4.93,4.93,4720
IMP,2009-07-13,4.84,4.84,4.8,4.84,12440
IMP,2009-07-14,4.93,4.93,4.72,4.88,10420
IMP,2009-07-15,4.8,5.01,4.8,4.88,8860
IMP,2009-07-16,4.97,4.97,4.8,4.88,9350
IMP,2009-07-17,4.88,4.88,4.88,4.88,2050
IMP,2009-07-20,4.68,4.72,4.68,4.72,4390
IMP,2009-07-21,4.72,4.8,4.72,4.8,5840
IMP,2009-07-22,4.93,4.93,4.88,4.88,5960
IMP,2009-07-23,4.88,5.01,4.88,5.01,22140
IMP,2009-07-24,5.25,5.25,5.21,5.25,22930
IMP,2009-07-27,5.25,5.29,5.05,5.13,13930
IMP,2009-07-28,4.93,5.05,4.88,4.88,18540
IMP,2009-07-29,4.97,4.97,4.88,4.88,20290
IMP,2009-07-30,4.88,4.97,4.88,4.93,26270
IMP,2009-07-31,4.93,4.97,4.88,4.93,15480
IMP,2009-08-03,4.93,4.97,4.88,4.88,8970
IMP,2009-08-04,5.01,5.01,4.88,4.97,8720
IMP,2009-08-05,4.97,5.05,4.93,5.05,8480
IMP,2009-08-06,5.09,5.09,5.05,5.05,15510
IMP,2009-08-07,5.05,5.05,5.01,5.05,11720
IMP,2009-08-10,5.05,5.21,5.01,5.13,27350
IMP,2009-08-11,5.25,5.37,5.21,5.37,39790
IMP,2009-08-12,5.62,5.62,5.45,5.5,27850
IMP,2009-08-13,5.54,5.66,5.5,5.62,33200
IMP,2009-08-14,5.54,5.62,5.5,5.5,29130
IMP,2009-08-17,5.62,5.62,5.5,5.5,36790
IMP,2009-08-18,5.29,5.5,5.29,5.37,8400
IMP,2009-08-19,5.41,5.54,5.41,5.5,5100
IMP,2009-08-20,5.45,5.62,5.45,5.62,19660
IMP,2009-08-21,5.62,5.66,5.58,5.62,39510
IMP,2009-08-24,5.62,5.62,5.54,5.58,5390
IMP,2009-08-25,5.37,5.5,5.37,5.45,44430
IMP,2009-08-26,5.58,5.66,5.54,5.58,31640
IMP,2009-08-27,5.5,5.62,5.5,5.54,2580
IMP,2009-08-28,5.58,5.58,5.54,5.58,16960
IMP,2009-08-31,5.66,5.66,5.58,5.66,25280
IMP,2009-09-01,5.54,5.58,5.54,5.54,8540
IMP,2009-09-03,5.62,5.62,5.33,5.62,66940
IMP,2009-09-04,5.62,5.62,5.58,5.62,27780
IMP,2009-09-07,5.62,5.62,5.5,5.62,19410
IMP,2009-09-08,5.7,5.74,5.66,5.7,9320
IMP,2009-09-09,5.62,5.74,5.62,5.62,16940
IMP,2009-09-10,5.58,5.58,5.54,5.58,4050
IMP,2009-09-11,5.62,5.7,5.62,5.62,12440
IMP,2009-09-14,5.66,5.78,5.62,5.7,33490
IMP,2009-09-15,5.7,5.7,5.62,5.62,18520
IMP,2009-09-16,5.7,5.86,5.7,5.86,42330
IMP,2009-09-17,5.86,6.02,5.74,6.02,40840
IMP,2009-09-18,6.11,6.15,6.02,6.06,36780
IMP,2009-09-21,6.06,6.11,5.94,6.02,19160
IMP,2009-09-22,6.02,6.02,5.82,5.9,13660
IMP,2009-09-23,5.9,6.02,5.9,5.98,56200
IMP,2009-09-24,5.78,6.02,5.78,6.02,22910
IMP,2009-09-25,6.02,6.31,5.94,6.31,36000
IMP,2009-09-28,6.51,6.59,6.47,6.59,44270
IMP,2009-09-29,6.92,6.92,6.76,6.84,27680
IMP,2009-09-30,6.59,6.59,6.51,6.51,25910
IMP,2009-10-01,6.31,6.31,6.19,6.27,13720
IMP,2009-10-02,6.11,6.11,6.02,6.11,31450
IMP,2009-10-05,6.23,6.35,6.11,6.27,8720
IMP,2009-10-06,6.27,6.39,6.23,6.39,33670
IMP,2009-10-07,6.68,6.68,6.39,6.68,11670
IMP,2009-10-08,6.84,6.84,6.72,6.76,5390
IMP,2009-10-09,6.84,6.84,6.76,6.8,20050
IMP,2009-10-12,6.68,6.8,6.59,6.8,14360
IMP,2009-10-13,6.8,6.8,6.47,6.76,8620
IMP,2009-10-14,6.76,6.84,6.47,6.76,17740
IMP,2009-10-15,6.88,7.08,6.88,7.08,44880
IMP,2009-10-16,7.0,7.0,6.92,7.0,6930
IMP,2009-10-19,6.76,7.04,6.76,7.0,3750
IMP,2009-10-20,7.2,7.2,6.84,6.84,3060
IMP,2009-10-21,6.84,7.04,6.84,7.0,23770
IMP,2009-10-22,7.04,7.04,6.88,7.04,12350
IMP,2009-10-23,7.04,7.04,6.84,6.84,57440
IMP,2009-10-26,6.55,6.92,6.55,6.63,42970
IMP,2009-10-27,6.68,6.72,6.63,6.63,13990
IMP,2009-10-28,6.63,6.68,6.63,6.63,16630
IMP,2009-10-29,6.51,6.63,6.47,6.63,20310
IMP,2009-10-30,6.51,6.76,6.51,6.51,17060
IMP,2009-11-02,6.51,6.51,6.27,6.35,39330
IMP,2009-11-03,6.19,6.59,6.19,6.43,31830
IMP,2009-11-04,6.43,6.63,6.43,6.51,21110
IMP,2009-11-05,6.68,6.68,6.51,6.68,9470
IMP,2009-11-06,6.59,6.88,6.59,6.76,4450
IMP,2009-11-09,6.59,6.68,6.59,6.68,8420
IMP,2009-11-10,6.59,6.68,6.59,6.68,3500
IMP,2009-11-11,6.51,6.84,6.51,6.84,10470
IMP,2009-11-12,6.84,6.92,6.84,6.92,41720
IMP,2009-11-13,6.92,6.92,6.84,6.88,900
IMP,2009-11-16,6.88,6.88,6.88,6.88,0
IMP,2009-11-17,6.59,6.88,6.59,6.59,730
IMP,2009-11-18,6.59,6.84,6.35,6.84,12930
IMP,2009-11-19,6.84,6.84,6.84,6.84,1050
IMP,2009-11-20,6.84,6.84,6.68,6.68,3410
IMP,2009-11-23,6.55,6.68,6.55,6.55,590
IMP,2009-11-24,6.76,6.76,6.35,6.76,5500
IMP,2009-11-25,6.76,6.84,6.47,6.76,13250
IMP,2009-11-26,6.43,6.51,6.43,6.43,610
IMP,2009-11-27,6.19,6.55,6.19,6.55,4600
IMP,2009-11-30,6.59,6.59,6.55,6.59,630
IMP,2009-12-01,6.55,6.76,6.55,6.76,1250
IMP,2009-12-02,6.8,6.8,6.47,6.68,5680
IMP,2009-12-03,6.51,6.51,6.51,6.51,10320
IMP,2009-12-04,6.35,6.35,6.35,6.35,300
IMP,2009-12-07,6.19,6.19,6.06,6.06,7510
IMP,2009-12-08,6.06,6.19,5.9,5.9,7500
IMP,2009-12-09,5.62,5.62,5.62,5.62,5900
IMP,2009-12-10,5.37,5.62,5.37,5.37,23000
IMP,2009-12-11,5.45,5.62,5.41,5.62,29310
IMP,2009-12-14,5.7,5.7,5.7,5.7,3390
IMP,2009-12-15,5.94,5.94,5.78,5.94,5700
IMP,2009-12-16,5.94,5.94,5.82,5.86,8130
IMP,2009-12-17,5.86,5.86,5.78,5.86,20840
IMP,2009-12-18,6.15,6.15,5.86,6.15,6370
IMP,2009-12-21,6.43,6.43,6.11,6.43,5850
IMP,2009-12-22,6.68,6.72,6.55,6.59,13360
IMP,2009-12-23,6.59,6.59,6.59,6.59,520
IMP,2009-12-24,6.51,6.51,6.51,6.51,3010
IMP,2009-12-25,6.51,6.51,6.39,6.51,7710
IMP,2009-12-28,6.51,6.51,6.19,6.35,11090
IMP,2009-12-29,6.51,6.55,6.06,6.55,22710
IMP,2009-12-30,6.88,6.88,6.55,6.88,9960
IMP,2009-12-31,6.88,6.88,6.84,6.88,15330
IMP,2010-01-04,6.96,6.96,6.84,6.84,6260
IMP,2010-01-05,6.59,6.8,6.59,6.59,2930
IMP,2010-01-06,6.72,6.72,6.35,6.35,2780
IMP,2010-01-07,6.55,6.55,6.23,6.23,1110
IMP,2010-01-08,6.23,6.27,6.23,6.23,12010
IMP,2010-01-11,6.47,6.47,6.27,6.27,420
IMP,2010-01-12,6.27,6.27,6.11,6.11,4190
IMP,2010-01-13,6.11,6.19,6.11,6.11,7800
IMP,2010-01-14,6.11,6.27,6.11,6.27,1380
IMP,2010-01-15,6.23,6.23,6.23,6.23,1200
IMP,2010-01-18,6.11,6.11,6.11,6.11,2490
IMP,2010-01-19,5.94,6.11,5.86,5.86,31170
IMP,2010-01-20,5.82,5.94,5.58,5.58,32340
IMP,2010-01-21,5.58,5.58,5.37,5.37,15380
IMP,2010-01-22,5.33,5.37,5.21,5.21,13180
IMP,2010-01-25,5.45,5.45,5.29,5.29,3850
IMP,2010-01-26,5.29,5.54,5.29,5.45,38460
IMP,2010-01-27,5.45,5.54,5.37,5.37,4810
IMP,2010-01-28,5.29,5.54,5.29,5.37,6040
IMP,2010-01-29,5.21,5.54,5.21,5.29,12640
IMP,2010-02-01,5.21,5.29,5.21,5.21,7660
IMP,2010-02-02,5.21,5.45,5.21,5.29,9190
IMP,2010-02-03,5.29,5.54,5.29,5.54,19790
IMP,2010-02-04,5.74,5.74,5.62,5.62,43490
IMP,2010-02-05,5.62,5.74,5.62,5.62,21900
IMP,2010-02-08,5.66,5.66,5.37,5.37,16090
IMP,2010-02-09,5.21,5.33,5.21,5.21,32850
IMP,2010-02-10,5.25,5.45,5.25,5.45,40310
IMP,2010-02-11,5.29,5.54,5.29,5.54,21400
IMP,2010-02-12,5.45,5.66,5.45,5.54,21390
IMP,2010-02-22,5.54,5.66,5.54,5.62,25120
IMP,2010-02-23,5.62,5.66,5.62,5.62,65620
IMP,2010-02-24,5.62,5.66,5.62,5.62,24620
IMP,2010-02-25,5.62,5.62,5.58,5.62,52400
IMP,2010-02-26,5.7,5.7,5.7,5.7,150
IMP,2010-03-01,5.78,5.78,5.7,5.7,2920
IMP,2010-03-02,5.66,5.7,5.54,5.66,1570
IMP,2010-03-03,5.7,5.7,5.54,5.7,360
IMP,2010-03-04,5.7,5.74,5.7,5.74,10620
IMP,2010-03-05,5.7,5.74,5.7,5.7,8150
IMP,2010-03-08,5.78,5.78,5.74,5.74,2380
IMP,2010-03-09,5.78,5.9,5.74,5.9,27900
IMP,2010-03-10,5.98,5.98,5.7,5.7,6670
IMP,2010-03-11,5.9,5.9,5.54,5.86,40110
IMP,2010-03-12,5.86,5.86,5.86,5.86,1300
IMP,2010-03-15,5.78,5.78,5.78,5.78,1690
IMP,2010-03-16,5.86,5.86,5.7,5.7,1390
IMP,2010-03-17,5.78,5.78,5.78,5.78,8800
IMP,2010-03-18,5.7,5.78,5.7,5.78,11880
IMP,2010-03-19,5.78,5.78,5.78,5.78,11000
IMP,2010-03-22,5.82,5.82,5.78,5.82,2890
IMP,2010-03-23,5.82,6.11,5.82,6.11,22990
IMP,2010-03-24,6.11,6.11,6.06,6.11,3130
IMP,2010-03-25,5.9,6.11,5.9,6.11,250
IMP,2010-03-26,5.98,5.98,5.94,5.98,920
IMP,2010-03-29,5.98,5.98,5.86,5.86,3670
IMP,2010-03-30,5.86,5.86,5.86,5.86,700
IMP,2010-03-31,5.82,5.82,5.82,5.82,2100
IMP,2010-04-01,5.86,5.98,5.82,5.98,40100
IMP,2010-04-02,6.06,6.06,5.98,6.02,19370
IMP,2010-04-05,6.02,6.02,5.98,5.98,12390
IMP,2010-04-06,5.98,6.02,5.86,5.86,11450
IMP,2010-04-07,5.86,5.86,5.86,5.86,1560
IMP,2010-04-08,6.11,6.11,5.9,5.9,610
IMP,2010-04-09,5.82,5.9,5.74,5.74,2580
IMP,2010-04-12,5.78,5.78,5.74,5.78,1660
IMP,2010-04-13,5.7,5.74,5.58,5.62,20030
IMP,2010-04-14,5.7,5.7,5.66,5.7,3250
IMP,2010-04-15,5.7,5.74,5.66,5.7,21200
IMP,2010-04-16,5.7,5.7,5.62,5.62,16580
IMP,2010-04-19,5.62,5.87,5.62,5.66,5010
IMP,2010-04-20,5.74,5.74,5.66,5.74,2020
IMP,2010-04-21,5.74,5.74,5.66,5.66,5800
IMP,2010-04-22,5.7,5.7,5.66,5.66,5730
IMP,2010-04-26,5.7,5.7,5.66,5.66,6310
IMP,2010-04-27,5.66,5.7,5.66,5.7,8220
IMP,2010-04-28,5.74,5.74,5.66,5.74,2610
IMP,2010-04-29,5.74,5.74,5.7,5.74,7330
IMP,2010-05-04,5.87,5.87,5.74,5.87,32860
IMP,2010-05-05,5.87,5.87,5.87,5.87,38500
IMP,2010-05-06,5.83,5.87,5.78,5.87,14310
IMP,2010-05-07,5.83,5.83,5.66,5.66,28550
IMP,2010-05-10,5.7,5.7,5.7,5.7,1170
IMP,2010-05-11,5.87,5.87,5.7,5.7,1480
IMP,2010-05-12,5.7,5.74,5.62,5.74,4480
IMP,2010-05-13,5.7,5.7,5.7,5.7,1010
IMP,2010-05-14,5.7,5.74,5.7,5.7,4580
IMP,2010-05-17,5.58,5.7,5.53,5.58,4300
IMP,2010-05-18,5.66,5.66,5.66,5.66,150
IMP,2010-05-19,5.66,5.66,5.45,5.45,5150
IMP,2010-05-20,5.32,5.53,5.28,5.53,1210
IMP,2010-05-21,5.37,5.45,5.37,5.45,870
IMP,2010-05-24,5.45,5.45,5.45,5.45,3000
IMP,2010-05-25,5.28,5.28,5.28,5.28,4010
IMP,2010-05-26,5.41,5.41,5.41,5.41,410
IMP,2010-05-27,5.41,5.41,5.37,5.41,350
IMP,2010-05-28,5.58,5.58,5.53,5.58,810
IMP,2010-05-31,5.62,5.62,5.53,5.53,5200
IMP,2010-06-01,5.49,5.49,5.49,5.49,1000
IMP,2010-06-02,5.66,5.66,5.66,5.66,10
IMP,2010-06-03,5.49,5.62,5.49,5.62,1020
IMP,2010-06-04,5.53,5.74,5.41,5.41,1200
IMP,2010-06-07,5.28,5.28,5.28,5.28,10
IMP,2010-06-08,5.28,5.28,5.28,5.28,3860
IMP,2010-06-09,5.28,5.28,5.28,5.28,1710
IMP,2010-06-10,5.53,5.53,5.28,5.53,710
IMP,2010-06-11,5.7,5.7,5.7,5.7,10
IMP,2010-06-14,5.45,5.7,5.45,5.45,20
IMP,2010-06-15,5.28,5.41,5.28,5.28,610
IMP,2010-06-16,5.41,5.41,5.32,5.41,1030
IMP,2010-06-17,5.41,5.41,5.41,5.41,0
IMP,2010-06-18,5.37,5.37,5.37,5.37,100
IMP,2010-06-21,5.37,5.37,5.32,5.37,1430
IMP,2010-06-22,5.37,5.37,5.37,5.37,50
IMP,2010-06-23,5.32,5.37,5.28,5.32,1560
IMP,2010-06-24,5.32,5.32,5.28,5.32,4050
IMP,2010-06-25,5.28,5.28,5.28,5.28,2440
IMP,2010-06-28,5.28,5.28,5.28,5.28,100
IMP,2010-06-29,5.24,5.24,5.24,5.24,1490
IMP,2010-06-30,5.2,5.2,5.16,5.16,3410
IMP,2010-07-01,5.16,5.16,5.16,5.16,4030
IMP,2010-07-02,5.16,5.28,5.16,5.28,9590
IMP,2010-07-05,5.41,5.41,5.28,5.41,1160
IMP,2010-07-06,5.37,5.37,5.37,5.37,1000
IMP,2010-07-07,5.37,5.37,5.37,5.37,300
IMP,2010-07-08,5.37,5.37,5.37,5.37,0
IMP,2010-07-09,5.11,5.11,5.11,5.11,500
IMP,2010-07-12,5.11,5.11,5.11,5.11,0
IMP,2010-07-13,5.37,5.37,5.37,5.37,350
IMP,2010-07-14,5.53,5.53,5.53,5.53,50
IMP,2010-07-15,5.53,5.53,5.41,5.53,2400
IMP,2010-07-16,5.53,5.53,5.53,5.53,0
IMP,2010-07-19,5.28,5.37,5.28,5.28,250
IMP,2010-07-20,5.32,5.32,5.32,5.32,2000
IMP,2010-07-21,5.32,5.32,5.32,5.32,100
IMP,2010-07-22,5.32,5.32,5.28,5.32,800
IMP,2010-07-23,5.37,5.37,5.37,5.37,10
IMP,2010-07-26,5.37,5.37,5.37,5.37,0
IMP,2010-07-27,5.37,5.37,5.37,5.37,400
IMP,2010-07-28,5.37,5.37,5.37,5.37,17800
IMP,2010-07-29,5.2,5.37,5.2,5.37,810
IMP,2010-07-30,5.37,5.37,5.37,5.37,0
IMP,2010-08-02,5.37,5.37,5.37,5.37,200
IMP,2010-08-03,5.28,5.28,5.28,5.28,500
IMP,2010-08-04,5.2,5.2,5.2,5.2,600
IMP,2010-08-05,5.2,5.2,5.2,5.2,0
IMP,2010-08-06,5.28,5.28,4.95,5.28,2220
IMP,2010-08-09,5.28,5.28,5.07,5.07,490
IMP,2010-08-10,5.07,5.07,5.07,5.07,0
IMP,2010-08-11,5.07,5.11,5.07,5.07,310
IMP,2010-08-12,4.99,5.11,4.99,4.99,17620
IMP,2010-08-13,4.99,4.99,4.95,4.99,10480
IMP,2010-08-16,5.03,5.07,5.03,5.03,11870
IMP,2010-08-17,5.03,5.03,5.03,5.03,3290
IMP,2010-08-18,5.03,5.03,5.03,5.03,7150
IMP,2010-08-19,5.03,5.03,5.03,5.03,2390
IMP,2010-08-20,5.03,5.03,5.03,5.03,5610
IMP,2010-08-23,4.95,4.95,4.95,4.95,800
IMP,2010-08-24,4.74,5.16,4.74,4.74,30
IMP,2010-08-25,4.86,4.86,4.86,4.86,1000
IMP,2010-08-26,4.95,4.95,4.95,4.95,100
IMP,2010-08-27,4.74,4.86,4.74,4.74,3530
IMP,2010-08-30,4.95,4.95,4.95,4.95,320
IMP,2010-08-31,5.16,5.16,5.16,5.16,7410
IMP,2010-09-01,5.03,5.16,5.03,5.03,2200
IMP,2010-09-06,5.03,5.03,5.03,5.03,0
IMP,2010-09-07,5.03,5.03,4.82,4.82,110
IMP,2010-09-08,4.78,4.86,4.78,4.78,1400
IMP,2010-09-09,4.86,4.86,4.86,4.86,7450
IMP,2010-09-10,4.86,4.86,4.86,4.86,2000
IMP,2010-09-13,4.86,4.86,4.86,4.86,1700
IMP,2010-09-14,4.86,4.95,4.86,4.95,2990
IMP,2010-09-15,4.95,4.95,4.95,4.95,0
IMP,2010-09-16,4.95,4.95,4.95,4.95,0
IMP,2010-09-17,4.95,4.95,4.86,4.95,6000
IMP,2010-09-20,4.99,4.99,4.74,4.99,2060
IMP,2010-09-21,4.95,4.95,4.95,4.95,200
IMP,2010-09-22,4.95,4.95,4.95,4.95,0
IMP,2010-09-23,4.74,4.9,4.74,4.9,3500
IMP,2010-09-24,4.9,4.9,4.78,4.78,300
IMP,2010-09-27,4.86,4.86,4.65,4.86,260
IMP,2010-09-28,4.86,4.86,4.86,4.86,0
IMP,2010-09-29,4.65,5.03,4.65,4.86,2050
IMP,2010-09-30,4.95,4.95,4.95,4.95,2100
IMP,2010-10-01,4.95,4.95,4.95,4.95,500
IMP,2010-10-04,4.95,4.95,4.95,4.95,0
IMP,2010-10-05,5.07,5.07,5.07,5.07,1730
IMP,2010-10-06,5.03,5.03,5.03,5.03,900
IMP,2010-10-07,5.03,5.03,5.03,5.03,0
IMP,2010-10-08,5.03,5.03,5.03,5.03,0
IMP,2010-10-11,5.03,5.03,5.03,5.03,0
IMP,2010-10-12,5.03,5.03,5.03,5.03,0
IMP,2010-10-13,4.78,4.78,4.78,4.78,220
IMP,2010-10-14,4.78,4.78,4.78,4.78,170
IMP,2010-10-15,4.78,4.78,4.74,4.78,670
IMP,2010-10-18,4.99,4.99,4.99,4.99,660
IMP,2010-10-19,4.99,4.99,4.99,4.99,0
IMP,2010-10-20,4.9,4.9,4.78,4.9,3200
IMP,2010-10-21,4.86,4.86,4.7,4.86,1030
IMP,2010-10-22,4.86,4.86,4.78,4.78,1200
IMP,2010-10-25,4.78,4.78,4.78,4.78,0
IMP,2010-10-26,4.78,4.78,4.61,4.78,5090
IMP,2010-10-27,4.78,4.78,4.78,4.78,0
IMP,2010-10-28,4.78,4.78,4.78,4.78,10
IMP,2010-10-29,4.78,4.78,4.78,4.78,100
IMP,2010-11-01,4.61,4.61,4.61,4.61,500
IMP,2010-11-02,4.61,4.61,4.61,4.61,70
IMP,2010-11-03,4.78,4.78,4.78,4.78,100
IMP,2010-11-04,4.78,4.78,4.61,4.78,1040
IMP,2010-11-05,4.78,4.9,4.78,4.9,5180
IMP,2010-11-08,4.9,4.9,4.9,4.9,10580
IMP,2010-11-09,4.95,4.95,4.95,4.95,5000
IMP,2010-11-10,4.9,4.9,4.9,4.9,500
IMP,2010-11-11,4.86,4.86,4.86,4.86,2000
IMP,2010-11-12,4.86,4.86,4.86,4.86,0
IMP,2010-11-15,4.86,4.86,4.86,4.86,0
IMP,2010-11-16,4.86,4.86,4.86,4.86,0
IMP,2010-11-17,4.86,4.86,4.86,4.86,0
IMP,2010-11-18,4.86,4.86,4.86,4.86,0
IMP,2010-11-19,4.86,4.86,4.86,4.86,900
IMP,2010-11-22,4.78,4.78,4.78,4.78,3400
IMP,2010-11-23,4.78,4.78,4.7,4.78,27850
IMP,2010-11-24,4.74,4.74,4.7,4.74,11000
IMP,2010-11-25,4.7,4.7,4.7,4.7,11500
IMP,2010-11-26,4.86,4.86,4.82,4.82,26900
IMP,2010-11-29,4.82,4.82,4.82,4.82,3000
IMP,2010-11-30,4.86,4.86,4.82,4.86,2200
IMP,2010-12-01,4.99,4.99,4.78,4.99,5000
IMP,2010-12-02,5.03,5.03,5.03,5.03,200
IMP,2010-12-03,5.03,5.07,4.99,5.03,72270
IMP,2010-12-06,5.03,5.11,4.95,5.03,80100
IMP,2010-12-07,5.07,5.07,5.03,5.07,15160
IMP,2010-12-08,5.16,5.16,4.95,4.99,69540
IMP,2010-12-09,5.03,5.03,4.99,4.99,73000
IMP,2010-12-10,5.03,5.07,5.03,5.03,17330
IMP,2010-12-13,5.2,5.28,5.16,5.2,3420
IMP,2010-12-14,5.28,5.37,5.24,5.28,6910
IMP,2010-12-15,5.41,5.41,5.37,5.37,16310
IMP,2010-12-16,5.45,5.45,5.45,5.45,3000
IMP,2010-12-17,5.2,5.45,5.2,5.45,5910
IMP,2010-12-20,5.24,5.24,5.24,5.24,1200
IMP,2010-12-21,5.41,5.41,5.2,5.41,5420
IMP,2010-12-22,5.41,5.41,5.37,5.41,16800
IMP,2010-12-23,5.24,5.24,5.16,5.24,5500
IMP,2010-12-24,4.99,4.99,4.99,4.99,1520
IMP,2010-12-27,4.99,4.99,4.99,4.99,4030
IMP,2010-12-28,4.86,5.2,4.78,5.2,12830
IMP,2010-12-29,5.01,5.43,5.01,5.43,11000
IMP,2010-12-30,5.43,5.62,5.39,5.62,10100
IMP,2010-12-31,5.62,5.81,5.58,5.81,30500
IMP,2011-01-04,5.81,5.58,5.58,5.58,100
IMP,2011-01-05,5.58,5.58,5.34,5.34,3490
IMP,2011-01-06,5.34,5.34,5.29,5.29,1640
IMP,2011-01-07,5.29,5.43,5.43,5.43,10
IMP,2011-01-10,5.43,5.43,5.2,5.2,720
IMP,2011-01-11,5.1,5.2,5.01,5.2,1010
IMP,2011-01-12,5.1,5.29,5.01,5.29,2020
IMP,2011-01-13,5.29,5.29,5.1,5.29,190
IMP,2011-01-14,5.06,5.06,5.06,5.06,13290
IMP,2011-01-17,5.06,5.06,5.06,5.06,1050
IMP,2011-01-18,5.06,5.06,5.06,5.06,580
IMP,2011-01-19,5.01,5.06,4.91,5.01,1570
IMP,2011-01-20,5.01,5.01,4.91,4.91,780
IMP,2011-01-21,4.91,4.91,4.87,4.87,550
IMP,2011-01-24,4.87,4.87,4.87,4.87,1500
IMP,2011-01-25,4.73,4.82,4.68,4.68,1930
IMP,2011-01-26,4.87,4.87,4.87,4.87,10
IMP,2011-01-27,4.96,4.96,4.96,4.96,10
IMP,2011-01-28,5.1,5.1,4.72,4.72,1170
IMP,2011-02-08,4.73,4.73,4.72,4.72,700
IMP,2011-02-09,4.72,4.77,4.49,4.49,1910
IMP,2011-02-10,4.54,4.71,4.54,4.71,2460
IMP,2011-02-11,4.73,4.73,4.73,4.73,950
IMP,2011-02-14,4.73,4.73,4.73,4.73,2440
IMP,2011-02-15,4.7,4.7,4.7,4.7,10
IMP,2011-02-16,4.7,4.7,4.7,4.7,0
IMP,2011-02-17,4.55,4.69,4.54,4.54,2480
IMP,2011-02-18,4.72,4.73,4.55,4.63,3560
IMP,2011-02-21,4.54,4.73,4.54,4.54,2520
IMP,2011-02-22,4.54,4.54,4.31,4.31,3080
IMP,2011-02-23,4.31,4.52,4.31,4.52,1020
IMP,2011-02-24,4.3,4.44,4.3,4.44,130
IMP,2011-02-25,4.62,4.62,4.36,4.62,520
IMP,2011-02-28,4.63,4.63,4.63,4.63,300
IMP,2011-03-01,4.63,4.63,4.41,4.63,1250
IMP,2011-03-02,4.41,4.58,4.41,4.58,90
IMP,2011-03-03,4.37,4.53,4.37,4.53,70
IMP,2011-03-04,4.53,4.53,4.53,4.53,1750
IMP,2011-03-07,4.72,4.72,4.31,4.68,620
IMP,2011-03-08,4.68,4.68,4.68,4.68,0
IMP,2011-03-09,4.58,4.58,4.58,4.58,400
IMP,2011-03-10,4.37,4.54,4.37,4.54,1540
IMP,2011-03-11,4.33,4.73,4.33,4.73,730
IMP,2011-03-14,4.49,4.73,4.49,4.73,1310
IMP,2011-03-15,4.49,4.72,4.49,4.72,20
IMP,2011-03-16,4.72,4.72,4.72,4.72,0
IMP,2011-03-17,4.49,4.49,4.49,4.49,450
IMP,2011-03-18,4.49,4.69,4.27,4.44,6740
IMP,2011-03-21,4.65,4.65,4.23,4.57,120
IMP,2011-03-22,4.39,4.49,4.39,4.49,520
IMP,2011-03-23,4.44,4.44,4.35,4.35,1700
IMP,2011-03-24,4.54,4.54,4.25,4.52,520
IMP,2011-03-25,4.35,4.35,4.35,4.35,20
IMP,2011-03-28,4.36,4.36,4.36,4.36,30
IMP,2011-03-29,4.18,4.39,4.16,4.16,3220
IMP,2011-03-30,4.16,4.33,4.16,4.31,210
IMP,2011-03-31,4.43,4.43,4.43,4.43,10
IMP,2011-04-01,4.43,4.43,4.43,4.43,1100
IMP,2011-04-04,4.49,4.49,4.49,4.49,300
IMP,2011-04-05,4.3,4.39,4.27,4.39,50
IMP,2011-04-06,4.17,4.17,4.17,4.17,360
IMP,2011-04-07,4.35,4.35,4.35,4.35,10
IMP,2011-04-08,4.34,4.34,4.25,4.25,780
IMP,2011-04-13,4.06,4.35,4.06,4.35,1080
IMP,2011-04-14,4.24,4.35,4.24,4.35,20
IMP,2011-04-15,4.16,4.16,4.16,4.16,90
IMP,2011-04-18,3.97,4.25,3.97,3.97,120
IMP,2011-04-19,3.77,3.77,3.77,3.77,150
IMP,2011-04-20,3.77,3.95,3.59,3.92,2570
IMP,2011-04-21,4.02,4.02,3.73,4.01,920
IMP,2011-04-22,4.1,4.1,3.81,3.81,270
IMP,2011-04-25,3.96,3.96,3.96,3.96,10
IMP,2011-04-26,3.78,3.87,3.78,3.78,60
IMP,2011-04-27,3.96,3.96,3.96,3.96,40
IMP,2011-04-28,3.78,3.78,3.78,3.78,500
IMP,2011-04-29,3.61,3.87,3.61,3.72,1230
IMP,2011-05-04,3.64,3.72,3.64,3.71,7450
IMP,2011-05-05,3.89,3.89,3.57,3.85,8940
IMP,2011-05-06,3.85,3.85,3.85,3.85,7300
IMP,2011-05-09,3.8,3.86,3.8,3.86,4800
IMP,2011-05-10,3.85,4.0,3.85,3.86,10240
IMP,2011-05-11,3.98,3.98,3.86,3.98,1400
IMP,2011-05-12,3.99,3.99,3.9,3.9,1300
IMP,2011-05-13,3.98,3.98,3.75,3.75,27320
IMP,2011-05-16,3.71,3.91,3.71,3.91,5160
IMP,2011-05-17,4.0,4.0,4.0,4.0,2640
IMP,2011-05-18,4.0,4.0,3.9,4.0,7470
IMP,2011-05-19,4.0,4.1,4.0,4.0,6840
IMP,2011-05-20,4.0,4.1,4.0,4.0,2770
IMP,2011-05-23,4.19,4.19,3.9,4.0,8270
IMP,2011-05-24,4.15,4.15,3.81,3.81,2190
IMP,2011-05-25,3.63,4.0,3.63,4.0,750
IMP,2011-05-26,4.09,4.09,3.85,4.09,3410
IMP,2011-05-27,4.0,4.0,3.95,3.95,11500
IMP,2011-05-30,4.05,4.05,4.05,4.05,10
IMP,2011-05-31,3.9,4.0,3.9,4.0,620
IMP,2011-06-01,3.9,4.0,3.9,4.0,200
IMP,2011-06-02,3.95,4.1,3.95,4.1,730
IMP,2011-06-03,4.18,4.18,4.0,4.1,11530
IMP,2011-06-06,4.1,4.2,4.1,4.1,10160
IMP,2011-06-07,4.1,4.15,4.1,4.15,44850
IMP,2011-06-08,4.15,4.2,4.0,4.15,20540
IMP,2011-06-09,4.15,4.2,4.15,4.2,15140
IMP,2011-06-10,4.2,4.2,4.2,4.2,13310
IMP,2011-06-13,4.2,4.2,4.2,4.2,13000
IMP,2011-06-14,4.13,4.2,4.13,4.2,250
IMP,2011-06-15,4.2,4.2,4.2,4.2,120
IMP,2011-06-16,4.2,4.2,4.2,4.2,0
IMP,2011-06-17,4.2,4.2,4.2,4.2,0
IMP,2011-06-20,4.2,4.2,4.2,4.2,220
IMP,2011-06-21,4.2,4.2,4.0,4.0,990
IMP,2011-06-22,4.2,4.2,4.2,4.2,10
IMP,2011-06-23,4.2,4.2,4.2,4.2,0
IMP,2011-06-24,4.41,4.41,4.2,4.2,17710
IMP,2011-06-27,4.2,4.2,4.2,4.2,30
IMP,2011-06-28,4.2,4.2,4.2,4.2,0
IMP,2011-06-29,4.2,4.2,4.2,4.2,0
IMP,2011-06-30,4.25,4.25,4.1,4.1,310
IMP,2011-07-01,4.1,4.15,4.1,4.1,5500
IMP,2011-07-04,4.0,4.2,4.0,4.2,250
IMP,2011-07-05,4.1,4.2,4.1,4.2,15000
IMP,2011-07-06,4.2,4.2,4.2,4.2,5000
IMP,2011-07-07,4.2,4.2,4.2,4.2,0
IMP,2011-07-08,4.2,4.25,4.2,4.25,3460
IMP,2011-07-11,4.31,4.31,4.31,4.31,500
IMP,2011-07-12,4.31,4.51,4.31,4.51,5350
IMP,2011-07-13,4.51,4.66,4.51,4.66,6430
IMP,2011-07-14,4.79,4.81,4.79,4.81,5000
IMP,2011-07-15,4.81,4.81,4.81,4.81,30
IMP,2011-07-18,4.81,4.81,4.81,4.81,0
IMP,2011-07-19,4.62,4.62,4.62,4.62,100
IMP,2011-07-20,4.39,4.39,4.39,4.39,200
IMP,2011-07-21,4.31,4.31,4.17,4.17,2380
IMP,2011-07-22,4.17,4.37,4.14,4.14,15490
IMP,2011-07-25,4.35,4.35,4.1,4.1,5060
IMP,2011-07-26,4.2,4.2,4.2,4.2,10
IMP,2011-07-27,4.1,4.41,4.1,4.41,5910
IMP,2011-07-28,4.5,4.51,4.5,4.51,3000
IMP,2011-07-29,4.51,4.51,4.51,4.51,0
IMP,2011-08-01,4.51,4.61,4.51,4.61,4500
IMP,2011-08-02,4.38,4.81,4.38,4.71,59930
IMP,2011-08-03,4.76,4.9,4.76,4.9,1550
IMP,2011-08-04,4.9,4.9,4.9,4.9,0
IMP,2011-08-05,4.9,4.9,4.9,4.9,0
IMP,2011-08-08,4.9,4.9,4.9,4.9,0
IMP,2011-08-09,4.9,4.9,4.9,4.9,0
IMP,2011-08-10,4.9,4.9,4.9,4.9,0
IMP,2011-08-11,4.9,4.9,4.9,4.9,0
IMP,2011-08-12,4.66,4.81,4.66,4.81,22000
IMP,2011-08-15,4.66,4.66,4.66,4.66,200
IMP,2011-08-16,4.76,4.76,4.76,4.76,590
IMP,2011-08-17,4.76,4.76,4.53,4.53,1220
IMP,2011-08-18,4.75,4.75,4.75,4.75,10
IMP,2011-08-19,4.75,4.75,4.75,4.75,0
IMP,2011-08-22,4.91,4.91,4.91,4.91,20
IMP,2011-08-23,4.76,4.76,4.76,4.76,50
IMP,2011-08-24,4.53,4.53,4.53,4.53,100
IMP,2011-08-25,4.71,4.71,4.71,4.71,10
IMP,2011-08-26,4.48,4.71,4.48,4.7,130
IMP,2011-08-29,4.66,4.66,4.66,4.66,40
IMP,2011-08-30,4.66,4.66,4.66,4.66,0
IMP,2011-08-31,4.66,4.66,4.66,4.66,0
IMP,2011-09-01,4.66,4.66,4.66,4.66,0
IMP,2011-09-05,4.66,4.66,4.66,4.66,0
IMP,2011-09-06,4.8,4.8,4.56,4.56,110
IMP,2011-09-07,4.56,4.56,4.56,4.56,200
IMP,2011-09-08,4.56,4.56,4.51,4.51,430
IMP,2011-09-09,4.65,4.65,4.65,4.65,20
IMP,2011-09-12,4.76,4.76,4.71,4.71,20
IMP,2011-09-13,4.81,4.81,4.8,4.8,610
IMP,2011-09-14,4.57,4.57,4.57,4.57,10
IMP,2011-09-15,4.72,4.72,4.72,4.72,20
IMP,2011-09-16,4.72,4.72,4.72,4.72,30
IMP,2011-09-19,4.51,4.75,4.51,4.74,10010
IMP,2011-09-20,4.66,4.91,4.66,4.91,7150
IMP,2011-09-21,4.71,4.71,4.67,4.67,11550
IMP,2011-09-22,4.46,4.67,4.46,4.67,1710
IMP,2011-09-23,4.46,4.47,4.46,4.47,530
IMP,2011-09-26,4.47,4.61,4.46,4.61,370
IMP,2011-09-27,4.41,4.61,4.41,4.61,110
IMP,2011-09-28,4.56,4.61,4.56,4.56,1110
IMP,2011-09-29,4.56,4.56,4.56,4.56,600
IMP,2011-09-30,4.56,4.56,4.51,4.51,5260
IMP,2011-10-03,4.49,4.49,4.49,4.49,1000
IMP,2011-10-04,4.36,4.61,4.36,4.61,470
IMP,2011-10-05,4.41,4.56,4.41,4.56,350
IMP,2011-10-06,4.56,4.56,4.56,4.56,0
IMP,2011-10-07,4.56,4.56,4.56,4.56,0
IMP,2011-10-10,4.37,4.61,4.34,4.61,450
IMP,2011-10-11,4.55,4.56,4.51,4.56,8260
IMP,2011-10-12,4.51,4.51,4.51,4.51,500
IMP,2011-10-13,4.51,4.51,4.51,4.51,0
IMP,2011-10-14,4.51,4.51,4.51,4.51,2400
IMP,2011-10-17,4.51,4.51,4.51,4.51,10
IMP,2011-10-18,4.51,4.51,4.51,4.51,5000
IMP,2011-10-19,4.51,4.51,4.51,4.51,0
IMP,2011-10-20,4.51,4.51,4.51,4.51,2420
IMP,2011-10-21,4.51,4.51,4.51,4.51,1890
IMP,2011-10-24,4.46,4.46,4.46,4.46,640
IMP,2011-10-25,4.46,4.51,4.46,4.51,3010
IMP,2011-10-26,4.51,4.51,4.51,4.51,6850
IMP,2011-10-27,4.32,4.51,4.32,4.51,1150
IMP,2011-10-28,4.51,4.51,4.51,4.51,2000
IMP,2011-10-31,4.51,4.51,4.51,4.51,6210
IMP,2011-11-01,4.51,4.51,4.51,4.51,600
IMP,2011-11-02,4.51,4.51,4.51,4.51,10620
IMP,2011-11-03,4.51,4.51,4.51,4.51,7000
IMP,2011-11-04,4.51,4.51,4.51,4.51,3920
IMP,2011-11-07,4.51,4.73,4.51,4.73,2800
IMP,2011-11-08,4.93,4.93,4.93,4.93,100
IMP,2011-11-09,4.93,4.93,4.93,4.93,870
IMP,2011-11-10,4.93,4.93,4.93,4.93,0
IMP,2011-11-11,4.93,4.93,4.93,4.93,0
IMP,2011-11-14,4.93,4.93,4.93,4.93,0
IMP,2011-11-15,4.93,4.93,4.93,4.93,0
IMP,2011-11-16,4.93,4.93,4.93,4.93,0
IMP,2011-11-17,4.69,4.69,4.69,4.69,50
IMP,2011-11-18,4.69,4.69,4.69,4.69,0
IMP,2011-11-21,4.69,4.69,4.69,4.69,0
IMP,2011-11-22,4.69,4.69,4.69,4.69,0
IMP,2011-11-23,4.46,4.46,4.46,4.46,510
IMP,2011-11-24,4.23,4.23,4.23,4.23,160
IMP,2011-11-25,4.2,4.23,4.02,4.2,1120
IMP,2011-11-28,4.0,4.2,3.99,4.2,760
IMP,2011-11-29,3.99,4.0,3.99,3.99,3650
IMP,2011-11-30,3.99,4.18,3.8,3.8,360
IMP,2011-12-01,3.99,3.99,3.61,3.61,1910
IMP,2011-12-02,3.43,3.55,3.43,3.43,20720
IMP,2011-12-05,3.6,3.6,3.26,3.6,10940
IMP,2011-12-06,3.6,3.65,3.6,3.65,500
IMP,2011-12-07,3.65,3.65,3.5,3.65,2740
IMP,2011-12-08,3.65,3.65,3.52,3.65,2040
IMP,2011-12-09,3.6,3.6,3.5,3.52,3320
IMP,2011-12-12,3.53,3.55,3.45,3.55,9240
IMP,2011-12-13,3.59,3.6,3.58,3.59,2390
IMP,2011-12-14,3.65,3.65,3.55,3.6,10540
IMP,2011-12-15,3.51,3.65,3.51,3.65,6760
IMP,2011-12-16,3.6,3.65,3.5,3.65,9710
IMP,2011-12-19,3.62,3.65,3.55,3.63,10960
IMP,2011-12-20,3.65,3.65,3.63,3.63,11200
IMP,2011-12-21,3.6,3.64,3.6,3.63,4100
IMP,2011-12-22,3.6,3.81,3.6,3.81,13230
IMP,2011-12-23,3.8,3.84,3.8,3.84,2610
IMP,2011-12-26,3.8,3.86,3.8,3.86,10760
IMP,2011-12-27,3.86,3.86,3.8,3.86,12510
IMP,2011-12-28,3.86,3.89,3.86,3.88,1810
IMP,2011-12-29,3.69,3.69,3.69,3.69,7210
IMP,2011-12-30,3.51,3.87,3.51,3.87,20180
IMP,2012-01-03,3.9,4.06,3.9,4.06,20
IMP,2012-01-04,4.1,4.25,4.05,4.25,5010
IMP,2012-01-05,4.25,4.25,4.25,4.25,1020
IMP,2012-01-06,4.24,4.24,4.2,4.2,3000
IMP,2012-01-09,4.0,4.2,4.0,4.2,2120
IMP,2012-01-10,4.19,4.19,4.19,4.19,12000
IMP,2012-01-11,4.19,4.19,4.0,4.0,10500
IMP,2012-01-12,3.8,3.8,3.8,3.8,4800
IMP,2012-01-13,3.99,3.99,3.99,3.99,10
IMP,2012-01-16,4.18,4.18,4.18,4.18,10
IMP,2012-01-17,4.18,4.18,4.18,4.18,0
IMP,2012-01-18,4.18,4.31,4.18,4.2,38630
IMP,2012-01-19,4.2,4.2,4.2,4.2,41000
IMP,2012-01-20,4.2,4.2,4.15,4.15,21420
IMP,2012-01-30,4.36,4.36,4.36,4.36,10
IMP,2012-01-31,4.25,4.25,4.15,4.23,35770
IMP,2012-02-01,4.31,4.31,4.31,4.31,1340
IMP,2012-02-02,4.31,4.31,4.31,4.31,3010
IMP,2012-02-03,4.31,4.31,4.31,4.31,1300
IMP,2012-02-06,4.31,4.31,4.31,4.31,1300
IMP,2012-02-07,4.2,4.31,4.2,4.31,2500
IMP,2012-02-08,4.2,4.33,4.2,4.33,3510
IMP,2012-02-09,4.2,4.36,4.2,4.36,6000
IMP,2012-02-10,4.2,4.35,4.2,4.31,5560
IMP,2012-02-13,4.12,4.31,4.1,4.31,8800
IMP,2012-02-14,4.25,4.25,4.22,4.22,1650
IMP,2012-02-15,4.22,4.22,4.01,4.01,63760
IMP,2012-02-16,4.01,4.2,4.01,4.2,970
IMP,2012-02-17,4.2,4.2,3.99,4.1,57280
IMP,2012-02-20,4.19,4.19,4.0,4.19,16540
IMP,2012-02-21,4.2,4.2,4.2,4.2,7050
IMP,2012-02-22,4.2,4.2,4.19,4.2,10720
IMP,2012-02-23,4.05,4.18,4.0,4.18,6100
IMP,2012-02-24,4.38,4.38,4.21,4.21,4770
IMP,2012-02-27,4.32,4.32,4.2,4.2,2560
IMP,2012-02-28,4.1,4.15,4.0,4.09,4930
IMP,2012-02-29,4.0,4.09,4.0,4.09,5750
IMP,2012-03-01,4.0,4.05,4.0,4.05,5390
IMP,2012-03-02,4.05,4.1,4.04,4.04,4100
IMP,2012-03-05,4.04,4.09,4.04,4.08,21300
IMP,2012-03-06,4.05,4.08,4.05,4.08,570
IMP,2012-03-07,4.08,4.1,3.97,4.1,2530
IMP,2012-03-08,4.1,4.1,4.1,4.1,0
IMP,2012-03-09,4.0,4.07,3.95,4.05,3960
IMP,2012-03-12,3.86,4.05,3.86,4.05,5400
IMP,2012-03-13,3.9,4.02,3.9,3.91,940
IMP,2012-03-14,4.0,4.0,4.0,4.0,230
IMP,2012-03-15,3.84,4.0,3.84,4.0,1000
IMP,2012-03-16,3.99,4.0,3.86,4.0,270
IMP,2012-03-19,3.95,3.95,3.9,3.9,5550
IMP,2012-03-20,3.82,3.83,3.8,3.83,44820
IMP,2012-03-21,3.89,3.9,3.83,3.83,12870
IMP,2012-03-22,3.87,3.87,3.83,3.83,2660
IMP,2012-03-23,4.02,4.02,3.83,3.83,12130
IMP,2012-03-26,3.83,3.83,3.79,3.83,7510
IMP,2012-03-27,3.8,3.8,3.7,3.8,21670
IMP,2012-03-28,3.7,3.8,3.7,3.8,9570
IMP,2012-03-29,3.83,3.83,3.8,3.8,2050
IMP,2012-03-30,3.8,3.8,3.75,3.79,1050
IMP,2012-04-03,3.79,3.79,3.63,3.75,9470
IMP,2012-04-04,3.83,3.83,3.7,3.75,23460
IMP,2012-04-05,3.8,3.8,3.67,3.75,2810
IMP,2012-04-06,3.8,3.8,3.65,3.73,12260
IMP,2012-04-09,3.7,3.77,3.7,3.77,8950
IMP,2012-04-10,3.71,3.8,3.7,3.8,7260
IMP,2012-04-11,3.71,3.8,3.7,3.8,22580
IMP,2012-04-12,3.7,3.8,3.7,3.78,18380
IMP,2012-04-13,3.79,3.79,3.69,3.69,10030
IMP,2012-04-16,3.8,3.87,3.65,3.87,21440
IMP,2012-04-17,3.87,4.0,3.87,3.88,46110
IMP,2012-04-18,3.97,3.97,3.75,3.75,59800
IMP,2012-04-19,3.87,3.93,3.83,3.92,13670
IMP,2012-04-20,3.89,3.92,3.87,3.92,17550
IMP,2012-04-23,3.94,3.94,3.92,3.94,12780
IMP,2012-04-24,3.94,3.94,3.85,3.91,19900
IMP,2012-04-25,3.91,4.02,3.91,4.02,9050
IMP,2012-04-26,3.98,4.02,3.94,4.02,15700
IMP,2012-04-27,3.99,4.01,3.99,4.01,10740
IMP,2012-05-02,3.95,3.95,3.93,3.93,5080
IMP,2012-05-03,3.96,3.96,3.95,3.95,890
IMP,2012-05-04,3.93,3.95,3.88,3.94,19730
IMP,2012-05-07,3.93,3.97,3.93,3.97,14720
IMP,2012-05-08,3.95,4.01,3.95,3.98,15560
IMP,2012-05-09,4.01,4.13,4.01,4.02,10280
IMP,2012-05-10,4.03,4.03,3.95,4.02,18190
IMP,2012-05-11,3.93,4.01,3.93,4.0,4650
IMP,2012-05-14,4.0,4.0,3.91,3.91,3830
IMP,2012-05-15,3.73,3.93,3.73,3.93,7820
IMP,2012-05-16,3.82,3.93,3.82,3.83,5840
IMP,2012-05-17,3.82,3.93,3.82,3.84,3560
IMP,2012-05-18,3.84,3.84,3.81,3.81,15260
IMP,2012-05-21,3.79,3.86,3.79,3.83,1990
IMP,2012-05-22,3.93,3.93,3.86,3.87,8230
IMP,2012-05-23,3.87,3.96,3.86,3.91,6330
IMP,2012-05-24,3.9,3.96,3.89,3.93,1750
IMP,2012-05-25,3.86,4.01,3.86,3.87,4250
IMP,2012-05-28,3.97,3.97,3.97,3.97,30
IMP,2012-05-29,3.97,4.14,3.78,3.78,500
IMP,2012-05-30,3.96,3.96,3.95,3.96,3620
IMP,2012-05-31,3.9,4.03,3.9,3.91,11130
IMP,2012-06-01,3.98,4.03,3.93,4.03,3810
IMP,2012-06-04,3.93,4.03,3.91,4.03,4540
IMP,2012-06-05,3.98,4.14,3.98,4.03,10380
IMP,2012-06-06,4.03,4.13,4.03,4.13,15640
IMP,2012-06-07,4.14,4.19,3.99,3.99,23110
IMP,2012-06-08,4.16,4.16,4.02,4.14,12150
IMP,2012-06-11,4.17,4.22,4.17,4.22,20
IMP,2012-06-12,4.02,4.24,4.02,4.02,2270
IMP,2012-06-13,4.12,4.12,3.98,3.98,5940
IMP,2012-06-14,4.14,4.14,3.98,4.01,5950
IMP,2012-06-15,4.04,4.04,4.03,4.03,630
IMP,2012-06-18,4.1,4.13,4.01,4.06,3060
IMP,2012-06-19,4.07,4.14,4.06,4.06,1120
IMP,2012-06-20,4.07,4.1,4.07,4.1,9690
IMP,2012-06-21,4.06,4.13,3.89,4.03,10210
IMP,2012-06-22,4.08,4.08,4.07,4.07,24210
IMP,2012-06-25,4.08,4.11,4.08,4.11,3100
IMP,2012-06-26,4.11,4.13,3.95,4.13,7050
IMP,2012-06-27,4.08,4.13,4.07,4.12,5000
IMP,2012-06-28,4.14,4.14,4.05,4.13,4300
IMP,2012-06-29,3.98,4.14,3.98,4.14,4010
IMP,2012-07-02,4.12,4.13,4.12,4.13,1980
IMP,2012-07-03,3.98,4.08,3.98,4.06,7560
IMP,2012-07-04,4.11,4.14,4.07,4.07,5710
IMP,2012-07-05,4.11,4.14,4.06,4.07,7000
IMP,2012-07-06,4.11,4.11,4.11,4.11,5000
IMP,2012-07-09,4.14,4.14,4.03,4.13,11190
IMP,2012-07-10,4.12,4.13,4.03,4.13,10980
IMP,2012-07-11,4.14,4.14,4.14,4.14,4600
IMP,2012-07-12,4.14,4.14,4.14,4.14,14000
IMP,2012-07-13,4.14,4.24,4.14,4.14,6310
IMP,2012-07-16,4.04,4.17,4.04,4.17,5100
IMP,2012-07-17,4.17,4.17,4.17,4.17,4100
IMP,2012-07-18,4.14,4.14,4.14,4.14,7640
IMP,2012-07-19,4.14,4.14,4.14,4.14,1000
IMP,2012-07-20,4.14,4.14,4.14,4.14,0
IMP,2012-07-23,4.14,4.14,4.14,4.14,1000
IMP,2012-07-24,4.14,4.14,4.14,4.14,1510
IMP,2012-07-25,4.14,4.14,4.14,4.14,0
IMP,2012-07-26,4.08,4.13,4.03,4.03,2500
IMP,2012-07-27,4.14,4.14,4.14,4.14,10
IMP,2012-07-30,4.14,4.14,4.14,4.14,0
IMP,2012-07-31,4.03,4.11,4.03,4.11,20
IMP,2012-08-01,4.11,4.14,4.11,4.14,1200
IMP,2012-08-02,4.14,4.14,4.14,4.14,0
IMP,2012-08-03,4.03,4.03,4.03,4.03,740
IMP,2012-08-06,4.03,4.13,4.03,4.13,3210
IMP,2012-08-07,4.13,4.13,4.13,4.13,0
IMP,2012-08-08,4.13,4.23,4.08,4.23,27700
IMP,2012-08-09,4.04,4.23,4.04,4.23,1100
IMP,2012-08-10,4.22,4.22,4.06,4.06,1950
IMP,2012-08-13,4.06,4.23,4.06,4.22,640
IMP,2012-08-14,4.14,4.14,4.14,4.14,250
IMP,2012-08-15,4.14,4.14,4.14,4.14,50
IMP,2012-08-16,4.03,4.14,4.03,4.14,1120
IMP,2012-08-17,4.14,4.14,4.14,4.14,2000
IMP,2012-08-20,4.19,4.19,4.14,4.14,10600
IMP,2012-08-21,3.99,4.28,3.99,4.28,370
IMP,2012-08-22,4.28,4.28,4.22,4.22,160
IMP,2012-08-23,4.14,4.14,4.03,4.14,160
IMP,2012-08-24,4.24,4.24,4.24,4.24,10
IMP,2012-08-27,4.19,4.19,4.03,4.03,13850
IMP,2012-08-28,4.03,4.03,4.02,4.02,14310
IMP,2012-08-29,4.03,4.03,4.03,4.03,400
IMP,2012-08-30,4.03,4.03,4.03,4.03,100
IMP,2012-08-31,4.08,4.08,4.03,4.03,3150
IMP,2012-09-04,4.03,4.03,3.83,4.03,4910
IMP,2012-09-05,4.03,4.03,3.87,4.03,4430
IMP,2012-09-06,4.03,4.03,4.03,4.03,0
IMP,2012-09-07,4.08,4.08,3.87,4.03,2880
IMP,2012-09-10,3.84,4.03,3.83,4.03,1610
IMP,2012-09-11,3.98,3.98,3.98,3.98,7900
IMP,2012-09-12,3.98,3.98,3.98,3.98,0
IMP,2012-09-13,4.14,4.17,4.03,4.17,21940
IMP,2012-09-14,4.37,4.37,4.2,4.24,15010
IMP,2012-09-17,4.23,4.24,4.23,4.23,18500
IMP,2012-09-18,4.15,4.15,4.13,4.13,13290
IMP,2012-09-19,4.03,4.13,4.03,4.13,6760
IMP,2012-09-20,4.03,4.14,4.03,4.12,23480
IMP,2012-09-21,4.12,4.12,4.12,4.12,0
IMP,2012-09-24,4.06,4.06,4.05,4.05,640
IMP,2012-09-25,4.07,4.07,3.98,3.98,4040
IMP,2012-09-26,4.14,4.14,4.03,4.03,1010
IMP,2012-09-27,4.13,4.13,4.13,4.13,500
IMP,2012-09-28,4.03,4.24,4.03,4.24,13850
IMP,2012-10-01,4.24,4.24,4.24,4.24,3430
IMP,2012-10-02,4.06,4.24,4.05,4.24,400
IMP,2012-10-03,4.24,4.24,4.24,4.24,0
IMP,2012-10-04,4.24,4.24,4.24,4.24,0
IMP,2012-10-05,4.24,4.24,4.24,4.24,0
IMP,2012-10-08,4.24,4.46,4.03,4.46,140
IMP,2012-10-09,4.4,4.4,4.4,4.4,10
IMP,2012-10-10,4.35,4.46,4.35,4.46,90
IMP,2012-10-11,4.45,4.45,4.4,4.45,200
IMP,2012-10-12,4.46,4.56,4.45,4.45,3360
IMP,2012-10-15,4.43,4.43,4.3,4.42,900
IMP,2012-10-16,4.57,4.63,4.57,4.63,160
IMP,2012-10-17,4.46,4.57,4.45,4.57,660
IMP,2012-10-18,4.45,4.45,4.45,4.45,60
IMP,2012-10-19,4.57,4.57,4.45,4.45,510
IMP,2012-10-22,4.57,4.57,4.57,4.57,10
IMP,2012-10-23,4.57,4.57,4.57,4.57,0
IMP,2012-10-24,4.75,4.75,4.75,4.75,10
IMP,2012-10-25,4.52,4.57,4.52,4.57,260
IMP,2012-10-26,4.57,4.57,4.57,4.57,0
IMP,2012-10-29,4.57,4.57,4.57,4.57,10
IMP,2012-10-30,4.57,4.57,4.57,4.57,0
IMP,2012-10-31,4.45,4.45,4.39,4.45,380
IMP,2012-11-01,4.27,4.66,4.27,4.66,210
IMP,2012-11-02,4.43,4.43,4.43,4.43,220
IMP,2012-11-05,4.33,4.33,4.33,4.33,140
IMP,2012-11-06,4.29,4.33,4.29,4.33,720
IMP,2012-11-07,4.43,4.43,4.43,4.43,10
IMP,2012-11-08,4.33,4.49,4.33,4.49,210
IMP,2012-11-09,4.39,4.39,4.33,4.33,1840
IMP,2012-11-12,4.33,4.33,4.21,4.33,900
IMP,2012-11-13,4.31,4.31,4.3,4.3,240
IMP,2012-11-14,4.33,4.33,4.33,4.33,500
IMP,2012-11-15,4.43,4.43,4.33,4.33,560
IMP,2012-11-16,4.39,4.39,4.39,4.39,10
IMP,2012-11-19,4.27,4.27,4.27,4.27,500
IMP,2012-11-20,4.47,4.47,4.1,4.23,340
IMP,2012-11-21,4.33,4.33,4.33,4.33,60
IMP,2012-11-22,4.21,4.39,4.21,4.3,2070
IMP,2012-11-23,4.39,4.39,4.21,4.27,1370
IMP,2012-11-26,4.21,4.33,4.21,4.33,880
IMP,2012-11-27,4.25,4.25,4.25,4.25,130
IMP,2012-11-28,4.3,4.3,4.3,4.3,20
IMP,2012-11-29,4.51,4.51,4.21,4.21,450
IMP,2012-11-30,4.31,4.31,4.31,4.31,10
IMP,2012-12-03,4.23,4.33,4.23,4.33,270
IMP,2012-12-04,4.33,4.33,4.3,4.3,240
IMP,2012-12-05,4.27,4.33,4.23,4.27,440
IMP,2012-12-06,4.21,4.25,4.21,4.22,4670
IMP,2012-12-07,4.17,4.23,4.17,4.21,3300
IMP,2012-12-10,4.22,4.23,4.21,4.23,7050
IMP,2012-12-11,4.18,4.18,4.18,4.18,1300
IMP,2012-12-12,4.21,4.23,4.21,4.23,2270
IMP,2012-12-13,4.27,4.27,4.21,4.21,2020
IMP,2012-12-14,4.21,4.21,4.21,4.21,0
IMP,2012-12-17,4.23,4.24,4.21,4.21,3640
IMP,2012-12-18,4.21,4.23,4.15,4.15,5840
IMP,2012-12-19,4.16,4.16,4.16,4.16,1250
IMP,2012-12-20,4.21,4.21,4.21,4.21,3000
IMP,2012-12-21,4.21,4.21,4.18,4.18,390
IMP,2012-12-24,4.18,4.18,4.18,4.18,400
IMP,2012-12-25,4.18,4.19,4.18,4.19,2770
IMP,2012-12-26,4.33,4.33,4.33,4.33,5000
IMP,2012-12-27,4.21,4.24,4.21,4.24,1600
IMP,2012-12-28,4.21,4.24,4.21,4.24,3300
IMP,2013-01-02,4.21,4.21,4.21,4.21,5090
IMP,2013-01-03,4.21,4.21,4.19,4.21,1670
IMP,2013-01-04,4.21,4.21,4.21,4.21,2000
IMP,2013-01-07,4.21,4.21,4.15,4.21,3180
IMP,2013-01-08,4.19,4.19,4.15,4.19,9850
IMP,2013-01-09,4.19,4.4,4.19,4.33,52790
IMP,2013-01-10,4.21,4.31,4.21,4.23,13460
IMP,2013-01-11,4.12,4.31,4.12,4.21,28650
IMP,2013-01-14,4.15,4.21,4.15,4.21,1150
IMP,2013-01-15,4.16,4.17,4.15,4.17,14040
IMP,2013-01-16,4.17,4.17,4.09,4.17,7200
IMP,2013-01-17,4.17,4.17,4.09,4.15,23000
IMP,2013-01-18,4.1,4.1,4.09,4.09,2000
IMP,2013-01-21,4.15,4.15,4.06,4.15,10210
IMP,2013-01-22,4.21,4.21,4.09,4.1,12940
IMP,2013-01-23,4.09,4.15,4.07,4.15,11950
IMP,2013-01-24,4.15,4.24,4.15,4.24,8100
IMP,2013-01-25,4.27,4.27,4.19,4.22,11360
IMP,2013-01-28,4.22,4.25,3.98,4.21,27970
IMP,2013-01-29,4.21,4.21,3.92,4.15,11470
IMP,2013-01-30,4.19,4.19,4.0,4.15,2050
IMP,2013-01-31,4.15,4.15,3.91,4.09,4350
IMP,2013-02-01,4.09,4.15,4.09,4.15,6210
IMP,2013-02-04,4.25,4.25,4.25,4.25,3480
IMP,2013-02-05,4.21,4.21,3.99,4.19,540
IMP,2013-02-06,4.24,4.24,4.19,4.19,380
IMP,2013-02-07,4.25,4.25,3.94,4.18,2670
IMP,2013-02-08,4.04,4.04,4.04,4.04,10
IMP,2013-02-18,4.31,4.31,4.04,4.21,4360
IMP,2013-02-19,4.15,4.15,4.1,4.1,620
IMP,2013-02-20,4.21,4.21,4.11,4.18,3240
IMP,2013-02-21,4.15,4.17,4.09,4.09,24080
IMP,2013-02-22,4.19,4.19,4.05,4.15,1970
IMP,2013-02-25,4.09,4.13,4.09,4.09,980
IMP,2013-02-26,4.19,4.21,4.09,4.09,4120
IMP,2013-02-27,4.1,4.11,4.09,4.1,15960
IMP,2013-02-28,4.27,4.27,4.15,4.19,1260
IMP,2013-03-01,4.19,4.19,4.09,4.1,1220
IMP,2013-03-04,4.15,4.15,4.15,4.15,10
IMP,2013-03-05,4.09,4.09,4.09,4.09,500
IMP,2013-03-06,4.09,4.09,4.07,4.09,2050
IMP,2013-03-07,4.09,4.09,4.09,4.09,500
IMP,2013-03-08,4.09,4.09,4.09,4.09,500
IMP,2013-03-11,4.09,4.09,4.09,4.09,100
IMP,2013-03-12,4.09,4.09,4.01,4.03,2600
IMP,2013-03-13,4.09,4.09,3.98,4.09,2350
IMP,2013-03-14,4.03,4.09,4.01,4.09,6560
IMP,2013-03-15,4.0,4.06,3.98,4.06,8010
IMP,2013-03-18,4.07,4.07,4.07,4.07,10
IMP,2013-03-19,4.07,4.07,3.97,4.07,5900
IMP,2013-03-20,4.09,4.35,4.09,4.35,106780
IMP,2013-03-21,4.61,4.65,4.61,4.65,192830
IMP,2013-03-22,4.91,4.91,4.34,4.45,39600
IMP,2013-03-25,4.45,4.45,4.25,4.43,16500
IMP,2013-03-26,4.34,4.34,4.16,4.31,43790
IMP,2013-03-27,4.33,4.45,4.29,4.33,73110
IMP,2013-03-28,4.33,4.33,4.15,4.21,17240
IMP,2013-03-29,4.15,4.21,4.09,4.11,11880
IMP,2013-04-01,4.11,4.18,4.01,4.17,36860
IMP,2013-04-02,4.17,4.17,4.09,4.1,63240
IMP,2013-04-03,4.1,4.13,4.09,4.09,5110
IMP,2013-04-04,4.05,4.09,3.97,3.97,48860
IMP,2013-04-05,4.11,4.11,3.98,3.98,28450
IMP,2013-04-08,4.18,4.18,4.0,4.09,5870
IMP,2013-04-09,4.09,4.09,4.03,4.09,22720
IMP,2013-04-10,4.15,4.15,4.03,4.05,15270
IMP,2013-04-11,4.06,4.06,3.94,3.97,18400
IMP,2013-04-12,3.92,3.99,3.89,3.95,21340
IMP,2013-04-15,3.92,3.94,3.88,3.94,27770
IMP,2013-04-16,3.97,3.97,3.85,3.85,20250
IMP,2013-04-17,3.95,3.95,3.85,3.93,11120
IMP,2013-04-18,3.95,3.95,3.82,3.82,27280
IMP,2013-04-22,3.94,3.94,3.72,3.82,18670
IMP,2013-04-23,3.85,3.85,3.79,3.79,1980
IMP,2013-04-24,3.89,3.89,3.85,3.85,50
IMP,2013-04-25,3.85,3.85,3.58,3.72,7350
IMP,2013-04-26,3.83,3.83,3.83,3.83,20
IMP,2013-05-02,3.8,3.81,3.72,3.72,5380
IMP,2013-05-03,3.85,3.85,3.72,3.74,18180
IMP,2013-05-06,3.91,3.91,3.79,3.82,4570
IMP,2013-05-07,3.81,3.81,3.81,3.81,90
IMP,2013-05-08,3.82,3.83,3.82,3.83,100
IMP,2013-05-09,3.79,3.8,3.72,3.72,27970
IMP,2013-05-10,3.66,3.79,3.66,3.77,5110
IMP,2013-05-13,3.79,3.82,3.72,3.79,7630
IMP,2013-05-14,3.74,3.8,3.72,3.8,9010
IMP,2013-05-15,3.75,3.97,3.75,3.83,6690
IMP,2013-05-16,3.76,3.76,3.76,3.76,890
IMP,2013-05-17,3.76,3.82,3.76,3.79,20300
IMP,2013-05-20,3.79,3.83,3.76,3.81,4450
IMP,2013-05-21,3.81,3.83,3.8,3.83,8050
IMP,2013-05-22,3.89,3.91,3.83,3.91,11410
IMP,2013-05-23,3.97,3.97,3.89,3.89,5610
IMP,2013-05-24,3.92,4.01,3.89,4.01,6140
IMP,2013-05-27,4.03,4.07,3.98,4.03,7070
IMP,2013-05-28,3.98,3.99,3.85,3.99,13290
IMP,2013-05-29,3.89,3.97,3.87,3.88,2770
IMP,2013-05-30,3.89,3.91,3.79,3.8,37790
IMP,2013-05-31,3.8,3.86,3.8,3.85,43960
IMP,2013-06-03,3.91,4.09,3.86,3.86,9970
IMP,2013-06-04,3.87,3.89,3.86,3.86,21670
IMP,2013-06-05,3.97,3.98,3.94,3.96,4690
IMP,2013-06-06,3.94,3.99,3.94,3.98,34540
IMP,2013-06-07,3.98,4.06,3.94,4.03,53060
IMP,2013-06-10,4.07,4.22,4.03,4.13,39520
IMP,2013-06-11,4.14,4.22,4.07,4.16,36650
IMP,2013-06-12,4.17,4.39,4.17,4.39,36730
IMP,2013-06-13,4.34,4.39,4.22,4.22,26830
IMP,2013-06-14,4.22,4.22,4.12,4.22,31780
IMP,2013-06-17,4.22,4.22,4.13,4.13,46660
IMP,2013-06-18,4.13,4.2,4.09,4.2,10970
IMP,2013-06-19,4.32,4.32,4.18,4.24,32180
IMP,2013-06-20,4.32,4.47,4.24,4.35,88650
IMP,2013-06-21,4.4,4.47,4.35,4.37,8820
IMP,2013-06-24,4.37,4.47,4.29,4.39,19240
IMP,2013-06-25,4.42,4.42,4.13,4.32,43440
IMP,2013-06-26,4.34,4.34,4.18,4.3,18590
IMP,2013-06-27,4.32,4.32,4.22,4.29,32620
IMP,2013-06-28,4.22,4.28,4.22,4.22,19010
IMP,2013-07-01,4.28,4.3,4.22,4.3,31470
IMP,2013-07-02,4.35,4.35,4.22,4.23,21180
IMP,2013-07-03,4.28,4.28,4.25,4.25,240
IMP,2013-07-04,4.25,4.25,4.12,4.13,24310
IMP,2013-07-05,4.2,4.2,4.14,4.16,45390
IMP,2013-07-08,4.14,4.22,4.13,4.22,30920
IMP,2013-07-09,4.13,4.22,4.13,4.16,35350
IMP,2013-07-10,4.22,4.22,4.16,4.16,28230
IMP,2013-07-11,4.2,4.39,4.2,4.32,69510
IMP,2013-07-12,4.32,4.47,4.32,4.33,1770
IMP,2013-07-15,4.24,4.34,4.23,4.23,12650
IMP,2013-07-16,4.29,4.29,4.22,4.23,3150
IMP,2013-07-17,4.33,4.33,4.24,4.28,2670
IMP,2013-07-18,4.28,4.29,4.24,4.28,2610
IMP,2013-07-19,4.28,4.32,4.24,4.3,11820
IMP,2013-07-22,4.33,4.47,4.29,4.47,72120
IMP,2013-07-23,4.47,4.76,4.47,4.68,59970
IMP,2013-07-24,4.68,4.71,4.5,4.58,13340
IMP,2013-07-25,4.35,4.58,4.35,4.43,12750
IMP,2013-07-26,4.47,4.47,4.4,4.45,5430
IMP,2013-07-29,4.47,4.47,4.3,4.39,14920
IMP,2013-07-30,4.3,4.4,4.3,4.4,4510
IMP,2013-07-31,4.35,4.4,4.23,4.4,25460
IMP,2013-08-01,4.4,4.4,4.4,4.4,6400
IMP,2013-08-02,4.27,4.4,4.27,4.4,3120
IMP,2013-08-05,4.4,4.59,4.4,4.5,55190
IMP,2013-08-06,4.53,4.79,4.53,4.66,79460
IMP,2013-08-07,4.75,4.75,4.66,4.71,14100
IMP,2013-08-08,4.65,4.7,4.56,4.59,25610
IMP,2013-08-09,4.59,4.59,4.49,4.49,15740
IMP,2013-08-12,4.49,4.59,4.42,4.55,7090
IMP,2013-08-13,4.55,4.69,4.44,4.59,33320
IMP,2013-08-14,4.59,4.61,4.54,4.59,9420
IMP,2013-08-15,4.68,4.69,4.59,4.61,20190
IMP,2013-08-16,4.64,4.64,4.47,4.48,22570
IMP,2013-08-19,4.55,4.61,4.48,4.49,17220
IMP,2013-08-20,4.58,4.58,4.45,4.49,12860
IMP,2013-08-21,4.47,4.59,4.45,4.55,30770
IMP,2013-08-22,4.48,4.56,4.47,4.47,27300
IMP,2013-08-23,4.53,4.53,4.4,4.5,15830
IMP,2013-08-26,4.5,4.53,4.42,4.53,10710
IMP,2013-08-27,4.47,4.49,4.47,4.47,2800
IMP,2013-08-28,4.47,4.47,4.27,4.43,15080
IMP,2013-08-29,4.48,4.48,4.4,4.47,1140
IMP,2013-08-30,4.4,4.47,4.35,4.47,4750
IMP,2013-09-03,4.47,4.47,4.35,4.35,2350
IMP,2013-09-04,4.35,4.39,4.27,4.29,8530
IMP,2013-09-05,4.28,4.3,4.25,4.3,7310
IMP,2013-09-06,4.34,4.38,4.3,4.34,5120
IMP,2013-09-09,4.39,4.4,4.38,4.38,430
IMP,2013-09-10,4.22,4.38,4.22,4.38,1020
IMP,2013-09-11,4.4,4.4,4.32,4.39,9280
IMP,2013-09-12,4.32,4.39,4.32,4.39,1900
IMP,2013-09-13,4.33,4.47,4.32,4.4,1430
IMP,2013-09-16,4.33,4.42,4.33,4.42,470
IMP,2013-09-17,4.34,4.39,4.27,4.29,7720
IMP,2013-09-18,4.38,4.38,4.29,4.29,3160
IMP,2013-09-19,4.33,4.33,4.29,4.32,4800
IMP,2013-09-20,4.33,4.34,4.28,4.34,22950
IMP,2013-09-23,4.34,4.45,4.33,4.45,14870
IMP,2013-09-24,4.4,4.44,4.4,4.4,11960
IMP,2013-09-25,4.4,4.42,4.34,4.34,37750
IMP,2013-09-26,4.3,4.37,4.29,4.35,8110
IMP,2013-09-27,4.34,4.39,4.33,4.37,4130
IMP,2013-09-30,4.38,4.39,4.34,4.39,38530
IMP,2013-10-01,4.39,4.39,4.3,4.32,33510
IMP,2013-10-02,4.4,4.4,4.32,4.34,6170
IMP,2013-10-03,4.34,4.39,4.33,4.33,2840
IMP,2013-10-04,4.34,4.35,4.32,4.32,9850
IMP,2013-10-07,4.33,4.35,4.33,4.35,7910
IMP,2013-10-08,4.35,4.35,4.33,4.35,7950
IMP,2013-10-09,4.37,4.65,4.37,4.65,55960
IMP,2013-10-10,4.74,4.78,4.66,4.71,46360
IMP,2013-10-11,4.71,4.78,4.65,4.65,28770
IMP,2013-10-14,4.65,4.65,4.54,4.56,6470
IMP,2013-10-15,4.54,4.59,4.53,4.54,16480
IMP,2013-10-16,4.59,4.78,4.54,4.7,19980
IMP,2013-10-17,4.65,4.7,4.59,4.65,13450
IMP,2013-10-18,4.59,4.65,4.59,4.65,4000
IMP,2013-10-21,4.34,4.65,4.34,4.61,14860
IMP,2013-10-22,4.59,4.59,4.47,4.47,26450
IMP,2013-10-23,4.53,4.59,4.47,4.59,7570
IMP,2013-10-24,4.51,4.53,4.49,4.53,1550
IMP,2013-10-25,4.54,4.54,4.48,4.5,13640
IMP,2013-10-28,4.53,4.53,4.49,4.49,15250
IMP,2013-10-29,4.49,4.54,4.49,4.53,23890
IMP,2013-10-30,4.53,4.59,4.53,4.54,19270
IMP,2013-10-31,4.54,4.55,4.5,4.55,24810
IMP,2013-11-01,4.55,4.55,4.47,4.51,19360
IMP,2013-11-04,4.49,4.53,4.4,4.47,84230
IMP,2013-11-05,4.5,4.5,4.47,4.5,19560
IMP,2013-11-06,4.53,4.53,4.48,4.5,9240
IMP,2013-11-07,4.5,4.54,4.5,4.5,12270
IMP,2013-11-08,4.5,4.54,4.49,4.51,6490
IMP,2013-11-11,4.48,4.58,4.48,4.58,14690
IMP,2013-11-12,4.65,4.65,4.55,4.59,15190
IMP,2013-11-13,4.6,4.6,4.55,4.58,17460
IMP,2013-11-14,4.6,4.7,4.5,4.59,8330
IMP,2013-11-15,4.6,4.6,4.55,4.6,3660
IMP,2013-11-18,4.56,4.73,4.56,4.72,25730
IMP,2013-11-19,4.72,4.72,4.72,4.72,30330
IMP,2013-11-20,4.72,4.84,4.67,4.84,23940
IMP,2013-11-21,4.78,4.86,4.78,4.82,6170
IMP,2013-11-22,4.67,4.82,4.65,4.65,3200
IMP,2013-11-25,4.76,4.76,4.64,4.64,6420
IMP,2013-11-26,4.63,4.82,4.63,4.69,4640
IMP,2013-11-27,4.69,4.83,4.67,4.67,5010
IMP,2013-11-28,4.68,4.73,4.63,4.67,1090
IMP,2013-11-29,4.64,4.67,4.64,4.65,2730
IMP,2013-12-02,4.65,4.72,4.6,4.72,2990
IMP,2013-12-03,4.65,4.74,4.65,4.74,2370
IMP,2013-12-04,4.78,4.78,4.68,4.72,3050
IMP,2013-12-05,4.72,4.74,4.72,4.73,9080
IMP,2013-12-06,4.72,4.78,4.72,4.78,13700
IMP,2013-12-09,4.78,4.78,4.72,4.72,5420
IMP,2013-12-10,4.72,4.79,4.72,4.73,15780
IMP,2013-12-11,4.69,4.73,4.65,4.73,8820
IMP,2013-12-12,4.65,4.7,4.63,4.7,2120
IMP,2013-12-13,4.7,4.84,4.67,4.76,5010
IMP,2013-12-16,4.67,4.74,4.67,4.74,3460
IMP,2013-12-17,4.78,4.78,4.67,4.68,1230
IMP,2013-12-18,4.78,4.78,4.78,4.78,1000
IMP,2013-12-19,4.72,4.77,4.7,4.73,4860
IMP,2013-12-20,4.77,4.77,4.72,4.72,18310
IMP,2013-12-23,4.76,4.78,4.72,4.78,24270
IMP,2013-12-24,4.78,4.84,4.78,4.81,13670
IMP,2013-12-25,4.83,4.83,4.78,4.78,18540
IMP,2013-12-26,4.78,4.78,4.78,4.78,1890
IMP,2013-12-27,4.79,4.79,4.77,4.79,5400
IMP,2013-12-30,4.78,4.78,4.67,4.67,7970
IMP,2013-12-31,4.63,4.77,4.63,4.76,790
IMP,2014-01-02,4.76,4.77,4.76,4.77,2410
IMP,2014-01-03,4.76,4.79,4.72,4.79,13010
IMP,2014-01-06,4.81,5.11,4.81,5.1,55630
IMP,2014-01-07,5.04,5.1,5.01,5.1,20980
IMP,2014-01-08,5.02,5.23,5.01,5.21,43410
IMP,2014-01-09,5.35,5.35,5.14,5.15,58460
IMP,2014-01-10,5.16,5.23,5.16,5.16,67400
IMP,2014-01-13,5.16,5.47,5.15,5.15,22490
IMP,2014-01-14,5.11,5.18,5.11,5.15,51480
IMP,2014-01-15,5.18,5.51,5.18,5.51,44560
IMP,2014-01-16,5.89,5.89,5.89,5.89,25610
IMP,2014-01-17,6.23,6.23,5.93,6.08,162880
IMP,2014-01-20,6.06,6.11,5.74,5.99,72790
IMP,2014-01-21,6.12,6.37,5.98,6.37,73610
IMP,2014-01-22,6.37,6.5,6.11,6.13,135440
IMP,2014-01-23,6.13,6.36,6.12,6.21,63280
IMP,2014-01-24,6.25,6.44,6.25,6.31,78480
IMP,2014-01-27,6.37,6.37,6.26,6.34,50580
IMP,2014-02-06,6.25,6.34,6.22,6.31,124760
IMP,2014-02-07,6.31,6.69,6.31,6.5,96230
IMP,2014-02-10,6.63,6.95,6.57,6.95,35310
IMP,2014-02-11,6.95,7.33,6.95,7.01,57190
IMP,2014-02-12,7.14,7.39,7.01,7.39,41360
IMP,2014-02-13,7.52,7.52,7.01,7.27,85910
IMP,2014-02-14,7.27,7.27,7.08,7.27,108020
IMP,2014-02-17,7.27,7.27,7.14,7.2,41090
IMP,2014-02-18,7.27,7.27,7.01,7.14,45940
IMP,2014-02-19,7.14,7.27,7.08,7.27,55640
IMP,2014-02-20,7.33,7.33,6.88,6.88,119320
IMP,2014-02-21,7.01,7.08,6.82,7.08,35300
IMP,2014-02-24,7.08,7.08,7.01,7.08,21020
IMP,2014-02-25,7.01,7.14,7.01,7.14,36570
IMP,2014-02-26,7.2,7.2,6.88,7.08,18350
IMP,2014-02-27,7.14,7.14,7.01,7.08,27830
IMP,2014-02-28,6.88,7.01,6.88,7.01,19130
IMP,2014-03-03,7.01,7.01,6.82,6.82,13000
IMP,2014-03-04,6.82,6.82,6.63,6.69,18100
IMP,2014-03-05,6.88,7.14,6.88,7.14,35120
IMP,2014-03-06,7.27,7.59,7.27,7.59,67710
IMP,2014-03-07,7.84,7.84,7.59,7.65,37000
IMP,2014-03-10,7.59,7.59,7.46,7.59,27210
IMP,2014-03-11,7.59,7.65,7.52,7.65,27980
IMP,2014-03-12,7.78,8.16,7.78,8.03,94390
IMP,2014-03-13,8.1,8.1,7.78,8.03,5460
IMP,2014-03-14,8.1,8.29,7.97,8.29,68870
IMP,2014-03-17,8.03,8.29,8.03,8.22,11580
IMP,2014-03-18,8.22,8.29,8.03,8.22,19350
IMP,2014-03-19,8.67,8.73,8.41,8.61,54590
IMP,2014-03-20,8.92,9.18,8.67,8.73,146050
IMP,2014-03-21,8.92,8.92,8.48,8.61,42300
IMP,2014-03-24,8.54,8.73,8.54,8.67,37250
IMP,2014-03-25,8.61,8.61,8.35,8.41,33660
IMP,2014-03-26,8.35,8.35,7.84,7.9,82080
IMP,2014-03-27,7.9,7.9,7.59,7.84,29510
IMP,2014-03-28,7.71,8.29,7.71,7.97,108920
IMP,2014-03-31,8.03,8.1,7.9,7.97,40830
IMP,2014-04-01,7.9,8.03,7.84,7.97,31840
IMP,2014-04-02,7.9,7.9,7.59,7.65,31250
IMP,2014-04-03,7.9,8.03,7.78,7.9,26350
IMP,2014-04-04,7.9,8.1,7.84,7.9,10150
IMP,2014-04-07,7.9,7.97,7.9,7.97,10340
IMP,2014-04-08,7.9,8.03,7.9,8.03,9350
IMP,2014-04-10,7.9,8.03,7.9,7.97,20540
IMP,2014-04-11,7.9,7.97,7.78,7.84,13690
IMP,2014-04-14,7.9,7.9,7.78,7.78,59640
IMP,2014-04-15,7.78,7.84,7.71,7.78,7720
IMP,2014-04-16,7.78,7.78,7.46,7.78,32710
IMP,2014-04-17,7.84,7.84,7.71,7.78,10310
IMP,2014-04-18,7.78,7.78,7.46,7.59,16130
IMP,2014-04-21,7.52,7.52,7.14,7.14,34850
IMP,2014-04-22,7.14,7.39,6.69,7.08,39570
IMP,2014-04-23,7.08,7.39,7.08,7.14,12530
IMP,2014-04-24,7.2,7.2,7.01,7.2,5720
IMP,2014-04-25,7.08,7.39,7.08,7.39,11220
IMP,2014-04-28,7.46,7.46,7.27,7.27,5080
IMP,2014-04-29,7.27,7.33,7.27,7.33,27140
IMP,2014-05-05,7.39,7.39,7.08,7.33,18160
IMP,2014-05-06,7.14,7.27,6.88,7.14,15290
IMP,2014-05-07,7.01,7.2,7.01,7.08,4430
IMP,2014-05-08,7.08,7.08,6.63,6.63,79920
IMP,2014-05-09,6.76,6.82,6.63,6.76,16730
IMP,2014-05-12,6.63,6.63,6.29,6.29,27920
IMP,2014-05-13,6.25,6.31,6.12,6.18,20110
IMP,2014-05-14,6.37,6.57,6.18,6.5,26680
IMP,2014-05-15,6.83,6.83,6.5,6.55,15680
IMP,2014-05-16,6.57,6.63,6.55,6.63,18950
IMP,2014-05-19,6.83,6.83,6.5,6.76,27120
IMP,2014-05-20,6.57,6.7,6.5,6.57,22530
IMP,2014-05-21,6.57,6.9,6.57,6.9,7620
IMP,2014-05-22,6.9,7.16,6.76,6.83,15520
IMP,2014-05-23,6.83,6.83,6.7,6.7,8440
IMP,2014-05-26,6.7,6.76,6.7,6.76,920
IMP,2014-05-27,6.76,6.96,6.7,6.9,51290
IMP,2014-05-28,6.9,7.09,6.9,6.96,8380
IMP,2014-05-29,6.9,6.96,6.9,6.96,1240
IMP,2014-05-30,6.83,7.03,6.83,6.9,9460
IMP,2014-06-02,6.83,6.83,6.7,6.83,13040
IMP,2014-06-03,6.9,6.9,6.7,6.83,12730
IMP,2014-06-04,6.83,6.9,6.7,6.83,48140
IMP,2014-06-05,6.76,6.9,6.7,6.9,16700
IMP,2014-06-06,6.9,7.03,6.9,7.03,30580
IMP,2014-06-09,7.09,7.09,6.96,7.03,1330
IMP,2014-06-10,6.96,6.96,6.9,6.96,28710
IMP,2014-06-11,6.9,7.03,6.9,6.96,32510
IMP,2014-06-12,7.03,7.03,6.9,6.96,6310
IMP,2014-06-13,7.09,7.09,6.96,6.96,18160
IMP,2014-06-16,6.9,6.96,6.9,6.96,19930
IMP,2014-06-17,6.9,6.96,6.83,6.96,25620
IMP,2014-06-18,6.96,6.96,6.9,6.96,41210
IMP,2014-06-19,6.96,6.96,6.83,6.9,14980
IMP,2014-06-20,6.83,6.96,6.83,6.9,13750
IMP,2014-06-23,6.96,6.96,6.83,6.9,2240
IMP,2014-06-24,6.9,7.03,6.9,6.96,33230
IMP,2014-06-25,6.96,7.03,6.96,7.03,26150
IMP,2014-06-26,7.03,7.09,6.96,7.09,49160
IMP,2014-06-27,6.96,7.03,6.96,7.03,37200
IMP,2014-06-30,7.03,7.09,6.96,7.09,40480
IMP,2014-07-01,7.03,7.22,7.03,7.22,17520
IMP,2014-07-02,7.16,7.68,7.09,7.68,37830
IMP,2014-07-03,7.68,7.68,7.49,7.55,9540
IMP,2014-07-04,7.49,7.55,7.36,7.42,9050
IMP,2014-07-07,7.42,7.42,7.22,7.29,38160
IMP,2014-07-08,7.29,7.29,7.09,7.29,17990
IMP,2014-07-09,7.36,7.36,7.16,7.22,4960
IMP,2014-07-10,7.22,7.22,7.16,7.16,9980
IMP,2014-07-11,7.16,7.22,7.09,7.22,1990
IMP,2014-07-14,7.29,7.29,7.22,7.22,300
IMP,2014-07-15,7.22,7.29,7.16,7.16,14080
IMP,2014-07-16,7.22,7.36,7.16,7.36,23600
IMP,2014-07-17,7.36,7.36,7.29,7.36,9730
IMP,2014-07-18,7.29,7.49,7.29,7.49,28580
IMP,2014-07-21,7.49,7.82,7.49,7.68,44600
IMP,2014-07-22,7.68,8.08,7.68,8.01,130990
IMP,2014-07-23,8.01,8.08,7.82,7.88,33680
IMP,2014-07-24,7.88,8.41,7.88,8.41,180870
IMP,2014-07-25,8.41,8.41,8.21,8.27,44270
IMP,2014-07-28,8.27,8.27,8.01,8.14,56570
IMP,2014-07-29,8.14,8.21,8.01,8.14,18850
IMP,2014-07-30,8.14,8.27,8.14,8.21,26710
IMP,2014-07-31,8.21,8.54,8.21,8.54,37850
IMP,2014-08-01,8.54,8.93,8.54,8.8,109750
IMP,2014-08-04,8.8,8.87,8.67,8.8,56620
IMP,2014-08-05,8.8,8.8,8.67,8.8,67780
IMP,2014-08-06,8.73,8.8,8.67,8.67,48700
IMP,2014-08-07,8.54,8.87,8.54,8.8,41880
IMP,2014-08-08,8.67,8.93,8.67,8.67,17300
IMP,2014-08-11,8.8,8.8,8.73,8.8,24220
IMP,2014-08-12,8.87,8.87,8.73,8.73,18350
IMP,2014-08-13,8.87,8.87,8.8,8.87,26950
IMP,2014-08-14,9.0,9.19,8.93,9.13,125140
IMP,2014-08-15,9.0,9.13,9.0,9.06,25770
IMP,2014-08-18,9.06,9.06,8.8,8.87,64410
IMP,2014-08-19,8.67,8.87,8.47,8.47,71840
IMP,2014-08-20,8.41,8.87,8.41,8.8,44250
IMP,2014-08-21,8.87,8.87,8.67,8.8,72400
IMP,2014-08-22,8.8,8.87,8.73,8.87,48160
IMP,2014-08-25,8.8,8.87,8.67,8.8,100290
IMP,2014-08-26,8.8,8.87,8.67,8.73,99660
IMP,2014-08-27,9.34,9.34,9.12,9.14,76270
IMP,2014-08-28,9.14,9.16,9.1,9.1,28100
IMP,2014-08-29,9.06,9.1,9.02,9.02,30870
IMP,2014-09-03,9.02,9.02,8.83,8.83,55430
IMP,2014-09-04,8.77,8.77,8.67,8.71,45850
IMP,2014-09-05,8.71,8.73,8.63,8.71,20590
IMP,2014-09-08,8.71,8.71,8.61,8.61,11640
IMP,2014-09-09,8.63,8.87,8.47,8.57,29550
IMP,2014-09-10,8.57,8.63,8.47,8.63,3110
IMP,2014-09-11,8.57,8.71,8.51,8.57,4960
IMP,2014-09-12,8.59,8.59,8.55,8.57,51920
IMP,2014-09-15,8.57,8.57,8.47,8.47,12670
IMP,2014-09-16,8.47,8.47,8.35,8.45,7810
IMP,2014-09-17,8.47,8.47,8.27,8.27,19930
IMP,2014-09-18,8.27,8.33,8.2,8.33,4510
IMP,2014-09-19,8.29,8.37,8.27,8.37,4490
IMP,2014-09-22,8.37,8.37,8.14,8.16,8150
IMP,2014-09-23,8.16,8.22,8.06,8.06,8020
IMP,2014-09-24,7.96,7.96,7.82,7.82,22550
IMP,2014-09-25,7.7,7.72,7.57,7.68,41810
IMP,2014-09-26,7.68,8.14,7.68,8.04,25670
IMP,2014-09-29,8.04,8.04,7.86,7.86,19090
IMP,2014-09-30,7.86,8.39,7.33,8.37,33480
IMP,2014-10-01,8.67,8.67,8.24,8.25,2670
IMP,2014-10-02,8.29,8.29,8.24,8.25,27110
IMP,2014-10-03,8.2,8.25,7.86,7.98,28390
IMP,2014-10-06,7.98,7.98,7.84,7.84,21270
IMP,2014-10-07,7.82,7.94,7.82,7.94,2740
IMP,2014-10-08,7.88,7.88,7.68,7.74,33650
IMP,2014-10-09,7.78,7.94,7.68,7.94,15970
IMP,2014-10-10,7.74,7.76,7.68,7.7,28490
IMP,2014-10-13,7.68,7.68,7.57,7.57,33820
IMP,2014-10-14,7.57,7.58,7.49,7.49,74230
IMP,2014-10-15,7.49,7.64,7.45,7.49,13410
IMP,2014-10-16,7.49,7.51,7.43,7.43,20210
IMP,2014-10-17,7.49,7.51,7.41,7.47,42470
IMP,2014-10-20,7.49,7.53,7.45,7.51,26170
IMP,2014-10-21,7.55,7.55,7.39,7.47,26850
IMP,2014-10-22,7.47,7.57,7.33,7.53,23150
IMP,2014-10-23,7.49,7.49,7.37,7.49,3580
IMP,2014-10-24,7.49,7.49,7.37,7.49,3640
IMP,2014-10-27,7.47,7.51,7.41,7.41,20180
IMP,2014-10-28,7.25,7.41,7.25,7.41,6540
IMP,2014-10-29,7.39,7.41,7.39,7.41,8590
IMP,2014-10-30,7.41,7.49,7.35,7.35,14320
IMP,2014-10-31,7.47,7.68,7.35,7.68,8220
IMP,2014-11-03,7.68,7.78,7.66,7.76,15640
IMP,2014-11-04,7.78,7.78,7.72,7.74,6800
IMP,2014-11-05,7.78,7.78,7.72,7.78,17900
IMP,2014-11-06,7.82,7.84,7.74,7.82,21100
IMP,2014-11-07,7.86,7.86,7.78,7.78,10590
IMP,2014-11-10,7.76,7.86,7.76,7.82,5690
IMP,2014-11-11,7.84,7.86,7.74,7.78,10380
IMP,2014-11-12,7.8,7.8,7.78,7.8,23240
IMP,2014-11-13,7.8,7.86,7.78,7.86,23850
IMP,2014-11-14,7.86,7.98,7.78,7.98,38070
IMP,2014-11-17,7.88,8.27,7.88,8.27,65660
IMP,2014-11-18,8.55,8.61,8.31,8.57,52950
IMP,2014-11-19,8.59,8.59,8.27,8.27,19780
IMP,2014-11-20,8.22,8.55,8.22,8.47,41100
IMP,2014-11-21,8.47,8.51,8.31,8.31,49240
IMP,2014-11-24,8.31,8.51,8.31,8.51,29190
IMP,2014-11-25,8.31,8.55,8.31,8.53,13760
IMP,2014-11-26,8.53,8.53,8.39,8.47,21350
IMP,2014-11-27,8.33,8.47,8.31,8.45,11900
IMP,2014-11-28,8.45,8.45,8.31,8.43,8870
IMP,2014-12-01,8.45,8.61,8.45,8.49,24140
IMP,2014-12-02,8.47,8.49,8.45,8.45,7060
IMP,2014-12-03,8.45,8.45,8.41,8.45,540
IMP,2014-12-04,8.39,8.43,8.31,8.37,1670
IMP,2014-12-05,8.29,8.47,8.27,8.43,15220
IMP,2014-12-08,8.27,8.41,8.25,8.41,7880
IMP,2014-12-09,8.27,8.39,8.22,8.22,7440
IMP,2014-12-10,8.2,8.2,7.98,8.2,7810
IMP,2014-12-11,8.06,8.08,8.02,8.02,1300
IMP,2014-12-12,8.08,8.14,7.96,8.08,3720
IMP,2014-12-15,8.12,8.12,8.08,8.12,1000
IMP,2014-12-16,8.08,8.08,7.64,7.64,13950
IMP,2014-12-17,7.68,7.68,7.45,7.68,14210
IMP,2014-12-18,7.68,7.96,7.68,7.96,7190
IMP,2014-12-19,7.98,7.98,7.68,7.68,1930
IMP,2014-12-22,7.68,7.96,7.68,7.96,5780
IMP,2014-12-23,7.96,8.02,7.8,7.8,30410
IMP,2014-12-24,7.96,7.96,7.96,7.96,1610
IMP,2014-12-25,7.88,7.98,7.88,7.92,6060
IMP,2014-12-26,7.98,7.98,7.68,7.98,1360
IMP,2014-12-29,7.98,8.08,7.88,8.08,14800
IMP,2014-12-30,8.08,8.18,7.88,8.18,50850
IMP,2014-12-31,8.27,8.27,8.08,8.24,96830
IMP,2015-01-05,8.24,8.27,8.24,8.25,33740
IMP,2015-01-06,8.22,8.27,8.22,8.27,26170
IMP,2015-01-07,8.27,8.37,8.27,8.37,10100
IMP,2015-01-08,8.37,8.37,8.27,8.27,7190
IMP,2015-01-09,8.37,8.41,8.37,8.37,12870
IMP,2015-01-12,8.37,8.59,8.37,8.53,28490
IMP,2015-01-13,8.37,8.53,8.37,8.53,25690
IMP,2015-01-14,8.53,8.65,8.49,8.65,53980
IMP,2015-01-15,8.67,8.85,8.67,8.85,25120
IMP,2015-01-16,8.87,9.2,8.77,9.2,122700
IMP,2015-01-19,9.2,9.24,9.06,9.24,61720
IMP,2015-01-20,9.2,9.2,8.96,9.18,22590
IMP,2015-01-21,9.18,9.18,8.98,9.16,28680
IMP,2015-01-22,9.14,9.14,8.87,9.06,32160
IMP,2015-01-23,9.08,9.1,9.04,9.04,73330
IMP,2015-01-26,9.0,9.06,8.98,9.06,37630
IMP,2015-01-27,9.06,9.16,9.06,9.16,80720
IMP,2015-01-28,9.22,9.22,9.16,9.22,16770
IMP,2015-01-29,9.16,9.16,9.06,9.06,13010
IMP,2015-01-30,9.06,9.16,9.06,9.16,51320
IMP,2015-02-02,9.14,9.18,9.08,9.16,87900
IMP,2015-02-03,9.16,9.4,9.06,9.38,80910
IMP,2015-02-04,9.36,9.36,9.36,9.36,10
IMP,2015-02-05,9.06,9.34,9.06,9.34,17480
IMP,2015-02-06,9.32,9.36,9.26,9.32,18590
IMP,2015-02-09,9.26,9.32,9.06,9.32,8820
IMP,2015-02-10,9.06,9.34,9.06,9.34,29030
IMP,2015-02-11,9.26,9.56,9.26,9.52,43870
IMP,2015-02-12,9.46,9.56,9.46,9.56,28890
IMP,2015-02-13,9.56,9.56,9.46,9.56,610
IMP,2015-02-24,9.56,9.56,9.54,9.56,52560
IMP,2015-02-25,9.56,9.59,9.26,9.48,13040
IMP,2015-02-26,9.56,9.56,9.36,9.36,2730
IMP,2015-02-27,9.36,9.46,9.28,9.46,4970
IMP,2015-03-02,9.32,9.46,9.26,9.46,4270
IMP,2015-03-03,9.26,9.56,9.26,9.56,27040
IMP,2015-03-04,9.56,9.57,9.56,9.57,8770
IMP,2015-03-05,9.5,9.59,9.5,9.59,420
IMP,2015-03-06,9.61,9.63,9.36,9.63,35880
IMP,2015-03-09,9.65,9.65,9.56,9.56,2710
IMP,2015-03-10,9.56,9.56,9.5,9.5,27120
IMP,2015-03-11,9.5,9.56,9.46,9.52,13510
IMP,2015-03-12,9.52,9.54,9.52,9.54,1890
IMP,2015-03-13,9.54,9.54,9.28,9.28,1010
IMP,2015-03-16,9.54,9.54,9.06,9.06,3470
IMP,2015-03-17,9.46,9.56,9.06,9.1,9460
IMP,2015-03-18,9.26,9.42,9.2,9.42,2830
IMP,2015-03-19,9.46,9.46,8.96,8.96,17450
IMP,2015-03-20,9.28,9.28,8.98,9.28,510
IMP,2015-03-23,9.28,9.34,9.04,9.34,3720
IMP,2015-03-24,9.34,9.34,9.34,9.34,0
IMP,2015-03-25,8.98,9.24,8.96,8.98,12540
IMP,2015-03-26,8.98,9.12,8.98,8.98,12170
IMP,2015-03-27,8.98,9.1,8.98,9.06,67180
IMP,2015-03-30,9.06,9.16,9.06,9.16,171940
IMP,2015-03-31,9.06,9.16,9.06,9.12,2070
IMP,2015-04-01,8.98,9.32,8.89,9.32,900
IMP,2015-04-02,9.32,9.32,9.32,9.32,0
IMP,2015-04-03,9.36,9.36,9.36,9.36,20
IMP,2015-04-06,9.26,9.26,8.98,9.22,30
IMP,2015-04-07,9.06,9.22,9.04,9.22,23020
IMP,2015-04-08,9.22,9.32,9.22,9.32,6510
IMP,2015-04-09,9.36,9.36,9.16,9.3,10350
IMP,2015-04-10,9.3,9.3,9.06,9.26,1550
IMP,2015-04-13,9.06,9.06,9.06,9.06,1800
IMP,2015-04-14,9.3,9.3,9.16,9.16,4550
IMP,2015-04-15,9.06,9.34,9.06,9.1,3690
IMP,2015-04-16,9.16,9.16,9.16,9.16,2800
IMP,2015-04-17,9.26,9.26,9.18,9.26,10730
IMP,2015-04-20,9.26,9.26,9.16,9.16,2200
IMP,2015-04-21,9.16,9.16,9.16,9.16,2210
IMP,2015-04-22,9.16,9.16,9.08,9.08,72600
IMP,2015-04-23,9.08,9.16,9.08,9.16,3390
IMP,2015-04-24,9.16,9.18,9.16,9.18,5660
IMP,2015-04-27,9.18,9.26,9.18,9.18,4100
IMP,2015-05-04,9.18,9.18,8.96,8.96,11510
IMP,2015-05-05,8.96,9.26,8.87,9.26,6260
IMP,2015-05-06,9.06,9.26,8.63,9.26,92550
IMP,2015-05-07,9.28,9.28,8.63,9.26,147490
IMP,2015-05-08,9.26,9.26,8.63,9.06,184750
IMP,2015-05-11,8.65,8.65,8.47,8.57,5840
IMP,2015-05-12,8.57,8.67,8.47,8.67,14670
IMP,2015-05-13,8.65,8.67,8.59,8.67,46130
IMP,2015-05-14,8.69,8.9,8.69,8.77,71430
IMP,2015-05-15,8.64,8.93,8.64,8.79,6360
IMP,2015-05-18,8.62,8.62,8.42,8.6,2800
IMP,2015-05-19,8.6,8.6,8.34,8.6,3150
IMP,2015-05-20,8.62,8.79,8.62,8.77,13160
IMP,2015-05-21,8.77,8.83,8.77,8.83,19960
IMP,2015-05-22,8.79,8.95,8.73,8.95,35290
IMP,2015-05-25,8.83,9.14,8.83,9.14,25110
IMP,2015-05-26,9.28,9.44,9.14,9.44,600460
IMP,2015-05-27,9.65,10.1,9.65,10.1,186920
IMP,2015-05-28,10.78,10.78,9.9,10.16,100060
IMP,2015-05-29,10.06,10.06,9.59,9.59,4390
IMP,2015-06-01,9.83,9.83,9.44,9.44,2910
IMP,2015-06-02,9.3,9.61,9.24,9.26,5910
IMP,2015-06-03,9.32,9.55,9.26,9.55,9230
IMP,2015-06-04,9.28,9.73,9.24,9.34,10970
IMP,2015-06-05,9.24,9.71,9.24,9.28,5550
IMP,2015-06-08,9.36,9.36,9.36,9.36,6910
IMP,2015-06-09,9.44,9.55,9.24,9.26,32590
IMP,2015-06-10,9.24,9.24,9.24,9.24,1050
IMP,2015-06-11,9.24,9.44,9.24,9.28,490
IMP,2015-06-12,9.42,9.42,9.24,9.38,15510
IMP,2015-06-15,9.24,9.34,9.24,9.3,3010
IMP,2015-06-16,9.3,9.3,9.24,9.28,17680
IMP,2015-06-17,9.3,9.3,9.24,9.28,5930
IMP,2015-06-18,9.3,9.3,9.24,9.3,12560
IMP,2015-06-19,9.34,9.88,9.24,9.65,220
IMP,2015-06-22,9.24,9.24,9.24,9.24,300
IMP,2015-06-23,9.24,9.24,9.24,9.24,4770
IMP,2015-06-24,9.44,9.44,9.34,9.42,8070
IMP,2015-06-25,9.24,9.26,9.24,9.26,2390
IMP,2015-06-26,9.26,9.4,9.24,9.4,3320
IMP,2015-06-29,9.26,9.34,9.24,9.34,3990
IMP,2015-06-30,9.28,9.34,9.24,9.34,2930
IMP,2015-07-01,9.32,9.32,9.24,9.32,630
IMP,2015-07-02,9.24,9.34,9.24,9.34,2010
IMP,2015-07-03,9.34,9.34,9.24,9.24,3080
IMP,2015-07-06,9.24,9.32,9.24,9.32,5980
IMP,2015-07-07,9.24,9.3,9.24,9.28,2110
IMP,2015-07-08,9.24,9.24,9.2,9.2,10140
IMP,2015-07-09,9.16,9.2,9.16,9.2,5570
IMP,2015-07-10,9.24,9.24,9.24,9.24,2510
IMP,2015-07-13,9.3,9.3,9.22,9.28,2230
IMP,2015-07-14,9.3,9.3,9.24,9.24,4750
IMP,2015-07-15,9.24,9.28,9.22,9.28,3680
IMP,2015-07-16,9.24,9.24,9.24,9.24,840
IMP,2015-07-17,9.28,9.28,9.28,9.28,5030
IMP,2015-07-20,9.24,9.24,9.18,9.18,4290
IMP,2015-07-21,9.24,9.36,9.2,9.24,2310
IMP,2015-07-22,9.28,9.36,9.12,9.12,9490
IMP,2015-07-23,9.55,9.55,9.03,9.03,16660
IMP,2015-07-24,9.34,9.34,9.24,9.24,1210
IMP,2015-07-27,9.24,9.34,9.24,9.24,27230
IMP,2015-07-28,9.24,9.34,9.24,9.34,6870
IMP,2015-07-29,9.34,9.34,9.16,9.3,1220
IMP,2015-07-30,9.24,9.24,9.18,9.18,1000
IMP,2015-07-31,9.24,9.24,9.14,9.2,4680
IMP,2015-08-03,9.14,9.28,9.03,9.2,6970
IMP,2015-08-04,8.99,9.18,8.99,9.18,3530
IMP,2015-08-05,9.16,9.22,9.01,9.01,2420
IMP,2015-08-06,9.01,9.16,8.99,9.16,1310
IMP,2015-08-07,9.16,9.16,9.03,9.16,400
IMP,2015-08-10,9.16,9.24,8.93,9.01,5980
IMP,2015-08-11,9.14,9.14,9.05,9.05,1030
IMP,2015-08-12,9.24,9.24,8.99,8.99,750
IMP,2015-08-13,8.99,8.99,8.91,8.91,6500
IMP,2015-08-14,8.64,9.12,8.64,8.77,710
IMP,2015-08-17,8.77,8.99,8.62,8.83,4180
IMP,2015-08-18,8.62,8.83,8.62,8.83,300
IMP,2015-08-19,8.83,8.87,8.73,8.87,1800
IMP,2015-08-20,8.73,8.91,8.73,8.73,1210
IMP,2015-08-21,8.64,8.73,8.42,8.46,3810
IMP,2015-08-24,8.34,8.42,7.9,7.9,5880
IMP,2015-08-25,7.9,8.42,7.9,8.42,840
IMP,2015-08-26,8.42,8.83,8.21,8.21,2700
IMP,2015-08-27,8.21,8.68,7.97,8.6,620
IMP,2015-08-28,8.52,8.62,8.52,8.62,1500
IMP,2015-08-31,8.62,8.62,8.03,8.58,7810
IMP,2015-09-01,8.58,8.58,8.09,8.42,4150
IMP,2015-09-03,8.58,8.58,8.56,8.56,440
IMP,2015-09-04,8.21,8.52,8.21,8.36,2500
IMP,2015-09-07,8.42,8.46,8.42,8.46,310
IMP,2015-09-08,8.52,8.52,8.52,8.52,40
IMP,2015-09-09,8.52,8.6,8.52,8.6,1120
IMP,2015-09-10,8.6,8.6,8.52,8.58,700
IMP,2015-09-11,8.54,8.54,8.52,8.52,550
IMP,2015-09-14,8.44,8.52,8.44,8.48,840
IMP,2015-09-15,8.83,8.83,8.44,8.48,7730
IMP,2015-09-16,8.48,8.62,8.42,8.62,1980
IMP,2015-09-17,8.46,8.46,8.46,8.46,240
IMP,2015-09-18,8.66,8.66,8.44,8.44,120
IMP,2015-09-21,8.62,8.62,8.42,8.52,5220
IMP,2015-09-22,8.62,8.62,8.52,8.52,1170
IMP,2015-09-23,8.42,8.5,8.42,8.5,560
IMP,2015-09-24,8.42,8.48,8.38,8.48,6460
IMP,2015-09-25,8.42,8.44,8.42,8.44,7500
IMP,2015-09-28,8.29,8.42,8.29,8.42,590
IMP,2015-09-29,8.36,8.36,8.34,8.34,2040
IMP,2015-09-30,8.31,8.81,8.31,8.81,12550
IMP,2015-10-01,8.81,8.81,8.52,8.7,8880
IMP,2015-10-02,8.42,8.62,8.34,8.42,4740
IMP,2015-10-05,8.42,8.54,8.42,8.54,3870
IMP,2015-10-06,8.95,8.95,8.42,8.42,16290
IMP,2015-10-07,8.73,8.73,8.34,8.52,7570
IMP,2015-10-08,8.52,8.62,8.42,8.42,350
IMP,2015-10-09,8.38,8.6,8.34,8.38,9030
IMP,2015-10-12,8.42,8.42,8.36,8.36,3220
IMP,2015-10-13,8.36,8.6,8.36,8.6,6880
IMP,2015-10-14,8.54,8.54,8.42,8.42,7580
IMP,2015-10-15,8.62,8.62,8.21,8.52,9220
IMP,2015-10-16,8.52,8.52,8.38,8.38,6840
IMP,2015-10-19,8.42,8.42,8.38,8.42,2580
IMP,2015-10-20,8.52,8.52,8.4,8.48,11300
IMP,2015-10-21,8.42,8.48,8.34,8.48,9940
IMP,2015-10-22,8.42,8.48,8.42,8.48,7920
IMP,2015-10-23,8.42,8.52,8.42,8.48,4780
IMP,2015-10-26,8.48,8.52,8.48,8.52,1430
IMP,2015-10-27,8.44,8.52,8.42,8.52,3790
IMP,2015-10-28,8.52,8.62,8.46,8.46,5020
IMP,2015-10-29,8.46,8.83,8.46,8.83,8010
IMP,2015-10-30,8.83,8.83,8.44,8.58,3410
IMP,2015-11-02,8.44,8.62,8.34,8.62,13570
IMP,2015-11-03,8.42,8.52,8.42,8.52,4620
IMP,2015-11-04,8.34,8.42,8.31,8.42,1350
IMP,2015-11-05,8.42,8.42,8.31,8.31,210
IMP,2015-11-06,8.31,8.42,8.31,8.42,1010
IMP,2015-11-09,8.29,8.31,8.29,8.29,5030
IMP,2015-11-10,8.23,8.31,8.21,8.25,1790
IMP,2015-11-11,8.25,8.31,8.21,8.23,1650
IMP,2015-11-12,8.31,8.31,8.19,8.27,1260
IMP,2015-11-13,8.21,8.21,8.11,8.21,7140
IMP,2015-11-16,8.21,8.21,8.07,8.09,8420
IMP,2015-11-17,8.09,8.09,7.9,8.09,8240
IMP,2015-11-18,8.09,8.09,8.01,8.09,2370
IMP,2015-11-19,8.42,8.42,7.9,8.09,10110
IMP,2015-11-20,8.01,8.07,7.9,8.07,4110
IMP,2015-11-23,7.9,8.01,7.9,8.01,1700
IMP,2015-11-24,7.9,8.01,7.9,7.97,3940
IMP,2015-11-25,7.78,8.09,7.78,7.97,9990
IMP,2015-11-26,7.99,8.01,7.8,7.8,6520
IMP,2015-11-27,7.9,7.99,7.8,7.82,6070
IMP,2015-11-30,7.8,7.84,7.8,7.84,10280
IMP,2015-12-01,7.9,7.9,7.8,7.9,2240
IMP,2015-12-02,7.9,7.9,7.8,7.9,3160
IMP,2015-12-03,7.72,7.8,7.62,7.62,4490
IMP,2015-12-04,7.8,7.88,7.76,7.8,12830
IMP,2015-12-07,8.17,8.17,8.17,8.17,30
IMP,2015-12-08,7.74,8.01,7.74,8.01,2620
IMP,2015-12-09,7.8,8.01,7.8,7.8,1150
IMP,2015-12-10,7.66,7.8,7.66,7.72,2370
IMP,2015-12-11,7.99,7.99,7.72,7.72,3720
IMP,2015-12-14,7.64,7.97,7.64,7.9,2090
IMP,2015-12-15,7.8,7.8,7.7,7.7,3210
IMP,2015-12-16,7.86,7.86,7.72,7.72,60
IMP,2015-12-17,7.76,7.8,7.7,7.72,4230
IMP,2015-12-18,7.74,7.8,7.72,7.8,1810
IMP,2015-12-21,7.58,7.64,7.58,7.6,1680
IMP,2015-12-22,7.88,7.88,7.88,7.88,950
IMP,2015-12-23,7.8,7.8,7.8,7.8,7000
IMP,2015-12-24,7.6,7.8,7.6,7.78,3990
IMP,2015-12-25,7.76,7.78,7.64,7.64,1760
IMP,2015-12-28,7.78,7.78,7.6,7.6,2640
IMP,2015-12-29,7.62,7.7,7.6,7.7,3310
IMP,2015-12-30,7.8,7.8,7.72,7.8,4520
IMP,2015-12-31,7.78,7.78,7.7,7.7,1140
IMP,2016-01-04,7.62,7.62,7.6,7.6,3330
IMP,2016-01-05,7.7,7.7,7.6,7.62,1330
IMP,2016-01-06,7.88,7.88,7.6,7.66,3850
IMP,2016-01-07,7.62,7.62,7.6,7.6,2710
IMP,2016-01-08,7.78,7.78,7.6,7.62,2170
IMP,2016-01-11,7.78,7.8,7.6,7.76,2440
IMP,2016-01-12,7.76,7.76,7.76,7.76,40
IMP,2016-01-13,7.8,7.8,7.6,7.7,1050
IMP,2016-01-14,7.6,7.7,7.6,7.6,1660
IMP,2016-01-15,7.6,7.78,7.6,7.6,3380
IMP,2016-01-18,7.6,7.6,7.56,7.58,1860
IMP,2016-01-19,7.56,7.56,7.56,7.56,170
IMP,2016-01-20,7.56,7.56,7.53,7.53,2900
IMP,2016-01-21,7.53,7.88,7.53,7.82,5840
IMP,2016-01-22,7.82,7.82,7.82,7.82,0
IMP,2016-01-25,7.76,7.76,7.56,7.74,2420
IMP,2016-01-26,7.74,7.74,7.74,7.74,0
IMP,2016-01-27,7.74,7.74,7.74,7.74,10
IMP,2016-01-28,7.74,7.99,7.6,7.74,330
IMP,2016-01-29,7.74,7.74,7.6,7.74,1720
IMP,2016-02-01,7.66,7.74,7.6,7.74,2930
IMP,2016-02-02,7.72,7.74,7.64,7.74,890
IMP,2016-02-03,7.74,7.74,7.72,7.74,650
IMP,2016-02-04,7.76,7.76,7.6,7.72,1150
IMP,2016-02-05,7.99,7.99,7.72,7.8,2140
IMP,2016-02-15,7.7,7.8,7.7,7.8,2530
IMP,2016-02-16,7.82,8.19,7.82,8.19,2380
IMP,2016-02-17,8.27,8.38,8.13,8.21,5980
IMP,2016-02-18,8.21,8.21,8.21,8.21,2230
IMP,2016-02-19,8.13,8.31,8.01,8.21,13810
IMP,2016-02-22,8.21,8.5,8.21,8.42,12110
IMP,2016-02-23,8.5,8.93,8.5,8.64,17370
IMP,2016-02-24,8.66,8.93,8.66,8.73,12090
IMP,2016-02-25,8.83,8.93,8.7,8.79,7040
IMP,2016-02-26,8.81,8.83,8.62,8.62,8160
IMP,2016-02-29,8.62,9.03,8.62,9.03,31360
IMP,2016-03-01,9.03,9.03,8.83,9.03,1490
IMP,2016-03-02,9.03,9.03,8.73,9.01,2390
IMP,2016-03-03,8.83,8.83,8.62,8.81,14230
IMP,2016-03-04,8.73,8.95,8.62,8.95,6530
IMP,2016-03-07,8.91,8.95,8.83,8.83,21320
IMP,2016-03-08,8.73,8.83,8.68,8.83,6890
IMP,2016-03-09,8.83,8.85,8.7,8.85,24560
IMP,2016-03-10,8.85,9.24,8.83,9.24,35510
IMP,2016-03-11,9.24,9.65,9.24,9.65,13110
IMP,2016-03-14,9.65,10.27,9.65,10.27,75650
IMP,2016-03-15,10.27,10.68,10.08,10.37,27350
IMP,2016-03-16,10.27,10.47,9.65,10.2,22620
IMP,2016-03-17,10.2,10.27,9.96,9.96,33210
IMP,2016-03-18,9.96,10.02,9.53,9.53,18320
IMP,2016-03-21,9.38,9.65,9.03,9.16,6450
IMP,2016-03-22,9.1,9.32,9.03,9.32,7500
IMP,2016-03-23,9.36,9.63,9.24,9.26,26530
IMP,2016-03-24,9.32,9.63,9.32,9.34,2190
IMP,2016-03-25,9.36,9.44,9.12,9.44,5290
IMP,2016-03-28,9.57,9.85,9.57,9.85,14370
IMP,2016-03-29,9.85,9.85,9.51,9.75,7250
IMP,2016-03-30,9.75,9.79,9.63,9.79,17380
IMP,2016-03-31,10.02,10.02,9.44,9.71,8750
IMP,2016-04-01,9.44,9.71,9.44,9.71,5320
IMP,2016-04-04,9.65,9.65,9.65,9.65,290
IMP,2016-04-05,9.55,9.55,9.44,9.44,3420
IMP,2016-04-06,9.44,9.61,9.44,9.61,6810
IMP,2016-04-07,9.85,10.06,9.75,9.96,49100
IMP,2016-04-08,10.16,10.47,9.96,10.27,74850
IMP,2016-04-11,10.27,10.37,10.18,10.27,14490
IMP,2016-04-12,10.47,10.47,10.18,10.27,26790
IMP,2016-04-13,10.27,10.27,10.2,10.24,31400
IMP,2016-04-14,10.22,10.22,10.1,10.16,12200
IMP,2016-04-15,10.16,10.68,10.16,10.37,76700
IMP,2016-04-19,10.37,10.37,10.16,10.16,14160
IMP,2016-04-20,10.06,10.06,9.9,9.94,8130
IMP,2016-04-21,10.24,10.24,10.16,10.16,11830
IMP,2016-04-22,10.16,10.16,10.06,10.16,8150
IMP,2016-04-25,9.96,10.02,9.67,10.02,20550
IMP,2016-04-26,10.02,10.02,9.71,9.96,12980
IMP,2016-04-27,9.75,9.94,9.71,9.92,12740
IMP,2016-04-28,9.9,9.9,9.65,9.79,8830
IMP,2016-04-29,9.83,9.83,9.63,9.67,18730
IMP,2016-05-04,9.69,9.69,9.44,9.53,21480
IMP,2016-05-05,9.57,9.57,9.34,9.57,22380
IMP,2016-05-06,9.65,9.65,9.57,9.61,10730
IMP,2016-05-09,9.65,9.65,9.46,9.55,9600
IMP,2016-05-10,9.26,9.57,9.26,9.42,8400
IMP,2016-05-11,9.44,9.46,9.42,9.42,16260
IMP,2016-05-12,9.49,9.49,9.36,9.44,23070
IMP,2016-05-13,9.36,9.44,9.36,9.44,150
IMP,2016-05-16,9.28,9.65,9.28,9.65,32900
IMP,2016-05-17,9.65,9.65,9.44,9.59,15170
IMP,2016-05-18,9.63,9.63,9.44,9.46,12110
IMP,2016-05-19,9.66,9.66,9.55,9.61,6380
IMP,2016-05-20,9.4,9.57,9.38,9.38,600
IMP,2016-05-23,9.34,9.34,8.84,9.01,13510
IMP,2016-05-24,9.12,9.12,8.84,9.01,7610
IMP,2016-05-25,8.89,9.01,8.89,8.99,3310
IMP,2016-05-26,9.01,9.01,8.8,8.91,5930
IMP,2016-05-27,8.99,8.99,8.8,8.84,6550
IMP,2016-05-30,8.8,8.8,8.76,8.8,5310
IMP,2016-05-31,8.89,8.89,8.74,8.8,17640
IMP,2016-06-01,8.76,8.78,8.58,8.65,26910
IMP,2016-06-02,8.8,8.8,8.69,8.8,2330
IMP,2016-06-03,8.89,9.01,8.8,8.99,9230
IMP,2016-06-06,9.01,9.01,8.97,8.97,10290
IMP,2016-06-07,8.82,9.01,8.82,8.97,6250
IMP,2016-06-08,8.91,8.97,8.86,8.97,8020
IMP,2016-06-09,8.97,8.97,8.86,8.91,3400
IMP,2016-06-10,9.01,9.29,8.82,9.14,71170
IMP,2016-06-13,9.14,9.34,8.97,9.34,16540
IMP,2016-06-14,9.34,9.4,9.23,9.4,17570
IMP,2016-06-15,9.4,9.66,9.1,9.66,16830
IMP,2016-06-16,9.87,9.87,9.53,9.66,20160
IMP,2016-06-17,9.83,9.87,9.68,9.81,16130
IMP,2016-06-20,9.94,9.94,9.53,9.53,3840
IMP,2016-06-21,9.49,9.49,9.44,9.49,6620
IMP,2016-06-22,9.36,9.42,9.34,9.42,1670
IMP,2016-06-23,9.42,9.77,9.42,9.7,43880
IMP,2016-06-24,9.68,9.68,9.04,9.49,53440
IMP,2016-06-27,9.01,9.44,9.01,9.44,830
IMP,2016-06-28,9.44,9.44,9.23,9.44,11590
IMP,2016-06-29,9.42,9.44,9.14,9.21,124780
IMP,2016-06-30,9.21,9.66,9.16,9.61,32910
IMP,2016-07-01,9.61,9.61,9.44,9.61,12430
IMP,2016-07-04,9.31,9.57,9.23,9.55,73830
IMP,2016-07-05,9.55,9.55,9.44,9.44,34520
IMP,2016-07-06,9.4,9.74,9.4,9.72,23660
IMP,2016-07-07,9.87,10.39,9.66,10.39,128500
IMP,2016-07-08,11.05,11.05,10.95,11.05,118260
IMP,2016-07-11,11.8,11.8,11.16,11.48,219430
IMP,2016-07-12,11.48,11.48,10.95,11.37,102430
IMP,2016-07-13,11.59,11.7,11.37,11.37,67330
IMP,2016-07-14,11.16,11.37,10.6,10.73,87800
IMP,2016-07-15,10.73,10.73,10.19,10.62,56100
IMP,2016-07-18,10.34,11.27,10.34,11.16,38720
IMP,2016-07-19,11.16,11.16,10.84,10.84,41020
IMP,2016-07-20,10.95,11.16,10.73,11.05,55930
IMP,2016-07-21,10.95,11.16,10.73,10.95,32270
IMP,2016-07-22,10.73,10.73,10.3,10.62,47200
IMP,2016-07-25,10.54,10.95,10.52,10.84,28400
IMP,2016-07-26,10.73,10.84,10.62,10.84,12100
IMP,2016-07-27,10.54,10.84,10.54,10.84,13960
IMP,2016-07-28,10.84,10.84,10.65,10.73,12000
IMP,2016-07-29,10.73,10.84,10.62,10.84,15290
IMP,2016-08-01,10.84,10.84,10.65,10.84,14020
IMP,2016-08-02,10.67,10.71,10.58,10.62,8590
IMP,2016-08-03,10.52,10.62,10.52,10.58,41370
IMP,2016-08-04,10.58,10.58,10.52,10.52,35460
IMP,2016-08-05,10.6,10.6,10.52,10.52,7420
IMP,2016-08-08,10.52,10.56,10.52,10.56,630
IMP,2016-08-09,10.52,10.56,10.43,10.56,5060
IMP,2016-08-10,10.84,11.27,10.84,11.27,130870
IMP,2016-08-11,11.37,11.48,11.16,11.37,37100
IMP,2016-08-12,11.27,11.37,11.16,11.27,39670
IMP,2016-08-15,11.27,12.02,11.16,11.7,125490
IMP,2016-08-16,11.8,12.45,11.8,12.45,195880
IMP,2016-08-17,12.45,13.2,12.34,12.77,81580
IMP,2016-08-18,12.98,13.09,12.56,12.56,62360
IMP,2016-08-19,12.56,12.56,12.02,12.13,90590
IMP,2016-08-22,11.91,12.88,11.91,12.88,182300
IMP,2016-08-23,12.66,13.41,12.56,13.2,31860
IMP,2016-08-24,13.09,13.09,12.66,12.77,20930
IMP,2016-08-25,12.77,12.88,12.56,12.77,64360
IMP,2016-08-26,12.77,12.98,12.77,12.88,45410
IMP,2016-08-29,12.88,12.88,12.66,12.66,12980
IMP,2016-08-30,12.66,12.98,12.66,12.98,64720
IMP,2016-08-31,12.88,13.41,12.88,13.41,76200
IMP,2016-09-01,13.52,13.52,13.09,13.52,13450
IMP,2016-09-05,14.16,14.16,13.74,13.84,141540
IMP,2016-09-06,13.84,13.84,13.09,13.09,39840
IMP,2016-09-07,13.09,13.95,13.09,13.52,81190
IMP,2016-09-08,13.52,13.63,13.2,13.2,89900
IMP,2016-09-09,13.2,13.31,13.2,13.2,55680
IMP,2016-09-12,13.09,13.2,12.92,13.09,22190
IMP,2016-09-13,13.09,13.2,13.07,13.2,34200
IMP,2016-09-14,13.09,13.41,13.09,13.31,30320
IMP,2016-09-15,13.31,13.41,13.24,13.31,23040
IMP,2016-09-16,13.31,13.74,13.31,13.41,81270
IMP,2016-09-19,13.63,13.63,13.41,13.52,19710
IMP,2016-09-20,13.52,13.63,13.44,13.59,28040
IMP,2016-09-21,13.63,13.63,13.52,13.61,36170
IMP,2016-09-22,13.61,13.61,13.52,13.52,45830
IMP,2016-09-23,13.31,13.41,13.2,13.26,38340
IMP,2016-09-26,13.26,13.39,12.98,13.35,28990
IMP,2016-09-27,13.35,13.41,13.26,13.39,31190
IMP,2016-09-28,13.39,13.44,13.31,13.39,15160
IMP,2016-09-29,13.16,13.63,13.13,13.41,35910
IMP,2016-09-30,13.74,13.93,13.52,13.86,59900
IMP,2016-10-03,14.06,14.53,14.06,14.14,78200
IMP,2016-10-04,14.57,14.57,13.78,14.06,17480
IMP,2016-10-05,14.06,14.06,13.86,13.95,8650
IMP,2016-10-06,13.95,13.95,13.69,13.74,26530
IMP,2016-10-07,13.95,14.16,13.74,14.06,69340
IMP,2016-10-10,14.38,14.38,14.06,14.27,58010
IMP,2016-10-11,14.34,14.34,13.99,14.16,17240
IMP,2016-10-12,14.16,14.16,13.89,13.95,20020
IMP,2016-10-13,14.12,14.38,13.95,14.38,19180
IMP,2016-10-14,14.32,14.38,13.95,13.97,29160
IMP,2016-10-17,13.97,13.99,13.84,13.84,4530
IMP,2016-10-18,13.82,13.89,13.41,13.41,15120
IMP,2016-10-19,13.63,13.78,13.41,13.41,37020
IMP,2016-10-20,13.74,13.74,13.48,13.48,9070
IMP,2016-10-21,13.74,13.74,13.44,13.44,18060
IMP,2016-10-24,12.94,13.63,12.94,13.2,20730
IMP,2016-10-25,13.2,13.41,13.11,13.2,33570
IMP,2016-10-26,13.2,13.2,13.11,13.2,9900
IMP,2016-10-27,13.09,13.18,12.98,13.18,5350
IMP,2016-10-28,13.39,13.39,13.2,13.31,10820
IMP,2016-10-31,13.31,13.31,13.31,13.31,1250
IMP,2016-11-01,13.31,13.39,13.31,13.39,4140
IMP,2016-11-02,13.59,13.59,13.09,13.09,11990
IMP,2016-11-03,13.37,13.37,13.09,13.18,2840
IMP,2016-11-04,13.52,13.52,12.98,12.98,4520
IMP,2016-11-07,13.07,13.07,12.92,12.92,4970
IMP,2016-11-08,13.56,13.56,12.98,13.31,2220
IMP,2016-11-09,13.09,13.09,12.77,12.88,8380
IMP,2016-11-10,13.09,13.09,12.66,12.88,18350
IMP,2016-11-11,12.88,12.88,12.66,12.66,9780
IMP,2016-11-14,12.66,12.73,12.56,12.66,11140
IMP,2016-11-15,12.56,12.66,12.45,12.66,8130
IMP,2016-11-16,12.64,12.64,12.45,12.45,15840
IMP,2016-11-17,12.45,12.45,12.3,12.45,9430
IMP,2016-11-18,12.45,12.45,12.15,12.23,19930
IMP,2016-11-21,12.23,12.23,11.8,11.8,25690
IMP,2016-11-22,11.8,12.02,11.8,12.0,24350
IMP,2016-11-23,12.0,12.02,11.8,12.02,20800
IMP,2016-11-24,11.95,12.86,11.95,12.58,62710
IMP,2016-11-25,12.64,12.64,12.23,12.23,14850
IMP,2016-11-28,12.49,12.49,12.23,12.25,12130
IMP,2016-11-29,12.45,12.45,12.23,12.41,15280
IMP,2016-11-30,12.23,12.43,12.23,12.23,15610
IMP,2016-12-01,12.23,12.38,12.23,12.23,15860
IMP,2016-12-02,12.28,12.41,12.23,12.23,20530
IMP,2016-12-05,12.34,12.34,12.23,12.23,16160
IMP,2016-12-06,12.41,12.41,12.23,12.28,16180
IMP,2016-12-07,12.43,12.43,12.23,12.23,10730
IMP,2016-12-08,12.34,12.34,12.23,12.23,38430
IMP,2016-12-09,12.28,12.34,12.21,12.34,43430
IMP,2016-12-12,12.34,12.34,12.13,12.23,5700
IMP,2016-12-13,12.23,12.23,12.08,12.19,5930
IMP,2016-12-14,12.23,12.32,12.13,12.23,50690
IMP,2016-12-15,12.23,12.23,12.08,12.1,18780
IMP,2016-12-16,12.61,12.61,12.25,12.27,6120
IMP,2016-12-19,12.27,12.61,12.27,12.47,24220
IMP,2016-12-20,12.65,12.72,12.61,12.65,35210
IMP,2016-12-21,12.47,12.67,12.47,12.61,10180
IMP,2016-12-22,12.65,12.67,12.61,12.67,1770
IMP,2016-12-23,12.67,12.67,12.38,12.49,2520
IMP,2016-12-26,12.72,12.72,12.38,12.67,19250
IMP,2016-12-27,12.63,12.67,12.52,12.61,24360
IMP,2016-12-28,12.61,12.61,12.61,12.61,26470
IMP,2016-12-29,12.61,12.63,12.49,12.61,9320
IMP,2016-12-30,12.72,12.72,12.38,12.58,17910
IMP,2017-01-03,12.43,12.43,12.25,12.38,11740
IMP,2017-01-04,12.38,12.38,11.59,12.16,34290
IMP,2017-01-05,12.02,12.02,11.82,11.93,16240
IMP,2017-01-06,11.84,11.84,11.26,11.48,33260
IMP,2017-01-09,11.71,11.82,11.48,11.68,33270
IMP,2017-01-10,11.71,11.73,11.48,11.71,20620
IMP,2017-01-11,11.77,11.77,11.71,11.71,10990
IMP,2017-01-12,11.71,11.71,11.66,11.71,16890
IMP,2017-01-13,11.71,11.73,11.71,11.71,16670
IMP,2017-01-16,11.71,11.75,11.71,11.71,27520
IMP,2017-01-17,11.73,11.77,11.71,11.77,32740
IMP,2017-01-18,11.8,12.11,11.8,12.02,30320
IMP,2017-01-19,11.93,12.02,11.86,11.93,16920
IMP,2017-01-20,11.93,12.07,11.93,12.04,23930
IMP,2017-01-23,11.95,12.38,11.95,12.16,23650
IMP,2017-01-24,12.27,12.49,12.27,12.27,17900
IMP,2017-01-25,12.11,12.61,12.11,12.58,26370
IMP,2017-02-02,12.58,12.61,12.38,12.49,14270
IMP,2017-02-03,12.49,12.52,12.4,12.52,13110
IMP,2017-02-06,12.56,12.61,12.47,12.61,12390
IMP,2017-02-07,12.61,13.24,12.61,13.19,31520
IMP,2017-02-08,13.28,13.62,13.24,13.48,38010
IMP,2017-02-09,13.73,13.73,13.35,13.48,27440
IMP,2017-02-10,13.33,13.46,13.17,13.28,6720
IMP,2017-02-13,13.17,13.51,12.94,13.51,27130
IMP,2017-02-14,13.28,13.51,13.24,13.28,34470
IMP,2017-02-15,13.39,13.39,13.17,13.28,39070
IMP,2017-02-16,13.28,13.33,13.19,13.19,49710
IMP,2017-02-17,13.19,13.39,13.06,13.39,5330
IMP,2017-02-20,13.39,13.39,13.19,13.19,17610
IMP,2017-02-21,13.19,13.19,13.06,13.08,21130
IMP,2017-02-22,13.17,13.17,12.94,13.06,14690
IMP,2017-02-23,13.06,13.06,13.06,13.06,7430
IMP,2017-02-24,13.06,13.15,12.83,13.06,15860
IMP,2017-02-27,13.06,13.06,12.72,12.83,24960
IMP,2017-02-28,12.61,13.03,12.61,13.03,8010
IMP,2017-03-01,12.83,12.83,12.72,12.83,860
IMP,2017-03-02,12.83,12.97,12.83,12.97,11520
IMP,2017-03-03,12.97,12.97,12.83,12.9,7360
IMP,2017-03-06,12.94,12.94,12.79,12.9,11340
IMP,2017-03-07,12.81,12.9,12.79,12.9,16470
IMP,2017-03-08,12.94,13.64,12.9,13.62,144850
IMP,2017-03-09,13.71,13.71,13.51,13.51,30560
IMP,2017-03-10,13.51,13.55,13.51,13.51,18580
IMP,2017-03-13,13.39,13.6,13.06,13.51,32880
IMP,2017-03-14,13.51,13.84,13.39,13.73,46920
IMP,2017-03-15,13.93,13.93,13.53,13.55,9600
IMP,2017-03-16,13.57,13.69,13.39,13.55,22400
IMP,2017-03-17,13.73,13.73,13.33,13.62,15960
IMP,2017-03-20,13.84,13.84,13.62,13.82,34660
IMP,2017-03-21,13.55,13.73,13.55,13.73,12580
IMP,2017-03-22,13.51,13.73,13.26,13.51,21470
IMP,2017-03-23,13.17,13.6,13.17,13.55,156550
IMP,2017-03-24,13.96,13.96,13.69,13.69,19510
IMP,2017-03-27,13.89,13.96,13.69,13.93,106110
IMP,2017-03-28,14.07,14.07,13.84,13.91,18740
IMP,2017-03-29,13.91,14.29,13.91,14.07,40960
IMP,2017-03-30,14.07,14.63,14.05,14.63,291920
IMP,2017-03-31,14.74,15.26,14.74,15.04,137730
IMP,2017-04-03,15.08,15.08,14.63,14.68,19550
IMP,2017-04-04,14.95,14.95,14.59,14.77,125250
IMP,2017-04-05,14.86,14.86,14.59,14.7,165960
IMP,2017-04-07,14.41,14.63,13.84,14.52,107730
IMP,2017-04-10,13.98,14.52,13.98,14.47,186900
IMP,2017-04-11,14.29,14.81,14.18,14.63,103800
IMP,2017-04-12,14.68,14.7,14.14,14.14,66280
IMP,2017-04-13,14.14,14.29,13.96,13.96,10150
IMP,2017-04-14,13.84,14.07,13.75,13.87,17780
IMP,2017-04-17,13.96,13.96,13.51,13.51,23740
IMP,2017-04-18,13.75,13.75,13.33,13.71,8850
IMP,2017-04-19,13.73,13.73,13.64,13.73,5050
IMP,2017-04-20,13.73,13.84,13.64,13.71,2990
IMP,2017-04-21,13.73,13.84,13.64,13.8,4920
IMP,2017-04-24,13.96,14.18,13.51,13.51,16900
IMP,2017-04-25,13.51,13.64,13.39,13.39,2600
IMP,2017-04-26,13.39,13.73,13.39,13.51,8330
IMP,2017-04-27,13.37,13.89,13.33,13.51,14450
IMP,2017-04-28,13.96,13.96,13.73,13.82,6940
IMP,2017-05-03,13.51,13.73,13.51,13.62,6240
IMP,2017-05-04,13.73,13.89,13.62,13.73,12640
IMP,2017-05-05,13.51,13.73,13.51,13.53,2810
IMP,2017-05-08,13.51,13.64,13.51,13.53,8050
IMP,2017-05-09,13.33,13.53,13.33,13.46,6170
IMP,2017-05-10,13.46,13.6,13.46,13.57,17880
IMP,2017-05-11,13.73,13.84,13.57,13.64,19150
IMP,2017-05-12,13.64,13.64,13.44,13.51,31180
IMP,2017-05-15,13.51,13.82,13.48,13.57,14330
IMP,2017-05-16,13.73,13.84,13.62,13.73,16230
IMP,2017-05-17,13.8,14.05,13.8,13.93,11760
IMP,2017-05-18,14.14,14.14,13.73,13.73,21370
IMP,2017-05-19,13.84,13.96,13.84,13.93,18220
IMP,2017-05-22,13.93,14.07,13.78,13.96,17820
IMP,2017-05-23,13.91,14.02,13.8,13.93,12070
IMP,2017-05-24,14.68,14.68,14.32,14.32,25490
IMP,2017-05-25,14.32,14.35,14.1,14.3,29500
IMP,2017-05-26,14.07,14.4,14.07,14.35,18520
IMP,2017-05-29,14.35,14.4,14.27,14.27,21000
IMP,2017-05-30,14.17,14.3,14.17,14.2,27190
IMP,2017-05-31,14.25,14.38,14.22,14.35,11850
IMP,2017-06-01,14.27,14.43,14.25,14.27,14740
IMP,2017-06-02,14.27,14.35,14.27,14.35,12420
IMP,2017-06-05,14.35,14.35,14.07,14.35,21400
IMP,2017-06-06,14.3,14.32,14.25,14.3,24390
IMP,2017-06-07,14.3,14.3,14.07,14.3,15830
IMP,2017-06-08,14.4,15.05,14.3,14.85,35190
IMP,2017-06-09,14.8,14.93,14.8,14.8,12470
IMP,2017-06-12,15.05,15.05,14.7,14.9,11860
IMP,2017-06-13,14.7,14.8,14.55,14.78,12890
IMP,2017-06-14,14.63,14.73,14.55,14.68,8540
IMP,2017-06-15,14.65,15.05,14.65,14.68,23020
IMP,2017-06-16,14.8,15.68,14.78,15.68,158710
IMP,2017-06-19,15.81,15.81,15.55,15.68,36280
IMP,2017-06-20,15.65,15.68,15.63,15.63,14270
IMP,2017-06-21,15.45,15.93,15.45,15.68,68820
IMP,2017-06-22,15.68,16.51,15.68,16.33,39290
IMP,2017-06-23,16.11,16.93,16.11,16.66,52140
IMP,2017-06-26,16.66,16.78,16.31,16.31,38450
IMP,2017-06-27,16.31,16.43,16.18,16.26,32020
IMP,2017-06-28,16.26,16.33,16.11,16.26,25060
IMP,2017-06-29,16.18,16.23,16.16,16.18,23000
IMP,2017-06-30,16.16,16.18,15.81,15.93,35720
IMP,2017-07-03,15.93,16.08,15.18,15.93,18130
IMP,2017-07-04,15.93,15.93,15.81,15.86,17240
IMP,2017-07-05,15.93,15.93,15.81,15.81,16320
IMP,2017-07-06,16.18,16.18,15.93,16.18,34470
IMP,2017-07-07,16.18,16.18,16.06,16.06,14220
IMP,2017-07-10,16.06,16.06,15.81,16.06,33330
IMP,2017-07-11,16.53,16.53,16.06,16.18,28970
IMP,2017-07-12,16.31,16.31,16.06,16.28,5350
IMP,2017-07-13,16.18,16.31,15.93,16.28,15830
IMP,2017-07-14,16.23,16.23,16.03,16.08,32290
IMP,2017-07-17,15.93,16.08,15.83,16.06,10040
IMP,2017-07-18,16.06,16.06,15.7,16.06,28870
IMP,2017-07-19,16.31,17.16,16.28,17.16,189410
IMP,2017-07-20,17.31,17.81,17.31,17.64,50940
IMP,2017-07-21,17.64,18.31,17.56,17.61,48060
IMP,2017-07-24,17.59,17.59,16.58,17.11,40850
IMP,2017-07-25,16.81,17.31,16.81,16.93,28100
IMP,2017-07-26,16.93,17.36,16.81,17.29,34120
IMP,2017-07-27,17.11,17.56,17.06,17.44,18250
IMP,2017-07-28,17.44,17.44,16.93,16.98,46600
IMP,2017-07-31,16.81,16.98,16.76,16.81,51510
IMP,2017-08-01,16.81,17.31,16.81,17.29,21980
IMP,2017-08-02,17.06,17.06,16.83,16.91,6730
IMP,2017-08-03,16.96,16.96,16.81,16.86,28390
IMP,2017-08-04,16.83,17.56,16.83,17.11,70160
IMP,2017-08-07,17.31,17.34,17.06,17.18,21740
IMP,2017-08-08,17.18,17.21,16.98,17.01,16390
IMP,2017-08-09,17.01,17.01,16.83,16.91,17280
IMP,2017-08-10,16.83,16.98,16.83,16.86,13560
IMP,2017-08-11,16.86,17.18,16.81,17.06,20890
IMP,2017-08-14,17.06,17.26,16.86,17.18,7750
IMP,2017-08-15,17.06,17.26,17.06,17.06,7530
IMP,2017-08-16,17.18,17.18,17.06,17.06,21010
IMP,2017-08-17,17.06,17.16,17.06,17.06,6060
IMP,2017-08-18,17.06,17.24,16.96,16.96,5260
IMP,2017-08-21,16.96,17.18,16.96,17.13,11290
IMP,2017-08-22,17.06,17.26,17.06,17.16,8240
IMP,2017-08-23,17.16,17.18,17.06,17.06,6620
IMP,2017-08-24,17.08,17.13,17.01,17.13,4010
IMP,2017-08-25,17.08,17.11,16.93,16.93,9030
IMP,2017-08-28,17.06,17.06,16.93,16.98,7000
IMP,2017-08-29,16.98,17.06,16.83,16.91,10520
IMP,2017-08-30,16.91,16.93,16.83,16.93,2340
IMP,2017-08-31,16.93,17.06,16.88,16.91,9360
IMP,2017-09-01,16.91,17.18,16.81,17.16,10570
IMP,2017-09-05,17.18,17.18,17.08,17.16,13070
IMP,2017-09-06,17.16,17.16,16.93,17.01,6570
IMP,2017-09-07,17.01,17.01,16.81,17.01,21820
IMP,2017-09-08,16.86,16.86,16.43,16.56,34660
IMP,2017-09-11,16.61,16.68,16.31,16.31,18940
IMP,2017-09-12,16.31,16.31,15.98,16.21,10990
IMP,2017-09-13,16.08,16.31,16.08,16.11,10540
IMP,2017-09-14,16.31,16.53,16.18,16.36,27020
IMP,2017-09-15,16.36,16.53,15.55,15.81,245330
IMP,2017-09-18,15.81,15.81,15.5,15.58,49210
IMP,2017-09-19,16.28,16.28,15.55,15.81,47000
IMP,2017-09-20,15.93,16.03,15.81,15.81,16080
IMP,2017-09-21,15.81,16.01,15.73,16.01,15220
IMP,2017-09-22,15.81,16.01,15.7,15.73,7320
IMP,2017-09-25,15.55,15.81,15.55,15.68,68090
IMP,2017-09-26,15.78,15.78,15.5,15.63,110410
IMP,2017-09-27,15.63,15.63,15.48,15.63,27900
IMP,2017-09-28,15.55,15.63,15.5,15.63,6330
IMP,2017-09-29,15.5,15.81,15.5,15.81,33990
IMP,2017-10-02,15.81,15.86,15.63,15.83,7030
IMP,2017-10-03,15.81,15.93,15.68,15.93,12750
IMP,2017-10-04,15.68,15.98,15.68,15.81,5560
IMP,2017-10-05,15.75,15.91,15.75,15.91,1230
IMP,2017-10-06,16.01,16.01,15.7,15.7,6430
IMP,2017-10-09,15.7,15.81,15.7,15.7,7720
IMP,2017-10-10,15.7,15.73,15.7,15.7,12210
IMP,2017-10-11,15.7,15.75,15.68,15.68,18450
IMP,2017-10-12,15.63,15.73,15.6,15.73,4130
IMP,2017-10-13,15.63,15.81,15.63,15.7,1630
IMP,2017-10-16,15.68,16.13,15.65,15.93,26210
IMP,2017-10-17,15.93,16.03,15.93,15.93,6850
IMP,2017-10-18,15.93,15.93,15.93,15.93,4220
IMP,2017-10-19,15.93,16.68,15.81,16.53,28600
IMP,2017-10-20,16.28,16.31,16.03,16.03,18740
IMP,2017-10-23,16.11,16.18,15.81,15.83,16930
IMP,2017-10-24,15.81,15.93,15.68,15.81,11240
IMP,2017-10-25,15.81,15.93,15.81,15.93,12040
IMP,2017-10-26,15.81,16.03,15.63,15.88,12410
IMP,2017-10-27,15.65,15.98,15.65,15.93,2300
IMP,2017-10-30,15.81,15.81,15.58,15.63,20920
IMP,2017-10-31,15.45,15.68,15.45,15.63,8470
IMP,2017-11-01,15.63,15.7,15.63,15.68,6510
IMP,2017-11-02,15.75,15.75,15.63,15.68,14850
IMP,2017-11-03,15.55,15.68,15.5,15.68,17420
IMP,2017-11-06,15.6,15.86,15.55,15.86,17310
IMP,2017-11-07,15.93,15.93,15.78,15.93,4080
IMP,2017-11-08,15.68,15.93,15.68,15.81,4780
IMP,2017-11-09,15.93,15.93,15.78,15.78,11550
IMP,2017-11-10,15.81,15.81,15.63,15.78,4200
IMP,2017-11-13,15.78,15.93,15.68,15.93,16820
IMP,2017-11-14,15.93,16.28,15.83,15.83,23570
IMP,2017-11-15,16.28,16.93,15.93,16.93,119270
IMP,2017-11-16,16.93,17.18,16.88,17.06,66190
IMP,2017-11-17,17.06,17.56,16.71,17.56,67530
IMP,2017-11-20,17.69,18.67,17.56,17.94,131320
IMP,2017-11-21,18.31,18.31,16.81,17.11,73670
IMP,2017-11-22,17.06,17.56,17.06,17.44,24790
IMP,2017-11-23,17.21,17.21,16.96,17.03,21070
IMP,2017-11-24,16.81,17.03,16.76,17.03,22880
IMP,2017-11-27,17.03,17.06,16.58,16.68,23790
IMP,2017-11-28,16.81,17.06,16.68,16.81,19520
IMP,2017-11-29,16.68,17.11,16.68,16.89,8150
IMP,2017-11-30,16.99,17.16,16.81,16.89,15470
IMP,2017-12-01,16.81,16.89,16.68,16.76,19020
IMP,2017-12-04,16.76,16.86,16.76,16.86,27590
IMP,2017-12-05,16.86,16.86,16.76,16.76,10750
IMP,2017-12-06,16.68,16.86,16.56,16.76,6200
IMP,2017-12-07,16.91,16.91,16.68,16.81,17270
IMP,2017-12-08,16.86,16.94,16.83,16.89,15580
IMP,2017-12-11,16.76,16.86,16.68,16.68,4930
IMP,2017-12-12,16.73,16.73,16.05,16.18,27360
IMP,2017-12-13,16.68,16.68,16.18,16.43,22350
IMP,2017-12-14,16.43,16.43,16.3,16.43,24010
IMP,2017-12-15,16.43,16.81,16.43,16.81,19410
IMP,2017-12-18,16.81,16.83,16.56,16.78,17380
IMP,2017-12-19,16.56,16.76,16.56,16.73,9540
IMP,2017-12-20,16.68,16.73,16.56,16.68,9930
IMP,2017-12-21,16.51,16.56,16.51,16.51,13850
IMP,2017-12-22,16.56,16.81,16.56,16.73,9910
IMP,2017-12-25,16.73,16.89,16.43,16.68,5720
IMP,2017-12-26,16.81,16.81,16.43,16.48,8920
IMP,2017-12-27,16.48,16.63,16.43,16.63,5900
IMP,2017-12-28,16.43,16.66,16.43,16.66,6440
IMP,2017-12-29,16.66,16.71,16.43,16.68,8230
IMP,2018-01-02,16.3,16.56,16.3,16.56,4770
IMP,2018-01-03,16.73,16.73,16.43,16.68,41890
IMP,2018-01-04,16.68,16.73,16.68,16.68,29740
IMP,2018-01-05,16.68,16.71,16.56,16.56,9630
IMP,2018-01-08,16.43,16.63,16.43,16.63,5110
IMP,2018-01-09,16.63,16.66,16.56,16.61,21060
IMP,2018-01-10,16.61,16.81,16.61,16.76,34110
IMP,2018-01-11,16.76,16.76,16.61,16.68,12710
IMP,2018-01-12,16.68,16.81,16.61,16.68,31050
IMP,2018-01-15,16.73,17.29,16.68,17.29,28510
IMP,2018-01-16,17.42,17.42,16.94,17.14,7820
IMP,2018-01-17,17.06,17.06,16.94,16.94,1210
IMP,2018-01-18,16.94,16.94,16.56,16.94,9360
IMP,2018-01-19,17.04,17.04,16.94,16.99,19910
IMP,2018-01-22,16.58,16.94,16.43,16.53,25060
IMP,2018-01-23,16.53,16.53,16.53,16.53,0
IMP,2018-01-24,16.53,16.53,16.53,16.53,0
IMP,2018-01-25,16.68,16.68,16.28,16.28,62660
IMP,2018-01-26,16.28,16.56,16.28,16.56,8400
IMP,2018-01-29,16.43,16.56,16.2,16.43,25830
IMP,2018-01-30,15.62,16.43,15.62,16.33,42780
IMP,2018-01-31,16.43,16.43,15.67,16.3,28190
IMP,2018-02-01,16.43,16.43,16.18,16.4,6860
IMP,2018-02-02,16.18,16.18,16.05,16.18,13890
IMP,2018-02-05,15.92,16.05,15.67,15.67,9350
IMP,2018-02-06,15.67,15.67,14.91,15.52,31900
IMP,2018-02-07,16.18,16.18,15.92,15.92,11980
IMP,2018-02-08,15.55,15.87,15.55,15.65,13580
IMP,2018-02-09,14.79,15.72,14.79,15.55,6570
IMP,2018-02-12,15.92,15.92,15.67,15.82,11190
IMP,2018-02-13,15.82,15.92,15.82,15.92,14050
IMP,2018-02-21,15.8,15.92,15.8,15.92,22970
IMP,2018-02-22,15.92,16.05,15.92,15.92,18430
IMP,2018-02-23,16.1,16.1,15.82,15.82,9020
IMP,2018-02-26,15.82,15.82,15.62,15.67,53980
IMP,2018-02-27,15.67,16.05,15.42,16.05,37640
IMP,2018-02-28,16.03,16.03,15.65,16.03,22290
IMP,2018-03-01,16.03,16.18,15.92,16.15,9830
IMP,2018-03-02,16.15,16.15,16.05,16.13,8920
IMP,2018-03-05,16.25,16.25,16.05,16.05,20640
IMP,2018-03-06,16.1,16.1,16.05,16.1,22920
IMP,2018-03-07,16.1,16.1,15.98,16.05,29360
IMP,2018-03-08,16.05,16.05,16.05,16.05,15130
IMP,2018-03-09,16.05,16.05,16.03,16.03,17210
IMP,2018-03-12,15.95,16.05,15.8,16.05,17410
IMP,2018-03-13,15.92,15.92,15.92,15.92,12500
IMP,2018-03-14,15.67,15.95,15.67,15.92,11460
IMP,2018-03-15,15.92,16.05,15.8,15.82,7410
IMP,2018-03-16,15.98,16.05,15.92,16.05,11000
IMP,2018-03-19,16.18,16.18,15.92,15.92,11910
IMP,2018-03-20,15.92,16.05,15.92,16.03,4400
IMP,2018-03-21,16.25,16.25,16.03,16.03,21330
IMP,2018-03-22,16.1,16.1,16.03,16.05,6790
IMP,2018-03-23,15.8,16.15,15.8,16.13,2760
IMP,2018-03-26,16.05,16.13,16.05,16.05,11630
IMP,2018-03-27,15.92,16.08,15.92,16.05,27500
IMP,2018-03-28,15.87,15.92,15.85,15.92,6050
IMP,2018-03-29,16.05,16.05,15.92,15.92,8280
IMP,2018-03-30,15.92,15.92,15.92,15.92,2210
IMP,2018-04-02,15.92,16.13,15.85,15.92,14690
IMP,2018-04-03,15.92,15.95,15.92,15.92,16900
IMP,2018-04-04,16.05,16.05,16.0,16.0,1190
IMP,2018-04-05,16.05,16.05,15.87,15.87,4550
IMP,2018-04-06,15.92,16.03,15.9,15.92,2910
IMP,2018-04-09,16.05,16.05,15.92,16.05,40620
IMP,2018-04-10,16.05,16.05,15.82,15.82,29130
IMP,2018-04-11,15.92,15.95,15.82,15.92,8520
IMP,2018-04-12,16.18,16.18,15.7,15.9,29440
IMP,2018-04-13,16.43,16.43,15.9,15.9,11880
IMP,2018-04-16,16.05,16.05,15.9,15.9,3460
IMP,2018-04-17,15.9,16.05,15.9,15.9,10610
IMP,2018-04-18,15.8,15.92,15.8,15.8,6310
IMP,2018-04-19,15.8,15.92,15.8,15.9,3870
IMP,2018-04-20,15.92,15.92,15.82,15.92,1580
IMP,2018-04-23,16.0,16.05,15.9,15.92,16810
IMP,2018-04-24,15.75,15.92,15.67,15.67,20870
IMP,2018-04-26,15.87,15.87,15.44,15.44,8760
IMP,2018-04-27,15.42,15.9,15.42,15.9,3030
IMP,2018-05-02,15.67,15.92,15.44,15.67,7190
IMP,2018-05-03,15.67,15.67,15.42,15.47,35050
IMP,2018-05-04,15.92,15.92,15.55,15.57,22730
IMP,2018-05-07,15.85,15.87,15.57,15.57,16530
IMP,2018-05-08,15.57,15.85,15.55,15.57,71030
IMP,2018-05-09,15.67,15.67,15.55,15.55,64520
IMP,2018-05-10,15.55,15.67,15.55,15.55,41560
IMP,2018-05-11,15.67,15.67,15.55,15.55,4110
IMP,2018-05-14,15.67,15.85,15.67,15.82,23100
IMP,2018-05-15,15.82,15.82,15.82,15.82,30
IMP,2018-05-16,15.8,15.8,15.55,15.8,1360
IMP,2018-05-17,15.67,15.82,15.55,15.57,30480
IMP,2018-05-18,15.57,15.85,15.47,15.85,5530
IMP,2018-05-21,15.82,15.82,15.55,15.55,4130
IMP,2018-05-22,15.85,15.85,15.47,15.8,18210
IMP,2018-05-23,15.8,15.8,15.42,15.42,9590
IMP,2018-05-24,15.55,15.55,15.42,15.42,6380
IMP,2018-05-25,15.55,15.55,15.42,15.42,810
IMP,2018-05-28,15.52,15.52,14.36,14.36,27220
IMP,2018-05-29,14.36,15.34,13.4,15.34,1443440
IMP,2018-05-30,15.17,15.34,14.71,14.71,2670
IMP,2018-05-31,14.71,15.42,14.71,15.42,9970
IMP,2018-06-01,15.37,15.42,15.17,15.22,2920
IMP,2018-06-04,15.99,15.99,15.58,15.7,3920
IMP,2018-06-05,16.71,16.71,16.13,16.13,6440
IMP,2018-06-06,16.13,16.13,16.13,16.13,2890
IMP,2018-06-07,16.13,16.28,16.02,16.02,11510
IMP,2018-06-08,15.96,15.96,15.93,15.96,7300
IMP,2018-06-11,15.84,15.99,15.84,15.99,17510
IMP,2018-06-12,15.26,15.43,15.26,15.41,2600
IMP,2018-06-13,15.7,15.84,15.7,15.7,3750
IMP,2018-06-14,16.28,16.28,15.7,15.7,2440
IMP,2018-06-15,15.7,15.7,15.46,15.55,600
IMP,2018-06-18,14.97,15.7,14.97,15.38,28410
IMP,2018-06-19,15.26,15.99,14.94,15.41,26080
IMP,2018-06-20,15.78,15.78,15.38,15.38,430
IMP,2018-06-21,15.17,16.28,14.91,15.64,28900
IMP,2018-06-22,15.06,15.41,15.06,15.12,1340
IMP,2018-06-25,15.43,15.43,15.41,15.41,110
IMP,2018-06-26,15.38,15.41,15.12,15.41,9070
IMP,2018-06-27,15.55,15.55,15.29,15.29,7780
IMP,2018-06-28,15.41,15.41,14.39,14.39,3510
IMP,2018-06-29,14.56,15.26,14.52,15.26,18340
IMP,2018-07-02,15.58,16.13,15.58,16.13,10000
IMP,2018-07-03,15.67,15.67,15.03,15.03,1550
IMP,2018-07-04,15.03,15.2,14.56,15.2,670
IMP,2018-07-05,14.88,15.03,14.82,15.03,640
IMP,2018-07-06,15.03,15.12,15.03,15.12,1010
IMP,2018-07-09,14.82,15.12,14.82,15.12,12580
IMP,2018-07-10,15.12,15.12,14.82,14.88,3170
IMP,2018-07-11,15.09,15.26,14.82,15.26,19270
IMP,2018-07-12,15.7,15.7,14.82,15.38,56560
IMP,2018-07-13,14.42,15.38,14.42,15.38,18650
IMP,2018-07-16,15.26,15.26,14.97,15.0,190
IMP,2018-07-17,15.38,15.38,14.85,15.09,12200
IMP,2018-07-18,14.85,15.09,14.74,14.74,7340
IMP,2018-07-19,15.09,15.12,14.82,15.12,4200
IMP,2018-07-20,15.12,15.7,14.82,15.12,16050
IMP,2018-07-23,14.68,15.12,14.56,15.12,3310
IMP,2018-07-24,14.45,15.12,14.45,15.12,4730
IMP,2018-07-25,15.41,15.41,14.82,14.82,570
IMP,2018-07-26,15.41,15.41,14.82,14.82,44800
IMP,2018-07-27,15.09,15.09,14.53,15.0,13970
IMP,2018-07-30,15.0,15.12,14.71,15.12,2970
IMP,2018-07-31,14.85,15.12,14.82,15.12,11230
IMP,2018-08-01,15.12,15.12,14.82,14.82,2230
IMP,2018-08-02,14.82,15.26,14.82,15.26,24690
IMP,2018-08-03,15.26,15.7,15.12,15.46,29230
IMP,2018-08-06,15.41,15.41,15.12,15.12,5980
IMP,2018-08-07,15.12,15.12,14.88,15.12,13080
IMP,2018-08-08,14.97,15.12,14.97,15.0,1600
IMP,2018-08-09,15.12,15.12,15.03,15.06,3570
IMP,2018-08-10,15.35,15.35,14.85,14.85,4930
IMP,2018-08-13,14.85,14.97,14.85,14.85,15820
IMP,2018-08-14,14.68,14.97,14.56,14.97,5500
IMP,2018-08-15,14.71,15.12,14.71,15.12,2010
IMP,2018-08-16,15.26,15.7,15.12,15.12,23900
IMP,2018-08-17,15.12,15.12,14.8,15.12,3150
IMP,2018-08-20,14.88,15.26,14.88,15.12,13400
IMP,2018-08-21,15.12,15.12,14.91,14.91,130
IMP,2018-08-22,14.91,15.12,14.91,14.97,530
IMP,2018-08-23,15.12,15.12,15.06,15.12,6160
IMP,2018-08-24,15.12,15.12,15.12,15.12,6500
IMP,2018-08-27,14.94,15.12,14.91,15.12,7090
IMP,2018-08-28,14.94,15.12,14.94,15.12,6570
IMP,2018-08-29,15.12,15.12,15.09,15.12,53070
IMP,2018-08-30,15.38,15.41,15.0,15.0,8070
IMP,2018-08-31,14.94,15.23,14.91,15.23,1280
IMP,2018-09-04,15.17,15.26,15.17,15.23,1790
IMP,2018-09-05,15.41,15.7,15.12,15.12,75190
IMP,2018-09-06,15.12,15.12,15.09,15.12,5890
IMP,2018-09-07,15.23,15.23,15.23,15.23,10
IMP,2018-09-10,15.23,15.23,15.06,15.12,11250
IMP,2018-09-11,15.23,15.23,15.17,15.17,2810
IMP,2018-09-12,15.17,15.61,15.17,15.26,35340
IMP,2018-09-13,14.88,15.17,14.88,15.17,6640
IMP,2018-09-14,15.17,15.26,15.12,15.12,30310
IMP,2018-09-17,15.03,15.12,14.91,15.12,32910
IMP,2018-09-18,14.97,15.12,14.97,15.12,3540
IMP,2018-09-19,15.23,15.7,15.23,15.41,41040
IMP,2018-09-20,15.12,15.26,15.09,15.26,113060
IMP,2018-09-21,15.64,15.7,15.12,15.38,40060
IMP,2018-09-24,15.41,15.41,15.12,15.12,54640
IMP,2018-09-25,15.38,15.38,15.26,15.26,310
IMP,2018-09-26,15.41,15.41,15.17,15.26,4100
IMP,2018-09-27,15.26,15.64,15.26,15.55,119450
IMP,2018-09-28,15.55,15.55,15.12,15.12,226890
IMP,2018-10-01,15.12,15.7,15.12,15.61,33560
IMP,2018-10-02,15.41,15.84,15.41,15.75,43950
IMP,2018-10-03,15.75,15.75,15.41,15.55,16970
IMP,2018-10-04,15.43,15.49,15.41,15.49,4130
IMP,2018-10-05,15.41,15.43,15.38,15.41,13820
IMP,2018-10-08,15.32,15.46,15.26,15.46,4310
IMP,2018-10-09,15.41,15.67,15.41,15.67,11020
IMP,2018-10-10,15.49,15.49,15.49,15.49,6000
IMP,2018-10-11,15.26,15.26,14.97,15.12,64850
IMP,2018-10-12,15.46,15.46,15.12,15.41,3090
IMP,2018-10-15,15.41,15.41,15.41,15.41,10
IMP,2018-10-16,15.26,15.41,15.26,15.41,3790
IMP,2018-10-17,15.38,15.67,15.03,15.38,20030
IMP,2018-10-18,15.38,15.38,15.38,15.38,0
IMP,2018-10-19,15.38,15.38,15.38,15.38,0
IMP,2018-10-22,15.12,15.17,15.12,15.12,9880
IMP,2018-10-23,15.03,15.26,14.85,15.26,24180
IMP,2018-10-24,14.97,15.12,14.94,15.12,3050
IMP,2018-10-25,15.49,15.49,14.5,15.12,31570
IMP,2018-10-26,14.82,15.38,14.82,15.12,20010
IMP,2018-10-29,14.82,15.09,14.65,15.09,31410
IMP,2018-10-30,15.03,15.09,14.62,14.97,24060
IMP,2018-10-31,15.09,15.12,15.09,15.12,10010
IMP,2018-11-01,14.71,15.12,14.71,15.12,4760
IMP,2018-11-02,14.82,14.82,14.82,14.82,2450
IMP,2018-11-05,14.71,14.71,14.71,14.71,270
IMP,2018-11-06,14.82,15.09,14.82,15.09,80
IMP,2018-11-07,15.09,15.09,14.74,14.74,200
IMP,2018-11-08,14.74,14.88,14.74,14.88,2330
IMP,2018-11-09,14.56,14.82,14.56,14.82,270
IMP,2018-11-12,14.82,14.82,14.65,14.65,2420
IMP,2018-11-13,14.68,14.71,14.68,14.68,18340
IMP,2018-11-14,14.94,14.97,14.68,14.68,410
IMP,2018-11-15,14.68,14.82,14.68,14.82,1930
IMP,2018-11-16,14.82,14.82,14.82,14.82,200
IMP,2018-11-19,14.82,14.82,14.68,14.71,7440
IMP,2018-11-20,14.94,14.94,14.82,14.82,1910
IMP,2018-11-21,14.68,14.85,14.62,14.8,4710
IMP,2018-11-22,14.62,14.8,14.62,14.8,3660
IMP,2018-11-23,14.59,14.8,14.59,14.68,31010
IMP,2018-11-26,14.77,14.77,14.68,14.68,4020
IMP,2018-11-27,14.68,14.82,14.68,14.68,17050
IMP,2018-11-28,14.77,15.09,14.77,14.82,31910
IMP,2018-11-29,14.82,15.26,14.82,15.26,31210
IMP,2018-11-30,15.26,15.64,15.26,15.64,23800
IMP,2018-12-03,15.55,16.28,15.55,16.28,67010
IMP,2018-12-04,16.28,16.28,15.38,16.28,16110
IMP,2018-12-05,16.22,16.22,15.43,15.46,50
IMP,2018-12-06,15.49,15.99,15.49,15.99,4760
IMP,2018-12-07,15.52,16.28,15.49,16.28,6750
IMP,2018-12-10,16.25,16.25,15.9,15.93,620
IMP,2018-12-11,15.96,16.28,15.96,16.28,12890
IMP,2018-12-12,16.25,16.42,16.25,16.39,15350
IMP,2018-12-13,16.39,16.57,16.28,16.57,27320
IMP,2018-12-14,16.28,16.8,16.28,16.8,18020
IMP,2018-12-17,16.8,16.83,16.57,16.83,8990
IMP,2018-12-18,16.83,16.86,16.83,16.86,15010
IMP,2018-12-19,16.71,16.86,16.34,16.86,17080
IMP,2018-12-20,16.83,17.12,16.83,17.12,20000
IMP,2018-12-21,16.86,17.41,16.86,17.41,16420
IMP,2018-12-24,17.0,17.56,17.0,17.56,9130
IMP,2018-12-25,17.0,17.56,17.0,17.56,8390
IMP,2018-12-26,17.44,17.53,17.38,17.53,13480
IMP,2018-12-27,17.0,17.53,17.0,17.47,45580
IMP,2018-12-28,17.15,17.7,17.15,17.7,164070
IMP,2019-01-02,17.7,17.7,17.3,17.44,6540
IMP,2019-01-03,17.03,17.35,16.86,17.35,7520
IMP,2019-01-04,17.35,17.35,16.48,16.86,25560
IMP,2019-01-07,16.28,16.86,15.84,16.86,7040
IMP,2019-01-08,15.84,16.86,15.84,16.86,16630
IMP,2019-01-09,15.99,16.57,15.73,16.57,11000
IMP,2019-01-10,15.78,15.84,15.7,15.7,3050
IMP,2019-01-11,15.7,15.73,15.43,15.43,5190
IMP,2019-01-14,15.46,15.49,14.82,15.41,12160
IMP,2019-01-15,15.41,15.41,14.71,14.85,11690
IMP,2019-01-16,14.85,15.12,14.56,14.91,11280
IMP,2019-01-17,14.65,14.65,14.65,14.65,3000
IMP,2019-01-18,14.65,15.09,14.53,15.09,9150
IMP,2019-01-21,14.82,14.82,14.48,14.5,7530
IMP,2019-01-22,14.59,14.59,14.5,14.53,2550
IMP,2019-01-23,15.09,15.55,14.48,14.53,5510
IMP,2019-01-24,14.53,14.53,14.5,14.5,8810
IMP,2019-01-25,14.53,14.53,14.48,14.48,1230
IMP,2019-01-28,14.48,14.53,14.48,14.53,1730
IMP,2019-01-29,14.77,14.77,14.46,14.53,1260
IMP,2019-01-30,14.56,14.56,14.52,14.53,7330
IMP,2019-01-31,14.53,14.53,14.5,14.5,1620
IMP,2019-02-01,14.49,14.68,14.48,14.68,240
IMP,2019-02-11,14.68,14.71,14.68,14.68,2400
IMP,2019-02-12,14.68,14.71,14.53,14.53,8250
IMP,2019-02-13,14.39,14.56,14.39,14.53,2890
IMP,2019-02-14,14.53,14.56,14.45,14.48,4390
IMP,2019-02-15,14.53,14.53,14.48,14.48,670
IMP,2019-02-18,14.68,14.68,14.48,14.53,6620
IMP,2019-02-19,14.82,15.12,14.53,14.53,26750
IMP,2019-02-20,14.56,14.56,14.5,14.5,14910
IMP,2019-02-21,14.8,14.8,14.5,14.5,9420
IMP,2019-02-22,14.5,14.8,14.5,14.53,12240
IMP,2019-02-25,14.71,14.71,14.48,14.53,12000
IMP,2019-02-26,14.48,14.68,14.21,14.24,22620
IMP,2019-02-27,14.37,14.45,14.18,14.45,2520
IMP,2019-02-28,14.53,14.53,14.45,14.45,2090
IMP,2019-03-01,14.45,15.09,14.42,15.09,8190
IMP,2019-03-04,15.09,15.09,14.71,14.71,25180
IMP,2019-03-05,14.8,14.94,14.62,14.94,25580
IMP,2019-03-06,14.94,15.06,14.62,14.82,12960
IMP,2019-03-07,14.82,14.91,14.62,14.62,34050
IMP,2019-03-08,14.68,14.8,14.59,14.65,54340
IMP,2019-03-11,14.71,14.71,14.56,14.59,20350
IMP,2019-03-12,14.65,14.74,14.59,14.59,25540
IMP,2019-03-13,14.56,15.12,14.53,14.74,115010
IMP,2019-03-14,15.03,15.38,14.82,15.32,24150
IMP,2019-03-15,15.26,15.32,15.12,15.26,18690
IMP,2019-03-18,15.26,15.26,14.97,14.97,22090
IMP,2019-03-19,15.14,15.14,14.85,15.12,16740
IMP,2019-03-20,15.12,15.12,14.88,15.12,5380
IMP,2019-03-21,15.12,15.12,14.82,14.97,18800
IMP,2019-03-22,14.97,15.12,14.91,15.12,31240
IMP,2019-03-25,14.97,14.97,14.74,14.88,6760
IMP,2019-03-26,14.71,14.88,14.71,14.74,6440
IMP,2019-03-27,14.62,15.0,14.53,15.0,21620
IMP,2019-03-28,15.0,15.41,14.68,15.41,51930
IMP,2019-03-29,15.75,15.75,15.35,15.41,33330
IMP,2019-04-01,15.43,15.43,14.97,14.97,11300
IMP,2019-04-02,15.0,15.14,14.97,14.97,7340
IMP,2019-04-03,14.97,15.26,14.74,14.74,26020
IMP,2019-04-04,14.74,14.77,14.74,14.77,820
IMP,2019-04-05,14.77,14.82,14.74,14.74,20980
IMP,2019-04-08,14.74,15.0,14.74,14.94,4120
IMP,2019-04-09,15.12,15.12,14.77,14.77,8940
IMP,2019-04-10,14.82,14.82,14.71,14.74,12810
IMP,2019-04-11,14.74,14.88,14.74,14.88,2640
IMP,2019-04-12,14.91,14.91,14.77,14.88,1560
IMP,2019-04-16,14.88,14.88,14.74,14.77,160
IMP,2019-04-17,14.68,14.91,14.53,14.91,13670
IMP,2019-04-18,14.82,14.82,14.68,14.82,9720
IMP,2019-04-19,14.82,14.82,14.68,14.82,6710
IMP,2019-04-22,14.68,14.94,14.68,14.94,6860
IMP,2019-04-23,14.94,14.97,14.94,14.97,8520
IMP,2019-04-24,14.94,15.09,14.82,15.09,12650
IMP,2019-04-25,15.09,15.09,14.82,15.09,12350
IMP,2019-04-26,15.09,15.2,14.8,15.09,13490
IMP,2019-05-02,15.09,15.09,14.85,14.85,1480
IMP,2019-05-03,14.82,14.85,14.82,14.82,4610
IMP,2019-05-06,14.56,14.68,14.56,14.68,7380
IMP,2019-05-07,14.68,15.09,14.68,14.97,28900
IMP,2019-05-08,14.94,15.26,14.68,15.26,40210
IMP,2019-05-09,15.09,15.09,14.82,14.85,2450
IMP,2019-05-10,14.82,15.23,14.77,15.23,580
IMP,2019-05-13,15.38,15.38,14.8,14.8,4680
IMP,2019-05-14,14.82,14.82,14.82,14.82,18220
IMP,2019-05-15,14.82,14.82,14.8,14.82,5730
IMP,2019-05-16,14.82,14.97,14.71,14.71,5480
IMP,2019-05-17,14.71,14.71,14.71,14.71,2750
IMP,2019-05-20,14.71,14.82,14.68,14.82,16240
IMP,2019-05-21,14.94,14.97,14.62,14.68,6860
IMP,2019-05-22,14.74,14.74,14.53,14.71,28700
IMP,2019-05-23,14.71,14.97,14.53,14.97,29940
IMP,2019-05-24,14.82,14.85,14.59,14.59,4290
IMP,2019-05-27,14.68,14.97,14.68,14.97,17450
IMP,2019-05-28,14.82,15.09,14.82,14.97,8780
IMP,2019-05-29,14.74,14.91,14.65,14.91,22910
IMP,2019-05-30,14.94,14.94,14.65,14.88,32200
IMP,2019-05-31,14.85,14.97,14.82,14.94,14280
IMP,2019-06-03,14.94,14.94,14.62,14.62,11560
IMP,2019-06-04,14.88,14.88,14.62,14.62,8220
IMP,2019-06-05,14.82,14.82,14.53,14.56,13670
IMP,2019-06-06,14.56,14.56,14.42,14.5,11010
IMP,2019-06-07,14.5,14.82,14.5,14.82,15250
IMP,2019-06-10,14.82,14.82,14.59,14.8,4340
IMP,2019-06-11,14.8,14.8,14.53,14.77,18250
IMP,2019-06-12,14.74,14.77,14.5,14.53,51360
IMP,2019-06-13,15.02,15.02,14.53,14.69,23730
IMP,2019-06-14,14.69,14.78,14.69,14.78,6600
IMP,2019-06-17,14.62,14.69,14.56,14.65,460
IMP,2019-06-18,14.53,14.72,14.44,14.65,35150
IMP,2019-06-19,14.65,14.72,14.5,14.5,5330
IMP,2019-06-20,14.53,14.53,14.47,14.47,4450
IMP,2019-06-21,14.47,14.53,14.38,14.53,8140
IMP,2019-06-24,14.53,14.53,14.38,14.4,4210
IMP,2019-06-25,14.38,14.38,14.23,14.23,5750
IMP,2019-06-26,14.53,14.53,14.53,14.53,100
IMP,2019-06-27,14.5,14.5,14.2,14.49,1600
IMP,2019-06-28,14.44,14.47,14.23,14.32,3440
IMP,2019-07-01,14.32,14.32,14.11,14.14,6750
IMP,2019-07-02,14.11,14.11,13.96,13.99,2800
IMP,2019-07-03,13.99,14.17,13.99,14.05,260
IMP,2019-07-04,14.14,14.35,13.99,14.35,8570
IMP,2019-07-05,14.41,14.41,14.41,14.41,19500
IMP,2019-07-08,14.41,14.53,14.23,14.5,6280
IMP,2019-07-09,14.5,14.53,14.47,14.53,14100
IMP,2019-07-10,14.52,14.53,14.47,14.53,17100
IMP,2019-07-11,14.53,14.53,14.47,14.53,30760
IMP,2019-07-12,14.47,14.5,14.38,14.5,6300
IMP,2019-07-15,14.44,14.5,14.44,14.5,3180
IMP,2019-07-16,14.5,14.53,14.41,14.5,4170
IMP,2019-07-17,14.52,14.53,14.38,14.53,25540
IMP,2019-07-18,14.38,14.53,14.38,14.53,5130
IMP,2019-07-19,14.53,14.53,14.38,14.53,20120
IMP,2019-07-22,14.53,14.53,14.17,14.23,17320
IMP,2019-07-23,14.17,14.38,14.08,14.38,11000
IMP,2019-07-24,14.38,14.47,14.23,14.47,3200
IMP,2019-07-25,14.47,14.5,14.47,14.5,6270
IMP,2019-07-26,14.5,14.53,14.23,14.53,15120
IMP,2019-07-29,14.5,14.5,14.38,14.5,6320
IMP,2019-07-30,14.25,14.5,14.17,14.5,12570
IMP,2019-07-31,14.23,15.14,14.23,15.14,16070
IMP,2019-08-01,15.14,15.14,14.47,14.78,6440
IMP,2019-08-02,14.47,14.53,14.08,14.53,16160
IMP,2019-08-05,14.53,14.53,14.31,14.5,2380
IMP,2019-08-06,14.53,14.53,14.25,14.53,3880
IMP,2019-08-07,14.53,14.53,14.35,14.53,19730
IMP,2019-08-08,14.28,14.5,14.26,14.5,11930
IMP,2019-08-09,14.5,14.5,14.5,14.5,1670
IMP,2019-08-12,14.5,14.53,14.11,14.5,11540
IMP,2019-08-13,14.5,14.5,14.47,14.5,12740
IMP,2019-08-14,14.47,14.5,14.23,14.5,5150
IMP,2019-08-15,14.5,14.5,14.26,14.5,3230
IMP,2019-08-16,14.47,14.53,14.47,14.5,16200
IMP,2019-08-19,14.38,14.5,14.38,14.5,3390
IMP,2019-08-20,14.5,14.53,14.38,14.53,50630
IMP,2019-08-21,14.5,14.69,14.5,14.53,21220
IMP,2019-08-22,14.53,14.59,14.5,14.53,30910
IMP,2019-08-23,14.53,14.53,14.53,14.53,3600
IMP,2019-08-26,14.53,14.53,14.38,14.53,15030
IMP,2019-08-27,14.53,14.53,14.53,14.53,15510
IMP,2019-08-28,14.84,14.84,14.53,14.53,1540
IMP,2019-08-29,14.5,14.5,14.47,14.5,13660
IMP,2019-08-30,14.53,14.53,14.47,14.53,39330
IMP,2019-09-03,14.29,14.53,14.29,14.53,13150
IMP,2019-09-04,14.5,14.53,14.44,14.52,18340
IMP,2019-09-05,14.53,14.53,14.5,14.53,16010
IMP,2019-09-06,14.53,14.53,14.5,14.53,11600
IMP,2019-09-09,14.53,14.53,14.5,14.53,20080
IMP,2019-09-10,14.5,14.53,14.29,14.53,2890
IMP,2019-09-11,14.53,14.53,14.5,14.5,13350
IMP,2019-09-12,14.47,14.52,14.47,14.52,3030
IMP,2019-09-13,14.52,14.56,14.52,14.52,12360
IMP,2019-09-16,14.53,14.53,14.52,14.52,3500
IMP,2019-09-17,14.52,14.52,14.5,14.52,8090
IMP,2019-09-18,14.5,14.5,14.26,14.5,2840
IMP,2019-09-19,14.47,14.53,14.47,14.53,71490
IMP,2019-09-20,14.53,14.53,14.47,14.47,13220
IMP,2019-09-23,14.76,14.76,14.47,14.5,7670
IMP,2019-09-24,14.5,14.5,14.38,14.5,4800
IMP,2019-09-25,14.5,14.5,14.47,14.5,16830
IMP,2019-09-26,14.5,14.53,14.44,14.52,32000
IMP,2019-09-27,14.52,15.08,14.52,15.05,80760
IMP,2019-09-30,15.87,15.87,15.12,15.14,7960
IMP,2019-10-01,15.11,15.11,14.84,14.84,3450
IMP,2019-10-02,14.84,14.84,14.69,14.72,3930
IMP,2019-10-03,14.69,14.7,14.47,14.65,11830
IMP,2019-10-04,14.65,15.02,14.47,14.84,57760
IMP,2019-10-07,15.09,15.29,15.09,15.14,14560
IMP,2019-10-08,15.26,15.29,15.11,15.11,12600
IMP,2019-10-09,15.14,15.74,15.11,15.14,69840
IMP,2019-10-10,15.14,15.14,14.75,14.75,710
IMP,2019-10-11,15.11,15.11,14.84,14.84,150
IMP,2019-10-14,14.84,15.08,14.72,14.99,3710
IMP,2019-10-15,14.75,14.75,14.75,14.75,100
IMP,2019-10-16,14.76,14.76,14.69,14.72,2910
IMP,2019-10-17,14.72,14.72,14.72,14.72,980
IMP,2019-10-18,14.72,15.56,14.72,15.2,960
IMP,2019-10-21,14.84,14.84,14.84,14.84,1420
IMP,2019-10-22,15.14,15.14,14.69,14.69,3470
IMP,2019-10-23,14.56,14.56,14.53,14.53,9000
IMP,2019-10-24,14.53,14.69,14.53,14.56,23000
IMP,2019-10-25,14.64,14.84,14.62,14.84,8600
IMP,2019-10-28,14.69,14.69,14.69,14.69,250
IMP,2019-10-29,14.69,14.75,14.69,14.7,3730
IMP,2019-10-30,14.94,14.94,14.69,14.69,5000
IMP,2019-10-31,14.69,14.97,14.69,14.97,1920
IMP,2019-11-01,14.97,14.97,14.7,14.72,620
IMP,2019-11-04,14.93,14.93,14.7,14.7,4040
IMP,2019-11-05,14.7,14.84,14.69,14.84,3520
IMP,2019-11-06,14.96,14.96,14.84,14.84,2860
IMP,2019-11-07,14.84,14.84,14.84,14.84,0
IMP,2019-11-08,14.84,14.84,14.72,14.84,4850
IMP,2019-11-11,14.84,14.87,14.84,14.84,21600
IMP,2019-11-12,14.84,14.84,14.84,14.84,5340
IMP,2019-11-13,14.84,14.99,14.75,14.85,2570
IMP,2019-11-14,14.88,15.14,14.88,14.93,4700
IMP,2019-11-15,15.12,15.68,14.96,14.99,20180
IMP,2019-11-18,14.99,15.44,14.99,15.44,50910
IMP,2019-11-19,15.44,16.35,15.44,16.35,78030
IMP,2019-11-20,16.35,16.59,16.35,16.59,39510
IMP,2019-11-21,16.59,17.17,16.59,16.93,71120
IMP,2019-11-22,16.53,16.93,16.35,16.35,62080
IMP,2019-11-25,16.35,16.41,16.23,16.23,19170
IMP,2019-11-26,16.14,16.14,16.05,16.05,5480
IMP,2019-11-27,15.78,16.32,15.78,16.32,7550
IMP,2019-11-28,16.35,17.14,16.32,16.53,25440
IMP,2019-11-29,16.65,16.65,16.35,16.5,6850
IMP,2019-12-02,16.35,16.65,16.35,16.5,11790
IMP,2019-12-03,16.35,16.44,16.17,16.17,25480
IMP,2019-12-04,16.35,16.35,16.14,16.29,4160
IMP,2019-12-05,16.2,16.23,15.65,15.65,24660
IMP,2019-12-06,15.74,16.05,15.62,16.05,11340
IMP,2019-12-09,16.05,16.23,16.02,16.05,24540
IMP,2019-12-10,16.05,16.05,15.81,16.05,10220
IMP,2019-12-11,16.14,16.29,16.05,16.05,4130
IMP,2019-12-12,16.05,16.05,15.74,16.05,12380
IMP,2019-12-13,16.05,16.05,15.81,15.81,2360
IMP,2019-12-16,15.9,15.9,15.81,15.81,2900
IMP,2019-12-17,15.68,16.05,15.59,15.87,15110
IMP,2019-12-18,15.87,15.99,15.59,15.87,6570
IMP,2019-12-19,15.87,15.87,15.87,15.87,640
IMP,2019-12-20,15.65,15.74,15.44,15.44,9370
IMP,2019-12-23,15.44,15.44,15.14,15.14,8850
IMP,2019-12-24,15.14,15.14,14.84,15.14,4110
IMP,2019-12-25,15.12,15.12,14.53,14.75,8110
IMP,2019-12-26,15.35,15.35,14.78,14.84,1580
IMP,2019-12-27,14.61,14.84,14.38,14.78,10730
IMP,2019-12-30,14.81,14.87,14.62,14.62,12090
IMP,2019-12-31,14.53,14.75,14.53,14.53,19290
IMP,2020-01-02,15.06,15.06,14.59,14.59,1010
IMP,2020-01-03,15.26,15.26,14.53,14.53,7120
IMP,2020-01-06,14.59,14.84,14.53,14.84,6090
IMP,2020-01-07,14.7,14.7,14.65,14.69,4450
IMP,2020-01-08,14.69,14.79,14.62,14.65,8080
IMP,2020-01-09,14.69,14.82,14.55,14.82,7910
IMP,2020-01-10,15.09,15.09,14.96,15.0,11700
IMP,2020-01-13,14.76,14.96,14.58,14.96,1340
IMP,2020-01-14,14.85,15.0,14.84,14.99,7830
IMP,2020-01-15,14.99,14.99,14.84,14.84,1150
IMP,2020-01-16,14.82,14.84,14.69,14.84,3530
IMP,2020-01-17,14.69,14.88,14.64,14.88,6570
IMP,2020-01-20,15.09,15.14,14.84,14.84,12470
IMP,2020-01-21,14.84,15.05,14.84,14.99,8820
IMP,2020-01-22,15.38,15.38,14.85,15.14,20850
IMP,2020-01-30,15.68,15.71,15.2,15.53,27830
IMP,2020-01-31,15.87,16.59,15.81,16.59,188860
IMP,2020-02-03,17.23,17.74,16.96,16.96,339630
IMP,2020-02-04,16.38,16.65,16.05,16.44,59520
IMP,2020-02-05,16.08,16.08,15.32,16.05,91670
IMP,2020-02-06,15.81,15.9,15.5,15.65,149490
IMP,2020-02-07,15.59,16.35,15.59,16.2,44400
IMP,2020-02-10,16.5,16.99,16.44,16.59,125560
IMP,2020-02-11,16.83,17.26,16.35,16.99,146190
IMP,2020-02-12,16.99,17.5,16.99,17.38,152500
IMP,2020-02-13,17.56,18.17,17.41,17.41,162660
IMP,2020-02-14,17.41,17.56,17.35,17.5,118140
IMP,2020-02-17,17.74,17.74,17.02,17.23,58580
IMP,2020-02-18,17.23,18.41,17.23,18.41,388490
IMP,2020-02-19,19.65,19.65,18.41,18.59,258560
IMP,2020-02-20,18.47,18.77,18.02,18.32,101900
IMP,2020-02-21,18.32,18.95,18.11,18.74,238990
IMP,2020-02-24,18.77,19.23,18.17,18.77,212140
IMP,2020-02-25,18.77,18.77,18.35,18.35,125700
IMP,2020-02-26,18.35,18.77,18.2,18.2,113300
IMP,2020-02-27,17.89,18.2,17.56,17.71,163120
IMP,2020-02-28,17.71,18.05,17.38,17.65,80550
IMP,2020-03-02,17.5,17.92,17.5,17.56,44050
IMP,2020-03-03,18.05,18.05,17.53,17.77,72150
IMP,2020-03-04,17.77,17.77,17.53,17.65,53900
IMP,2020-03-05,18.05,18.74,18.05,18.38,157980
IMP,2020-03-06,18.23,18.92,18.23,18.53,98960
IMP,2020-03-09,18.14,18.32,17.26,17.26,132120
IMP,2020-03-10,17.11,18.29,16.96,17.62,84320
IMP,2020-03-11,17.92,18.02,17.11,17.86,146550
IMP,2020-03-12,17.56,17.56,16.62,16.62,183080
IMP,2020-03-13,15.47,16.93,15.47,16.8,82690
IMP,2020-03-16,16.8,16.96,15.68,15.68,72470
IMP,2020-03-17,15.68,16.32,15.68,16.08,54810
IMP,2020-03-18,16.35,16.59,15.84,15.84,53740
IMP,2020-03-19,15.74,15.74,15.29,15.44,72440
IMP,2020-03-20,15.44,15.74,15.44,15.5,34840
IMP,2020-03-23,15.14,15.14,14.43,14.43,156470
IMP,2020-03-24,13.64,14.23,13.43,13.43,194710
IMP,2020-03-25,13.63,13.9,13.05,13.9,132060
IMP,2020-03-26,13.9,13.9,13.2,13.2,114630
IMP,2020-03-27,13.2,13.41,12.72,12.73,129450
IMP,2020-03-30,12.73,12.73,11.85,12.73,154740
IMP,2020-03-31,12.26,13.47,11.96,12.84,74830
IMP,2020-04-01,12.84,13.26,12.11,13.03,14150
IMP,2020-04-03,13.03,13.41,13.03,13.41,36730
IMP,2020-04-06,13.47,14.22,13.47,14.22,76050
IMP,2020-04-07,14.38,14.38,13.93,14.35,58660
IMP,2020-04-08,14.35,14.59,14.08,14.53,41450
IMP,2020-04-09,14.53,14.96,14.53,14.78,36600
IMP,2020-04-10,14.78,14.84,14.53,14.78,56600
IMP,2020-04-13,14.84,15.44,14.84,15.29,103910
IMP,2020-04-14,15.29,15.29,14.93,15.29,63770
IMP,2020-04-15,15.29,15.44,15.2,15.35,29770
IMP,2020-04-16,15.32,15.44,15.14,15.38,49520
IMP,2020-04-17,15.65,16.32,15.44,16.23,72160
IMP,2020-04-20,16.65,17.26,16.65,16.65,164070
IMP,2020-04-21,16.65,16.68,15.74,16.05,67150
IMP,2020-04-22,16.2,16.2,15.74,16.05,46020
IMP,2020-04-23,16.32,16.62,16.23,16.29,23230
IMP,2020-04-24,16.29,16.35,16.11,16.2,24340
IMP,2020-04-27,16.05,16.35,16.05,16.05,26420
IMP,2020-04-28,16.41,16.41,16.08,16.23,15710
IMP,2020-04-29,16.26,16.47,16.2,16.2,22050
IMP,2020-05-04,16.2,16.2,15.62,15.78,21280
IMP,2020-05-05,15.9,16.05,15.9,15.9,25010
IMP,2020-05-06,15.9,16.05,15.78,15.99,16990
IMP,2020-05-07,15.81,16.14,15.81,16.05,32880
IMP,2020-05-08,16.17,16.17,15.93,16.05,36410
IMP,2020-05-11,16.05,16.65,16.05,16.35,100540
IMP,2020-05-12,16.62,16.62,16.32,16.38,18360
IMP,2020-05-13,16.35,16.5,16.29,16.41,18770
IMP,2020-05-14,16.62,17.02,16.56,16.99,120200
IMP,2020-05-15,16.99,17.26,16.96,16.96,95100
IMP,2020-05-18,16.96,16.96,16.65,16.9,43020
IMP,2020-05-19,16.96,16.96,16.35,16.35,43860
IMP,2020-05-20,16.65,16.65,16.23,16.35,18810
IMP,2020-05-21,16.56,16.56,16.2,16.2,62930
IMP,2020-05-22,16.05,16.26,16.02,16.02,70410
IMP,2020-05-25,16.08,16.35,16.08,16.32,8090
IMP,2020-05-26,16.56,16.56,16.11,16.35,42510
IMP,2020-05-27,16.62,16.62,16.14,16.17,88690
IMP,2020-05-28,16.5,16.5,16.11,16.35,18290
IMP,2020-05-29,16.47,16.47,16.35,16.41,21260
IMP,2020-06-01,16.59,17.26,16.53,16.99,136070
IMP,2020-06-02,17.2,18.02,17.2,17.41,146890
IMP,2020-06-03,17.56,18.14,17.41,18.11,115670
IMP,2020-06-04,18.17,18.74,18.02,18.26,118380
IMP,2020-06-05,18.2,18.2,17.26,18.14,93910
IMP,2020-06-08,18.14,18.14,17.71,17.8,91910
IMP,2020-06-09,17.8,18.02,17.47,17.71,61940
IMP,2020-06-10,17.8,17.86,17.44,17.68,18730
IMP,2020-06-11,17.68,17.68,17.02,17.02,66480
IMP,2020-06-12,16.05,17.26,16.05,16.77,91180
IMP,2020-06-15,16.77,17.29,16.38,16.65,37190
IMP,2020-06-16,16.96,17.11,16.68,16.96,9080
IMP,2020-06-17,16.8,16.96,16.77,16.96,14260
IMP,2020-06-18,16.65,16.9,16.53,16.8,8020
IMP,2020-06-19,16.96,16.96,16.71,16.8,22250
IMP,2020-06-22,17.05,17.11,16.77,17.05,11850
IMP,2020-06-23,17.05,17.56,16.8,17.56,40610
IMP,2020-06-24,17.86,17.86,17.47,17.77,77240
IMP,2020-06-25,17.71,17.77,17.56,17.56,57070
IMP,2020-06-26,17.71,17.8,17.41,17.56,14340
IMP,2020-06-29,17.56,17.56,16.96,17.14,32220
IMP,2020-06-30,17.14,17.17,16.96,17.11,33170
IMP,2020-07-01,17.11,17.41,16.96,17.26,21590
IMP,2020-07-02,17.5,17.56,17.29,17.53,34000
IMP,2020-07-03,17.74,17.8,17.5,17.8,42440
IMP,2020-07-06,17.8,17.83,17.68,17.68,33890
IMP,2020-07-07,17.8,17.8,17.56,17.56,67780
IMP,2020-07-08,17.56,17.71,17.56,17.56,38020
IMP,2020-07-09,17.65,17.68,17.56,17.68,60090
IMP,2020-07-10,17.59,17.8,17.59,17.71,91490
IMP,2020-07-13,17.71,17.99,17.56,17.92,164500
IMP,2020-07-14,18.82,18.82,18.42,18.54,156750
IMP,2020-07-15,18.54,18.78,18.54,18.58,46760
IMP,2020-07-16,18.62,18.62,17.3,18.22,73390
IMP,2020-07-17,18.22,18.66,17.78,18.22,129400
IMP,2020-07-20,18.66,18.66,18.32,18.42,71490
IMP,2020-07-21,18.5,18.5,18.34,18.42,34800
IMP,2020-07-22,18.42,18.42,18.02,18.06,39780
IMP,2020-07-23,18.06,18.34,17.82,18.02,33970
IMP,2020-07-24,18.06,18.06,16.82,17.02,141700
IMP,2020-07-27,16.66,17.02,15.86,15.88,90560
IMP,2020-07-28,15.9,16.98,15.9,16.98,70740
IMP,2020-07-29,17.22,17.24,16.02,16.7,44340
IMP,2020-07-30,16.46,17.22,16.46,16.82,22290
IMP,2020-07-31,17.22,17.38,16.84,17.3,87940
IMP,2020-08-03,17.62,17.62,17.3,17.6,100200
IMP,2020-08-04,17.78,18.02,17.62,17.82,36450
IMP,2020-08-05,17.82,17.98,17.5,17.7,68860
IMP,2020-08-06,17.86,17.86,17.5,17.62,84320
IMP,2020-08-07,17.62,17.64,17.48,17.6,40730
IMP,2020-08-10,17.62,17.72,17.52,17.58,58970
IMP,2020-08-11,17.58,17.62,17.52,17.58,59010
IMP,2020-08-12,17.62,17.62,17.46,17.46,46360
IMP,2020-08-13,17.54,17.56,17.4,17.54,85540
IMP,2020-08-14,17.58,18.36,17.46,18.14,302650
IMP,2020-08-17,18.18,18.7,17.9,18.6,169720
IMP,2020-08-18,18.6,18.82,18.42,18.6,164510
IMP,2020-08-19,18.58,18.74,18.3,18.62,132670
IMP,2020-08-20,18.46,18.58,18.26,18.38,136740
IMP,2020-08-21,18.3,19.62,18.3,19.1,348630
IMP,2020-08-24,19.1,19.5,19.1,19.34,138140
IMP,2020-08-25,19.34,19.42,19.14,19.28,123700
IMP,2020-08-26,19.28,19.82,19.14,19.26,157570
IMP,2020-08-27,19.26,19.42,19.1,19.26,103080
IMP,2020-08-28,19.34,19.54,19.26,19.38,139640
IMP,2020-08-31,19.38,19.38,18.84,18.96,163960
IMP,2020-09-01,18.9,19.02,18.78,18.92,61730
IMP,2020-09-03,19.02,19.02,18.86,18.92,68050
IMP,2020-09-04,18.66,19.02,18.66,18.92,107870
IMP,2020-09-07,18.94,19.14,18.94,19.02,79630
IMP,2020-09-08,19.1,19.22,18.9,19.22,68090
IMP,2020-09-09,19.1,19.14,18.98,19.08,64340
IMP,2020-09-10,19.22,19.22,19.04,19.08,57230
IMP,2020-09-11,18.9,19.08,18.9,19.06,51800
IMP,2020-09-14,19.06,19.42,18.98,19.28,153170
IMP,2020-09-15,19.28,20.0,19.28,19.82,370180
IMP,2020-09-16,19.82,19.82,19.62,19.78,71240
IMP,2020-09-17,19.76,20.22,19.62,19.78,148280
IMP,2020-09-18,19.98,19.98,19.68,19.68,125260
IMP,2020-09-21,19.94,19.94,19.66,19.66,121580
IMP,2020-09-22,19.66,19.7,19.28,19.44,162980
IMP,2020-09-23,19.44,19.58,19.28,19.38,94880
IMP,2020-09-24,19.38,19.4,19.28,19.28,69100
IMP,2020-09-25,19.28,19.3,19.06,19.22,133200
IMP,2020-09-28,19.22,19.42,19.18,19.3,75170
IMP,2020-09-29,19.36,19.36,19.14,19.14,71530
IMP,2020-09-30,19.14,19.22,19.02,19.22,52360
IMP,2020-10-01,19.32,19.38,19.14,19.24,74270
IMP,2020-10-02,19.24,19.24,18.98,19.16,93350
IMP,2020-10-05,19.34,19.34,19.1,19.16,40910
IMP,2020-10-06,19.26,19.26,19.1,19.22,52400
IMP,2020-10-07,19.22,19.22,19.06,19.1,58530
IMP,2020-10-08,19.1,19.2,19.06,19.1,60040
IMP,2020-10-09,19.18,19.18,19.02,19.02,37910
IMP,2020-10-12,19.02,19.1,18.94,18.94,40340
IMP,2020-10-13,18.9,19.34,18.9,19.14,102620
IMP,2020-10-14,19.18,19.22,19.0,19.06,53940
IMP,2020-10-15,19.18,19.18,18.9,19.02,51270
IMP,2020-10-16,19.1,19.1,18.7,18.94,101730
IMP,2020-10-19,18.82,19.02,18.82,18.86,49190
IMP,2020-10-20,18.86,18.9,18.58,18.7,74960
IMP,2020-10-21,18.72,18.92,18.62,18.72,41250
IMP,2020-10-22,18.72,18.72,18.54,18.58,21380
IMP,2020-10-23,18.66,18.7,18.46,18.66,48410
IMP,2020-10-26,18.82,18.82,18.5,18.68,34610
IMP,2020-10-27,18.66,18.7,18.5,18.68,32450
IMP,2020-10-28,18.68,18.98,18.54,18.54,46570
IMP,2020-10-29,18.76,19.82,18.46,19.62,448010
IMP,2020-10-30,19.98,19.98,19.22,19.66,150910
IMP,2020-11-02,19.66,19.94,19.66,19.84,206300
IMP,2020-11-03,19.82,19.92,19.74,19.82,125160
IMP,2020-11-04,19.66,19.86,19.62,19.8,168200
IMP,2020-11-05,19.82,19.82,19.6,19.64,97830
IMP,2020-11-06,19.64,20.34,19.64,20.22,209690
IMP,2020-11-09,20.34,21.14,20.22,21.02,289100
IMP,2020-11-10,21.18,21.34,21.1,21.22,143050
IMP,2020-11-11,21.18,21.62,21.06,21.34,239340
IMP,2020-11-12,21.46,21.46,20.7,20.9,298410
IMP,2020-11-13,20.9,21.34,20.74,21.02,91520
IMP,2020-11-16,20.98,21.02,20.06,20.26,157440
IMP,2020-11-17,20.34,20.66,20.34,20.66,47130
IMP,2020-11-18,20.94,20.94,20.34,20.7,134080
IMP,2020-11-19,20.78,20.82,20.5,20.82,27100
IMP,2020-11-20,20.94,20.94,20.62,20.82,83920
IMP,2020-11-23,20.82,20.98,20.62,20.74,41310
IMP,2020-11-24,20.9,20.9,20.58,20.58,64510
IMP,2020-11-25,20.82,21.98,20.62,21.98,366280
IMP,2020-11-26,22.22,22.42,21.66,21.94,70380
IMP,2020-11-27,22.22,22.38,21.98,22.1,53000
IMP,2020-11-30,22.02,22.02,21.54,21.54,65300
IMP,2020-12-01,20.94,21.62,20.94,21.54,91130
IMP,2020-12-02,22.14,22.7,21.66,22.46,163500
IMP,2020-12-03,22.5,22.62,22.02,22.22,74800
IMP,2020-12-04,22.22,22.38,22.02,22.18,63650
IMP,2020-12-07,22.1,22.34,22.1,22.22,50100
IMP,2020-12-08,22.22,22.22,21.82,22.02,65120
IMP,2020-12-09,22.02,22.18,21.86,22.02,87110
IMP,2020-12-10,22.02,22.02,21.7,21.94,77940
IMP,2020-12-11,21.94,22.38,21.74,22.38,121050
IMP,2020-12-14,22.62,22.9,22.26,22.74,163870
IMP,2020-12-15,22.78,22.86,22.5,22.5,60810
IMP,2020-12-16,22.5,22.82,22.5,22.58,61810
IMP,2020-12-17,22.58,22.78,22.18,22.38,60580
IMP,2020-12-18,22.26,22.42,22.26,22.34,53820
IMP,2020-12-21,22.34,22.54,22.22,22.26,77590
IMP,2020-12-22,22.38,22.38,22.1,22.26,96370
IMP,2020-12-23,22.38,22.78,22.14,22.42,81010
IMP,2020-12-24,22.74,22.74,21.86,22.18,34370
IMP,2020-12-25,22.18,22.58,22.1,22.5,37680
IMP,2020-12-28,22.26,22.62,22.22,22.22,97110
IMP,2020-12-29,22.42,22.46,22.18,22.3,62860
IMP,2020-12-30,22.42,22.42,22.22,22.34,48610
IMP,2020-12-31,22.42,22.62,22.34,22.54,85560
IMP,2021-01-04,22.62,23.62,22.62,23.22,149500
IMP,2021-01-05,23.34,23.34,23.14,23.14,51900
IMP,2021-01-06,23.38,23.38,23.14,23.22,60000
IMP,2021-01-07,23.34,23.34,23.02,23.18,42500
IMP,2021-01-08,23.18,23.34,23.18,23.18,45800
IMP,2021-01-11,23.18,23.38,23.02,23.22,42800
IMP,2021-01-12,23.42,24.02,23.34,23.82,74300
IMP,2021-01-13,23.94,23.94,23.42,23.46,35800
IMP,2021-01-14,23.46,23.5,22.5,23.5,98800
IMP,2021-01-15,23.5,23.62,23.26,23.3,19700
IMP,2021-01-18,23.54,23.54,23.02,23.02,59400
IMP,2021-01-19,23.02,23.06,21.66,22.02,63900
IMP,2021-01-20,22.02,22.38,21.82,22.1,53800
IMP,2021-01-21,22.82,22.82,22.02,22.34,44400
IMP,2021-01-22,22.7,22.82,22.38,22.66,41200
IMP,2021-01-25,22.82,23.06,22.26,23.02,38300
IMP,2021-01-26,23.42,23.82,22.42,23.42,119000
IMP,2021-01-27,23.22,23.5,22.7,22.7,27600
IMP,2021-01-28,22.54,22.54,21.14,21.14,128900
IMP,2021-01-29,20.5,22.58,20.5,22.54,37000
IMP,2021-02-01,22.02,22.58,21.7,21.7,28800
IMP,2021-02-02,21.94,21.98,21.46,21.74,12100
IMP,2021-02-03,21.78,22.22,21.74,21.94,28800
IMP,2021-02-04,22.7,22.7,21.62,22.3,20000
IMP,2021-02-05,22.66,22.66,22.18,22.42,5400
IMP,2021-02-08,22.78,22.78,22.14,22.14,12200
IMP,2021-02-09,22.18,22.42,21.42,22.42,32000
IMP,2021-02-17,22.78,22.82,22.22,22.7,61400
IMP,2021-02-18,23.46,24.26,23.02,24.26,290000
IMP,2021-02-19,25.83,25.95,25.23,25.59,140900
IMP,2021-02-22,25.59,25.59,25.15,25.23,97200
IMP,2021-02-23,25.23,25.23,24.42,24.7,94700
IMP,2021-02-24,24.7,25.03,24.46,24.58,87600
IMP,2021-02-25,24.58,25.35,24.58,25.23,96300
IMP,2021-02-26,25.15,26.03,24.54,25.47,64400
IMP,2021-03-01,25.63,25.63,25.35,25.55,68900
IMP,2021-03-02,25.63,25.71,25.03,25.03,81100
IMP,2021-03-03,25.23,25.55,25.07,25.43,76700
IMP,2021-03-04,25.71,25.71,25.23,25.23,50000
IMP,2021-03-05,25.03,25.71,25.03,25.51,75200
IMP,2021-03-08,26.19,26.83,25.55,26.43,129300
IMP,2021-03-09,26.43,26.83,26.07,26.23,39800
IMP,2021-03-10,26.27,26.83,26.03,26.83,67400
IMP,2021-03-11,26.91,28.03,26.83,28.03,69800
IMP,2021-03-12,28.03,28.03,27.23,27.83,64700
IMP,2021-03-15,27.95,29.55,27.95,29.51,201200
IMP,2021-03-16,29.51,29.51,28.47,28.87,44300
IMP,2021-03-17,29.03,29.07,28.47,29.03,114700
IMP,2021-03-18,29.19,29.23,28.83,29.03,54800
IMP,2021-03-19,29.03,29.23,28.51,29.23,41400
IMP,2021-03-22,29.43,29.47,29.11,29.15,84200
IMP,2021-03-23,29.15,29.31,29.07,29.11,88800
IMP,2021-03-24,29.11,29.15,28.99,29.07,50500
IMP,2021-03-25,29.15,29.23,29.07,29.11,62800
IMP,2021-03-26,29.19,29.43,29.07,29.39,58100
IMP,2021-03-29,30.03,30.43,29.63,29.67,62500
IMP,2021-03-30,29.75,30.03,29.51,29.51,10000
IMP,2021-03-31,28.99,29.55,28.99,29.43,40400
IMP,2021-04-01,29.43,29.51,29.23,29.43,42800
IMP,2021-04-02,29.43,29.43,28.43,28.91,1045900
IMP,2021-04-05,29.03,29.71,28.91,29.63,29800
IMP,2021-04-06,29.67,29.67,29.03,29.23,30800
IMP,2021-04-07,29.55,29.55,28.95,29.23,58100
IMP,2021-04-08,29.59,29.59,28.95,29.07,52900
IMP,2021-04-09,29.07,29.31,29.07,29.07,107500
IMP,2021-04-12,29.19,29.83,28.79,29.11,112500
IMP,2021-04-13,29.11,29.11,28.79,28.83,41800
IMP,2021-04-14,28.99,28.99,28.79,28.83,38100
IMP,2021-04-15,29.03,29.03,28.79,28.83,20500
IMP,2021-04-16,28.83,28.95,28.03,28.43,32000
IMP,2021-04-19,29.23,29.23,28.51,28.83,19700
IMP,2021-04-20,28.03,29.03,28.03,29.03,86700
IMP,2021-04-22,28.83,29.03,28.07,28.43,85700
IMP,2021-04-23,28.43,28.83,28.43,28.47,58000
IMP,2021-04-26,28.47,28.83,28.43,28.55,27100
IMP,2021-04-27,28.83,29.11,28.63,28.83,245800
IMP,2021-04-28,29.23,29.23,28.83,29.03,75100
IMP,2021-04-29,29.19,29.19,28.83,29.07,65400
IMP,2021-05-04,28.03,29.07,28.03,29.03,103100
IMP,2021-05-05,29.19,29.19,28.87,29.03,57300
IMP,2021-05-06,29.03,29.07,29.03,29.07,62100
IMP,2021-05-07,28.87,29.03,28.87,29.03,17400
IMP,2021-05-10,29.03,29.07,29.03,29.07,38000
IMP,2021-05-11,29.11,29.11,29.03,29.03,37500
IMP,2021-05-12,29.23,29.43,29.07,29.23,32900
IMP,2021-05-13,28.83,29.43,28.83,29.23,23300
IMP,2021-05-14,29.23,29.23,28.87,29.15,17500
IMP,2021-05-17,29.15,29.23,29.03,29.11,12800
IMP,2021-05-18,29.19,29.19,28.43,28.43,59100
IMP,2021-05-19,29.03,29.07,28.43,28.83,41700
IMP,2021-05-20,28.63,28.83,28.47,28.47,61600
IMP,2021-05-21,29.03,29.07,28.83,29.03,71100
IMP,2021-05-24,29.03,29.07,28.91,29.03,37000
IMP,2021-05-25,29.03,29.19,29.03,29.03,64000
IMP,2021-05-26,29.03,29.11,28.99,29.07,46900
IMP,2021-05-27,29.07,29.15,28.87,29.03,43300
IMP,2021-05-28,28.87,29.11,28.83,29.11,28600
IMP,2021-05-31,29.11,29.19,29.11,29.11,21700
IMP,2021-06-01,29.03,29.11,29.03,29.11,30300
IMP,2021-06-02,29.23,29.35,28.99,29.35,31400
IMP,2021-06-03,29.39,29.51,29.15,29.43,45800
IMP,2021-06-04,29.43,30.63,29.43,30.23,5500
IMP,2021-06-07,30.35,30.67,30.23,30.23,17200
IMP,2021-06-08,30.63,30.63,30.23,30.23,23900
IMP,2021-06-09,29.75,30.43,29.75,30.43,25300
IMP,2021-06-10,30.39,30.39,29.43,29.43,48600
IMP,2021-06-11,29.63,30.43,29.63,30.43,34200
IMP,2021-06-14,30.47,30.47,30.43,30.43,19700
IMP,2021-06-15,30.47,30.75,30.43,30.75,42500
IMP,2021-06-16,31.03,32.63,31.03,32.03,31800
IMP,2021-06-17,32.83,32.83,32.03,32.51,20700
IMP,2021-06-18,32.51,32.51,31.83,32.11,18700
IMP,2021-06-21,30.95,32.03,30.95,32.03,32600
IMP,2021-06-22,31.63,32.07,31.23,32.03,33700
IMP,2021-06-23,33.05,33.05,31.83,32.24,43500
IMP,2021-06-24,32.61,32.85,32.24,32.85,32900
IMP,2021-06-25,31.83,32.85,31.83,32.85,7600
IMP,2021-06-28,32.24,32.44,31.83,32.44,8700
IMP,2021-06-29,32.44,32.48,31.83,32.4,3000
IMP,2021-06-30,32.61,32.61,31.83,32.56,14100
IMP,2021-07-01,32.56,32.56,32.44,32.44,5100
IMP,2021-07-02,31.83,31.83,30.2,31.22,9400
IMP,2021-07-05,31.22,31.22,29.59,29.59,40900
IMP,2021-07-06,29.38,31.22,29.38,30.61,14900
IMP,2021-07-07,30.56,30.61,30.52,30.52,13400
IMP,2021-07-08,30.52,30.56,30.52,30.52,8700
IMP,2021-07-09,30.93,30.93,30.52,30.52,8300
IMP,2021-07-12,30.52,30.52,28.65,28.65,12500
IMP,2021-07-13,29.79,29.79,28.69,28.73,6600
IMP,2021-07-14,28.73,29.79,28.73,29.79,1600
IMP,2021-07-15,29.75,29.79,29.71,29.79,2800
IMP,2021-07-16,31.01,31.01,29.38,29.54,5300
IMP,2021-07-19,30.61,30.61,29.99,29.99,7700
IMP,2021-07-20,29.18,29.75,28.57,29.75,3800
IMP,2021-07-21,29.75,29.75,29.75,29.75,2700
IMP,2021-07-22,29.63,29.63,28.77,29.22,8100
IMP,2021-07-23,28.97,29.54,28.97,29.01,1700
IMP,2021-07-26,29.01,29.54,28.97,29.54,1300
IMP,2021-07-27,29.54,29.54,29.38,29.38,1500
IMP,2021-07-28,29.38,29.38,29.38,29.38,2300
IMP,2021-07-29,29.38,29.38,28.97,29.38,7700
IMP,2021-07-30,29.54,29.59,29.18,29.59,7300
IMP,2021-08-02,29.5,29.5,28.97,28.97,8000
IMP,2021-08-03,28.97,29.01,28.97,29.01,10700
IMP,2021-08-04,29.01,29.38,28.97,29.26,4500
IMP,2021-08-05,28.97,29.06,28.97,29.01,11500
IMP,2021-08-06,29.01,29.38,28.93,28.93,7400
IMP,2021-08-09,28.93,29.18,28.89,29.14,5700
IMP,2021-08-10,29.14,29.14,28.57,28.77,15200
IMP,2021-08-11,28.77,28.97,28.77,28.77,4100
IMP,2021-08-12,28.97,29.14,28.44,28.44,14800
IMP,2021-08-13,28.61,28.77,27.79,28.03,13100
IMP,2021-08-16,28.57,29.14,28.2,28.24,20900
IMP,2021-08-17,29.38,29.38,28.28,28.36,18800
IMP,2021-08-18,28.77,28.93,28.57,28.81,4000
IMP,2021-08-19,28.97,29.38,28.81,28.81,21000
IMP,2021-08-20,28.81,28.97,28.03,28.2,23300
IMP,2021-08-23,29.54,29.54,28.2,28.2,11200
IMP,2021-08-24,28.2,28.93,27.79,27.79,16600
IMP,2021-08-25,28.16,28.57,27.79,27.83,12200
IMP,2021-08-26,27.83,28.08,27.83,27.99,6700
IMP,2021-08-27,28.44,29.91,27.99,29.91,97700
IMP,2021-08-30,31.91,31.91,30.28,31.42,68800
IMP,2021-08-31,31.79,31.79,30.2,30.24,29800
IMP,2021-09-01,29.79,30.2,29.59,29.63,28200
IMP,2021-09-06,29.59,29.59,28.4,28.65,57700
IMP,2021-09-07,29.01,29.38,28.36,28.89,32400
IMP,2021-09-08,29.14,29.14,28.81,28.81,6800
IMP,2021-09-09,28.77,29.18,28.77,29.18,20900
IMP,2021-09-10,29.18,29.18,28.81,28.85,18400
IMP,2021-09-13,28.77,28.97,28.57,28.77,18700
IMP,2021-09-14,28.28,28.93,28.28,28.65,13000
IMP,2021-09-15,28.65,29.18,28.65,28.89,25300
IMP,2021-09-16,29.18,29.38,28.89,29.22,17500
IMP,2021-09-17,29.26,29.46,29.26,29.46,12500
IMP,2021-09-20,29.5,30.2,29.38,29.38,18800
IMP,2021-09-21,29.22,29.46,29.22,29.42,12900
IMP,2021-09-22,29.46,29.79,29.46,29.5,8400
IMP,2021-09-23,29.5,29.79,29.46,29.5,11400
IMP,2021-09-24,29.42,29.54,29.42,29.54,4800
IMP,2021-09-27,29.54,30.2,29.54,29.79,25600
IMP,2021-09-28,29.79,29.79,29.79,29.79,13100
IMP,2021-09-29,29.79,30.16,29.75,29.75,9000
IMP,2021-09-30,29.79,29.79,29.71,29.79,15600
IMP,2021-10-01,29.67,29.99,29.67,29.79,3700
IMP,2021-10-04,29.71,29.79,29.59,29.79,10200
IMP,2021-10-05,29.79,29.79,29.59,29.63,24900
IMP,2021-10-06,29.79,30.2,29.67,29.99,16300
IMP,2021-10-07,29.87,29.99,29.87,29.99,8900
IMP,2021-10-08,29.99,30.2,29.87,30.2,12300
IMP,2021-10-11,30.12,30.2,30.12,30.2,5300
IMP,2021-10-12,30.16,30.2,29.59,30.2,36200
IMP,2021-10-13,30.2,30.2,29.79,30.2,25400
IMP,2021-10-14,29.63,30.2,29.63,29.63,19500
IMP,2021-10-15,30.48,30.48,29.71,29.87,12200
IMP,2021-10-18,29.99,30.56,29.99,30.56,30300
IMP,2021-10-19,30.32,30.73,30.32,30.61,24000
IMP,2021-10-20,30.56,30.61,30.32,30.44,8500
IMP,2021-10-21,30.44,30.44,30.28,30.44,10100
IMP,2021-10-22,30.28,30.28,30.16,30.16,4600
IMP,2021-10-25,29.87,29.91,29.87,29.91,2700
IMP,2021-10-26,29.83,29.91,29.79,29.91,4100
IMP,2021-10-27,29.71,30.2,29.71,29.99,4300
IMP,2021-10-28,29.99,30.4,29.83,29.87,2000
IMP,2021-10-29,29.95,30.16,29.95,30.12,4300
IMP,2021-11-01,30.12,30.61,30.12,30.2,6500
IMP,2021-11-02,30.56,30.97,30.44,30.97,31000
IMP,2021-11-03,30.97,30.97,30.61,30.61,6700
IMP,2021-11-04,30.61,30.61,30.4,30.61,29700
IMP,2021-11-05,30.61,30.81,30.61,30.77,17900
IMP,2021-11-08,30.81,30.85,30.44,30.73,32700
IMP,2021-11-09,30.65,30.73,30.44,30.73,13900
IMP,2021-11-10,30.77,30.77,30.69,30.73,6100
IMP,2021-11-11,30.77,30.77,30.65,30.73,8100
IMP,2021-11-12,30.65,30.73,30.2,30.2,10500
IMP,2021-11-15,30.2,30.2,30.03,30.12,10200
IMP,2021-11-16,30.2,30.61,30.2,30.61,5400
IMP,2021-11-17,30.81,30.81,30.4,30.61,6100
IMP,2021-11-18,30.12,30.56,30.12,30.56,5100
IMP,2021-11-19,30.03,30.56,30.03,30.56,300
IMP,2021-11-22,30.03,30.56,29.99,30.2,2300
IMP,2021-11-23,29.59,30.2,28.57,29.63,4000
IMP,2021-11-24,30.28,30.32,30.03,30.2,17600
IMP,2021-11-25,30.24,30.52,30.24,30.28,31900
IMP,2021-11-26,30.4,30.4,29.59,29.59,21800
IMP,2021-11-29,29.63,29.79,29.63,29.79,500
IMP,2021-11-30,30.69,30.69,29.83,29.83,1600
IMP,2021-12-01,30.16,30.2,29.63,29.63,27000
IMP,2021-12-02,30.08,30.81,30.08,30.24,8900
IMP,2021-12-03,30.61,30.85,30.61,30.65,37000
IMP,2021-12-06,30.65,31.22,30.61,31.05,26000
IMP,2021-12-07,31.59,31.59,31.1,31.42,5300
IMP,2021-12-08,31.38,31.42,31.1,31.42,3300
IMP,2021-12-09,31.42,31.42,31.1,31.1,10400
IMP,2021-12-10,31.14,31.22,31.1,31.22,11700
IMP,2021-12-13,30.44,31.95,30.44,31.63,13500
IMP,2021-12-14,31.63,31.63,31.22,31.63,1400
IMP,2021-12-15,31.83,31.95,31.67,31.67,4600
IMP,2021-12-16,31.71,31.79,31.67,31.67,1600
IMP,2021-12-17,31.67,31.71,30.89,31.71,2500
IMP,2021-12-20,31.05,31.05,30.61,30.69,12400
IMP,2021-12-21,31.83,31.83,30.81,30.89,1600
IMP,2021-12-22,30.89,31.83,30.89,31.42,9100
IMP,2021-12-23,31.79,31.79,31.05,31.63,3900
IMP,2021-12-24,30.97,31.05,30.97,31.05,600
IMP,2021-12-27,31.22,31.22,31.05,31.1,5400
IMP,2021-12-28,31.01,31.01,31.01,31.01,6400
IMP,2021-12-29,31.01,31.42,31.01,31.05,6200
IMP,2021-12-30,31.79,31.79,31.01,31.42,1800
IMP,2021-12-31,31.38,31.75,31.38,31.75,10300
IMP,2022-01-04,31.67,31.67,31.05,31.05,700
IMP,2022-01-05,31.05,31.3,31.05,31.14,6400
IMP,2022-01-06,31.14,31.14,31.14,31.14,2600
IMP,2022-01-07,31.01,31.1,31.01,31.05,7200
IMP,2022-01-10,31.1,31.18,31.1,31.1,5700
IMP,2022-01-11,31.1,31.38,31.1,31.38,8400
IMP,2022-01-12,31.38,31.38,31.01,31.01,34000
IMP,2022-01-13,31.83,31.83,31.05,31.14,13300
IMP,2022-01-14,31.1,31.26,31.1,31.26,2500
IMP,2022-01-17,31.3,31.3,31.1,31.14,2900
IMP,2022-01-18,31.26,31.46,31.26,31.42,20600
IMP,2022-01-19,31.63,31.63,31.26,31.26,2400
IMP,2022-01-20,31.26,31.26,31.26,31.26,0
IMP,2022-01-21,31.42,31.42,31.42,31.42,4000
IMP,2022-01-24,31.22,31.42,31.22,31.22,14700
IMP,2022-01-25,31.42,31.42,31.42,31.42,5500
IMP,2022-01-26,31.42,31.42,31.3,31.3,1100
IMP,2022-01-27,31.3,31.59,31.3,31.59,400
IMP,2022-01-28,31.26,31.83,31.22,31.42,8600
IMP,2022-02-07,31.83,32.56,31.42,32.56,8400
IMP,2022-02-08,31.83,32.61,31.63,32.07,5700
IMP,2022-02-09,32.07,33.42,31.67,33.42,61800
IMP,2022-02-10,31.83,35.26,31.83,35.26,87600
IMP,2022-02-11,35.22,35.26,32.81,32.81,14300
IMP,2022-02-14,34.24,34.24,32.28,32.28,1500
IMP,2022-02-15,34.52,34.52,32.24,34.24,41900
IMP,2022-02-16,34.16,34.16,33.46,33.46,900
IMP,2022-02-17,32.24,32.85,32.24,32.81,5300
IMP,2022-02-18,33.46,33.46,32.48,33.46,300
IMP,2022-02-21,33.46,33.46,32.32,32.4,19300
IMP,2022-02-22,33.05,33.05,32.44,32.44,6300
IMP,2022-02-23,32.44,32.85,32.44,32.61,4500
IMP,2022-02-24,32.61,33.01,32.44,32.44,1000
IMP,2022-02-25,31.14,33.05,31.14,32.56,1000
IMP,2022-02-28,31.83,32.65,31.83,32.03,7500
IMP,2022-03-01,32.24,33.46,31.95,33.26,6100
IMP,2022-03-02,31.79,33.14,31.79,32.16,800
IMP,2022-03-03,32.16,32.16,32.16,32.16,600
IMP,2022-03-04,32.65,32.65,31.95,32.03,4000
IMP,2022-03-07,31.95,31.95,31.95,31.95,600
IMP,2022-03-08,31.95,32.52,31.95,31.95,6800
IMP,2022-03-09,31.71,31.71,30.2,31.54,12400
IMP,2022-03-10,31.83,31.83,31.63,31.63,7200
IMP,2022-03-11,31.46,31.46,30.81,31.01,25200
IMP,2022-03-14,30.77,30.77,30.2,30.61,9400
IMP,2022-03-15,30.61,31.38,30.61,30.61,1400
IMP,2022-03-16,30.61,30.61,30.61,30.61,8400
IMP,2022-03-17,30.52,30.56,30.52,30.56,1700
IMP,2022-03-18,29.79,30.61,29.79,30.56,900
IMP,2022-03-21,30.56,31.01,30.56,30.61,2300
IMP,2022-03-22,30.61,30.61,30.4,30.56,6800
IMP,2022-03-23,31.01,31.01,30.24,30.32,5100
IMP,2022-03-24,30.52,30.56,30.52,30.56,500
IMP,2022-03-25,30.56,30.56,30.44,30.44,2800
IMP,2022-03-28,30.44,30.52,30.44,30.44,2400
IMP,2022-03-29,30.61,30.81,30.56,30.56,8000
IMP,2022-03-30,30.61,30.73,30.61,30.61,12000
IMP,2022-03-31,30.65,30.65,30.61,30.61,10100
IMP,2022-04-01,30.65,30.65,30.65,30.65,1500
IMP,2022-04-04,30.65,30.89,30.61,30.89,11000
IMP,2022-04-05,30.89,31.05,30.65,30.81,10400
IMP,2022-04-06,30.69,31.3,30.69,31.26,700
IMP,2022-04-07,31.26,31.26,30.61,30.61,9300
IMP,2022-04-08,30.61,30.61,30.28,30.52,1200
IMP,2022-04-12,30.2,30.24,30.2,30.2,12600
IMP,2022-04-13,30.24,30.4,30.2,30.4,5600
IMP,2022-04-14,30.4,30.4,30.36,30.36,400
IMP,2022-04-15,29.99,30.32,29.99,30.32,4300
IMP,2022-04-18,30.32,30.32,30.2,30.2,4700
IMP,2022-04-19,30.2,30.2,29.99,29.99,13100
IMP,2022-04-20,30.32,31.22,29.99,29.99,14700
IMP,2022-04-21,29.95,29.95,29.79,29.87,9700
IMP,2022-04-22,29.87,30.56,29.83,30.56,6100
IMP,2022-04-25,30.56,30.56,29.87,30.52,3800
IMP,2022-04-26,29.67,30.44,29.67,30.44,700
IMP,2022-04-27,29.63,30.4,29.59,30.4,600
IMP,2022-04-28,29.71,30.2,29.67,30.2,500
IMP,2022-04-29,30.16,30.16,29.79,30.16,700
IMP,2022-05-04,30.16,30.16,28.08,29.38,50700
IMP,2022-05-05,29.26,29.26,28.77,28.77,5100
IMP,2022-05-06,27.01,29.38,27.01,29.22,1700
IMP,2022-05-09,28.57,28.57,27.99,27.99,9700
IMP,2022-05-10,28.03,28.03,26.93,27.34,23600
IMP,2022-05-11,27.79,27.83,27.34,27.34,1900
IMP,2022-05-12,27.42,27.42,27.14,27.18,9300
IMP,2022-05-13,27.14,27.34,25.38,25.42,19800
IMP,2022-05-16,25.46,25.46,25.42,25.42,4400
IMP,2022-05-17,25.42,26.93,24.12,26.93,2100
IMP,2022-05-18,26.52,26.77,26.52,26.73,5100
IMP,2022-05-19,26.73,27.18,26.2,27.1,2100
IMP,2022-05-20,27.1,27.1,27.1,27.1,100
IMP,2022-05-23,27.01,27.1,26.97,26.97,2300
IMP,2022-05-24,27.42,27.46,27.42,27.42,1000
IMP,2022-05-25,27.96,27.96,27.59,27.96,1900
IMP,2022-05-26,27.96,27.96,27.96,27.96,1000
IMP,2022-05-27,27.96,29.13,27.96,29.09,400
IMP,2022-05-30,28.8,28.8,27.96,27.96,1000
IMP,2022-05-31,27.96,28.34,27.96,28.34,300
IMP,2022-06-01,28.76,28.76,27.63,27.63,600
IMP,2022-06-02,27.63,29.09,27.63,27.63,1200
IMP,2022-06-03,27.55,27.55,27.55,27.55,100
IMP,2022-06-06,27.21,27.55,27.09,27.13,6900
IMP,2022-06-07,26.96,27.13,26.71,27.13,400
IMP,2022-06-08,28.17,28.17,26.71,28.17,300
IMP,2022-06-09,27.13,27.42,26.63,27.42,4500
IMP,2022-06-10,27.42,27.42,26.59,26.59,2000
IMP,2022-06-13,27.13,28.42,25.08,25.63,2200
IMP,2022-06-14,25.08,27.38,25.04,27.38,5800
IMP,2022-06-15,28.76,28.8,25.5,27.96,1100
IMP,2022-06-16,26.09,28.76,26.04,27.51,1800
IMP,2022-06-17,27.26,27.3,25.59,25.84,1900
IMP,2022-06-20,26.25,27.09,25.84,26.67,1400
IMP,2022-06-21,25.71,26.67,25.67,25.71,2700
IMP,2022-06-22,25.71,26.21,25.46,25.88,3500
IMP,2022-06-23,25.25,26.04,25.25,25.25,2400
IMP,2022-06-24,25.25,25.25,24.63,24.63,5500
IMP,2022-06-27,24.63,24.67,24.46,24.54,11300
IMP,2022-06-28,24.96,25.0,24.92,25.0,3900
IMP,2022-06-29,25.04,25.04,25.0,25.0,300
IMP,2022-06-30,25.38,25.38,24.21,24.83,9400
IMP,2022-07-01,23.87,25.25,23.79,24.79,8600
IMP,2022-07-04,24.79,25.21,24.63,24.63,1200
IMP,2022-07-05,24.25,24.63,24.21,24.63,2100
IMP,2022-07-06,25.04,25.04,24.63,24.67,6600
IMP,2022-07-07,24.63,24.67,24.63,24.63,1300
IMP,2022-07-08,24.63,24.67,24.63,24.67,5700
IMP,2022-07-11,24.63,24.83,24.63,24.83,1400
IMP,2022-07-12,24.83,25.04,24.83,25.04,1100
IMP,2022-07-13,25.04,25.25,25.04,25.25,3200
IMP,2022-07-14,25.08,25.88,25.08,25.88,18600
IMP,2022-07-15,27.13,27.13,27.05,27.05,1800
IMP,2022-07-18,25.92,27.55,25.92,27.55,2200
IMP,2022-07-19,27.55,27.55,27.55,27.55,200
IMP,2022-07-20,26.0,27.34,26.0,26.04,2100
IMP,2022-07-21,26.46,26.46,26.3,26.3,2100
IMP,2022-07-22,27.51,27.51,27.51,27.51,200
IMP,2022-07-25,26.5,26.5,26.5,26.5,200
IMP,2022-07-26,27.13,28.34,27.13,28.34,6700
IMP,2022-07-27,27.96,27.96,26.5,26.5,1100
IMP,2022-07-28,26.92,27.76,26.92,27.76,3400
IMP,2022-07-29,27.76,27.76,27.76,27.76,0
IMP,2022-08-01,27.76,27.76,27.76,27.76,100
IMP,2022-08-02,26.3,26.71,26.3,26.71,1200
IMP,2022-08-03,26.71,27.05,26.71,27.05,900
IMP,2022-08-04,26.71,26.71,26.71,26.71,100
IMP,2022-08-05,26.71,26.71,26.71,26.71,0
IMP,2022-08-08,25.54,25.54,25.5,25.5,300
IMP,2022-08-09,25.67,25.67,25.59,25.67,3000
IMP,2022-08-10,25.79,25.88,25.79,25.88,4500
IMP,2022-08-11,25.88,25.92,25.88,25.92,9100
IMP,2022-08-12,25.88,25.92,25.88,25.92,1500
IMP,2022-08-15,25.92,25.92,25.92,25.92,0
IMP,2022-08-16,25.96,25.96,25.92,25.92,400
IMP,2022-08-17,25.96,26.46,25.92,26.46,5000
IMP,2022-08-18,26.25,26.25,26.21,26.21,1200
IMP,2022-08-19,26.21,26.21,26.21,26.21,0
IMP,2022-08-22,27.46,27.46,26.21,27.09,1700
IMP,2022-08-23,25.59,26.84,25.59,26.84,4900
IMP,2022-08-24,26.8,26.8,26.71,26.71,500
IMP,2022-08-25,26.13,26.17,26.09,26.09,5100
IMP,2022-08-26,26.17,26.67,26.17,26.67,2400
IMP,2022-08-29,25.88,26.04,25.88,26.04,1900
IMP,2022-08-30,26.04,26.04,26.04,26.04,1000
IMP,2022-08-31,26.21,26.25,25.96,26.25,1400
IMP,2022-09-05,26.25,26.25,25.46,25.5,5600
IMP,2022-09-06,26.25,26.25,25.67,25.67,300
IMP,2022-09-07,26.25,26.25,25.67,25.67,700
IMP,2022-09-08,25.67,25.84,25.67,25.79,1300
IMP,2022-09-09,26.25,26.25,25.84,25.84,800
IMP,2022-09-12,25.88,26.25,25.88,26.25,4529
IMP,2022-09-13,26.3,26.5,26.3,26.5,11164
IMP,2022-09-14,26.67,26.71,26.3,26.3,319
IMP,2022-09-15,26.3,26.34,26.09,26.09,5112
IMP,2022-09-16,26.13,26.5,26.13,26.5,646
IMP,2022-09-19,26.5,26.5,25.46,25.46,3672
IMP,2022-09-20,25.88,26.34,25.88,26.3,3233
IMP,2022-09-21,26.3,26.3,26.09,26.09,1419
IMP,2022-09-22,25.88,25.88,25.67,25.88,3113
IMP,2022-09-23,25.88,25.88,25.84,25.84,2926
IMP,2022-09-26,25.84,25.88,25.67,25.67,5782
IMP,2022-09-27,25.67,25.71,25.67,25.67,10300
IMP,2022-09-28,25.67,26.59,25.67,26.59,20145
IMP,2022-09-29,26.34,26.38,25.88,25.88,472
IMP,2022-09-30,25.67,25.92,25.67,25.88,15185
IMP,2022-10-03,25.42,25.88,25.42,25.88,9007
IMP,2022-10-04,25.88,25.88,25.88,25.88,7539
IMP,2022-10-05,25.84,25.88,25.79,25.88,3800
IMP,2022-10-06,25.46,25.46,25.46,25.46,151
IMP,2022-10-07,25.46,25.46,25.46,25.46,22
IMP,2022-10-10,25.88,25.88,25.25,25.25,430
IMP,2022-10-11,25.21,25.21,25.21,25.21,212
IMP,2022-10-12,25.17,25.21,24.83,25.04,1053
IMP,2022-10-13,24.63,25.46,24.42,24.42,10047
IMP,2022-10-14,24.21,24.29,24.0,24.0,10214
IMP,2022-10-17,23.79,23.83,23.37,23.83,4700
IMP,2022-10-18,24.0,24.42,23.87,23.87,5169
IMP,2022-10-19,23.58,24.0,23.58,24.0,9200
IMP,2022-10-20,24.0,24.0,24.0,24.0,1800
IMP,2022-10-21,23.5,24.0,23.5,24.0,1900
IMP,2022-10-24,23.67,23.79,23.16,23.79,5501
IMP,2022-10-25,22.75,23.79,22.33,23.37,3847
IMP,2022-10-26,23.37,23.46,23.37,23.37,9370
IMP,2022-10-27,23.37,23.37,22.29,23.12,4685
IMP,2022-10-28,23.12,23.12,23.04,23.12,606
IMP,2022-10-31,23.12,23.12,22.2,22.2,3002
IMP,2022-11-01,22.12,22.12,22.12,22.12,5200
IMP,2022-11-02,22.12,22.58,22.12,22.58,3460
IMP,2022-11-03,22.41,22.54,22.12,22.54,6730
IMP,2022-11-04,21.7,21.7,21.5,21.5,9514
IMP,2022-11-07,21.7,21.7,21.29,21.29,1500
IMP,2022-11-08,20.45,20.87,20.45,20.45,3000
IMP,2022-11-09,20.45,20.45,20.45,20.45,9102
IMP,2022-11-10,20.03,20.45,19.41,19.41,6111
IMP,2022-11-11,18.78,20.24,18.78,19.62,8612
IMP,2022-11-14,18.41,19.66,18.41,19.28,7716
IMP,2022-11-15,19.6,19.99,19.41,19.41,13153
IMP,2022-11-16,18.16,20.24,18.16,20.24,10800
IMP,2022-11-17,20.24,21.62,20.24,21.62,26403
IMP,2022-11-18,22.37,22.37,21.33,22.12,2688
IMP,2022-11-21,22.12,22.75,21.91,21.95,14062
IMP,2022-11-22,21.29,21.29,21.08,21.08,2020
IMP,2022-11-23,20.87,22.12,20.87,22.12,2164
IMP,2022-11-24,22.54,22.54,21.5,22.41,739
IMP,2022-11-25,22.12,22.12,22.12,22.12,1583
IMP,2022-11-28,22.12,23.16,22.12,23.16,15559
IMP,2022-11-29,22.12,23.79,22.12,23.79,8307
IMP,2022-11-30,23.75,24.83,23.71,24.83,9307
IMP,2022-12-01,25.42,25.42,23.79,25.04,1910
IMP,2022-12-02,24.63,26.09,23.42,26.09,13207
IMP,2022-12-05,26.09,26.92,26.09,26.92,4112
IMP,2022-12-06,26.71,28.59,25.04,26.96,50100
IMP,2022-12-07,26.88,26.88,25.46,26.88,311
IMP,2022-12-08,26.0,26.88,26.0,26.88,954
IMP,2022-12-09,25.46,26.5,25.46,26.5,1446
IMP,2022-12-12,25.04,26.09,25.04,26.09,702
IMP,2022-12-13,26.21,26.21,26.21,26.21,118
IMP,2022-12-14,25.04,26.09,25.04,26.09,2310
IMP,2022-12-15,26.04,26.13,25.88,26.13,5500
IMP,2022-12-16,25.04,26.09,25.04,26.04,322
IMP,2022-12-19,25.75,25.75,25.75,25.75,200
IMP,2022-12-20,25.04,26.5,24.83,26.3,6401
IMP,2022-12-21,26.09,26.09,26.04,26.04,503
IMP,2022-12-22,25.04,25.04,25.04,25.04,1407
IMP,2022-12-23,23.54,25.04,23.46,24.63,5753
IMP,2022-12-26,24.63,24.63,24.63,24.63,11
IMP,2022-12-27,25.0,25.0,25.0,25.0,128
IMP,2022-12-28,25.0,25.0,25.0,25.0,0
IMP,2022-12-29,24.0,25.04,24.0,25.04,2100
IMP,2022-12-30,25.04,26.3,25.04,25.13,4104
IMP,2023-01-03,25.13,25.13,25.13,25.13,83
IMP,2023-01-04,24.0,25.13,23.79,25.13,15752
IMP,2023-01-05,23.79,25.08,23.79,23.79,10302
IMP,2023-01-06,24.83,24.83,23.79,23.79,11500
IMP,2023-01-09,23.79,23.79,23.54,23.54,4700
IMP,2023-01-10,23.54,23.54,23.54,23.54,406
IMP,2023-01-11,23.67,23.67,23.21,23.21,402
IMP,2023-01-12,23.21,23.21,22.62,23.21,3300
IMP,2023-01-13,24.12,24.63,24.0,24.0,502
IMP,2023-01-16,24.0,24.0,24.0,24.0,13204
IMP,2023-01-17,23.96,24.0,23.96,24.0,2840
IMP,2023-01-18,24.0,24.0,24.0,24.0,10042
IMP,2023-01-19,24.0,24.0,24.0,24.0,1200
IMP,2023-01-27,24.0,24.0,23.87,23.87,2106
IMP,2023-01-30,23.92,24.21,23.87,24.17,3318
IMP,2023-01-31,24.67,24.67,24.0,24.0,3010
IMP,2023-02-01,24.0,24.0,23.87,24.0,5909
IMP,2023-02-02,24.0,24.0,24.0,24.0,14
IMP,2023-02-03,24.0,24.0,24.0,24.0,8
IMP,2023-02-06,23.16,23.75,23.0,23.75,1400
IMP,2023-02-07,24.0,24.0,23.16,23.37,6396
IMP,2023-02-08,23.75,23.75,23.75,23.75,100
IMP,2023-02-09,23.37,23.58,23.37,23.37,18301
IMP,2023-02-10,23.33,23.79,23.33,23.79,3505
IMP,2023-02-13,23.58,23.79,23.58,23.75,562
IMP,2023-02-14,23.75,23.75,23.29,23.71,702
IMP,2023-02-15,23.58,23.58,23.58,23.58,101
IMP,2023-02-16,22.62,23.33,22.62,22.75,5800
IMP,2023-02-17,23.33,23.33,22.25,22.25,8600
IMP,2023-02-20,22.54,22.54,22.25,22.25,46602
IMP,2023-02-21,22.25,22.25,20.87,22.04,18306
IMP,2023-02-22,22.96,22.96,21.33,21.33,2200
IMP,2023-02-23,20.91,21.33,20.28,20.99,37353
IMP,2023-02-24,21.37,21.37,21.29,21.29,1802
IMP,2023-02-27,21.29,21.29,20.66,20.87,5620
IMP,2023-02-28,20.87,20.95,20.83,20.87,1200
IMP,2023-03-01,20.87,21.04,20.83,20.87,11121
IMP,2023-03-02,20.87,20.87,20.45,20.85,7310
IMP,2023-03-03,20.83,20.99,20.83,20.85,7667
IMP,2023-03-06,20.87,20.87,20.24,20.45,7099
IMP,2023-03-07,20.54,20.79,20.45,20.45,3911
IMP,2023-03-08,20.79,20.79,20.79,20.79,190
IMP,2023-03-09,20.45,20.66,20.31,20.66,4543
IMP,2023-03-10,20.37,20.58,20.26,20.45,5410
IMP,2023-03-13,20.87,21.37,20.45,20.45,4300
IMP,2023-03-14,20.62,20.62,20.33,20.33,2300
IMP,2023-03-15,20.31,20.7,20.31,20.33,2010
IMP,2023-03-16,19.64,20.45,19.64,20.45,4455
IMP,2023-03-17,20.45,20.79,20.45,20.45,7462
IMP,2023-03-20,20.64,20.64,20.64,20.64,310
IMP,2023-03-21,20.62,21.04,20.45,21.04,4000
IMP,2023-03-22,21.45,21.45,20.54,20.87,3281
IMP,2023-03-23,20.87,21.08,19.62,20.87,2900
IMP,2023-03-24,20.24,20.83,20.24,20.83,2287
IMP,2023-03-27,20.33,20.76,20.03,20.76,2124
IMP,2023-03-28,20.79,20.79,20.33,20.33,504
IMP,2023-03-29,20.06,20.24,20.03,20.1,2005
IMP,2023-03-30,20.1,20.45,19.95,20.01,10513
IMP,2023-03-31,19.83,20.01,19.64,19.64,3110
IMP,2023-04-03,19.66,20.37,19.62,19.62,23212
IMP,2023-04-04,20.03,20.03,19.62,19.7,18432
IMP,2023-04-05,19.72,19.93,19.68,19.93,1651
IMP,2023-04-06,20.03,20.03,19.76,19.91,4801
IMP,2023-04-07,20.2,20.2,19.85,19.99,2608
IMP,2023-04-10,20.24,20.24,19.97,20.2,5011
IMP,2023-04-11,20.22,20.66,20.22,20.45,7377
IMP,2023-04-12,20.47,20.66,20.45,20.49,4809
IMP,2023-04-13,20.66,20.66,20.49,20.49,36611
IMP,2023-04-14,20.49,20.87,20.49,20.54,5402
IMP,2023-04-17,20.66,20.66,20.54,20.54,2050
IMP,2023-04-18,20.66,21.29,20.66,21.08,8011
IMP,2023-04-19,21.08,21.37,20.68,21.29,6204
IMP,2023-04-20,21.45,21.45,21.29,21.29,1500
IMP,2023-04-21,21.33,22.75,21.29,22.75,27771
IMP,2023-04-24,22.71,22.79,22.16,22.62,9901
IMP,2023-04-25,21.83,22.54,21.08,22.46,9012
IMP,2023-04-26,21.41,22.08,21.33,21.62,6200
IMP,2023-04-27,22.08,22.12,21.66,22.08,872
IMP,2023-04-28,22.12,22.12,21.33,21.66,4700
IMP,2023-05-04,21.66,22.96,21.66,22.91,12652
IMP,2023-05-05,22.83,23.08,22.37,22.91,6416
IMP,2023-05-08,22.96,23.21,22.91,23.08,12542
IMP,2023-05-09,23.37,23.58,23.21,23.21,39668
IMP,2023-05-10,23.16,23.37,23.12,23.21,21469
IMP,2023-05-11,23.16,23.5,23.04,23.5,3715
IMP,2023-05-12,23.37,23.5,23.16,23.16,5200
IMP,2023-05-15,23.25,23.79,23.25,23.33,6571
IMP,2023-05-16,23.33,23.37,23.16,23.37,12310
IMP,2023-05-17,23.33,23.71,22.96,23.37,6710
IMP,2023-05-18,23.08,23.67,22.96,23.37,3650
IMP,2023-05-19,22.96,23.21,22.96,23.21,1787
IMP,2023-05-22,23.21,23.37,22.75,23.21,1506
IMP,2023-05-23,23.21,23.21,23.21,23.21,3
IMP,2023-05-24,22.75,23.08,22.75,22.91,400
IMP,2023-05-25,23.37,23.37,22.29,22.29,7131
IMP,2023-05-26,22.33,22.79,22.12,22.71,5300
IMP,2023-05-29,22.25,22.96,22.12,22.96,2800
IMP,2023-05-30,22.96,23.12,22.54,22.54,1600
IMP,2023-05-31,23.12,23.12,22.58,22.96,1600
IMP,2023-06-01,22.96,23.08,22.79,23.08,7917
IMP,2023-06-02,23.08,23.37,23.08,23.33,5010
IMP,2023-06-05,23.33,23.79,23.16,23.37,14651
IMP,2023-06-06,23.67,23.67,23.08,23.29,15401
IMP,2023-06-07,23.08,23.5,22.96,23.16,9300
IMP,2023-06-08,23.37,24.5,23.37,24.17,20401
IMP,2023-06-09,24.42,25.46,24.17,25.46,38743
IMP,2023-06-12,25.46,25.46,24.83,25.04,6211
IMP,2023-06-13,25.04,25.46,24.63,24.92,14704
IMP,2023-06-14,23.96,25.04,23.96,24.92,2928
IMP,2023-06-15,25.04,25.46,25.04,25.04,1023
IMP,2023-06-16,25.04,25.25,24.92,24.96,7235
IMP,2023-06-19,24.96,24.96,24.96,24.96,33
IMP,2023-06-20,25.46,25.46,24.75,24.96,13314
IMP,2023-06-21,24.75,24.96,24.42,24.88,23515
IMP,2023-06-22,24.29,24.88,24.25,24.88,2746
IMP,2023-06-23,24.83,24.83,24.33,24.33,10201
IMP,2023-06-26,24.42,24.75,24.33,24.75,6457
IMP,2023-06-27,24.75,25.04,24.42,25.04,4229
IMP,2023-06-28,25.04,25.04,24.92,24.92,4238
IMP,2023-06-29,24.88,25.04,24.79,25.04,1314
IMP,2023-06-30,25.04,25.88,25.04,25.46,23146
IMP,2023-07-03,26.5,26.5,25.46,26.25,23609
IMP,2023-07-04,26.25,27.13,26.25,26.46,2602
IMP,2023-07-05,25.88,26.3,25.75,25.75,4717
IMP,2023-07-06,25.29,26.09,25.29,26.09,5201
IMP,2023-07-07,25.88,27.13,25.46,26.67,25540
IMP,2023-07-10,26.09,26.67,26.09,26.59,4400
IMP,2023-07-11,26.59,26.59,26.38,26.5,13703
IMP,2023-07-12,26.5,26.92,25.88,26.92,42229
IMP,2023-07-13,26.92,27.09,26.63,26.92,7702
IMP,2023-07-14,26.92,27.05,26.59,26.71,8533
IMP,2023-07-17,26.71,26.71,26.09,26.09,23910
IMP,2023-07-18,26.3,27.88,26.09,27.88,105390
IMP,2023-07-19,29.22,29.8,28.8,29.8,201191
IMP,2023-07-20,30.05,30.89,29.97,29.97,78962
IMP,2023-07-21,29.93,29.93,29.01,29.38,78912
IMP,2023-07-24,29.38,31.3,29.38,30.18,90939
IMP,2023-07-25,30.47,30.89,30.05,30.47,15126
IMP,2023-07-26,30.26,30.89,29.84,29.88,29388
IMP,2023-07-27,29.93,30.22,29.68,29.68,20477
IMP,2023-07-28,29.68,29.88,29.26,29.68,20877
IMP,2023-07-31,29.72,29.88,29.51,29.76,13675
IMP,2023-08-01,29.38,30.26,29.13,29.13,79256
IMP,2023-08-02,29.13,29.22,28.8,29.13,25681
IMP,2023-08-03,28.38,28.88,28.38,28.8,19572
IMP,2023-08-04,28.8,28.8,28.05,28.51,21507
IMP,2023-08-07,28.26,28.51,27.88,28.34,15048
IMP,2023-08-08,28.34,29.76,28.34,29.18,12556
IMP,2023-08-09,29.18,29.22,28.8,28.88,41354
IMP,2023-08-10,28.8,29.13,28.59,28.59,16345
IMP,2023-08-11,28.42,28.59,28.38,28.51,10505
IMP,2023-08-14,28.38,28.59,28.38,28.59,3846
IMP,2023-08-15,28.22,29.88,28.22,29.88,24632
IMP,2023-08-16,29.63,29.63,29.13,29.13,10616
IMP,2023-08-17,29.01,29.47,28.92,29.05,13660
IMP,2023-08-18,28.38,29.05,27.88,28.38,17282
IMP,2023-08-21,28.38,28.42,28.38,28.42,4054
IMP,2023-08-22,28.42,28.42,27.55,28.42,7336
IMP,2023-08-23,28.47,28.59,27.96,28.51,11040
IMP,2023-08-24,28.38,28.59,28.22,28.38,4784
IMP,2023-08-25,28.38,28.38,28.17,28.22,12851
IMP,2023-08-28,28.22,28.76,28.17,28.76,6083
IMP,2023-08-29,28.76,28.76,28.26,28.76,20505
IMP,2023-08-30,28.72,28.72,28.3,28.67,18136
IMP,2023-08-31,28.76,28.8,28.38,28.72,10718
IMP,2023-09-05,28.72,29.01,28.72,29.01,18222
IMP,2023-09-06,29.01,29.97,29.01,29.63,27620
IMP,2023-09-07,29.63,29.63,29.3,29.63,12455
IMP,2023-09-08,29.34,29.63,28.76,29.09,19073
IMP,2023-09-11,29.09,29.34,29.09,29.13,16206
IMP,2023-09-12,29.22,29.43,29.05,29.34,6000
IMP,2023-09-13,29.63,30.05,29.26,29.47,26276
IMP,2023-09-14,29.72,29.97,29.38,29.63,28029
IMP,2023-09-15,29.93,29.93,29.68,29.8,12110
IMP,2023-09-18,29.8,30.84,29.8,30.05,11496
IMP,2023-09-19,30.05,30.68,29.84,30.01,23834
IMP,2023-09-20,30.39,30.39,29.88,30.05,13388
IMP,2023-09-21,30.05,30.26,29.63,29.68,12030
IMP,2023-09-22,30.01,30.01,28.84,29.09,24810
IMP,2023-09-25,29.05,29.22,28.05,28.42,34923
IMP,2023-09-26,28.42,28.59,28.22,28.47,10326
IMP,2023-09-27,28.59,28.59,27.71,28.3,27292
IMP,2023-09-28,28.3,28.3,27.59,27.96,6433
IMP,2023-09-29,28.34,28.38,27.96,28.38,8011
IMP,2023-10-02,29.22,29.22,28.8,29.13,30346
IMP,2023-10-03,29.22,29.63,28.67,29.22,24458
IMP,2023-10-04,29.34,29.34,28.8,29.01,17473
IMP,2023-10-05,28.46,29.35,28.46,28.46,21444
IMP,2023-10-06,27.79,28.77,27.79,28.72,16364
IMP,2023-10-09,28.72,28.9,28.72,28.9,7769
IMP,2023-10-10,29.35,29.35,28.77,28.9,21907
IMP,2023-10-11,28.46,28.9,28.46,28.77,24520
IMP,2023-10-12,28.68,28.9,28.63,28.9,23602
IMP,2023-10-13,28.55,28.86,28.46,28.86,14300
IMP,2023-10-16,28.5,28.81,28.5,28.68,11913
IMP,2023-10-17,28.81,28.9,28.15,28.15,18031
IMP,2023-10-18,28.15,28.32,27.57,27.57,8086
IMP,2023-10-19,27.79,28.41,27.12,27.79,31632
IMP,2023-10-20,27.35,27.97,26.9,27.12,31904
IMP,2023-10-23,27.12,27.12,26.68,26.77,6853
IMP,2023-10-24,26.86,27.12,26.77,26.9,8916
IMP,2023-10-25,26.77,27.12,26.68,27.08,5915
IMP,2023-10-26,26.86,26.86,25.21,25.74,32324
IMP,2023-10-27,25.79,25.79,25.34,25.66,11617
IMP,2023-10-30,25.34,25.7,25.26,25.61,6002
IMP,2023-10-31,25.66,25.66,24.9,25.48,18300
IMP,2023-11-01,24.54,25.43,24.54,25.34,2800
IMP,2023-11-02,25.34,26.46,25.34,26.23,16020
IMP,2023-11-03,26.23,26.46,26.06,26.06,2117
IMP,2023-11-06,26.23,26.55,26.01,26.01,10224
IMP,2023-11-07,25.79,26.01,25.57,25.79,7381
IMP,2023-11-08,25.79,25.79,25.57,25.74,14436
IMP,2023-11-09,25.74,25.97,25.39,25.79,11408
IMP,2023-11-10,25.34,25.74,25.34,25.61,5206
IMP,2023-11-13,25.26,25.61,24.68,24.9,14373
IMP,2023-11-14,25.34,25.34,24.86,24.86,12923
IMP,2023-11-15,24.86,25.66,24.86,25.03,13239
IMP,2023-11-16,25.03,25.08,24.68,25.03,13174
IMP,2023-11-17,25.03,25.26,24.9,24.99,7875
IMP,2023-11-20,24.94,24.94,24.72,24.72,6204
IMP,2023-11-21,24.86,24.86,24.59,24.63,12112
IMP,2023-11-22,24.68,24.72,24.46,24.59,24328
IMP,2023-11-23,24.5,25.12,24.5,24.86,32525
IMP,2023-11-24,24.94,24.94,24.54,24.54,4023
IMP,2023-11-27,24.54,24.94,24.46,24.46,18079
IMP,2023-11-28,24.46,24.72,23.17,24.37,36652
IMP,2023-11-29,24.5,24.68,23.97,24.5,3223
IMP,2023-11-30,24.46,24.81,24.28,24.37,7748
IMP,2023-12-01,24.46,24.46,24.23,24.37,9154
IMP,2023-12-04,24.32,24.68,24.19,24.59,25031
IMP,2023-12-05,24.54,24.54,24.28,24.46,10267
IMP,2023-12-06,24.46,24.54,24.41,24.54,26660
IMP,2023-12-07,24.41,24.86,24.41,24.54,29287
IMP,2023-12-08,24.54,24.54,24.23,24.54,6382
IMP,2023-12-11,24.86,24.86,24.37,24.54,4659
IMP,2023-12-12,24.46,24.68,24.46,24.68,17424
IMP,2023-12-13,24.54,25.39,24.54,25.12,41029
IMP,2023-12-14,25.12,25.79,25.12,25.57,31074
IMP,2023-12-15,25.79,25.79,25.52,25.74,16177
IMP,2023-12-18,25.7,25.7,25.34,25.34,9472
IMP,2023-12-19,25.34,25.34,25.08,25.34,1207
IMP,2023-12-20,25.08,25.43,24.9,25.43,15959
IMP,2023-12-21,25.34,25.34,24.86,25.12,26090
IMP,2023-12-22,25.03,25.34,24.99,25.34,14676
IMP,2023-12-25,25.34,25.34,24.86,25.34,16345
IMP,2023-12-26,25.26,25.26,24.9,25.21,25936
IMP,2023-12-27,24.99,25.21,24.86,24.86,9460
IMP,2023-12-28,24.9,25.12,24.86,24.9,7490
IMP,2023-12-29,24.9,25.17,24.9,25.17,4252
IMP,2024-01-02,25.21,25.52,25.12,25.34,12307
IMP,2024-01-03,25.3,26.9,25.26,26.32,130973
IMP,2024-01-04,26.68,27.48,26.68,27.3,56644
IMP,2024-01-05,27.39,27.39,26.68,27.12,44216
IMP,2024-01-08,26.81,27.35,26.81,27.35,13846
IMP,2024-01-09,27.12,27.75,26.77,27.26,35577
IMP,2024-01-10,27.26,27.57,26.77,27.48,33843
IMP,2024-01-11,27.52,28.01,27.21,27.75,106807
IMP,2024-01-12,27.88,27.88,27.3,27.39,27190
IMP,2024-01-15,27.57,27.97,27.26,27.83,21717
IMP,2024-01-16,27.79,28.19,27.79,28.01,66160
IMP,2024-01-17,28.01,28.19,27.7,27.97,5688
IMP,2024-01-18,27.66,28.59,27.57,28.37,46797
IMP,2024-01-19,28.19,28.55,27.66,28.37,36105
IMP,2024-01-22,28.46,28.46,26.68,28.15,15568
IMP,2024-01-23,27.08,28.01,27.08,27.88,66516
IMP,2024-01-24,27.88,27.88,27.61,27.61,7811
IMP,2024-01-25,27.88,27.88,27.61,27.83,7183
IMP,2024-01-26,27.61,27.83,27.26,27.79,69272
IMP,2024-01-29,27.92,27.92,27.43,27.43,23237
IMP,2024-01-30,27.57,27.57,27.12,27.48,14580
IMP,2024-01-31,27.12,27.21,27.03,27.17,11415
IMP,2024-02-01,26.32,27.57,26.32,27.57,23333
IMP,2024-02-02,27.57,27.66,27.39,27.39,18582
IMP,2024-02-05,27.39,27.66,27.35,27.66,8505
IMP,2024-02-06,27.57,28.23,27.39,28.15,32975
IMP,2024-02-07,28.23,28.23,27.61,28.01,9161
IMP,2024-02-15,27.66,28.41,27.66,28.01,18355
IMP,2024-02-16,28.01,28.01,27.57,27.97,23324
IMP,2024-02-19,28.01,28.9,27.79,28.9,173248
IMP,2024-02-20,28.9,29.21,28.9,29.21,19559
IMP,2024-02-21,29.21,29.57,28.86,28.86,44906
IMP,2024-02-22,28.9,29.12,28.86,29.08,14758
IMP,2024-02-23,29.35,29.35,28.9,29.12,22222
IMP,2024-02-26,28.63,28.99,28.63,28.99,29619
IMP,2024-02-27,29.04,29.52,28.9,29.44,47587
IMP,2024-02-28,29.44,29.52,29.44,29.48,14704
IMP,2024-02-29,28.99,29.52,28.9,29.44,7047
IMP,2024-03-01,29.3,29.7,29.12,29.7,10103
IMP,2024-03-04,29.75,30.06,29.61,29.7,25011
IMP,2024-03-05,29.97,29.97,29.44,29.52,9648
IMP,2024-03-06,29.48,29.66,29.26,29.52,16349
IMP,2024-03-07,29.57,29.57,29.17,29.26,17318
IMP,2024-03-08,29.57,29.57,28.95,29.21,15545
IMP,2024-03-11,29.17,29.35,29.04,29.17,11345
IMP,2024-03-12,29.17,29.35,28.9,28.9,18700
IMP,2024-03-13,28.81,29.48,28.81,29.44,28800
IMP,2024-03-14,29.44,29.61,29.39,29.61,7815
IMP,2024-03-15,29.44,29.61,29.35,29.61,20343
IMP,2024-03-18,29.61,29.61,28.9,29.3,38491
IMP,2024-03-19,29.66,30.24,29.04,30.01,60526
IMP,2024-03-20,30.01,30.68,30.01,30.37,57134
IMP,2024-03-21,30.41,30.99,30.41,30.77,56351
IMP,2024-03-22,30.9,30.9,30.41,30.81,18871
IMP,2024-03-25,30.32,30.77,30.19,30.19,28611
IMP,2024-03-26,30.06,30.59,29.57,29.97,17240
IMP,2024-03-27,29.92,30.24,29.92,30.24,17892
IMP,2024-03-28,30.24,30.81,30.24,30.24,7667
IMP,2024-03-29,30.32,30.72,30.15,30.55,16182
IMP,2024-04-01,30.5,30.68,29.79,30.01,16358
IMP,2024-04-02,29.79,30.19,29.79,30.01,16874
IMP,2024-04-03,29.88,30.19,29.88,30.01,28909
IMP,2024-04-04,29.79,30.06,29.79,29.97,23110
IMP,2024-04-05,29.97,30.01,29.57,29.92,16459
IMP,2024-04-08,29.7,30.19,29.7,30.15,29923
IMP,2024-04-09,30.24,30.24,30.1,30.24,31316
IMP,2024-04-10,30.19,30.41,30.1,30.15,22361
IMP,2024-04-11,30.24,30.24,30.06,30.06,13943
IMP,2024-04-12,30.32,31.3,30.24,31.26,71498
IMP,2024-04-15,31.17,31.21,30.41,30.86,48550
IMP,2024-04-16,30.46,30.9,30.46,30.81,35861
IMP,2024-04-17,31.75,31.75,31.12,31.57,48642
IMP,2024-04-19,31.52,31.52,30.81,30.81,17623
IMP,2024-04-22,30.28,30.28,28.68,29.17,268412
IMP,2024-04-23,29.17,29.17,28.59,28.86,49846
IMP,2024-04-24,28.55,29.79,28.5,29.08,54801
IMP,2024-04-25,29.12,29.12,28.68,28.95,34924
IMP,2024-04-26,28.95,28.95,28.63,28.68,24413
IMP,2024-05-02,28.68,28.95,28.68,28.95,19163
IMP,2024-05-03,28.9,29.12,28.81,28.95,12692
IMP,2024-05-06,28.95,29.3,28.95,28.99,29550
IMP,2024-05-07,29.08,29.79,29.08,29.61,19425
IMP,2024-05-08,29.61,29.75,29.39,29.61,12142
IMP,2024-05-09,29.57,29.75,29.52,29.7,10703
IMP,2024-05-10,29.7,29.7,29.35,29.57,14123
IMP,2024-05-13,29.7,29.88,29.35,29.57,25464
IMP,2024-05-14,29.57,29.57,28.99,29.26,15362
IMP,2024-05-15,29.26,29.57,29.17,29.48,34653
IMP,2024-05-16,29.48,29.79,29.48,29.79,22249
IMP,2024-05-17,29.79,29.79,29.61,29.61,7762
IMP,2024-05-20,29.61,29.75,29.52,29.52,8625
IMP,2024-05-21,29.39,29.61,29.3,29.61,24723
IMP,2024-05-22,29.61,29.61,29.26,29.48,4819
IMP,2024-05-23,29.61,31.12,29.44,31.04,63880
IMP,2024-05-24,30.72,30.72,29.79,30.01,30021
IMP,2024-05-27,30.01,30.24,29.57,30.06,14330
IMP,2024-05-28,31.04,31.04,29.79,30.06,9477
IMP,2024-05-29,30.06,30.41,30.01,30.41,27779
IMP,2024-05-30,30.24,30.28,30.06,30.24,12282
IMP,2024-05-31,30.24,30.28,30.15,30.28,4305
IMP,2024-06-03,30.28,30.68,30.28,30.64,24107
IMP,2024-06-04,30.64,30.68,30.5,30.64,8951
IMP,2024-06-05,30.59,30.64,30.24,30.41,11940
IMP,2024-06-06,30.37,30.9,30.37,30.81,56760
IMP,2024-06-07,30.77,30.81,30.59,30.59,5801
IMP,2024-06-10,30.59,31.12,30.01,30.99,39506
IMP,2024-06-11,31.08,31.88,30.86,31.44,86938
IMP,2024-06-12,31.44,31.48,31.39,31.44,33988
IMP,2024-06-13,31.48,32.01,31.17,31.84,65364
IMP,2024-06-14,31.88,31.88,31.3,31.3,15867
IMP,2024-06-17,31.3,31.52,30.95,31.12,22845
IMP,2024-06-18,31.12,31.35,31.12,31.17,11476
IMP,2024-06-19,31.21,31.97,31.21,31.97,80519
IMP,2024-06-20,32.41,33.08,32.01,33.08,122477
IMP,2024-06-21,32.5,33.53,32.46,32.46,42343
IMP,2024-06-24,32.41,32.9,32.37,32.46,89729
IMP,2024-06-25,32.86,33.35,32.46,32.99,76585
IMP,2024-06-26,33.35,33.53,33.17,33.53,100040
IMP,2024-06-27,33.53,33.75,33.3,33.35,35681
IMP,2024-06-28,33.35,33.97,33.13,33.48,153421
IMP,2024-07-01,33.79,33.79,32.9,33.17,79326
IMP,2024-07-02,33.21,33.44,33.13,33.39,61623
IMP,2024-07-03,33.35,33.57,33.26,33.39,15928
IMP,2024-07-04,33.7,33.7,33.21,33.39,22704
IMP,2024-07-05,33.39,33.57,33.26,33.35,47705
IMP,2024-07-08,33.57,34.24,33.57,34.1,113799
IMP,2024-07-09,34.15,35.84,33.88,35.84,234422
IMP,2024-07-10,36.15,36.46,35.57,36.24,114460
IMP,2024-07-11,36.3,38.77,36.3,38.72,207573
IMP,2024-07-12,39.42,41.1,39.17,40.41,160592
IMP,2024-07-15,40.31,43.23,39.91,43.23,292329
IMP,2024-07-16,43.92,46.25,43.92,46.25,82945
IMP,2024-07-17,49.47,49.47,43.03,43.03,395412
IMP,2024-07-18,42.09,42.98,41.1,42.09,132536
IMP,2024-07-19,42.04,42.09,39.62,40.31,164124
IMP,2024-07-22,39.22,40.61,38.13,40.11,203614
IMP,2024-07-23,39.22,41.6,39.22,40.71,83458
IMP,2024-07-24,40.61,41.25,40.26,40.66,81516
IMP,2024-07-25,40.61,40.61,40.11,40.16,45004
IMP,2024-07-26,41.1,42.24,40.36,42.24,227092
IMP,2024-07-29,42.39,44.47,42.39,42.59,68134
IMP,2024-07-30,43.08,43.08,41.1,41.1,56398
IMP,2024-07-31,41.55,41.55,40.36,40.56,72005
IMP,2024-08-01,40.56,41.25,38.92,39.37,149680
IMP,2024-08-02,39.12,41.6,39.12,40.36,221373
IMP,2024-08-05,39.62,41.1,39.52,40.06,111650
IMP,2024-08-06,40.51,40.8,39.76,40.71,36726
IMP,2024-08-07,41.0,41.55,40.71,41.0,53715
IMP,2024-08-08,41.1,41.1,40.16,40.85,50855
IMP,2024-08-09,40.61,41.0,40.41,40.71,42522
IMP,2024-08-12,40.9,42.83,40.9,41.75,72323
IMP,2024-08-13,41.79,41.84,41.1,41.6,39926
IMP,2024-08-14,42.34,42.69,41.6,42.04,68711
IMP,2024-08-15,41.84,42.59,41.84,41.94,64002
IMP,2024-08-16,42.59,43.53,42.09,43.08,112192
IMP,2024-08-19,43.08,44.02,42.93,43.58,77065
IMP,2024-08-20,42.88,44.27,42.88,43.73,107930
IMP,2024-08-21,43.68,43.68,42.69,42.74,92929
IMP,2024-08-22,42.64,42.93,42.09,42.69,78094
IMP,2024-08-23,42.69,42.69,41.89,42.29,43447
IMP,2024-08-26,42.29,42.29,41.65,42.09,42969
IMP,2024-08-27,41.65,42.09,41.35,41.99,27956
IMP,2024-08-28,41.65,42.09,41.6,41.79,42601
IMP,2024-08-29,41.79,42.54,41.6,42.39,46703
IMP,2024-08-30,42.39,43.92,42.09,43.48,105849
IMP,2024-09-04,43.87,46.5,43.53,46.5,343638
IMP,2024-09-05,46.6,47.04,45.21,45.21,81518
IMP,2024-09-06,46.3,48.03,45.56,48.03,198803
IMP,2024-09-09,48.28,49.22,47.54,47.64,167900
IMP,2024-09-10,47.64,47.94,45.91,46.05,150726
IMP,2024-09-11,45.56,46.75,45.56,46.1,87308
IMP,2024-09-12,46.5,47.04,45.95,46.55,56932
IMP,2024-09-13,46.55,46.55,45.86,46.55,68444
IMP,2024-09-16,46.15,46.55,45.56,46.05,145354
IMP,2024-09-17,47.44,49.27,46.65,49.27,619239
IMP,2024-09-18,50.41,52.69,50.41,52.69,485483
IMP,2024-09-19,54.37,55.96,51.4,51.9,381090
IMP,2024-09-20,51.9,52.0,50.41,50.81,230456
IMP,2024-09-23,51.01,51.8,50.71,51.3,97565
IMP,2024-09-24,51.3,51.5,50.51,51.3,128608
IMP,2024-09-25,51.3,51.5,49.62,49.82,180030
IMP,2024-09-26,49.82,50.81,49.72,49.72,100237
IMP,2024-09-27,49.82,50.51,49.07,49.82,134086
IMP,2024-09-30,49.82,50.21,49.32,49.52,94663
IMP,2024-10-01,49.82,50.02,49.47,49.62,93330
IMP,2024-10-02,49.72,51.01,49.32,50.21,113255
IMP,2024-10-03,50.21,50.21,49.02,49.42,106339
IMP,2024-10-04,49.47,49.47,48.53,48.53,63974
IMP,2024-10-07,48.53,49.32,47.24,47.74,96146
IMP,2024-10-08,47.74,47.74,46.15,47.29,73309
IMP,2024-10-09,47.19,47.29,46.55,46.65,101941
IMP,2024-10-10,46.65,49.42,46.6,47.54,58078
IMP,2024-10-11,47.64,48.53,47.24,47.54,43195
IMP,2024-10-14,47.54,48.18,46.55,46.65,68185
IMP,2024-10-15,46.4,47.49,46.35,46.35,40978
IMP,2024-10-16,46.35,46.99,46.3,46.45,24288
IMP,2024-10-17,46.55,46.99,46.35,46.55,40512
IMP,2024-10-18,47.04,47.04,46.05,46.4,63223
IMP,2024-10-21,45.66,45.86,43.87,44.02,293154
IMP,2024-10-22,43.58,43.97,41.94,42.19,247257
IMP,2024-10-23,42.59,43.38,42.19,42.88,100260
IMP,2024-10-24,42.93,45.16,42.74,44.57,161381
IMP,2024-10-25,45.56,45.91,44.32,44.32,103060
IMP,2024-10-28,44.32,45.41,43.63,44.27,54017
IMP,2024-10-29,44.27,44.27,43.78,43.97,97488
IMP,2024-10-30,43.78,44.96,43.58,44.77,114435
IMP,2024-10-31,45.16,45.21,44.17,44.57,63648
IMP,2024-11-01,44.47,44.82,43.97,44.57,62527
IMP,2024-11-04,44.57,44.57,43.58,43.87,82673
IMP,2024-11-05,43.87,43.97,43.53,43.87,58854
IMP,2024-11-06,43.87,44.27,43.58,43.83,64707
IMP,2024-11-07,43.97,44.47,43.58,44.17,83859
IMP,2024-11-08,43.58,44.07,43.38,43.58,80746
IMP,2024-11-11,43.58,43.58,42.29,43.48,199291
IMP,2024-11-12,43.43,43.43,42.39,42.83,223392
IMP,2024-11-13,42.79,42.79,42.29,42.39,66735
IMP,2024-11-14,42.34,42.88,42.09,42.39,55922
IMP,2024-11-15,42.29,42.79,41.89,41.89,78831
IMP,2024-11-18,41.89,41.89,40.95,41.4,79299
IMP,2024-11-19,41.4,41.79,41.4,41.4,62740
IMP,2024-11-20,41.5,41.5,40.8,41.4,112513
IMP,2024-11-21,41.4,41.75,40.9,41.0,37566
IMP,2024-11-22,41.0,41.2,40.8,40.95,152357
IMP,2024-11-25,40.95,43.78,40.95,43.58,222762
IMP,2024-11-26,43.58,44.67,42.88,43.28,100442
IMP,2024-11-27,43.28,43.28,42.59,42.79,43395
IMP,2024-11-28,42.64,45.06,42.64,44.42,339065
IMP,2024-11-29,44.91,45.66,44.42,44.42,267959
IMP,2024-12-02,45.31,45.31,44.57,45.06,137635
IMP,2024-12-03,45.01,48.18,44.72,48.18,794724
IMP,2024-12-04,48.53,50.51,46.55,47.54,431903
IMP,2024-12-05,47.54,48.73,46.4,47.74,285931
IMP,2024-12-06,47.14,47.54,45.86,45.95,391115
IMP,2024-12-09,46.45,47.19,46.0,46.6,327225
IMP,2024-12-10,46.55,48.53,46.55,47.69,450443
IMP,2024-12-11,48.03,48.13,46.85,47.54,183486
IMP,2024-12-12,47.94,50.31,46.94,49.02,555074
IMP,2024-12-13,48.93,49.72,47.69,48.18,308746
IMP,2024-12-16,48.03,48.58,46.94,47.09,144221
IMP,2024-12-17,47.44,47.94,47.04,47.54,162315
IMP,2024-12-18,48.18,48.18,47.54,47.54,125717
IMP,2024-12-19,47.14,47.94,46.85,47.24,216346
IMP,2024-12-20,47.34,47.84,46.9,47.84,209593
IMP,2024-12-23,48.53,49.32,48.23,48.28,485908
IMP,2024-12-24,48.53,48.53,47.84,48.03,133735
IMP,2024-12-25,48.03,49.02,46.94,47.04,454783
IMP,2024-12-26,47.04,47.98,47.04,47.98,164036
IMP,2024-12-27,48.23,48.23,47.09,47.24,119061
IMP,2024-12-30,47.29,47.39,46.55,46.8,130641
IMP,2024-12-31,46.9,46.94,46.45,46.55,100621
IMP,2025-01-02,46.55,47.09,46.05,46.9,75413
IMP,2025-01-03,46.6,46.9,45.86,45.86,104915
IMP,2025-01-06,45.86,46.35,42.69,43.08,215064
IMP,2025-01-07,43.83,44.12,43.43,43.78,134983
IMP,2025-01-08,43.92,44.32,43.58,43.63,73635
IMP,2025-01-09,43.63,43.87,43.08,43.13,83607
IMP,2025-01-10,43.18,44.07,42.98,43.28,94616
IMP,2025-01-13,42.79,43.48,42.09,43.28,103071
IMP,2025-01-14,43.28,44.07,42.29,42.59,82924
IMP,2025-01-15,42.59,43.13,42.49,42.88,48500
IMP,2025-01-16,43.68,43.68,43.08,43.08,34162
IMP,2025-01-17,43.08,45.06,42.59,43.87,119293
IMP,2025-01-20,43.87,44.57,43.87,44.47,92399
IMP,2025-01-21,44.57,44.77,43.48,43.92,102614
IMP,2025-01-22,44.52,45.56,43.97,44.77,146676
IMP,2025-01-23,45.16,45.16,43.58,44.37,46738
IMP,2025-01-24,44.37,44.37,43.58,43.78,75772
IMP,2025-02-03,43.58,44.17,43.28,44.17,50341
IMP,2025-02-04,44.17,44.91,44.17,44.77,86143
IMP,2025-02-05,45.21,45.21,43.58,44.57,104945
IMP,2025-02-06,44.91,46.55,44.37,46.55,204502
IMP,2025-02-07,46.5,47.84,46.3,46.8,253554
IMP,2025-02-10,46.8,46.85,45.66,46.0,162625
IMP,2025-02-11,46.05,49.22,46.05,48.13,967867
IMP,2025-02-12,48.33,48.43,47.34,47.54,118296
IMP,2025-02-13,47.64,48.33,47.19,47.44,243459
IMP,2025-02-14,48.03,48.43,47.19,47.64,300268
IMP,2025-02-17,47.84,50.02,47.84,48.33,527377
IMP,2025-02-18,48.53,48.93,48.08,48.38,138075
IMP,2025-02-19,48.23,49.52,46.55,47.54,565352
IMP,2025-02-20,47.39,48.83,47.14,48.78,214002
IMP,2025-02-21,48.98,49.27,47.94,48.03,188950
IMP,2025-02-24,48.03,48.13,47.19,47.64,193270
IMP,2025-02-25,47.64,47.98,47.09,47.29,149756
IMP,2025-02-26,47.29,48.03,47.29,47.54,193237
IMP,2025-02-27,47.54,47.84,47.19,47.44,99668
IMP,2025-02-28,47.49,47.49,46.65,47.44,160051
IMP,2025-03-03,47.94,47.94,46.9,46.94,187548
IMP,2025-03-04,46.85,46.94,46.45,46.6,176073
IMP,2025-03-05,46.55,46.75,45.76,45.81,277377
IMP,2025-03-06,45.81,46.35,45.36,46.15,69903
IMP,2025-03-07,46.25,46.65,46.1,46.15,113726
IMP,2025-03-10,46.15,46.25,45.46,45.51,162411
IMP,2025-03-11,45.86,46.4,44.77,46.15,189685
IMP,2025-03-12,46.5,48.53,46.05,48.43,507506
IMP,2025-03-13,49.02,49.02,47.74,47.74,302930
IMP,2025-03-14,47.74,48.08,47.59,47.74,185528
IMP,2025-03-17,47.74,47.74,46.55,46.94,172294
IMP,2025-03-18,47.14,47.54,46.35,47.54,97835
IMP,2025-03-19,48.13,50.81,47.74,50.81,1272592
IMP,2025-03-20,52.0,52.0,50.31,51.5,407862
IMP,2025-03-21,52.0,52.79,51.1,51.1,374179
IMP,2025-03-24,51.1,51.1,47.54,47.54,1115274
IMP,2025-03-25,46.7,46.94,44.62,44.72,967781
IMP,2025-03-26,44.77,45.91,44.77,45.16,230099
IMP,2025-03-27,45.16,45.46,44.87,45.21,94449
IMP,2025-03-28,45.16,45.41,45.06,45.11,150948
IMP,2025-03-31,44.47,44.91,44.07,44.12,194859
IMP,2025-04-01,44.22,45.31,44.22,44.57,98154
IMP,2025-04-02,44.67,45.36,44.57,44.82,79914
IMP,2025-04-03,43.58,44.47,41.7,41.7,373795
IMP,2025-04-04,38.82,41.7,38.82,41.25,213012
IMP,2025-04-08,39.62,40.61,38.38,38.38,277602
IMP,2025-04-09,36.64,41.05,35.75,39.07,233478
IMP,2025-04-10,41.79,41.79,41.79,41.79,9699
IMP,2025-04-11,42.59,43.87,41.79,43.53,260990
IMP,2025-04-14,43.58,44.07,42.59,43.48,170273
IMP,2025-04-15,43.48,43.48,42.39,42.64,69410
IMP,2025-04-16,41.79,42.88,41.79,42.49,61824
IMP,2025-04-17,42.09,42.74,41.7,42.64,50559
IMP,2025-04-18,43.08,43.38,42.59,43.03,53818
IMP,2025-04-21,42.79,43.48,42.79,43.03,26520
IMP,2025-04-22,43.48,43.48,40.61,41.6,117893
IMP,2025-04-23,43.38,43.38,42.24,42.49,41468
IMP,2025-04-24,42.59,43.63,42.59,43.18,45930
IMP,2025-04-25,43.23,43.23,42.39,42.39,46533
IMP,2025-04-28,42.59,42.79,42.19,42.59,56279
IMP,2025-04-29,42.59,42.64,42.39,42.59,20585
IMP,2025-05-05,43.48,43.48,42.44,43.08,24358
IMP,2025-05-06,42.59,43.28,42.59,43.08,48481
IMP,2025-05-07,43.08,44.72,43.08,43.97,135329
IMP,2025-05-08,44.07,46.9,44.07,46.55,370440
IMP,2025-05-09,46.25,48.83,46.25,48.83,622083
IMP,2025-05-12,49.52,49.52,48.48,48.88,268459
IMP,2025-05-13,48.43,48.68,46.85,47.04,309566
IMP,2025-05-14,47.24,48.38,47.24,47.54,95234
IMP,2025-05-15,46.8,48.98,46.8,48.73,213241
IMP,2025-05-16,48.53,48.53,47.89,47.94,76892
IMP,2025-05-19,47.59,50.21,47.54,49.47,302464
IMP,2025-05-20,49.52,50.11,49.02,49.02,294690
IMP,2025-05-21,49.82,50.02,48.73,49.72,202867
IMP,2025-05-22,49.72,51.01,48.88,50.11,380531
IMP,2025-05-23,51.5,53.58,50.81,51.5,708196
IMP,2025-05-26,52.49,54.17,52.19,54.17,1263283
IMP,2025-05-27,54.17,54.27,52.19,52.29,307104
IMP,2025-05-28,52.0,52.0,50.31,50.71,551492
IMP,2025-05-29,51.2,52.29,50.91,51.9,190971
IMP,2025-05-30,51.9,52.69,51.2,51.5,169789
IMP,2025-06-02,52.0,52.1,51.2,52.0,197316
IMP,2025-06-03,52.29,52.29,51.3,51.5,131680
IMP,2025-06-04,51.5,51.6,51.01,51.2,251159
IMP,2025-06-05,51.2,51.6,51.2,51.5,213534
IMP,2025-06-06,51.6,51.7,51.1,51.7,174250
IMP,2025-06-09,51.3,51.5,50.1,50.4,200866
IMP,2025-06-10,50.5,51.1,50.2,50.7,72288
IMP,2025-06-11,50.5,51.2,50.4,50.5,69105
IMP,2025-06-12,51.0,51.0,50.4,50.9,51855
IMP,2025-06-13,50.7,51.0,50.4,50.4,119739
IMP,2025-06-16,50.4,52.0,50.4,51.6,115941
IMP,2025-06-17,51.7,52.3,51.1,51.6,67214
IMP,2025-06-18,51.6,51.6,50.9,51.3,63166
IMP,2025-06-19,51.3,51.3,50.5,51.3,52401
IMP,2025-06-20,51.1,51.8,51.1,51.6,65000
IMP,2025-06-23,50.6,51.2,50.6,51.1,62500
IMP,2025-06-24,51.3,51.5,50.9,51.3,34600
IMP,2025-06-25,51.3,51.3,50.9,51.2,39100
IMP,2025-06-26,51.6,51.6,50.7,51.1,44800
IMP,2025-06-27,50.7,51.4,50.7,51.4,77700
IMP,2025-06-30,51.9,52.0,51.2,51.6,43700
IMP,2025-07-01,51.2,51.6,51.2,51.6,70900
IMP,2025-07-02,52.0,54.0,51.9,52.0,282000
IMP,2025-07-03,52.0,52.8,51.4,51.6,121200
IMP,2025-07-04,51.9,52.0,51.3,52.0,94900
IMP,2025-07-07,52.3,52.8,51.8,52.0,93900
IMP,2025-07-08,52.0,52.7,51.8,52.2,116500
IMP,2025-07-09,51.9,53.8,51.9,52.6,252800
IMP,2025-07-10,53.0,53.8,52.3,52.7,72400
IMP,2025-07-11,52.8,52.8,51.8,51.9,145300
IMP,2025-07-14,52.0,52.4,51.7,51.8,97000
IMP,2025-07-15,52.3,52.3,51.5,51.9,250200
IMP,2025-07-16,51.9,52.0,51.7,51.8,130900
IMP,2025-07-17,51.9,51.9,51.6,51.8,189900
IMP,2025-07-18,52.1,52.1,51.5,51.7,169300
IMP,2025-07-21,52.4,53.2,51.8,52.0,272400
IMP,2025-07-22,52.0,52.6,51.8,52.2,112000
IMP,2025-07-23,52.2,53.1,52.0,52.0,168200
IMP,2025-07-24,52.5,52.5,51.8,52.0,173100
IMP,2025-07-25,51.8,52.0,51.7,51.9,118900
IMP,2025-07-28,52.1,52.5,51.7,51.9,145500
IMP,2025-07-29,51.9,52.0,51.0,51.0,337200
IMP,2025-07-30,51.5,51.5,50.5,50.5,180000
IMP,2025-07-31,50.5,52.0,50.3,52.0,154000
IMP,2025-08-01,52.5,53.5,51.8,52.7,233000
IMP,2025-08-04,52.5,54.7,52.5,54.3,458100
IMP,2025-08-05,54.9,54.9,53.2,53.8,163100
IMP,2025-08-06,53.4,53.7,52.2,52.6,144600
IMP,2025-08-07,52.7,53.0,52.2,52.4,72000
IMP,2025-08-08,52.3,54.0,52.1,53.9,259000
IMP,2025-08-11,54.0,54.3,53.0,53.1,60100
IMP,2025-08-12,53.4,53.7,52.6,53.0,62700
IMP,2025-08-13,53.5,54.9,52.6,54.6,455200
IMP,2025-08-14,55.0,55.1,53.7,54.0,82200
IMP,2025-08-15,53.6,55.7,53.3,55.0,974900
IMP,2025-08-18,55.1,55.6,53.8,54.9,128100
IMP,2025-08-19,54.9,56.5,53.9,54.3,184500
IMP,2025-08-20,54.3,54.3,51.8,52.8,323700
IMP,2025-08-21,52.8,54.3,52.1,54.0,317500
IMP,2025-08-22,53.9,53.9,52.5,53.2,38100
IMP,2025-08-25,53.2,54.0,51.9,52.7,166200
IMP,2025-08-26,52.1,52.7,52.1,52.6,52200
IMP,2025-08-27,52.6,53.9,52.4,52.5,94000
IMP,2025-08-28,52.5,53.0,52.3,52.3,51400
IMP,2025-08-29,52.3,54.0,51.5,53.8,248100
IMP,2025-09-03,52.1,54.9,52.1,54.7,127500
IMP,2025-09-04,54.1,55.0,53.1,54.7,103500
IMP,2025-09-05,54.7,54.7,53.6,53.8,33200
IMP,2025-09-08,54.4,55.5,52.8,55.4,210100
IMP,2025-09-09,55.9,55.9,54.4,54.9,39300
IMP,2025-09-10,55.0,55.5,54.4,54.5,74600
IMP,2025-09-11,54.7,55.9,54.4,54.4,209400
IMP,2025-09-12,54.4,54.9,54.2,54.5,65200
IMP,2025-09-15,54.5,55.0,54.0,54.6,71500
IMP,2025-09-16,54.6,54.6,53.2,53.3,118300
IMP,2025-09-17,53.1,54.0,53.1,54.0,24300
IMP,2025-09-18,53.3,54.0,53.0,53.1,34900
IMP,2025-09-19,53.1,53.5,53.1,53.4,8500
IMP,2025-09-22,53.7,53.7,52.7,53.2,51300
IMP,2025-09-23,53.2,53.3,52.9,53.3,10300
IMP,2025-09-24,53.0,53.2,52.7,53.1,18900
IMP,2025-09-25,53.0,53.5,52.8,53.2,22500
IMP,2025-09-26,53.2,53.2,52.6,53.0,50300
IMP,2025-09-29,53.0,53.1,52.6,52.7,22600
IMP,2025-09-30,52.7,52.9,52.2,52.9,60900
IMP,2025-10-01,52.9,53.1,52.5,53.0,21400
IMP,2025-10-02,52.7,52.8,52.4,52.5,31400
IMP,2025-10-03,52.2,52.9,52.2,52.5,10900
IMP,2025-10-06,52.5,52.8,52.4,52.4,25100
IMP,2025-10-07,52.4,52.4,52.2,52.4,20100
IMP,2025-10-08,52.4,52.6,52.1,52.1,34900
IMP,2025-10-09,52.7,52.7,51.2,52.0,50900
IMP,2025-10-10,52.0,52.0,51.2,51.9,41600
IMP,2025-10-13,51.9,51.9,50.8,51.0,42100
IMP,2025-10-14,51.0,51.9,50.5,50.7,59200
IMP,2025-10-15,50.7,51.0,50.7,51.0,24000
IMP,2025-10-16,51.0,51.0,50.4,50.6,17900
IMP,2025-10-17,50.6,51.3,50.3,50.6,28700
IMP,2025-10-20,50.6,50.6,48.0,48.0,71000
IMP,2025-10-21,48.3,50.0,48.3,49.5,37800
IMP,2025-10-22,49.5,50.4,49.25,49.75,21900
IMP,2025-10-23,49.65,50.0,48.9,49.5,16100
IMP,2025-10-24,49.5,49.5,47.0,49.0,63300
IMP,2025-10-27,49.3,49.3,48.0,48.95,30800
IMP,2025-10-28,48.95,49.2,47.5,48.95,69200
IMP,2025-10-29,48.95,49.0,48.75,48.8,31200
IMP,2025-10-30,48.75,48.75,47.35,48.55,111000
IMP,2025-10-31,48.5,50.1,48.0,50.1,54400
IMP,2025-11-03,50.0,50.0,47.5,49.5,61400
IMP,2025-11-04,49.0,49.4,48.6,48.95,38400
IMP,2025-11-05,49.0,49.0,48.2,48.85,41200
IMP,2025-11-06,49.0,49.5,48.85,49.45,16600
IMP,2025-11-07,49.4,49.4,48.5,48.65,37200
IMP,2025-11-10,49.1,49.5,49.0,49.3,62000
IMP,2025-11-11,49.45,49.5,49.0,49.25,22900
IMP,2025-11-12,49.25,49.75,49.0,49.45,14600
IMP,2025-11-13,49.8,49.8,48.0,48.0,110900
IMP,2025-11-14,48.3,49.0,48.3,48.7,17400
IMP,2025-11-17,48.7,48.8,47.45,48.3,211700
IMP,2025-11-18,48.0,48.4,48.0,48.4,14900
IMP,2025-11-19,48.4,48.45,47.0,47.25,152600
IMP,2025-11-20,47.25,47.6,47.2,47.25,85100
IMP,2025-11-21,47.25,47.25,45.95,46.1,128100
IMP,2025-11-24,46.1,47.35,46.1,47.3,33800
IMP,2025-11-25,47.3,47.5,46.2,47.0,157600
IMP,2025-11-26,46.5,47.45,46.5,47.4,21800
IMP,2025-11-27,47.4,47.8,47.0,47.5,103200
IMP,2025-11-28,47.5,47.75,47.5,47.6,24400
IMP,2025-12-01,47.5,49.3,46.3,49.3,188000
IMP,2025-12-02,49.45,50.6,49.45,50.4,97800
IMP,2025-12-03,50.8,50.8,49.5,50.1,77100
IMP,2025-12-04,50.1,50.1,49.6,50.1,33800
IMP,2025-12-05,50.1,50.4,49.7,50.2,51100
IMP,2025-12-08,50.0,50.2,48.6,49.2,265500
IMP,2025-12-09,49.4,49.65,48.75,49.1,58600
IMP,2025-12-10,49.1,49.1,48.5,48.7,61500
IMP,2025-12-11,48.05,49.5,48.0,49.0,21700
IMP,2025-12-12,49.0,49.0,48.2,48.6,6800
IMP,2025-12-15,48.0,48.55,48.0,48.55,34000
IMP,2025-12-16,48.6,49.0,48.1,49.0,34100
IMP,2025-12-17,49.3,50.0,48.15,49.6,70300
IMP,2025-12-18,49.3,49.55,48.5,49.5,13500
IMP,2025-12-19,48.9,50.5,48.6,49.9,99600
IMP,2025-12-22,49.9,50.5,49.9,50.3,52100
IMP,2025-12-23,50.3,50.5,50.0,50.2,60900
IMP,2025-12-24,49.1,50.1,49.1,50.1,7300
IMP,2025-12-25,50.0,50.6,50.0,50.6,34500
IMP,2025-12-26,50.6,50.6,49.2,50.5,71800
IMP,2025-12-29,50.4,50.7,50.0,50.7,34000
IMP,2025-12-30,50.7,52.4,50.7,51.7,103500
IMP,2025-12-31,51.7,53.2,51.7,52.5,96300
IME,2009-12-02,0.0,0.0,0.0,0.0,0
IME,2009-12-09,0.0,0.0,0.0,0.0,0
IME,2009-12-15,0.0,0.0,0.0,0.0,0
IME,2009-12-23,0.0,0.0,0.0,0.0,0
IME,2010-01-05,0.0,0.0,0.0,0.0,0
IME,2010-01-11,0.0,0.0,0.0,0.0,0
IME,2010-01-13,0.0,0.0,0.0,0.0,0
IME,2010-01-14,0.0,0.0,0.0,0.0,0
IME,2010-01-26,0.0,0.0,0.0,0.0,0
IME,2010-01-27,0.0,0.0,0.0,0.0,0
IME,2010-02-05,0.0,0.0,0.0,0.0,0
IME,2010-03-01,0.0,0.0,0.0,0.0,0
IME,2010-03-02,0.0,0.0,0.0,0.0,0
IME,2010-03-03,0.0,0.0,0.0,0.0,0
IME,2010-03-04,0.0,0.0,0.0,0.0,0
IME,2010-03-05,0.0,0.0,0.0,0.0,0
IME,2010-03-08,0.0,0.0,0.0,0.0,0
IME,2010-03-09,0.0,0.0,0.0,0.0,0
IME,2010-03-10,0.0,0.0,0.0,0.0,0
IME,2010-03-11,0.0,0.0,0.0,0.0,0
IME,2010-03-12,0.0,0.0,0.0,0.0,0
IME,2010-03-15,0.0,0.0,0.0,0.0,0
IME,2010-03-16,0.0,0.0,0.0,0.0,0
IME,2010-03-17,0.0,0.0,0.0,0.0,0
IME,2010-03-18,0.0,0.0,0.0,0.0,0
IME,2010-03-19,0.0,0.0,0.0,0.0,0
IME,2010-03-22,0.0,0.0,0.0,0.0,0
IME,2010-03-23,0.0,0.0,0.0,0.0,0
IME,2010-03-24,0.0,0.0,0.0,0.0,0
IME,2010-03-26,0.0,0.0,0.0,0.0,0
IME,2010-03-29,0.0,0.0,0.0,0.0,0
IME,2010-03-30,0.0,0.0,0.0,0.0,0
IME,2010-03-31,0.0,0.0,0.0,0.0,0
IME,2010-04-01,0.0,0.0,0.0,0.0,0
IME,2010-04-02,0.0,0.0,0.0,0.0,0
IME,2010-04-05,0.0,0.0,0.0,0.0,0
IME,2010-04-06,0.0,0.0,0.0,0.0,0
IME,2010-04-07,0.0,0.0,0.0,0.0,0
IME,2010-04-08,0.0,0.0,0.0,0.0,0
IME,2010-04-09,0.0,0.0,0.0,0.0,0
IME,2010-04-12,6.51,6.51,6.51,6.51,10388
IME,2010-04-13,6.51,6.51,6.51,6.51,8000
IME,2010-04-14,6.51,0.0,0.0,0.0,0
IME,2010-04-15,6.51,6.51,6.51,6.51,0
IME,2010-04-16,6.51,6.51,6.51,6.51,0
IME,2010-04-19,6.51,6.51,6.51,6.51,0
IME,2010-04-20,6.51,6.51,6.51,6.51,0
IME,2010-04-21,6.51,6.51,6.51,6.51,9000
IME,2010-04-22,6.51,6.51,6.51,6.51,0
IME,2010-04-26,7.05,7.05,7.05,7.05,650
IME,2010-04-27,7.16,7.16,7.16,7.16,6000
IME,2010-04-28,7.86,7.86,7.86,7.86,2000
IME,2010-04-29,7.86,7.86,7.86,7.86,0
IME,2010-05-04,7.86,7.86,7.86,7.86,0
IME,2010-05-05,7.86,7.86,7.86,7.86,0
IME,2010-05-06,7.86,7.86,7.86,7.86,0
IME,2010-05-07,7.86,7.86,7.86,7.86,0
IME,2010-05-10,7.86,7.86,7.86,7.86,0
IME,2010-05-11,7.86,7.86,7.86,7.86,0
IME,2010-05-12,7.86,7.86,7.86,7.86,0
IME,2010-05-13,7.86,7.86,7.86,7.86,0
IME,2010-05-14,7.86,7.86,7.86,7.86,0
IME,2010-05-17,7.86,7.86,7.86,7.86,0
IME,2010-05-18,7.86,7.86,7.86,0.0,5000
IME,2010-05-19,7.86,7.86,7.86,7.86,0
IME,2010-05-20,7.86,7.86,7.86,7.86,0
IME,2010-05-21,7.86,7.86,7.86,7.86,0
IME,2010-05-25,7.86,7.86,7.86,7.86,0
IME,2010-05-26,7.86,7.86,7.86,7.86,0
IME,2010-05-27,7.86,7.86,7.86,7.86,0
IME,2010-05-28,7.86,7.86,7.86,7.86,0
IME,2010-05-31,7.86,7.86,7.86,7.86,0
IME,2010-06-01,7.81,7.81,7.81,7.81,6000
IME,2010-06-02,6.51,6.51,6.51,6.51,0
IME,2010-06-03,7.05,7.05,7.05,7.05,1000
IME,2010-06-07,7.05,7.05,7.05,7.05,0
IME,2010-06-08,7.05,7.05,7.05,7.05,0
IME,2010-06-10,7.05,7.05,7.05,7.05,0
IME,2010-06-14,7.05,7.05,7.05,7.05,0
IME,2010-06-15,7.05,7.05,7.05,7.05,0
IME,2010-06-16,7.05,0.0,0.0,0.0,0
IME,2010-06-17,7.05,7.05,7.05,7.05,0
IME,2010-06-18,7.05,7.05,7.05,7.05,0
IME,2010-06-21,7.05,7.05,7.05,7.05,0
IME,2010-06-22,7.05,7.05,7.05,7.05,0
IME,2010-06-24,7.05,7.05,7.05,7.05,0
IME,2010-06-25,7.05,7.05,7.05,7.05,0
IME,2010-06-28,7.05,7.05,7.05,7.05,0
IME,2010-06-29,7.05,7.05,7.05,7.05,0
IME,2010-06-30,7.05,7.05,7.05,7.05,0
IME,2010-07-01,7.05,7.05,7.05,7.05,0
IME,2010-07-02,7.59,7.59,7.59,7.59,10000
IME,2010-07-05,8.35,8.35,8.35,8.35,1000
IME,2010-07-06,7.54,7.54,7.54,7.54,10
IME,2010-07-07,7.54,7.54,7.54,7.54,0
IME,2010-07-08,7.54,7.54,7.54,7.54,0
IME,2010-07-09,7.54,7.54,7.54,7.54,0
IME,2010-07-12,7.54,7.54,7.54,7.54,0
IME,2010-07-13,6.83,8.24,6.83,8.24,210
IME,2010-07-14,8.19,8.24,8.24,8.24,0
IME,2010-07-15,8.19,8.24,8.24,8.24,0
IME,2010-07-19,8.19,8.24,8.24,8.24,0
IME,2010-07-20,8.57,8.57,8.57,8.57,200
IME,2010-07-21,8.57,8.57,8.57,8.57,0
IME,2010-07-22,8.57,8.57,8.57,8.57,0
IME,2010-07-23,8.13,8.13,8.13,8.13,11000
IME,2010-07-26,8.13,8.13,8.13,8.13,0
IME,2010-07-27,8.13,8.13,8.13,8.13,0
IME,2010-07-28,8.13,8.13,8.13,8.13,0
IME,2010-07-29,8.13,8.13,8.13,8.13,0
IME,2010-07-30,8.13,0.0,0.0,0.0,0
IME,2010-08-02,8.13,8.13,8.13,8.13,0
IME,2010-08-04,8.13,8.13,8.13,8.13,0
IME,2010-08-05,8.13,0.0,0.0,0.0,0
IME,2010-08-06,8.13,8.13,8.13,8.13,0
IME,2010-08-09,7.32,7.32,7.32,7.32,1000
IME,2010-08-10,7.32,7.32,7.32,7.32,0
IME,2010-08-11,7.32,7.32,7.32,7.32,0
IME,2010-08-12,7.32,7.32,7.32,7.32,0
IME,2010-08-13,7.32,7.32,7.32,7.32,0
IME,2010-08-16,7.32,7.32,7.32,7.32,0
IME,2010-08-17,7.32,7.32,7.32,7.32,0
IME,2010-08-18,7.32,7.32,7.32,7.32,0
IME,2010-08-19,7.32,7.32,7.32,7.32,0
IME,2010-08-20,7.32,7.32,7.32,7.32,0
IME,2010-08-23,7.32,7.32,7.32,7.32,0
IME,2010-08-25,7.32,7.32,7.32,7.32,0
IME,2010-08-26,7.59,7.59,7.59,7.59,100
IME,2010-08-27,7.59,7.59,7.59,7.59,0
IME,2010-08-30,7.59,7.59,7.59,7.59,0
IME,2010-08-31,7.59,7.59,7.59,7.59,0
IME,2010-09-01,7.59,7.59,7.59,7.59,0
IME,2010-09-06,7.59,7.59,7.59,7.59,0
IME,2010-09-07,7.59,7.59,7.59,7.59,0
IME,2010-09-08,7.59,7.59,7.59,7.59,0
IME,2010-09-09,7.59,7.59,7.59,7.59,0
IME,2010-09-10,7.59,7.59,7.59,7.59,0
IME,2010-09-13,7.59,7.59,7.59,7.59,0
IME,2010-09-14,7.59,7.59,7.59,7.59,0
IME,2010-09-15,7.59,7.59,7.59,7.59,0
IME,2010-09-16,7.59,7.59,7.59,7.59,0
IME,2010-09-17,7.59,7.59,7.59,7.59,0
IME,2010-09-20,7.59,7.59,7.59,7.59,0
IME,2010-09-21,7.59,7.59,7.59,7.59,0
IME,2010-09-22,7.59,7.59,7.59,7.59,0
IME,2010-09-23,7.59,7.59,7.59,7.59,0
IME,2010-09-24,7.59,7.59,7.59,7.59,0
IME,2010-09-27,7.59,7.59,7.59,7.59,0
IME,2010-09-28,6.83,6.83,6.83,6.83,2000
IME,2010-09-29,6.83,6.83,6.83,6.83,0
IME,2010-09-30,6.83,6.83,6.83,6.83,0
IME,2010-10-01,6.83,6.83,6.83,6.83,0
IME,2010-10-04,6.83,6.83,6.83,6.83,0
IME,2010-10-05,6.83,6.83,6.83,6.83,0
IME,2010-10-06,6.83,6.83,6.83,6.83,0
IME,2010-10-07,6.83,6.83,6.83,6.83,0
IME,2010-10-08,6.83,6.83,6.83,6.83,0
IME,2010-10-11,6.18,6.18,6.18,6.18,200
IME,2010-10-12,6.18,6.18,6.18,6.18,0
IME,2010-10-13,6.18,6.18,6.18,6.18,0
IME,2010-10-14,6.18,6.18,6.18,6.18,0
IME,2010-10-15,5.58,5.58,5.58,5.58,2800
IME,2010-10-18,5.58,5.58,5.58,5.58,0
IME,2010-10-19,5.58,5.58,5.58,5.58,0
IME,2010-10-20,5.1,5.1,5.1,5.1,1000
IME,2010-10-21,5.1,5.1,5.1,5.1,0
IME,2010-10-22,5.1,5.1,5.1,5.1,0
IME,2010-10-25,4.66,4.66,4.61,4.61,2100
IME,2010-10-26,5.04,5.04,5.04,5.04,500
IME,2010-10-27,5.04,5.04,5.04,5.04,0
IME,2010-10-28,4.88,4.88,4.88,4.88,1500
IME,2010-10-29,4.88,4.88,4.88,4.88,0
IME,2010-11-01,4.66,4.66,4.66,4.66,200
IME,2010-11-02,4.66,4.66,4.66,4.66,0
IME,2010-11-03,4.66,4.66,4.66,4.66,0
IME,2010-11-04,4.66,4.66,4.66,4.66,0
IME,2010-11-05,5.1,5.1,5.1,5.1,100
IME,2010-11-08,5.1,5.1,5.1,5.1,0
IME,2010-11-09,5.1,5.1,5.1,5.1,0
IME,2010-11-10,5.1,5.1,5.1,5.1,0
IME,2010-11-11,5.1,5.1,5.1,5.1,0
IME,2010-11-12,5.1,5.1,5.1,5.1,0
IME,2010-11-15,5.42,5.42,5.15,5.15,2000
IME,2010-11-16,5.31,5.15,5.15,5.15,0
IME,2010-11-17,5.31,5.15,5.15,5.15,0
IME,2010-11-18,5.31,5.15,5.15,5.15,0
IME,2010-11-19,5.31,5.15,5.15,5.15,0
IME,2010-11-22,5.42,5.42,5.42,5.42,2500
IME,2010-11-23,5.15,5.15,5.15,5.15,300
IME,2010-11-24,5.31,5.31,5.31,5.31,700
IME,2010-11-25,5.31,5.31,5.31,5.31,0
IME,2010-11-26,5.2,5.2,5.15,5.15,1000
IME,2010-11-29,5.64,5.64,5.64,5.15,800
IME,2010-11-30,5.64,5.64,5.64,5.64,0
IME,2010-12-01,5.64,5.64,5.64,5.64,0
IME,2010-12-02,5.64,5.64,5.64,5.64,0
IME,2010-12-03,5.64,5.64,5.64,5.64,0
IME,2010-12-06,5.64,5.64,5.64,5.64,0
IME,2010-12-07,5.64,5.64,5.64,5.64,0
IME,2010-12-08,5.64,5.64,5.64,5.64,0
IME,2010-12-09,5.64,5.64,5.64,5.64,0
IME,2010-12-10,5.64,5.64,5.64,5.64,0
IME,2010-12-13,5.64,5.64,5.64,5.64,0
IME,2010-12-14,5.64,5.64,5.64,5.64,0
IME,2010-12-15,5.64,5.64,5.64,5.64,0
IME,2010-12-16,5.64,5.64,5.64,5.64,0
IME,2010-12-17,5.64,5.64,5.64,5.64,0
IME,2010-12-20,5.2,5.2,5.2,5.2,200
IME,2010-12-21,5.2,5.2,5.2,5.2,0
IME,2010-12-22,5.2,5.2,4.99,5.2,3700
IME,2010-12-23,5.2,5.2,5.2,5.2,1700
IME,2010-12-24,5.2,5.2,5.2,5.2,1100
IME,2010-12-27,5.2,5.2,5.2,5.2,0
IME,2010-12-28,5.2,5.26,5.2,5.2,4700
IME,2010-12-29,5.2,5.42,5.2,5.42,7600
IME,2010-12-30,5.26,5.26,5.26,5.26,100
IME,2010-12-31,5.26,5.26,5.15,5.15,5000
IME,2011-01-04,5.2,5.2,5.2,5.2,0
IME,2011-01-05,5.2,5.15,5.15,5.15,0
IME,2011-01-06,5.15,5.15,5.15,5.15,2000
IME,2011-01-07,5.1,5.1,5.1,5.15,200
IME,2011-01-10,5.1,5.15,5.15,5.15,0
IME,2011-01-11,5.1,5.1,5.1,5.1,0
IME,2011-01-12,5.1,5.1,5.1,5.1,0
IME,2011-01-13,5.1,5.15,5.1,5.1,2200
IME,2011-01-14,5.1,5.1,5.1,5.1,0
IME,2011-01-17,5.1,5.1,5.1,5.1,1000
IME,2011-01-18,5.1,5.1,5.1,5.1,0
IME,2011-01-19,5.1,5.1,5.1,5.1,0
IME,2011-01-20,5.1,5.1,5.1,5.1,0
IME,2011-01-21,5.1,5.1,5.1,5.1,0
IME,2011-01-24,5.1,5.1,5.1,5.1,0
IME,2011-01-25,5.1,5.1,5.1,5.1,0
IME,2011-01-26,5.1,5.1,5.1,5.1,0
IME,2011-01-27,5.1,5.1,5.1,5.1,0
IME,2011-01-28,5.1,5.1,5.1,5.1,0
IME,2011-02-08,5.1,5.1,5.1,5.1,0
IME,2011-02-09,5.1,5.1,5.1,5.1,0
IME,2011-02-10,5.1,5.1,5.1,5.1,0
IME,2011-02-11,5.42,5.58,5.42,5.58,200
IME,2011-02-14,4.82,5.58,5.58,5.58,0
IME,2011-02-15,4.82,5.58,5.58,5.58,0
IME,2011-02-16,5.26,5.26,5.26,5.26,100
IME,2011-02-17,5.26,5.26,5.26,5.26,0
IME,2011-02-18,5.26,5.26,5.26,5.26,0
IME,2011-02-21,5.26,5.26,5.26,5.26,0
IME,2011-02-22,5.26,5.26,5.26,5.26,0
IME,2011-02-23,5.26,5.26,5.26,5.26,0
IME,2011-02-24,5.26,5.26,5.26,5.26,0
IME,2011-02-25,5.26,5.26,5.26,5.26,0
IME,2011-02-28,5.26,5.26,5.26,5.26,0
IME,2011-03-01,5.26,5.26,5.26,5.26,0
IME,2011-03-02,5.26,5.26,5.26,5.26,0
IME,2011-03-03,5.26,5.26,5.26,5.26,0
IME,2011-03-04,5.26,5.26,5.26,5.26,0
IME,2011-03-07,5.26,5.26,5.26,5.26,0
IME,2011-03-08,4.77,4.77,4.77,4.77,400
IME,2011-03-09,4.39,4.39,4.39,4.39,100
IME,2011-03-10,4.34,4.77,4.34,4.77,200
IME,2011-03-11,4.55,4.77,4.77,4.77,0
IME,2011-03-14,4.55,4.77,4.77,4.77,0
IME,2011-03-15,4.55,4.77,4.77,4.77,0
IME,2011-03-16,4.55,4.77,4.77,4.77,0
IME,2011-03-17,4.55,4.77,4.77,4.77,0
IME,2011-03-18,4.55,4.77,4.77,4.77,0
IME,2011-03-21,4.55,4.77,4.77,4.77,0
IME,2011-03-22,4.55,4.77,4.77,4.77,0
IME,2011-03-23,4.55,4.77,4.77,4.77,0
IME,2011-03-24,4.88,4.88,4.88,4.88,5000
IME,2011-03-25,4.88,4.88,4.88,4.88,4800
IME,2011-03-28,4.88,4.88,4.88,4.88,0
IME,2011-03-29,4.88,4.88,4.88,4.88,0
IME,2011-03-30,4.88,4.88,4.88,4.88,1200
IME,2011-03-31,4.88,4.88,4.88,4.88,0
IME,2011-04-01,4.82,4.82,4.82,4.82,5000
IME,2011-04-04,4.82,4.82,4.82,4.82,8600
IME,2011-04-05,4.82,4.82,4.82,4.82,2000
IME,2011-04-06,4.82,4.82,4.82,4.82,0
IME,2011-04-07,4.82,4.82,4.82,4.82,0
IME,2011-04-08,4.82,4.82,4.82,4.82,500
IME,2011-04-13,4.82,4.82,4.82,4.82,0
IME,2011-04-14,4.82,4.82,4.82,4.82,0
IME,2011-04-15,4.82,4.82,4.82,4.82,0
IME,2011-04-18,4.82,4.82,4.82,4.82,0
IME,2011-04-19,4.82,4.82,4.82,4.82,500
IME,2011-04-20,4.82,4.82,4.82,4.82,0
IME,2011-04-21,4.82,4.82,4.82,4.82,1200
IME,2011-04-22,4.82,4.82,4.82,4.82,3000
IME,2011-04-25,4.82,4.82,4.82,4.82,0
IME,2011-04-26,4.82,4.82,4.82,4.82,0
IME,2011-04-27,4.82,4.82,4.82,4.82,0
IME,2011-04-28,4.82,4.82,4.82,4.82,0
IME,2011-04-29,4.82,4.82,4.82,4.82,0
IME,2011-05-04,4.82,4.88,4.82,4.88,2400
IME,2011-05-05,4.88,4.88,4.88,4.88,1000
IME,2011-05-06,5.15,5.15,5.15,5.15,1000
IME,2011-05-09,5.15,5.15,5.15,5.15,0
IME,2011-05-10,5.15,5.15,5.15,5.15,0
IME,2011-05-11,4.66,5.42,4.66,5.42,1600
IME,2011-05-12,5.69,5.69,5.69,5.69,1000
IME,2011-05-13,5.8,5.8,5.8,5.8,1000
IME,2011-05-16,5.8,5.8,5.8,5.8,1700
IME,2011-05-17,5.75,5.8,5.75,5.8,5900
IME,2011-05-18,5.69,5.8,5.69,5.8,2500
IME,2011-05-19,5.8,5.8,5.8,5.8,2700
IME,2011-05-20,5.8,5.8,5.8,5.8,0
IME,2011-05-23,5.8,5.8,5.8,5.8,0
IME,2011-05-24,5.8,5.8,5.8,5.8,0
IME,2011-05-25,5.8,5.8,5.8,5.8,0
IME,2011-05-26,5.8,5.8,5.8,5.8,0
IME,2011-05-27,5.8,5.8,5.8,5.8,0
IME,2011-05-30,5.8,5.8,5.8,5.8,0
IME,2011-05-31,5.8,5.8,5.8,5.8,0
IME,2011-06-01,5.42,5.42,5.42,5.42,1500
IME,2011-06-02,5.42,5.42,5.42,5.42,0
IME,2011-06-03,5.42,5.42,5.42,5.42,0
IME,2011-06-06,5.42,5.42,5.42,5.42,0
IME,2011-06-07,5.42,5.42,5.42,5.42,0
IME,2011-06-08,5.42,5.42,5.42,5.42,0
IME,2011-06-09,5.42,5.42,5.42,5.42,0
IME,2011-06-10,5.42,5.42,5.42,5.42,0
IME,2011-06-13,5.42,5.42,5.42,5.42,0
IME,2011-06-14,5.42,5.42,5.42,5.42,0
IME,2011-06-15,5.42,5.42,5.42,5.42,0
IME,2011-06-16,5.42,5.42,5.42,5.42,0
IME,2011-06-17,5.42,5.42,5.42,5.42,0
IME,2011-06-20,5.42,5.42,5.42,5.42,0
IME,2011-06-21,5.42,5.42,5.42,5.42,0
IME,2011-06-22,5.42,5.42,5.42,5.42,0
IME,2011-06-23,5.42,5.42,5.42,5.42,0
IME,2011-06-24,5.42,5.42,5.42,5.42,0
IME,2011-06-27,5.42,5.42,5.42,5.42,0
IME,2011-06-28,5.42,5.42,5.42,5.42,0
IME,2011-06-29,5.42,5.42,5.42,5.42,0
IME,2011-06-30,5.42,5.42,5.42,5.42,0
IME,2011-07-01,5.42,5.42,5.42,5.42,0
IME,2011-07-04,5.42,5.42,5.42,5.42,0
IME,2011-07-05,5.42,5.42,5.42,5.42,0
IME,2011-07-06,5.42,5.42,5.42,5.42,0
IME,2011-07-07,5.42,5.42,5.42,5.42,0
IME,2011-07-08,5.42,5.42,5.42,5.42,0
IME,2011-07-11,5.42,5.42,5.42,5.42,0
IME,2011-07-12,5.42,5.42,5.42,5.42,0
IME,2011-07-13,5.42,5.42,5.42,5.42,0
IME,2011-07-14,5.42,5.42,5.42,5.42,0
IME,2011-07-15,5.42,5.42,5.42,5.42,0
IME,2011-07-18,5.42,5.42,5.42,5.42,0
IME,2011-07-19,5.42,5.42,5.42,5.42,0
IME,2011-07-20,5.42,5.42,5.42,5.42,0
IME,2011-07-21,5.42,5.42,5.42,5.42,0
IME,2011-07-22,5.42,5.42,5.42,5.42,0
IME,2011-07-25,5.42,5.42,5.42,5.42,0
IME,2011-07-26,5.42,5.42,5.42,5.42,0
IME,2011-07-27,5.42,5.42,5.42,5.42,0
IME,2011-07-28,5.42,5.42,5.42,5.42,0
IME,2011-07-29,5.42,5.42,5.42,5.42,0
IME,2011-08-01,5.42,5.42,5.42,5.42,0
IME,2011-08-02,5.42,5.42,5.42,5.42,0
IME,2011-08-03,5.42,5.42,5.42,5.42,0
IME,2011-08-04,5.42,5.42,5.42,5.42,0
IME,2011-08-05,5.42,5.42,5.42,5.42,0
IME,2011-08-08,5.42,5.42,5.42,5.42,0
IME,2011-08-09,5.42,5.42,5.42,5.42,0
IME,2011-08-10,5.42,5.42,5.42,5.42,0
IME,2011-08-11,5.42,5.42,5.42,5.42,0
IME,2011-08-12,5.42,5.42,5.42,5.42,0
IME,2011-08-15,5.42,5.42,5.42,5.42,0
IME,2011-08-16,5.42,5.42,5.42,5.42,0
IME,2011-08-17,5.42,5.42,5.42,5.42,0
IME,2011-08-18,5.42,5.42,5.42,5.42,0
IME,2011-08-19,5.42,5.42,5.42,5.42,0
IME,2011-08-22,5.42,5.42,5.42,5.42,0
IME,2011-08-23,5.42,5.42,5.42,5.42,0
IME,2011-08-24,5.42,5.42,5.42,5.42,0
IME,2011-08-25,5.42,5.42,5.42,5.42,0
IME,2011-08-26,5.42,5.42,5.42,5.42,120000
IME,2011-08-29,5.42,5.42,5.42,5.42,0
IME,2011-08-30,5.42,5.42,5.42,5.42,0
IME,2011-08-31,5.42,5.42,5.42,5.42,0
IME,2011-09-01,5.42,5.42,5.42,5.42,0
IME,2011-09-05,5.42,5.42,5.42,5.42,0
IME,2011-09-06,5.42,5.42,5.42,5.42,0
IME,2011-09-07,5.42,5.42,5.42,5.42,0
IME,2011-09-08,5.42,5.42,5.42,5.42,0
IME,2011-09-09,5.42,5.42,5.42,5.42,0
IME,2011-09-12,5.42,5.42,5.42,5.42,0
IME,2011-09-13,5.42,5.42,5.42,5.42,0
IME,2011-09-14,5.42,5.42,5.42,5.42,0
IME,2011-09-15,5.42,5.42,5.42,5.42,0
IME,2011-09-16,5.15,5.15,5.15,5.15,1500
IME,2011-09-19,5.15,5.15,5.15,5.15,1500
IME,2011-09-20,5.15,5.15,5.15,5.15,1500
IME,2011-09-21,5.15,5.15,5.15,5.15,200
IME,2011-09-22,5.15,5.15,5.15,5.15,0
IME,2011-09-23,5.15,5.15,5.15,5.15,1500
IME,2011-09-26,5.15,5.15,5.15,5.15,1500
IME,2011-09-27,5.15,5.15,5.15,5.15,0
IME,2011-09-28,5.15,5.15,5.15,5.15,1500
IME,2011-09-29,5.15,5.15,5.15,5.15,1000
IME,2011-09-30,5.15,5.15,5.15,5.15,0
IME,2011-10-03,5.15,5.15,5.15,5.15,0
IME,2011-10-04,5.15,5.15,5.15,5.15,0
IME,2011-10-05,5.15,5.15,5.15,5.15,0
IME,2011-10-06,5.15,5.15,5.15,5.15,0
IME,2011-10-07,5.15,5.15,5.15,5.15,0
IME,2011-10-10,4.66,4.66,4.66,4.66,1000
IME,2011-10-11,4.66,4.66,4.66,4.66,0
IME,2011-10-12,4.66,4.66,4.66,4.66,0
IME,2011-10-13,4.66,4.66,4.66,4.66,0
IME,2011-10-14,4.66,4.66,4.66,4.66,0
IME,2011-10-17,4.66,4.66,4.66,4.66,0
IME,2011-10-18,4.66,4.66,4.66,4.66,0
IME,2011-10-19,4.66,4.66,4.66,4.66,0
IME,2011-10-20,4.66,4.66,4.66,4.66,0
IME,2011-10-21,4.66,4.66,4.66,4.66,0
IME,2011-10-24,4.66,4.66,4.66,4.66,0
IME,2011-10-25,4.66,4.66,4.66,4.66,0
IME,2011-10-26,4.66,4.66,4.66,4.66,0
IME,2011-10-27,4.66,4.66,4.66,4.66,0
IME,2011-10-28,4.66,4.66,4.66,4.66,0
IME,2011-10-31,4.66,4.66,4.66,4.66,0
IME,2011-11-01,4.66,4.66,4.66,4.66,0
IME,2011-11-02,4.66,4.66,4.66,4.66,0
IME,2011-11-03,4.66,4.66,4.66,4.66,0
IME,2011-11-04,4.66,4.66,4.66,4.66,0
IME,2011-11-07,4.66,4.66,4.66,4.66,0
IME,2011-11-08,5.1,5.1,5.1,5.1,1000
IME,2011-11-09,5.1,5.1,5.1,5.1,0
IME,2011-11-10,5.1,5.1,5.1,5.1,0
IME,2011-11-11,5.1,5.1,5.1,5.1,0
IME,2011-11-14,5.1,5.1,5.1,5.1,0
IME,2011-11-15,5.1,5.1,5.1,5.1,0
IME,2011-11-16,5.42,5.42,5.42,5.42,600
IME,2011-11-17,5.42,5.42,5.42,5.42,0
IME,2011-11-18,5.42,5.42,5.42,5.42,0
IME,2011-11-21,5.42,5.42,5.42,5.42,0
IME,2011-11-22,5.37,5.37,5.37,5.37,100
IME,2011-11-23,5.37,5.37,5.37,5.37,0
IME,2011-11-24,5.37,5.37,5.37,5.37,0
IME,2011-11-25,5.37,5.37,5.37,5.37,0
IME,2011-11-28,5.37,5.37,5.37,5.37,0
IME,2011-11-29,5.37,5.37,5.37,5.37,0
IME,2011-11-30,5.37,5.37,5.37,5.37,0
IME,2011-12-01,5.37,5.37,5.37,5.37,0
IME,2011-12-02,5.37,5.37,5.37,5.37,0
IME,2011-12-05,5.37,5.37,5.37,5.37,0
IME,2011-12-06,5.37,5.37,5.37,5.37,0
IME,2011-12-07,5.37,5.37,5.37,5.37,0
IME,2011-12-08,5.37,5.37,5.37,5.37,0
IME,2011-12-09,5.37,5.37,5.37,5.37,0
IME,2011-12-12,5.37,5.37,5.37,5.37,0
IME,2011-12-13,5.37,5.37,5.37,5.37,0
IME,2011-12-14,5.37,5.37,5.37,5.37,0
IME,2011-12-15,5.37,5.37,5.37,5.37,0
IME,2011-12-16,5.37,5.37,5.37,5.37,0
IME,2011-12-19,5.37,5.37,5.37,5.37,0
IME,2011-12-20,5.37,5.37,5.37,5.37,0
IME,2011-12-21,5.37,5.37,5.37,5.37,0
IME,2011-12-22,5.37,5.37,5.37,5.37,0
IME,2011-12-23,5.37,5.37,5.37,5.37,0
IME,2011-12-26,5.37,5.37,5.37,5.37,0
IME,2011-12-27,5.37,5.37,5.37,5.37,0
IME,2011-12-28,5.42,5.42,5.42,5.42,4900
IME,2011-12-29,5.42,5.42,5.42,5.42,0
IME,2011-12-30,5.42,5.42,5.42,5.42,0
IME,2012-01-03,5.42,5.42,5.42,5.42,0
IME,2012-01-04,5.42,5.42,5.42,5.42,0
IME,2012-01-05,5.42,5.42,5.42,5.42,0
IME,2012-01-06,5.42,5.42,5.42,5.42,0
IME,2012-01-09,5.42,5.42,5.42,5.42,0
IME,2012-01-10,5.42,5.42,5.42,5.42,0
IME,2012-01-11,5.42,5.42,5.42,5.42,0
IME,2012-01-12,5.42,5.42,5.42,5.42,0
IME,2012-01-16,5.42,5.42,5.42,5.42,0
IME,2012-01-17,5.42,5.42,5.42,5.42,0
IME,2012-01-18,5.42,5.42,5.42,5.42,0
IME,2012-01-19,5.42,5.42,5.42,5.42,0
IME,2012-01-20,5.42,5.42,5.42,5.42,0
IME,2012-01-30,5.42,5.42,5.42,5.42,0
IME,2012-01-31,5.42,5.42,5.42,5.42,0
IME,2012-02-01,5.42,5.42,5.42,5.42,0
IME,2012-02-02,5.42,5.42,5.42,5.42,0
IME,2012-02-03,5.42,5.42,5.42,5.42,0
IME,2012-02-06,5.42,5.42,5.42,5.42,0
IME,2012-02-07,5.42,5.42,5.42,5.42,0
IME,2012-02-08,5.42,5.42,5.42,5.42,0
IME,2012-02-09,5.42,5.42,5.42,5.42,0
IME,2012-02-10,5.42,5.42,5.42,5.42,0
IME,2012-02-13,5.42,5.42,5.42,5.42,0
IME,2012-02-14,5.42,5.42,5.42,5.42,0
IME,2012-02-15,5.42,5.42,5.42,5.42,0
IME,2012-02-16,5.42,5.42,5.42,5.42,0
IME,2012-02-17,5.42,5.42,5.42,5.42,0
IME,2012-02-20,5.42,5.42,5.42,5.42,0
IME,2012-02-21,5.42,5.42,5.42,5.42,0
IME,2012-02-22,5.42,5.42,5.42,5.42,0
IME,2012-02-23,5.42,5.42,5.42,5.42,0
IME,2012-02-24,5.42,5.42,5.42,5.42,0
IME,2012-02-27,5.42,5.42,5.42,5.42,0
IME,2012-02-28,5.42,5.42,5.42,5.42,0
IME,2012-02-29,5.42,5.42,5.42,5.42,0
IME,2012-03-01,5.42,5.42,5.42,5.42,0
IME,2012-03-02,5.42,5.42,5.42,5.42,0
IME,2012-03-05,5.42,5.42,5.42,5.42,5000
IME,2012-03-06,5.42,5.42,5.42,5.42,1500
IME,2012-03-07,5.42,5.42,5.42,5.42,3000
IME,2012-03-08,5.42,5.42,5.42,5.42,0
IME,2012-03-09,5.42,5.42,5.42,5.42,100
IME,2012-03-12,5.42,5.42,5.42,5.42,0
IME,2012-03-13,5.42,5.42,5.42,5.42,0
IME,2012-03-14,5.42,5.42,5.42,5.42,0
IME,2012-03-15,5.42,5.42,5.42,5.42,0
IME,2012-03-16,5.42,5.42,5.42,5.42,0
IME,2012-03-19,5.42,5.42,5.42,5.42,0
IME,2012-03-20,5.42,5.42,5.42,5.42,0
IME,2012-03-21,5.42,5.42,5.42,5.42,0
IME,2012-03-22,5.31,5.31,5.31,5.31,400
IME,2012-03-23,5.31,5.31,5.31,5.31,0
IME,2012-03-26,5.31,5.31,5.31,5.31,0
IME,2012-03-27,5.31,5.31,5.31,5.31,0
IME,2012-03-28,5.31,5.31,5.31,5.31,0
IME,2012-03-29,5.31,5.31,5.31,5.31,0
IME,2012-03-30,5.31,5.31,5.31,5.31,0
IME,2012-04-03,5.1,5.31,5.31,5.31,0
IME,2012-04-04,5.42,5.42,5.42,5.42,3000
IME,2012-04-05,5.42,5.42,5.42,5.42,0
IME,2012-04-06,5.42,5.42,5.42,5.42,0
IME,2012-04-09,5.42,5.42,5.42,5.42,0
IME,2012-04-10,5.42,5.42,5.42,5.42,1000
IME,2012-04-11,5.42,5.42,5.42,5.42,0
IME,2012-04-12,5.42,5.42,5.42,5.42,0
IME,2012-04-13,5.42,5.42,5.42,5.42,2900
IME,2012-04-16,5.42,5.42,5.42,5.42,0
IME,2012-04-17,5.42,5.42,5.42,5.42,0
IME,2012-04-18,5.42,5.42,5.42,5.42,0
IME,2012-04-19,5.42,5.42,5.42,5.42,0
IME,2012-04-20,5.42,5.42,5.42,5.42,0
IME,2012-04-23,5.42,5.42,5.42,5.42,1200
IME,2012-04-24,5.42,5.42,5.42,5.42,0
IME,2012-04-25,5.42,5.42,5.42,5.42,0
IME,2012-04-26,5.42,5.42,5.42,5.42,0
IME,2012-04-27,5.42,5.42,5.42,5.42,0
IME,2012-05-02,5.31,5.31,5.31,5.31,600
IME,2012-05-03,5.31,5.31,5.31,5.31,0
IME,2012-05-04,5.31,5.31,5.31,5.31,3000
IME,2012-05-07,5.31,5.31,5.31,5.31,200
IME,2012-05-08,5.31,5.31,5.26,5.26,1000
IME,2012-05-09,5.26,5.26,5.26,5.26,1000
IME,2012-05-10,5.26,5.26,5.26,5.26,2000
IME,2012-05-11,5.26,5.26,5.26,5.26,3800
IME,2012-05-14,5.26,5.26,5.26,5.26,0
IME,2012-05-15,5.26,5.26,5.26,5.26,0
IME,2012-05-16,5.31,5.31,5.31,5.31,200
IME,2012-05-17,5.31,5.31,5.31,5.31,700
IME,2012-05-18,5.31,5.31,5.26,5.26,3200
IME,2012-05-21,5.26,5.26,5.26,5.26,0
IME,2012-05-22,5.26,5.26,5.26,5.26,0
IME,2012-05-23,5.26,5.26,5.26,5.26,0
IME,2012-05-24,5.26,5.26,5.26,5.26,0
IME,2012-05-25,5.26,5.26,5.26,5.26,0
IME,2012-05-28,5.26,5.26,5.26,5.26,0
IME,2012-05-29,5.26,5.26,5.26,5.26,0
IME,2012-05-30,5.26,5.26,5.26,5.26,0
IME,2012-05-31,5.26,5.26,5.26,5.26,0
IME,2012-06-01,5.26,5.26,5.26,5.26,0
IME,2012-06-04,5.26,5.26,5.26,5.26,1000
IME,2012-06-05,5.26,5.26,5.26,5.26,0
IME,2012-06-06,5.42,5.42,5.42,5.42,36000
IME,2012-06-07,5.42,5.42,5.42,5.42,0
IME,2012-06-08,5.42,5.42,5.42,5.42,0
IME,2012-06-11,5.42,5.42,5.42,5.42,0
IME,2012-06-12,5.42,5.42,5.42,5.42,0
IME,2012-06-13,5.42,5.42,5.42,5.42,0
IME,2012-06-14,5.42,5.42,5.42,5.42,1800
IME,2012-06-15,5.42,5.42,5.42,5.42,0
IME,2012-06-18,5.42,5.42,5.42,5.42,0
IME,2012-06-19,5.42,5.42,5.42,5.42,0
IME,2012-06-20,5.42,5.42,5.42,5.42,0
IME,2012-06-21,5.42,5.42,5.42,5.42,0
IME,2012-06-22,5.42,5.42,5.42,5.42,0
IME,2012-06-25,5.42,5.42,5.42,5.42,0
IME,2012-06-26,5.42,5.42,5.42,5.42,0
IME,2012-06-27,5.42,5.42,5.42,5.42,0
IME,2012-06-28,5.42,5.42,5.42,5.42,0
IME,2012-06-29,5.42,5.42,5.42,5.42,0
IME,2012-07-02,5.42,5.42,5.42,5.42,0
IME,2012-07-03,5.42,5.42,5.42,5.42,0
IME,2012-07-04,5.42,5.42,5.42,5.42,0
IME,2012-07-05,5.42,5.42,5.42,5.42,36000
IME,2012-07-06,5.42,5.42,5.42,5.42,0
IME,2012-07-09,5.42,5.42,5.42,5.42,0
IME,2012-07-10,5.42,5.42,5.42,5.42,0
IME,2012-07-11,5.42,5.42,5.42,5.42,0
IME,2012-07-12,5.42,5.42,5.42,5.42,0
IME,2012-07-13,5.42,5.42,5.42,5.42,0
IME,2012-07-16,5.42,5.42,5.42,5.42,0
IME,2012-07-17,5.42,5.42,5.42,5.42,0
IME,2012-07-18,5.42,5.42,5.42,5.42,0
IME,2012-07-19,5.42,5.42,5.42,5.42,0
IME,2012-07-20,5.42,5.42,5.42,5.42,0
IME,2012-07-23,5.42,5.42,5.42,5.42,0
IME,2012-07-24,5.42,5.42,5.42,5.42,0
IME,2012-07-25,5.42,5.42,5.42,5.42,0
IME,2012-07-26,5.42,5.42,5.42,5.42,0
IME,2012-07-27,5.42,5.42,5.42,5.42,0
IME,2012-07-30,5.42,5.42,5.42,5.42,0
IME,2012-07-31,5.42,5.42,5.42,5.42,0
IME,2012-08-01,5.42,5.42,5.42,5.42,0
IME,2012-08-02,5.42,5.42,5.42,5.42,0
IME,2012-08-03,5.42,5.42,5.42,5.42,0
IME,2012-08-06,5.42,5.42,5.42,5.42,0
IME,2012-08-07,5.42,5.42,5.42,5.42,0
IME,2012-08-08,5.42,5.42,5.42,5.42,0
IME,2012-08-09,5.42,5.42,5.42,5.42,0
IME,2012-08-10,5.42,5.42,5.42,5.42,0
IME,2012-08-13,5.42,5.42,5.42,5.42,0
IME,2012-08-14,5.42,5.42,5.42,5.42,0
IME,2012-08-15,5.42,5.42,5.42,5.42,0
IME,2012-08-16,5.42,5.42,5.42,5.42,20000
IME,2012-08-17,5.42,5.42,5.42,5.42,0
IME,2012-08-20,5.42,5.42,5.42,5.42,0
IME,2012-08-21,5.42,5.42,5.42,5.42,0
IME,2012-08-22,5.42,5.42,5.42,5.42,0
IME,2012-08-23,5.42,5.42,5.42,5.42,0
IME,2012-08-24,5.42,5.42,5.42,5.42,0
IME,2012-08-27,5.42,5.42,5.42,5.42,0
IME,2012-08-28,5.42,5.42,5.42,5.42,0
IME,2012-08-29,5.42,5.42,5.42,5.42,0
IME,2012-08-30,5.53,5.53,5.53,5.53,1100
IME,2012-08-31,5.53,5.53,5.53,5.53,0
IME,2012-09-04,5.53,5.53,5.53,5.53,0
IME,2012-09-05,5.53,5.53,5.53,5.53,0
IME,2012-09-06,5.53,5.53,5.53,5.53,0
IME,2012-09-07,5.53,5.53,5.53,5.53,0
IME,2012-09-10,5.53,5.53,5.53,5.53,0
IME,2012-09-11,5.53,5.53,5.53,5.53,0
IME,2012-09-12,5.53,5.53,5.53,5.53,0
IME,2012-09-13,5.53,5.53,5.53,5.53,0
IME,2012-09-14,5.53,5.53,5.53,5.53,0
IME,2012-09-17,5.53,5.53,5.53,5.53,0
IME,2012-09-18,5.53,5.53,5.53,5.53,0
IME,2012-09-19,5.53,5.53,5.53,5.53,0
IME,2012-09-20,5.53,5.53,5.53,5.53,0
IME,2012-09-21,5.53,5.53,5.53,5.53,0
IME,2012-09-24,5.53,5.53,5.53,5.53,0
IME,2012-09-25,5.53,5.53,5.53,5.53,0
IME,2012-09-26,5.53,5.53,5.53,5.53,0
IME,2012-09-27,5.53,5.53,5.53,5.53,0
IME,2012-09-28,5.53,5.53,5.53,5.53,0
IME,2012-10-01,5.53,5.53,5.53,5.53,0
IME,2012-10-02,5.53,5.53,5.53,5.53,0
IME,2012-10-03,5.53,5.53,5.53,5.53,0
IME,2012-10-04,5.53,5.53,5.53,5.53,0
IME,2012-10-05,5.53,5.53,5.53,5.53,0
IME,2012-10-08,5.53,5.53,5.53,5.53,0
IME,2012-10-09,5.53,5.53,5.53,5.53,0
IME,2012-10-10,5.42,5.42,5.42,5.42,30000
IME,2012-10-11,5.42,5.42,5.42,5.42,0
IME,2012-10-12,5.42,5.42,5.42,5.42,0
IME,2012-10-15,5.42,5.42,5.42,5.42,0
IME,2012-10-16,5.42,5.42,5.42,5.42,0
IME,2012-10-17,5.42,5.42,5.42,5.42,0
IME,2012-10-18,5.42,5.42,5.42,5.42,0
IME,2012-10-19,5.42,5.42,5.42,5.42,0
IME,2012-10-22,5.42,5.42,5.42,5.42,0
IME,2012-10-23,5.42,5.42,5.42,5.42,0
IME,2012-10-24,5.37,5.37,5.37,5.37,100
IME,2012-10-25,5.53,5.53,5.53,5.53,100
IME,2012-10-26,5.53,5.53,5.53,5.53,0
IME,2012-10-29,5.53,5.53,5.53,5.53,0
IME,2012-10-30,5.53,5.53,5.53,5.53,0
IME,2012-10-31,5.53,5.53,5.53,5.53,0
IME,2012-11-01,5.53,5.53,5.53,5.53,0
IME,2012-11-02,5.53,5.53,5.53,5.53,0
IME,2012-11-05,5.53,5.53,5.53,5.53,0
IME,2012-11-06,5.53,5.53,5.53,5.53,0
IME,2012-11-07,5.53,5.53,5.53,5.53,0
IME,2012-11-08,5.53,5.53,5.53,5.53,0
IME,2012-11-09,5.53,5.53,5.53,5.53,0
IME,2012-11-12,5.53,5.53,5.53,5.53,0
IME,2012-11-13,5.53,5.53,5.53,5.53,0
IME,2012-11-14,5.53,5.53,5.53,5.53,0
IME,2012-11-15,5.53,5.53,5.53,5.53,0
IME,2012-11-16,5.53,5.53,5.53,5.53,0
IME,2012-11-19,5.53,5.53,5.53,5.53,0
IME,2012-11-20,5.53,5.53,5.53,5.53,0
IME,2012-11-21,5.53,5.53,5.53,5.53,0
IME,2012-11-22,5.53,5.53,5.53,5.53,0
IME,2012-11-23,5.53,5.53,5.53,5.53,0
IME,2012-11-26,5.53,5.53,5.53,5.53,0
IME,2012-11-27,5.53,5.53,5.53,5.53,0
IME,2012-11-28,5.53,5.53,5.53,5.53,0
IME,2012-11-29,5.53,5.53,5.53,5.53,0
IME,2012-11-30,5.53,5.53,5.53,5.53,0
IME,2012-12-03,5.53,5.53,5.53,5.53,2400
IME,2012-12-04,5.53,5.53,5.53,5.53,0
IME,2012-12-05,5.53,5.53,5.53,5.53,0
IME,2012-12-06,5.53,5.53,5.53,5.53,0
IME,2012-12-07,5.53,5.53,5.53,5.53,0
IME,2012-12-10,5.53,5.53,5.53,5.53,0
IME,2012-12-11,5.53,5.53,5.53,5.53,0
IME,2012-12-12,5.53,5.53,5.53,5.53,0
IME,2012-12-13,5.53,5.53,5.53,5.53,0
IME,2012-12-14,5.53,5.53,5.53,5.53,0
IME,2012-12-17,5.53,5.53,5.53,5.53,0
IME,2012-12-18,5.53,5.53,5.53,5.53,0
IME,2012-12-19,5.53,5.53,5.53,5.53,0
IME,2012-12-20,5.53,5.53,5.53,5.53,0
IME,2012-12-21,5.53,5.53,5.53,5.53,0
IME,2012-12-24,5.53,5.53,5.53,5.53,0
IME,2012-12-25,5.53,5.53,5.53,5.53,0
IME,2012-12-26,5.53,5.53,5.53,5.53,0
IME,2012-12-27,5.53,5.53,5.53,5.53,0
IME,2012-12-28,5.53,5.53,5.53,5.53,0
IME,2013-01-02,5.69,5.69,5.69,5.69,100
IME,2013-01-03,5.69,5.69,5.69,5.69,0
IME,2013-01-04,5.69,5.69,5.69,5.69,0
IME,2013-01-07,5.69,5.69,5.69,5.69,0
IME,2013-01-08,5.69,5.69,5.69,5.69,0
IME,2013-01-09,5.69,5.69,5.69,5.69,0
IME,2013-01-10,5.69,5.69,5.69,5.69,0
IME,2013-01-11,5.69,5.69,5.69,5.69,600
IME,2013-01-14,5.69,5.69,5.69,5.69,0
IME,2013-01-15,5.69,5.69,5.69,5.69,0
IME,2013-01-16,5.69,5.69,5.69,5.69,0
IME,2013-01-17,5.69,5.69,5.69,5.69,0
IME,2013-01-18,5.42,5.69,5.69,5.69,0
IME,2013-01-21,5.42,5.69,5.69,5.69,0
IME,2013-01-22,5.42,5.69,5.69,5.69,0
IME,2013-01-23,5.69,5.69,5.69,5.69,1000
IME,2013-01-24,5.69,5.69,5.69,5.69,0
IME,2013-01-25,5.69,5.69,5.69,5.69,0
IME,2013-01-28,5.69,5.69,5.69,5.69,4000
IME,2013-01-29,5.69,5.69,5.69,5.69,2600
IME,2013-01-30,5.69,5.69,5.69,5.69,0
IME,2013-01-31,5.69,5.69,5.69,5.69,0
IME,2013-02-01,5.69,5.69,5.69,5.69,0
IME,2013-02-04,5.69,5.69,5.69,5.69,0
IME,2013-02-05,5.69,5.69,5.69,5.69,0
IME,2013-02-06,5.69,5.69,5.69,5.69,0
IME,2013-02-07,5.69,5.69,5.69,5.69,0
IME,2013-02-08,5.69,5.69,5.69,5.69,0
IME,2013-02-18,5.69,5.69,5.69,5.69,0
IME,2013-02-19,5.69,5.69,5.69,5.69,0
IME,2013-02-20,5.69,5.69,5.69,5.69,0
IME,2013-02-21,5.69,5.69,5.69,5.69,0
IME,2013-02-22,5.69,5.69,5.69,5.69,0
IME,2013-02-25,5.69,5.69,5.69,5.69,0
IME,2013-02-26,5.69,5.69,5.69,5.69,0
IME,2013-02-27,5.69,5.69,5.69,5.69,0
IME,2013-02-28,5.69,5.69,5.69,5.69,0
IME,2013-03-01,5.69,5.69,5.69,5.69,0
IME,2013-03-04,5.69,5.69,5.69,5.69,0
IME,2013-03-05,5.69,5.69,5.69,5.69,0
IME,2013-03-06,5.69,5.69,5.69,5.69,0
IME,2013-03-07,5.69,5.69,5.69,5.69,0
IME,2013-03-08,5.69,5.69,5.69,5.69,0
IME,2013-03-11,5.69,5.69,5.69,5.69,0
IME,2013-03-12,5.69,5.69,5.69,5.69,0
IME,2013-03-13,5.69,5.69,5.69,5.69,0
IME,2013-03-14,5.69,5.69,5.69,5.69,0
IME,2013-03-15,5.69,5.69,5.69,5.69,0
IME,2013-03-18,5.69,5.69,5.69,5.69,0
IME,2013-03-19,5.69,5.69,5.69,5.69,0
IME,2013-03-20,5.69,5.69,5.69,5.69,0
IME,2013-03-21,5.69,5.69,5.69,5.69,0
IME,2013-03-22,5.69,5.69,5.69,5.69,0
IME,2013-03-25,5.69,5.69,5.69,5.69,0
IME,2013-03-26,5.69,5.69,5.69,5.69,0
IME,2013-03-27,5.69,5.69,5.69,5.69,0
IME,2013-03-28,5.69,5.69,5.69,5.69,0
IME,2013-03-29,5.69,5.69,5.69,5.69,0
IME,2013-04-01,5.69,5.69,5.69,5.69,0
IME,2013-04-02,5.69,5.69,5.69,5.69,0
IME,2013-04-03,5.69,5.69,5.69,5.69,0
IME,2013-04-04,5.69,5.69,5.69,5.69,0
IME,2013-04-05,5.69,5.69,5.69,5.69,0
IME,2013-04-08,5.69,5.69,5.69,5.69,0
IME,2013-04-09,5.69,5.69,5.69,5.69,0
IME,2013-04-10,5.69,5.69,5.69,5.69,0
IME,2013-04-11,5.69,5.69,5.69,5.69,0
IME,2013-04-12,5.69,5.69,5.69,5.69,0
IME,2013-04-15,5.69,5.69,5.69,5.69,0
IME,2013-04-16,5.69,5.69,5.69,5.69,0
IME,2013-04-17,5.69,5.69,5.69,5.69,0
IME,2013-04-18,5.69,5.69,5.69,5.69,0
IME,2013-04-22,5.69,5.69,5.69,5.69,0
IME,2013-04-23,5.69,5.69,5.69,5.69,0
IME,2013-04-24,5.69,5.69,5.69,5.69,0
IME,2013-04-25,5.69,5.69,5.69,5.69,0
IME,2013-04-26,5.69,5.69,5.69,5.69,0
IME,2013-05-02,5.69,5.69,5.69,5.69,0
IME,2013-05-03,5.69,5.69,5.69,5.69,0
IME,2013-05-06,5.69,5.69,5.69,5.69,0
IME,2013-05-07,5.69,5.69,5.69,5.69,0
IME,2013-05-08,5.69,5.69,5.69,5.69,0
IME,2013-05-09,5.69,5.69,5.69,5.69,0
IME,2013-05-10,5.69,5.69,5.69,5.69,0
IME,2013-05-13,5.69,5.69,5.69,5.69,0
IME,2013-05-14,5.69,5.69,5.69,5.69,0
IME,2013-05-15,5.69,5.69,5.69,5.69,0
IME,2013-05-16,5.69,5.69,5.69,5.69,0
IME,2013-05-17,5.69,5.69,5.69,5.69,0
IME,2013-05-20,5.69,5.69,5.69,5.69,0
IME,2013-05-21,5.69,5.69,5.69,5.69,0
IME,2013-05-22,5.69,5.69,5.69,5.69,0
IME,2013-05-23,5.69,5.69,5.69,5.69,0
IME,2013-05-24,5.69,5.69,5.69,5.69,0
IME,2013-05-27,5.69,5.69,5.69,5.69,0
IME,2013-05-28,5.69,5.69,5.69,5.69,0
IME,2013-05-29,5.69,5.69,5.69,5.69,0
IME,2013-05-30,5.69,5.69,5.69,5.69,0
IME,2013-05-31,5.69,5.69,5.69,5.69,0
IME,2013-06-03,5.69,5.69,5.69,5.69,0
IME,2013-06-04,5.69,5.69,5.69,5.69,0
IME,2013-06-05,5.69,5.69,5.69,5.69,0
IME,2013-06-06,5.69,5.69,5.69,5.69,0
IME,2013-06-07,5.69,5.69,5.69,5.69,0
IME,2013-06-10,5.69,5.69,5.69,5.69,0
IME,2013-06-11,5.69,5.69,5.69,5.69,0
IME,2013-06-12,5.69,5.69,5.69,5.69,0
IME,2013-06-13,5.69,5.69,5.69,5.69,0
IME,2013-06-14,5.69,5.69,5.69,5.69,0
IME,2013-06-17,5.69,5.69,5.69,5.69,0
IME,2013-06-18,5.69,5.69,5.69,5.69,0
IME,2013-06-19,5.69,5.69,5.69,5.69,0
IME,2013-06-20,5.69,5.69,5.69,5.69,0
IME,2013-06-21,5.69,5.69,5.69,5.69,0
IME,2013-06-24,5.69,5.69,5.69,5.69,0
IME,2013-06-25,5.69,5.69,5.69,5.69,0
IME,2013-06-26,5.69,5.69,5.69,5.69,0
IME,2013-06-27,5.69,5.69,5.69,5.69,0
IME,2013-06-28,5.69,5.69,5.69,5.69,0
IME,2013-07-01,5.69,5.69,5.69,5.69,0
IME,2013-07-02,5.69,5.69,5.69,5.69,0
IME,2013-07-03,5.69,5.69,5.69,5.69,0
IME,2013-07-04,5.69,5.69,5.69,5.69,0
IME,2013-07-05,5.69,5.69,5.69,5.69,0
IME,2013-07-08,5.69,5.69,5.69,5.69,0
IME,2013-07-09,5.69,5.69,5.69,5.69,0
IME,2013-07-10,5.69,5.69,5.69,5.69,0
IME,2013-07-11,5.69,5.69,5.69,5.69,0
IME,2013-07-12,5.69,5.69,5.69,5.69,0
IME,2013-07-15,5.69,5.69,5.69,5.69,0
IME,2013-07-16,5.69,5.69,5.69,5.69,0
IME,2013-07-17,5.69,5.69,5.69,5.69,0
IME,2013-07-18,5.69,5.69,5.69,5.69,0
IME,2013-07-19,5.69,5.69,5.69,5.69,0
IME,2013-07-22,5.69,5.69,5.69,5.69,0
IME,2013-07-23,5.69,5.69,5.69,5.69,0
IME,2013-07-24,5.69,5.69,5.69,5.69,0
IME,2013-07-25,5.69,5.69,5.69,5.69,0
IME,2013-07-26,5.69,5.69,5.69,5.69,0
IME,2013-07-29,5.69,5.69,5.69,5.69,0
IME,2013-07-30,5.69,5.69,5.69,5.69,0
IME,2013-07-31,5.69,5.69,5.69,5.69,0
IME,2013-08-01,5.69,5.69,5.69,5.69,0
IME,2013-08-02,5.69,5.69,5.69,5.69,0
IME,2013-08-05,5.69,5.69,5.69,5.69,0
IME,2013-08-06,5.69,5.69,5.69,5.69,0
IME,2013-08-07,5.69,5.69,5.69,5.69,0
IME,2013-08-08,5.69,5.69,5.69,5.69,0
IME,2013-08-09,5.69,5.69,5.69,5.69,0
IME,2013-08-12,5.69,5.69,5.69,5.69,0
IME,2013-08-13,5.69,5.69,5.69,5.69,0
IME,2013-08-14,5.69,5.69,5.69,5.69,0
IME,2013-08-15,5.69,5.69,5.69,5.69,0
IME,2013-08-16,5.69,5.69,5.69,5.69,0
IME,2013-08-19,5.69,5.69,5.69,5.69,0
IME,2013-08-20,5.69,5.69,5.69,5.69,0
IME,2013-08-21,5.69,5.69,5.69,5.69,0
IME,2013-08-22,5.69,5.69,5.69,5.69,0
IME,2013-08-23,5.69,5.69,5.69,5.69,0
IME,2013-08-26,5.69,5.69,5.69,5.69,0
IME,2013-08-27,5.69,5.69,5.69,5.69,0
IME,2013-08-28,5.69,5.69,5.69,5.69,0
IME,2013-08-29,5.69,5.69,5.69,5.69,0
IME,2013-08-30,5.69,5.69,5.69,5.69,0
IME,2013-09-03,5.69,5.69,5.69,5.69,0
IME,2013-09-04,5.69,5.69,5.69,5.69,0
IME,2013-09-05,5.69,5.69,5.69,5.69,0
IME,2013-09-06,5.69,5.69,5.69,5.69,0
IME,2013-09-09,5.69,5.69,5.69,5.69,0
IME,2013-09-10,5.69,5.69,5.69,5.69,0
IME,2013-09-11,5.69,5.69,5.69,5.69,0
IME,2013-09-12,5.69,5.69,5.69,5.69,0
IME,2013-09-13,5.69,5.69,5.69,5.69,0
IME,2013-09-16,5.69,5.69,5.69,5.69,0
IME,2013-09-17,5.69,5.69,5.69,5.69,0
IME,2013-09-18,5.69,5.69,5.69,5.69,0
IME,2013-09-19,5.69,5.69,5.69,5.69,0
IME,2013-09-20,5.69,5.69,5.69,5.69,0
IME,2013-09-23,5.69,5.69,5.69,5.69,0
IME,2013-09-24,5.69,5.69,5.69,5.69,0
IME,2013-09-25,5.69,5.69,5.69,5.69,0
IME,2013-09-26,5.69,5.69,5.69,5.69,0
IME,2013-09-27,5.69,5.69,5.69,5.69,0
IME,2013-09-30,5.69,5.69,5.69,5.69,0
IME,2013-10-01,5.69,5.69,5.69,5.69,0
IME,2013-10-02,5.69,5.69,5.69,5.69,0
IME,2013-10-03,5.69,5.69,5.69,5.69,0
IME,2013-10-04,5.69,5.69,5.69,5.69,0
IME,2013-10-07,3.42,3.42,3.42,3.42,700
IME,2013-10-08,3.42,3.42,3.42,3.42,0
IME,2013-10-09,3.42,3.42,3.42,3.42,0
IME,2013-10-10,3.42,3.42,3.42,3.42,0
IME,2013-10-11,3.74,3.74,3.74,3.74,500
IME,2013-10-14,3.74,3.74,3.74,3.74,0
IME,2013-10-15,4.07,4.07,4.07,4.07,500
IME,2013-10-16,4.07,4.07,4.07,4.07,0
IME,2013-10-17,4.45,4.45,4.45,4.45,500
IME,2013-10-18,4.88,4.88,4.88,4.88,500
IME,2013-10-21,5.37,5.37,5.37,5.37,500
IME,2013-10-22,5.37,5.37,5.37,5.37,0
IME,2013-10-23,5.37,5.37,5.37,5.37,0
IME,2013-10-24,5.37,5.37,5.37,5.37,0
IME,2013-10-25,5.69,5.69,5.69,5.69,500
IME,2013-10-28,5.69,5.69,5.69,5.69,0
IME,2013-10-29,5.69,5.69,5.69,5.69,0
IME,2013-10-30,5.69,5.69,5.69,5.69,0
IME,2013-10-31,5.69,5.69,5.69,5.69,0
IME,2013-11-01,5.69,5.69,5.69,5.69,0
IME,2013-11-04,5.69,5.69,5.69,5.69,0
IME,2013-11-05,5.69,5.69,5.69,5.69,2000
IME,2013-11-06,5.69,5.69,5.69,5.69,0
IME,2013-11-07,5.69,5.69,5.69,5.69,0
IME,2013-11-08,5.69,5.69,5.69,5.69,0
IME,2013-11-11,5.69,5.69,5.69,5.69,0
IME,2013-11-12,5.69,5.69,5.69,5.69,0
IME,2013-11-13,5.69,5.69,5.69,5.69,0
IME,2013-11-14,5.69,5.69,5.69,5.69,0
IME,2013-11-15,5.69,5.69,5.69,5.69,0
IME,2013-11-18,5.69,5.69,5.69,5.69,0
IME,2013-11-19,5.69,5.69,5.69,5.69,0
IME,2013-11-20,5.69,5.69,5.69,5.69,0
IME,2013-11-21,5.69,5.69,5.69,5.69,0
IME,2013-11-22,5.69,5.69,5.69,5.69,0
IME,2013-11-25,5.69,5.69,5.69,5.69,0
IME,2013-11-26,5.69,5.69,5.69,5.69,0
IME,2013-11-27,5.69,5.69,5.69,5.69,0
IME,2013-11-28,5.69,5.69,5.69,5.69,0
IME,2013-11-29,5.69,5.69,5.69,5.69,0
IME,2013-12-02,5.69,5.69,5.69,5.69,0
IME,2013-12-03,5.69,5.69,5.69,5.69,0
IME,2013-12-04,5.69,5.69,5.69,5.69,0
IME,2013-12-05,5.69,5.69,5.69,5.69,0
IME,2013-12-06,5.69,5.69,5.69,5.69,0
IME,2013-12-09,5.69,5.69,5.69,5.69,0
IME,2013-12-10,5.69,5.69,5.69,5.69,0
IME,2013-12-11,5.69,5.69,5.69,5.69,0
IME,2013-12-12,5.69,5.69,5.69,5.69,0
IME,2013-12-13,5.96,5.96,5.96,5.96,1600
IME,2013-12-16,5.96,5.96,5.96,5.96,0
IME,2013-12-17,5.96,5.96,5.96,5.96,0
IME,2013-12-18,5.96,5.96,5.96,5.96,0
IME,2013-12-19,5.69,5.69,5.69,5.69,1000
IME,2013-12-20,5.69,5.69,5.69,5.69,0
IME,2013-12-23,5.69,5.69,5.69,5.69,0
IME,2013-12-24,5.69,5.69,5.69,5.69,0
IME,2013-12-25,5.69,5.69,5.69,5.69,0
IME,2013-12-26,5.69,5.69,5.69,5.69,0
IME,2013-12-27,5.69,5.69,5.69,5.69,0
IME,2013-12-30,5.69,5.69,5.69,5.69,0
IME,2013-12-31,5.69,5.69,5.69,5.69,0
IME,2014-01-02,5.69,5.69,5.69,5.69,0
IME,2014-01-03,5.69,5.69,5.69,5.69,0
IME,2014-01-06,5.69,5.69,5.69,5.69,0
IME,2014-01-07,5.69,5.69,5.69,5.69,0
IME,2014-01-08,5.69,5.69,5.69,5.69,0
IME,2014-01-09,5.69,5.69,5.69,5.69,0
IME,2014-01-10,5.69,5.69,5.69,5.69,0
IME,2014-01-13,5.69,5.69,5.69,5.69,0
IME,2014-01-14,5.69,5.69,5.69,5.69,0
IME,2014-01-15,5.69,5.69,5.69,5.69,0
IME,2014-01-16,5.69,5.69,5.69,5.69,0
IME,2014-01-17,5.69,5.69,5.69,5.69,0
IME,2014-01-20,5.69,5.69,5.69,5.69,0
IME,2014-01-21,5.69,5.69,5.69,5.69,0
IME,2014-01-22,5.69,5.69,5.69,5.69,0
IME,2014-01-23,5.69,5.69,5.69,5.69,0
IME,2014-01-24,5.69,5.69,5.69,5.69,0
IME,2014-01-27,5.69,5.69,5.69,5.69,0
IME,2014-02-06,5.69,5.69,5.69,5.69,0
IME,2014-02-07,5.69,5.69,5.69,5.69,0
IME,2014-02-10,5.69,5.69,5.69,5.69,0
IME,2014-02-11,5.69,5.69,5.69,5.69,0
IME,2014-02-12,5.69,5.69,5.69,5.69,0
IME,2014-02-13,5.69,5.69,5.69,5.69,0
IME,2014-02-14,5.69,5.69,5.69,5.69,0
IME,2014-02-17,5.69,5.69,5.69,5.69,0
IME,2014-02-18,5.69,5.69,5.69,5.69,0
IME,2014-02-19,5.69,5.69,5.69,5.69,0
IME,2014-02-20,5.69,5.69,5.69,5.69,0
IME,2014-02-21,5.69,5.69,5.69,5.69,0
IME,2014-02-24,5.69,5.69,5.69,5.69,0
IME,2014-02-25,5.69,5.69,5.69,5.69,0
IME,2014-02-26,5.69,5.69,5.69,5.69,0
IME,2014-02-27,5.69,5.69,5.69,5.69,0
IME,2014-02-28,5.69,5.69,5.69,5.69,0
IME,2014-03-03,5.69,5.69,5.69,5.69,0
IME,2014-03-04,5.69,5.69,5.69,5.69,0
IME,2014-03-05,5.69,5.69,5.69,5.69,0
IME,2014-03-06,5.69,5.69,5.69,5.69,0
IME,2014-03-07,5.69,5.69,5.69,5.69,0
IME,2014-03-10,5.69,5.69,5.69,5.69,0
IME,2014-03-11,5.69,5.69,5.69,5.69,0
IME,2014-03-12,5.69,5.69,5.69,5.69,0
IME,2014-03-13,5.69,5.69,5.69,5.69,0
IME,2014-03-14,5.69,5.69,5.69,5.69,0
IME,2014-03-17,5.69,5.69,5.69,5.69,0
IME,2014-03-18,5.69,5.69,5.69,5.69,0
IME,2014-03-19,5.69,5.69,5.69,5.69,0
IME,2014-03-20,5.69,5.69,5.69,5.69,0
IME,2014-03-21,5.69,5.69,5.69,5.69,0
IME,2014-03-24,5.69,5.69,5.69,5.69,0
IME,2014-03-25,5.69,5.69,5.69,5.69,0
IME,2014-03-26,5.69,5.69,5.69,5.69,0
IME,2014-03-27,5.69,5.69,5.69,5.69,0
IME,2014-03-28,5.69,5.69,5.69,5.69,0
IME,2014-03-31,5.69,5.69,5.69,5.69,0
IME,2014-04-01,5.69,5.69,5.69,5.69,0
IME,2014-04-02,5.69,5.69,5.69,5.69,0
IME,2014-04-03,5.69,5.69,5.69,5.69,0
IME,2014-04-04,5.69,5.69,5.69,5.69,0
IME,2014-04-07,5.69,5.69,5.69,5.69,0
IME,2014-04-08,5.69,5.69,5.69,5.69,0
IME,2014-04-10,5.69,5.69,5.69,5.69,0
IME,2014-04-11,5.69,5.69,5.69,5.69,0
IME,2014-04-14,5.69,5.69,5.69,5.69,0
IME,2014-04-15,5.69,5.69,5.69,5.69,0
IME,2014-04-16,5.69,5.69,5.69,5.69,0
IME,2014-04-17,5.69,5.69,5.69,5.69,0
IME,2014-04-18,5.69,5.69,5.69,5.69,0
IME,2014-04-21,6.23,6.51,6.23,6.51,2000
IME,2014-04-22,6.51,6.37,6.37,6.37,0
IME,2014-04-23,6.51,6.51,6.51,6.51,0
IME,2014-04-24,6.51,6.51,6.51,6.51,0
IME,2014-04-25,6.51,6.51,6.51,6.51,0
IME,2014-04-28,6.51,6.51,6.51,6.51,0
IME,2014-04-29,6.51,6.51,6.51,6.51,0
IME,2014-05-05,6.51,6.51,6.51,6.51,0
IME,2014-05-06,6.51,6.51,6.51,6.51,4000
IME,2014-05-07,6.51,6.51,6.51,6.51,0
IME,2014-05-08,6.51,6.51,6.51,6.51,200
IME,2014-05-09,6.51,6.51,6.51,6.51,0
IME,2014-05-12,6.51,6.51,6.51,6.51,0
IME,2014-05-13,6.51,6.51,6.51,6.51,0
IME,2014-05-14,6.51,6.51,6.51,6.51,0
IME,2014-05-15,6.51,6.51,6.51,6.51,0
IME,2014-05-16,6.51,6.51,6.51,6.51,0
IME,2014-05-19,6.51,6.51,6.51,6.51,0
IME,2014-05-20,6.51,6.51,6.51,6.51,0
IME,2014-05-21,6.51,6.51,6.51,6.51,0
IME,2014-05-22,6.51,6.51,6.51,6.51,0
IME,2014-05-23,6.51,6.51,6.51,6.51,0
IME,2014-05-26,6.51,6.51,6.51,6.51,0
IME,2014-05-27,6.51,6.51,6.51,6.51,0
IME,2014-05-28,6.51,6.51,6.51,6.51,0
IME,2014-05-29,6.51,6.51,6.51,6.51,0
IME,2014-05-30,6.51,6.51,6.51,6.51,0
IME,2014-06-02,6.51,6.51,6.51,6.51,0
IME,2014-06-03,6.51,6.51,6.51,6.51,0
IME,2014-06-04,6.51,6.51,6.51,6.51,0
IME,2014-06-05,6.51,6.51,6.51,6.51,0
IME,2014-06-06,6.51,6.51,6.51,6.51,0
IME,2014-06-09,6.51,6.51,6.51,6.51,0
IME,2014-06-10,6.51,6.51,6.51,6.51,0
IME,2014-06-11,6.51,6.51,6.51,6.51,0
IME,2014-06-12,6.51,6.51,6.51,6.51,0
IME,2014-06-13,6.51,6.51,6.51,6.51,0
IME,2014-06-16,6.51,6.51,6.51,6.51,0
IME,2014-06-17,6.51,6.51,6.51,6.51,0
IME,2014-06-18,6.51,6.51,6.51,6.51,0
IME,2014-06-19,6.51,6.51,6.51,6.51,0
IME,2014-06-20,6.51,6.51,6.51,6.51,0
IME,2014-06-23,6.51,6.51,6.51,6.51,0
IME,2014-06-24,6.51,6.51,6.51,6.51,0
IME,2014-06-25,6.51,6.51,6.51,6.51,0
IME,2014-06-26,6.51,6.51,6.51,6.51,0
IME,2014-06-27,6.51,6.51,6.51,6.51,0
IME,2014-06-30,6.51,6.51,6.51,6.51,0
IME,2014-07-01,6.51,6.51,6.51,6.51,0
IME,2014-07-02,6.51,6.51,6.51,6.51,0
IME,2014-07-03,6.51,6.51,6.51,6.51,0
IME,2014-07-04,6.51,6.51,6.51,6.51,0
IME,2014-07-07,6.51,6.51,6.51,6.51,0
IME,2014-07-08,6.51,6.51,6.51,6.51,0
IME,2014-07-09,6.51,6.51,6.51,6.51,0
IME,2014-07-10,6.51,6.51,6.51,6.51,0
IME,2014-07-11,6.51,6.51,6.51,6.51,0
IME,2014-07-14,6.51,6.51,6.51,6.51,0
IME,2014-07-15,6.51,6.51,6.51,6.51,0
IME,2014-07-16,6.51,6.51,6.51,6.51,0
IME,2014-07-17,6.51,6.51,6.51,6.51,0
IME,2014-07-18,6.51,6.51,6.51,6.51,0
IME,2014-07-21,6.51,6.51,6.51,6.51,0
IME,2014-07-22,6.51,6.51,6.51,6.51,0
IME,2014-07-23,6.51,6.51,6.51,6.51,0
IME,2014-07-24,6.51,6.51,6.51,6.51,0
IME,2014-07-25,6.51,6.51,6.51,6.51,0
IME,2014-07-28,6.51,6.51,6.51,6.51,0
IME,2014-07-29,6.51,6.51,6.51,6.51,0
IME,2014-07-30,6.51,6.51,6.51,6.51,0
IME,2014-07-31,6.51,6.51,6.51,6.51,0
IME,2014-08-01,6.51,6.51,6.51,6.51,0
IME,2014-08-04,6.51,6.51,6.51,6.51,0
IME,2014-08-05,6.51,6.51,6.51,6.51,0
IME,2014-08-06,6.51,6.51,6.51,6.51,0
IME,2014-08-07,6.51,6.51,6.51,6.51,0
IME,2014-08-08,6.51,6.51,6.51,6.51,0
IME,2014-08-11,6.51,6.51,6.51,6.51,0
IME,2014-08-12,6.51,6.51,6.51,6.51,0
IME,2014-08-13,6.51,6.51,6.51,6.51,0
IME,2014-08-14,6.51,6.51,6.51,6.51,0
IME,2014-08-15,5.42,5.42,5.42,5.42,39000
IME,2014-08-18,5.42,5.42,5.42,5.42,0
IME,2014-08-19,5.42,5.42,5.42,5.42,0
IME,2014-08-20,5.42,5.42,5.42,5.42,0
IME,2014-08-21,5.42,5.42,5.42,5.42,0
IME,2014-08-22,5.42,5.42,5.42,5.42,0
IME,2014-08-25,5.42,5.42,5.42,5.42,0
IME,2014-08-26,5.42,5.42,5.42,5.42,0
IME,2014-08-27,5.42,5.42,5.42,5.42,0
IME,2014-08-28,5.42,5.42,5.42,5.42,0
IME,2014-08-29,5.42,5.42,5.42,5.42,0
IME,2014-09-03,5.42,5.42,5.42,5.42,0
IME,2014-09-04,5.42,5.42,5.42,5.42,0
IME,2014-09-05,5.42,5.42,5.42,5.42,0
IME,2014-09-08,5.42,5.42,5.42,5.42,0
IME,2014-09-09,5.42,5.42,5.42,5.42,0
IME,2014-09-10,5.42,5.42,5.42,5.42,0
IME,2014-09-11,5.42,5.42,5.42,5.42,0
IME,2014-09-12,5.42,5.42,5.42,5.42,0
IME,2014-09-15,5.42,5.42,5.42,5.42,0
IME,2014-09-16,5.42,5.42,5.42,5.42,0
IME,2014-09-17,5.42,5.42,5.42,5.42,0
IME,2014-09-18,5.42,5.42,5.42,5.42,0
IME,2014-09-19,5.42,5.42,5.42,5.42,0
IME,2014-09-22,5.42,5.42,5.42,5.42,0
IME,2014-09-23,5.42,5.42,5.42,5.42,0
IME,2014-09-24,5.42,5.42,5.42,5.42,0
IME,2014-09-25,5.42,5.42,5.42,5.42,0
IME,2014-09-26,5.42,5.42,5.42,5.42,0
IME,2014-09-29,5.42,5.42,5.42,5.42,0
IME,2014-09-30,5.42,5.42,5.42,5.42,0
IME,2014-10-01,5.42,5.42,5.42,5.42,0
IME,2014-10-02,5.42,5.42,5.42,5.42,0
IME,2014-10-03,5.42,5.42,5.42,5.42,0
IME,2014-10-06,5.42,5.42,5.42,5.42,0
IME,2014-10-07,5.42,5.42,5.42,5.42,0
IME,2014-10-08,5.42,5.42,5.42,5.42,0
IME,2014-10-09,5.42,5.42,5.42,5.42,0
IME,2014-10-10,5.42,5.42,5.42,5.42,0
IME,2014-10-13,5.42,5.42,5.42,5.42,0
IME,2014-10-14,5.42,5.42,5.42,5.42,0
IME,2014-10-15,5.42,5.42,5.42,5.42,0
IME,2014-10-16,5.42,5.42,5.42,5.42,0
IME,2014-10-17,5.42,5.42,5.42,5.42,0
IME,2014-10-20,5.42,5.42,5.42,5.42,0
IME,2014-10-21,5.42,5.42,5.42,5.42,0
IME,2014-10-22,5.42,5.42,5.42,5.42,0
IME,2014-10-23,5.42,5.42,5.42,5.42,0
IME,2014-10-24,5.42,5.42,5.42,5.42,0
IME,2014-10-27,5.42,5.42,5.42,5.42,0
IME,2014-10-28,5.42,5.42,5.42,5.42,0
IME,2014-10-29,5.42,5.42,5.42,5.42,0
IME,2014-10-30,5.42,5.42,5.42,5.42,0
IME,2014-10-31,5.42,5.42,5.42,5.42,0
IME,2014-11-03,5.42,5.42,5.42,5.42,0
IME,2014-11-04,5.42,5.42,5.42,5.42,0
IME,2014-11-05,5.42,5.42,5.42,5.42,0
IME,2014-11-06,5.42,5.42,5.42,5.42,0
IME,2014-11-07,5.42,5.42,5.42,5.42,0
IME,2014-11-10,5.42,5.42,5.42,5.42,0
IME,2014-11-11,5.42,5.42,5.42,5.42,0
IME,2014-11-12,5.42,5.42,5.42,5.42,0
IME,2014-11-13,5.42,5.42,5.42,5.42,0
IME,2014-11-14,5.42,5.42,5.42,5.42,0
IME,2014-11-17,5.42,5.42,5.42,5.42,0
IME,2014-11-18,5.42,5.42,5.42,5.42,0
IME,2014-11-19,5.42,5.42,5.42,5.42,0
IME,2014-11-20,5.42,5.42,5.42,5.42,0
IME,2014-11-21,5.42,5.42,5.42,5.42,0
IME,2014-11-24,5.42,5.42,5.42,5.42,0
IME,2014-11-25,5.42,5.42,5.42,5.42,0
IME,2014-11-26,5.42,5.42,5.42,5.42,0
IME,2014-11-27,5.42,5.42,5.42,5.42,0
IME,2014-11-28,5.42,5.42,5.42,5.42,0
IME,2014-12-01,5.42,5.42,5.42,5.42,0
IME,2014-12-02,5.42,5.42,5.42,5.42,0
IME,2014-12-03,5.42,5.42,5.42,5.42,0
IME,2014-12-04,5.42,5.42,5.42,5.42,0
IME,2014-12-05,5.42,5.42,5.42,5.42,0
IME,2014-12-08,5.42,5.42,5.42,5.42,0
IME,2014-12-09,5.42,5.42,5.42,5.42,0
IME,2014-12-10,5.42,5.42,5.42,5.42,0
IME,2014-12-11,5.42,5.42,5.42,5.42,0
IME,2014-12-12,5.42,5.42,5.42,5.42,0
IME,2014-12-15,5.42,5.42,5.42,5.42,0
IME,2014-12-16,5.42,5.42,5.42,5.42,0
IME,2014-12-17,5.42,5.42,5.42,5.42,0
IME,2014-12-18,5.42,5.42,5.42,5.42,0
IME,2014-12-19,5.42,5.42,5.42,5.42,0
IME,2014-12-22,5.42,5.42,5.42,5.42,0
IME,2014-12-23,5.42,5.42,5.42,5.42,0
IME,2014-12-24,5.42,5.42,5.42,5.42,0
IME,2014-12-25,5.42,5.42,5.42,5.42,0
IME,2014-12-26,5.42,5.42,5.42,5.42,0
IME,2014-12-29,5.42,5.42,5.42,5.42,0
IME,2014-12-30,5.42,5.42,5.42,5.42,0
IME,2014-12-31,5.42,5.42,5.42,5.42,0
IME,2015-01-05,5.42,5.42,5.42,5.42,0
IME,2015-01-06,5.42,5.42,5.42,5.42,0
IME,2015-01-07,5.42,5.42,5.42,5.42,0
IME,2015-01-08,5.42,5.42,5.42,5.42,0
IME,2015-01-09,5.42,5.42,5.42,5.42,0
IME,2015-01-12,5.42,5.42,5.42,5.42,0
IME,2015-01-13,5.42,5.42,5.42,5.42,0
IME,2015-01-14,5.42,5.42,5.42,5.42,0
IME,2015-01-15,5.42,5.42,5.42,5.42,0
IME,2015-01-16,5.42,5.42,5.42,5.42,0
IME,2015-01-19,5.42,5.42,5.42,5.42,0
IME,2015-01-20,5.42,5.42,5.42,5.42,0
IME,2015-01-21,5.42,5.42,5.42,5.42,0
IME,2015-01-22,5.42,5.42,5.42,5.42,0
IME,2015-01-23,5.42,5.42,5.42,5.42,0
IME,2015-01-26,5.42,5.42,5.42,5.42,0
IME,2015-01-27,5.42,5.42,5.42,5.42,0
IME,2015-01-28,5.42,5.42,5.42,5.42,0
IME,2015-01-29,5.42,5.42,5.42,5.42,0
IME,2015-01-30,5.42,5.42,5.42,5.42,0
IME,2015-02-02,5.42,5.42,5.42,5.42,0
IME,2015-02-03,5.42,5.42,5.42,5.42,0
IME,2015-02-04,5.42,5.42,5.42,5.42,0
IME,2015-02-05,5.42,5.42,5.42,5.42,0
IME,2015-02-06,5.42,5.42,5.42,5.42,0
IME,2015-02-09,5.42,5.42,5.42,5.42,0
IME,2015-02-10,5.42,5.42,5.42,5.42,0
IME,2015-02-11,5.42,5.42,5.42,5.42,0
IME,2015-02-12,5.42,5.42,5.42,5.42,0
IME,2015-02-13,5.42,5.42,5.42,5.42,0
IME,2015-02-24,5.42,5.42,5.42,5.42,0
IME,2015-02-25,5.42,5.42,5.42,5.42,0
IME,2015-02-26,5.42,5.42,5.42,5.42,0
IME,2015-02-27,5.42,5.42,5.42,5.42,0
IME,2015-03-02,5.42,5.42,5.42,5.42,0
IME,2015-03-03,5.42,5.42,5.42,5.42,0
IME,2015-03-04,5.42,5.42,5.42,5.42,0
IME,2015-03-05,5.42,5.42,5.42,5.42,0
IME,2015-03-06,5.42,5.42,5.42,5.42,0
IME,2015-03-09,5.42,5.42,5.42,5.42,0
IME,2015-03-10,5.42,5.42,5.42,5.42,0
IME,2015-03-11,5.42,5.42,5.42,5.42,0
IME,2015-03-12,5.42,5.42,5.42,5.42,0
IME,2015-03-13,5.42,5.42,5.42,5.42,0
IME,2015-03-16,5.42,5.42,5.42,5.42,0
IME,2015-03-17,5.42,5.42,5.42,5.42,0
IME,2015-03-18,5.42,5.42,5.42,5.42,0
IME,2015-03-19,5.42,5.42,5.42,5.42,0
IME,2015-03-20,5.42,5.42,5.42,5.42,0
IME,2015-03-23,5.42,5.42,5.42,5.42,0
IME,2015-03-24,5.42,5.42,5.42,5.42,0
IME,2015-03-25,5.42,5.42,5.42,5.42,0
IME,2015-03-26,5.42,5.42,5.42,5.42,0
IME,2015-03-27,5.42,5.42,5.42,5.42,0
IME,2015-03-30,5.42,5.42,5.42,5.42,0
IME,2015-03-31,5.42,5.42,5.42,5.42,0
IME,2015-04-01,5.42,5.42,5.42,5.42,0
IME,2015-04-02,5.42,5.42,5.42,5.42,0
IME,2015-04-03,5.42,5.42,5.42,5.42,0
IME,2015-04-06,5.42,5.42,5.42,5.42,0
IME,2015-04-07,5.42,5.42,5.42,5.42,0
IME,2015-04-08,5.42,5.42,5.42,5.42,0
IME,2015-04-09,5.42,5.42,5.42,5.42,0
IME,2015-04-10,5.42,5.42,5.42,5.42,0
IME,2015-04-13,5.42,5.42,5.42,5.42,0
IME,2015-04-14,5.42,5.42,5.42,5.42,0
IME,2015-04-15,5.42,5.42,5.42,5.42,0
IME,2015-04-16,5.42,5.42,5.42,5.42,0
IME,2015-04-17,5.42,5.42,5.42,5.42,0
IME,2015-04-20,5.42,5.42,5.42,5.42,0
IME,2015-04-21,5.42,5.42,5.42,5.42,0
IME,2015-04-22,5.42,5.42,5.42,5.42,0
IME,2015-04-23,5.42,5.42,5.42,5.42,0
IME,2015-04-24,5.42,5.42,5.42,5.42,0
IME,2015-04-27,5.42,5.42,5.42,5.42,0
IME,2015-05-04,5.42,5.42,5.42,5.42,0
IME,2015-05-05,5.42,5.42,5.42,5.42,0
IME,2015-05-06,5.42,5.42,5.42,5.42,0
IME,2015-05-07,5.42,5.42,5.42,5.42,0
IME,2015-05-08,5.42,5.42,5.42,5.42,0
IME,2015-05-11,5.42,5.42,5.42,5.42,0
IME,2015-05-12,5.42,5.42,5.42,5.42,0
IME,2015-05-13,5.42,5.42,5.42,5.42,0
IME,2015-05-14,5.42,5.42,5.42,5.42,0
IME,2015-05-15,5.42,5.42,5.42,5.42,0
IME,2015-05-18,5.42,5.42,5.42,5.42,0
IME,2015-05-19,5.42,5.42,5.42,5.42,0
IME,2015-05-20,5.42,5.42,5.42,5.42,0
IME,2015-05-21,5.42,5.42,5.42,5.42,0
IME,2015-05-22,5.42,5.42,5.42,5.42,0
IME,2015-05-25,5.42,5.42,5.42,5.42,0
IME,2015-05-26,5.42,5.42,5.42,5.42,0
IME,2015-05-27,5.42,5.42,5.42,5.42,0
IME,2015-05-28,5.42,5.42,5.42,5.42,0
IME,2015-05-29,5.42,5.42,5.42,5.42,0
IME,2015-06-01,5.42,5.42,5.42,5.42,0
IME,2015-06-02,5.42,5.42,5.42,5.42,0
IME,2015-06-03,5.42,5.42,5.42,5.42,0
IME,2015-06-04,5.42,5.42,5.42,5.42,0
IME,2015-06-05,5.42,5.42,5.42,5.42,0
IME,2015-06-08,5.42,5.42,5.42,5.42,0
IME,2015-06-09,5.42,5.42,5.42,5.42,0
IME,2015-06-10,5.42,5.42,5.42,5.42,0
IME,2015-06-11,5.42,5.42,5.42,5.42,0
IME,2015-06-12,5.42,5.42,5.42,5.42,0
IME,2015-06-15,5.42,5.42,5.42,5.42,0
IME,2015-06-16,5.42,5.42,5.42,5.42,0
IME,2015-06-17,5.42,5.42,5.42,5.42,0
IME,2015-06-18,5.42,5.42,5.42,5.42,0
IME,2015-06-19,5.42,5.42,5.42,5.42,0
IME,2015-06-22,5.42,5.42,5.42,5.42,0
IME,2015-06-23,5.42,5.42,5.42,5.42,0
IME,2015-06-24,5.42,5.42,5.42,5.42,0
IME,2015-06-25,5.42,5.42,5.42,5.42,0
IME,2015-06-26,5.42,5.42,5.42,5.42,0
IME,2015-06-29,5.42,5.42,5.42,5.42,0
IME,2015-06-30,5.42,5.42,5.42,5.42,0
IME,2015-07-01,5.42,5.42,5.42,5.42,0
IME,2015-07-02,5.42,5.42,5.42,5.42,0
IME,2015-07-03,5.42,5.42,5.42,5.42,0
IME,2015-07-06,5.42,5.42,5.42,5.42,0
IME,2015-07-07,5.42,5.42,5.42,5.42,0
IME,2015-07-08,5.42,5.42,5.42,5.42,0
IME,2015-07-09,5.42,5.42,5.42,5.42,0
IME,2015-07-10,5.42,5.42,5.42,5.42,0
IME,2015-07-13,5.42,5.42,5.42,5.42,0
IME,2015-07-14,5.42,5.42,5.42,5.42,0
IME,2015-07-15,5.42,5.42,5.42,5.42,0
IME,2015-07-16,5.42,5.42,5.42,5.42,0
IME,2015-07-17,5.42,5.42,5.42,5.42,0
IME,2015-07-20,5.42,5.42,5.42,5.42,0
IME,2015-07-21,5.42,5.42,5.42,5.42,0
IME,2015-07-22,5.42,5.42,5.42,5.42,0
IME,2015-07-23,5.42,5.42,5.42,5.42,0
IME,2015-07-24,5.42,5.42,5.42,5.42,0
IME,2015-07-27,5.42,5.42,5.42,5.42,0
IME,2015-07-28,5.42,5.42,5.42,5.42,0
IME,2015-07-29,5.42,5.42,5.42,5.42,0
IME,2015-07-30,5.42,5.42,5.42,5.42,0
IME,2015-07-31,5.42,5.42,5.42,5.42,0
IME,2015-08-03,5.42,5.42,5.42,5.42,0
IME,2015-08-04,5.42,5.42,5.42,5.42,0
IME,2015-08-05,5.42,5.42,5.42,5.42,0
IME,2015-08-06,5.42,5.42,5.42,5.42,0
IME,2015-08-07,5.42,5.42,5.42,5.42,0
IME,2015-08-10,5.42,5.42,5.42,5.42,0
IME,2015-08-11,5.42,5.42,5.42,5.42,0
IME,2015-08-12,5.42,5.42,5.42,5.42,0
IME,2015-08-13,5.42,5.42,5.42,5.42,0
IME,2015-08-14,5.42,5.42,5.42,5.42,0
IME,2015-08-17,5.42,5.42,5.42,5.42,0
IME,2015-08-18,5.42,5.42,5.42,5.42,0
IME,2015-08-19,5.42,5.42,5.42,5.42,0
IME,2015-08-20,5.42,5.42,5.42,5.42,0
IME,2015-08-21,5.42,5.42,5.42,5.42,0
IME,2015-08-24,5.42,5.42,5.42,5.42,0
IME,2015-08-25,5.42,5.42,5.42,5.42,0
IME,2015-08-26,5.42,5.42,5.42,5.42,0
IME,2015-08-27,5.42,5.42,5.42,5.42,0
IME,2015-08-28,5.42,5.42,5.42,5.42,0
IME,2015-08-31,5.42,5.42,5.42,5.42,0
IME,2015-09-01,5.42,5.42,5.42,5.42,0
IME,2015-09-03,5.42,5.42,5.42,5.42,0
IME,2015-09-04,5.42,5.42,5.42,5.42,0
IME,2015-09-07,5.42,5.42,5.42,5.42,0
IME,2015-09-08,5.42,5.42,5.42,5.42,0
IME,2015-09-09,5.42,5.42,5.42,5.42,0
IME,2015-09-10,5.42,5.42,5.42,5.42,0
IME,2015-09-11,5.42,5.42,5.42,5.42,0
IME,2015-09-14,5.42,5.42,5.42,5.42,0
IME,2015-09-15,5.42,5.42,5.42,5.42,0
IME,2015-09-16,5.42,5.42,5.42,5.42,0
IME,2015-09-17,5.42,5.42,5.42,5.42,0
IME,2015-09-18,5.42,5.42,5.42,5.42,0
IME,2015-09-21,5.42,5.42,5.42,5.42,0
IME,2015-09-22,5.42,5.42,5.42,5.42,0
IME,2015-09-23,5.42,5.42,5.42,5.42,0
IME,2015-09-24,5.42,5.42,5.42,5.42,0
IME,2015-09-25,5.42,5.42,5.42,5.42,0
IME,2015-09-28,5.42,5.42,5.42,5.42,0
IME,2015-09-29,5.42,5.42,5.42,5.42,0
IME,2015-09-30,5.42,5.42,5.42,5.42,0
IME,2015-10-01,5.42,5.42,5.42,5.42,0
IME,2015-10-02,5.42,5.42,5.42,5.42,0
IME,2015-10-05,5.42,5.42,5.42,5.42,0
IME,2015-10-06,5.42,5.42,5.42,5.42,0
IME,2015-10-07,5.42,5.42,5.42,5.42,0
IME,2015-10-08,5.42,5.42,5.42,5.42,0
IME,2015-10-09,4.61,4.61,4.61,4.61,100
IME,2015-10-12,4.61,4.61,4.61,4.61,0
IME,2015-10-13,4.61,4.61,4.61,4.61,0
IME,2015-10-14,4.61,4.61,4.61,4.61,0
IME,2015-10-15,4.61,4.61,4.61,4.61,0
IME,2015-10-16,4.61,4.61,4.61,4.61,0
IME,2015-10-19,4.61,4.61,4.61,4.61,0
IME,2015-10-20,4.61,4.61,4.61,4.61,0
IME,2015-10-21,4.61,4.61,4.61,4.61,0
IME,2015-10-22,4.61,4.61,4.61,4.61,0
IME,2015-10-23,4.61,4.61,4.61,4.61,0
IME,2015-10-26,4.61,4.61,4.61,4.61,0
IME,2015-10-27,4.61,4.61,4.61,4.61,0
IME,2015-10-28,4.61,4.61,4.61,4.61,0
IME,2015-10-29,4.61,4.61,4.61,4.61,0
IME,2015-10-30,4.61,4.61,4.61,4.61,0
IME,2015-11-02,4.61,4.61,4.61,4.61,0
IME,2015-11-03,4.61,4.61,4.61,4.61,0
IME,2015-11-04,4.61,4.61,4.61,4.61,0
IME,2015-11-05,4.61,4.61,4.61,4.61,0
IME,2015-11-06,4.61,4.61,4.61,4.61,0
IME,2015-11-09,4.61,4.61,4.61,4.61,0
IME,2015-11-10,4.61,4.61,4.61,4.61,0
IME,2015-11-11,4.61,4.61,4.61,4.61,0
IME,2015-11-12,4.61,4.61,4.61,4.61,0
IME,2015-11-13,4.61,4.61,4.61,4.61,0
IME,2015-11-16,4.61,4.61,4.61,4.61,0
IME,2015-11-17,4.61,4.61,4.61,4.61,0
IME,2015-11-18,4.61,4.61,4.61,4.61,0
IME,2015-11-19,4.61,4.61,4.61,4.61,0
IME,2015-11-20,4.61,4.61,4.61,4.61,0
IME,2015-11-23,4.61,4.61,4.61,4.61,0
IME,2015-11-24,4.61,4.61,4.61,4.61,0
IME,2015-11-25,4.61,4.61,4.61,4.61,0
IME,2015-11-26,4.61,4.61,4.61,4.61,0
IME,2015-11-27,4.61,4.61,4.61,4.61,0
IME,2015-11-30,4.61,4.61,4.61,4.61,0
IME,2015-12-01,4.61,4.61,4.61,4.61,0
IME,2015-12-02,4.61,4.61,4.61,4.61,0
IME,2015-12-03,4.61,4.61,4.61,4.61,0
IME,2015-12-04,4.61,4.61,4.61,4.61,0
IME,2015-12-07,4.61,4.61,4.61,4.61,0
IME,2015-12-08,4.61,4.61,4.61,4.61,0
IME,2015-12-09,4.61,4.61,4.61,4.61,0
IME,2015-12-10,4.61,4.61,4.61,4.61,0
IME,2015-12-11,4.61,4.61,4.61,4.61,0
IME,2015-12-14,4.61,4.61,4.61,4.61,0
IME,2015-12-15,4.61,4.61,4.61,4.61,0
IME,2015-12-16,4.61,4.61,4.61,4.61,0
IME,2015-12-17,4.61,4.61,4.61,4.61,0
IME,2015-12-18,4.61,4.61,4.61,4.61,0
IME,2015-12-21,4.61,4.61,4.61,4.61,0
IME,2015-12-22,4.61,4.61,4.61,4.61,0
IME,2015-12-23,4.61,4.61,4.61,4.61,0
IME,2015-12-24,4.61,4.61,4.61,4.61,0
IME,2015-12-25,4.61,4.61,4.61,4.61,0
IME,2015-12-28,4.61,4.61,4.61,4.61,0
IME,2015-12-29,4.61,4.61,4.61,4.61,0
IME,2015-12-30,4.61,4.61,4.61,4.61,0
IME,2015-12-31,4.61,4.61,4.61,4.61,0
IME,2016-01-04,4.61,4.61,4.61,4.61,0
IME,2016-01-05,4.61,4.61,4.61,4.61,0
IME,2016-01-06,4.61,4.61,4.61,4.61,0
IME,2016-01-07,4.61,4.61,4.61,4.61,0
IME,2016-01-08,4.61,4.61,4.61,4.61,0
IME,2016-01-11,4.61,4.61,4.61,4.61,0
IME,2016-01-12,4.61,4.61,4.61,4.61,0
IME,2016-01-13,4.61,4.61,4.61,4.61,0
IME,2016-01-14,4.61,4.61,4.61,4.61,0
IME,2016-01-15,4.61,4.61,4.61,4.61,0
IME,2016-01-18,6.03,6.03,6.03,6.03,0
IME,2016-01-19,6.03,6.03,6.03,6.03,0
IME,2016-01-20,6.03,6.03,6.03,6.03,0
IME,2016-01-21,6.03,6.03,6.03,6.03,0
IME,2016-01-22,6.03,6.03,6.03,6.03,0
IME,2016-01-25,6.03,6.03,6.03,6.03,0
IME,2016-01-26,6.03,6.03,6.03,6.03,0
IME,2016-01-27,6.45,6.45,6.45,6.45,100
IME,2016-01-28,6.45,6.45,6.45,6.45,0
IME,2016-01-29,6.45,6.45,6.45,6.45,0
IME,2016-02-01,7.37,7.37,7.37,7.37,100
IME,2016-02-02,8.44,8.44,8.44,8.44,200
IME,2016-02-03,9.64,9.64,9.64,9.64,100
IME,2016-02-04,11.06,11.06,11.06,11.06,100
IME,2016-02-05,12.69,12.69,12.69,12.69,100
IME,2016-02-15,14.53,14.53,14.53,14.53,100
IME,2016-02-16,16.66,16.66,16.66,16.66,100
IME,2016-02-17,19.14,19.14,19.14,19.14,200
IME,2016-02-18,21.98,21.98,21.98,21.98,600
IME,2016-02-19,25.24,25.24,25.24,25.24,200
IME,2016-02-22,28.92,28.92,28.92,28.92,100
IME,2016-02-23,33.25,33.25,32.61,33.25,1000
IME,2016-02-24,33.18,33.18,33.18,33.18,400
IME,2016-02-25,33.18,33.18,33.18,33.18,400
IME,2016-02-26,33.18,33.18,33.18,33.18,0
IME,2016-02-29,33.18,33.18,33.18,33.18,0
IME,2016-03-01,33.18,33.18,33.18,33.18,0
IME,2016-03-02,33.18,33.18,33.18,33.18,0
IME,2016-03-03,33.18,33.18,33.18,33.18,0
IME,2016-03-04,34.43,34.43,34.43,34.43,0
IME,2016-03-07,34.43,34.43,34.43,34.43,0
IME,2016-03-08,34.43,34.43,34.43,34.43,0
IME,2016-03-09,34.43,34.43,34.43,34.43,0
IME,2016-03-10,34.43,34.43,34.43,34.43,0
IME,2016-03-11,34.43,34.43,34.43,34.43,0
IME,2016-03-14,34.43,34.43,34.43,34.43,0
IME,2016-03-15,34.43,34.43,34.43,34.43,0
IME,2016-03-16,33.1,33.1,33.1,33.1,500
IME,2016-03-17,33.1,33.1,33.1,33.1,0
IME,2016-03-18,33.1,33.1,33.1,33.1,0
IME,2016-03-21,33.1,33.1,33.1,33.1,0
IME,2016-03-22,33.1,33.1,33.1,33.1,0
IME,2016-03-23,33.1,33.1,33.1,33.1,0
IME,2016-03-24,33.1,33.1,33.1,33.1,0
IME,2016-03-25,33.1,33.1,33.1,33.1,0
IME,2016-03-28,33.1,33.1,33.1,33.1,0
IME,2016-03-29,33.1,33.1,33.1,33.1,0
IME,2016-03-30,33.1,33.1,33.1,33.1,0
IME,2016-03-31,33.1,33.1,33.1,33.1,0
IME,2016-04-01,33.1,33.1,33.1,33.1,0
IME,2016-04-04,33.1,33.1,33.1,33.1,200
IME,2016-04-05,33.1,33.1,33.1,33.1,0
IME,2016-04-06,33.1,33.1,33.1,33.1,0
IME,2016-04-07,33.1,33.1,33.1,33.1,0
IME,2016-04-08,33.1,33.1,33.1,33.1,0
IME,2016-04-11,33.1,33.1,33.1,33.1,0
IME,2016-04-12,33.1,33.1,33.1,33.1,0
IME,2016-04-13,33.1,33.1,33.1,33.1,0
IME,2016-04-14,33.1,33.1,33.1,33.1,0
IME,2016-04-15,33.1,33.1,33.1,33.1,0
IME,2016-04-19,33.1,33.1,33.1,33.1,0
IME,2016-04-20,33.1,33.1,33.1,33.1,0
IME,2016-04-21,33.1,33.1,33.1,33.1,0
IME,2016-04-22,33.1,33.1,33.1,33.1,0
IME,2016-04-25,29.43,29.43,29.43,29.43,100
IME,2016-04-26,29.43,29.43,29.43,29.43,0
IME,2016-04-27,29.43,29.43,29.43,29.43,0
IME,2016-04-28,29.43,29.43,29.43,29.43,0
IME,2016-04-29,29.43,29.43,29.43,29.43,0
IME,2016-05-04,29.43,29.43,29.43,29.43,0
IME,2016-05-05,29.43,29.43,29.43,29.43,0
IME,2016-05-06,29.43,29.43,29.43,29.43,0
IME,2016-05-09,29.43,29.43,29.43,29.43,0
IME,2016-05-10,29.43,29.43,29.43,29.43,0
IME,2016-05-11,29.43,29.43,29.43,29.43,100
IME,2016-05-12,29.43,29.43,29.43,29.43,0
IME,2016-05-13,29.43,29.43,29.43,29.43,0
IME,2016-05-16,25.01,25.01,25.01,25.01,100
IME,2016-05-17,25.01,25.01,25.01,25.01,0
IME,2016-05-18,25.75,25.75,25.01,25.01,1000
IME,2016-05-19,25.38,25.38,25.38,25.38,200
IME,2016-05-20,25.38,25.38,25.38,25.38,1000
IME,2016-05-23,28.69,28.69,28.69,28.69,100
IME,2016-05-24,29.43,29.43,29.43,29.43,200
IME,2016-05-25,32.37,32.37,32.37,32.37,100
IME,2016-05-26,35.31,35.31,35.31,35.31,100
IME,2016-05-27,35.31,35.31,35.31,35.31,0
IME,2016-05-30,35.31,35.31,35.31,35.31,0
IME,2016-05-31,35.31,35.31,35.31,35.31,0
IME,2016-06-01,35.31,35.31,35.31,35.31,0
IME,2016-06-02,35.31,35.31,35.31,35.31,0
IME,2016-06-03,35.31,35.31,35.31,35.31,0
IME,2016-06-06,35.31,35.31,35.31,35.31,0
IME,2016-06-07,35.31,35.31,35.31,35.31,0
IME,2016-06-08,35.31,35.31,35.31,35.31,0
IME,2016-06-09,35.31,35.31,35.31,35.31,0
IME,2016-06-10,30.01,33.1,30.01,30.01,13800
IME,2016-06-13,30.01,30.01,30.01,30.01,0
IME,2016-06-14,30.01,30.01,30.01,30.01,0
IME,2016-06-15,30.01,30.01,30.01,30.01,0
IME,2016-06-16,30.01,30.01,30.01,30.01,0
IME,2016-06-17,30.01,30.01,30.01,30.01,0
IME,2016-06-20,30.16,30.16,30.16,30.16,614800
IME,2016-06-21,30.16,30.16,30.16,30.16,0
IME,2016-06-22,29.79,29.79,29.79,29.79,100
IME,2016-06-23,25.53,25.53,25.53,25.53,100
IME,2016-06-24,21.7,21.7,21.7,21.7,100
IME,2016-06-27,21.7,21.7,21.7,21.7,0
IME,2016-06-28,24.94,24.94,24.94,24.94,100
IME,2016-06-29,28.62,28.62,28.62,28.62,100
IME,2016-06-30,28.62,28.62,28.62,28.62,0
IME,2016-07-01,28.62,28.62,28.62,28.62,0
IME,2016-07-04,28.62,28.62,28.62,28.62,0
IME,2016-07-05,28.62,28.62,28.62,28.62,0
IME,2016-07-06,28.62,28.62,28.62,28.62,0
IME,2016-07-07,28.62,28.62,28.62,28.62,0
IME,2016-07-08,28.62,28.62,28.62,28.62,0
IME,2016-07-11,28.62,28.62,28.62,28.62,0
IME,2016-07-12,28.62,28.62,28.62,28.62,0
IME,2016-07-13,28.62,28.62,28.62,28.62,0
IME,2016-07-14,28.62,28.62,28.62,28.62,0
IME,2016-07-15,28.62,28.62,28.62,28.62,0
IME,2016-07-18,28.62,28.62,28.62,28.62,0
IME,2016-07-19,27.22,27.22,27.22,27.22,692
IME,2016-07-20,27.22,27.22,27.22,27.22,0
IME,2016-07-21,27.22,27.22,27.22,27.22,0
IME,2016-07-22,27.22,27.22,27.22,27.22,0
IME,2016-07-25,27.22,27.22,27.22,27.22,0
IME,2016-07-26,27.22,27.22,27.22,27.22,0
IME,2016-07-27,27.22,27.22,27.22,27.22,0
IME,2016-07-28,27.22,27.22,27.22,27.22,0
IME,2016-07-29,27.22,27.22,27.22,27.22,0
IME,2016-08-01,27.22,27.22,27.22,27.22,0
IME,2016-08-02,27.22,27.22,27.22,27.22,0
IME,2016-08-03,27.22,27.22,27.22,27.22,0
IME,2016-08-04,27.22,27.22,27.22,27.22,0
IME,2016-08-05,27.22,27.22,27.22,27.22,0
IME,2016-08-08,27.22,27.22,27.22,27.22,0
IME,2016-08-09,27.22,27.22,27.22,27.22,0
IME,2016-08-10,27.22,27.22,27.22,27.22,0
IME,2016-08-11,27.22,27.22,27.22,27.22,0
IME,2016-08-12,27.22,27.22,27.22,27.22,0
IME,2016-08-15,27.22,27.22,27.22,27.22,0
IME,2016-08-16,27.22,27.22,27.22,27.22,0
IME,2016-08-17,27.22,27.22,27.22,27.22,0
IME,2016-08-18,27.22,27.22,27.22,27.22,0
IME,2016-08-19,27.22,27.22,27.22,27.22,0
IME,2016-08-22,27.22,27.22,27.22,27.22,0
IME,2016-08-23,27.22,27.22,27.22,27.22,0
IME,2016-08-24,27.22,27.22,27.22,27.22,0
IME,2016-08-25,27.22,27.22,27.22,27.22,0
IME,2016-08-26,27.22,27.22,27.22,27.22,0
IME,2016-08-29,27.22,27.22,27.22,27.22,0
IME,2016-08-30,27.22,27.22,27.22,27.22,0
IME,2016-08-31,27.22,27.22,27.22,27.22,0
IME,2016-09-01,27.22,27.22,27.22,27.22,0
IME,2016-09-05,27.22,27.22,27.22,27.22,0
IME,2016-09-06,27.22,27.22,27.22,27.22,0
IME,2016-09-07,27.22,27.22,27.22,27.22,0
IME,2016-09-08,27.22,27.22,27.22,27.22,0
IME,2016-09-09,27.22,27.22,27.22,27.22,0
IME,2016-09-12,27.22,27.22,27.22,27.22,0
IME,2016-09-13,27.22,27.22,27.22,27.22,0
IME,2016-09-14,27.22,27.22,27.22,27.22,0
IME,2016-09-15,27.22,27.22,27.22,27.22,0
IME,2016-09-16,27.22,27.22,27.22,27.22,0
IME,2016-09-19,27.22,27.22,27.22,27.22,0
IME,2016-09-20,27.22,27.22,27.22,27.22,0
IME,2016-09-21,27.22,27.22,27.22,27.22,0
IME,2016-09-22,27.22,27.22,27.22,27.22,0
IME,2016-09-23,27.22,27.22,27.22,27.22,0
IME,2016-09-26,27.22,27.22,27.22,27.22,0
IME,2016-09-27,27.22,27.22,27.22,27.22,0
IME,2016-09-28,27.22,27.22,27.22,27.22,0
IME,2016-09-29,27.22,27.22,27.22,27.22,0
IME,2016-09-30,27.22,27.22,27.22,27.22,0
IME,2016-10-03,25.75,25.75,25.75,25.75,180000
IME,2016-10-04,25.75,25.75,25.75,25.75,0
IME,2016-10-05,25.75,25.75,25.75,25.75,0
IME,2016-10-06,21.92,21.92,21.92,21.92,2000
IME,2016-10-07,21.92,21.92,21.92,21.92,0
IME,2016-10-10,21.92,21.92,21.92,21.92,0
IME,2016-10-11,21.92,21.92,21.92,21.92,0
IME,2016-10-12,21.92,21.92,21.92,21.92,0
IME,2016-10-13,21.92,21.92,21.92,21.92,0
IME,2016-10-14,21.92,21.92,21.92,21.92,0
IME,2016-10-17,21.92,21.92,21.92,21.92,0
IME,2016-10-18,21.92,21.92,21.92,21.92,0
IME,2016-10-19,20.6,20.6,20.6,20.6,500
IME,2016-10-20,20.6,20.6,20.6,20.6,0
IME,2016-10-21,21.33,21.33,21.33,21.33,78000
IME,2016-10-24,21.33,21.33,21.33,21.33,0
IME,2016-10-25,23.54,23.54,23.54,23.54,500
IME,2016-10-26,23.54,23.54,23.54,23.54,500
IME,2016-10-27,23.54,23.54,23.54,23.54,0
IME,2016-10-28,23.54,23.54,23.54,23.54,0
IME,2016-10-31,23.54,23.54,23.54,23.54,0
IME,2016-11-01,25.75,25.75,25.75,25.75,30000
IME,2016-11-02,25.75,25.75,21.92,21.92,50200
IME,2016-11-03,21.92,21.92,21.92,21.92,0
IME,2016-11-04,21.85,21.85,21.85,21.85,100
IME,2016-11-07,21.85,21.85,21.85,21.85,0
IME,2016-11-08,21.85,21.85,21.85,21.85,0
IME,2016-11-09,21.85,21.85,21.85,21.85,0
IME,2016-11-10,18.61,18.61,18.61,18.61,100
IME,2016-11-11,18.61,18.61,18.61,18.61,0
IME,2016-11-14,21.33,21.33,15.89,15.89,200
IME,2016-11-15,15.89,15.89,15.89,15.89,0
IME,2016-11-16,15.89,15.89,15.89,15.89,100
IME,2016-11-17,15.89,15.89,15.89,15.89,0
IME,2016-11-18,15.89,15.89,15.89,15.89,0
IME,2016-11-21,15.89,15.89,15.89,15.89,0
IME,2016-11-22,18.24,18.24,18.24,18.24,600
IME,2016-11-23,15.52,15.52,15.52,15.52,100
IME,2016-11-24,13.24,13.24,13.24,13.24,100
IME,2016-11-25,11.62,11.62,11.62,11.62,100
IME,2016-11-28,9.93,9.93,9.93,9.93,100
IME,2016-11-29,9.93,9.93,9.93,9.93,0
IME,2016-11-30,9.93,9.93,9.93,9.93,0
IME,2016-12-01,9.93,9.93,9.93,9.93,0
IME,2016-12-02,9.93,9.93,9.93,9.93,0
IME,2016-12-05,9.93,9.93,9.93,9.93,0
IME,2016-12-06,9.93,9.93,9.93,9.93,0
IME,2016-12-07,11.4,11.4,11.4,11.4,100
IME,2016-12-08,11.4,11.4,9.71,9.71,200
IME,2016-12-09,9.05,9.05,9.05,9.05,200
IME,2016-12-12,9.05,9.05,9.05,9.05,0
IME,2016-12-13,9.05,9.05,9.05,9.05,0
IME,2016-12-14,9.05,9.05,9.05,9.05,0
IME,2016-12-15,9.05,9.05,9.05,9.05,0
IME,2016-12-16,7.8,7.87,7.8,7.87,200
IME,2016-12-19,7.87,7.87,7.87,7.87,0
IME,2016-12-20,7.87,7.87,7.87,7.87,0
IME,2016-12-21,7.87,7.87,7.87,7.87,0
IME,2016-12-22,7.87,7.87,7.87,7.87,0
IME,2016-12-23,7.87,7.87,7.87,7.87,0
IME,2016-12-26,7.87,7.87,7.87,7.87,0
IME,2016-12-27,7.87,7.87,7.87,7.87,0
IME,2016-12-28,7.87,7.87,7.87,7.87,100
IME,2016-12-29,7.87,7.87,7.87,7.87,2000
IME,2016-12-30,7.87,7.87,7.87,7.87,0
IME,2017-01-03,7.87,7.87,7.87,7.87,1000
IME,2017-01-04,7.87,7.87,7.87,7.87,0
IME,2017-01-05,7.87,7.87,7.87,7.87,0
IME,2017-01-06,7.87,7.87,7.87,7.87,0
IME,2017-01-09,8.53,8.53,8.53,8.53,100
IME,2017-01-10,8.53,8.53,8.53,8.53,0
IME,2017-01-11,8.53,8.53,8.53,8.53,0
IME,2017-01-12,8.53,8.53,8.53,8.53,0
IME,2017-01-13,8.53,8.53,8.53,8.53,0
IME,2017-01-16,8.53,8.53,8.53,8.53,0
IME,2017-01-17,9.78,9.78,9.78,9.78,100
IME,2017-01-18,11.18,11.18,11.18,11.18,100
IME,2017-01-19,12.8,12.8,12.8,12.8,100
IME,2017-01-20,14.71,14.71,14.71,14.71,100
IME,2017-01-23,12.51,12.51,12.51,12.51,1000
IME,2017-01-24,10.74,10.74,10.74,10.74,100
IME,2017-01-25,10.74,10.74,10.74,10.74,0
IME,2017-02-02,9.27,9.27,9.27,9.27,1000
IME,2017-02-03,8.02,10.59,8.02,10.59,300
IME,2017-02-06,10.59,10.59,10.59,10.59,0
IME,2017-02-07,10.59,10.59,10.59,10.59,0
IME,2017-02-08,10.59,10.59,10.59,10.59,0
IME,2017-02-09,11.11,11.11,11.11,11.11,100
IME,2017-02-10,9.49,9.49,9.49,9.49,10000
IME,2017-02-13,9.49,9.49,9.49,9.49,0
IME,2017-02-14,9.49,9.49,9.49,9.49,0
IME,2017-02-15,9.49,9.49,9.49,9.49,0
IME,2017-02-16,9.49,9.49,9.49,9.49,0
IME,2017-02-17,9.49,9.49,9.49,9.49,0
IME,2017-02-20,9.49,9.49,9.49,9.49,0
IME,2017-02-21,10.89,10.89,10.89,10.89,1000
IME,2017-02-22,12.36,12.36,12.36,12.36,9000
IME,2017-02-23,12.36,12.36,12.36,12.36,0
IME,2017-02-24,12.36,12.36,12.36,12.36,0
IME,2017-02-27,12.36,12.36,12.36,12.36,0
IME,2017-02-28,12.36,12.36,12.36,12.36,0
IME,2017-03-01,12.36,12.36,12.36,12.36,0
IME,2017-03-02,12.36,12.36,12.36,12.36,0
IME,2017-03-03,12.36,12.36,12.36,12.36,0
IME,2017-03-06,12.36,12.36,12.36,12.36,0
IME,2017-03-07,12.36,12.36,12.36,12.36,0
IME,2017-03-08,14.2,14.2,14.2,14.2,100
IME,2017-03-09,14.2,14.2,14.2,14.2,0
IME,2017-03-10,14.2,14.2,14.2,14.2,0
IME,2017-03-13,14.2,14.2,14.2,14.2,0
IME,2017-03-14,14.2,14.2,14.2,14.2,0
IME,2017-03-15,14.2,14.2,14.2,14.2,0
IME,2017-03-16,14.2,14.2,14.2,14.2,0
IME,2017-03-17,14.71,14.71,12.14,12.14,600
IME,2017-03-20,12.14,12.14,12.14,12.14,0
IME,2017-03-21,12.58,12.58,12.58,12.58,0
IME,2017-03-22,12.58,12.58,12.58,12.58,0
IME,2017-03-23,10.74,10.74,10.74,10.74,10000
IME,2017-03-24,10.74,10.74,10.74,10.74,0
IME,2017-03-27,10.74,10.74,10.74,10.74,0
IME,2017-03-28,10.74,10.74,10.74,10.74,0
IME,2017-03-29,10.74,10.74,10.74,10.74,700
IME,2017-03-30,10.74,10.74,10.74,10.74,0
IME,2017-03-31,10.74,10.74,10.74,10.74,0
IME,2017-04-03,12.29,12.29,12.29,12.29,100
IME,2017-04-04,12.51,13.98,12.51,13.98,900
IME,2017-04-05,13.98,13.98,13.98,13.98,430
IME,2017-04-07,13.98,13.98,13.98,13.98,0
IME,2017-04-10,16.04,16.04,16.04,16.04,100
IME,2017-04-11,16.04,16.04,16.04,16.04,45100
IME,2017-04-12,16.04,16.04,16.04,16.04,0
IME,2017-04-13,17.55,17.55,17.55,17.55,520
IME,2017-04-14,17.55,17.55,17.55,17.55,0
IME,2017-04-17,17.55,17.55,17.55,17.55,0
IME,2017-04-18,17.55,17.55,17.55,17.55,0
IME,2017-04-19,17.55,17.55,17.55,17.55,0
IME,2017-04-20,17.55,17.55,17.55,17.55,0
IME,2017-04-21,17.55,17.55,17.55,17.55,0
IME,2017-04-24,17.55,17.55,17.55,17.55,0
IME,2017-04-25,17.55,17.55,17.55,17.55,0
IME,2017-04-26,14.92,17.55,14.92,17.55,200
IME,2017-04-27,17.55,17.55,13.88,13.88,5200
IME,2017-04-28,14.04,14.04,14.04,14.04,0
IME,2017-05-03,13.88,13.88,13.88,13.88,92
IME,2017-05-04,14.04,14.04,14.04,14.04,0
IME,2017-05-05,16.12,16.12,13.64,13.64,1200
IME,2017-05-08,13.56,13.56,12.69,12.69,2500
IME,2017-05-09,12.05,12.05,12.05,12.05,2000
IME,2017-05-10,12.05,12.05,12.05,12.05,0
IME,2017-05-11,12.05,12.05,12.05,12.05,0
IME,2017-05-12,12.05,12.05,12.05,12.05,0
IME,2017-05-15,12.05,12.05,12.05,12.05,0
IME,2017-05-16,10.37,12.05,10.37,12.05,1500
IME,2017-05-17,9.34,9.49,9.34,9.34,700
IME,2017-05-18,10.77,10.77,10.77,10.77,1900
IME,2017-05-19,12.37,12.37,12.37,12.37,100
IME,2017-05-22,14.2,14.2,12.45,12.45,5100
IME,2017-05-23,12.45,12.45,12.45,12.45,0
IME,2017-05-24,12.77,10.61,10.61,10.61,0
IME,2017-05-25,11.01,11.01,11.01,11.01,0
IME,2017-05-26,11.01,11.01,11.01,11.01,0
IME,2017-05-29,11.01,11.01,11.01,11.01,0
IME,2017-05-30,11.01,11.01,11.01,11.01,0
IME,2017-05-31,11.01,11.01,11.01,11.01,0
IME,2017-06-01,11.01,11.01,11.01,11.01,0
IME,2017-06-02,11.01,11.01,11.01,11.01,0
IME,2017-06-05,11.01,11.01,11.01,11.01,0
IME,2017-06-06,11.01,11.01,11.01,11.01,0
IME,2017-06-07,10.98,10.98,10.98,10.98,0
IME,2017-06-08,11.01,11.01,11.01,11.01,0
IME,2017-06-09,11.01,11.01,11.01,11.01,0
IME,2017-06-12,11.01,11.01,11.01,11.01,0
IME,2017-06-13,11.01,11.01,11.01,11.01,100
IME,2017-06-14,11.01,11.01,11.01,11.01,0
IME,2017-06-15,11.01,11.01,11.01,11.01,0
IME,2017-06-16,11.01,11.01,11.01,11.01,0
IME,2017-06-19,11.01,11.01,11.01,11.01,0
IME,2017-06-20,9.41,9.41,9.41,9.41,100
IME,2017-06-21,9.57,9.97,9.57,9.97,26400
IME,2017-06-22,9.73,9.73,9.73,9.73,0
IME,2017-06-23,9.73,9.73,9.73,9.73,0
IME,2017-06-26,9.73,9.73,9.73,9.73,0
IME,2017-06-27,9.73,9.73,9.73,9.73,0
IME,2017-06-28,11.17,11.17,11.17,11.17,100
IME,2017-06-29,11.17,11.17,11.17,11.17,0
IME,2017-06-30,11.17,11.17,11.17,11.17,0
IME,2017-07-03,11.17,11.17,11.17,11.17,0
IME,2017-07-04,11.17,11.17,11.17,11.17,0
IME,2017-07-05,11.17,11.17,11.17,11.17,0
IME,2017-07-06,11.17,11.17,11.17,11.17,0
IME,2017-07-07,11.17,11.17,11.17,11.17,0
IME,2017-07-10,11.17,11.17,11.17,11.17,0
IME,2017-07-11,11.17,11.17,11.17,11.17,0
IME,2017-07-12,11.17,11.17,11.17,11.17,24
IME,2017-07-13,11.17,11.17,11.17,11.17,0
IME,2017-07-14,11.17,11.17,11.17,11.17,0
IME,2017-07-17,11.17,11.17,11.17,11.17,0
IME,2017-07-18,11.17,11.17,11.17,11.17,0
IME,2017-07-19,11.17,11.17,11.17,11.17,0
IME,2017-07-20,11.17,11.17,11.17,11.17,24
IME,2017-07-21,11.17,11.17,11.17,11.17,0
IME,2017-07-24,11.17,11.17,11.17,11.17,0
IME,2017-07-25,11.17,11.17,11.17,11.17,0
IME,2017-07-26,11.17,11.17,11.17,11.17,0
IME,2017-07-27,11.17,11.17,11.17,11.17,0
IME,2017-07-28,11.17,11.17,11.17,11.17,0
IME,2017-07-31,11.17,11.17,11.17,11.17,0
IME,2017-08-01,11.17,11.17,11.17,11.17,0
IME,2017-08-02,11.17,11.17,11.17,11.17,0
IME,2017-08-03,11.17,11.17,11.17,11.17,0
IME,2017-08-04,9.49,9.49,9.49,9.49,100
IME,2017-08-07,9.49,9.49,9.49,9.49,0
IME,2017-08-08,9.49,9.49,9.49,9.49,0
IME,2017-08-09,9.49,9.49,9.49,9.49,0
IME,2017-08-10,9.49,9.49,9.49,9.49,0
IME,2017-08-11,9.49,9.49,9.49,9.49,0
IME,2017-08-14,9.49,9.49,9.49,9.49,0
IME,2017-08-15,9.49,9.49,9.49,9.49,0
IME,2017-08-16,9.49,9.49,9.49,9.49,0
IME,2017-08-17,9.49,9.49,9.49,9.49,0
IME,2017-08-18,9.49,9.49,9.49,9.49,0
IME,2017-08-21,8.14,8.14,8.14,8.14,100
IME,2017-08-22,8.14,8.14,8.14,8.14,0
IME,2017-08-23,7.18,7.18,7.18,7.18,100
IME,2017-08-24,7.18,7.18,7.18,7.18,0
IME,2017-08-25,7.18,7.18,7.18,7.18,0
IME,2017-08-28,7.18,7.18,7.18,7.18,0
IME,2017-08-29,7.18,7.18,7.18,7.18,0
IME,2017-08-30,7.18,7.18,7.18,7.18,0
IME,2017-08-31,7.18,7.18,7.18,7.18,0
IME,2017-09-01,7.18,7.18,7.18,7.18,0
IME,2017-09-05,7.18,7.18,7.18,7.18,0
IME,2017-09-06,7.18,7.18,7.18,7.18,0
IME,2017-09-07,7.18,7.18,7.18,7.18,0
IME,2017-09-08,7.18,7.18,7.18,7.18,0
IME,2017-09-11,7.18,7.18,7.18,7.18,0
IME,2017-09-12,7.18,7.18,7.18,7.18,0
IME,2017-09-13,7.18,7.18,7.18,7.18,0
IME,2017-09-14,7.18,7.18,7.18,7.18,0
IME,2017-09-15,7.18,7.18,7.18,7.18,0
IME,2017-09-18,7.18,7.18,7.18,7.18,0
IME,2017-09-19,7.18,7.18,7.18,7.18,0
IME,2017-09-20,7.18,7.18,7.18,7.18,0
IME,2017-09-21,7.18,7.18,7.18,7.18,0
IME,2017-09-22,7.18,7.18,7.18,7.18,0
IME,2017-09-25,7.18,7.18,7.18,7.18,0
IME,2017-09-26,7.18,7.18,7.18,7.18,0
IME,2017-09-27,7.18,7.18,7.18,7.18,0
IME,2017-09-28,7.18,7.18,7.18,7.18,0
IME,2017-09-29,7.18,7.18,7.18,7.18,0
IME,2017-10-02,7.18,7.18,7.18,7.18,0
IME,2017-10-03,7.18,7.18,7.18,7.18,0
IME,2017-10-04,7.18,7.18,7.18,7.18,0
IME,2017-10-05,7.18,7.18,7.18,7.18,0
IME,2017-10-06,7.18,7.18,7.18,7.18,0
IME,2017-10-09,7.18,7.18,7.18,7.18,0
IME,2017-10-10,7.18,7.18,7.18,7.18,0
IME,2017-10-11,7.18,7.18,7.18,7.18,0
IME,2017-10-12,7.18,7.18,7.18,7.18,0
IME,2017-10-13,7.18,7.18,7.18,7.18,0
IME,2017-10-16,7.18,7.18,7.18,7.18,0
IME,2017-10-17,7.18,7.18,7.18,7.18,0
IME,2017-10-18,7.18,7.18,7.18,7.18,0
IME,2017-10-19,7.18,7.18,7.18,7.18,0
IME,2017-10-20,7.18,7.18,7.18,7.18,0
IME,2017-10-23,7.18,7.18,7.18,7.18,0
IME,2017-10-24,7.18,7.18,7.18,7.18,0
IME,2017-10-25,7.18,7.18,7.18,7.18,0
IME,2017-10-26,7.18,7.18,7.18,7.18,0
IME,2017-10-27,7.18,7.18,7.18,7.18,0
IME,2017-10-30,7.18,7.18,7.18,7.18,0
IME,2017-10-31,10.05,10.05,10.05,10.05,200
IME,2017-11-01,8.62,8.62,8.62,8.62,100
IME,2017-11-02,8.62,8.62,8.62,8.62,0
IME,2017-11-03,8.62,8.62,8.62,8.62,24
IME,2017-11-06,9.89,9.89,7.34,7.34,600
IME,2017-11-07,7.74,7.74,7.74,7.74,0
IME,2017-11-08,6.86,6.86,6.86,6.86,1000
IME,2017-11-09,6.86,6.86,6.86,6.86,0
IME,2017-11-10,6.86,6.86,6.86,6.86,0
IME,2017-11-13,6.86,6.86,6.86,6.86,0
IME,2017-11-14,6.86,6.86,6.86,6.86,0
IME,2017-11-15,6.86,6.86,6.86,6.86,0
IME,2017-11-16,6.86,6.86,6.86,6.86,0
IME,2017-11-17,6.86,6.86,6.86,6.86,0
IME,2017-11-20,6.86,6.86,6.86,6.86,0
IME,2017-11-21,6.86,6.86,6.86,6.86,0
IME,2017-11-22,6.86,6.86,6.86,6.86,0
IME,2017-11-23,6.86,6.86,6.86,6.86,0
IME,2017-11-24,6.86,6.86,6.86,6.86,0
IME,2017-11-27,6.86,6.86,6.86,6.86,0
IME,2017-11-28,6.86,6.86,6.86,6.86,0
IME,2017-11-29,6.86,6.86,6.86,6.86,0
IME,2017-11-30,7.18,7.26,7.18,7.26,30000
IME,2017-12-01,7.18,7.18,7.18,7.18,0
IME,2017-12-04,7.18,7.18,7.18,7.18,0
IME,2017-12-05,7.18,7.18,7.18,7.18,0
IME,2017-12-06,7.18,7.18,7.18,7.18,0
IME,2017-12-07,7.18,7.18,7.18,7.18,0
IME,2017-12-08,7.18,7.18,7.18,7.18,0
IME,2017-12-11,7.18,7.18,7.18,7.18,0
IME,2017-12-12,7.18,7.18,7.18,7.18,0
IME,2017-12-13,7.18,7.18,7.18,7.18,0
IME,2017-12-14,7.18,7.18,7.18,7.18,0
IME,2017-12-15,7.18,7.18,7.18,7.18,0
IME,2017-12-18,7.18,7.18,7.18,7.18,0
IME,2017-12-19,7.18,7.18,7.18,7.18,0
IME,2017-12-20,7.18,7.18,7.18,7.18,0
IME,2017-12-21,7.18,7.18,7.18,7.18,0
IME,2017-12-22,7.18,7.18,7.18,7.18,0
IME,2017-12-25,7.18,7.18,7.18,7.18,0
IME,2017-12-26,7.18,7.18,7.18,7.18,0
IME,2017-12-27,7.18,7.18,7.18,7.18,0
IME,2017-12-28,7.18,7.18,7.18,7.18,0
IME,2017-12-29,7.18,7.18,7.18,7.18,0
IME,2018-01-02,7.18,7.18,7.18,7.18,0
IME,2018-01-03,7.18,7.18,7.18,7.18,0
IME,2018-01-04,7.18,7.18,7.18,7.18,0
IME,2018-01-05,7.18,7.18,7.18,7.18,0
IME,2018-01-08,7.18,7.18,7.18,7.18,0
IME,2018-01-09,7.18,7.18,7.18,7.18,0
IME,2018-01-10,7.18,7.18,7.18,7.18,0
IME,2018-01-11,7.18,7.18,7.18,7.18,0
IME,2018-01-12,7.18,7.18,7.18,7.18,0
IME,2018-01-15,10.05,10.05,10.05,10.05,200
IME,2018-01-16,10.37,10.37,10.37,10.37,200
IME,2018-01-17,8.86,8.86,8.86,8.86,100
IME,2018-01-18,8.86,8.86,8.86,8.86,0
IME,2018-01-19,7.58,7.58,7.58,7.58,100
IME,2018-01-22,7.58,7.58,7.58,7.58,0
IME,2018-01-23,7.58,7.58,7.58,7.58,0
IME,2018-01-24,7.58,7.58,7.58,7.58,0
IME,2018-01-25,7.58,7.58,7.58,7.58,0
IME,2018-01-26,7.58,7.58,7.58,7.58,40
IME,2018-01-29,7.58,7.58,7.58,7.58,0
IME,2018-01-30,7.58,7.58,7.58,7.58,0
IME,2018-01-31,7.58,7.58,7.58,7.58,10
IME,2018-02-01,7.58,7.58,7.58,7.58,0
IME,2018-02-02,7.58,7.58,7.58,7.58,0
IME,2018-02-05,7.58,7.58,7.58,7.58,0
IME,2018-02-06,7.58,7.58,7.58,7.58,0
IME,2018-02-07,7.58,7.58,7.58,7.58,0
IME,2018-02-08,7.58,7.58,7.58,7.58,0
IME,2018-02-09,7.58,7.58,7.58,7.58,0
IME,2018-02-12,7.58,7.58,7.58,7.58,0
IME,2018-02-13,7.58,7.58,7.58,7.58,0
IME,2018-02-21,7.58,7.58,7.58,7.58,0
IME,2018-02-22,7.58,7.58,7.58,7.58,0
IME,2018-02-23,7.58,7.58,7.58,7.58,0
IME,2018-02-26,7.58,7.58,7.58,7.58,0
IME,2018-02-27,7.58,7.58,7.58,7.58,0
IME,2018-02-28,7.58,7.58,7.58,7.58,0
IME,2018-03-01,7.58,7.58,7.58,7.58,0
IME,2018-03-02,7.58,7.58,7.58,7.58,0
IME,2018-03-05,7.58,7.58,7.58,7.58,0
IME,2018-03-06,7.58,7.58,7.58,7.58,0
IME,2018-03-07,7.58,7.58,7.58,7.58,0
IME,2018-03-08,9.97,9.97,9.97,9.97,100
IME,2018-03-09,9.97,9.97,9.97,9.97,0
IME,2018-03-12,9.97,9.97,9.97,9.97,0
IME,2018-03-13,8.54,8.54,8.54,8.54,100
IME,2018-03-14,8.54,8.54,8.54,8.54,0
IME,2018-03-15,8.54,8.54,8.54,8.54,0
IME,2018-03-16,8.54,8.54,8.54,8.54,0
IME,2018-03-19,8.54,8.54,8.54,8.54,0
IME,2018-03-20,8.54,8.54,8.54,8.54,0
IME,2018-03-21,8.54,8.54,8.54,8.54,0
IME,2018-03-22,8.54,8.54,8.54,8.54,0
IME,2018-03-23,8.54,8.54,8.54,8.54,0
IME,2018-03-26,8.54,8.54,8.54,8.54,0
IME,2018-03-27,7.26,7.26,7.26,7.26,100
IME,2018-03-28,6.54,6.54,6.54,6.54,100
IME,2018-03-29,6.54,6.54,6.54,6.54,8
IME,2018-03-30,6.06,6.06,6.06,6.06,102
IME,2018-04-02,6.06,6.06,6.06,6.06,62
IME,2018-04-03,6.06,6.06,6.06,6.06,0
IME,2018-04-04,6.06,6.06,6.06,6.06,0
IME,2018-04-05,6.06,6.06,6.06,6.06,0
IME,2018-04-06,6.06,6.06,6.06,6.06,0
IME,2018-04-09,6.06,6.06,6.06,6.06,0
IME,2018-04-10,6.06,6.06,6.06,7.56,10
IME,2018-04-11,6.06,6.06,6.06,6.06,0
IME,2018-04-12,6.06,6.06,6.06,6.06,0
IME,2018-04-13,6.06,6.06,6.06,6.06,0
IME,2018-04-16,6.06,6.06,6.06,6.06,0
IME,2018-04-17,6.06,6.06,6.06,6.06,0
IME,2018-04-18,6.06,6.06,6.06,6.06,0
IME,2018-04-19,6.06,6.06,6.06,6.06,0
IME,2018-04-20,6.06,6.06,6.06,6.06,0
IME,2018-04-23,6.06,6.06,6.06,6.06,0
IME,2018-04-24,6.06,6.06,6.06,6.06,0
IME,2018-04-26,6.06,6.06,6.06,6.06,0
IME,2018-04-27,6.06,6.06,6.06,6.06,0
IME,2018-05-02,6.06,6.06,6.06,6.06,0
IME,2018-05-03,6.06,6.06,6.06,6.06,0
IME,2018-05-04,6.06,6.06,6.06,6.06,0
IME,2018-05-07,6.06,6.06,6.06,6.06,0
IME,2018-05-08,6.96,6.96,6.96,6.96,100
IME,2018-05-09,6.96,6.96,6.96,6.96,0
IME,2018-05-10,6.96,6.96,6.96,6.96,0
IME,2018-05-11,6.96,6.96,6.96,6.96,0
IME,2018-05-14,6.96,6.96,6.96,6.96,0
IME,2018-05-15,6.96,6.96,6.96,6.96,0
IME,2018-05-16,6.96,6.96,6.96,6.96,0
IME,2018-05-17,6.96,6.96,6.96,6.96,0
IME,2018-05-18,6.96,6.96,6.96,6.96,0
IME,2018-05-21,6.96,6.96,6.96,6.96,0
IME,2018-05-22,6.96,6.96,6.96,6.96,0
IME,2018-05-23,6.96,6.96,6.96,6.96,22
IME,2018-05-24,6.96,6.96,6.96,6.96,0
IME,2018-05-25,6.96,6.96,6.96,6.96,0
IME,2018-05-28,6.96,6.96,6.96,6.96,0
IME,2018-05-29,6.96,6.96,6.96,6.96,0
IME,2018-05-30,6.96,6.96,6.96,6.96,0
IME,2018-05-31,6.96,6.96,6.96,6.96,0
IME,2018-06-01,6.96,6.96,6.96,6.96,0
IME,2018-06-04,6.96,6.96,6.96,6.96,0
IME,2018-06-05,6.96,6.96,6.96,6.96,0
IME,2018-06-06,6.96,6.96,6.96,6.96,0
IME,2018-06-07,6.96,6.96,6.96,6.96,0
IME,2018-06-08,6.96,6.96,6.96,6.96,0
IME,2018-06-11,6.96,6.96,6.96,6.96,0
IME,2018-06-12,6.96,6.96,6.96,6.96,0
IME,2018-06-13,6.96,6.96,6.96,6.96,0
IME,2018-06-14,6.96,6.96,6.96,6.96,0
IME,2018-06-15,6.96,6.96,6.96,6.96,0
IME,2018-06-18,6.96,6.96,6.96,6.96,0
IME,2018-06-19,6.96,6.96,6.96,6.96,0
IME,2018-06-20,6.96,6.96,6.96,6.96,0
IME,2018-06-21,6.96,6.96,6.96,6.96,0
IME,2018-06-22,6.96,6.96,6.96,6.96,0
IME,2018-06-25,9.74,9.74,9.74,9.74,100
IME,2018-06-26,11.13,11.13,11.13,11.13,100
IME,2018-06-27,11.13,11.13,11.13,11.13,0
IME,2018-06-28,11.13,11.13,11.13,11.13,0
IME,2018-06-29,9.54,9.54,9.54,9.54,100
IME,2018-07-02,9.54,9.54,9.54,9.54,0
IME,2018-07-03,8.35,8.35,8.35,8.35,100
IME,2018-07-04,8.35,8.35,8.35,8.35,0
IME,2018-07-05,8.35,8.35,8.35,8.35,0
IME,2018-07-06,8.35,8.35,8.35,8.35,0
IME,2018-07-09,8.35,8.35,8.35,8.35,0
IME,2018-07-10,8.35,8.35,8.35,8.35,0
IME,2018-07-11,7.56,7.56,7.56,7.56,100
IME,2018-07-12,7.56,7.56,7.56,7.56,0
IME,2018-07-13,7.56,7.56,7.56,7.56,0
IME,2018-07-16,7.56,7.56,7.56,7.56,0
IME,2018-07-17,7.56,7.56,7.56,7.56,0
IME,2018-07-18,7.06,7.06,7.06,7.06,100
IME,2018-07-19,7.06,7.06,7.06,7.06,0
IME,2018-07-20,7.06,7.06,7.06,7.06,0
IME,2018-07-23,7.06,7.06,7.06,7.06,0
IME,2018-07-24,7.06,7.06,7.06,7.06,0
IME,2018-07-25,7.06,7.06,7.06,7.06,0
IME,2018-07-26,7.06,7.06,7.06,7.06,0
IME,2018-07-27,7.06,7.06,7.06,7.06,0
IME,2018-07-30,7.06,7.06,7.06,7.06,0
IME,2018-07-31,7.06,7.06,7.06,7.06,0
IME,2018-08-01,7.06,7.06,7.06,7.06,0
IME,2018-08-02,7.06,7.06,7.06,7.06,0
IME,2018-08-03,7.06,7.06,7.06,7.06,0
IME,2018-08-06,7.06,7.06,7.06,7.06,0
IME,2018-08-07,7.06,7.06,7.06,7.06,0
IME,2018-08-08,7.06,7.06,7.06,7.06,0
IME,2018-08-09,7.06,7.06,7.06,7.06,0
IME,2018-08-10,7.06,7.06,7.06,7.06,0
IME,2018-08-13,7.06,7.06,7.06,7.06,0
IME,2018-08-14,7.06,7.06,7.06,7.06,0
IME,2018-08-15,7.06,7.06,7.06,7.06,0
IME,2018-08-16,7.06,7.06,7.06,7.06,0
IME,2018-08-17,7.06,7.06,7.06,7.06,0
IME,2018-08-20,7.06,7.06,7.06,7.06,0
IME,2018-08-21,7.06,7.06,7.06,7.06,0
IME,2018-08-22,7.06,7.06,7.06,7.06,0
IME,2018-08-23,7.06,7.06,7.06,7.06,0
IME,2018-08-24,7.06,7.06,7.06,7.06,0
IME,2018-08-27,9.84,9.84,9.84,9.84,200
IME,2018-08-28,9.84,9.84,9.84,9.84,0
IME,2018-08-29,9.84,9.84,9.84,9.84,0
IME,2018-08-30,9.84,9.84,9.84,9.84,0
IME,2018-08-31,9.84,9.84,9.84,9.84,0
IME,2018-09-04,11.23,11.23,11.23,11.23,100
IME,2018-09-05,11.43,12.82,11.43,12.82,300
IME,2018-09-06,11.93,11.93,11.93,11.93,0
IME,2018-09-07,11.93,11.93,11.93,11.93,0
IME,2018-09-10,10.24,10.24,10.24,10.24,100
IME,2018-09-11,10.24,10.24,10.24,10.24,0
IME,2018-09-12,10.24,10.24,10.24,10.24,0
IME,2018-09-13,10.24,10.24,10.24,10.24,0
IME,2018-09-14,8.95,11.73,8.95,11.73,200
IME,2018-09-17,10.44,10.44,10.44,10.44,100
IME,2018-09-18,10.44,10.44,10.44,10.44,100
IME,2018-09-19,11.93,11.93,11.93,11.93,100
IME,2018-09-20,13.72,13.72,13.72,13.72,100
IME,2018-09-21,11.83,15.61,11.83,15.61,200
IME,2018-09-24,11.73,12.43,11.73,12.43,300
IME,2018-09-25,12.23,12.23,12.23,12.23,0
IME,2018-09-26,10.44,10.44,10.44,10.44,100
IME,2018-09-27,11.93,11.93,11.93,11.93,100
IME,2018-09-28,11.93,11.93,11.93,11.93,0
IME,2018-10-01,10.44,12.43,10.44,12.43,400
IME,2018-10-02,11.93,11.93,11.93,11.93,0
IME,2018-10-03,11.93,11.93,11.93,11.93,0
IME,2018-10-04,11.93,11.93,11.93,11.93,100
IME,2018-10-05,10.34,10.34,10.34,10.34,100
IME,2018-10-08,10.34,10.34,10.34,10.34,0
IME,2018-10-09,10.34,10.34,10.34,10.34,0
IME,2018-10-10,11.83,11.83,11.83,11.83,100
IME,2018-10-11,11.83,11.83,11.83,11.83,0
IME,2018-10-12,11.83,11.83,11.83,11.83,0
IME,2018-10-15,10.14,10.14,10.14,10.14,100
IME,2018-10-16,10.14,10.14,10.14,10.14,0
IME,2018-10-17,10.14,10.14,10.14,10.14,0
IME,2018-10-18,11.63,11.63,11.63,11.63,100
IME,2018-10-19,10.14,10.14,10.14,10.14,100
IME,2018-10-22,10.14,10.14,10.14,10.14,0
IME,2018-10-23,9.15,9.15,9.15,9.15,100
IME,2018-10-24,9.15,9.15,9.15,9.15,0
IME,2018-10-25,9.15,9.15,9.15,9.15,0
IME,2018-10-26,9.15,9.15,9.15,9.15,100
IME,2018-10-29,9.15,9.15,9.15,9.15,0
IME,2018-10-30,9.15,9.15,9.15,9.15,0
IME,2018-10-31,9.15,9.15,9.15,9.15,0
IME,2018-11-01,9.15,9.15,9.15,9.15,0
IME,2018-11-02,9.15,9.15,9.15,9.15,60
IME,2018-11-05,9.15,9.15,9.15,9.15,0
IME,2018-11-06,9.15,9.15,9.15,9.15,0
IME,2018-11-07,9.15,9.15,9.15,9.15,0
IME,2018-11-08,9.15,9.15,9.15,9.15,0
IME,2018-11-09,9.15,9.15,9.15,9.15,0
IME,2018-11-12,9.15,9.15,9.15,9.15,0
IME,2018-11-13,9.15,9.15,9.15,9.15,0
IME,2018-11-14,8.05,10.44,8.05,10.44,200
IME,2018-11-15,9.25,9.25,9.25,9.25,0
IME,2018-11-16,9.25,9.25,9.25,9.25,0
IME,2018-11-19,9.25,9.25,9.25,9.25,0
IME,2018-11-20,10.54,10.54,10.54,10.54,100
IME,2018-11-21,9.05,9.05,9.05,9.05,100
IME,2018-11-22,9.05,9.05,9.05,9.05,0
IME,2018-11-23,9.05,9.05,9.05,9.05,0
IME,2018-11-26,9.05,9.05,9.05,9.05,0
IME,2018-11-27,9.05,9.05,9.05,9.05,0
IME,2018-11-28,10.34,10.34,10.34,10.34,100
IME,2018-11-29,11.83,11.83,11.83,11.83,100
IME,2018-11-30,10.14,12.92,10.14,12.92,600
IME,2018-12-03,10.64,14.22,10.64,14.22,200
IME,2018-12-04,10.64,13.42,10.64,13.42,200
IME,2018-12-05,10.64,13.22,10.64,13.22,200
IME,2018-12-06,10.64,13.72,10.64,13.72,200
IME,2018-12-07,10.94,14.02,10.94,14.02,200
IME,2018-12-10,10.94,14.32,10.94,14.32,200
IME,2018-12-11,11.13,11.13,11.13,11.13,100
IME,2018-12-12,12.72,12.72,12.72,12.72,100
IME,2018-12-13,12.72,12.72,12.72,12.72,0
IME,2018-12-14,11.03,12.92,11.03,12.92,200
IME,2018-12-17,10.54,10.54,10.54,10.54,100
IME,2018-12-18,12.03,12.03,12.03,12.03,100
IME,2018-12-19,10.74,10.74,10.74,10.74,100
IME,2018-12-20,12.33,12.33,12.33,12.33,200
IME,2018-12-21,12.33,12.33,12.33,12.33,0
IME,2018-12-24,12.33,12.33,12.33,12.33,100
IME,2018-12-25,12.33,12.33,12.33,12.33,0
IME,2018-12-26,12.33,12.33,12.33,12.33,0
IME,2018-12-27,12.33,12.33,12.33,12.33,0
IME,2018-12-28,12.33,12.33,12.33,12.33,0
IME,2019-01-02,10.74,10.74,10.74,10.74,100
IME,2019-01-03,12.33,12.33,12.33,12.33,100
IME,2019-01-04,12.33,12.33,12.33,12.33,0
IME,2019-01-07,10.94,10.94,10.94,10.94,100
IME,2019-01-08,12.53,12.53,12.53,12.53,100
IME,2019-01-09,12.53,12.53,12.53,12.53,0
IME,2019-01-10,10.94,10.94,10.94,10.94,100
IME,2019-01-11,12.53,12.53,12.53,12.53,100
IME,2019-01-14,12.53,12.53,12.53,12.53,0
IME,2019-01-15,11.03,11.03,11.03,11.03,100
IME,2019-01-16,12.63,12.63,12.63,12.63,100
IME,2019-01-17,12.63,12.63,12.63,12.63,0
IME,2019-01-18,11.13,12.33,11.13,12.33,200
IME,2019-01-21,11.13,11.13,11.13,11.13,100
IME,2019-01-22,11.13,11.13,11.13,11.13,0
IME,2019-01-23,12.72,12.72,12.72,12.72,100
IME,2019-01-24,13.12,13.12,13.12,13.12,100
IME,2019-01-25,13.12,13.12,13.12,13.12,0
IME,2019-01-28,13.12,13.12,13.12,13.12,0
IME,2019-01-29,11.53,11.53,11.53,11.53,100
IME,2019-01-30,11.53,11.53,11.53,11.53,0
IME,2019-01-31,11.53,11.53,11.53,11.53,0
IME,2019-02-01,11.53,11.53,11.53,11.53,0
IME,2019-02-11,12.82,12.82,12.82,12.82,100
IME,2019-02-12,12.82,12.82,12.82,12.82,0
IME,2019-02-13,12.82,12.82,12.82,12.82,60
IME,2019-02-14,12.82,12.82,12.82,12.82,0
IME,2019-02-15,12.82,12.82,12.82,12.82,0
IME,2019-02-18,12.82,12.82,12.82,12.82,0
IME,2019-02-19,11.93,11.93,11.93,11.93,100
IME,2019-02-20,11.93,11.93,11.93,11.93,0
IME,2019-02-21,11.93,11.93,11.93,11.93,0
IME,2019-02-22,11.93,11.93,11.93,11.93,0
IME,2019-02-25,11.03,11.03,11.03,11.03,100
IME,2019-02-26,12.63,12.63,12.63,12.63,100
IME,2019-02-27,12.63,12.63,12.63,12.63,0
IME,2019-02-28,11.43,11.43,11.43,11.43,100
IME,2019-03-01,11.33,13.12,11.33,13.12,300
IME,2019-03-04,12.43,13.12,13.12,13.12,0
IME,2019-03-05,13.12,13.12,13.12,13.12,200
IME,2019-03-06,13.42,13.42,13.42,13.42,100
IME,2019-03-07,12.43,12.43,12.43,12.43,100
IME,2019-03-08,12.43,12.43,12.43,12.43,0
IME,2019-03-11,12.43,12.43,12.43,12.43,0
IME,2019-03-12,12.43,12.43,12.43,12.43,0
IME,2019-03-13,12.43,12.43,12.43,12.43,0
IME,2019-03-14,11.53,11.53,11.53,11.53,100
IME,2019-03-15,13.22,13.22,13.22,13.22,100
IME,2019-03-18,12.03,15.11,12.03,15.11,200
IME,2019-03-19,15.11,15.11,15.11,15.11,100
IME,2019-03-20,15.11,15.11,15.11,15.11,0
IME,2019-03-21,15.11,15.11,15.11,15.11,0
IME,2019-03-22,17.3,17.3,17.3,17.3,100
IME,2019-03-25,17.3,17.3,17.3,17.3,0
IME,2019-03-26,17.3,17.3,17.3,17.3,0
IME,2019-03-27,19.88,19.88,14.71,14.71,200
IME,2019-03-28,17.3,14.71,14.71,14.71,0
IME,2019-03-29,15.01,15.01,15.01,15.01,100
IME,2019-04-01,12.82,12.82,12.82,12.82,100
IME,2019-04-02,12.82,12.82,12.82,12.82,0
IME,2019-04-03,14.61,14.61,14.61,14.61,140
IME,2019-04-04,12.43,12.43,12.43,12.43,300
IME,2019-04-05,14.22,14.22,14.22,14.22,100
IME,2019-04-08,14.22,14.22,14.22,14.22,0
IME,2019-04-09,14.22,14.22,14.22,14.22,0
IME,2019-04-10,14.22,14.22,14.22,14.22,0
IME,2019-04-11,14.22,14.22,14.22,14.22,0
IME,2019-04-12,14.22,14.22,14.22,14.22,0
IME,2019-04-16,14.22,14.22,14.22,14.22,0
IME,2019-04-17,14.22,14.22,14.22,14.22,0
IME,2019-04-18,14.22,14.22,14.22,14.22,0
IME,2019-04-19,14.22,14.22,14.22,14.22,0
IME,2019-04-22,14.22,14.22,14.22,14.22,0
IME,2019-04-23,14.22,14.22,14.22,14.22,0
IME,2019-04-24,14.22,14.22,14.22,14.22,0
IME,2019-04-25,14.22,14.22,14.22,14.22,0
IME,2019-04-26,14.22,14.22,14.22,14.22,0
IME,2019-05-02,14.22,14.22,14.22,14.22,0
IME,2019-05-03,16.3,16.3,16.3,16.3,100
IME,2019-05-06,14.02,14.02,14.02,14.02,100
IME,2019-05-07,15.51,15.51,15.51,15.51,100
IME,2019-05-08,15.51,15.51,15.51,15.51,0
IME,2019-05-09,15.51,15.51,15.51,15.51,0
IME,2019-05-10,15.51,15.51,15.51,15.51,0
IME,2019-05-13,15.51,15.51,15.51,15.51,0
IME,2019-05-14,15.51,15.51,15.51,15.51,0
IME,2019-05-15,15.51,15.51,15.51,15.51,0
IME,2019-05-16,15.51,15.51,15.51,15.51,0
IME,2019-05-17,15.51,15.51,15.51,15.51,0
IME,2019-05-20,15.51,15.51,15.51,15.51,0
IME,2019-05-21,15.51,15.51,15.51,15.51,0
IME,2019-05-22,15.51,15.51,15.51,15.51,0
IME,2019-05-23,15.51,15.51,15.51,15.51,0
IME,2019-05-24,15.51,15.51,15.51,15.51,0
IME,2019-05-27,15.51,15.51,15.51,15.51,0
IME,2019-05-28,15.51,15.51,15.51,15.51,0
IME,2019-05-29,15.51,15.51,15.51,15.51,0
IME,2019-05-30,15.51,15.51,15.51,15.51,0
IME,2019-05-31,15.51,15.51,15.51,15.51,0
IME,2019-06-03,15.51,15.51,15.51,15.51,0
IME,2019-06-04,15.51,15.51,15.51,15.51,0
IME,2019-06-05,15.51,15.51,15.51,15.51,0
IME,2019-06-06,15.51,15.51,15.51,15.51,0
IME,2019-06-07,15.51,15.51,15.51,15.51,0
IME,2019-06-10,15.51,15.51,15.51,15.51,0
IME,2019-06-11,15.51,15.51,15.51,15.51,0
IME,2019-06-12,15.51,15.51,15.51,15.51,0
IME,2019-06-13,15.51,15.51,15.51,15.51,0
IME,2019-06-14,15.51,15.51,15.51,15.51,0
IME,2019-06-17,15.51,15.51,15.51,15.51,0
IME,2019-06-18,15.51,15.51,15.51,15.51,0
IME,2019-06-19,15.31,15.31,15.31,15.31,100
IME,2019-06-20,15.31,15.31,15.31,15.31,0
IME,2019-06-21,17.6,17.6,17.6,17.6,100
IME,2019-06-24,17.6,17.6,17.6,17.6,0
IME,2019-06-25,17.6,17.6,17.6,17.6,17
IME,2019-06-26,20.18,20.18,20.18,20.18,113
IME,2019-06-27,20.18,20.18,20.18,20.18,0
IME,2019-06-28,23.16,23.16,23.16,23.16,100
IME,2019-07-01,23.16,23.16,23.16,23.16,0
IME,2019-07-02,26.54,26.54,26.54,26.54,100
IME,2019-07-03,30.52,30.52,30.52,30.52,200
IME,2019-07-04,30.52,30.52,30.52,30.52,0
IME,2019-07-05,30.52,30.52,30.52,30.52,0
IME,2019-07-08,30.52,30.52,30.52,30.52,0
IME,2019-07-09,30.52,30.52,30.52,30.52,0
IME,2019-07-10,30.52,30.52,30.52,30.52,0
IME,2019-07-11,30.52,30.52,30.52,30.52,0
IME,2019-07-12,30.52,30.52,30.52,30.52,0
IME,2019-07-15,30.52,30.52,30.52,30.52,0
IME,2019-07-16,30.52,30.52,30.52,30.52,0
IME,2019-07-17,30.52,30.52,30.52,30.52,0
IME,2019-07-18,30.52,30.52,30.52,30.52,0
IME,2019-07-19,30.52,30.52,30.52,30.52,0
IME,2019-07-22,30.52,30.52,30.52,30.52,0
IME,2019-07-23,30.52,30.52,30.52,30.52,0
IME,2019-07-24,30.52,30.52,30.52,30.52,0
IME,2019-07-25,30.52,30.52,30.52,30.52,0
IME,2019-07-26,30.52,30.52,30.52,30.52,0
IME,2019-07-29,30.52,30.52,30.52,30.52,0
IME,2019-07-30,30.52,30.52,30.52,30.52,0
IME,2019-07-31,30.52,30.52,30.52,30.52,0
IME,2019-08-01,30.52,30.52,30.52,30.52,0
IME,2019-08-02,30.52,30.52,30.52,30.52,0
IME,2019-08-05,30.52,30.52,30.52,30.52,0
IME,2019-08-06,30.52,30.52,30.52,30.52,0
IME,2019-08-07,30.52,30.52,30.52,30.52,0
IME,2019-08-08,30.52,30.52,30.52,30.52,0
IME,2019-08-09,30.52,30.52,30.52,30.52,0
IME,2019-08-12,30.52,30.52,30.52,30.52,0
IME,2019-08-13,30.52,30.52,30.52,30.52,0
IME,2019-08-14,30.52,30.52,30.52,30.52,0
IME,2019-08-15,30.52,30.52,30.52,30.52,0
IME,2019-08-16,30.52,30.52,30.52,30.52,0
IME,2019-08-19,30.52,30.52,30.52,30.52,0
IME,2019-08-20,30.52,30.52,30.52,30.52,0
IME,2019-08-21,30.52,30.52,30.52,30.52,0
IME,2019-08-22,30.52,30.52,30.52,30.52,0
IME,2019-08-23,30.52,30.52,30.52,30.52,0
IME,2019-08-26,30.52,30.52,30.52,30.52,0
IME,2019-08-27,30.52,30.52,30.52,30.52,0
IME,2019-08-28,30.52,30.52,30.52,30.52,0
IME,2019-08-29,30.52,30.52,30.52,30.52,0
IME,2019-08-30,30.52,30.52,30.52,30.52,0
IME,2019-09-03,30.52,30.52,30.52,30.52,0
IME,2019-09-04,30.52,30.52,30.52,30.52,0
IME,2019-09-05,30.52,30.52,30.52,30.52,0
IME,2019-09-06,30.52,30.52,30.52,30.52,0
IME,2019-09-09,30.52,30.52,30.52,30.52,0
IME,2019-09-10,30.52,30.52,30.52,30.52,0
IME,2019-09-11,30.52,30.52,30.52,30.52,0
IME,2019-09-12,30.52,30.52,30.52,30.52,0
IME,2019-09-13,30.52,30.52,30.52,30.52,0
IME,2019-09-16,30.52,30.52,30.52,30.52,0
IME,2019-09-17,18.39,18.39,18.39,18.39,100
IME,2019-09-18,15.71,15.71,15.71,15.71,100
IME,2019-09-19,15.71,15.71,15.71,15.71,0
IME,2019-09-20,15.71,15.71,15.71,15.71,0
IME,2019-09-23,15.71,15.71,15.71,15.71,0
IME,2019-09-24,15.71,15.71,15.71,15.71,0
IME,2019-09-25,15.71,15.71,15.71,15.71,0
IME,2019-09-26,15.71,15.71,15.71,15.71,0
IME,2019-09-27,15.71,15.71,15.71,15.71,0
IME,2019-09-30,13.72,13.72,13.72,13.72,100
IME,2019-10-01,13.72,13.72,13.72,13.72,0
IME,2019-10-02,13.72,13.72,13.72,13.72,0
IME,2019-10-03,13.72,13.72,13.72,13.72,0
IME,2019-10-04,13.72,13.72,13.72,13.72,0
IME,2019-10-07,13.72,13.72,13.72,13.72,0
IME,2019-10-08,13.72,13.72,13.72,13.72,0
IME,2019-10-09,13.72,13.72,13.72,13.72,0
IME,2019-10-10,13.72,13.72,13.72,13.72,0
IME,2019-10-11,13.72,13.72,13.72,13.72,0
IME,2019-10-14,13.72,13.72,13.72,13.72,0
IME,2019-10-15,13.72,13.72,13.72,13.72,0
IME,2019-10-16,13.72,13.72,13.72,13.72,0
IME,2019-10-17,13.72,13.72,13.72,13.72,0
IME,2019-10-18,13.72,13.72,13.72,13.72,0
IME,2019-10-21,13.72,13.72,13.72,13.72,0
IME,2019-10-22,13.72,13.72,13.72,13.72,0
IME,2019-10-23,13.72,13.72,13.72,13.72,0
IME,2019-10-24,13.72,13.72,13.72,13.72,0
IME,2019-10-25,13.72,13.72,13.72,13.72,0
IME,2019-10-28,13.72,13.72,13.72,13.72,0
IME,2019-10-29,13.72,13.72,13.72,13.72,0
IME,2019-10-30,13.72,13.72,13.72,13.72,6
IME,2019-10-31,13.72,13.72,13.72,13.72,0
IME,2019-11-01,13.72,13.72,13.72,13.72,0
IME,2019-11-04,13.72,13.72,13.72,13.72,0
IME,2019-11-05,13.72,13.72,13.72,13.72,0
IME,2019-11-06,11.93,11.93,11.93,11.93,100
IME,2019-11-07,11.93,11.93,11.93,11.93,0
IME,2019-11-08,11.93,11.93,11.93,11.93,0
IME,2019-11-11,11.93,11.93,11.93,11.93,0
IME,2019-11-12,11.93,11.93,11.93,11.93,0
IME,2019-11-13,11.93,11.93,11.93,11.93,0
IME,2019-11-14,11.93,11.93,11.93,11.93,0
IME,2019-11-15,11.93,11.93,11.93,11.93,0
IME,2019-11-18,11.93,11.93,11.93,11.93,0
IME,2019-11-19,11.93,11.93,11.93,11.93,0
IME,2019-11-20,11.93,11.93,11.93,11.93,100
IME,2019-11-21,11.93,11.93,11.93,11.93,0
IME,2019-11-22,11.93,11.93,11.93,11.93,0
IME,2019-11-25,11.93,11.93,11.93,11.93,0
IME,2019-11-26,11.93,11.93,11.93,11.93,0
IME,2019-11-27,11.93,11.93,11.93,11.93,0
IME,2019-11-28,11.93,11.93,11.93,11.93,0
IME,2019-11-29,11.93,11.93,11.93,11.93,0
IME,2019-12-02,11.93,11.93,11.93,11.93,0
IME,2019-12-03,11.93,11.93,11.93,11.93,0
IME,2019-12-04,11.93,11.93,11.93,11.93,0
IME,2019-12-05,11.93,11.93,11.93,11.93,0
IME,2019-12-06,11.93,11.93,11.93,11.93,0
IME,2019-12-09,11.93,11.93,11.93,11.93,0
IME,2019-12-10,11.93,11.93,11.93,11.93,0
IME,2019-12-11,11.93,11.93,11.93,11.93,0
IME,2019-12-12,11.93,11.93,11.93,11.93,0
IME,2019-12-13,11.93,11.93,11.93,11.93,0
IME,2019-12-16,11.93,11.93,11.93,11.93,0
IME,2019-12-17,11.93,11.93,11.93,11.93,0
IME,2019-12-18,10.14,10.14,10.14,10.14,100
IME,2019-12-19,10.14,10.14,10.14,10.14,0
IME,2019-12-20,10.14,10.14,10.14,10.14,0
IME,2019-12-23,10.14,10.14,10.14,10.14,0
IME,2019-12-24,10.14,10.14,10.14,10.14,0
IME,2019-12-25,10.14,10.14,10.14,10.14,0
IME,2019-12-26,10.14,10.14,10.14,10.14,0
IME,2019-12-27,10.14,10.14,10.14,10.14,0
IME,2019-12-30,10.14,10.14,10.14,10.14,0
IME,2019-12-31,10.14,10.14,10.14,10.14,0
IME,2020-01-02,10.14,10.14,10.14,10.14,0
IME,2020-01-03,10.14,10.14,10.14,10.14,0
IME,2020-01-06,10.14,10.14,10.14,10.14,0
IME,2020-01-07,10.14,10.14,10.14,10.14,0
IME,2020-01-08,10.14,10.14,10.14,10.14,0
IME,2020-01-09,10.14,10.14,10.14,10.14,0
IME,2020-01-10,10.14,10.14,10.14,10.14,0
IME,2020-01-13,10.14,10.14,10.14,10.14,0
IME,2020-01-14,10.14,10.14,10.14,10.14,0
IME,2020-01-15,10.14,10.14,10.14,10.14,0
IME,2020-01-16,10.14,10.14,10.14,10.14,0
IME,2020-01-17,10.14,10.14,10.14,10.14,0
IME,2020-01-20,10.14,10.14,10.14,10.14,0
IME,2020-01-21,10.14,10.14,10.14,10.14,0
IME,2020-01-22,10.14,10.14,10.14,10.14,0
IME,2020-01-30,10.14,10.14,10.14,10.14,0
IME,2020-01-31,10.14,10.14,10.14,10.14,0
IME,2020-02-03,10.14,10.14,10.14,10.14,0
IME,2020-02-04,10.14,10.14,10.14,10.14,0
IME,2020-02-05,10.14,10.14,10.14,10.14,0
IME,2020-02-06,10.14,10.14,10.14,10.14,0
IME,2020-02-07,10.14,10.14,10.14,10.14,0
IME,2020-02-10,10.14,10.14,10.14,10.14,0
IME,2020-02-11,10.14,10.14,10.14,10.14,0
IME,2020-02-12,10.14,10.14,10.14,10.14,0
IME,2020-02-13,10.14,10.14,10.14,10.14,0
IME,2020-02-14,10.14,10.14,10.14,10.14,0
IME,2020-02-17,10.14,10.14,10.14,10.14,0
IME,2020-02-18,10.14,10.14,10.14,10.14,0
IME,2020-02-19,10.14,10.14,10.14,10.14,0
IME,2020-02-20,10.14,10.14,10.14,10.14,0
IME,2020-02-21,10.14,10.14,10.14,10.14,0
IME,2020-02-24,10.14,10.14,10.14,10.14,0
IME,2020-02-25,10.14,10.14,10.14,10.14,0
IME,2020-02-26,10.14,10.14,10.14,10.14,0
IME,2020-02-27,10.14,10.14,10.14,10.14,0
IME,2020-02-28,10.14,10.14,10.14,10.14,0
IME,2020-03-02,10.14,10.14,10.14,10.14,0
IME,2020-03-03,10.14,10.14,10.14,10.14,0
IME,2020-03-04,10.14,10.14,10.14,10.14,0
IME,2020-03-05,10.14,10.14,10.14,10.14,0
IME,2020-03-06,10.14,10.14,10.14,10.14,0
IME,2020-03-09,10.14,10.14,10.14,10.14,0
IME,2020-03-10,10.14,10.14,10.14,10.14,0
IME,2020-03-11,10.14,10.14,10.14,10.14,0
IME,2020-03-12,10.14,10.14,10.14,10.14,0
IME,2020-03-13,10.14,10.14,10.14,10.14,0
IME,2020-03-16,10.14,10.14,10.14,10.14,0
IME,2020-03-17,10.14,10.14,10.14,10.14,0
IME,2020-03-18,10.14,10.14,10.14,10.14,0
IME,2020-03-19,10.14,10.14,10.14,10.14,0
IME,2020-03-20,10.14,10.14,10.14,10.14,0
IME,2020-03-23,10.14,10.14,10.14,10.14,0
IME,2020-03-24,10.14,10.14,10.14,10.14,0
IME,2020-03-25,10.14,10.14,10.14,10.14,0
IME,2020-03-26,10.14,10.14,10.14,10.14,0
IME,2020-03-27,10.14,10.14,10.14,10.14,0
IME,2020-03-30,10.14,10.14,10.14,10.14,0
IME,2020-03-31,10.14,10.14,10.14,10.14,0
IME,2020-04-01,10.14,10.14,10.14,10.14,0
IME,2020-04-03,10.14,10.14,10.14,10.14,0
IME,2020-04-06,10.14,10.14,10.14,10.14,0
IME,2020-04-07,10.14,10.14,10.14,10.14,0
IME,2020-04-08,10.14,10.14,10.14,10.14,0
IME,2020-04-09,10.14,10.14,10.14,10.14,0
IME,2020-04-10,10.14,10.14,10.14,10.14,0
IME,2020-04-13,10.14,10.14,10.14,10.14,0
IME,2020-04-14,10.14,10.14,10.14,10.14,0
IME,2020-04-15,10.14,10.14,10.14,10.14,0
IME,2020-04-16,10.14,10.14,10.14,10.14,0
IME,2020-04-17,10.14,10.14,10.14,10.14,0
IME,2020-04-20,10.14,10.14,10.14,10.14,0
IME,2020-04-21,10.14,10.14,10.14,10.14,0
IME,2020-04-22,10.14,10.14,10.14,10.14,0
IME,2020-04-23,10.14,10.14,10.14,10.14,0
IME,2020-04-24,10.14,10.14,10.14,10.14,0
IME,2020-04-27,10.14,10.14,10.14,10.14,0
IME,2020-04-28,10.14,10.14,10.14,10.14,0
IME,2020-04-29,10.14,10.14,10.14,10.14,0
IME,2020-05-04,10.14,10.14,10.14,10.14,0
IME,2020-05-05,10.14,10.14,10.14,10.14,0
IME,2020-05-06,10.14,10.14,10.14,10.14,0
IME,2020-05-07,10.14,10.14,10.14,10.14,0
IME,2020-05-08,10.14,10.14,10.14,10.14,0
IME,2020-05-11,10.14,10.14,10.14,10.14,0
IME,2020-05-12,10.14,10.14,10.14,10.14,0
IME,2020-05-13,10.14,10.14,10.14,10.14,0
IME,2020-05-14,10.14,10.14,10.14,10.14,0
IME,2020-05-15,10.14,10.14,10.14,10.14,0
IME,2020-05-18,10.14,10.14,10.14,10.14,0
IME,2020-05-19,10.14,10.14,10.14,10.14,0
IME,2020-05-20,10.14,10.14,10.14,10.14,0
IME,2020-05-21,10.14,10.14,10.14,10.14,0
IME,2020-05-22,10.14,10.14,10.14,10.14,0
IME,2020-05-25,10.14,10.14,10.14,10.14,0
IME,2020-05-26,10.14,10.14,10.14,10.14,0
IME,2020-05-27,10.14,10.14,10.14,10.14,0
IME,2020-05-28,10.14,10.14,10.14,10.14,0
IME,2020-05-29,10.14,10.14,10.14,10.14,0
IME,2020-06-01,10.14,10.14,10.14,10.14,0
IME,2020-06-02,10.14,10.14,10.14,10.14,0
IME,2020-06-03,10.14,10.14,10.14,10.14,0
IME,2020-06-04,10.14,10.14,10.14,10.14,0
IME,2020-06-05,10.14,10.14,10.14,10.14,0
IME,2020-06-08,10.14,10.14,10.14,10.14,0
IME,2020-06-09,10.14,10.14,10.14,10.14,0
IME,2020-06-10,10.14,10.14,10.14,10.14,0
IME,2020-06-11,10.14,10.14,10.14,10.14,0
IME,2020-06-12,10.14,10.14,10.14,10.14,0
IME,2020-06-15,10.14,10.14,10.14,10.14,0
IME,2020-06-16,10.14,10.14,10.14,10.14,0
IME,2020-06-17,10.14,10.14,10.14,10.14,0
IME,2020-06-18,10.14,10.14,10.14,10.14,0
IME,2020-06-19,10.14,10.14,10.14,10.14,0
IME,2020-06-22,10.14,10.14,10.14,10.14,0
IME,2020-06-23,10.14,10.14,10.14,10.14,0
IME,2020-06-24,10.14,10.14,10.14,10.14,0
IME,2020-06-25,10.14,10.14,10.14,10.14,0
IME,2020-06-26,10.14,10.14,10.14,10.14,0
IME,2020-06-29,10.14,10.14,10.14,10.14,0
IME,2020-06-30,10.14,10.14,10.14,10.14,0
IME,2020-07-01,10.14,10.14,10.14,10.14,0
IME,2020-07-02,10.14,10.14,10.14,10.14,0
IME,2020-07-03,10.14,10.14,10.14,10.14,0
IME,2020-07-06,10.14,10.14,10.14,10.14,0
IME,2020-07-07,10.14,10.14,10.14,10.14,0
IME,2020-07-08,10.14,10.14,10.14,10.14,0
IME,2020-07-09,10.14,10.14,10.14,10.14,0
IME,2020-07-10,10.14,10.14,10.14,10.14,0
IME,2020-07-13,10.14,10.14,10.14,10.14,0
IME,2020-07-14,10.14,10.14,10.14,10.14,0
IME,2020-07-15,10.14,10.14,10.14,10.14,0
IME,2020-07-16,10.14,10.14,10.14,10.14,0
IME,2020-07-17,10.14,10.14,10.14,10.14,0
IME,2020-07-20,10.14,10.14,10.14,10.14,0
IME,2020-07-21,10.14,10.14,10.14,10.14,0
IME,2020-07-22,10.14,10.14,10.14,10.14,0
IME,2020-07-23,10.14,10.14,10.14,10.14,0
IME,2020-07-24,10.14,10.14,10.14,10.14,0
IME,2020-07-27,10.14,10.14,10.14,10.14,0
IME,2020-07-28,10.14,10.14,10.14,10.14,0
IME,2020-07-29,10.14,10.14,10.14,10.14,0
IME,2020-07-30,10.14,10.14,10.14,10.14,0
IME,2020-07-31,10.14,10.14,10.14,10.14,0
IME,2020-08-03,10.14,10.14,10.14,10.14,0
IME,2020-08-04,10.14,10.14,10.14,10.14,0
IME,2020-08-05,10.14,10.14,10.14,10.14,0
IME,2020-08-06,10.14,10.14,10.14,10.14,0
IME,2020-08-07,10.14,10.14,10.14,10.14,0
IME,2020-08-10,10.14,10.14,10.14,10.14,0
IME,2020-08-11,10.14,10.14,10.14,10.14,0
IME,2020-08-12,10.14,10.14,10.14,10.14,0
IME,2020-08-13,10.14,10.14,10.14,10.14,0
IME,2020-08-14,10.14,10.14,10.14,10.14,0
IME,2020-08-17,10.14,10.14,10.14,10.14,0
IME,2020-08-18,10.14,10.14,10.14,10.14,0
IME,2020-08-19,10.14,10.14,10.14,10.14,0
IME,2020-08-20,10.14,10.14,10.14,10.14,0
IME,2020-08-21,10.14,10.14,10.14,10.14,0
IME,2020-08-24,10.14,10.14,10.14,10.14,0
IME,2020-08-25,10.14,10.14,10.14,10.14,0
IME,2020-08-26,10.14,10.14,10.14,10.14,0
IME,2020-08-27,10.14,10.14,10.14,10.14,0
IME,2020-08-28,10.14,10.14,10.14,10.14,0
IME,2020-08-31,10.14,10.14,10.14,10.14,0
IME,2020-09-01,10.14,10.14,10.14,10.14,0
IME,2020-09-03,10.14,10.14,10.14,10.14,0
IME,2020-09-04,10.14,10.14,10.14,10.14,0
IME,2020-09-07,10.14,10.14,10.14,10.14,0
IME,2020-09-08,10.14,10.14,10.14,10.14,0
IME,2020-09-09,10.14,10.14,10.14,10.14,0
IME,2020-09-10,10.14,10.14,10.14,10.14,0
IME,2020-09-11,10.14,10.14,10.14,10.14,0
IME,2020-09-14,10.14,10.14,10.14,10.14,0
IME,2020-09-15,10.14,10.14,10.14,10.14,0
IME,2020-09-16,10.14,10.14,10.14,10.14,0
IME,2020-09-17,10.14,10.14,10.14,10.14,0
IME,2020-09-18,10.14,10.14,10.14,10.14,0
IME,2020-09-21,10.14,10.14,10.14,10.14,0
IME,2020-09-22,10.14,10.14,10.14,10.14,0
IME,2020-09-23,10.14,10.14,10.14,10.14,0
IME,2020-09-24,10.14,10.14,10.14,10.14,0
IME,2020-09-25,10.14,10.14,10.14,10.14,0
IME,2020-09-28,10.14,10.14,10.14,10.14,0
IME,2020-09-29,10.14,10.14,10.14,10.14,0
IME,2020-09-30,10.14,10.14,10.14,10.14,0
IME,2020-10-01,10.14,10.14,10.14,10.14,0
IME,2020-10-02,10.14,10.14,10.14,10.14,0
IME,2020-10-05,10.14,10.14,10.14,10.14,0
IME,2020-10-06,10.14,10.14,10.14,10.14,0
IME,2020-10-07,10.14,10.14,10.14,10.14,0
IME,2020-10-08,10.14,10.14,10.14,10.14,0
IME,2020-10-09,10.14,10.14,10.14,10.14,0
IME,2020-10-12,10.14,10.14,10.14,10.14,0
IME,2020-10-13,10.14,10.14,10.14,10.14,0
IME,2020-10-14,10.14,10.14,10.14,10.14,0
IME,2020-10-15,10.14,10.14,10.14,10.14,0
IME,2020-10-16,10.14,10.14,10.14,10.14,0
IME,2020-10-19,10.14,10.14,10.14,10.14,0
IME,2020-10-20,10.14,10.14,10.14,10.14,0
IME,2020-10-21,10.14,10.14,10.14,10.14,0
IME,2020-10-22,10.14,10.14,10.14,10.14,0
IME,2020-10-23,10.14,10.14,10.14,10.14,0
IME,2020-10-26,10.14,10.14,10.14,10.14,0
IME,2020-10-27,10.14,10.14,10.14,10.14,0
IME,2020-10-28,10.14,10.14,10.14,10.14,0
IME,2020-10-29,10.14,10.14,10.14,10.14,0
IME,2020-10-30,10.14,10.14,10.14,10.14,0
IME,2020-11-02,10.14,10.14,10.14,10.14,0
IME,2020-11-03,10.14,10.14,10.14,10.14,0
IME,2020-11-04,10.14,10.14,10.14,10.14,0
IME,2020-11-05,10.14,10.14,10.14,10.14,0
IME,2020-11-06,10.14,10.14,10.14,10.14,0
IME,2020-11-09,10.14,10.14,10.14,10.14,0
IME,2020-11-10,10.14,10.14,10.14,10.14,0
IME,2020-11-11,10.14,10.14,10.14,10.14,0
IME,2020-11-12,10.14,10.14,10.14,10.14,0
IME,2020-11-13,10.14,10.14,10.14,10.14,0
IME,2020-11-16,10.14,10.14,10.14,10.14,0
IME,2020-11-17,10.14,10.14,10.14,10.14,0
IME,2020-11-18,10.14,10.14,10.14,10.14,0
IME,2020-11-19,10.14,10.14,10.14,10.14,0
IME,2020-11-20,10.14,10.14,10.14,10.14,0
IME,2020-11-23,10.14,10.14,10.14,10.14,0
IME,2020-11-24,10.14,11.23,10.14,11.23,78100
IME,2020-11-25,11.23,11.23,11.23,11.23,25600
IME,2020-11-26,11.23,11.23,11.23,11.23,0
IME,2020-11-27,11.23,11.23,11.23,11.23,0
IME,2020-11-30,11.23,11.23,11.23,11.23,0
IME,2020-12-01,11.23,11.23,11.23,11.23,0
IME,2020-12-02,11.23,11.23,11.23,11.23,0
IME,2020-12-03,11.23,11.23,11.23,11.23,0
IME,2020-12-04,11.23,11.23,11.23,11.23,0
IME,2020-12-07,11.23,11.23,11.23,11.23,0
IME,2020-12-08,11.23,11.23,11.23,11.23,0
IME,2020-12-09,11.23,11.23,11.23,11.23,0
IME,2020-12-10,11.23,11.23,11.23,11.23,0
IME,2020-12-11,11.23,11.23,11.23,11.23,0
IME,2020-12-14,11.23,11.23,11.23,11.23,0
IME,2020-12-15,10.94,10.94,10.94,10.94,1300
IME,2020-12-16,10.94,10.94,10.94,10.94,0
IME,2020-12-17,10.94,10.94,10.94,10.94,0
IME,2020-12-18,10.94,10.94,10.94,10.94,0
IME,2020-12-21,10.94,10.94,10.94,10.94,0
IME,2020-12-22,10.94,10.94,10.94,10.94,0
IME,2020-12-23,10.94,10.94,10.94,10.94,0
IME,2020-12-24,10.94,10.94,10.94,10.94,0
IME,2020-12-25,10.94,10.94,10.94,10.94,0
IME,2020-12-28,10.94,10.94,10.94,10.94,0
IME,2020-12-29,10.94,10.94,10.94,10.94,0
IME,2020-12-30,10.94,10.94,10.94,10.94,0
IME,2020-12-31,10.94,10.94,10.94,10.94,8
IME,2021-01-04,10.94,10.94,10.94,10.94,0
IME,2021-01-05,10.94,10.94,10.94,10.94,0
IME,2021-01-06,10.94,10.94,10.94,10.94,1
IME,2021-01-07,10.94,10.94,10.94,10.94,0
IME,2021-01-08,10.94,10.94,10.94,10.94,0
IME,2021-01-11,10.94,10.94,10.94,10.94,0
IME,2021-01-12,10.94,10.94,10.94,10.94,0
IME,2021-01-13,10.94,10.94,10.94,10.94,0
IME,2021-01-14,10.94,10.94,10.94,10.94,0
IME,2021-01-15,10.94,10.94,10.94,10.94,0
IME,2021-01-18,10.94,10.94,10.94,10.94,0
IME,2021-01-19,10.94,10.94,10.94,10.94,0
IME,2021-01-20,10.94,10.94,10.94,10.94,0
IME,2021-01-21,10.94,10.94,10.94,10.94,0
IME,2021-01-22,10.94,10.94,10.94,10.94,0
IME,2021-01-25,10.94,10.94,10.94,10.94,0
IME,2021-01-26,10.94,10.94,10.94,10.94,0
IME,2021-01-27,10.94,10.94,10.94,10.94,1
IME,2021-01-28,10.94,10.94,10.94,10.94,0
IME,2021-01-29,10.94,10.94,10.94,10.94,0
IME,2021-02-01,10.94,10.94,10.94,10.94,0
IME,2021-02-02,10.94,10.94,10.94,10.94,0
IME,2021-02-03,10.94,10.94,10.94,10.94,0
IME,2021-02-04,10.94,10.94,10.94,10.94,0
IME,2021-02-05,10.94,10.94,10.94,10.94,0
IME,2021-02-08,11.43,11.43,11.43,11.43,300
IME,2021-02-09,11.43,11.43,11.43,11.43,0
IME,2021-02-17,11.43,11.43,11.43,11.43,0
IME,2021-02-18,11.43,11.43,11.43,11.43,0
IME,2021-02-19,11.43,11.43,11.43,11.43,0
IME,2021-02-22,11.43,11.43,11.43,11.43,0
IME,2021-02-23,11.43,11.43,11.43,11.43,0
IME,2021-02-24,11.43,11.43,11.43,11.43,0
IME,2021-02-25,11.43,11.43,11.43,11.43,0
IME,2021-02-26,11.43,11.43,11.43,11.43,0
IME,2021-03-01,11.43,11.43,11.43,11.43,0
IME,2021-03-02,11.43,11.43,11.43,11.43,0
IME,2021-03-03,11.43,11.43,11.43,11.43,0
IME,2021-03-04,13.12,13.12,13.12,13.12,100
IME,2021-03-05,13.12,13.12,13.12,13.12,0
IME,2021-03-08,13.12,13.12,13.12,13.12,0
IME,2021-03-09,13.12,13.12,13.12,13.12,0
IME,2021-03-10,13.12,13.12,13.12,13.12,0
IME,2021-03-11,13.12,13.12,13.12,13.12,6
IME,2021-03-12,13.12,13.12,13.12,13.12,0
IME,2021-03-15,13.12,13.12,13.12,13.12,0
IME,2021-03-16,13.12,13.12,13.12,13.12,0
IME,2021-03-17,13.12,13.12,13.12,13.12,0
IME,2021-03-18,13.12,13.12,13.12,13.12,0
IME,2021-03-19,13.12,13.12,13.12,13.12,0
IME,2021-03-22,13.12,13.12,13.12,13.12,0
IME,2021-03-23,13.12,13.12,13.12,13.12,0
IME,2021-03-24,13.12,13.12,13.12,13.12,0
IME,2021-03-25,13.12,13.12,13.12,13.12,0
IME,2021-03-26,13.12,13.12,13.12,13.12,0
IME,2021-03-29,13.12,13.12,13.12,13.12,0
IME,2021-03-30,13.92,13.92,13.92,13.92,1500
IME,2021-03-31,13.92,13.92,13.92,13.92,0
IME,2021-04-01,13.92,13.92,13.92,13.92,0
IME,2021-04-02,13.92,13.92,13.92,13.92,0
IME,2021-04-05,13.92,13.92,13.92,13.92,0
IME,2021-04-06,13.92,13.92,13.92,13.92,0
IME,2021-04-07,13.92,13.92,13.92,13.92,0
IME,2021-04-08,13.92,13.92,13.92,13.92,0
IME,2021-04-09,13.92,13.92,13.92,13.92,0
IME,2021-04-12,14.91,14.91,14.91,14.91,500
IME,2021-04-13,14.91,14.91,14.91,14.91,0
IME,2021-04-14,14.91,14.91,14.91,14.91,0
IME,2021-04-15,14.91,14.91,14.91,14.91,0
IME,2021-04-16,13.42,13.42,13.42,13.42,100
IME,2021-04-19,13.42,13.42,13.42,13.42,0
IME,2021-04-20,13.42,13.42,13.42,13.42,0
IME,2021-04-22,13.42,13.42,13.42,13.42,0
IME,2021-04-23,13.42,13.42,13.42,13.42,0
IME,2021-04-26,13.42,13.42,13.42,13.42,0
IME,2021-04-27,13.42,13.42,13.42,13.42,0
IME,2021-04-28,13.42,13.42,13.42,13.42,0
IME,2021-04-29,13.42,13.42,13.42,13.42,0
IME,2021-05-04,13.42,13.42,13.42,13.42,0
IME,2021-05-05,13.42,13.42,13.42,13.42,0
IME,2021-05-06,13.42,13.42,13.42,13.42,0
IME,2021-05-07,13.42,13.42,13.42,13.42,0
IME,2021-05-10,13.42,13.42,13.42,13.42,0
IME,2021-05-11,13.42,13.42,13.42,13.42,0
IME,2021-05-12,13.42,13.42,13.42,13.42,0
IME,2021-05-13,13.42,13.42,13.42,13.42,0
IME,2021-05-14,13.42,13.42,13.42,13.42,0
IME,2021-05-17,13.42,13.42,13.42,13.42,0
IME,2021-05-18,15.41,15.41,15.41,15.41,100
IME,2021-05-19,17.69,17.69,17.69,17.69,100
IME,2021-05-20,17.69,17.69,17.69,17.69,0
IME,2021-05-21,20.28,20.28,20.28,20.28,100
IME,2021-05-24,23.26,23.26,23.26,23.26,100
IME,2021-05-25,26.74,26.74,26.74,26.74,100
IME,2021-05-26,30.72,30.72,30.72,30.72,100
IME,2021-05-27,35.29,35.29,35.29,35.29,100
IME,2021-05-28,35.29,35.29,35.29,35.29,0
IME,2021-05-31,35.29,35.29,35.29,35.29,0
IME,2021-06-01,35.29,35.29,35.29,35.29,0
IME,2021-06-02,35.29,35.29,35.29,35.29,0
IME,2021-06-03,35.29,35.29,35.29,35.29,0
IME,2021-06-04,35.29,35.29,35.29,35.29,0
IME,2021-06-07,35.29,35.29,35.29,35.29,0
IME,2021-06-08,35.29,35.29,35.29,35.29,0
IME,2021-06-09,35.29,35.29,35.29,35.29,0
IME,2021-06-10,35.29,35.29,35.29,35.29,0
IME,2021-06-11,35.29,35.29,35.29,35.29,0
IME,2021-06-14,35.29,35.29,35.29,35.29,0
IME,2021-06-15,35.29,35.29,35.29,35.29,0
IME,2021-06-16,35.29,35.29,35.29,35.29,0
IME,2021-06-17,35.29,35.29,35.29,35.29,0
IME,2021-06-18,35.29,35.29,35.29,35.29,0
IME,2021-06-21,35.29,35.29,35.29,35.29,0
IME,2021-06-22,35.29,35.29,35.29,35.29,0
IME,2021-06-23,35.29,35.29,35.29,35.29,0
IME,2021-06-24,39.76,39.76,39.76,39.76,300
IME,2021-06-25,39.76,39.76,39.76,39.76,0
IME,2021-06-28,39.76,39.76,39.76,39.76,0
IME,2021-06-29,39.76,39.76,39.76,39.76,0
IME,2021-06-30,39.76,39.76,39.76,39.76,0
IME,2021-07-01,39.76,39.76,39.76,39.76,0
IME,2021-07-02,39.76,39.76,39.76,39.76,0
IME,2021-07-05,39.76,39.76,39.76,39.76,0
IME,2021-07-06,39.76,39.76,39.76,39.76,0
IME,2021-07-07,39.76,39.76,39.76,39.76,3
IME,2021-07-08,39.76,39.76,39.76,39.76,0
IME,2021-07-09,39.76,39.76,39.76,39.76,0
IME,2021-07-12,39.76,39.76,39.76,39.76,0
IME,2021-07-13,39.76,39.76,39.76,39.76,0
IME,2021-07-14,39.76,39.76,39.76,39.76,0
IME,2021-07-15,39.76,39.76,39.76,39.76,0
IME,2021-07-16,39.76,39.76,39.76,39.76,0
IME,2021-07-19,39.76,39.76,39.76,39.76,0
IME,2021-07-20,39.76,39.76,39.76,39.76,0
IME,2021-07-21,39.76,39.76,39.76,39.76,0
IME,2021-07-22,39.76,39.76,39.76,39.76,0
IME,2021-07-23,39.76,39.76,39.76,39.76,0
IME,2021-07-26,39.76,39.76,39.76,39.76,0
IME,2021-07-27,39.76,39.76,39.76,39.76,0
IME,2021-07-28,39.76,39.76,39.76,39.76,0
IME,2021-07-29,39.76,39.76,39.76,39.76,0
IME,2021-07-30,39.76,39.76,39.76,39.76,0
IME,2021-08-02,39.76,39.76,39.76,39.76,0
IME,2021-08-03,39.76,39.76,39.76,39.76,0
IME,2021-08-04,39.76,39.76,39.76,39.76,0
IME,2021-08-05,39.76,39.76,39.76,39.76,0
IME,2021-08-06,39.76,39.76,39.76,39.76,0
IME,2021-08-09,39.76,39.76,39.76,39.76,0
IME,2021-08-10,39.76,39.76,39.76,39.76,0
IME,2021-08-11,39.76,39.76,39.76,39.76,0
IME,2021-08-12,39.76,39.76,39.76,39.76,0
IME,2021-08-13,39.76,39.76,39.76,39.76,0
IME,2021-08-16,39.76,39.76,39.76,39.76,0
IME,2021-08-17,39.76,39.76,39.76,39.76,0
IME,2021-08-18,39.76,39.76,39.76,39.76,0
IME,2021-08-19,39.76,39.76,39.76,39.76,0
IME,2021-08-20,39.76,39.76,39.76,39.76,0
IME,2021-08-23,39.76,39.76,39.76,39.76,0
IME,2021-08-24,39.76,39.76,39.76,39.76,0
IME,2021-08-25,39.76,39.76,39.76,39.76,0
IME,2021-08-26,39.76,39.76,39.76,39.76,0
IME,2021-08-27,39.76,39.76,39.76,39.76,0
IME,2021-08-30,39.76,39.76,39.76,39.76,0
IME,2021-08-31,39.76,39.76,39.76,39.76,0
IME,2021-09-01,39.76,39.76,39.76,39.76,0
IME,2021-09-06,39.76,39.76,39.76,39.76,0
IME,2021-09-07,39.76,39.76,39.76,39.76,0
IME,2021-09-08,39.76,39.76,39.76,39.76,0
IME,2021-09-09,39.76,39.76,39.76,39.76,0
IME,2021-09-10,39.76,39.76,39.76,39.76,0
IME,2021-09-13,39.76,39.76,39.76,39.76,0
IME,2021-09-14,39.76,39.76,39.76,39.76,0
IME,2021-09-15,39.76,39.76,39.76,39.76,0
IME,2021-09-16,39.76,39.76,39.76,39.76,0
IME,2021-09-17,33.8,33.8,33.8,33.8,100
IME,2021-09-20,33.8,33.8,33.8,33.8,0
IME,2021-09-21,33.8,33.8,33.8,33.8,0
IME,2021-09-22,33.8,33.8,33.8,33.8,0
IME,2021-09-23,33.8,33.8,33.8,33.8,0
IME,2021-09-24,38.87,38.87,38.87,38.87,100
IME,2021-09-27,38.87,38.87,38.87,38.87,0
IME,2021-09-28,38.87,38.87,38.87,38.87,0
IME,2021-09-29,38.87,38.87,38.87,38.87,0
IME,2021-09-30,38.87,38.87,38.87,38.87,0
IME,2021-10-01,38.87,38.87,38.87,38.87,0
IME,2021-10-04,38.87,38.87,38.87,38.87,0
IME,2021-10-05,38.87,38.87,38.87,38.87,0
IME,2021-10-06,38.87,38.87,38.87,38.87,0
IME,2021-10-07,38.87,38.87,38.87,38.87,0
IME,2021-10-08,38.87,38.87,38.87,38.87,0
IME,2021-10-11,38.87,38.87,38.87,38.87,0
IME,2021-10-12,38.87,38.87,38.87,38.87,0
IME,2021-10-13,38.87,38.87,38.87,38.87,0
IME,2021-10-14,38.87,38.87,38.87,38.87,0
IME,2021-10-15,38.87,38.87,38.87,38.87,0
IME,2021-10-18,38.87,38.87,38.87,38.87,0
IME,2021-10-19,38.87,38.87,38.87,38.87,0
IME,2021-10-20,38.87,38.87,38.87,38.87,0
IME,2021-10-21,38.87,38.87,38.87,38.87,0
IME,2021-10-22,38.87,38.87,38.87,38.87,0
IME,2021-10-25,38.87,38.87,38.87,38.87,0
IME,2021-10-26,38.87,38.87,38.87,38.87,0
IME,2021-10-27,38.87,38.87,38.87,38.87,0
IME,2021-10-28,38.87,38.87,38.87,38.87,0
IME,2021-10-29,44.64,44.64,44.64,44.64,29800
IME,2021-11-01,44.64,44.64,44.64,44.64,0
IME,2021-11-02,44.64,44.64,44.64,44.64,0
IME,2021-11-03,44.64,44.64,44.64,44.64,0
IME,2021-11-04,44.64,44.64,44.64,44.64,0
IME,2021-11-05,44.64,44.64,44.64,44.64,0
IME,2021-11-08,44.64,44.64,44.64,44.64,0
IME,2021-11-09,44.64,44.64,44.64,44.64,0
IME,2021-11-10,44.64,44.64,44.64,44.64,0
IME,2021-11-11,44.64,44.64,44.64,44.64,0
IME,2021-11-12,44.64,44.64,44.64,44.64,0
IME,2021-11-15,44.64,44.64,44.64,44.64,0
IME,2021-11-16,44.64,44.64,44.64,44.64,0
IME,2021-11-17,44.64,44.64,44.64,44.64,0
IME,2021-11-18,44.64,44.64,44.64,44.64,0
IME,2021-11-19,44.64,44.64,44.64,44.64,0
IME,2021-11-22,44.64,44.64,44.64,44.64,0
IME,2021-11-23,44.64,44.64,44.64,44.64,0
IME,2021-11-24,44.64,44.64,44.64,44.64,0
IME,2021-11-25,44.64,44.64,44.64,44.64,0
IME,2021-11-26,51.3,51.3,51.3,51.3,100
IME,2021-11-29,51.3,51.3,51.3,51.3,0
IME,2021-11-30,51.3,51.3,51.3,51.3,0
IME,2021-12-01,51.3,51.3,51.3,51.3,0
IME,2021-12-02,51.3,51.3,51.3,51.3,0
IME,2021-12-03,51.3,51.3,51.3,51.3,0
IME,2021-12-06,51.3,51.3,51.3,51.3,0
IME,2021-12-07,51.3,51.3,51.3,51.3,0
IME,2021-12-08,51.3,51.3,51.3,51.3,0
IME,2021-12-09,51.3,51.3,51.3,51.3,0
IME,2021-12-10,51.3,51.3,51.3,51.3,0
IME,2021-12-13,51.3,51.3,51.3,51.3,0
IME,2021-12-14,51.3,51.3,51.3,51.3,0
IME,2021-12-15,51.3,51.3,51.3,51.3,0
IME,2021-12-16,51.3,51.3,51.3,51.3,0
IME,2021-12-17,51.3,51.3,51.3,51.3,0
IME,2021-12-20,51.3,51.3,51.3,51.3,0
IME,2021-12-21,51.3,51.3,51.3,51.3,0
IME,2021-12-22,51.3,51.3,51.3,51.3,0
IME,2021-12-23,51.3,51.3,51.3,51.3,0
IME,2021-12-24,51.3,51.3,51.3,51.3,0
IME,2021-12-27,51.3,51.3,51.3,51.3,0
IME,2021-12-28,51.3,51.3,51.3,51.3,0
IME,2021-12-29,51.3,51.3,51.3,51.3,0
IME,2021-12-30,51.3,51.3,51.3,51.3,0
IME,2021-12-31,51.3,51.3,51.3,51.3,0
IME,2022-01-04,51.3,51.3,51.3,51.3,0
IME,2022-01-05,51.3,51.3,51.3,51.3,0
IME,2022-01-06,51.3,51.3,51.3,51.3,0
IME,2022-01-07,51.3,51.3,51.3,51.3,0
IME,2022-01-10,71.77,71.77,71.77,71.77,100
IME,2022-01-11,71.77,71.77,71.77,71.77,0
IME,2022-01-12,71.77,71.77,71.77,71.77,0
IME,2022-01-13,71.77,71.77,71.77,71.77,0
IME,2022-01-14,71.77,71.77,71.77,71.77,0
IME,2022-01-17,71.77,71.77,71.77,71.77,0
IME,2022-01-18,71.77,71.77,71.77,71.77,0
IME,2022-01-19,71.77,71.77,71.77,71.77,0
IME,2022-01-20,71.77,71.77,71.77,71.77,0
IME,2022-01-21,71.77,71.77,71.77,71.77,0
IME,2022-01-24,71.77,71.77,71.77,71.77,0
IME,2022-01-25,71.77,71.77,71.77,71.77,0
IME,2022-01-26,71.77,71.77,71.77,71.77,0
IME,2022-01-27,71.77,71.77,71.77,71.77,0
IME,2022-01-28,71.77,71.77,71.77,71.77,0
IME,2022-02-07,71.77,71.77,71.77,71.77,0
IME,2022-02-08,71.77,71.77,71.77,71.77,0
IME,2022-02-09,71.77,71.77,71.77,71.77,0
IME,2022-02-10,71.77,71.77,71.77,71.77,0
IME,2022-02-11,71.77,71.77,71.77,71.77,0
IME,2022-02-14,71.77,71.77,71.77,71.77,0
IME,2022-02-15,71.77,71.77,71.77,71.77,0
IME,2022-02-16,71.77,71.77,71.77,71.77,0
IME,2022-02-17,71.77,71.77,71.77,71.77,0
IME,2022-02-18,71.77,71.77,71.77,71.77,0
IME,2022-02-21,71.77,71.77,71.77,71.77,0
IME,2022-02-22,71.77,71.77,71.77,71.77,0
IME,2022-02-23,71.77,71.77,71.77,71.77,0
IME,2022-02-24,71.77,71.77,71.77,71.77,0
IME,2022-02-25,71.77,71.77,71.77,71.77,0
IME,2022-02-28,71.77,71.77,71.77,71.77,0
IME,2022-03-01,71.77,71.77,71.77,71.77,0
IME,2022-03-02,71.77,71.77,71.77,71.77,0
IME,2022-03-03,71.77,71.77,71.77,71.77,0
IME,2022-03-04,71.77,71.77,71.77,71.77,0
IME,2022-03-07,71.77,71.77,71.77,71.77,0
IME,2022-03-08,71.77,71.77,71.77,71.77,0
IME,2022-03-09,71.77,71.77,71.77,71.77,0
IME,2022-03-10,71.77,71.77,71.77,71.77,0
IME,2022-03-11,71.77,71.77,71.77,71.77,0
IME,2022-03-14,71.77,71.77,71.77,71.77,0
IME,2022-03-15,71.77,71.77,71.77,71.77,0
IME,2022-03-16,71.77,71.77,71.77,71.77,0
IME,2022-03-17,71.77,71.77,71.77,71.77,0
IME,2022-03-18,71.77,71.77,71.77,71.77,0
IME,2022-03-21,71.77,71.77,71.77,71.77,0
IME,2022-03-22,71.77,71.77,71.77,71.77,0
IME,2022-03-23,71.77,71.77,71.77,71.77,0
IME,2022-03-24,71.77,71.77,71.77,71.77,0
IME,2022-03-25,71.77,71.77,71.77,71.77,0
IME,2022-03-28,71.77,71.77,71.77,71.77,0
IME,2022-03-29,71.77,71.77,71.77,71.77,0
IME,2022-03-30,71.77,71.77,71.77,71.77,0
IME,2022-03-31,71.77,71.77,71.77,71.77,0
IME,2022-04-01,71.77,71.77,71.77,71.77,0
IME,2022-04-04,71.77,71.77,71.77,71.77,0
IME,2022-04-05,71.77,71.77,71.77,71.77,0
IME,2022-04-06,71.77,71.77,71.77,71.77,0
IME,2022-04-07,71.77,71.77,71.77,71.77,0
IME,2022-04-08,71.77,71.77,71.77,71.77,0
IME,2022-04-12,71.77,71.77,71.77,71.77,0
IME,2022-04-13,71.77,71.77,71.77,71.77,0
IME,2022-04-14,71.77,71.77,71.77,71.77,0
IME,2022-04-15,71.77,71.77,71.77,71.77,0
IME,2022-04-18,71.77,71.77,71.77,71.77,0
IME,2022-04-19,71.77,71.77,71.77,71.77,0
IME,2022-04-20,71.77,71.77,71.77,71.77,0
IME,2022-04-21,71.77,71.77,71.77,71.77,0
IME,2022-04-22,71.77,71.77,71.77,71.77,0
IME,2022-04-25,71.77,71.77,71.77,71.77,0
IME,2022-04-26,71.77,71.77,71.77,71.77,0
IME,2022-04-27,71.77,71.77,71.77,71.77,0
IME,2022-04-28,71.77,71.77,71.77,71.77,0
IME,2022-04-29,71.77,71.77,71.77,71.77,0
IME,2022-05-04,71.77,71.77,71.77,71.77,0
IME,2022-05-05,71.77,71.77,71.77,71.77,0
IME,2022-05-06,100.4,100.4,100.4,100.4,100
IME,2022-05-09,100.4,100.4,100.4,100.4,0
IME,2022-05-10,100.4,100.4,100.4,100.4,0
IME,2022-05-11,100.4,100.4,100.4,100.4,0
IME,2022-05-12,100.4,100.4,100.4,100.4,0
IME,2022-05-13,100.4,100.4,100.4,100.4,0
IME,2022-05-16,100.4,100.4,100.4,100.4,0
IME,2022-05-17,100.4,100.4,100.4,100.4,0
IME,2022-05-18,100.4,100.4,100.4,100.4,0
IME,2022-05-19,100.4,100.4,100.4,100.4,0
IME,2022-05-20,100.4,100.4,100.4,100.4,0
IME,2022-05-23,100.4,100.4,100.4,100.4,0
IME,2022-05-24,100.4,100.4,100.4,100.4,0
IME,2022-05-25,100.4,100.4,100.4,100.4,0
IME,2022-05-26,100.4,100.4,100.4,100.4,0
IME,2022-05-27,100.4,100.4,100.4,100.4,0
IME,2022-05-30,100.4,100.4,100.4,100.4,0
IME,2022-05-31,100.4,100.4,100.4,100.4,0
IME,2022-06-01,100.4,100.4,100.4,100.4,0
IME,2022-06-02,100.4,100.4,100.4,100.4,0
IME,2022-06-03,100.4,100.4,100.4,100.4,0
IME,2022-06-06,100.4,100.4,100.4,100.4,0
IME,2022-06-07,100.4,100.4,100.4,100.4,0
IME,2022-06-08,100.4,100.4,100.4,100.4,0
IME,2022-06-09,100.4,100.4,100.4,100.4,0
IME,2022-06-10,100.4,100.4,100.4,100.4,0
IME,2022-06-13,100.4,100.4,100.4,100.4,0
IME,2022-06-14,100.4,100.4,100.4,100.4,0
IME,2022-06-15,100.4,100.4,100.4,100.4,0
IME,2022-06-16,100.4,100.4,100.4,100.4,0
IME,2022-06-17,100.4,100.4,100.4,100.4,0
IME,2022-06-20,100.4,100.4,100.4,100.4,0
IME,2022-06-21,100.4,100.4,100.4,100.4,0
IME,2022-06-22,100.4,100.4,100.4,100.4,0
IME,2022-06-23,100.4,100.4,100.4,100.4,0
IME,2022-06-24,100.4,100.4,100.4,100.4,0
IME,2022-06-27,100.4,100.4,100.4,100.4,0
IME,2022-06-28,100.4,100.4,100.4,100.4,0
IME,2022-06-29,100.4,100.4,100.4,100.4,0
IME,2022-06-30,100.4,100.4,100.4,100.4,0
IME,2022-07-01,100.4,100.4,100.4,100.4,0
IME,2022-07-04,100.4,100.4,100.4,100.4,0
IME,2022-07-05,100.4,100.4,100.4,100.4,0
IME,2022-07-06,100.4,100.4,100.4,100.4,0
IME,2022-07-07,100.4,100.4,100.4,100.4,0
IME,2022-07-08,100.4,100.4,100.4,100.4,0
IME,2022-07-11,100.4,100.4,100.4,100.4,0
IME,2022-07-12,100.4,100.4,100.4,100.4,0
IME,2022-07-13,100.4,100.4,100.4,100.4,0
IME,2022-07-14,100.4,100.4,100.4,100.4,0
IME,2022-07-15,100.4,100.4,100.4,100.4,0
IME,2022-07-18,100.4,100.4,100.4,100.4,0
IME,2022-07-19,100.4,100.4,100.4,100.4,0
IME,2022-07-20,100.4,100.4,100.4,100.4,0
IME,2022-07-21,100.4,100.4,100.4,100.4,0
IME,2022-07-22,100.4,100.4,100.4,100.4,0
IME,2022-07-25,100.4,100.4,100.4,100.4,0
IME,2022-07-26,100.4,100.4,100.4,100.4,0
IME,2022-07-27,100.4,100.4,100.4,100.4,0
IME,2022-07-28,100.4,100.4,100.4,100.4,0
IME,2022-07-29,100.4,100.4,100.4,100.4,0
IME,2022-08-01,100.4,100.4,100.4,100.4,0
IME,2022-08-02,100.4,100.4,100.4,100.4,0
IME,2022-08-03,100.4,100.4,100.4,100.4,0
IME,2022-08-04,100.4,100.4,100.4,100.4,0
IME,2022-08-05,140.17,140.17,140.17,140.17,100
IME,2022-08-08,140.17,140.17,140.17,140.17,0
IME,2022-08-09,140.17,140.17,140.17,140.17,0
IME,2022-08-10,140.17,140.17,140.17,140.17,0
IME,2022-08-11,140.17,140.17,140.17,140.17,0
IME,2022-08-12,140.17,140.17,140.17,140.17,0
IME,2022-08-15,140.17,140.17,140.17,140.17,0
IME,2022-08-16,140.17,140.17,140.17,140.17,0
IME,2022-08-17,140.17,140.17,140.17,140.17,0
IME,2022-08-18,140.17,140.17,140.17,140.17,0
IME,2022-08-19,140.17,140.17,140.17,140.17,0
IME,2022-08-22,140.17,140.17,140.17,140.17,0
IME,2022-08-23,140.17,140.17,140.17,140.17,0
IME,2022-08-24,140.17,140.17,140.17,140.17,0
IME,2022-08-25,140.17,140.17,140.17,140.17,0
IME,2022-08-26,140.17,140.17,140.17,140.17,0
IME,2022-08-29,140.17,140.17,140.17,140.17,0
IME,2022-08-30,140.17,140.17,140.17,140.17,0
IME,2022-08-31,140.17,140.17,140.17,140.17,0
IME,2022-09-05,140.17,140.17,140.17,140.17,0
IME,2022-09-06,140.17,140.17,140.17,140.17,0
IME,2022-09-07,140.17,140.17,140.17,140.17,0
IME,2022-09-08,140.17,140.17,140.17,140.17,0
IME,2022-09-09,140.17,140.17,140.17,140.17,0
IME,2022-09-12,140.17,140.17,140.17,140.17,4
IME,2022-09-13,140.17,140.17,140.17,140.17,0
IME,2022-09-14,140.17,140.17,140.17,140.17,0
IME,2022-09-15,140.17,140.17,140.17,140.17,0
IME,2022-09-16,140.17,140.17,140.17,140.17,0
IME,2022-09-19,140.17,140.17,140.17,140.17,0
IME,2022-09-20,140.17,140.17,140.17,140.17,0
IME,2022-09-21,140.17,140.17,140.17,140.17,0
IME,2022-09-22,140.17,140.17,140.17,140.17,0
IME,2022-09-23,140.17,140.17,140.17,140.17,0
IME,2022-09-26,140.17,140.17,140.17,140.17,0
IME,2022-09-27,140.17,140.17,140.17,140.17,0
IME,2022-09-28,140.17,140.17,140.17,140.17,0
IME,2022-09-29,140.17,140.17,140.17,140.17,0
IME,2022-09-30,140.17,140.17,140.17,140.17,0
IME,2022-10-03,140.17,140.17,140.17,140.17,0
IME,2022-10-04,140.17,140.17,140.17,140.17,0
IME,2022-10-05,140.17,140.17,140.17,140.17,0
IME,2022-10-06,140.17,140.17,140.17,140.17,0
IME,2022-10-07,140.17,140.17,140.17,140.17,0
IME,2022-10-10,140.17,140.17,140.17,140.17,0
IME,2022-10-11,140.17,140.17,140.17,140.17,0
IME,2022-10-12,140.17,140.17,140.17,140.17,0
IME,2022-10-13,140.17,140.17,140.17,140.17,0
IME,2022-10-14,140.17,140.17,140.17,140.17,0
IME,2022-10-17,140.17,140.17,140.17,140.17,0
IME,2022-10-18,140.17,140.17,140.17,140.17,0
IME,2022-10-19,140.17,140.17,140.17,140.17,0
IME,2022-10-20,140.17,140.17,140.17,140.17,0
IME,2022-10-21,140.17,140.17,140.17,140.17,0
IME,2022-10-24,140.17,140.17,140.17,140.17,0
IME,2022-10-25,140.17,140.17,140.17,140.17,0
IME,2022-10-26,140.17,140.17,140.17,140.17,0
IME,2022-10-27,140.17,140.17,140.17,140.17,0
IME,2022-10-28,140.17,140.17,140.17,140.17,0
IME,2022-10-31,140.17,140.17,140.17,140.17,0
IME,2022-11-01,140.17,140.17,140.17,140.17,0
IME,2022-11-02,140.17,140.17,140.17,140.17,0
IME,2022-11-03,140.17,140.17,140.17,140.17,0
IME,2022-11-04,140.17,140.17,140.17,140.17,0
IME,2022-11-07,140.17,140.17,140.17,140.17,0
IME,2022-11-08,140.17,140.17,140.17,140.17,0
IME,2022-11-09,140.17,140.17,140.17,140.17,0
IME,2022-11-10,140.17,140.17,140.17,140.17,0
IME,2022-11-11,140.17,140.17,140.17,140.17,0
IME,2022-11-14,140.17,140.17,140.17,140.17,0
IME,2022-11-15,140.17,140.17,140.17,140.17,0
IME,2022-11-16,140.17,140.17,140.17,140.17,0
IME,2022-11-17,140.17,140.17,140.17,140.17,0
IME,2022-11-18,140.17,140.17,140.17,140.17,0
IME,2022-11-21,140.17,140.17,140.17,140.17,0
IME,2022-11-22,140.17,140.17,140.17,140.17,0
IME,2022-11-23,140.17,140.17,140.17,140.17,0
IME,2022-11-24,140.17,140.17,140.17,140.17,0
IME,2022-11-25,140.17,140.17,140.17,140.17,0
IME,2022-11-28,140.17,140.17,140.17,140.17,0
IME,2022-11-29,140.17,140.17,140.17,140.17,0
IME,2022-11-30,140.17,140.17,140.17,140.17,0
IME,2022-12-01,140.17,140.17,140.17,140.17,0
IME,2022-12-02,140.17,140.17,140.17,140.17,0
IME,2022-12-05,140.17,140.17,140.17,140.17,0
IME,2022-12-06,140.17,140.17,140.17,140.17,0
IME,2022-12-07,140.17,140.17,140.17,140.17,0
IME,2022-12-08,140.17,140.17,140.17,140.17,0
IME,2022-12-09,140.17,140.17,140.17,140.17,0
IME,2022-12-12,140.17,140.17,140.17,140.17,0
IME,2022-12-13,140.17,140.17,140.17,140.17,0
IME,2022-12-14,140.17,140.17,140.17,140.17,0
IME,2022-12-15,140.17,140.17,140.17,140.17,0
IME,2022-12-16,140.17,140.17,140.17,140.17,0
IME,2022-12-19,140.17,140.17,140.17,140.17,0
IME,2022-12-20,140.17,140.17,140.17,140.17,0
IME,2022-12-21,140.17,140.17,140.17,140.17,0
IME,2022-12-22,140.17,140.17,140.17,140.17,0
IME,2022-12-23,140.17,140.17,140.17,140.17,0
IME,2022-12-26,140.17,140.17,140.17,140.17,0
IME,2022-12-27,140.17,140.17,140.17,140.17,0
IME,2022-12-28,140.17,140.17,140.17,140.17,0
IME,2022-12-29,140.17,140.17,140.17,140.17,0
IME,2022-12-30,140.17,140.17,140.17,140.17,0
IME,2023-01-03,140.17,140.17,140.17,140.17,0
IME,2023-01-04,140.17,140.17,140.17,140.17,0
IME,2023-01-05,140.17,140.17,140.17,140.17,0
IME,2023-01-06,140.17,140.17,140.17,140.17,0
IME,2023-01-09,140.17,140.17,140.17,140.17,0
IME,2023-01-10,140.17,140.17,140.17,140.17,0
IME,2023-01-11,140.17,140.17,140.17,140.17,0
IME,2023-01-12,140.17,140.17,140.17,140.17,0
IME,2023-01-13,140.17,140.17,140.17,140.17,0
IME,2023-01-16,140.17,140.17,140.17,140.17,0
IME,2023-01-17,140.17,140.17,140.17,140.17,0
IME,2023-01-18,140.17,140.17,140.17,140.17,0
IME,2023-01-19,140.17,140.17,140.17,140.17,0
IME,2023-01-27,140.17,140.17,140.17,140.17,0
IME,2023-01-30,140.17,140.17,140.17,140.17,0
IME,2023-01-31,140.17,140.17,140.17,140.17,0
IME,2023-02-01,140.17,140.17,140.17,140.17,0
IME,2023-02-02,140.17,140.17,140.17,140.17,0
IME,2023-02-03,140.17,140.17,140.17,140.17,0
IME,2023-02-06,140.17,140.17,140.17,140.17,0
IME,2023-02-07,140.17,140.17,140.17,140.17,0
IME,2023-02-08,140.17,140.17,140.17,140.17,0
IME,2023-02-09,140.17,140.17,140.17,140.17,0
IME,2023-02-10,140.17,140.17,140.17,140.17,0
IME,2023-02-13,140.17,140.17,140.17,140.17,0
IME,2023-02-14,140.17,140.17,140.17,140.17,0
IME,2023-02-15,140.17,140.17,140.17,140.17,0
IME,2023-02-16,140.17,140.17,140.17,140.17,0
IME,2023-02-17,140.17,140.17,140.17,140.17,0
IME,2023-02-20,140.17,140.17,140.17,140.17,0
IME,2023-02-21,140.17,140.17,140.17,140.17,0
IME,2023-02-22,140.17,140.17,140.17,140.17,0
IME,2023-02-23,140.17,140.17,140.17,140.17,0
IME,2023-02-24,140.17,140.17,140.17,140.17,0
IME,2023-02-27,140.17,140.17,140.17,140.17,0
IME,2023-02-28,140.17,140.17,140.17,140.17,0
IME,2023-03-01,140.17,140.17,140.17,140.17,0
IME,2023-03-02,140.17,140.17,140.17,140.17,0
IME,2023-03-03,140.17,140.17,140.17,140.17,0
IME,2023-03-06,140.17,140.17,140.17,140.17,0
IME,2023-03-07,140.17,140.17,140.17,140.17,0
IME,2023-03-08,140.17,140.17,140.17,140.17,0
IME,2023-03-09,140.17,140.17,140.17,140.17,0
IME,2023-03-10,140.17,140.17,140.17,140.17,0
IME,2023-03-13,140.17,140.17,140.17,140.17,0
IME,2023-03-14,140.17,140.17,140.17,140.17,0
IME,2023-03-15,140.17,140.17,140.17,140.17,0
IME,2023-03-16,140.17,140.17,140.17,140.17,0
IME,2023-03-17,140.17,140.17,140.17,140.17,0
IME,2023-03-20,140.17,140.17,140.17,140.17,0
IME,2023-03-21,140.17,140.17,140.17,140.17,0
IME,2023-03-22,140.17,140.17,140.17,140.17,0
IME,2023-03-23,140.17,140.17,140.17,140.17,0
IME,2023-03-24,140.17,140.17,140.17,140.17,0
IME,2023-03-27,140.17,140.17,140.17,140.17,0
IME,2023-03-28,140.17,140.17,140.17,140.17,0
IME,2023-03-29,140.17,140.17,140.17,140.17,0
IME,2023-03-30,140.17,140.17,140.17,140.17,0
IME,2023-03-31,140.17,140.17,140.17,140.17,0
IME,2023-04-03,140.17,140.17,140.17,140.17,0
IME,2023-04-04,140.17,140.17,140.17,140.17,0
IME,2023-04-05,140.17,140.17,140.17,140.17,0
IME,2023-04-06,140.17,140.17,140.17,140.17,0
IME,2023-04-07,140.17,140.17,140.17,140.17,0
IME,2023-04-10,140.17,140.17,140.17,140.17,0
IME,2023-04-11,140.17,140.17,140.17,140.17,0
IME,2023-04-12,140.17,140.17,140.17,140.17,0
IME,2023-04-13,140.17,140.17,140.17,140.17,0
IME,2023-04-14,140.17,140.17,140.17,140.17,0
IME,2023-04-17,140.17,140.17,140.17,140.17,0
IME,2023-04-18,140.17,140.17,140.17,140.17,0
IME,2023-04-19,140.17,140.17,140.17,140.17,0
IME,2023-04-20,140.17,140.17,140.17,140.17,0
IME,2023-04-21,140.17,140.17,140.17,140.17,0
IME,2023-04-24,140.17,140.17,140.17,140.17,0
IME,2023-04-25,140.17,140.17,140.17,140.17,0
IME,2023-04-26,140.17,140.17,140.17,140.17,0
IME,2023-04-27,140.17,140.17,140.17,140.17,0
IME,2023-04-28,140.17,140.17,140.17,140.17,0
IME,2023-05-04,140.17,140.17,140.17,140.17,0
IME,2023-05-05,140.17,140.17,140.17,140.17,0
IME,2023-05-08,140.17,140.17,140.17,140.17,0
IME,2023-05-09,140.17,140.17,140.17,140.17,0
IME,2023-05-10,140.17,140.17,140.17,140.17,0
IME,2023-05-11,140.17,140.17,140.17,140.17,0
IME,2023-05-12,140.17,140.17,140.17,140.17,0
IME,2023-05-15,140.17,140.17,140.17,140.17,0
IME,2023-05-16,140.17,140.17,140.17,140.17,0
IME,2023-05-17,140.17,140.17,140.17,140.17,0
IME,2023-05-18,140.17,140.17,140.17,140.17,0
IME,2023-05-19,140.17,140.17,140.17,140.17,0
IME,2023-05-22,140.17,140.17,140.17,140.17,0
IME,2023-05-23,140.17,140.17,140.17,140.17,0
IME,2023-05-24,140.17,140.17,140.17,140.17,0
IME,2023-05-25,140.17,140.17,140.17,140.17,0
IME,2023-05-26,140.17,140.17,140.17,140.17,0
IME,2023-05-29,140.17,140.17,140.17,140.17,0
IME,2023-05-30,140.17,140.17,140.17,140.17,0
IME,2023-05-31,140.17,140.17,140.17,140.17,0
IME,2023-06-01,140.17,140.17,140.17,140.17,0
IME,2023-06-02,140.17,140.17,140.17,140.17,0
IME,2023-06-05,140.17,140.17,140.17,140.17,0
IME,2023-06-06,140.17,140.17,140.17,140.17,0
IME,2023-06-07,140.17,140.17,140.17,140.17,0
IME,2023-06-08,140.17,140.17,140.17,140.17,0
IME,2023-06-09,140.17,140.17,140.17,140.17,0
IME,2023-06-12,140.17,140.17,140.17,140.17,0
IME,2023-06-13,140.17,140.17,140.17,140.17,0
IME,2023-06-14,140.17,140.17,140.17,140.17,0
IME,2023-06-15,140.17,140.17,140.17,140.17,0
IME,2023-06-16,140.17,140.17,140.17,140.17,0
IME,2023-06-19,140.17,140.17,140.17,140.17,0
IME,2023-06-20,140.17,140.17,140.17,140.17,0
IME,2023-06-21,140.17,140.17,140.17,140.17,0
IME,2023-06-22,140.17,140.17,140.17,140.17,0
IME,2023-06-23,140.17,140.17,140.17,140.17,0
IME,2023-06-26,140.17,140.17,140.17,140.17,0
IME,2023-06-27,140.17,140.17,140.17,140.17,0
IME,2023-06-28,140.17,140.17,140.17,140.17,0
IME,2023-06-29,140.17,140.17,140.17,140.17,0
IME,2023-06-30,140.17,140.17,140.17,140.17,0
IME,2023-07-03,140.17,140.17,140.17,140.17,0
IME,2023-07-04,140.17,140.17,140.17,140.17,0
IME,2023-07-05,140.17,140.17,140.17,140.17,0
IME,2023-07-06,140.17,140.17,140.17,140.17,0
IME,2023-07-07,140.17,140.17,140.17,140.17,0
IME,2023-07-10,140.17,140.17,140.17,140.17,0
IME,2023-07-11,140.17,140.17,140.17,140.17,0
IME,2023-07-12,140.17,140.17,140.17,140.17,0
IME,2023-07-13,140.17,140.17,140.17,140.17,0
IME,2023-07-14,140.17,140.17,140.17,140.17,0
IME,2023-07-17,140.17,140.17,140.17,140.17,0
IME,2023-07-18,140.17,140.17,140.17,140.17,0
IME,2023-07-19,140.17,140.17,140.17,140.17,0
IME,2023-07-20,140.17,140.17,140.17,140.17,0
IME,2023-07-21,140.17,140.17,140.17,140.17,0
IME,2023-07-24,140.17,140.17,140.17,140.17,0
IME,2023-07-25,140.17,140.17,140.17,140.17,0
IME,2023-07-26,140.17,140.17,140.17,140.17,0
IME,2023-07-27,140.17,140.17,140.17,140.17,0
IME,2023-07-28,140.17,140.17,140.17,140.17,0
IME,2023-07-31,140.17,140.17,140.17,140.17,0
IME,2023-08-01,140.17,140.17,140.17,140.17,0
IME,2023-08-02,140.17,140.17,140.17,140.17,0
IME,2023-08-03,140.17,140.17,140.17,140.17,0
IME,2023-08-04,140.17,140.17,140.17,140.17,0
IME,2023-08-07,140.17,140.17,140.17,140.17,0
IME,2023-08-08,140.17,140.17,140.17,140.17,0
IME,2023-08-09,140.17,140.17,140.17,140.17,0
IME,2023-08-10,140.17,140.17,140.17,140.17,0
IME,2023-08-11,140.17,140.17,140.17,140.17,0
IME,2023-08-14,140.17,140.17,140.17,140.17,0
IME,2023-08-15,140.17,140.17,140.17,140.17,0
IME,2023-08-16,140.17,140.17,140.17,140.17,0
IME,2023-08-17,140.17,140.17,140.17,140.17,0
IME,2023-08-18,140.17,140.17,140.17,140.17,0
IME,2023-08-21,140.17,140.17,140.17,140.17,0
IME,2023-08-22,140.17,140.17,140.17,140.17,0
IME,2023-08-23,140.17,140.17,140.17,140.17,0
IME,2023-08-24,140.17,140.17,140.17,140.17,0
IME,2023-08-25,140.17,140.17,140.17,140.17,0
IME,2023-08-28,140.17,140.17,140.17,140.17,0
IME,2023-08-29,140.17,140.17,140.17,140.17,0
IME,2023-08-30,140.17,140.17,140.17,140.17,0
IME,2023-08-31,140.17,140.17,140.17,140.17,0
IME,2023-09-05,140.17,140.17,140.17,140.17,0
IME,2023-09-06,140.17,140.17,140.17,140.17,0
IME,2023-09-07,140.17,140.17,140.17,140.17,0
IME,2023-09-08,140.17,140.17,140.17,140.17,0
IME,2023-09-11,140.17,140.17,140.17,140.17,0
IME,2023-09-12,140.17,140.17,140.17,140.17,0
IME,2023-09-13,140.17,140.17,140.17,140.17,0
IME,2023-09-14,140.17,140.17,140.17,140.17,0
IME,2023-09-15,140.17,140.17,140.17,140.17,0
IME,2023-09-18,140.17,140.17,140.17,140.17,0
IME,2023-09-19,140.17,140.17,140.17,140.17,0
IME,2023-09-20,140.17,140.17,140.17,140.17,0
IME,2023-09-21,140.17,140.17,140.17,140.17,0
IME,2023-09-22,140.17,140.17,140.17,140.17,0
IME,2023-09-25,140.17,140.17,140.17,140.17,0
IME,2023-09-26,140.17,140.17,140.17,140.17,0
IME,2023-09-27,140.17,140.17,140.17,140.17,0
IME,2023-09-28,140.17,140.17,140.17,140.17,0
IME,2023-09-29,140.17,140.17,140.17,140.17,0
IME,2023-10-02,140.17,140.17,140.17,140.17,0
IME,2023-10-03,140.17,140.17,140.17,140.17,0
IME,2023-10-04,140.17,140.17,140.17,140.17,0
IME,2023-10-05,140.17,140.17,140.17,140.17,0
IME,2023-10-06,140.17,140.17,140.17,140.17,0
IME,2023-10-09,140.17,140.17,140.17,140.17,0
IME,2023-10-10,140.17,140.17,140.17,140.17,0
IME,2023-10-11,140.17,140.17,140.17,140.17,0
IME,2023-10-12,140.17,140.17,140.17,140.17,0
IME,2023-10-13,140.17,140.17,140.17,140.17,0
IME,2023-10-16,140.17,140.17,140.17,140.17,0
IME,2023-10-17,140.17,140.17,140.17,140.17,0
IME,2023-10-18,140.17,140.17,140.17,140.17,0
IME,2023-10-19,140.17,140.17,140.17,140.17,0
IME,2023-10-20,140.17,140.17,140.17,140.17,0
IME,2023-10-23,140.17,140.17,140.17,140.17,0
IME,2023-10-24,140.17,140.17,140.17,140.17,0
IME,2023-10-25,140.17,140.17,140.17,140.17,0
IME,2023-10-26,140.17,140.17,140.17,140.17,0
IME,2023-10-27,140.17,140.17,140.17,140.17,0
IME,2023-10-30,140.17,140.17,140.17,140.17,0
IME,2023-10-31,140.17,140.17,140.17,140.17,0
IME,2023-11-01,140.17,140.17,140.17,140.17,0
IME,2023-11-02,140.17,140.17,140.17,140.17,0
IME,2023-11-03,140.17,140.17,140.17,140.17,0
IME,2023-11-06,140.17,140.17,140.17,140.17,0
IME,2023-11-07,140.17,140.17,140.17,140.17,0
IME,2023-11-08,140.17,140.17,140.17,140.17,0
IME,2023-11-09,140.17,140.17,140.17,140.17,0
IME,2023-11-10,140.17,140.17,140.17,140.17,0
IME,2023-11-13,140.17,140.17,140.17,140.17,0
IME,2023-11-14,140.17,140.17,140.17,140.17,0
IME,2023-11-15,140.17,140.17,140.17,140.17,0
IME,2023-11-16,140.17,140.17,140.17,140.17,0
IME,2023-11-17,140.17,140.17,140.17,140.17,0
IME,2023-11-20,140.17,140.17,140.17,140.17,0
IME,2023-11-21,140.17,140.17,140.17,140.17,0
IME,2023-11-22,140.17,140.17,140.17,140.17,0
IME,2023-11-23,140.17,140.17,140.17,140.17,0
IME,2023-11-24,140.17,140.17,140.17,140.17,0
IME,2023-11-27,140.17,140.17,140.17,140.17,0
IME,2023-11-28,140.17,140.17,140.17,140.17,0
IME,2023-11-29,140.17,140.17,140.17,140.17,0
IME,2023-11-30,140.17,140.17,140.17,140.17,0
IME,2023-12-01,140.17,140.17,140.17,140.17,0
IME,2023-12-04,140.17,140.17,140.17,140.17,0
IME,2023-12-05,140.17,140.17,140.17,140.17,0
IME,2023-12-06,140.17,140.17,140.17,140.17,0
IME,2023-12-07,140.17,140.17,140.17,140.17,0
IME,2023-12-08,140.17,140.17,140.17,140.17,0
IME,2023-12-11,140.17,140.17,140.17,140.17,0
IME,2023-12-12,140.17,140.17,140.17,140.17,0
IME,2023-12-13,140.17,140.17,140.17,140.17,0
IME,2023-12-14,140.17,140.17,140.17,140.17,0
IME,2023-12-15,140.17,140.17,140.17,140.17,0
IME,2023-12-18,140.17,140.17,140.17,140.17,0
IME,2023-12-19,140.17,140.17,140.17,140.17,0
IME,2023-12-20,140.17,140.17,140.17,140.17,0
IME,2023-12-21,140.17,140.17,140.17,140.17,0
IME,2023-12-22,140.17,140.17,140.17,140.17,0
IME,2023-12-25,140.17,140.17,140.17,140.17,0
IME,2023-12-26,140.17,140.17,140.17,140.17,0
IME,2023-12-27,140.17,140.17,140.17,140.17,0
IME,2023-12-28,140.17,140.17,140.17,140.17,0
IME,2023-12-29,140.17,140.17,140.17,140.17,0
IME,2024-01-02,140.17,140.17,140.17,140.17,0
IME,2024-01-03,140.17,140.17,140.17,140.17,0
IME,2024-01-04,140.17,140.17,140.17,140.17,0
IME,2024-01-05,140.17,140.17,140.17,140.17,0
IME,2024-01-08,140.17,140.17,140.17,140.17,0
IME,2024-01-09,140.17,140.17,140.17,140.17,0
IME,2024-01-10,140.17,140.17,140.17,140.17,0
IME,2024-01-11,140.17,140.17,140.17,140.17,0
IME,2024-01-12,140.17,140.17,140.17,140.17,0
IME,2024-01-15,140.17,140.17,140.17,140.17,0
IME,2024-01-16,140.17,140.17,140.17,140.17,0
IME,2024-01-17,140.17,140.17,140.17,140.17,0
IME,2024-01-18,140.17,140.17,140.17,140.17,0
IME,2024-01-19,140.17,140.17,140.17,140.17,0
IME,2024-01-22,140.17,140.17,140.17,140.17,0
IME,2024-01-23,140.17,140.17,140.17,140.17,0
IME,2024-01-24,140.17,140.17,140.17,140.17,0
IME,2024-01-25,140.17,140.17,140.17,140.17,0
IME,2024-01-26,140.17,140.17,140.17,140.17,0
IME,2024-01-29,140.17,140.17,140.17,140.17,0
IME,2024-01-30,140.17,140.17,140.17,140.17,0
IME,2024-01-31,140.17,140.17,140.17,140.17,0
IME,2024-02-01,140.17,140.17,140.17,140.17,0
IME,2024-02-02,140.17,140.17,140.17,140.17,0
IME,2024-02-05,140.17,140.17,140.17,140.17,0
IME,2024-02-06,140.17,140.17,140.17,140.17,0
IME,2024-02-07,140.17,140.17,140.17,140.17,0
IME,2024-02-15,140.17,140.17,140.17,140.17,0
IME,2024-02-16,140.17,140.17,140.17,140.17,0
IME,2024-02-19,140.17,140.17,140.17,140.17,0
IME,2024-02-20,140.17,140.17,140.17,140.17,0
IME,2024-02-21,140.17,140.17,140.17,140.17,0
IME,2024-02-22,140.17,140.17,140.17,140.17,0
IME,2024-02-23,140.17,140.17,140.17,140.17,0
IME,2024-02-26,140.17,140.17,140.17,140.17,0
IME,2024-02-27,140.17,140.17,140.17,140.17,0
IME,2024-02-28,140.17,140.17,140.17,140.17,0
IME,2024-02-29,140.17,140.17,140.17,140.17,0
IME,2024-03-01,140.17,140.17,140.17,140.17,0
IME,2024-03-04,140.17,140.17,140.17,140.17,0
IME,2024-03-05,140.17,140.17,140.17,140.17,0
IME,2024-03-06,140.17,140.17,140.17,140.17,0
IME,2024-03-07,140.17,140.17,140.17,140.17,0
IME,2024-03-08,140.17,140.17,140.17,140.17,0
IME,2024-03-11,140.17,140.17,140.17,140.17,0
IME,2024-03-12,140.17,140.17,140.17,140.17,0
IME,2024-03-13,140.17,140.17,140.17,140.17,0
IME,2024-03-14,140.17,140.17,140.17,140.17,0
IME,2024-03-15,140.17,140.17,140.17,140.17,0
IME,2024-03-18,140.17,140.17,140.17,140.17,0
IME,2024-03-19,140.17,140.17,140.17,140.17,0
IME,2024-03-20,140.17,140.17,140.17,140.17,0
IME,2024-03-21,140.17,140.17,140.17,140.17,0
IME,2024-03-22,140.17,140.17,140.17,140.17,0
IME,2024-03-25,140.17,140.17,140.17,140.17,0
IME,2024-03-26,140.17,140.17,140.17,140.17,0
IME,2024-03-27,140.17,140.17,140.17,140.17,0
IME,2024-03-28,140.17,140.17,140.17,140.17,0
IME,2024-03-29,140.17,140.17,140.17,140.17,0
IME,2024-04-01,140.17,140.17,140.17,140.17,0
IME,2024-04-02,140.17,140.17,140.17,140.17,0
IME,2024-04-03,140.17,140.17,140.17,140.17,0
IME,2024-04-04,140.17,140.17,140.17,140.17,0
IME,2024-04-05,140.17,140.17,140.17,140.17,0
IME,2024-04-08,140.17,140.17,140.17,140.17,0
IME,2024-04-09,140.17,140.17,140.17,140.17,0
IME,2024-04-10,140.17,140.17,140.17,140.17,0
IME,2024-04-11,140.17,140.17,140.17,140.17,0
IME,2024-04-12,140.17,140.17,140.17,140.17,0
IME,2024-04-15,140.17,140.17,140.17,140.17,0
IME,2024-04-16,140.17,140.17,140.17,140.17,0
IME,2024-04-17,140.17,140.17,140.17,140.17,0
IME,2024-04-19,140.17,140.17,140.17,140.17,0
IME,2024-04-22,140.17,140.17,140.17,140.17,0
IME,2024-04-23,140.17,140.17,140.17,140.17,0
IME,2024-04-24,140.17,140.17,140.17,140.17,0
IME,2024-04-25,140.17,140.17,140.17,140.17,0
IME,2024-04-26,140.17,140.17,140.17,140.17,0
IME,2024-05-02,140.17,140.17,140.17,140.17,0
IME,2024-05-03,140.17,140.17,140.17,140.17,0
IME,2024-05-06,140.17,140.17,140.17,140.17,0
IME,2024-05-07,140.17,140.17,140.17,140.17,0
IME,2024-05-08,140.17,140.17,140.17,140.17,0
IME,2024-05-09,140.17,140.17,140.17,140.17,0
IME,2024-05-10,140.17,140.17,140.17,140.17,0
IME,2024-05-13,140.17,140.17,140.17,140.17,0
IME,2024-05-14,140.17,140.17,140.17,140.17,0
IME,2024-05-15,140.17,140.17,140.17,140.17,0
IME,2024-05-16,140.17,140.17,140.17,140.17,0
IME,2024-05-17,140.17,140.17,140.17,140.17,0
IME,2024-05-20,140.17,140.17,140.17,140.17,0
IME,2024-05-21,140.17,140.17,140.17,140.17,0
IME,2024-05-22,140.17,140.17,140.17,140.17,0
IME,2024-05-23,140.17,140.17,140.17,140.17,0
IME,2024-05-24,140.17,140.17,140.17,140.17,0
IME,2024-05-27,140.17,140.17,140.17,140.17,0
IME,2024-05-28,140.17,140.17,140.17,140.17,0
IME,2024-05-29,140.17,140.17,140.17,140.17,0
IME,2024-05-30,140.17,140.17,140.17,140.17,0
IME,2024-05-31,140.17,140.17,140.17,140.17,0
IME,2024-06-03,140.17,140.17,140.17,140.17,0
IME,2024-06-04,140.17,140.17,140.17,140.17,0
IME,2024-06-05,140.17,140.17,140.17,140.17,0
IME,2024-06-06,140.17,140.17,140.17,140.17,0
IME,2024-06-07,140.17,140.17,140.17,140.17,0
IME,2024-06-10,140.17,140.17,140.17,140.17,0
IME,2024-06-11,140.17,140.17,140.17,140.17,0
IME,2024-06-12,140.17,140.17,140.17,140.17,0
IME,2024-06-13,140.17,140.17,140.17,140.17,0
IME,2024-06-14,140.17,140.17,140.17,140.17,0
IME,2024-06-17,140.17,140.17,140.17,140.17,0
IME,2024-06-18,140.17,140.17,140.17,140.17,0
IME,2024-06-19,140.17,140.17,140.17,140.17,0
IME,2024-06-20,140.17,140.17,140.17,140.17,0
IME,2024-06-21,140.17,140.17,140.17,140.17,0
IME,2024-06-24,140.17,140.17,140.17,140.17,0
IME,2024-06-25,140.17,140.17,140.17,140.17,0
IME,2024-06-26,140.17,140.17,140.17,140.17,0
IME,2024-06-27,140.17,140.17,140.17,140.17,0
IME,2024-06-28,140.17,140.17,140.17,140.17,0
IME,2024-07-01,140.17,140.17,140.17,140.17,0
IME,2024-07-02,140.17,140.17,140.17,140.17,0
IME,2024-07-03,140.17,140.17,140.17,140.17,0
IME,2024-07-04,140.17,140.17,140.17,140.17,0
IME,2024-07-05,140.17,140.17,140.17,140.17,0
IME,2024-07-08,140.17,140.17,140.17,140.17,0
IME,2024-07-09,140.17,140.17,140.17,140.17,0
IME,2024-07-10,140.17,140.17,140.17,140.17,0
IME,2024-07-11,140.17,140.17,140.17,140.17,0
IME,2024-07-12,140.17,140.17,140.17,140.17,0
IME,2024-07-15,140.17,140.17,140.17,140.17,0
IME,2024-07-16,140.17,140.17,140.17,140.17,0
IME,2024-07-17,140.17,140.17,140.17,140.17,0
IME,2024-07-18,140.17,140.17,140.17,140.17,0
IME,2024-07-19,140.17,140.17,140.17,140.17,0
IME,2024-07-22,140.17,140.17,140.17,140.17,0
IME,2024-07-23,140.17,140.17,140.17,140.17,0
IME,2024-07-24,140.17,140.17,140.17,140.17,0
IME,2024-07-25,140.17,140.17,140.17,140.17,0
IME,2024-07-26,140.17,140.17,140.17,140.17,0
IME,2024-07-29,140.17,140.17,140.17,140.17,0
IME,2024-07-30,140.17,140.17,140.17,140.17,0
IME,2024-07-31,140.17,140.17,140.17,140.17,0
IME,2024-08-01,140.17,140.17,140.17,140.17,0
IME,2024-08-02,140.17,140.17,140.17,140.17,0
IME,2024-08-05,140.17,140.17,140.17,140.17,0
IME,2024-08-06,140.17,140.17,140.17,140.17,0
IME,2024-08-07,140.17,140.17,140.17,140.17,0
IME,2024-08-08,140.17,140.17,140.17,140.17,0
IME,2024-08-09,140.17,140.17,140.17,140.17,0
IME,2024-08-12,140.17,140.17,140.17,140.17,0
IME,2024-08-13,140.17,140.17,140.17,140.17,0
IME,2024-08-14,140.17,140.17,140.17,140.17,0
IME,2024-08-15,140.17,140.17,140.17,140.17,0
IME,2024-08-16,140.17,140.17,140.17,140.17,0
IME,2024-08-19,140.17,140.17,140.17,140.17,0
IME,2024-08-20,140.17,140.17,140.17,140.17,0
IME,2024-08-21,140.17,140.17,140.17,140.17,0
IME,2024-08-22,140.17,140.17,140.17,140.17,0
IME,2024-08-23,140.17,140.17,140.17,140.17,0
IME,2024-08-26,140.17,140.17,140.17,140.17,0
IME,2024-08-27,140.17,140.17,140.17,140.17,0
IME,2024-08-28,140.17,140.17,140.17,140.17,0
IME,2024-08-29,140.17,140.17,140.17,140.17,0
IME,2024-08-30,140.17,140.17,140.17,140.17,0
IME,2024-09-04,140.17,140.17,140.17,140.17,0
IME,2024-09-05,140.17,140.17,140.17,140.17,0
IME,2024-09-06,140.17,140.17,140.17,140.17,0
IME,2024-09-09,140.17,140.17,140.17,140.17,0
IME,2024-09-10,140.17,140.17,140.17,140.17,0
IME,2024-09-11,140.17,140.17,140.17,140.17,0
IME,2024-09-12,140.17,140.17,140.17,140.17,0
IME,2024-09-13,140.17,140.17,140.17,140.17,0
IME,2024-09-16,140.17,140.17,140.17,140.17,0
IME,2024-09-17,140.17,140.17,140.17,140.17,0
IME,2024-09-18,140.17,140.17,140.17,140.17,0
IME,2024-09-19,140.17,140.17,140.17,140.17,0
IME,2024-09-20,140.17,140.17,140.17,140.17,0
IME,2024-09-23,140.17,140.17,140.17,140.17,0
IME,2024-09-24,140.17,140.17,140.17,140.17,0
IME,2024-09-25,140.17,140.17,140.17,140.17,0
IME,2024-09-26,140.17,140.17,140.17,140.17,0
IME,2024-09-27,140.17,140.17,140.17,140.17,0
IME,2024-09-30,140.17,140.17,140.17,140.17,0
IME,2024-10-01,140.17,140.17,140.17,140.17,0
IME,2024-10-02,140.17,140.17,140.17,140.17,0
IME,2024-10-03,140.17,140.17,140.17,140.17,0
IME,2024-10-04,140.17,140.17,140.17,140.17,0
IME,2024-10-07,140.17,140.17,140.17,140.17,0
IME,2024-10-08,140.17,140.17,140.17,140.17,0
IME,2024-10-09,140.17,140.17,140.17,140.17,0
IME,2024-10-10,140.17,140.17,140.17,140.17,0
IME,2024-10-11,140.17,140.17,140.17,140.17,0
IME,2024-10-14,140.17,140.17,140.17,140.17,0
IME,2024-10-15,140.17,140.17,140.17,140.17,0
IME,2024-10-16,140.17,140.17,140.17,140.17,0
IME,2024-10-17,140.17,140.17,140.17,140.17,0
IME,2024-10-18,140.17,140.17,140.17,140.17,0
IME,2024-10-21,140.17,140.17,140.17,140.17,0
IME,2024-10-22,140.17,140.17,140.17,140.17,0
IME,2024-10-23,140.17,140.17,140.17,140.17,0
IME,2024-10-24,140.17,140.17,140.17,140.17,0
IME,2024-10-25,140.17,140.17,140.17,140.17,0
IME,2024-10-28,140.17,140.17,140.17,140.17,0
IME,2024-10-29,140.17,140.17,140.17,140.17,0
IME,2024-10-30,140.17,140.17,140.17,140.17,0
IME,2024-10-31,140.17,140.17,140.17,140.17,0
IME,2024-11-01,140.17,140.17,140.17,140.17,0
IME,2024-11-04,140.17,140.17,140.17,140.17,0
IME,2024-11-05,140.17,140.17,140.17,140.17,0
IME,2024-11-06,140.17,140.17,140.17,140.17,0
IME,2024-11-07,140.17,140.17,140.17,140.17,0
IME,2024-11-08,140.17,140.17,140.17,140.17,0
IME,2024-11-11,140.17,140.17,140.17,140.17,0
IME,2024-11-12,140.17,140.17,140.17,140.17,0
IME,2024-11-13,140.17,140.17,140.17,140.17,0
IME,2024-11-14,140.17,140.17,140.17,140.17,0
IME,2024-11-15,140.17,140.17,140.17,140.17,0
IME,2024-11-18,140.17,140.17,140.17,140.17,0
IME,2024-11-19,140.17,140.17,140.17,140.17,0
IME,2024-11-20,84.1,84.1,84.1,84.1,100
IME,2024-11-21,84.1,84.1,84.1,84.1,0
IME,2024-11-22,84.1,84.1,84.1,84.1,8
IME,2024-11-25,84.1,84.1,84.1,84.1,0
IME,2024-11-26,84.1,84.1,84.1,84.1,0
IME,2024-11-27,84.1,84.1,84.1,84.1,0
IME,2024-11-28,84.1,84.1,84.1,84.1,0
IME,2024-11-29,84.1,84.1,84.1,84.1,0
IME,2024-12-02,84.1,84.1,84.1,84.1,0
IME,2024-12-03,84.1,84.1,84.1,84.1,0
IME,2024-12-04,84.1,84.1,84.1,84.1,0
IME,2024-12-05,84.1,84.1,84.1,84.1,0
IME,2024-12-06,84.1,84.1,84.1,84.1,1
IME,2024-12-09,84.1,84.1,84.1,84.1,0
IME,2024-12-10,84.1,84.1,84.1,84.1,0
IME,2024-12-11,84.1,84.1,84.1,84.1,0
IME,2024-12-12,84.1,84.1,84.1,84.1,0
IME,2024-12-13,84.1,84.1,84.1,84.1,0
IME,2024-12-16,84.1,84.1,84.1,84.1,0
IME,2024-12-17,84.1,84.1,84.1,84.1,0
IME,2024-12-18,84.1,84.1,84.1,84.1,0
IME,2024-12-19,84.1,84.1,84.1,84.1,0
IME,2024-12-20,84.1,84.1,84.1,84.1,0
IME,2024-12-23,84.1,84.1,84.1,84.1,0
IME,2024-12-24,84.1,84.1,84.1,84.1,0
IME,2024-12-25,84.1,84.1,84.1,84.1,0
IME,2024-12-26,84.1,84.1,84.1,84.1,0
IME,2024-12-27,84.1,84.1,84.1,84.1,0
IME,2024-12-30,84.1,84.1,84.1,84.1,0
IME,2024-12-31,84.1,84.1,84.1,84.1,0
IME,2025-01-02,84.1,84.1,84.1,84.1,0
IME,2025-01-03,84.1,84.1,84.1,84.1,0
IME,2025-01-06,84.1,84.1,84.1,84.1,0
IME,2025-01-07,84.1,84.1,84.1,84.1,0
IME,2025-01-08,84.1,84.1,84.1,84.1,0
IME,2025-01-09,84.1,84.1,84.1,84.1,0
IME,2025-01-10,84.1,84.1,84.1,84.1,0
IME,2025-01-13,84.1,84.1,84.1,84.1,0
IME,2025-01-14,84.1,84.1,84.1,84.1,0
IME,2025-01-15,84.1,84.1,84.1,84.1,0
IME,2025-01-16,84.1,84.1,84.1,84.1,0
IME,2025-01-17,84.1,84.1,84.1,84.1,0
IME,2025-01-20,84.1,84.1,84.1,84.1,0
IME,2025-01-21,84.1,84.1,84.1,84.1,0
IME,2025-01-22,84.1,84.1,84.1,84.1,0
IME,2025-01-23,84.1,84.1,84.1,84.1,0
IME,2025-01-24,84.1,84.1,84.1,84.1,0
IME,2025-02-03,84.1,84.1,84.1,84.1,0
IME,2025-02-04,84.1,84.1,84.1,84.1,0
IME,2025-02-05,84.1,84.1,84.1,84.1,0
IME,2025-02-06,84.1,84.1,84.1,84.1,0
IME,2025-02-07,84.1,84.1,84.1,84.1,0
IME,2025-02-10,84.1,84.1,84.1,84.1,0
IME,2025-02-11,84.1,84.1,84.1,84.1,0
IME,2025-02-12,84.1,84.1,84.1,84.1,0
IME,2025-02-13,84.1,84.1,84.1,84.1,0
IME,2025-02-14,84.1,84.1,84.1,84.1,0
IME,2025-02-17,84.1,84.1,84.1,84.1,0
IME,2025-02-18,84.1,84.1,84.1,84.1,0
IME,2025-02-19,84.1,84.1,84.1,84.1,0
IME,2025-02-20,84.1,84.1,84.1,84.1,0
IME,2025-02-21,84.1,84.1,84.1,84.1,0
IME,2025-02-24,84.1,84.1,84.1,84.1,0
IME,2025-02-25,84.1,84.1,84.1,84.1,0
IME,2025-02-26,84.1,84.1,84.1,84.1,0
IME,2025-02-27,84.1,84.1,84.1,84.1,0
IME,2025-02-28,84.1,84.1,84.1,84.1,0
IME,2025-03-03,84.1,84.1,84.1,84.1,0
IME,2025-03-04,84.1,84.1,84.1,84.1,0
IME,2025-03-05,84.1,84.1,84.1,84.1,0
IME,2025-03-06,84.1,84.1,84.1,84.1,0
IME,2025-03-07,84.1,84.1,84.1,84.1,0
IME,2025-03-10,84.1,84.1,84.1,84.1,0
IME,2025-03-11,84.1,84.1,84.1,84.1,0
IME,2025-03-12,84.1,84.1,84.1,84.1,0
IME,2025-03-13,84.1,84.1,84.1,84.1,0
IME,2025-03-14,84.1,84.1,84.1,84.1,0
IME,2025-03-17,84.1,84.1,84.1,84.1,0
IME,2025-03-18,84.1,84.1,84.1,84.1,0
IME,2025-03-19,84.1,84.1,84.1,84.1,0
IME,2025-03-20,84.1,84.1,84.1,84.1,0
IME,2025-03-21,84.1,84.1,84.1,84.1,0
IME,2025-03-24,84.1,84.1,84.1,84.1,0
IME,2025-03-25,84.1,84.1,84.1,84.1,0
IME,2025-03-26,84.1,84.1,84.1,84.1,0
IME,2025-03-27,84.1,84.1,84.1,84.1,0
IME,2025-03-28,84.1,84.1,84.1,84.1,0
IME,2025-03-31,84.1,84.1,84.1,84.1,0
IME,2025-04-01,84.1,84.1,84.1,84.1,0
IME,2025-04-02,84.1,84.1,84.1,84.1,0
IME,2025-04-03,84.1,84.1,84.1,84.1,0
IME,2025-04-04,84.1,84.1,84.1,84.1,0
IME,2025-04-08,84.1,84.1,84.1,84.1,0
IME,2025-04-09,84.1,84.1,84.1,84.1,0
IME,2025-04-10,84.1,84.1,84.1,84.1,0
IME,2025-04-11,84.1,84.1,84.1,84.1,0
IME,2025-04-14,84.1,84.1,84.1,84.1,0
IME,2025-04-15,84.1,84.1,84.1,84.1,0
IME,2025-04-16,84.1,84.1,84.1,84.1,0
IME,2025-04-17,84.1,84.1,84.1,84.1,0
IME,2025-04-18,84.1,84.1,84.1,84.1,0
IME,2025-04-21,84.1,84.1,84.1,84.1,0
IME,2025-04-22,84.1,84.1,84.1,84.1,0
IME,2025-04-23,84.1,84.1,84.1,84.1,0
IME,2025-04-24,84.1,84.1,84.1,84.1,0
IME,2025-04-25,84.1,84.1,84.1,84.1,0
IME,2025-04-28,84.1,84.1,84.1,84.1,0
IME,2025-04-29,84.1,84.1,84.1,84.1,0
IME,2025-05-05,84.1,84.1,84.1,84.1,0
IME,2025-05-06,84.1,84.1,84.1,84.1,0
IME,2025-05-07,84.1,84.1,84.1,84.1,0
IME,2025-05-08,84.1,84.1,84.1,84.1,0
IME,2025-05-09,84.1,84.1,84.1,84.1,0
IME,2025-05-12,84.1,84.1,84.1,84.1,0
IME,2025-05-13,84.1,84.1,84.1,84.1,0
IME,2025-05-14,84.1,84.1,84.1,84.1,0
IME,2025-05-15,84.1,84.1,84.1,84.1,0
IME,2025-05-16,84.1,84.1,84.1,84.1,0
IME,2025-05-19,84.1,84.1,84.1,84.1,0
IME,2025-05-20,84.1,84.1,84.1,84.1,0
IME,2025-05-21,84.1,84.1,84.1,84.1,0
IME,2025-05-22,84.1,84.1,84.1,84.1,0
IME,2025-05-23,84.1,84.1,84.1,84.1,0
IME,2025-05-26,84.1,84.1,84.1,84.1,0
IME,2025-05-27,84.1,84.1,84.1,84.1,0
IME,2025-05-28,84.1,84.1,84.1,84.1,0
IME,2025-05-29,84.1,84.1,84.1,84.1,0
IME,2025-05-30,84.1,84.1,84.1,84.1,0
IME,2025-06-02,84.1,84.1,84.1,84.1,0
IME,2025-06-03,84.1,84.1,84.1,84.1,0
IME,2025-06-04,84.1,84.1,84.1,84.1,0
IME,2025-06-05,84.1,84.1,84.1,84.1,0
IME,2025-06-06,84.1,84.1,84.1,84.1,0
IME,2025-06-09,84.1,84.1,84.1,84.1,0
IME,2025-06-10,84.1,84.1,84.1,84.1,0
IME,2025-06-11,84.1,84.1,84.1,84.1,0
IME,2025-06-12,84.1,84.1,84.1,84.1,0
IME,2025-06-13,84.1,84.1,84.1,84.1,0
IME,2025-06-16,84.1,84.1,84.1,84.1,0
IME,2025-06-17,84.1,84.1,84.1,84.1,0
IME,2025-06-18,84.1,84.1,84.1,84.1,0
IME,2025-06-19,84.1,84.1,84.1,84.1,0
IME,2025-06-20,84.1,84.1,84.1,84.1,0
IME,2025-06-23,84.1,84.1,84.1,84.1,0
IME,2025-06-24,84.1,84.1,84.1,84.1,0
IME,2025-06-25,84.1,84.1,84.1,84.1,0
IME,2025-06-26,84.1,84.1,84.1,84.1,0
IME,2025-06-27,84.1,84.1,84.1,84.1,0
IME,2025-06-30,84.1,84.1,84.1,84.1,0
IME,2025-07-01,84.1,84.1,84.1,84.1,0
IME,2025-07-02,84.1,84.1,84.1,84.1,0
IME,2025-07-03,84.1,84.1,84.1,84.1,0
IME,2025-07-04,84.1,84.1,84.1,84.1,0
IME,2025-07-07,84.1,84.1,84.1,84.1,0
IME,2025-07-08,84.1,84.1,84.1,84.1,0
IME,2025-07-09,84.1,84.1,84.1,84.1,0
IME,2025-07-10,84.1,84.1,84.1,84.1,0
IME,2025-07-11,84.1,84.1,84.1,84.1,0
IME,2025-07-14,84.1,84.1,84.1,84.1,0
IME,2025-07-15,84.1,84.1,84.1,84.1,0
IME,2025-07-16,84.1,84.1,84.1,84.1,0
IME,2025-07-17,84.1,84.1,84.1,84.1,0
IME,2025-07-18,84.1,84.1,84.1,84.1,0
IME,2025-07-21,84.1,84.1,84.1,84.1,0
IME,2025-07-22,84.1,84.1,84.1,84.1,0
IME,2025-07-23,84.1,84.1,84.1,84.1,0
IME,2025-07-24,84.1,84.1,84.1,84.1,0
IME,2025-07-25,84.1,84.1,84.1,84.1,0
IME,2025-07-28,84.1,84.1,84.1,84.1,0
IME,2025-07-29,84.1,84.1,84.1,84.1,0
IME,2025-07-30,84.1,84.1,84.1,84.1,0
IME,2025-07-31,84.1,84.1,84.1,84.1,0
IME,2025-08-01,84.1,84.1,84.1,84.1,0
IME,2025-08-04,84.1,84.1,84.1,84.1,0
IME,2025-08-05,84.1,84.1,84.1,84.1,0
IME,2025-08-06,84.1,84.1,84.1,84.1,0
IME,2025-08-07,84.1,84.1,84.1,84.1,0
IME,2025-08-08,84.1,84.1,84.1,84.1,0
IME,2025-08-11,84.1,84.1,84.1,84.1,0
IME,2025-08-12,84.1,84.1,84.1,84.1,0
IME,2025-08-13,84.1,84.1,84.1,84.1,0
IME,2025-08-14,84.1,84.1,84.1,84.1,0
IME,2025-08-15,84.1,84.1,84.1,84.1,0
IME,2025-08-18,84.1,84.1,84.1,84.1,0
IME,2025-08-19,84.1,84.1,84.1,84.1,0
IME,2025-08-20,84.1,84.1,84.1,84.1,0
IME,2025-08-21,84.1,84.1,84.1,84.1,0
IME,2025-08-22,84.1,84.1,84.1,84.1,0
IME,2025-08-25,84.1,84.1,84.1,84.1,0
IME,2025-08-26,84.1,84.1,84.1,84.1,0
IME,2025-08-27,84.1,84.1,84.1,84.1,0
IME,2025-08-28,84.1,84.1,84.1,84.1,0
IME,2025-08-29,84.1,84.1,84.1,84.1,0
IME,2025-09-03,84.1,84.1,84.1,84.1,0
ILS,2018-03-19,10.0,0.0,0.0,0.0,0
ILS,2018-03-20,14.0,14.0,10.0,10.4,8400
ILS,2018-03-21,11.0,12.3,10.6,12.3,11500
ILS,2018-03-22,12.7,12.7,12.7,12.7,1100
ILS,2018-03-23,14.6,14.6,11.4,11.4,91500
ILS,2018-03-26,13.4,13.4,11.6,11.7,38600
ILS,2018-03-27,12.1,12.1,11.8,12.0,37100
ILS,2018-03-28,12.0,13.6,12.0,13.6,147200
ILS,2018-03-29,14.1,15.0,14.1,15.0,301700
ILS,2018-03-30,17.2,17.2,17.2,17.2,51700
ILS,2018-04-02,19.6,19.7,18.5,19.7,65000
ILS,2018-04-03,22.3,22.3,17.2,19.0,68100
ILS,2018-04-04,17.5,18.0,16.4,16.4,111700
ILS,2018-04-05,14.3,15.0,14.2,14.3,44000
ILS,2018-04-06,14.6,16.6,14.6,16.6,23300
ILS,2018-04-09,16.6,18.6,16.6,17.6,36700
ILS,2018-04-10,18.3,18.3,16.3,16.8,21100
ILS,2018-04-11,17.0,17.8,16.3,16.3,16400
ILS,2018-04-12,16.9,16.9,16.9,16.9,3400
ILS,2018-04-13,18.5,18.5,16.7,16.7,4700
ILS,2018-04-16,16.0,16.0,15.5,16.0,5000
ILS,2018-04-17,15.5,16.0,15.5,15.9,4100
ILS,2018-04-18,15.1,16.3,15.1,15.1,6000
ILS,2018-04-19,14.5,16.0,14.5,15.0,6100
ILS,2018-04-20,15.2,15.8,15.2,15.8,1200
ILS,2018-04-23,15.1,15.1,13.4,13.4,33600
ILS,2018-04-24,14.0,15.9,14.0,15.9,4700
ILS,2018-04-26,15.7,15.7,15.7,15.7,0
ILS,2018-04-27,17.8,17.8,14.8,16.0,900
ILS,2018-05-02,15.2,15.3,14.8,14.8,16100
ILS,2018-05-03,15.0,15.4,15.0,15.4,10700
ILS,2018-05-04,15.4,16.0,15.3,15.3,11700
ILS,2018-05-07,16.0,16.0,15.2,15.3,2700
ILS,2018-05-08,15.1,15.3,15.1,15.3,5000
ILS,2018-05-09,15.0,15.0,14.6,15.0,11700
ILS,2018-05-10,15.8,15.8,15.1,15.2,4300
ILS,2018-05-11,15.1,15.9,12.9,15.1,50700
ILS,2018-05-14,14.1,15.6,12.0,14.1,77600
ILS,2018-05-15,14.4,14.4,13.1,14.4,56000
ILS,2018-05-16,14.1,15.5,13.1,14.9,87300
ILS,2018-05-17,14.2,15.4,13.8,15.0,102900
ILS,2018-05-18,14.6,14.7,14.6,14.7,3100
ILS,2018-05-21,15.9,15.9,14.8,14.9,14000
ILS,2018-05-22,15.0,15.0,14.9,15.0,30500
ILS,2018-05-23,15.3,15.9,15.0,15.0,5900
ILS,2018-05-24,15.8,15.8,15.2,15.2,900
ILS,2018-05-25,15.3,15.4,15.3,15.4,2900
ILS,2018-05-28,15.4,15.4,15.3,15.3,7500
ILS,2018-05-29,15.0,15.5,15.0,15.5,3500
ILS,2018-05-30,15.5,15.5,15.4,15.4,1400
ILS,2018-05-31,15.5,16.0,15.5,16.0,2000
ILS,2018-06-01,15.8,15.8,15.8,15.8,1000
ILS,2018-06-04,15.9,16.0,15.5,15.5,3500
ILS,2018-06-05,15.0,15.0,15.0,15.0,200
ILS,2018-06-06,15.6,15.6,15.2,15.2,1300
ILS,2018-06-07,15.2,15.2,15.2,15.2,200
ILS,2018-06-08,15.2,15.2,15.2,15.2,2900
ILS,2018-06-11,15.2,15.2,15.2,15.2,0
ILS,2018-06-12,15.2,15.2,15.2,15.2,5100
ILS,2018-06-13,15.2,15.2,15.0,15.0,400
ILS,2018-06-14,15.0,15.0,15.0,15.0,200
ILS,2018-06-15,15.0,15.0,15.0,15.0,0
ILS,2018-06-18,15.2,15.2,15.2,15.2,600
ILS,2018-06-19,15.0,15.0,15.0,15.0,12200
ILS,2018-06-20,13.7,16.8,13.7,14.1,2200
ILS,2018-06-21,16.3,16.3,14.7,14.7,3000
ILS,2018-06-22,16.8,16.8,14.8,14.8,1000
ILS,2018-06-25,14.5,14.5,14.5,14.5,100
ILS,2018-06-26,14.5,14.6,14.5,14.6,2600
ILS,2018-06-27,14.9,15.9,14.9,15.9,1100
ILS,2018-06-28,15.8,15.8,15.1,15.1,2200
ILS,2018-06-29,15.9,15.9,15.9,15.9,100
ILS,2018-07-02,15.1,15.9,15.1,15.2,8200
ILS,2018-07-03,15.2,15.2,15.2,15.2,0
ILS,2018-07-04,15.9,15.9,15.9,15.9,100
ILS,2018-07-05,15.0,15.0,15.0,15.0,1200
ILS,2018-07-06,17.1,17.1,15.0,15.0,1300
ILS,2018-07-09,17.3,17.3,15.2,15.2,700
ILS,2018-07-10,17.7,17.7,15.3,15.3,600
ILS,2018-07-11,14.5,15.9,14.5,15.2,5600
ILS,2018-07-12,13.5,17.5,13.5,17.4,900
ILS,2018-07-13,15.0,18.0,15.0,15.5,5300
ILS,2018-07-16,15.0,16.7,15.0,15.3,4800
ILS,2018-07-17,15.0,16.1,15.0,16.1,1600
ILS,2018-07-18,16.0,16.1,15.2,16.0,2100
ILS,2018-07-19,15.3,15.3,15.3,15.3,200
ILS,2018-07-20,15.5,15.9,15.4,15.6,4400
ILS,2018-07-23,15.9,15.9,15.5,15.5,600
ILS,2018-07-24,15.5,16.0,15.3,16.0,800
ILS,2018-07-25,16.0,16.0,15.3,15.3,1000
ILS,2018-07-26,15.9,15.9,15.9,15.9,100
ILS,2018-07-27,16.1,16.1,15.3,15.3,300
ILS,2018-07-30,15.9,16.0,15.9,16.0,300
ILS,2018-07-31,16.3,18.0,16.0,16.0,1300
ILS,2018-08-01,17.4,17.4,15.4,15.4,1200
ILS,2018-08-02,15.9,15.9,15.9,15.9,100
ILS,2018-08-03,15.0,15.5,15.0,15.5,400
ILS,2018-08-06,15.9,15.9,15.2,15.9,5800
ILS,2018-08-07,15.3,15.5,15.2,15.2,1300
ILS,2018-08-08,15.3,15.3,15.2,15.2,200
ILS,2018-08-09,15.8,15.9,15.3,15.3,1000
ILS,2018-08-10,15.8,15.8,15.8,15.8,0
ILS,2018-08-13,15.8,15.8,15.8,15.8,0
ILS,2018-08-14,15.2,15.2,15.2,15.2,800
ILS,2018-08-15,15.3,15.3,15.3,15.3,10300
ILS,2018-08-16,17.3,17.3,15.3,15.3,900
ILS,2018-08-17,17.1,17.1,17.0,17.0,200
ILS,2018-08-20,15.9,15.9,15.9,15.9,100
ILS,2018-08-21,15.3,15.3,15.3,15.3,700
ILS,2018-08-22,15.3,16.8,15.3,16.8,900
ILS,2018-08-23,15.5,15.5,15.5,15.5,0
ILS,2018-08-24,15.5,15.5,15.5,15.5,0
ILS,2018-08-27,15.3,15.3,15.3,15.3,1000
ILS,2018-08-28,15.5,15.5,15.3,15.3,1700
ILS,2018-08-29,15.4,15.4,15.4,15.4,0
ILS,2018-08-30,15.4,15.4,15.4,15.4,0
ILS,2018-08-31,16.8,16.8,15.3,15.3,800
ILS,2018-09-04,15.3,15.3,15.3,15.3,8400
ILS,2018-09-05,15.3,15.3,15.3,15.3,0
ILS,2018-09-06,15.3,15.3,15.3,15.3,0
ILS,2018-09-07,15.3,15.3,15.1,15.1,14200
ILS,2018-09-10,16.0,16.0,16.0,16.0,100
ILS,2018-09-11,16.0,16.0,16.0,16.0,0
ILS,2018-09-12,15.3,15.3,15.3,15.3,28700
ILS,2018-09-13,15.3,15.4,15.2,15.3,11600
ILS,2018-09-14,15.3,15.3,15.3,15.3,3600
ILS,2018-09-17,15.3,15.3,15.3,15.3,3700
ILS,2018-09-18,15.3,15.3,15.2,15.2,24800
ILS,2018-09-19,17.4,17.4,15.3,15.3,20800
ILS,2018-09-20,15.3,15.3,15.3,15.3,1000
ILS,2018-09-21,15.3,15.3,15.3,15.3,0
ILS,2018-09-24,15.2,15.2,15.2,15.2,500
ILS,2018-09-25,15.2,15.2,15.1,15.1,2000
ILS,2018-09-26,17.3,17.3,15.2,15.2,2100
ILS,2018-09-27,16.9,16.9,14.6,14.6,600
ILS,2018-09-28,16.4,16.4,14.7,14.7,1200
ILS,2018-10-01,14.7,14.9,14.7,14.9,300
ILS,2018-10-02,14.8,14.8,14.8,14.8,0
ILS,2018-10-03,14.5,14.5,14.5,14.5,200
ILS,2018-10-04,16.3,16.3,14.2,14.2,1800
ILS,2018-10-05,14.0,14.4,14.0,14.4,600
ILS,2018-10-08,14.0,14.1,14.0,14.0,1100
ILS,2018-10-09,13.4,14.0,13.4,13.5,400
ILS,2018-10-10,12.9,13.3,12.9,13.3,600
ILS,2018-10-11,12.6,12.9,12.0,12.9,13500
ILS,2018-10-12,11.6,13.0,11.6,12.8,3600
ILS,2018-10-15,11.5,12.5,11.5,12.5,900
ILS,2018-10-16,11.9,12.8,11.8,12.8,17600
ILS,2018-10-17,12.0,13.0,12.0,13.0,6000
ILS,2018-10-18,14.0,14.0,14.0,14.0,100
ILS,2018-10-19,12.6,13.0,12.6,13.0,500
ILS,2018-10-22,12.1,12.8,12.0,12.1,4500
ILS,2018-10-23,12.1,12.2,11.6,11.6,4300
ILS,2018-10-24,11.5,12.0,11.3,12.0,1300
ILS,2018-10-25,11.5,11.5,10.5,11.5,5000
ILS,2018-10-26,10.3,12.3,10.3,12.3,1800
ILS,2018-10-29,11.2,11.7,11.2,11.7,1100
ILS,2018-10-30,11.6,11.8,11.6,11.8,2700
ILS,2018-10-31,11.8,12.5,11.8,12.5,400
ILS,2018-11-01,12.3,12.4,12.3,12.3,3400
ILS,2018-11-02,12.4,12.4,12.4,12.4,0
ILS,2018-11-05,12.4,12.4,12.4,12.4,0
ILS,2018-11-06,13.9,13.9,12.6,12.6,2600
ILS,2018-11-07,12.9,12.9,12.9,12.9,500
ILS,2018-11-08,12.9,12.9,12.6,12.6,4500
ILS,2018-11-09,13.0,13.0,13.0,13.0,200
ILS,2018-11-12,13.2,13.2,13.2,13.2,3600
ILS,2018-11-13,13.0,13.1,13.0,13.1,1200
ILS,2018-11-14,12.8,12.8,12.8,12.8,2000
ILS,2018-11-15,12.9,12.9,12.9,12.9,800
ILS,2018-11-16,13.0,13.1,13.0,13.0,3100
ILS,2018-11-19,13.0,13.1,13.0,13.0,3800
ILS,2018-11-20,13.1,13.1,13.1,13.1,1500
ILS,2018-11-21,13.1,14.9,12.9,12.9,6200
ILS,2018-11-22,13.1,14.9,13.0,14.9,4200
ILS,2018-11-23,13.1,13.1,13.1,13.1,800
ILS,2018-11-26,13.1,14.3,13.1,14.3,2300
ILS,2018-11-27,13.1,14.0,13.1,13.1,2000
ILS,2018-11-28,13.1,13.1,13.1,13.1,2400
ILS,2018-11-29,13.1,13.1,13.1,13.1,100
ILS,2018-11-30,13.1,13.5,13.1,13.5,6500
ILS,2018-12-03,13.1,13.2,13.1,13.2,2200
ILS,2018-12-04,13.2,13.5,13.2,13.5,1000
ILS,2018-12-05,13.3,13.3,13.3,13.3,15000
ILS,2018-12-06,13.3,13.3,13.3,13.3,5000
ILS,2018-12-07,13.3,13.3,13.3,13.3,30000
ILS,2018-12-10,13.3,13.3,13.3,13.3,11100
ILS,2018-12-11,12.6,12.6,12.6,12.6,200
ILS,2018-12-12,11.0,12.8,11.0,12.8,2400
ILS,2018-12-13,12.9,12.9,12.5,12.5,2700
ILS,2018-12-14,12.5,12.5,12.5,12.5,0
ILS,2018-12-17,12.6,12.6,12.6,12.6,1300
ILS,2018-12-18,13.0,13.0,13.0,13.0,2200
ILS,2018-12-19,12.6,13.0,12.6,13.0,2300
ILS,2018-12-20,12.6,12.7,12.6,12.7,2200
ILS,2018-12-21,12.7,13.0,12.0,13.0,2700
ILS,2018-12-24,13.0,13.0,13.0,13.0,800
ILS,2018-12-25,12.6,13.2,12.6,13.0,6900
ILS,2018-12-26,13.0,13.0,13.0,13.0,2800
ILS,2018-12-27,13.0,13.0,13.0,13.0,8200
ILS,2018-12-28,13.2,13.2,13.0,13.0,500
ILS,2019-01-02,13.0,13.0,13.0,13.0,11400
ILS,2019-01-03,13.0,13.0,13.0,13.0,3000
ILS,2019-01-04,13.0,13.0,13.0,13.0,0
ILS,2019-01-07,13.0,13.0,13.0,13.0,0
ILS,2019-01-08,13.0,13.0,13.0,13.0,13300
ILS,2019-01-09,13.0,13.0,13.0,13.0,0
ILS,2019-01-10,13.0,13.0,13.0,13.0,3500
ILS,2019-01-11,13.1,13.3,13.1,13.3,1000
ILS,2019-01-14,13.1,13.2,13.1,13.2,13700
ILS,2019-01-15,13.3,13.3,13.3,13.3,3000
ILS,2019-01-16,13.3,13.3,13.3,13.3,0
ILS,2019-01-17,13.2,13.2,13.2,13.2,5000
ILS,2019-01-18,15.0,15.0,13.1,13.1,2100
ILS,2019-01-21,11.6,15.1,11.6,15.1,52100
ILS,2019-01-22,13.1,14.9,13.1,14.9,53200
ILS,2019-01-23,14.0,14.4,13.2,13.2,69400
ILS,2019-01-24,14.3,14.3,14.3,14.3,66300
ILS,2019-01-25,14.3,15.9,14.3,15.5,53400
ILS,2019-01-28,15.3,15.8,14.4,15.2,69900
ILS,2019-01-29,15.5,15.6,14.5,15.6,60400
ILS,2019-01-30,15.7,15.7,15.7,15.7,100
ILS,2019-01-31,13.8,13.8,13.8,13.8,5000
ILS,2019-02-01,13.6,13.6,13.6,13.6,5000
ILS,2019-02-11,15.0,15.0,15.0,15.0,400
ILS,2019-02-12,14.1,14.1,14.1,14.1,5000
ILS,2019-02-13,14.1,15.3,14.1,15.3,3000
ILS,2019-02-14,14.1,15.3,15.3,15.3,0
ILS,2019-02-15,15.9,15.9,13.1,13.1,4000
ILS,2019-02-18,14.0,14.9,11.4,14.0,1900
ILS,2019-02-19,14.9,14.9,14.9,14.9,100
ILS,2019-02-20,14.1,14.9,14.1,14.3,56600
ILS,2019-02-21,14.8,14.9,14.3,14.4,86100
ILS,2019-02-22,14.8,14.4,14.4,14.4,0
ILS,2019-02-25,14.8,14.8,14.8,14.8,200
ILS,2019-02-26,14.8,14.8,14.8,14.8,0
ILS,2019-02-27,14.8,14.8,14.8,14.8,0
ILS,2019-02-28,14.4,14.4,14.4,14.4,2100
ILS,2019-03-01,14.8,14.8,14.8,14.8,100
ILS,2019-03-04,14.3,14.3,14.3,14.3,300
ILS,2019-03-05,14.9,14.9,14.3,14.4,36000
ILS,2019-03-06,14.2,14.7,14.2,14.4,38600
ILS,2019-03-07,14.2,14.3,13.9,14.1,71600
ILS,2019-03-08,14.9,14.9,13.5,14.2,48700
ILS,2019-03-11,14.2,14.7,14.1,14.7,39800
ILS,2019-03-12,14.9,14.9,14.2,14.2,86700
ILS,2019-03-13,14.5,14.5,13.5,14.5,58400
ILS,2019-03-14,13.1,16.4,13.0,16.4,178000
ILS,2019-03-15,16.5,17.0,16.5,17.0,103500
ILS,2019-03-18,17.8,17.8,15.5,16.3,110700
ILS,2019-03-19,15.5,15.5,14.5,14.5,198700
ILS,2019-03-20,14.7,14.8,13.9,14.5,126400
ILS,2019-03-21,14.7,15.4,14.5,15.3,152100
ILS,2019-03-22,15.7,15.7,15.2,15.2,130700
ILS,2019-03-25,15.0,15.0,14.1,14.7,144500
ILS,2019-03-26,15.2,15.2,14.8,14.8,147100
ILS,2019-03-27,15.6,15.9,14.9,15.2,210100
ILS,2019-03-28,14.1,14.1,14.1,14.1,500
ILS,2019-03-29,15.1,15.1,14.1,14.1,1900
ILS,2019-04-01,14.1,14.9,14.0,14.5,173800
ILS,2019-04-02,14.9,14.9,14.3,14.8,161300
ILS,2019-04-03,14.3,15.2,14.1,14.5,169400
ILS,2019-04-04,14.9,14.9,14.6,14.8,117100
ILS,2019-04-05,14.7,14.9,14.5,14.8,135500
ILS,2019-04-08,14.5,14.9,14.5,14.8,158000
ILS,2019-04-09,14.9,15.5,14.7,15.3,167200
ILS,2019-04-10,14.8,15.3,14.8,14.9,139000
ILS,2019-04-11,15.0,15.1,14.8,15.0,142100
ILS,2019-04-12,15.1,15.1,14.6,14.6,73100
ILS,2019-04-16,14.6,14.9,14.6,14.7,69700
ILS,2019-04-17,15.9,16.0,14.8,15.0,66600
ILS,2019-04-18,14.8,15.1,14.6,14.8,61400
ILS,2019-04-19,15.5,15.5,14.7,14.8,91100
ILS,2019-04-22,14.5,14.5,14.5,14.5,500
ILS,2019-04-23,14.2,14.9,14.1,14.9,3100
ILS,2019-04-24,14.9,14.9,14.8,14.8,1100
ILS,2019-04-25,15.3,15.3,14.3,14.3,400
ILS,2019-04-26,14.5,14.6,14.5,14.6,13500
ILS,2019-05-02,14.8,15.5,14.5,14.5,11600
ILS,2019-05-03,15.0,15.0,14.5,14.5,600
ILS,2019-05-06,14.5,14.8,14.5,14.8,12500
ILS,2019-05-07,15.0,15.0,14.7,14.7,400
ILS,2019-05-08,15.5,15.5,14.7,14.7,700
ILS,2019-05-09,14.9,14.9,14.8,14.8,5400
ILS,2019-05-10,15.2,15.2,14.8,14.9,3300
ILS,2019-05-13,14.8,15.0,14.8,15.0,900
ILS,2019-05-14,15.0,15.9,14.8,14.8,1400
ILS,2019-05-15,14.8,14.8,14.8,14.8,1000
ILS,2019-05-16,15.0,15.0,14.8,14.8,300
ILS,2019-05-17,15.0,16.0,15.0,16.0,13200
ILS,2019-05-20,17.0,17.0,15.2,15.2,3700
ILS,2019-05-21,15.2,16.0,15.0,16.0,3100
ILS,2019-05-22,15.4,15.9,15.4,15.8,2400
ILS,2019-05-23,15.5,16.3,15.5,16.3,2900
ILS,2019-05-24,15.9,15.9,15.9,15.9,1900
ILS,2019-05-27,16.2,16.2,15.9,15.9,4500
ILS,2019-05-28,15.2,15.9,15.2,15.9,400
ILS,2019-05-29,15.9,15.9,15.9,15.9,100
ILS,2019-05-30,15.0,15.0,15.0,15.0,200
ILS,2019-05-31,15.0,15.0,15.0,15.0,7000
ILS,2019-06-03,15.9,16.0,15.9,16.0,800
ILS,2019-06-04,15.0,15.0,15.0,15.0,100
ILS,2019-06-05,15.1,16.0,15.0,15.0,31400
ILS,2019-06-06,14.7,14.7,14.7,14.7,200
ILS,2019-06-07,15.6,15.6,15.6,15.6,100
ILS,2019-06-10,14.7,14.8,14.4,14.7,10200
ILS,2019-06-11,14.4,14.9,14.0,14.3,11700
ILS,2019-06-12,16.3,16.3,14.0,14.0,13200
ILS,2019-06-13,16.6,16.6,14.3,14.3,5500
ILS,2019-06-14,18.5,18.8,15.9,16.0,8200
ILS,2019-06-17,14.9,14.9,14.9,14.9,2000
ILS,2019-06-18,14.5,14.5,14.5,14.5,200
ILS,2019-06-19,15.2,15.2,14.8,15.0,83100
ILS,2019-06-20,15.0,15.1,14.9,15.1,120000
ILS,2019-06-21,15.8,15.8,15.8,15.8,65000
ILS,2019-06-24,15.7,15.7,15.0,15.0,75800
ILS,2019-06-25,15.0,15.4,14.4,14.4,74900
ILS,2019-06-26,15.6,15.6,15.5,15.5,6100
ILS,2019-06-27,15.5,15.6,15.5,15.6,3100
ILS,2019-06-28,15.5,15.6,15.6,15.6,0
ILS,2019-07-01,15.4,15.4,15.4,15.4,1200
ILS,2019-07-02,15.2,15.2,14.4,14.4,9500
ILS,2019-07-03,15.7,16.9,14.8,16.9,39900
ILS,2019-07-04,17.5,19.0,17.5,16.6,98600
ILS,2019-07-05,18.8,19.0,17.1,18.0,9500
ILS,2019-07-08,17.5,18.8,16.8,17.4,12500
ILS,2019-07-09,17.0,17.8,16.2,17.8,22600
ILS,2019-07-10,17.8,19.1,17.8,18.5,42700
ILS,2019-07-11,19.0,19.0,17.6,18.2,16000
ILS,2019-07-12,18.5,18.5,18.0,18.0,6900
ILS,2019-07-15,18.5,18.5,17.6,18.3,9300
ILS,2019-07-16,18.5,18.5,17.8,18.1,30300
ILS,2019-07-17,17.2,18.2,17.0,17.0,17200
ILS,2019-07-18,17.7,18.0,17.4,18.0,3500
ILS,2019-07-19,18.0,18.0,17.4,17.9,10600
ILS,2019-07-22,18.2,18.2,17.5,17.5,12500
ILS,2019-07-23,17.7,17.7,17.6,17.6,4600
ILS,2019-07-24,17.6,17.6,17.0,17.0,9600
ILS,2019-07-25,17.1,17.1,17.0,17.1,8600
ILS,2019-07-26,17.1,17.2,17.0,17.2,11200
ILS,2019-07-29,17.2,17.2,16.3,16.3,4300
ILS,2019-07-30,16.3,16.8,16.1,16.5,8200
ILS,2019-07-31,15.2,16.7,15.1,16.4,5500
ILS,2019-08-01,16.2,16.3,15.7,16.2,5800
ILS,2019-08-02,16.4,16.4,16.0,16.0,8500
ILS,2019-08-05,16.0,16.1,15.3,15.4,9700
ILS,2019-08-06,15.9,15.9,15.8,15.8,6200
ILS,2019-08-07,16.8,16.8,16.5,16.8,4600
ILS,2019-08-08,16.6,19.0,16.6,17.9,93900
ILS,2019-08-09,18.5,18.5,17.0,17.4,3900
ILS,2019-08-12,17.4,17.4,17.1,17.2,5400
ILS,2019-08-13,16.7,17.1,16.0,16.5,17900
ILS,2019-08-14,16.9,16.9,16.5,16.5,3200
ILS,2019-08-15,16.5,16.8,16.5,16.5,3100
ILS,2019-08-16,16.8,16.9,16.5,16.5,4300
ILS,2019-08-19,16.5,16.5,15.5,16.2,1500
ILS,2019-08-20,16.0,16.5,15.8,15.9,6700
ILS,2019-08-21,16.4,16.4,16.0,16.4,4200
ILS,2019-08-22,16.5,17.3,16.3,16.5,28500
ILS,2019-08-23,16.5,16.9,16.1,16.1,1900
ILS,2019-08-26,17.7,17.7,16.6,17.4,4600
ILS,2019-08-27,17.7,17.7,17.0,17.0,34900
ILS,2019-08-28,17.0,18.4,16.9,17.6,53300
ILS,2019-08-29,17.8,19.3,17.4,18.4,63700
ILS,2019-08-30,18.8,19.4,18.5,19.0,75700
ILS,2019-09-03,19.0,19.5,18.6,19.1,41300
ILS,2019-09-04,19.0,19.0,18.0,18.0,12100
ILS,2019-09-05,18.0,18.0,16.8,17.1,36200
ILS,2019-09-06,17.0,17.6,16.5,17.1,31000
ILS,2019-09-09,17.9,17.9,17.0,17.0,23500
ILS,2019-09-10,17.9,18.0,16.0,16.8,29700
ILS,2019-09-11,17.0,17.1,16.0,16.6,26600
ILS,2019-09-12,17.5,17.5,16.5,16.7,11100
ILS,2019-09-13,17.4,17.4,16.2,16.2,10700
ILS,2019-09-16,16.3,17.2,16.3,17.0,24000
ILS,2019-09-17,17.3,18.2,17.3,17.6,5100
ILS,2019-09-18,17.7,17.9,17.0,17.0,4300
ILS,2019-09-19,17.5,17.5,16.7,17.1,3700
ILS,2019-09-20,17.5,17.5,16.9,16.9,7600
ILS,2019-09-23,16.7,16.9,16.4,16.4,9500
ILS,2019-09-24,16.9,17.0,16.5,16.7,12200
ILS,2019-09-25,16.9,16.9,16.6,16.6,1300
ILS,2019-09-26,16.9,17.0,16.9,17.0,1000
ILS,2019-09-27,16.7,16.7,15.8,15.8,9100
ILS,2019-09-30,16.1,16.8,15.2,15.2,16600
ILS,2019-10-01,16.5,16.5,15.4,16.2,15700
ILS,2019-10-02,16.5,16.5,15.9,16.0,7400
ILS,2019-10-03,15.7,16.1,15.5,16.0,18300
ILS,2019-10-04,15.9,16.0,15.3,15.8,64800
ILS,2019-10-07,16.0,16.0,15.0,15.0,22800
ILS,2019-10-08,15.0,15.3,14.2,15.0,28200
ILS,2019-10-09,14.4,14.4,13.3,14.4,18100
ILS,2019-10-10,13.5,15.0,13.5,14.7,12900
ILS,2019-10-11,14.3,15.4,14.3,15.2,1700
ILS,2019-10-14,14.3,15.2,14.3,14.9,5800
ILS,2019-10-15,14.8,15.1,14.7,14.8,19400
ILS,2019-10-16,14.7,16.8,14.7,15.1,6000
ILS,2019-10-17,14.5,15.2,14.5,15.2,4600
ILS,2019-10-18,15.0,16.5,15.0,15.5,15400
ILS,2019-10-21,16.3,16.3,16.3,16.3,1000
ILS,2019-10-22,16.7,16.7,15.2,16.5,1200
ILS,2019-10-23,15.6,15.6,15.5,15.5,1500
ILS,2019-10-24,16.5,16.5,15.5,16.3,6400
ILS,2019-10-25,16.7,16.7,15.5,16.6,3200
ILS,2019-10-28,16.7,16.7,15.6,16.5,1700
ILS,2019-10-29,16.7,16.7,16.7,16.7,700
ILS,2019-10-30,16.4,16.4,15.5,16.3,1100
ILS,2019-10-31,16.2,16.9,15.4,16.3,14500
ILS,2019-11-01,16.5,17.1,15.5,16.1,1900
ILS,2019-11-04,15.5,16.6,15.5,16.5,7300
ILS,2019-11-05,16.0,16.3,16.0,16.3,600
ILS,2019-11-06,16.2,16.5,15.8,15.8,2000
ILS,2019-11-07,16.2,16.3,16.2,16.3,600
ILS,2019-11-08,16.3,17.8,16.3,16.9,6800
ILS,2019-11-11,17.3,17.7,16.8,17.1,22300
ILS,2019-11-12,17.3,17.5,15.9,16.8,45500
ILS,2019-11-13,16.8,16.8,15.8,15.8,8200
ILS,2019-11-14,16.5,16.5,15.6,15.6,4200
ILS,2019-11-15,15.9,15.9,15.9,15.9,1000
ILS,2019-11-18,15.9,15.9,15.9,15.9,0
ILS,2019-11-19,15.5,15.7,15.5,15.7,8500
ILS,2019-11-20,16.2,16.2,16.2,16.2,300
ILS,2019-11-21,16.5,16.5,16.5,16.5,100
ILS,2019-11-22,15.7,16.1,15.6,15.7,6800
ILS,2019-11-25,16.0,16.0,15.9,15.9,1100
ILS,2019-11-26,16.0,16.1,16.0,16.1,200
ILS,2019-11-27,15.7,16.1,15.7,16.0,8700
ILS,2019-11-28,16.1,16.9,15.7,15.7,8500
ILS,2019-11-29,16.0,16.0,15.7,15.9,4700
ILS,2019-12-02,15.7,15.8,15.7,15.9,4500
ILS,2019-12-03,15.7,15.7,15.7,15.7,3900
ILS,2019-12-04,15.7,15.7,15.7,15.7,6700
ILS,2019-12-05,15.7,16.1,15.7,16.1,4600
ILS,2019-12-06,15.7,15.7,15.7,15.7,8500
ILS,2019-12-09,16.5,16.5,16.0,16.0,8000
ILS,2019-12-10,16.6,16.6,16.6,16.6,100
ILS,2019-12-11,16.2,16.2,16.2,16.2,200
ILS,2019-12-12,16.8,16.8,16.2,16.2,4800
ILS,2019-12-13,16.2,16.2,15.9,16.0,1300
ILS,2019-12-16,16.0,16.0,15.5,15.7,8100
ILS,2019-12-17,15.6,15.7,15.6,15.6,8000
ILS,2019-12-18,15.5,15.6,14.6,14.6,7100
ILS,2019-12-19,15.5,15.9,15.5,15.5,1900
ILS,2019-12-20,14.7,15.5,14.7,15.0,1200
ILS,2019-12-23,15.6,15.6,15.1,15.1,1800
ILS,2019-12-24,15.6,15.8,14.9,15.8,5400
ILS,2019-12-25,15.8,16.2,15.8,16.2,4100
ILS,2019-12-26,16.3,16.3,16.3,16.3,1100
ILS,2019-12-27,17.3,17.3,16.3,16.3,2100
ILS,2019-12-30,16.5,16.5,16.0,16.0,1600
ILS,2019-12-31,16.0,16.0,16.0,16.0,2600
ILS,2020-01-02,16.0,16.0,16.0,16.0,3900
ILS,2020-01-03,16.0,16.0,16.0,16.0,100
ILS,2020-01-06,16.0,16.0,15.2,15.8,1400
ILS,2020-01-07,15.4,15.5,15.2,15.2,6000
ILS,2020-01-08,13.8,15.0,13.8,15.0,400
ILS,2020-01-09,14.7,15.0,14.7,15.0,5700
ILS,2020-01-10,14.9,14.9,14.5,14.5,16300
ILS,2020-01-13,14.7,14.8,14.7,14.7,11000
ILS,2020-01-14,14.7,14.7,14.7,14.7,4900
ILS,2020-01-15,14.7,14.7,14.7,14.7,0
ILS,2020-01-16,14.7,14.7,14.2,14.7,12000
ILS,2020-01-17,14.5,14.5,14.5,14.5,1500
ILS,2020-01-20,13.9,14.5,13.9,14.5,1100
ILS,2020-01-21,14.5,14.5,14.5,14.5,900
ILS,2020-01-22,15.0,15.0,14.8,15.0,3200
ILS,2020-01-30,14.9,14.9,14.9,14.9,200
ILS,2020-01-31,13.1,14.8,13.1,14.8,1300
ILS,2020-02-03,16.8,16.8,14.3,15.0,4000
ILS,2020-02-04,14.9,15.0,14.9,14.9,4500
ILS,2020-02-05,14.9,14.9,14.9,14.9,3900
ILS,2020-02-06,14.2,14.7,14.2,14.6,8100
ILS,2020-02-07,14.5,14.5,14.2,14.2,6200
ILS,2020-02-10,15.2,15.2,14.1,14.5,6300
ILS,2020-02-11,14.3,14.3,14.3,14.3,1500
ILS,2020-02-12,14.3,14.9,14.1,14.2,5000
ILS,2020-02-13,14.6,14.6,14.2,14.3,3100
ILS,2020-02-14,14.6,14.7,14.6,14.7,200
ILS,2020-02-17,14.9,15.0,14.9,15.0,400
ILS,2020-02-18,15.0,15.0,15.0,15.0,100
ILS,2020-02-19,14.3,14.5,14.2,14.2,12200
ILS,2020-02-20,14.4,14.8,14.0,14.3,4800
ILS,2020-02-21,14.6,14.6,14.5,14.5,4100
ILS,2020-02-24,14.5,14.7,14.0,14.0,12100
ILS,2020-02-25,13.8,14.7,13.8,14.1,7300
ILS,2020-02-26,14.0,14.8,14.0,14.2,5800
ILS,2020-02-27,14.0,14.6,13.9,13.9,15900
ILS,2020-02-28,14.0,14.0,14.0,14.0,9100
ILS,2020-03-02,14.2,14.2,14.2,14.2,1100
ILS,2020-03-03,14.4,14.4,13.8,14.2,4300
ILS,2020-03-04,13.8,14.1,13.6,14.0,9200
ILS,2020-03-05,13.5,14.1,13.5,14.1,300
ILS,2020-03-06,14.3,14.3,13.4,13.8,4700
ILS,2020-03-09,13.9,13.9,12.7,12.8,8400
ILS,2020-03-10,13.2,14.3,13.2,14.3,1100
ILS,2020-03-11,14.1,14.1,12.7,13.5,5300
ILS,2020-03-12,13.4,13.5,12.0,12.0,7000
ILS,2020-03-13,13.4,13.4,11.5,12.0,11100
ILS,2020-03-16,13.4,13.4,11.8,12.7,5700
ILS,2020-03-17,11.5,11.8,11.5,11.7,2500
ILS,2020-03-18,11.5,12.5,11.5,12.5,1900
ILS,2020-03-19,13.7,13.8,12.0,13.2,5600
ILS,2020-03-20,12.0,13.2,11.5,12.5,1800
ILS,2020-03-23,14.0,14.0,11.7,12.2,15300
ILS,2020-03-24,13.3,13.3,11.8,12.8,8200
ILS,2020-03-25,13.4,13.4,12.2,12.2,3000
ILS,2020-03-26,12.5,13.3,12.2,12.5,2100
ILS,2020-03-27,11.8,13.3,11.8,12.5,5100
ILS,2020-03-30,13.1,13.1,11.9,11.9,7300
ILS,2020-03-31,12.8,12.8,11.2,12.1,9300
ILS,2020-04-01,10.7,12.8,10.7,12.0,2400
ILS,2020-04-03,12.2,12.2,12.0,12.0,5900
ILS,2020-04-06,11.9,11.9,11.8,11.9,8800
ILS,2020-04-07,11.6,12.2,11.6,12.2,5400
ILS,2020-04-08,11.8,12.2,11.8,12.2,6400
ILS,2020-04-09,12.3,12.3,12.0,12.2,500
ILS,2020-04-10,11.0,12.2,11.0,11.7,9300
ILS,2020-04-13,11.2,12.2,11.2,12.2,400
ILS,2020-04-14,12.0,13.4,12.0,13.4,8400
ILS,2020-04-15,13.0,13.0,12.3,12.3,400
ILS,2020-04-16,12.1,12.7,12.1,12.7,1100
ILS,2020-04-17,12.0,12.2,12.0,12.1,4100
ILS,2020-04-20,12.2,12.2,12.2,12.2,2200
ILS,2020-04-21,11.8,12.2,11.8,12.0,7400
ILS,2020-04-22,12.1,12.1,12.1,12.1,100
ILS,2020-04-23,12.2,12.2,12.2,12.2,500
ILS,2020-04-24,12.2,12.2,12.2,12.2,0
ILS,2020-04-27,12.4,12.4,12.4,12.4,1100
ILS,2020-04-28,12.8,12.8,12.5,12.8,1400
ILS,2020-04-29,12.9,13.2,12.9,13.2,2200
ILS,2020-05-04,13.2,13.2,12.5,12.5,5600
ILS,2020-05-05,12.8,14.6,12.6,14.5,6500
ILS,2020-05-06,14.9,14.9,12.6,13.3,3300
ILS,2020-05-07,12.8,12.8,12.5,12.8,9000
ILS,2020-05-08,14.5,14.5,12.0,12.8,15900
ILS,2020-05-11,12.7,12.7,11.5,12.4,18800
ILS,2020-05-12,12.3,12.3,11.6,12.3,8000
ILS,2020-05-13,11.8,12.1,11.6,12.1,4400
ILS,2020-05-14,11.9,11.9,11.6,11.9,9300
ILS,2020-05-15,11.9,11.9,11.7,11.7,1400
ILS,2020-05-18,13.3,13.3,11.3,12.4,1800
ILS,2020-05-19,11.5,12.2,11.0,12.1,21200
ILS,2020-05-20,12.1,12.2,12.1,12.2,300
ILS,2020-05-21,12.2,12.2,11.2,11.9,12800
ILS,2020-05-22,11.8,11.8,11.3,11.8,6300
ILS,2020-05-25,12.1,12.1,11.0,11.4,29900
ILS,2020-05-26,11.8,11.8,11.3,11.3,6100
ILS,2020-05-27,11.4,11.6,11.4,11.4,600
ILS,2020-05-28,11.6,11.7,11.5,11.6,600
ILS,2020-05-29,11.5,11.5,11.5,11.5,1900
ILS,2020-06-01,11.4,11.4,11.3,11.3,3000
ILS,2020-06-02,11.3,11.3,11.2,11.2,3100
ILS,2020-06-03,11.2,11.8,11.1,11.4,1300
ILS,2020-06-04,11.8,11.8,11.2,11.3,9300
ILS,2020-06-05,11.2,11.5,11.2,11.4,1600
ILS,2020-06-08,11.5,11.7,11.2,11.3,7200
ILS,2020-06-09,11.7,11.7,11.7,11.7,1300
ILS,2020-06-10,11.5,11.9,11.5,11.9,3200
ILS,2020-06-11,11.4,11.4,11.4,11.4,200
ILS,2020-06-12,11.3,11.4,11.3,11.4,300
ILS,2020-06-15,11.5,11.5,11.4,11.4,400
ILS,2020-06-16,11.3,11.3,11.3,11.3,200
ILS,2020-06-17,11.3,11.3,11.3,11.3,0
ILS,2020-06-18,11.7,11.8,11.7,11.8,3500
ILS,2020-06-19,11.4,11.4,11.4,11.4,100
ILS,2020-06-22,11.4,11.4,11.4,11.4,0
ILS,2020-06-23,12.8,12.8,11.5,11.5,900
ILS,2020-06-24,11.5,11.5,11.5,11.5,200
ILS,2020-06-25,11.5,11.5,11.5,11.5,200
ILS,2020-06-26,11.5,11.5,11.5,11.5,0
ILS,2020-06-29,11.5,11.5,11.5,11.5,1800
ILS,2020-06-30,11.5,11.5,11.5,11.5,500
ILS,2020-07-01,11.1,11.1,10.9,10.9,2000
ILS,2020-07-02,11.8,11.8,11.2,11.2,300
ILS,2020-07-03,11.8,12.0,11.7,12.0,11600
ILS,2020-07-06,11.7,12.0,12.0,12.0,0
ILS,2020-07-07,11.7,12.0,12.0,12.0,0
ILS,2020-07-08,11.4,11.4,11.4,11.4,100
ILS,2020-07-09,11.1,11.1,11.1,11.1,200
ILS,2020-07-10,11.9,11.9,11.9,11.9,100
ILS,2020-07-13,11.9,11.9,11.1,11.1,11600
ILS,2020-07-14,11.1,11.1,11.1,11.1,300
ILS,2020-07-15,11.1,11.1,11.1,11.1,1200
ILS,2020-07-16,11.1,11.1,11.1,11.1,0
ILS,2020-07-17,11.2,11.2,11.2,11.2,100
ILS,2020-07-20,11.2,11.2,11.2,11.2,6000
ILS,2020-07-21,11.1,11.1,11.1,11.1,100
ILS,2020-07-22,11.6,11.6,11.1,11.1,700
ILS,2020-07-23,11.1,11.1,11.1,11.1,200
ILS,2020-07-24,11.0,11.5,11.0,11.0,9900
ILS,2020-07-27,10.5,11.0,10.5,11.0,16900
ILS,2020-07-28,11.0,11.0,11.0,11.0,1000
ILS,2020-07-29,10.5,11.1,10.0,11.1,9100
ILS,2020-07-30,10.9,10.9,10.5,10.5,400
ILS,2020-07-31,10.9,11.0,10.9,11.0,1100
ILS,2020-08-03,11.0,11.0,11.0,11.0,2000
ILS,2020-08-04,12.0,12.0,10.6,11.5,800
ILS,2020-08-05,11.7,11.7,10.2,10.2,1000
ILS,2020-08-06,10.3,11.1,10.0,11.0,1800
ILS,2020-08-07,10.4,10.7,10.4,10.7,900
ILS,2020-08-10,12.0,12.0,11.9,11.9,500
ILS,2020-08-11,10.4,10.4,10.3,10.4,600
ILS,2020-08-12,10.5,10.5,10.4,10.4,300
ILS,2020-08-13,10.4,11.1,10.4,11.0,1600
ILS,2020-08-14,10.3,10.9,10.3,10.9,600
ILS,2020-08-17,10.5,10.7,10.5,10.7,200
ILS,2020-08-18,10.3,10.3,10.3,10.3,100
ILS,2020-08-19,10.9,10.9,10.3,10.3,400
ILS,2020-08-20,10.3,10.8,10.3,10.8,500
ILS,2020-08-21,10.7,10.7,10.3,10.7,500
ILS,2020-08-24,11.0,11.7,11.0,11.7,1700
ILS,2020-08-25,11.3,11.3,10.6,10.6,900
ILS,2020-08-26,10.5,11.0,10.5,11.0,3400
ILS,2020-08-27,10.8,11.2,10.6,11.2,1500
ILS,2020-08-28,10.8,11.2,11.2,11.2,0
ILS,2020-08-31,10.6,10.6,10.6,10.6,2900
ILS,2020-09-01,10.6,10.6,10.6,10.6,600
ILS,2020-09-03,10.8,10.8,10.8,10.8,3100
ILS,2020-09-04,10.7,10.7,10.6,10.6,200
ILS,2020-09-07,11.0,11.2,11.0,11.2,1800
ILS,2020-09-08,10.2,10.2,10.2,10.2,400
ILS,2020-09-09,10.8,11.0,10.6,10.6,1500
ILS,2020-09-10,10.9,11.3,10.9,11.3,1700
ILS,2020-09-11,10.2,11.5,10.2,11.5,700
ILS,2020-09-14,10.4,11.2,10.4,11.2,600
ILS,2020-09-15,10.8,10.8,10.8,10.8,2100
ILS,2020-09-16,10.6,11.0,10.6,11.0,1700
ILS,2020-09-17,10.9,11.0,11.0,11.0,0
ILS,2020-09-18,10.9,11.0,11.0,11.0,0
ILS,2020-09-21,10.6,10.6,10.6,10.6,800
ILS,2020-09-22,10.9,10.9,10.9,10.9,100
ILS,2020-09-23,10.9,10.9,10.9,10.9,1000
ILS,2020-09-24,10.5,10.5,10.5,10.5,500
ILS,2020-09-25,10.6,11.2,10.6,11.2,4000
ILS,2020-09-28,11.2,11.2,10.7,10.7,700
ILS,2020-09-29,10.8,10.7,10.7,10.7,0
ILS,2020-09-30,10.8,10.7,10.7,10.7,0
ILS,2020-10-01,10.5,11.6,10.5,11.6,2200
ILS,2020-10-02,11.6,11.8,10.8,10.8,1500
ILS,2020-10-05,10.5,11.3,10.4,11.3,1000
ILS,2020-10-06,11.3,11.5,11.0,11.0,700
ILS,2020-10-07,10.8,10.8,10.8,10.8,200
ILS,2020-10-08,10.8,10.8,10.8,10.8,0
ILS,2020-10-09,11.2,11.8,11.2,11.8,1400
ILS,2020-10-12,10.9,10.9,10.9,10.9,200
ILS,2020-10-13,10.9,10.9,10.9,10.9,0
ILS,2020-10-14,11.1,11.1,9.3,9.3,800
ILS,2020-10-15,10.8,10.8,10.7,10.7,1800
ILS,2020-10-16,10.8,10.8,10.8,10.8,500
ILS,2020-10-19,10.5,11.3,10.5,11.3,300
ILS,2020-10-20,11.4,11.4,11.4,11.4,100
ILS,2020-10-21,10.7,10.7,10.7,10.7,200
ILS,2020-10-22,11.0,11.0,11.0,11.0,1200
ILS,2020-10-23,10.0,11.4,10.0,11.4,3000
ILS,2020-10-26,10.5,11.0,10.5,11.0,400
ILS,2020-10-27,10.8,11.0,11.0,11.0,0
ILS,2020-10-28,10.3,11.0,10.3,11.0,1100
ILS,2020-10-29,10.4,11.1,10.4,11.0,3900
ILS,2020-10-30,10.9,11.0,11.0,11.0,0
ILS,2020-11-02,11.0,11.0,11.0,11.0,400
ILS,2020-11-03,11.0,11.0,11.0,11.0,0
ILS,2020-11-04,10.6,11.0,10.6,11.0,900
ILS,2020-11-05,10.9,11.0,11.0,11.0,0
ILS,2020-11-06,10.9,11.0,11.0,11.0,0
ILS,2020-11-09,10.5,10.5,10.5,10.5,300
ILS,2020-11-10,10.4,10.6,10.0,10.6,2200
ILS,2020-11-11,11.0,11.0,11.0,11.0,100
ILS,2020-11-12,11.2,11.2,11.2,11.2,700
ILS,2020-11-13,11.3,11.3,11.0,11.0,300
ILS,2020-11-16,11.3,11.5,11.3,11.5,1500
ILS,2020-11-17,10.6,11.0,10.6,11.0,4400
ILS,2020-11-18,10.9,11.0,11.0,11.0,0
ILS,2020-11-19,11.0,11.0,11.0,11.0,800
ILS,2020-11-20,11.0,11.0,11.0,11.0,0
ILS,2020-11-23,11.0,11.0,10.8,10.8,2800
ILS,2020-11-24,11.0,11.0,11.0,11.0,500
ILS,2020-11-25,11.0,11.1,11.0,11.0,5000
ILS,2020-11-26,11.1,11.1,11.1,11.1,300
ILS,2020-11-27,11.3,12.3,11.1,11.5,3600
ILS,2020-11-30,11.5,11.5,11.5,11.5,5500
ILS,2020-12-01,11.5,11.5,11.5,11.5,100
ILS,2020-12-02,11.6,11.6,11.5,11.5,2000
ILS,2020-12-03,11.3,11.4,11.3,11.4,400
ILS,2020-12-04,11.5,11.5,11.5,11.5,100
ILS,2020-12-07,11.6,11.6,11.6,11.6,500
ILS,2020-12-08,11.6,11.6,11.6,11.6,100
ILS,2020-12-09,11.6,11.6,11.6,11.6,0
ILS,2020-12-10,11.6,11.6,11.6,11.6,0
ILS,2020-12-11,11.7,11.8,11.7,11.8,600
ILS,2020-12-14,12.9,12.9,12.9,12.9,100
ILS,2020-12-15,13.9,14.7,11.7,11.7,600
ILS,2020-12-16,13.9,13.9,12.6,12.8,2300
ILS,2020-12-17,12.7,12.7,12.7,12.7,800
ILS,2020-12-18,13.5,13.5,12.2,12.2,400
ILS,2020-12-21,13.8,13.8,12.0,12.0,1600
ILS,2020-12-22,13.5,13.5,12.0,12.8,1600
ILS,2020-12-23,13.0,14.0,13.0,13.0,1200
ILS,2020-12-24,13.7,14.0,12.5,12.5,2200
ILS,2020-12-25,13.8,15.1,13.0,13.1,3500
ILS,2020-12-28,14.6,15.1,13.3,13.3,2300
ILS,2020-12-29,16.0,16.8,13.5,13.9,4000
ILS,2020-12-30,13.1,13.1,13.1,13.1,200
ILS,2020-12-31,14.9,15.0,12.3,15.0,6400
ILS,2021-01-04,15.2,15.2,12.6,12.6,1300
ILS,2021-01-05,13.0,13.0,11.7,12.0,800
ILS,2021-01-06,12.2,12.2,10.5,11.5,16100
ILS,2021-01-07,11.2,12.5,11.2,12.5,700
ILS,2021-01-08,12.1,12.1,12.1,12.1,100
ILS,2021-01-11,13.1,13.4,13.1,13.4,3600
ILS,2021-01-12,12.3,12.6,12.3,12.3,4000
ILS,2021-01-13,12.5,12.5,12.5,12.5,3500
ILS,2021-01-14,12.3,13.0,12.3,13.0,400
ILS,2021-01-15,13.1,13.1,12.6,12.6,300
ILS,2021-01-18,13.2,13.2,12.7,12.7,800
ILS,2021-01-19,12.5,13.2,12.5,12.5,5300
ILS,2021-01-20,13.3,13.3,11.5,11.5,1300
ILS,2021-01-21,12.9,12.9,12.9,12.9,500
ILS,2021-01-22,12.9,12.9,12.9,12.2,200
ILS,2021-01-25,12.5,12.6,12.1,12.6,700
ILS,2021-01-26,12.8,12.8,12.4,12.4,2400
ILS,2021-01-27,13.2,13.2,12.3,12.7,3100
ILS,2021-01-28,11.9,11.9,11.8,11.8,4000
ILS,2021-01-29,13.3,13.3,11.4,12.9,2500
ILS,2021-02-01,12.7,12.7,12.0,12.0,1500
ILS,2021-02-02,12.8,12.8,11.9,11.9,700
ILS,2021-02-03,12.0,12.0,12.0,12.0,200
ILS,2021-02-04,12.5,12.6,12.5,12.6,11400
ILS,2021-02-05,12.8,12.8,12.2,12.2,3400
ILS,2021-02-08,12.8,12.9,12.8,12.9,1700
ILS,2021-02-09,11.3,13.0,11.3,13.0,2900
ILS,2021-02-17,13.5,14.0,12.8,14.0,6200
ILS,2021-02-18,15.5,15.5,13.7,13.7,600
ILS,2021-02-19,14.9,15.2,14.9,15.2,3000
ILS,2021-02-22,14.0,14.0,14.0,14.0,900
ILS,2021-02-23,16.0,16.0,13.2,13.2,800
ILS,2021-02-24,15.4,15.4,13.7,13.7,1000
ILS,2021-02-25,13.7,14.8,13.6,14.8,3200
ILS,2021-02-26,14.7,14.9,14.7,14.9,3900
ILS,2021-03-01,14.5,15.0,14.5,15.0,2400
ILS,2021-03-02,14.5,14.5,14.5,14.5,1100
ILS,2021-03-03,15.3,15.4,15.3,15.4,2900
ILS,2021-03-04,15.0,15.4,15.0,15.4,3600
ILS,2021-03-05,15.0,15.5,15.0,15.5,1300
ILS,2021-03-08,15.4,15.5,15.5,15.5,0
ILS,2021-03-09,14.5,14.5,14.5,14.5,200
ILS,2021-03-10,15.0,15.0,15.0,15.0,100
ILS,2021-03-11,15.0,15.0,15.0,15.0,0
ILS,2021-03-12,14.5,15.0,14.5,15.0,1100
ILS,2021-03-15,17.1,17.1,14.5,14.5,400
ILS,2021-03-16,16.9,16.9,16.9,16.9,300
ILS,2021-03-17,17.4,17.4,16.0,16.9,6500
ILS,2021-03-18,16.7,16.7,16.7,16.7,19300
ILS,2021-03-19,16.7,16.7,16.7,16.7,0
ILS,2021-03-22,16.7,16.7,16.7,16.7,20600
ILS,2021-03-23,18.5,18.5,16.7,16.7,1200
ILS,2021-03-24,14.6,17.8,14.6,15.1,1800
ILS,2021-03-25,15.1,16.5,15.1,16.5,1700
ILS,2021-03-26,13.7,17.8,13.7,17.8,1500
ILS,2021-03-29,17.1,17.1,17.1,17.1,100
ILS,2021-03-30,15.2,16.9,15.2,16.9,900
ILS,2021-03-31,16.4,16.6,16.1,16.6,2400
ILS,2021-04-01,14.2,17.0,14.2,17.0,1600
ILS,2021-04-02,16.6,16.7,13.9,13.9,6200
ILS,2021-04-05,14.7,15.5,14.7,15.5,900
ILS,2021-04-06,13.2,15.0,13.2,13.2,2600
ILS,2021-04-07,15.3,15.3,15.3,15.3,100
ILS,2021-04-08,15.6,15.6,15.6,15.6,2000
ILS,2021-04-09,14.3,14.3,14.3,14.3,500
ILS,2021-04-12,13.5,15.2,13.5,15.2,7100
ILS,2021-04-13,15.5,15.5,14.1,15.3,4000
ILS,2021-04-14,13.1,15.2,13.1,15.2,1200
ILS,2021-04-15,15.9,15.9,13.1,15.8,3000
ILS,2021-04-16,12.7,15.9,12.7,14.4,1400
ILS,2021-04-19,13.6,16.4,13.6,16.3,4900
ILS,2021-04-20,14.5,17.2,14.5,17.2,300
ILS,2021-04-22,14.8,16.8,14.8,15.7,900
ILS,2021-04-23,14.2,16.9,14.2,16.7,40500
ILS,2021-04-26,18.9,18.9,18.9,18.9,100
ILS,2021-04-27,18.9,18.9,18.9,18.9,0
ILS,2021-04-28,16.1,17.9,16.1,17.9,500
ILS,2021-04-29,17.8,17.8,14.8,17.4,500
ILS,2021-05-04,16.5,17.4,17.4,17.4,0
ILS,2021-05-05,14.2,14.2,14.2,14.2,500
ILS,2021-05-06,12.2,14.2,12.2,14.2,1300
ILS,2021-05-07,14.6,14.6,14.6,14.6,100
ILS,2021-05-10,12.6,16.5,12.6,16.5,1100
ILS,2021-05-11,14.9,14.9,14.9,14.9,8000
ILS,2021-05-12,15.7,16.5,15.7,16.5,500
ILS,2021-05-13,16.3,16.3,16.3,16.3,200
ILS,2021-05-14,14.4,16.3,14.4,16.3,600
ILS,2021-05-17,13.2,13.2,13.2,13.2,300
ILS,2021-05-18,15.1,15.1,15.1,15.1,1000
ILS,2021-05-19,13.1,13.1,13.1,13.1,800
ILS,2021-05-20,15.0,15.0,15.0,15.0,100
ILS,2021-05-21,17.1,17.1,17.1,17.1,100
ILS,2021-05-24,17.1,17.1,17.1,17.1,0
ILS,2021-05-25,19.4,19.4,14.7,14.7,600
ILS,2021-05-26,16.9,16.9,13.3,13.3,1100
ILS,2021-05-27,15.6,15.6,15.6,15.6,400
ILS,2021-05-28,17.9,17.9,16.9,17.0,3000
ILS,2021-05-31,17.8,17.0,17.0,17.0,0
ILS,2021-06-01,17.8,17.0,17.0,17.0,0
ILS,2021-06-02,17.8,17.0,17.0,17.0,0
ILS,2021-06-03,16.5,16.5,16.5,16.5,500
ILS,2021-06-04,16.5,16.5,16.5,16.5,0
ILS,2021-06-07,16.5,16.5,16.5,16.5,0
ILS,2021-06-08,16.5,16.5,16.5,16.5,0
ILS,2021-06-09,14.2,14.2,14.2,14.2,200
ILS,2021-06-10,13.1,13.1,13.0,13.0,9300
ILS,2021-06-11,14.9,14.9,14.9,14.9,300
ILS,2021-06-14,16.0,16.4,16.0,16.0,4200
ILS,2021-06-15,16.0,16.0,16.0,16.0,0
ILS,2021-06-16,17.2,17.2,17.2,17.2,100
ILS,2021-06-17,16.6,16.6,16.6,16.6,200
ILS,2021-06-18,16.9,16.9,16.9,16.9,100
ILS,2021-06-21,16.9,18.6,16.9,18.6,11000
ILS,2021-06-22,18.0,18.5,18.0,18.4,2800
ILS,2021-06-23,17.5,17.8,17.1,17.1,1400
ILS,2021-06-24,18.0,19.5,17.8,19.5,21500
ILS,2021-06-25,21.2,21.2,21.2,21.2,10000
ILS,2021-06-28,21.0,22.8,20.7,22.0,4400
ILS,2021-06-29,21.0,25.1,21.0,23.9,22000
ILS,2021-06-30,26.0,26.0,21.7,23.1,4700
ILS,2021-07-01,24.0,24.8,20.5,20.5,2200
ILS,2021-07-02,22.0,23.0,20.0,23.0,3200
ILS,2021-07-05,21.8,23.0,19.2,20.6,34000
ILS,2021-07-06,20.3,20.4,20.3,20.4,800
ILS,2021-07-07,20.4,20.4,20.4,20.4,0
ILS,2021-07-08,21.0,21.0,21.0,21.0,200
ILS,2021-07-09,21.0,21.0,21.0,21.0,0
ILS,2021-07-12,21.0,21.0,21.0,21.0,0
ILS,2021-07-13,24.1,24.1,24.1,24.1,100
ILS,2021-07-14,24.1,24.1,24.1,24.1,0
ILS,2021-07-15,24.1,24.1,24.1,24.1,0
ILS,2021-07-16,24.1,24.1,24.1,24.1,0
ILS,2021-07-19,20.5,20.5,20.5,20.5,100
ILS,2021-07-20,17.5,20.7,17.5,20.6,2600
ILS,2021-07-21,20.4,20.4,20.4,20.4,200
ILS,2021-07-22,20.4,20.4,20.4,20.4,0
ILS,2021-07-23,17.4,19.6,17.4,19.5,800
ILS,2021-07-26,18.7,19.5,19.5,19.5,0
ILS,2021-07-27,18.7,19.5,19.5,19.5,0
ILS,2021-07-28,18.7,19.5,19.5,19.5,0
ILS,2021-07-29,17.8,17.8,17.5,17.5,600
ILS,2021-07-30,17.6,17.5,17.5,17.5,0
ILS,2021-08-02,17.6,17.6,17.6,17.6,0
ILS,2021-08-03,17.6,17.5,17.5,17.5,0
ILS,2021-08-04,17.6,17.5,17.5,17.5,0
ILS,2021-08-05,17.6,17.5,17.5,17.5,0
ILS,2021-08-06,17.6,17.5,17.5,17.5,0
ILS,2021-08-09,15.9,15.9,15.9,15.9,200
ILS,2021-08-10,15.9,15.9,15.9,15.9,0
ILS,2021-08-11,17.0,17.0,17.0,17.0,600
ILS,2021-08-12,17.0,17.0,17.0,17.0,0
ILS,2021-08-13,16.9,17.9,16.9,17.9,2400
ILS,2021-08-16,17.7,17.9,17.9,17.9,0
ILS,2021-08-17,17.7,17.9,17.9,17.9,0
ILS,2021-08-18,17.7,17.9,17.9,17.9,0
ILS,2021-08-19,17.7,17.9,17.9,17.9,0
ILS,2021-08-20,18.0,20.0,17.0,17.0,1100
ILS,2021-08-23,16.6,16.6,16.6,16.6,2200
ILS,2021-08-24,16.6,16.6,16.6,16.6,0
ILS,2021-08-25,17.9,17.9,17.9,17.9,100
ILS,2021-08-26,17.9,17.9,17.9,17.9,0
ILS,2021-08-27,17.9,17.9,17.9,17.9,0
ILS,2021-08-30,17.8,17.8,17.8,17.8,1100
ILS,2021-08-31,17.8,17.8,17.8,17.8,0
ILS,2021-09-01,17.8,17.8,17.8,17.8,0
ILS,2021-09-06,15.7,18.0,15.7,16.6,4200
ILS,2021-09-07,14.0,16.0,14.0,16.0,200
ILS,2021-09-08,15.5,17.0,15.5,17.0,200
ILS,2021-09-09,14.1,16.0,13.9,15.3,1600
ILS,2021-09-10,16.3,16.3,16.3,16.3,500
ILS,2021-09-13,16.3,16.3,16.3,16.3,0
ILS,2021-09-14,14.5,16.7,14.5,16.7,1200
ILS,2021-09-15,15.9,16.8,15.9,16.8,200
ILS,2021-09-16,17.0,18.8,17.0,18.6,1300
ILS,2021-09-17,19.8,19.8,19.6,19.7,14300
ILS,2021-09-20,21.0,21.0,19.5,19.5,200
ILS,2021-09-21,20.3,20.3,20.3,20.3,0
ILS,2021-09-22,17.3,17.3,17.3,17.3,3800
ILS,2021-09-23,17.3,17.3,17.3,17.3,100
ILS,2021-09-24,17.3,17.3,17.3,17.3,0
ILS,2021-09-27,15.3,15.6,15.3,15.5,1100
ILS,2021-09-28,15.5,15.5,15.5,15.5,200
ILS,2021-09-29,15.6,15.6,15.2,15.2,300
ILS,2021-09-30,15.1,16.8,15.1,16.8,400
ILS,2021-10-01,15.6,15.6,15.6,15.6,0
ILS,2021-10-04,15.6,15.6,15.6,15.6,0
ILS,2021-10-05,13.4,13.4,13.4,13.4,100
ILS,2021-10-06,11.5,14.5,11.5,14.5,1100
ILS,2021-10-07,11.8,11.8,11.8,11.8,0
ILS,2021-10-08,13.5,13.5,13.5,13.5,100
ILS,2021-10-11,13.1,13.1,13.1,13.1,100
ILS,2021-10-12,15.0,15.0,13.7,13.7,200
ILS,2021-10-13,14.4,14.4,14.4,14.4,0
ILS,2021-10-14,12.4,12.4,12.4,12.4,100
ILS,2021-10-15,14.2,14.2,14.2,14.2,100
ILS,2021-10-18,12.2,16.3,12.2,16.3,12600
ILS,2021-10-19,16.0,16.0,16.0,16.0,0
ILS,2021-10-20,16.0,16.0,16.0,16.0,0
ILS,2021-10-21,16.0,16.0,16.0,16.0,0
ILS,2021-10-22,16.0,16.0,16.0,16.0,0
ILS,2021-10-25,18.4,18.4,18.3,18.3,2700
ILS,2021-10-26,18.3,18.3,18.3,18.3,0
ILS,2021-10-27,16.0,18.0,16.0,18.0,300
ILS,2021-10-28,18.0,18.0,18.0,18.0,100
ILS,2021-10-29,18.3,18.3,18.3,18.3,100
ILS,2021-11-01,18.3,18.3,18.3,18.3,0
ILS,2021-11-02,18.3,18.3,18.3,18.3,0
ILS,2021-11-03,18.0,18.0,18.0,18.0,200
ILS,2021-11-04,15.4,15.4,15.4,15.4,1000
ILS,2021-11-05,13.4,13.4,13.4,13.4,300
ILS,2021-11-08,15.4,15.4,12.2,14.2,4800
ILS,2021-11-09,14.8,14.8,14.8,14.8,100
ILS,2021-11-10,15.2,15.8,15.2,15.8,300
ILS,2021-11-11,15.6,15.6,15.6,15.6,0
ILS,2021-11-12,15.1,15.1,15.1,15.1,1100
ILS,2021-11-15,15.1,15.1,15.1,15.1,0
ILS,2021-11-16,15.2,15.2,15.1,15.1,8000
ILS,2021-11-17,16.8,17.1,16.7,16.8,1900
ILS,2021-11-18,16.7,16.7,16.7,16.7,5300
ILS,2021-11-19,16.6,16.6,16.3,16.3,6100
ILS,2021-11-22,15.3,15.3,15.3,15.3,2300
ILS,2021-11-23,17.4,17.4,17.3,17.4,400
ILS,2021-11-24,18.3,18.3,16.0,16.0,700
ILS,2021-11-25,18.5,18.5,18.5,18.5,100
ILS,2021-11-26,16.0,18.2,16.0,18.2,900
ILS,2021-11-29,18.4,18.4,15.3,15.3,2500
ILS,2021-11-30,17.0,17.8,17.0,17.8,6900
ILS,2021-12-01,15.5,18.4,15.5,16.0,8500
ILS,2021-12-02,16.0,16.0,16.0,16.0,1200
ILS,2021-12-03,16.3,16.3,16.3,16.3,100
ILS,2021-12-06,16.3,16.3,16.3,16.3,0
ILS,2021-12-07,16.3,16.3,16.3,16.3,300
ILS,2021-12-08,15.2,18.7,15.2,16.5,16300
ILS,2021-12-09,16.2,17.5,16.2,17.5,4500
ILS,2021-12-10,17.4,17.4,17.4,17.4,0
ILS,2021-12-13,19.7,19.7,17.5,17.5,7100
ILS,2021-12-14,17.5,17.5,17.5,17.5,0
ILS,2021-12-15,17.2,17.2,17.2,17.2,700
ILS,2021-12-16,17.4,17.4,17.4,17.4,300
ILS,2021-12-17,15.4,15.5,15.4,15.5,2200
ILS,2021-12-20,17.7,17.7,17.7,17.7,200
ILS,2021-12-21,17.7,17.7,17.7,17.7,0
ILS,2021-12-22,17.6,17.6,15.2,15.2,300
ILS,2021-12-23,16.8,16.8,16.8,16.8,0
ILS,2021-12-24,16.5,16.5,16.4,16.5,8700
ILS,2021-12-27,16.5,16.5,16.5,16.5,0
ILS,2021-12-28,14.5,16.0,14.5,16.0,9600
ILS,2021-12-29,16.0,16.0,16.0,16.0,7000
ILS,2021-12-30,16.0,16.0,16.0,16.0,19600
ILS,2021-12-31,16.0,16.0,16.0,16.0,0
ILS,2022-01-04,15.9,15.9,15.9,15.9,100
ILS,2022-01-05,14.8,16.2,14.8,16.2,16900
ILS,2022-01-06,16.2,16.2,16.2,16.2,0
ILS,2022-01-07,16.1,16.1,16.1,16.1,12500
ILS,2022-01-10,16.1,16.1,16.1,16.1,0
ILS,2022-01-11,18.5,18.5,16.1,16.1,12100
ILS,2022-01-12,16.1,16.1,16.1,16.1,9500
ILS,2022-01-13,16.1,16.1,16.1,16.1,0
ILS,2022-01-14,16.1,16.1,16.1,16.1,100
ILS,2022-01-17,16.1,17.9,16.1,16.1,20900
ILS,2022-01-18,17.9,17.9,17.9,17.9,200
ILS,2022-01-19,17.9,17.9,17.9,17.9,0
ILS,2022-01-20,16.1,16.1,16.1,16.1,8800
ILS,2022-01-21,17.9,17.9,17.9,17.9,100
ILS,2022-01-24,17.9,17.9,17.9,17.9,0
ILS,2022-01-25,18.8,18.8,16.1,16.2,1300
ILS,2022-01-26,17.7,17.7,16.1,17.7,800
ILS,2022-01-27,17.7,17.7,16.1,16.1,400
ILS,2022-01-28,16.9,16.9,16.9,16.9,100
ILS,2022-02-07,19.4,19.4,19.4,19.4,100
ILS,2022-02-08,19.4,19.4,19.4,19.4,0
ILS,2022-02-09,16.5,19.0,16.5,16.6,900
ILS,2022-02-10,18.7,18.7,16.0,16.0,200
ILS,2022-02-11,19.4,19.4,16.5,16.5,5100
ILS,2022-02-14,17.5,17.5,17.5,17.5,100
ILS,2022-02-15,17.5,17.5,17.5,17.5,0
ILS,2022-02-16,17.4,18.9,17.4,18.9,1200
ILS,2022-02-17,18.8,18.8,18.8,18.8,100
ILS,2022-02-18,18.0,18.7,17.5,18.7,400
ILS,2022-02-21,20.0,20.0,20.0,20.0,1000
ILS,2022-02-22,17.0,19.7,17.0,17.0,2200
ILS,2022-02-23,19.2,19.2,19.2,19.2,100
ILS,2022-02-24,19.2,19.2,19.2,19.2,0
ILS,2022-02-25,16.6,16.6,16.6,16.6,100
ILS,2022-02-28,17.8,17.8,17.8,17.8,200
ILS,2022-03-01,17.8,17.8,17.8,17.8,0
ILS,2022-03-02,17.8,17.8,17.8,17.8,0
ILS,2022-03-03,17.8,17.8,17.8,17.8,0
ILS,2022-03-04,17.8,17.8,17.8,17.8,0
ILS,2022-03-07,17.8,17.8,17.8,17.8,0
ILS,2022-03-08,16.2,16.2,16.2,16.2,100
ILS,2022-03-09,17.3,17.3,17.3,17.3,600
ILS,2022-03-10,17.3,17.3,17.3,17.3,0
ILS,2022-03-11,16.8,17.9,16.8,17.9,900
ILS,2022-03-14,19.9,19.9,16.4,16.4,2300
ILS,2022-03-15,16.6,16.6,16.6,16.6,0
ILS,2022-03-16,18.5,18.5,16.2,16.2,300
ILS,2022-03-17,17.7,17.7,17.7,17.7,0
ILS,2022-03-18,17.7,17.7,17.7,17.7,0
ILS,2022-03-21,16.2,16.2,16.2,16.2,100
ILS,2022-03-22,16.8,16.8,16.1,16.1,700
ILS,2022-03-23,16.7,16.7,16.7,16.7,100
ILS,2022-03-24,16.7,16.7,16.7,16.7,0
ILS,2022-03-25,16.1,16.5,16.1,16.5,7800
ILS,2022-03-28,16.3,16.4,16.3,16.4,5700
ILS,2022-03-29,16.6,16.6,16.1,16.1,500
ILS,2022-03-30,16.2,16.4,16.1,16.4,5100
ILS,2022-03-31,16.4,17.2,16.4,17.2,200
ILS,2022-04-01,16.8,16.8,16.8,16.8,0
ILS,2022-04-04,16.1,16.4,16.1,16.4,2600
ILS,2022-04-05,16.1,16.1,16.1,16.1,0
ILS,2022-04-06,16.1,16.1,16.1,16.1,100
ILS,2022-04-07,16.1,16.1,16.1,16.1,0
ILS,2022-04-08,16.1,16.1,16.1,16.1,100
ILS,2022-04-12,16.1,16.1,16.1,16.1,0
ILS,2022-04-13,16.1,16.1,16.1,16.1,0
ILS,2022-04-14,16.1,16.1,16.1,16.1,0
ILS,2022-04-15,16.1,16.1,16.1,16.1,0
ILS,2022-04-18,16.1,16.1,16.1,16.1,0
ILS,2022-04-19,16.1,16.1,16.1,16.1,0
ILS,2022-04-20,16.1,16.1,16.1,16.1,0
ILS,2022-04-21,16.1,16.1,16.1,16.1,0
ILS,2022-04-22,16.1,16.1,16.1,16.1,0
ILS,2022-04-25,16.2,16.3,16.2,16.3,200
ILS,2022-04-26,16.3,16.3,16.3,16.3,100
ILS,2022-04-27,16.3,16.8,16.3,16.8,400
ILS,2022-04-28,16.6,17.3,16.6,17.3,400
ILS,2022-04-29,17.3,17.3,17.3,17.3,100
ILS,2022-05-04,17.3,17.3,17.3,17.3,0
ILS,2022-05-05,17.3,17.3,17.3,17.3,0
ILS,2022-05-06,17.3,17.3,17.3,17.3,0
ILS,2022-05-09,17.3,17.3,17.3,17.3,0
ILS,2022-05-10,17.3,17.3,17.3,17.3,0
ILS,2022-05-11,17.3,17.3,17.3,17.3,0
ILS,2022-05-12,17.3,17.3,17.3,17.3,0
ILS,2022-05-13,17.3,17.3,17.3,17.3,0
ILS,2022-05-16,17.3,17.3,17.3,17.3,0
ILS,2022-05-17,17.3,17.3,17.3,17.3,0
ILS,2022-05-18,17.3,17.3,17.3,17.3,3000
ILS,2022-05-19,17.3,17.3,17.3,17.3,0
ILS,2022-05-20,17.3,17.3,17.3,17.3,0
ILS,2022-05-23,17.3,17.3,17.3,17.3,0
ILS,2022-05-24,17.3,17.3,17.3,17.3,0
ILS,2022-05-25,17.3,17.3,17.3,17.3,0
ILS,2022-05-26,17.3,17.3,17.3,17.3,0
ILS,2022-05-27,17.3,17.3,17.3,17.3,0
ILS,2022-05-30,17.3,17.3,17.3,17.3,0
ILS,2022-05-31,17.3,17.3,17.3,17.3,0
ILS,2022-06-01,19.4,19.4,19.4,19.4,100
ILS,2022-06-02,19.4,19.4,19.4,19.4,0
ILS,2022-06-03,19.4,19.4,19.4,19.4,0
ILS,2022-06-06,19.4,19.4,19.4,19.4,0
ILS,2022-06-07,19.4,19.4,19.4,19.4,0
ILS,2022-06-08,19.4,19.4,19.4,19.4,0
ILS,2022-06-09,19.4,19.4,19.4,19.4,0
ILS,2022-06-10,19.4,19.4,19.4,19.4,0
ILS,2022-06-13,19.4,19.4,19.4,19.4,0
ILS,2022-06-14,19.4,19.4,19.4,19.4,0
ILS,2022-06-15,19.4,19.4,19.4,19.4,0
ILS,2022-06-16,19.4,19.4,19.4,19.4,0
ILS,2022-06-17,21.5,21.5,21.5,21.5,200
ILS,2022-06-20,24.0,24.0,24.0,24.0,200
ILS,2022-06-21,26.9,26.9,26.9,26.9,200
ILS,2022-06-22,26.9,26.9,26.9,26.9,0
ILS,2022-06-23,27.5,27.5,27.5,27.5,200
ILS,2022-06-24,27.4,27.4,27.4,27.4,200
ILS,2022-06-27,29.0,29.0,29.0,29.0,200
ILS,2022-06-28,29.0,29.0,29.0,29.0,0
ILS,2022-06-29,31.0,31.0,24.7,24.7,900
ILS,2022-06-30,28.0,28.0,28.0,28.0,100
ILS,2022-07-01,28.0,28.0,28.0,28.0,0
ILS,2022-07-04,28.0,28.0,28.0,28.0,0
ILS,2022-07-05,28.0,28.0,28.0,28.0,0
ILS,2022-07-06,28.0,28.0,28.0,28.0,0
ILS,2022-07-07,28.0,28.0,28.0,28.0,0
ILS,2022-07-08,28.0,28.0,28.0,28.0,0
ILS,2022-07-11,28.0,28.0,28.0,28.0,0
ILS,2022-07-12,28.0,28.0,28.0,28.0,0
ILS,2022-07-13,28.0,28.0,28.0,28.0,0
ILS,2022-07-14,28.0,28.0,28.0,28.0,0
ILS,2022-07-15,28.0,28.0,28.0,28.0,0
ILS,2022-07-18,28.0,28.0,28.0,28.0,0
ILS,2022-07-19,28.0,28.0,28.0,28.0,0
ILS,2022-07-20,28.0,28.0,28.0,28.0,0
ILS,2022-07-21,28.0,28.0,28.0,28.0,0
ILS,2022-07-22,28.0,28.0,28.0,28.0,0
ILS,2022-07-25,28.0,28.0,28.0,28.0,0
ILS,2022-07-26,28.0,28.0,28.0,28.0,0
ILS,2022-07-27,28.0,28.0,28.0,28.0,0
ILS,2022-07-28,28.0,28.0,28.0,28.0,0
ILS,2022-07-29,28.0,28.0,28.0,28.0,0
ILS,2022-08-01,28.0,28.0,28.0,28.0,0
ILS,2022-08-02,28.0,28.0,28.0,28.0,0
ILS,2022-08-03,28.0,28.0,28.0,28.0,0
ILS,2022-08-04,28.0,28.0,28.0,28.0,0
ILS,2022-08-05,28.0,28.0,28.0,28.0,0
ILS,2022-08-08,28.0,28.0,28.0,28.0,0
ILS,2022-08-09,16.8,21.8,16.8,16.8,7500
ILS,2022-08-10,19.0,19.6,14.7,15.3,1200
ILS,2022-08-11,18.0,18.0,13.8,17.8,3700
ILS,2022-08-12,16.0,16.6,16.0,16.6,2300
ILS,2022-08-15,18.4,18.8,18.4,18.8,400
ILS,2022-08-16,20.5,20.5,16.0,16.0,2200
ILS,2022-08-17,18.0,18.6,15.1,18.1,8900
ILS,2022-08-18,18.0,18.4,13.7,14.5,8200
ILS,2022-08-19,17.0,17.1,14.2,14.2,6100
ILS,2022-08-22,18.5,18.9,14.7,14.7,4200
ILS,2022-08-23,17.0,17.4,15.1,15.1,3800
ILS,2022-08-24,19.0,19.0,15.2,15.2,1200
ILS,2022-08-25,17.9,17.9,13.6,15.1,15099
ILS,2022-08-26,17.0,17.2,14.3,14.3,3600
ILS,2022-08-29,16.2,16.9,13.7,14.3,7600
ILS,2022-08-30,18.0,18.0,14.3,16.7,3300
ILS,2022-08-31,16.2,16.7,14.2,14.2,2800
ILS,2022-09-05,16.3,16.3,16.3,16.3,300
ILS,2022-09-06,18.5,18.5,14.5,14.8,12600
ILS,2022-09-07,17.1,17.1,14.4,14.6,4100
ILS,2022-09-08,17.0,17.0,14.5,14.6,5300
ILS,2022-09-09,16.9,17.0,14.6,14.8,4200
ILS,2022-09-12,17.5,17.5,15.7,15.8,3700
ILS,2022-09-13,18.2,18.2,14.9,15.0,7600
ILS,2022-09-14,17.6,17.6,15.1,15.1,2000
ILS,2022-09-15,17.5,17.5,14.9,15.1,8700
ILS,2022-09-16,17.9,17.9,15.3,15.3,3700
ILS,2022-09-19,17.6,17.6,15.1,15.1,7800
ILS,2022-09-20,18.0,18.0,18.0,18.0,200
ILS,2022-09-21,20.5,20.5,15.4,15.4,7200
ILS,2022-09-22,17.5,17.5,15.1,16.6,8600
ILS,2022-09-23,18.0,18.0,15.2,15.5,6200
ILS,2022-09-26,18.3,18.3,15.2,16.9,18400
ILS,2022-09-27,18.4,18.4,15.4,15.4,4600
ILS,2022-09-28,18.6,18.6,15.5,16.8,10500
ILS,2022-09-29,18.3,18.3,15.8,16.9,6300
ILS,2022-09-30,18.8,18.8,14.2,17.9,5500
ILS,2022-10-03,18.0,18.0,15.1,16.0,4100
ILS,2022-10-04,17.9,17.9,15.4,15.4,3200
ILS,2022-10-05,17.8,17.8,15.4,15.4,2200
ILS,2022-10-06,17.8,17.8,17.8,17.8,200
ILS,2022-10-07,20.0,20.0,20.0,20.0,200
ILS,2022-10-10,17.1,17.1,17.1,17.1,300
ILS,2022-10-11,19.5,19.5,14.7,14.7,500
ILS,2022-10-12,18.9,18.9,14.3,14.3,6400
ILS,2022-10-13,16.4,16.4,14.4,14.4,2200
ILS,2022-10-14,16.6,16.6,12.6,12.6,2200
ILS,2022-10-17,14.8,14.8,11.2,11.2,2000
ILS,2022-10-18,13.2,13.2,13.2,13.2,200
ILS,2022-10-19,15.0,15.0,12.7,12.7,1500
ILS,2022-10-20,14.8,14.8,14.8,14.8,200
ILS,2022-10-21,16.9,16.9,13.0,13.0,1200
ILS,2022-10-24,15.6,15.6,11.8,13.8,3900
ILS,2022-10-25,15.4,15.4,15.4,15.4,200
ILS,2022-10-26,17.6,17.6,17.6,17.6,200
ILS,2022-10-27,20.0,20.0,20.0,20.0,200
ILS,2022-10-28,22.0,22.0,17.0,17.0,500
ILS,2022-10-31,21.5,21.5,18.0,18.0,1200
ILS,2022-11-01,20.5,20.5,16.9,16.9,300
ILS,2022-11-02,22.0,22.0,18.0,18.0,1100
ILS,2022-11-03,21.0,21.0,17.5,17.5,600
ILS,2022-11-04,21.0,21.0,21.0,21.0,100
ILS,2022-11-07,23.5,23.5,23.5,23.5,100
ILS,2022-11-08,23.5,23.5,23.5,23.5,0
ILS,2022-11-09,23.5,23.5,23.5,23.5,0
ILS,2022-11-10,23.5,23.5,23.5,23.5,0
ILS,2022-11-11,23.5,23.5,23.5,23.5,0
ILS,2022-11-14,20.0,20.0,20.0,20.0,1800
ILS,2022-11-15,21.5,21.5,17.0,17.0,200
ILS,2022-11-16,21.0,21.0,21.0,21.0,100
ILS,2022-11-17,21.0,21.0,21.0,21.0,0
ILS,2022-11-18,21.0,21.0,21.0,21.0,0
ILS,2022-11-21,22.5,22.5,17.9,17.9,300
ILS,2022-11-22,21.5,21.5,16.5,16.5,300
ILS,2022-11-23,20.0,20.0,15.5,17.4,5100
ILS,2022-11-24,18.0,18.0,13.7,17.8,6100
ILS,2022-11-25,18.0,18.0,18.0,18.0,200
ILS,2022-11-28,20.0,20.0,20.0,20.0,100
ILS,2022-11-29,20.0,20.0,17.0,17.0,200
ILS,2022-11-30,20.5,20.5,16.1,17.3,400
ILS,2022-12-01,19.0,19.0,15.3,15.3,1300
ILS,2022-12-02,17.5,17.7,13.4,15.6,12800
ILS,2022-12-05,18.1,18.1,14.3,15.3,4000
ILS,2022-12-06,19.0,19.0,15.1,17.8,5000
ILS,2022-12-07,19.0,19.0,19.0,19.0,200
ILS,2022-12-08,21.5,21.5,18.9,18.9,1400
ILS,2022-12-09,21.5,21.5,16.5,16.6,7200
ILS,2022-12-12,19.5,19.5,15.8,15.8,4700
ILS,2022-12-13,19.1,19.1,16.2,17.0,3400
ILS,2022-12-14,19.6,19.6,16.3,16.3,2500
ILS,2022-12-15,20.0,20.0,16.3,16.8,10400
ILS,2022-12-16,19.5,19.5,15.7,17.0,300
ILS,2022-12-19,19.5,19.5,16.9,16.9,600
ILS,2022-12-20,19.5,19.5,15.9,15.9,3900
ILS,2022-12-21,19.5,19.5,19.5,19.5,100
ILS,2022-12-22,22.0,22.0,16.7,19.4,8200
ILS,2022-12-23,21.0,21.0,21.0,21.0,100
ILS,2022-12-26,23.5,23.5,23.5,23.5,100
ILS,2022-12-27,26.0,26.0,26.0,26.0,100
ILS,2022-12-28,28.0,28.0,22.1,22.1,3100
ILS,2022-12-29,25.1,25.1,25.1,25.1,100
ILS,2022-12-30,28.2,28.2,28.2,28.2,100
ILS,2023-01-03,29.0,29.0,29.0,29.0,100
ILS,2023-01-04,29.0,29.0,29.0,29.0,100
ILS,2023-01-05,29.0,29.0,29.0,29.0,100
ILS,2023-01-06,29.0,29.0,29.0,29.0,100
ILS,2023-01-09,29.0,29.0,29.0,29.0,100
ILS,2023-01-10,29.0,29.0,29.0,29.0,100
ILS,2023-01-11,29.0,29.0,29.0,29.0,100
ILS,2023-01-12,29.0,29.0,29.0,29.0,100
ILS,2023-01-13,29.0,29.0,29.0,29.0,100
ILS,2023-01-16,31.0,31.0,31.0,31.0,100
ILS,2023-01-17,26.4,26.4,26.4,26.4,800
ILS,2023-01-18,30.0,30.0,30.0,30.0,100
ILS,2023-01-19,30.0,30.0,30.0,30.0,0
ILS,2023-01-27,30.0,30.0,30.0,30.0,0
ILS,2023-01-30,30.0,30.0,30.0,30.0,0
ILS,2023-01-31,30.0,30.0,30.0,30.0,0
ILS,2023-02-01,30.0,30.0,30.0,30.0,0
ILS,2023-02-02,30.0,30.0,30.0,30.0,0
ILS,2023-02-03,30.0,30.0,30.0,30.0,0
ILS,2023-02-06,30.0,30.0,30.0,30.0,0
ILS,2023-02-07,30.0,30.0,30.0,30.0,0
ILS,2023-02-08,30.0,30.0,30.0,30.0,0
ILS,2023-02-09,30.0,30.0,30.0,30.0,0
ILS,2023-02-10,30.0,30.0,30.0,30.0,0
ILS,2023-02-13,30.0,30.0,30.0,30.0,0
ILS,2023-02-14,25.5,25.5,25.5,25.5,700
ILS,2023-02-15,27.0,27.0,21.7,21.7,200
ILS,2023-02-16,26.5,26.5,20.8,20.8,200
ILS,2023-02-17,26.5,26.5,20.2,20.2,700
ILS,2023-02-20,23.5,23.5,18.0,18.0,800
ILS,2023-02-21,21.0,21.0,18.0,18.0,208
ILS,2023-02-22,21.5,21.5,17.0,20.8,300
ILS,2023-02-23,22.0,22.0,17.0,19.9,4200
ILS,2023-02-24,21.2,22.0,21.2,22.0,2100
ILS,2023-02-27,24.0,24.0,18.7,21.3,4000
ILS,2023-02-28,23.5,23.5,17.7,20.7,5100
ILS,2023-03-01,21.5,21.5,21.5,21.5,100
ILS,2023-03-02,23.0,23.0,23.0,23.0,100
ILS,2023-03-03,25.5,25.5,19.6,19.6,500
ILS,2023-03-06,22.5,22.5,17.7,17.7,2600
ILS,2023-03-07,19.5,19.5,19.5,19.5,100
ILS,2023-03-08,21.5,21.5,21.5,21.5,100
ILS,2023-03-09,23.5,23.5,23.5,23.5,100
ILS,2023-03-10,25.5,25.5,25.5,25.5,100
ILS,2023-03-13,27.5,27.5,27.5,27.5,100
ILS,2023-03-14,28.5,28.5,28.5,28.5,100
ILS,2023-03-15,27.0,27.0,27.0,27.0,200
ILS,2023-03-16,27.0,27.0,27.0,27.0,200
ILS,2023-03-17,23.0,23.0,23.0,23.0,200
ILS,2023-03-20,25.5,25.5,25.5,25.5,100
ILS,2023-03-21,27.0,27.0,27.0,27.0,100
ILS,2023-03-22,29.0,29.0,23.0,23.0,900
ILS,2023-03-23,26.0,26.0,26.0,26.0,100
ILS,2023-03-24,28.0,28.0,28.0,28.0,100
ILS,2023-03-27,29.0,29.0,29.0,29.0,100
ILS,2023-03-28,30.0,30.0,30.0,30.0,100
ILS,2023-03-29,31.0,31.0,31.0,31.0,100
ILS,2023-03-30,32.0,32.0,32.0,32.0,100
ILS,2023-03-31,32.0,32.0,32.0,32.0,0
ILS,2023-04-03,32.0,32.0,32.0,32.0,0
ILS,2023-04-04,32.0,32.0,32.0,32.0,0
ILS,2023-04-05,27.2,27.2,27.2,27.2,300
ILS,2023-04-06,29.0,29.0,29.0,29.0,100
ILS,2023-04-07,29.0,29.0,29.0,29.0,0
ILS,2023-04-10,30.5,30.5,30.5,30.5,100
ILS,2023-04-11,30.5,30.5,30.5,30.5,0
ILS,2023-04-12,30.5,30.5,30.5,30.5,0
ILS,2023-04-13,30.5,30.5,30.5,30.5,0
ILS,2023-04-14,30.5,30.5,30.5,30.5,0
ILS,2023-04-17,30.5,30.5,30.5,30.5,0
ILS,2023-04-18,26.0,26.0,26.0,26.0,100
ILS,2023-04-19,26.0,26.0,26.0,26.0,0
ILS,2023-04-20,26.0,26.0,26.0,26.0,1
ILS,2023-04-21,22.1,22.1,22.1,22.1,100
ILS,2023-04-24,22.1,22.1,22.1,22.1,0
ILS,2023-04-25,24.0,24.0,24.0,24.0,100
ILS,2023-04-26,27.0,27.0,20.4,20.4,300
ILS,2023-04-27,25.5,25.5,25.5,25.5,100
ILS,2023-04-28,27.0,27.0,27.0,27.0,100
ILS,2023-05-04,27.0,27.0,27.0,27.0,1
ILS,2023-05-05,27.0,27.0,27.0,27.0,0
ILS,2023-05-08,27.0,27.0,27.0,27.0,0
ILS,2023-05-09,27.0,27.0,27.0,27.0,6
ILS,2023-05-10,23.0,23.0,23.0,23.0,900
ILS,2023-05-11,25.5,25.5,19.6,19.6,1000
ILS,2023-05-12,22.7,22.7,17.2,17.2,8400
ILS,2023-05-15,19.2,19.2,15.0,18.4,3700
ILS,2023-05-16,19.5,19.5,17.5,17.5,400
ILS,2023-05-17,20.5,20.5,16.2,17.1,2000
ILS,2023-05-18,19.0,19.0,14.6,14.6,4900
ILS,2023-05-19,17.8,17.8,14.7,16.1,7500
ILS,2023-05-22,17.2,17.2,14.8,16.2,5900
ILS,2023-05-23,17.3,17.3,15.0,16.1,5000
ILS,2023-05-24,18.0,18.0,16.3,16.3,300
ILS,2023-05-25,19.5,19.5,15.3,16.9,1500
ILS,2023-05-26,19.0,19.0,15.3,15.3,500
ILS,2023-05-29,19.0,19.0,15.6,17.4,3400
ILS,2023-05-30,19.2,19.2,15.8,17.3,4700
ILS,2023-05-31,19.5,19.5,15.6,17.4,3801
ILS,2023-06-01,18.5,18.5,18.5,18.5,200
ILS,2023-06-02,20.5,20.5,15.8,15.8,6900
ILS,2023-06-05,18.0,18.0,15.1,15.2,6300
ILS,2023-06-06,17.7,17.7,15.3,15.9,1800
ILS,2023-06-07,17.5,17.5,15.5,15.5,2500
ILS,2023-06-08,17.7,17.7,14.7,15.2,3500
ILS,2023-06-09,17.3,17.3,17.3,17.3,200
ILS,2023-06-12,19.2,19.2,15.8,15.8,400
ILS,2023-06-13,18.0,18.0,15.0,15.1,8100
ILS,2023-06-14,17.7,17.7,15.3,15.3,3000
ILS,2023-06-15,18.3,18.3,15.0,15.0,300
ILS,2023-06-16,18.0,18.0,16.0,16.0,500
ILS,2023-06-19,18.7,18.7,15.0,16.3,8100
ILS,2023-06-20,18.0,18.0,14.8,15.8,4301
ILS,2023-06-21,17.5,17.5,17.5,17.5,200
ILS,2023-06-22,19.5,19.5,14.9,15.0,13501
ILS,2023-06-23,17.0,17.0,14.5,14.5,8400
ILS,2023-06-26,16.9,16.9,14.5,14.5,10400
ILS,2023-06-27,17.5,17.5,13.9,14.3,400
ILS,2023-06-28,17.5,17.5,14.3,14.3,700
ILS,2023-06-29,17.0,17.0,14.0,14.0,10400
ILS,2023-06-30,16.4,16.4,14.0,14.6,4904
ILS,2023-07-03,16.2,16.2,16.2,16.2,200
ILS,2023-07-04,16.5,16.5,14.6,14.6,300
ILS,2023-07-05,16.2,16.2,16.2,16.2,200
ILS,2023-07-06,16.2,16.2,16.2,16.2,200
ILS,2023-07-07,17.0,17.0,14.1,15.4,3405
ILS,2023-07-10,17.0,17.0,17.0,17.0,200
ILS,2023-07-11,18.0,18.0,14.5,15.3,4800
ILS,2023-07-12,16.5,16.5,16.5,16.5,200
ILS,2023-07-13,18.0,18.0,18.0,18.0,295
ILS,2023-07-14,17.0,17.0,16.6,16.6,2200
ILS,2023-07-17,17.0,17.0,14.6,14.7,7000
ILS,2023-07-18,17.0,17.0,15.3,15.3,800
ILS,2023-07-19,17.0,17.0,17.0,17.0,100
ILS,2023-07-20,18.5,18.5,18.5,18.5,100
ILS,2023-07-21,18.0,18.0,15.8,15.8,1003
ILS,2023-07-24,17.5,17.5,14.4,15.3,3502
ILS,2023-07-25,16.5,16.5,16.5,16.5,100
ILS,2023-07-26,17.7,17.7,17.7,17.7,100
ILS,2023-07-27,17.5,17.5,15.1,15.1,7130
ILS,2023-07-28,17.0,17.0,15.4,15.4,200
ILS,2023-07-31,18.0,18.0,18.0,18.0,100
ILS,2023-08-01,19.0,19.0,15.3,15.3,4518
ILS,2023-08-02,17.2,17.2,15.8,15.8,2202
ILS,2023-08-03,18.0,18.0,14.5,15.1,3300
ILS,2023-08-04,18.0,18.0,14.5,14.5,1100
ILS,2023-08-07,16.8,16.8,16.8,16.8,101
ILS,2023-08-08,18.0,18.0,14.3,14.5,2900
ILS,2023-08-09,17.0,17.0,14.4,14.4,1600
ILS,2023-08-10,16.5,16.5,15.0,15.7,2200
ILS,2023-08-11,16.5,16.5,16.5,16.5,100
ILS,2023-08-14,16.5,16.5,14.2,14.6,9600
ILS,2023-08-15,16.0,16.0,16.0,16.0,100
ILS,2023-08-16,17.5,17.5,17.5,17.5,106
ILS,2023-08-17,19.0,19.0,19.0,19.0,100
ILS,2023-08-18,19.0,19.0,19.0,19.0,100
ILS,2023-08-21,19.0,19.0,19.0,19.0,128
ILS,2023-08-22,19.0,19.0,19.0,19.0,100
ILS,2023-08-23,17.7,17.7,17.7,17.7,100
ILS,2023-08-24,17.5,17.5,15.1,15.1,902
ILS,2023-08-25,17.0,17.0,15.0,15.0,200
ILS,2023-08-28,17.0,17.0,14.4,15.0,701
ILS,2023-08-29,16.5,16.5,14.2,15.0,4200
ILS,2023-08-30,16.5,16.5,14.0,14.3,4500
ILS,2023-08-31,16.3,16.3,13.8,14.0,12500
ILS,2023-09-05,15.5,15.5,13.8,13.8,2900
ILS,2023-09-06,15.5,15.5,14.0,14.0,7300
ILS,2023-09-07,16.5,16.5,14.0,14.0,200
ILS,2023-09-08,15.5,15.5,13.1,13.1,36201
ILS,2023-09-11,14.8,14.8,12.6,12.6,2300
ILS,2023-09-12,14.5,14.5,13.6,13.6,801
ILS,2023-09-13,15.2,15.2,13.0,13.0,10701
ILS,2023-09-14,15.0,15.0,12.9,13.3,5500
ILS,2023-09-15,14.7,14.7,13.0,13.0,4300
ILS,2023-09-18,14.6,14.6,12.1,12.1,11701
ILS,2023-09-19,14.2,14.2,12.0,13.0,6804
ILS,2023-09-20,14.2,14.2,14.2,14.2,200
ILS,2023-09-21,15.7,15.7,12.9,13.0,1500
ILS,2023-09-22,14.9,14.9,14.9,14.9,200
ILS,2023-09-25,16.5,16.5,12.7,12.7,1900
ILS,2023-09-26,14.6,14.6,12.7,12.7,700
ILS,2023-09-27,14.7,14.7,14.7,14.7,200
ILS,2023-09-28,16.4,16.4,16.4,16.4,200
ILS,2023-09-29,17.5,17.5,17.5,17.5,100
ILS,2023-10-02,17.5,17.5,17.5,17.5,100
ILS,2023-10-03,17.3,17.3,17.3,17.3,101
ILS,2023-10-04,14.8,14.8,14.8,14.8,204
ILS,2023-10-05,14.8,14.8,12.6,12.6,1100
ILS,2023-10-06,14.2,14.2,12.2,12.5,7100
ILS,2023-10-09,15.0,15.0,12.6,12.6,445
ILS,2023-10-10,14.5,14.5,14.5,14.5,100
ILS,2023-10-11,16.0,16.0,13.1,13.1,200
ILS,2023-10-12,16.0,16.0,12.5,12.8,4627
ILS,2023-10-13,14.1,14.1,10.8,11.3,2720
ILS,2023-10-16,14.6,14.6,11.5,12.8,500
ILS,2023-10-17,14.0,14.0,12.4,12.4,365
ILS,2023-10-18,14.2,14.2,11.3,11.3,7100
ILS,2023-10-19,13.3,13.3,13.3,13.3,200
ILS,2023-10-20,14.6,14.6,11.5,11.5,4500
ILS,2023-10-23,14.0,14.0,14.0,14.0,200
ILS,2023-10-24,13.9,13.9,11.9,11.9,1005
ILS,2023-10-25,13.5,13.5,11.9,11.9,3200
ILS,2023-10-26,13.4,13.4,10.9,10.9,8000
ILS,2023-10-27,13.0,13.0,13.0,13.0,200
ILS,2023-10-30,14.3,14.3,11.1,12.4,9465
ILS,2023-10-31,13.2,13.2,10.2,11.4,5300
ILS,2023-11-01,12.2,12.2,9.5,9.5,32700
ILS,2023-11-02,11.2,11.2,10.5,10.9,3220
ILS,2023-11-03,12.0,12.1,9.3,9.3,19460
ILS,2023-11-06,10.8,10.8,10.0,10.0,2800
ILS,2023-11-07,11.4,11.4,9.4,9.4,6300
ILS,2023-11-08,10.8,10.8,9.7,9.8,5400
ILS,2023-11-09,11.0,11.0,9.8,9.8,2700
ILS,2023-11-10,11.3,11.3,9.5,9.5,4600
ILS,2023-11-13,11.0,11.0,9.5,9.5,4101
ILS,2023-11-14,10.5,10.5,9.9,9.9,501
ILS,2023-11-15,11.5,11.5,9.8,9.9,3100
ILS,2023-11-16,11.0,11.0,10.0,10.4,1701
ILS,2023-11-17,11.5,11.5,10.6,10.6,401
ILS,2023-11-20,12.4,12.4,9.7,9.7,3500
ILS,2023-11-21,10.5,11.3,9.8,10.0,21000
ILS,2023-11-22,12.0,12.0,10.0,10.0,19301
ILS,2023-11-23,12.0,12.0,11.0,11.0,700
ILS,2023-11-24,13.3,13.3,10.9,10.9,800
ILS,2023-11-27,14.0,14.0,10.8,10.8,1400
ILS,2023-11-28,13.3,13.3,10.2,10.2,2800
ILS,2023-11-29,12.0,12.0,9.5,10.8,15600
ILS,2023-11-30,12.0,12.0,9.5,10.5,2300
ILS,2023-12-01,11.5,11.5,10.0,10.0,2300
ILS,2023-12-04,11.0,11.0,9.5,9.8,700
ILS,2023-12-05,11.5,11.5,11.5,11.5,501
ILS,2023-12-06,12.7,12.7,9.8,9.9,6400
ILS,2023-12-07,10.5,10.5,10.0,10.0,2000
ILS,2023-12-08,11.0,11.0,9.9,9.9,5200
ILS,2023-12-11,10.8,10.8,10.2,10.2,600
ILS,2023-12-12,11.0,11.0,9.7,9.9,1811
ILS,2023-12-13,11.0,11.0,10.0,10.0,3000
ILS,2023-12-14,10.9,10.9,10.9,10.9,500
ILS,2023-12-15,11.7,11.7,11.7,11.7,300
ILS,2023-12-18,12.7,12.7,12.7,12.7,300
ILS,2023-12-19,14.0,14.0,14.0,14.0,310
ILS,2023-12-20,15.5,15.5,11.9,11.9,2100
ILS,2023-12-21,14.2,14.2,10.9,10.9,1000
ILS,2023-12-22,13.0,13.0,13.0,13.0,1000
ILS,2023-12-25,14.4,14.4,11.1,11.1,7101
ILS,2023-12-26,13.3,13.3,10.2,10.3,4300
ILS,2023-12-27,13.2,13.2,10.1,10.3,4000
ILS,2023-12-28,12.8,12.8,10.4,10.4,3900
ILS,2023-12-29,13.0,13.0,10.0,12.4,12494
ILS,2024-01-02,12.3,12.5,10.4,10.7,1800
ILS,2024-01-03,13.0,13.0,10.3,11.6,4800
ILS,2024-01-04,12.8,12.8,12.8,12.8,1400
ILS,2024-01-05,14.2,14.2,14.2,14.2,1810
ILS,2024-01-08,15.7,15.7,12.1,12.1,2300
ILS,2024-01-09,15.2,15.2,11.7,11.7,2201
ILS,2024-01-10,15.4,15.4,11.9,11.9,2700
ILS,2024-01-11,14.0,14.0,11.7,11.7,4000
ILS,2024-01-12,13.9,13.9,10.8,10.8,1900
ILS,2024-01-15,13.7,13.7,10.6,11.4,1720
ILS,2024-01-16,13.5,13.5,11.8,12.2,5300
ILS,2024-01-17,12.5,13.5,10.9,11.9,1803
ILS,2024-01-18,14.5,14.5,11.2,11.2,2800
ILS,2024-01-19,13.7,13.7,13.7,13.7,1000
ILS,2024-01-22,15.0,15.0,11.7,11.7,900
ILS,2024-01-23,15.0,15.0,11.5,11.5,2000
ILS,2024-01-24,13.7,13.7,11.4,11.4,1102
ILS,2024-01-25,13.5,13.5,11.5,11.5,1500
ILS,2024-01-26,13.2,13.2,10.9,10.9,2000
ILS,2024-01-29,12.5,12.5,12.5,12.5,1000
ILS,2024-01-30,11.8,12.5,11.8,12.5,500
ILS,2024-01-31,13.0,13.0,10.5,11.6,9100
ILS,2024-02-01,12.3,12.3,11.3,11.3,600
ILS,2024-02-02,13.3,13.3,13.3,13.3,303
ILS,2024-02-05,14.5,14.5,11.4,11.4,601
ILS,2024-02-06,13.3,13.3,11.1,11.5,2601
ILS,2024-02-07,12.6,12.6,10.5,10.6,6300
ILS,2024-02-15,11.5,11.5,11.5,11.5,100
ILS,2024-02-16,12.5,12.5,11.0,11.0,800
ILS,2024-02-19,12.6,12.6,10.5,10.8,2702
ILS,2024-02-20,12.1,12.1,10.2,10.5,4800
ILS,2024-02-21,12.5,12.5,10.8,10.8,2000
ILS,2024-02-22,12.7,12.7,10.8,11.6,2801
ILS,2024-02-23,12.7,12.7,12.1,12.1,3408
ILS,2024-02-26,13.5,13.5,13.5,13.5,501
ILS,2024-02-27,14.5,14.5,11.5,11.5,2400
ILS,2024-02-28,13.3,13.3,10.9,10.9,2400
ILS,2024-02-29,13.0,13.0,10.8,11.4,4700
ILS,2024-03-01,12.5,12.5,10.8,10.8,900
ILS,2024-03-04,12.6,12.6,11.4,11.4,2601
ILS,2024-03-05,12.7,12.7,11.4,11.7,4200
ILS,2024-03-06,12.8,12.8,11.4,11.5,2700
ILS,2024-03-07,12.8,12.8,11.4,11.4,2100
ILS,2024-03-08,12.8,12.8,10.8,10.8,2200
ILS,2024-03-11,12.2,12.2,11.4,11.5,1600
ILS,2024-03-12,12.8,12.8,12.8,12.8,300
ILS,2024-03-13,14.0,14.0,11.0,11.2,2300
ILS,2024-03-14,12.7,12.7,11.2,11.2,800
ILS,2024-03-15,13.2,13.4,11.1,11.1,2000
ILS,2024-03-18,12.8,12.8,10.0,11.4,8200
ILS,2024-03-19,12.4,12.4,11.4,11.4,1300
ILS,2024-03-20,12.6,12.6,11.4,11.9,5300
ILS,2024-03-21,13.0,13.0,13.0,13.0,300
ILS,2024-03-22,14.0,14.0,12.0,12.0,2300
ILS,2024-03-25,13.2,13.2,11.5,11.5,1301
ILS,2024-03-26,13.0,13.0,11.0,11.0,1500
ILS,2024-03-27,12.8,12.8,11.7,11.7,600
ILS,2024-03-28,13.6,13.6,11.9,11.9,632
ILS,2024-03-29,14.0,14.0,14.0,14.0,200
ILS,2024-04-01,14.0,14.0,14.0,14.0,0
ILS,2024-04-02,15.0,15.0,11.9,11.9,1000
ILS,2024-04-03,13.0,13.0,10.7,11.1,1302
ILS,2024-04-04,12.5,12.5,10.6,12.4,3800
ILS,2024-04-05,13.2,13.2,11.0,11.0,2200
ILS,2024-04-08,12.3,12.3,11.0,11.0,2500
ILS,2024-04-09,12.3,12.3,11.0,11.0,800
ILS,2024-04-10,11.5,12.2,10.7,11.0,7308
ILS,2024-04-11,12.3,12.3,11.0,11.1,3300
ILS,2024-04-12,12.2,12.2,11.0,11.1,3101
ILS,2024-04-15,12.7,12.7,10.8,10.8,4300
ILS,2024-04-16,12.0,12.0,10.8,10.8,700
ILS,2024-04-17,12.7,12.7,10.9,10.9,5100
ILS,2024-04-19,12.5,12.5,10.7,10.7,5800
ILS,2024-04-22,11.8,11.8,10.9,10.9,1800
ILS,2024-04-23,11.2,11.2,11.2,11.2,0
ILS,2024-04-24,12.3,12.3,12.3,12.3,308
ILS,2024-04-25,12.0,12.0,10.7,10.7,1800
ILS,2024-04-26,12.0,12.0,11.9,12.0,3400
ILS,2024-05-02,11.9,11.9,11.9,11.9,0
ILS,2024-05-03,11.9,11.9,11.9,11.9,0
ILS,2024-05-06,11.9,11.9,11.9,11.9,0
ILS,2024-05-07,11.2,11.2,11.2,11.2,100
ILS,2024-05-08,12.0,12.0,10.5,10.5,2300
ILS,2024-05-09,11.7,11.7,10.7,10.7,2000
ILS,2024-05-10,12.0,12.0,12.0,12.0,300
ILS,2024-05-13,12.0,12.0,12.0,12.0,0
ILS,2024-05-14,12.0,12.0,12.0,12.0,0
ILS,2024-05-15,11.8,11.8,11.8,11.8,100
ILS,2024-05-16,12.8,12.8,12.8,12.8,300
ILS,2024-05-17,10.9,11.9,10.9,10.9,4700
ILS,2024-05-20,12.5,12.5,12.5,12.5,300
ILS,2024-05-21,10.7,11.9,10.7,11.9,4800
ILS,2024-05-22,12.7,12.7,11.9,11.9,400
ILS,2024-05-23,13.5,13.5,11.9,11.9,302
ILS,2024-05-24,14.0,14.0,11.1,11.1,1000
ILS,2024-05-27,12.0,12.0,11.1,11.1,600
ILS,2024-05-28,12.0,12.0,10.8,10.8,2400
ILS,2024-05-29,13.0,13.0,13.0,13.0,300
ILS,2024-05-30,14.0,14.0,11.1,11.1,5451
ILS,2024-05-31,12.5,12.5,10.6,12.0,700
ILS,2024-06-03,10.7,10.7,10.7,10.7,100
ILS,2024-06-04,11.5,11.5,11.5,11.5,300
ILS,2024-06-05,12.5,12.5,11.4,11.4,400
ILS,2024-06-06,13.0,13.0,13.0,13.0,200
ILS,2024-06-07,13.0,13.0,13.0,13.0,0
ILS,2024-06-10,13.3,13.3,13.3,13.3,300
ILS,2024-06-11,14.4,14.4,14.4,14.4,300
ILS,2024-06-12,15.0,15.0,12.3,12.3,2200
ILS,2024-06-13,13.7,13.7,11.0,11.1,865
ILS,2024-06-14,14.0,14.0,11.9,11.9,700
ILS,2024-06-17,14.7,14.7,14.7,14.7,531
ILS,2024-06-18,16.0,16.0,12.5,12.5,1900
ILS,2024-06-19,14.4,14.4,11.4,11.4,876
ILS,2024-06-20,14.5,14.5,11.4,12.5,5661
ILS,2024-06-21,13.0,13.0,11.1,11.1,700
ILS,2024-06-24,13.6,13.6,12.0,12.0,600
ILS,2024-06-25,14.3,14.3,14.3,14.3,300
ILS,2024-06-26,14.3,15.5,12.2,12.2,8730
ILS,2024-06-27,13.3,13.3,11.6,11.6,2563
ILS,2024-06-28,11.3,12.4,11.1,12.4,3800
ILS,2024-07-01,11.1,11.1,11.1,11.1,1001
ILS,2024-07-02,12.3,12.3,11.1,11.1,5900
ILS,2024-07-03,12.5,12.5,11.5,11.5,400
ILS,2024-07-04,13.5,13.5,11.1,11.2,5107
ILS,2024-07-05,12.8,12.8,11.0,11.9,6400
ILS,2024-07-08,12.7,12.7,11.1,11.1,722
ILS,2024-07-09,13.0,13.2,10.9,12.2,4500
ILS,2024-07-10,12.3,12.3,11.0,11.0,4000
ILS,2024-07-11,12.7,12.7,10.9,10.9,500
ILS,2024-07-12,10.9,12.1,10.9,12.1,4800
ILS,2024-07-15,12.6,12.6,11.0,11.0,500
ILS,2024-07-16,13.0,13.0,13.0,13.0,200
ILS,2024-07-17,14.0,14.0,14.0,14.0,200
ILS,2024-07-18,13.0,13.0,11.9,11.9,569
ILS,2024-07-19,13.3,13.3,13.3,13.3,200
ILS,2024-07-22,14.5,14.5,12.1,12.2,2536
ILS,2024-07-23,13.4,13.4,11.0,12.3,2602
ILS,2024-07-24,12.5,12.5,10.7,10.7,400
ILS,2024-07-25,12.7,12.7,12.7,12.7,201
ILS,2024-07-29,13.7,13.7,13.7,13.7,200
ILS,2024-07-30,14.7,14.7,11.7,11.7,300
ILS,2024-07-31,11.7,11.7,11.7,11.7,2200
ILS,2024-08-01,11.9,11.9,10.9,10.9,1600
ILS,2024-08-02,12.3,12.3,10.5,11.2,4900
ILS,2024-08-05,12.0,12.0,10.3,11.4,3800
ILS,2024-08-06,12.0,12.0,11.0,11.2,3500
ILS,2024-08-07,12.6,12.6,11.7,11.7,300
ILS,2024-08-08,13.3,13.3,13.3,13.3,200
ILS,2024-08-09,14.0,14.0,11.4,11.4,700
ILS,2024-08-12,13.3,13.3,10.8,10.8,300
ILS,2024-08-13,13.5,13.5,13.5,13.5,200
ILS,2024-08-14,14.2,14.2,11.5,11.5,3100
ILS,2024-08-15,12.7,12.7,10.5,10.5,15900
ILS,2024-08-16,11.8,11.8,10.0,10.3,15600
ILS,2024-08-19,11.5,11.5,10.2,10.5,1400
ILS,2024-08-20,11.7,11.7,10.2,10.2,4000
ILS,2024-08-21,11.5,11.5,10.4,10.4,10500
ILS,2024-08-22,11.5,11.5,10.5,10.5,1800
ILS,2024-08-23,11.0,11.0,10.3,10.9,5300
ILS,2024-08-26,11.5,11.5,10.2,10.2,3500
ILS,2024-08-27,11.3,11.3,10.4,10.4,7600
ILS,2024-08-28,11.5,11.5,10.4,10.4,3500
ILS,2024-08-29,11.5,11.5,11.5,11.5,300
ILS,2024-08-30,12.6,12.6,10.0,11.4,13300
ILS,2024-09-04,11.8,11.8,11.0,11.0,1700
ILS,2024-09-05,12.3,12.3,10.9,10.9,400
ILS,2024-09-06,11.5,11.5,10.4,10.4,1700
ILS,2024-09-09,11.4,11.4,11.4,11.4,300
ILS,2024-09-10,12.5,12.5,10.3,11.4,4200
ILS,2024-09-16,10.6,10.6,10.6,10.6,1500
ILS,2024-09-17,11.5,11.5,11.5,11.5,200
ILS,2024-09-18,12.5,12.5,11.5,11.5,700
ILS,2024-10-07,11.7,11.7,10.5,10.5,1400
ILS,2024-10-08,12.0,12.0,12.0,12.0,200
ILS,2024-10-10,11.5,11.5,11.5,11.5,200
ILS,2024-10-11,11.9,11.9,10.9,10.9,1000
ILS,2024-10-14,11.9,11.9,11.9,11.9,1000
ILS,2024-10-17,12.5,12.5,11.7,11.7,1100
ILS,2024-10-25,11.2,11.2,11.0,11.0,2100
ILS,2024-10-28,12.2,12.2,10.7,11.7,4700
ILS,2024-10-29,12.2,12.2,12.2,12.2,200
ILS,2024-10-30,13.0,13.0,13.0,13.0,200
ILS,2024-11-01,12.7,12.7,11.1,11.4,4900
ILS,2024-11-04,12.7,12.8,12.5,12.5,4100
ILS,2024-11-05,12.9,12.9,12.5,12.5,700
ILS,2024-11-06,14.0,14.0,14.0,14.0,200
ILS,2024-11-07,11.9,11.9,11.9,11.9,100
ILS,2024-11-08,13.0,13.0,13.0,13.0,200
ILS,2024-11-11,14.0,14.0,12.5,12.5,900
ILS,2024-11-12,14.0,14.0,14.0,14.0,200
ILS,2024-11-13,15.0,15.0,15.0,15.0,200
ILS,2024-11-14,14.0,14.0,12.8,12.8,1200
ILS,2024-11-15,13.5,13.5,13.5,13.5,200
ILS,2024-11-18,13.0,13.0,11.5,11.5,4100
ILS,2024-11-19,13.2,13.2,13.2,13.2,200
ILS,2024-11-20,12.0,12.0,12.0,12.0,3800
ILS,2024-11-21,13.2,13.2,11.9,11.9,1000
ILS,2024-11-22,13.4,13.4,11.5,11.5,5300
ILS,2024-11-25,13.0,13.0,12.0,12.0,3300
ILS,2024-11-26,12.8,12.8,12.0,12.0,3500
ILS,2024-11-27,13.2,13.2,12.0,12.0,3900
ILS,2024-11-28,12.8,12.8,11.6,12.0,1500
ILS,2024-11-29,12.8,12.8,12.3,12.3,2100
ILS,2024-12-02,13.7,13.7,12.0,12.0,1200
ILS,2024-12-03,13.5,13.5,12.1,12.1,2200
ILS,2024-12-04,14.5,14.5,12.5,13.1,1600
ILS,2024-12-05,14.5,14.5,12.0,13.4,7600
ILS,2024-12-06,13.5,13.5,13.5,13.5,300
ILS,2024-12-09,14.5,14.5,12.5,12.5,300
ILS,2024-12-10,15.0,15.0,12.1,13.1,9100
ILS,2024-12-11,13.6,13.7,12.6,12.6,7900
ILS,2024-12-12,14.2,14.2,12.6,12.6,300
ILS,2024-12-13,15.0,15.0,13.6,13.6,400
ILS,2024-12-16,12.5,12.5,12.5,12.5,700
ILS,2024-12-18,12.5,12.6,12.5,12.6,10000
ILS,2024-12-19,13.6,13.9,12.6,12.6,4900
ILS,2024-12-20,14.4,14.4,12.6,12.6,1300
ILS,2024-12-23,14.5,14.5,13.5,13.5,5200
ILS,2024-12-24,14.5,14.5,12.6,12.6,5100
ILS,2024-12-25,14.4,14.4,12.2,12.4,8100
ILS,2024-12-26,14.6,14.9,12.5,14.9,7800
ILS,2024-12-27,15.0,15.0,12.8,12.8,4600
ILS,2024-12-30,14.2,14.4,12.8,14.4,4000
ILS,2024-12-31,16.0,16.0,12.9,14.7,3000
ILS,2025-01-02,13.0,13.0,12.7,12.7,2500
ILS,2025-01-06,14.4,14.4,14.4,14.4,100
ILS,2025-01-08,12.8,13.5,12.8,12.8,6400
ILS,2025-01-10,11.8,12.8,11.8,12.8,3600
ILS,2025-01-13,13.9,13.9,13.9,13.9,100
ILS,2025-01-15,12.0,12.0,12.0,12.0,2000
ILS,2025-01-21,13.4,13.4,13.2,13.2,200
ILS,2025-02-06,12.2,12.2,12.2,12.2,1000
ILS,2025-02-07,12.2,13.7,12.2,13.7,1300
ILS,2025-02-11,14.4,14.4,14.4,14.4,100
ILS,2025-02-12,12.3,12.5,12.3,12.5,1100
ILS,2025-02-13,13.4,13.4,13.4,13.4,500
ILS,2025-02-17,13.4,14.3,13.4,14.3,300
ILS,2025-02-19,12.0,14.2,12.0,14.2,3000
ILS,2025-02-20,14.4,14.4,11.5,13.8,3100
ILS,2025-02-24,13.0,13.9,13.0,13.8,3000
ILS,2025-02-26,14.9,14.9,11.9,14.4,2400
ILS,2025-02-27,15.0,15.0,12.5,12.5,3900
ILS,2025-02-28,15.8,16.0,12.9,15.5,4500
ILS,2025-03-03,14.8,14.8,13.5,14.8,1700
ILS,2025-03-04,12.2,13.7,12.2,13.7,400
ILS,2025-03-06,14.4,14.4,14.4,14.4,900
ILS,2025-03-07,14.9,14.9,12.3,12.4,14000
ILS,2025-03-10,13.9,13.9,12.1,12.1,2300
ILS,2025-03-12,13.9,14.0,12.4,12.6,24400
ILS,2025-03-13,12.7,12.7,12.5,12.5,18100
ILS,2025-03-14,13.9,14.0,13.9,14.0,1900
ILS,2025-03-17,15.9,15.9,14.0,14.1,4000
ILS,2025-03-18,14.0,15.9,14.0,14.5,1600
ILS,2025-03-19,17.7,17.7,15.5,15.5,700
ILS,2025-03-20,19.4,19.4,15.0,15.0,1700
ILS,2025-03-21,18.5,18.5,18.5,18.5,500
ILS,2025-03-24,15.8,15.8,15.8,15.8,400
ILS,2025-03-26,15.0,15.0,15.0,15.0,1000
ILS,2025-03-31,17.2,17.2,17.2,17.2,9000
ILS,2025-04-01,18.8,18.8,18.8,18.8,300
ILS,2025-04-02,16.0,16.0,16.0,16.0,100
ILS,2025-04-03,16.0,16.2,13.7,16.2,6500
ILS,2025-04-04,17.0,17.0,15.0,15.0,600
ILS,2025-04-10,18.9,18.9,15.8,16.4,5300
ILS,2025-04-14,15.5,15.5,15.5,15.5,100
ILS,2025-04-15,13.7,13.7,13.4,13.4,4400
ILS,2025-04-16,14.9,14.9,13.5,13.5,1300
ILS,2025-04-17,14.5,14.5,14.5,14.5,100
ILS,2025-04-21,15.9,15.9,14.5,14.5,1100
ILS,2025-04-22,17.8,17.8,14.3,14.3,1300
ILS,2025-04-23,14.5,14.5,14.5,14.5,700
ILS,2025-04-25,16.2,16.2,13.9,13.9,1300
ILS,2025-04-29,17.4,17.4,13.5,13.5,1800
ILS,2025-05-05,18.0,18.0,13.5,13.5,1000
ILS,2025-05-06,13.8,13.8,13.8,13.8,3600
ILS,2025-05-07,14.5,14.5,14.5,14.5,500
ILS,2025-05-08,16.3,16.3,16.3,16.3,500
ILS,2025-05-12,13.9,16.3,13.9,16.3,300
ILS,2025-05-13,14.6,14.6,14.6,14.6,100
ILS,2025-05-14,15.9,15.9,15.9,15.9,500
ILS,2025-05-21,15.0,15.0,15.0,15.0,100
ILS,2025-05-22,14.4,14.4,14.4,14.4,100
ILS,2025-05-23,15.4,15.4,15.4,15.4,500
ILS,2025-05-27,15.9,15.9,15.9,15.9,500
ILS,2025-05-29,16.0,18.2,13.9,17.5,3600
ILS,2025-06-03,14.5,14.5,14.5,14.5,500
ILS,2025-06-04,16.4,16.4,13.7,15.5,2100
ILS,2025-06-05,16.5,16.5,16.5,16.5,1000
ILS,2025-06-09,14.5,14.5,14.3,14.5,2200
ILS,2025-06-10,15.9,15.9,15.9,15.9,500
ILS,2025-06-12,18.0,18.0,18.0,18.0,1000
ILS,2025-06-13,15.3,15.3,15.3,15.3,10900
ILS,2025-06-17,15.3,15.3,15.3,15.3,100
ILS,2025-06-20,16.6,16.6,16.6,16.6,2000
ILS,2025-06-24,16.6,19.0,16.6,19.0,3100
ILS,2025-06-25,19.5,19.7,17.2,17.2,4600
ILS,2025-06-26,19.9,20.0,15.7,19.9,3400
ILS,2025-06-27,19.7,19.7,15.9,18.5,6000
ILS,2025-06-30,18.8,18.8,18.8,18.8,500
ILS,2025-07-02,21.5,21.5,16.0,16.0,3100
ILS,2025-07-04,17.9,17.9,17.9,17.9,700
ILS,2025-07-07,17.0,19.9,15.7,19.9,5500
ILS,2025-07-08,16.0,17.3,15.0,17.3,8700
ILS,2025-07-09,17.7,17.7,17.7,17.7,900
ILS,2025-07-11,15.8,16.9,15.8,15.9,1700
ILS,2025-07-14,15.9,15.9,15.9,15.9,100
ILS,2025-07-16,15.2,16.8,15.2,16.8,2000
ILS,2025-07-21,15.8,15.8,14.8,14.8,4200
ILS,2025-07-23,15.2,15.2,15.2,15.2,100
ILS,2025-07-24,15.7,15.7,15.7,15.7,200
ILS,2025-07-25,15.6,15.6,15.6,15.6,2100
ILS,2025-07-28,15.5,15.5,15.0,15.0,26100
ILS,2025-07-29,15.8,15.8,14.2,14.2,15000
ILS,2025-07-31,14.6,16.3,14.6,14.6,12000
ILS,2025-08-01,13.7,13.7,13.7,13.7,100
ILS,2025-08-04,15.2,15.2,14.2,14.7,3100
ILS,2025-08-05,16.0,16.0,16.0,16.0,200
ILS,2025-08-07,18.0,18.0,17.5,17.5,2300
ILS,2025-08-08,15.0,15.5,15.0,15.5,3600
ILS,2025-08-13,14.6,14.6,14.6,14.6,4500
ILS,2025-08-14,15.8,15.8,15.8,15.8,100
ILS,2025-08-18,15.8,15.8,15.8,15.8,100
ILS,2025-08-19,14.2,14.5,14.2,14.5,2100
ILS,2025-08-20,14.9,14.9,14.9,14.9,500
ILS,2025-08-22,16.8,16.8,16.8,16.8,2000
ILS,2025-08-25,14.7,14.7,14.5,14.5,4500
ILS,2025-08-26,14.5,14.5,14.3,14.3,10500
ILS,2025-08-27,15.3,15.3,15.3,15.3,1000
ILS,2025-08-28,15.5,15.5,15.5,15.5,100
ILS,2025-08-29,15.2,15.5,15.2,15.5,4300
ILS,2025-09-05,15.9,15.9,15.9,15.9,200
ILS,2025-09-08,16.4,16.4,15.0,15.0,600
ILS,2025-09-09,15.4,15.4,15.1,15.1,1700
ILS,2025-09-10,15.5,15.5,15.5,15.5,100
ILS,2025-09-12,15.3,15.3,15.0,15.0,1100
ILS,2025-09-15,15.0,15.0,15.0,15.0,21300
ILS,2025-09-16,14.5,14.5,14.3,14.3,10000
ILS,2025-09-17,14.5,14.5,14.4,14.5,83000
ILS,2025-09-18,14.5,14.5,14.5,14.5,78000
ILS,2025-09-19,14.5,14.5,14.3,14.5,45900
ILS,2025-09-22,14.5,14.5,14.5,14.5,4000
ILS,2025-09-23,14.5,14.5,14.5,14.5,8700
ILS,2025-09-24,14.5,14.5,14.4,14.5,10700
ILS,2025-09-25,14.5,14.5,14.5,14.5,4000
ILS,2025-09-26,14.5,14.5,14.5,14.5,29000
ILS,2025-09-30,14.3,14.4,14.3,14.4,5000
ILS,2025-10-06,16.0,16.0,16.0,16.0,200
ILS,2025-10-13,15.0,15.0,15.0,15.0,1000
ILS,2025-10-14,14.7,14.7,14.7,14.7,6200
ILS,2025-10-15,16.8,16.8,14.7,14.7,300
ILS,2025-10-16,16.8,16.8,16.8,16.8,100
ILS,2025-10-20,19.3,19.3,14.7,18.3,500
ILS,2025-10-21,16.6,16.6,16.6,16.6,100
ILS,2025-10-24,16.0,16.0,16.0,16.0,100
ILS,2025-11-12,18.3,18.3,18.3,18.3,100
ILS,2025-11-14,15.6,15.6,15.6,15.6,3500
ILS,2025-11-17,15.6,15.6,15.6,15.6,100
ILS,2025-11-19,15.0,17.3,15.0,17.3,400
ILS,2025-11-20,15.1,15.1,15.1,15.1,100
ILS,2025-11-21,15.1,15.1,15.1,15.1,100
ILS,2025-11-24,17.0,17.0,15.2,15.2,300
ILS,2025-11-25,14.5,16.2,14.5,16.2,500
ILS,2025-11-26,17.6,17.6,15.1,15.1,600
ILS,2025-11-27,17.6,17.6,17.6,17.6,100
ILS,2025-11-28,15.5,19.0,15.5,15.5,500
ILS,2025-12-01,15.9,15.9,15.6,15.6,300
ILS,2025-12-02,15.1,17.7,15.1,17.7,400
ILS,2025-12-03,16.4,18.1,16.4,18.1,5300
ILS,2025-12-04,18.5,18.9,18.5,18.9,16800
ILS,2025-12-05,21.5,21.5,21.5,21.5,600
ILS,2025-12-08,24.7,24.7,21.6,21.6,14900
ILS,2025-12-09,28.0,28.0,21.0,24.5,49800
ILS,2025-12-10,25.2,25.2,18.7,18.7,22100
ILS,2025-12-11,17.0,17.3,16.6,16.6,9600
ILS,2025-12-12,16.6,17.5,15.0,15.0,16400
ILS,2025-12-15,15.0,16.1,14.2,15.4,14200
ILS,2025-12-16,15.2,16.7,14.8,15.8,26900
ILS,2025-12-17,15.7,17.8,15.0,17.8,23500
ILS,2025-12-18,18.2,18.2,15.5,18.2,109900
ILS,2025-12-19,19.2,19.2,16.1,19.1,79000
ILS,2025-12-22,17.5,19.2,17.1,17.7,93500
ILS,2025-12-23,17.4,18.9,16.9,17.8,138200
ILS,2025-12-24,17.4,18.9,17.0,17.6,148600
ILS,2025-12-25,17.4,18.8,17.2,17.5,147400
ILS,2025-12-26,18.4,18.4,17.4,17.7,14600
ILS,2025-12-29,18.1,18.1,17.8,17.8,13500
ILS,2025-12-30,18.2,20.7,17.8,20.7,52400
ILS,2025-12-31,20.7,22.0,20.7,22.0,9600
ILC,2005-12-26,0.0,0.0,0.0,0.0,0
ILC,2005-12-28,10.47,10.47,10.47,10.47,100
ILC,2005-12-30,10.47,10.47,10.47,10.47,0
ILC,2006-01-04,10.47,10.47,10.47,10.47,0
ILC,2006-01-06,10.47,10.47,10.47,10.47,0
ILC,2006-01-09,10.47,10.47,10.47,10.47,0
ILC,2006-01-11,10.47,10.47,10.47,10.47,0
ILC,2006-01-13,11.52,11.52,11.52,11.52,100
ILC,2006-01-16,11.52,11.52,11.52,11.52,0
ILC,2006-01-18,11.52,11.52,11.52,11.52,0
ILC,2006-01-20,11.52,11.52,11.52,11.52,0
ILC,2006-01-23,11.52,11.52,11.52,11.52,0
ILC,2006-01-25,11.52,11.52,11.52,11.52,0
ILC,2006-01-27,11.52,11.52,11.52,11.52,0
ILC,2006-02-06,11.52,11.52,11.52,11.52,0
ILC,2006-02-08,11.52,11.52,11.52,11.52,0
ILC,2006-02-10,11.52,11.52,11.52,11.52,0
ILC,2006-02-13,11.52,11.52,11.52,11.52,0
ILC,2006-02-15,11.52,11.52,11.52,11.52,0
ILC,2006-02-17,11.52,11.52,11.52,11.52,0
ILC,2006-02-20,11.52,11.52,11.52,11.52,0
ILC,2006-02-22,11.52,11.52,11.52,11.52,0
ILC,2006-02-24,11.52,11.52,11.52,11.52,0
ILC,2006-02-27,11.52,11.52,11.52,11.52,0
ILC,2006-03-01,12.62,12.62,12.62,12.62,400
ILC,2006-03-03,12.62,12.62,12.62,12.62,0
ILC,2006-03-06,12.62,12.62,12.62,12.62,0
ILC,2006-03-08,12.62,12.62,12.62,12.62,0
ILC,2006-03-10,12.62,12.62,12.62,12.62,0
ILC,2006-03-13,13.84,13.84,13.84,13.84,400
ILC,2006-03-15,13.84,13.84,13.84,13.84,0
ILC,2006-03-17,13.84,13.84,13.84,13.84,0
ILC,2006-03-20,13.84,13.84,13.84,13.84,0
ILC,2006-03-22,13.44,13.44,13.44,13.44,0
ILC,2006-03-24,13.44,13.44,13.44,13.44,0
ILC,2006-03-27,13.44,13.44,13.44,13.44,0
ILC,2006-03-29,13.44,13.44,13.44,13.44,0
ILC,2006-03-31,3.49,3.49,3.49,3.49,0
ILC,2006-04-01,3.49,13.44,13.44,13.44,0
ILC,2006-04-03,13.44,13.44,13.44,13.44,0
ILC,2006-04-05,13.44,13.44,13.44,13.44,0
ILC,2006-04-07,13.44,13.44,13.44,13.44,0
ILC,2006-04-10,13.44,13.44,13.44,13.44,0
ILC,2006-04-12,13.44,13.44,13.44,13.44,0
ILC,2006-04-14,13.44,13.44,13.44,13.44,0
ILC,2006-04-17,13.44,13.44,13.44,13.44,0
ILC,2006-04-19,13.44,13.44,13.44,13.44,0
ILC,2006-04-21,13.44,13.44,13.44,13.44,0
ILC,2006-04-24,13.44,13.44,13.44,13.44,0
ILC,2006-04-26,13.44,13.44,13.44,13.44,0
ILC,2006-04-28,13.44,13.44,13.44,13.44,0
ILC,2006-05-03,13.44,13.44,13.44,13.44,0
ILC,2006-05-05,13.44,13.44,13.44,13.44,0
ILC,2006-05-08,14.77,14.77,14.77,13.44,100
ILC,2006-05-10,16.23,16.23,16.23,13.44,500
ILC,2006-05-12,13.44,13.44,13.44,13.44,0
ILC,2006-05-15,13.44,13.44,13.44,13.44,0
ILC,2006-05-17,17.8,17.8,17.8,13.44,100
ILC,2006-05-19,13.44,13.44,13.44,13.44,0
ILC,2006-05-22,13.44,13.44,13.44,13.44,0
ILC,2006-05-24,13.44,13.44,13.44,13.44,0
ILC,2006-05-26,13.44,13.44,13.44,13.44,0
ILC,2006-05-29,13.44,13.44,13.44,13.44,0
ILC,2006-05-31,13.44,13.44,13.44,13.44,0
ILC,2006-06-01,13.44,13.44,13.44,13.44,0
ILC,2006-06-02,19.54,19.54,19.54,19.54,100
ILC,2006-06-05,19.54,19.54,19.54,19.54,0
ILC,2006-06-06,19.54,19.54,19.54,19.54,0
ILC,2006-06-07,19.54,19.54,19.54,19.54,0
ILC,2006-06-08,19.54,19.54,19.54,19.54,0
ILC,2006-06-09,19.54,19.54,19.54,19.54,0
ILC,2006-06-12,19.54,19.54,19.54,19.54,0
ILC,2006-06-13,19.54,19.54,19.54,19.54,0
ILC,2006-06-14,19.54,19.54,19.54,19.54,0
ILC,2006-06-15,19.54,19.54,19.54,19.54,0
ILC,2006-06-16,19.54,19.54,19.54,19.54,0
ILC,2006-06-19,19.54,19.54,19.54,19.54,0
ILC,2006-06-20,19.54,19.54,19.54,19.54,0
ILC,2006-06-21,19.54,19.54,19.54,19.54,0
ILC,2006-06-22,19.54,19.54,19.54,19.54,0
ILC,2006-06-23,19.54,19.54,19.54,19.54,0
ILC,2006-06-26,19.54,19.54,19.54,19.54,0
ILC,2006-06-27,19.54,19.54,19.54,19.54,0
ILC,2006-06-28,19.54,19.54,19.54,19.54,0
ILC,2006-06-29,19.54,19.54,19.54,19.54,0
ILC,2006-06-30,19.54,19.54,19.54,19.54,0
ILC,2006-07-03,19.54,19.54,19.54,19.54,0
ILC,2006-07-04,19.54,19.54,19.54,19.54,0
ILC,2006-07-05,19.54,19.54,19.54,19.54,0
ILC,2006-07-06,19.54,19.54,19.54,19.54,0
ILC,2006-07-07,19.54,19.54,19.54,19.54,0
ILC,2006-07-10,19.54,19.54,19.54,19.54,0
ILC,2006-07-11,19.54,19.54,19.54,19.54,0
ILC,2006-07-12,19.54,19.54,19.54,19.54,0
ILC,2006-07-13,19.54,19.54,19.54,19.54,0
ILC,2006-07-14,19.54,19.54,19.54,19.54,0
ILC,2006-07-17,19.54,19.54,19.54,19.54,0
ILC,2006-07-18,19.54,19.54,19.54,19.54,0
ILC,2006-07-19,21.46,21.46,21.46,21.46,100
ILC,2006-07-20,23.56,23.56,23.56,23.56,100
ILC,2006-07-21,23.56,23.56,23.56,23.56,0
ILC,2006-07-24,23.56,23.56,23.56,23.56,0
ILC,2006-07-25,23.56,23.56,23.56,23.56,0
ILC,2006-07-26,23.56,23.56,23.56,23.56,0
ILC,2006-07-27,23.56,23.56,23.56,23.56,0
ILC,2006-07-28,23.56,23.56,23.56,23.56,0
ILC,2006-07-31,23.56,23.56,23.56,23.56,0
ILC,2006-08-01,23.56,23.56,23.56,23.56,0
ILC,2006-08-02,23.56,23.56,23.56,23.56,0
ILC,2006-08-03,23.56,23.56,23.56,23.56,0
ILC,2006-08-04,21.23,21.23,21.23,21.23,300
ILC,2006-08-07,21.23,21.23,21.23,21.23,0
ILC,2006-08-08,21.23,21.23,21.23,21.23,0
ILC,2006-08-09,19.14,23.32,19.14,23.32,200
ILC,2006-08-10,23.32,23.32,23.32,23.32,0
ILC,2006-08-11,23.32,23.32,23.32,23.32,0
ILC,2006-08-14,23.32,23.32,23.32,23.32,0
ILC,2006-08-15,23.32,23.32,23.32,23.32,0
ILC,2006-08-16,23.32,23.32,23.32,23.32,0
ILC,2006-08-17,23.32,23.32,23.32,23.32,0
ILC,2006-08-18,23.32,23.32,23.32,23.32,0
ILC,2006-08-21,23.32,23.32,23.32,23.32,0
ILC,2006-08-22,23.32,23.32,23.32,23.32,0
ILC,2006-08-23,23.32,23.32,23.32,23.32,0
ILC,2006-08-24,23.32,23.32,23.32,23.32,0
ILC,2006-08-25,23.32,23.32,23.32,23.32,0
ILC,2006-08-28,23.32,23.32,23.32,23.32,0
ILC,2006-08-29,23.32,23.32,23.32,23.32,0
ILC,2006-08-30,23.32,23.32,23.32,23.32,0
ILC,2006-08-31,23.32,23.32,23.32,23.32,0
ILC,2006-09-01,23.32,23.32,23.32,23.32,0
ILC,2006-09-05,23.32,23.32,23.32,23.32,0
ILC,2006-09-06,23.32,23.32,23.32,23.32,0
ILC,2006-09-07,23.32,23.32,23.32,23.32,0
ILC,2006-09-08,23.32,23.32,23.32,23.32,0
ILC,2006-09-11,23.32,23.32,23.32,23.32,0
ILC,2006-09-12,23.32,23.32,23.32,23.32,0
ILC,2006-09-13,23.32,23.32,23.32,23.32,0
ILC,2006-09-14,23.32,23.32,23.32,23.32,0
ILC,2006-09-15,23.32,23.32,23.32,23.32,0
ILC,2006-09-18,23.32,23.32,23.32,23.32,0
ILC,2006-09-19,23.32,23.32,23.32,23.32,0
ILC,2006-09-20,19.48,19.48,19.48,19.48,100
ILC,2006-09-21,19.48,19.48,19.48,19.48,0
ILC,2006-09-22,19.48,19.48,19.48,19.48,0
ILC,2006-09-25,19.48,19.48,19.48,19.48,0
ILC,2006-09-26,19.48,19.48,19.48,19.48,0
ILC,2006-09-27,19.48,19.48,19.48,19.48,0
ILC,2006-09-28,19.48,19.48,19.48,19.48,0
ILC,2006-09-29,19.48,19.48,19.48,19.48,0
ILC,2006-10-02,19.48,19.48,19.48,19.48,0
ILC,2006-10-03,19.48,19.48,19.48,19.48,0
ILC,2006-10-04,19.48,19.48,19.48,19.48,0
ILC,2006-10-05,19.48,19.48,19.48,19.48,0
ILC,2006-10-06,19.48,19.48,19.48,19.48,0
ILC,2006-10-09,19.48,19.48,19.48,19.48,0
ILC,2006-10-10,19.48,19.48,19.48,19.48,0
ILC,2006-10-11,19.48,19.48,19.48,19.48,0
ILC,2006-10-12,19.48,19.48,19.48,19.48,0
ILC,2006-10-13,19.48,19.48,19.48,19.48,0
ILC,2006-10-16,19.48,19.48,19.48,19.48,0
ILC,2006-10-17,19.48,19.48,19.48,19.48,0
ILC,2006-10-18,19.48,19.48,19.48,19.48,0
ILC,2006-10-19,19.48,19.48,19.48,19.48,0
ILC,2006-10-20,19.48,19.48,19.48,19.48,0
ILC,2006-10-23,19.48,19.48,19.48,19.48,0
ILC,2006-10-24,19.48,19.48,19.48,19.48,0
ILC,2006-10-25,19.48,19.48,19.48,19.48,0
ILC,2006-10-26,19.48,19.48,19.48,19.48,0
ILC,2006-10-27,19.48,19.48,19.48,19.48,0
ILC,2006-10-30,19.48,19.48,19.48,19.48,0
ILC,2006-10-31,19.48,19.48,19.48,19.48,0
ILC,2006-11-01,19.48,19.48,19.48,19.48,0
ILC,2006-11-02,19.48,19.48,19.48,19.48,0
ILC,2006-11-03,19.48,19.48,19.48,19.48,0
ILC,2006-11-06,19.48,19.48,19.48,19.48,0
ILC,2006-11-07,19.48,19.48,19.48,19.48,0
ILC,2006-11-08,19.48,19.48,19.48,19.48,0
ILC,2006-11-09,19.48,19.48,19.48,19.48,0
ILC,2006-11-10,19.48,19.48,19.48,19.48,0
ILC,2006-11-13,19.48,19.48,19.48,19.48,0
ILC,2006-11-14,19.48,19.48,19.48,19.48,0
ILC,2006-11-15,19.48,19.48,19.48,19.48,0
ILC,2006-11-16,19.48,19.48,19.48,19.48,0
ILC,2006-11-17,19.48,19.48,19.48,19.48,0
ILC,2006-11-20,19.48,19.48,19.48,19.48,0
ILC,2006-11-21,19.48,19.48,19.48,19.48,0
ILC,2006-11-22,19.48,19.48,19.48,19.48,0
ILC,2006-11-23,19.48,19.48,19.48,19.48,0
ILC,2006-11-24,19.48,19.48,19.48,19.48,0
ILC,2006-11-27,19.48,19.48,19.48,19.48,0
ILC,2006-11-28,19.48,19.48,19.48,19.48,0
ILC,2006-11-29,19.48,19.48,19.48,19.48,0
ILC,2006-11-30,20.94,20.94,20.94,20.94,100
ILC,2006-12-01,20.94,20.94,20.94,20.94,0
ILC,2006-12-04,20.94,20.94,20.94,20.94,0
ILC,2006-12-05,20.94,20.94,20.94,20.94,0
ILC,2006-12-06,20.36,20.36,20.36,20.36,100
ILC,2006-12-07,22.39,22.39,22.39,22.39,100
ILC,2006-12-08,22.39,22.39,22.39,22.39,0
ILC,2006-12-11,22.39,22.39,22.39,22.39,0
ILC,2006-12-12,24.6,24.6,24.6,24.6,100
ILC,2006-12-13,22.22,22.22,22.22,22.22,2000
ILC,2006-12-14,20.01,20.01,20.01,20.01,500
ILC,2006-12-15,20.01,20.01,20.01,20.01,0
ILC,2006-12-18,20.01,20.01,20.01,20.01,0
ILC,2006-12-19,20.01,20.01,20.01,20.01,0
ILC,2006-12-20,18.61,18.61,18.61,18.61,1000
ILC,2006-12-21,18.61,18.61,18.61,18.61,0
ILC,2006-12-22,18.61,18.61,18.61,18.61,0
ILC,2006-12-25,18.61,18.61,18.61,18.61,0
ILC,2006-12-26,18.61,18.61,18.61,18.61,0
ILC,2006-12-27,18.61,18.61,18.61,18.61,0
ILC,2006-12-28,18.61,18.61,18.61,18.61,0
ILC,2006-12-29,18.61,18.61,18.61,18.61,0
ILC,2007-01-02,18.61,18.61,18.61,18.61,0
ILC,2007-01-03,18.61,18.61,18.61,18.61,0
ILC,2007-01-04,18.61,18.61,18.61,18.61,0
ILC,2007-01-05,18.61,18.61,18.61,18.61,0
ILC,2007-01-08,18.61,18.61,18.61,18.61,0
ILC,2007-01-09,18.61,18.61,18.61,18.61,0
ILC,2007-01-10,18.61,18.61,18.61,18.61,0
ILC,2007-01-11,18.61,18.61,18.61,18.61,0
ILC,2007-01-12,18.61,18.61,18.61,18.61,0
ILC,2007-01-15,18.61,18.61,18.61,18.61,0
ILC,2007-01-16,18.61,18.61,18.61,18.61,0
ILC,2007-01-17,18.61,18.61,18.61,18.61,0
ILC,2007-01-18,18.61,18.61,18.61,18.61,0
ILC,2007-01-19,18.61,18.61,18.61,18.61,0
ILC,2007-01-22,18.61,18.61,18.61,18.61,0
ILC,2007-01-23,18.61,18.61,18.61,18.61,0
ILC,2007-01-24,18.61,18.61,18.61,18.61,0
ILC,2007-01-25,18.61,18.61,18.61,18.61,0
ILC,2007-01-26,18.61,18.61,18.61,18.61,0
ILC,2007-01-29,18.61,18.61,18.61,18.61,0
ILC,2007-01-30,18.61,18.61,18.61,18.61,0
ILC,2007-01-31,18.61,18.61,18.61,18.61,0
ILC,2007-02-01,18.61,18.61,18.61,18.61,0
ILC,2007-02-02,18.61,18.61,18.61,18.61,0
ILC,2007-02-05,20.01,20.01,20.01,20.01,100
ILC,2007-02-06,21.99,21.99,21.99,21.99,100
ILC,2007-02-07,24.14,24.14,24.14,24.14,100
ILC,2007-02-08,26.52,26.52,26.52,26.52,200
ILC,2007-02-09,26.52,26.52,26.52,26.52,0
ILC,2007-02-12,29.14,29.14,29.14,29.14,100
ILC,2007-02-13,29.14,29.14,29.14,29.14,0
ILC,2007-02-14,32.05,32.05,32.05,32.05,100
ILC,2007-02-15,35.25,35.25,35.25,35.25,100
ILC,2007-02-26,38.74,38.74,38.74,38.74,100
ILC,2007-02-27,38.74,38.74,38.74,38.74,0
ILC,2007-02-28,22.45,22.45,22.45,22.45,100
ILC,2007-03-01,24.66,24.66,24.66,24.66,100
ILC,2007-03-02,27.1,27.1,27.1,24.66,200
ILC,2007-03-05,24.66,24.66,24.66,24.66,0
ILC,2007-03-06,29.78,29.78,29.78,29.78,100
ILC,2007-03-07,29.78,29.78,29.78,29.78,0
ILC,2007-03-08,32.75,32.75,32.75,32.75,100
ILC,2007-03-09,32.75,32.75,32.75,32.75,0
ILC,2007-03-12,32.75,32.75,32.75,32.75,0
ILC,2007-03-13,36.0,36.0,36.0,36.0,100
ILC,2007-03-14,39.55,39.55,39.55,36.0,100
ILC,2007-03-15,43.51,43.51,43.51,43.51,200
ILC,2007-03-16,47.81,47.81,47.81,47.81,500
ILC,2007-03-19,52.58,52.58,52.58,52.58,1100
ILC,2007-03-20,57.81,57.81,57.81,57.81,1000
ILC,2007-03-21,63.57,63.57,63.57,63.57,1900
ILC,2007-03-22,69.91,69.91,69.91,69.91,1600
ILC,2007-03-23,76.89,76.89,76.89,76.89,1900
ILC,2007-03-26,84.57,84.57,84.57,76.89,2200
ILC,2007-03-27,93.0,93.0,90.15,76.89,4500
ILC,2007-03-28,84.34,90.15,84.34,87.25,2000
ILC,2007-03-29,97.25,97.25,84.34,84.34,900
ILC,2007-03-30,84.34,84.34,84.34,84.34,0
ILC,2007-04-02,82.59,82.59,78.64,78.64,300
ILC,2007-04-03,72.01,72.01,72.01,72.01,100
ILC,2007-04-04,71.54,71.54,71.54,71.54,500
ILC,2007-04-05,71.54,71.54,71.54,71.54,200
ILC,2007-04-06,71.54,71.54,71.54,71.54,0
ILC,2007-04-09,71.54,71.54,64.39,64.39,300
ILC,2007-04-10,63.98,63.98,63.98,63.98,100
ILC,2007-04-11,61.07,61.07,61.07,61.07,100
ILC,2007-04-12,58.16,58.16,57.58,57.58,700
ILC,2007-04-13,52.06,55.26,52.06,55.26,500
ILC,2007-04-16,53.98,53.98,53.98,53.98,200
ILC,2007-04-17,51.18,51.18,51.18,51.18,400
ILC,2007-04-18,56.3,56.3,56.3,56.3,200
ILC,2007-04-19,60.49,60.49,55.84,55.84,500
ILC,2007-04-20,55.84,55.84,55.84,55.84,0
ILC,2007-04-23,55.84,55.84,55.84,55.84,0
ILC,2007-04-24,55.84,55.84,55.84,55.84,0
ILC,2007-04-25,55.84,55.84,55.84,55.84,0
ILC,2007-05-02,55.84,55.84,55.84,55.84,0
ILC,2007-05-03,55.84,55.84,55.84,55.84,0
ILC,2007-05-04,58.16,58.16,58.16,58.16,200
ILC,2007-05-07,52.35,52.35,52.35,52.35,500
ILC,2007-05-08,54.67,54.67,52.93,52.93,900
ILC,2007-05-09,53.05,53.22,52.93,53.22,1600
ILC,2007-05-10,58.16,58.16,55.26,55.26,200
ILC,2007-05-11,58.16,58.16,58.16,58.16,100
ILC,2007-05-14,58.16,58.16,58.11,58.11,200
ILC,2007-05-15,57.0,57.0,57.0,57.0,200
ILC,2007-05-16,57.0,57.0,57.0,57.0,0
ILC,2007-05-17,57.0,57.0,57.0,57.0,100
ILC,2007-05-18,57.0,57.0,52.35,52.93,500
ILC,2007-05-21,55.84,55.84,55.84,55.84,200
ILC,2007-05-22,58.16,58.16,57.0,57.0,2100
ILC,2007-05-23,58.16,58.16,57.0,57.58,1300
ILC,2007-05-24,57.58,57.58,57.58,57.58,0
ILC,2007-05-25,51.94,52.46,51.94,51.94,3600
ILC,2007-05-28,55.26,55.26,52.06,53.51,1100
ILC,2007-05-29,53.51,53.57,53.51,53.57,2000
ILC,2007-05-30,53.51,53.51,53.51,53.51,100
ILC,2007-05-31,48.16,50.6,48.16,50.6,1100
ILC,2007-06-01,50.02,52.64,50.02,52.35,3000
ILC,2007-06-04,56.42,56.42,51.77,51.77,1300
ILC,2007-06-05,50.02,51.18,49.44,51.18,500
ILC,2007-06-06,50.6,51.13,50.02,50.31,1000
ILC,2007-06-07,51.77,51.77,50.02,50.02,1000
ILC,2007-06-08,50.02,50.02,50.02,50.02,0
ILC,2007-06-11,49.44,50.6,49.44,50.02,2500
ILC,2007-06-12,50.02,50.02,50.02,50.02,0
ILC,2007-06-13,50.02,50.02,50.02,50.02,500
ILC,2007-06-14,50.6,50.6,50.6,50.6,200
ILC,2007-06-15,51.18,51.24,51.18,51.18,800
ILC,2007-06-18,51.18,51.18,51.18,51.18,1300
ILC,2007-06-19,50.6,51.18,50.6,51.18,2200
ILC,2007-06-20,50.31,51.18,50.31,51.18,1000
ILC,2007-06-21,51.18,51.48,50.89,50.89,1500
ILC,2007-06-22,51.18,51.48,50.02,51.48,1300
ILC,2007-06-25,50.02,50.02,50.02,50.02,300
ILC,2007-06-26,50.02,50.02,50.02,50.02,0
ILC,2007-06-27,24.43,24.43,24.43,49.73,1300
ILC,2007-06-28,49.44,49.44,49.44,49.44,500
ILC,2007-06-29,23.85,24.43,23.85,49.73,1300
ILC,2007-07-02,23.85,23.85,23.85,49.15,300
ILC,2007-07-03,22.68,22.68,22.68,46.53,700
ILC,2007-07-04,22.68,46.53,46.53,46.53,0
ILC,2007-07-05,22.68,46.53,46.53,46.53,0
ILC,2007-07-06,22.68,46.53,46.53,46.53,0
ILC,2007-07-09,22.68,46.53,46.53,46.53,0
ILC,2007-07-10,21.52,21.52,21.52,43.62,200
ILC,2007-07-11,21.52,21.52,20.94,43.62,4100
ILC,2007-07-12,21.52,21.52,20.94,43.04,1600
ILC,2007-07-13,20.94,20.94,20.94,43.04,1300
ILC,2007-07-16,21.52,21.52,21.52,43.62,1300
ILC,2007-07-17,21.52,21.52,20.94,43.33,2900
ILC,2007-07-18,20.94,21.52,20.94,43.62,1700
ILC,2007-07-19,21.52,21.52,20.94,43.33,1800
ILC,2007-07-20,21.52,21.52,21.52,43.62,500
ILC,2007-07-23,21.52,43.62,43.62,43.62,0
ILC,2007-07-24,20.94,20.94,20.94,43.04,500
ILC,2007-07-25,20.94,21.52,20.94,43.91,4000
ILC,2007-07-26,21.52,21.52,21.52,44.2,1400
ILC,2007-07-27,21.52,21.52,21.52,43.91,500
ILC,2007-07-30,21.52,44.15,44.15,44.15,0
ILC,2007-07-31,21.52,22.68,21.52,45.89,300
ILC,2007-08-01,21.52,21.52,21.52,44.2,800
ILC,2007-08-02,21.52,44.09,44.09,44.09,0
ILC,2007-08-03,21.52,21.52,21.52,44.5,200
ILC,2007-08-06,21.52,44.5,44.5,44.5,0
ILC,2007-08-07,22.1,22.1,22.1,44.79,700
ILC,2007-08-08,21.52,21.52,21.52,44.5,1000
ILC,2007-08-09,21.52,21.52,21.52,44.26,800
ILC,2007-08-10,21.52,21.52,21.52,44.2,300
ILC,2007-08-13,21.52,21.52,21.52,44.15,600
ILC,2007-08-14,21.52,21.52,21.52,43.62,500
ILC,2007-08-15,20.94,21.52,20.94,43.56,1900
ILC,2007-08-16,21.52,43.45,43.45,43.45,0
ILC,2007-08-17,21.52,43.45,43.45,43.45,0
ILC,2007-08-20,21.52,43.45,43.45,43.45,0
ILC,2007-08-21,21.52,43.45,43.45,43.45,0
ILC,2007-08-22,21.52,43.45,43.45,43.45,0
ILC,2007-08-23,21.52,21.52,20.94,43.04,1700
ILC,2007-08-24,21.52,21.52,20.94,42.81,300
ILC,2007-08-27,20.94,20.94,20.36,41.88,200
ILC,2007-08-28,20.36,20.36,20.36,41.88,900
ILC,2007-08-29,21.52,21.52,21.52,43.91,800
ILC,2007-08-30,21.52,21.52,21.52,44.09,1900
ILC,2007-08-31,22.1,22.1,22.1,44.79,200
ILC,2007-09-04,22.68,23.85,22.68,48.28,2800
ILC,2007-09-05,25.59,25.59,24.43,50.02,3300
ILC,2007-09-06,25.59,26.76,25.59,55.26,10100
ILC,2007-09-07,29.08,29.08,28.5,59.5,6900
ILC,2007-09-10,65.32,65.32,59.5,61.07,14200
ILC,2007-09-11,31.41,32.57,29.66,61.36,2500
ILC,2007-09-12,65.14,65.14,57.41,57.41,3600
ILC,2007-09-13,58.16,58.16,54.09,54.67,12400
ILC,2007-09-14,29.49,29.49,29.49,29.49,17700
ILC,2007-09-17,32.4,32.4,32.4,32.4,6100
ILC,2007-09-18,35.6,35.6,35.6,35.6,11800
ILC,2007-09-19,39.14,39.14,35.48,35.77,35700
ILC,2007-09-20,36.47,37.22,34.9,35.77,28800
ILC,2007-09-21,35.48,35.95,34.9,35.36,11300
ILC,2007-09-24,34.9,35.25,34.32,34.9,8300
ILC,2007-09-25,34.9,35.77,34.9,35.01,8900
ILC,2007-09-26,35.48,36.35,35.48,35.6,8900
ILC,2007-09-27,36.35,36.35,35.48,35.48,3600
ILC,2007-09-28,35.48,36.64,35.48,36.64,12400
ILC,2007-10-01,38.97,39.44,36.64,39.44,22800
ILC,2007-10-02,42.92,42.92,41.3,42.17,22800
ILC,2007-10-03,43.8,45.37,42.52,45.37,16600
ILC,2007-10-04,48.45,48.45,46.53,48.45,27200
ILC,2007-10-05,52.93,53.16,50.6,53.16,30900
ILC,2007-10-08,52.64,57.58,49.73,50.02,16700
ILC,2007-10-09,49.73,50.02,48.28,49.73,23500
ILC,2007-10-10,47.69,50.02,47.69,49.15,18600
ILC,2007-10-11,51.77,51.77,48.92,49.96,20200
ILC,2007-10-12,50.6,51.18,49.44,50.2,23300
ILC,2007-10-15,52.99,55.2,52.99,55.2,25900
ILC,2007-10-16,60.49,60.49,57.35,60.49,48100
ILC,2007-10-17,66.19,66.19,63.98,63.98,64300
ILC,2007-10-18,63.98,66.89,59.62,62.24,39700
ILC,2007-10-19,58.8,66.89,58.16,66.89,54200
ILC,2007-10-22,66.89,69.21,64.56,68.92,40000
ILC,2007-10-23,75.26,75.26,65.14,67.18,16200
ILC,2007-10-24,63.98,65.73,60.84,65.43,69300
ILC,2007-10-25,69.1,69.1,68.05,69.1,56600
ILC,2007-10-26,75.79,75.79,75.79,75.79,38900
ILC,2007-10-29,83.35,83.35,83.35,83.35,26600
ILC,2007-10-30,91.67,91.67,76.19,87.25,167000
ILC,2007-10-31,88.41,93.06,81.43,83.76,57800
ILC,2007-11-01,80.27,92.77,79.68,92.77,49600
ILC,2007-11-02,100.33,100.33,90.44,93.06,58200
ILC,2007-11-05,91.84,91.9,85.85,87.83,28600
ILC,2007-11-06,84.34,86.08,79.68,84.34,41200
ILC,2007-11-07,84.22,87.25,84.22,84.63,27300
ILC,2007-11-08,86.66,87.25,81.72,81.72,6500
ILC,2007-11-09,83.76,83.76,75.09,78.52,26200
ILC,2007-11-12,77.36,77.36,69.74,69.74,18800
ILC,2007-11-13,64.27,66.48,64.27,64.27,33100
ILC,2007-11-14,70.79,70.79,70.79,70.79,11600
ILC,2007-11-15,77.82,77.82,70.79,72.7,36100
ILC,2007-11-16,72.7,72.7,69.85,71.54,15600
ILC,2007-11-19,72.12,72.12,70.79,71.54,10300
ILC,2007-11-20,72.7,73.29,71.54,71.54,6900
ILC,2007-11-21,72.06,72.41,68.63,71.54,10800
ILC,2007-11-22,72.12,72.7,71.25,71.25,14300
ILC,2007-11-23,71.54,72.7,69.8,69.85,7900
ILC,2007-11-26,70.96,73.29,70.96,72.41,10300
ILC,2007-11-27,73.29,74.45,72.41,72.41,22000
ILC,2007-11-28,72.7,73.0,72.12,72.41,6000
ILC,2007-11-29,73.0,73.87,72.7,73.29,14500
ILC,2007-11-30,73.52,73.52,72.12,73.52,12800
ILC,2007-12-03,72.7,74.1,72.7,73.58,16100
ILC,2007-12-04,80.96,80.96,75.61,76.19,15300
ILC,2007-12-05,76.78,76.78,73.87,76.19,12800
ILC,2007-12-06,76.78,76.78,74.16,75.55,4000
ILC,2007-12-07,73.87,75.61,73.87,74.45,5100
ILC,2007-12-10,73.29,73.29,71.25,72.7,7300
ILC,2007-12-11,70.96,72.12,69.8,69.8,4300
ILC,2007-12-12,69.21,71.54,69.21,70.44,12800
ILC,2007-12-13,69.8,69.85,69.21,69.21,6300
ILC,2007-12-14,68.05,69.8,68.05,69.8,1900
ILC,2007-12-17,69.27,69.27,64.56,66.31,5700
ILC,2007-12-18,63.98,66.31,63.98,66.02,14300
ILC,2007-12-19,66.89,69.8,66.31,68.63,10500
ILC,2007-12-20,67.53,67.53,65.73,66.89,2000
ILC,2007-12-21,73.46,73.46,65.32,66.89,600
ILC,2007-12-24,68.52,68.63,66.89,66.89,1600
ILC,2007-12-25,66.02,68.63,66.02,66.31,4300
ILC,2007-12-26,66.89,68.05,66.89,67.18,6600
ILC,2007-12-27,66.89,66.89,66.31,66.31,900
ILC,2007-12-28,68.58,68.58,65.73,66.31,2700
ILC,2008-01-02,64.56,64.56,64.56,64.56,1000
ILC,2008-01-03,64.1,64.27,63.4,63.69,3100
ILC,2008-01-04,64.56,64.56,61.07,61.07,3700
ILC,2008-01-07,61.13,61.13,57.06,57.58,11400
ILC,2008-01-08,58.11,61.94,56.3,56.3,8600
ILC,2008-01-09,56.01,57.0,55.84,56.42,5200
ILC,2008-01-10,52.06,52.41,51.82,52.41,6700
ILC,2008-01-11,52.64,54.38,52.35,52.93,8100
ILC,2008-01-14,49.61,49.79,47.99,48.28,7900
ILC,2008-01-15,53.74,53.74,43.97,45.89,13600
ILC,2008-01-16,50.49,50.66,49.44,50.66,7500
ILC,2008-01-17,54.09,55.55,45.95,52.93,13800
ILC,2008-01-18,51.18,54.67,51.18,53.51,13300
ILC,2008-01-21,54.38,54.38,51.77,52.35,5700
ILC,2008-01-22,52.35,52.35,50.6,50.66,6400
ILC,2008-01-23,50.02,50.66,45.95,47.11,14500
ILC,2008-01-24,47.46,48.28,43.04,45.37,7200
ILC,2008-01-25,45.66,47.99,45.37,45.95,12000
ILC,2008-01-28,45.95,45.95,43.91,44.55,5600
ILC,2008-01-29,45.37,48.86,41.12,47.69,24700
ILC,2008-01-30,47.64,50.14,47.64,50.14,34700
ILC,2008-01-31,54.85,54.85,49.9,54.85,139800
ILC,2008-02-01,58.98,58.98,58.98,58.98,25600
ILC,2008-02-12,64.85,64.85,55.26,61.07,39300
ILC,2008-02-13,61.19,61.65,54.67,56.94,46300
ILC,2008-02-14,56.71,58.75,55.26,56.13,67300
ILC,2008-02-15,55.26,55.26,53.86,54.38,21600
ILC,2008-02-18,49.67,51.77,49.5,51.18,43500
ILC,2008-02-19,51.18,52.23,49.44,50.95,35000
ILC,2008-02-20,50.78,50.78,46.65,47.11,32100
ILC,2008-02-21,45.37,45.95,43.62,43.62,53000
ILC,2008-02-22,41.3,47.11,39.67,45.37,64100
ILC,2008-02-25,46.3,46.3,46.18,46.3,26500
ILC,2008-02-26,49.73,50.6,43.62,43.91,38100
ILC,2008-02-27,43.91,47.69,43.33,45.37,46900
ILC,2008-02-28,46.41,46.53,44.2,45.31,28200
ILC,2008-02-29,43.68,44.79,43.04,43.62,26200
ILC,2008-03-03,44.84,44.84,39.32,39.55,46500
ILC,2008-03-04,36.7,36.7,36.29,36.29,22200
ILC,2008-03-05,32.69,35.48,32.69,33.74,107100
ILC,2008-03-06,36.59,36.59,36.59,36.59,3900
ILC,2008-03-07,40.19,40.19,40.19,40.19,1400
ILC,2008-03-10,44.2,44.2,40.77,41.88,107700
ILC,2008-03-11,44.09,46.24,38.97,39.09,50000
ILC,2008-03-12,37.22,43.04,37.22,41.59,44300
ILC,2008-03-13,42.98,42.98,40.71,41.59,12400
ILC,2008-03-14,40.13,41.41,39.55,40.71,23000
ILC,2008-03-17,38.68,38.97,36.47,36.47,38900
ILC,2008-03-18,33.15,34.61,33.15,33.15,47000
ILC,2008-03-19,31.7,36.53,31.7,34.32,40600
ILC,2008-03-20,34.9,36.64,33.21,33.74,34000
ILC,2008-03-21,34.08,34.08,31.99,32.4,17300
ILC,2008-03-24,32.51,32.51,29.31,29.31,12400
ILC,2008-03-25,26.76,27.4,26.64,26.64,17800
ILC,2008-03-26,27.45,29.08,24.08,27.34,49100
ILC,2008-03-27,27.4,27.4,27.4,27.4,1300
ILC,2008-03-28,27.92,27.92,27.92,27.92,4000
ILC,2008-03-31,28.44,28.44,28.44,28.44,2000
ILC,2008-04-01,28.97,28.97,28.97,28.97,100
ILC,2008-04-02,29.49,29.49,29.49,29.49,200
ILC,2008-04-03,30.07,30.07,30.07,30.07,100
ILC,2008-04-04,30.65,30.65,30.65,30.65,300
ILC,2008-04-07,31.52,31.52,31.52,31.52,11000
ILC,2008-04-08,32.46,32.46,30.59,32.28,79700
ILC,2008-04-09,31.87,31.87,30.83,30.83,22200
ILC,2008-04-10,30.01,30.01,30.01,30.01,1100
ILC,2008-04-11,29.14,29.14,29.14,29.14,8500
ILC,2008-04-16,28.27,28.38,28.27,28.27,3300
ILC,2008-04-17,27.45,29.08,27.45,29.08,63200
ILC,2008-04-18,28.85,28.85,27.22,27.4,29100
ILC,2008-04-21,27.1,27.1,26.99,26.99,5000
ILC,2008-04-22,26.29,26.29,26.29,26.29,1700
ILC,2008-04-23,25.53,25.53,25.53,25.53,200
ILC,2008-04-24,24.78,25.18,24.78,24.78,39000
ILC,2008-04-25,24.08,24.43,24.08,24.14,26200
ILC,2008-04-28,23.38,24.6,23.38,23.44,17800
ILC,2008-04-29,23.61,23.85,22.92,22.92,15900
ILC,2008-05-05,22.57,22.57,22.57,22.57,3900
ILC,2008-05-06,21.93,21.93,21.93,21.93,2400
ILC,2008-05-07,21.29,21.29,21.29,21.29,2600
ILC,2008-05-08,20.71,20.71,20.71,20.71,500
ILC,2008-05-09,20.12,20.12,20.12,20.12,3000
ILC,2008-05-12,19.54,19.54,19.54,19.54,300
ILC,2008-05-13,18.96,18.96,18.96,18.96,500
ILC,2008-05-14,18.96,18.96,18.96,18.96,0
ILC,2008-05-15,18.44,18.44,18.44,18.44,1200
ILC,2008-05-16,17.91,17.91,17.91,17.91,8300
ILC,2008-05-19,17.39,17.39,17.39,17.39,200
ILC,2008-05-20,16.93,16.93,16.93,16.93,600
ILC,2008-05-21,16.46,16.46,16.46,16.46,500
ILC,2008-05-22,16.0,16.0,16.0,16.0,200
ILC,2008-05-23,15.53,15.53,15.53,15.53,700
ILC,2008-05-26,15.06,15.06,15.06,15.06,200
ILC,2008-05-27,14.66,14.66,14.66,14.66,1000
ILC,2008-05-28,14.25,14.25,14.25,14.25,400
ILC,2008-05-29,13.84,13.84,13.84,13.84,1900
ILC,2008-05-30,13.44,13.44,13.44,13.44,12700
ILC,2008-06-02,13.09,13.09,13.09,13.09,7800
ILC,2008-06-03,12.74,12.74,12.74,12.74,200
ILC,2008-06-04,12.39,12.39,12.39,12.39,200
ILC,2008-06-05,12.04,12.04,12.04,12.04,9100
ILC,2008-06-06,11.69,11.69,11.69,11.69,300
ILC,2008-06-09,11.34,11.34,11.34,11.34,200
ILC,2008-06-10,11.05,11.05,11.05,11.05,3100
ILC,2008-06-11,10.76,11.34,10.76,11.28,71300
ILC,2008-06-12,11.34,11.4,11.23,11.4,28500
ILC,2008-06-13,11.69,11.69,11.69,11.69,2100
ILC,2008-06-16,12.04,12.04,12.04,12.04,1600
ILC,2008-06-17,12.39,12.39,12.39,12.39,700
ILC,2008-06-18,12.74,12.74,12.04,12.04,26900
ILC,2008-06-19,11.98,11.98,11.98,11.98,2000
ILC,2008-06-20,11.52,11.52,11.52,11.52,2400
ILC,2008-06-23,11.11,11.92,11.11,11.17,63300
ILC,2008-06-24,11.17,11.57,10.93,11.46,19000
ILC,2008-06-25,11.57,11.69,11.46,11.63,53800
ILC,2008-06-26,12.1,12.1,11.17,11.34,33400
ILC,2008-06-27,11.05,11.46,10.99,11.11,28100
ILC,2008-06-30,11.11,11.46,11.11,11.46,29900
ILC,2008-07-01,11.46,11.75,11.46,11.75,15100
ILC,2008-07-02,12.1,12.1,11.63,12.1,65800
ILC,2008-07-03,12.51,12.51,12.51,12.51,7200
ILC,2008-07-04,12.97,12.97,12.97,12.97,13900
ILC,2008-07-07,13.44,13.44,12.51,12.56,71200
ILC,2008-07-08,12.62,13.67,12.62,13.38,55300
ILC,2008-07-09,13.26,13.44,12.51,13.44,44100
ILC,2008-07-10,13.9,13.9,13.67,13.9,11400
ILC,2008-07-11,14.42,14.42,14.42,14.42,3400
ILC,2008-07-14,14.95,14.95,14.95,14.95,23300
ILC,2008-07-15,15.53,15.53,15.53,15.53,1500
ILC,2008-07-16,16.11,16.11,14.95,16.11,71400
ILC,2008-07-17,16.46,16.46,16.46,16.46,4400
ILC,2008-07-18,17.1,17.1,15.82,15.88,55700
ILC,2008-07-21,15.94,16.0,15.94,15.94,16000
ILC,2008-07-22,15.36,15.36,15.36,15.36,200
ILC,2008-07-23,14.77,14.77,14.77,14.77,1400
ILC,2008-07-24,14.19,14.19,14.19,14.19,18200
ILC,2008-07-25,13.67,13.67,13.67,13.67,3100
ILC,2008-07-28,13.15,13.55,13.15,13.15,60700
ILC,2008-07-29,13.67,13.67,12.68,13.38,59100
ILC,2008-07-30,12.74,13.78,12.74,12.74,41400
ILC,2008-07-31,12.45,12.8,12.45,12.45,33600
ILC,2008-08-01,11.98,12.91,11.98,12.91,14500
ILC,2008-08-04,13.26,13.26,13.26,13.26,14200
ILC,2008-08-05,13.38,13.78,12.74,12.74,36100
ILC,2008-08-06,12.39,13.32,12.39,13.32,54900
ILC,2008-08-07,13.61,13.61,12.85,13.38,36600
ILC,2008-08-08,13.84,13.96,12.91,13.78,17900
ILC,2008-08-11,13.03,14.08,13.03,14.08,29300
ILC,2008-08-12,14.54,14.54,13.96,14.54,69400
ILC,2008-08-13,15.01,15.01,14.08,14.77,47900
ILC,2008-08-14,15.12,15.41,15.01,15.41,38200
ILC,2008-08-15,15.94,15.94,15.94,15.94,4900
ILC,2008-08-18,16.98,17.04,15.94,17.04,58200
ILC,2008-08-19,17.16,18.03,16.29,17.16,65200
ILC,2008-08-20,16.29,18.32,16.23,16.23,62400
ILC,2008-08-21,16.23,18.03,15.82,18.03,61600
ILC,2008-08-22,18.73,18.73,17.51,18.61,60600
ILC,2008-08-25,19.02,19.83,19.02,19.83,39400
ILC,2008-08-26,20.59,20.59,20.59,20.59,13000
ILC,2008-08-27,21.99,21.99,19.25,21.06,59300
ILC,2008-08-28,21.81,21.81,20.36,20.36,18600
ILC,2008-08-29,18.96,20.07,18.96,20.07,76400
ILC,2008-09-03,20.53,20.53,20.53,20.53,14800
ILC,2008-09-04,21.93,21.93,19.19,20.65,55300
ILC,2008-09-05,19.25,20.47,19.25,19.25,32200
ILC,2008-09-08,18.09,18.61,18.09,18.15,37200
ILC,2008-09-09,17.04,19.43,17.04,18.61,54000
ILC,2008-09-10,19.72,19.72,17.74,18.32,46700
ILC,2008-09-11,18.03,18.61,17.57,17.57,13900
ILC,2008-09-12,16.63,16.63,16.63,16.63,12200
ILC,2008-09-15,15.47,17.8,15.47,16.63,34200
ILC,2008-09-16,15.18,15.24,15.18,15.18,14400
ILC,2008-09-17,14.25,14.54,14.13,14.13,17800
ILC,2008-09-18,13.2,13.2,13.2,13.2,2700
ILC,2008-09-19,12.33,14.08,12.33,14.08,29200
ILC,2008-09-22,14.83,14.83,14.83,14.83,8400
ILC,2008-09-23,15.82,15.82,13.84,14.89,39900
ILC,2008-09-24,15.12,15.12,14.13,14.54,25600
ILC,2008-09-25,14.13,15.41,14.13,15.12,16400
ILC,2008-09-26,15.53,15.65,14.72,14.89,30600
ILC,2008-09-29,14.83,14.95,14.42,14.54,23500
ILC,2008-09-30,13.61,13.61,13.61,13.61,2700
ILC,2008-10-01,14.02,14.02,12.68,13.96,37100
ILC,2008-10-02,13.96,14.31,13.96,14.31,26800
ILC,2008-10-03,15.3,15.3,14.31,15.3,104300
ILC,2008-10-06,16.34,16.34,14.54,15.12,46600
ILC,2008-10-07,15.24,15.36,14.31,14.31,11900
ILC,2008-10-08,13.44,14.42,13.44,13.49,45400
ILC,2008-10-09,12.56,14.37,12.56,13.73,35400
ILC,2008-10-10,12.56,13.38,12.51,12.51,30200
ILC,2008-10-13,12.62,12.8,11.87,12.21,9800
ILC,2008-10-14,13.03,13.03,13.03,13.03,2000
ILC,2008-10-15,13.9,13.9,13.09,13.84,28000
ILC,2008-10-16,12.8,12.8,12.56,12.8,33200
ILC,2008-10-17,13.32,13.38,12.85,13.15,8100
ILC,2008-10-20,13.32,13.32,12.56,12.56,9100
ILC,2008-10-21,13.73,13.73,12.68,12.8,19400
ILC,2008-10-22,11.92,12.8,11.92,12.27,4200
ILC,2008-10-23,11.63,11.63,11.46,11.46,11800
ILC,2008-10-24,10.88,11.05,10.76,10.88,30500
ILC,2008-10-27,10.18,10.24,10.18,10.18,20600
ILC,2008-10-28,9.48,9.89,9.48,9.48,60800
ILC,2008-10-29,10.12,10.12,9.66,10.12,56500
ILC,2008-10-30,9.89,10.64,9.89,10.47,7500
ILC,2008-10-31,11.05,11.05,10.47,11.05,34300
ILC,2008-11-03,10.7,10.7,10.18,10.24,15000
ILC,2008-11-04,10.41,11.17,10.41,11.17,25700
ILC,2008-11-05,11.63,11.63,11.63,11.63,33500
ILC,2008-11-06,11.63,11.81,10.82,11.05,27100
ILC,2008-11-07,10.64,10.64,10.53,10.53,19700
ILC,2008-11-10,10.76,10.76,10.53,10.76,6900
ILC,2008-11-11,9.89,10.24,9.89,10.0,21200
ILC,2008-11-12,9.42,10.41,9.42,10.35,8600
ILC,2008-11-13,10.0,10.47,9.77,10.47,11100
ILC,2008-11-14,10.47,10.88,10.47,10.64,11200
ILC,2008-11-17,9.83,10.76,9.83,10.06,2800
ILC,2008-11-18,10.47,10.47,10.47,10.47,200
ILC,2008-11-19,10.47,10.59,10.12,10.12,6000
ILC,2008-11-20,9.71,9.89,9.71,9.89,4500
ILC,2008-11-21,9.6,9.71,9.31,9.66,2900
ILC,2008-11-24,9.66,9.89,9.31,9.6,23900
ILC,2008-11-25,9.95,9.95,9.31,9.42,9900
ILC,2008-11-26,9.31,9.31,9.19,9.31,10000
ILC,2008-11-27,9.31,9.42,9.25,9.25,9500
ILC,2008-11-28,9.19,9.89,9.19,9.89,29600
ILC,2008-12-01,9.31,9.31,9.25,9.31,7500
ILC,2008-12-02,9.31,9.31,9.07,9.19,4400
ILC,2008-12-03,9.19,9.19,9.02,9.02,5100
ILC,2008-12-04,9.66,9.66,9.31,9.31,3900
ILC,2008-12-05,8.96,8.96,8.72,8.96,5400
ILC,2008-12-08,8.72,8.72,8.26,8.26,20000
ILC,2008-12-09,8.43,8.43,8.08,8.14,7100
ILC,2008-12-10,7.79,7.85,7.62,7.68,16600
ILC,2008-12-11,7.85,7.85,7.56,7.56,3600
ILC,2008-12-12,7.68,8.14,7.68,8.14,18600
ILC,2008-12-15,8.43,8.43,8.14,8.38,10300
ILC,2008-12-16,7.79,7.91,7.79,7.79,14200
ILC,2008-12-17,7.74,8.08,7.68,8.08,900
ILC,2008-12-18,7.68,7.74,7.62,7.68,4600
ILC,2008-12-19,7.56,7.85,7.56,7.85,3300
ILC,2008-12-22,7.74,8.2,7.74,8.14,10300
ILC,2008-12-23,7.91,8.14,7.91,7.97,7100
ILC,2008-12-24,8.14,8.14,7.85,8.08,4300
ILC,2008-12-25,8.08,8.08,7.74,7.74,3800
ILC,2008-12-26,8.38,8.38,8.08,8.14,13000
ILC,2008-12-29,8.2,8.2,7.85,8.14,5400
ILC,2008-12-30,8.2,8.2,8.2,8.2,800
ILC,2008-12-31,8.14,8.14,7.74,7.74,600
ILC,2009-01-02,8.14,8.14,7.85,7.85,2000
ILC,2009-01-05,8.08,8.43,8.08,8.14,6500
ILC,2009-01-06,8.14,8.55,8.14,8.55,5500
ILC,2009-01-07,9.02,9.02,8.9,9.02,14300
ILC,2009-01-08,9.02,9.02,9.02,9.02,0
ILC,2009-01-09,8.49,8.49,8.49,8.49,2500
ILC,2009-01-12,7.91,8.96,7.91,8.96,11300
ILC,2009-01-13,8.55,8.61,8.43,8.55,5600
ILC,2009-01-14,9.02,9.02,9.02,9.02,100
ILC,2009-01-15,8.43,8.43,8.43,8.43,7000
ILC,2009-01-16,8.43,8.72,8.43,8.72,6200
ILC,2009-01-19,9.13,9.13,8.26,8.38,3300
ILC,2009-01-20,8.26,8.26,8.26,8.26,700
ILC,2009-01-21,8.26,8.26,8.26,8.26,1000
ILC,2009-01-22,8.2,8.2,7.85,7.85,500
ILC,2009-01-23,8.49,8.49,8.14,8.14,1100
ILC,2009-02-02,8.72,8.72,8.43,8.43,6600
ILC,2009-02-03,8.14,8.14,8.03,8.03,1700
ILC,2009-02-04,8.03,8.03,8.03,8.03,0
ILC,2009-02-05,7.85,7.85,7.85,7.85,1000
ILC,2009-02-06,7.85,8.2,7.85,7.85,9800
ILC,2009-02-09,7.85,7.85,7.85,7.85,0
ILC,2009-02-10,7.44,8.14,7.44,7.85,6500
ILC,2009-02-11,7.62,7.85,7.62,7.68,7800
ILC,2009-02-12,7.79,7.79,7.74,7.79,3100
ILC,2009-02-13,7.79,7.79,7.79,7.79,0
ILC,2009-02-16,7.74,7.74,7.56,7.56,3800
ILC,2009-02-17,7.56,7.56,7.39,7.56,4300
ILC,2009-02-18,7.44,7.44,7.39,7.39,700
ILC,2009-02-19,7.85,7.85,7.44,7.85,1200
ILC,2009-02-20,7.44,7.44,7.1,7.1,3200
ILC,2009-02-23,7.27,7.27,6.86,7.21,11500
ILC,2009-02-24,6.98,7.1,6.98,6.98,3100
ILC,2009-02-25,7.21,7.5,7.21,7.5,4200
ILC,2009-02-26,7.79,7.79,7.27,7.56,3600
ILC,2009-02-27,7.27,7.56,7.27,7.56,5300
ILC,2009-03-02,7.44,7.44,7.27,7.33,1000
ILC,2009-03-03,7.39,7.5,7.15,7.5,2700
ILC,2009-03-04,7.39,7.39,7.27,7.33,6200
ILC,2009-03-05,7.39,7.5,7.39,7.5,300
ILC,2009-03-06,7.56,7.68,7.5,7.68,13200
ILC,2009-03-09,7.97,8.14,7.97,8.14,3100
ILC,2009-03-10,8.14,8.2,8.14,8.2,12100
ILC,2009-03-11,8.14,8.61,8.14,8.55,6300
ILC,2009-03-12,8.49,8.49,7.85,7.85,11600
ILC,2009-03-13,8.14,8.14,8.08,8.08,10000
ILC,2009-03-16,8.08,8.08,8.08,8.08,2200
ILC,2009-03-17,8.08,8.26,7.56,8.26,8100
ILC,2009-03-18,8.2,8.49,8.14,8.49,17600
ILC,2009-03-19,8.43,8.61,8.14,8.14,9000
ILC,2009-03-20,7.91,7.91,7.79,7.79,600
ILC,2009-03-23,8.14,8.14,7.27,7.27,3600
ILC,2009-03-24,8.14,8.2,8.03,8.03,5200
ILC,2009-03-25,8.03,8.03,8.03,8.03,0
ILC,2009-03-26,8.14,8.14,8.14,8.14,500
ILC,2009-03-27,8.08,8.08,7.62,7.62,6300
ILC,2009-03-30,7.21,7.39,7.21,7.27,3900
ILC,2009-03-31,7.15,7.27,6.92,7.15,13000
ILC,2009-04-01,7.04,7.21,6.81,7.15,6600
ILC,2009-04-02,7.21,7.44,7.21,7.44,16400
ILC,2009-04-03,7.79,7.79,7.74,7.79,20100
ILC,2009-04-07,8.32,8.32,7.27,8.32,60200
ILC,2009-04-08,7.85,8.14,7.74,7.85,12600
ILC,2009-04-09,7.91,8.14,7.74,7.74,12300
ILC,2009-04-10,8.03,8.38,8.03,8.38,35100
ILC,2009-04-13,8.67,8.9,8.55,8.9,27000
ILC,2009-04-14,9.31,9.31,8.49,8.55,14800
ILC,2009-04-15,8.2,8.26,8.14,8.14,12100
ILC,2009-04-16,7.91,8.14,7.68,8.14,12800
ILC,2009-04-17,8.2,8.2,7.68,7.79,15400
ILC,2009-04-20,7.44,7.44,7.33,7.33,12800
ILC,2009-04-21,6.92,7.27,6.92,7.27,30200
ILC,2009-04-22,7.44,7.44,7.04,7.44,15400
ILC,2009-04-23,7.56,7.62,7.39,7.44,7800
ILC,2009-04-24,7.27,7.33,7.15,7.33,4500
ILC,2009-04-27,6.98,7.04,6.98,7.04,2500
ILC,2009-04-28,6.98,7.33,6.98,7.33,15200
ILC,2009-04-29,6.81,7.39,6.81,7.39,4200
ILC,2009-05-04,7.56,7.68,7.56,7.68,12400
ILC,2009-05-05,8.2,8.2,7.74,7.74,26700
ILC,2009-05-06,7.62,7.62,7.62,7.62,5100
ILC,2009-05-07,7.44,7.68,7.44,7.68,10000
ILC,2009-05-08,7.44,7.44,7.27,7.44,7600
ILC,2009-05-11,7.68,7.68,7.27,7.39,2500
ILC,2009-05-12,7.15,7.5,7.1,7.5,6000
ILC,2009-05-13,7.44,7.79,7.27,7.79,33000
ILC,2009-05-14,7.44,7.85,7.44,7.85,4500
ILC,2009-05-15,8.14,8.14,7.39,7.91,9500
ILC,2009-05-18,7.91,8.08,7.79,7.91,14500
ILC,2009-05-19,8.14,8.43,8.14,8.43,100600
ILC,2009-05-20,8.9,8.9,8.9,8.9,59000
ILC,2009-05-21,9.48,9.48,9.31,9.48,79100
ILC,2009-05-22,10.12,10.12,9.89,10.12,152000
ILC,2009-05-25,10.76,10.82,10.0,10.82,94500
ILC,2009-05-26,11.28,11.28,10.06,10.12,53800
ILC,2009-05-27,10.53,10.53,9.71,9.77,45000
ILC,2009-05-28,9.19,9.31,9.19,9.19,50400
ILC,2009-05-29,8.96,9.02,8.84,8.9,11900
ILC,2009-06-01,9.42,9.48,9.42,9.48,3500
ILC,2009-06-02,10.12,10.12,10.12,10.12,6300
ILC,2009-06-03,10.82,10.82,10.12,10.64,46300
ILC,2009-06-04,10.93,10.93,10.47,10.76,40900
ILC,2009-06-05,11.46,11.46,11.46,11.46,36000
ILC,2009-06-08,12.21,12.21,12.16,12.21,89500
ILC,2009-06-09,12.21,13.03,11.46,12.8,83800
ILC,2009-06-10,12.21,12.21,11.92,11.92,18500
ILC,2009-06-11,11.34,12.45,11.34,11.92,72900
ILC,2009-06-12,12.21,12.8,11.23,11.28,62600
ILC,2009-06-15,11.11,11.17,10.88,10.88,14600
ILC,2009-06-16,10.18,10.18,10.12,10.12,8700
ILC,2009-06-17,9.42,10.06,9.42,9.89,50700
ILC,2009-06-18,10.12,10.12,9.6,9.95,25300
ILC,2009-06-19,9.95,10.0,9.25,9.25,59000
ILC,2009-06-22,9.42,9.42,9.02,9.42,17100
ILC,2009-06-23,8.72,9.02,8.55,8.72,55100
ILC,2009-06-24,9.19,9.19,9.19,9.19,7500
ILC,2009-06-25,9.77,9.77,9.31,9.6,19300
ILC,2009-06-26,9.13,9.77,9.13,9.77,1500
ILC,2009-06-29,9.83,9.83,9.13,9.13,1200
ILC,2009-06-30,9.25,9.31,9.07,9.13,15800
ILC,2009-07-01,9.6,9.6,8.61,8.72,9800
ILC,2009-07-02,8.72,8.72,8.72,8.72,1400
ILC,2009-07-03,9.13,9.31,8.72,9.31,4100
ILC,2009-07-06,9.31,9.66,9.07,9.66,9600
ILC,2009-07-07,9.89,9.89,9.66,9.66,700
ILC,2009-07-08,9.66,9.66,9.66,9.66,1000
ILC,2009-07-09,9.07,9.31,9.02,9.07,11400
ILC,2009-07-10,8.96,8.96,8.61,8.84,26000
ILC,2009-07-13,9.02,9.25,9.02,9.25,1100
ILC,2009-07-14,9.02,9.02,8.72,8.72,11300
ILC,2009-07-15,9.25,9.25,9.25,9.25,100
ILC,2009-07-16,9.48,9.48,9.25,9.25,4200
ILC,2009-07-17,9.31,9.31,8.72,8.72,4200
ILC,2009-07-20,8.78,8.78,8.72,8.72,7200
ILC,2009-07-21,9.25,9.25,9.02,9.02,1100
ILC,2009-07-22,9.31,9.31,8.78,9.25,1200
ILC,2009-07-23,8.49,9.13,8.49,9.13,4400
ILC,2009-07-24,9.36,9.42,9.36,9.42,45500
ILC,2009-07-27,10.06,10.06,9.42,9.6,7400
ILC,2009-07-28,9.42,9.71,9.02,9.42,1600
ILC,2009-07-29,9.48,9.48,8.96,9.02,2500
ILC,2009-07-30,9.42,9.42,8.84,8.84,2300
ILC,2009-07-31,9.13,9.36,9.13,9.36,6100
ILC,2009-08-03,9.02,9.07,9.02,9.02,3300
ILC,2009-08-04,9.48,9.48,8.96,9.19,1900
ILC,2009-08-05,9.31,9.31,9.02,9.07,1400
ILC,2009-08-06,9.31,9.66,9.31,9.54,22400
ILC,2009-08-07,9.48,9.48,9.48,9.48,100
ILC,2009-08-10,9.48,9.48,9.31,9.42,3800
ILC,2009-08-11,9.48,9.54,9.31,9.42,9000
ILC,2009-08-12,9.36,9.66,9.36,9.66,200
ILC,2009-08-13,9.89,10.0,9.31,9.54,10200
ILC,2009-08-14,9.36,9.42,9.31,9.31,7600
ILC,2009-08-17,9.31,9.36,9.31,9.31,11800
ILC,2009-08-18,9.25,9.36,9.19,9.36,400
ILC,2009-08-19,9.31,9.54,9.31,9.54,6500
ILC,2009-08-20,9.54,10.0,9.36,10.0,17500
ILC,2009-08-21,10.0,10.18,9.77,9.89,47600
ILC,2009-08-24,10.76,10.82,10.59,10.59,46400
ILC,2009-08-25,10.64,10.7,10.18,10.47,10900
ILC,2009-08-26,10.59,11.17,10.18,10.47,9400
ILC,2009-08-27,10.53,10.53,10.18,10.18,27800
ILC,2009-08-28,10.47,10.47,9.89,10.18,44700
ILC,2009-08-31,10.24,10.82,10.24,10.76,28400
ILC,2009-09-01,11.05,11.05,10.06,10.06,6600
ILC,2009-09-03,10.18,10.7,10.0,10.47,21600
ILC,2009-09-04,10.41,10.47,10.18,10.18,44800
ILC,2009-09-07,10.0,10.24,9.77,9.95,29200
ILC,2009-09-08,9.95,10.41,9.95,10.18,40000
ILC,2009-09-09,10.18,10.24,10.0,10.06,13400
ILC,2009-09-10,10.18,10.47,10.06,10.06,6500
ILC,2009-09-11,10.24,10.53,10.24,10.3,18800
ILC,2009-09-14,10.47,10.64,10.18,10.41,39500
ILC,2009-09-15,10.47,10.47,10.24,10.24,26600
ILC,2009-09-16,10.47,11.05,10.41,11.05,72400
ILC,2009-09-17,11.63,11.63,11.57,11.63,114700
ILC,2009-09-18,12.45,12.45,11.63,12.45,73500
ILC,2009-09-21,11.63,12.51,11.63,11.92,37600
ILC,2009-09-22,12.1,12.16,11.34,11.4,83900
ILC,2009-09-23,11.92,12.33,11.92,12.04,87500
ILC,2009-09-24,12.21,13.15,12.21,13.15,120900
ILC,2009-09-25,13.84,13.96,13.78,13.96,126400
ILC,2009-09-28,14.89,14.89,13.09,13.9,63600
ILC,2009-09-29,13.67,13.84,12.91,13.03,55500
ILC,2009-09-30,13.32,13.67,12.8,13.67,112400
ILC,2009-10-01,13.49,14.08,13.49,14.08,150500
ILC,2009-10-02,13.96,13.96,13.09,13.96,71200
ILC,2009-10-05,13.38,14.6,13.38,13.67,36400
ILC,2009-10-06,14.02,14.25,13.67,13.67,14700
ILC,2009-10-07,13.38,14.89,13.38,14.89,109100
ILC,2009-10-08,15.12,15.12,14.31,14.83,33900
ILC,2009-10-09,15.01,15.53,14.54,15.53,108700
ILC,2009-10-12,15.7,16.29,15.7,16.29,58400
ILC,2009-10-13,17.33,17.33,16.23,16.58,45700
ILC,2009-10-14,15.7,16.75,15.7,16.05,31500
ILC,2009-10-15,16.58,16.87,16.29,16.34,94000
ILC,2009-10-16,16.52,16.52,15.59,15.59,46200
ILC,2009-10-19,15.18,15.7,14.95,15.18,43900
ILC,2009-10-20,15.47,16.29,15.41,16.29,112000
ILC,2009-10-21,16.58,16.58,16.05,16.4,118200
ILC,2009-10-22,16.58,16.58,15.7,15.76,21800
ILC,2009-10-23,16.23,16.29,14.89,14.89,99800
ILC,2009-10-26,15.7,16.46,15.7,16.46,223500
ILC,2009-10-27,17.51,17.51,16.58,17.51,251600
ILC,2009-10-28,18.38,18.55,18.03,18.55,105500
ILC,2009-10-29,19.83,19.83,17.27,17.45,120000
ILC,2009-10-30,17.86,18.61,16.63,16.63,109300
ILC,2009-11-02,15.94,16.17,15.94,15.94,41500
ILC,2009-11-03,14.83,15.12,14.83,14.83,44700
ILC,2009-11-04,13.9,15.06,13.9,14.19,120800
ILC,2009-11-05,14.95,14.95,14.54,14.95,45800
ILC,2009-11-06,14.42,14.54,13.96,14.02,22600
ILC,2009-11-09,13.49,13.49,13.38,13.38,30600
ILC,2009-11-10,13.38,13.38,12.51,12.85,22800
ILC,2009-11-11,12.8,13.67,12.8,13.67,15900
ILC,2009-11-12,13.84,14.37,13.67,14.37,16100
ILC,2009-11-13,13.38,14.19,13.38,13.44,18400
ILC,2009-11-16,14.25,14.54,13.73,13.96,41900
ILC,2009-11-17,14.08,14.08,13.73,14.02,13900
ILC,2009-11-18,13.96,14.25,13.9,13.96,35200
ILC,2009-11-19,14.37,14.54,13.96,14.08,27200
ILC,2009-11-20,14.19,14.37,13.78,14.02,22600
ILC,2009-11-23,13.38,14.08,13.38,13.44,14300
ILC,2009-11-24,13.67,13.67,12.74,12.85,34000
ILC,2009-11-25,12.8,12.8,11.98,11.98,22000
ILC,2009-11-26,11.34,11.34,11.34,11.34,34100
ILC,2009-11-27,10.59,11.63,10.59,10.7,35700
ILC,2009-11-30,10.7,11.4,10.64,10.82,49300
ILC,2009-12-01,10.99,11.4,10.99,11.05,71500
ILC,2009-12-02,10.53,10.82,10.3,10.47,16700
ILC,2009-12-03,10.47,10.64,10.06,10.64,12700
ILC,2009-12-04,10.47,10.47,10.12,10.3,27200
ILC,2009-12-07,10.47,10.47,10.18,10.18,1300
ILC,2009-12-08,10.24,10.35,10.06,10.18,19200
ILC,2009-12-09,9.89,9.89,9.6,9.77,30600
ILC,2009-12-10,9.31,9.31,9.25,9.25,13900
ILC,2009-12-11,8.67,8.84,8.67,8.67,36000
ILC,2009-12-14,9.31,9.31,8.78,9.31,4100
ILC,2009-12-15,8.9,9.6,8.9,9.54,4900
ILC,2009-12-16,9.02,9.02,8.72,9.02,7600
ILC,2009-12-17,8.72,8.96,8.72,8.96,10600
ILC,2009-12-18,9.31,9.36,8.78,9.36,6400
ILC,2009-12-21,9.83,9.89,9.83,9.89,11700
ILC,2009-12-22,10.53,10.53,9.89,9.89,15300
ILC,2009-12-23,9.89,9.95,9.89,9.89,2600
ILC,2009-12-24,9.77,10.24,9.71,10.24,16200
ILC,2009-12-25,10.47,10.59,10.47,10.59,24400
ILC,2009-12-28,11.05,11.05,11.05,11.05,100
ILC,2009-12-29,10.47,10.47,10.47,10.47,1800
ILC,2009-12-30,9.89,10.47,9.89,10.35,4900
ILC,2009-12-31,10.64,10.99,10.18,10.18,20800
ILC,2010-01-04,11.05,11.34,11.05,11.34,44000
ILC,2010-01-05,11.98,11.98,11.63,11.98,50100
ILC,2010-01-06,11.63,12.21,11.63,11.98,20900
ILC,2010-01-07,12.85,12.85,12.85,12.85,18100
ILC,2010-01-08,13.73,13.73,12.21,12.27,77900
ILC,2010-01-11,12.33,12.45,12.33,12.33,17800
ILC,2010-01-12,11.57,12.21,11.52,11.52,12700
ILC,2010-01-13,10.76,11.52,10.76,11.52,35300
ILC,2010-01-14,11.69,11.69,11.05,11.05,1200
ILC,2010-01-15,12.1,12.1,11.05,11.17,6100
ILC,2010-01-18,10.7,10.7,10.7,10.7,1000
ILC,2010-01-19,10.7,10.82,10.7,10.7,3500
ILC,2010-01-20,10.12,10.3,10.12,10.24,7500
ILC,2010-01-21,9.6,9.66,9.54,9.66,8200
ILC,2010-01-22,9.31,9.89,9.31,9.83,7900
ILC,2010-01-25,10.35,10.35,10.35,10.35,200
ILC,2010-01-26,11.05,11.05,10.99,11.05,18100
ILC,2010-01-27,11.4,11.4,10.3,10.35,10100
ILC,2010-01-28,10.06,10.12,10.06,10.06,40100
ILC,2010-01-29,10.06,10.18,10.06,10.18,2600
ILC,2010-02-01,9.48,10.47,9.48,10.47,200
ILC,2010-02-02,9.89,10.12,9.89,10.06,15500
ILC,2010-02-03,9.89,10.0,9.89,10.0,9700
ILC,2010-02-04,10.06,10.53,10.06,10.53,16600
ILC,2010-02-05,10.0,10.18,9.89,10.18,5200
ILC,2010-02-08,10.47,10.47,9.89,9.89,2100
ILC,2010-02-09,9.95,9.95,9.95,9.95,3400
ILC,2010-02-10,10.0,10.0,10.0,10.0,1500
ILC,2010-02-11,10.18,10.18,10.18,10.18,900
ILC,2010-02-12,10.18,10.18,10.18,10.18,0
ILC,2010-02-22,10.47,10.47,10.47,10.47,1200
ILC,2010-02-23,10.18,10.18,10.18,10.18,1000
ILC,2010-02-24,9.95,10.3,9.95,10.3,200
ILC,2010-02-25,9.95,10.82,9.95,10.82,5900
ILC,2010-02-26,10.76,10.76,10.24,10.47,11800
ILC,2010-03-01,10.0,10.47,10.0,10.47,4200
ILC,2010-03-02,10.99,10.99,10.41,10.76,4500
ILC,2010-03-03,10.76,10.88,10.76,10.88,2300
ILC,2010-03-04,10.76,11.46,10.76,10.76,8200
ILC,2010-03-05,11.11,11.17,10.47,11.17,11300
ILC,2010-03-08,11.75,11.75,11.57,11.75,37300
ILC,2010-03-09,12.56,12.56,11.34,12.1,10400
ILC,2010-03-10,12.56,12.56,11.4,11.4,5100
ILC,2010-03-11,11.34,11.4,11.34,11.4,5100
ILC,2010-03-12,11.98,11.98,11.34,11.92,3600
ILC,2010-03-15,11.92,12.21,11.69,11.92,35100
ILC,2010-03-16,11.23,11.34,11.17,11.17,7800
ILC,2010-03-17,11.98,11.98,11.05,11.05,7300
ILC,2010-03-18,11.34,11.34,11.34,11.34,400
ILC,2010-03-19,11.87,12.1,11.34,11.63,15200
ILC,2010-03-22,12.07,12.25,11.76,11.76,5200
ILC,2010-03-23,12.19,12.19,12.19,12.19,100
ILC,2010-03-24,11.45,11.51,11.39,11.51,1200
ILC,2010-03-25,12.07,12.07,11.08,11.45,3100
ILC,2010-03-26,11.94,11.94,10.46,11.45,3300
ILC,2010-03-29,11.45,11.45,10.7,10.7,600
ILC,2010-03-30,11.45,11.45,11.45,11.45,100
ILC,2010-03-31,11.2,11.2,11.01,11.01,2300
ILC,2010-04-01,11.01,11.01,11.01,11.01,0
ILC,2010-04-02,11.45,11.45,11.45,11.45,100
ILC,2010-04-05,10.77,11.14,10.77,11.14,400
ILC,2010-04-06,11.14,11.2,11.14,11.14,1900
ILC,2010-04-07,11.51,11.51,11.51,11.51,100
ILC,2010-04-08,11.76,11.76,11.14,11.14,3000
ILC,2010-04-09,11.76,12.19,10.83,12.0,18200
ILC,2010-04-12,11.2,11.26,11.2,11.26,1300
ILC,2010-04-13,11.14,11.45,11.14,11.45,5100
ILC,2010-04-14,11.45,11.57,11.45,11.51,6600
ILC,2010-04-15,11.26,11.32,11.26,11.32,7500
ILC,2010-04-16,11.51,12.0,11.32,12.0,34500
ILC,2010-04-19,12.62,12.62,12.62,12.62,17400
ILC,2010-04-20,13.49,13.49,13.49,13.49,16600
ILC,2010-04-21,14.42,14.42,14.23,14.42,201800
ILC,2010-04-22,15.41,15.41,15.41,15.41,103000
ILC,2010-04-26,16.46,16.46,16.09,16.27,245100
ILC,2010-04-27,16.09,17.33,15.47,16.46,46600
ILC,2010-04-28,15.65,17.26,15.47,16.52,131700
ILC,2010-04-29,16.71,17.39,15.59,17.02,75700
ILC,2010-05-04,16.52,16.52,15.41,15.78,67800
ILC,2010-05-05,15.16,16.03,14.91,16.03,86200
ILC,2010-05-06,14.36,16.27,14.23,16.27,71700
ILC,2010-05-07,16.27,17.33,15.78,16.89,132800
ILC,2010-05-10,17.88,17.88,15.96,16.46,49300
ILC,2010-05-11,17.02,17.02,16.15,16.15,17700
ILC,2010-05-12,15.47,15.47,15.16,15.16,43200
ILC,2010-05-13,15.16,15.22,14.17,14.17,38900
ILC,2010-05-14,13.37,13.55,13.37,13.55,55000
ILC,2010-05-17,13.37,14.23,12.56,12.56,31800
ILC,2010-05-18,12.56,12.56,11.94,12.0,33600
ILC,2010-05-19,11.51,11.76,11.39,11.51,37000
ILC,2010-05-20,11.69,12.19,11.63,12.19,23000
ILC,2010-05-21,11.45,12.0,11.32,11.32,35800
ILC,2010-05-24,12.07,12.19,12.07,12.19,2400
ILC,2010-05-25,11.88,12.87,11.88,12.87,6700
ILC,2010-05-26,12.38,13.12,12.38,12.99,23600
ILC,2010-05-27,12.68,12.75,12.56,12.56,22500
ILC,2010-05-28,12.38,13.49,12.38,13.43,26500
ILC,2010-05-31,14.23,14.23,14.23,14.23,100
ILC,2010-06-01,13.24,14.11,13.24,13.24,29600
ILC,2010-06-02,14.11,14.11,12.38,13.43,6400
ILC,2010-06-03,12.38,13.3,12.38,12.56,3200
ILC,2010-06-04,12.07,12.99,12.07,12.99,3400
ILC,2010-06-07,11.88,12.38,11.88,12.0,3700
ILC,2010-06-08,11.69,11.69,11.69,11.69,2200
ILC,2010-06-09,12.38,12.38,11.51,11.51,8000
ILC,2010-06-10,11.94,12.56,11.94,12.56,4400
ILC,2010-06-11,12.38,12.38,11.76,11.76,5600
ILC,2010-06-14,12.93,12.99,12.93,12.99,3600
ILC,2010-06-15,12.38,12.38,12.38,12.38,500
ILC,2010-06-16,12.68,12.68,12.68,12.68,100
ILC,2010-06-17,13.18,13.18,13.18,13.18,100
ILC,2010-06-18,13.18,13.18,13.18,13.18,0
ILC,2010-06-21,13.18,13.18,12.31,12.38,13300
ILC,2010-06-22,12.38,12.38,12.07,12.07,7000
ILC,2010-06-23,12.31,12.31,12.31,12.31,1000
ILC,2010-06-24,12.13,12.13,12.13,12.13,3000
ILC,2010-06-25,11.94,12.07,11.94,12.07,5000
ILC,2010-06-28,12.62,12.62,11.76,11.76,4200
ILC,2010-06-29,12.62,12.62,12.38,12.62,3500
ILC,2010-06-30,11.76,13.12,11.76,12.81,4700
ILC,2010-07-01,12.07,12.07,12.07,12.07,7200
ILC,2010-07-02,12.07,12.07,11.76,11.76,1000
ILC,2010-07-05,12.62,12.62,12.62,12.62,6000
ILC,2010-07-06,11.76,12.56,11.76,12.56,200
ILC,2010-07-07,12.38,12.38,11.88,11.88,1100
ILC,2010-07-08,12.0,12.07,11.76,11.76,3200
ILC,2010-07-09,12.5,12.5,11.82,11.82,4900
ILC,2010-07-12,12.62,12.62,12.07,12.56,4600
ILC,2010-07-13,12.87,12.87,12.38,12.56,8800
ILC,2010-07-14,12.62,12.62,12.38,12.62,7400
ILC,2010-07-15,12.07,12.56,12.07,12.56,4000
ILC,2010-07-16,12.38,12.38,12.07,12.07,2100
ILC,2010-07-19,12.38,12.38,11.76,11.76,7500
ILC,2010-07-20,11.76,11.76,11.57,11.76,8000
ILC,2010-07-21,11.76,12.25,11.76,12.25,3600
ILC,2010-07-22,12.68,12.93,12.62,12.93,16100
ILC,2010-07-23,13.67,13.67,13.61,13.67,16200
ILC,2010-07-26,14.6,14.6,12.75,13.12,16500
ILC,2010-07-27,13.74,13.74,12.99,13.24,12500
ILC,2010-07-28,13.06,13.06,12.38,12.99,60100
ILC,2010-07-29,12.99,13.3,12.99,13.12,42500
ILC,2010-07-30,13.06,13.06,12.68,12.99,10900
ILC,2010-08-02,12.75,12.75,12.75,12.75,900
ILC,2010-08-03,12.87,13.24,12.87,13.24,5000
ILC,2010-08-04,13.24,13.37,12.99,13.3,23700
ILC,2010-08-05,12.99,12.99,12.68,12.68,1700
ILC,2010-08-06,13.3,13.3,13.3,13.3,1000
ILC,2010-08-09,13.3,13.3,13.3,13.3,0
ILC,2010-08-10,13.12,13.12,12.38,12.38,5400
ILC,2010-08-11,12.93,12.93,12.87,12.87,1100
ILC,2010-08-12,12.07,12.07,12.07,12.07,100
ILC,2010-08-13,11.51,11.63,11.45,11.63,2700
ILC,2010-08-16,12.0,12.31,12.0,12.31,7600
ILC,2010-08-17,12.81,12.81,12.81,12.81,100
ILC,2010-08-18,12.81,12.81,12.81,12.81,0
ILC,2010-08-19,11.94,12.56,11.94,11.94,2200
ILC,2010-08-20,11.26,11.45,11.2,11.2,7900
ILC,2010-08-23,11.82,11.82,11.82,11.82,100
ILC,2010-08-24,12.13,12.13,11.01,11.08,3600
ILC,2010-08-25,11.82,11.82,10.33,10.33,4800
ILC,2010-08-26,9.96,10.21,9.96,10.21,300
ILC,2010-08-27,9.9,10.77,9.9,10.52,2400
ILC,2010-08-30,10.95,11.01,10.95,11.01,4600
ILC,2010-08-31,11.01,11.01,11.01,11.01,500
ILC,2010-09-01,11.01,11.14,11.01,11.14,1500
ILC,2010-09-06,11.2,11.82,11.14,11.45,4300
ILC,2010-09-07,11.2,11.2,11.14,11.14,2000
ILC,2010-09-08,10.83,10.83,10.83,10.83,4000
ILC,2010-09-09,11.14,11.14,11.08,11.14,5000
ILC,2010-09-10,11.51,11.51,10.4,10.4,6000
ILC,2010-09-13,10.58,10.58,10.58,10.58,200
ILC,2010-09-14,11.14,11.14,11.14,11.14,1000
ILC,2010-09-15,11.69,11.69,11.69,11.69,300
ILC,2010-09-16,12.38,12.38,12.38,12.38,200
ILC,2010-09-17,12.07,12.07,12.07,12.07,500
ILC,2010-09-20,12.68,12.68,11.94,11.94,5300
ILC,2010-09-21,11.45,11.76,11.45,11.76,3000
ILC,2010-09-22,11.69,11.69,11.69,11.69,100
ILC,2010-09-23,12.38,12.38,11.14,11.26,2700
ILC,2010-09-24,11.82,11.82,11.82,11.82,100
ILC,2010-09-27,11.2,11.2,11.2,11.2,2600
ILC,2010-09-28,11.2,11.2,11.2,11.2,0
ILC,2010-09-29,11.76,11.76,10.46,10.46,1500
ILC,2010-09-30,11.39,11.39,11.39,11.39,100
ILC,2010-10-01,10.95,11.01,10.95,11.01,2300
ILC,2010-10-04,10.95,10.95,10.95,10.95,500
ILC,2010-10-05,11.14,11.14,11.14,11.14,100
ILC,2010-10-06,11.08,11.08,11.08,11.08,3300
ILC,2010-10-07,10.58,10.58,10.58,10.58,1000
ILC,2010-10-08,10.58,10.58,10.58,10.58,100
ILC,2010-10-11,10.58,10.58,10.58,10.58,0
ILC,2010-10-12,10.64,10.64,10.64,10.64,1000
ILC,2010-10-13,10.64,10.64,10.64,10.64,0
ILC,2010-10-14,10.64,10.64,10.64,10.64,0
ILC,2010-10-15,10.64,10.64,10.64,10.64,0
ILC,2010-10-18,10.64,10.64,10.64,10.64,0
ILC,2010-10-19,10.64,10.64,10.64,10.64,0
ILC,2010-10-20,10.64,10.64,10.64,10.64,0
ILC,2010-10-21,11.39,11.39,11.39,11.39,100
ILC,2010-10-22,11.14,11.14,11.14,11.14,100
ILC,2010-10-25,10.46,10.46,10.4,10.4,3500
ILC,2010-10-26,11.08,11.08,11.08,11.08,100
ILC,2010-10-27,11.08,11.08,11.08,11.08,0
ILC,2010-10-28,11.08,11.08,11.08,11.08,0
ILC,2010-10-29,10.83,10.83,10.83,10.83,2000
ILC,2010-11-01,10.52,10.52,10.52,10.52,2200
ILC,2010-11-02,11.14,11.14,10.21,10.52,5100
ILC,2010-11-03,10.52,10.52,10.52,10.52,0
ILC,2010-11-04,10.52,10.52,10.52,10.52,0
ILC,2010-11-05,10.52,10.52,10.52,10.52,0
ILC,2010-11-08,10.52,10.52,10.52,10.52,900
ILC,2010-11-09,10.09,10.09,10.02,10.02,4200
ILC,2010-11-10,10.7,10.7,9.84,9.84,600
ILC,2010-11-11,9.84,10.46,9.84,9.96,2200
ILC,2010-11-12,10.58,10.58,9.34,9.34,22600
ILC,2010-11-15,9.34,9.34,9.34,9.34,400
ILC,2010-11-16,9.84,9.84,9.84,9.84,100
ILC,2010-11-17,10.52,10.52,9.84,9.9,1800
ILC,2010-11-18,9.28,9.59,9.22,9.22,10700
ILC,2010-11-19,9.9,9.9,9.9,9.9,100
ILC,2010-11-22,9.22,9.22,9.22,9.22,4700
ILC,2010-11-23,8.6,8.66,8.6,8.6,18000
ILC,2010-11-24,8.42,8.6,8.35,8.6,5000
ILC,2010-11-25,8.97,9.03,8.97,9.03,600
ILC,2010-11-26,8.6,8.66,8.35,8.35,9100
ILC,2010-11-29,8.97,8.97,8.35,8.42,12100
ILC,2010-11-30,8.97,8.97,8.66,8.79,2300
ILC,2010-12-01,9.28,9.28,9.28,9.28,100
ILC,2010-12-02,9.59,9.59,9.59,9.59,100
ILC,2010-12-03,9.9,9.9,8.97,9.59,17400
ILC,2010-12-06,9.78,9.78,9.28,9.65,2700
ILC,2010-12-07,9.65,9.65,9.65,9.65,0
ILC,2010-12-08,9.41,9.41,9.41,9.41,500
ILC,2010-12-09,9.22,9.22,9.22,9.22,200
ILC,2010-12-10,8.97,8.97,8.79,8.97,2300
ILC,2010-12-13,8.91,8.91,8.66,8.72,4200
ILC,2010-12-14,8.66,8.66,8.6,8.6,7200
ILC,2010-12-15,8.66,8.66,8.66,8.66,1000
ILC,2010-12-16,8.48,8.48,8.48,8.48,100
ILC,2010-12-17,8.48,8.54,8.42,8.48,4300
ILC,2010-12-20,8.54,8.54,8.04,8.04,6500
ILC,2010-12-21,8.17,8.23,8.17,8.23,4300
ILC,2010-12-22,8.23,8.23,8.23,8.23,2800
ILC,2010-12-23,8.35,8.35,8.23,8.23,2500
ILC,2010-12-24,8.6,8.66,8.6,8.66,3500
ILC,2010-12-27,8.23,8.23,8.11,8.11,3900
ILC,2010-12-28,8.04,8.04,8.04,8.04,4900
ILC,2010-12-29,8.17,8.17,8.17,8.17,200
ILC,2010-12-30,8.17,8.17,8.17,8.17,0
ILC,2010-12-31,8.29,8.29,8.29,8.29,100
ILC,2011-01-04,8.35,8.35,8.35,8.35,1000
ILC,2011-01-05,8.35,8.35,8.35,8.35,1000
ILC,2011-01-06,8.29,8.29,8.29,8.29,1500
ILC,2011-01-07,8.17,8.23,8.17,8.23,1100
ILC,2011-01-10,8.04,8.04,8.04,8.04,2000
ILC,2011-01-11,8.04,8.04,8.04,8.04,0
ILC,2011-01-12,7.8,7.8,7.8,7.8,100
ILC,2011-01-13,8.04,8.17,8.04,8.04,7200
ILC,2011-01-14,8.11,8.11,8.04,8.04,8500
ILC,2011-01-17,8.04,8.04,8.04,8.04,7000
ILC,2011-01-18,8.04,8.04,8.04,8.04,9700
ILC,2011-01-19,7.98,8.04,7.98,8.04,2000
ILC,2011-01-20,8.04,8.11,8.04,8.04,9500
ILC,2011-01-21,8.04,8.04,8.04,8.04,500
ILC,2011-01-24,8.04,8.04,8.04,8.04,0
ILC,2011-01-25,8.04,8.04,8.04,8.04,0
ILC,2011-01-26,8.04,8.04,8.04,8.04,0
ILC,2011-01-27,8.04,8.04,8.04,8.04,0
ILC,2011-01-28,7.8,7.8,7.8,7.8,1200
ILC,2011-02-08,8.11,8.17,8.11,8.17,300
ILC,2011-02-09,8.17,8.17,8.17,8.17,0
ILC,2011-02-10,8.35,8.35,8.35,8.35,100
ILC,2011-02-11,8.35,8.35,8.35,8.35,0
ILC,2011-02-14,8.35,8.35,8.35,8.35,0
ILC,2011-02-15,8.29,8.29,8.23,8.23,800
ILC,2011-02-16,8.04,8.35,8.04,8.35,6000
ILC,2011-02-17,8.29,8.66,8.29,8.66,5200
ILC,2011-02-18,8.23,8.23,8.23,8.23,1100
ILC,2011-02-21,8.23,8.35,7.67,8.23,2800
ILC,2011-02-22,8.29,8.29,8.17,8.17,1000
ILC,2011-02-23,8.72,8.79,8.72,8.72,2600
ILC,2011-02-24,8.42,8.42,8.17,8.17,10500
ILC,2011-02-25,8.11,8.11,8.04,8.04,2000
ILC,2011-02-28,8.04,8.04,8.04,8.04,0
ILC,2011-03-01,7.55,7.73,7.55,7.73,1800
ILC,2011-03-02,7.49,7.98,7.43,7.43,3300
ILC,2011-03-03,6.99,7.12,6.99,7.12,40400
ILC,2011-03-04,6.99,7.18,6.99,7.18,7100
ILC,2011-03-07,7.3,7.36,7.3,7.36,10900
ILC,2011-03-08,7.36,7.43,7.36,7.36,15800
ILC,2011-03-09,7.36,7.36,7.36,7.36,2000
ILC,2011-03-10,7.73,7.73,7.73,7.73,300
ILC,2011-03-11,8.11,8.11,8.11,8.11,200
ILC,2011-03-14,8.11,8.11,8.11,8.11,0
ILC,2011-03-15,7.61,7.73,7.61,7.73,3800
ILC,2011-03-16,7.98,7.98,7.98,7.98,100
ILC,2011-03-17,8.42,8.42,8.42,8.42,100
ILC,2011-03-18,8.42,8.42,8.42,8.42,100
ILC,2011-03-21,8.6,8.6,8.6,8.6,100
ILC,2011-03-22,8.6,8.6,8.6,8.6,0
ILC,2011-03-23,8.6,8.6,8.6,8.6,0
ILC,2011-03-24,8.6,8.6,8.6,8.6,0
ILC,2011-03-25,8.53,8.53,8.53,8.53,1500
ILC,2011-03-28,8.53,8.53,8.53,8.53,0
ILC,2011-03-29,8.53,8.53,8.53,8.53,0
ILC,2011-03-30,8.53,8.53,8.53,8.53,0
ILC,2011-03-31,8.53,8.53,8.53,8.53,0
ILC,2011-04-01,8.53,8.53,8.53,8.53,0
ILC,2011-04-04,8.53,8.53,8.53,8.53,0
ILC,2011-04-05,8.07,8.2,8.07,8.2,1200
ILC,2011-04-06,8.33,8.33,8.33,8.33,100
ILC,2011-04-07,8.33,8.33,8.33,8.33,0
ILC,2011-04-08,8.0,8.0,8.0,8.0,1700
ILC,2011-04-13,8.0,8.0,8.0,8.0,0
ILC,2011-04-14,8.0,8.0,8.0,8.0,0
ILC,2011-04-15,8.0,8.0,8.0,8.0,2000
ILC,2011-04-18,8.0,8.0,8.0,8.0,0
ILC,2011-04-19,7.47,7.47,7.47,7.47,2300
ILC,2011-04-20,7.13,7.93,7.13,7.93,300
ILC,2011-04-21,7.4,7.4,7.27,7.27,2000
ILC,2011-04-22,7.07,7.07,7.07,7.07,1000
ILC,2011-04-25,7.53,7.53,6.67,6.67,1400
ILC,2011-04-26,7.0,7.0,6.87,6.87,5500
ILC,2011-04-27,7.33,7.33,6.87,6.87,600
ILC,2011-04-28,6.93,6.93,6.93,6.93,5900
ILC,2011-04-29,6.93,6.93,6.93,6.93,0
ILC,2011-05-04,6.73,6.73,6.73,6.73,1000
ILC,2011-05-05,6.73,6.73,6.67,6.67,4500
ILC,2011-05-06,6.67,6.67,6.67,6.67,0
ILC,2011-05-09,6.73,6.73,6.73,6.73,2000
ILC,2011-05-10,6.67,6.73,6.67,6.67,6000
ILC,2011-05-11,6.67,6.67,6.53,6.67,11400
ILC,2011-05-12,6.47,6.47,6.33,6.33,6500
ILC,2011-05-13,6.33,6.73,6.33,6.73,23700
ILC,2011-05-16,6.8,6.8,6.8,6.8,700
ILC,2011-05-17,6.87,6.87,6.8,6.8,3400
ILC,2011-05-18,6.8,6.8,6.8,6.8,1000
ILC,2011-05-19,6.67,6.8,6.67,6.8,11500
ILC,2011-05-20,6.8,6.87,6.8,6.87,4900
ILC,2011-05-23,6.93,6.93,6.87,6.87,34100
ILC,2011-05-24,6.87,6.87,6.87,6.87,3000
ILC,2011-05-25,6.87,6.87,6.8,6.87,8600
ILC,2011-05-26,6.87,6.87,6.87,6.87,3300
ILC,2011-05-27,7.0,7.0,7.0,7.0,1000
ILC,2011-05-30,6.93,6.93,6.87,6.93,6000
ILC,2011-05-31,6.93,6.93,6.93,6.93,3800
ILC,2011-06-01,6.93,6.93,6.93,6.93,0
ILC,2011-06-02,7.0,7.07,7.0,7.07,5900
ILC,2011-06-03,7.0,7.0,7.0,7.0,3500
ILC,2011-06-06,7.0,7.0,7.0,7.0,0
ILC,2011-06-07,7.13,7.13,7.13,7.13,1700
ILC,2011-06-08,7.13,7.13,7.13,7.13,4000
ILC,2011-06-09,7.13,7.2,7.13,7.2,3800
ILC,2011-06-10,6.67,6.67,6.67,6.67,100
ILC,2011-06-13,6.73,7.13,6.73,7.13,1700
ILC,2011-06-14,7.53,7.53,7.53,7.53,4600
ILC,2011-06-15,7.07,7.07,7.07,7.07,2000
ILC,2011-06-16,7.07,7.07,7.07,7.07,0
ILC,2011-06-17,7.07,7.07,7.07,7.07,0
ILC,2011-06-20,7.07,7.07,7.07,7.07,0
ILC,2011-06-21,7.07,7.07,7.07,7.07,0
ILC,2011-06-22,7.07,7.07,7.07,7.07,0
ILC,2011-06-23,7.07,7.07,7.07,7.07,0
ILC,2011-06-24,6.67,6.67,6.67,6.67,100
ILC,2011-06-27,7.13,7.13,6.87,6.87,5100
ILC,2011-06-28,7.33,7.33,7.33,7.33,100
ILC,2011-06-29,7.67,7.67,7.67,7.67,100
ILC,2011-06-30,7.67,7.67,7.67,7.67,0
ILC,2011-07-01,7.27,7.33,7.13,7.13,5200
ILC,2011-07-04,7.13,7.13,7.13,7.13,0
ILC,2011-07-05,7.13,7.13,7.13,7.13,0
ILC,2011-07-06,7.13,7.13,7.13,7.13,0
ILC,2011-07-07,7.13,7.13,7.13,7.13,0
ILC,2011-07-08,7.13,7.13,7.13,7.13,3500
ILC,2011-07-11,7.13,7.13,7.13,7.13,0
ILC,2011-07-12,7.13,7.13,7.13,7.13,0
ILC,2011-07-13,7.13,7.13,7.13,7.13,0
ILC,2011-07-14,7.0,7.0,7.0,7.0,1200
ILC,2011-07-15,7.0,7.0,7.0,7.0,0
ILC,2011-07-18,7.0,7.0,7.0,7.0,0
ILC,2011-07-19,7.0,7.0,7.0,7.0,100
ILC,2011-07-20,7.0,7.0,7.0,7.0,0
ILC,2011-07-21,7.0,7.0,7.0,7.0,0
ILC,2011-07-22,7.0,7.0,7.0,7.0,500
ILC,2011-07-25,7.27,7.27,7.27,7.27,400
ILC,2011-07-26,7.0,7.0,7.0,7.0,900
ILC,2011-07-27,7.0,7.0,7.0,7.0,500
ILC,2011-07-28,6.67,6.67,6.53,6.53,22400
ILC,2011-07-29,6.67,6.67,6.67,6.67,2000
ILC,2011-08-01,7.0,7.07,7.0,7.07,1200
ILC,2011-08-02,6.6,6.6,6.6,6.6,100
ILC,2011-08-03,6.67,6.67,6.6,6.6,300
ILC,2011-08-04,6.6,6.6,6.6,6.6,0
ILC,2011-08-05,6.67,6.67,6.67,6.67,3100
ILC,2011-08-08,6.67,6.67,6.67,6.67,500
ILC,2011-08-09,6.4,6.4,6.4,6.4,1000
ILC,2011-08-10,6.73,6.73,6.73,6.73,200
ILC,2011-08-11,6.67,6.67,6.67,6.67,100
ILC,2011-08-12,6.67,6.67,6.67,6.67,0
ILC,2011-08-15,6.67,6.67,6.67,6.67,2000
ILC,2011-08-16,6.73,6.73,6.73,6.73,1000
ILC,2011-08-17,7.0,7.07,7.0,7.07,3500
ILC,2011-08-18,7.07,7.07,7.07,7.07,0
ILC,2011-08-19,6.53,6.53,6.53,6.53,200
ILC,2011-08-22,6.73,6.73,6.73,6.73,1000
ILC,2011-08-23,6.93,6.93,6.93,6.93,1000
ILC,2011-08-24,6.93,6.93,6.93,6.93,0
ILC,2011-08-25,6.93,6.93,6.93,6.93,100
ILC,2011-08-26,6.93,6.93,6.93,6.93,0
ILC,2011-08-29,6.93,6.93,6.93,6.93,0
ILC,2011-08-30,6.93,6.93,6.93,6.93,0
ILC,2011-08-31,6.93,6.93,6.93,6.93,0
ILC,2011-09-01,6.73,7.27,6.73,7.27,1200
ILC,2011-09-05,7.07,7.07,7.07,7.07,300
ILC,2011-09-06,7.0,7.0,7.0,7.0,13700
ILC,2011-09-07,7.0,7.0,7.0,7.0,0
ILC,2011-09-08,7.0,7.0,7.0,7.0,0
ILC,2011-09-09,6.93,6.93,6.93,6.93,500
ILC,2011-09-12,6.93,6.93,6.93,6.93,0
ILC,2011-09-13,6.93,6.93,6.93,6.93,1000
ILC,2011-09-14,6.93,6.93,6.93,6.93,500
ILC,2011-09-15,6.93,6.93,6.93,6.93,0
ILC,2011-09-16,6.93,6.93,6.93,6.93,0
ILC,2011-09-19,6.93,6.93,6.93,6.93,0
ILC,2011-09-20,7.33,7.4,7.13,7.13,2200
ILC,2011-09-21,7.13,7.13,7.13,7.13,0
ILC,2011-09-22,7.13,7.13,7.13,7.13,0
ILC,2011-09-23,6.8,6.8,6.8,6.8,1000
ILC,2011-09-26,6.47,6.6,6.47,6.6,1200
ILC,2011-09-27,6.6,6.6,6.6,6.6,0
ILC,2011-09-28,6.67,6.67,6.67,6.67,200
ILC,2011-09-29,6.47,6.47,6.4,6.4,1200
ILC,2011-09-30,6.13,6.4,6.13,6.33,4400
ILC,2011-10-03,6.33,6.33,6.27,6.27,4000
ILC,2011-10-04,6.33,6.33,6.33,6.33,9800
ILC,2011-10-05,6.33,6.33,6.33,6.33,0
ILC,2011-10-06,6.33,6.33,6.33,6.33,1000
ILC,2011-10-07,6.33,6.33,6.33,6.33,0
ILC,2011-10-10,6.33,6.33,6.33,6.33,1500
ILC,2011-10-11,6.33,6.33,6.33,6.33,0
ILC,2011-10-12,6.33,6.33,6.33,6.33,2700
ILC,2011-10-13,6.33,6.33,6.33,6.33,0
ILC,2011-10-14,6.33,6.33,6.33,6.33,8300
ILC,2011-10-17,6.33,6.33,6.33,6.33,1000
ILC,2011-10-18,6.33,6.33,6.33,6.33,700
ILC,2011-10-19,5.93,5.93,5.93,5.93,100
ILC,2011-10-20,5.93,5.93,5.93,5.93,0
ILC,2011-10-21,5.93,5.93,5.93,5.93,0
ILC,2011-10-24,5.87,5.87,5.87,5.87,1000
ILC,2011-10-25,5.67,5.67,5.67,5.67,300
ILC,2011-10-26,6.0,6.0,6.0,6.0,1000
ILC,2011-10-27,6.0,6.0,6.0,6.0,0
ILC,2011-10-28,6.0,6.0,6.0,6.0,0
ILC,2011-10-31,6.0,6.0,6.0,6.0,0
ILC,2011-11-01,6.13,6.13,6.13,6.13,5600
ILC,2011-11-02,6.13,6.13,6.13,6.13,1000
ILC,2011-11-03,5.73,5.73,5.73,5.73,100
ILC,2011-11-04,5.73,5.73,5.73,5.73,0
ILC,2011-11-07,6.13,6.13,6.13,6.13,100
ILC,2011-11-08,6.13,6.13,6.13,6.13,0
ILC,2011-11-09,6.13,6.13,6.13,6.13,0
ILC,2011-11-10,6.07,6.53,6.07,6.53,400
ILC,2011-11-11,6.07,6.07,6.07,6.07,1000
ILC,2011-11-14,6.07,6.07,6.07,6.07,0
ILC,2011-11-15,6.07,6.07,6.07,6.07,0
ILC,2011-11-16,6.07,6.07,6.07,6.07,0
ILC,2011-11-17,6.07,6.07,6.07,6.07,0
ILC,2011-11-18,6.07,6.07,6.07,6.07,0
ILC,2011-11-21,6.07,6.07,6.07,6.07,0
ILC,2011-11-22,6.07,6.07,6.07,6.07,0
ILC,2011-11-23,6.07,6.07,6.07,6.07,0
ILC,2011-11-24,6.07,6.07,6.07,6.07,100
ILC,2011-11-25,6.07,6.07,6.07,6.07,0
ILC,2011-11-28,6.07,6.07,6.07,6.07,500
ILC,2011-11-29,6.07,6.07,6.07,6.07,0
ILC,2011-11-30,6.07,6.07,6.07,6.07,0
ILC,2011-12-01,5.67,5.87,5.67,5.87,1100
ILC,2011-12-02,5.33,5.33,5.33,5.33,1000
ILC,2011-12-05,5.33,5.33,5.33,5.33,0
ILC,2011-12-06,5.67,5.67,5.67,5.67,100
ILC,2011-12-07,5.67,5.67,5.67,5.67,2000
ILC,2011-12-08,5.67,5.67,5.67,5.67,0
ILC,2011-12-09,5.67,5.67,5.67,5.67,3000
ILC,2011-12-12,6.0,6.0,5.33,5.33,600
ILC,2011-12-13,5.33,5.33,5.33,5.33,0
ILC,2011-12-14,5.47,5.47,5.47,5.47,100
ILC,2011-12-15,5.47,5.47,5.47,5.47,0
ILC,2011-12-16,5.47,5.47,5.47,5.47,0
ILC,2011-12-19,5.6,5.6,5.6,5.6,1000
ILC,2011-12-20,5.6,5.6,5.6,5.6,0
ILC,2011-12-21,5.6,5.6,5.6,5.6,0
ILC,2011-12-22,5.6,5.6,5.6,5.6,0
ILC,2011-12-23,5.6,5.6,5.6,5.6,0
ILC,2011-12-26,5.6,5.6,5.6,5.6,0
ILC,2011-12-27,5.6,5.6,5.6,5.6,400
ILC,2011-12-28,5.6,5.6,5.6,5.6,0
ILC,2011-12-29,5.6,5.6,5.6,5.6,0
ILC,2011-12-30,5.6,5.6,5.6,5.6,0
ILC,2012-01-03,5.6,5.6,5.6,5.6,0
ILC,2012-01-04,5.6,5.6,5.6,5.6,0
ILC,2012-01-05,5.6,5.6,5.53,5.53,1500
ILC,2012-01-06,5.53,5.53,5.53,5.53,0
ILC,2012-01-09,5.53,5.53,5.53,5.53,0
ILC,2012-01-10,5.53,5.53,5.53,5.53,0
ILC,2012-01-11,5.73,5.73,5.73,5.73,100
ILC,2012-01-12,6.0,6.13,6.0,6.13,2000
ILC,2012-01-13,6.13,6.13,6.13,6.13,0
ILC,2012-01-16,5.73,5.73,5.73,5.73,100
ILC,2012-01-17,5.73,5.73,5.73,5.73,0
ILC,2012-01-18,5.47,5.47,5.47,5.47,100
ILC,2012-01-19,5.47,5.47,5.47,5.47,0
ILC,2012-01-20,5.47,5.47,5.47,5.47,0
ILC,2012-01-30,5.47,5.47,5.47,5.47,0
ILC,2012-01-31,5.47,5.47,5.47,5.47,0
ILC,2012-02-01,5.47,5.47,5.47,5.47,0
ILC,2012-02-02,5.47,5.47,5.47,5.47,0
ILC,2012-02-03,5.47,5.47,5.47,5.47,0
ILC,2012-02-06,5.47,5.47,5.47,5.47,0
ILC,2012-02-07,5.47,5.47,5.47,5.47,0
ILC,2012-02-08,5.47,5.47,5.47,5.47,0
ILC,2012-02-09,5.47,5.47,5.47,5.47,0
ILC,2012-02-10,5.47,5.47,5.47,5.47,0
ILC,2012-02-13,5.47,5.47,5.47,5.47,0
ILC,2012-02-14,5.47,5.47,5.47,5.47,0
ILC,2012-02-15,5.47,5.47,5.47,5.47,0
ILC,2012-02-16,5.47,5.47,5.47,5.47,0
ILC,2012-02-17,5.47,5.47,5.47,5.47,0
ILC,2012-02-20,5.47,5.47,5.47,5.47,0
ILC,2012-02-21,5.47,5.47,5.47,5.47,0
ILC,2012-02-22,5.8,5.8,5.8,5.8,100
ILC,2012-02-23,5.8,5.8,5.8,5.8,0
ILC,2012-02-24,5.8,5.8,5.4,5.4,1700
ILC,2012-02-27,5.4,5.4,5.4,5.4,0
ILC,2012-02-28,5.4,5.4,5.4,5.4,0
ILC,2012-02-29,5.4,5.4,5.4,5.4,0
ILC,2012-03-01,5.4,5.4,5.4,5.4,0
ILC,2012-03-02,5.47,5.47,5.33,5.33,4900
ILC,2012-03-05,5.33,5.33,5.33,5.33,0
ILC,2012-03-06,5.13,5.13,5.13,5.13,600
ILC,2012-03-07,5.0,5.47,5.0,5.47,900
ILC,2012-03-08,4.93,4.93,4.87,4.87,1700
ILC,2012-03-09,4.8,4.8,4.8,4.8,300
ILC,2012-03-12,4.8,4.8,4.8,4.8,0
ILC,2012-03-13,4.8,4.8,4.8,4.8,2000
ILC,2012-03-14,4.67,4.67,4.6,4.6,1000
ILC,2012-03-15,4.6,4.6,4.6,4.6,0
ILC,2012-03-16,4.93,4.93,4.93,4.93,100
ILC,2012-03-19,4.93,4.93,4.93,4.93,0
ILC,2012-03-20,4.73,4.73,4.73,4.73,2200
ILC,2012-03-21,4.73,4.73,4.73,4.73,0
ILC,2012-03-22,4.73,4.73,4.73,4.73,1000
ILC,2012-03-23,4.73,4.73,4.73,4.73,0
ILC,2012-03-26,4.67,4.73,4.67,4.73,2600
ILC,2012-03-27,4.73,4.73,4.73,4.73,0
ILC,2012-03-28,4.73,4.73,4.73,4.73,0
ILC,2012-03-29,4.67,4.67,4.67,4.67,500
ILC,2012-03-30,4.67,4.67,4.67,4.67,0
ILC,2012-04-03,4.67,4.67,4.67,4.67,0
ILC,2012-04-04,4.67,4.67,4.67,4.67,0
ILC,2012-04-05,4.67,4.67,4.67,4.67,0
ILC,2012-04-06,4.67,4.67,4.67,4.67,0
ILC,2012-04-09,4.67,4.67,4.67,4.67,0
ILC,2012-04-10,4.53,4.53,4.53,4.53,300
ILC,2012-04-11,4.53,4.53,4.53,4.53,0
ILC,2012-04-12,4.53,4.53,4.53,4.53,0
ILC,2012-04-13,4.73,4.73,4.73,4.73,100
ILC,2012-04-16,4.73,4.73,4.73,4.73,0
ILC,2012-04-17,4.8,4.8,4.53,4.8,4000
ILC,2012-04-18,4.47,4.47,4.47,4.47,1000
ILC,2012-04-19,4.47,4.47,4.47,4.47,100
ILC,2012-04-20,4.47,4.47,4.47,4.47,0
ILC,2012-04-23,4.47,4.6,4.47,4.6,3200
ILC,2012-04-24,4.6,4.6,4.6,4.6,100
ILC,2012-04-25,4.6,4.6,4.6,4.6,100
ILC,2012-04-26,4.6,4.6,4.6,4.6,0
ILC,2012-04-27,4.6,4.6,4.6,4.6,0
ILC,2012-05-02,4.6,4.6,4.6,4.6,0
ILC,2012-05-03,4.67,4.67,4.6,4.6,1400
ILC,2012-05-04,4.6,4.6,4.6,4.6,0
ILC,2012-05-07,4.4,4.4,4.4,4.4,3000
ILC,2012-05-08,4.67,4.67,4.6,4.67,900
ILC,2012-05-09,4.67,4.67,4.67,4.67,0
ILC,2012-05-10,4.67,4.67,4.67,4.67,0
ILC,2012-05-11,4.67,4.67,4.67,4.67,0
ILC,2012-05-14,4.67,4.67,4.67,4.67,700
ILC,2012-05-15,4.4,4.4,4.4,4.4,100
ILC,2012-05-16,4.4,4.4,4.4,4.4,0
ILC,2012-05-17,4.4,4.4,4.4,4.4,0
ILC,2012-05-18,4.4,4.4,4.4,4.4,0
ILC,2012-05-21,4.4,4.4,4.4,4.4,0
ILC,2012-05-22,4.4,4.4,4.4,4.4,1800
ILC,2012-05-23,4.4,4.4,4.4,4.4,0
ILC,2012-05-24,4.4,4.4,4.4,4.4,0
ILC,2012-05-25,4.13,4.13,4.13,4.13,100
ILC,2012-05-28,4.4,4.4,4.4,4.4,100
ILC,2012-05-29,4.67,4.67,4.67,4.67,100
ILC,2012-05-30,4.67,4.67,4.67,4.67,0
ILC,2012-05-31,4.67,4.67,4.67,4.67,0
ILC,2012-06-01,4.73,4.73,4.73,4.73,300
ILC,2012-06-04,4.73,4.73,4.67,4.67,2000
ILC,2012-06-05,4.67,4.67,4.67,4.67,0
ILC,2012-06-06,4.73,4.73,4.73,4.73,500
ILC,2012-06-07,4.73,4.73,4.73,4.73,0
ILC,2012-06-08,4.73,4.73,4.73,4.73,6000
ILC,2012-06-11,4.73,4.73,4.73,4.73,0
ILC,2012-06-12,4.73,4.73,4.73,4.73,0
ILC,2012-06-13,4.73,4.73,4.73,4.73,0
ILC,2012-06-14,4.73,4.73,4.73,4.73,500
ILC,2012-06-15,4.73,4.73,4.73,4.73,700
ILC,2012-06-18,4.73,4.73,4.73,4.73,3000
ILC,2012-06-19,4.73,4.73,4.73,4.73,0
ILC,2012-06-20,4.73,4.73,4.73,4.73,0
ILC,2012-06-21,4.73,4.73,4.73,4.73,0
ILC,2012-06-22,4.73,4.73,4.73,4.73,0
ILC,2012-06-25,4.8,4.8,4.8,4.8,1000
ILC,2012-06-26,4.8,4.8,4.8,4.8,0
ILC,2012-06-27,4.8,4.8,4.8,4.8,0
ILC,2012-06-28,4.8,4.8,4.8,4.8,0
ILC,2012-06-29,4.8,4.8,4.8,4.8,0
ILC,2012-07-02,4.8,4.8,4.8,4.8,0
ILC,2012-07-03,4.8,4.8,4.8,4.8,0
ILC,2012-07-04,4.73,4.73,4.73,4.73,500
ILC,2012-07-05,4.73,4.73,4.73,4.73,0
ILC,2012-07-06,4.73,4.73,4.73,4.73,0
ILC,2012-07-09,4.73,4.73,4.73,4.73,100
ILC,2012-07-10,4.73,4.73,4.73,4.73,0
ILC,2012-07-11,4.73,4.73,4.73,4.73,0
ILC,2012-07-12,4.73,4.73,4.73,4.73,0
ILC,2012-07-13,4.73,4.73,4.73,4.73,0
ILC,2012-07-16,4.73,4.73,4.73,4.73,0
ILC,2012-07-17,4.73,4.73,4.73,4.73,0
ILC,2012-07-18,4.73,4.73,4.73,4.73,0
ILC,2012-07-19,4.73,4.73,4.73,4.73,0
ILC,2012-07-20,4.73,4.73,4.73,4.73,0
ILC,2012-07-23,4.47,4.47,4.47,4.47,100
ILC,2012-07-24,4.47,4.47,4.47,4.47,0
ILC,2012-07-25,4.47,4.47,4.47,4.47,0
ILC,2012-07-26,4.47,4.47,4.47,4.47,0
ILC,2012-07-27,4.47,4.47,4.47,4.47,0
ILC,2012-07-30,4.47,4.47,4.47,4.47,0
ILC,2012-07-31,4.47,4.47,4.47,4.47,0
ILC,2012-08-01,4.47,4.47,4.47,4.47,100
ILC,2012-08-02,4.47,4.47,4.47,4.47,0
ILC,2012-08-03,4.47,4.47,4.47,4.47,0
ILC,2012-08-06,4.47,4.47,4.47,4.47,0
ILC,2012-08-07,4.47,4.47,4.47,4.47,2500
ILC,2012-08-08,4.47,4.47,4.47,4.47,0
ILC,2012-08-09,4.47,4.47,4.47,4.47,0
ILC,2012-08-10,4.47,4.47,4.2,4.2,12300
ILC,2012-08-13,3.93,3.93,3.93,3.93,1000
ILC,2012-08-14,3.93,3.93,3.67,3.67,2000
ILC,2012-08-15,3.47,3.47,3.47,3.47,500
ILC,2012-08-16,3.33,3.4,3.33,3.33,5000
ILC,2012-08-17,3.4,3.4,3.4,3.4,3000
ILC,2012-08-20,3.33,3.4,3.27,3.27,5000
ILC,2012-08-21,3.33,3.33,3.33,3.33,3000
ILC,2012-08-22,3.33,3.33,3.33,3.33,3000
ILC,2012-08-23,3.33,3.33,3.27,3.27,5500
ILC,2012-08-24,3.33,3.33,3.33,3.33,12800
ILC,2012-08-27,3.33,3.33,3.33,3.33,500
ILC,2012-08-28,3.33,3.33,3.33,3.33,1000
ILC,2012-08-29,3.33,3.33,3.33,3.33,0
ILC,2012-08-30,3.4,3.4,3.33,3.33,2000
ILC,2012-08-31,3.4,3.4,3.4,3.4,3000
ILC,2012-09-04,3.33,3.4,3.33,3.33,2500
ILC,2012-09-05,3.33,3.33,3.33,3.33,0
ILC,2012-09-06,3.33,3.33,3.33,3.33,0
ILC,2012-09-07,3.33,3.33,3.33,3.33,0
ILC,2012-09-10,3.33,3.33,3.33,3.33,0
ILC,2012-09-11,3.33,3.47,3.33,3.4,2700
ILC,2012-09-12,3.4,3.4,3.4,3.4,2000
ILC,2012-09-13,3.4,3.4,3.4,3.4,0
ILC,2012-09-14,3.4,3.4,3.4,3.4,0
ILC,2012-09-17,3.4,3.4,3.4,3.4,0
ILC,2012-09-18,3.4,3.4,3.4,3.4,1000
ILC,2012-09-19,3.4,3.4,3.4,3.4,0
ILC,2012-09-20,3.47,3.47,3.4,3.4,2000
ILC,2012-09-21,3.4,3.4,3.4,3.4,0
ILC,2012-09-24,3.4,3.4,3.4,3.4,0
ILC,2012-09-25,3.4,3.4,3.4,3.4,0
ILC,2012-09-26,3.4,3.4,3.4,3.4,0
ILC,2012-09-27,3.4,3.4,3.4,3.4,0
ILC,2012-09-28,3.2,3.2,3.2,3.2,500
ILC,2012-10-01,3.2,3.2,3.2,3.2,0
ILC,2012-10-02,3.4,3.4,3.4,3.4,1000
ILC,2012-10-03,3.4,3.4,3.4,3.4,0
ILC,2012-10-04,3.4,3.4,3.4,3.4,0
ILC,2012-10-05,3.4,3.4,3.4,3.4,0
ILC,2012-10-08,3.33,3.33,3.33,3.33,100
ILC,2012-10-09,3.33,3.33,3.33,3.33,0
ILC,2012-10-10,3.47,3.47,3.47,3.47,500
ILC,2012-10-11,3.4,3.47,3.4,3.47,2000
ILC,2012-10-12,3.47,3.47,3.47,3.47,0
ILC,2012-10-15,3.47,3.47,3.47,3.47,0
ILC,2012-10-16,3.47,3.47,3.47,3.47,0
ILC,2012-10-17,3.47,3.47,3.33,3.47,3600
ILC,2012-10-18,3.33,3.33,3.33,3.33,5000
ILC,2012-10-19,3.13,3.33,3.13,3.33,10300
ILC,2012-10-22,3.33,3.33,3.33,3.33,2200
ILC,2012-10-23,3.27,3.27,3.27,3.27,15000
ILC,2012-10-24,3.27,3.27,3.27,3.27,3500
ILC,2012-10-25,3.2,3.2,3.13,3.2,4500
ILC,2012-10-26,3.27,3.27,3.27,3.27,5000
ILC,2012-10-29,3.27,3.27,3.27,3.27,5500
ILC,2012-10-30,3.27,3.4,3.27,3.4,3600
ILC,2012-10-31,3.4,3.4,3.4,3.4,0
ILC,2012-11-01,3.27,3.27,3.27,3.27,3000
ILC,2012-11-02,3.27,3.27,3.2,3.2,8000
ILC,2012-11-05,3.27,3.27,3.2,3.27,5000
ILC,2012-11-06,3.27,3.33,3.27,3.27,7100
ILC,2012-11-07,3.33,3.53,3.2,3.53,24200
ILC,2012-11-08,3.33,3.6,3.33,3.6,1100
ILC,2012-11-09,3.67,3.67,3.67,3.67,500
ILC,2012-11-12,3.67,3.67,3.67,3.67,0
ILC,2012-11-13,3.67,3.67,3.67,3.67,0
ILC,2012-11-14,3.73,3.73,3.73,3.73,100
ILC,2012-11-15,3.53,3.8,3.53,3.8,200
ILC,2012-11-16,3.6,3.73,3.6,3.73,200
ILC,2012-11-19,3.73,3.73,3.73,3.73,0
ILC,2012-11-20,3.8,3.8,3.8,3.8,100
ILC,2012-11-21,3.8,3.8,3.8,3.8,0
ILC,2012-11-22,3.73,3.87,3.6,3.87,4100
ILC,2012-11-23,3.87,3.87,3.87,3.87,0
ILC,2012-11-26,3.87,3.87,3.87,3.87,0
ILC,2012-11-27,3.73,3.73,3.73,3.73,100
ILC,2012-11-28,3.73,3.73,3.73,3.73,0
ILC,2012-11-29,3.53,3.53,3.53,3.53,100
ILC,2012-11-30,3.33,3.4,3.33,3.4,4300
ILC,2012-12-03,3.4,3.4,3.4,3.4,0
ILC,2012-12-04,3.4,3.4,3.4,3.4,0
ILC,2012-12-05,3.4,3.4,3.4,3.4,0
ILC,2012-12-06,3.4,3.4,3.4,3.4,0
ILC,2012-12-07,3.4,3.4,3.4,3.4,0
ILC,2012-12-10,3.4,3.4,3.4,3.4,0
ILC,2012-12-11,3.47,3.6,3.47,3.6,600
ILC,2012-12-12,3.53,3.67,3.47,3.53,26600
ILC,2012-12-13,3.6,3.73,3.53,3.53,18200
ILC,2012-12-14,3.67,3.67,3.6,3.67,5400
ILC,2012-12-17,3.87,3.87,3.67,3.8,6600
ILC,2012-12-18,4.0,4.0,4.0,4.0,1600
ILC,2012-12-19,4.2,4.2,4.0,4.0,1100
ILC,2012-12-20,4.0,4.0,4.0,4.0,0
ILC,2012-12-21,4.0,4.0,4.0,4.0,0
ILC,2012-12-24,4.0,4.0,4.0,4.0,0
ILC,2012-12-25,3.8,3.8,3.8,3.8,100
ILC,2012-12-26,3.8,3.8,3.8,3.8,0
ILC,2012-12-27,3.8,3.8,3.8,3.8,0
ILC,2012-12-28,3.7,3.7,3.6,3.6,500
ILC,2013-01-02,3.6,3.6,3.6,3.6,0
ILC,2013-01-03,3.4,3.4,3.4,3.4,4800
ILC,2013-01-04,3.2,3.3,3.2,3.3,2300
ILC,2013-01-07,3.5,3.5,3.4,3.4,1300
ILC,2013-01-08,3.4,3.4,3.4,3.4,0
ILC,2013-01-09,3.5,3.6,3.5,3.6,800
ILC,2013-01-10,3.6,3.6,3.6,3.6,0
ILC,2013-01-11,3.8,3.8,3.4,3.4,400
ILC,2013-01-14,3.4,3.4,3.4,3.4,1000
ILC,2013-01-15,3.6,3.7,3.6,3.7,2200
ILC,2013-01-16,3.4,3.7,3.4,3.7,1200
ILC,2013-01-17,3.7,3.7,3.7,3.7,0
ILC,2013-01-18,4.0,4.0,4.0,4.0,400
ILC,2013-01-21,4.0,4.0,3.6,4.0,500
ILC,2013-01-22,3.7,3.7,3.6,3.6,2000
ILC,2013-01-23,3.9,3.9,3.8,3.9,500
ILC,2013-01-24,3.6,3.7,3.6,3.7,8500
ILC,2013-01-25,3.8,3.8,3.8,3.8,100
ILC,2013-01-28,3.8,4.1,3.8,4.1,1300
ILC,2013-01-29,4.1,4.1,4.1,4.1,0
ILC,2013-01-30,4.1,4.1,4.1,4.1,0
ILC,2013-01-31,4.1,4.1,4.1,4.1,0
ILC,2013-02-01,4.1,4.1,4.1,4.1,0
ILC,2013-02-04,4.1,4.1,4.1,4.1,0
ILC,2013-02-05,4.4,4.4,4.4,4.4,100
ILC,2013-02-06,4.5,4.5,4.5,4.5,200
ILC,2013-02-07,4.5,4.5,4.5,4.5,0
ILC,2013-02-08,4.5,4.5,4.5,4.5,0
ILC,2013-02-18,4.5,4.5,4.5,4.5,1300
ILC,2013-02-19,4.1,4.4,4.1,4.4,600
ILC,2013-02-20,4.2,4.4,4.1,4.4,2700
ILC,2013-02-21,4.2,4.2,4.0,4.0,3000
ILC,2013-02-22,4.1,4.1,4.1,4.1,2000
ILC,2013-02-25,4.2,4.2,4.2,4.2,100
ILC,2013-02-26,4.1,4.2,4.0,4.2,5400
ILC,2013-02-27,4.0,4.2,4.0,4.2,1800
ILC,2013-02-28,4.2,4.2,4.2,4.2,100
ILC,2013-03-01,4.1,4.1,4.1,4.1,2000
ILC,2013-03-04,4.1,4.1,4.1,4.1,0
ILC,2013-03-05,4.5,4.5,4.5,4.5,100
ILC,2013-03-06,4.8,4.8,4.1,4.8,500
ILC,2013-03-07,5.0,5.0,5.0,5.0,100
ILC,2013-03-08,5.4,5.4,5.0,5.2,1000
ILC,2013-03-11,5.2,5.2,5.2,5.2,0
ILC,2013-03-12,5.2,5.2,5.2,5.2,0
ILC,2013-03-13,5.2,5.6,5.2,5.6,400
ILC,2013-03-14,6.0,6.0,6.0,6.0,100
ILC,2013-03-15,6.0,6.0,6.0,6.0,0
ILC,2013-03-18,6.0,6.0,6.0,6.0,100
ILC,2013-03-19,5.5,5.5,5.5,5.5,100
ILC,2013-03-20,5.5,5.5,5.5,5.5,0
ILC,2013-03-21,5.5,5.5,5.5,5.5,0
ILC,2013-03-22,5.5,5.5,5.5,5.5,0
ILC,2013-03-25,5.5,5.5,5.5,5.5,0
ILC,2013-03-26,5.5,5.5,5.5,5.5,0
ILC,2013-03-27,5.9,5.9,5.9,5.9,100
ILC,2013-03-28,5.8,6.3,5.8,6.3,200
ILC,2013-03-29,6.8,6.8,6.8,6.8,100
ILC,2013-04-01,7.3,7.3,7.3,7.3,100
ILC,2013-04-02,7.3,7.3,7.3,7.3,0
ILC,2013-04-03,7.3,7.3,7.3,7.3,0
ILC,2013-04-04,7.3,7.3,7.3,7.3,0
ILC,2013-04-05,7.3,7.3,7.3,7.3,0
ILC,2013-04-08,8.0,8.0,8.0,8.0,100
ILC,2013-04-09,8.0,8.0,8.0,8.0,0
ILC,2013-04-10,8.0,8.0,8.0,8.0,0
ILC,2013-04-11,7.2,8.1,7.2,8.1,300
ILC,2013-04-12,8.1,8.1,8.1,8.1,0
ILC,2013-04-15,7.3,7.3,7.3,7.3,100
ILC,2013-04-16,8.0,8.0,6.6,6.6,200
ILC,2013-04-17,6.0,6.0,6.0,6.0,100
ILC,2013-04-18,5.4,5.4,5.4,5.4,100
ILC,2013-04-22,5.9,5.9,4.9,5.5,300
ILC,2013-04-23,5.0,5.0,5.0,5.0,100
ILC,2013-04-24,4.5,4.5,4.5,4.5,100
ILC,2013-04-25,4.1,4.1,4.1,4.1,100
ILC,2013-04-26,3.7,3.7,3.7,3.7,700
ILC,2013-05-02,3.7,3.7,3.7,3.7,0
ILC,2013-05-03,4.0,4.0,3.8,3.8,2600
ILC,2013-05-06,3.7,3.7,3.7,3.7,1500
ILC,2013-05-07,3.6,3.6,3.6,3.6,2000
ILC,2013-05-08,3.8,3.8,3.8,3.8,100
ILC,2013-05-09,4.1,4.1,3.7,4.0,1200
ILC,2013-05-10,3.7,3.7,3.7,3.7,3000
ILC,2013-05-13,4.0,4.0,3.7,3.7,200
ILC,2013-05-14,3.7,4.2,3.7,4.2,5100
ILC,2013-05-15,3.7,4.0,3.7,4.0,4600
ILC,2013-05-16,3.8,4.2,3.8,4.2,1100
ILC,2013-05-17,4.2,4.2,4.2,4.2,0
ILC,2013-05-20,4.3,4.3,4.3,4.3,100
ILC,2013-05-21,4.3,4.3,4.3,4.3,0
ILC,2013-05-22,3.9,4.4,3.9,4.4,600
ILC,2013-05-23,4.4,4.4,4.4,4.4,0
ILC,2013-05-24,4.0,4.0,4.0,4.4,100
ILC,2013-05-27,4.4,4.4,4.4,4.4,0
ILC,2013-05-28,4.4,4.4,4.4,4.4,0
ILC,2013-05-29,4.5,4.5,4.5,4.5,1000
ILC,2013-05-30,4.5,4.5,4.5,4.5,0
ILC,2013-05-31,4.5,4.5,4.5,4.5,0
ILC,2013-06-03,4.5,4.5,4.5,4.5,0
ILC,2013-06-04,4.5,4.5,4.5,4.5,0
ILC,2013-06-05,4.5,4.5,4.5,4.5,0
ILC,2013-06-06,4.5,4.5,4.5,4.5,500
ILC,2013-06-07,4.8,4.8,4.8,4.8,100
ILC,2013-06-10,4.8,4.8,4.8,4.8,0
ILC,2013-06-11,4.8,4.8,4.8,4.8,0
ILC,2013-06-12,4.8,4.8,4.8,4.8,0
ILC,2013-06-13,5.0,5.0,4.4,4.4,900
ILC,2013-06-14,4.4,4.4,4.4,4.4,0
ILC,2013-06-17,4.4,4.4,4.4,4.4,0
ILC,2013-06-18,4.4,4.4,4.4,4.4,0
ILC,2013-06-19,4.4,4.4,4.4,4.4,0
ILC,2013-06-20,4.4,4.4,4.4,4.4,0
ILC,2013-06-21,4.5,4.5,4.5,4.5,0
ILC,2013-06-24,4.4,4.4,4.4,4.4,0
ILC,2013-06-25,4.4,4.4,4.4,4.4,0
ILC,2013-06-26,4.4,4.4,4.4,4.4,0
ILC,2013-06-27,4.4,4.4,4.4,4.4,0
ILC,2013-06-28,4.9,4.9,4.9,4.9,500
ILC,2013-07-01,4.9,4.9,4.9,4.9,0
ILC,2013-07-02,4.9,4.9,4.9,4.9,0
ILC,2013-07-03,4.9,4.9,4.9,4.9,0
ILC,2013-07-04,4.9,4.9,4.9,4.9,0
ILC,2013-07-05,4.9,4.9,4.9,4.9,0
ILC,2013-07-08,4.9,4.9,4.9,4.9,0
ILC,2013-07-09,4.9,4.9,4.9,4.9,0
ILC,2013-07-10,4.9,4.9,4.9,4.9,0
ILC,2013-07-11,4.9,4.9,4.9,4.9,0
ILC,2013-07-12,4.9,4.9,4.9,4.9,0
ILC,2013-07-15,4.9,4.9,4.9,4.9,0
ILC,2013-07-16,4.9,4.9,4.9,4.9,0
ILC,2013-07-17,4.9,4.9,4.9,4.9,0
ILC,2013-07-18,4.9,4.9,4.9,4.9,0
ILC,2013-07-19,4.9,4.9,4.9,4.9,0
ILC,2013-07-22,4.9,4.9,4.9,4.9,400
ILC,2013-07-23,4.7,4.8,4.7,4.8,2500
ILC,2013-07-24,4.8,4.8,4.8,4.8,0
ILC,2013-07-25,4.8,4.8,4.8,4.8,0
ILC,2013-07-26,4.8,4.8,4.8,4.8,0
ILC,2013-07-29,5.0,5.0,5.0,5.0,100
ILC,2013-07-30,4.7,4.7,4.6,4.6,900
ILC,2013-07-31,4.6,4.6,4.6,4.6,0
ILC,2013-08-01,4.6,4.7,4.4,4.7,7500
ILC,2013-08-02,4.7,4.7,4.7,4.7,0
ILC,2013-08-05,4.7,4.7,4.7,4.7,0
ILC,2013-08-06,4.7,4.7,4.7,4.7,0
ILC,2013-08-07,4.7,4.7,4.7,4.7,0
ILC,2013-08-08,4.7,4.7,4.7,4.7,0
ILC,2013-08-09,4.7,4.7,4.7,4.7,0
ILC,2013-08-12,4.8,4.8,4.8,4.8,5000
ILC,2013-08-13,4.8,4.8,4.8,4.8,0
ILC,2013-08-14,4.8,4.8,4.8,4.8,0
ILC,2013-08-15,4.8,4.8,4.8,4.8,0
ILC,2013-08-16,4.8,4.8,4.8,4.8,0
ILC,2013-08-19,4.8,4.8,4.8,4.8,0
ILC,2013-08-20,4.8,4.8,4.8,4.8,0
ILC,2013-08-21,4.8,4.8,4.8,4.8,0
ILC,2013-08-22,4.8,4.8,4.8,4.8,0
ILC,2013-08-23,4.8,4.8,4.8,4.8,0
ILC,2013-08-26,5.0,5.0,5.0,5.0,100
ILC,2013-08-27,5.0,5.0,5.0,5.0,0
ILC,2013-08-28,5.0,5.0,5.0,5.0,0
ILC,2013-08-29,5.0,5.0,5.0,5.0,0
ILC,2013-08-30,5.0,5.0,5.0,5.0,0
ILC,2013-09-03,4.8,4.8,4.8,4.8,1000
ILC,2013-09-04,5.2,5.2,5.2,5.2,100
ILC,2013-09-05,5.2,5.2,5.2,5.2,0
ILC,2013-09-06,5.7,5.7,5.7,5.7,100
ILC,2013-09-09,5.7,5.7,5.7,5.7,0
ILC,2013-09-10,5.2,5.2,5.2,5.2,300
ILC,2013-09-11,5.2,5.2,5.2,5.2,0
ILC,2013-09-12,5.2,5.2,5.2,5.2,0
ILC,2013-09-13,5.2,5.2,5.2,5.2,0
ILC,2013-09-16,5.2,5.2,5.2,5.2,0
ILC,2013-09-17,5.2,5.2,5.2,5.2,0
ILC,2013-09-18,5.2,5.2,5.2,5.2,0
ILC,2013-09-19,5.2,5.2,5.2,5.2,0
ILC,2013-09-20,5.2,5.2,5.2,5.2,0
ILC,2013-09-23,5.2,5.2,5.2,5.2,0
ILC,2013-09-24,5.2,5.2,5.2,5.2,0
ILC,2013-09-25,5.2,5.2,5.2,5.2,0
ILC,2013-09-26,5.2,5.2,5.2,5.2,0
ILC,2013-09-27,5.2,5.2,5.2,5.2,1000
ILC,2013-09-30,5.2,5.2,5.2,5.2,0
ILC,2013-10-01,5.2,5.2,5.2,5.2,0
ILC,2013-10-02,5.2,5.2,5.2,5.2,0
ILC,2013-10-03,5.2,5.2,5.2,5.2,0
ILC,2013-10-04,5.2,5.2,5.2,5.2,0
ILC,2013-10-07,5.2,5.2,5.2,5.2,0
ILC,2013-10-08,5.2,5.2,5.2,5.2,0
ILC,2013-10-09,5.2,5.2,5.2,5.2,0
ILC,2013-10-10,5.2,5.2,5.2,5.2,0
ILC,2013-10-11,5.2,5.2,5.2,5.2,0
ILC,2013-10-14,5.2,5.2,5.2,5.2,0
ILC,2013-10-15,5.0,5.0,5.0,5.0,1000
ILC,2013-10-16,5.0,5.0,5.0,5.0,0
ILC,2013-10-17,5.0,5.0,5.0,5.0,0
ILC,2013-10-18,5.0,5.0,5.0,5.0,0
ILC,2013-10-21,4.8,4.8,4.8,4.8,4000
ILC,2013-10-22,4.8,4.8,4.8,4.8,0
ILC,2013-10-23,4.8,4.8,4.8,4.8,0
ILC,2013-10-24,4.8,4.8,4.8,4.8,0
ILC,2013-10-25,4.8,4.8,4.8,4.8,0
ILC,2013-10-28,4.8,4.8,4.8,4.8,0
ILC,2013-10-29,4.8,4.8,4.8,4.8,0
ILC,2013-10-30,4.8,4.8,4.8,4.8,0
ILC,2013-10-31,4.4,4.6,4.4,4.6,1000
ILC,2013-11-01,4.6,4.6,4.6,4.6,1600
ILC,2013-11-04,4.6,4.6,4.6,4.6,0
ILC,2013-11-05,4.6,4.6,4.6,4.6,0
ILC,2013-11-06,4.2,4.2,4.2,4.2,1200
ILC,2013-11-07,4.2,4.2,4.2,4.2,400
ILC,2013-11-08,4.2,4.2,4.2,4.2,0
ILC,2013-11-11,4.2,4.2,4.2,4.2,0
ILC,2013-11-12,4.4,4.5,4.4,4.5,2000
ILC,2013-11-13,4.5,4.5,4.5,4.5,0
ILC,2013-11-14,4.5,4.5,4.5,4.5,0
ILC,2013-11-15,4.9,4.9,4.9,4.9,100
ILC,2013-11-18,4.5,4.5,4.5,4.5,100
ILC,2013-11-19,4.5,4.5,4.5,4.5,0
ILC,2013-11-20,4.6,4.6,4.5,4.5,1200
ILC,2013-11-21,4.6,4.6,4.6,4.6,400
ILC,2013-11-22,4.2,4.6,4.2,4.6,800
ILC,2013-11-25,4.6,4.6,4.6,4.6,0
ILC,2013-11-26,4.6,4.6,4.6,4.6,0
ILC,2013-11-27,4.6,4.6,4.6,4.6,0
ILC,2013-11-28,4.6,4.6,4.6,4.6,0
ILC,2013-11-29,4.7,4.7,4.7,4.7,1000
ILC,2013-12-02,4.7,4.7,4.7,4.7,0
ILC,2013-12-03,4.6,4.6,4.6,4.6,700
ILC,2013-12-04,4.6,4.6,4.6,4.6,0
ILC,2013-12-05,4.6,4.6,4.6,4.6,0
ILC,2013-12-06,4.6,4.6,4.6,4.6,0
ILC,2013-12-09,4.6,4.6,4.6,4.6,0
ILC,2013-12-10,4.6,4.6,4.6,4.6,0
ILC,2013-12-11,4.6,4.6,4.6,4.6,0
ILC,2013-12-12,4.6,4.6,4.6,4.6,0
ILC,2013-12-13,4.6,4.6,4.6,4.6,0
ILC,2013-12-16,4.6,4.6,4.6,4.6,0
ILC,2013-12-17,4.6,4.6,4.6,4.6,0
ILC,2013-12-18,4.7,4.7,4.7,4.7,500
ILC,2013-12-19,4.7,4.7,4.7,4.7,0
ILC,2013-12-20,4.7,4.7,4.7,4.7,0
ILC,2013-12-23,4.7,4.7,4.7,4.7,0
ILC,2013-12-24,4.7,4.7,4.7,4.7,0
ILC,2013-12-25,4.7,4.7,4.7,4.7,0
ILC,2013-12-26,4.7,4.7,4.7,4.7,0
ILC,2013-12-27,4.8,4.8,4.8,4.8,1000
ILC,2013-12-30,4.8,4.8,4.8,4.8,0
ILC,2013-12-31,4.9,5.2,4.9,5.2,2400
ILC,2014-01-02,5.2,5.2,5.2,5.2,0
ILC,2014-01-03,4.7,4.7,4.7,4.7,100
ILC,2014-01-06,5.0,5.0,5.0,5.0,100
ILC,2014-01-07,5.0,5.0,5.0,5.0,0
ILC,2014-01-08,5.0,5.0,5.0,5.0,0
ILC,2014-01-09,5.0,5.0,5.0,5.0,0
ILC,2014-01-10,5.0,5.0,5.0,5.0,0
ILC,2014-01-13,5.0,5.0,5.0,5.0,0
ILC,2014-01-14,5.0,5.0,5.0,5.0,0
ILC,2014-01-15,5.0,5.0,5.0,5.0,0
ILC,2014-01-16,5.0,5.0,5.0,5.0,0
ILC,2014-01-17,5.0,5.0,5.0,5.0,0
ILC,2014-01-20,5.0,5.0,5.0,5.0,0
ILC,2014-01-21,5.0,5.0,5.0,5.0,0
ILC,2014-01-22,5.0,5.0,5.0,5.0,0
ILC,2014-01-23,5.0,5.0,5.0,5.0,0
ILC,2014-01-24,5.0,5.0,5.0,5.0,0
ILC,2014-01-27,5.0,5.0,5.0,5.0,0
ILC,2014-02-06,5.0,5.0,5.0,5.0,0
ILC,2014-02-07,5.0,5.0,5.0,5.0,0
ILC,2014-02-10,4.5,4.5,4.5,4.5,100
ILC,2014-02-11,4.1,4.1,4.1,4.1,200
ILC,2014-02-12,4.5,4.5,4.5,4.5,2300
ILC,2014-02-13,4.5,4.5,4.5,4.5,0
ILC,2014-02-14,4.5,4.6,4.5,4.5,4100
ILC,2014-02-17,4.4,4.4,4.4,4.4,300
ILC,2014-02-18,4.4,4.4,4.4,4.4,0
ILC,2014-02-19,4.1,4.1,4.0,4.0,300
ILC,2014-02-20,4.0,4.0,4.0,4.0,0
ILC,2014-02-21,4.0,4.0,4.0,4.0,0
ILC,2014-02-24,4.0,4.0,4.0,4.0,0
ILC,2014-02-25,4.4,4.4,4.4,4.4,500
ILC,2014-02-26,4.4,4.4,4.4,4.4,0
ILC,2014-02-27,4.4,4.4,4.4,4.4,0
ILC,2014-02-28,4.5,4.5,4.5,4.5,100
ILC,2014-03-03,4.5,4.5,4.5,4.5,1200
ILC,2014-03-04,4.5,4.5,4.5,4.5,0
ILC,2014-03-05,4.5,4.5,4.5,4.5,0
ILC,2014-03-06,4.9,4.9,4.9,4.9,100
ILC,2014-03-07,4.9,4.9,4.9,4.9,0
ILC,2014-03-10,4.9,4.9,4.9,4.9,0
ILC,2014-03-11,5.0,5.0,5.0,5.0,3300
ILC,2014-03-12,5.0,5.0,5.0,5.0,0
ILC,2014-03-13,5.0,5.0,5.0,5.0,0
ILC,2014-03-14,5.0,5.0,5.0,5.0,0
ILC,2014-03-17,5.0,5.0,5.0,5.0,0
ILC,2014-03-18,5.0,5.0,5.0,5.0,0
ILC,2014-03-19,4.9,4.9,4.9,4.9,2500
ILC,2014-03-20,4.9,4.9,4.9,4.9,0
ILC,2014-03-21,4.9,4.9,4.9,4.9,200
ILC,2014-03-24,5.0,5.0,5.0,5.0,500
ILC,2014-03-25,5.0,5.0,5.0,5.0,400
ILC,2014-03-26,5.0,5.0,5.0,5.0,0
ILC,2014-03-27,5.0,5.0,5.0,5.0,0
ILC,2014-03-28,4.5,4.5,4.5,4.5,200
ILC,2014-03-31,4.5,4.5,4.5,4.5,0
ILC,2014-04-01,4.5,4.5,4.5,4.5,0
ILC,2014-04-02,4.5,4.5,4.5,4.5,0
ILC,2014-04-03,4.8,4.8,4.8,4.8,1000
ILC,2014-04-04,4.8,4.8,4.8,4.8,0
ILC,2014-04-07,4.8,4.8,4.8,4.8,0
ILC,2014-04-08,4.4,4.9,4.4,4.9,3700
ILC,2014-04-10,4.9,4.9,4.9,4.9,0
ILC,2014-04-11,4.9,4.9,4.9,4.9,1000
ILC,2014-04-14,4.9,4.9,4.9,4.9,0
ILC,2014-04-15,4.9,4.9,4.9,4.9,0
ILC,2014-04-16,4.9,4.9,4.9,4.9,0
ILC,2014-04-17,5.0,5.0,5.0,5.0,1000
ILC,2014-04-18,5.0,5.0,5.0,5.0,0
ILC,2014-04-21,5.0,5.0,5.0,5.0,0
ILC,2014-04-22,5.0,5.0,5.0,5.0,0
ILC,2014-04-23,5.0,5.0,5.0,5.0,0
ILC,2014-04-24,5.0,5.0,5.0,5.0,0
ILC,2014-04-25,5.0,5.0,5.0,5.0,0
ILC,2014-04-28,5.0,5.0,5.0,5.0,0
ILC,2014-04-29,5.0,5.0,5.0,5.0,0
ILC,2014-05-05,5.0,5.0,5.0,5.0,0
ILC,2014-05-06,4.7,4.9,4.7,4.9,1300
ILC,2014-05-07,4.8,4.8,4.8,4.8,1300
ILC,2014-05-08,4.4,4.4,4.4,4.4,700
ILC,2014-05-09,4.4,4.4,4.4,4.4,0
ILC,2014-05-12,4.4,4.4,4.4,4.4,0
ILC,2014-05-13,4.4,4.4,4.4,4.4,0
ILC,2014-05-14,4.0,4.0,4.0,4.0,100
ILC,2014-05-15,4.0,4.0,4.0,4.0,100
ILC,2014-05-16,4.0,4.0,4.0,4.0,0
ILC,2014-05-19,4.0,4.0,4.0,4.0,0
ILC,2014-05-20,4.0,4.0,4.0,4.0,0
ILC,2014-05-21,3.6,4.0,3.6,4.0,400
ILC,2014-05-22,3.9,3.9,3.9,3.9,100
ILC,2014-05-23,3.9,3.9,3.9,3.9,0
ILC,2014-05-26,3.9,3.9,3.9,3.9,0
ILC,2014-05-27,3.9,3.9,3.9,3.9,0
ILC,2018-08-10,1.5,0.0,0.0,0.0,0
ILC,2018-08-13,1.5,1.5,1.5,1.5,0
ILC,2018-08-14,1.5,1.5,1.5,1.5,0
ILC,2018-08-15,1.5,1.5,1.5,1.5,0
ILC,2018-08-16,1.5,1.5,1.5,1.5,0
ILC,2018-08-17,1.5,1.5,1.5,1.5,0
ILC,2018-08-20,1.5,1.5,1.5,1.5,0
ILC,2018-08-21,1.5,1.5,1.5,1.5,0
ILC,2018-08-22,1.5,1.5,1.5,1.5,0
ILC,2018-08-23,1.5,1.5,1.5,1.5,0
ILC,2018-08-24,1.5,1.5,1.5,1.5,0
ILC,2018-08-27,1.5,1.5,1.5,1.5,0
ILC,2018-08-28,1.5,1.5,1.5,1.5,0
ILC,2018-08-29,1.5,1.5,1.5,1.5,0
ILC,2018-08-30,1.5,1.5,1.5,1.5,0
ILC,2018-08-31,1.5,1.5,1.5,1.5,0
ILC,2018-09-04,1.5,1.5,1.5,1.5,0
ILC,2018-09-05,1.5,1.5,1.5,1.5,0
ILC,2018-09-06,1.5,1.5,1.5,1.5,0
ILC,2018-09-07,1.5,1.5,1.5,1.5,0
ILC,2018-09-10,1.5,1.5,1.5,1.5,0
ILC,2018-09-11,1.5,1.5,1.5,1.5,0
ILC,2018-09-12,1.5,1.5,1.5,1.5,0
ILC,2018-09-13,1.5,1.5,1.5,1.5,0
ILC,2018-09-14,1.5,1.5,1.5,1.5,0
ILC,2018-09-17,1.5,1.5,1.5,1.5,0
ILC,2018-09-18,1.5,1.5,1.5,1.5,0
ILC,2018-09-19,1.5,1.5,1.5,1.5,0
ILC,2018-09-20,1.5,1.5,1.5,1.5,0
ILC,2018-09-21,1.5,1.5,1.5,1.5,0
ILC,2018-09-24,1.5,1.5,1.5,1.5,0
ILC,2018-09-25,1.5,1.5,1.5,1.5,0
ILC,2018-09-26,1.5,1.5,1.5,1.5,0
ILC,2018-09-27,1.5,1.5,1.5,1.5,0
ILC,2018-09-28,1.5,1.5,1.5,1.5,0
ILC,2018-10-01,1.5,1.5,1.5,1.5,0
ILC,2018-10-02,1.5,1.5,1.5,1.5,0
ILC,2018-10-03,1.5,1.5,1.5,1.5,0
ILC,2018-10-04,1.5,1.5,1.5,1.5,0
ILC,2018-10-05,1.5,1.5,1.5,1.5,0
ILC,2018-10-08,1.5,1.5,1.5,1.5,0
ILC,2018-10-09,1.5,1.5,1.5,1.5,0
ILC,2018-10-10,1.5,1.5,1.5,1.5,0
ILC,2018-10-11,1.5,1.5,1.5,1.5,0
ILC,2018-10-12,1.5,1.5,1.5,1.5,0
ILC,2018-10-15,1.5,1.5,1.5,1.5,0
ILC,2018-10-16,1.5,1.5,1.5,1.5,0
ILC,2018-10-17,1.5,1.5,1.5,1.5,0
ILC,2018-10-18,1.5,1.5,1.5,1.5,0
ILC,2018-10-19,1.5,1.5,1.5,1.5,0
ILC,2018-10-22,1.5,1.5,1.5,1.5,0
ILC,2018-10-23,1.5,1.5,1.5,1.5,0
ILC,2018-10-24,1.5,1.5,1.5,1.5,0
ILC,2018-10-25,1.5,1.5,1.5,1.5,0
ILC,2018-10-26,1.5,1.5,1.5,1.5,0
ILC,2018-10-29,1.5,1.5,1.5,1.5,0
ILC,2018-10-30,1.5,1.5,1.5,1.5,0
ILC,2018-10-31,1.5,1.5,1.5,1.5,0
ILC,2018-11-01,1.5,1.5,1.5,1.5,0
ILC,2018-11-02,1.5,1.5,1.5,1.5,0
ILC,2018-11-05,1.5,1.5,1.5,1.5,0
ILC,2018-11-06,1.5,1.5,1.5,1.5,0
ILC,2018-11-07,1.5,1.5,1.5,1.5,0
ILC,2018-11-08,1.5,1.5,1.5,1.5,0
ILC,2018-11-09,1.5,1.5,1.5,1.5,0
ILC,2018-11-12,1.5,1.5,1.5,1.5,0
ILC,2018-11-13,1.5,1.5,1.5,1.5,0
ILC,2018-11-14,1.5,1.5,1.5,1.5,0
ILC,2018-11-15,1.5,1.5,1.5,1.5,0
ILC,2018-11-16,1.5,1.5,1.5,1.5,0
ILC,2018-11-19,1.5,1.5,1.5,1.5,0
ILC,2018-11-20,1.5,1.5,1.5,1.5,0
ILC,2018-11-21,1.5,1.5,1.5,1.5,0
ILC,2018-11-22,1.5,1.5,1.5,1.5,0
ILC,2018-11-23,1.5,1.5,1.5,1.5,0
ILC,2018-11-26,1.5,1.5,1.5,1.5,0
ILC,2018-11-27,1.5,1.5,1.5,1.5,0
ILC,2018-11-28,1.5,1.5,1.5,1.5,0
ILC,2018-11-29,1.5,1.5,1.5,1.5,0
ILC,2018-11-30,2.1,2.1,2.1,2.1,200
ILC,2018-12-03,2.1,2.1,2.1,2.1,0
ILC,2018-12-04,2.1,2.1,2.1,2.1,0
ILC,2018-12-05,2.1,2.1,2.1,2.1,0
ILC,2018-12-06,2.1,2.1,2.1,2.1,0
ILC,2018-12-07,2.0,2.4,1.8,1.8,1350
ILC,2018-12-10,1.9,1.8,1.8,1.8,0
ILC,2018-12-11,1.9,1.8,1.8,1.8,0
ILC,2018-12-12,1.9,1.8,1.8,1.8,0
ILC,2018-12-13,1.9,1.8,1.8,1.8,0
ILC,2018-12-14,2.1,2.1,2.1,2.1,100
ILC,2018-12-17,2.1,2.1,2.1,2.1,0
ILC,2018-12-18,2.1,2.1,2.1,2.1,0
ILC,2018-12-19,2.1,2.1,2.1,2.1,0
ILC,2018-12-20,2.1,2.1,2.1,2.1,0
ILC,2018-12-21,1.8,1.8,1.8,1.8,1000
ILC,2018-12-24,1.8,1.8,1.8,1.8,0
ILC,2018-12-25,1.8,1.8,1.8,1.8,0
ILC,2018-12-26,1.8,1.8,1.8,1.8,0
ILC,2018-12-27,1.8,1.8,1.8,1.8,0
ILC,2018-12-28,1.8,1.8,1.8,1.8,0
ILC,2019-01-02,1.8,1.8,1.8,1.8,0
ILC,2019-01-03,1.8,1.8,1.8,1.8,0
ILC,2019-01-04,1.8,1.8,1.8,1.8,0
ILC,2019-01-07,1.8,1.8,1.8,1.8,0
ILC,2019-01-08,1.8,1.8,1.8,1.8,0
ILC,2019-01-09,1.8,1.8,1.8,1.8,0
ILC,2019-01-10,1.8,1.8,1.8,1.8,0
ILC,2019-01-11,2.0,2.0,2.0,2.0,100
ILC,2019-01-14,2.0,2.0,2.0,2.0,0
ILC,2019-01-15,2.0,2.0,2.0,2.0,0
ILC,2019-01-16,2.0,2.0,2.0,2.0,0
ILC,2019-01-17,2.0,2.0,2.0,2.0,0
ILC,2019-01-18,2.0,2.0,1.8,1.8,2100
ILC,2019-01-21,1.8,1.8,1.8,1.8,0
ILC,2019-01-22,1.8,1.8,1.8,1.8,0
ILC,2019-01-23,1.8,1.8,1.8,1.8,0
ILC,2019-01-24,1.8,1.8,1.8,1.8,0
ILC,2019-01-25,2.0,2.0,2.0,2.0,600
ILC,2019-01-28,2.0,2.0,2.0,2.0,0
ILC,2019-01-29,2.0,2.0,2.0,2.0,0
ILC,2019-01-30,2.0,2.0,2.0,2.0,0
ILC,2019-01-31,2.0,2.0,2.0,2.0,0
ILC,2019-02-01,1.9,1.9,1.9,1.9,100
ILC,2019-02-11,1.9,1.9,1.9,1.9,0
ILC,2019-02-12,1.9,1.9,1.9,1.9,0
ILC,2019-02-13,1.9,1.9,1.9,1.9,0
ILC,2019-02-14,1.9,1.9,1.9,1.9,0
ILC,2019-02-15,1.9,1.9,1.9,1.9,0
ILC,2019-02-18,1.9,1.9,1.9,1.9,0
ILC,2019-02-19,1.9,1.9,1.9,1.9,0
ILC,2019-02-20,1.9,1.9,1.9,1.9,0
ILC,2019-02-21,1.9,1.9,1.9,1.9,0
ILC,2019-02-22,2.0,2.0,2.0,2.0,100
ILC,2019-02-25,2.0,2.0,2.0,2.0,0
ILC,2019-02-26,2.0,2.0,2.0,2.0,0
ILC,2019-02-27,2.0,2.0,2.0,2.0,0
ILC,2019-02-28,2.0,2.0,2.0,2.0,0
ILC,2019-03-01,2.0,2.0,2.0,2.0,0
ILC,2019-03-04,2.0,2.0,2.0,2.0,0
ILC,2019-03-05,2.0,2.0,2.0,2.0,0
ILC,2019-03-06,2.0,2.0,2.0,2.0,0
ILC,2019-03-07,2.0,2.0,2.0,2.0,0
ILC,2019-03-08,1.7,1.7,1.7,1.7,100
ILC,2019-03-11,1.9,1.9,1.9,1.9,4100
ILC,2019-03-12,1.7,1.7,1.7,1.7,500
ILC,2019-03-13,1.9,1.9,1.9,1.9,100
ILC,2019-03-14,2.1,2.1,1.8,1.8,6500
ILC,2019-03-15,2.4,2.4,2.4,2.4,3700
ILC,2019-03-18,2.4,2.4,2.4,2.4,0
ILC,2019-03-19,2.7,2.7,2.7,2.7,100
ILC,2019-03-20,2.7,2.7,2.7,2.7,0
ILC,2019-03-21,2.7,2.7,2.7,2.7,0
ILC,2019-03-22,2.7,2.7,2.7,2.7,0
ILC,2019-03-25,3.0,3.0,3.0,3.0,100
ILC,2019-03-26,3.0,3.0,3.0,3.0,0
ILC,2019-03-27,3.0,3.0,3.0,3.0,0
ILC,2019-03-28,3.0,3.0,3.0,3.0,0
ILC,2019-03-29,3.0,3.0,3.0,3.0,0
ILC,2019-04-01,3.0,3.0,3.0,3.0,0
ILC,2019-04-02,3.0,3.0,3.0,3.0,0
ILC,2019-04-03,2.6,2.6,2.6,2.6,1000
ILC,2019-04-04,2.6,2.6,2.6,2.6,0
ILC,2019-04-05,2.6,2.6,2.6,2.6,0
ILC,2019-04-08,2.6,2.6,2.6,2.6,0
ILC,2019-04-09,2.3,2.3,2.3,2.3,1500
ILC,2019-04-10,2.3,2.3,2.3,2.3,1500
ILC,2019-04-11,2.3,2.3,2.3,2.3,0
ILC,2019-04-12,2.3,2.3,2.3,2.3,0
ILC,2019-04-16,2.3,2.3,2.3,2.3,0
ILC,2019-04-17,2.3,2.3,2.3,2.3,0
ILC,2019-04-18,2.3,2.3,2.3,2.3,0
ILC,2019-04-19,2.3,2.3,2.3,2.3,0
ILC,2019-04-22,2.3,2.3,2.3,2.3,0
ILC,2019-04-23,2.3,2.3,2.3,2.3,0
ILC,2019-04-24,2.3,2.3,2.3,2.3,0
ILC,2019-04-25,2.3,2.5,2.2,2.2,2100
ILC,2019-04-26,2.7,2.7,2.7,2.7,100
ILC,2019-05-02,2.7,2.7,2.7,2.7,0
ILC,2019-05-03,2.3,2.3,2.3,2.3,500
ILC,2019-05-06,2.3,2.3,2.3,2.3,0
ILC,2019-05-07,2.3,2.3,2.3,2.3,0
ILC,2019-05-08,2.3,2.3,2.3,2.3,0
ILC,2019-05-09,2.3,2.3,2.3,2.3,0
ILC,2019-05-10,2.3,2.3,2.3,2.3,0
ILC,2019-05-13,2.3,2.3,2.3,2.3,0
ILC,2019-05-14,2.3,2.3,2.3,2.3,0
ILC,2019-05-15,2.3,2.3,2.3,2.3,0
ILC,2019-05-16,2.3,2.3,2.3,2.3,0
ILC,2019-05-17,2.3,2.3,2.3,2.3,0
ILC,2019-05-20,2.3,2.3,2.3,2.3,0
ILC,2019-05-21,2.3,2.3,2.3,2.3,0
ILC,2019-05-22,2.3,2.3,2.3,2.3,0
ILC,2019-05-23,2.3,2.3,2.3,2.3,300
ILC,2019-05-24,2.3,2.3,2.3,2.3,0
ILC,2019-05-27,2.3,2.3,2.3,2.3,0
ILC,2019-05-28,2.3,2.3,2.3,2.3,0
ILC,2019-05-29,2.3,2.3,2.3,2.3,0
ILC,2019-05-30,2.3,2.3,2.3,2.3,0
ILC,2019-05-31,2.3,2.3,2.3,2.3,0
ILC,2019-06-03,2.1,2.1,2.1,2.1,500
ILC,2019-06-04,2.1,2.1,2.1,2.1,0
ILC,2019-06-05,2.1,2.1,2.1,2.1,0
ILC,2019-06-06,2.1,2.1,2.1,2.1,0
ILC,2019-06-07,2.1,2.1,2.1,2.1,50
ILC,2019-06-10,2.3,2.3,2.3,2.3,300
ILC,2019-06-11,2.3,2.3,2.3,2.3,50
ILC,2019-06-12,2.3,2.3,2.3,2.3,0
ILC,2019-06-13,2.3,2.3,2.3,2.3,100
ILC,2019-06-14,2.3,2.3,2.3,2.3,0
ILC,2019-06-17,2.3,2.3,2.3,2.3,0
ILC,2019-06-18,2.4,2.4,2.4,2.4,450
ILC,2019-06-19,2.4,2.4,2.4,2.4,0
ILC,2019-06-20,2.4,2.4,2.4,2.4,100
ILC,2019-06-21,2.4,2.4,2.4,2.4,2900
ILC,2019-06-24,2.4,2.4,2.4,2.4,0
ILC,2019-06-25,2.4,2.4,2.4,2.4,0
ILC,2019-06-26,2.4,2.4,2.4,2.4,0
ILC,2019-06-27,2.7,2.7,2.7,2.7,1050
ILC,2019-06-28,2.7,2.7,2.7,2.7,0
ILC,2019-07-01,3.0,3.0,3.0,3.0,100
ILC,2019-07-02,2.9,2.9,2.9,2.9,1100
ILC,2019-07-03,2.9,2.9,2.9,2.9,0
ILC,2019-07-04,2.9,2.9,2.9,2.9,0
ILC,2019-07-05,3.0,3.0,3.0,3.0,900
ILC,2019-07-08,3.0,3.0,3.0,3.0,1000
ILC,2019-07-09,3.0,3.0,3.0,3.0,0
ILC,2019-07-10,3.0,3.0,3.0,3.0,0
ILC,2019-07-11,3.0,3.0,3.0,3.0,0
ILC,2019-07-12,3.0,3.0,3.0,3.0,700
ILC,2019-07-15,3.0,3.0,3.0,3.0,0
ILC,2019-07-16,3.2,3.2,2.7,2.7,300
ILC,2019-07-17,3.0,3.1,3.0,3.1,800
ILC,2019-07-18,3.1,3.1,3.1,3.1,200
ILC,2019-07-19,3.0,3.0,3.0,3.0,300
ILC,2019-07-22,2.7,3.0,2.7,3.0,1300
ILC,2019-07-23,2.9,2.9,2.8,2.8,400
ILC,2019-07-24,2.8,3.0,2.8,3.0,500
ILC,2019-07-25,2.6,2.6,2.6,2.6,100
ILC,2019-07-26,2.9,2.9,2.8,2.9,13600
ILC,2019-07-29,2.9,2.9,2.9,2.9,0
ILC,2019-07-30,2.9,2.9,2.9,2.9,0
ILC,2019-07-31,2.9,2.9,2.9,2.9,0
ILC,2019-08-01,2.5,2.5,2.5,2.5,700
ILC,2019-08-02,2.5,2.5,2.5,2.5,0
ILC,2019-08-05,2.5,2.5,2.5,2.5,0
ILC,2019-08-06,2.5,2.5,2.5,2.5,0
ILC,2019-08-07,2.5,2.5,2.5,2.5,0
ILC,2019-08-08,2.5,2.5,2.5,2.5,0
ILC,2019-08-09,2.5,2.5,2.5,2.5,0
ILC,2019-08-12,2.5,2.5,2.5,2.5,0
ILC,2019-08-13,2.5,2.5,2.5,2.5,0
ILC,2019-08-14,2.5,2.5,2.5,2.5,0
ILC,2019-08-15,2.5,2.5,2.5,2.5,0
ILC,2019-08-16,2.5,2.5,2.5,2.5,0
ILC,2019-08-19,2.5,2.5,2.5,2.5,0
ILC,2019-08-20,2.5,2.5,2.5,2.5,0
ILC,2019-08-21,2.5,2.5,2.5,2.5,0
ILC,2019-08-22,2.5,2.5,2.5,2.5,0
ILC,2019-08-23,2.5,2.5,2.5,2.5,0
ILC,2019-08-26,2.5,2.5,2.5,2.5,0
ILC,2019-08-27,2.5,2.5,2.5,2.5,0
ILC,2019-08-28,2.5,2.5,2.5,2.5,0
ILC,2019-08-29,2.5,2.5,2.5,2.5,0
ILC,2019-08-30,2.5,2.5,2.5,2.5,0
ILC,2019-09-03,2.5,2.5,2.5,2.5,0
ILC,2019-09-04,2.5,2.5,2.5,2.5,0
ILC,2019-09-05,2.5,2.5,2.5,2.5,0
ILC,2019-09-06,2.5,2.5,2.5,2.5,0
ILC,2019-09-09,2.5,2.5,2.5,2.5,0
ILC,2019-09-10,2.5,2.5,2.5,2.5,0
ILC,2019-09-11,2.5,2.5,2.5,2.5,0
ILC,2019-09-12,2.5,2.5,2.5,2.5,0
ILC,2019-09-13,2.5,2.5,2.5,2.5,0
ILC,2019-09-16,2.5,2.5,2.5,2.5,0
ILC,2019-09-17,2.5,2.5,2.5,2.5,0
ILC,2019-09-18,2.5,2.5,2.5,2.5,0
ILC,2019-09-19,2.5,2.5,2.5,2.5,0
ILC,2019-09-20,2.5,2.5,2.5,2.5,0
ILC,2019-09-23,2.5,2.5,2.5,2.5,0
ILC,2019-09-24,2.5,2.5,2.5,2.5,0
ILC,2019-09-25,2.5,2.5,2.5,2.5,0
ILC,2019-09-26,2.5,2.5,2.5,2.5,0
ILC,2019-09-27,2.5,2.5,2.5,2.5,0
ILC,2019-09-30,2.5,2.5,2.5,2.5,0
ILC,2019-10-01,2.5,2.5,2.5,2.5,0
ILC,2019-10-02,2.5,2.5,2.5,2.5,0
ILC,2019-10-03,2.5,2.5,2.5,2.5,0
ILC,2019-10-04,2.5,2.5,2.5,2.5,100
ILC,2019-10-07,2.5,2.5,2.5,2.5,0
ILC,2019-10-08,2.5,2.5,2.5,2.5,0
ILC,2019-10-09,2.5,2.5,2.5,2.5,0
ILC,2019-10-10,2.5,2.5,2.5,2.5,0
ILC,2019-10-11,2.5,2.5,2.5,2.5,0
ILC,2019-10-14,2.5,2.5,2.5,2.5,0
ILC,2019-10-15,2.5,2.5,2.5,2.5,0
ILC,2019-10-16,2.5,2.5,2.5,2.5,0
ILC,2019-10-17,2.5,2.5,2.5,2.5,0
ILC,2019-10-18,2.5,2.5,2.5,2.5,2100
ILC,2019-10-21,2.5,2.5,2.5,2.5,0
ILC,2019-10-22,2.5,2.5,2.5,2.5,0
ILC,2019-10-23,2.5,2.5,2.5,2.5,0
ILC,2019-10-24,2.5,2.5,2.5,2.5,0
ILC,2019-10-25,2.5,2.5,2.5,2.5,0
ILC,2019-10-28,2.5,2.5,2.5,2.5,0
ILC,2019-10-29,2.2,2.2,2.2,2.2,2000
ILC,2019-10-30,1.9,2.5,1.9,2.5,650
ILC,2019-10-31,2.5,2.5,2.5,2.5,0
ILC,2019-11-01,2.6,2.6,2.6,2.6,1500
ILC,2019-11-04,2.6,2.6,2.6,2.6,0
ILC,2019-11-05,2.8,2.8,2.8,2.8,800
ILC,2019-11-06,3.2,3.2,3.2,3.2,175
ILC,2019-11-07,2.8,2.8,2.8,2.8,200
ILC,2019-11-08,2.4,2.4,2.4,2.4,200
ILC,2019-11-11,2.2,2.2,2.2,2.2,100
ILC,2019-11-12,2.2,2.2,2.2,2.2,0
ILC,2019-11-13,2.5,2.5,2.5,2.5,100
ILC,2019-11-14,2.5,2.5,2.5,2.5,0
ILC,2019-11-15,2.8,2.8,2.8,2.8,1300
ILC,2019-11-18,2.8,2.8,2.8,2.8,0
ILC,2019-11-19,2.8,2.8,2.8,2.8,0
ILC,2019-11-20,2.4,2.4,2.4,2.4,300
ILC,2019-11-21,2.4,2.4,2.4,2.4,0
ILC,2019-11-22,2.4,2.4,2.4,2.4,0
ILC,2019-11-25,2.3,2.3,2.3,2.3,200
ILC,2019-11-26,2.0,2.0,2.0,2.0,600
ILC,2019-11-27,2.0,2.0,2.0,2.0,0
ILC,2019-11-28,2.0,2.0,2.0,2.0,0
ILC,2019-11-29,2.3,2.3,2.3,2.3,200
ILC,2019-12-02,2.6,2.6,2.6,2.3,425
ILC,2019-12-03,2.3,2.3,2.3,2.3,1000
ILC,2019-12-04,2.3,2.3,2.3,2.3,0
ILC,2019-12-05,2.6,2.6,2.3,2.3,300
ILC,2019-12-06,2.4,2.3,2.3,2.3,0
ILC,2019-12-09,2.1,2.1,2.1,2.1,300
ILC,2019-12-10,2.1,2.1,2.1,2.1,0
ILC,2019-12-11,2.4,2.4,2.4,2.4,1000
ILC,2019-12-12,2.7,2.7,2.7,2.7,300
ILC,2019-12-13,2.3,2.3,2.3,2.3,100
ILC,2019-12-16,2.6,2.6,2.6,2.6,100
ILC,2019-12-17,2.6,2.6,2.6,2.6,0
ILC,2019-12-18,2.6,2.6,2.6,2.6,0
ILC,2019-12-19,2.6,2.6,2.6,2.6,0
ILC,2019-12-20,2.6,2.6,2.6,2.6,0
ILC,2019-12-23,2.6,2.6,2.6,2.6,0
ILC,2019-12-24,2.6,2.6,2.6,2.6,0
ILC,2019-12-25,2.6,2.6,2.6,2.6,0
ILC,2019-12-26,2.6,2.6,2.6,2.6,0
ILC,2019-12-27,2.6,2.6,2.6,2.6,0
ILC,2019-12-30,2.5,2.5,2.4,2.4,500
ILC,2019-12-31,2.4,2.7,2.4,2.7,1200
ILC,2020-01-02,2.5,2.7,2.5,2.7,800
ILC,2020-01-03,2.4,2.4,2.4,2.4,100
ILC,2020-01-06,2.6,2.7,2.6,2.7,600
ILC,2020-01-07,2.7,2.7,2.7,2.7,800
ILC,2020-01-08,2.7,2.7,2.7,2.7,0
ILC,2020-01-09,2.7,2.7,2.7,2.7,0
ILC,2020-01-10,2.7,2.7,2.7,2.7,0
ILC,2020-01-13,2.7,2.7,2.7,2.7,0
ILC,2020-01-14,2.7,2.7,2.7,2.7,0
ILC,2020-01-15,2.7,2.7,2.4,2.4,700
ILC,2020-01-16,2.7,2.4,2.4,2.4,0
ILC,2020-01-17,2.7,2.4,2.4,2.4,0
ILC,2020-01-20,2.7,2.4,2.4,2.4,0
ILC,2020-01-21,2.7,2.4,2.4,2.4,0
ILC,2020-01-22,2.7,2.4,2.4,2.4,0
ILC,2020-01-30,2.7,2.4,2.4,2.4,0
ILC,2020-01-31,2.4,2.4,2.4,2.4,100
ILC,2020-02-03,2.3,2.3,2.3,2.3,400
ILC,2020-02-04,2.3,2.3,2.3,2.3,5
ILC,2020-02-05,2.3,2.3,2.3,2.3,0
ILC,2020-02-06,2.3,2.3,2.3,2.3,0
ILC,2020-02-07,2.3,2.3,2.3,2.3,0
ILC,2020-02-10,2.3,2.3,2.3,2.3,0
ILC,2020-02-11,2.3,2.3,2.3,2.3,0
ILC,2020-02-12,2.3,2.3,2.3,2.3,0
ILC,2020-02-13,2.3,2.3,2.3,2.3,0
ILC,2020-02-14,2.3,2.3,2.3,2.3,0
ILC,2020-02-17,2.6,2.6,2.3,2.3,1300
ILC,2020-02-18,2.6,2.6,2.6,2.6,200
ILC,2020-02-19,2.9,2.9,2.9,2.9,100
ILC,2020-02-20,2.9,2.9,2.9,2.9,0
ILC,2020-02-21,2.9,2.9,2.9,2.9,0
ILC,2020-02-24,2.9,2.9,2.9,2.9,0
ILC,2020-02-25,2.9,2.9,2.9,2.9,0
ILC,2020-02-26,2.5,2.5,2.5,2.5,100
ILC,2020-02-27,2.8,2.8,2.8,2.8,300
ILC,2020-02-28,2.4,2.4,2.4,2.4,100
ILC,2020-03-02,2.4,2.4,2.4,2.4,0
ILC,2020-03-03,2.4,2.4,2.4,2.4,0
ILC,2020-03-04,2.4,2.4,2.4,2.4,0
ILC,2020-03-05,2.7,2.7,2.7,2.7,800
ILC,2020-03-06,3.0,3.0,3.0,3.0,100
ILC,2020-03-09,3.0,3.0,3.0,3.0,0
ILC,2020-03-10,3.0,3.0,3.0,3.0,0
ILC,2020-03-11,3.0,3.0,3.0,3.0,0
ILC,2020-03-12,3.0,3.0,3.0,3.0,0
ILC,2020-03-13,3.0,3.0,3.0,3.0,0
ILC,2020-03-16,3.0,3.0,3.0,3.0,0
ILC,2020-03-17,3.0,3.0,3.0,3.0,0
ILC,2020-03-18,3.0,3.0,3.0,3.0,0
ILC,2020-03-19,3.0,3.0,3.0,3.0,0
ILC,2020-03-20,2.6,3.1,2.6,2.6,400
ILC,2020-03-23,2.3,2.3,2.3,2.3,800
ILC,2020-03-24,2.2,2.2,2.2,2.2,800
ILC,2020-03-25,2.2,2.2,2.2,2.2,0
ILC,2020-03-26,2.2,2.2,2.2,2.2,0
ILC,2020-03-27,2.2,2.2,2.2,2.2,1000
ILC,2020-03-30,2.2,2.2,2.2,2.2,0
ILC,2020-03-31,2.2,2.2,2.2,2.2,0
ILC,2020-04-01,2.5,2.5,2.5,2.5,200
ILC,2020-04-03,2.8,2.8,2.8,2.8,100
ILC,2020-04-06,2.8,2.8,2.8,2.8,0
ILC,2020-04-07,2.8,2.8,2.8,2.8,0
ILC,2020-04-08,2.4,2.4,2.4,2.4,100
ILC,2020-04-09,2.4,2.4,2.4,2.4,0
ILC,2020-04-10,2.4,2.4,2.4,2.4,0
ILC,2020-04-13,2.4,2.4,2.4,2.4,0
ILC,2020-04-14,2.4,2.4,2.4,2.4,0
ILC,2020-04-15,2.4,2.4,2.4,2.4,0
ILC,2020-04-16,2.4,2.4,2.4,2.4,0
ILC,2020-04-17,2.4,2.4,2.4,2.4,0
ILC,2020-04-20,2.4,2.4,2.4,2.4,0
ILC,2020-04-21,2.2,2.2,2.2,2.2,300
ILC,2020-04-22,2.2,2.2,2.2,2.2,0
ILC,2020-04-23,2.2,2.2,2.2,2.2,0
ILC,2020-04-24,2.2,2.2,2.2,2.2,0
ILC,2020-04-27,2.2,2.2,2.2,2.2,0
ILC,2020-04-28,2.2,2.2,2.2,2.2,0
ILC,2020-04-29,2.2,2.2,2.2,2.2,0
ILC,2020-05-04,2.2,2.2,2.2,2.2,0
ILC,2020-05-05,2.0,2.0,2.0,2.0,100
ILC,2020-05-06,2.0,2.0,2.0,2.0,0
ILC,2020-05-07,2.3,2.3,2.3,2.3,400
ILC,2020-05-08,2.6,2.6,2.6,2.6,300
ILC,2020-05-11,2.4,2.9,2.4,2.9,1500
ILC,2020-05-12,2.3,3.1,2.3,2.4,2000
ILC,2020-05-13,2.5,3.0,2.5,3.0,2000
ILC,2020-05-14,3.2,3.2,3.2,3.2,300
ILC,2020-05-15,2.8,3.2,2.8,2.8,5900
ILC,2020-05-18,3.2,3.3,2.5,2.5,3750
ILC,2020-05-19,2.6,3.2,2.6,2.7,1800
ILC,2020-05-20,2.7,2.7,2.5,2.5,3100
ILC,2020-05-21,2.8,2.8,2.8,2.8,1000
ILC,2020-05-22,3.0,3.0,3.0,3.0,310
ILC,2020-05-25,2.7,3.0,2.7,3.0,900
ILC,2020-05-26,2.7,3.0,2.6,2.6,5600
ILC,2020-05-27,2.6,2.6,2.6,2.6,250
ILC,2020-05-28,2.6,2.6,2.6,2.6,0
ILC,2020-05-29,2.9,2.9,2.5,2.9,1800
ILC,2020-06-01,2.7,2.7,2.7,2.7,100
ILC,2020-06-02,3.0,3.0,2.7,3.0,1500
ILC,2020-06-03,2.9,3.0,3.0,3.0,0
ILC,2020-06-04,2.7,2.7,2.5,2.5,7200
ILC,2020-06-05,2.6,2.6,2.6,2.6,3500
ILC,2020-06-08,2.8,2.9,2.5,2.6,8250
ILC,2020-06-09,3.1,3.1,3.1,3.1,1524100
ILC,2020-06-10,3.5,3.5,2.8,2.9,700
ILC,2020-06-11,2.8,2.8,2.8,2.8,200
ILC,2020-06-12,2.6,2.6,2.6,2.6,500
ILC,2020-06-15,2.9,2.9,2.9,2.9,4000
ILC,2020-06-16,2.9,2.9,2.9,2.9,0
ILC,2020-06-17,2.7,2.9,2.7,2.9,300
ILC,2020-06-18,2.8,2.9,2.9,2.9,0
ILC,2020-06-19,3.2,3.2,3.2,3.2,500
ILC,2020-06-22,2.8,3.5,2.8,3.5,200
ILC,2020-06-23,2.9,2.9,2.9,2.9,100
ILC,2020-06-24,3.1,3.1,3.1,3.1,1500
ILC,2020-06-25,3.1,3.1,3.1,3.1,400
ILC,2020-06-26,3.1,3.1,3.1,3.1,40
ILC,2020-06-29,2.8,2.8,2.8,2.8,100
ILC,2020-06-30,2.8,2.8,2.8,2.8,0
ILC,2020-07-01,3.0,3.0,3.0,3.0,8000
ILC,2020-07-02,3.0,3.0,3.0,3.0,0
ILC,2020-07-03,3.0,3.0,3.0,3.0,75
ILC,2020-07-06,3.0,3.0,3.0,3.0,0
ILC,2020-07-07,2.7,2.7,2.7,2.7,2100
ILC,2020-07-08,2.7,3.1,2.7,2.9,44700
ILC,2020-07-09,2.9,2.9,2.9,2.9,0
ILC,2020-07-10,3.0,3.0,3.0,3.0,1200
ILC,2020-07-13,3.0,3.0,3.0,3.0,0
ILC,2020-07-14,3.0,3.0,3.0,3.0,100
ILC,2020-07-15,3.0,3.0,3.0,3.0,0
ILC,2020-07-16,3.4,3.4,2.9,2.9,400
ILC,2020-07-17,3.2,2.9,2.9,2.9,0
ILC,2020-07-20,3.2,3.2,3.2,3.2,2550
ILC,2020-07-21,3.2,3.2,3.2,3.2,0
ILC,2020-07-22,3.2,3.2,3.2,3.2,0
ILC,2020-07-23,3.2,3.2,3.2,3.2,0
ILC,2020-07-24,3.2,3.2,3.2,3.2,0
ILC,2020-07-27,3.2,3.2,3.2,3.2,0
ILC,2020-07-28,3.2,3.2,3.2,3.2,50
ILC,2020-07-29,3.2,3.2,3.2,3.2,0
ILC,2020-07-30,3.2,3.2,3.2,3.2,0
ILC,2020-07-31,3.2,3.2,3.2,3.2,950
ILC,2020-08-03,3.2,3.2,3.2,3.2,0
ILC,2020-08-04,3.2,3.2,3.2,3.2,0
ILC,2020-08-05,3.1,3.1,3.1,3.1,1000
ILC,2020-08-06,3.1,3.1,3.1,3.1,0
ILC,2020-08-07,3.1,3.1,3.1,3.1,0
ILC,2020-08-10,3.1,3.1,3.1,3.1,0
ILC,2020-08-11,3.1,3.1,3.1,3.1,0
ILC,2020-08-12,3.1,3.1,3.1,3.1,0
ILC,2020-08-13,3.1,3.1,3.1,3.1,0
ILC,2020-08-14,3.1,3.1,3.1,3.1,0
ILC,2020-08-17,3.1,3.1,3.1,3.1,0
ILC,2020-08-18,3.1,3.1,3.1,3.1,0
ILC,2020-08-19,3.1,3.1,3.1,3.1,0
ILC,2020-08-20,3.1,3.1,3.1,3.1,300
ILC,2020-08-21,3.1,3.1,3.1,3.1,0
ILC,2020-08-24,3.1,3.1,3.1,3.1,0
ILC,2020-08-25,3.1,3.1,3.1,3.1,0
ILC,2020-08-26,3.1,3.1,3.1,3.1,1
ILC,2020-08-27,3.1,3.1,3.1,3.1,0
ILC,2020-08-28,3.1,3.1,3.1,3.1,0
ILC,2020-08-31,3.1,3.1,3.1,3.1,0
ILC,2020-09-01,3.1,3.1,3.1,3.1,0
ILC,2020-09-03,3.1,3.1,3.1,3.1,0
ILC,2020-09-04,3.1,3.1,3.1,3.1,0
ILC,2020-09-07,3.1,3.1,3.1,3.1,0
ILC,2020-09-08,3.1,3.1,3.1,3.1,0
ILC,2020-09-09,3.1,3.1,3.1,3.1,0
ILC,2020-09-10,3.1,3.1,3.1,3.1,0
ILC,2020-09-11,3.1,3.1,3.1,3.1,0
ILC,2020-09-14,3.1,3.1,3.1,3.1,0
ILC,2020-09-15,3.1,3.1,3.1,3.1,0
ILC,2020-09-16,2.8,2.9,2.7,2.9,11500
ILC,2020-09-17,2.8,2.9,2.9,2.9,0
ILC,2020-09-18,2.8,2.9,2.9,2.9,0
ILC,2020-09-21,3.2,3.2,3.2,3.2,3050
ILC,2020-09-22,3.5,3.5,3.5,3.5,500
ILC,2020-09-23,3.5,3.5,3.5,3.5,0
ILC,2020-09-24,3.5,3.5,3.5,3.5,1000
ILC,2020-09-25,3.5,3.5,3.5,3.5,0
ILC,2020-09-28,3.5,3.5,3.5,3.5,1000
ILC,2020-09-29,3.5,3.5,3.5,3.5,1000
ILC,2020-09-30,3.5,3.5,3.5,3.5,500
ILC,2020-10-01,3.5,3.5,3.5,3.5,0
ILC,2020-10-02,3.5,3.5,3.5,3.5,0
ILC,2020-10-05,3.5,3.5,3.5,3.5,0
ILC,2020-10-06,3.5,3.5,3.5,3.5,0
ILC,2020-10-07,3.5,3.5,3.5,3.5,0
ILC,2020-10-08,3.5,3.5,3.5,3.5,0
ILC,2020-10-09,3.5,3.5,3.5,3.5,0
ILC,2020-10-12,3.5,3.5,3.5,3.5,0
ILC,2020-10-13,3.5,3.5,3.5,3.5,0
ILC,2020-10-14,3.5,3.5,3.5,3.5,0
ILC,2020-10-15,3.5,3.5,3.5,3.5,0
ILC,2020-10-16,3.5,3.5,3.5,3.5,0
ILC,2020-10-19,3.5,3.5,3.5,3.5,0
ILC,2020-10-20,3.5,3.5,3.5,3.5,0
ILC,2020-10-21,3.5,3.5,3.5,3.5,0
ILC,2020-10-22,3.5,3.5,3.5,3.5,0
ILC,2020-10-23,3.5,3.5,3.5,3.5,0
ILC,2020-10-26,3.5,3.5,3.5,3.5,0
ILC,2020-10-27,3.5,3.5,3.5,3.5,0
ILC,2020-10-28,3.5,3.5,3.5,3.5,0
ILC,2020-10-29,3.5,3.5,3.5,3.5,0
ILC,2020-10-30,3.5,3.5,3.5,3.5,0
ILC,2020-11-02,3.5,3.5,3.5,3.5,0
ILC,2020-11-03,3.5,3.5,3.5,3.5,0
ILC,2020-11-04,3.5,3.5,3.5,3.5,0
ILC,2020-11-05,3.5,3.5,3.5,3.5,0
ILC,2020-11-06,3.1,3.1,3.1,3.1,100
ILC,2020-11-09,3.1,3.1,3.1,3.1,0
ILC,2020-11-10,3.1,3.1,3.1,3.1,0
ILC,2020-11-11,3.1,3.1,3.1,3.1,0
ILC,2020-11-12,3.1,3.1,3.1,3.1,0
ILC,2020-11-13,3.0,3.5,3.0,3.5,2600
ILC,2020-11-16,3.5,3.5,3.5,3.5,300
ILC,2020-11-17,3.1,3.1,3.1,3.1,600
ILC,2020-11-18,3.5,3.5,3.5,3.5,1900
ILC,2020-11-19,4.0,4.0,4.0,4.0,500
ILC,2020-11-20,3.5,4.5,3.5,3.5,2000
ILC,2020-11-23,3.7,3.5,3.5,3.5,0
ILC,2020-11-24,3.7,3.5,3.5,3.5,0
ILC,2020-11-25,3.7,3.5,3.5,3.5,0
ILC,2020-11-26,3.7,3.5,3.5,3.5,0
ILC,2020-11-27,3.7,3.5,3.5,3.5,0
ILC,2020-11-30,3.7,3.5,3.5,3.5,0
ILC,2020-12-01,3.7,3.7,3.7,3.7,200
ILC,2020-12-02,3.7,3.7,3.7,3.7,0
ILC,2020-12-03,3.7,3.7,3.7,3.7,0
ILC,2020-12-04,3.8,3.8,3.8,3.8,1500
ILC,2020-12-07,3.8,3.8,3.8,3.8,0
ILC,2020-12-08,3.8,3.8,3.8,3.8,0
ILC,2020-12-09,3.8,3.8,3.8,3.8,0
ILC,2020-12-10,3.8,3.8,3.8,3.8,0
ILC,2020-12-11,3.8,3.8,3.8,3.8,0
ILC,2020-12-14,3.8,3.8,3.8,3.8,10
ILC,2020-12-15,3.8,3.8,3.8,3.8,0
ILC,2020-12-16,3.8,3.8,3.8,3.8,0
ILC,2020-12-17,3.8,3.8,3.8,3.8,0
ILC,2020-12-18,3.8,3.8,3.8,3.8,0
ILC,2020-12-21,3.8,3.8,3.8,3.8,0
ILC,2020-12-22,3.8,3.8,3.8,3.8,0
ILC,2020-12-23,3.8,3.8,3.8,3.8,0
ILC,2020-12-24,3.8,3.8,3.8,3.8,0
ILC,2020-12-25,3.3,3.3,3.3,3.3,500
ILC,2020-12-28,3.3,3.3,3.3,3.3,50
ILC,2020-12-29,3.3,3.3,3.3,3.3,0
ILC,2020-12-30,3.3,3.3,3.3,3.3,0
ILC,2020-12-31,3.3,3.3,3.3,3.3,100
ILC,2021-01-04,3.0,3.0,3.0,3.0,200
ILC,2021-01-05,3.0,3.0,3.0,3.0,0
ILC,2021-01-06,3.0,3.0,3.0,3.0,0
ILC,2021-01-07,3.0,3.0,3.0,3.0,0
ILC,2021-01-08,3.0,3.0,3.0,3.0,0
ILC,2021-01-11,3.0,3.0,3.0,3.0,0
ILC,2021-01-12,3.0,3.0,3.0,3.0,0
ILC,2021-01-13,3.0,3.0,3.0,3.0,0
ILC,2021-01-14,3.0,3.1,3.0,3.0,1550
ILC,2021-01-15,3.0,3.0,3.0,3.0,0
ILC,2021-01-18,3.0,3.0,3.0,3.0,0
ILC,2021-01-19,3.0,3.0,3.0,3.0,0
ILC,2021-01-20,3.4,3.4,3.4,3.4,100
ILC,2021-01-21,3.1,3.1,3.1,3.1,500
ILC,2021-01-22,3.1,3.1,3.1,3.1,1200
ILC,2021-01-25,3.1,3.1,3.1,3.1,0
ILC,2021-01-26,3.5,3.5,3.5,3.5,1000
ILC,2021-01-27,4.0,4.0,3.9,3.9,1800
ILC,2021-01-28,3.9,3.9,3.9,3.9,500
ILC,2021-01-29,3.9,3.9,3.9,3.9,0
ILC,2021-02-01,4.0,4.0,4.0,4.0,500
ILC,2021-02-02,4.0,4.5,4.0,4.5,4650
ILC,2021-02-03,4.0,4.5,4.5,4.5,0
ILC,2021-02-04,4.0,4.5,4.5,4.5,0
ILC,2021-02-05,4.6,4.6,4.6,4.6,100
ILC,2021-02-08,4.0,5.1,4.0,5.1,2000
ILC,2021-02-09,4.1,4.1,4.1,4.1,100
ILC,2021-02-17,4.1,4.1,4.1,4.1,0
ILC,2021-02-18,4.5,4.7,4.5,4.7,3700
ILC,2021-02-19,4.5,4.5,4.5,4.5,1400
ILC,2021-02-22,4.5,4.5,4.5,4.5,1600
ILC,2021-02-23,4.5,4.5,4.5,4.5,1200
ILC,2021-02-24,4.5,4.5,4.5,4.5,1800
ILC,2021-02-25,4.5,4.5,4.5,4.5,1800
ILC,2021-02-26,4.5,4.5,4.5,4.5,1200
ILC,2021-03-01,4.5,4.5,4.5,4.5,0
ILC,2021-03-02,4.5,4.5,4.5,4.5,1800
ILC,2021-03-03,4.5,4.5,4.5,4.5,4100
ILC,2021-03-04,4.5,4.5,4.5,4.5,2400
ILC,2021-03-05,4.5,4.5,4.5,4.5,0
ILC,2021-03-08,4.5,4.5,4.5,4.5,0
ILC,2021-03-09,4.5,4.5,4.5,4.5,0
ILC,2021-03-10,4.5,4.5,4.5,4.5,1700
ILC,2021-03-11,4.6,4.6,4.6,4.6,1100
ILC,2021-03-12,4.6,4.6,4.6,4.6,75
ILC,2021-03-15,4.6,4.6,4.6,4.6,0
ILC,2021-03-16,4.6,4.6,4.6,4.6,0
ILC,2021-03-17,4.8,4.8,4.8,4.8,100
ILC,2021-03-18,4.6,4.6,4.6,4.6,100
ILC,2021-03-19,4.6,4.6,4.6,4.6,1
ILC,2021-03-22,4.4,4.4,4.4,4.4,500
ILC,2021-03-23,4.6,4.6,4.4,4.4,1620
ILC,2021-03-24,4.5,4.5,4.5,4.4,30
ILC,2021-03-25,4.5,4.4,4.4,4.4,0
ILC,2021-03-26,4.5,4.4,4.4,4.4,0
ILC,2021-03-29,4.5,4.4,4.4,4.4,0
ILC,2021-03-30,4.5,4.5,4.5,4.5,300
ILC,2021-03-31,4.5,4.5,4.5,4.5,0
ILC,2021-04-01,4.5,4.5,4.5,4.5,50
ILC,2021-04-02,4.5,4.5,4.5,4.5,350
ILC,2021-04-05,4.5,4.5,4.5,4.5,0
ILC,2021-04-06,4.5,4.5,4.5,4.5,0
ILC,2021-04-07,4.5,4.6,4.5,4.6,300
ILC,2021-04-08,4.5,4.5,4.5,4.5,100
ILC,2021-04-09,5.1,5.1,5.1,5.1,100
ILC,2021-04-12,5.7,5.7,5.7,5.7,100
ILC,2021-04-13,6.4,6.5,6.4,6.5,600
ILC,2021-04-14,6.5,6.5,6.5,6.5,0
ILC,2021-04-15,7.3,7.3,7.3,7.3,2600
ILC,2021-04-16,7.3,7.3,7.3,7.3,0
ILC,2021-04-19,7.3,7.3,7.3,7.3,0
ILC,2021-04-20,7.3,7.3,7.3,7.3,0
ILC,2021-04-22,7.3,7.3,7.3,7.3,0
ILC,2021-04-23,7.3,7.3,7.3,7.3,0
ILC,2021-04-26,6.3,6.3,6.3,6.3,100
ILC,2021-04-27,6.3,6.3,5.4,5.4,1300
ILC,2021-04-28,6.3,6.3,4.7,4.8,6000
ILC,2021-04-29,6.0,6.0,4.7,4.8,5200
ILC,2021-05-04,4.6,4.6,4.6,4.6,100
ILC,2021-05-05,4.6,4.6,4.6,4.6,0
ILC,2021-05-06,4.5,4.5,4.5,4.5,300
ILC,2021-05-07,4.5,4.5,4.5,4.5,0
ILC,2021-05-10,4.1,4.1,4.1,4.1,100
ILC,2021-05-11,4.1,4.1,4.1,4.1,25
ILC,2021-05-12,4.1,4.1,4.1,4.1,0
ILC,2021-05-13,4.1,4.1,4.1,4.1,0
ILC,2021-05-14,4.5,4.5,4.5,4.5,300
ILC,2021-05-17,4.4,4.4,4.4,4.4,100
ILC,2021-05-18,4.2,4.2,4.2,4.2,100
ILC,2021-05-19,3.7,3.7,3.7,3.7,400
ILC,2021-05-20,3.7,3.7,3.7,3.7,0
ILC,2021-05-21,3.3,3.6,3.3,3.6,1400
ILC,2021-05-24,4.1,4.1,4.1,4.1,700
ILC,2021-05-25,3.8,3.8,3.8,3.8,100
ILC,2021-05-26,3.8,3.8,3.8,3.8,0
ILC,2021-05-27,3.4,3.4,3.4,3.4,250
ILC,2021-05-28,3.4,3.4,3.4,3.4,0
ILC,2021-05-31,3.4,3.4,3.4,3.4,0
ILC,2021-06-01,3.9,3.9,3.9,3.9,600
ILC,2021-06-02,3.5,4.4,3.5,3.7,700
ILC,2021-06-03,4.7,4.7,4.7,4.7,1075
ILC,2021-06-04,5.3,5.3,4.8,4.8,1200
ILC,2021-06-07,5.1,5.1,4.4,4.4,400
ILC,2021-06-08,4.9,4.9,4.9,4.9,100
ILC,2021-06-09,4.9,4.9,4.9,4.9,0
ILC,2021-06-10,4.9,4.9,4.9,4.9,0
ILC,2021-06-11,4.9,4.9,4.9,4.9,0
ILC,2021-06-14,4.2,5.6,4.2,4.2,1000
ILC,2021-06-15,3.9,3.9,3.9,3.9,200
ILC,2021-06-16,4.4,4.4,4.4,4.4,3100
ILC,2021-06-17,5.0,5.0,5.0,5.0,900
ILC,2021-06-18,4.3,4.3,4.3,4.3,100
ILC,2021-06-21,4.4,4.9,4.4,4.9,401
ILC,2021-06-22,5.5,5.5,5.5,5.5,2400
ILC,2021-06-23,6.3,6.3,6.3,6.3,2010
ILC,2021-06-24,7.2,7.2,7.2,7.2,3601
ILC,2021-06-25,6.2,8.2,6.2,6.4,12700
ILC,2021-06-28,5.8,7.8,5.8,6.4,7901
ILC,2021-06-29,7.7,7.7,6.3,7.7,1959
ILC,2021-06-30,6.6,6.6,6.6,6.6,100
ILC,2021-07-01,6.3,7.5,6.2,6.2,900
ILC,2021-07-02,5.5,5.5,5.5,5.5,100
ILC,2021-07-05,5.5,5.5,5.5,5.5,0
ILC,2021-07-06,5.5,5.5,5.5,5.5,0
ILC,2021-07-07,5.5,5.5,5.5,5.5,0
ILC,2021-07-08,5.4,6.3,5.4,6.3,2800
ILC,2021-07-09,6.8,7.0,6.7,6.7,6314
ILC,2021-07-12,6.3,6.3,6.0,6.0,1800
ILC,2021-07-13,7.0,7.0,7.0,7.0,5000
ILC,2021-07-14,7.0,7.0,6.0,6.0,1100
ILC,2021-07-15,6.2,6.0,6.0,6.0,0
ILC,2021-07-16,6.2,6.0,6.0,6.0,0
ILC,2021-07-19,6.2,6.0,6.0,6.0,0
ILC,2021-07-20,6.2,6.0,6.0,6.0,0
ILC,2021-07-21,6.2,6.0,6.0,6.0,0
ILC,2021-07-22,6.2,6.0,6.0,6.0,0
ILC,2021-07-23,6.2,6.0,6.0,6.0,0
ILC,2021-07-26,6.2,6.0,6.0,6.0,0
ILC,2021-07-27,6.2,6.0,6.0,6.0,0
ILC,2021-07-28,6.2,6.0,6.0,6.0,0
ILC,2021-07-29,6.2,6.0,6.0,6.0,0
ILC,2021-07-30,6.2,6.0,6.0,6.0,0
ILC,2021-08-02,6.2,6.2,6.2,6.2,0
ILC,2021-08-03,6.2,6.0,6.0,6.0,0
ILC,2021-08-04,6.2,6.0,6.0,6.0,0
ILC,2021-08-05,6.2,6.0,6.0,6.0,0
ILC,2021-08-06,6.3,7.1,6.3,7.1,7900
ILC,2021-08-09,7.1,7.1,7.1,7.1,0
ILC,2021-08-10,7.1,7.1,7.1,7.1,0
ILC,2021-08-11,7.1,7.1,7.1,7.1,0
ILC,2021-08-12,7.1,7.1,7.1,7.1,0
ILC,2021-08-13,6.6,6.6,6.6,6.6,100
ILC,2021-08-16,6.6,6.6,6.6,6.6,0
ILC,2021-08-17,6.6,6.6,6.6,6.6,0
ILC,2021-08-18,6.6,6.6,6.6,6.6,0
ILC,2021-08-19,6.6,6.6,6.6,6.6,0
ILC,2021-08-20,6.0,7.5,6.0,6.8,21800
ILC,2021-08-23,6.8,6.8,6.8,6.8,0
ILC,2021-08-24,6.8,6.8,6.8,6.8,0
ILC,2021-08-25,6.8,6.8,6.8,6.8,0
ILC,2021-08-26,6.8,6.8,6.8,6.8,0
ILC,2021-08-27,5.8,6.5,5.8,6.5,1260
ILC,2021-08-30,5.9,5.9,5.9,5.9,0
ILC,2021-08-31,5.9,5.9,5.9,5.9,0
ILC,2021-09-01,5.9,5.9,5.9,5.9,0
ILC,2021-09-06,5.9,6.5,6.5,6.5,0
ILC,2021-09-07,5.9,6.5,6.5,6.5,0
ILC,2021-09-08,5.9,5.9,5.9,5.9,0
ILC,2021-09-09,5.9,5.9,5.9,5.9,0
ILC,2021-09-10,6.7,6.7,6.0,6.0,2500
ILC,2021-09-13,6.1,6.1,6.1,6.1,0
ILC,2021-09-14,6.1,6.1,6.1,6.1,0
ILC,2021-09-15,6.1,6.1,6.1,6.1,0
ILC,2021-09-16,6.1,6.1,6.1,6.1,0
ILC,2021-09-17,7.0,7.0,7.0,7.0,540
ILC,2021-09-20,7.0,7.0,7.0,7.0,0
ILC,2021-09-21,7.0,7.0,7.0,7.0,0
ILC,2021-09-22,7.0,7.0,7.0,7.0,0
ILC,2021-09-23,7.0,7.0,7.0,7.0,0
ILC,2021-09-24,7.0,8.0,7.0,8.0,2625
ILC,2021-09-27,8.0,8.0,8.0,8.0,0
ILC,2021-09-28,8.0,8.0,8.0,8.0,0
ILC,2021-09-29,8.0,8.0,8.0,8.0,0
ILC,2021-09-30,8.0,8.0,8.0,8.0,0
ILC,2021-10-01,7.2,7.2,7.2,7.2,200
ILC,2021-10-04,7.2,7.2,7.2,7.2,0
ILC,2021-10-05,7.2,7.2,7.2,7.2,0
ILC,2021-10-06,7.2,7.2,7.2,7.2,0
ILC,2021-10-07,7.2,7.2,7.2,7.2,0
ILC,2021-10-08,7.1,8.2,7.1,8.2,1000
ILC,2021-10-11,7.9,7.9,7.9,7.9,0
ILC,2021-10-12,7.9,7.9,7.9,7.9,0
ILC,2021-10-13,7.9,7.9,7.9,7.9,0
ILC,2021-10-14,7.9,7.9,7.9,7.9,0
ILC,2021-10-15,7.9,7.9,7.9,7.9,0
ILC,2021-10-18,7.9,7.9,7.9,7.9,0
ILC,2021-10-19,7.9,7.9,7.9,7.9,0
ILC,2021-10-20,7.9,7.9,7.9,7.9,0
ILC,2021-10-21,7.9,7.9,7.9,7.9,0
ILC,2021-10-22,6.8,9.0,6.8,9.0,7500
ILC,2021-10-25,8.0,8.0,8.0,8.0,0
ILC,2021-10-26,8.0,8.0,8.0,8.0,0
ILC,2021-10-27,8.0,8.0,8.0,8.0,0
ILC,2021-10-28,8.0,8.0,8.0,8.0,0
ILC,2021-10-29,6.8,9.2,6.8,7.6,5500
ILC,2021-11-01,7.8,7.8,7.8,7.8,0
ILC,2021-11-02,7.8,7.8,7.8,7.8,0
ILC,2021-11-03,7.8,7.8,7.8,7.8,0
ILC,2021-11-04,7.8,7.8,7.8,7.8,0
ILC,2021-11-05,6.7,8.9,6.7,7.1,23820
ILC,2021-11-08,7.5,7.5,7.5,7.5,0
ILC,2021-11-09,7.5,7.5,7.5,7.5,0
ILC,2021-11-10,8.6,8.6,8.6,8.6,4600
ILC,2021-11-11,9.8,9.8,9.8,9.8,6001
ILC,2021-11-12,9.0,9.0,9.0,9.0,5650
ILC,2021-11-15,8.5,10.3,8.5,8.7,1850
ILC,2021-11-16,8.8,8.8,8.8,8.8,919
ILC,2021-11-17,10.1,10.1,7.5,7.6,1249
ILC,2021-11-18,8.8,8.9,8.8,8.9,1600
ILC,2021-11-19,10.2,10.2,10.2,10.2,9200
ILC,2021-11-22,8.7,8.8,8.7,8.7,1805
ILC,2021-11-23,10.0,10.0,10.0,10.0,5700
ILC,2021-11-24,11.5,11.5,11.5,11.5,3050
ILC,2021-11-25,11.5,11.5,11.5,11.5,0
ILC,2021-11-26,9.8,9.8,9.8,9.8,22800
ILC,2021-11-29,8.4,10.5,8.4,9.0,2700
ILC,2021-11-30,9.5,10.0,8.8,10.0,18660
ILC,2021-12-01,8.8,10.5,8.8,10.5,9235
ILC,2021-12-02,10.2,10.5,9.5,10.5,4350
ILC,2021-12-03,9.0,9.0,9.0,9.0,200
ILC,2021-12-06,9.0,9.0,9.0,9.0,0
ILC,2021-12-07,7.8,10.3,7.8,10.3,10200
ILC,2021-12-08,8.5,8.5,8.5,8.5,1300
ILC,2021-12-09,8.5,8.5,8.5,8.5,50
ILC,2021-12-10,8.3,8.3,8.2,8.2,1355
ILC,2021-12-13,9.4,9.4,9.0,9.0,2000
ILC,2021-12-14,9.0,9.0,9.0,9.0,1734
ILC,2021-12-15,9.0,9.0,8.6,8.6,900
ILC,2021-12-16,7.8,10.0,7.8,8.5,600
ILC,2021-12-17,7.8,9.0,7.8,9.0,600
ILC,2021-12-20,8.3,9.0,8.3,9.0,300
ILC,2021-12-21,8.4,9.0,8.4,9.0,4300
ILC,2021-12-22,9.1,9.1,9.1,9.1,1401
ILC,2021-12-23,8.9,8.9,8.9,8.9,4600
ILC,2021-12-24,9.0,9.0,9.0,9.0,4500
ILC,2021-12-27,9.0,9.0,9.0,9.0,4100
ILC,2021-12-28,9.0,9.0,9.0,9.0,220
ILC,2021-12-29,9.0,9.0,9.0,9.0,8500
ILC,2021-12-30,9.0,9.0,9.0,9.0,700
ILC,2021-12-31,9.0,9.0,9.0,9.0,100
ILC,2022-01-04,9.0,9.2,8.0,9.2,2550
ILC,2022-01-05,9.0,9.0,9.0,9.0,800
ILC,2022-01-06,9.0,9.1,9.0,9.1,4100
ILC,2022-01-07,9.0,9.0,8.6,8.6,600
ILC,2022-01-10,9.0,9.0,9.0,9.0,600
ILC,2022-01-11,9.0,9.2,9.0,9.2,5300
ILC,2022-01-12,9.0,9.0,9.0,9.0,0
ILC,2022-01-13,9.0,9.0,9.0,9.0,50
ILC,2022-01-14,9.0,9.1,9.0,9.1,3100
ILC,2022-01-17,9.0,9.0,9.0,9.0,1600
ILC,2022-01-18,9.0,9.0,9.0,9.0,4500
ILC,2022-01-19,9.0,9.0,9.0,9.0,0
ILC,2022-01-20,9.0,9.0,9.0,9.0,1500
ILC,2022-01-21,9.0,9.0,9.0,9.0,1175
ILC,2022-01-24,8.0,8.0,8.0,8.0,2025
ILC,2022-01-25,8.0,8.0,8.0,8.0,72
ILC,2022-01-26,8.6,9.0,8.6,9.0,1900
ILC,2022-01-27,8.9,9.1,8.8,9.1,20175
ILC,2022-01-28,9.0,9.0,9.0,9.0,3400
ILC,2022-02-07,9.0,9.0,9.0,9.0,0
ILC,2022-02-08,9.0,9.1,9.0,9.1,3300
ILC,2022-02-09,9.1,9.1,9.0,9.0,4600
ILC,2022-02-10,10.4,10.4,9.2,9.2,497
ILC,2022-02-11,10.0,10.0,10.0,10.0,0
ILC,2022-02-14,10.0,10.0,10.0,10.0,0
ILC,2022-02-15,9.2,9.2,9.2,9.2,400
ILC,2022-02-16,9.2,9.2,9.2,9.2,100
ILC,2022-02-17,9.2,9.2,9.2,9.2,0
ILC,2022-02-18,9.2,9.2,9.2,9.2,0
ILC,2022-02-21,9.2,9.3,9.2,9.3,2700
ILC,2022-02-22,10.5,10.5,10.0,10.0,5400
ILC,2022-02-23,9.1,9.1,9.1,9.1,500
ILC,2022-02-24,9.1,9.5,9.1,9.5,1100
ILC,2022-02-25,9.5,10.0,9.5,9.5,10000
ILC,2022-02-28,9.5,9.5,9.5,9.5,100
ILC,2022-03-01,9.5,9.5,9.3,9.5,2600
ILC,2022-03-02,9.5,9.5,9.5,9.5,3000
ILC,2022-03-03,9.5,9.5,9.5,9.5,6000
ILC,2022-03-04,8.1,8.1,8.1,8.1,200
ILC,2022-03-07,8.6,8.6,8.6,8.6,100
ILC,2022-03-08,9.8,9.8,9.8,9.8,21400
ILC,2022-03-09,9.8,9.8,9.8,9.8,0
ILC,2022-03-10,9.8,9.8,9.8,9.8,0
ILC,2022-03-11,9.8,9.8,9.8,9.8,0
ILC,2022-03-14,9.8,9.8,9.8,9.8,1300
ILC,2022-03-15,10.0,10.0,9.8,9.8,3800
ILC,2022-03-16,9.8,9.8,9.5,9.8,4100
ILC,2022-03-17,9.8,9.8,9.8,9.8,0
ILC,2022-03-18,8.7,8.7,8.7,8.7,100
ILC,2022-03-21,8.7,8.7,8.7,8.7,0
ILC,2022-03-22,8.7,8.7,8.7,8.7,0
ILC,2022-03-23,9.0,9.9,9.0,9.9,2250
ILC,2022-03-24,9.8,9.8,9.8,9.8,850
ILC,2022-03-25,9.7,10.0,9.7,9.9,40500
ILC,2022-03-28,9.8,10.0,9.8,10.0,3000
ILC,2022-03-29,8.8,10.0,8.8,10.0,3900
ILC,2022-03-30,9.0,9.9,9.0,9.9,800
ILC,2022-03-31,9.9,9.9,9.9,9.9,2000
ILC,2022-04-01,8.7,8.7,8.7,8.7,100
ILC,2022-04-04,8.7,8.7,8.7,8.7,50
ILC,2022-04-05,9.6,10.0,9.6,10.0,9900
ILC,2022-04-06,10.0,10.2,10.0,10.2,1300
ILC,2022-04-07,9.9,10.1,9.9,10.0,7500
ILC,2022-04-08,10.0,10.1,10.0,10.1,9900
ILC,2022-04-12,8.7,10.0,8.7,10.0,4100
ILC,2022-04-13,10.0,10.0,10.0,10.0,2000
ILC,2022-04-14,9.6,9.6,9.6,9.6,200
ILC,2022-04-15,9.6,9.6,9.6,9.6,0
ILC,2022-04-18,9.5,9.5,9.5,9.5,100
ILC,2022-04-19,9.5,9.5,9.5,9.5,0
ILC,2022-04-20,10.9,10.9,10.9,10.9,100
ILC,2022-04-21,10.9,10.9,10.9,10.9,0
ILC,2022-04-22,10.9,10.9,10.9,10.9,2
ILC,2022-04-25,10.9,10.9,10.9,10.9,0
ILC,2022-04-26,9.3,9.3,9.3,9.3,300
ILC,2022-04-27,9.8,10.3,9.8,10.3,6000
ILC,2022-04-28,9.8,9.8,9.8,9.8,1500
ILC,2022-04-29,8.4,8.4,8.4,8.4,300
ILC,2022-05-04,8.4,8.4,8.4,8.4,0
ILC,2022-05-05,9.6,9.6,9.6,9.6,1500
ILC,2022-05-06,9.6,9.6,9.6,9.6,0
ILC,2022-05-09,9.6,9.6,9.6,9.6,0
ILC,2022-05-10,9.6,9.6,9.6,9.6,0
ILC,2022-05-11,9.6,9.6,9.6,9.6,0
ILC,2022-05-12,9.6,9.6,9.6,9.6,0
ILC,2022-05-13,9.6,9.6,9.6,9.6,0
ILC,2022-05-16,9.8,9.8,9.8,9.8,5200
ILC,2022-05-17,9.6,9.8,9.6,9.7,37000
ILC,2022-05-18,9.9,9.9,9.8,9.9,43600
ILC,2022-05-19,9.9,9.9,9.8,9.9,24700
ILC,2022-05-20,9.8,9.8,9.8,9.8,1000
ILC,2022-05-23,9.8,9.8,9.8,9.8,0
ILC,2022-05-24,9.8,9.8,9.8,9.8,6000
ILC,2022-05-25,9.9,10.0,9.9,10.0,1900
ILC,2022-05-26,10.4,10.4,10.4,10.4,100
ILC,2022-05-27,9.9,9.9,9.9,9.9,2000
ILC,2022-05-30,10.0,10.0,9.9,9.9,8000
ILC,2022-05-31,9.9,9.9,9.9,9.9,0
ILC,2022-06-01,9.8,9.8,9.8,9.8,900
ILC,2022-06-02,10.0,10.0,10.0,10.0,700
ILC,2022-06-03,10.0,10.0,10.0,10.0,2000
ILC,2022-06-06,10.0,10.0,10.0,10.0,0
ILC,2022-06-07,10.0,10.0,10.0,10.0,0
ILC,2022-06-08,10.0,10.0,10.0,10.0,0
ILC,2022-06-09,10.0,10.0,10.0,10.0,0
ILC,2022-06-10,9.9,9.9,9.9,9.9,3000
ILC,2022-06-13,8.5,8.5,8.5,8.5,500
ILC,2022-06-14,9.7,9.7,8.1,8.1,1500
ILC,2022-06-15,7.1,7.1,7.1,7.1,500
ILC,2022-06-16,7.6,8.1,7.6,8.1,400
ILC,2022-06-17,8.1,8.8,8.1,8.8,400
ILC,2022-06-20,9.7,9.7,7.3,7.3,1100
ILC,2022-06-21,7.5,7.5,7.5,7.5,0
ILC,2022-06-22,7.5,7.5,7.5,7.5,0
ILC,2022-06-23,6.4,8.6,6.4,6.4,500
ILC,2022-06-24,5.9,7.8,5.9,7.8,602
ILC,2022-06-27,6.2,6.2,6.2,6.2,0
ILC,2022-06-28,7.1,7.1,7.1,7.1,900
ILC,2022-06-29,7.1,7.1,7.1,7.1,0
ILC,2022-06-30,7.1,7.1,7.1,7.1,0
ILC,2022-07-01,6.5,8.1,6.5,8.1,600
ILC,2022-07-04,7.8,7.8,7.8,7.8,100
ILC,2022-07-05,8.5,8.9,7.4,7.9,1300
ILC,2022-07-06,8.7,8.7,8.7,8.7,1600
ILC,2022-07-07,10.0,10.0,10.0,10.0,1900
ILC,2022-07-08,11.5,11.5,9.9,11.5,5500
ILC,2022-07-11,12.8,12.8,11.2,11.2,9000
ILC,2022-07-12,11.4,11.7,11.3,11.7,18100
ILC,2022-07-13,11.7,12.0,11.5,12.0,4100
ILC,2022-07-14,11.5,11.5,11.5,11.5,6000
ILC,2022-07-15,11.5,11.6,11.5,11.6,4000
ILC,2022-07-18,11.6,11.6,11.3,11.3,3200
ILC,2022-07-19,11.4,11.4,11.4,11.4,0
ILC,2022-07-20,11.4,12.3,11.4,12.3,200
ILC,2022-07-21,12.5,12.5,11.6,11.9,2200
ILC,2022-07-22,12.5,12.5,11.6,11.8,1200
ILC,2022-07-25,12.4,12.4,11.5,12.0,2200
ILC,2022-07-26,11.5,11.5,11.0,11.5,1800
ILC,2022-07-27,10.5,11.3,10.5,11.3,2200
ILC,2022-07-28,11.0,11.0,11.0,11.0,0
ILC,2022-07-29,10.8,11.0,10.8,11.0,600
ILC,2022-08-01,11.1,11.1,11.1,11.1,500
ILC,2022-08-02,11.1,11.1,11.1,11.1,0
ILC,2022-08-03,11.2,11.2,11.2,11.2,1100
ILC,2022-08-04,11.1,11.2,11.1,11.2,500
ILC,2022-08-05,11.1,11.1,11.1,11.1,0
ILC,2022-08-08,11.3,11.3,11.3,11.3,500
ILC,2022-08-09,11.5,11.5,11.3,11.3,1800
ILC,2022-08-10,11.4,11.6,11.4,11.4,1900
ILC,2022-08-11,11.5,11.5,11.5,11.5,500
ILC,2022-08-12,11.5,11.5,11.5,11.5,500
ILC,2022-08-15,11.5,11.5,11.5,11.5,0
ILC,2022-08-16,11.5,11.5,11.5,11.5,0
ILC,2022-08-17,12.0,12.0,12.0,12.0,1002
ILC,2022-08-18,12.0,12.0,12.0,12.0,300
ILC,2022-08-19,11.3,11.3,11.3,11.3,2500
ILC,2022-08-22,11.4,11.4,11.4,11.4,100
ILC,2022-08-23,11.4,11.4,11.3,11.4,2430
ILC,2022-08-24,12.0,12.0,12.0,12.0,1900
ILC,2022-08-25,11.6,11.6,11.6,11.6,300
ILC,2022-08-26,11.6,11.6,11.5,11.6,3400
ILC,2022-08-29,11.6,11.6,11.6,11.6,1500
ILC,2022-08-30,11.6,11.6,11.6,11.6,0
ILC,2022-08-31,11.3,11.3,11.3,11.3,3000
ILC,2022-09-05,11.3,11.3,11.3,11.3,0
ILC,2022-09-06,11.3,11.3,11.3,11.3,0
ILC,2022-09-07,11.3,11.3,11.3,11.3,0
ILC,2022-09-08,11.3,11.3,11.3,11.3,0
ILC,2022-09-09,11.3,11.3,11.3,11.3,0
ILC,2022-09-12,11.3,11.3,11.3,11.3,0
ILC,2022-09-13,11.3,11.3,11.3,11.3,0
ILC,2022-09-14,9.8,9.8,9.8,9.8,100
ILC,2022-09-15,8.5,8.5,8.5,8.5,275
ILC,2022-09-16,8.5,8.5,8.5,8.5,74
ILC,2022-09-19,8.5,8.5,8.5,8.5,0
ILC,2022-09-20,8.5,8.5,8.5,8.5,600
ILC,2022-09-21,8.5,8.5,8.5,8.5,50
ILC,2022-09-22,8.5,8.5,8.5,8.5,0
ILC,2022-09-23,9.5,9.5,9.5,9.5,200
ILC,2022-09-26,8.1,10.9,8.1,8.3,700
ILC,2022-09-27,8.6,8.6,8.6,8.6,0
ILC,2022-09-28,8.6,8.6,8.6,8.6,0
ILC,2022-09-29,8.6,8.6,8.6,8.6,0
ILC,2022-09-30,7.5,7.5,7.5,7.5,100
ILC,2022-10-03,7.5,7.5,7.5,7.5,0
ILC,2022-10-04,8.6,8.6,8.6,8.6,200
ILC,2022-10-05,9.8,9.8,8.7,8.7,401
ILC,2022-10-06,10.0,10.3,10.0,10.3,2900
ILC,2022-10-07,9.8,9.8,9.8,9.8,2000
ILC,2022-10-10,10.0,10.0,10.0,10.0,1000
ILC,2022-10-11,8.6,8.6,8.6,8.6,100
ILC,2022-10-12,8.6,8.6,8.6,8.6,0
ILC,2022-10-13,8.6,9.8,8.6,9.8,1600
ILC,2022-10-14,10.0,10.2,8.4,8.4,1400
ILC,2022-10-17,10.2,10.5,8.3,8.5,2900
ILC,2022-10-18,10.5,11.7,9.1,9.1,4350
ILC,2022-10-19,10.5,10.7,10.1,10.7,3000
ILC,2022-10-20,9.1,10.9,9.1,9.1,700
ILC,2022-10-21,10.0,10.0,10.0,10.0,1400
ILC,2022-10-24,10.0,10.0,10.0,10.0,0
ILC,2022-10-25,10.0,10.0,9.0,9.0,2102
ILC,2022-10-26,10.0,10.0,10.0,10.0,0
ILC,2022-10-27,10.0,10.0,9.5,9.5,2075
ILC,2022-10-28,9.0,9.8,8.6,8.6,300
ILC,2022-10-31,8.3,8.3,8.3,8.3,100
ILC,2022-11-01,9.2,9.2,7.3,7.3,200
ILC,2022-11-02,8.3,8.3,8.3,8.3,0
ILC,2022-11-03,8.3,8.3,8.3,8.3,0
ILC,2022-11-04,8.3,8.3,8.3,8.3,0
ILC,2022-11-07,8.3,8.3,8.3,8.3,2000
ILC,2022-11-08,8.3,8.3,8.3,8.3,0
ILC,2022-11-09,8.3,8.3,8.3,8.3,0
ILC,2022-11-10,9.5,9.5,7.5,7.5,1200
ILC,2022-11-11,9.3,9.3,9.3,9.3,0
ILC,2022-11-14,10.6,10.6,10.6,10.6,100
ILC,2022-11-15,9.1,9.1,9.1,9.1,300
ILC,2022-11-16,9.1,9.1,9.1,9.1,0
ILC,2022-11-17,9.1,9.1,9.1,9.1,200
ILC,2022-11-18,9.1,9.1,7.9,7.9,200
ILC,2022-11-21,8.5,8.5,8.5,8.5,0
ILC,2022-11-22,7.5,7.5,7.5,7.5,180
ILC,2022-11-23,7.7,7.7,7.6,7.6,400
ILC,2022-11-24,7.7,7.7,7.5,7.5,700
ILC,2022-11-25,7.5,7.5,7.5,7.5,600
ILC,2022-11-28,8.6,8.6,8.6,8.6,8245
ILC,2022-11-29,9.6,9.8,8.6,8.6,4900
ILC,2022-11-30,9.7,9.7,9.7,9.7,100
ILC,2022-12-01,9.7,9.7,8.5,8.5,430
ILC,2022-12-02,9.4,9.4,8.3,8.3,200
ILC,2022-12-05,7.7,7.7,7.7,7.7,100
ILC,2022-12-06,7.7,8.8,7.7,8.0,1600
ILC,2022-12-07,7.8,7.8,7.8,7.8,100
ILC,2022-12-08,7.8,7.8,7.8,7.8,1000
ILC,2022-12-09,7.8,8.4,7.8,8.4,1150
ILC,2022-12-12,8.1,8.1,8.1,8.1,0
ILC,2022-12-13,7.8,7.8,7.8,7.8,200
ILC,2022-12-14,8.9,8.9,8.9,8.9,200
ILC,2022-12-15,9.9,10.2,9.9,10.2,1400
ILC,2022-12-16,10.0,10.0,10.0,10.0,0
ILC,2022-12-19,9.1,9.1,8.9,8.9,500
ILC,2022-12-20,8.4,8.4,8.4,8.4,100
ILC,2022-12-21,7.3,7.3,7.3,7.3,200
ILC,2022-12-22,8.3,8.3,8.3,8.3,3800
ILC,2022-12-23,9.5,9.5,9.5,9.5,10200
ILC,2022-12-26,9.4,9.5,8.9,8.9,700
ILC,2022-12-27,8.8,8.8,8.8,8.8,100
ILC,2022-12-28,9.6,9.6,9.6,9.6,1100
ILC,2022-12-29,8.5,8.5,8.5,8.5,200
ILC,2022-12-30,9.7,9.7,8.7,8.7,3200
ILC,2023-01-03,8.6,8.6,8.6,8.6,200
ILC,2023-01-04,9.8,9.8,8.5,9.8,2600
ILC,2023-01-05,10.0,10.0,9.3,9.3,1600
ILC,2023-01-06,8.6,10.3,8.6,8.7,2100
ILC,2023-01-09,8.7,10.2,8.7,10.2,800
ILC,2023-01-10,8.9,8.9,8.9,8.9,100
ILC,2023-01-11,8.6,8.6,8.6,8.6,100
ILC,2023-01-12,8.6,8.6,8.6,8.6,0
ILC,2023-01-13,7.6,8.1,7.6,8.1,4700
ILC,2023-01-16,7.8,7.8,7.8,7.8,19200
ILC,2023-01-17,6.8,6.8,6.8,6.8,200
ILC,2023-01-18,6.8,6.8,6.8,6.8,0
ILC,2023-01-19,6.8,6.8,6.8,6.8,0
ILC,2023-01-27,6.8,6.8,6.8,6.8,0
ILC,2023-01-30,6.8,6.8,6.8,6.8,0
ILC,2023-01-31,6.8,6.8,6.8,6.8,0
ILC,2023-02-01,6.8,6.8,6.8,6.8,0
ILC,2023-02-02,6.8,6.8,6.8,6.8,60
ILC,2023-02-03,6.8,6.8,6.8,6.8,12
ILC,2023-02-06,6.8,6.8,6.8,6.8,20
ILC,2023-02-07,6.8,6.8,6.8,6.8,0
ILC,2023-02-08,6.8,6.8,6.8,6.8,0
ILC,2023-02-09,6.8,6.8,6.8,6.8,50
ILC,2023-02-10,7.8,7.8,7.8,7.8,100
ILC,2023-02-13,7.8,7.8,7.8,7.8,0
ILC,2023-02-14,7.8,7.8,7.8,7.8,0
ILC,2023-02-15,8.9,8.9,8.9,8.9,1400
ILC,2023-02-16,10.0,10.2,8.3,8.5,1700
ILC,2023-02-17,9.5,9.5,9.5,9.5,0
ILC,2023-02-20,8.8,10.9,8.8,10.5,5700
ILC,2023-02-21,10.6,10.6,10.6,10.6,0
ILC,2023-02-22,9.2,10.7,9.2,9.3,8500
ILC,2023-02-23,8.3,10.8,8.3,10.8,14500
ILC,2023-02-24,10.5,10.5,10.5,10.5,1000
ILC,2023-02-27,10.1,10.1,10.1,10.1,100
ILC,2023-02-28,10.1,10.1,10.1,10.1,1700
ILC,2023-03-01,11.0,11.0,9.1,10.3,17400
ILC,2023-03-02,10.3,10.3,10.2,10.2,5200
ILC,2023-03-03,10.3,10.3,10.3,10.3,3000
ILC,2023-03-06,8.9,8.9,8.9,8.9,100
ILC,2023-03-07,10.2,10.2,8.2,8.2,3300
ILC,2023-03-08,8.6,8.6,8.6,8.6,100
ILC,2023-03-09,9.8,9.8,9.0,9.0,1200
ILC,2023-03-10,10.4,10.4,8.6,8.7,6500
ILC,2023-03-13,8.5,10.5,8.5,9.0,3500
ILC,2023-03-14,9.3,9.3,9.3,9.3,0
ILC,2023-03-15,8.6,10.6,8.6,9.0,9100
ILC,2023-03-16,10.5,10.5,10.4,10.4,3700
ILC,2023-03-17,10.5,10.5,10.5,10.5,1200
ILC,2023-03-20,9.1,9.1,9.1,9.1,200
ILC,2023-03-21,8.8,8.8,8.8,8.8,100
ILC,2023-03-22,10.1,10.1,10.1,10.1,2002
ILC,2023-03-23,9.0,9.0,9.0,9.0,100
ILC,2023-03-24,10.3,10.3,9.3,9.3,3106
ILC,2023-03-27,9.3,9.3,9.3,9.3,100
ILC,2023-03-28,9.3,9.3,9.3,9.3,0
ILC,2023-03-29,9.3,9.3,9.3,9.3,0
ILC,2023-03-30,9.3,9.3,9.3,9.3,0
ILC,2023-03-31,8.9,8.9,8.9,8.9,2000
ILC,2023-04-03,8.9,8.9,8.9,8.9,0
ILC,2023-04-04,8.7,9.9,8.7,9.3,5550
ILC,2023-04-05,9.9,9.9,8.9,8.9,1573
ILC,2023-04-06,9.6,9.6,9.6,9.6,0
ILC,2023-04-07,9.3,9.7,9.3,9.7,2300
ILC,2023-04-10,8.8,8.8,8.8,8.8,1020
ILC,2023-04-11,9.4,9.4,9.1,9.2,4310
ILC,2023-04-12,9.2,9.2,9.2,9.2,0
ILC,2023-04-13,9.7,9.9,9.7,9.7,7524
ILC,2023-04-14,9.7,9.7,9.7,9.7,10
ILC,2023-04-17,9.7,9.7,9.7,9.7,0
ILC,2023-04-18,9.1,9.1,9.1,9.1,201
ILC,2023-04-19,9.1,9.1,9.1,9.1,8
ILC,2023-04-20,9.1,9.1,9.1,9.1,0
ILC,2023-04-21,9.9,9.9,9.5,9.7,3402
ILC,2023-04-24,9.7,9.7,9.7,9.7,0
ILC,2023-04-25,9.7,9.7,9.5,9.5,13900
ILC,2023-04-26,9.3,9.3,9.3,9.3,207
ILC,2023-04-27,9.3,9.3,9.3,9.3,0
ILC,2023-04-28,9.3,9.7,9.3,9.3,3900
ILC,2023-05-04,9.0,9.0,8.2,8.4,7600
ILC,2023-05-05,9.5,9.5,9.5,9.5,500
ILC,2023-05-08,9.5,9.5,8.9,8.9,8400
ILC,2023-05-09,9.1,9.1,9.1,9.1,400
ILC,2023-05-10,8.9,8.9,8.9,8.9,300
ILC,2023-05-11,8.9,8.9,8.9,8.9,600
ILC,2023-05-12,8.9,9.1,8.9,9.1,15000
ILC,2023-05-15,9.3,9.3,9.3,9.3,4500
ILC,2023-05-16,9.3,9.3,9.0,9.3,2900
ILC,2023-05-17,8.1,8.1,8.1,8.1,200
ILC,2023-05-18,7.0,7.4,7.0,7.4,3807
ILC,2023-05-19,7.1,7.1,7.1,7.1,1
ILC,2023-05-22,7.1,7.1,7.1,7.1,0
ILC,2023-05-23,8.1,8.1,8.1,8.1,300
ILC,2023-05-24,9.3,9.3,8.3,8.3,1721
ILC,2023-05-25,8.2,9.7,8.2,8.6,400
ILC,2023-05-26,8.7,8.9,8.7,8.9,7600
ILC,2023-05-29,8.9,8.9,8.9,8.9,6500
ILC,2023-05-30,9.1,9.1,9.1,9.1,100
ILC,2023-05-31,9.1,9.1,8.9,8.9,14400
ILC,2023-06-01,9.1,9.2,9.1,9.2,3000
ILC,2023-06-02,9.1,9.2,8.9,8.9,1350
ILC,2023-06-05,8.9,8.9,8.9,8.9,100
ILC,2023-06-06,8.2,8.2,8.2,8.2,121
ILC,2023-06-07,8.0,8.0,8.0,8.0,300
ILC,2023-06-08,9.2,9.2,8.4,8.4,2039
ILC,2023-06-09,8.2,9.3,8.2,8.4,1800
ILC,2023-06-12,9.1,9.1,8.4,8.4,200
ILC,2023-06-13,8.1,8.3,8.1,8.3,10001
ILC,2023-06-14,8.1,9.3,8.1,8.1,13125
ILC,2023-06-15,7.4,7.4,7.2,7.2,950
ILC,2023-06-16,7.2,7.2,7.2,7.2,30
ILC,2023-06-19,8.2,8.2,7.7,7.7,1100
ILC,2023-06-20,9.0,9.0,8.3,8.3,2800
ILC,2023-06-21,8.3,8.9,8.3,8.6,15421
ILC,2023-06-22,8.3,8.3,8.3,8.3,150
ILC,2023-06-23,9.1,9.1,8.5,8.5,1200
ILC,2023-06-26,8.1,9.1,8.1,8.1,2900
ILC,2023-06-27,8.4,9.0,8.4,8.5,2401
ILC,2023-06-28,8.2,9.5,8.2,8.4,6949
ILC,2023-06-29,8.4,8.4,7.3,7.8,3650
ILC,2023-06-30,8.0,8.6,8.0,8.2,7800
ILC,2023-07-03,9.4,9.4,8.5,8.5,1420
ILC,2023-07-04,8.1,8.3,8.1,8.3,9500
ILC,2023-07-05,8.9,9.2,8.5,8.5,3100
ILC,2023-07-06,8.5,8.5,8.5,8.5,500
ILC,2023-07-07,8.3,8.3,8.3,8.3,9200
ILC,2023-07-10,8.5,8.6,8.5,8.6,5600
ILC,2023-07-11,8.9,9.2,8.6,8.6,2700
ILC,2023-07-12,8.6,8.6,8.6,8.6,200
ILC,2023-07-13,8.1,8.1,8.1,8.1,200
ILC,2023-07-14,8.5,8.5,8.5,8.5,100
ILC,2023-07-17,9.0,9.0,8.6,8.6,900
ILC,2023-07-18,7.9,9.2,7.9,8.2,6000
ILC,2023-07-19,9.0,9.2,7.8,7.9,3100
ILC,2023-07-20,8.7,8.7,8.1,8.1,1700
ILC,2023-07-21,9.0,9.0,7.8,7.8,3000
ILC,2023-07-24,7.9,7.9,7.9,7.9,200
ILC,2023-07-25,9.0,9.0,8.6,8.7,4500
ILC,2023-07-26,8.2,8.2,8.2,8.2,200
ILC,2023-07-27,8.2,8.2,8.2,8.2,106
ILC,2023-07-28,8.1,8.7,8.1,8.1,1400
ILC,2023-07-31,8.3,9.3,8.3,8.4,20400
ILC,2023-08-01,7.7,9.1,7.7,8.1,12500
ILC,2023-08-02,8.2,8.2,8.2,8.2,0
ILC,2023-08-03,8.6,8.6,8.0,8.0,4900
ILC,2023-08-04,7.6,7.9,7.6,7.9,1200
ILC,2023-08-07,7.9,7.9,7.9,7.9,0
ILC,2023-08-08,7.8,7.8,7.8,7.8,200
ILC,2023-08-09,8.2,8.9,8.2,8.3,1500
ILC,2023-08-10,7.8,9.4,7.8,8.4,24100
ILC,2023-08-11,8.5,8.7,8.5,8.7,3900
ILC,2023-08-14,8.2,8.2,8.2,8.2,100
ILC,2023-08-15,7.5,9.0,7.5,7.9,3400
ILC,2023-08-16,8.2,8.2,8.2,8.2,0
ILC,2023-08-17,7.8,7.8,7.8,7.8,100
ILC,2023-08-18,8.5,8.9,8.1,8.1,6000
ILC,2023-08-21,8.2,8.6,8.2,8.6,10400
ILC,2023-08-22,8.5,8.5,8.5,8.5,100
ILC,2023-08-23,7.8,7.8,7.8,7.8,100
ILC,2023-08-24,7.6,7.6,7.6,7.6,2000
ILC,2023-08-25,8.7,8.7,8.1,8.1,1600
ILC,2023-08-28,8.2,8.6,8.2,8.6,3300
ILC,2023-08-29,7.8,8.6,7.8,8.2,8000
ILC,2023-08-30,8.2,8.7,8.2,8.2,8700
ILC,2023-08-31,8.1,8.3,8.1,8.3,1700
ILC,2023-09-05,8.1,8.4,8.1,8.4,5300
ILC,2023-09-06,7.9,8.3,7.9,8.2,1500
ILC,2023-09-07,8.3,8.3,8.3,8.3,1000
ILC,2023-09-08,8.1,8.3,8.1,8.3,3000
ILC,2023-09-11,8.3,8.3,7.8,7.8,3000
ILC,2023-09-12,8.3,8.3,8.1,8.1,2800
ILC,2023-09-13,7.9,7.9,7.9,7.9,200
ILC,2023-09-14,7.6,7.6,7.6,7.6,200
ILC,2023-09-15,8.1,8.3,8.1,8.3,3900
ILC,2023-09-18,7.9,7.9,7.9,7.9,1000
ILC,2023-09-19,7.9,7.9,7.9,7.9,0
ILC,2023-09-20,9.0,9.0,8.1,8.1,500
ILC,2023-09-21,8.3,8.3,8.1,8.1,900
ILC,2023-09-22,8.1,8.1,8.1,8.1,6600
ILC,2023-09-25,8.5,8.5,7.7,7.7,1700
ILC,2023-09-26,7.7,7.7,7.7,7.7,200
ILC,2023-09-27,7.7,7.7,7.7,7.7,0
ILC,2023-09-28,8.2,8.2,7.8,7.8,1500
ILC,2023-09-29,7.9,7.9,7.9,7.9,300
ILC,2023-10-02,7.8,8.2,7.8,8.2,3000
ILC,2023-10-03,7.8,8.0,7.8,8.0,4700
ILC,2023-10-04,7.9,7.9,7.9,7.9,0
ILC,2023-10-05,7.8,7.8,7.7,7.7,1300
ILC,2023-10-06,7.9,7.9,7.9,7.9,300
ILC,2023-10-09,7.9,7.9,7.9,7.9,0
ILC,2023-10-10,7.8,8.1,7.6,8.1,5800
ILC,2023-10-11,7.8,8.0,7.8,7.8,5800
ILC,2023-10-12,7.6,7.6,6.9,6.9,4500
ILC,2023-10-13,6.9,6.9,6.5,6.5,1000
ILC,2023-10-16,7.4,7.4,7.4,7.4,178
ILC,2023-10-17,7.5,8.2,7.0,7.0,9500
ILC,2023-10-18,7.4,8.0,7.1,7.1,1800
ILC,2023-10-19,7.5,7.5,6.9,6.9,300
ILC,2023-10-20,6.5,6.6,6.5,6.5,2000
ILC,2023-10-23,5.9,5.9,5.9,5.9,300
ILC,2023-10-24,5.1,6.7,5.1,5.5,1400
ILC,2023-10-25,6.4,6.4,6.4,6.4,100
ILC,2023-10-26,7.3,7.3,6.1,7.3,5900
ILC,2023-10-27,7.9,7.9,6.0,6.0,2100
ILC,2023-10-30,7.6,7.6,7.6,7.6,200
ILC,2023-10-31,7.6,7.6,6.7,6.7,8600
ILC,2023-11-01,6.6,7.6,6.6,7.6,1300
ILC,2023-11-02,6.4,7.6,6.4,7.6,4100
ILC,2023-11-03,6.3,7.6,6.3,6.4,2000
ILC,2023-11-06,7.6,7.6,7.6,7.6,1000
ILC,2023-11-07,6.8,6.8,6.8,6.8,100
ILC,2023-11-08,7.6,7.6,5.9,5.9,4000
ILC,2023-11-09,6.3,6.3,6.3,6.3,0
ILC,2023-11-10,7.2,7.2,7.2,7.2,5000
ILC,2023-11-13,6.3,6.3,6.3,6.3,200
ILC,2023-11-14,7.2,7.2,6.8,6.8,1400
ILC,2023-11-15,6.5,7.3,6.5,7.2,7000
ILC,2023-11-16,7.0,7.6,7.0,7.0,8100
ILC,2023-11-17,6.9,7.4,6.9,7.4,5500
ILC,2023-11-20,7.2,7.2,7.2,7.2,0
ILC,2023-11-21,6.9,6.9,6.9,6.9,1130
ILC,2023-11-22,7.3,7.3,7.3,7.3,1000
ILC,2023-11-23,7.0,7.2,7.0,7.2,1900
ILC,2023-11-24,7.0,7.3,6.2,6.2,3100
ILC,2023-11-27,6.3,7.2,6.3,6.5,1705
ILC,2023-11-28,6.3,7.2,6.3,6.3,2400
ILC,2023-11-29,5.9,5.9,5.9,5.9,401
ILC,2023-11-30,5.9,5.9,5.9,5.9,0
ILC,2023-12-01,5.9,5.9,5.9,5.9,0
ILC,2023-12-04,5.9,5.9,5.9,5.9,0
ILC,2023-12-05,6.7,6.7,6.7,6.7,100
ILC,2023-12-06,7.2,7.2,7.2,7.2,300
ILC,2023-12-07,8.2,8.2,6.3,6.4,2624
ILC,2023-12-08,6.5,6.5,6.5,6.5,100
ILC,2023-12-11,5.7,5.7,5.7,5.7,102
ILC,2023-12-12,6.5,6.5,6.5,6.5,100
ILC,2023-12-13,7.4,7.4,6.8,6.8,1801
ILC,2023-12-14,6.6,7.3,6.6,7.3,3200
ILC,2023-12-15,6.6,6.6,6.6,6.6,400
ILC,2023-12-18,6.0,6.0,6.0,6.0,6500
ILC,2023-12-19,6.9,6.9,5.2,5.2,2500
ILC,2023-12-20,5.4,5.4,5.4,5.4,0
ILC,2023-12-21,5.4,5.4,5.4,5.4,0
ILC,2023-12-22,5.4,5.4,5.4,5.4,0
ILC,2023-12-25,5.4,5.4,5.4,5.4,0
ILC,2023-12-26,6.2,6.2,6.2,6.2,100
ILC,2023-12-27,7.1,7.1,5.4,5.4,1150
ILC,2023-12-28,5.8,5.8,5.8,5.8,200
ILC,2023-12-29,6.6,6.6,6.6,6.6,100
ILC,2024-01-02,5.9,5.9,5.9,5.9,200
ILC,2024-01-03,5.2,6.7,5.2,6.7,350
ILC,2024-01-04,5.6,7.1,5.6,6.1,2800
ILC,2024-01-05,7.3,7.3,6.2,6.6,8200
ILC,2024-01-08,6.3,6.3,6.3,6.3,200
ILC,2024-01-09,7.2,7.2,6.5,6.5,1600
ILC,2024-01-10,6.8,6.8,6.8,6.8,275
ILC,2024-01-11,6.2,6.2,6.2,6.2,402
ILC,2024-01-12,6.1,6.1,6.1,6.1,300
ILC,2024-01-15,7.0,7.0,6.1,6.1,2100
ILC,2024-01-16,6.5,6.5,6.5,6.5,0
ILC,2024-01-17,6.3,6.3,6.3,6.3,100
ILC,2024-01-18,6.3,6.3,6.3,6.3,0
ILC,2024-01-19,7.2,7.2,5.6,6.0,600
ILC,2024-01-22,5.9,5.9,5.9,5.9,100
ILC,2024-01-23,5.6,5.6,5.6,5.6,100
ILC,2024-01-24,5.1,5.1,5.1,5.1,100
ILC,2024-01-25,5.1,5.1,5.1,5.1,0
ILC,2024-01-26,5.1,5.1,5.1,5.1,0
ILC,2024-01-29,5.1,5.1,5.1,5.1,0
ILC,2024-01-30,5.1,5.1,5.1,5.1,0
ILC,2024-01-31,5.1,5.1,5.1,5.1,0
ILC,2024-02-01,5.1,5.1,5.1,5.1,0
ILC,2024-02-02,5.1,5.1,5.1,5.1,0
ILC,2024-02-05,5.1,5.1,5.1,5.1,0
ILC,2024-02-06,5.8,5.8,5.8,5.8,100
ILC,2024-02-07,5.4,6.6,5.4,6.6,301
ILC,2024-02-15,5.8,5.8,5.8,5.8,0
ILC,2024-02-16,5.8,5.8,5.8,5.8,0
ILC,2024-02-19,5.8,5.8,5.8,5.8,40
ILC,2024-02-20,5.8,5.8,5.8,5.8,0
ILC,2024-02-21,5.8,5.8,5.8,5.8,0
ILC,2024-02-22,5.8,5.8,5.8,5.8,0
ILC,2024-02-23,5.8,5.8,5.8,5.8,0
ILC,2024-02-26,5.8,5.8,5.8,5.8,0
ILC,2024-02-27,5.8,5.8,5.8,5.8,0
ILC,2024-02-28,6.6,6.6,5.8,6.3,4700
ILC,2024-02-29,7.4,7.4,6.5,6.5,317
ILC,2024-03-01,8.0,8.0,6.5,6.9,2900
ILC,2024-03-04,6.9,6.9,6.3,6.3,1400
ILC,2024-03-05,6.9,6.9,6.4,6.4,300
ILC,2024-03-06,6.2,6.9,6.2,6.2,317
ILC,2024-03-07,6.2,6.2,6.2,6.2,100
ILC,2024-03-08,6.1,6.1,6.1,6.1,100
ILC,2024-03-11,7.0,7.0,6.2,6.2,2100
ILC,2024-03-12,6.3,6.3,6.3,6.3,200
ILC,2024-03-13,6.3,6.3,6.3,6.3,0
ILC,2024-03-14,6.4,6.4,6.1,6.1,400
ILC,2024-03-15,6.2,6.2,6.2,6.2,0
ILC,2024-03-18,7.1,7.1,6.3,6.3,6800
ILC,2024-03-19,6.4,6.4,6.4,6.4,100
ILC,2024-03-20,6.1,6.1,6.1,6.1,100
ILC,2024-03-21,6.1,6.1,6.1,6.1,0
ILC,2024-03-22,6.1,6.1,6.1,6.1,0
ILC,2024-03-25,7.0,7.0,6.1,6.1,600
ILC,2024-03-26,6.1,6.1,6.1,6.1,100
ILC,2024-03-27,6.0,6.0,6.0,6.0,100
ILC,2024-03-28,6.0,6.0,6.0,6.0,0
ILC,2024-03-29,6.0,6.0,6.0,6.0,0
ILC,2024-04-01,6.9,6.9,6.2,6.2,200
ILC,2024-04-02,6.3,7.5,6.3,6.5,1200
ILC,2024-04-03,6.5,6.5,6.5,6.5,100
ILC,2024-04-04,6.1,6.1,6.1,6.1,101
ILC,2024-04-05,6.0,6.0,6.0,6.0,100
ILC,2024-04-08,5.6,5.6,5.6,5.6,101
ILC,2024-04-09,5.6,5.6,5.6,5.6,0
ILC,2024-04-10,5.6,5.6,5.6,5.6,0
ILC,2024-04-11,5.6,5.6,5.6,5.6,0
ILC,2024-04-12,5.6,5.6,5.6,5.6,0
ILC,2024-04-15,5.6,5.6,5.6,5.6,0
ILC,2024-04-16,5.6,5.6,5.6,5.6,0
ILC,2024-04-17,5.6,5.6,5.6,5.6,0
ILC,2024-04-19,5.6,5.6,5.6,5.6,0
ILC,2024-04-22,5.6,5.6,5.6,5.6,0
ILC,2024-04-23,5.6,5.6,5.6,5.6,0
ILC,2024-04-24,5.6,5.6,5.6,5.6,0
ILC,2024-04-25,5.6,5.6,5.6,5.6,0
ILC,2024-04-26,5.6,5.6,5.6,5.6,0
ILC,2024-05-02,6.4,6.4,4.9,4.9,1700
ILC,2024-05-03,6.0,6.0,6.0,6.0,500
ILC,2024-05-06,5.6,5.6,5.6,5.6,3000
ILC,2024-05-07,6.4,6.4,6.4,6.4,800
ILC,2024-05-08,7.0,7.3,6.2,6.2,700
ILC,2024-05-09,6.2,6.2,6.2,6.2,100
ILC,2024-05-10,7.1,7.1,6.4,6.4,710
ILC,2024-05-13,6.2,6.2,6.2,6.2,100
ILC,2024-05-14,6.2,6.2,6.2,6.2,0
ILC,2024-05-15,6.2,6.2,6.2,6.2,900
ILC,2024-05-16,6.2,6.2,6.2,6.2,0
ILC,2024-05-17,7.1,7.1,6.4,6.4,1100
ILC,2024-05-20,6.2,6.2,6.2,6.2,100
ILC,2024-05-21,6.2,6.2,6.2,6.2,0
ILC,2024-05-22,6.2,6.2,6.2,6.2,0
ILC,2024-05-23,6.1,6.1,6.1,6.1,2200
ILC,2024-05-24,7.0,7.0,6.1,6.1,1100
ILC,2024-05-27,6.9,6.9,6.9,6.9,1000
ILC,2024-05-28,5.9,5.9,5.9,5.9,105
ILC,2024-05-29,5.9,6.7,5.9,6.3,14800
ILC,2024-05-30,6.2,6.2,6.2,6.2,0
ILC,2024-05-31,6.9,6.9,6.1,6.1,1772
ILC,2024-06-03,6.9,6.9,6.9,6.9,100
ILC,2024-06-04,6.9,6.9,6.9,6.9,2720
ILC,2024-06-05,6.9,6.9,6.9,6.9,0
ILC,2024-06-06,6.5,6.9,6.5,6.5,2250
ILC,2024-06-07,6.9,6.9,6.5,6.6,6202
ILC,2024-06-10,6.1,6.6,6.1,6.4,1900
ILC,2024-06-11,6.1,6.3,6.1,6.3,4550
ILC,2024-06-12,6.9,6.9,6.9,6.9,118
ILC,2024-06-13,6.6,6.6,6.6,6.6,100
ILC,2024-06-14,6.6,6.6,6.2,6.3,2100
ILC,2024-06-17,6.4,6.4,6.4,6.4,0
ILC,2024-06-18,6.4,6.4,6.4,6.4,0
ILC,2024-06-19,6.0,6.0,6.0,6.0,100
ILC,2024-06-20,6.0,6.0,6.0,6.0,0
ILC,2024-06-21,6.0,6.0,6.0,6.0,0
ILC,2024-06-24,6.5,6.8,6.5,6.7,10130
ILC,2024-06-25,6.7,6.7,6.7,6.7,11000
ILC,2024-06-26,7.7,7.7,6.8,6.8,1002
ILC,2024-06-27,7.5,7.9,7.5,7.5,20500
ILC,2024-06-28,8.7,8.7,6.5,8.7,4701
ILC,2024-07-01,7.7,7.7,7.7,7.7,7851
ILC,2024-07-02,8.8,8.8,8.6,8.6,4250
ILC,2024-07-03,10.1,10.1,7.5,7.5,4810
ILC,2024-07-04,9.0,9.0,6.8,6.8,1452
ILC,2024-07-05,7.2,8.9,6.7,6.7,1400
ILC,2024-07-08,8.3,8.3,6.4,6.4,5329
ILC,2024-07-09,8.1,8.1,6.3,6.3,1501
ILC,2024-07-10,6.5,6.5,6.5,6.5,27
ILC,2024-07-11,7.4,7.4,6.0,6.0,5700
ILC,2024-07-12,7.4,7.4,5.7,5.7,35700
ILC,2024-07-15,6.6,6.6,5.9,5.9,1330
ILC,2024-07-16,6.9,6.9,5.8,5.8,1400
ILC,2024-07-17,5.8,6.0,5.8,6.0,400
ILC,2024-07-18,5.8,5.8,5.2,5.8,5402
ILC,2024-07-19,6.4,6.4,5.6,5.6,700
ILC,2024-07-22,5.6,6.5,5.5,5.5,1800
ILC,2024-07-23,5.5,5.5,5.5,5.5,100
ILC,2024-07-24,6.2,6.2,6.2,6.2,100
ILC,2024-07-25,6.8,6.8,5.5,5.5,426
ILC,2024-07-26,5.5,5.5,5.5,5.5,100
ILC,2024-07-29,5.5,5.5,5.4,5.4,3600
ILC,2024-07-31,6.3,6.3,5.5,5.5,300
ILC,2024-08-01,5.6,6.5,5.6,6.5,200
ILC,2024-08-02,5.6,5.6,5.6,5.6,200
ILC,2024-08-05,6.3,6.3,6.3,6.3,100
ILC,2024-08-06,5.7,5.7,5.6,5.6,200
ILC,2024-08-07,5.7,5.7,5.7,5.7,1000
ILC,2024-08-09,5.2,5.2,5.2,5.2,100
ILC,2024-08-12,5.9,5.9,5.9,5.9,300
ILC,2024-08-14,6.6,6.6,6.5,6.5,200
ILC,2024-08-15,6.0,6.0,6.0,6.0,100
ILC,2024-08-16,6.7,6.7,5.6,5.8,1300
ILC,2024-08-19,6.8,6.8,5.8,5.8,1100
ILC,2024-08-20,7.7,7.7,6.0,6.6,2600
ILC,2024-08-22,5.6,5.6,5.6,5.6,400
ILC,2024-08-23,6.4,6.4,5.7,5.7,300
ILC,2024-08-26,5.7,6.0,5.7,6.0,1700
ILC,2024-08-27,5.7,5.7,5.7,5.7,100
ILC,2024-08-28,5.7,5.7,5.7,5.7,100
ILC,2024-08-29,6.5,6.5,6.5,6.5,200
ILC,2024-08-30,7.4,7.4,6.4,7.2,4900
ILC,2024-09-04,7.1,7.1,7.1,7.1,100
ILC,2024-09-05,6.2,6.2,6.2,6.2,100
ILC,2024-09-11,6.2,6.2,5.7,6.2,300
ILC,2024-09-12,6.8,6.8,6.8,6.8,700
ILC,2024-09-16,7.6,7.6,7.1,7.1,600
ILC,2024-09-17,6.4,7.7,6.4,6.9,1100
ILC,2024-09-23,7.6,7.6,7.6,7.6,100
ILC,2024-09-24,8.5,8.5,8.5,8.5,100
ILC,2024-09-25,7.3,7.3,7.3,7.3,100
ILC,2024-09-26,6.3,6.3,6.3,6.3,2200
ILC,2024-09-27,6.3,6.3,6.3,6.3,600
ILC,2024-09-30,5.9,5.9,5.9,5.9,100
ILC,2024-10-01,6.4,6.4,5.9,5.9,400
ILC,2024-10-02,6.6,6.6,6.6,6.6,100
ILC,2024-10-03,6.2,6.2,6.2,6.2,200
ILC,2024-10-04,5.9,6.0,5.9,6.0,4800
ILC,2024-10-07,6.4,6.4,6.2,6.2,200
ILC,2024-10-08,7.0,7.0,7.0,7.0,100
ILC,2024-10-09,6.4,6.4,6.1,6.1,600
ILC,2024-10-10,6.7,6.7,6.7,6.7,100
ILC,2024-10-14,5.8,5.8,5.8,5.8,300
ILC,2024-10-15,5.7,5.7,5.7,5.7,200
ILC,2024-10-16,6.4,6.4,6.4,6.4,100
ILC,2024-10-23,6.8,6.8,6.8,6.8,100
ILC,2024-10-24,6.2,6.2,6.2,6.2,100
ILC,2024-10-30,5.6,5.9,5.6,5.9,400
ILC,2024-10-31,6.2,6.2,6.2,6.2,100
ILC,2024-11-01,5.8,5.9,5.8,5.9,500
ILC,2024-11-12,6.3,6.3,6.3,6.3,100
ILC,2024-11-13,5.8,5.8,5.8,5.8,100
ILC,2024-11-21,5.6,5.6,5.6,5.6,100
ILC,2024-11-22,5.8,6.0,5.7,5.7,800
ILC,2024-11-25,6.4,6.4,5.8,5.8,1300
ILC,2024-11-26,6.9,6.9,5.8,6.4,900
ILC,2024-11-27,5.9,5.9,5.9,5.9,100
ILC,2024-11-29,6.1,6.1,5.9,5.9,400
ILC,2024-12-02,5.8,5.8,5.8,5.8,500
ILC,2024-12-03,6.5,6.5,6.3,6.3,500
ILC,2024-12-04,7.0,7.0,5.9,5.9,500
ILC,2024-12-05,5.9,6.6,5.9,6.6,2100
ILC,2024-12-06,6.4,6.4,6.0,6.3,1700
ILC,2024-12-09,5.9,5.9,5.9,5.9,100
ILC,2024-12-10,6.0,6.0,5.6,5.6,5100
ILC,2024-12-11,5.8,6.3,5.8,5.8,1200
ILC,2024-12-12,6.1,6.1,6.1,6.1,1200
ILC,2024-12-13,5.9,5.9,5.9,5.9,100
ILC,2024-12-17,6.3,6.3,5.8,5.8,1100
ILC,2024-12-18,6.3,6.3,6.3,6.3,22900
ILC,2024-12-19,6.2,6.2,6.2,6.2,1800
ILC,2024-12-20,5.8,5.8,5.8,5.8,100
ILC,2024-12-23,6.3,6.3,5.9,5.9,300
ILC,2024-12-26,6.0,6.0,6.0,6.0,200
ILC,2024-12-27,5.8,5.8,5.8,5.8,100
ILC,2024-12-31,5.8,5.8,5.8,5.8,2000
ILC,2025-01-02,6.5,6.5,5.9,5.9,1400
ILC,2025-01-03,6.5,6.5,6.3,6.3,300
ILC,2025-01-06,5.9,5.9,5.9,5.9,200
ILC,2025-01-07,5.7,5.7,5.7,5.7,100
ILC,2025-01-08,6.3,6.3,5.8,5.8,400
ILC,2025-01-14,6.3,6.3,6.3,6.3,100
ILC,2025-01-15,6.2,6.2,6.0,6.0,2900
ILC,2025-01-16,5.4,5.4,5.4,5.4,100
ILC,2025-01-17,6.2,6.2,6.0,6.0,300
ILC,2025-01-20,6.9,6.9,5.9,6.0,500
ILC,2025-01-21,5.7,5.7,5.7,5.7,100
ILC,2025-01-22,6.0,6.0,6.0,6.0,200
ILC,2025-01-24,6.0,6.0,6.0,6.0,200
ILC,2025-02-03,6.1,6.1,6.1,6.1,1700
ILC,2025-02-06,5.8,5.8,5.8,5.8,100
ILC,2025-02-07,5.8,6.6,5.8,6.5,1400
ILC,2025-02-10,6.9,6.9,6.9,6.9,300
ILC,2025-02-11,6.1,6.1,6.1,6.1,500
ILC,2025-02-12,5.5,7.0,5.5,7.0,1400
ILC,2025-02-13,5.9,5.9,5.9,5.9,500
ILC,2025-02-14,6.0,6.0,6.0,6.0,16900
ILC,2025-02-17,6.9,6.9,5.4,5.4,300
ILC,2025-02-18,6.7,6.7,6.7,6.7,1100
ILC,2025-02-19,7.6,7.6,5.7,5.7,1500
ILC,2025-02-20,7.1,7.1,7.1,7.1,100
ILC,2025-02-21,6.3,6.3,6.3,6.3,100
ILC,2025-02-25,7.0,7.0,7.0,7.0,100
ILC,2025-02-26,6.1,6.7,6.1,6.7,800
ILC,2025-02-27,6.6,6.6,6.6,6.6,100
ILC,2025-02-28,6.0,6.0,6.0,6.0,100
ILC,2025-03-03,6.9,6.9,6.9,6.9,200
ILC,2025-03-04,7.7,7.9,7.7,7.9,2700
ILC,2025-03-05,9.0,9.0,9.0,9.0,1700
ILC,2025-03-10,7.7,8.6,7.7,8.6,300
ILC,2025-03-11,6.8,9.2,6.8,9.2,2400
ILC,2025-03-12,7.8,7.9,7.8,7.9,400
ILC,2025-03-13,7.8,7.8,7.8,7.8,100
ILC,2025-03-14,8.7,8.7,8.7,8.7,100
ILC,2025-03-18,8.1,8.1,7.4,7.4,600
ILC,2025-03-20,8.6,8.6,7.5,8.3,300
ILC,2025-03-21,6.9,6.9,6.9,6.9,2700
ILC,2025-03-24,6.9,6.9,6.9,6.9,100
ILC,2025-03-25,7.0,7.0,7.0,7.0,100
ILC,2025-03-26,6.7,7.6,6.2,7.6,600
ILC,2025-03-27,7.6,7.6,7.6,7.6,100
ILC,2025-03-28,8.7,8.7,7.0,8.4,600
ILC,2025-03-31,7.3,7.3,7.3,7.3,100
ILC,2025-04-01,6.7,8.2,6.7,8.2,30000
ILC,2025-04-02,7.8,7.8,7.8,7.8,100
ILC,2025-04-03,6.7,7.5,6.7,7.5,5200
ILC,2025-04-04,7.7,7.7,5.8,7.0,152200
ILC,2025-04-08,5.9,6.6,5.9,6.6,182400
ILC,2025-04-09,6.6,6.7,6.6,6.7,46400
ILC,2025-04-10,7.7,7.7,7.7,7.7,100
ILC,2025-04-11,7.5,7.5,7.3,7.3,300
ILC,2025-04-14,7.3,7.4,7.1,7.4,1800
ILC,2025-04-15,8.2,8.2,8.2,8.2,100
ILC,2025-04-16,7.8,7.8,7.8,7.8,100
ILC,2025-04-21,6.7,7.5,6.7,7.5,11500
ILC,2025-04-22,6.7,7.2,6.7,7.2,2100
ILC,2025-04-23,7.7,7.7,6.7,6.7,6900
ILC,2025-04-24,7.7,7.7,7.7,7.7,100
ILC,2025-04-25,6.7,6.7,6.6,6.7,1500
ILC,2025-04-28,6.1,6.1,6.1,6.1,100
ILC,2025-04-29,6.7,6.7,6.7,6.7,2000
ILC,2025-05-05,6.1,6.1,6.1,6.1,200
ILC,2025-05-06,6.4,6.8,6.4,6.8,1200
ILC,2025-05-08,6.6,6.6,6.5,6.5,1300
ILC,2025-05-09,6.5,6.7,6.5,6.7,1500
ILC,2025-05-12,6.6,6.6,6.6,6.6,1300
ILC,2025-05-13,6.7,6.7,6.6,6.6,5500
ILC,2025-05-14,6.7,6.7,6.6,6.7,3900
ILC,2025-05-15,6.7,6.7,6.7,6.7,2500
ILC,2025-05-16,6.5,6.5,6.5,6.5,1100
ILC,2025-05-19,7.4,7.4,6.5,6.6,10300
ILC,2025-05-20,6.9,6.9,6.9,6.9,100
ILC,2025-05-23,6.7,6.7,6.7,6.7,4100
ILC,2025-05-26,7.5,7.5,6.7,6.7,5500
ILC,2025-05-27,6.8,6.8,6.7,6.7,9000
ILC,2025-05-28,6.5,6.7,6.5,6.7,1600
ILC,2025-05-29,6.7,6.7,6.7,6.7,3000
ILC,2025-05-30,6.7,6.7,6.7,6.7,700
ILC,2025-06-02,6.6,6.7,6.0,6.7,7700
ILC,2025-06-03,6.4,6.7,6.4,6.7,7700
ILC,2025-06-04,6.7,6.7,6.6,6.6,5300
ILC,2025-06-05,6.3,6.7,6.3,6.7,1100
ILC,2025-06-06,6.7,6.7,6.7,6.7,200
ILC,2025-06-09,6.7,6.7,6.7,6.7,2300
ILC,2025-06-10,6.7,6.7,6.7,6.7,6900
ILC,2025-06-11,6.7,6.7,6.7,6.7,4400
ILC,2025-06-12,6.3,6.7,6.3,6.7,2100
ILC,2025-06-13,6.7,6.7,6.7,6.7,1600
ILC,2025-06-16,6.7,6.7,6.7,6.7,1000
ILC,2025-06-17,6.7,6.7,6.7,6.7,2800
ILC,2025-06-18,6.7,6.7,6.7,6.7,1800
ILC,2025-06-20,6.7,6.7,6.7,6.7,4000
ILC,2025-06-23,6.7,6.7,6.7,6.7,500
ILC,2025-06-24,6.7,6.7,6.7,6.7,3900
ILC,2025-06-25,6.7,6.7,6.7,6.7,3500
ILC,2025-06-26,6.7,6.7,6.7,6.7,2800
ILC,2025-06-27,6.7,6.8,6.7,6.7,6700
ILC,2025-06-30,6.7,6.7,6.7,6.7,3600
ILC,2025-07-01,6.7,6.8,6.7,6.8,6800
ILC,2025-07-02,6.7,6.7,6.7,6.7,2000
ILC,2025-07-03,6.7,6.7,6.7,6.7,800
ILC,2025-07-07,6.0,6.0,6.0,6.0,100
ILC,2025-07-08,6.0,6.5,6.0,6.2,4600
ILC,2025-07-10,6.5,6.7,6.5,6.7,5700
ILC,2025-07-11,6.8,6.8,6.7,6.7,8900
ILC,2025-07-14,6.8,6.8,6.8,6.8,500
ILC,2025-07-15,6.7,6.7,6.7,6.7,26000
ILC,2025-07-16,6.7,6.7,6.7,6.7,1000
ILC,2025-07-17,6.7,6.7,6.7,6.7,2700
ILC,2025-07-18,6.7,6.7,6.7,6.7,7000
ILC,2025-07-21,6.7,6.7,6.7,6.7,6200
ILC,2025-07-22,6.7,6.7,5.9,6.7,3300
ILC,2025-07-23,6.5,6.5,6.5,6.5,400
ILC,2025-07-24,6.7,6.7,6.5,6.5,4200
ILC,2025-07-25,6.7,6.7,6.7,6.7,2200
ILC,2025-07-28,6.5,6.7,6.5,6.7,4400
ILC,2025-07-29,6.7,6.7,6.7,6.7,7500
ILC,2025-07-30,6.7,6.7,6.6,6.7,6600
ILC,2025-07-31,6.7,6.7,6.7,6.7,5500
ILC,2025-08-04,6.7,6.7,6.7,6.7,4000
ILC,2025-08-05,6.7,6.7,6.7,6.7,1400
ILC,2025-08-06,6.7,6.7,6.7,6.7,1000
ILC,2025-08-08,6.7,6.7,6.7,6.7,4900
ILC,2025-08-11,6.7,6.7,6.7,6.7,2500
ILC,2025-08-12,5.8,6.7,5.8,6.7,2600
ILC,2025-08-13,6.7,6.7,6.7,6.7,3700
ILC,2025-08-14,5.8,6.7,5.8,6.7,3300
ILC,2025-08-15,6.7,6.7,6.7,6.7,3800
ILC,2025-08-18,6.7,6.7,6.7,6.7,2700
ILC,2025-08-19,6.7,6.7,6.7,6.7,1800
ILC,2025-08-21,6.7,6.7,6.7,6.7,3000
ILC,2025-08-22,6.7,6.7,6.7,6.7,3000
ILC,2025-08-26,6.7,6.7,6.7,6.7,2500
ILC,2025-08-27,6.3,6.7,6.3,6.6,10400
ILC,2025-08-29,6.7,6.7,6.7,6.7,4700
ILC,2025-09-03,6.7,6.7,6.7,6.7,3000
ILC,2025-09-05,6.3,6.3,6.3,6.3,100
ILC,2025-09-10,6.9,6.9,6.9,6.9,100
ILC,2025-09-17,6.1,6.1,6.1,6.1,100
ILC,2025-09-25,5.2,5.2,5.2,5.2,100
ILC,2025-09-29,5.9,5.9,5.9,5.9,100
ILC,2025-09-30,6.6,6.7,6.6,6.7,500
ILC,2025-10-02,6.6,6.6,6.6,6.6,5000
ILC,2025-10-03,6.6,6.7,6.6,6.7,600
ILC,2025-10-06,5.8,5.8,5.8,5.8,100
ILC,2025-10-07,6.6,6.6,6.6,6.6,600
ILC,2025-10-10,6.6,6.6,6.6,6.6,100
ILC,2025-10-14,6.7,6.7,6.7,6.7,3400
ILC,2025-10-17,6.7,6.7,6.7,6.7,1100
ILC,2025-10-21,5.9,5.9,5.9,5.9,100
ILC,2025-10-22,5.4,5.4,5.4,5.4,100
ILC,2025-10-23,6.2,6.2,6.2,6.2,100
ILC,2025-10-24,5.6,5.6,5.6,5.6,100
ILC,2025-10-27,6.4,6.4,6.4,6.4,100
ILC,2025-10-28,6.1,6.1,6.1,6.1,100
ILC,2025-10-30,6.9,7.0,6.9,7.0,500
ILC,2025-11-03,6.4,6.4,6.4,6.4,100
ILC,2025-11-11,5.6,5.6,5.6,5.6,100
ILC,2025-11-13,6.4,6.4,6.4,6.4,100
ILC,2025-11-14,5.9,5.9,5.9,5.9,100
ILC,2025-11-19,5.3,6.1,5.3,6.1,200
ILC,2025-11-20,6.5,6.5,6.5,6.5,600
ILC,2025-11-21,6.0,7.4,5.6,7.4,600
ILC,2025-11-24,7.0,7.0,6.9,7.0,400
ILC,2025-11-28,6.2,6.2,6.2,6.2,100
ILC,2025-12-01,6.3,6.3,6.3,6.3,200
ILC,2025-12-02,5.8,5.8,5.8,5.8,100
ILC,2025-12-03,6.6,6.6,6.6,6.6,200
ILC,2025-12-04,6.4,7.3,6.4,7.3,200
ILC,2025-12-05,7.7,7.7,7.7,7.7,100
ILC,2025-12-08,6.7,6.7,6.7,6.7,500
ILC,2025-12-09,6.0,6.0,6.0,6.0,100
ILC,2025-12-10,6.9,6.9,6.9,6.9,200
ILC,2025-12-11,6.3,6.3,6.3,6.3,100
ILC,2025-12-12,6.0,6.0,6.0,6.0,100
ILC,2025-12-18,5.5,5.5,5.5,5.5,100
ILC,2025-12-23,6.3,6.3,6.3,6.3,500
ILC,2025-12-24,6.1,6.1,6.1,6.1,100
ILC,2025-12-25,6.4,6.4,6.4,6.4,100
ILC,2025-12-29,6.0,6.0,6.0,6.0,200
ILC,2025-12-31,6.9,6.9,6.8,6.9,500
ILB,2019-05-15,12.44,12.49,10.12,10.23,132510
ILB,2019-05-16,9.78,10.23,9.78,9.95,51430
ILB,2019-05-17,9.95,10.06,9.89,10.06,24170
ILB,2019-05-20,9.89,10.01,9.78,9.95,34080
ILB,2019-05-21,9.95,10.64,9.89,10.23,88000
ILB,2019-05-22,10.5,10.92,10.5,10.92,114490
ILB,2019-05-23,11.33,11.66,11.06,11.66,109190
ILB,2019-05-24,12.47,12.47,11.66,11.83,163430
ILB,2019-05-27,11.11,11.66,11.06,11.5,83990
ILB,2019-05-28,11.39,11.5,10.83,11.11,63270
ILB,2019-05-29,11.06,11.06,10.36,10.45,50160
ILB,2019-05-30,10.23,11.0,10.23,11.0,54800
ILB,2019-05-31,11.0,11.0,10.39,10.39,36060
ILB,2019-06-03,10.12,10.39,10.12,10.28,24310
ILB,2019-06-04,10.28,10.5,10.17,10.5,16440
ILB,2019-06-05,10.78,10.78,10.42,10.5,8380
ILB,2019-06-06,10.28,10.48,10.23,10.23,24600
ILB,2019-06-07,10.56,10.61,10.01,10.12,21380
ILB,2019-06-10,10.14,10.5,10.12,10.12,27410
ILB,2019-06-11,10.23,10.23,10.12,10.17,10810
ILB,2019-06-12,10.17,10.17,10.03,10.06,17460
ILB,2019-06-13,9.98,10.23,9.98,10.23,15490
ILB,2019-06-14,10.12,10.23,10.01,10.01,18980
ILB,2019-06-17,10.03,10.06,9.95,10.01,17370
ILB,2019-06-18,9.89,10.09,9.87,9.89,15580
ILB,2019-06-19,9.89,10.06,9.89,9.89,11380
ILB,2019-06-20,9.84,9.95,9.78,9.84,17360
ILB,2019-06-21,10.06,10.06,9.84,9.95,2780
ILB,2019-06-24,9.95,9.95,9.89,9.95,1850
ILB,2019-06-25,9.95,9.98,9.89,9.92,8760
ILB,2019-06-26,9.89,9.95,9.84,9.84,8020
ILB,2019-06-27,9.84,9.95,9.84,9.95,13540
ILB,2019-06-28,9.73,9.92,9.73,9.89,6120
ILB,2019-07-01,9.89,9.89,9.78,9.78,10130
ILB,2019-07-02,9.84,9.84,9.67,9.84,12440
ILB,2019-07-03,9.76,10.5,9.76,10.5,68320
ILB,2019-07-04,11.0,11.0,10.23,10.5,11010
ILB,2019-07-05,10.45,10.78,10.23,10.7,16280
ILB,2019-07-08,10.67,10.67,10.25,10.31,11300
ILB,2019-07-09,10.42,10.42,10.06,10.31,9050
ILB,2019-07-10,10.34,10.34,10.12,10.12,10610
ILB,2019-07-11,10.12,10.5,10.03,10.17,15390
ILB,2019-07-12,10.01,10.03,9.95,9.95,13010
ILB,2019-07-15,10.17,10.17,9.51,10.12,15570
ILB,2019-07-16,10.42,10.42,9.95,10.12,8980
ILB,2019-07-17,10.12,10.12,9.67,9.84,25760
ILB,2019-07-18,10.06,10.06,9.84,9.95,8170
ILB,2019-07-19,10.17,10.28,9.95,10.28,22020
ILB,2019-07-22,10.45,10.45,10.12,10.14,11250
ILB,2019-07-23,9.98,10.23,9.95,10.17,6500
ILB,2019-07-24,10.17,10.23,9.95,10.01,5400
ILB,2019-07-25,10.23,10.23,10.03,10.17,17580
ILB,2019-07-26,10.17,10.17,10.06,10.06,5490
ILB,2019-07-29,10.06,10.14,10.06,10.12,4590
ILB,2019-07-30,10.23,10.61,10.14,10.48,51560
ILB,2019-07-31,10.48,10.56,10.36,10.5,66810
ILB,2019-08-01,10.5,11.22,10.5,11.22,222090
ILB,2019-08-02,11.22,11.72,11.22,11.33,83230
ILB,2019-08-05,11.3,11.33,10.78,11.0,53450
ILB,2019-08-06,10.61,11.06,10.61,11.0,59080
ILB,2019-08-07,11.44,11.75,11.06,11.75,144890
ILB,2019-08-08,12.16,12.55,12.16,12.27,390000
ILB,2019-08-09,12.3,12.49,11.77,11.94,54330
ILB,2019-08-12,11.83,11.83,11.33,11.36,82020
ILB,2019-08-13,11.36,11.86,11.06,11.39,77210
ILB,2019-08-14,11.39,12.08,11.39,11.55,43160
ILB,2019-08-15,11.5,11.72,11.06,11.66,68870
ILB,2019-08-16,11.66,11.66,11.28,11.28,65850
ILB,2019-08-19,11.17,11.44,11.17,11.33,29220
ILB,2019-08-20,11.25,11.47,11.17,11.41,58260
ILB,2019-08-21,11.41,11.55,11.33,11.47,45950
ILB,2019-08-22,11.39,11.5,11.33,11.5,28640
ILB,2019-08-23,11.39,11.5,11.11,11.11,49630
ILB,2019-08-26,11.11,11.33,10.97,11.11,59760
ILB,2019-08-27,11.28,11.28,11.03,11.03,25490
ILB,2019-08-28,11.06,11.55,11.0,11.55,47970
ILB,2019-08-29,11.61,11.69,11.33,11.33,64490
ILB,2019-08-30,11.55,11.83,11.44,11.66,144860
ILB,2019-09-03,12.05,12.05,11.39,11.39,39090
ILB,2019-09-04,11.53,11.53,11.17,11.44,5530
ILB,2019-09-05,11.44,11.44,11.06,11.3,42610
ILB,2019-09-06,11.3,11.3,10.67,11.0,53700
ILB,2019-09-09,11.0,11.06,10.72,10.72,33610
ILB,2019-09-10,10.72,10.72,9.98,10.45,82000
ILB,2019-09-11,10.5,10.56,10.31,10.45,12650
ILB,2019-09-12,10.45,10.61,10.34,10.45,10930
ILB,2019-09-13,10.78,10.78,10.45,10.56,20710
ILB,2019-09-16,10.5,10.72,10.42,10.5,15180
ILB,2019-09-17,10.5,10.56,10.45,10.5,11780
ILB,2019-09-18,10.78,10.78,10.5,10.67,7790
ILB,2019-09-19,10.5,10.72,10.5,10.72,2650
ILB,2019-09-20,10.72,10.72,10.39,10.5,9710
ILB,2019-09-23,10.31,10.5,10.28,10.39,15860
ILB,2019-09-24,10.5,10.5,10.23,10.23,5560
ILB,2019-09-25,10.61,10.61,10.23,10.36,8120
ILB,2019-09-26,10.36,10.5,10.36,10.39,3040
ILB,2019-09-27,10.42,10.45,10.23,10.39,5320
ILB,2019-09-30,10.28,10.34,10.23,10.34,5390
ILB,2019-10-01,10.28,10.34,10.2,10.34,51600
ILB,2019-10-02,10.36,10.59,10.34,10.34,1150
ILB,2019-10-03,10.34,10.34,9.78,10.34,1870
ILB,2019-10-04,10.34,10.39,10.17,10.39,10560
ILB,2019-10-07,10.12,10.56,10.12,10.42,3320
ILB,2019-10-08,10.23,10.45,10.23,10.45,1090
ILB,2019-10-09,10.45,10.56,10.28,10.5,4810
ILB,2019-10-10,10.45,10.5,10.34,10.5,4370
ILB,2019-10-11,10.23,10.5,10.23,10.34,2000
ILB,2019-10-14,10.48,10.5,10.23,10.28,12100
ILB,2019-10-15,10.28,10.5,10.23,10.34,6100
ILB,2019-10-16,10.5,10.5,10.2,10.36,13490
ILB,2019-10-17,10.25,10.48,10.17,10.48,1560
ILB,2019-10-18,10.01,10.45,10.01,10.28,5460
ILB,2019-10-21,10.34,10.34,10.01,10.28,7200
ILB,2019-10-22,10.23,10.23,9.95,10.12,18870
ILB,2019-10-23,10.2,10.23,10.12,10.23,14770
ILB,2019-10-24,10.23,10.36,10.12,10.28,3030
ILB,2019-10-25,10.34,10.45,9.95,10.23,7530
ILB,2019-10-28,10.17,10.17,10.06,10.17,9000
ILB,2019-10-29,10.12,10.12,9.95,9.98,33360
ILB,2019-10-30,9.95,10.06,9.84,9.89,44300
ILB,2019-10-31,9.73,9.73,9.2,9.4,23690
ILB,2019-11-01,9.4,9.67,9.4,9.67,8580
ILB,2019-11-04,9.51,9.54,9.45,9.51,15260
ILB,2019-11-05,9.4,9.56,9.29,9.56,16480
ILB,2019-11-06,9.4,9.89,9.4,9.84,2610
ILB,2019-11-07,9.56,9.67,9.45,9.67,12960
ILB,2019-11-08,9.51,9.59,9.48,9.56,4290
ILB,2019-11-11,9.56,9.76,9.56,9.76,1100
ILB,2019-11-12,9.54,9.56,9.51,9.51,16030
ILB,2019-11-13,9.51,9.51,9.51,9.51,24830
ILB,2019-11-14,9.51,9.51,9.48,9.51,11240
ILB,2019-11-15,9.12,9.51,9.12,9.51,8330
ILB,2019-11-18,9.51,9.51,9.51,9.51,110
ILB,2019-11-19,9.34,9.59,9.34,9.59,1110
ILB,2019-11-20,9.4,9.56,9.4,9.56,250
ILB,2019-11-21,9.45,9.45,9.29,9.45,4770
ILB,2019-11-22,9.29,9.45,9.29,9.34,2300
ILB,2019-11-25,9.4,9.4,9.18,9.34,3480
ILB,2019-11-26,9.31,9.4,9.31,9.4,3460
ILB,2019-11-27,9.34,9.4,9.34,9.4,2440
ILB,2019-11-28,9.34,9.4,9.34,9.34,12110
ILB,2019-11-29,9.34,9.34,9.34,9.34,0
ILB,2019-12-02,9.12,9.37,9.12,9.37,350
ILB,2019-12-03,9.4,9.4,9.37,9.4,3020
ILB,2019-12-04,8.84,9.4,8.84,9.4,1310
ILB,2019-12-05,9.4,9.67,9.4,9.62,2000
ILB,2019-12-06,9.12,9.73,9.12,9.73,3200
ILB,2019-12-09,9.73,9.73,9.73,9.73,0
ILB,2019-12-10,9.4,9.4,9.29,9.29,6540
ILB,2019-12-11,9.45,9.56,9.45,9.51,3010
ILB,2019-12-12,9.4,9.4,9.4,9.4,1000
ILB,2019-12-13,9.34,9.34,9.34,9.34,280
ILB,2019-12-16,9.29,9.29,9.01,9.12,5190
ILB,2019-12-17,9.01,9.15,9.01,9.12,8570
ILB,2019-12-18,9.4,9.4,9.4,9.4,200
ILB,2019-12-19,9.29,9.29,9.29,9.29,970
ILB,2019-12-20,9.37,9.37,9.23,9.37,510
ILB,2019-12-23,8.84,9.37,8.84,9.37,2740
ILB,2019-12-24,9.18,9.23,9.12,9.23,8940
ILB,2019-12-25,9.18,9.18,9.12,9.12,1030
ILB,2019-12-26,9.37,9.37,8.96,8.96,1240
ILB,2019-12-27,9.12,9.12,9.01,9.01,2480
ILB,2019-12-30,9.37,9.37,9.12,9.29,410
ILB,2019-12-31,9.29,9.29,9.29,9.29,0
ILB,2020-01-02,9.67,9.67,8.96,8.96,500
ILB,2020-01-03,8.84,9.37,8.84,9.01,1040
ILB,2020-01-06,8.9,9.2,8.9,9.2,300
ILB,2020-01-07,8.84,9.18,8.84,9.18,1410
ILB,2020-01-08,9.18,9.18,9.18,9.18,0
ILB,2020-01-09,9.18,9.18,9.18,9.18,0
ILB,2020-01-10,8.84,9.07,8.65,9.07,5060
ILB,2020-01-13,9.07,9.07,9.07,9.07,0
ILB,2020-01-14,8.73,8.96,8.73,8.96,2910
ILB,2020-01-15,8.73,8.73,8.73,8.73,1410
ILB,2020-01-16,8.73,8.73,8.29,8.4,1210
ILB,2020-01-17,8.98,8.98,8.43,8.43,1580
ILB,2020-01-20,8.84,8.84,8.84,8.84,5040
ILB,2020-01-21,8.57,8.79,8.57,8.79,470
ILB,2020-01-22,8.82,8.84,8.82,8.82,2180
ILB,2020-01-30,8.96,8.96,8.96,8.96,1000
ILB,2020-01-31,8.96,8.96,8.68,8.68,970
ILB,2020-02-03,8.35,8.71,8.13,8.71,2630
ILB,2020-02-04,8.82,8.82,8.37,8.68,1410
ILB,2020-02-05,8.68,8.68,8.4,8.57,5470
ILB,2020-02-06,8.51,8.57,8.51,8.57,1150
ILB,2020-02-07,8.29,8.71,8.29,8.32,6330
ILB,2020-02-10,8.57,8.57,8.02,8.07,14680
ILB,2020-02-11,8.18,8.29,8.07,8.29,5870
ILB,2020-02-12,8.29,8.29,8.02,8.18,5190
ILB,2020-02-13,8.18,8.29,8.18,8.24,4250
ILB,2020-02-14,8.29,8.29,8.29,8.29,1520
ILB,2020-02-17,8.13,8.26,8.13,8.24,3380
ILB,2020-02-18,8.4,8.46,8.18,8.4,7450
ILB,2020-02-19,8.4,8.4,8.24,8.37,14820
ILB,2020-02-20,8.4,8.43,8.4,8.43,1000
ILB,2020-02-21,8.49,8.49,8.46,8.49,2100
ILB,2020-02-24,8.49,8.49,8.24,8.24,17320
ILB,2020-02-25,8.35,8.35,8.24,8.24,310
ILB,2020-02-26,8.26,8.29,8.24,8.29,11770
ILB,2020-02-27,8.29,8.29,8.29,8.29,0
ILB,2020-02-28,8.29,8.29,8.18,8.29,5280
ILB,2020-03-02,8.24,8.24,8.07,8.24,12740
ILB,2020-03-03,8.18,8.24,8.18,8.24,3840
ILB,2020-03-04,8.04,8.24,8.04,8.24,10990
ILB,2020-03-05,8.29,8.29,8.29,8.29,60
ILB,2020-03-06,7.74,8.02,7.74,8.02,4910
ILB,2020-03-09,8.02,8.02,7.68,7.74,5080
ILB,2020-03-10,7.74,7.79,7.74,7.79,600
ILB,2020-03-11,7.79,7.79,7.52,7.74,1450
ILB,2020-03-12,7.46,7.74,7.46,7.74,10780
ILB,2020-03-13,7.52,7.52,7.46,7.52,18230
ILB,2020-03-16,7.32,7.74,7.32,7.46,5070
ILB,2020-03-17,7.52,7.79,7.46,7.79,83230
ILB,2020-03-18,7.79,7.79,7.79,7.79,3230
ILB,2020-03-19,7.79,7.82,7.74,7.74,38780
ILB,2020-03-20,7.74,7.74,7.74,7.74,1790
ILB,2020-03-23,7.74,7.74,7.68,7.68,230
ILB,2020-03-24,7.52,7.68,7.3,7.63,3110
ILB,2020-03-25,7.63,7.63,7.52,7.63,24100
ILB,2020-03-26,7.79,7.79,7.79,7.79,10
ILB,2020-03-27,7.74,7.77,7.74,7.74,39810
ILB,2020-03-30,7.41,7.41,7.41,7.41,2290
ILB,2020-03-31,7.74,7.74,7.74,7.74,10
ILB,2020-04-01,7.74,7.74,7.41,7.74,6260
ILB,2020-04-03,7.74,7.74,7.74,7.74,550
ILB,2020-04-06,7.74,7.74,7.68,7.74,26600
ILB,2020-04-07,7.74,7.74,7.74,7.74,580
ILB,2020-04-08,7.71,7.71,7.71,7.71,20610
ILB,2020-04-09,7.68,7.68,7.57,7.57,12660
ILB,2020-04-10,7.63,7.63,7.57,7.57,7180
ILB,2020-04-13,7.71,7.71,7.63,7.66,54700
ILB,2020-04-14,7.68,7.68,7.46,7.46,1740
ILB,2020-04-15,7.46,7.68,7.43,7.57,56580
ILB,2020-04-16,7.52,7.9,7.52,7.9,21930
ILB,2020-04-17,7.74,8.18,7.74,8.02,6590
ILB,2020-04-20,8.07,8.29,7.96,8.29,4480
ILB,2020-04-21,8.29,8.29,7.96,8.18,37080
ILB,2020-04-22,7.96,8.02,7.96,8.02,15530
ILB,2020-04-23,8.07,8.07,8.07,8.07,2450
ILB,2020-04-24,8.02,8.24,8.02,8.07,6010
ILB,2020-04-27,8.02,8.51,8.02,8.51,70710
ILB,2020-04-28,8.18,8.18,8.1,8.1,66600
ILB,2020-04-29,8.18,8.18,8.18,8.18,66640
ILB,2020-05-04,8.18,8.18,8.13,8.13,13050
ILB,2020-05-05,8.13,8.24,8.13,8.24,2160
ILB,2020-05-06,8.24,8.4,8.24,8.4,3270
ILB,2020-05-07,8.51,8.51,8.4,8.4,1110
ILB,2020-05-08,8.29,8.65,8.29,8.65,1000
ILB,2020-05-11,8.4,8.71,8.4,8.71,52570
ILB,2020-05-12,8.84,9.26,8.84,9.23,27710
ILB,2020-05-13,9.29,9.34,9.29,9.29,57340
ILB,2020-05-14,9.29,9.31,9.12,9.12,3660
ILB,2020-05-15,9.34,9.4,9.12,9.12,5940
ILB,2020-05-18,9.18,9.18,9.07,9.12,16480
ILB,2020-05-19,9.12,9.12,9.12,9.12,1700
ILB,2020-05-20,9.12,9.12,9.01,9.01,140
ILB,2020-05-21,8.84,9.37,8.84,9.01,660
ILB,2020-05-22,9.04,9.04,8.96,9.01,4380
ILB,2020-05-25,9.07,9.29,9.01,9.29,17580
ILB,2020-05-26,9.29,9.62,9.29,9.62,63990
ILB,2020-05-27,10.12,10.12,9.4,9.4,15730
ILB,2020-05-28,9.4,9.4,9.4,9.4,1810
ILB,2020-05-29,9.4,9.4,9.34,9.4,10790
ILB,2020-06-01,9.45,9.45,9.34,9.34,39760
ILB,2020-06-02,9.4,9.4,9.29,9.29,18040
ILB,2020-06-03,9.29,9.29,9.29,9.29,1500
ILB,2020-06-04,9.29,9.34,9.23,9.29,2830
ILB,2020-06-05,9.23,9.34,9.18,9.18,1100
ILB,2020-06-08,9.18,9.23,9.18,9.23,4210
ILB,2020-06-09,9.87,9.87,9.23,9.34,11080
ILB,2020-06-10,9.34,9.34,9.34,9.34,41040
ILB,2020-06-11,9.34,9.4,9.29,9.29,24400
ILB,2020-06-12,9.23,9.34,9.18,9.34,21530
ILB,2020-06-15,9.34,9.37,9.31,9.37,12360
ILB,2020-06-16,9.37,9.4,9.34,9.4,12250
ILB,2020-06-17,9.51,9.51,9.34,9.51,13300
ILB,2020-06-18,9.51,9.51,9.31,9.4,5260
ILB,2020-06-19,9.65,9.65,9.42,9.54,30190
ILB,2020-06-22,9.67,9.67,9.54,9.67,41540
ILB,2020-06-23,9.67,9.73,9.59,9.59,23410
ILB,2020-06-24,9.62,9.73,9.56,9.62,47230
ILB,2020-06-25,9.65,9.65,9.45,9.45,26560
ILB,2020-06-26,9.59,9.65,9.56,9.65,13430
ILB,2020-06-29,9.73,9.73,9.59,9.73,62270
ILB,2020-06-30,9.78,9.78,9.62,9.67,26510
ILB,2020-07-01,10.1,10.1,9.07,9.67,32730
ILB,2020-07-02,10.1,10.1,9.43,9.43,11420
ILB,2020-07-03,9.43,9.73,9.07,9.67,1170
ILB,2020-07-06,9.67,9.67,9.37,9.61,15800
ILB,2020-07-07,9.61,9.61,9.37,9.55,12840
ILB,2020-07-08,9.43,9.46,9.43,9.46,1510
ILB,2020-07-09,9.46,9.46,9.31,9.43,6840
ILB,2020-07-10,9.43,9.43,9.37,9.43,6390
ILB,2020-07-13,9.43,9.52,9.43,9.43,13690
ILB,2020-07-14,9.52,9.52,9.43,9.46,16960
ILB,2020-07-15,9.46,9.46,9.37,9.46,17790
ILB,2020-07-16,9.46,9.46,9.37,9.46,11360
ILB,2020-07-17,9.43,9.43,9.37,9.43,9510
ILB,2020-07-20,9.43,9.46,9.43,9.46,1710
ILB,2020-07-21,9.67,9.67,9.46,9.46,1200
ILB,2020-07-22,9.46,9.55,9.46,9.55,16660
ILB,2020-07-23,9.49,9.49,9.49,9.49,21510
ILB,2020-07-24,9.46,9.61,9.37,9.46,22940
ILB,2020-07-27,9.37,9.37,9.07,9.13,63180
ILB,2020-07-28,9.13,9.25,9.13,9.25,21720
ILB,2020-07-29,9.13,9.13,9.07,9.13,16740
ILB,2020-07-30,9.13,9.19,9.13,9.13,30210
ILB,2020-07-31,9.13,9.16,9.07,9.13,21190
ILB,2020-08-03,9.07,9.25,9.07,9.19,3090
ILB,2020-08-04,9.19,9.37,9.19,9.37,15660
ILB,2020-08-05,9.37,9.49,9.37,9.46,18720
ILB,2020-08-06,9.49,9.49,9.43,9.43,2910
ILB,2020-08-07,9.37,9.37,9.37,9.37,9520
ILB,2020-08-10,9.37,9.43,9.37,9.43,13100
ILB,2020-08-11,9.28,9.55,9.28,9.43,7010
ILB,2020-08-12,9.37,9.49,9.37,9.49,1100
ILB,2020-08-13,9.49,9.49,9.25,9.49,620
ILB,2020-08-14,9.49,9.52,9.43,9.49,29400
ILB,2020-08-17,10.13,10.13,9.49,9.58,6370
ILB,2020-08-18,9.58,9.67,9.58,9.67,10760
ILB,2020-08-19,9.61,9.67,9.55,9.55,570
ILB,2020-08-20,10.22,10.22,9.67,9.98,19970
ILB,2020-08-21,10.52,10.52,10.1,10.22,3970
ILB,2020-08-24,10.64,10.64,10.04,10.34,33290
ILB,2020-08-25,10.58,10.58,10.37,10.37,40
ILB,2020-08-26,10.55,10.55,10.22,10.22,3740
ILB,2020-08-27,10.28,10.28,9.98,10.28,26510
ILB,2020-08-28,10.22,10.25,10.22,10.22,29120
ILB,2020-08-31,10.52,10.52,10.28,10.28,4750
ILB,2020-09-01,10.49,10.49,10.22,10.22,7010
ILB,2020-09-03,10.52,10.52,10.1,10.28,11810
ILB,2020-09-04,10.28,10.28,10.22,10.22,600
ILB,2020-09-07,10.4,10.4,10.16,10.28,1510
ILB,2020-09-08,10.4,10.4,10.16,10.22,21930
ILB,2020-09-09,10.28,10.28,10.16,10.16,9630
ILB,2020-09-10,10.28,10.28,10.1,10.22,15080
ILB,2020-09-11,10.1,10.22,10.1,10.16,16860
ILB,2020-09-14,10.16,10.22,10.16,10.22,30360
ILB,2020-09-15,10.28,10.34,10.28,10.31,34230
ILB,2020-09-16,10.4,10.4,10.28,10.31,11240
ILB,2020-09-17,10.28,10.28,10.22,10.28,33480
ILB,2020-09-18,10.4,10.4,10.22,10.28,38610
ILB,2020-09-21,10.28,10.34,10.22,10.28,12330
ILB,2020-09-22,10.34,10.34,10.22,10.28,77980
ILB,2020-09-23,10.28,10.34,10.04,10.34,110
ILB,2020-09-24,10.28,10.31,10.19,10.28,7140
ILB,2020-09-25,10.28,10.37,10.22,10.22,34240
ILB,2020-09-28,10.4,10.4,10.22,10.34,81430
ILB,2020-09-29,10.28,10.28,10.25,10.28,14250
ILB,2020-09-30,10.28,10.28,10.22,10.22,20320
ILB,2020-10-01,10.22,10.28,10.22,10.28,29460
ILB,2020-10-02,10.82,10.82,9.98,10.28,13300
ILB,2020-10-05,10.4,10.4,10.22,10.28,33830
ILB,2020-10-06,10.28,10.28,10.25,10.28,37200
ILB,2020-10-07,10.25,10.28,10.22,10.25,33570
ILB,2020-10-08,10.28,10.64,10.28,10.46,86050
ILB,2020-10-09,10.52,11.12,10.4,11.06,152440
ILB,2020-10-12,11.25,11.25,11.06,11.06,5590
ILB,2020-10-13,11.06,11.06,10.46,10.88,4690
ILB,2020-10-14,10.88,10.88,10.46,10.88,36170
ILB,2020-10-15,10.88,10.88,10.52,10.64,24360
ILB,2020-10-16,10.52,10.64,10.46,10.58,37650
ILB,2020-10-19,10.58,10.58,10.37,10.49,58270
ILB,2020-10-20,10.55,10.55,10.28,10.4,54810
ILB,2020-10-21,10.31,10.4,10.28,10.34,21340
ILB,2020-10-22,10.22,10.34,10.22,10.22,13930
ILB,2020-10-23,10.82,10.82,10.22,10.52,23970
ILB,2020-10-26,10.64,10.64,10.28,10.28,51890
ILB,2020-10-27,10.55,10.55,10.16,10.28,13500
ILB,2020-10-28,10.49,10.49,10.1,10.1,46550
ILB,2020-10-29,10.43,10.43,10.04,10.13,29460
ILB,2020-10-30,10.49,10.49,10.1,10.13,51950
ILB,2020-11-02,10.82,10.82,10.13,10.4,42670
ILB,2020-11-03,10.7,10.7,10.4,10.43,16730
ILB,2020-11-04,10.52,10.52,10.4,10.52,35880
ILB,2020-11-05,10.64,10.64,10.43,10.52,41300
ILB,2020-11-06,10.58,11.0,10.58,10.94,193120
ILB,2020-11-09,11.0,11.31,10.88,10.94,68010
ILB,2020-11-10,10.94,10.94,10.76,10.76,61810
ILB,2020-11-11,10.88,11.06,10.7,10.76,138600
ILB,2020-11-12,10.76,11.49,10.76,11.49,651560
ILB,2020-11-13,12.21,12.27,12.21,12.27,342970
ILB,2020-11-16,13.09,13.12,12.52,12.94,285630
ILB,2020-11-17,12.7,13.81,12.58,13.81,274950
ILB,2020-11-18,13.81,14.57,13.81,14.03,231390
ILB,2020-11-19,14.03,14.27,13.78,14.21,176350
ILB,2020-11-20,14.21,14.21,13.48,14.06,157640
ILB,2020-11-23,14.03,14.06,13.91,14.03,159790
ILB,2020-11-24,14.33,14.99,14.03,14.75,276450
ILB,2020-11-25,14.78,14.87,14.33,14.39,118140
ILB,2020-11-26,14.39,14.81,14.39,14.6,208900
ILB,2020-11-27,14.63,14.63,14.45,14.6,108150
ILB,2020-11-30,14.75,14.75,14.42,14.51,101840
ILB,2020-12-01,14.21,15.51,14.21,15.51,384170
ILB,2020-12-02,15.72,16.57,15.51,16.32,479780
ILB,2020-12-03,16.38,16.63,16.32,16.51,146080
ILB,2020-12-04,16.51,16.51,16.26,16.29,40560
ILB,2020-12-07,16.26,16.26,15.6,15.96,215730
ILB,2020-12-08,16.02,16.02,15.72,15.75,118930
ILB,2020-12-09,15.72,16.26,15.72,15.96,179890
ILB,2020-12-10,16.32,16.32,15.78,15.84,95420
ILB,2020-12-11,15.84,15.84,15.42,15.66,127480
ILB,2020-12-14,15.66,15.72,15.36,15.72,171250
ILB,2020-12-15,15.72,16.57,15.72,16.57,208050
ILB,2020-12-16,16.81,16.81,16.32,16.32,70180
ILB,2020-12-17,15.36,16.32,15.36,16.08,110740
ILB,2020-12-18,16.08,16.2,15.66,16.02,103880
ILB,2020-12-21,16.32,17.14,16.32,17.14,529060
ILB,2020-12-22,18.11,18.11,17.23,17.96,133480
ILB,2020-12-23,17.96,18.14,17.5,17.5,55370
ILB,2020-12-24,16.63,16.93,16.29,16.51,288420
ILB,2020-12-25,16.51,16.99,16.26,16.87,97030
ILB,2020-12-28,16.87,16.93,16.63,16.63,136330
ILB,2020-12-29,16.57,16.66,16.32,16.63,101370
ILB,2020-12-30,16.69,16.69,16.32,16.38,84920
ILB,2020-12-31,16.38,16.57,16.29,16.32,73270
ILB,2021-01-04,16.93,16.93,16.41,16.48,83500
ILB,2021-01-05,16.51,16.63,16.2,16.57,142500
ILB,2021-01-06,16.57,16.63,16.2,16.32,143400
ILB,2021-01-07,16.38,16.38,16.23,16.35,123900
ILB,2021-01-08,16.32,16.35,16.2,16.32,80000
ILB,2021-01-11,16.38,16.69,16.32,16.51,99100
ILB,2021-01-12,16.72,17.53,16.38,17.29,130100
ILB,2021-01-13,17.38,17.41,17.02,17.05,125100
ILB,2021-01-14,17.05,17.05,16.63,16.66,80300
ILB,2021-01-15,16.63,16.99,16.44,16.57,128800
ILB,2021-01-18,16.57,16.63,16.26,16.38,137600
ILB,2021-01-19,16.2,16.32,15.27,15.6,141200
ILB,2021-01-20,15.6,15.72,14.69,15.3,84300
ILB,2021-01-21,15.42,15.69,15.24,15.69,78500
ILB,2021-01-22,15.72,15.9,15.51,15.54,34800
ILB,2021-01-25,15.54,15.66,15.54,15.54,39900
ILB,2021-01-26,15.54,15.54,14.99,14.99,68600
ILB,2021-01-27,14.99,14.99,13.97,14.21,195300
ILB,2021-01-28,13.3,13.85,13.24,13.24,198600
ILB,2021-01-29,12.7,13.48,12.64,13.48,107700
ILB,2021-02-01,12.94,13.18,12.55,12.55,112600
ILB,2021-02-02,12.55,12.88,12.21,12.88,190700
ILB,2021-02-03,13.3,13.75,13.3,13.75,87100
ILB,2021-02-04,14.15,14.15,13.6,13.6,79100
ILB,2021-02-05,13.54,14.09,13.06,14.09,153400
ILB,2021-02-08,14.03,14.03,13.12,13.12,312100
ILB,2021-02-09,13.12,13.91,13.0,13.85,49900
ILB,2021-02-17,13.91,13.97,13.6,13.85,145700
ILB,2021-02-18,13.91,13.91,13.6,13.66,105700
ILB,2021-02-19,13.66,14.6,13.66,14.6,322400
ILB,2021-02-22,15.6,15.6,15.18,15.6,281900
ILB,2021-02-23,15.6,16.02,15.54,15.69,186700
ILB,2021-02-24,15.3,15.48,14.93,15.11,227500
ILB,2021-02-25,15.11,15.18,14.57,14.66,114900
ILB,2021-02-26,14.21,15.18,14.21,15.11,208700
ILB,2021-03-01,15.3,15.72,15.3,15.54,159500
ILB,2021-03-02,15.72,16.32,15.48,16.08,316500
ILB,2021-03-03,16.2,16.2,15.42,15.93,143000
ILB,2021-03-04,15.66,16.02,15.48,15.48,120500
ILB,2021-03-05,15.36,15.72,15.18,15.72,79200
ILB,2021-03-08,16.32,16.32,15.48,15.84,118400
ILB,2021-03-09,15.72,15.72,15.48,15.54,59600
ILB,2021-03-10,15.54,15.9,15.54,15.84,99900
ILB,2021-03-11,15.84,16.63,15.84,16.32,333100
ILB,2021-03-12,16.51,16.93,16.51,16.63,176500
ILB,2021-03-15,16.63,16.63,16.29,16.57,68200
ILB,2021-03-16,16.32,16.63,16.26,16.41,137300
ILB,2021-03-17,16.57,16.75,16.44,16.57,96100
ILB,2021-03-18,16.57,16.63,16.32,16.41,66100
ILB,2021-03-19,16.32,16.38,16.17,16.23,79200
ILB,2021-03-22,16.2,16.57,16.2,16.44,91200
ILB,2021-03-23,16.44,17.23,16.44,16.93,217100
ILB,2021-03-24,16.81,17.23,16.51,16.81,219200
ILB,2021-03-25,16.81,17.05,16.63,16.84,101100
ILB,2021-03-26,16.32,16.81,16.2,16.44,131400
ILB,2021-03-29,16.84,16.84,16.41,16.44,55300
ILB,2021-03-30,16.51,17.47,16.48,17.05,224600
ILB,2021-03-31,17.05,17.11,16.93,17.05,41800
ILB,2021-04-01,17.05,17.41,17.05,17.41,89500
ILB,2021-04-02,17.65,17.65,16.99,17.29,50200
ILB,2021-04-05,17.23,17.23,16.51,16.75,86400
ILB,2021-04-06,16.75,16.75,16.32,16.38,135500
ILB,2021-04-07,16.38,16.51,16.02,16.17,177800
ILB,2021-04-08,16.44,16.63,16.2,16.26,112300
ILB,2021-04-09,16.26,16.63,16.26,16.51,76400
ILB,2021-04-12,16.44,16.81,16.38,16.44,135700
ILB,2021-04-13,16.44,16.48,16.17,16.2,72300
ILB,2021-04-14,16.2,16.44,16.17,16.44,52300
ILB,2021-04-15,16.44,16.44,16.2,16.26,58100
ILB,2021-04-16,16.17,16.26,15.72,15.96,107200
ILB,2021-04-19,15.93,15.96,15.72,15.9,39900
ILB,2021-04-20,16.02,16.2,15.9,15.9,73300
ILB,2021-04-22,15.9,15.93,15.27,15.3,51900
ILB,2021-04-23,15.3,15.42,14.99,15.42,105700
ILB,2021-04-26,16.02,16.02,14.81,15.36,47600
ILB,2021-04-27,14.81,15.36,14.81,14.81,70700
ILB,2021-04-28,15.05,15.11,14.63,14.75,139800
ILB,2021-04-29,15.05,15.05,14.57,14.75,25000
ILB,2021-05-04,14.75,14.75,14.27,14.39,60400
ILB,2021-05-05,14.51,14.51,14.15,14.51,129800
ILB,2021-05-06,14.81,14.81,14.24,14.39,71200
ILB,2021-05-07,14.39,14.39,14.15,14.39,36800
ILB,2021-05-10,14.21,14.21,13.97,14.15,104300
ILB,2021-05-11,14.15,14.24,14.03,14.21,96800
ILB,2021-05-12,14.21,14.48,14.15,14.39,47500
ILB,2021-05-13,14.51,15.11,14.39,14.87,96900
ILB,2021-05-14,15.11,15.11,14.69,14.9,23100
ILB,2021-05-17,14.93,14.93,14.45,14.45,42600
ILB,2021-05-18,15.05,15.05,14.21,14.27,43800
ILB,2021-05-19,14.45,14.51,14.21,14.27,86300
ILB,2021-05-20,14.09,14.24,14.03,14.03,45400
ILB,2021-05-21,14.03,14.27,13.91,14.12,76300
ILB,2021-05-24,14.24,14.75,14.24,14.63,59700
ILB,2021-05-25,14.63,14.75,14.51,14.51,79200
ILB,2021-05-26,14.39,14.51,14.27,14.45,111000
ILB,2021-05-27,14.39,15.11,14.39,14.51,51400
ILB,2021-05-28,14.96,14.96,14.54,14.69,47500
ILB,2021-05-31,14.69,14.69,14.39,14.45,21100
ILB,2021-06-01,14.39,14.45,14.15,14.27,129800
ILB,2021-06-02,14.18,14.27,14.15,14.18,87100
ILB,2021-06-03,14.18,14.63,14.18,14.51,110800
ILB,2021-06-04,14.51,15.48,14.51,15.48,187600
ILB,2021-06-07,15.48,15.72,15.36,15.51,74900
ILB,2021-06-08,15.11,15.51,15.11,15.11,135800
ILB,2021-06-09,15.3,15.33,15.05,15.24,54900
ILB,2021-06-10,15.24,15.24,15.05,15.24,45400
ILB,2021-06-11,15.66,15.66,15.3,15.42,100000
ILB,2021-06-14,16.14,16.2,15.72,15.99,87200
ILB,2021-06-15,16.2,16.2,15.93,16.02,66400
ILB,2021-06-16,16.02,16.23,15.96,16.2,111800
ILB,2021-06-17,16.2,16.26,16.08,16.23,101900
ILB,2021-06-18,16.23,16.87,16.23,16.87,166500
ILB,2021-06-21,17.17,17.17,16.75,16.81,242200
ILB,2021-06-22,16.81,17.05,16.81,16.9,151400
ILB,2021-06-23,16.87,16.87,15.72,16.48,111600
ILB,2021-06-24,17.27,17.27,15.99,16.03,72400
ILB,2021-06-25,15.99,15.99,15.45,15.87,78600
ILB,2021-06-28,15.67,15.74,15.42,15.67,105100
ILB,2021-06-29,15.58,15.74,15.35,15.45,87900
ILB,2021-06-30,15.48,16.51,15.35,16.31,131600
ILB,2021-07-01,16.57,17.27,16.57,17.15,207200
ILB,2021-07-02,17.15,17.15,16.63,16.76,86900
ILB,2021-07-05,16.38,16.38,15.99,16.25,113400
ILB,2021-07-06,16.19,16.38,15.99,16.12,93900
ILB,2021-07-07,15.8,15.99,15.61,15.93,47400
ILB,2021-07-08,15.83,16.47,15.83,16.31,90300
ILB,2021-07-09,15.87,16.51,15.8,16.15,97500
ILB,2021-07-12,16.03,16.12,15.35,15.35,133400
ILB,2021-07-13,15.35,16.25,15.35,15.8,19800
ILB,2021-07-14,15.87,15.87,15.55,15.67,10400
ILB,2021-07-15,15.87,15.87,15.42,15.8,39100
ILB,2021-07-16,15.48,15.99,15.48,15.8,34700
ILB,2021-07-19,15.74,16.63,15.42,16.25,86900
ILB,2021-07-20,16.44,16.51,16.06,16.44,44200
ILB,2021-07-21,16.44,16.44,16.31,16.35,43300
ILB,2021-07-22,16.57,17.47,16.44,17.47,260700
ILB,2021-07-23,18.62,18.68,18.11,18.68,558700
ILB,2021-07-26,18.43,19.9,18.43,18.81,184700
ILB,2021-07-27,18.81,18.94,18.17,18.3,200300
ILB,2021-07-28,18.14,18.87,18.14,18.3,128700
ILB,2021-07-29,18.23,18.43,18.07,18.43,134000
ILB,2021-07-30,19.13,19.13,18.55,18.65,287500
ILB,2021-08-02,18.65,19.9,18.55,19.19,275100
ILB,2021-08-03,19.23,20.54,19.19,20.54,414300
ILB,2021-08-04,21.11,21.11,19.77,20.15,246700
ILB,2021-08-05,20.15,20.92,19.9,20.6,102600
ILB,2021-08-06,19.96,21.21,19.96,20.47,263000
ILB,2021-08-09,20.73,21.62,20.66,21.56,258700
ILB,2021-08-10,22.07,22.07,21.43,22.07,262000
ILB,2021-08-11,22.07,23.35,22.07,22.81,436000
ILB,2021-08-12,22.94,23.1,21.37,21.37,624800
ILB,2021-08-13,21.11,22.07,20.03,22.07,334400
ILB,2021-08-16,22.01,22.39,21.43,21.43,216500
ILB,2021-08-17,21.37,21.37,19.96,20.47,236500
ILB,2021-08-18,20.09,20.98,20.03,20.54,172400
ILB,2021-08-19,20.98,20.98,20.47,20.5,117600
ILB,2021-08-20,21.05,21.05,19.83,20.35,312900
ILB,2021-08-23,20.28,20.47,19.96,20.19,137900
ILB,2021-08-24,19.9,20.09,18.78,19.39,230600
ILB,2021-08-25,19.19,19.51,18.87,19.48,162900
ILB,2021-08-26,19.55,20.82,19.55,20.28,206800
ILB,2021-08-27,20.28,20.92,20.25,20.73,266400
ILB,2021-08-30,21.3,21.3,20.86,21.05,205300
ILB,2021-08-31,21.05,21.18,20.5,21.18,236100
ILB,2021-09-01,21.3,22.14,21.11,22.14,279700
ILB,2021-09-06,22.58,22.71,22.07,22.07,256100
ILB,2021-09-07,22.33,22.33,21.24,21.24,190600
ILB,2021-09-08,20.86,21.08,20.6,20.98,255500
ILB,2021-09-09,21.59,21.59,20.86,21.37,104600
ILB,2021-09-10,21.37,21.43,20.98,21.11,83100
ILB,2021-09-13,21.11,21.11,20.79,20.86,127700
ILB,2021-09-14,20.6,21.11,20.54,20.66,96900
ILB,2021-09-15,20.6,21.11,20.47,20.92,99200
ILB,2021-09-16,20.92,21.11,20.73,20.86,36900
ILB,2021-09-17,20.98,22.01,20.92,21.82,173500
ILB,2021-09-20,21.82,22.07,21.11,21.21,125100
ILB,2021-09-21,20.47,21.21,20.47,20.79,182500
ILB,2021-09-22,20.73,21.18,20.73,21.18,33200
ILB,2021-09-23,22.07,22.07,21.11,21.18,55800
ILB,2021-09-24,21.21,21.4,20.89,21.11,88900
ILB,2021-09-27,21.11,21.34,20.47,20.47,127900
ILB,2021-09-28,20.47,20.47,19.42,20.47,75800
ILB,2021-09-29,20.47,20.47,20.15,20.35,26400
ILB,2021-09-30,20.22,21.3,20.22,21.05,76200
ILB,2021-10-01,20.92,20.98,20.54,20.76,44600
ILB,2021-10-04,21.05,21.05,20.5,20.98,53600
ILB,2021-10-05,20.6,21.05,20.6,20.98,60600
ILB,2021-10-06,21.08,21.94,21.08,21.59,175700
ILB,2021-10-07,21.62,21.88,21.62,21.88,246100
ILB,2021-10-08,22.39,22.65,22.26,22.58,305500
ILB,2021-10-11,22.62,22.9,22.46,22.68,164500
ILB,2021-10-12,22.71,22.84,22.46,22.78,167400
ILB,2021-10-13,22.74,22.78,22.33,22.33,134900
ILB,2021-10-14,22.39,22.71,22.14,22.62,88500
ILB,2021-10-15,22.62,23.42,22.52,23.1,116200
ILB,2021-10-18,23.13,23.16,22.68,22.68,86400
ILB,2021-10-19,22.55,22.55,22.07,22.07,133700
ILB,2021-10-20,21.85,22.07,21.85,22.01,80200
ILB,2021-10-21,22.33,22.78,22.07,22.78,112200
ILB,2021-10-22,22.97,22.97,22.49,22.52,66000
ILB,2021-10-25,22.52,22.55,22.07,22.1,100200
ILB,2021-10-26,21.82,22.39,21.75,22.39,106900
ILB,2021-10-27,22.52,23.1,22.39,22.68,152700
ILB,2021-10-28,22.97,22.97,22.62,22.62,165300
ILB,2021-10-29,22.65,22.65,22.3,22.65,178500
ILB,2021-11-01,22.9,23.35,22.65,22.78,128100
ILB,2021-11-02,22.97,22.97,22.46,22.78,99800
ILB,2021-11-03,22.84,23.0,22.58,22.58,147100
ILB,2021-11-04,22.39,22.78,22.39,22.52,68600
ILB,2021-11-05,22.71,22.71,22.46,22.65,50000
ILB,2021-11-08,22.78,24.22,22.39,24.22,387000
ILB,2021-11-09,25.59,25.59,24.28,24.57,161700
ILB,2021-11-10,24.57,24.95,24.25,24.82,77700
ILB,2021-11-11,24.82,24.82,23.67,24.5,131800
ILB,2021-11-12,23.93,24.31,23.45,24.31,195100
ILB,2021-11-15,25.46,25.46,24.18,24.31,122400
ILB,2021-11-16,23.22,24.95,23.22,24.34,120000
ILB,2021-11-17,24.25,24.63,23.7,24.09,75500
ILB,2021-11-18,23.93,23.93,23.42,23.67,130800
ILB,2021-11-19,23.54,23.67,22.07,22.71,299100
ILB,2021-11-22,22.39,22.39,21.75,21.82,147800
ILB,2021-11-23,20.79,22.07,20.79,21.88,65900
ILB,2021-11-24,21.94,22.39,21.75,21.82,53600
ILB,2021-11-25,21.88,22.26,21.88,22.07,28500
ILB,2021-11-26,22.1,22.26,21.94,21.98,56300
ILB,2021-11-29,21.11,22.26,21.11,22.07,31900
ILB,2021-11-30,21.94,22.39,21.94,22.14,49900
ILB,2021-12-01,22.07,22.33,22.07,22.23,20500
ILB,2021-12-02,22.14,22.78,22.14,22.23,36900
ILB,2021-12-03,22.65,22.65,21.98,22.23,22000
ILB,2021-12-06,21.82,22.52,20.7,21.69,88800
ILB,2021-12-07,21.69,22.3,21.66,22.1,7500
ILB,2021-12-08,22.07,22.07,21.85,22.04,7400
ILB,2021-12-09,21.72,22.07,21.72,21.85,9500
ILB,2021-12-10,21.88,21.88,21.75,21.82,10200
ILB,2021-12-13,21.85,22.14,21.85,22.01,34900
ILB,2021-12-14,22.14,22.14,22.01,22.01,39200
ILB,2021-12-15,22.07,22.71,22.01,22.65,33300
ILB,2021-12-16,22.65,22.65,22.2,22.2,12000
ILB,2021-12-17,22.2,22.33,21.75,22.26,30600
ILB,2021-12-20,21.94,22.07,21.75,22.07,40700
ILB,2021-12-21,21.5,22.07,21.5,22.07,20900
ILB,2021-12-22,21.75,21.75,21.4,21.43,94500
ILB,2021-12-23,21.78,21.78,20.98,20.98,45800
ILB,2021-12-24,20.98,21.43,20.95,20.98,30600
ILB,2021-12-27,20.98,21.18,20.95,20.98,16800
ILB,2021-12-28,20.98,21.11,20.79,20.86,86800
ILB,2021-12-29,20.86,21.05,20.73,20.86,11600
ILB,2021-12-30,21.14,21.14,20.92,21.05,33000
ILB,2021-12-31,21.11,21.11,20.86,20.98,25600
ILB,2022-01-04,21.11,21.11,20.79,20.95,94200
ILB,2022-01-05,20.82,20.98,20.82,20.98,22500
ILB,2022-01-06,20.98,21.02,20.92,20.98,32600
ILB,2022-01-07,20.82,20.98,20.79,20.86,48900
ILB,2022-01-10,20.86,21.05,20.79,20.86,25800
ILB,2022-01-11,20.86,20.86,20.54,20.79,13900
ILB,2022-01-12,20.76,20.86,19.9,20.15,28600
ILB,2022-01-13,19.87,20.57,19.87,20.15,19200
ILB,2022-01-14,19.83,20.79,19.83,20.79,40800
ILB,2022-01-17,20.73,21.37,20.22,20.47,21700
ILB,2022-01-18,20.73,20.73,19.64,20.57,5400
ILB,2022-01-19,19.96,20.47,19.96,20.47,6600
ILB,2022-01-20,20.47,20.47,20.03,20.35,29000
ILB,2022-01-21,20.35,20.35,20.12,20.35,6600
ILB,2022-01-24,20.79,20.79,19.93,20.31,12500
ILB,2022-01-25,19.83,20.47,19.55,20.47,23500
ILB,2022-01-26,19.87,20.47,19.83,20.15,7700
ILB,2022-01-27,20.15,20.44,19.87,20.44,16000
ILB,2022-01-28,19.83,20.44,19.83,20.44,1200
ILB,2022-02-07,21.05,21.05,20.41,20.79,9700
ILB,2022-02-08,20.47,20.79,20.47,20.79,8900
ILB,2022-02-09,20.98,20.98,20.79,20.86,5000
ILB,2022-02-10,20.92,20.98,19.96,20.86,42600
ILB,2022-02-11,20.41,20.86,20.35,20.35,22100
ILB,2022-02-14,20.35,21.05,19.9,21.05,14000
ILB,2022-02-15,20.89,20.89,20.54,20.54,7900
ILB,2022-02-16,20.6,20.6,20.35,20.54,5200
ILB,2022-02-17,20.66,20.98,20.47,20.47,25500
ILB,2022-02-18,20.47,20.79,20.41,20.79,7000
ILB,2022-02-21,20.79,21.05,20.79,21.05,19700
ILB,2022-02-22,20.92,21.05,20.5,20.92,8900
ILB,2022-02-23,20.92,21.08,20.86,20.98,13100
ILB,2022-02-24,20.79,21.21,20.15,20.28,41400
ILB,2022-02-25,20.28,20.89,20.22,20.47,12300
ILB,2022-02-28,20.47,20.92,20.41,20.41,6000
ILB,2022-03-01,20.47,20.79,20.35,20.41,7700
ILB,2022-03-02,20.35,20.47,20.22,20.25,19300
ILB,2022-03-03,20.22,21.59,20.22,21.59,62600
ILB,2022-03-04,21.75,21.75,21.18,21.18,30000
ILB,2022-03-07,21.11,21.75,20.89,21.37,15900
ILB,2022-03-08,20.35,21.24,20.35,20.57,8400
ILB,2022-03-09,20.57,21.11,20.28,21.08,44000
ILB,2022-03-10,21.08,21.08,20.54,20.73,9500
ILB,2022-03-11,20.54,20.54,20.35,20.35,12000
ILB,2022-03-14,20.28,20.35,19.23,20.09,21300
ILB,2022-03-15,20.15,20.15,19.87,20.12,23800
ILB,2022-03-16,20.22,20.47,20.22,20.28,19000
ILB,2022-03-17,20.28,20.35,20.28,20.31,2700
ILB,2022-03-18,20.35,20.47,20.22,20.28,8400
ILB,2022-03-21,20.28,20.63,20.28,20.63,8900
ILB,2022-03-22,20.6,20.66,19.9,20.47,14700
ILB,2022-03-23,20.5,20.5,20.41,20.44,27100
ILB,2022-03-24,20.47,20.66,20.35,20.54,8500
ILB,2022-03-25,20.73,21.69,20.73,21.46,51000
ILB,2022-03-28,22.39,22.71,21.66,22.33,94700
ILB,2022-03-29,22.58,23.03,22.33,22.39,44900
ILB,2022-03-30,22.39,22.39,21.75,22.26,26000
ILB,2022-03-31,22.26,22.42,21.88,22.42,50700
ILB,2022-04-01,21.43,22.97,21.43,22.97,112100
ILB,2022-04-04,23.22,23.22,22.97,22.97,56400
ILB,2022-04-05,22.97,23.86,22.97,23.77,87300
ILB,2022-04-06,23.67,23.99,23.03,23.8,77900
ILB,2022-04-07,23.8,23.99,23.8,23.8,50100
ILB,2022-04-08,23.03,23.74,23.03,23.16,30800
ILB,2022-04-12,23.03,23.1,23.03,23.1,27800
ILB,2022-04-13,23.06,23.67,22.97,23.67,48400
ILB,2022-04-14,23.93,23.99,23.35,23.35,21100
ILB,2022-04-15,23.35,23.42,23.35,23.38,9400
ILB,2022-04-18,23.35,23.38,22.9,23.03,14300
ILB,2022-04-19,23.35,23.42,23.03,23.35,81300
ILB,2022-04-20,23.67,23.8,23.0,23.42,88100
ILB,2022-04-21,22.39,23.42,22.39,23.42,27600
ILB,2022-04-22,23.35,23.42,22.71,23.35,31000
ILB,2022-04-25,23.22,23.35,21.72,23.35,67900
ILB,2022-04-26,22.14,23.42,22.01,23.42,37400
ILB,2022-04-27,23.03,23.48,23.03,23.42,54700
ILB,2022-04-28,23.1,23.29,22.71,23.29,22900
ILB,2022-04-29,23.03,23.22,23.03,23.22,36500
ILB,2022-05-04,23.35,23.77,23.22,23.54,97100
ILB,2022-05-05,23.9,25.14,23.9,25.14,164300
ILB,2022-05-06,25.14,25.14,24.47,25.08,13300
ILB,2022-05-09,24.89,24.95,23.42,23.48,66700
ILB,2022-05-10,23.03,23.03,22.07,22.71,72600
ILB,2022-05-11,22.71,23.48,22.71,23.06,23500
ILB,2022-05-12,23.03,23.13,22.81,23.03,148800
ILB,2022-05-13,22.9,22.9,21.53,22.9,62600
ILB,2022-05-16,22.52,23.03,22.01,22.2,24700
ILB,2022-05-17,22.01,22.71,21.75,22.71,2900
ILB,2022-05-18,22.71,23.42,22.71,23.42,32600
ILB,2022-05-19,23.03,23.42,22.39,23.42,1500
ILB,2022-05-20,23.35,23.35,22.52,22.52,500
ILB,2022-05-23,23.8,23.8,22.39,22.71,7500
ILB,2022-05-24,22.84,22.84,22.39,22.39,5600
ILB,2022-05-25,22.07,22.39,22.07,22.39,700
ILB,2022-05-26,22.52,22.58,22.52,22.52,4500
ILB,2022-05-27,22.39,23.35,22.39,22.52,500
ILB,2022-05-30,22.71,22.71,22.39,22.39,12900
ILB,2022-05-31,22.46,23.22,22.46,23.03,23000
ILB,2022-06-01,22.71,22.71,22.71,22.71,600
ILB,2022-06-02,23.58,23.58,22.71,23.03,24600
ILB,2022-06-03,22.58,22.58,22.58,22.58,1800
ILB,2022-06-06,22.52,23.03,22.52,23.03,77500
ILB,2022-06-07,23.03,23.03,22.46,22.71,112400
ILB,2022-06-08,22.71,23.35,22.71,23.35,15300
ILB,2022-06-09,23.35,23.45,23.03,23.03,52200
ILB,2022-06-10,24.31,24.63,23.03,23.03,6200
ILB,2022-06-13,22.71,23.16,22.39,23.16,10900
ILB,2022-06-14,23.96,23.96,22.33,22.33,10600
ILB,2022-06-15,22.39,23.03,22.14,22.14,4000
ILB,2022-06-16,22.97,23.03,22.97,23.03,10000
ILB,2022-06-17,21.69,22.39,21.62,22.39,25400
ILB,2022-06-20,22.39,22.74,22.39,22.71,24100
ILB,2022-06-21,22.71,22.71,22.71,22.71,200
ILB,2022-06-22,22.2,22.2,21.3,21.75,5300
ILB,2022-06-23,21.4,22.39,21.4,22.39,1000
ILB,2022-06-24,22.78,22.94,22.78,22.84,1100
ILB,2022-06-27,22.84,22.84,22.39,22.84,1100
ILB,2022-06-28,22.84,22.9,22.84,22.9,600
ILB,2022-06-29,23.03,23.03,21.75,22.07,4100
ILB,2022-06-30,21.75,22.84,21.75,22.84,2000
ILB,2022-07-01,21.88,22.39,21.82,22.39,1700
ILB,2022-07-04,22.14,22.87,22.07,22.87,5000
ILB,2022-07-05,22.84,22.87,22.78,22.87,3400
ILB,2022-07-06,21.3,22.97,21.3,22.97,500
ILB,2022-07-07,22.39,22.71,22.39,22.71,600
ILB,2022-07-08,21.75,22.78,21.75,22.78,800
ILB,2022-07-11,22.52,23.03,21.43,21.91,6700
ILB,2022-07-12,21.94,23.1,21.91,23.03,6300
ILB,2022-07-13,23.03,23.03,23.03,23.03,0
ILB,2022-07-14,23.03,23.29,23.03,23.29,1600
ILB,2022-07-15,23.03,23.29,23.03,23.29,400
ILB,2022-07-18,23.26,23.26,22.14,22.14,600
ILB,2022-07-19,22.41,23.41,22.41,23.31,2800
ILB,2022-07-20,23.74,23.94,23.27,23.27,1500
ILB,2022-07-21,22.1,23.27,22.1,23.27,400
ILB,2022-07-22,22.41,23.41,22.41,23.41,200
ILB,2022-07-25,23.41,23.41,23.41,23.41,0
ILB,2022-07-26,22.81,23.41,22.74,22.74,9000
ILB,2022-07-27,22.74,23.07,22.74,23.07,4700
ILB,2022-07-28,22.74,23.07,22.74,23.07,6800
ILB,2022-07-29,23.07,23.07,22.41,22.41,23100
ILB,2022-08-01,23.07,23.07,22.74,23.07,6000
ILB,2022-08-02,23.07,23.07,23.07,23.07,0
ILB,2022-08-03,22.74,23.41,22.74,23.07,2600
ILB,2022-08-04,23.41,23.41,22.74,23.27,12000
ILB,2022-08-05,22.84,23.41,22.84,23.27,8100
ILB,2022-08-08,23.07,23.41,22.87,22.87,5500
ILB,2022-08-09,23.07,23.07,23.01,23.07,3900
ILB,2022-08-10,23.07,23.07,23.07,23.07,2400
ILB,2022-08-11,23.41,23.74,23.41,23.68,21700
ILB,2022-08-12,23.68,23.74,23.68,23.74,2100
ILB,2022-08-15,23.74,23.74,22.74,23.54,14700
ILB,2022-08-16,23.48,24.08,23.41,24.08,65500
ILB,2022-08-17,24.08,24.08,23.61,23.61,800
ILB,2022-08-18,23.74,23.74,23.48,23.54,3400
ILB,2022-08-19,24.21,24.41,23.27,23.27,4000
ILB,2022-08-22,23.14,23.17,23.11,23.17,2400
ILB,2022-08-23,23.17,23.27,23.17,23.27,800
ILB,2022-08-24,23.41,23.48,23.07,23.41,11700
ILB,2022-08-25,23.37,23.61,22.27,23.41,1600
ILB,2022-08-26,23.41,23.41,23.41,23.41,300
ILB,2022-08-29,22.87,23.07,22.74,22.94,2800
ILB,2022-08-30,23.27,23.41,22.94,22.94,2600
ILB,2022-08-31,23.41,23.41,23.41,23.41,12700
ILB,2022-09-05,22.74,23.41,22.74,23.07,5300
ILB,2022-09-06,22.74,23.41,22.74,23.41,4800
ILB,2022-09-07,23.41,23.41,23.41,23.41,0
ILB,2022-09-08,22.2,23.41,22.2,23.41,300
ILB,2022-09-09,22.74,23.34,22.41,23.34,39700
ILB,2022-09-12,22.67,23.34,22.47,23.34,5922
ILB,2022-09-13,21.8,23.34,23.34,23.34,10
ILB,2022-09-14,22.47,23.24,22.47,23.24,4439
ILB,2022-09-15,23.17,23.17,23.17,23.17,100
ILB,2022-09-16,22.74,23.37,22.47,23.37,5571
ILB,2022-09-19,22.41,23.27,22.1,23.21,7062
ILB,2022-09-20,22.41,23.14,22.41,23.11,510
ILB,2022-09-21,23.01,23.04,22.2,23.04,2108
ILB,2022-09-22,22.2,23.04,22.07,23.04,2280
ILB,2022-09-23,22.2,22.2,22.2,22.2,120
ILB,2022-09-26,22.2,22.2,22.2,22.2,1300
ILB,2022-09-27,22.2,23.04,21.47,23.04,5000
ILB,2022-09-28,22.97,22.97,22.97,22.97,212
ILB,2022-09-29,22.97,22.97,22.97,22.97,0
ILB,2022-09-30,22.07,22.91,22.07,22.91,4770
ILB,2022-10-03,22.91,22.91,22.91,22.91,45
ILB,2022-10-04,21.74,21.74,21.74,21.74,1700
ILB,2022-10-05,21.44,22.64,21.4,22.64,12390
ILB,2022-10-06,21.74,21.74,21.4,21.4,2001
ILB,2022-10-07,21.4,21.4,21.4,21.4,0
ILB,2022-10-10,22.67,22.87,20.06,20.06,3346
ILB,2022-10-11,20.06,21.47,20.06,21.37,2300
ILB,2022-10-12,20.06,22.07,20.06,22.0,4220
ILB,2022-10-13,22.0,22.0,22.0,22.0,0
ILB,2022-10-14,22.0,22.0,22.0,22.0,39
ILB,2022-10-17,22.0,22.0,22.0,22.0,0
ILB,2022-10-18,21.94,21.94,21.94,21.94,500
ILB,2022-10-19,20.73,21.07,20.7,20.73,4000
ILB,2022-10-20,20.73,20.73,20.73,20.73,0
ILB,2022-10-21,19.6,20.73,19.6,19.6,4616
ILB,2022-10-24,19.6,19.6,19.4,19.4,710
ILB,2022-10-25,19.19,19.19,18.39,18.39,4200
ILB,2022-10-26,17.39,18.39,17.12,18.39,2300
ILB,2022-10-27,18.36,18.46,18.33,18.39,5399
ILB,2022-10-28,18.39,18.46,18.39,18.39,2810
ILB,2022-10-31,18.53,19.06,18.49,19.06,1840
ILB,2022-11-01,19.06,19.26,19.06,19.06,4800
ILB,2022-11-02,19.06,19.06,19.06,19.06,3500
ILB,2022-11-03,19.06,19.06,19.06,19.06,601
ILB,2022-11-04,19.4,19.4,19.4,19.4,301
ILB,2022-11-07,18.73,19.4,18.73,19.4,7300
ILB,2022-11-08,18.59,18.59,18.59,18.59,1200
ILB,2022-11-09,18.39,18.39,18.39,18.39,1900
ILB,2022-11-10,17.42,18.39,17.42,17.59,4700
ILB,2022-11-11,17.39,17.39,17.39,17.39,9300
ILB,2022-11-14,17.39,17.39,17.15,17.39,2105
ILB,2022-11-15,17.12,17.39,16.19,17.39,13100
ILB,2022-11-16,16.19,17.15,16.19,17.15,42439
ILB,2022-11-17,17.15,17.15,16.12,16.25,6900
ILB,2022-11-18,16.32,16.72,15.45,15.45,2200
ILB,2022-11-21,16.05,16.39,16.05,16.15,4000
ILB,2022-11-22,16.65,16.72,16.65,16.72,4200
ILB,2022-11-23,16.35,16.35,16.35,16.35,1600
ILB,2022-11-24,16.35,16.35,16.35,16.35,0
ILB,2022-11-25,16.39,17.32,16.35,16.35,6601
ILB,2022-11-28,16.99,17.39,16.99,17.39,6300
ILB,2022-11-29,17.39,17.39,17.39,17.39,2501
ILB,2022-11-30,17.39,17.92,17.39,17.89,2300
ILB,2022-12-01,17.72,18.29,17.39,17.89,9344
ILB,2022-12-02,18.26,19.03,18.26,19.03,1212
ILB,2022-12-05,19.03,19.03,19.03,19.03,250
ILB,2022-12-06,18.73,18.73,17.72,17.72,28299
ILB,2022-12-07,16.79,17.72,16.79,17.72,1900
ILB,2022-12-08,17.72,17.72,17.66,17.66,27017
ILB,2022-12-09,17.66,17.72,17.66,17.66,13400
ILB,2022-12-12,17.66,17.66,16.85,16.85,8100
ILB,2022-12-13,17.05,17.05,16.72,16.72,36500
ILB,2022-12-14,16.72,16.79,16.72,16.72,28010
ILB,2022-12-15,17.79,17.79,17.09,17.09,1903
ILB,2022-12-16,16.75,16.75,16.72,16.72,2002
ILB,2022-12-19,16.72,16.75,16.72,16.72,3600
ILB,2022-12-20,16.72,17.39,16.52,17.39,22111
ILB,2022-12-21,17.39,17.39,17.39,17.39,1
ILB,2022-12-22,17.39,17.39,17.39,17.39,100
ILB,2022-12-23,17.32,17.32,16.72,16.72,300
ILB,2022-12-26,16.72,16.72,16.72,16.72,661
ILB,2022-12-27,16.59,16.72,16.52,16.72,2000
ILB,2022-12-28,16.72,16.72,16.59,16.72,608
ILB,2022-12-29,16.59,16.75,16.39,16.75,3205
ILB,2022-12-30,16.45,16.69,16.05,16.69,12900
ILB,2023-01-03,16.69,16.69,16.39,16.69,6052
ILB,2023-01-04,16.69,17.05,16.69,17.05,28900
ILB,2023-01-05,17.05,17.05,16.72,17.05,3710
ILB,2023-01-06,17.12,17.39,16.72,16.72,6210
ILB,2023-01-09,16.72,16.72,16.72,16.72,1000
ILB,2023-01-10,16.72,16.72,16.72,16.72,2300
ILB,2023-01-11,16.72,17.39,16.72,17.39,24303
ILB,2023-01-12,17.39,18.59,17.39,18.59,23610
ILB,2023-01-13,19.86,19.86,19.83,19.86,11712
ILB,2023-01-16,21.23,21.23,21.13,21.23,16123
ILB,2023-01-17,22.67,22.71,22.2,22.71,40675
ILB,2023-01-18,23.41,23.41,21.74,22.51,31485
ILB,2023-01-19,22.51,22.81,20.93,22.77,35700
ILB,2023-01-27,24.08,24.08,22.74,22.77,25700
ILB,2023-01-30,23.41,23.74,23.07,23.41,154700
ILB,2023-01-31,23.74,23.74,22.07,22.07,61730
ILB,2023-02-01,22.07,22.07,21.17,22.0,38900
ILB,2023-02-02,20.73,20.73,20.73,20.73,1500
ILB,2023-02-03,20.73,21.67,20.73,21.47,48200
ILB,2023-02-06,21.4,22.07,21.4,22.07,21100
ILB,2023-02-07,22.07,22.07,21.74,22.07,38480
ILB,2023-02-08,21.07,22.27,21.07,22.24,10796
ILB,2023-02-09,22.24,22.24,21.4,22.07,24000
ILB,2023-02-10,22.07,22.07,22.07,22.07,66600
ILB,2023-02-13,21.74,22.07,21.74,22.07,8300
ILB,2023-02-14,21.1,21.17,20.73,20.73,10850
ILB,2023-02-15,21.4,21.4,19.66,21.4,26750
ILB,2023-02-16,21.4,21.4,21.4,21.4,10
ILB,2023-02-17,21.37,21.44,21.37,21.44,6200
ILB,2023-02-20,21.44,21.44,21.4,21.4,6200
ILB,2023-02-21,21.4,21.4,21.33,21.4,4600
ILB,2023-02-22,20.8,20.8,20.73,20.8,2900
ILB,2023-02-23,20.23,20.47,19.73,20.13,23900
ILB,2023-02-24,20.7,20.7,20.7,20.7,100
ILB,2023-02-27,20.4,21.23,19.7,21.23,700
ILB,2023-02-28,21.23,21.23,21.23,21.23,0
ILB,2023-03-01,20.1,21.07,20.1,21.07,510
ILB,2023-03-02,20.06,20.93,20.06,20.93,2015
ILB,2023-03-03,20.26,20.47,20.26,20.47,300
ILB,2023-03-06,20.47,20.47,20.47,20.47,600
ILB,2023-03-07,20.7,20.7,20.06,20.47,3500
ILB,2023-03-08,20.0,20.0,20.0,20.0,800
ILB,2023-03-09,20.0,20.0,20.0,20.0,0
ILB,2023-03-10,20.0,20.0,20.0,20.0,0
ILB,2023-03-13,20.0,20.67,20.0,20.6,15400
ILB,2023-03-14,20.6,20.6,20.6,20.6,5152
ILB,2023-03-15,20.06,20.53,20.06,20.13,8600
ILB,2023-03-16,20.73,20.73,19.96,20.13,23700
ILB,2023-03-17,20.06,20.06,20.06,20.06,3312
ILB,2023-03-20,19.4,20.67,19.4,20.67,9203
ILB,2023-03-21,20.06,20.06,20.06,20.06,501
ILB,2023-03-22,20.06,20.06,20.06,20.06,4005
ILB,2023-03-23,20.06,20.2,20.06,20.06,3401
ILB,2023-03-24,20.06,20.47,20.06,20.47,3100
ILB,2023-03-27,20.47,20.47,20.47,20.47,0
ILB,2023-03-28,20.47,20.47,20.47,20.47,0
ILB,2023-03-29,20.47,20.47,20.47,20.47,40
ILB,2023-03-30,20.47,20.47,20.47,20.47,0
ILB,2023-03-31,20.73,20.73,20.06,20.73,6400
ILB,2023-04-03,20.26,20.73,20.26,20.73,51705
ILB,2023-04-04,21.07,21.07,20.33,20.33,5600
ILB,2023-04-05,20.06,20.06,20.06,20.06,134763
ILB,2023-04-06,20.06,20.06,20.06,20.06,31209
ILB,2023-04-07,20.06,21.47,20.03,21.47,51300
ILB,2023-04-10,20.73,22.07,20.2,22.07,5605
ILB,2023-04-11,20.53,22.0,20.53,22.0,2600
ILB,2023-04-12,21.4,21.74,20.73,21.74,7603
ILB,2023-04-13,21.74,21.74,21.74,21.74,0
ILB,2023-04-14,20.26,21.37,20.26,21.37,206
ILB,2023-04-17,22.37,22.37,20.06,21.54,9300
ILB,2023-04-18,20.33,22.0,20.33,21.2,10500
ILB,2023-04-19,22.0,22.0,21.37,21.37,703
ILB,2023-04-20,21.33,22.84,21.33,21.4,2200
ILB,2023-04-21,22.04,22.04,20.26,21.74,4472
ILB,2023-04-24,21.07,22.04,21.03,21.94,729
ILB,2023-04-25,20.8,21.6,20.8,21.0,1900
ILB,2023-04-26,21.07,21.07,21.0,21.07,800
ILB,2023-04-27,21.74,21.94,21.67,21.94,814
ILB,2023-04-28,21.4,23.41,21.07,23.41,8000
ILB,2023-05-04,23.31,23.31,21.84,22.74,1504
ILB,2023-05-05,22.74,24.08,22.74,22.74,1600
ILB,2023-05-08,22.74,22.74,22.74,22.74,4
ILB,2023-05-09,21.3,22.41,21.3,22.07,900
ILB,2023-05-10,21.13,21.94,20.8,21.94,400
ILB,2023-05-11,20.87,22.07,20.87,21.87,8700
ILB,2023-05-12,21.87,21.87,21.87,21.87,0
ILB,2023-05-15,21.54,21.54,21.07,21.33,5400
ILB,2023-05-16,21.87,21.87,21.77,21.77,3000
ILB,2023-05-17,21.27,21.27,21.07,21.07,5035
ILB,2023-05-18,21.07,21.07,20.73,21.07,6407
ILB,2023-05-19,21.13,21.13,21.07,21.13,800
ILB,2023-05-22,21.07,21.2,21.07,21.2,315
ILB,2023-05-23,21.33,21.4,21.33,21.4,1400
ILB,2023-05-24,21.4,21.4,21.4,21.4,0
ILB,2023-05-25,21.4,21.4,21.33,21.4,4000
ILB,2023-05-26,20.87,21.4,20.87,21.4,200
ILB,2023-05-29,21.67,21.67,21.6,21.6,1766
ILB,2023-05-30,21.6,21.6,21.6,21.6,0
ILB,2023-05-31,21.6,21.6,21.6,21.6,0
ILB,2023-06-01,21.6,21.6,21.54,21.6,13120
ILB,2023-06-02,20.73,21.57,20.73,21.57,1000
ILB,2023-06-05,21.94,21.94,21.9,21.9,2600
ILB,2023-06-06,22.91,22.91,22.87,22.87,310
ILB,2023-06-07,21.47,21.5,21.47,21.47,9849
ILB,2023-06-08,21.4,21.4,21.4,21.4,501
ILB,2023-06-09,21.4,21.4,21.4,21.4,100
ILB,2023-06-12,21.4,21.4,21.4,21.4,4
ILB,2023-06-13,21.07,21.07,21.07,21.07,1000
ILB,2023-06-14,21.07,22.0,20.93,20.93,864
ILB,2023-06-15,20.87,20.87,20.87,20.87,500
ILB,2023-06-16,20.87,20.87,20.87,20.87,600
ILB,2023-06-19,20.87,20.87,20.87,20.87,0
ILB,2023-06-20,20.8,20.8,20.8,20.8,505
ILB,2023-06-21,20.8,20.8,20.8,20.8,500
ILB,2023-06-22,20.87,20.87,20.87,20.87,2056
ILB,2023-06-23,20.87,20.87,20.87,20.87,400
ILB,2023-06-26,21.4,21.4,21.3,21.3,3000
ILB,2023-06-27,21.3,21.3,21.3,21.3,25
ILB,2023-06-28,21.3,21.3,21.3,21.3,0
ILB,2023-06-29,21.27,21.27,21.27,21.27,600
ILB,2023-06-30,21.27,21.27,21.27,21.27,300
ILB,2023-07-03,21.27,21.27,21.27,21.27,0
ILB,2023-07-04,21.23,21.27,21.23,21.27,1100
ILB,2023-07-05,21.23,21.27,21.2,21.23,3500
ILB,2023-07-06,21.13,21.33,21.13,21.3,6400
ILB,2023-07-07,21.3,21.3,21.3,21.3,12
ILB,2023-07-10,21.4,21.4,20.73,20.8,2900
ILB,2023-07-11,20.8,21.1,20.8,20.83,6400
ILB,2023-07-12,20.83,21.3,20.8,20.8,800
ILB,2023-07-13,20.8,20.8,20.8,20.8,0
ILB,2023-07-14,21.07,21.27,21.03,21.03,8901
ILB,2023-07-17,21.07,21.23,20.73,21.2,4900
ILB,2023-07-18,21.2,21.2,21.2,21.2,0
ILB,2023-07-19,21.3,21.3,21.3,21.3,100
ILB,2023-07-20,21.3,21.3,21.3,21.3,0
ILB,2023-07-21,21.27,21.27,21.27,21.27,100
ILB,2023-07-24,20.67,21.33,20.67,21.23,8600
ILB,2023-07-25,21.4,21.6,21.37,21.4,46107
ILB,2023-07-26,21.23,21.64,21.23,21.4,4400
ILB,2023-07-27,21.27,21.37,21.27,21.37,1700
ILB,2023-07-28,21.4,21.4,21.3,21.4,500
ILB,2023-07-31,21.33,21.33,21.27,21.27,805
ILB,2023-08-01,20.73,21.37,20.73,21.27,2602
ILB,2023-08-02,21.27,21.27,21.1,21.13,13601
ILB,2023-08-03,21.1,21.27,21.03,21.03,17800
ILB,2023-08-04,21.13,21.13,21.03,21.13,2800
ILB,2023-08-07,21.13,21.7,21.13,21.7,1358
ILB,2023-08-08,21.7,21.7,21.7,21.7,0
ILB,2023-08-09,21.4,21.54,20.93,21.54,2103
ILB,2023-08-10,21.54,21.54,21.54,21.54,0
ILB,2023-08-11,21.54,21.54,21.54,21.54,0
ILB,2023-08-14,21.54,21.54,21.54,21.54,0
ILB,2023-08-15,21.57,21.57,21.4,21.4,951
ILB,2023-08-16,21.33,21.33,21.33,21.33,100
ILB,2023-08-17,20.93,21.0,20.93,21.0,4400
ILB,2023-08-18,21.13,21.2,20.8,21.2,7200
ILB,2023-08-21,21.27,21.27,21.27,21.27,507
ILB,2023-08-22,20.73,20.73,20.73,20.73,200
ILB,2023-08-23,20.4,20.4,20.4,20.4,3086
ILB,2023-08-24,21.37,21.7,21.37,21.4,4200
ILB,2023-08-25,21.13,21.37,21.13,21.37,11015
ILB,2023-08-28,21.4,21.4,21.37,21.37,700
ILB,2023-08-29,21.4,21.54,20.47,21.4,13601
ILB,2023-08-30,21.4,21.44,20.8,21.33,9000
ILB,2023-08-31,21.7,21.7,21.33,21.5,50700
ILB,2023-09-05,21.7,22.04,21.67,21.97,29186
ILB,2023-09-06,21.97,22.04,21.74,21.94,36225
ILB,2023-09-07,21.93,22.07,21.36,22.07,16101
ILB,2023-09-08,22.29,22.43,22.07,22.25,21120
ILB,2023-09-11,22.25,22.43,21.54,22.43,8452
ILB,2023-09-12,22.43,22.43,22.0,22.0,1719
ILB,2023-09-13,21.5,22.0,21.43,21.86,8100
ILB,2023-09-14,21.86,22.14,21.86,22.14,600
ILB,2023-09-15,21.79,22.14,21.79,22.14,2001
ILB,2023-09-18,22.71,22.71,22.64,22.64,2129
ILB,2023-09-19,21.86,22.07,21.86,22.07,9401
ILB,2023-09-20,22.07,22.07,22.07,22.07,3301
ILB,2023-09-21,22.0,22.0,22.0,22.0,1100
ILB,2023-09-22,21.93,21.93,21.82,21.86,4740
ILB,2023-09-25,22.0,22.0,21.36,21.36,5511
ILB,2023-09-26,21.43,21.79,21.36,21.79,4600
ILB,2023-09-27,21.79,21.93,20.86,21.93,5327
ILB,2023-09-28,21.93,21.93,21.93,21.93,0
ILB,2023-09-29,21.08,21.79,21.08,21.79,300
ILB,2023-10-02,21.72,22.04,21.68,22.04,4702
ILB,2023-10-03,21.47,21.47,21.47,21.47,230
ILB,2023-10-04,21.47,21.47,21.36,21.47,9500
ILB,2023-10-05,21.47,21.47,21.47,21.47,719
ILB,2023-10-06,20.72,22.18,20.72,22.18,4800
ILB,2023-10-09,21.08,21.08,21.08,21.08,101
ILB,2023-10-10,21.36,21.72,19.65,21.72,4719
ILB,2023-10-11,21.0,21.65,21.0,21.65,205
ILB,2023-10-12,21.36,21.36,21.36,21.36,200
ILB,2023-10-13,21.5,21.5,21.36,21.36,2110
ILB,2023-10-16,21.33,21.57,21.33,21.33,5085
ILB,2023-10-17,21.36,21.5,21.36,21.36,4045
ILB,2023-10-18,21.4,21.68,21.4,21.68,417
ILB,2023-10-19,21.68,21.86,20.72,21.86,1000
ILB,2023-10-20,21.82,21.97,21.82,21.97,1701
ILB,2023-10-23,21.97,22.0,21.97,22.0,300
ILB,2023-10-24,22.0,22.0,22.0,22.0,0
ILB,2023-10-25,22.0,22.0,22.0,22.0,300
ILB,2023-10-26,21.72,21.72,20.47,21.0,2800
ILB,2023-10-27,20.29,20.29,20.29,20.29,1003
ILB,2023-10-30,21.65,21.65,21.65,21.65,300
ILB,2023-10-31,21.54,21.54,21.54,21.54,100
ILB,2023-11-01,20.79,21.54,20.79,21.54,700
ILB,2023-11-02,21.47,21.57,21.0,21.5,31500
ILB,2023-11-03,20.51,21.72,20.44,21.72,18300
ILB,2023-11-06,21.72,21.72,21.29,21.29,1736
ILB,2023-11-07,20.29,20.29,20.01,20.01,5900
ILB,2023-11-08,20.58,20.65,20.58,20.65,9970
ILB,2023-11-09,20.65,20.65,20.61,20.65,3700
ILB,2023-11-10,20.01,20.29,20.01,20.15,18200
ILB,2023-11-13,20.65,20.65,20.65,20.65,132
ILB,2023-11-14,21.36,21.36,21.36,21.36,416
ILB,2023-11-15,20.36,21.18,20.36,21.18,3706
ILB,2023-11-16,20.97,20.97,20.97,20.97,413
ILB,2023-11-17,20.65,20.68,20.65,20.65,2700
ILB,2023-11-20,20.72,20.72,20.72,20.72,800
ILB,2023-11-21,20.65,20.65,20.65,20.65,101
ILB,2023-11-22,21.36,22.04,21.36,21.47,7517
ILB,2023-11-23,20.76,21.61,20.65,21.61,4204
ILB,2023-11-24,21.61,21.61,21.61,21.61,200
ILB,2023-11-27,21.36,21.36,21.29,21.29,295
ILB,2023-11-28,21.29,21.29,21.29,21.29,200
ILB,2023-11-29,20.72,20.72,20.01,20.65,5100
ILB,2023-11-30,20.65,20.65,20.65,20.65,3
ILB,2023-12-01,20.65,20.65,20.65,20.65,400
ILB,2023-12-04,20.65,20.65,20.51,20.51,400
ILB,2023-12-05,20.65,20.65,20.29,20.29,43201
ILB,2023-12-06,20.65,20.65,19.79,20.01,72900
ILB,2023-12-07,20.15,20.58,19.58,20.58,46318
ILB,2023-12-08,19.65,20.44,19.65,19.87,2465
ILB,2023-12-11,20.47,20.47,19.87,19.94,2301
ILB,2023-12-12,19.94,19.94,19.94,19.94,300
ILB,2023-12-13,19.97,20.01,19.97,20.01,2611
ILB,2023-12-14,20.19,20.19,20.01,20.01,2500
ILB,2023-12-15,20.33,20.33,20.29,20.29,200
ILB,2023-12-18,20.29,20.29,20.08,20.08,1810
ILB,2023-12-19,20.08,20.08,20.08,20.08,0
ILB,2023-12-20,20.08,20.54,20.08,20.4,8300
ILB,2023-12-21,20.29,20.29,20.29,20.29,3100
ILB,2023-12-22,20.15,20.47,20.15,20.47,764
ILB,2023-12-25,20.47,20.61,20.29,20.61,4533
ILB,2023-12-26,20.58,20.97,20.51,20.72,8627
ILB,2023-12-27,20.68,20.86,20.36,20.79,2024
ILB,2023-12-28,20.76,21.36,20.65,21.36,9909
ILB,2023-12-29,20.33,21.36,20.33,21.36,21700
ILB,2024-01-02,21.36,21.36,21.36,21.36,0
ILB,2024-01-03,21.22,21.25,21.22,21.25,10810
ILB,2024-01-04,21.25,21.25,21.25,21.25,22
ILB,2024-01-05,20.65,21.08,20.36,21.08,10400
ILB,2024-01-08,21.08,21.08,21.08,21.08,9
ILB,2024-01-09,21.0,21.0,21.0,21.0,111
ILB,2024-01-10,21.18,21.18,20.44,21.0,4400
ILB,2024-01-11,20.9,21.18,20.9,21.0,6201
ILB,2024-01-12,21.08,21.15,21.0,21.0,6801
ILB,2024-01-15,21.0,21.33,21.0,21.0,3744
ILB,2024-01-16,21.15,21.15,21.15,21.15,400
ILB,2024-01-17,21.11,21.11,21.11,21.11,643
ILB,2024-01-18,20.65,21.08,20.65,20.76,901
ILB,2024-01-19,20.76,20.76,20.72,20.72,8303
ILB,2024-01-22,20.29,20.29,20.15,20.15,1601
ILB,2024-01-23,20.51,20.51,20.51,20.51,2008
ILB,2024-01-24,20.47,20.47,20.29,20.36,3200
ILB,2024-01-25,20.79,20.93,20.79,20.9,400
ILB,2024-01-26,21.0,21.29,21.0,21.22,6000
ILB,2024-01-29,21.18,21.36,21.18,21.22,24420
ILB,2024-01-30,21.33,21.36,21.33,21.33,1600
ILB,2024-01-31,21.72,21.79,21.29,21.33,10002
ILB,2024-02-01,21.65,21.65,21.57,21.57,1900
ILB,2024-02-02,21.57,21.57,21.47,21.47,4210
ILB,2024-02-05,21.72,22.0,21.47,21.47,8625
ILB,2024-02-06,21.47,21.47,21.33,21.33,5710
ILB,2024-02-07,22.04,22.04,21.15,21.15,25001
ILB,2024-02-15,21.57,21.57,21.36,21.36,2164
ILB,2024-02-16,22.04,22.04,21.36,21.75,4400
ILB,2024-02-19,21.72,21.72,21.36,21.72,5001
ILB,2024-02-20,21.72,21.72,21.72,21.72,3017
ILB,2024-02-21,21.57,21.72,21.57,21.57,47504
ILB,2024-02-22,21.57,21.79,21.57,21.79,29857
ILB,2024-02-23,21.79,21.82,21.43,21.5,21320
ILB,2024-02-26,21.5,21.5,21.43,21.43,5800
ILB,2024-02-27,22.0,22.0,21.36,21.57,4402
ILB,2024-02-28,21.57,21.86,21.43,21.65,10600
ILB,2024-02-29,21.57,21.86,21.57,21.86,200
ILB,2024-03-01,21.57,21.86,21.57,21.86,3400
ILB,2024-03-04,21.97,22.07,21.93,22.07,15604
ILB,2024-03-05,21.79,21.79,21.36,21.5,29000
ILB,2024-03-06,21.57,21.93,21.36,21.54,14400
ILB,2024-03-07,21.47,21.5,21.47,21.5,2000
ILB,2024-03-08,21.5,21.57,21.5,21.57,11308
ILB,2024-03-11,21.57,21.79,21.5,21.79,2704
ILB,2024-03-12,21.79,21.79,21.5,21.65,2771
ILB,2024-03-13,21.65,21.72,21.57,21.72,3313
ILB,2024-03-14,21.86,21.93,21.72,21.72,5400
ILB,2024-03-15,21.57,22.86,21.57,22.71,8103
ILB,2024-03-18,22.57,22.71,22.07,22.36,20300
ILB,2024-03-19,22.07,22.75,22.07,22.5,21301
ILB,2024-03-20,22.57,22.57,22.54,22.54,600
ILB,2024-03-21,22.5,22.5,22.5,22.5,600
ILB,2024-03-22,22.43,23.43,22.43,23.43,20200
ILB,2024-03-25,23.43,23.43,23.43,23.43,0
ILB,2024-03-26,22.11,23.35,22.11,23.35,6709
ILB,2024-03-27,22.93,23.0,22.78,22.89,25000
ILB,2024-03-28,24.35,24.35,23.78,23.78,9702
ILB,2024-03-29,23.78,23.78,23.78,23.78,1500
ILB,2024-04-01,23.78,23.78,22.43,22.82,5201
ILB,2024-04-02,22.82,23.35,22.78,22.86,20008
ILB,2024-04-03,22.86,23.14,22.82,22.93,25200
ILB,2024-04-04,22.93,22.93,22.78,22.78,18601
ILB,2024-04-05,23.5,23.64,23.28,23.28,3800
ILB,2024-04-08,22.78,22.78,22.78,22.78,4104
ILB,2024-04-09,22.78,22.78,22.78,22.78,10
ILB,2024-04-10,22.78,23.28,22.78,23.28,5110
ILB,2024-04-11,23.28,23.28,23.28,23.28,20
ILB,2024-04-12,22.43,22.43,22.43,22.43,207
ILB,2024-04-15,22.43,24.0,22.43,24.0,5766
ILB,2024-04-16,22.78,22.78,22.57,22.57,2409
ILB,2024-04-17,23.39,23.39,23.39,23.39,100
ILB,2024-04-19,22.43,22.57,22.29,22.29,10705
ILB,2024-04-22,22.29,23.14,22.29,22.93,2000
ILB,2024-04-23,22.78,22.86,22.43,22.43,8605
ILB,2024-04-24,22.43,23.14,22.43,23.14,210
ILB,2024-04-25,23.07,23.14,22.57,22.57,1469
ILB,2024-04-26,23.35,23.35,22.93,22.93,200
ILB,2024-05-02,22.43,23.5,22.43,23.35,2616
ILB,2024-05-03,23.35,23.35,23.14,23.14,200
ILB,2024-05-06,22.22,22.22,22.22,22.22,211
ILB,2024-05-07,22.29,23.21,22.22,23.21,1714
ILB,2024-05-08,23.21,23.21,22.78,23.0,806
ILB,2024-05-09,23.0,23.28,23.0,23.28,2100
ILB,2024-05-10,22.86,23.21,22.86,23.21,600
ILB,2024-05-13,23.21,23.21,22.78,22.78,2851
ILB,2024-05-14,22.78,22.78,22.78,22.78,330
ILB,2024-05-15,22.64,23.35,22.64,23.35,6324
ILB,2024-05-16,22.78,23.43,22.78,23.43,701
ILB,2024-05-17,23.03,23.18,23.03,23.18,400
ILB,2024-05-20,23.14,23.14,22.29,22.29,1040
ILB,2024-05-21,22.43,22.43,22.29,22.29,501
ILB,2024-05-22,22.43,22.64,22.43,22.64,5400
ILB,2024-05-23,22.68,22.68,22.64,22.64,3000
ILB,2024-05-24,22.64,22.64,22.25,22.64,8100
ILB,2024-05-27,22.43,22.64,22.43,22.64,3701
ILB,2024-05-28,22.57,22.64,22.43,22.64,3008
ILB,2024-05-29,22.57,23.21,22.57,23.21,3516
ILB,2024-05-30,22.78,22.78,22.75,22.75,6078
ILB,2024-05-31,22.64,22.82,22.64,22.82,202
ILB,2024-06-03,23.0,23.5,23.0,23.21,13348
ILB,2024-06-04,23.21,23.35,23.21,23.21,15300
ILB,2024-06-05,23.21,23.21,23.21,23.21,348
ILB,2024-06-06,22.78,23.46,22.78,23.46,1306
ILB,2024-06-07,23.46,23.46,23.46,23.46,104
ILB,2024-06-10,24.17,24.21,23.71,23.75,8058
ILB,2024-06-11,24.85,24.85,23.71,23.71,2001
ILB,2024-06-12,23.71,23.71,23.5,23.64,2600
ILB,2024-06-13,23.85,23.85,23.78,23.78,1811
ILB,2024-06-14,23.57,23.85,23.57,23.85,7303
ILB,2024-06-17,22.93,24.1,22.86,24.1,2800
ILB,2024-06-18,24.14,24.14,24.14,24.14,889
ILB,2024-06-19,24.21,24.21,24.0,24.0,11537
ILB,2024-06-20,24.21,24.21,24.0,24.21,14814
ILB,2024-06-21,24.24,24.24,24.21,24.21,3300
ILB,2024-06-24,24.49,24.49,24.14,24.14,16500
ILB,2024-06-25,24.56,24.71,24.03,24.03,7000
ILB,2024-06-26,23.92,24.0,23.92,24.0,12003
ILB,2024-06-27,24.0,24.67,24.0,24.56,15700
ILB,2024-06-28,24.14,24.14,24.14,24.14,102
ILB,2024-07-01,24.64,24.92,24.21,24.85,58600
ILB,2024-07-02,25.99,25.99,24.96,25.7,8529
ILB,2024-07-03,25.7,25.78,25.35,25.78,25901
ILB,2024-07-04,26.27,26.77,25.78,25.78,9100
ILB,2024-07-05,25.99,25.99,25.99,25.99,7531
ILB,2024-07-08,26.13,26.13,26.1,26.1,1100
ILB,2024-07-09,26.17,26.2,25.99,26.06,25600
ILB,2024-07-10,25.92,25.99,25.92,25.92,12911
ILB,2024-07-11,25.63,25.99,25.63,25.7,20451
ILB,2024-07-12,25.7,25.7,25.63,25.7,2100
ILB,2024-07-15,24.92,26.35,24.92,26.27,11124
ILB,2024-07-16,26.27,26.35,26.27,26.35,7410
ILB,2024-07-17,25.7,25.7,25.7,25.7,1004
ILB,2024-07-18,24.42,25.92,24.42,25.92,5447
ILB,2024-07-19,25.63,25.92,25.63,25.63,15233
ILB,2024-07-22,25.28,25.6,25.28,25.6,1300
ILB,2024-07-23,24.92,25.63,24.81,24.81,9100
ILB,2024-07-24,23.11,26.24,23.11,25.49,10900
ILB,2024-07-25,25.63,25.63,25.49,25.49,399
ILB,2024-07-26,25.42,25.42,24.74,24.92,1600
ILB,2024-07-29,25.28,25.28,24.92,25.28,4330
ILB,2024-07-30,25.28,25.28,25.28,25.28,0
ILB,2024-07-31,24.92,24.92,23.92,24.21,28601
ILB,2024-08-01,24.78,24.78,24.21,24.21,33414
ILB,2024-08-02,24.21,24.35,24.14,24.14,10542
ILB,2024-08-05,24.35,24.35,23.92,24.28,22609
ILB,2024-08-06,23.96,24.35,23.96,24.35,39259
ILB,2024-08-07,24.35,24.35,24.28,24.28,900
ILB,2024-08-08,24.64,24.64,23.96,24.21,4901
ILB,2024-08-09,24.64,24.71,24.56,24.64,9900
ILB,2024-08-12,24.64,24.71,24.56,24.64,34700
ILB,2024-08-13,24.71,24.78,24.56,24.78,15101
ILB,2024-08-14,24.78,24.78,24.21,24.56,1700
ILB,2024-08-15,24.56,24.92,24.56,24.56,6000
ILB,2024-08-16,24.07,24.71,24.07,24.56,6800
ILB,2024-08-19,24.85,25.28,24.56,25.28,12000
ILB,2024-08-20,25.28,25.28,25.21,25.28,3710
ILB,2024-08-21,25.21,25.42,24.78,25.35,13135
ILB,2024-08-22,25.35,25.99,25.28,25.78,22300
ILB,2024-08-23,25.92,25.99,25.35,25.92,3400
ILB,2024-08-26,27.06,27.06,25.45,26.2,11323
ILB,2024-08-27,26.2,26.27,25.92,25.92,8000
ILB,2024-08-28,26.42,26.42,25.53,25.99,6040
ILB,2024-08-29,25.46,26.22,25.46,26.14,16108
ILB,2024-08-30,25.35,25.88,25.35,25.84,6101
ILB,2024-09-04,25.31,25.92,25.31,25.31,23200
ILB,2024-09-05,25.12,25.58,24.63,25.58,1160
ILB,2024-09-06,25.12,25.58,24.78,25.54,8901
ILB,2024-09-09,25.09,25.5,25.09,25.5,1600
ILB,2024-09-10,26.45,26.45,24.71,25.46,3315
ILB,2024-09-11,25.09,25.46,25.09,25.46,414
ILB,2024-09-12,24.78,25.28,24.18,25.28,914
ILB,2024-09-13,25.28,25.28,25.28,25.28,0
ILB,2024-09-16,25.2,25.2,24.18,25.09,8908
ILB,2024-09-17,24.37,25.24,24.37,25.24,2500
ILB,2024-09-18,24.94,24.94,24.56,24.56,1713
ILB,2024-09-19,24.33,24.86,24.33,24.67,2118
ILB,2024-09-20,24.82,25.5,24.82,24.82,10950
ILB,2024-09-23,24.86,24.86,24.78,24.78,4106
ILB,2024-09-24,24.56,24.56,24.41,24.41,2328
ILB,2024-09-25,24.41,24.56,24.33,24.56,3001
ILB,2024-09-26,24.94,25.69,24.94,24.94,1300
ILB,2024-09-27,24.56,24.56,24.48,24.56,3051
ILB,2024-09-30,24.48,24.56,24.37,24.41,12901
ILB,2024-10-01,24.63,24.75,24.33,24.48,7207
ILB,2024-10-02,24.78,24.78,23.35,24.78,2500
ILB,2024-10-03,24.63,24.71,24.63,24.63,36406
ILB,2024-10-04,24.56,24.6,24.56,24.6,4405
ILB,2024-10-07,24.56,24.56,24.48,24.48,9372
ILB,2024-10-08,24.22,24.94,24.18,24.86,9515
ILB,2024-10-09,23.58,24.71,23.5,24.71,3285
ILB,2024-10-10,24.56,24.67,24.56,24.67,902
ILB,2024-10-11,24.67,24.67,24.67,24.67,0
ILB,2024-10-14,24.22,24.22,24.22,24.22,3895
ILB,2024-10-15,24.18,24.18,24.1,24.1,2850
ILB,2024-10-16,23.61,24.44,23.61,24.44,2608
ILB,2024-10-17,24.44,24.44,24.44,24.44,30
ILB,2024-10-18,24.44,24.44,24.44,24.44,0
ILB,2024-10-21,24.44,24.44,24.44,24.44,0
ILB,2024-10-22,24.44,24.44,24.44,24.44,0
ILB,2024-10-23,24.41,24.44,24.41,24.44,201
ILB,2024-10-24,24.33,24.33,24.33,24.33,104
ILB,2024-10-25,24.33,24.33,24.33,24.33,0
ILB,2024-10-28,24.33,24.33,24.33,24.33,38
ILB,2024-10-29,24.41,24.41,24.33,24.33,1460
ILB,2024-10-30,23.54,24.41,22.74,24.41,3652
ILB,2024-10-31,24.41,24.41,24.41,24.41,383
ILB,2024-11-01,24.26,24.48,24.26,24.26,1439
ILB,2024-11-04,24.26,24.86,24.26,24.56,3102
ILB,2024-11-05,24.18,24.22,24.18,24.22,1701
ILB,2024-11-06,24.78,24.78,24.71,24.71,5231
ILB,2024-11-07,24.71,24.71,24.71,24.71,0
ILB,2024-11-08,24.71,24.71,24.56,24.56,7802
ILB,2024-11-11,24.56,24.71,24.56,24.71,6128
ILB,2024-11-12,24.63,24.63,24.56,24.56,6301
ILB,2024-11-13,24.56,24.56,24.56,24.56,2
ILB,2024-11-14,23.92,24.56,23.92,24.56,1634
ILB,2024-11-15,23.54,24.48,23.54,24.48,600
ILB,2024-11-18,24.48,24.71,24.41,24.41,702
ILB,2024-11-19,23.88,24.1,23.5,24.1,2610
ILB,2024-11-20,23.58,24.1,23.58,24.1,401
ILB,2024-11-21,24.03,24.03,24.03,24.03,146
ILB,2024-11-22,24.03,24.07,24.03,24.03,902
ILB,2024-11-25,24.07,24.48,24.07,24.48,2002
ILB,2024-11-26,24.48,24.48,24.48,24.48,504
ILB,2024-11-27,24.48,24.48,24.48,24.48,500
ILB,2024-11-28,24.48,24.56,24.48,24.56,2201
ILB,2024-11-29,23.88,23.88,23.8,23.8,301
ILB,2024-12-02,23.8,23.8,23.8,23.8,0
ILB,2024-12-03,23.88,24.29,23.88,24.29,5502
ILB,2024-12-04,24.48,24.78,24.48,24.78,3807
ILB,2024-12-05,24.48,24.56,24.48,24.56,701
ILB,2024-12-06,24.56,24.71,24.07,24.07,6831
ILB,2024-12-09,24.07,24.18,24.07,24.18,1200
ILB,2024-12-10,24.18,24.56,24.18,24.56,7207
ILB,2024-12-11,24.52,24.86,24.52,24.86,3923
ILB,2024-12-12,24.86,24.94,24.82,24.94,14302
ILB,2024-12-13,24.94,24.94,24.94,24.94,3000
ILB,2024-12-16,24.86,26.33,24.86,26.33,17629
ILB,2024-12-17,26.3,26.3,26.14,26.14,4253
ILB,2024-12-18,26.14,26.14,26.14,26.14,2
ILB,2024-12-19,26.11,26.11,26.03,26.07,16155
ILB,2024-12-20,26.07,26.07,26.07,26.07,101
ILB,2024-12-23,25.24,25.54,25.24,25.31,3300
ILB,2024-12-24,25.31,25.31,25.31,25.31,0
ILB,2024-12-25,25.31,25.31,25.09,25.16,4900
ILB,2024-12-26,25.31,25.31,25.31,25.31,500
ILB,2024-12-27,25.31,25.31,25.31,25.31,3301
ILB,2024-12-30,25.09,25.54,25.09,25.31,1100
ILB,2024-12-31,25.31,25.99,25.31,25.99,600
ILB,2025-01-02,25.58,25.62,25.58,25.62,3600
ILB,2025-01-03,25.24,25.24,25.24,25.24,200
ILB,2025-01-06,25.99,25.99,25.99,25.99,202
ILB,2025-01-07,24.78,25.69,24.78,25.69,900
ILB,2025-01-08,25.65,25.65,25.65,25.65,3100
ILB,2025-01-09,25.12,25.12,25.01,25.01,2000
ILB,2025-01-10,25.12,25.12,25.09,25.09,402
ILB,2025-01-13,25.54,25.62,25.09,25.09,10365
ILB,2025-01-14,25.09,25.09,25.09,25.09,0
ILB,2025-01-15,25.16,25.16,25.16,25.16,1600
ILB,2025-01-16,25.16,25.16,25.16,25.16,65
ILB,2025-01-17,25.16,25.16,25.16,25.16,11
ILB,2025-01-20,25.01,25.31,25.01,25.31,13800
ILB,2025-01-21,25.54,25.54,25.39,25.39,4600
ILB,2025-01-22,25.31,25.65,25.31,25.46,8600
ILB,2025-01-23,25.31,26.07,25.31,26.07,2800
ILB,2025-01-24,25.69,25.69,25.54,25.69,2500
ILB,2025-02-03,25.39,27.05,23.95,26.37,7200
ILB,2025-02-04,26.45,26.45,26.37,26.37,1901
ILB,2025-02-05,26.41,27.35,26.41,27.24,17354
ILB,2025-02-06,27.73,29.09,27.73,28.71,58142
ILB,2025-02-07,29.55,29.55,29.32,29.32,13541
ILB,2025-02-10,28.71,28.71,27.69,27.81,8115
ILB,2025-02-11,28.56,28.56,28.18,28.18,20240
ILB,2025-02-12,27.66,28.6,27.66,28.6,26404
ILB,2025-02-13,27.81,28.6,27.81,28.56,2300
ILB,2025-02-14,28.56,28.71,28.11,28.68,7920
ILB,2025-02-17,27.96,28.75,27.96,28.75,3257
ILB,2025-02-18,28.75,28.75,28.75,28.75,2001
ILB,2025-02-19,27.69,28.52,27.69,28.52,1544
ILB,2025-02-20,28.52,28.52,27.84,27.88,10144
ILB,2025-02-21,27.47,28.03,27.47,28.0,5800
ILB,2025-02-24,28.34,29.17,28.26,29.05,55160
ILB,2025-02-25,29.09,29.43,29.05,29.43,20800
ILB,2025-02-26,29.09,29.09,29.05,29.05,2200
ILB,2025-02-27,28.86,28.94,28.71,28.71,10100
ILB,2025-02-28,28.71,29.55,28.71,29.47,14845
ILB,2025-03-03,29.47,30.23,29.47,30.0,79690
ILB,2025-03-04,30.45,30.45,30.0,30.45,67998
ILB,2025-03-05,30.38,31.66,30.38,31.62,132982
ILB,2025-03-06,33.13,33.13,31.8,32.61,49745
ILB,2025-03-07,31.0,32.85,31.0,32.52,74902
ILB,2025-03-10,31.14,32.52,31.14,32.47,25933
ILB,2025-03-11,31.38,32.66,31.38,32.28,12902
ILB,2025-03-12,31.95,32.09,31.8,32.09,14126
ILB,2025-03-13,31.9,32.09,31.8,31.8,1722
ILB,2025-03-14,31.8,31.8,31.14,31.33,32626
ILB,2025-03-17,31.33,31.33,29.43,29.91,7715
ILB,2025-03-18,30.0,31.14,28.96,30.95,18300
ILB,2025-03-19,30.86,30.86,29.43,30.29,11707
ILB,2025-03-20,29.48,29.91,29.1,29.1,47496
ILB,2025-03-21,29.05,29.1,28.91,29.1,11663
ILB,2025-03-24,29.1,29.1,28.1,28.48,21059
ILB,2025-03-25,28.48,28.48,28.01,28.24,91051
ILB,2025-03-26,29.43,29.43,28.29,28.29,16503
ILB,2025-03-27,28.48,28.48,28.29,28.48,31606
ILB,2025-03-28,29.38,29.43,29.24,29.24,23153
ILB,2025-03-31,28.96,28.96,28.48,28.48,2637
ILB,2025-04-01,29.34,29.34,28.01,28.96,761
ILB,2025-04-02,28.01,29.29,27.53,28.43,7712
ILB,2025-04-03,27.06,27.06,26.49,26.49,48057
ILB,2025-04-04,24.68,25.63,24.64,25.63,24609
ILB,2025-04-08,24.4,25.54,24.16,25.16,16001
ILB,2025-04-09,24.21,25.02,24.21,24.59,25400
ILB,2025-04-10,26.3,26.3,26.3,26.3,7709
ILB,2025-04-11,26.3,26.3,25.63,26.3,5037
ILB,2025-04-14,26.77,28.01,26.58,26.58,22500
ILB,2025-04-15,26.54,26.54,26.49,26.49,300
ILB,2025-04-16,27.53,27.53,26.49,26.49,9205
ILB,2025-04-17,25.92,26.58,25.92,26.49,1984
ILB,2025-04-18,26.58,26.58,25.82,26.58,1830
ILB,2025-04-21,26.58,26.58,25.73,26.58,3100
ILB,2025-04-22,25.73,26.3,25.63,26.3,11766
ILB,2025-04-23,26.68,26.77,26.49,26.49,3677
ILB,2025-04-24,26.49,26.49,26.11,26.49,2816
ILB,2025-04-25,26.49,26.49,26.25,26.25,2838
ILB,2025-04-28,26.39,27.25,26.39,27.25,7548
ILB,2025-04-29,27.25,27.25,27.25,27.25,2705
ILB,2025-05-05,26.58,27.53,26.3,27.44,5855
ILB,2025-05-06,27.63,28.01,27.53,27.53,4716
ILB,2025-05-07,27.53,27.53,27.53,27.53,18907
ILB,2025-05-08,27.53,27.53,27.53,27.53,16
ILB,2025-05-09,25.92,27.53,25.92,26.58,3701
ILB,2025-05-12,26.63,26.63,26.63,26.63,344
ILB,2025-05-13,26.58,27.25,26.58,26.77,1649
ILB,2025-05-14,27.06,27.25,26.77,26.77,2149
ILB,2025-05-15,26.82,27.44,26.82,27.15,2307
ILB,2025-05-16,26.58,27.3,26.58,27.3,755
ILB,2025-05-19,26.68,26.68,25.73,26.3,620
ILB,2025-05-20,26.58,26.63,26.58,26.58,13322
ILB,2025-05-21,27.72,27.72,26.58,26.58,3206
ILB,2025-05-22,26.87,26.87,26.87,26.87,205
ILB,2025-05-23,26.77,26.77,26.58,26.58,607
ILB,2025-05-26,26.87,26.87,26.68,26.68,3058
ILB,2025-05-27,26.73,26.96,26.73,26.87,6350
ILB,2025-05-28,27.72,27.72,26.63,26.87,4200
ILB,2025-05-29,26.96,26.96,26.96,26.96,200
ILB,2025-05-30,26.77,26.77,26.77,26.77,3031
ILB,2025-06-02,26.77,27.72,26.77,27.72,1200
ILB,2025-06-03,27.63,27.63,27.63,27.63,211
ILB,2025-06-04,26.73,26.73,26.68,26.68,3000
ILB,2025-06-05,27.15,27.15,27.15,27.15,605
ILB,2025-06-06,27.15,27.15,26.92,27.06,19104
ILB,2025-06-09,27.06,27.06,27.06,27.06,5
ILB,2025-06-10,26.58,26.58,26.58,26.58,127
ILB,2025-06-11,26.49,26.49,26.39,26.39,1700
ILB,2025-06-12,26.39,26.39,26.2,26.2,1207
ILB,2025-06-13,26.2,26.2,26.11,26.11,7008
ILB,2025-06-16,26.11,26.11,25.44,25.44,23404
ILB,2025-06-17,25.63,25.63,25.25,25.44,28795
ILB,2025-06-18,25.35,25.82,25.35,25.82,6563
ILB,2025-06-19,25.82,25.82,25.82,25.82,6042
ILB,2025-06-20,25.82,26.58,25.63,26.58,15806
ILB,2025-06-23,25.92,26.3,25.63,26.01,3379
ILB,2025-06-24,26.01,26.01,25.4,25.97,2710
ILB,2025-06-25,25.63,25.82,25.63,25.63,6057
ILB,2025-06-26,25.63,25.63,25.63,25.63,738
ILB,2025-06-27,25.63,26.11,25.44,26.11,3431
ILB,2025-06-30,25.73,26.58,25.73,26.49,2677
ILB,2025-07-01,26.01,26.49,26.01,26.49,298
ILB,2025-07-02,26.49,26.58,26.35,26.35,11322
ILB,2025-07-03,26.35,26.35,25.92,26.06,7764
ILB,2025-07-04,26.11,26.2,26.11,26.11,11291
ILB,2025-07-07,26.11,26.11,26.06,26.11,5119
ILB,2025-07-08,26.11,26.49,26.11,26.49,1073
ILB,2025-07-09,26.58,26.58,26.11,26.44,10939
ILB,2025-07-10,26.54,26.54,26.01,26.01,2253
ILB,2025-07-11,25.82,26.3,25.82,26.3,10559
ILB,2025-07-14,26.39,26.39,25.63,26.2,5086
ILB,2025-07-15,25.92,26.11,25.92,26.11,1672
ILB,2025-07-16,26.2,26.35,26.2,26.2,1410
ILB,2025-07-17,26.2,26.2,26.2,26.2,10164
ILB,2025-07-18,26.2,26.25,26.11,26.11,8289
ILB,2025-07-21,26.16,26.16,26.01,26.11,19519
ILB,2025-07-22,26.11,26.3,26.01,26.11,16835
ILB,2025-07-23,26.3,26.35,26.3,26.3,2879
ILB,2025-07-24,26.3,26.3,26.2,26.2,2119
ILB,2025-07-25,26.35,27.06,26.35,27.06,5903
ILB,2025-07-28,27.34,27.82,27.15,27.34,19554
ILB,2025-07-29,27.25,27.34,26.96,27.06,12597
ILB,2025-07-30,27.06,27.15,26.87,26.87,8926
ILB,2025-07-31,26.92,27.06,26.49,26.58,12554
ILB,2025-08-01,27.06,27.06,26.58,26.58,4474
ILB,2025-08-04,27.34,27.34,26.11,26.44,10651
ILB,2025-08-05,26.58,27.53,26.44,27.34,22810
ILB,2025-08-06,27.34,27.44,27.34,27.34,11274
ILB,2025-08-07,27.53,27.53,26.63,27.25,17850
ILB,2025-08-08,27.25,27.44,26.58,27.34,8050
ILB,2025-08-11,26.77,27.82,26.77,27.63,13072
ILB,2025-08-12,27.72,28.01,27.53,27.58,21666
ILB,2025-08-13,27.63,27.82,27.34,27.82,24194
ILB,2025-08-14,28.1,28.1,27.82,28.01,5695
ILB,2025-08-15,28.01,28.01,27.49,27.53,18277
ILB,2025-08-18,27.63,28.2,27.63,27.63,6916
ILB,2025-08-19,27.63,27.91,27.63,27.91,9328
ILB,2025-08-20,28.01,28.01,27.68,27.68,1750
ILB,2025-08-21,27.68,27.68,27.63,27.68,4572
ILB,2025-08-22,27.25,27.34,27.06,27.15,26919
ILB,2025-08-25,27.06,27.53,26.87,27.06,8724
ILB,2025-08-26,27.3,27.68,27.3,27.39,3207
ILB,2025-08-27,27.39,27.53,27.39,27.53,11363
ILB,2025-08-28,27.55,27.55,27.0,27.5,7860
ILB,2025-08-29,27.1,27.5,27.1,27.15,3105
ILB,2025-09-03,27.1,27.15,27.0,27.0,9024
ILB,2025-09-04,27.0,27.1,26.95,26.95,5783
ILB,2025-09-05,27.0,27.0,26.9,26.9,16297
ILB,2025-09-08,26.9,27.0,26.85,26.9,9653
ILB,2025-09-09,26.9,27.0,26.9,27.0,2556
ILB,2025-09-10,27.0,27.0,26.55,26.6,6539
ILB,2025-09-11,26.6,26.6,26.55,26.6,1204
ILB,2025-09-12,26.5,26.7,26.5,26.7,2600
ILB,2025-09-15,27.1,27.15,26.75,26.75,8900
ILB,2025-09-16,26.75,27.0,26.75,27.0,600
ILB,2025-09-17,27.0,27.0,27.0,27.0,600
ILB,2025-09-18,26.9,27.0,26.9,26.9,600
ILB,2025-09-19,26.9,26.9,26.75,26.75,600
ILB,2025-09-22,26.8,27.0,26.1,27.0,3500
ILB,2025-09-23,26.3,26.3,26.25,26.25,2100
ILB,2025-09-24,26.3,26.5,26.3,26.5,5900
ILB,2025-09-25,26.5,26.7,26.5,26.6,1900
ILB,2025-09-26,26.3,26.7,26.2,26.7,1200
ILB,2025-09-29,26.3,26.5,26.15,26.5,8600
ILB,2025-09-30,26.3,26.4,26.3,26.3,1900
ILB,2025-10-01,26.3,26.4,26.25,26.4,2700
ILB,2025-10-02,26.0,26.05,26.0,26.05,2400
ILB,2025-10-03,26.05,26.05,26.05,26.05,700
ILB,2025-10-06,26.2,27.0,26.2,27.0,2100
ILB,2025-10-07,26.2,26.9,26.2,26.9,500
ILB,2025-10-08,26.85,26.85,26.85,26.85,500
ILB,2025-10-09,26.7,26.7,26.7,26.7,100
ILB,2025-10-10,26.15,26.5,26.0,26.5,10900
ILB,2025-10-13,26.5,26.9,26.0,26.05,16000
ILB,2025-10-14,26.2,26.2,26.0,26.0,4300
ILB,2025-10-15,26.0,26.0,26.0,26.0,3400
ILB,2025-10-16,25.8,26.0,25.8,26.0,200
ILB,2025-10-17,26.45,26.45,26.0,26.0,1600
ILB,2025-10-20,26.5,26.5,25.95,26.3,5600
ILB,2025-10-21,25.5,26.9,25.5,26.85,7000
ILB,2025-10-22,26.85,26.85,25.8,26.85,4500
ILB,2025-10-23,26.8,26.8,26.2,26.2,500
ILB,2025-10-24,26.2,26.25,26.15,26.15,400
ILB,2025-10-27,25.85,26.4,25.8,26.4,1300
ILB,2025-10-28,26.4,26.4,26.4,26.4,1100
ILB,2025-10-29,26.35,26.4,26.0,26.4,4500
ILB,2025-10-30,26.4,26.4,26.2,26.35,9700
ILB,2025-10-31,26.35,26.4,25.8,26.4,2900
ILB,2025-11-03,26.4,26.5,25.6,26.0,9600
ILB,2025-11-04,26.1,26.5,26.0,26.1,1400
ILB,2025-11-05,26.4,26.45,26.4,26.45,1200
ILB,2025-11-06,26.4,27.2,26.15,27.2,16100
ILB,2025-11-07,27.15,27.15,27.15,27.15,100
ILB,2025-11-10,26.95,26.95,26.1,26.95,900
ILB,2025-11-11,26.4,26.95,26.0,26.9,2900
ILB,2025-11-13,26.8,26.95,26.8,26.95,1600
ILB,2025-11-14,26.8,26.9,26.0,26.0,15600
ILB,2025-11-18,26.1,26.1,25.9,25.9,800
ILB,2025-11-19,25.75,26.6,25.75,26.6,5200
ILB,2025-11-20,25.9,26.15,25.9,26.15,400
ILB,2025-11-21,26.75,26.75,26.3,26.3,300
ILB,2025-11-24,26.4,26.4,26.4,26.4,100
ILB,2025-11-25,26.3,26.3,26.3,26.3,100
ILB,2025-11-26,26.05,26.5,26.05,26.5,200
ILB,2025-11-27,26.5,26.5,26.5,26.5,200
ILB,2025-11-28,26.5,26.5,26.5,26.5,400
ILB,2025-12-01,26.5,26.5,26.15,26.15,1400
ILB,2025-12-03,26.1,26.1,26.05,26.05,1600
ILB,2025-12-05,26.3,26.3,26.05,26.05,6700
ILB,2025-12-08,26.05,26.05,26.0,26.0,8100
ILB,2025-12-09,26.0,26.0,26.0,26.0,6600
ILB,2025-12-10,26.35,26.35,26.1,26.1,2700
ILB,2025-12-11,25.9,26.5,25.9,26.5,3000
ILB,2025-12-15,26.1,26.1,26.0,26.0,1500
ILB,2025-12-16,26.05,26.1,26.0,26.1,5100
ILB,2025-12-17,26.45,26.45,26.0,26.0,300
ILB,2025-12-18,26.05,26.05,24.6,24.6,8000
ILB,2025-12-19,24.8,26.0,24.7,25.35,15900
ILB,2025-12-22,25.3,25.35,23.9,23.95,184100
ILB,2025-12-23,23.95,23.95,22.7,22.8,297700
ILB,2025-12-24,22.5,23.5,22.5,23.15,1146200
ILB,2025-12-25,23.5,23.5,22.5,22.7,1004000
ILB,2025-12-26,22.7,23.45,22.65,23.15,26000
ILB,2025-12-29,23.15,23.7,22.8,22.8,47400
ILB,2025-12-30,22.85,22.9,22.55,22.9,90800
ILB,2025-12-31,22.9,22.9,22.4,22.5,105000
