[2026-01-19T13:10:54.126+0000] {local_task_job_runner.py:120} INFO - ::group::Pre task execution logs
[2026-01-19T13:10:54.146+0000] {taskinstance.py:2076} INFO - Dependencies all met for dep_context=non-requeueable deps ti=<TaskInstance: backup_db_parallel.sync_bctc_partition manual__2026-01-19T13:10:29.558110+00:00 map_index=0 [queued]>
[2026-01-19T13:10:54.157+0000] {taskinstance.py:2076} INFO - Dependencies all met for dep_context=requeueable deps ti=<TaskInstance: backup_db_parallel.sync_bctc_partition manual__2026-01-19T13:10:29.558110+00:00 map_index=0 [queued]>
[2026-01-19T13:10:54.158+0000] {taskinstance.py:2306} INFO - Starting attempt 1 of 3
[2026-01-19T13:10:54.172+0000] {taskinstance.py:2330} INFO - Executing <Mapped(_PythonDecoratedOperator): sync_bctc_partition> on 2026-01-19 13:10:29.558110+00:00
[2026-01-19T13:10:54.181+0000] {warnings.py:112} WARNING - This process (pid=180) is multi-threaded, use of fork() may lead to deadlocks in the child.

[2026-01-19T13:10:54.183+0000] {standard_task_runner.py:64} INFO - Started process 213 to run task
[2026-01-19T13:10:54.185+0000] {standard_task_runner.py:90} INFO - Running: ['***', 'tasks', 'run', 'backup_db_parallel', 'sync_bctc_partition', 'manual__2026-01-19T13:10:29.558110+00:00', '--job-id', '3002', '--raw', '--subdir', 'DAGS_FOLDER/backup_db_parallel.py', '--cfg-path', '/tmp/tmprkuwss96', '--map-index', '0']
[2026-01-19T13:10:54.188+0000] {standard_task_runner.py:91} INFO - Job 3002: Subtask sync_bctc_partition
[2026-01-19T13:10:54.229+0000] {task_command.py:426} INFO - Running <TaskInstance: backup_db_parallel.sync_bctc_partition manual__2026-01-19T13:10:29.558110+00:00 map_index=0 [running]> on host 8cee9c20419f
[2026-01-19T13:10:54.324+0000] {taskinstance.py:2648} INFO - Exporting env vars: AIRFLOW_CTX_DAG_OWNER='***' AIRFLOW_CTX_DAG_ID='backup_db_parallel' AIRFLOW_CTX_TASK_ID='sync_bctc_partition' AIRFLOW_CTX_EXECUTION_DATE='2026-01-19T13:10:29.558110+00:00' AIRFLOW_CTX_TRY_NUMBER='1' AIRFLOW_CTX_DAG_RUN_ID='manual__2026-01-19T13:10:29.558110+00:00'
[2026-01-19T13:10:54.326+0000] {taskinstance.py:430} INFO - ::endgroup::
[2026-01-19T13:10:54.341+0000] {base.py:84} INFO - Using connection ID 'minio_finance' for task execution.
[2026-01-19T13:10:54.342+0000] {connection_wrapper.py:384} INFO - AWS Connection (conn_id='minio_finance', conn_type='aws') credentials retrieved from login and password.
[2026-01-19T13:10:57.932+0000] {logging_mixin.py:188} INFO - ✓ Found 499 CSV files in thongtin-congty-va-bctc/bctc/2025-12-30/
[2026-01-19T13:10:57.939+0000] {base.py:84} INFO - Using connection ID 'minio_finance' for task execution.
[2026-01-19T13:10:57.939+0000] {connection_wrapper.py:384} INFO - AWS Connection (conn_id='minio_finance', conn_type='aws') credentials retrieved from login and password.
[2026-01-19T13:10:58.098+0000] {logging_mixin.py:188} INFO - ✓ Read 5717 rows from bctc/2025-12-30/batch_0.csv
[2026-01-19T13:10:58.104+0000] {base.py:84} INFO - Using connection ID 'minio_finance' for task execution.
[2026-01-19T13:10:58.105+0000] {connection_wrapper.py:384} INFO - AWS Connection (conn_id='minio_finance', conn_type='aws') credentials retrieved from login and password.
[2026-01-19T13:10:58.253+0000] {logging_mixin.py:188} INFO - ✓ Read 4911 rows from bctc/2025-12-30/batch_1.csv
[2026-01-19T13:10:58.261+0000] {base.py:84} INFO - Using connection ID 'minio_finance' for task execution.
[2026-01-19T13:10:58.262+0000] {connection_wrapper.py:384} INFO - AWS Connection (conn_id='minio_finance', conn_type='aws') credentials retrieved from login and password.
[2026-01-19T13:10:58.393+0000] {logging_mixin.py:188} INFO - ✓ Read 8703 rows from bctc/2025-12-30/batch_10.csv
[2026-01-19T13:10:58.399+0000] {base.py:84} INFO - Using connection ID 'minio_finance' for task execution.
[2026-01-19T13:10:58.400+0000] {connection_wrapper.py:384} INFO - AWS Connection (conn_id='minio_finance', conn_type='aws') credentials retrieved from login and password.
[2026-01-19T13:10:58.528+0000] {logging_mixin.py:188} INFO - ✓ Read 7749 rows from bctc/2025-12-30/batch_100.csv
[2026-01-19T13:10:58.535+0000] {base.py:84} INFO - Using connection ID 'minio_finance' for task execution.
[2026-01-19T13:10:58.536+0000] {connection_wrapper.py:384} INFO - AWS Connection (conn_id='minio_finance', conn_type='aws') credentials retrieved from login and password.
[2026-01-19T13:10:59.050+0000] {logging_mixin.py:188} INFO - ✓ Read 6876 rows from bctc/2025-12-30/batch_101.csv
[2026-01-19T13:10:59.061+0000] {base.py:84} INFO - Using connection ID 'minio_finance' for task execution.
[2026-01-19T13:10:59.062+0000] {connection_wrapper.py:384} INFO - AWS Connection (conn_id='minio_finance', conn_type='aws') credentials retrieved from login and password.
[2026-01-19T13:10:59.342+0000] {logging_mixin.py:188} INFO - ✓ Read 11613 rows from bctc/2025-12-30/batch_102.csv
[2026-01-19T13:10:59.354+0000] {base.py:84} INFO - Using connection ID 'minio_finance' for task execution.
[2026-01-19T13:10:59.355+0000] {connection_wrapper.py:384} INFO - AWS Connection (conn_id='minio_finance', conn_type='aws') credentials retrieved from login and password.
[2026-01-19T13:10:59.581+0000] {logging_mixin.py:188} INFO - ✓ Read 8355 rows from bctc/2025-12-30/batch_103.csv
[2026-01-19T13:10:59.590+0000] {base.py:84} INFO - Using connection ID 'minio_finance' for task execution.
[2026-01-19T13:10:59.591+0000] {connection_wrapper.py:384} INFO - AWS Connection (conn_id='minio_finance', conn_type='aws') credentials retrieved from login and password.
[2026-01-19T13:10:59.756+0000] {logging_mixin.py:188} INFO - ✓ Read 8302 rows from bctc/2025-12-30/batch_104.csv
[2026-01-19T13:10:59.764+0000] {base.py:84} INFO - Using connection ID 'minio_finance' for task execution.
[2026-01-19T13:10:59.765+0000] {connection_wrapper.py:384} INFO - AWS Connection (conn_id='minio_finance', conn_type='aws') credentials retrieved from login and password.
[2026-01-19T13:10:59.941+0000] {logging_mixin.py:188} INFO - ✓ Read 11262 rows from bctc/2025-12-30/batch_105.csv
[2026-01-19T13:10:59.950+0000] {base.py:84} INFO - Using connection ID 'minio_finance' for task execution.
[2026-01-19T13:10:59.951+0000] {connection_wrapper.py:384} INFO - AWS Connection (conn_id='minio_finance', conn_type='aws') credentials retrieved from login and password.
[2026-01-19T13:11:00.113+0000] {logging_mixin.py:188} INFO - ✓ Read 10564 rows from bctc/2025-12-30/batch_106.csv
[2026-01-19T13:11:00.121+0000] {base.py:84} INFO - Using connection ID 'minio_finance' for task execution.
[2026-01-19T13:11:00.122+0000] {connection_wrapper.py:384} INFO - AWS Connection (conn_id='minio_finance', conn_type='aws') credentials retrieved from login and password.
[2026-01-19T13:11:00.315+0000] {logging_mixin.py:188} INFO - ✓ Read 4192 rows from bctc/2025-12-30/batch_107.csv
[2026-01-19T13:11:00.323+0000] {base.py:84} INFO - Using connection ID 'minio_finance' for task execution.
[2026-01-19T13:11:00.325+0000] {connection_wrapper.py:384} INFO - AWS Connection (conn_id='minio_finance', conn_type='aws') credentials retrieved from login and password.
[2026-01-19T13:11:00.455+0000] {logging_mixin.py:188} INFO - ✓ Read 3856 rows from bctc/2025-12-30/batch_108.csv
[2026-01-19T13:11:00.463+0000] {base.py:84} INFO - Using connection ID 'minio_finance' for task execution.
[2026-01-19T13:11:00.464+0000] {connection_wrapper.py:384} INFO - AWS Connection (conn_id='minio_finance', conn_type='aws') credentials retrieved from login and password.
[2026-01-19T13:11:00.602+0000] {logging_mixin.py:188} INFO - ✓ Read 7657 rows from bctc/2025-12-30/batch_109.csv
[2026-01-19T13:11:00.609+0000] {base.py:84} INFO - Using connection ID 'minio_finance' for task execution.
[2026-01-19T13:11:00.610+0000] {connection_wrapper.py:384} INFO - AWS Connection (conn_id='minio_finance', conn_type='aws') credentials retrieved from login and password.
[2026-01-19T13:11:00.776+0000] {logging_mixin.py:188} INFO - ✓ Read 7514 rows from bctc/2025-12-30/batch_11.csv
[2026-01-19T13:11:00.783+0000] {base.py:84} INFO - Using connection ID 'minio_finance' for task execution.
[2026-01-19T13:11:00.784+0000] {connection_wrapper.py:384} INFO - AWS Connection (conn_id='minio_finance', conn_type='aws') credentials retrieved from login and password.
[2026-01-19T13:11:00.953+0000] {logging_mixin.py:188} INFO - ✓ Read 11434 rows from bctc/2025-12-30/batch_110.csv
[2026-01-19T13:11:00.961+0000] {base.py:84} INFO - Using connection ID 'minio_finance' for task execution.
[2026-01-19T13:11:00.963+0000] {connection_wrapper.py:384} INFO - AWS Connection (conn_id='minio_finance', conn_type='aws') credentials retrieved from login and password.
[2026-01-19T13:11:01.110+0000] {logging_mixin.py:188} INFO - ✓ Read 6643 rows from bctc/2025-12-30/batch_111.csv
[2026-01-19T13:11:01.119+0000] {base.py:84} INFO - Using connection ID 'minio_finance' for task execution.
[2026-01-19T13:11:01.120+0000] {connection_wrapper.py:384} INFO - AWS Connection (conn_id='minio_finance', conn_type='aws') credentials retrieved from login and password.
[2026-01-19T13:11:01.302+0000] {logging_mixin.py:188} INFO - ✓ Read 7250 rows from bctc/2025-12-30/batch_112.csv
[2026-01-19T13:11:01.312+0000] {base.py:84} INFO - Using connection ID 'minio_finance' for task execution.
[2026-01-19T13:11:01.314+0000] {connection_wrapper.py:384} INFO - AWS Connection (conn_id='minio_finance', conn_type='aws') credentials retrieved from login and password.
[2026-01-19T13:11:01.498+0000] {logging_mixin.py:188} INFO - ✓ Read 6734 rows from bctc/2025-12-30/batch_113.csv
[2026-01-19T13:11:01.510+0000] {base.py:84} INFO - Using connection ID 'minio_finance' for task execution.
[2026-01-19T13:11:01.511+0000] {connection_wrapper.py:384} INFO - AWS Connection (conn_id='minio_finance', conn_type='aws') credentials retrieved from login and password.
[2026-01-19T13:11:02.366+0000] {logging_mixin.py:188} INFO - ✓ Read 8917 rows from bctc/2025-12-30/batch_114.csv
[2026-01-19T13:11:02.378+0000] {base.py:84} INFO - Using connection ID 'minio_finance' for task execution.
[2026-01-19T13:11:02.380+0000] {connection_wrapper.py:384} INFO - AWS Connection (conn_id='minio_finance', conn_type='aws') credentials retrieved from login and password.
[2026-01-19T13:11:02.543+0000] {logging_mixin.py:188} INFO - ✓ Read 6921 rows from bctc/2025-12-30/batch_115.csv
[2026-01-19T13:11:02.551+0000] {base.py:84} INFO - Using connection ID 'minio_finance' for task execution.
[2026-01-19T13:11:02.552+0000] {connection_wrapper.py:384} INFO - AWS Connection (conn_id='minio_finance', conn_type='aws') credentials retrieved from login and password.
[2026-01-19T13:11:02.717+0000] {logging_mixin.py:188} INFO - ✓ Read 9966 rows from bctc/2025-12-30/batch_116.csv
[2026-01-19T13:11:02.725+0000] {base.py:84} INFO - Using connection ID 'minio_finance' for task execution.
[2026-01-19T13:11:02.726+0000] {connection_wrapper.py:384} INFO - AWS Connection (conn_id='minio_finance', conn_type='aws') credentials retrieved from login and password.
[2026-01-19T13:11:02.857+0000] {logging_mixin.py:188} INFO - ✓ Read 288 rows from bctc/2025-12-30/batch_117.csv
[2026-01-19T13:11:02.865+0000] {base.py:84} INFO - Using connection ID 'minio_finance' for task execution.
[2026-01-19T13:11:02.866+0000] {connection_wrapper.py:384} INFO - AWS Connection (conn_id='minio_finance', conn_type='aws') credentials retrieved from login and password.
[2026-01-19T13:11:03.054+0000] {logging_mixin.py:188} INFO - ✓ Read 11267 rows from bctc/2025-12-30/batch_118.csv
[2026-01-19T13:11:03.061+0000] {base.py:84} INFO - Using connection ID 'minio_finance' for task execution.
[2026-01-19T13:11:03.062+0000] {connection_wrapper.py:384} INFO - AWS Connection (conn_id='minio_finance', conn_type='aws') credentials retrieved from login and password.
[2026-01-19T13:11:03.257+0000] {logging_mixin.py:188} INFO - ✓ Read 14025 rows from bctc/2025-12-30/batch_119.csv
[2026-01-19T13:11:03.265+0000] {base.py:84} INFO - Using connection ID 'minio_finance' for task execution.
[2026-01-19T13:11:03.266+0000] {connection_wrapper.py:384} INFO - AWS Connection (conn_id='minio_finance', conn_type='aws') credentials retrieved from login and password.
[2026-01-19T13:11:03.417+0000] {logging_mixin.py:188} INFO - ✓ Read 7242 rows from bctc/2025-12-30/batch_12.csv
[2026-01-19T13:11:03.424+0000] {base.py:84} INFO - Using connection ID 'minio_finance' for task execution.
[2026-01-19T13:11:03.424+0000] {connection_wrapper.py:384} INFO - AWS Connection (conn_id='minio_finance', conn_type='aws') credentials retrieved from login and password.
[2026-01-19T13:11:03.568+0000] {logging_mixin.py:188} INFO - ✓ Read 7421 rows from bctc/2025-12-30/batch_120.csv
[2026-01-19T13:11:03.575+0000] {base.py:84} INFO - Using connection ID 'minio_finance' for task execution.
[2026-01-19T13:11:03.576+0000] {connection_wrapper.py:384} INFO - AWS Connection (conn_id='minio_finance', conn_type='aws') credentials retrieved from login and password.
[2026-01-19T13:11:03.754+0000] {logging_mixin.py:188} INFO - ✓ Read 11589 rows from bctc/2025-12-30/batch_121.csv
[2026-01-19T13:11:03.761+0000] {base.py:84} INFO - Using connection ID 'minio_finance' for task execution.
[2026-01-19T13:11:03.762+0000] {connection_wrapper.py:384} INFO - AWS Connection (conn_id='minio_finance', conn_type='aws') credentials retrieved from login and password.
[2026-01-19T13:11:03.878+0000] {logging_mixin.py:188} INFO - ✓ Read 11730 rows from bctc/2025-12-30/batch_122.csv
[2026-01-19T13:11:03.885+0000] {base.py:84} INFO - Using connection ID 'minio_finance' for task execution.
[2026-01-19T13:11:03.886+0000] {connection_wrapper.py:384} INFO - AWS Connection (conn_id='minio_finance', conn_type='aws') credentials retrieved from login and password.
[2026-01-19T13:11:03.993+0000] {logging_mixin.py:188} INFO - ✓ Read 7701 rows from bctc/2025-12-30/batch_124.csv
[2026-01-19T13:11:04.000+0000] {base.py:84} INFO - Using connection ID 'minio_finance' for task execution.
[2026-01-19T13:11:04.000+0000] {connection_wrapper.py:384} INFO - AWS Connection (conn_id='minio_finance', conn_type='aws') credentials retrieved from login and password.
[2026-01-19T13:11:04.119+0000] {logging_mixin.py:188} INFO - ✓ Read 2760 rows from bctc/2025-12-30/batch_125.csv
[2026-01-19T13:11:04.126+0000] {base.py:84} INFO - Using connection ID 'minio_finance' for task execution.
[2026-01-19T13:11:04.127+0000] {connection_wrapper.py:384} INFO - AWS Connection (conn_id='minio_finance', conn_type='aws') credentials retrieved from login and password.
[2026-01-19T13:11:04.229+0000] {logging_mixin.py:188} INFO - ✓ Read 819 rows from bctc/2025-12-30/batch_126.csv
[2026-01-19T13:11:04.235+0000] {base.py:84} INFO - Using connection ID 'minio_finance' for task execution.
[2026-01-19T13:11:04.236+0000] {connection_wrapper.py:384} INFO - AWS Connection (conn_id='minio_finance', conn_type='aws') credentials retrieved from login and password.
[2026-01-19T13:11:04.812+0000] {logging_mixin.py:188} INFO - ✓ Read 3360 rows from bctc/2025-12-30/batch_127.csv
[2026-01-19T13:11:04.819+0000] {base.py:84} INFO - Using connection ID 'minio_finance' for task execution.
[2026-01-19T13:11:04.820+0000] {connection_wrapper.py:384} INFO - AWS Connection (conn_id='minio_finance', conn_type='aws') credentials retrieved from login and password.
[2026-01-19T13:11:04.949+0000] {logging_mixin.py:188} INFO - ✓ Read 2752 rows from bctc/2025-12-30/batch_128.csv
[2026-01-19T13:11:04.957+0000] {base.py:84} INFO - Using connection ID 'minio_finance' for task execution.
[2026-01-19T13:11:04.958+0000] {connection_wrapper.py:384} INFO - AWS Connection (conn_id='minio_finance', conn_type='aws') credentials retrieved from login and password.
[2026-01-19T13:11:05.089+0000] {logging_mixin.py:188} INFO - ✓ Read 5919 rows from bctc/2025-12-30/batch_129.csv
[2026-01-19T13:11:05.096+0000] {base.py:84} INFO - Using connection ID 'minio_finance' for task execution.
[2026-01-19T13:11:05.097+0000] {connection_wrapper.py:384} INFO - AWS Connection (conn_id='minio_finance', conn_type='aws') credentials retrieved from login and password.
[2026-01-19T13:11:05.212+0000] {logging_mixin.py:188} INFO - ✓ Read 6627 rows from bctc/2025-12-30/batch_13.csv
[2026-01-19T13:11:05.220+0000] {base.py:84} INFO - Using connection ID 'minio_finance' for task execution.
[2026-01-19T13:11:05.221+0000] {connection_wrapper.py:384} INFO - AWS Connection (conn_id='minio_finance', conn_type='aws') credentials retrieved from login and password.
[2026-01-19T13:11:05.362+0000] {logging_mixin.py:188} INFO - ✓ Read 11346 rows from bctc/2025-12-30/batch_130.csv
[2026-01-19T13:11:05.369+0000] {base.py:84} INFO - Using connection ID 'minio_finance' for task execution.
[2026-01-19T13:11:05.370+0000] {connection_wrapper.py:384} INFO - AWS Connection (conn_id='minio_finance', conn_type='aws') credentials retrieved from login and password.
[2026-01-19T13:11:05.522+0000] {logging_mixin.py:188} INFO - ✓ Read 12684 rows from bctc/2025-12-30/batch_131.csv
[2026-01-19T13:11:05.530+0000] {base.py:84} INFO - Using connection ID 'minio_finance' for task execution.
[2026-01-19T13:11:05.531+0000] {connection_wrapper.py:384} INFO - AWS Connection (conn_id='minio_finance', conn_type='aws') credentials retrieved from login and password.
[2026-01-19T13:11:05.652+0000] {logging_mixin.py:188} INFO - ✓ Read 6495 rows from bctc/2025-12-30/batch_132.csv
[2026-01-19T13:11:05.660+0000] {base.py:84} INFO - Using connection ID 'minio_finance' for task execution.
[2026-01-19T13:11:05.661+0000] {connection_wrapper.py:384} INFO - AWS Connection (conn_id='minio_finance', conn_type='aws') credentials retrieved from login and password.
[2026-01-19T13:11:05.795+0000] {logging_mixin.py:188} INFO - ✓ Read 9929 rows from bctc/2025-12-30/batch_133.csv
[2026-01-19T13:11:05.803+0000] {base.py:84} INFO - Using connection ID 'minio_finance' for task execution.
[2026-01-19T13:11:05.804+0000] {connection_wrapper.py:384} INFO - AWS Connection (conn_id='minio_finance', conn_type='aws') credentials retrieved from login and password.
[2026-01-19T13:11:05.924+0000] {logging_mixin.py:188} INFO - ✓ Read 3941 rows from bctc/2025-12-30/batch_134.csv
[2026-01-19T13:11:05.931+0000] {base.py:84} INFO - Using connection ID 'minio_finance' for task execution.
[2026-01-19T13:11:05.932+0000] {connection_wrapper.py:384} INFO - AWS Connection (conn_id='minio_finance', conn_type='aws') credentials retrieved from login and password.
[2026-01-19T13:11:06.052+0000] {logging_mixin.py:188} INFO - ✓ Read 8016 rows from bctc/2025-12-30/batch_135.csv
[2026-01-19T13:11:06.060+0000] {base.py:84} INFO - Using connection ID 'minio_finance' for task execution.
[2026-01-19T13:11:06.061+0000] {connection_wrapper.py:384} INFO - AWS Connection (conn_id='minio_finance', conn_type='aws') credentials retrieved from login and password.
[2026-01-19T13:11:06.209+0000] {logging_mixin.py:188} INFO - ✓ Read 12207 rows from bctc/2025-12-30/batch_136.csv
[2026-01-19T13:11:06.217+0000] {base.py:84} INFO - Using connection ID 'minio_finance' for task execution.
[2026-01-19T13:11:06.218+0000] {connection_wrapper.py:384} INFO - AWS Connection (conn_id='minio_finance', conn_type='aws') credentials retrieved from login and password.
[2026-01-19T13:11:06.372+0000] {logging_mixin.py:188} INFO - ✓ Read 9384 rows from bctc/2025-12-30/batch_137.csv
[2026-01-19T13:11:06.381+0000] {base.py:84} INFO - Using connection ID 'minio_finance' for task execution.
[2026-01-19T13:11:06.382+0000] {connection_wrapper.py:384} INFO - AWS Connection (conn_id='minio_finance', conn_type='aws') credentials retrieved from login and password.
[2026-01-19T13:11:06.553+0000] {logging_mixin.py:188} INFO - ✓ Read 10147 rows from bctc/2025-12-30/batch_138.csv
[2026-01-19T13:11:06.565+0000] {base.py:84} INFO - Using connection ID 'minio_finance' for task execution.
[2026-01-19T13:11:06.566+0000] {connection_wrapper.py:384} INFO - AWS Connection (conn_id='minio_finance', conn_type='aws') credentials retrieved from login and password.
[2026-01-19T13:11:07.243+0000] {logging_mixin.py:188} INFO - ✓ Read 2343 rows from bctc/2025-12-30/batch_139.csv
[2026-01-19T13:11:07.252+0000] {base.py:84} INFO - Using connection ID 'minio_finance' for task execution.
[2026-01-19T13:11:07.253+0000] {connection_wrapper.py:384} INFO - AWS Connection (conn_id='minio_finance', conn_type='aws') credentials retrieved from login and password.
[2026-01-19T13:11:07.406+0000] {logging_mixin.py:188} INFO - ✓ Read 7761 rows from bctc/2025-12-30/batch_14.csv
[2026-01-19T13:11:07.413+0000] {base.py:84} INFO - Using connection ID 'minio_finance' for task execution.
[2026-01-19T13:11:07.415+0000] {connection_wrapper.py:384} INFO - AWS Connection (conn_id='minio_finance', conn_type='aws') credentials retrieved from login and password.
[2026-01-19T13:11:07.599+0000] {logging_mixin.py:188} INFO - ✓ Read 10233 rows from bctc/2025-12-30/batch_140.csv
[2026-01-19T13:11:07.606+0000] {base.py:84} INFO - Using connection ID 'minio_finance' for task execution.
[2026-01-19T13:11:07.607+0000] {connection_wrapper.py:384} INFO - AWS Connection (conn_id='minio_finance', conn_type='aws') credentials retrieved from login and password.
[2026-01-19T13:11:07.752+0000] {logging_mixin.py:188} INFO - ✓ Read 10461 rows from bctc/2025-12-30/batch_141.csv
[2026-01-19T13:11:07.759+0000] {base.py:84} INFO - Using connection ID 'minio_finance' for task execution.
[2026-01-19T13:11:07.760+0000] {connection_wrapper.py:384} INFO - AWS Connection (conn_id='minio_finance', conn_type='aws') credentials retrieved from login and password.
[2026-01-19T13:11:07.927+0000] {logging_mixin.py:188} INFO - ✓ Read 8287 rows from bctc/2025-12-30/batch_142.csv
[2026-01-19T13:11:07.935+0000] {base.py:84} INFO - Using connection ID 'minio_finance' for task execution.
[2026-01-19T13:11:07.936+0000] {connection_wrapper.py:384} INFO - AWS Connection (conn_id='minio_finance', conn_type='aws') credentials retrieved from login and password.
[2026-01-19T13:11:08.094+0000] {logging_mixin.py:188} INFO - ✓ Read 10135 rows from bctc/2025-12-30/batch_143.csv
[2026-01-19T13:11:08.102+0000] {base.py:84} INFO - Using connection ID 'minio_finance' for task execution.
[2026-01-19T13:11:08.103+0000] {connection_wrapper.py:384} INFO - AWS Connection (conn_id='minio_finance', conn_type='aws') credentials retrieved from login and password.
[2026-01-19T13:11:08.260+0000] {logging_mixin.py:188} INFO - ✓ Read 3850 rows from bctc/2025-12-30/batch_144.csv
[2026-01-19T13:11:08.269+0000] {base.py:84} INFO - Using connection ID 'minio_finance' for task execution.
[2026-01-19T13:11:08.270+0000] {connection_wrapper.py:384} INFO - AWS Connection (conn_id='minio_finance', conn_type='aws') credentials retrieved from login and password.
[2026-01-19T13:11:08.419+0000] {logging_mixin.py:188} INFO - ✓ Read 4078 rows from bctc/2025-12-30/batch_145.csv
[2026-01-19T13:11:08.427+0000] {base.py:84} INFO - Using connection ID 'minio_finance' for task execution.
[2026-01-19T13:11:08.428+0000] {connection_wrapper.py:384} INFO - AWS Connection (conn_id='minio_finance', conn_type='aws') credentials retrieved from login and password.
[2026-01-19T13:11:08.559+0000] {logging_mixin.py:188} INFO - ✓ Read 4125 rows from bctc/2025-12-30/batch_146.csv
[2026-01-19T13:11:08.566+0000] {base.py:84} INFO - Using connection ID 'minio_finance' for task execution.
[2026-01-19T13:11:08.567+0000] {connection_wrapper.py:384} INFO - AWS Connection (conn_id='minio_finance', conn_type='aws') credentials retrieved from login and password.
[2026-01-19T13:11:08.723+0000] {logging_mixin.py:188} INFO - ✓ Read 12461 rows from bctc/2025-12-30/batch_147.csv
[2026-01-19T13:11:08.731+0000] {base.py:84} INFO - Using connection ID 'minio_finance' for task execution.
[2026-01-19T13:11:08.732+0000] {connection_wrapper.py:384} INFO - AWS Connection (conn_id='minio_finance', conn_type='aws') credentials retrieved from login and password.
[2026-01-19T13:11:08.904+0000] {logging_mixin.py:188} INFO - ✓ Read 11707 rows from bctc/2025-12-30/batch_148.csv
[2026-01-19T13:11:08.915+0000] {base.py:84} INFO - Using connection ID 'minio_finance' for task execution.
[2026-01-19T13:11:08.916+0000] {connection_wrapper.py:384} INFO - AWS Connection (conn_id='minio_finance', conn_type='aws') credentials retrieved from login and password.
[2026-01-19T13:11:09.053+0000] {logging_mixin.py:188} INFO - ✓ Read 4041 rows from bctc/2025-12-30/batch_149.csv
[2026-01-19T13:11:09.061+0000] {base.py:84} INFO - Using connection ID 'minio_finance' for task execution.
[2026-01-19T13:11:09.061+0000] {connection_wrapper.py:384} INFO - AWS Connection (conn_id='minio_finance', conn_type='aws') credentials retrieved from login and password.
[2026-01-19T13:11:09.216+0000] {logging_mixin.py:188} INFO - ✓ Read 12048 rows from bctc/2025-12-30/batch_15.csv
[2026-01-19T13:11:09.224+0000] {base.py:84} INFO - Using connection ID 'minio_finance' for task execution.
[2026-01-19T13:11:09.225+0000] {connection_wrapper.py:384} INFO - AWS Connection (conn_id='minio_finance', conn_type='aws') credentials retrieved from login and password.
[2026-01-19T13:11:09.356+0000] {logging_mixin.py:188} INFO - ✓ Read 10519 rows from bctc/2025-12-30/batch_150.csv
[2026-01-19T13:11:09.363+0000] {base.py:84} INFO - Using connection ID 'minio_finance' for task execution.
[2026-01-19T13:11:09.364+0000] {connection_wrapper.py:384} INFO - AWS Connection (conn_id='minio_finance', conn_type='aws') credentials retrieved from login and password.
[2026-01-19T13:11:09.957+0000] {logging_mixin.py:188} INFO - ✓ Read 6086 rows from bctc/2025-12-30/batch_151.csv
[2026-01-19T13:11:09.965+0000] {base.py:84} INFO - Using connection ID 'minio_finance' for task execution.
[2026-01-19T13:11:09.966+0000] {connection_wrapper.py:384} INFO - AWS Connection (conn_id='minio_finance', conn_type='aws') credentials retrieved from login and password.
[2026-01-19T13:11:10.135+0000] {logging_mixin.py:188} INFO - ✓ Read 12346 rows from bctc/2025-12-30/batch_152.csv
[2026-01-19T13:11:10.143+0000] {base.py:84} INFO - Using connection ID 'minio_finance' for task execution.
[2026-01-19T13:11:10.144+0000] {connection_wrapper.py:384} INFO - AWS Connection (conn_id='minio_finance', conn_type='aws') credentials retrieved from login and password.
[2026-01-19T13:11:10.310+0000] {logging_mixin.py:188} INFO - ✓ Read 7254 rows from bctc/2025-12-30/batch_153.csv
[2026-01-19T13:11:10.318+0000] {base.py:84} INFO - Using connection ID 'minio_finance' for task execution.
[2026-01-19T13:11:10.319+0000] {connection_wrapper.py:384} INFO - AWS Connection (conn_id='minio_finance', conn_type='aws') credentials retrieved from login and password.
[2026-01-19T13:11:10.498+0000] {logging_mixin.py:188} INFO - ✓ Read 7797 rows from bctc/2025-12-30/batch_154.csv
[2026-01-19T13:11:10.507+0000] {base.py:84} INFO - Using connection ID 'minio_finance' for task execution.
[2026-01-19T13:11:10.508+0000] {connection_wrapper.py:384} INFO - AWS Connection (conn_id='minio_finance', conn_type='aws') credentials retrieved from login and password.
[2026-01-19T13:11:10.645+0000] {logging_mixin.py:188} INFO - ✓ Read 7933 rows from bctc/2025-12-30/batch_155.csv
[2026-01-19T13:11:10.653+0000] {base.py:84} INFO - Using connection ID 'minio_finance' for task execution.
[2026-01-19T13:11:10.654+0000] {connection_wrapper.py:384} INFO - AWS Connection (conn_id='minio_finance', conn_type='aws') credentials retrieved from login and password.
[2026-01-19T13:11:10.790+0000] {logging_mixin.py:188} INFO - ✓ Read 13719 rows from bctc/2025-12-30/batch_156.csv
[2026-01-19T13:11:10.798+0000] {base.py:84} INFO - Using connection ID 'minio_finance' for task execution.
[2026-01-19T13:11:10.800+0000] {connection_wrapper.py:384} INFO - AWS Connection (conn_id='minio_finance', conn_type='aws') credentials retrieved from login and password.
[2026-01-19T13:11:10.950+0000] {logging_mixin.py:188} INFO - ✓ Read 3048 rows from bctc/2025-12-30/batch_157.csv
[2026-01-19T13:11:10.957+0000] {base.py:84} INFO - Using connection ID 'minio_finance' for task execution.
[2026-01-19T13:11:10.958+0000] {connection_wrapper.py:384} INFO - AWS Connection (conn_id='minio_finance', conn_type='aws') credentials retrieved from login and password.
[2026-01-19T13:11:11.118+0000] {logging_mixin.py:188} INFO - ✓ Read 13743 rows from bctc/2025-12-30/batch_158.csv
[2026-01-19T13:11:11.126+0000] {base.py:84} INFO - Using connection ID 'minio_finance' for task execution.
[2026-01-19T13:11:11.127+0000] {connection_wrapper.py:384} INFO - AWS Connection (conn_id='minio_finance', conn_type='aws') credentials retrieved from login and password.
[2026-01-19T13:11:11.274+0000] {logging_mixin.py:188} INFO - ✓ Read 11928 rows from bctc/2025-12-30/batch_159.csv
[2026-01-19T13:11:11.282+0000] {base.py:84} INFO - Using connection ID 'minio_finance' for task execution.
[2026-01-19T13:11:11.283+0000] {connection_wrapper.py:384} INFO - AWS Connection (conn_id='minio_finance', conn_type='aws') credentials retrieved from login and password.
[2026-01-19T13:11:11.422+0000] {logging_mixin.py:188} INFO - ✓ Read 5882 rows from bctc/2025-12-30/batch_16.csv
[2026-01-19T13:11:11.429+0000] {base.py:84} INFO - Using connection ID 'minio_finance' for task execution.
[2026-01-19T13:11:11.430+0000] {connection_wrapper.py:384} INFO - AWS Connection (conn_id='minio_finance', conn_type='aws') credentials retrieved from login and password.
[2026-01-19T13:11:11.591+0000] {logging_mixin.py:188} INFO - ✓ Read 6182 rows from bctc/2025-12-30/batch_160.csv
[2026-01-19T13:11:11.599+0000] {base.py:84} INFO - Using connection ID 'minio_finance' for task execution.
[2026-01-19T13:11:11.600+0000] {connection_wrapper.py:384} INFO - AWS Connection (conn_id='minio_finance', conn_type='aws') credentials retrieved from login and password.
[2026-01-19T13:11:11.733+0000] {logging_mixin.py:188} INFO - ✓ Read 13354 rows from bctc/2025-12-30/batch_161.csv
[2026-01-19T13:11:11.741+0000] {base.py:84} INFO - Using connection ID 'minio_finance' for task execution.
[2026-01-19T13:11:11.742+0000] {connection_wrapper.py:384} INFO - AWS Connection (conn_id='minio_finance', conn_type='aws') credentials retrieved from login and password.
[2026-01-19T13:11:11.916+0000] {logging_mixin.py:188} INFO - ✓ Read 12189 rows from bctc/2025-12-30/batch_162.csv
[2026-01-19T13:11:11.921+0000] {base.py:84} INFO - Using connection ID 'minio_finance' for task execution.
[2026-01-19T13:11:11.922+0000] {connection_wrapper.py:384} INFO - AWS Connection (conn_id='minio_finance', conn_type='aws') credentials retrieved from login and password.
[2026-01-19T13:11:12.578+0000] {logging_mixin.py:188} INFO - ✓ Read 8784 rows from bctc/2025-12-30/batch_163.csv
[2026-01-19T13:11:12.587+0000] {base.py:84} INFO - Using connection ID 'minio_finance' for task execution.
[2026-01-19T13:11:12.588+0000] {connection_wrapper.py:384} INFO - AWS Connection (conn_id='minio_finance', conn_type='aws') credentials retrieved from login and password.
[2026-01-19T13:11:12.759+0000] {logging_mixin.py:188} INFO - ✓ Read 10791 rows from bctc/2025-12-30/batch_164.csv
[2026-01-19T13:11:12.766+0000] {base.py:84} INFO - Using connection ID 'minio_finance' for task execution.
[2026-01-19T13:11:12.767+0000] {connection_wrapper.py:384} INFO - AWS Connection (conn_id='minio_finance', conn_type='aws') credentials retrieved from login and password.
[2026-01-19T13:11:12.901+0000] {logging_mixin.py:188} INFO - ✓ Read 1891 rows from bctc/2025-12-30/batch_165.csv
[2026-01-19T13:11:12.908+0000] {base.py:84} INFO - Using connection ID 'minio_finance' for task execution.
[2026-01-19T13:11:12.909+0000] {connection_wrapper.py:384} INFO - AWS Connection (conn_id='minio_finance', conn_type='aws') credentials retrieved from login and password.
[2026-01-19T13:11:13.056+0000] {logging_mixin.py:188} INFO - ✓ Read 11889 rows from bctc/2025-12-30/batch_166.csv
[2026-01-19T13:11:13.064+0000] {base.py:84} INFO - Using connection ID 'minio_finance' for task execution.
[2026-01-19T13:11:13.065+0000] {connection_wrapper.py:384} INFO - AWS Connection (conn_id='minio_finance', conn_type='aws') credentials retrieved from login and password.
[2026-01-19T13:11:13.185+0000] {logging_mixin.py:188} INFO - ✓ Read 5369 rows from bctc/2025-12-30/batch_167.csv
[2026-01-19T13:11:13.192+0000] {base.py:84} INFO - Using connection ID 'minio_finance' for task execution.
[2026-01-19T13:11:13.193+0000] {connection_wrapper.py:384} INFO - AWS Connection (conn_id='minio_finance', conn_type='aws') credentials retrieved from login and password.
[2026-01-19T13:11:13.351+0000] {logging_mixin.py:188} INFO - ✓ Read 10298 rows from bctc/2025-12-30/batch_168.csv
[2026-01-19T13:11:13.359+0000] {base.py:84} INFO - Using connection ID 'minio_finance' for task execution.
[2026-01-19T13:11:13.360+0000] {connection_wrapper.py:384} INFO - AWS Connection (conn_id='minio_finance', conn_type='aws') credentials retrieved from login and password.
[2026-01-19T13:11:13.501+0000] {logging_mixin.py:188} INFO - ✓ Read 9087 rows from bctc/2025-12-30/batch_169.csv
[2026-01-19T13:11:13.509+0000] {base.py:84} INFO - Using connection ID 'minio_finance' for task execution.
[2026-01-19T13:11:13.510+0000] {connection_wrapper.py:384} INFO - AWS Connection (conn_id='minio_finance', conn_type='aws') credentials retrieved from login and password.
[2026-01-19T13:11:13.671+0000] {logging_mixin.py:188} INFO - ✓ Read 9336 rows from bctc/2025-12-30/batch_17.csv
[2026-01-19T13:11:13.678+0000] {base.py:84} INFO - Using connection ID 'minio_finance' for task execution.
[2026-01-19T13:11:13.679+0000] {connection_wrapper.py:384} INFO - AWS Connection (conn_id='minio_finance', conn_type='aws') credentials retrieved from login and password.
[2026-01-19T13:11:13.796+0000] {logging_mixin.py:188} INFO - ✓ Read 6978 rows from bctc/2025-12-30/batch_170.csv
[2026-01-19T13:11:13.803+0000] {base.py:84} INFO - Using connection ID 'minio_finance' for task execution.
[2026-01-19T13:11:13.804+0000] {connection_wrapper.py:384} INFO - AWS Connection (conn_id='minio_finance', conn_type='aws') credentials retrieved from login and password.
[2026-01-19T13:11:13.945+0000] {logging_mixin.py:188} INFO - ✓ Read 12974 rows from bctc/2025-12-30/batch_171.csv
[2026-01-19T13:11:13.953+0000] {base.py:84} INFO - Using connection ID 'minio_finance' for task execution.
[2026-01-19T13:11:13.954+0000] {connection_wrapper.py:384} INFO - AWS Connection (conn_id='minio_finance', conn_type='aws') credentials retrieved from login and password.
[2026-01-19T13:11:14.074+0000] {logging_mixin.py:188} INFO - ✓ Read 7739 rows from bctc/2025-12-30/batch_172.csv
[2026-01-19T13:11:14.080+0000] {base.py:84} INFO - Using connection ID 'minio_finance' for task execution.
[2026-01-19T13:11:14.081+0000] {connection_wrapper.py:384} INFO - AWS Connection (conn_id='minio_finance', conn_type='aws') credentials retrieved from login and password.
[2026-01-19T13:11:14.202+0000] {logging_mixin.py:188} INFO - ✓ Read 6281 rows from bctc/2025-12-30/batch_173.csv
[2026-01-19T13:11:14.209+0000] {base.py:84} INFO - Using connection ID 'minio_finance' for task execution.
[2026-01-19T13:11:14.210+0000] {connection_wrapper.py:384} INFO - AWS Connection (conn_id='minio_finance', conn_type='aws') credentials retrieved from login and password.
[2026-01-19T13:11:14.341+0000] {logging_mixin.py:188} INFO - ✓ Read 8831 rows from bctc/2025-12-30/batch_174.csv
[2026-01-19T13:11:14.349+0000] {base.py:84} INFO - Using connection ID 'minio_finance' for task execution.
[2026-01-19T13:11:14.349+0000] {connection_wrapper.py:384} INFO - AWS Connection (conn_id='minio_finance', conn_type='aws') credentials retrieved from login and password.
[2026-01-19T13:11:14.906+0000] {logging_mixin.py:188} INFO - ✓ Read 10104 rows from bctc/2025-12-30/batch_175.csv
[2026-01-19T13:11:14.913+0000] {base.py:84} INFO - Using connection ID 'minio_finance' for task execution.
[2026-01-19T13:11:14.914+0000] {connection_wrapper.py:384} INFO - AWS Connection (conn_id='minio_finance', conn_type='aws') credentials retrieved from login and password.
[2026-01-19T13:11:15.037+0000] {logging_mixin.py:188} INFO - ✓ Read 104 rows from bctc/2025-12-30/batch_176.csv
[2026-01-19T13:11:15.044+0000] {base.py:84} INFO - Using connection ID 'minio_finance' for task execution.
[2026-01-19T13:11:15.045+0000] {connection_wrapper.py:384} INFO - AWS Connection (conn_id='minio_finance', conn_type='aws') credentials retrieved from login and password.
[2026-01-19T13:11:15.181+0000] {logging_mixin.py:188} INFO - ✓ Read 12909 rows from bctc/2025-12-30/batch_177.csv
[2026-01-19T13:11:15.187+0000] {base.py:84} INFO - Using connection ID 'minio_finance' for task execution.
[2026-01-19T13:11:15.188+0000] {connection_wrapper.py:384} INFO - AWS Connection (conn_id='minio_finance', conn_type='aws') credentials retrieved from login and password.
[2026-01-19T13:11:15.322+0000] {logging_mixin.py:188} INFO - ✓ Read 8190 rows from bctc/2025-12-30/batch_178.csv
[2026-01-19T13:11:15.329+0000] {base.py:84} INFO - Using connection ID 'minio_finance' for task execution.
[2026-01-19T13:11:15.330+0000] {connection_wrapper.py:384} INFO - AWS Connection (conn_id='minio_finance', conn_type='aws') credentials retrieved from login and password.
[2026-01-19T13:11:15.453+0000] {logging_mixin.py:188} INFO - ✓ Read 6242 rows from bctc/2025-12-30/batch_179.csv
[2026-01-19T13:11:15.460+0000] {base.py:84} INFO - Using connection ID 'minio_finance' for task execution.
[2026-01-19T13:11:15.461+0000] {connection_wrapper.py:384} INFO - AWS Connection (conn_id='minio_finance', conn_type='aws') credentials retrieved from login and password.
[2026-01-19T13:11:15.609+0000] {logging_mixin.py:188} INFO - ✓ Read 6774 rows from bctc/2025-12-30/batch_18.csv
[2026-01-19T13:11:15.616+0000] {base.py:84} INFO - Using connection ID 'minio_finance' for task execution.
[2026-01-19T13:11:15.617+0000] {connection_wrapper.py:384} INFO - AWS Connection (conn_id='minio_finance', conn_type='aws') credentials retrieved from login and password.
[2026-01-19T13:11:15.760+0000] {logging_mixin.py:188} INFO - ✓ Read 5263 rows from bctc/2025-12-30/batch_180.csv
[2026-01-19T13:11:15.767+0000] {base.py:84} INFO - Using connection ID 'minio_finance' for task execution.
[2026-01-19T13:11:15.767+0000] {connection_wrapper.py:384} INFO - AWS Connection (conn_id='minio_finance', conn_type='aws') credentials retrieved from login and password.
[2026-01-19T13:11:15.912+0000] {logging_mixin.py:188} INFO - ✓ Read 8623 rows from bctc/2025-12-30/batch_181.csv
[2026-01-19T13:11:15.919+0000] {base.py:84} INFO - Using connection ID 'minio_finance' for task execution.
[2026-01-19T13:11:15.920+0000] {connection_wrapper.py:384} INFO - AWS Connection (conn_id='minio_finance', conn_type='aws') credentials retrieved from login and password.
[2026-01-19T13:11:16.037+0000] {logging_mixin.py:188} INFO - ✓ Read 6396 rows from bctc/2025-12-30/batch_182.csv
[2026-01-19T13:11:16.045+0000] {base.py:84} INFO - Using connection ID 'minio_finance' for task execution.
[2026-01-19T13:11:16.046+0000] {connection_wrapper.py:384} INFO - AWS Connection (conn_id='minio_finance', conn_type='aws') credentials retrieved from login and password.
[2026-01-19T13:11:16.200+0000] {logging_mixin.py:188} INFO - ✓ Read 9020 rows from bctc/2025-12-30/batch_183.csv
[2026-01-19T13:11:16.209+0000] {base.py:84} INFO - Using connection ID 'minio_finance' for task execution.
[2026-01-19T13:11:16.210+0000] {connection_wrapper.py:384} INFO - AWS Connection (conn_id='minio_finance', conn_type='aws') credentials retrieved from login and password.
[2026-01-19T13:11:16.371+0000] {logging_mixin.py:188} INFO - ✓ Read 8121 rows from bctc/2025-12-30/batch_184.csv
[2026-01-19T13:11:16.379+0000] {base.py:84} INFO - Using connection ID 'minio_finance' for task execution.
[2026-01-19T13:11:16.379+0000] {connection_wrapper.py:384} INFO - AWS Connection (conn_id='minio_finance', conn_type='aws') credentials retrieved from login and password.
[2026-01-19T13:11:16.522+0000] {logging_mixin.py:188} INFO - ✓ Read 9512 rows from bctc/2025-12-30/batch_185.csv
[2026-01-19T13:11:16.529+0000] {base.py:84} INFO - Using connection ID 'minio_finance' for task execution.
[2026-01-19T13:11:16.530+0000] {connection_wrapper.py:384} INFO - AWS Connection (conn_id='minio_finance', conn_type='aws') credentials retrieved from login and password.
[2026-01-19T13:11:16.652+0000] {logging_mixin.py:188} INFO - ✓ Read 2376 rows from bctc/2025-12-30/batch_186.csv
[2026-01-19T13:11:16.659+0000] {base.py:84} INFO - Using connection ID 'minio_finance' for task execution.
[2026-01-19T13:11:16.660+0000] {connection_wrapper.py:384} INFO - AWS Connection (conn_id='minio_finance', conn_type='aws') credentials retrieved from login and password.
[2026-01-19T13:11:17.262+0000] {logging_mixin.py:188} INFO - ✓ Read 9865 rows from bctc/2025-12-30/batch_187.csv
[2026-01-19T13:11:17.269+0000] {base.py:84} INFO - Using connection ID 'minio_finance' for task execution.
[2026-01-19T13:11:17.270+0000] {connection_wrapper.py:384} INFO - AWS Connection (conn_id='minio_finance', conn_type='aws') credentials retrieved from login and password.
[2026-01-19T13:11:17.399+0000] {logging_mixin.py:188} INFO - ✓ Read 7693 rows from bctc/2025-12-30/batch_188.csv
[2026-01-19T13:11:17.407+0000] {base.py:84} INFO - Using connection ID 'minio_finance' for task execution.
[2026-01-19T13:11:17.407+0000] {connection_wrapper.py:384} INFO - AWS Connection (conn_id='minio_finance', conn_type='aws') credentials retrieved from login and password.
[2026-01-19T13:11:17.554+0000] {logging_mixin.py:188} INFO - ✓ Read 8343 rows from bctc/2025-12-30/batch_189.csv
[2026-01-19T13:11:17.562+0000] {base.py:84} INFO - Using connection ID 'minio_finance' for task execution.
[2026-01-19T13:11:17.563+0000] {connection_wrapper.py:384} INFO - AWS Connection (conn_id='minio_finance', conn_type='aws') credentials retrieved from login and password.
[2026-01-19T13:11:17.708+0000] {logging_mixin.py:188} INFO - ✓ Read 10786 rows from bctc/2025-12-30/batch_19.csv
[2026-01-19T13:11:17.715+0000] {base.py:84} INFO - Using connection ID 'minio_finance' for task execution.
[2026-01-19T13:11:17.715+0000] {connection_wrapper.py:384} INFO - AWS Connection (conn_id='minio_finance', conn_type='aws') credentials retrieved from login and password.
[2026-01-19T13:11:17.855+0000] {logging_mixin.py:188} INFO - ✓ Read 3162 rows from bctc/2025-12-30/batch_190.csv
[2026-01-19T13:11:17.862+0000] {base.py:84} INFO - Using connection ID 'minio_finance' for task execution.
[2026-01-19T13:11:17.863+0000] {connection_wrapper.py:384} INFO - AWS Connection (conn_id='minio_finance', conn_type='aws') credentials retrieved from login and password.
[2026-01-19T13:11:18.016+0000] {logging_mixin.py:188} INFO - ✓ Read 12008 rows from bctc/2025-12-30/batch_191.csv
[2026-01-19T13:11:18.024+0000] {base.py:84} INFO - Using connection ID 'minio_finance' for task execution.
[2026-01-19T13:11:18.025+0000] {connection_wrapper.py:384} INFO - AWS Connection (conn_id='minio_finance', conn_type='aws') credentials retrieved from login and password.
[2026-01-19T13:11:18.159+0000] {logging_mixin.py:188} INFO - ✓ Read 6576 rows from bctc/2025-12-30/batch_192.csv
[2026-01-19T13:11:18.166+0000] {base.py:84} INFO - Using connection ID 'minio_finance' for task execution.
[2026-01-19T13:11:18.167+0000] {connection_wrapper.py:384} INFO - AWS Connection (conn_id='minio_finance', conn_type='aws') credentials retrieved from login and password.
[2026-01-19T13:11:18.284+0000] {logging_mixin.py:188} INFO - ✓ Read 2291 rows from bctc/2025-12-30/batch_193.csv
[2026-01-19T13:11:18.291+0000] {base.py:84} INFO - Using connection ID 'minio_finance' for task execution.
[2026-01-19T13:11:18.292+0000] {connection_wrapper.py:384} INFO - AWS Connection (conn_id='minio_finance', conn_type='aws') credentials retrieved from login and password.
[2026-01-19T13:11:18.483+0000] {logging_mixin.py:188} INFO - ✓ Read 12700 rows from bctc/2025-12-30/batch_194.csv
[2026-01-19T13:11:18.493+0000] {base.py:84} INFO - Using connection ID 'minio_finance' for task execution.
[2026-01-19T13:11:18.494+0000] {connection_wrapper.py:384} INFO - AWS Connection (conn_id='minio_finance', conn_type='aws') credentials retrieved from login and password.
[2026-01-19T13:11:18.611+0000] {logging_mixin.py:188} INFO - ✓ Read 63 rows from bctc/2025-12-30/batch_195.csv
[2026-01-19T13:11:18.620+0000] {base.py:84} INFO - Using connection ID 'minio_finance' for task execution.
[2026-01-19T13:11:18.621+0000] {connection_wrapper.py:384} INFO - AWS Connection (conn_id='minio_finance', conn_type='aws') credentials retrieved from login and password.
[2026-01-19T13:11:18.761+0000] {logging_mixin.py:188} INFO - ✓ Read 8634 rows from bctc/2025-12-30/batch_196.csv
[2026-01-19T13:11:18.773+0000] {base.py:84} INFO - Using connection ID 'minio_finance' for task execution.
[2026-01-19T13:11:18.774+0000] {connection_wrapper.py:384} INFO - AWS Connection (conn_id='minio_finance', conn_type='aws') credentials retrieved from login and password.
[2026-01-19T13:11:18.945+0000] {logging_mixin.py:188} INFO - ✓ Read 8016 rows from bctc/2025-12-30/batch_197.csv
[2026-01-19T13:11:18.957+0000] {base.py:84} INFO - Using connection ID 'minio_finance' for task execution.
[2026-01-19T13:11:18.958+0000] {connection_wrapper.py:384} INFO - AWS Connection (conn_id='minio_finance', conn_type='aws') credentials retrieved from login and password.
[2026-01-19T13:11:19.133+0000] {logging_mixin.py:188} INFO - ✓ Read 11329 rows from bctc/2025-12-30/batch_198.csv
[2026-01-19T13:11:19.143+0000] {base.py:84} INFO - Using connection ID 'minio_finance' for task execution.
[2026-01-19T13:11:19.144+0000] {connection_wrapper.py:384} INFO - AWS Connection (conn_id='minio_finance', conn_type='aws') credentials retrieved from login and password.
[2026-01-19T13:11:19.293+0000] {logging_mixin.py:188} INFO - ✓ Read 9066 rows from bctc/2025-12-30/batch_199.csv
[2026-01-19T13:11:19.301+0000] {base.py:84} INFO - Using connection ID 'minio_finance' for task execution.
[2026-01-19T13:11:19.302+0000] {connection_wrapper.py:384} INFO - AWS Connection (conn_id='minio_finance', conn_type='aws') credentials retrieved from login and password.
[2026-01-19T13:11:19.932+0000] {logging_mixin.py:188} INFO - ✓ Read 4848 rows from bctc/2025-12-30/batch_2.csv
[2026-01-19T13:11:19.941+0000] {base.py:84} INFO - Using connection ID 'minio_finance' for task execution.
[2026-01-19T13:11:19.942+0000] {connection_wrapper.py:384} INFO - AWS Connection (conn_id='minio_finance', conn_type='aws') credentials retrieved from login and password.
[2026-01-19T13:11:20.152+0000] {logging_mixin.py:188} INFO - ✓ Read 10411 rows from bctc/2025-12-30/batch_20.csv
[2026-01-19T13:11:20.162+0000] {base.py:84} INFO - Using connection ID 'minio_finance' for task execution.
[2026-01-19T13:11:20.163+0000] {connection_wrapper.py:384} INFO - AWS Connection (conn_id='minio_finance', conn_type='aws') credentials retrieved from login and password.
[2026-01-19T13:11:20.357+0000] {logging_mixin.py:188} INFO - ✓ Read 2997 rows from bctc/2025-12-30/batch_200.csv
[2026-01-19T13:11:20.365+0000] {base.py:84} INFO - Using connection ID 'minio_finance' for task execution.
[2026-01-19T13:11:20.366+0000] {connection_wrapper.py:384} INFO - AWS Connection (conn_id='minio_finance', conn_type='aws') credentials retrieved from login and password.
[2026-01-19T13:11:20.597+0000] {logging_mixin.py:188} INFO - ✓ Read 13345 rows from bctc/2025-12-30/batch_201.csv
[2026-01-19T13:11:20.608+0000] {base.py:84} INFO - Using connection ID 'minio_finance' for task execution.
[2026-01-19T13:11:20.609+0000] {connection_wrapper.py:384} INFO - AWS Connection (conn_id='minio_finance', conn_type='aws') credentials retrieved from login and password.
[2026-01-19T13:11:20.797+0000] {logging_mixin.py:188} INFO - ✓ Read 13706 rows from bctc/2025-12-30/batch_202.csv
[2026-01-19T13:11:20.808+0000] {base.py:84} INFO - Using connection ID 'minio_finance' for task execution.
[2026-01-19T13:11:20.809+0000] {connection_wrapper.py:384} INFO - AWS Connection (conn_id='minio_finance', conn_type='aws') credentials retrieved from login and password.
[2026-01-19T13:11:20.977+0000] {logging_mixin.py:188} INFO - ✓ Read 8423 rows from bctc/2025-12-30/batch_203.csv
[2026-01-19T13:11:20.987+0000] {base.py:84} INFO - Using connection ID 'minio_finance' for task execution.
[2026-01-19T13:11:20.988+0000] {connection_wrapper.py:384} INFO - AWS Connection (conn_id='minio_finance', conn_type='aws') credentials retrieved from login and password.
[2026-01-19T13:11:21.170+0000] {logging_mixin.py:188} INFO - ✓ Read 12264 rows from bctc/2025-12-30/batch_204.csv
[2026-01-19T13:11:21.188+0000] {base.py:84} INFO - Using connection ID 'minio_finance' for task execution.
[2026-01-19T13:11:21.189+0000] {connection_wrapper.py:384} INFO - AWS Connection (conn_id='minio_finance', conn_type='aws') credentials retrieved from login and password.
[2026-01-19T13:11:21.379+0000] {logging_mixin.py:188} INFO - ✓ Read 12534 rows from bctc/2025-12-30/batch_205.csv
[2026-01-19T13:11:21.389+0000] {base.py:84} INFO - Using connection ID 'minio_finance' for task execution.
[2026-01-19T13:11:21.390+0000] {connection_wrapper.py:384} INFO - AWS Connection (conn_id='minio_finance', conn_type='aws') credentials retrieved from login and password.
[2026-01-19T13:11:21.623+0000] {logging_mixin.py:188} INFO - ✓ Read 11823 rows from bctc/2025-12-30/batch_206.csv
[2026-01-19T13:11:21.647+0000] {base.py:84} INFO - Using connection ID 'minio_finance' for task execution.
[2026-01-19T13:11:21.648+0000] {connection_wrapper.py:384} INFO - AWS Connection (conn_id='minio_finance', conn_type='aws') credentials retrieved from login and password.
[2026-01-19T13:11:21.861+0000] {logging_mixin.py:188} INFO - ✓ Read 9063 rows from bctc/2025-12-30/batch_207.csv
[2026-01-19T13:11:21.874+0000] {base.py:84} INFO - Using connection ID 'minio_finance' for task execution.
[2026-01-19T13:11:21.875+0000] {connection_wrapper.py:384} INFO - AWS Connection (conn_id='minio_finance', conn_type='aws') credentials retrieved from login and password.
[2026-01-19T13:11:22.010+0000] {logging_mixin.py:188} INFO - ✓ Read 4862 rows from bctc/2025-12-30/batch_208.csv
[2026-01-19T13:11:22.020+0000] {base.py:84} INFO - Using connection ID 'minio_finance' for task execution.
[2026-01-19T13:11:22.022+0000] {connection_wrapper.py:384} INFO - AWS Connection (conn_id='minio_finance', conn_type='aws') credentials retrieved from login and password.
[2026-01-19T13:11:22.202+0000] {logging_mixin.py:188} INFO - ✓ Read 730 rows from bctc/2025-12-30/batch_209.csv
[2026-01-19T13:11:22.215+0000] {base.py:84} INFO - Using connection ID 'minio_finance' for task execution.
[2026-01-19T13:11:22.216+0000] {connection_wrapper.py:384} INFO - AWS Connection (conn_id='minio_finance', conn_type='aws') credentials retrieved from login and password.
[2026-01-19T13:11:22.465+0000] {logging_mixin.py:188} INFO - ✓ Read 4042 rows from bctc/2025-12-30/batch_21.csv
[2026-01-19T13:11:22.475+0000] {base.py:84} INFO - Using connection ID 'minio_finance' for task execution.
[2026-01-19T13:11:22.476+0000] {connection_wrapper.py:384} INFO - AWS Connection (conn_id='minio_finance', conn_type='aws') credentials retrieved from login and password.
[2026-01-19T13:11:23.220+0000] {logging_mixin.py:188} INFO - ✓ Read 9994 rows from bctc/2025-12-30/batch_210.csv
[2026-01-19T13:11:23.228+0000] {base.py:84} INFO - Using connection ID 'minio_finance' for task execution.
[2026-01-19T13:11:23.229+0000] {connection_wrapper.py:384} INFO - AWS Connection (conn_id='minio_finance', conn_type='aws') credentials retrieved from login and password.
[2026-01-19T13:11:23.389+0000] {logging_mixin.py:188} INFO - ✓ Read 6900 rows from bctc/2025-12-30/batch_211.csv
[2026-01-19T13:11:23.397+0000] {base.py:84} INFO - Using connection ID 'minio_finance' for task execution.
[2026-01-19T13:11:23.399+0000] {connection_wrapper.py:384} INFO - AWS Connection (conn_id='minio_finance', conn_type='aws') credentials retrieved from login and password.
[2026-01-19T13:11:23.573+0000] {logging_mixin.py:188} INFO - ✓ Read 13146 rows from bctc/2025-12-30/batch_212.csv
[2026-01-19T13:11:23.580+0000] {base.py:84} INFO - Using connection ID 'minio_finance' for task execution.
[2026-01-19T13:11:23.581+0000] {connection_wrapper.py:384} INFO - AWS Connection (conn_id='minio_finance', conn_type='aws') credentials retrieved from login and password.
[2026-01-19T13:11:23.700+0000] {logging_mixin.py:188} INFO - ✓ Read 7540 rows from bctc/2025-12-30/batch_213.csv
[2026-01-19T13:11:23.708+0000] {base.py:84} INFO - Using connection ID 'minio_finance' for task execution.
[2026-01-19T13:11:23.709+0000] {connection_wrapper.py:384} INFO - AWS Connection (conn_id='minio_finance', conn_type='aws') credentials retrieved from login and password.
[2026-01-19T13:11:23.864+0000] {logging_mixin.py:188} INFO - ✓ Read 7521 rows from bctc/2025-12-30/batch_214.csv
[2026-01-19T13:11:23.872+0000] {base.py:84} INFO - Using connection ID 'minio_finance' for task execution.
[2026-01-19T13:11:23.873+0000] {connection_wrapper.py:384} INFO - AWS Connection (conn_id='minio_finance', conn_type='aws') credentials retrieved from login and password.
[2026-01-19T13:11:24.034+0000] {logging_mixin.py:188} INFO - ✓ Read 12467 rows from bctc/2025-12-30/batch_215.csv
[2026-01-19T13:11:24.042+0000] {base.py:84} INFO - Using connection ID 'minio_finance' for task execution.
[2026-01-19T13:11:24.042+0000] {connection_wrapper.py:384} INFO - AWS Connection (conn_id='minio_finance', conn_type='aws') credentials retrieved from login and password.
[2026-01-19T13:11:24.183+0000] {logging_mixin.py:188} INFO - ✓ Read 5786 rows from bctc/2025-12-30/batch_216.csv
[2026-01-19T13:11:24.191+0000] {base.py:84} INFO - Using connection ID 'minio_finance' for task execution.
[2026-01-19T13:11:24.192+0000] {connection_wrapper.py:384} INFO - AWS Connection (conn_id='minio_finance', conn_type='aws') credentials retrieved from login and password.
[2026-01-19T13:11:24.319+0000] {logging_mixin.py:188} INFO - ✓ Read 7084 rows from bctc/2025-12-30/batch_217.csv
[2026-01-19T13:11:24.328+0000] {base.py:84} INFO - Using connection ID 'minio_finance' for task execution.
[2026-01-19T13:11:24.329+0000] {connection_wrapper.py:384} INFO - AWS Connection (conn_id='minio_finance', conn_type='aws') credentials retrieved from login and password.
[2026-01-19T13:11:24.459+0000] {logging_mixin.py:188} INFO - ✓ Read 7938 rows from bctc/2025-12-30/batch_218.csv
[2026-01-19T13:11:24.468+0000] {base.py:84} INFO - Using connection ID 'minio_finance' for task execution.
[2026-01-19T13:11:24.469+0000] {connection_wrapper.py:384} INFO - AWS Connection (conn_id='minio_finance', conn_type='aws') credentials retrieved from login and password.
[2026-01-19T13:11:24.595+0000] {logging_mixin.py:188} INFO - ✓ Read 12237 rows from bctc/2025-12-30/batch_219.csv
[2026-01-19T13:11:24.602+0000] {base.py:84} INFO - Using connection ID 'minio_finance' for task execution.
[2026-01-19T13:11:24.603+0000] {connection_wrapper.py:384} INFO - AWS Connection (conn_id='minio_finance', conn_type='aws') credentials retrieved from login and password.
[2026-01-19T13:11:24.745+0000] {logging_mixin.py:188} INFO - ✓ Read 10397 rows from bctc/2025-12-30/batch_22.csv
[2026-01-19T13:11:24.754+0000] {base.py:84} INFO - Using connection ID 'minio_finance' for task execution.
[2026-01-19T13:11:24.755+0000] {connection_wrapper.py:384} INFO - AWS Connection (conn_id='minio_finance', conn_type='aws') credentials retrieved from login and password.
[2026-01-19T13:11:24.906+0000] {logging_mixin.py:188} INFO - ✓ Read 12333 rows from bctc/2025-12-30/batch_220.csv
[2026-01-19T13:11:24.914+0000] {base.py:84} INFO - Using connection ID 'minio_finance' for task execution.
[2026-01-19T13:11:24.915+0000] {connection_wrapper.py:384} INFO - AWS Connection (conn_id='minio_finance', conn_type='aws') credentials retrieved from login and password.
[2026-01-19T13:11:25.045+0000] {logging_mixin.py:188} INFO - ✓ Read 10971 rows from bctc/2025-12-30/batch_221.csv
[2026-01-19T13:11:25.053+0000] {base.py:84} INFO - Using connection ID 'minio_finance' for task execution.
[2026-01-19T13:11:25.054+0000] {connection_wrapper.py:384} INFO - AWS Connection (conn_id='minio_finance', conn_type='aws') credentials retrieved from login and password.
[2026-01-19T13:11:25.642+0000] {logging_mixin.py:188} INFO - ✓ Read 3927 rows from bctc/2025-12-30/batch_222.csv
[2026-01-19T13:11:25.649+0000] {base.py:84} INFO - Using connection ID 'minio_finance' for task execution.
[2026-01-19T13:11:25.650+0000] {connection_wrapper.py:384} INFO - AWS Connection (conn_id='minio_finance', conn_type='aws') credentials retrieved from login and password.
[2026-01-19T13:11:25.773+0000] {logging_mixin.py:188} INFO - ✓ Read 7185 rows from bctc/2025-12-30/batch_223.csv
[2026-01-19T13:11:25.782+0000] {base.py:84} INFO - Using connection ID 'minio_finance' for task execution.
[2026-01-19T13:11:25.783+0000] {connection_wrapper.py:384} INFO - AWS Connection (conn_id='minio_finance', conn_type='aws') credentials retrieved from login and password.
[2026-01-19T13:11:25.949+0000] {logging_mixin.py:188} INFO - ✓ Read 7962 rows from bctc/2025-12-30/batch_224.csv
[2026-01-19T13:11:25.957+0000] {base.py:84} INFO - Using connection ID 'minio_finance' for task execution.
[2026-01-19T13:11:25.958+0000] {connection_wrapper.py:384} INFO - AWS Connection (conn_id='minio_finance', conn_type='aws') credentials retrieved from login and password.
[2026-01-19T13:11:26.097+0000] {logging_mixin.py:188} INFO - ✓ Read 8310 rows from bctc/2025-12-30/batch_225.csv
[2026-01-19T13:11:26.103+0000] {base.py:84} INFO - Using connection ID 'minio_finance' for task execution.
[2026-01-19T13:11:26.104+0000] {connection_wrapper.py:384} INFO - AWS Connection (conn_id='minio_finance', conn_type='aws') credentials retrieved from login and password.
[2026-01-19T13:11:26.237+0000] {logging_mixin.py:188} INFO - ✓ Read 6813 rows from bctc/2025-12-30/batch_226.csv
[2026-01-19T13:11:26.246+0000] {base.py:84} INFO - Using connection ID 'minio_finance' for task execution.
[2026-01-19T13:11:26.247+0000] {connection_wrapper.py:384} INFO - AWS Connection (conn_id='minio_finance', conn_type='aws') credentials retrieved from login and password.
[2026-01-19T13:11:26.396+0000] {logging_mixin.py:188} INFO - ✓ Read 11125 rows from bctc/2025-12-30/batch_227.csv
[2026-01-19T13:11:26.404+0000] {base.py:84} INFO - Using connection ID 'minio_finance' for task execution.
[2026-01-19T13:11:26.405+0000] {connection_wrapper.py:384} INFO - AWS Connection (conn_id='minio_finance', conn_type='aws') credentials retrieved from login and password.
[2026-01-19T13:11:26.526+0000] {logging_mixin.py:188} INFO - ✓ Read 4478 rows from bctc/2025-12-30/batch_228.csv
[2026-01-19T13:11:26.533+0000] {base.py:84} INFO - Using connection ID 'minio_finance' for task execution.
[2026-01-19T13:11:26.534+0000] {connection_wrapper.py:384} INFO - AWS Connection (conn_id='minio_finance', conn_type='aws') credentials retrieved from login and password.
[2026-01-19T13:11:26.648+0000] {logging_mixin.py:188} INFO - ✓ Read 5555 rows from bctc/2025-12-30/batch_229.csv
[2026-01-19T13:11:26.655+0000] {base.py:84} INFO - Using connection ID 'minio_finance' for task execution.
[2026-01-19T13:11:26.656+0000] {connection_wrapper.py:384} INFO - AWS Connection (conn_id='minio_finance', conn_type='aws') credentials retrieved from login and password.
[2026-01-19T13:11:26.804+0000] {logging_mixin.py:188} INFO - ✓ Read 6566 rows from bctc/2025-12-30/batch_23.csv
[2026-01-19T13:11:26.811+0000] {base.py:84} INFO - Using connection ID 'minio_finance' for task execution.
[2026-01-19T13:11:26.812+0000] {connection_wrapper.py:384} INFO - AWS Connection (conn_id='minio_finance', conn_type='aws') credentials retrieved from login and password.
[2026-01-19T13:11:26.954+0000] {logging_mixin.py:188} INFO - ✓ Read 12393 rows from bctc/2025-12-30/batch_230.csv
[2026-01-19T13:11:26.962+0000] {base.py:84} INFO - Using connection ID 'minio_finance' for task execution.
[2026-01-19T13:11:26.963+0000] {connection_wrapper.py:384} INFO - AWS Connection (conn_id='minio_finance', conn_type='aws') credentials retrieved from login and password.
[2026-01-19T13:11:27.105+0000] {logging_mixin.py:188} INFO - ✓ Read 8347 rows from bctc/2025-12-30/batch_231.csv
[2026-01-19T13:11:27.114+0000] {base.py:84} INFO - Using connection ID 'minio_finance' for task execution.
[2026-01-19T13:11:27.116+0000] {connection_wrapper.py:384} INFO - AWS Connection (conn_id='minio_finance', conn_type='aws') credentials retrieved from login and password.
[2026-01-19T13:11:27.282+0000] {logging_mixin.py:188} INFO - ✓ Read 11492 rows from bctc/2025-12-30/batch_232.csv
[2026-01-19T13:11:27.291+0000] {base.py:84} INFO - Using connection ID 'minio_finance' for task execution.
[2026-01-19T13:11:27.292+0000] {connection_wrapper.py:384} INFO - AWS Connection (conn_id='minio_finance', conn_type='aws') credentials retrieved from login and password.
[2026-01-19T13:11:27.429+0000] {logging_mixin.py:188} INFO - ✓ Read 10611 rows from bctc/2025-12-30/batch_233.csv
[2026-01-19T13:11:27.437+0000] {base.py:84} INFO - Using connection ID 'minio_finance' for task execution.
[2026-01-19T13:11:27.438+0000] {connection_wrapper.py:384} INFO - AWS Connection (conn_id='minio_finance', conn_type='aws') credentials retrieved from login and password.
[2026-01-19T13:11:27.578+0000] {logging_mixin.py:188} INFO - ✓ Read 13063 rows from bctc/2025-12-30/batch_234.csv
[2026-01-19T13:11:27.585+0000] {base.py:84} INFO - Using connection ID 'minio_finance' for task execution.
[2026-01-19T13:11:27.586+0000] {connection_wrapper.py:384} INFO - AWS Connection (conn_id='minio_finance', conn_type='aws') credentials retrieved from login and password.
[2026-01-19T13:11:28.197+0000] {logging_mixin.py:188} INFO - ✓ Read 10841 rows from bctc/2025-12-30/batch_235.csv
[2026-01-19T13:11:28.204+0000] {base.py:84} INFO - Using connection ID 'minio_finance' for task execution.
[2026-01-19T13:11:28.205+0000] {connection_wrapper.py:384} INFO - AWS Connection (conn_id='minio_finance', conn_type='aws') credentials retrieved from login and password.
[2026-01-19T13:11:28.356+0000] {logging_mixin.py:188} INFO - ✓ Read 12692 rows from bctc/2025-12-30/batch_236.csv
[2026-01-19T13:11:28.363+0000] {base.py:84} INFO - Using connection ID 'minio_finance' for task execution.
[2026-01-19T13:11:28.364+0000] {connection_wrapper.py:384} INFO - AWS Connection (conn_id='minio_finance', conn_type='aws') credentials retrieved from login and password.
[2026-01-19T13:11:28.492+0000] {logging_mixin.py:188} INFO - ✓ Read 9297 rows from bctc/2025-12-30/batch_237.csv
[2026-01-19T13:11:28.501+0000] {base.py:84} INFO - Using connection ID 'minio_finance' for task execution.
[2026-01-19T13:11:28.501+0000] {connection_wrapper.py:384} INFO - AWS Connection (conn_id='minio_finance', conn_type='aws') credentials retrieved from login and password.
[2026-01-19T13:11:28.630+0000] {logging_mixin.py:188} INFO - ✓ Read 6573 rows from bctc/2025-12-30/batch_238.csv
[2026-01-19T13:11:28.638+0000] {base.py:84} INFO - Using connection ID 'minio_finance' for task execution.
[2026-01-19T13:11:28.639+0000] {connection_wrapper.py:384} INFO - AWS Connection (conn_id='minio_finance', conn_type='aws') credentials retrieved from login and password.
[2026-01-19T13:11:28.794+0000] {logging_mixin.py:188} INFO - ✓ Read 8658 rows from bctc/2025-12-30/batch_239.csv
[2026-01-19T13:11:28.801+0000] {base.py:84} INFO - Using connection ID 'minio_finance' for task execution.
[2026-01-19T13:11:28.802+0000] {connection_wrapper.py:384} INFO - AWS Connection (conn_id='minio_finance', conn_type='aws') credentials retrieved from login and password.
[2026-01-19T13:11:28.975+0000] {logging_mixin.py:188} INFO - ✓ Read 11976 rows from bctc/2025-12-30/batch_24.csv
[2026-01-19T13:11:28.983+0000] {base.py:84} INFO - Using connection ID 'minio_finance' for task execution.
[2026-01-19T13:11:28.984+0000] {connection_wrapper.py:384} INFO - AWS Connection (conn_id='minio_finance', conn_type='aws') credentials retrieved from login and password.
[2026-01-19T13:11:29.154+0000] {logging_mixin.py:188} INFO - ✓ Read 11504 rows from bctc/2025-12-30/batch_240.csv
[2026-01-19T13:11:29.161+0000] {base.py:84} INFO - Using connection ID 'minio_finance' for task execution.
[2026-01-19T13:11:29.162+0000] {connection_wrapper.py:384} INFO - AWS Connection (conn_id='minio_finance', conn_type='aws') credentials retrieved from login and password.
[2026-01-19T13:11:29.301+0000] {logging_mixin.py:188} INFO - ✓ Read 6115 rows from bctc/2025-12-30/batch_241.csv
[2026-01-19T13:11:29.310+0000] {base.py:84} INFO - Using connection ID 'minio_finance' for task execution.
[2026-01-19T13:11:29.311+0000] {connection_wrapper.py:384} INFO - AWS Connection (conn_id='minio_finance', conn_type='aws') credentials retrieved from login and password.
[2026-01-19T13:11:29.437+0000] {logging_mixin.py:188} INFO - ✓ Read 6468 rows from bctc/2025-12-30/batch_242.csv
[2026-01-19T13:11:29.444+0000] {base.py:84} INFO - Using connection ID 'minio_finance' for task execution.
[2026-01-19T13:11:29.445+0000] {connection_wrapper.py:384} INFO - AWS Connection (conn_id='minio_finance', conn_type='aws') credentials retrieved from login and password.
[2026-01-19T13:11:29.578+0000] {logging_mixin.py:188} INFO - ✓ Read 8168 rows from bctc/2025-12-30/batch_243.csv
[2026-01-19T13:11:29.585+0000] {base.py:84} INFO - Using connection ID 'minio_finance' for task execution.
[2026-01-19T13:11:29.586+0000] {connection_wrapper.py:384} INFO - AWS Connection (conn_id='minio_finance', conn_type='aws') credentials retrieved from login and password.
[2026-01-19T13:11:29.713+0000] {logging_mixin.py:188} INFO - ✓ Read 9236 rows from bctc/2025-12-30/batch_244.csv
[2026-01-19T13:11:29.720+0000] {base.py:84} INFO - Using connection ID 'minio_finance' for task execution.
[2026-01-19T13:11:29.721+0000] {connection_wrapper.py:384} INFO - AWS Connection (conn_id='minio_finance', conn_type='aws') credentials retrieved from login and password.
[2026-01-19T13:11:29.837+0000] {logging_mixin.py:188} INFO - ✓ Read 6681 rows from bctc/2025-12-30/batch_245.csv
[2026-01-19T13:11:29.844+0000] {base.py:84} INFO - Using connection ID 'minio_finance' for task execution.
[2026-01-19T13:11:29.845+0000] {connection_wrapper.py:384} INFO - AWS Connection (conn_id='minio_finance', conn_type='aws') credentials retrieved from login and password.
[2026-01-19T13:11:29.991+0000] {logging_mixin.py:188} INFO - ✓ Read 10218 rows from bctc/2025-12-30/batch_246.csv
[2026-01-19T13:11:29.999+0000] {base.py:84} INFO - Using connection ID 'minio_finance' for task execution.
[2026-01-19T13:11:30.000+0000] {connection_wrapper.py:384} INFO - AWS Connection (conn_id='minio_finance', conn_type='aws') credentials retrieved from login and password.
[2026-01-19T13:11:30.709+0000] {logging_mixin.py:188} INFO - ✓ Read 9078 rows from bctc/2025-12-30/batch_247.csv
[2026-01-19T13:11:30.715+0000] {base.py:84} INFO - Using connection ID 'minio_finance' for task execution.
[2026-01-19T13:11:30.716+0000] {connection_wrapper.py:384} INFO - AWS Connection (conn_id='minio_finance', conn_type='aws') credentials retrieved from login and password.
[2026-01-19T13:11:30.871+0000] {logging_mixin.py:188} INFO - ✓ Read 12198 rows from bctc/2025-12-30/batch_248.csv
[2026-01-19T13:11:30.879+0000] {base.py:84} INFO - Using connection ID 'minio_finance' for task execution.
[2026-01-19T13:11:30.880+0000] {connection_wrapper.py:384} INFO - AWS Connection (conn_id='minio_finance', conn_type='aws') credentials retrieved from login and password.
[2026-01-19T13:11:31.011+0000] {logging_mixin.py:188} INFO - ✓ Read 8837 rows from bctc/2025-12-30/batch_249.csv
[2026-01-19T13:11:31.019+0000] {base.py:84} INFO - Using connection ID 'minio_finance' for task execution.
[2026-01-19T13:11:31.020+0000] {connection_wrapper.py:384} INFO - AWS Connection (conn_id='minio_finance', conn_type='aws') credentials retrieved from login and password.
[2026-01-19T13:11:31.162+0000] {logging_mixin.py:188} INFO - ✓ Read 7685 rows from bctc/2025-12-30/batch_25.csv
[2026-01-19T13:11:31.169+0000] {base.py:84} INFO - Using connection ID 'minio_finance' for task execution.
[2026-01-19T13:11:31.170+0000] {connection_wrapper.py:384} INFO - AWS Connection (conn_id='minio_finance', conn_type='aws') credentials retrieved from login and password.
[2026-01-19T13:11:31.285+0000] {logging_mixin.py:188} INFO - ✓ Read 4998 rows from bctc/2025-12-30/batch_250.csv
[2026-01-19T13:11:31.292+0000] {base.py:84} INFO - Using connection ID 'minio_finance' for task execution.
[2026-01-19T13:11:31.292+0000] {connection_wrapper.py:384} INFO - AWS Connection (conn_id='minio_finance', conn_type='aws') credentials retrieved from login and password.
[2026-01-19T13:11:31.456+0000] {logging_mixin.py:188} INFO - ✓ Read 7836 rows from bctc/2025-12-30/batch_251.csv
[2026-01-19T13:11:31.463+0000] {base.py:84} INFO - Using connection ID 'minio_finance' for task execution.
[2026-01-19T13:11:31.464+0000] {connection_wrapper.py:384} INFO - AWS Connection (conn_id='minio_finance', conn_type='aws') credentials retrieved from login and password.
[2026-01-19T13:11:31.619+0000] {logging_mixin.py:188} INFO - ✓ Read 4048 rows from bctc/2025-12-30/batch_252.csv
[2026-01-19T13:11:31.627+0000] {base.py:84} INFO - Using connection ID 'minio_finance' for task execution.
[2026-01-19T13:11:31.628+0000] {connection_wrapper.py:384} INFO - AWS Connection (conn_id='minio_finance', conn_type='aws') credentials retrieved from login and password.
[2026-01-19T13:11:31.761+0000] {logging_mixin.py:188} INFO - ✓ Read 9957 rows from bctc/2025-12-30/batch_253.csv
[2026-01-19T13:11:31.768+0000] {base.py:84} INFO - Using connection ID 'minio_finance' for task execution.
[2026-01-19T13:11:31.769+0000] {connection_wrapper.py:384} INFO - AWS Connection (conn_id='minio_finance', conn_type='aws') credentials retrieved from login and password.
[2026-01-19T13:11:31.914+0000] {logging_mixin.py:188} INFO - ✓ Read 3864 rows from bctc/2025-12-30/batch_254.csv
[2026-01-19T13:11:31.923+0000] {base.py:84} INFO - Using connection ID 'minio_finance' for task execution.
[2026-01-19T13:11:31.924+0000] {connection_wrapper.py:384} INFO - AWS Connection (conn_id='minio_finance', conn_type='aws') credentials retrieved from login and password.
[2026-01-19T13:11:32.057+0000] {logging_mixin.py:188} INFO - ✓ Read 8806 rows from bctc/2025-12-30/batch_255.csv
[2026-01-19T13:11:32.065+0000] {base.py:84} INFO - Using connection ID 'minio_finance' for task execution.
[2026-01-19T13:11:32.066+0000] {connection_wrapper.py:384} INFO - AWS Connection (conn_id='minio_finance', conn_type='aws') credentials retrieved from login and password.
[2026-01-19T13:11:32.187+0000] {logging_mixin.py:188} INFO - ✓ Read 3024 rows from bctc/2025-12-30/batch_256.csv
[2026-01-19T13:11:32.195+0000] {base.py:84} INFO - Using connection ID 'minio_finance' for task execution.
[2026-01-19T13:11:32.196+0000] {connection_wrapper.py:384} INFO - AWS Connection (conn_id='minio_finance', conn_type='aws') credentials retrieved from login and password.
[2026-01-19T13:11:32.340+0000] {logging_mixin.py:188} INFO - ✓ Read 8248 rows from bctc/2025-12-30/batch_257.csv
[2026-01-19T13:11:32.351+0000] {base.py:84} INFO - Using connection ID 'minio_finance' for task execution.
[2026-01-19T13:11:32.352+0000] {connection_wrapper.py:384} INFO - AWS Connection (conn_id='minio_finance', conn_type='aws') credentials retrieved from login and password.
[2026-01-19T13:11:32.519+0000] {logging_mixin.py:188} INFO - ✓ Read 7723 rows from bctc/2025-12-30/batch_258.csv
[2026-01-19T13:11:32.528+0000] {base.py:84} INFO - Using connection ID 'minio_finance' for task execution.
[2026-01-19T13:11:32.529+0000] {connection_wrapper.py:384} INFO - AWS Connection (conn_id='minio_finance', conn_type='aws') credentials retrieved from login and password.
[2026-01-19T13:11:33.186+0000] {logging_mixin.py:188} INFO - ✓ Read 7651 rows from bctc/2025-12-30/batch_259.csv
[2026-01-19T13:11:33.195+0000] {base.py:84} INFO - Using connection ID 'minio_finance' for task execution.
[2026-01-19T13:11:33.195+0000] {connection_wrapper.py:384} INFO - AWS Connection (conn_id='minio_finance', conn_type='aws') credentials retrieved from login and password.
[2026-01-19T13:11:33.346+0000] {logging_mixin.py:188} INFO - ✓ Read 8925 rows from bctc/2025-12-30/batch_26.csv
[2026-01-19T13:11:33.354+0000] {base.py:84} INFO - Using connection ID 'minio_finance' for task execution.
[2026-01-19T13:11:33.355+0000] {connection_wrapper.py:384} INFO - AWS Connection (conn_id='minio_finance', conn_type='aws') credentials retrieved from login and password.
[2026-01-19T13:11:33.481+0000] {logging_mixin.py:188} INFO - ✓ Read 3201 rows from bctc/2025-12-30/batch_260.csv
[2026-01-19T13:11:33.490+0000] {base.py:84} INFO - Using connection ID 'minio_finance' for task execution.
[2026-01-19T13:11:33.491+0000] {connection_wrapper.py:384} INFO - AWS Connection (conn_id='minio_finance', conn_type='aws') credentials retrieved from login and password.
[2026-01-19T13:11:33.649+0000] {logging_mixin.py:188} INFO - ✓ Read 8823 rows from bctc/2025-12-30/batch_261.csv
[2026-01-19T13:11:33.657+0000] {base.py:84} INFO - Using connection ID 'minio_finance' for task execution.
[2026-01-19T13:11:33.658+0000] {connection_wrapper.py:384} INFO - AWS Connection (conn_id='minio_finance', conn_type='aws') credentials retrieved from login and password.
[2026-01-19T13:11:33.801+0000] {logging_mixin.py:188} INFO - ✓ Read 5124 rows from bctc/2025-12-30/batch_262.csv
[2026-01-19T13:11:33.808+0000] {base.py:84} INFO - Using connection ID 'minio_finance' for task execution.
[2026-01-19T13:11:33.809+0000] {connection_wrapper.py:384} INFO - AWS Connection (conn_id='minio_finance', conn_type='aws') credentials retrieved from login and password.
[2026-01-19T13:11:33.956+0000] {logging_mixin.py:188} INFO - ✓ Read 6367 rows from bctc/2025-12-30/batch_263.csv
[2026-01-19T13:11:33.967+0000] {base.py:84} INFO - Using connection ID 'minio_finance' for task execution.
[2026-01-19T13:11:33.968+0000] {connection_wrapper.py:384} INFO - AWS Connection (conn_id='minio_finance', conn_type='aws') credentials retrieved from login and password.
[2026-01-19T13:11:34.146+0000] {logging_mixin.py:188} INFO - ✓ Read 11086 rows from bctc/2025-12-30/batch_264.csv
[2026-01-19T13:11:34.155+0000] {base.py:84} INFO - Using connection ID 'minio_finance' for task execution.
[2026-01-19T13:11:34.156+0000] {connection_wrapper.py:384} INFO - AWS Connection (conn_id='minio_finance', conn_type='aws') credentials retrieved from login and password.
[2026-01-19T13:11:34.321+0000] {logging_mixin.py:188} INFO - ✓ Read 8517 rows from bctc/2025-12-30/batch_265.csv
[2026-01-19T13:11:34.329+0000] {base.py:84} INFO - Using connection ID 'minio_finance' for task execution.
[2026-01-19T13:11:34.330+0000] {connection_wrapper.py:384} INFO - AWS Connection (conn_id='minio_finance', conn_type='aws') credentials retrieved from login and password.
[2026-01-19T13:11:34.499+0000] {logging_mixin.py:188} INFO - ✓ Read 9357 rows from bctc/2025-12-30/batch_266.csv
[2026-01-19T13:11:34.507+0000] {base.py:84} INFO - Using connection ID 'minio_finance' for task execution.
[2026-01-19T13:11:34.508+0000] {connection_wrapper.py:384} INFO - AWS Connection (conn_id='minio_finance', conn_type='aws') credentials retrieved from login and password.
[2026-01-19T13:11:34.665+0000] {logging_mixin.py:188} INFO - ✓ Read 8044 rows from bctc/2025-12-30/batch_267.csv
[2026-01-19T13:11:34.674+0000] {base.py:84} INFO - Using connection ID 'minio_finance' for task execution.
[2026-01-19T13:11:34.675+0000] {connection_wrapper.py:384} INFO - AWS Connection (conn_id='minio_finance', conn_type='aws') credentials retrieved from login and password.
[2026-01-19T13:11:34.831+0000] {logging_mixin.py:188} INFO - ✓ Read 4326 rows from bctc/2025-12-30/batch_268.csv
[2026-01-19T13:11:34.838+0000] {base.py:84} INFO - Using connection ID 'minio_finance' for task execution.
[2026-01-19T13:11:34.839+0000] {connection_wrapper.py:384} INFO - AWS Connection (conn_id='minio_finance', conn_type='aws') credentials retrieved from login and password.
[2026-01-19T13:11:35.024+0000] {logging_mixin.py:188} INFO - ✓ Read 7778 rows from bctc/2025-12-30/batch_269.csv
[2026-01-19T13:11:35.032+0000] {base.py:84} INFO - Using connection ID 'minio_finance' for task execution.
[2026-01-19T13:11:35.033+0000] {connection_wrapper.py:384} INFO - AWS Connection (conn_id='minio_finance', conn_type='aws') credentials retrieved from login and password.
[2026-01-19T13:11:35.203+0000] {logging_mixin.py:188} INFO - ✓ Read 13033 rows from bctc/2025-12-30/batch_27.csv
[2026-01-19T13:11:35.210+0000] {base.py:84} INFO - Using connection ID 'minio_finance' for task execution.
[2026-01-19T13:11:35.211+0000] {connection_wrapper.py:384} INFO - AWS Connection (conn_id='minio_finance', conn_type='aws') credentials retrieved from login and password.
[2026-01-19T13:11:35.845+0000] {logging_mixin.py:188} INFO - ✓ Read 9133 rows from bctc/2025-12-30/batch_270.csv
[2026-01-19T13:11:35.853+0000] {base.py:84} INFO - Using connection ID 'minio_finance' for task execution.
[2026-01-19T13:11:35.854+0000] {connection_wrapper.py:384} INFO - AWS Connection (conn_id='minio_finance', conn_type='aws') credentials retrieved from login and password.
[2026-01-19T13:11:35.988+0000] {logging_mixin.py:188} INFO - ✓ Read 4386 rows from bctc/2025-12-30/batch_271.csv
[2026-01-19T13:11:35.996+0000] {base.py:84} INFO - Using connection ID 'minio_finance' for task execution.
[2026-01-19T13:11:35.997+0000] {connection_wrapper.py:384} INFO - AWS Connection (conn_id='minio_finance', conn_type='aws') credentials retrieved from login and password.
[2026-01-19T13:11:36.138+0000] {logging_mixin.py:188} INFO - ✓ Read 6513 rows from bctc/2025-12-30/batch_272.csv
[2026-01-19T13:11:36.146+0000] {base.py:84} INFO - Using connection ID 'minio_finance' for task execution.
[2026-01-19T13:11:36.148+0000] {connection_wrapper.py:384} INFO - AWS Connection (conn_id='minio_finance', conn_type='aws') credentials retrieved from login and password.
[2026-01-19T13:11:36.334+0000] {logging_mixin.py:188} INFO - ✓ Read 7609 rows from bctc/2025-12-30/batch_273.csv
[2026-01-19T13:11:36.344+0000] {base.py:84} INFO - Using connection ID 'minio_finance' for task execution.
[2026-01-19T13:11:36.345+0000] {connection_wrapper.py:384} INFO - AWS Connection (conn_id='minio_finance', conn_type='aws') credentials retrieved from login and password.
[2026-01-19T13:11:36.547+0000] {logging_mixin.py:188} INFO - ✓ Read 8469 rows from bctc/2025-12-30/batch_274.csv
[2026-01-19T13:11:36.558+0000] {base.py:84} INFO - Using connection ID 'minio_finance' for task execution.
[2026-01-19T13:11:36.559+0000] {connection_wrapper.py:384} INFO - AWS Connection (conn_id='minio_finance', conn_type='aws') credentials retrieved from login and password.
[2026-01-19T13:11:36.730+0000] {logging_mixin.py:188} INFO - ✓ Read 4839 rows from bctc/2025-12-30/batch_275.csv
[2026-01-19T13:11:36.737+0000] {base.py:84} INFO - Using connection ID 'minio_finance' for task execution.
[2026-01-19T13:11:36.738+0000] {connection_wrapper.py:384} INFO - AWS Connection (conn_id='minio_finance', conn_type='aws') credentials retrieved from login and password.
[2026-01-19T13:11:36.887+0000] {logging_mixin.py:188} INFO - ✓ Read 6026 rows from bctc/2025-12-30/batch_276.csv
[2026-01-19T13:11:36.896+0000] {base.py:84} INFO - Using connection ID 'minio_finance' for task execution.
[2026-01-19T13:11:36.897+0000] {connection_wrapper.py:384} INFO - AWS Connection (conn_id='minio_finance', conn_type='aws') credentials retrieved from login and password.
[2026-01-19T13:11:37.087+0000] {logging_mixin.py:188} INFO - ✓ Read 3703 rows from bctc/2025-12-30/batch_277.csv
[2026-01-19T13:11:37.095+0000] {base.py:84} INFO - Using connection ID 'minio_finance' for task execution.
[2026-01-19T13:11:37.096+0000] {connection_wrapper.py:384} INFO - AWS Connection (conn_id='minio_finance', conn_type='aws') credentials retrieved from login and password.
[2026-01-19T13:11:37.226+0000] {logging_mixin.py:188} INFO - ✓ Read 1020 rows from bctc/2025-12-30/batch_279.csv
[2026-01-19T13:11:37.235+0000] {base.py:84} INFO - Using connection ID 'minio_finance' for task execution.
[2026-01-19T13:11:37.236+0000] {connection_wrapper.py:384} INFO - AWS Connection (conn_id='minio_finance', conn_type='aws') credentials retrieved from login and password.
[2026-01-19T13:11:37.385+0000] {logging_mixin.py:188} INFO - ✓ Read 5809 rows from bctc/2025-12-30/batch_28.csv
[2026-01-19T13:11:37.393+0000] {base.py:84} INFO - Using connection ID 'minio_finance' for task execution.
[2026-01-19T13:11:37.394+0000] {connection_wrapper.py:384} INFO - AWS Connection (conn_id='minio_finance', conn_type='aws') credentials retrieved from login and password.
[2026-01-19T13:11:37.529+0000] {logging_mixin.py:188} INFO - ✓ Read 11115 rows from bctc/2025-12-30/batch_280.csv
[2026-01-19T13:11:37.536+0000] {base.py:84} INFO - Using connection ID 'minio_finance' for task execution.
[2026-01-19T13:11:37.536+0000] {connection_wrapper.py:384} INFO - AWS Connection (conn_id='minio_finance', conn_type='aws') credentials retrieved from login and password.
[2026-01-19T13:11:37.689+0000] {logging_mixin.py:188} INFO - ✓ Read 12149 rows from bctc/2025-12-30/batch_281.csv
[2026-01-19T13:11:37.696+0000] {base.py:84} INFO - Using connection ID 'minio_finance' for task execution.
[2026-01-19T13:11:37.697+0000] {connection_wrapper.py:384} INFO - AWS Connection (conn_id='minio_finance', conn_type='aws') credentials retrieved from login and password.
[2026-01-19T13:11:37.807+0000] {logging_mixin.py:188} INFO - ✓ Read 59 rows from bctc/2025-12-30/batch_282.csv
[2026-01-19T13:11:37.814+0000] {base.py:84} INFO - Using connection ID 'minio_finance' for task execution.
[2026-01-19T13:11:37.815+0000] {connection_wrapper.py:384} INFO - AWS Connection (conn_id='minio_finance', conn_type='aws') credentials retrieved from login and password.
[2026-01-19T13:11:37.952+0000] {logging_mixin.py:188} INFO - ✓ Read 8838 rows from bctc/2025-12-30/batch_283.csv
[2026-01-19T13:11:37.959+0000] {base.py:84} INFO - Using connection ID 'minio_finance' for task execution.
[2026-01-19T13:11:37.959+0000] {connection_wrapper.py:384} INFO - AWS Connection (conn_id='minio_finance', conn_type='aws') credentials retrieved from login and password.
[2026-01-19T13:11:38.574+0000] {logging_mixin.py:188} INFO - ✓ Read 6178 rows from bctc/2025-12-30/batch_284.csv
[2026-01-19T13:11:38.583+0000] {base.py:84} INFO - Using connection ID 'minio_finance' for task execution.
[2026-01-19T13:11:38.584+0000] {connection_wrapper.py:384} INFO - AWS Connection (conn_id='minio_finance', conn_type='aws') credentials retrieved from login and password.
[2026-01-19T13:11:38.720+0000] {logging_mixin.py:188} INFO - ✓ Read 5241 rows from bctc/2025-12-30/batch_285.csv
[2026-01-19T13:11:38.728+0000] {base.py:84} INFO - Using connection ID 'minio_finance' for task execution.
[2026-01-19T13:11:38.728+0000] {connection_wrapper.py:384} INFO - AWS Connection (conn_id='minio_finance', conn_type='aws') credentials retrieved from login and password.
[2026-01-19T13:11:38.886+0000] {logging_mixin.py:188} INFO - ✓ Read 10227 rows from bctc/2025-12-30/batch_286.csv
[2026-01-19T13:11:38.895+0000] {base.py:84} INFO - Using connection ID 'minio_finance' for task execution.
[2026-01-19T13:11:38.896+0000] {connection_wrapper.py:384} INFO - AWS Connection (conn_id='minio_finance', conn_type='aws') credentials retrieved from login and password.
[2026-01-19T13:11:39.026+0000] {logging_mixin.py:188} INFO - ✓ Read 8858 rows from bctc/2025-12-30/batch_287.csv
[2026-01-19T13:11:39.034+0000] {base.py:84} INFO - Using connection ID 'minio_finance' for task execution.
[2026-01-19T13:11:39.035+0000] {connection_wrapper.py:384} INFO - AWS Connection (conn_id='minio_finance', conn_type='aws') credentials retrieved from login and password.
[2026-01-19T13:11:39.174+0000] {logging_mixin.py:188} INFO - ✓ Read 8630 rows from bctc/2025-12-30/batch_288.csv
[2026-01-19T13:11:39.182+0000] {base.py:84} INFO - Using connection ID 'minio_finance' for task execution.
[2026-01-19T13:11:39.183+0000] {connection_wrapper.py:384} INFO - AWS Connection (conn_id='minio_finance', conn_type='aws') credentials retrieved from login and password.
[2026-01-19T13:11:39.311+0000] {logging_mixin.py:188} INFO - ✓ Read 177 rows from bctc/2025-12-30/batch_289.csv
[2026-01-19T13:11:39.320+0000] {base.py:84} INFO - Using connection ID 'minio_finance' for task execution.
[2026-01-19T13:11:39.320+0000] {connection_wrapper.py:384} INFO - AWS Connection (conn_id='minio_finance', conn_type='aws') credentials retrieved from login and password.
[2026-01-19T13:11:39.475+0000] {logging_mixin.py:188} INFO - ✓ Read 14739 rows from bctc/2025-12-30/batch_29.csv
[2026-01-19T13:11:39.483+0000] {base.py:84} INFO - Using connection ID 'minio_finance' for task execution.
[2026-01-19T13:11:39.484+0000] {connection_wrapper.py:384} INFO - AWS Connection (conn_id='minio_finance', conn_type='aws') credentials retrieved from login and password.
[2026-01-19T13:11:39.634+0000] {logging_mixin.py:188} INFO - ✓ Read 7419 rows from bctc/2025-12-30/batch_290.csv
[2026-01-19T13:11:39.642+0000] {base.py:84} INFO - Using connection ID 'minio_finance' for task execution.
[2026-01-19T13:11:39.643+0000] {connection_wrapper.py:384} INFO - AWS Connection (conn_id='minio_finance', conn_type='aws') credentials retrieved from login and password.
[2026-01-19T13:11:39.761+0000] {logging_mixin.py:188} INFO - ✓ Read 4180 rows from bctc/2025-12-30/batch_291.csv
[2026-01-19T13:11:39.768+0000] {base.py:84} INFO - Using connection ID 'minio_finance' for task execution.
[2026-01-19T13:11:39.769+0000] {connection_wrapper.py:384} INFO - AWS Connection (conn_id='minio_finance', conn_type='aws') credentials retrieved from login and password.
[2026-01-19T13:11:39.910+0000] {logging_mixin.py:188} INFO - ✓ Read 11763 rows from bctc/2025-12-30/batch_292.csv
[2026-01-19T13:11:39.918+0000] {base.py:84} INFO - Using connection ID 'minio_finance' for task execution.
[2026-01-19T13:11:39.919+0000] {connection_wrapper.py:384} INFO - AWS Connection (conn_id='minio_finance', conn_type='aws') credentials retrieved from login and password.
[2026-01-19T13:11:40.035+0000] {logging_mixin.py:188} INFO - ✓ Read 8698 rows from bctc/2025-12-30/batch_293.csv
[2026-01-19T13:11:40.042+0000] {base.py:84} INFO - Using connection ID 'minio_finance' for task execution.
[2026-01-19T13:11:40.043+0000] {connection_wrapper.py:384} INFO - AWS Connection (conn_id='minio_finance', conn_type='aws') credentials retrieved from login and password.
[2026-01-19T13:11:40.188+0000] {logging_mixin.py:188} INFO - ✓ Read 7094 rows from bctc/2025-12-30/batch_294.csv
[2026-01-19T13:11:40.197+0000] {base.py:84} INFO - Using connection ID 'minio_finance' for task execution.
[2026-01-19T13:11:40.198+0000] {connection_wrapper.py:384} INFO - AWS Connection (conn_id='minio_finance', conn_type='aws') credentials retrieved from login and password.
[2026-01-19T13:11:40.360+0000] {logging_mixin.py:188} INFO - ✓ Read 9231 rows from bctc/2025-12-30/batch_295.csv
[2026-01-19T13:11:40.367+0000] {base.py:84} INFO - Using connection ID 'minio_finance' for task execution.
[2026-01-19T13:11:40.368+0000] {connection_wrapper.py:384} INFO - AWS Connection (conn_id='minio_finance', conn_type='aws') credentials retrieved from login and password.
[2026-01-19T13:11:40.967+0000] {logging_mixin.py:188} INFO - ✓ Read 3417 rows from bctc/2025-12-30/batch_296.csv
[2026-01-19T13:11:40.974+0000] {base.py:84} INFO - Using connection ID 'minio_finance' for task execution.
[2026-01-19T13:11:40.975+0000] {connection_wrapper.py:384} INFO - AWS Connection (conn_id='minio_finance', conn_type='aws') credentials retrieved from login and password.
[2026-01-19T13:11:41.144+0000] {logging_mixin.py:188} INFO - ✓ Read 8142 rows from bctc/2025-12-30/batch_297.csv
[2026-01-19T13:11:41.150+0000] {base.py:84} INFO - Using connection ID 'minio_finance' for task execution.
[2026-01-19T13:11:41.151+0000] {connection_wrapper.py:384} INFO - AWS Connection (conn_id='minio_finance', conn_type='aws') credentials retrieved from login and password.
[2026-01-19T13:11:41.312+0000] {logging_mixin.py:188} INFO - ✓ Read 13881 rows from bctc/2025-12-30/batch_298.csv
[2026-01-19T13:11:41.320+0000] {base.py:84} INFO - Using connection ID 'minio_finance' for task execution.
[2026-01-19T13:11:41.321+0000] {connection_wrapper.py:384} INFO - AWS Connection (conn_id='minio_finance', conn_type='aws') credentials retrieved from login and password.
[2026-01-19T13:11:41.436+0000] {logging_mixin.py:188} INFO - ✓ Read 3010 rows from bctc/2025-12-30/batch_299.csv
[2026-01-19T13:11:41.443+0000] {base.py:84} INFO - Using connection ID 'minio_finance' for task execution.
[2026-01-19T13:11:41.444+0000] {connection_wrapper.py:384} INFO - AWS Connection (conn_id='minio_finance', conn_type='aws') credentials retrieved from login and password.
[2026-01-19T13:11:41.587+0000] {logging_mixin.py:188} INFO - ✓ Read 3468 rows from bctc/2025-12-30/batch_3.csv
[2026-01-19T13:11:41.595+0000] {base.py:84} INFO - Using connection ID 'minio_finance' for task execution.
[2026-01-19T13:11:41.597+0000] {connection_wrapper.py:384} INFO - AWS Connection (conn_id='minio_finance', conn_type='aws') credentials retrieved from login and password.
[2026-01-19T13:11:41.745+0000] {logging_mixin.py:188} INFO - ✓ Read 12388 rows from bctc/2025-12-30/batch_30.csv
[2026-01-19T13:11:41.753+0000] {base.py:84} INFO - Using connection ID 'minio_finance' for task execution.
[2026-01-19T13:11:41.754+0000] {connection_wrapper.py:384} INFO - AWS Connection (conn_id='minio_finance', conn_type='aws') credentials retrieved from login and password.
[2026-01-19T13:11:41.913+0000] {logging_mixin.py:188} INFO - ✓ Read 8828 rows from bctc/2025-12-30/batch_300.csv
[2026-01-19T13:11:41.922+0000] {base.py:84} INFO - Using connection ID 'minio_finance' for task execution.
[2026-01-19T13:11:41.923+0000] {connection_wrapper.py:384} INFO - AWS Connection (conn_id='minio_finance', conn_type='aws') credentials retrieved from login and password.
[2026-01-19T13:11:42.053+0000] {logging_mixin.py:188} INFO - ✓ Read 10560 rows from bctc/2025-12-30/batch_301.csv
[2026-01-19T13:11:42.060+0000] {base.py:84} INFO - Using connection ID 'minio_finance' for task execution.
[2026-01-19T13:11:42.060+0000] {connection_wrapper.py:384} INFO - AWS Connection (conn_id='minio_finance', conn_type='aws') credentials retrieved from login and password.
[2026-01-19T13:11:42.209+0000] {logging_mixin.py:188} INFO - ✓ Read 5042 rows from bctc/2025-12-30/batch_302.csv
[2026-01-19T13:11:42.217+0000] {base.py:84} INFO - Using connection ID 'minio_finance' for task execution.
[2026-01-19T13:11:42.218+0000] {connection_wrapper.py:384} INFO - AWS Connection (conn_id='minio_finance', conn_type='aws') credentials retrieved from login and password.
[2026-01-19T13:11:42.352+0000] {logging_mixin.py:188} INFO - ✓ Read 4182 rows from bctc/2025-12-30/batch_303.csv
[2026-01-19T13:11:42.359+0000] {base.py:84} INFO - Using connection ID 'minio_finance' for task execution.
[2026-01-19T13:11:42.360+0000] {connection_wrapper.py:384} INFO - AWS Connection (conn_id='minio_finance', conn_type='aws') credentials retrieved from login and password.
[2026-01-19T13:11:42.499+0000] {logging_mixin.py:188} INFO - ✓ Read 7138 rows from bctc/2025-12-30/batch_304.csv
[2026-01-19T13:11:42.507+0000] {base.py:84} INFO - Using connection ID 'minio_finance' for task execution.
[2026-01-19T13:11:42.508+0000] {connection_wrapper.py:384} INFO - AWS Connection (conn_id='minio_finance', conn_type='aws') credentials retrieved from login and password.
[2026-01-19T13:11:42.657+0000] {logging_mixin.py:188} INFO - ✓ Read 7878 rows from bctc/2025-12-30/batch_305.csv
[2026-01-19T13:11:42.666+0000] {base.py:84} INFO - Using connection ID 'minio_finance' for task execution.
[2026-01-19T13:11:42.667+0000] {connection_wrapper.py:384} INFO - AWS Connection (conn_id='minio_finance', conn_type='aws') credentials retrieved from login and password.
[2026-01-19T13:11:42.800+0000] {logging_mixin.py:188} INFO - ✓ Read 8670 rows from bctc/2025-12-30/batch_306.csv
[2026-01-19T13:11:42.808+0000] {base.py:84} INFO - Using connection ID 'minio_finance' for task execution.
[2026-01-19T13:11:42.809+0000] {connection_wrapper.py:384} INFO - AWS Connection (conn_id='minio_finance', conn_type='aws') credentials retrieved from login and password.
[2026-01-19T13:11:43.455+0000] {logging_mixin.py:188} INFO - ✓ Read 12878 rows from bctc/2025-12-30/batch_307.csv
[2026-01-19T13:11:43.462+0000] {base.py:84} INFO - Using connection ID 'minio_finance' for task execution.
[2026-01-19T13:11:43.463+0000] {connection_wrapper.py:384} INFO - AWS Connection (conn_id='minio_finance', conn_type='aws') credentials retrieved from login and password.
[2026-01-19T13:11:43.588+0000] {logging_mixin.py:188} INFO - ✓ Read 9843 rows from bctc/2025-12-30/batch_308.csv
[2026-01-19T13:11:43.596+0000] {base.py:84} INFO - Using connection ID 'minio_finance' for task execution.
[2026-01-19T13:11:43.596+0000] {connection_wrapper.py:384} INFO - AWS Connection (conn_id='minio_finance', conn_type='aws') credentials retrieved from login and password.
[2026-01-19T13:11:43.735+0000] {logging_mixin.py:188} INFO - ✓ Read 5431 rows from bctc/2025-12-30/batch_309.csv
[2026-01-19T13:11:43.743+0000] {base.py:84} INFO - Using connection ID 'minio_finance' for task execution.
[2026-01-19T13:11:43.744+0000] {connection_wrapper.py:384} INFO - AWS Connection (conn_id='minio_finance', conn_type='aws') credentials retrieved from login and password.
[2026-01-19T13:11:43.900+0000] {logging_mixin.py:188} INFO - ✓ Read 7644 rows from bctc/2025-12-30/batch_31.csv
[2026-01-19T13:11:43.908+0000] {base.py:84} INFO - Using connection ID 'minio_finance' for task execution.
[2026-01-19T13:11:43.909+0000] {connection_wrapper.py:384} INFO - AWS Connection (conn_id='minio_finance', conn_type='aws') credentials retrieved from login and password.
[2026-01-19T13:11:44.064+0000] {logging_mixin.py:188} INFO - ✓ Read 10584 rows from bctc/2025-12-30/batch_310.csv
[2026-01-19T13:11:44.072+0000] {base.py:84} INFO - Using connection ID 'minio_finance' for task execution.
[2026-01-19T13:11:44.073+0000] {connection_wrapper.py:384} INFO - AWS Connection (conn_id='minio_finance', conn_type='aws') credentials retrieved from login and password.
[2026-01-19T13:11:44.239+0000] {logging_mixin.py:188} INFO - ✓ Read 12267 rows from bctc/2025-12-30/batch_311.csv
[2026-01-19T13:11:44.247+0000] {base.py:84} INFO - Using connection ID 'minio_finance' for task execution.
[2026-01-19T13:11:44.248+0000] {connection_wrapper.py:384} INFO - AWS Connection (conn_id='minio_finance', conn_type='aws') credentials retrieved from login and password.
[2026-01-19T13:11:44.428+0000] {logging_mixin.py:188} INFO - ✓ Read 8147 rows from bctc/2025-12-30/batch_312.csv
[2026-01-19T13:11:44.436+0000] {base.py:84} INFO - Using connection ID 'minio_finance' for task execution.
[2026-01-19T13:11:44.437+0000] {connection_wrapper.py:384} INFO - AWS Connection (conn_id='minio_finance', conn_type='aws') credentials retrieved from login and password.
[2026-01-19T13:11:44.563+0000] {logging_mixin.py:188} INFO - ✓ Read 7826 rows from bctc/2025-12-30/batch_313.csv
[2026-01-19T13:11:44.571+0000] {base.py:84} INFO - Using connection ID 'minio_finance' for task execution.
[2026-01-19T13:11:44.572+0000] {connection_wrapper.py:384} INFO - AWS Connection (conn_id='minio_finance', conn_type='aws') credentials retrieved from login and password.
[2026-01-19T13:11:44.716+0000] {logging_mixin.py:188} INFO - ✓ Read 8307 rows from bctc/2025-12-30/batch_314.csv
[2026-01-19T13:11:44.722+0000] {base.py:84} INFO - Using connection ID 'minio_finance' for task execution.
[2026-01-19T13:11:44.723+0000] {connection_wrapper.py:384} INFO - AWS Connection (conn_id='minio_finance', conn_type='aws') credentials retrieved from login and password.
[2026-01-19T13:11:44.867+0000] {logging_mixin.py:188} INFO - ✓ Read 7900 rows from bctc/2025-12-30/batch_315.csv
[2026-01-19T13:11:44.875+0000] {base.py:84} INFO - Using connection ID 'minio_finance' for task execution.
[2026-01-19T13:11:44.876+0000] {connection_wrapper.py:384} INFO - AWS Connection (conn_id='minio_finance', conn_type='aws') credentials retrieved from login and password.
[2026-01-19T13:11:45.001+0000] {logging_mixin.py:188} INFO - ✓ Read 4977 rows from bctc/2025-12-30/batch_316.csv
[2026-01-19T13:11:45.009+0000] {base.py:84} INFO - Using connection ID 'minio_finance' for task execution.
[2026-01-19T13:11:45.010+0000] {connection_wrapper.py:384} INFO - AWS Connection (conn_id='minio_finance', conn_type='aws') credentials retrieved from login and password.
[2026-01-19T13:11:45.149+0000] {logging_mixin.py:188} INFO - ✓ Read 9736 rows from bctc/2025-12-30/batch_317.csv
[2026-01-19T13:11:45.157+0000] {base.py:84} INFO - Using connection ID 'minio_finance' for task execution.
[2026-01-19T13:11:45.158+0000] {connection_wrapper.py:384} INFO - AWS Connection (conn_id='minio_finance', conn_type='aws') credentials retrieved from login and password.
[2026-01-19T13:11:45.290+0000] {logging_mixin.py:188} INFO - ✓ Read 8487 rows from bctc/2025-12-30/batch_318.csv
[2026-01-19T13:11:45.297+0000] {base.py:84} INFO - Using connection ID 'minio_finance' for task execution.
[2026-01-19T13:11:45.298+0000] {connection_wrapper.py:384} INFO - AWS Connection (conn_id='minio_finance', conn_type='aws') credentials retrieved from login and password.
[2026-01-19T13:11:45.406+0000] {logging_mixin.py:188} INFO - ✓ Read 3655 rows from bctc/2025-12-30/batch_319.csv
[2026-01-19T13:11:45.412+0000] {base.py:84} INFO - Using connection ID 'minio_finance' for task execution.
[2026-01-19T13:11:45.413+0000] {connection_wrapper.py:384} INFO - AWS Connection (conn_id='minio_finance', conn_type='aws') credentials retrieved from login and password.
[2026-01-19T13:11:46.025+0000] {logging_mixin.py:188} INFO - ✓ Read 1790 rows from bctc/2025-12-30/batch_32.csv
[2026-01-19T13:11:46.032+0000] {base.py:84} INFO - Using connection ID 'minio_finance' for task execution.
[2026-01-19T13:11:46.033+0000] {connection_wrapper.py:384} INFO - AWS Connection (conn_id='minio_finance', conn_type='aws') credentials retrieved from login and password.
[2026-01-19T13:11:46.179+0000] {logging_mixin.py:188} INFO - ✓ Read 9767 rows from bctc/2025-12-30/batch_320.csv
[2026-01-19T13:11:46.187+0000] {base.py:84} INFO - Using connection ID 'minio_finance' for task execution.
[2026-01-19T13:11:46.189+0000] {connection_wrapper.py:384} INFO - AWS Connection (conn_id='minio_finance', conn_type='aws') credentials retrieved from login and password.
[2026-01-19T13:11:46.329+0000] {logging_mixin.py:188} INFO - ✓ Read 10945 rows from bctc/2025-12-30/batch_321.csv
[2026-01-19T13:11:46.337+0000] {base.py:84} INFO - Using connection ID 'minio_finance' for task execution.
[2026-01-19T13:11:46.338+0000] {connection_wrapper.py:384} INFO - AWS Connection (conn_id='minio_finance', conn_type='aws') credentials retrieved from login and password.
[2026-01-19T13:11:46.474+0000] {logging_mixin.py:188} INFO - ✓ Read 9442 rows from bctc/2025-12-30/batch_322.csv
[2026-01-19T13:11:46.485+0000] {base.py:84} INFO - Using connection ID 'minio_finance' for task execution.
[2026-01-19T13:11:46.486+0000] {connection_wrapper.py:384} INFO - AWS Connection (conn_id='minio_finance', conn_type='aws') credentials retrieved from login and password.
[2026-01-19T13:11:46.623+0000] {logging_mixin.py:188} INFO - ✓ Read 9372 rows from bctc/2025-12-30/batch_323.csv
[2026-01-19T13:11:46.630+0000] {base.py:84} INFO - Using connection ID 'minio_finance' for task execution.
[2026-01-19T13:11:46.631+0000] {connection_wrapper.py:384} INFO - AWS Connection (conn_id='minio_finance', conn_type='aws') credentials retrieved from login and password.
[2026-01-19T13:11:46.758+0000] {logging_mixin.py:188} INFO - ✓ Read 10415 rows from bctc/2025-12-30/batch_324.csv
[2026-01-19T13:11:46.765+0000] {base.py:84} INFO - Using connection ID 'minio_finance' for task execution.
[2026-01-19T13:11:46.765+0000] {connection_wrapper.py:384} INFO - AWS Connection (conn_id='minio_finance', conn_type='aws') credentials retrieved from login and password.
[2026-01-19T13:11:46.907+0000] {logging_mixin.py:188} INFO - ✓ Read 8385 rows from bctc/2025-12-30/batch_325.csv
[2026-01-19T13:11:46.915+0000] {base.py:84} INFO - Using connection ID 'minio_finance' for task execution.
[2026-01-19T13:11:46.916+0000] {connection_wrapper.py:384} INFO - AWS Connection (conn_id='minio_finance', conn_type='aws') credentials retrieved from login and password.
[2026-01-19T13:11:47.059+0000] {logging_mixin.py:188} INFO - ✓ Read 9101 rows from bctc/2025-12-30/batch_326.csv
[2026-01-19T13:11:47.070+0000] {base.py:84} INFO - Using connection ID 'minio_finance' for task execution.
[2026-01-19T13:11:47.071+0000] {connection_wrapper.py:384} INFO - AWS Connection (conn_id='minio_finance', conn_type='aws') credentials retrieved from login and password.
[2026-01-19T13:11:47.243+0000] {logging_mixin.py:188} INFO - ✓ Read 10400 rows from bctc/2025-12-30/batch_327.csv
[2026-01-19T13:11:47.252+0000] {base.py:84} INFO - Using connection ID 'minio_finance' for task execution.
[2026-01-19T13:11:47.253+0000] {connection_wrapper.py:384} INFO - AWS Connection (conn_id='minio_finance', conn_type='aws') credentials retrieved from login and password.
[2026-01-19T13:11:47.373+0000] {logging_mixin.py:188} INFO - ✓ Read 4058 rows from bctc/2025-12-30/batch_328.csv
[2026-01-19T13:11:47.381+0000] {base.py:84} INFO - Using connection ID 'minio_finance' for task execution.
[2026-01-19T13:11:47.382+0000] {connection_wrapper.py:384} INFO - AWS Connection (conn_id='minio_finance', conn_type='aws') credentials retrieved from login and password.
[2026-01-19T13:11:47.517+0000] {logging_mixin.py:188} INFO - ✓ Read 8891 rows from bctc/2025-12-30/batch_329.csv
[2026-01-19T13:11:47.524+0000] {base.py:84} INFO - Using connection ID 'minio_finance' for task execution.
[2026-01-19T13:11:47.525+0000] {connection_wrapper.py:384} INFO - AWS Connection (conn_id='minio_finance', conn_type='aws') credentials retrieved from login and password.
[2026-01-19T13:11:47.647+0000] {logging_mixin.py:188} INFO - ✓ Read 9361 rows from bctc/2025-12-30/batch_33.csv
[2026-01-19T13:11:47.655+0000] {base.py:84} INFO - Using connection ID 'minio_finance' for task execution.
[2026-01-19T13:11:47.656+0000] {connection_wrapper.py:384} INFO - AWS Connection (conn_id='minio_finance', conn_type='aws') credentials retrieved from login and password.
[2026-01-19T13:11:47.818+0000] {logging_mixin.py:188} INFO - ✓ Read 13170 rows from bctc/2025-12-30/batch_330.csv
[2026-01-19T13:11:47.825+0000] {base.py:84} INFO - Using connection ID 'minio_finance' for task execution.
[2026-01-19T13:11:47.826+0000] {connection_wrapper.py:384} INFO - AWS Connection (conn_id='minio_finance', conn_type='aws') credentials retrieved from login and password.
[2026-01-19T13:11:48.454+0000] {logging_mixin.py:188} INFO - ✓ Read 5376 rows from bctc/2025-12-30/batch_331.csv
[2026-01-19T13:11:48.462+0000] {base.py:84} INFO - Using connection ID 'minio_finance' for task execution.
[2026-01-19T13:11:48.463+0000] {connection_wrapper.py:384} INFO - AWS Connection (conn_id='minio_finance', conn_type='aws') credentials retrieved from login and password.
[2026-01-19T13:11:48.613+0000] {logging_mixin.py:188} INFO - ✓ Read 10288 rows from bctc/2025-12-30/batch_332.csv
[2026-01-19T13:11:48.622+0000] {base.py:84} INFO - Using connection ID 'minio_finance' for task execution.
[2026-01-19T13:11:48.623+0000] {connection_wrapper.py:384} INFO - AWS Connection (conn_id='minio_finance', conn_type='aws') credentials retrieved from login and password.
[2026-01-19T13:11:48.795+0000] {logging_mixin.py:188} INFO - ✓ Read 11370 rows from bctc/2025-12-30/batch_333.csv
[2026-01-19T13:11:48.803+0000] {base.py:84} INFO - Using connection ID 'minio_finance' for task execution.
[2026-01-19T13:11:48.804+0000] {connection_wrapper.py:384} INFO - AWS Connection (conn_id='minio_finance', conn_type='aws') credentials retrieved from login and password.
[2026-01-19T13:11:48.958+0000] {logging_mixin.py:188} INFO - ✓ Read 15045 rows from bctc/2025-12-30/batch_334.csv
[2026-01-19T13:11:48.967+0000] {base.py:84} INFO - Using connection ID 'minio_finance' for task execution.
[2026-01-19T13:11:48.968+0000] {connection_wrapper.py:384} INFO - AWS Connection (conn_id='minio_finance', conn_type='aws') credentials retrieved from login and password.
[2026-01-19T13:11:49.102+0000] {logging_mixin.py:188} INFO - ✓ Read 6474 rows from bctc/2025-12-30/batch_335.csv
[2026-01-19T13:11:49.109+0000] {base.py:84} INFO - Using connection ID 'minio_finance' for task execution.
[2026-01-19T13:11:49.110+0000] {connection_wrapper.py:384} INFO - AWS Connection (conn_id='minio_finance', conn_type='aws') credentials retrieved from login and password.
[2026-01-19T13:11:49.249+0000] {logging_mixin.py:188} INFO - ✓ Read 5909 rows from bctc/2025-12-30/batch_336.csv
[2026-01-19T13:11:49.256+0000] {base.py:84} INFO - Using connection ID 'minio_finance' for task execution.
[2026-01-19T13:11:49.257+0000] {connection_wrapper.py:384} INFO - AWS Connection (conn_id='minio_finance', conn_type='aws') credentials retrieved from login and password.
[2026-01-19T13:11:49.417+0000] {logging_mixin.py:188} INFO - ✓ Read 8646 rows from bctc/2025-12-30/batch_337.csv
[2026-01-19T13:11:49.425+0000] {base.py:84} INFO - Using connection ID 'minio_finance' for task execution.
[2026-01-19T13:11:49.426+0000] {connection_wrapper.py:384} INFO - AWS Connection (conn_id='minio_finance', conn_type='aws') credentials retrieved from login and password.
[2026-01-19T13:11:49.553+0000] {logging_mixin.py:188} INFO - ✓ Read 4590 rows from bctc/2025-12-30/batch_338.csv
[2026-01-19T13:11:49.561+0000] {base.py:84} INFO - Using connection ID 'minio_finance' for task execution.
[2026-01-19T13:11:49.562+0000] {connection_wrapper.py:384} INFO - AWS Connection (conn_id='minio_finance', conn_type='aws') credentials retrieved from login and password.
[2026-01-19T13:11:49.688+0000] {logging_mixin.py:188} INFO - ✓ Read 6988 rows from bctc/2025-12-30/batch_339.csv
[2026-01-19T13:11:49.697+0000] {base.py:84} INFO - Using connection ID 'minio_finance' for task execution.
[2026-01-19T13:11:49.698+0000] {connection_wrapper.py:384} INFO - AWS Connection (conn_id='minio_finance', conn_type='aws') credentials retrieved from login and password.
[2026-01-19T13:11:49.825+0000] {logging_mixin.py:188} INFO - ✓ Read 2786 rows from bctc/2025-12-30/batch_34.csv
[2026-01-19T13:11:49.832+0000] {base.py:84} INFO - Using connection ID 'minio_finance' for task execution.
[2026-01-19T13:11:49.833+0000] {connection_wrapper.py:384} INFO - AWS Connection (conn_id='minio_finance', conn_type='aws') credentials retrieved from login and password.
[2026-01-19T13:11:49.959+0000] {logging_mixin.py:188} INFO - ✓ Read 7170 rows from bctc/2025-12-30/batch_340.csv
[2026-01-19T13:11:49.966+0000] {base.py:84} INFO - Using connection ID 'minio_finance' for task execution.
[2026-01-19T13:11:49.967+0000] {connection_wrapper.py:384} INFO - AWS Connection (conn_id='minio_finance', conn_type='aws') credentials retrieved from login and password.
[2026-01-19T13:11:50.110+0000] {logging_mixin.py:188} INFO - ✓ Read 10572 rows from bctc/2025-12-30/batch_341.csv
[2026-01-19T13:11:50.118+0000] {base.py:84} INFO - Using connection ID 'minio_finance' for task execution.
[2026-01-19T13:11:50.119+0000] {connection_wrapper.py:384} INFO - AWS Connection (conn_id='minio_finance', conn_type='aws') credentials retrieved from login and password.
[2026-01-19T13:11:50.317+0000] {logging_mixin.py:188} INFO - ✓ Read 12489 rows from bctc/2025-12-30/batch_342.csv
[2026-01-19T13:11:50.326+0000] {base.py:84} INFO - Using connection ID 'minio_finance' for task execution.
[2026-01-19T13:11:50.327+0000] {connection_wrapper.py:384} INFO - AWS Connection (conn_id='minio_finance', conn_type='aws') credentials retrieved from login and password.
[2026-01-19T13:11:50.940+0000] {logging_mixin.py:188} INFO - ✓ Read 3323 rows from bctc/2025-12-30/batch_343.csv
[2026-01-19T13:11:50.947+0000] {base.py:84} INFO - Using connection ID 'minio_finance' for task execution.
[2026-01-19T13:11:50.948+0000] {connection_wrapper.py:384} INFO - AWS Connection (conn_id='minio_finance', conn_type='aws') credentials retrieved from login and password.
[2026-01-19T13:11:51.083+0000] {logging_mixin.py:188} INFO - ✓ Read 7987 rows from bctc/2025-12-30/batch_344.csv
[2026-01-19T13:11:51.091+0000] {base.py:84} INFO - Using connection ID 'minio_finance' for task execution.
[2026-01-19T13:11:51.092+0000] {connection_wrapper.py:384} INFO - AWS Connection (conn_id='minio_finance', conn_type='aws') credentials retrieved from login and password.
[2026-01-19T13:11:51.218+0000] {logging_mixin.py:188} INFO - ✓ Read 2160 rows from bctc/2025-12-30/batch_345.csv
[2026-01-19T13:11:51.225+0000] {base.py:84} INFO - Using connection ID 'minio_finance' for task execution.
[2026-01-19T13:11:51.226+0000] {connection_wrapper.py:384} INFO - AWS Connection (conn_id='minio_finance', conn_type='aws') credentials retrieved from login and password.
[2026-01-19T13:11:51.416+0000] {logging_mixin.py:188} INFO - ✓ Read 10491 rows from bctc/2025-12-30/batch_346.csv
[2026-01-19T13:11:51.425+0000] {base.py:84} INFO - Using connection ID 'minio_finance' for task execution.
[2026-01-19T13:11:51.426+0000] {connection_wrapper.py:384} INFO - AWS Connection (conn_id='minio_finance', conn_type='aws') credentials retrieved from login and password.
[2026-01-19T13:11:51.635+0000] {logging_mixin.py:188} INFO - ✓ Read 9532 rows from bctc/2025-12-30/batch_347.csv
[2026-01-19T13:11:51.649+0000] {base.py:84} INFO - Using connection ID 'minio_finance' for task execution.
[2026-01-19T13:11:51.650+0000] {connection_wrapper.py:384} INFO - AWS Connection (conn_id='minio_finance', conn_type='aws') credentials retrieved from login and password.
[2026-01-19T13:11:51.814+0000] {logging_mixin.py:188} INFO - ✓ Read 7977 rows from bctc/2025-12-30/batch_348.csv
[2026-01-19T13:11:51.824+0000] {base.py:84} INFO - Using connection ID 'minio_finance' for task execution.
[2026-01-19T13:11:51.825+0000] {connection_wrapper.py:384} INFO - AWS Connection (conn_id='minio_finance', conn_type='aws') credentials retrieved from login and password.
[2026-01-19T13:11:52.011+0000] {logging_mixin.py:188} INFO - ✓ Read 6317 rows from bctc/2025-12-30/batch_349.csv
[2026-01-19T13:11:52.024+0000] {base.py:84} INFO - Using connection ID 'minio_finance' for task execution.
[2026-01-19T13:11:52.025+0000] {connection_wrapper.py:384} INFO - AWS Connection (conn_id='minio_finance', conn_type='aws') credentials retrieved from login and password.
[2026-01-19T13:11:52.236+0000] {logging_mixin.py:188} INFO - ✓ Read 9241 rows from bctc/2025-12-30/batch_35.csv
[2026-01-19T13:11:52.245+0000] {base.py:84} INFO - Using connection ID 'minio_finance' for task execution.
[2026-01-19T13:11:52.246+0000] {connection_wrapper.py:384} INFO - AWS Connection (conn_id='minio_finance', conn_type='aws') credentials retrieved from login and password.
[2026-01-19T13:11:52.411+0000] {logging_mixin.py:188} INFO - ✓ Read 12494 rows from bctc/2025-12-30/batch_350.csv
[2026-01-19T13:11:52.419+0000] {base.py:84} INFO - Using connection ID 'minio_finance' for task execution.
[2026-01-19T13:11:52.420+0000] {connection_wrapper.py:384} INFO - AWS Connection (conn_id='minio_finance', conn_type='aws') credentials retrieved from login and password.
[2026-01-19T13:11:52.695+0000] {logging_mixin.py:188} INFO - ✓ Read 9115 rows from bctc/2025-12-30/batch_351.csv
[2026-01-19T13:11:52.705+0000] {base.py:84} INFO - Using connection ID 'minio_finance' for task execution.
[2026-01-19T13:11:52.706+0000] {connection_wrapper.py:384} INFO - AWS Connection (conn_id='minio_finance', conn_type='aws') credentials retrieved from login and password.
[2026-01-19T13:11:52.896+0000] {logging_mixin.py:188} INFO - ✓ Read 7412 rows from bctc/2025-12-30/batch_352.csv
[2026-01-19T13:11:52.906+0000] {base.py:84} INFO - Using connection ID 'minio_finance' for task execution.
[2026-01-19T13:11:52.907+0000] {connection_wrapper.py:384} INFO - AWS Connection (conn_id='minio_finance', conn_type='aws') credentials retrieved from login and password.
[2026-01-19T13:11:53.077+0000] {logging_mixin.py:188} INFO - ✓ Read 7176 rows from bctc/2025-12-30/batch_353.csv
[2026-01-19T13:11:53.086+0000] {base.py:84} INFO - Using connection ID 'minio_finance' for task execution.
[2026-01-19T13:11:53.087+0000] {connection_wrapper.py:384} INFO - AWS Connection (conn_id='minio_finance', conn_type='aws') credentials retrieved from login and password.
[2026-01-19T13:11:53.267+0000] {logging_mixin.py:188} INFO - ✓ Read 7749 rows from bctc/2025-12-30/batch_354.csv
[2026-01-19T13:11:53.278+0000] {base.py:84} INFO - Using connection ID 'minio_finance' for task execution.
[2026-01-19T13:11:53.279+0000] {connection_wrapper.py:384} INFO - AWS Connection (conn_id='minio_finance', conn_type='aws') credentials retrieved from login and password.
[2026-01-19T13:11:54.029+0000] {logging_mixin.py:188} INFO - ✓ Read 12014 rows from bctc/2025-12-30/batch_355.csv
[2026-01-19T13:11:54.037+0000] {base.py:84} INFO - Using connection ID 'minio_finance' for task execution.
[2026-01-19T13:11:54.038+0000] {connection_wrapper.py:384} INFO - AWS Connection (conn_id='minio_finance', conn_type='aws') credentials retrieved from login and password.
[2026-01-19T13:11:54.170+0000] {logging_mixin.py:188} INFO - ✓ Read 7283 rows from bctc/2025-12-30/batch_356.csv
[2026-01-19T13:11:54.178+0000] {base.py:84} INFO - Using connection ID 'minio_finance' for task execution.
[2026-01-19T13:11:54.178+0000] {connection_wrapper.py:384} INFO - AWS Connection (conn_id='minio_finance', conn_type='aws') credentials retrieved from login and password.
[2026-01-19T13:11:54.343+0000] {logging_mixin.py:188} INFO - ✓ Read 8616 rows from bctc/2025-12-30/batch_357.csv
[2026-01-19T13:11:54.352+0000] {base.py:84} INFO - Using connection ID 'minio_finance' for task execution.
[2026-01-19T13:11:54.353+0000] {connection_wrapper.py:384} INFO - AWS Connection (conn_id='minio_finance', conn_type='aws') credentials retrieved from login and password.
[2026-01-19T13:11:54.517+0000] {logging_mixin.py:188} INFO - ✓ Read 6642 rows from bctc/2025-12-30/batch_358.csv
[2026-01-19T13:11:54.524+0000] {base.py:84} INFO - Using connection ID 'minio_finance' for task execution.
[2026-01-19T13:11:54.525+0000] {connection_wrapper.py:384} INFO - AWS Connection (conn_id='minio_finance', conn_type='aws') credentials retrieved from login and password.
[2026-01-19T13:11:54.679+0000] {logging_mixin.py:188} INFO - ✓ Read 7544 rows from bctc/2025-12-30/batch_359.csv
[2026-01-19T13:11:54.687+0000] {base.py:84} INFO - Using connection ID 'minio_finance' for task execution.
[2026-01-19T13:11:54.687+0000] {connection_wrapper.py:384} INFO - AWS Connection (conn_id='minio_finance', conn_type='aws') credentials retrieved from login and password.
[2026-01-19T13:11:54.827+0000] {logging_mixin.py:188} INFO - ✓ Read 7687 rows from bctc/2025-12-30/batch_36.csv
[2026-01-19T13:11:54.835+0000] {base.py:84} INFO - Using connection ID 'minio_finance' for task execution.
[2026-01-19T13:11:54.836+0000] {connection_wrapper.py:384} INFO - AWS Connection (conn_id='minio_finance', conn_type='aws') credentials retrieved from login and password.
[2026-01-19T13:11:54.995+0000] {logging_mixin.py:188} INFO - ✓ Read 3024 rows from bctc/2025-12-30/batch_360.csv
[2026-01-19T13:11:55.003+0000] {base.py:84} INFO - Using connection ID 'minio_finance' for task execution.
[2026-01-19T13:11:55.004+0000] {connection_wrapper.py:384} INFO - AWS Connection (conn_id='minio_finance', conn_type='aws') credentials retrieved from login and password.
[2026-01-19T13:11:55.124+0000] {logging_mixin.py:188} INFO - ✓ Read 5233 rows from bctc/2025-12-30/batch_361.csv
[2026-01-19T13:11:55.133+0000] {base.py:84} INFO - Using connection ID 'minio_finance' for task execution.
[2026-01-19T13:11:55.134+0000] {connection_wrapper.py:384} INFO - AWS Connection (conn_id='minio_finance', conn_type='aws') credentials retrieved from login and password.
[2026-01-19T13:11:55.301+0000] {logging_mixin.py:188} INFO - ✓ Read 6816 rows from bctc/2025-12-30/batch_362.csv
[2026-01-19T13:11:55.310+0000] {base.py:84} INFO - Using connection ID 'minio_finance' for task execution.
[2026-01-19T13:11:55.311+0000] {connection_wrapper.py:384} INFO - AWS Connection (conn_id='minio_finance', conn_type='aws') credentials retrieved from login and password.
[2026-01-19T13:11:55.482+0000] {logging_mixin.py:188} INFO - ✓ Read 8686 rows from bctc/2025-12-30/batch_363.csv
[2026-01-19T13:11:55.492+0000] {base.py:84} INFO - Using connection ID 'minio_finance' for task execution.
[2026-01-19T13:11:55.493+0000] {connection_wrapper.py:384} INFO - AWS Connection (conn_id='minio_finance', conn_type='aws') credentials retrieved from login and password.
[2026-01-19T13:11:55.626+0000] {logging_mixin.py:188} INFO - ✓ Read 2263 rows from bctc/2025-12-30/batch_364.csv
[2026-01-19T13:11:55.635+0000] {base.py:84} INFO - Using connection ID 'minio_finance' for task execution.
[2026-01-19T13:11:55.636+0000] {connection_wrapper.py:384} INFO - AWS Connection (conn_id='minio_finance', conn_type='aws') credentials retrieved from login and password.
[2026-01-19T13:11:55.784+0000] {logging_mixin.py:188} INFO - ✓ Read 9266 rows from bctc/2025-12-30/batch_365.csv
[2026-01-19T13:11:55.793+0000] {base.py:84} INFO - Using connection ID 'minio_finance' for task execution.
[2026-01-19T13:11:55.794+0000] {connection_wrapper.py:384} INFO - AWS Connection (conn_id='minio_finance', conn_type='aws') credentials retrieved from login and password.
[2026-01-19T13:11:55.943+0000] {logging_mixin.py:188} INFO - ✓ Read 6920 rows from bctc/2025-12-30/batch_366.csv
[2026-01-19T13:11:55.950+0000] {base.py:84} INFO - Using connection ID 'minio_finance' for task execution.
[2026-01-19T13:11:55.951+0000] {connection_wrapper.py:384} INFO - AWS Connection (conn_id='minio_finance', conn_type='aws') credentials retrieved from login and password.
[2026-01-19T13:11:56.066+0000] {logging_mixin.py:188} INFO - ✓ Read 3524 rows from bctc/2025-12-30/batch_367.csv
[2026-01-19T13:11:56.074+0000] {base.py:84} INFO - Using connection ID 'minio_finance' for task execution.
[2026-01-19T13:11:56.075+0000] {connection_wrapper.py:384} INFO - AWS Connection (conn_id='minio_finance', conn_type='aws') credentials retrieved from login and password.
[2026-01-19T13:11:56.770+0000] {logging_mixin.py:188} INFO - ✓ Read 6249 rows from bctc/2025-12-30/batch_368.csv
[2026-01-19T13:11:56.778+0000] {base.py:84} INFO - Using connection ID 'minio_finance' for task execution.
[2026-01-19T13:11:56.779+0000] {connection_wrapper.py:384} INFO - AWS Connection (conn_id='minio_finance', conn_type='aws') credentials retrieved from login and password.
[2026-01-19T13:11:56.930+0000] {logging_mixin.py:188} INFO - ✓ Read 7225 rows from bctc/2025-12-30/batch_369.csv
[2026-01-19T13:11:56.939+0000] {base.py:84} INFO - Using connection ID 'minio_finance' for task execution.
[2026-01-19T13:11:56.941+0000] {connection_wrapper.py:384} INFO - AWS Connection (conn_id='minio_finance', conn_type='aws') credentials retrieved from login and password.
[2026-01-19T13:11:57.123+0000] {logging_mixin.py:188} INFO - ✓ Read 7716 rows from bctc/2025-12-30/batch_37.csv
[2026-01-19T13:11:57.134+0000] {base.py:84} INFO - Using connection ID 'minio_finance' for task execution.
[2026-01-19T13:11:57.135+0000] {connection_wrapper.py:384} INFO - AWS Connection (conn_id='minio_finance', conn_type='aws') credentials retrieved from login and password.
[2026-01-19T13:11:57.274+0000] {logging_mixin.py:188} INFO - ✓ Read 180 rows from bctc/2025-12-30/batch_370.csv
[2026-01-19T13:11:57.281+0000] {base.py:84} INFO - Using connection ID 'minio_finance' for task execution.
[2026-01-19T13:11:57.282+0000] {connection_wrapper.py:384} INFO - AWS Connection (conn_id='minio_finance', conn_type='aws') credentials retrieved from login and password.
[2026-01-19T13:11:57.403+0000] {logging_mixin.py:188} INFO - ✓ Read 3852 rows from bctc/2025-12-30/batch_371.csv
[2026-01-19T13:11:57.410+0000] {base.py:84} INFO - Using connection ID 'minio_finance' for task execution.
[2026-01-19T13:11:57.411+0000] {connection_wrapper.py:384} INFO - AWS Connection (conn_id='minio_finance', conn_type='aws') credentials retrieved from login and password.
[2026-01-19T13:11:57.547+0000] {logging_mixin.py:188} INFO - ✓ Read 7803 rows from bctc/2025-12-30/batch_372.csv
[2026-01-19T13:11:57.555+0000] {base.py:84} INFO - Using connection ID 'minio_finance' for task execution.
[2026-01-19T13:11:57.556+0000] {connection_wrapper.py:384} INFO - AWS Connection (conn_id='minio_finance', conn_type='aws') credentials retrieved from login and password.
[2026-01-19T13:11:57.688+0000] {logging_mixin.py:188} INFO - ✓ Read 2448 rows from bctc/2025-12-30/batch_373.csv
[2026-01-19T13:11:57.696+0000] {base.py:84} INFO - Using connection ID 'minio_finance' for task execution.
[2026-01-19T13:11:57.697+0000] {connection_wrapper.py:384} INFO - AWS Connection (conn_id='minio_finance', conn_type='aws') credentials retrieved from login and password.
[2026-01-19T13:11:57.874+0000] {logging_mixin.py:188} INFO - ✓ Read 12124 rows from bctc/2025-12-30/batch_374.csv
[2026-01-19T13:11:57.885+0000] {base.py:84} INFO - Using connection ID 'minio_finance' for task execution.
[2026-01-19T13:11:57.886+0000] {connection_wrapper.py:384} INFO - AWS Connection (conn_id='minio_finance', conn_type='aws') credentials retrieved from login and password.
[2026-01-19T13:11:58.047+0000] {logging_mixin.py:188} INFO - ✓ Read 8446 rows from bctc/2025-12-30/batch_375.csv
[2026-01-19T13:11:58.055+0000] {base.py:84} INFO - Using connection ID 'minio_finance' for task execution.
[2026-01-19T13:11:58.056+0000] {connection_wrapper.py:384} INFO - AWS Connection (conn_id='minio_finance', conn_type='aws') credentials retrieved from login and password.
[2026-01-19T13:11:58.219+0000] {logging_mixin.py:188} INFO - ✓ Read 10957 rows from bctc/2025-12-30/batch_376.csv
[2026-01-19T13:11:58.228+0000] {base.py:84} INFO - Using connection ID 'minio_finance' for task execution.
[2026-01-19T13:11:58.228+0000] {connection_wrapper.py:384} INFO - AWS Connection (conn_id='minio_finance', conn_type='aws') credentials retrieved from login and password.
[2026-01-19T13:11:58.346+0000] {logging_mixin.py:188} INFO - ✓ Read 3002 rows from bctc/2025-12-30/batch_377.csv
[2026-01-19T13:11:58.355+0000] {base.py:84} INFO - Using connection ID 'minio_finance' for task execution.
[2026-01-19T13:11:58.356+0000] {connection_wrapper.py:384} INFO - AWS Connection (conn_id='minio_finance', conn_type='aws') credentials retrieved from login and password.
[2026-01-19T13:11:58.518+0000] {logging_mixin.py:188} INFO - ✓ Read 8976 rows from bctc/2025-12-30/batch_378.csv
[2026-01-19T13:11:58.524+0000] {base.py:84} INFO - Using connection ID 'minio_finance' for task execution.
[2026-01-19T13:11:58.525+0000] {connection_wrapper.py:384} INFO - AWS Connection (conn_id='minio_finance', conn_type='aws') credentials retrieved from login and password.
[2026-01-19T13:11:58.662+0000] {logging_mixin.py:188} INFO - ✓ Read 4557 rows from bctc/2025-12-30/batch_379.csv
[2026-01-19T13:11:58.670+0000] {base.py:84} INFO - Using connection ID 'minio_finance' for task execution.
[2026-01-19T13:11:58.671+0000] {connection_wrapper.py:384} INFO - AWS Connection (conn_id='minio_finance', conn_type='aws') credentials retrieved from login and password.
[2026-01-19T13:11:59.352+0000] {logging_mixin.py:188} INFO - ✓ Read 12901 rows from bctc/2025-12-30/batch_38.csv
[2026-01-19T13:11:59.360+0000] {base.py:84} INFO - Using connection ID 'minio_finance' for task execution.
[2026-01-19T13:11:59.361+0000] {connection_wrapper.py:384} INFO - AWS Connection (conn_id='minio_finance', conn_type='aws') credentials retrieved from login and password.
[2026-01-19T13:11:59.526+0000] {logging_mixin.py:188} INFO - ✓ Read 4488 rows from bctc/2025-12-30/batch_380.csv
[2026-01-19T13:11:59.533+0000] {base.py:84} INFO - Using connection ID 'minio_finance' for task execution.
[2026-01-19T13:11:59.534+0000] {connection_wrapper.py:384} INFO - AWS Connection (conn_id='minio_finance', conn_type='aws') credentials retrieved from login and password.
[2026-01-19T13:11:59.682+0000] {logging_mixin.py:188} INFO - ✓ Read 3804 rows from bctc/2025-12-30/batch_382.csv
[2026-01-19T13:11:59.689+0000] {base.py:84} INFO - Using connection ID 'minio_finance' for task execution.
[2026-01-19T13:11:59.690+0000] {connection_wrapper.py:384} INFO - AWS Connection (conn_id='minio_finance', conn_type='aws') credentials retrieved from login and password.
[2026-01-19T13:11:59.822+0000] {logging_mixin.py:188} INFO - ✓ Read 4320 rows from bctc/2025-12-30/batch_383.csv
[2026-01-19T13:11:59.830+0000] {base.py:84} INFO - Using connection ID 'minio_finance' for task execution.
[2026-01-19T13:11:59.831+0000] {connection_wrapper.py:384} INFO - AWS Connection (conn_id='minio_finance', conn_type='aws') credentials retrieved from login and password.
[2026-01-19T13:11:59.970+0000] {logging_mixin.py:188} INFO - ✓ Read 2134 rows from bctc/2025-12-30/batch_384.csv
[2026-01-19T13:11:59.978+0000] {base.py:84} INFO - Using connection ID 'minio_finance' for task execution.
[2026-01-19T13:11:59.979+0000] {connection_wrapper.py:384} INFO - AWS Connection (conn_id='minio_finance', conn_type='aws') credentials retrieved from login and password.
[2026-01-19T13:12:00.136+0000] {logging_mixin.py:188} INFO - ✓ Read 8653 rows from bctc/2025-12-30/batch_385.csv
[2026-01-19T13:12:00.143+0000] {base.py:84} INFO - Using connection ID 'minio_finance' for task execution.
[2026-01-19T13:12:00.144+0000] {connection_wrapper.py:384} INFO - AWS Connection (conn_id='minio_finance', conn_type='aws') credentials retrieved from login and password.
[2026-01-19T13:12:00.317+0000] {logging_mixin.py:188} INFO - ✓ Read 13483 rows from bctc/2025-12-30/batch_386.csv
[2026-01-19T13:12:00.326+0000] {base.py:84} INFO - Using connection ID 'minio_finance' for task execution.
[2026-01-19T13:12:00.327+0000] {connection_wrapper.py:384} INFO - AWS Connection (conn_id='minio_finance', conn_type='aws') credentials retrieved from login and password.
[2026-01-19T13:12:00.449+0000] {logging_mixin.py:188} INFO - ✓ Read 1444 rows from bctc/2025-12-30/batch_387.csv
[2026-01-19T13:12:00.455+0000] {base.py:84} INFO - Using connection ID 'minio_finance' for task execution.
[2026-01-19T13:12:00.456+0000] {connection_wrapper.py:384} INFO - AWS Connection (conn_id='minio_finance', conn_type='aws') credentials retrieved from login and password.
[2026-01-19T13:12:00.581+0000] {logging_mixin.py:188} INFO - ✓ Read 8454 rows from bctc/2025-12-30/batch_388.csv
[2026-01-19T13:12:00.589+0000] {base.py:84} INFO - Using connection ID 'minio_finance' for task execution.
[2026-01-19T13:12:00.590+0000] {connection_wrapper.py:384} INFO - AWS Connection (conn_id='minio_finance', conn_type='aws') credentials retrieved from login and password.
[2026-01-19T13:12:00.698+0000] {logging_mixin.py:188} INFO - ✓ Read 6501 rows from bctc/2025-12-30/batch_389.csv
[2026-01-19T13:12:00.704+0000] {base.py:84} INFO - Using connection ID 'minio_finance' for task execution.
[2026-01-19T13:12:00.705+0000] {connection_wrapper.py:384} INFO - AWS Connection (conn_id='minio_finance', conn_type='aws') credentials retrieved from login and password.
[2026-01-19T13:12:00.847+0000] {logging_mixin.py:188} INFO - ✓ Read 8050 rows from bctc/2025-12-30/batch_39.csv
[2026-01-19T13:12:00.855+0000] {base.py:84} INFO - Using connection ID 'minio_finance' for task execution.
[2026-01-19T13:12:00.856+0000] {connection_wrapper.py:384} INFO - AWS Connection (conn_id='minio_finance', conn_type='aws') credentials retrieved from login and password.
[2026-01-19T13:12:01.014+0000] {logging_mixin.py:188} INFO - ✓ Read 6715 rows from bctc/2025-12-30/batch_390.csv
[2026-01-19T13:12:01.022+0000] {base.py:84} INFO - Using connection ID 'minio_finance' for task execution.
[2026-01-19T13:12:01.024+0000] {connection_wrapper.py:384} INFO - AWS Connection (conn_id='minio_finance', conn_type='aws') credentials retrieved from login and password.
[2026-01-19T13:12:01.179+0000] {logging_mixin.py:188} INFO - ✓ Read 7770 rows from bctc/2025-12-30/batch_391.csv
[2026-01-19T13:12:01.188+0000] {base.py:84} INFO - Using connection ID 'minio_finance' for task execution.
[2026-01-19T13:12:01.189+0000] {connection_wrapper.py:384} INFO - AWS Connection (conn_id='minio_finance', conn_type='aws') credentials retrieved from login and password.
[2026-01-19T13:12:01.950+0000] {logging_mixin.py:188} INFO - ✓ Read 4992 rows from bctc/2025-12-30/batch_392.csv
[2026-01-19T13:12:01.961+0000] {base.py:84} INFO - Using connection ID 'minio_finance' for task execution.
[2026-01-19T13:12:01.963+0000] {connection_wrapper.py:384} INFO - AWS Connection (conn_id='minio_finance', conn_type='aws') credentials retrieved from login and password.
[2026-01-19T13:12:02.164+0000] {logging_mixin.py:188} INFO - ✓ Read 12699 rows from bctc/2025-12-30/batch_393.csv
[2026-01-19T13:12:02.173+0000] {base.py:84} INFO - Using connection ID 'minio_finance' for task execution.
[2026-01-19T13:12:02.174+0000] {connection_wrapper.py:384} INFO - AWS Connection (conn_id='minio_finance', conn_type='aws') credentials retrieved from login and password.
[2026-01-19T13:12:02.344+0000] {logging_mixin.py:188} INFO - ✓ Read 7365 rows from bctc/2025-12-30/batch_394.csv
[2026-01-19T13:12:02.356+0000] {base.py:84} INFO - Using connection ID 'minio_finance' for task execution.
[2026-01-19T13:12:02.357+0000] {connection_wrapper.py:384} INFO - AWS Connection (conn_id='minio_finance', conn_type='aws') credentials retrieved from login and password.
[2026-01-19T13:12:02.571+0000] {logging_mixin.py:188} INFO - ✓ Read 13505 rows from bctc/2025-12-30/batch_395.csv
[2026-01-19T13:12:02.580+0000] {base.py:84} INFO - Using connection ID 'minio_finance' for task execution.
[2026-01-19T13:12:02.581+0000] {connection_wrapper.py:384} INFO - AWS Connection (conn_id='minio_finance', conn_type='aws') credentials retrieved from login and password.
[2026-01-19T13:12:02.747+0000] {logging_mixin.py:188} INFO - ✓ Read 10833 rows from bctc/2025-12-30/batch_396.csv
[2026-01-19T13:12:02.754+0000] {base.py:84} INFO - Using connection ID 'minio_finance' for task execution.
[2026-01-19T13:12:02.755+0000] {connection_wrapper.py:384} INFO - AWS Connection (conn_id='minio_finance', conn_type='aws') credentials retrieved from login and password.
[2026-01-19T13:12:02.885+0000] {logging_mixin.py:188} INFO - ✓ Read 1118 rows from bctc/2025-12-30/batch_397.csv
[2026-01-19T13:12:02.892+0000] {base.py:84} INFO - Using connection ID 'minio_finance' for task execution.
[2026-01-19T13:12:02.893+0000] {connection_wrapper.py:384} INFO - AWS Connection (conn_id='minio_finance', conn_type='aws') credentials retrieved from login and password.
[2026-01-19T13:12:03.032+0000] {logging_mixin.py:188} INFO - ✓ Read 8048 rows from bctc/2025-12-30/batch_398.csv
[2026-01-19T13:12:03.040+0000] {base.py:84} INFO - Using connection ID 'minio_finance' for task execution.
[2026-01-19T13:12:03.041+0000] {connection_wrapper.py:384} INFO - AWS Connection (conn_id='minio_finance', conn_type='aws') credentials retrieved from login and password.
[2026-01-19T13:12:03.156+0000] {logging_mixin.py:188} INFO - ✓ Read 2989 rows from bctc/2025-12-30/batch_4.csv
[2026-01-19T13:12:03.164+0000] {base.py:84} INFO - Using connection ID 'minio_finance' for task execution.
[2026-01-19T13:12:03.164+0000] {connection_wrapper.py:384} INFO - AWS Connection (conn_id='minio_finance', conn_type='aws') credentials retrieved from login and password.
[2026-01-19T13:12:03.299+0000] {logging_mixin.py:188} INFO - ✓ Read 3672 rows from bctc/2025-12-30/batch_40.csv
[2026-01-19T13:12:03.306+0000] {base.py:84} INFO - Using connection ID 'minio_finance' for task execution.
[2026-01-19T13:12:03.306+0000] {connection_wrapper.py:384} INFO - AWS Connection (conn_id='minio_finance', conn_type='aws') credentials retrieved from login and password.
[2026-01-19T13:12:03.443+0000] {logging_mixin.py:188} INFO - ✓ Read 11280 rows from bctc/2025-12-30/batch_400.csv
[2026-01-19T13:12:03.452+0000] {base.py:84} INFO - Using connection ID 'minio_finance' for task execution.
[2026-01-19T13:12:03.453+0000] {connection_wrapper.py:384} INFO - AWS Connection (conn_id='minio_finance', conn_type='aws') credentials retrieved from login and password.
[2026-01-19T13:12:03.585+0000] {logging_mixin.py:188} INFO - ✓ Read 1335 rows from bctc/2025-12-30/batch_401.csv
[2026-01-19T13:12:03.592+0000] {base.py:84} INFO - Using connection ID 'minio_finance' for task execution.
[2026-01-19T13:12:03.593+0000] {connection_wrapper.py:384} INFO - AWS Connection (conn_id='minio_finance', conn_type='aws') credentials retrieved from login and password.
[2026-01-19T13:12:03.716+0000] {logging_mixin.py:188} INFO - ✓ Read 10267 rows from bctc/2025-12-30/batch_402.csv
[2026-01-19T13:12:03.724+0000] {base.py:84} INFO - Using connection ID 'minio_finance' for task execution.
[2026-01-19T13:12:03.724+0000] {connection_wrapper.py:384} INFO - AWS Connection (conn_id='minio_finance', conn_type='aws') credentials retrieved from login and password.
[2026-01-19T13:12:03.872+0000] {logging_mixin.py:188} INFO - ✓ Read 9102 rows from bctc/2025-12-30/batch_403.csv
[2026-01-19T13:12:03.879+0000] {base.py:84} INFO - Using connection ID 'minio_finance' for task execution.
[2026-01-19T13:12:03.880+0000] {connection_wrapper.py:384} INFO - AWS Connection (conn_id='minio_finance', conn_type='aws') credentials retrieved from login and password.
[2026-01-19T13:12:03.997+0000] {logging_mixin.py:188} INFO - ✓ Read 8670 rows from bctc/2025-12-30/batch_404.csv
[2026-01-19T13:12:04.004+0000] {base.py:84} INFO - Using connection ID 'minio_finance' for task execution.
[2026-01-19T13:12:04.005+0000] {connection_wrapper.py:384} INFO - AWS Connection (conn_id='minio_finance', conn_type='aws') credentials retrieved from login and password.
[2026-01-19T13:12:04.669+0000] {logging_mixin.py:188} INFO - ✓ Read 11229 rows from bctc/2025-12-30/batch_405.csv
[2026-01-19T13:12:04.677+0000] {base.py:84} INFO - Using connection ID 'minio_finance' for task execution.
[2026-01-19T13:12:04.678+0000] {connection_wrapper.py:384} INFO - AWS Connection (conn_id='minio_finance', conn_type='aws') credentials retrieved from login and password.
[2026-01-19T13:12:04.827+0000] {logging_mixin.py:188} INFO - ✓ Read 6354 rows from bctc/2025-12-30/batch_406.csv
[2026-01-19T13:12:04.835+0000] {base.py:84} INFO - Using connection ID 'minio_finance' for task execution.
[2026-01-19T13:12:04.836+0000] {connection_wrapper.py:384} INFO - AWS Connection (conn_id='minio_finance', conn_type='aws') credentials retrieved from login and password.
[2026-01-19T13:12:04.985+0000] {logging_mixin.py:188} INFO - ✓ Read 5632 rows from bctc/2025-12-30/batch_407.csv
[2026-01-19T13:12:04.994+0000] {base.py:84} INFO - Using connection ID 'minio_finance' for task execution.
[2026-01-19T13:12:04.995+0000] {connection_wrapper.py:384} INFO - AWS Connection (conn_id='minio_finance', conn_type='aws') credentials retrieved from login and password.
[2026-01-19T13:12:05.137+0000] {logging_mixin.py:188} INFO - ✓ Read 7399 rows from bctc/2025-12-30/batch_408.csv
[2026-01-19T13:12:05.147+0000] {base.py:84} INFO - Using connection ID 'minio_finance' for task execution.
[2026-01-19T13:12:05.148+0000] {connection_wrapper.py:384} INFO - AWS Connection (conn_id='minio_finance', conn_type='aws') credentials retrieved from login and password.
[2026-01-19T13:12:05.278+0000] {logging_mixin.py:188} INFO - ✓ Read 2492 rows from bctc/2025-12-30/batch_409.csv
[2026-01-19T13:12:05.287+0000] {base.py:84} INFO - Using connection ID 'minio_finance' for task execution.
[2026-01-19T13:12:05.288+0000] {connection_wrapper.py:384} INFO - AWS Connection (conn_id='minio_finance', conn_type='aws') credentials retrieved from login and password.
[2026-01-19T13:12:05.440+0000] {logging_mixin.py:188} INFO - ✓ Read 10275 rows from bctc/2025-12-30/batch_41.csv
[2026-01-19T13:12:05.452+0000] {base.py:84} INFO - Using connection ID 'minio_finance' for task execution.
[2026-01-19T13:12:05.453+0000] {connection_wrapper.py:384} INFO - AWS Connection (conn_id='minio_finance', conn_type='aws') credentials retrieved from login and password.
[2026-01-19T13:12:05.633+0000] {logging_mixin.py:188} INFO - ✓ Read 9419 rows from bctc/2025-12-30/batch_410.csv
[2026-01-19T13:12:05.642+0000] {base.py:84} INFO - Using connection ID 'minio_finance' for task execution.
[2026-01-19T13:12:05.644+0000] {connection_wrapper.py:384} INFO - AWS Connection (conn_id='minio_finance', conn_type='aws') credentials retrieved from login and password.
[2026-01-19T13:12:05.834+0000] {logging_mixin.py:188} INFO - ✓ Read 8428 rows from bctc/2025-12-30/batch_411.csv
[2026-01-19T13:12:05.844+0000] {base.py:84} INFO - Using connection ID 'minio_finance' for task execution.
[2026-01-19T13:12:05.845+0000] {connection_wrapper.py:384} INFO - AWS Connection (conn_id='minio_finance', conn_type='aws') credentials retrieved from login and password.
[2026-01-19T13:12:06.002+0000] {logging_mixin.py:188} INFO - ✓ Read 335 rows from bctc/2025-12-30/batch_412.csv
[2026-01-19T13:12:06.013+0000] {base.py:84} INFO - Using connection ID 'minio_finance' for task execution.
[2026-01-19T13:12:06.014+0000] {connection_wrapper.py:384} INFO - AWS Connection (conn_id='minio_finance', conn_type='aws') credentials retrieved from login and password.
[2026-01-19T13:12:06.220+0000] {logging_mixin.py:188} INFO - ✓ Read 2992 rows from bctc/2025-12-30/batch_413.csv
[2026-01-19T13:12:06.230+0000] {base.py:84} INFO - Using connection ID 'minio_finance' for task execution.
[2026-01-19T13:12:06.231+0000] {connection_wrapper.py:384} INFO - AWS Connection (conn_id='minio_finance', conn_type='aws') credentials retrieved from login and password.
[2026-01-19T13:12:06.439+0000] {logging_mixin.py:188} INFO - ✓ Read 14485 rows from bctc/2025-12-30/batch_414.csv
[2026-01-19T13:12:06.450+0000] {base.py:84} INFO - Using connection ID 'minio_finance' for task execution.
[2026-01-19T13:12:06.451+0000] {connection_wrapper.py:384} INFO - AWS Connection (conn_id='minio_finance', conn_type='aws') credentials retrieved from login and password.
[2026-01-19T13:12:06.668+0000] {logging_mixin.py:188} INFO - ✓ Read 13398 rows from bctc/2025-12-30/batch_415.csv
[2026-01-19T13:12:06.685+0000] {base.py:84} INFO - Using connection ID 'minio_finance' for task execution.
[2026-01-19T13:12:06.686+0000] {connection_wrapper.py:384} INFO - AWS Connection (conn_id='minio_finance', conn_type='aws') credentials retrieved from login and password.
[2026-01-19T13:12:06.905+0000] {logging_mixin.py:188} INFO - ✓ Read 9546 rows from bctc/2025-12-30/batch_416.csv
[2026-01-19T13:12:06.921+0000] {base.py:84} INFO - Using connection ID 'minio_finance' for task execution.
[2026-01-19T13:12:06.922+0000] {connection_wrapper.py:384} INFO - AWS Connection (conn_id='minio_finance', conn_type='aws') credentials retrieved from login and password.
[2026-01-19T13:12:07.687+0000] {logging_mixin.py:188} INFO - ✓ Read 2993 rows from bctc/2025-12-30/batch_417.csv
[2026-01-19T13:12:07.696+0000] {base.py:84} INFO - Using connection ID 'minio_finance' for task execution.
[2026-01-19T13:12:07.697+0000] {connection_wrapper.py:384} INFO - AWS Connection (conn_id='minio_finance', conn_type='aws') credentials retrieved from login and password.
[2026-01-19T13:12:07.871+0000] {logging_mixin.py:188} INFO - ✓ Read 9506 rows from bctc/2025-12-30/batch_418.csv
[2026-01-19T13:12:07.885+0000] {base.py:84} INFO - Using connection ID 'minio_finance' for task execution.
[2026-01-19T13:12:07.887+0000] {connection_wrapper.py:384} INFO - AWS Connection (conn_id='minio_finance', conn_type='aws') credentials retrieved from login and password.
[2026-01-19T13:12:08.071+0000] {logging_mixin.py:188} INFO - ✓ Read 9894 rows from bctc/2025-12-30/batch_419.csv
[2026-01-19T13:12:08.080+0000] {base.py:84} INFO - Using connection ID 'minio_finance' for task execution.
[2026-01-19T13:12:08.081+0000] {connection_wrapper.py:384} INFO - AWS Connection (conn_id='minio_finance', conn_type='aws') credentials retrieved from login and password.
[2026-01-19T13:12:08.265+0000] {logging_mixin.py:188} INFO - ✓ Read 14331 rows from bctc/2025-12-30/batch_42.csv
[2026-01-19T13:12:08.275+0000] {base.py:84} INFO - Using connection ID 'minio_finance' for task execution.
[2026-01-19T13:12:08.276+0000] {connection_wrapper.py:384} INFO - AWS Connection (conn_id='minio_finance', conn_type='aws') credentials retrieved from login and password.
[2026-01-19T13:12:08.381+0000] {logging_mixin.py:188} INFO - ✓ Read 81 rows from bctc/2025-12-30/batch_420.csv
[2026-01-19T13:12:08.391+0000] {base.py:84} INFO - Using connection ID 'minio_finance' for task execution.
[2026-01-19T13:12:08.392+0000] {connection_wrapper.py:384} INFO - AWS Connection (conn_id='minio_finance', conn_type='aws') credentials retrieved from login and password.
[2026-01-19T13:12:08.583+0000] {logging_mixin.py:188} INFO - ✓ Read 11387 rows from bctc/2025-12-30/batch_421.csv
[2026-01-19T13:12:08.600+0000] {base.py:84} INFO - Using connection ID 'minio_finance' for task execution.
[2026-01-19T13:12:08.601+0000] {connection_wrapper.py:384} INFO - AWS Connection (conn_id='minio_finance', conn_type='aws') credentials retrieved from login and password.
[2026-01-19T13:12:08.765+0000] {logging_mixin.py:188} INFO - ✓ Read 4943 rows from bctc/2025-12-30/batch_422.csv
[2026-01-19T13:12:08.774+0000] {base.py:84} INFO - Using connection ID 'minio_finance' for task execution.
[2026-01-19T13:12:08.775+0000] {connection_wrapper.py:384} INFO - AWS Connection (conn_id='minio_finance', conn_type='aws') credentials retrieved from login and password.
[2026-01-19T13:12:08.892+0000] {logging_mixin.py:188} INFO - ✓ Read 1159 rows from bctc/2025-12-30/batch_423.csv
[2026-01-19T13:12:08.916+0000] {base.py:84} INFO - Using connection ID 'minio_finance' for task execution.
[2026-01-19T13:12:08.917+0000] {connection_wrapper.py:384} INFO - AWS Connection (conn_id='minio_finance', conn_type='aws') credentials retrieved from login and password.
[2026-01-19T13:12:09.083+0000] {logging_mixin.py:188} INFO - ✓ Read 12341 rows from bctc/2025-12-30/batch_424.csv
[2026-01-19T13:12:09.095+0000] {base.py:84} INFO - Using connection ID 'minio_finance' for task execution.
[2026-01-19T13:12:09.095+0000] {connection_wrapper.py:384} INFO - AWS Connection (conn_id='minio_finance', conn_type='aws') credentials retrieved from login and password.
[2026-01-19T13:12:09.265+0000] {logging_mixin.py:188} INFO - ✓ Read 12525 rows from bctc/2025-12-30/batch_425.csv
[2026-01-19T13:12:09.278+0000] {base.py:84} INFO - Using connection ID 'minio_finance' for task execution.
[2026-01-19T13:12:09.280+0000] {connection_wrapper.py:384} INFO - AWS Connection (conn_id='minio_finance', conn_type='aws') credentials retrieved from login and password.
[2026-01-19T13:12:09.400+0000] {logging_mixin.py:188} INFO - ✓ Read 1507 rows from bctc/2025-12-30/batch_426.csv
[2026-01-19T13:12:09.410+0000] {base.py:84} INFO - Using connection ID 'minio_finance' for task execution.
[2026-01-19T13:12:09.411+0000] {connection_wrapper.py:384} INFO - AWS Connection (conn_id='minio_finance', conn_type='aws') credentials retrieved from login and password.
[2026-01-19T13:12:09.593+0000] {logging_mixin.py:188} INFO - ✓ Read 8493 rows from bctc/2025-12-30/batch_427.csv
[2026-01-19T13:12:09.602+0000] {base.py:84} INFO - Using connection ID 'minio_finance' for task execution.
[2026-01-19T13:12:09.603+0000] {connection_wrapper.py:384} INFO - AWS Connection (conn_id='minio_finance', conn_type='aws') credentials retrieved from login and password.
[2026-01-19T13:12:09.752+0000] {logging_mixin.py:188} INFO - ✓ Read 6128 rows from bctc/2025-12-30/batch_428.csv
[2026-01-19T13:12:09.762+0000] {base.py:84} INFO - Using connection ID 'minio_finance' for task execution.
[2026-01-19T13:12:09.763+0000] {connection_wrapper.py:384} INFO - AWS Connection (conn_id='minio_finance', conn_type='aws') credentials retrieved from login and password.
[2026-01-19T13:12:10.481+0000] {logging_mixin.py:188} INFO - ✓ Read 10367 rows from bctc/2025-12-30/batch_429.csv
[2026-01-19T13:12:10.490+0000] {base.py:84} INFO - Using connection ID 'minio_finance' for task execution.
[2026-01-19T13:12:10.491+0000] {connection_wrapper.py:384} INFO - AWS Connection (conn_id='minio_finance', conn_type='aws') credentials retrieved from login and password.
[2026-01-19T13:12:10.642+0000] {logging_mixin.py:188} INFO - ✓ Read 8147 rows from bctc/2025-12-30/batch_43.csv
[2026-01-19T13:12:10.650+0000] {base.py:84} INFO - Using connection ID 'minio_finance' for task execution.
[2026-01-19T13:12:10.651+0000] {connection_wrapper.py:384} INFO - AWS Connection (conn_id='minio_finance', conn_type='aws') credentials retrieved from login and password.
[2026-01-19T13:12:10.778+0000] {logging_mixin.py:188} INFO - ✓ Read 5110 rows from bctc/2025-12-30/batch_430.csv
[2026-01-19T13:12:10.787+0000] {base.py:84} INFO - Using connection ID 'minio_finance' for task execution.
[2026-01-19T13:12:10.788+0000] {connection_wrapper.py:384} INFO - AWS Connection (conn_id='minio_finance', conn_type='aws') credentials retrieved from login and password.
[2026-01-19T13:12:10.953+0000] {logging_mixin.py:188} INFO - ✓ Read 3749 rows from bctc/2025-12-30/batch_431.csv
[2026-01-19T13:12:10.960+0000] {base.py:84} INFO - Using connection ID 'minio_finance' for task execution.
[2026-01-19T13:12:10.962+0000] {connection_wrapper.py:384} INFO - AWS Connection (conn_id='minio_finance', conn_type='aws') credentials retrieved from login and password.
[2026-01-19T13:12:11.113+0000] {logging_mixin.py:188} INFO - ✓ Read 7539 rows from bctc/2025-12-30/batch_432.csv
[2026-01-19T13:12:11.121+0000] {base.py:84} INFO - Using connection ID 'minio_finance' for task execution.
[2026-01-19T13:12:11.122+0000] {connection_wrapper.py:384} INFO - AWS Connection (conn_id='minio_finance', conn_type='aws') credentials retrieved from login and password.
[2026-01-19T13:12:11.251+0000] {logging_mixin.py:188} INFO - ✓ Read 2646 rows from bctc/2025-12-30/batch_433.csv
[2026-01-19T13:12:11.258+0000] {base.py:84} INFO - Using connection ID 'minio_finance' for task execution.
[2026-01-19T13:12:11.259+0000] {connection_wrapper.py:384} INFO - AWS Connection (conn_id='minio_finance', conn_type='aws') credentials retrieved from login and password.
[2026-01-19T13:12:11.397+0000] {logging_mixin.py:188} INFO - ✓ Read 3681 rows from bctc/2025-12-30/batch_434.csv
[2026-01-19T13:12:11.404+0000] {base.py:84} INFO - Using connection ID 'minio_finance' for task execution.
[2026-01-19T13:12:11.405+0000] {connection_wrapper.py:384} INFO - AWS Connection (conn_id='minio_finance', conn_type='aws') credentials retrieved from login and password.
[2026-01-19T13:12:11.554+0000] {logging_mixin.py:188} INFO - ✓ Read 11063 rows from bctc/2025-12-30/batch_435.csv
[2026-01-19T13:12:11.562+0000] {base.py:84} INFO - Using connection ID 'minio_finance' for task execution.
[2026-01-19T13:12:11.564+0000] {connection_wrapper.py:384} INFO - AWS Connection (conn_id='minio_finance', conn_type='aws') credentials retrieved from login and password.
[2026-01-19T13:12:11.692+0000] {logging_mixin.py:188} INFO - ✓ Read 2746 rows from bctc/2025-12-30/batch_436.csv
[2026-01-19T13:12:11.700+0000] {base.py:84} INFO - Using connection ID 'minio_finance' for task execution.
[2026-01-19T13:12:11.701+0000] {connection_wrapper.py:384} INFO - AWS Connection (conn_id='minio_finance', conn_type='aws') credentials retrieved from login and password.
[2026-01-19T13:12:11.831+0000] {logging_mixin.py:188} INFO - ✓ Read 8326 rows from bctc/2025-12-30/batch_437.csv
[2026-01-19T13:12:11.838+0000] {base.py:84} INFO - Using connection ID 'minio_finance' for task execution.
[2026-01-19T13:12:11.840+0000] {connection_wrapper.py:384} INFO - AWS Connection (conn_id='minio_finance', conn_type='aws') credentials retrieved from login and password.
[2026-01-19T13:12:11.964+0000] {logging_mixin.py:188} INFO - ✓ Read 3878 rows from bctc/2025-12-30/batch_438.csv
[2026-01-19T13:12:11.971+0000] {base.py:84} INFO - Using connection ID 'minio_finance' for task execution.
[2026-01-19T13:12:11.972+0000] {connection_wrapper.py:384} INFO - AWS Connection (conn_id='minio_finance', conn_type='aws') credentials retrieved from login and password.
[2026-01-19T13:12:12.113+0000] {logging_mixin.py:188} INFO - ✓ Read 7216 rows from bctc/2025-12-30/batch_439.csv
[2026-01-19T13:12:12.122+0000] {base.py:84} INFO - Using connection ID 'minio_finance' for task execution.
[2026-01-19T13:12:12.123+0000] {connection_wrapper.py:384} INFO - AWS Connection (conn_id='minio_finance', conn_type='aws') credentials retrieved from login and password.
[2026-01-19T13:12:12.269+0000] {logging_mixin.py:188} INFO - ✓ Read 8563 rows from bctc/2025-12-30/batch_44.csv
[2026-01-19T13:12:12.276+0000] {base.py:84} INFO - Using connection ID 'minio_finance' for task execution.
[2026-01-19T13:12:12.277+0000] {connection_wrapper.py:384} INFO - AWS Connection (conn_id='minio_finance', conn_type='aws') credentials retrieved from login and password.
[2026-01-19T13:12:12.932+0000] {logging_mixin.py:188} INFO - ✓ Read 6654 rows from bctc/2025-12-30/batch_440.csv
[2026-01-19T13:12:12.940+0000] {base.py:84} INFO - Using connection ID 'minio_finance' for task execution.
[2026-01-19T13:12:12.941+0000] {connection_wrapper.py:384} INFO - AWS Connection (conn_id='minio_finance', conn_type='aws') credentials retrieved from login and password.
[2026-01-19T13:12:13.087+0000] {logging_mixin.py:188} INFO - ✓ Read 9526 rows from bctc/2025-12-30/batch_441.csv
[2026-01-19T13:12:13.097+0000] {base.py:84} INFO - Using connection ID 'minio_finance' for task execution.
[2026-01-19T13:12:13.098+0000] {connection_wrapper.py:384} INFO - AWS Connection (conn_id='minio_finance', conn_type='aws') credentials retrieved from login and password.
[2026-01-19T13:12:13.277+0000] {logging_mixin.py:188} INFO - ✓ Read 8882 rows from bctc/2025-12-30/batch_442.csv
[2026-01-19T13:12:13.286+0000] {base.py:84} INFO - Using connection ID 'minio_finance' for task execution.
[2026-01-19T13:12:13.287+0000] {connection_wrapper.py:384} INFO - AWS Connection (conn_id='minio_finance', conn_type='aws') credentials retrieved from login and password.
[2026-01-19T13:12:13.441+0000] {logging_mixin.py:188} INFO - ✓ Read 10807 rows from bctc/2025-12-30/batch_443.csv
[2026-01-19T13:12:13.449+0000] {base.py:84} INFO - Using connection ID 'minio_finance' for task execution.
[2026-01-19T13:12:13.450+0000] {connection_wrapper.py:384} INFO - AWS Connection (conn_id='minio_finance', conn_type='aws') credentials retrieved from login and password.
[2026-01-19T13:12:13.596+0000] {logging_mixin.py:188} INFO - ✓ Read 10647 rows from bctc/2025-12-30/batch_444.csv
[2026-01-19T13:12:13.604+0000] {base.py:84} INFO - Using connection ID 'minio_finance' for task execution.
[2026-01-19T13:12:13.605+0000] {connection_wrapper.py:384} INFO - AWS Connection (conn_id='minio_finance', conn_type='aws') credentials retrieved from login and password.
[2026-01-19T13:12:13.740+0000] {logging_mixin.py:188} INFO - ✓ Read 4901 rows from bctc/2025-12-30/batch_445.csv
[2026-01-19T13:12:13.749+0000] {base.py:84} INFO - Using connection ID 'minio_finance' for task execution.
[2026-01-19T13:12:13.750+0000] {connection_wrapper.py:384} INFO - AWS Connection (conn_id='minio_finance', conn_type='aws') credentials retrieved from login and password.
[2026-01-19T13:12:13.895+0000] {logging_mixin.py:188} INFO - ✓ Read 6329 rows from bctc/2025-12-30/batch_446.csv
[2026-01-19T13:12:13.903+0000] {base.py:84} INFO - Using connection ID 'minio_finance' for task execution.
[2026-01-19T13:12:13.904+0000] {connection_wrapper.py:384} INFO - AWS Connection (conn_id='minio_finance', conn_type='aws') credentials retrieved from login and password.
[2026-01-19T13:12:14.026+0000] {logging_mixin.py:188} INFO - ✓ Read 8048 rows from bctc/2025-12-30/batch_447.csv
[2026-01-19T13:12:14.034+0000] {base.py:84} INFO - Using connection ID 'minio_finance' for task execution.
[2026-01-19T13:12:14.034+0000] {connection_wrapper.py:384} INFO - AWS Connection (conn_id='minio_finance', conn_type='aws') credentials retrieved from login and password.
[2026-01-19T13:12:14.170+0000] {logging_mixin.py:188} INFO - ✓ Read 3906 rows from bctc/2025-12-30/batch_448.csv
[2026-01-19T13:12:14.179+0000] {base.py:84} INFO - Using connection ID 'minio_finance' for task execution.
[2026-01-19T13:12:14.180+0000] {connection_wrapper.py:384} INFO - AWS Connection (conn_id='minio_finance', conn_type='aws') credentials retrieved from login and password.
[2026-01-19T13:12:14.354+0000] {logging_mixin.py:188} INFO - ✓ Read 7871 rows from bctc/2025-12-30/batch_449.csv
[2026-01-19T13:12:14.365+0000] {base.py:84} INFO - Using connection ID 'minio_finance' for task execution.
[2026-01-19T13:12:14.366+0000] {connection_wrapper.py:384} INFO - AWS Connection (conn_id='minio_finance', conn_type='aws') credentials retrieved from login and password.
[2026-01-19T13:12:14.523+0000] {logging_mixin.py:188} INFO - ✓ Read 8732 rows from bctc/2025-12-30/batch_45.csv
[2026-01-19T13:12:14.534+0000] {base.py:84} INFO - Using connection ID 'minio_finance' for task execution.
[2026-01-19T13:12:14.535+0000] {connection_wrapper.py:384} INFO - AWS Connection (conn_id='minio_finance', conn_type='aws') credentials retrieved from login and password.
[2026-01-19T13:12:14.673+0000] {logging_mixin.py:188} INFO - ✓ Read 6867 rows from bctc/2025-12-30/batch_450.csv
[2026-01-19T13:12:14.682+0000] {base.py:84} INFO - Using connection ID 'minio_finance' for task execution.
[2026-01-19T13:12:14.683+0000] {connection_wrapper.py:384} INFO - AWS Connection (conn_id='minio_finance', conn_type='aws') credentials retrieved from login and password.
[2026-01-19T13:12:14.812+0000] {logging_mixin.py:188} INFO - ✓ Read 4142 rows from bctc/2025-12-30/batch_451.csv
[2026-01-19T13:12:14.820+0000] {base.py:84} INFO - Using connection ID 'minio_finance' for task execution.
[2026-01-19T13:12:14.821+0000] {connection_wrapper.py:384} INFO - AWS Connection (conn_id='minio_finance', conn_type='aws') credentials retrieved from login and password.
[2026-01-19T13:12:14.937+0000] {logging_mixin.py:188} INFO - ✓ Read 2739 rows from bctc/2025-12-30/batch_452.csv
[2026-01-19T13:12:14.945+0000] {base.py:84} INFO - Using connection ID 'minio_finance' for task execution.
[2026-01-19T13:12:14.946+0000] {connection_wrapper.py:384} INFO - AWS Connection (conn_id='minio_finance', conn_type='aws') credentials retrieved from login and password.
[2026-01-19T13:12:15.638+0000] {logging_mixin.py:188} INFO - ✓ Read 7697 rows from bctc/2025-12-30/batch_453.csv
[2026-01-19T13:12:15.649+0000] {base.py:84} INFO - Using connection ID 'minio_finance' for task execution.
[2026-01-19T13:12:15.650+0000] {connection_wrapper.py:384} INFO - AWS Connection (conn_id='minio_finance', conn_type='aws') credentials retrieved from login and password.
[2026-01-19T13:12:15.786+0000] {logging_mixin.py:188} INFO - ✓ Read 5121 rows from bctc/2025-12-30/batch_454.csv
[2026-01-19T13:12:15.793+0000] {base.py:84} INFO - Using connection ID 'minio_finance' for task execution.
[2026-01-19T13:12:15.794+0000] {connection_wrapper.py:384} INFO - AWS Connection (conn_id='minio_finance', conn_type='aws') credentials retrieved from login and password.
[2026-01-19T13:12:15.944+0000] {logging_mixin.py:188} INFO - ✓ Read 11441 rows from bctc/2025-12-30/batch_455.csv
[2026-01-19T13:12:15.952+0000] {base.py:84} INFO - Using connection ID 'minio_finance' for task execution.
[2026-01-19T13:12:15.952+0000] {connection_wrapper.py:384} INFO - AWS Connection (conn_id='minio_finance', conn_type='aws') credentials retrieved from login and password.
[2026-01-19T13:12:16.056+0000] {logging_mixin.py:188} INFO - ✓ Read 276 rows from bctc/2025-12-30/batch_456.csv
[2026-01-19T13:12:16.063+0000] {base.py:84} INFO - Using connection ID 'minio_finance' for task execution.
[2026-01-19T13:12:16.063+0000] {connection_wrapper.py:384} INFO - AWS Connection (conn_id='minio_finance', conn_type='aws') credentials retrieved from login and password.
[2026-01-19T13:12:16.201+0000] {logging_mixin.py:188} INFO - ✓ Read 7897 rows from bctc/2025-12-30/batch_457.csv
[2026-01-19T13:12:16.210+0000] {base.py:84} INFO - Using connection ID 'minio_finance' for task execution.
[2026-01-19T13:12:16.210+0000] {connection_wrapper.py:384} INFO - AWS Connection (conn_id='minio_finance', conn_type='aws') credentials retrieved from login and password.
[2026-01-19T13:12:16.375+0000] {logging_mixin.py:188} INFO - ✓ Read 12495 rows from bctc/2025-12-30/batch_458.csv
[2026-01-19T13:12:16.383+0000] {base.py:84} INFO - Using connection ID 'minio_finance' for task execution.
[2026-01-19T13:12:16.384+0000] {connection_wrapper.py:384} INFO - AWS Connection (conn_id='minio_finance', conn_type='aws') credentials retrieved from login and password.
[2026-01-19T13:12:16.528+0000] {logging_mixin.py:188} INFO - ✓ Read 8313 rows from bctc/2025-12-30/batch_459.csv
[2026-01-19T13:12:16.536+0000] {base.py:84} INFO - Using connection ID 'minio_finance' for task execution.
[2026-01-19T13:12:16.537+0000] {connection_wrapper.py:384} INFO - AWS Connection (conn_id='minio_finance', conn_type='aws') credentials retrieved from login and password.
[2026-01-19T13:12:16.691+0000] {logging_mixin.py:188} INFO - ✓ Read 12177 rows from bctc/2025-12-30/batch_46.csv
[2026-01-19T13:12:16.701+0000] {base.py:84} INFO - Using connection ID 'minio_finance' for task execution.
[2026-01-19T13:12:16.702+0000] {connection_wrapper.py:384} INFO - AWS Connection (conn_id='minio_finance', conn_type='aws') credentials retrieved from login and password.
[2026-01-19T13:12:16.849+0000] {logging_mixin.py:188} INFO - ✓ Read 9760 rows from bctc/2025-12-30/batch_460.csv
[2026-01-19T13:12:16.857+0000] {base.py:84} INFO - Using connection ID 'minio_finance' for task execution.
[2026-01-19T13:12:16.858+0000] {connection_wrapper.py:384} INFO - AWS Connection (conn_id='minio_finance', conn_type='aws') credentials retrieved from login and password.
[2026-01-19T13:12:17.020+0000] {logging_mixin.py:188} INFO - ✓ Read 10662 rows from bctc/2025-12-30/batch_461.csv
[2026-01-19T13:12:17.027+0000] {base.py:84} INFO - Using connection ID 'minio_finance' for task execution.
[2026-01-19T13:12:17.028+0000] {connection_wrapper.py:384} INFO - AWS Connection (conn_id='minio_finance', conn_type='aws') credentials retrieved from login and password.
[2026-01-19T13:12:17.147+0000] {logging_mixin.py:188} INFO - ✓ Read 7903 rows from bctc/2025-12-30/batch_462.csv
[2026-01-19T13:12:17.155+0000] {base.py:84} INFO - Using connection ID 'minio_finance' for task execution.
[2026-01-19T13:12:17.155+0000] {connection_wrapper.py:384} INFO - AWS Connection (conn_id='minio_finance', conn_type='aws') credentials retrieved from login and password.
[2026-01-19T13:12:17.298+0000] {logging_mixin.py:188} INFO - ✓ Read 5640 rows from bctc/2025-12-30/batch_463.csv
[2026-01-19T13:12:17.305+0000] {base.py:84} INFO - Using connection ID 'minio_finance' for task execution.
[2026-01-19T13:12:17.306+0000] {connection_wrapper.py:384} INFO - AWS Connection (conn_id='minio_finance', conn_type='aws') credentials retrieved from login and password.
[2026-01-19T13:12:17.449+0000] {logging_mixin.py:188} INFO - ✓ Read 7190 rows from bctc/2025-12-30/batch_464.csv
[2026-01-19T13:12:17.457+0000] {base.py:84} INFO - Using connection ID 'minio_finance' for task execution.
[2026-01-19T13:12:17.458+0000] {connection_wrapper.py:384} INFO - AWS Connection (conn_id='minio_finance', conn_type='aws') credentials retrieved from login and password.
[2026-01-19T13:12:18.076+0000] {logging_mixin.py:188} INFO - ✓ Read 8295 rows from bctc/2025-12-30/batch_465.csv
[2026-01-19T13:12:18.086+0000] {base.py:84} INFO - Using connection ID 'minio_finance' for task execution.
[2026-01-19T13:12:18.087+0000] {connection_wrapper.py:384} INFO - AWS Connection (conn_id='minio_finance', conn_type='aws') credentials retrieved from login and password.
[2026-01-19T13:12:18.279+0000] {logging_mixin.py:188} INFO - ✓ Read 8686 rows from bctc/2025-12-30/batch_466.csv
[2026-01-19T13:12:18.288+0000] {base.py:84} INFO - Using connection ID 'minio_finance' for task execution.
[2026-01-19T13:12:18.289+0000] {connection_wrapper.py:384} INFO - AWS Connection (conn_id='minio_finance', conn_type='aws') credentials retrieved from login and password.
[2026-01-19T13:12:18.463+0000] {logging_mixin.py:188} INFO - ✓ Read 1458 rows from bctc/2025-12-30/batch_467.csv
[2026-01-19T13:12:18.470+0000] {base.py:84} INFO - Using connection ID 'minio_finance' for task execution.
[2026-01-19T13:12:18.471+0000] {connection_wrapper.py:384} INFO - AWS Connection (conn_id='minio_finance', conn_type='aws') credentials retrieved from login and password.
[2026-01-19T13:12:18.600+0000] {logging_mixin.py:188} INFO - ✓ Read 8361 rows from bctc/2025-12-30/batch_468.csv
[2026-01-19T13:12:18.608+0000] {base.py:84} INFO - Using connection ID 'minio_finance' for task execution.
[2026-01-19T13:12:18.609+0000] {connection_wrapper.py:384} INFO - AWS Connection (conn_id='minio_finance', conn_type='aws') credentials retrieved from login and password.
[2026-01-19T13:12:18.754+0000] {logging_mixin.py:188} INFO - ✓ Read 7017 rows from bctc/2025-12-30/batch_469.csv
[2026-01-19T13:12:18.761+0000] {base.py:84} INFO - Using connection ID 'minio_finance' for task execution.
[2026-01-19T13:12:18.762+0000] {connection_wrapper.py:384} INFO - AWS Connection (conn_id='minio_finance', conn_type='aws') credentials retrieved from login and password.
[2026-01-19T13:12:18.911+0000] {logging_mixin.py:188} INFO - ✓ Read 7672 rows from bctc/2025-12-30/batch_47.csv
[2026-01-19T13:12:18.919+0000] {base.py:84} INFO - Using connection ID 'minio_finance' for task execution.
[2026-01-19T13:12:18.920+0000] {connection_wrapper.py:384} INFO - AWS Connection (conn_id='minio_finance', conn_type='aws') credentials retrieved from login and password.
[2026-01-19T13:12:19.065+0000] {logging_mixin.py:188} INFO - ✓ Read 8767 rows from bctc/2025-12-30/batch_470.csv
[2026-01-19T13:12:19.073+0000] {base.py:84} INFO - Using connection ID 'minio_finance' for task execution.
[2026-01-19T13:12:19.074+0000] {connection_wrapper.py:384} INFO - AWS Connection (conn_id='minio_finance', conn_type='aws') credentials retrieved from login and password.
[2026-01-19T13:12:19.201+0000] {logging_mixin.py:188} INFO - ✓ Read 3731 rows from bctc/2025-12-30/batch_471.csv
[2026-01-19T13:12:19.207+0000] {base.py:84} INFO - Using connection ID 'minio_finance' for task execution.
[2026-01-19T13:12:19.208+0000] {connection_wrapper.py:384} INFO - AWS Connection (conn_id='minio_finance', conn_type='aws') credentials retrieved from login and password.
[2026-01-19T13:12:19.380+0000] {logging_mixin.py:188} INFO - ✓ Read 10735 rows from bctc/2025-12-30/batch_472.csv
[2026-01-19T13:12:19.388+0000] {base.py:84} INFO - Using connection ID 'minio_finance' for task execution.
[2026-01-19T13:12:19.389+0000] {connection_wrapper.py:384} INFO - AWS Connection (conn_id='minio_finance', conn_type='aws') credentials retrieved from login and password.
[2026-01-19T13:12:19.515+0000] {logging_mixin.py:188} INFO - ✓ Read 8614 rows from bctc/2025-12-30/batch_473.csv
[2026-01-19T13:12:19.523+0000] {base.py:84} INFO - Using connection ID 'minio_finance' for task execution.
[2026-01-19T13:12:19.524+0000] {connection_wrapper.py:384} INFO - AWS Connection (conn_id='minio_finance', conn_type='aws') credentials retrieved from login and password.
[2026-01-19T13:12:19.666+0000] {logging_mixin.py:188} INFO - ✓ Read 9027 rows from bctc/2025-12-30/batch_474.csv
[2026-01-19T13:12:19.674+0000] {base.py:84} INFO - Using connection ID 'minio_finance' for task execution.
[2026-01-19T13:12:19.675+0000] {connection_wrapper.py:384} INFO - AWS Connection (conn_id='minio_finance', conn_type='aws') credentials retrieved from login and password.
[2026-01-19T13:12:19.813+0000] {logging_mixin.py:188} INFO - ✓ Read 9642 rows from bctc/2025-12-30/batch_475.csv
[2026-01-19T13:12:19.819+0000] {base.py:84} INFO - Using connection ID 'minio_finance' for task execution.
[2026-01-19T13:12:19.820+0000] {connection_wrapper.py:384} INFO - AWS Connection (conn_id='minio_finance', conn_type='aws') credentials retrieved from login and password.
[2026-01-19T13:12:19.951+0000] {logging_mixin.py:188} INFO - ✓ Read 9471 rows from bctc/2025-12-30/batch_476.csv
[2026-01-19T13:12:19.959+0000] {base.py:84} INFO - Using connection ID 'minio_finance' for task execution.
[2026-01-19T13:12:19.960+0000] {connection_wrapper.py:384} INFO - AWS Connection (conn_id='minio_finance', conn_type='aws') credentials retrieved from login and password.
[2026-01-19T13:12:20.639+0000] {logging_mixin.py:188} INFO - ✓ Read 11418 rows from bctc/2025-12-30/batch_477.csv
[2026-01-19T13:12:20.647+0000] {base.py:84} INFO - Using connection ID 'minio_finance' for task execution.
[2026-01-19T13:12:20.648+0000] {connection_wrapper.py:384} INFO - AWS Connection (conn_id='minio_finance', conn_type='aws') credentials retrieved from login and password.
[2026-01-19T13:12:20.779+0000] {logging_mixin.py:188} INFO - ✓ Read 8546 rows from bctc/2025-12-30/batch_478.csv
[2026-01-19T13:12:20.787+0000] {base.py:84} INFO - Using connection ID 'minio_finance' for task execution.
[2026-01-19T13:12:20.787+0000] {connection_wrapper.py:384} INFO - AWS Connection (conn_id='minio_finance', conn_type='aws') credentials retrieved from login and password.
[2026-01-19T13:12:20.956+0000] {logging_mixin.py:188} INFO - ✓ Read 12765 rows from bctc/2025-12-30/batch_479.csv
[2026-01-19T13:12:20.964+0000] {base.py:84} INFO - Using connection ID 'minio_finance' for task execution.
[2026-01-19T13:12:20.966+0000] {connection_wrapper.py:384} INFO - AWS Connection (conn_id='minio_finance', conn_type='aws') credentials retrieved from login and password.
[2026-01-19T13:12:21.149+0000] {logging_mixin.py:188} INFO - ✓ Read 12775 rows from bctc/2025-12-30/batch_48.csv
[2026-01-19T13:12:21.159+0000] {base.py:84} INFO - Using connection ID 'minio_finance' for task execution.
[2026-01-19T13:12:21.160+0000] {connection_wrapper.py:384} INFO - AWS Connection (conn_id='minio_finance', conn_type='aws') credentials retrieved from login and password.
[2026-01-19T13:12:21.367+0000] {logging_mixin.py:188} INFO - ✓ Read 13598 rows from bctc/2025-12-30/batch_480.csv
[2026-01-19T13:12:21.377+0000] {base.py:84} INFO - Using connection ID 'minio_finance' for task execution.
[2026-01-19T13:12:21.378+0000] {connection_wrapper.py:384} INFO - AWS Connection (conn_id='minio_finance', conn_type='aws') credentials retrieved from login and password.
[2026-01-19T13:12:21.563+0000] {logging_mixin.py:188} INFO - ✓ Read 4515 rows from bctc/2025-12-30/batch_481.csv
[2026-01-19T13:12:21.574+0000] {base.py:84} INFO - Using connection ID 'minio_finance' for task execution.
[2026-01-19T13:12:21.575+0000] {connection_wrapper.py:384} INFO - AWS Connection (conn_id='minio_finance', conn_type='aws') credentials retrieved from login and password.
[2026-01-19T13:12:21.749+0000] {logging_mixin.py:188} INFO - ✓ Read 5891 rows from bctc/2025-12-30/batch_482.csv
[2026-01-19T13:12:21.762+0000] {base.py:84} INFO - Using connection ID 'minio_finance' for task execution.
[2026-01-19T13:12:21.763+0000] {connection_wrapper.py:384} INFO - AWS Connection (conn_id='minio_finance', conn_type='aws') credentials retrieved from login and password.
[2026-01-19T13:12:21.939+0000] {logging_mixin.py:188} INFO - ✓ Read 13107 rows from bctc/2025-12-30/batch_483.csv
[2026-01-19T13:12:21.949+0000] {base.py:84} INFO - Using connection ID 'minio_finance' for task execution.
[2026-01-19T13:12:21.950+0000] {connection_wrapper.py:384} INFO - AWS Connection (conn_id='minio_finance', conn_type='aws') credentials retrieved from login and password.
[2026-01-19T13:12:22.134+0000] {logging_mixin.py:188} INFO - ✓ Read 7456 rows from bctc/2025-12-30/batch_484.csv
[2026-01-19T13:12:22.146+0000] {base.py:84} INFO - Using connection ID 'minio_finance' for task execution.
[2026-01-19T13:12:22.147+0000] {connection_wrapper.py:384} INFO - AWS Connection (conn_id='minio_finance', conn_type='aws') credentials retrieved from login and password.
[2026-01-19T13:12:22.326+0000] {logging_mixin.py:188} INFO - ✓ Read 8500 rows from bctc/2025-12-30/batch_485.csv
[2026-01-19T13:12:22.336+0000] {base.py:84} INFO - Using connection ID 'minio_finance' for task execution.
[2026-01-19T13:12:22.338+0000] {connection_wrapper.py:384} INFO - AWS Connection (conn_id='minio_finance', conn_type='aws') credentials retrieved from login and password.
[2026-01-19T13:12:22.520+0000] {logging_mixin.py:188} INFO - ✓ Read 5227 rows from bctc/2025-12-30/batch_486.csv
[2026-01-19T13:12:22.527+0000] {base.py:84} INFO - Using connection ID 'minio_finance' for task execution.
[2026-01-19T13:12:22.528+0000] {connection_wrapper.py:384} INFO - AWS Connection (conn_id='minio_finance', conn_type='aws') credentials retrieved from login and password.
[2026-01-19T13:12:22.692+0000] {logging_mixin.py:188} INFO - ✓ Read 6395 rows from bctc/2025-12-30/batch_487.csv
[2026-01-19T13:12:22.702+0000] {base.py:84} INFO - Using connection ID 'minio_finance' for task execution.
[2026-01-19T13:12:22.703+0000] {connection_wrapper.py:384} INFO - AWS Connection (conn_id='minio_finance', conn_type='aws') credentials retrieved from login and password.
[2026-01-19T13:12:22.866+0000] {logging_mixin.py:188} INFO - ✓ Read 4488 rows from bctc/2025-12-30/batch_488.csv
[2026-01-19T13:12:22.875+0000] {base.py:84} INFO - Using connection ID 'minio_finance' for task execution.
[2026-01-19T13:12:22.876+0000] {connection_wrapper.py:384} INFO - AWS Connection (conn_id='minio_finance', conn_type='aws') credentials retrieved from login and password.
[2026-01-19T13:12:23.011+0000] {logging_mixin.py:188} INFO - ✓ Read 10974 rows from bctc/2025-12-30/batch_489.csv
[2026-01-19T13:12:23.019+0000] {base.py:84} INFO - Using connection ID 'minio_finance' for task execution.
[2026-01-19T13:12:23.020+0000] {connection_wrapper.py:384} INFO - AWS Connection (conn_id='minio_finance', conn_type='aws') credentials retrieved from login and password.
[2026-01-19T13:12:23.743+0000] {logging_mixin.py:188} INFO - ✓ Read 13770 rows from bctc/2025-12-30/batch_49.csv
[2026-01-19T13:12:23.751+0000] {base.py:84} INFO - Using connection ID 'minio_finance' for task execution.
[2026-01-19T13:12:23.752+0000] {connection_wrapper.py:384} INFO - AWS Connection (conn_id='minio_finance', conn_type='aws') credentials retrieved from login and password.
[2026-01-19T13:12:23.945+0000] {logging_mixin.py:188} INFO - ✓ Read 9321 rows from bctc/2025-12-30/batch_490.csv
[2026-01-19T13:12:23.954+0000] {base.py:84} INFO - Using connection ID 'minio_finance' for task execution.
[2026-01-19T13:12:23.954+0000] {connection_wrapper.py:384} INFO - AWS Connection (conn_id='minio_finance', conn_type='aws') credentials retrieved from login and password.
[2026-01-19T13:12:24.080+0000] {logging_mixin.py:188} INFO - ✓ Read 1205 rows from bctc/2025-12-30/batch_491.csv
[2026-01-19T13:12:24.089+0000] {base.py:84} INFO - Using connection ID 'minio_finance' for task execution.
[2026-01-19T13:12:24.090+0000] {connection_wrapper.py:384} INFO - AWS Connection (conn_id='minio_finance', conn_type='aws') credentials retrieved from login and password.
[2026-01-19T13:12:24.249+0000] {logging_mixin.py:188} INFO - ✓ Read 11435 rows from bctc/2025-12-30/batch_492.csv
[2026-01-19T13:12:24.257+0000] {base.py:84} INFO - Using connection ID 'minio_finance' for task execution.
[2026-01-19T13:12:24.258+0000] {connection_wrapper.py:384} INFO - AWS Connection (conn_id='minio_finance', conn_type='aws') credentials retrieved from login and password.
[2026-01-19T13:12:24.417+0000] {logging_mixin.py:188} INFO - ✓ Read 10350 rows from bctc/2025-12-30/batch_493.csv
[2026-01-19T13:12:24.425+0000] {base.py:84} INFO - Using connection ID 'minio_finance' for task execution.
[2026-01-19T13:12:24.426+0000] {connection_wrapper.py:384} INFO - AWS Connection (conn_id='minio_finance', conn_type='aws') credentials retrieved from login and password.
[2026-01-19T13:12:24.563+0000] {logging_mixin.py:188} INFO - ✓ Read 12103 rows from bctc/2025-12-30/batch_494.csv
[2026-01-19T13:12:24.571+0000] {base.py:84} INFO - Using connection ID 'minio_finance' for task execution.
[2026-01-19T13:12:24.572+0000] {connection_wrapper.py:384} INFO - AWS Connection (conn_id='minio_finance', conn_type='aws') credentials retrieved from login and password.
[2026-01-19T13:12:24.712+0000] {logging_mixin.py:188} INFO - ✓ Read 10181 rows from bctc/2025-12-30/batch_495.csv
[2026-01-19T13:12:24.722+0000] {base.py:84} INFO - Using connection ID 'minio_finance' for task execution.
[2026-01-19T13:12:24.723+0000] {connection_wrapper.py:384} INFO - AWS Connection (conn_id='minio_finance', conn_type='aws') credentials retrieved from login and password.
[2026-01-19T13:12:24.872+0000] {logging_mixin.py:188} INFO - ✓ Read 11032 rows from bctc/2025-12-30/batch_496.csv
[2026-01-19T13:12:24.880+0000] {base.py:84} INFO - Using connection ID 'minio_finance' for task execution.
[2026-01-19T13:12:24.881+0000] {connection_wrapper.py:384} INFO - AWS Connection (conn_id='minio_finance', conn_type='aws') credentials retrieved from login and password.
[2026-01-19T13:12:25.027+0000] {logging_mixin.py:188} INFO - ✓ Read 3975 rows from bctc/2025-12-30/batch_497.csv
[2026-01-19T13:12:25.036+0000] {base.py:84} INFO - Using connection ID 'minio_finance' for task execution.
[2026-01-19T13:12:25.037+0000] {connection_wrapper.py:384} INFO - AWS Connection (conn_id='minio_finance', conn_type='aws') credentials retrieved from login and password.
[2026-01-19T13:12:25.178+0000] {logging_mixin.py:188} INFO - ✓ Read 9843 rows from bctc/2025-12-30/batch_498.csv
[2026-01-19T13:12:25.185+0000] {base.py:84} INFO - Using connection ID 'minio_finance' for task execution.
[2026-01-19T13:12:25.186+0000] {connection_wrapper.py:384} INFO - AWS Connection (conn_id='minio_finance', conn_type='aws') credentials retrieved from login and password.
[2026-01-19T13:12:25.343+0000] {logging_mixin.py:188} INFO - ✓ Read 4106 rows from bctc/2025-12-30/batch_499.csv
[2026-01-19T13:12:25.349+0000] {base.py:84} INFO - Using connection ID 'minio_finance' for task execution.
[2026-01-19T13:12:25.350+0000] {connection_wrapper.py:384} INFO - AWS Connection (conn_id='minio_finance', conn_type='aws') credentials retrieved from login and password.
[2026-01-19T13:12:25.481+0000] {logging_mixin.py:188} INFO - ✓ Read 8895 rows from bctc/2025-12-30/batch_5.csv
[2026-01-19T13:12:25.489+0000] {base.py:84} INFO - Using connection ID 'minio_finance' for task execution.
[2026-01-19T13:12:25.491+0000] {connection_wrapper.py:384} INFO - AWS Connection (conn_id='minio_finance', conn_type='aws') credentials retrieved from login and password.
[2026-01-19T13:12:25.623+0000] {logging_mixin.py:188} INFO - ✓ Read 8153 rows from bctc/2025-12-30/batch_50.csv
[2026-01-19T13:12:25.632+0000] {base.py:84} INFO - Using connection ID 'minio_finance' for task execution.
[2026-01-19T13:12:25.633+0000] {connection_wrapper.py:384} INFO - AWS Connection (conn_id='minio_finance', conn_type='aws') credentials retrieved from login and password.
[2026-01-19T13:12:26.282+0000] {logging_mixin.py:188} INFO - ✓ Read 5659 rows from bctc/2025-12-30/batch_500.csv
[2026-01-19T13:12:26.288+0000] {base.py:84} INFO - Using connection ID 'minio_finance' for task execution.
[2026-01-19T13:12:26.289+0000] {connection_wrapper.py:384} INFO - AWS Connection (conn_id='minio_finance', conn_type='aws') credentials retrieved from login and password.
[2026-01-19T13:12:26.437+0000] {logging_mixin.py:188} INFO - ✓ Read 4062 rows from bctc/2025-12-30/batch_502.csv
[2026-01-19T13:12:26.446+0000] {base.py:84} INFO - Using connection ID 'minio_finance' for task execution.
[2026-01-19T13:12:26.447+0000] {connection_wrapper.py:384} INFO - AWS Connection (conn_id='minio_finance', conn_type='aws') credentials retrieved from login and password.
[2026-01-19T13:12:26.600+0000] {logging_mixin.py:188} INFO - ✓ Read 10444 rows from bctc/2025-12-30/batch_505.csv
[2026-01-19T13:12:26.609+0000] {base.py:84} INFO - Using connection ID 'minio_finance' for task execution.
[2026-01-19T13:12:26.610+0000] {connection_wrapper.py:384} INFO - AWS Connection (conn_id='minio_finance', conn_type='aws') credentials retrieved from login and password.
[2026-01-19T13:12:26.797+0000] {logging_mixin.py:188} INFO - ✓ Read 8858 rows from bctc/2025-12-30/batch_51.csv
[2026-01-19T13:12:26.805+0000] {base.py:84} INFO - Using connection ID 'minio_finance' for task execution.
[2026-01-19T13:12:26.807+0000] {connection_wrapper.py:384} INFO - AWS Connection (conn_id='minio_finance', conn_type='aws') credentials retrieved from login and password.
[2026-01-19T13:12:26.958+0000] {logging_mixin.py:188} INFO - ✓ Read 11496 rows from bctc/2025-12-30/batch_52.csv
[2026-01-19T13:12:26.967+0000] {base.py:84} INFO - Using connection ID 'minio_finance' for task execution.
[2026-01-19T13:12:26.968+0000] {connection_wrapper.py:384} INFO - AWS Connection (conn_id='minio_finance', conn_type='aws') credentials retrieved from login and password.
[2026-01-19T13:12:27.151+0000] {logging_mixin.py:188} INFO - ✓ Read 10730 rows from bctc/2025-12-30/batch_53.csv
[2026-01-19T13:12:27.160+0000] {base.py:84} INFO - Using connection ID 'minio_finance' for task execution.
[2026-01-19T13:12:27.160+0000] {connection_wrapper.py:384} INFO - AWS Connection (conn_id='minio_finance', conn_type='aws') credentials retrieved from login and password.
[2026-01-19T13:12:27.328+0000] {logging_mixin.py:188} INFO - ✓ Read 7779 rows from bctc/2025-12-30/batch_54.csv
[2026-01-19T13:12:27.337+0000] {base.py:84} INFO - Using connection ID 'minio_finance' for task execution.
[2026-01-19T13:12:27.338+0000] {connection_wrapper.py:384} INFO - AWS Connection (conn_id='minio_finance', conn_type='aws') credentials retrieved from login and password.
[2026-01-19T13:12:27.483+0000] {logging_mixin.py:188} INFO - ✓ Read 4558 rows from bctc/2025-12-30/batch_55.csv
[2026-01-19T13:12:27.492+0000] {base.py:84} INFO - Using connection ID 'minio_finance' for task execution.
[2026-01-19T13:12:27.493+0000] {connection_wrapper.py:384} INFO - AWS Connection (conn_id='minio_finance', conn_type='aws') credentials retrieved from login and password.
[2026-01-19T13:12:27.632+0000] {logging_mixin.py:188} INFO - ✓ Read 4312 rows from bctc/2025-12-30/batch_56.csv
[2026-01-19T13:12:27.640+0000] {base.py:84} INFO - Using connection ID 'minio_finance' for task execution.
[2026-01-19T13:12:27.641+0000] {connection_wrapper.py:384} INFO - AWS Connection (conn_id='minio_finance', conn_type='aws') credentials retrieved from login and password.
[2026-01-19T13:12:27.788+0000] {logging_mixin.py:188} INFO - ✓ Read 8031 rows from bctc/2025-12-30/batch_57.csv
[2026-01-19T13:12:27.797+0000] {base.py:84} INFO - Using connection ID 'minio_finance' for task execution.
[2026-01-19T13:12:27.798+0000] {connection_wrapper.py:384} INFO - AWS Connection (conn_id='minio_finance', conn_type='aws') credentials retrieved from login and password.
[2026-01-19T13:12:27.938+0000] {logging_mixin.py:188} INFO - ✓ Read 11902 rows from bctc/2025-12-30/batch_58.csv
[2026-01-19T13:12:27.947+0000] {base.py:84} INFO - Using connection ID 'minio_finance' for task execution.
[2026-01-19T13:12:27.948+0000] {connection_wrapper.py:384} INFO - AWS Connection (conn_id='minio_finance', conn_type='aws') credentials retrieved from login and password.
[2026-01-19T13:12:28.117+0000] {logging_mixin.py:188} INFO - ✓ Read 14552 rows from bctc/2025-12-30/batch_59.csv
[2026-01-19T13:12:28.125+0000] {base.py:84} INFO - Using connection ID 'minio_finance' for task execution.
[2026-01-19T13:12:28.126+0000] {connection_wrapper.py:384} INFO - AWS Connection (conn_id='minio_finance', conn_type='aws') credentials retrieved from login and password.
[2026-01-19T13:12:28.275+0000] {logging_mixin.py:188} INFO - ✓ Read 3676 rows from bctc/2025-12-30/batch_6.csv
[2026-01-19T13:12:28.286+0000] {base.py:84} INFO - Using connection ID 'minio_finance' for task execution.
[2026-01-19T13:12:28.287+0000] {connection_wrapper.py:384} INFO - AWS Connection (conn_id='minio_finance', conn_type='aws') credentials retrieved from login and password.
[2026-01-19T13:12:28.964+0000] {logging_mixin.py:188} INFO - ✓ Read 9192 rows from bctc/2025-12-30/batch_60.csv
[2026-01-19T13:12:28.972+0000] {base.py:84} INFO - Using connection ID 'minio_finance' for task execution.
[2026-01-19T13:12:28.973+0000] {connection_wrapper.py:384} INFO - AWS Connection (conn_id='minio_finance', conn_type='aws') credentials retrieved from login and password.
[2026-01-19T13:12:29.168+0000] {logging_mixin.py:188} INFO - ✓ Read 12917 rows from bctc/2025-12-30/batch_61.csv
[2026-01-19T13:12:29.176+0000] {base.py:84} INFO - Using connection ID 'minio_finance' for task execution.
[2026-01-19T13:12:29.178+0000] {connection_wrapper.py:384} INFO - AWS Connection (conn_id='minio_finance', conn_type='aws') credentials retrieved from login and password.
[2026-01-19T13:12:29.332+0000] {logging_mixin.py:188} INFO - ✓ Read 10722 rows from bctc/2025-12-30/batch_62.csv
[2026-01-19T13:12:29.340+0000] {base.py:84} INFO - Using connection ID 'minio_finance' for task execution.
[2026-01-19T13:12:29.341+0000] {connection_wrapper.py:384} INFO - AWS Connection (conn_id='minio_finance', conn_type='aws') credentials retrieved from login and password.
[2026-01-19T13:12:29.527+0000] {logging_mixin.py:188} INFO - ✓ Read 13719 rows from bctc/2025-12-30/batch_63.csv
[2026-01-19T13:12:29.535+0000] {base.py:84} INFO - Using connection ID 'minio_finance' for task execution.
[2026-01-19T13:12:29.536+0000] {connection_wrapper.py:384} INFO - AWS Connection (conn_id='minio_finance', conn_type='aws') credentials retrieved from login and password.
[2026-01-19T13:12:29.684+0000] {logging_mixin.py:188} INFO - ✓ Read 4895 rows from bctc/2025-12-30/batch_64.csv
[2026-01-19T13:12:29.692+0000] {base.py:84} INFO - Using connection ID 'minio_finance' for task execution.
[2026-01-19T13:12:29.693+0000] {connection_wrapper.py:384} INFO - AWS Connection (conn_id='minio_finance', conn_type='aws') credentials retrieved from login and password.
[2026-01-19T13:12:29.840+0000] {logging_mixin.py:188} INFO - ✓ Read 6387 rows from bctc/2025-12-30/batch_65.csv
[2026-01-19T13:12:29.847+0000] {base.py:84} INFO - Using connection ID 'minio_finance' for task execution.
[2026-01-19T13:12:29.849+0000] {connection_wrapper.py:384} INFO - AWS Connection (conn_id='minio_finance', conn_type='aws') credentials retrieved from login and password.
[2026-01-19T13:12:30.005+0000] {logging_mixin.py:188} INFO - ✓ Read 11779 rows from bctc/2025-12-30/batch_66.csv
[2026-01-19T13:12:30.015+0000] {base.py:84} INFO - Using connection ID 'minio_finance' for task execution.
[2026-01-19T13:12:30.016+0000] {connection_wrapper.py:384} INFO - AWS Connection (conn_id='minio_finance', conn_type='aws') credentials retrieved from login and password.
[2026-01-19T13:12:30.177+0000] {logging_mixin.py:188} INFO - ✓ Read 5791 rows from bctc/2025-12-30/batch_67.csv
[2026-01-19T13:12:30.185+0000] {base.py:84} INFO - Using connection ID 'minio_finance' for task execution.
[2026-01-19T13:12:30.186+0000] {connection_wrapper.py:384} INFO - AWS Connection (conn_id='minio_finance', conn_type='aws') credentials retrieved from login and password.
[2026-01-19T13:12:30.329+0000] {logging_mixin.py:188} INFO - ✓ Read 2898 rows from bctc/2025-12-30/batch_68.csv
[2026-01-19T13:12:30.338+0000] {base.py:84} INFO - Using connection ID 'minio_finance' for task execution.
[2026-01-19T13:12:30.339+0000] {connection_wrapper.py:384} INFO - AWS Connection (conn_id='minio_finance', conn_type='aws') credentials retrieved from login and password.
[2026-01-19T13:12:30.503+0000] {logging_mixin.py:188} INFO - ✓ Read 3827 rows from bctc/2025-12-30/batch_69.csv
[2026-01-19T13:12:30.510+0000] {base.py:84} INFO - Using connection ID 'minio_finance' for task execution.
[2026-01-19T13:12:30.511+0000] {connection_wrapper.py:384} INFO - AWS Connection (conn_id='minio_finance', conn_type='aws') credentials retrieved from login and password.
[2026-01-19T13:12:30.635+0000] {logging_mixin.py:188} INFO - ✓ Read 2516 rows from bctc/2025-12-30/batch_7.csv
[2026-01-19T13:12:30.643+0000] {base.py:84} INFO - Using connection ID 'minio_finance' for task execution.
[2026-01-19T13:12:30.644+0000] {connection_wrapper.py:384} INFO - AWS Connection (conn_id='minio_finance', conn_type='aws') credentials retrieved from login and password.
[2026-01-19T13:12:30.776+0000] {logging_mixin.py:188} INFO - ✓ Read 8652 rows from bctc/2025-12-30/batch_70.csv
[2026-01-19T13:12:30.784+0000] {base.py:84} INFO - Using connection ID 'minio_finance' for task execution.
[2026-01-19T13:12:30.785+0000] {connection_wrapper.py:384} INFO - AWS Connection (conn_id='minio_finance', conn_type='aws') credentials retrieved from login and password.
[2026-01-19T13:12:30.959+0000] {logging_mixin.py:188} INFO - ✓ Read 4092 rows from bctc/2025-12-30/batch_71.csv
[2026-01-19T13:12:30.966+0000] {base.py:84} INFO - Using connection ID 'minio_finance' for task execution.
[2026-01-19T13:12:30.967+0000] {connection_wrapper.py:384} INFO - AWS Connection (conn_id='minio_finance', conn_type='aws') credentials retrieved from login and password.
[2026-01-19T13:12:31.618+0000] {logging_mixin.py:188} INFO - ✓ Read 8925 rows from bctc/2025-12-30/batch_72.csv
[2026-01-19T13:12:31.626+0000] {base.py:84} INFO - Using connection ID 'minio_finance' for task execution.
[2026-01-19T13:12:31.627+0000] {connection_wrapper.py:384} INFO - AWS Connection (conn_id='minio_finance', conn_type='aws') credentials retrieved from login and password.
[2026-01-19T13:12:31.758+0000] {logging_mixin.py:188} INFO - ✓ Read 6369 rows from bctc/2025-12-30/batch_73.csv
[2026-01-19T13:12:31.765+0000] {base.py:84} INFO - Using connection ID 'minio_finance' for task execution.
[2026-01-19T13:12:31.766+0000] {connection_wrapper.py:384} INFO - AWS Connection (conn_id='minio_finance', conn_type='aws') credentials retrieved from login and password.
[2026-01-19T13:12:31.926+0000] {logging_mixin.py:188} INFO - ✓ Read 9186 rows from bctc/2025-12-30/batch_74.csv
[2026-01-19T13:12:31.934+0000] {base.py:84} INFO - Using connection ID 'minio_finance' for task execution.
[2026-01-19T13:12:31.935+0000] {connection_wrapper.py:384} INFO - AWS Connection (conn_id='minio_finance', conn_type='aws') credentials retrieved from login and password.
[2026-01-19T13:12:32.085+0000] {logging_mixin.py:188} INFO - ✓ Read 5122 rows from bctc/2025-12-30/batch_75.csv
[2026-01-19T13:12:32.092+0000] {base.py:84} INFO - Using connection ID 'minio_finance' for task execution.
[2026-01-19T13:12:32.093+0000] {connection_wrapper.py:384} INFO - AWS Connection (conn_id='minio_finance', conn_type='aws') credentials retrieved from login and password.
[2026-01-19T13:12:32.241+0000] {logging_mixin.py:188} INFO - ✓ Read 8639 rows from bctc/2025-12-30/batch_76.csv
[2026-01-19T13:12:32.249+0000] {base.py:84} INFO - Using connection ID 'minio_finance' for task execution.
[2026-01-19T13:12:32.250+0000] {connection_wrapper.py:384} INFO - AWS Connection (conn_id='minio_finance', conn_type='aws') credentials retrieved from login and password.
[2026-01-19T13:12:32.413+0000] {logging_mixin.py:188} INFO - ✓ Read 4182 rows from bctc/2025-12-30/batch_77.csv
[2026-01-19T13:12:32.420+0000] {base.py:84} INFO - Using connection ID 'minio_finance' for task execution.
[2026-01-19T13:12:32.421+0000] {connection_wrapper.py:384} INFO - AWS Connection (conn_id='minio_finance', conn_type='aws') credentials retrieved from login and password.
[2026-01-19T13:12:32.591+0000] {logging_mixin.py:188} INFO - ✓ Read 13566 rows from bctc/2025-12-30/batch_78.csv
[2026-01-19T13:12:32.599+0000] {base.py:84} INFO - Using connection ID 'minio_finance' for task execution.
[2026-01-19T13:12:32.600+0000] {connection_wrapper.py:384} INFO - AWS Connection (conn_id='minio_finance', conn_type='aws') credentials retrieved from login and password.
[2026-01-19T13:12:32.745+0000] {logging_mixin.py:188} INFO - ✓ Read 7708 rows from bctc/2025-12-30/batch_79.csv
[2026-01-19T13:12:32.752+0000] {base.py:84} INFO - Using connection ID 'minio_finance' for task execution.
[2026-01-19T13:12:32.753+0000] {connection_wrapper.py:384} INFO - AWS Connection (conn_id='minio_finance', conn_type='aws') credentials retrieved from login and password.
[2026-01-19T13:12:32.896+0000] {logging_mixin.py:188} INFO - ✓ Read 6607 rows from bctc/2025-12-30/batch_8.csv
[2026-01-19T13:12:32.904+0000] {base.py:84} INFO - Using connection ID 'minio_finance' for task execution.
[2026-01-19T13:12:32.906+0000] {connection_wrapper.py:384} INFO - AWS Connection (conn_id='minio_finance', conn_type='aws') credentials retrieved from login and password.
[2026-01-19T13:12:33.072+0000] {logging_mixin.py:188} INFO - ✓ Read 9114 rows from bctc/2025-12-30/batch_80.csv
[2026-01-19T13:12:33.081+0000] {base.py:84} INFO - Using connection ID 'minio_finance' for task execution.
[2026-01-19T13:12:33.082+0000] {connection_wrapper.py:384} INFO - AWS Connection (conn_id='minio_finance', conn_type='aws') credentials retrieved from login and password.
[2026-01-19T13:12:33.220+0000] {logging_mixin.py:188} INFO - ✓ Read 10566 rows from bctc/2025-12-30/batch_81.csv
[2026-01-19T13:12:33.228+0000] {base.py:84} INFO - Using connection ID 'minio_finance' for task execution.
[2026-01-19T13:12:33.229+0000] {connection_wrapper.py:384} INFO - AWS Connection (conn_id='minio_finance', conn_type='aws') credentials retrieved from login and password.
[2026-01-19T13:12:33.387+0000] {logging_mixin.py:188} INFO - ✓ Read 7890 rows from bctc/2025-12-30/batch_82.csv
[2026-01-19T13:12:33.394+0000] {base.py:84} INFO - Using connection ID 'minio_finance' for task execution.
[2026-01-19T13:12:33.395+0000] {connection_wrapper.py:384} INFO - AWS Connection (conn_id='minio_finance', conn_type='aws') credentials retrieved from login and password.
[2026-01-19T13:12:33.562+0000] {logging_mixin.py:188} INFO - ✓ Read 10318 rows from bctc/2025-12-30/batch_83.csv
[2026-01-19T13:12:33.571+0000] {base.py:84} INFO - Using connection ID 'minio_finance' for task execution.
[2026-01-19T13:12:33.572+0000] {connection_wrapper.py:384} INFO - AWS Connection (conn_id='minio_finance', conn_type='aws') credentials retrieved from login and password.
[2026-01-19T13:12:33.683+0000] {logging_mixin.py:188} INFO - ✓ Read 6332 rows from bctc/2025-12-30/batch_84.csv
[2026-01-19T13:12:33.691+0000] {base.py:84} INFO - Using connection ID 'minio_finance' for task execution.
[2026-01-19T13:12:33.692+0000] {connection_wrapper.py:384} INFO - AWS Connection (conn_id='minio_finance', conn_type='aws') credentials retrieved from login and password.
[2026-01-19T13:12:34.301+0000] {logging_mixin.py:188} INFO - ✓ Read 2874 rows from bctc/2025-12-30/batch_85.csv
[2026-01-19T13:12:34.309+0000] {base.py:84} INFO - Using connection ID 'minio_finance' for task execution.
[2026-01-19T13:12:34.310+0000] {connection_wrapper.py:384} INFO - AWS Connection (conn_id='minio_finance', conn_type='aws') credentials retrieved from login and password.
[2026-01-19T13:12:34.481+0000] {logging_mixin.py:188} INFO - ✓ Read 9753 rows from bctc/2025-12-30/batch_86.csv
[2026-01-19T13:12:34.489+0000] {base.py:84} INFO - Using connection ID 'minio_finance' for task execution.
[2026-01-19T13:12:34.490+0000] {connection_wrapper.py:384} INFO - AWS Connection (conn_id='minio_finance', conn_type='aws') credentials retrieved from login and password.
[2026-01-19T13:12:34.662+0000] {logging_mixin.py:188} INFO - ✓ Read 4816 rows from bctc/2025-12-30/batch_87.csv
[2026-01-19T13:12:34.669+0000] {base.py:84} INFO - Using connection ID 'minio_finance' for task execution.
[2026-01-19T13:12:34.670+0000] {connection_wrapper.py:384} INFO - AWS Connection (conn_id='minio_finance', conn_type='aws') credentials retrieved from login and password.
[2026-01-19T13:12:34.769+0000] {logging_mixin.py:188} INFO - ✓ Read 277 rows from bctc/2025-12-30/batch_88.csv
[2026-01-19T13:12:34.776+0000] {base.py:84} INFO - Using connection ID 'minio_finance' for task execution.
[2026-01-19T13:12:34.777+0000] {connection_wrapper.py:384} INFO - AWS Connection (conn_id='minio_finance', conn_type='aws') credentials retrieved from login and password.
[2026-01-19T13:12:34.912+0000] {logging_mixin.py:188} INFO - ✓ Read 9628 rows from bctc/2025-12-30/batch_89.csv
[2026-01-19T13:12:34.919+0000] {base.py:84} INFO - Using connection ID 'minio_finance' for task execution.
[2026-01-19T13:12:34.919+0000] {connection_wrapper.py:384} INFO - AWS Connection (conn_id='minio_finance', conn_type='aws') credentials retrieved from login and password.
[2026-01-19T13:12:35.063+0000] {logging_mixin.py:188} INFO - ✓ Read 9945 rows from bctc/2025-12-30/batch_9.csv
[2026-01-19T13:12:35.069+0000] {base.py:84} INFO - Using connection ID 'minio_finance' for task execution.
[2026-01-19T13:12:35.070+0000] {connection_wrapper.py:384} INFO - AWS Connection (conn_id='minio_finance', conn_type='aws') credentials retrieved from login and password.
[2026-01-19T13:12:35.180+0000] {logging_mixin.py:188} INFO - ✓ Read 38 rows from bctc/2025-12-30/batch_90.csv
[2026-01-19T13:12:35.187+0000] {base.py:84} INFO - Using connection ID 'minio_finance' for task execution.
[2026-01-19T13:12:35.188+0000] {connection_wrapper.py:384} INFO - AWS Connection (conn_id='minio_finance', conn_type='aws') credentials retrieved from login and password.
[2026-01-19T13:12:35.330+0000] {logging_mixin.py:188} INFO - ✓ Read 12981 rows from bctc/2025-12-30/batch_91.csv
[2026-01-19T13:12:35.337+0000] {base.py:84} INFO - Using connection ID 'minio_finance' for task execution.
[2026-01-19T13:12:35.338+0000] {connection_wrapper.py:384} INFO - AWS Connection (conn_id='minio_finance', conn_type='aws') credentials retrieved from login and password.
[2026-01-19T13:12:35.482+0000] {logging_mixin.py:188} INFO - ✓ Read 5120 rows from bctc/2025-12-30/batch_92.csv
[2026-01-19T13:12:35.490+0000] {base.py:84} INFO - Using connection ID 'minio_finance' for task execution.
[2026-01-19T13:12:35.491+0000] {connection_wrapper.py:384} INFO - AWS Connection (conn_id='minio_finance', conn_type='aws') credentials retrieved from login and password.
[2026-01-19T13:12:35.629+0000] {logging_mixin.py:188} INFO - ✓ Read 7540 rows from bctc/2025-12-30/batch_93.csv
[2026-01-19T13:12:35.636+0000] {base.py:84} INFO - Using connection ID 'minio_finance' for task execution.
[2026-01-19T13:12:35.637+0000] {connection_wrapper.py:384} INFO - AWS Connection (conn_id='minio_finance', conn_type='aws') credentials retrieved from login and password.
[2026-01-19T13:12:35.750+0000] {logging_mixin.py:188} INFO - ✓ Read 7360 rows from bctc/2025-12-30/batch_94.csv
[2026-01-19T13:12:35.757+0000] {base.py:84} INFO - Using connection ID 'minio_finance' for task execution.
[2026-01-19T13:12:35.758+0000] {connection_wrapper.py:384} INFO - AWS Connection (conn_id='minio_finance', conn_type='aws') credentials retrieved from login and password.
[2026-01-19T13:12:35.887+0000] {logging_mixin.py:188} INFO - ✓ Read 3588 rows from bctc/2025-12-30/batch_95.csv
[2026-01-19T13:12:35.894+0000] {base.py:84} INFO - Using connection ID 'minio_finance' for task execution.
[2026-01-19T13:12:35.895+0000] {connection_wrapper.py:384} INFO - AWS Connection (conn_id='minio_finance', conn_type='aws') credentials retrieved from login and password.
[2026-01-19T13:12:36.051+0000] {logging_mixin.py:188} INFO - ✓ Read 10150 rows from bctc/2025-12-30/batch_96.csv
[2026-01-19T13:12:36.060+0000] {base.py:84} INFO - Using connection ID 'minio_finance' for task execution.
[2026-01-19T13:12:36.061+0000] {connection_wrapper.py:384} INFO - AWS Connection (conn_id='minio_finance', conn_type='aws') credentials retrieved from login and password.
[2026-01-19T13:12:36.811+0000] {logging_mixin.py:188} INFO - ✓ Read 10782 rows from bctc/2025-12-30/batch_97.csv
[2026-01-19T13:12:36.819+0000] {base.py:84} INFO - Using connection ID 'minio_finance' for task execution.
[2026-01-19T13:12:36.820+0000] {connection_wrapper.py:384} INFO - AWS Connection (conn_id='minio_finance', conn_type='aws') credentials retrieved from login and password.
[2026-01-19T13:12:37.003+0000] {logging_mixin.py:188} INFO - ✓ Read 8568 rows from bctc/2025-12-30/batch_98.csv
[2026-01-19T13:12:37.012+0000] {base.py:84} INFO - Using connection ID 'minio_finance' for task execution.
[2026-01-19T13:12:37.013+0000] {connection_wrapper.py:384} INFO - AWS Connection (conn_id='minio_finance', conn_type='aws') credentials retrieved from login and password.
[2026-01-19T13:12:37.195+0000] {logging_mixin.py:188} INFO - ✓ Read 13021 rows from bctc/2025-12-30/batch_99.csv
[2026-01-19T13:12:37.935+0000] {logging_mixin.py:188} INFO - ✓ Concatenated 499 files into 3925504 total rows
[2026-01-19T13:17:44.059+0000] {local_task_job_runner.py:243} INFO - Task exited with return code -9For more information, see https://***.apache.org/docs/apache-***/stable/troubleshooting.html#LocalTaskJob-killed
[2026-01-19T13:17:44.226+0000] {taskinstance.py:3503} INFO - 0 downstream tasks scheduled from follow-on schedule check
[2026-01-19T13:17:44.228+0000] {local_task_job_runner.py:222} INFO - ::endgroup::
