[2026-02-07T00:46:18.127+0000] {processor.py:161} INFO - Started process (PID=111) to work on /opt/airflow/dags/dl_global_index.py
[2026-02-07T00:46:18.130+0000] {processor.py:830} INFO - Processing file /opt/airflow/dags/dl_global_index.py for tasks to queue
[2026-02-07T00:46:18.178+0000] {logging_mixin.py:188} INFO - [2026-02-07T00:46:18.164+0000] {dagbag.py:545} INFO - Filling up the DagBag from /opt/airflow/dags/dl_global_index.py
[2026-02-07T00:46:18.815+0000] {processor.py:840} INFO - DAG(s) 'global_index_minio' retrieved from /opt/airflow/dags/dl_global_index.py
[2026-02-07T00:46:19.110+0000] {logging_mixin.py:188} INFO - [2026-02-07T00:46:19.109+0000] {dag.py:3089} INFO - Sync 1 DAGs
[2026-02-07T00:46:19.182+0000] {logging_mixin.py:188} INFO - [2026-02-07T00:46:19.181+0000] {dag.py:3947} INFO - Setting next_dagrun for global_index_minio to 2026-02-06 00:00:00+00:00, run_after=2026-02-07 00:00:00+00:00
[2026-02-07T00:46:19.329+0000] {processor.py:183} INFO - Processing /opt/airflow/dags/dl_global_index.py took 1.223 seconds
[2026-02-07T00:46:50.122+0000] {processor.py:161} INFO - Started process (PID=144) to work on /opt/airflow/dags/dl_global_index.py
[2026-02-07T00:46:50.125+0000] {processor.py:830} INFO - Processing file /opt/airflow/dags/dl_global_index.py for tasks to queue
[2026-02-07T00:46:50.126+0000] {logging_mixin.py:188} INFO - [2026-02-07T00:46:50.126+0000] {dagbag.py:545} INFO - Filling up the DagBag from /opt/airflow/dags/dl_global_index.py
[2026-02-07T00:46:50.219+0000] {processor.py:840} INFO - DAG(s) 'global_index_minio' retrieved from /opt/airflow/dags/dl_global_index.py
[2026-02-07T00:46:50.278+0000] {logging_mixin.py:188} INFO - [2026-02-07T00:46:50.277+0000] {dag.py:3089} INFO - Sync 1 DAGs
[2026-02-07T00:46:50.331+0000] {logging_mixin.py:188} INFO - [2026-02-07T00:46:50.330+0000] {dag.py:3947} INFO - Setting next_dagrun for global_index_minio to 2026-02-07 00:00:00+00:00, run_after=2026-02-08 00:00:00+00:00
[2026-02-07T00:46:50.378+0000] {processor.py:183} INFO - Processing /opt/airflow/dags/dl_global_index.py took 0.273 seconds
[2026-02-07T00:47:20.461+0000] {processor.py:161} INFO - Started process (PID=178) to work on /opt/airflow/dags/dl_global_index.py
[2026-02-07T00:47:20.462+0000] {processor.py:830} INFO - Processing file /opt/airflow/dags/dl_global_index.py for tasks to queue
[2026-02-07T00:47:20.463+0000] {logging_mixin.py:188} INFO - [2026-02-07T00:47:20.462+0000] {dagbag.py:545} INFO - Filling up the DagBag from /opt/airflow/dags/dl_global_index.py
[2026-02-07T00:47:20.500+0000] {processor.py:840} INFO - DAG(s) 'global_index_minio' retrieved from /opt/airflow/dags/dl_global_index.py
[2026-02-07T00:47:20.525+0000] {logging_mixin.py:188} INFO - [2026-02-07T00:47:20.525+0000] {dag.py:3089} INFO - Sync 1 DAGs
[2026-02-07T00:47:20.553+0000] {logging_mixin.py:188} INFO - [2026-02-07T00:47:20.552+0000] {dag.py:3947} INFO - Setting next_dagrun for global_index_minio to 2026-02-07 00:00:00+00:00, run_after=2026-02-08 00:00:00+00:00
[2026-02-07T00:47:20.582+0000] {processor.py:183} INFO - Processing /opt/airflow/dags/dl_global_index.py took 0.127 seconds
[2026-02-07T00:47:50.799+0000] {processor.py:161} INFO - Started process (PID=215) to work on /opt/airflow/dags/dl_global_index.py
[2026-02-07T00:47:50.800+0000] {processor.py:830} INFO - Processing file /opt/airflow/dags/dl_global_index.py for tasks to queue
[2026-02-07T00:47:50.801+0000] {logging_mixin.py:188} INFO - [2026-02-07T00:47:50.800+0000] {dagbag.py:545} INFO - Filling up the DagBag from /opt/airflow/dags/dl_global_index.py
[2026-02-07T00:47:50.830+0000] {processor.py:840} INFO - DAG(s) 'global_index_minio' retrieved from /opt/airflow/dags/dl_global_index.py
[2026-02-07T00:47:50.854+0000] {logging_mixin.py:188} INFO - [2026-02-07T00:47:50.854+0000] {dag.py:3089} INFO - Sync 1 DAGs
[2026-02-07T00:47:50.879+0000] {logging_mixin.py:188} INFO - [2026-02-07T00:47:50.879+0000] {dag.py:3947} INFO - Setting next_dagrun for global_index_minio to 2026-02-07 00:00:00+00:00, run_after=2026-02-08 00:00:00+00:00
[2026-02-07T00:47:50.902+0000] {processor.py:183} INFO - Processing /opt/airflow/dags/dl_global_index.py took 0.108 seconds
[2026-02-07T00:48:21.143+0000] {processor.py:161} INFO - Started process (PID=275) to work on /opt/airflow/dags/dl_global_index.py
[2026-02-07T00:48:21.146+0000] {processor.py:830} INFO - Processing file /opt/airflow/dags/dl_global_index.py for tasks to queue
[2026-02-07T00:48:21.148+0000] {logging_mixin.py:188} INFO - [2026-02-07T00:48:21.147+0000] {dagbag.py:545} INFO - Filling up the DagBag from /opt/airflow/dags/dl_global_index.py
[2026-02-07T00:48:21.201+0000] {processor.py:840} INFO - DAG(s) 'global_index_minio' retrieved from /opt/airflow/dags/dl_global_index.py
[2026-02-07T00:48:21.251+0000] {logging_mixin.py:188} INFO - [2026-02-07T00:48:21.251+0000] {dag.py:3089} INFO - Sync 1 DAGs
[2026-02-07T00:48:21.312+0000] {logging_mixin.py:188} INFO - [2026-02-07T00:48:21.312+0000] {dag.py:3947} INFO - Setting next_dagrun for global_index_minio to 2026-02-07 00:00:00+00:00, run_after=2026-02-08 00:00:00+00:00
[2026-02-07T00:48:21.352+0000] {processor.py:183} INFO - Processing /opt/airflow/dags/dl_global_index.py took 0.219 seconds
[2026-02-07T00:48:52.075+0000] {processor.py:161} INFO - Started process (PID=329) to work on /opt/airflow/dags/dl_global_index.py
[2026-02-07T00:48:52.078+0000] {processor.py:830} INFO - Processing file /opt/airflow/dags/dl_global_index.py for tasks to queue
[2026-02-07T00:48:52.081+0000] {logging_mixin.py:188} INFO - [2026-02-07T00:48:52.080+0000] {dagbag.py:545} INFO - Filling up the DagBag from /opt/airflow/dags/dl_global_index.py
[2026-02-07T00:48:52.168+0000] {processor.py:840} INFO - DAG(s) 'global_index_minio' retrieved from /opt/airflow/dags/dl_global_index.py
[2026-02-07T00:48:52.234+0000] {logging_mixin.py:188} INFO - [2026-02-07T00:48:52.234+0000] {dag.py:3089} INFO - Sync 1 DAGs
[2026-02-07T00:48:52.302+0000] {logging_mixin.py:188} INFO - [2026-02-07T00:48:52.302+0000] {dag.py:3947} INFO - Setting next_dagrun for global_index_minio to 2026-02-07 00:00:00+00:00, run_after=2026-02-08 00:00:00+00:00
[2026-02-07T00:48:52.408+0000] {processor.py:183} INFO - Processing /opt/airflow/dags/dl_global_index.py took 0.345 seconds
[2026-02-07T00:49:22.979+0000] {processor.py:161} INFO - Started process (PID=378) to work on /opt/airflow/dags/dl_global_index.py
[2026-02-07T00:49:22.980+0000] {processor.py:830} INFO - Processing file /opt/airflow/dags/dl_global_index.py for tasks to queue
[2026-02-07T00:49:22.982+0000] {logging_mixin.py:188} INFO - [2026-02-07T00:49:22.981+0000] {dagbag.py:545} INFO - Filling up the DagBag from /opt/airflow/dags/dl_global_index.py
[2026-02-07T00:49:23.034+0000] {processor.py:840} INFO - DAG(s) 'global_index_minio' retrieved from /opt/airflow/dags/dl_global_index.py
[2026-02-07T00:49:23.079+0000] {logging_mixin.py:188} INFO - [2026-02-07T00:49:23.079+0000] {dag.py:3089} INFO - Sync 1 DAGs
[2026-02-07T00:49:23.124+0000] {logging_mixin.py:188} INFO - [2026-02-07T00:49:23.124+0000] {dag.py:3947} INFO - Setting next_dagrun for global_index_minio to 2026-02-07 00:00:00+00:00, run_after=2026-02-08 00:00:00+00:00
[2026-02-07T00:49:23.170+0000] {processor.py:183} INFO - Processing /opt/airflow/dags/dl_global_index.py took 0.201 seconds
[2026-02-07T00:49:57.503+0000] {processor.py:161} INFO - Started process (PID=424) to work on /opt/airflow/dags/dl_global_index.py
[2026-02-07T00:49:57.541+0000] {processor.py:830} INFO - Processing file /opt/airflow/dags/dl_global_index.py for tasks to queue
[2026-02-07T00:49:57.568+0000] {logging_mixin.py:188} INFO - [2026-02-07T00:49:57.567+0000] {dagbag.py:545} INFO - Filling up the DagBag from /opt/airflow/dags/dl_global_index.py
[2026-02-07T00:49:57.765+0000] {processor.py:840} INFO - DAG(s) 'global_index_minio' retrieved from /opt/airflow/dags/dl_global_index.py
[2026-02-07T00:49:57.841+0000] {logging_mixin.py:188} INFO - [2026-02-07T00:49:57.841+0000] {dag.py:3089} INFO - Sync 1 DAGs
[2026-02-07T00:49:57.888+0000] {logging_mixin.py:188} INFO - [2026-02-07T00:49:57.887+0000] {dag.py:3947} INFO - Setting next_dagrun for global_index_minio to 2026-02-07 00:00:00+00:00, run_after=2026-02-08 00:00:00+00:00
[2026-02-07T00:49:57.932+0000] {processor.py:183} INFO - Processing /opt/airflow/dags/dl_global_index.py took 0.493 seconds
[2026-02-07T00:50:28.618+0000] {processor.py:161} INFO - Started process (PID=469) to work on /opt/airflow/dags/dl_global_index.py
[2026-02-07T00:50:28.619+0000] {processor.py:830} INFO - Processing file /opt/airflow/dags/dl_global_index.py for tasks to queue
[2026-02-07T00:50:28.621+0000] {logging_mixin.py:188} INFO - [2026-02-07T00:50:28.620+0000] {dagbag.py:545} INFO - Filling up the DagBag from /opt/airflow/dags/dl_global_index.py
[2026-02-07T00:50:28.688+0000] {processor.py:840} INFO - DAG(s) 'global_index_minio' retrieved from /opt/airflow/dags/dl_global_index.py
[2026-02-07T00:50:28.740+0000] {logging_mixin.py:188} INFO - [2026-02-07T00:50:28.740+0000] {dag.py:3089} INFO - Sync 1 DAGs
[2026-02-07T00:50:28.784+0000] {logging_mixin.py:188} INFO - [2026-02-07T00:50:28.784+0000] {dag.py:3947} INFO - Setting next_dagrun for global_index_minio to 2026-02-07 00:00:00+00:00, run_after=2026-02-08 00:00:00+00:00
[2026-02-07T00:50:28.824+0000] {processor.py:183} INFO - Processing /opt/airflow/dags/dl_global_index.py took 0.218 seconds
[2026-02-07T00:50:59.358+0000] {processor.py:161} INFO - Started process (PID=505) to work on /opt/airflow/dags/dl_global_index.py
[2026-02-07T00:50:59.364+0000] {processor.py:830} INFO - Processing file /opt/airflow/dags/dl_global_index.py for tasks to queue
[2026-02-07T00:50:59.369+0000] {logging_mixin.py:188} INFO - [2026-02-07T00:50:59.369+0000] {dagbag.py:545} INFO - Filling up the DagBag from /opt/airflow/dags/dl_global_index.py
[2026-02-07T00:50:59.446+0000] {processor.py:840} INFO - DAG(s) 'global_index_minio' retrieved from /opt/airflow/dags/dl_global_index.py
[2026-02-07T00:50:59.504+0000] {logging_mixin.py:188} INFO - [2026-02-07T00:50:59.503+0000] {dag.py:3089} INFO - Sync 1 DAGs
[2026-02-07T00:50:59.575+0000] {logging_mixin.py:188} INFO - [2026-02-07T00:50:59.573+0000] {dag.py:3947} INFO - Setting next_dagrun for global_index_minio to 2026-02-07 00:00:00+00:00, run_after=2026-02-08 00:00:00+00:00
[2026-02-07T00:50:59.636+0000] {processor.py:183} INFO - Processing /opt/airflow/dags/dl_global_index.py took 0.286 seconds
[2026-02-07T00:51:30.400+0000] {processor.py:161} INFO - Started process (PID=545) to work on /opt/airflow/dags/dl_global_index.py
[2026-02-07T00:51:30.401+0000] {processor.py:830} INFO - Processing file /opt/airflow/dags/dl_global_index.py for tasks to queue
[2026-02-07T00:51:30.402+0000] {logging_mixin.py:188} INFO - [2026-02-07T00:51:30.402+0000] {dagbag.py:545} INFO - Filling up the DagBag from /opt/airflow/dags/dl_global_index.py
[2026-02-07T00:51:30.463+0000] {processor.py:840} INFO - DAG(s) 'global_index_minio' retrieved from /opt/airflow/dags/dl_global_index.py
[2026-02-07T00:51:30.515+0000] {logging_mixin.py:188} INFO - [2026-02-07T00:51:30.515+0000] {dag.py:3089} INFO - Sync 1 DAGs
[2026-02-07T00:51:30.566+0000] {logging_mixin.py:188} INFO - [2026-02-07T00:51:30.566+0000] {dag.py:3947} INFO - Setting next_dagrun for global_index_minio to 2026-02-07 00:00:00+00:00, run_after=2026-02-08 00:00:00+00:00
[2026-02-07T00:51:30.612+0000] {processor.py:183} INFO - Processing /opt/airflow/dags/dl_global_index.py took 0.223 seconds
[2026-02-07T00:52:07.608+0000] {processor.py:161} INFO - Started process (PID=575) to work on /opt/airflow/dags/dl_global_index.py
[2026-02-07T00:52:07.610+0000] {processor.py:830} INFO - Processing file /opt/airflow/dags/dl_global_index.py for tasks to queue
[2026-02-07T00:52:07.611+0000] {logging_mixin.py:188} INFO - [2026-02-07T00:52:07.611+0000] {dagbag.py:545} INFO - Filling up the DagBag from /opt/airflow/dags/dl_global_index.py
[2026-02-07T00:52:07.661+0000] {processor.py:840} INFO - DAG(s) 'global_index_minio' retrieved from /opt/airflow/dags/dl_global_index.py
[2026-02-07T00:52:07.706+0000] {logging_mixin.py:188} INFO - [2026-02-07T00:52:07.706+0000] {dag.py:3089} INFO - Sync 1 DAGs
[2026-02-07T00:52:07.749+0000] {logging_mixin.py:188} INFO - [2026-02-07T00:52:07.749+0000] {dag.py:3947} INFO - Setting next_dagrun for global_index_minio to 2026-02-07 00:00:00+00:00, run_after=2026-02-08 00:00:00+00:00
[2026-02-07T00:52:07.788+0000] {processor.py:183} INFO - Processing /opt/airflow/dags/dl_global_index.py took 0.189 seconds
[2026-02-07T00:52:39.663+0000] {processor.py:161} INFO - Started process (PID=634) to work on /opt/airflow/dags/dl_global_index.py
[2026-02-07T00:52:39.664+0000] {processor.py:830} INFO - Processing file /opt/airflow/dags/dl_global_index.py for tasks to queue
[2026-02-07T00:52:39.665+0000] {logging_mixin.py:188} INFO - [2026-02-07T00:52:39.665+0000] {dagbag.py:545} INFO - Filling up the DagBag from /opt/airflow/dags/dl_global_index.py
[2026-02-07T00:52:39.754+0000] {processor.py:840} INFO - DAG(s) 'global_index_minio' retrieved from /opt/airflow/dags/dl_global_index.py
[2026-02-07T00:52:39.804+0000] {logging_mixin.py:188} INFO - [2026-02-07T00:52:39.803+0000] {dag.py:3089} INFO - Sync 1 DAGs
[2026-02-07T00:52:39.849+0000] {logging_mixin.py:188} INFO - [2026-02-07T00:52:39.849+0000] {dag.py:3947} INFO - Setting next_dagrun for global_index_minio to 2026-02-07 00:00:00+00:00, run_after=2026-02-08 00:00:00+00:00
[2026-02-07T00:52:39.898+0000] {processor.py:183} INFO - Processing /opt/airflow/dags/dl_global_index.py took 0.249 seconds
[2026-02-07T00:53:12.100+0000] {processor.py:161} INFO - Started process (PID=688) to work on /opt/airflow/dags/dl_global_index.py
[2026-02-07T00:53:12.107+0000] {processor.py:830} INFO - Processing file /opt/airflow/dags/dl_global_index.py for tasks to queue
[2026-02-07T00:53:12.119+0000] {logging_mixin.py:188} INFO - [2026-02-07T00:53:12.118+0000] {dagbag.py:545} INFO - Filling up the DagBag from /opt/airflow/dags/dl_global_index.py
[2026-02-07T00:53:12.437+0000] {processor.py:840} INFO - DAG(s) 'global_index_minio' retrieved from /opt/airflow/dags/dl_global_index.py
[2026-02-07T00:53:12.515+0000] {logging_mixin.py:188} INFO - [2026-02-07T00:53:12.514+0000] {dag.py:3089} INFO - Sync 1 DAGs
[2026-02-07T00:53:12.565+0000] {logging_mixin.py:188} INFO - [2026-02-07T00:53:12.565+0000] {dag.py:3947} INFO - Setting next_dagrun for global_index_minio to 2026-02-07 00:00:00+00:00, run_after=2026-02-08 00:00:00+00:00
[2026-02-07T00:53:12.618+0000] {processor.py:183} INFO - Processing /opt/airflow/dags/dl_global_index.py took 0.533 seconds
[2026-02-07T00:53:44.365+0000] {processor.py:161} INFO - Started process (PID=727) to work on /opt/airflow/dags/dl_global_index.py
[2026-02-07T00:53:44.373+0000] {processor.py:830} INFO - Processing file /opt/airflow/dags/dl_global_index.py for tasks to queue
[2026-02-07T00:53:44.380+0000] {logging_mixin.py:188} INFO - [2026-02-07T00:53:44.379+0000] {dagbag.py:545} INFO - Filling up the DagBag from /opt/airflow/dags/dl_global_index.py
[2026-02-07T00:53:44.488+0000] {processor.py:840} INFO - DAG(s) 'global_index_minio' retrieved from /opt/airflow/dags/dl_global_index.py
[2026-02-07T00:53:44.547+0000] {logging_mixin.py:188} INFO - [2026-02-07T00:53:44.547+0000] {dag.py:3089} INFO - Sync 1 DAGs
[2026-02-07T00:53:44.608+0000] {logging_mixin.py:188} INFO - [2026-02-07T00:53:44.607+0000] {dag.py:3947} INFO - Setting next_dagrun for global_index_minio to 2026-02-07 00:00:00+00:00, run_after=2026-02-08 00:00:00+00:00
[2026-02-07T00:53:44.668+0000] {processor.py:183} INFO - Processing /opt/airflow/dags/dl_global_index.py took 0.320 seconds
[2026-02-07T00:54:15.312+0000] {processor.py:161} INFO - Started process (PID=779) to work on /opt/airflow/dags/dl_global_index.py
[2026-02-07T00:54:15.313+0000] {processor.py:830} INFO - Processing file /opt/airflow/dags/dl_global_index.py for tasks to queue
[2026-02-07T00:54:15.315+0000] {logging_mixin.py:188} INFO - [2026-02-07T00:54:15.314+0000] {dagbag.py:545} INFO - Filling up the DagBag from /opt/airflow/dags/dl_global_index.py
[2026-02-07T00:54:15.409+0000] {processor.py:840} INFO - DAG(s) 'global_index_minio' retrieved from /opt/airflow/dags/dl_global_index.py
[2026-02-07T00:54:15.469+0000] {logging_mixin.py:188} INFO - [2026-02-07T00:54:15.469+0000] {dag.py:3089} INFO - Sync 1 DAGs
[2026-02-07T00:54:15.528+0000] {logging_mixin.py:188} INFO - [2026-02-07T00:54:15.527+0000] {dag.py:3947} INFO - Setting next_dagrun for global_index_minio to 2026-02-07 00:00:00+00:00, run_after=2026-02-08 00:00:00+00:00
[2026-02-07T00:54:15.575+0000] {processor.py:183} INFO - Processing /opt/airflow/dags/dl_global_index.py took 0.279 seconds
[2026-02-07T00:54:46.216+0000] {processor.py:161} INFO - Started process (PID=825) to work on /opt/airflow/dags/dl_global_index.py
[2026-02-07T00:54:46.231+0000] {processor.py:830} INFO - Processing file /opt/airflow/dags/dl_global_index.py for tasks to queue
[2026-02-07T00:54:46.237+0000] {logging_mixin.py:188} INFO - [2026-02-07T00:54:46.236+0000] {dagbag.py:545} INFO - Filling up the DagBag from /opt/airflow/dags/dl_global_index.py
[2026-02-07T00:54:46.439+0000] {processor.py:840} INFO - DAG(s) 'global_index_minio' retrieved from /opt/airflow/dags/dl_global_index.py
[2026-02-07T00:54:46.503+0000] {logging_mixin.py:188} INFO - [2026-02-07T00:54:46.503+0000] {dag.py:3089} INFO - Sync 1 DAGs
[2026-02-07T00:54:46.573+0000] {logging_mixin.py:188} INFO - [2026-02-07T00:54:46.572+0000] {dag.py:3947} INFO - Setting next_dagrun for global_index_minio to 2026-02-07 00:00:00+00:00, run_after=2026-02-08 00:00:00+00:00
[2026-02-07T00:54:46.650+0000] {processor.py:183} INFO - Processing /opt/airflow/dags/dl_global_index.py took 0.450 seconds
[2026-02-07T00:55:17.771+0000] {processor.py:161} INFO - Started process (PID=874) to work on /opt/airflow/dags/dl_global_index.py
[2026-02-07T00:55:17.778+0000] {processor.py:830} INFO - Processing file /opt/airflow/dags/dl_global_index.py for tasks to queue
[2026-02-07T00:55:17.800+0000] {logging_mixin.py:188} INFO - [2026-02-07T00:55:17.800+0000] {dagbag.py:545} INFO - Filling up the DagBag from /opt/airflow/dags/dl_global_index.py
[2026-02-07T00:55:17.929+0000] {processor.py:840} INFO - DAG(s) 'global_index_minio' retrieved from /opt/airflow/dags/dl_global_index.py
[2026-02-07T00:55:18.020+0000] {logging_mixin.py:188} INFO - [2026-02-07T00:55:18.020+0000] {dag.py:3089} INFO - Sync 1 DAGs
[2026-02-07T00:55:18.082+0000] {logging_mixin.py:188} INFO - [2026-02-07T00:55:18.081+0000] {dag.py:3947} INFO - Setting next_dagrun for global_index_minio to 2026-02-07 00:00:00+00:00, run_after=2026-02-08 00:00:00+00:00
[2026-02-07T00:55:18.167+0000] {processor.py:183} INFO - Processing /opt/airflow/dags/dl_global_index.py took 0.407 seconds
[2026-02-07T00:55:49.522+0000] {processor.py:161} INFO - Started process (PID=917) to work on /opt/airflow/dags/dl_global_index.py
[2026-02-07T00:55:49.525+0000] {processor.py:830} INFO - Processing file /opt/airflow/dags/dl_global_index.py for tasks to queue
[2026-02-07T00:55:49.539+0000] {logging_mixin.py:188} INFO - [2026-02-07T00:55:49.538+0000] {dagbag.py:545} INFO - Filling up the DagBag from /opt/airflow/dags/dl_global_index.py
[2026-02-07T00:55:50.033+0000] {processor.py:840} INFO - DAG(s) 'global_index_minio' retrieved from /opt/airflow/dags/dl_global_index.py
[2026-02-07T00:55:50.124+0000] {logging_mixin.py:188} INFO - [2026-02-07T00:55:50.124+0000] {dag.py:3089} INFO - Sync 1 DAGs
[2026-02-07T00:55:50.189+0000] {logging_mixin.py:188} INFO - [2026-02-07T00:55:50.188+0000] {dag.py:3947} INFO - Setting next_dagrun for global_index_minio to 2026-02-07 00:00:00+00:00, run_after=2026-02-08 00:00:00+00:00
[2026-02-07T00:55:50.307+0000] {processor.py:183} INFO - Processing /opt/airflow/dags/dl_global_index.py took 0.835 seconds
[2026-02-07T00:56:20.614+0000] {processor.py:161} INFO - Started process (PID=985) to work on /opt/airflow/dags/dl_global_index.py
[2026-02-07T00:56:20.615+0000] {processor.py:830} INFO - Processing file /opt/airflow/dags/dl_global_index.py for tasks to queue
[2026-02-07T00:56:20.619+0000] {logging_mixin.py:188} INFO - [2026-02-07T00:56:20.618+0000] {dagbag.py:545} INFO - Filling up the DagBag from /opt/airflow/dags/dl_global_index.py
[2026-02-07T00:56:20.682+0000] {processor.py:840} INFO - DAG(s) 'global_index_minio' retrieved from /opt/airflow/dags/dl_global_index.py
[2026-02-07T00:56:20.740+0000] {logging_mixin.py:188} INFO - [2026-02-07T00:56:20.739+0000] {dag.py:3089} INFO - Sync 1 DAGs
[2026-02-07T00:56:20.793+0000] {logging_mixin.py:188} INFO - [2026-02-07T00:56:20.793+0000] {dag.py:3947} INFO - Setting next_dagrun for global_index_minio to 2026-02-07 00:00:00+00:00, run_after=2026-02-08 00:00:00+00:00
[2026-02-07T00:56:20.843+0000] {processor.py:183} INFO - Processing /opt/airflow/dags/dl_global_index.py took 0.240 seconds
[2026-02-07T00:56:51.883+0000] {processor.py:161} INFO - Started process (PID=1008) to work on /opt/airflow/dags/dl_global_index.py
[2026-02-07T00:56:51.884+0000] {processor.py:830} INFO - Processing file /opt/airflow/dags/dl_global_index.py for tasks to queue
[2026-02-07T00:56:51.885+0000] {logging_mixin.py:188} INFO - [2026-02-07T00:56:51.885+0000] {dagbag.py:545} INFO - Filling up the DagBag from /opt/airflow/dags/dl_global_index.py
[2026-02-07T00:56:51.927+0000] {processor.py:840} INFO - DAG(s) 'global_index_minio' retrieved from /opt/airflow/dags/dl_global_index.py
[2026-02-07T00:56:51.965+0000] {logging_mixin.py:188} INFO - [2026-02-07T00:56:51.965+0000] {dag.py:3089} INFO - Sync 1 DAGs
[2026-02-07T00:56:52.012+0000] {logging_mixin.py:188} INFO - [2026-02-07T00:56:52.011+0000] {dag.py:3947} INFO - Setting next_dagrun for global_index_minio to 2026-02-07 00:00:00+00:00, run_after=2026-02-08 00:00:00+00:00
[2026-02-07T00:56:52.049+0000] {processor.py:183} INFO - Processing /opt/airflow/dags/dl_global_index.py took 0.175 seconds
[2026-02-07T00:57:22.853+0000] {processor.py:161} INFO - Started process (PID=1032) to work on /opt/airflow/dags/dl_global_index.py
[2026-02-07T00:57:22.854+0000] {processor.py:830} INFO - Processing file /opt/airflow/dags/dl_global_index.py for tasks to queue
[2026-02-07T00:57:22.855+0000] {logging_mixin.py:188} INFO - [2026-02-07T00:57:22.855+0000] {dagbag.py:545} INFO - Filling up the DagBag from /opt/airflow/dags/dl_global_index.py
[2026-02-07T00:57:22.896+0000] {processor.py:840} INFO - DAG(s) 'global_index_minio' retrieved from /opt/airflow/dags/dl_global_index.py
[2026-02-07T00:57:22.935+0000] {logging_mixin.py:188} INFO - [2026-02-07T00:57:22.935+0000] {dag.py:3089} INFO - Sync 1 DAGs
[2026-02-07T00:57:22.964+0000] {logging_mixin.py:188} INFO - [2026-02-07T00:57:22.964+0000] {dag.py:3947} INFO - Setting next_dagrun for global_index_minio to 2026-02-07 00:00:00+00:00, run_after=2026-02-08 00:00:00+00:00
[2026-02-07T00:57:22.990+0000] {processor.py:183} INFO - Processing /opt/airflow/dags/dl_global_index.py took 0.145 seconds
[2026-02-07T00:57:53.524+0000] {processor.py:161} INFO - Started process (PID=1056) to work on /opt/airflow/dags/dl_global_index.py
[2026-02-07T00:57:53.524+0000] {processor.py:830} INFO - Processing file /opt/airflow/dags/dl_global_index.py for tasks to queue
[2026-02-07T00:57:53.525+0000] {logging_mixin.py:188} INFO - [2026-02-07T00:57:53.525+0000] {dagbag.py:545} INFO - Filling up the DagBag from /opt/airflow/dags/dl_global_index.py
[2026-02-07T00:57:53.561+0000] {processor.py:840} INFO - DAG(s) 'global_index_minio' retrieved from /opt/airflow/dags/dl_global_index.py
[2026-02-07T00:57:53.588+0000] {logging_mixin.py:188} INFO - [2026-02-07T00:57:53.587+0000] {dag.py:3089} INFO - Sync 1 DAGs
[2026-02-07T00:57:53.610+0000] {logging_mixin.py:188} INFO - [2026-02-07T00:57:53.609+0000] {dag.py:3947} INFO - Setting next_dagrun for global_index_minio to 2026-02-07 00:00:00+00:00, run_after=2026-02-08 00:00:00+00:00
[2026-02-07T00:57:53.629+0000] {processor.py:183} INFO - Processing /opt/airflow/dags/dl_global_index.py took 0.111 seconds
[2026-02-07T00:58:23.694+0000] {processor.py:161} INFO - Started process (PID=1080) to work on /opt/airflow/dags/dl_global_index.py
[2026-02-07T00:58:23.695+0000] {processor.py:830} INFO - Processing file /opt/airflow/dags/dl_global_index.py for tasks to queue
[2026-02-07T00:58:23.696+0000] {logging_mixin.py:188} INFO - [2026-02-07T00:58:23.695+0000] {dagbag.py:545} INFO - Filling up the DagBag from /opt/airflow/dags/dl_global_index.py
[2026-02-07T00:58:23.730+0000] {processor.py:840} INFO - DAG(s) 'global_index_minio' retrieved from /opt/airflow/dags/dl_global_index.py
[2026-02-07T00:58:23.759+0000] {logging_mixin.py:188} INFO - [2026-02-07T00:58:23.759+0000] {dag.py:3089} INFO - Sync 1 DAGs
[2026-02-07T00:58:23.783+0000] {logging_mixin.py:188} INFO - [2026-02-07T00:58:23.782+0000] {dag.py:3947} INFO - Setting next_dagrun for global_index_minio to 2026-02-07 00:00:00+00:00, run_after=2026-02-08 00:00:00+00:00
[2026-02-07T00:58:23.809+0000] {processor.py:183} INFO - Processing /opt/airflow/dags/dl_global_index.py took 0.121 seconds
[2026-02-07T00:58:54.382+0000] {processor.py:161} INFO - Started process (PID=1104) to work on /opt/airflow/dags/dl_global_index.py
[2026-02-07T00:58:54.383+0000] {processor.py:830} INFO - Processing file /opt/airflow/dags/dl_global_index.py for tasks to queue
[2026-02-07T00:58:54.384+0000] {logging_mixin.py:188} INFO - [2026-02-07T00:58:54.384+0000] {dagbag.py:545} INFO - Filling up the DagBag from /opt/airflow/dags/dl_global_index.py
[2026-02-07T00:58:54.413+0000] {processor.py:840} INFO - DAG(s) 'global_index_minio' retrieved from /opt/airflow/dags/dl_global_index.py
[2026-02-07T00:58:54.437+0000] {logging_mixin.py:188} INFO - [2026-02-07T00:58:54.436+0000] {dag.py:3089} INFO - Sync 1 DAGs
[2026-02-07T00:58:54.459+0000] {logging_mixin.py:188} INFO - [2026-02-07T00:58:54.459+0000] {dag.py:3947} INFO - Setting next_dagrun for global_index_minio to 2026-02-07 00:00:00+00:00, run_after=2026-02-08 00:00:00+00:00
[2026-02-07T00:58:54.479+0000] {processor.py:183} INFO - Processing /opt/airflow/dags/dl_global_index.py took 0.104 seconds
[2026-02-07T00:59:24.958+0000] {processor.py:161} INFO - Started process (PID=1134) to work on /opt/airflow/dags/dl_global_index.py
[2026-02-07T00:59:24.959+0000] {processor.py:830} INFO - Processing file /opt/airflow/dags/dl_global_index.py for tasks to queue
[2026-02-07T00:59:24.960+0000] {logging_mixin.py:188} INFO - [2026-02-07T00:59:24.960+0000] {dagbag.py:545} INFO - Filling up the DagBag from /opt/airflow/dags/dl_global_index.py
[2026-02-07T00:59:24.993+0000] {processor.py:840} INFO - DAG(s) 'global_index_minio' retrieved from /opt/airflow/dags/dl_global_index.py
[2026-02-07T00:59:25.017+0000] {logging_mixin.py:188} INFO - [2026-02-07T00:59:25.017+0000] {dag.py:3089} INFO - Sync 1 DAGs
[2026-02-07T00:59:25.042+0000] {logging_mixin.py:188} INFO - [2026-02-07T00:59:25.042+0000] {dag.py:3947} INFO - Setting next_dagrun for global_index_minio to 2026-02-07 00:00:00+00:00, run_after=2026-02-08 00:00:00+00:00
[2026-02-07T00:59:25.064+0000] {processor.py:183} INFO - Processing /opt/airflow/dags/dl_global_index.py took 0.111 seconds
[2026-02-07T00:59:55.342+0000] {processor.py:161} INFO - Started process (PID=1158) to work on /opt/airflow/dags/dl_global_index.py
[2026-02-07T00:59:55.343+0000] {processor.py:830} INFO - Processing file /opt/airflow/dags/dl_global_index.py for tasks to queue
[2026-02-07T00:59:55.345+0000] {logging_mixin.py:188} INFO - [2026-02-07T00:59:55.344+0000] {dagbag.py:545} INFO - Filling up the DagBag from /opt/airflow/dags/dl_global_index.py
[2026-02-07T00:59:55.382+0000] {processor.py:840} INFO - DAG(s) 'global_index_minio' retrieved from /opt/airflow/dags/dl_global_index.py
[2026-02-07T00:59:55.412+0000] {logging_mixin.py:188} INFO - [2026-02-07T00:59:55.411+0000] {dag.py:3089} INFO - Sync 1 DAGs
[2026-02-07T00:59:55.441+0000] {logging_mixin.py:188} INFO - [2026-02-07T00:59:55.441+0000] {dag.py:3947} INFO - Setting next_dagrun for global_index_minio to 2026-02-07 00:00:00+00:00, run_after=2026-02-08 00:00:00+00:00
[2026-02-07T00:59:55.470+0000] {processor.py:183} INFO - Processing /opt/airflow/dags/dl_global_index.py took 0.137 seconds
[2026-02-07T01:00:25.837+0000] {processor.py:161} INFO - Started process (PID=1182) to work on /opt/airflow/dags/dl_global_index.py
[2026-02-07T01:00:25.838+0000] {processor.py:830} INFO - Processing file /opt/airflow/dags/dl_global_index.py for tasks to queue
[2026-02-07T01:00:25.840+0000] {logging_mixin.py:188} INFO - [2026-02-07T01:00:25.839+0000] {dagbag.py:545} INFO - Filling up the DagBag from /opt/airflow/dags/dl_global_index.py
[2026-02-07T01:00:25.880+0000] {processor.py:840} INFO - DAG(s) 'global_index_minio' retrieved from /opt/airflow/dags/dl_global_index.py
[2026-02-07T01:00:25.912+0000] {logging_mixin.py:188} INFO - [2026-02-07T01:00:25.911+0000] {dag.py:3089} INFO - Sync 1 DAGs
[2026-02-07T01:00:25.944+0000] {logging_mixin.py:188} INFO - [2026-02-07T01:00:25.944+0000] {dag.py:3947} INFO - Setting next_dagrun for global_index_minio to 2026-02-07 00:00:00+00:00, run_after=2026-02-08 00:00:00+00:00
[2026-02-07T01:00:25.963+0000] {processor.py:183} INFO - Processing /opt/airflow/dags/dl_global_index.py took 0.132 seconds
[2026-02-07T01:00:56.231+0000] {processor.py:161} INFO - Started process (PID=1206) to work on /opt/airflow/dags/dl_global_index.py
[2026-02-07T01:00:56.232+0000] {processor.py:830} INFO - Processing file /opt/airflow/dags/dl_global_index.py for tasks to queue
[2026-02-07T01:00:56.233+0000] {logging_mixin.py:188} INFO - [2026-02-07T01:00:56.233+0000] {dagbag.py:545} INFO - Filling up the DagBag from /opt/airflow/dags/dl_global_index.py
[2026-02-07T01:00:56.266+0000] {processor.py:840} INFO - DAG(s) 'global_index_minio' retrieved from /opt/airflow/dags/dl_global_index.py
[2026-02-07T01:00:56.295+0000] {logging_mixin.py:188} INFO - [2026-02-07T01:00:56.295+0000] {dag.py:3089} INFO - Sync 1 DAGs
[2026-02-07T01:00:56.327+0000] {logging_mixin.py:188} INFO - [2026-02-07T01:00:56.326+0000] {dag.py:3947} INFO - Setting next_dagrun for global_index_minio to 2026-02-07 00:00:00+00:00, run_after=2026-02-08 00:00:00+00:00
[2026-02-07T01:00:56.368+0000] {processor.py:183} INFO - Processing /opt/airflow/dags/dl_global_index.py took 0.144 seconds
[2026-02-07T01:02:16.661+0000] {processor.py:161} INFO - Started process (PID=98) to work on /opt/airflow/dags/dl_global_index.py
[2026-02-07T01:02:16.662+0000] {processor.py:830} INFO - Processing file /opt/airflow/dags/dl_global_index.py for tasks to queue
[2026-02-07T01:02:16.663+0000] {logging_mixin.py:188} INFO - [2026-02-07T01:02:16.663+0000] {dagbag.py:545} INFO - Filling up the DagBag from /opt/airflow/dags/dl_global_index.py
[2026-02-07T01:02:16.726+0000] {processor.py:840} INFO - DAG(s) 'global_index_minio' retrieved from /opt/airflow/dags/dl_global_index.py
[2026-02-07T01:02:16.769+0000] {logging_mixin.py:188} INFO - [2026-02-07T01:02:16.768+0000] {dag.py:3089} INFO - Sync 1 DAGs
[2026-02-07T01:02:16.811+0000] {logging_mixin.py:188} INFO - [2026-02-07T01:02:16.811+0000] {dag.py:3947} INFO - Setting next_dagrun for global_index_minio to 2026-02-07 00:00:00+00:00, run_after=2026-02-08 00:00:00+00:00
[2026-02-07T01:02:16.843+0000] {processor.py:183} INFO - Processing /opt/airflow/dags/dl_global_index.py took 0.192 seconds
[2026-02-07T01:02:47.620+0000] {processor.py:161} INFO - Started process (PID=122) to work on /opt/airflow/dags/dl_global_index.py
[2026-02-07T01:02:47.621+0000] {processor.py:830} INFO - Processing file /opt/airflow/dags/dl_global_index.py for tasks to queue
[2026-02-07T01:02:47.622+0000] {logging_mixin.py:188} INFO - [2026-02-07T01:02:47.622+0000] {dagbag.py:545} INFO - Filling up the DagBag from /opt/airflow/dags/dl_global_index.py
[2026-02-07T01:02:47.661+0000] {processor.py:840} INFO - DAG(s) 'global_index_minio' retrieved from /opt/airflow/dags/dl_global_index.py
[2026-02-07T01:02:47.691+0000] {logging_mixin.py:188} INFO - [2026-02-07T01:02:47.691+0000] {dag.py:3089} INFO - Sync 1 DAGs
[2026-02-07T01:02:47.723+0000] {logging_mixin.py:188} INFO - [2026-02-07T01:02:47.723+0000] {dag.py:3947} INFO - Setting next_dagrun for global_index_minio to 2026-02-07 00:00:00+00:00, run_after=2026-02-08 00:00:00+00:00
[2026-02-07T01:02:47.751+0000] {processor.py:183} INFO - Processing /opt/airflow/dags/dl_global_index.py took 0.137 seconds
[2026-02-07T01:03:18.494+0000] {processor.py:161} INFO - Started process (PID=154) to work on /opt/airflow/dags/dl_global_index.py
[2026-02-07T01:03:18.494+0000] {processor.py:830} INFO - Processing file /opt/airflow/dags/dl_global_index.py for tasks to queue
[2026-02-07T01:03:18.495+0000] {logging_mixin.py:188} INFO - [2026-02-07T01:03:18.495+0000] {dagbag.py:545} INFO - Filling up the DagBag from /opt/airflow/dags/dl_global_index.py
[2026-02-07T01:03:18.522+0000] {processor.py:840} INFO - DAG(s) 'global_index_minio' retrieved from /opt/airflow/dags/dl_global_index.py
[2026-02-07T01:03:18.544+0000] {logging_mixin.py:188} INFO - [2026-02-07T01:03:18.543+0000] {dag.py:3089} INFO - Sync 1 DAGs
[2026-02-07T01:03:18.566+0000] {logging_mixin.py:188} INFO - [2026-02-07T01:03:18.566+0000] {dag.py:3947} INFO - Setting next_dagrun for global_index_minio to 2026-02-07 00:00:00+00:00, run_after=2026-02-08 00:00:00+00:00
[2026-02-07T01:03:18.585+0000] {processor.py:183} INFO - Processing /opt/airflow/dags/dl_global_index.py took 0.097 seconds
[2026-02-07T01:03:48.916+0000] {processor.py:161} INFO - Started process (PID=178) to work on /opt/airflow/dags/dl_global_index.py
[2026-02-07T01:03:48.917+0000] {processor.py:830} INFO - Processing file /opt/airflow/dags/dl_global_index.py for tasks to queue
[2026-02-07T01:03:48.918+0000] {logging_mixin.py:188} INFO - [2026-02-07T01:03:48.918+0000] {dagbag.py:545} INFO - Filling up the DagBag from /opt/airflow/dags/dl_global_index.py
[2026-02-07T01:03:48.950+0000] {processor.py:840} INFO - DAG(s) 'global_index_minio' retrieved from /opt/airflow/dags/dl_global_index.py
[2026-02-07T01:03:48.976+0000] {logging_mixin.py:188} INFO - [2026-02-07T01:03:48.976+0000] {dag.py:3089} INFO - Sync 1 DAGs
[2026-02-07T01:03:49.001+0000] {logging_mixin.py:188} INFO - [2026-02-07T01:03:49.001+0000] {dag.py:3947} INFO - Setting next_dagrun for global_index_minio to 2026-02-07 00:00:00+00:00, run_after=2026-02-08 00:00:00+00:00
[2026-02-07T01:03:49.019+0000] {processor.py:183} INFO - Processing /opt/airflow/dags/dl_global_index.py took 0.110 seconds
[2026-02-07T01:04:19.277+0000] {processor.py:161} INFO - Started process (PID=203) to work on /opt/airflow/dags/dl_global_index.py
[2026-02-07T01:04:19.278+0000] {processor.py:830} INFO - Processing file /opt/airflow/dags/dl_global_index.py for tasks to queue
[2026-02-07T01:04:19.279+0000] {logging_mixin.py:188} INFO - [2026-02-07T01:04:19.279+0000] {dagbag.py:545} INFO - Filling up the DagBag from /opt/airflow/dags/dl_global_index.py
[2026-02-07T01:04:19.306+0000] {processor.py:840} INFO - DAG(s) 'global_index_minio' retrieved from /opt/airflow/dags/dl_global_index.py
[2026-02-07T01:04:19.328+0000] {logging_mixin.py:188} INFO - [2026-02-07T01:04:19.328+0000] {dag.py:3089} INFO - Sync 1 DAGs
[2026-02-07T01:04:19.350+0000] {logging_mixin.py:188} INFO - [2026-02-07T01:04:19.350+0000] {dag.py:3947} INFO - Setting next_dagrun for global_index_minio to 2026-02-07 00:00:00+00:00, run_after=2026-02-08 00:00:00+00:00
[2026-02-07T01:04:19.368+0000] {processor.py:183} INFO - Processing /opt/airflow/dags/dl_global_index.py took 0.096 seconds
[2026-02-07T01:04:50.237+0000] {processor.py:161} INFO - Started process (PID=227) to work on /opt/airflow/dags/dl_global_index.py
[2026-02-07T01:04:50.238+0000] {processor.py:830} INFO - Processing file /opt/airflow/dags/dl_global_index.py for tasks to queue
[2026-02-07T01:04:50.239+0000] {logging_mixin.py:188} INFO - [2026-02-07T01:04:50.238+0000] {dagbag.py:545} INFO - Filling up the DagBag from /opt/airflow/dags/dl_global_index.py
[2026-02-07T01:04:50.267+0000] {processor.py:840} INFO - DAG(s) 'global_index_minio' retrieved from /opt/airflow/dags/dl_global_index.py
[2026-02-07T01:04:50.289+0000] {logging_mixin.py:188} INFO - [2026-02-07T01:04:50.289+0000] {dag.py:3089} INFO - Sync 1 DAGs
[2026-02-07T01:04:50.312+0000] {logging_mixin.py:188} INFO - [2026-02-07T01:04:50.311+0000] {dag.py:3947} INFO - Setting next_dagrun for global_index_minio to 2026-02-07 00:00:00+00:00, run_after=2026-02-08 00:00:00+00:00
[2026-02-07T01:04:50.330+0000] {processor.py:183} INFO - Processing /opt/airflow/dags/dl_global_index.py took 0.098 seconds
[2026-02-07T01:05:21.555+0000] {processor.py:161} INFO - Started process (PID=251) to work on /opt/airflow/dags/dl_global_index.py
[2026-02-07T01:05:21.556+0000] {processor.py:830} INFO - Processing file /opt/airflow/dags/dl_global_index.py for tasks to queue
[2026-02-07T01:05:21.557+0000] {logging_mixin.py:188} INFO - [2026-02-07T01:05:21.557+0000] {dagbag.py:545} INFO - Filling up the DagBag from /opt/airflow/dags/dl_global_index.py
[2026-02-07T01:05:21.589+0000] {processor.py:840} INFO - DAG(s) 'global_index_minio' retrieved from /opt/airflow/dags/dl_global_index.py
[2026-02-07T01:05:21.618+0000] {logging_mixin.py:188} INFO - [2026-02-07T01:05:21.618+0000] {dag.py:3089} INFO - Sync 1 DAGs
[2026-02-07T01:05:21.640+0000] {logging_mixin.py:188} INFO - [2026-02-07T01:05:21.640+0000] {dag.py:3947} INFO - Setting next_dagrun for global_index_minio to 2026-02-07 00:00:00+00:00, run_after=2026-02-08 00:00:00+00:00
[2026-02-07T01:05:21.660+0000] {processor.py:183} INFO - Processing /opt/airflow/dags/dl_global_index.py took 0.110 seconds
[2026-02-07T01:05:52.744+0000] {processor.py:161} INFO - Started process (PID=275) to work on /opt/airflow/dags/dl_global_index.py
[2026-02-07T01:05:52.745+0000] {processor.py:830} INFO - Processing file /opt/airflow/dags/dl_global_index.py for tasks to queue
[2026-02-07T01:05:52.746+0000] {logging_mixin.py:188} INFO - [2026-02-07T01:05:52.746+0000] {dagbag.py:545} INFO - Filling up the DagBag from /opt/airflow/dags/dl_global_index.py
[2026-02-07T01:05:52.801+0000] {processor.py:840} INFO - DAG(s) 'global_index_minio' retrieved from /opt/airflow/dags/dl_global_index.py
[2026-02-07T01:05:52.829+0000] {logging_mixin.py:188} INFO - [2026-02-07T01:05:52.829+0000] {dag.py:3089} INFO - Sync 1 DAGs
[2026-02-07T01:05:52.859+0000] {logging_mixin.py:188} INFO - [2026-02-07T01:05:52.858+0000] {dag.py:3947} INFO - Setting next_dagrun for global_index_minio to 2026-02-07 00:00:00+00:00, run_after=2026-02-08 00:00:00+00:00
[2026-02-07T01:05:52.882+0000] {processor.py:183} INFO - Processing /opt/airflow/dags/dl_global_index.py took 0.144 seconds
[2026-02-07T01:06:23.393+0000] {processor.py:161} INFO - Started process (PID=299) to work on /opt/airflow/dags/dl_global_index.py
[2026-02-07T01:06:23.394+0000] {processor.py:830} INFO - Processing file /opt/airflow/dags/dl_global_index.py for tasks to queue
[2026-02-07T01:06:23.396+0000] {logging_mixin.py:188} INFO - [2026-02-07T01:06:23.395+0000] {dagbag.py:545} INFO - Filling up the DagBag from /opt/airflow/dags/dl_global_index.py
[2026-02-07T01:06:23.454+0000] {processor.py:840} INFO - DAG(s) 'global_index_minio' retrieved from /opt/airflow/dags/dl_global_index.py
[2026-02-07T01:06:23.495+0000] {logging_mixin.py:188} INFO - [2026-02-07T01:06:23.494+0000] {dag.py:3089} INFO - Sync 1 DAGs
[2026-02-07T01:06:23.537+0000] {logging_mixin.py:188} INFO - [2026-02-07T01:06:23.536+0000] {dag.py:3947} INFO - Setting next_dagrun for global_index_minio to 2026-02-07 00:00:00+00:00, run_after=2026-02-08 00:00:00+00:00
[2026-02-07T01:06:23.569+0000] {processor.py:183} INFO - Processing /opt/airflow/dags/dl_global_index.py took 0.185 seconds
[2026-02-07T01:06:53.706+0000] {processor.py:161} INFO - Started process (PID=327) to work on /opt/airflow/dags/dl_global_index.py
[2026-02-07T01:06:53.706+0000] {processor.py:830} INFO - Processing file /opt/airflow/dags/dl_global_index.py for tasks to queue
[2026-02-07T01:06:53.707+0000] {logging_mixin.py:188} INFO - [2026-02-07T01:06:53.707+0000] {dagbag.py:545} INFO - Filling up the DagBag from /opt/airflow/dags/dl_global_index.py
[2026-02-07T01:06:53.735+0000] {processor.py:840} INFO - DAG(s) 'global_index_minio' retrieved from /opt/airflow/dags/dl_global_index.py
[2026-02-07T01:06:53.758+0000] {logging_mixin.py:188} INFO - [2026-02-07T01:06:53.758+0000] {dag.py:3089} INFO - Sync 1 DAGs
[2026-02-07T01:06:53.780+0000] {logging_mixin.py:188} INFO - [2026-02-07T01:06:53.779+0000] {dag.py:3947} INFO - Setting next_dagrun for global_index_minio to 2026-02-07 00:00:00+00:00, run_after=2026-02-08 00:00:00+00:00
[2026-02-07T01:06:53.798+0000] {processor.py:183} INFO - Processing /opt/airflow/dags/dl_global_index.py took 0.098 seconds
[2026-02-07T01:07:25.564+0000] {processor.py:161} INFO - Started process (PID=359) to work on /opt/airflow/dags/dl_global_index.py
[2026-02-07T01:07:25.565+0000] {processor.py:830} INFO - Processing file /opt/airflow/dags/dl_global_index.py for tasks to queue
[2026-02-07T01:07:25.566+0000] {logging_mixin.py:188} INFO - [2026-02-07T01:07:25.565+0000] {dagbag.py:545} INFO - Filling up the DagBag from /opt/airflow/dags/dl_global_index.py
[2026-02-07T01:07:25.609+0000] {processor.py:840} INFO - DAG(s) 'global_index_minio' retrieved from /opt/airflow/dags/dl_global_index.py
[2026-02-07T01:07:25.646+0000] {logging_mixin.py:188} INFO - [2026-02-07T01:07:25.646+0000] {dag.py:3089} INFO - Sync 1 DAGs
[2026-02-07T01:07:25.679+0000] {logging_mixin.py:188} INFO - [2026-02-07T01:07:25.679+0000] {dag.py:3947} INFO - Setting next_dagrun for global_index_minio to 2026-02-07 00:00:00+00:00, run_after=2026-02-08 00:00:00+00:00
[2026-02-07T01:07:25.702+0000] {processor.py:183} INFO - Processing /opt/airflow/dags/dl_global_index.py took 0.146 seconds
[2026-02-07T01:07:55.789+0000] {processor.py:161} INFO - Started process (PID=387) to work on /opt/airflow/dags/dl_global_index.py
[2026-02-07T01:07:55.789+0000] {processor.py:830} INFO - Processing file /opt/airflow/dags/dl_global_index.py for tasks to queue
[2026-02-07T01:07:55.790+0000] {logging_mixin.py:188} INFO - [2026-02-07T01:07:55.790+0000] {dagbag.py:545} INFO - Filling up the DagBag from /opt/airflow/dags/dl_global_index.py
[2026-02-07T01:07:55.836+0000] {processor.py:840} INFO - DAG(s) 'global_index_minio' retrieved from /opt/airflow/dags/dl_global_index.py
[2026-02-07T01:07:55.874+0000] {logging_mixin.py:188} INFO - [2026-02-07T01:07:55.874+0000] {dag.py:3089} INFO - Sync 1 DAGs
[2026-02-07T01:07:55.904+0000] {logging_mixin.py:188} INFO - [2026-02-07T01:07:55.904+0000] {dag.py:3947} INFO - Setting next_dagrun for global_index_minio to 2026-02-07 00:00:00+00:00, run_after=2026-02-08 00:00:00+00:00
[2026-02-07T01:07:55.932+0000] {processor.py:183} INFO - Processing /opt/airflow/dags/dl_global_index.py took 0.150 seconds
[2026-02-07T01:08:26.568+0000] {processor.py:161} INFO - Started process (PID=411) to work on /opt/airflow/dags/dl_global_index.py
[2026-02-07T01:08:26.569+0000] {processor.py:830} INFO - Processing file /opt/airflow/dags/dl_global_index.py for tasks to queue
[2026-02-07T01:08:26.570+0000] {logging_mixin.py:188} INFO - [2026-02-07T01:08:26.569+0000] {dagbag.py:545} INFO - Filling up the DagBag from /opt/airflow/dags/dl_global_index.py
[2026-02-07T01:08:26.603+0000] {processor.py:840} INFO - DAG(s) 'global_index_minio' retrieved from /opt/airflow/dags/dl_global_index.py
[2026-02-07T01:08:26.634+0000] {logging_mixin.py:188} INFO - [2026-02-07T01:08:26.633+0000] {dag.py:3089} INFO - Sync 1 DAGs
[2026-02-07T01:08:26.671+0000] {logging_mixin.py:188} INFO - [2026-02-07T01:08:26.671+0000] {dag.py:3947} INFO - Setting next_dagrun for global_index_minio to 2026-02-07 00:00:00+00:00, run_after=2026-02-08 00:00:00+00:00
[2026-02-07T01:08:26.695+0000] {processor.py:183} INFO - Processing /opt/airflow/dags/dl_global_index.py took 0.133 seconds
[2026-02-07T01:08:56.847+0000] {processor.py:161} INFO - Started process (PID=435) to work on /opt/airflow/dags/dl_global_index.py
[2026-02-07T01:08:56.848+0000] {processor.py:830} INFO - Processing file /opt/airflow/dags/dl_global_index.py for tasks to queue
[2026-02-07T01:08:56.849+0000] {logging_mixin.py:188} INFO - [2026-02-07T01:08:56.849+0000] {dagbag.py:545} INFO - Filling up the DagBag from /opt/airflow/dags/dl_global_index.py
[2026-02-07T01:08:56.876+0000] {processor.py:840} INFO - DAG(s) 'global_index_minio' retrieved from /opt/airflow/dags/dl_global_index.py
[2026-02-07T01:08:56.898+0000] {logging_mixin.py:188} INFO - [2026-02-07T01:08:56.898+0000] {dag.py:3089} INFO - Sync 1 DAGs
[2026-02-07T01:08:56.921+0000] {logging_mixin.py:188} INFO - [2026-02-07T01:08:56.921+0000] {dag.py:3947} INFO - Setting next_dagrun for global_index_minio to 2026-02-07 00:00:00+00:00, run_after=2026-02-08 00:00:00+00:00
[2026-02-07T01:08:56.942+0000] {processor.py:183} INFO - Processing /opt/airflow/dags/dl_global_index.py took 0.100 seconds
[2026-02-07T01:09:27.325+0000] {processor.py:161} INFO - Started process (PID=459) to work on /opt/airflow/dags/dl_global_index.py
[2026-02-07T01:09:27.325+0000] {processor.py:830} INFO - Processing file /opt/airflow/dags/dl_global_index.py for tasks to queue
[2026-02-07T01:09:27.326+0000] {logging_mixin.py:188} INFO - [2026-02-07T01:09:27.326+0000] {dagbag.py:545} INFO - Filling up the DagBag from /opt/airflow/dags/dl_global_index.py
[2026-02-07T01:09:27.353+0000] {processor.py:840} INFO - DAG(s) 'global_index_minio' retrieved from /opt/airflow/dags/dl_global_index.py
[2026-02-07T01:09:27.376+0000] {logging_mixin.py:188} INFO - [2026-02-07T01:09:27.376+0000] {dag.py:3089} INFO - Sync 1 DAGs
[2026-02-07T01:09:27.399+0000] {logging_mixin.py:188} INFO - [2026-02-07T01:09:27.399+0000] {dag.py:3947} INFO - Setting next_dagrun for global_index_minio to 2026-02-07 00:00:00+00:00, run_after=2026-02-08 00:00:00+00:00
[2026-02-07T01:09:27.420+0000] {processor.py:183} INFO - Processing /opt/airflow/dags/dl_global_index.py took 0.100 seconds
[2026-02-07T01:10:00.996+0000] {processor.py:161} INFO - Started process (PID=483) to work on /opt/airflow/dags/dl_global_index.py
[2026-02-07T01:10:00.997+0000] {processor.py:830} INFO - Processing file /opt/airflow/dags/dl_global_index.py for tasks to queue
[2026-02-07T01:10:00.998+0000] {logging_mixin.py:188} INFO - [2026-02-07T01:10:00.997+0000] {dagbag.py:545} INFO - Filling up the DagBag from /opt/airflow/dags/dl_global_index.py
[2026-02-07T01:10:01.032+0000] {processor.py:840} INFO - DAG(s) 'global_index_minio' retrieved from /opt/airflow/dags/dl_global_index.py
[2026-02-07T01:10:01.061+0000] {logging_mixin.py:188} INFO - [2026-02-07T01:10:01.061+0000] {dag.py:3089} INFO - Sync 1 DAGs
[2026-02-07T01:10:01.455+0000] {logging_mixin.py:188} INFO - [2026-02-07T01:10:01.455+0000] {dag.py:3947} INFO - Setting next_dagrun for global_index_minio to 2026-02-07 00:00:00+00:00, run_after=2026-02-08 00:00:00+00:00
[2026-02-07T01:10:01.482+0000] {processor.py:183} INFO - Processing /opt/airflow/dags/dl_global_index.py took 0.493 seconds
[2026-02-07T01:10:31.925+0000] {processor.py:161} INFO - Started process (PID=507) to work on /opt/airflow/dags/dl_global_index.py
[2026-02-07T01:10:31.926+0000] {processor.py:830} INFO - Processing file /opt/airflow/dags/dl_global_index.py for tasks to queue
[2026-02-07T01:10:31.927+0000] {logging_mixin.py:188} INFO - [2026-02-07T01:10:31.926+0000] {dagbag.py:545} INFO - Filling up the DagBag from /opt/airflow/dags/dl_global_index.py
[2026-02-07T01:10:31.969+0000] {processor.py:840} INFO - DAG(s) 'global_index_minio' retrieved from /opt/airflow/dags/dl_global_index.py
[2026-02-07T01:10:32.009+0000] {logging_mixin.py:188} INFO - [2026-02-07T01:10:32.008+0000] {dag.py:3089} INFO - Sync 1 DAGs
[2026-02-07T01:10:32.057+0000] {logging_mixin.py:188} INFO - [2026-02-07T01:10:32.056+0000] {dag.py:3947} INFO - Setting next_dagrun for global_index_minio to 2026-02-07 00:00:00+00:00, run_after=2026-02-08 00:00:00+00:00
[2026-02-07T01:10:32.091+0000] {processor.py:183} INFO - Processing /opt/airflow/dags/dl_global_index.py took 0.174 seconds
[2026-02-07T01:11:02.726+0000] {processor.py:161} INFO - Started process (PID=539) to work on /opt/airflow/dags/dl_global_index.py
[2026-02-07T01:11:02.727+0000] {processor.py:830} INFO - Processing file /opt/airflow/dags/dl_global_index.py for tasks to queue
[2026-02-07T01:11:02.728+0000] {logging_mixin.py:188} INFO - [2026-02-07T01:11:02.728+0000] {dagbag.py:545} INFO - Filling up the DagBag from /opt/airflow/dags/dl_global_index.py
[2026-02-07T01:11:02.771+0000] {processor.py:840} INFO - DAG(s) 'global_index_minio' retrieved from /opt/airflow/dags/dl_global_index.py
[2026-02-07T01:11:02.805+0000] {logging_mixin.py:188} INFO - [2026-02-07T01:11:02.805+0000] {dag.py:3089} INFO - Sync 1 DAGs
[2026-02-07T01:11:03.123+0000] {logging_mixin.py:188} INFO - [2026-02-07T01:11:03.123+0000] {dag.py:3947} INFO - Setting next_dagrun for global_index_minio to 2026-02-07 00:00:00+00:00, run_after=2026-02-08 00:00:00+00:00
[2026-02-07T01:11:03.144+0000] {processor.py:183} INFO - Processing /opt/airflow/dags/dl_global_index.py took 0.427 seconds
[2026-02-07T01:11:34.063+0000] {processor.py:161} INFO - Started process (PID=589) to work on /opt/airflow/dags/dl_global_index.py
[2026-02-07T01:11:34.065+0000] {processor.py:830} INFO - Processing file /opt/airflow/dags/dl_global_index.py for tasks to queue
[2026-02-07T01:11:34.066+0000] {logging_mixin.py:188} INFO - [2026-02-07T01:11:34.066+0000] {dagbag.py:545} INFO - Filling up the DagBag from /opt/airflow/dags/dl_global_index.py
[2026-02-07T01:11:34.114+0000] {processor.py:840} INFO - DAG(s) 'global_index_minio' retrieved from /opt/airflow/dags/dl_global_index.py
[2026-02-07T01:11:34.157+0000] {logging_mixin.py:188} INFO - [2026-02-07T01:11:34.156+0000] {dag.py:3089} INFO - Sync 1 DAGs
[2026-02-07T01:11:34.191+0000] {logging_mixin.py:188} INFO - [2026-02-07T01:11:34.191+0000] {dag.py:3947} INFO - Setting next_dagrun for global_index_minio to 2026-02-07 00:00:00+00:00, run_after=2026-02-08 00:00:00+00:00
[2026-02-07T01:11:34.217+0000] {processor.py:183} INFO - Processing /opt/airflow/dags/dl_global_index.py took 0.163 seconds
[2026-02-07T01:12:04.602+0000] {processor.py:161} INFO - Started process (PID=617) to work on /opt/airflow/dags/dl_global_index.py
[2026-02-07T01:12:04.603+0000] {processor.py:830} INFO - Processing file /opt/airflow/dags/dl_global_index.py for tasks to queue
[2026-02-07T01:12:04.605+0000] {logging_mixin.py:188} INFO - [2026-02-07T01:12:04.604+0000] {dagbag.py:545} INFO - Filling up the DagBag from /opt/airflow/dags/dl_global_index.py
[2026-02-07T01:12:04.649+0000] {processor.py:840} INFO - DAG(s) 'global_index_minio' retrieved from /opt/airflow/dags/dl_global_index.py
[2026-02-07T01:12:04.684+0000] {logging_mixin.py:188} INFO - [2026-02-07T01:12:04.684+0000] {dag.py:3089} INFO - Sync 1 DAGs
[2026-02-07T01:12:04.718+0000] {logging_mixin.py:188} INFO - [2026-02-07T01:12:04.718+0000] {dag.py:3947} INFO - Setting next_dagrun for global_index_minio to 2026-02-07 00:00:00+00:00, run_after=2026-02-08 00:00:00+00:00
[2026-02-07T01:12:04.745+0000] {processor.py:183} INFO - Processing /opt/airflow/dags/dl_global_index.py took 0.153 seconds
[2026-02-07T01:12:35.325+0000] {processor.py:161} INFO - Started process (PID=645) to work on /opt/airflow/dags/dl_global_index.py
[2026-02-07T01:12:35.326+0000] {processor.py:830} INFO - Processing file /opt/airflow/dags/dl_global_index.py for tasks to queue
[2026-02-07T01:12:35.327+0000] {logging_mixin.py:188} INFO - [2026-02-07T01:12:35.327+0000] {dagbag.py:545} INFO - Filling up the DagBag from /opt/airflow/dags/dl_global_index.py
[2026-02-07T01:12:35.355+0000] {processor.py:840} INFO - DAG(s) 'global_index_minio' retrieved from /opt/airflow/dags/dl_global_index.py
[2026-02-07T01:12:35.380+0000] {logging_mixin.py:188} INFO - [2026-02-07T01:12:35.379+0000] {dag.py:3089} INFO - Sync 1 DAGs
[2026-02-07T01:12:35.623+0000] {logging_mixin.py:188} INFO - [2026-02-07T01:12:35.623+0000] {dag.py:3947} INFO - Setting next_dagrun for global_index_minio to 2026-02-07 00:00:00+00:00, run_after=2026-02-08 00:00:00+00:00
[2026-02-07T01:12:35.644+0000] {processor.py:183} INFO - Processing /opt/airflow/dags/dl_global_index.py took 0.324 seconds
[2026-02-07T01:13:06.243+0000] {processor.py:161} INFO - Started process (PID=677) to work on /opt/airflow/dags/dl_global_index.py
[2026-02-07T01:13:06.244+0000] {processor.py:830} INFO - Processing file /opt/airflow/dags/dl_global_index.py for tasks to queue
[2026-02-07T01:13:06.245+0000] {logging_mixin.py:188} INFO - [2026-02-07T01:13:06.244+0000] {dagbag.py:545} INFO - Filling up the DagBag from /opt/airflow/dags/dl_global_index.py
[2026-02-07T01:13:06.277+0000] {processor.py:840} INFO - DAG(s) 'global_index_minio' retrieved from /opt/airflow/dags/dl_global_index.py
[2026-02-07T01:13:06.308+0000] {logging_mixin.py:188} INFO - [2026-02-07T01:13:06.308+0000] {dag.py:3089} INFO - Sync 1 DAGs
[2026-02-07T01:13:06.333+0000] {logging_mixin.py:188} INFO - [2026-02-07T01:13:06.333+0000] {dag.py:3947} INFO - Setting next_dagrun for global_index_minio to 2026-02-07 00:00:00+00:00, run_after=2026-02-08 00:00:00+00:00
[2026-02-07T01:13:06.355+0000] {processor.py:183} INFO - Processing /opt/airflow/dags/dl_global_index.py took 0.117 seconds
[2026-02-07T01:13:37.202+0000] {processor.py:161} INFO - Started process (PID=701) to work on /opt/airflow/dags/dl_global_index.py
[2026-02-07T01:13:37.203+0000] {processor.py:830} INFO - Processing file /opt/airflow/dags/dl_global_index.py for tasks to queue
[2026-02-07T01:13:37.204+0000] {logging_mixin.py:188} INFO - [2026-02-07T01:13:37.203+0000] {dagbag.py:545} INFO - Filling up the DagBag from /opt/airflow/dags/dl_global_index.py
[2026-02-07T01:13:37.235+0000] {processor.py:840} INFO - DAG(s) 'global_index_minio' retrieved from /opt/airflow/dags/dl_global_index.py
[2026-02-07T01:13:37.268+0000] {logging_mixin.py:188} INFO - [2026-02-07T01:13:37.267+0000] {dag.py:3089} INFO - Sync 1 DAGs
[2026-02-07T01:13:37.300+0000] {logging_mixin.py:188} INFO - [2026-02-07T01:13:37.299+0000] {dag.py:3947} INFO - Setting next_dagrun for global_index_minio to 2026-02-07 00:00:00+00:00, run_after=2026-02-08 00:00:00+00:00
[2026-02-07T01:13:37.327+0000] {processor.py:183} INFO - Processing /opt/airflow/dags/dl_global_index.py took 0.134 seconds
[2026-02-07T01:14:07.526+0000] {processor.py:161} INFO - Started process (PID=729) to work on /opt/airflow/dags/dl_global_index.py
[2026-02-07T01:14:07.527+0000] {processor.py:830} INFO - Processing file /opt/airflow/dags/dl_global_index.py for tasks to queue
[2026-02-07T01:14:07.528+0000] {logging_mixin.py:188} INFO - [2026-02-07T01:14:07.527+0000] {dagbag.py:545} INFO - Filling up the DagBag from /opt/airflow/dags/dl_global_index.py
[2026-02-07T01:14:07.564+0000] {processor.py:840} INFO - DAG(s) 'global_index_minio' retrieved from /opt/airflow/dags/dl_global_index.py
[2026-02-07T01:14:07.589+0000] {logging_mixin.py:188} INFO - [2026-02-07T01:14:07.589+0000] {dag.py:3089} INFO - Sync 1 DAGs
[2026-02-07T01:14:07.612+0000] {logging_mixin.py:188} INFO - [2026-02-07T01:14:07.612+0000] {dag.py:3947} INFO - Setting next_dagrun for global_index_minio to 2026-02-07 00:00:00+00:00, run_after=2026-02-08 00:00:00+00:00
[2026-02-07T01:14:07.632+0000] {processor.py:183} INFO - Processing /opt/airflow/dags/dl_global_index.py took 0.112 seconds
[2026-02-07T01:14:37.788+0000] {processor.py:161} INFO - Started process (PID=757) to work on /opt/airflow/dags/dl_global_index.py
[2026-02-07T01:14:37.788+0000] {processor.py:830} INFO - Processing file /opt/airflow/dags/dl_global_index.py for tasks to queue
[2026-02-07T01:14:37.789+0000] {logging_mixin.py:188} INFO - [2026-02-07T01:14:37.789+0000] {dagbag.py:545} INFO - Filling up the DagBag from /opt/airflow/dags/dl_global_index.py
[2026-02-07T01:14:37.814+0000] {processor.py:840} INFO - DAG(s) 'global_index_minio' retrieved from /opt/airflow/dags/dl_global_index.py
[2026-02-07T01:14:37.836+0000] {logging_mixin.py:188} INFO - [2026-02-07T01:14:37.836+0000] {dag.py:3089} INFO - Sync 1 DAGs
[2026-02-07T01:14:37.858+0000] {logging_mixin.py:188} INFO - [2026-02-07T01:14:37.858+0000] {dag.py:3947} INFO - Setting next_dagrun for global_index_minio to 2026-02-07 00:00:00+00:00, run_after=2026-02-08 00:00:00+00:00
[2026-02-07T01:14:37.879+0000] {processor.py:183} INFO - Processing /opt/airflow/dags/dl_global_index.py took 0.097 seconds
[2026-02-07T01:15:08.242+0000] {processor.py:161} INFO - Started process (PID=785) to work on /opt/airflow/dags/dl_global_index.py
[2026-02-07T01:15:08.243+0000] {processor.py:830} INFO - Processing file /opt/airflow/dags/dl_global_index.py for tasks to queue
[2026-02-07T01:15:08.245+0000] {logging_mixin.py:188} INFO - [2026-02-07T01:15:08.244+0000] {dagbag.py:545} INFO - Filling up the DagBag from /opt/airflow/dags/dl_global_index.py
[2026-02-07T01:15:08.286+0000] {processor.py:840} INFO - DAG(s) 'global_index_minio' retrieved from /opt/airflow/dags/dl_global_index.py
[2026-02-07T01:15:08.318+0000] {logging_mixin.py:188} INFO - [2026-02-07T01:15:08.318+0000] {dag.py:3089} INFO - Sync 1 DAGs
[2026-02-07T01:15:08.354+0000] {logging_mixin.py:188} INFO - [2026-02-07T01:15:08.354+0000] {dag.py:3947} INFO - Setting next_dagrun for global_index_minio to 2026-02-07 00:00:00+00:00, run_after=2026-02-08 00:00:00+00:00
[2026-02-07T01:15:08.389+0000] {processor.py:183} INFO - Processing /opt/airflow/dags/dl_global_index.py took 0.154 seconds
[2026-02-07T01:15:39.157+0000] {processor.py:161} INFO - Started process (PID=809) to work on /opt/airflow/dags/dl_global_index.py
[2026-02-07T01:15:39.157+0000] {processor.py:830} INFO - Processing file /opt/airflow/dags/dl_global_index.py for tasks to queue
[2026-02-07T01:15:39.158+0000] {logging_mixin.py:188} INFO - [2026-02-07T01:15:39.158+0000] {dagbag.py:545} INFO - Filling up the DagBag from /opt/airflow/dags/dl_global_index.py
[2026-02-07T01:15:39.188+0000] {processor.py:840} INFO - DAG(s) 'global_index_minio' retrieved from /opt/airflow/dags/dl_global_index.py
[2026-02-07T01:15:39.212+0000] {logging_mixin.py:188} INFO - [2026-02-07T01:15:39.212+0000] {dag.py:3089} INFO - Sync 1 DAGs
[2026-02-07T01:15:39.236+0000] {logging_mixin.py:188} INFO - [2026-02-07T01:15:39.235+0000] {dag.py:3947} INFO - Setting next_dagrun for global_index_minio to 2026-02-07 00:00:00+00:00, run_after=2026-02-08 00:00:00+00:00
[2026-02-07T01:15:39.261+0000] {processor.py:183} INFO - Processing /opt/airflow/dags/dl_global_index.py took 0.110 seconds
[2026-02-07T01:16:09.441+0000] {processor.py:161} INFO - Started process (PID=841) to work on /opt/airflow/dags/dl_global_index.py
[2026-02-07T01:16:09.441+0000] {processor.py:830} INFO - Processing file /opt/airflow/dags/dl_global_index.py for tasks to queue
[2026-02-07T01:16:09.442+0000] {logging_mixin.py:188} INFO - [2026-02-07T01:16:09.442+0000] {dagbag.py:545} INFO - Filling up the DagBag from /opt/airflow/dags/dl_global_index.py
[2026-02-07T01:16:09.473+0000] {processor.py:840} INFO - DAG(s) 'global_index_minio' retrieved from /opt/airflow/dags/dl_global_index.py
[2026-02-07T01:16:09.498+0000] {logging_mixin.py:188} INFO - [2026-02-07T01:16:09.498+0000] {dag.py:3089} INFO - Sync 1 DAGs
[2026-02-07T01:16:09.524+0000] {logging_mixin.py:188} INFO - [2026-02-07T01:16:09.524+0000] {dag.py:3947} INFO - Setting next_dagrun for global_index_minio to 2026-02-07 00:00:00+00:00, run_after=2026-02-08 00:00:00+00:00
[2026-02-07T01:16:09.545+0000] {processor.py:183} INFO - Processing /opt/airflow/dags/dl_global_index.py took 0.112 seconds
[2026-02-07T01:16:41.043+0000] {processor.py:161} INFO - Started process (PID=864) to work on /opt/airflow/dags/dl_global_index.py
[2026-02-07T01:16:41.044+0000] {processor.py:830} INFO - Processing file /opt/airflow/dags/dl_global_index.py for tasks to queue
[2026-02-07T01:16:41.045+0000] {logging_mixin.py:188} INFO - [2026-02-07T01:16:41.045+0000] {dagbag.py:545} INFO - Filling up the DagBag from /opt/airflow/dags/dl_global_index.py
[2026-02-07T01:16:41.080+0000] {processor.py:840} INFO - DAG(s) 'global_index_minio' retrieved from /opt/airflow/dags/dl_global_index.py
[2026-02-07T01:16:41.106+0000] {logging_mixin.py:188} INFO - [2026-02-07T01:16:41.106+0000] {dag.py:3089} INFO - Sync 1 DAGs
[2026-02-07T01:16:41.129+0000] {logging_mixin.py:188} INFO - [2026-02-07T01:16:41.129+0000] {dag.py:3947} INFO - Setting next_dagrun for global_index_minio to 2026-02-07 00:00:00+00:00, run_after=2026-02-08 00:00:00+00:00
[2026-02-07T01:16:41.150+0000] {processor.py:183} INFO - Processing /opt/airflow/dags/dl_global_index.py took 0.114 seconds
[2026-02-07T01:17:11.708+0000] {processor.py:161} INFO - Started process (PID=888) to work on /opt/airflow/dags/dl_global_index.py
[2026-02-07T01:17:11.709+0000] {processor.py:830} INFO - Processing file /opt/airflow/dags/dl_global_index.py for tasks to queue
[2026-02-07T01:17:11.710+0000] {logging_mixin.py:188} INFO - [2026-02-07T01:17:11.710+0000] {dagbag.py:545} INFO - Filling up the DagBag from /opt/airflow/dags/dl_global_index.py
[2026-02-07T01:17:11.745+0000] {processor.py:840} INFO - DAG(s) 'global_index_minio' retrieved from /opt/airflow/dags/dl_global_index.py
[2026-02-07T01:17:11.778+0000] {logging_mixin.py:188} INFO - [2026-02-07T01:17:11.778+0000] {dag.py:3089} INFO - Sync 1 DAGs
[2026-02-07T01:17:11.810+0000] {logging_mixin.py:188} INFO - [2026-02-07T01:17:11.809+0000] {dag.py:3947} INFO - Setting next_dagrun for global_index_minio to 2026-02-07 00:00:00+00:00, run_after=2026-02-08 00:00:00+00:00
[2026-02-07T01:17:11.829+0000] {processor.py:183} INFO - Processing /opt/airflow/dags/dl_global_index.py took 0.128 seconds
[2026-02-07T01:17:42.102+0000] {processor.py:161} INFO - Started process (PID=921) to work on /opt/airflow/dags/dl_global_index.py
[2026-02-07T01:17:42.103+0000] {processor.py:830} INFO - Processing file /opt/airflow/dags/dl_global_index.py for tasks to queue
[2026-02-07T01:17:42.104+0000] {logging_mixin.py:188} INFO - [2026-02-07T01:17:42.104+0000] {dagbag.py:545} INFO - Filling up the DagBag from /opt/airflow/dags/dl_global_index.py
[2026-02-07T01:17:42.132+0000] {processor.py:840} INFO - DAG(s) 'global_index_minio' retrieved from /opt/airflow/dags/dl_global_index.py
[2026-02-07T01:17:42.156+0000] {logging_mixin.py:188} INFO - [2026-02-07T01:17:42.155+0000] {dag.py:3089} INFO - Sync 1 DAGs
[2026-02-07T01:17:42.176+0000] {logging_mixin.py:188} INFO - [2026-02-07T01:17:42.176+0000] {dag.py:3947} INFO - Setting next_dagrun for global_index_minio to 2026-02-07 00:00:00+00:00, run_after=2026-02-08 00:00:00+00:00
[2026-02-07T01:17:42.197+0000] {processor.py:183} INFO - Processing /opt/airflow/dags/dl_global_index.py took 0.100 seconds
[2026-02-07T01:18:12.740+0000] {processor.py:161} INFO - Started process (PID=949) to work on /opt/airflow/dags/dl_global_index.py
[2026-02-07T01:18:12.741+0000] {processor.py:830} INFO - Processing file /opt/airflow/dags/dl_global_index.py for tasks to queue
[2026-02-07T01:18:12.743+0000] {logging_mixin.py:188} INFO - [2026-02-07T01:18:12.742+0000] {dagbag.py:545} INFO - Filling up the DagBag from /opt/airflow/dags/dl_global_index.py
[2026-02-07T01:18:12.799+0000] {processor.py:840} INFO - DAG(s) 'global_index_minio' retrieved from /opt/airflow/dags/dl_global_index.py
[2026-02-07T01:18:12.847+0000] {logging_mixin.py:188} INFO - [2026-02-07T01:18:12.846+0000] {dag.py:3089} INFO - Sync 1 DAGs
[2026-02-07T01:18:12.939+0000] {logging_mixin.py:188} INFO - [2026-02-07T01:18:12.938+0000] {dag.py:3947} INFO - Setting next_dagrun for global_index_minio to 2026-02-07 00:00:00+00:00, run_after=2026-02-08 00:00:00+00:00
[2026-02-07T01:18:13.453+0000] {processor.py:183} INFO - Processing /opt/airflow/dags/dl_global_index.py took 0.725 seconds
[2026-02-07T01:18:43.571+0000] {processor.py:161} INFO - Started process (PID=977) to work on /opt/airflow/dags/dl_global_index.py
[2026-02-07T01:18:43.572+0000] {processor.py:830} INFO - Processing file /opt/airflow/dags/dl_global_index.py for tasks to queue
[2026-02-07T01:18:43.573+0000] {logging_mixin.py:188} INFO - [2026-02-07T01:18:43.572+0000] {dagbag.py:545} INFO - Filling up the DagBag from /opt/airflow/dags/dl_global_index.py
[2026-02-07T01:18:43.604+0000] {processor.py:840} INFO - DAG(s) 'global_index_minio' retrieved from /opt/airflow/dags/dl_global_index.py
[2026-02-07T01:18:43.629+0000] {logging_mixin.py:188} INFO - [2026-02-07T01:18:43.628+0000] {dag.py:3089} INFO - Sync 1 DAGs
[2026-02-07T01:18:43.659+0000] {logging_mixin.py:188} INFO - [2026-02-07T01:18:43.659+0000] {dag.py:3947} INFO - Setting next_dagrun for global_index_minio to 2026-02-07 00:00:00+00:00, run_after=2026-02-08 00:00:00+00:00
[2026-02-07T01:18:43.684+0000] {processor.py:183} INFO - Processing /opt/airflow/dags/dl_global_index.py took 0.119 seconds
[2026-02-07T01:19:13.852+0000] {processor.py:161} INFO - Started process (PID=1006) to work on /opt/airflow/dags/dl_global_index.py
[2026-02-07T01:19:13.853+0000] {processor.py:830} INFO - Processing file /opt/airflow/dags/dl_global_index.py for tasks to queue
[2026-02-07T01:19:13.854+0000] {logging_mixin.py:188} INFO - [2026-02-07T01:19:13.854+0000] {dagbag.py:545} INFO - Filling up the DagBag from /opt/airflow/dags/dl_global_index.py
[2026-02-07T01:19:13.887+0000] {processor.py:840} INFO - DAG(s) 'global_index_minio' retrieved from /opt/airflow/dags/dl_global_index.py
[2026-02-07T01:19:13.912+0000] {logging_mixin.py:188} INFO - [2026-02-07T01:19:13.912+0000] {dag.py:3089} INFO - Sync 1 DAGs
[2026-02-07T01:19:13.935+0000] {logging_mixin.py:188} INFO - [2026-02-07T01:19:13.935+0000] {dag.py:3947} INFO - Setting next_dagrun for global_index_minio to 2026-02-07 00:00:00+00:00, run_after=2026-02-08 00:00:00+00:00
[2026-02-07T01:19:13.954+0000] {processor.py:183} INFO - Processing /opt/airflow/dags/dl_global_index.py took 0.108 seconds
[2026-02-07T01:19:44.272+0000] {processor.py:161} INFO - Started process (PID=1030) to work on /opt/airflow/dags/dl_global_index.py
[2026-02-07T01:19:44.273+0000] {processor.py:830} INFO - Processing file /opt/airflow/dags/dl_global_index.py for tasks to queue
[2026-02-07T01:19:44.274+0000] {logging_mixin.py:188} INFO - [2026-02-07T01:19:44.273+0000] {dagbag.py:545} INFO - Filling up the DagBag from /opt/airflow/dags/dl_global_index.py
[2026-02-07T01:19:44.302+0000] {processor.py:840} INFO - DAG(s) 'global_index_minio' retrieved from /opt/airflow/dags/dl_global_index.py
[2026-02-07T01:19:44.327+0000] {logging_mixin.py:188} INFO - [2026-02-07T01:19:44.327+0000] {dag.py:3089} INFO - Sync 1 DAGs
[2026-02-07T01:19:44.351+0000] {logging_mixin.py:188} INFO - [2026-02-07T01:19:44.351+0000] {dag.py:3947} INFO - Setting next_dagrun for global_index_minio to 2026-02-07 00:00:00+00:00, run_after=2026-02-08 00:00:00+00:00
[2026-02-07T01:19:44.373+0000] {processor.py:183} INFO - Processing /opt/airflow/dags/dl_global_index.py took 0.107 seconds
[2026-02-07T01:20:14.732+0000] {processor.py:161} INFO - Started process (PID=1054) to work on /opt/airflow/dags/dl_global_index.py
[2026-02-07T01:20:14.733+0000] {processor.py:830} INFO - Processing file /opt/airflow/dags/dl_global_index.py for tasks to queue
[2026-02-07T01:20:14.734+0000] {logging_mixin.py:188} INFO - [2026-02-07T01:20:14.733+0000] {dagbag.py:545} INFO - Filling up the DagBag from /opt/airflow/dags/dl_global_index.py
[2026-02-07T01:20:14.765+0000] {processor.py:840} INFO - DAG(s) 'global_index_minio' retrieved from /opt/airflow/dags/dl_global_index.py
[2026-02-07T01:20:14.788+0000] {logging_mixin.py:188} INFO - [2026-02-07T01:20:14.788+0000] {dag.py:3089} INFO - Sync 1 DAGs
[2026-02-07T01:20:14.809+0000] {logging_mixin.py:188} INFO - [2026-02-07T01:20:14.809+0000] {dag.py:3947} INFO - Setting next_dagrun for global_index_minio to 2026-02-07 00:00:00+00:00, run_after=2026-02-08 00:00:00+00:00
[2026-02-07T01:20:14.828+0000] {processor.py:183} INFO - Processing /opt/airflow/dags/dl_global_index.py took 0.101 seconds
[2026-02-07T01:20:45.149+0000] {processor.py:161} INFO - Started process (PID=1078) to work on /opt/airflow/dags/dl_global_index.py
[2026-02-07T01:20:45.150+0000] {processor.py:830} INFO - Processing file /opt/airflow/dags/dl_global_index.py for tasks to queue
[2026-02-07T01:20:45.150+0000] {logging_mixin.py:188} INFO - [2026-02-07T01:20:45.150+0000] {dagbag.py:545} INFO - Filling up the DagBag from /opt/airflow/dags/dl_global_index.py
[2026-02-07T01:20:45.179+0000] {processor.py:840} INFO - DAG(s) 'global_index_minio' retrieved from /opt/airflow/dags/dl_global_index.py
[2026-02-07T01:20:45.203+0000] {logging_mixin.py:188} INFO - [2026-02-07T01:20:45.203+0000] {dag.py:3089} INFO - Sync 1 DAGs
[2026-02-07T01:20:45.224+0000] {logging_mixin.py:188} INFO - [2026-02-07T01:20:45.224+0000] {dag.py:3947} INFO - Setting next_dagrun for global_index_minio to 2026-02-07 00:00:00+00:00, run_after=2026-02-08 00:00:00+00:00
[2026-02-07T01:20:45.246+0000] {processor.py:183} INFO - Processing /opt/airflow/dags/dl_global_index.py took 0.103 seconds
[2026-02-07T01:21:15.371+0000] {processor.py:161} INFO - Started process (PID=1102) to work on /opt/airflow/dags/dl_global_index.py
[2026-02-07T01:21:15.371+0000] {processor.py:830} INFO - Processing file /opt/airflow/dags/dl_global_index.py for tasks to queue
[2026-02-07T01:21:15.373+0000] {logging_mixin.py:188} INFO - [2026-02-07T01:21:15.372+0000] {dagbag.py:545} INFO - Filling up the DagBag from /opt/airflow/dags/dl_global_index.py
[2026-02-07T01:21:15.402+0000] {processor.py:840} INFO - DAG(s) 'global_index_minio' retrieved from /opt/airflow/dags/dl_global_index.py
[2026-02-07T01:21:15.425+0000] {logging_mixin.py:188} INFO - [2026-02-07T01:21:15.425+0000] {dag.py:3089} INFO - Sync 1 DAGs
[2026-02-07T01:21:15.448+0000] {logging_mixin.py:188} INFO - [2026-02-07T01:21:15.448+0000] {dag.py:3947} INFO - Setting next_dagrun for global_index_minio to 2026-02-07 00:00:00+00:00, run_after=2026-02-08 00:00:00+00:00
[2026-02-07T01:21:15.469+0000] {processor.py:183} INFO - Processing /opt/airflow/dags/dl_global_index.py took 0.104 seconds
[2026-02-07T01:21:45.598+0000] {processor.py:161} INFO - Started process (PID=1130) to work on /opt/airflow/dags/dl_global_index.py
[2026-02-07T01:21:45.599+0000] {processor.py:830} INFO - Processing file /opt/airflow/dags/dl_global_index.py for tasks to queue
[2026-02-07T01:21:45.600+0000] {logging_mixin.py:188} INFO - [2026-02-07T01:21:45.600+0000] {dagbag.py:545} INFO - Filling up the DagBag from /opt/airflow/dags/dl_global_index.py
[2026-02-07T01:21:45.638+0000] {processor.py:840} INFO - DAG(s) 'global_index_minio' retrieved from /opt/airflow/dags/dl_global_index.py
[2026-02-07T01:21:45.667+0000] {logging_mixin.py:188} INFO - [2026-02-07T01:21:45.667+0000] {dag.py:3089} INFO - Sync 1 DAGs
[2026-02-07T01:21:45.699+0000] {logging_mixin.py:188} INFO - [2026-02-07T01:21:45.699+0000] {dag.py:3947} INFO - Setting next_dagrun for global_index_minio to 2026-02-07 00:00:00+00:00, run_after=2026-02-08 00:00:00+00:00
[2026-02-07T01:21:45.725+0000] {processor.py:183} INFO - Processing /opt/airflow/dags/dl_global_index.py took 0.132 seconds
[2026-02-07T01:22:16.015+0000] {processor.py:161} INFO - Started process (PID=1158) to work on /opt/airflow/dags/dl_global_index.py
[2026-02-07T01:22:16.016+0000] {processor.py:830} INFO - Processing file /opt/airflow/dags/dl_global_index.py for tasks to queue
[2026-02-07T01:22:16.017+0000] {logging_mixin.py:188} INFO - [2026-02-07T01:22:16.017+0000] {dagbag.py:545} INFO - Filling up the DagBag from /opt/airflow/dags/dl_global_index.py
[2026-02-07T01:22:16.052+0000] {processor.py:840} INFO - DAG(s) 'global_index_minio' retrieved from /opt/airflow/dags/dl_global_index.py
[2026-02-07T01:22:16.078+0000] {logging_mixin.py:188} INFO - [2026-02-07T01:22:16.078+0000] {dag.py:3089} INFO - Sync 1 DAGs
[2026-02-07T01:22:16.103+0000] {logging_mixin.py:188} INFO - [2026-02-07T01:22:16.102+0000] {dag.py:3947} INFO - Setting next_dagrun for global_index_minio to 2026-02-07 00:00:00+00:00, run_after=2026-02-08 00:00:00+00:00
[2026-02-07T01:22:16.127+0000] {processor.py:183} INFO - Processing /opt/airflow/dags/dl_global_index.py took 0.118 seconds
[2026-02-07T01:22:47.304+0000] {processor.py:161} INFO - Started process (PID=1182) to work on /opt/airflow/dags/dl_global_index.py
[2026-02-07T01:22:47.305+0000] {processor.py:830} INFO - Processing file /opt/airflow/dags/dl_global_index.py for tasks to queue
[2026-02-07T01:22:47.307+0000] {logging_mixin.py:188} INFO - [2026-02-07T01:22:47.306+0000] {dagbag.py:545} INFO - Filling up the DagBag from /opt/airflow/dags/dl_global_index.py
[2026-02-07T01:22:47.369+0000] {processor.py:840} INFO - DAG(s) 'global_index_minio' retrieved from /opt/airflow/dags/dl_global_index.py
[2026-02-07T01:22:47.401+0000] {logging_mixin.py:188} INFO - [2026-02-07T01:22:47.400+0000] {dag.py:3089} INFO - Sync 1 DAGs
[2026-02-07T01:22:47.430+0000] {logging_mixin.py:188} INFO - [2026-02-07T01:22:47.430+0000] {dag.py:3947} INFO - Setting next_dagrun for global_index_minio to 2026-02-07 00:00:00+00:00, run_after=2026-02-08 00:00:00+00:00
[2026-02-07T01:22:47.449+0000] {processor.py:183} INFO - Processing /opt/airflow/dags/dl_global_index.py took 0.160 seconds
[2026-02-07T01:23:17.605+0000] {processor.py:161} INFO - Started process (PID=1206) to work on /opt/airflow/dags/dl_global_index.py
[2026-02-07T01:23:17.606+0000] {processor.py:830} INFO - Processing file /opt/airflow/dags/dl_global_index.py for tasks to queue
[2026-02-07T01:23:17.607+0000] {logging_mixin.py:188} INFO - [2026-02-07T01:23:17.607+0000] {dagbag.py:545} INFO - Filling up the DagBag from /opt/airflow/dags/dl_global_index.py
[2026-02-07T01:23:17.644+0000] {processor.py:840} INFO - DAG(s) 'global_index_minio' retrieved from /opt/airflow/dags/dl_global_index.py
[2026-02-07T01:23:17.672+0000] {logging_mixin.py:188} INFO - [2026-02-07T01:23:17.671+0000] {dag.py:3089} INFO - Sync 1 DAGs
[2026-02-07T01:23:17.700+0000] {logging_mixin.py:188} INFO - [2026-02-07T01:23:17.700+0000] {dag.py:3947} INFO - Setting next_dagrun for global_index_minio to 2026-02-07 00:00:00+00:00, run_after=2026-02-08 00:00:00+00:00
[2026-02-07T01:23:17.722+0000] {processor.py:183} INFO - Processing /opt/airflow/dags/dl_global_index.py took 0.123 seconds
[2026-02-07T01:23:48.151+0000] {processor.py:161} INFO - Started process (PID=1246) to work on /opt/airflow/dags/dl_global_index.py
[2026-02-07T01:23:48.152+0000] {processor.py:830} INFO - Processing file /opt/airflow/dags/dl_global_index.py for tasks to queue
[2026-02-07T01:23:48.153+0000] {logging_mixin.py:188} INFO - [2026-02-07T01:23:48.153+0000] {dagbag.py:545} INFO - Filling up the DagBag from /opt/airflow/dags/dl_global_index.py
[2026-02-07T01:23:48.208+0000] {processor.py:840} INFO - DAG(s) 'global_index_minio' retrieved from /opt/airflow/dags/dl_global_index.py
[2026-02-07T01:23:48.245+0000] {logging_mixin.py:188} INFO - [2026-02-07T01:23:48.244+0000] {dag.py:3089} INFO - Sync 1 DAGs
[2026-02-07T01:23:48.276+0000] {logging_mixin.py:188} INFO - [2026-02-07T01:23:48.276+0000] {dag.py:3947} INFO - Setting next_dagrun for global_index_minio to 2026-02-07 00:00:00+00:00, run_after=2026-02-08 00:00:00+00:00
[2026-02-07T01:23:48.308+0000] {processor.py:183} INFO - Processing /opt/airflow/dags/dl_global_index.py took 0.165 seconds
[2026-02-07T01:24:18.866+0000] {processor.py:161} INFO - Started process (PID=1278) to work on /opt/airflow/dags/dl_global_index.py
[2026-02-07T01:24:18.867+0000] {processor.py:830} INFO - Processing file /opt/airflow/dags/dl_global_index.py for tasks to queue
[2026-02-07T01:24:18.868+0000] {logging_mixin.py:188} INFO - [2026-02-07T01:24:18.868+0000] {dagbag.py:545} INFO - Filling up the DagBag from /opt/airflow/dags/dl_global_index.py
[2026-02-07T01:24:18.910+0000] {processor.py:840} INFO - DAG(s) 'global_index_minio' retrieved from /opt/airflow/dags/dl_global_index.py
[2026-02-07T01:24:18.944+0000] {logging_mixin.py:188} INFO - [2026-02-07T01:24:18.944+0000] {dag.py:3089} INFO - Sync 1 DAGs
[2026-02-07T01:24:18.976+0000] {logging_mixin.py:188} INFO - [2026-02-07T01:24:18.976+0000] {dag.py:3947} INFO - Setting next_dagrun for global_index_minio to 2026-02-07 00:00:00+00:00, run_after=2026-02-08 00:00:00+00:00
[2026-02-07T01:24:19.010+0000] {processor.py:183} INFO - Processing /opt/airflow/dags/dl_global_index.py took 0.154 seconds
[2026-02-07T01:24:50.610+0000] {processor.py:161} INFO - Started process (PID=1316) to work on /opt/airflow/dags/dl_global_index.py
[2026-02-07T01:24:50.611+0000] {processor.py:830} INFO - Processing file /opt/airflow/dags/dl_global_index.py for tasks to queue
[2026-02-07T01:24:50.613+0000] {logging_mixin.py:188} INFO - [2026-02-07T01:24:50.613+0000] {dagbag.py:545} INFO - Filling up the DagBag from /opt/airflow/dags/dl_global_index.py
[2026-02-07T01:24:50.694+0000] {processor.py:840} INFO - DAG(s) 'global_index_minio' retrieved from /opt/airflow/dags/dl_global_index.py
[2026-02-07T01:24:50.758+0000] {logging_mixin.py:188} INFO - [2026-02-07T01:24:50.758+0000] {dag.py:3089} INFO - Sync 1 DAGs
[2026-02-07T01:24:50.806+0000] {logging_mixin.py:188} INFO - [2026-02-07T01:24:50.805+0000] {dag.py:3947} INFO - Setting next_dagrun for global_index_minio to 2026-02-07 00:00:00+00:00, run_after=2026-02-08 00:00:00+00:00
[2026-02-07T01:24:50.856+0000] {processor.py:183} INFO - Processing /opt/airflow/dags/dl_global_index.py took 0.257 seconds
[2026-02-07T01:25:21.708+0000] {processor.py:161} INFO - Started process (PID=1360) to work on /opt/airflow/dags/dl_global_index.py
[2026-02-07T01:25:21.710+0000] {processor.py:830} INFO - Processing file /opt/airflow/dags/dl_global_index.py for tasks to queue
[2026-02-07T01:25:21.712+0000] {logging_mixin.py:188} INFO - [2026-02-07T01:25:21.711+0000] {dagbag.py:545} INFO - Filling up the DagBag from /opt/airflow/dags/dl_global_index.py
[2026-02-07T01:25:21.764+0000] {processor.py:840} INFO - DAG(s) 'global_index_minio' retrieved from /opt/airflow/dags/dl_global_index.py
[2026-02-07T01:25:21.816+0000] {logging_mixin.py:188} INFO - [2026-02-07T01:25:21.816+0000] {dag.py:3089} INFO - Sync 1 DAGs
[2026-02-07T01:25:21.858+0000] {logging_mixin.py:188} INFO - [2026-02-07T01:25:21.858+0000] {dag.py:3947} INFO - Setting next_dagrun for global_index_minio to 2026-02-07 00:00:00+00:00, run_after=2026-02-08 00:00:00+00:00
[2026-02-07T01:25:21.890+0000] {processor.py:183} INFO - Processing /opt/airflow/dags/dl_global_index.py took 0.192 seconds
[2026-02-07T01:25:52.232+0000] {processor.py:161} INFO - Started process (PID=1407) to work on /opt/airflow/dags/dl_global_index.py
[2026-02-07T01:25:52.233+0000] {processor.py:830} INFO - Processing file /opt/airflow/dags/dl_global_index.py for tasks to queue
[2026-02-07T01:25:52.234+0000] {logging_mixin.py:188} INFO - [2026-02-07T01:25:52.233+0000] {dagbag.py:545} INFO - Filling up the DagBag from /opt/airflow/dags/dl_global_index.py
[2026-02-07T01:25:52.261+0000] {processor.py:840} INFO - DAG(s) 'global_index_minio' retrieved from /opt/airflow/dags/dl_global_index.py
[2026-02-07T01:25:52.285+0000] {logging_mixin.py:188} INFO - [2026-02-07T01:25:52.285+0000] {dag.py:3089} INFO - Sync 1 DAGs
[2026-02-07T01:25:52.306+0000] {logging_mixin.py:188} INFO - [2026-02-07T01:25:52.306+0000] {dag.py:3947} INFO - Setting next_dagrun for global_index_minio to 2026-02-07 00:00:00+00:00, run_after=2026-02-08 00:00:00+00:00
[2026-02-07T01:25:52.325+0000] {processor.py:183} INFO - Processing /opt/airflow/dags/dl_global_index.py took 0.099 seconds
[2026-02-07T01:26:22.896+0000] {processor.py:161} INFO - Started process (PID=1431) to work on /opt/airflow/dags/dl_global_index.py
[2026-02-07T01:26:22.897+0000] {processor.py:830} INFO - Processing file /opt/airflow/dags/dl_global_index.py for tasks to queue
[2026-02-07T01:26:22.898+0000] {logging_mixin.py:188} INFO - [2026-02-07T01:26:22.898+0000] {dagbag.py:545} INFO - Filling up the DagBag from /opt/airflow/dags/dl_global_index.py
[2026-02-07T01:26:22.931+0000] {processor.py:840} INFO - DAG(s) 'global_index_minio' retrieved from /opt/airflow/dags/dl_global_index.py
[2026-02-07T01:26:22.954+0000] {logging_mixin.py:188} INFO - [2026-02-07T01:26:22.954+0000] {dag.py:3089} INFO - Sync 1 DAGs
[2026-02-07T01:26:22.975+0000] {logging_mixin.py:188} INFO - [2026-02-07T01:26:22.975+0000] {dag.py:3947} INFO - Setting next_dagrun for global_index_minio to 2026-02-07 00:00:00+00:00, run_after=2026-02-08 00:00:00+00:00
[2026-02-07T01:26:22.996+0000] {processor.py:183} INFO - Processing /opt/airflow/dags/dl_global_index.py took 0.106 seconds
[2026-02-07T01:26:53.060+0000] {processor.py:161} INFO - Started process (PID=1455) to work on /opt/airflow/dags/dl_global_index.py
[2026-02-07T01:26:53.060+0000] {processor.py:830} INFO - Processing file /opt/airflow/dags/dl_global_index.py for tasks to queue
[2026-02-07T01:26:53.061+0000] {logging_mixin.py:188} INFO - [2026-02-07T01:26:53.061+0000] {dagbag.py:545} INFO - Filling up the DagBag from /opt/airflow/dags/dl_global_index.py
[2026-02-07T01:26:53.092+0000] {processor.py:840} INFO - DAG(s) 'global_index_minio' retrieved from /opt/airflow/dags/dl_global_index.py
[2026-02-07T01:26:53.115+0000] {logging_mixin.py:188} INFO - [2026-02-07T01:26:53.115+0000] {dag.py:3089} INFO - Sync 1 DAGs
[2026-02-07T01:26:53.137+0000] {logging_mixin.py:188} INFO - [2026-02-07T01:26:53.137+0000] {dag.py:3947} INFO - Setting next_dagrun for global_index_minio to 2026-02-07 00:00:00+00:00, run_after=2026-02-08 00:00:00+00:00
[2026-02-07T01:26:53.156+0000] {processor.py:183} INFO - Processing /opt/airflow/dags/dl_global_index.py took 0.102 seconds
[2026-02-07T01:27:23.561+0000] {processor.py:161} INFO - Started process (PID=1479) to work on /opt/airflow/dags/dl_global_index.py
[2026-02-07T01:27:23.562+0000] {processor.py:830} INFO - Processing file /opt/airflow/dags/dl_global_index.py for tasks to queue
[2026-02-07T01:27:23.563+0000] {logging_mixin.py:188} INFO - [2026-02-07T01:27:23.562+0000] {dagbag.py:545} INFO - Filling up the DagBag from /opt/airflow/dags/dl_global_index.py
[2026-02-07T01:27:23.586+0000] {processor.py:840} INFO - DAG(s) 'global_index_minio' retrieved from /opt/airflow/dags/dl_global_index.py
[2026-02-07T01:27:23.608+0000] {logging_mixin.py:188} INFO - [2026-02-07T01:27:23.608+0000] {dag.py:3089} INFO - Sync 1 DAGs
[2026-02-07T01:27:23.627+0000] {logging_mixin.py:188} INFO - [2026-02-07T01:27:23.627+0000] {dag.py:3947} INFO - Setting next_dagrun for global_index_minio to 2026-02-07 00:00:00+00:00, run_after=2026-02-08 00:00:00+00:00
[2026-02-07T01:27:23.646+0000] {processor.py:183} INFO - Processing /opt/airflow/dags/dl_global_index.py took 0.089 seconds
[2026-02-07T01:27:54.446+0000] {processor.py:161} INFO - Started process (PID=1503) to work on /opt/airflow/dags/dl_global_index.py
[2026-02-07T01:27:54.447+0000] {processor.py:830} INFO - Processing file /opt/airflow/dags/dl_global_index.py for tasks to queue
[2026-02-07T01:27:54.448+0000] {logging_mixin.py:188} INFO - [2026-02-07T01:27:54.448+0000] {dagbag.py:545} INFO - Filling up the DagBag from /opt/airflow/dags/dl_global_index.py
[2026-02-07T01:27:54.477+0000] {processor.py:840} INFO - DAG(s) 'global_index_minio' retrieved from /opt/airflow/dags/dl_global_index.py
[2026-02-07T01:27:54.499+0000] {logging_mixin.py:188} INFO - [2026-02-07T01:27:54.499+0000] {dag.py:3089} INFO - Sync 1 DAGs
[2026-02-07T01:27:54.520+0000] {logging_mixin.py:188} INFO - [2026-02-07T01:27:54.520+0000] {dag.py:3947} INFO - Setting next_dagrun for global_index_minio to 2026-02-07 00:00:00+00:00, run_after=2026-02-08 00:00:00+00:00
[2026-02-07T01:27:54.541+0000] {processor.py:183} INFO - Processing /opt/airflow/dags/dl_global_index.py took 0.100 seconds
[2026-02-07T01:28:25.188+0000] {processor.py:161} INFO - Started process (PID=1527) to work on /opt/airflow/dags/dl_global_index.py
[2026-02-07T01:28:25.188+0000] {processor.py:830} INFO - Processing file /opt/airflow/dags/dl_global_index.py for tasks to queue
[2026-02-07T01:28:25.189+0000] {logging_mixin.py:188} INFO - [2026-02-07T01:28:25.189+0000] {dagbag.py:545} INFO - Filling up the DagBag from /opt/airflow/dags/dl_global_index.py
[2026-02-07T01:28:25.216+0000] {processor.py:840} INFO - DAG(s) 'global_index_minio' retrieved from /opt/airflow/dags/dl_global_index.py
[2026-02-07T01:28:25.238+0000] {logging_mixin.py:188} INFO - [2026-02-07T01:28:25.237+0000] {dag.py:3089} INFO - Sync 1 DAGs
[2026-02-07T01:28:25.260+0000] {logging_mixin.py:188} INFO - [2026-02-07T01:28:25.259+0000] {dag.py:3947} INFO - Setting next_dagrun for global_index_minio to 2026-02-07 00:00:00+00:00, run_after=2026-02-08 00:00:00+00:00
[2026-02-07T01:28:25.280+0000] {processor.py:183} INFO - Processing /opt/airflow/dags/dl_global_index.py took 0.097 seconds
[2026-02-07T01:28:55.390+0000] {processor.py:161} INFO - Started process (PID=1551) to work on /opt/airflow/dags/dl_global_index.py
[2026-02-07T01:28:55.391+0000] {processor.py:830} INFO - Processing file /opt/airflow/dags/dl_global_index.py for tasks to queue
[2026-02-07T01:28:55.391+0000] {logging_mixin.py:188} INFO - [2026-02-07T01:28:55.391+0000] {dagbag.py:545} INFO - Filling up the DagBag from /opt/airflow/dags/dl_global_index.py
[2026-02-07T01:28:55.420+0000] {processor.py:840} INFO - DAG(s) 'global_index_minio' retrieved from /opt/airflow/dags/dl_global_index.py
[2026-02-07T01:28:55.443+0000] {logging_mixin.py:188} INFO - [2026-02-07T01:28:55.443+0000] {dag.py:3089} INFO - Sync 1 DAGs
[2026-02-07T01:28:55.462+0000] {logging_mixin.py:188} INFO - [2026-02-07T01:28:55.462+0000] {dag.py:3947} INFO - Setting next_dagrun for global_index_minio to 2026-02-07 00:00:00+00:00, run_after=2026-02-08 00:00:00+00:00
[2026-02-07T01:28:55.480+0000] {processor.py:183} INFO - Processing /opt/airflow/dags/dl_global_index.py took 0.095 seconds
[2026-02-07T01:29:26.212+0000] {processor.py:161} INFO - Started process (PID=1575) to work on /opt/airflow/dags/dl_global_index.py
[2026-02-07T01:29:26.212+0000] {processor.py:830} INFO - Processing file /opt/airflow/dags/dl_global_index.py for tasks to queue
[2026-02-07T01:29:26.214+0000] {logging_mixin.py:188} INFO - [2026-02-07T01:29:26.213+0000] {dagbag.py:545} INFO - Filling up the DagBag from /opt/airflow/dags/dl_global_index.py
[2026-02-07T01:29:26.243+0000] {processor.py:840} INFO - DAG(s) 'global_index_minio' retrieved from /opt/airflow/dags/dl_global_index.py
[2026-02-07T01:29:26.273+0000] {logging_mixin.py:188} INFO - [2026-02-07T01:29:26.273+0000] {dag.py:3089} INFO - Sync 1 DAGs
[2026-02-07T01:29:26.303+0000] {logging_mixin.py:188} INFO - [2026-02-07T01:29:26.303+0000] {dag.py:3947} INFO - Setting next_dagrun for global_index_minio to 2026-02-07 00:00:00+00:00, run_after=2026-02-08 00:00:00+00:00
[2026-02-07T01:29:26.324+0000] {processor.py:183} INFO - Processing /opt/airflow/dags/dl_global_index.py took 0.117 seconds
[2026-02-07T01:29:56.647+0000] {processor.py:161} INFO - Started process (PID=1599) to work on /opt/airflow/dags/dl_global_index.py
[2026-02-07T01:29:56.648+0000] {processor.py:830} INFO - Processing file /opt/airflow/dags/dl_global_index.py for tasks to queue
[2026-02-07T01:29:56.649+0000] {logging_mixin.py:188} INFO - [2026-02-07T01:29:56.649+0000] {dagbag.py:545} INFO - Filling up the DagBag from /opt/airflow/dags/dl_global_index.py
[2026-02-07T01:29:56.674+0000] {processor.py:840} INFO - DAG(s) 'global_index_minio' retrieved from /opt/airflow/dags/dl_global_index.py
[2026-02-07T01:29:56.696+0000] {logging_mixin.py:188} INFO - [2026-02-07T01:29:56.695+0000] {dag.py:3089} INFO - Sync 1 DAGs
[2026-02-07T01:29:56.714+0000] {logging_mixin.py:188} INFO - [2026-02-07T01:29:56.714+0000] {dag.py:3947} INFO - Setting next_dagrun for global_index_minio to 2026-02-07 00:00:00+00:00, run_after=2026-02-08 00:00:00+00:00
[2026-02-07T01:29:56.733+0000] {processor.py:183} INFO - Processing /opt/airflow/dags/dl_global_index.py took 0.091 seconds
[2026-02-07T01:30:26.913+0000] {processor.py:161} INFO - Started process (PID=1623) to work on /opt/airflow/dags/dl_global_index.py
[2026-02-07T01:30:26.913+0000] {processor.py:830} INFO - Processing file /opt/airflow/dags/dl_global_index.py for tasks to queue
[2026-02-07T01:30:26.914+0000] {logging_mixin.py:188} INFO - [2026-02-07T01:30:26.914+0000] {dagbag.py:545} INFO - Filling up the DagBag from /opt/airflow/dags/dl_global_index.py
[2026-02-07T01:30:26.940+0000] {processor.py:840} INFO - DAG(s) 'global_index_minio' retrieved from /opt/airflow/dags/dl_global_index.py
[2026-02-07T01:30:26.961+0000] {logging_mixin.py:188} INFO - [2026-02-07T01:30:26.961+0000] {dag.py:3089} INFO - Sync 1 DAGs
[2026-02-07T01:30:26.981+0000] {logging_mixin.py:188} INFO - [2026-02-07T01:30:26.981+0000] {dag.py:3947} INFO - Setting next_dagrun for global_index_minio to 2026-02-07 00:00:00+00:00, run_after=2026-02-08 00:00:00+00:00
[2026-02-07T01:30:27.002+0000] {processor.py:183} INFO - Processing /opt/airflow/dags/dl_global_index.py took 0.094 seconds
[2026-02-07T01:30:57.546+0000] {processor.py:161} INFO - Started process (PID=1647) to work on /opt/airflow/dags/dl_global_index.py
[2026-02-07T01:30:57.546+0000] {processor.py:830} INFO - Processing file /opt/airflow/dags/dl_global_index.py for tasks to queue
[2026-02-07T01:30:57.547+0000] {logging_mixin.py:188} INFO - [2026-02-07T01:30:57.547+0000] {dagbag.py:545} INFO - Filling up the DagBag from /opt/airflow/dags/dl_global_index.py
[2026-02-07T01:30:57.572+0000] {processor.py:840} INFO - DAG(s) 'global_index_minio' retrieved from /opt/airflow/dags/dl_global_index.py
[2026-02-07T01:30:57.593+0000] {logging_mixin.py:188} INFO - [2026-02-07T01:30:57.593+0000] {dag.py:3089} INFO - Sync 1 DAGs
[2026-02-07T01:30:57.612+0000] {logging_mixin.py:188} INFO - [2026-02-07T01:30:57.612+0000] {dag.py:3947} INFO - Setting next_dagrun for global_index_minio to 2026-02-07 00:00:00+00:00, run_after=2026-02-08 00:00:00+00:00
[2026-02-07T01:30:57.632+0000] {processor.py:183} INFO - Processing /opt/airflow/dags/dl_global_index.py took 0.091 seconds
[2026-02-07T01:31:28.484+0000] {processor.py:161} INFO - Started process (PID=1671) to work on /opt/airflow/dags/dl_global_index.py
[2026-02-07T01:31:28.485+0000] {processor.py:830} INFO - Processing file /opt/airflow/dags/dl_global_index.py for tasks to queue
[2026-02-07T01:31:28.486+0000] {logging_mixin.py:188} INFO - [2026-02-07T01:31:28.486+0000] {dagbag.py:545} INFO - Filling up the DagBag from /opt/airflow/dags/dl_global_index.py
[2026-02-07T01:31:28.515+0000] {processor.py:840} INFO - DAG(s) 'global_index_minio' retrieved from /opt/airflow/dags/dl_global_index.py
[2026-02-07T01:31:28.538+0000] {logging_mixin.py:188} INFO - [2026-02-07T01:31:28.538+0000] {dag.py:3089} INFO - Sync 1 DAGs
[2026-02-07T01:31:28.562+0000] {logging_mixin.py:188} INFO - [2026-02-07T01:31:28.561+0000] {dag.py:3947} INFO - Setting next_dagrun for global_index_minio to 2026-02-07 00:00:00+00:00, run_after=2026-02-08 00:00:00+00:00
[2026-02-07T01:31:28.581+0000] {processor.py:183} INFO - Processing /opt/airflow/dags/dl_global_index.py took 0.102 seconds
[2026-02-07T01:31:58.759+0000] {processor.py:161} INFO - Started process (PID=1695) to work on /opt/airflow/dags/dl_global_index.py
[2026-02-07T01:31:58.760+0000] {processor.py:830} INFO - Processing file /opt/airflow/dags/dl_global_index.py for tasks to queue
[2026-02-07T01:31:58.760+0000] {logging_mixin.py:188} INFO - [2026-02-07T01:31:58.760+0000] {dagbag.py:545} INFO - Filling up the DagBag from /opt/airflow/dags/dl_global_index.py
[2026-02-07T01:31:58.786+0000] {processor.py:840} INFO - DAG(s) 'global_index_minio' retrieved from /opt/airflow/dags/dl_global_index.py
[2026-02-07T01:31:58.807+0000] {logging_mixin.py:188} INFO - [2026-02-07T01:31:58.806+0000] {dag.py:3089} INFO - Sync 1 DAGs
[2026-02-07T01:31:58.825+0000] {logging_mixin.py:188} INFO - [2026-02-07T01:31:58.825+0000] {dag.py:3947} INFO - Setting next_dagrun for global_index_minio to 2026-02-07 00:00:00+00:00, run_after=2026-02-08 00:00:00+00:00
[2026-02-07T01:31:58.844+0000] {processor.py:183} INFO - Processing /opt/airflow/dags/dl_global_index.py took 0.090 seconds
[2026-02-07T01:32:29.572+0000] {processor.py:161} INFO - Started process (PID=1719) to work on /opt/airflow/dags/dl_global_index.py
[2026-02-07T01:32:29.572+0000] {processor.py:830} INFO - Processing file /opt/airflow/dags/dl_global_index.py for tasks to queue
[2026-02-07T01:32:29.573+0000] {logging_mixin.py:188} INFO - [2026-02-07T01:32:29.573+0000] {dagbag.py:545} INFO - Filling up the DagBag from /opt/airflow/dags/dl_global_index.py
[2026-02-07T01:32:29.597+0000] {processor.py:840} INFO - DAG(s) 'global_index_minio' retrieved from /opt/airflow/dags/dl_global_index.py
[2026-02-07T01:32:29.618+0000] {logging_mixin.py:188} INFO - [2026-02-07T01:32:29.617+0000] {dag.py:3089} INFO - Sync 1 DAGs
[2026-02-07T01:32:29.637+0000] {logging_mixin.py:188} INFO - [2026-02-07T01:32:29.637+0000] {dag.py:3947} INFO - Setting next_dagrun for global_index_minio to 2026-02-07 00:00:00+00:00, run_after=2026-02-08 00:00:00+00:00
[2026-02-07T01:32:29.656+0000] {processor.py:183} INFO - Processing /opt/airflow/dags/dl_global_index.py took 0.089 seconds
[2026-02-07T01:33:00.153+0000] {processor.py:161} INFO - Started process (PID=1743) to work on /opt/airflow/dags/dl_global_index.py
[2026-02-07T01:33:00.153+0000] {processor.py:830} INFO - Processing file /opt/airflow/dags/dl_global_index.py for tasks to queue
[2026-02-07T01:33:00.154+0000] {logging_mixin.py:188} INFO - [2026-02-07T01:33:00.154+0000] {dagbag.py:545} INFO - Filling up the DagBag from /opt/airflow/dags/dl_global_index.py
[2026-02-07T01:33:00.181+0000] {processor.py:840} INFO - DAG(s) 'global_index_minio' retrieved from /opt/airflow/dags/dl_global_index.py
[2026-02-07T01:33:00.203+0000] {logging_mixin.py:188} INFO - [2026-02-07T01:33:00.202+0000] {dag.py:3089} INFO - Sync 1 DAGs
[2026-02-07T01:33:00.223+0000] {logging_mixin.py:188} INFO - [2026-02-07T01:33:00.222+0000] {dag.py:3947} INFO - Setting next_dagrun for global_index_minio to 2026-02-07 00:00:00+00:00, run_after=2026-02-08 00:00:00+00:00
[2026-02-07T01:33:00.238+0000] {processor.py:183} INFO - Processing /opt/airflow/dags/dl_global_index.py took 0.091 seconds
[2026-02-07T01:33:30.856+0000] {processor.py:161} INFO - Started process (PID=1767) to work on /opt/airflow/dags/dl_global_index.py
[2026-02-07T01:33:30.857+0000] {processor.py:830} INFO - Processing file /opt/airflow/dags/dl_global_index.py for tasks to queue
[2026-02-07T01:33:30.857+0000] {logging_mixin.py:188} INFO - [2026-02-07T01:33:30.857+0000] {dagbag.py:545} INFO - Filling up the DagBag from /opt/airflow/dags/dl_global_index.py
[2026-02-07T01:33:30.883+0000] {processor.py:840} INFO - DAG(s) 'global_index_minio' retrieved from /opt/airflow/dags/dl_global_index.py
[2026-02-07T01:33:30.915+0000] {logging_mixin.py:188} INFO - [2026-02-07T01:33:30.914+0000] {dag.py:3089} INFO - Sync 1 DAGs
[2026-02-07T01:33:30.939+0000] {logging_mixin.py:188} INFO - [2026-02-07T01:33:30.939+0000] {dag.py:3947} INFO - Setting next_dagrun for global_index_minio to 2026-02-07 00:00:00+00:00, run_after=2026-02-08 00:00:00+00:00
[2026-02-07T01:33:30.959+0000] {processor.py:183} INFO - Processing /opt/airflow/dags/dl_global_index.py took 0.108 seconds
[2026-02-07T01:34:01.524+0000] {processor.py:161} INFO - Started process (PID=1791) to work on /opt/airflow/dags/dl_global_index.py
[2026-02-07T01:34:01.524+0000] {processor.py:830} INFO - Processing file /opt/airflow/dags/dl_global_index.py for tasks to queue
[2026-02-07T01:34:01.526+0000] {logging_mixin.py:188} INFO - [2026-02-07T01:34:01.525+0000] {dagbag.py:545} INFO - Filling up the DagBag from /opt/airflow/dags/dl_global_index.py
[2026-02-07T01:34:01.677+0000] {processor.py:840} INFO - DAG(s) 'global_index_minio' retrieved from /opt/airflow/dags/dl_global_index.py
[2026-02-07T01:34:01.726+0000] {logging_mixin.py:188} INFO - [2026-02-07T01:34:01.725+0000] {dag.py:3089} INFO - Sync 1 DAGs
[2026-02-07T01:34:01.798+0000] {logging_mixin.py:188} INFO - [2026-02-07T01:34:01.798+0000] {dag.py:3947} INFO - Setting next_dagrun for global_index_minio to 2026-02-07 00:00:00+00:00, run_after=2026-02-08 00:00:00+00:00
[2026-02-07T01:34:01.847+0000] {processor.py:183} INFO - Processing /opt/airflow/dags/dl_global_index.py took 0.330 seconds
[2026-02-07T01:34:32.583+0000] {processor.py:161} INFO - Started process (PID=1815) to work on /opt/airflow/dags/dl_global_index.py
[2026-02-07T01:34:32.583+0000] {processor.py:830} INFO - Processing file /opt/airflow/dags/dl_global_index.py for tasks to queue
[2026-02-07T01:34:32.584+0000] {logging_mixin.py:188} INFO - [2026-02-07T01:34:32.584+0000] {dagbag.py:545} INFO - Filling up the DagBag from /opt/airflow/dags/dl_global_index.py
[2026-02-07T01:34:32.610+0000] {processor.py:840} INFO - DAG(s) 'global_index_minio' retrieved from /opt/airflow/dags/dl_global_index.py
[2026-02-07T01:34:32.631+0000] {logging_mixin.py:188} INFO - [2026-02-07T01:34:32.630+0000] {dag.py:3089} INFO - Sync 1 DAGs
[2026-02-07T01:34:32.649+0000] {logging_mixin.py:188} INFO - [2026-02-07T01:34:32.649+0000] {dag.py:3947} INFO - Setting next_dagrun for global_index_minio to 2026-02-07 00:00:00+00:00, run_after=2026-02-08 00:00:00+00:00
[2026-02-07T01:34:32.667+0000] {processor.py:183} INFO - Processing /opt/airflow/dags/dl_global_index.py took 0.089 seconds
[2026-02-07T01:35:02.913+0000] {processor.py:161} INFO - Started process (PID=1839) to work on /opt/airflow/dags/dl_global_index.py
[2026-02-07T01:35:02.914+0000] {processor.py:830} INFO - Processing file /opt/airflow/dags/dl_global_index.py for tasks to queue
[2026-02-07T01:35:02.915+0000] {logging_mixin.py:188} INFO - [2026-02-07T01:35:02.915+0000] {dagbag.py:545} INFO - Filling up the DagBag from /opt/airflow/dags/dl_global_index.py
[2026-02-07T01:35:02.940+0000] {processor.py:840} INFO - DAG(s) 'global_index_minio' retrieved from /opt/airflow/dags/dl_global_index.py
[2026-02-07T01:35:02.961+0000] {logging_mixin.py:188} INFO - [2026-02-07T01:35:02.961+0000] {dag.py:3089} INFO - Sync 1 DAGs
[2026-02-07T01:35:02.981+0000] {logging_mixin.py:188} INFO - [2026-02-07T01:35:02.980+0000] {dag.py:3947} INFO - Setting next_dagrun for global_index_minio to 2026-02-07 00:00:00+00:00, run_after=2026-02-08 00:00:00+00:00
[2026-02-07T01:35:03.001+0000] {processor.py:183} INFO - Processing /opt/airflow/dags/dl_global_index.py took 0.092 seconds
[2026-02-07T01:35:33.469+0000] {processor.py:161} INFO - Started process (PID=1863) to work on /opt/airflow/dags/dl_global_index.py
[2026-02-07T01:35:33.470+0000] {processor.py:830} INFO - Processing file /opt/airflow/dags/dl_global_index.py for tasks to queue
[2026-02-07T01:35:33.471+0000] {logging_mixin.py:188} INFO - [2026-02-07T01:35:33.470+0000] {dagbag.py:545} INFO - Filling up the DagBag from /opt/airflow/dags/dl_global_index.py
[2026-02-07T01:35:33.496+0000] {processor.py:840} INFO - DAG(s) 'global_index_minio' retrieved from /opt/airflow/dags/dl_global_index.py
[2026-02-07T01:35:33.517+0000] {logging_mixin.py:188} INFO - [2026-02-07T01:35:33.517+0000] {dag.py:3089} INFO - Sync 1 DAGs
[2026-02-07T01:35:33.537+0000] {logging_mixin.py:188} INFO - [2026-02-07T01:35:33.537+0000] {dag.py:3947} INFO - Setting next_dagrun for global_index_minio to 2026-02-07 00:00:00+00:00, run_after=2026-02-08 00:00:00+00:00
[2026-02-07T01:35:33.556+0000] {processor.py:183} INFO - Processing /opt/airflow/dags/dl_global_index.py took 0.091 seconds
[2026-02-07T01:36:04.101+0000] {processor.py:161} INFO - Started process (PID=1887) to work on /opt/airflow/dags/dl_global_index.py
[2026-02-07T01:36:04.102+0000] {processor.py:830} INFO - Processing file /opt/airflow/dags/dl_global_index.py for tasks to queue
[2026-02-07T01:36:04.103+0000] {logging_mixin.py:188} INFO - [2026-02-07T01:36:04.102+0000] {dagbag.py:545} INFO - Filling up the DagBag from /opt/airflow/dags/dl_global_index.py
[2026-02-07T01:36:04.128+0000] {processor.py:840} INFO - DAG(s) 'global_index_minio' retrieved from /opt/airflow/dags/dl_global_index.py
[2026-02-07T01:36:04.150+0000] {logging_mixin.py:188} INFO - [2026-02-07T01:36:04.150+0000] {dag.py:3089} INFO - Sync 1 DAGs
[2026-02-07T01:36:04.169+0000] {logging_mixin.py:188} INFO - [2026-02-07T01:36:04.169+0000] {dag.py:3947} INFO - Setting next_dagrun for global_index_minio to 2026-02-07 00:00:00+00:00, run_after=2026-02-08 00:00:00+00:00
[2026-02-07T01:36:04.190+0000] {processor.py:183} INFO - Processing /opt/airflow/dags/dl_global_index.py took 0.094 seconds
[2026-02-07T01:36:34.370+0000] {processor.py:161} INFO - Started process (PID=1911) to work on /opt/airflow/dags/dl_global_index.py
[2026-02-07T01:36:34.370+0000] {processor.py:830} INFO - Processing file /opt/airflow/dags/dl_global_index.py for tasks to queue
[2026-02-07T01:36:34.371+0000] {logging_mixin.py:188} INFO - [2026-02-07T01:36:34.371+0000] {dagbag.py:545} INFO - Filling up the DagBag from /opt/airflow/dags/dl_global_index.py
[2026-02-07T01:36:34.400+0000] {processor.py:840} INFO - DAG(s) 'global_index_minio' retrieved from /opt/airflow/dags/dl_global_index.py
[2026-02-07T01:36:34.423+0000] {logging_mixin.py:188} INFO - [2026-02-07T01:36:34.422+0000] {dag.py:3089} INFO - Sync 1 DAGs
[2026-02-07T01:36:34.447+0000] {logging_mixin.py:188} INFO - [2026-02-07T01:36:34.447+0000] {dag.py:3947} INFO - Setting next_dagrun for global_index_minio to 2026-02-07 00:00:00+00:00, run_after=2026-02-08 00:00:00+00:00
[2026-02-07T01:36:34.465+0000] {processor.py:183} INFO - Processing /opt/airflow/dags/dl_global_index.py took 0.101 seconds
[2026-02-07T01:37:05.339+0000] {processor.py:161} INFO - Started process (PID=1936) to work on /opt/airflow/dags/dl_global_index.py
[2026-02-07T01:37:05.340+0000] {processor.py:830} INFO - Processing file /opt/airflow/dags/dl_global_index.py for tasks to queue
[2026-02-07T01:37:05.341+0000] {logging_mixin.py:188} INFO - [2026-02-07T01:37:05.341+0000] {dagbag.py:545} INFO - Filling up the DagBag from /opt/airflow/dags/dl_global_index.py
[2026-02-07T01:37:05.370+0000] {processor.py:840} INFO - DAG(s) 'global_index_minio' retrieved from /opt/airflow/dags/dl_global_index.py
[2026-02-07T01:37:05.394+0000] {logging_mixin.py:188} INFO - [2026-02-07T01:37:05.393+0000] {dag.py:3089} INFO - Sync 1 DAGs
[2026-02-07T01:37:05.415+0000] {logging_mixin.py:188} INFO - [2026-02-07T01:37:05.415+0000] {dag.py:3947} INFO - Setting next_dagrun for global_index_minio to 2026-02-07 00:00:00+00:00, run_after=2026-02-08 00:00:00+00:00
[2026-02-07T01:37:05.439+0000] {processor.py:183} INFO - Processing /opt/airflow/dags/dl_global_index.py took 0.106 seconds
[2026-02-07T01:37:36.296+0000] {processor.py:161} INFO - Started process (PID=1960) to work on /opt/airflow/dags/dl_global_index.py
[2026-02-07T01:37:36.297+0000] {processor.py:830} INFO - Processing file /opt/airflow/dags/dl_global_index.py for tasks to queue
[2026-02-07T01:37:36.297+0000] {logging_mixin.py:188} INFO - [2026-02-07T01:37:36.297+0000] {dagbag.py:545} INFO - Filling up the DagBag from /opt/airflow/dags/dl_global_index.py
[2026-02-07T01:37:36.326+0000] {processor.py:840} INFO - DAG(s) 'global_index_minio' retrieved from /opt/airflow/dags/dl_global_index.py
[2026-02-07T01:37:36.348+0000] {logging_mixin.py:188} INFO - [2026-02-07T01:37:36.348+0000] {dag.py:3089} INFO - Sync 1 DAGs
[2026-02-07T01:37:36.368+0000] {logging_mixin.py:188} INFO - [2026-02-07T01:37:36.368+0000] {dag.py:3947} INFO - Setting next_dagrun for global_index_minio to 2026-02-07 00:00:00+00:00, run_after=2026-02-08 00:00:00+00:00
[2026-02-07T01:37:36.390+0000] {processor.py:183} INFO - Processing /opt/airflow/dags/dl_global_index.py took 0.099 seconds
[2026-02-07T01:38:06.917+0000] {processor.py:161} INFO - Started process (PID=1984) to work on /opt/airflow/dags/dl_global_index.py
[2026-02-07T01:38:06.917+0000] {processor.py:830} INFO - Processing file /opt/airflow/dags/dl_global_index.py for tasks to queue
[2026-02-07T01:38:06.918+0000] {logging_mixin.py:188} INFO - [2026-02-07T01:38:06.918+0000] {dagbag.py:545} INFO - Filling up the DagBag from /opt/airflow/dags/dl_global_index.py
[2026-02-07T01:38:06.943+0000] {processor.py:840} INFO - DAG(s) 'global_index_minio' retrieved from /opt/airflow/dags/dl_global_index.py
[2026-02-07T01:38:06.964+0000] {logging_mixin.py:188} INFO - [2026-02-07T01:38:06.963+0000] {dag.py:3089} INFO - Sync 1 DAGs
[2026-02-07T01:38:06.984+0000] {logging_mixin.py:188} INFO - [2026-02-07T01:38:06.983+0000] {dag.py:3947} INFO - Setting next_dagrun for global_index_minio to 2026-02-07 00:00:00+00:00, run_after=2026-02-08 00:00:00+00:00
[2026-02-07T01:38:06.999+0000] {processor.py:183} INFO - Processing /opt/airflow/dags/dl_global_index.py took 0.088 seconds
[2026-02-07T01:38:37.391+0000] {processor.py:161} INFO - Started process (PID=2008) to work on /opt/airflow/dags/dl_global_index.py
[2026-02-07T01:38:37.391+0000] {processor.py:830} INFO - Processing file /opt/airflow/dags/dl_global_index.py for tasks to queue
[2026-02-07T01:38:37.392+0000] {logging_mixin.py:188} INFO - [2026-02-07T01:38:37.392+0000] {dagbag.py:545} INFO - Filling up the DagBag from /opt/airflow/dags/dl_global_index.py
[2026-02-07T01:38:37.417+0000] {processor.py:840} INFO - DAG(s) 'global_index_minio' retrieved from /opt/airflow/dags/dl_global_index.py
[2026-02-07T01:38:37.438+0000] {logging_mixin.py:188} INFO - [2026-02-07T01:38:37.438+0000] {dag.py:3089} INFO - Sync 1 DAGs
[2026-02-07T01:38:37.458+0000] {logging_mixin.py:188} INFO - [2026-02-07T01:38:37.457+0000] {dag.py:3947} INFO - Setting next_dagrun for global_index_minio to 2026-02-07 00:00:00+00:00, run_after=2026-02-08 00:00:00+00:00
[2026-02-07T01:38:37.476+0000] {processor.py:183} INFO - Processing /opt/airflow/dags/dl_global_index.py took 0.090 seconds
[2026-02-07T01:39:07.937+0000] {processor.py:161} INFO - Started process (PID=2032) to work on /opt/airflow/dags/dl_global_index.py
[2026-02-07T01:39:07.938+0000] {processor.py:830} INFO - Processing file /opt/airflow/dags/dl_global_index.py for tasks to queue
[2026-02-07T01:39:07.938+0000] {logging_mixin.py:188} INFO - [2026-02-07T01:39:07.938+0000] {dagbag.py:545} INFO - Filling up the DagBag from /opt/airflow/dags/dl_global_index.py
[2026-02-07T01:39:07.965+0000] {processor.py:840} INFO - DAG(s) 'global_index_minio' retrieved from /opt/airflow/dags/dl_global_index.py
[2026-02-07T01:39:07.987+0000] {logging_mixin.py:188} INFO - [2026-02-07T01:39:07.986+0000] {dag.py:3089} INFO - Sync 1 DAGs
[2026-02-07T01:39:08.006+0000] {logging_mixin.py:188} INFO - [2026-02-07T01:39:08.006+0000] {dag.py:3947} INFO - Setting next_dagrun for global_index_minio to 2026-02-07 00:00:00+00:00, run_after=2026-02-08 00:00:00+00:00
[2026-02-07T01:39:08.023+0000] {processor.py:183} INFO - Processing /opt/airflow/dags/dl_global_index.py took 0.091 seconds
[2026-02-07T01:39:38.800+0000] {processor.py:161} INFO - Started process (PID=2056) to work on /opt/airflow/dags/dl_global_index.py
[2026-02-07T01:39:38.800+0000] {processor.py:830} INFO - Processing file /opt/airflow/dags/dl_global_index.py for tasks to queue
[2026-02-07T01:39:38.801+0000] {logging_mixin.py:188} INFO - [2026-02-07T01:39:38.801+0000] {dagbag.py:545} INFO - Filling up the DagBag from /opt/airflow/dags/dl_global_index.py
[2026-02-07T01:39:38.826+0000] {processor.py:840} INFO - DAG(s) 'global_index_minio' retrieved from /opt/airflow/dags/dl_global_index.py
[2026-02-07T01:39:38.846+0000] {logging_mixin.py:188} INFO - [2026-02-07T01:39:38.846+0000] {dag.py:3089} INFO - Sync 1 DAGs
[2026-02-07T01:39:38.865+0000] {logging_mixin.py:188} INFO - [2026-02-07T01:39:38.865+0000] {dag.py:3947} INFO - Setting next_dagrun for global_index_minio to 2026-02-07 00:00:00+00:00, run_after=2026-02-08 00:00:00+00:00
[2026-02-07T01:39:38.883+0000] {processor.py:183} INFO - Processing /opt/airflow/dags/dl_global_index.py took 0.088 seconds
[2026-02-07T01:40:09.416+0000] {processor.py:161} INFO - Started process (PID=2080) to work on /opt/airflow/dags/dl_global_index.py
[2026-02-07T01:40:09.416+0000] {processor.py:830} INFO - Processing file /opt/airflow/dags/dl_global_index.py for tasks to queue
[2026-02-07T01:40:09.417+0000] {logging_mixin.py:188} INFO - [2026-02-07T01:40:09.417+0000] {dagbag.py:545} INFO - Filling up the DagBag from /opt/airflow/dags/dl_global_index.py
[2026-02-07T01:40:09.443+0000] {processor.py:840} INFO - DAG(s) 'global_index_minio' retrieved from /opt/airflow/dags/dl_global_index.py
[2026-02-07T01:40:09.463+0000] {logging_mixin.py:188} INFO - [2026-02-07T01:40:09.463+0000] {dag.py:3089} INFO - Sync 1 DAGs
[2026-02-07T01:40:09.482+0000] {logging_mixin.py:188} INFO - [2026-02-07T01:40:09.482+0000] {dag.py:3947} INFO - Setting next_dagrun for global_index_minio to 2026-02-07 00:00:00+00:00, run_after=2026-02-08 00:00:00+00:00
[2026-02-07T01:40:09.499+0000] {processor.py:183} INFO - Processing /opt/airflow/dags/dl_global_index.py took 0.088 seconds
[2026-02-07T01:40:40.228+0000] {processor.py:161} INFO - Started process (PID=2104) to work on /opt/airflow/dags/dl_global_index.py
[2026-02-07T01:40:40.229+0000] {processor.py:830} INFO - Processing file /opt/airflow/dags/dl_global_index.py for tasks to queue
[2026-02-07T01:40:40.230+0000] {logging_mixin.py:188} INFO - [2026-02-07T01:40:40.229+0000] {dagbag.py:545} INFO - Filling up the DagBag from /opt/airflow/dags/dl_global_index.py
[2026-02-07T01:40:40.254+0000] {processor.py:840} INFO - DAG(s) 'global_index_minio' retrieved from /opt/airflow/dags/dl_global_index.py
[2026-02-07T01:40:40.275+0000] {logging_mixin.py:188} INFO - [2026-02-07T01:40:40.275+0000] {dag.py:3089} INFO - Sync 1 DAGs
[2026-02-07T01:40:40.294+0000] {logging_mixin.py:188} INFO - [2026-02-07T01:40:40.294+0000] {dag.py:3947} INFO - Setting next_dagrun for global_index_minio to 2026-02-07 00:00:00+00:00, run_after=2026-02-08 00:00:00+00:00
[2026-02-07T01:40:40.312+0000] {processor.py:183} INFO - Processing /opt/airflow/dags/dl_global_index.py took 0.089 seconds
[2026-02-07T01:41:10.924+0000] {processor.py:161} INFO - Started process (PID=2128) to work on /opt/airflow/dags/dl_global_index.py
[2026-02-07T01:41:10.925+0000] {processor.py:830} INFO - Processing file /opt/airflow/dags/dl_global_index.py for tasks to queue
[2026-02-07T01:41:10.926+0000] {logging_mixin.py:188} INFO - [2026-02-07T01:41:10.925+0000] {dagbag.py:545} INFO - Filling up the DagBag from /opt/airflow/dags/dl_global_index.py
[2026-02-07T01:41:10.950+0000] {processor.py:840} INFO - DAG(s) 'global_index_minio' retrieved from /opt/airflow/dags/dl_global_index.py
[2026-02-07T01:41:10.971+0000] {logging_mixin.py:188} INFO - [2026-02-07T01:41:10.971+0000] {dag.py:3089} INFO - Sync 1 DAGs
[2026-02-07T01:41:10.990+0000] {logging_mixin.py:188} INFO - [2026-02-07T01:41:10.990+0000] {dag.py:3947} INFO - Setting next_dagrun for global_index_minio to 2026-02-07 00:00:00+00:00, run_after=2026-02-08 00:00:00+00:00
[2026-02-07T01:41:11.011+0000] {processor.py:183} INFO - Processing /opt/airflow/dags/dl_global_index.py took 0.092 seconds
[2026-02-07T01:41:41.620+0000] {processor.py:161} INFO - Started process (PID=2152) to work on /opt/airflow/dags/dl_global_index.py
[2026-02-07T01:41:41.620+0000] {processor.py:830} INFO - Processing file /opt/airflow/dags/dl_global_index.py for tasks to queue
[2026-02-07T01:41:41.621+0000] {logging_mixin.py:188} INFO - [2026-02-07T01:41:41.621+0000] {dagbag.py:545} INFO - Filling up the DagBag from /opt/airflow/dags/dl_global_index.py
[2026-02-07T01:41:41.648+0000] {processor.py:840} INFO - DAG(s) 'global_index_minio' retrieved from /opt/airflow/dags/dl_global_index.py
[2026-02-07T01:41:41.671+0000] {logging_mixin.py:188} INFO - [2026-02-07T01:41:41.670+0000] {dag.py:3089} INFO - Sync 1 DAGs
[2026-02-07T01:41:41.692+0000] {logging_mixin.py:188} INFO - [2026-02-07T01:41:41.692+0000] {dag.py:3947} INFO - Setting next_dagrun for global_index_minio to 2026-02-07 00:00:00+00:00, run_after=2026-02-08 00:00:00+00:00
[2026-02-07T01:41:41.715+0000] {processor.py:183} INFO - Processing /opt/airflow/dags/dl_global_index.py took 0.102 seconds
[2026-02-07T01:42:12.173+0000] {processor.py:161} INFO - Started process (PID=2176) to work on /opt/airflow/dags/dl_global_index.py
[2026-02-07T01:42:12.174+0000] {processor.py:830} INFO - Processing file /opt/airflow/dags/dl_global_index.py for tasks to queue
[2026-02-07T01:42:12.175+0000] {logging_mixin.py:188} INFO - [2026-02-07T01:42:12.174+0000] {dagbag.py:545} INFO - Filling up the DagBag from /opt/airflow/dags/dl_global_index.py
[2026-02-07T01:42:12.200+0000] {processor.py:840} INFO - DAG(s) 'global_index_minio' retrieved from /opt/airflow/dags/dl_global_index.py
[2026-02-07T01:42:12.221+0000] {logging_mixin.py:188} INFO - [2026-02-07T01:42:12.221+0000] {dag.py:3089} INFO - Sync 1 DAGs
[2026-02-07T01:42:12.242+0000] {logging_mixin.py:188} INFO - [2026-02-07T01:42:12.242+0000] {dag.py:3947} INFO - Setting next_dagrun for global_index_minio to 2026-02-07 00:00:00+00:00, run_after=2026-02-08 00:00:00+00:00
[2026-02-07T01:42:12.262+0000] {processor.py:183} INFO - Processing /opt/airflow/dags/dl_global_index.py took 0.094 seconds
[2026-02-07T01:42:42.846+0000] {processor.py:161} INFO - Started process (PID=2200) to work on /opt/airflow/dags/dl_global_index.py
[2026-02-07T01:42:42.846+0000] {processor.py:830} INFO - Processing file /opt/airflow/dags/dl_global_index.py for tasks to queue
[2026-02-07T01:42:42.847+0000] {logging_mixin.py:188} INFO - [2026-02-07T01:42:42.847+0000] {dagbag.py:545} INFO - Filling up the DagBag from /opt/airflow/dags/dl_global_index.py
[2026-02-07T01:42:42.876+0000] {processor.py:840} INFO - DAG(s) 'global_index_minio' retrieved from /opt/airflow/dags/dl_global_index.py
[2026-02-07T01:42:42.897+0000] {logging_mixin.py:188} INFO - [2026-02-07T01:42:42.896+0000] {dag.py:3089} INFO - Sync 1 DAGs
[2026-02-07T01:42:42.915+0000] {logging_mixin.py:188} INFO - [2026-02-07T01:42:42.915+0000] {dag.py:3947} INFO - Setting next_dagrun for global_index_minio to 2026-02-07 00:00:00+00:00, run_after=2026-02-08 00:00:00+00:00
[2026-02-07T01:42:42.935+0000] {processor.py:183} INFO - Processing /opt/airflow/dags/dl_global_index.py took 0.096 seconds
[2026-02-07T01:43:13.340+0000] {processor.py:161} INFO - Started process (PID=2224) to work on /opt/airflow/dags/dl_global_index.py
[2026-02-07T01:43:13.341+0000] {processor.py:830} INFO - Processing file /opt/airflow/dags/dl_global_index.py for tasks to queue
[2026-02-07T01:43:13.342+0000] {logging_mixin.py:188} INFO - [2026-02-07T01:43:13.342+0000] {dagbag.py:545} INFO - Filling up the DagBag from /opt/airflow/dags/dl_global_index.py
[2026-02-07T01:43:13.369+0000] {processor.py:840} INFO - DAG(s) 'global_index_minio' retrieved from /opt/airflow/dags/dl_global_index.py
[2026-02-07T01:43:13.390+0000] {logging_mixin.py:188} INFO - [2026-02-07T01:43:13.389+0000] {dag.py:3089} INFO - Sync 1 DAGs
[2026-02-07T01:43:13.409+0000] {logging_mixin.py:188} INFO - [2026-02-07T01:43:13.408+0000] {dag.py:3947} INFO - Setting next_dagrun for global_index_minio to 2026-02-07 00:00:00+00:00, run_after=2026-02-08 00:00:00+00:00
[2026-02-07T01:43:13.428+0000] {processor.py:183} INFO - Processing /opt/airflow/dags/dl_global_index.py took 0.094 seconds
[2026-02-07T01:43:43.979+0000] {processor.py:161} INFO - Started process (PID=2248) to work on /opt/airflow/dags/dl_global_index.py
[2026-02-07T01:43:43.980+0000] {processor.py:830} INFO - Processing file /opt/airflow/dags/dl_global_index.py for tasks to queue
[2026-02-07T01:43:43.981+0000] {logging_mixin.py:188} INFO - [2026-02-07T01:43:43.980+0000] {dagbag.py:545} INFO - Filling up the DagBag from /opt/airflow/dags/dl_global_index.py
[2026-02-07T01:43:44.005+0000] {processor.py:840} INFO - DAG(s) 'global_index_minio' retrieved from /opt/airflow/dags/dl_global_index.py
[2026-02-07T01:43:44.025+0000] {logging_mixin.py:188} INFO - [2026-02-07T01:43:44.025+0000] {dag.py:3089} INFO - Sync 1 DAGs
[2026-02-07T01:43:44.044+0000] {logging_mixin.py:188} INFO - [2026-02-07T01:43:44.043+0000] {dag.py:3947} INFO - Setting next_dagrun for global_index_minio to 2026-02-07 00:00:00+00:00, run_after=2026-02-08 00:00:00+00:00
[2026-02-07T01:43:44.064+0000] {processor.py:183} INFO - Processing /opt/airflow/dags/dl_global_index.py took 0.089 seconds
[2026-02-07T01:44:14.711+0000] {processor.py:161} INFO - Started process (PID=2272) to work on /opt/airflow/dags/dl_global_index.py
[2026-02-07T01:44:14.712+0000] {processor.py:830} INFO - Processing file /opt/airflow/dags/dl_global_index.py for tasks to queue
[2026-02-07T01:44:14.713+0000] {logging_mixin.py:188} INFO - [2026-02-07T01:44:14.712+0000] {dagbag.py:545} INFO - Filling up the DagBag from /opt/airflow/dags/dl_global_index.py
[2026-02-07T01:44:14.739+0000] {processor.py:840} INFO - DAG(s) 'global_index_minio' retrieved from /opt/airflow/dags/dl_global_index.py
[2026-02-07T01:44:14.762+0000] {logging_mixin.py:188} INFO - [2026-02-07T01:44:14.762+0000] {dag.py:3089} INFO - Sync 1 DAGs
[2026-02-07T01:44:14.784+0000] {logging_mixin.py:188} INFO - [2026-02-07T01:44:14.784+0000] {dag.py:3947} INFO - Setting next_dagrun for global_index_minio to 2026-02-07 00:00:00+00:00, run_after=2026-02-08 00:00:00+00:00
[2026-02-07T01:44:14.806+0000] {processor.py:183} INFO - Processing /opt/airflow/dags/dl_global_index.py took 0.100 seconds
[2026-02-07T01:44:45.203+0000] {processor.py:161} INFO - Started process (PID=2296) to work on /opt/airflow/dags/dl_global_index.py
[2026-02-07T01:44:45.204+0000] {processor.py:830} INFO - Processing file /opt/airflow/dags/dl_global_index.py for tasks to queue
[2026-02-07T01:44:45.205+0000] {logging_mixin.py:188} INFO - [2026-02-07T01:44:45.205+0000] {dagbag.py:545} INFO - Filling up the DagBag from /opt/airflow/dags/dl_global_index.py
[2026-02-07T01:44:45.234+0000] {processor.py:840} INFO - DAG(s) 'global_index_minio' retrieved from /opt/airflow/dags/dl_global_index.py
[2026-02-07T01:44:45.256+0000] {logging_mixin.py:188} INFO - [2026-02-07T01:44:45.256+0000] {dag.py:3089} INFO - Sync 1 DAGs
[2026-02-07T01:44:45.277+0000] {logging_mixin.py:188} INFO - [2026-02-07T01:44:45.277+0000] {dag.py:3947} INFO - Setting next_dagrun for global_index_minio to 2026-02-07 00:00:00+00:00, run_after=2026-02-08 00:00:00+00:00
[2026-02-07T01:44:45.295+0000] {processor.py:183} INFO - Processing /opt/airflow/dags/dl_global_index.py took 0.097 seconds
[2026-02-07T01:45:15.993+0000] {processor.py:161} INFO - Started process (PID=2320) to work on /opt/airflow/dags/dl_global_index.py
[2026-02-07T01:45:15.994+0000] {processor.py:830} INFO - Processing file /opt/airflow/dags/dl_global_index.py for tasks to queue
[2026-02-07T01:45:15.995+0000] {logging_mixin.py:188} INFO - [2026-02-07T01:45:15.995+0000] {dagbag.py:545} INFO - Filling up the DagBag from /opt/airflow/dags/dl_global_index.py
[2026-02-07T01:45:16.028+0000] {processor.py:840} INFO - DAG(s) 'global_index_minio' retrieved from /opt/airflow/dags/dl_global_index.py
[2026-02-07T01:45:16.055+0000] {logging_mixin.py:188} INFO - [2026-02-07T01:45:16.055+0000] {dag.py:3089} INFO - Sync 1 DAGs
[2026-02-07T01:45:16.079+0000] {logging_mixin.py:188} INFO - [2026-02-07T01:45:16.079+0000] {dag.py:3947} INFO - Setting next_dagrun for global_index_minio to 2026-02-07 00:00:00+00:00, run_after=2026-02-08 00:00:00+00:00
[2026-02-07T01:45:16.099+0000] {processor.py:183} INFO - Processing /opt/airflow/dags/dl_global_index.py took 0.112 seconds
[2026-02-07T01:45:46.560+0000] {processor.py:161} INFO - Started process (PID=2344) to work on /opt/airflow/dags/dl_global_index.py
[2026-02-07T01:45:46.561+0000] {processor.py:830} INFO - Processing file /opt/airflow/dags/dl_global_index.py for tasks to queue
[2026-02-07T01:45:46.562+0000] {logging_mixin.py:188} INFO - [2026-02-07T01:45:46.562+0000] {dagbag.py:545} INFO - Filling up the DagBag from /opt/airflow/dags/dl_global_index.py
[2026-02-07T01:45:46.594+0000] {processor.py:840} INFO - DAG(s) 'global_index_minio' retrieved from /opt/airflow/dags/dl_global_index.py
[2026-02-07T01:45:46.617+0000] {logging_mixin.py:188} INFO - [2026-02-07T01:45:46.617+0000] {dag.py:3089} INFO - Sync 1 DAGs
[2026-02-07T01:45:46.637+0000] {logging_mixin.py:188} INFO - [2026-02-07T01:45:46.637+0000] {dag.py:3947} INFO - Setting next_dagrun for global_index_minio to 2026-02-07 00:00:00+00:00, run_after=2026-02-08 00:00:00+00:00
[2026-02-07T01:45:46.659+0000] {processor.py:183} INFO - Processing /opt/airflow/dags/dl_global_index.py took 0.104 seconds
[2026-02-07T01:46:17.310+0000] {processor.py:161} INFO - Started process (PID=2368) to work on /opt/airflow/dags/dl_global_index.py
[2026-02-07T01:46:17.311+0000] {processor.py:830} INFO - Processing file /opt/airflow/dags/dl_global_index.py for tasks to queue
[2026-02-07T01:46:17.312+0000] {logging_mixin.py:188} INFO - [2026-02-07T01:46:17.312+0000] {dagbag.py:545} INFO - Filling up the DagBag from /opt/airflow/dags/dl_global_index.py
[2026-02-07T01:46:17.346+0000] {processor.py:840} INFO - DAG(s) 'global_index_minio' retrieved from /opt/airflow/dags/dl_global_index.py
[2026-02-07T01:46:17.378+0000] {logging_mixin.py:188} INFO - [2026-02-07T01:46:17.378+0000] {dag.py:3089} INFO - Sync 1 DAGs
[2026-02-07T01:46:17.406+0000] {logging_mixin.py:188} INFO - [2026-02-07T01:46:17.406+0000] {dag.py:3947} INFO - Setting next_dagrun for global_index_minio to 2026-02-07 00:00:00+00:00, run_after=2026-02-08 00:00:00+00:00
[2026-02-07T01:46:17.428+0000] {processor.py:183} INFO - Processing /opt/airflow/dags/dl_global_index.py took 0.125 seconds
[2026-02-07T01:46:47.491+0000] {processor.py:161} INFO - Started process (PID=2392) to work on /opt/airflow/dags/dl_global_index.py
[2026-02-07T01:46:47.491+0000] {processor.py:830} INFO - Processing file /opt/airflow/dags/dl_global_index.py for tasks to queue
[2026-02-07T01:46:47.492+0000] {logging_mixin.py:188} INFO - [2026-02-07T01:46:47.492+0000] {dagbag.py:545} INFO - Filling up the DagBag from /opt/airflow/dags/dl_global_index.py
[2026-02-07T01:46:47.518+0000] {processor.py:840} INFO - DAG(s) 'global_index_minio' retrieved from /opt/airflow/dags/dl_global_index.py
[2026-02-07T01:46:47.540+0000] {logging_mixin.py:188} INFO - [2026-02-07T01:46:47.540+0000] {dag.py:3089} INFO - Sync 1 DAGs
[2026-02-07T01:46:47.561+0000] {logging_mixin.py:188} INFO - [2026-02-07T01:46:47.561+0000] {dag.py:3947} INFO - Setting next_dagrun for global_index_minio to 2026-02-07 00:00:00+00:00, run_after=2026-02-08 00:00:00+00:00
[2026-02-07T01:46:47.582+0000] {processor.py:183} INFO - Processing /opt/airflow/dags/dl_global_index.py took 0.096 seconds
[2026-02-07T01:47:18.654+0000] {processor.py:161} INFO - Started process (PID=2416) to work on /opt/airflow/dags/dl_global_index.py
[2026-02-07T01:47:18.655+0000] {processor.py:830} INFO - Processing file /opt/airflow/dags/dl_global_index.py for tasks to queue
[2026-02-07T01:47:18.656+0000] {logging_mixin.py:188} INFO - [2026-02-07T01:47:18.656+0000] {dagbag.py:545} INFO - Filling up the DagBag from /opt/airflow/dags/dl_global_index.py
[2026-02-07T01:47:18.730+0000] {processor.py:840} INFO - DAG(s) 'global_index_minio' retrieved from /opt/airflow/dags/dl_global_index.py
[2026-02-07T01:47:18.795+0000] {logging_mixin.py:188} INFO - [2026-02-07T01:47:18.794+0000] {dag.py:3089} INFO - Sync 1 DAGs
[2026-02-07T01:47:18.852+0000] {logging_mixin.py:188} INFO - [2026-02-07T01:47:18.852+0000] {dag.py:3947} INFO - Setting next_dagrun for global_index_minio to 2026-02-07 00:00:00+00:00, run_after=2026-02-08 00:00:00+00:00
[2026-02-07T01:47:18.888+0000] {processor.py:183} INFO - Processing /opt/airflow/dags/dl_global_index.py took 0.252 seconds
[2026-02-07T01:47:50.223+0000] {processor.py:161} INFO - Started process (PID=2441) to work on /opt/airflow/dags/dl_global_index.py
[2026-02-07T01:47:50.226+0000] {processor.py:830} INFO - Processing file /opt/airflow/dags/dl_global_index.py for tasks to queue
[2026-02-07T01:47:50.230+0000] {logging_mixin.py:188} INFO - [2026-02-07T01:47:50.227+0000] {dagbag.py:545} INFO - Filling up the DagBag from /opt/airflow/dags/dl_global_index.py
[2026-02-07T01:47:50.286+0000] {processor.py:840} INFO - DAG(s) 'global_index_minio' retrieved from /opt/airflow/dags/dl_global_index.py
[2026-02-07T01:47:50.344+0000] {logging_mixin.py:188} INFO - [2026-02-07T01:47:50.344+0000] {dag.py:3089} INFO - Sync 1 DAGs
[2026-02-07T01:47:50.403+0000] {logging_mixin.py:188} INFO - [2026-02-07T01:47:50.403+0000] {dag.py:3947} INFO - Setting next_dagrun for global_index_minio to 2026-02-07 00:00:00+00:00, run_after=2026-02-08 00:00:00+00:00
[2026-02-07T01:47:50.452+0000] {processor.py:183} INFO - Processing /opt/airflow/dags/dl_global_index.py took 0.248 seconds
[2026-02-07T01:48:21.195+0000] {processor.py:161} INFO - Started process (PID=2465) to work on /opt/airflow/dags/dl_global_index.py
[2026-02-07T01:48:21.196+0000] {processor.py:830} INFO - Processing file /opt/airflow/dags/dl_global_index.py for tasks to queue
[2026-02-07T01:48:21.197+0000] {logging_mixin.py:188} INFO - [2026-02-07T01:48:21.197+0000] {dagbag.py:545} INFO - Filling up the DagBag from /opt/airflow/dags/dl_global_index.py
[2026-02-07T01:48:21.232+0000] {processor.py:840} INFO - DAG(s) 'global_index_minio' retrieved from /opt/airflow/dags/dl_global_index.py
[2026-02-07T01:48:21.259+0000] {logging_mixin.py:188} INFO - [2026-02-07T01:48:21.258+0000] {dag.py:3089} INFO - Sync 1 DAGs
[2026-02-07T01:48:21.283+0000] {logging_mixin.py:188} INFO - [2026-02-07T01:48:21.283+0000] {dag.py:3947} INFO - Setting next_dagrun for global_index_minio to 2026-02-07 00:00:00+00:00, run_after=2026-02-08 00:00:00+00:00
[2026-02-07T01:48:21.306+0000] {processor.py:183} INFO - Processing /opt/airflow/dags/dl_global_index.py took 0.118 seconds
[2026-02-07T01:48:51.500+0000] {processor.py:161} INFO - Started process (PID=2489) to work on /opt/airflow/dags/dl_global_index.py
[2026-02-07T01:48:51.501+0000] {processor.py:830} INFO - Processing file /opt/airflow/dags/dl_global_index.py for tasks to queue
[2026-02-07T01:48:51.502+0000] {logging_mixin.py:188} INFO - [2026-02-07T01:48:51.502+0000] {dagbag.py:545} INFO - Filling up the DagBag from /opt/airflow/dags/dl_global_index.py
[2026-02-07T01:48:51.539+0000] {processor.py:840} INFO - DAG(s) 'global_index_minio' retrieved from /opt/airflow/dags/dl_global_index.py
[2026-02-07T01:48:51.571+0000] {logging_mixin.py:188} INFO - [2026-02-07T01:48:51.571+0000] {dag.py:3089} INFO - Sync 1 DAGs
[2026-02-07T01:48:51.596+0000] {logging_mixin.py:188} INFO - [2026-02-07T01:48:51.596+0000] {dag.py:3947} INFO - Setting next_dagrun for global_index_minio to 2026-02-07 00:00:00+00:00, run_after=2026-02-08 00:00:00+00:00
[2026-02-07T01:48:51.621+0000] {processor.py:183} INFO - Processing /opt/airflow/dags/dl_global_index.py took 0.128 seconds
[2026-02-07T01:49:21.743+0000] {processor.py:161} INFO - Started process (PID=2513) to work on /opt/airflow/dags/dl_global_index.py
[2026-02-07T01:49:21.744+0000] {processor.py:830} INFO - Processing file /opt/airflow/dags/dl_global_index.py for tasks to queue
[2026-02-07T01:49:21.745+0000] {logging_mixin.py:188} INFO - [2026-02-07T01:49:21.745+0000] {dagbag.py:545} INFO - Filling up the DagBag from /opt/airflow/dags/dl_global_index.py
[2026-02-07T01:49:21.796+0000] {processor.py:840} INFO - DAG(s) 'global_index_minio' retrieved from /opt/airflow/dags/dl_global_index.py
[2026-02-07T01:49:21.835+0000] {logging_mixin.py:188} INFO - [2026-02-07T01:49:21.835+0000] {dag.py:3089} INFO - Sync 1 DAGs
[2026-02-07T01:49:21.874+0000] {logging_mixin.py:188} INFO - [2026-02-07T01:49:21.873+0000] {dag.py:3947} INFO - Setting next_dagrun for global_index_minio to 2026-02-07 00:00:00+00:00, run_after=2026-02-08 00:00:00+00:00
[2026-02-07T01:49:21.904+0000] {processor.py:183} INFO - Processing /opt/airflow/dags/dl_global_index.py took 0.170 seconds
[2026-02-07T01:49:51.969+0000] {processor.py:161} INFO - Started process (PID=2537) to work on /opt/airflow/dags/dl_global_index.py
[2026-02-07T01:49:51.970+0000] {processor.py:830} INFO - Processing file /opt/airflow/dags/dl_global_index.py for tasks to queue
[2026-02-07T01:49:51.971+0000] {logging_mixin.py:188} INFO - [2026-02-07T01:49:51.970+0000] {dagbag.py:545} INFO - Filling up the DagBag from /opt/airflow/dags/dl_global_index.py
[2026-02-07T01:49:52.000+0000] {processor.py:840} INFO - DAG(s) 'global_index_minio' retrieved from /opt/airflow/dags/dl_global_index.py
[2026-02-07T01:49:52.023+0000] {logging_mixin.py:188} INFO - [2026-02-07T01:49:52.023+0000] {dag.py:3089} INFO - Sync 1 DAGs
[2026-02-07T01:49:52.043+0000] {logging_mixin.py:188} INFO - [2026-02-07T01:49:52.043+0000] {dag.py:3947} INFO - Setting next_dagrun for global_index_minio to 2026-02-07 00:00:00+00:00, run_after=2026-02-08 00:00:00+00:00
[2026-02-07T01:49:52.063+0000] {processor.py:183} INFO - Processing /opt/airflow/dags/dl_global_index.py took 0.099 seconds
[2026-02-07T01:50:22.324+0000] {processor.py:161} INFO - Started process (PID=2561) to work on /opt/airflow/dags/dl_global_index.py
[2026-02-07T01:50:22.325+0000] {processor.py:830} INFO - Processing file /opt/airflow/dags/dl_global_index.py for tasks to queue
[2026-02-07T01:50:22.327+0000] {logging_mixin.py:188} INFO - [2026-02-07T01:50:22.326+0000] {dagbag.py:545} INFO - Filling up the DagBag from /opt/airflow/dags/dl_global_index.py
[2026-02-07T01:50:22.362+0000] {processor.py:840} INFO - DAG(s) 'global_index_minio' retrieved from /opt/airflow/dags/dl_global_index.py
[2026-02-07T01:50:22.391+0000] {logging_mixin.py:188} INFO - [2026-02-07T01:50:22.390+0000] {dag.py:3089} INFO - Sync 1 DAGs
[2026-02-07T01:50:22.422+0000] {logging_mixin.py:188} INFO - [2026-02-07T01:50:22.422+0000] {dag.py:3947} INFO - Setting next_dagrun for global_index_minio to 2026-02-07 00:00:00+00:00, run_after=2026-02-08 00:00:00+00:00
[2026-02-07T01:50:22.460+0000] {processor.py:183} INFO - Processing /opt/airflow/dags/dl_global_index.py took 0.142 seconds
[2026-02-07T01:50:52.603+0000] {processor.py:161} INFO - Started process (PID=2585) to work on /opt/airflow/dags/dl_global_index.py
[2026-02-07T01:50:52.604+0000] {processor.py:830} INFO - Processing file /opt/airflow/dags/dl_global_index.py for tasks to queue
[2026-02-07T01:50:52.606+0000] {logging_mixin.py:188} INFO - [2026-02-07T01:50:52.605+0000] {dagbag.py:545} INFO - Filling up the DagBag from /opt/airflow/dags/dl_global_index.py
[2026-02-07T01:50:52.639+0000] {processor.py:840} INFO - DAG(s) 'global_index_minio' retrieved from /opt/airflow/dags/dl_global_index.py
[2026-02-07T01:50:52.668+0000] {logging_mixin.py:188} INFO - [2026-02-07T01:50:52.667+0000] {dag.py:3089} INFO - Sync 1 DAGs
[2026-02-07T01:50:52.690+0000] {logging_mixin.py:188} INFO - [2026-02-07T01:50:52.689+0000] {dag.py:3947} INFO - Setting next_dagrun for global_index_minio to 2026-02-07 00:00:00+00:00, run_after=2026-02-08 00:00:00+00:00
[2026-02-07T01:50:52.708+0000] {processor.py:183} INFO - Processing /opt/airflow/dags/dl_global_index.py took 0.112 seconds
[2026-02-07T01:51:23.168+0000] {processor.py:161} INFO - Started process (PID=2609) to work on /opt/airflow/dags/dl_global_index.py
[2026-02-07T01:51:23.169+0000] {processor.py:830} INFO - Processing file /opt/airflow/dags/dl_global_index.py for tasks to queue
[2026-02-07T01:51:23.170+0000] {logging_mixin.py:188} INFO - [2026-02-07T01:51:23.170+0000] {dagbag.py:545} INFO - Filling up the DagBag from /opt/airflow/dags/dl_global_index.py
[2026-02-07T01:51:23.199+0000] {processor.py:840} INFO - DAG(s) 'global_index_minio' retrieved from /opt/airflow/dags/dl_global_index.py
[2026-02-07T01:51:23.227+0000] {logging_mixin.py:188} INFO - [2026-02-07T01:51:23.227+0000] {dag.py:3089} INFO - Sync 1 DAGs
[2026-02-07T01:51:23.263+0000] {logging_mixin.py:188} INFO - [2026-02-07T01:51:23.263+0000] {dag.py:3947} INFO - Setting next_dagrun for global_index_minio to 2026-02-07 00:00:00+00:00, run_after=2026-02-08 00:00:00+00:00
[2026-02-07T01:51:23.289+0000] {processor.py:183} INFO - Processing /opt/airflow/dags/dl_global_index.py took 0.126 seconds
[2026-02-07T01:51:53.418+0000] {processor.py:161} INFO - Started process (PID=2633) to work on /opt/airflow/dags/dl_global_index.py
[2026-02-07T01:51:53.423+0000] {processor.py:830} INFO - Processing file /opt/airflow/dags/dl_global_index.py for tasks to queue
[2026-02-07T01:51:53.424+0000] {logging_mixin.py:188} INFO - [2026-02-07T01:51:53.424+0000] {dagbag.py:545} INFO - Filling up the DagBag from /opt/airflow/dags/dl_global_index.py
[2026-02-07T01:51:53.464+0000] {processor.py:840} INFO - DAG(s) 'global_index_minio' retrieved from /opt/airflow/dags/dl_global_index.py
[2026-02-07T01:51:53.491+0000] {logging_mixin.py:188} INFO - [2026-02-07T01:51:53.490+0000] {dag.py:3089} INFO - Sync 1 DAGs
[2026-02-07T01:51:53.513+0000] {logging_mixin.py:188} INFO - [2026-02-07T01:51:53.513+0000] {dag.py:3947} INFO - Setting next_dagrun for global_index_minio to 2026-02-07 00:00:00+00:00, run_after=2026-02-08 00:00:00+00:00
[2026-02-07T01:51:53.532+0000] {processor.py:183} INFO - Processing /opt/airflow/dags/dl_global_index.py took 0.119 seconds
[2026-02-07T01:52:23.909+0000] {processor.py:161} INFO - Started process (PID=2657) to work on /opt/airflow/dags/dl_global_index.py
[2026-02-07T01:52:23.910+0000] {processor.py:830} INFO - Processing file /opt/airflow/dags/dl_global_index.py for tasks to queue
[2026-02-07T01:52:23.911+0000] {logging_mixin.py:188} INFO - [2026-02-07T01:52:23.910+0000] {dagbag.py:545} INFO - Filling up the DagBag from /opt/airflow/dags/dl_global_index.py
[2026-02-07T01:52:23.936+0000] {processor.py:840} INFO - DAG(s) 'global_index_minio' retrieved from /opt/airflow/dags/dl_global_index.py
[2026-02-07T01:52:23.963+0000] {logging_mixin.py:188} INFO - [2026-02-07T01:52:23.962+0000] {dag.py:3089} INFO - Sync 1 DAGs
[2026-02-07T01:52:23.988+0000] {logging_mixin.py:188} INFO - [2026-02-07T01:52:23.988+0000] {dag.py:3947} INFO - Setting next_dagrun for global_index_minio to 2026-02-07 00:00:00+00:00, run_after=2026-02-08 00:00:00+00:00
[2026-02-07T01:52:24.005+0000] {processor.py:183} INFO - Processing /opt/airflow/dags/dl_global_index.py took 0.101 seconds
[2026-02-07T01:52:54.907+0000] {processor.py:161} INFO - Started process (PID=2687) to work on /opt/airflow/dags/dl_global_index.py
[2026-02-07T01:52:54.908+0000] {processor.py:830} INFO - Processing file /opt/airflow/dags/dl_global_index.py for tasks to queue
[2026-02-07T01:52:54.909+0000] {logging_mixin.py:188} INFO - [2026-02-07T01:52:54.908+0000] {dagbag.py:545} INFO - Filling up the DagBag from /opt/airflow/dags/dl_global_index.py
[2026-02-07T01:52:54.936+0000] {processor.py:840} INFO - DAG(s) 'global_index_minio' retrieved from /opt/airflow/dags/dl_global_index.py
[2026-02-07T01:52:54.960+0000] {logging_mixin.py:188} INFO - [2026-02-07T01:52:54.959+0000] {dag.py:3089} INFO - Sync 1 DAGs
[2026-02-07T01:52:54.980+0000] {logging_mixin.py:188} INFO - [2026-02-07T01:52:54.980+0000] {dag.py:3947} INFO - Setting next_dagrun for global_index_minio to 2026-02-07 00:00:00+00:00, run_after=2026-02-08 00:00:00+00:00
[2026-02-07T01:52:54.995+0000] {processor.py:183} INFO - Processing /opt/airflow/dags/dl_global_index.py took 0.093 seconds
[2026-02-07T01:53:25.880+0000] {processor.py:161} INFO - Started process (PID=2711) to work on /opt/airflow/dags/dl_global_index.py
[2026-02-07T01:53:25.881+0000] {processor.py:830} INFO - Processing file /opt/airflow/dags/dl_global_index.py for tasks to queue
[2026-02-07T01:53:25.882+0000] {logging_mixin.py:188} INFO - [2026-02-07T01:53:25.881+0000] {dagbag.py:545} INFO - Filling up the DagBag from /opt/airflow/dags/dl_global_index.py
[2026-02-07T01:53:25.911+0000] {processor.py:840} INFO - DAG(s) 'global_index_minio' retrieved from /opt/airflow/dags/dl_global_index.py
[2026-02-07T01:53:25.934+0000] {logging_mixin.py:188} INFO - [2026-02-07T01:53:25.933+0000] {dag.py:3089} INFO - Sync 1 DAGs
[2026-02-07T01:53:25.956+0000] {logging_mixin.py:188} INFO - [2026-02-07T01:53:25.956+0000] {dag.py:3947} INFO - Setting next_dagrun for global_index_minio to 2026-02-07 00:00:00+00:00, run_after=2026-02-08 00:00:00+00:00
[2026-02-07T01:53:25.977+0000] {processor.py:183} INFO - Processing /opt/airflow/dags/dl_global_index.py took 0.103 seconds
[2026-02-07T01:53:56.059+0000] {processor.py:161} INFO - Started process (PID=2735) to work on /opt/airflow/dags/dl_global_index.py
[2026-02-07T01:53:56.060+0000] {processor.py:830} INFO - Processing file /opt/airflow/dags/dl_global_index.py for tasks to queue
[2026-02-07T01:53:56.061+0000] {logging_mixin.py:188} INFO - [2026-02-07T01:53:56.061+0000] {dagbag.py:545} INFO - Filling up the DagBag from /opt/airflow/dags/dl_global_index.py
[2026-02-07T01:53:56.088+0000] {processor.py:840} INFO - DAG(s) 'global_index_minio' retrieved from /opt/airflow/dags/dl_global_index.py
[2026-02-07T01:53:56.113+0000] {logging_mixin.py:188} INFO - [2026-02-07T01:53:56.112+0000] {dag.py:3089} INFO - Sync 1 DAGs
[2026-02-07T01:53:56.135+0000] {logging_mixin.py:188} INFO - [2026-02-07T01:53:56.135+0000] {dag.py:3947} INFO - Setting next_dagrun for global_index_minio to 2026-02-07 00:00:00+00:00, run_after=2026-02-08 00:00:00+00:00
[2026-02-07T01:53:56.156+0000] {processor.py:183} INFO - Processing /opt/airflow/dags/dl_global_index.py took 0.102 seconds
[2026-02-07T01:54:26.455+0000] {processor.py:161} INFO - Started process (PID=2759) to work on /opt/airflow/dags/dl_global_index.py
[2026-02-07T01:54:26.456+0000] {processor.py:830} INFO - Processing file /opt/airflow/dags/dl_global_index.py for tasks to queue
[2026-02-07T01:54:26.458+0000] {logging_mixin.py:188} INFO - [2026-02-07T01:54:26.457+0000] {dagbag.py:545} INFO - Filling up the DagBag from /opt/airflow/dags/dl_global_index.py
[2026-02-07T01:54:26.511+0000] {processor.py:840} INFO - DAG(s) 'global_index_minio' retrieved from /opt/airflow/dags/dl_global_index.py
[2026-02-07T01:54:26.577+0000] {logging_mixin.py:188} INFO - [2026-02-07T01:54:26.577+0000] {dag.py:3089} INFO - Sync 1 DAGs
[2026-02-07T01:54:26.625+0000] {logging_mixin.py:188} INFO - [2026-02-07T01:54:26.625+0000] {dag.py:3947} INFO - Setting next_dagrun for global_index_minio to 2026-02-07 00:00:00+00:00, run_after=2026-02-08 00:00:00+00:00
[2026-02-07T01:54:26.655+0000] {processor.py:183} INFO - Processing /opt/airflow/dags/dl_global_index.py took 0.208 seconds
[2026-02-07T01:54:56.842+0000] {processor.py:161} INFO - Started process (PID=2783) to work on /opt/airflow/dags/dl_global_index.py
[2026-02-07T01:54:56.842+0000] {processor.py:830} INFO - Processing file /opt/airflow/dags/dl_global_index.py for tasks to queue
[2026-02-07T01:54:56.843+0000] {logging_mixin.py:188} INFO - [2026-02-07T01:54:56.843+0000] {dagbag.py:545} INFO - Filling up the DagBag from /opt/airflow/dags/dl_global_index.py
[2026-02-07T01:54:56.875+0000] {processor.py:840} INFO - DAG(s) 'global_index_minio' retrieved from /opt/airflow/dags/dl_global_index.py
[2026-02-07T01:54:56.904+0000] {logging_mixin.py:188} INFO - [2026-02-07T01:54:56.904+0000] {dag.py:3089} INFO - Sync 1 DAGs
[2026-02-07T01:54:56.925+0000] {logging_mixin.py:188} INFO - [2026-02-07T01:54:56.925+0000] {dag.py:3947} INFO - Setting next_dagrun for global_index_minio to 2026-02-07 00:00:00+00:00, run_after=2026-02-08 00:00:00+00:00
[2026-02-07T01:54:56.945+0000] {processor.py:183} INFO - Processing /opt/airflow/dags/dl_global_index.py took 0.109 seconds
[2026-02-07T01:55:27.327+0000] {processor.py:161} INFO - Started process (PID=2820) to work on /opt/airflow/dags/dl_global_index.py
[2026-02-07T01:55:27.328+0000] {processor.py:830} INFO - Processing file /opt/airflow/dags/dl_global_index.py for tasks to queue
[2026-02-07T01:55:27.330+0000] {logging_mixin.py:188} INFO - [2026-02-07T01:55:27.329+0000] {dagbag.py:545} INFO - Filling up the DagBag from /opt/airflow/dags/dl_global_index.py
[2026-02-07T01:55:27.375+0000] {processor.py:840} INFO - DAG(s) 'global_index_minio' retrieved from /opt/airflow/dags/dl_global_index.py
[2026-02-07T01:55:27.408+0000] {logging_mixin.py:188} INFO - [2026-02-07T01:55:27.407+0000] {dag.py:3089} INFO - Sync 1 DAGs
[2026-02-07T01:55:27.438+0000] {logging_mixin.py:188} INFO - [2026-02-07T01:55:27.438+0000] {dag.py:3947} INFO - Setting next_dagrun for global_index_minio to 2026-02-07 00:00:00+00:00, run_after=2026-02-08 00:00:00+00:00
[2026-02-07T01:55:27.487+0000] {processor.py:183} INFO - Processing /opt/airflow/dags/dl_global_index.py took 0.172 seconds
[2026-02-07T01:55:57.782+0000] {processor.py:161} INFO - Started process (PID=2844) to work on /opt/airflow/dags/dl_global_index.py
[2026-02-07T01:55:57.783+0000] {processor.py:830} INFO - Processing file /opt/airflow/dags/dl_global_index.py for tasks to queue
[2026-02-07T01:55:57.784+0000] {logging_mixin.py:188} INFO - [2026-02-07T01:55:57.784+0000] {dagbag.py:545} INFO - Filling up the DagBag from /opt/airflow/dags/dl_global_index.py
[2026-02-07T01:55:57.811+0000] {processor.py:840} INFO - DAG(s) 'global_index_minio' retrieved from /opt/airflow/dags/dl_global_index.py
[2026-02-07T01:55:57.834+0000] {logging_mixin.py:188} INFO - [2026-02-07T01:55:57.834+0000] {dag.py:3089} INFO - Sync 1 DAGs
[2026-02-07T01:55:57.855+0000] {logging_mixin.py:188} INFO - [2026-02-07T01:55:57.855+0000] {dag.py:3947} INFO - Setting next_dagrun for global_index_minio to 2026-02-07 00:00:00+00:00, run_after=2026-02-08 00:00:00+00:00
[2026-02-07T01:55:57.900+0000] {processor.py:183} INFO - Processing /opt/airflow/dags/dl_global_index.py took 0.123 seconds
[2026-02-07T01:56:28.849+0000] {processor.py:161} INFO - Started process (PID=2868) to work on /opt/airflow/dags/dl_global_index.py
[2026-02-07T01:56:28.849+0000] {processor.py:830} INFO - Processing file /opt/airflow/dags/dl_global_index.py for tasks to queue
[2026-02-07T01:56:28.850+0000] {logging_mixin.py:188} INFO - [2026-02-07T01:56:28.850+0000] {dagbag.py:545} INFO - Filling up the DagBag from /opt/airflow/dags/dl_global_index.py
[2026-02-07T01:56:28.877+0000] {processor.py:840} INFO - DAG(s) 'global_index_minio' retrieved from /opt/airflow/dags/dl_global_index.py
[2026-02-07T01:56:28.900+0000] {logging_mixin.py:188} INFO - [2026-02-07T01:56:28.900+0000] {dag.py:3089} INFO - Sync 1 DAGs
[2026-02-07T01:56:29.168+0000] {logging_mixin.py:188} INFO - [2026-02-07T01:56:29.165+0000] {dag.py:3947} INFO - Setting next_dagrun for global_index_minio to 2026-02-07 00:00:00+00:00, run_after=2026-02-08 00:00:00+00:00
[2026-02-07T01:56:29.195+0000] {processor.py:183} INFO - Processing /opt/airflow/dags/dl_global_index.py took 0.351 seconds
[2026-02-07T01:57:02.862+0000] {processor.py:161} INFO - Started process (PID=2892) to work on /opt/airflow/dags/dl_global_index.py
[2026-02-07T01:57:02.863+0000] {processor.py:830} INFO - Processing file /opt/airflow/dags/dl_global_index.py for tasks to queue
[2026-02-07T01:57:02.864+0000] {logging_mixin.py:188} INFO - [2026-02-07T01:57:02.864+0000] {dagbag.py:545} INFO - Filling up the DagBag from /opt/airflow/dags/dl_global_index.py
[2026-02-07T01:57:02.898+0000] {processor.py:840} INFO - DAG(s) 'global_index_minio' retrieved from /opt/airflow/dags/dl_global_index.py
[2026-02-07T01:57:02.926+0000] {logging_mixin.py:188} INFO - [2026-02-07T01:57:02.926+0000] {dag.py:3089} INFO - Sync 1 DAGs
[2026-02-07T01:57:02.953+0000] {logging_mixin.py:188} INFO - [2026-02-07T01:57:02.953+0000] {dag.py:3947} INFO - Setting next_dagrun for global_index_minio to 2026-02-07 00:00:00+00:00, run_after=2026-02-08 00:00:00+00:00
[2026-02-07T01:57:02.978+0000] {processor.py:183} INFO - Processing /opt/airflow/dags/dl_global_index.py took 0.124 seconds
[2026-02-07T01:57:33.822+0000] {processor.py:161} INFO - Started process (PID=2916) to work on /opt/airflow/dags/dl_global_index.py
[2026-02-07T01:57:33.823+0000] {processor.py:830} INFO - Processing file /opt/airflow/dags/dl_global_index.py for tasks to queue
[2026-02-07T01:57:33.824+0000] {logging_mixin.py:188} INFO - [2026-02-07T01:57:33.824+0000] {dagbag.py:545} INFO - Filling up the DagBag from /opt/airflow/dags/dl_global_index.py
[2026-02-07T01:57:33.864+0000] {processor.py:840} INFO - DAG(s) 'global_index_minio' retrieved from /opt/airflow/dags/dl_global_index.py
[2026-02-07T01:57:33.893+0000] {logging_mixin.py:188} INFO - [2026-02-07T01:57:33.892+0000] {dag.py:3089} INFO - Sync 1 DAGs
[2026-02-07T01:57:33.918+0000] {logging_mixin.py:188} INFO - [2026-02-07T01:57:33.917+0000] {dag.py:3947} INFO - Setting next_dagrun for global_index_minio to 2026-02-07 00:00:00+00:00, run_after=2026-02-08 00:00:00+00:00
[2026-02-07T01:57:33.943+0000] {processor.py:183} INFO - Processing /opt/airflow/dags/dl_global_index.py took 0.131 seconds
[2026-02-07T01:58:04.737+0000] {processor.py:161} INFO - Started process (PID=2940) to work on /opt/airflow/dags/dl_global_index.py
[2026-02-07T01:58:04.738+0000] {processor.py:830} INFO - Processing file /opt/airflow/dags/dl_global_index.py for tasks to queue
[2026-02-07T01:58:04.739+0000] {logging_mixin.py:188} INFO - [2026-02-07T01:58:04.739+0000] {dagbag.py:545} INFO - Filling up the DagBag from /opt/airflow/dags/dl_global_index.py
[2026-02-07T01:58:04.767+0000] {processor.py:840} INFO - DAG(s) 'global_index_minio' retrieved from /opt/airflow/dags/dl_global_index.py
[2026-02-07T01:58:04.791+0000] {logging_mixin.py:188} INFO - [2026-02-07T01:58:04.791+0000] {dag.py:3089} INFO - Sync 1 DAGs
[2026-02-07T01:58:04.813+0000] {logging_mixin.py:188} INFO - [2026-02-07T01:58:04.812+0000] {dag.py:3947} INFO - Setting next_dagrun for global_index_minio to 2026-02-07 00:00:00+00:00, run_after=2026-02-08 00:00:00+00:00
[2026-02-07T01:58:04.838+0000] {processor.py:183} INFO - Processing /opt/airflow/dags/dl_global_index.py took 0.105 seconds
[2026-02-07T01:58:35.715+0000] {processor.py:161} INFO - Started process (PID=2964) to work on /opt/airflow/dags/dl_global_index.py
[2026-02-07T01:58:35.716+0000] {processor.py:830} INFO - Processing file /opt/airflow/dags/dl_global_index.py for tasks to queue
[2026-02-07T01:58:35.718+0000] {logging_mixin.py:188} INFO - [2026-02-07T01:58:35.717+0000] {dagbag.py:545} INFO - Filling up the DagBag from /opt/airflow/dags/dl_global_index.py
[2026-02-07T01:58:35.780+0000] {processor.py:840} INFO - DAG(s) 'global_index_minio' retrieved from /opt/airflow/dags/dl_global_index.py
[2026-02-07T01:58:35.838+0000] {logging_mixin.py:188} INFO - [2026-02-07T01:58:35.837+0000] {dag.py:3089} INFO - Sync 1 DAGs
[2026-02-07T01:58:35.881+0000] {logging_mixin.py:188} INFO - [2026-02-07T01:58:35.880+0000] {dag.py:3947} INFO - Setting next_dagrun for global_index_minio to 2026-02-07 00:00:00+00:00, run_after=2026-02-08 00:00:00+00:00
[2026-02-07T01:58:35.920+0000] {processor.py:183} INFO - Processing /opt/airflow/dags/dl_global_index.py took 0.216 seconds
[2026-02-07T01:59:06.444+0000] {processor.py:161} INFO - Started process (PID=2988) to work on /opt/airflow/dags/dl_global_index.py
[2026-02-07T01:59:06.445+0000] {processor.py:830} INFO - Processing file /opt/airflow/dags/dl_global_index.py for tasks to queue
[2026-02-07T01:59:06.447+0000] {logging_mixin.py:188} INFO - [2026-02-07T01:59:06.447+0000] {dagbag.py:545} INFO - Filling up the DagBag from /opt/airflow/dags/dl_global_index.py
[2026-02-07T01:59:06.495+0000] {processor.py:840} INFO - DAG(s) 'global_index_minio' retrieved from /opt/airflow/dags/dl_global_index.py
[2026-02-07T01:59:06.548+0000] {logging_mixin.py:188} INFO - [2026-02-07T01:59:06.548+0000] {dag.py:3089} INFO - Sync 1 DAGs
[2026-02-07T01:59:06.592+0000] {logging_mixin.py:188} INFO - [2026-02-07T01:59:06.591+0000] {dag.py:3947} INFO - Setting next_dagrun for global_index_minio to 2026-02-07 00:00:00+00:00, run_after=2026-02-08 00:00:00+00:00
[2026-02-07T01:59:06.626+0000] {processor.py:183} INFO - Processing /opt/airflow/dags/dl_global_index.py took 0.193 seconds
[2026-02-07T01:59:37.130+0000] {processor.py:161} INFO - Started process (PID=3020) to work on /opt/airflow/dags/dl_global_index.py
[2026-02-07T01:59:37.132+0000] {processor.py:830} INFO - Processing file /opt/airflow/dags/dl_global_index.py for tasks to queue
[2026-02-07T01:59:37.133+0000] {logging_mixin.py:188} INFO - [2026-02-07T01:59:37.132+0000] {dagbag.py:545} INFO - Filling up the DagBag from /opt/airflow/dags/dl_global_index.py
[2026-02-07T01:59:37.173+0000] {processor.py:840} INFO - DAG(s) 'global_index_minio' retrieved from /opt/airflow/dags/dl_global_index.py
[2026-02-07T01:59:37.214+0000] {logging_mixin.py:188} INFO - [2026-02-07T01:59:37.214+0000] {dag.py:3089} INFO - Sync 1 DAGs
[2026-02-07T01:59:37.246+0000] {logging_mixin.py:188} INFO - [2026-02-07T01:59:37.246+0000] {dag.py:3947} INFO - Setting next_dagrun for global_index_minio to 2026-02-07 00:00:00+00:00, run_after=2026-02-08 00:00:00+00:00
[2026-02-07T01:59:37.282+0000] {processor.py:183} INFO - Processing /opt/airflow/dags/dl_global_index.py took 0.160 seconds
[2026-02-07T02:00:08.953+0000] {processor.py:161} INFO - Started process (PID=3045) to work on /opt/airflow/dags/dl_global_index.py
[2026-02-07T02:00:08.954+0000] {processor.py:830} INFO - Processing file /opt/airflow/dags/dl_global_index.py for tasks to queue
[2026-02-07T02:00:08.957+0000] {logging_mixin.py:188} INFO - [2026-02-07T02:00:08.956+0000] {dagbag.py:545} INFO - Filling up the DagBag from /opt/airflow/dags/dl_global_index.py
[2026-02-07T02:00:09.020+0000] {processor.py:840} INFO - DAG(s) 'global_index_minio' retrieved from /opt/airflow/dags/dl_global_index.py
[2026-02-07T02:00:09.075+0000] {logging_mixin.py:188} INFO - [2026-02-07T02:00:09.075+0000] {dag.py:3089} INFO - Sync 1 DAGs
[2026-02-07T02:00:09.135+0000] {logging_mixin.py:188} INFO - [2026-02-07T02:00:09.135+0000] {dag.py:3947} INFO - Setting next_dagrun for global_index_minio to 2026-02-07 00:00:00+00:00, run_after=2026-02-08 00:00:00+00:00
[2026-02-07T02:00:09.187+0000] {processor.py:183} INFO - Processing /opt/airflow/dags/dl_global_index.py took 0.247 seconds
[2026-02-07T02:00:55.136+0000] {processor.py:161} INFO - Started process (PID=3075) to work on /opt/airflow/dags/dl_global_index.py
[2026-02-07T02:00:55.138+0000] {processor.py:830} INFO - Processing file /opt/airflow/dags/dl_global_index.py for tasks to queue
[2026-02-07T02:00:55.139+0000] {logging_mixin.py:188} INFO - [2026-02-07T02:00:55.139+0000] {dagbag.py:545} INFO - Filling up the DagBag from /opt/airflow/dags/dl_global_index.py
[2026-02-07T02:00:55.192+0000] {processor.py:840} INFO - DAG(s) 'global_index_minio' retrieved from /opt/airflow/dags/dl_global_index.py
[2026-02-07T02:00:55.238+0000] {logging_mixin.py:188} INFO - [2026-02-07T02:00:55.237+0000] {dag.py:3089} INFO - Sync 1 DAGs
[2026-02-07T02:00:55.287+0000] {logging_mixin.py:188} INFO - [2026-02-07T02:00:55.287+0000] {dag.py:3947} INFO - Setting next_dagrun for global_index_minio to 2026-02-07 00:00:00+00:00, run_after=2026-02-08 00:00:00+00:00
[2026-02-07T02:00:55.325+0000] {processor.py:183} INFO - Processing /opt/airflow/dags/dl_global_index.py took 0.198 seconds
[2026-02-07T02:01:25.962+0000] {processor.py:161} INFO - Started process (PID=3100) to work on /opt/airflow/dags/dl_global_index.py
[2026-02-07T02:01:25.963+0000] {processor.py:830} INFO - Processing file /opt/airflow/dags/dl_global_index.py for tasks to queue
[2026-02-07T02:01:25.965+0000] {logging_mixin.py:188} INFO - [2026-02-07T02:01:25.964+0000] {dagbag.py:545} INFO - Filling up the DagBag from /opt/airflow/dags/dl_global_index.py
[2026-02-07T02:01:26.013+0000] {processor.py:840} INFO - DAG(s) 'global_index_minio' retrieved from /opt/airflow/dags/dl_global_index.py
[2026-02-07T02:01:26.049+0000] {logging_mixin.py:188} INFO - [2026-02-07T02:01:26.049+0000] {dag.py:3089} INFO - Sync 1 DAGs
[2026-02-07T02:01:26.100+0000] {logging_mixin.py:188} INFO - [2026-02-07T02:01:26.099+0000] {dag.py:3947} INFO - Setting next_dagrun for global_index_minio to 2026-02-07 00:00:00+00:00, run_after=2026-02-08 00:00:00+00:00
[2026-02-07T02:01:26.158+0000] {processor.py:183} INFO - Processing /opt/airflow/dags/dl_global_index.py took 0.204 seconds
[2026-02-07T02:01:57.040+0000] {processor.py:161} INFO - Started process (PID=3124) to work on /opt/airflow/dags/dl_global_index.py
[2026-02-07T02:01:57.044+0000] {processor.py:830} INFO - Processing file /opt/airflow/dags/dl_global_index.py for tasks to queue
[2026-02-07T02:01:57.046+0000] {logging_mixin.py:188} INFO - [2026-02-07T02:01:57.046+0000] {dagbag.py:545} INFO - Filling up the DagBag from /opt/airflow/dags/dl_global_index.py
[2026-02-07T02:01:57.106+0000] {processor.py:840} INFO - DAG(s) 'global_index_minio' retrieved from /opt/airflow/dags/dl_global_index.py
[2026-02-07T02:01:57.164+0000] {logging_mixin.py:188} INFO - [2026-02-07T02:01:57.163+0000] {dag.py:3089} INFO - Sync 1 DAGs
[2026-02-07T02:01:57.273+0000] {logging_mixin.py:188} INFO - [2026-02-07T02:01:57.272+0000] {dag.py:3947} INFO - Setting next_dagrun for global_index_minio to 2026-02-07 00:00:00+00:00, run_after=2026-02-08 00:00:00+00:00
[2026-02-07T02:01:57.412+0000] {processor.py:183} INFO - Processing /opt/airflow/dags/dl_global_index.py took 0.392 seconds
[2026-02-07T02:02:28.009+0000] {processor.py:161} INFO - Started process (PID=3148) to work on /opt/airflow/dags/dl_global_index.py
[2026-02-07T02:02:28.012+0000] {processor.py:830} INFO - Processing file /opt/airflow/dags/dl_global_index.py for tasks to queue
[2026-02-07T02:02:28.015+0000] {logging_mixin.py:188} INFO - [2026-02-07T02:02:28.014+0000] {dagbag.py:545} INFO - Filling up the DagBag from /opt/airflow/dags/dl_global_index.py
[2026-02-07T02:02:28.077+0000] {processor.py:840} INFO - DAG(s) 'global_index_minio' retrieved from /opt/airflow/dags/dl_global_index.py
[2026-02-07T02:02:28.196+0000] {logging_mixin.py:188} INFO - [2026-02-07T02:02:28.195+0000] {dag.py:3089} INFO - Sync 1 DAGs
[2026-02-07T02:02:28.257+0000] {logging_mixin.py:188} INFO - [2026-02-07T02:02:28.257+0000] {dag.py:3947} INFO - Setting next_dagrun for global_index_minio to 2026-02-07 00:00:00+00:00, run_after=2026-02-08 00:00:00+00:00
[2026-02-07T02:02:28.311+0000] {processor.py:183} INFO - Processing /opt/airflow/dags/dl_global_index.py took 0.317 seconds
[2026-02-07T02:03:02.562+0000] {processor.py:161} INFO - Started process (PID=3166) to work on /opt/airflow/dags/dl_global_index.py
[2026-02-07T02:03:02.563+0000] {processor.py:830} INFO - Processing file /opt/airflow/dags/dl_global_index.py for tasks to queue
[2026-02-07T02:03:02.564+0000] {logging_mixin.py:188} INFO - [2026-02-07T02:03:02.564+0000] {dagbag.py:545} INFO - Filling up the DagBag from /opt/airflow/dags/dl_global_index.py
[2026-02-07T02:03:02.620+0000] {processor.py:840} INFO - DAG(s) 'global_index_minio' retrieved from /opt/airflow/dags/dl_global_index.py
[2026-02-07T02:03:02.684+0000] {logging_mixin.py:188} INFO - [2026-02-07T02:03:02.682+0000] {dag.py:3089} INFO - Sync 1 DAGs
[2026-02-07T02:03:02.735+0000] {logging_mixin.py:188} INFO - [2026-02-07T02:03:02.734+0000] {dag.py:3947} INFO - Setting next_dagrun for global_index_minio to 2026-02-07 00:00:00+00:00, run_after=2026-02-08 00:00:00+00:00
[2026-02-07T02:03:02.793+0000] {processor.py:183} INFO - Processing /opt/airflow/dags/dl_global_index.py took 0.241 seconds
[2026-02-07T02:03:34.152+0000] {processor.py:161} INFO - Started process (PID=3203) to work on /opt/airflow/dags/dl_global_index.py
[2026-02-07T02:03:34.156+0000] {processor.py:830} INFO - Processing file /opt/airflow/dags/dl_global_index.py for tasks to queue
[2026-02-07T02:03:34.158+0000] {logging_mixin.py:188} INFO - [2026-02-07T02:03:34.158+0000] {dagbag.py:545} INFO - Filling up the DagBag from /opt/airflow/dags/dl_global_index.py
[2026-02-07T02:03:34.246+0000] {processor.py:840} INFO - DAG(s) 'global_index_minio' retrieved from /opt/airflow/dags/dl_global_index.py
[2026-02-07T02:03:34.321+0000] {logging_mixin.py:188} INFO - [2026-02-07T02:03:34.321+0000] {dag.py:3089} INFO - Sync 1 DAGs
[2026-02-07T02:03:34.376+0000] {logging_mixin.py:188} INFO - [2026-02-07T02:03:34.376+0000] {dag.py:3947} INFO - Setting next_dagrun for global_index_minio to 2026-02-07 00:00:00+00:00, run_after=2026-02-08 00:00:00+00:00
[2026-02-07T02:03:34.426+0000] {processor.py:183} INFO - Processing /opt/airflow/dags/dl_global_index.py took 0.287 seconds
[2026-02-07T02:04:04.972+0000] {processor.py:161} INFO - Started process (PID=3227) to work on /opt/airflow/dags/dl_global_index.py
[2026-02-07T02:04:04.973+0000] {processor.py:830} INFO - Processing file /opt/airflow/dags/dl_global_index.py for tasks to queue
[2026-02-07T02:04:04.974+0000] {logging_mixin.py:188} INFO - [2026-02-07T02:04:04.973+0000] {dagbag.py:545} INFO - Filling up the DagBag from /opt/airflow/dags/dl_global_index.py
[2026-02-07T02:04:05.007+0000] {processor.py:840} INFO - DAG(s) 'global_index_minio' retrieved from /opt/airflow/dags/dl_global_index.py
[2026-02-07T02:04:05.043+0000] {logging_mixin.py:188} INFO - [2026-02-07T02:04:05.042+0000] {dag.py:3089} INFO - Sync 1 DAGs
[2026-02-07T02:04:05.077+0000] {logging_mixin.py:188} INFO - [2026-02-07T02:04:05.077+0000] {dag.py:3947} INFO - Setting next_dagrun for global_index_minio to 2026-02-07 00:00:00+00:00, run_after=2026-02-08 00:00:00+00:00
[2026-02-07T02:04:05.111+0000] {processor.py:183} INFO - Processing /opt/airflow/dags/dl_global_index.py took 0.146 seconds
[2026-02-07T02:04:35.915+0000] {processor.py:161} INFO - Started process (PID=3251) to work on /opt/airflow/dags/dl_global_index.py
[2026-02-07T02:04:35.917+0000] {processor.py:830} INFO - Processing file /opt/airflow/dags/dl_global_index.py for tasks to queue
[2026-02-07T02:04:35.919+0000] {logging_mixin.py:188} INFO - [2026-02-07T02:04:35.918+0000] {dagbag.py:545} INFO - Filling up the DagBag from /opt/airflow/dags/dl_global_index.py
[2026-02-07T02:04:35.998+0000] {processor.py:840} INFO - DAG(s) 'global_index_minio' retrieved from /opt/airflow/dags/dl_global_index.py
[2026-02-07T02:04:36.095+0000] {logging_mixin.py:188} INFO - [2026-02-07T02:04:36.094+0000] {dag.py:3089} INFO - Sync 1 DAGs
[2026-02-07T02:04:36.159+0000] {logging_mixin.py:188} INFO - [2026-02-07T02:04:36.158+0000] {dag.py:3947} INFO - Setting next_dagrun for global_index_minio to 2026-02-07 00:00:00+00:00, run_after=2026-02-08 00:00:00+00:00
[2026-02-07T02:04:36.193+0000] {processor.py:183} INFO - Processing /opt/airflow/dags/dl_global_index.py took 0.289 seconds
[2026-02-07T02:05:06.903+0000] {processor.py:161} INFO - Started process (PID=3275) to work on /opt/airflow/dags/dl_global_index.py
[2026-02-07T02:05:06.904+0000] {processor.py:830} INFO - Processing file /opt/airflow/dags/dl_global_index.py for tasks to queue
[2026-02-07T02:05:06.905+0000] {logging_mixin.py:188} INFO - [2026-02-07T02:05:06.904+0000] {dagbag.py:545} INFO - Filling up the DagBag from /opt/airflow/dags/dl_global_index.py
[2026-02-07T02:05:06.940+0000] {processor.py:840} INFO - DAG(s) 'global_index_minio' retrieved from /opt/airflow/dags/dl_global_index.py
[2026-02-07T02:05:06.972+0000] {logging_mixin.py:188} INFO - [2026-02-07T02:05:06.972+0000] {dag.py:3089} INFO - Sync 1 DAGs
[2026-02-07T02:05:06.998+0000] {logging_mixin.py:188} INFO - [2026-02-07T02:05:06.998+0000] {dag.py:3947} INFO - Setting next_dagrun for global_index_minio to 2026-02-07 00:00:00+00:00, run_after=2026-02-08 00:00:00+00:00
[2026-02-07T02:05:07.023+0000] {processor.py:183} INFO - Processing /opt/airflow/dags/dl_global_index.py took 0.128 seconds
[2026-02-07T02:06:00.998+0000] {processor.py:161} INFO - Started process (PID=3305) to work on /opt/airflow/dags/dl_global_index.py
[2026-02-07T02:06:00.999+0000] {processor.py:830} INFO - Processing file /opt/airflow/dags/dl_global_index.py for tasks to queue
[2026-02-07T02:06:01.000+0000] {logging_mixin.py:188} INFO - [2026-02-07T02:06:01.000+0000] {dagbag.py:545} INFO - Filling up the DagBag from /opt/airflow/dags/dl_global_index.py
[2026-02-07T02:06:01.025+0000] {processor.py:840} INFO - DAG(s) 'global_index_minio' retrieved from /opt/airflow/dags/dl_global_index.py
[2026-02-07T02:06:01.048+0000] {logging_mixin.py:188} INFO - [2026-02-07T02:06:01.048+0000] {dag.py:3089} INFO - Sync 1 DAGs
[2026-02-07T02:06:01.069+0000] {logging_mixin.py:188} INFO - [2026-02-07T02:06:01.069+0000] {dag.py:3947} INFO - Setting next_dagrun for global_index_minio to 2026-02-07 00:00:00+00:00, run_after=2026-02-08 00:00:00+00:00
[2026-02-07T02:06:01.089+0000] {processor.py:183} INFO - Processing /opt/airflow/dags/dl_global_index.py took 0.096 seconds
[2026-02-07T02:06:32.797+0000] {processor.py:161} INFO - Started process (PID=3330) to work on /opt/airflow/dags/dl_global_index.py
[2026-02-07T02:06:32.798+0000] {processor.py:830} INFO - Processing file /opt/airflow/dags/dl_global_index.py for tasks to queue
[2026-02-07T02:06:32.799+0000] {logging_mixin.py:188} INFO - [2026-02-07T02:06:32.799+0000] {dagbag.py:545} INFO - Filling up the DagBag from /opt/airflow/dags/dl_global_index.py
[2026-02-07T02:06:32.842+0000] {processor.py:840} INFO - DAG(s) 'global_index_minio' retrieved from /opt/airflow/dags/dl_global_index.py
[2026-02-07T02:06:32.878+0000] {logging_mixin.py:188} INFO - [2026-02-07T02:06:32.877+0000] {dag.py:3089} INFO - Sync 1 DAGs
[2026-02-07T02:06:32.964+0000] {logging_mixin.py:188} INFO - [2026-02-07T02:06:32.960+0000] {dag.py:3947} INFO - Setting next_dagrun for global_index_minio to 2026-02-07 00:00:00+00:00, run_after=2026-02-08 00:00:00+00:00
[2026-02-07T02:06:33.029+0000] {processor.py:183} INFO - Processing /opt/airflow/dags/dl_global_index.py took 0.241 seconds
[2026-02-07T02:07:03.430+0000] {processor.py:161} INFO - Started process (PID=3354) to work on /opt/airflow/dags/dl_global_index.py
[2026-02-07T02:07:03.431+0000] {processor.py:830} INFO - Processing file /opt/airflow/dags/dl_global_index.py for tasks to queue
[2026-02-07T02:07:03.432+0000] {logging_mixin.py:188} INFO - [2026-02-07T02:07:03.432+0000] {dagbag.py:545} INFO - Filling up the DagBag from /opt/airflow/dags/dl_global_index.py
[2026-02-07T02:07:03.460+0000] {processor.py:840} INFO - DAG(s) 'global_index_minio' retrieved from /opt/airflow/dags/dl_global_index.py
[2026-02-07T02:07:03.484+0000] {logging_mixin.py:188} INFO - [2026-02-07T02:07:03.484+0000] {dag.py:3089} INFO - Sync 1 DAGs
[2026-02-07T02:07:03.507+0000] {logging_mixin.py:188} INFO - [2026-02-07T02:07:03.507+0000] {dag.py:3947} INFO - Setting next_dagrun for global_index_minio to 2026-02-07 00:00:00+00:00, run_after=2026-02-08 00:00:00+00:00
[2026-02-07T02:07:03.532+0000] {processor.py:183} INFO - Processing /opt/airflow/dags/dl_global_index.py took 0.107 seconds
[2026-02-07T02:08:06.138+0000] {processor.py:161} INFO - Started process (PID=3378) to work on /opt/airflow/dags/dl_global_index.py
[2026-02-07T02:08:06.139+0000] {processor.py:830} INFO - Processing file /opt/airflow/dags/dl_global_index.py for tasks to queue
[2026-02-07T02:08:06.141+0000] {logging_mixin.py:188} INFO - [2026-02-07T02:08:06.141+0000] {dagbag.py:545} INFO - Filling up the DagBag from /opt/airflow/dags/dl_global_index.py
[2026-02-07T02:08:06.226+0000] {processor.py:840} INFO - DAG(s) 'global_index_minio' retrieved from /opt/airflow/dags/dl_global_index.py
[2026-02-07T02:08:06.344+0000] {logging_mixin.py:188} INFO - [2026-02-07T02:08:06.343+0000] {dag.py:3089} INFO - Sync 1 DAGs
[2026-02-07T02:08:06.386+0000] {logging_mixin.py:188} INFO - [2026-02-07T02:08:06.385+0000] {dag.py:3947} INFO - Setting next_dagrun for global_index_minio to 2026-02-07 00:00:00+00:00, run_after=2026-02-08 00:00:00+00:00
[2026-02-07T02:08:06.417+0000] {processor.py:183} INFO - Processing /opt/airflow/dags/dl_global_index.py took 0.296 seconds
[2026-02-07T02:08:36.699+0000] {processor.py:161} INFO - Started process (PID=3412) to work on /opt/airflow/dags/dl_global_index.py
[2026-02-07T02:08:36.700+0000] {processor.py:830} INFO - Processing file /opt/airflow/dags/dl_global_index.py for tasks to queue
[2026-02-07T02:08:36.702+0000] {logging_mixin.py:188} INFO - [2026-02-07T02:08:36.702+0000] {dagbag.py:545} INFO - Filling up the DagBag from /opt/airflow/dags/dl_global_index.py
[2026-02-07T02:08:36.807+0000] {processor.py:840} INFO - DAG(s) 'global_index_minio' retrieved from /opt/airflow/dags/dl_global_index.py
[2026-02-07T02:08:36.848+0000] {logging_mixin.py:188} INFO - [2026-02-07T02:08:36.848+0000] {dag.py:3089} INFO - Sync 1 DAGs
[2026-02-07T02:08:36.877+0000] {logging_mixin.py:188} INFO - [2026-02-07T02:08:36.877+0000] {dag.py:3947} INFO - Setting next_dagrun for global_index_minio to 2026-02-07 00:00:00+00:00, run_after=2026-02-08 00:00:00+00:00
[2026-02-07T02:08:36.903+0000] {processor.py:183} INFO - Processing /opt/airflow/dags/dl_global_index.py took 0.215 seconds
[2026-02-07T02:09:53.439+0000] {processor.py:161} INFO - Started process (PID=84) to work on /opt/airflow/dags/dl_global_index.py
[2026-02-07T02:09:53.440+0000] {processor.py:830} INFO - Processing file /opt/airflow/dags/dl_global_index.py for tasks to queue
[2026-02-07T02:09:53.441+0000] {logging_mixin.py:188} INFO - [2026-02-07T02:09:53.441+0000] {dagbag.py:545} INFO - Filling up the DagBag from /opt/airflow/dags/dl_global_index.py
[2026-02-07T02:09:53.486+0000] {processor.py:840} INFO - DAG(s) 'global_index_minio' retrieved from /opt/airflow/dags/dl_global_index.py
[2026-02-07T02:09:53.522+0000] {logging_mixin.py:188} INFO - [2026-02-07T02:09:53.522+0000] {dag.py:3089} INFO - Sync 1 DAGs
[2026-02-07T02:09:53.572+0000] {logging_mixin.py:188} INFO - [2026-02-07T02:09:53.571+0000] {dag.py:3947} INFO - Setting next_dagrun for global_index_minio to 2026-02-07 00:00:00+00:00, run_after=2026-02-08 00:00:00+00:00
[2026-02-07T02:09:53.612+0000] {processor.py:183} INFO - Processing /opt/airflow/dags/dl_global_index.py took 0.180 seconds
[2026-02-07T02:10:23.855+0000] {processor.py:161} INFO - Started process (PID=108) to work on /opt/airflow/dags/dl_global_index.py
[2026-02-07T02:10:23.855+0000] {processor.py:830} INFO - Processing file /opt/airflow/dags/dl_global_index.py for tasks to queue
[2026-02-07T02:10:23.856+0000] {logging_mixin.py:188} INFO - [2026-02-07T02:10:23.856+0000] {dagbag.py:545} INFO - Filling up the DagBag from /opt/airflow/dags/dl_global_index.py
[2026-02-07T02:10:23.883+0000] {processor.py:840} INFO - DAG(s) 'global_index_minio' retrieved from /opt/airflow/dags/dl_global_index.py
[2026-02-07T02:10:23.906+0000] {logging_mixin.py:188} INFO - [2026-02-07T02:10:23.906+0000] {dag.py:3089} INFO - Sync 1 DAGs
[2026-02-07T02:10:23.937+0000] {logging_mixin.py:188} INFO - [2026-02-07T02:10:23.937+0000] {dag.py:3947} INFO - Setting next_dagrun for global_index_minio to 2026-02-07 00:00:00+00:00, run_after=2026-02-08 00:00:00+00:00
[2026-02-07T02:10:23.964+0000] {processor.py:183} INFO - Processing /opt/airflow/dags/dl_global_index.py took 0.114 seconds
[2026-02-07T02:10:55.432+0000] {processor.py:161} INFO - Started process (PID=133) to work on /opt/airflow/dags/dl_global_index.py
[2026-02-07T02:10:55.433+0000] {processor.py:830} INFO - Processing file /opt/airflow/dags/dl_global_index.py for tasks to queue
[2026-02-07T02:10:55.434+0000] {logging_mixin.py:188} INFO - [2026-02-07T02:10:55.434+0000] {dagbag.py:545} INFO - Filling up the DagBag from /opt/airflow/dags/dl_global_index.py
[2026-02-07T02:10:55.483+0000] {processor.py:840} INFO - DAG(s) 'global_index_minio' retrieved from /opt/airflow/dags/dl_global_index.py
[2026-02-07T02:10:55.516+0000] {logging_mixin.py:188} INFO - [2026-02-07T02:10:55.516+0000] {dag.py:3089} INFO - Sync 1 DAGs
[2026-02-07T02:10:55.563+0000] {logging_mixin.py:188} INFO - [2026-02-07T02:10:55.562+0000] {dag.py:3947} INFO - Setting next_dagrun for global_index_minio to 2026-02-07 00:00:00+00:00, run_after=2026-02-08 00:00:00+00:00
[2026-02-07T02:10:55.611+0000] {processor.py:183} INFO - Processing /opt/airflow/dags/dl_global_index.py took 0.188 seconds
[2026-02-07T02:11:26.340+0000] {processor.py:161} INFO - Started process (PID=157) to work on /opt/airflow/dags/dl_global_index.py
[2026-02-07T02:11:26.346+0000] {processor.py:830} INFO - Processing file /opt/airflow/dags/dl_global_index.py for tasks to queue
[2026-02-07T02:11:26.348+0000] {logging_mixin.py:188} INFO - [2026-02-07T02:11:26.347+0000] {dagbag.py:545} INFO - Filling up the DagBag from /opt/airflow/dags/dl_global_index.py
[2026-02-07T02:11:26.401+0000] {processor.py:840} INFO - DAG(s) 'global_index_minio' retrieved from /opt/airflow/dags/dl_global_index.py
[2026-02-07T02:11:26.443+0000] {logging_mixin.py:188} INFO - [2026-02-07T02:11:26.443+0000] {dag.py:3089} INFO - Sync 1 DAGs
[2026-02-07T02:11:26.480+0000] {logging_mixin.py:188} INFO - [2026-02-07T02:11:26.479+0000] {dag.py:3947} INFO - Setting next_dagrun for global_index_minio to 2026-02-07 00:00:00+00:00, run_after=2026-02-08 00:00:00+00:00
[2026-02-07T02:11:26.518+0000] {processor.py:183} INFO - Processing /opt/airflow/dags/dl_global_index.py took 0.186 seconds
[2026-02-07T02:11:56.776+0000] {processor.py:161} INFO - Started process (PID=181) to work on /opt/airflow/dags/dl_global_index.py
[2026-02-07T02:11:56.777+0000] {processor.py:830} INFO - Processing file /opt/airflow/dags/dl_global_index.py for tasks to queue
[2026-02-07T02:11:56.778+0000] {logging_mixin.py:188} INFO - [2026-02-07T02:11:56.778+0000] {dagbag.py:545} INFO - Filling up the DagBag from /opt/airflow/dags/dl_global_index.py
[2026-02-07T02:11:56.812+0000] {processor.py:840} INFO - DAG(s) 'global_index_minio' retrieved from /opt/airflow/dags/dl_global_index.py
[2026-02-07T02:11:56.839+0000] {logging_mixin.py:188} INFO - [2026-02-07T02:11:56.838+0000] {dag.py:3089} INFO - Sync 1 DAGs
[2026-02-07T02:11:56.862+0000] {logging_mixin.py:188} INFO - [2026-02-07T02:11:56.862+0000] {dag.py:3947} INFO - Setting next_dagrun for global_index_minio to 2026-02-07 00:00:00+00:00, run_after=2026-02-08 00:00:00+00:00
[2026-02-07T02:11:56.884+0000] {processor.py:183} INFO - Processing /opt/airflow/dags/dl_global_index.py took 0.114 seconds
[2026-02-07T02:12:27.631+0000] {processor.py:161} INFO - Started process (PID=211) to work on /opt/airflow/dags/dl_global_index.py
[2026-02-07T02:12:27.632+0000] {processor.py:830} INFO - Processing file /opt/airflow/dags/dl_global_index.py for tasks to queue
[2026-02-07T02:12:27.634+0000] {logging_mixin.py:188} INFO - [2026-02-07T02:12:27.633+0000] {dagbag.py:545} INFO - Filling up the DagBag from /opt/airflow/dags/dl_global_index.py
[2026-02-07T02:12:27.681+0000] {processor.py:840} INFO - DAG(s) 'global_index_minio' retrieved from /opt/airflow/dags/dl_global_index.py
[2026-02-07T02:12:27.720+0000] {logging_mixin.py:188} INFO - [2026-02-07T02:12:27.720+0000] {dag.py:3089} INFO - Sync 1 DAGs
[2026-02-07T02:12:27.762+0000] {logging_mixin.py:188} INFO - [2026-02-07T02:12:27.762+0000] {dag.py:3947} INFO - Setting next_dagrun for global_index_minio to 2026-02-07 00:00:00+00:00, run_after=2026-02-08 00:00:00+00:00
[2026-02-07T02:12:27.787+0000] {processor.py:183} INFO - Processing /opt/airflow/dags/dl_global_index.py took 0.165 seconds
[2026-02-07T02:12:57.998+0000] {processor.py:161} INFO - Started process (PID=235) to work on /opt/airflow/dags/dl_global_index.py
[2026-02-07T02:12:57.999+0000] {processor.py:830} INFO - Processing file /opt/airflow/dags/dl_global_index.py for tasks to queue
[2026-02-07T02:12:58.000+0000] {logging_mixin.py:188} INFO - [2026-02-07T02:12:57.999+0000] {dagbag.py:545} INFO - Filling up the DagBag from /opt/airflow/dags/dl_global_index.py
[2026-02-07T02:12:58.033+0000] {processor.py:840} INFO - DAG(s) 'global_index_minio' retrieved from /opt/airflow/dags/dl_global_index.py
[2026-02-07T02:12:58.057+0000] {logging_mixin.py:188} INFO - [2026-02-07T02:12:58.057+0000] {dag.py:3089} INFO - Sync 1 DAGs
[2026-02-07T02:12:58.083+0000] {logging_mixin.py:188} INFO - [2026-02-07T02:12:58.083+0000] {dag.py:3947} INFO - Setting next_dagrun for global_index_minio to 2026-02-07 00:00:00+00:00, run_after=2026-02-08 00:00:00+00:00
[2026-02-07T02:12:58.106+0000] {processor.py:183} INFO - Processing /opt/airflow/dags/dl_global_index.py took 0.113 seconds
[2026-02-07T02:13:28.702+0000] {processor.py:161} INFO - Started process (PID=259) to work on /opt/airflow/dags/dl_global_index.py
[2026-02-07T02:13:28.703+0000] {processor.py:830} INFO - Processing file /opt/airflow/dags/dl_global_index.py for tasks to queue
[2026-02-07T02:13:28.704+0000] {logging_mixin.py:188} INFO - [2026-02-07T02:13:28.704+0000] {dagbag.py:545} INFO - Filling up the DagBag from /opt/airflow/dags/dl_global_index.py
[2026-02-07T02:13:28.738+0000] {processor.py:840} INFO - DAG(s) 'global_index_minio' retrieved from /opt/airflow/dags/dl_global_index.py
[2026-02-07T02:13:28.765+0000] {logging_mixin.py:188} INFO - [2026-02-07T02:13:28.764+0000] {dag.py:3089} INFO - Sync 1 DAGs
[2026-02-07T02:13:28.791+0000] {logging_mixin.py:188} INFO - [2026-02-07T02:13:28.790+0000] {dag.py:3947} INFO - Setting next_dagrun for global_index_minio to 2026-02-07 00:00:00+00:00, run_after=2026-02-08 00:00:00+00:00
[2026-02-07T02:13:28.826+0000] {processor.py:183} INFO - Processing /opt/airflow/dags/dl_global_index.py took 0.133 seconds
[2026-02-07T02:13:59.128+0000] {processor.py:161} INFO - Started process (PID=283) to work on /opt/airflow/dags/dl_global_index.py
[2026-02-07T02:13:59.129+0000] {processor.py:830} INFO - Processing file /opt/airflow/dags/dl_global_index.py for tasks to queue
[2026-02-07T02:13:59.131+0000] {logging_mixin.py:188} INFO - [2026-02-07T02:13:59.130+0000] {dagbag.py:545} INFO - Filling up the DagBag from /opt/airflow/dags/dl_global_index.py
[2026-02-07T02:13:59.178+0000] {processor.py:840} INFO - DAG(s) 'global_index_minio' retrieved from /opt/airflow/dags/dl_global_index.py
[2026-02-07T02:13:59.211+0000] {logging_mixin.py:188} INFO - [2026-02-07T02:13:59.210+0000] {dag.py:3089} INFO - Sync 1 DAGs
[2026-02-07T02:13:59.243+0000] {logging_mixin.py:188} INFO - [2026-02-07T02:13:59.243+0000] {dag.py:3947} INFO - Setting next_dagrun for global_index_minio to 2026-02-07 00:00:00+00:00, run_after=2026-02-08 00:00:00+00:00
[2026-02-07T02:13:59.276+0000] {processor.py:183} INFO - Processing /opt/airflow/dags/dl_global_index.py took 0.157 seconds
[2026-02-07T02:14:29.421+0000] {processor.py:161} INFO - Started process (PID=307) to work on /opt/airflow/dags/dl_global_index.py
[2026-02-07T02:14:29.422+0000] {processor.py:830} INFO - Processing file /opt/airflow/dags/dl_global_index.py for tasks to queue
[2026-02-07T02:14:29.423+0000] {logging_mixin.py:188} INFO - [2026-02-07T02:14:29.423+0000] {dagbag.py:545} INFO - Filling up the DagBag from /opt/airflow/dags/dl_global_index.py
[2026-02-07T02:14:29.455+0000] {processor.py:840} INFO - DAG(s) 'global_index_minio' retrieved from /opt/airflow/dags/dl_global_index.py
[2026-02-07T02:14:29.482+0000] {logging_mixin.py:188} INFO - [2026-02-07T02:14:29.482+0000] {dag.py:3089} INFO - Sync 1 DAGs
[2026-02-07T02:14:29.513+0000] {logging_mixin.py:188} INFO - [2026-02-07T02:14:29.512+0000] {dag.py:3947} INFO - Setting next_dagrun for global_index_minio to 2026-02-07 00:00:00+00:00, run_after=2026-02-08 00:00:00+00:00
[2026-02-07T02:14:29.545+0000] {processor.py:183} INFO - Processing /opt/airflow/dags/dl_global_index.py took 0.130 seconds
[2026-02-07T02:14:59.761+0000] {processor.py:161} INFO - Started process (PID=332) to work on /opt/airflow/dags/dl_global_index.py
[2026-02-07T02:14:59.762+0000] {processor.py:830} INFO - Processing file /opt/airflow/dags/dl_global_index.py for tasks to queue
[2026-02-07T02:14:59.764+0000] {logging_mixin.py:188} INFO - [2026-02-07T02:14:59.763+0000] {dagbag.py:545} INFO - Filling up the DagBag from /opt/airflow/dags/dl_global_index.py
[2026-02-07T02:14:59.798+0000] {processor.py:840} INFO - DAG(s) 'global_index_minio' retrieved from /opt/airflow/dags/dl_global_index.py
[2026-02-07T02:14:59.827+0000] {logging_mixin.py:188} INFO - [2026-02-07T02:14:59.827+0000] {dag.py:3089} INFO - Sync 1 DAGs
[2026-02-07T02:14:59.854+0000] {logging_mixin.py:188} INFO - [2026-02-07T02:14:59.854+0000] {dag.py:3947} INFO - Setting next_dagrun for global_index_minio to 2026-02-07 00:00:00+00:00, run_after=2026-02-08 00:00:00+00:00
[2026-02-07T02:14:59.880+0000] {processor.py:183} INFO - Processing /opt/airflow/dags/dl_global_index.py took 0.125 seconds
[2026-02-07T02:15:30.749+0000] {processor.py:161} INFO - Started process (PID=357) to work on /opt/airflow/dags/dl_global_index.py
[2026-02-07T02:15:30.750+0000] {processor.py:830} INFO - Processing file /opt/airflow/dags/dl_global_index.py for tasks to queue
[2026-02-07T02:15:30.753+0000] {logging_mixin.py:188} INFO - [2026-02-07T02:15:30.752+0000] {dagbag.py:545} INFO - Filling up the DagBag from /opt/airflow/dags/dl_global_index.py
[2026-02-07T02:15:30.809+0000] {processor.py:840} INFO - DAG(s) 'global_index_minio' retrieved from /opt/airflow/dags/dl_global_index.py
[2026-02-07T02:15:30.866+0000] {logging_mixin.py:188} INFO - [2026-02-07T02:15:30.866+0000] {dag.py:3089} INFO - Sync 1 DAGs
[2026-02-07T02:15:30.914+0000] {logging_mixin.py:188} INFO - [2026-02-07T02:15:30.914+0000] {dag.py:3947} INFO - Setting next_dagrun for global_index_minio to 2026-02-07 00:00:00+00:00, run_after=2026-02-08 00:00:00+00:00
[2026-02-07T02:15:30.953+0000] {processor.py:183} INFO - Processing /opt/airflow/dags/dl_global_index.py took 0.211 seconds
[2026-02-07T02:16:01.041+0000] {processor.py:161} INFO - Started process (PID=381) to work on /opt/airflow/dags/dl_global_index.py
[2026-02-07T02:16:01.041+0000] {processor.py:830} INFO - Processing file /opt/airflow/dags/dl_global_index.py for tasks to queue
[2026-02-07T02:16:01.042+0000] {logging_mixin.py:188} INFO - [2026-02-07T02:16:01.042+0000] {dagbag.py:545} INFO - Filling up the DagBag from /opt/airflow/dags/dl_global_index.py
[2026-02-07T02:16:01.070+0000] {processor.py:840} INFO - DAG(s) 'global_index_minio' retrieved from /opt/airflow/dags/dl_global_index.py
[2026-02-07T02:16:01.092+0000] {logging_mixin.py:188} INFO - [2026-02-07T02:16:01.092+0000] {dag.py:3089} INFO - Sync 1 DAGs
[2026-02-07T02:16:01.112+0000] {logging_mixin.py:188} INFO - [2026-02-07T02:16:01.112+0000] {dag.py:3947} INFO - Setting next_dagrun for global_index_minio to 2026-02-07 00:00:00+00:00, run_after=2026-02-08 00:00:00+00:00
[2026-02-07T02:16:01.132+0000] {processor.py:183} INFO - Processing /opt/airflow/dags/dl_global_index.py took 0.097 seconds
[2026-02-07T02:16:31.372+0000] {processor.py:161} INFO - Started process (PID=409) to work on /opt/airflow/dags/dl_global_index.py
[2026-02-07T02:16:31.372+0000] {processor.py:830} INFO - Processing file /opt/airflow/dags/dl_global_index.py for tasks to queue
[2026-02-07T02:16:31.373+0000] {logging_mixin.py:188} INFO - [2026-02-07T02:16:31.373+0000] {dagbag.py:545} INFO - Filling up the DagBag from /opt/airflow/dags/dl_global_index.py
[2026-02-07T02:16:31.405+0000] {processor.py:840} INFO - DAG(s) 'global_index_minio' retrieved from /opt/airflow/dags/dl_global_index.py
[2026-02-07T02:16:31.429+0000] {logging_mixin.py:188} INFO - [2026-02-07T02:16:31.429+0000] {dag.py:3089} INFO - Sync 1 DAGs
[2026-02-07T02:16:31.451+0000] {logging_mixin.py:188} INFO - [2026-02-07T02:16:31.451+0000] {dag.py:3947} INFO - Setting next_dagrun for global_index_minio to 2026-02-07 00:00:00+00:00, run_after=2026-02-08 00:00:00+00:00
[2026-02-07T02:16:31.469+0000] {processor.py:183} INFO - Processing /opt/airflow/dags/dl_global_index.py took 0.103 seconds
[2026-02-07T02:17:01.889+0000] {processor.py:161} INFO - Started process (PID=437) to work on /opt/airflow/dags/dl_global_index.py
[2026-02-07T02:17:01.891+0000] {processor.py:830} INFO - Processing file /opt/airflow/dags/dl_global_index.py for tasks to queue
[2026-02-07T02:17:01.892+0000] {logging_mixin.py:188} INFO - [2026-02-07T02:17:01.891+0000] {dagbag.py:545} INFO - Filling up the DagBag from /opt/airflow/dags/dl_global_index.py
[2026-02-07T02:17:01.925+0000] {processor.py:840} INFO - DAG(s) 'global_index_minio' retrieved from /opt/airflow/dags/dl_global_index.py
[2026-02-07T02:17:01.947+0000] {logging_mixin.py:188} INFO - [2026-02-07T02:17:01.946+0000] {dag.py:3089} INFO - Sync 1 DAGs
[2026-02-07T02:17:01.968+0000] {logging_mixin.py:188} INFO - [2026-02-07T02:17:01.968+0000] {dag.py:3947} INFO - Setting next_dagrun for global_index_minio to 2026-02-07 00:00:00+00:00, run_after=2026-02-08 00:00:00+00:00
[2026-02-07T02:17:01.987+0000] {processor.py:183} INFO - Processing /opt/airflow/dags/dl_global_index.py took 0.103 seconds
[2026-02-07T02:17:32.346+0000] {processor.py:161} INFO - Started process (PID=465) to work on /opt/airflow/dags/dl_global_index.py
[2026-02-07T02:17:32.347+0000] {processor.py:830} INFO - Processing file /opt/airflow/dags/dl_global_index.py for tasks to queue
[2026-02-07T02:17:32.349+0000] {logging_mixin.py:188} INFO - [2026-02-07T02:17:32.348+0000] {dagbag.py:545} INFO - Filling up the DagBag from /opt/airflow/dags/dl_global_index.py
[2026-02-07T02:17:32.395+0000] {processor.py:840} INFO - DAG(s) 'global_index_minio' retrieved from /opt/airflow/dags/dl_global_index.py
[2026-02-07T02:17:32.428+0000] {logging_mixin.py:188} INFO - [2026-02-07T02:17:32.427+0000] {dag.py:3089} INFO - Sync 1 DAGs
[2026-02-07T02:17:32.464+0000] {logging_mixin.py:188} INFO - [2026-02-07T02:17:32.464+0000] {dag.py:3947} INFO - Setting next_dagrun for global_index_minio to 2026-02-07 00:00:00+00:00, run_after=2026-02-08 00:00:00+00:00
[2026-02-07T02:17:32.495+0000] {processor.py:183} INFO - Processing /opt/airflow/dags/dl_global_index.py took 0.157 seconds
[2026-02-07T02:18:03.239+0000] {processor.py:161} INFO - Started process (PID=489) to work on /opt/airflow/dags/dl_global_index.py
[2026-02-07T02:18:03.240+0000] {processor.py:830} INFO - Processing file /opt/airflow/dags/dl_global_index.py for tasks to queue
[2026-02-07T02:18:03.241+0000] {logging_mixin.py:188} INFO - [2026-02-07T02:18:03.241+0000] {dagbag.py:545} INFO - Filling up the DagBag from /opt/airflow/dags/dl_global_index.py
[2026-02-07T02:18:03.270+0000] {processor.py:840} INFO - DAG(s) 'global_index_minio' retrieved from /opt/airflow/dags/dl_global_index.py
[2026-02-07T02:18:03.292+0000] {logging_mixin.py:188} INFO - [2026-02-07T02:18:03.292+0000] {dag.py:3089} INFO - Sync 1 DAGs
[2026-02-07T02:18:03.316+0000] {logging_mixin.py:188} INFO - [2026-02-07T02:18:03.316+0000] {dag.py:3947} INFO - Setting next_dagrun for global_index_minio to 2026-02-07 00:00:00+00:00, run_after=2026-02-08 00:00:00+00:00
[2026-02-07T02:18:03.336+0000] {processor.py:183} INFO - Processing /opt/airflow/dags/dl_global_index.py took 0.103 seconds
[2026-02-07T02:18:33.877+0000] {processor.py:161} INFO - Started process (PID=513) to work on /opt/airflow/dags/dl_global_index.py
[2026-02-07T02:18:33.878+0000] {processor.py:830} INFO - Processing file /opt/airflow/dags/dl_global_index.py for tasks to queue
[2026-02-07T02:18:33.879+0000] {logging_mixin.py:188} INFO - [2026-02-07T02:18:33.879+0000] {dagbag.py:545} INFO - Filling up the DagBag from /opt/airflow/dags/dl_global_index.py
[2026-02-07T02:18:33.916+0000] {processor.py:840} INFO - DAG(s) 'global_index_minio' retrieved from /opt/airflow/dags/dl_global_index.py
[2026-02-07T02:18:33.949+0000] {logging_mixin.py:188} INFO - [2026-02-07T02:18:33.949+0000] {dag.py:3089} INFO - Sync 1 DAGs
[2026-02-07T02:18:33.995+0000] {logging_mixin.py:188} INFO - [2026-02-07T02:18:33.994+0000] {dag.py:3947} INFO - Setting next_dagrun for global_index_minio to 2026-02-07 00:00:00+00:00, run_after=2026-02-08 00:00:00+00:00
[2026-02-07T02:18:34.033+0000] {processor.py:183} INFO - Processing /opt/airflow/dags/dl_global_index.py took 0.164 seconds
[2026-02-07T02:19:04.423+0000] {processor.py:161} INFO - Started process (PID=537) to work on /opt/airflow/dags/dl_global_index.py
[2026-02-07T02:19:04.424+0000] {processor.py:830} INFO - Processing file /opt/airflow/dags/dl_global_index.py for tasks to queue
[2026-02-07T02:19:04.425+0000] {logging_mixin.py:188} INFO - [2026-02-07T02:19:04.425+0000] {dagbag.py:545} INFO - Filling up the DagBag from /opt/airflow/dags/dl_global_index.py
[2026-02-07T02:19:04.455+0000] {processor.py:840} INFO - DAG(s) 'global_index_minio' retrieved from /opt/airflow/dags/dl_global_index.py
[2026-02-07T02:19:04.479+0000] {logging_mixin.py:188} INFO - [2026-02-07T02:19:04.479+0000] {dag.py:3089} INFO - Sync 1 DAGs
[2026-02-07T02:19:04.502+0000] {logging_mixin.py:188} INFO - [2026-02-07T02:19:04.501+0000] {dag.py:3947} INFO - Setting next_dagrun for global_index_minio to 2026-02-07 00:00:00+00:00, run_after=2026-02-08 00:00:00+00:00
[2026-02-07T02:19:04.523+0000] {processor.py:183} INFO - Processing /opt/airflow/dags/dl_global_index.py took 0.105 seconds
[2026-02-07T02:19:35.004+0000] {processor.py:161} INFO - Started process (PID=561) to work on /opt/airflow/dags/dl_global_index.py
[2026-02-07T02:19:35.005+0000] {processor.py:830} INFO - Processing file /opt/airflow/dags/dl_global_index.py for tasks to queue
[2026-02-07T02:19:35.007+0000] {logging_mixin.py:188} INFO - [2026-02-07T02:19:35.006+0000] {dagbag.py:545} INFO - Filling up the DagBag from /opt/airflow/dags/dl_global_index.py
[2026-02-07T02:19:35.040+0000] {processor.py:840} INFO - DAG(s) 'global_index_minio' retrieved from /opt/airflow/dags/dl_global_index.py
[2026-02-07T02:19:35.063+0000] {logging_mixin.py:188} INFO - [2026-02-07T02:19:35.063+0000] {dag.py:3089} INFO - Sync 1 DAGs
[2026-02-07T02:19:35.085+0000] {logging_mixin.py:188} INFO - [2026-02-07T02:19:35.085+0000] {dag.py:3947} INFO - Setting next_dagrun for global_index_minio to 2026-02-07 00:00:00+00:00, run_after=2026-02-08 00:00:00+00:00
[2026-02-07T02:19:35.102+0000] {processor.py:183} INFO - Processing /opt/airflow/dags/dl_global_index.py took 0.104 seconds
[2026-02-07T02:20:05.819+0000] {processor.py:161} INFO - Started process (PID=585) to work on /opt/airflow/dags/dl_global_index.py
[2026-02-07T02:20:05.820+0000] {processor.py:830} INFO - Processing file /opt/airflow/dags/dl_global_index.py for tasks to queue
[2026-02-07T02:20:05.821+0000] {logging_mixin.py:188} INFO - [2026-02-07T02:20:05.821+0000] {dagbag.py:545} INFO - Filling up the DagBag from /opt/airflow/dags/dl_global_index.py
[2026-02-07T02:20:05.849+0000] {processor.py:840} INFO - DAG(s) 'global_index_minio' retrieved from /opt/airflow/dags/dl_global_index.py
[2026-02-07T02:20:05.873+0000] {logging_mixin.py:188} INFO - [2026-02-07T02:20:05.872+0000] {dag.py:3089} INFO - Sync 1 DAGs
[2026-02-07T02:20:05.897+0000] {logging_mixin.py:188} INFO - [2026-02-07T02:20:05.897+0000] {dag.py:3947} INFO - Setting next_dagrun for global_index_minio to 2026-02-07 00:00:00+00:00, run_after=2026-02-08 00:00:00+00:00
[2026-02-07T02:20:05.919+0000] {processor.py:183} INFO - Processing /opt/airflow/dags/dl_global_index.py took 0.104 seconds
[2026-02-07T02:20:36.581+0000] {processor.py:161} INFO - Started process (PID=609) to work on /opt/airflow/dags/dl_global_index.py
[2026-02-07T02:20:36.582+0000] {processor.py:830} INFO - Processing file /opt/airflow/dags/dl_global_index.py for tasks to queue
[2026-02-07T02:20:36.583+0000] {logging_mixin.py:188} INFO - [2026-02-07T02:20:36.582+0000] {dagbag.py:545} INFO - Filling up the DagBag from /opt/airflow/dags/dl_global_index.py
[2026-02-07T02:20:36.619+0000] {processor.py:840} INFO - DAG(s) 'global_index_minio' retrieved from /opt/airflow/dags/dl_global_index.py
[2026-02-07T02:20:36.649+0000] {logging_mixin.py:188} INFO - [2026-02-07T02:20:36.649+0000] {dag.py:3089} INFO - Sync 1 DAGs
[2026-02-07T02:20:36.678+0000] {logging_mixin.py:188} INFO - [2026-02-07T02:20:36.677+0000] {dag.py:3947} INFO - Setting next_dagrun for global_index_minio to 2026-02-07 00:00:00+00:00, run_after=2026-02-08 00:00:00+00:00
[2026-02-07T02:20:36.699+0000] {processor.py:183} INFO - Processing /opt/airflow/dags/dl_global_index.py took 0.126 seconds
[2026-02-07T02:21:07.216+0000] {processor.py:161} INFO - Started process (PID=633) to work on /opt/airflow/dags/dl_global_index.py
[2026-02-07T02:21:07.217+0000] {processor.py:830} INFO - Processing file /opt/airflow/dags/dl_global_index.py for tasks to queue
[2026-02-07T02:21:07.218+0000] {logging_mixin.py:188} INFO - [2026-02-07T02:21:07.218+0000] {dagbag.py:545} INFO - Filling up the DagBag from /opt/airflow/dags/dl_global_index.py
[2026-02-07T02:21:07.250+0000] {processor.py:840} INFO - DAG(s) 'global_index_minio' retrieved from /opt/airflow/dags/dl_global_index.py
[2026-02-07T02:21:07.272+0000] {logging_mixin.py:188} INFO - [2026-02-07T02:21:07.272+0000] {dag.py:3089} INFO - Sync 1 DAGs
[2026-02-07T02:21:07.295+0000] {logging_mixin.py:188} INFO - [2026-02-07T02:21:07.295+0000] {dag.py:3947} INFO - Setting next_dagrun for global_index_minio to 2026-02-07 00:00:00+00:00, run_after=2026-02-08 00:00:00+00:00
[2026-02-07T02:21:07.319+0000] {processor.py:183} INFO - Processing /opt/airflow/dags/dl_global_index.py took 0.108 seconds
[2026-02-07T02:21:37.830+0000] {processor.py:161} INFO - Started process (PID=657) to work on /opt/airflow/dags/dl_global_index.py
[2026-02-07T02:21:37.831+0000] {processor.py:830} INFO - Processing file /opt/airflow/dags/dl_global_index.py for tasks to queue
[2026-02-07T02:21:37.832+0000] {logging_mixin.py:188} INFO - [2026-02-07T02:21:37.832+0000] {dagbag.py:545} INFO - Filling up the DagBag from /opt/airflow/dags/dl_global_index.py
[2026-02-07T02:21:37.879+0000] {processor.py:840} INFO - DAG(s) 'global_index_minio' retrieved from /opt/airflow/dags/dl_global_index.py
[2026-02-07T02:21:37.913+0000] {logging_mixin.py:188} INFO - [2026-02-07T02:21:37.912+0000] {dag.py:3089} INFO - Sync 1 DAGs
[2026-02-07T02:21:37.946+0000] {logging_mixin.py:188} INFO - [2026-02-07T02:21:37.945+0000] {dag.py:3947} INFO - Setting next_dagrun for global_index_minio to 2026-02-07 00:00:00+00:00, run_after=2026-02-08 00:00:00+00:00
[2026-02-07T02:21:37.973+0000] {processor.py:183} INFO - Processing /opt/airflow/dags/dl_global_index.py took 0.151 seconds
[2026-02-07T02:22:08.374+0000] {processor.py:161} INFO - Started process (PID=681) to work on /opt/airflow/dags/dl_global_index.py
[2026-02-07T02:22:08.374+0000] {processor.py:830} INFO - Processing file /opt/airflow/dags/dl_global_index.py for tasks to queue
[2026-02-07T02:22:08.375+0000] {logging_mixin.py:188} INFO - [2026-02-07T02:22:08.375+0000] {dagbag.py:545} INFO - Filling up the DagBag from /opt/airflow/dags/dl_global_index.py
[2026-02-07T02:22:08.402+0000] {processor.py:840} INFO - DAG(s) 'global_index_minio' retrieved from /opt/airflow/dags/dl_global_index.py
[2026-02-07T02:22:08.426+0000] {logging_mixin.py:188} INFO - [2026-02-07T02:22:08.426+0000] {dag.py:3089} INFO - Sync 1 DAGs
[2026-02-07T02:22:08.448+0000] {logging_mixin.py:188} INFO - [2026-02-07T02:22:08.448+0000] {dag.py:3947} INFO - Setting next_dagrun for global_index_minio to 2026-02-07 00:00:00+00:00, run_after=2026-02-08 00:00:00+00:00
[2026-02-07T02:22:08.467+0000] {processor.py:183} INFO - Processing /opt/airflow/dags/dl_global_index.py took 0.098 seconds
[2026-02-07T02:22:39.045+0000] {processor.py:161} INFO - Started process (PID=705) to work on /opt/airflow/dags/dl_global_index.py
[2026-02-07T02:22:39.046+0000] {processor.py:830} INFO - Processing file /opt/airflow/dags/dl_global_index.py for tasks to queue
[2026-02-07T02:22:39.047+0000] {logging_mixin.py:188} INFO - [2026-02-07T02:22:39.047+0000] {dagbag.py:545} INFO - Filling up the DagBag from /opt/airflow/dags/dl_global_index.py
[2026-02-07T02:22:39.076+0000] {processor.py:840} INFO - DAG(s) 'global_index_minio' retrieved from /opt/airflow/dags/dl_global_index.py
[2026-02-07T02:22:39.098+0000] {logging_mixin.py:188} INFO - [2026-02-07T02:22:39.097+0000] {dag.py:3089} INFO - Sync 1 DAGs
[2026-02-07T02:22:39.121+0000] {logging_mixin.py:188} INFO - [2026-02-07T02:22:39.120+0000] {dag.py:3947} INFO - Setting next_dagrun for global_index_minio to 2026-02-07 00:00:00+00:00, run_after=2026-02-08 00:00:00+00:00
[2026-02-07T02:22:39.140+0000] {processor.py:183} INFO - Processing /opt/airflow/dags/dl_global_index.py took 0.100 seconds
[2026-02-07T02:23:09.669+0000] {processor.py:161} INFO - Started process (PID=729) to work on /opt/airflow/dags/dl_global_index.py
[2026-02-07T02:23:09.670+0000] {processor.py:830} INFO - Processing file /opt/airflow/dags/dl_global_index.py for tasks to queue
[2026-02-07T02:23:09.672+0000] {logging_mixin.py:188} INFO - [2026-02-07T02:23:09.671+0000] {dagbag.py:545} INFO - Filling up the DagBag from /opt/airflow/dags/dl_global_index.py
[2026-02-07T02:23:09.715+0000] {processor.py:840} INFO - DAG(s) 'global_index_minio' retrieved from /opt/airflow/dags/dl_global_index.py
[2026-02-07T02:23:09.741+0000] {logging_mixin.py:188} INFO - [2026-02-07T02:23:09.740+0000] {dag.py:3089} INFO - Sync 1 DAGs
[2026-02-07T02:23:09.764+0000] {logging_mixin.py:188} INFO - [2026-02-07T02:23:09.763+0000] {dag.py:3947} INFO - Setting next_dagrun for global_index_minio to 2026-02-07 00:00:00+00:00, run_after=2026-02-08 00:00:00+00:00
[2026-02-07T02:23:09.785+0000] {processor.py:183} INFO - Processing /opt/airflow/dags/dl_global_index.py took 0.123 seconds
[2026-02-07T02:23:40.596+0000] {processor.py:161} INFO - Started process (PID=753) to work on /opt/airflow/dags/dl_global_index.py
[2026-02-07T02:23:40.597+0000] {processor.py:830} INFO - Processing file /opt/airflow/dags/dl_global_index.py for tasks to queue
[2026-02-07T02:23:40.598+0000] {logging_mixin.py:188} INFO - [2026-02-07T02:23:40.597+0000] {dagbag.py:545} INFO - Filling up the DagBag from /opt/airflow/dags/dl_global_index.py
[2026-02-07T02:23:40.627+0000] {processor.py:840} INFO - DAG(s) 'global_index_minio' retrieved from /opt/airflow/dags/dl_global_index.py
[2026-02-07T02:23:40.650+0000] {logging_mixin.py:188} INFO - [2026-02-07T02:23:40.649+0000] {dag.py:3089} INFO - Sync 1 DAGs
[2026-02-07T02:23:40.672+0000] {logging_mixin.py:188} INFO - [2026-02-07T02:23:40.672+0000] {dag.py:3947} INFO - Setting next_dagrun for global_index_minio to 2026-02-07 00:00:00+00:00, run_after=2026-02-08 00:00:00+00:00
[2026-02-07T02:23:40.690+0000] {processor.py:183} INFO - Processing /opt/airflow/dags/dl_global_index.py took 0.099 seconds
[2026-02-07T02:24:11.129+0000] {processor.py:161} INFO - Started process (PID=777) to work on /opt/airflow/dags/dl_global_index.py
[2026-02-07T02:24:11.130+0000] {processor.py:830} INFO - Processing file /opt/airflow/dags/dl_global_index.py for tasks to queue
[2026-02-07T02:24:11.131+0000] {logging_mixin.py:188} INFO - [2026-02-07T02:24:11.131+0000] {dagbag.py:545} INFO - Filling up the DagBag from /opt/airflow/dags/dl_global_index.py
[2026-02-07T02:24:11.162+0000] {processor.py:840} INFO - DAG(s) 'global_index_minio' retrieved from /opt/airflow/dags/dl_global_index.py
[2026-02-07T02:24:11.187+0000] {logging_mixin.py:188} INFO - [2026-02-07T02:24:11.187+0000] {dag.py:3089} INFO - Sync 1 DAGs
[2026-02-07T02:24:11.213+0000] {logging_mixin.py:188} INFO - [2026-02-07T02:24:11.213+0000] {dag.py:3947} INFO - Setting next_dagrun for global_index_minio to 2026-02-07 00:00:00+00:00, run_after=2026-02-08 00:00:00+00:00
[2026-02-07T02:24:11.233+0000] {processor.py:183} INFO - Processing /opt/airflow/dags/dl_global_index.py took 0.110 seconds
[2026-02-07T02:24:41.640+0000] {processor.py:161} INFO - Started process (PID=801) to work on /opt/airflow/dags/dl_global_index.py
[2026-02-07T02:24:41.641+0000] {processor.py:830} INFO - Processing file /opt/airflow/dags/dl_global_index.py for tasks to queue
[2026-02-07T02:24:41.642+0000] {logging_mixin.py:188} INFO - [2026-02-07T02:24:41.641+0000] {dagbag.py:545} INFO - Filling up the DagBag from /opt/airflow/dags/dl_global_index.py
[2026-02-07T02:24:41.683+0000] {processor.py:840} INFO - DAG(s) 'global_index_minio' retrieved from /opt/airflow/dags/dl_global_index.py
[2026-02-07T02:24:41.708+0000] {logging_mixin.py:188} INFO - [2026-02-07T02:24:41.708+0000] {dag.py:3089} INFO - Sync 1 DAGs
[2026-02-07T02:24:41.729+0000] {logging_mixin.py:188} INFO - [2026-02-07T02:24:41.729+0000] {dag.py:3947} INFO - Setting next_dagrun for global_index_minio to 2026-02-07 00:00:00+00:00, run_after=2026-02-08 00:00:00+00:00
[2026-02-07T02:24:41.756+0000] {processor.py:183} INFO - Processing /opt/airflow/dags/dl_global_index.py took 0.123 seconds
[2026-02-07T02:25:12.460+0000] {processor.py:161} INFO - Started process (PID=825) to work on /opt/airflow/dags/dl_global_index.py
[2026-02-07T02:25:12.461+0000] {processor.py:830} INFO - Processing file /opt/airflow/dags/dl_global_index.py for tasks to queue
[2026-02-07T02:25:12.463+0000] {logging_mixin.py:188} INFO - [2026-02-07T02:25:12.462+0000] {dagbag.py:545} INFO - Filling up the DagBag from /opt/airflow/dags/dl_global_index.py
[2026-02-07T02:25:12.500+0000] {processor.py:840} INFO - DAG(s) 'global_index_minio' retrieved from /opt/airflow/dags/dl_global_index.py
[2026-02-07T02:25:12.526+0000] {logging_mixin.py:188} INFO - [2026-02-07T02:25:12.525+0000] {dag.py:3089} INFO - Sync 1 DAGs
[2026-02-07T02:25:12.554+0000] {logging_mixin.py:188} INFO - [2026-02-07T02:25:12.554+0000] {dag.py:3947} INFO - Setting next_dagrun for global_index_minio to 2026-02-07 00:00:00+00:00, run_after=2026-02-08 00:00:00+00:00
[2026-02-07T02:25:12.579+0000] {processor.py:183} INFO - Processing /opt/airflow/dags/dl_global_index.py took 0.125 seconds
[2026-02-07T02:25:43.196+0000] {processor.py:161} INFO - Started process (PID=849) to work on /opt/airflow/dags/dl_global_index.py
[2026-02-07T02:25:43.197+0000] {processor.py:830} INFO - Processing file /opt/airflow/dags/dl_global_index.py for tasks to queue
[2026-02-07T02:25:43.199+0000] {logging_mixin.py:188} INFO - [2026-02-07T02:25:43.199+0000] {dagbag.py:545} INFO - Filling up the DagBag from /opt/airflow/dags/dl_global_index.py
[2026-02-07T02:25:43.250+0000] {processor.py:840} INFO - DAG(s) 'global_index_minio' retrieved from /opt/airflow/dags/dl_global_index.py
[2026-02-07T02:25:43.323+0000] {logging_mixin.py:188} INFO - [2026-02-07T02:25:43.323+0000] {dag.py:3089} INFO - Sync 1 DAGs
[2026-02-07T02:25:43.386+0000] {logging_mixin.py:188} INFO - [2026-02-07T02:25:43.385+0000] {dag.py:3947} INFO - Setting next_dagrun for global_index_minio to 2026-02-07 00:00:00+00:00, run_after=2026-02-08 00:00:00+00:00
[2026-02-07T02:25:43.433+0000] {processor.py:183} INFO - Processing /opt/airflow/dags/dl_global_index.py took 0.244 seconds
[2026-02-07T02:26:13.979+0000] {processor.py:161} INFO - Started process (PID=873) to work on /opt/airflow/dags/dl_global_index.py
[2026-02-07T02:26:13.979+0000] {processor.py:830} INFO - Processing file /opt/airflow/dags/dl_global_index.py for tasks to queue
[2026-02-07T02:26:13.980+0000] {logging_mixin.py:188} INFO - [2026-02-07T02:26:13.980+0000] {dagbag.py:545} INFO - Filling up the DagBag from /opt/airflow/dags/dl_global_index.py
[2026-02-07T02:26:14.012+0000] {processor.py:840} INFO - DAG(s) 'global_index_minio' retrieved from /opt/airflow/dags/dl_global_index.py
[2026-02-07T02:26:14.036+0000] {logging_mixin.py:188} INFO - [2026-02-07T02:26:14.036+0000] {dag.py:3089} INFO - Sync 1 DAGs
[2026-02-07T02:26:14.059+0000] {logging_mixin.py:188} INFO - [2026-02-07T02:26:14.058+0000] {dag.py:3947} INFO - Setting next_dagrun for global_index_minio to 2026-02-07 00:00:00+00:00, run_after=2026-02-08 00:00:00+00:00
[2026-02-07T02:26:14.080+0000] {processor.py:183} INFO - Processing /opt/airflow/dags/dl_global_index.py took 0.107 seconds
[2026-02-07T02:26:44.411+0000] {processor.py:161} INFO - Started process (PID=897) to work on /opt/airflow/dags/dl_global_index.py
[2026-02-07T02:26:44.412+0000] {processor.py:830} INFO - Processing file /opt/airflow/dags/dl_global_index.py for tasks to queue
[2026-02-07T02:26:44.413+0000] {logging_mixin.py:188} INFO - [2026-02-07T02:26:44.413+0000] {dagbag.py:545} INFO - Filling up the DagBag from /opt/airflow/dags/dl_global_index.py
[2026-02-07T02:26:44.447+0000] {processor.py:840} INFO - DAG(s) 'global_index_minio' retrieved from /opt/airflow/dags/dl_global_index.py
[2026-02-07T02:26:44.469+0000] {logging_mixin.py:188} INFO - [2026-02-07T02:26:44.469+0000] {dag.py:3089} INFO - Sync 1 DAGs
[2026-02-07T02:26:44.491+0000] {logging_mixin.py:188} INFO - [2026-02-07T02:26:44.491+0000] {dag.py:3947} INFO - Setting next_dagrun for global_index_minio to 2026-02-07 00:00:00+00:00, run_after=2026-02-08 00:00:00+00:00
[2026-02-07T02:26:44.510+0000] {processor.py:183} INFO - Processing /opt/airflow/dags/dl_global_index.py took 0.104 seconds
[2026-02-07T02:27:14.995+0000] {processor.py:161} INFO - Started process (PID=921) to work on /opt/airflow/dags/dl_global_index.py
[2026-02-07T02:27:14.996+0000] {processor.py:830} INFO - Processing file /opt/airflow/dags/dl_global_index.py for tasks to queue
[2026-02-07T02:27:14.997+0000] {logging_mixin.py:188} INFO - [2026-02-07T02:27:14.997+0000] {dagbag.py:545} INFO - Filling up the DagBag from /opt/airflow/dags/dl_global_index.py
[2026-02-07T02:27:15.023+0000] {processor.py:840} INFO - DAG(s) 'global_index_minio' retrieved from /opt/airflow/dags/dl_global_index.py
[2026-02-07T02:27:15.047+0000] {logging_mixin.py:188} INFO - [2026-02-07T02:27:15.047+0000] {dag.py:3089} INFO - Sync 1 DAGs
[2026-02-07T02:27:15.076+0000] {logging_mixin.py:188} INFO - [2026-02-07T02:27:15.075+0000] {dag.py:3947} INFO - Setting next_dagrun for global_index_minio to 2026-02-07 00:00:00+00:00, run_after=2026-02-08 00:00:00+00:00
[2026-02-07T02:27:15.097+0000] {processor.py:183} INFO - Processing /opt/airflow/dags/dl_global_index.py took 0.108 seconds
[2026-02-07T02:27:45.581+0000] {processor.py:161} INFO - Started process (PID=945) to work on /opt/airflow/dags/dl_global_index.py
[2026-02-07T02:27:45.582+0000] {processor.py:830} INFO - Processing file /opt/airflow/dags/dl_global_index.py for tasks to queue
[2026-02-07T02:27:45.583+0000] {logging_mixin.py:188} INFO - [2026-02-07T02:27:45.583+0000] {dagbag.py:545} INFO - Filling up the DagBag from /opt/airflow/dags/dl_global_index.py
[2026-02-07T02:27:45.614+0000] {processor.py:840} INFO - DAG(s) 'global_index_minio' retrieved from /opt/airflow/dags/dl_global_index.py
[2026-02-07T02:27:45.636+0000] {logging_mixin.py:188} INFO - [2026-02-07T02:27:45.636+0000] {dag.py:3089} INFO - Sync 1 DAGs
[2026-02-07T02:27:45.657+0000] {logging_mixin.py:188} INFO - [2026-02-07T02:27:45.656+0000] {dag.py:3947} INFO - Setting next_dagrun for global_index_minio to 2026-02-07 00:00:00+00:00, run_after=2026-02-08 00:00:00+00:00
[2026-02-07T02:27:45.674+0000] {processor.py:183} INFO - Processing /opt/airflow/dags/dl_global_index.py took 0.098 seconds
[2026-02-07T02:28:16.301+0000] {processor.py:161} INFO - Started process (PID=968) to work on /opt/airflow/dags/dl_global_index.py
[2026-02-07T02:28:16.302+0000] {processor.py:830} INFO - Processing file /opt/airflow/dags/dl_global_index.py for tasks to queue
[2026-02-07T02:28:16.303+0000] {logging_mixin.py:188} INFO - [2026-02-07T02:28:16.303+0000] {dagbag.py:545} INFO - Filling up the DagBag from /opt/airflow/dags/dl_global_index.py
[2026-02-07T02:28:16.334+0000] {processor.py:840} INFO - DAG(s) 'global_index_minio' retrieved from /opt/airflow/dags/dl_global_index.py
[2026-02-07T02:28:16.356+0000] {logging_mixin.py:188} INFO - [2026-02-07T02:28:16.355+0000] {dag.py:3089} INFO - Sync 1 DAGs
[2026-02-07T02:28:16.379+0000] {logging_mixin.py:188} INFO - [2026-02-07T02:28:16.379+0000] {dag.py:3947} INFO - Setting next_dagrun for global_index_minio to 2026-02-07 00:00:00+00:00, run_after=2026-02-08 00:00:00+00:00
[2026-02-07T02:28:16.414+0000] {processor.py:183} INFO - Processing /opt/airflow/dags/dl_global_index.py took 0.119 seconds
[2026-02-07T02:28:46.804+0000] {processor.py:161} INFO - Started process (PID=992) to work on /opt/airflow/dags/dl_global_index.py
[2026-02-07T02:28:46.805+0000] {processor.py:830} INFO - Processing file /opt/airflow/dags/dl_global_index.py for tasks to queue
[2026-02-07T02:28:46.806+0000] {logging_mixin.py:188} INFO - [2026-02-07T02:28:46.805+0000] {dagbag.py:545} INFO - Filling up the DagBag from /opt/airflow/dags/dl_global_index.py
[2026-02-07T02:28:46.831+0000] {processor.py:840} INFO - DAG(s) 'global_index_minio' retrieved from /opt/airflow/dags/dl_global_index.py
[2026-02-07T02:28:46.854+0000] {logging_mixin.py:188} INFO - [2026-02-07T02:28:46.854+0000] {dag.py:3089} INFO - Sync 1 DAGs
[2026-02-07T02:28:46.875+0000] {logging_mixin.py:188} INFO - [2026-02-07T02:28:46.875+0000] {dag.py:3947} INFO - Setting next_dagrun for global_index_minio to 2026-02-07 00:00:00+00:00, run_after=2026-02-08 00:00:00+00:00
[2026-02-07T02:28:46.895+0000] {processor.py:183} INFO - Processing /opt/airflow/dags/dl_global_index.py took 0.096 seconds
[2026-02-07T02:29:17.308+0000] {processor.py:161} INFO - Started process (PID=1016) to work on /opt/airflow/dags/dl_global_index.py
[2026-02-07T02:29:17.309+0000] {processor.py:830} INFO - Processing file /opt/airflow/dags/dl_global_index.py for tasks to queue
[2026-02-07T02:29:17.310+0000] {logging_mixin.py:188} INFO - [2026-02-07T02:29:17.310+0000] {dagbag.py:545} INFO - Filling up the DagBag from /opt/airflow/dags/dl_global_index.py
[2026-02-07T02:29:17.340+0000] {processor.py:840} INFO - DAG(s) 'global_index_minio' retrieved from /opt/airflow/dags/dl_global_index.py
[2026-02-07T02:29:17.361+0000] {logging_mixin.py:188} INFO - [2026-02-07T02:29:17.361+0000] {dag.py:3089} INFO - Sync 1 DAGs
[2026-02-07T02:29:17.381+0000] {logging_mixin.py:188} INFO - [2026-02-07T02:29:17.381+0000] {dag.py:3947} INFO - Setting next_dagrun for global_index_minio to 2026-02-07 00:00:00+00:00, run_after=2026-02-08 00:00:00+00:00
[2026-02-07T02:29:17.400+0000] {processor.py:183} INFO - Processing /opt/airflow/dags/dl_global_index.py took 0.098 seconds
[2026-02-07T02:29:47.910+0000] {processor.py:161} INFO - Started process (PID=1040) to work on /opt/airflow/dags/dl_global_index.py
[2026-02-07T02:29:47.911+0000] {processor.py:830} INFO - Processing file /opt/airflow/dags/dl_global_index.py for tasks to queue
[2026-02-07T02:29:47.912+0000] {logging_mixin.py:188} INFO - [2026-02-07T02:29:47.912+0000] {dagbag.py:545} INFO - Filling up the DagBag from /opt/airflow/dags/dl_global_index.py
[2026-02-07T02:29:47.941+0000] {processor.py:840} INFO - DAG(s) 'global_index_minio' retrieved from /opt/airflow/dags/dl_global_index.py
[2026-02-07T02:29:47.962+0000] {logging_mixin.py:188} INFO - [2026-02-07T02:29:47.962+0000] {dag.py:3089} INFO - Sync 1 DAGs
[2026-02-07T02:29:47.984+0000] {logging_mixin.py:188} INFO - [2026-02-07T02:29:47.984+0000] {dag.py:3947} INFO - Setting next_dagrun for global_index_minio to 2026-02-07 00:00:00+00:00, run_after=2026-02-08 00:00:00+00:00
[2026-02-07T02:29:48.003+0000] {processor.py:183} INFO - Processing /opt/airflow/dags/dl_global_index.py took 0.098 seconds
[2026-02-07T02:30:18.387+0000] {processor.py:161} INFO - Started process (PID=1064) to work on /opt/airflow/dags/dl_global_index.py
[2026-02-07T02:30:18.388+0000] {processor.py:830} INFO - Processing file /opt/airflow/dags/dl_global_index.py for tasks to queue
[2026-02-07T02:30:18.389+0000] {logging_mixin.py:188} INFO - [2026-02-07T02:30:18.389+0000] {dagbag.py:545} INFO - Filling up the DagBag from /opt/airflow/dags/dl_global_index.py
[2026-02-07T02:30:18.439+0000] {processor.py:840} INFO - DAG(s) 'global_index_minio' retrieved from /opt/airflow/dags/dl_global_index.py
[2026-02-07T02:30:18.482+0000] {logging_mixin.py:188} INFO - [2026-02-07T02:30:18.481+0000] {dag.py:3089} INFO - Sync 1 DAGs
[2026-02-07T02:30:18.521+0000] {logging_mixin.py:188} INFO - [2026-02-07T02:30:18.521+0000] {dag.py:3947} INFO - Setting next_dagrun for global_index_minio to 2026-02-07 00:00:00+00:00, run_after=2026-02-08 00:00:00+00:00
[2026-02-07T02:30:18.551+0000] {processor.py:183} INFO - Processing /opt/airflow/dags/dl_global_index.py took 0.174 seconds
[2026-02-07T02:30:48.958+0000] {processor.py:161} INFO - Started process (PID=1088) to work on /opt/airflow/dags/dl_global_index.py
[2026-02-07T02:30:48.958+0000] {processor.py:830} INFO - Processing file /opt/airflow/dags/dl_global_index.py for tasks to queue
[2026-02-07T02:30:48.960+0000] {logging_mixin.py:188} INFO - [2026-02-07T02:30:48.959+0000] {dagbag.py:545} INFO - Filling up the DagBag from /opt/airflow/dags/dl_global_index.py
[2026-02-07T02:30:48.990+0000] {processor.py:840} INFO - DAG(s) 'global_index_minio' retrieved from /opt/airflow/dags/dl_global_index.py
[2026-02-07T02:30:49.014+0000] {logging_mixin.py:188} INFO - [2026-02-07T02:30:49.014+0000] {dag.py:3089} INFO - Sync 1 DAGs
[2026-02-07T02:30:49.039+0000] {logging_mixin.py:188} INFO - [2026-02-07T02:30:49.038+0000] {dag.py:3947} INFO - Setting next_dagrun for global_index_minio to 2026-02-07 00:00:00+00:00, run_after=2026-02-08 00:00:00+00:00
[2026-02-07T02:30:49.057+0000] {processor.py:183} INFO - Processing /opt/airflow/dags/dl_global_index.py took 0.105 seconds
[2026-02-07T02:31:19.609+0000] {processor.py:161} INFO - Started process (PID=1112) to work on /opt/airflow/dags/dl_global_index.py
[2026-02-07T02:31:19.609+0000] {processor.py:830} INFO - Processing file /opt/airflow/dags/dl_global_index.py for tasks to queue
[2026-02-07T02:31:19.610+0000] {logging_mixin.py:188} INFO - [2026-02-07T02:31:19.610+0000] {dagbag.py:545} INFO - Filling up the DagBag from /opt/airflow/dags/dl_global_index.py
[2026-02-07T02:31:19.642+0000] {processor.py:840} INFO - DAG(s) 'global_index_minio' retrieved from /opt/airflow/dags/dl_global_index.py
[2026-02-07T02:31:19.668+0000] {logging_mixin.py:188} INFO - [2026-02-07T02:31:19.667+0000] {dag.py:3089} INFO - Sync 1 DAGs
[2026-02-07T02:31:19.691+0000] {logging_mixin.py:188} INFO - [2026-02-07T02:31:19.690+0000] {dag.py:3947} INFO - Setting next_dagrun for global_index_minio to 2026-02-07 00:00:00+00:00, run_after=2026-02-08 00:00:00+00:00
[2026-02-07T02:31:19.707+0000] {processor.py:183} INFO - Processing /opt/airflow/dags/dl_global_index.py took 0.104 seconds
[2026-02-07T02:31:50.252+0000] {processor.py:161} INFO - Started process (PID=1136) to work on /opt/airflow/dags/dl_global_index.py
[2026-02-07T02:31:50.253+0000] {processor.py:830} INFO - Processing file /opt/airflow/dags/dl_global_index.py for tasks to queue
[2026-02-07T02:31:50.254+0000] {logging_mixin.py:188} INFO - [2026-02-07T02:31:50.254+0000] {dagbag.py:545} INFO - Filling up the DagBag from /opt/airflow/dags/dl_global_index.py
[2026-02-07T02:31:50.289+0000] {processor.py:840} INFO - DAG(s) 'global_index_minio' retrieved from /opt/airflow/dags/dl_global_index.py
[2026-02-07T02:31:50.319+0000] {logging_mixin.py:188} INFO - [2026-02-07T02:31:50.319+0000] {dag.py:3089} INFO - Sync 1 DAGs
[2026-02-07T02:31:50.346+0000] {logging_mixin.py:188} INFO - [2026-02-07T02:31:50.345+0000] {dag.py:3947} INFO - Setting next_dagrun for global_index_minio to 2026-02-07 00:00:00+00:00, run_after=2026-02-08 00:00:00+00:00
[2026-02-07T02:31:50.373+0000] {processor.py:183} INFO - Processing /opt/airflow/dags/dl_global_index.py took 0.128 seconds
[2026-02-07T02:32:20.582+0000] {processor.py:161} INFO - Started process (PID=1160) to work on /opt/airflow/dags/dl_global_index.py
[2026-02-07T02:32:20.583+0000] {processor.py:830} INFO - Processing file /opt/airflow/dags/dl_global_index.py for tasks to queue
[2026-02-07T02:32:20.585+0000] {logging_mixin.py:188} INFO - [2026-02-07T02:32:20.584+0000] {dagbag.py:545} INFO - Filling up the DagBag from /opt/airflow/dags/dl_global_index.py
[2026-02-07T02:32:20.625+0000] {processor.py:840} INFO - DAG(s) 'global_index_minio' retrieved from /opt/airflow/dags/dl_global_index.py
[2026-02-07T02:32:20.652+0000] {logging_mixin.py:188} INFO - [2026-02-07T02:32:20.651+0000] {dag.py:3089} INFO - Sync 1 DAGs
[2026-02-07T02:32:20.674+0000] {logging_mixin.py:188} INFO - [2026-02-07T02:32:20.673+0000] {dag.py:3947} INFO - Setting next_dagrun for global_index_minio to 2026-02-07 00:00:00+00:00, run_after=2026-02-08 00:00:00+00:00
[2026-02-07T02:32:20.691+0000] {processor.py:183} INFO - Processing /opt/airflow/dags/dl_global_index.py took 0.118 seconds
[2026-02-07T02:32:51.347+0000] {processor.py:161} INFO - Started process (PID=1184) to work on /opt/airflow/dags/dl_global_index.py
[2026-02-07T02:32:51.347+0000] {processor.py:830} INFO - Processing file /opt/airflow/dags/dl_global_index.py for tasks to queue
[2026-02-07T02:32:51.348+0000] {logging_mixin.py:188} INFO - [2026-02-07T02:32:51.348+0000] {dagbag.py:545} INFO - Filling up the DagBag from /opt/airflow/dags/dl_global_index.py
[2026-02-07T02:32:51.394+0000] {processor.py:840} INFO - DAG(s) 'global_index_minio' retrieved from /opt/airflow/dags/dl_global_index.py
[2026-02-07T02:32:51.426+0000] {logging_mixin.py:188} INFO - [2026-02-07T02:32:51.426+0000] {dag.py:3089} INFO - Sync 1 DAGs
[2026-02-07T02:32:51.454+0000] {logging_mixin.py:188} INFO - [2026-02-07T02:32:51.454+0000] {dag.py:3947} INFO - Setting next_dagrun for global_index_minio to 2026-02-07 00:00:00+00:00, run_after=2026-02-08 00:00:00+00:00
[2026-02-07T02:32:51.487+0000] {processor.py:183} INFO - Processing /opt/airflow/dags/dl_global_index.py took 0.147 seconds
[2026-02-07T02:33:22.126+0000] {processor.py:161} INFO - Started process (PID=1208) to work on /opt/airflow/dags/dl_global_index.py
[2026-02-07T02:33:22.126+0000] {processor.py:830} INFO - Processing file /opt/airflow/dags/dl_global_index.py for tasks to queue
[2026-02-07T02:33:22.127+0000] {logging_mixin.py:188} INFO - [2026-02-07T02:33:22.127+0000] {dagbag.py:545} INFO - Filling up the DagBag from /opt/airflow/dags/dl_global_index.py
[2026-02-07T02:33:22.157+0000] {processor.py:840} INFO - DAG(s) 'global_index_minio' retrieved from /opt/airflow/dags/dl_global_index.py
[2026-02-07T02:33:22.180+0000] {logging_mixin.py:188} INFO - [2026-02-07T02:33:22.179+0000] {dag.py:3089} INFO - Sync 1 DAGs
[2026-02-07T02:33:22.200+0000] {logging_mixin.py:188} INFO - [2026-02-07T02:33:22.200+0000] {dag.py:3947} INFO - Setting next_dagrun for global_index_minio to 2026-02-07 00:00:00+00:00, run_after=2026-02-08 00:00:00+00:00
[2026-02-07T02:33:22.220+0000] {processor.py:183} INFO - Processing /opt/airflow/dags/dl_global_index.py took 0.099 seconds
[2026-02-07T02:33:52.584+0000] {processor.py:161} INFO - Started process (PID=1232) to work on /opt/airflow/dags/dl_global_index.py
[2026-02-07T02:33:52.585+0000] {processor.py:830} INFO - Processing file /opt/airflow/dags/dl_global_index.py for tasks to queue
[2026-02-07T02:33:52.586+0000] {logging_mixin.py:188} INFO - [2026-02-07T02:33:52.586+0000] {dagbag.py:545} INFO - Filling up the DagBag from /opt/airflow/dags/dl_global_index.py
[2026-02-07T02:33:52.613+0000] {processor.py:840} INFO - DAG(s) 'global_index_minio' retrieved from /opt/airflow/dags/dl_global_index.py
[2026-02-07T02:33:52.634+0000] {logging_mixin.py:188} INFO - [2026-02-07T02:33:52.634+0000] {dag.py:3089} INFO - Sync 1 DAGs
[2026-02-07T02:33:52.654+0000] {logging_mixin.py:188} INFO - [2026-02-07T02:33:52.653+0000] {dag.py:3947} INFO - Setting next_dagrun for global_index_minio to 2026-02-07 00:00:00+00:00, run_after=2026-02-08 00:00:00+00:00
[2026-02-07T02:33:52.674+0000] {processor.py:183} INFO - Processing /opt/airflow/dags/dl_global_index.py took 0.095 seconds
[2026-02-07T02:34:23.096+0000] {processor.py:161} INFO - Started process (PID=1256) to work on /opt/airflow/dags/dl_global_index.py
[2026-02-07T02:34:23.097+0000] {processor.py:830} INFO - Processing file /opt/airflow/dags/dl_global_index.py for tasks to queue
[2026-02-07T02:34:23.097+0000] {logging_mixin.py:188} INFO - [2026-02-07T02:34:23.097+0000] {dagbag.py:545} INFO - Filling up the DagBag from /opt/airflow/dags/dl_global_index.py
[2026-02-07T02:34:23.125+0000] {processor.py:840} INFO - DAG(s) 'global_index_minio' retrieved from /opt/airflow/dags/dl_global_index.py
[2026-02-07T02:34:23.147+0000] {logging_mixin.py:188} INFO - [2026-02-07T02:34:23.147+0000] {dag.py:3089} INFO - Sync 1 DAGs
[2026-02-07T02:34:23.175+0000] {logging_mixin.py:188} INFO - [2026-02-07T02:34:23.175+0000] {dag.py:3947} INFO - Setting next_dagrun for global_index_minio to 2026-02-07 00:00:00+00:00, run_after=2026-02-08 00:00:00+00:00
[2026-02-07T02:34:23.198+0000] {processor.py:183} INFO - Processing /opt/airflow/dags/dl_global_index.py took 0.107 seconds
[2026-02-07T02:34:54.452+0000] {processor.py:161} INFO - Started process (PID=1286) to work on /opt/airflow/dags/dl_global_index.py
[2026-02-07T02:34:54.453+0000] {processor.py:830} INFO - Processing file /opt/airflow/dags/dl_global_index.py for tasks to queue
[2026-02-07T02:34:54.454+0000] {logging_mixin.py:188} INFO - [2026-02-07T02:34:54.453+0000] {dagbag.py:545} INFO - Filling up the DagBag from /opt/airflow/dags/dl_global_index.py
[2026-02-07T02:34:54.485+0000] {processor.py:840} INFO - DAG(s) 'global_index_minio' retrieved from /opt/airflow/dags/dl_global_index.py
[2026-02-07T02:34:54.511+0000] {logging_mixin.py:188} INFO - [2026-02-07T02:34:54.510+0000] {dag.py:3089} INFO - Sync 1 DAGs
[2026-02-07T02:34:54.537+0000] {logging_mixin.py:188} INFO - [2026-02-07T02:34:54.537+0000] {dag.py:3947} INFO - Setting next_dagrun for global_index_minio to 2026-02-07 00:00:00+00:00, run_after=2026-02-08 00:00:00+00:00
[2026-02-07T02:34:54.567+0000] {processor.py:183} INFO - Processing /opt/airflow/dags/dl_global_index.py took 0.121 seconds
[2026-02-07T02:35:24.822+0000] {processor.py:161} INFO - Started process (PID=1310) to work on /opt/airflow/dags/dl_global_index.py
[2026-02-07T02:35:24.823+0000] {processor.py:830} INFO - Processing file /opt/airflow/dags/dl_global_index.py for tasks to queue
[2026-02-07T02:35:24.824+0000] {logging_mixin.py:188} INFO - [2026-02-07T02:35:24.824+0000] {dagbag.py:545} INFO - Filling up the DagBag from /opt/airflow/dags/dl_global_index.py
[2026-02-07T02:35:24.856+0000] {processor.py:840} INFO - DAG(s) 'global_index_minio' retrieved from /opt/airflow/dags/dl_global_index.py
[2026-02-07T02:35:24.882+0000] {logging_mixin.py:188} INFO - [2026-02-07T02:35:24.882+0000] {dag.py:3089} INFO - Sync 1 DAGs
[2026-02-07T02:35:24.905+0000] {logging_mixin.py:188} INFO - [2026-02-07T02:35:24.905+0000] {dag.py:3947} INFO - Setting next_dagrun for global_index_minio to 2026-02-07 00:00:00+00:00, run_after=2026-02-08 00:00:00+00:00
[2026-02-07T02:35:24.925+0000] {processor.py:183} INFO - Processing /opt/airflow/dags/dl_global_index.py took 0.110 seconds
[2026-02-07T02:35:55.638+0000] {processor.py:161} INFO - Started process (PID=1335) to work on /opt/airflow/dags/dl_global_index.py
[2026-02-07T02:35:55.639+0000] {processor.py:830} INFO - Processing file /opt/airflow/dags/dl_global_index.py for tasks to queue
[2026-02-07T02:35:55.640+0000] {logging_mixin.py:188} INFO - [2026-02-07T02:35:55.640+0000] {dagbag.py:545} INFO - Filling up the DagBag from /opt/airflow/dags/dl_global_index.py
[2026-02-07T02:35:55.677+0000] {processor.py:840} INFO - DAG(s) 'global_index_minio' retrieved from /opt/airflow/dags/dl_global_index.py
[2026-02-07T02:35:55.702+0000] {logging_mixin.py:188} INFO - [2026-02-07T02:35:55.702+0000] {dag.py:3089} INFO - Sync 1 DAGs
[2026-02-07T02:35:55.727+0000] {logging_mixin.py:188} INFO - [2026-02-07T02:35:55.726+0000] {dag.py:3947} INFO - Setting next_dagrun for global_index_minio to 2026-02-07 00:00:00+00:00, run_after=2026-02-08 00:00:00+00:00
[2026-02-07T02:35:55.748+0000] {processor.py:183} INFO - Processing /opt/airflow/dags/dl_global_index.py took 0.116 seconds
[2026-02-07T02:36:26.463+0000] {processor.py:161} INFO - Started process (PID=1359) to work on /opt/airflow/dags/dl_global_index.py
[2026-02-07T02:36:26.464+0000] {processor.py:830} INFO - Processing file /opt/airflow/dags/dl_global_index.py for tasks to queue
[2026-02-07T02:36:26.465+0000] {logging_mixin.py:188} INFO - [2026-02-07T02:36:26.465+0000] {dagbag.py:545} INFO - Filling up the DagBag from /opt/airflow/dags/dl_global_index.py
[2026-02-07T02:36:26.507+0000] {processor.py:840} INFO - DAG(s) 'global_index_minio' retrieved from /opt/airflow/dags/dl_global_index.py
[2026-02-07T02:36:26.541+0000] {logging_mixin.py:188} INFO - [2026-02-07T02:36:26.541+0000] {dag.py:3089} INFO - Sync 1 DAGs
[2026-02-07T02:36:26.572+0000] {logging_mixin.py:188} INFO - [2026-02-07T02:36:26.572+0000] {dag.py:3947} INFO - Setting next_dagrun for global_index_minio to 2026-02-07 00:00:00+00:00, run_after=2026-02-08 00:00:00+00:00
[2026-02-07T02:36:26.595+0000] {processor.py:183} INFO - Processing /opt/airflow/dags/dl_global_index.py took 0.140 seconds
[2026-02-07T02:36:56.826+0000] {processor.py:161} INFO - Started process (PID=1383) to work on /opt/airflow/dags/dl_global_index.py
[2026-02-07T02:36:56.827+0000] {processor.py:830} INFO - Processing file /opt/airflow/dags/dl_global_index.py for tasks to queue
[2026-02-07T02:36:56.828+0000] {logging_mixin.py:188} INFO - [2026-02-07T02:36:56.827+0000] {dagbag.py:545} INFO - Filling up the DagBag from /opt/airflow/dags/dl_global_index.py
[2026-02-07T02:36:56.865+0000] {processor.py:840} INFO - DAG(s) 'global_index_minio' retrieved from /opt/airflow/dags/dl_global_index.py
[2026-02-07T02:36:56.894+0000] {logging_mixin.py:188} INFO - [2026-02-07T02:36:56.894+0000] {dag.py:3089} INFO - Sync 1 DAGs
[2026-02-07T02:36:56.918+0000] {logging_mixin.py:188} INFO - [2026-02-07T02:36:56.918+0000] {dag.py:3947} INFO - Setting next_dagrun for global_index_minio to 2026-02-07 00:00:00+00:00, run_after=2026-02-08 00:00:00+00:00
[2026-02-07T02:36:56.943+0000] {processor.py:183} INFO - Processing /opt/airflow/dags/dl_global_index.py took 0.124 seconds
[2026-02-07T02:37:27.168+0000] {processor.py:161} INFO - Started process (PID=1407) to work on /opt/airflow/dags/dl_global_index.py
[2026-02-07T02:37:27.169+0000] {processor.py:830} INFO - Processing file /opt/airflow/dags/dl_global_index.py for tasks to queue
[2026-02-07T02:37:27.170+0000] {logging_mixin.py:188} INFO - [2026-02-07T02:37:27.170+0000] {dagbag.py:545} INFO - Filling up the DagBag from /opt/airflow/dags/dl_global_index.py
[2026-02-07T02:37:27.219+0000] {processor.py:840} INFO - DAG(s) 'global_index_minio' retrieved from /opt/airflow/dags/dl_global_index.py
[2026-02-07T02:37:27.251+0000] {logging_mixin.py:188} INFO - [2026-02-07T02:37:27.251+0000] {dag.py:3089} INFO - Sync 1 DAGs
[2026-02-07T02:37:27.284+0000] {logging_mixin.py:188} INFO - [2026-02-07T02:37:27.283+0000] {dag.py:3947} INFO - Setting next_dagrun for global_index_minio to 2026-02-07 00:00:00+00:00, run_after=2026-02-08 00:00:00+00:00
[2026-02-07T02:37:27.314+0000] {processor.py:183} INFO - Processing /opt/airflow/dags/dl_global_index.py took 0.153 seconds
[2026-02-07T02:37:57.880+0000] {processor.py:161} INFO - Started process (PID=1431) to work on /opt/airflow/dags/dl_global_index.py
[2026-02-07T02:37:57.886+0000] {processor.py:830} INFO - Processing file /opt/airflow/dags/dl_global_index.py for tasks to queue
[2026-02-07T02:37:57.891+0000] {logging_mixin.py:188} INFO - [2026-02-07T02:37:57.890+0000] {dagbag.py:545} INFO - Filling up the DagBag from /opt/airflow/dags/dl_global_index.py
[2026-02-07T02:37:57.987+0000] {processor.py:840} INFO - DAG(s) 'global_index_minio' retrieved from /opt/airflow/dags/dl_global_index.py
[2026-02-07T02:37:58.045+0000] {logging_mixin.py:188} INFO - [2026-02-07T02:37:58.045+0000] {dag.py:3089} INFO - Sync 1 DAGs
[2026-02-07T02:37:58.096+0000] {logging_mixin.py:188} INFO - [2026-02-07T02:37:58.096+0000] {dag.py:3947} INFO - Setting next_dagrun for global_index_minio to 2026-02-07 00:00:00+00:00, run_after=2026-02-08 00:00:00+00:00
[2026-02-07T02:37:58.127+0000] {processor.py:183} INFO - Processing /opt/airflow/dags/dl_global_index.py took 0.255 seconds
[2026-02-07T02:38:28.249+0000] {processor.py:161} INFO - Started process (PID=1455) to work on /opt/airflow/dags/dl_global_index.py
[2026-02-07T02:38:28.249+0000] {processor.py:830} INFO - Processing file /opt/airflow/dags/dl_global_index.py for tasks to queue
[2026-02-07T02:38:28.250+0000] {logging_mixin.py:188} INFO - [2026-02-07T02:38:28.250+0000] {dagbag.py:545} INFO - Filling up the DagBag from /opt/airflow/dags/dl_global_index.py
[2026-02-07T02:38:28.282+0000] {processor.py:840} INFO - DAG(s) 'global_index_minio' retrieved from /opt/airflow/dags/dl_global_index.py
[2026-02-07T02:38:28.305+0000] {logging_mixin.py:188} INFO - [2026-02-07T02:38:28.305+0000] {dag.py:3089} INFO - Sync 1 DAGs
[2026-02-07T02:38:28.327+0000] {logging_mixin.py:188} INFO - [2026-02-07T02:38:28.327+0000] {dag.py:3947} INFO - Setting next_dagrun for global_index_minio to 2026-02-07 00:00:00+00:00, run_after=2026-02-08 00:00:00+00:00
[2026-02-07T02:38:28.349+0000] {processor.py:183} INFO - Processing /opt/airflow/dags/dl_global_index.py took 0.106 seconds
[2026-02-07T02:38:58.722+0000] {processor.py:161} INFO - Started process (PID=1480) to work on /opt/airflow/dags/dl_global_index.py
[2026-02-07T02:38:58.723+0000] {processor.py:830} INFO - Processing file /opt/airflow/dags/dl_global_index.py for tasks to queue
[2026-02-07T02:38:58.724+0000] {logging_mixin.py:188} INFO - [2026-02-07T02:38:58.723+0000] {dagbag.py:545} INFO - Filling up the DagBag from /opt/airflow/dags/dl_global_index.py
[2026-02-07T02:38:58.758+0000] {processor.py:840} INFO - DAG(s) 'global_index_minio' retrieved from /opt/airflow/dags/dl_global_index.py
[2026-02-07T02:38:58.792+0000] {logging_mixin.py:188} INFO - [2026-02-07T02:38:58.791+0000] {dag.py:3089} INFO - Sync 1 DAGs
[2026-02-07T02:38:58.829+0000] {logging_mixin.py:188} INFO - [2026-02-07T02:38:58.828+0000] {dag.py:3947} INFO - Setting next_dagrun for global_index_minio to 2026-02-07 00:00:00+00:00, run_after=2026-02-08 00:00:00+00:00
[2026-02-07T02:38:58.855+0000] {processor.py:183} INFO - Processing /opt/airflow/dags/dl_global_index.py took 0.139 seconds
[2026-02-07T02:39:29.663+0000] {processor.py:161} INFO - Started process (PID=1504) to work on /opt/airflow/dags/dl_global_index.py
[2026-02-07T02:39:29.664+0000] {processor.py:830} INFO - Processing file /opt/airflow/dags/dl_global_index.py for tasks to queue
[2026-02-07T02:39:29.665+0000] {logging_mixin.py:188} INFO - [2026-02-07T02:39:29.665+0000] {dagbag.py:545} INFO - Filling up the DagBag from /opt/airflow/dags/dl_global_index.py
[2026-02-07T02:39:29.696+0000] {processor.py:840} INFO - DAG(s) 'global_index_minio' retrieved from /opt/airflow/dags/dl_global_index.py
[2026-02-07T02:39:29.722+0000] {logging_mixin.py:188} INFO - [2026-02-07T02:39:29.722+0000] {dag.py:3089} INFO - Sync 1 DAGs
[2026-02-07T02:39:29.746+0000] {logging_mixin.py:188} INFO - [2026-02-07T02:39:29.746+0000] {dag.py:3947} INFO - Setting next_dagrun for global_index_minio to 2026-02-07 00:00:00+00:00, run_after=2026-02-08 00:00:00+00:00
[2026-02-07T02:39:29.766+0000] {processor.py:183} INFO - Processing /opt/airflow/dags/dl_global_index.py took 0.109 seconds
[2026-02-07T02:40:00.451+0000] {processor.py:161} INFO - Started process (PID=1528) to work on /opt/airflow/dags/dl_global_index.py
[2026-02-07T02:40:00.452+0000] {processor.py:830} INFO - Processing file /opt/airflow/dags/dl_global_index.py for tasks to queue
[2026-02-07T02:40:00.453+0000] {logging_mixin.py:188} INFO - [2026-02-07T02:40:00.453+0000] {dagbag.py:545} INFO - Filling up the DagBag from /opt/airflow/dags/dl_global_index.py
[2026-02-07T02:40:00.496+0000] {processor.py:840} INFO - DAG(s) 'global_index_minio' retrieved from /opt/airflow/dags/dl_global_index.py
[2026-02-07T02:40:00.535+0000] {logging_mixin.py:188} INFO - [2026-02-07T02:40:00.534+0000] {dag.py:3089} INFO - Sync 1 DAGs
[2026-02-07T02:40:00.571+0000] {logging_mixin.py:188} INFO - [2026-02-07T02:40:00.571+0000] {dag.py:3947} INFO - Setting next_dagrun for global_index_minio to 2026-02-07 00:00:00+00:00, run_after=2026-02-08 00:00:00+00:00
[2026-02-07T02:40:00.604+0000] {processor.py:183} INFO - Processing /opt/airflow/dags/dl_global_index.py took 0.161 seconds
[2026-02-07T02:40:30.782+0000] {processor.py:161} INFO - Started process (PID=1558) to work on /opt/airflow/dags/dl_global_index.py
[2026-02-07T02:40:30.783+0000] {processor.py:830} INFO - Processing file /opt/airflow/dags/dl_global_index.py for tasks to queue
[2026-02-07T02:40:30.785+0000] {logging_mixin.py:188} INFO - [2026-02-07T02:40:30.785+0000] {dagbag.py:545} INFO - Filling up the DagBag from /opt/airflow/dags/dl_global_index.py
[2026-02-07T02:40:30.893+0000] {processor.py:840} INFO - DAG(s) 'global_index_minio' retrieved from /opt/airflow/dags/dl_global_index.py
[2026-02-07T02:40:30.968+0000] {logging_mixin.py:188} INFO - [2026-02-07T02:40:30.967+0000] {dag.py:3089} INFO - Sync 1 DAGs
[2026-02-07T02:40:31.034+0000] {logging_mixin.py:188} INFO - [2026-02-07T02:40:31.033+0000] {dag.py:3947} INFO - Setting next_dagrun for global_index_minio to 2026-02-07 00:00:00+00:00, run_after=2026-02-08 00:00:00+00:00
[2026-02-07T02:40:31.076+0000] {processor.py:183} INFO - Processing /opt/airflow/dags/dl_global_index.py took 0.317 seconds
[2026-02-07T02:41:01.175+0000] {processor.py:161} INFO - Started process (PID=1587) to work on /opt/airflow/dags/dl_global_index.py
[2026-02-07T02:41:01.176+0000] {processor.py:830} INFO - Processing file /opt/airflow/dags/dl_global_index.py for tasks to queue
[2026-02-07T02:41:01.177+0000] {logging_mixin.py:188} INFO - [2026-02-07T02:41:01.177+0000] {dagbag.py:545} INFO - Filling up the DagBag from /opt/airflow/dags/dl_global_index.py
[2026-02-07T02:41:01.218+0000] {processor.py:840} INFO - DAG(s) 'global_index_minio' retrieved from /opt/airflow/dags/dl_global_index.py
[2026-02-07T02:41:01.255+0000] {logging_mixin.py:188} INFO - [2026-02-07T02:41:01.255+0000] {dag.py:3089} INFO - Sync 1 DAGs
[2026-02-07T02:41:01.277+0000] {logging_mixin.py:188} INFO - [2026-02-07T02:41:01.277+0000] {dag.py:3947} INFO - Setting next_dagrun for global_index_minio to 2026-02-07 00:00:00+00:00, run_after=2026-02-08 00:00:00+00:00
[2026-02-07T02:41:01.296+0000] {processor.py:183} INFO - Processing /opt/airflow/dags/dl_global_index.py took 0.127 seconds
[2026-02-07T02:41:31.988+0000] {processor.py:161} INFO - Started process (PID=1612) to work on /opt/airflow/dags/dl_global_index.py
[2026-02-07T02:41:31.989+0000] {processor.py:830} INFO - Processing file /opt/airflow/dags/dl_global_index.py for tasks to queue
[2026-02-07T02:41:31.990+0000] {logging_mixin.py:188} INFO - [2026-02-07T02:41:31.990+0000] {dagbag.py:545} INFO - Filling up the DagBag from /opt/airflow/dags/dl_global_index.py
[2026-02-07T02:41:32.018+0000] {processor.py:840} INFO - DAG(s) 'global_index_minio' retrieved from /opt/airflow/dags/dl_global_index.py
[2026-02-07T02:41:32.043+0000] {logging_mixin.py:188} INFO - [2026-02-07T02:41:32.042+0000] {dag.py:3089} INFO - Sync 1 DAGs
[2026-02-07T02:41:32.068+0000] {logging_mixin.py:188} INFO - [2026-02-07T02:41:32.067+0000] {dag.py:3947} INFO - Setting next_dagrun for global_index_minio to 2026-02-07 00:00:00+00:00, run_after=2026-02-08 00:00:00+00:00
[2026-02-07T02:41:32.087+0000] {processor.py:183} INFO - Processing /opt/airflow/dags/dl_global_index.py took 0.106 seconds
[2026-02-07T02:42:02.639+0000] {processor.py:161} INFO - Started process (PID=1636) to work on /opt/airflow/dags/dl_global_index.py
[2026-02-07T02:42:02.640+0000] {processor.py:830} INFO - Processing file /opt/airflow/dags/dl_global_index.py for tasks to queue
[2026-02-07T02:42:02.641+0000] {logging_mixin.py:188} INFO - [2026-02-07T02:42:02.641+0000] {dagbag.py:545} INFO - Filling up the DagBag from /opt/airflow/dags/dl_global_index.py
[2026-02-07T02:42:02.667+0000] {processor.py:840} INFO - DAG(s) 'global_index_minio' retrieved from /opt/airflow/dags/dl_global_index.py
[2026-02-07T02:42:02.687+0000] {logging_mixin.py:188} INFO - [2026-02-07T02:42:02.687+0000] {dag.py:3089} INFO - Sync 1 DAGs
[2026-02-07T02:42:02.710+0000] {logging_mixin.py:188} INFO - [2026-02-07T02:42:02.710+0000] {dag.py:3947} INFO - Setting next_dagrun for global_index_minio to 2026-02-07 00:00:00+00:00, run_after=2026-02-08 00:00:00+00:00
[2026-02-07T02:42:02.727+0000] {processor.py:183} INFO - Processing /opt/airflow/dags/dl_global_index.py took 0.093 seconds
[2026-02-07T02:42:33.132+0000] {processor.py:161} INFO - Started process (PID=1660) to work on /opt/airflow/dags/dl_global_index.py
[2026-02-07T02:42:33.133+0000] {processor.py:830} INFO - Processing file /opt/airflow/dags/dl_global_index.py for tasks to queue
[2026-02-07T02:42:33.134+0000] {logging_mixin.py:188} INFO - [2026-02-07T02:42:33.133+0000] {dagbag.py:545} INFO - Filling up the DagBag from /opt/airflow/dags/dl_global_index.py
[2026-02-07T02:42:33.166+0000] {processor.py:840} INFO - DAG(s) 'global_index_minio' retrieved from /opt/airflow/dags/dl_global_index.py
[2026-02-07T02:42:33.189+0000] {logging_mixin.py:188} INFO - [2026-02-07T02:42:33.188+0000] {dag.py:3089} INFO - Sync 1 DAGs
[2026-02-07T02:42:33.212+0000] {logging_mixin.py:188} INFO - [2026-02-07T02:42:33.211+0000] {dag.py:3947} INFO - Setting next_dagrun for global_index_minio to 2026-02-07 00:00:00+00:00, run_after=2026-02-08 00:00:00+00:00
[2026-02-07T02:42:33.230+0000] {processor.py:183} INFO - Processing /opt/airflow/dags/dl_global_index.py took 0.103 seconds
[2026-02-07T02:43:03.771+0000] {processor.py:161} INFO - Started process (PID=1684) to work on /opt/airflow/dags/dl_global_index.py
[2026-02-07T02:43:03.771+0000] {processor.py:830} INFO - Processing file /opt/airflow/dags/dl_global_index.py for tasks to queue
[2026-02-07T02:43:03.772+0000] {logging_mixin.py:188} INFO - [2026-02-07T02:43:03.772+0000] {dagbag.py:545} INFO - Filling up the DagBag from /opt/airflow/dags/dl_global_index.py
[2026-02-07T02:43:03.799+0000] {processor.py:840} INFO - DAG(s) 'global_index_minio' retrieved from /opt/airflow/dags/dl_global_index.py
[2026-02-07T02:43:03.821+0000] {logging_mixin.py:188} INFO - [2026-02-07T02:43:03.821+0000] {dag.py:3089} INFO - Sync 1 DAGs
[2026-02-07T02:43:03.841+0000] {logging_mixin.py:188} INFO - [2026-02-07T02:43:03.841+0000] {dag.py:3947} INFO - Setting next_dagrun for global_index_minio to 2026-02-07 00:00:00+00:00, run_after=2026-02-08 00:00:00+00:00
[2026-02-07T02:43:03.862+0000] {processor.py:183} INFO - Processing /opt/airflow/dags/dl_global_index.py took 0.096 seconds
[2026-02-07T02:43:34.693+0000] {processor.py:161} INFO - Started process (PID=1708) to work on /opt/airflow/dags/dl_global_index.py
[2026-02-07T02:43:34.694+0000] {processor.py:830} INFO - Processing file /opt/airflow/dags/dl_global_index.py for tasks to queue
[2026-02-07T02:43:34.695+0000] {logging_mixin.py:188} INFO - [2026-02-07T02:43:34.694+0000] {dagbag.py:545} INFO - Filling up the DagBag from /opt/airflow/dags/dl_global_index.py
[2026-02-07T02:43:34.720+0000] {processor.py:840} INFO - DAG(s) 'global_index_minio' retrieved from /opt/airflow/dags/dl_global_index.py
[2026-02-07T02:43:34.741+0000] {logging_mixin.py:188} INFO - [2026-02-07T02:43:34.741+0000] {dag.py:3089} INFO - Sync 1 DAGs
[2026-02-07T02:43:34.763+0000] {logging_mixin.py:188} INFO - [2026-02-07T02:43:34.763+0000] {dag.py:3947} INFO - Setting next_dagrun for global_index_minio to 2026-02-07 00:00:00+00:00, run_after=2026-02-08 00:00:00+00:00
[2026-02-07T02:43:34.784+0000] {processor.py:183} INFO - Processing /opt/airflow/dags/dl_global_index.py took 0.095 seconds
[2026-02-07T02:44:05.342+0000] {processor.py:161} INFO - Started process (PID=1732) to work on /opt/airflow/dags/dl_global_index.py
[2026-02-07T02:44:05.342+0000] {processor.py:830} INFO - Processing file /opt/airflow/dags/dl_global_index.py for tasks to queue
[2026-02-07T02:44:05.343+0000] {logging_mixin.py:188} INFO - [2026-02-07T02:44:05.343+0000] {dagbag.py:545} INFO - Filling up the DagBag from /opt/airflow/dags/dl_global_index.py
[2026-02-07T02:44:05.374+0000] {processor.py:840} INFO - DAG(s) 'global_index_minio' retrieved from /opt/airflow/dags/dl_global_index.py
[2026-02-07T02:44:05.397+0000] {logging_mixin.py:188} INFO - [2026-02-07T02:44:05.397+0000] {dag.py:3089} INFO - Sync 1 DAGs
[2026-02-07T02:44:05.421+0000] {logging_mixin.py:188} INFO - [2026-02-07T02:44:05.421+0000] {dag.py:3947} INFO - Setting next_dagrun for global_index_minio to 2026-02-07 00:00:00+00:00, run_after=2026-02-08 00:00:00+00:00
[2026-02-07T02:44:05.440+0000] {processor.py:183} INFO - Processing /opt/airflow/dags/dl_global_index.py took 0.103 seconds
[2026-02-07T02:44:35.928+0000] {processor.py:161} INFO - Started process (PID=1756) to work on /opt/airflow/dags/dl_global_index.py
[2026-02-07T02:44:35.929+0000] {processor.py:830} INFO - Processing file /opt/airflow/dags/dl_global_index.py for tasks to queue
[2026-02-07T02:44:35.930+0000] {logging_mixin.py:188} INFO - [2026-02-07T02:44:35.930+0000] {dagbag.py:545} INFO - Filling up the DagBag from /opt/airflow/dags/dl_global_index.py
[2026-02-07T02:44:35.959+0000] {processor.py:840} INFO - DAG(s) 'global_index_minio' retrieved from /opt/airflow/dags/dl_global_index.py
[2026-02-07T02:44:35.981+0000] {logging_mixin.py:188} INFO - [2026-02-07T02:44:35.981+0000] {dag.py:3089} INFO - Sync 1 DAGs
[2026-02-07T02:44:36.002+0000] {logging_mixin.py:188} INFO - [2026-02-07T02:44:36.001+0000] {dag.py:3947} INFO - Setting next_dagrun for global_index_minio to 2026-02-07 00:00:00+00:00, run_after=2026-02-08 00:00:00+00:00
[2026-02-07T02:44:36.018+0000] {processor.py:183} INFO - Processing /opt/airflow/dags/dl_global_index.py took 0.097 seconds
[2026-02-07T02:45:06.879+0000] {processor.py:161} INFO - Started process (PID=1780) to work on /opt/airflow/dags/dl_global_index.py
[2026-02-07T02:45:06.880+0000] {processor.py:830} INFO - Processing file /opt/airflow/dags/dl_global_index.py for tasks to queue
[2026-02-07T02:45:06.883+0000] {logging_mixin.py:188} INFO - [2026-02-07T02:45:06.882+0000] {dagbag.py:545} INFO - Filling up the DagBag from /opt/airflow/dags/dl_global_index.py
[2026-02-07T02:45:06.928+0000] {processor.py:840} INFO - DAG(s) 'global_index_minio' retrieved from /opt/airflow/dags/dl_global_index.py
[2026-02-07T02:45:06.956+0000] {logging_mixin.py:188} INFO - [2026-02-07T02:45:06.955+0000] {dag.py:3089} INFO - Sync 1 DAGs
[2026-02-07T02:45:06.983+0000] {logging_mixin.py:188} INFO - [2026-02-07T02:45:06.983+0000] {dag.py:3947} INFO - Setting next_dagrun for global_index_minio to 2026-02-07 00:00:00+00:00, run_after=2026-02-08 00:00:00+00:00
[2026-02-07T02:45:07.012+0000] {processor.py:183} INFO - Processing /opt/airflow/dags/dl_global_index.py took 0.141 seconds
[2026-02-07T02:45:37.446+0000] {processor.py:161} INFO - Started process (PID=1805) to work on /opt/airflow/dags/dl_global_index.py
[2026-02-07T02:45:37.447+0000] {processor.py:830} INFO - Processing file /opt/airflow/dags/dl_global_index.py for tasks to queue
[2026-02-07T02:45:37.448+0000] {logging_mixin.py:188} INFO - [2026-02-07T02:45:37.447+0000] {dagbag.py:545} INFO - Filling up the DagBag from /opt/airflow/dags/dl_global_index.py
[2026-02-07T02:45:37.487+0000] {processor.py:840} INFO - DAG(s) 'global_index_minio' retrieved from /opt/airflow/dags/dl_global_index.py
[2026-02-07T02:45:37.519+0000] {logging_mixin.py:188} INFO - [2026-02-07T02:45:37.519+0000] {dag.py:3089} INFO - Sync 1 DAGs
[2026-02-07T02:45:37.555+0000] {logging_mixin.py:188} INFO - [2026-02-07T02:45:37.555+0000] {dag.py:3947} INFO - Setting next_dagrun for global_index_minio to 2026-02-07 00:00:00+00:00, run_after=2026-02-08 00:00:00+00:00
[2026-02-07T02:45:37.605+0000] {processor.py:183} INFO - Processing /opt/airflow/dags/dl_global_index.py took 0.167 seconds
[2026-02-07T02:46:08.198+0000] {processor.py:161} INFO - Started process (PID=1830) to work on /opt/airflow/dags/dl_global_index.py
[2026-02-07T02:46:08.198+0000] {processor.py:830} INFO - Processing file /opt/airflow/dags/dl_global_index.py for tasks to queue
[2026-02-07T02:46:08.200+0000] {logging_mixin.py:188} INFO - [2026-02-07T02:46:08.199+0000] {dagbag.py:545} INFO - Filling up the DagBag from /opt/airflow/dags/dl_global_index.py
[2026-02-07T02:46:08.242+0000] {processor.py:840} INFO - DAG(s) 'global_index_minio' retrieved from /opt/airflow/dags/dl_global_index.py
[2026-02-07T02:46:08.275+0000] {logging_mixin.py:188} INFO - [2026-02-07T02:46:08.275+0000] {dag.py:3089} INFO - Sync 1 DAGs
[2026-02-07T02:46:08.307+0000] {logging_mixin.py:188} INFO - [2026-02-07T02:46:08.307+0000] {dag.py:3947} INFO - Setting next_dagrun for global_index_minio to 2026-02-07 00:00:00+00:00, run_after=2026-02-08 00:00:00+00:00
[2026-02-07T02:46:08.337+0000] {processor.py:183} INFO - Processing /opt/airflow/dags/dl_global_index.py took 0.146 seconds
[2026-02-07T02:46:38.480+0000] {processor.py:161} INFO - Started process (PID=1854) to work on /opt/airflow/dags/dl_global_index.py
[2026-02-07T02:46:38.481+0000] {processor.py:830} INFO - Processing file /opt/airflow/dags/dl_global_index.py for tasks to queue
[2026-02-07T02:46:38.482+0000] {logging_mixin.py:188} INFO - [2026-02-07T02:46:38.482+0000] {dagbag.py:545} INFO - Filling up the DagBag from /opt/airflow/dags/dl_global_index.py
[2026-02-07T02:46:38.510+0000] {processor.py:840} INFO - DAG(s) 'global_index_minio' retrieved from /opt/airflow/dags/dl_global_index.py
[2026-02-07T02:46:38.532+0000] {logging_mixin.py:188} INFO - [2026-02-07T02:46:38.532+0000] {dag.py:3089} INFO - Sync 1 DAGs
[2026-02-07T02:46:38.556+0000] {logging_mixin.py:188} INFO - [2026-02-07T02:46:38.555+0000] {dag.py:3947} INFO - Setting next_dagrun for global_index_minio to 2026-02-07 00:00:00+00:00, run_after=2026-02-08 00:00:00+00:00
[2026-02-07T02:46:38.572+0000] {processor.py:183} INFO - Processing /opt/airflow/dags/dl_global_index.py took 0.097 seconds
[2026-02-07T02:47:09.295+0000] {processor.py:161} INFO - Started process (PID=1877) to work on /opt/airflow/dags/dl_global_index.py
[2026-02-07T02:47:09.296+0000] {processor.py:830} INFO - Processing file /opt/airflow/dags/dl_global_index.py for tasks to queue
[2026-02-07T02:47:09.297+0000] {logging_mixin.py:188} INFO - [2026-02-07T02:47:09.297+0000] {dagbag.py:545} INFO - Filling up the DagBag from /opt/airflow/dags/dl_global_index.py
[2026-02-07T02:47:09.344+0000] {processor.py:840} INFO - DAG(s) 'global_index_minio' retrieved from /opt/airflow/dags/dl_global_index.py
[2026-02-07T02:47:09.375+0000] {logging_mixin.py:188} INFO - [2026-02-07T02:47:09.374+0000] {dag.py:3089} INFO - Sync 1 DAGs
[2026-02-07T02:47:09.398+0000] {logging_mixin.py:188} INFO - [2026-02-07T02:47:09.398+0000] {dag.py:3947} INFO - Setting next_dagrun for global_index_minio to 2026-02-07 00:00:00+00:00, run_after=2026-02-08 00:00:00+00:00
[2026-02-07T02:47:09.429+0000] {processor.py:183} INFO - Processing /opt/airflow/dags/dl_global_index.py took 0.142 seconds
[2026-02-07T02:47:39.547+0000] {processor.py:161} INFO - Started process (PID=1900) to work on /opt/airflow/dags/dl_global_index.py
[2026-02-07T02:47:39.548+0000] {processor.py:830} INFO - Processing file /opt/airflow/dags/dl_global_index.py for tasks to queue
[2026-02-07T02:47:39.549+0000] {logging_mixin.py:188} INFO - [2026-02-07T02:47:39.549+0000] {dagbag.py:545} INFO - Filling up the DagBag from /opt/airflow/dags/dl_global_index.py
[2026-02-07T02:47:39.590+0000] {processor.py:840} INFO - DAG(s) 'global_index_minio' retrieved from /opt/airflow/dags/dl_global_index.py
[2026-02-07T02:47:39.613+0000] {logging_mixin.py:188} INFO - [2026-02-07T02:47:39.613+0000] {dag.py:3089} INFO - Sync 1 DAGs
[2026-02-07T02:47:39.642+0000] {logging_mixin.py:188} INFO - [2026-02-07T02:47:39.642+0000] {dag.py:3947} INFO - Setting next_dagrun for global_index_minio to 2026-02-07 00:00:00+00:00, run_after=2026-02-08 00:00:00+00:00
[2026-02-07T02:47:39.665+0000] {processor.py:183} INFO - Processing /opt/airflow/dags/dl_global_index.py took 0.128 seconds
[2026-02-07T02:48:10.475+0000] {processor.py:161} INFO - Started process (PID=1923) to work on /opt/airflow/dags/dl_global_index.py
[2026-02-07T02:48:10.476+0000] {processor.py:830} INFO - Processing file /opt/airflow/dags/dl_global_index.py for tasks to queue
[2026-02-07T02:48:10.478+0000] {logging_mixin.py:188} INFO - [2026-02-07T02:48:10.478+0000] {dagbag.py:545} INFO - Filling up the DagBag from /opt/airflow/dags/dl_global_index.py
[2026-02-07T02:48:10.519+0000] {processor.py:840} INFO - DAG(s) 'global_index_minio' retrieved from /opt/airflow/dags/dl_global_index.py
[2026-02-07T02:48:10.547+0000] {logging_mixin.py:188} INFO - [2026-02-07T02:48:10.547+0000] {dag.py:3089} INFO - Sync 1 DAGs
[2026-02-07T02:48:10.568+0000] {logging_mixin.py:188} INFO - [2026-02-07T02:48:10.568+0000] {dag.py:3947} INFO - Setting next_dagrun for global_index_minio to 2026-02-07 00:00:00+00:00, run_after=2026-02-08 00:00:00+00:00
[2026-02-07T02:48:10.589+0000] {processor.py:183} INFO - Processing /opt/airflow/dags/dl_global_index.py took 0.121 seconds
[2026-02-07T02:48:41.225+0000] {processor.py:161} INFO - Started process (PID=1947) to work on /opt/airflow/dags/dl_global_index.py
[2026-02-07T02:48:41.226+0000] {processor.py:830} INFO - Processing file /opt/airflow/dags/dl_global_index.py for tasks to queue
[2026-02-07T02:48:41.227+0000] {logging_mixin.py:188} INFO - [2026-02-07T02:48:41.227+0000] {dagbag.py:545} INFO - Filling up the DagBag from /opt/airflow/dags/dl_global_index.py
[2026-02-07T02:48:41.258+0000] {processor.py:840} INFO - DAG(s) 'global_index_minio' retrieved from /opt/airflow/dags/dl_global_index.py
[2026-02-07T02:48:41.282+0000] {logging_mixin.py:188} INFO - [2026-02-07T02:48:41.282+0000] {dag.py:3089} INFO - Sync 1 DAGs
[2026-02-07T02:48:41.304+0000] {logging_mixin.py:188} INFO - [2026-02-07T02:48:41.304+0000] {dag.py:3947} INFO - Setting next_dagrun for global_index_minio to 2026-02-07 00:00:00+00:00, run_after=2026-02-08 00:00:00+00:00
[2026-02-07T02:48:41.326+0000] {processor.py:183} INFO - Processing /opt/airflow/dags/dl_global_index.py took 0.107 seconds
[2026-02-07T02:49:12.058+0000] {processor.py:161} INFO - Started process (PID=1970) to work on /opt/airflow/dags/dl_global_index.py
[2026-02-07T02:49:12.058+0000] {processor.py:830} INFO - Processing file /opt/airflow/dags/dl_global_index.py for tasks to queue
[2026-02-07T02:49:12.059+0000] {logging_mixin.py:188} INFO - [2026-02-07T02:49:12.059+0000] {dagbag.py:545} INFO - Filling up the DagBag from /opt/airflow/dags/dl_global_index.py
[2026-02-07T02:49:12.098+0000] {processor.py:840} INFO - DAG(s) 'global_index_minio' retrieved from /opt/airflow/dags/dl_global_index.py
[2026-02-07T02:49:12.143+0000] {logging_mixin.py:188} INFO - [2026-02-07T02:49:12.143+0000] {dag.py:3089} INFO - Sync 1 DAGs
[2026-02-07T02:49:12.176+0000] {logging_mixin.py:188} INFO - [2026-02-07T02:49:12.176+0000] {dag.py:3947} INFO - Setting next_dagrun for global_index_minio to 2026-02-07 00:00:00+00:00, run_after=2026-02-08 00:00:00+00:00
[2026-02-07T02:49:12.203+0000] {processor.py:183} INFO - Processing /opt/airflow/dags/dl_global_index.py took 0.151 seconds
[2026-02-07T02:50:00.692+0000] {processor.py:161} INFO - Started process (PID=79) to work on /opt/airflow/dags/dl_global_index.py
[2026-02-07T02:50:00.693+0000] {processor.py:830} INFO - Processing file /opt/airflow/dags/dl_global_index.py for tasks to queue
[2026-02-07T02:50:00.694+0000] {logging_mixin.py:188} INFO - [2026-02-07T02:50:00.693+0000] {dagbag.py:545} INFO - Filling up the DagBag from /opt/airflow/dags/dl_global_index.py
[2026-02-07T02:50:00.729+0000] {processor.py:840} INFO - DAG(s) 'global_index_minio' retrieved from /opt/airflow/dags/dl_global_index.py
[2026-02-07T02:50:00.764+0000] {logging_mixin.py:188} INFO - [2026-02-07T02:50:00.764+0000] {dag.py:3089} INFO - Sync 1 DAGs
[2026-02-07T02:50:00.788+0000] {logging_mixin.py:188} INFO - [2026-02-07T02:50:00.788+0000] {dag.py:3947} INFO - Setting next_dagrun for global_index_minio to 2026-02-07 00:00:00+00:00, run_after=2026-02-08 00:00:00+00:00
[2026-02-07T02:50:00.809+0000] {processor.py:183} INFO - Processing /opt/airflow/dags/dl_global_index.py took 0.122 seconds
[2026-02-07T02:50:31.373+0000] {processor.py:161} INFO - Started process (PID=103) to work on /opt/airflow/dags/dl_global_index.py
[2026-02-07T02:50:31.374+0000] {processor.py:830} INFO - Processing file /opt/airflow/dags/dl_global_index.py for tasks to queue
[2026-02-07T02:50:31.375+0000] {logging_mixin.py:188} INFO - [2026-02-07T02:50:31.374+0000] {dagbag.py:545} INFO - Filling up the DagBag from /opt/airflow/dags/dl_global_index.py
[2026-02-07T02:50:31.402+0000] {processor.py:840} INFO - DAG(s) 'global_index_minio' retrieved from /opt/airflow/dags/dl_global_index.py
[2026-02-07T02:50:31.431+0000] {logging_mixin.py:188} INFO - [2026-02-07T02:50:31.431+0000] {dag.py:3089} INFO - Sync 1 DAGs
[2026-02-07T02:50:31.453+0000] {logging_mixin.py:188} INFO - [2026-02-07T02:50:31.452+0000] {dag.py:3947} INFO - Setting next_dagrun for global_index_minio to 2026-02-07 00:00:00+00:00, run_after=2026-02-08 00:00:00+00:00
[2026-02-07T02:50:31.473+0000] {processor.py:183} INFO - Processing /opt/airflow/dags/dl_global_index.py took 0.105 seconds
[2026-02-07T02:51:02.357+0000] {processor.py:161} INFO - Started process (PID=127) to work on /opt/airflow/dags/dl_global_index.py
[2026-02-07T02:51:02.358+0000] {processor.py:830} INFO - Processing file /opt/airflow/dags/dl_global_index.py for tasks to queue
[2026-02-07T02:51:02.359+0000] {logging_mixin.py:188} INFO - [2026-02-07T02:51:02.359+0000] {dagbag.py:545} INFO - Filling up the DagBag from /opt/airflow/dags/dl_global_index.py
[2026-02-07T02:51:02.417+0000] {processor.py:840} INFO - DAG(s) 'global_index_minio' retrieved from /opt/airflow/dags/dl_global_index.py
[2026-02-07T02:51:02.481+0000] {logging_mixin.py:188} INFO - [2026-02-07T02:51:02.481+0000] {dag.py:3089} INFO - Sync 1 DAGs
[2026-02-07T02:51:02.515+0000] {logging_mixin.py:188} INFO - [2026-02-07T02:51:02.515+0000] {dag.py:3947} INFO - Setting next_dagrun for global_index_minio to 2026-02-07 00:00:00+00:00, run_after=2026-02-08 00:00:00+00:00
[2026-02-07T02:51:02.544+0000] {processor.py:183} INFO - Processing /opt/airflow/dags/dl_global_index.py took 0.203 seconds
[2026-02-07T02:51:32.599+0000] {processor.py:161} INFO - Started process (PID=151) to work on /opt/airflow/dags/dl_global_index.py
[2026-02-07T02:51:32.600+0000] {processor.py:830} INFO - Processing file /opt/airflow/dags/dl_global_index.py for tasks to queue
[2026-02-07T02:51:32.601+0000] {logging_mixin.py:188} INFO - [2026-02-07T02:51:32.600+0000] {dagbag.py:545} INFO - Filling up the DagBag from /opt/airflow/dags/dl_global_index.py
[2026-02-07T02:51:32.623+0000] {processor.py:840} INFO - DAG(s) 'global_index_minio' retrieved from /opt/airflow/dags/dl_global_index.py
[2026-02-07T02:51:32.722+0000] {logging_mixin.py:188} INFO - [2026-02-07T02:51:32.721+0000] {dag.py:3089} INFO - Sync 1 DAGs
[2026-02-07T02:51:32.739+0000] {logging_mixin.py:188} INFO - [2026-02-07T02:51:32.739+0000] {dag.py:3947} INFO - Setting next_dagrun for global_index_minio to 2026-02-07 00:00:00+00:00, run_after=2026-02-08 00:00:00+00:00
[2026-02-07T02:51:32.757+0000] {processor.py:183} INFO - Processing /opt/airflow/dags/dl_global_index.py took 0.163 seconds
[2026-02-07T02:52:02.994+0000] {processor.py:161} INFO - Started process (PID=181) to work on /opt/airflow/dags/dl_global_index.py
[2026-02-07T02:52:02.995+0000] {processor.py:830} INFO - Processing file /opt/airflow/dags/dl_global_index.py for tasks to queue
[2026-02-07T02:52:02.996+0000] {logging_mixin.py:188} INFO - [2026-02-07T02:52:02.995+0000] {dagbag.py:545} INFO - Filling up the DagBag from /opt/airflow/dags/dl_global_index.py
[2026-02-07T02:52:03.022+0000] {processor.py:840} INFO - DAG(s) 'global_index_minio' retrieved from /opt/airflow/dags/dl_global_index.py
[2026-02-07T02:52:03.044+0000] {logging_mixin.py:188} INFO - [2026-02-07T02:52:03.044+0000] {dag.py:3089} INFO - Sync 1 DAGs
[2026-02-07T02:52:03.068+0000] {logging_mixin.py:188} INFO - [2026-02-07T02:52:03.068+0000] {dag.py:3947} INFO - Setting next_dagrun for global_index_minio to 2026-02-07 00:00:00+00:00, run_after=2026-02-08 00:00:00+00:00
[2026-02-07T02:52:03.086+0000] {processor.py:183} INFO - Processing /opt/airflow/dags/dl_global_index.py took 0.097 seconds
[2026-02-07T02:52:33.719+0000] {processor.py:161} INFO - Started process (PID=205) to work on /opt/airflow/dags/dl_global_index.py
[2026-02-07T02:52:33.719+0000] {processor.py:830} INFO - Processing file /opt/airflow/dags/dl_global_index.py for tasks to queue
[2026-02-07T02:52:33.720+0000] {logging_mixin.py:188} INFO - [2026-02-07T02:52:33.720+0000] {dagbag.py:545} INFO - Filling up the DagBag from /opt/airflow/dags/dl_global_index.py
[2026-02-07T02:52:33.743+0000] {processor.py:840} INFO - DAG(s) 'global_index_minio' retrieved from /opt/airflow/dags/dl_global_index.py
[2026-02-07T02:52:33.766+0000] {logging_mixin.py:188} INFO - [2026-02-07T02:52:33.765+0000] {dag.py:3089} INFO - Sync 1 DAGs
[2026-02-07T02:52:33.790+0000] {logging_mixin.py:188} INFO - [2026-02-07T02:52:33.790+0000] {dag.py:3947} INFO - Setting next_dagrun for global_index_minio to 2026-02-07 00:00:00+00:00, run_after=2026-02-08 00:00:00+00:00
[2026-02-07T02:52:33.810+0000] {processor.py:183} INFO - Processing /opt/airflow/dags/dl_global_index.py took 0.096 seconds
[2026-02-07T02:53:04.460+0000] {processor.py:161} INFO - Started process (PID=229) to work on /opt/airflow/dags/dl_global_index.py
[2026-02-07T02:53:04.461+0000] {processor.py:830} INFO - Processing file /opt/airflow/dags/dl_global_index.py for tasks to queue
[2026-02-07T02:53:04.463+0000] {logging_mixin.py:188} INFO - [2026-02-07T02:53:04.462+0000] {dagbag.py:545} INFO - Filling up the DagBag from /opt/airflow/dags/dl_global_index.py
[2026-02-07T02:53:04.515+0000] {processor.py:840} INFO - DAG(s) 'global_index_minio' retrieved from /opt/airflow/dags/dl_global_index.py
[2026-02-07T02:53:04.549+0000] {logging_mixin.py:188} INFO - [2026-02-07T02:53:04.549+0000] {dag.py:3089} INFO - Sync 1 DAGs
[2026-02-07T02:53:04.582+0000] {logging_mixin.py:188} INFO - [2026-02-07T02:53:04.582+0000] {dag.py:3947} INFO - Setting next_dagrun for global_index_minio to 2026-02-07 00:00:00+00:00, run_after=2026-02-08 00:00:00+00:00
[2026-02-07T02:53:04.611+0000] {processor.py:183} INFO - Processing /opt/airflow/dags/dl_global_index.py took 0.159 seconds
[2026-02-07T02:53:35.747+0000] {processor.py:161} INFO - Started process (PID=253) to work on /opt/airflow/dags/dl_global_index.py
[2026-02-07T02:53:35.747+0000] {processor.py:830} INFO - Processing file /opt/airflow/dags/dl_global_index.py for tasks to queue
[2026-02-07T02:53:35.748+0000] {logging_mixin.py:188} INFO - [2026-02-07T02:53:35.748+0000] {dagbag.py:545} INFO - Filling up the DagBag from /opt/airflow/dags/dl_global_index.py
[2026-02-07T02:53:35.783+0000] {processor.py:840} INFO - DAG(s) 'global_index_minio' retrieved from /opt/airflow/dags/dl_global_index.py
[2026-02-07T02:53:35.815+0000] {logging_mixin.py:188} INFO - [2026-02-07T02:53:35.815+0000] {dag.py:3089} INFO - Sync 1 DAGs
[2026-02-07T02:53:35.844+0000] {logging_mixin.py:188} INFO - [2026-02-07T02:53:35.844+0000] {dag.py:3947} INFO - Setting next_dagrun for global_index_minio to 2026-02-07 00:00:00+00:00, run_after=2026-02-08 00:00:00+00:00
[2026-02-07T02:53:35.872+0000] {processor.py:183} INFO - Processing /opt/airflow/dags/dl_global_index.py took 0.131 seconds
[2026-02-07T02:54:06.198+0000] {processor.py:161} INFO - Started process (PID=277) to work on /opt/airflow/dags/dl_global_index.py
[2026-02-07T02:54:06.199+0000] {processor.py:830} INFO - Processing file /opt/airflow/dags/dl_global_index.py for tasks to queue
[2026-02-07T02:54:06.200+0000] {logging_mixin.py:188} INFO - [2026-02-07T02:54:06.200+0000] {dagbag.py:545} INFO - Filling up the DagBag from /opt/airflow/dags/dl_global_index.py
[2026-02-07T02:54:06.231+0000] {processor.py:840} INFO - DAG(s) 'global_index_minio' retrieved from /opt/airflow/dags/dl_global_index.py
[2026-02-07T02:54:06.258+0000] {logging_mixin.py:188} INFO - [2026-02-07T02:54:06.257+0000] {dag.py:3089} INFO - Sync 1 DAGs
[2026-02-07T02:54:06.279+0000] {logging_mixin.py:188} INFO - [2026-02-07T02:54:06.279+0000] {dag.py:3947} INFO - Setting next_dagrun for global_index_minio to 2026-02-07 00:00:00+00:00, run_after=2026-02-08 00:00:00+00:00
[2026-02-07T02:54:06.299+0000] {processor.py:183} INFO - Processing /opt/airflow/dags/dl_global_index.py took 0.108 seconds
[2026-02-07T02:54:36.987+0000] {processor.py:161} INFO - Started process (PID=301) to work on /opt/airflow/dags/dl_global_index.py
[2026-02-07T02:54:36.988+0000] {processor.py:830} INFO - Processing file /opt/airflow/dags/dl_global_index.py for tasks to queue
[2026-02-07T02:54:36.989+0000] {logging_mixin.py:188} INFO - [2026-02-07T02:54:36.989+0000] {dagbag.py:545} INFO - Filling up the DagBag from /opt/airflow/dags/dl_global_index.py
[2026-02-07T02:54:37.016+0000] {processor.py:840} INFO - DAG(s) 'global_index_minio' retrieved from /opt/airflow/dags/dl_global_index.py
[2026-02-07T02:54:37.042+0000] {logging_mixin.py:188} INFO - [2026-02-07T02:54:37.041+0000] {dag.py:3089} INFO - Sync 1 DAGs
[2026-02-07T02:54:37.061+0000] {logging_mixin.py:188} INFO - [2026-02-07T02:54:37.060+0000] {dag.py:3947} INFO - Setting next_dagrun for global_index_minio to 2026-02-07 00:00:00+00:00, run_after=2026-02-08 00:00:00+00:00
[2026-02-07T02:54:37.082+0000] {processor.py:183} INFO - Processing /opt/airflow/dags/dl_global_index.py took 0.100 seconds
[2026-02-07T02:55:07.963+0000] {processor.py:161} INFO - Started process (PID=325) to work on /opt/airflow/dags/dl_global_index.py
[2026-02-07T02:55:07.964+0000] {processor.py:830} INFO - Processing file /opt/airflow/dags/dl_global_index.py for tasks to queue
[2026-02-07T02:55:07.965+0000] {logging_mixin.py:188} INFO - [2026-02-07T02:55:07.964+0000] {dagbag.py:545} INFO - Filling up the DagBag from /opt/airflow/dags/dl_global_index.py
[2026-02-07T02:55:07.994+0000] {processor.py:840} INFO - DAG(s) 'global_index_minio' retrieved from /opt/airflow/dags/dl_global_index.py
[2026-02-07T02:55:08.018+0000] {logging_mixin.py:188} INFO - [2026-02-07T02:55:08.018+0000] {dag.py:3089} INFO - Sync 1 DAGs
[2026-02-07T02:55:08.041+0000] {logging_mixin.py:188} INFO - [2026-02-07T02:55:08.041+0000] {dag.py:3947} INFO - Setting next_dagrun for global_index_minio to 2026-02-07 00:00:00+00:00, run_after=2026-02-08 00:00:00+00:00
[2026-02-07T02:55:08.062+0000] {processor.py:183} INFO - Processing /opt/airflow/dags/dl_global_index.py took 0.104 seconds
[2026-02-07T02:55:38.598+0000] {processor.py:161} INFO - Started process (PID=349) to work on /opt/airflow/dags/dl_global_index.py
[2026-02-07T02:55:38.600+0000] {processor.py:830} INFO - Processing file /opt/airflow/dags/dl_global_index.py for tasks to queue
[2026-02-07T02:55:38.608+0000] {logging_mixin.py:188} INFO - [2026-02-07T02:55:38.607+0000] {dagbag.py:545} INFO - Filling up the DagBag from /opt/airflow/dags/dl_global_index.py
[2026-02-07T02:55:38.669+0000] {processor.py:840} INFO - DAG(s) 'global_index_minio' retrieved from /opt/airflow/dags/dl_global_index.py
[2026-02-07T02:55:38.699+0000] {logging_mixin.py:188} INFO - [2026-02-07T02:55:38.698+0000] {dag.py:3089} INFO - Sync 1 DAGs
[2026-02-07T02:55:38.727+0000] {logging_mixin.py:188} INFO - [2026-02-07T02:55:38.726+0000] {dag.py:3947} INFO - Setting next_dagrun for global_index_minio to 2026-02-07 00:00:00+00:00, run_after=2026-02-08 00:00:00+00:00
[2026-02-07T02:55:38.746+0000] {processor.py:183} INFO - Processing /opt/airflow/dags/dl_global_index.py took 0.157 seconds
[2026-02-07T02:56:09.433+0000] {processor.py:161} INFO - Started process (PID=373) to work on /opt/airflow/dags/dl_global_index.py
[2026-02-07T02:56:09.434+0000] {processor.py:830} INFO - Processing file /opt/airflow/dags/dl_global_index.py for tasks to queue
[2026-02-07T02:56:09.435+0000] {logging_mixin.py:188} INFO - [2026-02-07T02:56:09.434+0000] {dagbag.py:545} INFO - Filling up the DagBag from /opt/airflow/dags/dl_global_index.py
[2026-02-07T02:56:09.464+0000] {processor.py:840} INFO - DAG(s) 'global_index_minio' retrieved from /opt/airflow/dags/dl_global_index.py
[2026-02-07T02:56:09.486+0000] {logging_mixin.py:188} INFO - [2026-02-07T02:56:09.486+0000] {dag.py:3089} INFO - Sync 1 DAGs
[2026-02-07T02:56:09.510+0000] {logging_mixin.py:188} INFO - [2026-02-07T02:56:09.510+0000] {dag.py:3947} INFO - Setting next_dagrun for global_index_minio to 2026-02-07 00:00:00+00:00, run_after=2026-02-08 00:00:00+00:00
[2026-02-07T02:56:09.533+0000] {processor.py:183} INFO - Processing /opt/airflow/dags/dl_global_index.py took 0.106 seconds
[2026-02-07T02:56:40.203+0000] {processor.py:161} INFO - Started process (PID=398) to work on /opt/airflow/dags/dl_global_index.py
[2026-02-07T02:56:40.203+0000] {processor.py:830} INFO - Processing file /opt/airflow/dags/dl_global_index.py for tasks to queue
[2026-02-07T02:56:40.205+0000] {logging_mixin.py:188} INFO - [2026-02-07T02:56:40.204+0000] {dagbag.py:545} INFO - Filling up the DagBag from /opt/airflow/dags/dl_global_index.py
[2026-02-07T02:56:40.239+0000] {processor.py:840} INFO - DAG(s) 'global_index_minio' retrieved from /opt/airflow/dags/dl_global_index.py
[2026-02-07T02:56:40.264+0000] {logging_mixin.py:188} INFO - [2026-02-07T02:56:40.264+0000] {dag.py:3089} INFO - Sync 1 DAGs
[2026-02-07T02:56:40.285+0000] {logging_mixin.py:188} INFO - [2026-02-07T02:56:40.285+0000] {dag.py:3947} INFO - Setting next_dagrun for global_index_minio to 2026-02-07 00:00:00+00:00, run_after=2026-02-08 00:00:00+00:00
[2026-02-07T02:56:40.304+0000] {processor.py:183} INFO - Processing /opt/airflow/dags/dl_global_index.py took 0.107 seconds
[2026-02-07T02:57:10.773+0000] {processor.py:161} INFO - Started process (PID=422) to work on /opt/airflow/dags/dl_global_index.py
[2026-02-07T02:57:10.773+0000] {processor.py:830} INFO - Processing file /opt/airflow/dags/dl_global_index.py for tasks to queue
[2026-02-07T02:57:10.775+0000] {logging_mixin.py:188} INFO - [2026-02-07T02:57:10.774+0000] {dagbag.py:545} INFO - Filling up the DagBag from /opt/airflow/dags/dl_global_index.py
[2026-02-07T02:57:10.802+0000] {processor.py:840} INFO - DAG(s) 'global_index_minio' retrieved from /opt/airflow/dags/dl_global_index.py
[2026-02-07T02:57:10.824+0000] {logging_mixin.py:188} INFO - [2026-02-07T02:57:10.824+0000] {dag.py:3089} INFO - Sync 1 DAGs
[2026-02-07T02:57:10.843+0000] {logging_mixin.py:188} INFO - [2026-02-07T02:57:10.843+0000] {dag.py:3947} INFO - Setting next_dagrun for global_index_minio to 2026-02-07 00:00:00+00:00, run_after=2026-02-08 00:00:00+00:00
[2026-02-07T02:57:10.860+0000] {processor.py:183} INFO - Processing /opt/airflow/dags/dl_global_index.py took 0.093 seconds
[2026-02-07T02:57:42.146+0000] {processor.py:161} INFO - Started process (PID=446) to work on /opt/airflow/dags/dl_global_index.py
[2026-02-07T02:57:42.147+0000] {processor.py:830} INFO - Processing file /opt/airflow/dags/dl_global_index.py for tasks to queue
[2026-02-07T02:57:42.150+0000] {logging_mixin.py:188} INFO - [2026-02-07T02:57:42.149+0000] {dagbag.py:545} INFO - Filling up the DagBag from /opt/airflow/dags/dl_global_index.py
[2026-02-07T02:57:42.212+0000] {processor.py:840} INFO - DAG(s) 'global_index_minio' retrieved from /opt/airflow/dags/dl_global_index.py
[2026-02-07T02:57:42.288+0000] {logging_mixin.py:188} INFO - [2026-02-07T02:57:42.278+0000] {dag.py:3089} INFO - Sync 1 DAGs
[2026-02-07T02:57:42.443+0000] {logging_mixin.py:188} INFO - [2026-02-07T02:57:42.443+0000] {dag.py:3947} INFO - Setting next_dagrun for global_index_minio to 2026-02-07 00:00:00+00:00, run_after=2026-02-08 00:00:00+00:00
[2026-02-07T02:57:42.707+0000] {processor.py:183} INFO - Processing /opt/airflow/dags/dl_global_index.py took 0.569 seconds
[2026-02-07T02:58:13.371+0000] {processor.py:161} INFO - Started process (PID=471) to work on /opt/airflow/dags/dl_global_index.py
[2026-02-07T02:58:13.383+0000] {processor.py:830} INFO - Processing file /opt/airflow/dags/dl_global_index.py for tasks to queue
[2026-02-07T02:58:13.384+0000] {logging_mixin.py:188} INFO - [2026-02-07T02:58:13.384+0000] {dagbag.py:545} INFO - Filling up the DagBag from /opt/airflow/dags/dl_global_index.py
[2026-02-07T02:58:13.414+0000] {processor.py:840} INFO - DAG(s) 'global_index_minio' retrieved from /opt/airflow/dags/dl_global_index.py
[2026-02-07T02:58:13.437+0000] {logging_mixin.py:188} INFO - [2026-02-07T02:58:13.437+0000] {dag.py:3089} INFO - Sync 1 DAGs
[2026-02-07T02:58:13.651+0000] {logging_mixin.py:188} INFO - [2026-02-07T02:58:13.651+0000] {dag.py:3947} INFO - Setting next_dagrun for global_index_minio to 2026-02-07 00:00:00+00:00, run_after=2026-02-08 00:00:00+00:00
[2026-02-07T02:58:13.674+0000] {processor.py:183} INFO - Processing /opt/airflow/dags/dl_global_index.py took 0.308 seconds
[2026-02-07T02:58:44.612+0000] {processor.py:161} INFO - Started process (PID=495) to work on /opt/airflow/dags/dl_global_index.py
[2026-02-07T02:58:44.612+0000] {processor.py:830} INFO - Processing file /opt/airflow/dags/dl_global_index.py for tasks to queue
[2026-02-07T02:58:44.613+0000] {logging_mixin.py:188} INFO - [2026-02-07T02:58:44.613+0000] {dagbag.py:545} INFO - Filling up the DagBag from /opt/airflow/dags/dl_global_index.py
[2026-02-07T02:58:44.643+0000] {processor.py:840} INFO - DAG(s) 'global_index_minio' retrieved from /opt/airflow/dags/dl_global_index.py
[2026-02-07T02:58:44.666+0000] {logging_mixin.py:188} INFO - [2026-02-07T02:58:44.665+0000] {dag.py:3089} INFO - Sync 1 DAGs
[2026-02-07T02:58:44.688+0000] {logging_mixin.py:188} INFO - [2026-02-07T02:58:44.687+0000] {dag.py:3947} INFO - Setting next_dagrun for global_index_minio to 2026-02-07 00:00:00+00:00, run_after=2026-02-08 00:00:00+00:00
[2026-02-07T02:58:44.705+0000] {processor.py:183} INFO - Processing /opt/airflow/dags/dl_global_index.py took 0.099 seconds
[2026-02-07T02:59:15.514+0000] {processor.py:161} INFO - Started process (PID=519) to work on /opt/airflow/dags/dl_global_index.py
[2026-02-07T02:59:15.515+0000] {processor.py:830} INFO - Processing file /opt/airflow/dags/dl_global_index.py for tasks to queue
[2026-02-07T02:59:15.516+0000] {logging_mixin.py:188} INFO - [2026-02-07T02:59:15.515+0000] {dagbag.py:545} INFO - Filling up the DagBag from /opt/airflow/dags/dl_global_index.py
[2026-02-07T02:59:15.542+0000] {processor.py:840} INFO - DAG(s) 'global_index_minio' retrieved from /opt/airflow/dags/dl_global_index.py
[2026-02-07T02:59:15.565+0000] {logging_mixin.py:188} INFO - [2026-02-07T02:59:15.565+0000] {dag.py:3089} INFO - Sync 1 DAGs
[2026-02-07T02:59:15.586+0000] {logging_mixin.py:188} INFO - [2026-02-07T02:59:15.586+0000] {dag.py:3947} INFO - Setting next_dagrun for global_index_minio to 2026-02-07 00:00:00+00:00, run_after=2026-02-08 00:00:00+00:00
[2026-02-07T02:59:15.603+0000] {processor.py:183} INFO - Processing /opt/airflow/dags/dl_global_index.py took 0.095 seconds
[2026-02-07T02:59:46.260+0000] {processor.py:161} INFO - Started process (PID=543) to work on /opt/airflow/dags/dl_global_index.py
[2026-02-07T02:59:46.261+0000] {processor.py:830} INFO - Processing file /opt/airflow/dags/dl_global_index.py for tasks to queue
[2026-02-07T02:59:46.263+0000] {logging_mixin.py:188} INFO - [2026-02-07T02:59:46.262+0000] {dagbag.py:545} INFO - Filling up the DagBag from /opt/airflow/dags/dl_global_index.py
[2026-02-07T02:59:46.303+0000] {processor.py:840} INFO - DAG(s) 'global_index_minio' retrieved from /opt/airflow/dags/dl_global_index.py
[2026-02-07T02:59:46.341+0000] {logging_mixin.py:188} INFO - [2026-02-07T02:59:46.341+0000] {dag.py:3089} INFO - Sync 1 DAGs
[2026-02-07T02:59:46.375+0000] {logging_mixin.py:188} INFO - [2026-02-07T02:59:46.374+0000] {dag.py:3947} INFO - Setting next_dagrun for global_index_minio to 2026-02-07 00:00:00+00:00, run_after=2026-02-08 00:00:00+00:00
[2026-02-07T02:59:46.405+0000] {processor.py:183} INFO - Processing /opt/airflow/dags/dl_global_index.py took 0.152 seconds
[2026-02-07T03:00:20.570+0000] {processor.py:161} INFO - Started process (PID=580) to work on /opt/airflow/dags/dl_global_index.py
[2026-02-07T03:00:20.574+0000] {processor.py:830} INFO - Processing file /opt/airflow/dags/dl_global_index.py for tasks to queue
[2026-02-07T03:00:20.583+0000] {logging_mixin.py:188} INFO - [2026-02-07T03:00:20.582+0000] {dagbag.py:545} INFO - Filling up the DagBag from /opt/airflow/dags/dl_global_index.py
[2026-02-07T03:00:20.827+0000] {processor.py:840} INFO - DAG(s) 'global_index_minio' retrieved from /opt/airflow/dags/dl_global_index.py
[2026-02-07T03:00:20.987+0000] {logging_mixin.py:188} INFO - [2026-02-07T03:00:20.987+0000] {dag.py:3089} INFO - Sync 1 DAGs
[2026-02-07T03:00:21.039+0000] {logging_mixin.py:188} INFO - [2026-02-07T03:00:21.038+0000] {dag.py:3947} INFO - Setting next_dagrun for global_index_minio to 2026-02-07 00:00:00+00:00, run_after=2026-02-08 00:00:00+00:00
[2026-02-07T03:00:21.092+0000] {processor.py:183} INFO - Processing /opt/airflow/dags/dl_global_index.py took 0.584 seconds
[2026-02-07T03:00:51.507+0000] {processor.py:161} INFO - Started process (PID=604) to work on /opt/airflow/dags/dl_global_index.py
[2026-02-07T03:00:51.508+0000] {processor.py:830} INFO - Processing file /opt/airflow/dags/dl_global_index.py for tasks to queue
[2026-02-07T03:00:51.510+0000] {logging_mixin.py:188} INFO - [2026-02-07T03:00:51.509+0000] {dagbag.py:545} INFO - Filling up the DagBag from /opt/airflow/dags/dl_global_index.py
[2026-02-07T03:00:51.566+0000] {processor.py:840} INFO - DAG(s) 'global_index_minio' retrieved from /opt/airflow/dags/dl_global_index.py
[2026-02-07T03:00:51.611+0000] {logging_mixin.py:188} INFO - [2026-02-07T03:00:51.610+0000] {dag.py:3089} INFO - Sync 1 DAGs
[2026-02-07T03:00:51.653+0000] {logging_mixin.py:188} INFO - [2026-02-07T03:00:51.653+0000] {dag.py:3947} INFO - Setting next_dagrun for global_index_minio to 2026-02-07 00:00:00+00:00, run_after=2026-02-08 00:00:00+00:00
[2026-02-07T03:00:51.694+0000] {processor.py:183} INFO - Processing /opt/airflow/dags/dl_global_index.py took 0.196 seconds
[2026-02-07T03:01:22.377+0000] {processor.py:161} INFO - Started process (PID=628) to work on /opt/airflow/dags/dl_global_index.py
[2026-02-07T03:01:22.377+0000] {processor.py:830} INFO - Processing file /opt/airflow/dags/dl_global_index.py for tasks to queue
[2026-02-07T03:01:22.378+0000] {logging_mixin.py:188} INFO - [2026-02-07T03:01:22.378+0000] {dagbag.py:545} INFO - Filling up the DagBag from /opt/airflow/dags/dl_global_index.py
[2026-02-07T03:01:22.407+0000] {processor.py:840} INFO - DAG(s) 'global_index_minio' retrieved from /opt/airflow/dags/dl_global_index.py
[2026-02-07T03:01:22.432+0000] {logging_mixin.py:188} INFO - [2026-02-07T03:01:22.431+0000] {dag.py:3089} INFO - Sync 1 DAGs
[2026-02-07T03:01:22.455+0000] {logging_mixin.py:188} INFO - [2026-02-07T03:01:22.455+0000] {dag.py:3947} INFO - Setting next_dagrun for global_index_minio to 2026-02-07 00:00:00+00:00, run_after=2026-02-08 00:00:00+00:00
[2026-02-07T03:01:22.478+0000] {processor.py:183} INFO - Processing /opt/airflow/dags/dl_global_index.py took 0.107 seconds
[2026-02-07T03:01:53.554+0000] {processor.py:161} INFO - Started process (PID=652) to work on /opt/airflow/dags/dl_global_index.py
[2026-02-07T03:01:53.556+0000] {processor.py:830} INFO - Processing file /opt/airflow/dags/dl_global_index.py for tasks to queue
[2026-02-07T03:01:53.565+0000] {logging_mixin.py:188} INFO - [2026-02-07T03:01:53.564+0000] {dagbag.py:545} INFO - Filling up the DagBag from /opt/airflow/dags/dl_global_index.py
[2026-02-07T03:01:53.669+0000] {processor.py:840} INFO - DAG(s) 'global_index_minio' retrieved from /opt/airflow/dags/dl_global_index.py
[2026-02-07T03:01:53.717+0000] {logging_mixin.py:188} INFO - [2026-02-07T03:01:53.716+0000] {dag.py:3089} INFO - Sync 1 DAGs
[2026-02-07T03:01:53.753+0000] {logging_mixin.py:188} INFO - [2026-02-07T03:01:53.751+0000] {dag.py:3947} INFO - Setting next_dagrun for global_index_minio to 2026-02-07 00:00:00+00:00, run_after=2026-02-08 00:00:00+00:00
[2026-02-07T03:01:53.803+0000] {processor.py:183} INFO - Processing /opt/airflow/dags/dl_global_index.py took 0.258 seconds
[2026-02-07T03:02:24.038+0000] {processor.py:161} INFO - Started process (PID=676) to work on /opt/airflow/dags/dl_global_index.py
[2026-02-07T03:02:24.039+0000] {processor.py:830} INFO - Processing file /opt/airflow/dags/dl_global_index.py for tasks to queue
[2026-02-07T03:02:24.041+0000] {logging_mixin.py:188} INFO - [2026-02-07T03:02:24.040+0000] {dagbag.py:545} INFO - Filling up the DagBag from /opt/airflow/dags/dl_global_index.py
[2026-02-07T03:02:24.078+0000] {processor.py:840} INFO - DAG(s) 'global_index_minio' retrieved from /opt/airflow/dags/dl_global_index.py
[2026-02-07T03:02:24.105+0000] {logging_mixin.py:188} INFO - [2026-02-07T03:02:24.104+0000] {dag.py:3089} INFO - Sync 1 DAGs
[2026-02-07T03:02:24.129+0000] {logging_mixin.py:188} INFO - [2026-02-07T03:02:24.129+0000] {dag.py:3947} INFO - Setting next_dagrun for global_index_minio to 2026-02-07 00:00:00+00:00, run_after=2026-02-08 00:00:00+00:00
[2026-02-07T03:02:24.158+0000] {processor.py:183} INFO - Processing /opt/airflow/dags/dl_global_index.py took 0.127 seconds
[2026-02-07T03:02:56.129+0000] {processor.py:161} INFO - Started process (PID=700) to work on /opt/airflow/dags/dl_global_index.py
[2026-02-07T03:02:56.130+0000] {processor.py:830} INFO - Processing file /opt/airflow/dags/dl_global_index.py for tasks to queue
[2026-02-07T03:02:56.132+0000] {logging_mixin.py:188} INFO - [2026-02-07T03:02:56.131+0000] {dagbag.py:545} INFO - Filling up the DagBag from /opt/airflow/dags/dl_global_index.py
[2026-02-07T03:02:56.168+0000] {processor.py:840} INFO - DAG(s) 'global_index_minio' retrieved from /opt/airflow/dags/dl_global_index.py
[2026-02-07T03:02:56.191+0000] {logging_mixin.py:188} INFO - [2026-02-07T03:02:56.191+0000] {dag.py:3089} INFO - Sync 1 DAGs
[2026-02-07T03:02:56.212+0000] {logging_mixin.py:188} INFO - [2026-02-07T03:02:56.212+0000] {dag.py:3947} INFO - Setting next_dagrun for global_index_minio to 2026-02-07 00:00:00+00:00, run_after=2026-02-08 00:00:00+00:00
[2026-02-07T03:02:59.082+0000] {processor.py:183} INFO - Processing /opt/airflow/dags/dl_global_index.py took 2.961 seconds
[2026-02-07T03:03:29.749+0000] {processor.py:161} INFO - Started process (PID=724) to work on /opt/airflow/dags/dl_global_index.py
[2026-02-07T03:03:29.750+0000] {processor.py:830} INFO - Processing file /opt/airflow/dags/dl_global_index.py for tasks to queue
[2026-02-07T03:03:29.751+0000] {logging_mixin.py:188} INFO - [2026-02-07T03:03:29.751+0000] {dagbag.py:545} INFO - Filling up the DagBag from /opt/airflow/dags/dl_global_index.py
[2026-02-07T03:03:29.786+0000] {processor.py:840} INFO - DAG(s) 'global_index_minio' retrieved from /opt/airflow/dags/dl_global_index.py
[2026-02-07T03:03:29.816+0000] {logging_mixin.py:188} INFO - [2026-02-07T03:03:29.816+0000] {dag.py:3089} INFO - Sync 1 DAGs
[2026-02-07T03:03:29.842+0000] {logging_mixin.py:188} INFO - [2026-02-07T03:03:29.842+0000] {dag.py:3947} INFO - Setting next_dagrun for global_index_minio to 2026-02-07 00:00:00+00:00, run_after=2026-02-08 00:00:00+00:00
[2026-02-07T03:03:29.865+0000] {processor.py:183} INFO - Processing /opt/airflow/dags/dl_global_index.py took 0.123 seconds
[2026-02-07T03:04:00.447+0000] {processor.py:161} INFO - Started process (PID=748) to work on /opt/airflow/dags/dl_global_index.py
[2026-02-07T03:04:00.448+0000] {processor.py:830} INFO - Processing file /opt/airflow/dags/dl_global_index.py for tasks to queue
[2026-02-07T03:04:00.450+0000] {logging_mixin.py:188} INFO - [2026-02-07T03:04:00.449+0000] {dagbag.py:545} INFO - Filling up the DagBag from /opt/airflow/dags/dl_global_index.py
[2026-02-07T03:04:00.492+0000] {processor.py:840} INFO - DAG(s) 'global_index_minio' retrieved from /opt/airflow/dags/dl_global_index.py
[2026-02-07T03:04:00.534+0000] {logging_mixin.py:188} INFO - [2026-02-07T03:04:00.533+0000] {dag.py:3089} INFO - Sync 1 DAGs
[2026-02-07T03:04:00.583+0000] {logging_mixin.py:188} INFO - [2026-02-07T03:04:00.582+0000] {dag.py:3947} INFO - Setting next_dagrun for global_index_minio to 2026-02-07 00:00:00+00:00, run_after=2026-02-08 00:00:00+00:00
[2026-02-07T03:04:00.606+0000] {processor.py:183} INFO - Processing /opt/airflow/dags/dl_global_index.py took 0.168 seconds
[2026-02-07T03:04:30.707+0000] {processor.py:161} INFO - Started process (PID=772) to work on /opt/airflow/dags/dl_global_index.py
[2026-02-07T03:04:30.708+0000] {processor.py:830} INFO - Processing file /opt/airflow/dags/dl_global_index.py for tasks to queue
[2026-02-07T03:04:30.709+0000] {logging_mixin.py:188} INFO - [2026-02-07T03:04:30.709+0000] {dagbag.py:545} INFO - Filling up the DagBag from /opt/airflow/dags/dl_global_index.py
[2026-02-07T03:04:30.744+0000] {processor.py:840} INFO - DAG(s) 'global_index_minio' retrieved from /opt/airflow/dags/dl_global_index.py
[2026-02-07T03:04:30.772+0000] {logging_mixin.py:188} INFO - [2026-02-07T03:04:30.772+0000] {dag.py:3089} INFO - Sync 1 DAGs
[2026-02-07T03:04:30.798+0000] {logging_mixin.py:188} INFO - [2026-02-07T03:04:30.798+0000] {dag.py:3947} INFO - Setting next_dagrun for global_index_minio to 2026-02-07 00:00:00+00:00, run_after=2026-02-08 00:00:00+00:00
[2026-02-07T03:04:30.818+0000] {processor.py:183} INFO - Processing /opt/airflow/dags/dl_global_index.py took 0.115 seconds
[2026-02-07T03:05:01.064+0000] {processor.py:161} INFO - Started process (PID=796) to work on /opt/airflow/dags/dl_global_index.py
[2026-02-07T03:05:01.064+0000] {processor.py:830} INFO - Processing file /opt/airflow/dags/dl_global_index.py for tasks to queue
[2026-02-07T03:05:01.065+0000] {logging_mixin.py:188} INFO - [2026-02-07T03:05:01.065+0000] {dagbag.py:545} INFO - Filling up the DagBag from /opt/airflow/dags/dl_global_index.py
[2026-02-07T03:05:01.088+0000] {processor.py:840} INFO - DAG(s) 'global_index_minio' retrieved from /opt/airflow/dags/dl_global_index.py
[2026-02-07T03:05:01.118+0000] {logging_mixin.py:188} INFO - [2026-02-07T03:05:01.118+0000] {dag.py:3089} INFO - Sync 1 DAGs
[2026-02-07T03:05:01.138+0000] {logging_mixin.py:188} INFO - [2026-02-07T03:05:01.138+0000] {dag.py:3947} INFO - Setting next_dagrun for global_index_minio to 2026-02-07 00:00:00+00:00, run_after=2026-02-08 00:00:00+00:00
[2026-02-07T03:05:01.160+0000] {processor.py:183} INFO - Processing /opt/airflow/dags/dl_global_index.py took 0.101 seconds
[2026-02-07T03:05:32.043+0000] {processor.py:161} INFO - Started process (PID=824) to work on /opt/airflow/dags/dl_global_index.py
[2026-02-07T03:05:32.043+0000] {processor.py:830} INFO - Processing file /opt/airflow/dags/dl_global_index.py for tasks to queue
[2026-02-07T03:05:32.045+0000] {logging_mixin.py:188} INFO - [2026-02-07T03:05:32.044+0000] {dagbag.py:545} INFO - Filling up the DagBag from /opt/airflow/dags/dl_global_index.py
[2026-02-07T03:05:32.079+0000] {processor.py:840} INFO - DAG(s) 'global_index_minio' retrieved from /opt/airflow/dags/dl_global_index.py
[2026-02-07T03:05:32.112+0000] {logging_mixin.py:188} INFO - [2026-02-07T03:05:32.112+0000] {dag.py:3089} INFO - Sync 1 DAGs
[2026-02-07T03:05:32.139+0000] {logging_mixin.py:188} INFO - [2026-02-07T03:05:32.139+0000] {dag.py:3947} INFO - Setting next_dagrun for global_index_minio to 2026-02-07 00:00:00+00:00, run_after=2026-02-08 00:00:00+00:00
[2026-02-07T03:05:32.162+0000] {processor.py:183} INFO - Processing /opt/airflow/dags/dl_global_index.py took 0.127 seconds
[2026-02-07T03:06:02.465+0000] {processor.py:161} INFO - Started process (PID=848) to work on /opt/airflow/dags/dl_global_index.py
[2026-02-07T03:06:02.465+0000] {processor.py:830} INFO - Processing file /opt/airflow/dags/dl_global_index.py for tasks to queue
[2026-02-07T03:06:02.467+0000] {logging_mixin.py:188} INFO - [2026-02-07T03:06:02.467+0000] {dagbag.py:545} INFO - Filling up the DagBag from /opt/airflow/dags/dl_global_index.py
[2026-02-07T03:06:02.505+0000] {processor.py:840} INFO - DAG(s) 'global_index_minio' retrieved from /opt/airflow/dags/dl_global_index.py
[2026-02-07T03:06:02.540+0000] {logging_mixin.py:188} INFO - [2026-02-07T03:06:02.540+0000] {dag.py:3089} INFO - Sync 1 DAGs
[2026-02-07T03:06:02.567+0000] {logging_mixin.py:188} INFO - [2026-02-07T03:06:02.567+0000] {dag.py:3947} INFO - Setting next_dagrun for global_index_minio to 2026-02-07 00:00:00+00:00, run_after=2026-02-08 00:00:00+00:00
[2026-02-07T03:06:02.595+0000] {processor.py:183} INFO - Processing /opt/airflow/dags/dl_global_index.py took 0.138 seconds
[2026-02-07T03:06:32.716+0000] {processor.py:161} INFO - Started process (PID=872) to work on /opt/airflow/dags/dl_global_index.py
[2026-02-07T03:06:32.717+0000] {processor.py:830} INFO - Processing file /opt/airflow/dags/dl_global_index.py for tasks to queue
[2026-02-07T03:06:32.719+0000] {logging_mixin.py:188} INFO - [2026-02-07T03:06:32.718+0000] {dagbag.py:545} INFO - Filling up the DagBag from /opt/airflow/dags/dl_global_index.py
[2026-02-07T03:06:32.755+0000] {processor.py:840} INFO - DAG(s) 'global_index_minio' retrieved from /opt/airflow/dags/dl_global_index.py
[2026-02-07T03:06:32.786+0000] {logging_mixin.py:188} INFO - [2026-02-07T03:06:32.786+0000] {dag.py:3089} INFO - Sync 1 DAGs
[2026-02-07T03:06:32.816+0000] {logging_mixin.py:188} INFO - [2026-02-07T03:06:32.816+0000] {dag.py:3947} INFO - Setting next_dagrun for global_index_minio to 2026-02-07 00:00:00+00:00, run_after=2026-02-08 00:00:00+00:00
[2026-02-07T03:06:32.840+0000] {processor.py:183} INFO - Processing /opt/airflow/dags/dl_global_index.py took 0.132 seconds
[2026-02-07T03:07:03.263+0000] {processor.py:161} INFO - Started process (PID=896) to work on /opt/airflow/dags/dl_global_index.py
[2026-02-07T03:07:03.264+0000] {processor.py:830} INFO - Processing file /opt/airflow/dags/dl_global_index.py for tasks to queue
[2026-02-07T03:07:03.265+0000] {logging_mixin.py:188} INFO - [2026-02-07T03:07:03.265+0000] {dagbag.py:545} INFO - Filling up the DagBag from /opt/airflow/dags/dl_global_index.py
[2026-02-07T03:07:03.305+0000] {processor.py:840} INFO - DAG(s) 'global_index_minio' retrieved from /opt/airflow/dags/dl_global_index.py
[2026-02-07T03:07:03.335+0000] {logging_mixin.py:188} INFO - [2026-02-07T03:07:03.335+0000] {dag.py:3089} INFO - Sync 1 DAGs
[2026-02-07T03:07:03.361+0000] {logging_mixin.py:188} INFO - [2026-02-07T03:07:03.361+0000] {dag.py:3947} INFO - Setting next_dagrun for global_index_minio to 2026-02-07 00:00:00+00:00, run_after=2026-02-08 00:00:00+00:00
[2026-02-07T03:07:03.385+0000] {processor.py:183} INFO - Processing /opt/airflow/dags/dl_global_index.py took 0.127 seconds
[2026-02-07T03:07:33.528+0000] {processor.py:161} INFO - Started process (PID=920) to work on /opt/airflow/dags/dl_global_index.py
[2026-02-07T03:07:33.529+0000] {processor.py:830} INFO - Processing file /opt/airflow/dags/dl_global_index.py for tasks to queue
[2026-02-07T03:07:33.531+0000] {logging_mixin.py:188} INFO - [2026-02-07T03:07:33.530+0000] {dagbag.py:545} INFO - Filling up the DagBag from /opt/airflow/dags/dl_global_index.py
[2026-02-07T03:07:33.572+0000] {processor.py:840} INFO - DAG(s) 'global_index_minio' retrieved from /opt/airflow/dags/dl_global_index.py
[2026-02-07T03:07:33.614+0000] {logging_mixin.py:188} INFO - [2026-02-07T03:07:33.613+0000] {dag.py:3089} INFO - Sync 1 DAGs
[2026-02-07T03:07:33.645+0000] {logging_mixin.py:188} INFO - [2026-02-07T03:07:33.644+0000] {dag.py:3947} INFO - Setting next_dagrun for global_index_minio to 2026-02-07 00:00:00+00:00, run_after=2026-02-08 00:00:00+00:00
[2026-02-07T03:07:33.669+0000] {processor.py:183} INFO - Processing /opt/airflow/dags/dl_global_index.py took 0.149 seconds
[2026-02-07T03:08:03.895+0000] {processor.py:161} INFO - Started process (PID=944) to work on /opt/airflow/dags/dl_global_index.py
[2026-02-07T03:08:03.895+0000] {processor.py:830} INFO - Processing file /opt/airflow/dags/dl_global_index.py for tasks to queue
[2026-02-07T03:08:03.896+0000] {logging_mixin.py:188} INFO - [2026-02-07T03:08:03.896+0000] {dagbag.py:545} INFO - Filling up the DagBag from /opt/airflow/dags/dl_global_index.py
[2026-02-07T03:08:03.929+0000] {processor.py:840} INFO - DAG(s) 'global_index_minio' retrieved from /opt/airflow/dags/dl_global_index.py
[2026-02-07T03:08:03.958+0000] {logging_mixin.py:188} INFO - [2026-02-07T03:08:03.958+0000] {dag.py:3089} INFO - Sync 1 DAGs
[2026-02-07T03:08:03.985+0000] {logging_mixin.py:188} INFO - [2026-02-07T03:08:03.985+0000] {dag.py:3947} INFO - Setting next_dagrun for global_index_minio to 2026-02-07 00:00:00+00:00, run_after=2026-02-08 00:00:00+00:00
[2026-02-07T03:08:04.030+0000] {processor.py:183} INFO - Processing /opt/airflow/dags/dl_global_index.py took 0.142 seconds
[2026-02-07T03:08:34.182+0000] {processor.py:161} INFO - Started process (PID=968) to work on /opt/airflow/dags/dl_global_index.py
[2026-02-07T03:08:34.183+0000] {processor.py:830} INFO - Processing file /opt/airflow/dags/dl_global_index.py for tasks to queue
[2026-02-07T03:08:34.184+0000] {logging_mixin.py:188} INFO - [2026-02-07T03:08:34.183+0000] {dagbag.py:545} INFO - Filling up the DagBag from /opt/airflow/dags/dl_global_index.py
[2026-02-07T03:08:34.216+0000] {processor.py:840} INFO - DAG(s) 'global_index_minio' retrieved from /opt/airflow/dags/dl_global_index.py
[2026-02-07T03:08:34.242+0000] {logging_mixin.py:188} INFO - [2026-02-07T03:08:34.242+0000] {dag.py:3089} INFO - Sync 1 DAGs
[2026-02-07T03:08:34.265+0000] {logging_mixin.py:188} INFO - [2026-02-07T03:08:34.265+0000] {dag.py:3947} INFO - Setting next_dagrun for global_index_minio to 2026-02-07 00:00:00+00:00, run_after=2026-02-08 00:00:00+00:00
[2026-02-07T03:08:34.286+0000] {processor.py:183} INFO - Processing /opt/airflow/dags/dl_global_index.py took 0.111 seconds
[2026-02-07T03:09:04.746+0000] {processor.py:161} INFO - Started process (PID=992) to work on /opt/airflow/dags/dl_global_index.py
[2026-02-07T03:09:04.747+0000] {processor.py:830} INFO - Processing file /opt/airflow/dags/dl_global_index.py for tasks to queue
[2026-02-07T03:09:04.748+0000] {logging_mixin.py:188} INFO - [2026-02-07T03:09:04.748+0000] {dagbag.py:545} INFO - Filling up the DagBag from /opt/airflow/dags/dl_global_index.py
[2026-02-07T03:09:04.777+0000] {processor.py:840} INFO - DAG(s) 'global_index_minio' retrieved from /opt/airflow/dags/dl_global_index.py
[2026-02-07T03:09:04.803+0000] {logging_mixin.py:188} INFO - [2026-02-07T03:09:04.802+0000] {dag.py:3089} INFO - Sync 1 DAGs
[2026-02-07T03:09:04.825+0000] {logging_mixin.py:188} INFO - [2026-02-07T03:09:04.825+0000] {dag.py:3947} INFO - Setting next_dagrun for global_index_minio to 2026-02-07 00:00:00+00:00, run_after=2026-02-08 00:00:00+00:00
[2026-02-07T03:09:04.846+0000] {processor.py:183} INFO - Processing /opt/airflow/dags/dl_global_index.py took 0.106 seconds
[2026-02-07T03:09:35.341+0000] {processor.py:161} INFO - Started process (PID=1022) to work on /opt/airflow/dags/dl_global_index.py
[2026-02-07T03:09:35.342+0000] {processor.py:830} INFO - Processing file /opt/airflow/dags/dl_global_index.py for tasks to queue
[2026-02-07T03:09:35.343+0000] {logging_mixin.py:188} INFO - [2026-02-07T03:09:35.342+0000] {dagbag.py:545} INFO - Filling up the DagBag from /opt/airflow/dags/dl_global_index.py
[2026-02-07T03:09:35.372+0000] {processor.py:840} INFO - DAG(s) 'global_index_minio' retrieved from /opt/airflow/dags/dl_global_index.py
[2026-02-07T03:09:35.396+0000] {logging_mixin.py:188} INFO - [2026-02-07T03:09:35.396+0000] {dag.py:3089} INFO - Sync 1 DAGs
[2026-02-07T03:09:35.418+0000] {logging_mixin.py:188} INFO - [2026-02-07T03:09:35.418+0000] {dag.py:3947} INFO - Setting next_dagrun for global_index_minio to 2026-02-07 00:00:00+00:00, run_after=2026-02-08 00:00:00+00:00
[2026-02-07T03:09:35.441+0000] {processor.py:183} INFO - Processing /opt/airflow/dags/dl_global_index.py took 0.106 seconds
[2026-02-07T03:10:06.144+0000] {processor.py:161} INFO - Started process (PID=1046) to work on /opt/airflow/dags/dl_global_index.py
[2026-02-07T03:10:06.144+0000] {processor.py:830} INFO - Processing file /opt/airflow/dags/dl_global_index.py for tasks to queue
[2026-02-07T03:10:06.145+0000] {logging_mixin.py:188} INFO - [2026-02-07T03:10:06.145+0000] {dagbag.py:545} INFO - Filling up the DagBag from /opt/airflow/dags/dl_global_index.py
[2026-02-07T03:10:06.170+0000] {processor.py:840} INFO - DAG(s) 'global_index_minio' retrieved from /opt/airflow/dags/dl_global_index.py
[2026-02-07T03:10:06.192+0000] {logging_mixin.py:188} INFO - [2026-02-07T03:10:06.191+0000] {dag.py:3089} INFO - Sync 1 DAGs
[2026-02-07T03:10:06.211+0000] {logging_mixin.py:188} INFO - [2026-02-07T03:10:06.211+0000] {dag.py:3947} INFO - Setting next_dagrun for global_index_minio to 2026-02-07 00:00:00+00:00, run_after=2026-02-08 00:00:00+00:00
[2026-02-07T03:10:06.227+0000] {processor.py:183} INFO - Processing /opt/airflow/dags/dl_global_index.py took 0.089 seconds
[2026-02-07T03:10:36.952+0000] {processor.py:161} INFO - Started process (PID=1074) to work on /opt/airflow/dags/dl_global_index.py
[2026-02-07T03:10:36.952+0000] {processor.py:830} INFO - Processing file /opt/airflow/dags/dl_global_index.py for tasks to queue
[2026-02-07T03:10:36.953+0000] {logging_mixin.py:188} INFO - [2026-02-07T03:10:36.953+0000] {dagbag.py:545} INFO - Filling up the DagBag from /opt/airflow/dags/dl_global_index.py
[2026-02-07T03:10:36.996+0000] {processor.py:840} INFO - DAG(s) 'global_index_minio' retrieved from /opt/airflow/dags/dl_global_index.py
[2026-02-07T03:10:37.026+0000] {logging_mixin.py:188} INFO - [2026-02-07T03:10:37.026+0000] {dag.py:3089} INFO - Sync 1 DAGs
[2026-02-07T03:10:37.055+0000] {logging_mixin.py:188} INFO - [2026-02-07T03:10:37.054+0000] {dag.py:3947} INFO - Setting next_dagrun for global_index_minio to 2026-02-07 00:00:00+00:00, run_after=2026-02-08 00:00:00+00:00
[2026-02-07T03:10:37.077+0000] {processor.py:183} INFO - Processing /opt/airflow/dags/dl_global_index.py took 0.134 seconds
[2026-02-07T03:11:07.750+0000] {processor.py:161} INFO - Started process (PID=1098) to work on /opt/airflow/dags/dl_global_index.py
[2026-02-07T03:11:07.750+0000] {processor.py:830} INFO - Processing file /opt/airflow/dags/dl_global_index.py for tasks to queue
[2026-02-07T03:11:07.751+0000] {logging_mixin.py:188} INFO - [2026-02-07T03:11:07.751+0000] {dagbag.py:545} INFO - Filling up the DagBag from /opt/airflow/dags/dl_global_index.py
[2026-02-07T03:11:07.784+0000] {processor.py:840} INFO - DAG(s) 'global_index_minio' retrieved from /opt/airflow/dags/dl_global_index.py
[2026-02-07T03:11:07.810+0000] {logging_mixin.py:188} INFO - [2026-02-07T03:11:07.809+0000] {dag.py:3089} INFO - Sync 1 DAGs
[2026-02-07T03:11:07.833+0000] {logging_mixin.py:188} INFO - [2026-02-07T03:11:07.832+0000] {dag.py:3947} INFO - Setting next_dagrun for global_index_minio to 2026-02-07 00:00:00+00:00, run_after=2026-02-08 00:00:00+00:00
[2026-02-07T03:11:07.856+0000] {processor.py:183} INFO - Processing /opt/airflow/dags/dl_global_index.py took 0.112 seconds
[2026-02-07T03:11:38.616+0000] {processor.py:161} INFO - Started process (PID=1122) to work on /opt/airflow/dags/dl_global_index.py
[2026-02-07T03:11:38.617+0000] {processor.py:830} INFO - Processing file /opt/airflow/dags/dl_global_index.py for tasks to queue
[2026-02-07T03:11:38.618+0000] {logging_mixin.py:188} INFO - [2026-02-07T03:11:38.618+0000] {dagbag.py:545} INFO - Filling up the DagBag from /opt/airflow/dags/dl_global_index.py
[2026-02-07T03:11:38.651+0000] {processor.py:840} INFO - DAG(s) 'global_index_minio' retrieved from /opt/airflow/dags/dl_global_index.py
[2026-02-07T03:11:38.680+0000] {logging_mixin.py:188} INFO - [2026-02-07T03:11:38.680+0000] {dag.py:3089} INFO - Sync 1 DAGs
[2026-02-07T03:11:38.705+0000] {logging_mixin.py:188} INFO - [2026-02-07T03:11:38.705+0000] {dag.py:3947} INFO - Setting next_dagrun for global_index_minio to 2026-02-07 00:00:00+00:00, run_after=2026-02-08 00:00:00+00:00
[2026-02-07T03:11:38.729+0000] {processor.py:183} INFO - Processing /opt/airflow/dags/dl_global_index.py took 0.120 seconds
[2026-02-07T03:12:09.256+0000] {processor.py:161} INFO - Started process (PID=1146) to work on /opt/airflow/dags/dl_global_index.py
[2026-02-07T03:12:09.257+0000] {processor.py:830} INFO - Processing file /opt/airflow/dags/dl_global_index.py for tasks to queue
[2026-02-07T03:12:09.258+0000] {logging_mixin.py:188} INFO - [2026-02-07T03:12:09.258+0000] {dagbag.py:545} INFO - Filling up the DagBag from /opt/airflow/dags/dl_global_index.py
[2026-02-07T03:12:09.290+0000] {processor.py:840} INFO - DAG(s) 'global_index_minio' retrieved from /opt/airflow/dags/dl_global_index.py
[2026-02-07T03:12:09.321+0000] {logging_mixin.py:188} INFO - [2026-02-07T03:12:09.321+0000] {dag.py:3089} INFO - Sync 1 DAGs
[2026-02-07T03:12:09.349+0000] {logging_mixin.py:188} INFO - [2026-02-07T03:12:09.348+0000] {dag.py:3947} INFO - Setting next_dagrun for global_index_minio to 2026-02-07 00:00:00+00:00, run_after=2026-02-08 00:00:00+00:00
[2026-02-07T03:12:09.371+0000] {processor.py:183} INFO - Processing /opt/airflow/dags/dl_global_index.py took 0.122 seconds
[2026-02-07T03:12:39.967+0000] {processor.py:161} INFO - Started process (PID=1170) to work on /opt/airflow/dags/dl_global_index.py
[2026-02-07T03:12:39.968+0000] {processor.py:830} INFO - Processing file /opt/airflow/dags/dl_global_index.py for tasks to queue
[2026-02-07T03:12:39.970+0000] {logging_mixin.py:188} INFO - [2026-02-07T03:12:39.969+0000] {dagbag.py:545} INFO - Filling up the DagBag from /opt/airflow/dags/dl_global_index.py
[2026-02-07T03:12:40.065+0000] {processor.py:840} INFO - DAG(s) 'global_index_minio' retrieved from /opt/airflow/dags/dl_global_index.py
[2026-02-07T03:12:40.148+0000] {logging_mixin.py:188} INFO - [2026-02-07T03:12:40.147+0000] {dag.py:3089} INFO - Sync 1 DAGs
[2026-02-07T03:12:40.226+0000] {logging_mixin.py:188} INFO - [2026-02-07T03:12:40.224+0000] {dag.py:3947} INFO - Setting next_dagrun for global_index_minio to 2026-02-07 00:00:00+00:00, run_after=2026-02-08 00:00:00+00:00
[2026-02-07T03:12:40.307+0000] {processor.py:183} INFO - Processing /opt/airflow/dags/dl_global_index.py took 0.358 seconds
[2026-02-07T03:13:10.935+0000] {processor.py:161} INFO - Started process (PID=1194) to work on /opt/airflow/dags/dl_global_index.py
[2026-02-07T03:13:10.936+0000] {processor.py:830} INFO - Processing file /opt/airflow/dags/dl_global_index.py for tasks to queue
[2026-02-07T03:13:10.937+0000] {logging_mixin.py:188} INFO - [2026-02-07T03:13:10.936+0000] {dagbag.py:545} INFO - Filling up the DagBag from /opt/airflow/dags/dl_global_index.py
[2026-02-07T03:13:10.995+0000] {processor.py:840} INFO - DAG(s) 'global_index_minio' retrieved from /opt/airflow/dags/dl_global_index.py
[2026-02-07T03:13:11.052+0000] {logging_mixin.py:188} INFO - [2026-02-07T03:13:11.052+0000] {dag.py:3089} INFO - Sync 1 DAGs
[2026-02-07T03:13:11.091+0000] {logging_mixin.py:188} INFO - [2026-02-07T03:13:11.091+0000] {dag.py:3947} INFO - Setting next_dagrun for global_index_minio to 2026-02-07 00:00:00+00:00, run_after=2026-02-08 00:00:00+00:00
[2026-02-07T03:13:11.129+0000] {processor.py:183} INFO - Processing /opt/airflow/dags/dl_global_index.py took 0.207 seconds
[2026-02-07T03:13:41.185+0000] {processor.py:161} INFO - Started process (PID=1217) to work on /opt/airflow/dags/dl_global_index.py
[2026-02-07T03:13:41.186+0000] {processor.py:830} INFO - Processing file /opt/airflow/dags/dl_global_index.py for tasks to queue
[2026-02-07T03:13:41.187+0000] {logging_mixin.py:188} INFO - [2026-02-07T03:13:41.186+0000] {dagbag.py:545} INFO - Filling up the DagBag from /opt/airflow/dags/dl_global_index.py
[2026-02-07T03:13:41.213+0000] {processor.py:840} INFO - DAG(s) 'global_index_minio' retrieved from /opt/airflow/dags/dl_global_index.py
[2026-02-07T03:13:41.239+0000] {logging_mixin.py:188} INFO - [2026-02-07T03:13:41.239+0000] {dag.py:3089} INFO - Sync 1 DAGs
[2026-02-07T03:13:41.264+0000] {logging_mixin.py:188} INFO - [2026-02-07T03:13:41.264+0000] {dag.py:3947} INFO - Setting next_dagrun for global_index_minio to 2026-02-07 00:00:00+00:00, run_after=2026-02-08 00:00:00+00:00
[2026-02-07T03:13:41.319+0000] {processor.py:183} INFO - Processing /opt/airflow/dags/dl_global_index.py took 0.140 seconds
[2026-02-07T03:14:11.722+0000] {processor.py:161} INFO - Started process (PID=1242) to work on /opt/airflow/dags/dl_global_index.py
[2026-02-07T03:14:11.723+0000] {processor.py:830} INFO - Processing file /opt/airflow/dags/dl_global_index.py for tasks to queue
[2026-02-07T03:14:11.724+0000] {logging_mixin.py:188} INFO - [2026-02-07T03:14:11.724+0000] {dagbag.py:545} INFO - Filling up the DagBag from /opt/airflow/dags/dl_global_index.py
[2026-02-07T03:14:11.770+0000] {processor.py:840} INFO - DAG(s) 'global_index_minio' retrieved from /opt/airflow/dags/dl_global_index.py
[2026-02-07T03:14:11.812+0000] {logging_mixin.py:188} INFO - [2026-02-07T03:14:11.811+0000] {dag.py:3089} INFO - Sync 1 DAGs
[2026-02-07T03:14:11.847+0000] {logging_mixin.py:188} INFO - [2026-02-07T03:14:11.847+0000] {dag.py:3947} INFO - Setting next_dagrun for global_index_minio to 2026-02-07 00:00:00+00:00, run_after=2026-02-08 00:00:00+00:00
[2026-02-07T03:14:11.878+0000] {processor.py:183} INFO - Processing /opt/airflow/dags/dl_global_index.py took 0.164 seconds
[2026-02-07T03:14:42.581+0000] {processor.py:161} INFO - Started process (PID=1266) to work on /opt/airflow/dags/dl_global_index.py
[2026-02-07T03:14:42.582+0000] {processor.py:830} INFO - Processing file /opt/airflow/dags/dl_global_index.py for tasks to queue
[2026-02-07T03:14:42.583+0000] {logging_mixin.py:188} INFO - [2026-02-07T03:14:42.583+0000] {dagbag.py:545} INFO - Filling up the DagBag from /opt/airflow/dags/dl_global_index.py
[2026-02-07T03:14:42.624+0000] {processor.py:840} INFO - DAG(s) 'global_index_minio' retrieved from /opt/airflow/dags/dl_global_index.py
[2026-02-07T03:14:42.660+0000] {logging_mixin.py:188} INFO - [2026-02-07T03:14:42.660+0000] {dag.py:3089} INFO - Sync 1 DAGs
[2026-02-07T03:14:42.698+0000] {logging_mixin.py:188} INFO - [2026-02-07T03:14:42.698+0000] {dag.py:3947} INFO - Setting next_dagrun for global_index_minio to 2026-02-07 00:00:00+00:00, run_after=2026-02-08 00:00:00+00:00
[2026-02-07T03:14:42.731+0000] {processor.py:183} INFO - Processing /opt/airflow/dags/dl_global_index.py took 0.157 seconds
[2026-02-07T03:15:13.326+0000] {processor.py:161} INFO - Started process (PID=1290) to work on /opt/airflow/dags/dl_global_index.py
[2026-02-07T03:15:13.327+0000] {processor.py:830} INFO - Processing file /opt/airflow/dags/dl_global_index.py for tasks to queue
[2026-02-07T03:15:13.329+0000] {logging_mixin.py:188} INFO - [2026-02-07T03:15:13.329+0000] {dagbag.py:545} INFO - Filling up the DagBag from /opt/airflow/dags/dl_global_index.py
[2026-02-07T03:15:13.514+0000] {processor.py:840} INFO - DAG(s) 'global_index_minio' retrieved from /opt/airflow/dags/dl_global_index.py
[2026-02-07T03:15:13.603+0000] {logging_mixin.py:188} INFO - [2026-02-07T03:15:13.602+0000] {dag.py:3089} INFO - Sync 1 DAGs
[2026-02-07T03:15:13.670+0000] {logging_mixin.py:188} INFO - [2026-02-07T03:15:13.670+0000] {dag.py:3947} INFO - Setting next_dagrun for global_index_minio to 2026-02-07 00:00:00+00:00, run_after=2026-02-08 00:00:00+00:00
[2026-02-07T03:15:14.726+0000] {processor.py:183} INFO - Processing /opt/airflow/dags/dl_global_index.py took 1.419 seconds
[2026-02-07T03:15:45.086+0000] {processor.py:161} INFO - Started process (PID=1314) to work on /opt/airflow/dags/dl_global_index.py
[2026-02-07T03:15:45.087+0000] {processor.py:830} INFO - Processing file /opt/airflow/dags/dl_global_index.py for tasks to queue
[2026-02-07T03:15:45.088+0000] {logging_mixin.py:188} INFO - [2026-02-07T03:15:45.088+0000] {dagbag.py:545} INFO - Filling up the DagBag from /opt/airflow/dags/dl_global_index.py
[2026-02-07T03:15:45.133+0000] {processor.py:840} INFO - DAG(s) 'global_index_minio' retrieved from /opt/airflow/dags/dl_global_index.py
[2026-02-07T03:15:45.174+0000] {logging_mixin.py:188} INFO - [2026-02-07T03:15:45.173+0000] {dag.py:3089} INFO - Sync 1 DAGs
[2026-02-07T03:15:45.215+0000] {logging_mixin.py:188} INFO - [2026-02-07T03:15:45.214+0000] {dag.py:3947} INFO - Setting next_dagrun for global_index_minio to 2026-02-07 00:00:00+00:00, run_after=2026-02-08 00:00:00+00:00
[2026-02-07T03:15:45.246+0000] {processor.py:183} INFO - Processing /opt/airflow/dags/dl_global_index.py took 0.170 seconds
[2026-02-07T03:16:15.459+0000] {processor.py:161} INFO - Started process (PID=1338) to work on /opt/airflow/dags/dl_global_index.py
[2026-02-07T03:16:15.460+0000] {processor.py:830} INFO - Processing file /opt/airflow/dags/dl_global_index.py for tasks to queue
[2026-02-07T03:16:15.462+0000] {logging_mixin.py:188} INFO - [2026-02-07T03:16:15.461+0000] {dagbag.py:545} INFO - Filling up the DagBag from /opt/airflow/dags/dl_global_index.py
[2026-02-07T03:16:15.501+0000] {processor.py:840} INFO - DAG(s) 'global_index_minio' retrieved from /opt/airflow/dags/dl_global_index.py
[2026-02-07T03:16:15.532+0000] {logging_mixin.py:188} INFO - [2026-02-07T03:16:15.532+0000] {dag.py:3089} INFO - Sync 1 DAGs
[2026-02-07T03:16:15.582+0000] {logging_mixin.py:188} INFO - [2026-02-07T03:16:15.582+0000] {dag.py:3947} INFO - Setting next_dagrun for global_index_minio to 2026-02-07 00:00:00+00:00, run_after=2026-02-08 00:00:00+00:00
[2026-02-07T03:16:15.629+0000] {processor.py:183} INFO - Processing /opt/airflow/dags/dl_global_index.py took 0.178 seconds
[2026-02-07T03:16:45.781+0000] {processor.py:161} INFO - Started process (PID=1362) to work on /opt/airflow/dags/dl_global_index.py
[2026-02-07T03:16:45.782+0000] {processor.py:830} INFO - Processing file /opt/airflow/dags/dl_global_index.py for tasks to queue
[2026-02-07T03:16:45.783+0000] {logging_mixin.py:188} INFO - [2026-02-07T03:16:45.783+0000] {dagbag.py:545} INFO - Filling up the DagBag from /opt/airflow/dags/dl_global_index.py
[2026-02-07T03:16:45.825+0000] {processor.py:840} INFO - DAG(s) 'global_index_minio' retrieved from /opt/airflow/dags/dl_global_index.py
[2026-02-07T03:16:45.860+0000] {logging_mixin.py:188} INFO - [2026-02-07T03:16:45.860+0000] {dag.py:3089} INFO - Sync 1 DAGs
[2026-02-07T03:16:45.899+0000] {logging_mixin.py:188} INFO - [2026-02-07T03:16:45.898+0000] {dag.py:3947} INFO - Setting next_dagrun for global_index_minio to 2026-02-07 00:00:00+00:00, run_after=2026-02-08 00:00:00+00:00
[2026-02-07T03:16:45.933+0000] {processor.py:183} INFO - Processing /opt/airflow/dags/dl_global_index.py took 0.160 seconds
[2026-02-07T03:17:16.396+0000] {processor.py:161} INFO - Started process (PID=1387) to work on /opt/airflow/dags/dl_global_index.py
[2026-02-07T03:17:16.397+0000] {processor.py:830} INFO - Processing file /opt/airflow/dags/dl_global_index.py for tasks to queue
[2026-02-07T03:17:16.398+0000] {logging_mixin.py:188} INFO - [2026-02-07T03:17:16.398+0000] {dagbag.py:545} INFO - Filling up the DagBag from /opt/airflow/dags/dl_global_index.py
[2026-02-07T03:17:16.428+0000] {processor.py:840} INFO - DAG(s) 'global_index_minio' retrieved from /opt/airflow/dags/dl_global_index.py
[2026-02-07T03:17:16.451+0000] {logging_mixin.py:188} INFO - [2026-02-07T03:17:16.451+0000] {dag.py:3089} INFO - Sync 1 DAGs
[2026-02-07T03:17:16.476+0000] {logging_mixin.py:188} INFO - [2026-02-07T03:17:16.475+0000] {dag.py:3947} INFO - Setting next_dagrun for global_index_minio to 2026-02-07 00:00:00+00:00, run_after=2026-02-08 00:00:00+00:00
[2026-02-07T03:17:16.499+0000] {processor.py:183} INFO - Processing /opt/airflow/dags/dl_global_index.py took 0.110 seconds
[2026-02-07T03:17:47.070+0000] {processor.py:161} INFO - Started process (PID=1411) to work on /opt/airflow/dags/dl_global_index.py
[2026-02-07T03:17:47.072+0000] {processor.py:830} INFO - Processing file /opt/airflow/dags/dl_global_index.py for tasks to queue
[2026-02-07T03:17:47.073+0000] {logging_mixin.py:188} INFO - [2026-02-07T03:17:47.072+0000] {dagbag.py:545} INFO - Filling up the DagBag from /opt/airflow/dags/dl_global_index.py
[2026-02-07T03:17:47.142+0000] {processor.py:840} INFO - DAG(s) 'global_index_minio' retrieved from /opt/airflow/dags/dl_global_index.py
[2026-02-07T03:17:47.336+0000] {logging_mixin.py:188} INFO - [2026-02-07T03:17:47.335+0000] {dag.py:3089} INFO - Sync 1 DAGs
[2026-02-07T03:17:47.516+0000] {logging_mixin.py:188} INFO - [2026-02-07T03:17:47.515+0000] {dag.py:3947} INFO - Setting next_dagrun for global_index_minio to 2026-02-07 00:00:00+00:00, run_after=2026-02-08 00:00:00+00:00
[2026-02-07T03:17:47.571+0000] {processor.py:183} INFO - Processing /opt/airflow/dags/dl_global_index.py took 0.512 seconds
[2026-02-07T03:18:18.462+0000] {processor.py:161} INFO - Started process (PID=1435) to work on /opt/airflow/dags/dl_global_index.py
[2026-02-07T03:18:18.462+0000] {processor.py:830} INFO - Processing file /opt/airflow/dags/dl_global_index.py for tasks to queue
[2026-02-07T03:18:18.464+0000] {logging_mixin.py:188} INFO - [2026-02-07T03:18:18.463+0000] {dagbag.py:545} INFO - Filling up the DagBag from /opt/airflow/dags/dl_global_index.py
[2026-02-07T03:18:18.508+0000] {processor.py:840} INFO - DAG(s) 'global_index_minio' retrieved from /opt/airflow/dags/dl_global_index.py
[2026-02-07T03:18:18.538+0000] {logging_mixin.py:188} INFO - [2026-02-07T03:18:18.538+0000] {dag.py:3089} INFO - Sync 1 DAGs
[2026-02-07T03:18:18.570+0000] {logging_mixin.py:188} INFO - [2026-02-07T03:18:18.570+0000] {dag.py:3947} INFO - Setting next_dagrun for global_index_minio to 2026-02-07 00:00:00+00:00, run_after=2026-02-08 00:00:00+00:00
[2026-02-07T03:18:18.625+0000] {processor.py:183} INFO - Processing /opt/airflow/dags/dl_global_index.py took 0.171 seconds
[2026-02-07T03:18:48.720+0000] {processor.py:161} INFO - Started process (PID=1459) to work on /opt/airflow/dags/dl_global_index.py
[2026-02-07T03:18:48.720+0000] {processor.py:830} INFO - Processing file /opt/airflow/dags/dl_global_index.py for tasks to queue
[2026-02-07T03:18:48.721+0000] {logging_mixin.py:188} INFO - [2026-02-07T03:18:48.721+0000] {dagbag.py:545} INFO - Filling up the DagBag from /opt/airflow/dags/dl_global_index.py
[2026-02-07T03:18:48.777+0000] {processor.py:840} INFO - DAG(s) 'global_index_minio' retrieved from /opt/airflow/dags/dl_global_index.py
[2026-02-07T03:18:48.808+0000] {logging_mixin.py:188} INFO - [2026-02-07T03:18:48.808+0000] {dag.py:3089} INFO - Sync 1 DAGs
[2026-02-07T03:18:48.838+0000] {logging_mixin.py:188} INFO - [2026-02-07T03:18:48.838+0000] {dag.py:3947} INFO - Setting next_dagrun for global_index_minio to 2026-02-07 00:00:00+00:00, run_after=2026-02-08 00:00:00+00:00
[2026-02-07T03:18:48.865+0000] {processor.py:183} INFO - Processing /opt/airflow/dags/dl_global_index.py took 0.151 seconds
[2026-02-07T03:19:19.186+0000] {processor.py:161} INFO - Started process (PID=1483) to work on /opt/airflow/dags/dl_global_index.py
[2026-02-07T03:19:19.187+0000] {processor.py:830} INFO - Processing file /opt/airflow/dags/dl_global_index.py for tasks to queue
[2026-02-07T03:19:19.188+0000] {logging_mixin.py:188} INFO - [2026-02-07T03:19:19.188+0000] {dagbag.py:545} INFO - Filling up the DagBag from /opt/airflow/dags/dl_global_index.py
[2026-02-07T03:19:19.227+0000] {processor.py:840} INFO - DAG(s) 'global_index_minio' retrieved from /opt/airflow/dags/dl_global_index.py
[2026-02-07T03:19:19.266+0000] {logging_mixin.py:188} INFO - [2026-02-07T03:19:19.265+0000] {dag.py:3089} INFO - Sync 1 DAGs
[2026-02-07T03:19:19.295+0000] {logging_mixin.py:188} INFO - [2026-02-07T03:19:19.295+0000] {dag.py:3947} INFO - Setting next_dagrun for global_index_minio to 2026-02-07 00:00:00+00:00, run_after=2026-02-08 00:00:00+00:00
[2026-02-07T03:19:19.319+0000] {processor.py:183} INFO - Processing /opt/airflow/dags/dl_global_index.py took 0.139 seconds
[2026-02-07T03:19:49.470+0000] {processor.py:161} INFO - Started process (PID=1507) to work on /opt/airflow/dags/dl_global_index.py
[2026-02-07T03:19:49.471+0000] {processor.py:830} INFO - Processing file /opt/airflow/dags/dl_global_index.py for tasks to queue
[2026-02-07T03:19:49.472+0000] {logging_mixin.py:188} INFO - [2026-02-07T03:19:49.472+0000] {dagbag.py:545} INFO - Filling up the DagBag from /opt/airflow/dags/dl_global_index.py
[2026-02-07T03:19:49.507+0000] {processor.py:840} INFO - DAG(s) 'global_index_minio' retrieved from /opt/airflow/dags/dl_global_index.py
[2026-02-07T03:19:49.531+0000] {logging_mixin.py:188} INFO - [2026-02-07T03:19:49.531+0000] {dag.py:3089} INFO - Sync 1 DAGs
[2026-02-07T03:19:49.555+0000] {logging_mixin.py:188} INFO - [2026-02-07T03:19:49.555+0000] {dag.py:3947} INFO - Setting next_dagrun for global_index_minio to 2026-02-07 00:00:00+00:00, run_after=2026-02-08 00:00:00+00:00
[2026-02-07T03:19:49.575+0000] {processor.py:183} INFO - Processing /opt/airflow/dags/dl_global_index.py took 0.110 seconds
[2026-02-07T03:20:20.184+0000] {processor.py:161} INFO - Started process (PID=1531) to work on /opt/airflow/dags/dl_global_index.py
[2026-02-07T03:20:20.184+0000] {processor.py:830} INFO - Processing file /opt/airflow/dags/dl_global_index.py for tasks to queue
[2026-02-07T03:20:20.185+0000] {logging_mixin.py:188} INFO - [2026-02-07T03:20:20.185+0000] {dagbag.py:545} INFO - Filling up the DagBag from /opt/airflow/dags/dl_global_index.py
[2026-02-07T03:20:20.217+0000] {processor.py:840} INFO - DAG(s) 'global_index_minio' retrieved from /opt/airflow/dags/dl_global_index.py
[2026-02-07T03:20:20.243+0000] {logging_mixin.py:188} INFO - [2026-02-07T03:20:20.242+0000] {dag.py:3089} INFO - Sync 1 DAGs
[2026-02-07T03:20:20.268+0000] {logging_mixin.py:188} INFO - [2026-02-07T03:20:20.267+0000] {dag.py:3947} INFO - Setting next_dagrun for global_index_minio to 2026-02-07 00:00:00+00:00, run_after=2026-02-08 00:00:00+00:00
[2026-02-07T03:20:20.289+0000] {processor.py:183} INFO - Processing /opt/airflow/dags/dl_global_index.py took 0.111 seconds
[2026-02-07T03:20:50.855+0000] {processor.py:161} INFO - Started process (PID=1555) to work on /opt/airflow/dags/dl_global_index.py
[2026-02-07T03:20:50.856+0000] {processor.py:830} INFO - Processing file /opt/airflow/dags/dl_global_index.py for tasks to queue
[2026-02-07T03:20:50.856+0000] {logging_mixin.py:188} INFO - [2026-02-07T03:20:50.856+0000] {dagbag.py:545} INFO - Filling up the DagBag from /opt/airflow/dags/dl_global_index.py
[2026-02-07T03:20:50.883+0000] {processor.py:840} INFO - DAG(s) 'global_index_minio' retrieved from /opt/airflow/dags/dl_global_index.py
[2026-02-07T03:20:50.911+0000] {logging_mixin.py:188} INFO - [2026-02-07T03:20:50.910+0000] {dag.py:3089} INFO - Sync 1 DAGs
[2026-02-07T03:20:50.937+0000] {logging_mixin.py:188} INFO - [2026-02-07T03:20:50.937+0000] {dag.py:3947} INFO - Setting next_dagrun for global_index_minio to 2026-02-07 00:00:00+00:00, run_after=2026-02-08 00:00:00+00:00
[2026-02-07T03:20:50.960+0000] {processor.py:183} INFO - Processing /opt/airflow/dags/dl_global_index.py took 0.110 seconds
[2026-02-07T03:21:21.451+0000] {processor.py:161} INFO - Started process (PID=1579) to work on /opt/airflow/dags/dl_global_index.py
[2026-02-07T03:21:21.452+0000] {processor.py:830} INFO - Processing file /opt/airflow/dags/dl_global_index.py for tasks to queue
[2026-02-07T03:21:21.453+0000] {logging_mixin.py:188} INFO - [2026-02-07T03:21:21.452+0000] {dagbag.py:545} INFO - Filling up the DagBag from /opt/airflow/dags/dl_global_index.py
[2026-02-07T03:21:21.480+0000] {processor.py:840} INFO - DAG(s) 'global_index_minio' retrieved from /opt/airflow/dags/dl_global_index.py
[2026-02-07T03:21:21.502+0000] {logging_mixin.py:188} INFO - [2026-02-07T03:21:21.502+0000] {dag.py:3089} INFO - Sync 1 DAGs
[2026-02-07T03:21:21.523+0000] {logging_mixin.py:188} INFO - [2026-02-07T03:21:21.523+0000] {dag.py:3947} INFO - Setting next_dagrun for global_index_minio to 2026-02-07 00:00:00+00:00, run_after=2026-02-08 00:00:00+00:00
[2026-02-07T03:21:21.543+0000] {processor.py:183} INFO - Processing /opt/airflow/dags/dl_global_index.py took 0.096 seconds
[2026-02-07T03:21:51.933+0000] {processor.py:161} INFO - Started process (PID=1603) to work on /opt/airflow/dags/dl_global_index.py
[2026-02-07T03:21:51.934+0000] {processor.py:830} INFO - Processing file /opt/airflow/dags/dl_global_index.py for tasks to queue
[2026-02-07T03:21:51.935+0000] {logging_mixin.py:188} INFO - [2026-02-07T03:21:51.934+0000] {dagbag.py:545} INFO - Filling up the DagBag from /opt/airflow/dags/dl_global_index.py
[2026-02-07T03:21:51.966+0000] {processor.py:840} INFO - DAG(s) 'global_index_minio' retrieved from /opt/airflow/dags/dl_global_index.py
[2026-02-07T03:21:51.991+0000] {logging_mixin.py:188} INFO - [2026-02-07T03:21:51.990+0000] {dag.py:3089} INFO - Sync 1 DAGs
[2026-02-07T03:21:52.016+0000] {logging_mixin.py:188} INFO - [2026-02-07T03:21:52.016+0000] {dag.py:3947} INFO - Setting next_dagrun for global_index_minio to 2026-02-07 00:00:00+00:00, run_after=2026-02-08 00:00:00+00:00
[2026-02-07T03:21:52.036+0000] {processor.py:183} INFO - Processing /opt/airflow/dags/dl_global_index.py took 0.109 seconds
[2026-02-07T03:22:22.723+0000] {processor.py:161} INFO - Started process (PID=1627) to work on /opt/airflow/dags/dl_global_index.py
[2026-02-07T03:22:22.724+0000] {processor.py:830} INFO - Processing file /opt/airflow/dags/dl_global_index.py for tasks to queue
[2026-02-07T03:22:22.726+0000] {logging_mixin.py:188} INFO - [2026-02-07T03:22:22.725+0000] {dagbag.py:545} INFO - Filling up the DagBag from /opt/airflow/dags/dl_global_index.py
[2026-02-07T03:22:22.760+0000] {processor.py:840} INFO - DAG(s) 'global_index_minio' retrieved from /opt/airflow/dags/dl_global_index.py
[2026-02-07T03:22:22.792+0000] {logging_mixin.py:188} INFO - [2026-02-07T03:22:22.792+0000] {dag.py:3089} INFO - Sync 1 DAGs
[2026-02-07T03:22:22.819+0000] {logging_mixin.py:188} INFO - [2026-02-07T03:22:22.819+0000] {dag.py:3947} INFO - Setting next_dagrun for global_index_minio to 2026-02-07 00:00:00+00:00, run_after=2026-02-08 00:00:00+00:00
[2026-02-07T03:22:22.845+0000] {processor.py:183} INFO - Processing /opt/airflow/dags/dl_global_index.py took 0.130 seconds
[2026-02-07T03:22:53.097+0000] {processor.py:161} INFO - Started process (PID=1651) to work on /opt/airflow/dags/dl_global_index.py
[2026-02-07T03:22:53.098+0000] {processor.py:830} INFO - Processing file /opt/airflow/dags/dl_global_index.py for tasks to queue
[2026-02-07T03:22:53.099+0000] {logging_mixin.py:188} INFO - [2026-02-07T03:22:53.099+0000] {dagbag.py:545} INFO - Filling up the DagBag from /opt/airflow/dags/dl_global_index.py
[2026-02-07T03:22:53.125+0000] {processor.py:840} INFO - DAG(s) 'global_index_minio' retrieved from /opt/airflow/dags/dl_global_index.py
[2026-02-07T03:22:53.146+0000] {logging_mixin.py:188} INFO - [2026-02-07T03:22:53.145+0000] {dag.py:3089} INFO - Sync 1 DAGs
[2026-02-07T03:22:53.166+0000] {logging_mixin.py:188} INFO - [2026-02-07T03:22:53.166+0000] {dag.py:3947} INFO - Setting next_dagrun for global_index_minio to 2026-02-07 00:00:00+00:00, run_after=2026-02-08 00:00:00+00:00
[2026-02-07T03:22:53.187+0000] {processor.py:183} INFO - Processing /opt/airflow/dags/dl_global_index.py took 0.095 seconds
[2026-02-07T03:23:23.424+0000] {processor.py:161} INFO - Started process (PID=1675) to work on /opt/airflow/dags/dl_global_index.py
[2026-02-07T03:23:23.424+0000] {processor.py:830} INFO - Processing file /opt/airflow/dags/dl_global_index.py for tasks to queue
[2026-02-07T03:23:23.425+0000] {logging_mixin.py:188} INFO - [2026-02-07T03:23:23.425+0000] {dagbag.py:545} INFO - Filling up the DagBag from /opt/airflow/dags/dl_global_index.py
[2026-02-07T03:23:23.453+0000] {processor.py:840} INFO - DAG(s) 'global_index_minio' retrieved from /opt/airflow/dags/dl_global_index.py
[2026-02-07T03:23:23.477+0000] {logging_mixin.py:188} INFO - [2026-02-07T03:23:23.477+0000] {dag.py:3089} INFO - Sync 1 DAGs
[2026-02-07T03:23:23.505+0000] {logging_mixin.py:188} INFO - [2026-02-07T03:23:23.504+0000] {dag.py:3947} INFO - Setting next_dagrun for global_index_minio to 2026-02-07 00:00:00+00:00, run_after=2026-02-08 00:00:00+00:00
[2026-02-07T03:23:23.525+0000] {processor.py:183} INFO - Processing /opt/airflow/dags/dl_global_index.py took 0.107 seconds
[2026-02-07T03:23:53.772+0000] {processor.py:161} INFO - Started process (PID=1699) to work on /opt/airflow/dags/dl_global_index.py
[2026-02-07T03:23:53.773+0000] {processor.py:830} INFO - Processing file /opt/airflow/dags/dl_global_index.py for tasks to queue
[2026-02-07T03:23:53.773+0000] {logging_mixin.py:188} INFO - [2026-02-07T03:23:53.773+0000] {dagbag.py:545} INFO - Filling up the DagBag from /opt/airflow/dags/dl_global_index.py
[2026-02-07T03:23:53.799+0000] {processor.py:840} INFO - DAG(s) 'global_index_minio' retrieved from /opt/airflow/dags/dl_global_index.py
[2026-02-07T03:23:53.820+0000] {logging_mixin.py:188} INFO - [2026-02-07T03:23:53.820+0000] {dag.py:3089} INFO - Sync 1 DAGs
[2026-02-07T03:23:53.841+0000] {logging_mixin.py:188} INFO - [2026-02-07T03:23:53.841+0000] {dag.py:3947} INFO - Setting next_dagrun for global_index_minio to 2026-02-07 00:00:00+00:00, run_after=2026-02-08 00:00:00+00:00
[2026-02-07T03:23:53.876+0000] {processor.py:183} INFO - Processing /opt/airflow/dags/dl_global_index.py took 0.110 seconds
[2026-02-07T03:24:24.123+0000] {processor.py:161} INFO - Started process (PID=1723) to work on /opt/airflow/dags/dl_global_index.py
[2026-02-07T03:24:24.124+0000] {processor.py:830} INFO - Processing file /opt/airflow/dags/dl_global_index.py for tasks to queue
[2026-02-07T03:24:24.125+0000] {logging_mixin.py:188} INFO - [2026-02-07T03:24:24.124+0000] {dagbag.py:545} INFO - Filling up the DagBag from /opt/airflow/dags/dl_global_index.py
[2026-02-07T03:24:24.152+0000] {processor.py:840} INFO - DAG(s) 'global_index_minio' retrieved from /opt/airflow/dags/dl_global_index.py
[2026-02-07T03:24:24.173+0000] {logging_mixin.py:188} INFO - [2026-02-07T03:24:24.173+0000] {dag.py:3089} INFO - Sync 1 DAGs
[2026-02-07T03:24:24.193+0000] {logging_mixin.py:188} INFO - [2026-02-07T03:24:24.193+0000] {dag.py:3947} INFO - Setting next_dagrun for global_index_minio to 2026-02-07 00:00:00+00:00, run_after=2026-02-08 00:00:00+00:00
[2026-02-07T03:24:24.211+0000] {processor.py:183} INFO - Processing /opt/airflow/dags/dl_global_index.py took 0.092 seconds
[2026-02-07T03:24:54.451+0000] {processor.py:161} INFO - Started process (PID=1747) to work on /opt/airflow/dags/dl_global_index.py
[2026-02-07T03:24:54.451+0000] {processor.py:830} INFO - Processing file /opt/airflow/dags/dl_global_index.py for tasks to queue
[2026-02-07T03:24:54.452+0000] {logging_mixin.py:188} INFO - [2026-02-07T03:24:54.452+0000] {dagbag.py:545} INFO - Filling up the DagBag from /opt/airflow/dags/dl_global_index.py
[2026-02-07T03:24:54.478+0000] {processor.py:840} INFO - DAG(s) 'global_index_minio' retrieved from /opt/airflow/dags/dl_global_index.py
[2026-02-07T03:24:54.501+0000] {logging_mixin.py:188} INFO - [2026-02-07T03:24:54.500+0000] {dag.py:3089} INFO - Sync 1 DAGs
[2026-02-07T03:24:54.520+0000] {logging_mixin.py:188} INFO - [2026-02-07T03:24:54.520+0000] {dag.py:3947} INFO - Setting next_dagrun for global_index_minio to 2026-02-07 00:00:00+00:00, run_after=2026-02-08 00:00:00+00:00
[2026-02-07T03:24:54.538+0000] {processor.py:183} INFO - Processing /opt/airflow/dags/dl_global_index.py took 0.095 seconds
[2026-02-07T03:25:24.946+0000] {processor.py:161} INFO - Started process (PID=1771) to work on /opt/airflow/dags/dl_global_index.py
[2026-02-07T03:25:24.947+0000] {processor.py:830} INFO - Processing file /opt/airflow/dags/dl_global_index.py for tasks to queue
[2026-02-07T03:25:24.948+0000] {logging_mixin.py:188} INFO - [2026-02-07T03:25:24.948+0000] {dagbag.py:545} INFO - Filling up the DagBag from /opt/airflow/dags/dl_global_index.py
[2026-02-07T03:25:24.977+0000] {processor.py:840} INFO - DAG(s) 'global_index_minio' retrieved from /opt/airflow/dags/dl_global_index.py
[2026-02-07T03:25:24.999+0000] {logging_mixin.py:188} INFO - [2026-02-07T03:25:24.999+0000] {dag.py:3089} INFO - Sync 1 DAGs
[2026-02-07T03:25:25.020+0000] {logging_mixin.py:188} INFO - [2026-02-07T03:25:25.020+0000] {dag.py:3947} INFO - Setting next_dagrun for global_index_minio to 2026-02-07 00:00:00+00:00, run_after=2026-02-08 00:00:00+00:00
[2026-02-07T03:25:25.037+0000] {processor.py:183} INFO - Processing /opt/airflow/dags/dl_global_index.py took 0.096 seconds
[2026-02-07T03:25:55.275+0000] {processor.py:161} INFO - Started process (PID=1795) to work on /opt/airflow/dags/dl_global_index.py
[2026-02-07T03:25:55.275+0000] {processor.py:830} INFO - Processing file /opt/airflow/dags/dl_global_index.py for tasks to queue
[2026-02-07T03:25:55.276+0000] {logging_mixin.py:188} INFO - [2026-02-07T03:25:55.276+0000] {dagbag.py:545} INFO - Filling up the DagBag from /opt/airflow/dags/dl_global_index.py
[2026-02-07T03:25:55.300+0000] {processor.py:840} INFO - DAG(s) 'global_index_minio' retrieved from /opt/airflow/dags/dl_global_index.py
[2026-02-07T03:25:55.321+0000] {logging_mixin.py:188} INFO - [2026-02-07T03:25:55.320+0000] {dag.py:3089} INFO - Sync 1 DAGs
[2026-02-07T03:25:55.340+0000] {logging_mixin.py:188} INFO - [2026-02-07T03:25:55.339+0000] {dag.py:3947} INFO - Setting next_dagrun for global_index_minio to 2026-02-07 00:00:00+00:00, run_after=2026-02-08 00:00:00+00:00
[2026-02-07T03:25:55.357+0000] {processor.py:183} INFO - Processing /opt/airflow/dags/dl_global_index.py took 0.087 seconds
[2026-02-07T03:26:25.526+0000] {processor.py:161} INFO - Started process (PID=1819) to work on /opt/airflow/dags/dl_global_index.py
[2026-02-07T03:26:25.526+0000] {processor.py:830} INFO - Processing file /opt/airflow/dags/dl_global_index.py for tasks to queue
[2026-02-07T03:26:25.527+0000] {logging_mixin.py:188} INFO - [2026-02-07T03:26:25.527+0000] {dagbag.py:545} INFO - Filling up the DagBag from /opt/airflow/dags/dl_global_index.py
[2026-02-07T03:26:25.553+0000] {processor.py:840} INFO - DAG(s) 'global_index_minio' retrieved from /opt/airflow/dags/dl_global_index.py
[2026-02-07T03:26:25.575+0000] {logging_mixin.py:188} INFO - [2026-02-07T03:26:25.575+0000] {dag.py:3089} INFO - Sync 1 DAGs
[2026-02-07T03:26:25.595+0000] {logging_mixin.py:188} INFO - [2026-02-07T03:26:25.595+0000] {dag.py:3947} INFO - Setting next_dagrun for global_index_minio to 2026-02-07 00:00:00+00:00, run_after=2026-02-08 00:00:00+00:00
[2026-02-07T03:26:25.612+0000] {processor.py:183} INFO - Processing /opt/airflow/dags/dl_global_index.py took 0.092 seconds
[2026-02-07T03:26:55.775+0000] {processor.py:161} INFO - Started process (PID=1843) to work on /opt/airflow/dags/dl_global_index.py
[2026-02-07T03:26:55.776+0000] {processor.py:830} INFO - Processing file /opt/airflow/dags/dl_global_index.py for tasks to queue
[2026-02-07T03:26:55.777+0000] {logging_mixin.py:188} INFO - [2026-02-07T03:26:55.777+0000] {dagbag.py:545} INFO - Filling up the DagBag from /opt/airflow/dags/dl_global_index.py
[2026-02-07T03:26:55.800+0000] {processor.py:840} INFO - DAG(s) 'global_index_minio' retrieved from /opt/airflow/dags/dl_global_index.py
[2026-02-07T03:26:55.822+0000] {logging_mixin.py:188} INFO - [2026-02-07T03:26:55.821+0000] {dag.py:3089} INFO - Sync 1 DAGs
[2026-02-07T03:26:55.841+0000] {logging_mixin.py:188} INFO - [2026-02-07T03:26:55.841+0000] {dag.py:3947} INFO - Setting next_dagrun for global_index_minio to 2026-02-07 00:00:00+00:00, run_after=2026-02-08 00:00:00+00:00
[2026-02-07T03:26:55.860+0000] {processor.py:183} INFO - Processing /opt/airflow/dags/dl_global_index.py took 0.090 seconds
[2026-02-07T03:27:26.092+0000] {processor.py:161} INFO - Started process (PID=1867) to work on /opt/airflow/dags/dl_global_index.py
[2026-02-07T03:27:26.093+0000] {processor.py:830} INFO - Processing file /opt/airflow/dags/dl_global_index.py for tasks to queue
[2026-02-07T03:27:26.094+0000] {logging_mixin.py:188} INFO - [2026-02-07T03:27:26.093+0000] {dagbag.py:545} INFO - Filling up the DagBag from /opt/airflow/dags/dl_global_index.py
[2026-02-07T03:27:26.121+0000] {processor.py:840} INFO - DAG(s) 'global_index_minio' retrieved from /opt/airflow/dags/dl_global_index.py
[2026-02-07T03:27:26.144+0000] {logging_mixin.py:188} INFO - [2026-02-07T03:27:26.144+0000] {dag.py:3089} INFO - Sync 1 DAGs
[2026-02-07T03:27:26.166+0000] {logging_mixin.py:188} INFO - [2026-02-07T03:27:26.166+0000] {dag.py:3947} INFO - Setting next_dagrun for global_index_minio to 2026-02-07 00:00:00+00:00, run_after=2026-02-08 00:00:00+00:00
[2026-02-07T03:27:26.186+0000] {processor.py:183} INFO - Processing /opt/airflow/dags/dl_global_index.py took 0.099 seconds
[2026-02-07T03:27:56.708+0000] {processor.py:161} INFO - Started process (PID=1891) to work on /opt/airflow/dags/dl_global_index.py
[2026-02-07T03:27:56.709+0000] {processor.py:830} INFO - Processing file /opt/airflow/dags/dl_global_index.py for tasks to queue
[2026-02-07T03:27:56.710+0000] {logging_mixin.py:188} INFO - [2026-02-07T03:27:56.710+0000] {dagbag.py:545} INFO - Filling up the DagBag from /opt/airflow/dags/dl_global_index.py
[2026-02-07T03:27:56.742+0000] {processor.py:840} INFO - DAG(s) 'global_index_minio' retrieved from /opt/airflow/dags/dl_global_index.py
[2026-02-07T03:27:56.769+0000] {logging_mixin.py:188} INFO - [2026-02-07T03:27:56.769+0000] {dag.py:3089} INFO - Sync 1 DAGs
[2026-02-07T03:27:56.791+0000] {logging_mixin.py:188} INFO - [2026-02-07T03:27:56.791+0000] {dag.py:3947} INFO - Setting next_dagrun for global_index_minio to 2026-02-07 00:00:00+00:00, run_after=2026-02-08 00:00:00+00:00
[2026-02-07T03:27:56.810+0000] {processor.py:183} INFO - Processing /opt/airflow/dags/dl_global_index.py took 0.107 seconds
[2026-02-07T03:28:27.149+0000] {processor.py:161} INFO - Started process (PID=1915) to work on /opt/airflow/dags/dl_global_index.py
[2026-02-07T03:28:27.149+0000] {processor.py:830} INFO - Processing file /opt/airflow/dags/dl_global_index.py for tasks to queue
[2026-02-07T03:28:27.150+0000] {logging_mixin.py:188} INFO - [2026-02-07T03:28:27.150+0000] {dagbag.py:545} INFO - Filling up the DagBag from /opt/airflow/dags/dl_global_index.py
[2026-02-07T03:28:27.175+0000] {processor.py:840} INFO - DAG(s) 'global_index_minio' retrieved from /opt/airflow/dags/dl_global_index.py
[2026-02-07T03:28:27.196+0000] {logging_mixin.py:188} INFO - [2026-02-07T03:28:27.195+0000] {dag.py:3089} INFO - Sync 1 DAGs
[2026-02-07T03:28:27.216+0000] {logging_mixin.py:188} INFO - [2026-02-07T03:28:27.215+0000] {dag.py:3947} INFO - Setting next_dagrun for global_index_minio to 2026-02-07 00:00:00+00:00, run_after=2026-02-08 00:00:00+00:00
[2026-02-07T03:28:27.233+0000] {processor.py:183} INFO - Processing /opt/airflow/dags/dl_global_index.py took 0.090 seconds
[2026-02-07T03:28:57.515+0000] {processor.py:161} INFO - Started process (PID=1939) to work on /opt/airflow/dags/dl_global_index.py
[2026-02-07T03:28:57.516+0000] {processor.py:830} INFO - Processing file /opt/airflow/dags/dl_global_index.py for tasks to queue
[2026-02-07T03:28:57.517+0000] {logging_mixin.py:188} INFO - [2026-02-07T03:28:57.516+0000] {dagbag.py:545} INFO - Filling up the DagBag from /opt/airflow/dags/dl_global_index.py
[2026-02-07T03:28:57.543+0000] {processor.py:840} INFO - DAG(s) 'global_index_minio' retrieved from /opt/airflow/dags/dl_global_index.py
[2026-02-07T03:28:57.564+0000] {logging_mixin.py:188} INFO - [2026-02-07T03:28:57.564+0000] {dag.py:3089} INFO - Sync 1 DAGs
[2026-02-07T03:28:57.587+0000] {logging_mixin.py:188} INFO - [2026-02-07T03:28:57.587+0000] {dag.py:3947} INFO - Setting next_dagrun for global_index_minio to 2026-02-07 00:00:00+00:00, run_after=2026-02-08 00:00:00+00:00
[2026-02-07T03:28:57.606+0000] {processor.py:183} INFO - Processing /opt/airflow/dags/dl_global_index.py took 0.097 seconds
[2026-02-07T03:29:28.224+0000] {processor.py:161} INFO - Started process (PID=1963) to work on /opt/airflow/dags/dl_global_index.py
[2026-02-07T03:29:28.224+0000] {processor.py:830} INFO - Processing file /opt/airflow/dags/dl_global_index.py for tasks to queue
[2026-02-07T03:29:28.226+0000] {logging_mixin.py:188} INFO - [2026-02-07T03:29:28.225+0000] {dagbag.py:545} INFO - Filling up the DagBag from /opt/airflow/dags/dl_global_index.py
[2026-02-07T03:29:28.268+0000] {processor.py:840} INFO - DAG(s) 'global_index_minio' retrieved from /opt/airflow/dags/dl_global_index.py
[2026-02-07T03:29:28.292+0000] {logging_mixin.py:188} INFO - [2026-02-07T03:29:28.291+0000] {dag.py:3089} INFO - Sync 1 DAGs
[2026-02-07T03:29:28.315+0000] {logging_mixin.py:188} INFO - [2026-02-07T03:29:28.314+0000] {dag.py:3947} INFO - Setting next_dagrun for global_index_minio to 2026-02-07 00:00:00+00:00, run_after=2026-02-08 00:00:00+00:00
[2026-02-07T03:29:28.334+0000] {processor.py:183} INFO - Processing /opt/airflow/dags/dl_global_index.py took 0.117 seconds
[2026-02-07T03:29:58.757+0000] {processor.py:161} INFO - Started process (PID=1987) to work on /opt/airflow/dags/dl_global_index.py
[2026-02-07T03:29:58.758+0000] {processor.py:830} INFO - Processing file /opt/airflow/dags/dl_global_index.py for tasks to queue
[2026-02-07T03:29:58.759+0000] {logging_mixin.py:188} INFO - [2026-02-07T03:29:58.759+0000] {dagbag.py:545} INFO - Filling up the DagBag from /opt/airflow/dags/dl_global_index.py
[2026-02-07T03:29:58.789+0000] {processor.py:840} INFO - DAG(s) 'global_index_minio' retrieved from /opt/airflow/dags/dl_global_index.py
[2026-02-07T03:29:58.811+0000] {logging_mixin.py:188} INFO - [2026-02-07T03:29:58.810+0000] {dag.py:3089} INFO - Sync 1 DAGs
[2026-02-07T03:29:58.830+0000] {logging_mixin.py:188} INFO - [2026-02-07T03:29:58.830+0000] {dag.py:3947} INFO - Setting next_dagrun for global_index_minio to 2026-02-07 00:00:00+00:00, run_after=2026-02-08 00:00:00+00:00
[2026-02-07T03:29:58.848+0000] {processor.py:183} INFO - Processing /opt/airflow/dags/dl_global_index.py took 0.096 seconds
[2026-02-07T03:30:29.169+0000] {processor.py:161} INFO - Started process (PID=2011) to work on /opt/airflow/dags/dl_global_index.py
[2026-02-07T03:30:29.169+0000] {processor.py:830} INFO - Processing file /opt/airflow/dags/dl_global_index.py for tasks to queue
[2026-02-07T03:30:29.170+0000] {logging_mixin.py:188} INFO - [2026-02-07T03:30:29.170+0000] {dagbag.py:545} INFO - Filling up the DagBag from /opt/airflow/dags/dl_global_index.py
[2026-02-07T03:30:29.206+0000] {processor.py:840} INFO - DAG(s) 'global_index_minio' retrieved from /opt/airflow/dags/dl_global_index.py
[2026-02-07T03:30:29.235+0000] {logging_mixin.py:188} INFO - [2026-02-07T03:30:29.234+0000] {dag.py:3089} INFO - Sync 1 DAGs
[2026-02-07T03:30:29.262+0000] {logging_mixin.py:188} INFO - [2026-02-07T03:30:29.261+0000] {dag.py:3947} INFO - Setting next_dagrun for global_index_minio to 2026-02-07 00:00:00+00:00, run_after=2026-02-08 00:00:00+00:00
[2026-02-07T03:30:29.286+0000] {processor.py:183} INFO - Processing /opt/airflow/dags/dl_global_index.py took 0.123 seconds
[2026-02-07T03:30:59.632+0000] {processor.py:161} INFO - Started process (PID=2035) to work on /opt/airflow/dags/dl_global_index.py
[2026-02-07T03:30:59.633+0000] {processor.py:830} INFO - Processing file /opt/airflow/dags/dl_global_index.py for tasks to queue
[2026-02-07T03:30:59.634+0000] {logging_mixin.py:188} INFO - [2026-02-07T03:30:59.634+0000] {dagbag.py:545} INFO - Filling up the DagBag from /opt/airflow/dags/dl_global_index.py
[2026-02-07T03:30:59.659+0000] {processor.py:840} INFO - DAG(s) 'global_index_minio' retrieved from /opt/airflow/dags/dl_global_index.py
[2026-02-07T03:30:59.681+0000] {logging_mixin.py:188} INFO - [2026-02-07T03:30:59.681+0000] {dag.py:3089} INFO - Sync 1 DAGs
[2026-02-07T03:30:59.702+0000] {logging_mixin.py:188} INFO - [2026-02-07T03:30:59.702+0000] {dag.py:3947} INFO - Setting next_dagrun for global_index_minio to 2026-02-07 00:00:00+00:00, run_after=2026-02-08 00:00:00+00:00
[2026-02-07T03:30:59.723+0000] {processor.py:183} INFO - Processing /opt/airflow/dags/dl_global_index.py took 0.096 seconds
[2026-02-07T03:31:30.031+0000] {processor.py:161} INFO - Started process (PID=2059) to work on /opt/airflow/dags/dl_global_index.py
[2026-02-07T03:31:30.032+0000] {processor.py:830} INFO - Processing file /opt/airflow/dags/dl_global_index.py for tasks to queue
[2026-02-07T03:31:30.033+0000] {logging_mixin.py:188} INFO - [2026-02-07T03:31:30.032+0000] {dagbag.py:545} INFO - Filling up the DagBag from /opt/airflow/dags/dl_global_index.py
[2026-02-07T03:31:30.056+0000] {processor.py:840} INFO - DAG(s) 'global_index_minio' retrieved from /opt/airflow/dags/dl_global_index.py
[2026-02-07T03:31:30.078+0000] {logging_mixin.py:188} INFO - [2026-02-07T03:31:30.078+0000] {dag.py:3089} INFO - Sync 1 DAGs
[2026-02-07T03:31:30.099+0000] {logging_mixin.py:188} INFO - [2026-02-07T03:31:30.099+0000] {dag.py:3947} INFO - Setting next_dagrun for global_index_minio to 2026-02-07 00:00:00+00:00, run_after=2026-02-08 00:00:00+00:00
[2026-02-07T03:31:30.119+0000] {processor.py:183} INFO - Processing /opt/airflow/dags/dl_global_index.py took 0.096 seconds
[2026-02-07T03:32:00.251+0000] {processor.py:161} INFO - Started process (PID=2083) to work on /opt/airflow/dags/dl_global_index.py
[2026-02-07T03:32:00.251+0000] {processor.py:830} INFO - Processing file /opt/airflow/dags/dl_global_index.py for tasks to queue
[2026-02-07T03:32:00.252+0000] {logging_mixin.py:188} INFO - [2026-02-07T03:32:00.252+0000] {dagbag.py:545} INFO - Filling up the DagBag from /opt/airflow/dags/dl_global_index.py
[2026-02-07T03:32:00.280+0000] {processor.py:840} INFO - DAG(s) 'global_index_minio' retrieved from /opt/airflow/dags/dl_global_index.py
[2026-02-07T03:32:00.301+0000] {logging_mixin.py:188} INFO - [2026-02-07T03:32:00.301+0000] {dag.py:3089} INFO - Sync 1 DAGs
[2026-02-07T03:32:00.320+0000] {logging_mixin.py:188} INFO - [2026-02-07T03:32:00.320+0000] {dag.py:3947} INFO - Setting next_dagrun for global_index_minio to 2026-02-07 00:00:00+00:00, run_after=2026-02-08 00:00:00+00:00
[2026-02-07T03:32:00.336+0000] {processor.py:183} INFO - Processing /opt/airflow/dags/dl_global_index.py took 0.091 seconds
[2026-02-07T03:32:30.610+0000] {processor.py:161} INFO - Started process (PID=2107) to work on /opt/airflow/dags/dl_global_index.py
[2026-02-07T03:32:30.610+0000] {processor.py:830} INFO - Processing file /opt/airflow/dags/dl_global_index.py for tasks to queue
[2026-02-07T03:32:30.612+0000] {logging_mixin.py:188} INFO - [2026-02-07T03:32:30.611+0000] {dagbag.py:545} INFO - Filling up the DagBag from /opt/airflow/dags/dl_global_index.py
[2026-02-07T03:32:30.641+0000] {processor.py:840} INFO - DAG(s) 'global_index_minio' retrieved from /opt/airflow/dags/dl_global_index.py
[2026-02-07T03:32:30.663+0000] {logging_mixin.py:188} INFO - [2026-02-07T03:32:30.663+0000] {dag.py:3089} INFO - Sync 1 DAGs
[2026-02-07T03:32:30.684+0000] {logging_mixin.py:188} INFO - [2026-02-07T03:32:30.684+0000] {dag.py:3947} INFO - Setting next_dagrun for global_index_minio to 2026-02-07 00:00:00+00:00, run_after=2026-02-08 00:00:00+00:00
[2026-02-07T03:32:30.701+0000] {processor.py:183} INFO - Processing /opt/airflow/dags/dl_global_index.py took 0.098 seconds
[2026-02-07T03:33:00.770+0000] {processor.py:161} INFO - Started process (PID=2131) to work on /opt/airflow/dags/dl_global_index.py
[2026-02-07T03:33:00.771+0000] {processor.py:830} INFO - Processing file /opt/airflow/dags/dl_global_index.py for tasks to queue
[2026-02-07T03:33:00.771+0000] {logging_mixin.py:188} INFO - [2026-02-07T03:33:00.771+0000] {dagbag.py:545} INFO - Filling up the DagBag from /opt/airflow/dags/dl_global_index.py
[2026-02-07T03:33:00.797+0000] {processor.py:840} INFO - DAG(s) 'global_index_minio' retrieved from /opt/airflow/dags/dl_global_index.py
[2026-02-07T03:33:00.819+0000] {logging_mixin.py:188} INFO - [2026-02-07T03:33:00.818+0000] {dag.py:3089} INFO - Sync 1 DAGs
[2026-02-07T03:33:00.839+0000] {logging_mixin.py:188} INFO - [2026-02-07T03:33:00.839+0000] {dag.py:3947} INFO - Setting next_dagrun for global_index_minio to 2026-02-07 00:00:00+00:00, run_after=2026-02-08 00:00:00+00:00
[2026-02-07T03:33:00.855+0000] {processor.py:183} INFO - Processing /opt/airflow/dags/dl_global_index.py took 0.090 seconds
[2026-02-07T03:33:31.047+0000] {processor.py:161} INFO - Started process (PID=2155) to work on /opt/airflow/dags/dl_global_index.py
[2026-02-07T03:33:31.048+0000] {processor.py:830} INFO - Processing file /opt/airflow/dags/dl_global_index.py for tasks to queue
[2026-02-07T03:33:31.049+0000] {logging_mixin.py:188} INFO - [2026-02-07T03:33:31.048+0000] {dagbag.py:545} INFO - Filling up the DagBag from /opt/airflow/dags/dl_global_index.py
[2026-02-07T03:33:31.073+0000] {processor.py:840} INFO - DAG(s) 'global_index_minio' retrieved from /opt/airflow/dags/dl_global_index.py
[2026-02-07T03:33:31.092+0000] {logging_mixin.py:188} INFO - [2026-02-07T03:33:31.092+0000] {dag.py:3089} INFO - Sync 1 DAGs
[2026-02-07T03:33:31.111+0000] {logging_mixin.py:188} INFO - [2026-02-07T03:33:31.110+0000] {dag.py:3947} INFO - Setting next_dagrun for global_index_minio to 2026-02-07 00:00:00+00:00, run_after=2026-02-08 00:00:00+00:00
[2026-02-07T03:33:31.129+0000] {processor.py:183} INFO - Processing /opt/airflow/dags/dl_global_index.py took 0.087 seconds
[2026-02-07T03:34:01.498+0000] {processor.py:161} INFO - Started process (PID=2179) to work on /opt/airflow/dags/dl_global_index.py
[2026-02-07T03:34:01.498+0000] {processor.py:830} INFO - Processing file /opt/airflow/dags/dl_global_index.py for tasks to queue
[2026-02-07T03:34:01.499+0000] {logging_mixin.py:188} INFO - [2026-02-07T03:34:01.499+0000] {dagbag.py:545} INFO - Filling up the DagBag from /opt/airflow/dags/dl_global_index.py
[2026-02-07T03:34:01.525+0000] {processor.py:840} INFO - DAG(s) 'global_index_minio' retrieved from /opt/airflow/dags/dl_global_index.py
[2026-02-07T03:34:01.547+0000] {logging_mixin.py:188} INFO - [2026-02-07T03:34:01.547+0000] {dag.py:3089} INFO - Sync 1 DAGs
[2026-02-07T03:34:01.566+0000] {logging_mixin.py:188} INFO - [2026-02-07T03:34:01.566+0000] {dag.py:3947} INFO - Setting next_dagrun for global_index_minio to 2026-02-07 00:00:00+00:00, run_after=2026-02-08 00:00:00+00:00
[2026-02-07T03:34:01.584+0000] {processor.py:183} INFO - Processing /opt/airflow/dags/dl_global_index.py took 0.092 seconds
[2026-02-07T03:34:31.810+0000] {processor.py:161} INFO - Started process (PID=2203) to work on /opt/airflow/dags/dl_global_index.py
[2026-02-07T03:34:31.811+0000] {processor.py:830} INFO - Processing file /opt/airflow/dags/dl_global_index.py for tasks to queue
[2026-02-07T03:34:31.812+0000] {logging_mixin.py:188} INFO - [2026-02-07T03:34:31.811+0000] {dagbag.py:545} INFO - Filling up the DagBag from /opt/airflow/dags/dl_global_index.py
[2026-02-07T03:34:31.846+0000] {processor.py:840} INFO - DAG(s) 'global_index_minio' retrieved from /opt/airflow/dags/dl_global_index.py
[2026-02-07T03:34:31.872+0000] {logging_mixin.py:188} INFO - [2026-02-07T03:34:31.872+0000] {dag.py:3089} INFO - Sync 1 DAGs
[2026-02-07T03:34:31.897+0000] {logging_mixin.py:188} INFO - [2026-02-07T03:34:31.897+0000] {dag.py:3947} INFO - Setting next_dagrun for global_index_minio to 2026-02-07 00:00:00+00:00, run_after=2026-02-08 00:00:00+00:00
[2026-02-07T03:34:31.916+0000] {processor.py:183} INFO - Processing /opt/airflow/dags/dl_global_index.py took 0.112 seconds
[2026-02-07T03:35:02.233+0000] {processor.py:161} INFO - Started process (PID=2227) to work on /opt/airflow/dags/dl_global_index.py
[2026-02-07T03:35:02.233+0000] {processor.py:830} INFO - Processing file /opt/airflow/dags/dl_global_index.py for tasks to queue
[2026-02-07T03:35:02.234+0000] {logging_mixin.py:188} INFO - [2026-02-07T03:35:02.234+0000] {dagbag.py:545} INFO - Filling up the DagBag from /opt/airflow/dags/dl_global_index.py
[2026-02-07T03:35:02.259+0000] {processor.py:840} INFO - DAG(s) 'global_index_minio' retrieved from /opt/airflow/dags/dl_global_index.py
[2026-02-07T03:35:02.278+0000] {logging_mixin.py:188} INFO - [2026-02-07T03:35:02.278+0000] {dag.py:3089} INFO - Sync 1 DAGs
[2026-02-07T03:35:02.298+0000] {logging_mixin.py:188} INFO - [2026-02-07T03:35:02.298+0000] {dag.py:3947} INFO - Setting next_dagrun for global_index_minio to 2026-02-07 00:00:00+00:00, run_after=2026-02-08 00:00:00+00:00
[2026-02-07T03:35:02.316+0000] {processor.py:183} INFO - Processing /opt/airflow/dags/dl_global_index.py took 0.089 seconds
[2026-02-07T03:35:32.556+0000] {processor.py:161} INFO - Started process (PID=2251) to work on /opt/airflow/dags/dl_global_index.py
[2026-02-07T03:35:32.557+0000] {processor.py:830} INFO - Processing file /opt/airflow/dags/dl_global_index.py for tasks to queue
[2026-02-07T03:35:32.558+0000] {logging_mixin.py:188} INFO - [2026-02-07T03:35:32.558+0000] {dagbag.py:545} INFO - Filling up the DagBag from /opt/airflow/dags/dl_global_index.py
[2026-02-07T03:35:32.589+0000] {processor.py:840} INFO - DAG(s) 'global_index_minio' retrieved from /opt/airflow/dags/dl_global_index.py
[2026-02-07T03:35:32.613+0000] {logging_mixin.py:188} INFO - [2026-02-07T03:35:32.612+0000] {dag.py:3089} INFO - Sync 1 DAGs
[2026-02-07T03:35:32.634+0000] {logging_mixin.py:188} INFO - [2026-02-07T03:35:32.633+0000] {dag.py:3947} INFO - Setting next_dagrun for global_index_minio to 2026-02-07 00:00:00+00:00, run_after=2026-02-08 00:00:00+00:00
[2026-02-07T03:35:32.650+0000] {processor.py:183} INFO - Processing /opt/airflow/dags/dl_global_index.py took 0.100 seconds
[2026-02-07T03:36:02.868+0000] {processor.py:161} INFO - Started process (PID=2275) to work on /opt/airflow/dags/dl_global_index.py
[2026-02-07T03:36:02.868+0000] {processor.py:830} INFO - Processing file /opt/airflow/dags/dl_global_index.py for tasks to queue
[2026-02-07T03:36:02.869+0000] {logging_mixin.py:188} INFO - [2026-02-07T03:36:02.869+0000] {dagbag.py:545} INFO - Filling up the DagBag from /opt/airflow/dags/dl_global_index.py
[2026-02-07T03:36:02.895+0000] {processor.py:840} INFO - DAG(s) 'global_index_minio' retrieved from /opt/airflow/dags/dl_global_index.py
[2026-02-07T03:36:02.916+0000] {logging_mixin.py:188} INFO - [2026-02-07T03:36:02.916+0000] {dag.py:3089} INFO - Sync 1 DAGs
[2026-02-07T03:36:02.936+0000] {logging_mixin.py:188} INFO - [2026-02-07T03:36:02.936+0000] {dag.py:3947} INFO - Setting next_dagrun for global_index_minio to 2026-02-07 00:00:00+00:00, run_after=2026-02-08 00:00:00+00:00
[2026-02-07T03:36:02.952+0000] {processor.py:183} INFO - Processing /opt/airflow/dags/dl_global_index.py took 0.089 seconds
[2026-02-07T03:36:33.159+0000] {processor.py:161} INFO - Started process (PID=2299) to work on /opt/airflow/dags/dl_global_index.py
[2026-02-07T03:36:33.160+0000] {processor.py:830} INFO - Processing file /opt/airflow/dags/dl_global_index.py for tasks to queue
[2026-02-07T03:36:33.161+0000] {logging_mixin.py:188} INFO - [2026-02-07T03:36:33.161+0000] {dagbag.py:545} INFO - Filling up the DagBag from /opt/airflow/dags/dl_global_index.py
[2026-02-07T03:36:33.193+0000] {processor.py:840} INFO - DAG(s) 'global_index_minio' retrieved from /opt/airflow/dags/dl_global_index.py
[2026-02-07T03:36:33.219+0000] {logging_mixin.py:188} INFO - [2026-02-07T03:36:33.218+0000] {dag.py:3089} INFO - Sync 1 DAGs
[2026-02-07T03:36:33.241+0000] {logging_mixin.py:188} INFO - [2026-02-07T03:36:33.241+0000] {dag.py:3947} INFO - Setting next_dagrun for global_index_minio to 2026-02-07 00:00:00+00:00, run_after=2026-02-08 00:00:00+00:00
[2026-02-07T03:36:33.263+0000] {processor.py:183} INFO - Processing /opt/airflow/dags/dl_global_index.py took 0.110 seconds
[2026-02-07T03:37:03.383+0000] {processor.py:161} INFO - Started process (PID=2324) to work on /opt/airflow/dags/dl_global_index.py
[2026-02-07T03:37:03.384+0000] {processor.py:830} INFO - Processing file /opt/airflow/dags/dl_global_index.py for tasks to queue
[2026-02-07T03:37:03.384+0000] {logging_mixin.py:188} INFO - [2026-02-07T03:37:03.384+0000] {dagbag.py:545} INFO - Filling up the DagBag from /opt/airflow/dags/dl_global_index.py
[2026-02-07T03:37:03.418+0000] {processor.py:840} INFO - DAG(s) 'global_index_minio' retrieved from /opt/airflow/dags/dl_global_index.py
[2026-02-07T03:37:03.451+0000] {logging_mixin.py:188} INFO - [2026-02-07T03:37:03.450+0000] {dag.py:3089} INFO - Sync 1 DAGs
[2026-02-07T03:37:03.476+0000] {logging_mixin.py:188} INFO - [2026-02-07T03:37:03.476+0000] {dag.py:3947} INFO - Setting next_dagrun for global_index_minio to 2026-02-07 00:00:00+00:00, run_after=2026-02-08 00:00:00+00:00
[2026-02-07T03:37:03.494+0000] {processor.py:183} INFO - Processing /opt/airflow/dags/dl_global_index.py took 0.118 seconds
[2026-02-07T03:37:33.716+0000] {processor.py:161} INFO - Started process (PID=2348) to work on /opt/airflow/dags/dl_global_index.py
[2026-02-07T03:37:33.717+0000] {processor.py:830} INFO - Processing file /opt/airflow/dags/dl_global_index.py for tasks to queue
[2026-02-07T03:37:33.718+0000] {logging_mixin.py:188} INFO - [2026-02-07T03:37:33.718+0000] {dagbag.py:545} INFO - Filling up the DagBag from /opt/airflow/dags/dl_global_index.py
[2026-02-07T03:37:33.743+0000] {processor.py:840} INFO - DAG(s) 'global_index_minio' retrieved from /opt/airflow/dags/dl_global_index.py
[2026-02-07T03:37:33.764+0000] {logging_mixin.py:188} INFO - [2026-02-07T03:37:33.764+0000] {dag.py:3089} INFO - Sync 1 DAGs
[2026-02-07T03:37:33.785+0000] {logging_mixin.py:188} INFO - [2026-02-07T03:37:33.785+0000] {dag.py:3947} INFO - Setting next_dagrun for global_index_minio to 2026-02-07 00:00:00+00:00, run_after=2026-02-08 00:00:00+00:00
[2026-02-07T03:37:33.803+0000] {processor.py:183} INFO - Processing /opt/airflow/dags/dl_global_index.py took 0.092 seconds
[2026-02-07T03:38:04.037+0000] {processor.py:161} INFO - Started process (PID=2372) to work on /opt/airflow/dags/dl_global_index.py
[2026-02-07T03:38:04.038+0000] {processor.py:830} INFO - Processing file /opt/airflow/dags/dl_global_index.py for tasks to queue
[2026-02-07T03:38:04.040+0000] {logging_mixin.py:188} INFO - [2026-02-07T03:38:04.039+0000] {dagbag.py:545} INFO - Filling up the DagBag from /opt/airflow/dags/dl_global_index.py
[2026-02-07T03:38:04.068+0000] {processor.py:840} INFO - DAG(s) 'global_index_minio' retrieved from /opt/airflow/dags/dl_global_index.py
[2026-02-07T03:38:04.091+0000] {logging_mixin.py:188} INFO - [2026-02-07T03:38:04.091+0000] {dag.py:3089} INFO - Sync 1 DAGs
[2026-02-07T03:38:04.116+0000] {logging_mixin.py:188} INFO - [2026-02-07T03:38:04.116+0000] {dag.py:3947} INFO - Setting next_dagrun for global_index_minio to 2026-02-07 00:00:00+00:00, run_after=2026-02-08 00:00:00+00:00
[2026-02-07T03:38:04.137+0000] {processor.py:183} INFO - Processing /opt/airflow/dags/dl_global_index.py took 0.107 seconds
[2026-02-07T03:38:34.270+0000] {processor.py:161} INFO - Started process (PID=2396) to work on /opt/airflow/dags/dl_global_index.py
[2026-02-07T03:38:34.271+0000] {processor.py:830} INFO - Processing file /opt/airflow/dags/dl_global_index.py for tasks to queue
[2026-02-07T03:38:34.272+0000] {logging_mixin.py:188} INFO - [2026-02-07T03:38:34.272+0000] {dagbag.py:545} INFO - Filling up the DagBag from /opt/airflow/dags/dl_global_index.py
[2026-02-07T03:38:34.296+0000] {processor.py:840} INFO - DAG(s) 'global_index_minio' retrieved from /opt/airflow/dags/dl_global_index.py
[2026-02-07T03:38:34.317+0000] {logging_mixin.py:188} INFO - [2026-02-07T03:38:34.317+0000] {dag.py:3089} INFO - Sync 1 DAGs
[2026-02-07T03:38:34.337+0000] {logging_mixin.py:188} INFO - [2026-02-07T03:38:34.336+0000] {dag.py:3947} INFO - Setting next_dagrun for global_index_minio to 2026-02-07 00:00:00+00:00, run_after=2026-02-08 00:00:00+00:00
[2026-02-07T03:38:34.354+0000] {processor.py:183} INFO - Processing /opt/airflow/dags/dl_global_index.py took 0.088 seconds
[2026-02-07T03:39:04.627+0000] {processor.py:161} INFO - Started process (PID=2420) to work on /opt/airflow/dags/dl_global_index.py
[2026-02-07T03:39:04.628+0000] {processor.py:830} INFO - Processing file /opt/airflow/dags/dl_global_index.py for tasks to queue
[2026-02-07T03:39:04.629+0000] {logging_mixin.py:188} INFO - [2026-02-07T03:39:04.628+0000] {dagbag.py:545} INFO - Filling up the DagBag from /opt/airflow/dags/dl_global_index.py
[2026-02-07T03:39:04.654+0000] {processor.py:840} INFO - DAG(s) 'global_index_minio' retrieved from /opt/airflow/dags/dl_global_index.py
[2026-02-07T03:39:04.678+0000] {logging_mixin.py:188} INFO - [2026-02-07T03:39:04.678+0000] {dag.py:3089} INFO - Sync 1 DAGs
[2026-02-07T03:39:04.699+0000] {logging_mixin.py:188} INFO - [2026-02-07T03:39:04.698+0000] {dag.py:3947} INFO - Setting next_dagrun for global_index_minio to 2026-02-07 00:00:00+00:00, run_after=2026-02-08 00:00:00+00:00
[2026-02-07T03:39:04.717+0000] {processor.py:183} INFO - Processing /opt/airflow/dags/dl_global_index.py took 0.098 seconds
[2026-02-07T03:39:35.013+0000] {processor.py:161} INFO - Started process (PID=2444) to work on /opt/airflow/dags/dl_global_index.py
[2026-02-07T03:39:35.014+0000] {processor.py:830} INFO - Processing file /opt/airflow/dags/dl_global_index.py for tasks to queue
[2026-02-07T03:39:35.015+0000] {logging_mixin.py:188} INFO - [2026-02-07T03:39:35.014+0000] {dagbag.py:545} INFO - Filling up the DagBag from /opt/airflow/dags/dl_global_index.py
[2026-02-07T03:39:35.040+0000] {processor.py:840} INFO - DAG(s) 'global_index_minio' retrieved from /opt/airflow/dags/dl_global_index.py
[2026-02-07T03:39:35.062+0000] {logging_mixin.py:188} INFO - [2026-02-07T03:39:35.062+0000] {dag.py:3089} INFO - Sync 1 DAGs
[2026-02-07T03:39:35.082+0000] {logging_mixin.py:188} INFO - [2026-02-07T03:39:35.081+0000] {dag.py:3947} INFO - Setting next_dagrun for global_index_minio to 2026-02-07 00:00:00+00:00, run_after=2026-02-08 00:00:00+00:00
[2026-02-07T03:39:35.099+0000] {processor.py:183} INFO - Processing /opt/airflow/dags/dl_global_index.py took 0.091 seconds
[2026-02-07T03:40:05.457+0000] {processor.py:161} INFO - Started process (PID=2468) to work on /opt/airflow/dags/dl_global_index.py
[2026-02-07T03:40:05.457+0000] {processor.py:830} INFO - Processing file /opt/airflow/dags/dl_global_index.py for tasks to queue
[2026-02-07T03:40:05.458+0000] {logging_mixin.py:188} INFO - [2026-02-07T03:40:05.458+0000] {dagbag.py:545} INFO - Filling up the DagBag from /opt/airflow/dags/dl_global_index.py
[2026-02-07T03:40:05.480+0000] {processor.py:840} INFO - DAG(s) 'global_index_minio' retrieved from /opt/airflow/dags/dl_global_index.py
[2026-02-07T03:40:05.500+0000] {logging_mixin.py:188} INFO - [2026-02-07T03:40:05.499+0000] {dag.py:3089} INFO - Sync 1 DAGs
[2026-02-07T03:40:05.518+0000] {logging_mixin.py:188} INFO - [2026-02-07T03:40:05.518+0000] {dag.py:3947} INFO - Setting next_dagrun for global_index_minio to 2026-02-07 00:00:00+00:00, run_after=2026-02-08 00:00:00+00:00
[2026-02-07T03:40:05.536+0000] {processor.py:183} INFO - Processing /opt/airflow/dags/dl_global_index.py took 0.086 seconds
[2026-02-07T03:40:35.814+0000] {processor.py:161} INFO - Started process (PID=2492) to work on /opt/airflow/dags/dl_global_index.py
[2026-02-07T03:40:35.814+0000] {processor.py:830} INFO - Processing file /opt/airflow/dags/dl_global_index.py for tasks to queue
[2026-02-07T03:40:35.815+0000] {logging_mixin.py:188} INFO - [2026-02-07T03:40:35.815+0000] {dagbag.py:545} INFO - Filling up the DagBag from /opt/airflow/dags/dl_global_index.py
[2026-02-07T03:40:35.840+0000] {processor.py:840} INFO - DAG(s) 'global_index_minio' retrieved from /opt/airflow/dags/dl_global_index.py
[2026-02-07T03:40:35.860+0000] {logging_mixin.py:188} INFO - [2026-02-07T03:40:35.860+0000] {dag.py:3089} INFO - Sync 1 DAGs
[2026-02-07T03:40:35.879+0000] {logging_mixin.py:188} INFO - [2026-02-07T03:40:35.879+0000] {dag.py:3947} INFO - Setting next_dagrun for global_index_minio to 2026-02-07 00:00:00+00:00, run_after=2026-02-08 00:00:00+00:00
[2026-02-07T03:40:35.897+0000] {processor.py:183} INFO - Processing /opt/airflow/dags/dl_global_index.py took 0.089 seconds
[2026-02-07T03:41:06.090+0000] {processor.py:161} INFO - Started process (PID=2516) to work on /opt/airflow/dags/dl_global_index.py
[2026-02-07T03:41:06.090+0000] {processor.py:830} INFO - Processing file /opt/airflow/dags/dl_global_index.py for tasks to queue
[2026-02-07T03:41:06.091+0000] {logging_mixin.py:188} INFO - [2026-02-07T03:41:06.091+0000] {dagbag.py:545} INFO - Filling up the DagBag from /opt/airflow/dags/dl_global_index.py
[2026-02-07T03:41:06.114+0000] {processor.py:840} INFO - DAG(s) 'global_index_minio' retrieved from /opt/airflow/dags/dl_global_index.py
[2026-02-07T03:41:06.135+0000] {logging_mixin.py:188} INFO - [2026-02-07T03:41:06.135+0000] {dag.py:3089} INFO - Sync 1 DAGs
[2026-02-07T03:41:06.154+0000] {logging_mixin.py:188} INFO - [2026-02-07T03:41:06.154+0000] {dag.py:3947} INFO - Setting next_dagrun for global_index_minio to 2026-02-07 00:00:00+00:00, run_after=2026-02-08 00:00:00+00:00
[2026-02-07T03:41:06.173+0000] {processor.py:183} INFO - Processing /opt/airflow/dags/dl_global_index.py took 0.088 seconds
[2026-02-07T03:41:36.524+0000] {processor.py:161} INFO - Started process (PID=2540) to work on /opt/airflow/dags/dl_global_index.py
[2026-02-07T03:41:36.525+0000] {processor.py:830} INFO - Processing file /opt/airflow/dags/dl_global_index.py for tasks to queue
[2026-02-07T03:41:36.526+0000] {logging_mixin.py:188} INFO - [2026-02-07T03:41:36.526+0000] {dagbag.py:545} INFO - Filling up the DagBag from /opt/airflow/dags/dl_global_index.py
[2026-02-07T03:41:36.551+0000] {processor.py:840} INFO - DAG(s) 'global_index_minio' retrieved from /opt/airflow/dags/dl_global_index.py
[2026-02-07T03:41:36.571+0000] {logging_mixin.py:188} INFO - [2026-02-07T03:41:36.571+0000] {dag.py:3089} INFO - Sync 1 DAGs
[2026-02-07T03:41:36.590+0000] {logging_mixin.py:188} INFO - [2026-02-07T03:41:36.589+0000] {dag.py:3947} INFO - Setting next_dagrun for global_index_minio to 2026-02-07 00:00:00+00:00, run_after=2026-02-08 00:00:00+00:00
[2026-02-07T03:41:36.607+0000] {processor.py:183} INFO - Processing /opt/airflow/dags/dl_global_index.py took 0.087 seconds
[2026-02-07T03:42:06.805+0000] {processor.py:161} INFO - Started process (PID=2564) to work on /opt/airflow/dags/dl_global_index.py
[2026-02-07T03:42:06.806+0000] {processor.py:830} INFO - Processing file /opt/airflow/dags/dl_global_index.py for tasks to queue
[2026-02-07T03:42:06.807+0000] {logging_mixin.py:188} INFO - [2026-02-07T03:42:06.806+0000] {dagbag.py:545} INFO - Filling up the DagBag from /opt/airflow/dags/dl_global_index.py
[2026-02-07T03:42:06.833+0000] {processor.py:840} INFO - DAG(s) 'global_index_minio' retrieved from /opt/airflow/dags/dl_global_index.py
[2026-02-07T03:42:06.855+0000] {logging_mixin.py:188} INFO - [2026-02-07T03:42:06.855+0000] {dag.py:3089} INFO - Sync 1 DAGs
[2026-02-07T03:42:06.874+0000] {logging_mixin.py:188} INFO - [2026-02-07T03:42:06.873+0000] {dag.py:3947} INFO - Setting next_dagrun for global_index_minio to 2026-02-07 00:00:00+00:00, run_after=2026-02-08 00:00:00+00:00
[2026-02-07T03:42:06.892+0000] {processor.py:183} INFO - Processing /opt/airflow/dags/dl_global_index.py took 0.092 seconds
[2026-02-07T03:42:37.040+0000] {processor.py:161} INFO - Started process (PID=2588) to work on /opt/airflow/dags/dl_global_index.py
[2026-02-07T03:42:37.041+0000] {processor.py:830} INFO - Processing file /opt/airflow/dags/dl_global_index.py for tasks to queue
[2026-02-07T03:42:37.042+0000] {logging_mixin.py:188} INFO - [2026-02-07T03:42:37.041+0000] {dagbag.py:545} INFO - Filling up the DagBag from /opt/airflow/dags/dl_global_index.py
[2026-02-07T03:42:37.066+0000] {processor.py:840} INFO - DAG(s) 'global_index_minio' retrieved from /opt/airflow/dags/dl_global_index.py
[2026-02-07T03:42:37.090+0000] {logging_mixin.py:188} INFO - [2026-02-07T03:42:37.090+0000] {dag.py:3089} INFO - Sync 1 DAGs
[2026-02-07T03:42:37.111+0000] {logging_mixin.py:188} INFO - [2026-02-07T03:42:37.110+0000] {dag.py:3947} INFO - Setting next_dagrun for global_index_minio to 2026-02-07 00:00:00+00:00, run_after=2026-02-08 00:00:00+00:00
[2026-02-07T03:42:37.127+0000] {processor.py:183} INFO - Processing /opt/airflow/dags/dl_global_index.py took 0.092 seconds
[2026-02-07T03:43:07.413+0000] {processor.py:161} INFO - Started process (PID=2612) to work on /opt/airflow/dags/dl_global_index.py
[2026-02-07T03:43:07.413+0000] {processor.py:830} INFO - Processing file /opt/airflow/dags/dl_global_index.py for tasks to queue
[2026-02-07T03:43:07.414+0000] {logging_mixin.py:188} INFO - [2026-02-07T03:43:07.414+0000] {dagbag.py:545} INFO - Filling up the DagBag from /opt/airflow/dags/dl_global_index.py
[2026-02-07T03:43:07.439+0000] {processor.py:840} INFO - DAG(s) 'global_index_minio' retrieved from /opt/airflow/dags/dl_global_index.py
[2026-02-07T03:43:07.459+0000] {logging_mixin.py:188} INFO - [2026-02-07T03:43:07.459+0000] {dag.py:3089} INFO - Sync 1 DAGs
[2026-02-07T03:43:07.477+0000] {logging_mixin.py:188} INFO - [2026-02-07T03:43:07.477+0000] {dag.py:3947} INFO - Setting next_dagrun for global_index_minio to 2026-02-07 00:00:00+00:00, run_after=2026-02-08 00:00:00+00:00
[2026-02-07T03:43:07.494+0000] {processor.py:183} INFO - Processing /opt/airflow/dags/dl_global_index.py took 0.086 seconds
[2026-02-07T03:43:37.714+0000] {processor.py:161} INFO - Started process (PID=2636) to work on /opt/airflow/dags/dl_global_index.py
[2026-02-07T03:43:37.714+0000] {processor.py:830} INFO - Processing file /opt/airflow/dags/dl_global_index.py for tasks to queue
[2026-02-07T03:43:37.715+0000] {logging_mixin.py:188} INFO - [2026-02-07T03:43:37.715+0000] {dagbag.py:545} INFO - Filling up the DagBag from /opt/airflow/dags/dl_global_index.py
[2026-02-07T03:43:37.740+0000] {processor.py:840} INFO - DAG(s) 'global_index_minio' retrieved from /opt/airflow/dags/dl_global_index.py
[2026-02-07T03:43:37.762+0000] {logging_mixin.py:188} INFO - [2026-02-07T03:43:37.761+0000] {dag.py:3089} INFO - Sync 1 DAGs
[2026-02-07T03:43:37.781+0000] {logging_mixin.py:188} INFO - [2026-02-07T03:43:37.780+0000] {dag.py:3947} INFO - Setting next_dagrun for global_index_minio to 2026-02-07 00:00:00+00:00, run_after=2026-02-08 00:00:00+00:00
[2026-02-07T03:43:37.797+0000] {processor.py:183} INFO - Processing /opt/airflow/dags/dl_global_index.py took 0.088 seconds
[2026-02-07T03:44:08.230+0000] {processor.py:161} INFO - Started process (PID=2660) to work on /opt/airflow/dags/dl_global_index.py
[2026-02-07T03:44:08.231+0000] {processor.py:830} INFO - Processing file /opt/airflow/dags/dl_global_index.py for tasks to queue
[2026-02-07T03:44:08.231+0000] {logging_mixin.py:188} INFO - [2026-02-07T03:44:08.231+0000] {dagbag.py:545} INFO - Filling up the DagBag from /opt/airflow/dags/dl_global_index.py
[2026-02-07T03:44:08.256+0000] {processor.py:840} INFO - DAG(s) 'global_index_minio' retrieved from /opt/airflow/dags/dl_global_index.py
[2026-02-07T03:44:08.277+0000] {logging_mixin.py:188} INFO - [2026-02-07T03:44:08.277+0000] {dag.py:3089} INFO - Sync 1 DAGs
[2026-02-07T03:44:08.297+0000] {logging_mixin.py:188} INFO - [2026-02-07T03:44:08.297+0000] {dag.py:3947} INFO - Setting next_dagrun for global_index_minio to 2026-02-07 00:00:00+00:00, run_after=2026-02-08 00:00:00+00:00
[2026-02-07T03:44:08.316+0000] {processor.py:183} INFO - Processing /opt/airflow/dags/dl_global_index.py took 0.091 seconds
[2026-02-07T03:44:38.605+0000] {processor.py:161} INFO - Started process (PID=2684) to work on /opt/airflow/dags/dl_global_index.py
[2026-02-07T03:44:38.605+0000] {processor.py:830} INFO - Processing file /opt/airflow/dags/dl_global_index.py for tasks to queue
[2026-02-07T03:44:38.606+0000] {logging_mixin.py:188} INFO - [2026-02-07T03:44:38.606+0000] {dagbag.py:545} INFO - Filling up the DagBag from /opt/airflow/dags/dl_global_index.py
[2026-02-07T03:44:38.630+0000] {processor.py:840} INFO - DAG(s) 'global_index_minio' retrieved from /opt/airflow/dags/dl_global_index.py
[2026-02-07T03:44:38.653+0000] {logging_mixin.py:188} INFO - [2026-02-07T03:44:38.652+0000] {dag.py:3089} INFO - Sync 1 DAGs
[2026-02-07T03:44:38.672+0000] {logging_mixin.py:188} INFO - [2026-02-07T03:44:38.672+0000] {dag.py:3947} INFO - Setting next_dagrun for global_index_minio to 2026-02-07 00:00:00+00:00, run_after=2026-02-08 00:00:00+00:00
[2026-02-07T03:44:38.688+0000] {processor.py:183} INFO - Processing /opt/airflow/dags/dl_global_index.py took 0.088 seconds
[2026-02-07T03:45:09.327+0000] {processor.py:161} INFO - Started process (PID=2708) to work on /opt/airflow/dags/dl_global_index.py
[2026-02-07T03:45:09.328+0000] {processor.py:830} INFO - Processing file /opt/airflow/dags/dl_global_index.py for tasks to queue
[2026-02-07T03:45:09.329+0000] {logging_mixin.py:188} INFO - [2026-02-07T03:45:09.328+0000] {dagbag.py:545} INFO - Filling up the DagBag from /opt/airflow/dags/dl_global_index.py
[2026-02-07T03:45:09.353+0000] {processor.py:840} INFO - DAG(s) 'global_index_minio' retrieved from /opt/airflow/dags/dl_global_index.py
[2026-02-07T03:45:09.374+0000] {logging_mixin.py:188} INFO - [2026-02-07T03:45:09.373+0000] {dag.py:3089} INFO - Sync 1 DAGs
[2026-02-07T03:45:09.393+0000] {logging_mixin.py:188} INFO - [2026-02-07T03:45:09.392+0000] {dag.py:3947} INFO - Setting next_dagrun for global_index_minio to 2026-02-07 00:00:00+00:00, run_after=2026-02-08 00:00:00+00:00
[2026-02-07T03:45:09.411+0000] {processor.py:183} INFO - Processing /opt/airflow/dags/dl_global_index.py took 0.088 seconds
[2026-02-07T03:45:39.721+0000] {processor.py:161} INFO - Started process (PID=2738) to work on /opt/airflow/dags/dl_global_index.py
[2026-02-07T03:45:39.722+0000] {processor.py:830} INFO - Processing file /opt/airflow/dags/dl_global_index.py for tasks to queue
[2026-02-07T03:45:39.723+0000] {logging_mixin.py:188} INFO - [2026-02-07T03:45:39.723+0000] {dagbag.py:545} INFO - Filling up the DagBag from /opt/airflow/dags/dl_global_index.py
[2026-02-07T03:45:39.749+0000] {processor.py:840} INFO - DAG(s) 'global_index_minio' retrieved from /opt/airflow/dags/dl_global_index.py
[2026-02-07T03:45:39.771+0000] {logging_mixin.py:188} INFO - [2026-02-07T03:45:39.771+0000] {dag.py:3089} INFO - Sync 1 DAGs
[2026-02-07T03:45:39.791+0000] {logging_mixin.py:188} INFO - [2026-02-07T03:45:39.791+0000] {dag.py:3947} INFO - Setting next_dagrun for global_index_minio to 2026-02-07 00:00:00+00:00, run_after=2026-02-08 00:00:00+00:00
[2026-02-07T03:45:39.808+0000] {processor.py:183} INFO - Processing /opt/airflow/dags/dl_global_index.py took 0.091 seconds
[2026-02-07T03:46:10.100+0000] {processor.py:161} INFO - Started process (PID=2763) to work on /opt/airflow/dags/dl_global_index.py
[2026-02-07T03:46:10.101+0000] {processor.py:830} INFO - Processing file /opt/airflow/dags/dl_global_index.py for tasks to queue
[2026-02-07T03:46:10.102+0000] {logging_mixin.py:188} INFO - [2026-02-07T03:46:10.101+0000] {dagbag.py:545} INFO - Filling up the DagBag from /opt/airflow/dags/dl_global_index.py
[2026-02-07T03:46:10.128+0000] {processor.py:840} INFO - DAG(s) 'global_index_minio' retrieved from /opt/airflow/dags/dl_global_index.py
[2026-02-07T03:46:10.149+0000] {logging_mixin.py:188} INFO - [2026-02-07T03:46:10.149+0000] {dag.py:3089} INFO - Sync 1 DAGs
[2026-02-07T03:46:10.167+0000] {logging_mixin.py:188} INFO - [2026-02-07T03:46:10.167+0000] {dag.py:3947} INFO - Setting next_dagrun for global_index_minio to 2026-02-07 00:00:00+00:00, run_after=2026-02-08 00:00:00+00:00
[2026-02-07T03:46:10.188+0000] {processor.py:183} INFO - Processing /opt/airflow/dags/dl_global_index.py took 0.094 seconds
[2026-02-07T03:46:40.455+0000] {processor.py:161} INFO - Started process (PID=2787) to work on /opt/airflow/dags/dl_global_index.py
[2026-02-07T03:46:40.456+0000] {processor.py:830} INFO - Processing file /opt/airflow/dags/dl_global_index.py for tasks to queue
[2026-02-07T03:46:40.457+0000] {logging_mixin.py:188} INFO - [2026-02-07T03:46:40.457+0000] {dagbag.py:545} INFO - Filling up the DagBag from /opt/airflow/dags/dl_global_index.py
[2026-02-07T03:46:40.481+0000] {processor.py:840} INFO - DAG(s) 'global_index_minio' retrieved from /opt/airflow/dags/dl_global_index.py
[2026-02-07T03:46:40.503+0000] {logging_mixin.py:188} INFO - [2026-02-07T03:46:40.503+0000] {dag.py:3089} INFO - Sync 1 DAGs
[2026-02-07T03:46:40.528+0000] {logging_mixin.py:188} INFO - [2026-02-07T03:46:40.528+0000] {dag.py:3947} INFO - Setting next_dagrun for global_index_minio to 2026-02-07 00:00:00+00:00, run_after=2026-02-08 00:00:00+00:00
[2026-02-07T03:46:40.546+0000] {processor.py:183} INFO - Processing /opt/airflow/dags/dl_global_index.py took 0.097 seconds
[2026-02-07T03:47:10.805+0000] {processor.py:161} INFO - Started process (PID=2811) to work on /opt/airflow/dags/dl_global_index.py
[2026-02-07T03:47:10.806+0000] {processor.py:830} INFO - Processing file /opt/airflow/dags/dl_global_index.py for tasks to queue
[2026-02-07T03:47:10.806+0000] {logging_mixin.py:188} INFO - [2026-02-07T03:47:10.806+0000] {dagbag.py:545} INFO - Filling up the DagBag from /opt/airflow/dags/dl_global_index.py
[2026-02-07T03:47:10.830+0000] {processor.py:840} INFO - DAG(s) 'global_index_minio' retrieved from /opt/airflow/dags/dl_global_index.py
[2026-02-07T03:47:10.850+0000] {logging_mixin.py:188} INFO - [2026-02-07T03:47:10.850+0000] {dag.py:3089} INFO - Sync 1 DAGs
[2026-02-07T03:47:10.868+0000] {logging_mixin.py:188} INFO - [2026-02-07T03:47:10.868+0000] {dag.py:3947} INFO - Setting next_dagrun for global_index_minio to 2026-02-07 00:00:00+00:00, run_after=2026-02-08 00:00:00+00:00
[2026-02-07T03:47:10.886+0000] {processor.py:183} INFO - Processing /opt/airflow/dags/dl_global_index.py took 0.086 seconds
[2026-02-07T03:47:41.181+0000] {processor.py:161} INFO - Started process (PID=2835) to work on /opt/airflow/dags/dl_global_index.py
[2026-02-07T03:47:41.182+0000] {processor.py:830} INFO - Processing file /opt/airflow/dags/dl_global_index.py for tasks to queue
[2026-02-07T03:47:41.183+0000] {logging_mixin.py:188} INFO - [2026-02-07T03:47:41.183+0000] {dagbag.py:545} INFO - Filling up the DagBag from /opt/airflow/dags/dl_global_index.py
[2026-02-07T03:47:41.207+0000] {processor.py:840} INFO - DAG(s) 'global_index_minio' retrieved from /opt/airflow/dags/dl_global_index.py
[2026-02-07T03:47:41.226+0000] {logging_mixin.py:188} INFO - [2026-02-07T03:47:41.226+0000] {dag.py:3089} INFO - Sync 1 DAGs
[2026-02-07T03:47:41.245+0000] {logging_mixin.py:188} INFO - [2026-02-07T03:47:41.245+0000] {dag.py:3947} INFO - Setting next_dagrun for global_index_minio to 2026-02-07 00:00:00+00:00, run_after=2026-02-08 00:00:00+00:00
[2026-02-07T03:47:41.262+0000] {processor.py:183} INFO - Processing /opt/airflow/dags/dl_global_index.py took 0.086 seconds
[2026-02-07T03:48:11.590+0000] {processor.py:161} INFO - Started process (PID=2859) to work on /opt/airflow/dags/dl_global_index.py
[2026-02-07T03:48:11.591+0000] {processor.py:830} INFO - Processing file /opt/airflow/dags/dl_global_index.py for tasks to queue
[2026-02-07T03:48:11.592+0000] {logging_mixin.py:188} INFO - [2026-02-07T03:48:11.592+0000] {dagbag.py:545} INFO - Filling up the DagBag from /opt/airflow/dags/dl_global_index.py
[2026-02-07T03:48:11.615+0000] {processor.py:840} INFO - DAG(s) 'global_index_minio' retrieved from /opt/airflow/dags/dl_global_index.py
[2026-02-07T03:48:11.635+0000] {logging_mixin.py:188} INFO - [2026-02-07T03:48:11.634+0000] {dag.py:3089} INFO - Sync 1 DAGs
[2026-02-07T03:48:11.653+0000] {logging_mixin.py:188} INFO - [2026-02-07T03:48:11.653+0000] {dag.py:3947} INFO - Setting next_dagrun for global_index_minio to 2026-02-07 00:00:00+00:00, run_after=2026-02-08 00:00:00+00:00
[2026-02-07T03:48:11.673+0000] {processor.py:183} INFO - Processing /opt/airflow/dags/dl_global_index.py took 0.087 seconds
[2026-02-07T03:48:41.924+0000] {processor.py:161} INFO - Started process (PID=2883) to work on /opt/airflow/dags/dl_global_index.py
[2026-02-07T03:48:41.925+0000] {processor.py:830} INFO - Processing file /opt/airflow/dags/dl_global_index.py for tasks to queue
[2026-02-07T03:48:41.926+0000] {logging_mixin.py:188} INFO - [2026-02-07T03:48:41.925+0000] {dagbag.py:545} INFO - Filling up the DagBag from /opt/airflow/dags/dl_global_index.py
[2026-02-07T03:48:41.951+0000] {processor.py:840} INFO - DAG(s) 'global_index_minio' retrieved from /opt/airflow/dags/dl_global_index.py
[2026-02-07T03:48:41.971+0000] {logging_mixin.py:188} INFO - [2026-02-07T03:48:41.971+0000] {dag.py:3089} INFO - Sync 1 DAGs
[2026-02-07T03:48:41.990+0000] {logging_mixin.py:188} INFO - [2026-02-07T03:48:41.990+0000] {dag.py:3947} INFO - Setting next_dagrun for global_index_minio to 2026-02-07 00:00:00+00:00, run_after=2026-02-08 00:00:00+00:00
[2026-02-07T03:48:42.008+0000] {processor.py:183} INFO - Processing /opt/airflow/dags/dl_global_index.py took 0.088 seconds
[2026-02-07T03:49:12.323+0000] {processor.py:161} INFO - Started process (PID=2907) to work on /opt/airflow/dags/dl_global_index.py
[2026-02-07T03:49:12.324+0000] {processor.py:830} INFO - Processing file /opt/airflow/dags/dl_global_index.py for tasks to queue
[2026-02-07T03:49:12.325+0000] {logging_mixin.py:188} INFO - [2026-02-07T03:49:12.325+0000] {dagbag.py:545} INFO - Filling up the DagBag from /opt/airflow/dags/dl_global_index.py
[2026-02-07T03:49:12.349+0000] {processor.py:840} INFO - DAG(s) 'global_index_minio' retrieved from /opt/airflow/dags/dl_global_index.py
[2026-02-07T03:49:12.370+0000] {logging_mixin.py:188} INFO - [2026-02-07T03:49:12.369+0000] {dag.py:3089} INFO - Sync 1 DAGs
[2026-02-07T03:49:12.388+0000] {logging_mixin.py:188} INFO - [2026-02-07T03:49:12.388+0000] {dag.py:3947} INFO - Setting next_dagrun for global_index_minio to 2026-02-07 00:00:00+00:00, run_after=2026-02-08 00:00:00+00:00
[2026-02-07T03:49:12.405+0000] {processor.py:183} INFO - Processing /opt/airflow/dags/dl_global_index.py took 0.086 seconds
[2026-02-07T03:49:42.855+0000] {processor.py:161} INFO - Started process (PID=2932) to work on /opt/airflow/dags/dl_global_index.py
[2026-02-07T03:49:42.855+0000] {processor.py:830} INFO - Processing file /opt/airflow/dags/dl_global_index.py for tasks to queue
[2026-02-07T03:49:42.856+0000] {logging_mixin.py:188} INFO - [2026-02-07T03:49:42.856+0000] {dagbag.py:545} INFO - Filling up the DagBag from /opt/airflow/dags/dl_global_index.py
[2026-02-07T03:49:42.888+0000] {processor.py:840} INFO - DAG(s) 'global_index_minio' retrieved from /opt/airflow/dags/dl_global_index.py
[2026-02-07T03:49:42.913+0000] {logging_mixin.py:188} INFO - [2026-02-07T03:49:42.912+0000] {dag.py:3089} INFO - Sync 1 DAGs
[2026-02-07T03:49:42.935+0000] {logging_mixin.py:188} INFO - [2026-02-07T03:49:42.935+0000] {dag.py:3947} INFO - Setting next_dagrun for global_index_minio to 2026-02-07 00:00:00+00:00, run_after=2026-02-08 00:00:00+00:00
[2026-02-07T03:49:42.954+0000] {processor.py:183} INFO - Processing /opt/airflow/dags/dl_global_index.py took 0.106 seconds
[2026-02-07T03:50:13.475+0000] {processor.py:161} INFO - Started process (PID=2956) to work on /opt/airflow/dags/dl_global_index.py
[2026-02-07T03:50:13.476+0000] {processor.py:830} INFO - Processing file /opt/airflow/dags/dl_global_index.py for tasks to queue
[2026-02-07T03:50:13.477+0000] {logging_mixin.py:188} INFO - [2026-02-07T03:50:13.476+0000] {dagbag.py:545} INFO - Filling up the DagBag from /opt/airflow/dags/dl_global_index.py
[2026-02-07T03:50:13.512+0000] {processor.py:840} INFO - DAG(s) 'global_index_minio' retrieved from /opt/airflow/dags/dl_global_index.py
[2026-02-07T03:50:13.538+0000] {logging_mixin.py:188} INFO - [2026-02-07T03:50:13.537+0000] {dag.py:3089} INFO - Sync 1 DAGs
[2026-02-07T03:50:13.564+0000] {logging_mixin.py:188} INFO - [2026-02-07T03:50:13.563+0000] {dag.py:3947} INFO - Setting next_dagrun for global_index_minio to 2026-02-07 00:00:00+00:00, run_after=2026-02-08 00:00:00+00:00
[2026-02-07T03:50:13.587+0000] {processor.py:183} INFO - Processing /opt/airflow/dags/dl_global_index.py took 0.118 seconds
[2026-02-07T03:50:44.235+0000] {processor.py:161} INFO - Started process (PID=2980) to work on /opt/airflow/dags/dl_global_index.py
[2026-02-07T03:50:44.236+0000] {processor.py:830} INFO - Processing file /opt/airflow/dags/dl_global_index.py for tasks to queue
[2026-02-07T03:50:44.237+0000] {logging_mixin.py:188} INFO - [2026-02-07T03:50:44.237+0000] {dagbag.py:545} INFO - Filling up the DagBag from /opt/airflow/dags/dl_global_index.py
[2026-02-07T03:50:44.284+0000] {processor.py:840} INFO - DAG(s) 'global_index_minio' retrieved from /opt/airflow/dags/dl_global_index.py
[2026-02-07T03:50:44.316+0000] {logging_mixin.py:188} INFO - [2026-02-07T03:50:44.316+0000] {dag.py:3089} INFO - Sync 1 DAGs
[2026-02-07T03:50:44.349+0000] {logging_mixin.py:188} INFO - [2026-02-07T03:50:44.349+0000] {dag.py:3947} INFO - Setting next_dagrun for global_index_minio to 2026-02-07 00:00:00+00:00, run_after=2026-02-08 00:00:00+00:00
[2026-02-07T03:50:44.380+0000] {processor.py:183} INFO - Processing /opt/airflow/dags/dl_global_index.py took 0.157 seconds
[2026-02-07T03:51:14.540+0000] {processor.py:161} INFO - Started process (PID=3004) to work on /opt/airflow/dags/dl_global_index.py
[2026-02-07T03:51:14.541+0000] {processor.py:830} INFO - Processing file /opt/airflow/dags/dl_global_index.py for tasks to queue
[2026-02-07T03:51:14.542+0000] {logging_mixin.py:188} INFO - [2026-02-07T03:51:14.542+0000] {dagbag.py:545} INFO - Filling up the DagBag from /opt/airflow/dags/dl_global_index.py
[2026-02-07T03:51:14.568+0000] {processor.py:840} INFO - DAG(s) 'global_index_minio' retrieved from /opt/airflow/dags/dl_global_index.py
[2026-02-07T03:51:14.591+0000] {logging_mixin.py:188} INFO - [2026-02-07T03:51:14.591+0000] {dag.py:3089} INFO - Sync 1 DAGs
[2026-02-07T03:51:14.613+0000] {logging_mixin.py:188} INFO - [2026-02-07T03:51:14.612+0000] {dag.py:3947} INFO - Setting next_dagrun for global_index_minio to 2026-02-07 00:00:00+00:00, run_after=2026-02-08 00:00:00+00:00
[2026-02-07T03:51:14.630+0000] {processor.py:183} INFO - Processing /opt/airflow/dags/dl_global_index.py took 0.096 seconds
[2026-02-07T03:51:44.778+0000] {processor.py:161} INFO - Started process (PID=3028) to work on /opt/airflow/dags/dl_global_index.py
[2026-02-07T03:51:44.779+0000] {processor.py:830} INFO - Processing file /opt/airflow/dags/dl_global_index.py for tasks to queue
[2026-02-07T03:51:44.780+0000] {logging_mixin.py:188} INFO - [2026-02-07T03:51:44.780+0000] {dagbag.py:545} INFO - Filling up the DagBag from /opt/airflow/dags/dl_global_index.py
[2026-02-07T03:51:44.806+0000] {processor.py:840} INFO - DAG(s) 'global_index_minio' retrieved from /opt/airflow/dags/dl_global_index.py
[2026-02-07T03:51:44.827+0000] {logging_mixin.py:188} INFO - [2026-02-07T03:51:44.827+0000] {dag.py:3089} INFO - Sync 1 DAGs
[2026-02-07T03:51:44.849+0000] {logging_mixin.py:188} INFO - [2026-02-07T03:51:44.848+0000] {dag.py:3947} INFO - Setting next_dagrun for global_index_minio to 2026-02-07 00:00:00+00:00, run_after=2026-02-08 00:00:00+00:00
[2026-02-07T03:51:44.866+0000] {processor.py:183} INFO - Processing /opt/airflow/dags/dl_global_index.py took 0.094 seconds
[2026-02-07T03:52:15.108+0000] {processor.py:161} INFO - Started process (PID=3052) to work on /opt/airflow/dags/dl_global_index.py
[2026-02-07T03:52:15.109+0000] {processor.py:830} INFO - Processing file /opt/airflow/dags/dl_global_index.py for tasks to queue
[2026-02-07T03:52:15.109+0000] {logging_mixin.py:188} INFO - [2026-02-07T03:52:15.109+0000] {dagbag.py:545} INFO - Filling up the DagBag from /opt/airflow/dags/dl_global_index.py
[2026-02-07T03:52:15.138+0000] {processor.py:840} INFO - DAG(s) 'global_index_minio' retrieved from /opt/airflow/dags/dl_global_index.py
[2026-02-07T03:52:15.161+0000] {logging_mixin.py:188} INFO - [2026-02-07T03:52:15.161+0000] {dag.py:3089} INFO - Sync 1 DAGs
[2026-02-07T03:52:15.183+0000] {logging_mixin.py:188} INFO - [2026-02-07T03:52:15.183+0000] {dag.py:3947} INFO - Setting next_dagrun for global_index_minio to 2026-02-07 00:00:00+00:00, run_after=2026-02-08 00:00:00+00:00
[2026-02-07T03:52:15.202+0000] {processor.py:183} INFO - Processing /opt/airflow/dags/dl_global_index.py took 0.099 seconds
[2026-02-07T03:52:45.485+0000] {processor.py:161} INFO - Started process (PID=3076) to work on /opt/airflow/dags/dl_global_index.py
[2026-02-07T03:52:45.486+0000] {processor.py:830} INFO - Processing file /opt/airflow/dags/dl_global_index.py for tasks to queue
[2026-02-07T03:52:45.487+0000] {logging_mixin.py:188} INFO - [2026-02-07T03:52:45.487+0000] {dagbag.py:545} INFO - Filling up the DagBag from /opt/airflow/dags/dl_global_index.py
[2026-02-07T03:52:45.518+0000] {processor.py:840} INFO - DAG(s) 'global_index_minio' retrieved from /opt/airflow/dags/dl_global_index.py
[2026-02-07T03:52:45.542+0000] {logging_mixin.py:188} INFO - [2026-02-07T03:52:45.541+0000] {dag.py:3089} INFO - Sync 1 DAGs
[2026-02-07T03:52:45.566+0000] {logging_mixin.py:188} INFO - [2026-02-07T03:52:45.566+0000] {dag.py:3947} INFO - Setting next_dagrun for global_index_minio to 2026-02-07 00:00:00+00:00, run_after=2026-02-08 00:00:00+00:00
[2026-02-07T03:52:45.587+0000] {processor.py:183} INFO - Processing /opt/airflow/dags/dl_global_index.py took 0.107 seconds
[2026-02-07T03:53:16.053+0000] {processor.py:161} INFO - Started process (PID=3100) to work on /opt/airflow/dags/dl_global_index.py
[2026-02-07T03:53:16.053+0000] {processor.py:830} INFO - Processing file /opt/airflow/dags/dl_global_index.py for tasks to queue
[2026-02-07T03:53:16.055+0000] {logging_mixin.py:188} INFO - [2026-02-07T03:53:16.054+0000] {dagbag.py:545} INFO - Filling up the DagBag from /opt/airflow/dags/dl_global_index.py
[2026-02-07T03:53:16.088+0000] {processor.py:840} INFO - DAG(s) 'global_index_minio' retrieved from /opt/airflow/dags/dl_global_index.py
[2026-02-07T03:53:16.117+0000] {logging_mixin.py:188} INFO - [2026-02-07T03:53:16.117+0000] {dag.py:3089} INFO - Sync 1 DAGs
[2026-02-07T03:53:16.143+0000] {logging_mixin.py:188} INFO - [2026-02-07T03:53:16.143+0000] {dag.py:3947} INFO - Setting next_dagrun for global_index_minio to 2026-02-07 00:00:00+00:00, run_after=2026-02-08 00:00:00+00:00
[2026-02-07T03:53:16.165+0000] {processor.py:183} INFO - Processing /opt/airflow/dags/dl_global_index.py took 0.119 seconds
[2026-02-07T03:53:46.537+0000] {processor.py:161} INFO - Started process (PID=3124) to work on /opt/airflow/dags/dl_global_index.py
[2026-02-07T03:53:46.538+0000] {processor.py:830} INFO - Processing file /opt/airflow/dags/dl_global_index.py for tasks to queue
[2026-02-07T03:53:46.538+0000] {logging_mixin.py:188} INFO - [2026-02-07T03:53:46.538+0000] {dagbag.py:545} INFO - Filling up the DagBag from /opt/airflow/dags/dl_global_index.py
[2026-02-07T03:53:46.565+0000] {processor.py:840} INFO - DAG(s) 'global_index_minio' retrieved from /opt/airflow/dags/dl_global_index.py
[2026-02-07T03:53:46.587+0000] {logging_mixin.py:188} INFO - [2026-02-07T03:53:46.587+0000] {dag.py:3089} INFO - Sync 1 DAGs
[2026-02-07T03:53:46.609+0000] {logging_mixin.py:188} INFO - [2026-02-07T03:53:46.609+0000] {dag.py:3947} INFO - Setting next_dagrun for global_index_minio to 2026-02-07 00:00:00+00:00, run_after=2026-02-08 00:00:00+00:00
[2026-02-07T03:53:46.628+0000] {processor.py:183} INFO - Processing /opt/airflow/dags/dl_global_index.py took 0.097 seconds
[2026-02-07T03:54:16.722+0000] {processor.py:161} INFO - Started process (PID=3148) to work on /opt/airflow/dags/dl_global_index.py
[2026-02-07T03:54:16.723+0000] {processor.py:830} INFO - Processing file /opt/airflow/dags/dl_global_index.py for tasks to queue
[2026-02-07T03:54:16.725+0000] {logging_mixin.py:188} INFO - [2026-02-07T03:54:16.724+0000] {dagbag.py:545} INFO - Filling up the DagBag from /opt/airflow/dags/dl_global_index.py
[2026-02-07T03:54:16.759+0000] {processor.py:840} INFO - DAG(s) 'global_index_minio' retrieved from /opt/airflow/dags/dl_global_index.py
[2026-02-07T03:54:16.783+0000] {logging_mixin.py:188} INFO - [2026-02-07T03:54:16.783+0000] {dag.py:3089} INFO - Sync 1 DAGs
[2026-02-07T03:54:16.804+0000] {logging_mixin.py:188} INFO - [2026-02-07T03:54:16.804+0000] {dag.py:3947} INFO - Setting next_dagrun for global_index_minio to 2026-02-07 00:00:00+00:00, run_after=2026-02-08 00:00:00+00:00
[2026-02-07T03:54:16.821+0000] {processor.py:183} INFO - Processing /opt/airflow/dags/dl_global_index.py took 0.106 seconds
[2026-02-07T03:54:47.111+0000] {processor.py:161} INFO - Started process (PID=3172) to work on /opt/airflow/dags/dl_global_index.py
[2026-02-07T03:54:47.112+0000] {processor.py:830} INFO - Processing file /opt/airflow/dags/dl_global_index.py for tasks to queue
[2026-02-07T03:54:47.113+0000] {logging_mixin.py:188} INFO - [2026-02-07T03:54:47.112+0000] {dagbag.py:545} INFO - Filling up the DagBag from /opt/airflow/dags/dl_global_index.py
[2026-02-07T03:54:47.140+0000] {processor.py:840} INFO - DAG(s) 'global_index_minio' retrieved from /opt/airflow/dags/dl_global_index.py
[2026-02-07T03:54:47.162+0000] {logging_mixin.py:188} INFO - [2026-02-07T03:54:47.162+0000] {dag.py:3089} INFO - Sync 1 DAGs
[2026-02-07T03:54:47.184+0000] {logging_mixin.py:188} INFO - [2026-02-07T03:54:47.184+0000] {dag.py:3947} INFO - Setting next_dagrun for global_index_minio to 2026-02-07 00:00:00+00:00, run_after=2026-02-08 00:00:00+00:00
[2026-02-07T03:54:47.202+0000] {processor.py:183} INFO - Processing /opt/airflow/dags/dl_global_index.py took 0.097 seconds
[2026-02-07T03:55:17.795+0000] {processor.py:161} INFO - Started process (PID=3223) to work on /opt/airflow/dags/dl_global_index.py
[2026-02-07T03:55:17.796+0000] {processor.py:830} INFO - Processing file /opt/airflow/dags/dl_global_index.py for tasks to queue
[2026-02-07T03:55:17.797+0000] {logging_mixin.py:188} INFO - [2026-02-07T03:55:17.796+0000] {dagbag.py:545} INFO - Filling up the DagBag from /opt/airflow/dags/dl_global_index.py
[2026-02-07T03:55:17.832+0000] {processor.py:840} INFO - DAG(s) 'global_index_minio' retrieved from /opt/airflow/dags/dl_global_index.py
[2026-02-07T03:55:17.862+0000] {logging_mixin.py:188} INFO - [2026-02-07T03:55:17.861+0000] {dag.py:3089} INFO - Sync 1 DAGs
[2026-02-07T03:55:17.894+0000] {logging_mixin.py:188} INFO - [2026-02-07T03:55:17.894+0000] {dag.py:3947} INFO - Setting next_dagrun for global_index_minio to 2026-02-07 00:00:00+00:00, run_after=2026-02-08 00:00:00+00:00
[2026-02-07T03:55:17.934+0000] {processor.py:183} INFO - Processing /opt/airflow/dags/dl_global_index.py took 0.148 seconds
[2026-02-07T03:55:48.360+0000] {processor.py:161} INFO - Started process (PID=3263) to work on /opt/airflow/dags/dl_global_index.py
[2026-02-07T03:55:48.360+0000] {processor.py:830} INFO - Processing file /opt/airflow/dags/dl_global_index.py for tasks to queue
[2026-02-07T03:55:48.361+0000] {logging_mixin.py:188} INFO - [2026-02-07T03:55:48.361+0000] {dagbag.py:545} INFO - Filling up the DagBag from /opt/airflow/dags/dl_global_index.py
[2026-02-07T03:55:48.386+0000] {processor.py:840} INFO - DAG(s) 'global_index_minio' retrieved from /opt/airflow/dags/dl_global_index.py
[2026-02-07T03:55:48.407+0000] {logging_mixin.py:188} INFO - [2026-02-07T03:55:48.407+0000] {dag.py:3089} INFO - Sync 1 DAGs
[2026-02-07T03:55:48.429+0000] {logging_mixin.py:188} INFO - [2026-02-07T03:55:48.429+0000] {dag.py:3947} INFO - Setting next_dagrun for global_index_minio to 2026-02-07 00:00:00+00:00, run_after=2026-02-08 00:00:00+00:00
[2026-02-07T03:55:48.452+0000] {processor.py:183} INFO - Processing /opt/airflow/dags/dl_global_index.py took 0.097 seconds
[2026-02-07T03:56:18.656+0000] {processor.py:161} INFO - Started process (PID=3307) to work on /opt/airflow/dags/dl_global_index.py
[2026-02-07T03:56:18.657+0000] {processor.py:830} INFO - Processing file /opt/airflow/dags/dl_global_index.py for tasks to queue
[2026-02-07T03:56:18.658+0000] {logging_mixin.py:188} INFO - [2026-02-07T03:56:18.657+0000] {dagbag.py:545} INFO - Filling up the DagBag from /opt/airflow/dags/dl_global_index.py
[2026-02-07T03:56:18.687+0000] {processor.py:840} INFO - DAG(s) 'global_index_minio' retrieved from /opt/airflow/dags/dl_global_index.py
[2026-02-07T03:56:18.710+0000] {logging_mixin.py:188} INFO - [2026-02-07T03:56:18.710+0000] {dag.py:3089} INFO - Sync 1 DAGs
[2026-02-07T03:56:18.732+0000] {logging_mixin.py:188} INFO - [2026-02-07T03:56:18.732+0000] {dag.py:3947} INFO - Setting next_dagrun for global_index_minio to 2026-02-07 00:00:00+00:00, run_after=2026-02-08 00:00:00+00:00
[2026-02-07T03:56:18.750+0000] {processor.py:183} INFO - Processing /opt/airflow/dags/dl_global_index.py took 0.099 seconds
[2026-02-07T03:56:48.925+0000] {processor.py:161} INFO - Started process (PID=3353) to work on /opt/airflow/dags/dl_global_index.py
[2026-02-07T03:56:48.926+0000] {processor.py:830} INFO - Processing file /opt/airflow/dags/dl_global_index.py for tasks to queue
[2026-02-07T03:56:48.927+0000] {logging_mixin.py:188} INFO - [2026-02-07T03:56:48.926+0000] {dagbag.py:545} INFO - Filling up the DagBag from /opt/airflow/dags/dl_global_index.py
[2026-02-07T03:56:48.966+0000] {processor.py:840} INFO - DAG(s) 'global_index_minio' retrieved from /opt/airflow/dags/dl_global_index.py
[2026-02-07T03:56:48.989+0000] {logging_mixin.py:188} INFO - [2026-02-07T03:56:48.989+0000] {dag.py:3089} INFO - Sync 1 DAGs
[2026-02-07T03:56:49.009+0000] {logging_mixin.py:188} INFO - [2026-02-07T03:56:49.009+0000] {dag.py:3947} INFO - Setting next_dagrun for global_index_minio to 2026-02-07 00:00:00+00:00, run_after=2026-02-08 00:00:00+00:00
[2026-02-07T03:56:49.025+0000] {processor.py:183} INFO - Processing /opt/airflow/dags/dl_global_index.py took 0.108 seconds
[2026-02-07T03:57:19.271+0000] {processor.py:161} INFO - Started process (PID=3403) to work on /opt/airflow/dags/dl_global_index.py
[2026-02-07T03:57:19.271+0000] {processor.py:830} INFO - Processing file /opt/airflow/dags/dl_global_index.py for tasks to queue
[2026-02-07T03:57:19.276+0000] {logging_mixin.py:188} INFO - [2026-02-07T03:57:19.275+0000] {dagbag.py:545} INFO - Filling up the DagBag from /opt/airflow/dags/dl_global_index.py
[2026-02-07T03:57:19.300+0000] {processor.py:840} INFO - DAG(s) 'global_index_minio' retrieved from /opt/airflow/dags/dl_global_index.py
[2026-02-07T03:57:19.324+0000] {logging_mixin.py:188} INFO - [2026-02-07T03:57:19.323+0000] {dag.py:3089} INFO - Sync 1 DAGs
[2026-02-07T03:57:19.345+0000] {logging_mixin.py:188} INFO - [2026-02-07T03:57:19.344+0000] {dag.py:3947} INFO - Setting next_dagrun for global_index_minio to 2026-02-07 00:00:00+00:00, run_after=2026-02-08 00:00:00+00:00
[2026-02-07T03:57:19.362+0000] {processor.py:183} INFO - Processing /opt/airflow/dags/dl_global_index.py took 0.096 seconds
[2026-02-07T03:57:49.743+0000] {processor.py:161} INFO - Started process (PID=3433) to work on /opt/airflow/dags/dl_global_index.py
[2026-02-07T03:57:49.743+0000] {processor.py:830} INFO - Processing file /opt/airflow/dags/dl_global_index.py for tasks to queue
[2026-02-07T03:57:49.744+0000] {logging_mixin.py:188} INFO - [2026-02-07T03:57:49.744+0000] {dagbag.py:545} INFO - Filling up the DagBag from /opt/airflow/dags/dl_global_index.py
[2026-02-07T03:57:49.774+0000] {processor.py:840} INFO - DAG(s) 'global_index_minio' retrieved from /opt/airflow/dags/dl_global_index.py
[2026-02-07T03:57:49.801+0000] {logging_mixin.py:188} INFO - [2026-02-07T03:57:49.800+0000] {dag.py:3089} INFO - Sync 1 DAGs
[2026-02-07T03:57:49.825+0000] {logging_mixin.py:188} INFO - [2026-02-07T03:57:49.825+0000] {dag.py:3947} INFO - Setting next_dagrun for global_index_minio to 2026-02-07 00:00:00+00:00, run_after=2026-02-08 00:00:00+00:00
[2026-02-07T03:57:49.846+0000] {processor.py:183} INFO - Processing /opt/airflow/dags/dl_global_index.py took 0.108 seconds
[2026-02-07T03:58:19.911+0000] {processor.py:161} INFO - Started process (PID=3479) to work on /opt/airflow/dags/dl_global_index.py
[2026-02-07T03:58:19.912+0000] {processor.py:830} INFO - Processing file /opt/airflow/dags/dl_global_index.py for tasks to queue
[2026-02-07T03:58:19.913+0000] {logging_mixin.py:188} INFO - [2026-02-07T03:58:19.912+0000] {dagbag.py:545} INFO - Filling up the DagBag from /opt/airflow/dags/dl_global_index.py
[2026-02-07T03:58:19.941+0000] {processor.py:840} INFO - DAG(s) 'global_index_minio' retrieved from /opt/airflow/dags/dl_global_index.py
[2026-02-07T03:58:19.963+0000] {logging_mixin.py:188} INFO - [2026-02-07T03:58:19.963+0000] {dag.py:3089} INFO - Sync 1 DAGs
[2026-02-07T03:58:19.983+0000] {logging_mixin.py:188} INFO - [2026-02-07T03:58:19.983+0000] {dag.py:3947} INFO - Setting next_dagrun for global_index_minio to 2026-02-07 00:00:00+00:00, run_after=2026-02-08 00:00:00+00:00
[2026-02-07T03:58:19.999+0000] {processor.py:183} INFO - Processing /opt/airflow/dags/dl_global_index.py took 0.094 seconds
[2026-02-07T03:58:50.373+0000] {processor.py:161} INFO - Started process (PID=3536) to work on /opt/airflow/dags/dl_global_index.py
[2026-02-07T03:58:50.373+0000] {processor.py:830} INFO - Processing file /opt/airflow/dags/dl_global_index.py for tasks to queue
[2026-02-07T03:58:50.374+0000] {logging_mixin.py:188} INFO - [2026-02-07T03:58:50.374+0000] {dagbag.py:545} INFO - Filling up the DagBag from /opt/airflow/dags/dl_global_index.py
[2026-02-07T03:58:50.399+0000] {processor.py:840} INFO - DAG(s) 'global_index_minio' retrieved from /opt/airflow/dags/dl_global_index.py
[2026-02-07T03:58:50.420+0000] {logging_mixin.py:188} INFO - [2026-02-07T03:58:50.420+0000] {dag.py:3089} INFO - Sync 1 DAGs
[2026-02-07T03:58:50.442+0000] {logging_mixin.py:188} INFO - [2026-02-07T03:58:50.442+0000] {dag.py:3947} INFO - Setting next_dagrun for global_index_minio to 2026-02-07 00:00:00+00:00, run_after=2026-02-08 00:00:00+00:00
[2026-02-07T03:58:50.462+0000] {processor.py:183} INFO - Processing /opt/airflow/dags/dl_global_index.py took 0.094 seconds
[2026-02-07T03:59:20.920+0000] {processor.py:161} INFO - Started process (PID=3593) to work on /opt/airflow/dags/dl_global_index.py
[2026-02-07T03:59:20.921+0000] {processor.py:830} INFO - Processing file /opt/airflow/dags/dl_global_index.py for tasks to queue
[2026-02-07T03:59:20.922+0000] {logging_mixin.py:188} INFO - [2026-02-07T03:59:20.921+0000] {dagbag.py:545} INFO - Filling up the DagBag from /opt/airflow/dags/dl_global_index.py
[2026-02-07T03:59:20.949+0000] {processor.py:840} INFO - DAG(s) 'global_index_minio' retrieved from /opt/airflow/dags/dl_global_index.py
[2026-02-07T03:59:20.970+0000] {logging_mixin.py:188} INFO - [2026-02-07T03:59:20.970+0000] {dag.py:3089} INFO - Sync 1 DAGs
[2026-02-07T03:59:20.990+0000] {logging_mixin.py:188} INFO - [2026-02-07T03:59:20.989+0000] {dag.py:3947} INFO - Setting next_dagrun for global_index_minio to 2026-02-07 00:00:00+00:00, run_after=2026-02-08 00:00:00+00:00
[2026-02-07T03:59:21.010+0000] {processor.py:183} INFO - Processing /opt/airflow/dags/dl_global_index.py took 0.095 seconds
[2026-02-07T03:59:51.744+0000] {processor.py:161} INFO - Started process (PID=3631) to work on /opt/airflow/dags/dl_global_index.py
[2026-02-07T03:59:51.744+0000] {processor.py:830} INFO - Processing file /opt/airflow/dags/dl_global_index.py for tasks to queue
[2026-02-07T03:59:51.746+0000] {logging_mixin.py:188} INFO - [2026-02-07T03:59:51.745+0000] {dagbag.py:545} INFO - Filling up the DagBag from /opt/airflow/dags/dl_global_index.py
[2026-02-07T03:59:51.779+0000] {processor.py:840} INFO - DAG(s) 'global_index_minio' retrieved from /opt/airflow/dags/dl_global_index.py
[2026-02-07T03:59:51.808+0000] {logging_mixin.py:188} INFO - [2026-02-07T03:59:51.808+0000] {dag.py:3089} INFO - Sync 1 DAGs
[2026-02-07T03:59:51.836+0000] {logging_mixin.py:188} INFO - [2026-02-07T03:59:51.836+0000] {dag.py:3947} INFO - Setting next_dagrun for global_index_minio to 2026-02-07 00:00:00+00:00, run_after=2026-02-08 00:00:00+00:00
[2026-02-07T03:59:51.861+0000] {processor.py:183} INFO - Processing /opt/airflow/dags/dl_global_index.py took 0.124 seconds
[2026-02-07T04:00:22.746+0000] {processor.py:161} INFO - Started process (PID=3655) to work on /opt/airflow/dags/dl_global_index.py
[2026-02-07T04:00:22.747+0000] {processor.py:830} INFO - Processing file /opt/airflow/dags/dl_global_index.py for tasks to queue
[2026-02-07T04:00:22.748+0000] {logging_mixin.py:188} INFO - [2026-02-07T04:00:22.748+0000] {dagbag.py:545} INFO - Filling up the DagBag from /opt/airflow/dags/dl_global_index.py
[2026-02-07T04:00:22.805+0000] {processor.py:840} INFO - DAG(s) 'global_index_minio' retrieved from /opt/airflow/dags/dl_global_index.py
[2026-02-07T04:00:22.847+0000] {logging_mixin.py:188} INFO - [2026-02-07T04:00:22.846+0000] {dag.py:3089} INFO - Sync 1 DAGs
[2026-02-07T04:00:22.894+0000] {logging_mixin.py:188} INFO - [2026-02-07T04:00:22.893+0000] {dag.py:3947} INFO - Setting next_dagrun for global_index_minio to 2026-02-07 00:00:00+00:00, run_after=2026-02-08 00:00:00+00:00
[2026-02-07T04:00:22.930+0000] {processor.py:183} INFO - Processing /opt/airflow/dags/dl_global_index.py took 0.200 seconds
[2026-02-07T04:00:53.318+0000] {processor.py:161} INFO - Started process (PID=3691) to work on /opt/airflow/dags/dl_global_index.py
[2026-02-07T04:00:53.319+0000] {processor.py:830} INFO - Processing file /opt/airflow/dags/dl_global_index.py for tasks to queue
[2026-02-07T04:00:53.320+0000] {logging_mixin.py:188} INFO - [2026-02-07T04:00:53.319+0000] {dagbag.py:545} INFO - Filling up the DagBag from /opt/airflow/dags/dl_global_index.py
[2026-02-07T04:00:53.356+0000] {processor.py:840} INFO - DAG(s) 'global_index_minio' retrieved from /opt/airflow/dags/dl_global_index.py
[2026-02-07T04:00:53.382+0000] {logging_mixin.py:188} INFO - [2026-02-07T04:00:53.381+0000] {dag.py:3089} INFO - Sync 1 DAGs
[2026-02-07T04:00:53.407+0000] {logging_mixin.py:188} INFO - [2026-02-07T04:00:53.406+0000] {dag.py:3947} INFO - Setting next_dagrun for global_index_minio to 2026-02-07 00:00:00+00:00, run_after=2026-02-08 00:00:00+00:00
[2026-02-07T04:00:53.434+0000] {processor.py:183} INFO - Processing /opt/airflow/dags/dl_global_index.py took 0.124 seconds
[2026-02-07T04:01:23.642+0000] {processor.py:161} INFO - Started process (PID=3723) to work on /opt/airflow/dags/dl_global_index.py
[2026-02-07T04:01:23.643+0000] {processor.py:830} INFO - Processing file /opt/airflow/dags/dl_global_index.py for tasks to queue
[2026-02-07T04:01:23.644+0000] {logging_mixin.py:188} INFO - [2026-02-07T04:01:23.643+0000] {dagbag.py:545} INFO - Filling up the DagBag from /opt/airflow/dags/dl_global_index.py
[2026-02-07T04:01:23.673+0000] {processor.py:840} INFO - DAG(s) 'global_index_minio' retrieved from /opt/airflow/dags/dl_global_index.py
[2026-02-07T04:01:23.697+0000] {logging_mixin.py:188} INFO - [2026-02-07T04:01:23.697+0000] {dag.py:3089} INFO - Sync 1 DAGs
[2026-02-07T04:01:23.722+0000] {logging_mixin.py:188} INFO - [2026-02-07T04:01:23.722+0000] {dag.py:3947} INFO - Setting next_dagrun for global_index_minio to 2026-02-07 00:00:00+00:00, run_after=2026-02-08 00:00:00+00:00
[2026-02-07T04:01:23.743+0000] {processor.py:183} INFO - Processing /opt/airflow/dags/dl_global_index.py took 0.108 seconds
[2026-02-07T04:01:54.133+0000] {processor.py:161} INFO - Started process (PID=3747) to work on /opt/airflow/dags/dl_global_index.py
[2026-02-07T04:01:54.133+0000] {processor.py:830} INFO - Processing file /opt/airflow/dags/dl_global_index.py for tasks to queue
[2026-02-07T04:01:54.135+0000] {logging_mixin.py:188} INFO - [2026-02-07T04:01:54.134+0000] {dagbag.py:545} INFO - Filling up the DagBag from /opt/airflow/dags/dl_global_index.py
[2026-02-07T04:01:54.176+0000] {processor.py:840} INFO - DAG(s) 'global_index_minio' retrieved from /opt/airflow/dags/dl_global_index.py
[2026-02-07T04:01:54.209+0000] {logging_mixin.py:188} INFO - [2026-02-07T04:01:54.208+0000] {dag.py:3089} INFO - Sync 1 DAGs
[2026-02-07T04:01:54.241+0000] {logging_mixin.py:188} INFO - [2026-02-07T04:01:54.241+0000] {dag.py:3947} INFO - Setting next_dagrun for global_index_minio to 2026-02-07 00:00:00+00:00, run_after=2026-02-08 00:00:00+00:00
[2026-02-07T04:01:54.266+0000] {processor.py:183} INFO - Processing /opt/airflow/dags/dl_global_index.py took 0.141 seconds
[2026-02-07T04:02:24.537+0000] {processor.py:161} INFO - Started process (PID=3777) to work on /opt/airflow/dags/dl_global_index.py
[2026-02-07T04:02:24.538+0000] {processor.py:830} INFO - Processing file /opt/airflow/dags/dl_global_index.py for tasks to queue
[2026-02-07T04:02:24.539+0000] {logging_mixin.py:188} INFO - [2026-02-07T04:02:24.538+0000] {dagbag.py:545} INFO - Filling up the DagBag from /opt/airflow/dags/dl_global_index.py
[2026-02-07T04:02:24.565+0000] {processor.py:840} INFO - DAG(s) 'global_index_minio' retrieved from /opt/airflow/dags/dl_global_index.py
[2026-02-07T04:02:24.585+0000] {logging_mixin.py:188} INFO - [2026-02-07T04:02:24.585+0000] {dag.py:3089} INFO - Sync 1 DAGs
[2026-02-07T04:02:24.608+0000] {logging_mixin.py:188} INFO - [2026-02-07T04:02:24.608+0000] {dag.py:3947} INFO - Setting next_dagrun for global_index_minio to 2026-02-07 00:00:00+00:00, run_after=2026-02-08 00:00:00+00:00
[2026-02-07T04:02:24.627+0000] {processor.py:183} INFO - Processing /opt/airflow/dags/dl_global_index.py took 0.097 seconds
[2026-02-07T04:02:54.832+0000] {processor.py:161} INFO - Started process (PID=3819) to work on /opt/airflow/dags/dl_global_index.py
[2026-02-07T04:02:54.833+0000] {processor.py:830} INFO - Processing file /opt/airflow/dags/dl_global_index.py for tasks to queue
[2026-02-07T04:02:54.833+0000] {logging_mixin.py:188} INFO - [2026-02-07T04:02:54.833+0000] {dagbag.py:545} INFO - Filling up the DagBag from /opt/airflow/dags/dl_global_index.py
[2026-02-07T04:02:54.860+0000] {processor.py:840} INFO - DAG(s) 'global_index_minio' retrieved from /opt/airflow/dags/dl_global_index.py
[2026-02-07T04:02:54.881+0000] {logging_mixin.py:188} INFO - [2026-02-07T04:02:54.881+0000] {dag.py:3089} INFO - Sync 1 DAGs
[2026-02-07T04:02:54.905+0000] {logging_mixin.py:188} INFO - [2026-02-07T04:02:54.904+0000] {dag.py:3947} INFO - Setting next_dagrun for global_index_minio to 2026-02-07 00:00:00+00:00, run_after=2026-02-08 00:00:00+00:00
[2026-02-07T04:02:54.923+0000] {processor.py:183} INFO - Processing /opt/airflow/dags/dl_global_index.py took 0.096 seconds
[2026-02-07T04:03:25.107+0000] {processor.py:161} INFO - Started process (PID=3857) to work on /opt/airflow/dags/dl_global_index.py
[2026-02-07T04:03:25.108+0000] {processor.py:830} INFO - Processing file /opt/airflow/dags/dl_global_index.py for tasks to queue
[2026-02-07T04:03:25.109+0000] {logging_mixin.py:188} INFO - [2026-02-07T04:03:25.109+0000] {dagbag.py:545} INFO - Filling up the DagBag from /opt/airflow/dags/dl_global_index.py
[2026-02-07T04:03:25.141+0000] {processor.py:840} INFO - DAG(s) 'global_index_minio' retrieved from /opt/airflow/dags/dl_global_index.py
[2026-02-07T04:03:25.176+0000] {logging_mixin.py:188} INFO - [2026-02-07T04:03:25.176+0000] {dag.py:3089} INFO - Sync 1 DAGs
[2026-02-07T04:03:25.210+0000] {logging_mixin.py:188} INFO - [2026-02-07T04:03:25.210+0000] {dag.py:3947} INFO - Setting next_dagrun for global_index_minio to 2026-02-07 00:00:00+00:00, run_after=2026-02-08 00:00:00+00:00
[2026-02-07T04:03:25.238+0000] {processor.py:183} INFO - Processing /opt/airflow/dags/dl_global_index.py took 0.136 seconds
[2026-02-07T04:03:55.611+0000] {processor.py:161} INFO - Started process (PID=3905) to work on /opt/airflow/dags/dl_global_index.py
[2026-02-07T04:03:55.612+0000] {processor.py:830} INFO - Processing file /opt/airflow/dags/dl_global_index.py for tasks to queue
[2026-02-07T04:03:55.613+0000] {logging_mixin.py:188} INFO - [2026-02-07T04:03:55.613+0000] {dagbag.py:545} INFO - Filling up the DagBag from /opt/airflow/dags/dl_global_index.py
[2026-02-07T04:03:55.646+0000] {processor.py:840} INFO - DAG(s) 'global_index_minio' retrieved from /opt/airflow/dags/dl_global_index.py
[2026-02-07T04:03:55.672+0000] {logging_mixin.py:188} INFO - [2026-02-07T04:03:55.671+0000] {dag.py:3089} INFO - Sync 1 DAGs
[2026-02-07T04:03:55.697+0000] {logging_mixin.py:188} INFO - [2026-02-07T04:03:55.696+0000] {dag.py:3947} INFO - Setting next_dagrun for global_index_minio to 2026-02-07 00:00:00+00:00, run_after=2026-02-08 00:00:00+00:00
[2026-02-07T04:03:55.719+0000] {processor.py:183} INFO - Processing /opt/airflow/dags/dl_global_index.py took 0.113 seconds
[2026-02-07T04:04:26.020+0000] {processor.py:161} INFO - Started process (PID=3929) to work on /opt/airflow/dags/dl_global_index.py
[2026-02-07T04:04:26.021+0000] {processor.py:830} INFO - Processing file /opt/airflow/dags/dl_global_index.py for tasks to queue
[2026-02-07T04:04:26.022+0000] {logging_mixin.py:188} INFO - [2026-02-07T04:04:26.022+0000] {dagbag.py:545} INFO - Filling up the DagBag from /opt/airflow/dags/dl_global_index.py
[2026-02-07T04:04:26.054+0000] {processor.py:840} INFO - DAG(s) 'global_index_minio' retrieved from /opt/airflow/dags/dl_global_index.py
[2026-02-07T04:04:26.077+0000] {logging_mixin.py:188} INFO - [2026-02-07T04:04:26.077+0000] {dag.py:3089} INFO - Sync 1 DAGs
[2026-02-07T04:04:26.099+0000] {logging_mixin.py:188} INFO - [2026-02-07T04:04:26.099+0000] {dag.py:3947} INFO - Setting next_dagrun for global_index_minio to 2026-02-07 00:00:00+00:00, run_after=2026-02-08 00:00:00+00:00
[2026-02-07T04:04:26.117+0000] {processor.py:183} INFO - Processing /opt/airflow/dags/dl_global_index.py took 0.105 seconds
[2026-02-07T04:04:56.674+0000] {processor.py:161} INFO - Started process (PID=3954) to work on /opt/airflow/dags/dl_global_index.py
[2026-02-07T04:04:56.674+0000] {processor.py:830} INFO - Processing file /opt/airflow/dags/dl_global_index.py for tasks to queue
[2026-02-07T04:04:56.675+0000] {logging_mixin.py:188} INFO - [2026-02-07T04:04:56.675+0000] {dagbag.py:545} INFO - Filling up the DagBag from /opt/airflow/dags/dl_global_index.py
[2026-02-07T04:04:56.708+0000] {processor.py:840} INFO - DAG(s) 'global_index_minio' retrieved from /opt/airflow/dags/dl_global_index.py
[2026-02-07T04:04:56.732+0000] {logging_mixin.py:188} INFO - [2026-02-07T04:04:56.731+0000] {dag.py:3089} INFO - Sync 1 DAGs
[2026-02-07T04:04:56.759+0000] {logging_mixin.py:188} INFO - [2026-02-07T04:04:56.759+0000] {dag.py:3947} INFO - Setting next_dagrun for global_index_minio to 2026-02-07 00:00:00+00:00, run_after=2026-02-08 00:00:00+00:00
[2026-02-07T04:04:56.780+0000] {processor.py:183} INFO - Processing /opt/airflow/dags/dl_global_index.py took 0.113 seconds
[2026-02-07T04:05:27.318+0000] {processor.py:161} INFO - Started process (PID=3978) to work on /opt/airflow/dags/dl_global_index.py
[2026-02-07T04:05:27.318+0000] {processor.py:830} INFO - Processing file /opt/airflow/dags/dl_global_index.py for tasks to queue
[2026-02-07T04:05:27.319+0000] {logging_mixin.py:188} INFO - [2026-02-07T04:05:27.319+0000] {dagbag.py:545} INFO - Filling up the DagBag from /opt/airflow/dags/dl_global_index.py
[2026-02-07T04:05:27.344+0000] {processor.py:840} INFO - DAG(s) 'global_index_minio' retrieved from /opt/airflow/dags/dl_global_index.py
[2026-02-07T04:05:27.367+0000] {logging_mixin.py:188} INFO - [2026-02-07T04:05:27.366+0000] {dag.py:3089} INFO - Sync 1 DAGs
[2026-02-07T04:05:27.390+0000] {logging_mixin.py:188} INFO - [2026-02-07T04:05:27.390+0000] {dag.py:3947} INFO - Setting next_dagrun for global_index_minio to 2026-02-07 00:00:00+00:00, run_after=2026-02-08 00:00:00+00:00
[2026-02-07T04:05:27.409+0000] {processor.py:183} INFO - Processing /opt/airflow/dags/dl_global_index.py took 0.096 seconds
[2026-02-07T04:05:57.732+0000] {processor.py:161} INFO - Started process (PID=4002) to work on /opt/airflow/dags/dl_global_index.py
[2026-02-07T04:05:57.733+0000] {processor.py:830} INFO - Processing file /opt/airflow/dags/dl_global_index.py for tasks to queue
[2026-02-07T04:05:57.734+0000] {logging_mixin.py:188} INFO - [2026-02-07T04:05:57.734+0000] {dagbag.py:545} INFO - Filling up the DagBag from /opt/airflow/dags/dl_global_index.py
[2026-02-07T04:05:57.760+0000] {processor.py:840} INFO - DAG(s) 'global_index_minio' retrieved from /opt/airflow/dags/dl_global_index.py
[2026-02-07T04:05:57.782+0000] {logging_mixin.py:188} INFO - [2026-02-07T04:05:57.782+0000] {dag.py:3089} INFO - Sync 1 DAGs
[2026-02-07T04:05:57.802+0000] {logging_mixin.py:188} INFO - [2026-02-07T04:05:57.802+0000] {dag.py:3947} INFO - Setting next_dagrun for global_index_minio to 2026-02-07 00:00:00+00:00, run_after=2026-02-08 00:00:00+00:00
[2026-02-07T04:05:57.821+0000] {processor.py:183} INFO - Processing /opt/airflow/dags/dl_global_index.py took 0.093 seconds
[2026-02-07T04:06:28.013+0000] {processor.py:161} INFO - Started process (PID=4026) to work on /opt/airflow/dags/dl_global_index.py
[2026-02-07T04:06:28.013+0000] {processor.py:830} INFO - Processing file /opt/airflow/dags/dl_global_index.py for tasks to queue
[2026-02-07T04:06:28.014+0000] {logging_mixin.py:188} INFO - [2026-02-07T04:06:28.014+0000] {dagbag.py:545} INFO - Filling up the DagBag from /opt/airflow/dags/dl_global_index.py
[2026-02-07T04:06:28.040+0000] {processor.py:840} INFO - DAG(s) 'global_index_minio' retrieved from /opt/airflow/dags/dl_global_index.py
[2026-02-07T04:06:28.059+0000] {logging_mixin.py:188} INFO - [2026-02-07T04:06:28.059+0000] {dag.py:3089} INFO - Sync 1 DAGs
[2026-02-07T04:06:28.079+0000] {logging_mixin.py:188} INFO - [2026-02-07T04:06:28.079+0000] {dag.py:3947} INFO - Setting next_dagrun for global_index_minio to 2026-02-07 00:00:00+00:00, run_after=2026-02-08 00:00:00+00:00
[2026-02-07T04:06:28.096+0000] {processor.py:183} INFO - Processing /opt/airflow/dags/dl_global_index.py took 0.087 seconds
[2026-02-07T04:06:58.368+0000] {processor.py:161} INFO - Started process (PID=4050) to work on /opt/airflow/dags/dl_global_index.py
[2026-02-07T04:06:58.369+0000] {processor.py:830} INFO - Processing file /opt/airflow/dags/dl_global_index.py for tasks to queue
[2026-02-07T04:06:58.370+0000] {logging_mixin.py:188} INFO - [2026-02-07T04:06:58.369+0000] {dagbag.py:545} INFO - Filling up the DagBag from /opt/airflow/dags/dl_global_index.py
[2026-02-07T04:06:58.395+0000] {processor.py:840} INFO - DAG(s) 'global_index_minio' retrieved from /opt/airflow/dags/dl_global_index.py
[2026-02-07T04:06:58.416+0000] {logging_mixin.py:188} INFO - [2026-02-07T04:06:58.416+0000] {dag.py:3089} INFO - Sync 1 DAGs
[2026-02-07T04:06:58.436+0000] {logging_mixin.py:188} INFO - [2026-02-07T04:06:58.435+0000] {dag.py:3947} INFO - Setting next_dagrun for global_index_minio to 2026-02-07 00:00:00+00:00, run_after=2026-02-08 00:00:00+00:00
[2026-02-07T04:06:58.454+0000] {processor.py:183} INFO - Processing /opt/airflow/dags/dl_global_index.py took 0.091 seconds
[2026-02-07T04:07:28.696+0000] {processor.py:161} INFO - Started process (PID=4074) to work on /opt/airflow/dags/dl_global_index.py
[2026-02-07T04:07:28.697+0000] {processor.py:830} INFO - Processing file /opt/airflow/dags/dl_global_index.py for tasks to queue
[2026-02-07T04:07:28.698+0000] {logging_mixin.py:188} INFO - [2026-02-07T04:07:28.697+0000] {dagbag.py:545} INFO - Filling up the DagBag from /opt/airflow/dags/dl_global_index.py
[2026-02-07T04:07:28.724+0000] {processor.py:840} INFO - DAG(s) 'global_index_minio' retrieved from /opt/airflow/dags/dl_global_index.py
[2026-02-07T04:07:28.747+0000] {logging_mixin.py:188} INFO - [2026-02-07T04:07:28.747+0000] {dag.py:3089} INFO - Sync 1 DAGs
[2026-02-07T04:07:28.774+0000] {logging_mixin.py:188} INFO - [2026-02-07T04:07:28.773+0000] {dag.py:3947} INFO - Setting next_dagrun for global_index_minio to 2026-02-07 00:00:00+00:00, run_after=2026-02-08 00:00:00+00:00
[2026-02-07T04:07:28.794+0000] {processor.py:183} INFO - Processing /opt/airflow/dags/dl_global_index.py took 0.103 seconds
[2026-02-07T04:07:59.157+0000] {processor.py:161} INFO - Started process (PID=4098) to work on /opt/airflow/dags/dl_global_index.py
[2026-02-07T04:07:59.158+0000] {processor.py:830} INFO - Processing file /opt/airflow/dags/dl_global_index.py for tasks to queue
[2026-02-07T04:07:59.159+0000] {logging_mixin.py:188} INFO - [2026-02-07T04:07:59.158+0000] {dagbag.py:545} INFO - Filling up the DagBag from /opt/airflow/dags/dl_global_index.py
[2026-02-07T04:07:59.192+0000] {processor.py:840} INFO - DAG(s) 'global_index_minio' retrieved from /opt/airflow/dags/dl_global_index.py
[2026-02-07T04:07:59.217+0000] {logging_mixin.py:188} INFO - [2026-02-07T04:07:59.217+0000] {dag.py:3089} INFO - Sync 1 DAGs
[2026-02-07T04:07:59.243+0000] {logging_mixin.py:188} INFO - [2026-02-07T04:07:59.243+0000] {dag.py:3947} INFO - Setting next_dagrun for global_index_minio to 2026-02-07 00:00:00+00:00, run_after=2026-02-08 00:00:00+00:00
[2026-02-07T04:07:59.264+0000] {processor.py:183} INFO - Processing /opt/airflow/dags/dl_global_index.py took 0.113 seconds
[2026-02-07T04:08:29.544+0000] {processor.py:161} INFO - Started process (PID=4122) to work on /opt/airflow/dags/dl_global_index.py
[2026-02-07T04:08:29.544+0000] {processor.py:830} INFO - Processing file /opt/airflow/dags/dl_global_index.py for tasks to queue
[2026-02-07T04:08:29.545+0000] {logging_mixin.py:188} INFO - [2026-02-07T04:08:29.545+0000] {dagbag.py:545} INFO - Filling up the DagBag from /opt/airflow/dags/dl_global_index.py
[2026-02-07T04:08:29.569+0000] {processor.py:840} INFO - DAG(s) 'global_index_minio' retrieved from /opt/airflow/dags/dl_global_index.py
[2026-02-07T04:08:29.589+0000] {logging_mixin.py:188} INFO - [2026-02-07T04:08:29.589+0000] {dag.py:3089} INFO - Sync 1 DAGs
[2026-02-07T04:08:29.607+0000] {logging_mixin.py:188} INFO - [2026-02-07T04:08:29.607+0000] {dag.py:3947} INFO - Setting next_dagrun for global_index_minio to 2026-02-07 00:00:00+00:00, run_after=2026-02-08 00:00:00+00:00
[2026-02-07T04:08:29.624+0000] {processor.py:183} INFO - Processing /opt/airflow/dags/dl_global_index.py took 0.085 seconds
[2026-02-07T04:08:59.721+0000] {processor.py:161} INFO - Started process (PID=4146) to work on /opt/airflow/dags/dl_global_index.py
[2026-02-07T04:08:59.721+0000] {processor.py:830} INFO - Processing file /opt/airflow/dags/dl_global_index.py for tasks to queue
[2026-02-07T04:08:59.722+0000] {logging_mixin.py:188} INFO - [2026-02-07T04:08:59.722+0000] {dagbag.py:545} INFO - Filling up the DagBag from /opt/airflow/dags/dl_global_index.py
[2026-02-07T04:08:59.746+0000] {processor.py:840} INFO - DAG(s) 'global_index_minio' retrieved from /opt/airflow/dags/dl_global_index.py
[2026-02-07T04:08:59.767+0000] {logging_mixin.py:188} INFO - [2026-02-07T04:08:59.767+0000] {dag.py:3089} INFO - Sync 1 DAGs
[2026-02-07T04:08:59.787+0000] {logging_mixin.py:188} INFO - [2026-02-07T04:08:59.786+0000] {dag.py:3947} INFO - Setting next_dagrun for global_index_minio to 2026-02-07 00:00:00+00:00, run_after=2026-02-08 00:00:00+00:00
[2026-02-07T04:08:59.807+0000] {processor.py:183} INFO - Processing /opt/airflow/dags/dl_global_index.py took 0.091 seconds
[2026-02-07T04:09:30.112+0000] {processor.py:161} INFO - Started process (PID=4170) to work on /opt/airflow/dags/dl_global_index.py
[2026-02-07T04:09:30.113+0000] {processor.py:830} INFO - Processing file /opt/airflow/dags/dl_global_index.py for tasks to queue
[2026-02-07T04:09:30.114+0000] {logging_mixin.py:188} INFO - [2026-02-07T04:09:30.114+0000] {dagbag.py:545} INFO - Filling up the DagBag from /opt/airflow/dags/dl_global_index.py
[2026-02-07T04:09:30.142+0000] {processor.py:840} INFO - DAG(s) 'global_index_minio' retrieved from /opt/airflow/dags/dl_global_index.py
[2026-02-07T04:09:30.163+0000] {logging_mixin.py:188} INFO - [2026-02-07T04:09:30.163+0000] {dag.py:3089} INFO - Sync 1 DAGs
[2026-02-07T04:09:30.187+0000] {logging_mixin.py:188} INFO - [2026-02-07T04:09:30.186+0000] {dag.py:3947} INFO - Setting next_dagrun for global_index_minio to 2026-02-07 00:00:00+00:00, run_after=2026-02-08 00:00:00+00:00
[2026-02-07T04:09:30.205+0000] {processor.py:183} INFO - Processing /opt/airflow/dags/dl_global_index.py took 0.099 seconds
[2026-02-07T04:10:00.542+0000] {processor.py:161} INFO - Started process (PID=4194) to work on /opt/airflow/dags/dl_global_index.py
[2026-02-07T04:10:00.542+0000] {processor.py:830} INFO - Processing file /opt/airflow/dags/dl_global_index.py for tasks to queue
[2026-02-07T04:10:00.543+0000] {logging_mixin.py:188} INFO - [2026-02-07T04:10:00.543+0000] {dagbag.py:545} INFO - Filling up the DagBag from /opt/airflow/dags/dl_global_index.py
[2026-02-07T04:10:00.578+0000] {processor.py:840} INFO - DAG(s) 'global_index_minio' retrieved from /opt/airflow/dags/dl_global_index.py
[2026-02-07T04:10:00.609+0000] {logging_mixin.py:188} INFO - [2026-02-07T04:10:00.609+0000] {dag.py:3089} INFO - Sync 1 DAGs
[2026-02-07T04:10:00.639+0000] {logging_mixin.py:188} INFO - [2026-02-07T04:10:00.638+0000] {dag.py:3947} INFO - Setting next_dagrun for global_index_minio to 2026-02-07 00:00:00+00:00, run_after=2026-02-08 00:00:00+00:00
[2026-02-07T04:10:00.664+0000] {processor.py:183} INFO - Processing /opt/airflow/dags/dl_global_index.py took 0.129 seconds
[2026-02-07T04:10:30.853+0000] {processor.py:161} INFO - Started process (PID=4218) to work on /opt/airflow/dags/dl_global_index.py
[2026-02-07T04:10:30.854+0000] {processor.py:830} INFO - Processing file /opt/airflow/dags/dl_global_index.py for tasks to queue
[2026-02-07T04:10:30.855+0000] {logging_mixin.py:188} INFO - [2026-02-07T04:10:30.854+0000] {dagbag.py:545} INFO - Filling up the DagBag from /opt/airflow/dags/dl_global_index.py
[2026-02-07T04:10:30.882+0000] {processor.py:840} INFO - DAG(s) 'global_index_minio' retrieved from /opt/airflow/dags/dl_global_index.py
[2026-02-07T04:10:30.905+0000] {logging_mixin.py:188} INFO - [2026-02-07T04:10:30.905+0000] {dag.py:3089} INFO - Sync 1 DAGs
[2026-02-07T04:10:30.926+0000] {logging_mixin.py:188} INFO - [2026-02-07T04:10:30.926+0000] {dag.py:3947} INFO - Setting next_dagrun for global_index_minio to 2026-02-07 00:00:00+00:00, run_after=2026-02-08 00:00:00+00:00
[2026-02-07T04:10:30.943+0000] {processor.py:183} INFO - Processing /opt/airflow/dags/dl_global_index.py took 0.095 seconds
[2026-02-07T04:10:58.177+0000] {processor.py:161} INFO - Started process (PID=79) to work on /opt/airflow/dags/dl_global_index.py
[2026-02-07T04:10:58.179+0000] {processor.py:830} INFO - Processing file /opt/airflow/dags/dl_global_index.py for tasks to queue
[2026-02-07T04:10:58.181+0000] {logging_mixin.py:188} INFO - [2026-02-07T04:10:58.180+0000] {dagbag.py:545} INFO - Filling up the DagBag from /opt/airflow/dags/dl_global_index.py
[2026-02-07T04:10:58.255+0000] {processor.py:840} INFO - DAG(s) 'global_index_minio' retrieved from /opt/airflow/dags/dl_global_index.py
[2026-02-07T04:10:58.313+0000] {logging_mixin.py:188} INFO - [2026-02-07T04:10:58.313+0000] {dag.py:3089} INFO - Sync 1 DAGs
[2026-02-07T04:10:58.368+0000] {logging_mixin.py:188} INFO - [2026-02-07T04:10:58.368+0000] {dag.py:3947} INFO - Setting next_dagrun for global_index_minio to 2026-02-07 00:00:00+00:00, run_after=2026-02-08 00:00:00+00:00
[2026-02-07T04:10:58.407+0000] {processor.py:183} INFO - Processing /opt/airflow/dags/dl_global_index.py took 0.257 seconds
[2026-02-07T04:11:28.495+0000] {processor.py:161} INFO - Started process (PID=140) to work on /opt/airflow/dags/dl_global_index.py
[2026-02-07T04:11:28.496+0000] {processor.py:830} INFO - Processing file /opt/airflow/dags/dl_global_index.py for tasks to queue
[2026-02-07T04:11:28.497+0000] {logging_mixin.py:188} INFO - [2026-02-07T04:11:28.496+0000] {dagbag.py:545} INFO - Filling up the DagBag from /opt/airflow/dags/dl_global_index.py
[2026-02-07T04:11:28.520+0000] {processor.py:840} INFO - DAG(s) 'global_index_minio' retrieved from /opt/airflow/dags/dl_global_index.py
[2026-02-07T04:11:28.541+0000] {logging_mixin.py:188} INFO - [2026-02-07T04:11:28.541+0000] {dag.py:3089} INFO - Sync 1 DAGs
[2026-02-07T04:11:28.561+0000] {logging_mixin.py:188} INFO - [2026-02-07T04:11:28.560+0000] {dag.py:3947} INFO - Setting next_dagrun for global_index_minio to 2026-02-07 00:00:00+00:00, run_after=2026-02-08 00:00:00+00:00
[2026-02-07T04:11:28.579+0000] {processor.py:183} INFO - Processing /opt/airflow/dags/dl_global_index.py took 0.089 seconds
[2026-02-07T04:11:59.476+0000] {processor.py:161} INFO - Started process (PID=171) to work on /opt/airflow/dags/dl_global_index.py
[2026-02-07T04:11:59.477+0000] {processor.py:830} INFO - Processing file /opt/airflow/dags/dl_global_index.py for tasks to queue
[2026-02-07T04:11:59.478+0000] {logging_mixin.py:188} INFO - [2026-02-07T04:11:59.477+0000] {dagbag.py:545} INFO - Filling up the DagBag from /opt/airflow/dags/dl_global_index.py
[2026-02-07T04:11:59.511+0000] {processor.py:840} INFO - DAG(s) 'global_index_minio' retrieved from /opt/airflow/dags/dl_global_index.py
[2026-02-07T04:11:59.539+0000] {logging_mixin.py:188} INFO - [2026-02-07T04:11:59.539+0000] {dag.py:3089} INFO - Sync 1 DAGs
[2026-02-07T04:11:59.566+0000] {logging_mixin.py:188} INFO - [2026-02-07T04:11:59.566+0000] {dag.py:3947} INFO - Setting next_dagrun for global_index_minio to 2026-02-07 00:00:00+00:00, run_after=2026-02-08 00:00:00+00:00
[2026-02-07T04:11:59.585+0000] {processor.py:183} INFO - Processing /opt/airflow/dags/dl_global_index.py took 0.115 seconds
[2026-02-07T04:12:30.286+0000] {processor.py:161} INFO - Started process (PID=205) to work on /opt/airflow/dags/dl_global_index.py
[2026-02-07T04:12:30.287+0000] {processor.py:830} INFO - Processing file /opt/airflow/dags/dl_global_index.py for tasks to queue
[2026-02-07T04:12:30.287+0000] {logging_mixin.py:188} INFO - [2026-02-07T04:12:30.287+0000] {dagbag.py:545} INFO - Filling up the DagBag from /opt/airflow/dags/dl_global_index.py
[2026-02-07T04:12:30.312+0000] {processor.py:840} INFO - DAG(s) 'global_index_minio' retrieved from /opt/airflow/dags/dl_global_index.py
[2026-02-07T04:12:30.334+0000] {logging_mixin.py:188} INFO - [2026-02-07T04:12:30.334+0000] {dag.py:3089} INFO - Sync 1 DAGs
[2026-02-07T04:12:30.353+0000] {logging_mixin.py:188} INFO - [2026-02-07T04:12:30.352+0000] {dag.py:3947} INFO - Setting next_dagrun for global_index_minio to 2026-02-07 00:00:00+00:00, run_after=2026-02-08 00:00:00+00:00
[2026-02-07T04:12:30.368+0000] {processor.py:183} INFO - Processing /opt/airflow/dags/dl_global_index.py took 0.088 seconds
[2026-02-07T04:13:01.051+0000] {processor.py:161} INFO - Started process (PID=258) to work on /opt/airflow/dags/dl_global_index.py
[2026-02-07T04:13:01.051+0000] {processor.py:830} INFO - Processing file /opt/airflow/dags/dl_global_index.py for tasks to queue
[2026-02-07T04:13:01.052+0000] {logging_mixin.py:188} INFO - [2026-02-07T04:13:01.052+0000] {dagbag.py:545} INFO - Filling up the DagBag from /opt/airflow/dags/dl_global_index.py
[2026-02-07T04:13:01.076+0000] {processor.py:840} INFO - DAG(s) 'global_index_minio' retrieved from /opt/airflow/dags/dl_global_index.py
[2026-02-07T04:13:01.097+0000] {logging_mixin.py:188} INFO - [2026-02-07T04:13:01.097+0000] {dag.py:3089} INFO - Sync 1 DAGs
[2026-02-07T04:13:01.117+0000] {logging_mixin.py:188} INFO - [2026-02-07T04:13:01.117+0000] {dag.py:3947} INFO - Setting next_dagrun for global_index_minio to 2026-02-07 00:00:00+00:00, run_after=2026-02-08 00:00:00+00:00
[2026-02-07T04:13:01.137+0000] {processor.py:183} INFO - Processing /opt/airflow/dags/dl_global_index.py took 0.091 seconds
[2026-02-07T04:13:31.941+0000] {processor.py:161} INFO - Started process (PID=282) to work on /opt/airflow/dags/dl_global_index.py
[2026-02-07T04:13:31.942+0000] {processor.py:830} INFO - Processing file /opt/airflow/dags/dl_global_index.py for tasks to queue
[2026-02-07T04:13:31.943+0000] {logging_mixin.py:188} INFO - [2026-02-07T04:13:31.943+0000] {dagbag.py:545} INFO - Filling up the DagBag from /opt/airflow/dags/dl_global_index.py
[2026-02-07T04:13:31.968+0000] {processor.py:840} INFO - DAG(s) 'global_index_minio' retrieved from /opt/airflow/dags/dl_global_index.py
[2026-02-07T04:13:31.991+0000] {logging_mixin.py:188} INFO - [2026-02-07T04:13:31.990+0000] {dag.py:3089} INFO - Sync 1 DAGs
[2026-02-07T04:13:32.011+0000] {logging_mixin.py:188} INFO - [2026-02-07T04:13:32.011+0000] {dag.py:3947} INFO - Setting next_dagrun for global_index_minio to 2026-02-07 00:00:00+00:00, run_after=2026-02-08 00:00:00+00:00
[2026-02-07T04:13:32.031+0000] {processor.py:183} INFO - Processing /opt/airflow/dags/dl_global_index.py took 0.095 seconds
[2026-02-07T04:14:02.709+0000] {processor.py:161} INFO - Started process (PID=307) to work on /opt/airflow/dags/dl_global_index.py
[2026-02-07T04:14:02.710+0000] {processor.py:830} INFO - Processing file /opt/airflow/dags/dl_global_index.py for tasks to queue
[2026-02-07T04:14:02.711+0000] {logging_mixin.py:188} INFO - [2026-02-07T04:14:02.710+0000] {dagbag.py:545} INFO - Filling up the DagBag from /opt/airflow/dags/dl_global_index.py
[2026-02-07T04:14:02.741+0000] {processor.py:840} INFO - DAG(s) 'global_index_minio' retrieved from /opt/airflow/dags/dl_global_index.py
[2026-02-07T04:14:02.766+0000] {logging_mixin.py:188} INFO - [2026-02-07T04:14:02.765+0000] {dag.py:3089} INFO - Sync 1 DAGs
[2026-02-07T04:14:02.786+0000] {logging_mixin.py:188} INFO - [2026-02-07T04:14:02.786+0000] {dag.py:3947} INFO - Setting next_dagrun for global_index_minio to 2026-02-07 00:00:00+00:00, run_after=2026-02-08 00:00:00+00:00
[2026-02-07T04:14:02.805+0000] {processor.py:183} INFO - Processing /opt/airflow/dags/dl_global_index.py took 0.102 seconds
[2026-02-07T04:14:33.615+0000] {processor.py:161} INFO - Started process (PID=331) to work on /opt/airflow/dags/dl_global_index.py
[2026-02-07T04:14:33.615+0000] {processor.py:830} INFO - Processing file /opt/airflow/dags/dl_global_index.py for tasks to queue
[2026-02-07T04:14:33.616+0000] {logging_mixin.py:188} INFO - [2026-02-07T04:14:33.616+0000] {dagbag.py:545} INFO - Filling up the DagBag from /opt/airflow/dags/dl_global_index.py
[2026-02-07T04:14:33.641+0000] {processor.py:840} INFO - DAG(s) 'global_index_minio' retrieved from /opt/airflow/dags/dl_global_index.py
[2026-02-07T04:14:33.664+0000] {logging_mixin.py:188} INFO - [2026-02-07T04:14:33.663+0000] {dag.py:3089} INFO - Sync 1 DAGs
[2026-02-07T04:14:33.685+0000] {logging_mixin.py:188} INFO - [2026-02-07T04:14:33.685+0000] {dag.py:3947} INFO - Setting next_dagrun for global_index_minio to 2026-02-07 00:00:00+00:00, run_after=2026-02-08 00:00:00+00:00
[2026-02-07T04:14:33.703+0000] {processor.py:183} INFO - Processing /opt/airflow/dags/dl_global_index.py took 0.094 seconds
[2026-02-07T04:15:04.332+0000] {processor.py:161} INFO - Started process (PID=355) to work on /opt/airflow/dags/dl_global_index.py
[2026-02-07T04:15:04.333+0000] {processor.py:830} INFO - Processing file /opt/airflow/dags/dl_global_index.py for tasks to queue
[2026-02-07T04:15:04.333+0000] {logging_mixin.py:188} INFO - [2026-02-07T04:15:04.333+0000] {dagbag.py:545} INFO - Filling up the DagBag from /opt/airflow/dags/dl_global_index.py
[2026-02-07T04:15:04.358+0000] {processor.py:840} INFO - DAG(s) 'global_index_minio' retrieved from /opt/airflow/dags/dl_global_index.py
[2026-02-07T04:15:04.379+0000] {logging_mixin.py:188} INFO - [2026-02-07T04:15:04.378+0000] {dag.py:3089} INFO - Sync 1 DAGs
[2026-02-07T04:15:04.398+0000] {logging_mixin.py:188} INFO - [2026-02-07T04:15:04.398+0000] {dag.py:3947} INFO - Setting next_dagrun for global_index_minio to 2026-02-07 00:00:00+00:00, run_after=2026-02-08 00:00:00+00:00
[2026-02-07T04:15:04.415+0000] {processor.py:183} INFO - Processing /opt/airflow/dags/dl_global_index.py took 0.089 seconds
[2026-02-07T04:15:34.784+0000] {processor.py:161} INFO - Started process (PID=379) to work on /opt/airflow/dags/dl_global_index.py
[2026-02-07T04:15:34.785+0000] {processor.py:830} INFO - Processing file /opt/airflow/dags/dl_global_index.py for tasks to queue
[2026-02-07T04:15:34.786+0000] {logging_mixin.py:188} INFO - [2026-02-07T04:15:34.785+0000] {dagbag.py:545} INFO - Filling up the DagBag from /opt/airflow/dags/dl_global_index.py
[2026-02-07T04:15:34.810+0000] {processor.py:840} INFO - DAG(s) 'global_index_minio' retrieved from /opt/airflow/dags/dl_global_index.py
[2026-02-07T04:15:34.831+0000] {logging_mixin.py:188} INFO - [2026-02-07T04:15:34.831+0000] {dag.py:3089} INFO - Sync 1 DAGs
[2026-02-07T04:15:34.851+0000] {logging_mixin.py:188} INFO - [2026-02-07T04:15:34.851+0000] {dag.py:3947} INFO - Setting next_dagrun for global_index_minio to 2026-02-07 00:00:00+00:00, run_after=2026-02-08 00:00:00+00:00
[2026-02-07T04:15:34.870+0000] {processor.py:183} INFO - Processing /opt/airflow/dags/dl_global_index.py took 0.090 seconds
[2026-02-07T04:16:05.500+0000] {processor.py:161} INFO - Started process (PID=403) to work on /opt/airflow/dags/dl_global_index.py
[2026-02-07T04:16:05.501+0000] {processor.py:830} INFO - Processing file /opt/airflow/dags/dl_global_index.py for tasks to queue
[2026-02-07T04:16:05.502+0000] {logging_mixin.py:188} INFO - [2026-02-07T04:16:05.502+0000] {dagbag.py:545} INFO - Filling up the DagBag from /opt/airflow/dags/dl_global_index.py
[2026-02-07T04:16:05.528+0000] {processor.py:840} INFO - DAG(s) 'global_index_minio' retrieved from /opt/airflow/dags/dl_global_index.py
[2026-02-07T04:16:05.549+0000] {logging_mixin.py:188} INFO - [2026-02-07T04:16:05.549+0000] {dag.py:3089} INFO - Sync 1 DAGs
[2026-02-07T04:16:05.568+0000] {logging_mixin.py:188} INFO - [2026-02-07T04:16:05.568+0000] {dag.py:3947} INFO - Setting next_dagrun for global_index_minio to 2026-02-07 00:00:00+00:00, run_after=2026-02-08 00:00:00+00:00
[2026-02-07T04:16:05.585+0000] {processor.py:183} INFO - Processing /opt/airflow/dags/dl_global_index.py took 0.089 seconds
[2026-02-07T04:16:36.154+0000] {processor.py:161} INFO - Started process (PID=426) to work on /opt/airflow/dags/dl_global_index.py
[2026-02-07T04:16:36.154+0000] {processor.py:830} INFO - Processing file /opt/airflow/dags/dl_global_index.py for tasks to queue
[2026-02-07T04:16:36.155+0000] {logging_mixin.py:188} INFO - [2026-02-07T04:16:36.155+0000] {dagbag.py:545} INFO - Filling up the DagBag from /opt/airflow/dags/dl_global_index.py
[2026-02-07T04:16:36.181+0000] {processor.py:840} INFO - DAG(s) 'global_index_minio' retrieved from /opt/airflow/dags/dl_global_index.py
[2026-02-07T04:16:36.204+0000] {logging_mixin.py:188} INFO - [2026-02-07T04:16:36.203+0000] {dag.py:3089} INFO - Sync 1 DAGs
[2026-02-07T04:16:36.223+0000] {logging_mixin.py:188} INFO - [2026-02-07T04:16:36.223+0000] {dag.py:3947} INFO - Setting next_dagrun for global_index_minio to 2026-02-07 00:00:00+00:00, run_after=2026-02-08 00:00:00+00:00
[2026-02-07T04:16:36.240+0000] {processor.py:183} INFO - Processing /opt/airflow/dags/dl_global_index.py took 0.092 seconds
[2026-02-07T04:17:06.729+0000] {processor.py:161} INFO - Started process (PID=450) to work on /opt/airflow/dags/dl_global_index.py
[2026-02-07T04:17:06.730+0000] {processor.py:830} INFO - Processing file /opt/airflow/dags/dl_global_index.py for tasks to queue
[2026-02-07T04:17:06.731+0000] {logging_mixin.py:188} INFO - [2026-02-07T04:17:06.730+0000] {dagbag.py:545} INFO - Filling up the DagBag from /opt/airflow/dags/dl_global_index.py
[2026-02-07T04:17:06.756+0000] {processor.py:840} INFO - DAG(s) 'global_index_minio' retrieved from /opt/airflow/dags/dl_global_index.py
[2026-02-07T04:17:06.782+0000] {logging_mixin.py:188} INFO - [2026-02-07T04:17:06.782+0000] {dag.py:3089} INFO - Sync 1 DAGs
[2026-02-07T04:17:06.804+0000] {logging_mixin.py:188} INFO - [2026-02-07T04:17:06.804+0000] {dag.py:3947} INFO - Setting next_dagrun for global_index_minio to 2026-02-07 00:00:00+00:00, run_after=2026-02-08 00:00:00+00:00
[2026-02-07T04:17:06.822+0000] {processor.py:183} INFO - Processing /opt/airflow/dags/dl_global_index.py took 0.098 seconds
[2026-02-07T04:17:37.572+0000] {processor.py:161} INFO - Started process (PID=474) to work on /opt/airflow/dags/dl_global_index.py
[2026-02-07T04:17:37.573+0000] {processor.py:830} INFO - Processing file /opt/airflow/dags/dl_global_index.py for tasks to queue
[2026-02-07T04:17:37.573+0000] {logging_mixin.py:188} INFO - [2026-02-07T04:17:37.573+0000] {dagbag.py:545} INFO - Filling up the DagBag from /opt/airflow/dags/dl_global_index.py
[2026-02-07T04:17:37.599+0000] {processor.py:840} INFO - DAG(s) 'global_index_minio' retrieved from /opt/airflow/dags/dl_global_index.py
[2026-02-07T04:17:37.620+0000] {logging_mixin.py:188} INFO - [2026-02-07T04:17:37.620+0000] {dag.py:3089} INFO - Sync 1 DAGs
[2026-02-07T04:17:37.639+0000] {logging_mixin.py:188} INFO - [2026-02-07T04:17:37.639+0000] {dag.py:3947} INFO - Setting next_dagrun for global_index_minio to 2026-02-07 00:00:00+00:00, run_after=2026-02-08 00:00:00+00:00
[2026-02-07T04:17:37.656+0000] {processor.py:183} INFO - Processing /opt/airflow/dags/dl_global_index.py took 0.089 seconds
[2026-02-07T04:18:08.330+0000] {processor.py:161} INFO - Started process (PID=499) to work on /opt/airflow/dags/dl_global_index.py
[2026-02-07T04:18:08.331+0000] {processor.py:830} INFO - Processing file /opt/airflow/dags/dl_global_index.py for tasks to queue
[2026-02-07T04:18:08.331+0000] {logging_mixin.py:188} INFO - [2026-02-07T04:18:08.331+0000] {dagbag.py:545} INFO - Filling up the DagBag from /opt/airflow/dags/dl_global_index.py
[2026-02-07T04:18:08.356+0000] {processor.py:840} INFO - DAG(s) 'global_index_minio' retrieved from /opt/airflow/dags/dl_global_index.py
[2026-02-07T04:18:08.376+0000] {logging_mixin.py:188} INFO - [2026-02-07T04:18:08.376+0000] {dag.py:3089} INFO - Sync 1 DAGs
[2026-02-07T04:18:08.396+0000] {logging_mixin.py:188} INFO - [2026-02-07T04:18:08.396+0000] {dag.py:3947} INFO - Setting next_dagrun for global_index_minio to 2026-02-07 00:00:00+00:00, run_after=2026-02-08 00:00:00+00:00
[2026-02-07T04:18:08.414+0000] {processor.py:183} INFO - Processing /opt/airflow/dags/dl_global_index.py took 0.090 seconds
[2026-02-07T04:18:39.231+0000] {processor.py:161} INFO - Started process (PID=523) to work on /opt/airflow/dags/dl_global_index.py
[2026-02-07T04:18:39.232+0000] {processor.py:830} INFO - Processing file /opt/airflow/dags/dl_global_index.py for tasks to queue
[2026-02-07T04:18:39.233+0000] {logging_mixin.py:188} INFO - [2026-02-07T04:18:39.232+0000] {dagbag.py:545} INFO - Filling up the DagBag from /opt/airflow/dags/dl_global_index.py
[2026-02-07T04:18:39.261+0000] {processor.py:840} INFO - DAG(s) 'global_index_minio' retrieved from /opt/airflow/dags/dl_global_index.py
[2026-02-07T04:18:39.282+0000] {logging_mixin.py:188} INFO - [2026-02-07T04:18:39.281+0000] {dag.py:3089} INFO - Sync 1 DAGs
[2026-02-07T04:18:39.301+0000] {logging_mixin.py:188} INFO - [2026-02-07T04:18:39.301+0000] {dag.py:3947} INFO - Setting next_dagrun for global_index_minio to 2026-02-07 00:00:00+00:00, run_after=2026-02-08 00:00:00+00:00
[2026-02-07T04:18:39.318+0000] {processor.py:183} INFO - Processing /opt/airflow/dags/dl_global_index.py took 0.092 seconds
[2026-02-07T04:19:10.649+0000] {processor.py:161} INFO - Started process (PID=547) to work on /opt/airflow/dags/dl_global_index.py
[2026-02-07T04:19:10.649+0000] {processor.py:830} INFO - Processing file /opt/airflow/dags/dl_global_index.py for tasks to queue
[2026-02-07T04:19:10.650+0000] {logging_mixin.py:188} INFO - [2026-02-07T04:19:10.650+0000] {dagbag.py:545} INFO - Filling up the DagBag from /opt/airflow/dags/dl_global_index.py
[2026-02-07T04:19:10.680+0000] {processor.py:840} INFO - DAG(s) 'global_index_minio' retrieved from /opt/airflow/dags/dl_global_index.py
[2026-02-07T04:19:10.706+0000] {logging_mixin.py:188} INFO - [2026-02-07T04:19:10.706+0000] {dag.py:3089} INFO - Sync 1 DAGs
[2026-02-07T04:19:10.935+0000] {logging_mixin.py:188} INFO - [2026-02-07T04:19:10.934+0000] {dag.py:3947} INFO - Setting next_dagrun for global_index_minio to 2026-02-07 00:00:00+00:00, run_after=2026-02-08 00:00:00+00:00
[2026-02-07T04:19:10.954+0000] {processor.py:183} INFO - Processing /opt/airflow/dags/dl_global_index.py took 0.311 seconds
[2026-02-07T04:19:41.199+0000] {processor.py:161} INFO - Started process (PID=571) to work on /opt/airflow/dags/dl_global_index.py
[2026-02-07T04:19:41.199+0000] {processor.py:830} INFO - Processing file /opt/airflow/dags/dl_global_index.py for tasks to queue
[2026-02-07T04:19:41.200+0000] {logging_mixin.py:188} INFO - [2026-02-07T04:19:41.200+0000] {dagbag.py:545} INFO - Filling up the DagBag from /opt/airflow/dags/dl_global_index.py
[2026-02-07T04:19:41.226+0000] {processor.py:840} INFO - DAG(s) 'global_index_minio' retrieved from /opt/airflow/dags/dl_global_index.py
[2026-02-07T04:19:41.252+0000] {logging_mixin.py:188} INFO - [2026-02-07T04:19:41.251+0000] {dag.py:3089} INFO - Sync 1 DAGs
[2026-02-07T04:19:41.275+0000] {logging_mixin.py:188} INFO - [2026-02-07T04:19:41.275+0000] {dag.py:3947} INFO - Setting next_dagrun for global_index_minio to 2026-02-07 00:00:00+00:00, run_after=2026-02-08 00:00:00+00:00
[2026-02-07T04:19:41.294+0000] {processor.py:183} INFO - Processing /opt/airflow/dags/dl_global_index.py took 0.101 seconds
[2026-02-07T04:20:13.244+0000] {processor.py:161} INFO - Started process (PID=595) to work on /opt/airflow/dags/dl_global_index.py
[2026-02-07T04:20:13.245+0000] {processor.py:830} INFO - Processing file /opt/airflow/dags/dl_global_index.py for tasks to queue
[2026-02-07T04:20:13.245+0000] {logging_mixin.py:188} INFO - [2026-02-07T04:20:13.245+0000] {dagbag.py:545} INFO - Filling up the DagBag from /opt/airflow/dags/dl_global_index.py
[2026-02-07T04:20:13.270+0000] {processor.py:840} INFO - DAG(s) 'global_index_minio' retrieved from /opt/airflow/dags/dl_global_index.py
[2026-02-07T04:20:13.291+0000] {logging_mixin.py:188} INFO - [2026-02-07T04:20:13.291+0000] {dag.py:3089} INFO - Sync 1 DAGs
[2026-02-07T04:20:13.535+0000] {logging_mixin.py:188} INFO - [2026-02-07T04:20:13.535+0000] {dag.py:3947} INFO - Setting next_dagrun for global_index_minio to 2026-02-07 00:00:00+00:00, run_after=2026-02-08 00:00:00+00:00
[2026-02-07T04:20:13.552+0000] {processor.py:183} INFO - Processing /opt/airflow/dags/dl_global_index.py took 0.313 seconds
[2026-02-07T04:20:44.138+0000] {processor.py:161} INFO - Started process (PID=619) to work on /opt/airflow/dags/dl_global_index.py
[2026-02-07T04:20:44.138+0000] {processor.py:830} INFO - Processing file /opt/airflow/dags/dl_global_index.py for tasks to queue
[2026-02-07T04:20:44.139+0000] {logging_mixin.py:188} INFO - [2026-02-07T04:20:44.139+0000] {dagbag.py:545} INFO - Filling up the DagBag from /opt/airflow/dags/dl_global_index.py
[2026-02-07T04:20:44.165+0000] {processor.py:840} INFO - DAG(s) 'global_index_minio' retrieved from /opt/airflow/dags/dl_global_index.py
[2026-02-07T04:20:44.187+0000] {logging_mixin.py:188} INFO - [2026-02-07T04:20:44.187+0000] {dag.py:3089} INFO - Sync 1 DAGs
[2026-02-07T04:20:44.207+0000] {logging_mixin.py:188} INFO - [2026-02-07T04:20:44.207+0000] {dag.py:3947} INFO - Setting next_dagrun for global_index_minio to 2026-02-07 00:00:00+00:00, run_after=2026-02-08 00:00:00+00:00
[2026-02-07T04:20:44.224+0000] {processor.py:183} INFO - Processing /opt/airflow/dags/dl_global_index.py took 0.091 seconds
[2026-02-07T04:21:14.740+0000] {processor.py:161} INFO - Started process (PID=643) to work on /opt/airflow/dags/dl_global_index.py
[2026-02-07T04:21:14.741+0000] {processor.py:830} INFO - Processing file /opt/airflow/dags/dl_global_index.py for tasks to queue
[2026-02-07T04:21:14.742+0000] {logging_mixin.py:188} INFO - [2026-02-07T04:21:14.742+0000] {dagbag.py:545} INFO - Filling up the DagBag from /opt/airflow/dags/dl_global_index.py
[2026-02-07T04:21:14.772+0000] {processor.py:840} INFO - DAG(s) 'global_index_minio' retrieved from /opt/airflow/dags/dl_global_index.py
[2026-02-07T04:21:15.050+0000] {logging_mixin.py:188} INFO - [2026-02-07T04:21:15.049+0000] {dag.py:3089} INFO - Sync 1 DAGs
[2026-02-07T04:21:15.077+0000] {logging_mixin.py:188} INFO - [2026-02-07T04:21:15.076+0000] {dag.py:3947} INFO - Setting next_dagrun for global_index_minio to 2026-02-07 00:00:00+00:00, run_after=2026-02-08 00:00:00+00:00
[2026-02-07T04:21:15.099+0000] {processor.py:183} INFO - Processing /opt/airflow/dags/dl_global_index.py took 0.364 seconds
[2026-02-07T04:21:46.043+0000] {processor.py:161} INFO - Started process (PID=667) to work on /opt/airflow/dags/dl_global_index.py
[2026-02-07T04:21:46.043+0000] {processor.py:830} INFO - Processing file /opt/airflow/dags/dl_global_index.py for tasks to queue
[2026-02-07T04:21:46.044+0000] {logging_mixin.py:188} INFO - [2026-02-07T04:21:46.044+0000] {dagbag.py:545} INFO - Filling up the DagBag from /opt/airflow/dags/dl_global_index.py
[2026-02-07T04:21:46.069+0000] {processor.py:840} INFO - DAG(s) 'global_index_minio' retrieved from /opt/airflow/dags/dl_global_index.py
[2026-02-07T04:21:46.090+0000] {logging_mixin.py:188} INFO - [2026-02-07T04:21:46.090+0000] {dag.py:3089} INFO - Sync 1 DAGs
[2026-02-07T04:21:46.109+0000] {logging_mixin.py:188} INFO - [2026-02-07T04:21:46.109+0000] {dag.py:3947} INFO - Setting next_dagrun for global_index_minio to 2026-02-07 00:00:00+00:00, run_after=2026-02-08 00:00:00+00:00
[2026-02-07T04:21:46.130+0000] {processor.py:183} INFO - Processing /opt/airflow/dags/dl_global_index.py took 0.093 seconds
[2026-02-07T04:22:16.652+0000] {processor.py:161} INFO - Started process (PID=691) to work on /opt/airflow/dags/dl_global_index.py
[2026-02-07T04:22:16.653+0000] {processor.py:830} INFO - Processing file /opt/airflow/dags/dl_global_index.py for tasks to queue
[2026-02-07T04:22:16.653+0000] {logging_mixin.py:188} INFO - [2026-02-07T04:22:16.653+0000] {dagbag.py:545} INFO - Filling up the DagBag from /opt/airflow/dags/dl_global_index.py
[2026-02-07T04:22:16.679+0000] {processor.py:840} INFO - DAG(s) 'global_index_minio' retrieved from /opt/airflow/dags/dl_global_index.py
[2026-02-07T04:22:16.702+0000] {logging_mixin.py:188} INFO - [2026-02-07T04:22:16.701+0000] {dag.py:3089} INFO - Sync 1 DAGs
[2026-02-07T04:22:16.721+0000] {logging_mixin.py:188} INFO - [2026-02-07T04:22:16.721+0000] {dag.py:3947} INFO - Setting next_dagrun for global_index_minio to 2026-02-07 00:00:00+00:00, run_after=2026-02-08 00:00:00+00:00
[2026-02-07T04:22:16.743+0000] {processor.py:183} INFO - Processing /opt/airflow/dags/dl_global_index.py took 0.096 seconds
[2026-02-07T04:22:47.222+0000] {processor.py:161} INFO - Started process (PID=715) to work on /opt/airflow/dags/dl_global_index.py
[2026-02-07T04:22:47.223+0000] {processor.py:830} INFO - Processing file /opt/airflow/dags/dl_global_index.py for tasks to queue
[2026-02-07T04:22:47.224+0000] {logging_mixin.py:188} INFO - [2026-02-07T04:22:47.223+0000] {dagbag.py:545} INFO - Filling up the DagBag from /opt/airflow/dags/dl_global_index.py
[2026-02-07T04:22:47.248+0000] {processor.py:840} INFO - DAG(s) 'global_index_minio' retrieved from /opt/airflow/dags/dl_global_index.py
[2026-02-07T04:22:47.269+0000] {logging_mixin.py:188} INFO - [2026-02-07T04:22:47.268+0000] {dag.py:3089} INFO - Sync 1 DAGs
[2026-02-07T04:22:47.288+0000] {logging_mixin.py:188} INFO - [2026-02-07T04:22:47.288+0000] {dag.py:3947} INFO - Setting next_dagrun for global_index_minio to 2026-02-07 00:00:00+00:00, run_after=2026-02-08 00:00:00+00:00
[2026-02-07T04:22:47.311+0000] {processor.py:183} INFO - Processing /opt/airflow/dags/dl_global_index.py took 0.094 seconds
[2026-02-07T04:23:17.815+0000] {processor.py:161} INFO - Started process (PID=739) to work on /opt/airflow/dags/dl_global_index.py
[2026-02-07T04:23:17.816+0000] {processor.py:830} INFO - Processing file /opt/airflow/dags/dl_global_index.py for tasks to queue
[2026-02-07T04:23:17.817+0000] {logging_mixin.py:188} INFO - [2026-02-07T04:23:17.816+0000] {dagbag.py:545} INFO - Filling up the DagBag from /opt/airflow/dags/dl_global_index.py
[2026-02-07T04:23:17.843+0000] {processor.py:840} INFO - DAG(s) 'global_index_minio' retrieved from /opt/airflow/dags/dl_global_index.py
[2026-02-07T04:23:17.864+0000] {logging_mixin.py:188} INFO - [2026-02-07T04:23:17.864+0000] {dag.py:3089} INFO - Sync 1 DAGs
[2026-02-07T04:23:17.885+0000] {logging_mixin.py:188} INFO - [2026-02-07T04:23:17.884+0000] {dag.py:3947} INFO - Setting next_dagrun for global_index_minio to 2026-02-07 00:00:00+00:00, run_after=2026-02-08 00:00:00+00:00
[2026-02-07T04:23:17.901+0000] {processor.py:183} INFO - Processing /opt/airflow/dags/dl_global_index.py took 0.091 seconds
[2026-02-07T04:23:48.513+0000] {processor.py:161} INFO - Started process (PID=763) to work on /opt/airflow/dags/dl_global_index.py
[2026-02-07T04:23:48.514+0000] {processor.py:830} INFO - Processing file /opt/airflow/dags/dl_global_index.py for tasks to queue
[2026-02-07T04:23:48.515+0000] {logging_mixin.py:188} INFO - [2026-02-07T04:23:48.515+0000] {dagbag.py:545} INFO - Filling up the DagBag from /opt/airflow/dags/dl_global_index.py
[2026-02-07T04:23:48.546+0000] {processor.py:840} INFO - DAG(s) 'global_index_minio' retrieved from /opt/airflow/dags/dl_global_index.py
[2026-02-07T04:23:48.568+0000] {logging_mixin.py:188} INFO - [2026-02-07T04:23:48.567+0000] {dag.py:3089} INFO - Sync 1 DAGs
[2026-02-07T04:23:48.587+0000] {logging_mixin.py:188} INFO - [2026-02-07T04:23:48.587+0000] {dag.py:3947} INFO - Setting next_dagrun for global_index_minio to 2026-02-07 00:00:00+00:00, run_after=2026-02-08 00:00:00+00:00
[2026-02-07T04:23:48.606+0000] {processor.py:183} INFO - Processing /opt/airflow/dags/dl_global_index.py took 0.098 seconds
[2026-02-07T04:24:19.123+0000] {processor.py:161} INFO - Started process (PID=787) to work on /opt/airflow/dags/dl_global_index.py
[2026-02-07T04:24:19.124+0000] {processor.py:830} INFO - Processing file /opt/airflow/dags/dl_global_index.py for tasks to queue
[2026-02-07T04:24:19.125+0000] {logging_mixin.py:188} INFO - [2026-02-07T04:24:19.125+0000] {dagbag.py:545} INFO - Filling up the DagBag from /opt/airflow/dags/dl_global_index.py
[2026-02-07T04:24:19.153+0000] {processor.py:840} INFO - DAG(s) 'global_index_minio' retrieved from /opt/airflow/dags/dl_global_index.py
[2026-02-07T04:24:19.176+0000] {logging_mixin.py:188} INFO - [2026-02-07T04:24:19.176+0000] {dag.py:3089} INFO - Sync 1 DAGs
[2026-02-07T04:24:19.198+0000] {logging_mixin.py:188} INFO - [2026-02-07T04:24:19.198+0000] {dag.py:3947} INFO - Setting next_dagrun for global_index_minio to 2026-02-07 00:00:00+00:00, run_after=2026-02-08 00:00:00+00:00
[2026-02-07T04:24:19.216+0000] {processor.py:183} INFO - Processing /opt/airflow/dags/dl_global_index.py took 0.098 seconds
[2026-02-07T04:24:49.706+0000] {processor.py:161} INFO - Started process (PID=811) to work on /opt/airflow/dags/dl_global_index.py
[2026-02-07T04:24:49.706+0000] {processor.py:830} INFO - Processing file /opt/airflow/dags/dl_global_index.py for tasks to queue
[2026-02-07T04:24:49.707+0000] {logging_mixin.py:188} INFO - [2026-02-07T04:24:49.707+0000] {dagbag.py:545} INFO - Filling up the DagBag from /opt/airflow/dags/dl_global_index.py
[2026-02-07T04:24:49.732+0000] {processor.py:840} INFO - DAG(s) 'global_index_minio' retrieved from /opt/airflow/dags/dl_global_index.py
[2026-02-07T04:24:49.752+0000] {logging_mixin.py:188} INFO - [2026-02-07T04:24:49.752+0000] {dag.py:3089} INFO - Sync 1 DAGs
[2026-02-07T04:24:49.771+0000] {logging_mixin.py:188} INFO - [2026-02-07T04:24:49.771+0000] {dag.py:3947} INFO - Setting next_dagrun for global_index_minio to 2026-02-07 00:00:00+00:00, run_after=2026-02-08 00:00:00+00:00
[2026-02-07T04:24:49.789+0000] {processor.py:183} INFO - Processing /opt/airflow/dags/dl_global_index.py took 0.088 seconds
[2026-02-07T04:25:20.230+0000] {processor.py:161} INFO - Started process (PID=835) to work on /opt/airflow/dags/dl_global_index.py
[2026-02-07T04:25:20.231+0000] {processor.py:830} INFO - Processing file /opt/airflow/dags/dl_global_index.py for tasks to queue
[2026-02-07T04:25:20.232+0000] {logging_mixin.py:188} INFO - [2026-02-07T04:25:20.232+0000] {dagbag.py:545} INFO - Filling up the DagBag from /opt/airflow/dags/dl_global_index.py
[2026-02-07T04:25:20.258+0000] {processor.py:840} INFO - DAG(s) 'global_index_minio' retrieved from /opt/airflow/dags/dl_global_index.py
[2026-02-07T04:25:20.278+0000] {logging_mixin.py:188} INFO - [2026-02-07T04:25:20.278+0000] {dag.py:3089} INFO - Sync 1 DAGs
[2026-02-07T04:25:20.297+0000] {logging_mixin.py:188} INFO - [2026-02-07T04:25:20.297+0000] {dag.py:3947} INFO - Setting next_dagrun for global_index_minio to 2026-02-07 00:00:00+00:00, run_after=2026-02-08 00:00:00+00:00
[2026-02-07T04:25:20.315+0000] {processor.py:183} INFO - Processing /opt/airflow/dags/dl_global_index.py took 0.089 seconds
[2026-02-07T04:25:50.953+0000] {processor.py:161} INFO - Started process (PID=859) to work on /opt/airflow/dags/dl_global_index.py
[2026-02-07T04:25:50.953+0000] {processor.py:830} INFO - Processing file /opt/airflow/dags/dl_global_index.py for tasks to queue
[2026-02-07T04:25:50.954+0000] {logging_mixin.py:188} INFO - [2026-02-07T04:25:50.954+0000] {dagbag.py:545} INFO - Filling up the DagBag from /opt/airflow/dags/dl_global_index.py
[2026-02-07T04:25:50.980+0000] {processor.py:840} INFO - DAG(s) 'global_index_minio' retrieved from /opt/airflow/dags/dl_global_index.py
[2026-02-07T04:25:51.002+0000] {logging_mixin.py:188} INFO - [2026-02-07T04:25:51.002+0000] {dag.py:3089} INFO - Sync 1 DAGs
[2026-02-07T04:25:51.021+0000] {logging_mixin.py:188} INFO - [2026-02-07T04:25:51.020+0000] {dag.py:3947} INFO - Setting next_dagrun for global_index_minio to 2026-02-07 00:00:00+00:00, run_after=2026-02-08 00:00:00+00:00
[2026-02-07T04:25:51.038+0000] {processor.py:183} INFO - Processing /opt/airflow/dags/dl_global_index.py took 0.091 seconds
[2026-02-07T04:26:21.709+0000] {processor.py:161} INFO - Started process (PID=883) to work on /opt/airflow/dags/dl_global_index.py
[2026-02-07T04:26:21.710+0000] {processor.py:830} INFO - Processing file /opt/airflow/dags/dl_global_index.py for tasks to queue
[2026-02-07T04:26:21.711+0000] {logging_mixin.py:188} INFO - [2026-02-07T04:26:21.711+0000] {dagbag.py:545} INFO - Filling up the DagBag from /opt/airflow/dags/dl_global_index.py
[2026-02-07T04:26:21.736+0000] {processor.py:840} INFO - DAG(s) 'global_index_minio' retrieved from /opt/airflow/dags/dl_global_index.py
[2026-02-07T04:26:21.758+0000] {logging_mixin.py:188} INFO - [2026-02-07T04:26:21.758+0000] {dag.py:3089} INFO - Sync 1 DAGs
[2026-02-07T04:26:21.777+0000] {logging_mixin.py:188} INFO - [2026-02-07T04:26:21.777+0000] {dag.py:3947} INFO - Setting next_dagrun for global_index_minio to 2026-02-07 00:00:00+00:00, run_after=2026-02-08 00:00:00+00:00
[2026-02-07T04:26:21.796+0000] {processor.py:183} INFO - Processing /opt/airflow/dags/dl_global_index.py took 0.091 seconds
[2026-02-07T04:26:52.549+0000] {processor.py:161} INFO - Started process (PID=921) to work on /opt/airflow/dags/dl_global_index.py
[2026-02-07T04:26:52.550+0000] {processor.py:830} INFO - Processing file /opt/airflow/dags/dl_global_index.py for tasks to queue
[2026-02-07T04:26:52.551+0000] {logging_mixin.py:188} INFO - [2026-02-07T04:26:52.550+0000] {dagbag.py:545} INFO - Filling up the DagBag from /opt/airflow/dags/dl_global_index.py
[2026-02-07T04:26:52.581+0000] {processor.py:840} INFO - DAG(s) 'global_index_minio' retrieved from /opt/airflow/dags/dl_global_index.py
[2026-02-07T04:26:52.605+0000] {logging_mixin.py:188} INFO - [2026-02-07T04:26:52.605+0000] {dag.py:3089} INFO - Sync 1 DAGs
[2026-02-07T04:26:52.626+0000] {logging_mixin.py:188} INFO - [2026-02-07T04:26:52.626+0000] {dag.py:3947} INFO - Setting next_dagrun for global_index_minio to 2026-02-07 00:00:00+00:00, run_after=2026-02-08 00:00:00+00:00
[2026-02-07T04:26:52.648+0000] {processor.py:183} INFO - Processing /opt/airflow/dags/dl_global_index.py took 0.105 seconds
[2026-02-07T04:27:23.215+0000] {processor.py:161} INFO - Started process (PID=958) to work on /opt/airflow/dags/dl_global_index.py
[2026-02-07T04:27:23.218+0000] {processor.py:830} INFO - Processing file /opt/airflow/dags/dl_global_index.py for tasks to queue
[2026-02-07T04:27:23.219+0000] {logging_mixin.py:188} INFO - [2026-02-07T04:27:23.219+0000] {dagbag.py:545} INFO - Filling up the DagBag from /opt/airflow/dags/dl_global_index.py
[2026-02-07T04:27:23.272+0000] {processor.py:840} INFO - DAG(s) 'global_index_minio' retrieved from /opt/airflow/dags/dl_global_index.py
[2026-02-07T04:27:23.312+0000] {logging_mixin.py:188} INFO - [2026-02-07T04:27:23.312+0000] {dag.py:3089} INFO - Sync 1 DAGs
[2026-02-07T04:27:23.341+0000] {logging_mixin.py:188} INFO - [2026-02-07T04:27:23.341+0000] {dag.py:3947} INFO - Setting next_dagrun for global_index_minio to 2026-02-07 00:00:00+00:00, run_after=2026-02-08 00:00:00+00:00
[2026-02-07T04:27:23.372+0000] {processor.py:183} INFO - Processing /opt/airflow/dags/dl_global_index.py took 0.166 seconds
[2026-02-07T04:27:53.809+0000] {processor.py:161} INFO - Started process (PID=989) to work on /opt/airflow/dags/dl_global_index.py
[2026-02-07T04:27:53.810+0000] {processor.py:830} INFO - Processing file /opt/airflow/dags/dl_global_index.py for tasks to queue
[2026-02-07T04:27:53.811+0000] {logging_mixin.py:188} INFO - [2026-02-07T04:27:53.810+0000] {dagbag.py:545} INFO - Filling up the DagBag from /opt/airflow/dags/dl_global_index.py
[2026-02-07T04:27:53.834+0000] {processor.py:840} INFO - DAG(s) 'global_index_minio' retrieved from /opt/airflow/dags/dl_global_index.py
[2026-02-07T04:27:53.865+0000] {logging_mixin.py:188} INFO - [2026-02-07T04:27:53.865+0000] {dag.py:3089} INFO - Sync 1 DAGs
[2026-02-07T04:27:53.894+0000] {logging_mixin.py:188} INFO - [2026-02-07T04:27:53.894+0000] {dag.py:3947} INFO - Setting next_dagrun for global_index_minio to 2026-02-07 00:00:00+00:00, run_after=2026-02-08 00:00:00+00:00
[2026-02-07T04:27:53.923+0000] {processor.py:183} INFO - Processing /opt/airflow/dags/dl_global_index.py took 0.119 seconds
[2026-02-07T04:28:23.997+0000] {processor.py:161} INFO - Started process (PID=1027) to work on /opt/airflow/dags/dl_global_index.py
[2026-02-07T04:28:23.997+0000] {processor.py:830} INFO - Processing file /opt/airflow/dags/dl_global_index.py for tasks to queue
[2026-02-07T04:28:23.998+0000] {logging_mixin.py:188} INFO - [2026-02-07T04:28:23.998+0000] {dagbag.py:545} INFO - Filling up the DagBag from /opt/airflow/dags/dl_global_index.py
[2026-02-07T04:28:24.027+0000] {processor.py:840} INFO - DAG(s) 'global_index_minio' retrieved from /opt/airflow/dags/dl_global_index.py
[2026-02-07T04:28:24.051+0000] {logging_mixin.py:188} INFO - [2026-02-07T04:28:24.050+0000] {dag.py:3089} INFO - Sync 1 DAGs
[2026-02-07T04:28:24.074+0000] {logging_mixin.py:188} INFO - [2026-02-07T04:28:24.073+0000] {dag.py:3947} INFO - Setting next_dagrun for global_index_minio to 2026-02-07 00:00:00+00:00, run_after=2026-02-08 00:00:00+00:00
[2026-02-07T04:28:24.092+0000] {processor.py:183} INFO - Processing /opt/airflow/dags/dl_global_index.py took 0.101 seconds
[2026-02-07T04:28:54.943+0000] {processor.py:161} INFO - Started process (PID=1051) to work on /opt/airflow/dags/dl_global_index.py
[2026-02-07T04:28:54.944+0000] {processor.py:830} INFO - Processing file /opt/airflow/dags/dl_global_index.py for tasks to queue
[2026-02-07T04:28:54.945+0000] {logging_mixin.py:188} INFO - [2026-02-07T04:28:54.944+0000] {dagbag.py:545} INFO - Filling up the DagBag from /opt/airflow/dags/dl_global_index.py
[2026-02-07T04:28:54.970+0000] {processor.py:840} INFO - DAG(s) 'global_index_minio' retrieved from /opt/airflow/dags/dl_global_index.py
[2026-02-07T04:28:54.991+0000] {logging_mixin.py:188} INFO - [2026-02-07T04:28:54.991+0000] {dag.py:3089} INFO - Sync 1 DAGs
[2026-02-07T04:28:55.011+0000] {logging_mixin.py:188} INFO - [2026-02-07T04:28:55.010+0000] {dag.py:3947} INFO - Setting next_dagrun for global_index_minio to 2026-02-07 00:00:00+00:00, run_after=2026-02-08 00:00:00+00:00
[2026-02-07T04:28:55.027+0000] {processor.py:183} INFO - Processing /opt/airflow/dags/dl_global_index.py took 0.089 seconds
[2026-02-07T04:29:25.476+0000] {processor.py:161} INFO - Started process (PID=1075) to work on /opt/airflow/dags/dl_global_index.py
[2026-02-07T04:29:25.476+0000] {processor.py:830} INFO - Processing file /opt/airflow/dags/dl_global_index.py for tasks to queue
[2026-02-07T04:29:25.477+0000] {logging_mixin.py:188} INFO - [2026-02-07T04:29:25.477+0000] {dagbag.py:545} INFO - Filling up the DagBag from /opt/airflow/dags/dl_global_index.py
[2026-02-07T04:29:25.502+0000] {processor.py:840} INFO - DAG(s) 'global_index_minio' retrieved from /opt/airflow/dags/dl_global_index.py
[2026-02-07T04:29:25.525+0000] {logging_mixin.py:188} INFO - [2026-02-07T04:29:25.525+0000] {dag.py:3089} INFO - Sync 1 DAGs
[2026-02-07T04:29:25.545+0000] {logging_mixin.py:188} INFO - [2026-02-07T04:29:25.545+0000] {dag.py:3947} INFO - Setting next_dagrun for global_index_minio to 2026-02-07 00:00:00+00:00, run_after=2026-02-08 00:00:00+00:00
[2026-02-07T04:29:25.562+0000] {processor.py:183} INFO - Processing /opt/airflow/dags/dl_global_index.py took 0.091 seconds
[2026-02-07T04:29:56.049+0000] {processor.py:161} INFO - Started process (PID=1099) to work on /opt/airflow/dags/dl_global_index.py
[2026-02-07T04:29:56.050+0000] {processor.py:830} INFO - Processing file /opt/airflow/dags/dl_global_index.py for tasks to queue
[2026-02-07T04:29:56.051+0000] {logging_mixin.py:188} INFO - [2026-02-07T04:29:56.051+0000] {dagbag.py:545} INFO - Filling up the DagBag from /opt/airflow/dags/dl_global_index.py
[2026-02-07T04:29:56.078+0000] {processor.py:840} INFO - DAG(s) 'global_index_minio' retrieved from /opt/airflow/dags/dl_global_index.py
[2026-02-07T04:29:56.099+0000] {logging_mixin.py:188} INFO - [2026-02-07T04:29:56.099+0000] {dag.py:3089} INFO - Sync 1 DAGs
[2026-02-07T04:29:56.118+0000] {logging_mixin.py:188} INFO - [2026-02-07T04:29:56.118+0000] {dag.py:3947} INFO - Setting next_dagrun for global_index_minio to 2026-02-07 00:00:00+00:00, run_after=2026-02-08 00:00:00+00:00
[2026-02-07T04:29:56.138+0000] {processor.py:183} INFO - Processing /opt/airflow/dags/dl_global_index.py took 0.094 seconds
[2026-02-07T04:30:26.534+0000] {processor.py:161} INFO - Started process (PID=1123) to work on /opt/airflow/dags/dl_global_index.py
[2026-02-07T04:30:26.535+0000] {processor.py:830} INFO - Processing file /opt/airflow/dags/dl_global_index.py for tasks to queue
[2026-02-07T04:30:26.536+0000] {logging_mixin.py:188} INFO - [2026-02-07T04:30:26.536+0000] {dagbag.py:545} INFO - Filling up the DagBag from /opt/airflow/dags/dl_global_index.py
[2026-02-07T04:30:26.568+0000] {processor.py:840} INFO - DAG(s) 'global_index_minio' retrieved from /opt/airflow/dags/dl_global_index.py
[2026-02-07T04:30:26.594+0000] {logging_mixin.py:188} INFO - [2026-02-07T04:30:26.593+0000] {dag.py:3089} INFO - Sync 1 DAGs
[2026-02-07T04:30:26.619+0000] {logging_mixin.py:188} INFO - [2026-02-07T04:30:26.618+0000] {dag.py:3947} INFO - Setting next_dagrun for global_index_minio to 2026-02-07 00:00:00+00:00, run_after=2026-02-08 00:00:00+00:00
[2026-02-07T04:30:26.645+0000] {processor.py:183} INFO - Processing /opt/airflow/dags/dl_global_index.py took 0.118 seconds
[2026-02-07T04:30:57.303+0000] {processor.py:161} INFO - Started process (PID=1147) to work on /opt/airflow/dags/dl_global_index.py
[2026-02-07T04:30:57.304+0000] {processor.py:830} INFO - Processing file /opt/airflow/dags/dl_global_index.py for tasks to queue
[2026-02-07T04:30:57.305+0000] {logging_mixin.py:188} INFO - [2026-02-07T04:30:57.305+0000] {dagbag.py:545} INFO - Filling up the DagBag from /opt/airflow/dags/dl_global_index.py
[2026-02-07T04:30:57.330+0000] {processor.py:840} INFO - DAG(s) 'global_index_minio' retrieved from /opt/airflow/dags/dl_global_index.py
[2026-02-07T04:30:57.352+0000] {logging_mixin.py:188} INFO - [2026-02-07T04:30:57.352+0000] {dag.py:3089} INFO - Sync 1 DAGs
[2026-02-07T04:30:57.371+0000] {logging_mixin.py:188} INFO - [2026-02-07T04:30:57.371+0000] {dag.py:3947} INFO - Setting next_dagrun for global_index_minio to 2026-02-07 00:00:00+00:00, run_after=2026-02-08 00:00:00+00:00
[2026-02-07T04:30:57.389+0000] {processor.py:183} INFO - Processing /opt/airflow/dags/dl_global_index.py took 0.091 seconds
[2026-02-07T04:31:28.023+0000] {processor.py:161} INFO - Started process (PID=1171) to work on /opt/airflow/dags/dl_global_index.py
[2026-02-07T04:31:28.024+0000] {processor.py:830} INFO - Processing file /opt/airflow/dags/dl_global_index.py for tasks to queue
[2026-02-07T04:31:28.024+0000] {logging_mixin.py:188} INFO - [2026-02-07T04:31:28.024+0000] {dagbag.py:545} INFO - Filling up the DagBag from /opt/airflow/dags/dl_global_index.py
[2026-02-07T04:31:28.047+0000] {processor.py:840} INFO - DAG(s) 'global_index_minio' retrieved from /opt/airflow/dags/dl_global_index.py
[2026-02-07T04:31:28.069+0000] {logging_mixin.py:188} INFO - [2026-02-07T04:31:28.069+0000] {dag.py:3089} INFO - Sync 1 DAGs
[2026-02-07T04:31:28.089+0000] {logging_mixin.py:188} INFO - [2026-02-07T04:31:28.089+0000] {dag.py:3947} INFO - Setting next_dagrun for global_index_minio to 2026-02-07 00:00:00+00:00, run_after=2026-02-08 00:00:00+00:00
[2026-02-07T04:31:28.106+0000] {processor.py:183} INFO - Processing /opt/airflow/dags/dl_global_index.py took 0.088 seconds
[2026-02-07T04:31:58.592+0000] {processor.py:161} INFO - Started process (PID=1196) to work on /opt/airflow/dags/dl_global_index.py
[2026-02-07T04:31:58.593+0000] {processor.py:830} INFO - Processing file /opt/airflow/dags/dl_global_index.py for tasks to queue
[2026-02-07T04:31:58.593+0000] {logging_mixin.py:188} INFO - [2026-02-07T04:31:58.593+0000] {dagbag.py:545} INFO - Filling up the DagBag from /opt/airflow/dags/dl_global_index.py
[2026-02-07T04:31:58.619+0000] {processor.py:840} INFO - DAG(s) 'global_index_minio' retrieved from /opt/airflow/dags/dl_global_index.py
[2026-02-07T04:31:58.639+0000] {logging_mixin.py:188} INFO - [2026-02-07T04:31:58.639+0000] {dag.py:3089} INFO - Sync 1 DAGs
[2026-02-07T04:31:58.658+0000] {logging_mixin.py:188} INFO - [2026-02-07T04:31:58.658+0000] {dag.py:3947} INFO - Setting next_dagrun for global_index_minio to 2026-02-07 00:00:00+00:00, run_after=2026-02-08 00:00:00+00:00
[2026-02-07T04:31:58.678+0000] {processor.py:183} INFO - Processing /opt/airflow/dags/dl_global_index.py took 0.091 seconds
[2026-02-07T04:32:29.205+0000] {processor.py:161} INFO - Started process (PID=1220) to work on /opt/airflow/dags/dl_global_index.py
[2026-02-07T04:32:29.206+0000] {processor.py:830} INFO - Processing file /opt/airflow/dags/dl_global_index.py for tasks to queue
[2026-02-07T04:32:29.207+0000] {logging_mixin.py:188} INFO - [2026-02-07T04:32:29.206+0000] {dagbag.py:545} INFO - Filling up the DagBag from /opt/airflow/dags/dl_global_index.py
[2026-02-07T04:32:29.232+0000] {processor.py:840} INFO - DAG(s) 'global_index_minio' retrieved from /opt/airflow/dags/dl_global_index.py
[2026-02-07T04:32:29.256+0000] {logging_mixin.py:188} INFO - [2026-02-07T04:32:29.256+0000] {dag.py:3089} INFO - Sync 1 DAGs
[2026-02-07T04:32:29.277+0000] {logging_mixin.py:188} INFO - [2026-02-07T04:32:29.277+0000] {dag.py:3947} INFO - Setting next_dagrun for global_index_minio to 2026-02-07 00:00:00+00:00, run_after=2026-02-08 00:00:00+00:00
[2026-02-07T04:32:29.296+0000] {processor.py:183} INFO - Processing /opt/airflow/dags/dl_global_index.py took 0.096 seconds
[2026-02-07T04:32:59.816+0000] {processor.py:161} INFO - Started process (PID=1244) to work on /opt/airflow/dags/dl_global_index.py
[2026-02-07T04:32:59.817+0000] {processor.py:830} INFO - Processing file /opt/airflow/dags/dl_global_index.py for tasks to queue
[2026-02-07T04:32:59.818+0000] {logging_mixin.py:188} INFO - [2026-02-07T04:32:59.818+0000] {dagbag.py:545} INFO - Filling up the DagBag from /opt/airflow/dags/dl_global_index.py
[2026-02-07T04:32:59.844+0000] {processor.py:840} INFO - DAG(s) 'global_index_minio' retrieved from /opt/airflow/dags/dl_global_index.py
[2026-02-07T04:32:59.864+0000] {logging_mixin.py:188} INFO - [2026-02-07T04:32:59.864+0000] {dag.py:3089} INFO - Sync 1 DAGs
[2026-02-07T04:32:59.884+0000] {logging_mixin.py:188} INFO - [2026-02-07T04:32:59.884+0000] {dag.py:3947} INFO - Setting next_dagrun for global_index_minio to 2026-02-07 00:00:00+00:00, run_after=2026-02-08 00:00:00+00:00
[2026-02-07T04:32:59.903+0000] {processor.py:183} INFO - Processing /opt/airflow/dags/dl_global_index.py took 0.092 seconds
[2026-02-07T04:33:30.424+0000] {processor.py:161} INFO - Started process (PID=1268) to work on /opt/airflow/dags/dl_global_index.py
[2026-02-07T04:33:30.425+0000] {processor.py:830} INFO - Processing file /opt/airflow/dags/dl_global_index.py for tasks to queue
[2026-02-07T04:33:30.425+0000] {logging_mixin.py:188} INFO - [2026-02-07T04:33:30.425+0000] {dagbag.py:545} INFO - Filling up the DagBag from /opt/airflow/dags/dl_global_index.py
[2026-02-07T04:33:30.453+0000] {processor.py:840} INFO - DAG(s) 'global_index_minio' retrieved from /opt/airflow/dags/dl_global_index.py
[2026-02-07T04:33:30.477+0000] {logging_mixin.py:188} INFO - [2026-02-07T04:33:30.476+0000] {dag.py:3089} INFO - Sync 1 DAGs
[2026-02-07T04:33:30.498+0000] {logging_mixin.py:188} INFO - [2026-02-07T04:33:30.498+0000] {dag.py:3947} INFO - Setting next_dagrun for global_index_minio to 2026-02-07 00:00:00+00:00, run_after=2026-02-08 00:00:00+00:00
[2026-02-07T04:33:30.515+0000] {processor.py:183} INFO - Processing /opt/airflow/dags/dl_global_index.py took 0.096 seconds
[2026-02-07T04:34:01.064+0000] {processor.py:161} INFO - Started process (PID=1292) to work on /opt/airflow/dags/dl_global_index.py
[2026-02-07T04:34:01.065+0000] {processor.py:830} INFO - Processing file /opt/airflow/dags/dl_global_index.py for tasks to queue
[2026-02-07T04:34:01.065+0000] {logging_mixin.py:188} INFO - [2026-02-07T04:34:01.065+0000] {dagbag.py:545} INFO - Filling up the DagBag from /opt/airflow/dags/dl_global_index.py
[2026-02-07T04:34:01.089+0000] {processor.py:840} INFO - DAG(s) 'global_index_minio' retrieved from /opt/airflow/dags/dl_global_index.py
[2026-02-07T04:34:01.111+0000] {logging_mixin.py:188} INFO - [2026-02-07T04:34:01.111+0000] {dag.py:3089} INFO - Sync 1 DAGs
[2026-02-07T04:34:01.130+0000] {logging_mixin.py:188} INFO - [2026-02-07T04:34:01.130+0000] {dag.py:3947} INFO - Setting next_dagrun for global_index_minio to 2026-02-07 00:00:00+00:00, run_after=2026-02-08 00:00:00+00:00
[2026-02-07T04:34:01.146+0000] {processor.py:183} INFO - Processing /opt/airflow/dags/dl_global_index.py took 0.087 seconds
[2026-02-07T04:34:31.662+0000] {processor.py:161} INFO - Started process (PID=1316) to work on /opt/airflow/dags/dl_global_index.py
[2026-02-07T04:34:31.662+0000] {processor.py:830} INFO - Processing file /opt/airflow/dags/dl_global_index.py for tasks to queue
[2026-02-07T04:34:31.663+0000] {logging_mixin.py:188} INFO - [2026-02-07T04:34:31.663+0000] {dagbag.py:545} INFO - Filling up the DagBag from /opt/airflow/dags/dl_global_index.py
[2026-02-07T04:34:31.690+0000] {processor.py:840} INFO - DAG(s) 'global_index_minio' retrieved from /opt/airflow/dags/dl_global_index.py
[2026-02-07T04:34:31.712+0000] {logging_mixin.py:188} INFO - [2026-02-07T04:34:31.712+0000] {dag.py:3089} INFO - Sync 1 DAGs
[2026-02-07T04:34:31.731+0000] {logging_mixin.py:188} INFO - [2026-02-07T04:34:31.731+0000] {dag.py:3947} INFO - Setting next_dagrun for global_index_minio to 2026-02-07 00:00:00+00:00, run_after=2026-02-08 00:00:00+00:00
[2026-02-07T04:34:31.748+0000] {processor.py:183} INFO - Processing /opt/airflow/dags/dl_global_index.py took 0.092 seconds
[2026-02-07T04:35:02.229+0000] {processor.py:161} INFO - Started process (PID=1340) to work on /opt/airflow/dags/dl_global_index.py
[2026-02-07T04:35:02.229+0000] {processor.py:830} INFO - Processing file /opt/airflow/dags/dl_global_index.py for tasks to queue
[2026-02-07T04:35:02.230+0000] {logging_mixin.py:188} INFO - [2026-02-07T04:35:02.230+0000] {dagbag.py:545} INFO - Filling up the DagBag from /opt/airflow/dags/dl_global_index.py
[2026-02-07T04:35:02.255+0000] {processor.py:840} INFO - DAG(s) 'global_index_minio' retrieved from /opt/airflow/dags/dl_global_index.py
[2026-02-07T04:35:02.277+0000] {logging_mixin.py:188} INFO - [2026-02-07T04:35:02.277+0000] {dag.py:3089} INFO - Sync 1 DAGs
[2026-02-07T04:35:02.297+0000] {logging_mixin.py:188} INFO - [2026-02-07T04:35:02.297+0000] {dag.py:3947} INFO - Setting next_dagrun for global_index_minio to 2026-02-07 00:00:00+00:00, run_after=2026-02-08 00:00:00+00:00
[2026-02-07T04:35:02.315+0000] {processor.py:183} INFO - Processing /opt/airflow/dags/dl_global_index.py took 0.092 seconds
[2026-02-07T04:35:32.783+0000] {processor.py:161} INFO - Started process (PID=1370) to work on /opt/airflow/dags/dl_global_index.py
[2026-02-07T04:35:32.783+0000] {processor.py:830} INFO - Processing file /opt/airflow/dags/dl_global_index.py for tasks to queue
[2026-02-07T04:35:32.784+0000] {logging_mixin.py:188} INFO - [2026-02-07T04:35:32.784+0000] {dagbag.py:545} INFO - Filling up the DagBag from /opt/airflow/dags/dl_global_index.py
[2026-02-07T04:35:32.810+0000] {processor.py:840} INFO - DAG(s) 'global_index_minio' retrieved from /opt/airflow/dags/dl_global_index.py
[2026-02-07T04:35:32.833+0000] {logging_mixin.py:188} INFO - [2026-02-07T04:35:32.833+0000] {dag.py:3089} INFO - Sync 1 DAGs
[2026-02-07T04:35:32.853+0000] {logging_mixin.py:188} INFO - [2026-02-07T04:35:32.853+0000] {dag.py:3947} INFO - Setting next_dagrun for global_index_minio to 2026-02-07 00:00:00+00:00, run_after=2026-02-08 00:00:00+00:00
[2026-02-07T04:35:32.871+0000] {processor.py:183} INFO - Processing /opt/airflow/dags/dl_global_index.py took 0.093 seconds
[2026-02-07T04:36:03.591+0000] {processor.py:161} INFO - Started process (PID=1394) to work on /opt/airflow/dags/dl_global_index.py
[2026-02-07T04:36:03.592+0000] {processor.py:830} INFO - Processing file /opt/airflow/dags/dl_global_index.py for tasks to queue
[2026-02-07T04:36:03.592+0000] {logging_mixin.py:188} INFO - [2026-02-07T04:36:03.592+0000] {dagbag.py:545} INFO - Filling up the DagBag from /opt/airflow/dags/dl_global_index.py
[2026-02-07T04:36:03.618+0000] {processor.py:840} INFO - DAG(s) 'global_index_minio' retrieved from /opt/airflow/dags/dl_global_index.py
[2026-02-07T04:36:03.639+0000] {logging_mixin.py:188} INFO - [2026-02-07T04:36:03.639+0000] {dag.py:3089} INFO - Sync 1 DAGs
[2026-02-07T04:36:03.660+0000] {logging_mixin.py:188} INFO - [2026-02-07T04:36:03.660+0000] {dag.py:3947} INFO - Setting next_dagrun for global_index_minio to 2026-02-07 00:00:00+00:00, run_after=2026-02-08 00:00:00+00:00
[2026-02-07T04:36:03.677+0000] {processor.py:183} INFO - Processing /opt/airflow/dags/dl_global_index.py took 0.091 seconds
[2026-02-07T04:36:34.132+0000] {processor.py:161} INFO - Started process (PID=1418) to work on /opt/airflow/dags/dl_global_index.py
[2026-02-07T04:36:34.133+0000] {processor.py:830} INFO - Processing file /opt/airflow/dags/dl_global_index.py for tasks to queue
[2026-02-07T04:36:34.134+0000] {logging_mixin.py:188} INFO - [2026-02-07T04:36:34.134+0000] {dagbag.py:545} INFO - Filling up the DagBag from /opt/airflow/dags/dl_global_index.py
[2026-02-07T04:36:34.159+0000] {processor.py:840} INFO - DAG(s) 'global_index_minio' retrieved from /opt/airflow/dags/dl_global_index.py
[2026-02-07T04:36:34.180+0000] {logging_mixin.py:188} INFO - [2026-02-07T04:36:34.180+0000] {dag.py:3089} INFO - Sync 1 DAGs
[2026-02-07T04:36:34.201+0000] {logging_mixin.py:188} INFO - [2026-02-07T04:36:34.201+0000] {dag.py:3947} INFO - Setting next_dagrun for global_index_minio to 2026-02-07 00:00:00+00:00, run_after=2026-02-08 00:00:00+00:00
[2026-02-07T04:36:34.218+0000] {processor.py:183} INFO - Processing /opt/airflow/dags/dl_global_index.py took 0.092 seconds
[2026-02-07T04:37:04.682+0000] {processor.py:161} INFO - Started process (PID=1442) to work on /opt/airflow/dags/dl_global_index.py
[2026-02-07T04:37:04.683+0000] {processor.py:830} INFO - Processing file /opt/airflow/dags/dl_global_index.py for tasks to queue
[2026-02-07T04:37:04.684+0000] {logging_mixin.py:188} INFO - [2026-02-07T04:37:04.684+0000] {dagbag.py:545} INFO - Filling up the DagBag from /opt/airflow/dags/dl_global_index.py
[2026-02-07T04:37:04.711+0000] {processor.py:840} INFO - DAG(s) 'global_index_minio' retrieved from /opt/airflow/dags/dl_global_index.py
[2026-02-07T04:37:04.734+0000] {logging_mixin.py:188} INFO - [2026-02-07T04:37:04.734+0000] {dag.py:3089} INFO - Sync 1 DAGs
[2026-02-07T04:37:04.754+0000] {logging_mixin.py:188} INFO - [2026-02-07T04:37:04.754+0000] {dag.py:3947} INFO - Setting next_dagrun for global_index_minio to 2026-02-07 00:00:00+00:00, run_after=2026-02-08 00:00:00+00:00
[2026-02-07T04:37:04.771+0000] {processor.py:183} INFO - Processing /opt/airflow/dags/dl_global_index.py took 0.094 seconds
[2026-02-07T04:37:35.312+0000] {processor.py:161} INFO - Started process (PID=1466) to work on /opt/airflow/dags/dl_global_index.py
[2026-02-07T04:37:35.313+0000] {processor.py:830} INFO - Processing file /opt/airflow/dags/dl_global_index.py for tasks to queue
[2026-02-07T04:37:35.314+0000] {logging_mixin.py:188} INFO - [2026-02-07T04:37:35.313+0000] {dagbag.py:545} INFO - Filling up the DagBag from /opt/airflow/dags/dl_global_index.py
[2026-02-07T04:37:35.338+0000] {processor.py:840} INFO - DAG(s) 'global_index_minio' retrieved from /opt/airflow/dags/dl_global_index.py
[2026-02-07T04:37:35.358+0000] {logging_mixin.py:188} INFO - [2026-02-07T04:37:35.358+0000] {dag.py:3089} INFO - Sync 1 DAGs
[2026-02-07T04:37:35.377+0000] {logging_mixin.py:188} INFO - [2026-02-07T04:37:35.377+0000] {dag.py:3947} INFO - Setting next_dagrun for global_index_minio to 2026-02-07 00:00:00+00:00, run_after=2026-02-08 00:00:00+00:00
[2026-02-07T04:37:35.397+0000] {processor.py:183} INFO - Processing /opt/airflow/dags/dl_global_index.py took 0.090 seconds
[2026-02-07T04:38:05.893+0000] {processor.py:161} INFO - Started process (PID=1491) to work on /opt/airflow/dags/dl_global_index.py
[2026-02-07T04:38:05.894+0000] {processor.py:830} INFO - Processing file /opt/airflow/dags/dl_global_index.py for tasks to queue
[2026-02-07T04:38:05.895+0000] {logging_mixin.py:188} INFO - [2026-02-07T04:38:05.895+0000] {dagbag.py:545} INFO - Filling up the DagBag from /opt/airflow/dags/dl_global_index.py
[2026-02-07T04:38:05.922+0000] {processor.py:840} INFO - DAG(s) 'global_index_minio' retrieved from /opt/airflow/dags/dl_global_index.py
[2026-02-07T04:38:05.942+0000] {logging_mixin.py:188} INFO - [2026-02-07T04:38:05.942+0000] {dag.py:3089} INFO - Sync 1 DAGs
[2026-02-07T04:38:05.963+0000] {logging_mixin.py:188} INFO - [2026-02-07T04:38:05.963+0000] {dag.py:3947} INFO - Setting next_dagrun for global_index_minio to 2026-02-07 00:00:00+00:00, run_after=2026-02-08 00:00:00+00:00
[2026-02-07T04:38:05.981+0000] {processor.py:183} INFO - Processing /opt/airflow/dags/dl_global_index.py took 0.093 seconds
[2026-02-07T04:38:36.473+0000] {processor.py:161} INFO - Started process (PID=1515) to work on /opt/airflow/dags/dl_global_index.py
[2026-02-07T04:38:36.474+0000] {processor.py:830} INFO - Processing file /opt/airflow/dags/dl_global_index.py for tasks to queue
[2026-02-07T04:38:36.478+0000] {logging_mixin.py:188} INFO - [2026-02-07T04:38:36.477+0000] {dagbag.py:545} INFO - Filling up the DagBag from /opt/airflow/dags/dl_global_index.py
[2026-02-07T04:38:36.544+0000] {processor.py:840} INFO - DAG(s) 'global_index_minio' retrieved from /opt/airflow/dags/dl_global_index.py
[2026-02-07T04:38:36.583+0000] {logging_mixin.py:188} INFO - [2026-02-07T04:38:36.583+0000] {dag.py:3089} INFO - Sync 1 DAGs
[2026-02-07T04:38:36.614+0000] {logging_mixin.py:188} INFO - [2026-02-07T04:38:36.614+0000] {dag.py:3947} INFO - Setting next_dagrun for global_index_minio to 2026-02-07 00:00:00+00:00, run_after=2026-02-08 00:00:00+00:00
[2026-02-07T04:38:36.640+0000] {processor.py:183} INFO - Processing /opt/airflow/dags/dl_global_index.py took 0.173 seconds
[2026-02-07T04:39:07.209+0000] {processor.py:161} INFO - Started process (PID=1539) to work on /opt/airflow/dags/dl_global_index.py
[2026-02-07T04:39:07.210+0000] {processor.py:830} INFO - Processing file /opt/airflow/dags/dl_global_index.py for tasks to queue
[2026-02-07T04:39:07.211+0000] {logging_mixin.py:188} INFO - [2026-02-07T04:39:07.211+0000] {dagbag.py:545} INFO - Filling up the DagBag from /opt/airflow/dags/dl_global_index.py
[2026-02-07T04:39:07.240+0000] {processor.py:840} INFO - DAG(s) 'global_index_minio' retrieved from /opt/airflow/dags/dl_global_index.py
[2026-02-07T04:39:07.266+0000] {logging_mixin.py:188} INFO - [2026-02-07T04:39:07.266+0000] {dag.py:3089} INFO - Sync 1 DAGs
[2026-02-07T04:39:07.287+0000] {logging_mixin.py:188} INFO - [2026-02-07T04:39:07.287+0000] {dag.py:3947} INFO - Setting next_dagrun for global_index_minio to 2026-02-07 00:00:00+00:00, run_after=2026-02-08 00:00:00+00:00
[2026-02-07T04:39:07.303+0000] {processor.py:183} INFO - Processing /opt/airflow/dags/dl_global_index.py took 0.099 seconds
[2026-02-07T04:39:37.896+0000] {processor.py:161} INFO - Started process (PID=1563) to work on /opt/airflow/dags/dl_global_index.py
[2026-02-07T04:39:37.896+0000] {processor.py:830} INFO - Processing file /opt/airflow/dags/dl_global_index.py for tasks to queue
[2026-02-07T04:39:37.897+0000] {logging_mixin.py:188} INFO - [2026-02-07T04:39:37.897+0000] {dagbag.py:545} INFO - Filling up the DagBag from /opt/airflow/dags/dl_global_index.py
[2026-02-07T04:39:37.923+0000] {processor.py:840} INFO - DAG(s) 'global_index_minio' retrieved from /opt/airflow/dags/dl_global_index.py
[2026-02-07T04:39:37.945+0000] {logging_mixin.py:188} INFO - [2026-02-07T04:39:37.945+0000] {dag.py:3089} INFO - Sync 1 DAGs
[2026-02-07T04:39:37.964+0000] {logging_mixin.py:188} INFO - [2026-02-07T04:39:37.964+0000] {dag.py:3947} INFO - Setting next_dagrun for global_index_minio to 2026-02-07 00:00:00+00:00, run_after=2026-02-08 00:00:00+00:00
[2026-02-07T04:39:37.981+0000] {processor.py:183} INFO - Processing /opt/airflow/dags/dl_global_index.py took 0.091 seconds
[2026-02-07T04:40:08.483+0000] {processor.py:161} INFO - Started process (PID=1587) to work on /opt/airflow/dags/dl_global_index.py
[2026-02-07T04:40:08.484+0000] {processor.py:830} INFO - Processing file /opt/airflow/dags/dl_global_index.py for tasks to queue
[2026-02-07T04:40:08.485+0000] {logging_mixin.py:188} INFO - [2026-02-07T04:40:08.485+0000] {dagbag.py:545} INFO - Filling up the DagBag from /opt/airflow/dags/dl_global_index.py
[2026-02-07T04:40:08.511+0000] {processor.py:840} INFO - DAG(s) 'global_index_minio' retrieved from /opt/airflow/dags/dl_global_index.py
[2026-02-07T04:40:08.533+0000] {logging_mixin.py:188} INFO - [2026-02-07T04:40:08.532+0000] {dag.py:3089} INFO - Sync 1 DAGs
[2026-02-07T04:40:08.553+0000] {logging_mixin.py:188} INFO - [2026-02-07T04:40:08.553+0000] {dag.py:3947} INFO - Setting next_dagrun for global_index_minio to 2026-02-07 00:00:00+00:00, run_after=2026-02-08 00:00:00+00:00
[2026-02-07T04:40:08.571+0000] {processor.py:183} INFO - Processing /opt/airflow/dags/dl_global_index.py took 0.092 seconds
[2026-02-07T04:40:39.060+0000] {processor.py:161} INFO - Started process (PID=1611) to work on /opt/airflow/dags/dl_global_index.py
[2026-02-07T04:40:39.061+0000] {processor.py:830} INFO - Processing file /opt/airflow/dags/dl_global_index.py for tasks to queue
[2026-02-07T04:40:39.062+0000] {logging_mixin.py:188} INFO - [2026-02-07T04:40:39.062+0000] {dagbag.py:545} INFO - Filling up the DagBag from /opt/airflow/dags/dl_global_index.py
[2026-02-07T04:40:39.102+0000] {processor.py:840} INFO - DAG(s) 'global_index_minio' retrieved from /opt/airflow/dags/dl_global_index.py
[2026-02-07T04:40:39.134+0000] {logging_mixin.py:188} INFO - [2026-02-07T04:40:39.133+0000] {dag.py:3089} INFO - Sync 1 DAGs
[2026-02-07T04:40:39.165+0000] {logging_mixin.py:188} INFO - [2026-02-07T04:40:39.165+0000] {dag.py:3947} INFO - Setting next_dagrun for global_index_minio to 2026-02-07 00:00:00+00:00, run_after=2026-02-08 00:00:00+00:00
[2026-02-07T04:40:39.182+0000] {processor.py:183} INFO - Processing /opt/airflow/dags/dl_global_index.py took 0.132 seconds
[2026-02-07T04:41:09.908+0000] {processor.py:161} INFO - Started process (PID=1636) to work on /opt/airflow/dags/dl_global_index.py
[2026-02-07T04:41:09.909+0000] {processor.py:830} INFO - Processing file /opt/airflow/dags/dl_global_index.py for tasks to queue
[2026-02-07T04:41:09.910+0000] {logging_mixin.py:188} INFO - [2026-02-07T04:41:09.909+0000] {dagbag.py:545} INFO - Filling up the DagBag from /opt/airflow/dags/dl_global_index.py
[2026-02-07T04:41:09.934+0000] {processor.py:840} INFO - DAG(s) 'global_index_minio' retrieved from /opt/airflow/dags/dl_global_index.py
[2026-02-07T04:41:09.957+0000] {logging_mixin.py:188} INFO - [2026-02-07T04:41:09.957+0000] {dag.py:3089} INFO - Sync 1 DAGs
[2026-02-07T04:41:09.977+0000] {logging_mixin.py:188} INFO - [2026-02-07T04:41:09.977+0000] {dag.py:3947} INFO - Setting next_dagrun for global_index_minio to 2026-02-07 00:00:00+00:00, run_after=2026-02-08 00:00:00+00:00
[2026-02-07T04:41:09.992+0000] {processor.py:183} INFO - Processing /opt/airflow/dags/dl_global_index.py took 0.090 seconds
[2026-02-07T04:41:40.501+0000] {processor.py:161} INFO - Started process (PID=1660) to work on /opt/airflow/dags/dl_global_index.py
[2026-02-07T04:41:40.502+0000] {processor.py:830} INFO - Processing file /opt/airflow/dags/dl_global_index.py for tasks to queue
[2026-02-07T04:41:40.503+0000] {logging_mixin.py:188} INFO - [2026-02-07T04:41:40.502+0000] {dagbag.py:545} INFO - Filling up the DagBag from /opt/airflow/dags/dl_global_index.py
[2026-02-07T04:41:40.527+0000] {processor.py:840} INFO - DAG(s) 'global_index_minio' retrieved from /opt/airflow/dags/dl_global_index.py
[2026-02-07T04:41:40.549+0000] {logging_mixin.py:188} INFO - [2026-02-07T04:41:40.549+0000] {dag.py:3089} INFO - Sync 1 DAGs
[2026-02-07T04:41:40.568+0000] {logging_mixin.py:188} INFO - [2026-02-07T04:41:40.568+0000] {dag.py:3947} INFO - Setting next_dagrun for global_index_minio to 2026-02-07 00:00:00+00:00, run_after=2026-02-08 00:00:00+00:00
[2026-02-07T04:41:40.587+0000] {processor.py:183} INFO - Processing /opt/airflow/dags/dl_global_index.py took 0.091 seconds
[2026-02-07T04:42:11.047+0000] {processor.py:161} INFO - Started process (PID=1684) to work on /opt/airflow/dags/dl_global_index.py
[2026-02-07T04:42:11.048+0000] {processor.py:830} INFO - Processing file /opt/airflow/dags/dl_global_index.py for tasks to queue
[2026-02-07T04:42:11.049+0000] {logging_mixin.py:188} INFO - [2026-02-07T04:42:11.049+0000] {dagbag.py:545} INFO - Filling up the DagBag from /opt/airflow/dags/dl_global_index.py
[2026-02-07T04:42:11.075+0000] {processor.py:840} INFO - DAG(s) 'global_index_minio' retrieved from /opt/airflow/dags/dl_global_index.py
[2026-02-07T04:42:11.097+0000] {logging_mixin.py:188} INFO - [2026-02-07T04:42:11.097+0000] {dag.py:3089} INFO - Sync 1 DAGs
[2026-02-07T04:42:11.117+0000] {logging_mixin.py:188} INFO - [2026-02-07T04:42:11.116+0000] {dag.py:3947} INFO - Setting next_dagrun for global_index_minio to 2026-02-07 00:00:00+00:00, run_after=2026-02-08 00:00:00+00:00
[2026-02-07T04:42:11.133+0000] {processor.py:183} INFO - Processing /opt/airflow/dags/dl_global_index.py took 0.091 seconds
[2026-02-07T04:42:41.601+0000] {processor.py:161} INFO - Started process (PID=1708) to work on /opt/airflow/dags/dl_global_index.py
[2026-02-07T04:42:41.602+0000] {processor.py:830} INFO - Processing file /opt/airflow/dags/dl_global_index.py for tasks to queue
[2026-02-07T04:42:41.602+0000] {logging_mixin.py:188} INFO - [2026-02-07T04:42:41.602+0000] {dagbag.py:545} INFO - Filling up the DagBag from /opt/airflow/dags/dl_global_index.py
[2026-02-07T04:42:41.627+0000] {processor.py:840} INFO - DAG(s) 'global_index_minio' retrieved from /opt/airflow/dags/dl_global_index.py
[2026-02-07T04:42:41.649+0000] {logging_mixin.py:188} INFO - [2026-02-07T04:42:41.649+0000] {dag.py:3089} INFO - Sync 1 DAGs
[2026-02-07T04:42:41.668+0000] {logging_mixin.py:188} INFO - [2026-02-07T04:42:41.668+0000] {dag.py:3947} INFO - Setting next_dagrun for global_index_minio to 2026-02-07 00:00:00+00:00, run_after=2026-02-08 00:00:00+00:00
[2026-02-07T04:42:41.688+0000] {processor.py:183} INFO - Processing /opt/airflow/dags/dl_global_index.py took 0.092 seconds
[2026-02-07T04:43:12.128+0000] {processor.py:161} INFO - Started process (PID=1732) to work on /opt/airflow/dags/dl_global_index.py
[2026-02-07T04:43:12.128+0000] {processor.py:830} INFO - Processing file /opt/airflow/dags/dl_global_index.py for tasks to queue
[2026-02-07T04:43:12.129+0000] {logging_mixin.py:188} INFO - [2026-02-07T04:43:12.129+0000] {dagbag.py:545} INFO - Filling up the DagBag from /opt/airflow/dags/dl_global_index.py
[2026-02-07T04:43:12.153+0000] {processor.py:840} INFO - DAG(s) 'global_index_minio' retrieved from /opt/airflow/dags/dl_global_index.py
[2026-02-07T04:43:12.175+0000] {logging_mixin.py:188} INFO - [2026-02-07T04:43:12.175+0000] {dag.py:3089} INFO - Sync 1 DAGs
[2026-02-07T04:43:12.197+0000] {logging_mixin.py:188} INFO - [2026-02-07T04:43:12.197+0000] {dag.py:3947} INFO - Setting next_dagrun for global_index_minio to 2026-02-07 00:00:00+00:00, run_after=2026-02-08 00:00:00+00:00
[2026-02-07T04:43:12.216+0000] {processor.py:183} INFO - Processing /opt/airflow/dags/dl_global_index.py took 0.094 seconds
[2026-02-07T04:43:42.746+0000] {processor.py:161} INFO - Started process (PID=1756) to work on /opt/airflow/dags/dl_global_index.py
[2026-02-07T04:43:42.747+0000] {processor.py:830} INFO - Processing file /opt/airflow/dags/dl_global_index.py for tasks to queue
[2026-02-07T04:43:42.747+0000] {logging_mixin.py:188} INFO - [2026-02-07T04:43:42.747+0000] {dagbag.py:545} INFO - Filling up the DagBag from /opt/airflow/dags/dl_global_index.py
[2026-02-07T04:43:42.774+0000] {processor.py:840} INFO - DAG(s) 'global_index_minio' retrieved from /opt/airflow/dags/dl_global_index.py
[2026-02-07T04:43:42.794+0000] {logging_mixin.py:188} INFO - [2026-02-07T04:43:42.794+0000] {dag.py:3089} INFO - Sync 1 DAGs
[2026-02-07T04:43:42.813+0000] {logging_mixin.py:188} INFO - [2026-02-07T04:43:42.813+0000] {dag.py:3947} INFO - Setting next_dagrun for global_index_minio to 2026-02-07 00:00:00+00:00, run_after=2026-02-08 00:00:00+00:00
[2026-02-07T04:43:42.832+0000] {processor.py:183} INFO - Processing /opt/airflow/dags/dl_global_index.py took 0.091 seconds
[2026-02-07T04:44:13.207+0000] {processor.py:161} INFO - Started process (PID=1780) to work on /opt/airflow/dags/dl_global_index.py
[2026-02-07T04:44:13.207+0000] {processor.py:830} INFO - Processing file /opt/airflow/dags/dl_global_index.py for tasks to queue
[2026-02-07T04:44:13.208+0000] {logging_mixin.py:188} INFO - [2026-02-07T04:44:13.208+0000] {dagbag.py:545} INFO - Filling up the DagBag from /opt/airflow/dags/dl_global_index.py
[2026-02-07T04:44:13.234+0000] {processor.py:840} INFO - DAG(s) 'global_index_minio' retrieved from /opt/airflow/dags/dl_global_index.py
[2026-02-07T04:44:13.255+0000] {logging_mixin.py:188} INFO - [2026-02-07T04:44:13.255+0000] {dag.py:3089} INFO - Sync 1 DAGs
[2026-02-07T04:44:13.276+0000] {logging_mixin.py:188} INFO - [2026-02-07T04:44:13.276+0000] {dag.py:3947} INFO - Setting next_dagrun for global_index_minio to 2026-02-07 00:00:00+00:00, run_after=2026-02-08 00:00:00+00:00
[2026-02-07T04:44:13.292+0000] {processor.py:183} INFO - Processing /opt/airflow/dags/dl_global_index.py took 0.091 seconds
[2026-02-07T04:44:43.768+0000] {processor.py:161} INFO - Started process (PID=1804) to work on /opt/airflow/dags/dl_global_index.py
[2026-02-07T04:44:43.768+0000] {processor.py:830} INFO - Processing file /opt/airflow/dags/dl_global_index.py for tasks to queue
[2026-02-07T04:44:43.769+0000] {logging_mixin.py:188} INFO - [2026-02-07T04:44:43.769+0000] {dagbag.py:545} INFO - Filling up the DagBag from /opt/airflow/dags/dl_global_index.py
[2026-02-07T04:44:43.793+0000] {processor.py:840} INFO - DAG(s) 'global_index_minio' retrieved from /opt/airflow/dags/dl_global_index.py
[2026-02-07T04:44:43.813+0000] {logging_mixin.py:188} INFO - [2026-02-07T04:44:43.813+0000] {dag.py:3089} INFO - Sync 1 DAGs
[2026-02-07T04:44:43.832+0000] {logging_mixin.py:188} INFO - [2026-02-07T04:44:43.832+0000] {dag.py:3947} INFO - Setting next_dagrun for global_index_minio to 2026-02-07 00:00:00+00:00, run_after=2026-02-08 00:00:00+00:00
[2026-02-07T04:44:43.850+0000] {processor.py:183} INFO - Processing /opt/airflow/dags/dl_global_index.py took 0.089 seconds
[2026-02-07T04:45:14.396+0000] {processor.py:161} INFO - Started process (PID=1828) to work on /opt/airflow/dags/dl_global_index.py
[2026-02-07T04:45:14.397+0000] {processor.py:830} INFO - Processing file /opt/airflow/dags/dl_global_index.py for tasks to queue
[2026-02-07T04:45:14.398+0000] {logging_mixin.py:188} INFO - [2026-02-07T04:45:14.397+0000] {dagbag.py:545} INFO - Filling up the DagBag from /opt/airflow/dags/dl_global_index.py
[2026-02-07T04:45:14.425+0000] {processor.py:840} INFO - DAG(s) 'global_index_minio' retrieved from /opt/airflow/dags/dl_global_index.py
[2026-02-07T04:45:14.447+0000] {logging_mixin.py:188} INFO - [2026-02-07T04:45:14.446+0000] {dag.py:3089} INFO - Sync 1 DAGs
[2026-02-07T04:45:14.465+0000] {logging_mixin.py:188} INFO - [2026-02-07T04:45:14.465+0000] {dag.py:3947} INFO - Setting next_dagrun for global_index_minio to 2026-02-07 00:00:00+00:00, run_after=2026-02-08 00:00:00+00:00
[2026-02-07T04:45:14.484+0000] {processor.py:183} INFO - Processing /opt/airflow/dags/dl_global_index.py took 0.092 seconds
[2026-02-07T04:45:44.945+0000] {processor.py:161} INFO - Started process (PID=1852) to work on /opt/airflow/dags/dl_global_index.py
[2026-02-07T04:45:44.946+0000] {processor.py:830} INFO - Processing file /opt/airflow/dags/dl_global_index.py for tasks to queue
[2026-02-07T04:45:44.947+0000] {logging_mixin.py:188} INFO - [2026-02-07T04:45:44.947+0000] {dagbag.py:545} INFO - Filling up the DagBag from /opt/airflow/dags/dl_global_index.py
[2026-02-07T04:45:44.971+0000] {processor.py:840} INFO - DAG(s) 'global_index_minio' retrieved from /opt/airflow/dags/dl_global_index.py
[2026-02-07T04:45:44.993+0000] {logging_mixin.py:188} INFO - [2026-02-07T04:45:44.993+0000] {dag.py:3089} INFO - Sync 1 DAGs
[2026-02-07T04:45:45.012+0000] {logging_mixin.py:188} INFO - [2026-02-07T04:45:45.012+0000] {dag.py:3947} INFO - Setting next_dagrun for global_index_minio to 2026-02-07 00:00:00+00:00, run_after=2026-02-08 00:00:00+00:00
[2026-02-07T04:45:45.029+0000] {processor.py:183} INFO - Processing /opt/airflow/dags/dl_global_index.py took 0.089 seconds
[2026-02-07T04:46:15.691+0000] {processor.py:161} INFO - Started process (PID=1877) to work on /opt/airflow/dags/dl_global_index.py
[2026-02-07T04:46:15.692+0000] {processor.py:830} INFO - Processing file /opt/airflow/dags/dl_global_index.py for tasks to queue
[2026-02-07T04:46:15.692+0000] {logging_mixin.py:188} INFO - [2026-02-07T04:46:15.692+0000] {dagbag.py:545} INFO - Filling up the DagBag from /opt/airflow/dags/dl_global_index.py
[2026-02-07T04:46:15.719+0000] {processor.py:840} INFO - DAG(s) 'global_index_minio' retrieved from /opt/airflow/dags/dl_global_index.py
[2026-02-07T04:46:15.739+0000] {logging_mixin.py:188} INFO - [2026-02-07T04:46:15.739+0000] {dag.py:3089} INFO - Sync 1 DAGs
[2026-02-07T04:46:15.758+0000] {logging_mixin.py:188} INFO - [2026-02-07T04:46:15.758+0000] {dag.py:3947} INFO - Setting next_dagrun for global_index_minio to 2026-02-07 00:00:00+00:00, run_after=2026-02-08 00:00:00+00:00
[2026-02-07T04:46:15.777+0000] {processor.py:183} INFO - Processing /opt/airflow/dags/dl_global_index.py took 0.091 seconds
[2026-02-07T04:46:46.220+0000] {processor.py:161} INFO - Started process (PID=1902) to work on /opt/airflow/dags/dl_global_index.py
[2026-02-07T04:46:46.221+0000] {processor.py:830} INFO - Processing file /opt/airflow/dags/dl_global_index.py for tasks to queue
[2026-02-07T04:46:46.222+0000] {logging_mixin.py:188} INFO - [2026-02-07T04:46:46.222+0000] {dagbag.py:545} INFO - Filling up the DagBag from /opt/airflow/dags/dl_global_index.py
[2026-02-07T04:46:46.247+0000] {processor.py:840} INFO - DAG(s) 'global_index_minio' retrieved from /opt/airflow/dags/dl_global_index.py
[2026-02-07T04:46:46.268+0000] {logging_mixin.py:188} INFO - [2026-02-07T04:46:46.268+0000] {dag.py:3089} INFO - Sync 1 DAGs
[2026-02-07T04:46:46.288+0000] {logging_mixin.py:188} INFO - [2026-02-07T04:46:46.288+0000] {dag.py:3947} INFO - Setting next_dagrun for global_index_minio to 2026-02-07 00:00:00+00:00, run_after=2026-02-08 00:00:00+00:00
[2026-02-07T04:46:46.305+0000] {processor.py:183} INFO - Processing /opt/airflow/dags/dl_global_index.py took 0.090 seconds
[2026-02-07T04:47:16.846+0000] {processor.py:161} INFO - Started process (PID=1926) to work on /opt/airflow/dags/dl_global_index.py
[2026-02-07T04:47:16.847+0000] {processor.py:830} INFO - Processing file /opt/airflow/dags/dl_global_index.py for tasks to queue
[2026-02-07T04:47:16.848+0000] {logging_mixin.py:188} INFO - [2026-02-07T04:47:16.848+0000] {dagbag.py:545} INFO - Filling up the DagBag from /opt/airflow/dags/dl_global_index.py
[2026-02-07T04:47:16.871+0000] {processor.py:840} INFO - DAG(s) 'global_index_minio' retrieved from /opt/airflow/dags/dl_global_index.py
[2026-02-07T04:47:16.894+0000] {logging_mixin.py:188} INFO - [2026-02-07T04:47:16.893+0000] {dag.py:3089} INFO - Sync 1 DAGs
[2026-02-07T04:47:16.912+0000] {logging_mixin.py:188} INFO - [2026-02-07T04:47:16.912+0000] {dag.py:3947} INFO - Setting next_dagrun for global_index_minio to 2026-02-07 00:00:00+00:00, run_after=2026-02-08 00:00:00+00:00
[2026-02-07T04:47:16.930+0000] {processor.py:183} INFO - Processing /opt/airflow/dags/dl_global_index.py took 0.088 seconds
[2026-02-07T04:47:47.442+0000] {processor.py:161} INFO - Started process (PID=1950) to work on /opt/airflow/dags/dl_global_index.py
[2026-02-07T04:47:47.443+0000] {processor.py:830} INFO - Processing file /opt/airflow/dags/dl_global_index.py for tasks to queue
[2026-02-07T04:47:47.444+0000] {logging_mixin.py:188} INFO - [2026-02-07T04:47:47.443+0000] {dagbag.py:545} INFO - Filling up the DagBag from /opt/airflow/dags/dl_global_index.py
[2026-02-07T04:47:47.468+0000] {processor.py:840} INFO - DAG(s) 'global_index_minio' retrieved from /opt/airflow/dags/dl_global_index.py
[2026-02-07T04:47:47.489+0000] {logging_mixin.py:188} INFO - [2026-02-07T04:47:47.489+0000] {dag.py:3089} INFO - Sync 1 DAGs
[2026-02-07T04:47:47.508+0000] {logging_mixin.py:188} INFO - [2026-02-07T04:47:47.508+0000] {dag.py:3947} INFO - Setting next_dagrun for global_index_minio to 2026-02-07 00:00:00+00:00, run_after=2026-02-08 00:00:00+00:00
[2026-02-07T04:47:47.526+0000] {processor.py:183} INFO - Processing /opt/airflow/dags/dl_global_index.py took 0.088 seconds
[2026-02-07T04:48:18.047+0000] {processor.py:161} INFO - Started process (PID=1974) to work on /opt/airflow/dags/dl_global_index.py
[2026-02-07T04:48:18.047+0000] {processor.py:830} INFO - Processing file /opt/airflow/dags/dl_global_index.py for tasks to queue
[2026-02-07T04:48:18.049+0000] {logging_mixin.py:188} INFO - [2026-02-07T04:48:18.048+0000] {dagbag.py:545} INFO - Filling up the DagBag from /opt/airflow/dags/dl_global_index.py
[2026-02-07T04:48:18.076+0000] {processor.py:840} INFO - DAG(s) 'global_index_minio' retrieved from /opt/airflow/dags/dl_global_index.py
[2026-02-07T04:48:18.098+0000] {logging_mixin.py:188} INFO - [2026-02-07T04:48:18.098+0000] {dag.py:3089} INFO - Sync 1 DAGs
[2026-02-07T04:48:18.118+0000] {logging_mixin.py:188} INFO - [2026-02-07T04:48:18.118+0000] {dag.py:3947} INFO - Setting next_dagrun for global_index_minio to 2026-02-07 00:00:00+00:00, run_after=2026-02-08 00:00:00+00:00
[2026-02-07T04:48:18.135+0000] {processor.py:183} INFO - Processing /opt/airflow/dags/dl_global_index.py took 0.094 seconds
[2026-02-07T04:48:48.503+0000] {processor.py:161} INFO - Started process (PID=1998) to work on /opt/airflow/dags/dl_global_index.py
[2026-02-07T04:48:48.504+0000] {processor.py:830} INFO - Processing file /opt/airflow/dags/dl_global_index.py for tasks to queue
[2026-02-07T04:48:48.504+0000] {logging_mixin.py:188} INFO - [2026-02-07T04:48:48.504+0000] {dagbag.py:545} INFO - Filling up the DagBag from /opt/airflow/dags/dl_global_index.py
[2026-02-07T04:48:48.527+0000] {processor.py:840} INFO - DAG(s) 'global_index_minio' retrieved from /opt/airflow/dags/dl_global_index.py
[2026-02-07T04:48:48.548+0000] {logging_mixin.py:188} INFO - [2026-02-07T04:48:48.547+0000] {dag.py:3089} INFO - Sync 1 DAGs
[2026-02-07T04:48:48.566+0000] {logging_mixin.py:188} INFO - [2026-02-07T04:48:48.566+0000] {dag.py:3947} INFO - Setting next_dagrun for global_index_minio to 2026-02-07 00:00:00+00:00, run_after=2026-02-08 00:00:00+00:00
[2026-02-07T04:48:48.583+0000] {processor.py:183} INFO - Processing /opt/airflow/dags/dl_global_index.py took 0.085 seconds
[2026-02-07T04:49:19.040+0000] {processor.py:161} INFO - Started process (PID=2022) to work on /opt/airflow/dags/dl_global_index.py
[2026-02-07T04:49:19.041+0000] {processor.py:830} INFO - Processing file /opt/airflow/dags/dl_global_index.py for tasks to queue
[2026-02-07T04:49:19.042+0000] {logging_mixin.py:188} INFO - [2026-02-07T04:49:19.042+0000] {dagbag.py:545} INFO - Filling up the DagBag from /opt/airflow/dags/dl_global_index.py
[2026-02-07T04:49:19.077+0000] {processor.py:840} INFO - DAG(s) 'global_index_minio' retrieved from /opt/airflow/dags/dl_global_index.py
[2026-02-07T04:49:19.107+0000] {logging_mixin.py:188} INFO - [2026-02-07T04:49:19.107+0000] {dag.py:3089} INFO - Sync 1 DAGs
[2026-02-07T04:49:19.332+0000] {logging_mixin.py:188} INFO - [2026-02-07T04:49:19.332+0000] {dag.py:3947} INFO - Setting next_dagrun for global_index_minio to 2026-02-07 00:00:00+00:00, run_after=2026-02-08 00:00:00+00:00
[2026-02-07T04:49:19.356+0000] {processor.py:183} INFO - Processing /opt/airflow/dags/dl_global_index.py took 0.322 seconds
[2026-02-07T04:49:50.333+0000] {processor.py:161} INFO - Started process (PID=2046) to work on /opt/airflow/dags/dl_global_index.py
[2026-02-07T04:49:50.334+0000] {processor.py:830} INFO - Processing file /opt/airflow/dags/dl_global_index.py for tasks to queue
[2026-02-07T04:49:50.335+0000] {logging_mixin.py:188} INFO - [2026-02-07T04:49:50.334+0000] {dagbag.py:545} INFO - Filling up the DagBag from /opt/airflow/dags/dl_global_index.py
[2026-02-07T04:49:50.364+0000] {processor.py:840} INFO - DAG(s) 'global_index_minio' retrieved from /opt/airflow/dags/dl_global_index.py
[2026-02-07T04:49:50.385+0000] {logging_mixin.py:188} INFO - [2026-02-07T04:49:50.384+0000] {dag.py:3089} INFO - Sync 1 DAGs
[2026-02-07T04:49:50.404+0000] {logging_mixin.py:188} INFO - [2026-02-07T04:49:50.404+0000] {dag.py:3947} INFO - Setting next_dagrun for global_index_minio to 2026-02-07 00:00:00+00:00, run_after=2026-02-08 00:00:00+00:00
[2026-02-07T04:49:50.423+0000] {processor.py:183} INFO - Processing /opt/airflow/dags/dl_global_index.py took 0.095 seconds
[2026-02-07T04:50:21.156+0000] {processor.py:161} INFO - Started process (PID=2070) to work on /opt/airflow/dags/dl_global_index.py
[2026-02-07T04:50:21.157+0000] {processor.py:830} INFO - Processing file /opt/airflow/dags/dl_global_index.py for tasks to queue
[2026-02-07T04:50:21.158+0000] {logging_mixin.py:188} INFO - [2026-02-07T04:50:21.158+0000] {dagbag.py:545} INFO - Filling up the DagBag from /opt/airflow/dags/dl_global_index.py
[2026-02-07T04:50:21.184+0000] {processor.py:840} INFO - DAG(s) 'global_index_minio' retrieved from /opt/airflow/dags/dl_global_index.py
[2026-02-07T04:50:21.207+0000] {logging_mixin.py:188} INFO - [2026-02-07T04:50:21.206+0000] {dag.py:3089} INFO - Sync 1 DAGs
[2026-02-07T04:50:21.439+0000] {logging_mixin.py:188} INFO - [2026-02-07T04:50:21.439+0000] {dag.py:3947} INFO - Setting next_dagrun for global_index_minio to 2026-02-07 00:00:00+00:00, run_after=2026-02-08 00:00:00+00:00
[2026-02-07T04:50:21.458+0000] {processor.py:183} INFO - Processing /opt/airflow/dags/dl_global_index.py took 0.307 seconds
[2026-02-07T04:50:51.641+0000] {processor.py:161} INFO - Started process (PID=2095) to work on /opt/airflow/dags/dl_global_index.py
[2026-02-07T04:50:51.642+0000] {processor.py:830} INFO - Processing file /opt/airflow/dags/dl_global_index.py for tasks to queue
[2026-02-07T04:50:51.643+0000] {logging_mixin.py:188} INFO - [2026-02-07T04:50:51.643+0000] {dagbag.py:545} INFO - Filling up the DagBag from /opt/airflow/dags/dl_global_index.py
[2026-02-07T04:50:51.666+0000] {processor.py:840} INFO - DAG(s) 'global_index_minio' retrieved from /opt/airflow/dags/dl_global_index.py
[2026-02-07T04:50:51.688+0000] {logging_mixin.py:188} INFO - [2026-02-07T04:50:51.688+0000] {dag.py:3089} INFO - Sync 1 DAGs
[2026-02-07T04:50:51.709+0000] {logging_mixin.py:188} INFO - [2026-02-07T04:50:51.709+0000] {dag.py:3947} INFO - Setting next_dagrun for global_index_minio to 2026-02-07 00:00:00+00:00, run_after=2026-02-08 00:00:00+00:00
[2026-02-07T04:50:51.725+0000] {processor.py:183} INFO - Processing /opt/airflow/dags/dl_global_index.py took 0.088 seconds
[2026-02-07T04:51:22.861+0000] {processor.py:161} INFO - Started process (PID=2118) to work on /opt/airflow/dags/dl_global_index.py
[2026-02-07T04:51:22.861+0000] {processor.py:830} INFO - Processing file /opt/airflow/dags/dl_global_index.py for tasks to queue
[2026-02-07T04:51:22.863+0000] {logging_mixin.py:188} INFO - [2026-02-07T04:51:22.862+0000] {dagbag.py:545} INFO - Filling up the DagBag from /opt/airflow/dags/dl_global_index.py
[2026-02-07T04:51:22.889+0000] {processor.py:840} INFO - DAG(s) 'global_index_minio' retrieved from /opt/airflow/dags/dl_global_index.py
[2026-02-07T04:51:23.118+0000] {logging_mixin.py:188} INFO - [2026-02-07T04:51:23.117+0000] {dag.py:3089} INFO - Sync 1 DAGs
[2026-02-07T04:51:23.135+0000] {logging_mixin.py:188} INFO - [2026-02-07T04:51:23.135+0000] {dag.py:3947} INFO - Setting next_dagrun for global_index_minio to 2026-02-07 00:00:00+00:00, run_after=2026-02-08 00:00:00+00:00
[2026-02-07T04:51:23.153+0000] {processor.py:183} INFO - Processing /opt/airflow/dags/dl_global_index.py took 0.297 seconds
[2026-02-07T04:51:53.232+0000] {processor.py:161} INFO - Started process (PID=2143) to work on /opt/airflow/dags/dl_global_index.py
[2026-02-07T04:51:53.233+0000] {processor.py:830} INFO - Processing file /opt/airflow/dags/dl_global_index.py for tasks to queue
[2026-02-07T04:51:53.233+0000] {logging_mixin.py:188} INFO - [2026-02-07T04:51:53.233+0000] {dagbag.py:545} INFO - Filling up the DagBag from /opt/airflow/dags/dl_global_index.py
[2026-02-07T04:51:53.262+0000] {processor.py:840} INFO - DAG(s) 'global_index_minio' retrieved from /opt/airflow/dags/dl_global_index.py
[2026-02-07T04:51:53.284+0000] {logging_mixin.py:188} INFO - [2026-02-07T04:51:53.284+0000] {dag.py:3089} INFO - Sync 1 DAGs
[2026-02-07T04:51:53.307+0000] {logging_mixin.py:188} INFO - [2026-02-07T04:51:53.307+0000] {dag.py:3947} INFO - Setting next_dagrun for global_index_minio to 2026-02-07 00:00:00+00:00, run_after=2026-02-08 00:00:00+00:00
[2026-02-07T04:51:53.326+0000] {processor.py:183} INFO - Processing /opt/airflow/dags/dl_global_index.py took 0.099 seconds
[2026-02-07T04:52:24.103+0000] {processor.py:161} INFO - Started process (PID=2166) to work on /opt/airflow/dags/dl_global_index.py
[2026-02-07T04:52:24.103+0000] {processor.py:830} INFO - Processing file /opt/airflow/dags/dl_global_index.py for tasks to queue
[2026-02-07T04:52:24.104+0000] {logging_mixin.py:188} INFO - [2026-02-07T04:52:24.104+0000] {dagbag.py:545} INFO - Filling up the DagBag from /opt/airflow/dags/dl_global_index.py
[2026-02-07T04:52:24.131+0000] {processor.py:840} INFO - DAG(s) 'global_index_minio' retrieved from /opt/airflow/dags/dl_global_index.py
[2026-02-07T04:52:24.153+0000] {logging_mixin.py:188} INFO - [2026-02-07T04:52:24.153+0000] {dag.py:3089} INFO - Sync 1 DAGs
[2026-02-07T04:52:24.173+0000] {logging_mixin.py:188} INFO - [2026-02-07T04:52:24.173+0000] {dag.py:3947} INFO - Setting next_dagrun for global_index_minio to 2026-02-07 00:00:00+00:00, run_after=2026-02-08 00:00:00+00:00
[2026-02-07T04:52:24.194+0000] {processor.py:183} INFO - Processing /opt/airflow/dags/dl_global_index.py took 0.096 seconds
[2026-02-07T04:52:54.769+0000] {processor.py:161} INFO - Started process (PID=2190) to work on /opt/airflow/dags/dl_global_index.py
[2026-02-07T04:52:54.770+0000] {processor.py:830} INFO - Processing file /opt/airflow/dags/dl_global_index.py for tasks to queue
[2026-02-07T04:52:54.771+0000] {logging_mixin.py:188} INFO - [2026-02-07T04:52:54.770+0000] {dagbag.py:545} INFO - Filling up the DagBag from /opt/airflow/dags/dl_global_index.py
[2026-02-07T04:52:54.794+0000] {processor.py:840} INFO - DAG(s) 'global_index_minio' retrieved from /opt/airflow/dags/dl_global_index.py
[2026-02-07T04:52:54.816+0000] {logging_mixin.py:188} INFO - [2026-02-07T04:52:54.815+0000] {dag.py:3089} INFO - Sync 1 DAGs
[2026-02-07T04:52:54.835+0000] {logging_mixin.py:188} INFO - [2026-02-07T04:52:54.835+0000] {dag.py:3947} INFO - Setting next_dagrun for global_index_minio to 2026-02-07 00:00:00+00:00, run_after=2026-02-08 00:00:00+00:00
[2026-02-07T04:52:54.852+0000] {processor.py:183} INFO - Processing /opt/airflow/dags/dl_global_index.py took 0.090 seconds
[2026-02-07T04:53:25.375+0000] {processor.py:161} INFO - Started process (PID=2215) to work on /opt/airflow/dags/dl_global_index.py
[2026-02-07T04:53:25.376+0000] {processor.py:830} INFO - Processing file /opt/airflow/dags/dl_global_index.py for tasks to queue
[2026-02-07T04:53:25.377+0000] {logging_mixin.py:188} INFO - [2026-02-07T04:53:25.377+0000] {dagbag.py:545} INFO - Filling up the DagBag from /opt/airflow/dags/dl_global_index.py
[2026-02-07T04:53:25.400+0000] {processor.py:840} INFO - DAG(s) 'global_index_minio' retrieved from /opt/airflow/dags/dl_global_index.py
[2026-02-07T04:53:25.422+0000] {logging_mixin.py:188} INFO - [2026-02-07T04:53:25.421+0000] {dag.py:3089} INFO - Sync 1 DAGs
[2026-02-07T04:53:25.443+0000] {logging_mixin.py:188} INFO - [2026-02-07T04:53:25.443+0000] {dag.py:3947} INFO - Setting next_dagrun for global_index_minio to 2026-02-07 00:00:00+00:00, run_after=2026-02-08 00:00:00+00:00
[2026-02-07T04:53:25.460+0000] {processor.py:183} INFO - Processing /opt/airflow/dags/dl_global_index.py took 0.090 seconds
[2026-02-07T04:53:56.097+0000] {processor.py:161} INFO - Started process (PID=2239) to work on /opt/airflow/dags/dl_global_index.py
[2026-02-07T04:53:56.098+0000] {processor.py:830} INFO - Processing file /opt/airflow/dags/dl_global_index.py for tasks to queue
[2026-02-07T04:53:56.099+0000] {logging_mixin.py:188} INFO - [2026-02-07T04:53:56.099+0000] {dagbag.py:545} INFO - Filling up the DagBag from /opt/airflow/dags/dl_global_index.py
[2026-02-07T04:53:56.123+0000] {processor.py:840} INFO - DAG(s) 'global_index_minio' retrieved from /opt/airflow/dags/dl_global_index.py
[2026-02-07T04:53:56.143+0000] {logging_mixin.py:188} INFO - [2026-02-07T04:53:56.143+0000] {dag.py:3089} INFO - Sync 1 DAGs
[2026-02-07T04:53:56.163+0000] {logging_mixin.py:188} INFO - [2026-02-07T04:53:56.163+0000] {dag.py:3947} INFO - Setting next_dagrun for global_index_minio to 2026-02-07 00:00:00+00:00, run_after=2026-02-08 00:00:00+00:00
[2026-02-07T04:53:56.182+0000] {processor.py:183} INFO - Processing /opt/airflow/dags/dl_global_index.py took 0.089 seconds
[2026-02-07T04:54:26.727+0000] {processor.py:161} INFO - Started process (PID=2263) to work on /opt/airflow/dags/dl_global_index.py
[2026-02-07T04:54:26.727+0000] {processor.py:830} INFO - Processing file /opt/airflow/dags/dl_global_index.py for tasks to queue
[2026-02-07T04:54:26.728+0000] {logging_mixin.py:188} INFO - [2026-02-07T04:54:26.728+0000] {dagbag.py:545} INFO - Filling up the DagBag from /opt/airflow/dags/dl_global_index.py
[2026-02-07T04:54:26.751+0000] {processor.py:840} INFO - DAG(s) 'global_index_minio' retrieved from /opt/airflow/dags/dl_global_index.py
[2026-02-07T04:54:26.771+0000] {logging_mixin.py:188} INFO - [2026-02-07T04:54:26.771+0000] {dag.py:3089} INFO - Sync 1 DAGs
[2026-02-07T04:54:26.790+0000] {logging_mixin.py:188} INFO - [2026-02-07T04:54:26.790+0000] {dag.py:3947} INFO - Setting next_dagrun for global_index_minio to 2026-02-07 00:00:00+00:00, run_after=2026-02-08 00:00:00+00:00
[2026-02-07T04:54:26.809+0000] {processor.py:183} INFO - Processing /opt/airflow/dags/dl_global_index.py took 0.087 seconds
[2026-02-07T04:54:57.576+0000] {processor.py:161} INFO - Started process (PID=2287) to work on /opt/airflow/dags/dl_global_index.py
[2026-02-07T04:54:57.576+0000] {processor.py:830} INFO - Processing file /opt/airflow/dags/dl_global_index.py for tasks to queue
[2026-02-07T04:54:57.577+0000] {logging_mixin.py:188} INFO - [2026-02-07T04:54:57.577+0000] {dagbag.py:545} INFO - Filling up the DagBag from /opt/airflow/dags/dl_global_index.py
[2026-02-07T04:54:57.601+0000] {processor.py:840} INFO - DAG(s) 'global_index_minio' retrieved from /opt/airflow/dags/dl_global_index.py
[2026-02-07T04:54:57.622+0000] {logging_mixin.py:188} INFO - [2026-02-07T04:54:57.622+0000] {dag.py:3089} INFO - Sync 1 DAGs
[2026-02-07T04:54:57.640+0000] {logging_mixin.py:188} INFO - [2026-02-07T04:54:57.640+0000] {dag.py:3947} INFO - Setting next_dagrun for global_index_minio to 2026-02-07 00:00:00+00:00, run_after=2026-02-08 00:00:00+00:00
[2026-02-07T04:54:57.659+0000] {processor.py:183} INFO - Processing /opt/airflow/dags/dl_global_index.py took 0.089 seconds
[2026-02-07T04:55:28.223+0000] {processor.py:161} INFO - Started process (PID=2311) to work on /opt/airflow/dags/dl_global_index.py
[2026-02-07T04:55:28.224+0000] {processor.py:830} INFO - Processing file /opt/airflow/dags/dl_global_index.py for tasks to queue
[2026-02-07T04:55:28.225+0000] {logging_mixin.py:188} INFO - [2026-02-07T04:55:28.225+0000] {dagbag.py:545} INFO - Filling up the DagBag from /opt/airflow/dags/dl_global_index.py
[2026-02-07T04:55:28.248+0000] {processor.py:840} INFO - DAG(s) 'global_index_minio' retrieved from /opt/airflow/dags/dl_global_index.py
[2026-02-07T04:55:28.269+0000] {logging_mixin.py:188} INFO - [2026-02-07T04:55:28.269+0000] {dag.py:3089} INFO - Sync 1 DAGs
[2026-02-07T04:55:28.291+0000] {logging_mixin.py:188} INFO - [2026-02-07T04:55:28.290+0000] {dag.py:3947} INFO - Setting next_dagrun for global_index_minio to 2026-02-07 00:00:00+00:00, run_after=2026-02-08 00:00:00+00:00
[2026-02-07T04:55:28.308+0000] {processor.py:183} INFO - Processing /opt/airflow/dags/dl_global_index.py took 0.090 seconds
[2026-02-07T04:55:59.018+0000] {processor.py:161} INFO - Started process (PID=2335) to work on /opt/airflow/dags/dl_global_index.py
[2026-02-07T04:55:59.018+0000] {processor.py:830} INFO - Processing file /opt/airflow/dags/dl_global_index.py for tasks to queue
[2026-02-07T04:55:59.019+0000] {logging_mixin.py:188} INFO - [2026-02-07T04:55:59.019+0000] {dagbag.py:545} INFO - Filling up the DagBag from /opt/airflow/dags/dl_global_index.py
[2026-02-07T04:55:59.042+0000] {processor.py:840} INFO - DAG(s) 'global_index_minio' retrieved from /opt/airflow/dags/dl_global_index.py
[2026-02-07T04:55:59.065+0000] {logging_mixin.py:188} INFO - [2026-02-07T04:55:59.065+0000] {dag.py:3089} INFO - Sync 1 DAGs
[2026-02-07T04:55:59.085+0000] {logging_mixin.py:188} INFO - [2026-02-07T04:55:59.085+0000] {dag.py:3947} INFO - Setting next_dagrun for global_index_minio to 2026-02-07 00:00:00+00:00, run_after=2026-02-08 00:00:00+00:00
[2026-02-07T04:55:59.103+0000] {processor.py:183} INFO - Processing /opt/airflow/dags/dl_global_index.py took 0.090 seconds
[2026-02-07T04:56:30.046+0000] {processor.py:161} INFO - Started process (PID=2359) to work on /opt/airflow/dags/dl_global_index.py
[2026-02-07T04:56:30.047+0000] {processor.py:830} INFO - Processing file /opt/airflow/dags/dl_global_index.py for tasks to queue
[2026-02-07T04:56:30.048+0000] {logging_mixin.py:188} INFO - [2026-02-07T04:56:30.048+0000] {dagbag.py:545} INFO - Filling up the DagBag from /opt/airflow/dags/dl_global_index.py
[2026-02-07T04:56:30.073+0000] {processor.py:840} INFO - DAG(s) 'global_index_minio' retrieved from /opt/airflow/dags/dl_global_index.py
[2026-02-07T04:56:30.094+0000] {logging_mixin.py:188} INFO - [2026-02-07T04:56:30.094+0000] {dag.py:3089} INFO - Sync 1 DAGs
[2026-02-07T04:56:30.113+0000] {logging_mixin.py:188} INFO - [2026-02-07T04:56:30.113+0000] {dag.py:3947} INFO - Setting next_dagrun for global_index_minio to 2026-02-07 00:00:00+00:00, run_after=2026-02-08 00:00:00+00:00
[2026-02-07T04:56:30.129+0000] {processor.py:183} INFO - Processing /opt/airflow/dags/dl_global_index.py took 0.088 seconds
[2026-02-07T04:57:00.746+0000] {processor.py:161} INFO - Started process (PID=2383) to work on /opt/airflow/dags/dl_global_index.py
[2026-02-07T04:57:00.746+0000] {processor.py:830} INFO - Processing file /opt/airflow/dags/dl_global_index.py for tasks to queue
[2026-02-07T04:57:00.747+0000] {logging_mixin.py:188} INFO - [2026-02-07T04:57:00.747+0000] {dagbag.py:545} INFO - Filling up the DagBag from /opt/airflow/dags/dl_global_index.py
[2026-02-07T04:57:00.771+0000] {processor.py:840} INFO - DAG(s) 'global_index_minio' retrieved from /opt/airflow/dags/dl_global_index.py
[2026-02-07T04:57:00.791+0000] {logging_mixin.py:188} INFO - [2026-02-07T04:57:00.791+0000] {dag.py:3089} INFO - Sync 1 DAGs
[2026-02-07T04:57:00.812+0000] {logging_mixin.py:188} INFO - [2026-02-07T04:57:00.812+0000] {dag.py:3947} INFO - Setting next_dagrun for global_index_minio to 2026-02-07 00:00:00+00:00, run_after=2026-02-08 00:00:00+00:00
[2026-02-07T04:57:00.830+0000] {processor.py:183} INFO - Processing /opt/airflow/dags/dl_global_index.py took 0.089 seconds
[2026-02-07T04:57:31.469+0000] {processor.py:161} INFO - Started process (PID=2407) to work on /opt/airflow/dags/dl_global_index.py
[2026-02-07T04:57:31.470+0000] {processor.py:830} INFO - Processing file /opt/airflow/dags/dl_global_index.py for tasks to queue
[2026-02-07T04:57:31.470+0000] {logging_mixin.py:188} INFO - [2026-02-07T04:57:31.470+0000] {dagbag.py:545} INFO - Filling up the DagBag from /opt/airflow/dags/dl_global_index.py
[2026-02-07T04:57:31.495+0000] {processor.py:840} INFO - DAG(s) 'global_index_minio' retrieved from /opt/airflow/dags/dl_global_index.py
[2026-02-07T04:57:31.517+0000] {logging_mixin.py:188} INFO - [2026-02-07T04:57:31.516+0000] {dag.py:3089} INFO - Sync 1 DAGs
[2026-02-07T04:57:31.536+0000] {logging_mixin.py:188} INFO - [2026-02-07T04:57:31.536+0000] {dag.py:3947} INFO - Setting next_dagrun for global_index_minio to 2026-02-07 00:00:00+00:00, run_after=2026-02-08 00:00:00+00:00
[2026-02-07T04:57:31.556+0000] {processor.py:183} INFO - Processing /opt/airflow/dags/dl_global_index.py took 0.093 seconds
[2026-02-07T04:58:02.179+0000] {processor.py:161} INFO - Started process (PID=2431) to work on /opt/airflow/dags/dl_global_index.py
[2026-02-07T04:58:02.180+0000] {processor.py:830} INFO - Processing file /opt/airflow/dags/dl_global_index.py for tasks to queue
[2026-02-07T04:58:02.181+0000] {logging_mixin.py:188} INFO - [2026-02-07T04:58:02.180+0000] {dagbag.py:545} INFO - Filling up the DagBag from /opt/airflow/dags/dl_global_index.py
[2026-02-07T04:58:02.208+0000] {processor.py:840} INFO - DAG(s) 'global_index_minio' retrieved from /opt/airflow/dags/dl_global_index.py
[2026-02-07T04:58:02.229+0000] {logging_mixin.py:188} INFO - [2026-02-07T04:58:02.229+0000] {dag.py:3089} INFO - Sync 1 DAGs
[2026-02-07T04:58:02.249+0000] {logging_mixin.py:188} INFO - [2026-02-07T04:58:02.249+0000] {dag.py:3947} INFO - Setting next_dagrun for global_index_minio to 2026-02-07 00:00:00+00:00, run_after=2026-02-08 00:00:00+00:00
[2026-02-07T04:58:02.269+0000] {processor.py:183} INFO - Processing /opt/airflow/dags/dl_global_index.py took 0.096 seconds
[2026-02-07T04:58:32.849+0000] {processor.py:161} INFO - Started process (PID=2455) to work on /opt/airflow/dags/dl_global_index.py
[2026-02-07T04:58:32.850+0000] {processor.py:830} INFO - Processing file /opt/airflow/dags/dl_global_index.py for tasks to queue
[2026-02-07T04:58:32.850+0000] {logging_mixin.py:188} INFO - [2026-02-07T04:58:32.850+0000] {dagbag.py:545} INFO - Filling up the DagBag from /opt/airflow/dags/dl_global_index.py
[2026-02-07T04:58:32.875+0000] {processor.py:840} INFO - DAG(s) 'global_index_minio' retrieved from /opt/airflow/dags/dl_global_index.py
[2026-02-07T04:58:32.895+0000] {logging_mixin.py:188} INFO - [2026-02-07T04:58:32.895+0000] {dag.py:3089} INFO - Sync 1 DAGs
[2026-02-07T04:58:32.914+0000] {logging_mixin.py:188} INFO - [2026-02-07T04:58:32.913+0000] {dag.py:3947} INFO - Setting next_dagrun for global_index_minio to 2026-02-07 00:00:00+00:00, run_after=2026-02-08 00:00:00+00:00
[2026-02-07T04:58:32.932+0000] {processor.py:183} INFO - Processing /opt/airflow/dags/dl_global_index.py took 0.088 seconds
[2026-02-07T04:59:03.668+0000] {processor.py:161} INFO - Started process (PID=2479) to work on /opt/airflow/dags/dl_global_index.py
[2026-02-07T04:59:03.669+0000] {processor.py:830} INFO - Processing file /opt/airflow/dags/dl_global_index.py for tasks to queue
[2026-02-07T04:59:03.670+0000] {logging_mixin.py:188} INFO - [2026-02-07T04:59:03.669+0000] {dagbag.py:545} INFO - Filling up the DagBag from /opt/airflow/dags/dl_global_index.py
[2026-02-07T04:59:03.694+0000] {processor.py:840} INFO - DAG(s) 'global_index_minio' retrieved from /opt/airflow/dags/dl_global_index.py
[2026-02-07T04:59:03.716+0000] {logging_mixin.py:188} INFO - [2026-02-07T04:59:03.716+0000] {dag.py:3089} INFO - Sync 1 DAGs
[2026-02-07T04:59:03.736+0000] {logging_mixin.py:188} INFO - [2026-02-07T04:59:03.736+0000] {dag.py:3947} INFO - Setting next_dagrun for global_index_minio to 2026-02-07 00:00:00+00:00, run_after=2026-02-08 00:00:00+00:00
[2026-02-07T04:59:03.753+0000] {processor.py:183} INFO - Processing /opt/airflow/dags/dl_global_index.py took 0.090 seconds
[2026-02-07T04:59:34.464+0000] {processor.py:161} INFO - Started process (PID=2509) to work on /opt/airflow/dags/dl_global_index.py
[2026-02-07T04:59:34.464+0000] {processor.py:830} INFO - Processing file /opt/airflow/dags/dl_global_index.py for tasks to queue
[2026-02-07T04:59:34.465+0000] {logging_mixin.py:188} INFO - [2026-02-07T04:59:34.465+0000] {dagbag.py:545} INFO - Filling up the DagBag from /opt/airflow/dags/dl_global_index.py
[2026-02-07T04:59:34.490+0000] {processor.py:840} INFO - DAG(s) 'global_index_minio' retrieved from /opt/airflow/dags/dl_global_index.py
[2026-02-07T04:59:34.511+0000] {logging_mixin.py:188} INFO - [2026-02-07T04:59:34.511+0000] {dag.py:3089} INFO - Sync 1 DAGs
[2026-02-07T04:59:34.530+0000] {logging_mixin.py:188} INFO - [2026-02-07T04:59:34.530+0000] {dag.py:3947} INFO - Setting next_dagrun for global_index_minio to 2026-02-07 00:00:00+00:00, run_after=2026-02-08 00:00:00+00:00
[2026-02-07T04:59:34.549+0000] {processor.py:183} INFO - Processing /opt/airflow/dags/dl_global_index.py took 0.091 seconds
[2026-02-07T05:00:05.271+0000] {processor.py:161} INFO - Started process (PID=2533) to work on /opt/airflow/dags/dl_global_index.py
[2026-02-07T05:00:05.272+0000] {processor.py:830} INFO - Processing file /opt/airflow/dags/dl_global_index.py for tasks to queue
[2026-02-07T05:00:05.273+0000] {logging_mixin.py:188} INFO - [2026-02-07T05:00:05.273+0000] {dagbag.py:545} INFO - Filling up the DagBag from /opt/airflow/dags/dl_global_index.py
[2026-02-07T05:00:05.298+0000] {processor.py:840} INFO - DAG(s) 'global_index_minio' retrieved from /opt/airflow/dags/dl_global_index.py
[2026-02-07T05:00:05.319+0000] {logging_mixin.py:188} INFO - [2026-02-07T05:00:05.319+0000] {dag.py:3089} INFO - Sync 1 DAGs
[2026-02-07T05:00:05.338+0000] {logging_mixin.py:188} INFO - [2026-02-07T05:00:05.338+0000] {dag.py:3947} INFO - Setting next_dagrun for global_index_minio to 2026-02-07 00:00:00+00:00, run_after=2026-02-08 00:00:00+00:00
[2026-02-07T05:00:05.355+0000] {processor.py:183} INFO - Processing /opt/airflow/dags/dl_global_index.py took 0.089 seconds
[2026-02-07T05:00:36.035+0000] {processor.py:161} INFO - Started process (PID=2557) to work on /opt/airflow/dags/dl_global_index.py
[2026-02-07T05:00:36.036+0000] {processor.py:830} INFO - Processing file /opt/airflow/dags/dl_global_index.py for tasks to queue
[2026-02-07T05:00:36.036+0000] {logging_mixin.py:188} INFO - [2026-02-07T05:00:36.036+0000] {dagbag.py:545} INFO - Filling up the DagBag from /opt/airflow/dags/dl_global_index.py
[2026-02-07T05:00:36.062+0000] {processor.py:840} INFO - DAG(s) 'global_index_minio' retrieved from /opt/airflow/dags/dl_global_index.py
[2026-02-07T05:00:36.084+0000] {logging_mixin.py:188} INFO - [2026-02-07T05:00:36.084+0000] {dag.py:3089} INFO - Sync 1 DAGs
[2026-02-07T05:00:36.104+0000] {logging_mixin.py:188} INFO - [2026-02-07T05:00:36.104+0000] {dag.py:3947} INFO - Setting next_dagrun for global_index_minio to 2026-02-07 00:00:00+00:00, run_after=2026-02-08 00:00:00+00:00
[2026-02-07T05:00:36.120+0000] {processor.py:183} INFO - Processing /opt/airflow/dags/dl_global_index.py took 0.089 seconds
[2026-02-07T05:01:06.742+0000] {processor.py:161} INFO - Started process (PID=2581) to work on /opt/airflow/dags/dl_global_index.py
[2026-02-07T05:01:06.742+0000] {processor.py:830} INFO - Processing file /opt/airflow/dags/dl_global_index.py for tasks to queue
[2026-02-07T05:01:06.743+0000] {logging_mixin.py:188} INFO - [2026-02-07T05:01:06.743+0000] {dagbag.py:545} INFO - Filling up the DagBag from /opt/airflow/dags/dl_global_index.py
[2026-02-07T05:01:06.770+0000] {processor.py:840} INFO - DAG(s) 'global_index_minio' retrieved from /opt/airflow/dags/dl_global_index.py
[2026-02-07T05:01:06.792+0000] {logging_mixin.py:188} INFO - [2026-02-07T05:01:06.792+0000] {dag.py:3089} INFO - Sync 1 DAGs
[2026-02-07T05:01:06.815+0000] {logging_mixin.py:188} INFO - [2026-02-07T05:01:06.814+0000] {dag.py:3947} INFO - Setting next_dagrun for global_index_minio to 2026-02-07 00:00:00+00:00, run_after=2026-02-08 00:00:00+00:00
[2026-02-07T05:01:06.837+0000] {processor.py:183} INFO - Processing /opt/airflow/dags/dl_global_index.py took 0.100 seconds
[2026-02-07T05:01:37.444+0000] {processor.py:161} INFO - Started process (PID=2605) to work on /opt/airflow/dags/dl_global_index.py
[2026-02-07T05:01:37.445+0000] {processor.py:830} INFO - Processing file /opt/airflow/dags/dl_global_index.py for tasks to queue
[2026-02-07T05:01:37.445+0000] {logging_mixin.py:188} INFO - [2026-02-07T05:01:37.445+0000] {dagbag.py:545} INFO - Filling up the DagBag from /opt/airflow/dags/dl_global_index.py
[2026-02-07T05:01:37.470+0000] {processor.py:840} INFO - DAG(s) 'global_index_minio' retrieved from /opt/airflow/dags/dl_global_index.py
[2026-02-07T05:01:37.492+0000] {logging_mixin.py:188} INFO - [2026-02-07T05:01:37.491+0000] {dag.py:3089} INFO - Sync 1 DAGs
[2026-02-07T05:01:37.511+0000] {logging_mixin.py:188} INFO - [2026-02-07T05:01:37.511+0000] {dag.py:3947} INFO - Setting next_dagrun for global_index_minio to 2026-02-07 00:00:00+00:00, run_after=2026-02-08 00:00:00+00:00
[2026-02-07T05:01:37.531+0000] {processor.py:183} INFO - Processing /opt/airflow/dags/dl_global_index.py took 0.092 seconds
[2026-02-07T05:02:08.454+0000] {processor.py:161} INFO - Started process (PID=2629) to work on /opt/airflow/dags/dl_global_index.py
[2026-02-07T05:02:08.455+0000] {processor.py:830} INFO - Processing file /opt/airflow/dags/dl_global_index.py for tasks to queue
[2026-02-07T05:02:08.456+0000] {logging_mixin.py:188} INFO - [2026-02-07T05:02:08.456+0000] {dagbag.py:545} INFO - Filling up the DagBag from /opt/airflow/dags/dl_global_index.py
[2026-02-07T05:02:08.480+0000] {processor.py:840} INFO - DAG(s) 'global_index_minio' retrieved from /opt/airflow/dags/dl_global_index.py
[2026-02-07T05:02:08.500+0000] {logging_mixin.py:188} INFO - [2026-02-07T05:02:08.500+0000] {dag.py:3089} INFO - Sync 1 DAGs
[2026-02-07T05:02:08.520+0000] {logging_mixin.py:188} INFO - [2026-02-07T05:02:08.520+0000] {dag.py:3947} INFO - Setting next_dagrun for global_index_minio to 2026-02-07 00:00:00+00:00, run_after=2026-02-08 00:00:00+00:00
[2026-02-07T05:02:08.537+0000] {processor.py:183} INFO - Processing /opt/airflow/dags/dl_global_index.py took 0.088 seconds
[2026-02-07T05:02:39.179+0000] {processor.py:161} INFO - Started process (PID=2653) to work on /opt/airflow/dags/dl_global_index.py
[2026-02-07T05:02:39.180+0000] {processor.py:830} INFO - Processing file /opt/airflow/dags/dl_global_index.py for tasks to queue
[2026-02-07T05:02:39.181+0000] {logging_mixin.py:188} INFO - [2026-02-07T05:02:39.180+0000] {dagbag.py:545} INFO - Filling up the DagBag from /opt/airflow/dags/dl_global_index.py
[2026-02-07T05:02:39.207+0000] {processor.py:840} INFO - DAG(s) 'global_index_minio' retrieved from /opt/airflow/dags/dl_global_index.py
[2026-02-07T05:02:39.229+0000] {logging_mixin.py:188} INFO - [2026-02-07T05:02:39.228+0000] {dag.py:3089} INFO - Sync 1 DAGs
[2026-02-07T05:02:39.248+0000] {logging_mixin.py:188} INFO - [2026-02-07T05:02:39.248+0000] {dag.py:3947} INFO - Setting next_dagrun for global_index_minio to 2026-02-07 00:00:00+00:00, run_after=2026-02-08 00:00:00+00:00
[2026-02-07T05:02:39.266+0000] {processor.py:183} INFO - Processing /opt/airflow/dags/dl_global_index.py took 0.092 seconds
[2026-02-07T05:03:09.984+0000] {processor.py:161} INFO - Started process (PID=2677) to work on /opt/airflow/dags/dl_global_index.py
[2026-02-07T05:03:09.984+0000] {processor.py:830} INFO - Processing file /opt/airflow/dags/dl_global_index.py for tasks to queue
[2026-02-07T05:03:09.985+0000] {logging_mixin.py:188} INFO - [2026-02-07T05:03:09.985+0000] {dagbag.py:545} INFO - Filling up the DagBag from /opt/airflow/dags/dl_global_index.py
[2026-02-07T05:03:10.015+0000] {processor.py:840} INFO - DAG(s) 'global_index_minio' retrieved from /opt/airflow/dags/dl_global_index.py
[2026-02-07T05:03:10.037+0000] {logging_mixin.py:188} INFO - [2026-02-07T05:03:10.037+0000] {dag.py:3089} INFO - Sync 1 DAGs
[2026-02-07T05:03:10.062+0000] {logging_mixin.py:188} INFO - [2026-02-07T05:03:10.061+0000] {dag.py:3947} INFO - Setting next_dagrun for global_index_minio to 2026-02-07 00:00:00+00:00, run_after=2026-02-08 00:00:00+00:00
[2026-02-07T05:03:10.084+0000] {processor.py:183} INFO - Processing /opt/airflow/dags/dl_global_index.py took 0.106 seconds
[2026-02-07T05:03:40.779+0000] {processor.py:161} INFO - Started process (PID=2701) to work on /opt/airflow/dags/dl_global_index.py
[2026-02-07T05:03:40.780+0000] {processor.py:830} INFO - Processing file /opt/airflow/dags/dl_global_index.py for tasks to queue
[2026-02-07T05:03:40.780+0000] {logging_mixin.py:188} INFO - [2026-02-07T05:03:40.780+0000] {dagbag.py:545} INFO - Filling up the DagBag from /opt/airflow/dags/dl_global_index.py
[2026-02-07T05:03:40.804+0000] {processor.py:840} INFO - DAG(s) 'global_index_minio' retrieved from /opt/airflow/dags/dl_global_index.py
[2026-02-07T05:03:40.824+0000] {logging_mixin.py:188} INFO - [2026-02-07T05:03:40.824+0000] {dag.py:3089} INFO - Sync 1 DAGs
[2026-02-07T05:03:40.843+0000] {logging_mixin.py:188} INFO - [2026-02-07T05:03:40.843+0000] {dag.py:3947} INFO - Setting next_dagrun for global_index_minio to 2026-02-07 00:00:00+00:00, run_after=2026-02-08 00:00:00+00:00
[2026-02-07T05:03:40.863+0000] {processor.py:183} INFO - Processing /opt/airflow/dags/dl_global_index.py took 0.089 seconds
[2026-02-07T05:04:11.478+0000] {processor.py:161} INFO - Started process (PID=2725) to work on /opt/airflow/dags/dl_global_index.py
[2026-02-07T05:04:11.479+0000] {processor.py:830} INFO - Processing file /opt/airflow/dags/dl_global_index.py for tasks to queue
[2026-02-07T05:04:11.480+0000] {logging_mixin.py:188} INFO - [2026-02-07T05:04:11.479+0000] {dagbag.py:545} INFO - Filling up the DagBag from /opt/airflow/dags/dl_global_index.py
[2026-02-07T05:04:11.507+0000] {processor.py:840} INFO - DAG(s) 'global_index_minio' retrieved from /opt/airflow/dags/dl_global_index.py
[2026-02-07T05:04:11.530+0000] {logging_mixin.py:188} INFO - [2026-02-07T05:04:11.530+0000] {dag.py:3089} INFO - Sync 1 DAGs
[2026-02-07T05:04:11.551+0000] {logging_mixin.py:188} INFO - [2026-02-07T05:04:11.551+0000] {dag.py:3947} INFO - Setting next_dagrun for global_index_minio to 2026-02-07 00:00:00+00:00, run_after=2026-02-08 00:00:00+00:00
[2026-02-07T05:04:11.567+0000] {processor.py:183} INFO - Processing /opt/airflow/dags/dl_global_index.py took 0.094 seconds
[2026-02-07T05:04:42.171+0000] {processor.py:161} INFO - Started process (PID=2749) to work on /opt/airflow/dags/dl_global_index.py
[2026-02-07T05:04:42.171+0000] {processor.py:830} INFO - Processing file /opt/airflow/dags/dl_global_index.py for tasks to queue
[2026-02-07T05:04:42.172+0000] {logging_mixin.py:188} INFO - [2026-02-07T05:04:42.172+0000] {dagbag.py:545} INFO - Filling up the DagBag from /opt/airflow/dags/dl_global_index.py
[2026-02-07T05:04:42.199+0000] {processor.py:840} INFO - DAG(s) 'global_index_minio' retrieved from /opt/airflow/dags/dl_global_index.py
[2026-02-07T05:04:42.220+0000] {logging_mixin.py:188} INFO - [2026-02-07T05:04:42.220+0000] {dag.py:3089} INFO - Sync 1 DAGs
[2026-02-07T05:04:42.241+0000] {logging_mixin.py:188} INFO - [2026-02-07T05:04:42.240+0000] {dag.py:3947} INFO - Setting next_dagrun for global_index_minio to 2026-02-07 00:00:00+00:00, run_after=2026-02-08 00:00:00+00:00
[2026-02-07T05:04:42.258+0000] {processor.py:183} INFO - Processing /opt/airflow/dags/dl_global_index.py took 0.092 seconds
[2026-02-07T05:05:13.002+0000] {processor.py:161} INFO - Started process (PID=2773) to work on /opt/airflow/dags/dl_global_index.py
[2026-02-07T05:05:13.003+0000] {processor.py:830} INFO - Processing file /opt/airflow/dags/dl_global_index.py for tasks to queue
[2026-02-07T05:05:13.004+0000] {logging_mixin.py:188} INFO - [2026-02-07T05:05:13.004+0000] {dagbag.py:545} INFO - Filling up the DagBag from /opt/airflow/dags/dl_global_index.py
[2026-02-07T05:05:13.031+0000] {processor.py:840} INFO - DAG(s) 'global_index_minio' retrieved from /opt/airflow/dags/dl_global_index.py
[2026-02-07T05:05:13.054+0000] {logging_mixin.py:188} INFO - [2026-02-07T05:05:13.053+0000] {dag.py:3089} INFO - Sync 1 DAGs
[2026-02-07T05:05:13.073+0000] {logging_mixin.py:188} INFO - [2026-02-07T05:05:13.073+0000] {dag.py:3947} INFO - Setting next_dagrun for global_index_minio to 2026-02-07 00:00:00+00:00, run_after=2026-02-08 00:00:00+00:00
[2026-02-07T05:05:13.093+0000] {processor.py:183} INFO - Processing /opt/airflow/dags/dl_global_index.py took 0.096 seconds
[2026-02-07T05:05:43.783+0000] {processor.py:161} INFO - Started process (PID=2797) to work on /opt/airflow/dags/dl_global_index.py
[2026-02-07T05:05:43.783+0000] {processor.py:830} INFO - Processing file /opt/airflow/dags/dl_global_index.py for tasks to queue
[2026-02-07T05:05:43.784+0000] {logging_mixin.py:188} INFO - [2026-02-07T05:05:43.784+0000] {dagbag.py:545} INFO - Filling up the DagBag from /opt/airflow/dags/dl_global_index.py
[2026-02-07T05:05:43.809+0000] {processor.py:840} INFO - DAG(s) 'global_index_minio' retrieved from /opt/airflow/dags/dl_global_index.py
[2026-02-07T05:05:43.830+0000] {logging_mixin.py:188} INFO - [2026-02-07T05:05:43.830+0000] {dag.py:3089} INFO - Sync 1 DAGs
[2026-02-07T05:05:43.848+0000] {logging_mixin.py:188} INFO - [2026-02-07T05:05:43.848+0000] {dag.py:3947} INFO - Setting next_dagrun for global_index_minio to 2026-02-07 00:00:00+00:00, run_after=2026-02-08 00:00:00+00:00
[2026-02-07T05:05:43.866+0000] {processor.py:183} INFO - Processing /opt/airflow/dags/dl_global_index.py took 0.088 seconds
[2026-02-07T05:06:14.649+0000] {processor.py:161} INFO - Started process (PID=2821) to work on /opt/airflow/dags/dl_global_index.py
[2026-02-07T05:06:14.649+0000] {processor.py:830} INFO - Processing file /opt/airflow/dags/dl_global_index.py for tasks to queue
[2026-02-07T05:06:14.650+0000] {logging_mixin.py:188} INFO - [2026-02-07T05:06:14.650+0000] {dagbag.py:545} INFO - Filling up the DagBag from /opt/airflow/dags/dl_global_index.py
[2026-02-07T05:06:14.673+0000] {processor.py:840} INFO - DAG(s) 'global_index_minio' retrieved from /opt/airflow/dags/dl_global_index.py
[2026-02-07T05:06:14.694+0000] {logging_mixin.py:188} INFO - [2026-02-07T05:06:14.694+0000] {dag.py:3089} INFO - Sync 1 DAGs
[2026-02-07T05:06:14.714+0000] {logging_mixin.py:188} INFO - [2026-02-07T05:06:14.714+0000] {dag.py:3947} INFO - Setting next_dagrun for global_index_minio to 2026-02-07 00:00:00+00:00, run_after=2026-02-08 00:00:00+00:00
[2026-02-07T05:06:14.730+0000] {processor.py:183} INFO - Processing /opt/airflow/dags/dl_global_index.py took 0.087 seconds
[2026-02-07T05:06:45.348+0000] {processor.py:161} INFO - Started process (PID=2845) to work on /opt/airflow/dags/dl_global_index.py
[2026-02-07T05:06:45.348+0000] {processor.py:830} INFO - Processing file /opt/airflow/dags/dl_global_index.py for tasks to queue
[2026-02-07T05:06:45.349+0000] {logging_mixin.py:188} INFO - [2026-02-07T05:06:45.349+0000] {dagbag.py:545} INFO - Filling up the DagBag from /opt/airflow/dags/dl_global_index.py
[2026-02-07T05:06:45.373+0000] {processor.py:840} INFO - DAG(s) 'global_index_minio' retrieved from /opt/airflow/dags/dl_global_index.py
[2026-02-07T05:06:45.393+0000] {logging_mixin.py:188} INFO - [2026-02-07T05:06:45.393+0000] {dag.py:3089} INFO - Sync 1 DAGs
[2026-02-07T05:06:45.412+0000] {logging_mixin.py:188} INFO - [2026-02-07T05:06:45.411+0000] {dag.py:3947} INFO - Setting next_dagrun for global_index_minio to 2026-02-07 00:00:00+00:00, run_after=2026-02-08 00:00:00+00:00
[2026-02-07T05:06:45.430+0000] {processor.py:183} INFO - Processing /opt/airflow/dags/dl_global_index.py took 0.088 seconds
[2026-02-07T05:07:16.073+0000] {processor.py:161} INFO - Started process (PID=2869) to work on /opt/airflow/dags/dl_global_index.py
[2026-02-07T05:07:16.073+0000] {processor.py:830} INFO - Processing file /opt/airflow/dags/dl_global_index.py for tasks to queue
[2026-02-07T05:07:16.074+0000] {logging_mixin.py:188} INFO - [2026-02-07T05:07:16.074+0000] {dagbag.py:545} INFO - Filling up the DagBag from /opt/airflow/dags/dl_global_index.py
[2026-02-07T05:07:16.099+0000] {processor.py:840} INFO - DAG(s) 'global_index_minio' retrieved from /opt/airflow/dags/dl_global_index.py
[2026-02-07T05:07:16.119+0000] {logging_mixin.py:188} INFO - [2026-02-07T05:07:16.119+0000] {dag.py:3089} INFO - Sync 1 DAGs
[2026-02-07T05:07:16.138+0000] {logging_mixin.py:188} INFO - [2026-02-07T05:07:16.138+0000] {dag.py:3947} INFO - Setting next_dagrun for global_index_minio to 2026-02-07 00:00:00+00:00, run_after=2026-02-08 00:00:00+00:00
[2026-02-07T05:07:16.156+0000] {processor.py:183} INFO - Processing /opt/airflow/dags/dl_global_index.py took 0.088 seconds
[2026-02-07T05:07:46.875+0000] {processor.py:161} INFO - Started process (PID=2893) to work on /opt/airflow/dags/dl_global_index.py
[2026-02-07T05:07:46.876+0000] {processor.py:830} INFO - Processing file /opt/airflow/dags/dl_global_index.py for tasks to queue
[2026-02-07T05:07:46.877+0000] {logging_mixin.py:188} INFO - [2026-02-07T05:07:46.876+0000] {dagbag.py:545} INFO - Filling up the DagBag from /opt/airflow/dags/dl_global_index.py
[2026-02-07T05:07:46.900+0000] {processor.py:840} INFO - DAG(s) 'global_index_minio' retrieved from /opt/airflow/dags/dl_global_index.py
[2026-02-07T05:07:46.921+0000] {logging_mixin.py:188} INFO - [2026-02-07T05:07:46.920+0000] {dag.py:3089} INFO - Sync 1 DAGs
[2026-02-07T05:07:46.940+0000] {logging_mixin.py:188} INFO - [2026-02-07T05:07:46.940+0000] {dag.py:3947} INFO - Setting next_dagrun for global_index_minio to 2026-02-07 00:00:00+00:00, run_after=2026-02-08 00:00:00+00:00
[2026-02-07T05:07:46.958+0000] {processor.py:183} INFO - Processing /opt/airflow/dags/dl_global_index.py took 0.088 seconds
[2026-02-07T05:08:17.639+0000] {processor.py:161} INFO - Started process (PID=2917) to work on /opt/airflow/dags/dl_global_index.py
[2026-02-07T05:08:17.639+0000] {processor.py:830} INFO - Processing file /opt/airflow/dags/dl_global_index.py for tasks to queue
[2026-02-07T05:08:17.640+0000] {logging_mixin.py:188} INFO - [2026-02-07T05:08:17.640+0000] {dagbag.py:545} INFO - Filling up the DagBag from /opt/airflow/dags/dl_global_index.py
[2026-02-07T05:08:17.664+0000] {processor.py:840} INFO - DAG(s) 'global_index_minio' retrieved from /opt/airflow/dags/dl_global_index.py
[2026-02-07T05:08:17.687+0000] {logging_mixin.py:188} INFO - [2026-02-07T05:08:17.686+0000] {dag.py:3089} INFO - Sync 1 DAGs
[2026-02-07T05:08:17.707+0000] {logging_mixin.py:188} INFO - [2026-02-07T05:08:17.707+0000] {dag.py:3947} INFO - Setting next_dagrun for global_index_minio to 2026-02-07 00:00:00+00:00, run_after=2026-02-08 00:00:00+00:00
[2026-02-07T05:08:17.724+0000] {processor.py:183} INFO - Processing /opt/airflow/dags/dl_global_index.py took 0.090 seconds
[2026-02-07T05:08:48.383+0000] {processor.py:161} INFO - Started process (PID=2941) to work on /opt/airflow/dags/dl_global_index.py
[2026-02-07T05:08:48.383+0000] {processor.py:830} INFO - Processing file /opt/airflow/dags/dl_global_index.py for tasks to queue
[2026-02-07T05:08:48.384+0000] {logging_mixin.py:188} INFO - [2026-02-07T05:08:48.384+0000] {dagbag.py:545} INFO - Filling up the DagBag from /opt/airflow/dags/dl_global_index.py
[2026-02-07T05:08:48.407+0000] {processor.py:840} INFO - DAG(s) 'global_index_minio' retrieved from /opt/airflow/dags/dl_global_index.py
[2026-02-07T05:08:48.428+0000] {logging_mixin.py:188} INFO - [2026-02-07T05:08:48.428+0000] {dag.py:3089} INFO - Sync 1 DAGs
[2026-02-07T05:08:48.447+0000] {logging_mixin.py:188} INFO - [2026-02-07T05:08:48.447+0000] {dag.py:3947} INFO - Setting next_dagrun for global_index_minio to 2026-02-07 00:00:00+00:00, run_after=2026-02-08 00:00:00+00:00
[2026-02-07T05:08:48.467+0000] {processor.py:183} INFO - Processing /opt/airflow/dags/dl_global_index.py took 0.089 seconds
[2026-02-07T05:09:19.058+0000] {processor.py:161} INFO - Started process (PID=2965) to work on /opt/airflow/dags/dl_global_index.py
[2026-02-07T05:09:19.058+0000] {processor.py:830} INFO - Processing file /opt/airflow/dags/dl_global_index.py for tasks to queue
[2026-02-07T05:09:19.059+0000] {logging_mixin.py:188} INFO - [2026-02-07T05:09:19.059+0000] {dagbag.py:545} INFO - Filling up the DagBag from /opt/airflow/dags/dl_global_index.py
[2026-02-07T05:09:19.084+0000] {processor.py:840} INFO - DAG(s) 'global_index_minio' retrieved from /opt/airflow/dags/dl_global_index.py
[2026-02-07T05:09:19.106+0000] {logging_mixin.py:188} INFO - [2026-02-07T05:09:19.106+0000] {dag.py:3089} INFO - Sync 1 DAGs
[2026-02-07T05:09:19.125+0000] {logging_mixin.py:188} INFO - [2026-02-07T05:09:19.125+0000] {dag.py:3947} INFO - Setting next_dagrun for global_index_minio to 2026-02-07 00:00:00+00:00, run_after=2026-02-08 00:00:00+00:00
[2026-02-07T05:09:19.143+0000] {processor.py:183} INFO - Processing /opt/airflow/dags/dl_global_index.py took 0.091 seconds
[2026-02-07T05:09:49.854+0000] {processor.py:161} INFO - Started process (PID=2989) to work on /opt/airflow/dags/dl_global_index.py
[2026-02-07T05:09:49.855+0000] {processor.py:830} INFO - Processing file /opt/airflow/dags/dl_global_index.py for tasks to queue
[2026-02-07T05:09:49.855+0000] {logging_mixin.py:188} INFO - [2026-02-07T05:09:49.855+0000] {dagbag.py:545} INFO - Filling up the DagBag from /opt/airflow/dags/dl_global_index.py
[2026-02-07T05:09:49.880+0000] {processor.py:840} INFO - DAG(s) 'global_index_minio' retrieved from /opt/airflow/dags/dl_global_index.py
[2026-02-07T05:09:49.900+0000] {logging_mixin.py:188} INFO - [2026-02-07T05:09:49.900+0000] {dag.py:3089} INFO - Sync 1 DAGs
[2026-02-07T05:09:49.920+0000] {logging_mixin.py:188} INFO - [2026-02-07T05:09:49.920+0000] {dag.py:3947} INFO - Setting next_dagrun for global_index_minio to 2026-02-07 00:00:00+00:00, run_after=2026-02-08 00:00:00+00:00
[2026-02-07T05:09:49.937+0000] {processor.py:183} INFO - Processing /opt/airflow/dags/dl_global_index.py took 0.087 seconds
[2026-02-07T05:10:20.669+0000] {processor.py:161} INFO - Started process (PID=3013) to work on /opt/airflow/dags/dl_global_index.py
[2026-02-07T05:10:20.670+0000] {processor.py:830} INFO - Processing file /opt/airflow/dags/dl_global_index.py for tasks to queue
[2026-02-07T05:10:20.671+0000] {logging_mixin.py:188} INFO - [2026-02-07T05:10:20.670+0000] {dagbag.py:545} INFO - Filling up the DagBag from /opt/airflow/dags/dl_global_index.py
[2026-02-07T05:10:20.697+0000] {processor.py:840} INFO - DAG(s) 'global_index_minio' retrieved from /opt/airflow/dags/dl_global_index.py
[2026-02-07T05:10:20.719+0000] {logging_mixin.py:188} INFO - [2026-02-07T05:10:20.718+0000] {dag.py:3089} INFO - Sync 1 DAGs
[2026-02-07T05:10:20.737+0000] {logging_mixin.py:188} INFO - [2026-02-07T05:10:20.737+0000] {dag.py:3947} INFO - Setting next_dagrun for global_index_minio to 2026-02-07 00:00:00+00:00, run_after=2026-02-08 00:00:00+00:00
[2026-02-07T05:10:20.755+0000] {processor.py:183} INFO - Processing /opt/airflow/dags/dl_global_index.py took 0.091 seconds
[2026-02-07T05:10:51.686+0000] {processor.py:161} INFO - Started process (PID=3037) to work on /opt/airflow/dags/dl_global_index.py
[2026-02-07T05:10:51.687+0000] {processor.py:830} INFO - Processing file /opt/airflow/dags/dl_global_index.py for tasks to queue
[2026-02-07T05:10:51.688+0000] {logging_mixin.py:188} INFO - [2026-02-07T05:10:51.688+0000] {dagbag.py:545} INFO - Filling up the DagBag from /opt/airflow/dags/dl_global_index.py
[2026-02-07T05:10:51.720+0000] {processor.py:840} INFO - DAG(s) 'global_index_minio' retrieved from /opt/airflow/dags/dl_global_index.py
[2026-02-07T05:10:51.742+0000] {logging_mixin.py:188} INFO - [2026-02-07T05:10:51.742+0000] {dag.py:3089} INFO - Sync 1 DAGs
[2026-02-07T05:10:51.763+0000] {logging_mixin.py:188} INFO - [2026-02-07T05:10:51.763+0000] {dag.py:3947} INFO - Setting next_dagrun for global_index_minio to 2026-02-07 00:00:00+00:00, run_after=2026-02-08 00:00:00+00:00
[2026-02-07T05:10:51.781+0000] {processor.py:183} INFO - Processing /opt/airflow/dags/dl_global_index.py took 0.100 seconds
[2026-02-07T05:11:22.625+0000] {processor.py:161} INFO - Started process (PID=3062) to work on /opt/airflow/dags/dl_global_index.py
[2026-02-07T05:11:22.625+0000] {processor.py:830} INFO - Processing file /opt/airflow/dags/dl_global_index.py for tasks to queue
[2026-02-07T05:11:22.626+0000] {logging_mixin.py:188} INFO - [2026-02-07T05:11:22.626+0000] {dagbag.py:545} INFO - Filling up the DagBag from /opt/airflow/dags/dl_global_index.py
[2026-02-07T05:11:22.649+0000] {processor.py:840} INFO - DAG(s) 'global_index_minio' retrieved from /opt/airflow/dags/dl_global_index.py
[2026-02-07T05:11:22.670+0000] {logging_mixin.py:188} INFO - [2026-02-07T05:11:22.670+0000] {dag.py:3089} INFO - Sync 1 DAGs
[2026-02-07T05:11:22.688+0000] {logging_mixin.py:188} INFO - [2026-02-07T05:11:22.688+0000] {dag.py:3947} INFO - Setting next_dagrun for global_index_minio to 2026-02-07 00:00:00+00:00, run_after=2026-02-08 00:00:00+00:00
[2026-02-07T05:11:22.707+0000] {processor.py:183} INFO - Processing /opt/airflow/dags/dl_global_index.py took 0.088 seconds
[2026-02-07T05:11:52.939+0000] {processor.py:161} INFO - Started process (PID=3086) to work on /opt/airflow/dags/dl_global_index.py
[2026-02-07T05:11:52.940+0000] {processor.py:830} INFO - Processing file /opt/airflow/dags/dl_global_index.py for tasks to queue
[2026-02-07T05:11:52.941+0000] {logging_mixin.py:188} INFO - [2026-02-07T05:11:52.941+0000] {dagbag.py:545} INFO - Filling up the DagBag from /opt/airflow/dags/dl_global_index.py
[2026-02-07T05:11:52.966+0000] {processor.py:840} INFO - DAG(s) 'global_index_minio' retrieved from /opt/airflow/dags/dl_global_index.py
[2026-02-07T05:11:52.992+0000] {logging_mixin.py:188} INFO - [2026-02-07T05:11:52.991+0000] {dag.py:3089} INFO - Sync 1 DAGs
[2026-02-07T05:11:53.015+0000] {logging_mixin.py:188} INFO - [2026-02-07T05:11:53.014+0000] {dag.py:3947} INFO - Setting next_dagrun for global_index_minio to 2026-02-07 00:00:00+00:00, run_after=2026-02-08 00:00:00+00:00
[2026-02-07T05:11:53.041+0000] {processor.py:183} INFO - Processing /opt/airflow/dags/dl_global_index.py took 0.107 seconds
[2026-02-07T05:12:23.724+0000] {processor.py:161} INFO - Started process (PID=3110) to work on /opt/airflow/dags/dl_global_index.py
[2026-02-07T05:12:23.725+0000] {processor.py:830} INFO - Processing file /opt/airflow/dags/dl_global_index.py for tasks to queue
[2026-02-07T05:12:23.726+0000] {logging_mixin.py:188} INFO - [2026-02-07T05:12:23.726+0000] {dagbag.py:545} INFO - Filling up the DagBag from /opt/airflow/dags/dl_global_index.py
[2026-02-07T05:12:23.752+0000] {processor.py:840} INFO - DAG(s) 'global_index_minio' retrieved from /opt/airflow/dags/dl_global_index.py
[2026-02-07T05:12:23.774+0000] {logging_mixin.py:188} INFO - [2026-02-07T05:12:23.773+0000] {dag.py:3089} INFO - Sync 1 DAGs
[2026-02-07T05:12:23.794+0000] {logging_mixin.py:188} INFO - [2026-02-07T05:12:23.794+0000] {dag.py:3947} INFO - Setting next_dagrun for global_index_minio to 2026-02-07 00:00:00+00:00, run_after=2026-02-08 00:00:00+00:00
[2026-02-07T05:12:23.814+0000] {processor.py:183} INFO - Processing /opt/airflow/dags/dl_global_index.py took 0.094 seconds
[2026-02-07T05:12:54.415+0000] {processor.py:161} INFO - Started process (PID=3134) to work on /opt/airflow/dags/dl_global_index.py
[2026-02-07T05:12:54.416+0000] {processor.py:830} INFO - Processing file /opt/airflow/dags/dl_global_index.py for tasks to queue
[2026-02-07T05:12:54.416+0000] {logging_mixin.py:188} INFO - [2026-02-07T05:12:54.416+0000] {dagbag.py:545} INFO - Filling up the DagBag from /opt/airflow/dags/dl_global_index.py
[2026-02-07T05:12:54.440+0000] {processor.py:840} INFO - DAG(s) 'global_index_minio' retrieved from /opt/airflow/dags/dl_global_index.py
[2026-02-07T05:12:54.462+0000] {logging_mixin.py:188} INFO - [2026-02-07T05:12:54.462+0000] {dag.py:3089} INFO - Sync 1 DAGs
[2026-02-07T05:12:54.480+0000] {logging_mixin.py:188} INFO - [2026-02-07T05:12:54.480+0000] {dag.py:3947} INFO - Setting next_dagrun for global_index_minio to 2026-02-07 00:00:00+00:00, run_after=2026-02-08 00:00:00+00:00
[2026-02-07T05:12:54.496+0000] {processor.py:183} INFO - Processing /opt/airflow/dags/dl_global_index.py took 0.086 seconds
[2026-02-07T05:13:25.162+0000] {processor.py:161} INFO - Started process (PID=3158) to work on /opt/airflow/dags/dl_global_index.py
[2026-02-07T05:13:25.163+0000] {processor.py:830} INFO - Processing file /opt/airflow/dags/dl_global_index.py for tasks to queue
[2026-02-07T05:13:25.164+0000] {logging_mixin.py:188} INFO - [2026-02-07T05:13:25.164+0000] {dagbag.py:545} INFO - Filling up the DagBag from /opt/airflow/dags/dl_global_index.py
[2026-02-07T05:13:25.193+0000] {processor.py:840} INFO - DAG(s) 'global_index_minio' retrieved from /opt/airflow/dags/dl_global_index.py
[2026-02-07T05:13:25.215+0000] {logging_mixin.py:188} INFO - [2026-02-07T05:13:25.215+0000] {dag.py:3089} INFO - Sync 1 DAGs
[2026-02-07T05:13:25.239+0000] {logging_mixin.py:188} INFO - [2026-02-07T05:13:25.239+0000] {dag.py:3947} INFO - Setting next_dagrun for global_index_minio to 2026-02-07 00:00:00+00:00, run_after=2026-02-08 00:00:00+00:00
[2026-02-07T05:13:25.259+0000] {processor.py:183} INFO - Processing /opt/airflow/dags/dl_global_index.py took 0.102 seconds
[2026-02-07T05:13:55.912+0000] {processor.py:161} INFO - Started process (PID=3182) to work on /opt/airflow/dags/dl_global_index.py
[2026-02-07T05:13:55.913+0000] {processor.py:830} INFO - Processing file /opt/airflow/dags/dl_global_index.py for tasks to queue
[2026-02-07T05:13:55.914+0000] {logging_mixin.py:188} INFO - [2026-02-07T05:13:55.914+0000] {dagbag.py:545} INFO - Filling up the DagBag from /opt/airflow/dags/dl_global_index.py
[2026-02-07T05:13:55.935+0000] {processor.py:840} INFO - DAG(s) 'global_index_minio' retrieved from /opt/airflow/dags/dl_global_index.py
[2026-02-07T05:13:55.957+0000] {logging_mixin.py:188} INFO - [2026-02-07T05:13:55.956+0000] {dag.py:3089} INFO - Sync 1 DAGs
[2026-02-07T05:13:55.976+0000] {logging_mixin.py:188} INFO - [2026-02-07T05:13:55.976+0000] {dag.py:3947} INFO - Setting next_dagrun for global_index_minio to 2026-02-07 00:00:00+00:00, run_after=2026-02-08 00:00:00+00:00
[2026-02-07T05:13:55.993+0000] {processor.py:183} INFO - Processing /opt/airflow/dags/dl_global_index.py took 0.086 seconds
[2026-02-07T05:14:26.645+0000] {processor.py:161} INFO - Started process (PID=3206) to work on /opt/airflow/dags/dl_global_index.py
[2026-02-07T05:14:26.645+0000] {processor.py:830} INFO - Processing file /opt/airflow/dags/dl_global_index.py for tasks to queue
[2026-02-07T05:14:26.646+0000] {logging_mixin.py:188} INFO - [2026-02-07T05:14:26.646+0000] {dagbag.py:545} INFO - Filling up the DagBag from /opt/airflow/dags/dl_global_index.py
[2026-02-07T05:14:26.672+0000] {processor.py:840} INFO - DAG(s) 'global_index_minio' retrieved from /opt/airflow/dags/dl_global_index.py
[2026-02-07T05:14:26.697+0000] {logging_mixin.py:188} INFO - [2026-02-07T05:14:26.697+0000] {dag.py:3089} INFO - Sync 1 DAGs
[2026-02-07T05:14:26.718+0000] {logging_mixin.py:188} INFO - [2026-02-07T05:14:26.717+0000] {dag.py:3947} INFO - Setting next_dagrun for global_index_minio to 2026-02-07 00:00:00+00:00, run_after=2026-02-08 00:00:00+00:00
[2026-02-07T05:14:26.736+0000] {processor.py:183} INFO - Processing /opt/airflow/dags/dl_global_index.py took 0.097 seconds
[2026-02-07T05:14:57.396+0000] {processor.py:161} INFO - Started process (PID=3230) to work on /opt/airflow/dags/dl_global_index.py
[2026-02-07T05:14:57.397+0000] {processor.py:830} INFO - Processing file /opt/airflow/dags/dl_global_index.py for tasks to queue
[2026-02-07T05:14:57.398+0000] {logging_mixin.py:188} INFO - [2026-02-07T05:14:57.398+0000] {dagbag.py:545} INFO - Filling up the DagBag from /opt/airflow/dags/dl_global_index.py
[2026-02-07T05:14:57.422+0000] {processor.py:840} INFO - DAG(s) 'global_index_minio' retrieved from /opt/airflow/dags/dl_global_index.py
[2026-02-07T05:14:57.444+0000] {logging_mixin.py:188} INFO - [2026-02-07T05:14:57.443+0000] {dag.py:3089} INFO - Sync 1 DAGs
[2026-02-07T05:14:57.463+0000] {logging_mixin.py:188} INFO - [2026-02-07T05:14:57.463+0000] {dag.py:3947} INFO - Setting next_dagrun for global_index_minio to 2026-02-07 00:00:00+00:00, run_after=2026-02-08 00:00:00+00:00
[2026-02-07T05:14:57.481+0000] {processor.py:183} INFO - Processing /opt/airflow/dags/dl_global_index.py took 0.090 seconds
[2026-02-07T05:15:28.376+0000] {processor.py:161} INFO - Started process (PID=3254) to work on /opt/airflow/dags/dl_global_index.py
[2026-02-07T05:15:28.377+0000] {processor.py:830} INFO - Processing file /opt/airflow/dags/dl_global_index.py for tasks to queue
[2026-02-07T05:15:28.378+0000] {logging_mixin.py:188} INFO - [2026-02-07T05:15:28.377+0000] {dagbag.py:545} INFO - Filling up the DagBag from /opt/airflow/dags/dl_global_index.py
[2026-02-07T05:15:28.410+0000] {processor.py:840} INFO - DAG(s) 'global_index_minio' retrieved from /opt/airflow/dags/dl_global_index.py
[2026-02-07T05:15:28.440+0000] {logging_mixin.py:188} INFO - [2026-02-07T05:15:28.439+0000] {dag.py:3089} INFO - Sync 1 DAGs
[2026-02-07T05:15:28.464+0000] {logging_mixin.py:188} INFO - [2026-02-07T05:15:28.464+0000] {dag.py:3947} INFO - Setting next_dagrun for global_index_minio to 2026-02-07 00:00:00+00:00, run_after=2026-02-08 00:00:00+00:00
[2026-02-07T05:15:28.485+0000] {processor.py:183} INFO - Processing /opt/airflow/dags/dl_global_index.py took 0.115 seconds
[2026-02-07T05:15:59.407+0000] {processor.py:161} INFO - Started process (PID=3278) to work on /opt/airflow/dags/dl_global_index.py
[2026-02-07T05:15:59.408+0000] {processor.py:830} INFO - Processing file /opt/airflow/dags/dl_global_index.py for tasks to queue
[2026-02-07T05:15:59.409+0000] {logging_mixin.py:188} INFO - [2026-02-07T05:15:59.409+0000] {dagbag.py:545} INFO - Filling up the DagBag from /opt/airflow/dags/dl_global_index.py
[2026-02-07T05:15:59.438+0000] {processor.py:840} INFO - DAG(s) 'global_index_minio' retrieved from /opt/airflow/dags/dl_global_index.py
[2026-02-07T05:15:59.460+0000] {logging_mixin.py:188} INFO - [2026-02-07T05:15:59.460+0000] {dag.py:3089} INFO - Sync 1 DAGs
[2026-02-07T05:15:59.481+0000] {logging_mixin.py:188} INFO - [2026-02-07T05:15:59.481+0000] {dag.py:3947} INFO - Setting next_dagrun for global_index_minio to 2026-02-07 00:00:00+00:00, run_after=2026-02-08 00:00:00+00:00
[2026-02-07T05:15:59.499+0000] {processor.py:183} INFO - Processing /opt/airflow/dags/dl_global_index.py took 0.097 seconds
[2026-02-07T05:16:29.708+0000] {processor.py:161} INFO - Started process (PID=3303) to work on /opt/airflow/dags/dl_global_index.py
[2026-02-07T05:16:29.709+0000] {processor.py:830} INFO - Processing file /opt/airflow/dags/dl_global_index.py for tasks to queue
[2026-02-07T05:16:29.710+0000] {logging_mixin.py:188} INFO - [2026-02-07T05:16:29.710+0000] {dagbag.py:545} INFO - Filling up the DagBag from /opt/airflow/dags/dl_global_index.py
[2026-02-07T05:16:29.742+0000] {processor.py:840} INFO - DAG(s) 'global_index_minio' retrieved from /opt/airflow/dags/dl_global_index.py
[2026-02-07T05:16:29.766+0000] {logging_mixin.py:188} INFO - [2026-02-07T05:16:29.766+0000] {dag.py:3089} INFO - Sync 1 DAGs
[2026-02-07T05:16:29.789+0000] {logging_mixin.py:188} INFO - [2026-02-07T05:16:29.789+0000] {dag.py:3947} INFO - Setting next_dagrun for global_index_minio to 2026-02-07 00:00:00+00:00, run_after=2026-02-08 00:00:00+00:00
[2026-02-07T05:16:29.809+0000] {processor.py:183} INFO - Processing /opt/airflow/dags/dl_global_index.py took 0.108 seconds
[2026-02-07T05:18:30.505+0000] {processor.py:161} INFO - Started process (PID=70) to work on /opt/airflow/dags/dl_global_index.py
[2026-02-07T05:18:30.506+0000] {processor.py:830} INFO - Processing file /opt/airflow/dags/dl_global_index.py for tasks to queue
[2026-02-07T05:18:30.507+0000] {logging_mixin.py:188} INFO - [2026-02-07T05:18:30.507+0000] {dagbag.py:545} INFO - Filling up the DagBag from /opt/airflow/dags/dl_global_index.py
[2026-02-07T05:18:30.535+0000] {processor.py:840} INFO - DAG(s) 'global_index_minio' retrieved from /opt/airflow/dags/dl_global_index.py
[2026-02-07T05:18:30.623+0000] {logging_mixin.py:188} INFO - [2026-02-07T05:18:30.623+0000] {dag.py:3089} INFO - Sync 1 DAGs
[2026-02-07T05:18:30.640+0000] {logging_mixin.py:188} INFO - [2026-02-07T05:18:30.639+0000] {dag.py:3947} INFO - Setting next_dagrun for global_index_minio to 2026-02-07 00:00:00+00:00, run_after=2026-02-08 00:00:00+00:00
[2026-02-07T05:18:30.656+0000] {processor.py:183} INFO - Processing /opt/airflow/dags/dl_global_index.py took 0.156 seconds
[2026-02-07T05:19:01.391+0000] {processor.py:161} INFO - Started process (PID=118) to work on /opt/airflow/dags/dl_global_index.py
[2026-02-07T05:19:01.392+0000] {processor.py:830} INFO - Processing file /opt/airflow/dags/dl_global_index.py for tasks to queue
[2026-02-07T05:19:01.393+0000] {logging_mixin.py:188} INFO - [2026-02-07T05:19:01.392+0000] {dagbag.py:545} INFO - Filling up the DagBag from /opt/airflow/dags/dl_global_index.py
[2026-02-07T05:19:01.421+0000] {processor.py:840} INFO - DAG(s) 'global_index_minio' retrieved from /opt/airflow/dags/dl_global_index.py
[2026-02-07T05:19:01.447+0000] {logging_mixin.py:188} INFO - [2026-02-07T05:19:01.447+0000] {dag.py:3089} INFO - Sync 1 DAGs
[2026-02-07T05:19:01.471+0000] {logging_mixin.py:188} INFO - [2026-02-07T05:19:01.470+0000] {dag.py:3947} INFO - Setting next_dagrun for global_index_minio to 2026-02-07 00:00:00+00:00, run_after=2026-02-08 00:00:00+00:00
[2026-02-07T05:19:01.493+0000] {processor.py:183} INFO - Processing /opt/airflow/dags/dl_global_index.py took 0.108 seconds
[2026-02-07T05:19:32.214+0000] {processor.py:161} INFO - Started process (PID=157) to work on /opt/airflow/dags/dl_global_index.py
[2026-02-07T05:19:32.215+0000] {processor.py:830} INFO - Processing file /opt/airflow/dags/dl_global_index.py for tasks to queue
[2026-02-07T05:19:32.216+0000] {logging_mixin.py:188} INFO - [2026-02-07T05:19:32.216+0000] {dagbag.py:545} INFO - Filling up the DagBag from /opt/airflow/dags/dl_global_index.py
[2026-02-07T05:19:32.247+0000] {processor.py:840} INFO - DAG(s) 'global_index_minio' retrieved from /opt/airflow/dags/dl_global_index.py
[2026-02-07T05:19:32.275+0000] {logging_mixin.py:188} INFO - [2026-02-07T05:19:32.275+0000] {dag.py:3089} INFO - Sync 1 DAGs
[2026-02-07T05:19:32.303+0000] {logging_mixin.py:188} INFO - [2026-02-07T05:19:32.303+0000] {dag.py:3947} INFO - Setting next_dagrun for global_index_minio to 2026-02-07 00:00:00+00:00, run_after=2026-02-08 00:00:00+00:00
[2026-02-07T05:19:32.324+0000] {processor.py:183} INFO - Processing /opt/airflow/dags/dl_global_index.py took 0.116 seconds
[2026-02-07T07:56:34.140+0000] {processor.py:161} INFO - Started process (PID=75) to work on /opt/airflow/dags/dl_global_index.py
[2026-02-07T07:56:34.141+0000] {processor.py:830} INFO - Processing file /opt/airflow/dags/dl_global_index.py for tasks to queue
[2026-02-07T07:56:34.141+0000] {logging_mixin.py:188} INFO - [2026-02-07T07:56:34.141+0000] {dagbag.py:545} INFO - Filling up the DagBag from /opt/airflow/dags/dl_global_index.py
[2026-02-07T07:56:34.167+0000] {processor.py:840} INFO - DAG(s) 'global_index_minio' retrieved from /opt/airflow/dags/dl_global_index.py
[2026-02-07T07:56:34.259+0000] {logging_mixin.py:188} INFO - [2026-02-07T07:56:34.259+0000] {dag.py:3089} INFO - Sync 1 DAGs
[2026-02-07T07:56:34.278+0000] {logging_mixin.py:188} INFO - [2026-02-07T07:56:34.278+0000] {dag.py:3947} INFO - Setting next_dagrun for global_index_minio to 2026-02-07 00:00:00+00:00, run_after=2026-02-08 00:00:00+00:00
[2026-02-07T07:56:34.298+0000] {processor.py:183} INFO - Processing /opt/airflow/dags/dl_global_index.py took 0.164 seconds
[2026-02-07T07:57:04.783+0000] {processor.py:161} INFO - Started process (PID=99) to work on /opt/airflow/dags/dl_global_index.py
[2026-02-07T07:57:04.784+0000] {processor.py:830} INFO - Processing file /opt/airflow/dags/dl_global_index.py for tasks to queue
[2026-02-07T07:57:04.785+0000] {logging_mixin.py:188} INFO - [2026-02-07T07:57:04.784+0000] {dagbag.py:545} INFO - Filling up the DagBag from /opt/airflow/dags/dl_global_index.py
[2026-02-07T07:57:04.809+0000] {processor.py:840} INFO - DAG(s) 'global_index_minio' retrieved from /opt/airflow/dags/dl_global_index.py
[2026-02-07T07:57:04.829+0000] {logging_mixin.py:188} INFO - [2026-02-07T07:57:04.829+0000] {dag.py:3089} INFO - Sync 1 DAGs
[2026-02-07T07:57:04.848+0000] {logging_mixin.py:188} INFO - [2026-02-07T07:57:04.848+0000] {dag.py:3947} INFO - Setting next_dagrun for global_index_minio to 2026-02-07 00:00:00+00:00, run_after=2026-02-08 00:00:00+00:00
[2026-02-07T07:57:04.868+0000] {processor.py:183} INFO - Processing /opt/airflow/dags/dl_global_index.py took 0.091 seconds
[2026-02-07T07:57:35.903+0000] {processor.py:161} INFO - Started process (PID=129) to work on /opt/airflow/dags/dl_global_index.py
[2026-02-07T07:57:35.903+0000] {processor.py:830} INFO - Processing file /opt/airflow/dags/dl_global_index.py for tasks to queue
[2026-02-07T07:57:35.904+0000] {logging_mixin.py:188} INFO - [2026-02-07T07:57:35.904+0000] {dagbag.py:545} INFO - Filling up the DagBag from /opt/airflow/dags/dl_global_index.py
[2026-02-07T07:57:35.936+0000] {processor.py:840} INFO - DAG(s) 'global_index_minio' retrieved from /opt/airflow/dags/dl_global_index.py
[2026-02-07T07:57:35.959+0000] {logging_mixin.py:188} INFO - [2026-02-07T07:57:35.959+0000] {dag.py:3089} INFO - Sync 1 DAGs
[2026-02-07T07:57:35.984+0000] {logging_mixin.py:188} INFO - [2026-02-07T07:57:35.983+0000] {dag.py:3947} INFO - Setting next_dagrun for global_index_minio to 2026-02-07 00:00:00+00:00, run_after=2026-02-08 00:00:00+00:00
[2026-02-07T07:57:36.003+0000] {processor.py:183} INFO - Processing /opt/airflow/dags/dl_global_index.py took 0.106 seconds
[2026-02-07T07:58:06.688+0000] {processor.py:161} INFO - Started process (PID=153) to work on /opt/airflow/dags/dl_global_index.py
[2026-02-07T07:58:06.689+0000] {processor.py:830} INFO - Processing file /opt/airflow/dags/dl_global_index.py for tasks to queue
[2026-02-07T07:58:06.691+0000] {logging_mixin.py:188} INFO - [2026-02-07T07:58:06.690+0000] {dagbag.py:545} INFO - Filling up the DagBag from /opt/airflow/dags/dl_global_index.py
[2026-02-07T07:58:06.718+0000] {processor.py:840} INFO - DAG(s) 'global_index_minio' retrieved from /opt/airflow/dags/dl_global_index.py
[2026-02-07T07:58:06.740+0000] {logging_mixin.py:188} INFO - [2026-02-07T07:58:06.740+0000] {dag.py:3089} INFO - Sync 1 DAGs
[2026-02-07T07:58:06.761+0000] {logging_mixin.py:188} INFO - [2026-02-07T07:58:06.761+0000] {dag.py:3947} INFO - Setting next_dagrun for global_index_minio to 2026-02-07 00:00:00+00:00, run_after=2026-02-08 00:00:00+00:00
[2026-02-07T07:58:06.780+0000] {processor.py:183} INFO - Processing /opt/airflow/dags/dl_global_index.py took 0.098 seconds
[2026-02-07T07:58:37.735+0000] {processor.py:161} INFO - Started process (PID=177) to work on /opt/airflow/dags/dl_global_index.py
[2026-02-07T07:58:37.736+0000] {processor.py:830} INFO - Processing file /opt/airflow/dags/dl_global_index.py for tasks to queue
[2026-02-07T07:58:37.737+0000] {logging_mixin.py:188} INFO - [2026-02-07T07:58:37.736+0000] {dagbag.py:545} INFO - Filling up the DagBag from /opt/airflow/dags/dl_global_index.py
[2026-02-07T07:58:37.769+0000] {processor.py:840} INFO - DAG(s) 'global_index_minio' retrieved from /opt/airflow/dags/dl_global_index.py
[2026-02-07T07:58:37.789+0000] {logging_mixin.py:188} INFO - [2026-02-07T07:58:37.789+0000] {dag.py:3089} INFO - Sync 1 DAGs
[2026-02-07T07:58:37.808+0000] {logging_mixin.py:188} INFO - [2026-02-07T07:58:37.808+0000] {dag.py:3947} INFO - Setting next_dagrun for global_index_minio to 2026-02-07 00:00:00+00:00, run_after=2026-02-08 00:00:00+00:00
[2026-02-07T07:58:37.824+0000] {processor.py:183} INFO - Processing /opt/airflow/dags/dl_global_index.py took 0.096 seconds
[2026-02-07T07:59:08.692+0000] {processor.py:161} INFO - Started process (PID=201) to work on /opt/airflow/dags/dl_global_index.py
[2026-02-07T07:59:08.693+0000] {processor.py:830} INFO - Processing file /opt/airflow/dags/dl_global_index.py for tasks to queue
[2026-02-07T07:59:08.694+0000] {logging_mixin.py:188} INFO - [2026-02-07T07:59:08.694+0000] {dagbag.py:545} INFO - Filling up the DagBag from /opt/airflow/dags/dl_global_index.py
[2026-02-07T07:59:08.720+0000] {processor.py:840} INFO - DAG(s) 'global_index_minio' retrieved from /opt/airflow/dags/dl_global_index.py
[2026-02-07T07:59:08.742+0000] {logging_mixin.py:188} INFO - [2026-02-07T07:59:08.742+0000] {dag.py:3089} INFO - Sync 1 DAGs
[2026-02-07T07:59:08.761+0000] {logging_mixin.py:188} INFO - [2026-02-07T07:59:08.761+0000] {dag.py:3947} INFO - Setting next_dagrun for global_index_minio to 2026-02-07 00:00:00+00:00, run_after=2026-02-08 00:00:00+00:00
[2026-02-07T07:59:08.780+0000] {processor.py:183} INFO - Processing /opt/airflow/dags/dl_global_index.py took 0.093 seconds
[2026-02-07T07:59:39.381+0000] {processor.py:161} INFO - Started process (PID=225) to work on /opt/airflow/dags/dl_global_index.py
[2026-02-07T07:59:39.382+0000] {processor.py:830} INFO - Processing file /opt/airflow/dags/dl_global_index.py for tasks to queue
[2026-02-07T07:59:39.383+0000] {logging_mixin.py:188} INFO - [2026-02-07T07:59:39.382+0000] {dagbag.py:545} INFO - Filling up the DagBag from /opt/airflow/dags/dl_global_index.py
[2026-02-07T07:59:39.407+0000] {processor.py:840} INFO - DAG(s) 'global_index_minio' retrieved from /opt/airflow/dags/dl_global_index.py
[2026-02-07T07:59:39.428+0000] {logging_mixin.py:188} INFO - [2026-02-07T07:59:39.428+0000] {dag.py:3089} INFO - Sync 1 DAGs
[2026-02-07T07:59:39.449+0000] {logging_mixin.py:188} INFO - [2026-02-07T07:59:39.449+0000] {dag.py:3947} INFO - Setting next_dagrun for global_index_minio to 2026-02-07 00:00:00+00:00, run_after=2026-02-08 00:00:00+00:00
[2026-02-07T07:59:39.470+0000] {processor.py:183} INFO - Processing /opt/airflow/dags/dl_global_index.py took 0.094 seconds
[2026-02-07T08:00:10.363+0000] {processor.py:161} INFO - Started process (PID=249) to work on /opt/airflow/dags/dl_global_index.py
[2026-02-07T08:00:10.363+0000] {processor.py:830} INFO - Processing file /opt/airflow/dags/dl_global_index.py for tasks to queue
[2026-02-07T08:00:10.364+0000] {logging_mixin.py:188} INFO - [2026-02-07T08:00:10.364+0000] {dagbag.py:545} INFO - Filling up the DagBag from /opt/airflow/dags/dl_global_index.py
[2026-02-07T08:00:10.395+0000] {processor.py:840} INFO - DAG(s) 'global_index_minio' retrieved from /opt/airflow/dags/dl_global_index.py
[2026-02-07T08:00:10.418+0000] {logging_mixin.py:188} INFO - [2026-02-07T08:00:10.418+0000] {dag.py:3089} INFO - Sync 1 DAGs
[2026-02-07T08:00:10.439+0000] {logging_mixin.py:188} INFO - [2026-02-07T08:00:10.438+0000] {dag.py:3947} INFO - Setting next_dagrun for global_index_minio to 2026-02-07 00:00:00+00:00, run_after=2026-02-08 00:00:00+00:00
[2026-02-07T08:00:10.460+0000] {processor.py:183} INFO - Processing /opt/airflow/dags/dl_global_index.py took 0.103 seconds
[2026-02-07T08:00:41.388+0000] {processor.py:161} INFO - Started process (PID=273) to work on /opt/airflow/dags/dl_global_index.py
[2026-02-07T08:00:41.389+0000] {processor.py:830} INFO - Processing file /opt/airflow/dags/dl_global_index.py for tasks to queue
[2026-02-07T08:00:41.390+0000] {logging_mixin.py:188} INFO - [2026-02-07T08:00:41.390+0000] {dagbag.py:545} INFO - Filling up the DagBag from /opt/airflow/dags/dl_global_index.py
[2026-02-07T08:00:41.414+0000] {processor.py:840} INFO - DAG(s) 'global_index_minio' retrieved from /opt/airflow/dags/dl_global_index.py
[2026-02-07T08:00:41.434+0000] {logging_mixin.py:188} INFO - [2026-02-07T08:00:41.434+0000] {dag.py:3089} INFO - Sync 1 DAGs
[2026-02-07T08:00:41.454+0000] {logging_mixin.py:188} INFO - [2026-02-07T08:00:41.453+0000] {dag.py:3947} INFO - Setting next_dagrun for global_index_minio to 2026-02-07 00:00:00+00:00, run_after=2026-02-08 00:00:00+00:00
[2026-02-07T08:00:41.470+0000] {processor.py:183} INFO - Processing /opt/airflow/dags/dl_global_index.py took 0.087 seconds
[2026-02-07T08:01:11.963+0000] {processor.py:161} INFO - Started process (PID=297) to work on /opt/airflow/dags/dl_global_index.py
[2026-02-07T08:01:11.964+0000] {processor.py:830} INFO - Processing file /opt/airflow/dags/dl_global_index.py for tasks to queue
[2026-02-07T08:01:11.965+0000] {logging_mixin.py:188} INFO - [2026-02-07T08:01:11.964+0000] {dagbag.py:545} INFO - Filling up the DagBag from /opt/airflow/dags/dl_global_index.py
[2026-02-07T08:01:11.987+0000] {processor.py:840} INFO - DAG(s) 'global_index_minio' retrieved from /opt/airflow/dags/dl_global_index.py
[2026-02-07T08:01:12.008+0000] {logging_mixin.py:188} INFO - [2026-02-07T08:01:12.008+0000] {dag.py:3089} INFO - Sync 1 DAGs
[2026-02-07T08:01:12.027+0000] {logging_mixin.py:188} INFO - [2026-02-07T08:01:12.027+0000] {dag.py:3947} INFO - Setting next_dagrun for global_index_minio to 2026-02-07 00:00:00+00:00, run_after=2026-02-08 00:00:00+00:00
[2026-02-07T08:01:12.044+0000] {processor.py:183} INFO - Processing /opt/airflow/dags/dl_global_index.py took 0.086 seconds
[2026-02-07T08:01:43.054+0000] {processor.py:161} INFO - Started process (PID=321) to work on /opt/airflow/dags/dl_global_index.py
[2026-02-07T08:01:43.054+0000] {processor.py:830} INFO - Processing file /opt/airflow/dags/dl_global_index.py for tasks to queue
[2026-02-07T08:01:43.055+0000] {logging_mixin.py:188} INFO - [2026-02-07T08:01:43.055+0000] {dagbag.py:545} INFO - Filling up the DagBag from /opt/airflow/dags/dl_global_index.py
[2026-02-07T08:01:43.083+0000] {processor.py:840} INFO - DAG(s) 'global_index_minio' retrieved from /opt/airflow/dags/dl_global_index.py
[2026-02-07T08:01:43.105+0000] {logging_mixin.py:188} INFO - [2026-02-07T08:01:43.105+0000] {dag.py:3089} INFO - Sync 1 DAGs
[2026-02-07T08:01:43.127+0000] {logging_mixin.py:188} INFO - [2026-02-07T08:01:43.127+0000] {dag.py:3947} INFO - Setting next_dagrun for global_index_minio to 2026-02-07 00:00:00+00:00, run_after=2026-02-08 00:00:00+00:00
[2026-02-07T08:01:43.145+0000] {processor.py:183} INFO - Processing /opt/airflow/dags/dl_global_index.py took 0.098 seconds
[2026-02-07T08:02:14.027+0000] {processor.py:161} INFO - Started process (PID=345) to work on /opt/airflow/dags/dl_global_index.py
[2026-02-07T08:02:14.028+0000] {processor.py:830} INFO - Processing file /opt/airflow/dags/dl_global_index.py for tasks to queue
[2026-02-07T08:02:14.029+0000] {logging_mixin.py:188} INFO - [2026-02-07T08:02:14.028+0000] {dagbag.py:545} INFO - Filling up the DagBag from /opt/airflow/dags/dl_global_index.py
[2026-02-07T08:02:14.059+0000] {processor.py:840} INFO - DAG(s) 'global_index_minio' retrieved from /opt/airflow/dags/dl_global_index.py
[2026-02-07T08:02:14.082+0000] {logging_mixin.py:188} INFO - [2026-02-07T08:02:14.082+0000] {dag.py:3089} INFO - Sync 1 DAGs
[2026-02-07T08:02:14.103+0000] {logging_mixin.py:188} INFO - [2026-02-07T08:02:14.103+0000] {dag.py:3947} INFO - Setting next_dagrun for global_index_minio to 2026-02-07 00:00:00+00:00, run_after=2026-02-08 00:00:00+00:00
[2026-02-07T08:02:14.128+0000] {processor.py:183} INFO - Processing /opt/airflow/dags/dl_global_index.py took 0.106 seconds
[2026-02-07T08:02:44.202+0000] {processor.py:161} INFO - Started process (PID=369) to work on /opt/airflow/dags/dl_global_index.py
[2026-02-07T08:02:44.203+0000] {processor.py:830} INFO - Processing file /opt/airflow/dags/dl_global_index.py for tasks to queue
[2026-02-07T08:02:44.205+0000] {logging_mixin.py:188} INFO - [2026-02-07T08:02:44.204+0000] {dagbag.py:545} INFO - Filling up the DagBag from /opt/airflow/dags/dl_global_index.py
[2026-02-07T08:02:44.236+0000] {processor.py:840} INFO - DAG(s) 'global_index_minio' retrieved from /opt/airflow/dags/dl_global_index.py
[2026-02-07T08:02:44.262+0000] {logging_mixin.py:188} INFO - [2026-02-07T08:02:44.262+0000] {dag.py:3089} INFO - Sync 1 DAGs
[2026-02-07T08:02:44.286+0000] {logging_mixin.py:188} INFO - [2026-02-07T08:02:44.285+0000] {dag.py:3947} INFO - Setting next_dagrun for global_index_minio to 2026-02-07 00:00:00+00:00, run_after=2026-02-08 00:00:00+00:00
[2026-02-07T08:02:44.306+0000] {processor.py:183} INFO - Processing /opt/airflow/dags/dl_global_index.py took 0.110 seconds
[2026-02-07T08:03:14.985+0000] {processor.py:161} INFO - Started process (PID=393) to work on /opt/airflow/dags/dl_global_index.py
[2026-02-07T08:03:14.986+0000] {processor.py:830} INFO - Processing file /opt/airflow/dags/dl_global_index.py for tasks to queue
[2026-02-07T08:03:14.988+0000] {logging_mixin.py:188} INFO - [2026-02-07T08:03:14.987+0000] {dagbag.py:545} INFO - Filling up the DagBag from /opt/airflow/dags/dl_global_index.py
[2026-02-07T08:03:15.038+0000] {processor.py:840} INFO - DAG(s) 'global_index_minio' retrieved from /opt/airflow/dags/dl_global_index.py
[2026-02-07T08:03:15.069+0000] {logging_mixin.py:188} INFO - [2026-02-07T08:03:15.069+0000] {dag.py:3089} INFO - Sync 1 DAGs
[2026-02-07T08:03:15.102+0000] {logging_mixin.py:188} INFO - [2026-02-07T08:03:15.101+0000] {dag.py:3947} INFO - Setting next_dagrun for global_index_minio to 2026-02-07 00:00:00+00:00, run_after=2026-02-08 00:00:00+00:00
[2026-02-07T08:03:15.133+0000] {processor.py:183} INFO - Processing /opt/airflow/dags/dl_global_index.py took 0.155 seconds
[2026-02-07T08:03:45.273+0000] {processor.py:161} INFO - Started process (PID=417) to work on /opt/airflow/dags/dl_global_index.py
[2026-02-07T08:03:45.273+0000] {processor.py:830} INFO - Processing file /opt/airflow/dags/dl_global_index.py for tasks to queue
[2026-02-07T08:03:45.274+0000] {logging_mixin.py:188} INFO - [2026-02-07T08:03:45.274+0000] {dagbag.py:545} INFO - Filling up the DagBag from /opt/airflow/dags/dl_global_index.py
[2026-02-07T08:03:45.299+0000] {processor.py:840} INFO - DAG(s) 'global_index_minio' retrieved from /opt/airflow/dags/dl_global_index.py
[2026-02-07T08:03:45.322+0000] {logging_mixin.py:188} INFO - [2026-02-07T08:03:45.322+0000] {dag.py:3089} INFO - Sync 1 DAGs
[2026-02-07T08:03:45.343+0000] {logging_mixin.py:188} INFO - [2026-02-07T08:03:45.343+0000] {dag.py:3947} INFO - Setting next_dagrun for global_index_minio to 2026-02-07 00:00:00+00:00, run_after=2026-02-08 00:00:00+00:00
[2026-02-07T08:03:45.369+0000] {processor.py:183} INFO - Processing /opt/airflow/dags/dl_global_index.py took 0.102 seconds
[2026-02-07T08:04:16.022+0000] {processor.py:161} INFO - Started process (PID=441) to work on /opt/airflow/dags/dl_global_index.py
[2026-02-07T08:04:16.023+0000] {processor.py:830} INFO - Processing file /opt/airflow/dags/dl_global_index.py for tasks to queue
[2026-02-07T08:04:16.024+0000] {logging_mixin.py:188} INFO - [2026-02-07T08:04:16.024+0000] {dagbag.py:545} INFO - Filling up the DagBag from /opt/airflow/dags/dl_global_index.py
[2026-02-07T08:04:16.060+0000] {processor.py:840} INFO - DAG(s) 'global_index_minio' retrieved from /opt/airflow/dags/dl_global_index.py
[2026-02-07T08:04:16.082+0000] {logging_mixin.py:188} INFO - [2026-02-07T08:04:16.082+0000] {dag.py:3089} INFO - Sync 1 DAGs
[2026-02-07T08:04:16.101+0000] {logging_mixin.py:188} INFO - [2026-02-07T08:04:16.101+0000] {dag.py:3947} INFO - Setting next_dagrun for global_index_minio to 2026-02-07 00:00:00+00:00, run_after=2026-02-08 00:00:00+00:00
[2026-02-07T08:04:16.120+0000] {processor.py:183} INFO - Processing /opt/airflow/dags/dl_global_index.py took 0.104 seconds
[2026-02-07T08:04:50.542+0000] {processor.py:161} INFO - Started process (PID=478) to work on /opt/airflow/dags/dl_global_index.py
[2026-02-07T08:04:50.549+0000] {processor.py:830} INFO - Processing file /opt/airflow/dags/dl_global_index.py for tasks to queue
[2026-02-07T08:04:50.555+0000] {logging_mixin.py:188} INFO - [2026-02-07T08:04:50.553+0000] {dagbag.py:545} INFO - Filling up the DagBag from /opt/airflow/dags/dl_global_index.py
[2026-02-07T08:04:50.741+0000] {processor.py:840} INFO - DAG(s) 'global_index_minio' retrieved from /opt/airflow/dags/dl_global_index.py
[2026-02-07T08:04:51.047+0000] {logging_mixin.py:188} INFO - [2026-02-07T08:04:51.046+0000] {dag.py:3089} INFO - Sync 1 DAGs
[2026-02-07T08:04:51.213+0000] {logging_mixin.py:188} INFO - [2026-02-07T08:04:51.212+0000] {dag.py:3947} INFO - Setting next_dagrun for global_index_minio to 2026-02-07 00:00:00+00:00, run_after=2026-02-08 00:00:00+00:00
[2026-02-07T08:04:51.343+0000] {processor.py:183} INFO - Processing /opt/airflow/dags/dl_global_index.py took 0.869 seconds
[2026-02-07T08:05:21.677+0000] {processor.py:161} INFO - Started process (PID=515) to work on /opt/airflow/dags/dl_global_index.py
[2026-02-07T08:05:21.681+0000] {processor.py:830} INFO - Processing file /opt/airflow/dags/dl_global_index.py for tasks to queue
[2026-02-07T08:05:21.688+0000] {logging_mixin.py:188} INFO - [2026-02-07T08:05:21.687+0000] {dagbag.py:545} INFO - Filling up the DagBag from /opt/airflow/dags/dl_global_index.py
[2026-02-07T08:05:21.902+0000] {processor.py:840} INFO - DAG(s) 'global_index_minio' retrieved from /opt/airflow/dags/dl_global_index.py
[2026-02-07T08:05:21.976+0000] {logging_mixin.py:188} INFO - [2026-02-07T08:05:21.976+0000] {dag.py:3089} INFO - Sync 1 DAGs
[2026-02-07T08:05:22.047+0000] {logging_mixin.py:188} INFO - [2026-02-07T08:05:22.047+0000] {dag.py:3947} INFO - Setting next_dagrun for global_index_minio to 2026-02-07 00:00:00+00:00, run_after=2026-02-08 00:00:00+00:00
[2026-02-07T08:05:22.104+0000] {processor.py:183} INFO - Processing /opt/airflow/dags/dl_global_index.py took 0.439 seconds
[2026-02-07T08:05:55.281+0000] {processor.py:161} INFO - Started process (PID=541) to work on /opt/airflow/dags/dl_global_index.py
[2026-02-07T08:05:55.282+0000] {processor.py:830} INFO - Processing file /opt/airflow/dags/dl_global_index.py for tasks to queue
[2026-02-07T08:05:55.284+0000] {logging_mixin.py:188} INFO - [2026-02-07T08:05:55.283+0000] {dagbag.py:545} INFO - Filling up the DagBag from /opt/airflow/dags/dl_global_index.py
[2026-02-07T08:05:55.360+0000] {processor.py:840} INFO - DAG(s) 'global_index_minio' retrieved from /opt/airflow/dags/dl_global_index.py
[2026-02-07T08:05:55.443+0000] {logging_mixin.py:188} INFO - [2026-02-07T08:05:55.443+0000] {dag.py:3089} INFO - Sync 1 DAGs
[2026-02-07T08:05:55.498+0000] {logging_mixin.py:188} INFO - [2026-02-07T08:05:55.497+0000] {dag.py:3947} INFO - Setting next_dagrun for global_index_minio to 2026-02-07 00:00:00+00:00, run_after=2026-02-08 00:00:00+00:00
[2026-02-07T08:05:55.573+0000] {processor.py:183} INFO - Processing /opt/airflow/dags/dl_global_index.py took 0.305 seconds
[2026-02-07T08:06:26.386+0000] {processor.py:161} INFO - Started process (PID=564) to work on /opt/airflow/dags/dl_global_index.py
[2026-02-07T08:06:26.386+0000] {processor.py:830} INFO - Processing file /opt/airflow/dags/dl_global_index.py for tasks to queue
[2026-02-07T08:06:26.387+0000] {logging_mixin.py:188} INFO - [2026-02-07T08:06:26.387+0000] {dagbag.py:545} INFO - Filling up the DagBag from /opt/airflow/dags/dl_global_index.py
[2026-02-07T08:06:26.413+0000] {processor.py:840} INFO - DAG(s) 'global_index_minio' retrieved from /opt/airflow/dags/dl_global_index.py
[2026-02-07T08:06:26.433+0000] {logging_mixin.py:188} INFO - [2026-02-07T08:06:26.433+0000] {dag.py:3089} INFO - Sync 1 DAGs
[2026-02-07T08:06:26.454+0000] {logging_mixin.py:188} INFO - [2026-02-07T08:06:26.453+0000] {dag.py:3947} INFO - Setting next_dagrun for global_index_minio to 2026-02-07 00:00:00+00:00, run_after=2026-02-08 00:00:00+00:00
[2026-02-07T08:06:26.474+0000] {processor.py:183} INFO - Processing /opt/airflow/dags/dl_global_index.py took 0.093 seconds
[2026-02-07T08:06:56.939+0000] {processor.py:161} INFO - Started process (PID=588) to work on /opt/airflow/dags/dl_global_index.py
[2026-02-07T08:06:56.940+0000] {processor.py:830} INFO - Processing file /opt/airflow/dags/dl_global_index.py for tasks to queue
[2026-02-07T08:06:56.941+0000] {logging_mixin.py:188} INFO - [2026-02-07T08:06:56.940+0000] {dagbag.py:545} INFO - Filling up the DagBag from /opt/airflow/dags/dl_global_index.py
[2026-02-07T08:06:56.966+0000] {processor.py:840} INFO - DAG(s) 'global_index_minio' retrieved from /opt/airflow/dags/dl_global_index.py
[2026-02-07T08:06:56.986+0000] {logging_mixin.py:188} INFO - [2026-02-07T08:06:56.986+0000] {dag.py:3089} INFO - Sync 1 DAGs
[2026-02-07T08:06:57.005+0000] {logging_mixin.py:188} INFO - [2026-02-07T08:06:57.005+0000] {dag.py:3947} INFO - Setting next_dagrun for global_index_minio to 2026-02-07 00:00:00+00:00, run_after=2026-02-08 00:00:00+00:00
[2026-02-07T08:06:57.022+0000] {processor.py:183} INFO - Processing /opt/airflow/dags/dl_global_index.py took 0.088 seconds
[2026-02-07T08:07:27.531+0000] {processor.py:161} INFO - Started process (PID=612) to work on /opt/airflow/dags/dl_global_index.py
[2026-02-07T08:07:27.532+0000] {processor.py:830} INFO - Processing file /opt/airflow/dags/dl_global_index.py for tasks to queue
[2026-02-07T08:07:27.533+0000] {logging_mixin.py:188} INFO - [2026-02-07T08:07:27.532+0000] {dagbag.py:545} INFO - Filling up the DagBag from /opt/airflow/dags/dl_global_index.py
[2026-02-07T08:07:27.558+0000] {processor.py:840} INFO - DAG(s) 'global_index_minio' retrieved from /opt/airflow/dags/dl_global_index.py
[2026-02-07T08:07:27.579+0000] {logging_mixin.py:188} INFO - [2026-02-07T08:07:27.579+0000] {dag.py:3089} INFO - Sync 1 DAGs
[2026-02-07T08:07:27.605+0000] {logging_mixin.py:188} INFO - [2026-02-07T08:07:27.605+0000] {dag.py:3947} INFO - Setting next_dagrun for global_index_minio to 2026-02-07 00:00:00+00:00, run_after=2026-02-08 00:00:00+00:00
[2026-02-07T08:07:27.630+0000] {processor.py:183} INFO - Processing /opt/airflow/dags/dl_global_index.py took 0.104 seconds
[2026-02-07T08:07:58.225+0000] {processor.py:161} INFO - Started process (PID=637) to work on /opt/airflow/dags/dl_global_index.py
[2026-02-07T08:07:58.226+0000] {processor.py:830} INFO - Processing file /opt/airflow/dags/dl_global_index.py for tasks to queue
[2026-02-07T08:07:58.227+0000] {logging_mixin.py:188} INFO - [2026-02-07T08:07:58.227+0000] {dagbag.py:545} INFO - Filling up the DagBag from /opt/airflow/dags/dl_global_index.py
[2026-02-07T08:07:58.257+0000] {processor.py:840} INFO - DAG(s) 'global_index_minio' retrieved from /opt/airflow/dags/dl_global_index.py
[2026-02-07T08:07:58.281+0000] {logging_mixin.py:188} INFO - [2026-02-07T08:07:58.281+0000] {dag.py:3089} INFO - Sync 1 DAGs
[2026-02-07T08:07:58.305+0000] {logging_mixin.py:188} INFO - [2026-02-07T08:07:58.305+0000] {dag.py:3947} INFO - Setting next_dagrun for global_index_minio to 2026-02-07 00:00:00+00:00, run_after=2026-02-08 00:00:00+00:00
[2026-02-07T08:07:58.324+0000] {processor.py:183} INFO - Processing /opt/airflow/dags/dl_global_index.py took 0.107 seconds
[2026-02-07T08:08:28.817+0000] {processor.py:161} INFO - Started process (PID=661) to work on /opt/airflow/dags/dl_global_index.py
[2026-02-07T08:08:28.817+0000] {processor.py:830} INFO - Processing file /opt/airflow/dags/dl_global_index.py for tasks to queue
[2026-02-07T08:08:28.818+0000] {logging_mixin.py:188} INFO - [2026-02-07T08:08:28.818+0000] {dagbag.py:545} INFO - Filling up the DagBag from /opt/airflow/dags/dl_global_index.py
[2026-02-07T08:08:28.842+0000] {processor.py:840} INFO - DAG(s) 'global_index_minio' retrieved from /opt/airflow/dags/dl_global_index.py
[2026-02-07T08:08:28.862+0000] {logging_mixin.py:188} INFO - [2026-02-07T08:08:28.862+0000] {dag.py:3089} INFO - Sync 1 DAGs
[2026-02-07T08:08:28.883+0000] {logging_mixin.py:188} INFO - [2026-02-07T08:08:28.883+0000] {dag.py:3947} INFO - Setting next_dagrun for global_index_minio to 2026-02-07 00:00:00+00:00, run_after=2026-02-08 00:00:00+00:00
[2026-02-07T08:08:28.901+0000] {processor.py:183} INFO - Processing /opt/airflow/dags/dl_global_index.py took 0.089 seconds
[2026-02-07T08:08:59.656+0000] {processor.py:161} INFO - Started process (PID=685) to work on /opt/airflow/dags/dl_global_index.py
[2026-02-07T08:08:59.657+0000] {processor.py:830} INFO - Processing file /opt/airflow/dags/dl_global_index.py for tasks to queue
[2026-02-07T08:08:59.658+0000] {logging_mixin.py:188} INFO - [2026-02-07T08:08:59.658+0000] {dagbag.py:545} INFO - Filling up the DagBag from /opt/airflow/dags/dl_global_index.py
[2026-02-07T08:08:59.680+0000] {processor.py:840} INFO - DAG(s) 'global_index_minio' retrieved from /opt/airflow/dags/dl_global_index.py
[2026-02-07T08:08:59.699+0000] {logging_mixin.py:188} INFO - [2026-02-07T08:08:59.699+0000] {dag.py:3089} INFO - Sync 1 DAGs
[2026-02-07T08:08:59.720+0000] {logging_mixin.py:188} INFO - [2026-02-07T08:08:59.720+0000] {dag.py:3947} INFO - Setting next_dagrun for global_index_minio to 2026-02-07 00:00:00+00:00, run_after=2026-02-08 00:00:00+00:00
[2026-02-07T08:08:59.739+0000] {processor.py:183} INFO - Processing /opt/airflow/dags/dl_global_index.py took 0.087 seconds
[2026-02-07T08:09:30.448+0000] {processor.py:161} INFO - Started process (PID=709) to work on /opt/airflow/dags/dl_global_index.py
[2026-02-07T08:09:30.449+0000] {processor.py:830} INFO - Processing file /opt/airflow/dags/dl_global_index.py for tasks to queue
[2026-02-07T08:09:30.450+0000] {logging_mixin.py:188} INFO - [2026-02-07T08:09:30.449+0000] {dagbag.py:545} INFO - Filling up the DagBag from /opt/airflow/dags/dl_global_index.py
[2026-02-07T08:09:30.478+0000] {processor.py:840} INFO - DAG(s) 'global_index_minio' retrieved from /opt/airflow/dags/dl_global_index.py
[2026-02-07T08:09:30.500+0000] {logging_mixin.py:188} INFO - [2026-02-07T08:09:30.500+0000] {dag.py:3089} INFO - Sync 1 DAGs
[2026-02-07T08:09:30.524+0000] {logging_mixin.py:188} INFO - [2026-02-07T08:09:30.524+0000] {dag.py:3947} INFO - Setting next_dagrun for global_index_minio to 2026-02-07 00:00:00+00:00, run_after=2026-02-08 00:00:00+00:00
[2026-02-07T08:09:30.541+0000] {processor.py:183} INFO - Processing /opt/airflow/dags/dl_global_index.py took 0.099 seconds
[2026-02-07T08:10:01.453+0000] {processor.py:161} INFO - Started process (PID=733) to work on /opt/airflow/dags/dl_global_index.py
[2026-02-07T08:10:01.453+0000] {processor.py:830} INFO - Processing file /opt/airflow/dags/dl_global_index.py for tasks to queue
[2026-02-07T08:10:01.454+0000] {logging_mixin.py:188} INFO - [2026-02-07T08:10:01.454+0000] {dagbag.py:545} INFO - Filling up the DagBag from /opt/airflow/dags/dl_global_index.py
[2026-02-07T08:10:01.477+0000] {processor.py:840} INFO - DAG(s) 'global_index_minio' retrieved from /opt/airflow/dags/dl_global_index.py
[2026-02-07T08:10:01.496+0000] {logging_mixin.py:188} INFO - [2026-02-07T08:10:01.496+0000] {dag.py:3089} INFO - Sync 1 DAGs
[2026-02-07T08:10:01.516+0000] {logging_mixin.py:188} INFO - [2026-02-07T08:10:01.516+0000] {dag.py:3947} INFO - Setting next_dagrun for global_index_minio to 2026-02-07 00:00:00+00:00, run_after=2026-02-08 00:00:00+00:00
[2026-02-07T08:10:01.532+0000] {processor.py:183} INFO - Processing /opt/airflow/dags/dl_global_index.py took 0.085 seconds
[2026-02-07T08:10:32.043+0000] {processor.py:161} INFO - Started process (PID=757) to work on /opt/airflow/dags/dl_global_index.py
[2026-02-07T08:10:32.043+0000] {processor.py:830} INFO - Processing file /opt/airflow/dags/dl_global_index.py for tasks to queue
[2026-02-07T08:10:32.044+0000] {logging_mixin.py:188} INFO - [2026-02-07T08:10:32.044+0000] {dagbag.py:545} INFO - Filling up the DagBag from /opt/airflow/dags/dl_global_index.py
[2026-02-07T08:10:32.068+0000] {processor.py:840} INFO - DAG(s) 'global_index_minio' retrieved from /opt/airflow/dags/dl_global_index.py
[2026-02-07T08:10:32.089+0000] {logging_mixin.py:188} INFO - [2026-02-07T08:10:32.089+0000] {dag.py:3089} INFO - Sync 1 DAGs
[2026-02-07T08:10:32.112+0000] {logging_mixin.py:188} INFO - [2026-02-07T08:10:32.112+0000] {dag.py:3947} INFO - Setting next_dagrun for global_index_minio to 2026-02-07 00:00:00+00:00, run_after=2026-02-08 00:00:00+00:00
[2026-02-07T08:10:32.130+0000] {processor.py:183} INFO - Processing /opt/airflow/dags/dl_global_index.py took 0.092 seconds
[2026-02-07T08:11:02.711+0000] {processor.py:161} INFO - Started process (PID=781) to work on /opt/airflow/dags/dl_global_index.py
[2026-02-07T08:11:02.711+0000] {processor.py:830} INFO - Processing file /opt/airflow/dags/dl_global_index.py for tasks to queue
[2026-02-07T08:11:02.712+0000] {logging_mixin.py:188} INFO - [2026-02-07T08:11:02.712+0000] {dagbag.py:545} INFO - Filling up the DagBag from /opt/airflow/dags/dl_global_index.py
[2026-02-07T08:11:02.744+0000] {processor.py:840} INFO - DAG(s) 'global_index_minio' retrieved from /opt/airflow/dags/dl_global_index.py
[2026-02-07T08:11:02.768+0000] {logging_mixin.py:188} INFO - [2026-02-07T08:11:02.768+0000] {dag.py:3089} INFO - Sync 1 DAGs
[2026-02-07T08:11:02.792+0000] {logging_mixin.py:188} INFO - [2026-02-07T08:11:02.792+0000] {dag.py:3947} INFO - Setting next_dagrun for global_index_minio to 2026-02-07 00:00:00+00:00, run_after=2026-02-08 00:00:00+00:00
[2026-02-07T08:11:02.818+0000] {processor.py:183} INFO - Processing /opt/airflow/dags/dl_global_index.py took 0.114 seconds
[2026-02-07T08:11:33.242+0000] {processor.py:161} INFO - Started process (PID=805) to work on /opt/airflow/dags/dl_global_index.py
[2026-02-07T08:11:33.243+0000] {processor.py:830} INFO - Processing file /opt/airflow/dags/dl_global_index.py for tasks to queue
[2026-02-07T08:11:33.244+0000] {logging_mixin.py:188} INFO - [2026-02-07T08:11:33.244+0000] {dagbag.py:545} INFO - Filling up the DagBag from /opt/airflow/dags/dl_global_index.py
[2026-02-07T08:11:33.275+0000] {processor.py:840} INFO - DAG(s) 'global_index_minio' retrieved from /opt/airflow/dags/dl_global_index.py
[2026-02-07T08:11:33.298+0000] {logging_mixin.py:188} INFO - [2026-02-07T08:11:33.298+0000] {dag.py:3089} INFO - Sync 1 DAGs
[2026-02-07T08:11:33.318+0000] {logging_mixin.py:188} INFO - [2026-02-07T08:11:33.318+0000] {dag.py:3947} INFO - Setting next_dagrun for global_index_minio to 2026-02-07 00:00:00+00:00, run_after=2026-02-08 00:00:00+00:00
[2026-02-07T08:11:33.336+0000] {processor.py:183} INFO - Processing /opt/airflow/dags/dl_global_index.py took 0.099 seconds
[2026-02-07T08:12:04.341+0000] {processor.py:161} INFO - Started process (PID=829) to work on /opt/airflow/dags/dl_global_index.py
[2026-02-07T08:12:04.342+0000] {processor.py:830} INFO - Processing file /opt/airflow/dags/dl_global_index.py for tasks to queue
[2026-02-07T08:12:04.343+0000] {logging_mixin.py:188} INFO - [2026-02-07T08:12:04.343+0000] {dagbag.py:545} INFO - Filling up the DagBag from /opt/airflow/dags/dl_global_index.py
[2026-02-07T08:12:04.372+0000] {processor.py:840} INFO - DAG(s) 'global_index_minio' retrieved from /opt/airflow/dags/dl_global_index.py
[2026-02-07T08:12:04.393+0000] {logging_mixin.py:188} INFO - [2026-02-07T08:12:04.393+0000] {dag.py:3089} INFO - Sync 1 DAGs
[2026-02-07T08:12:04.413+0000] {logging_mixin.py:188} INFO - [2026-02-07T08:12:04.412+0000] {dag.py:3947} INFO - Setting next_dagrun for global_index_minio to 2026-02-07 00:00:00+00:00, run_after=2026-02-08 00:00:00+00:00
[2026-02-07T08:12:04.432+0000] {processor.py:183} INFO - Processing /opt/airflow/dags/dl_global_index.py took 0.095 seconds
[2026-02-07T08:12:34.846+0000] {processor.py:161} INFO - Started process (PID=853) to work on /opt/airflow/dags/dl_global_index.py
[2026-02-07T08:12:34.847+0000] {processor.py:830} INFO - Processing file /opt/airflow/dags/dl_global_index.py for tasks to queue
[2026-02-07T08:12:34.848+0000] {logging_mixin.py:188} INFO - [2026-02-07T08:12:34.848+0000] {dagbag.py:545} INFO - Filling up the DagBag from /opt/airflow/dags/dl_global_index.py
[2026-02-07T08:12:34.891+0000] {processor.py:840} INFO - DAG(s) 'global_index_minio' retrieved from /opt/airflow/dags/dl_global_index.py
[2026-02-07T08:12:34.936+0000] {logging_mixin.py:188} INFO - [2026-02-07T08:12:34.936+0000] {dag.py:3089} INFO - Sync 1 DAGs
[2026-02-07T08:12:34.977+0000] {logging_mixin.py:188} INFO - [2026-02-07T08:12:34.977+0000] {dag.py:3947} INFO - Setting next_dagrun for global_index_minio to 2026-02-07 00:00:00+00:00, run_after=2026-02-08 00:00:00+00:00
[2026-02-07T08:12:35.031+0000] {processor.py:183} INFO - Processing /opt/airflow/dags/dl_global_index.py took 0.195 seconds
[2026-02-07T08:13:05.871+0000] {processor.py:161} INFO - Started process (PID=877) to work on /opt/airflow/dags/dl_global_index.py
[2026-02-07T08:13:05.872+0000] {processor.py:830} INFO - Processing file /opt/airflow/dags/dl_global_index.py for tasks to queue
[2026-02-07T08:13:05.873+0000] {logging_mixin.py:188} INFO - [2026-02-07T08:13:05.873+0000] {dagbag.py:545} INFO - Filling up the DagBag from /opt/airflow/dags/dl_global_index.py
[2026-02-07T08:13:05.899+0000] {processor.py:840} INFO - DAG(s) 'global_index_minio' retrieved from /opt/airflow/dags/dl_global_index.py
[2026-02-07T08:13:05.920+0000] {logging_mixin.py:188} INFO - [2026-02-07T08:13:05.919+0000] {dag.py:3089} INFO - Sync 1 DAGs
[2026-02-07T08:13:05.939+0000] {logging_mixin.py:188} INFO - [2026-02-07T08:13:05.939+0000] {dag.py:3947} INFO - Setting next_dagrun for global_index_minio to 2026-02-07 00:00:00+00:00, run_after=2026-02-08 00:00:00+00:00
[2026-02-07T08:13:05.957+0000] {processor.py:183} INFO - Processing /opt/airflow/dags/dl_global_index.py took 0.091 seconds
[2026-02-07T08:13:36.437+0000] {processor.py:161} INFO - Started process (PID=901) to work on /opt/airflow/dags/dl_global_index.py
[2026-02-07T08:13:36.437+0000] {processor.py:830} INFO - Processing file /opt/airflow/dags/dl_global_index.py for tasks to queue
[2026-02-07T08:13:36.438+0000] {logging_mixin.py:188} INFO - [2026-02-07T08:13:36.438+0000] {dagbag.py:545} INFO - Filling up the DagBag from /opt/airflow/dags/dl_global_index.py
[2026-02-07T08:13:36.466+0000] {processor.py:840} INFO - DAG(s) 'global_index_minio' retrieved from /opt/airflow/dags/dl_global_index.py
[2026-02-07T08:13:36.488+0000] {logging_mixin.py:188} INFO - [2026-02-07T08:13:36.488+0000] {dag.py:3089} INFO - Sync 1 DAGs
[2026-02-07T08:13:36.514+0000] {logging_mixin.py:188} INFO - [2026-02-07T08:13:36.514+0000] {dag.py:3947} INFO - Setting next_dagrun for global_index_minio to 2026-02-07 00:00:00+00:00, run_after=2026-02-08 00:00:00+00:00
[2026-02-07T08:13:36.537+0000] {processor.py:183} INFO - Processing /opt/airflow/dags/dl_global_index.py took 0.106 seconds
[2026-02-07T08:14:06.926+0000] {processor.py:161} INFO - Started process (PID=925) to work on /opt/airflow/dags/dl_global_index.py
[2026-02-07T08:14:06.927+0000] {processor.py:830} INFO - Processing file /opt/airflow/dags/dl_global_index.py for tasks to queue
[2026-02-07T08:14:06.928+0000] {logging_mixin.py:188} INFO - [2026-02-07T08:14:06.928+0000] {dagbag.py:545} INFO - Filling up the DagBag from /opt/airflow/dags/dl_global_index.py
[2026-02-07T08:14:06.967+0000] {processor.py:840} INFO - DAG(s) 'global_index_minio' retrieved from /opt/airflow/dags/dl_global_index.py
[2026-02-07T08:14:07.000+0000] {logging_mixin.py:188} INFO - [2026-02-07T08:14:07.000+0000] {dag.py:3089} INFO - Sync 1 DAGs
[2026-02-07T08:14:07.047+0000] {logging_mixin.py:188} INFO - [2026-02-07T08:14:07.047+0000] {dag.py:3947} INFO - Setting next_dagrun for global_index_minio to 2026-02-07 00:00:00+00:00, run_after=2026-02-08 00:00:00+00:00
[2026-02-07T08:14:07.115+0000] {processor.py:183} INFO - Processing /opt/airflow/dags/dl_global_index.py took 0.196 seconds
[2026-02-07T08:14:37.794+0000] {processor.py:161} INFO - Started process (PID=949) to work on /opt/airflow/dags/dl_global_index.py
[2026-02-07T08:14:37.795+0000] {processor.py:830} INFO - Processing file /opt/airflow/dags/dl_global_index.py for tasks to queue
[2026-02-07T08:14:37.796+0000] {logging_mixin.py:188} INFO - [2026-02-07T08:14:37.796+0000] {dagbag.py:545} INFO - Filling up the DagBag from /opt/airflow/dags/dl_global_index.py
[2026-02-07T08:14:37.825+0000] {processor.py:840} INFO - DAG(s) 'global_index_minio' retrieved from /opt/airflow/dags/dl_global_index.py
[2026-02-07T08:14:37.850+0000] {logging_mixin.py:188} INFO - [2026-02-07T08:14:37.850+0000] {dag.py:3089} INFO - Sync 1 DAGs
[2026-02-07T08:14:37.875+0000] {logging_mixin.py:188} INFO - [2026-02-07T08:14:37.874+0000] {dag.py:3947} INFO - Setting next_dagrun for global_index_minio to 2026-02-07 00:00:00+00:00, run_after=2026-02-08 00:00:00+00:00
[2026-02-07T08:14:37.896+0000] {processor.py:183} INFO - Processing /opt/airflow/dags/dl_global_index.py took 0.107 seconds
[2026-02-07T08:15:08.559+0000] {processor.py:161} INFO - Started process (PID=973) to work on /opt/airflow/dags/dl_global_index.py
[2026-02-07T08:15:08.560+0000] {processor.py:830} INFO - Processing file /opt/airflow/dags/dl_global_index.py for tasks to queue
[2026-02-07T08:15:08.561+0000] {logging_mixin.py:188} INFO - [2026-02-07T08:15:08.560+0000] {dagbag.py:545} INFO - Filling up the DagBag from /opt/airflow/dags/dl_global_index.py
[2026-02-07T08:15:08.585+0000] {processor.py:840} INFO - DAG(s) 'global_index_minio' retrieved from /opt/airflow/dags/dl_global_index.py
[2026-02-07T08:15:08.605+0000] {logging_mixin.py:188} INFO - [2026-02-07T08:15:08.605+0000] {dag.py:3089} INFO - Sync 1 DAGs
[2026-02-07T08:15:08.625+0000] {logging_mixin.py:188} INFO - [2026-02-07T08:15:08.625+0000] {dag.py:3947} INFO - Setting next_dagrun for global_index_minio to 2026-02-07 00:00:00+00:00, run_after=2026-02-08 00:00:00+00:00
[2026-02-07T08:15:08.642+0000] {processor.py:183} INFO - Processing /opt/airflow/dags/dl_global_index.py took 0.088 seconds
[2026-02-07T08:15:39.135+0000] {processor.py:161} INFO - Started process (PID=997) to work on /opt/airflow/dags/dl_global_index.py
[2026-02-07T08:15:39.136+0000] {processor.py:830} INFO - Processing file /opt/airflow/dags/dl_global_index.py for tasks to queue
[2026-02-07T08:15:39.137+0000] {logging_mixin.py:188} INFO - [2026-02-07T08:15:39.136+0000] {dagbag.py:545} INFO - Filling up the DagBag from /opt/airflow/dags/dl_global_index.py
[2026-02-07T08:15:39.166+0000] {processor.py:840} INFO - DAG(s) 'global_index_minio' retrieved from /opt/airflow/dags/dl_global_index.py
[2026-02-07T08:15:39.188+0000] {logging_mixin.py:188} INFO - [2026-02-07T08:15:39.188+0000] {dag.py:3089} INFO - Sync 1 DAGs
[2026-02-07T08:15:39.208+0000] {logging_mixin.py:188} INFO - [2026-02-07T08:15:39.208+0000] {dag.py:3947} INFO - Setting next_dagrun for global_index_minio to 2026-02-07 00:00:00+00:00, run_after=2026-02-08 00:00:00+00:00
[2026-02-07T08:15:39.226+0000] {processor.py:183} INFO - Processing /opt/airflow/dags/dl_global_index.py took 0.096 seconds
[2026-02-07T08:16:10.145+0000] {processor.py:161} INFO - Started process (PID=1021) to work on /opt/airflow/dags/dl_global_index.py
[2026-02-07T08:16:10.146+0000] {processor.py:830} INFO - Processing file /opt/airflow/dags/dl_global_index.py for tasks to queue
[2026-02-07T08:16:10.146+0000] {logging_mixin.py:188} INFO - [2026-02-07T08:16:10.146+0000] {dagbag.py:545} INFO - Filling up the DagBag from /opt/airflow/dags/dl_global_index.py
[2026-02-07T08:16:10.171+0000] {processor.py:840} INFO - DAG(s) 'global_index_minio' retrieved from /opt/airflow/dags/dl_global_index.py
[2026-02-07T08:16:10.191+0000] {logging_mixin.py:188} INFO - [2026-02-07T08:16:10.191+0000] {dag.py:3089} INFO - Sync 1 DAGs
[2026-02-07T08:16:10.211+0000] {logging_mixin.py:188} INFO - [2026-02-07T08:16:10.211+0000] {dag.py:3947} INFO - Setting next_dagrun for global_index_minio to 2026-02-07 00:00:00+00:00, run_after=2026-02-08 00:00:00+00:00
[2026-02-07T08:16:10.230+0000] {processor.py:183} INFO - Processing /opt/airflow/dags/dl_global_index.py took 0.090 seconds
[2026-02-07T08:16:40.775+0000] {processor.py:161} INFO - Started process (PID=1045) to work on /opt/airflow/dags/dl_global_index.py
[2026-02-07T08:16:40.776+0000] {processor.py:830} INFO - Processing file /opt/airflow/dags/dl_global_index.py for tasks to queue
[2026-02-07T08:16:40.776+0000] {logging_mixin.py:188} INFO - [2026-02-07T08:16:40.776+0000] {dagbag.py:545} INFO - Filling up the DagBag from /opt/airflow/dags/dl_global_index.py
[2026-02-07T08:16:40.803+0000] {processor.py:840} INFO - DAG(s) 'global_index_minio' retrieved from /opt/airflow/dags/dl_global_index.py
[2026-02-07T08:16:40.826+0000] {logging_mixin.py:188} INFO - [2026-02-07T08:16:40.826+0000] {dag.py:3089} INFO - Sync 1 DAGs
[2026-02-07T08:16:40.848+0000] {logging_mixin.py:188} INFO - [2026-02-07T08:16:40.848+0000] {dag.py:3947} INFO - Setting next_dagrun for global_index_minio to 2026-02-07 00:00:00+00:00, run_after=2026-02-08 00:00:00+00:00
[2026-02-07T08:16:40.866+0000] {processor.py:183} INFO - Processing /opt/airflow/dags/dl_global_index.py took 0.096 seconds
[2026-02-07T08:17:11.283+0000] {processor.py:161} INFO - Started process (PID=1069) to work on /opt/airflow/dags/dl_global_index.py
[2026-02-07T08:17:11.283+0000] {processor.py:830} INFO - Processing file /opt/airflow/dags/dl_global_index.py for tasks to queue
[2026-02-07T08:17:11.284+0000] {logging_mixin.py:188} INFO - [2026-02-07T08:17:11.284+0000] {dagbag.py:545} INFO - Filling up the DagBag from /opt/airflow/dags/dl_global_index.py
[2026-02-07T08:17:11.311+0000] {processor.py:840} INFO - DAG(s) 'global_index_minio' retrieved from /opt/airflow/dags/dl_global_index.py
[2026-02-07T08:17:11.332+0000] {logging_mixin.py:188} INFO - [2026-02-07T08:17:11.332+0000] {dag.py:3089} INFO - Sync 1 DAGs
[2026-02-07T08:17:11.355+0000] {logging_mixin.py:188} INFO - [2026-02-07T08:17:11.355+0000] {dag.py:3947} INFO - Setting next_dagrun for global_index_minio to 2026-02-07 00:00:00+00:00, run_after=2026-02-08 00:00:00+00:00
[2026-02-07T08:17:11.381+0000] {processor.py:183} INFO - Processing /opt/airflow/dags/dl_global_index.py took 0.104 seconds
[2026-02-07T08:17:42.079+0000] {processor.py:161} INFO - Started process (PID=1093) to work on /opt/airflow/dags/dl_global_index.py
[2026-02-07T08:17:42.080+0000] {processor.py:830} INFO - Processing file /opt/airflow/dags/dl_global_index.py for tasks to queue
[2026-02-07T08:17:42.080+0000] {logging_mixin.py:188} INFO - [2026-02-07T08:17:42.080+0000] {dagbag.py:545} INFO - Filling up the DagBag from /opt/airflow/dags/dl_global_index.py
[2026-02-07T08:17:42.108+0000] {processor.py:840} INFO - DAG(s) 'global_index_minio' retrieved from /opt/airflow/dags/dl_global_index.py
[2026-02-07T08:17:42.134+0000] {logging_mixin.py:188} INFO - [2026-02-07T08:17:42.134+0000] {dag.py:3089} INFO - Sync 1 DAGs
[2026-02-07T08:17:42.161+0000] {logging_mixin.py:188} INFO - [2026-02-07T08:17:42.161+0000] {dag.py:3947} INFO - Setting next_dagrun for global_index_minio to 2026-02-07 00:00:00+00:00, run_after=2026-02-08 00:00:00+00:00
[2026-02-07T08:17:42.179+0000] {processor.py:183} INFO - Processing /opt/airflow/dags/dl_global_index.py took 0.105 seconds
[2026-02-07T08:18:12.921+0000] {processor.py:161} INFO - Started process (PID=1117) to work on /opt/airflow/dags/dl_global_index.py
[2026-02-07T08:18:12.921+0000] {processor.py:830} INFO - Processing file /opt/airflow/dags/dl_global_index.py for tasks to queue
[2026-02-07T08:18:12.922+0000] {logging_mixin.py:188} INFO - [2026-02-07T08:18:12.922+0000] {dagbag.py:545} INFO - Filling up the DagBag from /opt/airflow/dags/dl_global_index.py
[2026-02-07T08:18:12.948+0000] {processor.py:840} INFO - DAG(s) 'global_index_minio' retrieved from /opt/airflow/dags/dl_global_index.py
[2026-02-07T08:18:12.968+0000] {logging_mixin.py:188} INFO - [2026-02-07T08:18:12.968+0000] {dag.py:3089} INFO - Sync 1 DAGs
[2026-02-07T08:18:12.989+0000] {logging_mixin.py:188} INFO - [2026-02-07T08:18:12.989+0000] {dag.py:3947} INFO - Setting next_dagrun for global_index_minio to 2026-02-07 00:00:00+00:00, run_after=2026-02-08 00:00:00+00:00
[2026-02-07T08:18:13.006+0000] {processor.py:183} INFO - Processing /opt/airflow/dags/dl_global_index.py took 0.091 seconds
[2026-02-07T08:18:43.787+0000] {processor.py:161} INFO - Started process (PID=1142) to work on /opt/airflow/dags/dl_global_index.py
[2026-02-07T08:18:43.788+0000] {processor.py:830} INFO - Processing file /opt/airflow/dags/dl_global_index.py for tasks to queue
[2026-02-07T08:18:43.789+0000] {logging_mixin.py:188} INFO - [2026-02-07T08:18:43.788+0000] {dagbag.py:545} INFO - Filling up the DagBag from /opt/airflow/dags/dl_global_index.py
[2026-02-07T08:18:43.816+0000] {processor.py:840} INFO - DAG(s) 'global_index_minio' retrieved from /opt/airflow/dags/dl_global_index.py
[2026-02-07T08:18:43.838+0000] {logging_mixin.py:188} INFO - [2026-02-07T08:18:43.838+0000] {dag.py:3089} INFO - Sync 1 DAGs
[2026-02-07T08:18:43.858+0000] {logging_mixin.py:188} INFO - [2026-02-07T08:18:43.858+0000] {dag.py:3947} INFO - Setting next_dagrun for global_index_minio to 2026-02-07 00:00:00+00:00, run_after=2026-02-08 00:00:00+00:00
[2026-02-07T08:18:43.876+0000] {processor.py:183} INFO - Processing /opt/airflow/dags/dl_global_index.py took 0.095 seconds
[2026-02-07T08:19:14.893+0000] {processor.py:161} INFO - Started process (PID=1166) to work on /opt/airflow/dags/dl_global_index.py
[2026-02-07T08:19:14.894+0000] {processor.py:830} INFO - Processing file /opt/airflow/dags/dl_global_index.py for tasks to queue
[2026-02-07T08:19:14.895+0000] {logging_mixin.py:188} INFO - [2026-02-07T08:19:14.895+0000] {dagbag.py:545} INFO - Filling up the DagBag from /opt/airflow/dags/dl_global_index.py
[2026-02-07T08:19:14.925+0000] {processor.py:840} INFO - DAG(s) 'global_index_minio' retrieved from /opt/airflow/dags/dl_global_index.py
[2026-02-07T08:19:14.949+0000] {logging_mixin.py:188} INFO - [2026-02-07T08:19:14.948+0000] {dag.py:3089} INFO - Sync 1 DAGs
[2026-02-07T08:19:14.972+0000] {logging_mixin.py:188} INFO - [2026-02-07T08:19:14.971+0000] {dag.py:3947} INFO - Setting next_dagrun for global_index_minio to 2026-02-07 00:00:00+00:00, run_after=2026-02-08 00:00:00+00:00
[2026-02-07T08:19:14.989+0000] {processor.py:183} INFO - Processing /opt/airflow/dags/dl_global_index.py took 0.102 seconds
[2026-02-07T08:19:45.715+0000] {processor.py:161} INFO - Started process (PID=1190) to work on /opt/airflow/dags/dl_global_index.py
[2026-02-07T08:19:45.716+0000] {processor.py:830} INFO - Processing file /opt/airflow/dags/dl_global_index.py for tasks to queue
[2026-02-07T08:19:45.717+0000] {logging_mixin.py:188} INFO - [2026-02-07T08:19:45.716+0000] {dagbag.py:545} INFO - Filling up the DagBag from /opt/airflow/dags/dl_global_index.py
[2026-02-07T08:19:45.744+0000] {processor.py:840} INFO - DAG(s) 'global_index_minio' retrieved from /opt/airflow/dags/dl_global_index.py
[2026-02-07T08:19:45.767+0000] {logging_mixin.py:188} INFO - [2026-02-07T08:19:45.767+0000] {dag.py:3089} INFO - Sync 1 DAGs
[2026-02-07T08:19:45.787+0000] {logging_mixin.py:188} INFO - [2026-02-07T08:19:45.787+0000] {dag.py:3947} INFO - Setting next_dagrun for global_index_minio to 2026-02-07 00:00:00+00:00, run_after=2026-02-08 00:00:00+00:00
[2026-02-07T08:19:45.803+0000] {processor.py:183} INFO - Processing /opt/airflow/dags/dl_global_index.py took 0.094 seconds
[2026-02-07T08:20:15.891+0000] {processor.py:161} INFO - Started process (PID=1214) to work on /opt/airflow/dags/dl_global_index.py
[2026-02-07T08:20:15.892+0000] {processor.py:830} INFO - Processing file /opt/airflow/dags/dl_global_index.py for tasks to queue
[2026-02-07T08:20:15.893+0000] {logging_mixin.py:188} INFO - [2026-02-07T08:20:15.892+0000] {dagbag.py:545} INFO - Filling up the DagBag from /opt/airflow/dags/dl_global_index.py
[2026-02-07T08:20:15.928+0000] {processor.py:840} INFO - DAG(s) 'global_index_minio' retrieved from /opt/airflow/dags/dl_global_index.py
[2026-02-07T08:20:15.952+0000] {logging_mixin.py:188} INFO - [2026-02-07T08:20:15.952+0000] {dag.py:3089} INFO - Sync 1 DAGs
[2026-02-07T08:20:15.979+0000] {logging_mixin.py:188} INFO - [2026-02-07T08:20:15.979+0000] {dag.py:3947} INFO - Setting next_dagrun for global_index_minio to 2026-02-07 00:00:00+00:00, run_after=2026-02-08 00:00:00+00:00
[2026-02-07T08:20:15.999+0000] {processor.py:183} INFO - Processing /opt/airflow/dags/dl_global_index.py took 0.115 seconds
[2026-02-07T08:20:46.138+0000] {processor.py:161} INFO - Started process (PID=1238) to work on /opt/airflow/dags/dl_global_index.py
[2026-02-07T08:20:46.138+0000] {processor.py:830} INFO - Processing file /opt/airflow/dags/dl_global_index.py for tasks to queue
[2026-02-07T08:20:46.139+0000] {logging_mixin.py:188} INFO - [2026-02-07T08:20:46.139+0000] {dagbag.py:545} INFO - Filling up the DagBag from /opt/airflow/dags/dl_global_index.py
[2026-02-07T08:20:46.172+0000] {processor.py:840} INFO - DAG(s) 'global_index_minio' retrieved from /opt/airflow/dags/dl_global_index.py
[2026-02-07T08:20:46.196+0000] {logging_mixin.py:188} INFO - [2026-02-07T08:20:46.195+0000] {dag.py:3089} INFO - Sync 1 DAGs
[2026-02-07T08:20:46.216+0000] {logging_mixin.py:188} INFO - [2026-02-07T08:20:46.215+0000] {dag.py:3947} INFO - Setting next_dagrun for global_index_minio to 2026-02-07 00:00:00+00:00, run_after=2026-02-08 00:00:00+00:00
[2026-02-07T08:20:46.238+0000] {processor.py:183} INFO - Processing /opt/airflow/dags/dl_global_index.py took 0.106 seconds
[2026-02-07T08:21:16.805+0000] {processor.py:161} INFO - Started process (PID=1262) to work on /opt/airflow/dags/dl_global_index.py
[2026-02-07T08:21:16.806+0000] {processor.py:830} INFO - Processing file /opt/airflow/dags/dl_global_index.py for tasks to queue
[2026-02-07T08:21:16.807+0000] {logging_mixin.py:188} INFO - [2026-02-07T08:21:16.806+0000] {dagbag.py:545} INFO - Filling up the DagBag from /opt/airflow/dags/dl_global_index.py
[2026-02-07T08:21:16.837+0000] {processor.py:840} INFO - DAG(s) 'global_index_minio' retrieved from /opt/airflow/dags/dl_global_index.py
[2026-02-07T08:21:16.863+0000] {logging_mixin.py:188} INFO - [2026-02-07T08:21:16.863+0000] {dag.py:3089} INFO - Sync 1 DAGs
[2026-02-07T08:21:16.889+0000] {logging_mixin.py:188} INFO - [2026-02-07T08:21:16.889+0000] {dag.py:3947} INFO - Setting next_dagrun for global_index_minio to 2026-02-07 00:00:00+00:00, run_after=2026-02-08 00:00:00+00:00
[2026-02-07T08:21:16.912+0000] {processor.py:183} INFO - Processing /opt/airflow/dags/dl_global_index.py took 0.114 seconds
[2026-02-07T08:21:47.663+0000] {processor.py:161} INFO - Started process (PID=1286) to work on /opt/airflow/dags/dl_global_index.py
[2026-02-07T08:21:47.663+0000] {processor.py:830} INFO - Processing file /opt/airflow/dags/dl_global_index.py for tasks to queue
[2026-02-07T08:21:47.664+0000] {logging_mixin.py:188} INFO - [2026-02-07T08:21:47.664+0000] {dagbag.py:545} INFO - Filling up the DagBag from /opt/airflow/dags/dl_global_index.py
[2026-02-07T08:21:47.695+0000] {processor.py:840} INFO - DAG(s) 'global_index_minio' retrieved from /opt/airflow/dags/dl_global_index.py
[2026-02-07T08:21:47.718+0000] {logging_mixin.py:188} INFO - [2026-02-07T08:21:47.718+0000] {dag.py:3089} INFO - Sync 1 DAGs
[2026-02-07T08:21:47.741+0000] {logging_mixin.py:188} INFO - [2026-02-07T08:21:47.741+0000] {dag.py:3947} INFO - Setting next_dagrun for global_index_minio to 2026-02-07 00:00:00+00:00, run_after=2026-02-08 00:00:00+00:00
[2026-02-07T08:21:47.762+0000] {processor.py:183} INFO - Processing /opt/airflow/dags/dl_global_index.py took 0.105 seconds
[2026-02-07T08:22:18.333+0000] {processor.py:161} INFO - Started process (PID=1310) to work on /opt/airflow/dags/dl_global_index.py
[2026-02-07T08:22:18.333+0000] {processor.py:830} INFO - Processing file /opt/airflow/dags/dl_global_index.py for tasks to queue
[2026-02-07T08:22:18.334+0000] {logging_mixin.py:188} INFO - [2026-02-07T08:22:18.334+0000] {dagbag.py:545} INFO - Filling up the DagBag from /opt/airflow/dags/dl_global_index.py
[2026-02-07T08:22:18.364+0000] {processor.py:840} INFO - DAG(s) 'global_index_minio' retrieved from /opt/airflow/dags/dl_global_index.py
[2026-02-07T08:22:18.387+0000] {logging_mixin.py:188} INFO - [2026-02-07T08:22:18.387+0000] {dag.py:3089} INFO - Sync 1 DAGs
[2026-02-07T08:22:18.410+0000] {logging_mixin.py:188} INFO - [2026-02-07T08:22:18.409+0000] {dag.py:3947} INFO - Setting next_dagrun for global_index_minio to 2026-02-07 00:00:00+00:00, run_after=2026-02-08 00:00:00+00:00
[2026-02-07T08:22:18.428+0000] {processor.py:183} INFO - Processing /opt/airflow/dags/dl_global_index.py took 0.102 seconds
[2026-02-07T08:22:48.909+0000] {processor.py:161} INFO - Started process (PID=1334) to work on /opt/airflow/dags/dl_global_index.py
[2026-02-07T08:22:48.910+0000] {processor.py:830} INFO - Processing file /opt/airflow/dags/dl_global_index.py for tasks to queue
[2026-02-07T08:22:48.911+0000] {logging_mixin.py:188} INFO - [2026-02-07T08:22:48.910+0000] {dagbag.py:545} INFO - Filling up the DagBag from /opt/airflow/dags/dl_global_index.py
[2026-02-07T08:22:48.942+0000] {processor.py:840} INFO - DAG(s) 'global_index_minio' retrieved from /opt/airflow/dags/dl_global_index.py
[2026-02-07T08:22:48.969+0000] {logging_mixin.py:188} INFO - [2026-02-07T08:22:48.969+0000] {dag.py:3089} INFO - Sync 1 DAGs
[2026-02-07T08:22:48.989+0000] {logging_mixin.py:188} INFO - [2026-02-07T08:22:48.989+0000] {dag.py:3947} INFO - Setting next_dagrun for global_index_minio to 2026-02-07 00:00:00+00:00, run_after=2026-02-08 00:00:00+00:00
[2026-02-07T08:22:49.005+0000] {processor.py:183} INFO - Processing /opt/airflow/dags/dl_global_index.py took 0.102 seconds
[2026-02-07T08:23:19.404+0000] {processor.py:161} INFO - Started process (PID=1358) to work on /opt/airflow/dags/dl_global_index.py
[2026-02-07T08:23:19.404+0000] {processor.py:830} INFO - Processing file /opt/airflow/dags/dl_global_index.py for tasks to queue
[2026-02-07T08:23:19.405+0000] {logging_mixin.py:188} INFO - [2026-02-07T08:23:19.405+0000] {dagbag.py:545} INFO - Filling up the DagBag from /opt/airflow/dags/dl_global_index.py
[2026-02-07T08:23:19.434+0000] {processor.py:840} INFO - DAG(s) 'global_index_minio' retrieved from /opt/airflow/dags/dl_global_index.py
[2026-02-07T08:23:19.468+0000] {logging_mixin.py:188} INFO - [2026-02-07T08:23:19.467+0000] {dag.py:3089} INFO - Sync 1 DAGs
[2026-02-07T08:23:19.503+0000] {logging_mixin.py:188} INFO - [2026-02-07T08:23:19.503+0000] {dag.py:3947} INFO - Setting next_dagrun for global_index_minio to 2026-02-07 00:00:00+00:00, run_after=2026-02-08 00:00:00+00:00
[2026-02-07T08:23:19.540+0000] {processor.py:183} INFO - Processing /opt/airflow/dags/dl_global_index.py took 0.142 seconds
[2026-02-07T08:23:50.644+0000] {processor.py:161} INFO - Started process (PID=1382) to work on /opt/airflow/dags/dl_global_index.py
[2026-02-07T08:23:50.646+0000] {processor.py:830} INFO - Processing file /opt/airflow/dags/dl_global_index.py for tasks to queue
[2026-02-07T08:23:50.647+0000] {logging_mixin.py:188} INFO - [2026-02-07T08:23:50.647+0000] {dagbag.py:545} INFO - Filling up the DagBag from /opt/airflow/dags/dl_global_index.py
[2026-02-07T08:23:50.690+0000] {processor.py:840} INFO - DAG(s) 'global_index_minio' retrieved from /opt/airflow/dags/dl_global_index.py
[2026-02-07T08:23:50.718+0000] {logging_mixin.py:188} INFO - [2026-02-07T08:23:50.717+0000] {dag.py:3089} INFO - Sync 1 DAGs
[2026-02-07T08:23:50.743+0000] {logging_mixin.py:188} INFO - [2026-02-07T08:23:50.743+0000] {dag.py:3947} INFO - Setting next_dagrun for global_index_minio to 2026-02-07 00:00:00+00:00, run_after=2026-02-08 00:00:00+00:00
[2026-02-07T08:23:50.764+0000] {processor.py:183} INFO - Processing /opt/airflow/dags/dl_global_index.py took 0.131 seconds
[2026-02-07T08:24:21.628+0000] {processor.py:161} INFO - Started process (PID=1411) to work on /opt/airflow/dags/dl_global_index.py
[2026-02-07T08:24:21.629+0000] {processor.py:830} INFO - Processing file /opt/airflow/dags/dl_global_index.py for tasks to queue
[2026-02-07T08:24:21.630+0000] {logging_mixin.py:188} INFO - [2026-02-07T08:24:21.630+0000] {dagbag.py:545} INFO - Filling up the DagBag from /opt/airflow/dags/dl_global_index.py
[2026-02-07T08:24:21.657+0000] {processor.py:840} INFO - DAG(s) 'global_index_minio' retrieved from /opt/airflow/dags/dl_global_index.py
[2026-02-07T08:24:21.681+0000] {logging_mixin.py:188} INFO - [2026-02-07T08:24:21.681+0000] {dag.py:3089} INFO - Sync 1 DAGs
[2026-02-07T08:24:21.702+0000] {logging_mixin.py:188} INFO - [2026-02-07T08:24:21.702+0000] {dag.py:3947} INFO - Setting next_dagrun for global_index_minio to 2026-02-07 00:00:00+00:00, run_after=2026-02-08 00:00:00+00:00
[2026-02-07T08:24:21.722+0000] {processor.py:183} INFO - Processing /opt/airflow/dags/dl_global_index.py took 0.099 seconds
[2026-02-07T08:24:52.232+0000] {processor.py:161} INFO - Started process (PID=1448) to work on /opt/airflow/dags/dl_global_index.py
[2026-02-07T08:24:52.236+0000] {processor.py:830} INFO - Processing file /opt/airflow/dags/dl_global_index.py for tasks to queue
[2026-02-07T08:24:52.238+0000] {logging_mixin.py:188} INFO - [2026-02-07T08:24:52.238+0000] {dagbag.py:545} INFO - Filling up the DagBag from /opt/airflow/dags/dl_global_index.py
[2026-02-07T08:24:52.438+0000] {processor.py:840} INFO - DAG(s) 'global_index_minio' retrieved from /opt/airflow/dags/dl_global_index.py
[2026-02-07T08:24:52.620+0000] {logging_mixin.py:188} INFO - [2026-02-07T08:24:52.619+0000] {dag.py:3089} INFO - Sync 1 DAGs
[2026-02-07T08:24:52.726+0000] {logging_mixin.py:188} INFO - [2026-02-07T08:24:52.725+0000] {dag.py:3947} INFO - Setting next_dagrun for global_index_minio to 2026-02-07 00:00:00+00:00, run_after=2026-02-08 00:00:00+00:00
[2026-02-07T08:24:52.771+0000] {processor.py:183} INFO - Processing /opt/airflow/dags/dl_global_index.py took 0.571 seconds
[2026-02-07T08:26:02.598+0000] {processor.py:161} INFO - Started process (PID=83) to work on /opt/airflow/dags/dl_global_index.py
[2026-02-07T08:26:02.600+0000] {processor.py:830} INFO - Processing file /opt/airflow/dags/dl_global_index.py for tasks to queue
[2026-02-07T08:26:02.601+0000] {logging_mixin.py:188} INFO - [2026-02-07T08:26:02.601+0000] {dagbag.py:545} INFO - Filling up the DagBag from /opt/airflow/dags/dl_global_index.py
[2026-02-07T08:26:02.654+0000] {processor.py:840} INFO - DAG(s) 'global_index_minio' retrieved from /opt/airflow/dags/dl_global_index.py
[2026-02-07T08:26:02.711+0000] {logging_mixin.py:188} INFO - [2026-02-07T08:26:02.711+0000] {dag.py:3089} INFO - Sync 1 DAGs
[2026-02-07T08:26:02.757+0000] {logging_mixin.py:188} INFO - [2026-02-07T08:26:02.757+0000] {dag.py:3947} INFO - Setting next_dagrun for global_index_minio to 2026-02-07 00:00:00+00:00, run_after=2026-02-08 00:00:00+00:00
[2026-02-07T08:26:02.806+0000] {processor.py:183} INFO - Processing /opt/airflow/dags/dl_global_index.py took 0.220 seconds
[2026-02-07T08:26:33.849+0000] {processor.py:161} INFO - Started process (PID=124) to work on /opt/airflow/dags/dl_global_index.py
[2026-02-07T08:26:33.851+0000] {processor.py:830} INFO - Processing file /opt/airflow/dags/dl_global_index.py for tasks to queue
[2026-02-07T08:26:33.853+0000] {logging_mixin.py:188} INFO - [2026-02-07T08:26:33.852+0000] {dagbag.py:545} INFO - Filling up the DagBag from /opt/airflow/dags/dl_global_index.py
[2026-02-07T08:26:33.916+0000] {processor.py:840} INFO - DAG(s) 'global_index_minio' retrieved from /opt/airflow/dags/dl_global_index.py
[2026-02-07T08:26:33.968+0000] {logging_mixin.py:188} INFO - [2026-02-07T08:26:33.967+0000] {dag.py:3089} INFO - Sync 1 DAGs
[2026-02-07T08:26:34.017+0000] {logging_mixin.py:188} INFO - [2026-02-07T08:26:34.017+0000] {dag.py:3947} INFO - Setting next_dagrun for global_index_minio to 2026-02-07 00:00:00+00:00, run_after=2026-02-08 00:00:00+00:00
[2026-02-07T08:26:34.058+0000] {processor.py:183} INFO - Processing /opt/airflow/dags/dl_global_index.py took 0.223 seconds
[2026-02-07T08:27:22.688+0000] {processor.py:161} INFO - Started process (PID=149) to work on /opt/airflow/dags/dl_global_index.py
[2026-02-07T08:27:22.689+0000] {processor.py:830} INFO - Processing file /opt/airflow/dags/dl_global_index.py for tasks to queue
[2026-02-07T08:27:22.692+0000] {logging_mixin.py:188} INFO - [2026-02-07T08:27:22.692+0000] {dagbag.py:545} INFO - Filling up the DagBag from /opt/airflow/dags/dl_global_index.py
[2026-02-07T08:27:22.769+0000] {processor.py:840} INFO - DAG(s) 'global_index_minio' retrieved from /opt/airflow/dags/dl_global_index.py
[2026-02-07T08:27:22.848+0000] {logging_mixin.py:188} INFO - [2026-02-07T08:27:22.847+0000] {dag.py:3089} INFO - Sync 1 DAGs
[2026-02-07T08:27:22.917+0000] {logging_mixin.py:188} INFO - [2026-02-07T08:27:22.917+0000] {dag.py:3947} INFO - Setting next_dagrun for global_index_minio to 2026-02-07 00:00:00+00:00, run_after=2026-02-08 00:00:00+00:00
[2026-02-07T08:27:22.954+0000] {processor.py:183} INFO - Processing /opt/airflow/dags/dl_global_index.py took 0.277 seconds
[2026-02-07T08:28:07.418+0000] {processor.py:161} INFO - Started process (PID=180) to work on /opt/airflow/dags/dl_global_index.py
[2026-02-07T08:28:07.437+0000] {processor.py:830} INFO - Processing file /opt/airflow/dags/dl_global_index.py for tasks to queue
[2026-02-07T08:28:07.447+0000] {logging_mixin.py:188} INFO - [2026-02-07T08:28:07.446+0000] {dagbag.py:545} INFO - Filling up the DagBag from /opt/airflow/dags/dl_global_index.py
[2026-02-07T08:28:07.843+0000] {processor.py:840} INFO - DAG(s) 'global_index_minio' retrieved from /opt/airflow/dags/dl_global_index.py
[2026-02-07T08:28:07.973+0000] {logging_mixin.py:188} INFO - [2026-02-07T08:28:07.973+0000] {dag.py:3089} INFO - Sync 1 DAGs
[2026-02-07T08:28:08.100+0000] {logging_mixin.py:188} INFO - [2026-02-07T08:28:08.100+0000] {dag.py:3947} INFO - Setting next_dagrun for global_index_minio to 2026-02-07 00:00:00+00:00, run_after=2026-02-08 00:00:00+00:00
[2026-02-07T08:28:08.207+0000] {processor.py:183} INFO - Processing /opt/airflow/dags/dl_global_index.py took 0.804 seconds
[2026-02-07T08:28:39.626+0000] {processor.py:161} INFO - Started process (PID=223) to work on /opt/airflow/dags/dl_global_index.py
[2026-02-07T08:28:39.628+0000] {processor.py:830} INFO - Processing file /opt/airflow/dags/dl_global_index.py for tasks to queue
[2026-02-07T08:28:39.630+0000] {logging_mixin.py:188} INFO - [2026-02-07T08:28:39.629+0000] {dagbag.py:545} INFO - Filling up the DagBag from /opt/airflow/dags/dl_global_index.py
[2026-02-07T08:28:39.761+0000] {processor.py:840} INFO - DAG(s) 'global_index_minio' retrieved from /opt/airflow/dags/dl_global_index.py
[2026-02-07T08:28:39.864+0000] {logging_mixin.py:188} INFO - [2026-02-07T08:28:39.863+0000] {dag.py:3089} INFO - Sync 1 DAGs
[2026-02-07T08:28:40.013+0000] {logging_mixin.py:188} INFO - [2026-02-07T08:28:40.012+0000] {dag.py:3947} INFO - Setting next_dagrun for global_index_minio to 2026-02-07 00:00:00+00:00, run_after=2026-02-08 00:00:00+00:00
[2026-02-07T08:28:40.067+0000] {processor.py:183} INFO - Processing /opt/airflow/dags/dl_global_index.py took 0.467 seconds
[2026-02-07T08:29:11.077+0000] {processor.py:161} INFO - Started process (PID=276) to work on /opt/airflow/dags/dl_global_index.py
[2026-02-07T08:29:11.131+0000] {processor.py:830} INFO - Processing file /opt/airflow/dags/dl_global_index.py for tasks to queue
[2026-02-07T08:29:11.190+0000] {logging_mixin.py:188} INFO - [2026-02-07T08:29:11.189+0000] {dagbag.py:545} INFO - Filling up the DagBag from /opt/airflow/dags/dl_global_index.py
[2026-02-07T08:29:11.512+0000] {processor.py:840} INFO - DAG(s) 'global_index_minio' retrieved from /opt/airflow/dags/dl_global_index.py
[2026-02-07T08:29:11.639+0000] {logging_mixin.py:188} INFO - [2026-02-07T08:29:11.638+0000] {dag.py:3089} INFO - Sync 1 DAGs
[2026-02-07T08:29:11.759+0000] {logging_mixin.py:188} INFO - [2026-02-07T08:29:11.758+0000] {dag.py:3947} INFO - Setting next_dagrun for global_index_minio to 2026-02-07 00:00:00+00:00, run_after=2026-02-08 00:00:00+00:00
[2026-02-07T08:29:11.824+0000] {processor.py:183} INFO - Processing /opt/airflow/dags/dl_global_index.py took 0.845 seconds
[2026-02-07T08:29:42.440+0000] {processor.py:161} INFO - Started process (PID=322) to work on /opt/airflow/dags/dl_global_index.py
[2026-02-07T08:29:42.442+0000] {processor.py:830} INFO - Processing file /opt/airflow/dags/dl_global_index.py for tasks to queue
[2026-02-07T08:29:42.444+0000] {logging_mixin.py:188} INFO - [2026-02-07T08:29:42.444+0000] {dagbag.py:545} INFO - Filling up the DagBag from /opt/airflow/dags/dl_global_index.py
[2026-02-07T08:29:42.615+0000] {processor.py:840} INFO - DAG(s) 'global_index_minio' retrieved from /opt/airflow/dags/dl_global_index.py
[2026-02-07T08:29:42.739+0000] {logging_mixin.py:188} INFO - [2026-02-07T08:29:42.737+0000] {dag.py:3089} INFO - Sync 1 DAGs
[2026-02-07T08:29:42.840+0000] {logging_mixin.py:188} INFO - [2026-02-07T08:29:42.839+0000] {dag.py:3947} INFO - Setting next_dagrun for global_index_minio to 2026-02-07 00:00:00+00:00, run_after=2026-02-08 00:00:00+00:00
[2026-02-07T08:29:42.997+0000] {processor.py:183} INFO - Processing /opt/airflow/dags/dl_global_index.py took 0.572 seconds
[2026-02-07T08:30:14.499+0000] {processor.py:161} INFO - Started process (PID=358) to work on /opt/airflow/dags/dl_global_index.py
[2026-02-07T08:30:14.509+0000] {processor.py:830} INFO - Processing file /opt/airflow/dags/dl_global_index.py for tasks to queue
[2026-02-07T08:30:14.515+0000] {logging_mixin.py:188} INFO - [2026-02-07T08:30:14.510+0000] {dagbag.py:545} INFO - Filling up the DagBag from /opt/airflow/dags/dl_global_index.py
[2026-02-07T08:30:15.026+0000] {processor.py:840} INFO - DAG(s) 'global_index_minio' retrieved from /opt/airflow/dags/dl_global_index.py
[2026-02-07T08:30:15.511+0000] {logging_mixin.py:188} INFO - [2026-02-07T08:30:15.510+0000] {dag.py:3089} INFO - Sync 1 DAGs
[2026-02-07T08:30:16.215+0000] {logging_mixin.py:188} INFO - [2026-02-07T08:30:16.215+0000] {dag.py:3947} INFO - Setting next_dagrun for global_index_minio to 2026-02-07 00:00:00+00:00, run_after=2026-02-08 00:00:00+00:00
[2026-02-07T08:30:16.732+0000] {processor.py:183} INFO - Processing /opt/airflow/dags/dl_global_index.py took 2.413 seconds
[2026-02-07T08:30:47.463+0000] {processor.py:161} INFO - Started process (PID=400) to work on /opt/airflow/dags/dl_global_index.py
[2026-02-07T08:30:47.472+0000] {processor.py:830} INFO - Processing file /opt/airflow/dags/dl_global_index.py for tasks to queue
[2026-02-07T08:30:47.487+0000] {logging_mixin.py:188} INFO - [2026-02-07T08:30:47.486+0000] {dagbag.py:545} INFO - Filling up the DagBag from /opt/airflow/dags/dl_global_index.py
[2026-02-07T08:30:47.580+0000] {processor.py:840} INFO - DAG(s) 'global_index_minio' retrieved from /opt/airflow/dags/dl_global_index.py
[2026-02-07T08:30:47.646+0000] {logging_mixin.py:188} INFO - [2026-02-07T08:30:47.645+0000] {dag.py:3089} INFO - Sync 1 DAGs
[2026-02-07T08:30:47.715+0000] {logging_mixin.py:188} INFO - [2026-02-07T08:30:47.714+0000] {dag.py:3947} INFO - Setting next_dagrun for global_index_minio to 2026-02-07 00:00:00+00:00, run_after=2026-02-08 00:00:00+00:00
[2026-02-07T08:30:47.798+0000] {processor.py:183} INFO - Processing /opt/airflow/dags/dl_global_index.py took 0.344 seconds
[2026-02-07T08:31:18.244+0000] {processor.py:161} INFO - Started process (PID=444) to work on /opt/airflow/dags/dl_global_index.py
[2026-02-07T08:31:18.245+0000] {processor.py:830} INFO - Processing file /opt/airflow/dags/dl_global_index.py for tasks to queue
[2026-02-07T08:31:18.247+0000] {logging_mixin.py:188} INFO - [2026-02-07T08:31:18.246+0000] {dagbag.py:545} INFO - Filling up the DagBag from /opt/airflow/dags/dl_global_index.py
[2026-02-07T08:31:18.338+0000] {processor.py:840} INFO - DAG(s) 'global_index_minio' retrieved from /opt/airflow/dags/dl_global_index.py
[2026-02-07T08:31:18.408+0000] {logging_mixin.py:188} INFO - [2026-02-07T08:31:18.408+0000] {dag.py:3089} INFO - Sync 1 DAGs
[2026-02-07T08:31:18.464+0000] {logging_mixin.py:188} INFO - [2026-02-07T08:31:18.464+0000] {dag.py:3947} INFO - Setting next_dagrun for global_index_minio to 2026-02-07 00:00:00+00:00, run_after=2026-02-08 00:00:00+00:00
[2026-02-07T08:31:18.504+0000] {processor.py:183} INFO - Processing /opt/airflow/dags/dl_global_index.py took 0.280 seconds
[2026-02-07T08:31:49.088+0000] {processor.py:161} INFO - Started process (PID=482) to work on /opt/airflow/dags/dl_global_index.py
[2026-02-07T08:31:49.092+0000] {processor.py:830} INFO - Processing file /opt/airflow/dags/dl_global_index.py for tasks to queue
[2026-02-07T08:31:49.096+0000] {logging_mixin.py:188} INFO - [2026-02-07T08:31:49.094+0000] {dagbag.py:545} INFO - Filling up the DagBag from /opt/airflow/dags/dl_global_index.py
[2026-02-07T08:31:49.167+0000] {processor.py:840} INFO - DAG(s) 'global_index_minio' retrieved from /opt/airflow/dags/dl_global_index.py
[2026-02-07T08:31:49.278+0000] {logging_mixin.py:188} INFO - [2026-02-07T08:31:49.278+0000] {dag.py:3089} INFO - Sync 1 DAGs
[2026-02-07T08:31:49.347+0000] {logging_mixin.py:188} INFO - [2026-02-07T08:31:49.346+0000] {dag.py:3947} INFO - Setting next_dagrun for global_index_minio to 2026-02-07 00:00:00+00:00, run_after=2026-02-08 00:00:00+00:00
[2026-02-07T08:31:49.416+0000] {processor.py:183} INFO - Processing /opt/airflow/dags/dl_global_index.py took 0.337 seconds
[2026-02-07T08:32:20.097+0000] {processor.py:161} INFO - Started process (PID=519) to work on /opt/airflow/dags/dl_global_index.py
[2026-02-07T08:32:20.102+0000] {processor.py:830} INFO - Processing file /opt/airflow/dags/dl_global_index.py for tasks to queue
[2026-02-07T08:32:20.109+0000] {logging_mixin.py:188} INFO - [2026-02-07T08:32:20.108+0000] {dagbag.py:545} INFO - Filling up the DagBag from /opt/airflow/dags/dl_global_index.py
[2026-02-07T08:32:20.222+0000] {processor.py:840} INFO - DAG(s) 'global_index_minio' retrieved from /opt/airflow/dags/dl_global_index.py
[2026-02-07T08:32:20.288+0000] {logging_mixin.py:188} INFO - [2026-02-07T08:32:20.287+0000] {dag.py:3089} INFO - Sync 1 DAGs
[2026-02-07T08:32:20.340+0000] {logging_mixin.py:188} INFO - [2026-02-07T08:32:20.338+0000] {dag.py:3947} INFO - Setting next_dagrun for global_index_minio to 2026-02-07 00:00:00+00:00, run_after=2026-02-08 00:00:00+00:00
[2026-02-07T08:32:20.401+0000] {processor.py:183} INFO - Processing /opt/airflow/dags/dl_global_index.py took 0.342 seconds
[2026-02-07T08:32:51.222+0000] {processor.py:161} INFO - Started process (PID=566) to work on /opt/airflow/dags/dl_global_index.py
[2026-02-07T08:32:51.233+0000] {processor.py:830} INFO - Processing file /opt/airflow/dags/dl_global_index.py for tasks to queue
[2026-02-07T08:32:51.235+0000] {logging_mixin.py:188} INFO - [2026-02-07T08:32:51.235+0000] {dagbag.py:545} INFO - Filling up the DagBag from /opt/airflow/dags/dl_global_index.py
[2026-02-07T08:32:51.519+0000] {processor.py:840} INFO - DAG(s) 'global_index_minio' retrieved from /opt/airflow/dags/dl_global_index.py
[2026-02-07T08:32:51.593+0000] {logging_mixin.py:188} INFO - [2026-02-07T08:32:51.592+0000] {dag.py:3089} INFO - Sync 1 DAGs
[2026-02-07T08:32:51.681+0000] {logging_mixin.py:188} INFO - [2026-02-07T08:32:51.681+0000] {dag.py:3947} INFO - Setting next_dagrun for global_index_minio to 2026-02-07 00:00:00+00:00, run_after=2026-02-08 00:00:00+00:00
[2026-02-07T08:32:51.757+0000] {processor.py:183} INFO - Processing /opt/airflow/dags/dl_global_index.py took 0.555 seconds
[2026-02-07T08:33:22.609+0000] {processor.py:161} INFO - Started process (PID=608) to work on /opt/airflow/dags/dl_global_index.py
[2026-02-07T08:33:22.613+0000] {processor.py:830} INFO - Processing file /opt/airflow/dags/dl_global_index.py for tasks to queue
[2026-02-07T08:33:22.617+0000] {logging_mixin.py:188} INFO - [2026-02-07T08:33:22.616+0000] {dagbag.py:545} INFO - Filling up the DagBag from /opt/airflow/dags/dl_global_index.py
[2026-02-07T08:33:22.940+0000] {processor.py:840} INFO - DAG(s) 'global_index_minio' retrieved from /opt/airflow/dags/dl_global_index.py
[2026-02-07T08:33:23.001+0000] {logging_mixin.py:188} INFO - [2026-02-07T08:33:23.001+0000] {dag.py:3089} INFO - Sync 1 DAGs
[2026-02-07T08:33:23.081+0000] {logging_mixin.py:188} INFO - [2026-02-07T08:33:23.081+0000] {dag.py:3947} INFO - Setting next_dagrun for global_index_minio to 2026-02-07 00:00:00+00:00, run_after=2026-02-08 00:00:00+00:00
[2026-02-07T08:33:23.163+0000] {processor.py:183} INFO - Processing /opt/airflow/dags/dl_global_index.py took 0.573 seconds
[2026-02-07T08:33:54.207+0000] {processor.py:161} INFO - Started process (PID=648) to work on /opt/airflow/dags/dl_global_index.py
[2026-02-07T08:33:54.209+0000] {processor.py:830} INFO - Processing file /opt/airflow/dags/dl_global_index.py for tasks to queue
[2026-02-07T08:33:54.218+0000] {logging_mixin.py:188} INFO - [2026-02-07T08:33:54.217+0000] {dagbag.py:545} INFO - Filling up the DagBag from /opt/airflow/dags/dl_global_index.py
[2026-02-07T08:33:54.734+0000] {processor.py:840} INFO - DAG(s) 'global_index_minio' retrieved from /opt/airflow/dags/dl_global_index.py
[2026-02-07T08:33:54.820+0000] {logging_mixin.py:188} INFO - [2026-02-07T08:33:54.819+0000] {dag.py:3089} INFO - Sync 1 DAGs
[2026-02-07T08:33:54.905+0000] {logging_mixin.py:188} INFO - [2026-02-07T08:33:54.905+0000] {dag.py:3947} INFO - Setting next_dagrun for global_index_minio to 2026-02-07 00:00:00+00:00, run_after=2026-02-08 00:00:00+00:00
[2026-02-07T08:33:54.987+0000] {processor.py:183} INFO - Processing /opt/airflow/dags/dl_global_index.py took 0.792 seconds
[2026-02-07T08:34:25.573+0000] {processor.py:161} INFO - Started process (PID=682) to work on /opt/airflow/dags/dl_global_index.py
[2026-02-07T08:34:25.575+0000] {processor.py:830} INFO - Processing file /opt/airflow/dags/dl_global_index.py for tasks to queue
[2026-02-07T08:34:25.578+0000] {logging_mixin.py:188} INFO - [2026-02-07T08:34:25.577+0000] {dagbag.py:545} INFO - Filling up the DagBag from /opt/airflow/dags/dl_global_index.py
[2026-02-07T08:34:25.665+0000] {processor.py:840} INFO - DAG(s) 'global_index_minio' retrieved from /opt/airflow/dags/dl_global_index.py
[2026-02-07T08:34:25.775+0000] {logging_mixin.py:188} INFO - [2026-02-07T08:34:25.774+0000] {dag.py:3089} INFO - Sync 1 DAGs
[2026-02-07T08:34:25.850+0000] {logging_mixin.py:188} INFO - [2026-02-07T08:34:25.849+0000] {dag.py:3947} INFO - Setting next_dagrun for global_index_minio to 2026-02-07 00:00:00+00:00, run_after=2026-02-08 00:00:00+00:00
[2026-02-07T08:34:25.942+0000] {processor.py:183} INFO - Processing /opt/airflow/dags/dl_global_index.py took 0.408 seconds
[2026-02-07T08:34:56.407+0000] {processor.py:161} INFO - Started process (PID=737) to work on /opt/airflow/dags/dl_global_index.py
[2026-02-07T08:34:56.408+0000] {processor.py:830} INFO - Processing file /opt/airflow/dags/dl_global_index.py for tasks to queue
[2026-02-07T08:34:56.410+0000] {logging_mixin.py:188} INFO - [2026-02-07T08:34:56.409+0000] {dagbag.py:545} INFO - Filling up the DagBag from /opt/airflow/dags/dl_global_index.py
[2026-02-07T08:34:56.472+0000] {processor.py:840} INFO - DAG(s) 'global_index_minio' retrieved from /opt/airflow/dags/dl_global_index.py
[2026-02-07T08:34:56.517+0000] {logging_mixin.py:188} INFO - [2026-02-07T08:34:56.516+0000] {dag.py:3089} INFO - Sync 1 DAGs
[2026-02-07T08:34:56.566+0000] {logging_mixin.py:188} INFO - [2026-02-07T08:34:56.566+0000] {dag.py:3947} INFO - Setting next_dagrun for global_index_minio to 2026-02-07 00:00:00+00:00, run_after=2026-02-08 00:00:00+00:00
[2026-02-07T08:34:56.619+0000] {processor.py:183} INFO - Processing /opt/airflow/dags/dl_global_index.py took 0.222 seconds
[2026-02-07T08:35:27.329+0000] {processor.py:161} INFO - Started process (PID=781) to work on /opt/airflow/dags/dl_global_index.py
[2026-02-07T08:35:27.330+0000] {processor.py:830} INFO - Processing file /opt/airflow/dags/dl_global_index.py for tasks to queue
[2026-02-07T08:35:27.332+0000] {logging_mixin.py:188} INFO - [2026-02-07T08:35:27.331+0000] {dagbag.py:545} INFO - Filling up the DagBag from /opt/airflow/dags/dl_global_index.py
[2026-02-07T08:35:27.421+0000] {processor.py:840} INFO - DAG(s) 'global_index_minio' retrieved from /opt/airflow/dags/dl_global_index.py
[2026-02-07T08:35:27.472+0000] {logging_mixin.py:188} INFO - [2026-02-07T08:35:27.471+0000] {dag.py:3089} INFO - Sync 1 DAGs
[2026-02-07T08:35:27.516+0000] {logging_mixin.py:188} INFO - [2026-02-07T08:35:27.516+0000] {dag.py:3947} INFO - Setting next_dagrun for global_index_minio to 2026-02-07 00:00:00+00:00, run_after=2026-02-08 00:00:00+00:00
[2026-02-07T08:35:27.549+0000] {processor.py:183} INFO - Processing /opt/airflow/dags/dl_global_index.py took 0.229 seconds
[2026-02-07T08:35:58.100+0000] {processor.py:161} INFO - Started process (PID=829) to work on /opt/airflow/dags/dl_global_index.py
[2026-02-07T08:35:58.107+0000] {processor.py:830} INFO - Processing file /opt/airflow/dags/dl_global_index.py for tasks to queue
[2026-02-07T08:35:58.120+0000] {logging_mixin.py:188} INFO - [2026-02-07T08:35:58.119+0000] {dagbag.py:545} INFO - Filling up the DagBag from /opt/airflow/dags/dl_global_index.py
[2026-02-07T08:35:58.294+0000] {processor.py:840} INFO - DAG(s) 'global_index_minio' retrieved from /opt/airflow/dags/dl_global_index.py
[2026-02-07T08:35:58.354+0000] {logging_mixin.py:188} INFO - [2026-02-07T08:35:58.353+0000] {dag.py:3089} INFO - Sync 1 DAGs
[2026-02-07T08:35:58.443+0000] {logging_mixin.py:188} INFO - [2026-02-07T08:35:58.442+0000] {dag.py:3947} INFO - Setting next_dagrun for global_index_minio to 2026-02-07 00:00:00+00:00, run_after=2026-02-08 00:00:00+00:00
[2026-02-07T08:35:58.509+0000] {processor.py:183} INFO - Processing /opt/airflow/dags/dl_global_index.py took 0.474 seconds
[2026-02-07T08:36:28.796+0000] {processor.py:161} INFO - Started process (PID=886) to work on /opt/airflow/dags/dl_global_index.py
[2026-02-07T08:36:28.797+0000] {processor.py:830} INFO - Processing file /opt/airflow/dags/dl_global_index.py for tasks to queue
[2026-02-07T08:36:28.799+0000] {logging_mixin.py:188} INFO - [2026-02-07T08:36:28.799+0000] {dagbag.py:545} INFO - Filling up the DagBag from /opt/airflow/dags/dl_global_index.py
[2026-02-07T08:36:28.874+0000] {processor.py:840} INFO - DAG(s) 'global_index_minio' retrieved from /opt/airflow/dags/dl_global_index.py
[2026-02-07T08:36:28.917+0000] {logging_mixin.py:188} INFO - [2026-02-07T08:36:28.917+0000] {dag.py:3089} INFO - Sync 1 DAGs
[2026-02-07T08:36:28.973+0000] {logging_mixin.py:188} INFO - [2026-02-07T08:36:28.972+0000] {dag.py:3947} INFO - Setting next_dagrun for global_index_minio to 2026-02-07 00:00:00+00:00, run_after=2026-02-08 00:00:00+00:00
[2026-02-07T08:36:29.058+0000] {processor.py:183} INFO - Processing /opt/airflow/dags/dl_global_index.py took 0.270 seconds
[2026-02-07T08:36:59.201+0000] {processor.py:161} INFO - Started process (PID=930) to work on /opt/airflow/dags/dl_global_index.py
[2026-02-07T08:36:59.202+0000] {processor.py:830} INFO - Processing file /opt/airflow/dags/dl_global_index.py for tasks to queue
[2026-02-07T08:36:59.204+0000] {logging_mixin.py:188} INFO - [2026-02-07T08:36:59.203+0000] {dagbag.py:545} INFO - Filling up the DagBag from /opt/airflow/dags/dl_global_index.py
[2026-02-07T08:36:59.242+0000] {processor.py:840} INFO - DAG(s) 'global_index_minio' retrieved from /opt/airflow/dags/dl_global_index.py
[2026-02-07T08:36:59.370+0000] {logging_mixin.py:188} INFO - [2026-02-07T08:36:59.370+0000] {dag.py:3089} INFO - Sync 1 DAGs
[2026-02-07T08:36:59.400+0000] {logging_mixin.py:188} INFO - [2026-02-07T08:36:59.400+0000] {dag.py:3947} INFO - Setting next_dagrun for global_index_minio to 2026-02-07 00:00:00+00:00, run_after=2026-02-08 00:00:00+00:00
[2026-02-07T08:36:59.433+0000] {processor.py:183} INFO - Processing /opt/airflow/dags/dl_global_index.py took 0.239 seconds
[2026-02-07T08:37:29.766+0000] {processor.py:161} INFO - Started process (PID=983) to work on /opt/airflow/dags/dl_global_index.py
[2026-02-07T08:37:29.767+0000] {processor.py:830} INFO - Processing file /opt/airflow/dags/dl_global_index.py for tasks to queue
[2026-02-07T08:37:29.768+0000] {logging_mixin.py:188} INFO - [2026-02-07T08:37:29.768+0000] {dagbag.py:545} INFO - Filling up the DagBag from /opt/airflow/dags/dl_global_index.py
[2026-02-07T08:37:29.814+0000] {processor.py:840} INFO - DAG(s) 'global_index_minio' retrieved from /opt/airflow/dags/dl_global_index.py
[2026-02-07T08:37:29.859+0000] {logging_mixin.py:188} INFO - [2026-02-07T08:37:29.858+0000] {dag.py:3089} INFO - Sync 1 DAGs
[2026-02-07T08:37:29.900+0000] {logging_mixin.py:188} INFO - [2026-02-07T08:37:29.899+0000] {dag.py:3947} INFO - Setting next_dagrun for global_index_minio to 2026-02-07 00:00:00+00:00, run_after=2026-02-08 00:00:00+00:00
[2026-02-07T08:37:29.936+0000] {processor.py:183} INFO - Processing /opt/airflow/dags/dl_global_index.py took 0.180 seconds
[2026-02-07T08:38:00.473+0000] {processor.py:161} INFO - Started process (PID=1035) to work on /opt/airflow/dags/dl_global_index.py
[2026-02-07T08:38:00.475+0000] {processor.py:830} INFO - Processing file /opt/airflow/dags/dl_global_index.py for tasks to queue
[2026-02-07T08:38:00.477+0000] {logging_mixin.py:188} INFO - [2026-02-07T08:38:00.477+0000] {dagbag.py:545} INFO - Filling up the DagBag from /opt/airflow/dags/dl_global_index.py
[2026-02-07T08:38:00.604+0000] {processor.py:840} INFO - DAG(s) 'global_index_minio' retrieved from /opt/airflow/dags/dl_global_index.py
[2026-02-07T08:38:00.671+0000] {logging_mixin.py:188} INFO - [2026-02-07T08:38:00.670+0000] {dag.py:3089} INFO - Sync 1 DAGs
[2026-02-07T08:38:00.720+0000] {logging_mixin.py:188} INFO - [2026-02-07T08:38:00.719+0000] {dag.py:3947} INFO - Setting next_dagrun for global_index_minio to 2026-02-07 00:00:00+00:00, run_after=2026-02-08 00:00:00+00:00
[2026-02-07T08:38:00.771+0000] {processor.py:183} INFO - Processing /opt/airflow/dags/dl_global_index.py took 0.307 seconds
[2026-02-07T08:38:31.882+0000] {processor.py:161} INFO - Started process (PID=1081) to work on /opt/airflow/dags/dl_global_index.py
[2026-02-07T08:38:31.883+0000] {processor.py:830} INFO - Processing file /opt/airflow/dags/dl_global_index.py for tasks to queue
[2026-02-07T08:38:31.886+0000] {logging_mixin.py:188} INFO - [2026-02-07T08:38:31.885+0000] {dagbag.py:545} INFO - Filling up the DagBag from /opt/airflow/dags/dl_global_index.py
[2026-02-07T08:38:32.006+0000] {processor.py:840} INFO - DAG(s) 'global_index_minio' retrieved from /opt/airflow/dags/dl_global_index.py
[2026-02-07T08:38:32.067+0000] {logging_mixin.py:188} INFO - [2026-02-07T08:38:32.066+0000] {dag.py:3089} INFO - Sync 1 DAGs
[2026-02-07T08:38:32.150+0000] {logging_mixin.py:188} INFO - [2026-02-07T08:38:32.150+0000] {dag.py:3947} INFO - Setting next_dagrun for global_index_minio to 2026-02-07 00:00:00+00:00, run_after=2026-02-08 00:00:00+00:00
[2026-02-07T08:38:32.255+0000] {processor.py:183} INFO - Processing /opt/airflow/dags/dl_global_index.py took 0.391 seconds
[2026-02-07T08:39:02.839+0000] {processor.py:161} INFO - Started process (PID=1122) to work on /opt/airflow/dags/dl_global_index.py
[2026-02-07T08:39:02.840+0000] {processor.py:830} INFO - Processing file /opt/airflow/dags/dl_global_index.py for tasks to queue
[2026-02-07T08:39:02.841+0000] {logging_mixin.py:188} INFO - [2026-02-07T08:39:02.841+0000] {dagbag.py:545} INFO - Filling up the DagBag from /opt/airflow/dags/dl_global_index.py
[2026-02-07T08:39:02.931+0000] {processor.py:840} INFO - DAG(s) 'global_index_minio' retrieved from /opt/airflow/dags/dl_global_index.py
[2026-02-07T08:39:03.013+0000] {logging_mixin.py:188} INFO - [2026-02-07T08:39:03.013+0000] {dag.py:3089} INFO - Sync 1 DAGs
[2026-02-07T08:39:03.063+0000] {logging_mixin.py:188} INFO - [2026-02-07T08:39:03.063+0000] {dag.py:3947} INFO - Setting next_dagrun for global_index_minio to 2026-02-07 00:00:00+00:00, run_after=2026-02-08 00:00:00+00:00
[2026-02-07T08:39:03.125+0000] {processor.py:183} INFO - Processing /opt/airflow/dags/dl_global_index.py took 0.297 seconds
[2026-02-07T08:39:33.429+0000] {processor.py:161} INFO - Started process (PID=1174) to work on /opt/airflow/dags/dl_global_index.py
[2026-02-07T08:39:33.430+0000] {processor.py:830} INFO - Processing file /opt/airflow/dags/dl_global_index.py for tasks to queue
[2026-02-07T08:39:33.432+0000] {logging_mixin.py:188} INFO - [2026-02-07T08:39:33.431+0000] {dagbag.py:545} INFO - Filling up the DagBag from /opt/airflow/dags/dl_global_index.py
[2026-02-07T08:39:33.512+0000] {processor.py:840} INFO - DAG(s) 'global_index_minio' retrieved from /opt/airflow/dags/dl_global_index.py
[2026-02-07T08:39:33.568+0000] {logging_mixin.py:188} INFO - [2026-02-07T08:39:33.568+0000] {dag.py:3089} INFO - Sync 1 DAGs
[2026-02-07T08:39:33.630+0000] {logging_mixin.py:188} INFO - [2026-02-07T08:39:33.629+0000] {dag.py:3947} INFO - Setting next_dagrun for global_index_minio to 2026-02-07 00:00:00+00:00, run_after=2026-02-08 00:00:00+00:00
[2026-02-07T08:39:33.675+0000] {processor.py:183} INFO - Processing /opt/airflow/dags/dl_global_index.py took 0.257 seconds
[2026-02-07T08:40:04.307+0000] {processor.py:161} INFO - Started process (PID=1223) to work on /opt/airflow/dags/dl_global_index.py
[2026-02-07T08:40:04.321+0000] {processor.py:830} INFO - Processing file /opt/airflow/dags/dl_global_index.py for tasks to queue
[2026-02-07T08:40:04.323+0000] {logging_mixin.py:188} INFO - [2026-02-07T08:40:04.322+0000] {dagbag.py:545} INFO - Filling up the DagBag from /opt/airflow/dags/dl_global_index.py
[2026-02-07T08:40:04.400+0000] {processor.py:840} INFO - DAG(s) 'global_index_minio' retrieved from /opt/airflow/dags/dl_global_index.py
[2026-02-07T08:40:04.476+0000] {logging_mixin.py:188} INFO - [2026-02-07T08:40:04.475+0000] {dag.py:3089} INFO - Sync 1 DAGs
[2026-02-07T08:40:04.544+0000] {logging_mixin.py:188} INFO - [2026-02-07T08:40:04.543+0000] {dag.py:3947} INFO - Setting next_dagrun for global_index_minio to 2026-02-07 00:00:00+00:00, run_after=2026-02-08 00:00:00+00:00
[2026-02-07T08:40:04.588+0000] {processor.py:183} INFO - Processing /opt/airflow/dags/dl_global_index.py took 0.292 seconds
[2026-02-07T08:40:35.271+0000] {processor.py:161} INFO - Started process (PID=1272) to work on /opt/airflow/dags/dl_global_index.py
[2026-02-07T08:40:35.277+0000] {processor.py:830} INFO - Processing file /opt/airflow/dags/dl_global_index.py for tasks to queue
[2026-02-07T08:40:35.279+0000] {logging_mixin.py:188} INFO - [2026-02-07T08:40:35.278+0000] {dagbag.py:545} INFO - Filling up the DagBag from /opt/airflow/dags/dl_global_index.py
[2026-02-07T08:40:35.441+0000] {processor.py:840} INFO - DAG(s) 'global_index_minio' retrieved from /opt/airflow/dags/dl_global_index.py
[2026-02-07T08:40:35.525+0000] {logging_mixin.py:188} INFO - [2026-02-07T08:40:35.524+0000] {dag.py:3089} INFO - Sync 1 DAGs
[2026-02-07T08:40:35.598+0000] {logging_mixin.py:188} INFO - [2026-02-07T08:40:35.598+0000] {dag.py:3947} INFO - Setting next_dagrun for global_index_minio to 2026-02-07 00:00:00+00:00, run_after=2026-02-08 00:00:00+00:00
[2026-02-07T08:40:35.676+0000] {processor.py:183} INFO - Processing /opt/airflow/dags/dl_global_index.py took 0.419 seconds
[2026-02-07T08:41:26.798+0000] {processor.py:161} INFO - Started process (PID=1300) to work on /opt/airflow/dags/dl_global_index.py
[2026-02-07T08:41:26.799+0000] {processor.py:830} INFO - Processing file /opt/airflow/dags/dl_global_index.py for tasks to queue
[2026-02-07T08:41:26.802+0000] {logging_mixin.py:188} INFO - [2026-02-07T08:41:26.800+0000] {dagbag.py:545} INFO - Filling up the DagBag from /opt/airflow/dags/dl_global_index.py
[2026-02-07T08:41:26.869+0000] {processor.py:840} INFO - DAG(s) 'global_index_minio' retrieved from /opt/airflow/dags/dl_global_index.py
[2026-02-07T08:41:48.565+0000] {logging_mixin.py:188} INFO - [2026-02-07T08:41:48.564+0000] {dag.py:3089} INFO - Sync 1 DAGs
[2026-02-07T08:41:48.661+0000] {logging_mixin.py:188} INFO - [2026-02-07T08:41:48.658+0000] {dag.py:3947} INFO - Setting next_dagrun for global_index_minio to 2026-02-07 00:00:00+00:00, run_after=2026-02-08 00:00:00+00:00
[2026-02-07T08:41:48.726+0000] {processor.py:183} INFO - Processing /opt/airflow/dags/dl_global_index.py took 22.004 seconds
[2026-02-07T08:42:19.281+0000] {processor.py:161} INFO - Started process (PID=1341) to work on /opt/airflow/dags/dl_global_index.py
[2026-02-07T08:42:19.282+0000] {processor.py:830} INFO - Processing file /opt/airflow/dags/dl_global_index.py for tasks to queue
[2026-02-07T08:42:19.286+0000] {logging_mixin.py:188} INFO - [2026-02-07T08:42:19.283+0000] {dagbag.py:545} INFO - Filling up the DagBag from /opt/airflow/dags/dl_global_index.py
[2026-02-07T08:42:20.148+0000] {processor.py:840} INFO - DAG(s) 'global_index_minio' retrieved from /opt/airflow/dags/dl_global_index.py
[2026-02-07T08:42:53.878+0000] {processor.py:186} ERROR - Got an exception! Propagating...
Traceback (most recent call last):
  File "/home/airflow/.local/lib/python3.12/site-packages/sqlalchemy/engine/base.py", line 3371, in _wrap_pool_connect
    return fn()
           ^^^^
  File "/home/airflow/.local/lib/python3.12/site-packages/sqlalchemy/pool/base.py", line 327, in connect
    return _ConnectionFairy._checkout(self)
           ^^^^^^^^^^^^^^^^^^^^^^^^^^^^^^^^
  File "/home/airflow/.local/lib/python3.12/site-packages/sqlalchemy/pool/base.py", line 894, in _checkout
    fairy = _ConnectionRecord.checkout(pool)
            ^^^^^^^^^^^^^^^^^^^^^^^^^^^^^^^^
  File "/home/airflow/.local/lib/python3.12/site-packages/sqlalchemy/pool/base.py", line 493, in checkout
    rec = pool._do_get()
          ^^^^^^^^^^^^^^
  File "/home/airflow/.local/lib/python3.12/site-packages/sqlalchemy/pool/impl.py", line 145, in _do_get
    with util.safe_reraise():
  File "/home/airflow/.local/lib/python3.12/site-packages/sqlalchemy/util/langhelpers.py", line 70, in __exit__
    compat.raise_(
  File "/home/airflow/.local/lib/python3.12/site-packages/sqlalchemy/util/compat.py", line 211, in raise_
    raise exception
  File "/home/airflow/.local/lib/python3.12/site-packages/sqlalchemy/pool/impl.py", line 143, in _do_get
    return self._create_connection()
           ^^^^^^^^^^^^^^^^^^^^^^^^^
  File "/home/airflow/.local/lib/python3.12/site-packages/sqlalchemy/pool/base.py", line 273, in _create_connection
    return _ConnectionRecord(self)
           ^^^^^^^^^^^^^^^^^^^^^^^
  File "/home/airflow/.local/lib/python3.12/site-packages/sqlalchemy/pool/base.py", line 388, in __init__
    self.__connect()
  File "/home/airflow/.local/lib/python3.12/site-packages/sqlalchemy/pool/base.py", line 690, in __connect
    with util.safe_reraise():
  File "/home/airflow/.local/lib/python3.12/site-packages/sqlalchemy/util/langhelpers.py", line 70, in __exit__
    compat.raise_(
  File "/home/airflow/.local/lib/python3.12/site-packages/sqlalchemy/util/compat.py", line 211, in raise_
    raise exception
  File "/home/airflow/.local/lib/python3.12/site-packages/sqlalchemy/pool/base.py", line 686, in __connect
    self.dbapi_connection = connection = pool._invoke_creator(self)
                                         ^^^^^^^^^^^^^^^^^^^^^^^^^^
  File "/home/airflow/.local/lib/python3.12/site-packages/sqlalchemy/engine/create.py", line 574, in connect
    return dialect.connect(*cargs, **cparams)
           ^^^^^^^^^^^^^^^^^^^^^^^^^^^^^^^^^^
  File "/home/airflow/.local/lib/python3.12/site-packages/sqlalchemy/engine/default.py", line 598, in connect
    return self.dbapi.connect(*cargs, **cparams)
           ^^^^^^^^^^^^^^^^^^^^^^^^^^^^^^^^^^^^^
  File "/home/airflow/.local/lib/python3.12/site-packages/psycopg2/__init__.py", line 122, in connect
    conn = _connect(dsn, connection_factory=connection_factory, **kwasync)
           ^^^^^^^^^^^^^^^^^^^^^^^^^^^^^^^^^^^^^^^^^^^^^^^^^^^^^^^^^^^^^^^
psycopg2.OperationalError: could not translate host name "postgres" to address: Temporary failure in name resolution


The above exception was the direct cause of the following exception:

Traceback (most recent call last):
  File "/home/airflow/.local/lib/python3.12/site-packages/airflow/dag_processing/processor.py", line 182, in _run_file_processor
    _handle_dag_file_processing()
  File "/home/airflow/.local/lib/python3.12/site-packages/airflow/dag_processing/processor.py", line 163, in _handle_dag_file_processing
    result: tuple[int, int] = dag_file_processor.process_file(
                              ^^^^^^^^^^^^^^^^^^^^^^^^^^^^^^^^
  File "/home/airflow/.local/lib/python3.12/site-packages/airflow/utils/session.py", line 79, in wrapper
    return func(*args, session=session, **kwargs)
           ^^^^^^^^^^^^^^^^^^^^^^^^^^^^^^^^^^^^^^
  File "/home/airflow/.local/lib/python3.12/site-packages/airflow/dag_processing/processor.py", line 859, in process_file
    serialize_errors = DagFileProcessor.save_dag_to_db(
                       ^^^^^^^^^^^^^^^^^^^^^^^^^^^^^^^^
  File "/home/airflow/.local/lib/python3.12/site-packages/airflow/api_internal/internal_api_call.py", line 115, in wrapper
    return func(*args, **kwargs)
           ^^^^^^^^^^^^^^^^^^^^^
  File "/home/airflow/.local/lib/python3.12/site-packages/airflow/utils/session.py", line 79, in wrapper
    return func(*args, session=session, **kwargs)
           ^^^^^^^^^^^^^^^^^^^^^^^^^^^^^^^^^^^^^^
  File "/home/airflow/.local/lib/python3.12/site-packages/airflow/dag_processing/processor.py", line 895, in save_dag_to_db
    import_errors = DagBag._sync_to_db(dags=dags, processor_subdir=dag_directory, session=session)
                    ^^^^^^^^^^^^^^^^^^^^^^^^^^^^^^^^^^^^^^^^^^^^^^^^^^^^^^^^^^^^^^^^^^^^^^^^^^^^^^
  File "/home/airflow/.local/lib/python3.12/site-packages/airflow/utils/session.py", line 76, in wrapper
    return func(*args, **kwargs)
           ^^^^^^^^^^^^^^^^^^^^^
  File "/home/airflow/.local/lib/python3.12/site-packages/airflow/models/dagbag.py", line 664, in _sync_to_db
    for attempt in run_with_db_retries(logger=log):
  File "/home/airflow/.local/lib/python3.12/site-packages/tenacity/__init__.py", line 443, in __iter__
    do = self.iter(retry_state=retry_state)
         ^^^^^^^^^^^^^^^^^^^^^^^^^^^^^^^^^^
  File "/home/airflow/.local/lib/python3.12/site-packages/tenacity/__init__.py", line 376, in iter
    result = action(retry_state)
             ^^^^^^^^^^^^^^^^^^^
  File "/home/airflow/.local/lib/python3.12/site-packages/tenacity/__init__.py", line 418, in exc_check
    raise retry_exc.reraise()
          ^^^^^^^^^^^^^^^^^^^
  File "/home/airflow/.local/lib/python3.12/site-packages/tenacity/__init__.py", line 185, in reraise
    raise self.last_attempt.result()
          ^^^^^^^^^^^^^^^^^^^^^^^^^^
  File "/usr/local/lib/python3.12/concurrent/futures/_base.py", line 449, in result
    return self.__get_result()
           ^^^^^^^^^^^^^^^^^^^
  File "/usr/local/lib/python3.12/concurrent/futures/_base.py", line 401, in __get_result
    raise self._exception
  File "/home/airflow/.local/lib/python3.12/site-packages/airflow/models/dagbag.py", line 677, in _sync_to_db
    _serialize_dag_capturing_errors(dag, session, processor_subdir)
  File "/home/airflow/.local/lib/python3.12/site-packages/airflow/models/dagbag.py", line 642, in _serialize_dag_capturing_errors
    dag_was_updated = SerializedDagModel.write_dag(
                      ^^^^^^^^^^^^^^^^^^^^^^^^^^^^^
  File "/home/airflow/.local/lib/python3.12/site-packages/airflow/utils/session.py", line 76, in wrapper
    return func(*args, **kwargs)
           ^^^^^^^^^^^^^^^^^^^^^
  File "/home/airflow/.local/lib/python3.12/site-packages/airflow/models/serialized_dag.py", line 158, in write_dag
    if session.scalar(
       ^^^^^^^^^^^^^^^
  File "/home/airflow/.local/lib/python3.12/site-packages/sqlalchemy/orm/session.py", line 1747, in scalar
    return self.execute(
           ^^^^^^^^^^^^^
  File "/home/airflow/.local/lib/python3.12/site-packages/sqlalchemy/orm/session.py", line 1716, in execute
    conn = self._connection_for_bind(bind)
           ^^^^^^^^^^^^^^^^^^^^^^^^^^^^^^^
  File "/home/airflow/.local/lib/python3.12/site-packages/sqlalchemy/orm/session.py", line 1555, in _connection_for_bind
    return self._transaction._connection_for_bind(
           ^^^^^^^^^^^^^^^^^^^^^^^^^^^^^^^^^^^^^^^
  File "/home/airflow/.local/lib/python3.12/site-packages/sqlalchemy/orm/session.py", line 750, in _connection_for_bind
    conn = bind.connect()
           ^^^^^^^^^^^^^^
  File "/home/airflow/.local/lib/python3.12/site-packages/sqlalchemy/future/engine.py", line 412, in connect
    return super(Engine, self).connect()
           ^^^^^^^^^^^^^^^^^^^^^^^^^^^^^
  File "/home/airflow/.local/lib/python3.12/site-packages/sqlalchemy/engine/base.py", line 3325, in connect
    return self._connection_cls(self, close_with_result=close_with_result)
           ^^^^^^^^^^^^^^^^^^^^^^^^^^^^^^^^^^^^^^^^^^^^^^^^^^^^^^^^^^^^^^^
  File "/home/airflow/.local/lib/python3.12/site-packages/sqlalchemy/engine/base.py", line 96, in __init__
    else engine.raw_connection()
         ^^^^^^^^^^^^^^^^^^^^^^^
  File "/home/airflow/.local/lib/python3.12/site-packages/sqlalchemy/engine/base.py", line 3404, in raw_connection
    return self._wrap_pool_connect(self.pool.connect, _connection)
           ^^^^^^^^^^^^^^^^^^^^^^^^^^^^^^^^^^^^^^^^^^^^^^^^^^^^^^^
  File "/home/airflow/.local/lib/python3.12/site-packages/sqlalchemy/engine/base.py", line 3374, in _wrap_pool_connect
    Connection._handle_dbapi_exception_noconnection(
  File "/home/airflow/.local/lib/python3.12/site-packages/sqlalchemy/engine/base.py", line 2208, in _handle_dbapi_exception_noconnection
    util.raise_(
  File "/home/airflow/.local/lib/python3.12/site-packages/sqlalchemy/util/compat.py", line 211, in raise_
    raise exception
  File "/home/airflow/.local/lib/python3.12/site-packages/sqlalchemy/engine/base.py", line 3371, in _wrap_pool_connect
    return fn()
           ^^^^
  File "/home/airflow/.local/lib/python3.12/site-packages/sqlalchemy/pool/base.py", line 327, in connect
    return _ConnectionFairy._checkout(self)
           ^^^^^^^^^^^^^^^^^^^^^^^^^^^^^^^^
  File "/home/airflow/.local/lib/python3.12/site-packages/sqlalchemy/pool/base.py", line 894, in _checkout
    fairy = _ConnectionRecord.checkout(pool)
            ^^^^^^^^^^^^^^^^^^^^^^^^^^^^^^^^
  File "/home/airflow/.local/lib/python3.12/site-packages/sqlalchemy/pool/base.py", line 493, in checkout
    rec = pool._do_get()
          ^^^^^^^^^^^^^^
  File "/home/airflow/.local/lib/python3.12/site-packages/sqlalchemy/pool/impl.py", line 145, in _do_get
    with util.safe_reraise():
  File "/home/airflow/.local/lib/python3.12/site-packages/sqlalchemy/util/langhelpers.py", line 70, in __exit__
    compat.raise_(
  File "/home/airflow/.local/lib/python3.12/site-packages/sqlalchemy/util/compat.py", line 211, in raise_
    raise exception
  File "/home/airflow/.local/lib/python3.12/site-packages/sqlalchemy/pool/impl.py", line 143, in _do_get
    return self._create_connection()
           ^^^^^^^^^^^^^^^^^^^^^^^^^
  File "/home/airflow/.local/lib/python3.12/site-packages/sqlalchemy/pool/base.py", line 273, in _create_connection
    return _ConnectionRecord(self)
           ^^^^^^^^^^^^^^^^^^^^^^^
  File "/home/airflow/.local/lib/python3.12/site-packages/sqlalchemy/pool/base.py", line 388, in __init__
    self.__connect()
  File "/home/airflow/.local/lib/python3.12/site-packages/sqlalchemy/pool/base.py", line 690, in __connect
    with util.safe_reraise():
  File "/home/airflow/.local/lib/python3.12/site-packages/sqlalchemy/util/langhelpers.py", line 70, in __exit__
    compat.raise_(
  File "/home/airflow/.local/lib/python3.12/site-packages/sqlalchemy/util/compat.py", line 211, in raise_
    raise exception
  File "/home/airflow/.local/lib/python3.12/site-packages/sqlalchemy/pool/base.py", line 686, in __connect
    self.dbapi_connection = connection = pool._invoke_creator(self)
                                         ^^^^^^^^^^^^^^^^^^^^^^^^^^
  File "/home/airflow/.local/lib/python3.12/site-packages/sqlalchemy/engine/create.py", line 574, in connect
    return dialect.connect(*cargs, **cparams)
           ^^^^^^^^^^^^^^^^^^^^^^^^^^^^^^^^^^
  File "/home/airflow/.local/lib/python3.12/site-packages/sqlalchemy/engine/default.py", line 598, in connect
    return self.dbapi.connect(*cargs, **cparams)
           ^^^^^^^^^^^^^^^^^^^^^^^^^^^^^^^^^^^^^
  File "/home/airflow/.local/lib/python3.12/site-packages/psycopg2/__init__.py", line 122, in connect
    conn = _connect(dsn, connection_factory=connection_factory, **kwasync)
           ^^^^^^^^^^^^^^^^^^^^^^^^^^^^^^^^^^^^^^^^^^^^^^^^^^^^^^^^^^^^^^^
sqlalchemy.exc.OperationalError: (psycopg2.OperationalError) could not translate host name "postgres" to address: Temporary failure in name resolution

(Background on this error at: https://sqlalche.me/e/14/e3q8)
[2026-02-07T08:43:23.299+0000] {processor.py:161} INFO - Started process (PID=85) to work on /opt/airflow/dags/dl_global_index.py
[2026-02-07T08:43:23.300+0000] {processor.py:830} INFO - Processing file /opt/airflow/dags/dl_global_index.py for tasks to queue
[2026-02-07T08:43:23.302+0000] {logging_mixin.py:188} INFO - [2026-02-07T08:43:23.302+0000] {dagbag.py:545} INFO - Filling up the DagBag from /opt/airflow/dags/dl_global_index.py
[2026-02-07T08:43:23.370+0000] {processor.py:840} INFO - DAG(s) 'global_index_minio' retrieved from /opt/airflow/dags/dl_global_index.py
[2026-02-07T08:43:23.412+0000] {logging_mixin.py:188} INFO - [2026-02-07T08:43:23.412+0000] {dag.py:3089} INFO - Sync 1 DAGs
[2026-02-07T08:43:23.460+0000] {logging_mixin.py:188} INFO - [2026-02-07T08:43:23.460+0000] {dag.py:3947} INFO - Setting next_dagrun for global_index_minio to 2026-02-07 00:00:00+00:00, run_after=2026-02-08 00:00:00+00:00
[2026-02-07T08:43:23.509+0000] {processor.py:183} INFO - Processing /opt/airflow/dags/dl_global_index.py took 0.221 seconds
[2026-02-07T08:46:19.096+0000] {processor.py:161} INFO - Started process (PID=76) to work on /opt/airflow/dags/dl_global_index.py
[2026-02-07T08:46:19.097+0000] {processor.py:830} INFO - Processing file /opt/airflow/dags/dl_global_index.py for tasks to queue
[2026-02-07T08:46:19.098+0000] {logging_mixin.py:188} INFO - [2026-02-07T08:46:19.098+0000] {dagbag.py:545} INFO - Filling up the DagBag from /opt/airflow/dags/dl_global_index.py
[2026-02-07T08:46:19.128+0000] {processor.py:840} INFO - DAG(s) 'global_index_minio' retrieved from /opt/airflow/dags/dl_global_index.py
[2026-02-07T08:46:19.243+0000] {logging_mixin.py:188} INFO - [2026-02-07T08:46:19.242+0000] {dag.py:3089} INFO - Sync 1 DAGs
[2026-02-07T08:46:19.263+0000] {logging_mixin.py:188} INFO - [2026-02-07T08:46:19.263+0000] {dag.py:3947} INFO - Setting next_dagrun for global_index_minio to 2026-02-07 00:00:00+00:00, run_after=2026-02-08 00:00:00+00:00
[2026-02-07T08:46:19.285+0000] {processor.py:183} INFO - Processing /opt/airflow/dags/dl_global_index.py took 0.195 seconds
[2026-02-07T08:46:49.742+0000] {processor.py:161} INFO - Started process (PID=100) to work on /opt/airflow/dags/dl_global_index.py
[2026-02-07T08:46:49.743+0000] {processor.py:830} INFO - Processing file /opt/airflow/dags/dl_global_index.py for tasks to queue
[2026-02-07T08:46:49.744+0000] {logging_mixin.py:188} INFO - [2026-02-07T08:46:49.744+0000] {dagbag.py:545} INFO - Filling up the DagBag from /opt/airflow/dags/dl_global_index.py
[2026-02-07T08:46:49.792+0000] {processor.py:840} INFO - DAG(s) 'global_index_minio' retrieved from /opt/airflow/dags/dl_global_index.py
[2026-02-07T08:46:49.824+0000] {logging_mixin.py:188} INFO - [2026-02-07T08:46:49.823+0000] {dag.py:3089} INFO - Sync 1 DAGs
[2026-02-07T08:46:49.859+0000] {logging_mixin.py:188} INFO - [2026-02-07T08:46:49.858+0000] {dag.py:3947} INFO - Setting next_dagrun for global_index_minio to 2026-02-07 00:00:00+00:00, run_after=2026-02-08 00:00:00+00:00
[2026-02-07T08:46:49.893+0000] {processor.py:183} INFO - Processing /opt/airflow/dags/dl_global_index.py took 0.157 seconds
[2026-02-07T08:47:20.440+0000] {processor.py:161} INFO - Started process (PID=124) to work on /opt/airflow/dags/dl_global_index.py
[2026-02-07T08:47:20.441+0000] {processor.py:830} INFO - Processing file /opt/airflow/dags/dl_global_index.py for tasks to queue
[2026-02-07T08:47:20.442+0000] {logging_mixin.py:188} INFO - [2026-02-07T08:47:20.442+0000] {dagbag.py:545} INFO - Filling up the DagBag from /opt/airflow/dags/dl_global_index.py
[2026-02-07T08:47:20.476+0000] {processor.py:840} INFO - DAG(s) 'global_index_minio' retrieved from /opt/airflow/dags/dl_global_index.py
[2026-02-07T08:47:20.509+0000] {logging_mixin.py:188} INFO - [2026-02-07T08:47:20.509+0000] {dag.py:3089} INFO - Sync 1 DAGs
[2026-02-07T08:47:20.541+0000] {logging_mixin.py:188} INFO - [2026-02-07T08:47:20.541+0000] {dag.py:3947} INFO - Setting next_dagrun for global_index_minio to 2026-02-07 00:00:00+00:00, run_after=2026-02-08 00:00:00+00:00
[2026-02-07T08:47:20.570+0000] {processor.py:183} INFO - Processing /opt/airflow/dags/dl_global_index.py took 0.137 seconds
[2026-02-07T08:47:51.381+0000] {processor.py:161} INFO - Started process (PID=154) to work on /opt/airflow/dags/dl_global_index.py
[2026-02-07T08:47:51.382+0000] {processor.py:830} INFO - Processing file /opt/airflow/dags/dl_global_index.py for tasks to queue
[2026-02-07T08:47:51.383+0000] {logging_mixin.py:188} INFO - [2026-02-07T08:47:51.383+0000] {dagbag.py:545} INFO - Filling up the DagBag from /opt/airflow/dags/dl_global_index.py
[2026-02-07T08:47:51.422+0000] {processor.py:840} INFO - DAG(s) 'global_index_minio' retrieved from /opt/airflow/dags/dl_global_index.py
[2026-02-07T08:47:51.455+0000] {logging_mixin.py:188} INFO - [2026-02-07T08:47:51.455+0000] {dag.py:3089} INFO - Sync 1 DAGs
[2026-02-07T08:47:51.493+0000] {logging_mixin.py:188} INFO - [2026-02-07T08:47:51.492+0000] {dag.py:3947} INFO - Setting next_dagrun for global_index_minio to 2026-02-07 00:00:00+00:00, run_after=2026-02-08 00:00:00+00:00
[2026-02-07T08:47:51.524+0000] {processor.py:183} INFO - Processing /opt/airflow/dags/dl_global_index.py took 0.150 seconds
[2026-02-07T08:48:22.016+0000] {processor.py:161} INFO - Started process (PID=178) to work on /opt/airflow/dags/dl_global_index.py
[2026-02-07T08:48:22.017+0000] {processor.py:830} INFO - Processing file /opt/airflow/dags/dl_global_index.py for tasks to queue
[2026-02-07T08:48:22.020+0000] {logging_mixin.py:188} INFO - [2026-02-07T08:48:22.019+0000] {dagbag.py:545} INFO - Filling up the DagBag from /opt/airflow/dags/dl_global_index.py
[2026-02-07T08:48:22.072+0000] {processor.py:840} INFO - DAG(s) 'global_index_minio' retrieved from /opt/airflow/dags/dl_global_index.py
[2026-02-07T08:48:22.113+0000] {logging_mixin.py:188} INFO - [2026-02-07T08:48:22.113+0000] {dag.py:3089} INFO - Sync 1 DAGs
[2026-02-07T08:48:22.176+0000] {logging_mixin.py:188} INFO - [2026-02-07T08:48:22.175+0000] {dag.py:3947} INFO - Setting next_dagrun for global_index_minio to 2026-02-07 00:00:00+00:00, run_after=2026-02-08 00:00:00+00:00
[2026-02-07T08:48:22.230+0000] {processor.py:183} INFO - Processing /opt/airflow/dags/dl_global_index.py took 0.226 seconds
[2026-02-07T08:48:53.457+0000] {processor.py:161} INFO - Started process (PID=202) to work on /opt/airflow/dags/dl_global_index.py
[2026-02-07T08:48:53.458+0000] {processor.py:830} INFO - Processing file /opt/airflow/dags/dl_global_index.py for tasks to queue
[2026-02-07T08:48:53.460+0000] {logging_mixin.py:188} INFO - [2026-02-07T08:48:53.459+0000] {dagbag.py:545} INFO - Filling up the DagBag from /opt/airflow/dags/dl_global_index.py
[2026-02-07T08:48:53.514+0000] {processor.py:840} INFO - DAG(s) 'global_index_minio' retrieved from /opt/airflow/dags/dl_global_index.py
[2026-02-07T08:48:53.543+0000] {logging_mixin.py:188} INFO - [2026-02-07T08:48:53.543+0000] {dag.py:3089} INFO - Sync 1 DAGs
[2026-02-07T08:48:53.576+0000] {logging_mixin.py:188} INFO - [2026-02-07T08:48:53.576+0000] {dag.py:3947} INFO - Setting next_dagrun for global_index_minio to 2026-02-07 00:00:00+00:00, run_after=2026-02-08 00:00:00+00:00
[2026-02-07T08:48:53.601+0000] {processor.py:183} INFO - Processing /opt/airflow/dags/dl_global_index.py took 0.159 seconds
[2026-02-07T08:49:24.798+0000] {processor.py:161} INFO - Started process (PID=245) to work on /opt/airflow/dags/dl_global_index.py
[2026-02-07T08:49:24.801+0000] {processor.py:830} INFO - Processing file /opt/airflow/dags/dl_global_index.py for tasks to queue
[2026-02-07T08:49:24.803+0000] {logging_mixin.py:188} INFO - [2026-02-07T08:49:24.802+0000] {dagbag.py:545} INFO - Filling up the DagBag from /opt/airflow/dags/dl_global_index.py
[2026-02-07T08:49:24.918+0000] {processor.py:840} INFO - DAG(s) 'global_index_minio' retrieved from /opt/airflow/dags/dl_global_index.py
[2026-02-07T08:49:24.959+0000] {logging_mixin.py:188} INFO - [2026-02-07T08:49:24.958+0000] {dag.py:3089} INFO - Sync 1 DAGs
[2026-02-07T08:49:25.002+0000] {logging_mixin.py:188} INFO - [2026-02-07T08:49:25.002+0000] {dag.py:3947} INFO - Setting next_dagrun for global_index_minio to 2026-02-07 00:00:00+00:00, run_after=2026-02-08 00:00:00+00:00
[2026-02-07T08:49:25.034+0000] {processor.py:183} INFO - Processing /opt/airflow/dags/dl_global_index.py took 0.248 seconds
[2026-02-07T08:49:55.513+0000] {processor.py:161} INFO - Started process (PID=282) to work on /opt/airflow/dags/dl_global_index.py
[2026-02-07T08:49:55.514+0000] {processor.py:830} INFO - Processing file /opt/airflow/dags/dl_global_index.py for tasks to queue
[2026-02-07T08:49:55.516+0000] {logging_mixin.py:188} INFO - [2026-02-07T08:49:55.516+0000] {dagbag.py:545} INFO - Filling up the DagBag from /opt/airflow/dags/dl_global_index.py
[2026-02-07T08:49:55.585+0000] {processor.py:840} INFO - DAG(s) 'global_index_minio' retrieved from /opt/airflow/dags/dl_global_index.py
[2026-02-07T08:49:55.627+0000] {logging_mixin.py:188} INFO - [2026-02-07T08:49:55.627+0000] {dag.py:3089} INFO - Sync 1 DAGs
[2026-02-07T08:49:55.665+0000] {logging_mixin.py:188} INFO - [2026-02-07T08:49:55.664+0000] {dag.py:3947} INFO - Setting next_dagrun for global_index_minio to 2026-02-07 00:00:00+00:00, run_after=2026-02-08 00:00:00+00:00
[2026-02-07T08:49:55.699+0000] {processor.py:183} INFO - Processing /opt/airflow/dags/dl_global_index.py took 0.194 seconds
[2026-02-07T08:50:26.267+0000] {processor.py:161} INFO - Started process (PID=315) to work on /opt/airflow/dags/dl_global_index.py
[2026-02-07T08:50:26.269+0000] {processor.py:830} INFO - Processing file /opt/airflow/dags/dl_global_index.py for tasks to queue
[2026-02-07T08:50:26.270+0000] {logging_mixin.py:188} INFO - [2026-02-07T08:50:26.270+0000] {dagbag.py:545} INFO - Filling up the DagBag from /opt/airflow/dags/dl_global_index.py
[2026-02-07T08:50:26.334+0000] {processor.py:840} INFO - DAG(s) 'global_index_minio' retrieved from /opt/airflow/dags/dl_global_index.py
[2026-02-07T08:50:26.380+0000] {logging_mixin.py:188} INFO - [2026-02-07T08:50:26.380+0000] {dag.py:3089} INFO - Sync 1 DAGs
[2026-02-07T08:50:26.421+0000] {logging_mixin.py:188} INFO - [2026-02-07T08:50:26.420+0000] {dag.py:3947} INFO - Setting next_dagrun for global_index_minio to 2026-02-07 00:00:00+00:00, run_after=2026-02-08 00:00:00+00:00
[2026-02-07T08:50:26.458+0000] {processor.py:183} INFO - Processing /opt/airflow/dags/dl_global_index.py took 0.204 seconds
[2026-02-07T08:50:56.635+0000] {processor.py:161} INFO - Started process (PID=364) to work on /opt/airflow/dags/dl_global_index.py
[2026-02-07T08:50:56.636+0000] {processor.py:830} INFO - Processing file /opt/airflow/dags/dl_global_index.py for tasks to queue
[2026-02-07T08:50:56.637+0000] {logging_mixin.py:188} INFO - [2026-02-07T08:50:56.637+0000] {dagbag.py:545} INFO - Filling up the DagBag from /opt/airflow/dags/dl_global_index.py
[2026-02-07T08:50:56.683+0000] {processor.py:840} INFO - DAG(s) 'global_index_minio' retrieved from /opt/airflow/dags/dl_global_index.py
[2026-02-07T08:50:56.730+0000] {logging_mixin.py:188} INFO - [2026-02-07T08:50:56.730+0000] {dag.py:3089} INFO - Sync 1 DAGs
[2026-02-07T08:50:56.812+0000] {logging_mixin.py:188} INFO - [2026-02-07T08:50:56.811+0000] {dag.py:3947} INFO - Setting next_dagrun for global_index_minio to 2026-02-07 00:00:00+00:00, run_after=2026-02-08 00:00:00+00:00
[2026-02-07T08:50:56.847+0000] {processor.py:183} INFO - Processing /opt/airflow/dags/dl_global_index.py took 0.220 seconds
[2026-02-07T08:51:27.294+0000] {processor.py:161} INFO - Started process (PID=392) to work on /opt/airflow/dags/dl_global_index.py
[2026-02-07T08:51:27.295+0000] {processor.py:830} INFO - Processing file /opt/airflow/dags/dl_global_index.py for tasks to queue
[2026-02-07T08:51:27.296+0000] {logging_mixin.py:188} INFO - [2026-02-07T08:51:27.296+0000] {dagbag.py:545} INFO - Filling up the DagBag from /opt/airflow/dags/dl_global_index.py
[2026-02-07T08:51:27.373+0000] {processor.py:840} INFO - DAG(s) 'global_index_minio' retrieved from /opt/airflow/dags/dl_global_index.py
[2026-02-07T08:51:27.412+0000] {logging_mixin.py:188} INFO - [2026-02-07T08:51:27.412+0000] {dag.py:3089} INFO - Sync 1 DAGs
[2026-02-07T08:51:27.447+0000] {logging_mixin.py:188} INFO - [2026-02-07T08:51:27.446+0000] {dag.py:3947} INFO - Setting next_dagrun for global_index_minio to 2026-02-07 00:00:00+00:00, run_after=2026-02-08 00:00:00+00:00
[2026-02-07T08:51:27.496+0000] {processor.py:183} INFO - Processing /opt/airflow/dags/dl_global_index.py took 0.213 seconds
[2026-02-07T08:51:57.593+0000] {processor.py:161} INFO - Started process (PID=431) to work on /opt/airflow/dags/dl_global_index.py
[2026-02-07T08:51:57.594+0000] {processor.py:830} INFO - Processing file /opt/airflow/dags/dl_global_index.py for tasks to queue
[2026-02-07T08:51:57.596+0000] {logging_mixin.py:188} INFO - [2026-02-07T08:51:57.595+0000] {dagbag.py:545} INFO - Filling up the DagBag from /opt/airflow/dags/dl_global_index.py
[2026-02-07T08:51:57.639+0000] {processor.py:840} INFO - DAG(s) 'global_index_minio' retrieved from /opt/airflow/dags/dl_global_index.py
[2026-02-07T08:51:57.671+0000] {logging_mixin.py:188} INFO - [2026-02-07T08:51:57.670+0000] {dag.py:3089} INFO - Sync 1 DAGs
[2026-02-07T08:51:57.701+0000] {logging_mixin.py:188} INFO - [2026-02-07T08:51:57.701+0000] {dag.py:3947} INFO - Setting next_dagrun for global_index_minio to 2026-02-07 00:00:00+00:00, run_after=2026-02-08 00:00:00+00:00
[2026-02-07T08:51:57.723+0000] {processor.py:183} INFO - Processing /opt/airflow/dags/dl_global_index.py took 0.141 seconds
[2026-02-07T08:52:27.834+0000] {processor.py:161} INFO - Started process (PID=461) to work on /opt/airflow/dags/dl_global_index.py
[2026-02-07T08:52:27.835+0000] {processor.py:830} INFO - Processing file /opt/airflow/dags/dl_global_index.py for tasks to queue
[2026-02-07T08:52:27.836+0000] {logging_mixin.py:188} INFO - [2026-02-07T08:52:27.836+0000] {dagbag.py:545} INFO - Filling up the DagBag from /opt/airflow/dags/dl_global_index.py
[2026-02-07T08:52:27.870+0000] {processor.py:840} INFO - DAG(s) 'global_index_minio' retrieved from /opt/airflow/dags/dl_global_index.py
[2026-02-07T08:52:27.895+0000] {logging_mixin.py:188} INFO - [2026-02-07T08:52:27.895+0000] {dag.py:3089} INFO - Sync 1 DAGs
[2026-02-07T08:52:27.921+0000] {logging_mixin.py:188} INFO - [2026-02-07T08:52:27.920+0000] {dag.py:3947} INFO - Setting next_dagrun for global_index_minio to 2026-02-07 00:00:00+00:00, run_after=2026-02-08 00:00:00+00:00
[2026-02-07T08:52:27.944+0000] {processor.py:183} INFO - Processing /opt/airflow/dags/dl_global_index.py took 0.117 seconds
[2026-02-07T08:52:58.559+0000] {processor.py:161} INFO - Started process (PID=497) to work on /opt/airflow/dags/dl_global_index.py
[2026-02-07T08:52:58.561+0000] {processor.py:830} INFO - Processing file /opt/airflow/dags/dl_global_index.py for tasks to queue
[2026-02-07T08:52:58.562+0000] {logging_mixin.py:188} INFO - [2026-02-07T08:52:58.562+0000] {dagbag.py:545} INFO - Filling up the DagBag from /opt/airflow/dags/dl_global_index.py
[2026-02-07T08:52:58.640+0000] {processor.py:840} INFO - DAG(s) 'global_index_minio' retrieved from /opt/airflow/dags/dl_global_index.py
[2026-02-07T08:52:58.683+0000] {logging_mixin.py:188} INFO - [2026-02-07T08:52:58.682+0000] {dag.py:3089} INFO - Sync 1 DAGs
[2026-02-07T08:52:58.739+0000] {logging_mixin.py:188} INFO - [2026-02-07T08:52:58.739+0000] {dag.py:3947} INFO - Setting next_dagrun for global_index_minio to 2026-02-07 00:00:00+00:00, run_after=2026-02-08 00:00:00+00:00
[2026-02-07T08:52:58.792+0000] {processor.py:183} INFO - Processing /opt/airflow/dags/dl_global_index.py took 0.244 seconds
[2026-02-07T08:53:29.701+0000] {processor.py:161} INFO - Started process (PID=529) to work on /opt/airflow/dags/dl_global_index.py
[2026-02-07T08:53:29.703+0000] {processor.py:830} INFO - Processing file /opt/airflow/dags/dl_global_index.py for tasks to queue
[2026-02-07T08:53:29.706+0000] {logging_mixin.py:188} INFO - [2026-02-07T08:53:29.705+0000] {dagbag.py:545} INFO - Filling up the DagBag from /opt/airflow/dags/dl_global_index.py
[2026-02-07T08:53:29.968+0000] {processor.py:840} INFO - DAG(s) 'global_index_minio' retrieved from /opt/airflow/dags/dl_global_index.py
[2026-02-07T08:53:30.033+0000] {logging_mixin.py:188} INFO - [2026-02-07T08:53:30.033+0000] {dag.py:3089} INFO - Sync 1 DAGs
[2026-02-07T08:53:30.093+0000] {logging_mixin.py:188} INFO - [2026-02-07T08:53:30.093+0000] {dag.py:3947} INFO - Setting next_dagrun for global_index_minio to 2026-02-07 00:00:00+00:00, run_after=2026-02-08 00:00:00+00:00
[2026-02-07T08:53:30.133+0000] {processor.py:183} INFO - Processing /opt/airflow/dags/dl_global_index.py took 0.451 seconds
[2026-02-07T08:54:00.783+0000] {processor.py:161} INFO - Started process (PID=574) to work on /opt/airflow/dags/dl_global_index.py
[2026-02-07T08:54:00.784+0000] {processor.py:830} INFO - Processing file /opt/airflow/dags/dl_global_index.py for tasks to queue
[2026-02-07T08:54:00.785+0000] {logging_mixin.py:188} INFO - [2026-02-07T08:54:00.785+0000] {dagbag.py:545} INFO - Filling up the DagBag from /opt/airflow/dags/dl_global_index.py
[2026-02-07T08:54:00.829+0000] {processor.py:840} INFO - DAG(s) 'global_index_minio' retrieved from /opt/airflow/dags/dl_global_index.py
[2026-02-07T08:54:00.869+0000] {logging_mixin.py:188} INFO - [2026-02-07T08:54:00.868+0000] {dag.py:3089} INFO - Sync 1 DAGs
[2026-02-07T08:54:00.906+0000] {logging_mixin.py:188} INFO - [2026-02-07T08:54:00.906+0000] {dag.py:3947} INFO - Setting next_dagrun for global_index_minio to 2026-02-07 00:00:00+00:00, run_after=2026-02-08 00:00:00+00:00
[2026-02-07T08:54:00.937+0000] {processor.py:183} INFO - Processing /opt/airflow/dags/dl_global_index.py took 0.162 seconds
[2026-02-07T08:54:33.041+0000] {processor.py:161} INFO - Started process (PID=615) to work on /opt/airflow/dags/dl_global_index.py
[2026-02-07T08:54:33.048+0000] {processor.py:830} INFO - Processing file /opt/airflow/dags/dl_global_index.py for tasks to queue
[2026-02-07T08:54:33.050+0000] {logging_mixin.py:188} INFO - [2026-02-07T08:54:33.050+0000] {dagbag.py:545} INFO - Filling up the DagBag from /opt/airflow/dags/dl_global_index.py
[2026-02-07T08:54:33.131+0000] {processor.py:840} INFO - DAG(s) 'global_index_minio' retrieved from /opt/airflow/dags/dl_global_index.py
[2026-02-07T08:54:33.182+0000] {logging_mixin.py:188} INFO - [2026-02-07T08:54:33.181+0000] {dag.py:3089} INFO - Sync 1 DAGs
[2026-02-07T08:54:33.225+0000] {logging_mixin.py:188} INFO - [2026-02-07T08:54:33.225+0000] {dag.py:3947} INFO - Setting next_dagrun for global_index_minio to 2026-02-07 00:00:00+00:00, run_after=2026-02-08 00:00:00+00:00
[2026-02-07T08:54:33.258+0000] {processor.py:183} INFO - Processing /opt/airflow/dags/dl_global_index.py took 0.230 seconds
[2026-02-07T08:55:03.315+0000] {processor.py:161} INFO - Started process (PID=639) to work on /opt/airflow/dags/dl_global_index.py
[2026-02-07T08:55:03.316+0000] {processor.py:830} INFO - Processing file /opt/airflow/dags/dl_global_index.py for tasks to queue
[2026-02-07T08:55:03.318+0000] {logging_mixin.py:188} INFO - [2026-02-07T08:55:03.317+0000] {dagbag.py:545} INFO - Filling up the DagBag from /opt/airflow/dags/dl_global_index.py
[2026-02-07T08:55:03.364+0000] {processor.py:840} INFO - DAG(s) 'global_index_minio' retrieved from /opt/airflow/dags/dl_global_index.py
[2026-02-07T08:55:03.398+0000] {logging_mixin.py:188} INFO - [2026-02-07T08:55:03.397+0000] {dag.py:3089} INFO - Sync 1 DAGs
[2026-02-07T08:55:03.437+0000] {logging_mixin.py:188} INFO - [2026-02-07T08:55:03.437+0000] {dag.py:3947} INFO - Setting next_dagrun for global_index_minio to 2026-02-07 00:00:00+00:00, run_after=2026-02-08 00:00:00+00:00
[2026-02-07T08:55:03.495+0000] {processor.py:183} INFO - Processing /opt/airflow/dags/dl_global_index.py took 0.182 seconds
[2026-02-07T08:55:33.697+0000] {processor.py:161} INFO - Started process (PID=663) to work on /opt/airflow/dags/dl_global_index.py
[2026-02-07T08:55:33.708+0000] {processor.py:830} INFO - Processing file /opt/airflow/dags/dl_global_index.py for tasks to queue
[2026-02-07T08:55:33.711+0000] {logging_mixin.py:188} INFO - [2026-02-07T08:55:33.710+0000] {dagbag.py:545} INFO - Filling up the DagBag from /opt/airflow/dags/dl_global_index.py
[2026-02-07T08:55:33.769+0000] {processor.py:840} INFO - DAG(s) 'global_index_minio' retrieved from /opt/airflow/dags/dl_global_index.py
[2026-02-07T08:55:33.821+0000] {logging_mixin.py:188} INFO - [2026-02-07T08:55:33.820+0000] {dag.py:3089} INFO - Sync 1 DAGs
[2026-02-07T08:55:33.878+0000] {logging_mixin.py:188} INFO - [2026-02-07T08:55:33.877+0000] {dag.py:3947} INFO - Setting next_dagrun for global_index_minio to 2026-02-07 00:00:00+00:00, run_after=2026-02-08 00:00:00+00:00
[2026-02-07T08:55:33.918+0000] {processor.py:183} INFO - Processing /opt/airflow/dags/dl_global_index.py took 0.229 seconds
[2026-02-07T08:56:04.055+0000] {processor.py:161} INFO - Started process (PID=687) to work on /opt/airflow/dags/dl_global_index.py
[2026-02-07T08:56:04.056+0000] {processor.py:830} INFO - Processing file /opt/airflow/dags/dl_global_index.py for tasks to queue
[2026-02-07T08:56:04.057+0000] {logging_mixin.py:188} INFO - [2026-02-07T08:56:04.057+0000] {dagbag.py:545} INFO - Filling up the DagBag from /opt/airflow/dags/dl_global_index.py
[2026-02-07T08:56:04.136+0000] {processor.py:840} INFO - DAG(s) 'global_index_minio' retrieved from /opt/airflow/dags/dl_global_index.py
[2026-02-07T08:56:04.204+0000] {logging_mixin.py:188} INFO - [2026-02-07T08:56:04.204+0000] {dag.py:3089} INFO - Sync 1 DAGs
[2026-02-07T08:56:04.273+0000] {logging_mixin.py:188} INFO - [2026-02-07T08:56:04.272+0000] {dag.py:3947} INFO - Setting next_dagrun for global_index_minio to 2026-02-07 00:00:00+00:00, run_after=2026-02-08 00:00:00+00:00
[2026-02-07T08:56:04.348+0000] {processor.py:183} INFO - Processing /opt/airflow/dags/dl_global_index.py took 0.294 seconds
[2026-02-07T08:56:34.640+0000] {processor.py:161} INFO - Started process (PID=711) to work on /opt/airflow/dags/dl_global_index.py
[2026-02-07T08:56:34.641+0000] {processor.py:830} INFO - Processing file /opt/airflow/dags/dl_global_index.py for tasks to queue
[2026-02-07T08:56:34.642+0000] {logging_mixin.py:188} INFO - [2026-02-07T08:56:34.642+0000] {dagbag.py:545} INFO - Filling up the DagBag from /opt/airflow/dags/dl_global_index.py
[2026-02-07T08:56:34.702+0000] {processor.py:840} INFO - DAG(s) 'global_index_minio' retrieved from /opt/airflow/dags/dl_global_index.py
[2026-02-07T08:56:34.744+0000] {logging_mixin.py:188} INFO - [2026-02-07T08:56:34.743+0000] {dag.py:3089} INFO - Sync 1 DAGs
[2026-02-07T08:56:34.787+0000] {logging_mixin.py:188} INFO - [2026-02-07T08:56:34.787+0000] {dag.py:3947} INFO - Setting next_dagrun for global_index_minio to 2026-02-07 00:00:00+00:00, run_after=2026-02-08 00:00:00+00:00
[2026-02-07T08:56:34.822+0000] {processor.py:183} INFO - Processing /opt/airflow/dags/dl_global_index.py took 0.189 seconds
[2026-02-07T08:57:05.161+0000] {processor.py:161} INFO - Started process (PID=753) to work on /opt/airflow/dags/dl_global_index.py
[2026-02-07T08:57:05.163+0000] {processor.py:830} INFO - Processing file /opt/airflow/dags/dl_global_index.py for tasks to queue
[2026-02-07T08:57:05.165+0000] {logging_mixin.py:188} INFO - [2026-02-07T08:57:05.164+0000] {dagbag.py:545} INFO - Filling up the DagBag from /opt/airflow/dags/dl_global_index.py
[2026-02-07T08:57:05.242+0000] {processor.py:840} INFO - DAG(s) 'global_index_minio' retrieved from /opt/airflow/dags/dl_global_index.py
[2026-02-07T08:57:05.298+0000] {logging_mixin.py:188} INFO - [2026-02-07T08:57:05.296+0000] {dag.py:3089} INFO - Sync 1 DAGs
[2026-02-07T08:57:05.351+0000] {logging_mixin.py:188} INFO - [2026-02-07T08:57:05.350+0000] {dag.py:3947} INFO - Setting next_dagrun for global_index_minio to 2026-02-07 00:00:00+00:00, run_after=2026-02-08 00:00:00+00:00
[2026-02-07T08:57:05.446+0000] {processor.py:183} INFO - Processing /opt/airflow/dags/dl_global_index.py took 0.301 seconds
[2026-02-07T08:57:36.378+0000] {processor.py:161} INFO - Started process (PID=777) to work on /opt/airflow/dags/dl_global_index.py
[2026-02-07T08:57:36.379+0000] {processor.py:830} INFO - Processing file /opt/airflow/dags/dl_global_index.py for tasks to queue
[2026-02-07T08:57:36.380+0000] {logging_mixin.py:188} INFO - [2026-02-07T08:57:36.379+0000] {dagbag.py:545} INFO - Filling up the DagBag from /opt/airflow/dags/dl_global_index.py
[2026-02-07T08:57:36.412+0000] {processor.py:840} INFO - DAG(s) 'global_index_minio' retrieved from /opt/airflow/dags/dl_global_index.py
[2026-02-07T08:57:36.438+0000] {logging_mixin.py:188} INFO - [2026-02-07T08:57:36.438+0000] {dag.py:3089} INFO - Sync 1 DAGs
[2026-02-07T08:57:36.461+0000] {logging_mixin.py:188} INFO - [2026-02-07T08:57:36.461+0000] {dag.py:3947} INFO - Setting next_dagrun for global_index_minio to 2026-02-07 00:00:00+00:00, run_after=2026-02-08 00:00:00+00:00
[2026-02-07T08:57:36.481+0000] {processor.py:183} INFO - Processing /opt/airflow/dags/dl_global_index.py took 0.109 seconds
[2026-02-07T08:58:07.149+0000] {processor.py:161} INFO - Started process (PID=801) to work on /opt/airflow/dags/dl_global_index.py
[2026-02-07T08:58:07.150+0000] {processor.py:830} INFO - Processing file /opt/airflow/dags/dl_global_index.py for tasks to queue
[2026-02-07T08:58:07.150+0000] {logging_mixin.py:188} INFO - [2026-02-07T08:58:07.150+0000] {dagbag.py:545} INFO - Filling up the DagBag from /opt/airflow/dags/dl_global_index.py
[2026-02-07T08:58:07.180+0000] {processor.py:840} INFO - DAG(s) 'global_index_minio' retrieved from /opt/airflow/dags/dl_global_index.py
[2026-02-07T08:58:07.203+0000] {logging_mixin.py:188} INFO - [2026-02-07T08:58:07.203+0000] {dag.py:3089} INFO - Sync 1 DAGs
[2026-02-07T08:58:07.233+0000] {logging_mixin.py:188} INFO - [2026-02-07T08:58:07.233+0000] {dag.py:3947} INFO - Setting next_dagrun for global_index_minio to 2026-02-07 00:00:00+00:00, run_after=2026-02-08 00:00:00+00:00
[2026-02-07T08:58:07.258+0000] {processor.py:183} INFO - Processing /opt/airflow/dags/dl_global_index.py took 0.115 seconds
[2026-02-07T08:58:37.959+0000] {processor.py:161} INFO - Started process (PID=843) to work on /opt/airflow/dags/dl_global_index.py
[2026-02-07T08:58:37.960+0000] {processor.py:830} INFO - Processing file /opt/airflow/dags/dl_global_index.py for tasks to queue
[2026-02-07T08:58:37.961+0000] {logging_mixin.py:188} INFO - [2026-02-07T08:58:37.961+0000] {dagbag.py:545} INFO - Filling up the DagBag from /opt/airflow/dags/dl_global_index.py
[2026-02-07T08:58:37.991+0000] {processor.py:840} INFO - DAG(s) 'global_index_minio' retrieved from /opt/airflow/dags/dl_global_index.py
[2026-02-07T08:58:38.020+0000] {logging_mixin.py:188} INFO - [2026-02-07T08:58:38.020+0000] {dag.py:3089} INFO - Sync 1 DAGs
[2026-02-07T08:58:38.042+0000] {logging_mixin.py:188} INFO - [2026-02-07T08:58:38.041+0000] {dag.py:3947} INFO - Setting next_dagrun for global_index_minio to 2026-02-07 00:00:00+00:00, run_after=2026-02-08 00:00:00+00:00
[2026-02-07T08:58:38.060+0000] {processor.py:183} INFO - Processing /opt/airflow/dags/dl_global_index.py took 0.107 seconds
[2026-02-07T08:59:08.799+0000] {processor.py:161} INFO - Started process (PID=867) to work on /opt/airflow/dags/dl_global_index.py
[2026-02-07T08:59:08.799+0000] {processor.py:830} INFO - Processing file /opt/airflow/dags/dl_global_index.py for tasks to queue
[2026-02-07T08:59:08.801+0000] {logging_mixin.py:188} INFO - [2026-02-07T08:59:08.800+0000] {dagbag.py:545} INFO - Filling up the DagBag from /opt/airflow/dags/dl_global_index.py
[2026-02-07T08:59:08.837+0000] {processor.py:840} INFO - DAG(s) 'global_index_minio' retrieved from /opt/airflow/dags/dl_global_index.py
[2026-02-07T08:59:08.869+0000] {logging_mixin.py:188} INFO - [2026-02-07T08:59:08.869+0000] {dag.py:3089} INFO - Sync 1 DAGs
[2026-02-07T08:59:08.904+0000] {logging_mixin.py:188} INFO - [2026-02-07T08:59:08.903+0000] {dag.py:3947} INFO - Setting next_dagrun for global_index_minio to 2026-02-07 00:00:00+00:00, run_after=2026-02-08 00:00:00+00:00
[2026-02-07T08:59:08.935+0000] {processor.py:183} INFO - Processing /opt/airflow/dags/dl_global_index.py took 0.142 seconds
[2026-02-07T08:59:39.594+0000] {processor.py:161} INFO - Started process (PID=899) to work on /opt/airflow/dags/dl_global_index.py
[2026-02-07T08:59:39.595+0000] {processor.py:830} INFO - Processing file /opt/airflow/dags/dl_global_index.py for tasks to queue
[2026-02-07T08:59:39.597+0000] {logging_mixin.py:188} INFO - [2026-02-07T08:59:39.596+0000] {dagbag.py:545} INFO - Filling up the DagBag from /opt/airflow/dags/dl_global_index.py
[2026-02-07T08:59:39.634+0000] {processor.py:840} INFO - DAG(s) 'global_index_minio' retrieved from /opt/airflow/dags/dl_global_index.py
[2026-02-07T08:59:39.664+0000] {logging_mixin.py:188} INFO - [2026-02-07T08:59:39.664+0000] {dag.py:3089} INFO - Sync 1 DAGs
[2026-02-07T08:59:39.690+0000] {logging_mixin.py:188} INFO - [2026-02-07T08:59:39.690+0000] {dag.py:3947} INFO - Setting next_dagrun for global_index_minio to 2026-02-07 00:00:00+00:00, run_after=2026-02-08 00:00:00+00:00
[2026-02-07T08:59:39.714+0000] {processor.py:183} INFO - Processing /opt/airflow/dags/dl_global_index.py took 0.126 seconds
[2026-02-07T09:00:10.373+0000] {processor.py:161} INFO - Started process (PID=924) to work on /opt/airflow/dags/dl_global_index.py
[2026-02-07T09:00:10.374+0000] {processor.py:830} INFO - Processing file /opt/airflow/dags/dl_global_index.py for tasks to queue
[2026-02-07T09:00:10.375+0000] {logging_mixin.py:188} INFO - [2026-02-07T09:00:10.374+0000] {dagbag.py:545} INFO - Filling up the DagBag from /opt/airflow/dags/dl_global_index.py
[2026-02-07T09:00:10.416+0000] {processor.py:840} INFO - DAG(s) 'global_index_minio' retrieved from /opt/airflow/dags/dl_global_index.py
[2026-02-07T09:00:10.444+0000] {logging_mixin.py:188} INFO - [2026-02-07T09:00:10.443+0000] {dag.py:3089} INFO - Sync 1 DAGs
[2026-02-07T09:00:10.471+0000] {logging_mixin.py:188} INFO - [2026-02-07T09:00:10.470+0000] {dag.py:3947} INFO - Setting next_dagrun for global_index_minio to 2026-02-07 00:00:00+00:00, run_after=2026-02-08 00:00:00+00:00
[2026-02-07T09:00:10.495+0000] {processor.py:183} INFO - Processing /opt/airflow/dags/dl_global_index.py took 0.130 seconds
[2026-02-07T09:00:40.932+0000] {processor.py:161} INFO - Started process (PID=948) to work on /opt/airflow/dags/dl_global_index.py
[2026-02-07T09:00:40.933+0000] {processor.py:830} INFO - Processing file /opt/airflow/dags/dl_global_index.py for tasks to queue
[2026-02-07T09:00:40.934+0000] {logging_mixin.py:188} INFO - [2026-02-07T09:00:40.934+0000] {dagbag.py:545} INFO - Filling up the DagBag from /opt/airflow/dags/dl_global_index.py
[2026-02-07T09:00:40.965+0000] {processor.py:840} INFO - DAG(s) 'global_index_minio' retrieved from /opt/airflow/dags/dl_global_index.py
[2026-02-07T09:00:40.989+0000] {logging_mixin.py:188} INFO - [2026-02-07T09:00:40.989+0000] {dag.py:3089} INFO - Sync 1 DAGs
[2026-02-07T09:00:41.013+0000] {logging_mixin.py:188} INFO - [2026-02-07T09:00:41.013+0000] {dag.py:3947} INFO - Setting next_dagrun for global_index_minio to 2026-02-07 00:00:00+00:00, run_after=2026-02-08 00:00:00+00:00
[2026-02-07T09:00:41.035+0000] {processor.py:183} INFO - Processing /opt/airflow/dags/dl_global_index.py took 0.109 seconds
[2026-02-07T09:01:11.919+0000] {processor.py:161} INFO - Started process (PID=972) to work on /opt/airflow/dags/dl_global_index.py
[2026-02-07T09:01:11.920+0000] {processor.py:830} INFO - Processing file /opt/airflow/dags/dl_global_index.py for tasks to queue
[2026-02-07T09:01:11.921+0000] {logging_mixin.py:188} INFO - [2026-02-07T09:01:11.921+0000] {dagbag.py:545} INFO - Filling up the DagBag from /opt/airflow/dags/dl_global_index.py
[2026-02-07T09:01:11.956+0000] {processor.py:840} INFO - DAG(s) 'global_index_minio' retrieved from /opt/airflow/dags/dl_global_index.py
[2026-02-07T09:01:11.985+0000] {logging_mixin.py:188} INFO - [2026-02-07T09:01:11.985+0000] {dag.py:3089} INFO - Sync 1 DAGs
[2026-02-07T09:01:12.017+0000] {logging_mixin.py:188} INFO - [2026-02-07T09:01:12.017+0000] {dag.py:3947} INFO - Setting next_dagrun for global_index_minio to 2026-02-07 00:00:00+00:00, run_after=2026-02-08 00:00:00+00:00
[2026-02-07T09:01:12.040+0000] {processor.py:183} INFO - Processing /opt/airflow/dags/dl_global_index.py took 0.127 seconds
[2026-02-07T09:01:42.179+0000] {processor.py:161} INFO - Started process (PID=996) to work on /opt/airflow/dags/dl_global_index.py
[2026-02-07T09:01:42.179+0000] {processor.py:830} INFO - Processing file /opt/airflow/dags/dl_global_index.py for tasks to queue
[2026-02-07T09:01:42.180+0000] {logging_mixin.py:188} INFO - [2026-02-07T09:01:42.180+0000] {dagbag.py:545} INFO - Filling up the DagBag from /opt/airflow/dags/dl_global_index.py
[2026-02-07T09:01:42.213+0000] {processor.py:840} INFO - DAG(s) 'global_index_minio' retrieved from /opt/airflow/dags/dl_global_index.py
[2026-02-07T09:01:42.248+0000] {logging_mixin.py:188} INFO - [2026-02-07T09:01:42.247+0000] {dag.py:3089} INFO - Sync 1 DAGs
[2026-02-07T09:01:42.279+0000] {logging_mixin.py:188} INFO - [2026-02-07T09:01:42.279+0000] {dag.py:3947} INFO - Setting next_dagrun for global_index_minio to 2026-02-07 00:00:00+00:00, run_after=2026-02-08 00:00:00+00:00
[2026-02-07T09:01:42.318+0000] {processor.py:183} INFO - Processing /opt/airflow/dags/dl_global_index.py took 0.145 seconds
[2026-02-07T09:02:12.512+0000] {processor.py:161} INFO - Started process (PID=1020) to work on /opt/airflow/dags/dl_global_index.py
[2026-02-07T09:02:12.513+0000] {processor.py:830} INFO - Processing file /opt/airflow/dags/dl_global_index.py for tasks to queue
[2026-02-07T09:02:12.514+0000] {logging_mixin.py:188} INFO - [2026-02-07T09:02:12.513+0000] {dagbag.py:545} INFO - Filling up the DagBag from /opt/airflow/dags/dl_global_index.py
[2026-02-07T09:02:12.552+0000] {processor.py:840} INFO - DAG(s) 'global_index_minio' retrieved from /opt/airflow/dags/dl_global_index.py
[2026-02-07T09:02:12.590+0000] {logging_mixin.py:188} INFO - [2026-02-07T09:02:12.590+0000] {dag.py:3089} INFO - Sync 1 DAGs
[2026-02-07T09:02:12.628+0000] {logging_mixin.py:188} INFO - [2026-02-07T09:02:12.628+0000] {dag.py:3947} INFO - Setting next_dagrun for global_index_minio to 2026-02-07 00:00:00+00:00, run_after=2026-02-08 00:00:00+00:00
[2026-02-07T09:02:12.654+0000] {processor.py:183} INFO - Processing /opt/airflow/dags/dl_global_index.py took 0.151 seconds
[2026-02-07T09:02:42.886+0000] {processor.py:161} INFO - Started process (PID=1044) to work on /opt/airflow/dags/dl_global_index.py
[2026-02-07T09:02:42.887+0000] {processor.py:830} INFO - Processing file /opt/airflow/dags/dl_global_index.py for tasks to queue
[2026-02-07T09:02:42.889+0000] {logging_mixin.py:188} INFO - [2026-02-07T09:02:42.888+0000] {dagbag.py:545} INFO - Filling up the DagBag from /opt/airflow/dags/dl_global_index.py
[2026-02-07T09:02:42.945+0000] {processor.py:840} INFO - DAG(s) 'global_index_minio' retrieved from /opt/airflow/dags/dl_global_index.py
[2026-02-07T09:02:42.976+0000] {logging_mixin.py:188} INFO - [2026-02-07T09:02:42.975+0000] {dag.py:3089} INFO - Sync 1 DAGs
[2026-02-07T09:02:43.006+0000] {logging_mixin.py:188} INFO - [2026-02-07T09:02:43.006+0000] {dag.py:3947} INFO - Setting next_dagrun for global_index_minio to 2026-02-07 00:00:00+00:00, run_after=2026-02-08 00:00:00+00:00
[2026-02-07T09:02:43.029+0000] {processor.py:183} INFO - Processing /opt/airflow/dags/dl_global_index.py took 0.149 seconds
[2026-02-07T09:03:13.108+0000] {processor.py:161} INFO - Started process (PID=1068) to work on /opt/airflow/dags/dl_global_index.py
[2026-02-07T09:03:13.109+0000] {processor.py:830} INFO - Processing file /opt/airflow/dags/dl_global_index.py for tasks to queue
[2026-02-07T09:03:13.110+0000] {logging_mixin.py:188} INFO - [2026-02-07T09:03:13.110+0000] {dagbag.py:545} INFO - Filling up the DagBag from /opt/airflow/dags/dl_global_index.py
[2026-02-07T09:03:13.141+0000] {processor.py:840} INFO - DAG(s) 'global_index_minio' retrieved from /opt/airflow/dags/dl_global_index.py
[2026-02-07T09:03:13.168+0000] {logging_mixin.py:188} INFO - [2026-02-07T09:03:13.168+0000] {dag.py:3089} INFO - Sync 1 DAGs
[2026-02-07T09:03:13.192+0000] {logging_mixin.py:188} INFO - [2026-02-07T09:03:13.191+0000] {dag.py:3947} INFO - Setting next_dagrun for global_index_minio to 2026-02-07 00:00:00+00:00, run_after=2026-02-08 00:00:00+00:00
[2026-02-07T09:03:13.209+0000] {processor.py:183} INFO - Processing /opt/airflow/dags/dl_global_index.py took 0.107 seconds
[2026-02-07T09:03:44.237+0000] {processor.py:161} INFO - Started process (PID=1092) to work on /opt/airflow/dags/dl_global_index.py
[2026-02-07T09:03:44.238+0000] {processor.py:830} INFO - Processing file /opt/airflow/dags/dl_global_index.py for tasks to queue
[2026-02-07T09:03:44.239+0000] {logging_mixin.py:188} INFO - [2026-02-07T09:03:44.238+0000] {dagbag.py:545} INFO - Filling up the DagBag from /opt/airflow/dags/dl_global_index.py
[2026-02-07T09:03:44.280+0000] {processor.py:840} INFO - DAG(s) 'global_index_minio' retrieved from /opt/airflow/dags/dl_global_index.py
[2026-02-07T09:03:44.313+0000] {logging_mixin.py:188} INFO - [2026-02-07T09:03:44.312+0000] {dag.py:3089} INFO - Sync 1 DAGs
[2026-02-07T09:03:44.341+0000] {logging_mixin.py:188} INFO - [2026-02-07T09:03:44.341+0000] {dag.py:3947} INFO - Setting next_dagrun for global_index_minio to 2026-02-07 00:00:00+00:00, run_after=2026-02-08 00:00:00+00:00
[2026-02-07T09:03:44.371+0000] {processor.py:183} INFO - Processing /opt/airflow/dags/dl_global_index.py took 0.141 seconds
[2026-02-07T09:04:14.433+0000] {processor.py:161} INFO - Started process (PID=1116) to work on /opt/airflow/dags/dl_global_index.py
[2026-02-07T09:04:14.434+0000] {processor.py:830} INFO - Processing file /opt/airflow/dags/dl_global_index.py for tasks to queue
[2026-02-07T09:04:14.435+0000] {logging_mixin.py:188} INFO - [2026-02-07T09:04:14.434+0000] {dagbag.py:545} INFO - Filling up the DagBag from /opt/airflow/dags/dl_global_index.py
[2026-02-07T09:04:14.477+0000] {processor.py:840} INFO - DAG(s) 'global_index_minio' retrieved from /opt/airflow/dags/dl_global_index.py
[2026-02-07T09:04:14.509+0000] {logging_mixin.py:188} INFO - [2026-02-07T09:04:14.509+0000] {dag.py:3089} INFO - Sync 1 DAGs
[2026-02-07T09:04:14.545+0000] {logging_mixin.py:188} INFO - [2026-02-07T09:04:14.544+0000] {dag.py:3947} INFO - Setting next_dagrun for global_index_minio to 2026-02-07 00:00:00+00:00, run_after=2026-02-08 00:00:00+00:00
[2026-02-07T09:04:14.598+0000] {processor.py:183} INFO - Processing /opt/airflow/dags/dl_global_index.py took 0.171 seconds
[2026-02-07T09:04:45.621+0000] {processor.py:161} INFO - Started process (PID=1140) to work on /opt/airflow/dags/dl_global_index.py
[2026-02-07T09:04:45.622+0000] {processor.py:830} INFO - Processing file /opt/airflow/dags/dl_global_index.py for tasks to queue
[2026-02-07T09:04:45.623+0000] {logging_mixin.py:188} INFO - [2026-02-07T09:04:45.623+0000] {dagbag.py:545} INFO - Filling up the DagBag from /opt/airflow/dags/dl_global_index.py
[2026-02-07T09:04:45.667+0000] {processor.py:840} INFO - DAG(s) 'global_index_minio' retrieved from /opt/airflow/dags/dl_global_index.py
[2026-02-07T09:04:45.701+0000] {logging_mixin.py:188} INFO - [2026-02-07T09:04:45.701+0000] {dag.py:3089} INFO - Sync 1 DAGs
[2026-02-07T09:04:45.725+0000] {logging_mixin.py:188} INFO - [2026-02-07T09:04:45.724+0000] {dag.py:3947} INFO - Setting next_dagrun for global_index_minio to 2026-02-07 00:00:00+00:00, run_after=2026-02-08 00:00:00+00:00
[2026-02-07T09:04:45.751+0000] {processor.py:183} INFO - Processing /opt/airflow/dags/dl_global_index.py took 0.137 seconds
[2026-02-07T09:05:16.528+0000] {processor.py:161} INFO - Started process (PID=1164) to work on /opt/airflow/dags/dl_global_index.py
[2026-02-07T09:05:16.529+0000] {processor.py:830} INFO - Processing file /opt/airflow/dags/dl_global_index.py for tasks to queue
[2026-02-07T09:05:16.530+0000] {logging_mixin.py:188} INFO - [2026-02-07T09:05:16.530+0000] {dagbag.py:545} INFO - Filling up the DagBag from /opt/airflow/dags/dl_global_index.py
[2026-02-07T09:05:16.557+0000] {processor.py:840} INFO - DAG(s) 'global_index_minio' retrieved from /opt/airflow/dags/dl_global_index.py
[2026-02-07T09:05:16.579+0000] {logging_mixin.py:188} INFO - [2026-02-07T09:05:16.579+0000] {dag.py:3089} INFO - Sync 1 DAGs
[2026-02-07T09:05:16.600+0000] {logging_mixin.py:188} INFO - [2026-02-07T09:05:16.600+0000] {dag.py:3947} INFO - Setting next_dagrun for global_index_minio to 2026-02-07 00:00:00+00:00, run_after=2026-02-08 00:00:00+00:00
[2026-02-07T09:05:16.617+0000] {processor.py:183} INFO - Processing /opt/airflow/dags/dl_global_index.py took 0.094 seconds
[2026-02-07T09:05:47.279+0000] {processor.py:161} INFO - Started process (PID=1188) to work on /opt/airflow/dags/dl_global_index.py
[2026-02-07T09:05:47.281+0000] {processor.py:830} INFO - Processing file /opt/airflow/dags/dl_global_index.py for tasks to queue
[2026-02-07T09:05:47.282+0000] {logging_mixin.py:188} INFO - [2026-02-07T09:05:47.282+0000] {dagbag.py:545} INFO - Filling up the DagBag from /opt/airflow/dags/dl_global_index.py
[2026-02-07T09:05:47.326+0000] {processor.py:840} INFO - DAG(s) 'global_index_minio' retrieved from /opt/airflow/dags/dl_global_index.py
[2026-02-07T09:05:47.361+0000] {logging_mixin.py:188} INFO - [2026-02-07T09:05:47.360+0000] {dag.py:3089} INFO - Sync 1 DAGs
[2026-02-07T09:05:47.393+0000] {logging_mixin.py:188} INFO - [2026-02-07T09:05:47.393+0000] {dag.py:3947} INFO - Setting next_dagrun for global_index_minio to 2026-02-07 00:00:00+00:00, run_after=2026-02-08 00:00:00+00:00
[2026-02-07T09:05:47.416+0000] {processor.py:183} INFO - Processing /opt/airflow/dags/dl_global_index.py took 0.144 seconds
[2026-02-07T09:06:17.457+0000] {processor.py:161} INFO - Started process (PID=1212) to work on /opt/airflow/dags/dl_global_index.py
[2026-02-07T09:06:17.457+0000] {processor.py:830} INFO - Processing file /opt/airflow/dags/dl_global_index.py for tasks to queue
[2026-02-07T09:06:17.458+0000] {logging_mixin.py:188} INFO - [2026-02-07T09:06:17.458+0000] {dagbag.py:545} INFO - Filling up the DagBag from /opt/airflow/dags/dl_global_index.py
[2026-02-07T09:06:17.481+0000] {processor.py:840} INFO - DAG(s) 'global_index_minio' retrieved from /opt/airflow/dags/dl_global_index.py
[2026-02-07T09:06:17.503+0000] {logging_mixin.py:188} INFO - [2026-02-07T09:06:17.502+0000] {dag.py:3089} INFO - Sync 1 DAGs
[2026-02-07T09:06:17.523+0000] {logging_mixin.py:188} INFO - [2026-02-07T09:06:17.523+0000] {dag.py:3947} INFO - Setting next_dagrun for global_index_minio to 2026-02-07 00:00:00+00:00, run_after=2026-02-08 00:00:00+00:00
[2026-02-07T09:06:17.542+0000] {processor.py:183} INFO - Processing /opt/airflow/dags/dl_global_index.py took 0.091 seconds
[2026-02-07T09:06:47.904+0000] {processor.py:161} INFO - Started process (PID=1236) to work on /opt/airflow/dags/dl_global_index.py
[2026-02-07T09:06:47.904+0000] {processor.py:830} INFO - Processing file /opt/airflow/dags/dl_global_index.py for tasks to queue
[2026-02-07T09:06:47.905+0000] {logging_mixin.py:188} INFO - [2026-02-07T09:06:47.905+0000] {dagbag.py:545} INFO - Filling up the DagBag from /opt/airflow/dags/dl_global_index.py
[2026-02-07T09:06:47.937+0000] {processor.py:840} INFO - DAG(s) 'global_index_minio' retrieved from /opt/airflow/dags/dl_global_index.py
[2026-02-07T09:06:47.969+0000] {logging_mixin.py:188} INFO - [2026-02-07T09:06:47.969+0000] {dag.py:3089} INFO - Sync 1 DAGs
[2026-02-07T09:06:47.992+0000] {logging_mixin.py:188} INFO - [2026-02-07T09:06:47.992+0000] {dag.py:3947} INFO - Setting next_dagrun for global_index_minio to 2026-02-07 00:00:00+00:00, run_after=2026-02-08 00:00:00+00:00
[2026-02-07T09:06:48.013+0000] {processor.py:183} INFO - Processing /opt/airflow/dags/dl_global_index.py took 0.115 seconds
[2026-02-07T09:07:18.783+0000] {processor.py:161} INFO - Started process (PID=1260) to work on /opt/airflow/dags/dl_global_index.py
[2026-02-07T09:07:18.784+0000] {processor.py:830} INFO - Processing file /opt/airflow/dags/dl_global_index.py for tasks to queue
[2026-02-07T09:07:18.785+0000] {logging_mixin.py:188} INFO - [2026-02-07T09:07:18.785+0000] {dagbag.py:545} INFO - Filling up the DagBag from /opt/airflow/dags/dl_global_index.py
[2026-02-07T09:07:18.814+0000] {processor.py:840} INFO - DAG(s) 'global_index_minio' retrieved from /opt/airflow/dags/dl_global_index.py
[2026-02-07T09:07:18.837+0000] {logging_mixin.py:188} INFO - [2026-02-07T09:07:18.837+0000] {dag.py:3089} INFO - Sync 1 DAGs
[2026-02-07T09:07:18.861+0000] {logging_mixin.py:188} INFO - [2026-02-07T09:07:18.861+0000] {dag.py:3947} INFO - Setting next_dagrun for global_index_minio to 2026-02-07 00:00:00+00:00, run_after=2026-02-08 00:00:00+00:00
[2026-02-07T09:07:18.879+0000] {processor.py:183} INFO - Processing /opt/airflow/dags/dl_global_index.py took 0.101 seconds
[2026-02-07T09:07:49.439+0000] {processor.py:161} INFO - Started process (PID=1284) to work on /opt/airflow/dags/dl_global_index.py
[2026-02-07T09:07:49.440+0000] {processor.py:830} INFO - Processing file /opt/airflow/dags/dl_global_index.py for tasks to queue
[2026-02-07T09:07:49.441+0000] {logging_mixin.py:188} INFO - [2026-02-07T09:07:49.440+0000] {dagbag.py:545} INFO - Filling up the DagBag from /opt/airflow/dags/dl_global_index.py
[2026-02-07T09:07:49.467+0000] {processor.py:840} INFO - DAG(s) 'global_index_minio' retrieved from /opt/airflow/dags/dl_global_index.py
[2026-02-07T09:07:49.489+0000] {logging_mixin.py:188} INFO - [2026-02-07T09:07:49.489+0000] {dag.py:3089} INFO - Sync 1 DAGs
[2026-02-07T09:07:49.509+0000] {logging_mixin.py:188} INFO - [2026-02-07T09:07:49.508+0000] {dag.py:3947} INFO - Setting next_dagrun for global_index_minio to 2026-02-07 00:00:00+00:00, run_after=2026-02-08 00:00:00+00:00
[2026-02-07T09:07:49.531+0000] {processor.py:183} INFO - Processing /opt/airflow/dags/dl_global_index.py took 0.097 seconds
[2026-02-07T09:08:20.152+0000] {processor.py:161} INFO - Started process (PID=1308) to work on /opt/airflow/dags/dl_global_index.py
[2026-02-07T09:08:20.152+0000] {processor.py:830} INFO - Processing file /opt/airflow/dags/dl_global_index.py for tasks to queue
[2026-02-07T09:08:20.153+0000] {logging_mixin.py:188} INFO - [2026-02-07T09:08:20.153+0000] {dagbag.py:545} INFO - Filling up the DagBag from /opt/airflow/dags/dl_global_index.py
[2026-02-07T09:08:20.180+0000] {processor.py:840} INFO - DAG(s) 'global_index_minio' retrieved from /opt/airflow/dags/dl_global_index.py
[2026-02-07T09:08:20.203+0000] {logging_mixin.py:188} INFO - [2026-02-07T09:08:20.202+0000] {dag.py:3089} INFO - Sync 1 DAGs
[2026-02-07T09:08:20.223+0000] {logging_mixin.py:188} INFO - [2026-02-07T09:08:20.223+0000] {dag.py:3947} INFO - Setting next_dagrun for global_index_minio to 2026-02-07 00:00:00+00:00, run_after=2026-02-08 00:00:00+00:00
[2026-02-07T09:08:20.245+0000] {processor.py:183} INFO - Processing /opt/airflow/dags/dl_global_index.py took 0.099 seconds
[2026-02-07T09:08:50.925+0000] {processor.py:161} INFO - Started process (PID=1332) to work on /opt/airflow/dags/dl_global_index.py
[2026-02-07T09:08:50.926+0000] {processor.py:830} INFO - Processing file /opt/airflow/dags/dl_global_index.py for tasks to queue
[2026-02-07T09:08:50.927+0000] {logging_mixin.py:188} INFO - [2026-02-07T09:08:50.926+0000] {dagbag.py:545} INFO - Filling up the DagBag from /opt/airflow/dags/dl_global_index.py
[2026-02-07T09:08:50.952+0000] {processor.py:840} INFO - DAG(s) 'global_index_minio' retrieved from /opt/airflow/dags/dl_global_index.py
[2026-02-07T09:08:50.974+0000] {logging_mixin.py:188} INFO - [2026-02-07T09:08:50.974+0000] {dag.py:3089} INFO - Sync 1 DAGs
[2026-02-07T09:08:50.996+0000] {logging_mixin.py:188} INFO - [2026-02-07T09:08:50.995+0000] {dag.py:3947} INFO - Setting next_dagrun for global_index_minio to 2026-02-07 00:00:00+00:00, run_after=2026-02-08 00:00:00+00:00
[2026-02-07T09:08:51.019+0000] {processor.py:183} INFO - Processing /opt/airflow/dags/dl_global_index.py took 0.099 seconds
[2026-02-07T09:09:21.865+0000] {processor.py:161} INFO - Started process (PID=1356) to work on /opt/airflow/dags/dl_global_index.py
[2026-02-07T09:09:21.866+0000] {processor.py:830} INFO - Processing file /opt/airflow/dags/dl_global_index.py for tasks to queue
[2026-02-07T09:09:21.867+0000] {logging_mixin.py:188} INFO - [2026-02-07T09:09:21.866+0000] {dagbag.py:545} INFO - Filling up the DagBag from /opt/airflow/dags/dl_global_index.py
[2026-02-07T09:09:21.896+0000] {processor.py:840} INFO - DAG(s) 'global_index_minio' retrieved from /opt/airflow/dags/dl_global_index.py
[2026-02-07T09:09:21.920+0000] {logging_mixin.py:188} INFO - [2026-02-07T09:09:21.920+0000] {dag.py:3089} INFO - Sync 1 DAGs
[2026-02-07T09:09:21.944+0000] {logging_mixin.py:188} INFO - [2026-02-07T09:09:21.944+0000] {dag.py:3947} INFO - Setting next_dagrun for global_index_minio to 2026-02-07 00:00:00+00:00, run_after=2026-02-08 00:00:00+00:00
[2026-02-07T09:09:21.963+0000] {processor.py:183} INFO - Processing /opt/airflow/dags/dl_global_index.py took 0.104 seconds
[2026-02-07T09:09:52.017+0000] {processor.py:161} INFO - Started process (PID=1380) to work on /opt/airflow/dags/dl_global_index.py
[2026-02-07T09:09:52.018+0000] {processor.py:830} INFO - Processing file /opt/airflow/dags/dl_global_index.py for tasks to queue
[2026-02-07T09:09:52.019+0000] {logging_mixin.py:188} INFO - [2026-02-07T09:09:52.018+0000] {dagbag.py:545} INFO - Filling up the DagBag from /opt/airflow/dags/dl_global_index.py
[2026-02-07T09:09:52.046+0000] {processor.py:840} INFO - DAG(s) 'global_index_minio' retrieved from /opt/airflow/dags/dl_global_index.py
[2026-02-07T09:09:52.070+0000] {logging_mixin.py:188} INFO - [2026-02-07T09:09:52.070+0000] {dag.py:3089} INFO - Sync 1 DAGs
[2026-02-07T09:09:52.093+0000] {logging_mixin.py:188} INFO - [2026-02-07T09:09:52.092+0000] {dag.py:3947} INFO - Setting next_dagrun for global_index_minio to 2026-02-07 00:00:00+00:00, run_after=2026-02-08 00:00:00+00:00
[2026-02-07T09:09:52.108+0000] {processor.py:183} INFO - Processing /opt/airflow/dags/dl_global_index.py took 0.097 seconds
[2026-02-07T09:10:22.246+0000] {processor.py:161} INFO - Started process (PID=1404) to work on /opt/airflow/dags/dl_global_index.py
[2026-02-07T09:10:22.247+0000] {processor.py:830} INFO - Processing file /opt/airflow/dags/dl_global_index.py for tasks to queue
[2026-02-07T09:10:22.248+0000] {logging_mixin.py:188} INFO - [2026-02-07T09:10:22.248+0000] {dagbag.py:545} INFO - Filling up the DagBag from /opt/airflow/dags/dl_global_index.py
[2026-02-07T09:10:22.277+0000] {processor.py:840} INFO - DAG(s) 'global_index_minio' retrieved from /opt/airflow/dags/dl_global_index.py
[2026-02-07T09:10:22.302+0000] {logging_mixin.py:188} INFO - [2026-02-07T09:10:22.302+0000] {dag.py:3089} INFO - Sync 1 DAGs
[2026-02-07T09:10:22.331+0000] {logging_mixin.py:188} INFO - [2026-02-07T09:10:22.331+0000] {dag.py:3947} INFO - Setting next_dagrun for global_index_minio to 2026-02-07 00:00:00+00:00, run_after=2026-02-08 00:00:00+00:00
[2026-02-07T09:10:22.362+0000] {processor.py:183} INFO - Processing /opt/airflow/dags/dl_global_index.py took 0.121 seconds
[2026-02-07T09:10:52.509+0000] {processor.py:161} INFO - Started process (PID=1428) to work on /opt/airflow/dags/dl_global_index.py
[2026-02-07T09:10:52.510+0000] {processor.py:830} INFO - Processing file /opt/airflow/dags/dl_global_index.py for tasks to queue
[2026-02-07T09:10:52.511+0000] {logging_mixin.py:188} INFO - [2026-02-07T09:10:52.511+0000] {dagbag.py:545} INFO - Filling up the DagBag from /opt/airflow/dags/dl_global_index.py
[2026-02-07T09:10:52.542+0000] {processor.py:840} INFO - DAG(s) 'global_index_minio' retrieved from /opt/airflow/dags/dl_global_index.py
[2026-02-07T09:10:52.565+0000] {logging_mixin.py:188} INFO - [2026-02-07T09:10:52.565+0000] {dag.py:3089} INFO - Sync 1 DAGs
[2026-02-07T09:10:52.585+0000] {logging_mixin.py:188} INFO - [2026-02-07T09:10:52.585+0000] {dag.py:3947} INFO - Setting next_dagrun for global_index_minio to 2026-02-07 00:00:00+00:00, run_after=2026-02-08 00:00:00+00:00
[2026-02-07T09:10:52.610+0000] {processor.py:183} INFO - Processing /opt/airflow/dags/dl_global_index.py took 0.108 seconds
[2026-02-07T09:11:22.884+0000] {processor.py:161} INFO - Started process (PID=1452) to work on /opt/airflow/dags/dl_global_index.py
[2026-02-07T09:11:22.886+0000] {processor.py:830} INFO - Processing file /opt/airflow/dags/dl_global_index.py for tasks to queue
[2026-02-07T09:11:22.887+0000] {logging_mixin.py:188} INFO - [2026-02-07T09:11:22.887+0000] {dagbag.py:545} INFO - Filling up the DagBag from /opt/airflow/dags/dl_global_index.py
[2026-02-07T09:11:22.924+0000] {processor.py:840} INFO - DAG(s) 'global_index_minio' retrieved from /opt/airflow/dags/dl_global_index.py
[2026-02-07T09:11:22.952+0000] {logging_mixin.py:188} INFO - [2026-02-07T09:11:22.952+0000] {dag.py:3089} INFO - Sync 1 DAGs
[2026-02-07T09:11:22.977+0000] {logging_mixin.py:188} INFO - [2026-02-07T09:11:22.977+0000] {dag.py:3947} INFO - Setting next_dagrun for global_index_minio to 2026-02-07 00:00:00+00:00, run_after=2026-02-08 00:00:00+00:00
[2026-02-07T09:11:23.001+0000] {processor.py:183} INFO - Processing /opt/airflow/dags/dl_global_index.py took 0.123 seconds
[2026-02-07T09:11:53.883+0000] {processor.py:161} INFO - Started process (PID=1477) to work on /opt/airflow/dags/dl_global_index.py
[2026-02-07T09:11:53.884+0000] {processor.py:830} INFO - Processing file /opt/airflow/dags/dl_global_index.py for tasks to queue
[2026-02-07T09:11:53.884+0000] {logging_mixin.py:188} INFO - [2026-02-07T09:11:53.884+0000] {dagbag.py:545} INFO - Filling up the DagBag from /opt/airflow/dags/dl_global_index.py
[2026-02-07T09:11:53.917+0000] {processor.py:840} INFO - DAG(s) 'global_index_minio' retrieved from /opt/airflow/dags/dl_global_index.py
[2026-02-07T09:11:53.959+0000] {logging_mixin.py:188} INFO - [2026-02-07T09:11:53.959+0000] {dag.py:3089} INFO - Sync 1 DAGs
[2026-02-07T09:11:53.985+0000] {logging_mixin.py:188} INFO - [2026-02-07T09:11:53.985+0000] {dag.py:3947} INFO - Setting next_dagrun for global_index_minio to 2026-02-07 00:00:00+00:00, run_after=2026-02-08 00:00:00+00:00
[2026-02-07T09:11:54.013+0000] {processor.py:183} INFO - Processing /opt/airflow/dags/dl_global_index.py took 0.135 seconds
[2026-02-07T09:12:24.185+0000] {processor.py:161} INFO - Started process (PID=1507) to work on /opt/airflow/dags/dl_global_index.py
[2026-02-07T09:12:24.185+0000] {processor.py:830} INFO - Processing file /opt/airflow/dags/dl_global_index.py for tasks to queue
[2026-02-07T09:12:24.186+0000] {logging_mixin.py:188} INFO - [2026-02-07T09:12:24.186+0000] {dagbag.py:545} INFO - Filling up the DagBag from /opt/airflow/dags/dl_global_index.py
[2026-02-07T09:12:24.213+0000] {processor.py:840} INFO - DAG(s) 'global_index_minio' retrieved from /opt/airflow/dags/dl_global_index.py
[2026-02-07T09:12:24.235+0000] {logging_mixin.py:188} INFO - [2026-02-07T09:12:24.234+0000] {dag.py:3089} INFO - Sync 1 DAGs
[2026-02-07T09:12:24.257+0000] {logging_mixin.py:188} INFO - [2026-02-07T09:12:24.257+0000] {dag.py:3947} INFO - Setting next_dagrun for global_index_minio to 2026-02-07 00:00:00+00:00, run_after=2026-02-08 00:00:00+00:00
[2026-02-07T09:12:24.275+0000] {processor.py:183} INFO - Processing /opt/airflow/dags/dl_global_index.py took 0.096 seconds
[2026-02-07T09:12:55.172+0000] {processor.py:161} INFO - Started process (PID=1531) to work on /opt/airflow/dags/dl_global_index.py
[2026-02-07T09:12:55.176+0000] {processor.py:830} INFO - Processing file /opt/airflow/dags/dl_global_index.py for tasks to queue
[2026-02-07T09:12:55.177+0000] {logging_mixin.py:188} INFO - [2026-02-07T09:12:55.176+0000] {dagbag.py:545} INFO - Filling up the DagBag from /opt/airflow/dags/dl_global_index.py
[2026-02-07T09:12:55.204+0000] {processor.py:840} INFO - DAG(s) 'global_index_minio' retrieved from /opt/airflow/dags/dl_global_index.py
[2026-02-07T09:12:55.228+0000] {logging_mixin.py:188} INFO - [2026-02-07T09:12:55.228+0000] {dag.py:3089} INFO - Sync 1 DAGs
[2026-02-07T09:12:55.249+0000] {logging_mixin.py:188} INFO - [2026-02-07T09:12:55.249+0000] {dag.py:3947} INFO - Setting next_dagrun for global_index_minio to 2026-02-07 00:00:00+00:00, run_after=2026-02-08 00:00:00+00:00
[2026-02-07T09:12:55.268+0000] {processor.py:183} INFO - Processing /opt/airflow/dags/dl_global_index.py took 0.102 seconds
[2026-02-07T09:13:26.081+0000] {processor.py:161} INFO - Started process (PID=1555) to work on /opt/airflow/dags/dl_global_index.py
[2026-02-07T09:13:26.082+0000] {processor.py:830} INFO - Processing file /opt/airflow/dags/dl_global_index.py for tasks to queue
[2026-02-07T09:13:26.083+0000] {logging_mixin.py:188} INFO - [2026-02-07T09:13:26.083+0000] {dagbag.py:545} INFO - Filling up the DagBag from /opt/airflow/dags/dl_global_index.py
[2026-02-07T09:13:26.111+0000] {processor.py:840} INFO - DAG(s) 'global_index_minio' retrieved from /opt/airflow/dags/dl_global_index.py
[2026-02-07T09:13:26.134+0000] {logging_mixin.py:188} INFO - [2026-02-07T09:13:26.134+0000] {dag.py:3089} INFO - Sync 1 DAGs
[2026-02-07T09:13:26.157+0000] {logging_mixin.py:188} INFO - [2026-02-07T09:13:26.156+0000] {dag.py:3947} INFO - Setting next_dagrun for global_index_minio to 2026-02-07 00:00:00+00:00, run_after=2026-02-08 00:00:00+00:00
[2026-02-07T09:13:26.180+0000] {processor.py:183} INFO - Processing /opt/airflow/dags/dl_global_index.py took 0.105 seconds
[2026-02-07T09:13:56.753+0000] {processor.py:161} INFO - Started process (PID=1579) to work on /opt/airflow/dags/dl_global_index.py
[2026-02-07T09:13:56.754+0000] {processor.py:830} INFO - Processing file /opt/airflow/dags/dl_global_index.py for tasks to queue
[2026-02-07T09:13:56.755+0000] {logging_mixin.py:188} INFO - [2026-02-07T09:13:56.755+0000] {dagbag.py:545} INFO - Filling up the DagBag from /opt/airflow/dags/dl_global_index.py
[2026-02-07T09:13:56.798+0000] {processor.py:840} INFO - DAG(s) 'global_index_minio' retrieved from /opt/airflow/dags/dl_global_index.py
[2026-02-07T09:13:56.835+0000] {logging_mixin.py:188} INFO - [2026-02-07T09:13:56.834+0000] {dag.py:3089} INFO - Sync 1 DAGs
[2026-02-07T09:13:56.868+0000] {logging_mixin.py:188} INFO - [2026-02-07T09:13:56.868+0000] {dag.py:3947} INFO - Setting next_dagrun for global_index_minio to 2026-02-07 00:00:00+00:00, run_after=2026-02-08 00:00:00+00:00
[2026-02-07T09:13:56.889+0000] {processor.py:183} INFO - Processing /opt/airflow/dags/dl_global_index.py took 0.142 seconds
[2026-02-07T09:14:27.715+0000] {processor.py:161} INFO - Started process (PID=1603) to work on /opt/airflow/dags/dl_global_index.py
[2026-02-07T09:14:27.716+0000] {processor.py:830} INFO - Processing file /opt/airflow/dags/dl_global_index.py for tasks to queue
[2026-02-07T09:14:27.717+0000] {logging_mixin.py:188} INFO - [2026-02-07T09:14:27.716+0000] {dagbag.py:545} INFO - Filling up the DagBag from /opt/airflow/dags/dl_global_index.py
[2026-02-07T09:14:27.747+0000] {processor.py:840} INFO - DAG(s) 'global_index_minio' retrieved from /opt/airflow/dags/dl_global_index.py
[2026-02-07T09:14:27.770+0000] {logging_mixin.py:188} INFO - [2026-02-07T09:14:27.769+0000] {dag.py:3089} INFO - Sync 1 DAGs
[2026-02-07T09:14:27.790+0000] {logging_mixin.py:188} INFO - [2026-02-07T09:14:27.790+0000] {dag.py:3947} INFO - Setting next_dagrun for global_index_minio to 2026-02-07 00:00:00+00:00, run_after=2026-02-08 00:00:00+00:00
[2026-02-07T09:14:27.812+0000] {processor.py:183} INFO - Processing /opt/airflow/dags/dl_global_index.py took 0.102 seconds
[2026-02-07T09:14:58.549+0000] {processor.py:161} INFO - Started process (PID=1627) to work on /opt/airflow/dags/dl_global_index.py
[2026-02-07T09:14:58.550+0000] {processor.py:830} INFO - Processing file /opt/airflow/dags/dl_global_index.py for tasks to queue
[2026-02-07T09:14:58.552+0000] {logging_mixin.py:188} INFO - [2026-02-07T09:14:58.551+0000] {dagbag.py:545} INFO - Filling up the DagBag from /opt/airflow/dags/dl_global_index.py
[2026-02-07T09:14:58.598+0000] {processor.py:840} INFO - DAG(s) 'global_index_minio' retrieved from /opt/airflow/dags/dl_global_index.py
[2026-02-07T09:14:58.639+0000] {logging_mixin.py:188} INFO - [2026-02-07T09:14:58.638+0000] {dag.py:3089} INFO - Sync 1 DAGs
[2026-02-07T09:14:58.666+0000] {logging_mixin.py:188} INFO - [2026-02-07T09:14:58.666+0000] {dag.py:3947} INFO - Setting next_dagrun for global_index_minio to 2026-02-07 00:00:00+00:00, run_after=2026-02-08 00:00:00+00:00
[2026-02-07T09:14:58.687+0000] {processor.py:183} INFO - Processing /opt/airflow/dags/dl_global_index.py took 0.145 seconds
[2026-02-07T09:15:29.532+0000] {processor.py:161} INFO - Started process (PID=1651) to work on /opt/airflow/dags/dl_global_index.py
[2026-02-07T09:15:29.533+0000] {processor.py:830} INFO - Processing file /opt/airflow/dags/dl_global_index.py for tasks to queue
[2026-02-07T09:15:29.535+0000] {logging_mixin.py:188} INFO - [2026-02-07T09:15:29.534+0000] {dagbag.py:545} INFO - Filling up the DagBag from /opt/airflow/dags/dl_global_index.py
[2026-02-07T09:15:29.587+0000] {processor.py:840} INFO - DAG(s) 'global_index_minio' retrieved from /opt/airflow/dags/dl_global_index.py
[2026-02-07T09:15:29.650+0000] {logging_mixin.py:188} INFO - [2026-02-07T09:15:29.649+0000] {dag.py:3089} INFO - Sync 1 DAGs
[2026-02-07T09:15:29.685+0000] {logging_mixin.py:188} INFO - [2026-02-07T09:15:29.685+0000] {dag.py:3947} INFO - Setting next_dagrun for global_index_minio to 2026-02-07 00:00:00+00:00, run_after=2026-02-08 00:00:00+00:00
[2026-02-07T09:15:29.714+0000] {processor.py:183} INFO - Processing /opt/airflow/dags/dl_global_index.py took 0.192 seconds
[2026-02-07T09:16:00.177+0000] {processor.py:161} INFO - Started process (PID=1675) to work on /opt/airflow/dags/dl_global_index.py
[2026-02-07T09:16:00.178+0000] {processor.py:830} INFO - Processing file /opt/airflow/dags/dl_global_index.py for tasks to queue
[2026-02-07T09:16:00.179+0000] {logging_mixin.py:188} INFO - [2026-02-07T09:16:00.178+0000] {dagbag.py:545} INFO - Filling up the DagBag from /opt/airflow/dags/dl_global_index.py
[2026-02-07T09:16:00.223+0000] {processor.py:840} INFO - DAG(s) 'global_index_minio' retrieved from /opt/airflow/dags/dl_global_index.py
[2026-02-07T09:16:00.262+0000] {logging_mixin.py:188} INFO - [2026-02-07T09:16:00.262+0000] {dag.py:3089} INFO - Sync 1 DAGs
[2026-02-07T09:16:00.311+0000] {logging_mixin.py:188} INFO - [2026-02-07T09:16:00.311+0000] {dag.py:3947} INFO - Setting next_dagrun for global_index_minio to 2026-02-07 00:00:00+00:00, run_after=2026-02-08 00:00:00+00:00
[2026-02-07T09:16:00.357+0000] {processor.py:183} INFO - Processing /opt/airflow/dags/dl_global_index.py took 0.188 seconds
[2026-02-07T09:16:30.667+0000] {processor.py:161} INFO - Started process (PID=1699) to work on /opt/airflow/dags/dl_global_index.py
[2026-02-07T09:16:30.668+0000] {processor.py:830} INFO - Processing file /opt/airflow/dags/dl_global_index.py for tasks to queue
[2026-02-07T09:16:30.668+0000] {logging_mixin.py:188} INFO - [2026-02-07T09:16:30.668+0000] {dagbag.py:545} INFO - Filling up the DagBag from /opt/airflow/dags/dl_global_index.py
[2026-02-07T09:16:30.696+0000] {processor.py:840} INFO - DAG(s) 'global_index_minio' retrieved from /opt/airflow/dags/dl_global_index.py
[2026-02-07T09:16:30.720+0000] {logging_mixin.py:188} INFO - [2026-02-07T09:16:30.719+0000] {dag.py:3089} INFO - Sync 1 DAGs
[2026-02-07T09:16:30.743+0000] {logging_mixin.py:188} INFO - [2026-02-07T09:16:30.743+0000] {dag.py:3947} INFO - Setting next_dagrun for global_index_minio to 2026-02-07 00:00:00+00:00, run_after=2026-02-08 00:00:00+00:00
[2026-02-07T09:16:30.770+0000] {processor.py:183} INFO - Processing /opt/airflow/dags/dl_global_index.py took 0.108 seconds
[2026-02-07T09:17:01.331+0000] {processor.py:161} INFO - Started process (PID=1723) to work on /opt/airflow/dags/dl_global_index.py
[2026-02-07T09:17:01.332+0000] {processor.py:830} INFO - Processing file /opt/airflow/dags/dl_global_index.py for tasks to queue
[2026-02-07T09:17:01.333+0000] {logging_mixin.py:188} INFO - [2026-02-07T09:17:01.333+0000] {dagbag.py:545} INFO - Filling up the DagBag from /opt/airflow/dags/dl_global_index.py
[2026-02-07T09:17:01.368+0000] {processor.py:840} INFO - DAG(s) 'global_index_minio' retrieved from /opt/airflow/dags/dl_global_index.py
[2026-02-07T09:17:01.395+0000] {logging_mixin.py:188} INFO - [2026-02-07T09:17:01.394+0000] {dag.py:3089} INFO - Sync 1 DAGs
[2026-02-07T09:17:01.421+0000] {logging_mixin.py:188} INFO - [2026-02-07T09:17:01.421+0000] {dag.py:3947} INFO - Setting next_dagrun for global_index_minio to 2026-02-07 00:00:00+00:00, run_after=2026-02-08 00:00:00+00:00
[2026-02-07T09:17:01.443+0000] {processor.py:183} INFO - Processing /opt/airflow/dags/dl_global_index.py took 0.120 seconds
[2026-02-07T09:17:31.758+0000] {processor.py:161} INFO - Started process (PID=1747) to work on /opt/airflow/dags/dl_global_index.py
[2026-02-07T09:17:31.759+0000] {processor.py:830} INFO - Processing file /opt/airflow/dags/dl_global_index.py for tasks to queue
[2026-02-07T09:17:31.760+0000] {logging_mixin.py:188} INFO - [2026-02-07T09:17:31.760+0000] {dagbag.py:545} INFO - Filling up the DagBag from /opt/airflow/dags/dl_global_index.py
[2026-02-07T09:17:31.790+0000] {processor.py:840} INFO - DAG(s) 'global_index_minio' retrieved from /opt/airflow/dags/dl_global_index.py
[2026-02-07T09:17:31.820+0000] {logging_mixin.py:188} INFO - [2026-02-07T09:17:31.820+0000] {dag.py:3089} INFO - Sync 1 DAGs
[2026-02-07T09:17:31.847+0000] {logging_mixin.py:188} INFO - [2026-02-07T09:17:31.847+0000] {dag.py:3947} INFO - Setting next_dagrun for global_index_minio to 2026-02-07 00:00:00+00:00, run_after=2026-02-08 00:00:00+00:00
[2026-02-07T09:17:31.874+0000] {processor.py:183} INFO - Processing /opt/airflow/dags/dl_global_index.py took 0.120 seconds
[2026-02-07T09:18:02.538+0000] {processor.py:161} INFO - Started process (PID=1771) to work on /opt/airflow/dags/dl_global_index.py
[2026-02-07T09:18:02.538+0000] {processor.py:830} INFO - Processing file /opt/airflow/dags/dl_global_index.py for tasks to queue
[2026-02-07T09:18:02.539+0000] {logging_mixin.py:188} INFO - [2026-02-07T09:18:02.539+0000] {dagbag.py:545} INFO - Filling up the DagBag from /opt/airflow/dags/dl_global_index.py
[2026-02-07T09:18:02.567+0000] {processor.py:840} INFO - DAG(s) 'global_index_minio' retrieved from /opt/airflow/dags/dl_global_index.py
[2026-02-07T09:18:02.593+0000] {logging_mixin.py:188} INFO - [2026-02-07T09:18:02.592+0000] {dag.py:3089} INFO - Sync 1 DAGs
[2026-02-07T09:18:02.616+0000] {logging_mixin.py:188} INFO - [2026-02-07T09:18:02.615+0000] {dag.py:3947} INFO - Setting next_dagrun for global_index_minio to 2026-02-07 00:00:00+00:00, run_after=2026-02-08 00:00:00+00:00
[2026-02-07T09:18:02.637+0000] {processor.py:183} INFO - Processing /opt/airflow/dags/dl_global_index.py took 0.105 seconds
[2026-02-07T09:18:33.528+0000] {processor.py:161} INFO - Started process (PID=1795) to work on /opt/airflow/dags/dl_global_index.py
[2026-02-07T09:18:33.529+0000] {processor.py:830} INFO - Processing file /opt/airflow/dags/dl_global_index.py for tasks to queue
[2026-02-07T09:18:33.530+0000] {logging_mixin.py:188} INFO - [2026-02-07T09:18:33.530+0000] {dagbag.py:545} INFO - Filling up the DagBag from /opt/airflow/dags/dl_global_index.py
[2026-02-07T09:18:33.567+0000] {processor.py:840} INFO - DAG(s) 'global_index_minio' retrieved from /opt/airflow/dags/dl_global_index.py
[2026-02-07T09:18:33.601+0000] {logging_mixin.py:188} INFO - [2026-02-07T09:18:33.601+0000] {dag.py:3089} INFO - Sync 1 DAGs
[2026-02-07T09:18:33.634+0000] {logging_mixin.py:188} INFO - [2026-02-07T09:18:33.634+0000] {dag.py:3947} INFO - Setting next_dagrun for global_index_minio to 2026-02-07 00:00:00+00:00, run_after=2026-02-08 00:00:00+00:00
[2026-02-07T09:18:33.663+0000] {processor.py:183} INFO - Processing /opt/airflow/dags/dl_global_index.py took 0.146 seconds
[2026-02-07T09:19:03.972+0000] {processor.py:161} INFO - Started process (PID=1819) to work on /opt/airflow/dags/dl_global_index.py
[2026-02-07T09:19:03.973+0000] {processor.py:830} INFO - Processing file /opt/airflow/dags/dl_global_index.py for tasks to queue
[2026-02-07T09:19:03.974+0000] {logging_mixin.py:188} INFO - [2026-02-07T09:19:03.974+0000] {dagbag.py:545} INFO - Filling up the DagBag from /opt/airflow/dags/dl_global_index.py
[2026-02-07T09:19:04.021+0000] {processor.py:840} INFO - DAG(s) 'global_index_minio' retrieved from /opt/airflow/dags/dl_global_index.py
[2026-02-07T09:19:04.055+0000] {logging_mixin.py:188} INFO - [2026-02-07T09:19:04.055+0000] {dag.py:3089} INFO - Sync 1 DAGs
[2026-02-07T09:19:04.090+0000] {logging_mixin.py:188} INFO - [2026-02-07T09:19:04.089+0000] {dag.py:3947} INFO - Setting next_dagrun for global_index_minio to 2026-02-07 00:00:00+00:00, run_after=2026-02-08 00:00:00+00:00
[2026-02-07T09:19:04.116+0000] {processor.py:183} INFO - Processing /opt/airflow/dags/dl_global_index.py took 0.154 seconds
[2026-02-07T09:19:34.333+0000] {processor.py:161} INFO - Started process (PID=1843) to work on /opt/airflow/dags/dl_global_index.py
[2026-02-07T09:19:34.334+0000] {processor.py:830} INFO - Processing file /opt/airflow/dags/dl_global_index.py for tasks to queue
[2026-02-07T09:19:34.335+0000] {logging_mixin.py:188} INFO - [2026-02-07T09:19:34.335+0000] {dagbag.py:545} INFO - Filling up the DagBag from /opt/airflow/dags/dl_global_index.py
[2026-02-07T09:19:34.376+0000] {processor.py:840} INFO - DAG(s) 'global_index_minio' retrieved from /opt/airflow/dags/dl_global_index.py
[2026-02-07T09:19:34.406+0000] {logging_mixin.py:188} INFO - [2026-02-07T09:19:34.406+0000] {dag.py:3089} INFO - Sync 1 DAGs
[2026-02-07T09:19:34.429+0000] {logging_mixin.py:188} INFO - [2026-02-07T09:19:34.429+0000] {dag.py:3947} INFO - Setting next_dagrun for global_index_minio to 2026-02-07 00:00:00+00:00, run_after=2026-02-08 00:00:00+00:00
[2026-02-07T09:19:34.449+0000] {processor.py:183} INFO - Processing /opt/airflow/dags/dl_global_index.py took 0.127 seconds
[2026-02-07T09:20:05.306+0000] {processor.py:161} INFO - Started process (PID=1868) to work on /opt/airflow/dags/dl_global_index.py
[2026-02-07T09:20:05.307+0000] {processor.py:830} INFO - Processing file /opt/airflow/dags/dl_global_index.py for tasks to queue
[2026-02-07T09:20:05.308+0000] {logging_mixin.py:188} INFO - [2026-02-07T09:20:05.307+0000] {dagbag.py:545} INFO - Filling up the DagBag from /opt/airflow/dags/dl_global_index.py
[2026-02-07T09:20:05.349+0000] {processor.py:840} INFO - DAG(s) 'global_index_minio' retrieved from /opt/airflow/dags/dl_global_index.py
[2026-02-07T09:20:05.382+0000] {logging_mixin.py:188} INFO - [2026-02-07T09:20:05.382+0000] {dag.py:3089} INFO - Sync 1 DAGs
[2026-02-07T09:20:05.411+0000] {logging_mixin.py:188} INFO - [2026-02-07T09:20:05.411+0000] {dag.py:3947} INFO - Setting next_dagrun for global_index_minio to 2026-02-07 00:00:00+00:00, run_after=2026-02-08 00:00:00+00:00
[2026-02-07T09:20:05.434+0000] {processor.py:183} INFO - Processing /opt/airflow/dags/dl_global_index.py took 0.134 seconds
[2026-02-07T09:20:36.093+0000] {processor.py:161} INFO - Started process (PID=1892) to work on /opt/airflow/dags/dl_global_index.py
[2026-02-07T09:20:36.094+0000] {processor.py:830} INFO - Processing file /opt/airflow/dags/dl_global_index.py for tasks to queue
[2026-02-07T09:20:36.094+0000] {logging_mixin.py:188} INFO - [2026-02-07T09:20:36.094+0000] {dagbag.py:545} INFO - Filling up the DagBag from /opt/airflow/dags/dl_global_index.py
[2026-02-07T09:20:36.123+0000] {processor.py:840} INFO - DAG(s) 'global_index_minio' retrieved from /opt/airflow/dags/dl_global_index.py
[2026-02-07T09:20:36.144+0000] {logging_mixin.py:188} INFO - [2026-02-07T09:20:36.144+0000] {dag.py:3089} INFO - Sync 1 DAGs
[2026-02-07T09:20:36.169+0000] {logging_mixin.py:188} INFO - [2026-02-07T09:20:36.168+0000] {dag.py:3947} INFO - Setting next_dagrun for global_index_minio to 2026-02-07 00:00:00+00:00, run_after=2026-02-08 00:00:00+00:00
[2026-02-07T09:20:36.186+0000] {processor.py:183} INFO - Processing /opt/airflow/dags/dl_global_index.py took 0.098 seconds
[2026-02-07T09:21:06.880+0000] {processor.py:161} INFO - Started process (PID=1916) to work on /opt/airflow/dags/dl_global_index.py
[2026-02-07T09:21:06.881+0000] {processor.py:830} INFO - Processing file /opt/airflow/dags/dl_global_index.py for tasks to queue
[2026-02-07T09:21:06.882+0000] {logging_mixin.py:188} INFO - [2026-02-07T09:21:06.882+0000] {dagbag.py:545} INFO - Filling up the DagBag from /opt/airflow/dags/dl_global_index.py
[2026-02-07T09:21:06.909+0000] {processor.py:840} INFO - DAG(s) 'global_index_minio' retrieved from /opt/airflow/dags/dl_global_index.py
[2026-02-07T09:21:06.931+0000] {logging_mixin.py:188} INFO - [2026-02-07T09:21:06.931+0000] {dag.py:3089} INFO - Sync 1 DAGs
[2026-02-07T09:21:06.951+0000] {logging_mixin.py:188} INFO - [2026-02-07T09:21:06.951+0000] {dag.py:3947} INFO - Setting next_dagrun for global_index_minio to 2026-02-07 00:00:00+00:00, run_after=2026-02-08 00:00:00+00:00
[2026-02-07T09:21:06.968+0000] {processor.py:183} INFO - Processing /opt/airflow/dags/dl_global_index.py took 0.093 seconds
[2026-02-07T09:21:37.821+0000] {processor.py:161} INFO - Started process (PID=1940) to work on /opt/airflow/dags/dl_global_index.py
[2026-02-07T09:21:37.822+0000] {processor.py:830} INFO - Processing file /opt/airflow/dags/dl_global_index.py for tasks to queue
[2026-02-07T09:21:37.823+0000] {logging_mixin.py:188} INFO - [2026-02-07T09:21:37.823+0000] {dagbag.py:545} INFO - Filling up the DagBag from /opt/airflow/dags/dl_global_index.py
[2026-02-07T09:21:37.853+0000] {processor.py:840} INFO - DAG(s) 'global_index_minio' retrieved from /opt/airflow/dags/dl_global_index.py
[2026-02-07T09:21:37.879+0000] {logging_mixin.py:188} INFO - [2026-02-07T09:21:37.878+0000] {dag.py:3089} INFO - Sync 1 DAGs
[2026-02-07T09:21:37.901+0000] {logging_mixin.py:188} INFO - [2026-02-07T09:21:37.900+0000] {dag.py:3947} INFO - Setting next_dagrun for global_index_minio to 2026-02-07 00:00:00+00:00, run_after=2026-02-08 00:00:00+00:00
[2026-02-07T09:21:37.921+0000] {processor.py:183} INFO - Processing /opt/airflow/dags/dl_global_index.py took 0.105 seconds
[2026-02-07T09:22:08.949+0000] {processor.py:161} INFO - Started process (PID=1964) to work on /opt/airflow/dags/dl_global_index.py
[2026-02-07T09:22:08.950+0000] {processor.py:830} INFO - Processing file /opt/airflow/dags/dl_global_index.py for tasks to queue
[2026-02-07T09:22:08.951+0000] {logging_mixin.py:188} INFO - [2026-02-07T09:22:08.951+0000] {dagbag.py:545} INFO - Filling up the DagBag from /opt/airflow/dags/dl_global_index.py
[2026-02-07T09:22:08.985+0000] {processor.py:840} INFO - DAG(s) 'global_index_minio' retrieved from /opt/airflow/dags/dl_global_index.py
[2026-02-07T09:22:09.013+0000] {logging_mixin.py:188} INFO - [2026-02-07T09:22:09.013+0000] {dag.py:3089} INFO - Sync 1 DAGs
[2026-02-07T09:22:09.041+0000] {logging_mixin.py:188} INFO - [2026-02-07T09:22:09.041+0000] {dag.py:3947} INFO - Setting next_dagrun for global_index_minio to 2026-02-07 00:00:00+00:00, run_after=2026-02-08 00:00:00+00:00
[2026-02-07T09:22:09.066+0000] {processor.py:183} INFO - Processing /opt/airflow/dags/dl_global_index.py took 0.123 seconds
[2026-02-07T09:22:39.638+0000] {processor.py:161} INFO - Started process (PID=1989) to work on /opt/airflow/dags/dl_global_index.py
[2026-02-07T09:22:39.639+0000] {processor.py:830} INFO - Processing file /opt/airflow/dags/dl_global_index.py for tasks to queue
[2026-02-07T09:22:39.640+0000] {logging_mixin.py:188} INFO - [2026-02-07T09:22:39.639+0000] {dagbag.py:545} INFO - Filling up the DagBag from /opt/airflow/dags/dl_global_index.py
[2026-02-07T09:22:39.672+0000] {processor.py:840} INFO - DAG(s) 'global_index_minio' retrieved from /opt/airflow/dags/dl_global_index.py
[2026-02-07T09:22:39.697+0000] {logging_mixin.py:188} INFO - [2026-02-07T09:22:39.697+0000] {dag.py:3089} INFO - Sync 1 DAGs
[2026-02-07T09:22:39.720+0000] {logging_mixin.py:188} INFO - [2026-02-07T09:22:39.720+0000] {dag.py:3947} INFO - Setting next_dagrun for global_index_minio to 2026-02-07 00:00:00+00:00, run_after=2026-02-08 00:00:00+00:00
[2026-02-07T09:22:39.736+0000] {processor.py:183} INFO - Processing /opt/airflow/dags/dl_global_index.py took 0.104 seconds
[2026-02-07T09:23:10.144+0000] {processor.py:161} INFO - Started process (PID=2010) to work on /opt/airflow/dags/dl_global_index.py
[2026-02-07T09:23:10.144+0000] {processor.py:830} INFO - Processing file /opt/airflow/dags/dl_global_index.py for tasks to queue
[2026-02-07T09:23:10.145+0000] {logging_mixin.py:188} INFO - [2026-02-07T09:23:10.145+0000] {dagbag.py:545} INFO - Filling up the DagBag from /opt/airflow/dags/dl_global_index.py
[2026-02-07T09:23:10.179+0000] {processor.py:840} INFO - DAG(s) 'global_index_minio' retrieved from /opt/airflow/dags/dl_global_index.py
[2026-02-07T09:23:10.206+0000] {logging_mixin.py:188} INFO - [2026-02-07T09:23:10.205+0000] {dag.py:3089} INFO - Sync 1 DAGs
[2026-02-07T09:23:10.234+0000] {logging_mixin.py:188} INFO - [2026-02-07T09:23:10.234+0000] {dag.py:3947} INFO - Setting next_dagrun for global_index_minio to 2026-02-07 00:00:00+00:00, run_after=2026-02-08 00:00:00+00:00
[2026-02-07T09:23:10.256+0000] {processor.py:183} INFO - Processing /opt/airflow/dags/dl_global_index.py took 0.120 seconds
[2026-02-07T09:23:40.459+0000] {processor.py:161} INFO - Started process (PID=2031) to work on /opt/airflow/dags/dl_global_index.py
[2026-02-07T09:23:40.460+0000] {processor.py:830} INFO - Processing file /opt/airflow/dags/dl_global_index.py for tasks to queue
[2026-02-07T09:23:40.461+0000] {logging_mixin.py:188} INFO - [2026-02-07T09:23:40.460+0000] {dagbag.py:545} INFO - Filling up the DagBag from /opt/airflow/dags/dl_global_index.py
[2026-02-07T09:23:40.486+0000] {processor.py:840} INFO - DAG(s) 'global_index_minio' retrieved from /opt/airflow/dags/dl_global_index.py
[2026-02-07T09:23:40.507+0000] {logging_mixin.py:188} INFO - [2026-02-07T09:23:40.507+0000] {dag.py:3089} INFO - Sync 1 DAGs
[2026-02-07T09:23:40.527+0000] {logging_mixin.py:188} INFO - [2026-02-07T09:23:40.527+0000] {dag.py:3947} INFO - Setting next_dagrun for global_index_minio to 2026-02-07 00:00:00+00:00, run_after=2026-02-08 00:00:00+00:00
[2026-02-07T09:23:40.549+0000] {processor.py:183} INFO - Processing /opt/airflow/dags/dl_global_index.py took 0.095 seconds
[2026-02-07T12:35:56.182+0000] {processor.py:161} INFO - Started process (PID=79) to work on /opt/airflow/dags/dl_global_index.py
[2026-02-07T12:35:56.186+0000] {processor.py:830} INFO - Processing file /opt/airflow/dags/dl_global_index.py for tasks to queue
[2026-02-07T12:35:56.192+0000] {logging_mixin.py:188} INFO - [2026-02-07T12:35:56.189+0000] {dagbag.py:545} INFO - Filling up the DagBag from /opt/airflow/dags/dl_global_index.py
[2026-02-07T12:35:56.339+0000] {processor.py:840} INFO - DAG(s) 'global_index_minio' retrieved from /opt/airflow/dags/dl_global_index.py
[2026-02-07T12:35:56.682+0000] {logging_mixin.py:188} INFO - [2026-02-07T12:35:56.682+0000] {dag.py:3089} INFO - Sync 1 DAGs
[2026-02-07T12:35:56.802+0000] {logging_mixin.py:188} INFO - [2026-02-07T12:35:56.801+0000] {dag.py:3947} INFO - Setting next_dagrun for global_index_minio to 2026-02-07 00:00:00+00:00, run_after=2026-02-08 00:00:00+00:00
[2026-02-07T12:35:56.908+0000] {processor.py:183} INFO - Processing /opt/airflow/dags/dl_global_index.py took 0.815 seconds
[2026-02-07T12:36:27.803+0000] {processor.py:161} INFO - Started process (PID=100) to work on /opt/airflow/dags/dl_global_index.py
[2026-02-07T12:36:27.804+0000] {processor.py:830} INFO - Processing file /opt/airflow/dags/dl_global_index.py for tasks to queue
[2026-02-07T12:36:27.805+0000] {logging_mixin.py:188} INFO - [2026-02-07T12:36:27.804+0000] {dagbag.py:545} INFO - Filling up the DagBag from /opt/airflow/dags/dl_global_index.py
[2026-02-07T12:36:27.837+0000] {processor.py:840} INFO - DAG(s) 'global_index_minio' retrieved from /opt/airflow/dags/dl_global_index.py
[2026-02-07T12:36:27.864+0000] {logging_mixin.py:188} INFO - [2026-02-07T12:36:27.864+0000] {dag.py:3089} INFO - Sync 1 DAGs
[2026-02-07T12:36:27.885+0000] {logging_mixin.py:188} INFO - [2026-02-07T12:36:27.885+0000] {dag.py:3947} INFO - Setting next_dagrun for global_index_minio to 2026-02-07 00:00:00+00:00, run_after=2026-02-08 00:00:00+00:00
[2026-02-07T12:36:27.912+0000] {processor.py:183} INFO - Processing /opt/airflow/dags/dl_global_index.py took 0.114 seconds
[2026-02-07T12:36:58.711+0000] {processor.py:161} INFO - Started process (PID=121) to work on /opt/airflow/dags/dl_global_index.py
[2026-02-07T12:36:58.711+0000] {processor.py:830} INFO - Processing file /opt/airflow/dags/dl_global_index.py for tasks to queue
[2026-02-07T12:36:58.712+0000] {logging_mixin.py:188} INFO - [2026-02-07T12:36:58.712+0000] {dagbag.py:545} INFO - Filling up the DagBag from /opt/airflow/dags/dl_global_index.py
[2026-02-07T12:36:58.740+0000] {processor.py:840} INFO - DAG(s) 'global_index_minio' retrieved from /opt/airflow/dags/dl_global_index.py
[2026-02-07T12:36:58.768+0000] {logging_mixin.py:188} INFO - [2026-02-07T12:36:58.768+0000] {dag.py:3089} INFO - Sync 1 DAGs
[2026-02-07T12:36:58.792+0000] {logging_mixin.py:188} INFO - [2026-02-07T12:36:58.792+0000] {dag.py:3947} INFO - Setting next_dagrun for global_index_minio to 2026-02-07 00:00:00+00:00, run_after=2026-02-08 00:00:00+00:00
[2026-02-07T12:36:58.811+0000] {processor.py:183} INFO - Processing /opt/airflow/dags/dl_global_index.py took 0.108 seconds
[2026-02-07T12:37:29.237+0000] {processor.py:161} INFO - Started process (PID=142) to work on /opt/airflow/dags/dl_global_index.py
[2026-02-07T12:37:29.237+0000] {processor.py:830} INFO - Processing file /opt/airflow/dags/dl_global_index.py for tasks to queue
[2026-02-07T12:37:29.238+0000] {logging_mixin.py:188} INFO - [2026-02-07T12:37:29.238+0000] {dagbag.py:545} INFO - Filling up the DagBag from /opt/airflow/dags/dl_global_index.py
[2026-02-07T12:37:29.277+0000] {processor.py:840} INFO - DAG(s) 'global_index_minio' retrieved from /opt/airflow/dags/dl_global_index.py
[2026-02-07T12:37:29.304+0000] {logging_mixin.py:188} INFO - [2026-02-07T12:37:29.304+0000] {dag.py:3089} INFO - Sync 1 DAGs
[2026-02-07T12:37:29.331+0000] {logging_mixin.py:188} INFO - [2026-02-07T12:37:29.331+0000] {dag.py:3947} INFO - Setting next_dagrun for global_index_minio to 2026-02-07 00:00:00+00:00, run_after=2026-02-08 00:00:00+00:00
[2026-02-07T12:37:29.350+0000] {processor.py:183} INFO - Processing /opt/airflow/dags/dl_global_index.py took 0.119 seconds
[2026-02-07T12:37:59.766+0000] {processor.py:161} INFO - Started process (PID=163) to work on /opt/airflow/dags/dl_global_index.py
[2026-02-07T12:37:59.767+0000] {processor.py:830} INFO - Processing file /opt/airflow/dags/dl_global_index.py for tasks to queue
[2026-02-07T12:37:59.768+0000] {logging_mixin.py:188} INFO - [2026-02-07T12:37:59.768+0000] {dagbag.py:545} INFO - Filling up the DagBag from /opt/airflow/dags/dl_global_index.py
[2026-02-07T12:37:59.816+0000] {processor.py:840} INFO - DAG(s) 'global_index_minio' retrieved from /opt/airflow/dags/dl_global_index.py
[2026-02-07T12:37:59.849+0000] {logging_mixin.py:188} INFO - [2026-02-07T12:37:59.849+0000] {dag.py:3089} INFO - Sync 1 DAGs
[2026-02-07T12:37:59.891+0000] {logging_mixin.py:188} INFO - [2026-02-07T12:37:59.890+0000] {dag.py:3947} INFO - Setting next_dagrun for global_index_minio to 2026-02-07 00:00:00+00:00, run_after=2026-02-08 00:00:00+00:00
[2026-02-07T12:37:59.930+0000] {processor.py:183} INFO - Processing /opt/airflow/dags/dl_global_index.py took 0.175 seconds
[2026-02-07T12:38:30.468+0000] {processor.py:161} INFO - Started process (PID=185) to work on /opt/airflow/dags/dl_global_index.py
[2026-02-07T12:38:30.469+0000] {processor.py:830} INFO - Processing file /opt/airflow/dags/dl_global_index.py for tasks to queue
[2026-02-07T12:38:30.470+0000] {logging_mixin.py:188} INFO - [2026-02-07T12:38:30.469+0000] {dagbag.py:545} INFO - Filling up the DagBag from /opt/airflow/dags/dl_global_index.py
[2026-02-07T12:38:30.505+0000] {processor.py:840} INFO - DAG(s) 'global_index_minio' retrieved from /opt/airflow/dags/dl_global_index.py
[2026-02-07T12:38:30.533+0000] {logging_mixin.py:188} INFO - [2026-02-07T12:38:30.533+0000] {dag.py:3089} INFO - Sync 1 DAGs
[2026-02-07T12:38:30.558+0000] {logging_mixin.py:188} INFO - [2026-02-07T12:38:30.558+0000] {dag.py:3947} INFO - Setting next_dagrun for global_index_minio to 2026-02-07 00:00:00+00:00, run_after=2026-02-08 00:00:00+00:00
[2026-02-07T12:38:30.583+0000] {processor.py:183} INFO - Processing /opt/airflow/dags/dl_global_index.py took 0.121 seconds
[2026-02-07T12:39:00.963+0000] {processor.py:161} INFO - Started process (PID=206) to work on /opt/airflow/dags/dl_global_index.py
[2026-02-07T12:39:00.964+0000] {processor.py:830} INFO - Processing file /opt/airflow/dags/dl_global_index.py for tasks to queue
[2026-02-07T12:39:00.965+0000] {logging_mixin.py:188} INFO - [2026-02-07T12:39:00.965+0000] {dagbag.py:545} INFO - Filling up the DagBag from /opt/airflow/dags/dl_global_index.py
[2026-02-07T12:39:00.994+0000] {processor.py:840} INFO - DAG(s) 'global_index_minio' retrieved from /opt/airflow/dags/dl_global_index.py
[2026-02-07T12:39:01.017+0000] {logging_mixin.py:188} INFO - [2026-02-07T12:39:01.017+0000] {dag.py:3089} INFO - Sync 1 DAGs
[2026-02-07T12:39:01.038+0000] {logging_mixin.py:188} INFO - [2026-02-07T12:39:01.038+0000] {dag.py:3947} INFO - Setting next_dagrun for global_index_minio to 2026-02-07 00:00:00+00:00, run_after=2026-02-08 00:00:00+00:00
[2026-02-07T12:39:01.056+0000] {processor.py:183} INFO - Processing /opt/airflow/dags/dl_global_index.py took 0.099 seconds
[2026-02-07T12:39:31.253+0000] {processor.py:161} INFO - Started process (PID=227) to work on /opt/airflow/dags/dl_global_index.py
[2026-02-07T12:39:31.253+0000] {processor.py:830} INFO - Processing file /opt/airflow/dags/dl_global_index.py for tasks to queue
[2026-02-07T12:39:31.254+0000] {logging_mixin.py:188} INFO - [2026-02-07T12:39:31.254+0000] {dagbag.py:545} INFO - Filling up the DagBag from /opt/airflow/dags/dl_global_index.py
[2026-02-07T12:39:31.287+0000] {processor.py:840} INFO - DAG(s) 'global_index_minio' retrieved from /opt/airflow/dags/dl_global_index.py
[2026-02-07T12:39:31.315+0000] {logging_mixin.py:188} INFO - [2026-02-07T12:39:31.314+0000] {dag.py:3089} INFO - Sync 1 DAGs
[2026-02-07T12:39:31.337+0000] {logging_mixin.py:188} INFO - [2026-02-07T12:39:31.336+0000] {dag.py:3947} INFO - Setting next_dagrun for global_index_minio to 2026-02-07 00:00:00+00:00, run_after=2026-02-08 00:00:00+00:00
[2026-02-07T12:39:31.355+0000] {processor.py:183} INFO - Processing /opt/airflow/dags/dl_global_index.py took 0.108 seconds
[2026-02-07T12:40:01.621+0000] {processor.py:161} INFO - Started process (PID=248) to work on /opt/airflow/dags/dl_global_index.py
[2026-02-07T12:40:01.622+0000] {processor.py:830} INFO - Processing file /opt/airflow/dags/dl_global_index.py for tasks to queue
[2026-02-07T12:40:01.622+0000] {logging_mixin.py:188} INFO - [2026-02-07T12:40:01.622+0000] {dagbag.py:545} INFO - Filling up the DagBag from /opt/airflow/dags/dl_global_index.py
[2026-02-07T12:40:01.652+0000] {processor.py:840} INFO - DAG(s) 'global_index_minio' retrieved from /opt/airflow/dags/dl_global_index.py
[2026-02-07T12:40:01.676+0000] {logging_mixin.py:188} INFO - [2026-02-07T12:40:01.676+0000] {dag.py:3089} INFO - Sync 1 DAGs
[2026-02-07T12:40:01.699+0000] {logging_mixin.py:188} INFO - [2026-02-07T12:40:01.699+0000] {dag.py:3947} INFO - Setting next_dagrun for global_index_minio to 2026-02-07 00:00:00+00:00, run_after=2026-02-08 00:00:00+00:00
[2026-02-07T12:40:01.718+0000] {processor.py:183} INFO - Processing /opt/airflow/dags/dl_global_index.py took 0.102 seconds
[2026-02-07T12:40:31.987+0000] {processor.py:161} INFO - Started process (PID=269) to work on /opt/airflow/dags/dl_global_index.py
[2026-02-07T12:40:31.988+0000] {processor.py:830} INFO - Processing file /opt/airflow/dags/dl_global_index.py for tasks to queue
[2026-02-07T12:40:31.989+0000] {logging_mixin.py:188} INFO - [2026-02-07T12:40:31.988+0000] {dagbag.py:545} INFO - Filling up the DagBag from /opt/airflow/dags/dl_global_index.py
[2026-02-07T12:40:32.020+0000] {processor.py:840} INFO - DAG(s) 'global_index_minio' retrieved from /opt/airflow/dags/dl_global_index.py
[2026-02-07T12:40:32.043+0000] {logging_mixin.py:188} INFO - [2026-02-07T12:40:32.043+0000] {dag.py:3089} INFO - Sync 1 DAGs
[2026-02-07T12:40:32.064+0000] {logging_mixin.py:188} INFO - [2026-02-07T12:40:32.064+0000] {dag.py:3947} INFO - Setting next_dagrun for global_index_minio to 2026-02-07 00:00:00+00:00, run_after=2026-02-08 00:00:00+00:00
[2026-02-07T12:40:32.086+0000] {processor.py:183} INFO - Processing /opt/airflow/dags/dl_global_index.py took 0.106 seconds
[2026-02-07T12:41:02.504+0000] {processor.py:161} INFO - Started process (PID=290) to work on /opt/airflow/dags/dl_global_index.py
[2026-02-07T12:41:02.505+0000] {processor.py:830} INFO - Processing file /opt/airflow/dags/dl_global_index.py for tasks to queue
[2026-02-07T12:41:02.506+0000] {logging_mixin.py:188} INFO - [2026-02-07T12:41:02.505+0000] {dagbag.py:545} INFO - Filling up the DagBag from /opt/airflow/dags/dl_global_index.py
[2026-02-07T12:41:02.533+0000] {processor.py:840} INFO - DAG(s) 'global_index_minio' retrieved from /opt/airflow/dags/dl_global_index.py
[2026-02-07T12:41:02.558+0000] {logging_mixin.py:188} INFO - [2026-02-07T12:41:02.558+0000] {dag.py:3089} INFO - Sync 1 DAGs
[2026-02-07T12:41:02.579+0000] {logging_mixin.py:188} INFO - [2026-02-07T12:41:02.578+0000] {dag.py:3947} INFO - Setting next_dagrun for global_index_minio to 2026-02-07 00:00:00+00:00, run_after=2026-02-08 00:00:00+00:00
[2026-02-07T12:41:02.599+0000] {processor.py:183} INFO - Processing /opt/airflow/dags/dl_global_index.py took 0.100 seconds
[2026-02-07T12:41:33.052+0000] {processor.py:161} INFO - Started process (PID=311) to work on /opt/airflow/dags/dl_global_index.py
[2026-02-07T12:41:33.053+0000] {processor.py:830} INFO - Processing file /opt/airflow/dags/dl_global_index.py for tasks to queue
[2026-02-07T12:41:33.054+0000] {logging_mixin.py:188} INFO - [2026-02-07T12:41:33.054+0000] {dagbag.py:545} INFO - Filling up the DagBag from /opt/airflow/dags/dl_global_index.py
[2026-02-07T12:41:33.088+0000] {processor.py:840} INFO - DAG(s) 'global_index_minio' retrieved from /opt/airflow/dags/dl_global_index.py
[2026-02-07T12:41:33.117+0000] {logging_mixin.py:188} INFO - [2026-02-07T12:41:33.117+0000] {dag.py:3089} INFO - Sync 1 DAGs
[2026-02-07T12:41:33.139+0000] {logging_mixin.py:188} INFO - [2026-02-07T12:41:33.139+0000] {dag.py:3947} INFO - Setting next_dagrun for global_index_minio to 2026-02-07 00:00:00+00:00, run_after=2026-02-08 00:00:00+00:00
[2026-02-07T12:41:33.160+0000] {processor.py:183} INFO - Processing /opt/airflow/dags/dl_global_index.py took 0.114 seconds
