#.^Œ¹T*4’õ˜ÙG€lþ”PÆÍcý¡Í2÷Rticker,trading_date,open,high,low,close,volume
DHG,2007-03-02,10.15,10.64,10.15,10.45,24800
DHG,2007-03-05,10.45,10.45,10.26,10.45,34830
DHG,2007-03-06,10.45,10.82,10.08,10.82,36600
DHG,2007-03-07,10.82,10.82,10.82,10.82,8850
DHG,2007-03-08,10.82,10.82,10.45,10.45,1950
DHG,2007-03-09,10.45,10.79,10.45,10.45,18880
DHG,2007-03-12,9.93,10.38,9.93,10.38,4620
DHG,2007-03-13,10.45,10.45,10.08,10.08,5200
DHG,2007-03-14,9.7,9.74,9.7,9.74,1630
DHG,2007-03-15,9.7,9.7,9.7,9.7,5220
DHG,2007-03-16,10.19,10.19,9.33,9.33,21900
DHG,2007-03-19,9.78,9.78,9.78,9.78,11300
DHG,2007-03-20,10.26,10.26,10.26,10.26,8800
DHG,2007-03-21,10.26,10.45,10.26,10.45,5570
DHG,2007-03-22,10.45,10.45,10.08,10.08,1610
DHG,2007-03-23,9.7,9.7,9.7,9.7,12800
DHG,2007-03-26,9.52,9.52,9.48,9.48,15510
DHG,2007-03-27,9.48,9.48,9.48,9.48,7100
DHG,2007-03-28,9.41,9.41,9.33,9.41,9290
DHG,2007-03-29,9.85,9.85,9.67,9.67,26110
DHG,2007-03-30,9.67,9.82,9.67,9.82,48180
DHG,2007-04-02,9.7,9.82,9.7,9.82,36500
DHG,2007-04-03,9.63,9.7,9.63,9.7,22040
DHG,2007-04-04,9.7,9.7,9.7,9.7,20390
DHG,2007-04-05,9.82,9.82,9.63,9.63,3820
DHG,2007-04-06,9.67,9.67,9.33,9.67,3090
DHG,2007-04-09,9.67,9.67,9.63,9.63,4870
DHG,2007-04-10,9.7,9.74,9.59,9.74,23900
DHG,2007-04-11,9.89,10.08,9.89,10.08,16650
DHG,2007-04-12,10.26,10.26,10.08,10.08,14810
DHG,2007-04-13,9.74,9.74,9.74,9.74,13600
DHG,2007-04-16,9.74,9.74,9.67,9.67,4890
DHG,2007-04-17,9.52,9.52,9.52,9.52,33360
DHG,2007-04-18,9.52,9.52,9.52,9.52,33720
DHG,2007-04-19,9.52,9.67,9.52,9.52,10220
DHG,2007-04-20,9.67,9.67,9.29,9.29,5530
DHG,2007-04-23,9.48,9.48,8.85,8.96,17890
DHG,2007-04-24,9.33,9.33,8.58,8.62,6130
DHG,2007-04-25,8.85,8.85,8.77,8.77,4910
DHG,2007-05-02,8.77,8.92,8.77,8.77,10740
DHG,2007-05-03,9.14,9.14,9.14,9.14,3650
DHG,2007-05-04,9.33,9.33,9.14,9.14,4830
DHG,2007-05-07,9.59,9.59,9.59,9.59,11070
DHG,2007-05-08,10.04,10.04,10.04,10.04,12840
DHG,2007-05-09,10.53,10.53,10.26,10.26,48890
DHG,2007-05-10,10.26,10.26,10.08,10.08,7000
DHG,2007-05-11,9.95,10.28,9.95,10.28,23920
DHG,2007-05-14,10.47,10.47,10.43,10.43,15590
DHG,2007-05-15,10.47,10.47,10.32,10.32,7490
DHG,2007-05-16,9.95,10.25,9.95,10.1,5160
DHG,2007-05-17,10.1,10.1,10.1,10.1,8620
DHG,2007-05-18,10.1,10.28,10.1,10.28,7980
DHG,2007-05-21,10.43,10.54,10.43,10.54,48880
DHG,2007-05-22,11.07,11.07,11.07,11.07,57300
DHG,2007-05-23,11.59,11.59,11.59,11.59,57950
DHG,2007-05-24,11.22,11.22,11.22,11.22,28460
DHG,2007-05-25,10.84,11.14,10.84,11.14,18390
DHG,2007-05-28,11.41,11.44,11.41,11.44,41300
DHG,2007-05-29,11.44,11.48,11.44,11.48,35420
DHG,2007-05-30,11.48,11.48,11.41,11.41,32830
DHG,2007-05-31,11.41,11.59,11.41,11.59,31280
DHG,2007-06-01,11.59,11.97,11.59,11.97,61720
DHG,2007-06-04,12.15,12.53,12.15,12.45,39080
DHG,2007-06-05,12.45,12.71,12.45,12.71,62530
DHG,2007-06-06,12.71,12.71,12.15,12.15,8000
DHG,2007-06-07,12.74,12.74,12.74,12.74,20650
DHG,2007-06-08,12.74,12.74,12.74,12.74,32710
DHG,2007-06-11,12.74,13.34,12.74,12.74,24320
DHG,2007-06-12,13.22,13.22,12.74,12.74,17320
DHG,2007-06-13,13.22,13.22,12.82,12.82,22840
DHG,2007-06-14,13.22,13.42,13.22,13.42,36100
DHG,2007-06-15,13.82,14.06,13.82,14.06,55700
DHG,2007-06-18,14.62,14.74,14.62,14.74,48130
DHG,2007-06-19,15.46,15.46,15.46,15.46,41150
DHG,2007-06-20,15.46,15.46,15.22,15.22,25650
DHG,2007-06-21,14.74,14.74,14.46,14.46,14070
DHG,2007-06-22,14.46,15.14,14.46,15.14,51320
DHG,2007-06-25,15.86,15.86,15.86,15.86,43280
DHG,2007-06-26,16.38,16.38,16.38,16.38,10050
DHG,2007-06-27,16.42,16.42,16.38,16.38,19470
DHG,2007-06-28,16.02,16.62,16.02,16.62,35110
DHG,2007-06-29,16.82,17.42,16.82,17.42,68330
DHG,2007-07-02,17.42,17.42,17.42,17.42,27660
DHG,2007-07-03,16.62,16.62,16.58,16.58,2490
DHG,2007-07-04,17.22,17.22,16.82,16.82,18910
DHG,2007-07-05,16.82,16.82,16.82,16.82,18740
DHG,2007-07-06,16.42,16.42,16.42,16.42,11660
DHG,2007-07-09,16.22,16.62,16.18,16.62,5280
DHG,2007-07-10,16.82,17.34,16.82,17.34,22210
DHG,2007-07-11,18.18,18.18,18.18,18.18,57540
DHG,2007-07-12,18.82,18.82,17.82,17.82,9340
DHG,2007-07-13,17.62,17.62,17.14,17.14,10180
DHG,2007-07-16,17.14,17.14,16.5,16.5,9730
DHG,2007-07-17,16.5,16.5,16.46,16.46,18420
DHG,2007-07-18,16.42,16.42,16.42,16.42,13510
DHG,2007-07-19,16.02,16.02,15.86,15.86,12120
DHG,2007-07-20,15.54,15.54,15.1,15.22,16220
DHG,2007-07-23,15.22,15.98,15.22,15.98,4380
DHG,2007-07-24,16.74,16.74,15.98,15.98,28680
DHG,2007-07-25,15.7,16.34,15.62,16.34,22690
DHG,2007-07-26,16.34,16.34,15.54,15.54,3110
DHG,2007-07-27,15.62,15.62,15.62,15.62,5870
DHG,2007-07-30,15.82,15.62,14.86,15.62,8090
DHG,2007-07-31,15.62,15.62,15.22,15.62,11810
DHG,2007-08-01,15.62,15.82,15.62,15.62,13580
DHG,2007-08-02,15.62,15.62,15.54,15.58,5660
DHG,2007-08-03,15.46,15.58,15.42,15.46,5050
DHG,2007-08-06,15.54,15.46,15.22,15.22,4360
DHG,2007-08-07,15.62,15.98,15.22,15.98,49530
DHG,2007-08-08,15.98,16.18,15.94,16.02,6780
DHG,2007-08-09,16.02,16.02,16.02,16.02,7620
DHG,2007-08-10,16.02,16.02,15.46,16.02,9740
DHG,2007-08-13,15.62,15.62,15.54,15.54,5640
DHG,2007-08-14,15.62,16.22,15.58,15.62,16560
DHG,2007-08-15,16.42,16.42,15.62,15.62,2270
DHG,2007-08-16,15.46,15.58,15.46,15.5,9310
DHG,2007-08-17,15.82,17.18,15.22,15.3,14010
DHG,2007-08-20,15.62,15.62,15.62,15.62,12160
DHG,2007-08-21,15.82,15.82,15.62,15.82,6450
DHG,2007-08-22,15.62,15.78,15.62,15.62,4820
DHG,2007-08-23,15.62,15.62,15.42,15.62,4720
DHG,2007-08-24,15.62,15.7,15.58,15.7,8280
DHG,2007-08-27,15.62,15.7,15.62,15.62,13760
DHG,2007-08-28,15.54,15.62,15.54,15.54,2430
DHG,2007-08-29,15.54,15.58,15.42,15.54,15410
DHG,2007-08-30,15.5,15.54,15.5,15.5,5530
DHG,2007-08-31,15.54,15.54,15.42,15.54,5480
DHG,2007-09-04,15.62,15.62,15.42,15.62,9790
DHG,2007-09-05,15.62,15.62,15.46,15.62,12210
DHG,2007-09-06,15.62,15.62,15.54,15.54,15510
DHG,2007-09-07,15.46,15.58,15.46,15.54,11290
DHG,2007-09-10,15.54,15.54,15.42,15.42,9840
DHG,2007-09-11,15.3,15.42,15.22,15.22,21040
DHG,2007-09-12,15.46,15.54,15.46,15.54,24910
DHG,2007-09-13,15.42,15.42,15.42,15.42,1850
DHG,2007-09-14,15.5,15.5,15.42,15.42,2780
DHG,2007-09-17,15.42,15.42,15.38,15.42,1750
DHG,2007-09-18,15.34,15.42,15.3,15.38,7850
DHG,2007-09-19,15.38,15.38,15.26,15.38,2260
DHG,2007-09-20,15.42,15.54,15.38,15.54,13610
DHG,2007-09-21,15.54,15.54,15.42,15.5,4430
DHG,2007-09-24,15.54,15.54,15.22,15.46,3350
DHG,2007-09-25,15.5,15.54,15.46,15.5,13020
DHG,2007-09-26,15.62,15.82,15.54,15.54,13960
DHG,2007-09-27,15.54,15.54,15.5,15.54,5510
DHG,2007-09-28,15.54,16.3,15.54,16.02,43660
DHG,2007-10-01,16.38,16.78,16.14,16.78,37960
DHG,2007-10-02,17.22,17.22,16.42,16.78,9570
DHG,2007-10-03,16.3,16.82,16.3,16.82,22620
DHG,2007-10-04,16.82,16.82,15.98,15.98,39570
DHG,2007-10-05,15.98,16.74,15.98,16.74,17280
DHG,2007-10-08,16.3,16.74,16.3,16.58,16930
DHG,2007-10-09,16.58,16.62,16.1,16.62,44870
DHG,2007-10-10,16.78,16.78,16.62,16.62,19300
DHG,2007-10-11,16.5,16.82,16.46,16.5,28550
DHG,2007-10-12,17.26,17.3,16.98,17.3,66020
DHG,2007-10-15,18.14,18.14,18.1,18.14,27330
DHG,2007-10-16,18.98,19.02,18.42,18.82,29320
DHG,2007-10-17,18.42,18.54,18.3,18.3,19670
DHG,2007-10-18,18.22,18.22,17.66,18.02,35690
DHG,2007-10-19,17.62,18.1,17.62,18.1,24020
DHG,2007-10-22,18.02,18.38,18.02,18.22,25050
DHG,2007-10-23,18.34,18.34,17.98,17.98,64120
DHG,2007-10-24,18.32,18.4,18.2,18.4,9600
DHG,2007-10-25,18.4,18.4,17.88,17.88,30460
DHG,2007-10-26,18.08,18.76,18.04,18.76,42600
DHG,2007-10-29,18.76,18.76,18.2,18.2,32090
DHG,2007-10-30,18.48,19.09,18.48,19.09,69350
DHG,2007-10-31,20.01,20.01,20.01,20.01,25210
DHG,2007-11-01,20.97,20.97,20.97,20.97,19300
DHG,2007-11-02,22.02,22.02,21.02,22.02,248630
DHG,2007-11-05,22.26,22.42,22.02,22.22,76650
DHG,2007-11-06,22.26,22.26,21.9,21.9,68400
DHG,2007-11-07,20.89,21.3,20.81,20.81,71400
DHG,2007-11-08,21.3,21.3,20.89,20.97,73620
DHG,2007-11-09,20.89,20.89,20.57,20.57,41360
DHG,2007-11-12,20.57,20.65,20.49,20.65,56090
DHG,2007-11-13,21.62,21.62,19.93,19.93,108210
DHG,2007-11-14,20.81,20.89,20.81,20.89,60010
DHG,2007-11-15,21.7,21.7,21.06,21.46,86770
DHG,2007-11-16,21.62,21.62,21.46,21.62,68960
DHG,2007-11-19,21.7,21.78,21.54,21.62,37650
DHG,2007-11-20,20.89,21.62,20.89,21.06,29930
DHG,2007-11-21,20.57,20.73,20.49,20.65,28720
DHG,2007-11-22,20.65,20.89,20.65,20.73,13540
DHG,2007-11-23,20.73,20.73,20.09,20.33,19970
DHG,2007-11-26,20.41,20.49,20.09,20.41,13680
DHG,2007-11-27,20.41,20.81,20.33,20.81,38250
DHG,2007-11-28,20.89,21.3,20.81,21.3,48710
DHG,2007-11-29,20.73,21.3,20.73,21.06,38440
DHG,2007-11-30,20.89,21.06,20.81,20.81,27280
DHG,2007-12-03,21.14,21.14,20.81,20.89,33700
DHG,2007-12-04,20.89,20.97,20.81,20.81,22880
DHG,2007-12-05,20.73,20.73,20.49,20.49,13010
DHG,2007-12-06,20.81,20.81,20.57,20.57,21160
DHG,2007-12-07,20.57,20.57,20.49,20.49,8550
DHG,2007-12-10,20.25,20.25,19.93,20.01,16290
DHG,2007-12-11,20.01,20.01,19.53,19.53,10450
DHG,2007-12-12,19.21,20.09,19.21,19.45,21240
DHG,2007-12-13,19.29,19.29,19.13,19.13,16730
DHG,2007-12-14,18.89,18.89,18.48,18.48,17140
DHG,2007-12-17,18.48,18.48,17.6,17.6,54230
DHG,2007-12-18,17.04,17.36,17.04,17.04,52480
DHG,2007-12-19,17.44,17.84,17.44,17.84,20060
DHG,2007-12-20,18.24,18.24,17.68,18.0,43180
DHG,2007-12-21,18.0,18.0,17.84,17.84,29800
DHG,2007-12-24,17.76,18.48,17.44,18.48,20060
DHG,2007-12-25,18.48,18.48,17.84,18.0,7390
DHG,2007-12-26,18.0,18.16,17.84,18.0,21070
DHG,2007-12-27,17.92,18.81,17.84,18.81,37120
DHG,2007-12-28,18.16,18.81,18.16,18.81,59160
DHG,2008-01-02,18.97,18.97,18.24,18.24,33450
DHG,2008-01-03,18.08,18.08,17.84,17.84,23490
DHG,2008-01-04,17.84,18.0,17.76,17.92,8900
DHG,2008-01-07,18.0,18.0,17.04,17.28,31430
DHG,2008-01-08,17.68,17.68,17.36,17.52,38080
DHG,2008-01-09,17.36,17.44,17.04,17.04,23670
DHG,2008-01-10,16.72,16.8,16.31,16.47,68050
DHG,2008-01-11,16.72,16.96,16.72,16.72,74910
DHG,2008-01-14,16.72,16.72,16.47,16.47,49890
DHG,2008-01-15,16.47,16.47,15.83,15.83,54220
DHG,2008-01-16,16.47,16.55,16.47,16.55,78910
DHG,2008-01-17,16.8,16.8,16.23,16.31,63870
DHG,2008-01-18,16.07,16.47,16.07,16.47,35740
DHG,2008-01-21,16.55,16.55,16.39,16.47,45010
DHG,2008-01-22,16.15,16.15,15.99,16.15,35800
DHG,2008-01-23,15.67,15.83,15.35,15.35,45410
DHG,2008-01-24,15.35,15.83,15.27,15.27,43450
DHG,2008-01-25,14.79,15.27,14.87,15.19,21040
DHG,2008-01-28,15.03,15.19,14.95,15.19,28950
DHG,2008-01-29,15.27,15.83,15.19,15.83,44090
DHG,2008-01-30,16.55,16.55,16.47,16.55,86430
DHG,2008-01-31,16.55,16.55,15.83,16.55,44350
DHG,2008-02-01,16.88,16.96,16.72,16.96,50510
DHG,2008-02-12,16.47,16.64,16.31,16.64,35140
DHG,2008-02-13,16.64,16.64,15.83,15.83,28040
DHG,2008-02-14,16.07,16.39,16.07,16.07,17710
DHG,2008-02-15,16.07,16.07,15.91,15.99,16730
DHG,2008-02-18,15.43,15.43,15.27,15.35,119520
DHG,2008-02-19,14.87,15.35,14.87,15.27,16460
DHG,2008-02-20,15.27,15.27,14.55,14.55,67780
DHG,2008-02-21,13.82,13.82,13.82,13.82,43840
DHG,2008-02-22,13.18,13.18,13.18,13.18,89200
DHG,2008-02-25,13.82,13.82,13.66,13.82,85690
DHG,2008-02-26,13.18,14.22,13.18,13.34,81750
DHG,2008-02-27,13.34,13.98,13.34,13.42,30840
DHG,2008-02-28,13.42,13.9,13.34,13.42,42330
DHG,2008-02-29,13.42,13.58,13.26,13.34,90000
DHG,2008-03-03,12.86,12.94,12.7,12.7,101530
DHG,2008-03-04,12.13,12.46,12.13,12.13,144360
DHG,2008-03-05,11.65,11.89,11.57,11.73,72200
DHG,2008-03-06,12.3,12.3,12.3,12.3,2360
DHG,2008-03-07,12.86,12.86,12.86,12.86,13450
DHG,2008-03-10,13.5,13.5,13.5,13.5,80000
DHG,2008-03-11,12.94,13.42,12.94,13.26,57390
DHG,2008-03-12,13.5,13.82,13.5,13.58,43640
DHG,2008-03-13,14.14,14.14,13.82,13.9,36240
DHG,2008-03-14,13.9,13.98,13.74,13.82,70950
DHG,2008-03-17,13.66,13.66,13.26,13.26,73240
DHG,2008-03-18,12.62,12.86,12.62,12.62,68750
DHG,2008-03-19,12.62,13.18,12.62,13.02,74090
DHG,2008-03-20,13.18,13.5,13.1,13.5,64980
DHG,2008-03-21,13.02,13.18,13.02,13.1,53110
DHG,2008-03-24,12.54,12.62,12.46,12.46,46170
DHG,2008-03-25,12.05,12.05,11.89,11.89,67510
DHG,2008-03-26,12.46,12.46,12.38,12.46,63550
DHG,2008-03-27,12.46,12.54,12.54,12.54,1150
DHG,2008-03-28,12.62,12.62,12.62,12.62,520
DHG,2008-03-31,12.7,12.7,12.7,12.7,2800
DHG,2008-04-01,12.7,12.78,12.7,12.78,990
DHG,2008-04-02,12.86,12.86,12.86,12.86,120
DHG,2008-04-03,12.94,12.94,12.94,12.94,10
DHG,2008-04-04,13.02,13.02,13.02,13.02,90
DHG,2008-04-07,13.26,13.26,13.26,13.26,60
DHG,2008-04-08,13.5,13.5,13.1,13.5,143530
DHG,2008-04-09,13.74,13.74,13.74,13.74,39560
DHG,2008-04-10,13.98,13.98,13.5,13.5,138190
DHG,2008-04-11,13.26,13.42,13.26,13.34,75280
DHG,2008-04-16,13.18,13.58,13.18,13.58,26810
DHG,2008-04-17,13.66,13.82,13.66,13.82,51030
DHG,2008-04-18,14.06,14.06,13.82,14.06,137060
DHG,2008-04-21,14.06,14.06,13.9,14.06,18780
DHG,2008-04-22,13.9,14.06,13.82,14.06,34080
DHG,2008-04-23,13.82,13.82,13.82,13.82,12080
DHG,2008-04-24,13.58,13.9,13.58,13.74,32540
DHG,2008-04-25,13.9,13.98,13.74,13.98,62860
DHG,2008-04-28,13.98,14.23,13.98,14.23,35350
DHG,2008-04-29,14.47,14.47,14.39,14.47,64930
DHG,2008-05-05,14.71,14.71,14.63,14.71,43290
DHG,2008-05-06,14.71,14.79,14.55,14.79,66600
DHG,2008-05-07,14.55,14.63,14.55,14.55,73590
DHG,2008-05-08,14.31,14.31,14.31,14.31,30700
DHG,2008-05-09,14.07,14.07,14.07,14.07,700
DHG,2008-05-12,13.82,13.82,13.82,13.82,170
DHG,2008-05-13,13.58,13.58,13.58,13.58,1270
DHG,2008-05-14,13.34,13.34,13.34,13.34,20780
DHG,2008-05-15,13.1,13.18,13.1,13.1,51770
DHG,2008-05-16,13.34,13.34,13.26,13.26,40960
DHG,2008-05-19,13.5,13.5,13.34,13.5,40730
DHG,2008-05-20,13.74,13.74,13.5,13.58,11570
DHG,2008-05-21,13.34,13.42,13.34,13.34,28600
DHG,2008-05-22,13.1,13.18,13.1,13.1,21940
DHG,2008-05-23,12.85,12.85,12.85,12.85,27220
DHG,2008-05-26,12.61,12.61,12.61,12.61,10
DHG,2008-05-30,12.37,12.37,12.37,12.37,26170
DHG,2008-06-02,12.13,12.13,12.13,12.13,11140
DHG,2008-06-03,11.88,11.88,11.88,11.88,820
DHG,2008-06-04,11.72,11.72,11.72,11.72,5440
DHG,2008-06-05,11.72,11.72,11.56,11.56,1880
DHG,2008-06-06,11.4,11.4,11.4,11.4,460
DHG,2008-06-09,11.24,11.24,11.24,11.24,80
DHG,2008-06-10,11.07,11.07,11.07,11.07,200
DHG,2008-06-11,10.91,11.24,10.91,11.07,61230
DHG,2008-06-12,10.91,11.24,10.91,11.24,22940
DHG,2008-06-13,11.4,11.4,11.32,11.4,49460
DHG,2008-06-16,11.4,11.56,11.4,11.56,83290
DHG,2008-06-17,11.72,11.72,11.72,11.72,48860
DHG,2008-06-18,11.56,11.56,11.56,11.56,37150
DHG,2008-06-19,11.24,11.24,11.24,11.24,15940
DHG,2008-06-20,10.91,10.91,10.91,10.91,21910
DHG,2008-06-23,10.75,11.07,10.75,10.75,29480
DHG,2008-06-24,10.91,10.99,10.75,10.99,29380
DHG,2008-06-25,11.32,11.32,11.32,11.32,54770
DHG,2008-06-26,11.64,11.64,10.99,11.56,29130
DHG,2008-06-27,11.32,11.72,11.24,11.72,25340
DHG,2008-06-30,11.72,11.72,11.48,11.56,47690
DHG,2008-07-01,11.32,11.88,11.32,11.88,43050
DHG,2008-07-02,11.56,12.04,11.56,11.88,96050
DHG,2008-07-03,11.96,12.04,11.8,11.88,144580
DHG,2008-07-04,12.13,12.13,11.96,12.13,126230
DHG,2008-07-07,12.45,12.45,11.8,11.8,38890
DHG,2008-07-08,11.48,11.48,11.48,11.48,31440
DHG,2008-07-09,11.16,11.48,11.16,11.16,58740
DHG,2008-07-10,10.91,11.07,10.83,11.07,69130
DHG,2008-07-11,11.32,11.4,11.32,11.4,66240
DHG,2008-07-14,11.48,11.72,11.48,11.72,40900
DHG,2008-07-15,11.96,11.96,11.8,11.88,56630
DHG,2008-07-16,11.56,11.64,11.56,11.56,45720
DHG,2008-07-17,11.32,11.48,11.24,11.24,57170
DHG,2008-07-18,10.91,10.99,10.91,10.91,84350
DHG,2008-07-21,10.59,10.75,10.59,10.59,82230
DHG,2008-07-22,10.35,10.35,10.35,10.35,12450
DHG,2008-07-23,10.1,10.1,10.1,10.1,2700
DHG,2008-07-24,9.86,9.94,9.86,9.86,52150
DHG,2008-07-25,9.62,9.86,9.62,9.62,38320
DHG,2008-07-28,9.86,9.86,9.86,9.86,23640
DHG,2008-07-29,10.1,10.1,10.1,10.1,3740
DHG,2008-07-30,10.35,10.35,10.35,10.35,48060
DHG,2008-07-31,10.59,10.59,10.27,10.59,54680
DHG,2008-08-01,10.59,10.59,10.35,10.35,12150
DHG,2008-08-04,10.1,10.1,10.1,10.1,5260
DHG,2008-08-05,9.86,9.86,9.86,9.86,13550
DHG,2008-08-06,10.1,10.1,10.02,10.1,78720
DHG,2008-08-07,10.35,10.35,10.27,10.27,12240
DHG,2008-08-08,10.51,10.51,10.51,10.51,43670
DHG,2008-08-11,10.75,10.75,10.75,10.75,25250
DHG,2008-08-12,10.99,10.99,10.83,10.99,90930
DHG,2008-08-13,11.32,11.32,11.16,11.32,113560
DHG,2008-08-14,11.64,11.64,11.4,11.64,96170
DHG,2008-08-15,11.96,11.96,11.96,11.96,26750
DHG,2008-08-18,12.53,12.53,12.29,12.53,71860
DHG,2008-08-19,11.96,11.96,11.96,11.96,16080
DHG,2008-08-20,11.4,12.53,11.4,11.96,74540
DHG,2008-08-21,11.4,11.8,11.4,11.48,63340
DHG,2008-08-22,11.16,11.48,11.16,11.32,61090
DHG,2008-08-25,11.88,11.88,11.32,11.56,53020
DHG,2008-08-26,11.56,11.8,11.56,11.56,46970
DHG,2008-08-27,11.56,11.56,11.32,11.32,44050
DHG,2008-08-28,11.16,11.24,11.07,11.07,57760
DHG,2008-08-29,10.59,10.75,10.59,10.59,146270
DHG,2008-09-03,10.59,11.07,10.59,11.07,75070
DHG,2008-09-04,11.24,11.32,11.07,11.07,33580
DHG,2008-09-05,11.24,11.32,11.24,11.24,40180
DHG,2008-09-08,11.4,11.4,11.07,11.24,118900
DHG,2008-09-09,11.32,11.4,11.24,11.24,24850
DHG,2008-09-10,11.32,11.32,10.75,11.07,22990
DHG,2008-09-11,11.07,11.07,10.59,10.59,22280
DHG,2008-09-12,10.51,10.51,10.35,10.51,137050
DHG,2008-09-15,10.35,10.99,10.35,10.35,35730
DHG,2008-09-16,10.83,10.83,10.19,10.27,131370
DHG,2008-09-17,9.78,9.86,9.78,9.78,72830
DHG,2008-09-18,9.3,9.78,9.3,9.78,167340
DHG,2008-09-19,10.27,10.27,10.27,10.27,26620
DHG,2008-09-22,10.75,10.75,10.75,10.75,36120
DHG,2008-09-23,11.24,11.24,10.75,10.99,72820
DHG,2008-09-24,11.32,11.32,10.67,10.67,74880
DHG,2008-09-25,11.16,11.16,10.91,11.16,85130
DHG,2008-09-26,11.32,11.32,11.16,11.24,44780
DHG,2008-09-29,11.24,11.32,10.83,11.16,34650
DHG,2008-09-30,10.67,10.67,10.67,10.67,15720
DHG,2008-10-01,10.99,10.99,10.67,10.91,26000
DHG,2008-10-02,11.16,11.16,10.91,10.91,5080
DHG,2008-10-03,10.59,10.67,10.59,10.59,32670
DHG,2008-10-06,10.1,10.19,10.1,10.1,34870
DHG,2008-10-07,9.62,9.62,9.62,9.62,27520
DHG,2008-10-08,9.22,9.62,9.22,9.62,31280
DHG,2008-10-09,9.38,9.86,9.38,9.7,4910
DHG,2008-10-10,9.22,9.7,9.22,9.7,47230
DHG,2008-10-13,9.62,9.62,9.22,9.22,15960
DHG,2008-10-14,9.62,9.62,9.62,9.62,66070
DHG,2008-10-15,9.94,9.94,9.38,9.38,18980
DHG,2008-10-16,9.22,9.46,9.22,9.22,9090
DHG,2008-10-17,9.46,9.46,9.3,9.46,10190
DHG,2008-10-20,9.3,9.3,9.05,9.05,51070
DHG,2008-10-21,9.38,9.38,9.22,9.3,29220
DHG,2008-10-22,9.3,9.3,9.13,9.22,10720
DHG,2008-10-23,9.05,9.05,8.81,8.81,38340
DHG,2008-10-24,8.41,8.57,8.41,8.41,38550
DHG,2008-10-27,8.08,8.08,8.0,8.0,28780
DHG,2008-10-28,7.64,7.68,7.64,7.64,37560
DHG,2008-10-29,8.0,8.0,7.96,8.0,42440
DHG,2008-10-30,7.68,8.33,7.68,8.33,13920
DHG,2008-10-31,8.73,8.73,8.65,8.73,33660
DHG,2008-11-03,9.13,9.13,8.73,9.13,16340
DHG,2008-11-04,9.38,9.54,9.38,9.54,15800
DHG,2008-11-05,9.95,9.95,9.78,9.86,41170
DHG,2008-11-06,9.78,9.78,9.38,9.78,66830
DHG,2008-11-07,9.38,9.38,9.29,9.29,42000
DHG,2008-11-10,9.54,9.54,9.29,9.46,17890
DHG,2008-11-11,9.38,9.38,9.05,9.05,58310
DHG,2008-11-12,8.64,8.89,8.64,8.64,39210
DHG,2008-11-13,8.8,9.05,8.64,9.05,18530
DHG,2008-11-14,9.29,9.46,9.21,9.46,25150
DHG,2008-11-17,9.46,9.62,9.29,9.62,20510
DHG,2008-11-18,9.21,9.29,9.21,9.21,50370
DHG,2008-11-19,9.29,9.29,9.21,9.29,22180
DHG,2008-11-20,8.97,9.13,8.97,9.13,40640
DHG,2008-11-21,8.8,9.29,8.8,9.29,45070
DHG,2008-11-24,9.29,9.62,9.29,9.54,22500
DHG,2008-11-25,9.62,9.78,9.54,9.78,76450
DHG,2008-11-26,9.46,9.7,9.46,9.54,41900
DHG,2008-11-27,9.62,9.62,9.46,9.54,25950
DHG,2008-11-28,9.38,9.62,9.38,9.54,25710
DHG,2008-12-01,9.21,9.54,9.21,9.54,24750
DHG,2008-12-02,9.29,9.7,9.29,9.7,20600
DHG,2008-12-03,9.78,9.78,9.62,9.7,13170
DHG,2008-12-04,9.7,9.78,9.46,9.78,58100
DHG,2008-12-05,9.78,9.78,9.62,9.78,6140
DHG,2008-12-08,9.62,9.62,9.29,9.46,6930
DHG,2008-12-09,9.46,9.46,9.13,9.13,57630
DHG,2008-12-10,9.29,9.46,9.29,9.38,14090
DHG,2008-12-11,9.7,9.78,9.62,9.78,68600
DHG,2008-12-12,10.19,10.27,10.19,10.27,54740
DHG,2008-12-15,10.6,10.6,10.35,10.44,30970
DHG,2008-12-16,9.95,10.44,9.95,10.03,15850
DHG,2008-12-17,9.62,10.11,9.62,9.86,32350
DHG,2008-12-18,9.78,9.95,9.78,9.78,18740
DHG,2008-12-19,10.03,10.03,9.7,9.78,19390
DHG,2008-12-22,9.78,9.78,9.7,9.7,12650
DHG,2008-12-23,9.54,9.62,9.29,9.38,38880
DHG,2008-12-24,9.13,9.62,9.13,9.62,6090
DHG,2008-12-25,9.38,9.46,9.38,9.46,4250
DHG,2008-12-26,9.54,9.54,9.46,9.46,8990
DHG,2008-12-29,9.38,9.62,9.21,9.62,3640
DHG,2008-12-30,9.38,9.46,9.29,9.29,61370
DHG,2008-12-31,8.97,9.7,8.97,9.7,31390
DHG,2009-01-02,9.46,9.78,9.46,9.78,40580
DHG,2009-01-05,9.46,9.46,9.46,9.46,41600
DHG,2009-01-06,9.38,9.54,9.38,9.46,34370
DHG,2009-01-07,9.46,9.54,9.46,9.54,10900
DHG,2009-01-08,9.54,9.54,9.46,9.46,5770
DHG,2009-01-09,9.46,9.46,9.29,9.38,8640
DHG,2009-01-12,9.54,9.54,9.29,9.29,1290
DHG,2009-01-13,9.29,9.29,9.13,9.13,17070
DHG,2009-01-14,9.05,9.38,9.05,9.29,7320
DHG,2009-01-15,9.29,9.29,9.05,9.05,8190
DHG,2009-01-16,9.05,9.13,8.97,9.13,10300
DHG,2009-01-19,9.13,9.13,8.97,9.13,3310
DHG,2009-01-20,8.97,9.13,8.89,8.89,13770
DHG,2009-01-21,8.89,8.97,8.89,8.89,5400
DHG,2009-01-22,9.05,9.13,8.97,9.05,5080
DHG,2009-01-23,9.13,9.21,9.05,9.13,2580
DHG,2009-02-02,9.05,9.29,8.97,9.05,2110
DHG,2009-02-03,9.05,9.05,8.89,9.05,15860
DHG,2009-02-04,9.05,9.13,8.97,9.05,7190
DHG,2009-02-05,9.05,9.05,8.97,8.97,8930
DHG,2009-02-06,9.05,9.05,8.97,8.97,15670
DHG,2009-02-09,8.97,9.05,8.97,8.97,4790
DHG,2009-02-10,9.13,9.13,8.97,8.97,4230
DHG,2009-02-11,8.89,9.05,8.8,9.05,20370
DHG,2009-02-12,8.97,9.05,8.89,9.05,10160
DHG,2009-02-13,9.05,9.05,8.89,8.89,4160
DHG,2009-02-16,8.8,8.89,8.64,8.8,10140
DHG,2009-02-17,8.56,8.8,8.48,8.56,15120
DHG,2009-02-18,8.32,8.32,8.15,8.15,8290
DHG,2009-02-19,8.15,8.23,8.07,8.15,19700
DHG,2009-02-20,8.15,8.15,7.91,7.91,23110
DHG,2009-02-23,7.75,7.91,7.75,7.91,23050
DHG,2009-02-24,7.75,8.07,7.75,8.07,16720
DHG,2009-02-25,8.23,8.4,8.15,8.4,20370
DHG,2009-02-26,8.4,8.4,8.07,8.15,16490
DHG,2009-02-27,7.91,8.4,7.91,8.4,4510
DHG,2009-03-02,8.4,8.4,8.4,8.4,5110
DHG,2009-03-03,8.03,8.15,8.03,8.15,7110
DHG,2009-03-04,8.15,8.15,8.15,8.15,550
DHG,2009-03-05,8.15,8.15,7.99,7.99,10810
DHG,2009-03-06,7.99,7.99,7.99,7.99,12690
DHG,2009-03-09,7.99,8.15,7.99,8.15,4920
DHG,2009-03-10,8.15,8.15,7.99,7.99,1960
DHG,2009-03-11,8.15,8.23,8.15,8.23,7530
DHG,2009-03-12,8.23,8.23,8.15,8.15,5310
DHG,2009-03-13,8.15,8.23,8.15,8.15,3140
DHG,2009-03-16,8.03,8.23,8.03,8.11,800
DHG,2009-03-17,8.23,8.23,8.11,8.15,1330
DHG,2009-03-18,8.32,8.56,8.32,8.56,58970
DHG,2009-03-19,8.56,8.97,8.56,8.97,31780
DHG,2009-03-20,8.97,9.21,8.72,9.21,31130
DHG,2009-03-23,9.21,9.21,9.13,9.21,23570
DHG,2009-03-24,9.29,9.38,9.13,9.29,62480
DHG,2009-03-25,9.38,9.38,9.29,9.38,37470
DHG,2009-03-26,9.29,9.7,9.29,9.7,50300
DHG,2009-03-27,9.38,9.46,9.29,9.29,27640
DHG,2009-03-30,9.05,9.29,9.05,9.05,3910
DHG,2009-03-31,8.89,8.89,8.64,8.64,21140
DHG,2009-04-01,8.64,8.72,8.56,8.64,38270
DHG,2009-04-02,8.89,8.97,8.89,8.97,3640
DHG,2009-04-03,9.29,9.29,9.13,9.29,16950
DHG,2009-04-07,9.46,9.46,9.29,9.46,30160
DHG,2009-04-08,9.05,9.29,9.05,9.13,25060
DHG,2009-04-09,9.13,9.13,8.72,8.72,7600
DHG,2009-04-10,9.13,9.13,9.13,9.13,9820
DHG,2009-04-13,9.54,9.54,9.38,9.54,13770
DHG,2009-04-14,9.13,9.46,9.13,9.21,20590
DHG,2009-04-15,9.21,9.21,9.05,9.13,12060
DHG,2009-04-16,9.13,9.13,8.72,9.13,18920
DHG,2009-04-17,9.13,9.13,8.8,9.13,27740
DHG,2009-04-20,8.72,8.97,8.72,8.89,13660
DHG,2009-04-21,8.48,8.56,8.48,8.48,90740
DHG,2009-04-22,8.48,8.64,8.48,8.56,43070
DHG,2009-04-23,8.8,8.8,8.48,8.56,31890
DHG,2009-04-24,8.48,8.72,8.4,8.48,8740
DHG,2009-04-27,8.64,8.64,8.48,8.48,17360
DHG,2009-04-28,8.48,8.56,8.48,8.48,42260
DHG,2009-04-29,8.56,8.56,8.48,8.48,53930
DHG,2009-05-04,8.8,8.89,8.8,8.89,27010
DHG,2009-05-05,9.29,9.29,9.29,9.29,33420
DHG,2009-05-06,9.29,9.46,8.97,8.97,53840
DHG,2009-05-07,9.29,9.38,8.64,8.72,21670
DHG,2009-05-08,8.8,8.8,8.72,8.72,16020
DHG,2009-05-11,9.13,9.13,9.13,9.13,15300
DHG,2009-05-12,9.46,9.46,9.21,9.21,11080
DHG,2009-05-13,9.54,9.54,9.13,9.21,52060
DHG,2009-05-14,8.8,9.05,8.8,8.89,36930
DHG,2009-05-15,8.89,9.05,8.89,8.97,6000
DHG,2009-05-18,8.97,9.13,8.97,8.97,8350
DHG,2009-05-19,9.38,9.38,9.21,9.38,36480
DHG,2009-05-20,9.78,9.78,9.62,9.78,61620
DHG,2009-05-21,9.38,9.62,9.38,9.62,8770
DHG,2009-05-22,9.62,9.62,9.21,9.29,8380
DHG,2009-05-25,9.46,9.7,9.46,9.7,31930
DHG,2009-05-26,9.78,9.78,9.7,9.78,30980
DHG,2009-05-27,9.78,9.78,9.7,9.78,30170
DHG,2009-05-28,9.78,9.78,9.46,9.46,19050
DHG,2009-05-29,9.7,9.7,9.7,9.7,11170
DHG,2009-06-01,9.86,10.11,9.78,10.11,30330
DHG,2009-06-02,10.6,10.6,10.52,10.52,40190
DHG,2009-06-03,11.01,11.01,10.84,11.01,44270
DHG,2009-06-04,11.33,11.41,11.33,11.41,8970
DHG,2009-06-05,11.98,11.98,11.9,11.9,34270
DHG,2009-06-08,12.31,12.47,12.23,12.39,25790
DHG,2009-06-09,12.47,12.47,12.31,12.47,25590
DHG,2009-06-10,11.9,11.9,11.9,11.9,7730
DHG,2009-06-11,11.33,11.33,11.33,11.41,164950
DHG,2009-06-12,11.17,11.41,10.92,10.92,75360
DHG,2009-06-15,10.52,11.41,10.52,11.41,33690
DHG,2009-06-16,10.84,10.84,10.84,10.84,7630
DHG,2009-06-17,10.44,10.6,10.44,10.6,17700
DHG,2009-06-18,11.01,11.01,10.44,10.52,12540
DHG,2009-06-19,10.6,10.6,10.35,10.52,14900
DHG,2009-06-22,10.52,10.52,10.11,10.11,21820
DHG,2009-06-23,9.62,9.62,9.62,9.62,16820
DHG,2009-06-24,10.03,10.03,9.29,9.29,31040
DHG,2009-06-25,9.7,9.7,9.62,9.7,8720
DHG,2009-06-26,9.78,9.95,9.7,9.7,11830
DHG,2009-06-29,9.46,9.62,9.46,9.46,8280
DHG,2009-06-30,9.54,9.54,9.29,9.29,33630
DHG,2009-07-01,8.97,9.29,8.89,8.89,38910
DHG,2009-07-02,8.89,9.29,8.89,8.97,94240
DHG,2009-07-03,9.05,9.05,8.97,8.97,36690
DHG,2009-07-06,9.13,9.21,8.89,9.21,52280
DHG,2009-07-07,9.38,9.38,9.21,9.21,36830
DHG,2009-07-08,9.21,9.29,9.05,9.21,88010
DHG,2009-07-09,8.97,9.29,8.97,9.21,94480
DHG,2009-07-10,9.21,9.29,9.13,9.13,34930
DHG,2009-07-13,9.13,9.13,8.89,8.89,30110
DHG,2009-07-14,8.89,8.89,8.8,8.89,48270
DHG,2009-07-15,8.89,9.05,8.89,8.89,90500
DHG,2009-07-16,8.89,8.97,8.72,8.89,70620
DHG,2009-07-17,8.97,8.97,8.8,8.8,27500
DHG,2009-07-20,8.4,8.56,8.4,8.48,35540
DHG,2009-07-21,8.56,8.72,8.56,8.72,16620
DHG,2009-07-22,9.13,9.13,8.97,8.97,46980
DHG,2009-07-23,8.97,9.21,8.97,9.21,31170
DHG,2009-07-24,9.54,9.62,9.54,9.62,128870
DHG,2009-07-27,9.86,9.95,9.62,9.7,33520
DHG,2009-07-28,9.38,9.46,9.38,9.46,28330
DHG,2009-07-29,9.46,9.54,9.46,9.46,26450
DHG,2009-07-30,9.62,9.62,9.29,9.38,63230
DHG,2009-07-31,9.46,9.46,9.38,9.38,43210
DHG,2009-08-03,9.46,9.62,9.38,9.54,16120
DHG,2009-08-04,9.78,9.78,9.54,9.54,31920
DHG,2009-08-05,9.62,9.95,9.54,9.95,91270
DHG,2009-08-06,9.95,10.03,9.78,9.78,35840
DHG,2009-08-07,9.62,10.03,9.62,9.95,37420
DHG,2009-08-10,9.95,10.11,9.95,10.11,25730
DHG,2009-08-11,10.27,10.44,10.11,10.27,41950
DHG,2009-08-12,10.6,10.76,10.52,10.76,50590
DHG,2009-08-13,11.25,11.25,11.09,11.25,59940
DHG,2009-08-14,11.25,11.25,11.01,11.09,22510
DHG,2009-08-17,10.84,11.01,10.76,10.76,10360
DHG,2009-08-18,10.44,10.76,10.44,10.6,14960
DHG,2009-08-19,10.92,10.92,10.68,10.76,14380
DHG,2009-08-20,10.92,10.92,10.6,10.76,22830
DHG,2009-08-21,10.92,11.09,10.76,10.84,29510
DHG,2009-08-24,10.84,11.09,10.84,11.01,21430
DHG,2009-08-25,11.33,11.33,11.01,11.01,28490
DHG,2009-08-26,11.01,11.09,10.84,10.84,12150
DHG,2009-08-27,11.01,11.09,10.76,11.01,12280
DHG,2009-08-28,11.09,11.5,11.01,11.5,55190
DHG,2009-08-31,11.9,12.07,11.9,11.9,61340
DHG,2009-09-01,11.9,11.98,11.82,11.9,71060
DHG,2009-09-03,12.47,12.47,11.98,12.47,507930
DHG,2009-09-04,13.09,13.09,13.09,13.09,166090
DHG,2009-09-07,13.67,13.67,13.67,13.67,55850
DHG,2009-09-08,13.42,14.33,13.42,13.42,96560
DHG,2009-09-09,12.76,13.42,12.76,12.76,140150
DHG,2009-09-10,12.6,12.6,12.27,12.6,145500
DHG,2009-09-11,13.01,13.01,12.6,12.68,79860
DHG,2009-09-14,12.84,12.84,12.1,12.51,67350
DHG,2009-09-15,12.68,12.68,12.35,12.43,90910
DHG,2009-09-16,12.84,12.84,12.51,12.51,93050
DHG,2009-09-17,12.68,12.68,12.35,12.6,83980
DHG,2009-09-18,12.6,12.76,12.6,12.68,86550
DHG,2009-09-21,12.68,12.68,12.51,12.51,42990
DHG,2009-09-22,12.35,12.51,12.27,12.27,71620
DHG,2009-09-23,12.27,12.6,12.27,12.43,68900
DHG,2009-09-24,12.35,12.43,12.35,12.35,40730
DHG,2009-09-25,12.6,12.6,12.27,12.43,66600
DHG,2009-09-28,12.84,13.01,12.84,13.01,78130
DHG,2009-09-29,13.59,13.59,13.42,13.59,152910
DHG,2009-09-30,13.59,14.0,13.42,13.59,152060
DHG,2009-10-01,13.26,13.5,12.93,13.09,93760
DHG,2009-10-02,12.76,12.93,12.51,12.76,86560
DHG,2009-10-05,12.76,12.84,12.68,12.76,79390
DHG,2009-10-06,12.51,13.17,12.35,13.17,144540
DHG,2009-10-07,13.42,13.83,13.26,13.83,141340
DHG,2009-10-08,13.83,14.41,13.83,14.16,84380
DHG,2009-10-09,14.41,14.41,14.16,14.24,63540
DHG,2009-10-12,14.24,14.24,14.0,14.16,52210
DHG,2009-10-13,14.0,14.0,13.59,13.75,47780
DHG,2009-10-14,13.59,14.33,13.59,14.33,40180
DHG,2009-10-15,14.66,14.74,14.49,14.57,79620
DHG,2009-10-16,14.57,14.66,14.24,14.41,41760
DHG,2009-10-19,14.41,14.41,14.24,14.24,17830
DHG,2009-10-20,14.24,14.24,14.08,14.08,59730
DHG,2009-10-21,14.08,14.08,13.83,13.83,55530
DHG,2009-10-22,13.67,14.16,13.59,14.08,116330
DHG,2009-10-23,14.08,14.16,13.83,13.83,42190
DHG,2009-10-26,13.42,13.67,13.42,13.59,37210
DHG,2009-10-27,13.59,13.67,13.42,13.59,17390
DHG,2009-10-28,14.08,14.08,13.75,13.91,10480
DHG,2009-10-29,13.5,13.59,13.34,13.5,49040
DHG,2009-10-30,14.0,14.0,13.5,13.75,13220
DHG,2009-11-02,13.59,13.59,13.09,13.34,79560
DHG,2009-11-03,13.17,13.5,12.68,13.01,39440
DHG,2009-11-04,13.59,13.59,13.01,13.5,33370
DHG,2009-11-05,13.83,13.83,13.5,13.59,13030
DHG,2009-11-06,13.67,13.75,13.17,13.17,66670
DHG,2009-11-09,13.59,13.59,13.09,13.09,79940
DHG,2009-11-10,12.84,13.09,12.76,13.09,25110
DHG,2009-11-11,13.42,13.42,13.09,13.26,34460
DHG,2009-11-12,13.83,13.83,13.61,13.72,13050
DHG,2009-11-13,13.17,13.61,13.06,13.28,26670
DHG,2009-11-16,13.28,13.39,12.95,13.17,37470
DHG,2009-11-17,13.17,13.39,13.17,13.28,56070
DHG,2009-11-18,13.28,13.39,13.17,13.39,28170
DHG,2009-11-19,13.39,13.5,13.39,13.5,34500
DHG,2009-11-20,13.28,13.5,13.28,13.39,64930
DHG,2009-11-23,13.28,13.28,13.06,13.06,37650
DHG,2009-11-24,13.06,13.17,12.84,12.84,16380
DHG,2009-11-25,12.84,12.84,12.41,12.41,49270
DHG,2009-11-26,11.97,12.95,11.86,12.95,59660
DHG,2009-11-27,12.51,13.39,12.51,13.28,18770
DHG,2009-11-30,13.28,13.39,13.28,13.39,14270
DHG,2009-12-01,13.5,13.72,13.5,13.5,10710
DHG,2009-12-02,13.39,13.39,13.06,13.17,31400
DHG,2009-12-03,12.73,12.95,12.73,12.84,16360
DHG,2009-12-04,12.84,13.06,12.62,12.62,25950
DHG,2009-12-07,12.41,12.51,12.3,12.41,56530
DHG,2009-12-08,12.3,12.95,12.3,12.41,12820
DHG,2009-12-09,11.97,12.41,11.97,12.41,45240
DHG,2009-12-10,11.86,12.62,11.86,11.86,33260
DHG,2009-12-11,12.19,12.41,11.42,11.42,43750
DHG,2009-12-14,11.2,11.97,11.2,11.97,28620
DHG,2009-12-15,12.3,12.3,11.86,12.19,2670
DHG,2009-12-16,11.75,11.75,11.64,11.64,12060
DHG,2009-12-17,11.31,11.86,11.2,11.2,16980
DHG,2009-12-18,11.2,11.64,10.65,10.65,84840
DHG,2009-12-21,11.09,11.09,11.09,11.09,6580
DHG,2009-12-22,11.64,11.64,11.53,11.64,8010
DHG,2009-12-23,11.2,11.86,11.2,11.64,47980
DHG,2009-12-24,11.64,11.75,11.31,11.75,11870
DHG,2009-12-25,11.75,12.08,11.75,11.97,13600
DHG,2009-12-28,12.08,12.3,11.97,12.08,22780
DHG,2009-12-29,12.08,12.08,11.75,12.08,30670
DHG,2009-12-30,11.64,12.41,11.64,12.41,36920
DHG,2009-12-31,12.62,12.73,12.51,12.51,15210
DHG,2010-01-04,12.41,12.84,12.41,12.84,16780
DHG,2010-01-05,13.06,13.06,12.62,12.84,158950
DHG,2010-01-06,12.73,12.84,12.51,12.73,44420
DHG,2010-01-07,12.73,12.84,12.62,12.84,70630
DHG,2010-01-08,13.39,13.39,12.95,12.95,45010
DHG,2010-01-11,13.28,13.28,12.95,13.28,49780
DHG,2010-01-12,13.28,13.5,13.06,13.28,34630
DHG,2010-01-13,13.17,13.28,12.84,13.17,17880
DHG,2010-01-14,13.17,13.17,13.06,13.17,8360
DHG,2010-01-15,13.17,13.17,13.06,13.17,19230
DHG,2010-01-18,13.17,13.17,12.95,12.95,15330
DHG,2010-01-19,13.06,13.17,13.06,13.06,40900
DHG,2010-01-20,13.06,13.06,12.95,12.95,18360
DHG,2010-01-21,12.95,13.06,12.84,12.84,15790
DHG,2010-01-22,12.95,12.95,12.84,12.84,3060
DHG,2010-01-25,12.95,13.06,12.95,13.06,8840
DHG,2010-01-26,13.61,13.61,13.5,13.61,44650
DHG,2010-01-27,13.94,13.94,13.61,13.61,79170
DHG,2010-01-28,13.72,13.72,13.5,13.61,20450
DHG,2010-01-29,13.61,13.72,13.5,13.61,49990
DHG,2010-02-01,13.83,14.05,13.5,14.05,66770
DHG,2010-02-02,14.27,14.27,14.05,14.16,32600
DHG,2010-02-03,14.16,14.27,14.05,14.05,26260
DHG,2010-02-04,14.16,14.16,13.94,13.94,15670
DHG,2010-02-05,13.94,13.94,13.28,13.28,43770
DHG,2010-02-08,12.95,13.28,12.95,13.06,9030
DHG,2010-02-09,12.95,13.17,12.95,13.06,19370
DHG,2010-02-10,13.5,13.5,13.06,13.39,15970
DHG,2010-02-11,13.17,13.61,13.17,13.61,2910
DHG,2010-02-12,13.94,13.94,13.61,13.72,20400
DHG,2010-02-22,13.83,13.83,13.72,13.72,28350
DHG,2010-02-23,13.72,13.83,13.72,13.83,131230
DHG,2010-02-24,13.83,13.83,13.61,13.72,53050
DHG,2010-02-25,13.72,13.83,13.72,13.83,48230
DHG,2010-02-26,13.83,13.83,13.72,13.72,61390
DHG,2010-03-01,13.72,13.94,13.72,13.83,46020
DHG,2010-03-02,13.5,13.61,13.39,13.39,36020
DHG,2010-03-03,13.72,13.72,13.5,13.61,8770
DHG,2010-03-04,14.05,14.05,13.61,13.61,3680
DHG,2010-03-05,13.61,13.94,13.61,13.72,16660
DHG,2010-03-08,13.72,13.83,13.61,13.61,28370
DHG,2010-03-09,13.61,13.83,13.61,13.83,38790
DHG,2010-03-10,13.83,13.83,13.61,13.83,33730
DHG,2010-03-11,13.83,13.83,13.72,13.72,6030
DHG,2010-03-12,13.61,13.83,13.61,13.72,31790
DHG,2010-03-15,13.83,13.83,13.39,13.39,60420
DHG,2010-03-16,13.39,13.39,13.17,13.17,44930
DHG,2010-03-17,13.5,13.72,13.28,13.28,50410
DHG,2010-03-18,13.72,13.72,13.06,13.06,71240
DHG,2010-03-19,13.06,13.17,12.73,12.73,173840
DHG,2010-03-22,12.95,13.06,12.84,12.84,11790
DHG,2010-03-23,12.84,13.17,12.84,13.17,7340
DHG,2010-03-24,13.28,13.39,13.17,13.39,26020
DHG,2010-03-25,13.06,13.28,13.06,13.17,18070
DHG,2010-03-26,13.28,13.28,12.95,13.17,20780
DHG,2010-03-29,13.17,13.28,13.17,13.17,10130
DHG,2010-03-30,13.17,13.28,13.06,13.06,25040
DHG,2010-03-31,13.17,13.17,13.06,13.06,20240
DHG,2010-04-01,13.17,13.17,13.06,13.17,34700
DHG,2010-04-02,13.17,13.17,13.06,13.06,13980
DHG,2010-04-05,13.28,13.28,13.06,13.06,5260
DHG,2010-04-06,13.06,13.28,13.06,13.28,42950
DHG,2010-04-07,12.95,13.28,12.95,13.28,38580
DHG,2010-04-08,13.17,13.28,13.06,13.06,83980
DHG,2010-04-09,13.06,13.17,13.06,13.17,15370
DHG,2010-04-12,13.28,13.28,13.06,13.28,41050
DHG,2010-04-13,13.06,13.17,13.06,13.06,40900
DHG,2010-04-14,13.17,13.17,13.06,13.17,27390
DHG,2010-04-15,13.17,13.39,13.17,13.39,20120
DHG,2010-04-16,13.51,13.51,13.28,13.39,33650
DHG,2010-04-19,13.39,13.39,13.28,13.39,43210
DHG,2010-04-20,13.28,13.39,13.17,13.28,22280
DHG,2010-04-21,13.28,13.28,13.28,13.28,15670
DHG,2010-04-22,13.51,13.51,13.28,13.51,15210
DHG,2010-04-26,13.73,13.73,13.51,13.62,17920
DHG,2010-04-27,13.39,13.73,13.39,13.73,15650
DHG,2010-04-28,13.73,13.73,13.62,13.73,44430
DHG,2010-04-29,13.51,13.62,13.51,13.62,40790
DHG,2010-05-04,13.28,13.62,13.28,13.62,2840
DHG,2010-05-05,13.39,13.62,13.39,13.51,33110
DHG,2010-05-06,13.39,13.51,13.39,13.39,7720
DHG,2010-05-07,13.51,13.51,13.28,13.51,29830
DHG,2010-05-10,13.39,13.51,13.28,13.28,12290
DHG,2010-05-11,13.28,13.39,13.28,13.39,12440
DHG,2010-05-12,13.28,13.39,13.28,13.39,14780
DHG,2010-05-13,13.28,13.39,13.17,13.17,39730
DHG,2010-05-14,13.62,13.62,13.28,13.28,16600
DHG,2010-05-17,13.28,13.28,12.95,12.95,25550
DHG,2010-05-18,12.95,12.95,12.73,12.73,8510
DHG,2010-05-19,13.06,13.06,12.73,12.73,46550
DHG,2010-05-20,12.73,12.95,12.73,12.95,55360
DHG,2010-05-21,12.9,12.9,12.67,12.67,67670
DHG,2010-05-24,12.67,13.12,12.67,12.79,39480
DHG,2010-05-25,12.9,13.12,12.9,12.9,49800
DHG,2010-05-26,13.12,13.12,12.9,13.12,23310
DHG,2010-05-27,13.12,13.23,13.12,13.23,14790
DHG,2010-05-28,13.34,13.56,13.34,13.45,7700
DHG,2010-05-31,13.23,13.45,13.12,13.12,4340
DHG,2010-06-01,13.01,13.34,13.01,13.34,1540
DHG,2010-06-02,13.34,13.34,13.34,13.34,480
DHG,2010-06-03,13.12,13.34,13.12,13.12,3360
DHG,2010-06-04,13.23,13.34,13.12,13.34,2080
DHG,2010-06-07,13.01,13.23,12.9,13.23,5900
DHG,2010-06-08,13.01,13.01,12.79,12.9,4550
DHG,2010-06-09,13.12,13.12,12.9,12.9,4850
DHG,2010-06-10,13.23,13.23,13.12,13.12,10250
DHG,2010-06-11,13.12,13.12,13.01,13.12,1010
DHG,2010-06-14,13.12,13.12,13.01,13.12,11810
DHG,2010-06-15,12.9,13.01,12.9,13.01,14120
DHG,2010-06-16,12.79,13.23,12.79,12.9,49600
DHG,2010-06-17,12.9,13.23,12.9,12.9,22890
DHG,2010-06-18,12.9,13.01,12.9,13.01,24820
DHG,2010-06-21,13.01,13.12,12.9,12.9,14840
DHG,2010-06-22,12.9,13.23,12.9,12.9,22910
DHG,2010-06-23,13.01,13.23,12.9,12.9,35300
DHG,2010-06-24,12.9,13.12,12.9,13.01,36310
DHG,2010-06-25,13.01,13.12,13.01,13.12,12240
DHG,2010-06-28,13.12,13.12,12.9,12.9,17900
DHG,2010-06-29,13.12,13.12,13.01,13.12,2500
DHG,2010-06-30,13.12,13.12,13.01,13.01,31840
DHG,2010-07-01,13.01,13.01,13.01,13.01,850
DHG,2010-07-02,13.01,13.01,13.01,13.01,11970
DHG,2010-07-05,13.01,13.01,13.01,13.01,9520
DHG,2010-07-06,13.01,13.01,12.9,12.9,3770
DHG,2010-07-07,13.01,13.01,12.67,12.79,40720
DHG,2010-07-08,12.79,12.79,12.79,12.79,1400
DHG,2010-07-09,12.9,12.9,12.79,12.9,7120
DHG,2010-07-12,12.9,12.9,12.79,12.9,5570
DHG,2010-07-13,12.9,13.01,12.9,13.01,41420
DHG,2010-07-14,13.12,13.12,13.01,13.01,9630
DHG,2010-07-15,12.79,12.9,12.79,12.9,2730
DHG,2010-07-16,13.12,13.12,12.9,12.9,15350
DHG,2010-07-19,13.01,13.12,12.9,13.12,21840
DHG,2010-07-20,13.12,13.12,12.9,12.9,2160
DHG,2010-07-21,12.9,13.12,12.9,13.12,9990
DHG,2010-07-22,13.12,13.12,13.01,13.01,1280
DHG,2010-07-23,13.12,13.34,13.12,13.34,21370
DHG,2010-07-26,13.34,13.34,13.23,13.23,7450
DHG,2010-07-27,13.23,13.34,13.23,13.23,27480
DHG,2010-07-28,13.23,13.23,13.23,13.23,5210
DHG,2010-07-29,13.12,13.23,13.12,13.23,3390
DHG,2010-07-30,13.23,13.34,13.23,13.34,45790
DHG,2010-08-02,13.45,13.45,13.12,13.12,9070
DHG,2010-08-03,13.12,13.23,13.12,13.23,13530
DHG,2010-08-04,13.34,13.34,13.12,13.12,17090
DHG,2010-08-05,13.23,13.23,13.12,13.23,3230
DHG,2010-08-06,13.23,13.34,13.23,13.23,6440
DHG,2010-08-09,13.34,13.34,13.23,13.23,5460
DHG,2010-08-10,13.23,13.23,13.23,13.23,9870
DHG,2010-08-11,13.23,13.34,13.23,13.23,17660
DHG,2010-08-12,13.23,13.23,13.12,13.23,23680
DHG,2010-08-13,13.23,13.23,13.12,13.23,27390
DHG,2010-08-16,13.23,13.34,13.23,13.23,1560
DHG,2010-08-17,13.23,13.34,13.23,13.34,2690
DHG,2010-08-18,13.34,13.45,13.34,13.34,6940
DHG,2010-08-19,13.23,13.23,13.12,13.12,19030
DHG,2010-08-20,13.34,13.34,13.12,13.12,18860
DHG,2010-08-23,13.23,13.23,13.12,13.23,5110
DHG,2010-08-24,13.01,13.01,12.67,12.67,16320
DHG,2010-08-25,13.01,13.01,12.79,12.79,16580
DHG,2010-08-26,12.79,12.9,12.79,12.79,23180
DHG,2010-08-27,12.9,12.9,12.79,12.9,15300
DHG,2010-08-30,13.01,13.12,13.01,13.01,7140
DHG,2010-08-31,13.01,13.01,12.9,13.01,13690
DHG,2010-09-01,13.01,13.12,12.9,13.01,35520
DHG,2010-09-06,13.34,13.34,13.01,13.01,55810
DHG,2010-09-07,13.01,13.01,12.9,13.01,9830
DHG,2010-09-08,12.9,12.9,12.9,12.9,2690
DHG,2010-09-09,12.9,12.9,12.9,12.9,8300
DHG,2010-09-10,12.9,12.9,12.9,12.9,180
DHG,2010-09-13,13.01,13.01,12.79,12.79,10980
DHG,2010-09-14,12.79,13.12,12.79,12.9,1440
DHG,2010-09-15,13.12,13.12,12.9,12.9,14330
DHG,2010-09-16,12.9,12.9,12.79,12.79,43410
DHG,2010-09-17,12.79,12.79,12.79,12.79,22870
DHG,2010-09-20,12.79,12.79,12.79,12.79,28010
DHG,2010-09-21,12.79,12.9,12.79,12.79,47340
DHG,2010-09-22,12.9,13.01,12.79,12.79,83100
DHG,2010-09-23,12.79,12.79,12.79,12.79,450
DHG,2010-09-24,12.79,12.79,12.79,12.79,9960
DHG,2010-09-27,13.01,13.01,12.67,12.67,25960
DHG,2010-09-28,12.67,12.79,12.67,12.67,25370
DHG,2010-09-29,12.67,12.79,12.56,12.56,34340
DHG,2010-09-30,12.67,12.67,12.56,12.67,8000
DHG,2010-10-01,12.67,12.67,12.67,12.67,7790
DHG,2010-10-04,12.79,12.79,12.79,12.79,23370
DHG,2010-10-05,12.79,12.79,12.67,12.79,32490
DHG,2010-10-06,13.01,13.12,12.79,12.9,65050
DHG,2010-10-07,12.79,12.9,12.79,12.79,17480
DHG,2010-10-08,12.9,12.9,12.79,12.79,20840
DHG,2010-10-11,13.01,13.01,12.79,12.79,110
DHG,2010-10-12,12.79,12.79,12.79,12.79,100
DHG,2010-10-13,13.12,13.12,12.79,12.79,4950
DHG,2010-10-14,12.79,12.79,12.67,12.67,4500
DHG,2010-10-15,12.67,12.79,12.56,12.67,9910
DHG,2010-10-18,12.67,12.9,12.56,12.67,25970
DHG,2010-10-19,12.34,12.56,12.34,12.45,1540
DHG,2010-10-20,12.45,12.56,12.45,12.56,1660
DHG,2010-10-21,12.56,12.56,12.45,12.56,10570
DHG,2010-10-22,12.9,12.9,12.67,12.67,13140
DHG,2010-10-25,12.9,12.9,12.79,12.9,2670
DHG,2010-10-26,12.9,12.9,12.9,12.9,12700
DHG,2010-10-27,12.9,12.9,12.79,12.9,12760
DHG,2010-10-28,12.9,12.9,12.79,12.9,38810
DHG,2010-10-29,13.12,13.12,12.79,12.9,12430
DHG,2010-11-01,12.9,12.9,12.9,12.9,1550
DHG,2010-11-02,12.79,12.79,12.79,12.79,690
DHG,2010-11-03,12.79,12.79,12.79,12.79,3550
DHG,2010-11-04,12.79,12.79,12.67,12.79,1220
DHG,2010-11-05,12.79,12.79,12.79,12.79,300
DHG,2010-11-08,12.79,12.79,12.79,12.79,1330
DHG,2010-11-09,12.67,12.67,12.67,12.67,460
DHG,2010-11-10,12.67,12.67,12.23,12.67,7490
DHG,2010-11-11,12.67,12.67,12.34,12.67,5100
DHG,2010-11-12,12.79,12.79,12.67,12.67,1490
DHG,2010-11-15,12.79,12.79,12.79,12.79,1000
DHG,2010-11-16,12.34,12.34,12.23,12.23,2690
DHG,2010-11-17,12.56,12.56,11.66,12.45,5350
DHG,2010-11-18,12.34,12.34,12.34,12.34,1210
DHG,2010-11-19,12.34,12.34,11.78,12.34,12920
DHG,2010-11-22,12.0,12.23,12.0,12.0,1540
DHG,2010-11-23,11.89,12.0,11.78,12.0,4490
DHG,2010-11-24,12.0,12.34,12.0,12.34,3720
DHG,2010-11-25,12.67,12.67,12.34,12.67,3110
DHG,2010-11-26,12.67,12.67,12.34,12.34,3570
DHG,2010-11-29,12.45,12.45,12.34,12.34,4320
DHG,2010-11-30,12.34,12.34,12.23,12.34,19110
DHG,2010-12-01,12.34,12.34,12.34,12.34,15520
DHG,2010-12-02,12.23,12.23,12.23,12.23,1790
DHG,2010-12-03,12.34,12.45,12.23,12.45,13070
DHG,2010-12-06,12.56,12.56,12.45,12.45,4260
DHG,2010-12-07,12.56,12.56,12.45,12.45,9300
DHG,2010-12-08,12.56,12.56,12.45,12.56,22360
DHG,2010-12-09,12.56,12.67,12.56,12.56,21600
DHG,2010-12-10,12.79,12.79,12.67,12.79,37740
DHG,2010-12-13,12.79,12.9,12.67,12.9,78960
DHG,2010-12-14,12.9,13.01,12.9,13.01,38320
DHG,2010-12-15,13.35,13.35,13.01,13.01,27170
DHG,2010-12-16,13.01,13.01,13.01,13.01,15360
DHG,2010-12-17,13.35,13.35,13.01,13.12,26610
DHG,2010-12-20,13.24,13.35,13.12,13.24,5570
DHG,2010-12-21,13.46,13.46,13.12,13.46,28110
DHG,2010-12-22,13.35,13.35,13.12,13.24,72230
DHG,2010-12-23,13.24,13.24,13.12,13.24,40600
DHG,2010-12-24,13.35,13.35,13.24,13.24,9310
DHG,2010-12-27,13.46,13.46,13.35,13.46,27810
DHG,2010-12-28,13.24,13.57,13.24,13.57,39210
DHG,2010-12-29,13.57,13.57,13.24,13.35,22160
DHG,2010-12-30,13.12,13.24,13.01,13.01,71900
DHG,2010-12-31,13.01,13.46,13.01,13.46,43650
DHG,2011-01-04,13.35,13.46,13.35,13.35,5210
DHG,2011-01-05,13.35,13.35,13.24,13.24,52090
DHG,2011-01-06,13.24,13.24,13.24,13.24,7000
DHG,2011-01-07,13.24,13.24,13.01,13.01,33200
DHG,2011-01-10,13.01,13.01,12.9,12.9,24000
DHG,2011-01-11,12.9,12.9,12.9,12.9,2860
DHG,2011-01-12,13.24,13.24,12.9,12.9,9380
DHG,2011-01-13,12.9,12.9,12.9,12.9,17610
DHG,2011-01-14,13.35,13.35,13.12,13.12,2240
DHG,2011-01-17,13.24,13.24,13.12,13.12,21700
DHG,2011-01-18,13.12,13.12,13.01,13.12,45390
DHG,2011-01-19,13.24,13.24,13.12,13.12,4810
DHG,2011-01-20,13.24,13.35,13.24,13.35,15920
DHG,2011-01-21,13.46,13.46,13.24,13.24,25700
DHG,2011-01-24,13.24,13.24,13.12,13.24,22360
DHG,2011-01-25,13.12,13.12,12.9,13.12,19710
DHG,2011-01-26,13.24,13.24,13.12,13.12,4690
DHG,2011-01-27,13.24,13.24,13.12,13.24,29090
DHG,2011-01-28,13.24,13.24,13.12,13.12,7660
DHG,2011-02-08,13.12,13.12,12.67,13.01,7350
DHG,2011-02-09,13.46,13.46,13.01,13.01,11970
DHG,2011-02-10,13.01,13.01,13.01,13.01,49010
DHG,2011-02-11,13.01,13.01,13.01,13.01,0
DHG,2011-02-14,13.12,13.24,13.12,13.12,4490
DHG,2011-02-15,12.9,13.01,12.79,12.9,5130
DHG,2011-02-16,13.35,13.35,13.01,13.12,3980
DHG,2011-02-17,13.12,13.24,13.12,13.24,1750
DHG,2011-02-18,13.24,13.24,13.12,13.12,5960
DHG,2011-02-21,13.24,13.24,12.9,12.9,9110
DHG,2011-02-22,12.34,13.01,12.34,13.01,22040
DHG,2011-02-23,13.01,13.01,12.67,12.67,21200
DHG,2011-02-24,13.12,13.12,12.56,12.56,1210
DHG,2011-02-25,13.01,13.01,12.79,12.79,20020
DHG,2011-02-28,12.79,12.9,12.79,12.79,16150
DHG,2011-03-01,12.56,12.67,12.56,12.67,2580
DHG,2011-03-02,12.67,12.67,12.45,12.45,1430
DHG,2011-03-03,12.34,12.45,12.34,12.45,1110
DHG,2011-03-04,12.67,12.67,12.67,12.67,310
DHG,2011-03-07,12.45,12.79,12.45,12.79,1230
DHG,2011-03-08,12.79,12.79,12.56,12.56,270
DHG,2011-03-09,12.9,12.9,12.79,12.79,1300
DHG,2011-03-10,12.79,13.24,12.79,13.24,24430
DHG,2011-03-11,13.35,13.35,13.24,13.24,3200
DHG,2011-03-14,12.9,12.9,12.9,12.9,170
DHG,2011-03-15,12.9,12.9,12.9,12.9,0
DHG,2011-03-16,13.24,13.24,12.9,12.9,770
DHG,2011-03-17,12.9,12.9,12.9,12.9,250
DHG,2011-03-18,12.9,12.9,12.9,12.9,1340
DHG,2011-03-21,13.35,13.35,12.9,12.9,810
DHG,2011-03-22,12.9,12.9,12.79,12.79,3790
DHG,2011-03-23,12.79,12.79,12.79,12.79,1340
DHG,2011-03-24,12.79,12.9,12.79,12.9,120
DHG,2011-03-25,12.79,13.24,12.79,12.9,1760
DHG,2011-03-28,12.9,13.12,12.9,13.12,21600
DHG,2011-03-29,13.12,13.12,12.79,13.01,33220
DHG,2011-03-30,13.24,13.24,13.01,13.12,7330
DHG,2011-03-31,13.01,13.12,13.01,13.12,25140
DHG,2011-04-01,13.01,13.01,12.9,12.9,10030
DHG,2011-04-04,13.01,13.24,13.01,13.01,4550
DHG,2011-04-05,13.01,13.12,13.01,13.12,4870
DHG,2011-04-06,13.12,13.12,13.01,13.12,31180
DHG,2011-04-07,13.12,13.35,13.12,13.35,13630
DHG,2011-04-08,13.35,13.35,13.24,13.24,22120
DHG,2011-04-13,13.46,13.46,13.35,13.46,35810
DHG,2011-04-14,13.46,13.46,13.35,13.46,7370
DHG,2011-04-15,13.46,13.57,13.46,13.46,10670
DHG,2011-04-18,13.24,13.46,13.24,13.24,30010
DHG,2011-04-19,13.24,13.35,13.24,13.24,3500
DHG,2011-04-20,13.35,13.35,13.24,13.35,29450
DHG,2011-04-21,13.46,13.46,13.46,13.46,1010
DHG,2011-04-22,13.46,13.46,13.35,13.46,8740
DHG,2011-04-25,13.35,13.46,13.35,13.46,6200
DHG,2011-04-26,13.24,13.35,13.24,13.35,4450
DHG,2011-04-27,13.57,13.57,13.35,13.46,34020
DHG,2011-04-28,13.24,13.46,13.24,13.46,10580
DHG,2011-04-29,13.46,13.57,13.46,13.57,6530
DHG,2011-05-04,13.57,13.57,13.57,13.57,18670
DHG,2011-05-05,13.57,14.02,13.35,14.02,31370
DHG,2011-05-06,14.02,14.02,13.91,14.02,17800
DHG,2011-05-09,14.13,14.24,14.02,14.24,12340
DHG,2011-05-10,14.24,14.24,13.91,13.91,7250
DHG,2011-05-11,14.02,14.13,14.02,14.02,7500
DHG,2011-05-12,14.02,14.13,14.02,14.02,11720
DHG,2011-05-13,14.13,14.13,14.02,14.02,26400
DHG,2011-05-16,14.02,14.02,14.02,14.02,13370
DHG,2011-05-17,14.02,14.13,13.91,14.13,12350
DHG,2011-05-18,14.13,14.13,14.02,14.13,2540
DHG,2011-05-19,14.13,14.24,14.02,14.02,9570
DHG,2011-05-20,14.13,14.13,14.02,14.02,15370
DHG,2011-05-23,13.35,14.02,13.35,13.35,24910
DHG,2011-05-24,12.9,13.24,12.79,12.79,80970
DHG,2011-05-25,12.79,12.9,12.23,12.23,40600
DHG,2011-05-26,12.23,12.67,11.66,12.34,6530
DHG,2011-05-27,12.79,12.79,12.56,12.67,15170
DHG,2011-05-30,13.01,13.01,12.67,12.79,23700
DHG,2011-05-31,12.67,12.79,12.67,12.67,5990
DHG,2011-06-01,12.9,12.9,12.9,12.9,200
DHG,2011-06-02,13.24,13.24,12.9,12.9,4840
DHG,2011-06-03,13.01,13.01,12.67,12.9,3680
DHG,2011-06-06,12.9,13.12,12.67,12.67,4660
DHG,2011-06-07,12.67,13.24,12.67,12.79,21960
DHG,2011-06-08,12.79,12.79,12.67,12.67,12090
DHG,2011-06-09,12.67,12.79,12.67,12.67,32560
DHG,2011-06-10,12.79,13.12,12.79,13.12,2150
DHG,2011-06-13,13.12,13.35,13.12,13.35,9240
DHG,2011-06-14,13.24,13.35,13.24,13.24,4360
DHG,2011-06-15,13.24,13.35,13.24,13.35,12750
DHG,2011-06-16,13.35,13.46,13.35,13.46,4890
DHG,2011-06-17,13.57,13.57,13.46,13.46,27510
DHG,2011-06-20,13.57,13.68,13.46,13.57,2560
DHG,2011-06-21,13.46,13.8,13.01,13.8,14300
DHG,2011-06-22,14.02,14.36,14.02,14.02,110220
DHG,2011-06-23,14.02,14.24,14.02,14.24,14110
DHG,2011-06-24,14.24,14.36,14.24,14.36,61790
DHG,2011-06-27,14.47,14.47,14.02,14.24,55330
DHG,2011-06-28,14.94,14.94,14.8,14.94,79660
DHG,2011-06-29,15.48,15.48,15.34,15.34,63370
DHG,2011-06-30,15.61,15.61,15.34,15.34,10780
DHG,2011-07-01,15.34,15.61,15.21,15.21,15800
DHG,2011-07-04,15.21,15.34,14.8,15.34,39210
DHG,2011-07-05,15.48,15.48,15.07,15.21,7110
DHG,2011-07-06,15.34,15.34,15.07,15.21,12010
DHG,2011-07-07,15.21,15.34,15.21,15.34,21320
DHG,2011-07-08,15.34,15.48,15.34,15.48,23550
DHG,2011-07-11,15.61,15.61,15.34,15.34,3260
DHG,2011-07-12,15.34,15.34,14.8,14.8,29500
DHG,2011-07-13,15.21,15.21,14.8,14.8,26550
DHG,2011-07-14,14.94,15.21,14.8,14.94,14050
DHG,2011-07-15,15.07,15.21,14.94,15.21,8420
DHG,2011-07-18,15.21,15.48,15.21,15.48,52550
DHG,2011-07-19,15.48,15.75,15.48,15.48,39620
DHG,2011-07-20,15.61,15.61,15.07,15.34,9920
DHG,2011-07-21,15.34,15.34,15.07,15.07,3710
DHG,2011-07-22,15.34,15.75,15.34,15.75,46170
DHG,2011-07-25,15.88,15.88,15.48,15.48,4680
DHG,2011-07-26,15.34,15.88,15.34,15.88,6910
DHG,2011-07-27,16.15,16.42,16.02,16.28,25500
DHG,2011-07-28,16.55,16.55,16.28,16.42,2050
DHG,2011-07-29,16.42,16.42,16.15,16.15,6830
DHG,2011-08-01,16.15,16.15,15.75,16.02,2110
DHG,2011-08-02,15.88,15.88,15.34,15.48,6420
DHG,2011-08-03,15.34,15.48,15.21,15.48,7880
DHG,2011-08-04,15.48,15.61,15.34,15.61,14400
DHG,2011-08-05,15.61,15.88,15.34,15.34,17230
DHG,2011-08-08,15.88,15.88,14.94,14.94,56310
DHG,2011-08-09,14.67,14.67,14.27,14.4,35770
DHG,2011-08-10,15.07,15.07,14.94,15.07,8640
DHG,2011-08-11,14.94,14.94,14.54,14.94,32600
DHG,2011-08-12,15.07,15.21,14.94,15.07,62750
DHG,2011-08-15,15.07,15.34,15.07,15.34,24580
DHG,2011-08-16,15.34,15.88,15.34,15.88,56510
DHG,2011-08-17,16.15,16.28,15.88,16.28,49180
DHG,2011-08-18,16.28,16.55,16.28,16.42,54300
DHG,2011-08-19,16.42,16.42,16.02,16.42,23820
DHG,2011-08-22,16.28,16.42,16.15,16.15,52560
DHG,2011-08-23,16.15,16.42,16.15,16.28,28380
DHG,2011-08-24,16.28,16.28,16.02,16.15,85400
DHG,2011-08-25,16.01,16.43,16.01,16.43,26420
DHG,2011-08-26,16.86,16.86,16.43,16.58,63280
DHG,2011-08-29,16.58,16.72,16.58,16.72,84480
DHG,2011-08-30,16.72,17.0,16.72,16.72,77690
DHG,2011-08-31,16.72,16.72,16.58,16.72,111720
DHG,2011-09-01,16.72,16.86,16.72,16.72,28290
DHG,2011-09-05,16.86,16.86,16.72,16.72,55160
DHG,2011-09-06,16.72,16.72,16.43,16.72,152920
DHG,2011-09-07,16.72,17.0,16.72,17.0,112130
DHG,2011-09-08,17.14,17.14,16.86,17.14,54880
DHG,2011-09-09,17.28,17.28,17.14,17.14,91510
DHG,2011-09-12,17.14,17.14,16.72,17.0,13610
DHG,2011-09-13,17.0,17.14,17.0,17.14,40730
DHG,2011-09-14,17.28,17.28,16.86,16.86,62270
DHG,2011-09-15,16.43,17.14,16.43,16.72,31720
DHG,2011-09-16,17.0,17.0,16.72,16.72,21110
DHG,2011-09-19,17.0,17.0,16.72,16.86,17160
DHG,2011-09-20,17.0,17.0,16.86,17.0,34900
DHG,2011-09-21,17.0,17.14,16.86,17.0,64480
DHG,2011-09-22,17.0,17.85,17.0,17.0,92300
DHG,2011-09-23,17.0,17.28,17.0,17.14,7660
DHG,2011-09-26,17.43,17.43,17.14,17.28,58470
DHG,2011-09-27,17.0,17.43,17.0,17.43,59110
DHG,2011-09-28,17.99,18.28,17.43,18.28,80790
DHG,2011-09-29,18.28,18.7,18.28,18.56,32420
DHG,2011-09-30,18.84,19.41,18.7,18.84,103990
DHG,2011-10-03,19.55,19.69,19.27,19.69,39320
DHG,2011-10-04,18.98,19.69,18.84,18.84,41270
DHG,2011-10-05,19.27,19.27,18.42,18.42,108250
DHG,2011-10-06,18.42,18.7,18.28,18.7,18340
DHG,2011-10-07,18.7,19.27,18.7,19.27,25860
DHG,2011-10-10,18.98,19.41,18.7,18.7,7760
DHG,2011-10-11,18.98,19.27,18.56,19.27,23240
DHG,2011-10-12,19.55,19.55,18.98,18.98,19060
DHG,2011-10-13,18.98,18.98,18.7,18.84,11060
DHG,2011-10-14,18.84,18.98,18.7,18.98,20790
DHG,2011-10-17,19.41,19.41,18.84,18.84,10250
DHG,2011-10-18,18.7,18.7,18.42,18.42,31980
DHG,2011-10-19,18.42,18.98,18.42,18.42,14340
DHG,2011-10-20,18.7,18.7,18.42,18.42,18970
DHG,2011-10-21,18.42,18.7,18.42,18.7,13520
DHG,2011-10-24,19.13,19.13,18.42,18.42,41150
DHG,2011-10-25,18.42,18.56,18.42,18.42,27820
DHG,2011-10-26,18.56,18.7,18.42,18.56,18330
DHG,2011-10-27,18.42,18.56,18.42,18.42,12000
DHG,2011-10-28,19.13,19.13,18.56,18.56,16050
DHG,2011-10-31,18.98,18.98,18.42,18.7,29490
DHG,2011-11-01,18.56,18.98,18.42,18.98,21940
DHG,2011-11-02,18.98,18.98,18.84,18.84,53360
DHG,2011-11-03,18.84,18.84,18.56,18.56,12240
DHG,2011-11-04,18.7,18.7,18.42,18.7,113420
DHG,2011-11-07,18.56,18.98,18.56,18.84,19520
DHG,2011-11-08,18.84,18.84,18.7,18.7,9410
DHG,2011-11-09,18.7,18.7,18.7,18.7,13470
DHG,2011-11-10,18.7,18.84,18.42,18.42,2900
DHG,2011-11-11,18.42,18.7,18.42,18.56,39000
DHG,2011-11-14,19.13,19.13,18.56,18.84,62570
DHG,2011-11-15,18.42,18.84,18.42,18.42,26000
DHG,2011-11-16,18.98,18.98,18.42,18.42,18210
DHG,2011-11-17,18.7,18.85,17.99,17.99,36910
DHG,2011-11-18,17.99,17.99,17.12,17.12,83560
DHG,2011-11-21,17.27,17.84,16.69,17.12,16110
DHG,2011-11-22,17.41,17.41,17.12,17.27,7720
DHG,2011-11-23,17.41,17.55,17.27,17.41,2260
DHG,2011-11-24,17.12,17.41,16.98,17.41,2670
DHG,2011-11-25,16.98,17.27,16.98,16.98,6070
DHG,2011-11-28,17.27,17.27,16.83,16.98,10570
DHG,2011-11-29,17.55,17.55,16.69,16.83,27520
DHG,2011-11-30,16.98,16.98,16.69,16.69,11030
DHG,2011-12-01,16.69,16.69,16.55,16.55,13310
DHG,2011-12-02,16.69,16.69,16.26,16.55,9930
DHG,2011-12-05,17.12,17.12,16.55,16.69,9990
DHG,2011-12-06,16.69,16.83,16.69,16.69,14840
DHG,2011-12-07,16.83,16.83,16.69,16.69,950
DHG,2011-12-08,16.69,16.69,16.4,16.55,2850
DHG,2011-12-09,16.55,16.55,16.12,16.55,250
DHG,2011-12-12,16.55,16.55,16.4,16.4,15530
DHG,2011-12-13,15.83,16.4,15.83,15.97,8250
DHG,2011-12-14,15.97,16.69,15.97,16.69,21200
DHG,2011-12-15,15.97,16.55,15.97,16.55,28110
DHG,2011-12-16,16.98,16.98,16.69,16.83,35970
DHG,2011-12-19,16.83,16.83,16.69,16.69,17500
DHG,2011-12-20,16.69,16.69,16.55,16.55,1380
DHG,2011-12-21,16.69,16.69,16.4,16.4,9200
DHG,2011-12-22,15.68,15.97,15.68,15.68,19000
DHG,2011-12-23,14.96,16.12,14.96,16.12,3010
DHG,2011-12-26,16.26,16.26,15.83,16.26,12620
DHG,2011-12-27,16.12,16.12,15.83,15.83,2110
DHG,2011-12-28,15.97,16.26,15.83,15.83,27340
DHG,2011-12-29,15.4,15.83,15.4,15.83,18840
DHG,2011-12-30,15.68,16.12,15.68,16.12,16130
DHG,2012-01-03,16.4,16.4,16.12,16.12,1300
DHG,2012-01-04,16.26,16.26,16.12,16.12,6040
DHG,2012-01-05,15.97,15.97,15.97,15.97,10
DHG,2012-01-06,15.83,15.83,15.4,15.54,34930
DHG,2012-01-09,15.83,15.83,15.25,15.83,7860
DHG,2012-01-10,15.25,16.4,15.25,16.4,15260
DHG,2012-01-11,16.69,16.69,16.26,16.26,20420
DHG,2012-01-12,15.68,15.97,15.68,15.83,23240
DHG,2012-01-13,15.97,16.4,15.97,16.4,45470
DHG,2012-01-16,16.83,16.83,16.26,16.69,2440
DHG,2012-01-17,16.26,16.69,16.26,16.4,4810
DHG,2012-01-18,16.69,16.69,16.26,16.26,6510
DHG,2012-01-19,16.69,16.69,16.4,16.4,2620
DHG,2012-01-20,16.98,16.98,16.55,16.69,6280
DHG,2012-01-30,16.98,17.12,16.98,17.12,12130
DHG,2012-01-31,17.41,17.41,17.27,17.41,6440
DHG,2012-02-01,17.55,17.7,17.55,17.7,8480
DHG,2012-02-02,17.99,17.99,17.7,17.84,6850
DHG,2012-02-03,18.42,18.42,17.84,17.84,10700
DHG,2012-02-06,17.84,17.84,17.12,17.12,4460
DHG,2012-02-07,17.27,17.27,16.98,16.98,1190
DHG,2012-02-08,17.27,17.7,17.12,17.7,3320
DHG,2012-02-09,17.55,17.7,17.41,17.41,4450
DHG,2012-02-10,17.7,17.7,17.41,17.41,2980
DHG,2012-02-13,17.41,17.84,17.41,17.84,11080
DHG,2012-02-14,17.55,17.84,17.55,17.84,3060
DHG,2012-02-15,17.84,17.84,17.55,17.55,18900
DHG,2012-02-16,17.55,17.7,17.55,17.7,6320
DHG,2012-02-17,17.84,18.27,17.84,18.27,26080
DHG,2012-02-20,18.7,18.99,18.7,18.99,20000
DHG,2012-02-21,18.99,18.99,18.13,18.13,37170
DHG,2012-02-22,18.56,18.56,18.13,18.27,7770
DHG,2012-02-23,18.27,18.27,17.84,18.13,20780
DHG,2012-02-24,18.27,18.27,17.99,17.99,10560
DHG,2012-02-27,18.27,18.27,17.84,17.99,13840
DHG,2012-02-28,17.99,17.99,17.55,17.55,17530
DHG,2012-02-29,17.7,18.13,17.7,17.84,7960
DHG,2012-03-01,18.13,18.13,17.7,17.7,15770
DHG,2012-03-02,18.13,18.27,17.7,17.84,17980
DHG,2012-03-05,18.27,18.7,18.13,18.7,15200
DHG,2012-03-06,18.99,19.14,17.99,18.13,5700
DHG,2012-03-07,18.13,18.42,18.13,18.27,7450
DHG,2012-03-08,18.27,18.56,17.41,17.41,28830
DHG,2012-03-09,17.7,17.99,17.7,17.99,130
DHG,2012-03-12,18.13,18.13,17.99,17.99,8300
DHG,2012-03-13,17.99,17.99,17.84,17.99,3390
DHG,2012-03-14,18.7,18.7,17.84,17.84,16110
DHG,2012-03-15,18.13,18.13,17.84,18.13,3490
DHG,2012-03-16,18.13,18.13,18.13,18.13,15760
DHG,2012-03-19,18.7,18.7,17.99,17.99,1570
DHG,2012-03-20,18.42,18.42,17.7,18.13,11400
DHG,2012-03-21,17.41,18.13,17.41,18.13,8730
DHG,2012-03-22,18.56,18.56,18.13,18.13,12960
DHG,2012-03-23,18.13,18.56,17.84,18.56,22080
DHG,2012-03-26,18.99,18.99,18.42,18.56,9020
DHG,2012-03-27,18.7,18.7,18.27,18.42,7680
DHG,2012-03-28,18.7,18.7,18.42,18.42,8220
DHG,2012-03-29,18.42,18.42,18.27,18.42,17290
DHG,2012-03-30,18.56,18.56,18.42,18.42,60
DHG,2012-04-03,17.84,18.42,17.84,18.42,3000
DHG,2012-04-04,18.42,18.42,18.13,18.13,9180
DHG,2012-04-05,18.7,18.7,18.13,18.13,10430
DHG,2012-04-06,18.13,18.27,18.13,18.13,8670
DHG,2012-04-09,18.13,18.13,18.13,18.13,1320
DHG,2012-04-10,18.13,18.13,18.13,18.13,9470
DHG,2012-04-11,18.7,18.7,18.42,18.42,2070
DHG,2012-04-12,18.13,18.27,18.13,18.27,3650
DHG,2012-04-13,18.13,18.27,18.13,18.27,11220
DHG,2012-04-16,18.27,18.42,18.13,18.42,10380
DHG,2012-04-17,18.13,18.13,17.99,18.13,3150
DHG,2012-04-18,18.13,18.13,17.99,17.99,3180
DHG,2012-04-19,17.99,17.99,17.7,17.84,6940
DHG,2012-04-20,17.41,17.99,17.41,17.84,3200
DHG,2012-04-23,18.42,18.42,17.55,17.55,11360
DHG,2012-04-24,17.55,17.84,17.55,17.84,8390
DHG,2012-04-25,18.56,18.56,17.7,17.99,8140
DHG,2012-04-26,17.84,17.99,17.84,17.84,9990
DHG,2012-04-27,18.13,18.13,17.7,17.99,410
DHG,2012-05-02,17.55,17.99,17.55,17.84,9780
DHG,2012-05-03,17.84,17.84,17.7,17.7,850
DHG,2012-05-04,17.99,17.99,17.55,17.7,5100
DHG,2012-05-07,17.84,17.84,17.55,17.7,7350
DHG,2012-05-08,17.55,17.7,17.55,17.7,9610
DHG,2012-05-09,17.41,18.27,17.41,18.13,14360
DHG,2012-05-10,17.84,17.84,17.84,17.84,13580
DHG,2012-05-11,18.13,18.13,17.55,18.13,7000
DHG,2012-05-14,18.27,18.27,17.99,17.99,290
DHG,2012-05-15,17.99,17.99,17.27,17.27,3150
DHG,2012-05-16,17.84,17.84,17.12,17.12,5610
DHG,2012-05-17,16.69,17.55,16.69,17.41,4750
DHG,2012-05-18,17.27,17.41,16.83,17.27,7620
DHG,2012-05-21,17.27,18.13,17.27,18.13,21000
DHG,2012-05-22,17.55,17.55,17.41,17.55,1210
DHG,2012-05-23,17.55,17.55,17.27,17.27,2910
DHG,2012-05-24,17.84,17.84,17.27,17.27,10810
DHG,2012-05-25,17.55,17.55,16.98,16.98,20670
DHG,2012-05-28,16.98,17.27,16.98,17.27,10950
DHG,2012-05-29,17.27,17.27,16.98,17.27,420
DHG,2012-05-30,17.27,17.27,17.27,17.27,260
DHG,2012-05-31,17.27,17.84,17.12,17.84,32320
DHG,2012-06-01,17.27,17.27,17.27,17.27,80
DHG,2012-06-04,16.83,16.83,16.83,16.83,520
DHG,2012-06-05,16.69,17.12,16.69,16.83,2520
DHG,2012-06-06,16.4,17.27,16.4,17.27,20920
DHG,2012-06-07,16.69,17.27,16.69,17.27,10950
DHG,2012-06-08,17.56,17.56,17.56,17.56,170
DHG,2012-06-11,18.29,18.29,17.56,17.56,2650
DHG,2012-06-12,17.12,17.27,17.12,17.12,4990
DHG,2012-06-13,17.12,17.27,17.12,17.27,1800
DHG,2012-06-14,17.27,17.27,17.27,17.27,80
DHG,2012-06-15,17.27,17.27,17.12,17.27,2050
DHG,2012-06-18,17.85,17.85,16.97,17.56,3650
DHG,2012-06-19,17.56,17.56,17.56,17.56,100
DHG,2012-06-20,17.41,17.41,17.27,17.27,510
DHG,2012-06-21,17.12,17.41,17.12,17.41,20
DHG,2012-06-22,17.41,17.41,16.97,17.27,1300
DHG,2012-06-25,16.97,17.27,16.97,16.97,1130
DHG,2012-06-26,16.97,16.97,16.97,16.97,3250
DHG,2012-06-27,16.68,16.97,16.68,16.97,50
DHG,2012-06-28,17.71,17.71,16.97,17.71,28350
DHG,2012-06-29,17.85,18.58,17.85,18.58,20040
DHG,2012-07-02,18.58,18.58,17.71,17.71,3350
DHG,2012-07-03,17.71,17.71,17.12,17.71,830
DHG,2012-07-04,18.14,18.14,17.27,17.27,7110
DHG,2012-07-05,17.27,17.27,17.27,17.27,1760
DHG,2012-07-06,17.27,17.85,17.27,17.27,1110
DHG,2012-07-09,17.56,17.56,16.68,16.68,5850
DHG,2012-07-10,16.68,17.27,16.68,17.27,17800
DHG,2012-07-11,17.56,17.56,16.97,16.97,1190
DHG,2012-07-12,16.97,17.41,16.83,17.41,750
DHG,2012-07-13,18.0,18.0,17.41,17.56,6170
DHG,2012-07-16,18.14,18.14,17.41,17.41,21900
DHG,2012-07-17,17.41,17.71,17.41,17.41,6680
DHG,2012-07-18,17.56,17.56,17.41,17.41,280
DHG,2012-07-19,17.41,17.41,17.41,17.41,3910
DHG,2012-07-20,17.85,17.85,17.56,17.71,7150
DHG,2012-07-23,18.14,18.14,17.56,17.71,44230
DHG,2012-07-24,17.56,17.71,17.27,17.71,1650
DHG,2012-07-25,17.41,17.71,17.41,17.71,16620
DHG,2012-07-26,17.71,17.71,17.71,17.71,3420
DHG,2012-07-27,17.71,18.44,17.71,18.44,63020
DHG,2012-07-30,18.44,18.73,18.29,18.44,24380
DHG,2012-07-31,18.14,18.29,18.14,18.14,1870
DHG,2012-08-01,18.14,18.14,18.14,18.14,0
DHG,2012-08-02,18.14,18.14,18.0,18.14,1380
DHG,2012-08-03,18.14,18.29,18.14,18.29,9460
DHG,2012-08-06,18.58,18.58,17.71,18.58,15530
DHG,2012-08-07,18.44,18.58,18.44,18.44,14200
DHG,2012-08-08,18.73,18.73,18.44,18.73,9210
DHG,2012-08-09,18.73,18.88,18.58,18.88,25560
DHG,2012-08-10,18.88,19.02,18.73,18.73,16220
DHG,2012-08-13,19.02,19.02,18.58,18.58,17700
DHG,2012-08-14,18.73,19.17,18.73,18.73,27600
DHG,2012-08-15,19.02,19.02,18.88,19.02,31740
DHG,2012-08-16,19.32,19.9,19.17,19.9,36820
DHG,2012-08-17,20.78,20.78,20.19,20.78,63140
DHG,2012-08-20,21.8,21.8,20.78,21.8,36780
DHG,2012-08-21,21.8,21.95,20.78,21.22,15690
DHG,2012-08-22,20.63,21.51,20.19,20.19,51480
DHG,2012-08-23,20.34,20.34,19.32,19.32,51140
DHG,2012-08-24,18.73,20.19,18.73,20.19,2670
DHG,2012-08-27,20.78,21.07,20.49,20.49,42920
DHG,2012-08-28,21.07,21.51,20.05,21.51,30530
DHG,2012-08-29,21.07,21.66,21.07,21.51,6540
DHG,2012-08-30,20.78,21.51,20.78,21.51,4620
DHG,2012-08-31,21.95,21.95,21.22,21.66,13810
DHG,2012-09-04,22.39,22.39,21.66,21.66,14810
DHG,2012-09-05,22.24,22.24,21.36,21.36,14360
DHG,2012-09-06,21.07,21.66,21.07,21.36,14510
DHG,2012-09-07,21.36,21.66,21.36,21.66,4260
DHG,2012-09-10,22.24,22.24,21.36,21.95,14050
DHG,2012-09-11,22.1,22.1,21.66,21.95,7350
DHG,2012-09-12,22.24,22.24,22.1,22.24,9730
DHG,2012-09-13,21.8,22.39,21.66,21.66,6780
DHG,2012-09-14,21.66,21.95,21.07,21.36,13510
DHG,2012-09-17,22.24,22.24,21.07,21.36,9260
DHG,2012-09-18,21.36,21.95,21.22,21.95,12610
DHG,2012-09-19,21.51,21.95,21.22,21.95,3030
DHG,2012-09-20,21.36,21.8,21.22,21.22,9170
DHG,2012-09-21,21.36,21.36,21.36,21.36,1270
DHG,2012-09-24,21.51,21.8,21.51,21.66,350
DHG,2012-09-25,21.22,21.51,21.22,21.51,3080
DHG,2012-09-26,21.51,21.51,21.22,21.22,1250
DHG,2012-09-27,21.07,21.66,21.07,21.66,10250
DHG,2012-09-28,21.8,21.8,21.36,21.36,1880
DHG,2012-10-01,21.95,21.95,20.78,20.78,44490
DHG,2012-10-02,20.78,21.07,20.78,21.07,7060
DHG,2012-10-03,21.07,21.07,20.34,20.34,20700
DHG,2012-10-04,20.34,20.78,20.34,20.78,5420
DHG,2012-10-05,20.92,20.92,20.78,20.78,860
DHG,2012-10-08,21.22,21.36,20.63,21.22,1950
DHG,2012-10-09,21.95,21.95,21.51,21.66,12780
DHG,2012-10-10,21.36,21.66,21.36,21.51,610
DHG,2012-10-11,21.51,21.51,21.22,21.51,6220
DHG,2012-10-12,21.36,21.51,21.07,21.51,2910
DHG,2012-10-15,21.51,21.51,20.78,20.78,14420
DHG,2012-10-16,20.63,21.8,20.63,21.22,20050
DHG,2012-10-17,21.22,21.36,21.07,21.36,10100
DHG,2012-10-18,20.78,21.07,20.78,20.78,17350
DHG,2012-10-19,21.36,21.36,20.78,20.78,12200
DHG,2012-10-22,20.92,20.92,20.92,20.92,4090
DHG,2012-10-23,20.92,20.92,20.05,20.34,15340
DHG,2012-10-24,20.78,20.78,20.19,20.19,5920
DHG,2012-10-25,20.49,20.49,20.19,20.34,25650
DHG,2012-10-26,20.34,20.34,19.61,19.61,35360
DHG,2012-10-29,19.46,19.61,19.32,19.61,1250
DHG,2012-10-30,20.05,20.05,19.61,19.61,3350
DHG,2012-10-31,19.32,20.34,19.32,20.34,6020
DHG,2012-11-01,20.34,20.34,19.75,19.75,15590
DHG,2012-11-02,18.88,19.61,18.88,19.61,24430
DHG,2012-11-05,19.76,19.76,19.31,19.76,3110
DHG,2012-11-06,19.01,19.61,18.86,19.31,6780
DHG,2012-11-07,19.31,19.31,18.86,19.16,3600
DHG,2012-11-08,19.16,19.16,18.86,19.01,760
DHG,2012-11-09,19.16,19.16,18.72,19.01,7820
DHG,2012-11-12,19.31,19.61,18.86,19.61,7530
DHG,2012-11-13,19.46,19.46,19.16,19.46,1810
DHG,2012-11-14,19.46,19.46,19.46,19.46,10
DHG,2012-11-15,19.46,19.61,19.46,19.46,6420
DHG,2012-11-16,19.31,19.31,19.16,19.16,17410
DHG,2012-11-19,19.16,19.46,19.16,19.46,260
DHG,2012-11-20,19.16,19.76,19.16,19.76,4940
DHG,2012-11-21,19.9,19.9,19.76,19.76,15360
DHG,2012-11-22,19.76,19.9,19.31,19.9,8180
DHG,2012-11-23,19.76,19.76,19.61,19.61,860
DHG,2012-11-26,19.61,19.61,19.16,19.16,11440
DHG,2012-11-27,19.31,19.31,19.16,19.16,14400
DHG,2012-11-28,19.01,20.05,18.86,20.05,10780
DHG,2012-11-29,19.31,19.76,19.31,19.61,3010
DHG,2012-11-30,19.31,19.76,19.31,19.31,4400
DHG,2012-12-03,19.46,19.46,19.31,19.46,8370
DHG,2012-12-04,19.31,19.46,19.16,19.46,12060
DHG,2012-12-05,19.61,19.61,19.46,19.61,8250
DHG,2012-12-06,19.76,19.9,19.46,19.9,8710
DHG,2012-12-07,19.46,19.9,19.46,19.9,4790
DHG,2012-12-10,19.9,20.05,19.61,19.9,4820
DHG,2012-12-11,19.76,20.5,19.76,20.5,9460
DHG,2012-12-12,20.5,20.94,20.5,20.94,10080
DHG,2012-12-13,20.94,21.09,20.8,20.94,7990
DHG,2012-12-14,20.8,20.94,19.9,19.9,4990
DHG,2012-12-17,20.65,20.65,20.2,20.5,7780
DHG,2012-12-18,20.2,20.2,19.9,19.9,2700
DHG,2012-12-19,20.5,20.5,19.9,20.2,3560
DHG,2012-12-20,19.9,20.2,19.76,19.76,11170
DHG,2012-12-21,19.61,19.9,19.61,19.76,19000
DHG,2012-12-24,19.76,20.5,19.76,20.35,11440
DHG,2012-12-25,20.35,20.35,20.35,20.35,7550
DHG,2012-12-26,20.5,20.5,20.05,20.35,10760
DHG,2012-12-27,20.35,20.8,20.2,20.8,20690
DHG,2012-12-28,21.09,21.69,20.5,21.69,25320
DHG,2013-01-02,21.39,21.39,21.09,21.09,3780
DHG,2013-01-03,21.39,21.39,21.09,21.09,5250
DHG,2013-01-04,21.39,21.39,21.09,21.09,2870
DHG,2013-01-07,21.24,21.24,20.5,21.09,11300
DHG,2013-01-08,21.09,22.13,20.8,21.98,52190
DHG,2013-01-09,22.28,22.88,21.84,21.84,50680
DHG,2013-01-10,21.84,22.13,21.84,21.98,24250
DHG,2013-01-11,22.13,22.28,21.69,21.84,27430
DHG,2013-01-14,21.84,21.84,21.39,21.54,28840
DHG,2013-01-15,21.69,21.69,21.39,21.54,26520
DHG,2013-01-16,21.54,21.84,21.24,21.54,80850
DHG,2013-01-17,21.54,21.54,21.09,21.09,18750
DHG,2013-01-18,21.39,21.54,21.24,21.24,8330
DHG,2013-01-21,21.39,21.39,20.94,20.94,21630
DHG,2013-01-22,21.24,21.24,20.94,21.24,21010
DHG,2013-01-23,21.24,21.24,21.09,21.09,18220
DHG,2013-01-24,21.24,22.13,21.09,21.39,19710
DHG,2013-01-25,21.84,21.84,21.39,21.84,16390
DHG,2013-01-28,22.28,22.43,21.98,22.28,46460
DHG,2013-01-29,21.54,22.28,21.54,22.28,24310
DHG,2013-01-30,22.58,22.58,21.98,22.28,17460
DHG,2013-01-31,22.28,22.28,21.69,22.13,16040
DHG,2013-02-01,21.54,21.98,21.39,21.98,510
DHG,2013-02-04,22.28,22.28,21.98,22.13,5340
DHG,2013-02-05,21.84,21.98,21.54,21.98,1560
DHG,2013-02-06,22.28,22.28,21.54,22.28,2670
DHG,2013-02-07,22.28,22.28,21.69,21.98,4000
DHG,2013-02-08,22.13,22.13,21.69,22.13,1960
DHG,2013-02-18,22.13,22.13,21.54,21.54,5350
DHG,2013-02-19,21.54,21.98,21.54,21.98,12700
DHG,2013-02-20,21.98,21.98,21.69,21.69,17770
DHG,2013-02-21,21.69,21.84,21.54,21.54,18000
DHG,2013-02-22,21.98,21.98,21.09,21.24,11740
DHG,2013-02-25,21.69,21.69,21.39,21.69,11060
DHG,2013-02-26,21.69,21.69,21.24,21.24,11880
DHG,2013-02-27,21.98,21.98,21.24,21.69,6480
DHG,2013-02-28,21.69,21.69,21.39,21.69,12160
DHG,2013-03-01,21.39,21.69,21.39,21.39,3550
DHG,2013-03-04,21.98,21.98,21.98,21.98,1260
DHG,2013-03-05,21.39,21.69,21.24,21.24,5340
DHG,2013-03-06,21.84,21.84,21.39,21.39,3060
DHG,2013-03-07,21.24,21.69,21.24,21.69,1330
DHG,2013-03-08,21.39,21.69,21.39,21.69,11380
DHG,2013-03-11,21.98,21.98,21.98,21.98,360
DHG,2013-03-12,21.98,21.98,21.69,21.98,5780
DHG,2013-03-13,21.98,21.98,21.98,21.98,4200
DHG,2013-03-14,21.98,21.98,21.69,21.98,3570
DHG,2013-03-15,21.98,21.98,21.84,21.98,3700
DHG,2013-03-18,21.98,21.98,21.84,21.84,3980
DHG,2013-03-19,21.98,21.98,21.84,21.84,11690
DHG,2013-03-20,22.13,23.32,22.13,23.32,71620
DHG,2013-03-21,23.77,24.81,23.77,24.81,87130
DHG,2013-03-22,26.14,26.29,23.47,23.47,64770
DHG,2013-03-25,24.21,24.95,23.92,24.66,27330
DHG,2013-03-26,24.66,24.81,24.21,24.21,56730
DHG,2013-03-27,24.36,24.51,24.06,24.51,47060
DHG,2013-03-28,24.51,24.95,24.36,24.66,22160
DHG,2013-03-29,24.66,24.66,24.21,24.21,34360
DHG,2013-04-01,24.36,25.7,24.36,25.25,36640
DHG,2013-04-02,26.15,26.15,25.55,25.55,19300
DHG,2013-04-03,25.25,25.55,24.65,24.8,17670
DHG,2013-04-04,24.8,25.4,24.65,25.1,20210
DHG,2013-04-05,25.1,25.25,24.8,24.95,6000
DHG,2013-04-08,25.55,25.55,24.8,25.25,22590
DHG,2013-04-09,25.1,25.25,24.95,24.95,9590
DHG,2013-04-10,24.95,25.25,24.8,24.8,10530
DHG,2013-04-11,24.65,24.95,24.65,24.65,3300
DHG,2013-04-12,24.35,24.65,24.05,24.65,18430
DHG,2013-04-15,24.65,24.65,24.2,24.2,5950
DHG,2013-04-16,24.05,24.65,23.75,24.65,10680
DHG,2013-04-17,24.65,24.65,24.05,24.35,5790
DHG,2013-04-18,23.9,24.05,23.75,24.05,2540
DHG,2013-04-22,23.9,23.9,23.75,23.75,2840
DHG,2013-04-23,23.15,23.75,23.15,23.75,5290
DHG,2013-04-24,24.05,24.05,23.75,23.75,3760
DHG,2013-04-25,23.45,24.35,23.45,24.2,9580
DHG,2013-04-26,24.95,24.95,23.75,23.75,11970
DHG,2013-05-02,24.05,24.05,23.3,23.45,13640
DHG,2013-05-03,23.3,23.9,23.3,23.9,1080
DHG,2013-05-06,24.2,24.2,23.75,24.2,9000
DHG,2013-05-07,24.2,24.2,23.75,24.2,5530
DHG,2013-05-08,24.2,24.2,24.05,24.2,820
DHG,2013-05-09,24.05,24.2,23.75,24.2,3350
DHG,2013-05-10,24.35,24.35,24.2,24.2,15330
DHG,2013-05-13,24.65,24.65,24.05,24.05,16030
DHG,2013-05-14,24.05,24.35,23.9,24.35,5370
DHG,2013-05-15,24.65,24.65,24.05,24.5,10120
DHG,2013-05-16,24.65,24.65,24.35,24.35,7510
DHG,2013-05-17,24.65,24.81,24.35,24.81,34470
DHG,2013-05-20,24.81,24.81,24.65,24.81,5510
DHG,2013-05-21,25.87,25.87,24.96,25.42,28500
DHG,2013-05-22,25.42,25.72,25.42,25.57,10670
DHG,2013-05-23,25.57,25.57,25.26,25.57,19150
DHG,2013-05-24,24.81,25.57,24.81,25.57,4320
DHG,2013-05-27,25.57,25.57,25.11,25.26,16530
DHG,2013-05-28,24.96,25.26,24.96,25.11,5390
DHG,2013-05-29,24.81,25.42,24.81,25.26,10550
DHG,2013-05-30,24.96,25.26,24.96,24.96,6160
DHG,2013-05-31,25.57,25.57,24.96,25.11,4610
DHG,2013-06-03,25.57,25.57,24.96,25.26,4790
DHG,2013-06-04,24.65,25.26,24.65,24.81,19970
DHG,2013-06-05,25.26,25.26,24.81,25.11,23380
DHG,2013-06-06,25.11,25.42,24.96,25.42,7580
DHG,2013-06-07,25.42,26.94,25.42,26.78,32970
DHG,2013-06-10,28.46,28.46,27.39,27.39,28500
DHG,2013-06-11,26.94,27.39,26.94,27.24,9060
DHG,2013-06-12,27.39,27.39,26.78,27.24,3300
DHG,2013-06-13,26.94,27.09,26.18,26.18,25340
DHG,2013-06-14,27.09,27.09,26.33,26.48,4940
DHG,2013-06-17,27.09,27.09,25.87,25.87,18220
DHG,2013-06-18,25.87,26.33,25.87,26.33,4630
DHG,2013-06-19,27.24,27.24,26.63,26.78,9630
DHG,2013-06-20,26.63,26.78,26.48,26.63,25890
DHG,2013-06-21,26.63,27.09,26.63,27.09,4690
DHG,2013-06-24,27.09,27.09,26.48,26.78,16730
DHG,2013-06-25,26.63,26.78,25.87,26.48,8270
DHG,2013-06-26,26.94,26.94,26.18,26.78,12920
DHG,2013-06-27,26.94,26.94,26.33,26.63,10110
DHG,2013-06-28,26.78,26.78,26.18,26.48,12000
DHG,2013-07-01,26.48,26.48,26.18,26.48,7380
DHG,2013-07-02,26.94,26.94,26.78,26.78,19330
DHG,2013-07-03,26.63,26.94,26.63,26.94,16340
DHG,2013-07-04,26.94,27.09,26.78,27.09,2470
DHG,2013-07-05,27.09,27.39,26.94,27.39,23110
DHG,2013-07-08,27.55,27.55,27.24,27.24,11710
DHG,2013-07-09,27.39,27.7,27.39,27.55,9180
DHG,2013-07-10,27.55,27.85,27.55,27.55,13570
DHG,2013-07-11,27.7,29.22,27.7,28.61,46060
DHG,2013-07-12,28.61,28.61,28.31,28.61,16290
DHG,2013-07-15,28.92,28.92,28.61,28.61,6100
DHG,2013-07-16,28.61,28.76,28.31,28.76,23350
DHG,2013-07-17,28.76,29.22,28.46,29.22,50720
DHG,2013-07-18,29.37,29.83,29.22,29.52,21910
DHG,2013-07-19,29.83,30.13,29.52,30.13,15650
DHG,2013-07-22,30.13,31.96,30.13,31.96,62040
DHG,2013-07-23,32.87,34.09,31.96,31.96,53600
DHG,2013-07-24,32.26,32.26,30.74,31.35,29450
DHG,2013-07-25,30.44,33.18,30.44,32.26,49320
DHG,2013-07-26,32.26,33.79,32.26,33.18,40130
DHG,2013-07-29,33.48,33.48,32.26,32.87,11120
DHG,2013-07-30,32.26,32.87,31.96,32.57,10840
DHG,2013-07-31,32.26,33.48,32.26,33.18,46840
DHG,2013-08-01,32.87,34.7,32.57,34.39,73990
DHG,2013-08-02,34.7,35.61,34.7,35.31,37680
DHG,2013-08-05,36.22,37.44,35.31,36.83,95060
DHG,2013-08-06,36.83,36.83,35.92,36.52,26200
DHG,2013-08-07,36.83,36.83,35.92,35.92,33410
DHG,2013-08-08,35.61,35.61,35.0,35.31,46560
DHG,2013-08-09,35.0,35.31,34.7,35.31,20580
DHG,2013-08-12,35.0,35.61,34.7,35.31,7750
DHG,2013-08-13,35.31,35.61,34.7,34.7,21010
DHG,2013-08-14,34.39,35.31,34.39,35.31,83440
DHG,2013-08-15,35.46,36.08,35.46,36.08,36360
DHG,2013-08-16,35.46,35.46,34.84,35.15,12490
DHG,2013-08-19,34.84,35.46,34.84,35.46,24220
DHG,2013-08-20,35.15,35.77,34.84,35.46,46650
DHG,2013-08-21,36.08,36.08,35.15,35.46,34590
DHG,2013-08-22,35.15,35.15,34.54,34.54,41300
DHG,2013-08-23,34.23,34.23,33.61,33.61,48500
DHG,2013-08-26,33.61,33.61,32.07,33.3,47930
DHG,2013-08-27,32.69,32.99,32.07,32.38,24950
DHG,2013-08-28,32.38,32.38,30.22,30.53,64060
DHG,2013-08-29,30.53,31.45,29.29,30.84,35310
DHG,2013-08-30,30.84,31.76,30.53,31.76,16090
DHG,2013-09-03,32.69,33.61,32.07,33.61,25810
DHG,2013-09-04,33.3,34.23,32.99,33.61,15190
DHG,2013-09-05,33.61,33.61,32.38,33.3,10960
DHG,2013-09-06,33.3,33.3,32.38,33.3,4360
DHG,2013-09-09,32.99,32.99,31.45,31.76,16690
DHG,2013-09-10,31.76,33.3,31.76,32.99,22420
DHG,2013-09-11,33.92,33.92,33.3,33.92,32430
DHG,2013-09-12,33.61,34.23,33.61,33.92,20730
DHG,2013-09-13,33.92,34.23,33.61,34.23,14000
DHG,2013-09-16,34.54,34.54,33.92,34.23,14550
DHG,2013-09-17,34.23,34.23,33.61,33.92,15690
DHG,2013-09-18,33.3,34.23,33.3,33.61,21070
DHG,2013-09-19,33.61,33.92,33.61,33.61,13420
DHG,2013-09-20,33.3,33.61,33.3,33.3,4420
DHG,2013-09-23,33.3,33.61,32.99,33.3,10240
DHG,2013-09-24,32.99,34.23,32.99,33.3,13250
DHG,2013-09-25,33.61,33.61,33.61,33.61,12440
DHG,2013-09-26,33.61,33.92,33.3,33.61,6100
DHG,2013-09-27,33.92,33.92,33.3,33.61,13180
DHG,2013-09-30,33.92,33.92,33.3,33.92,24220
DHG,2013-10-01,33.92,34.23,33.61,34.23,15760
DHG,2013-10-02,33.92,35.15,33.92,34.84,14210
DHG,2013-10-03,34.84,35.15,34.54,34.84,14030
DHG,2013-10-04,34.54,34.54,34.23,34.54,13990
DHG,2013-10-07,34.23,34.54,34.23,34.23,11510
DHG,2013-10-08,34.23,34.84,34.23,34.84,19590
DHG,2013-10-09,34.84,35.15,34.84,35.15,21550
DHG,2013-10-10,35.46,35.46,35.15,35.46,17350
DHG,2013-10-11,36.08,36.08,35.46,35.77,15520
DHG,2013-10-14,36.08,36.08,35.46,35.77,13820
DHG,2013-10-15,35.15,35.77,35.15,35.46,18830
DHG,2013-10-16,35.46,35.46,35.46,35.46,1010
DHG,2013-10-17,35.46,35.46,34.84,35.15,12610
DHG,2013-10-18,34.84,35.46,34.54,35.46,10170
DHG,2013-10-21,35.77,35.77,35.15,35.77,16990
DHG,2013-10-22,35.15,35.46,34.54,34.84,25840
DHG,2013-10-23,34.84,34.84,34.54,34.84,26130
DHG,2013-10-24,34.84,34.84,33.92,34.23,26120
DHG,2013-10-25,34.84,34.84,33.92,34.23,7830
DHG,2013-10-28,34.54,34.54,33.61,33.61,22880
DHG,2013-10-29,33.61,33.92,33.61,33.92,4730
DHG,2013-10-30,33.92,34.54,33.92,34.23,8240
DHG,2013-10-31,33.92,34.23,33.61,33.61,2980
DHG,2013-11-01,33.61,33.92,33.3,33.92,18580
DHG,2013-11-04,33.3,33.61,33.3,33.61,20500
DHG,2013-11-05,33.61,33.61,33.3,33.3,4310
DHG,2013-11-06,33.61,33.61,32.99,33.61,9420
DHG,2013-11-07,33.3,33.61,32.99,33.3,6840
DHG,2013-11-08,33.61,33.61,33.3,33.3,8240
DHG,2013-11-11,33.3,33.3,32.99,33.3,3460
DHG,2013-11-12,32.99,33.3,32.69,33.3,14970
DHG,2013-11-13,33.3,33.3,32.99,33.3,5510
DHG,2013-11-14,33.3,33.61,33.3,33.3,8610
DHG,2013-11-15,33.61,33.92,33.61,33.92,10470
DHG,2013-11-18,34.23,34.23,33.92,33.92,3250
DHG,2013-11-19,33.92,34.23,33.3,33.92,960
DHG,2013-11-20,33.61,33.61,33.3,33.61,1320
DHG,2013-11-21,33.3,33.61,32.69,32.69,24790
DHG,2013-11-22,33.61,33.61,32.99,33.3,680
DHG,2013-11-25,33.3,33.3,32.99,33.3,8460
DHG,2013-11-26,33.61,33.61,32.69,32.99,4290
DHG,2013-11-27,32.99,33.3,32.99,33.3,560
DHG,2013-11-28,32.69,33.3,32.69,33.3,13900
DHG,2013-11-29,32.99,33.92,32.99,33.92,8890
DHG,2013-12-02,33.92,33.92,33.3,33.92,200
DHG,2013-12-03,33.61,34.23,33.61,34.23,8410
DHG,2013-12-04,34.23,34.23,33.92,34.23,20740
DHG,2013-12-05,34.54,34.54,34.23,34.54,13050
DHG,2013-12-06,34.54,34.54,34.23,34.54,3620
DHG,2013-12-09,34.23,34.54,34.23,34.54,10990
DHG,2013-12-10,34.23,34.54,33.92,34.54,2690
DHG,2013-12-11,34.54,34.54,33.92,34.23,9040
DHG,2013-12-12,33.92,34.84,33.92,34.84,14290
DHG,2013-12-13,34.84,35.15,34.54,35.15,2110
DHG,2013-12-16,35.15,35.15,34.84,35.15,6200
DHG,2013-12-17,34.84,35.15,34.54,35.15,9750
DHG,2013-12-18,35.15,35.15,34.54,35.15,7550
DHG,2013-12-19,34.84,34.84,34.54,34.54,3670
DHG,2013-12-20,34.54,34.84,34.54,34.84,2540
DHG,2013-12-23,35.15,35.15,34.84,34.84,1490
DHG,2013-12-24,34.54,34.84,34.54,34.84,3700
DHG,2013-12-25,34.84,34.84,34.84,34.84,5080
DHG,2013-12-26,34.84,35.46,34.54,34.54,14010
DHG,2013-12-27,34.23,35.15,34.23,35.15,1480
DHG,2013-12-30,35.15,35.15,34.23,35.15,4230
DHG,2013-12-31,34.84,35.15,34.54,35.15,5020
DHG,2014-01-02,35.15,35.15,34.54,35.15,12410
DHG,2014-01-03,35.15,35.15,34.84,35.15,940
DHG,2014-01-06,35.15,35.15,34.84,34.84,16230
DHG,2014-01-07,34.84,35.15,34.54,35.15,5330
DHG,2014-01-08,34.54,35.15,34.54,35.15,5370
DHG,2014-01-09,34.84,35.15,34.84,35.15,7860
DHG,2014-01-10,35.77,35.77,35.15,35.15,14060
DHG,2014-01-13,35.15,35.15,35.15,35.15,10590
DHG,2014-01-14,34.84,35.46,34.84,35.46,10630
DHG,2014-01-15,34.84,35.46,34.84,34.84,33210
DHG,2014-01-16,35.46,35.46,35.15,35.46,6920
DHG,2014-01-17,35.46,37.62,35.46,37.0,48070
DHG,2014-01-20,37.62,37.62,36.69,36.69,24410
DHG,2014-01-21,36.39,37.0,35.46,37.0,10080
DHG,2014-01-22,36.69,37.0,36.08,36.08,34260
DHG,2014-01-23,36.08,36.39,36.08,36.08,9210
DHG,2014-01-24,36.39,36.69,35.77,36.69,12120
DHG,2014-01-27,36.39,39.16,36.08,38.85,39000
DHG,2014-02-06,38.54,39.47,38.54,39.16,17670
DHG,2014-02-07,39.16,39.47,37.93,37.93,16050
DHG,2014-02-10,38.24,39.47,37.93,39.47,9780
DHG,2014-02-11,39.78,41.94,39.16,40.09,50250
DHG,2014-02-12,40.7,41.32,40.09,41.32,33360
DHG,2014-02-13,41.63,41.63,40.7,41.63,67140
DHG,2014-02-14,41.63,41.63,40.39,40.39,22350
DHG,2014-02-17,40.09,40.7,40.09,40.09,18880
DHG,2014-02-18,39.78,40.39,39.78,40.09,12800
DHG,2014-02-19,41.01,41.32,40.39,41.01,47650
DHG,2014-02-20,41.32,41.32,39.78,40.7,29930
DHG,2014-02-21,40.7,40.7,39.47,40.7,6410
DHG,2014-02-24,40.7,40.7,40.09,40.7,18660
DHG,2014-02-25,40.39,40.7,40.09,40.7,11160
DHG,2014-02-26,40.7,40.7,39.78,40.39,20860
DHG,2014-02-27,40.09,40.09,39.47,39.47,9930
DHG,2014-02-28,39.78,39.78,38.85,39.78,11740
DHG,2014-03-03,39.47,40.09,39.47,39.47,22760
DHG,2014-03-04,38.85,40.09,38.85,40.09,16050
DHG,2014-03-05,40.09,40.7,40.09,40.7,8550
DHG,2014-03-06,40.7,40.7,40.09,40.7,8110
DHG,2014-03-07,40.39,41.01,40.39,40.7,6020
DHG,2014-03-10,41.01,41.01,40.39,40.7,2800
DHG,2014-03-11,40.39,41.01,40.09,40.39,10540
DHG,2014-03-12,40.09,40.39,40.09,40.39,12580
DHG,2014-03-13,40.39,42.55,40.09,42.55,34860
DHG,2014-03-14,44.4,45.02,42.86,45.02,127040
DHG,2014-03-17,46.25,46.25,44.09,45.33,33700
DHG,2014-03-18,45.33,45.33,44.71,44.71,17340
DHG,2014-03-19,44.71,45.02,44.4,44.4,13160
DHG,2014-03-20,44.71,44.71,44.09,44.71,10210
DHG,2014-03-21,44.71,44.71,43.48,43.79,24550
DHG,2014-03-24,44.4,45.02,43.79,44.09,46400
DHG,2014-03-25,44.09,44.4,43.48,44.09,44150
DHG,2014-03-26,44.09,44.09,42.86,43.48,17060
DHG,2014-03-27,44.4,44.4,43.17,43.79,28070
DHG,2014-03-28,43.79,44.09,43.17,43.17,14480
DHG,2014-03-31,43.17,43.48,42.55,42.86,18220
DHG,2014-04-01,42.55,42.55,41.63,41.94,11740
DHG,2014-04-02,41.94,41.94,41.01,41.63,20640
DHG,2014-04-03,41.94,42.86,41.63,42.55,9580
DHG,2014-04-04,42.55,42.86,42.55,42.55,1620
DHG,2014-04-07,42.86,43.17,42.55,43.17,3770
DHG,2014-04-08,44.09,44.09,43.17,43.79,11970
DHG,2014-04-10,43.79,43.79,43.48,43.48,3640
DHG,2014-04-11,43.17,43.17,42.55,43.17,3430
DHG,2014-04-14,43.48,43.48,42.86,43.17,5860
DHG,2014-04-15,42.86,43.17,42.55,42.86,14260
DHG,2014-04-16,42.86,42.86,42.24,42.86,7660
DHG,2014-04-17,42.86,43.48,42.86,43.48,18160
DHG,2014-04-18,43.48,44.09,43.17,43.48,22350
DHG,2014-04-21,43.79,43.79,43.17,43.48,23140
DHG,2014-04-22,43.48,43.48,43.17,43.48,12530
DHG,2014-04-23,43.48,43.48,43.17,43.17,3430
DHG,2014-04-24,43.17,43.17,42.55,43.17,7390
DHG,2014-04-25,43.17,43.17,42.86,43.17,3190
DHG,2014-04-28,43.79,43.79,43.48,43.48,14500
DHG,2014-04-29,43.48,43.48,43.17,43.48,830
DHG,2014-05-05,43.79,43.79,42.86,43.48,3440
DHG,2014-05-06,42.86,42.86,41.63,42.55,7220
DHG,2014-05-07,41.63,42.55,41.63,42.55,5830
DHG,2014-05-08,41.94,41.94,39.78,39.78,39030
DHG,2014-05-09,39.78,40.7,37.0,39.78,65810
DHG,2014-05-12,39.47,39.47,37.0,37.0,15780
DHG,2014-05-13,37.0,37.31,34.54,35.77,44320
DHG,2014-05-14,35.77,36.39,35.15,36.08,9930
DHG,2014-05-15,36.08,37.31,35.77,36.08,11110
DHG,2014-05-16,35.46,36.69,35.15,36.69,25890
DHG,2014-05-19,37.31,38.24,36.39,38.24,24470
DHG,2014-05-20,38.24,38.85,38.24,38.85,19360
DHG,2014-05-21,39.16,40.39,39.16,40.09,56390
DHG,2014-05-22,40.7,41.01,39.78,40.39,21900
DHG,2014-05-23,40.09,40.09,39.16,40.09,13670
DHG,2014-05-26,40.09,40.09,39.47,40.09,13080
DHG,2014-05-27,40.39,40.7,39.78,40.39,29570
DHG,2014-05-28,41.01,41.01,40.09,40.7,26470
DHG,2014-05-29,41.01,41.01,40.39,40.7,33780
DHG,2014-05-30,43.17,43.17,41.11,41.94,50820
DHG,2014-06-02,42.76,42.76,41.11,41.52,14430
DHG,2014-06-03,41.52,41.52,41.11,41.52,19660
DHG,2014-06-04,41.52,41.52,40.29,40.29,17000
DHG,2014-06-05,41.11,41.11,39.88,40.29,8740
DHG,2014-06-06,40.7,40.7,40.09,40.09,17450
DHG,2014-06-09,40.7,40.7,40.29,40.5,12860
DHG,2014-06-10,40.29,40.29,39.88,39.88,11130
DHG,2014-06-11,39.67,40.09,39.06,39.67,14840
DHG,2014-06-12,39.67,39.88,39.47,39.67,8920
DHG,2014-06-13,40.09,40.09,39.47,40.09,25830
DHG,2014-06-16,40.5,40.5,39.47,39.88,20570
DHG,2014-06-17,40.09,40.09,39.26,39.88,18680
DHG,2014-06-18,40.09,40.09,39.47,39.47,38420
DHG,2014-06-19,39.67,39.67,39.06,39.47,14430
DHG,2014-06-20,39.67,39.67,39.47,39.67,7560
DHG,2014-06-23,40.09,40.09,39.67,39.88,6590
DHG,2014-06-24,40.09,40.5,40.09,40.29,24270
DHG,2014-06-25,40.5,40.7,40.29,40.29,14090
DHG,2014-06-26,40.29,40.5,40.09,40.5,5840
DHG,2014-06-27,40.5,40.5,40.09,40.5,3910
DHG,2014-06-30,40.5,40.5,39.88,40.29,12240
DHG,2014-07-01,39.88,40.09,39.67,39.67,7040
DHG,2014-07-02,39.67,39.88,39.47,39.88,17780
DHG,2014-07-03,39.88,39.88,39.67,39.88,9200
DHG,2014-07-04,39.88,40.09,39.47,39.88,9480
DHG,2014-07-07,40.09,40.5,39.88,40.5,18100
DHG,2014-07-08,40.5,40.7,40.29,40.5,24400
DHG,2014-07-09,40.5,40.7,40.5,40.5,53070
DHG,2014-07-10,40.5,40.7,40.29,40.7,38340
DHG,2014-07-11,40.5,40.91,40.09,40.7,40240
DHG,2014-07-14,40.7,40.91,40.5,40.7,17690
DHG,2014-07-15,40.91,40.91,40.5,40.91,22080
DHG,2014-07-16,40.5,40.91,40.5,40.7,17980
DHG,2014-07-17,40.29,40.7,40.29,40.29,23040
DHG,2014-07-18,40.71,40.71,40.29,40.71,17210
DHG,2014-07-21,40.71,40.71,40.29,40.5,7500
DHG,2014-07-22,40.29,40.29,39.66,39.66,15610
DHG,2014-07-23,40.71,40.71,39.87,40.29,30140
DHG,2014-07-24,40.5,40.5,40.08,40.5,7740
DHG,2014-07-25,40.29,40.71,40.08,40.08,7780
DHG,2014-07-28,39.66,39.87,39.04,39.25,53580
DHG,2014-07-29,40.5,40.5,39.25,39.66,28670
DHG,2014-07-30,39.87,39.87,39.66,39.66,6650
DHG,2014-07-31,39.66,39.66,39.46,39.46,3920
DHG,2014-08-01,39.66,39.66,39.25,39.46,4610
DHG,2014-08-04,39.87,39.87,39.66,39.87,6290
DHG,2014-08-05,39.87,40.5,39.87,40.5,17500
DHG,2014-08-06,40.5,40.5,40.08,40.08,14430
DHG,2014-08-07,40.08,40.5,40.08,40.29,8140
DHG,2014-08-08,40.5,40.5,39.87,40.29,6160
DHG,2014-08-11,39.25,40.29,39.25,40.29,28220
DHG,2014-08-12,40.29,40.29,39.46,40.08,16970
DHG,2014-08-13,40.08,40.08,39.46,40.08,12730
DHG,2014-08-14,39.66,39.87,39.46,39.87,10090
DHG,2014-08-15,39.87,40.5,39.87,40.08,12330
DHG,2014-08-18,40.08,40.08,39.66,40.08,3670
DHG,2014-08-19,40.08,40.08,39.66,39.87,9360
DHG,2014-08-20,39.46,39.66,39.46,39.46,3700
DHG,2014-08-21,39.66,39.66,39.46,39.46,10500
DHG,2014-08-22,39.66,39.87,39.66,39.66,13090
DHG,2014-08-25,39.66,39.87,39.46,39.66,48690
DHG,2014-08-26,40.08,40.08,39.46,39.66,16220
DHG,2014-08-27,39.46,39.66,39.46,39.66,46980
DHG,2014-08-28,39.46,39.66,39.04,39.04,88070
DHG,2014-08-29,39.04,39.25,38.83,39.25,72960
DHG,2014-09-03,39.66,40.29,39.66,39.87,24570
DHG,2014-09-04,39.66,39.66,39.25,39.25,43980
DHG,2014-09-05,37.58,39.25,37.58,39.25,46130
DHG,2014-09-08,39.25,39.25,38.83,39.04,38530
DHG,2014-09-09,39.04,39.04,37.99,38.41,46580
DHG,2014-09-10,38.2,38.62,38.2,38.2,11260
DHG,2014-09-11,37.99,38.62,37.58,38.41,47030
DHG,2014-09-12,38.41,38.62,37.99,38.62,15330
DHG,2014-09-15,38.41,38.62,37.99,38.41,14560
DHG,2014-09-16,37.99,38.2,37.58,37.58,24070
DHG,2014-09-17,38.41,38.41,37.79,38.41,5020
DHG,2014-09-18,38.41,38.41,37.79,37.79,590
DHG,2014-09-19,37.79,37.99,37.58,37.99,22770
DHG,2014-09-22,38.41,38.62,37.79,37.79,17870
DHG,2014-09-23,37.79,38.2,37.79,38.2,10140
DHG,2014-09-24,38.2,38.41,37.99,38.41,3750
DHG,2014-09-25,38.41,38.41,37.99,38.2,8980
DHG,2014-09-26,38.2,38.41,38.2,38.2,11460
DHG,2014-09-29,38.41,38.41,37.79,38.41,17560
DHG,2014-09-30,37.99,38.2,37.99,38.2,15850
DHG,2014-10-01,37.99,38.41,37.99,38.2,4940
DHG,2014-10-02,37.99,38.41,37.79,38.41,35300
DHG,2014-10-03,38.41,39.66,38.41,39.66,37070
DHG,2014-10-06,39.66,39.87,39.66,39.66,11610
DHG,2014-10-07,39.66,39.66,39.25,39.46,5410
DHG,2014-10-08,39.25,39.66,39.25,39.46,45680
DHG,2014-10-09,39.66,39.66,38.83,39.46,3900
DHG,2014-10-10,39.46,39.46,38.83,39.25,3300
DHG,2014-10-13,39.25,39.25,38.41,38.62,15500
DHG,2014-10-14,39.04,39.04,38.41,38.62,5960
DHG,2014-10-15,38.62,38.62,38.41,38.62,2620
DHG,2014-10-16,38.62,38.62,37.99,37.99,12630
DHG,2014-10-17,37.99,38.2,37.79,38.2,10790
DHG,2014-10-20,37.99,38.2,37.99,38.2,20540
DHG,2014-10-21,37.99,38.2,37.99,38.2,12970
DHG,2014-10-22,38.2,38.41,37.99,38.2,11020
DHG,2014-10-23,38.2,38.2,37.99,38.2,28050
DHG,2014-10-24,38.62,38.62,38.2,38.41,19900
DHG,2014-10-27,38.41,38.41,37.79,37.79,39250
DHG,2014-10-28,37.99,38.41,37.99,38.41,10550
DHG,2014-10-29,38.83,38.83,38.41,38.62,18300
DHG,2014-10-30,38.83,39.04,38.41,39.04,15990
DHG,2014-10-31,39.04,39.25,39.04,39.25,12040
DHG,2014-11-03,39.46,39.46,39.25,39.46,4320
DHG,2014-11-04,39.25,39.46,39.04,39.25,2840
DHG,2014-11-05,39.46,39.87,39.25,39.66,19700
DHG,2014-11-06,39.87,40.08,39.66,39.66,16040
DHG,2014-11-07,39.66,39.66,39.66,39.66,3410
DHG,2014-11-10,40.08,40.71,39.66,40.5,26710
DHG,2014-11-11,40.71,40.71,40.5,40.71,8010
DHG,2014-11-12,40.92,40.92,40.5,40.71,6070
DHG,2014-11-13,40.71,40.92,40.5,40.71,13240
DHG,2014-11-14,40.5,40.71,40.5,40.5,13230
DHG,2014-11-17,40.71,40.71,40.08,40.5,2230
DHG,2014-11-18,40.08,40.5,40.08,40.08,4030
DHG,2014-11-19,40.5,40.5,39.25,39.25,15410
DHG,2014-11-20,40.08,40.08,39.46,39.46,250
DHG,2014-11-21,39.66,39.66,39.25,39.66,2400
DHG,2014-11-24,39.25,39.66,39.04,39.66,3410
DHG,2014-11-25,39.04,39.46,39.04,39.46,1340
DHG,2014-11-26,39.46,39.46,39.04,39.25,3180
DHG,2014-11-27,38.83,39.25,38.62,39.25,21430
DHG,2014-11-28,38.83,39.25,38.83,39.25,9640
DHG,2014-12-01,39.25,39.25,39.04,39.04,5720
DHG,2014-12-02,38.83,39.04,38.83,39.04,29720
DHG,2014-12-03,40.08,40.08,39.04,39.04,15560
DHG,2014-12-04,39.04,39.25,39.04,39.04,40970
DHG,2014-12-05,39.04,39.04,38.83,39.04,26180
DHG,2014-12-08,39.04,39.04,38.83,39.04,43060
DHG,2014-12-09,39.04,39.04,38.62,38.83,31460
DHG,2014-12-10,38.41,38.83,38.41,38.83,7570
DHG,2014-12-11,38.83,39.04,38.62,38.83,21360
DHG,2014-12-12,38.83,38.83,38.62,38.62,11510
DHG,2014-12-15,38.62,38.83,37.99,38.2,12690
DHG,2014-12-16,38.62,38.62,37.99,38.41,14470
DHG,2014-12-17,38.2,38.41,37.58,38.41,26610
DHG,2014-12-18,38.62,38.62,37.79,37.99,2520
DHG,2014-12-19,38.83,38.83,38.2,38.2,3260
DHG,2014-12-22,38.41,38.83,38.41,38.83,3490
DHG,2014-12-23,38.83,39.25,38.41,38.83,14510
DHG,2014-12-24,38.41,38.83,37.79,38.62,890
DHG,2014-12-25,37.99,38.83,37.99,38.83,6680
DHG,2014-12-26,38.41,38.83,37.99,37.99,2030
DHG,2014-12-29,36.32,38.83,36.32,38.41,5530
DHG,2014-12-30,37.99,38.83,37.58,38.83,6220
DHG,2014-12-31,39.25,40.08,38.41,40.08,17560
DHG,2015-01-05,40.08,40.08,38.83,39.66,1160
DHG,2015-01-06,39.25,39.66,39.25,39.66,250
DHG,2015-01-07,39.66,39.66,38.83,39.25,2410
DHG,2015-01-08,39.25,39.25,38.83,39.25,2430
DHG,2015-01-09,39.25,39.25,38.83,39.25,6720
DHG,2015-01-12,38.83,38.83,38.62,38.62,2980
DHG,2015-01-13,39.25,39.25,38.62,38.83,1580
DHG,2015-01-14,39.46,39.46,38.62,39.25,9840
DHG,2015-01-15,39.04,39.04,38.41,38.83,3620
DHG,2015-01-16,39.04,39.04,38.62,38.62,1500
DHG,2015-01-19,38.41,38.83,38.41,38.62,1760
DHG,2015-01-20,38.83,38.83,38.62,38.83,3360
DHG,2015-01-21,39.04,39.04,38.41,38.83,1880
DHG,2015-01-22,38.41,38.62,38.41,38.62,11060
DHG,2015-01-23,38.62,39.04,37.58,37.58,26920
DHG,2015-01-26,37.58,38.83,37.37,38.41,22840
DHG,2015-01-27,37.58,38.41,37.58,38.41,20650
DHG,2015-01-28,38.41,39.04,38.41,38.62,14310
DHG,2015-01-29,39.25,39.25,38.62,38.83,27460
DHG,2015-01-30,39.04,39.04,38.41,38.83,21470
DHG,2015-02-02,39.04,39.04,38.83,38.83,18110
DHG,2015-02-03,38.41,38.62,37.58,37.58,13720
DHG,2015-02-04,37.99,38.41,37.58,38.41,8130
DHG,2015-02-05,38.41,38.62,38.41,38.41,3140
DHG,2015-02-06,38.41,38.83,38.41,38.62,8650
DHG,2015-02-09,39.04,39.04,38.41,38.62,6450
DHG,2015-02-10,38.62,38.62,38.2,38.2,7200
DHG,2015-02-11,37.99,38.62,37.99,38.41,1840
DHG,2015-02-12,37.99,38.83,37.99,38.83,8250
DHG,2015-02-13,38.83,38.83,38.62,38.83,240
DHG,2015-02-24,38.41,38.41,37.99,38.2,17810
DHG,2015-02-25,38.41,38.41,37.79,37.99,8870
DHG,2015-02-26,38.2,38.2,37.99,37.99,6140
DHG,2015-02-27,38.2,38.2,37.99,37.99,660
DHG,2015-03-02,38.2,38.41,38.2,38.2,13830
DHG,2015-03-03,37.99,38.41,37.99,38.41,18140
DHG,2015-03-04,38.41,38.62,38.41,38.41,10950
DHG,2015-03-05,38.41,38.62,38.41,38.62,14800
DHG,2015-03-06,38.41,38.62,38.41,38.41,17760
DHG,2015-03-09,38.62,38.62,38.2,38.62,20790
DHG,2015-03-10,38.2,38.41,38.2,38.41,4680
DHG,2015-03-11,37.99,38.41,37.99,38.2,7990
DHG,2015-03-12,38.41,38.41,37.99,37.99,8230
DHG,2015-03-13,37.99,38.2,37.79,38.2,2280
DHG,2015-03-16,38.41,38.41,38.2,38.41,2470
DHG,2015-03-17,38.41,38.41,37.58,38.2,15440
DHG,2015-03-18,37.79,37.99,37.58,37.58,9100
DHG,2015-03-19,37.58,37.99,37.58,37.79,2740
DHG,2015-03-20,37.58,37.79,37.58,37.79,2200
DHG,2015-03-23,37.37,37.58,37.37,37.58,6480
DHG,2015-03-24,37.58,37.58,37.16,37.58,4070
DHG,2015-03-25,37.58,37.58,37.16,37.16,7080
DHG,2015-03-26,37.16,37.58,37.16,37.58,760
DHG,2015-03-27,37.58,37.58,37.37,37.58,4620
DHG,2015-03-30,37.58,37.58,37.16,37.58,470
DHG,2015-03-31,37.16,37.37,36.95,37.37,13140
DHG,2015-04-01,37.16,37.16,35.91,37.16,6520
DHG,2015-04-02,36.95,36.95,36.53,36.95,11180
DHG,2015-04-03,36.95,36.95,36.74,36.95,2330
DHG,2015-04-06,37.16,37.16,36.32,36.74,3890
DHG,2015-04-07,36.74,36.74,36.32,36.74,4500
DHG,2015-04-08,36.74,36.74,36.32,36.53,1570
DHG,2015-04-09,36.32,36.53,36.32,36.53,1070
DHG,2015-04-10,36.53,36.53,36.12,36.32,5290
DHG,2015-04-13,36.12,36.32,35.49,35.49,41600
DHG,2015-04-14,35.49,35.49,34.65,35.07,16920
DHG,2015-04-15,34.65,35.07,34.65,35.07,3930
DHG,2015-04-16,35.07,35.7,34.65,35.7,16160
DHG,2015-04-17,35.49,35.91,35.49,35.91,15870
DHG,2015-04-20,35.91,35.91,35.49,35.49,7050
DHG,2015-04-21,35.49,35.91,35.49,35.91,4870
DHG,2015-04-22,35.91,35.91,35.49,35.7,1680
DHG,2015-04-23,35.28,36.74,35.28,36.32,6430
DHG,2015-04-24,36.32,36.32,35.7,36.32,4480
DHG,2015-04-27,36.12,36.12,35.07,35.07,7580
DHG,2015-05-04,35.07,35.28,33.82,35.07,29380
DHG,2015-05-05,35.07,35.07,33.4,33.82,34130
DHG,2015-05-06,33.82,33.82,33.4,33.82,21900
DHG,2015-05-07,33.61,33.82,32.98,33.82,35000
DHG,2015-05-08,34.47,34.69,33.82,33.82,6720
DHG,2015-05-11,33.38,33.38,32.73,32.95,17370
DHG,2015-05-12,32.95,32.95,31.65,31.65,37670
DHG,2015-05-13,31.0,31.87,31.0,31.65,10570
DHG,2015-05-14,31.22,32.52,31.0,32.52,19020
DHG,2015-05-15,31.65,32.08,31.22,31.65,28130
DHG,2015-05-18,31.65,31.65,30.78,30.78,25290
DHG,2015-05-19,30.78,31.0,30.57,31.0,9600
DHG,2015-05-20,31.0,31.87,31.0,31.65,15460
DHG,2015-05-21,32.08,32.08,30.78,31.87,30520
DHG,2015-05-22,31.65,31.65,31.22,31.65,23680
DHG,2015-05-25,31.65,32.95,31.65,32.95,11470
DHG,2015-05-26,32.95,32.95,32.52,32.52,18220
DHG,2015-05-27,32.08,32.52,31.87,32.52,22000
DHG,2015-05-28,32.52,32.95,32.08,32.08,22730
DHG,2015-05-29,32.3,32.3,31.65,31.65,14930
DHG,2015-06-01,31.87,31.87,31.22,31.43,18000
DHG,2015-06-02,31.0,31.43,31.0,31.43,6990
DHG,2015-06-03,31.43,31.43,31.43,31.43,3290
DHG,2015-06-04,31.22,31.65,31.22,31.43,3120
DHG,2015-06-05,31.43,31.87,31.22,31.22,6370
DHG,2015-06-08,31.65,31.65,31.22,31.43,23240
DHG,2015-06-09,31.22,31.87,31.22,31.65,35140
DHG,2015-06-10,32.3,32.3,32.08,32.08,37240
DHG,2015-06-11,32.08,32.3,31.87,32.08,24930
DHG,2015-06-12,32.08,32.08,31.22,32.08,14780
DHG,2015-06-15,31.87,31.87,31.43,31.43,4890
DHG,2015-06-16,31.43,31.65,31.22,31.43,26900
DHG,2015-06-17,32.08,32.08,31.43,31.65,18590
DHG,2015-06-18,31.43,31.65,31.43,31.65,22650
DHG,2015-06-19,31.22,31.65,31.22,31.65,21640
DHG,2015-06-22,31.65,31.87,31.43,31.65,23520
DHG,2015-06-23,31.43,31.87,31.43,31.65,26890
DHG,2015-06-24,31.87,32.3,31.87,32.08,32730
DHG,2015-06-25,31.87,32.3,31.87,32.08,25680
DHG,2015-06-26,32.08,32.95,32.08,32.08,139120
DHG,2015-06-29,32.3,32.95,32.08,32.52,94440
DHG,2015-06-30,32.08,32.52,31.87,31.87,52140
DHG,2015-07-01,31.87,32.08,31.65,31.87,116410
DHG,2015-07-02,32.08,32.08,31.65,31.65,70680
DHG,2015-07-03,32.08,32.08,31.43,31.87,112860
DHG,2015-07-06,32.3,32.3,31.65,31.87,90520
DHG,2015-07-07,32.08,32.08,31.65,31.65,87800
DHG,2015-07-08,31.65,31.87,31.43,31.65,120250
DHG,2015-07-09,31.22,32.3,31.22,31.87,109080
DHG,2015-07-10,32.08,32.08,31.65,31.87,31340
DHG,2015-07-13,32.08,32.08,31.65,31.65,19600
DHG,2015-07-14,31.87,32.3,31.65,31.87,71350
DHG,2015-07-15,32.08,32.08,31.65,32.08,34980
DHG,2015-07-16,32.08,32.08,31.22,31.87,26710
DHG,2015-07-17,31.87,32.08,31.65,31.87,34690
DHG,2015-07-20,31.87,32.08,31.65,32.08,35040
DHG,2015-07-21,32.08,32.3,32.08,32.08,70460
DHG,2015-07-22,32.08,32.08,31.65,31.65,64400
DHG,2015-07-23,31.87,33.82,31.87,33.82,388000
DHG,2015-07-24,34.25,35.77,34.25,34.9,115140
DHG,2015-07-27,35.34,35.55,34.69,34.69,56380
DHG,2015-07-28,34.25,34.47,33.38,33.38,93930
DHG,2015-07-29,33.38,33.6,32.52,32.52,119550
DHG,2015-07-30,33.17,33.17,32.52,32.95,22130
DHG,2015-07-31,32.52,32.95,32.08,32.08,22790
DHG,2015-08-03,32.08,32.08,31.43,31.43,55980
DHG,2015-08-04,31.43,32.08,31.43,32.08,31960
DHG,2015-08-05,32.08,32.3,32.08,32.08,24740
DHG,2015-08-06,32.08,32.52,31.87,31.87,36720
DHG,2015-08-07,32.52,32.52,31.87,32.08,35740
DHG,2015-08-10,32.08,32.3,32.08,32.3,35640
DHG,2015-08-11,32.52,32.73,32.3,32.3,28950
DHG,2015-08-12,32.3,32.52,31.65,32.3,20090
DHG,2015-08-13,31.87,32.3,31.65,32.08,23680
DHG,2015-08-14,32.08,32.08,31.65,31.65,36630
DHG,2015-08-17,31.65,31.87,31.43,31.87,18620
DHG,2015-08-18,31.87,31.87,31.22,31.65,24010
DHG,2015-08-19,31.43,31.65,31.22,31.65,10090
DHG,2015-08-20,31.43,31.43,31.0,31.43,40070
DHG,2015-08-21,31.22,31.43,29.48,30.35,66170
DHG,2015-08-24,30.35,30.35,28.4,28.4,91030
DHG,2015-08-25,27.31,29.05,27.31,27.96,32720
DHG,2015-08-26,27.75,29.05,27.53,29.05,13660
DHG,2015-08-27,29.48,31.0,29.48,30.78,23680
DHG,2015-08-28,30.78,30.78,30.35,30.57,12860
DHG,2015-08-31,31.22,31.22,30.35,30.57,10280
DHG,2015-09-01,30.35,30.35,29.92,29.92,15570
DHG,2015-09-03,29.48,29.48,28.62,28.62,50760
DHG,2015-09-04,28.62,29.05,28.62,28.83,34460
DHG,2015-09-07,29.05,29.92,28.62,28.83,14450
DHG,2015-09-08,28.62,28.83,28.4,28.62,45220
DHG,2015-09-09,28.62,28.83,28.4,28.62,58800
DHG,2015-09-10,28.83,28.83,27.96,27.96,56690
DHG,2015-09-11,28.4,28.62,27.96,28.18,38510
DHG,2015-09-14,28.4,28.4,27.96,28.18,34990
DHG,2015-09-15,28.18,28.18,27.96,27.96,10060
DHG,2015-09-16,27.96,28.18,27.75,27.96,15520
DHG,2015-09-17,27.96,27.96,27.75,27.75,9090
DHG,2015-09-18,27.96,28.4,27.96,28.4,22530
DHG,2015-09-21,28.18,28.18,27.96,27.96,35110
DHG,2015-09-22,27.96,28.18,27.75,28.18,36010
DHG,2015-09-23,28.18,28.4,27.96,28.18,21010
DHG,2015-09-24,28.62,28.62,28.18,28.18,42120
DHG,2015-09-25,28.4,28.4,28.18,28.4,19930
DHG,2015-09-28,28.4,28.62,28.18,28.62,29620
DHG,2015-09-29,28.62,28.62,27.96,28.18,46140
DHG,2015-09-30,28.4,28.83,28.4,28.83,34210
DHG,2015-10-01,28.83,28.83,28.62,28.83,27220
DHG,2015-10-02,29.27,29.27,28.83,29.05,8470
DHG,2015-10-05,29.05,30.35,29.05,30.13,71320
DHG,2015-10-06,30.78,31.65,30.78,31.22,97910
DHG,2015-10-07,31.43,31.43,29.92,30.35,40010
DHG,2015-10-08,29.7,30.57,29.48,30.13,35300
DHG,2015-10-09,30.35,30.35,29.92,30.13,35450
DHG,2015-10-12,30.13,30.35,29.27,29.27,15130
DHG,2015-10-13,29.48,29.48,29.05,29.48,68260
DHG,2015-10-14,29.48,29.48,29.05,29.05,57860
DHG,2015-10-15,29.05,29.27,29.05,29.05,31070
DHG,2015-10-16,29.27,29.48,29.05,29.27,42160
DHG,2015-10-19,29.48,29.48,29.27,29.48,33640
DHG,2015-10-20,29.48,29.92,29.48,29.48,13180
DHG,2015-10-21,29.48,29.92,29.48,29.92,33580
DHG,2015-10-22,29.92,29.92,29.7,29.92,8660
DHG,2015-10-23,29.92,30.35,29.92,30.13,11060
DHG,2015-10-26,30.13,30.13,29.48,29.7,20190
DHG,2015-10-27,29.7,29.7,29.48,29.7,12440
DHG,2015-10-28,29.7,29.7,29.48,29.7,5800
DHG,2015-10-29,29.7,31.22,29.7,31.0,102320
DHG,2015-10-30,30.78,31.0,30.57,30.78,26140
DHG,2015-11-02,30.78,30.78,29.92,30.13,15720
DHG,2015-11-03,30.13,30.13,29.7,30.13,39020
DHG,2015-11-04,29.7,30.13,29.48,29.7,88490
DHG,2015-11-05,29.7,29.7,29.27,29.48,13110
DHG,2015-11-06,29.48,30.57,29.48,29.92,24760
DHG,2015-11-09,29.92,30.57,29.92,30.57,45570
DHG,2015-11-10,29.92,30.35,29.92,30.35,23500
DHG,2015-11-11,30.13,30.57,30.13,30.57,20660
DHG,2015-11-12,30.35,30.35,29.92,30.13,5730
DHG,2015-11-13,30.13,30.13,29.48,30.13,19520
DHG,2015-11-16,30.13,30.13,29.7,29.7,21460
DHG,2015-11-17,30.13,30.35,29.48,29.48,25350
DHG,2015-11-18,29.48,29.92,29.48,29.92,7390
DHG,2015-11-19,29.92,29.92,29.7,29.92,4220
DHG,2015-11-20,29.92,30.13,29.48,29.92,4300
DHG,2015-11-23,30.13,30.13,29.7,29.7,10510
DHG,2015-11-24,29.92,29.92,29.48,29.7,15090
DHG,2015-11-25,29.48,29.7,29.05,29.05,6720
DHG,2015-11-26,29.05,29.48,29.05,29.05,25210
DHG,2015-11-27,29.05,29.27,28.83,28.83,15050
DHG,2015-11-30,28.83,29.05,28.62,28.62,12940
DHG,2015-12-01,28.62,29.05,28.4,29.05,14430
DHG,2015-12-02,29.05,29.05,28.83,29.05,4250
DHG,2015-12-03,28.4,29.05,28.4,29.05,8930
DHG,2015-12-04,29.05,29.05,28.62,28.83,5110
DHG,2015-12-07,28.83,28.83,28.18,28.18,5530
DHG,2015-12-08,28.4,28.62,28.18,28.62,15020
DHG,2015-12-09,28.83,28.83,28.4,28.4,6630
DHG,2015-12-10,28.18,28.18,27.53,27.53,39000
DHG,2015-12-11,27.53,27.96,27.53,27.75,7460
DHG,2015-12-14,28.4,28.4,27.53,27.53,14300
DHG,2015-12-15,27.96,27.96,27.53,27.75,6970
DHG,2015-12-16,27.53,27.75,27.53,27.75,35120
DHG,2015-12-17,27.75,28.4,27.75,28.4,10420
DHG,2015-12-18,28.83,28.83,28.18,28.83,14120
DHG,2015-12-21,28.83,28.83,28.18,28.18,9870
DHG,2015-12-22,28.62,28.83,28.4,28.62,9450
DHG,2015-12-23,28.62,28.62,28.62,28.62,4520
DHG,2015-12-24,28.62,28.62,28.4,28.4,3900
DHG,2015-12-25,27.31,28.4,27.31,28.18,1820
DHG,2015-12-28,28.62,28.62,27.96,27.96,4240
DHG,2015-12-29,28.18,28.4,28.18,28.4,10010
DHG,2015-12-30,28.83,28.83,28.4,28.83,11610
DHG,2015-12-31,28.62,28.83,28.62,28.83,15170
DHG,2016-01-04,28.62,28.62,28.4,28.4,20800
DHG,2016-01-05,28.62,28.83,28.18,28.18,2140
DHG,2016-01-06,28.18,28.4,28.18,28.18,8990
DHG,2016-01-07,28.62,28.62,27.53,28.18,2970
DHG,2016-01-08,28.18,28.18,27.75,28.18,7010
DHG,2016-01-11,28.18,28.18,27.75,27.75,2170
DHG,2016-01-12,27.53,27.75,27.53,27.75,7940
DHG,2016-01-13,27.96,27.96,27.75,27.75,9400
DHG,2016-01-14,27.96,27.96,27.31,27.31,32020
DHG,2016-01-15,27.75,27.75,27.31,27.31,20380
DHG,2016-01-18,27.53,27.53,26.66,26.66,10670
DHG,2016-01-19,26.45,27.75,26.45,27.31,20650
DHG,2016-01-20,27.1,27.31,26.66,27.1,4100
DHG,2016-01-21,27.31,27.31,26.01,27.1,20060
DHG,2016-01-22,27.31,27.31,27.1,27.1,11510
DHG,2016-01-25,27.53,27.75,27.31,27.53,2620
DHG,2016-01-26,27.53,27.53,26.45,27.31,13420
DHG,2016-01-27,27.31,27.53,26.88,27.31,4990
DHG,2016-01-28,27.53,27.75,26.88,27.31,16190
DHG,2016-01-29,27.75,28.62,27.75,28.62,17550
DHG,2016-02-01,28.62,29.27,28.62,28.83,5000
DHG,2016-02-02,28.83,30.78,28.18,30.57,59620
DHG,2016-02-03,30.78,32.3,30.78,31.65,85390
DHG,2016-02-04,31.87,32.3,31.65,31.65,38170
DHG,2016-02-05,31.65,32.3,31.65,31.65,66540
DHG,2016-02-15,32.3,32.52,31.65,32.52,73480
DHG,2016-02-16,32.52,34.69,32.52,34.25,156840
DHG,2016-02-17,34.25,35.99,34.25,34.69,219480
DHG,2016-02-18,35.34,35.34,34.03,34.25,107290
DHG,2016-02-19,34.25,34.25,33.82,34.25,75100
DHG,2016-02-22,34.25,35.99,34.03,35.99,118570
DHG,2016-02-23,35.99,36.64,35.77,35.99,120270
DHG,2016-02-24,35.99,36.2,35.77,35.99,56500
DHG,2016-02-25,35.99,36.64,35.99,36.2,106930
DHG,2016-02-26,36.2,37.72,35.99,37.72,116260
DHG,2016-02-29,37.94,39.24,37.72,38.8,91090
DHG,2016-03-01,39.02,39.02,38.37,38.59,80390
DHG,2016-03-02,38.59,39.02,38.37,38.59,56970
DHG,2016-03-03,38.8,38.8,37.72,37.72,49190
DHG,2016-03-04,37.29,38.59,37.07,37.72,83980
DHG,2016-03-07,37.72,38.15,36.42,36.85,91680
DHG,2016-03-08,35.55,37.29,35.55,36.42,105740
DHG,2016-03-09,37.07,37.29,36.2,37.29,50610
DHG,2016-03-10,37.29,37.72,36.85,37.72,55540
DHG,2016-03-11,37.72,37.94,37.07,37.5,49070
DHG,2016-03-14,37.5,37.5,36.85,37.07,59810
DHG,2016-03-15,36.85,36.85,36.2,36.85,88120
DHG,2016-03-16,37.29,37.29,36.2,36.2,42700
DHG,2016-03-17,36.2,36.85,35.99,36.85,76710
DHG,2016-03-18,37.29,37.29,36.42,36.85,60980
DHG,2016-03-21,36.85,36.85,35.99,36.2,59910
DHG,2016-03-22,35.99,36.64,35.77,35.99,48420
DHG,2016-03-23,36.42,37.72,35.99,37.72,133060
DHG,2016-03-24,38.37,38.37,37.29,37.5,44430
DHG,2016-03-25,36.85,37.07,36.64,37.07,37370
DHG,2016-03-28,36.64,37.29,36.42,37.07,35410
DHG,2016-03-29,37.29,38.37,36.85,37.72,116900
DHG,2016-03-30,37.72,37.94,37.29,37.94,30750
DHG,2016-03-31,37.5,37.72,35.55,36.42,135720
DHG,2016-04-01,35.99,36.64,35.99,36.42,29250
DHG,2016-04-04,36.42,37.07,36.42,36.85,18720
DHG,2016-04-05,36.64,37.29,36.64,37.29,21580
DHG,2016-04-06,37.07,37.72,37.07,37.72,24610
DHG,2016-04-07,37.72,38.37,37.07,37.29,66120
DHG,2016-04-08,37.07,39.45,36.64,38.8,189310
DHG,2016-04-11,39.02,40.54,39.02,39.89,152590
DHG,2016-04-12,40.32,40.32,39.45,39.45,67670
DHG,2016-04-13,39.89,40.76,39.45,39.89,113810
DHG,2016-04-14,39.89,39.89,39.02,39.02,37600
DHG,2016-04-15,39.45,39.45,38.59,38.8,98060
DHG,2016-04-19,37.72,37.94,36.2,36.2,156620
DHG,2016-04-20,36.64,37.07,35.99,36.64,114210
DHG,2016-04-21,36.85,37.07,36.42,36.85,65360
DHG,2016-04-22,37.29,37.29,36.64,37.07,26560
DHG,2016-04-25,37.07,37.07,36.64,36.64,34630
DHG,2016-04-26,36.64,37.29,36.2,37.29,64580
DHG,2016-04-27,37.29,37.5,36.85,37.07,60400
DHG,2016-04-28,37.07,37.07,36.64,37.07,20760
DHG,2016-04-29,37.07,37.07,36.42,36.64,30890
DHG,2016-05-04,36.42,36.64,36.2,36.64,11100
DHG,2016-05-05,37.07,37.94,37.07,37.72,75660
DHG,2016-05-06,37.07,37.72,37.07,37.07,28410
DHG,2016-05-09,37.5,37.5,36.85,37.07,22060
DHG,2016-05-10,37.07,37.07,36.42,36.85,24820
DHG,2016-05-11,36.85,37.29,36.85,37.07,51680
DHG,2016-05-12,37.29,37.29,36.64,36.64,25660
DHG,2016-05-13,36.64,37.07,36.64,36.85,26160
DHG,2016-05-16,36.85,37.29,36.64,36.85,42580
DHG,2016-05-17,37.53,37.53,36.85,37.08,41960
DHG,2016-05-18,37.08,37.08,36.63,37.08,23830
DHG,2016-05-19,36.85,36.85,36.63,36.63,42230
DHG,2016-05-20,36.85,36.85,36.18,36.4,13100
DHG,2016-05-23,36.4,36.4,35.27,35.27,60570
DHG,2016-05-24,35.27,35.5,35.05,35.5,25340
DHG,2016-05-25,35.5,35.5,35.27,35.5,9030
DHG,2016-05-26,35.5,35.5,35.05,35.27,30030
DHG,2016-05-27,34.59,35.27,34.59,35.27,8340
DHG,2016-05-30,35.05,35.27,34.59,34.59,25990
DHG,2016-05-31,34.59,34.82,34.37,34.37,15200
DHG,2016-06-01,34.37,34.59,33.69,34.59,34460
DHG,2016-06-02,34.59,35.27,34.59,35.05,9290
DHG,2016-06-03,35.27,35.27,35.05,35.27,12380
DHG,2016-06-06,35.5,35.5,34.82,35.27,6420
DHG,2016-06-07,35.5,35.5,34.59,35.05,11240
DHG,2016-06-08,35.05,35.05,34.82,34.82,13580
DHG,2016-06-09,35.05,35.27,34.37,35.27,24450
DHG,2016-06-10,35.27,37.53,35.27,37.53,101400
DHG,2016-06-13,37.53,37.98,37.31,37.31,30610
DHG,2016-06-14,37.53,37.98,36.85,37.98,85770
DHG,2016-06-15,38.21,39.79,37.76,39.79,46370
DHG,2016-06-16,39.79,40.7,39.57,39.79,49530
DHG,2016-06-17,39.79,39.79,38.44,38.44,27120
DHG,2016-06-20,38.44,39.34,38.21,39.11,29490
DHG,2016-06-21,39.57,40.25,39.34,39.34,105970
DHG,2016-06-22,39.34,40.25,39.34,40.02,153660
DHG,2016-06-23,40.7,42.51,40.7,42.51,205520
DHG,2016-06-24,42.51,42.51,39.57,41.6,202540
DHG,2016-06-27,41.15,41.83,39.57,40.92,95560
DHG,2016-06-28,40.92,43.64,40.92,42.73,304120
DHG,2016-06-29,42.73,44.77,42.73,44.54,113420
DHG,2016-06-30,45.22,47.03,44.99,46.58,166040
DHG,2016-07-01,46.58,47.03,45.22,45.67,196660
DHG,2016-07-04,45.67,47.03,45.67,45.67,234140
DHG,2016-07-05,46.12,46.12,44.54,44.99,213520
DHG,2016-07-06,44.77,44.99,44.09,44.99,212370
DHG,2016-07-07,44.77,47.93,44.77,47.93,364470
DHG,2016-07-08,47.48,48.84,47.03,47.03,162850
DHG,2016-07-11,47.48,47.93,44.77,45.67,126640
DHG,2016-07-12,45.22,46.12,44.09,45.67,153430
DHG,2016-07-13,46.12,47.03,44.99,44.99,119190
DHG,2016-07-14,45.67,45.67,43.41,43.41,186170
DHG,2016-07-15,44.09,44.32,40.7,41.83,176680
DHG,2016-07-18,41.6,42.96,40.92,41.6,51670
DHG,2016-07-19,41.6,42.96,41.38,42.05,51260
DHG,2016-07-20,41.83,42.51,41.83,41.83,69570
DHG,2016-07-21,41.83,42.28,41.83,42.05,115870
DHG,2016-07-22,42.05,42.05,40.47,40.92,154160
DHG,2016-07-25,40.92,40.92,40.25,40.92,34300
DHG,2016-07-26,40.92,40.92,39.57,40.92,80310
DHG,2016-07-27,41.15,42.05,40.47,42.05,59190
DHG,2016-07-28,42.05,42.05,40.92,42.05,35310
DHG,2016-07-29,42.05,42.05,40.92,41.83,37200
DHG,2016-08-01,41.83,41.83,40.47,40.92,87960
DHG,2016-08-02,40.7,40.7,40.02,40.02,68240
DHG,2016-08-03,39.79,40.02,39.34,39.34,51370
DHG,2016-08-04,39.11,40.25,39.11,39.34,63130
DHG,2016-08-05,39.34,39.34,38.89,39.11,44860
DHG,2016-08-08,39.57,40.25,39.11,40.25,28470
DHG,2016-08-09,40.25,40.92,40.02,40.92,31690
DHG,2016-08-10,41.38,42.05,41.15,41.83,46530
DHG,2016-08-11,42.05,43.41,41.83,43.41,74700
DHG,2016-08-12,44.32,44.54,42.96,43.18,107760
DHG,2016-08-15,43.86,43.86,43.18,43.64,31310
DHG,2016-08-16,44.09,46.58,43.86,45.67,252000
DHG,2016-08-17,46.12,46.58,45.22,46.58,101320
DHG,2016-08-18,46.12,46.58,44.99,45.22,101480
DHG,2016-08-19,45.22,45.22,42.51,43.41,126780
DHG,2016-08-22,44.09,44.32,42.96,43.41,34110
DHG,2016-08-23,43.41,43.86,42.51,43.41,145410
DHG,2016-08-24,43.86,44.54,43.18,43.64,74440
DHG,2016-08-25,44.32,44.32,42.96,43.64,64490
DHG,2016-08-26,44.09,44.09,43.18,43.64,37390
DHG,2016-08-29,43.18,43.41,42.28,42.28,141300
DHG,2016-08-30,42.05,43.18,41.6,43.18,36770
DHG,2016-08-31,43.64,43.64,42.51,43.64,79030
DHG,2016-09-01,43.86,44.32,43.18,44.09,79920
DHG,2016-09-05,44.77,45.22,44.54,44.99,146040
DHG,2016-09-06,45.22,45.22,43.86,44.09,69890
DHG,2016-09-07,43.86,46.58,43.64,45.22,232200
DHG,2016-09-08,45.67,46.58,44.77,46.58,192760
DHG,2016-09-09,46.58,49.29,46.58,47.48,359780
DHG,2016-09-12,47.48,47.48,45.58,46.76,160830
DHG,2016-09-13,46.98,47.48,46.21,47.25,86440
DHG,2016-09-14,47.48,49.2,47.48,48.02,212090
DHG,2016-09-15,47.93,50.19,47.93,49.74,188660
DHG,2016-09-16,49.74,51.1,49.7,50.69,119460
DHG,2016-09-19,50.69,52.91,50.69,51.55,153760
DHG,2016-09-20,51.14,51.55,49.74,51.37,142820
DHG,2016-09-21,51.37,51.37,49.74,50.19,130350
DHG,2016-09-22,50.19,50.19,48.07,48.84,204190
DHG,2016-09-23,49.33,49.7,48.38,48.84,62210
DHG,2016-09-26,49.29,50.24,48.84,49.97,97580
DHG,2016-09-27,49.97,50.6,49.47,49.97,149160
DHG,2016-09-28,49.47,50.33,49.29,49.47,79550
DHG,2016-09-29,49.29,50.42,49.2,49.79,211780
DHG,2016-09-30,49.97,50.87,49.29,50.65,101510
DHG,2016-10-03,50.87,52.91,50.74,52.59,206950
DHG,2016-10-04,52.68,53.59,51.05,51.1,188990
DHG,2016-10-05,50.19,51.55,50.19,50.65,86740
DHG,2016-10-06,50.87,51.1,50.28,50.6,74300
DHG,2016-10-07,50.83,50.87,48.38,50.42,156940
DHG,2016-10-10,50.42,50.6,48.88,48.88,30810
DHG,2016-10-11,48.93,49.29,47.53,48.88,133710
DHG,2016-10-12,49.29,49.97,48.2,49.74,40550
DHG,2016-10-13,50.15,50.15,49.02,49.79,21620
DHG,2016-10-14,50.19,50.19,49.29,49.56,53940
DHG,2016-10-17,50.19,50.19,49.29,49.52,10340
DHG,2016-10-18,48.88,49.47,48.84,48.97,58580
DHG,2016-10-19,48.66,49.65,48.61,49.52,75200
DHG,2016-10-20,49.52,49.74,48.79,49.11,29320
DHG,2016-10-21,48.48,49.11,45.67,45.67,164320
DHG,2016-10-24,44.54,46.58,43.0,43.23,212670
DHG,2016-10-25,43.41,44.27,42.51,44.09,55630
DHG,2016-10-26,44.09,44.32,43.46,44.22,58560
DHG,2016-10-27,44.72,44.72,44.09,44.41,20750
DHG,2016-10-28,44.32,45.17,44.32,45.17,40070
DHG,2016-10-31,45.17,45.45,44.54,44.54,39980
DHG,2016-11-01,44.72,44.77,43.86,44.77,63300
DHG,2016-11-02,44.32,44.77,44.09,44.09,26860
DHG,2016-11-03,44.09,44.09,43.64,43.86,31160
DHG,2016-11-04,43.91,44.81,43.91,44.54,42420
DHG,2016-11-07,44.59,44.59,44.22,44.5,27770
DHG,2016-11-08,44.54,44.54,43.86,44.09,27610
DHG,2016-11-09,44.09,44.09,42.73,43.05,96970
DHG,2016-11-10,44.5,44.5,43.86,44.27,31830
DHG,2016-11-11,44.22,44.54,43.86,44.18,22880
DHG,2016-11-14,43.86,44.18,42.96,43.5,18020
DHG,2016-11-15,43.05,44.04,43.05,43.86,36950
DHG,2016-11-16,43.64,44.09,43.41,44.09,57610
DHG,2016-11-17,44.18,45.58,44.0,44.99,132510
DHG,2016-11-18,45.22,45.22,44.27,44.68,38790
DHG,2016-11-21,44.63,44.63,43.73,44.5,55080
DHG,2016-11-22,44.09,44.32,43.64,44.22,94300
DHG,2016-11-23,43.86,44.54,43.68,44.18,53470
DHG,2016-11-24,44.18,45.9,44.18,45.54,196280
DHG,2016-11-25,45.49,45.67,44.99,44.99,61990
DHG,2016-11-28,45.22,45.22,44.13,44.54,40770
DHG,2016-11-29,44.54,44.54,41.47,44.41,53430
DHG,2016-11-30,44.41,44.54,43.64,44.41,39410
DHG,2016-12-01,44.63,44.63,43.91,44.09,52700
DHG,2016-12-02,44.32,44.32,43.86,44.32,36700
DHG,2016-12-05,44.32,44.32,43.68,44.0,16400
DHG,2016-12-06,43.86,44.32,43.09,43.09,55280
DHG,2016-12-07,43.05,43.86,42.82,42.96,49180
DHG,2016-12-08,43.41,43.82,42.96,43.82,20550
DHG,2016-12-09,43.82,43.82,43.28,43.59,17980
DHG,2016-12-12,41.38,43.32,41.38,42.51,53160
DHG,2016-12-13,42.19,42.69,41.6,41.83,53870
DHG,2016-12-14,41.83,43.18,41.83,43.14,68250
DHG,2016-12-15,42.96,43.37,42.51,42.96,49930
DHG,2016-12-16,42.87,43.14,42.73,42.96,32500
DHG,2016-12-19,42.96,43.64,42.96,43.41,34400
DHG,2016-12-20,43.64,43.64,42.96,42.96,57240
DHG,2016-12-21,42.96,42.96,42.73,42.96,23010
DHG,2016-12-22,43.18,43.18,42.51,42.6,14310
DHG,2016-12-23,42.96,43.14,42.73,42.87,32420
DHG,2016-12-26,43.18,43.18,42.51,43.09,8290
DHG,2016-12-27,42.51,42.96,42.05,42.96,22490
DHG,2016-12-28,42.51,42.91,42.37,42.91,49600
DHG,2016-12-29,42.51,44.32,42.51,43.95,136050
DHG,2016-12-30,44.72,44.72,44.32,44.32,88510
DHG,2017-01-03,44.54,44.9,44.32,44.72,46760
DHG,2017-01-04,44.72,46.26,44.54,46.26,127780
DHG,2017-01-05,46.58,46.58,46.03,46.26,47630
DHG,2017-01-06,46.26,46.3,45.22,45.67,110690
DHG,2017-01-09,46.03,46.03,45.67,45.9,54100
DHG,2017-01-10,46.21,47.25,45.67,46.49,154100
DHG,2017-01-11,46.58,47.8,46.58,47.57,126130
DHG,2017-01-12,47.48,47.89,47.03,47.48,21670
DHG,2017-01-13,47.48,48.29,47.12,47.93,67050
DHG,2017-01-16,47.71,47.98,47.07,47.07,43160
DHG,2017-01-17,47.03,47.66,47.03,47.48,40790
DHG,2017-01-18,47.48,48.07,47.48,47.93,78890
DHG,2017-01-19,47.93,49.24,47.93,49.2,114010
DHG,2017-01-20,49.74,49.74,48.93,49.65,93230
DHG,2017-01-23,49.65,49.65,49.02,49.06,49200
DHG,2017-01-24,48.88,49.06,48.38,48.61,70060
DHG,2017-01-25,48.84,50.15,48.38,49.74,150280
DHG,2017-02-02,50.65,52.0,50.19,50.19,138860
DHG,2017-02-03,51.32,51.32,50.24,50.87,72750
DHG,2017-02-06,51.1,51.69,51.05,51.69,96100
DHG,2017-02-07,52.59,52.59,51.69,51.91,47970
DHG,2017-02-08,52.0,52.0,51.51,51.78,104540
DHG,2017-02-09,51.96,52.36,51.96,52.09,41650
DHG,2017-02-10,52.23,52.23,51.55,51.82,25080
DHG,2017-02-13,51.82,52.23,51.55,51.55,43700
DHG,2017-02-14,51.55,52.0,51.41,51.6,69040
DHG,2017-02-15,51.91,51.91,50.65,50.65,80890
DHG,2017-02-16,50.47,51.14,49.74,51.1,135950
DHG,2017-02-17,51.32,51.32,50.19,50.87,39990
DHG,2017-02-20,50.28,51.1,50.28,50.51,19080
DHG,2017-02-21,49.97,50.65,49.97,50.65,54720
DHG,2017-02-22,51.32,53.09,51.32,52.86,244180
DHG,2017-02-23,52.86,52.91,52.0,52.41,74570
DHG,2017-02-24,52.45,52.45,51.82,52.41,51900
DHG,2017-02-27,52.05,52.23,51.64,52.0,66350
DHG,2017-02-28,52.45,52.68,51.55,51.55,53970
DHG,2017-03-01,51.55,52.45,51.1,51.91,22590
DHG,2017-03-02,52.0,52.0,51.6,51.96,26610
DHG,2017-03-03,51.55,52.0,51.23,52.0,62530
DHG,2017-03-06,52.45,52.45,51.69,52.0,31240
DHG,2017-03-07,52.05,55.17,52.05,54.99,308000
DHG,2017-03-08,54.99,55.17,54.08,54.35,39820
DHG,2017-03-09,54.49,56.07,54.26,55.57,78780
DHG,2017-03-10,55.39,55.85,54.26,54.76,79270
DHG,2017-03-13,54.72,56.52,53.86,56.25,110440
DHG,2017-03-14,56.3,56.52,55.17,56.12,94340
DHG,2017-03-15,56.43,56.43,55.39,55.44,48950
DHG,2017-03-16,55.62,56.43,55.17,55.85,68200
DHG,2017-03-17,55.98,56.3,54.72,55.89,86570
DHG,2017-03-20,55.89,56.25,55.26,55.26,82730
DHG,2017-03-21,55.17,55.85,54.35,55.17,134840
DHG,2017-03-22,55.17,56.07,55.12,55.85,127500
DHG,2017-03-23,55.62,56.71,55.62,56.57,98540
DHG,2017-03-24,56.98,56.98,55.85,56.52,53160
DHG,2017-03-27,56.93,59.51,56.89,59.24,229320
DHG,2017-03-28,60.1,61.59,59.74,59.74,215620
DHG,2017-03-29,60.55,60.55,59.46,59.83,50080
DHG,2017-03-30,60.14,62.54,60.14,62.0,156500
DHG,2017-03-31,62.76,63.08,62.04,62.58,211170
DHG,2017-04-03,62.4,62.58,61.41,61.68,40950
DHG,2017-04-04,61.68,62.18,61.27,61.45,100850
DHG,2017-04-05,61.27,61.32,60.37,60.59,68970
DHG,2017-04-07,61.05,61.14,60.14,60.73,63550
DHG,2017-04-10,60.73,61.05,60.28,60.28,29770
DHG,2017-04-11,60.19,61.72,60.19,61.05,82570
DHG,2017-04-12,61.05,61.05,60.55,60.59,35070
DHG,2017-04-13,60.59,60.73,60.23,60.5,43010
DHG,2017-04-14,60.68,61.72,60.14,61.18,106510
DHG,2017-04-17,60.87,61.72,60.82,60.82,24130
DHG,2017-04-18,60.32,61.45,60.32,60.91,39300
DHG,2017-04-19,61.27,61.27,60.14,60.59,79120
DHG,2017-04-20,60.59,60.59,59.96,60.19,72820
DHG,2017-04-21,60.37,60.55,60.1,60.46,65300
DHG,2017-04-24,60.37,60.87,60.14,60.78,22900
DHG,2017-04-25,61.0,61.0,60.59,60.78,17000
DHG,2017-04-26,60.78,63.13,60.59,62.86,211080
DHG,2017-04-27,63.67,65.75,63.67,65.57,235550
DHG,2017-04-28,65.79,66.79,64.94,65.57,113420
DHG,2017-05-03,65.57,65.57,64.44,65.34,65920
DHG,2017-05-04,65.11,65.8,64.46,65.34,108910
DHG,2017-05-05,65.71,65.9,64.65,64.88,113270
DHG,2017-05-08,63.95,64.88,63.77,63.81,145860
DHG,2017-05-09,64.37,64.37,63.58,63.95,57440
DHG,2017-05-10,63.95,64.69,63.77,64.41,71980
DHG,2017-05-11,64.65,64.65,63.77,63.86,71040
DHG,2017-05-12,63.86,64.74,63.49,64.6,94830
DHG,2017-05-15,65.11,67.19,65.11,67.15,208030
DHG,2017-05-16,67.33,67.33,66.27,66.55,53740
DHG,2017-05-17,67.15,69.51,67.1,69.05,254850
DHG,2017-05-18,69.88,70.44,69.05,69.51,157820
DHG,2017-05-19,69.84,69.84,68.58,68.77,55370
DHG,2017-05-22,68.58,69.28,68.12,69.14,50310
DHG,2017-05-23,69.0,70.39,68.63,70.39,143830
DHG,2017-05-24,71.74,73.22,71.04,73.17,194060
DHG,2017-05-25,73.5,74.38,72.76,73.03,220270
DHG,2017-05-26,77.15,78.13,75.42,78.13,469690
DHG,2017-05-29,82.02,82.02,78.96,79.52,220100
DHG,2017-05-30,79.86,79.93,77.57,77.64,248440
DHG,2017-05-31,77.85,78.54,74.86,75.07,311050
DHG,2017-06-01,75.76,76.67,75.07,75.42,105930
DHG,2017-06-02,75.42,79.03,75.42,78.2,249680
DHG,2017-06-05,79.93,79.93,77.78,78.2,215450
DHG,2017-06-06,78.2,78.75,77.99,77.99,88340
DHG,2017-06-07,78.47,79.17,77.85,77.92,155000
DHG,2017-06-08,78.54,83.34,77.92,83.34,516370
DHG,2017-06-09,86.75,89.11,86.54,88.83,484600
DHG,2017-06-12,88.28,92.58,85.84,86.54,356720
DHG,2017-06-13,87.58,88.14,86.33,87.79,188080
DHG,2017-06-14,88.76,88.76,86.82,87.65,153050
DHG,2017-06-15,87.65,89.53,87.58,87.86,284060
DHG,2017-06-16,87.86,90.71,87.86,89.67,156210
DHG,2017-06-19,89.67,89.94,87.58,87.93,574070
DHG,2017-06-20,87.93,90.01,86.89,88.97,299510
DHG,2017-06-21,88.97,90.36,88.28,89.67,394410
DHG,2017-06-22,90.29,90.36,87.65,88.97,358980
DHG,2017-06-23,88.9,88.9,87.23,87.23,421850
DHG,2017-06-26,87.58,87.58,83.41,83.41,579880
DHG,2017-06-27,83.41,86.89,80.98,85.5,413960
DHG,2017-06-28,85.84,87.23,84.8,86.33,197350
DHG,2017-06-29,86.54,86.54,85.5,86.4,116190
DHG,2017-06-30,86.4,86.47,85.84,86.4,118360
DHG,2017-07-03,85.7,87.02,84.8,84.8,516590
DHG,2017-07-04,84.59,85.08,82.71,84.04,287730
DHG,2017-07-05,84.8,85.15,83.83,84.66,96340
DHG,2017-07-06,85.43,85.56,84.24,84.73,209320
DHG,2017-07-07,84.8,84.87,83.48,83.48,217530
DHG,2017-07-10,83.41,83.41,80.63,80.63,413580
DHG,2017-07-11,80.63,80.63,75.07,78.54,623110
DHG,2017-07-12,78.89,80.21,78.68,79.93,255920
DHG,2017-07-13,79.93,80.7,79.86,80.7,799020
DHG,2017-07-14,82.58,85.5,82.02,84.45,368620
DHG,2017-07-17,84.45,84.73,80.84,81.46,217290
DHG,2017-07-18,81.32,84.1,80.07,82.58,281920
DHG,2017-07-19,82.58,82.92,82.02,82.71,99250
DHG,2017-07-20,82.71,83.2,82.02,82.02,252040
DHG,2017-07-21,82.37,82.37,79.24,79.24,338190
DHG,2017-07-24,77.85,81.46,77.02,79.73,338800
DHG,2017-07-25,79.31,79.93,78.61,79.8,168350
DHG,2017-07-26,79.93,81.95,79.52,81.88,280700
DHG,2017-07-27,81.88,82.02,80.35,80.63,129130
DHG,2017-07-28,80.63,81.46,79.59,80.49,69670
DHG,2017-07-31,80.63,82.37,79.24,80.91,354460
DHG,2017-08-01,81.32,82.02,80.63,80.63,160250
DHG,2017-08-02,80.63,81.32,79.93,80.63,276950
DHG,2017-08-03,80.91,80.91,79.24,79.52,227970
DHG,2017-08-04,78.96,79.24,78.13,79.1,218420
DHG,2017-08-07,79.1,79.24,77.5,77.99,324750
DHG,2017-08-08,77.85,77.99,76.11,76.11,281050
DHG,2017-08-09,75.97,78.54,74.37,74.93,328770
DHG,2017-08-10,76.46,76.46,75.35,75.69,98430
DHG,2017-08-11,76.46,76.46,75.07,75.76,48830
DHG,2017-08-14,75.76,79.38,75.42,79.17,368400
DHG,2017-08-15,79.86,79.86,78.2,78.54,83340
DHG,2017-08-16,78.54,78.54,77.85,77.92,77980
DHG,2017-08-17,78.27,79.1,77.15,77.15,80380
DHG,2017-08-18,77.78,77.78,76.46,76.46,43050
DHG,2017-08-21,77.15,77.71,76.6,77.02,84500
DHG,2017-08-22,77.02,77.02,75.97,75.97,75350
DHG,2017-08-23,75.76,76.46,75.42,75.97,42050
DHG,2017-08-24,77.15,77.15,76.04,76.04,65640
DHG,2017-08-25,77.02,77.43,76.25,76.67,66880
DHG,2017-08-28,76.81,76.81,75.76,76.67,84760
DHG,2017-08-29,76.39,76.95,75.76,76.46,66470
DHG,2017-08-30,76.6,76.81,75.83,76.04,35760
DHG,2017-08-31,76.32,76.32,75.62,75.69,62370
DHG,2017-09-01,76.32,77.15,75.69,75.9,79110
DHG,2017-09-05,75.76,76.32,75.07,75.21,89060
DHG,2017-09-06,75.21,75.42,73.61,73.61,170750
DHG,2017-09-07,73.47,73.47,72.08,72.5,127250
DHG,2017-09-08,74.23,74.23,72.71,73.33,123690
DHG,2017-09-11,73.33,75.42,73.33,74.03,79360
DHG,2017-09-12,74.03,74.03,73.05,73.68,94420
DHG,2017-09-13,74.65,75.0,74.03,75.0,100390
DHG,2017-09-14,75.07,75.62,74.93,74.93,63740
DHG,2017-09-15,75.69,78.27,74.93,77.99,306480
DHG,2017-09-18,78.69,78.97,77.5,77.78,158760
DHG,2017-09-19,77.85,77.85,76.44,76.44,80710
DHG,2017-09-20,76.79,76.87,76.09,76.23,81640
DHG,2017-09-21,76.23,76.44,75.04,75.25,102060
DHG,2017-09-22,75.11,75.25,74.34,74.55,133150
DHG,2017-09-25,74.55,76.44,74.55,75.95,68760
DHG,2017-09-26,75.95,76.79,74.97,75.74,47040
DHG,2017-09-27,76.09,76.09,74.9,75.04,43990
DHG,2017-09-28,75.04,75.04,74.62,74.69,64090
DHG,2017-09-29,74.41,75.04,74.41,74.69,23160
DHG,2017-10-02,74.69,75.39,74.41,74.41,61410
DHG,2017-10-03,74.41,75.04,74.13,74.41,72360
DHG,2017-10-04,73.78,74.97,73.78,74.34,34020
DHG,2017-10-05,74.34,74.69,74.13,74.2,31260
DHG,2017-10-06,73.99,74.2,73.85,73.85,62110
DHG,2017-10-09,74.27,74.27,73.36,73.36,85100
DHG,2017-10-10,73.29,73.64,72.94,73.22,94480
DHG,2017-10-11,73.57,74.2,73.29,73.78,32350
DHG,2017-10-12,74.13,76.44,73.92,75.11,181960
DHG,2017-10-13,75.67,75.67,74.34,74.34,62060
DHG,2017-10-16,74.34,77.85,73.71,77.5,346030
DHG,2017-10-17,78.06,80.58,77.78,79.25,385150
DHG,2017-10-18,79.6,79.6,78.48,78.48,216230
DHG,2017-10-19,78.9,82.05,78.06,81.7,504930
DHG,2017-10-20,80.23,83.39,79.95,80.09,445310
DHG,2017-10-23,79.95,79.95,77.5,78.27,212050
DHG,2017-10-24,77.15,78.2,75.04,75.74,254420
DHG,2017-10-25,75.04,75.74,74.2,74.27,196200
DHG,2017-10-26,73.71,75.74,73.71,74.27,141170
DHG,2017-10-27,74.34,75.04,74.2,74.2,111210
DHG,2017-10-30,74.2,75.74,73.36,73.64,193990
DHG,2017-10-31,73.64,73.64,70.13,70.34,396560
DHG,2017-11-01,70.06,70.06,65.5,66.63,614250
DHG,2017-11-02,63.82,66.63,63.12,63.12,309560
DHG,2017-11-03,63.12,67.19,63.12,67.19,169990
DHG,2017-11-06,68.73,68.73,67.19,68.03,182420
DHG,2017-11-07,67.96,67.96,66.63,67.4,123930
DHG,2017-11-08,67.89,67.89,67.19,67.47,105660
DHG,2017-11-09,68.1,68.38,67.68,68.03,141840
DHG,2017-11-10,68.24,68.24,66.98,67.19,213970
DHG,2017-11-13,67.26,67.26,65.5,65.92,676310
DHG,2017-11-14,66.28,68.03,66.28,66.77,256070
DHG,2017-11-15,67.89,70.13,67.47,69.78,408510
DHG,2017-11-16,70.13,72.8,69.78,71.96,314830
DHG,2017-11-17,72.8,72.8,69.64,70.13,251680
DHG,2017-11-20,70.13,71.53,68.73,71.25,222420
DHG,2017-11-21,71.25,73.64,71.25,72.94,487930
DHG,2017-11-22,71.96,73.29,71.96,73.08,197750
DHG,2017-11-23,73.5,74.69,72.59,72.94,360850
DHG,2017-11-24,73.29,73.64,72.66,73.57,203080
DHG,2017-11-27,73.99,74.97,73.57,74.97,134760
DHG,2017-11-28,74.97,75.32,72.94,73.64,182280
DHG,2017-11-29,73.64,74.13,71.89,74.13,221480
DHG,2017-11-30,74.2,76.23,74.2,75.04,342840
DHG,2017-12-01,76.79,76.79,75.04,75.18,164440
DHG,2017-12-04,76.37,77.01,75.39,76.94,189000
DHG,2017-12-05,77.01,77.01,74.34,74.34,233980
DHG,2017-12-06,74.34,74.69,73.01,74.69,163490
DHG,2017-12-07,75.39,75.6,74.55,75.04,70730
DHG,2017-12-08,75.67,75.67,74.34,75.04,59460
DHG,2017-12-11,75.04,75.04,73.78,74.48,198880
DHG,2017-12-12,74.48,76.09,74.06,75.53,483750
DHG,2017-12-13,76.37,79.39,76.37,78.9,661520
DHG,2017-12-14,79.95,80.02,78.9,78.9,268140
DHG,2017-12-15,78.9,79.25,77.5,79.25,189200
DHG,2017-12-18,79.25,80.86,78.9,80.65,307070
DHG,2017-12-19,81.21,82.12,80.3,81.7,431270
DHG,2017-12-20,81.7,81.77,79.32,79.95,211740
DHG,2017-12-21,79.95,80.93,79.6,79.6,165980
DHG,2017-12-22,79.6,80.65,78.2,80.65,320810
DHG,2017-12-25,79.95,81.56,79.95,79.95,169230
DHG,2017-12-26,80.86,80.86,79.6,80.16,132270
DHG,2017-12-27,80.3,80.3,78.76,78.76,170630
DHG,2017-12-28,79.33,82.67,79.26,82.67,688850
DHG,2017-12-29,82.81,83.81,81.39,81.75,280000
DHG,2018-01-02,80.68,82.1,80.33,81.75,371870
DHG,2018-01-03,81.39,82.1,81.32,81.32,445800
DHG,2018-01-04,81.04,81.39,80.33,80.82,373480
DHG,2018-01-05,80.75,80.75,77.48,77.55,512310
DHG,2018-01-08,77.13,77.41,75.21,76.35,429150
DHG,2018-01-09,76.13,78.55,76.13,76.98,477610
DHG,2018-01-10,78.19,79.83,77.13,77.84,427590
DHG,2018-01-11,78.19,78.19,76.77,77.84,139270
DHG,2018-01-12,77.13,77.7,76.77,76.98,180410
DHG,2018-01-15,76.77,78.19,76.49,78.19,195130
DHG,2018-01-16,77.7,78.9,76.7,77.41,222240
DHG,2018-01-17,77.48,77.48,74.99,75.35,322600
DHG,2018-01-18,72.65,75.21,72.58,73.29,332450
DHG,2018-01-19,73.36,74.99,73.36,74.14,291080
DHG,2018-01-22,72.44,73.57,72.29,72.51,402700
DHG,2018-01-23,72.51,72.51,72.51,72.51,0
DHG,2018-01-24,72.51,72.51,72.51,72.51,0
DHG,2018-01-25,71.87,72.15,70.37,70.52,1018840
DHG,2018-01-26,71.8,73.15,71.44,72.36,223730
DHG,2018-01-29,73.15,73.5,72.22,72.36,260500
DHG,2018-01-30,72.36,72.44,70.52,70.66,457830
DHG,2018-01-31,70.66,71.3,70.45,70.73,318060
DHG,2018-02-01,70.66,70.8,68.95,69.17,340830
DHG,2018-02-02,69.31,69.31,67.46,67.67,295390
DHG,2018-02-05,67.53,68.24,63.98,63.98,197820
DHG,2018-02-06,59.5,63.98,59.5,61.91,308790
DHG,2018-02-07,65.4,66.18,64.05,66.18,126920
DHG,2018-02-08,66.82,70.73,66.46,67.53,194600
DHG,2018-02-09,67.53,69.31,64.9,68.95,112100
DHG,2018-02-12,69.88,69.88,68.24,69.88,88320
DHG,2018-02-13,70.16,73.22,69.95,73.22,189680
DHG,2018-02-21,74.0,75.71,73.93,75.21,147660
DHG,2018-02-22,75.35,75.35,73.22,73.93,147210
DHG,2018-02-23,74.07,74.64,73.57,74.28,133910
DHG,2018-02-26,73.79,75.99,73.79,74.0,276350
DHG,2018-02-27,74.57,75.71,73.93,75.07,286630
DHG,2018-02-28,74.57,75.35,74.0,74.14,140150
DHG,2018-03-01,74.64,75.21,73.64,74.64,110640
DHG,2018-03-02,74.64,74.64,73.57,74.28,183930
DHG,2018-03-05,74.57,74.57,71.08,71.08,224800
DHG,2018-03-06,71.44,72.22,70.87,70.94,283590
DHG,2018-03-07,70.45,70.73,68.6,68.6,225350
DHG,2018-03-08,68.6,69.95,68.6,68.95,246250
DHG,2018-03-09,68.95,68.95,68.17,68.17,314010
DHG,2018-03-12,68.17,70.37,68.17,70.16,56990
DHG,2018-03-13,70.16,70.16,68.31,70.16,111210
DHG,2018-03-14,69.66,70.66,69.66,70.02,373210
DHG,2018-03-15,70.37,72.86,70.02,71.8,350300
DHG,2018-03-16,73.15,74.71,72.86,73.93,360330
DHG,2018-03-19,73.93,75.85,73.93,74.5,377010
DHG,2018-03-20,73.57,79.69,73.57,79.69,634130
DHG,2018-03-21,80.68,82.46,76.06,80.33,548210
DHG,2018-03-22,80.68,81.68,77.48,77.48,288850
DHG,2018-03-23,74.64,81.75,74.64,81.75,887370
DHG,2018-03-26,82.67,83.88,82.46,83.17,426060
DHG,2018-03-27,83.74,83.74,81.25,82.1,393450
DHG,2018-03-28,82.39,82.6,79.12,79.9,624970
DHG,2018-03-29,79.05,80.33,75.99,76.84,530590
DHG,2018-03-30,76.7,80.61,76.7,78.9,220400
DHG,2018-04-02,80.18,80.97,78.9,79.54,191270
DHG,2018-04-03,79.54,82.32,78.62,81.04,407200
DHG,2018-04-04,81.75,82.46,80.75,81.04,480080
DHG,2018-04-05,81.75,82.39,80.47,81.53,275240
DHG,2018-04-06,81.53,81.53,79.62,79.83,265920
DHG,2018-04-09,79.33,80.68,77.48,78.19,480240
DHG,2018-04-10,78.19,79.47,77.27,78.9,373370
DHG,2018-04-11,79.97,80.33,78.19,79.54,435940
DHG,2018-04-12,79.62,80.33,78.9,79.83,242800
DHG,2018-04-13,80.33,80.97,78.9,80.47,387880
DHG,2018-04-16,80.68,80.89,80.18,80.47,221500
DHG,2018-04-17,80.33,80.47,79.19,80.25,229880
DHG,2018-04-18,80.32,81.18,79.25,79.25,266010
DHG,2018-04-19,77.82,79.25,76.4,77.82,306420
DHG,2018-04-20,77.82,78.54,77.47,77.82,94290
DHG,2018-04-23,77.11,78.9,76.33,76.33,212910
DHG,2018-04-24,76.4,76.4,74.68,75.33,118240
DHG,2018-04-26,75.68,75.68,71.4,71.68,189750
DHG,2018-04-27,71.4,72.47,69.9,71.4,186670
DHG,2018-05-02,71.4,71.4,69.33,70.69,229850
DHG,2018-05-03,69.97,70.69,68.54,69.69,216270
DHG,2018-05-04,69.61,71.4,69.61,70.47,50650
DHG,2018-05-07,70.11,74.33,70.11,72.83,86320
DHG,2018-05-08,73.47,75.25,72.83,74.25,161380
DHG,2018-05-09,74.25,74.47,71.4,74.4,109480
DHG,2018-05-10,74.25,74.54,72.83,74.25,110610
DHG,2018-05-11,74.25,74.25,72.11,74.25,49150
DHG,2018-05-14,74.97,74.97,73.9,74.68,46490
DHG,2018-05-15,74.9,77.82,74.9,76.9,100980
DHG,2018-05-16,77.11,77.25,74.25,74.61,53500
DHG,2018-05-17,74.61,74.97,73.68,73.68,44230
DHG,2018-05-18,72.47,74.61,72.47,73.54,178930
DHG,2018-05-21,74.97,74.97,73.9,73.9,119230
DHG,2018-05-22,73.61,74.83,68.76,72.83,116210
DHG,2018-05-23,71.4,74.25,71.4,73.54,90230
DHG,2018-05-24,73.54,73.54,71.9,72.11,73200
DHG,2018-05-25,72.11,72.83,71.4,71.4,60860
DHG,2018-05-28,71.04,72.11,68.54,68.54,146930
DHG,2018-05-29,67.83,73.33,67.83,72.11,153430
DHG,2018-05-30,72.11,72.68,70.83,71.4,56430
DHG,2018-05-31,70.69,74.97,70.69,74.61,166620
DHG,2018-06-01,73.54,74.97,73.54,74.61,160890
DHG,2018-06-04,76.83,77.82,75.25,77.82,209010
DHG,2018-06-05,78.54,82.11,78.18,82.11,377330
DHG,2018-06-06,80.68,80.68,78.54,78.54,342200
DHG,2018-06-07,77.82,79.97,76.4,78.54,441250
DHG,2018-06-08,78.54,78.54,77.47,77.82,252930
DHG,2018-06-11,77.11,77.47,76.75,76.83,64860
DHG,2018-06-12,76.83,76.83,72.11,74.68,210600
DHG,2018-06-13,74.97,74.97,73.18,74.97,70400
DHG,2018-06-14,74.97,75.68,74.47,74.97,69250
DHG,2018-06-15,74.25,74.97,73.54,74.9,22210
DHG,2018-06-18,74.9,74.9,72.47,73.54,89950
DHG,2018-06-19,73.54,73.54,69.97,71.4,225330
DHG,2018-06-20,71.4,73.47,71.33,72.47,109510
DHG,2018-06-21,72.54,73.83,71.26,71.4,315830
DHG,2018-06-22,71.4,75.68,71.4,74.68,298920
DHG,2018-06-25,74.61,76.33,73.61,74.61,92230
DHG,2018-06-26,74.25,74.61,72.83,74.25,47270
DHG,2018-06-27,72.9,73.9,72.9,73.9,143750
DHG,2018-06-28,71.4,73.68,71.33,72.83,275810
DHG,2018-06-29,73.18,73.18,71.76,72.83,129130
DHG,2018-07-02,72.83,72.83,69.97,71.4,133980
DHG,2018-07-03,71.4,72.47,69.97,70.11,154540
DHG,2018-07-04,70.11,71.97,70.11,71.33,630930
DHG,2018-07-05,73.54,76.25,73.54,75.11,681290
DHG,2018-07-06,75.11,75.68,74.25,74.25,198490
DHG,2018-07-09,72.97,73.54,70.69,70.76,181800
DHG,2018-07-10,71.4,72.68,70.9,72.04,95360
DHG,2018-07-11,72.04,72.04,70.19,70.69,319240
DHG,2018-07-12,70.47,71.4,70.11,71.4,69960
DHG,2018-07-13,71.54,71.76,70.61,71.18,156490
DHG,2018-07-16,73.11,73.18,72.11,72.68,291540
DHG,2018-07-17,72.47,73.9,71.76,73.18,90850
DHG,2018-07-18,73.18,73.54,72.26,72.83,127920
DHG,2018-07-19,72.83,74.18,72.47,73.18,377100
DHG,2018-07-20,72.83,73.18,71.4,71.54,155310
DHG,2018-07-23,71.04,72.04,70.69,71.4,174830
DHG,2018-07-24,70.9,71.4,70.33,70.69,152850
DHG,2018-07-25,70.69,71.76,70.69,70.69,138720
DHG,2018-07-26,71.4,71.76,70.83,70.83,93460
DHG,2018-07-27,70.83,71.47,70.83,71.26,92550
DHG,2018-07-30,71.98,72.48,71.76,72.12,192230
DHG,2018-07-31,72.12,72.77,72.12,72.41,151180
DHG,2018-08-01,72.48,72.48,71.54,71.69,161110
DHG,2018-08-02,72.05,72.12,70.75,71.69,134880
DHG,2018-08-03,71.9,72.48,71.9,72.12,213860
DHG,2018-08-06,72.19,74.14,72.19,73.56,328950
DHG,2018-08-07,72.55,73.92,72.55,73.56,260720
DHG,2018-08-08,74.14,74.14,73.42,73.56,376330
DHG,2018-08-09,73.92,74.21,72.12,72.41,384400
DHG,2018-08-10,72.84,74.07,72.19,73.92,270210
DHG,2018-08-13,74.14,77.17,73.56,77.17,235740
DHG,2018-08-14,77.17,77.89,76.09,76.16,135560
DHG,2018-08-15,76.16,76.16,73.92,74.64,99230
DHG,2018-08-16,73.2,73.56,72.48,73.56,60120
DHG,2018-08-17,73.56,74.14,71.76,71.76,101420
DHG,2018-08-20,71.76,71.76,69.24,69.24,432940
DHG,2018-08-21,68.51,69.24,67.0,69.24,401520
DHG,2018-08-22,69.96,70.25,69.6,69.88,186800
DHG,2018-08-23,69.6,69.67,69.09,69.24,146570
DHG,2018-08-24,69.02,69.24,68.37,69.24,174220
DHG,2018-08-27,69.24,69.24,67.65,67.65,221890
DHG,2018-08-28,67.79,67.79,66.71,66.86,238860
DHG,2018-08-29,67.07,67.07,65.85,65.99,245480
DHG,2018-08-30,65.99,66.78,65.85,66.57,360620
DHG,2018-08-31,67.65,67.65,66.57,66.57,166350
DHG,2018-09-04,67.0,67.72,66.49,66.86,339340
DHG,2018-09-05,66.86,66.86,65.77,66.06,250890
DHG,2018-09-06,66.06,66.35,65.63,65.92,144820
DHG,2018-09-07,66.13,66.42,65.92,66.35,191870
DHG,2018-09-10,66.35,66.35,65.99,66.28,163480
DHG,2018-09-11,65.99,66.71,65.99,66.42,128150
DHG,2018-09-12,66.71,67.29,66.35,66.35,130450
DHG,2018-09-13,66.35,67.79,66.35,67.22,356780
DHG,2018-09-14,67.29,67.79,66.64,66.71,214610
DHG,2018-09-17,66.71,68.08,66.42,67.79,239330
DHG,2018-09-18,67.72,68.01,66.78,67.87,344140
DHG,2018-09-19,68.15,68.87,67.87,68.73,390610
DHG,2018-09-20,68.51,69.96,68.51,69.96,216290
DHG,2018-09-21,69.96,70.25,68.59,69.88,363560
DHG,2018-09-24,69.38,69.81,69.38,69.6,217880
DHG,2018-09-25,69.45,70.1,68.73,69.96,338900
DHG,2018-09-26,69.45,71.4,69.45,71.4,335060
DHG,2018-09-27,71.83,72.84,70.82,72.84,466990
DHG,2018-09-28,72.84,72.84,71.9,72.12,184130
DHG,2018-10-01,71.83,72.12,69.88,72.12,567870
DHG,2018-10-02,70.75,72.12,69.96,69.96,259730
DHG,2018-10-03,69.96,70.61,69.52,69.96,163570
DHG,2018-10-04,69.96,69.96,67.79,67.79,167410
DHG,2018-10-05,67.79,68.59,67.65,67.79,180180
DHG,2018-10-08,67.5,68.51,67.5,67.65,79690
DHG,2018-10-09,67.43,67.43,65.99,65.99,457530
DHG,2018-10-10,65.99,66.86,65.99,66.35,89600
DHG,2018-10-11,65.63,65.63,63.9,64.69,147750
DHG,2018-10-12,62.89,66.21,62.89,66.21,143180
DHG,2018-10-15,66.35,66.42,64.91,65.99,101730
DHG,2018-10-16,65.99,66.35,65.77,65.92,45590
DHG,2018-10-17,65.92,66.35,65.63,65.63,95080
DHG,2018-10-18,65.77,65.77,64.91,64.91,56970
DHG,2018-10-19,64.55,65.27,63.54,63.54,101900
DHG,2018-10-22,63.11,63.83,63.11,63.68,73940
DHG,2018-10-23,64.19,64.19,62.74,62.89,36960
DHG,2018-10-24,63.83,63.83,62.74,62.74,42270
DHG,2018-10-25,61.37,62.02,60.94,61.45,62280
DHG,2018-10-26,62.02,62.6,61.09,61.37,63080
DHG,2018-10-29,61.3,61.37,59.21,60.44,76330
DHG,2018-10-30,60.44,60.58,60.15,60.36,50000
DHG,2018-10-31,60.36,61.3,60.36,60.58,49160
DHG,2018-11-01,60.58,61.3,60.0,60.44,35970
DHG,2018-11-02,60.44,61.16,60.36,60.44,145090
DHG,2018-11-05,59.86,59.86,59.57,59.86,65270
DHG,2018-11-06,59.86,62.02,59.86,61.3,253740
DHG,2018-11-07,61.3,61.3,59.86,60.58,149960
DHG,2018-11-08,59.86,61.88,59.86,61.59,182360
DHG,2018-11-09,61.3,62.02,60.51,61.16,119420
DHG,2018-11-12,60.94,61.16,60.22,61.09,54780
DHG,2018-11-13,59.14,60.08,59.14,59.14,108540
DHG,2018-11-14,59.21,59.86,59.14,59.43,92660
DHG,2018-11-15,59.43,59.79,58.92,59.35,47700
DHG,2018-11-16,59.35,59.5,58.85,59.35,83630
DHG,2018-11-19,59.35,60.29,59.28,59.93,70030
DHG,2018-11-20,59.64,61.3,59.64,60.94,91970
DHG,2018-11-21,60.94,60.94,60.22,60.94,47700
DHG,2018-11-22,60.94,61.95,60.94,61.45,157080
DHG,2018-11-23,61.45,61.45,60.36,60.58,71810
DHG,2018-11-26,61.3,61.3,60.36,60.58,25610
DHG,2018-11-27,60.58,60.58,59.28,59.57,100430
DHG,2018-11-28,59.79,59.79,59.14,59.43,47270
DHG,2018-11-29,59.93,60.29,58.92,59.5,119630
DHG,2018-11-30,58.71,59.5,58.42,59.14,57690
DHG,2018-12-03,59.14,60.29,59.14,60.22,165620
DHG,2018-12-04,60.87,61.01,60.22,60.44,205210
DHG,2018-12-05,60.0,60.58,59.86,60.58,69670
DHG,2018-12-06,60.58,61.01,60.22,60.51,95310
DHG,2018-12-07,60.58,61.09,60.58,60.94,118540
DHG,2018-12-10,60.58,60.94,60.44,60.58,80510
DHG,2018-12-11,59.93,60.58,59.14,59.35,149090
DHG,2018-12-12,59.79,59.86,59.5,59.72,61540
DHG,2018-12-13,59.79,59.86,59.43,59.5,135940
DHG,2018-12-14,59.72,59.86,59.35,59.5,102580
DHG,2018-12-17,59.5,60.29,59.35,60.0,97690
DHG,2018-12-18,59.86,59.86,59.21,59.43,64590
DHG,2018-12-19,59.43,59.72,58.42,58.92,175620
DHG,2018-12-20,58.49,59.14,57.84,58.06,143150
DHG,2018-12-21,56.33,57.7,56.33,57.7,90950
DHG,2018-12-24,57.7,57.7,56.61,56.61,53390
DHG,2018-12-25,52.72,56.25,52.72,55.97,100820
DHG,2018-12-26,55.97,55.97,54.59,54.59,85160
DHG,2018-12-27,54.59,55.32,54.59,54.67,109780
DHG,2018-12-28,55.1,56.97,54.45,56.97,74670
DHG,2019-01-02,56.25,56.83,54.96,54.96,46610
DHG,2019-01-03,54.81,54.96,53.01,53.01,183400
DHG,2019-01-04,53.01,53.22,52.43,53.01,53830
DHG,2019-01-07,53.01,54.31,53.01,54.09,70990
DHG,2019-01-08,54.81,54.81,53.73,53.95,75610
DHG,2019-01-09,54.38,54.88,54.09,54.45,103150
DHG,2019-01-10,54.09,56.47,54.09,55.89,82280
DHG,2019-01-11,56.61,57.84,54.81,57.62,139310
DHG,2019-01-14,57.7,59.14,56.25,58.42,211030
DHG,2019-01-15,58.13,59.14,57.7,58.42,101570
DHG,2019-01-16,58.56,59.28,58.42,59.21,102050
DHG,2019-01-17,58.06,60.22,58.06,59.57,117620
DHG,2019-01-18,59.57,60.44,59.5,60.29,76910
DHG,2019-01-21,60.29,60.8,59.86,60.8,96600
DHG,2019-01-22,60.8,61.3,59.86,61.01,105950
DHG,2019-01-23,60.29,61.73,60.29,60.44,135070
DHG,2019-01-24,60.29,60.73,60.29,60.58,29390
DHG,2019-01-25,60.22,61.3,60.22,61.23,64480
DHG,2019-01-28,61.23,61.23,60.22,60.44,49110
DHG,2019-01-29,60.94,60.94,60.08,60.44,58520
DHG,2019-01-30,60.58,60.87,60.29,60.58,15690
DHG,2019-01-31,60.58,61.3,60.58,61.3,26930
DHG,2019-02-01,61.3,61.37,60.44,61.37,44490
DHG,2019-02-11,61.37,61.59,60.87,61.3,20660
DHG,2019-02-12,61.66,61.66,61.3,61.52,51990
DHG,2019-02-13,61.59,62.1,61.45,62.1,96080
DHG,2019-02-14,62.74,64.04,62.74,64.04,167680
DHG,2019-02-15,63.47,67.07,63.47,67.07,446610
DHG,2019-02-18,68.15,69.96,65.49,69.96,982670
DHG,2019-02-19,69.96,70.68,67.79,70.68,883330
DHG,2019-02-20,69.96,69.96,68.37,69.38,341930
DHG,2019-02-21,68.87,70.32,67.79,70.32,557900
DHG,2019-02-22,69.31,73.56,69.31,73.56,601580
DHG,2019-02-25,74.28,78.68,73.78,78.68,1430570
DHG,2019-02-26,78.76,82.58,78.76,80.7,596640
DHG,2019-02-27,80.77,83.73,80.77,83.66,849530
DHG,2019-02-28,83.95,85.61,82.29,85.46,1169730
DHG,2019-03-01,83.66,85.82,83.66,85.82,503080
DHG,2019-03-04,85.1,86.04,85.1,85.82,295810
DHG,2019-03-05,85.82,86.04,85.17,85.53,245400
DHG,2019-03-06,85.46,86.26,85.46,85.82,278020
DHG,2019-03-07,85.82,86.26,85.82,85.82,405240
DHG,2019-03-08,85.97,86.11,85.82,85.82,208810
DHG,2019-03-11,85.9,86.04,85.75,85.9,454340
DHG,2019-03-12,85.9,86.04,84.6,85.46,276840
DHG,2019-03-13,85.98,86.2,85.76,85.83,75180
DHG,2019-03-14,85.83,85.83,85.1,85.54,393270
DHG,2019-03-15,85.61,86.05,85.39,85.54,298800
DHG,2019-03-18,85.54,86.05,85.54,85.9,246440
DHG,2019-03-19,85.83,85.9,85.76,85.83,259680
DHG,2019-03-20,85.76,86.2,85.76,85.98,232530
DHG,2019-03-21,86.56,87.3,86.12,86.78,45590
DHG,2019-03-22,87.3,87.3,85.1,87.23,62100
DHG,2019-03-25,87.23,87.3,85.98,87.15,67520
DHG,2019-03-26,87.15,87.15,86.05,86.56,21020
DHG,2019-03-27,86.49,86.78,86.27,86.56,87730
DHG,2019-03-28,86.34,86.93,86.34,86.71,24680
DHG,2019-03-29,86.56,86.93,86.42,86.78,34530
DHG,2019-04-01,86.78,86.78,86.2,86.56,37430
DHG,2019-04-02,86.56,86.78,86.2,86.78,35570
DHG,2019-04-03,86.93,86.93,86.2,86.78,33170
DHG,2019-04-04,86.56,88.77,86.56,88.03,191570
DHG,2019-04-05,88.03,88.03,86.56,87.3,23470
DHG,2019-04-08,87.3,87.3,85.9,86.86,12500
DHG,2019-04-09,86.86,86.86,86.2,86.2,32910
DHG,2019-04-10,85.98,86.93,85.98,86.2,20270
DHG,2019-04-11,86.34,86.93,82.53,85.46,56880
DHG,2019-04-12,85.46,85.46,84.29,85.1,4770
DHG,2019-04-16,84.36,84.36,81.43,83.56,21670
DHG,2019-04-17,82.9,83.63,82.16,83.56,4030
DHG,2019-04-18,83.63,83.92,81.8,81.8,14830
DHG,2019-04-19,81.8,82.16,79.96,82.16,69490
DHG,2019-04-22,80.7,87.0,80.7,82.53,17420
DHG,2019-04-23,82.53,84.29,80.33,83.63,104300
DHG,2019-04-24,83.92,84.0,82.24,82.68,16990
DHG,2019-04-25,82.16,84.0,81.06,82.9,55380
DHG,2019-04-26,82.16,85.1,82.16,85.02,12730
DHG,2019-05-02,83.63,86.93,82.9,86.93,30700
DHG,2019-05-03,85.83,86.56,85.17,85.54,8630
DHG,2019-05-06,85.54,86.42,85.54,86.42,8670
DHG,2019-05-07,86.42,86.42,85.1,85.46,24620
DHG,2019-05-08,84.8,86.93,84.14,84.14,84170
DHG,2019-05-09,82.97,86.56,82.97,85.83,32320
DHG,2019-05-10,85.83,86.78,85.1,86.56,34750
DHG,2019-05-13,86.93,86.93,85.83,85.98,11490
DHG,2019-05-14,85.98,86.56,85.1,86.2,10180
DHG,2019-05-15,86.2,86.2,85.1,85.17,13650
DHG,2019-05-16,82.9,86.56,82.9,85.17,12330
DHG,2019-05-17,84.22,85.76,84.22,84.36,6800
DHG,2019-05-20,84.36,85.61,84.0,84.0,19220
DHG,2019-05-21,84.0,85.46,83.63,84.88,25210
DHG,2019-05-22,84.44,85.1,84.44,85.02,6030
DHG,2019-05-23,85.46,85.83,82.9,83.63,27880
DHG,2019-05-24,84.36,85.32,82.9,85.17,12440
DHG,2019-05-27,85.83,85.83,85.17,85.17,1050
DHG,2019-05-28,84.44,85.17,83.48,85.02,4060
DHG,2019-05-29,85.46,85.46,83.26,84.0,6530
DHG,2019-05-30,84.51,85.1,83.63,84.73,5520
DHG,2019-05-31,84.73,85.17,83.63,84.73,8510
DHG,2019-06-03,84.36,85.02,82.9,83.04,11140
DHG,2019-06-04,83.63,83.63,82.53,83.12,14710
DHG,2019-06-05,83.04,84.36,82.02,84.0,2540
DHG,2019-06-06,84.29,84.66,82.53,84.29,9850
DHG,2019-06-07,82.9,84.95,82.9,84.29,9590
DHG,2019-06-10,84.29,84.36,82.24,83.48,26390
DHG,2019-06-11,83.48,83.78,83.48,83.56,10050
DHG,2019-06-12,82.9,82.97,82.02,82.16,20490
DHG,2019-06-13,82.9,82.9,80.11,80.11,20210
DHG,2019-06-14,77.76,80.11,77.61,78.2,11740
DHG,2019-06-17,78.2,79.23,76.15,76.51,17860
DHG,2019-06-18,76.51,76.51,72.92,74.46,35200
DHG,2019-06-19,74.46,77.91,74.09,74.46,12850
DHG,2019-06-20,73.36,76.22,73.36,74.46,18450
DHG,2019-06-21,75.78,75.93,75.49,75.93,9010
DHG,2019-06-24,75.56,76.66,75.56,76.66,16300
DHG,2019-06-25,75.71,77.32,75.71,77.03,17640
DHG,2019-06-26,77.03,78.13,77.03,77.91,7050
DHG,2019-06-27,77.91,79.96,77.91,79.23,16050
DHG,2019-06-28,80.18,80.18,73.73,79.96,17610
DHG,2019-07-01,80.04,80.11,77.17,77.17,17220
DHG,2019-07-02,80.35,80.42,78.14,78.21,18350
DHG,2019-07-03,78.21,79.61,77.1,77.47,6450
DHG,2019-07-04,77.47,79.24,76.74,79.24,11180
DHG,2019-07-05,79.17,79.17,77.4,77.77,14180
DHG,2019-07-08,78.8,78.8,77.03,77.18,39370
DHG,2019-07-09,77.18,77.99,76.66,77.55,24010
DHG,2019-07-10,77.55,78.14,77.4,77.4,3320
DHG,2019-07-11,77.4,78.14,77.4,77.55,9410
DHG,2019-07-12,78.8,78.8,76.66,76.74,18060
DHG,2019-07-15,76.74,76.74,75.93,76.74,8140
DHG,2019-07-16,76.74,76.74,75.11,75.56,22140
DHG,2019-07-17,75.56,75.93,74.82,75.56,37480
DHG,2019-07-18,74.97,75.56,73.71,73.71,30450
DHG,2019-07-19,73.71,75.93,73.71,75.56,32240
DHG,2019-07-22,75.56,76.96,74.89,75.04,50290
DHG,2019-07-23,75.04,75.56,74.89,74.89,15630
DHG,2019-07-24,74.89,75.04,74.08,74.82,10020
DHG,2019-07-25,75.41,75.41,74.45,74.82,13540
DHG,2019-07-26,75.26,75.26,74.45,74.82,17450
DHG,2019-07-29,74.45,74.82,74.08,74.16,18620
DHG,2019-07-30,74.38,74.38,73.42,73.64,20510
DHG,2019-07-31,73.64,73.86,72.76,72.98,32870
DHG,2019-08-01,73.12,73.12,71.13,71.13,63170
DHG,2019-08-02,71.06,71.5,69.95,70.03,79060
DHG,2019-08-05,70.03,71.5,70.03,71.5,15130
DHG,2019-08-06,71.5,71.5,70.03,70.1,10760
DHG,2019-08-07,69.73,70.77,69.29,70.54,26260
DHG,2019-08-08,69.0,70.77,69.0,70.47,46850
DHG,2019-08-09,71.5,72.24,70.77,71.5,75130
DHG,2019-08-12,71.87,71.87,70.77,70.77,37130
DHG,2019-08-13,69.29,72.02,68.55,69.29,36380
DHG,2019-08-14,69.29,69.66,69.14,69.44,28500
DHG,2019-08-15,69.14,70.03,68.41,70.03,10230
DHG,2019-08-16,70.4,70.4,68.19,69.29,16330
DHG,2019-08-19,69.0,70.4,69.0,70.4,19310
DHG,2019-08-20,70.62,70.62,69.29,70.4,5200
DHG,2019-08-21,70.4,70.4,69.51,69.59,15570
DHG,2019-08-22,69.29,69.66,69.29,69.66,15180
DHG,2019-08-23,69.66,69.66,69.22,69.29,7110
DHG,2019-08-26,68.92,68.92,68.11,68.7,12000
DHG,2019-08-27,68.55,68.92,68.55,68.77,2920
DHG,2019-08-28,69.59,69.66,68.55,68.7,4550
DHG,2019-08-29,68.55,68.55,67.82,67.82,9000
DHG,2019-08-30,67.89,68.92,67.82,68.92,7170
DHG,2019-09-03,68.92,68.92,68.19,68.26,4110
DHG,2019-09-04,68.26,70.4,68.19,70.4,21000
DHG,2019-09-05,70.4,70.4,68.92,68.92,4350
DHG,2019-09-06,68.92,68.92,68.55,68.63,3270
DHG,2019-09-09,68.63,68.63,67.89,68.19,7950
DHG,2019-09-10,67.89,68.55,66.71,67.08,33540
DHG,2019-09-11,67.08,67.82,66.19,66.27,12450
DHG,2019-09-12,66.27,67.08,66.27,66.27,10050
DHG,2019-09-13,66.34,67.82,66.34,67.6,3940
DHG,2019-09-16,67.67,67.67,67.08,67.3,5260
DHG,2019-09-17,66.42,67.23,66.42,67.23,4260
DHG,2019-09-18,67.23,67.23,66.71,67.08,2280
DHG,2019-09-19,67.23,67.23,66.93,67.08,3140
DHG,2019-09-20,67.45,67.45,67.23,67.23,2880
DHG,2019-09-23,67.08,67.3,66.71,67.3,3720
DHG,2019-09-24,67.08,67.74,67.08,67.37,2300
DHG,2019-09-25,67.37,67.45,67.08,67.37,4490
DHG,2019-09-26,67.45,67.82,67.37,67.74,8860
DHG,2019-09-27,67.82,68.92,67.82,68.92,12030
DHG,2019-09-30,69.88,69.88,68.92,69.14,6060
DHG,2019-10-01,69.14,69.29,68.55,69.29,6470
DHG,2019-10-02,69.0,69.0,67.82,68.55,8320
DHG,2019-10-03,68.55,68.55,67.08,68.19,10970
DHG,2019-10-04,67.52,67.82,67.52,67.67,2210
DHG,2019-10-07,67.82,68.41,66.71,67.67,12050
DHG,2019-10-08,67.6,67.82,67.08,67.45,5380
DHG,2019-10-09,67.45,67.45,67.01,67.37,4880
DHG,2019-10-10,67.08,67.45,66.78,67.08,5700
DHG,2019-10-11,67.08,67.74,67.08,67.74,1860
DHG,2019-10-14,67.82,68.55,67.74,68.55,13110
DHG,2019-10-15,68.55,68.55,67.67,67.67,7310
DHG,2019-10-16,67.82,68.92,67.15,67.82,50900
DHG,2019-10-17,68.41,68.41,67.45,67.45,1260
DHG,2019-10-18,67.74,69.14,67.74,68.92,14890
DHG,2019-10-21,68.55,68.55,67.74,67.82,8520
DHG,2019-10-22,67.67,72.24,67.23,69.29,18200
DHG,2019-10-23,67.45,69.29,67.45,69.07,12660
DHG,2019-10-24,68.55,69.07,68.55,68.92,2620
DHG,2019-10-25,68.92,68.92,67.82,67.96,1710
DHG,2019-10-28,67.96,68.92,67.82,68.92,21130
DHG,2019-10-29,68.92,69.29,68.55,68.63,5320
DHG,2019-10-30,68.63,68.92,66.34,68.26,22870
DHG,2019-10-31,68.26,68.77,67.89,68.26,9220
DHG,2019-11-01,67.89,68.77,67.89,68.19,9770
DHG,2019-11-04,68.19,69.44,68.19,69.29,17220
DHG,2019-11-05,69.29,69.51,69.29,69.29,10860
DHG,2019-11-06,69.29,69.51,69.14,69.22,3190
DHG,2019-11-07,68.55,69.36,68.48,68.55,101000
DHG,2019-11-08,69.29,69.29,68.7,69.29,14490
DHG,2019-11-11,69.29,69.44,69.22,69.22,6650
DHG,2019-11-12,68.92,69.29,68.77,69.29,14880
DHG,2019-11-13,68.48,69.29,68.48,69.29,22520
DHG,2019-11-14,69.29,71.5,68.55,71.35,45280
DHG,2019-11-15,71.35,71.35,70.4,70.77,7900
DHG,2019-11-18,70.4,70.4,69.66,70.03,5740
DHG,2019-11-19,69.29,70.03,68.77,69.0,14680
DHG,2019-11-20,69.0,69.29,68.63,68.63,7030
DHG,2019-11-21,68.33,69.29,68.33,69.29,9890
DHG,2019-11-22,69.29,70.03,68.92,69.29,21130
DHG,2019-11-25,67.82,69.29,67.82,68.77,7720
DHG,2019-11-26,68.77,69.66,68.77,69.66,12910
DHG,2019-11-27,69.66,69.73,69.0,69.29,2250
DHG,2019-11-28,69.59,69.59,68.77,68.85,6570
DHG,2019-11-29,69.29,69.29,68.7,68.7,4950
DHG,2019-12-02,68.7,69.59,68.7,69.29,5530
DHG,2019-12-03,69.51,69.59,68.7,69.29,24420
DHG,2019-12-04,69.29,69.29,69.0,69.0,3350
DHG,2019-12-05,69.51,69.51,68.92,69.29,1450
DHG,2019-12-06,69.07,69.59,68.92,69.0,2020
DHG,2019-12-09,69.0,70.62,69.0,70.62,32620
DHG,2019-12-10,70.62,70.62,70.03,70.4,4210
DHG,2019-12-11,70.4,70.4,69.66,70.25,2620
DHG,2019-12-12,70.25,70.25,69.81,70.25,6220
DHG,2019-12-13,70.25,70.25,70.03,70.03,4860
DHG,2019-12-16,70.03,70.03,69.29,69.29,7270
DHG,2019-12-17,69.29,69.73,69.07,69.73,4500
DHG,2019-12-18,69.44,69.73,66.27,69.66,104960
DHG,2019-12-19,67.23,69.59,67.23,68.33,7630
DHG,2019-12-20,69.14,69.66,68.55,68.92,1490
DHG,2019-12-23,67.89,68.85,67.15,67.15,10080
DHG,2019-12-24,67.08,67.37,66.34,67.23,5300
DHG,2019-12-25,67.15,68.48,67.15,68.41,14000
DHG,2019-12-26,67.89,68.33,67.08,67.82,6280
DHG,2019-12-27,67.82,68.85,67.67,68.19,8820
DHG,2019-12-30,67.82,69.22,67.82,67.82,10850
DHG,2019-12-31,67.82,67.82,67.45,67.45,13530
DHG,2020-01-02,67.23,67.82,67.08,67.82,14050
DHG,2020-01-03,67.82,67.82,66.93,67.23,14170
DHG,2020-01-06,66.42,67.23,66.34,67.23,12160
DHG,2020-01-07,67.08,67.08,65.75,65.75,26000
DHG,2020-01-08,65.75,65.75,63.32,63.39,76650
DHG,2020-01-09,63.39,66.34,63.39,65.61,12200
DHG,2020-01-10,64.87,65.61,63.62,64.87,52270
DHG,2020-01-13,64.87,64.87,64.13,64.2,1850
DHG,2020-01-14,64.87,66.34,64.87,66.34,13540
DHG,2020-01-15,66.34,66.56,65.46,65.61,14520
DHG,2020-01-16,65.61,65.61,64.13,64.43,34420
DHG,2020-01-17,64.43,64.87,64.43,64.87,6390
DHG,2020-01-20,64.13,65.16,63.98,65.16,3620
DHG,2020-01-21,65.24,65.24,63.39,65.09,55820
DHG,2020-01-22,64.87,65.61,63.54,64.87,56900
DHG,2020-01-30,66.05,68.55,65.61,68.55,75960
DHG,2020-01-31,73.35,73.35,72.31,73.35,92670
DHG,2020-02-03,78.43,78.43,75.19,75.63,152290
DHG,2020-02-04,73.71,75.63,71.65,74.45,66370
DHG,2020-02-05,71.87,71.87,69.29,71.13,45580
DHG,2020-02-06,68.55,70.77,67.67,70.69,82720
DHG,2020-02-07,70.69,71.87,68.92,71.8,20330
DHG,2020-02-10,70.84,74.45,70.84,74.45,51850
DHG,2020-02-11,74.45,74.45,72.76,72.98,51720
DHG,2020-02-12,72.98,73.64,72.24,73.35,41690
DHG,2020-02-13,73.35,73.49,70.77,70.77,39570
DHG,2020-02-14,71.28,71.28,70.03,70.4,26780
DHG,2020-02-17,70.32,71.5,69.29,71.5,20260
DHG,2020-02-18,71.87,72.68,71.87,72.31,27050
DHG,2020-02-19,72.98,72.98,70.77,71.5,16310
DHG,2020-02-20,71.5,71.5,70.54,71.13,16930
DHG,2020-02-21,71.13,72.61,71.13,71.35,26460
DHG,2020-02-24,71.5,74.01,71.5,72.24,88130
DHG,2020-02-25,73.57,73.57,72.24,72.24,41790
DHG,2020-02-26,72.53,72.53,71.5,71.58,11850
DHG,2020-02-27,71.58,72.61,71.06,72.61,59450
DHG,2020-02-28,72.61,72.61,70.77,70.77,26240
DHG,2020-03-02,70.77,71.13,68.48,70.03,17520
DHG,2020-03-03,71.35,71.35,69.07,69.14,35210
DHG,2020-03-04,68.55,69.66,67.08,69.14,98630
DHG,2020-03-05,69.14,70.03,64.35,69.22,42650
DHG,2020-03-06,69.36,70.4,69.22,70.03,14240
DHG,2020-03-09,70.03,70.03,65.16,65.38,61430
DHG,2020-03-10,61.33,66.93,61.33,65.97,23650
DHG,2020-03-11,67.82,67.82,64.87,65.9,29080
DHG,2020-03-12,62.66,62.95,61.33,62.58,50940
DHG,2020-03-13,58.23,64.13,58.23,63.39,65370
DHG,2020-03-16,63.39,63.39,58.97,60.45,65460
DHG,2020-03-17,58.97,58.97,56.76,57.5,74390
DHG,2020-03-18,57.5,58.97,57.5,58.46,18290
DHG,2020-03-19,58.31,58.31,56.76,56.76,20560
DHG,2020-03-20,57.13,57.79,56.83,57.5,18720
DHG,2020-03-23,53.81,56.76,53.52,55.65,52370
DHG,2020-03-24,53.37,55.88,53.37,55.73,9410
DHG,2020-03-25,56.69,59.56,56.69,59.56,59610
DHG,2020-03-26,59.34,63.32,58.97,60.81,27920
DHG,2020-03-27,60.89,63.39,56.76,59.71,60750
DHG,2020-03-30,59.63,60.45,56.1,58.16,23160
DHG,2020-03-31,61.18,61.18,57.87,58.23,19970
DHG,2020-04-01,58.97,59.34,58.23,58.23,21450
DHG,2020-04-03,58.23,60.45,58.23,60.3,9340
DHG,2020-04-06,60.15,61.92,60.15,61.92,16160
DHG,2020-04-07,62.66,62.66,61.18,61.18,22130
DHG,2020-04-08,61.18,61.92,60.45,61.55,106210
DHG,2020-04-09,61.55,64.13,61.55,64.13,23140
DHG,2020-04-10,64.87,66.12,64.72,65.75,36400
DHG,2020-04-13,65.83,67.74,65.68,65.75,34710
DHG,2020-04-14,65.61,66.34,64.13,64.72,35860
DHG,2020-04-15,64.13,65.97,64.13,64.94,17360
DHG,2020-04-16,65.24,65.75,64.5,65.61,22040
DHG,2020-04-17,65.61,66.34,65.02,65.61,19970
DHG,2020-04-20,65.61,66.42,65.46,66.42,35420
DHG,2020-04-21,69.29,69.29,66.34,66.42,53130
DHG,2020-04-22,64.2,67.3,64.2,67.08,18860
DHG,2020-04-23,67.45,68.48,67.08,68.48,42470
DHG,2020-04-24,68.92,68.92,67.45,67.6,6380
DHG,2020-04-27,67.08,67.82,66.71,67.15,16390
DHG,2020-04-28,67.15,69.66,66.42,69.22,38860
DHG,2020-04-29,69.22,69.29,68.19,68.77,39160
DHG,2020-05-04,69.88,69.95,69.29,69.36,40030
DHG,2020-05-05,69.66,69.66,69.14,69.14,7150
DHG,2020-05-06,69.29,70.47,69.0,70.1,46810
DHG,2020-05-07,72.24,72.24,70.4,71.58,24850
DHG,2020-05-08,72.24,72.24,70.69,70.77,46920
DHG,2020-05-11,72.28,72.28,70.76,71.52,35220
DHG,2020-05-12,71.52,71.52,70.38,71.22,27740
DHG,2020-05-13,70.76,71.22,69.7,70.46,16580
DHG,2020-05-14,69.7,70.38,69.7,70.0,14080
DHG,2020-05-15,70.15,70.61,70.0,70.08,13440
DHG,2020-05-18,70.0,70.08,69.62,69.7,14920
DHG,2020-05-19,69.7,71.14,69.7,70.0,19750
DHG,2020-05-20,71.07,71.07,70.0,70.08,7130
DHG,2020-05-21,70.08,71.52,70.0,71.14,75160
DHG,2020-05-22,71.22,71.22,70.0,70.69,8510
DHG,2020-05-25,70.69,70.84,70.38,70.84,10000
DHG,2020-05-26,70.84,71.14,70.76,70.76,11120
DHG,2020-05-27,71.14,71.67,70.76,70.91,46140
DHG,2020-05-28,70.91,71.22,70.61,70.61,4420
DHG,2020-05-29,70.61,72.21,70.23,70.23,6150
DHG,2020-06-01,71.29,71.45,70.31,70.61,22030
DHG,2020-06-02,71.14,71.52,70.38,71.52,20580
DHG,2020-06-03,71.52,71.52,70.38,70.76,7630
DHG,2020-06-04,71.52,71.9,70.84,70.84,33520
DHG,2020-06-05,70.84,71.52,70.53,70.53,18650
DHG,2020-06-08,70.53,71.14,70.53,70.76,17710
DHG,2020-06-09,70.76,71.6,70.38,71.52,42550
DHG,2020-06-10,71.52,71.83,70.91,70.91,19690
DHG,2020-06-11,70.91,71.52,70.0,70.0,21540
DHG,2020-06-12,66.35,70.0,66.35,68.86,30740
DHG,2020-06-15,68.86,69.85,68.63,68.63,27150
DHG,2020-06-16,69.92,69.92,68.71,69.62,39590
DHG,2020-06-17,68.94,70.23,68.94,70.0,12790
DHG,2020-06-18,70.0,70.15,69.24,70.0,4540
DHG,2020-06-19,70.0,70.76,70.0,70.08,24170
DHG,2020-06-22,70.31,70.61,70.08,70.31,3020
DHG,2020-06-23,70.0,70.0,69.24,69.54,4320
DHG,2020-06-24,69.62,70.0,69.54,69.7,5660
DHG,2020-06-25,69.7,69.7,68.63,68.86,3120
DHG,2020-06-26,68.86,69.47,68.86,69.32,7740
DHG,2020-06-29,69.24,69.24,68.25,68.33,3970
DHG,2020-06-30,69.09,69.62,68.33,69.62,7090
DHG,2020-07-01,69.62,69.62,68.48,68.86,2300
DHG,2020-07-02,69.47,69.47,68.86,69.24,1700
DHG,2020-07-03,69.62,70.0,68.71,70.0,12070
DHG,2020-07-06,70.61,70.61,69.24,70.53,13190
DHG,2020-07-07,70.99,71.14,70.46,71.07,16850
DHG,2020-07-08,70.76,71.14,70.76,71.14,10900
DHG,2020-07-09,70.76,71.67,70.76,71.67,12210
DHG,2020-07-10,71.52,71.67,70.0,70.76,9190
DHG,2020-07-13,70.76,71.52,70.0,71.45,6090
DHG,2020-07-14,71.37,72.21,69.21,72.06,8860
DHG,2020-07-15,70.44,72.06,69.9,71.67,30680
DHG,2020-07-16,70.14,71.67,70.14,71.67,10520
DHG,2020-07-17,71.67,71.67,69.98,71.52,6450
DHG,2020-07-20,70.37,71.52,70.37,70.67,7770
DHG,2020-07-21,70.67,71.52,70.52,71.37,19450
DHG,2020-07-22,71.52,71.52,70.44,71.37,14010
DHG,2020-07-23,71.37,71.37,70.75,71.37,4720
DHG,2020-07-24,70.21,71.83,69.98,71.83,18610
DHG,2020-07-27,66.91,71.52,66.91,69.98,12160
DHG,2020-07-28,69.98,70.75,69.21,70.75,9680
DHG,2020-07-29,71.52,71.52,69.14,71.37,12880
DHG,2020-07-30,71.37,71.37,69.21,71.29,7370
DHG,2020-07-31,71.21,71.21,70.06,70.06,3240
DHG,2020-08-03,71.14,71.52,69.98,70.52,13380
DHG,2020-08-04,70.52,74.6,70.44,74.6,33840
DHG,2020-08-05,74.6,74.6,73.13,74.6,20210
DHG,2020-08-06,73.83,74.6,73.37,74.52,11800
DHG,2020-08-07,74.37,74.44,72.29,74.44,18470
DHG,2020-08-10,74.44,74.6,72.9,74.37,13190
DHG,2020-08-11,74.37,74.37,73.13,74.37,17140
DHG,2020-08-12,74.37,74.37,73.21,74.29,8230
DHG,2020-08-13,74.44,74.6,73.37,74.44,8130
DHG,2020-08-14,74.98,74.98,73.83,73.83,7170
DHG,2020-08-17,73.83,73.83,73.29,73.75,6800
DHG,2020-08-18,73.75,74.21,73.44,73.6,6090
DHG,2020-08-19,73.6,74.13,73.44,74.06,2110
DHG,2020-08-20,74.21,74.6,73.13,74.6,17130
DHG,2020-08-21,74.21,76.13,73.83,76.13,30320
DHG,2020-08-24,76.13,80.59,75.36,80.59,33570
DHG,2020-08-25,83.75,83.75,80.59,81.52,21900
DHG,2020-08-26,80.75,81.52,78.44,81.06,14720
DHG,2020-08-27,81.06,81.06,79.21,80.75,20440
DHG,2020-08-28,80.75,81.52,80.36,81.52,17620
DHG,2020-08-31,79.59,81.52,79.59,81.13,6890
DHG,2020-09-01,81.06,81.06,79.21,80.59,8770
DHG,2020-09-03,79.98,80.36,78.83,78.83,18830
DHG,2020-09-04,80.75,80.75,78.44,78.52,5600
DHG,2020-09-07,78.44,79.21,76.9,76.9,8490
DHG,2020-09-08,76.9,80.75,76.9,80.75,17060
DHG,2020-09-09,80.75,80.75,78.67,78.75,1350
DHG,2020-09-10,79.98,79.98,78.44,79.13,2320
DHG,2020-09-11,77.67,80.67,77.67,80.36,5630
DHG,2020-09-14,80.36,80.36,78.52,78.52,1650
DHG,2020-09-15,78.59,80.44,78.59,79.21,7200
DHG,2020-09-16,80.75,80.75,79.21,80.29,7820
DHG,2020-09-17,81.52,81.67,80.75,81.52,36730
DHG,2020-09-18,82.59,82.59,81.13,81.21,3170
DHG,2020-09-21,81.21,81.52,75.9,80.21,4020
DHG,2020-09-22,80.75,81.52,79.98,81.52,9670
DHG,2020-09-23,80.36,81.52,80.36,81.52,5960
DHG,2020-09-24,82.29,82.29,81.21,81.67,14890
DHG,2020-09-25,77.36,82.21,77.36,80.82,7520
DHG,2020-09-28,79.98,81.52,79.98,81.52,7530
DHG,2020-09-29,81.59,81.9,81.06,81.44,13560
DHG,2020-09-30,81.44,81.44,81.06,81.13,4730
DHG,2020-10-01,81.13,81.52,80.9,81.44,8160
DHG,2020-10-02,80.67,81.52,80.67,81.44,6850
DHG,2020-10-05,81.44,81.44,79.98,80.06,1780
DHG,2020-10-06,80.06,80.75,79.59,80.59,4890
DHG,2020-10-07,80.82,80.82,80.06,80.75,2170
DHG,2020-10-08,81.52,81.52,80.75,80.75,1220
DHG,2020-10-09,79.52,81.44,79.52,80.59,3040
DHG,2020-10-12,80.59,81.44,79.44,81.21,9900
DHG,2020-10-13,81.21,81.21,79.67,79.98,2530
DHG,2020-10-14,79.98,81.13,77.36,81.13,7840
DHG,2020-10-15,80.36,80.75,79.52,80.29,1800
DHG,2020-10-16,80.29,80.29,79.98,79.98,200
DHG,2020-10-19,79.98,80.59,78.06,79.21,1770
DHG,2020-10-20,79.21,79.98,79.21,79.21,2250
DHG,2020-10-21,79.21,79.9,79.21,79.29,3480
DHG,2020-10-22,79.98,79.98,78.44,79.75,4730
DHG,2020-10-23,79.9,79.9,79.21,79.9,2540
DHG,2020-10-26,80.36,80.36,79.21,79.21,940
DHG,2020-10-27,79.21,79.9,78.59,78.9,2110
DHG,2020-10-28,78.83,79.75,78.21,78.44,3810
DHG,2020-10-29,78.44,78.44,78.06,78.44,4170
DHG,2020-10-30,77.67,78.44,77.67,78.44,2390
DHG,2020-11-02,78.44,79.9,78.44,79.9,4160
DHG,2020-11-03,78.98,79.98,78.98,79.98,4350
DHG,2020-11-04,79.98,79.98,78.52,79.21,2470
DHG,2020-11-05,76.29,79.21,76.29,79.21,20900
DHG,2020-11-06,79.21,79.21,79.13,79.21,4380
DHG,2020-11-09,78.44,79.98,78.44,79.98,9330
DHG,2020-11-10,78.67,79.67,78.59,79.13,6560
DHG,2020-11-11,79.21,79.98,79.13,79.98,8360
DHG,2020-11-12,80.13,80.13,79.9,79.9,3190
DHG,2020-11-13,79.9,79.9,78.83,78.83,3300
DHG,2020-11-16,78.83,79.21,78.83,78.9,1700
DHG,2020-11-17,78.9,79.21,78.59,78.83,3040
DHG,2020-11-18,78.83,79.21,78.67,79.21,3460
DHG,2020-11-19,79.21,79.21,79.13,79.13,2440
DHG,2020-11-20,79.13,79.13,78.75,78.9,3560
DHG,2020-11-23,78.9,79.21,78.9,78.9,1460
DHG,2020-11-24,78.9,78.98,78.67,78.98,2610
DHG,2020-11-25,79.21,80.13,78.98,79.44,8470
DHG,2020-11-26,80.13,80.13,79.52,79.52,3310
DHG,2020-11-27,79.52,79.98,79.06,79.52,2320
DHG,2020-11-30,78.52,79.59,78.52,79.59,3120
DHG,2020-12-01,78.9,79.59,78.9,79.59,2180
DHG,2020-12-02,79.59,79.59,79.44,79.59,4950
DHG,2020-12-03,79.59,79.59,79.21,79.21,3340
DHG,2020-12-04,79.21,81.52,79.21,81.29,25610
DHG,2020-12-07,81.29,82.29,81.29,81.82,10670
DHG,2020-12-08,81.82,81.98,80.36,81.29,7900
DHG,2020-12-09,82.13,82.13,81.06,81.9,17280
DHG,2020-12-10,82.21,82.21,80.98,80.98,9170
DHG,2020-12-11,80.98,80.98,80.9,80.9,5540
DHG,2020-12-14,80.9,81.75,80.9,80.9,6870
DHG,2020-12-15,81.36,81.36,80.36,81.13,6470
DHG,2020-12-16,81.36,81.36,80.36,80.75,7360
DHG,2020-12-17,79.52,80.75,79.52,80.21,4840
DHG,2020-12-18,79.21,80.36,79.21,80.29,5140
DHG,2020-12-21,80.75,80.75,79.98,80.06,6970
DHG,2020-12-22,80.75,80.75,79.21,79.21,9400
DHG,2020-12-23,80.75,80.75,79.67,79.98,1890
DHG,2020-12-24,80.36,80.75,79.13,80.13,5190
DHG,2020-12-25,80.13,80.44,79.83,80.44,3400
DHG,2020-12-28,79.21,80.36,79.21,80.36,4470
DHG,2020-12-29,80.36,80.36,79.29,79.75,3240
DHG,2020-12-30,79.75,80.06,79.59,79.67,9380
DHG,2020-12-31,79.67,80.36,79.52,79.98,9010
DHG,2021-01-04,79.98,80.67,79.98,80.44,3100
DHG,2021-01-05,80.44,80.75,80.44,80.44,800
DHG,2021-01-06,79.98,81.9,79.83,81.75,28200
DHG,2021-01-07,81.9,84.59,81.9,83.29,38400
DHG,2021-01-08,83.29,83.75,83.06,83.06,6300
DHG,2021-01-11,83.06,83.44,81.52,83.06,17900
DHG,2021-01-12,80.82,82.98,80.75,81.36,29000
DHG,2021-01-13,85.75,85.98,82.29,83.82,29300
DHG,2021-01-14,83.82,83.82,81.52,83.75,37400
DHG,2021-01-15,83.75,83.75,81.13,83.06,78200
DHG,2021-01-18,81.21,82.98,81.21,81.67,12200
DHG,2021-01-19,81.67,81.67,79.21,79.21,19200
DHG,2021-01-20,79.21,79.98,78.44,78.44,22500
DHG,2021-01-21,79.21,81.06,78.59,81.06,17000
DHG,2021-01-22,81.06,81.06,79.98,80.44,9700
DHG,2021-01-25,80.36,80.44,79.21,79.52,9800
DHG,2021-01-26,79.52,79.52,78.44,78.44,15000
DHG,2021-01-27,78.44,78.44,77.67,77.67,9000
DHG,2021-01-28,76.13,76.13,72.29,73.83,63200
DHG,2021-01-29,73.83,77.67,73.83,77.67,8000
DHG,2021-02-01,79.21,79.21,73.13,76.9,12900
DHG,2021-02-02,74.67,76.9,74.6,75.44,29200
DHG,2021-02-03,76.13,77.52,76.13,77.52,6300
DHG,2021-02-04,77.52,78.29,76.67,76.75,5800
DHG,2021-02-05,77.21,77.6,76.9,77.52,5200
DHG,2021-02-08,77.6,77.6,76.13,76.75,7900
DHG,2021-02-09,75.36,77.67,75.36,77.67,7700
DHG,2021-02-17,76.9,77.67,76.9,77.67,8700
DHG,2021-02-18,77.67,78.06,76.98,77.13,11500
DHG,2021-02-19,77.29,77.67,77.13,77.13,24500
DHG,2021-02-22,77.13,78.36,77.13,77.29,7200
DHG,2021-02-23,77.29,78.44,77.21,78.36,16200
DHG,2021-02-24,77.6,78.44,77.13,77.13,10400
DHG,2021-02-25,78.36,78.44,77.67,77.67,8300
DHG,2021-02-26,77.6,77.67,77.13,77.29,4700
DHG,2021-03-01,77.29,77.52,76.98,77.52,13600
DHG,2021-03-02,77.52,77.67,77.06,77.29,8200
DHG,2021-03-03,77.06,77.67,76.98,76.98,13300
DHG,2021-03-04,76.98,77.29,76.83,76.83,10900
DHG,2021-03-05,76.9,76.9,76.13,76.13,19900
DHG,2021-03-08,76.21,76.9,75.67,76.13,25400
DHG,2021-03-09,76.44,76.44,75.75,75.83,5200
DHG,2021-03-10,75.83,76.9,75.83,76.9,16600
DHG,2021-03-11,77.67,78.44,77.67,78.06,10400
DHG,2021-03-12,78.44,79.06,77.9,78.06,9400
DHG,2021-03-15,78.83,78.83,77.83,77.83,17900
DHG,2021-03-16,77.75,77.9,77.67,77.9,4700
DHG,2021-03-17,77.9,77.9,76.9,77.83,3300
DHG,2021-03-18,77.67,78.44,77.67,78.44,4700
DHG,2021-03-19,78.06,78.06,77.06,77.29,14300
DHG,2021-03-22,77.29,77.44,77.29,77.36,6400
DHG,2021-03-23,77.29,78.44,77.13,77.21,6500
DHG,2021-03-24,77.13,78.13,76.29,76.44,6100
DHG,2021-03-25,77.06,77.06,76.44,76.9,4100
DHG,2021-03-26,76.9,76.9,75.36,75.36,20200
DHG,2021-03-29,75.98,76.75,75.98,76.75,6600
DHG,2021-03-30,76.75,76.9,76.6,76.75,6700
DHG,2021-03-31,76.6,76.75,76.52,76.67,4100
DHG,2021-04-01,76.67,76.75,76.36,76.67,5600
DHG,2021-04-02,77.29,77.29,76.44,76.83,3800
DHG,2021-04-05,76.44,76.83,76.44,76.75,5000
DHG,2021-04-06,76.75,76.75,76.36,76.6,6600
DHG,2021-04-07,76.6,76.67,76.21,76.6,5200
DHG,2021-04-08,76.6,76.6,76.21,76.21,5100
DHG,2021-04-09,76.21,76.52,75.36,76.36,10300
DHG,2021-04-12,76.36,76.36,75.83,76.13,7100
DHG,2021-04-13,75.98,76.13,75.83,75.83,15200
DHG,2021-04-14,75.75,76.06,75.36,75.75,11800
DHG,2021-04-15,75.36,75.9,75.06,75.67,10600
DHG,2021-04-16,75.13,75.36,74.98,74.98,8500
DHG,2021-04-19,74.98,74.98,74.6,74.98,9700
DHG,2021-04-20,74.75,74.98,74.6,74.6,15000
DHG,2021-04-22,74.6,76.83,74.6,76.83,22900
DHG,2021-04-23,76.9,76.9,76.13,76.52,16900
DHG,2021-04-26,79.21,79.21,76.6,76.9,18000
DHG,2021-04-27,77.6,77.6,75.36,76.9,12900
DHG,2021-04-28,76.9,77.21,76.67,76.83,16800
DHG,2021-04-29,76.9,76.9,76.13,76.75,15200
DHG,2021-05-04,76.75,79.21,76.52,78.98,49600
DHG,2021-05-05,79.21,79.59,78.98,79.21,26800
DHG,2021-05-06,80.67,80.67,76.21,78.83,18000
DHG,2021-05-07,79.22,79.22,76.02,78.02,36600
DHG,2021-05-10,78.02,79.06,78.02,79.06,14100
DHG,2021-05-11,79.22,79.22,78.58,78.58,10700
DHG,2021-05-12,78.58,78.58,77.62,77.7,25400
DHG,2021-05-13,77.62,77.62,75.3,75.62,86600
DHG,2021-05-14,75.62,78.1,75.62,76.02,10600
DHG,2021-05-17,76.66,77.22,76.42,76.82,9200
DHG,2021-05-18,76.82,78.02,76.34,76.82,11700
DHG,2021-05-19,76.82,76.82,76.02,76.82,21700
DHG,2021-05-20,76.82,76.82,76.42,76.82,25300
DHG,2021-05-21,76.02,76.42,75.62,75.62,33600
DHG,2021-05-24,75.62,76.42,75.54,76.02,19300
DHG,2021-05-25,76.02,76.82,76.02,76.18,8300
DHG,2021-05-26,76.34,76.42,75.22,76.02,16400
DHG,2021-05-27,75.62,76.42,75.62,76.02,11300
DHG,2021-05-28,75.78,76.02,75.22,75.3,33700
DHG,2021-05-31,75.3,75.62,75.22,75.3,13400
DHG,2021-06-01,75.3,76.82,75.3,76.02,6900
DHG,2021-06-02,75.38,76.82,75.38,76.02,44400
DHG,2021-06-03,76.1,76.1,75.22,75.7,19800
DHG,2021-06-04,75.7,76.34,75.3,75.46,17900
DHG,2021-06-07,75.46,76.02,75.3,75.3,23900
DHG,2021-06-08,75.3,77.46,75.22,77.14,96700
DHG,2021-06-09,77.14,77.14,76.18,76.26,11200
DHG,2021-06-10,76.34,76.34,75.38,75.62,8300
DHG,2021-06-11,75.62,75.62,75.22,75.3,37800
DHG,2021-06-14,75.3,76.82,74.82,76.82,36200
DHG,2021-06-15,75.22,76.66,75.22,76.42,5400
DHG,2021-06-16,76.74,76.82,75.54,76.02,30400
DHG,2021-06-17,76.02,76.66,75.22,76.02,10300
DHG,2021-06-18,76.02,76.82,76.02,76.74,35900
DHG,2021-06-21,76.74,76.74,76.02,76.42,4400
DHG,2021-06-22,76.02,76.66,76.02,76.66,30000
DHG,2021-06-23,76.02,76.82,76.02,76.5,18900
DHG,2021-06-24,76.82,76.98,76.26,76.82,24700
DHG,2021-06-25,76.82,76.82,76.26,76.5,4600
DHG,2021-06-28,76.5,76.5,76.1,76.5,4600
DHG,2021-06-29,76.02,76.34,76.02,76.26,5800
DHG,2021-06-30,76.42,77.06,76.02,76.5,20200
DHG,2021-07-01,76.5,77.06,76.5,76.58,9900
DHG,2021-07-02,76.82,76.82,75.3,75.3,55100
DHG,2021-07-05,76.42,76.42,75.38,75.62,6900
DHG,2021-07-06,75.86,76.02,75.62,75.86,26200
DHG,2021-07-07,75.86,76.02,75.3,75.62,11200
DHG,2021-07-08,75.38,75.38,75.14,75.14,12300
DHG,2021-07-09,74.9,75.62,74.66,74.66,11500
DHG,2021-07-12,74.66,74.66,72.02,73.62,34900
DHG,2021-07-13,72.1,75.22,72.1,75.14,3200
DHG,2021-07-14,75.62,75.62,73.62,73.7,4600
DHG,2021-07-15,73.62,75.06,72.02,73.62,13200
DHG,2021-07-16,74.98,74.98,73.62,73.62,1900
DHG,2021-07-19,74.02,75.22,73.62,75.14,23800
DHG,2021-07-20,74.98,76.02,73.7,74.42,14300
DHG,2021-07-21,74.82,74.98,74.42,74.42,63800
DHG,2021-07-22,74.58,75.22,73.78,74.82,5600
DHG,2021-07-23,74.18,74.82,74.18,74.26,4900
DHG,2021-07-26,74.26,76.02,73.86,75.94,17100
DHG,2021-07-27,74.5,75.3,74.5,75.22,1800
DHG,2021-07-28,75.3,75.3,74.74,74.82,4000
DHG,2021-07-29,74.58,75.3,74.58,75.3,5800
DHG,2021-07-30,74.5,75.22,74.5,74.9,4200
DHG,2021-08-02,74.9,75.62,74.5,75.14,4600
DHG,2021-08-03,75.22,75.3,74.58,75.06,2400
DHG,2021-08-04,75.22,76.42,75.22,76.02,24100
DHG,2021-08-05,76.02,76.1,75.22,75.94,1500
DHG,2021-08-06,76.66,76.66,74.42,76.5,21100
DHG,2021-08-09,75.22,75.46,75.22,75.46,2400
DHG,2021-08-10,75.94,76.02,75.3,75.86,5500
DHG,2021-08-11,75.86,75.86,75.22,75.38,8100
DHG,2021-08-12,75.38,76.02,75.22,75.22,8900
DHG,2021-08-13,75.06,75.06,74.02,74.9,17300
DHG,2021-08-16,75.06,75.46,74.82,75.46,12600
DHG,2021-08-17,75.46,75.46,74.5,74.58,18600
DHG,2021-08-18,74.82,76.02,74.82,75.22,20800
DHG,2021-08-19,75.22,79.22,75.22,78.02,78000
DHG,2021-08-20,78.02,78.02,76.02,76.5,32600
DHG,2021-08-23,76.02,76.5,75.22,76.1,29200
DHG,2021-08-24,76.18,76.18,74.42,74.98,34300
DHG,2021-08-25,74.82,74.98,74.02,74.82,32000
DHG,2021-08-26,74.18,76.02,74.1,75.94,28800
DHG,2021-08-27,75.78,81.22,75.78,81.22,172400
DHG,2021-08-30,85.15,86.91,84.03,86.91,109300
DHG,2021-08-31,92.99,92.99,89.23,89.23,147500
DHG,2021-09-01,88.11,88.43,85.63,88.03,120600
DHG,2021-09-06,85.71,87.63,83.54,84.03,110400
DHG,2021-09-07,82.9,84.67,78.42,82.9,91000
DHG,2021-09-08,82.34,82.42,79.46,82.02,36300
DHG,2021-09-09,80.82,80.98,79.3,80.74,43800
DHG,2021-09-10,82.42,82.42,79.46,80.18,21100
DHG,2021-09-13,80.42,82.26,80.02,80.98,46000
DHG,2021-09-14,81.14,86.43,81.14,82.18,31800
DHG,2021-09-15,82.18,82.18,80.9,81.54,13900
DHG,2021-09-16,81.7,81.7,79.22,79.22,55100
DHG,2021-09-17,79.38,82.1,76.82,81.78,49000
DHG,2021-09-20,80.9,81.7,80.34,80.82,19500
DHG,2021-09-21,80.02,81.38,79.54,80.82,42300
DHG,2021-09-22,80.74,81.46,80.02,81.46,19600
DHG,2021-09-23,81.46,84.03,81.46,83.46,40100
DHG,2021-09-24,83.7,84.67,82.26,82.42,15800
DHG,2021-09-27,82.34,82.42,78.5,80.02,36500
DHG,2021-09-28,78.66,80.02,78.66,79.06,11000
DHG,2021-09-29,79.06,79.22,78.66,78.74,16400
DHG,2021-09-30,80.74,80.74,79.06,79.94,7800
DHG,2021-10-01,79.94,79.94,78.42,79.86,15400
DHG,2021-10-04,79.86,79.86,78.58,79.7,25100
DHG,2021-10-05,78.98,80.02,78.66,80.02,16200
DHG,2021-10-06,79.46,79.94,78.82,79.7,26100
DHG,2021-10-07,79.7,80.02,79.38,79.94,15300
DHG,2021-10-08,78.9,79.94,78.9,79.78,12300
DHG,2021-10-11,79.62,79.62,78.26,79.22,28500
DHG,2021-10-12,79.14,79.22,78.42,78.66,15800
DHG,2021-10-13,78.82,79.94,78.66,79.62,11000
DHG,2021-10-14,79.62,79.62,78.5,79.22,18300
DHG,2021-10-15,79.22,79.22,78.42,78.5,22300
DHG,2021-10-18,78.42,78.42,77.7,78.34,20500
DHG,2021-10-19,78.02,78.1,77.78,77.94,21800
DHG,2021-10-20,78.58,78.98,78.42,78.98,7900
DHG,2021-10-21,79.14,79.62,78.98,79.38,14900
DHG,2021-10-22,79.46,79.62,78.42,78.66,12900
DHG,2021-10-25,78.82,78.98,78.5,78.5,19100
DHG,2021-10-26,78.42,79.22,78.26,79.06,14800
DHG,2021-10-27,79.06,79.7,78.5,79.14,21300
DHG,2021-10-28,79.22,81.86,78.98,81.38,74200
DHG,2021-10-29,81.3,84.03,80.5,83.06,67900
DHG,2021-11-01,83.14,83.95,81.7,81.86,35500
DHG,2021-11-02,81.14,84.03,81.06,82.58,35200
DHG,2021-11-03,84.03,84.03,80.1,81.62,44900
DHG,2021-11-04,81.62,82.34,80.1,81.06,14900
DHG,2021-11-05,82.1,82.18,80.5,80.98,14400
DHG,2021-11-08,82.42,82.42,80.82,80.98,23100
DHG,2021-11-09,80.9,81.7,80.9,81.62,33400
DHG,2021-11-10,80.98,81.54,80.82,80.98,24400
DHG,2021-11-11,81.06,81.62,79.38,80.74,28000
DHG,2021-11-12,80.02,81.3,79.7,81.3,27400
DHG,2021-11-15,81.54,83.62,81.22,82.58,62100
DHG,2021-11-16,81.46,82.42,81.46,81.7,20900
DHG,2021-11-17,81.7,82.74,80.98,81.7,23100
DHG,2021-11-18,81.7,81.7,80.02,80.82,74600
DHG,2021-11-19,80.82,80.9,79.86,79.86,14400
DHG,2021-11-22,79.22,79.94,78.58,78.82,26300
DHG,2021-11-23,78.02,81.06,78.02,78.98,7600
DHG,2021-11-24,81.22,81.22,79.22,80.82,12200
DHG,2021-11-25,80.66,80.66,79.06,79.7,4200
DHG,2021-11-26,79.62,80.02,78.9,79.62,19400
DHG,2021-11-29,80.74,83.95,80.66,83.14,96500
DHG,2021-11-30,83.3,85.55,82.42,82.42,42300
DHG,2021-12-01,82.42,82.42,79.78,81.62,36300
DHG,2021-12-02,83.46,87.31,81.62,87.31,152100
DHG,2021-12-03,92.83,93.39,89.63,93.39,172700
DHG,2021-12-06,92.59,95.15,91.23,94.83,69100
DHG,2021-12-07,93.63,98.43,92.83,97.63,90100
DHG,2021-12-08,96.67,99.87,96.67,99.23,65700
DHG,2021-12-09,99.95,105.55,99.23,101.15,64600
DHG,2021-12-10,99.23,101.63,96.83,99.63,48900
DHG,2021-12-13,98.43,106.59,98.43,106.59,52200
DHG,2021-12-14,113.23,114.03,107.15,107.39,127400
DHG,2021-12-15,106.99,112.03,106.91,108.67,36400
DHG,2021-12-16,108.83,112.03,101.15,104.03,73300
DHG,2021-12-17,104.11,104.83,97.79,98.91,59400
DHG,2021-12-20,98.91,104.75,98.91,102.83,39300
DHG,2021-12-21,102.99,104.83,102.83,104.03,29500
DHG,2021-12-22,103.87,104.43,98.43,102.35,52600
DHG,2021-12-23,102.43,104.03,98.43,98.67,41800
DHG,2021-12-24,98.35,99.15,94.51,94.51,24400
DHG,2021-12-27,94.51,94.51,90.43,92.51,58900
DHG,2021-12-28,92.83,96.67,92.03,92.75,28400
DHG,2021-12-29,94.19,94.19,88.83,90.75,24100
DHG,2021-12-30,90.83,92.03,86.03,91.15,56000
DHG,2021-12-31,94.03,94.03,90.43,90.43,14600
DHG,2022-01-04,90.03,92.43,90.03,91.71,36800
DHG,2022-01-05,91.47,92.43,91.31,92.03,43400
DHG,2022-01-06,94.67,98.43,93.23,98.43,86900
DHG,2022-01-07,98.43,98.43,91.55,91.71,170400
DHG,2022-01-10,90.03,91.47,86.83,86.83,56200
DHG,2022-01-11,85.87,86.27,80.82,85.55,75800
DHG,2022-01-12,84.91,84.91,80.98,80.98,129600
DHG,2022-01-13,81.62,84.19,80.98,82.02,27500
DHG,2022-01-14,80.98,84.83,80.98,84.83,44100
DHG,2022-01-17,84.75,84.83,81.62,81.62,35300
DHG,2022-01-18,83.38,84.03,81.86,84.03,40800
DHG,2022-01-19,82.82,84.03,82.18,82.66,13400
DHG,2022-01-20,81.78,83.54,81.78,82.58,15300
DHG,2022-01-21,81.62,82.42,81.46,81.7,23200
DHG,2022-01-24,81.7,82.34,79.22,79.22,31900
DHG,2022-01-25,79.22,79.22,78.02,78.82,26200
DHG,2022-01-26,78.74,79.94,78.42,78.82,24400
DHG,2022-01-27,78.9,80.82,78.9,79.62,10500
DHG,2022-01-28,79.62,82.42,79.62,82.34,15000
DHG,2022-02-07,82.42,83.22,80.02,82.34,16500
DHG,2022-02-08,82.02,82.02,79.94,81.06,28400
DHG,2022-02-09,81.06,81.14,80.18,80.82,31900
DHG,2022-02-10,82.26,83.14,81.22,82.98,21000
DHG,2022-02-11,83.06,83.06,80.82,81.22,22400
DHG,2022-02-14,80.02,80.98,79.62,79.7,87900
DHG,2022-02-15,80.02,81.62,79.7,80.98,53200
DHG,2022-02-16,80.82,82.26,80.82,81.46,19100
DHG,2022-02-17,80.98,81.54,80.66,81.54,13300
DHG,2022-02-18,81.54,87.23,81.54,87.15,98300
DHG,2022-02-21,90.19,92.83,88.83,92.03,104000
DHG,2022-02-22,94.19,94.19,91.23,91.23,74000
DHG,2022-02-23,91.23,97.07,89.71,92.03,96200
DHG,2022-02-24,92.19,93.47,88.19,90.19,43700
DHG,2022-02-25,90.11,92.03,90.03,91.07,28600
DHG,2022-02-28,91.07,91.07,88.03,90.03,44600
DHG,2022-03-01,89.63,90.27,89.23,89.71,27400
DHG,2022-03-02,90.03,95.87,87.23,94.43,127100
DHG,2022-03-03,94.99,95.31,87.87,94.35,98500
DHG,2022-03-04,94.43,94.43,92.83,92.83,31600
DHG,2022-03-07,92.83,94.43,91.63,93.39,46500
DHG,2022-03-08,92.11,92.91,91.63,91.63,48200
DHG,2022-03-09,90.59,91.63,89.63,91.63,37200
DHG,2022-03-10,91.55,92.03,90.91,91.55,13500
DHG,2022-03-11,91.47,91.47,87.63,89.55,65700
DHG,2022-03-14,86.03,89.63,86.03,87.47,28000
DHG,2022-03-15,87.47,88.83,81.62,86.99,45500
DHG,2022-03-16,86.99,87.23,85.71,86.99,7600
DHG,2022-03-17,88.83,88.83,86.51,87.23,8900
DHG,2022-03-18,87.23,87.95,86.19,87.07,19700
DHG,2022-03-21,87.07,88.75,86.43,88.11,23200
DHG,2022-03-22,88.11,88.35,86.03,86.03,29800
DHG,2022-03-23,88.11,88.75,86.27,88.35,28600
DHG,2022-03-24,88.51,90.67,88.51,89.07,75000
DHG,2022-03-25,89.87,90.27,88.03,89.07,39100
DHG,2022-03-28,89.07,91.15,88.51,89.23,43100
DHG,2022-03-29,88.51,89.95,88.51,89.63,25200
DHG,2022-03-30,90.03,90.03,88.75,88.83,35200
DHG,2022-03-31,88.83,89.63,88.83,88.99,40600
DHG,2022-04-01,89.65,90.81,88.41,90.39,17700
DHG,2022-04-04,90.48,91.55,90.48,91.14,41100
DHG,2022-04-05,91.14,91.63,88.49,89.24,35800
DHG,2022-04-06,87.83,89.24,87.83,88.25,27900
DHG,2022-04-07,88.25,89.24,87.34,88.16,20600
DHG,2022-04-08,87.17,89.15,86.92,87.75,23200
DHG,2022-04-12,88.82,88.82,81.64,84.28,73500
DHG,2022-04-13,84.36,85.35,83.78,84.94,31500
DHG,2022-04-14,85.02,85.68,84.36,84.36,10900
DHG,2022-04-15,84.11,84.61,83.45,84.2,13800
DHG,2022-04-18,82.71,84.53,82.71,84.28,23700
DHG,2022-04-19,84.28,85.93,83.45,84.28,29000
DHG,2022-04-20,84.28,85.6,82.63,83.95,25300
DHG,2022-04-21,84.86,84.86,83.54,83.95,11900
DHG,2022-04-22,83.45,84.77,83.45,84.03,18200
DHG,2022-04-25,84.11,84.11,79.32,79.32,54300
DHG,2022-04-26,79.32,82.63,79.32,82.38,17700
DHG,2022-04-27,81.22,82.13,80.56,82.05,9500
DHG,2022-04-28,81.8,82.54,79.32,82.54,36600
DHG,2022-04-29,82.54,83.62,81.39,83.54,22200
DHG,2022-05-04,83.78,83.78,81.8,82.21,14300
DHG,2022-05-05,82.21,82.21,81.22,81.8,12900
DHG,2022-05-06,80.23,84.2,80.23,83.29,16000
DHG,2022-05-09,82.54,83.04,80.48,80.48,10500
DHG,2022-05-10,80.4,80.48,79.32,80.48,34000
DHG,2022-05-11,80.48,81.8,80.4,80.97,16100
DHG,2022-05-12,82.63,82.63,79.4,79.73,19000
DHG,2022-05-13,80.15,80.64,77.67,77.67,16800
DHG,2022-05-16,79.32,79.32,74.45,74.78,40500
DHG,2022-05-17,74.86,76.02,70.32,76.02,36100
DHG,2022-05-18,77.59,77.59,74.53,76.84,9200
DHG,2022-05-19,76.35,76.35,73.54,75.52,9000
DHG,2022-05-20,74.94,76.18,74.94,75.19,16500
DHG,2022-05-23,76.43,76.43,74.78,74.78,9100
DHG,2022-05-24,75.11,76.18,74.78,75.69,6200
DHG,2022-05-25,75.69,78.41,75.69,76.84,11700
DHG,2022-05-26,76.76,76.84,76.1,76.84,3800
DHG,2022-05-27,76.43,77.59,76.43,77.5,11600
DHG,2022-05-30,78.16,78.5,77.26,77.26,13600
DHG,2022-05-31,77.83,77.83,76.84,77.59,11500
DHG,2022-06-01,76.93,77.59,75.19,76.76,8000
DHG,2022-06-02,77.5,77.5,75.85,76.43,6300
DHG,2022-06-03,76.43,76.43,75.02,75.85,13600
DHG,2022-06-06,75.19,75.85,74.78,75.27,13100
DHG,2022-06-07,75.27,75.93,74.78,75.6,7900
DHG,2022-06-08,76.02,77.67,75.27,76.18,18900
DHG,2022-06-09,76.18,76.84,75.69,76.68,5800
DHG,2022-06-10,76.68,76.76,76.1,76.76,8200
DHG,2022-06-13,76.02,76.02,74.78,74.78,30900
DHG,2022-06-14,74.36,75.52,73.95,74.78,6100
DHG,2022-06-15,74.2,74.78,73.95,74.36,6900
DHG,2022-06-16,75.93,75.93,74.53,75.11,13200
DHG,2022-06-17,74.53,74.53,71.14,73.37,22900
DHG,2022-06-20,73.54,73.62,73.29,73.37,10500
DHG,2022-06-21,73.21,73.21,71.06,71.06,12700
DHG,2022-06-22,71.14,71.39,70.81,71.06,7200
DHG,2022-06-23,71.06,71.39,71.06,71.14,5900
DHG,2022-06-24,71.14,71.47,71.06,71.47,7800
DHG,2022-06-27,72.88,73.21,71.97,72.79,3300
DHG,2022-06-28,72.88,73.04,71.55,72.88,9700
DHG,2022-06-29,72.13,72.96,72.13,72.71,7700
DHG,2022-06-30,72.3,72.96,72.3,72.55,6600
DHG,2022-07-01,72.55,72.71,71.97,72.63,7500
DHG,2022-07-04,72.88,73.04,72.71,72.88,8600
DHG,2022-07-05,72.96,73.29,71.97,73.29,5400
DHG,2022-07-06,72.71,72.88,72.22,72.22,6800
DHG,2022-07-07,72.88,72.88,72.13,72.22,3900
DHG,2022-07-08,72.79,72.79,72.13,72.71,9700
DHG,2022-07-11,72.3,72.3,71.8,71.97,6700
DHG,2022-07-12,72.3,72.71,71.97,72.71,3900
DHG,2022-07-13,72.3,74.28,70.23,73.04,8400
DHG,2022-07-14,72.13,72.96,72.13,72.88,2400
DHG,2022-07-15,72.71,72.96,72.71,72.71,4500
DHG,2022-07-18,72.46,72.71,72.38,72.71,2400
DHG,2022-07-19,72.71,72.71,72.05,72.13,2600
DHG,2022-07-20,72.3,73.12,72.3,73.12,8900
DHG,2022-07-21,73.12,75.85,73.12,75.77,40700
DHG,2022-07-22,76.02,77.26,75.77,77.26,22200
DHG,2022-07-25,77.26,77.26,75.52,75.6,8100
DHG,2022-07-26,75.6,77.67,75.19,76.02,28600
DHG,2022-07-27,76.76,76.84,76.68,76.68,1900
DHG,2022-07-28,76.76,76.76,76.02,76.02,7200
DHG,2022-07-29,76.02,76.43,75.44,76.26,5300
DHG,2022-08-01,76.02,76.02,75.44,76.02,4200
DHG,2022-08-02,76.02,76.02,75.02,76.02,9700
DHG,2022-08-03,76.02,76.51,75.36,75.93,1400
DHG,2022-08-04,75.27,75.93,75.27,75.52,14800
DHG,2022-08-05,76.02,76.02,75.44,75.6,8200
DHG,2022-08-08,75.52,75.93,75.44,75.52,2800
DHG,2022-08-09,75.36,76.68,75.36,76.26,14800
DHG,2022-08-10,76.68,76.68,76.26,76.68,6600
DHG,2022-08-11,76.59,76.68,76.02,76.02,800
DHG,2022-08-12,76.02,76.68,76.02,76.51,6500
DHG,2022-08-15,76.02,76.59,76.02,76.1,11200
DHG,2022-08-16,76.1,76.1,75.6,75.69,8100
DHG,2022-08-17,75.69,76.51,75.69,75.69,13100
DHG,2022-08-18,75.69,76.02,75.69,75.85,6400
DHG,2022-08-19,76.02,77.26,76.02,77.17,18800
DHG,2022-08-22,78.08,78.33,77.17,77.67,8900
DHG,2022-08-23,77.67,77.67,76.59,76.84,7100
DHG,2022-08-24,76.76,77.67,76.59,77.42,7500
DHG,2022-08-25,77.42,77.5,76.84,77.09,3700
DHG,2022-08-26,76.18,77.42,76.18,77.09,6400
DHG,2022-08-29,75.77,76.43,75.69,76.02,17500
DHG,2022-08-30,76.02,76.43,75.27,75.27,8400
DHG,2022-08-31,75.44,75.6,75.19,75.19,16400
DHG,2022-09-05,75.19,76.02,75.19,75.52,1700
DHG,2022-09-06,75.27,76.02,75.27,76.02,4000
DHG,2022-09-07,76.02,76.02,75.19,75.19,6000
DHG,2022-09-08,76.02,76.02,74.36,74.61,6000
DHG,2022-09-09,74.69,74.69,74.36,74.61,7900
DHG,2022-09-12,76.59,77.01,76.02,76.02,17298
DHG,2022-09-13,75.77,76.84,74.86,75.02,8585
DHG,2022-09-14,75.85,75.85,74.61,74.78,9327
DHG,2022-09-15,74.78,75.27,74.78,75.27,726
DHG,2022-09-16,74.78,76.02,74.78,75.11,9780
DHG,2022-09-19,75.11,75.11,74.45,74.53,3522
DHG,2022-09-20,74.53,75.02,72.79,75.02,10739
DHG,2022-09-21,74.45,74.45,73.54,73.79,8559
DHG,2022-09-22,73.54,74.2,73.21,74.2,11480
DHG,2022-09-23,73.12,74.2,73.12,73.54,1952
DHG,2022-09-26,72.79,73.12,71.97,72.22,14345
DHG,2022-09-27,71.22,73.46,70.32,73.21,9924
DHG,2022-09-28,71.89,73.21,71.89,73.21,7368
DHG,2022-09-29,73.21,73.21,71.47,71.47,4728
DHG,2022-09-30,71.47,71.55,70.23,70.65,11181
DHG,2022-10-03,72.88,72.88,70.65,70.73,2975
DHG,2022-10-04,70.73,70.89,69.82,69.82,8708
DHG,2022-10-05,68.75,71.22,68.66,70.23,1906
DHG,2022-10-06,71.8,71.8,69.41,69.41,9634
DHG,2022-10-07,69.41,69.41,68.58,69.41,6874
DHG,2022-10-10,67.84,69.32,67.84,68.58,2211
DHG,2022-10-11,68.5,68.5,66.93,66.93,4905
DHG,2022-10-12,66.93,70.89,66.93,69.57,1991
DHG,2022-10-13,69.49,69.57,68.99,69.41,5241
DHG,2022-10-14,70.23,70.23,68.66,68.83,3951
DHG,2022-10-17,68.83,69.08,67.75,68.5,8014
DHG,2022-10-18,68.58,68.99,68.58,68.91,6093
DHG,2022-10-19,70.23,71.89,70.15,71.06,24629
DHG,2022-10-20,71.14,74.36,71.06,74.36,31400
DHG,2022-10-21,74.53,76.84,73.46,74.36,46235
DHG,2022-10-24,74.45,74.45,71.55,72.71,12933
DHG,2022-10-25,71.55,73.46,71.06,73.12,12767
DHG,2022-10-26,73.12,73.12,70.23,72.55,9537
DHG,2022-10-27,71.47,72.71,71.14,72.55,4945
DHG,2022-10-28,72.71,72.71,71.06,72.22,10211
DHG,2022-10-31,72.71,72.71,71.06,71.06,5860
DHG,2022-11-01,70.65,71.89,70.23,70.4,10546
DHG,2022-11-02,70.23,71.06,70.23,71.06,4524
DHG,2022-11-03,71.06,71.55,70.73,70.73,2426
DHG,2022-11-04,70.73,70.73,68.99,69.98,8668
DHG,2022-11-07,70.23,70.23,68.99,69.16,2680
DHG,2022-11-08,68.25,69.16,68.25,69.16,2130
DHG,2022-11-09,69.24,69.24,68.99,69.16,7792
DHG,2022-11-10,69.16,69.16,66.1,67.34,48659
DHG,2022-11-11,70.4,70.4,67.26,67.26,5795
DHG,2022-11-14,68.91,68.99,67.26,68.08,3119
DHG,2022-11-15,68.17,68.58,64.45,66.02,23860
DHG,2022-11-16,66.02,67.34,65.77,67.34,10628
DHG,2022-11-17,68.58,68.75,67.34,67.92,3617
DHG,2022-11-18,68.33,69.16,67.26,68.75,4715
DHG,2022-11-21,68.75,68.75,67.67,67.75,4588
DHG,2022-11-22,67.75,68.33,66.93,68.33,7380
DHG,2022-11-23,68.17,68.17,67.75,67.75,2112
DHG,2022-11-24,67.75,68.33,67.34,67.59,1610
DHG,2022-11-25,66.93,67.75,66.51,66.68,14003
DHG,2022-11-28,67.75,68.58,67.01,68.58,22095
DHG,2022-11-29,68.58,68.58,67.59,67.84,19348
DHG,2022-11-30,67.59,71.06,67.59,71.06,55758
DHG,2022-12-01,69.9,71.8,69.49,69.74,30069
DHG,2022-12-02,69.74,69.74,68.99,69.65,7543
DHG,2022-12-05,69.98,70.89,69.82,70.89,18999
DHG,2022-12-06,70.98,71.06,69.9,70.23,8661
DHG,2022-12-07,69.57,70.48,69.57,69.82,9525
DHG,2022-12-08,70.98,71.55,69.98,70.98,12504
DHG,2022-12-09,70.23,71.06,69.9,70.07,7459
DHG,2022-12-12,70.23,71.39,70.23,70.32,7270
DHG,2022-12-13,70.32,70.32,69.57,70.15,11917
DHG,2022-12-14,70.23,70.65,69.9,70.65,7200
DHG,2022-12-15,70.73,70.73,70.15,70.65,7714
DHG,2022-12-16,69.82,70.89,69.82,70.89,9481
DHG,2022-12-19,70.81,70.89,70.23,70.81,3102
DHG,2022-12-20,70.4,70.81,69.9,70.56,21942
DHG,2022-12-21,70.65,70.65,70.56,70.56,1749
DHG,2022-12-22,70.56,70.56,69.98,70.15,4529
DHG,2022-12-23,70.15,70.73,69.65,70.73,3400
DHG,2022-12-26,70.56,70.56,68.58,69.82,3277
DHG,2022-12-27,69.82,69.82,69.57,69.82,2972
DHG,2022-12-28,69.98,70.32,69.49,70.32,2920
DHG,2022-12-29,70.32,70.32,69.98,70.15,1605
DHG,2022-12-30,69.9,70.15,66.1,70.15,3617
DHG,2023-01-03,70.15,71.47,70.15,71.39,15642
DHG,2023-01-04,71.47,71.89,70.65,71.89,3825
DHG,2023-01-05,71.64,71.89,71.64,71.8,3817
DHG,2023-01-06,70.73,71.72,70.73,71.22,2100
DHG,2023-01-09,71.22,71.39,70.23,71.39,8812
DHG,2023-01-10,71.39,72.55,71.39,72.55,12376
DHG,2023-01-11,72.55,74.78,72.55,73.54,7411
DHG,2023-01-12,73.54,73.54,72.55,72.55,5093
DHG,2023-01-13,71.97,73.37,71.97,72.46,2302
DHG,2023-01-16,72.71,72.71,72.05,72.13,6804
DHG,2023-01-17,72.3,73.04,72.3,72.71,4610
DHG,2023-01-18,71.22,72.71,71.22,72.3,17910
DHG,2023-01-19,72.3,73.87,72.3,73.87,10401
DHG,2023-01-27,74.36,77.09,74.36,76.93,35653
DHG,2023-01-30,78.08,78.41,77.26,77.83,28626
DHG,2023-01-31,77.83,78.5,77.01,78.0,17217
DHG,2023-02-01,79.24,79.24,77.34,77.5,11101
DHG,2023-02-02,77.5,77.75,77.26,77.5,20306
DHG,2023-02-03,77.42,79.82,77.42,79.82,20318
DHG,2023-02-06,78.16,80.15,78.16,79.98,10388
DHG,2023-02-07,79.73,81.64,79.73,80.48,42414
DHG,2023-02-08,80.07,80.07,78.58,79.49,8282
DHG,2023-02-09,79.49,79.49,77.83,78.83,7536
DHG,2023-02-10,82.13,82.54,79.32,79.65,20417
DHG,2023-02-13,79.65,81.64,79.57,80.97,58148
DHG,2023-02-14,80.56,81.8,80.56,81.39,5239
DHG,2023-02-15,80.97,82.46,80.97,81.8,19694
DHG,2023-02-16,82.54,82.54,81.14,81.72,14881
DHG,2023-02-17,81.64,82.21,81.06,81.14,8532
DHG,2023-02-20,81.14,81.14,79.32,80.73,17851
DHG,2023-02-21,82.05,82.05,81.06,81.72,11762
DHG,2023-02-22,82.38,82.38,80.23,80.97,7742
DHG,2023-02-23,81.3,81.47,80.31,81.3,47110
DHG,2023-02-24,81.3,81.47,80.15,80.15,7912
DHG,2023-02-27,80.15,80.15,79.07,79.65,7206
DHG,2023-02-28,78.83,82.46,78.83,79.57,2218
DHG,2023-03-01,79.98,82.21,79.98,81.39,4082
DHG,2023-03-02,81.39,81.39,80.31,80.31,5244
DHG,2023-03-03,81.72,81.72,80.15,80.15,3033
DHG,2023-03-06,80.48,80.48,78.91,79.16,6133
DHG,2023-03-07,77.83,79.73,77.83,79.49,4610
DHG,2023-03-08,79.32,79.49,78.99,79.4,8182
DHG,2023-03-09,79.73,80.4,79.32,79.49,5225
DHG,2023-03-10,79.49,80.15,79.49,79.49,2530
DHG,2023-03-13,79.49,80.23,79.4,79.49,3007
DHG,2023-03-14,79.49,79.49,78.5,78.91,2304
DHG,2023-03-15,78.91,79.73,78.91,79.73,4669
DHG,2023-03-16,77.75,79.24,77.75,78.66,5925
DHG,2023-03-17,77.75,77.92,77.09,77.09,7403
DHG,2023-03-20,77.67,78.5,75.19,76.84,8700
DHG,2023-03-21,76.18,76.51,76.18,76.51,2336
DHG,2023-03-22,76.51,78.33,76.51,77.59,3300
DHG,2023-03-23,77.67,77.67,77.17,77.59,700
DHG,2023-03-24,76.26,77.59,76.26,77.59,200
DHG,2023-03-27,76.84,77.5,76.51,77.26,6033
DHG,2023-03-28,77.26,78.33,76.26,77.09,3805
DHG,2023-03-29,77.09,77.09,76.84,76.84,3300
DHG,2023-03-30,76.84,77.67,76.51,76.59,6016
DHG,2023-03-31,76.51,76.84,76.26,76.59,14112
DHG,2023-04-03,76.59,76.84,76.59,76.68,2610
DHG,2023-04-04,76.43,76.43,76.02,76.35,14203
DHG,2023-04-05,76.35,76.43,76.02,76.18,3243
DHG,2023-04-06,76.59,76.59,75.44,76.26,8673
DHG,2023-04-07,76.84,76.84,75.6,75.6,2121
DHG,2023-04-10,75.36,76.35,75.36,76.35,8470
DHG,2023-04-11,76.18,76.43,75.44,76.02,9220
DHG,2023-04-12,76.02,76.1,75.6,76.1,1300
DHG,2023-04-13,76.1,76.1,75.52,76.1,7521
DHG,2023-04-14,76.51,77.26,76.51,77.17,5620
DHG,2023-04-17,77.17,77.67,76.93,76.93,9915
DHG,2023-04-18,77.01,77.01,76.93,76.93,3126
DHG,2023-04-19,76.93,76.93,75.6,75.93,10640
DHG,2023-04-20,75.93,77.67,75.85,76.43,9670
DHG,2023-04-21,81.72,81.72,81.72,81.72,42981
DHG,2023-04-24,86.43,86.43,83.95,86.1,175034
DHG,2023-04-25,85.85,85.85,84.36,85.11,18853
DHG,2023-04-26,85.11,88.41,83.54,87.25,89826
DHG,2023-04-27,87.34,87.34,85.93,87.25,33123
DHG,2023-04-28,87.17,88.08,86.43,87.42,37309
DHG,2023-05-04,86.84,93.45,86.84,93.45,154602
DHG,2023-05-05,93.45,97.66,93.45,95.85,99551
DHG,2023-05-08,95.85,97.42,94.19,95.02,63170
DHG,2023-05-09,95.02,95.68,92.62,94.11,51010
DHG,2023-05-10,93.77,96.24,92.92,92.92,24350
DHG,2023-05-11,90.95,93.77,90.95,93.77,86804
DHG,2023-05-12,93.09,93.6,92.32,92.32,37101
DHG,2023-05-15,92.32,96.33,92.23,93.51,76943
DHG,2023-05-16,93.09,94.28,93.0,93.85,13102
DHG,2023-05-17,93.85,94.11,91.81,93.68,34252
DHG,2023-05-18,93.43,95.05,93.43,94.62,17384
DHG,2023-05-19,94.62,95.3,93.77,93.85,20921
DHG,2023-05-22,93.85,94.62,93.43,94.28,5649
DHG,2023-05-23,95.13,95.13,93.6,94.62,23941
DHG,2023-05-24,93.77,94.62,93.34,94.54,26139
DHG,2023-05-25,94.54,100.59,94.19,97.26,210236
DHG,2023-05-26,98.03,98.03,91.13,95.47,66319
DHG,2023-05-29,95.05,95.05,92.49,92.92,46884
DHG,2023-05-30,96.33,96.33,92.92,95.64,47804
DHG,2023-05-31,94.28,95.47,93.34,93.85,71552
DHG,2023-06-01,93.85,96.33,92.92,96.33,56321
DHG,2023-06-02,96.33,96.5,95.47,95.47,49639
DHG,2023-06-05,95.47,96.24,93.77,94.02,62876
DHG,2023-06-06,95.47,95.64,94.88,95.64,17891
DHG,2023-06-07,95.98,95.98,94.62,95.64,16084
DHG,2023-06-08,95.64,102.29,95.64,100.59,175768
DHG,2023-06-09,100.59,107.58,100.5,107.58,128102
DHG,2023-06-12,107.58,110.56,105.11,108.17,63094
DHG,2023-06-13,106.64,108.09,102.29,107.24,37029
DHG,2023-06-14,104.85,107.41,104.85,105.7,10803
DHG,2023-06-15,105.7,107.15,103.57,107.15,25917
DHG,2023-06-16,106.98,107.07,105.28,105.7,59023
DHG,2023-06-19,106.98,106.98,104.0,105.7,15314
DHG,2023-06-20,105.62,110.39,105.62,108.26,35218
DHG,2023-06-21,107.15,107.15,104.85,104.85,27196
DHG,2023-06-22,104.85,106.98,104.0,104.51,32195
DHG,2023-06-23,104.08,106.47,104.08,105.45,14048
DHG,2023-06-26,105.45,110.39,104.51,109.96,44743
DHG,2023-06-27,109.96,114.91,106.81,113.63,64089
DHG,2023-06-28,113.29,114.23,110.82,112.35,17199
DHG,2023-06-29,112.35,112.35,109.54,109.54,30040
DHG,2023-06-30,109.96,111.67,109.11,109.54,43763
DHG,2023-07-03,109.54,114.06,109.54,114.06,38661
DHG,2023-07-04,112.52,113.8,110.39,110.82,41294
DHG,2023-07-05,113.54,113.54,111.5,113.03,11438
DHG,2023-07-06,110.99,112.95,109.96,111.58,50309
DHG,2023-07-07,111.5,115.59,111.24,114.99,48863
DHG,2023-07-10,116.19,116.78,112.61,115.08,38094
DHG,2023-07-11,115.25,115.42,113.97,114.23,25275
DHG,2023-07-12,114.23,114.91,112.52,112.95,15537
DHG,2023-07-13,114.14,114.99,112.52,112.61,30059
DHG,2023-07-14,112.52,112.52,110.05,110.82,69809
DHG,2023-07-17,110.73,110.73,108.26,108.26,70998
DHG,2023-07-18,108.26,110.82,108.26,110.65,93116
DHG,2023-07-19,110.65,118.32,110.65,118.32,219578
DHG,2023-07-20,117.64,119.34,116.78,119.0,57046
DHG,2023-07-21,110.82,112.52,110.73,110.73,243054
DHG,2023-07-24,105.79,109.11,104.42,106.3,272671
DHG,2023-07-25,106.55,108.09,105.7,105.79,100972
DHG,2023-07-26,106.04,106.64,105.7,106.55,52710
DHG,2023-07-27,106.13,106.38,100.76,101.53,203450
DHG,2023-07-28,102.21,102.21,98.46,99.73,131902
DHG,2023-07-31,99.82,104.85,99.73,104.85,42562
DHG,2023-08-01,103.23,105.19,101.44,101.44,90232
DHG,2023-08-02,103.49,103.49,101.35,102.04,20721
DHG,2023-08-03,102.04,103.57,102.04,102.55,42411
DHG,2023-08-04,103.14,103.14,101.78,102.04,19370
DHG,2023-08-07,102.12,102.12,100.59,101.35,35454
DHG,2023-08-08,101.35,101.35,99.56,100.5,72058
DHG,2023-08-09,100.5,102.21,99.82,99.82,28560
DHG,2023-08-10,99.82,100.59,98.88,98.88,40169
DHG,2023-08-11,98.88,99.31,98.03,98.88,24890
DHG,2023-08-14,99.73,99.73,98.2,98.88,23322
DHG,2023-08-15,98.88,102.21,98.88,102.21,54049
DHG,2023-08-16,101.87,101.87,99.91,99.99,16292
DHG,2023-08-17,99.99,99.99,98.03,98.03,102171
DHG,2023-08-18,98.12,100.59,97.18,98.03,80762
DHG,2023-08-21,98.03,98.71,97.35,98.03,16985
DHG,2023-08-22,98.03,98.03,96.33,97.18,55374
DHG,2023-08-23,96.75,97.18,96.67,97.01,21226
DHG,2023-08-24,97.01,97.18,96.41,97.09,30873
DHG,2023-08-25,97.18,98.88,96.92,98.63,26953
DHG,2023-08-28,98.71,99.31,98.63,99.14,25198
DHG,2023-08-29,99.14,99.73,98.2,98.2,27293
DHG,2023-08-30,98.2,99.22,98.03,99.22,27602
DHG,2023-08-31,99.31,100.93,99.31,100.59,30939
DHG,2023-09-05,99.73,101.01,99.73,100.5,18093
DHG,2023-09-06,100.76,104.85,99.99,104.0,74764
DHG,2023-09-07,103.66,106.38,103.66,105.28,124095
DHG,2023-09-08,105.28,105.28,102.55,103.83,62595
DHG,2023-09-11,104.68,104.76,98.03,102.04,22725
DHG,2023-09-12,102.21,105.11,102.12,105.11,68125
DHG,2023-09-13,105.11,105.11,102.55,102.72,20067
DHG,2023-09-14,103.83,103.83,100.59,101.01,18411
DHG,2023-09-15,102.21,102.21,100.5,100.59,21614
DHG,2023-09-18,102.21,102.21,100.67,100.93,20210
DHG,2023-09-19,101.44,101.44,100.16,101.27,7707
DHG,2023-09-20,101.44,101.44,100.59,101.1,15820
DHG,2023-09-21,102.29,102.29,100.59,101.18,21353
DHG,2023-09-22,102.12,102.12,99.73,100.5,36664
DHG,2023-09-25,100.59,102.21,98.88,98.88,26762
DHG,2023-09-26,99.14,100.59,98.03,99.05,19613
DHG,2023-09-27,98.46,99.91,98.46,99.91,50600
DHG,2023-09-28,99.73,99.73,98.88,99.22,15305
DHG,2023-09-29,101.35,101.35,99.14,99.73,14523
DHG,2023-10-02,101.01,101.35,100.59,101.18,15293
DHG,2023-10-03,100.16,101.78,98.97,99.48,12510
DHG,2023-10-04,98.12,99.48,98.03,99.39,8200
DHG,2023-10-05,99.91,100.5,98.12,99.48,12360
DHG,2023-10-06,99.22,100.16,98.46,100.16,9124
DHG,2023-10-09,100.25,104.42,100.25,104.17,190188
DHG,2023-10-10,105.36,105.36,103.23,103.74,11000
DHG,2023-10-11,104.59,104.59,101.44,103.4,59011
DHG,2023-10-12,102.97,103.14,101.87,102.89,44050
DHG,2023-10-13,102.8,102.8,101.44,102.29,12275
DHG,2023-10-16,103.06,103.14,101.44,102.04,30616
DHG,2023-10-17,103.49,103.49,101.1,101.1,14032
DHG,2023-10-18,102.46,102.46,97.18,98.37,59861
DHG,2023-10-19,98.37,98.8,98.03,98.03,64191
DHG,2023-10-20,98.03,98.8,97.18,98.8,33232
DHG,2023-10-23,95.64,97.01,93.77,93.77,52742
DHG,2023-10-24,93.09,94.54,93.09,94.11,12487
DHG,2023-10-25,94.11,95.05,92.57,92.57,27761
DHG,2023-10-26,93.6,93.6,86.18,87.72,51274
DHG,2023-10-27,87.72,87.8,86.18,86.44,10599
DHG,2023-10-30,86.1,87.29,83.54,86.52,13103
DHG,2023-10-31,90.27,90.27,85.24,85.24,13312
DHG,2023-11-01,85.24,87.37,84.48,87.37,11550
DHG,2023-11-02,87.37,87.8,86.01,87.8,18155
DHG,2023-11-03,89.51,89.51,87.89,88.31,7633
DHG,2023-11-06,88.31,89.42,87.8,89.34,7272
DHG,2023-11-07,89.34,89.51,87.8,89.34,9133
DHG,2023-11-08,89.08,90.36,88.31,90.36,18173
DHG,2023-11-09,90.36,91.13,89.85,89.85,10379
DHG,2023-11-10,89.85,89.85,88.82,88.91,7214
DHG,2023-11-13,88.99,89.34,88.91,88.91,3316
DHG,2023-11-14,89.08,90.1,88.23,89.42,12107
DHG,2023-11-15,89.51,90.27,88.99,89.93,5926
DHG,2023-11-16,89.93,89.93,88.74,89.93,10501
DHG,2023-11-17,88.91,89.93,88.23,88.74,8619
DHG,2023-11-20,85.58,88.74,85.58,88.31,4801
DHG,2023-11-21,88.31,89.93,86.95,89.68,21429
DHG,2023-11-22,89.68,89.85,87.12,89.08,10783
DHG,2023-11-23,87.8,87.97,87.55,87.8,35293
DHG,2023-11-24,87.89,87.89,87.2,87.55,6615
DHG,2023-11-27,88.99,89.08,87.46,88.23,4258
DHG,2023-11-28,88.23,88.23,85.16,86.95,28479
DHG,2023-11-29,86.95,88.48,86.69,88.48,14192
DHG,2023-11-30,88.48,89.25,87.89,88.4,14343
DHG,2023-12-01,88.4,88.4,87.8,88.14,3619
DHG,2023-12-04,88.14,88.65,87.63,88.57,29090
DHG,2023-12-05,88.99,88.99,87.63,88.57,28300
DHG,2023-12-06,88.65,88.65,87.63,88.31,25631
DHG,2023-12-07,88.06,88.06,86.78,87.03,40735
DHG,2023-12-08,87.8,87.8,80.98,87.03,45223
DHG,2023-12-11,87.12,87.12,85.24,85.67,24127
DHG,2023-12-12,85.41,86.52,85.41,86.35,15792
DHG,2023-12-13,86.1,86.44,85.16,85.58,11260
DHG,2023-12-14,85.58,85.93,85.24,85.41,5103
DHG,2023-12-15,85.24,85.67,85.16,85.5,6443
DHG,2023-12-18,85.5,85.58,85.24,85.24,5813
DHG,2023-12-19,85.24,85.24,83.96,85.16,12913
DHG,2023-12-20,85.16,85.33,84.14,85.07,15465
DHG,2023-12-21,83.88,84.82,83.88,84.31,12679
DHG,2023-12-22,83.88,84.82,83.88,84.82,12772
DHG,2023-12-25,84.82,85.41,84.82,85.16,7060
DHG,2023-12-26,86.35,86.35,85.67,85.93,6150
DHG,2023-12-27,85.93,86.52,85.93,86.1,18403
DHG,2023-12-28,86.86,86.86,85.67,86.27,3103
DHG,2023-12-29,86.27,88.65,86.18,88.65,67798
DHG,2024-01-02,88.65,93.77,88.65,93.77,47041
DHG,2024-01-03,93.77,96.33,93.77,94.28,53246
DHG,2024-01-04,94.28,94.62,92.49,92.49,33075
DHG,2024-01-05,92.49,92.49,90.61,91.98,9276
DHG,2024-01-08,92.32,92.32,91.21,91.89,16959
DHG,2024-01-09,91.89,94.62,91.64,92.92,10542
DHG,2024-01-10,92.06,92.06,91.38,91.47,27095
DHG,2024-01-11,91.38,92.15,90.36,91.98,7642
DHG,2024-01-12,91.04,91.64,90.95,91.21,11900
DHG,2024-01-15,91.3,91.38,90.95,90.95,3102
DHG,2024-01-16,89.68,90.87,89.68,90.87,2987
DHG,2024-01-17,90.36,90.36,88.65,88.65,29950
DHG,2024-01-18,89.16,90.02,89.16,89.85,5931
DHG,2024-01-19,90.27,90.44,89.85,90.02,9348
DHG,2024-01-22,90.44,91.21,89.76,90.44,47312
DHG,2024-01-23,90.53,93.6,90.44,91.64,25194
DHG,2024-01-24,91.64,92.74,91.21,91.98,24230
DHG,2024-01-25,91.98,92.49,91.98,92.06,25453
DHG,2024-01-26,91.98,91.98,90.87,90.87,7893
DHG,2024-01-29,91.21,91.89,90.87,90.87,15882
DHG,2024-01-30,91.81,91.81,90.36,91.13,12856
DHG,2024-01-31,91.98,91.98,90.36,90.36,5830
DHG,2024-02-01,87.89,90.78,87.89,90.36,11650
DHG,2024-02-02,91.21,91.21,90.36,90.44,4266
DHG,2024-02-05,89.85,90.61,89.76,90.36,9259
DHG,2024-02-06,89.85,90.36,89.76,90.36,11367
DHG,2024-02-07,90.36,91.64,90.36,91.47,10088
DHG,2024-02-15,91.47,91.64,90.87,91.38,7132
DHG,2024-02-16,91.21,91.3,90.36,90.78,8012
DHG,2024-02-19,90.78,92.83,90.44,92.15,18492
DHG,2024-02-20,92.15,94.62,92.15,94.11,38992
DHG,2024-02-21,95.22,95.22,93.34,93.77,12866
DHG,2024-02-22,93.43,93.43,92.92,93.26,6122
DHG,2024-02-23,93.26,94.62,92.06,92.49,17528
DHG,2024-02-26,92.32,92.66,91.21,92.66,10032
DHG,2024-02-27,92.74,92.92,92.06,92.92,12557
DHG,2024-02-28,93.09,93.51,92.06,92.23,22218
DHG,2024-02-29,93.6,93.6,92.06,92.92,22834
DHG,2024-03-01,93.68,93.68,92.06,92.83,23170
DHG,2024-03-04,92.92,94.02,92.57,93.17,12430
DHG,2024-03-05,93.17,93.77,92.23,92.83,13788
DHG,2024-03-06,93.0,93.26,92.23,92.83,12962
DHG,2024-03-07,92.83,97.18,92.83,96.33,48519
DHG,2024-03-08,96.33,96.33,93.94,94.19,27424
DHG,2024-03-11,94.36,95.73,93.77,93.77,15135
DHG,2024-03-12,93.77,95.3,93.77,94.79,19442
DHG,2024-03-13,94.88,96.58,94.88,96.15,30429
DHG,2024-03-14,96.15,96.15,95.47,95.47,20480
DHG,2024-03-15,95.47,95.47,93.94,94.62,17065
DHG,2024-03-18,97.94,101.01,96.33,100.25,97657
DHG,2024-03-19,100.25,102.72,100.16,100.59,34050
DHG,2024-03-20,102.21,102.21,98.88,99.39,16470
DHG,2024-03-21,99.39,100.42,98.88,99.48,13516
DHG,2024-03-22,99.14,100.5,98.54,99.05,18181
DHG,2024-03-25,99.31,101.01,98.63,99.14,16809
DHG,2024-03-26,99.14,99.82,98.71,99.56,18618
DHG,2024-03-27,99.56,99.56,98.54,99.14,15830
DHG,2024-03-28,99.22,99.73,99.05,99.14,17917
DHG,2024-03-29,99.31,100.42,99.14,99.22,10879
DHG,2024-04-01,98.63,99.22,97.18,99.22,22722
DHG,2024-04-02,99.22,99.22,98.12,98.88,5757
DHG,2024-04-03,99.14,99.14,98.12,98.46,17145
DHG,2024-04-04,98.46,98.8,98.03,98.12,6819
DHG,2024-04-05,97.26,98.63,97.26,98.37,4646
DHG,2024-04-08,98.37,98.37,97.18,98.03,9960
DHG,2024-04-09,96.33,98.03,96.33,97.6,9097
DHG,2024-04-10,97.35,97.94,97.35,97.94,6611
DHG,2024-04-11,98.54,98.54,97.52,97.6,13247
DHG,2024-04-12,97.69,101.87,97.01,98.88,8014
DHG,2024-04-15,97.77,98.37,97.6,97.6,12823
DHG,2024-04-16,92.92,97.69,92.92,97.69,14995
DHG,2024-04-17,95.64,97.69,95.47,97.52,3689
DHG,2024-04-19,97.18,97.18,94.71,94.88,33639
DHG,2024-04-22,94.79,95.39,94.62,94.79,30200
DHG,2024-04-23,95.05,95.3,94.62,95.3,13229
DHG,2024-04-24,95.47,98.03,95.47,96.33,7603
DHG,2024-04-25,96.33,97.18,96.33,96.92,13035
DHG,2024-04-26,96.92,97.43,96.92,97.26,11625
DHG,2024-05-02,97.18,97.26,96.33,97.01,8986
DHG,2024-05-03,97.01,97.01,96.67,96.75,8607
DHG,2024-05-06,96.75,98.03,92.92,92.92,28253
DHG,2024-05-07,96.33,96.58,95.47,96.33,15583
DHG,2024-05-08,96.33,97.52,95.73,95.98,7417
DHG,2024-05-09,96.33,97.18,96.33,96.84,7547
DHG,2024-05-10,97.09,97.35,96.75,97.35,10219
DHG,2024-05-13,98.03,99.65,97.94,99.48,31748
DHG,2024-05-14,98.54,99.56,98.54,99.39,11774
DHG,2024-05-15,99.39,99.39,98.88,99.22,8708
DHG,2024-05-16,98.88,99.31,98.46,98.54,19723
DHG,2024-05-17,98.2,99.73,98.2,98.54,6849
DHG,2024-05-20,98.46,98.97,98.03,98.63,15305
DHG,2024-05-21,98.88,98.88,98.54,98.8,8465
DHG,2024-05-22,98.8,99.31,97.94,98.71,16053
DHG,2024-05-23,98.71,98.97,98.46,98.97,13722
DHG,2024-05-24,100.5,100.5,99.05,100.08,89936
DHG,2024-05-27,99.91,100.25,99.73,100.08,14198
DHG,2024-05-28,100.08,100.5,99.56,100.25,29783
DHG,2024-05-29,100.5,102.21,100.5,102.12,40932
DHG,2024-05-30,104.85,106.3,103.14,105.28,83850
DHG,2024-05-31,105.7,105.96,104.0,105.19,54539
DHG,2024-06-03,105.02,105.19,102.29,103.4,47799
DHG,2024-06-04,105.53,105.62,102.72,104.0,13166
DHG,2024-06-05,104.85,104.85,103.23,103.32,60013
DHG,2024-06-06,103.83,103.91,103.14,103.49,48816
DHG,2024-06-07,104.0,104.0,103.23,103.57,55536
DHG,2024-06-10,104.0,105.28,103.57,104.85,105095
DHG,2024-06-11,104.67,105.73,103.61,103.61,28527
DHG,2024-06-12,104.32,104.32,102.64,102.73,18560
DHG,2024-06-13,102.29,102.91,101.59,101.76,34598
DHG,2024-06-14,101.5,102.64,101.41,102.2,29556
DHG,2024-06-17,101.32,102.12,101.06,101.68,29833
DHG,2024-06-18,101.5,102.82,101.5,102.56,24428
DHG,2024-06-19,102.82,102.82,101.32,102.12,18147
DHG,2024-06-20,101.41,102.2,101.32,102.2,17415
DHG,2024-06-21,101.41,102.2,101.41,101.76,15408
DHG,2024-06-24,99.56,101.32,99.56,100.27,36550
DHG,2024-06-25,100.27,101.32,99.65,100.0,16801
DHG,2024-06-26,100.0,100.18,99.56,99.56,20067
DHG,2024-06-27,99.65,100.88,99.65,99.83,4049
DHG,2024-06-28,100.71,100.71,99.65,99.83,7602
DHG,2024-07-01,99.83,100.62,99.83,99.83,6339
DHG,2024-07-02,100.53,100.53,99.83,99.91,6055
DHG,2024-07-03,100.44,100.44,100.0,100.0,5044
DHG,2024-07-04,100.62,100.62,100.0,100.53,13512
DHG,2024-07-05,100.53,100.53,99.56,99.65,19635
DHG,2024-07-08,99.65,99.74,98.42,98.59,51038
DHG,2024-07-09,98.59,98.68,98.24,98.42,34030
DHG,2024-07-10,98.42,98.42,96.92,97.27,79017
DHG,2024-07-11,97.36,98.68,96.65,97.8,95615
DHG,2024-07-12,98.24,98.68,98.15,98.24,10827
DHG,2024-07-15,99.21,99.3,98.24,99.3,40896
DHG,2024-07-16,100.27,106.17,100.27,106.17,198090
DHG,2024-07-17,110.93,110.93,103.61,103.79,77712
DHG,2024-07-18,103.97,104.05,99.38,101.32,80811
DHG,2024-07-19,103.88,103.88,100.0,100.0,59212
DHG,2024-07-22,100.0,100.0,96.92,97.98,91313
DHG,2024-07-23,97.98,99.21,96.92,97.8,43845
DHG,2024-07-24,99.47,99.47,97.27,98.5,32321
DHG,2024-07-25,98.5,98.86,97.62,98.59,12997
DHG,2024-07-26,98.59,98.77,97.89,98.68,23121
DHG,2024-07-29,98.86,99.47,98.24,99.03,24287
DHG,2024-07-30,98.77,99.65,98.42,99.12,18173
DHG,2024-07-31,99.38,100.53,99.12,100.27,23501
DHG,2024-08-01,101.23,101.23,99.12,99.56,24717
DHG,2024-08-02,99.65,99.65,98.24,99.38,21501
DHG,2024-08-05,99.38,100.35,97.8,97.89,52170
DHG,2024-08-06,97.98,99.38,97.8,98.06,53647
DHG,2024-08-07,98.15,99.03,97.8,97.8,33598
DHG,2024-08-08,96.52,99.16,96.52,97.7,12908
DHG,2024-08-09,98.89,98.89,97.61,98.07,10043
DHG,2024-08-12,98.07,98.89,97.61,97.7,21241
DHG,2024-08-13,97.7,97.7,97.16,97.52,16823
DHG,2024-08-14,97.52,97.7,95.98,96.16,24131
DHG,2024-08-15,96.16,96.89,95.98,95.98,23050
DHG,2024-08-16,95.98,96.89,95.98,96.43,35761
DHG,2024-08-19,96.52,96.89,95.7,96.52,53058
DHG,2024-08-20,96.43,96.98,95.98,96.98,44567
DHG,2024-08-21,96.98,97.34,96.89,97.25,19442
DHG,2024-08-22,97.34,97.8,96.98,97.43,34388
DHG,2024-08-23,97.52,97.52,96.16,97.25,45222
DHG,2024-08-26,97.34,97.34,96.52,96.79,21771
DHG,2024-08-27,96.79,96.89,96.7,96.7,16178
DHG,2024-08-28,96.89,98.07,96.89,97.34,30625
DHG,2024-08-29,97.34,97.98,97.34,97.52,5158
DHG,2024-08-30,97.52,98.25,97.34,98.07,16155
DHG,2024-09-04,97.8,99.16,97.16,98.8,18472
DHG,2024-09-05,98.8,99.16,97.52,97.8,8272
DHG,2024-09-06,97.7,97.98,97.34,97.98,4689
DHG,2024-09-09,97.07,99.16,96.98,97.43,30253
DHG,2024-09-10,97.34,98.25,97.34,97.34,44540
DHG,2024-09-11,97.8,97.8,96.89,97.16,12520
DHG,2024-09-12,97.16,98.16,97.16,97.43,5300
DHG,2024-09-13,97.98,97.98,96.89,96.98,13271
DHG,2024-09-16,96.98,97.8,96.89,96.98,9001
DHG,2024-09-17,97.25,98.07,97.07,97.61,6005
DHG,2024-09-18,97.25,98.25,97.25,97.89,16360
DHG,2024-09-19,97.89,98.07,97.34,97.89,13126
DHG,2024-09-20,98.8,98.89,97.8,98.16,12178
DHG,2024-09-23,98.16,98.25,97.8,97.8,11144
DHG,2024-09-24,97.8,98.07,97.8,97.98,16815
DHG,2024-09-25,97.98,98.71,97.8,97.8,51226
DHG,2024-09-26,98.25,98.25,97.34,97.8,29180
DHG,2024-09-27,97.43,98.61,97.43,97.61,21501
DHG,2024-09-30,98.16,98.16,97.43,97.43,12603
DHG,2024-10-01,97.8,98.52,97.34,97.7,17353
DHG,2024-10-02,98.34,98.34,97.34,97.34,12303
DHG,2024-10-03,97.98,97.98,97.34,97.34,10526
DHG,2024-10-04,97.25,97.34,96.89,96.89,14821
DHG,2024-10-07,97.98,97.98,96.43,96.43,17619
DHG,2024-10-08,96.52,96.61,95.98,96.61,7435
DHG,2024-10-09,96.7,97.61,96.7,97.34,79551
DHG,2024-10-10,97.43,98.07,97.25,97.8,17762
DHG,2024-10-11,97.98,97.98,96.89,97.61,22296
DHG,2024-10-14,97.61,97.61,96.89,96.98,9016
DHG,2024-10-15,96.98,97.61,96.98,97.07,32653
DHG,2024-10-16,97.07,97.34,96.98,96.98,2818
DHG,2024-10-17,96.98,97.34,96.61,96.79,9901
DHG,2024-10-18,96.89,97.34,96.7,97.07,13701
DHG,2024-10-21,96.98,97.98,95.98,96.25,63732
DHG,2024-10-22,96.25,96.61,95.7,95.98,26250
DHG,2024-10-23,95.61,95.61,95.16,95.52,15472
DHG,2024-10-24,95.52,95.98,95.43,95.52,15630
DHG,2024-10-25,95.52,95.61,94.7,95.07,10740
DHG,2024-10-28,95.98,95.98,95.07,95.07,6228
DHG,2024-10-29,95.07,96.43,95.07,96.07,21081
DHG,2024-10-30,96.07,96.16,95.34,95.34,4453
DHG,2024-10-31,95.52,95.79,95.07,95.16,8791
DHG,2024-11-01,95.16,95.25,94.79,94.79,28654
DHG,2024-11-04,95.52,95.52,94.07,94.61,15465
DHG,2024-11-05,94.61,94.61,93.43,94.43,18935
DHG,2024-11-06,93.7,93.7,92.79,93.16,46510
DHG,2024-11-07,93.25,94.16,93.25,93.52,9001
DHG,2024-11-08,95.79,95.79,93.61,93.61,14357
DHG,2024-11-11,93.61,94.61,92.79,93.52,40321
DHG,2024-11-12,94.07,94.07,92.88,93.07,16831
DHG,2024-11-13,92.97,94.16,92.97,93.34,22683
DHG,2024-11-14,93.25,94.07,93.25,93.43,3705
DHG,2024-11-15,93.43,93.43,89.61,90.79,61826
DHG,2024-11-18,90.97,90.97,89.7,90.7,32398
DHG,2024-11-19,91.52,91.52,90.7,90.7,8499
DHG,2024-11-20,90.97,90.97,90.06,90.7,7049
DHG,2024-11-21,90.79,90.79,89.7,90.61,19336
DHG,2024-11-22,90.7,91.43,90.61,90.97,8980
DHG,2024-11-25,91.06,91.25,90.06,90.52,17238
DHG,2024-11-26,90.34,91.25,90.34,91.06,18739
DHG,2024-11-27,90.61,90.97,90.61,90.88,8265
DHG,2024-11-28,90.43,93.88,90.43,91.43,27876
DHG,2024-11-29,91.61,92.79,91.43,91.88,17370
DHG,2024-12-02,91.88,93.52,91.88,92.43,19197
DHG,2024-12-03,93.25,94.43,92.88,94.25,48767
DHG,2024-12-04,94.98,94.98,92.79,93.43,21175
DHG,2024-12-05,92.79,93.61,90.97,93.43,21903
DHG,2024-12-06,93.25,93.61,92.43,92.61,29214
DHG,2024-12-09,92.43,92.79,91.79,92.79,22541
DHG,2024-12-10,93.88,95.07,93.88,95.07,54568
DHG,2024-12-11,95.61,100.98,95.61,98.25,88896
DHG,2024-12-12,99.16,99.16,96.52,97.8,41584
DHG,2024-12-13,97.8,98.25,97.34,97.8,23326
DHG,2024-12-16,97.89,97.89,97.34,97.34,19390
DHG,2024-12-17,97.7,97.98,97.7,97.8,15186
DHG,2024-12-18,98.61,103.71,98.16,101.71,139943
DHG,2024-12-19,101.34,101.71,100.71,100.89,30399
DHG,2024-12-20,100.89,101.34,99.62,100.16,30025
DHG,2024-12-23,99.71,101.53,99.71,101.07,97558
DHG,2024-12-24,100.98,101.45,100.98,101.07,19785
DHG,2024-12-25,101.26,101.92,99.28,99.94,47435
DHG,2024-12-26,100.03,100.03,99.18,99.84,11817
DHG,2024-12-27,99.84,99.84,98.14,98.14,21098
DHG,2024-12-30,98.14,98.14,97.2,97.3,26217
DHG,2024-12-31,98.24,98.24,97.2,98.05,13293
DHG,2025-01-02,97.96,98.05,97.2,97.86,7321
DHG,2025-01-03,97.86,97.86,97.2,97.48,14977
DHG,2025-01-06,97.48,99.09,96.26,97.48,34142
DHG,2025-01-07,97.67,97.67,96.92,97.3,9917
DHG,2025-01-08,97.39,98.14,97.2,97.39,9350
DHG,2025-01-09,97.39,98.14,96.54,96.63,10421
DHG,2025-01-10,97.67,97.67,96.73,96.73,8134
DHG,2025-01-13,97.2,97.2,96.26,96.82,5733
DHG,2025-01-14,97.11,97.11,96.26,96.73,6612
DHG,2025-01-15,96.73,97.2,96.35,96.63,15628
DHG,2025-01-16,97.3,98.05,96.63,96.82,8595
DHG,2025-01-17,96.82,97.67,96.82,96.92,11319
DHG,2025-01-20,97.01,98.62,97.01,97.48,10215
DHG,2025-01-21,97.48,97.48,95.41,95.79,44626
DHG,2025-01-22,95.79,95.97,93.43,95.97,55834
DHG,2025-01-23,95.97,95.97,94.37,95.79,26753
DHG,2025-01-24,95.79,96.73,95.31,95.88,10926
DHG,2025-02-03,95.88,95.88,91.07,94.37,25652
DHG,2025-02-04,95.5,95.5,94.46,95.31,7178
DHG,2025-02-05,96.54,96.54,95.31,95.5,10745
DHG,2025-02-06,95.6,96.82,95.31,96.82,42915
DHG,2025-02-07,96.73,97.11,96.16,96.63,13484
DHG,2025-02-10,96.63,96.63,95.31,95.31,20321
DHG,2025-02-11,95.31,97.11,95.31,96.16,21739
DHG,2025-02-12,96.26,97.01,95.79,95.79,8721
DHG,2025-02-13,95.79,96.26,94.65,94.65,23270
DHG,2025-02-14,94.84,96.16,94.75,95.03,34740
DHG,2025-02-17,94.75,95.79,94.65,94.84,29678
DHG,2025-02-18,94.37,95.31,94.37,95.31,19281
DHG,2025-02-19,95.31,95.79,95.12,95.31,52325
DHG,2025-02-20,95.5,96.26,95.31,95.41,28868
DHG,2025-02-21,95.41,95.88,95.31,95.41,30762
DHG,2025-02-24,95.41,95.79,95.31,95.5,34394
DHG,2025-02-25,95.6,95.6,94.37,95.5,17735
DHG,2025-02-26,95.5,96.26,95.31,95.6,13352
DHG,2025-02-27,95.6,95.6,95.41,95.6,5904
DHG,2025-02-28,95.31,96.16,95.31,95.79,17185
DHG,2025-03-03,96.07,96.07,95.6,95.97,10272
DHG,2025-03-04,95.88,96.63,95.88,96.45,9505
DHG,2025-03-05,96.26,96.73,95.79,95.97,15989
DHG,2025-03-06,96.07,96.26,95.5,95.5,14192
DHG,2025-03-07,95.69,95.79,95.31,95.41,16189
DHG,2025-03-10,95.5,95.97,94.84,95.31,20181
DHG,2025-03-11,95.31,95.79,94.84,95.5,14537
DHG,2025-03-12,96.16,96.16,95.31,95.5,20170
DHG,2025-03-13,95.5,95.6,94.84,94.84,18242
DHG,2025-03-14,96.07,96.07,94.56,95.31,30030
DHG,2025-03-17,95.79,95.79,94.94,95.03,8972
DHG,2025-03-18,94.46,95.31,94.46,94.65,13301
DHG,2025-03-19,95.31,95.69,94.65,94.75,11030
DHG,2025-03-20,94.75,94.75,94.65,94.65,5961
DHG,2025-03-21,94.37,95.12,94.37,94.56,12387
DHG,2025-03-24,94.37,94.56,94.37,94.56,7737
DHG,2025-03-25,94.56,94.56,94.37,94.37,4259
DHG,2025-03-26,94.46,94.46,94.18,94.37,10769
DHG,2025-03-27,94.37,95.22,94.37,94.37,13533
DHG,2025-03-28,95.5,95.5,94.37,94.37,3305
DHG,2025-03-31,94.37,94.37,93.8,94.37,16612
DHG,2025-04-01,94.37,94.37,94.18,94.28,4084
DHG,2025-04-02,94.28,94.28,93.99,94.09,10317
DHG,2025-04-03,89.65,93.43,88.33,89.18,68120
DHG,2025-04-04,83.99,87.67,83.61,87.67,55214
DHG,2025-04-08,88.61,88.61,83.05,85.69,53977
DHG,2025-04-09,83.05,85.88,82.1,84.56,62179
DHG,2025-04-10,90.41,90.41,90.41,90.41,24830
DHG,2025-04-11,93.43,93.9,90.41,91.44,51563
DHG,2025-04-14,91.44,92.48,90.6,91.92,20762
DHG,2025-04-15,92.2,92.2,89.75,90.69,10156
DHG,2025-04-16,90.69,90.69,89.93,90.12,11420
DHG,2025-04-17,89.65,89.84,88.71,89.65,9927
DHG,2025-04-18,93.14,93.14,90.41,90.97,8789
DHG,2025-04-21,91.92,93.05,91.54,92.39,65416
DHG,2025-04-22,91.54,92.39,89.65,91.07,25232
DHG,2025-04-23,94.37,94.37,90.6,91.54,39657
DHG,2025-04-24,91.54,92.48,89.65,92.01,20273
DHG,2025-04-25,92.01,92.11,91.54,91.82,12863
DHG,2025-04-28,91.92,91.92,91.16,91.82,18918
DHG,2025-04-29,92.01,92.11,91.54,91.92,7730
DHG,2025-05-05,91.92,93.43,91.73,93.43,28932
DHG,2025-05-06,93.52,97.39,93.43,97.2,73663
DHG,2025-05-07,98.14,98.14,96.63,97.67,16843
DHG,2025-05-08,98.14,100.88,97.67,100.88,61491
DHG,2025-05-09,100.88,101.45,99.47,99.84,63856
DHG,2025-05-12,100.03,100.5,97.96,98.62,19946
DHG,2025-05-13,100.03,101.83,100.03,101.35,84255
DHG,2025-05-14,101.73,102.01,101.07,101.45,56386
DHG,2025-05-15,102.01,102.3,99.18,101.45,40732
DHG,2025-05-16,101.92,101.92,100.41,100.69,21984
DHG,2025-05-19,100.88,101.45,100.88,101.26,39209
DHG,2025-05-20,101.92,104.47,101.83,102.86,83224
DHG,2025-05-21,103.81,103.81,100.03,100.69,90841
DHG,2025-05-22,100.69,100.69,99.28,100.5,51881
DHG,2025-05-23,100.3,100.3,98.6,99.6,23990
DHG,2025-05-26,99.6,100.1,99.1,99.5,18874
DHG,2025-05-27,99.5,99.5,98.6,99.0,45131
DHG,2025-05-28,100.0,100.0,98.9,99.5,27854
DHG,2025-05-29,99.1,99.5,98.8,98.9,14592
DHG,2025-05-30,98.4,98.5,97.5,98.0,44915
DHG,2025-06-02,97.9,98.0,96.6,97.8,29392
DHG,2025-06-03,97.4,97.8,97.2,97.7,18526
DHG,2025-06-04,98.6,98.7,97.3,98.4,26471
DHG,2025-06-05,98.4,99.0,98.3,99.0,24100
DHG,2025-06-06,99.0,99.4,98.0,98.3,12000
DHG,2025-06-09,99.0,99.0,97.8,97.8,12400
DHG,2025-06-10,97.9,98.3,97.8,98.2,19700
DHG,2025-06-11,98.2,98.4,97.9,97.9,11700
DHG,2025-06-12,98.0,99.2,97.0,99.2,30500
DHG,2025-06-13,99.0,99.5,98.8,98.8,33200
DHG,2025-06-16,98.7,98.8,98.5,98.8,13300
DHG,2025-06-17,98.8,100.4,98.8,99.6,61400
DHG,2025-06-18,99.6,99.9,99.1,99.6,16800
DHG,2025-06-19,100.0,100.0,99.3,99.6,13800
DHG,2025-06-20,99.6,99.6,99.2,99.6,8600
DHG,2025-06-23,99.6,99.6,99.0,99.6,22100
DHG,2025-06-24,99.8,100.0,99.5,99.5,19000
DHG,2025-06-25,100.0,100.0,99.4,99.5,5900
DHG,2025-06-26,99.9,99.9,99.1,99.8,17600
DHG,2025-06-27,99.8,99.8,99.4,99.5,4600
DHG,2025-06-30,99.5,99.8,99.2,99.7,11600
DHG,2025-07-01,99.7,99.8,99.5,99.5,8300
DHG,2025-07-02,99.5,100.9,99.5,100.7,50200
DHG,2025-07-03,100.9,101.8,100.7,100.7,28200
DHG,2025-07-04,100.8,101.3,100.1,100.7,9800
DHG,2025-07-07,100.7,101.0,100.5,100.9,14100
DHG,2025-07-08,100.9,101.6,100.9,101.6,15800
DHG,2025-07-09,101.2,101.6,101.0,101.4,20600
DHG,2025-07-10,101.2,101.5,101.0,101.4,14700
DHG,2025-07-11,101.0,101.3,100.5,100.5,16500
DHG,2025-07-14,100.5,100.6,100.1,100.6,6100
DHG,2025-07-15,100.5,101.0,100.2,100.5,22400
DHG,2025-07-16,101.4,101.4,100.5,101.2,13200
DHG,2025-07-17,101.3,101.9,100.7,101.8,22900
DHG,2025-07-18,102.0,102.5,101.0,101.3,14400
DHG,2025-07-21,101.3,101.5,101.0,101.0,9100
DHG,2025-07-22,102.5,104.0,102.3,102.5,39200
DHG,2025-07-23,102.7,103.9,102.5,103.4,19200
DHG,2025-07-24,103.5,103.6,103.2,103.4,16700
DHG,2025-07-25,103.6,103.6,103.0,103.0,17400
DHG,2025-07-28,103.2,103.7,103.0,103.3,29000
DHG,2025-07-29,103.5,103.5,101.5,101.6,14100
DHG,2025-07-30,101.6,101.8,100.8,101.0,20700
DHG,2025-07-31,101.1,102.0,101.0,102.0,40000
DHG,2025-08-01,102.7,102.7,101.1,101.7,12000
DHG,2025-08-04,101.7,102.4,101.2,101.5,16100
DHG,2025-08-05,101.5,103.0,101.0,102.8,24900
DHG,2025-08-06,101.2,102.8,101.2,102.8,16400
DHG,2025-08-07,102.8,103.0,102.3,102.8,16600
DHG,2025-08-08,102.0,102.8,102.0,102.6,13600
DHG,2025-08-11,102.6,103.5,102.6,102.9,29500
DHG,2025-08-12,103.0,103.8,102.9,103.4,24600
DHG,2025-08-13,103.6,103.6,102.1,102.6,18200
DHG,2025-08-14,103.0,103.6,102.4,102.5,18900
DHG,2025-08-15,103.0,103.0,102.0,102.2,11500
DHG,2025-08-18,102.3,102.5,101.1,102.5,16300
DHG,2025-08-19,102.5,102.6,102.1,102.2,3600
DHG,2025-08-20,102.4,102.4,101.8,102.0,18900
DHG,2025-08-21,101.8,102.0,101.5,101.6,19000
DHG,2025-08-22,101.6,102.8,100.6,101.0,16700
DHG,2025-08-25,101.0,101.8,100.7,100.8,9000
DHG,2025-08-26,101.3,101.9,101.0,101.3,3000
DHG,2025-08-27,101.2,102.5,101.0,101.2,5000
DHG,2025-08-28,101.9,101.9,101.2,101.3,7200
DHG,2025-08-29,101.3,101.8,101.2,101.7,5600
DHG,2025-09-03,101.7,101.9,101.7,101.8,12600
DHG,2025-09-04,101.8,102.6,101.8,102.0,3100
DHG,2025-09-05,102.0,102.8,102.0,102.5,18900
DHG,2025-09-08,102.5,103.0,102.1,102.3,15900
DHG,2025-09-09,102.3,102.4,102.1,102.3,6500
DHG,2025-09-10,102.3,102.4,101.5,101.8,10300
DHG,2025-09-11,101.8,101.8,101.0,101.4,9600
DHG,2025-09-12,101.3,102.4,101.1,101.5,7200
DHG,2025-09-15,102.5,102.6,101.8,102.5,8500
DHG,2025-09-16,102.3,102.6,102.0,102.5,8300
DHG,2025-09-17,102.6,103.0,102.6,102.6,14600
DHG,2025-09-18,102.3,102.9,102.0,102.1,7100
DHG,2025-09-19,102.4,102.5,101.7,102.0,13200
DHG,2025-09-22,102.0,102.0,101.7,102.0,11300
DHG,2025-09-23,102.8,102.9,101.9,102.2,8000
DHG,2025-09-24,101.4,102.0,101.2,101.9,9700
DHG,2025-09-25,101.4,102.2,101.4,101.9,4500
DHG,2025-09-26,101.9,101.9,101.6,101.8,4300
DHG,2025-09-29,101.6,101.9,101.0,101.9,16200
DHG,2025-09-30,101.9,101.9,101.0,101.5,7100
DHG,2025-10-01,101.5,102.1,101.5,101.8,5400
DHG,2025-10-02,101.8,102.0,101.7,101.8,2500
DHG,2025-10-03,101.8,101.8,101.5,101.8,3800
DHG,2025-10-06,101.8,102.0,101.7,102.0,4000
DHG,2025-10-07,102.0,102.0,101.3,101.9,4500
DHG,2025-10-08,102.0,102.1,101.7,102.0,7100
DHG,2025-10-09,102.1,102.1,102.0,102.1,19200
DHG,2025-10-10,101.1,102.2,101.1,102.2,11800
DHG,2025-10-13,101.3,102.0,101.1,102.0,11900
DHG,2025-10-14,102.2,102.2,102.0,102.0,8000
DHG,2025-10-15,101.3,101.8,101.3,101.6,5900
DHG,2025-10-16,101.6,102.0,101.2,101.5,7100
DHG,2025-10-17,102.7,102.7,101.4,101.4,6500
DHG,2025-10-20,101.4,101.9,100.4,101.0,11200
DHG,2025-10-21,101.0,101.8,101.0,101.1,19500
DHG,2025-10-22,102.0,107.2,102.0,105.1,110900
DHG,2025-10-23,105.1,106.0,105.1,105.3,28000
DHG,2025-10-24,105.7,105.7,103.6,104.9,23400
DHG,2025-10-27,103.5,106.5,103.5,106.5,51400
DHG,2025-10-28,107.0,109.5,106.5,108.1,49100
DHG,2025-10-29,108.2,110.0,107.0,108.0,54300
DHG,2025-10-30,108.6,108.6,105.2,105.6,37200
DHG,2025-10-31,105.6,105.6,104.0,105.6,48100
DHG,2025-11-03,105.6,106.8,104.3,104.7,31800
DHG,2025-11-04,104.8,104.8,102.5,102.9,34200
DHG,2025-11-05,102.9,104.5,102.9,104.5,9100
DHG,2025-11-06,104.6,104.6,103.6,104.5,10000
DHG,2025-11-07,104.5,105.0,103.1,103.1,17200
DHG,2025-11-10,103.0,103.9,102.6,102.8,12300
DHG,2025-11-11,102.7,102.8,101.6,102.8,43200
DHG,2025-11-12,102.8,104.8,102.0,103.5,16900
DHG,2025-11-13,103.5,104.5,102.5,103.4,6400
DHG,2025-11-14,103.4,103.9,103.1,103.7,4900
DHG,2025-11-17,103.9,104.3,103.2,103.7,13900
DHG,2025-11-18,103.5,104.4,103.3,103.5,6900
DHG,2025-11-19,103.5,103.5,102.7,102.7,6500
DHG,2025-11-20,102.7,103.4,102.4,102.6,10500
DHG,2025-11-21,102.5,102.9,102.0,102.8,23900
DHG,2025-11-24,102.8,102.8,102.6,102.7,3000
DHG,2025-11-25,102.5,103.5,102.5,102.5,12600
DHG,2025-11-26,102.5,102.8,102.4,102.8,4500
DHG,2025-11-27,102.8,103.0,102.2,102.6,3100
DHG,2025-11-28,102.6,103.0,102.6,102.6,4300
DHG,2025-12-01,102.6,103.7,102.5,103.5,6100
DHG,2025-12-02,102.6,103.5,102.6,103.0,7100
DHG,2025-12-03,103.2,103.2,102.9,103.2,10400
DHG,2025-12-04,103.2,103.9,103.2,103.7,29300
DHG,2025-12-05,103.6,103.8,103.0,103.8,20200
DHG,2025-12-08,104.8,105.0,103.6,104.0,18900
DHG,2025-12-09,104.0,104.5,102.5,102.9,13600
DHG,2025-12-10,102.6,103.2,102.4,102.5,24900
DHG,2025-12-11,102.7,103.1,102.6,103.0,5700
DHG,2025-12-12,103.0,103.6,102.0,102.0,24400
DHG,2025-12-15,102.1,102.3,101.8,101.9,6000
DHG,2025-12-16,102.0,103.0,101.9,103.0,23100
DHG,2025-12-17,102.0,102.0,101.0,102.0,41200
DHG,2025-12-18,101.2,102.0,101.0,101.3,22600
DHG,2025-12-19,101.3,101.5,101.0,101.4,40300
DHG,2025-12-22,101.3,101.4,101.0,101.4,21000
DHG,2025-12-23,101.4,101.4,101.2,101.3,15900
DHG,2025-12-24,101.3,101.3,101.0,101.1,11900
DHG,2025-12-25,101.5,101.8,101.1,101.4,16800
DHG,2025-12-26,101.4,101.4,100.0,101.4,27800
DHG,2025-12-29,101.4,102.9,101.4,102.1,10700
DHG,2025-12-30,102.2,102.8,102.2,102.5,12200
DHG,2025-12-31,101.9,102.5,101.6,102.3,16600
DHD,2017-05-05,3.32,3.32,3.32,3.32,0
DHD,2017-05-08,4.64,4.64,4.64,4.64,100
DHD,2017-05-09,5.33,5.33,5.33,5.33,1300
DHD,2017-05-10,6.11,6.11,4.55,6.11,9200
DHD,2017-05-11,7.01,7.01,7.01,7.01,17600
DHD,2017-05-12,8.04,8.04,8.04,8.04,6500
DHD,2017-05-15,9.23,9.23,8.04,8.78,14600
DHD,2017-05-16,7.81,7.9,7.81,7.81,2900
DHD,2017-05-17,7.81,8.0,7.71,8.0,20900
DHD,2017-05-18,7.81,8.0,7.81,7.85,7100
DHD,2017-05-19,8.0,8.0,7.85,7.85,6100
DHD,2017-05-22,7.85,7.85,7.85,7.85,1200
DHD,2017-05-23,7.81,7.85,7.81,7.81,8300
DHD,2017-05-24,7.81,7.81,6.66,7.81,310
DHD,2017-05-25,8.92,8.92,7.73,7.73,310
DHD,2017-05-26,7.88,7.88,7.88,7.88,200
DHD,2017-05-29,7.73,7.73,7.73,7.73,1200
DHD,2017-05-30,7.71,7.73,7.42,7.73,6300
DHD,2017-05-31,7.73,7.73,7.71,7.71,4400
DHD,2017-06-01,7.51,7.51,7.51,7.51,800
DHD,2017-06-02,7.71,7.71,7.1,7.71,3800
DHD,2017-06-05,7.71,7.71,7.71,7.71,1200
DHD,2017-06-06,7.71,7.71,7.71,7.71,0
DHD,2017-06-07,7.71,7.71,7.71,7.71,0
DHD,2017-06-08,6.56,7.57,6.56,7.57,1200
DHD,2017-06-09,6.71,6.73,6.67,6.73,3400
DHD,2017-06-12,7.38,7.38,6.71,6.71,1400
DHD,2017-06-13,6.75,6.75,6.75,6.75,0
DHD,2017-06-14,6.75,6.75,6.75,6.75,0
DHD,2017-06-15,6.83,7.12,6.75,6.75,1000
DHD,2017-06-16,6.83,7.12,6.83,7.12,400
DHD,2017-06-19,6.93,6.93,6.67,6.67,300
DHD,2017-06-20,6.66,6.66,6.64,6.64,7700
DHD,2017-06-21,6.79,6.79,6.64,6.67,900
DHD,2017-06-22,6.67,6.71,6.67,6.71,3600
DHD,2017-06-23,6.69,6.69,6.69,6.69,100
DHD,2017-06-26,6.69,6.69,6.64,6.64,3900
DHD,2017-06-27,6.64,6.64,6.64,6.64,5710
DHD,2017-06-28,6.54,6.64,6.54,6.64,400
DHD,2017-06-29,6.6,6.6,6.6,6.6,0
DHD,2017-06-30,5.85,5.85,5.85,5.85,100
DHD,2017-07-03,6.64,6.64,6.64,6.64,100
DHD,2017-07-04,6.64,6.64,6.64,6.64,0
DHD,2017-07-05,5.68,5.68,5.68,5.68,300
DHD,2017-07-06,5.68,5.68,5.68,5.68,0
DHD,2017-07-07,5.68,5.68,4.84,5.46,8600
DHD,2017-07-10,5.09,5.09,4.7,4.7,1700
DHD,2017-07-11,5.72,5.72,5.09,5.09,1100
DHD,2017-07-12,5.91,5.91,5.19,5.91,1600
DHD,2017-07-13,6.25,6.25,6.25,6.25,300
DHD,2017-07-14,5.39,5.39,5.39,5.39,200
DHD,2017-07-17,5.43,5.43,5.43,5.43,400
DHD,2017-07-18,6.21,6.21,6.21,6.21,200
DHD,2017-07-19,5.35,5.35,5.33,5.33,1200
DHD,2017-07-20,5.85,5.85,5.13,5.85,2900
DHD,2017-07-21,5.48,5.48,5.48,5.48,0
DHD,2017-07-24,5.48,5.48,5.48,5.48,0
DHD,2017-07-25,5.54,5.54,5.5,5.5,600
DHD,2017-07-26,5.46,5.46,5.39,5.46,2200
DHD,2017-07-27,6.15,6.15,5.56,5.56,1100
DHD,2017-07-28,5.68,5.68,5.68,5.68,100
DHD,2017-07-31,5.68,5.68,5.68,5.68,0
DHD,2017-08-01,6.15,6.15,6.15,6.15,100
DHD,2017-08-02,6.15,6.15,6.15,6.15,0
DHD,2017-08-03,5.58,5.58,5.58,5.58,4800
DHD,2017-08-04,5.58,5.58,5.58,5.58,0
DHD,2017-08-07,6.15,6.15,5.85,5.95,1700
DHD,2017-08-08,6.07,6.07,6.07,6.07,0
DHD,2017-08-09,5.66,5.66,5.64,5.66,1500
DHD,2017-08-10,5.68,5.85,5.68,5.85,1500
DHD,2017-08-11,5.85,6.05,5.85,6.05,1300
DHD,2017-08-14,5.89,5.89,5.89,5.89,0
DHD,2017-08-15,5.89,5.89,5.89,5.89,9200
DHD,2017-08-16,5.89,5.89,5.89,5.89,0
DHD,2017-08-17,5.89,5.89,5.89,5.89,0
DHD,2017-08-18,5.46,5.46,5.46,5.46,200
DHD,2017-08-21,5.46,5.46,5.46,5.46,200
DHD,2017-08-22,6.15,6.15,6.15,6.15,1900
DHD,2017-08-23,6.13,6.13,6.13,6.13,300
DHD,2017-08-24,5.56,5.56,5.46,5.46,1000
DHD,2017-08-25,6.15,6.15,4.72,4.72,3300
DHD,2017-08-28,5.66,5.78,5.0,5.0,1600
DHD,2017-08-29,5.84,5.85,5.84,5.85,300
DHD,2017-08-30,5.09,6.13,5.09,6.13,1000
DHD,2017-08-31,5.21,6.05,5.21,6.05,200
DHD,2017-09-01,5.48,5.48,5.48,5.48,100
DHD,2017-09-05,5.48,5.48,5.48,5.48,0
DHD,2017-09-06,4.72,4.72,4.72,4.72,1000
DHD,2017-09-07,4.04,5.43,4.04,5.43,200
DHD,2017-09-08,4.51,4.51,4.51,4.51,200
DHD,2017-09-11,4.51,4.51,4.51,4.51,0
DHD,2017-09-12,4.51,4.51,4.51,4.51,0
DHD,2017-09-13,5.17,5.17,5.17,5.17,5900
DHD,2017-09-14,5.56,5.58,5.56,5.58,1100
DHD,2017-09-15,5.76,5.76,5.66,5.66,1800
DHD,2017-09-18,5.85,5.85,5.85,5.85,1400
DHD,2017-09-19,6.25,6.25,6.25,6.25,100
DHD,2017-09-20,6.25,6.25,6.25,6.25,0
DHD,2017-09-21,5.85,5.85,5.85,5.85,600
DHD,2017-09-22,5.85,5.85,5.85,5.85,500
DHD,2017-09-25,6.73,6.73,5.85,5.85,600
DHD,2017-09-26,5.85,6.03,5.85,6.03,3400
DHD,2017-09-27,5.85,5.85,5.85,5.85,300
DHD,2017-09-28,5.85,5.85,5.85,5.85,0
DHD,2017-09-29,5.85,5.85,5.85,5.85,0
DHD,2017-10-02,5.19,5.19,5.19,5.19,500
DHD,2017-10-03,5.19,5.19,5.19,5.19,0
DHD,2017-10-04,5.93,5.93,5.93,5.93,100
DHD,2017-10-05,5.09,5.09,5.09,5.09,100
DHD,2017-10-06,5.09,5.09,5.09,5.09,0
DHD,2017-10-09,5.09,5.09,5.09,5.09,0
DHD,2017-10-10,5.85,5.85,5.85,5.85,100
DHD,2017-10-11,5.85,5.85,5.85,5.85,0
DHD,2017-10-12,5.85,5.85,5.85,5.85,0
DHD,2017-10-13,5.85,5.85,5.85,5.85,0
DHD,2017-10-16,5.85,5.85,5.85,5.85,0
DHD,2017-10-17,5.85,5.93,5.85,5.93,1100
DHD,2017-10-18,5.91,5.91,5.91,5.91,500
DHD,2017-10-19,5.91,5.91,5.91,5.91,0
DHD,2017-10-20,5.85,5.85,5.85,5.85,4000
DHD,2017-10-23,5.85,5.85,5.85,5.85,1900
DHD,2017-10-24,5.66,5.66,5.66,5.66,1000
DHD,2017-10-25,5.66,5.66,5.66,5.66,2000
DHD,2017-10-26,5.76,5.76,5.66,5.66,1100
DHD,2017-10-27,6.03,6.03,6.03,6.03,100
DHD,2017-10-30,6.03,6.03,6.03,6.03,0
DHD,2017-10-31,6.73,6.73,6.73,6.73,100
DHD,2017-11-01,5.74,5.76,5.74,5.74,3200
DHD,2017-11-02,5.84,5.84,5.84,5.84,100
DHD,2017-11-03,5.76,5.76,5.76,5.76,2000
DHD,2017-11-06,6.62,6.62,6.62,6.62,100
DHD,2017-11-07,7.59,7.59,5.66,5.66,1400
DHD,2017-11-08,7.57,7.57,6.6,6.6,300
DHD,2017-11-09,6.25,7.4,6.01,6.11,7900
DHD,2017-11-10,6.91,6.91,6.64,6.64,900
DHD,2017-11-13,5.97,6.64,5.97,6.64,300
DHD,2017-11-14,6.19,6.19,6.19,6.19,1000
DHD,2017-11-15,6.19,6.19,6.19,6.19,0
DHD,2017-11-16,6.17,6.17,6.17,6.17,200
DHD,2017-11-17,6.81,6.81,6.81,6.81,100
DHD,2017-11-20,6.81,6.81,6.81,6.81,0
DHD,2017-11-21,6.99,6.99,6.99,6.99,100
DHD,2017-11-22,6.09,6.09,6.09,6.09,1000
DHD,2017-11-23,6.09,6.09,6.09,6.09,0
DHD,2017-11-24,6.11,6.11,6.11,6.11,100
DHD,2017-11-27,6.34,6.34,6.34,6.34,100
DHD,2017-11-28,6.34,6.34,6.34,6.34,0
DHD,2017-11-29,6.34,6.34,6.34,6.34,0
DHD,2017-11-30,6.34,6.34,6.34,6.34,0
DHD,2017-12-01,6.34,6.34,6.34,6.34,0
DHD,2017-12-04,6.54,6.54,6.54,6.54,200
DHD,2017-12-05,6.54,6.54,6.54,6.54,0
DHD,2017-12-06,6.54,6.54,6.54,6.54,0
DHD,2017-12-07,6.54,6.54,6.54,6.54,0
DHD,2017-12-08,5.78,5.78,5.76,5.76,200
DHD,2017-12-11,5.78,5.78,5.78,5.78,0
DHD,2017-12-12,5.78,5.78,5.78,5.78,0
DHD,2017-12-13,5.27,5.27,5.27,5.27,4300
DHD,2017-12-14,6.05,6.05,5.46,5.46,400
DHD,2017-12-15,5.62,5.62,5.62,5.62,0
DHD,2017-12-18,6.38,6.38,6.38,6.38,100
DHD,2017-12-19,6.38,6.38,6.38,6.38,0
DHD,2017-12-20,6.38,6.38,6.38,6.38,0
DHD,2017-12-21,6.38,6.38,6.38,6.38,0
DHD,2017-12-22,6.38,6.38,6.38,6.38,0
DHD,2017-12-25,6.38,6.38,6.38,6.38,0
DHD,2017-12-26,6.38,6.38,6.38,6.38,0
DHD,2017-12-27,6.38,6.38,6.38,6.38,200
DHD,2017-12-28,6.38,6.38,6.38,6.38,0
DHD,2017-12-29,6.32,6.32,6.32,6.32,4300
DHD,2018-01-02,6.32,6.32,6.32,6.32,0
DHD,2018-01-03,6.32,6.32,6.32,6.32,0
DHD,2018-01-04,6.32,6.32,6.32,6.32,0
DHD,2018-01-05,5.43,5.43,5.43,5.43,400
DHD,2018-01-08,5.43,5.43,5.43,5.43,0
DHD,2018-01-09,5.43,5.43,5.43,5.43,0
DHD,2018-01-10,5.76,5.76,5.76,5.76,100
DHD,2018-01-11,5.95,6.05,5.95,6.05,400
DHD,2018-01-12,5.85,5.85,5.85,5.85,14400
DHD,2018-01-15,5.07,5.07,5.07,5.07,1000
DHD,2018-01-16,5.07,5.07,5.07,5.07,0
DHD,2018-01-17,5.37,5.82,5.37,5.76,4500
DHD,2018-01-18,5.66,5.66,5.66,5.66,200
DHD,2018-01-19,5.76,5.76,5.66,5.66,600
DHD,2018-01-22,5.46,5.66,5.46,5.66,500
DHD,2018-01-23,5.56,5.58,5.56,5.58,5800
DHD,2018-01-24,5.46,5.46,5.46,5.46,4300
DHD,2018-01-25,5.46,5.46,5.46,5.46,0
DHD,2018-01-26,6.26,6.28,6.26,6.28,2700
DHD,2018-01-29,5.46,5.46,5.46,5.46,100
DHD,2018-01-30,5.46,5.46,5.46,5.46,0
DHD,2018-01-31,5.66,5.66,5.66,5.66,100
DHD,2018-02-01,5.15,5.15,5.15,5.15,400
DHD,2018-02-02,5.15,5.15,5.15,5.15,0
DHD,2018-02-05,5.09,5.09,5.09,5.09,800
DHD,2018-02-06,5.07,5.84,5.07,5.84,1100
DHD,2018-02-07,5.76,5.76,5.76,5.76,1000
DHD,2018-02-08,5.76,5.76,5.76,5.76,0
DHD,2018-02-09,6.6,6.6,6.6,6.6,1200
DHD,2018-02-12,6.6,6.6,6.6,6.6,0
DHD,2018-02-13,6.6,6.6,6.6,6.6,0
DHD,2018-02-21,5.62,5.62,5.62,5.62,100
DHD,2018-02-22,6.23,5.62,6.23,6.23,100
DHD,2018-02-23,6.23,6.23,6.23,6.23,400
DHD,2018-02-26,6.23,6.23,6.23,6.23,1400
DHD,2018-02-27,5.31,5.31,5.31,5.31,100
DHD,2018-02-28,4.59,4.59,4.55,4.55,2300
DHD,2018-03-01,5.21,5.21,5.21,5.21,100
DHD,2018-03-02,5.97,5.97,5.97,5.97,100
DHD,2018-03-05,6.62,6.62,6.62,6.62,2200
DHD,2018-03-06,6.62,6.62,6.62,6.62,0
DHD,2018-03-07,5.64,5.64,5.64,5.64,100
DHD,2018-03-08,5.64,5.64,5.64,5.64,0
DHD,2018-03-09,5.64,5.64,5.64,5.64,0
DHD,2018-03-12,5.64,5.64,5.64,5.64,0
DHD,2018-03-13,5.64,5.64,5.64,5.64,0
DHD,2018-03-14,4.82,4.84,4.82,4.84,2000
DHD,2018-03-15,4.84,4.84,4.84,4.84,0
DHD,2018-03-16,4.84,4.84,4.84,4.84,0
DHD,2018-03-19,5.56,5.56,5.56,5.56,800
DHD,2018-03-20,6.38,6.38,6.05,6.05,4000
DHD,2018-03-21,5.43,5.45,5.43,5.45,1300
DHD,2018-03-22,5.45,5.85,5.45,5.66,5000
DHD,2018-03-23,5.58,6.4,5.58,6.4,24600
DHD,2018-03-26,7.14,7.14,7.1,7.14,46200
DHD,2018-03-27,7.14,8.0,7.14,7.79,15400
DHD,2018-03-28,6.81,7.03,6.62,6.91,14100
DHD,2018-03-29,6.89,7.07,6.87,7.07,2100
DHD,2018-03-30,7.42,7.44,7.07,7.14,1200
DHD,2018-04-02,7.03,7.42,7.03,7.16,5900
DHD,2018-04-03,7.44,7.44,7.12,7.14,7300
DHD,2018-04-04,7.4,7.4,7.22,7.22,1400
DHD,2018-04-05,6.21,7.36,6.21,6.25,7400
DHD,2018-04-06,7.16,7.16,7.16,7.16,100
DHD,2018-04-09,6.09,7.2,6.09,7.03,3300
DHD,2018-04-10,7.2,7.2,6.66,6.66,1400
DHD,2018-04-11,6.69,6.69,6.66,6.66,2000
DHD,2018-04-12,7.03,7.03,7.03,7.03,100
DHD,2018-04-13,7.03,7.03,7.03,7.03,0
DHD,2018-04-16,8.0,8.0,6.44,6.44,3800
DHD,2018-04-17,6.44,6.62,6.44,6.62,1900
DHD,2018-04-18,6.4,6.99,6.4,6.99,1300
DHD,2018-04-19,6.54,6.54,6.44,6.54,2600
DHD,2018-04-20,6.64,6.64,6.64,6.64,100
DHD,2018-04-23,6.83,6.83,6.64,6.64,3600
DHD,2018-04-24,7.2,7.2,6.93,6.93,700
DHD,2018-04-26,6.54,7.4,5.93,6.44,5800
DHD,2018-04-27,6.44,6.44,6.44,6.44,500
DHD,2018-05-02,7.01,7.01,6.64,6.64,1300
DHD,2018-05-03,7.22,7.22,6.62,6.64,900
DHD,2018-05-04,6.62,6.69,6.48,6.48,4000
DHD,2018-05-07,6.54,6.54,6.44,6.44,600
DHD,2018-05-08,6.48,6.48,6.48,6.48,0
DHD,2018-05-09,6.17,6.5,6.17,6.48,4600
DHD,2018-05-10,6.48,6.48,6.44,6.44,3400
DHD,2018-05-11,6.26,6.26,6.26,6.26,100
DHD,2018-05-14,5.6,6.18,5.6,6.18,3300
DHD,2018-05-15,7.06,7.06,7.06,7.06,100
DHD,2018-05-16,6.2,6.2,6.2,6.2,100
DHD,2018-05-17,6.18,6.38,6.18,6.38,600
DHD,2018-05-18,6.34,6.34,6.34,6.34,0
DHD,2018-05-21,5.44,5.48,5.44,5.48,200
DHD,2018-05-22,6.28,6.28,6.28,6.28,400
DHD,2018-05-23,6.56,6.56,6.38,6.38,400
DHD,2018-05-24,5.8,5.98,5.8,5.98,1600
DHD,2018-05-25,6.36,6.36,5.44,5.98,400
DHD,2018-05-28,5.32,5.6,5.32,5.6,3600
DHD,2018-05-29,4.81,5.76,4.81,5.76,600
DHD,2018-05-30,5.78,5.98,5.78,5.98,200
DHD,2018-05-31,5.12,5.86,5.12,5.78,300
DHD,2018-06-01,5.86,5.86,4.83,5.78,500
DHD,2018-06-04,5.48,6.02,5.48,6.02,300
DHD,2018-06-05,5.96,5.96,5.96,5.96,100
DHD,2018-06-06,5.24,5.98,5.24,5.96,300
DHD,2018-06-07,5.0,5.68,5.0,5.68,600
DHD,2018-06-08,6.06,6.06,6.06,6.06,100
DHD,2018-06-11,5.44,5.86,5.44,5.86,1300
DHD,2018-06-12,5.58,5.58,5.48,5.48,900
DHD,2018-06-13,5.76,5.78,5.54,5.74,1900
DHD,2018-06-14,5.52,5.58,5.52,5.58,500
DHD,2018-06-15,5.84,5.84,5.84,5.84,100
DHD,2018-06-18,5.5,5.78,5.5,5.58,1800
DHD,2018-06-19,5.6,5.6,4.83,5.48,3100
DHD,2018-06-20,4.87,5.66,4.87,5.58,600
DHD,2018-06-21,5.84,5.84,5.84,5.84,100
DHD,2018-06-22,4.98,5.58,4.98,5.58,300
DHD,2018-06-25,4.93,5.66,4.93,5.66,200
DHD,2018-06-26,4.81,5.64,4.81,5.58,4400
DHD,2018-06-27,5.58,5.88,5.58,5.88,1900
DHD,2018-06-28,6.56,6.56,6.56,6.56,100
DHD,2018-06-29,5.62,6.54,5.62,6.08,800
DHD,2018-07-02,6.46,6.46,5.62,5.62,300
DHD,2018-07-03,6.06,6.08,5.98,5.98,3200
DHD,2018-07-04,6.56,6.56,5.98,6.36,1500
DHD,2018-07-05,6.46,6.46,6.0,6.0,1100
DHD,2018-07-06,6.38,6.74,6.38,6.74,200
DHD,2018-07-09,6.78,7.06,6.78,7.06,200
DHD,2018-07-10,6.28,6.28,6.08,6.08,1900
DHD,2018-07-11,6.08,6.08,5.98,5.98,3400
DHD,2018-07-12,6.76,6.76,5.98,6.08,800
DHD,2018-07-13,6.1,6.1,6.02,6.02,1000
DHD,2018-07-16,6.62,6.62,6.62,6.62,100
DHD,2018-07-17,5.66,6.96,5.66,6.96,400
DHD,2018-07-18,6.98,7.56,6.98,7.56,200
DHD,2018-07-19,6.2,6.28,6.2,6.22,1100
DHD,2018-07-20,6.38,6.38,6.38,6.38,300
DHD,2018-07-23,6.76,6.76,6.76,6.76,100
DHD,2018-07-24,6.1,6.76,6.1,6.18,800
DHD,2018-07-25,6.24,6.94,6.24,6.94,200
DHD,2018-07-26,5.62,6.2,5.62,6.2,500
DHD,2018-07-27,6.36,6.38,6.36,6.38,900
DHD,2018-07-30,6.2,6.22,6.2,6.2,900
DHD,2018-07-31,5.3,7.12,5.3,7.12,200
DHD,2018-08-01,6.22,6.22,6.22,6.22,0
DHD,2018-08-02,6.86,6.86,5.5,5.52,700
DHD,2018-08-03,6.58,6.58,6.58,6.58,100
DHD,2018-08-06,5.7,7.44,5.7,7.44,200
DHD,2018-08-07,5.62,5.62,5.62,5.62,100
DHD,2018-08-08,5.62,5.62,5.62,5.62,0
DHD,2018-08-09,5.88,5.88,5.88,5.88,100
DHD,2018-08-10,6.56,6.56,6.56,6.56,200
DHD,2018-08-13,5.6,6.46,5.6,6.46,1500
DHD,2018-08-14,6.34,6.38,5.98,5.98,500
DHD,2018-08-15,6.78,6.84,6.78,6.84,200
DHD,2018-08-16,6.26,6.26,6.26,6.26,1400
DHD,2018-08-17,7.2,7.2,6.26,6.26,1100
DHD,2018-08-20,6.74,6.74,6.74,6.74,100
DHD,2018-08-21,5.8,5.98,5.8,5.9,900
DHD,2018-08-22,5.94,5.94,5.94,5.94,300
DHD,2018-08-23,5.98,6.08,5.98,5.98,1700
DHD,2018-08-24,6.02,6.02,5.98,5.98,2700
DHD,2018-08-27,6.38,6.48,6.38,6.48,5700
DHD,2018-08-28,6.38,6.38,6.38,6.38,3700
DHD,2018-08-29,6.38,6.38,6.38,6.38,2300
DHD,2018-08-30,6.38,6.38,6.38,6.38,4400
DHD,2018-08-31,6.48,6.48,6.38,6.4,5700
DHD,2018-09-04,6.4,6.42,6.4,6.42,2300
DHD,2018-09-05,6.42,6.44,6.42,6.42,16000
DHD,2018-09-06,6.42,6.48,6.42,6.48,9100
DHD,2018-09-07,6.42,6.48,6.42,6.48,2400
DHD,2018-09-10,6.54,6.54,6.48,6.48,3900
DHD,2018-09-11,6.54,6.54,6.48,6.48,5100
DHD,2018-09-12,6.48,6.76,6.48,6.7,2900
DHD,2018-09-13,6.5,6.5,6.5,6.5,800
DHD,2018-09-14,5.7,6.66,5.7,6.66,200
DHD,2018-09-17,6.18,6.7,6.18,6.7,400
DHD,2018-09-18,6.54,6.54,6.54,6.54,100
DHD,2018-09-19,6.54,6.58,6.54,6.58,500
DHD,2018-09-20,6.5,6.74,6.5,6.74,200
DHD,2018-09-21,6.72,7.58,6.6,6.6,2100
DHD,2018-09-24,6.84,6.84,6.84,6.84,1200
DHD,2018-09-25,7.02,7.02,6.8,6.98,5700
DHD,2018-09-26,8.0,8.0,8.0,8.0,100
DHD,2018-09-27,6.82,7.14,6.82,7.08,5400
DHD,2018-09-28,7.96,7.96,7.08,7.08,1100
DHD,2018-10-01,7.96,7.96,7.08,7.56,9400
DHD,2018-10-02,7.96,7.96,6.98,6.98,10700
DHD,2018-10-03,7.08,7.08,6.98,6.98,8100
DHD,2018-10-04,7.74,7.74,6.98,6.98,6000
DHD,2018-10-05,6.98,6.98,6.98,6.98,5600
DHD,2018-10-08,6.98,6.98,6.98,6.98,6600
DHD,2018-10-09,6.98,6.98,6.96,6.96,6600
DHD,2018-10-10,6.94,6.94,6.94,6.94,9300
DHD,2018-10-11,7.96,7.96,6.94,6.96,12500
DHD,2018-10-12,6.96,6.96,6.96,6.96,600
DHD,2018-10-15,7.56,7.56,6.94,6.96,3000
DHD,2018-10-16,6.98,6.98,6.96,6.98,9100
DHD,2018-10-17,7.56,7.58,7.18,7.18,5600
DHD,2018-10-18,7.2,7.22,7.18,7.18,10000
DHD,2018-10-19,7.18,7.18,7.08,7.08,12200
DHD,2018-10-22,7.08,7.08,7.08,7.08,8200
DHD,2018-10-23,7.1,7.1,7.1,7.1,9000
DHD,2018-10-24,7.58,7.58,7.58,7.58,200
DHD,2018-10-25,7.58,7.58,7.58,7.58,7300
DHD,2018-10-26,7.6,7.6,7.58,7.58,18700
DHD,2018-10-29,7.96,7.96,7.6,7.6,6100
DHD,2018-10-30,7.64,7.64,7.64,7.64,1100
DHD,2018-10-31,7.94,7.94,7.64,7.64,1700
DHD,2018-11-01,7.64,7.64,7.64,7.64,1400
DHD,2018-11-02,7.64,7.64,7.64,7.64,3800
DHD,2018-11-05,8.35,8.35,7.66,7.66,2100
DHD,2018-11-06,7.7,7.7,7.7,7.7,7100
DHD,2018-11-07,7.84,7.84,7.84,7.84,100
DHD,2018-11-08,6.72,7.78,6.72,7.78,300
DHD,2018-11-09,7.88,7.88,7.38,7.42,6100
DHD,2018-11-12,7.84,7.84,7.38,7.38,1700
DHD,2018-11-13,7.42,7.42,7.42,7.42,3000
DHD,2018-11-14,7.76,7.76,7.42,7.58,2600
DHD,2018-11-15,7.78,7.78,7.42,7.42,1300
DHD,2018-11-16,7.78,7.78,7.5,7.5,600
DHD,2018-11-19,7.58,7.58,7.58,7.58,1000
DHD,2018-11-20,7.58,7.6,7.52,7.58,8800
DHD,2018-11-21,7.58,7.58,7.58,7.58,2500
DHD,2018-11-22,7.58,7.58,7.58,7.58,6400
DHD,2018-11-23,7.58,7.58,7.58,7.58,6500
DHD,2018-11-26,7.58,7.58,7.48,7.58,9200
DHD,2018-11-27,7.58,7.58,7.58,7.58,2500
DHD,2018-11-28,7.58,7.58,7.58,7.58,0
DHD,2018-11-29,7.58,7.58,7.58,7.58,100
DHD,2018-11-30,6.82,7.58,6.82,7.58,500
DHD,2018-12-03,7.58,7.58,7.58,7.58,500
DHD,2018-12-04,7.58,7.58,7.54,7.58,3700
DHD,2018-12-05,7.46,7.58,7.46,7.54,4100
DHD,2018-12-06,7.56,7.56,7.54,7.56,1800
DHD,2018-12-07,7.54,7.54,7.54,7.54,100
DHD,2018-12-10,7.54,7.54,7.54,7.54,0
DHD,2018-12-11,6.42,7.22,6.42,7.18,10400
DHD,2018-12-12,7.22,7.22,7.2,7.2,2000
DHD,2018-12-13,7.22,7.22,7.2,7.2,2000
DHD,2018-12-14,7.2,7.2,7.2,7.2,0
DHD,2018-12-17,7.28,7.28,7.28,7.28,1000
DHD,2018-12-18,7.28,7.28,7.28,7.28,4200
DHD,2018-12-19,7.3,7.3,7.3,7.3,2800
DHD,2018-12-20,7.32,7.32,7.3,7.3,3500
DHD,2018-12-21,7.3,7.3,7.3,7.3,1000
DHD,2018-12-24,6.22,7.3,6.22,7.3,400
DHD,2018-12-25,6.58,7.18,6.58,7.18,6800
DHD,2018-12-26,6.68,6.68,6.68,6.68,100
DHD,2018-12-27,7.18,7.58,6.38,7.58,300
DHD,2018-12-28,6.74,7.58,6.5,7.58,400
DHD,2019-01-02,7.56,7.58,7.56,7.58,1100
DHD,2019-01-03,6.78,7.24,6.78,7.24,400
DHD,2019-01-04,7.54,7.54,6.88,6.88,200
DHD,2019-01-07,6.58,7.22,6.58,7.22,2400
DHD,2019-01-08,7.08,7.3,7.08,7.3,1600
DHD,2019-01-09,7.28,7.3,7.3,7.3,0
DHD,2019-01-10,7.28,7.3,7.3,7.3,0
DHD,2019-01-11,7.38,7.38,7.38,7.38,100
DHD,2019-01-14,7.76,7.76,7.0,7.0,200
DHD,2019-01-15,7.58,7.58,7.58,7.58,900
DHD,2019-01-16,7.58,7.58,7.58,7.58,0
DHD,2019-01-17,7.3,7.3,7.3,7.3,800
DHD,2019-01-18,7.48,7.48,7.48,7.48,100
DHD,2019-01-21,6.68,7.08,6.68,6.98,1100
DHD,2019-01-22,6.98,6.98,6.98,6.98,0
DHD,2019-01-23,7.32,7.32,7.32,7.32,1300
DHD,2019-01-24,7.18,7.3,7.18,7.3,9200
DHD,2019-01-25,7.1,7.1,7.1,7.1,500
DHD,2019-01-28,7.1,7.1,7.1,7.1,3200
DHD,2019-01-29,7.98,7.98,7.18,7.18,14200
DHD,2019-01-30,7.18,7.18,7.18,7.18,1400
DHD,2019-01-31,7.18,7.18,7.18,7.18,21500
DHD,2019-02-01,6.28,7.18,6.28,7.18,500
DHD,2019-02-11,7.34,7.34,7.34,7.34,100
DHD,2019-02-12,7.28,7.28,7.28,7.28,100
DHD,2019-02-13,7.94,7.94,6.68,6.88,1800
DHD,2019-02-14,6.08,6.98,6.08,6.98,3400
DHD,2019-02-15,6.96,6.98,6.98,6.98,0
DHD,2019-02-18,6.98,6.98,6.98,6.98,4300
DHD,2019-02-19,6.98,6.98,6.98,6.98,0
DHD,2019-02-20,6.38,6.38,6.38,6.38,100
DHD,2019-02-21,7.16,7.16,7.16,7.16,100
DHD,2019-02-22,6.98,6.98,6.98,6.98,1000
DHD,2019-02-25,8.02,8.02,8.02,8.02,100
DHD,2019-02-26,6.82,7.18,6.82,7.18,1100
DHD,2019-02-27,7.86,7.86,7.18,7.18,3100
DHD,2019-02-28,7.92,7.92,7.92,7.92,100
DHD,2019-03-01,7.18,7.18,7.18,7.18,2000
DHD,2019-03-04,7.18,7.18,7.18,7.18,1100
DHD,2019-03-05,7.34,7.34,7.34,7.34,100
DHD,2019-03-06,7.34,7.34,7.34,7.34,0
DHD,2019-03-07,7.38,7.38,7.34,7.34,900
DHD,2019-03-08,7.46,7.46,7.46,7.46,100
DHD,2019-03-11,7.38,7.44,7.28,7.38,2900
DHD,2019-03-12,7.56,7.56,7.56,7.56,100
DHD,2019-03-13,7.58,7.58,7.58,7.58,100
DHD,2019-03-14,7.18,7.18,7.18,7.18,1000
DHD,2019-03-15,7.96,7.96,7.96,7.96,100
DHD,2019-03-18,6.78,6.78,6.78,6.78,100
DHD,2019-03-19,7.78,7.78,6.38,7.18,4900
DHD,2019-03-20,7.18,7.22,7.18,7.18,4000
DHD,2019-03-21,7.18,7.26,7.18,7.26,800
DHD,2019-03-22,7.2,7.26,7.26,7.26,0
DHD,2019-03-25,7.76,7.76,7.76,7.76,100
DHD,2019-03-26,6.6,7.34,6.6,7.34,200
DHD,2019-03-27,8.02,8.02,7.18,7.18,1700
DHD,2019-03-28,7.18,7.18,6.98,7.18,12300
DHD,2019-03-29,6.82,6.82,6.82,6.82,100
DHD,2019-04-01,7.38,7.38,7.38,7.38,100
DHD,2019-04-02,7.38,7.38,7.38,7.38,0
DHD,2019-04-03,7.38,7.38,7.38,7.38,0
DHD,2019-04-04,7.38,7.38,7.38,7.38,0
DHD,2019-04-05,7.18,7.18,7.18,7.18,700
DHD,2019-04-08,7.16,7.16,6.58,6.58,2100
DHD,2019-04-09,6.62,6.68,6.6,6.68,3700
DHD,2019-04-10,6.68,6.98,6.68,6.98,9300
DHD,2019-04-11,6.78,6.78,6.78,6.78,100
DHD,2019-04-12,6.82,6.84,6.82,6.84,1100
DHD,2019-04-16,6.82,6.82,6.82,6.82,1100
DHD,2019-04-17,6.82,6.82,6.82,6.82,900
DHD,2019-04-18,6.82,6.82,6.82,6.82,1000
DHD,2019-04-19,6.8,6.82,6.8,6.82,1900
DHD,2019-04-22,6.82,6.82,6.82,6.82,0
DHD,2019-04-23,6.82,6.82,6.82,6.82,0
DHD,2019-04-24,6.82,6.82,6.82,6.82,0
DHD,2019-04-25,6.78,6.78,6.78,6.78,500
DHD,2019-04-26,6.76,6.78,6.76,6.78,5100
DHD,2019-05-02,6.78,6.78,6.78,6.78,3500
DHD,2019-05-03,6.78,6.78,6.78,6.78,0
DHD,2019-05-06,6.78,6.78,6.78,6.78,0
DHD,2019-05-07,6.78,6.78,6.78,6.78,1500
DHD,2019-05-08,6.08,6.08,6.08,6.08,100
DHD,2019-05-09,6.08,6.08,6.08,6.08,0
DHD,2019-05-10,6.08,6.08,6.08,6.08,0
DHD,2019-05-13,6.08,6.08,6.08,6.08,0
DHD,2019-05-14,5.8,5.8,5.8,5.8,100
DHD,2019-05-15,5.8,5.8,5.8,5.8,100
DHD,2019-05-16,5.8,5.8,5.8,5.8,0
DHD,2019-05-17,6.64,6.66,6.64,6.64,1300
DHD,2019-05-20,6.64,6.64,6.64,6.64,0
DHD,2019-05-21,5.92,5.92,5.92,5.92,100
DHD,2019-05-22,5.92,5.92,5.92,5.92,0
DHD,2019-05-23,5.92,6.07,6.07,6.07,0
DHD,2019-05-24,5.92,6.07,6.07,6.07,0
DHD,2019-05-27,6.53,6.53,6.53,6.53,1100
DHD,2019-05-28,6.53,6.53,6.53,6.53,0
DHD,2019-05-29,6.53,6.53,6.53,6.53,0
DHD,2019-05-30,6.53,6.53,6.53,6.53,0
DHD,2019-05-31,6.74,6.74,6.74,6.74,100
DHD,2019-06-03,6.74,6.74,6.74,6.74,0
DHD,2019-06-04,6.74,6.74,6.74,6.74,0
DHD,2019-06-05,6.74,6.74,6.74,6.74,0
DHD,2019-06-06,6.74,6.74,6.74,6.74,0
DHD,2019-06-07,6.74,6.74,6.74,6.74,0
DHD,2019-06-10,6.74,6.74,6.74,6.74,0
DHD,2019-06-11,6.74,6.74,6.74,6.74,0
DHD,2019-06-12,6.74,6.74,6.74,6.74,0
DHD,2019-06-13,6.74,6.74,6.74,6.74,0
DHD,2019-06-14,6.74,6.74,6.74,6.74,0
DHD,2019-06-17,6.74,6.74,6.74,6.74,0
DHD,2019-06-18,6.74,6.74,6.74,6.74,200
DHD,2019-06-19,6.74,6.74,6.74,6.74,0
DHD,2019-06-20,6.74,6.74,6.74,6.74,0
DHD,2019-06-21,6.74,6.74,6.74,6.74,0
DHD,2019-06-24,6.74,6.74,6.74,6.74,0
DHD,2019-06-25,6.74,6.74,6.74,6.74,0
DHD,2019-06-26,6.74,6.74,6.74,6.74,0
DHD,2019-06-27,6.74,6.74,6.74,6.74,0
DHD,2019-06-28,6.94,6.94,6.94,6.94,1100
DHD,2019-07-01,6.94,6.94,6.94,6.94,0
DHD,2019-07-02,6.94,6.94,6.94,6.94,0
DHD,2019-07-03,6.94,6.94,6.94,6.94,0
DHD,2019-07-04,6.94,6.94,6.94,6.94,0
DHD,2019-07-05,6.94,6.94,6.94,6.94,0
DHD,2019-07-08,6.53,6.53,6.53,6.53,100
DHD,2019-07-09,6.53,6.53,6.53,6.53,0
DHD,2019-07-10,6.53,6.53,6.53,6.53,0
DHD,2019-07-11,6.53,6.53,6.53,6.53,0
DHD,2019-07-12,6.53,6.53,6.53,6.53,0
DHD,2019-07-15,6.53,6.53,6.53,6.53,0
DHD,2019-07-16,6.53,6.53,6.53,6.53,0
DHD,2019-07-17,6.53,6.53,6.53,6.53,0
DHD,2019-07-18,6.53,6.53,6.53,6.53,0
DHD,2019-07-19,6.13,6.74,6.13,6.74,26500
DHD,2019-07-22,6.15,6.74,6.74,6.74,0
DHD,2019-07-23,6.13,6.13,6.13,6.13,100
DHD,2019-07-24,6.13,6.13,6.13,6.13,0
DHD,2019-07-25,6.13,6.13,6.13,6.13,0
DHD,2019-07-26,6.13,6.13,6.13,6.13,0
DHD,2019-07-29,6.13,6.13,6.13,6.13,0
DHD,2019-07-30,6.51,6.51,6.51,6.51,1000
DHD,2019-07-31,6.51,6.51,6.51,6.51,0
DHD,2019-08-01,6.51,6.51,6.51,6.51,0
DHD,2019-08-02,6.51,6.51,6.51,6.51,0
DHD,2019-08-05,6.13,6.15,6.13,6.15,400
DHD,2019-08-06,6.13,6.15,6.15,6.15,0
DHD,2019-08-07,6.13,6.15,6.15,6.15,0
DHD,2019-08-08,6.53,6.53,6.51,6.51,300
DHD,2019-08-09,6.53,6.53,6.53,6.51,50
DHD,2019-08-12,6.17,6.17,6.15,6.15,200
DHD,2019-08-13,6.74,6.74,6.74,6.74,400
DHD,2019-08-14,6.74,6.74,6.74,6.74,0
DHD,2019-08-15,6.13,6.15,6.13,6.15,300
DHD,2019-08-16,6.15,6.15,6.15,6.15,0
DHD,2019-08-19,6.15,6.15,6.13,6.13,700
DHD,2019-08-20,6.13,6.13,6.13,6.13,0
DHD,2019-08-21,6.13,6.13,6.13,6.13,0
DHD,2019-08-22,6.13,6.13,6.13,6.13,0
DHD,2019-08-23,6.31,6.33,6.31,6.33,1200
DHD,2019-08-26,6.33,6.33,6.33,6.33,0
DHD,2019-08-27,6.33,6.33,6.33,6.33,0
DHD,2019-08-28,6.31,6.31,6.31,6.31,100
DHD,2019-08-29,6.31,6.31,6.31,6.31,0
DHD,2019-08-30,6.31,6.31,6.31,6.31,0
DHD,2019-09-03,6.31,6.31,6.31,6.31,40
DHD,2019-09-04,5.62,5.62,5.62,5.62,100
DHD,2019-09-05,5.62,5.62,5.62,5.62,0
DHD,2019-09-06,5.62,5.62,5.62,5.62,0
DHD,2019-09-09,6.13,6.13,6.13,6.13,510
DHD,2019-09-10,6.13,6.13,6.13,6.13,0
DHD,2019-09-11,6.13,6.13,6.13,6.13,0
DHD,2019-09-12,6.13,6.33,6.13,6.33,2200
DHD,2019-09-13,6.33,6.33,6.33,6.33,100
DHD,2019-09-16,6.33,6.33,6.33,6.33,0
DHD,2019-09-17,6.33,6.33,6.31,6.31,1100
DHD,2019-09-18,6.33,6.31,6.31,6.31,0
DHD,2019-09-19,6.33,6.31,6.31,6.31,0
DHD,2019-09-20,6.33,6.31,6.31,6.31,0
DHD,2019-09-23,6.02,6.02,6.02,6.02,1000
DHD,2019-09-24,6.02,6.02,6.02,6.02,0
DHD,2019-09-25,6.02,6.02,6.02,6.02,0
DHD,2019-09-26,6.02,6.02,6.02,6.02,200
DHD,2019-09-27,6.02,6.02,6.02,6.02,0
DHD,2019-09-30,6.02,6.02,6.02,6.02,0
DHD,2019-10-01,6.02,6.02,6.02,6.02,0
DHD,2019-10-02,6.13,6.13,6.13,6.13,1000
DHD,2019-10-03,6.13,6.13,6.13,6.13,200
DHD,2019-10-04,6.13,6.13,6.13,6.13,5
DHD,2019-10-07,6.13,6.13,6.13,6.13,10
DHD,2019-10-08,6.13,6.13,6.13,6.13,35
DHD,2019-10-09,6.13,6.13,6.13,6.13,0
DHD,2019-10-10,6.13,6.13,6.13,6.13,0
DHD,2019-10-11,6.13,6.13,6.13,6.13,0
DHD,2019-10-14,6.13,6.13,6.13,6.13,0
DHD,2019-10-15,6.13,6.13,6.13,6.13,0
DHD,2019-10-16,6.13,6.13,6.13,6.13,0
DHD,2019-10-17,6.13,6.13,6.13,6.13,0
DHD,2019-10-18,6.13,6.13,6.13,6.13,10
DHD,2019-10-21,6.13,6.13,6.13,6.13,20
DHD,2019-10-22,5.92,5.92,5.92,5.92,500
DHD,2019-10-23,5.92,5.92,5.92,5.92,0
DHD,2019-10-24,5.92,5.92,5.92,5.92,0
DHD,2019-10-25,5.92,5.92,5.92,5.92,0
DHD,2019-10-28,5.92,5.92,5.92,5.92,0
DHD,2019-10-29,5.92,5.92,5.92,5.92,0
DHD,2019-10-30,5.92,5.92,5.92,5.92,0
DHD,2019-10-31,5.92,5.92,5.92,5.92,0
DHD,2019-11-01,5.92,5.92,5.92,5.92,0
DHD,2019-11-04,5.92,5.92,5.92,5.92,5
DHD,2019-11-05,5.92,5.92,5.92,5.92,0
DHD,2019-11-06,5.92,5.92,5.92,5.92,0
DHD,2019-11-07,5.92,5.92,5.92,5.92,0
DHD,2019-11-08,5.92,5.92,5.92,5.92,0
DHD,2019-11-11,5.92,5.92,5.92,5.92,0
DHD,2019-11-12,5.92,5.92,5.92,5.92,0
DHD,2019-11-13,5.92,5.92,5.92,5.92,0
DHD,2019-11-14,5.92,5.92,5.92,5.92,0
DHD,2019-11-15,6.13,6.13,6.13,6.13,205
DHD,2019-11-18,6.13,6.13,6.13,6.13,0
DHD,2019-11-19,6.13,6.13,6.13,6.13,0
DHD,2019-11-20,6.13,6.13,6.13,6.13,0
DHD,2019-11-21,6.13,6.13,6.13,6.13,0
DHD,2019-11-22,6.13,6.13,6.13,6.13,0
DHD,2019-11-25,6.13,6.13,6.13,6.13,0
DHD,2019-11-26,6.13,6.13,6.13,6.13,0
DHD,2019-11-27,6.13,6.13,6.13,6.13,0
DHD,2019-11-28,6.13,6.13,6.13,6.13,0
DHD,2019-11-29,5.51,5.51,5.51,5.51,200
DHD,2019-12-02,6.13,6.13,6.13,5.51,200
DHD,2019-12-03,5.51,6.13,6.13,6.13,0
DHD,2019-12-04,5.51,6.13,6.13,6.13,0
DHD,2019-12-05,5.51,6.13,6.13,6.13,0
DHD,2019-12-06,5.51,6.13,6.13,6.13,0
DHD,2019-12-09,6.13,6.13,6.13,6.13,100
DHD,2019-12-10,6.13,6.13,6.13,6.13,0
DHD,2019-12-11,6.02,6.02,6.02,6.02,1000
DHD,2019-12-12,6.02,6.02,6.02,6.02,0
DHD,2019-12-13,6.02,6.02,6.02,6.02,100
DHD,2019-12-16,6.02,6.02,6.02,6.02,0
DHD,2019-12-17,6.02,6.02,6.02,6.02,0
DHD,2019-12-18,6.02,6.02,6.02,6.02,0
DHD,2019-12-19,6.02,6.02,6.02,6.02,0
DHD,2019-12-20,6.02,6.02,6.02,6.02,0
DHD,2019-12-23,6.02,6.02,6.02,6.02,0
DHD,2019-12-24,6.02,6.02,6.02,6.02,0
DHD,2019-12-25,6.02,6.02,6.02,6.02,0
DHD,2019-12-26,6.02,6.02,6.02,6.02,0
DHD,2019-12-27,6.02,6.02,6.02,6.02,0
DHD,2019-12-30,6.02,6.02,6.02,6.02,0
DHD,2019-12-31,6.02,6.02,6.02,6.02,0
DHD,2020-01-02,6.02,6.02,6.02,6.02,0
DHD,2020-01-03,6.02,6.02,6.02,6.02,0
DHD,2020-01-06,6.02,6.02,6.02,6.02,0
DHD,2020-01-07,6.02,6.02,6.02,6.02,0
DHD,2020-01-08,6.02,6.02,6.02,6.02,0
DHD,2020-01-09,6.02,6.02,6.02,6.02,0
DHD,2020-01-10,6.02,6.02,6.02,6.02,0
DHD,2020-01-13,5.72,5.72,5.72,5.72,200
DHD,2020-01-14,5.72,5.72,5.72,5.72,0
DHD,2020-01-15,5.72,5.72,5.72,5.72,0
DHD,2020-01-16,5.72,5.72,5.72,5.72,0
DHD,2020-01-17,5.72,5.72,5.72,5.72,0
DHD,2020-01-20,5.31,5.31,5.31,5.31,3500
DHD,2020-01-21,4.9,4.9,4.9,4.9,2000
DHD,2020-01-22,4.9,4.9,4.9,4.9,0
DHD,2020-01-30,4.9,4.9,4.9,4.9,0
DHD,2020-01-31,5.51,5.6,5.51,5.6,600
DHD,2020-02-03,5.47,5.49,5.47,5.49,2700
DHD,2020-02-04,5.33,5.47,5.33,5.47,1110
DHD,2020-02-05,5.45,5.47,5.47,5.47,0
DHD,2020-02-06,5.45,5.47,5.47,5.47,0
DHD,2020-02-07,5.45,5.47,5.47,5.47,0
DHD,2020-02-10,5.45,5.47,5.47,5.47,0
DHD,2020-02-11,5.21,5.21,5.21,5.21,900
DHD,2020-02-12,5.21,5.21,5.21,5.21,0
DHD,2020-02-13,5.21,5.21,5.21,5.21,0
DHD,2020-02-14,5.21,5.21,5.21,5.21,0
DHD,2020-02-17,5.21,5.21,5.21,5.21,1000
DHD,2020-02-18,5.21,5.21,5.21,5.21,0
DHD,2020-02-19,5.21,5.21,5.21,5.21,0
DHD,2020-02-20,5.31,5.31,5.31,5.31,500
DHD,2020-02-21,5.31,5.31,5.31,5.31,0
DHD,2020-02-24,5.31,5.31,5.31,5.31,200
DHD,2020-02-25,5.31,5.31,5.31,5.31,2700
DHD,2020-02-26,5.31,5.31,5.31,5.31,100
DHD,2020-02-27,5.31,5.31,5.31,5.31,0
DHD,2020-02-28,5.31,5.31,5.31,5.31,1000
DHD,2020-03-02,5.31,5.31,5.31,5.31,1000
DHD,2020-03-03,4.92,4.92,4.92,4.92,100
DHD,2020-03-04,4.92,4.92,4.92,4.92,0
DHD,2020-03-05,4.92,4.92,4.92,4.92,0
DHD,2020-03-06,5.0,5.0,5.0,5.0,1000
DHD,2020-03-09,5.29,5.29,5.29,5.29,1000
DHD,2020-03-10,5.29,5.29,5.29,5.29,0
DHD,2020-03-11,5.29,5.29,5.29,5.29,1010
DHD,2020-03-12,5.29,5.29,5.29,5.29,10
DHD,2020-03-13,5.29,5.29,5.29,5.29,0
DHD,2020-03-16,5.29,5.29,5.29,5.29,0
DHD,2020-03-17,5.29,5.29,5.29,5.29,600
DHD,2020-03-18,5.41,5.41,5.41,5.41,1100
DHD,2020-03-19,5.41,5.41,5.41,5.41,0
DHD,2020-03-20,5.43,5.43,5.43,5.43,2030
DHD,2020-03-23,5.43,5.43,5.43,5.43,0
DHD,2020-03-24,5.43,5.43,5.43,5.43,0
DHD,2020-03-25,5.43,5.43,5.43,5.43,0
DHD,2020-03-26,5.43,5.43,5.43,5.43,0
DHD,2020-03-27,5.43,5.43,5.43,5.43,500
DHD,2020-03-30,6.23,6.23,6.23,6.23,1110
DHD,2020-03-31,6.23,6.23,6.23,6.23,0
DHD,2020-04-01,7.15,7.15,7.15,7.15,100
DHD,2020-04-03,7.15,7.15,7.15,7.15,0
DHD,2020-04-06,7.15,7.15,7.15,7.15,0
DHD,2020-04-07,7.15,7.15,7.15,7.15,0
DHD,2020-04-08,6.09,6.09,6.09,6.09,1620
DHD,2020-04-09,6.09,6.09,6.09,6.09,6400
DHD,2020-04-10,6.09,6.09,6.09,6.09,3400
DHD,2020-04-13,6.96,6.96,6.96,6.96,100
DHD,2020-04-14,6.96,6.96,6.96,6.96,0
DHD,2020-04-15,6.96,6.96,6.96,6.96,0
DHD,2020-04-16,6.74,6.94,6.74,6.94,3500
DHD,2020-04-17,6.74,6.74,6.74,6.74,4100
DHD,2020-04-20,6.74,6.74,6.74,6.74,0
DHD,2020-04-21,7.74,7.74,6.94,7.15,1300
DHD,2020-04-22,7.13,7.15,7.13,7.15,600
DHD,2020-04-23,8.18,8.18,8.18,8.18,100
DHD,2020-04-24,8.18,8.18,8.18,8.18,0
DHD,2020-04-27,8.18,8.18,8.18,8.18,0
DHD,2020-04-28,8.18,8.18,8.18,8.18,0
DHD,2020-04-29,8.18,8.18,8.18,8.18,0
DHD,2020-05-04,8.18,8.18,8.18,8.18,0
DHD,2020-05-05,8.18,8.18,8.18,8.18,0
DHD,2020-05-06,8.18,8.18,8.18,8.18,0
DHD,2020-05-07,8.18,8.18,8.18,8.18,0
DHD,2020-05-08,8.18,8.18,8.18,8.18,0
DHD,2020-05-11,8.18,8.18,8.18,8.18,0
DHD,2020-05-12,8.18,8.18,8.18,8.18,0
DHD,2020-05-13,6.99,6.99,6.99,6.99,100
DHD,2020-05-14,6.99,6.99,6.99,6.99,0
DHD,2020-05-15,6.99,6.99,6.99,6.99,0
DHD,2020-05-18,6.99,6.99,6.99,6.99,0
DHD,2020-05-19,6.99,6.99,6.99,6.99,0
DHD,2020-05-20,6.09,6.09,6.09,6.09,100
DHD,2020-05-21,6.09,6.09,6.09,6.09,0
DHD,2020-05-22,6.09,6.09,6.09,6.09,0
DHD,2020-05-25,5.18,5.18,5.18,5.18,1000
DHD,2020-05-26,5.18,5.18,5.18,5.18,0
DHD,2020-05-27,5.18,5.18,5.18,5.18,0
DHD,2020-05-28,5.83,5.83,5.83,5.83,1600
DHD,2020-05-29,5.83,5.83,5.83,5.83,0
DHD,2020-06-01,5.83,5.83,5.83,5.83,0
DHD,2020-06-02,5.83,5.83,5.83,5.83,0
DHD,2020-06-03,5.83,5.83,5.83,5.83,0
DHD,2020-06-04,5.83,5.83,5.83,5.83,0
DHD,2020-06-05,5.83,5.83,5.83,5.83,0
DHD,2020-06-08,5.83,5.83,5.83,5.83,10
DHD,2020-06-09,5.83,5.83,5.83,5.83,0
DHD,2020-06-10,5.83,5.83,5.83,5.83,0
DHD,2020-06-11,5.83,5.83,5.83,5.83,0
DHD,2020-06-12,5.96,5.96,5.96,5.96,200
DHD,2020-06-15,5.96,5.96,5.96,5.96,0
DHD,2020-06-16,5.96,5.96,5.96,5.96,0
DHD,2020-06-17,5.96,5.96,5.96,5.96,0
DHD,2020-06-18,5.96,5.96,5.96,5.96,0
DHD,2020-06-19,5.96,5.96,5.96,5.96,0
DHD,2020-06-22,5.96,5.96,5.96,5.96,0
DHD,2020-06-23,5.96,5.96,5.96,5.96,0
DHD,2020-06-24,5.96,5.96,5.96,5.96,0
DHD,2020-06-25,5.96,5.96,5.96,5.96,0
DHD,2020-06-26,5.96,5.96,5.96,5.96,0
DHD,2020-06-29,5.96,5.96,5.96,5.96,0
DHD,2020-06-30,5.96,5.96,5.96,5.96,0
DHD,2020-07-01,5.96,5.96,5.96,5.96,0
DHD,2020-07-02,5.96,5.96,5.96,5.96,0
DHD,2020-07-03,5.96,5.96,5.96,5.96,0
DHD,2020-07-06,5.44,5.44,5.44,5.44,300
DHD,2020-07-07,5.44,5.44,5.44,5.44,0
DHD,2020-07-08,5.44,5.44,5.44,5.44,0
DHD,2020-07-09,5.44,5.44,5.44,5.44,0
DHD,2020-07-10,5.44,5.44,5.44,5.44,0
DHD,2020-07-13,5.44,5.44,5.44,5.44,0
DHD,2020-07-14,6.21,6.21,6.21,6.21,310
DHD,2020-07-15,6.21,6.21,6.21,6.21,0
DHD,2020-07-16,6.21,6.21,6.21,6.21,0
DHD,2020-07-17,5.96,5.96,5.96,5.96,200
DHD,2020-07-20,5.96,5.96,5.96,5.96,0
DHD,2020-07-21,5.96,5.96,5.96,5.96,0
DHD,2020-07-22,5.96,5.96,5.96,5.96,90
DHD,2020-07-23,5.96,5.96,5.96,5.96,0
DHD,2020-07-24,5.96,5.96,5.96,5.96,0
DHD,2020-07-27,5.08,5.08,5.08,5.08,100
DHD,2020-07-28,5.08,5.08,5.08,5.08,0
DHD,2020-07-29,5.08,5.08,5.08,5.08,0
DHD,2020-07-30,5.08,5.08,5.08,5.08,0
DHD,2020-07-31,5.08,5.08,5.08,5.08,0
DHD,2020-08-03,5.08,5.08,5.08,5.08,0
DHD,2020-08-04,5.08,5.08,5.08,5.08,0
DHD,2020-08-05,5.7,5.7,5.7,5.7,1000
DHD,2020-08-06,5.7,5.7,5.7,5.7,0
DHD,2020-08-07,5.7,5.7,5.7,5.7,0
DHD,2020-08-10,5.7,5.7,5.7,5.7,0
DHD,2020-08-11,5.7,5.7,5.7,5.7,0
DHD,2020-08-12,5.7,5.7,5.7,5.7,2000
DHD,2020-08-13,5.7,5.7,5.7,5.7,0
DHD,2020-08-14,5.7,5.7,5.7,5.7,0
DHD,2020-08-17,5.7,5.7,5.7,5.7,1700
DHD,2020-08-18,5.7,5.96,5.7,5.96,4280
DHD,2020-08-19,5.96,6.01,5.96,6.01,5420
DHD,2020-08-20,6.01,6.01,6.01,6.01,3962
DHD,2020-08-21,6.03,6.03,6.03,6.03,2500
DHD,2020-08-24,5.88,6.03,5.88,6.03,6010
DHD,2020-08-25,5.96,6.01,5.59,6.01,2410
DHD,2020-08-26,5.96,6.01,5.96,6.01,2400
DHD,2020-08-27,6.86,6.86,6.84,6.84,501
DHD,2020-08-28,6.84,6.84,6.84,6.84,10
DHD,2020-08-31,6.84,6.84,6.84,6.84,9
DHD,2020-09-01,5.9,5.96,5.83,5.96,500
DHD,2020-09-03,5.88,5.96,5.96,5.96,0
DHD,2020-09-04,6.21,6.21,6.21,6.21,300
DHD,2020-09-07,6.21,6.21,6.21,6.21,300
DHD,2020-09-08,6.21,6.21,6.21,6.21,0
DHD,2020-09-09,6.21,6.21,6.21,6.21,0
DHD,2020-09-10,6.21,6.21,6.21,6.21,0
DHD,2020-09-11,6.21,6.21,6.21,6.21,1200
DHD,2020-09-14,5.96,5.96,5.9,5.96,1080
DHD,2020-09-15,5.96,5.96,5.96,5.96,600
DHD,2020-09-16,5.83,5.83,5.7,5.7,1500
DHD,2020-09-17,5.75,5.83,5.75,5.83,2971
DHD,2020-09-18,6.6,6.6,6.6,6.6,100
DHD,2020-09-21,5.85,5.85,5.85,5.85,300
DHD,2020-09-22,5.85,5.85,5.85,5.85,0
DHD,2020-09-23,5.85,5.85,5.85,5.85,0
DHD,2020-09-24,5.85,5.85,5.85,5.85,0
DHD,2020-09-25,5.85,5.85,5.85,5.85,0
DHD,2020-09-28,6.16,6.16,6.16,6.16,100
DHD,2020-09-29,6.16,6.16,6.16,6.16,0
DHD,2020-09-30,6.16,6.16,6.16,6.16,0
DHD,2020-10-01,6.03,6.03,5.96,5.96,200
DHD,2020-10-02,6.01,5.96,5.96,5.96,0
DHD,2020-10-05,6.01,5.96,5.96,5.96,0
DHD,2020-10-06,6.01,5.96,5.96,5.96,0
DHD,2020-10-07,6.81,6.81,6.81,6.81,100
DHD,2020-10-08,5.88,5.96,5.88,5.96,600
DHD,2020-10-09,5.93,5.96,5.96,5.96,0
DHD,2020-10-12,6.81,6.81,6.81,6.81,100
DHD,2020-10-13,6.81,6.81,6.81,6.81,0
DHD,2020-10-14,6.81,6.81,6.81,6.81,0
DHD,2020-10-15,5.96,5.96,5.96,5.96,600
DHD,2020-10-16,5.96,5.96,5.96,5.96,1200
DHD,2020-10-19,5.96,5.96,5.96,5.96,0
DHD,2020-10-20,5.96,5.96,5.96,5.96,0
DHD,2020-10-21,5.96,5.96,5.96,5.96,0
DHD,2020-10-22,5.96,5.96,5.96,5.96,0
DHD,2020-10-23,5.96,5.96,5.96,5.96,0
DHD,2020-10-26,5.96,5.96,5.96,5.96,0
DHD,2020-10-27,5.62,5.62,5.62,5.62,100
DHD,2020-10-28,5.62,5.62,5.62,5.62,600
DHD,2020-10-29,6.45,6.45,6.45,6.45,100
DHD,2020-10-30,6.45,6.45,6.45,6.45,0
DHD,2020-11-02,5.7,5.7,5.7,5.7,100
DHD,2020-11-03,5.7,5.7,5.7,5.7,0
DHD,2020-11-04,5.7,5.7,5.7,5.7,0
DHD,2020-11-05,6.55,6.55,6.55,6.55,100
DHD,2020-11-06,5.7,5.7,5.7,5.7,100
DHD,2020-11-09,5.7,5.7,5.7,5.7,0
DHD,2020-11-10,6.55,6.55,6.55,6.55,100
DHD,2020-11-11,6.55,6.55,6.55,6.55,0
DHD,2020-11-12,6.55,6.55,6.55,6.55,0
DHD,2020-11-13,6.55,6.55,6.55,6.55,0
DHD,2020-11-16,6.55,6.55,6.55,6.55,0
DHD,2020-11-17,6.55,6.55,6.55,6.55,0
DHD,2020-11-18,5.7,5.7,5.59,5.59,600
DHD,2020-11-19,6.45,6.45,6.45,6.45,100
DHD,2020-11-20,6.45,6.45,6.45,6.45,0
DHD,2020-11-23,6.45,6.45,6.45,6.45,0
DHD,2020-11-24,6.45,6.45,6.45,6.45,0
DHD,2020-11-25,6.45,6.45,6.45,6.45,0
DHD,2020-11-26,6.45,6.45,6.45,6.45,0
DHD,2020-11-27,6.45,6.45,6.45,6.45,0
DHD,2020-11-30,6.45,6.45,6.45,6.45,0
DHD,2020-12-01,6.45,6.45,6.45,6.45,0
DHD,2020-12-02,6.45,6.45,6.45,6.45,0
DHD,2020-12-03,6.45,6.45,6.45,6.45,0
DHD,2020-12-04,6.45,6.45,6.45,6.45,0
DHD,2020-12-07,6.45,6.45,6.45,6.45,0
DHD,2020-12-08,6.45,6.45,6.45,6.45,0
DHD,2020-12-09,6.45,6.45,6.45,6.45,0
DHD,2020-12-10,6.45,6.45,6.45,6.45,0
DHD,2020-12-11,6.45,6.45,6.45,6.45,0
DHD,2020-12-14,6.45,6.45,6.45,6.45,0
DHD,2020-12-15,6.42,6.42,6.42,6.42,2000
DHD,2020-12-16,6.42,6.42,6.21,6.42,2500
DHD,2020-12-17,6.32,6.42,6.32,6.42,2000
DHD,2020-12-18,6.32,6.32,6.32,6.32,600
DHD,2020-12-21,6.21,6.6,6.21,6.6,6000
DHD,2020-12-22,6.5,6.5,6.5,6.5,1350
DHD,2020-12-23,6.5,6.5,6.5,6.5,3400
DHD,2020-12-24,6.34,6.47,6.34,6.47,3000
DHD,2020-12-25,6.42,6.47,6.47,6.47,0
DHD,2020-12-28,7.38,7.38,6.99,6.99,2300
DHD,2020-12-29,7.12,6.99,6.99,6.99,0
DHD,2020-12-30,7.12,6.99,6.99,6.99,0
DHD,2020-12-31,7.12,6.99,6.99,6.99,0
DHD,2021-01-04,7.12,6.99,6.99,6.99,0
DHD,2021-01-05,8.18,8.18,8.18,8.18,100
DHD,2021-01-06,6.97,6.97,6.97,6.97,200
DHD,2021-01-07,6.97,6.97,6.97,6.97,1200
DHD,2021-01-08,6.97,6.97,6.97,6.97,0
DHD,2021-01-11,6.97,6.97,6.97,6.97,500
DHD,2021-01-12,6.97,6.97,6.97,6.97,0
DHD,2021-01-13,6.99,6.99,6.94,6.94,7000
DHD,2021-01-14,6.94,6.94,6.94,6.94,6000
DHD,2021-01-15,6.94,6.94,6.94,6.94,1600
DHD,2021-01-18,6.47,6.6,6.47,6.6,5500
DHD,2021-01-19,6.6,6.6,6.6,6.6,1000
DHD,2021-01-20,6.6,6.6,6.6,6.6,0
DHD,2021-01-21,7.59,7.59,7.12,7.12,200
DHD,2021-01-22,7.35,7.35,7.35,7.35,0
DHD,2021-01-25,6.6,6.6,6.6,6.6,1100
DHD,2021-01-26,6.99,6.99,6.47,6.47,5100
DHD,2021-01-27,6.34,6.34,6.34,6.34,3000
DHD,2021-01-28,6.34,6.34,6.34,6.34,2210
DHD,2021-01-29,6.34,6.42,6.34,6.42,6010
DHD,2021-02-01,6.99,6.99,6.99,6.99,100
DHD,2021-02-02,5.98,5.98,5.98,5.98,100
DHD,2021-02-03,6.84,6.86,5.33,6.86,3200
DHD,2021-02-04,7.61,7.61,7.61,7.61,103
DHD,2021-02-05,7.61,7.61,7.61,7.61,0
DHD,2021-02-08,6.97,6.97,6.97,6.97,200
DHD,2021-02-09,6.97,6.97,6.97,6.97,1300
DHD,2021-02-17,6.97,6.97,6.97,6.97,4
DHD,2021-02-18,6.97,6.97,6.94,6.94,700
DHD,2021-02-19,6.91,6.91,6.89,6.89,2000
DHD,2021-02-22,6.89,6.89,6.89,6.89,0
DHD,2021-02-23,6.89,6.89,6.89,6.89,0
DHD,2021-02-24,6.89,6.89,6.89,6.89,0
DHD,2021-02-25,6.89,6.89,6.89,6.89,0
DHD,2021-02-26,6.89,6.89,6.89,6.89,0
DHD,2021-03-01,6.53,6.53,6.53,6.53,400
DHD,2021-03-02,6.53,6.53,6.53,6.53,0
DHD,2021-03-03,6.53,6.53,6.53,6.53,0
DHD,2021-03-04,6.53,6.53,6.53,6.53,0
DHD,2021-03-05,6.53,6.53,6.53,6.53,0
DHD,2021-03-08,6.53,6.53,6.53,6.53,0
DHD,2021-03-09,6.53,6.53,6.53,6.53,0
DHD,2021-03-10,6.78,6.78,6.78,6.78,1000
DHD,2021-03-11,6.78,6.78,6.78,6.78,1000
DHD,2021-03-12,6.78,6.78,6.78,6.78,1300
DHD,2021-03-15,6.78,6.78,6.73,6.73,2300
DHD,2021-03-16,6.47,6.47,6.47,6.47,200
DHD,2021-03-17,6.47,6.47,6.47,6.47,0
DHD,2021-03-18,6.68,6.99,6.68,6.99,1700
DHD,2021-03-19,6.71,6.73,6.71,6.73,2600
DHD,2021-03-22,6.73,6.94,6.73,6.94,2600
DHD,2021-03-23,6.94,6.94,6.89,6.89,700
DHD,2021-03-24,6.91,6.91,6.91,6.89,100
DHD,2021-03-25,6.91,6.91,6.91,6.91,1087
DHD,2021-03-26,6.91,6.91,6.91,6.91,0
DHD,2021-03-29,6.91,6.91,6.73,6.73,800
DHD,2021-03-30,6.89,6.89,6.89,6.89,1900
DHD,2021-03-31,6.89,6.89,6.89,6.89,22600
DHD,2021-04-01,6.81,6.86,6.81,6.86,14019
DHD,2021-04-02,6.09,6.84,6.09,6.84,200
DHD,2021-04-05,6.81,6.81,6.68,6.81,45949
DHD,2021-04-06,6.81,6.81,6.81,6.81,10675
DHD,2021-04-07,6.97,6.97,6.97,6.97,300
DHD,2021-04-08,7.02,7.02,7.02,7.02,2800
DHD,2021-04-09,6.97,7.02,6.97,6.97,3900
DHD,2021-04-12,7.02,7.02,7.02,7.02,10500
DHD,2021-04-13,7.02,7.05,7.02,7.05,7270
DHD,2021-04-14,7.05,7.05,7.05,7.05,4000
DHD,2021-04-15,7.1,7.1,7.1,7.1,600
DHD,2021-04-16,8.14,8.14,7.05,7.05,3200
DHD,2021-04-19,7.08,7.15,7.08,7.15,8200
DHD,2021-04-20,8.19,8.19,7.15,7.15,600
DHD,2021-04-22,7.29,7.42,7.29,7.37,4100
DHD,2021-04-23,7.39,7.42,7.39,7.39,8101
DHD,2021-04-26,7.29,8.48,7.29,8.48,3000
DHD,2021-04-27,7.53,8.48,7.53,8.48,600
DHD,2021-04-28,7.95,8.48,8.48,8.48,0
DHD,2021-04-29,7.95,8.48,8.48,8.48,0
DHD,2021-05-04,9.14,9.14,8.48,8.48,723
DHD,2021-05-05,7.31,7.95,7.31,7.95,200
DHD,2021-05-06,7.63,7.95,7.95,7.95,0
DHD,2021-05-07,7.63,7.95,7.95,7.95,0
DHD,2021-05-10,8.74,8.74,8.74,8.74,100
DHD,2021-05-11,7.47,7.5,7.47,7.47,1513
DHD,2021-05-12,8.59,8.59,8.59,8.59,100
DHD,2021-05-13,7.37,7.82,7.37,7.37,1800
DHD,2021-05-14,7.39,7.39,7.39,7.39,2000
DHD,2021-05-17,7.39,7.39,7.39,7.39,300
DHD,2021-05-18,7.39,7.39,7.39,7.39,0
DHD,2021-05-19,7.39,7.39,7.02,7.39,2700
DHD,2021-05-20,7.08,7.08,7.02,7.02,2900
DHD,2021-05-21,7.08,7.08,7.08,7.08,2900
DHD,2021-05-24,7.08,7.08,6.89,6.92,13300
DHD,2021-05-25,7.05,7.05,7.05,7.05,1300
DHD,2021-05-26,7.05,7.08,7.05,7.08,1400
DHD,2021-05-27,7.39,7.39,7.37,7.39,1126
DHD,2021-05-28,7.39,7.55,7.39,7.42,1524
DHD,2021-05-31,7.39,7.39,7.39,7.39,2800
DHD,2021-06-01,7.39,7.53,7.39,7.45,5200
DHD,2021-06-02,8.49,8.49,8.46,8.46,1600
DHD,2021-06-03,8.46,8.46,8.46,8.46,0
DHD,2021-06-04,8.27,8.27,8.27,8.27,200
DHD,2021-06-07,8.27,8.27,8.27,8.27,100
DHD,2021-06-08,8.27,8.27,8.27,8.27,200
DHD,2021-06-09,8.27,8.27,8.27,8.27,1000
DHD,2021-06-10,8.27,8.27,8.27,8.27,0
DHD,2021-06-11,7.79,7.79,7.79,7.79,200
DHD,2021-06-14,7.63,7.63,7.63,7.63,5018
DHD,2021-06-15,7.63,7.63,7.63,7.63,1400
DHD,2021-06-16,7.63,7.63,7.63,7.63,7210
DHD,2021-06-17,7.63,7.63,7.63,7.63,4300
DHD,2021-06-18,7.63,7.63,7.63,7.63,0
DHD,2021-06-21,7.0,7.51,7.0,7.51,200
DHD,2021-06-22,7.25,7.51,7.51,7.51,0
DHD,2021-06-23,7.25,7.51,7.51,7.51,0
DHD,2021-06-24,7.16,7.16,7.16,7.16,410
DHD,2021-06-25,7.16,7.16,7.16,7.16,3400
DHD,2021-06-28,7.16,7.6,7.16,7.6,5500
DHD,2021-06-29,7.25,7.6,7.6,7.6,0
DHD,2021-06-30,8.3,8.3,7.12,7.12,15118
DHD,2021-07-01,7.12,7.12,7.12,7.12,10305
DHD,2021-07-02,8.14,8.14,7.31,7.31,200
DHD,2021-07-05,7.31,7.31,7.31,7.31,600
DHD,2021-07-06,8.36,8.36,8.36,8.36,103
DHD,2021-07-07,7.31,7.38,7.25,7.38,600
DHD,2021-07-08,7.38,7.38,7.0,7.0,200
DHD,2021-07-09,8.2,8.24,7.16,8.24,1400
DHD,2021-07-12,8.52,8.52,8.2,8.2,400
DHD,2021-07-13,7.09,7.95,7.09,7.95,900
DHD,2021-07-14,8.2,8.2,7.95,7.95,400
DHD,2021-07-15,8.01,7.95,7.95,7.95,0
DHD,2021-07-16,7.98,8.01,7.98,8.01,5100
DHD,2021-07-19,8.01,8.01,7.95,7.95,250
DHD,2021-07-20,6.87,6.87,6.87,6.87,100
DHD,2021-07-21,7.85,7.85,7.85,7.85,200
DHD,2021-07-22,7.85,7.85,7.85,7.85,3
DHD,2021-07-23,7.85,7.85,7.85,7.85,50
DHD,2021-07-26,7.85,7.85,7.85,7.85,0
DHD,2021-07-27,8.2,8.2,8.2,8.2,100
DHD,2021-07-28,7.31,7.31,7.31,7.31,118
DHD,2021-07-29,7.31,7.31,7.31,7.31,0
DHD,2021-07-30,7.95,7.95,7.95,7.95,200
DHD,2021-08-02,7.92,7.92,7.38,7.38,781
DHD,2021-08-03,7.6,7.38,7.38,7.38,0
DHD,2021-08-04,7.31,7.31,7.31,7.31,520
DHD,2021-08-05,7.31,7.31,7.31,7.31,620
DHD,2021-08-06,7.31,7.31,7.31,7.31,560
DHD,2021-08-09,7.31,7.31,7.31,7.31,1020
DHD,2021-08-10,8.11,8.11,7.95,7.95,959
DHD,2021-08-11,7.31,7.85,7.31,7.85,1340
DHD,2021-08-12,7.92,7.92,7.79,7.79,1120
DHD,2021-08-13,7.95,7.95,7.95,7.95,200
DHD,2021-08-16,7.95,7.95,7.95,7.95,0
DHD,2021-08-17,7.95,7.95,7.89,7.92,1500
DHD,2021-08-18,7.89,7.89,7.89,7.92,20
DHD,2021-08-19,7.89,7.95,7.89,7.95,3379
DHD,2021-08-20,7.85,7.85,7.85,7.85,200
DHD,2021-08-23,7.85,7.85,7.85,7.85,0
DHD,2021-08-24,7.85,7.85,7.85,7.85,21
DHD,2021-08-25,7.63,7.63,7.38,7.38,500
DHD,2021-08-26,7.47,7.47,7.47,7.47,1520
DHD,2021-08-27,7.47,8.27,7.47,7.95,16210
DHD,2021-08-30,7.95,8.59,7.89,8.59,33491
DHD,2021-08-31,8.78,9.22,8.78,8.9,18320
DHD,2021-09-01,8.9,8.9,8.27,8.59,4420
DHD,2021-09-06,8.59,8.59,8.05,8.2,14316
DHD,2021-09-07,9.06,9.06,8.11,8.17,14000
DHD,2021-09-08,8.01,8.36,8.01,8.36,6460
DHD,2021-09-09,8.33,8.33,8.11,8.11,7200
DHD,2021-09-10,8.11,8.2,7.89,7.89,6900
DHD,2021-09-13,8.87,8.87,8.17,8.17,240
DHD,2021-09-14,7.85,7.89,7.85,7.89,1200
DHD,2021-09-15,8.52,8.52,7.89,7.89,1300
DHD,2021-09-16,7.85,7.85,7.79,7.79,2300
DHD,2021-09-17,7.79,7.89,7.79,7.89,8950
DHD,2021-09-20,7.85,7.85,7.73,7.73,800
DHD,2021-09-21,7.63,7.63,7.63,7.63,414
DHD,2021-09-22,7.85,7.95,7.85,7.95,1430
DHD,2021-09-23,7.79,7.79,7.7,7.7,4460
DHD,2021-09-24,8.24,8.24,8.24,8.24,114
DHD,2021-09-27,8.24,8.24,8.24,8.24,40
DHD,2021-09-28,7.35,7.89,7.35,7.89,1300
DHD,2021-09-29,7.51,7.51,7.51,7.51,0
DHD,2021-09-30,7.63,7.63,7.63,7.63,1350
DHD,2021-10-01,7.63,7.63,7.44,7.47,3200
DHD,2021-10-04,7.51,7.51,7.51,7.51,132
DHD,2021-10-05,7.51,7.51,7.35,7.51,4700
DHD,2021-10-06,7.51,7.51,7.51,7.51,1984
DHD,2021-10-07,7.47,7.92,7.47,7.92,2900
DHD,2021-10-08,7.51,7.51,7.51,7.51,2303
DHD,2021-10-11,7.51,7.51,7.51,7.51,47
DHD,2021-10-12,7.89,7.89,7.89,7.89,603
DHD,2021-10-13,7.89,7.89,7.89,7.89,2000
DHD,2021-10-14,7.85,7.85,7.35,7.51,3426
DHD,2021-10-15,7.63,7.63,7.63,7.63,400
DHD,2021-10-18,7.66,7.66,7.63,7.63,600
DHD,2021-10-19,7.63,7.63,7.63,7.63,0
DHD,2021-10-20,7.63,7.63,7.63,7.63,2600
DHD,2021-10-21,7.31,7.51,7.31,7.51,900
DHD,2021-10-22,7.73,7.73,7.73,7.73,400
DHD,2021-10-25,7.76,7.76,7.76,7.76,200
DHD,2021-10-26,7.79,7.79,7.79,7.79,200
DHD,2021-10-27,7.54,7.54,7.54,7.54,500
DHD,2021-10-28,7.63,7.82,7.63,7.79,5900
DHD,2021-10-29,7.79,7.79,7.79,7.79,0
DHD,2021-11-01,7.79,7.79,7.79,7.79,1000
DHD,2021-11-02,7.79,7.79,7.79,7.79,500
DHD,2021-11-03,7.63,7.63,7.63,7.63,200
DHD,2021-11-04,7.63,7.63,7.63,7.63,0
DHD,2021-11-05,7.63,7.63,7.63,7.63,300
DHD,2021-11-08,7.63,7.63,7.47,7.47,500
DHD,2021-11-09,7.54,7.54,7.54,7.54,0
DHD,2021-11-10,7.57,7.57,7.57,7.57,4535
DHD,2021-11-11,7.63,7.63,7.6,7.6,300
DHD,2021-11-12,7.79,7.79,7.76,7.79,1500
DHD,2021-11-15,7.89,7.92,7.89,7.89,1400
DHD,2021-11-16,8.01,8.01,7.95,7.95,200
DHD,2021-11-17,7.31,7.85,7.31,7.63,11900
DHD,2021-11-18,7.54,7.54,7.54,7.54,0
DHD,2021-11-19,7.57,7.57,7.57,7.57,5235
DHD,2021-11-22,7.63,7.63,6.52,7.63,3500
DHD,2021-11-23,7.47,7.47,7.47,7.47,1000
DHD,2021-11-24,7.79,7.79,7.79,7.79,1000
DHD,2021-11-25,7.79,7.95,7.79,7.95,2645
DHD,2021-11-26,7.95,7.95,7.95,7.95,300
DHD,2021-11-29,7.95,8.01,7.92,8.01,2735
DHD,2021-11-30,7.98,7.98,7.98,7.98,110
DHD,2021-12-01,7.98,7.98,7.98,7.98,0
DHD,2021-12-02,7.95,7.95,7.95,7.95,100
DHD,2021-12-03,7.82,7.82,7.79,7.79,200
DHD,2021-12-06,7.66,7.7,7.66,7.7,3000
DHD,2021-12-07,7.7,7.7,7.7,7.7,3000
DHD,2021-12-08,7.63,7.7,7.63,7.7,1200
DHD,2021-12-09,7.63,7.63,7.63,7.63,100
DHD,2021-12-10,7.63,7.63,7.63,7.63,100
DHD,2021-12-13,7.31,7.95,7.31,7.95,2300
DHD,2021-12-14,7.79,7.85,7.79,7.85,527
DHD,2021-12-15,7.82,7.92,7.82,7.92,3201
DHD,2021-12-16,7.92,8.11,7.92,8.11,2115
DHD,2021-12-17,8.01,8.11,8.01,8.01,700
DHD,2021-12-20,8.01,8.01,8.01,8.01,0
DHD,2021-12-21,7.95,7.95,7.95,7.95,100
DHD,2021-12-22,7.92,8.11,7.89,8.11,3100
DHD,2021-12-23,7.95,8.01,7.95,8.01,5026
DHD,2021-12-24,7.98,8.01,7.98,8.01,1000
DHD,2021-12-27,8.01,8.01,8.01,8.01,44
DHD,2021-12-28,8.01,8.01,8.01,8.01,0
DHD,2021-12-29,8.01,8.01,8.01,8.01,13
DHD,2021-12-30,8.08,8.11,8.08,8.11,3500
DHD,2021-12-31,8.01,8.11,8.01,8.11,900
DHD,2022-01-04,8.11,8.27,8.11,8.27,700
DHD,2022-01-05,8.14,8.14,8.14,8.14,0
DHD,2022-01-06,7.95,8.43,7.95,8.43,700
DHD,2022-01-07,8.14,8.14,8.14,8.14,0
DHD,2022-01-10,8.14,8.14,8.14,8.14,0
DHD,2022-01-11,8.43,8.43,8.43,8.43,2000
DHD,2022-01-12,7.95,8.43,7.95,8.43,1100
DHD,2022-01-13,7.98,7.98,7.98,7.98,25
DHD,2022-01-14,7.98,7.98,7.98,7.98,0
DHD,2022-01-17,7.63,7.79,7.63,7.66,2100
DHD,2022-01-18,7.7,7.7,7.7,7.7,0
DHD,2022-01-19,7.7,7.7,7.7,7.7,0
DHD,2022-01-20,7.66,7.66,7.66,7.66,100
DHD,2022-01-21,7.63,7.63,7.63,7.63,5000
DHD,2022-01-24,7.63,7.63,7.63,7.63,10
DHD,2022-01-25,7.63,7.63,7.63,7.63,0
DHD,2022-01-26,7.63,7.63,7.63,7.63,0
DHD,2022-01-27,7.79,7.79,7.79,7.79,1500
DHD,2022-01-28,7.95,7.95,7.95,7.95,2000
DHD,2022-02-07,7.95,7.95,7.95,7.95,0
DHD,2022-02-08,7.95,8.11,7.95,8.11,15500
DHD,2022-02-09,8.11,8.11,8.11,8.11,2020
DHD,2022-02-10,8.14,8.14,8.11,8.11,12000
DHD,2022-02-11,8.11,8.11,8.11,8.11,5100
DHD,2022-02-14,8.11,8.11,8.11,8.11,200
DHD,2022-02-15,8.11,8.11,8.11,8.11,0
DHD,2022-02-16,8.11,8.11,8.11,8.11,50
DHD,2022-02-17,8.11,8.11,8.11,8.11,5000
DHD,2022-02-18,8.11,8.17,8.11,8.17,2100
DHD,2022-02-21,8.17,8.17,8.17,8.17,3722
DHD,2022-02-22,8.24,8.24,8.17,8.24,8400
DHD,2022-02-23,8.2,8.36,8.2,8.36,8600
DHD,2022-02-24,8.43,8.43,8.27,8.36,6000
DHD,2022-02-25,8.46,8.46,8.46,8.46,2100
DHD,2022-02-28,8.46,8.46,8.46,8.46,0
DHD,2022-03-01,8.46,8.46,8.46,8.46,10000
DHD,2022-03-02,8.46,8.46,8.46,8.46,0
DHD,2022-03-03,8.46,8.46,8.46,8.46,0
DHD,2022-03-04,8.46,8.46,8.46,8.46,0
DHD,2022-03-07,8.46,8.46,8.46,8.46,2300
DHD,2022-03-08,8.49,8.49,8.46,8.46,2400
DHD,2022-03-09,8.46,8.46,8.46,8.46,0
DHD,2022-03-10,8.46,8.46,8.46,8.46,0
DHD,2022-03-11,8.46,8.46,8.46,8.46,0
DHD,2022-03-14,8.46,8.46,8.46,8.46,2335
DHD,2022-03-15,8.46,8.46,8.46,8.46,0
DHD,2022-03-16,8.46,8.46,8.46,8.46,0
DHD,2022-03-17,8.46,8.46,8.46,8.46,0
DHD,2022-03-18,8.46,8.46,8.46,8.46,0
DHD,2022-03-21,8.46,8.46,8.46,8.46,0
DHD,2022-03-22,8.46,8.49,8.46,8.49,2100
DHD,2022-03-23,8.46,8.46,8.46,8.46,0
DHD,2022-03-24,8.46,8.46,8.46,8.46,0
DHD,2022-03-25,8.46,8.46,8.46,8.46,0
DHD,2022-03-28,8.46,8.46,8.46,8.46,0
DHD,2022-03-29,8.46,8.46,8.46,8.46,100
DHD,2022-03-30,8.46,8.46,8.46,8.46,0
DHD,2022-03-31,8.46,8.46,8.46,8.46,0
DHD,2022-04-01,8.49,8.49,8.49,8.49,3000
DHD,2022-04-04,8.49,8.49,8.49,8.49,0
DHD,2022-04-05,8.52,8.52,8.49,8.49,2400
DHD,2022-04-06,8.49,8.49,8.49,8.49,0
DHD,2022-04-07,8.49,8.49,8.49,8.49,0
DHD,2022-04-08,8.52,8.52,7.22,8.49,9016
DHD,2022-04-12,8.49,8.49,8.49,8.49,3000
DHD,2022-04-13,8.49,8.49,8.49,8.49,2000
DHD,2022-04-14,9.19,9.19,9.19,9.19,100
DHD,2022-04-15,9.19,9.19,8.59,8.59,2200
DHD,2022-04-18,8.62,8.65,8.62,8.65,200
DHD,2022-04-19,8.65,8.65,8.59,8.59,300
DHD,2022-04-20,8.62,8.62,8.62,8.62,0
DHD,2022-04-21,8.62,8.62,8.62,8.62,0
DHD,2022-04-22,8.62,8.62,8.62,8.62,0
DHD,2022-04-25,7.79,7.79,7.47,7.47,1800
DHD,2022-04-26,7.51,7.51,7.51,7.51,0
DHD,2022-04-27,8.62,8.62,8.59,8.62,1749
DHD,2022-04-28,8.62,8.75,8.62,8.75,400
DHD,2022-04-29,8.68,8.71,8.68,8.68,3300
DHD,2022-05-04,7.79,7.79,7.63,7.63,200
DHD,2022-05-05,7.73,7.73,7.73,7.73,0
DHD,2022-05-06,7.95,7.95,7.95,7.95,1000
DHD,2022-05-09,7.95,7.95,7.95,7.95,900
DHD,2022-05-10,7.95,7.95,7.95,7.95,1100
DHD,2022-05-11,7.98,7.98,7.98,7.98,110
DHD,2022-05-12,8.3,8.3,8.3,8.3,400
DHD,2022-05-13,7.95,7.95,7.95,7.95,400
DHD,2022-05-16,7.95,7.95,7.95,7.95,1135
DHD,2022-05-17,7.95,7.95,7.95,7.95,60
DHD,2022-05-18,7.95,7.95,7.95,7.95,0
DHD,2022-05-19,9.1,9.1,7.95,7.95,377
DHD,2022-05-20,8.71,8.71,8.71,8.71,0
DHD,2022-05-23,8.71,8.71,8.71,8.71,0
DHD,2022-05-24,8.71,8.71,8.71,8.71,50
DHD,2022-05-25,8.71,8.71,8.71,8.71,0
DHD,2022-05-26,8.75,8.75,8.75,8.75,1100
DHD,2022-05-27,8.75,8.75,8.75,8.75,100
DHD,2022-05-30,8.75,8.75,8.75,8.75,2500
DHD,2022-05-31,8.43,10.02,8.3,10.02,1500
DHD,2022-06-01,8.43,8.59,8.33,8.59,1300
DHD,2022-06-02,8.59,8.59,8.59,8.59,1800
DHD,2022-06-03,8.59,8.59,8.59,8.59,1000
DHD,2022-06-06,9.51,9.51,9.51,9.51,100
DHD,2022-06-07,8.49,8.81,8.49,8.78,2500
DHD,2022-06-08,9.79,9.79,8.81,8.9,10100
DHD,2022-06-09,8.9,8.9,8.9,8.9,4400
DHD,2022-06-10,8.9,8.9,8.9,8.9,5000
DHD,2022-06-13,8.9,8.9,8.9,8.9,1500
DHD,2022-06-14,8.9,8.9,8.9,8.9,400
DHD,2022-06-15,8.9,8.9,8.9,8.9,0
DHD,2022-06-16,8.9,8.9,8.9,8.9,210
DHD,2022-06-17,8.9,8.9,8.9,8.9,500
DHD,2022-06-20,8.9,8.9,8.9,8.9,0
DHD,2022-06-21,8.9,8.9,8.9,8.9,100
DHD,2022-06-22,8.9,8.9,8.9,8.9,1000
DHD,2022-06-23,8.9,8.9,8.9,8.9,1000
DHD,2022-06-24,9.54,9.54,8.9,8.9,200
DHD,2022-06-27,8.9,8.94,8.9,8.94,2500
DHD,2022-06-28,8.9,8.9,8.9,8.9,300
DHD,2022-06-29,8.9,8.9,8.9,8.9,1000
DHD,2022-06-30,8.9,8.9,8.9,8.9,18
DHD,2022-07-01,8.9,8.9,8.9,8.9,0
DHD,2022-07-04,9.22,9.25,9.22,9.25,500
DHD,2022-07-05,9.25,9.25,9.25,9.25,0
DHD,2022-07-06,9.54,9.54,9.54,9.54,240
DHD,2022-07-07,9.54,9.54,9.54,9.54,0
DHD,2022-07-08,9.54,9.54,9.54,9.54,1000
DHD,2022-07-11,10.87,10.87,10.87,10.87,100
DHD,2022-07-12,10.87,10.87,10.87,10.87,0
DHD,2022-07-13,10.87,10.87,10.87,10.87,100
DHD,2022-07-14,10.87,10.87,10.87,10.87,1000
DHD,2022-07-15,10.87,10.87,10.87,10.87,0
DHD,2022-07-18,10.87,10.87,10.87,10.87,0
DHD,2022-07-19,10.87,10.87,10.87,10.87,0
DHD,2022-07-20,10.87,10.87,10.87,10.87,0
DHD,2022-07-21,10.87,10.87,10.87,10.87,10
DHD,2022-07-22,10.87,10.87,10.87,10.87,0
DHD,2022-07-25,10.87,10.87,10.87,10.87,0
DHD,2022-07-26,10.87,10.87,10.87,10.87,18
DHD,2022-07-27,10.87,10.87,10.87,10.87,0
DHD,2022-07-28,10.87,10.87,10.87,10.87,0
DHD,2022-07-29,10.87,10.87,10.87,10.87,0
DHD,2022-08-01,10.87,10.87,10.87,10.87,0
DHD,2022-08-02,10.87,10.87,10.87,10.87,0
DHD,2022-08-03,10.87,10.87,10.87,10.87,0
DHD,2022-08-04,10.87,10.87,10.87,10.87,0
DHD,2022-08-05,10.87,10.87,10.87,10.87,0
DHD,2022-08-08,10.87,10.87,10.87,10.87,0
DHD,2022-08-09,10.87,10.87,10.87,10.87,0
DHD,2022-08-10,10.87,10.87,10.87,10.87,0
DHD,2022-08-11,10.87,10.87,10.87,10.87,0
DHD,2022-08-12,12.49,12.49,12.13,12.13,300
DHD,2022-08-15,12.25,12.25,12.25,12.25,0
DHD,2022-08-16,12.25,12.25,12.25,12.25,0
DHD,2022-08-17,12.25,12.25,12.25,12.25,0
DHD,2022-08-18,12.25,12.25,12.25,12.25,0
DHD,2022-08-19,10.43,10.79,10.43,10.43,1000
DHD,2022-08-22,10.43,10.43,10.43,10.43,100
DHD,2022-08-23,10.87,10.87,10.87,10.87,100
DHD,2022-08-24,10.87,10.87,10.87,10.87,0
DHD,2022-08-25,10.87,10.87,10.87,10.87,0
DHD,2022-08-26,10.87,10.87,10.87,10.87,0
DHD,2022-08-29,10.87,10.87,10.87,10.87,0
DHD,2022-08-30,12.01,12.01,12.01,12.01,100
DHD,2022-08-31,10.23,10.23,10.23,10.23,4600
DHD,2022-09-05,10.23,10.27,10.23,10.23,3100
DHD,2022-09-06,10.23,10.23,10.23,10.23,0
DHD,2022-09-07,10.23,10.23,10.23,10.23,0
DHD,2022-09-08,10.23,10.23,10.23,10.23,0
DHD,2022-09-09,10.23,10.23,10.23,10.23,0
DHD,2022-09-12,10.23,10.23,10.23,10.23,0
DHD,2022-09-13,10.23,10.23,10.23,10.23,20
DHD,2022-09-14,10.23,10.23,10.23,10.23,802
DHD,2022-09-15,10.23,10.23,10.23,10.23,0
DHD,2022-09-16,10.23,10.23,10.23,10.23,0
DHD,2022-09-19,10.23,10.23,10.23,10.23,0
DHD,2022-09-20,10.23,10.23,10.23,10.23,12
DHD,2022-09-21,10.23,10.23,10.23,10.23,3
DHD,2022-09-22,10.23,10.23,10.23,10.23,0
DHD,2022-09-23,10.23,10.23,10.23,10.23,0
DHD,2022-09-26,9.3,9.5,9.3,9.5,1001
DHD,2022-09-27,8.89,9.1,8.89,9.1,1414
DHD,2022-09-28,8.97,9.01,7.68,7.68,2500
DHD,2022-09-29,8.61,8.89,8.61,8.89,1500
DHD,2022-09-30,9.1,9.1,9.1,9.1,150
DHD,2022-10-03,9.1,9.1,9.1,9.1,0
DHD,2022-10-04,9.7,9.7,9.7,9.7,119
DHD,2022-10-05,10.19,10.19,10.19,10.19,100
DHD,2022-10-06,10.19,10.19,10.19,10.19,0
DHD,2022-10-07,10.19,10.19,10.19,10.19,0
DHD,2022-10-10,10.19,10.19,10.19,10.19,0
DHD,2022-10-11,10.19,10.19,10.19,10.19,5
DHD,2022-10-12,10.19,10.19,10.19,10.19,0
DHD,2022-10-13,10.19,10.19,10.19,10.19,18
DHD,2022-10-14,10.19,10.19,8.77,8.77,1100
DHD,2022-10-17,9.26,9.26,9.26,9.26,17
DHD,2022-10-18,9.26,9.26,9.26,9.26,0
DHD,2022-10-19,9.26,9.26,8.93,8.93,5819
DHD,2022-10-20,9.22,9.22,9.22,9.22,0
DHD,2022-10-21,9.22,9.22,9.22,9.22,0
DHD,2022-10-24,9.22,9.22,9.22,9.22,0
DHD,2022-10-25,8.89,8.89,8.85,8.85,1100
DHD,2022-10-26,8.85,8.85,8.85,8.85,0
DHD,2022-10-27,8.85,8.85,8.85,8.85,0
DHD,2022-10-28,8.89,9.3,8.89,9.3,2500
DHD,2022-10-31,8.89,8.89,8.89,8.89,500
DHD,2022-11-01,8.89,8.89,8.89,8.89,0
DHD,2022-11-02,9.3,9.3,9.3,9.3,100
DHD,2022-11-03,8.73,8.73,8.73,8.73,500
DHD,2022-11-04,8.73,8.73,8.73,8.73,12
DHD,2022-11-07,8.57,8.57,8.57,8.57,100
DHD,2022-11-08,8.57,8.57,8.57,8.57,0
DHD,2022-11-09,8.57,8.57,8.57,8.57,800
DHD,2022-11-10,8.57,8.57,8.57,8.57,200
DHD,2022-11-11,8.29,8.29,8.29,8.29,200
DHD,2022-11-14,8.29,8.29,8.29,8.29,0
DHD,2022-11-15,8.29,8.29,8.29,8.29,0
DHD,2022-11-16,8.29,8.29,8.29,8.29,1
DHD,2022-11-17,8.29,8.29,8.29,8.29,0
DHD,2022-11-18,8.29,8.29,8.29,8.29,0
DHD,2022-11-21,8.29,8.29,8.29,8.29,0
DHD,2022-11-22,8.57,8.57,8.29,8.49,700
DHD,2022-11-23,8.49,8.49,8.49,8.49,100
DHD,2022-11-24,8.49,8.49,8.49,8.49,61
DHD,2022-11-25,8.49,8.49,8.49,8.49,0
DHD,2022-11-28,8.49,8.49,8.49,8.49,300
DHD,2022-11-29,8.49,8.49,8.49,8.49,0
DHD,2022-11-30,8.49,8.49,8.49,8.49,515
DHD,2022-12-01,8.49,8.49,8.49,8.49,83
DHD,2022-12-02,8.49,8.49,8.49,8.49,0
DHD,2022-12-05,8.49,8.49,8.49,8.49,1000
DHD,2022-12-06,8.49,8.49,8.49,8.49,1019
DHD,2022-12-07,8.49,8.49,8.49,8.49,0
DHD,2022-12-08,8.49,8.49,8.49,8.49,0
DHD,2022-12-09,8.49,8.49,8.49,8.49,0
DHD,2022-12-12,8.49,8.49,8.49,8.49,0
DHD,2022-12-13,8.49,8.49,8.49,8.49,0
DHD,2022-12-14,8.49,8.49,8.49,8.49,0
DHD,2022-12-15,8.49,8.49,8.49,8.49,0
DHD,2022-12-16,8.49,8.49,8.49,8.49,0
DHD,2022-12-19,8.49,8.49,8.49,8.49,0
DHD,2022-12-20,8.49,8.49,8.49,8.49,0
DHD,2022-12-21,8.49,8.49,8.49,8.49,0
DHD,2022-12-22,8.49,8.49,8.49,8.49,0
DHD,2022-12-23,8.49,8.49,8.49,8.49,0
DHD,2022-12-26,8.49,8.49,8.49,8.49,0
DHD,2022-12-27,8.49,8.49,8.49,8.49,0
DHD,2022-12-28,8.49,8.49,8.49,8.49,0
DHD,2022-12-29,8.49,8.49,8.49,8.49,0
DHD,2022-12-30,8.49,8.49,8.49,8.49,0
DHD,2023-01-03,8.49,8.49,8.49,8.49,0
DHD,2023-01-04,8.49,8.49,8.49,8.49,0
DHD,2023-01-05,8.49,8.49,8.49,8.49,0
DHD,2023-01-06,8.49,8.49,8.49,8.49,0
DHD,2023-01-09,8.49,8.49,8.49,8.49,800
DHD,2023-01-10,8.49,8.49,8.49,8.49,0
DHD,2023-01-11,8.49,8.49,8.49,8.49,0
DHD,2023-01-12,8.49,8.49,8.49,8.49,0
DHD,2023-01-13,8.89,8.89,8.89,8.89,2600
DHD,2023-01-16,8.89,8.89,8.89,8.89,0
DHD,2023-01-17,8.89,8.89,8.89,8.89,0
DHD,2023-01-18,8.89,8.89,8.89,8.89,0
DHD,2023-01-19,8.89,8.93,8.89,8.89,3700
DHD,2023-01-27,8.93,8.93,8.93,8.93,32
DHD,2023-01-30,8.93,8.93,8.93,8.93,0
DHD,2023-01-31,8.93,8.93,8.93,8.93,0
DHD,2023-02-01,8.93,8.93,8.93,8.93,0
DHD,2023-02-02,8.93,8.93,8.93,8.93,0
DHD,2023-02-03,8.93,8.93,8.93,8.93,0
DHD,2023-02-06,8.93,8.93,8.93,8.93,7
DHD,2023-02-07,8.93,8.93,8.93,8.93,0
DHD,2023-02-08,8.93,8.93,8.93,8.93,0
DHD,2023-02-09,8.93,8.93,8.93,8.93,0
DHD,2023-02-10,8.93,8.93,8.93,8.93,0
DHD,2023-02-13,8.93,8.93,8.93,8.93,0
DHD,2023-02-14,8.93,8.93,8.93,8.93,0
DHD,2023-02-15,9.7,9.7,9.7,9.7,800
DHD,2023-02-16,9.7,9.7,9.7,9.7,1400
DHD,2023-02-17,9.7,9.7,9.7,9.7,0
DHD,2023-02-20,9.7,9.7,9.7,9.7,0
DHD,2023-02-21,10.19,10.19,10.19,10.19,6700
DHD,2023-02-22,10.19,10.19,10.19,10.19,0
DHD,2023-02-23,10.19,10.19,10.19,10.19,0
DHD,2023-02-24,10.19,10.19,10.19,10.19,0
DHD,2023-02-27,10.51,10.51,10.51,10.51,5000
DHD,2023-02-28,10.51,10.51,10.51,10.51,5000
DHD,2023-03-01,10.51,10.51,10.51,10.51,0
DHD,2023-03-02,10.51,10.51,10.51,10.51,0
DHD,2023-03-03,10.31,10.51,10.31,10.51,5400
DHD,2023-03-06,10.47,10.47,10.47,10.47,0
DHD,2023-03-07,10.31,10.51,10.31,10.51,800
DHD,2023-03-08,10.31,10.43,10.31,10.43,600
DHD,2023-03-09,10.43,10.71,10.43,10.51,3910
DHD,2023-03-10,10.71,10.71,10.71,10.71,3027
DHD,2023-03-13,10.71,10.71,10.71,10.71,4800
DHD,2023-03-14,10.71,10.71,10.71,10.71,0
DHD,2023-03-15,10.71,10.71,10.71,10.71,0
DHD,2023-03-16,10.71,10.71,10.71,10.71,0
DHD,2023-03-17,10.71,10.71,10.71,10.71,0
DHD,2023-03-20,10.71,10.71,10.71,10.71,2000
DHD,2023-03-21,10.71,10.71,10.71,10.71,1500
DHD,2023-03-22,10.71,10.71,10.71,10.71,0
DHD,2023-03-23,10.51,10.51,10.51,10.51,7400
DHD,2023-03-24,10.51,10.51,10.51,10.51,7
DHD,2023-03-27,10.51,10.51,10.51,10.51,1300
DHD,2023-03-28,10.51,10.51,10.51,10.51,0
DHD,2023-03-29,10.51,10.51,10.51,10.51,0
DHD,2023-03-30,10.59,10.59,10.59,10.59,100
DHD,2023-03-31,10.59,10.59,10.59,10.59,0
DHD,2023-04-03,10.51,10.51,10.51,10.51,2000
DHD,2023-04-04,10.51,10.51,10.51,10.51,5
DHD,2023-04-05,10.51,10.51,10.51,10.51,3
DHD,2023-04-06,10.51,10.51,10.51,10.51,5000
DHD,2023-04-07,10.51,10.51,10.51,10.51,0
DHD,2023-04-10,10.11,10.11,10.11,10.11,800
DHD,2023-04-11,10.11,10.11,10.11,10.11,0
DHD,2023-04-12,10.11,10.11,10.11,10.11,0
DHD,2023-04-13,10.11,10.11,10.11,10.11,0
DHD,2023-04-14,10.11,10.11,10.11,10.11,0
DHD,2023-04-17,10.11,10.11,10.11,10.11,0
DHD,2023-04-18,10.11,10.11,10.11,10.11,0
DHD,2023-04-19,10.11,10.11,10.11,10.11,0
DHD,2023-04-20,10.11,10.11,10.11,10.11,0
DHD,2023-04-21,10.11,10.11,10.11,10.11,0
DHD,2023-04-24,10.11,10.11,10.11,10.11,0
DHD,2023-04-25,8.63,8.63,8.63,8.63,4800
DHD,2023-04-26,8.63,8.63,8.63,8.63,0
DHD,2023-04-27,9.86,9.86,9.86,9.86,100
DHD,2023-04-28,9.86,9.86,9.86,9.86,0
DHD,2023-05-04,9.86,9.86,9.86,9.86,4700
DHD,2023-05-05,9.86,9.86,9.86,9.86,0
DHD,2023-05-08,9.86,9.86,9.86,9.86,0
DHD,2023-05-09,10.27,10.27,10.27,10.27,210
DHD,2023-05-10,10.27,10.27,10.27,10.27,0
DHD,2023-05-11,8.75,8.75,8.75,8.75,2000
DHD,2023-05-12,8.83,8.83,8.83,8.83,3900
DHD,2023-05-15,8.83,8.83,8.83,8.83,0
DHD,2023-05-16,8.83,8.83,8.83,8.83,0
DHD,2023-05-17,8.83,8.83,8.83,8.83,0
DHD,2023-05-18,8.83,8.83,8.83,8.83,0
DHD,2023-05-19,10.11,10.11,10.11,10.11,200
DHD,2023-05-22,11.62,11.62,11.62,11.62,200
DHD,2023-05-23,11.62,11.62,11.62,11.62,0
DHD,2023-05-24,11.73,11.73,11.73,11.73,100
DHD,2023-05-25,11.73,11.73,11.73,11.73,0
DHD,2023-05-26,11.79,11.79,11.73,11.73,1000
DHD,2023-05-29,11.73,11.73,11.73,11.73,0
DHD,2023-05-30,11.73,11.73,11.73,11.73,0
DHD,2023-05-31,11.73,11.73,11.73,11.73,0
DHD,2023-06-01,11.73,11.73,11.73,11.73,1
DHD,2023-06-02,11.73,11.73,11.73,11.73,0
DHD,2023-06-05,11.73,11.73,11.73,11.73,4200
DHD,2023-06-06,11.73,11.73,11.73,11.73,0
DHD,2023-06-07,11.73,11.73,11.73,11.73,138
DHD,2023-06-08,11.84,11.84,11.79,11.79,702
DHD,2023-06-09,11.84,11.84,11.84,11.84,0
DHD,2023-06-12,11.79,11.79,11.79,11.79,500
DHD,2023-06-13,11.79,11.79,11.79,11.79,3
DHD,2023-06-14,12.29,12.29,11.79,11.79,1129
DHD,2023-06-15,11.84,11.84,11.84,11.84,10
DHD,2023-06-16,11.79,11.79,11.79,11.79,1000
DHD,2023-06-19,11.79,11.79,11.79,11.79,300
DHD,2023-06-20,11.79,11.79,11.79,11.79,0
DHD,2023-06-21,11.79,11.79,11.79,11.79,0
DHD,2023-06-22,11.79,11.79,11.79,11.79,0
DHD,2023-06-23,12.29,12.29,12.29,12.29,500
DHD,2023-06-26,12.29,12.29,12.29,12.29,0
DHD,2023-06-27,12.29,12.29,12.29,12.29,0
DHD,2023-06-28,12.29,12.29,12.29,12.29,0
DHD,2023-06-29,13.13,13.13,13.13,13.13,200
DHD,2023-06-30,13.13,13.13,13.13,13.13,7
DHD,2023-07-03,13.13,13.13,13.13,13.13,0
DHD,2023-07-04,13.13,13.13,13.13,13.13,0
DHD,2023-07-05,12.29,12.29,12.29,12.29,5600
DHD,2023-07-06,12.29,12.29,12.29,12.29,2500
DHD,2023-07-07,12.29,12.29,12.29,12.29,200
DHD,2023-07-10,12.29,12.29,12.29,12.29,60
DHD,2023-07-11,12.29,12.29,12.29,12.29,3700
DHD,2023-07-12,12.29,12.29,12.29,12.29,0
DHD,2023-07-13,12.29,12.29,12.29,12.29,5500
DHD,2023-07-14,12.29,12.29,12.29,12.29,0
DHD,2023-07-17,12.29,12.29,12.29,12.29,0
DHD,2023-07-18,12.29,12.29,12.29,12.29,11400
DHD,2023-07-19,12.29,12.29,12.29,12.29,0
DHD,2023-07-20,12.29,12.29,12.29,12.29,0
DHD,2023-07-21,12.29,12.29,12.29,12.29,0
DHD,2023-07-24,12.29,12.29,12.29,12.29,0
DHD,2023-07-25,12.29,12.29,12.29,12.29,1020
DHD,2023-07-26,12.29,12.29,12.29,12.29,21
DHD,2023-07-27,12.29,12.29,12.29,12.29,945
DHD,2023-07-28,12.29,12.29,12.29,12.29,1
DHD,2023-07-31,12.29,12.29,12.29,12.29,0
DHD,2023-08-01,12.29,12.29,12.29,12.29,1
DHD,2023-08-02,12.29,12.29,12.29,12.29,0
DHD,2023-08-03,12.29,12.29,12.29,12.29,2900
DHD,2023-08-04,12.29,12.29,12.29,12.29,0
DHD,2023-08-07,10.73,10.73,10.73,10.73,100
DHD,2023-08-08,12.29,12.29,12.29,12.29,1500
DHD,2023-08-09,11.17,11.17,11.17,11.17,100
DHD,2023-08-10,12.29,12.29,11.23,12.29,2800
DHD,2023-08-11,12.24,12.29,12.24,12.24,1200
DHD,2023-08-14,12.29,12.29,12.29,12.29,1200
DHD,2023-08-15,12.29,12.29,12.29,12.29,1700
DHD,2023-08-16,12.29,12.29,12.29,12.29,400
DHD,2023-08-17,12.29,12.29,12.29,12.29,0
DHD,2023-08-18,11.23,11.23,11.23,11.23,500
DHD,2023-08-21,11.23,11.23,11.23,11.23,0
DHD,2023-08-22,11.23,11.23,11.23,11.23,0
DHD,2023-08-23,12.29,12.29,12.29,12.29,500
DHD,2023-08-24,12.29,12.29,12.29,12.29,0
DHD,2023-08-25,12.29,12.29,12.29,12.29,1000
DHD,2023-08-28,12.29,12.29,12.29,12.29,0
DHD,2023-08-29,11.29,12.29,11.29,11.29,950
DHD,2023-08-30,12.29,12.29,12.29,12.29,100
DHD,2023-08-31,12.29,12.29,12.29,12.29,1800
DHD,2023-09-05,12.29,12.29,12.29,12.29,48
DHD,2023-09-06,12.29,12.29,12.29,12.29,1000
DHD,2023-09-07,12.29,12.29,12.29,12.29,0
DHD,2023-09-08,12.29,12.29,12.29,12.29,1000
DHD,2023-09-11,12.29,12.29,12.29,12.29,500
DHD,2023-09-12,12.29,12.29,12.29,12.29,0
DHD,2023-09-13,12.29,12.29,12.29,12.29,5000
DHD,2023-09-14,12.29,12.29,12.29,12.29,0
DHD,2023-09-15,12.29,12.29,12.29,12.29,0
DHD,2023-09-18,12.29,12.29,12.29,12.29,0
DHD,2023-09-19,13.13,13.13,13.13,13.13,101
DHD,2023-09-20,13.13,13.13,13.13,13.13,0
DHD,2023-09-21,13.13,13.13,13.13,13.13,0
DHD,2023-09-22,13.13,13.13,13.13,13.13,0
DHD,2023-09-25,13.13,13.13,13.13,13.13,0
DHD,2023-09-26,13.13,13.13,13.13,13.13,0
DHD,2023-09-27,13.13,13.13,12.85,12.85,1100
DHD,2023-09-28,12.85,12.85,12.85,12.85,0
DHD,2023-09-29,12.85,12.85,12.85,12.85,0
DHD,2023-10-02,12.85,12.85,12.85,12.85,0
DHD,2023-10-03,12.85,12.85,12.85,12.85,0
DHD,2023-10-04,12.85,12.85,12.85,12.85,0
DHD,2023-10-05,12.57,12.57,12.57,12.57,3000
DHD,2023-10-06,12.57,12.57,12.57,12.57,0
DHD,2023-10-09,12.57,12.57,12.57,12.57,0
DHD,2023-10-10,12.57,12.57,12.57,12.57,10250
DHD,2023-10-11,12.57,12.57,12.57,12.57,0
DHD,2023-10-12,12.57,12.57,12.57,12.57,0
DHD,2023-10-13,12.57,12.57,12.57,12.57,0
DHD,2023-10-16,12.29,13.13,12.29,13.13,2000
DHD,2023-10-17,12.85,13.24,12.85,13.24,5000
DHD,2023-10-18,13.13,13.41,13.13,13.41,3300
DHD,2023-10-19,13.24,13.24,13.24,13.24,0
DHD,2023-10-20,13.24,13.24,13.24,13.24,0
DHD,2023-10-23,13.24,13.24,13.24,13.24,0
DHD,2023-10-24,13.24,13.24,13.24,13.24,0
DHD,2023-10-25,12.85,12.85,12.85,12.85,100
DHD,2023-10-26,12.85,12.85,12.85,12.85,0
DHD,2023-10-27,12.85,12.85,12.85,12.85,12
DHD,2023-10-30,12.85,12.85,12.85,12.85,3300
DHD,2023-10-31,12.85,12.85,12.85,12.85,2300
DHD,2023-11-01,12.85,12.85,12.85,12.85,1
DHD,2023-11-02,12.57,12.85,12.57,12.85,3200
DHD,2023-11-03,12.57,12.57,12.57,12.57,0
DHD,2023-11-06,12.57,12.57,12.57,12.57,0
DHD,2023-11-07,12.85,12.85,12.85,12.85,2000
DHD,2023-11-08,12.85,12.85,12.85,12.85,0
DHD,2023-11-09,12.96,13.13,12.96,13.13,7400
DHD,2023-11-10,13.07,13.07,13.07,13.07,0
DHD,2023-11-13,13.13,13.3,13.13,13.3,4500
DHD,2023-11-14,13.24,13.3,13.24,13.3,4000
DHD,2023-11-15,13.3,13.3,13.3,13.3,0
DHD,2023-11-16,13.3,13.3,13.3,13.3,2200
DHD,2023-11-17,13.24,13.3,13.24,13.3,5000
DHD,2023-11-20,13.3,13.3,13.3,13.3,1824
DHD,2023-11-21,13.3,13.3,13.3,13.3,3000
DHD,2023-11-22,13.35,13.41,13.35,13.41,3900
DHD,2023-11-23,13.13,13.13,13.13,13.13,300
DHD,2023-11-24,13.13,13.13,13.13,13.13,0
DHD,2023-11-27,13.13,13.13,13.13,13.13,500
DHD,2023-11-28,13.13,13.13,13.13,13.13,1053
DHD,2023-11-29,13.13,13.13,13.13,13.13,0
DHD,2023-11-30,13.13,13.41,13.13,13.41,1200
DHD,2023-12-01,13.41,13.41,13.41,13.41,1800
DHD,2023-12-04,13.13,13.13,11.45,11.45,1004
DHD,2023-12-05,13.69,13.69,13.69,13.69,100
DHD,2023-12-06,13.13,13.13,13.13,13.13,500
DHD,2023-12-07,13.41,13.41,13.41,13.41,500
DHD,2023-12-08,13.41,13.41,13.41,13.41,1036
DHD,2023-12-11,13.41,13.41,13.41,13.41,200
DHD,2023-12-12,13.69,13.69,13.69,13.69,1800
DHD,2023-12-13,13.69,13.69,13.69,13.69,0
DHD,2023-12-14,13.69,13.69,13.69,13.69,0
DHD,2023-12-15,13.69,13.69,13.69,13.69,1000
DHD,2023-12-18,13.69,13.69,13.69,13.69,0
DHD,2023-12-19,13.69,13.69,13.69,13.69,500
DHD,2023-12-20,13.69,13.69,13.69,13.69,1200
DHD,2023-12-21,13.69,13.69,13.69,13.69,2
DHD,2023-12-22,13.69,13.69,13.69,13.69,1500
DHD,2023-12-25,13.69,13.69,13.69,13.69,1102
DHD,2023-12-26,13.69,13.69,13.69,13.69,1000
DHD,2023-12-27,13.69,13.69,13.69,13.69,1010
DHD,2023-12-28,13.91,13.91,13.91,13.91,100
DHD,2023-12-29,13.8,13.8,13.8,13.8,1000
DHD,2024-01-02,13.69,13.69,13.69,13.69,500
DHD,2024-01-03,13.69,13.69,13.69,13.69,1000
DHD,2024-01-04,13.69,13.69,13.69,13.69,0
DHD,2024-01-05,13.69,13.69,13.69,13.69,0
DHD,2024-01-08,13.86,13.86,13.86,13.86,2000
DHD,2024-01-09,13.86,13.86,13.86,13.86,1600
DHD,2024-01-10,13.91,13.91,13.91,13.91,1800
DHD,2024-01-11,13.91,13.91,13.91,13.91,1000
DHD,2024-01-12,13.91,13.97,13.91,13.97,1500
DHD,2024-01-15,13.97,13.97,13.97,13.97,0
DHD,2024-01-16,13.97,13.97,13.97,13.97,1000
DHD,2024-01-17,14.02,14.02,14.02,14.02,1000
DHD,2024-01-18,14.02,14.02,14.02,14.02,0
DHD,2024-01-19,14.02,14.02,14.02,14.02,0
DHD,2024-01-22,14.02,14.02,14.02,14.02,0
DHD,2024-01-23,14.02,14.02,14.02,14.02,8000
DHD,2024-01-24,14.02,14.02,14.02,14.02,0
DHD,2024-01-25,14.02,14.02,14.02,14.02,0
DHD,2024-01-26,14.02,14.02,14.02,14.02,0
DHD,2024-01-29,14.02,14.02,14.02,14.02,1
DHD,2024-01-30,14.02,14.02,14.02,14.02,0
DHD,2024-01-31,14.02,14.02,14.02,14.02,0
DHD,2024-02-01,14.08,14.08,14.08,14.08,100
DHD,2024-02-02,14.08,14.08,14.08,14.08,0
DHD,2024-02-05,14.08,14.13,14.08,14.13,1901
DHD,2024-02-06,14.08,14.08,14.08,14.08,0
DHD,2024-02-07,14.08,14.08,14.08,14.08,500
DHD,2024-02-15,14.08,14.08,14.08,14.08,0
DHD,2024-02-16,14.08,14.08,14.08,14.08,10
DHD,2024-02-19,14.25,14.25,14.25,14.25,100
DHD,2024-02-20,14.25,14.25,14.25,14.25,0
DHD,2024-02-21,14.25,14.25,14.25,14.25,0
DHD,2024-02-22,14.53,14.53,14.53,14.53,100
DHD,2024-02-23,14.53,14.53,14.53,14.53,0
DHD,2024-02-26,14.53,14.53,14.53,14.53,0
DHD,2024-02-27,15.08,15.64,15.08,15.64,1600
DHD,2024-02-28,15.08,15.08,15.08,15.08,111
DHD,2024-02-29,15.08,15.08,15.08,15.08,0
DHD,2024-03-01,15.08,15.08,15.08,15.08,0
DHD,2024-03-04,15.08,15.08,15.08,15.08,0
DHD,2024-03-05,15.08,15.08,15.08,15.08,11
DHD,2024-03-06,15.08,15.08,15.08,15.08,0
DHD,2024-03-07,15.08,15.08,15.08,15.08,0
DHD,2024-03-08,15.08,15.08,15.08,15.08,0
DHD,2024-03-11,15.08,15.08,15.08,15.08,0
DHD,2024-03-12,15.92,15.92,15.92,15.92,200
DHD,2024-03-13,15.92,15.92,15.92,15.92,0
DHD,2024-03-14,15.92,15.92,15.92,15.92,500
DHD,2024-03-15,16.2,16.2,16.2,16.2,23200
DHD,2024-03-18,16.2,16.2,16.2,16.2,10
DHD,2024-03-19,16.2,16.2,16.2,16.2,0
DHD,2024-03-20,16.2,16.2,16.2,16.2,0
DHD,2024-03-21,16.2,16.2,16.2,16.2,0
DHD,2024-03-22,16.2,16.2,16.2,16.2,40
DHD,2024-03-25,16.2,16.2,16.2,16.2,400
DHD,2024-03-26,16.2,16.2,16.2,16.2,0
DHD,2024-03-27,16.2,16.2,16.2,16.2,0
DHD,2024-03-28,16.26,16.26,16.26,16.26,100
DHD,2024-03-29,16.26,16.26,16.26,16.26,2040
DHD,2024-04-01,16.26,16.26,16.26,16.26,17
DHD,2024-04-02,16.26,16.26,16.26,16.26,0
DHD,2024-04-03,16.26,16.26,16.26,16.26,100
DHD,2024-04-04,16.26,16.26,16.26,16.26,0
DHD,2024-04-05,16.26,16.26,16.26,16.26,0
DHD,2024-04-08,16.26,16.26,16.26,16.26,0
DHD,2024-04-09,16.2,16.2,16.2,16.2,2500
DHD,2024-04-10,16.2,16.2,16.2,16.2,0
DHD,2024-04-11,16.2,16.2,16.2,16.2,0
DHD,2024-04-12,16.26,16.26,16.26,16.26,7200
DHD,2024-04-15,16.26,16.26,16.26,16.26,0
DHD,2024-04-16,16.26,16.26,16.26,16.26,8
DHD,2024-04-17,16.26,16.26,16.26,16.26,0
DHD,2024-04-19,16.26,16.26,16.26,16.26,0
DHD,2024-04-22,16.26,16.26,16.26,16.26,0
DHD,2024-04-23,16.26,16.26,16.26,16.26,0
DHD,2024-04-24,16.26,16.26,16.26,16.26,0
DHD,2024-04-25,16.82,17.04,16.82,17.04,2000
DHD,2024-04-26,17.82,18.44,17.82,18.44,700
DHD,2024-05-02,18.05,18.05,18.05,18.05,0
DHD,2024-05-03,18.05,18.05,18.05,18.05,0
DHD,2024-05-06,19.0,19.55,19.0,19.44,2405
DHD,2024-05-07,19.55,19.55,19.27,19.27,500
DHD,2024-05-08,19.27,20.11,19.27,20.11,400
DHD,2024-05-09,19.53,19.53,18.38,19.3,1800
DHD,2024-05-10,19.15,19.15,19.15,19.15,0
DHD,2024-05-13,19.15,19.15,19.15,19.15,0
DHD,2024-05-14,19.15,19.15,19.15,19.15,0
DHD,2024-05-15,19.15,19.15,19.15,19.15,0
DHD,2024-05-16,19.15,19.15,19.15,19.15,0
DHD,2024-05-17,19.15,19.15,19.15,19.15,500
DHD,2024-05-20,17.37,18.53,17.37,18.53,2000
DHD,2024-05-21,17.99,17.99,17.99,17.99,0
DHD,2024-05-22,18.92,18.92,18.92,18.92,534
DHD,2024-05-23,18.92,18.92,18.92,18.92,0
DHD,2024-05-24,18.92,18.92,18.92,18.92,0
DHD,2024-05-27,17.53,18.07,17.53,18.07,6500
DHD,2024-05-28,19.3,19.3,19.3,19.3,200
DHD,2024-05-29,19.3,19.3,19.3,19.3,200
DHD,2024-05-30,17.91,18.53,17.76,18.53,6000
DHD,2024-05-31,18.14,18.14,18.14,18.14,0
DHD,2024-06-03,18.14,18.14,18.14,18.14,0
DHD,2024-06-04,18.14,18.14,18.14,18.14,0
DHD,2024-06-05,18.14,18.14,18.14,18.14,0
DHD,2024-06-06,18.14,18.14,18.14,18.14,0
DHD,2024-06-07,18.14,18.14,18.14,18.14,0
DHD,2024-06-10,18.14,18.14,18.14,18.14,0
DHD,2024-06-11,18.14,18.14,18.14,18.14,0
DHD,2024-06-12,18.14,18.14,18.14,18.14,23
DHD,2024-06-13,18.45,18.45,18.3,18.3,3100
DHD,2024-06-14,18.3,18.3,18.3,18.3,0
DHD,2024-06-17,18.3,18.3,18.3,18.3,0
DHD,2024-06-18,18.3,18.3,18.3,18.3,0
DHD,2024-06-19,18.3,18.3,18.3,18.3,5
DHD,2024-06-20,19.3,19.3,19.3,19.3,100
DHD,2024-06-21,18.45,18.45,18.45,18.45,153
DHD,2024-06-24,18.45,18.45,18.45,18.45,0
DHD,2024-06-25,19.3,19.3,19.3,19.3,100
DHD,2024-06-26,19.3,19.3,19.3,19.3,0
DHD,2024-06-27,19.3,19.3,19.3,19.3,27
DHD,2024-06-28,19.3,19.3,19.3,19.3,0
DHD,2024-07-01,19.3,19.3,19.3,19.3,29
DHD,2024-07-02,16.99,16.99,16.99,16.99,100
DHD,2024-07-03,16.99,16.99,16.99,16.99,0
DHD,2024-07-04,16.99,16.99,16.99,16.99,0
DHD,2024-07-05,16.99,16.99,16.99,16.99,0
DHD,2024-07-08,16.99,16.99,16.99,16.99,0
DHD,2024-07-09,16.99,16.99,16.99,16.99,0
DHD,2024-07-10,19.3,19.3,19.3,19.3,300
DHD,2024-07-11,19.3,19.3,19.3,19.3,1
DHD,2024-07-12,19.3,19.3,19.3,19.3,0
DHD,2024-07-15,19.3,19.3,19.3,19.3,737
DHD,2024-07-16,19.3,19.3,19.3,19.3,500
DHD,2024-07-17,19.3,19.3,19.3,19.3,0
DHD,2024-07-18,19.3,19.3,19.3,19.3,1
DHD,2024-07-19,19.3,19.3,19.3,19.3,0
DHD,2024-07-22,19.3,19.3,19.3,19.3,900
DHD,2024-07-23,18.76,18.76,18.76,18.76,103
DHD,2024-07-24,18.76,18.76,18.76,18.76,3
DHD,2024-07-25,18.76,18.76,18.76,18.76,0
DHD,2024-07-26,18.76,18.76,18.76,18.76,0
DHD,2024-07-29,18.76,18.76,18.76,18.76,0
DHD,2024-07-30,18.76,18.76,18.76,18.76,0
DHD,2024-07-31,18.76,18.76,18.76,18.76,0
DHD,2024-08-01,18.76,18.76,18.76,18.76,7
DHD,2024-08-02,18.76,18.76,18.76,18.76,572
DHD,2024-08-05,18.76,18.76,18.76,18.76,0
DHD,2024-08-06,18.76,18.76,18.76,18.76,0
DHD,2024-08-07,18.76,18.76,18.76,18.76,94
DHD,2024-08-08,19.3,19.3,19.3,19.3,100
DHD,2024-08-09,19.3,19.3,19.3,19.3,400
DHD,2024-08-12,19.3,19.3,19.3,19.3,0
DHD,2024-08-13,19.3,19.3,19.3,19.3,0
DHD,2024-08-14,19.3,19.3,19.3,19.3,43
DHD,2024-08-15,16.45,18.76,16.45,18.76,200
DHD,2024-08-16,19.3,19.69,19.3,19.69,1200
DHD,2024-08-19,19.38,19.38,19.38,19.38,0
DHD,2024-08-20,19.38,19.38,19.38,19.38,7
DHD,2024-08-21,19.53,19.53,19.53,19.53,1200
DHD,2024-08-22,19.53,19.53,19.53,19.53,0
DHD,2024-08-23,19.53,19.53,19.53,19.53,0
DHD,2024-08-26,17.76,17.76,17.76,17.76,100
DHD,2024-08-27,19.3,19.3,19.3,19.3,100
DHD,2024-08-28,19.53,19.69,19.53,19.69,3100
DHD,2024-08-29,19.69,19.69,19.69,19.69,0
DHD,2024-08-30,19.69,19.69,19.69,19.69,2000
DHD,2024-09-04,19.69,19.69,19.69,19.69,44
DHD,2024-09-05,19.69,19.77,19.69,19.77,300
DHD,2024-09-06,19.77,19.77,19.77,19.77,600
DHD,2024-09-09,19.77,19.77,19.77,19.77,0
DHD,2024-09-10,19.77,19.77,19.77,19.77,0
DHD,2024-09-11,19.77,19.77,19.77,19.77,0
DHD,2024-09-12,20.07,20.07,20.07,20.07,400
DHD,2024-09-13,20.07,20.07,20.07,20.07,0
DHD,2024-09-16,20.07,20.07,20.07,20.07,0
DHD,2024-09-17,20.07,20.07,20.07,20.07,2000
DHD,2024-09-18,20.07,20.07,20.07,20.07,5100
DHD,2024-09-19,20.07,20.46,20.07,20.46,3603
DHD,2024-09-20,20.07,20.23,20.07,20.23,3000
DHD,2024-09-23,20.15,20.15,20.15,20.15,0
DHD,2024-09-24,20.15,20.15,20.15,20.15,0
DHD,2024-09-25,20.15,20.15,20.15,20.15,200
DHD,2024-09-26,20.46,20.46,20.46,20.46,1400
DHD,2024-09-27,20.46,20.46,20.46,20.46,200
DHD,2024-09-30,20.46,20.46,20.46,20.46,1
DHD,2024-10-01,20.46,20.46,20.46,20.46,2
DHD,2024-10-02,20.46,20.54,20.46,20.54,2599
DHD,2024-10-03,20.54,20.54,20.54,20.54,0
DHD,2024-10-04,20.54,20.54,20.54,20.54,100
DHD,2024-10-07,20.62,20.62,20.54,20.54,1001
DHD,2024-10-08,20.54,20.54,20.54,20.54,2000
DHD,2024-10-09,20.54,20.54,20.54,20.54,3
DHD,2024-10-10,20.54,20.54,20.54,20.54,10
DHD,2024-10-11,20.54,20.54,20.54,20.54,0
DHD,2024-10-14,20.54,20.54,20.54,20.54,100
DHD,2024-10-15,20.54,20.54,20.54,20.54,0
DHD,2024-10-16,17.84,20.54,17.84,20.54,8617
DHD,2024-10-17,18.53,18.53,18.53,18.53,500
DHD,2024-10-18,20.07,20.07,20.07,20.07,100
DHD,2024-10-21,20.54,20.54,20.54,20.54,105
DHD,2024-10-22,20.54,20.54,20.54,20.54,1500
DHD,2024-10-23,20.54,20.54,20.54,20.54,0
DHD,2024-10-24,20.54,20.54,20.54,20.54,0
DHD,2024-10-25,20.54,20.54,20.54,20.54,0
DHD,2024-10-28,20.54,20.54,20.54,20.54,100
DHD,2024-10-29,20.85,20.85,20.85,20.85,500
DHD,2024-10-30,20.85,20.85,20.85,20.85,1100
DHD,2024-10-31,20.85,20.85,20.85,20.85,0
DHD,2024-11-01,20.85,20.85,20.85,20.85,500
DHD,2024-11-04,20.85,20.85,20.85,20.85,0
DHD,2024-11-05,20.85,20.85,20.85,20.85,0
DHD,2024-11-06,20.85,20.85,20.85,20.85,0
DHD,2024-11-07,20.07,20.07,20.07,20.07,1000
DHD,2024-11-08,20.85,20.85,20.54,20.54,5900
DHD,2024-11-11,20.69,20.69,20.69,20.69,0
DHD,2024-11-12,21.23,21.23,21.23,21.23,100
DHD,2024-11-13,21.23,21.23,21.23,21.23,0
DHD,2024-11-14,21.23,21.23,20.85,20.85,1600
DHD,2024-11-15,20.85,20.85,20.85,20.85,400
DHD,2024-11-18,20.92,20.92,20.46,20.46,1100
DHD,2024-11-19,20.54,20.54,20.54,20.54,0
DHD,2024-11-20,20.54,20.54,20.54,20.54,0
DHD,2024-11-21,20.54,20.85,20.54,20.85,1500
DHD,2024-11-22,20.62,20.62,20.62,20.62,0
DHD,2024-11-25,20.54,20.85,20.54,20.85,2500
DHD,2024-11-26,20.62,20.62,20.62,20.62,1600
DHD,2024-11-27,20.62,20.62,20.62,20.62,0
DHD,2024-11-28,20.62,20.85,20.62,20.85,1422
DHD,2024-11-29,20.62,20.62,20.62,20.62,1000
DHD,2024-12-02,20.62,20.92,20.62,20.92,3100
DHD,2024-12-03,21.0,21.77,20.85,21.77,1700
DHD,2024-12-04,21.62,24.32,21.62,24.32,3526
DHD,2024-12-05,23.78,23.78,23.78,23.78,0
DHD,2024-12-06,23.78,23.78,23.78,23.78,0
DHD,2024-12-09,22.39,22.39,21.23,21.62,2200
DHD,2024-12-10,21.46,21.62,21.46,21.62,4000
DHD,2024-12-11,21.54,21.93,21.46,21.62,2220
DHD,2024-12-12,21.62,21.7,21.62,21.7,600
DHD,2024-12-13,21.62,22.0,21.62,22.0,700
DHD,2024-12-16,24.94,24.94,21.46,21.46,2800
DHD,2024-12-17,24.71,24.71,23.16,23.16,1200
DHD,2024-12-18,22.39,22.39,20.85,21.23,3500
DHD,2024-12-19,21.62,22.0,21.62,22.0,200
DHD,2024-12-20,22.0,22.0,21.62,21.62,500
DHD,2024-12-23,20.46,22.0,20.46,22.0,10337
DHD,2024-12-24,21.62,22.39,21.62,22.39,1200
DHD,2024-12-25,22.0,22.0,22.0,22.0,5000
DHD,2024-12-26,22.0,22.0,21.62,21.62,3117
DHD,2024-12-27,21.7,21.7,21.7,21.7,0
DHD,2024-12-30,21.7,21.7,21.7,21.7,0
DHD,2024-12-31,21.7,21.7,21.7,21.7,200
DHD,2025-01-02,21.23,21.23,21.08,21.08,2000
DHD,2025-01-03,21.23,21.77,21.23,21.77,4600
DHD,2025-01-06,21.46,21.46,21.46,21.46,10
DHD,2025-01-07,21.46,21.77,21.46,21.77,3400
DHD,2025-01-08,22.0,23.94,22.0,23.94,1000
DHD,2025-01-09,24.71,24.71,24.71,24.71,100
DHD,2025-01-10,27.02,27.02,21.77,21.77,400
DHD,2025-01-13,22.78,22.78,21.7,21.7,200
DHD,2025-01-14,22.24,22.24,22.24,22.24,0
DHD,2025-01-15,22.0,22.0,21.77,22.0,2000
DHD,2025-01-16,21.93,21.93,21.62,21.62,500
DHD,2025-01-17,24.71,24.71,24.71,24.71,200
DHD,2025-01-20,25.02,25.63,22.0,22.0,6500
DHD,2025-01-21,22.39,22.39,22.0,22.0,1000
DHD,2025-01-22,22.39,22.39,22.39,22.39,200
DHD,2025-01-23,24.71,24.71,24.71,24.71,100
DHD,2025-01-24,24.63,24.71,24.63,24.71,331
DHD,2025-02-03,24.71,24.71,24.71,24.71,405
DHD,2025-02-04,24.71,24.71,24.71,24.71,300
DHD,2025-02-05,24.71,24.71,24.71,24.71,0
DHD,2025-02-06,24.71,24.71,24.71,24.71,0
DHD,2025-02-07,24.71,24.71,24.71,24.71,0
DHD,2025-02-10,24.09,24.71,24.09,24.71,4600
DHD,2025-02-11,24.71,25.09,24.71,25.09,6600
DHD,2025-02-12,25.09,25.09,25.09,25.09,100
DHD,2025-02-13,25.02,25.09,25.02,25.09,700
DHD,2025-02-14,25.48,25.48,25.48,25.48,700
DHD,2025-02-17,25.48,25.48,25.48,25.48,0
DHD,2025-02-18,25.48,25.48,25.09,25.48,700
DHD,2025-02-19,25.17,25.17,25.17,25.17,0
DHD,2025-02-20,25.56,25.56,22.62,22.62,1105
DHD,2025-02-21,25.48,25.48,25.48,25.48,100
DHD,2025-02-24,25.87,25.87,25.48,25.48,400
DHD,2025-02-25,26.17,26.17,26.17,26.17,3100
DHD,2025-02-26,27.02,27.41,27.02,27.02,300
DHD,2025-02-27,25.48,25.48,25.48,25.48,150
DHD,2025-02-28,25.48,25.48,25.48,25.48,2
DHD,2025-03-03,27.8,27.8,27.8,27.8,109
DHD,2025-03-04,27.02,27.02,27.02,27.02,501
DHD,2025-03-05,27.02,27.02,27.02,27.02,0
DHD,2025-03-06,27.02,27.02,27.02,27.02,0
DHD,2025-03-07,27.02,27.02,27.02,27.02,0
DHD,2025-03-10,27.8,27.8,27.8,27.8,1900
DHD,2025-03-11,28.57,28.57,28.57,28.57,205
DHD,2025-03-12,29.19,29.34,29.19,29.34,200
DHD,2025-03-13,29.34,29.42,29.34,29.34,605
DHD,2025-03-14,30.11,30.11,29.73,29.73,200
DHD,2025-03-17,27.8,27.8,27.8,27.8,400
DHD,2025-03-18,27.8,28.18,27.8,27.8,2545
DHD,2025-03-19,27.87,27.87,27.87,27.87,1000
DHD,2025-03-20,27.87,27.87,27.87,27.87,0
DHD,2025-03-21,27.95,27.95,25.48,25.48,1100
DHD,2025-03-24,27.02,27.02,26.33,26.33,600
DHD,2025-03-25,26.64,26.64,26.64,26.64,0
DHD,2025-03-26,26.64,26.64,26.64,26.64,0
DHD,2025-03-27,26.64,26.64,26.64,26.64,0
DHD,2025-03-28,27.02,27.02,27.02,27.02,119
DHD,2025-03-31,27.02,27.02,27.02,27.02,300
DHD,2025-04-01,27.02,27.02,27.02,27.02,1300
DHD,2025-04-02,27.02,27.8,27.02,27.8,1300
DHD,2025-04-03,26.25,26.25,26.25,26.25,1600
DHD,2025-04-04,27.02,27.02,27.02,27.02,300
DHD,2025-04-08,27.41,27.41,27.02,27.02,1700
DHD,2025-04-09,27.18,27.18,27.18,27.18,0
DHD,2025-04-10,27.8,27.8,27.8,27.8,1800
DHD,2025-04-11,27.8,27.8,27.8,27.8,600
DHD,2025-04-14,28.1,28.1,27.8,27.8,800
DHD,2025-04-15,27.8,27.8,27.8,27.8,1000
DHD,2025-04-16,27.8,27.8,27.8,27.8,300
DHD,2025-04-17,27.8,27.8,27.8,27.8,700
DHD,2025-04-18,27.8,27.8,27.8,27.8,500
DHD,2025-04-21,27.8,27.8,27.8,27.8,0
DHD,2025-04-22,27.8,27.8,27.8,27.8,300
DHD,2025-04-23,27.8,27.8,27.8,27.8,0
DHD,2025-04-24,27.8,27.8,27.8,27.8,0
DHD,2025-04-25,27.8,27.8,27.8,27.8,0
DHD,2025-04-28,27.8,27.8,27.8,27.8,0
DHD,2025-04-29,27.8,27.8,27.8,27.8,0
DHD,2025-05-05,27.8,27.8,27.8,27.8,0
DHD,2025-05-06,27.8,27.8,27.8,27.8,0
DHD,2025-05-07,27.8,27.8,27.8,27.8,0
DHD,2025-05-08,27.8,27.8,27.8,27.8,0
DHD,2025-05-09,27.8,27.8,27.8,27.8,0
DHD,2025-05-12,31.96,31.96,30.11,30.11,1601
DHD,2025-05-13,30.34,30.34,30.34,30.34,0
DHD,2025-05-14,30.5,30.5,30.5,30.5,300
DHD,2025-05-15,30.5,30.5,30.5,30.5,0
DHD,2025-05-16,30.5,30.5,30.5,30.5,0
DHD,2025-05-19,29.5,29.5,29.5,29.5,800
DHD,2025-05-20,30.0,30.0,30.0,30.0,301
DHD,2025-05-21,30.0,30.0,30.0,30.0,0
DHD,2025-05-22,30.0,30.0,30.0,30.0,0
DHD,2025-05-23,30.0,30.0,30.0,30.0,0
DHD,2025-05-26,30.0,30.0,30.0,30.0,0
DHD,2025-05-27,27.0,27.0,27.0,27.0,1000
DHD,2025-05-28,28.0,28.0,28.0,28.0,100
DHD,2025-05-29,30.0,30.0,30.0,30.0,1000
DHD,2025-06-02,27.0,27.0,27.0,27.0,300
DHD,2025-06-03,27.0,28.0,27.0,28.0,700
DHD,2025-06-05,28.0,28.0,28.0,28.0,100
DHD,2025-06-06,28.0,28.0,27.9,28.0,1000
DHD,2025-06-12,28.6,29.0,28.6,29.0,1000
DHD,2025-06-13,28.0,28.0,28.0,28.0,500
DHD,2025-06-17,28.2,28.6,28.2,28.6,1900
DHD,2025-06-18,29.6,29.8,29.6,29.8,2500
DHD,2025-06-19,30.0,30.5,30.0,30.5,1300
DHD,2025-06-20,30.1,30.1,30.0,30.0,4100
DHD,2025-06-23,29.2,29.2,29.2,29.2,1000
DHD,2025-06-24,30.0,30.0,30.0,30.0,2800
DHD,2025-06-25,30.0,30.0,30.0,30.0,600
DHD,2025-06-27,30.0,30.0,30.0,30.0,400
DHD,2025-06-30,30.0,30.0,30.0,30.0,3700
DHD,2025-07-02,30.5,30.5,30.5,30.5,1000
DHD,2025-07-04,30.0,30.0,29.0,29.0,1500
DHD,2025-07-07,30.0,30.0,30.0,30.0,500
DHD,2025-07-09,30.5,31.0,30.5,31.0,3000
DHD,2025-07-10,32.0,32.0,32.0,32.0,100
DHD,2025-07-11,31.0,32.0,31.0,32.0,2000
DHD,2025-07-14,31.5,31.5,31.5,31.5,500
DHD,2025-07-15,28.0,28.0,28.0,28.0,1000
DHD,2025-07-16,31.5,31.5,31.5,31.5,100
DHD,2025-07-17,31.5,31.5,31.5,31.5,200
DHD,2025-07-18,31.0,31.0,31.0,31.0,4500
DHD,2025-07-21,31.0,31.0,31.0,31.0,700
DHD,2025-07-22,31.0,31.0,31.0,31.0,800
DHD,2025-07-23,31.0,31.0,30.9,30.9,1500
DHD,2025-07-24,30.9,31.0,30.9,31.0,1300
DHD,2025-07-25,31.0,31.0,31.0,31.0,1000
DHD,2025-07-28,31.0,31.0,30.0,31.0,2000
DHD,2025-07-29,31.5,31.5,31.5,31.5,35600
DHD,2025-07-30,31.5,31.5,31.5,31.5,800
DHD,2025-07-31,31.0,31.5,28.5,31.5,23300
DHD,2025-08-01,31.0,31.5,31.0,31.5,500
DHD,2025-08-04,29.0,29.0,29.0,29.0,2700
DHD,2025-08-05,29.5,29.7,29.5,29.7,4900
DHD,2025-08-06,31.0,31.0,31.0,31.0,2000
DHD,2025-08-07,31.5,31.5,31.0,31.0,8200
DHD,2025-08-12,31.1,31.1,30.0,30.5,35900
DHD,2025-08-13,30.5,30.5,30.5,30.5,17100
DHD,2025-08-15,30.1,30.1,30.0,30.0,1100
DHD,2025-08-19,30.0,30.3,30.0,30.3,1900
DHD,2025-08-21,30.5,30.5,30.5,30.5,2500
DHD,2025-08-22,30.5,30.5,29.8,30.0,3200
DHD,2025-08-25,30.5,30.5,30.5,30.5,1000
DHD,2025-08-26,31.0,31.0,30.5,30.5,4400
DHD,2025-08-27,31.5,32.0,30.5,30.6,3800
DHD,2025-08-28,31.5,31.5,30.5,30.5,1500
DHD,2025-08-29,30.5,30.5,30.5,30.5,2200
DHD,2025-09-04,30.5,30.5,30.5,30.5,100
DHD,2025-09-05,31.0,31.0,30.6,30.6,2100
DHD,2025-09-09,31.0,31.0,31.0,31.0,300
DHD,2025-09-12,31.0,31.0,31.0,31.0,300
DHD,2025-09-15,30.6,30.6,30.5,30.5,5500
DHD,2025-09-16,31.0,31.0,31.0,31.0,3300
DHD,2025-09-17,31.0,31.0,31.0,31.0,1100
DHD,2025-09-18,30.6,30.6,30.6,30.6,1400
DHD,2025-09-22,30.6,31.0,30.6,31.0,12900
DHD,2025-09-23,31.0,31.0,30.9,30.9,1700
DHD,2025-09-24,30.7,30.9,30.6,30.6,3000
DHD,2025-09-25,30.7,31.0,30.7,31.0,2000
DHD,2025-09-26,31.0,31.5,31.0,31.0,10700
DHD,2025-09-29,31.0,31.0,31.0,31.0,700
DHD,2025-09-30,30.9,31.5,30.8,30.8,2600
DHD,2025-10-01,30.8,30.8,30.8,30.8,800
DHD,2025-10-02,30.5,30.5,30.5,30.5,100
DHD,2025-10-03,35.0,35.0,35.0,35.0,100
DHD,2025-10-08,40.2,40.2,32.0,32.0,5500
DHD,2025-10-10,31.0,31.0,31.0,31.0,2400
DHD,2025-10-13,31.0,31.0,30.8,30.8,3700
DHD,2025-10-14,31.2,31.2,30.8,30.8,2100
DHD,2025-10-15,30.7,31.0,30.7,31.0,3200
DHD,2025-10-16,30.8,30.8,30.7,30.7,2000
DHD,2025-10-17,30.8,30.8,30.8,30.8,300
DHD,2025-10-20,30.8,30.8,30.8,30.8,2000
DHD,2025-10-21,30.8,31.0,30.8,31.0,1100
DHD,2025-10-24,30.9,30.9,30.9,30.9,4000
DHD,2025-10-27,30.8,30.8,30.8,30.8,1500
DHD,2025-10-28,31.0,31.0,31.0,31.0,500
DHD,2025-10-29,31.0,31.0,31.0,31.0,1900
DHD,2025-10-30,31.0,31.0,30.9,30.9,1800
DHD,2025-10-31,30.9,30.9,30.7,30.7,5200
DHD,2025-11-03,30.8,30.8,30.8,30.8,500
DHD,2025-11-06,29.5,29.5,29.5,29.5,2400
DHD,2025-11-10,30.0,30.0,29.2,29.6,6100
DHD,2025-11-11,30.0,30.0,30.0,30.0,300
DHD,2025-11-12,31.0,31.0,30.0,30.2,2100
DHD,2025-11-17,30.0,30.0,30.0,30.0,3000
DHD,2025-11-18,31.0,31.0,31.0,31.0,100
DHD,2025-11-19,31.0,31.0,31.0,31.0,200
DHD,2025-11-20,31.3,31.5,31.3,31.5,2200
DHD,2025-11-21,31.0,31.0,31.0,31.0,100
DHD,2025-11-24,31.3,31.3,31.3,31.3,100
DHD,2025-11-27,31.3,31.5,31.3,31.5,1200
DHD,2025-12-01,31.3,31.3,31.3,31.3,300
DHD,2025-12-02,31.3,31.3,31.3,31.3,300
DHD,2025-12-03,31.3,31.3,31.3,31.3,600
DHD,2025-12-04,34.0,34.0,31.5,33.0,2900
DHD,2025-12-09,32.5,32.5,32.5,32.5,300
DHD,2025-12-10,32.5,32.8,32.5,32.8,500
DHD,2025-12-11,32.8,33.0,32.8,33.0,700
DHD,2025-12-12,32.8,33.0,32.8,33.0,1100
DHD,2025-12-15,33.0,33.0,33.0,33.0,100
DHD,2025-12-16,33.0,33.0,33.0,33.0,4800
DHD,2025-12-17,33.0,33.0,33.0,33.0,3000
DHD,2025-12-19,33.0,33.4,33.0,33.4,400
DHD,2025-12-22,33.2,33.2,33.2,33.2,200
DHD,2025-12-23,33.5,34.2,33.5,34.2,2800
DHD,2025-12-24,34.0,34.1,34.0,34.1,1400
DHD,2025-12-30,35.0,35.0,35.0,35.0,300
DHD,2025-12-31,35.0,35.0,35.0,35.0,800
DHC,2009-07-23,1.26,1.56,1.26,1.56,31510
DHC,2009-07-24,1.62,1.64,1.62,1.64,25230
DHC,2009-07-27,1.56,1.71,1.56,1.56,27240
DHC,2009-07-28,1.57,1.62,1.48,1.48,7790
DHC,2009-07-29,1.53,1.53,1.43,1.43,7130
DHC,2009-07-30,1.38,1.38,1.37,1.37,19850
DHC,2009-07-31,1.42,1.43,1.42,1.43,5520
DHC,2009-08-03,1.44,1.46,1.44,1.44,1800
DHC,2009-08-04,1.47,1.47,1.37,1.37,14300
DHC,2009-08-05,1.37,1.39,1.37,1.37,12190
DHC,2009-08-06,1.37,1.43,1.37,1.43,5320
DHC,2009-08-07,1.43,1.43,1.38,1.43,11350
DHC,2009-08-10,1.43,1.43,1.39,1.43,8480
DHC,2009-08-11,1.38,1.45,1.38,1.44,6870
DHC,2009-08-12,1.44,1.46,1.38,1.44,25190
DHC,2009-08-13,1.44,1.45,1.41,1.41,8550
DHC,2009-08-14,1.4,1.41,1.39,1.39,23420
DHC,2009-08-17,1.39,1.41,1.39,1.41,3610
DHC,2009-08-18,1.39,1.41,1.39,1.41,14520
DHC,2009-08-19,1.41,1.42,1.38,1.4,12400
DHC,2009-08-20,1.42,1.42,1.38,1.41,13410
DHC,2009-08-21,1.41,1.41,1.38,1.38,38050
DHC,2009-08-24,1.43,1.43,1.39,1.4,27600
DHC,2009-08-25,1.39,1.39,1.38,1.39,36500
DHC,2009-08-26,1.41,1.41,1.39,1.39,7980
DHC,2009-08-27,1.39,1.4,1.35,1.4,8930
DHC,2009-08-28,1.4,1.47,1.4,1.47,62220
DHC,2009-08-31,1.54,1.54,1.53,1.54,272010
DHC,2009-09-01,1.58,1.6,1.55,1.58,79400
DHC,2009-09-03,1.65,1.65,1.53,1.65,202170
DHC,2009-09-04,1.65,1.74,1.65,1.65,156140
DHC,2009-09-07,1.57,1.65,1.57,1.57,51300
DHC,2009-09-08,1.59,1.62,1.5,1.59,55620
DHC,2009-09-09,1.52,1.59,1.52,1.52,130470
DHC,2009-09-10,1.52,1.57,1.52,1.52,29170
DHC,2009-09-11,1.53,1.58,1.53,1.54,36240
DHC,2009-09-14,1.56,1.56,1.54,1.54,49060
DHC,2009-09-15,1.52,1.54,1.52,1.53,38930
DHC,2009-09-16,1.53,1.6,1.53,1.6,178460
DHC,2009-09-17,1.66,1.66,1.61,1.63,52600
DHC,2009-09-18,1.6,1.64,1.6,1.64,33360
DHC,2009-09-21,1.66,1.71,1.62,1.66,93530
DHC,2009-09-22,1.66,1.66,1.64,1.66,67590
DHC,2009-09-23,1.7,1.7,1.62,1.67,67660
DHC,2009-09-24,1.6,1.65,1.6,1.65,37120
DHC,2009-09-25,1.64,1.65,1.63,1.65,60080
DHC,2009-09-28,1.69,1.69,1.63,1.63,61520
DHC,2009-09-29,1.66,1.66,1.6,1.65,68320
DHC,2009-09-30,1.68,1.69,1.62,1.68,93820
DHC,2009-10-01,1.64,1.68,1.63,1.64,37660
DHC,2009-10-02,1.6,1.66,1.6,1.66,34700
DHC,2009-10-05,1.66,1.66,1.62,1.65,12210
DHC,2009-10-06,1.66,1.66,1.63,1.66,35190
DHC,2009-10-07,1.68,1.68,1.65,1.66,74750
DHC,2009-10-08,1.66,1.66,1.64,1.66,51400
DHC,2009-10-09,1.74,1.74,1.67,1.74,118590
DHC,2009-10-12,1.83,1.83,1.83,1.83,39820
DHC,2009-10-13,1.92,1.92,1.92,1.92,53750
DHC,2009-10-14,2.01,2.01,2.01,2.01,30200
DHC,2009-10-15,2.1,2.1,2.1,2.1,54940
DHC,2009-10-16,2.2,2.2,2.2,2.2,291860
DHC,2009-10-19,2.31,2.31,2.25,2.31,216190
DHC,2009-10-20,2.42,2.42,2.42,2.42,150070
DHC,2009-10-21,2.42,2.43,2.3,2.32,313410
DHC,2009-10-22,2.43,2.43,2.37,2.43,604510
DHC,2009-10-23,2.53,2.54,2.31,2.31,229530
DHC,2009-10-26,2.25,2.42,2.25,2.29,247360
DHC,2009-10-27,2.29,2.29,2.19,2.19,126910
DHC,2009-10-28,2.2,2.25,2.09,2.2,123330
DHC,2009-10-29,2.1,2.16,2.1,2.1,144100
DHC,2009-10-30,2.18,2.19,2.1,2.19,116430
DHC,2009-11-02,2.1,2.2,2.09,2.09,224070
DHC,2009-11-03,2.01,2.07,1.99,1.99,81000
DHC,2009-11-04,1.89,2.04,1.89,2.04,131190
DHC,2009-11-05,2.01,2.14,2.01,2.14,129880
DHC,2009-11-06,2.24,2.24,2.24,2.24,97400
DHC,2009-11-09,2.24,2.24,2.13,2.13,89430
DHC,2009-11-10,2.16,2.16,2.08,2.11,39020
DHC,2009-11-11,2.07,2.11,2.07,2.11,68030
DHC,2009-11-12,2.19,2.19,2.11,2.16,24510
DHC,2009-11-13,2.08,2.14,2.05,2.14,115260
DHC,2009-11-16,2.06,2.13,2.04,2.12,228060
DHC,2009-11-17,2.12,2.12,2.04,2.04,33140
DHC,2009-11-18,2.01,2.05,1.98,2.01,20720
DHC,2009-11-19,2.1,2.1,1.99,2.04,57590
DHC,2009-11-20,2.01,2.07,2.01,2.05,73570
DHC,2009-11-23,2.01,2.01,2.0,2.01,12550
DHC,2009-11-24,1.96,2.01,1.96,1.98,37420
DHC,2009-11-25,1.88,1.93,1.88,1.88,23070
DHC,2009-11-26,1.79,1.79,1.79,1.79,90030
DHC,2009-11-27,1.71,1.87,1.71,1.79,58880
DHC,2009-11-30,1.87,1.87,1.8,1.87,35280
DHC,2009-12-01,1.82,1.96,1.82,1.96,46200
DHC,2009-12-02,1.91,2.05,1.91,1.91,49890
DHC,2009-12-03,1.83,1.98,1.83,1.98,50290
DHC,2009-12-04,1.98,2.01,1.98,1.98,57270
DHC,2009-12-07,1.98,2.02,1.98,1.98,21220
DHC,2009-12-08,1.91,1.98,1.88,1.97,65530
DHC,2009-12-09,1.88,1.88,1.88,1.88,18370
DHC,2009-12-10,1.79,1.96,1.79,1.79,21870
DHC,2009-12-11,1.82,1.82,1.71,1.71,23180
DHC,2009-12-14,1.64,1.79,1.64,1.71,29400
DHC,2009-12-15,1.71,1.78,1.64,1.78,43220
DHC,2009-12-16,1.73,1.8,1.73,1.8,12140
DHC,2009-12-17,1.8,1.8,1.74,1.79,5080
DHC,2009-12-18,1.87,1.87,1.85,1.87,13000
DHC,2009-12-21,1.94,1.96,1.91,1.96,49800
DHC,2009-12-22,1.88,2.02,1.88,2.01,12840
DHC,2009-12-23,1.94,2.01,1.94,1.94,1850
DHC,2009-12-24,1.89,1.94,1.89,1.94,5420
DHC,2009-12-25,1.96,1.96,1.91,1.96,13420
DHC,2009-12-28,1.96,1.97,1.91,1.96,2160
DHC,2009-12-29,1.96,1.96,1.91,1.96,3150
DHC,2009-12-30,1.91,1.96,1.91,1.94,5090
DHC,2009-12-31,1.97,1.97,1.91,1.93,17450
DHC,2010-01-04,1.96,2.02,1.93,1.98,47250
DHC,2010-01-05,2.07,2.07,2.03,2.05,2750
DHC,2010-01-06,1.97,2.05,1.96,1.96,8410
DHC,2010-01-07,1.96,2.05,1.92,1.96,96480
DHC,2010-01-08,2.03,2.03,1.96,2.02,80120
DHC,2010-01-11,1.97,1.97,1.97,1.97,390
DHC,2010-01-12,1.88,2.0,1.88,1.88,60260
DHC,2010-01-13,1.94,1.94,1.79,1.91,34810
DHC,2010-01-14,1.93,1.93,1.82,1.82,60420
DHC,2010-01-15,1.8,1.82,1.76,1.8,4160
DHC,2010-01-18,1.73,1.74,1.71,1.71,32790
DHC,2010-01-19,1.71,1.79,1.71,1.76,9200
DHC,2010-01-20,1.83,1.83,1.71,1.83,7700
DHC,2010-01-21,1.74,1.76,1.74,1.74,4560
DHC,2010-01-22,1.74,1.75,1.74,1.74,153510
DHC,2010-01-25,1.74,1.74,1.74,1.74,17430
DHC,2010-01-26,1.82,1.82,1.75,1.82,34770
DHC,2010-01-27,1.8,1.87,1.8,1.8,24250
DHC,2010-01-28,1.8,1.8,1.79,1.8,182590
DHC,2010-01-29,1.8,1.8,1.76,1.8,85260
DHC,2010-02-01,1.74,1.8,1.74,1.79,9210
DHC,2010-02-02,1.78,1.78,1.74,1.78,30900
DHC,2010-02-03,1.79,1.79,1.78,1.78,5440
DHC,2010-02-04,1.78,1.8,1.78,1.8,94840
DHC,2010-02-05,1.8,1.8,1.74,1.74,73090
DHC,2010-02-08,1.74,1.78,1.74,1.74,90310
DHC,2010-02-09,1.74,1.78,1.73,1.78,72470
DHC,2010-02-10,1.78,1.78,1.75,1.78,91250
DHC,2010-02-11,1.73,1.78,1.73,1.73,42750
DHC,2010-02-12,1.75,1.81,1.75,1.75,740
DHC,2010-02-22,1.78,1.78,1.78,1.78,44610
DHC,2010-02-23,1.7,1.79,1.7,1.7,1390
DHC,2010-02-24,1.71,1.71,1.7,1.71,550
DHC,2010-02-25,1.67,1.73,1.67,1.73,1300
DHC,2010-02-26,1.79,1.79,1.78,1.79,2550
DHC,2010-03-01,1.79,1.79,1.79,1.79,6000
DHC,2010-03-02,1.81,1.81,1.73,1.78,1160
DHC,2010-03-03,1.79,1.79,1.73,1.79,13820
DHC,2010-03-04,1.79,1.85,1.79,1.79,20320
DHC,2010-03-05,1.8,1.8,1.74,1.8,14620
DHC,2010-03-08,1.77,1.83,1.77,1.77,5960
DHC,2010-03-09,1.79,1.85,1.79,1.85,27110
DHC,2010-03-10,1.89,1.89,1.79,1.87,20230
DHC,2010-03-11,1.86,1.92,1.83,1.83,7840
DHC,2010-03-12,1.85,1.85,1.79,1.8,26240
DHC,2010-03-15,1.87,1.87,1.79,1.87,9660
DHC,2010-03-16,1.8,1.81,1.79,1.8,42580
DHC,2010-03-17,1.77,1.82,1.77,1.77,14780
DHC,2010-03-18,1.73,1.78,1.73,1.78,8300
DHC,2010-03-19,1.78,1.78,1.75,1.78,660
DHC,2010-03-22,1.74,1.75,1.74,1.74,14740
DHC,2010-03-23,1.74,1.75,1.74,1.75,1670
DHC,2010-03-24,1.8,1.8,1.71,1.71,920
DHC,2010-03-25,1.73,1.73,1.66,1.73,1210
DHC,2010-03-26,1.8,1.81,1.75,1.8,96020
DHC,2010-03-29,1.85,1.88,1.85,1.86,97970
DHC,2010-03-30,1.86,1.86,1.81,1.85,22190
DHC,2010-03-31,1.81,1.85,1.81,1.81,13540
DHC,2010-04-01,1.81,1.82,1.78,1.78,7670
DHC,2010-04-02,1.78,1.86,1.78,1.83,15980
DHC,2010-04-05,1.81,1.87,1.81,1.87,5100
DHC,2010-04-06,1.85,1.88,1.81,1.81,31580
DHC,2010-04-07,1.85,1.85,1.83,1.85,32180
DHC,2010-04-08,1.83,1.83,1.82,1.83,3800
DHC,2010-04-09,1.85,1.87,1.85,1.86,20060
DHC,2010-04-12,1.8,1.87,1.8,1.87,21570
DHC,2010-04-13,1.87,1.9,1.87,1.88,12910
DHC,2010-04-14,1.89,1.89,1.88,1.89,35970
DHC,2010-04-15,1.96,1.98,1.96,1.98,230830
DHC,2010-04-16,2.08,2.08,2.07,2.08,146600
DHC,2010-04-19,2.02,2.13,2.02,2.12,53410
DHC,2010-04-20,2.15,2.15,2.11,2.15,82800
DHC,2010-04-21,2.17,2.17,2.15,2.15,94320
DHC,2010-04-22,2.18,2.25,2.18,2.25,329120
DHC,2010-04-26,2.35,2.35,2.3,2.35,391140
DHC,2010-04-27,2.47,2.47,2.35,2.47,302380
DHC,2010-04-28,2.57,2.58,2.54,2.58,731170
DHC,2010-04-29,2.71,2.71,2.71,2.71,243620
DHC,2010-05-04,2.84,2.84,2.84,2.84,76620
DHC,2010-05-05,2.98,2.98,2.98,2.98,676370
DHC,2010-05-06,3.0,3.12,2.84,3.12,870230
DHC,2010-05-07,3.01,3.06,2.97,2.97,339610
DHC,2010-05-10,2.83,2.83,2.83,2.83,85280
DHC,2010-05-11,2.83,2.85,2.69,2.69,605340
DHC,2010-05-12,2.58,2.58,2.56,2.56,424190
DHC,2010-05-13,2.56,2.69,2.48,2.5,384640
DHC,2010-05-14,2.54,2.62,2.48,2.62,364660
DHC,2010-05-17,2.7,2.7,2.49,2.49,230510
DHC,2010-05-18,2.43,2.58,2.41,2.49,207890
DHC,2010-05-19,2.41,2.48,2.38,2.38,374180
DHC,2010-05-20,2.26,2.49,2.26,2.49,395530
DHC,2010-05-21,2.38,2.38,2.38,2.38,14030
DHC,2010-05-24,2.27,2.31,2.26,2.26,324900
DHC,2010-05-25,2.17,2.31,2.17,2.17,137470
DHC,2010-05-26,2.2,2.27,2.19,2.27,231880
DHC,2010-05-27,2.27,2.27,2.19,2.23,81640
DHC,2010-05-28,2.33,2.33,2.33,2.33,23340
DHC,2010-05-31,2.45,2.45,2.37,2.45,659930
DHC,2010-06-01,2.45,2.56,2.42,2.56,481690
DHC,2010-06-02,2.65,2.69,2.56,2.69,647990
DHC,2010-06-03,2.8,2.8,2.61,2.63,249840
DHC,2010-06-04,2.53,2.63,2.5,2.53,365750
DHC,2010-06-07,2.41,2.45,2.41,2.41,301730
DHC,2010-06-08,2.37,2.42,2.3,2.4,395700
DHC,2010-06-09,2.42,2.47,2.31,2.31,110910
DHC,2010-06-10,2.4,2.42,2.4,2.42,284020
DHC,2010-06-11,2.54,2.54,2.54,2.54,521850
DHC,2010-06-14,2.56,2.67,2.54,2.67,1403030
DHC,2010-06-15,2.79,2.79,2.67,2.79,1123170
DHC,2010-06-16,2.91,2.93,2.77,2.93,859250
DHC,2010-06-17,2.93,2.98,2.79,2.79,606660
DHC,2010-06-18,2.79,2.93,2.76,2.93,1068260
DHC,2010-06-21,3.07,3.07,3.0,3.07,713770
DHC,2010-06-22,3.09,3.22,3.07,3.19,1005740
DHC,2010-06-23,3.12,3.31,3.12,3.2,324990
DHC,2010-06-24,3.2,3.21,3.06,3.07,974490
DHC,2010-06-25,2.92,3.05,2.92,2.92,648460
DHC,2010-06-28,2.97,2.97,2.78,2.83,374790
DHC,2010-06-29,2.83,2.92,2.79,2.79,288930
DHC,2010-06-30,2.65,2.77,2.65,2.67,409160
DHC,2010-07-01,2.71,2.79,2.71,2.79,388240
DHC,2010-07-02,2.86,2.86,2.71,2.71,103310
DHC,2010-07-05,2.77,2.84,2.71,2.77,222200
DHC,2010-07-06,2.72,2.77,2.63,2.64,245950
DHC,2010-07-07,2.73,2.73,2.52,2.53,223000
DHC,2010-07-08,2.61,2.61,2.42,2.45,333240
DHC,2010-07-09,2.42,2.56,2.42,2.56,470280
DHC,2010-07-12,2.56,2.56,2.49,2.55,308650
DHC,2010-07-13,2.6,2.65,2.54,2.65,592940
DHC,2010-07-14,2.79,2.79,2.79,2.79,55920
DHC,2010-07-15,2.91,2.91,2.84,2.89,952220
DHC,2010-07-16,2.89,2.91,2.8,2.82,236860
DHC,2010-07-19,2.77,2.83,2.7,2.7,343120
DHC,2010-07-20,2.7,2.77,2.67,2.7,265600
DHC,2010-07-21,2.74,2.83,2.69,2.83,660640
DHC,2010-07-22,2.83,2.84,2.73,2.73,164650
DHC,2010-07-23,2.77,2.77,2.7,2.72,182370
DHC,2010-07-26,2.72,2.73,2.59,2.59,163780
DHC,2010-07-27,2.62,2.63,2.49,2.49,234470
DHC,2010-07-28,2.47,2.5,2.37,2.37,291580
DHC,2010-07-29,2.37,2.46,2.33,2.42,242030
DHC,2010-07-30,2.42,2.45,2.39,2.39,147020
DHC,2010-08-02,2.39,2.42,2.32,2.33,93990
DHC,2010-08-03,2.37,2.37,2.3,2.32,188480
DHC,2010-08-04,2.32,2.32,2.23,2.25,199360
DHC,2010-08-05,2.29,2.33,2.2,2.23,160020
DHC,2010-08-06,2.25,2.25,2.2,2.2,121550
DHC,2010-08-09,2.2,2.2,2.1,2.1,261900
DHC,2010-08-10,2.05,2.05,2.0,2.0,128540
DHC,2010-08-11,2.0,2.05,1.91,2.02,240960
DHC,2010-08-12,1.96,1.96,1.92,1.92,418080
DHC,2010-08-13,1.86,1.96,1.86,1.96,190070
DHC,2010-08-16,2.02,2.05,1.99,2.05,155710
DHC,2010-08-17,2.05,2.08,1.96,2.03,138950
DHC,2010-08-18,2.03,2.03,1.93,1.95,169030
DHC,2010-08-19,1.92,1.93,1.88,1.92,132430
DHC,2010-08-20,1.92,1.96,1.86,1.96,325970
DHC,2010-08-23,1.96,1.96,1.91,1.91,174630
DHC,2010-08-24,1.86,1.86,1.82,1.82,371650
DHC,2010-08-25,1.79,1.81,1.73,1.73,388670
DHC,2010-08-26,1.82,1.82,1.71,1.82,284840
DHC,2010-08-27,1.79,1.89,1.78,1.79,138520
DHC,2010-08-30,1.88,1.88,1.88,1.88,51600
DHC,2010-08-31,1.93,1.96,1.89,1.96,208800
DHC,2010-09-01,2.02,2.05,1.95,2.05,330440
DHC,2010-09-06,2.13,2.15,2.1,2.15,266230
DHC,2010-09-07,2.13,2.22,2.06,2.08,164110
DHC,2010-09-08,2.0,2.05,1.98,2.0,276280
DHC,2010-09-09,2.06,2.1,2.06,2.1,404610
DHC,2010-09-10,2.1,2.19,2.0,2.0,239740
DHC,2010-09-13,1.92,2.0,1.91,1.92,262250
DHC,2010-09-14,1.99,1.99,1.92,1.96,122820
DHC,2010-09-15,1.92,1.96,1.89,1.89,247290
DHC,2010-09-16,1.86,1.89,1.83,1.88,152870
DHC,2010-09-17,1.92,1.96,1.91,1.96,493230
DHC,2010-09-20,2.05,2.05,1.98,1.98,109580
DHC,2010-09-21,1.98,1.99,1.91,1.91,81370
DHC,2010-09-22,1.91,1.95,1.89,1.91,93740
DHC,2010-09-23,1.85,1.92,1.83,1.85,198020
DHC,2010-09-24,1.85,1.92,1.85,1.92,91120
DHC,2010-09-27,1.95,1.95,1.89,1.89,112400
DHC,2010-09-28,1.89,1.93,1.89,1.91,118870
DHC,2010-09-29,1.91,1.92,1.89,1.91,302590
DHC,2010-09-30,1.88,1.91,1.86,1.88,168440
DHC,2010-10-01,1.86,1.92,1.86,1.86,161050
DHC,2010-10-04,1.79,1.85,1.79,1.79,218700
DHC,2010-10-05,1.81,1.82,1.78,1.81,109420
DHC,2010-10-06,1.83,1.85,1.81,1.83,56550
DHC,2010-10-07,1.88,1.88,1.81,1.82,70210
DHC,2010-10-08,1.76,1.81,1.76,1.79,148960
DHC,2010-10-11,1.79,1.81,1.78,1.79,72520
DHC,2010-10-12,1.79,1.81,1.78,1.79,97710
DHC,2010-10-13,1.81,1.82,1.78,1.81,40100
DHC,2010-10-14,1.79,1.82,1.79,1.79,50490
DHC,2010-10-15,1.78,1.81,1.78,1.78,47940
DHC,2010-10-18,1.82,1.82,1.79,1.82,26930
DHC,2010-10-19,1.78,1.82,1.76,1.78,114230
DHC,2010-10-20,1.71,1.73,1.71,1.71,137440
DHC,2010-10-21,1.69,1.73,1.69,1.69,31450
DHC,2010-10-22,1.69,1.71,1.68,1.69,34720
DHC,2010-10-25,1.69,1.71,1.66,1.69,48370
DHC,2010-10-26,1.76,1.76,1.75,1.76,32140
DHC,2010-10-27,1.82,1.83,1.76,1.76,139910
DHC,2010-10-28,1.78,1.79,1.76,1.78,58470
DHC,2010-10-29,1.75,1.79,1.73,1.75,31940
DHC,2010-11-01,1.73,1.76,1.73,1.76,84780
DHC,2010-11-02,1.79,1.79,1.75,1.79,98430
DHC,2010-11-03,1.76,1.78,1.76,1.76,51580
DHC,2010-11-04,1.76,1.79,1.76,1.76,26910
DHC,2010-11-05,1.76,1.79,1.75,1.78,285840
DHC,2010-11-08,1.76,1.78,1.71,1.76,205600
DHC,2010-11-09,1.75,1.75,1.68,1.69,142460
DHC,2010-11-10,1.72,1.72,1.69,1.72,75910
DHC,2010-11-11,1.69,1.72,1.69,1.69,145030
DHC,2010-11-12,1.62,1.66,1.62,1.62,237420
DHC,2010-11-15,1.58,1.62,1.55,1.56,198580
DHC,2010-11-16,1.56,1.58,1.51,1.52,109550
DHC,2010-11-17,1.59,1.59,1.54,1.59,66990
DHC,2010-11-18,1.66,1.66,1.61,1.66,196010
DHC,2010-11-19,1.65,1.71,1.61,1.64,90450
DHC,2010-11-22,1.62,1.62,1.59,1.62,40060
DHC,2010-11-23,1.65,1.68,1.59,1.65,38950
DHC,2010-11-24,1.69,1.69,1.62,1.69,41320
DHC,2010-11-25,1.72,1.75,1.71,1.72,79980
DHC,2010-11-26,1.73,1.75,1.71,1.73,81220
DHC,2010-11-29,1.81,1.81,1.76,1.81,75900
DHC,2010-11-30,1.9,1.9,1.88,1.9,187930
DHC,2010-12-01,1.9,1.9,1.85,1.9,80770
DHC,2010-12-02,1.88,1.99,1.88,1.99,118740
DHC,2010-12-03,1.99,2.06,1.97,2.02,71700
DHC,2010-12-06,2.02,2.09,2.0,2.06,155430
DHC,2010-12-07,2.0,2.06,1.99,2.0,242580
DHC,2010-12-08,1.94,1.96,1.91,1.91,242990
DHC,2010-12-09,1.9,1.93,1.88,1.9,43090
DHC,2010-12-10,1.91,1.94,1.9,1.93,71070
DHC,2010-12-13,1.94,2.02,1.94,1.94,82620
DHC,2010-12-14,1.88,1.94,1.85,1.85,173370
DHC,2010-12-15,1.88,1.94,1.87,1.88,114450
DHC,2010-12-16,1.87,1.9,1.82,1.87,37920
DHC,2010-12-17,1.81,1.88,1.81,1.81,103600
DHC,2010-12-20,1.85,1.88,1.84,1.85,40440
DHC,2010-12-21,1.85,1.85,1.82,1.85,61270
DHC,2010-12-22,1.94,1.94,1.87,1.9,45250
DHC,2010-12-23,1.93,1.93,1.82,1.82,19180
DHC,2010-12-24,1.79,1.84,1.79,1.81,41470
DHC,2010-12-27,1.81,1.85,1.79,1.81,18280
DHC,2010-12-28,1.81,1.87,1.81,1.81,18330
DHC,2010-12-29,1.81,1.85,1.81,1.84,14520
DHC,2010-12-30,1.84,1.87,1.81,1.85,30200
DHC,2010-12-31,1.85,1.9,1.85,1.87,9800
DHC,2011-01-04,1.84,1.88,1.84,1.84,16730
DHC,2011-01-05,1.84,1.85,1.84,1.85,27500
DHC,2011-01-06,1.85,1.87,1.84,1.84,58090
DHC,2011-01-07,1.84,1.87,1.84,1.87,29220
DHC,2011-01-10,1.84,1.84,1.81,1.84,12980
DHC,2011-01-11,1.85,1.85,1.79,1.81,50090
DHC,2011-01-12,1.79,1.85,1.79,1.82,34530
DHC,2011-01-13,1.81,1.85,1.81,1.82,13960
DHC,2011-01-14,1.82,1.84,1.82,1.82,47510
DHC,2011-01-17,1.87,1.88,1.84,1.87,54790
DHC,2011-01-18,1.88,1.91,1.87,1.87,27650
DHC,2011-01-19,1.87,1.88,1.87,1.88,141920
DHC,2011-01-20,1.9,1.9,1.85,1.85,54460
DHC,2011-01-21,1.85,1.88,1.85,1.87,66530
DHC,2011-01-24,1.9,1.91,1.87,1.88,90910
DHC,2011-01-25,1.87,1.87,1.85,1.87,41520
DHC,2011-01-26,1.85,1.87,1.84,1.85,28410
DHC,2011-01-27,1.84,1.87,1.84,1.85,6750
DHC,2011-01-28,1.82,1.88,1.82,1.88,36200
DHC,2011-02-08,1.87,1.87,1.85,1.87,16510
DHC,2011-02-09,1.87,1.87,1.84,1.84,17160
DHC,2011-02-10,1.82,1.84,1.81,1.84,53220
DHC,2011-02-11,1.85,1.85,1.82,1.84,6620
DHC,2011-02-14,1.81,1.84,1.79,1.84,7050
DHC,2011-02-15,1.84,1.84,1.82,1.84,76620
DHC,2011-02-16,1.87,1.87,1.79,1.81,42550
DHC,2011-02-17,1.81,1.84,1.78,1.78,176730
DHC,2011-02-18,1.73,1.75,1.72,1.73,49020
DHC,2011-02-21,1.67,1.72,1.66,1.66,64960
DHC,2011-02-22,1.66,1.66,1.63,1.63,29620
DHC,2011-02-23,1.7,1.7,1.63,1.63,18940
DHC,2011-02-24,1.63,1.66,1.62,1.63,186820
DHC,2011-02-25,1.65,1.65,1.63,1.65,13520
DHC,2011-02-28,1.65,1.66,1.65,1.65,159140
DHC,2011-03-01,1.65,1.72,1.65,1.72,73600
DHC,2011-03-02,1.66,1.66,1.65,1.65,43990
DHC,2011-03-03,1.57,1.63,1.57,1.63,44450
DHC,2011-03-04,1.65,1.65,1.59,1.59,42750
DHC,2011-03-07,1.54,1.62,1.54,1.62,120
DHC,2011-03-08,1.63,1.63,1.57,1.57,24230
DHC,2011-03-09,1.56,1.56,1.53,1.54,97710
DHC,2011-03-10,1.57,1.62,1.56,1.62,97010
DHC,2011-03-11,1.69,1.69,1.65,1.66,72110
DHC,2011-03-14,1.67,1.67,1.6,1.63,24810
DHC,2011-03-15,1.6,1.65,1.6,1.65,62910
DHC,2011-03-16,1.65,1.67,1.62,1.62,62310
DHC,2011-03-17,1.65,1.69,1.62,1.69,102240
DHC,2011-03-18,1.66,1.76,1.66,1.76,111100
DHC,2011-03-21,1.82,1.84,1.76,1.84,36240
DHC,2011-03-22,1.78,1.82,1.76,1.76,33500
DHC,2011-03-23,1.75,1.78,1.75,1.78,510
DHC,2011-03-24,1.78,1.78,1.7,1.76,14070
DHC,2011-03-25,1.76,1.76,1.69,1.69,8550
DHC,2011-03-28,1.65,1.69,1.65,1.67,7040
DHC,2011-03-29,1.65,1.67,1.65,1.65,45530
DHC,2011-03-30,1.65,1.65,1.62,1.62,10390
DHC,2011-03-31,1.65,1.65,1.65,1.65,1250
DHC,2011-04-01,1.65,1.65,1.62,1.62,13420
DHC,2011-04-04,1.6,1.6,1.6,1.6,26590
DHC,2011-04-05,1.6,1.6,1.6,1.6,26230
DHC,2011-04-06,1.6,1.62,1.59,1.59,22290
DHC,2011-04-07,1.59,1.63,1.59,1.6,52060
DHC,2011-04-08,1.62,1.62,1.6,1.6,26100
DHC,2011-04-13,1.57,1.62,1.57,1.62,520
DHC,2011-04-14,1.59,1.6,1.59,1.6,14190
DHC,2011-04-15,1.6,1.62,1.59,1.59,4510
DHC,2011-04-18,1.59,1.59,1.57,1.59,4300
DHC,2011-04-19,1.53,1.57,1.53,1.53,78110
DHC,2011-04-20,1.5,1.56,1.5,1.51,17630
DHC,2011-04-21,1.51,1.53,1.5,1.53,19510
DHC,2011-04-22,1.53,1.53,1.5,1.5,29080
DHC,2011-04-25,1.5,1.5,1.45,1.5,8600
DHC,2011-04-26,1.5,1.5,1.48,1.5,19120
DHC,2011-04-27,1.53,1.53,1.5,1.53,31450
DHC,2011-04-28,1.56,1.56,1.5,1.5,12240
DHC,2011-04-29,1.53,1.53,1.5,1.53,21160
DHC,2011-05-04,1.5,1.53,1.5,1.5,26430
DHC,2011-05-05,1.45,1.5,1.45,1.5,18740
DHC,2011-05-06,1.54,1.54,1.5,1.53,4050
DHC,2011-05-09,1.53,1.53,1.5,1.5,4700
DHC,2011-05-10,1.51,1.57,1.51,1.54,7770
DHC,2011-05-11,1.53,1.53,1.51,1.53,31300
DHC,2011-05-12,1.51,1.54,1.51,1.54,560
DHC,2011-05-13,1.53,1.53,1.5,1.51,60910
DHC,2011-05-16,1.54,1.54,1.5,1.51,10830
DHC,2011-05-17,1.5,1.5,1.48,1.5,41250
DHC,2011-05-18,1.5,1.5,1.42,1.44,15110
DHC,2011-05-19,1.44,1.5,1.42,1.44,33920
DHC,2011-05-20,1.44,1.47,1.42,1.47,25030
DHC,2011-05-23,1.47,1.48,1.45,1.48,33160
DHC,2011-05-24,1.47,1.47,1.44,1.47,44210
DHC,2011-05-25,1.48,1.48,1.4,1.42,17370
DHC,2011-05-26,1.35,1.48,1.35,1.48,6220
DHC,2011-05-27,1.45,1.5,1.45,1.5,12910
DHC,2011-05-30,1.48,1.48,1.43,1.45,48900
DHC,2011-05-31,1.38,1.43,1.38,1.4,17150
DHC,2011-06-01,1.33,1.47,1.33,1.47,22970
DHC,2011-06-02,1.53,1.53,1.47,1.53,35220
DHC,2011-06-03,1.6,1.6,1.51,1.56,8430
DHC,2011-06-06,1.51,1.56,1.51,1.56,810
DHC,2011-06-07,1.56,1.63,1.56,1.61,4500
DHC,2011-06-08,1.58,1.6,1.58,1.58,7320
DHC,2011-06-09,1.56,1.6,1.56,1.6,880
DHC,2011-06-10,1.63,1.63,1.6,1.63,7910
DHC,2011-06-13,1.65,1.65,1.65,1.65,3010
DHC,2011-06-14,1.65,1.68,1.65,1.65,12090
DHC,2011-06-15,1.56,1.56,1.56,1.56,101550
DHC,2011-06-16,1.5,1.53,1.5,1.53,2910
DHC,2011-06-17,1.56,1.56,1.48,1.48,3020
DHC,2011-06-20,1.45,1.47,1.45,1.45,12970
DHC,2011-06-21,1.43,1.48,1.43,1.48,5900
DHC,2011-06-22,1.45,1.51,1.45,1.51,5480
DHC,2011-06-23,1.51,1.51,1.51,1.51,0
DHC,2011-06-24,1.55,1.55,1.48,1.55,5630
DHC,2011-06-27,1.48,1.55,1.48,1.55,31860
DHC,2011-06-28,1.51,1.51,1.48,1.51,16610
DHC,2011-06-29,1.48,1.51,1.48,1.51,7080
DHC,2011-06-30,1.53,1.56,1.53,1.55,30
DHC,2011-07-01,1.48,1.55,1.48,1.5,1470
DHC,2011-07-04,1.48,1.48,1.48,1.48,21550
DHC,2011-07-05,1.53,1.53,1.47,1.48,1840
DHC,2011-07-06,1.48,1.48,1.48,1.48,10400
DHC,2011-07-07,1.48,1.48,1.48,1.48,3200
DHC,2011-07-08,1.48,1.48,1.47,1.47,23810
DHC,2011-07-11,1.47,1.47,1.47,1.47,0
DHC,2011-07-12,1.5,1.5,1.4,1.4,28210
DHC,2011-07-13,1.45,1.45,1.33,1.45,35500
DHC,2011-07-14,1.47,1.47,1.47,1.47,10
DHC,2011-07-15,1.47,1.47,1.45,1.47,5580
DHC,2011-07-18,1.47,1.47,1.47,1.47,0
DHC,2011-07-19,1.47,1.47,1.47,1.47,0
DHC,2011-07-20,1.47,1.47,1.4,1.45,3730
DHC,2011-07-21,1.42,1.47,1.38,1.4,6170
DHC,2011-07-22,1.4,1.4,1.4,1.4,2100
DHC,2011-07-25,1.37,1.37,1.37,1.37,2000
DHC,2011-07-26,1.4,1.4,1.37,1.38,6090
DHC,2011-07-27,1.38,1.4,1.35,1.35,21520
DHC,2011-07-28,1.35,1.42,1.35,1.42,5930
DHC,2011-07-29,1.42,1.42,1.37,1.4,32860
DHC,2011-08-01,1.37,1.45,1.37,1.45,4010
DHC,2011-08-02,1.42,1.45,1.42,1.45,4000
DHC,2011-08-03,1.4,1.43,1.38,1.43,99260
DHC,2011-08-04,1.43,1.43,1.43,1.43,780
DHC,2011-08-05,1.47,1.47,1.47,1.47,50
DHC,2011-08-08,1.47,1.47,1.4,1.4,39330
DHC,2011-08-09,1.35,1.35,1.33,1.33,43850
DHC,2011-08-10,1.32,1.38,1.32,1.38,22030
DHC,2011-08-11,1.37,1.37,1.37,1.37,210
DHC,2011-08-12,1.37,1.43,1.37,1.43,6010
DHC,2011-08-15,1.37,1.47,1.37,1.47,4100
DHC,2011-08-16,1.4,1.4,1.4,1.4,21000
DHC,2011-08-17,1.33,1.4,1.33,1.4,28560
DHC,2011-08-18,1.42,1.42,1.33,1.35,59100
DHC,2011-08-19,1.28,1.42,1.28,1.42,22500
DHC,2011-08-22,1.37,1.37,1.35,1.35,66620
DHC,2011-08-23,1.32,1.33,1.32,1.33,2350
DHC,2011-08-24,1.32,1.35,1.32,1.33,8560
DHC,2011-08-25,1.38,1.38,1.32,1.32,55030
DHC,2011-08-26,1.32,1.32,1.32,1.32,12640
DHC,2011-08-29,1.32,1.37,1.32,1.37,14390
DHC,2011-08-30,1.3,1.32,1.3,1.32,29490
DHC,2011-08-31,1.33,1.33,1.33,1.33,10
DHC,2011-09-01,1.32,1.37,1.32,1.37,25790
DHC,2011-09-05,1.37,1.37,1.3,1.32,1170
DHC,2011-09-06,1.25,1.35,1.25,1.35,40
DHC,2011-09-07,1.28,1.38,1.28,1.38,27410
DHC,2011-09-08,1.35,1.38,1.32,1.33,5250
DHC,2011-09-09,1.33,1.35,1.33,1.33,4480
DHC,2011-09-12,1.33,1.33,1.32,1.32,1140
DHC,2011-09-13,1.32,1.37,1.32,1.37,51310
DHC,2011-09-14,1.37,1.37,1.32,1.32,26420
DHC,2011-09-15,1.32,1.35,1.3,1.35,2510
DHC,2011-09-16,1.37,1.37,1.28,1.3,24090
DHC,2011-09-19,1.33,1.33,1.32,1.32,1050
DHC,2011-09-20,1.32,1.32,1.32,1.32,500
DHC,2011-09-21,1.27,1.33,1.25,1.27,27210
DHC,2011-09-22,1.28,1.3,1.22,1.23,11520
DHC,2011-09-23,1.27,1.27,1.19,1.23,4610
DHC,2011-09-26,1.23,1.25,1.2,1.25,9150
DHC,2011-09-27,1.25,1.25,1.2,1.2,2810
DHC,2011-09-28,1.19,1.22,1.19,1.22,8510
DHC,2011-09-29,1.22,1.22,1.17,1.17,26040
DHC,2011-09-30,1.14,1.17,1.14,1.15,13920
DHC,2011-10-03,1.15,1.17,1.15,1.15,5100
DHC,2011-10-04,1.15,1.17,1.12,1.12,18320
DHC,2011-10-05,1.14,1.14,1.07,1.07,5580
DHC,2011-10-06,1.12,1.12,1.09,1.12,11610
DHC,2011-10-07,1.15,1.15,1.14,1.14,310
DHC,2011-10-10,1.15,1.15,1.1,1.1,310
DHC,2011-10-11,1.14,1.14,1.09,1.09,4690
DHC,2011-10-12,1.07,1.1,1.07,1.1,10690
DHC,2011-10-13,1.09,1.12,1.09,1.12,1530
DHC,2011-10-14,1.09,1.12,1.09,1.1,5180
DHC,2011-10-17,1.09,1.09,1.05,1.05,16210
DHC,2011-10-18,1.02,1.1,1.0,1.0,16080
DHC,2011-10-19,1.0,1.04,0.99,0.99,15000
DHC,2011-10-20,0.99,1.02,0.99,1.02,4010
DHC,2011-10-21,0.99,1.02,0.99,1.0,10920
DHC,2011-10-24,1.0,1.02,0.99,1.0,12620
DHC,2011-10-25,1.0,1.0,0.96,0.96,35520
DHC,2011-10-26,0.96,0.96,0.94,0.96,9510
DHC,2011-10-27,0.97,0.99,0.96,0.99,10350
DHC,2011-10-28,1.02,1.02,1.02,1.02,13950
DHC,2011-10-31,1.07,1.07,1.04,1.04,6430
DHC,2011-11-01,1.0,1.02,1.0,1.02,3370
DHC,2011-11-02,1.05,1.05,1.05,1.05,10
DHC,2011-11-03,1.02,1.07,1.02,1.07,18970
DHC,2011-11-04,1.07,1.07,1.05,1.05,4210
DHC,2011-11-07,1.07,1.07,1.07,1.07,830
DHC,2011-11-08,1.07,1.07,1.07,1.07,0
DHC,2011-11-09,1.07,1.12,1.07,1.12,125900
DHC,2011-11-10,1.12,1.15,1.12,1.15,11100
DHC,2011-11-11,1.14,1.14,1.1,1.1,17170
DHC,2011-11-14,1.07,1.07,1.05,1.05,8480
DHC,2011-11-15,1.05,1.05,1.05,1.05,0
DHC,2011-11-16,1.05,1.09,1.02,1.02,2820
DHC,2011-11-17,1.05,1.05,0.99,1.05,580
DHC,2011-11-18,1.0,1.04,1.0,1.0,34920
DHC,2011-11-21,0.99,1.02,0.99,1.02,9010
DHC,2011-11-22,1.02,1.05,1.02,1.05,1280
DHC,2011-11-23,1.04,1.09,1.04,1.05,18690
DHC,2011-11-24,1.05,1.09,1.02,1.02,2770
DHC,2011-11-25,1.04,1.04,1.02,1.04,7760
DHC,2011-11-28,1.02,1.07,1.02,1.07,9400
DHC,2011-11-29,1.04,1.04,1.04,1.04,35000
DHC,2011-11-30,1.04,1.05,1.04,1.05,16380
DHC,2011-12-01,1.04,1.1,1.04,1.1,218680
DHC,2011-12-02,1.09,1.14,1.09,1.14,53510
DHC,2011-12-05,1.15,1.15,1.09,1.09,5710
DHC,2011-12-06,1.05,1.14,1.05,1.12,8950
DHC,2011-12-07,1.07,1.12,1.07,1.12,20000
DHC,2011-12-08,1.09,1.12,1.09,1.12,11660
DHC,2011-12-09,1.12,1.14,1.1,1.14,5600
DHC,2011-12-12,1.15,1.15,1.12,1.15,6800
DHC,2011-12-13,1.1,1.1,1.1,1.1,10
DHC,2011-12-14,1.09,1.12,1.07,1.12,3610
DHC,2011-12-15,1.07,1.12,1.07,1.12,11120
DHC,2011-12-16,1.15,1.15,1.07,1.15,25870
DHC,2011-12-19,1.12,1.12,1.1,1.1,5000
DHC,2011-12-20,1.14,1.14,1.09,1.09,4750
DHC,2011-12-21,1.12,1.14,1.12,1.12,17920
DHC,2011-12-22,1.15,1.17,1.14,1.15,38030
DHC,2011-12-23,1.15,1.15,1.15,1.15,0
DHC,2011-12-26,1.15,1.15,1.15,1.15,21000
DHC,2011-12-27,1.15,1.15,1.1,1.15,96110
DHC,2011-12-28,1.1,1.17,1.1,1.15,135110
DHC,2011-12-29,1.14,1.15,1.14,1.15,3000
DHC,2011-12-30,1.15,1.15,1.12,1.12,29500
DHC,2012-01-03,1.12,1.12,1.12,1.12,0
DHC,2012-01-04,1.12,1.12,1.12,1.12,6010
DHC,2012-01-05,1.14,1.14,1.14,1.14,100
DHC,2012-01-06,1.12,1.12,1.12,1.12,1410
DHC,2012-01-09,1.09,1.1,1.09,1.1,1970
DHC,2012-01-10,1.1,1.1,1.1,1.1,0
DHC,2012-01-11,1.1,1.1,1.1,1.1,0
DHC,2012-01-12,1.15,1.15,1.14,1.15,3610
DHC,2012-01-13,1.17,1.2,1.17,1.2,58270
DHC,2012-01-16,1.2,1.25,1.2,1.25,46450
DHC,2012-01-17,1.3,1.3,1.3,1.3,10
DHC,2012-01-18,1.3,1.32,1.25,1.25,21000
DHC,2012-01-19,1.3,1.3,1.25,1.25,3110
DHC,2012-01-20,1.25,1.3,1.25,1.25,22000
DHC,2012-01-30,1.25,1.3,1.25,1.3,21110
DHC,2012-01-31,1.32,1.35,1.32,1.35,182900
DHC,2012-02-01,1.32,1.32,1.28,1.32,3750
DHC,2012-02-02,1.35,1.38,1.32,1.35,23230
DHC,2012-02-03,1.32,1.37,1.32,1.37,4850
DHC,2012-02-06,1.4,1.42,1.4,1.4,9600
DHC,2012-02-07,1.4,1.4,1.33,1.38,30510
DHC,2012-02-08,1.4,1.42,1.38,1.42,16000
DHC,2012-02-09,1.37,1.37,1.37,1.37,1600
DHC,2012-02-10,1.33,1.42,1.33,1.35,13800
DHC,2012-02-13,1.35,1.4,1.35,1.4,11230
DHC,2012-02-14,1.38,1.4,1.38,1.4,1550
DHC,2012-02-15,1.33,1.33,1.33,1.33,10
DHC,2012-02-16,1.28,1.28,1.28,1.28,3200
DHC,2012-02-17,1.32,1.33,1.32,1.33,11010
DHC,2012-02-20,1.35,1.4,1.35,1.4,21790
DHC,2012-02-21,1.4,1.4,1.33,1.33,110
DHC,2012-02-22,1.37,1.4,1.32,1.35,20890
DHC,2012-02-23,1.35,1.4,1.28,1.4,30310
DHC,2012-02-24,1.33,1.4,1.33,1.35,4820
DHC,2012-02-27,1.28,1.4,1.28,1.4,12000
DHC,2012-02-28,1.35,1.35,1.33,1.33,12510
DHC,2012-02-29,1.38,1.38,1.33,1.38,6010
DHC,2012-03-01,1.32,1.33,1.32,1.33,560
DHC,2012-03-02,1.37,1.4,1.37,1.4,113840
DHC,2012-03-05,1.4,1.47,1.4,1.4,54020
DHC,2012-03-06,1.43,1.47,1.33,1.33,80760
DHC,2012-03-07,1.32,1.4,1.32,1.4,18010
DHC,2012-03-08,1.35,1.42,1.35,1.35,17810
DHC,2012-03-09,1.4,1.42,1.4,1.42,47510
DHC,2012-03-12,1.45,1.45,1.38,1.42,44010
DHC,2012-03-13,1.42,1.45,1.42,1.43,16150
DHC,2012-03-14,1.37,1.43,1.37,1.43,2310
DHC,2012-03-15,1.37,1.43,1.37,1.43,3700
DHC,2012-03-16,1.43,1.48,1.37,1.37,11700
DHC,2012-03-19,1.4,1.43,1.4,1.43,59750
DHC,2012-03-20,1.5,1.5,1.48,1.5,59050
DHC,2012-03-21,1.56,1.56,1.56,1.56,40930
DHC,2012-03-22,1.63,1.63,1.63,1.63,82860
DHC,2012-03-23,1.68,1.7,1.66,1.68,81870
DHC,2012-03-26,1.63,1.76,1.61,1.76,85150
DHC,2012-03-27,1.68,1.73,1.68,1.73,66720
DHC,2012-03-28,1.65,1.7,1.65,1.65,27150
DHC,2012-03-29,1.56,1.56,1.56,1.56,10
DHC,2012-03-30,1.63,1.63,1.5,1.51,5240
DHC,2012-04-03,1.5,1.56,1.45,1.47,5820
DHC,2012-04-04,1.53,1.53,1.4,1.4,10350
DHC,2012-04-05,1.33,1.47,1.33,1.43,27660
DHC,2012-04-06,1.5,1.5,1.4,1.4,15850
DHC,2012-04-09,1.4,1.45,1.35,1.45,2900
DHC,2012-04-10,1.48,1.48,1.38,1.43,25900
DHC,2012-04-11,1.47,1.5,1.4,1.5,4180
DHC,2012-04-12,1.47,1.5,1.47,1.48,8390
DHC,2012-04-13,1.5,1.5,1.42,1.43,16630
DHC,2012-04-16,1.4,1.5,1.4,1.47,68680
DHC,2012-04-17,1.45,1.48,1.45,1.48,2780
DHC,2012-04-18,1.48,1.5,1.48,1.5,4340
DHC,2012-04-19,1.47,1.51,1.47,1.51,17770
DHC,2012-04-20,1.51,1.51,1.45,1.51,10090
DHC,2012-04-23,1.56,1.56,1.47,1.51,15010
DHC,2012-04-24,1.48,1.53,1.48,1.53,21260
DHC,2012-04-25,1.5,1.53,1.48,1.53,19100
DHC,2012-04-26,1.55,1.55,1.48,1.48,2510
DHC,2012-04-27,1.5,1.55,1.5,1.51,21190
DHC,2012-05-02,1.5,1.51,1.5,1.51,2010
DHC,2012-05-03,1.51,1.51,1.5,1.5,13210
DHC,2012-05-04,1.56,1.56,1.5,1.55,30710
DHC,2012-05-07,1.48,1.55,1.48,1.53,3350
DHC,2012-05-08,1.55,1.55,1.53,1.53,18050
DHC,2012-05-09,1.53,1.56,1.51,1.56,11910
DHC,2012-05-10,1.56,1.58,1.56,1.56,5500
DHC,2012-05-11,1.51,1.56,1.5,1.53,42000
DHC,2012-05-14,1.47,1.53,1.47,1.51,29810
DHC,2012-05-15,1.5,1.5,1.45,1.45,3000
DHC,2012-05-16,1.5,1.5,1.45,1.45,140
DHC,2012-05-17,1.51,1.51,1.38,1.51,30
DHC,2012-05-18,1.45,1.5,1.45,1.5,820
DHC,2012-05-21,1.5,1.5,1.5,1.5,0
DHC,2012-05-22,1.43,1.5,1.43,1.5,20
DHC,2012-05-23,1.45,1.45,1.45,1.45,170
DHC,2012-05-24,1.5,1.5,1.5,1.5,10
DHC,2012-05-25,1.5,1.5,1.5,1.5,0
DHC,2012-05-28,1.53,1.53,1.53,1.53,10
DHC,2012-05-29,1.47,1.47,1.47,1.47,100
DHC,2012-05-30,1.47,1.47,1.47,1.47,0
DHC,2012-05-31,1.4,1.45,1.4,1.45,510
DHC,2012-06-01,1.4,1.4,1.4,1.4,100
DHC,2012-06-04,1.4,1.4,1.4,1.4,0
DHC,2012-06-05,1.33,1.33,1.33,1.33,10
DHC,2012-06-06,1.27,1.27,1.27,1.27,10
DHC,2012-06-07,1.32,1.32,1.22,1.22,40
DHC,2012-06-08,1.27,1.27,1.25,1.25,1050
DHC,2012-06-11,1.25,1.25,1.25,1.25,0
DHC,2012-06-12,1.2,1.3,1.2,1.2,8020
DHC,2012-06-13,1.17,1.23,1.17,1.23,4010
DHC,2012-06-14,1.28,1.28,1.28,1.28,90
DHC,2012-06-15,1.33,1.33,1.33,1.33,10
DHC,2012-06-18,1.37,1.37,1.32,1.32,20
DHC,2012-06-19,1.32,1.32,1.32,1.32,0
DHC,2012-06-20,1.3,1.3,1.3,1.3,80
DHC,2012-06-21,1.27,1.28,1.27,1.28,14000
DHC,2012-06-22,1.23,1.32,1.23,1.32,1030
DHC,2012-06-25,1.25,1.25,1.25,1.25,1000
DHC,2012-06-26,1.25,1.25,1.25,1.25,0
DHC,2012-06-27,1.27,1.27,1.27,1.27,4000
DHC,2012-06-28,1.27,1.27,1.27,1.27,0
DHC,2012-06-29,1.27,1.27,1.22,1.22,1010
DHC,2012-07-02,1.22,1.22,1.22,1.22,0
DHC,2012-07-03,1.22,1.22,1.22,1.22,0
DHC,2012-07-04,1.22,1.22,1.22,1.22,0
DHC,2012-07-05,1.22,1.22,1.22,1.22,800
DHC,2012-07-06,1.17,1.27,1.17,1.17,20
DHC,2012-07-09,1.17,1.17,1.17,1.17,0
DHC,2012-07-10,1.22,1.22,1.22,1.22,10
DHC,2012-07-11,1.27,1.27,1.27,1.27,10
DHC,2012-07-12,1.32,1.32,1.32,1.32,10
DHC,2012-07-13,1.32,1.32,1.32,1.32,0
DHC,2012-07-16,1.32,1.32,1.32,1.32,0
DHC,2012-07-17,1.32,1.32,1.32,1.32,0
DHC,2012-07-18,1.35,1.35,1.35,1.35,10
DHC,2012-07-19,1.32,1.32,1.32,1.32,10
DHC,2012-07-20,1.32,1.32,1.32,1.32,0
DHC,2012-07-23,1.32,1.32,1.32,1.32,0
DHC,2012-07-24,1.32,1.32,1.32,1.32,0
DHC,2012-07-25,1.25,1.25,1.25,1.25,10290
DHC,2012-07-26,1.23,1.23,1.2,1.2,3620
DHC,2012-07-27,1.15,1.2,1.15,1.2,7000
DHC,2012-07-30,1.25,1.25,1.15,1.15,11950
DHC,2012-07-31,1.1,1.1,1.1,1.1,10
DHC,2012-08-01,1.05,1.05,1.05,1.05,10
DHC,2012-08-02,1.02,1.02,1.0,1.0,130
DHC,2012-08-03,0.96,1.05,0.96,1.0,140
DHC,2012-08-06,0.96,0.96,0.96,0.96,10
DHC,2012-08-07,0.92,0.99,0.92,0.96,2850
DHC,2012-08-08,0.97,0.97,0.97,0.97,10
DHC,2012-08-09,1.0,1.0,1.0,1.0,10
DHC,2012-08-10,1.0,1.05,1.0,1.05,60
DHC,2012-08-13,1.1,1.1,1.0,1.0,3070
DHC,2012-08-14,0.96,1.0,0.96,0.96,770
DHC,2012-08-15,0.92,0.99,0.92,0.99,60
DHC,2012-08-16,1.02,1.02,1.02,1.02,20
DHC,2012-08-17,1.02,1.02,1.02,1.02,0
DHC,2012-08-20,0.99,0.99,0.99,0.99,40
DHC,2012-08-21,0.94,0.94,0.94,0.94,10
DHC,2012-08-22,0.94,0.94,0.94,0.94,110
DHC,2012-08-23,0.97,0.97,0.97,0.97,100
DHC,2012-08-24,0.97,0.97,0.97,0.97,0
DHC,2012-08-27,0.97,0.97,0.97,0.97,0
DHC,2012-08-28,0.97,0.97,0.97,0.97,0
DHC,2012-08-29,1.0,1.0,1.0,1.0,10
DHC,2012-08-30,1.0,1.0,1.0,1.0,0
DHC,2012-08-31,1.0,1.0,1.0,1.0,0
DHC,2012-09-04,1.05,1.05,0.96,0.96,120
DHC,2012-09-05,0.97,0.97,0.92,0.97,15400
DHC,2012-09-06,0.99,0.99,0.97,0.97,4280
DHC,2012-09-07,0.99,0.99,0.97,0.97,6800
DHC,2012-09-10,0.97,0.97,0.96,0.96,22050
DHC,2012-09-11,0.97,0.97,0.97,0.97,3280
DHC,2012-09-12,0.97,0.97,0.97,0.97,0
DHC,2012-09-13,0.97,0.99,0.97,0.99,2090
DHC,2012-09-14,0.99,0.99,0.99,0.99,0
DHC,2012-09-17,1.0,1.0,1.0,1.0,400
DHC,2012-09-18,1.05,1.05,0.99,0.99,150
DHC,2012-09-19,0.99,0.99,0.99,0.99,500
DHC,2012-09-20,0.99,0.99,0.99,0.99,8000
DHC,2012-09-21,0.99,0.99,0.99,0.99,0
DHC,2012-09-24,0.99,0.99,0.99,0.99,500
DHC,2012-09-25,0.99,0.99,0.99,0.99,0
DHC,2012-09-26,0.99,0.99,0.99,0.99,0
DHC,2012-09-27,0.99,0.99,0.99,0.99,0
DHC,2012-09-28,1.0,1.0,1.0,1.0,500
DHC,2012-10-01,1.0,1.0,1.0,1.0,0
DHC,2012-10-02,1.0,1.0,1.0,1.0,1000
DHC,2012-10-03,1.0,1.0,1.0,1.0,4000
DHC,2012-10-04,1.0,1.0,1.0,1.0,0
DHC,2012-10-05,1.0,1.0,1.0,1.0,2000
DHC,2012-10-08,1.0,1.0,1.0,1.0,0
DHC,2012-10-09,1.05,1.05,0.97,0.97,40
DHC,2012-10-10,1.0,1.0,1.0,1.0,10
DHC,2012-10-11,1.0,1.0,1.0,1.0,0
DHC,2012-10-12,1.0,1.0,1.0,1.0,0
DHC,2012-10-15,0.96,1.05,0.96,0.96,40
DHC,2012-10-16,0.96,0.96,0.96,0.96,50
DHC,2012-10-17,0.92,0.92,0.92,0.92,50
DHC,2012-10-18,0.89,0.92,0.89,0.89,5410
DHC,2012-10-19,0.89,0.89,0.89,0.89,0
DHC,2012-10-22,0.89,0.89,0.89,0.89,0
DHC,2012-10-23,0.86,0.86,0.86,0.86,10000
DHC,2012-10-24,0.82,0.82,0.82,0.82,110
DHC,2012-10-25,0.82,0.82,0.82,0.82,0
DHC,2012-10-26,0.79,0.79,0.79,0.79,1270
DHC,2012-10-29,0.79,0.79,0.79,0.79,0
DHC,2012-10-30,0.79,0.79,0.79,0.79,0
DHC,2012-10-31,0.79,0.79,0.79,0.79,0
DHC,2012-11-01,0.82,0.82,0.82,0.82,50
DHC,2012-11-02,0.86,0.86,0.86,0.86,360
DHC,2012-11-05,0.82,0.86,0.82,0.86,10100
DHC,2012-11-06,0.87,0.87,0.87,0.87,10000
DHC,2012-11-07,0.91,0.91,0.91,0.91,50
DHC,2012-11-08,0.92,0.94,0.92,0.94,20010
DHC,2012-11-09,0.97,0.97,0.97,0.97,50
DHC,2012-11-12,0.99,0.99,0.99,0.99,50
DHC,2012-11-13,1.02,1.02,1.02,1.02,50
DHC,2012-11-14,0.97,0.97,0.97,0.97,6280
DHC,2012-11-15,0.99,0.99,0.97,0.97,600
DHC,2012-11-16,0.97,0.97,0.97,0.97,0
DHC,2012-11-19,0.94,0.94,0.94,0.94,10
DHC,2012-11-20,0.94,0.94,0.94,0.94,0
DHC,2012-11-21,0.97,0.97,0.96,0.96,4580
DHC,2012-11-22,0.92,0.96,0.92,0.96,5520
DHC,2012-11-23,0.96,0.96,0.96,0.96,0
DHC,2012-11-26,0.96,0.96,0.96,0.96,1000
DHC,2012-11-27,0.96,0.99,0.96,0.97,5550
DHC,2012-11-28,1.0,1.0,1.0,1.0,2200
DHC,2012-11-29,0.96,1.02,0.96,1.02,13390
DHC,2012-11-30,1.02,1.02,1.02,1.02,0
DHC,2012-12-03,1.02,1.02,1.02,1.02,0
DHC,2012-12-04,1.0,1.0,0.99,0.99,18340
DHC,2012-12-05,1.04,1.04,1.04,1.04,500
DHC,2012-12-06,1.04,1.07,1.04,1.05,1330
DHC,2012-12-07,1.02,1.02,1.02,1.02,720
DHC,2012-12-10,1.02,1.02,1.02,1.02,0
DHC,2012-12-11,1.02,1.02,1.02,1.02,0
DHC,2012-12-12,1.02,1.02,1.02,1.02,0
DHC,2012-12-13,1.02,1.02,1.02,1.02,0
DHC,2012-12-14,1.02,1.02,1.02,1.02,0
DHC,2012-12-17,1.02,1.02,1.02,1.02,0
DHC,2012-12-18,0.97,0.97,0.97,0.97,150
DHC,2012-12-19,0.99,0.99,0.99,0.99,4780
DHC,2012-12-20,0.99,0.99,0.99,0.99,120
DHC,2012-12-21,0.99,0.99,0.99,0.99,5950
DHC,2012-12-24,0.97,0.99,0.97,0.99,2380
DHC,2012-12-25,0.99,0.99,0.99,0.99,1000
DHC,2012-12-26,0.94,0.94,0.94,0.94,10
DHC,2012-12-27,0.97,0.97,0.91,0.94,3370
DHC,2012-12-28,0.94,0.94,0.94,0.94,0
DHC,2013-01-02,0.97,0.97,0.97,0.97,10
DHC,2013-01-03,0.96,0.96,0.96,0.96,5000
DHC,2013-01-04,0.96,0.96,0.96,0.96,0
DHC,2013-01-07,0.94,0.94,0.94,0.94,10
DHC,2013-01-08,0.91,0.97,0.91,0.97,6910
DHC,2013-01-09,0.97,0.97,0.97,0.97,0
DHC,2013-01-10,0.99,0.99,0.99,0.99,200
DHC,2013-01-11,0.99,0.99,0.99,0.99,0
DHC,2013-01-14,0.99,0.99,0.99,0.99,1000
DHC,2013-01-15,0.92,0.92,0.92,0.92,100
DHC,2013-01-16,0.91,0.97,0.91,0.97,1310
DHC,2013-01-17,0.97,0.97,0.97,0.97,0
DHC,2013-01-18,0.94,0.94,0.94,0.94,20
DHC,2013-01-21,0.94,0.96,0.94,0.94,12000
DHC,2013-01-22,0.96,0.96,0.96,0.96,50
DHC,2013-01-23,1.0,1.0,0.89,0.89,3790
DHC,2013-01-24,0.89,0.94,0.84,0.84,6050
DHC,2013-01-25,0.89,0.89,0.89,0.89,5530
DHC,2013-01-28,0.94,0.94,0.94,0.94,1410
DHC,2013-01-29,0.99,0.99,0.92,0.92,17250
DHC,2013-01-30,0.92,0.92,0.92,0.92,50
DHC,2013-01-31,0.91,0.91,0.91,0.91,40000
DHC,2013-02-01,0.91,0.92,0.91,0.92,700
DHC,2013-02-04,0.92,0.92,0.92,0.92,2500
DHC,2013-02-05,0.92,0.92,0.92,0.92,1000
DHC,2013-02-06,0.92,0.92,0.92,0.92,160
DHC,2013-02-07,0.92,0.92,0.92,0.92,0
DHC,2013-02-08,0.92,0.92,0.92,0.92,0
DHC,2013-02-18,0.94,0.97,0.92,0.92,50360
DHC,2013-02-19,0.92,0.92,0.92,0.92,370
DHC,2013-02-20,0.96,0.96,0.96,0.96,1980
DHC,2013-02-21,0.96,0.96,0.96,0.96,0
DHC,2013-02-22,0.96,0.99,0.96,0.99,2280
DHC,2013-02-25,1.05,1.05,0.99,0.99,20
DHC,2013-02-26,0.99,0.99,0.99,0.99,0
DHC,2013-02-27,0.99,0.99,0.99,0.99,0
DHC,2013-02-28,1.0,1.0,0.94,0.94,20
DHC,2013-03-01,0.99,0.99,0.94,0.99,40
DHC,2013-03-04,1.04,1.05,1.04,1.05,2100
DHC,2013-03-05,1.09,1.12,1.09,1.1,3140
DHC,2013-03-06,1.14,1.14,1.05,1.05,20
DHC,2013-03-07,0.99,0.99,0.99,0.99,20
DHC,2013-03-08,0.99,0.99,0.99,0.99,0
DHC,2013-03-11,0.96,1.05,0.96,1.05,120600
DHC,2013-03-12,1.12,1.12,1.12,1.12,1130
DHC,2013-03-13,1.12,1.19,1.07,1.07,90740
DHC,2013-03-14,1.0,1.0,1.0,1.0,10
DHC,2013-03-15,1.07,1.07,1.07,1.07,610
DHC,2013-03-18,1.07,1.07,1.07,1.07,0
DHC,2013-03-19,1.07,1.07,1.07,1.07,0
DHC,2013-03-20,1.0,1.14,1.0,1.0,50
DHC,2013-03-21,1.07,1.07,0.99,0.99,2030
DHC,2013-03-22,1.04,1.05,1.04,1.05,109450
DHC,2013-03-25,1.1,1.1,1.05,1.05,20050
DHC,2013-03-26,1.1,1.12,1.07,1.07,74150
DHC,2013-03-27,1.09,1.14,1.0,1.0,75960
DHC,2013-03-28,0.96,0.96,0.96,0.96,30
DHC,2013-03-29,1.02,1.02,1.02,1.02,4120
DHC,2013-04-01,1.07,1.09,1.02,1.02,710
DHC,2013-04-02,1.09,1.09,1.09,1.09,10
DHC,2013-04-03,1.14,1.15,1.14,1.15,10080
DHC,2013-04-04,1.09,1.09,1.09,1.09,50
DHC,2013-04-05,1.15,1.15,1.15,1.15,6770
DHC,2013-04-08,1.19,1.19,1.1,1.1,1900
DHC,2013-04-09,1.14,1.14,1.04,1.04,3500
DHC,2013-04-10,1.1,1.1,1.1,1.1,8100
DHC,2013-04-11,1.15,1.15,1.1,1.1,70000
DHC,2013-04-12,1.04,1.12,1.04,1.1,112010
DHC,2013-04-15,1.1,1.1,1.1,1.1,0
DHC,2013-04-16,1.17,1.17,1.17,1.17,60
DHC,2013-04-17,1.1,1.2,1.1,1.2,5010
DHC,2013-04-18,1.12,1.12,1.12,1.12,10
DHC,2013-04-22,1.19,1.19,1.1,1.15,186490
DHC,2013-04-23,1.15,1.15,1.15,1.15,0
DHC,2013-04-24,1.15,1.15,1.15,1.15,0
DHC,2013-04-25,1.09,1.17,1.09,1.09,6100
DHC,2013-04-26,1.09,1.09,1.09,1.09,0
DHC,2013-05-02,1.15,1.15,1.15,1.15,15930
DHC,2013-05-03,1.15,1.15,1.15,1.15,0
DHC,2013-05-06,1.09,1.09,1.09,1.09,110
DHC,2013-05-07,1.07,1.09,1.07,1.09,50
DHC,2013-05-08,1.1,1.1,1.1,1.1,170
DHC,2013-05-09,1.09,1.17,1.09,1.17,1800
DHC,2013-05-10,1.1,1.23,1.1,1.23,84180
DHC,2013-05-13,1.23,1.32,1.23,1.28,65250
DHC,2013-05-14,1.27,1.32,1.2,1.2,45510
DHC,2013-05-15,1.23,1.25,1.23,1.25,20650
DHC,2013-05-16,1.22,1.23,1.17,1.19,1720
DHC,2013-05-17,1.22,1.27,1.15,1.17,64080
DHC,2013-05-20,1.2,1.2,1.17,1.17,2000
DHC,2013-05-21,1.17,1.23,1.17,1.23,9300
DHC,2013-05-22,1.15,1.15,1.15,1.15,10
DHC,2013-05-23,1.12,1.15,1.12,1.14,620
DHC,2013-05-24,1.1,1.2,1.07,1.09,9590
DHC,2013-05-27,1.12,1.12,1.05,1.05,100010
DHC,2013-05-28,1.05,1.12,1.05,1.12,28930
DHC,2013-05-29,1.15,1.19,1.15,1.19,5490
DHC,2013-05-30,1.19,1.19,1.19,1.19,0
DHC,2013-05-31,1.23,1.27,1.23,1.27,26370
DHC,2013-06-03,1.27,1.27,1.19,1.19,1910
DHC,2013-06-04,1.27,1.27,1.19,1.22,8110
DHC,2013-06-05,1.28,1.3,1.22,1.22,57270
DHC,2013-06-06,1.22,1.22,1.22,1.22,0
DHC,2013-06-07,1.22,1.22,1.22,1.22,0
DHC,2013-06-10,1.27,1.28,1.27,1.28,110
DHC,2013-06-11,1.28,1.28,1.28,1.28,15570
DHC,2013-06-12,1.28,1.28,1.28,1.28,0
DHC,2013-06-13,1.32,1.32,1.23,1.23,12110
DHC,2013-06-14,1.32,1.32,1.2,1.2,160
DHC,2013-06-17,1.28,1.28,1.23,1.23,20500
DHC,2013-06-18,1.32,1.32,1.22,1.22,12010
DHC,2013-06-19,1.28,1.3,1.23,1.23,14000
DHC,2013-06-20,1.27,1.32,1.27,1.32,9000
DHC,2013-06-21,1.32,1.38,1.32,1.38,12920
DHC,2013-06-24,1.38,1.38,1.38,1.38,0
DHC,2013-06-25,1.32,1.33,1.32,1.33,860
DHC,2013-06-26,1.33,1.33,1.27,1.27,430
DHC,2013-06-27,1.32,1.35,1.27,1.27,30150
DHC,2013-06-28,1.32,1.32,1.23,1.23,5200
DHC,2013-07-01,1.23,1.23,1.23,1.23,0
DHC,2013-07-02,1.23,1.32,1.23,1.32,2090
DHC,2013-07-03,1.35,1.35,1.25,1.25,15150
DHC,2013-07-04,1.25,1.25,1.25,1.25,0
DHC,2013-07-05,1.25,1.25,1.25,1.25,0
DHC,2013-07-08,1.25,1.25,1.25,1.25,0
DHC,2013-07-09,1.25,1.33,1.25,1.25,20400
DHC,2013-07-10,1.33,1.33,1.25,1.25,14200
DHC,2013-07-11,1.33,1.33,1.25,1.25,36020
DHC,2013-07-12,1.25,1.32,1.25,1.25,220
DHC,2013-07-15,1.25,1.25,1.25,1.25,0
DHC,2013-07-16,1.33,1.33,1.23,1.23,1470
DHC,2013-07-17,1.32,1.32,1.28,1.28,3100
DHC,2013-07-18,1.32,1.32,1.25,1.25,2010
DHC,2013-07-19,1.25,1.25,1.25,1.25,0
DHC,2013-07-22,1.25,1.25,1.25,1.25,0
DHC,2013-07-23,1.25,1.25,1.25,1.25,0
DHC,2013-07-24,1.33,1.33,1.33,1.33,20000
DHC,2013-07-25,1.33,1.33,1.33,1.33,10
DHC,2013-07-26,1.33,1.42,1.25,1.25,3010
DHC,2013-07-29,1.25,1.25,1.25,1.25,0
DHC,2013-07-30,1.33,1.33,1.27,1.27,20100
DHC,2013-07-31,1.27,1.27,1.27,1.27,70
DHC,2013-08-01,1.27,1.27,1.27,1.27,0
DHC,2013-08-02,1.2,1.2,1.19,1.19,500
DHC,2013-08-05,1.27,1.27,1.27,1.27,20
DHC,2013-08-06,1.27,1.27,1.27,1.27,0
DHC,2013-08-07,1.35,1.35,1.27,1.27,10200
DHC,2013-08-08,1.32,1.32,1.32,1.32,1000
DHC,2013-08-09,1.23,1.23,1.23,1.23,30
DHC,2013-08-12,1.3,1.3,1.3,1.3,60
DHC,2013-08-13,1.23,1.23,1.22,1.22,100
DHC,2013-08-14,1.3,1.3,1.3,1.3,2340
DHC,2013-08-15,1.35,1.35,1.32,1.32,12300
DHC,2013-08-16,1.32,1.32,1.32,1.32,0
DHC,2013-08-19,1.32,1.32,1.32,1.32,250
DHC,2013-08-20,1.32,1.32,1.32,1.32,150
DHC,2013-08-21,1.32,1.32,1.32,1.32,0
DHC,2013-08-22,1.35,1.35,1.35,1.35,200
DHC,2013-08-23,1.32,1.32,1.32,1.32,50
DHC,2013-08-26,1.27,1.27,1.27,1.27,700
DHC,2013-08-27,1.25,1.25,1.23,1.23,1600
DHC,2013-08-28,1.23,1.23,1.23,1.23,0
DHC,2013-08-29,1.23,1.23,1.23,1.23,130
DHC,2013-08-30,1.23,1.23,1.23,1.23,0
DHC,2013-09-03,1.23,1.23,1.23,1.23,0
DHC,2013-09-04,1.32,1.32,1.15,1.15,36250
DHC,2013-09-05,1.15,1.15,1.15,1.15,1500
DHC,2013-09-06,1.15,1.15,1.15,1.15,0
DHC,2013-09-09,1.15,1.15,1.15,1.15,0
DHC,2013-09-10,1.15,1.15,1.15,1.15,0
DHC,2013-09-11,1.15,1.15,1.15,1.15,0
DHC,2013-09-12,1.09,1.09,1.09,1.09,60
DHC,2013-09-13,1.02,1.02,1.02,1.02,10
DHC,2013-09-16,1.02,1.02,1.02,1.02,0
DHC,2013-09-17,1.02,1.02,1.02,1.02,0
DHC,2013-09-18,1.07,1.07,1.07,1.07,50
DHC,2013-09-19,1.12,1.12,1.12,1.12,50
DHC,2013-09-20,1.19,1.19,1.19,1.19,100
DHC,2013-09-23,1.1,1.1,1.1,1.1,10
DHC,2013-09-24,1.17,1.17,1.17,1.17,460
DHC,2013-09-25,1.17,1.17,1.17,1.17,0
DHC,2013-09-26,1.1,1.23,1.1,1.12,10020
DHC,2013-09-27,1.19,1.19,1.15,1.15,20
DHC,2013-09-30,1.22,1.22,1.15,1.15,15050
DHC,2013-10-01,1.15,1.15,1.15,1.15,0
DHC,2013-10-02,1.22,1.22,1.22,1.22,30
DHC,2013-10-03,1.3,1.3,1.3,1.3,120
DHC,2013-10-04,1.32,1.32,1.25,1.25,1020
DHC,2013-10-07,1.32,1.32,1.32,1.32,100
DHC,2013-10-08,1.32,1.32,1.32,1.32,0
DHC,2013-10-09,1.33,1.33,1.33,1.33,10
DHC,2013-10-10,1.33,1.33,1.33,1.33,4110
DHC,2013-10-11,1.42,1.42,1.25,1.25,7190
DHC,2013-10-14,1.25,1.25,1.25,1.25,5430
DHC,2013-10-15,1.25,1.25,1.25,1.25,0
DHC,2013-10-16,1.2,1.2,1.17,1.17,30
DHC,2013-10-17,1.23,1.23,1.23,1.23,2320
DHC,2013-10-18,1.3,1.32,1.3,1.32,50
DHC,2013-10-21,1.32,1.32,1.32,1.32,100
DHC,2013-10-22,1.32,1.35,1.32,1.35,7660
DHC,2013-10-23,1.35,1.37,1.35,1.37,750
DHC,2013-10-24,1.37,1.37,1.33,1.35,150
DHC,2013-10-25,1.35,1.4,1.35,1.37,2160
DHC,2013-10-28,1.37,1.37,1.37,1.37,0
DHC,2013-10-29,1.37,1.37,1.37,1.37,0
DHC,2013-10-30,1.37,1.37,1.37,1.37,900
DHC,2013-10-31,1.37,1.45,1.37,1.37,810
DHC,2013-11-01,1.4,1.4,1.37,1.37,5800
DHC,2013-11-04,1.37,1.37,1.37,1.37,0
DHC,2013-11-05,1.43,1.43,1.43,1.43,360
DHC,2013-11-06,1.47,1.47,1.47,1.47,20
DHC,2013-11-07,1.4,1.4,1.4,1.4,500
DHC,2013-11-08,1.45,1.45,1.45,1.45,10
DHC,2013-11-11,1.4,1.42,1.4,1.42,3500
DHC,2013-11-12,1.42,1.42,1.42,1.42,0
DHC,2013-11-13,1.38,1.51,1.38,1.38,220
DHC,2013-11-14,1.38,1.38,1.38,1.38,0
DHC,2013-11-15,1.42,1.45,1.42,1.45,130
DHC,2013-11-18,1.45,1.45,1.45,1.45,0
DHC,2013-11-19,1.47,1.48,1.47,1.48,5010
DHC,2013-11-20,1.45,1.48,1.45,1.48,13010
DHC,2013-11-21,1.48,1.51,1.48,1.51,210
DHC,2013-11-22,1.51,1.51,1.51,1.51,0
DHC,2013-11-25,1.51,1.51,1.5,1.51,1110
DHC,2013-11-26,1.51,1.55,1.45,1.45,7270
DHC,2013-11-27,1.5,1.5,1.45,1.45,2810
DHC,2013-11-28,1.42,1.42,1.38,1.38,2500
DHC,2013-11-29,1.42,1.47,1.42,1.42,2560
DHC,2013-12-02,1.43,1.43,1.38,1.38,1410
DHC,2013-12-03,1.38,1.43,1.38,1.38,500
DHC,2013-12-04,1.38,1.38,1.38,1.38,500
DHC,2013-12-05,1.43,1.43,1.38,1.38,40
DHC,2013-12-06,1.45,1.47,1.45,1.47,670
DHC,2013-12-09,1.42,1.42,1.42,1.42,100
DHC,2013-12-10,1.42,1.42,1.42,1.42,200
DHC,2013-12-11,1.32,1.32,1.32,1.32,1100
DHC,2013-12-12,1.32,1.32,1.32,1.32,0
DHC,2013-12-13,1.4,1.4,1.4,1.4,1180
DHC,2013-12-16,1.48,1.48,1.47,1.48,5090
DHC,2013-12-17,1.48,1.48,1.48,1.48,1400
DHC,2013-12-18,1.47,1.47,1.47,1.47,40
DHC,2013-12-19,1.4,1.45,1.4,1.43,3360
DHC,2013-12-20,1.45,1.45,1.45,1.45,9000
DHC,2013-12-23,1.47,1.47,1.47,1.47,1100
DHC,2013-12-24,1.48,1.48,1.42,1.42,1480
DHC,2013-12-25,1.42,1.43,1.42,1.43,2100
DHC,2013-12-26,1.45,1.45,1.42,1.42,6200
DHC,2013-12-27,1.42,1.42,1.42,1.42,400
DHC,2013-12-30,1.42,1.42,1.38,1.38,3580
DHC,2013-12-31,1.4,1.43,1.4,1.43,1500
DHC,2014-01-02,1.43,1.43,1.43,1.43,1070
DHC,2014-01-03,1.43,1.43,1.43,1.43,8350
DHC,2014-01-06,1.45,1.45,1.43,1.45,8230
DHC,2014-01-07,1.47,1.48,1.45,1.48,24410
DHC,2014-01-08,1.48,1.5,1.48,1.5,9150
DHC,2014-01-09,1.48,1.5,1.47,1.47,17610
DHC,2014-01-10,1.47,1.47,1.47,1.47,2020
DHC,2014-01-13,1.47,1.51,1.47,1.51,1010
DHC,2014-01-14,1.51,1.51,1.51,1.51,250
DHC,2014-01-15,1.48,1.51,1.48,1.48,920
DHC,2014-01-16,1.45,1.55,1.4,1.55,10030
DHC,2014-01-17,1.45,1.47,1.45,1.47,5880
DHC,2014-01-20,1.48,1.48,1.48,1.48,2000
DHC,2014-01-21,1.48,1.58,1.45,1.58,110840
DHC,2014-01-22,1.58,1.68,1.56,1.66,103940
DHC,2014-01-23,1.71,1.78,1.66,1.71,67240
DHC,2014-01-24,1.73,1.79,1.71,1.79,49360
DHC,2014-01-27,1.75,1.81,1.71,1.81,23100
DHC,2014-02-06,1.81,1.89,1.81,1.86,20470
DHC,2014-02-07,1.86,1.86,1.79,1.79,25950
DHC,2014-02-10,1.84,1.86,1.79,1.81,43280
DHC,2014-02-11,1.81,1.83,1.76,1.78,94330
DHC,2014-02-12,1.79,1.83,1.78,1.81,4820
DHC,2014-02-13,1.81,1.83,1.76,1.81,53440
DHC,2014-02-14,1.79,1.91,1.79,1.88,188690
DHC,2014-02-17,1.88,1.89,1.81,1.88,36930
DHC,2014-02-18,1.88,1.88,1.81,1.84,28280
DHC,2014-02-19,1.83,1.84,1.79,1.79,34170
DHC,2014-02-20,1.81,1.81,1.75,1.79,77650
DHC,2014-02-21,1.75,1.81,1.73,1.76,54690
DHC,2014-02-24,1.78,1.88,1.78,1.88,123510
DHC,2014-02-25,1.98,1.99,1.91,1.99,151320
DHC,2014-02-26,2.07,2.12,2.07,2.12,187650
DHC,2014-02-27,2.22,2.22,2.06,2.14,58570
DHC,2014-02-28,2.06,2.24,2.06,2.24,53810
DHC,2014-03-03,2.11,2.26,2.09,2.11,93730
DHC,2014-03-04,2.12,2.17,2.07,2.17,77320
DHC,2014-03-05,2.19,2.22,2.16,2.19,92930
DHC,2014-03-06,2.17,2.22,2.16,2.19,69140
DHC,2014-03-07,2.19,2.19,2.16,2.16,31980
DHC,2014-03-10,2.12,2.17,2.12,2.17,19380
DHC,2014-03-11,2.12,2.32,2.12,2.29,194050
DHC,2014-03-12,2.29,2.31,2.24,2.24,73360
DHC,2014-03-13,2.26,2.29,2.24,2.29,47420
DHC,2014-03-14,2.31,2.32,2.29,2.31,131360
DHC,2014-03-17,2.32,2.35,2.31,2.32,21190
DHC,2014-03-18,2.32,2.32,2.27,2.31,55920
DHC,2014-03-19,2.27,2.31,2.27,2.31,65310
DHC,2014-03-20,2.31,2.31,2.26,2.31,89150
DHC,2014-03-21,2.31,2.37,2.31,2.34,116710
DHC,2014-03-24,2.34,2.49,2.34,2.44,66710
DHC,2014-03-25,2.47,2.47,2.4,2.42,46770
DHC,2014-03-26,2.4,2.42,2.35,2.4,69420
DHC,2014-03-27,2.4,2.4,2.32,2.39,18020
DHC,2014-03-28,2.39,2.45,2.39,2.45,80190
DHC,2014-03-31,2.44,2.45,2.42,2.42,39540
DHC,2014-04-01,2.35,2.44,2.35,2.44,24020
DHC,2014-04-02,2.45,2.45,2.37,2.39,91330
DHC,2014-04-03,2.39,2.44,2.39,2.44,31420
DHC,2014-04-04,2.4,2.47,2.4,2.44,103010
DHC,2014-04-07,2.44,2.45,2.44,2.45,29290
DHC,2014-04-08,2.45,2.45,2.44,2.45,47340
DHC,2014-04-10,2.47,2.52,2.47,2.52,61400
DHC,2014-04-11,2.49,2.54,2.47,2.52,15700
DHC,2014-04-14,2.49,2.52,2.49,2.52,10430
DHC,2014-04-15,2.5,2.52,2.44,2.47,54150
DHC,2014-04-16,2.44,2.45,2.42,2.44,8490
DHC,2014-04-17,2.42,2.44,2.42,2.44,46090
DHC,2014-04-18,2.44,2.47,2.4,2.45,68970
DHC,2014-04-21,2.44,2.44,2.35,2.39,28140
DHC,2014-04-22,2.4,2.44,2.35,2.44,45850
DHC,2014-04-23,2.44,2.44,2.39,2.4,32650
DHC,2014-04-24,2.4,2.42,2.39,2.42,26580
DHC,2014-04-25,2.52,2.52,2.39,2.4,7780
DHC,2014-04-28,2.42,2.42,2.37,2.4,61710
DHC,2014-04-29,2.44,2.44,2.4,2.42,5130
DHC,2014-05-05,2.39,2.39,2.31,2.32,32640
DHC,2014-05-06,2.32,2.32,2.29,2.31,65240
DHC,2014-05-07,2.39,2.39,2.29,2.32,17780
DHC,2014-05-08,2.26,2.29,2.17,2.19,112050
DHC,2014-05-09,2.27,2.31,2.24,2.31,12010
DHC,2014-05-12,2.17,2.17,2.16,2.16,41380
DHC,2014-05-13,2.14,2.17,2.06,2.11,38310
DHC,2014-05-14,2.11,2.24,2.06,2.06,22290
DHC,2014-05-15,2.17,2.17,2.03,2.14,18020
DHC,2014-05-16,2.14,2.17,2.14,2.17,10080
DHC,2014-05-19,2.17,2.19,2.17,2.17,20000
DHC,2014-05-20,2.14,2.26,2.14,2.26,25490
DHC,2014-05-21,2.19,2.31,2.19,2.29,37560
DHC,2014-05-22,2.22,2.31,2.22,2.31,13650
DHC,2014-05-23,2.27,2.27,2.27,2.27,5000
DHC,2014-05-26,2.22,2.31,2.21,2.31,12260
DHC,2014-05-27,2.22,2.44,2.22,2.27,28260
DHC,2014-05-28,2.27,2.29,2.22,2.26,22300
DHC,2014-05-29,2.24,2.27,2.24,2.27,11500
DHC,2014-05-30,2.26,2.26,2.21,2.21,13000
DHC,2014-06-02,2.19,2.35,2.19,2.22,26710
DHC,2014-06-03,2.21,2.22,2.21,2.22,14950
DHC,2014-06-04,2.22,2.22,2.19,2.19,19200
DHC,2014-06-05,2.19,2.21,2.19,2.21,2010
DHC,2014-06-06,2.19,2.21,2.19,2.21,23000
DHC,2014-06-09,2.34,2.34,2.21,2.22,22270
DHC,2014-06-10,2.34,2.34,2.19,2.19,22400
DHC,2014-06-11,2.19,2.29,2.16,2.21,70550
DHC,2014-06-12,2.27,2.27,2.22,2.22,11130
DHC,2014-06-13,2.22,2.27,2.22,2.27,13220
DHC,2014-06-16,2.27,2.27,2.27,2.27,0
DHC,2014-06-17,2.27,2.29,2.22,2.29,14710
DHC,2014-06-18,2.29,2.31,2.26,2.27,52460
DHC,2014-06-19,2.29,2.29,2.22,2.29,37040
DHC,2014-06-20,2.29,2.44,2.27,2.35,341890
DHC,2014-06-23,2.37,2.4,2.32,2.35,12170
DHC,2014-06-24,2.32,2.4,2.32,2.35,7050
DHC,2014-06-25,2.4,2.44,2.35,2.39,30650
DHC,2014-06-26,2.39,2.39,2.35,2.35,83780
DHC,2014-06-27,2.35,2.4,2.35,2.39,109620
DHC,2014-06-30,2.37,2.47,2.37,2.42,222590
DHC,2014-07-01,2.4,2.47,2.4,2.42,16340
DHC,2014-07-02,2.42,2.44,2.4,2.44,63450
DHC,2014-07-03,2.44,2.45,2.42,2.45,128780
DHC,2014-07-04,2.45,2.57,2.45,2.54,141530
DHC,2014-07-07,2.54,2.7,2.54,2.62,156290
DHC,2014-07-08,2.63,2.67,2.59,2.62,190900
DHC,2014-07-09,2.63,2.63,2.59,2.59,56960
DHC,2014-07-10,2.57,2.62,2.49,2.57,146180
DHC,2014-07-11,2.5,2.63,2.5,2.55,17300
DHC,2014-07-14,2.57,2.6,2.55,2.6,34720
DHC,2014-07-15,2.57,2.68,2.57,2.67,176730
DHC,2014-07-16,2.67,2.68,2.59,2.59,102550
DHC,2014-07-17,2.59,2.63,2.59,2.63,70760
DHC,2014-07-18,2.65,2.65,2.6,2.63,44670
DHC,2014-07-21,2.63,2.7,2.62,2.63,91940
DHC,2014-07-22,2.65,2.68,2.65,2.65,61090
DHC,2014-07-23,2.68,2.78,2.67,2.73,281090
DHC,2014-07-24,2.77,2.8,2.75,2.78,43980
DHC,2014-07-25,2.8,2.8,2.7,2.77,97250
DHC,2014-07-28,2.72,2.72,2.62,2.67,130500
DHC,2014-07-29,2.65,2.7,2.65,2.65,46540
DHC,2014-07-30,2.72,2.72,2.65,2.65,43040
DHC,2014-07-31,2.63,2.72,2.63,2.68,34130
DHC,2014-08-01,2.65,2.72,2.65,2.72,59420
DHC,2014-08-04,2.72,2.75,2.67,2.72,55970
DHC,2014-08-05,2.77,2.8,2.73,2.8,297360
DHC,2014-08-06,2.87,2.89,2.8,2.83,100090
DHC,2014-08-07,2.87,2.89,2.73,2.89,89730
DHC,2014-08-08,2.89,2.9,2.87,2.89,96230
DHC,2014-08-11,2.94,2.94,2.83,2.94,41330
DHC,2014-08-12,2.96,2.96,2.83,2.87,77710
DHC,2014-08-13,2.87,2.89,2.83,2.83,88530
DHC,2014-08-14,2.83,2.85,2.82,2.85,60470
DHC,2014-08-15,2.87,2.87,2.83,2.87,34030
DHC,2014-08-18,2.83,2.85,2.82,2.85,115290
DHC,2014-08-19,2.83,2.85,2.82,2.85,117140
DHC,2014-08-20,2.83,2.87,2.82,2.87,100240
DHC,2014-08-21,2.9,3.06,2.9,2.97,478840
DHC,2014-08-22,2.99,3.03,2.97,2.97,57040
DHC,2014-08-25,2.97,3.17,2.97,3.1,278070
DHC,2014-08-26,3.25,3.25,3.06,3.24,156310
DHC,2014-08-27,3.25,3.27,3.11,3.18,250300
DHC,2014-08-28,3.13,3.25,3.13,3.15,155980
DHC,2014-08-29,3.15,3.2,3.15,3.17,106580
DHC,2014-09-03,3.18,3.2,3.15,3.2,72790
DHC,2014-09-04,3.2,3.36,3.2,3.31,309560
DHC,2014-09-05,3.32,3.46,3.31,3.41,209000
DHC,2014-09-08,3.45,3.48,3.32,3.36,212420
DHC,2014-09-09,3.34,3.41,3.2,3.24,210480
DHC,2014-09-10,3.41,3.41,3.24,3.36,131190
DHC,2014-09-11,3.5,3.5,3.36,3.43,78720
DHC,2014-09-12,3.41,3.48,3.39,3.46,206470
DHC,2014-09-15,3.59,3.69,3.5,3.69,385620
DHC,2014-09-16,3.71,3.71,3.48,3.6,111530
DHC,2014-09-17,3.64,3.64,3.52,3.53,185480
DHC,2014-09-18,3.57,3.67,3.5,3.5,489730
DHC,2014-09-19,3.57,3.62,3.46,3.53,113420
DHC,2014-09-22,3.67,3.67,3.59,3.59,78560
DHC,2014-09-23,3.62,3.62,3.57,3.59,80590
DHC,2014-09-24,3.59,3.69,3.57,3.67,213520
DHC,2014-09-25,3.64,3.71,3.62,3.71,255310
DHC,2014-09-26,3.71,3.73,3.66,3.66,161200
DHC,2014-09-29,3.66,3.66,3.62,3.62,63080
DHC,2014-09-30,3.62,3.85,3.62,3.71,202100
DHC,2014-10-01,3.76,3.8,3.74,3.76,127200
DHC,2014-10-02,3.8,3.8,3.66,3.74,112190
DHC,2014-10-03,3.74,3.74,3.67,3.74,235920
DHC,2014-10-06,3.66,3.69,3.64,3.67,79610
DHC,2014-10-07,3.73,3.73,3.66,3.71,54650
DHC,2014-10-08,3.73,3.81,3.71,3.8,263020
DHC,2014-10-09,3.83,3.85,3.76,3.81,142970
DHC,2014-10-10,3.81,3.81,3.76,3.76,292540
DHC,2014-10-13,3.76,3.8,3.71,3.76,337670
DHC,2014-10-14,3.8,3.8,3.57,3.57,293000
DHC,2014-10-15,3.62,3.73,3.62,3.71,146400
DHC,2014-10-16,3.71,3.71,3.57,3.67,111100
DHC,2014-10-17,3.53,3.66,3.53,3.62,72490
DHC,2014-10-20,3.59,3.62,3.57,3.59,98960
DHC,2014-10-21,3.57,3.66,3.57,3.6,56320
DHC,2014-10-22,3.64,3.66,3.59,3.62,22480
DHC,2014-10-23,3.64,3.64,3.53,3.6,188780
DHC,2014-10-24,3.53,3.6,3.53,3.6,137160
DHC,2014-10-27,3.52,3.52,3.5,3.5,26600
DHC,2014-10-28,3.59,3.59,3.46,3.5,81610
DHC,2014-10-29,3.52,3.57,3.52,3.57,32850
DHC,2014-10-30,3.55,3.57,3.52,3.57,48110
DHC,2014-10-31,3.57,3.64,3.53,3.64,94570
DHC,2014-11-03,3.64,3.83,3.64,3.74,267220
DHC,2014-11-04,3.74,3.99,3.74,3.95,684450
DHC,2014-11-05,4.04,4.13,4.02,4.11,466280
DHC,2014-11-06,4.11,4.13,4.04,4.11,210990
DHC,2014-11-07,4.06,4.15,4.04,4.15,225300
DHC,2014-11-10,4.29,4.29,4.15,4.25,360510
DHC,2014-11-11,4.29,4.41,4.23,4.29,1089670
DHC,2014-11-12,4.34,4.34,4.25,4.29,224210
DHC,2014-11-13,4.29,4.3,4.25,4.25,169220
DHC,2014-11-14,4.22,4.25,4.11,4.2,274350
DHC,2014-11-17,4.18,4.22,4.15,4.15,100270
DHC,2014-11-18,4.11,4.16,4.04,4.09,239760
DHC,2014-11-19,4.09,4.09,4.04,4.08,100890
DHC,2014-11-20,4.06,4.18,4.02,4.18,120790
DHC,2014-11-21,4.23,4.23,4.06,4.08,168530
DHC,2014-11-24,4.02,4.06,3.99,4.02,166420
DHC,2014-11-25,4.01,4.11,4.01,4.02,62140
DHC,2014-11-26,4.11,4.11,3.99,4.01,77630
DHC,2014-11-27,3.99,4.02,3.85,4.02,93010
DHC,2014-11-28,3.97,4.04,3.97,4.01,71700
DHC,2014-12-01,4.02,4.08,3.95,4.04,34690
DHC,2014-12-02,4.04,4.11,4.02,4.02,35230
DHC,2014-12-03,4.02,4.06,4.01,4.02,29010
DHC,2014-12-04,4.09,4.23,4.09,4.16,153860
DHC,2014-12-05,4.22,4.22,4.11,4.16,62550
DHC,2014-12-08,4.15,4.16,4.08,4.16,20470
DHC,2014-12-09,4.09,4.11,3.88,3.97,160920
DHC,2014-12-10,4.01,4.08,3.9,4.02,61520
DHC,2014-12-11,4.02,4.02,3.94,3.95,82920
DHC,2014-12-12,3.92,3.99,3.92,3.94,31700
DHC,2014-12-15,3.94,4.01,3.92,3.94,24490
DHC,2014-12-16,4.01,4.01,3.81,3.83,65420
DHC,2014-12-17,3.81,3.81,3.57,3.67,126940
DHC,2014-12-18,3.76,3.92,3.73,3.92,46780
DHC,2014-12-19,3.94,3.97,3.78,3.9,79520
DHC,2014-12-22,3.99,4.01,3.85,4.01,10710
DHC,2014-12-23,3.92,3.94,3.9,3.92,42860
DHC,2014-12-24,4.11,4.11,3.92,3.92,42330
DHC,2014-12-25,3.87,3.87,3.76,3.76,27630
DHC,2014-12-26,3.74,3.74,3.6,3.6,56310
DHC,2014-12-29,3.6,3.62,3.48,3.48,77200
DHC,2014-12-30,3.57,3.67,3.52,3.52,60100
DHC,2014-12-31,3.67,3.73,3.6,3.6,20610
DHC,2015-01-05,3.67,3.73,3.62,3.71,123330
DHC,2015-01-06,3.57,3.76,3.57,3.6,53190
DHC,2015-01-07,3.67,3.67,3.62,3.67,66780
DHC,2015-01-08,3.74,3.76,3.64,3.76,31970
DHC,2015-01-09,3.76,3.76,3.69,3.69,2560
DHC,2015-01-12,3.67,3.69,3.64,3.64,39520
DHC,2015-01-13,3.73,3.8,3.59,3.76,70580
DHC,2015-01-14,3.85,3.85,3.66,3.76,14640
DHC,2015-01-15,3.67,3.78,3.67,3.78,59620
DHC,2015-01-16,3.78,3.8,3.69,3.8,13400
DHC,2015-01-19,3.8,3.8,3.73,3.73,20910
DHC,2015-01-20,3.76,3.76,3.67,3.67,35050
DHC,2015-01-21,3.67,3.69,3.66,3.67,17760
DHC,2015-01-22,3.64,3.67,3.64,3.67,98770
DHC,2015-01-23,3.67,3.74,3.67,3.74,116670
DHC,2015-01-26,3.71,3.74,3.69,3.74,6840
DHC,2015-01-27,3.71,3.71,3.6,3.64,55620
DHC,2015-01-28,3.64,3.64,3.59,3.64,67610
DHC,2015-01-29,3.6,3.62,3.59,3.59,12780
DHC,2015-01-30,3.59,3.59,3.52,3.59,93250
DHC,2015-02-02,3.57,3.57,3.53,3.57,172360
DHC,2015-02-03,3.52,3.57,3.5,3.53,122740
DHC,2015-02-04,3.5,3.59,3.5,3.59,21310
DHC,2015-02-05,3.57,3.57,3.53,3.57,31120
DHC,2015-02-06,3.57,3.66,3.55,3.66,30610
DHC,2015-02-09,3.67,3.67,3.6,3.6,32130
DHC,2015-02-10,3.6,3.66,3.57,3.66,75650
DHC,2015-02-11,3.66,3.66,3.6,3.64,5650
DHC,2015-02-12,3.6,3.64,3.6,3.62,42090
DHC,2015-02-13,3.6,3.67,3.6,3.62,14600
DHC,2015-02-24,3.67,3.67,3.62,3.62,18110
DHC,2015-02-25,3.62,3.64,3.62,3.62,11830
DHC,2015-02-26,3.62,3.64,3.62,3.64,13000
DHC,2015-02-27,3.62,3.66,3.62,3.66,12120
DHC,2015-03-02,3.66,3.67,3.66,3.67,5770
DHC,2015-03-03,3.71,3.71,3.67,3.67,24610
DHC,2015-03-04,3.67,3.85,3.6,3.83,87180
DHC,2015-03-05,3.85,3.85,3.78,3.78,66720
DHC,2015-03-06,3.8,3.83,3.8,3.81,31320
DHC,2015-03-09,3.81,3.81,3.71,3.74,28180
DHC,2015-03-10,3.73,3.8,3.73,3.78,89990
DHC,2015-03-11,3.76,3.83,3.53,3.83,50040
DHC,2015-03-12,3.73,3.8,3.73,3.8,3170
DHC,2015-03-13,3.8,3.8,3.69,3.69,32500
DHC,2015-03-16,3.85,3.85,3.69,3.74,56680
DHC,2015-03-17,3.73,3.78,3.73,3.73,6760
DHC,2015-03-18,3.73,3.73,3.67,3.73,23700
DHC,2015-03-19,3.73,3.74,3.67,3.67,15930
DHC,2015-03-20,3.67,3.78,3.67,3.78,7660
DHC,2015-03-23,3.78,3.78,3.67,3.71,49070
DHC,2015-03-24,3.62,3.74,3.59,3.71,43470
DHC,2015-03-25,3.71,3.71,3.6,3.71,7420
DHC,2015-03-26,3.6,3.71,3.59,3.67,29940
DHC,2015-03-27,3.6,3.64,3.55,3.62,73360
DHC,2015-03-30,3.62,3.67,3.6,3.6,14350
DHC,2015-03-31,3.64,3.64,3.6,3.62,12000
DHC,2015-04-01,3.6,3.6,3.53,3.59,173500
DHC,2015-04-02,3.59,3.76,3.55,3.74,16120
DHC,2015-04-03,3.71,3.76,3.67,3.73,5950
DHC,2015-04-06,3.67,3.73,3.6,3.66,72550
DHC,2015-04-07,3.53,3.76,3.53,3.66,44340
DHC,2015-04-08,3.62,3.78,3.62,3.66,51440
DHC,2015-04-09,3.64,3.74,3.62,3.66,88790
DHC,2015-04-10,3.67,3.81,3.67,3.73,80140
DHC,2015-04-13,3.8,3.83,3.74,3.74,42790
DHC,2015-04-14,3.73,3.85,3.73,3.76,173320
DHC,2015-04-15,3.76,3.8,3.74,3.76,112260
DHC,2015-04-16,3.83,3.83,3.74,3.74,47790
DHC,2015-04-17,3.74,3.74,3.71,3.73,187360
DHC,2015-04-20,3.76,3.85,3.74,3.76,240710
DHC,2015-04-21,3.8,3.8,3.74,3.74,77480
DHC,2015-04-22,3.73,3.8,3.73,3.74,33860
DHC,2015-04-23,3.74,3.8,3.73,3.78,40460
DHC,2015-04-24,3.81,3.81,3.74,3.8,6730
DHC,2015-04-27,3.78,3.78,3.66,3.78,83780
DHC,2015-05-04,3.8,3.8,3.62,3.74,67780
DHC,2015-05-05,3.64,3.74,3.64,3.74,51100
DHC,2015-05-06,3.76,3.76,3.66,3.66,42820
DHC,2015-05-07,3.66,3.69,3.64,3.67,12320
DHC,2015-05-08,3.67,3.74,3.66,3.69,27100
DHC,2015-05-11,3.67,3.67,3.64,3.67,89580
DHC,2015-05-12,3.64,3.69,3.64,3.69,36890
DHC,2015-05-13,3.69,3.69,3.64,3.64,19010
DHC,2015-05-14,3.79,3.79,3.6,3.6,59710
DHC,2015-05-15,3.69,3.69,3.55,3.66,29330
DHC,2015-05-18,3.58,3.66,3.53,3.64,16800
DHC,2015-05-19,3.64,3.66,3.64,3.66,2220
DHC,2015-05-20,3.64,3.88,3.62,3.84,24670
DHC,2015-05-21,3.84,4.01,3.73,3.95,13010
DHC,2015-05-22,3.77,3.86,3.75,3.86,29920
DHC,2015-05-25,3.8,3.8,3.75,3.75,16670
DHC,2015-05-26,3.84,3.84,3.75,3.82,24180
DHC,2015-05-27,3.79,3.82,3.77,3.82,12880
DHC,2015-05-28,3.82,3.82,3.71,3.82,16600
DHC,2015-05-29,3.79,3.8,3.75,3.77,71850
DHC,2015-06-01,3.79,3.95,3.79,3.91,188870
DHC,2015-06-02,3.91,4.1,3.91,4.04,530060
DHC,2015-06-03,4.17,4.17,4.04,4.1,120300
DHC,2015-06-04,4.08,4.12,4.01,4.01,77100
DHC,2015-06-05,4.08,4.25,4.01,4.21,293810
DHC,2015-06-08,4.02,4.23,4.02,4.17,185230
DHC,2015-06-09,4.14,4.15,4.12,4.15,143400
DHC,2015-06-10,4.15,4.19,4.12,4.19,99650
DHC,2015-06-11,4.14,4.19,4.1,4.14,115000
DHC,2015-06-12,4.19,4.36,4.15,4.32,432710
DHC,2015-06-15,4.32,4.41,4.3,4.34,190250
DHC,2015-06-16,4.34,4.39,4.34,4.34,308430
DHC,2015-06-17,4.34,4.34,4.28,4.3,82280
DHC,2015-06-18,4.3,4.34,4.28,4.3,62700
DHC,2015-06-19,4.34,4.52,4.34,4.47,447910
DHC,2015-06-22,4.47,4.47,4.41,4.41,33560
DHC,2015-06-23,4.45,4.45,4.41,4.41,22060
DHC,2015-06-24,4.47,4.52,4.43,4.43,236190
DHC,2015-06-25,4.41,4.43,4.39,4.41,72390
DHC,2015-06-26,4.41,4.45,4.39,4.43,110920
DHC,2015-06-29,4.45,4.45,4.37,4.39,45130
DHC,2015-06-30,4.36,4.56,4.36,4.5,196690
DHC,2015-07-01,4.5,4.5,4.36,4.45,106690
DHC,2015-07-02,4.45,4.5,4.45,4.5,122480
DHC,2015-07-03,4.52,4.59,4.5,4.5,75700
DHC,2015-07-06,4.54,4.54,4.47,4.5,129180
DHC,2015-07-07,4.52,4.54,4.45,4.5,166620
DHC,2015-07-08,4.47,4.52,4.45,4.5,125720
DHC,2015-07-09,4.47,4.47,4.45,4.47,146920
DHC,2015-07-10,4.45,4.47,4.45,4.45,114510
DHC,2015-07-13,4.45,4.48,4.45,4.48,48250
DHC,2015-07-14,4.48,4.48,4.45,4.48,11000
DHC,2015-07-15,4.5,4.63,4.5,4.5,243830
DHC,2015-07-16,4.5,4.54,4.5,4.54,49400
DHC,2015-07-17,4.52,4.54,4.52,4.54,32900
DHC,2015-07-20,4.5,4.5,4.47,4.5,123190
DHC,2015-07-21,4.5,4.67,4.5,4.52,122480
DHC,2015-07-22,4.54,4.74,4.54,4.72,189610
DHC,2015-07-23,4.78,4.82,4.69,4.78,84550
DHC,2015-07-24,4.76,4.8,4.72,4.76,57310
DHC,2015-07-27,4.74,4.78,4.71,4.78,58010
DHC,2015-07-28,4.76,4.85,4.76,4.85,190040
DHC,2015-07-29,4.96,4.96,4.78,4.78,52500
DHC,2015-07-30,4.8,4.82,4.76,4.76,36600
DHC,2015-07-31,4.76,4.82,4.76,4.78,53000
DHC,2015-08-03,4.76,4.76,4.63,4.72,121870
DHC,2015-08-04,4.72,4.72,4.67,4.69,69110
DHC,2015-08-05,4.69,4.72,4.69,4.72,46080
DHC,2015-08-06,4.72,4.78,4.71,4.71,49760
DHC,2015-08-07,4.78,4.82,4.72,4.76,111650
DHC,2015-08-10,5.07,5.07,4.77,4.81,73350
DHC,2015-08-11,4.79,4.95,4.79,4.95,77260
DHC,2015-08-12,4.95,5.01,4.85,4.97,58320
DHC,2015-08-13,4.99,5.03,4.93,4.99,90120
DHC,2015-08-14,4.95,4.95,4.89,4.95,59360
DHC,2015-08-17,5.28,5.28,4.91,4.91,54820
DHC,2015-08-18,4.95,5.05,4.93,5.01,20560
DHC,2015-08-19,4.95,5.16,4.87,5.05,97870
DHC,2015-08-20,4.95,4.97,4.85,4.85,27020
DHC,2015-08-21,4.83,4.87,4.77,4.87,86810
DHC,2015-08-24,4.83,4.83,4.55,4.55,229300
DHC,2015-08-25,4.39,4.65,4.39,4.63,72470
DHC,2015-08-26,4.63,4.73,4.63,4.71,32750
DHC,2015-08-27,4.77,4.77,4.67,4.75,7020
DHC,2015-08-28,4.69,4.81,4.69,4.75,36850
DHC,2015-08-31,4.73,4.75,4.71,4.75,21020
DHC,2015-09-01,4.75,4.95,4.67,4.73,31690
DHC,2015-09-03,4.81,4.81,4.65,4.73,73280
DHC,2015-09-04,4.73,4.73,4.65,4.65,119370
DHC,2015-09-07,4.59,4.65,4.59,4.65,33030
DHC,2015-09-08,4.75,4.75,4.75,4.75,20
DHC,2015-09-09,4.75,4.83,4.75,4.83,6110
DHC,2015-09-10,4.71,4.81,4.65,4.81,5860
DHC,2015-09-11,4.79,4.81,4.75,4.75,100
DHC,2015-09-14,4.75,4.79,4.67,4.79,127500
DHC,2015-09-15,4.75,4.93,4.65,4.83,12280
DHC,2015-09-16,4.67,4.93,4.67,4.83,8710
DHC,2015-09-17,4.75,4.85,4.75,4.85,32670
DHC,2015-09-18,4.85,4.91,4.79,4.91,42240
DHC,2015-09-21,4.85,4.91,4.67,4.91,35030
DHC,2015-09-22,4.89,4.89,4.85,4.89,46450
DHC,2015-09-23,4.85,4.89,4.85,4.87,61120
DHC,2015-09-24,4.91,4.93,4.89,4.91,29160
DHC,2015-09-25,4.95,5.05,4.93,5.05,29880
DHC,2015-09-28,5.01,5.03,4.97,5.03,4090
DHC,2015-09-29,5.05,5.09,4.97,5.05,20330
DHC,2015-09-30,5.07,5.07,5.03,5.05,5230
DHC,2015-10-01,5.05,5.05,4.95,4.99,17230
DHC,2015-10-02,5.11,5.16,4.99,4.99,25260
DHC,2015-10-05,5.05,5.05,5.01,5.03,30230
DHC,2015-10-06,5.05,5.18,5.05,5.11,150860
DHC,2015-10-07,5.16,5.22,5.11,5.16,148730
DHC,2015-10-08,5.16,5.24,5.14,5.2,97430
DHC,2015-10-09,5.22,5.22,5.11,5.11,67710
DHC,2015-10-12,5.28,5.28,5.14,5.18,42120
DHC,2015-10-13,5.26,5.26,5.14,5.14,67030
DHC,2015-10-14,5.18,5.18,5.16,5.18,22130
DHC,2015-10-15,5.18,5.2,5.18,5.2,19330
DHC,2015-10-16,5.26,5.26,5.2,5.22,62400
DHC,2015-10-19,5.22,5.36,5.22,5.28,145360
DHC,2015-10-20,5.49,5.49,5.21,5.32,80640
DHC,2015-10-21,5.42,5.49,5.4,5.49,113270
DHC,2015-10-22,5.47,5.55,5.44,5.44,46550
DHC,2015-10-23,5.53,5.53,5.42,5.44,2470
DHC,2015-10-26,5.44,5.44,5.38,5.38,34860
DHC,2015-10-27,5.44,5.49,5.38,5.44,28330
DHC,2015-10-28,5.38,5.44,5.38,5.44,15330
DHC,2015-10-29,5.47,5.47,5.38,5.38,21680
DHC,2015-10-30,5.4,5.49,5.4,5.49,13770
DHC,2015-11-02,5.49,5.55,5.4,5.4,34710
DHC,2015-11-03,5.51,5.61,5.42,5.61,76300
DHC,2015-11-04,5.78,5.78,5.57,5.63,103960
DHC,2015-11-05,5.63,5.78,5.63,5.78,48790
DHC,2015-11-06,5.8,5.89,5.74,5.78,19790
DHC,2015-11-09,5.61,5.8,5.61,5.76,50580
DHC,2015-11-10,5.74,5.74,5.63,5.63,15840
DHC,2015-11-11,5.89,5.99,5.65,5.87,71020
DHC,2015-11-12,5.89,5.93,5.87,5.87,4730
DHC,2015-11-13,5.99,5.99,5.89,5.97,39350
DHC,2015-11-16,5.99,5.99,5.89,5.99,6960
DHC,2015-11-17,5.95,5.95,5.87,5.91,11600
DHC,2015-11-18,5.89,5.97,5.89,5.97,3550
DHC,2015-11-19,5.97,6.05,5.97,5.97,41950
DHC,2015-11-20,5.97,6.05,5.97,6.05,20340
DHC,2015-11-23,6.16,6.16,5.97,6.05,22890
DHC,2015-11-24,5.99,6.03,5.95,6.03,36540
DHC,2015-11-25,6.05,6.05,5.97,6.01,11010
DHC,2015-11-26,5.95,6.03,5.95,6.01,130620
DHC,2015-11-27,6.01,6.01,5.97,5.97,3100
DHC,2015-11-30,5.91,6.01,5.91,5.99,20070
DHC,2015-12-01,5.95,5.99,5.91,5.91,68590
DHC,2015-12-02,5.91,5.97,5.91,5.91,32920
DHC,2015-12-03,5.89,5.89,5.7,5.7,28410
DHC,2015-12-04,5.89,5.89,5.72,5.72,73530
DHC,2015-12-07,5.93,5.93,5.65,5.68,34280
DHC,2015-12-08,5.42,5.78,5.42,5.7,25270
DHC,2015-12-09,5.7,5.74,5.51,5.74,43440
DHC,2015-12-10,5.74,5.74,5.59,5.74,66530
DHC,2015-12-11,5.59,5.72,5.59,5.68,27430
DHC,2015-12-14,5.63,5.68,5.57,5.63,39310
DHC,2015-12-15,5.61,5.74,5.53,5.65,170560
DHC,2015-12-16,5.76,5.76,5.49,5.65,68360
DHC,2015-12-17,5.65,5.68,5.65,5.65,46660
DHC,2015-12-18,5.65,5.68,5.63,5.63,84230
DHC,2015-12-21,5.63,5.68,5.61,5.68,150810
DHC,2015-12-22,5.68,5.72,5.68,5.72,165120
DHC,2015-12-23,5.89,5.89,5.68,5.78,40440
DHC,2015-12-24,5.78,5.99,5.76,5.99,52100
DHC,2015-12-25,5.95,5.95,5.84,5.89,98740
DHC,2015-12-28,5.89,5.91,5.87,5.87,245220
DHC,2015-12-29,5.84,5.87,5.82,5.82,25160
DHC,2015-12-30,5.82,5.84,5.72,5.72,24430
DHC,2015-12-31,5.72,5.91,5.72,5.91,204630
DHC,2016-01-04,6.05,6.05,5.84,5.89,59870
DHC,2016-01-05,5.89,5.91,5.87,5.91,59030
DHC,2016-01-06,5.97,6.05,5.97,6.03,62250
DHC,2016-01-07,6.1,6.22,5.93,5.93,12800
DHC,2016-01-08,5.95,5.95,5.95,5.95,19600
DHC,2016-01-11,5.95,6.05,5.95,5.97,74990
DHC,2016-01-12,6.03,6.16,6.03,6.16,72520
DHC,2016-01-13,6.16,6.26,6.16,6.22,77360
DHC,2016-01-14,6.22,6.22,6.1,6.22,70440
DHC,2016-01-15,6.18,6.22,6.14,6.2,42330
DHC,2016-01-18,5.95,6.18,5.91,6.14,58170
DHC,2016-01-19,6.2,6.2,6.05,6.14,84490
DHC,2016-01-20,6.12,6.24,6.08,6.24,7270
DHC,2016-01-21,6.29,6.41,6.26,6.39,61520
DHC,2016-01-22,6.39,6.39,6.1,6.33,39190
DHC,2016-01-25,6.31,6.33,6.2,6.24,89730
DHC,2016-01-26,6.2,6.29,6.2,6.24,138980
DHC,2016-01-27,6.43,6.43,6.2,6.24,103540
DHC,2016-01-28,6.22,6.26,6.2,6.26,42500
DHC,2016-01-29,6.26,6.29,6.24,6.26,41550
DHC,2016-02-01,6.29,6.39,6.2,6.31,139300
DHC,2016-02-02,6.22,6.39,6.22,6.37,15290
DHC,2016-02-03,6.37,6.73,6.24,6.24,1340
DHC,2016-02-04,6.24,6.26,6.22,6.22,25450
DHC,2016-02-05,6.24,6.24,6.2,6.2,55310
DHC,2016-02-15,6.29,6.39,6.2,6.29,1430
DHC,2016-02-16,6.29,6.41,6.18,6.18,110430
DHC,2016-02-17,6.2,6.31,6.14,6.22,159590
DHC,2016-02-18,6.22,6.29,6.22,6.22,26270
DHC,2016-02-19,6.22,6.29,6.16,6.2,77120
DHC,2016-02-22,6.2,6.24,6.16,6.22,66610
DHC,2016-02-23,6.18,6.24,6.16,6.24,113220
DHC,2016-02-24,6.16,6.26,6.12,6.16,106120
DHC,2016-02-25,6.16,6.22,6.16,6.18,80980
DHC,2016-02-26,6.18,6.29,6.18,6.26,26890
DHC,2016-02-29,6.26,6.29,6.24,6.26,101480
DHC,2016-03-01,6.31,6.68,6.31,6.68,496380
DHC,2016-03-02,7.0,7.0,6.71,6.83,80180
DHC,2016-03-03,6.87,6.87,6.68,6.73,30340
DHC,2016-03-04,6.73,6.94,6.6,6.83,78300
DHC,2016-03-07,6.64,6.81,6.58,6.58,89160
DHC,2016-03-08,6.6,6.66,6.54,6.54,28160
DHC,2016-03-09,6.54,6.66,6.54,6.54,183540
DHC,2016-03-10,6.54,6.68,6.54,6.68,169850
DHC,2016-03-11,6.79,7.0,6.68,6.87,224370
DHC,2016-03-14,7.0,7.0,6.83,6.83,78810
DHC,2016-03-15,6.83,6.9,6.75,6.79,24930
DHC,2016-03-16,6.79,6.83,6.66,6.73,63800
DHC,2016-03-17,6.68,6.9,6.56,6.68,69260
DHC,2016-03-18,6.73,6.73,6.58,6.68,37240
DHC,2016-03-21,6.68,6.73,6.58,6.68,37810
DHC,2016-03-22,6.73,6.92,6.71,6.83,204590
DHC,2016-03-23,6.83,7.23,6.83,7.23,279140
DHC,2016-03-24,7.32,7.32,7.04,7.06,97320
DHC,2016-03-25,7.06,7.08,7.0,7.08,115140
DHC,2016-03-28,7.08,7.57,7.08,7.44,155930
DHC,2016-03-29,7.63,7.74,7.36,7.36,162200
DHC,2016-03-30,7.36,7.61,7.36,7.5,155370
DHC,2016-03-31,7.63,7.63,7.4,7.4,121120
DHC,2016-04-01,7.4,7.5,7.32,7.4,106200
DHC,2016-04-04,7.4,7.46,7.25,7.32,151520
DHC,2016-04-05,7.32,7.53,7.27,7.42,22390
DHC,2016-04-06,7.42,7.55,7.36,7.44,183100
DHC,2016-04-07,7.46,7.76,7.46,7.57,85780
DHC,2016-04-08,7.71,7.78,7.57,7.61,224940
DHC,2016-04-11,7.67,7.78,7.57,7.61,184690
DHC,2016-04-12,7.67,7.97,7.67,7.97,203960
DHC,2016-04-13,8.01,8.16,7.97,8.05,113990
DHC,2016-04-14,7.99,8.09,7.99,8.03,62890
DHC,2016-04-15,8.2,8.2,8.05,8.11,103590
DHC,2016-04-19,7.93,8.05,7.57,7.57,419680
DHC,2016-04-20,7.57,7.84,7.57,7.74,226840
DHC,2016-04-21,7.74,7.82,7.71,7.82,113050
DHC,2016-04-22,7.78,7.82,7.69,7.69,155980
DHC,2016-04-25,7.78,7.82,7.69,7.82,118980
DHC,2016-04-26,7.86,7.93,7.78,7.9,96810
DHC,2016-04-27,7.9,7.97,7.84,7.84,82310
DHC,2016-04-28,7.84,7.84,7.78,7.8,98600
DHC,2016-04-29,7.78,7.84,7.76,7.8,118850
DHC,2016-05-04,7.78,7.78,7.71,7.71,142190
DHC,2016-05-05,7.69,7.74,7.65,7.71,34260
DHC,2016-05-06,7.86,7.86,7.55,7.55,215120
DHC,2016-05-09,7.5,7.55,7.38,7.38,73890
DHC,2016-05-10,7.38,7.5,7.36,7.48,20430
DHC,2016-05-11,7.5,7.5,7.21,7.46,31990
DHC,2016-05-12,7.4,7.4,7.25,7.36,51570
DHC,2016-05-13,7.36,7.36,7.17,7.17,63430
DHC,2016-05-16,7.13,7.32,7.13,7.17,19240
DHC,2016-05-17,7.23,7.23,7.08,7.19,91000
DHC,2016-05-18,7.15,7.25,7.11,7.17,63960
DHC,2016-05-19,7.11,7.46,7.04,7.17,51000
DHC,2016-05-20,7.15,7.25,7.11,7.17,16370
DHC,2016-05-23,7.32,7.32,7.13,7.27,20140
DHC,2016-05-24,7.4,7.65,7.21,7.21,32960
DHC,2016-05-25,7.32,7.46,7.32,7.36,51330
DHC,2016-05-26,7.42,7.42,7.32,7.32,9810
DHC,2016-05-27,7.17,7.36,7.17,7.21,37170
DHC,2016-05-30,7.34,7.34,7.15,7.15,119750
DHC,2016-05-31,7.15,7.32,7.13,7.21,25710
DHC,2016-06-01,7.15,7.46,7.15,7.46,83140
DHC,2016-06-02,7.53,7.67,7.53,7.67,70530
DHC,2016-06-03,7.67,7.69,7.48,7.67,39190
DHC,2016-06-06,7.55,7.67,7.55,7.65,44660
DHC,2016-06-07,7.63,7.63,7.5,7.61,30850
DHC,2016-06-08,7.71,7.71,7.55,7.63,163310
DHC,2016-06-09,7.63,7.88,7.57,7.88,479360
DHC,2016-06-10,7.82,8.07,7.76,7.99,128800
DHC,2016-06-13,8.01,8.01,7.86,7.97,72400
DHC,2016-06-14,7.93,7.97,7.82,7.97,72710
DHC,2016-06-15,7.9,7.97,7.9,7.95,92430
DHC,2016-06-16,7.95,8.14,7.95,8.07,273690
DHC,2016-06-17,8.07,8.2,7.99,8.07,93740
DHC,2016-06-20,8.05,8.26,8.05,8.2,205670
DHC,2016-06-21,8.2,8.77,8.2,8.43,310280
DHC,2016-06-22,8.45,8.62,8.39,8.43,235560
DHC,2016-06-23,8.49,8.58,8.41,8.58,107310
DHC,2016-06-24,8.53,8.53,7.99,8.39,464830
DHC,2016-06-27,8.2,8.35,8.05,8.05,114060
DHC,2016-06-28,8.05,8.18,7.97,8.14,165740
DHC,2016-06-29,8.14,8.35,8.09,8.3,188410
DHC,2016-06-30,8.3,8.32,8.2,8.3,85090
DHC,2016-07-01,8.3,8.45,8.3,8.37,177450
DHC,2016-07-04,8.72,8.72,8.26,8.35,76020
DHC,2016-07-05,8.39,8.39,8.2,8.2,175260
DHC,2016-07-06,8.09,8.2,8.03,8.11,79550
DHC,2016-07-07,8.14,8.2,8.11,8.16,87520
DHC,2016-07-08,8.16,8.22,8.09,8.16,44180
DHC,2016-07-11,8.16,8.16,7.95,8.05,116440
DHC,2016-07-12,7.99,8.05,7.97,8.05,72770
DHC,2016-07-13,8.05,8.07,7.99,8.01,93710
DHC,2016-07-14,7.97,8.03,7.67,7.67,107660
DHC,2016-07-15,7.61,7.86,7.61,7.78,85890
DHC,2016-07-18,7.88,8.09,7.88,8.07,46530
DHC,2016-07-19,8.07,8.16,8.01,8.03,83450
DHC,2016-07-20,8.09,8.09,8.01,8.03,24380
DHC,2016-07-21,8.03,8.07,7.99,8.01,36030
DHC,2016-07-22,7.99,8.03,7.88,7.88,38080
DHC,2016-07-25,7.88,8.05,7.88,8.01,8480
DHC,2016-07-26,8.01,8.09,8.01,8.07,42820
DHC,2016-07-27,8.07,8.09,8.03,8.09,51920
DHC,2016-07-28,8.16,8.16,8.05,8.07,63840
DHC,2016-07-29,8.03,8.09,7.99,8.09,82830
DHC,2016-08-01,8.11,8.35,8.09,8.26,243760
DHC,2016-08-02,8.26,8.26,8.09,8.26,112510
DHC,2016-08-03,8.26,8.26,8.03,8.2,71700
DHC,2016-08-04,8.18,8.2,8.09,8.2,84270
DHC,2016-08-05,8.2,8.24,8.2,8.2,37310
DHC,2016-08-08,8.18,8.47,8.18,8.43,216420
DHC,2016-08-09,8.43,8.51,8.41,8.51,147680
DHC,2016-08-10,8.51,8.51,8.43,8.51,53750
DHC,2016-08-11,8.51,8.56,8.49,8.53,114090
DHC,2016-08-12,8.47,8.56,8.45,8.53,96760
DHC,2016-08-15,8.53,8.53,8.47,8.51,116640
DHC,2016-08-16,8.49,8.51,8.45,8.45,202420
DHC,2016-08-17,8.45,8.45,8.26,8.41,238660
DHC,2016-08-18,8.99,8.99,8.25,8.42,132100
DHC,2016-08-19,8.42,8.42,8.3,8.42,58350
DHC,2016-08-22,8.3,8.47,8.25,8.32,94880
DHC,2016-08-23,8.23,8.4,8.23,8.35,78270
DHC,2016-08-24,8.28,8.32,8.21,8.32,98470
DHC,2016-08-25,8.4,8.4,8.21,8.3,58150
DHC,2016-08-26,8.35,8.35,8.23,8.3,79680
DHC,2016-08-29,8.3,8.3,8.06,8.21,103410
DHC,2016-08-30,8.06,8.21,8.04,8.21,39410
DHC,2016-08-31,8.16,8.21,8.06,8.21,95400
DHC,2016-09-01,8.23,8.4,8.23,8.3,43150
DHC,2016-09-05,8.3,8.3,8.18,8.18,14090
DHC,2016-09-06,8.18,8.28,8.06,8.06,139970
DHC,2016-09-07,8.06,8.11,7.94,8.04,93620
DHC,2016-09-08,8.02,8.28,8.02,8.18,19300
DHC,2016-09-09,8.18,8.32,8.18,8.18,96790
DHC,2016-09-12,8.08,8.29,8.06,8.06,33800
DHC,2016-09-13,8.29,8.29,8.03,8.06,93990
DHC,2016-09-14,8.06,8.09,8.02,8.06,39520
DHC,2016-09-15,8.06,8.06,8.06,8.06,68070
DHC,2016-09-16,8.25,8.25,8.04,8.04,38650
DHC,2016-09-19,8.06,8.18,8.04,8.18,40150
DHC,2016-09-20,8.18,8.25,8.11,8.21,152340
DHC,2016-09-21,8.21,8.54,8.18,8.47,416360
DHC,2016-09-22,8.47,8.56,8.47,8.54,95530
DHC,2016-09-23,8.61,8.64,8.44,8.54,22190
DHC,2016-09-26,8.54,8.54,8.37,8.54,78340
DHC,2016-09-27,8.37,8.51,8.37,8.51,38440
DHC,2016-09-28,8.51,8.51,8.37,8.37,47510
DHC,2016-09-29,8.37,8.5,8.3,8.37,96500
DHC,2016-09-30,8.37,8.49,8.34,8.48,44450
DHC,2016-10-03,8.51,8.92,8.49,8.85,237680
DHC,2016-10-04,8.77,9.13,8.77,9.06,401100
DHC,2016-10-05,9.06,9.25,8.92,9.21,220290
DHC,2016-10-06,9.04,9.23,9.04,9.2,192840
DHC,2016-10-07,9.1,9.37,9.07,9.37,168390
DHC,2016-10-10,9.21,9.49,9.21,9.34,94420
DHC,2016-10-11,9.34,9.49,9.25,9.44,156230
DHC,2016-10-12,9.25,9.44,9.25,9.37,58110
DHC,2016-10-13,9.25,9.56,9.25,9.44,186190
DHC,2016-10-14,9.44,9.6,9.44,9.6,57440
DHC,2016-10-17,9.63,9.65,9.49,9.65,142450
DHC,2016-10-18,9.49,9.51,9.39,9.44,28320
DHC,2016-10-19,9.42,9.49,9.39,9.44,14950
DHC,2016-10-20,9.57,9.58,9.32,9.39,30740
DHC,2016-10-21,9.46,9.51,9.25,9.46,26900
DHC,2016-10-24,9.46,9.46,9.23,9.25,20630
DHC,2016-10-25,9.25,9.37,9.25,9.27,20460
DHC,2016-10-26,9.37,9.39,9.28,9.37,18850
DHC,2016-10-27,9.13,9.39,8.8,9.37,31610
DHC,2016-10-28,9.49,9.49,9.3,9.37,8290
DHC,2016-10-31,9.3,9.36,9.23,9.32,28670
DHC,2016-11-01,9.32,9.37,9.04,9.04,32960
DHC,2016-11-02,9.25,9.25,8.87,9.13,77360
DHC,2016-11-03,8.99,9.19,8.75,9.06,29860
DHC,2016-11-04,8.68,9.01,8.68,8.99,5160
DHC,2016-11-07,9.05,9.05,8.92,9.04,3580
DHC,2016-11-08,9.01,9.04,9.01,9.04,12500
DHC,2016-11-09,9.01,9.01,8.54,9.01,22110
DHC,2016-11-10,9.01,9.1,9.01,9.08,21230
DHC,2016-11-11,9.01,9.13,9.01,9.01,10620
DHC,2016-11-14,8.94,9.11,8.92,8.96,67490
DHC,2016-11-15,8.96,9.01,8.94,9.01,35240
DHC,2016-11-16,8.99,9.01,8.96,9.01,17190
DHC,2016-11-17,9.01,9.13,9.01,9.01,46590
DHC,2016-11-18,8.94,9.13,8.92,9.01,27170
DHC,2016-11-21,9.01,9.01,9.01,9.01,780
DHC,2016-11-22,9.06,9.06,8.85,8.85,75840
DHC,2016-11-23,9.0,9.0,8.77,8.89,6920
DHC,2016-11-24,9.0,9.0,8.99,8.99,1010
DHC,2016-11-25,8.89,8.99,8.85,8.85,27610
DHC,2016-11-28,8.85,8.85,8.77,8.8,31510
DHC,2016-11-29,9.38,9.38,8.82,8.82,15550
DHC,2016-11-30,8.96,8.99,8.82,8.89,30500
DHC,2016-12-01,8.89,8.96,8.85,8.96,28320
DHC,2016-12-02,8.96,8.96,8.96,8.96,33490
DHC,2016-12-05,9.1,9.1,8.8,8.89,85380
DHC,2016-12-06,8.89,8.89,8.7,8.73,62360
DHC,2016-12-07,8.76,8.77,8.59,8.7,76960
DHC,2016-12-08,8.7,8.73,8.66,8.68,146190
DHC,2016-12-09,8.68,9.01,8.68,9.01,45870
DHC,2016-12-12,9.25,9.3,8.89,8.89,6610
DHC,2016-12-13,9.01,9.01,9.01,9.01,12000
DHC,2016-12-14,8.77,8.98,8.77,8.92,5490
DHC,2016-12-15,8.77,9.01,8.77,9.01,17310
DHC,2016-12-16,8.96,8.99,8.92,8.96,5010
DHC,2016-12-19,8.73,9.01,8.73,8.96,38510
DHC,2016-12-20,9.01,9.01,8.95,8.96,48740
DHC,2016-12-21,8.92,9.01,8.77,8.96,25200
DHC,2016-12-22,8.96,8.96,8.85,8.96,26810
DHC,2016-12-23,8.85,8.96,8.85,8.96,850
DHC,2016-12-26,8.96,8.96,8.77,8.81,55550
DHC,2016-12-27,8.8,8.94,8.75,8.94,139880
DHC,2016-12-28,8.92,8.92,8.75,8.75,90730
DHC,2016-12-29,8.96,8.96,8.75,8.87,65070
DHC,2016-12-30,8.77,8.89,8.77,8.89,73260
DHC,2017-01-03,8.77,8.92,8.77,8.89,10550
DHC,2017-01-04,8.77,8.89,8.28,8.77,13710
DHC,2017-01-05,8.75,8.75,8.54,8.73,71030
DHC,2017-01-06,8.56,8.7,8.54,8.7,100860
DHC,2017-01-09,8.7,8.7,8.56,8.59,41400
DHC,2017-01-10,8.59,8.77,8.51,8.77,73560
DHC,2017-01-11,8.54,8.77,8.54,8.77,7960
DHC,2017-01-12,8.56,8.75,8.51,8.54,165170
DHC,2017-01-13,8.54,8.54,8.45,8.47,56630
DHC,2017-01-16,8.59,8.7,8.44,8.47,6570
DHC,2017-01-17,8.7,8.7,8.42,8.47,75270
DHC,2017-01-18,8.47,8.51,8.37,8.44,104770
DHC,2017-01-19,8.32,8.47,8.32,8.47,67340
DHC,2017-01-20,8.42,8.44,8.42,8.44,13300
DHC,2017-01-23,8.42,8.7,8.42,8.44,159300
DHC,2017-01-24,8.54,8.54,8.47,8.53,24120
DHC,2017-01-25,8.4,9.12,8.4,8.77,23560
DHC,2017-02-02,9.01,9.01,8.54,8.77,70
DHC,2017-02-03,9.01,9.06,8.44,8.45,1120
DHC,2017-02-06,8.42,8.73,7.87,8.44,18950
DHC,2017-02-07,8.54,8.54,7.94,8.42,28600
DHC,2017-02-08,8.54,8.54,8.32,8.54,11580
DHC,2017-02-09,8.49,8.51,8.44,8.51,40210
DHC,2017-02-10,8.45,8.45,8.3,8.34,36650
DHC,2017-02-13,8.42,8.66,8.35,8.42,22280
DHC,2017-02-14,8.49,8.49,8.35,8.42,23920
DHC,2017-02-15,8.47,8.47,8.44,8.44,7800
DHC,2017-02-16,8.44,8.47,8.3,8.47,34970
DHC,2017-02-17,8.49,8.68,8.4,8.66,19520
DHC,2017-02-20,8.54,8.54,8.44,8.54,7780
DHC,2017-02-21,8.66,8.77,8.47,8.66,44190
DHC,2017-02-22,8.54,8.66,8.51,8.61,26260
DHC,2017-02-23,8.44,8.59,8.42,8.42,23020
DHC,2017-02-24,8.51,8.51,8.37,8.38,22800
DHC,2017-02-27,8.54,8.54,8.37,8.44,28240
DHC,2017-02-28,8.37,8.44,8.37,8.44,28150
DHC,2017-03-01,8.42,8.42,8.37,8.37,56280
DHC,2017-03-02,8.37,8.44,8.3,8.44,73660
DHC,2017-03-03,8.59,8.59,8.13,8.42,118820
DHC,2017-03-06,8.66,8.66,8.37,8.54,8070
DHC,2017-03-07,8.06,8.54,8.06,8.54,101590
DHC,2017-03-08,8.37,8.63,8.37,8.4,16010
DHC,2017-03-09,8.54,8.54,8.3,8.4,51220
DHC,2017-03-10,8.54,8.54,8.3,8.32,44730
DHC,2017-03-13,8.21,8.49,8.21,8.3,13520
DHC,2017-03-14,8.3,8.3,8.26,8.3,77990
DHC,2017-03-15,8.18,8.88,8.18,8.28,52010
DHC,2017-03-16,8.28,8.53,8.11,8.23,12920
DHC,2017-03-17,8.36,8.36,8.11,8.25,18730
DHC,2017-03-20,8.25,8.25,8.11,8.11,6910
DHC,2017-03-21,8.29,8.29,7.97,8.11,17550
DHC,2017-03-22,8.45,8.45,7.94,7.97,43410
DHC,2017-03-23,7.99,8.18,7.94,7.94,45670
DHC,2017-03-24,8.18,8.18,7.87,7.94,39580
DHC,2017-03-27,7.94,7.94,7.71,7.92,11060
DHC,2017-03-28,7.9,7.92,7.72,7.9,8360
DHC,2017-03-29,7.9,8.25,7.35,7.61,21210
DHC,2017-03-30,7.71,8.13,7.61,8.11,44100
DHC,2017-03-31,8.06,8.11,7.94,8.11,59000
DHC,2017-04-03,7.86,8.06,7.85,7.9,25640
DHC,2017-04-04,7.97,8.44,7.83,7.83,149410
DHC,2017-04-05,8.1,8.1,7.83,8.1,67790
DHC,2017-04-07,7.86,8.48,7.86,8.18,31280
DHC,2017-04-10,8.51,8.51,7.94,7.94,16670
DHC,2017-04-11,8.13,8.13,7.92,7.97,26360
DHC,2017-04-12,8.11,8.11,7.85,7.85,10390
DHC,2017-04-13,8.05,8.13,7.83,7.83,39120
DHC,2017-04-14,7.87,8.06,7.83,7.83,75130
DHC,2017-04-17,8.04,8.04,7.83,8.04,81130
DHC,2017-04-18,7.83,7.83,7.59,7.83,15050
DHC,2017-04-19,8.02,8.02,7.59,7.8,1070
DHC,2017-04-20,7.94,7.94,7.59,7.8,90
DHC,2017-04-21,7.59,7.78,7.59,7.76,15350
DHC,2017-04-24,7.59,7.71,7.49,7.59,10450
DHC,2017-04-25,7.61,7.61,7.59,7.61,61810
DHC,2017-04-26,7.61,7.83,7.57,7.59,91750
DHC,2017-04-27,7.83,7.83,7.42,7.81,64730
DHC,2017-04-28,7.83,7.83,7.59,7.83,21280
DHC,2017-05-03,8.06,8.37,7.64,7.64,1990
DHC,2017-05-04,7.64,8.06,7.59,7.59,5340
DHC,2017-05-05,7.81,7.83,7.53,7.59,11610
DHC,2017-05-08,7.83,7.83,7.57,7.71,44360
DHC,2017-05-09,7.83,7.83,7.59,7.78,67700
DHC,2017-05-10,7.59,8.06,7.59,7.59,77010
DHC,2017-05-11,7.59,7.99,7.35,7.83,34080
DHC,2017-05-12,7.59,8.04,7.59,7.59,68660
DHC,2017-05-15,7.59,7.83,7.59,7.59,35930
DHC,2017-05-16,7.59,7.83,7.54,7.54,61580
DHC,2017-05-17,7.71,7.71,7.57,7.59,74080
DHC,2017-05-18,7.59,8.06,7.59,7.59,40970
DHC,2017-05-19,7.59,8.06,7.59,7.83,51690
DHC,2017-05-22,8.04,8.04,7.57,7.83,37640
DHC,2017-05-23,7.83,7.83,7.57,7.59,17350
DHC,2017-05-24,7.83,7.83,7.59,7.59,28570
DHC,2017-05-25,7.59,7.8,7.59,7.71,30350
DHC,2017-05-26,7.61,7.76,7.59,7.61,177100
DHC,2017-05-29,7.78,7.83,7.61,7.61,58810
DHC,2017-05-30,7.8,7.8,7.59,7.61,104670
DHC,2017-05-31,7.59,7.71,7.57,7.61,72950
DHC,2017-06-01,7.71,7.71,7.57,7.59,25230
DHC,2017-06-02,7.59,7.68,7.57,7.57,21610
DHC,2017-06-05,7.57,7.59,7.57,7.59,32050
DHC,2017-06-06,7.59,7.71,7.59,7.71,68340
DHC,2017-06-07,7.71,7.71,7.61,7.71,9370
DHC,2017-06-08,7.71,8.18,7.71,7.72,92840
DHC,2017-06-09,7.9,7.94,7.71,7.8,68310
DHC,2017-06-12,8.09,8.11,7.71,8.04,26770
DHC,2017-06-13,8.48,8.48,7.85,7.9,34950
DHC,2017-06-14,7.9,7.94,7.78,7.9,13480
DHC,2017-06-15,7.94,8.11,7.57,7.71,64510
DHC,2017-06-16,7.57,7.71,7.54,7.71,40820
DHC,2017-06-19,7.71,7.83,7.57,7.83,64290
DHC,2017-06-20,7.83,7.83,7.59,7.61,68800
DHC,2017-06-21,7.94,7.94,7.59,7.78,7780
DHC,2017-06-22,7.83,8.11,7.66,7.66,48050
DHC,2017-06-23,7.84,8.02,7.59,7.71,9960
DHC,2017-06-26,7.9,7.9,7.6,7.6,4110
DHC,2017-06-27,7.83,7.83,7.59,7.71,3630
DHC,2017-06-28,7.71,7.9,7.57,7.57,40650
DHC,2017-06-29,7.57,8.0,7.57,7.71,24050
DHC,2017-06-30,7.9,7.9,7.59,7.71,39540
DHC,2017-07-03,7.81,7.81,7.59,7.6,15550
DHC,2017-07-04,7.59,7.79,7.57,7.57,29740
DHC,2017-07-05,7.85,7.85,7.54,7.74,58380
DHC,2017-07-06,7.71,7.73,7.54,7.73,57590
DHC,2017-07-07,7.8,7.8,7.52,7.59,4580
DHC,2017-07-10,7.8,7.81,7.51,7.59,20010
DHC,2017-07-11,7.78,7.78,7.54,7.61,62750
DHC,2017-07-12,7.71,7.71,7.57,7.71,15310
DHC,2017-07-13,7.59,7.71,7.57,7.59,38810
DHC,2017-07-14,7.55,7.64,7.55,7.59,21230
DHC,2017-07-17,7.8,7.8,7.57,7.57,4410
DHC,2017-07-18,7.79,7.79,7.45,7.57,48420
DHC,2017-07-19,7.59,7.61,7.58,7.59,17840
DHC,2017-07-20,7.59,7.74,7.59,7.59,55750
DHC,2017-07-21,7.7,7.7,7.59,7.59,3470
DHC,2017-07-24,8.0,8.0,7.47,7.68,3140
DHC,2017-07-25,7.54,7.67,7.54,7.59,8990
DHC,2017-07-26,7.59,8.06,7.59,7.6,24300
DHC,2017-07-27,7.6,8.02,7.59,7.68,61410
DHC,2017-07-28,7.73,7.76,7.66,7.73,66410
DHC,2017-07-31,7.87,8.26,7.71,8.18,64710
DHC,2017-08-01,8.18,8.18,7.8,7.81,25300
DHC,2017-08-02,8.06,8.06,7.59,8.06,170
DHC,2017-08-03,7.6,7.83,7.59,7.59,7690
DHC,2017-08-04,7.9,7.93,7.57,7.59,52280
DHC,2017-08-07,7.87,7.87,7.59,7.68,58020
DHC,2017-08-08,7.87,7.87,7.61,7.64,5400
DHC,2017-08-09,7.59,7.79,7.59,7.59,44280
DHC,2017-08-10,7.8,7.8,7.54,7.54,16010
DHC,2017-08-11,7.83,7.83,7.54,7.59,15080
DHC,2017-08-14,7.59,7.83,7.59,7.59,70510
DHC,2017-08-15,7.8,7.8,7.57,7.8,76420
DHC,2017-08-16,7.59,7.87,7.59,7.81,19180
DHC,2017-08-17,7.87,7.9,7.57,7.71,30720
DHC,2017-08-18,7.8,7.8,7.59,7.64,10130
DHC,2017-08-21,7.79,7.79,7.57,7.57,31650
DHC,2017-08-22,7.79,7.79,7.52,7.59,61210
DHC,2017-08-23,7.59,8.09,7.59,7.59,16680
DHC,2017-08-24,7.85,7.85,7.85,7.85,10
DHC,2017-08-25,7.94,7.94,7.54,7.83,20120
DHC,2017-08-28,7.6,7.77,7.57,7.64,15610
DHC,2017-08-29,7.92,7.92,7.54,7.54,29260
DHC,2017-08-30,7.81,7.81,7.53,7.59,26150
DHC,2017-08-31,7.8,7.83,7.58,7.83,41530
DHC,2017-09-01,7.92,7.92,7.71,7.9,64170
DHC,2017-09-05,7.78,7.92,7.78,7.91,24010
DHC,2017-09-06,7.83,7.93,7.83,7.85,8900
DHC,2017-09-07,7.94,7.94,7.76,7.94,21130
DHC,2017-09-08,7.92,7.92,7.73,7.83,5060
DHC,2017-09-11,7.83,7.9,7.73,7.83,49470
DHC,2017-09-12,7.83,8.37,7.83,7.9,41310
DHC,2017-09-13,7.94,8.3,7.94,7.97,61110
DHC,2017-09-14,8.18,8.42,8.02,8.02,43620
DHC,2017-09-15,8.13,8.16,8.06,8.06,43050
DHC,2017-09-18,8.04,8.35,8.04,8.13,124230
DHC,2017-09-19,8.3,8.3,8.18,8.21,61340
DHC,2017-09-20,8.3,8.35,8.23,8.3,114440
DHC,2017-09-21,8.37,8.4,7.83,7.83,220210
DHC,2017-09-22,8.37,8.37,8.34,8.37,37750
DHC,2017-09-25,8.67,8.67,8.42,8.48,24140
DHC,2017-09-26,8.56,8.59,8.34,8.46,47220
DHC,2017-09-27,8.62,8.62,8.34,8.34,46300
DHC,2017-09-28,8.48,8.78,8.48,8.59,54130
DHC,2017-09-29,8.84,8.84,8.51,8.56,46500
DHC,2017-10-02,8.7,9.15,8.51,8.62,65990
DHC,2017-10-03,8.88,8.92,8.73,8.89,78890
DHC,2017-10-04,9.17,9.45,8.87,8.98,76910
DHC,2017-10-05,9.3,9.6,9.12,9.58,136890
DHC,2017-10-06,9.37,9.7,9.37,9.7,146930
DHC,2017-10-09,9.73,10.01,9.7,9.81,126650
DHC,2017-10-10,9.81,9.87,9.7,9.81,151260
DHC,2017-10-11,9.62,9.76,9.59,9.7,157950
DHC,2017-10-12,9.67,9.81,9.67,9.73,26330
DHC,2017-10-13,9.73,9.76,9.7,9.73,37050
DHC,2017-10-16,9.73,9.78,9.73,9.76,53680
DHC,2017-10-17,9.73,9.87,9.73,9.73,77610
DHC,2017-10-18,9.73,9.87,9.7,9.73,31100
DHC,2017-10-19,9.73,9.81,9.73,9.73,25370
DHC,2017-10-20,9.73,9.73,9.67,9.73,76960
DHC,2017-10-23,9.67,9.78,9.59,9.78,57530
DHC,2017-10-24,9.78,9.81,9.76,9.8,38180
DHC,2017-10-25,9.81,9.87,9.76,9.87,18590
DHC,2017-10-26,9.76,9.87,9.73,9.87,12560
DHC,2017-10-27,9.73,9.76,9.65,9.65,36420
DHC,2017-10-30,9.67,9.73,9.67,9.67,53030
DHC,2017-10-31,9.7,9.73,9.67,9.7,52770
DHC,2017-11-01,9.7,9.81,9.7,9.73,21100
DHC,2017-11-02,9.73,9.81,9.73,9.81,16260
DHC,2017-11-03,9.95,9.95,9.67,9.67,28200
DHC,2017-11-06,9.67,10.28,9.17,10.01,83780
DHC,2017-11-07,10.7,10.7,10.15,10.28,111120
DHC,2017-11-08,10.28,10.37,10.12,10.34,69640
DHC,2017-11-09,10.56,10.56,10.15,10.34,20570
DHC,2017-11-10,10.15,10.15,10.09,10.15,7770
DHC,2017-11-13,9.9,10.15,9.9,10.15,25050
DHC,2017-11-14,10.12,10.15,10.01,10.15,39610
DHC,2017-11-15,10.01,10.28,10.01,10.06,160540
DHC,2017-11-16,10.09,10.23,10.06,10.15,269240
DHC,2017-11-17,10.06,10.28,10.06,10.15,115980
DHC,2017-11-20,10.09,10.15,10.06,10.15,80630
DHC,2017-11-21,10.23,10.23,10.09,10.15,135620
DHC,2017-11-22,10.09,10.31,10.09,10.15,108850
DHC,2017-11-23,10.15,10.23,10.12,10.23,156160
DHC,2017-11-24,10.15,10.7,10.15,10.7,167960
DHC,2017-11-27,11.44,11.44,11.37,11.44,128650
DHC,2017-11-28,11.44,11.44,10.98,11.12,155300
DHC,2017-11-29,11.01,11.31,10.98,11.31,78610
DHC,2017-11-30,11.17,11.51,10.98,11.4,149700
DHC,2017-12-01,11.12,11.42,11.12,11.42,114860
DHC,2017-12-04,11.51,11.51,11.26,11.4,78010
DHC,2017-12-05,11.4,11.47,11.34,11.34,222730
DHC,2017-12-06,10.84,11.54,10.84,11.54,111290
DHC,2017-12-07,11.54,11.67,11.42,11.67,127900
DHC,2017-12-08,11.67,11.67,11.51,11.51,87430
DHC,2017-12-11,11.04,11.51,10.98,11.51,91440
DHC,2017-12-12,11.37,11.54,11.31,11.35,102560
DHC,2017-12-13,11.4,11.67,11.06,11.06,40200
DHC,2017-12-14,11.54,11.54,11.01,11.4,50470
DHC,2017-12-15,11.54,11.65,11.34,11.48,56680
DHC,2017-12-18,11.26,11.48,11.06,11.45,62900
DHC,2017-12-19,11.54,11.67,11.4,11.67,46510
DHC,2017-12-20,11.95,12.48,11.45,11.67,184720
DHC,2017-12-21,11.67,12.17,11.67,12.01,37130
DHC,2017-12-22,11.73,12.09,11.67,12.09,22350
DHC,2017-12-25,12.09,12.51,11.95,12.45,229930
DHC,2017-12-26,12.65,13.31,11.62,13.06,272670
DHC,2017-12-27,13.59,13.59,12.93,13.02,26480
DHC,2017-12-28,13.31,13.31,12.69,13.06,89990
DHC,2017-12-29,12.84,12.98,12.81,12.81,32680
DHC,2018-01-02,12.79,12.95,12.79,12.87,70490
DHC,2018-01-03,12.87,12.93,12.54,12.79,71950
DHC,2018-01-04,12.68,13.06,12.68,12.93,77350
DHC,2018-01-05,12.93,13.04,12.65,12.68,35040
DHC,2018-01-08,12.54,13.04,12.54,13.04,41890
DHC,2018-01-09,12.94,13.04,12.9,12.93,150980
DHC,2018-01-10,13.06,13.06,12.04,13.06,153970
DHC,2018-01-11,13.06,13.06,12.79,12.98,50810
DHC,2018-01-12,12.79,13.01,12.79,12.93,96700
DHC,2018-01-15,12.95,13.06,12.93,12.95,124270
DHC,2018-01-16,12.81,13.7,12.79,13.01,58420
DHC,2018-01-17,13.06,13.62,12.79,12.87,107480
DHC,2018-01-18,12.8,12.9,12.37,12.9,30240
DHC,2018-01-19,12.79,13.2,12.79,13.2,133630
DHC,2018-01-22,13.76,13.87,13.34,13.76,100100
DHC,2018-01-23,13.76,13.76,13.76,13.76,0
DHC,2018-01-24,13.76,13.76,13.76,13.76,0
DHC,2018-01-25,13.76,13.76,13.09,13.48,70330
DHC,2018-01-26,13.37,13.62,13.29,13.34,28400
DHC,2018-01-29,13.56,13.56,12.65,13.34,41410
DHC,2018-01-30,12.79,13.26,12.65,13.2,143800
DHC,2018-01-31,12.56,13.34,12.56,12.79,71490
DHC,2018-02-01,12.59,12.87,12.42,12.51,182230
DHC,2018-02-02,12.93,12.93,12.04,12.23,51610
DHC,2018-02-05,12.51,13.08,11.38,11.9,101320
DHC,2018-02-06,11.08,11.81,11.08,11.81,195490
DHC,2018-02-07,12.47,12.47,11.56,11.79,52560
DHC,2018-02-08,11.95,11.95,11.17,11.4,63460
DHC,2018-02-09,11.4,11.54,10.84,11.26,29260
DHC,2018-02-12,11.67,11.67,10.98,11.45,12550
DHC,2018-02-13,11.65,11.65,11.09,11.54,32510
DHC,2018-02-21,11.67,11.67,11.09,11.26,56320
DHC,2018-02-22,11.01,11.26,10.92,10.98,11080
DHC,2018-02-23,10.84,11.26,10.28,11.23,22510
DHC,2018-02-26,10.84,11.23,10.84,10.98,75010
DHC,2018-02-27,10.98,11.12,10.87,11.12,127070
DHC,2018-02-28,10.87,11.48,10.7,11.4,152770
DHC,2018-03-01,11.66,11.67,11.26,11.4,86430
DHC,2018-03-02,11.13,11.67,11.13,11.54,50040
DHC,2018-03-05,11.54,11.73,11.4,11.62,154400
DHC,2018-03-06,11.62,11.67,11.42,11.67,137510
DHC,2018-03-07,11.12,11.79,11.12,11.67,16000
DHC,2018-03-08,12.23,12.23,11.56,12.2,88900
DHC,2018-03-09,12.04,12.04,11.67,12.01,28440
DHC,2018-03-12,11.67,11.95,11.48,11.95,20520
DHC,2018-03-13,11.67,11.67,11.65,11.65,13500
DHC,2018-03-14,11.67,11.81,11.42,11.81,42110
DHC,2018-03-15,11.81,12.51,11.67,11.76,20020
DHC,2018-03-16,12.45,12.45,11.76,11.95,58780
DHC,2018-03-19,12.04,12.04,11.67,11.67,33600
DHC,2018-03-20,11.81,11.81,11.74,11.8,340
DHC,2018-03-21,11.83,11.83,11.54,11.67,31010
DHC,2018-03-22,11.67,11.67,11.67,11.67,100
DHC,2018-03-23,11.67,11.67,11.4,11.54,9440
DHC,2018-03-26,11.65,11.65,11.42,11.65,21800
DHC,2018-03-27,11.65,11.95,10.98,11.62,73130
DHC,2018-03-28,11.8,11.81,11.17,11.76,277300
DHC,2018-03-29,11.92,11.92,11.65,11.9,10040
DHC,2018-03-30,11.95,11.95,11.63,11.63,41970
DHC,2018-04-02,11.87,12.04,11.84,12.04,84480
DHC,2018-04-03,11.81,12.01,11.67,12.01,35160
DHC,2018-04-04,12.09,12.37,12.09,12.36,18640
DHC,2018-04-05,12.37,12.65,12.37,12.59,83940
DHC,2018-04-06,12.27,12.79,12.26,12.65,39690
DHC,2018-04-09,13.51,13.51,12.34,12.79,19440
DHC,2018-04-10,12.02,12.79,12.02,12.73,32840
DHC,2018-04-11,12.7,12.79,12.2,12.2,27860
DHC,2018-04-12,12.65,12.73,12.23,12.23,810
DHC,2018-04-13,11.7,12.45,11.7,12.42,59790
DHC,2018-04-16,12.45,12.45,11.9,12.42,63660
DHC,2018-04-17,12.4,12.48,12.23,12.48,97880
DHC,2018-04-18,12.93,13.01,12.2,12.2,55870
DHC,2018-04-19,12.51,12.51,12.04,12.26,40660
DHC,2018-04-20,12.23,12.51,12.23,12.45,14070
DHC,2018-04-23,12.51,12.51,12.2,12.23,39570
DHC,2018-04-24,12.51,12.51,12.01,12.2,4370
DHC,2018-04-26,11.95,12.2,11.87,12.12,40840
DHC,2018-04-27,12.04,12.23,11.95,12.22,24110
DHC,2018-05-02,12.22,12.23,11.84,11.84,14100
DHC,2018-05-03,11.67,12.23,11.67,12.23,4050
DHC,2018-05-04,12.23,12.4,11.7,12.17,71930
DHC,2018-05-07,12.37,12.37,12.12,12.2,15380
DHC,2018-05-08,12.09,12.22,11.98,12.22,44270
DHC,2018-05-09,11.79,12.23,11.79,11.98,51790
DHC,2018-05-10,12.51,12.51,11.84,11.9,55850
DHC,2018-05-11,12.23,12.23,11.81,12.09,10300
DHC,2018-05-14,11.98,11.98,11.95,11.95,10980
DHC,2018-05-15,11.7,12.09,11.7,12.09,32440
DHC,2018-05-16,11.95,11.95,11.81,11.95,12190
DHC,2018-05-17,11.73,11.92,11.73,11.92,16000
DHC,2018-05-18,11.95,11.95,11.84,11.95,11920
DHC,2018-05-21,11.81,12.09,11.7,12.09,1800
DHC,2018-05-22,11.81,11.95,11.56,11.56,27110
DHC,2018-05-23,12.33,12.33,11.19,11.67,1900
DHC,2018-05-24,11.67,11.92,11.45,11.92,250
DHC,2018-05-25,11.62,12.34,11.62,11.67,24700
DHC,2018-05-28,11.65,11.95,11.23,11.26,30700
DHC,2018-05-29,11.92,11.92,11.12,11.62,17990
DHC,2018-05-30,11.81,11.81,11.4,11.81,700
DHC,2018-05-31,11.84,11.84,11.17,11.81,54310
DHC,2018-06-01,11.81,11.87,11.79,11.81,63690
DHC,2018-06-04,11.95,11.95,11.56,11.92,65610
DHC,2018-06-05,11.54,12.06,11.54,11.67,33220
DHC,2018-06-06,11.95,11.95,11.45,11.62,31830
DHC,2018-06-07,11.67,11.67,11.59,11.59,17460
DHC,2018-06-08,11.59,11.92,11.59,11.81,78270
DHC,2018-06-11,11.81,11.84,11.81,11.81,14220
DHC,2018-06-12,11.76,11.95,11.67,11.95,24220
DHC,2018-06-13,11.67,12.06,11.65,12.06,17480
DHC,2018-06-14,12.17,12.23,11.95,12.19,53400
DHC,2018-06-15,12.23,12.23,11.81,11.81,69400
DHC,2018-06-18,11.81,11.95,11.79,11.81,35300
DHC,2018-06-19,11.81,11.81,11.67,11.81,32260
DHC,2018-06-20,11.87,11.95,11.81,11.95,7800
DHC,2018-06-21,11.95,11.95,11.65,11.81,21090
DHC,2018-06-22,11.45,11.8,11.45,11.8,8000
DHC,2018-06-25,11.23,11.95,11.23,11.67,7460
DHC,2018-06-26,11.67,11.67,11.67,11.67,10890
DHC,2018-06-27,11.59,11.67,11.59,11.67,1660
DHC,2018-06-28,11.67,11.67,11.56,11.56,3800
DHC,2018-06-29,11.67,11.95,11.17,11.9,1230
DHC,2018-07-02,11.67,11.67,11.17,11.4,40800
DHC,2018-07-03,11.81,11.81,11.04,11.04,103320
DHC,2018-07-04,11.62,11.62,11.04,11.62,34020
DHC,2018-07-05,11.12,11.94,11.12,11.12,38320
DHC,2018-07-06,11.65,11.65,11.06,11.51,90130
DHC,2018-07-09,11.4,11.4,11.01,11.4,24490
DHC,2018-07-10,11.01,11.12,10.98,11.12,25110
DHC,2018-07-11,11.59,11.59,10.56,10.98,73620
DHC,2018-07-12,10.7,10.84,10.56,10.56,18700
DHC,2018-07-13,10.56,10.59,10.28,10.56,34770
DHC,2018-07-16,10.31,10.42,10.31,10.31,45100
DHC,2018-07-17,10.8,10.8,10.17,10.31,32830
DHC,2018-07-18,10.78,10.78,10.28,10.28,23410
DHC,2018-07-19,10.81,10.81,10.23,10.28,24050
DHC,2018-07-20,10.28,10.42,10.28,10.42,26200
DHC,2018-07-23,10.34,10.84,10.31,10.84,32240
DHC,2018-07-24,11.4,11.4,10.84,10.84,26310
DHC,2018-07-25,10.87,10.87,10.73,10.84,16480
DHC,2018-07-26,10.84,10.9,10.83,10.84,33600
DHC,2018-07-27,10.84,11.12,10.59,10.84,46700
DHC,2018-07-30,10.84,10.84,10.84,10.84,6570
DHC,2018-07-31,10.87,11.12,10.87,11.12,18370
DHC,2018-08-01,11.12,11.26,10.98,10.98,1690
DHC,2018-08-02,10.7,10.98,10.7,10.84,14150
DHC,2018-08-03,10.84,10.84,10.7,10.73,3600
DHC,2018-08-06,10.73,11.12,10.62,10.62,320
DHC,2018-08-07,10.84,10.84,10.62,10.73,28660
DHC,2018-08-08,10.84,11.05,10.7,11.05,10970
DHC,2018-08-09,11.54,11.54,10.56,10.84,22210
DHC,2018-08-10,10.59,10.84,10.56,10.84,8510
DHC,2018-08-13,10.7,10.98,10.51,10.84,23140
DHC,2018-08-14,10.92,10.92,10.92,10.92,710
DHC,2018-08-15,10.95,10.95,10.34,10.87,720
DHC,2018-08-16,10.84,10.84,10.84,10.84,500
DHC,2018-08-17,10.84,10.98,10.34,10.34,15280
DHC,2018-08-20,10.84,10.84,10.31,10.56,5280
DHC,2018-08-21,10.92,10.92,10.44,10.56,26360
DHC,2018-08-22,10.3,10.56,10.3,10.34,10150
DHC,2018-08-23,10.98,11.04,10.31,10.37,9000
DHC,2018-08-24,10.78,10.78,10.42,10.76,25040
DHC,2018-08-27,10.31,10.56,10.28,10.56,2020
DHC,2018-08-28,10.56,10.56,10.33,10.34,2800
DHC,2018-08-29,10.7,10.7,10.34,10.56,22670
DHC,2018-08-30,10.67,10.67,10.34,10.56,18530
DHC,2018-08-31,10.56,10.81,10.56,10.67,15610
DHC,2018-09-04,10.56,10.65,10.34,10.65,13340
DHC,2018-09-05,10.42,10.95,10.42,10.84,55930
DHC,2018-09-06,10.84,10.84,10.67,10.84,83400
DHC,2018-09-07,10.95,11.4,10.7,10.98,43940
DHC,2018-09-10,10.59,11.06,10.59,11.01,16310
DHC,2018-09-11,11.17,11.17,10.98,11.04,26960
DHC,2018-09-12,11.04,11.12,10.9,11.12,42910
DHC,2018-09-13,10.9,11.17,10.9,11.17,23750
DHC,2018-09-14,11.05,11.4,11.01,11.01,91270
DHC,2018-09-17,11.67,11.77,11.01,11.77,297180
DHC,2018-09-18,11.9,12.59,11.9,12.59,326310
DHC,2018-09-19,12.59,13.47,12.59,13.06,162770
DHC,2018-09-20,13.54,13.54,12.26,12.26,197730
DHC,2018-09-21,12.26,12.51,12.12,12.4,142360
DHC,2018-09-24,12.98,12.98,12.15,12.56,70440
DHC,2018-09-25,12.51,12.76,12.26,12.56,40000
DHC,2018-09-26,12.79,12.79,11.95,11.95,236890
DHC,2018-09-27,12.09,12.68,11.84,11.92,212640
DHC,2018-09-28,11.95,12.09,11.76,11.76,164700
DHC,2018-10-01,11.76,11.76,11.4,11.4,182420
DHC,2018-10-02,11.4,11.54,11.17,11.41,89780
DHC,2018-10-03,11.41,11.56,11.26,11.4,53670
DHC,2018-10-04,11.55,11.81,11.55,11.56,114450
DHC,2018-10-05,11.54,11.54,11.13,11.29,230160
DHC,2018-10-08,11.23,11.34,11.2,11.26,77790
DHC,2018-10-09,11.26,11.54,11.26,11.29,85500
DHC,2018-10-10,11.51,11.81,11.45,11.54,69310
DHC,2018-10-11,11.54,11.54,10.9,11.06,91370
DHC,2018-10-12,11.01,11.67,11.01,11.29,122960
DHC,2018-10-15,11.4,11.4,11.29,11.29,42920
DHC,2018-10-16,11.37,11.81,11.31,11.62,40970
DHC,2018-10-17,11.42,11.8,11.42,11.67,67070
DHC,2018-10-18,11.54,12.37,11.54,12.2,318840
DHC,2018-10-19,12.23,12.23,11.95,12.09,89550
DHC,2018-10-22,12.51,12.51,12.12,12.15,105110
DHC,2018-10-23,12.93,12.93,12.15,12.15,320600
DHC,2018-10-24,12.23,12.23,11.95,11.95,51520
DHC,2018-10-25,11.54,11.65,11.26,11.62,89720
DHC,2018-10-26,11.67,11.67,11.31,11.31,109070
DHC,2018-10-29,10.9,11.34,10.84,10.9,219160
DHC,2018-10-30,10.9,11.37,10.9,10.92,219910
DHC,2018-10-31,11.34,11.34,11.05,11.12,150820
DHC,2018-11-01,11.34,11.34,10.65,10.91,233740
DHC,2018-11-02,10.84,11.12,10.67,11.12,222440
DHC,2018-11-05,10.84,11.54,10.84,10.9,137570
DHC,2018-11-06,10.84,11.15,10.84,11.15,125970
DHC,2018-11-07,10.99,11.26,10.99,11.17,119060
DHC,2018-11-08,11.29,11.29,11.17,11.2,105570
DHC,2018-11-09,11.01,11.23,11.01,11.17,175580
DHC,2018-11-12,11.12,11.2,11.06,11.2,78800
DHC,2018-11-13,11.06,11.22,11.06,11.2,99480
DHC,2018-11-14,11.24,11.81,11.2,11.4,102560
DHC,2018-11-15,11.4,11.66,11.37,11.54,88980
DHC,2018-11-16,11.62,11.81,11.51,11.51,72160
DHC,2018-11-19,11.4,11.66,11.4,11.55,178240
DHC,2018-11-20,11.62,11.62,11.42,11.58,85080
DHC,2018-11-21,11.65,11.66,11.42,11.62,93220
DHC,2018-11-22,11.76,11.76,11.54,11.62,140490
DHC,2018-11-23,11.62,11.81,11.4,11.81,120090
DHC,2018-11-26,12.13,12.27,11.79,11.96,138020
DHC,2018-11-27,11.89,11.96,11.65,11.75,42990
DHC,2018-11-28,11.75,11.86,11.44,11.75,45500
DHC,2018-11-29,11.68,11.72,11.09,11.16,155380
DHC,2018-11-30,11.13,11.44,11.09,11.41,428930
DHC,2018-12-03,11.68,11.68,11.09,11.44,186310
DHC,2018-12-04,11.44,12.06,11.37,11.61,164190
DHC,2018-12-05,11.61,11.61,11.37,11.54,177500
DHC,2018-12-06,11.54,11.61,11.37,11.44,291050
DHC,2018-12-07,11.44,11.51,11.3,11.37,164970
DHC,2018-12-10,11.27,11.6,11.27,11.37,82900
DHC,2018-12-11,11.37,11.41,11.16,11.37,218110
DHC,2018-12-12,11.37,11.37,11.13,11.27,163850
DHC,2018-12-13,11.37,11.6,11.3,11.37,121880
DHC,2018-12-14,11.37,11.37,11.21,11.37,54950
DHC,2018-12-17,11.37,11.37,11.09,11.34,118040
DHC,2018-12-18,11.13,11.34,10.87,11.27,109540
DHC,2018-12-19,11.44,11.44,11.09,11.23,118550
DHC,2018-12-20,11.27,11.27,10.75,11.13,232450
DHC,2018-12-21,10.61,11.06,10.57,10.95,78620
DHC,2018-12-24,10.71,10.95,10.5,10.5,33890
DHC,2018-12-25,10.4,10.57,10.31,10.4,24820
DHC,2018-12-26,10.4,10.75,10.33,10.61,18600
DHC,2018-12-27,10.61,10.71,10.37,10.54,57260
DHC,2018-12-28,10.9,10.9,10.28,10.4,81900
DHC,2019-01-02,10.75,11.13,10.26,10.4,28770
DHC,2019-01-03,10.4,10.4,10.12,10.16,143720
DHC,2019-01-04,9.74,10.38,9.74,10.28,54350
DHC,2019-01-07,10.54,10.54,9.57,10.23,22450
DHC,2019-01-08,10.23,10.26,9.91,10.12,66520
DHC,2019-01-09,10.19,10.5,10.12,10.26,86450
DHC,2019-01-10,10.68,10.68,10.37,10.4,67890
DHC,2019-01-11,10.12,10.57,10.12,10.37,74230
DHC,2019-01-14,10.05,10.37,10.05,10.37,15050
DHC,2019-01-15,10.23,10.63,10.23,10.49,167320
DHC,2019-01-16,10.4,10.64,10.4,10.56,47030
DHC,2019-01-17,10.47,10.64,10.47,10.56,46890
DHC,2019-01-18,10.56,10.57,10.4,10.57,126070
DHC,2019-01-21,10.4,10.71,10.12,10.71,121140
DHC,2019-01-22,10.57,10.82,10.5,10.75,111470
DHC,2019-01-23,10.68,10.92,10.43,10.85,93200
DHC,2019-01-24,10.85,10.92,10.75,10.9,79110
DHC,2019-01-25,10.82,11.27,10.75,10.82,17730
DHC,2019-01-28,10.45,11.06,10.45,10.52,7690
DHC,2019-01-29,10.52,10.75,10.52,10.56,48230
DHC,2019-01-30,10.68,10.75,10.59,10.68,26370
DHC,2019-01-31,10.68,10.82,10.57,10.71,3860
DHC,2019-02-01,10.71,10.75,10.4,10.68,14250
DHC,2019-02-11,10.75,10.89,10.66,10.75,28100
DHC,2019-02-12,10.75,10.92,10.5,10.57,86040
DHC,2019-02-13,10.57,10.57,10.24,10.4,43280
DHC,2019-02-14,10.5,10.75,10.42,10.57,46130
DHC,2019-02-15,10.71,10.71,10.54,10.61,48540
DHC,2019-02-18,10.64,10.71,10.57,10.64,117490
DHC,2019-02-19,10.71,11.02,10.71,10.85,127370
DHC,2019-02-20,10.85,11.6,10.85,11.34,166430
DHC,2019-02-21,11.34,11.96,11.3,11.91,180820
DHC,2019-02-22,11.91,12.03,11.61,11.72,243320
DHC,2019-02-25,11.79,11.86,11.54,11.54,103230
DHC,2019-02-26,11.54,12.06,11.54,11.72,122050
DHC,2019-02-27,11.89,12.41,11.79,11.99,277040
DHC,2019-02-28,12.13,12.48,11.99,12.03,138510
DHC,2019-03-01,12.31,12.31,12.03,12.2,98370
DHC,2019-03-04,12.45,12.45,11.82,11.86,164350
DHC,2019-03-05,11.72,12.05,11.53,11.79,122050
DHC,2019-03-06,11.79,11.96,11.67,11.77,55950
DHC,2019-03-07,11.68,11.79,11.65,11.65,86360
DHC,2019-03-08,11.51,11.72,11.51,11.65,67810
DHC,2019-03-11,11.54,11.65,11.44,11.44,92960
DHC,2019-03-12,11.44,11.79,11.39,11.39,71920
DHC,2019-03-13,11.44,11.72,11.44,11.72,41980
DHC,2019-03-14,11.72,11.77,11.51,11.54,45700
DHC,2019-03-15,11.54,11.72,11.44,11.54,50560
DHC,2019-03-18,11.54,11.72,11.47,11.47,22900
DHC,2019-03-19,11.47,11.93,11.44,11.93,98370
DHC,2019-03-20,11.89,11.89,11.47,11.68,32230
DHC,2019-03-21,11.82,12.5,11.79,12.48,264550
DHC,2019-03-22,12.69,12.69,12.34,12.58,329820
DHC,2019-03-25,12.48,12.76,12.06,12.69,262310
DHC,2019-03-26,12.58,12.76,12.48,12.69,146520
DHC,2019-03-27,12.83,12.83,12.41,12.48,146280
DHC,2019-03-28,12.17,12.57,12.17,12.24,56830
DHC,2019-03-29,11.96,12.41,11.96,12.13,73340
DHC,2019-04-01,12.13,12.38,11.96,12.38,107800
DHC,2019-04-02,12.2,12.45,12.13,12.27,89440
DHC,2019-04-03,12.15,12.22,12.13,12.22,21560
DHC,2019-04-04,12.22,12.65,12.22,12.31,73730
DHC,2019-04-05,12.34,12.69,12.31,12.51,90580
DHC,2019-04-08,12.93,12.93,12.48,12.51,34330
DHC,2019-04-09,12.55,12.9,12.51,12.55,96030
DHC,2019-04-10,12.69,12.93,12.58,12.86,203730
DHC,2019-04-11,12.97,13.14,12.9,13.0,106270
DHC,2019-04-12,13.0,13.1,12.93,12.97,95180
DHC,2019-04-16,13.0,13.0,12.76,13.0,88840
DHC,2019-04-17,13.16,13.47,13.0,13.31,152410
DHC,2019-04-18,13.31,13.62,13.31,13.59,204530
DHC,2019-04-19,13.55,13.97,13.52,13.97,261280
DHC,2019-04-22,13.55,13.83,13.49,13.66,96340
DHC,2019-04-23,13.66,13.66,13.35,13.59,104070
DHC,2019-04-24,13.59,13.8,13.59,13.68,119580
DHC,2019-04-25,13.64,14.21,13.55,14.21,157910
DHC,2019-04-26,14.04,14.21,13.87,14.11,84370
DHC,2019-05-02,14.04,14.91,14.04,14.08,70160
DHC,2019-05-03,14.08,14.08,13.52,13.87,273940
DHC,2019-05-06,13.52,13.87,13.52,13.71,131220
DHC,2019-05-07,13.71,13.94,13.71,13.78,86850
DHC,2019-05-08,13.69,13.94,13.69,13.9,60810
DHC,2019-05-09,13.9,13.9,13.69,13.69,15740
DHC,2019-05-10,13.69,14.21,13.69,13.87,53230
DHC,2019-05-13,13.87,13.87,13.52,13.55,102850
DHC,2019-05-14,13.35,13.55,13.35,13.52,121890
DHC,2019-05-15,13.87,13.87,13.5,13.83,76080
DHC,2019-05-16,13.87,13.87,13.52,13.52,99130
DHC,2019-05-17,13.52,13.69,13.49,13.52,87920
DHC,2019-05-20,13.52,13.55,13.38,13.52,70880
DHC,2019-05-21,13.69,14.21,13.45,14.04,255840
DHC,2019-05-22,14.35,14.39,14.08,14.18,540750
DHC,2019-05-23,14.21,14.25,14.01,14.18,143920
DHC,2019-05-24,14.18,14.42,14.18,14.39,241210
DHC,2019-05-27,14.32,14.32,13.71,14.2,237370
DHC,2019-05-28,13.9,14.21,13.9,14.21,78880
DHC,2019-05-29,14.46,14.46,14.25,14.39,175990
DHC,2019-05-30,14.35,14.63,14.21,14.63,333640
DHC,2019-05-31,14.66,14.66,14.49,14.49,138190
DHC,2019-06-03,14.42,14.56,14.14,14.21,128540
DHC,2019-06-04,14.21,14.39,14.11,14.28,159570
DHC,2019-06-05,14.28,14.35,14.11,14.14,23500
DHC,2019-06-06,14.11,14.28,14.11,14.25,120990
DHC,2019-06-07,14.28,14.35,14.21,14.35,90230
DHC,2019-06-10,14.28,14.53,14.25,14.42,115710
DHC,2019-06-11,14.42,15.01,14.42,14.91,346950
DHC,2019-06-12,15.25,15.25,14.87,15.06,55770
DHC,2019-06-13,15.06,15.12,14.87,15.06,73960
DHC,2019-06-14,15.08,15.12,14.98,15.06,120350
DHC,2019-06-17,14.91,15.08,14.87,14.94,100040
DHC,2019-06-18,14.94,14.94,14.86,14.87,75630
DHC,2019-06-19,14.87,14.98,14.84,14.87,131820
DHC,2019-06-20,14.87,14.94,14.8,14.87,78400
DHC,2019-06-21,14.91,14.91,14.75,14.75,116040
DHC,2019-06-24,14.73,14.77,14.53,14.63,129470
DHC,2019-06-25,14.63,14.87,14.49,14.7,154530
DHC,2019-06-26,14.7,15.08,14.7,15.03,191850
DHC,2019-06-27,15.03,15.05,14.87,14.87,287990
DHC,2019-06-28,14.87,14.91,14.79,14.91,142880
DHC,2019-07-01,14.98,14.98,14.87,14.98,91900
DHC,2019-07-02,15.01,15.01,14.84,14.91,120930
DHC,2019-07-03,14.98,14.98,14.86,14.86,99000
DHC,2019-07-04,14.86,14.98,14.84,14.98,145950
DHC,2019-07-05,15.05,15.6,15.05,15.36,203700
DHC,2019-07-08,15.43,15.48,15.29,15.36,217370
DHC,2019-07-09,15.32,15.39,15.31,15.38,147280
DHC,2019-07-10,15.36,15.36,15.08,15.32,167950
DHC,2019-07-11,15.22,15.29,15.05,15.29,329160
DHC,2019-07-12,15.32,15.32,15.12,15.24,208900
DHC,2019-07-15,15.25,15.29,15.15,15.24,177840
DHC,2019-07-16,15.29,15.29,15.18,15.24,96010
DHC,2019-07-17,15.24,15.24,15.12,15.18,307690
DHC,2019-07-18,15.34,15.34,15.08,15.1,126770
DHC,2019-07-19,14.37,15.27,14.37,15.18,129690
DHC,2019-07-22,15.18,15.18,14.56,14.64,93740
DHC,2019-07-23,14.66,14.66,14.48,14.52,177890
DHC,2019-07-24,14.39,14.52,14.23,14.27,184240
DHC,2019-07-25,14.25,14.77,14.25,14.56,125870
DHC,2019-07-26,14.48,14.62,14.39,14.56,92660
DHC,2019-07-29,14.6,14.6,14.35,14.56,56750
DHC,2019-07-30,14.69,14.69,14.48,14.56,44070
DHC,2019-07-31,14.69,14.98,14.56,14.98,43740
DHC,2019-08-01,15.14,15.14,14.69,14.91,21420
DHC,2019-08-02,14.77,14.91,14.62,14.83,7230
DHC,2019-08-05,14.77,14.77,14.39,14.73,139260
DHC,2019-08-06,14.39,14.56,14.35,14.52,158360
DHC,2019-08-07,14.19,14.56,14.14,14.52,88700
DHC,2019-08-08,14.19,14.52,14.19,14.46,96410
DHC,2019-08-09,14.46,14.46,14.02,14.46,156010
DHC,2019-08-12,14.46,14.46,13.79,13.94,115160
DHC,2019-08-13,14.1,14.1,13.35,13.9,92140
DHC,2019-08-14,14.14,14.14,13.52,13.52,132090
DHC,2019-08-15,13.31,13.52,13.31,13.52,14730
DHC,2019-08-16,13.52,13.65,13.1,13.31,38710
DHC,2019-08-19,12.48,13.31,12.48,13.31,134330
DHC,2019-08-20,13.31,13.31,12.98,13.23,34320
DHC,2019-08-21,13.31,13.71,13.23,13.71,22820
DHC,2019-08-22,13.71,13.71,13.31,13.52,38730
DHC,2019-08-23,13.31,13.48,13.31,13.48,62520
DHC,2019-08-26,13.31,13.44,12.69,13.31,54050
DHC,2019-08-27,12.9,13.31,12.69,13.31,145820
DHC,2019-08-28,12.94,13.19,12.81,12.86,72560
DHC,2019-08-29,12.86,12.86,12.48,12.86,27450
DHC,2019-08-30,12.88,13.31,12.61,13.29,41270
DHC,2019-09-03,12.75,13.23,12.75,12.77,65350
DHC,2019-09-04,12.69,13.1,12.69,12.69,29500
DHC,2019-09-05,12.69,12.9,12.69,12.73,69060
DHC,2019-09-06,12.73,13.0,12.73,12.9,46640
DHC,2019-09-09,13.1,13.31,12.69,13.29,74700
DHC,2019-09-10,13.31,13.85,13.31,13.73,196680
DHC,2019-09-11,13.73,13.81,13.58,13.77,273060
DHC,2019-09-12,13.77,14.1,13.62,14.1,298700
DHC,2019-09-13,14.14,14.35,13.85,13.98,104810
DHC,2019-09-16,13.73,14.14,13.73,13.85,80640
DHC,2019-09-17,13.73,13.98,13.73,13.9,81450
DHC,2019-09-18,14.02,14.23,13.85,14.23,97480
DHC,2019-09-19,14.23,14.52,14.23,14.46,68030
DHC,2019-09-20,14.48,14.77,14.44,14.48,108950
DHC,2019-09-23,14.48,14.56,14.14,14.56,49430
DHC,2019-09-24,14.48,14.85,14.48,14.73,226590
DHC,2019-09-25,14.69,14.94,14.54,14.6,226370
DHC,2019-09-26,14.64,14.64,14.23,14.39,123680
DHC,2019-09-27,14.39,14.39,14.1,14.19,100120
DHC,2019-09-30,14.14,14.19,13.94,13.98,103420
DHC,2019-10-01,14.21,14.39,14.0,14.25,115350
DHC,2019-10-02,14.14,14.29,14.1,14.27,61010
DHC,2019-10-03,14.27,14.39,14.14,14.39,61720
DHC,2019-10-04,14.71,14.71,14.29,14.44,92000
DHC,2019-10-07,14.44,14.44,14.17,14.27,155720
DHC,2019-10-08,14.14,14.39,14.1,14.14,90380
DHC,2019-10-09,14.02,14.64,14.02,14.52,111760
DHC,2019-10-10,14.64,14.73,14.39,14.39,132320
DHC,2019-10-11,14.39,14.64,14.27,14.62,53060
DHC,2019-10-14,14.42,14.66,14.42,14.52,60930
DHC,2019-10-15,14.73,14.89,14.44,14.56,93850
DHC,2019-10-16,14.56,14.64,14.48,14.56,117470
DHC,2019-10-17,14.56,14.6,14.46,14.52,91640
DHC,2019-10-18,14.44,14.6,14.44,14.56,66820
DHC,2019-10-21,14.56,14.69,14.44,14.48,107560
DHC,2019-10-22,14.44,14.56,14.39,14.44,98060
DHC,2019-10-23,14.39,14.54,14.39,14.52,115630
DHC,2019-10-24,14.48,14.52,14.39,14.48,162110
DHC,2019-10-25,14.44,14.69,14.44,14.56,100790
DHC,2019-10-28,14.81,14.81,14.56,14.73,135340
DHC,2019-10-29,14.73,14.77,14.64,14.69,132800
DHC,2019-10-30,14.6,14.77,14.6,14.71,108590
DHC,2019-10-31,14.81,15.14,14.77,15.14,231420
DHC,2019-11-01,15.14,15.73,15.14,15.68,270790
DHC,2019-11-04,15.71,16.0,15.71,15.95,346490
DHC,2019-11-05,15.95,15.95,15.71,15.77,94350
DHC,2019-11-06,15.81,15.83,15.64,15.81,96390
DHC,2019-11-07,15.77,15.77,15.52,15.64,114890
DHC,2019-11-08,15.48,16.23,15.48,16.23,298340
DHC,2019-11-11,16.31,16.39,15.6,16.31,185570
DHC,2019-11-12,16.31,16.62,16.23,16.56,297840
DHC,2019-11-13,16.56,16.64,16.23,16.58,165970
DHC,2019-11-14,16.58,16.58,16.02,16.02,249020
DHC,2019-11-15,15.87,16.31,15.87,16.14,80600
DHC,2019-11-18,16.14,16.23,15.89,16.1,157100
DHC,2019-11-19,16.18,16.43,15.95,15.95,176810
DHC,2019-11-20,16.14,16.64,16.02,16.54,282070
DHC,2019-11-21,16.41,16.77,16.39,16.54,270370
DHC,2019-11-22,16.54,16.64,16.27,16.35,133490
DHC,2019-11-25,16.35,16.6,16.02,16.43,133740
DHC,2019-11-26,16.43,16.56,16.31,16.41,278160
DHC,2019-11-27,16.27,16.54,16.27,16.43,152830
DHC,2019-11-28,16.23,16.43,16.23,16.35,114170
DHC,2019-11-29,16.31,16.54,16.31,16.52,103420
DHC,2019-12-02,16.54,17.18,16.45,17.18,479370
DHC,2019-12-03,17.22,17.68,17.06,17.47,347870
DHC,2019-12-04,17.47,17.64,17.39,17.56,379560
DHC,2019-12-05,17.58,17.6,17.27,17.47,162080
DHC,2019-12-06,17.47,17.85,17.39,17.68,279910
DHC,2019-12-09,17.68,18.26,17.68,18.12,263420
DHC,2019-12-10,18.26,18.28,17.72,17.72,192480
DHC,2019-12-11,17.72,17.72,17.51,17.56,110840
DHC,2019-12-12,17.35,17.56,16.89,17.06,227800
DHC,2019-12-13,16.89,17.45,16.23,16.35,511560
DHC,2019-12-16,16.02,16.6,16.02,16.52,180280
DHC,2019-12-17,16.52,16.64,16.39,16.5,128800
DHC,2019-12-18,16.39,16.39,16.14,16.14,71280
DHC,2019-12-19,15.98,16.43,15.98,16.23,40980
DHC,2019-12-20,16.35,16.35,16.14,16.25,135150
DHC,2019-12-23,16.31,16.56,16.0,16.06,310800
DHC,2019-12-24,16.49,16.66,15.59,16.42,576130
DHC,2019-12-25,16.42,16.55,15.72,15.89,377390
DHC,2019-12-26,15.61,16.21,15.61,15.89,159060
DHC,2019-12-27,15.97,16.02,15.76,15.8,68010
DHC,2019-12-30,15.8,16.23,15.8,16.19,193840
DHC,2019-12-31,16.27,16.36,16.1,16.19,138000
DHC,2020-01-02,16.61,16.61,15.99,16.19,97330
DHC,2020-01-03,16.19,16.25,15.89,16.06,70660
DHC,2020-01-06,16.12,16.12,15.84,15.89,104050
DHC,2020-01-07,15.89,15.89,15.25,15.55,219780
DHC,2020-01-08,15.38,15.63,15.16,15.42,94930
DHC,2020-01-09,15.38,15.8,15.38,15.59,50480
DHC,2020-01-10,15.72,15.89,15.42,15.78,154280
DHC,2020-01-13,15.89,15.97,15.59,15.76,112980
DHC,2020-01-14,15.8,16.06,15.78,15.8,124010
DHC,2020-01-15,15.93,16.14,15.87,16.14,216920
DHC,2020-01-16,16.23,17.04,16.19,16.91,136100
DHC,2020-01-17,17.17,17.21,16.53,16.81,137220
DHC,2020-01-20,16.74,16.87,16.66,16.83,44560
DHC,2020-01-21,17.68,17.72,17.08,17.08,474030
DHC,2020-01-22,17.51,17.66,17.13,17.6,144700
DHC,2020-01-30,17.9,18.0,17.47,17.55,176570
DHC,2020-01-31,17.28,17.53,16.74,16.87,216530
DHC,2020-02-03,16.36,17.08,15.72,17.08,425750
DHC,2020-02-04,17.08,17.08,16.49,16.66,114680
DHC,2020-02-05,16.87,16.87,16.57,16.61,43640
DHC,2020-02-06,16.44,16.83,16.44,16.66,88290
DHC,2020-02-07,16.78,16.78,16.57,16.57,148760
DHC,2020-02-10,16.36,16.66,16.14,16.23,137660
DHC,2020-02-11,16.42,16.42,16.21,16.36,39330
DHC,2020-02-12,16.42,16.49,16.02,16.46,123330
DHC,2020-02-13,16.61,16.64,16.25,16.31,115520
DHC,2020-02-14,16.19,16.27,15.8,15.89,292850
DHC,2020-02-17,15.8,16.06,15.65,15.65,138750
DHC,2020-02-18,15.65,16.02,15.55,15.8,81470
DHC,2020-02-19,15.8,16.19,15.63,15.97,104560
DHC,2020-02-20,16.19,16.23,16.04,16.04,95810
DHC,2020-02-21,16.02,16.1,15.99,16.04,57090
DHC,2020-02-24,16.02,16.02,15.25,15.67,80220
DHC,2020-02-25,15.42,15.72,15.42,15.67,107660
DHC,2020-02-26,15.46,15.8,15.35,15.35,113700
DHC,2020-02-27,15.38,15.78,15.35,15.59,178850
DHC,2020-02-28,15.38,15.59,15.33,15.4,84910
DHC,2020-03-02,15.33,15.84,15.33,15.8,195200
DHC,2020-03-03,15.89,16.61,15.89,16.44,218930
DHC,2020-03-04,16.44,16.49,16.02,16.42,147300
DHC,2020-03-05,16.57,17.06,16.42,16.83,270810
DHC,2020-03-06,16.83,17.25,16.83,17.1,338140
DHC,2020-03-09,16.19,16.66,15.93,15.97,336290
DHC,2020-03-10,15.8,16.44,15.8,16.44,113690
DHC,2020-03-11,16.44,16.49,15.59,16.27,112890
DHC,2020-03-12,16.02,16.02,15.67,15.84,707890
DHC,2020-03-13,15.42,16.61,15.42,16.4,293160
DHC,2020-03-16,16.4,16.4,15.72,15.84,171790
DHC,2020-03-17,14.99,15.84,14.99,15.23,362460
DHC,2020-03-18,15.23,15.33,14.91,14.91,173800
DHC,2020-03-19,14.65,14.86,14.48,14.52,231220
DHC,2020-03-20,14.52,14.91,14.12,14.52,163550
DHC,2020-03-23,13.88,14.12,13.52,13.52,306020
DHC,2020-03-24,13.28,13.67,13.28,13.67,256860
DHC,2020-03-25,14.09,14.61,13.67,14.56,97280
DHC,2020-03-26,14.56,14.61,13.97,14.01,42310
DHC,2020-03-27,13.67,14.07,13.67,13.97,68250
DHC,2020-03-30,13.24,13.67,13.07,13.24,202290
DHC,2020-03-31,13.79,13.79,13.03,13.67,161750
DHC,2020-04-01,14.01,14.01,13.67,13.9,104260
DHC,2020-04-03,14.26,14.26,13.97,13.99,85730
DHC,2020-04-06,14.14,14.44,14.01,14.44,174340
DHC,2020-04-07,14.52,14.52,14.31,14.39,10090
DHC,2020-04-08,14.52,14.73,14.31,14.52,86830
DHC,2020-04-09,14.96,15.05,14.52,14.96,207010
DHC,2020-04-10,14.96,15.29,14.96,15.22,138650
DHC,2020-04-13,15.22,15.4,15.2,15.25,209370
DHC,2020-04-14,15.22,15.22,14.74,15.14,141290
DHC,2020-04-15,14.87,15.58,14.87,15.07,89060
DHC,2020-04-16,15.14,15.14,14.92,15.07,71670
DHC,2020-04-17,15.14,15.97,14.92,15.8,201320
DHC,2020-04-20,15.8,16.06,15.71,16.02,138120
DHC,2020-04-21,16.94,16.94,16.02,16.02,674930
DHC,2020-04-22,15.84,16.28,15.49,15.75,330230
DHC,2020-04-23,16.28,16.46,15.8,15.88,317350
DHC,2020-04-24,15.62,15.88,15.44,15.86,113720
DHC,2020-04-27,15.93,16.19,15.69,16.1,292260
DHC,2020-04-28,16.15,16.5,16.1,16.28,384100
DHC,2020-04-29,16.28,17.03,16.28,16.72,1209670
DHC,2020-05-04,16.54,16.81,16.24,16.39,289090
DHC,2020-05-05,16.54,16.54,16.28,16.5,87930
DHC,2020-05-06,16.61,16.63,16.28,16.41,261550
DHC,2020-05-07,16.5,16.94,16.43,16.68,567310
DHC,2020-05-08,16.81,16.81,16.41,16.41,304240
DHC,2020-05-11,16.32,16.59,16.3,16.43,254550
DHC,2020-05-12,16.43,16.61,16.3,16.5,370260
DHC,2020-05-13,16.5,16.65,16.35,16.63,283710
DHC,2020-05-14,16.81,17.07,16.37,16.37,1094730
DHC,2020-05-15,16.54,16.54,16.41,16.5,151330
DHC,2020-05-18,16.5,16.54,16.37,16.46,146360
DHC,2020-05-19,16.41,16.46,15.84,15.88,878150
DHC,2020-05-20,15.62,15.88,15.62,15.69,211030
DHC,2020-05-21,15.66,16.1,15.66,16.06,75350
DHC,2020-05-22,15.93,16.06,15.88,15.88,94110
DHC,2020-05-25,15.88,15.97,15.75,15.82,152570
DHC,2020-05-26,15.84,16.46,15.8,16.37,253900
DHC,2020-05-27,16.63,16.63,16.1,16.1,105450
DHC,2020-05-28,16.1,16.41,15.97,16.28,240700
DHC,2020-05-29,16.19,16.43,16.1,16.19,60680
DHC,2020-06-01,16.15,16.21,15.95,15.97,176740
DHC,2020-06-02,16.02,16.28,15.93,16.17,149130
DHC,2020-06-03,16.24,16.24,15.97,16.1,160230
DHC,2020-06-04,16.1,16.1,15.77,15.82,416050
DHC,2020-06-05,15.75,15.75,15.55,15.62,312770
DHC,2020-06-08,15.62,16.1,15.62,15.93,287730
DHC,2020-06-09,16.04,16.04,15.69,15.71,145720
DHC,2020-06-10,15.91,15.99,15.62,15.84,241930
DHC,2020-06-11,15.84,16.02,15.4,15.4,362810
DHC,2020-06-12,14.78,15.36,14.78,15.18,513410
DHC,2020-06-15,15.22,15.25,14.7,14.78,288290
DHC,2020-06-16,14.87,15.0,14.74,14.96,193070
DHC,2020-06-17,15.05,15.31,14.83,15.27,348490
DHC,2020-06-18,15.31,15.62,15.18,15.44,223990
DHC,2020-06-19,15.62,15.62,15.14,15.18,359300
DHC,2020-06-22,15.05,15.18,15.03,15.05,307480
DHC,2020-06-23,15.05,15.05,14.96,15.0,368900
DHC,2020-06-24,15.0,15.4,14.94,15.25,421690
DHC,2020-06-25,15.4,15.4,15.14,15.27,404650
DHC,2020-06-26,15.27,16.06,15.27,15.49,677170
DHC,2020-06-29,15.18,15.84,14.96,14.96,597050
DHC,2020-06-30,15.4,15.4,15.0,15.2,533910
DHC,2020-07-01,15.2,15.75,15.18,15.64,533490
DHC,2020-07-02,15.8,16.72,15.53,16.68,2773060
DHC,2020-07-03,16.85,17.38,16.24,16.28,1169170
DHC,2020-07-06,16.32,16.72,15.93,15.93,1445760
DHC,2020-07-07,15.99,16.39,15.62,15.62,1730330
DHC,2020-07-08,16.02,16.7,16.02,16.7,2387470
DHC,2020-07-09,17.87,17.87,17.69,17.87,1263310
DHC,2020-07-10,17.87,18.44,17.87,18.26,2380990
DHC,2020-07-13,18.04,18.92,18.04,18.46,1531970
DHC,2020-07-14,18.44,18.92,18.42,18.92,1304480
DHC,2020-07-15,19.14,19.19,18.26,18.26,1351200
DHC,2020-07-16,18.26,18.81,18.26,18.77,1019810
DHC,2020-07-17,18.7,19.21,18.68,18.9,975650
DHC,2020-07-20,18.9,19.25,18.48,18.66,1576530
DHC,2020-07-21,18.61,18.61,17.87,18.33,1627280
DHC,2020-07-22,18.31,18.66,18.26,18.37,1001600
DHC,2020-07-23,18.35,19.14,18.2,19.14,1283610
DHC,2020-07-24,18.92,19.45,17.82,18.48,2741350
DHC,2020-07-27,17.87,18.26,17.38,17.51,1868940
DHC,2020-07-28,17.8,18.53,17.53,18.33,912110
DHC,2020-07-29,18.0,18.2,17.25,18.04,1821910
DHC,2020-07-30,18.2,18.26,18.04,18.06,925680
DHC,2020-07-31,18.04,18.13,17.62,17.73,880480
DHC,2020-08-03,17.73,18.35,17.73,18.31,789560
DHC,2020-08-04,18.48,18.48,18.2,18.46,628220
DHC,2020-08-05,18.48,19.54,18.42,19.54,2154120
DHC,2020-08-06,19.71,19.93,19.27,19.8,1335300
DHC,2020-08-07,19.8,19.93,19.49,19.93,1093430
DHC,2020-08-10,19.89,20.0,19.41,19.41,1124990
DHC,2020-08-11,19.41,19.76,19.32,19.71,2103010
DHC,2020-08-12,19.8,19.8,19.43,19.58,687600
DHC,2020-08-13,20.11,20.11,19.45,20.11,1328670
DHC,2020-08-14,20.11,20.11,19.65,19.8,1193380
DHC,2020-08-17,19.63,19.78,19.45,19.71,626620
DHC,2020-08-18,19.63,19.8,19.49,19.49,645140
DHC,2020-08-19,19.58,20.11,19.47,19.98,889920
DHC,2020-08-20,19.93,20.29,19.67,19.93,1007340
DHC,2020-08-21,20.02,20.11,19.76,20.11,801060
DHC,2020-08-24,20.24,20.46,20.07,20.22,1319300
DHC,2020-08-25,20.22,20.24,19.91,19.91,651200
DHC,2020-08-26,19.93,20.15,19.56,20.02,733440
DHC,2020-08-27,20.13,20.13,19.67,19.76,682150
DHC,2020-08-28,19.85,20.0,19.49,19.54,1069590
DHC,2020-08-31,19.54,19.58,19.16,19.27,1025250
DHC,2020-09-01,19.27,19.63,19.23,19.6,521820
DHC,2020-09-03,19.58,19.76,19.41,19.58,549090
DHC,2020-09-04,19.36,19.85,19.34,19.76,917660
DHC,2020-09-07,19.76,19.76,19.45,19.54,713200
DHC,2020-09-08,19.54,19.74,19.45,19.63,456100
DHC,2020-09-09,19.54,20.68,19.49,20.55,1702340
DHC,2020-09-10,20.68,20.79,20.37,20.51,626270
DHC,2020-09-11,20.51,20.57,20.42,20.46,536060
DHC,2020-09-14,20.46,20.46,20.2,20.29,735880
DHC,2020-09-15,20.46,20.51,20.24,20.42,762630
DHC,2020-09-16,20.42,20.55,20.2,20.46,666130
DHC,2020-09-17,20.46,20.66,20.42,20.59,681800
DHC,2020-09-18,20.59,20.59,20.4,20.42,445270
DHC,2020-09-21,20.51,20.57,19.93,20.07,845270
DHC,2020-09-22,19.93,20.37,19.8,19.8,1042460
DHC,2020-09-23,19.8,19.96,19.49,19.58,1202310
DHC,2020-09-24,19.45,19.76,19.41,19.71,527740
DHC,2020-09-25,20.02,20.29,19.8,20.29,1235180
DHC,2020-09-28,20.4,20.4,19.82,20.2,734360
DHC,2020-09-29,20.2,20.2,19.8,19.85,653770
DHC,2020-09-30,19.85,20.11,19.8,20.02,555840
DHC,2020-10-01,20.2,20.2,19.93,20.07,331070
DHC,2020-10-02,20.15,20.15,19.67,19.8,615210
DHC,2020-10-05,19.85,20.04,19.8,19.96,471120
DHC,2020-10-06,20.0,20.44,19.98,20.24,924850
DHC,2020-10-07,20.24,20.33,19.91,20.15,416440
DHC,2020-10-08,20.29,20.29,19.91,20.15,214300
DHC,2020-10-09,20.15,20.24,19.98,20.11,449460
DHC,2020-10-12,20.24,20.24,19.93,20.04,405500
DHC,2020-10-13,19.91,20.07,19.82,20.04,295470
DHC,2020-10-14,20.11,20.11,19.98,20.02,173200
DHC,2020-10-15,20.11,20.11,19.8,19.8,214490
DHC,2020-10-16,19.69,20.13,19.69,19.93,319830
DHC,2020-10-19,19.85,20.02,19.85,19.89,165240
DHC,2020-10-20,19.89,20.31,19.89,20.31,416110
DHC,2020-10-21,20.46,20.51,20.24,20.24,564930
DHC,2020-10-22,20.15,20.51,20.15,20.51,403400
DHC,2020-10-23,20.68,21.47,20.59,21.47,1276810
DHC,2020-10-26,21.52,21.52,21.12,21.21,404730
DHC,2020-10-27,21.12,21.17,20.9,20.9,327830
DHC,2020-10-28,20.66,20.88,20.24,20.24,1159330
DHC,2020-10-29,20.07,20.42,19.93,20.31,464200
DHC,2020-10-30,20.51,20.55,20.24,20.42,245980
DHC,2020-11-02,20.42,20.9,20.29,20.73,363290
DHC,2020-11-03,20.9,21.3,20.77,21.17,594890
DHC,2020-11-04,21.43,21.56,21.34,21.34,418810
DHC,2020-11-05,21.34,21.43,21.08,21.08,449240
DHC,2020-11-06,21.12,21.3,21.06,21.12,178600
DHC,2020-11-09,21.12,21.69,21.12,21.63,278460
DHC,2020-11-10,21.8,21.87,21.63,21.63,240140
DHC,2020-11-11,21.63,22.31,21.63,22.31,962370
DHC,2020-11-12,22.44,22.75,22.44,22.66,477130
DHC,2020-11-13,22.75,22.93,22.66,22.84,335750
DHC,2020-11-16,22.84,23.06,22.57,22.66,443290
DHC,2020-11-17,22.66,23.1,22.62,23.1,557960
DHC,2020-11-18,23.1,23.23,22.66,23.1,315170
DHC,2020-11-19,23.1,23.23,22.66,23.1,442190
DHC,2020-11-20,22.88,23.19,22.75,23.19,409410
DHC,2020-11-23,23.23,23.98,23.23,23.85,548420
DHC,2020-11-24,24.16,24.16,23.59,23.98,273590
DHC,2020-11-25,24.2,24.77,24.16,24.64,492000
DHC,2020-11-26,24.86,25.57,24.64,25.57,810430
DHC,2020-11-27,25.52,25.96,25.3,25.7,443400
DHC,2020-11-30,25.7,26.4,25.61,26.01,542430
DHC,2020-12-01,25.3,26.09,25.3,25.96,311660
DHC,2020-12-02,25.96,25.96,25.52,25.74,464400
DHC,2020-12-03,25.61,25.7,25.52,25.7,261240
DHC,2020-12-04,25.61,27.46,25.52,27.46,314130
DHC,2020-12-07,27.11,27.28,25.79,26.36,317800
DHC,2020-12-08,26.23,26.58,25.96,26.58,165600
DHC,2020-12-09,26.71,26.75,26.31,26.31,220460
DHC,2020-12-10,26.4,26.62,26.31,26.45,320220
DHC,2020-12-11,26.4,27.06,26.31,26.8,392030
DHC,2020-12-14,26.97,26.97,26.58,26.75,437780
DHC,2020-12-15,26.75,26.8,26.62,26.71,236100
DHC,2020-12-16,26.71,26.75,26.49,26.75,553570
DHC,2020-12-17,26.75,26.75,25.96,26.14,589460
DHC,2020-12-18,26.01,26.36,26.01,26.14,255270
DHC,2020-12-21,26.45,26.49,26.14,26.18,174890
DHC,2020-12-22,26.18,27.15,26.18,27.06,608040
DHC,2020-12-23,27.5,27.5,26.4,26.62,180410
DHC,2020-12-24,26.62,26.84,26.01,26.31,203640
DHC,2020-12-25,26.31,26.84,26.27,26.67,635250
DHC,2020-12-28,26.67,26.84,26.36,26.36,492160
DHC,2020-12-29,26.4,26.8,26.36,26.4,386900
DHC,2020-12-30,27.31,27.31,26.67,26.72,141890
DHC,2020-12-31,26.72,28.22,26.72,27.72,429900
DHC,2021-01-04,27.72,27.86,27.31,27.77,246700
DHC,2021-01-05,27.77,27.86,27.58,27.72,151200
DHC,2021-01-06,27.77,27.95,27.49,27.77,366600
DHC,2021-01-07,27.81,29.36,27.77,29.13,581400
DHC,2021-01-08,29.22,30.04,29.09,29.13,268600
DHC,2021-01-11,29.13,29.4,29.0,29.18,684200
DHC,2021-01-12,29.18,29.4,28.63,29.4,496300
DHC,2021-01-13,29.36,29.59,29.04,29.04,545100
DHC,2021-01-14,29.13,29.22,28.9,29.13,348300
DHC,2021-01-15,29.13,31.13,29.13,31.13,1156200
DHC,2021-01-18,31.18,31.23,30.04,31.09,234700
DHC,2021-01-19,31.09,31.09,29.0,29.81,446800
DHC,2021-01-20,29.36,29.81,27.9,29.81,309800
DHC,2021-01-21,29.81,30.59,29.81,30.59,359600
DHC,2021-01-22,30.54,30.68,29.59,30.36,604500
DHC,2021-01-25,30.41,30.41,29.5,30.0,366900
DHC,2021-01-26,30.0,30.0,29.18,29.22,143200
DHC,2021-01-27,28.45,29.22,27.99,27.99,225400
DHC,2021-01-28,26.4,27.4,26.04,26.04,890900
DHC,2021-01-29,25.49,27.81,25.49,27.49,121000
DHC,2021-02-01,28.45,28.68,27.77,27.99,204700
DHC,2021-02-02,27.68,29.13,27.68,29.13,284800
DHC,2021-02-03,29.13,30.36,29.13,30.18,342400
DHC,2021-02-04,30.45,30.63,29.81,30.27,206100
DHC,2021-02-05,30.27,30.95,29.59,30.95,363200
DHC,2021-02-08,30.59,31.0,29.81,29.95,145500
DHC,2021-02-09,29.68,30.59,29.68,30.59,99000
DHC,2021-02-17,30.95,32.73,30.95,32.73,1498600
DHC,2021-02-18,33.36,33.59,32.32,33.41,227900
DHC,2021-02-19,32.77,33.55,32.77,33.14,196700
DHC,2021-02-22,33.18,33.5,32.91,33.27,408500
DHC,2021-02-23,33.23,33.36,33.09,33.18,299900
DHC,2021-02-24,32.96,33.87,32.96,33.23,486800
DHC,2021-02-25,33.23,34.68,33.23,34.68,642000
DHC,2021-02-26,34.68,35.96,34.59,35.28,430200
DHC,2021-03-01,35.28,35.28,34.37,34.96,317200
DHC,2021-03-02,34.82,35.05,34.64,34.96,469600
DHC,2021-03-03,35.28,36.87,35.0,35.87,400000
DHC,2021-03-04,35.87,36.82,33.68,35.5,473900
DHC,2021-03-05,34.82,36.41,34.68,36.32,475500
DHC,2021-03-08,36.41,36.64,35.5,35.96,419800
DHC,2021-03-09,35.73,36.41,35.5,36.14,346500
DHC,2021-03-10,36.1,36.64,36.1,36.64,335400
DHC,2021-03-11,36.87,37.32,36.64,37.32,297000
DHC,2021-03-12,37.32,38.51,37.32,38.24,312100
DHC,2021-03-15,38.24,38.46,37.78,38.28,255500
DHC,2021-03-16,38.28,38.92,38.28,38.74,230700
DHC,2021-03-17,38.74,39.01,38.46,38.92,252100
DHC,2021-03-18,39.15,39.15,38.46,38.92,184800
DHC,2021-03-19,38.92,38.92,37.78,37.96,390500
DHC,2021-03-22,37.83,37.92,37.1,37.78,476100
DHC,2021-03-23,37.55,37.78,37.32,37.73,193800
DHC,2021-03-24,37.1,37.51,37.1,37.23,157800
DHC,2021-03-25,37.23,37.46,36.41,37.14,111200
DHC,2021-03-26,37.14,37.14,36.41,36.87,233800
DHC,2021-03-29,36.87,37.28,36.87,37.19,126000
DHC,2021-03-30,37.19,38.24,37.19,37.78,287000
DHC,2021-03-31,37.78,38.01,37.32,38.01,126200
DHC,2021-04-01,38.01,38.24,37.78,38.1,96300
DHC,2021-04-02,38.24,38.24,37.37,38.1,165200
DHC,2021-04-05,38.1,38.1,37.73,38.1,128800
DHC,2021-04-06,38.1,40.33,38.05,40.06,548400
DHC,2021-04-07,40.47,40.78,39.6,40.42,301100
DHC,2021-04-08,40.42,40.78,40.28,40.42,91600
DHC,2021-04-09,40.1,40.47,39.37,39.83,311300
DHC,2021-04-12,39.69,40.28,39.37,39.97,250100
DHC,2021-04-13,39.97,40.6,39.97,40.06,261600
DHC,2021-04-14,40.06,40.65,40.06,40.6,232200
DHC,2021-04-15,40.42,40.74,40.42,40.51,93100
DHC,2021-04-16,37.78,40.51,37.78,40.15,205900
DHC,2021-04-19,40.06,41.88,39.6,41.88,353700
DHC,2021-04-20,41.88,41.92,41.1,41.88,97700
DHC,2021-04-22,41.88,41.88,41.06,41.24,147900
DHC,2021-04-23,41.24,41.83,40.51,41.65,133500
DHC,2021-04-26,42.56,42.56,41.65,41.88,218100
DHC,2021-04-27,42.29,42.29,41.06,41.19,267200
DHC,2021-04-28,41.19,41.6,40.51,40.88,196800
DHC,2021-04-29,40.88,42.56,40.88,41.51,390200
DHC,2021-05-04,40.97,41.65,40.97,41.51,105200
DHC,2021-05-05,41.65,43.11,41.65,42.56,560700
DHC,2021-05-06,42.79,42.97,42.33,42.92,471300
DHC,2021-05-07,42.88,43.7,42.38,43.56,688600
DHC,2021-05-10,43.61,45.75,43.38,45.75,608400
DHC,2021-05-11,45.97,46.75,45.7,45.88,339600
DHC,2021-05-12,45.52,46.34,45.52,46.34,273400
DHC,2021-05-13,46.11,46.34,45.61,45.97,337200
DHC,2021-05-14,45.97,46.43,45.43,45.52,322200
DHC,2021-05-17,45.97,46.52,45.52,46.29,435000
DHC,2021-05-18,46.47,46.52,45.65,46.16,455000
DHC,2021-05-19,46.29,48.52,46.16,47.2,413600
DHC,2021-05-20,47.75,48.16,47.2,47.75,371900
DHC,2021-05-21,47.34,47.89,47.34,47.75,188100
DHC,2021-05-24,47.61,48.02,47.34,48.02,301000
DHC,2021-05-25,48.25,50.02,45.52,48.2,250700
DHC,2021-05-26,48.2,48.2,47.07,47.34,261800
DHC,2021-05-27,46.88,47.11,45.52,45.88,236200
DHC,2021-05-28,45.61,46.66,45.61,46.29,84200
DHC,2021-05-31,45.75,48.61,45.75,46.38,266200
DHC,2021-06-01,46.29,47.79,46.29,47.34,241800
DHC,2021-06-02,47.79,47.79,47.34,47.57,161400
DHC,2021-06-03,47.57,48.2,47.43,47.57,163700
DHC,2021-06-04,47.57,48.48,47.52,48.43,626200
DHC,2021-06-07,48.93,48.93,46.88,48.39,146200
DHC,2021-06-08,48.43,48.48,45.97,46.88,346600
DHC,2021-06-09,46.88,48.25,46.7,47.34,239800
DHC,2021-06-10,47.34,48.2,46.88,47.93,215100
DHC,2021-06-11,48.25,49.16,48.2,48.2,140100
DHC,2021-06-14,48.2,48.7,48.2,48.52,268100
DHC,2021-06-15,48.25,49.16,48.25,48.43,92600
DHC,2021-06-16,49.11,49.11,48.34,48.43,62500
DHC,2021-06-17,48.43,49.61,48.39,48.61,198100
DHC,2021-06-18,48.61,49.57,48.61,48.66,254200
DHC,2021-06-21,48.66,49.57,48.66,49.11,112400
DHC,2021-06-22,49.16,49.16,48.52,48.8,152000
DHC,2021-06-23,48.52,48.7,47.34,47.79,587300
DHC,2021-06-24,47.79,47.93,47.29,47.79,135400
DHC,2021-06-25,47.34,47.75,46.57,47.34,440700
DHC,2021-06-28,47.34,48.61,47.34,48.57,53800
DHC,2021-06-29,48.57,48.57,47.89,48.34,63800
DHC,2021-06-30,48.25,48.34,47.79,47.79,110600
DHC,2021-07-01,47.79,49.21,47.38,48.2,61100
DHC,2021-07-02,48.29,48.39,47.79,47.89,82600
DHC,2021-07-05,47.7,47.89,46.93,47.16,174400
DHC,2021-07-06,46.93,47.29,46.2,46.2,185600
DHC,2021-07-07,46.38,48.57,44.65,48.29,190300
DHC,2021-07-08,48.29,48.39,47.57,48.25,212700
DHC,2021-07-09,48.7,48.7,46.66,46.7,83700
DHC,2021-07-12,45.61,47.34,44.38,44.61,179600
DHC,2021-07-13,44.38,44.84,44.15,44.61,216200
DHC,2021-07-14,45.52,45.52,43.74,44.06,122200
DHC,2021-07-15,44.61,44.61,43.79,44.15,165400
DHC,2021-07-16,44.2,44.24,43.93,44.06,144800
DHC,2021-07-19,41.92,45.43,41.92,44.06,176100
DHC,2021-07-20,45.47,45.47,44.06,44.24,73200
DHC,2021-07-21,44.29,44.38,43.7,44.24,100900
DHC,2021-07-22,44.24,45.56,44.06,45.43,317400
DHC,2021-07-23,48.28,48.28,46.21,46.44,139100
DHC,2021-07-26,46.55,48.16,45.98,46.32,61700
DHC,2021-07-27,46.09,46.9,45.98,46.78,198400
DHC,2021-07-28,46.96,48.28,46.78,47.13,151100
DHC,2021-07-29,47.53,47.7,46.96,47.53,66500
DHC,2021-07-30,48.1,48.1,46.96,47.7,125000
DHC,2021-08-02,47.7,50.92,47.3,50.92,1898200
DHC,2021-08-03,52.3,52.3,51.04,51.44,184200
DHC,2021-08-04,51.73,51.73,50.75,51.15,234700
DHC,2021-08-05,50.63,52.19,50.58,52.01,660700
DHC,2021-08-06,52.07,52.07,51.32,51.73,304400
DHC,2021-08-09,50.98,53.33,50.75,52.01,529700
DHC,2021-08-10,52.01,52.07,51.15,51.9,641800
DHC,2021-08-11,52.01,52.13,50.86,51.44,511500
DHC,2021-08-12,51.44,51.73,50.58,50.58,632100
DHC,2021-08-13,50.52,50.58,49.43,49.6,430800
DHC,2021-08-16,49.66,51.04,49.54,50.52,594300
DHC,2021-08-17,51.15,51.15,50.29,50.75,544700
DHC,2021-08-18,50.58,50.75,50.0,50.46,174500
DHC,2021-08-19,50.81,51.96,50.46,50.58,549000
DHC,2021-08-20,50.63,50.69,47.7,48.85,640200
DHC,2021-08-23,48.85,48.85,47.13,47.41,232800
DHC,2021-08-24,46.32,47.7,46.32,47.18,271300
DHC,2021-08-25,47.18,47.41,46.32,47.13,223400
DHC,2021-08-26,46.73,48.51,46.73,47.7,330500
DHC,2021-08-27,47.18,47.64,47.13,47.59,142700
DHC,2021-08-30,47.82,48.22,47.82,48.22,221600
DHC,2021-08-31,48.85,48.97,47.82,48.97,192200
DHC,2021-09-01,48.97,48.97,48.05,48.28,521200
DHC,2021-09-06,48.28,49.71,48.05,48.62,443500
DHC,2021-09-07,48.62,48.85,48.05,48.22,346400
DHC,2021-09-08,48.22,48.56,48.16,48.28,187600
DHC,2021-09-09,48.28,48.45,48.05,48.39,315900
DHC,2021-09-10,48.28,48.56,48.16,48.51,186700
DHC,2021-09-13,48.51,49.43,48.33,49.37,768700
DHC,2021-09-14,49.37,50.29,49.37,49.77,559800
DHC,2021-09-15,49.77,50.58,49.77,50.23,299300
DHC,2021-09-16,50.06,50.86,49.43,50.4,304500
DHC,2021-09-17,50.12,50.58,49.14,50.52,707100
DHC,2021-09-20,50.58,50.58,49.89,49.94,445600
DHC,2021-09-21,49.71,49.77,49.08,49.14,594400
DHC,2021-09-22,49.43,49.54,48.39,49.14,305500
DHC,2021-09-23,50.46,50.46,49.08,49.37,409800
DHC,2021-09-24,49.6,49.6,48.51,48.74,343900
DHC,2021-09-27,49.2,49.2,47.3,47.64,404800
DHC,2021-09-28,47.3,48.16,46.5,48.16,213800
DHC,2021-09-29,47.7,48.45,47.13,48.16,178600
DHC,2021-09-30,48.22,49.43,47.53,47.7,207500
DHC,2021-10-01,47.59,47.93,47.13,47.7,215200
DHC,2021-10-04,48.85,51.04,48.05,51.04,3321600
DHC,2021-10-05,53.91,54.02,52.3,52.76,1330800
DHC,2021-10-06,52.76,54.83,51.9,54.31,1249100
DHC,2021-10-07,54.37,55.46,53.51,54.6,1606700
DHC,2021-10-08,54.37,55.63,54.37,54.71,763100
DHC,2021-10-11,54.89,54.89,53.62,53.91,943600
DHC,2021-10-12,53.68,54.77,52.99,54.54,932500
DHC,2021-10-13,54.83,55.17,53.33,53.62,704800
DHC,2021-10-14,53.62,54.48,53.56,53.91,745600
DHC,2021-10-15,54.2,54.2,53.22,53.33,535400
DHC,2021-10-18,53.39,53.91,52.82,52.87,712600
DHC,2021-10-19,52.87,52.87,52.01,52.01,571000
DHC,2021-10-20,52.01,53.68,51.73,52.87,419200
DHC,2021-10-21,52.87,54.48,52.59,54.02,955900
DHC,2021-10-22,54.48,54.54,53.74,54.14,473200
DHC,2021-10-25,54.54,54.6,53.85,54.14,429400
DHC,2021-10-26,54.08,54.08,51.73,53.45,375200
DHC,2021-10-27,53.45,53.91,52.93,53.62,403100
DHC,2021-10-28,53.68,53.74,52.82,52.87,921600
DHC,2021-10-29,52.87,53.97,52.76,53.74,615700
DHC,2021-11-01,53.51,53.68,52.24,52.24,954000
DHC,2021-11-02,52.13,52.87,52.13,52.3,667500
DHC,2021-11-03,52.3,52.99,52.3,52.3,438400
DHC,2021-11-04,52.82,52.82,52.24,52.53,190200
DHC,2021-11-05,52.82,55.4,52.53,55.23,1573500
DHC,2021-11-08,55.29,55.63,54.02,54.77,368000
DHC,2021-11-09,54.66,55.29,54.37,55.06,609400
DHC,2021-11-10,54.6,55.06,53.79,54.94,638100
DHC,2021-11-11,54.14,55.06,54.02,54.14,530500
DHC,2021-11-12,53.85,54.2,53.79,54.14,438600
DHC,2021-11-15,54.14,54.2,52.53,52.87,372800
DHC,2021-11-16,52.36,52.87,52.36,52.53,171300
DHC,2021-11-17,52.53,53.45,52.41,52.76,103500
DHC,2021-11-18,53.33,53.51,52.3,52.87,198800
DHC,2021-11-19,52.87,53.85,52.19,53.85,370300
DHC,2021-11-22,53.85,54.02,53.05,53.45,212900
DHC,2021-11-23,53.45,53.56,52.59,53.56,178000
DHC,2021-11-24,53.45,54.31,53.28,54.02,441300
DHC,2021-11-25,55.06,55.06,53.79,54.31,474600
DHC,2021-11-26,54.31,54.66,53.45,53.45,260100
DHC,2021-11-29,52.36,53.51,52.36,53.51,269200
DHC,2021-11-30,53.51,53.62,52.87,53.62,199100
DHC,2021-12-01,54.02,54.31,52.36,53.45,106100
DHC,2021-12-02,54.48,54.48,53.16,53.22,181300
DHC,2021-12-03,53.22,53.22,52.36,52.47,161900
DHC,2021-12-06,52.47,52.64,48.85,50.63,284600
DHC,2021-12-07,50.86,51.61,49.14,50.86,207500
DHC,2021-12-08,51.04,51.61,50.86,50.86,144800
DHC,2021-12-09,50.92,52.01,50.92,51.73,208400
DHC,2021-12-10,51.5,51.78,50.86,50.92,150300
DHC,2021-12-13,50.92,51.5,50.58,50.63,221300
DHC,2021-12-14,50.69,50.86,49.6,49.83,135700
DHC,2021-12-15,49.71,50.58,49.66,50.17,51400
DHC,2021-12-16,50.17,50.23,48.85,49.48,163000
DHC,2021-12-17,49.48,49.6,48.85,49.02,241100
DHC,2021-12-20,49.14,49.31,48.79,48.79,210000
DHC,2021-12-21,47.99,48.85,47.99,48.79,115800
DHC,2021-12-22,48.62,48.91,48.28,48.39,174500
DHC,2021-12-23,47.99,48.74,47.64,48.22,189100
DHC,2021-12-24,47.99,48.68,47.99,48.68,136400
DHC,2021-12-27,48.68,49.71,48.05,49.43,47100
DHC,2021-12-28,49.43,49.6,49.37,49.43,51100
DHC,2021-12-29,48.91,49.54,48.91,49.37,44600
DHC,2021-12-30,49.43,50.0,49.31,50.0,25800
DHC,2021-12-31,49.89,51.15,49.43,51.15,58600
DHC,2022-01-04,51.04,51.04,50.23,50.58,136100
DHC,2022-01-05,50.0,50.35,49.77,50.35,143500
DHC,2022-01-06,50.0,50.58,49.89,50.35,47600
DHC,2022-01-07,50.06,50.06,49.14,49.2,112600
DHC,2022-01-10,49.2,49.25,48.85,48.91,141900
DHC,2022-01-11,48.85,49.14,47.82,47.82,157500
DHC,2022-01-12,47.87,49.08,47.87,48.22,64200
DHC,2022-01-13,48.33,49.14,46.61,47.13,123700
DHC,2022-01-14,47.13,47.47,47.07,47.18,178600
DHC,2022-01-17,47.41,48.56,46.27,46.32,103700
DHC,2022-01-18,46.04,46.32,45.92,45.92,121600
DHC,2022-01-19,45.98,46.55,45.92,45.92,73400
DHC,2022-01-20,45.92,46.55,45.81,46.21,88700
DHC,2022-01-21,46.21,46.21,45.12,45.12,123100
DHC,2022-01-24,45.35,45.4,43.45,43.68,124400
DHC,2022-01-25,42.99,43.79,41.27,41.95,202300
DHC,2022-01-26,41.95,43.79,41.95,43.79,52500
DHC,2022-01-27,45.17,45.17,42.82,43.79,133300
DHC,2022-01-28,43.68,44.89,43.68,44.83,86400
DHC,2022-02-07,44.83,44.94,43.39,43.51,236800
DHC,2022-02-08,43.68,44.71,43.39,44.25,107700
DHC,2022-02-09,44.25,44.83,44.25,44.83,48800
DHC,2022-02-10,44.89,44.94,44.2,44.83,264400
DHC,2022-02-11,44.83,45.4,44.83,45.4,49200
DHC,2022-02-14,45.4,45.4,44.54,45.12,137000
DHC,2022-02-15,45.12,45.29,44.77,45.29,46200
DHC,2022-02-16,45.29,45.29,44.83,44.89,70200
DHC,2022-02-17,44.89,45.35,44.83,44.83,62700
DHC,2022-02-18,44.83,44.94,43.68,44.94,330300
DHC,2022-02-21,44.94,46.55,44.83,46.04,177200
DHC,2022-02-22,45.52,46.27,45.52,46.09,88500
DHC,2022-02-23,46.09,47.18,45.86,46.96,224700
DHC,2022-02-24,46.61,47.01,45.75,46.21,263000
DHC,2022-02-25,46.21,46.27,45.52,45.75,198600
DHC,2022-02-28,45.81,47.36,45.58,46.09,69700
DHC,2022-03-01,46.15,46.67,45.98,46.55,80200
DHC,2022-03-02,46.55,46.55,45.52,45.75,231000
DHC,2022-03-03,45.75,45.75,45.0,45.4,289200
DHC,2022-03-04,45.58,46.04,45.06,45.17,292700
DHC,2022-03-07,45.12,45.46,44.43,45.35,257900
DHC,2022-03-08,45.12,45.12,44.25,44.25,261900
DHC,2022-03-09,44.25,44.31,42.99,43.1,219000
DHC,2022-03-10,45.29,45.29,41.95,42.24,243200
DHC,2022-03-11,43.1,43.68,42.36,42.87,147300
DHC,2022-03-14,43.1,43.1,41.61,41.95,85200
DHC,2022-03-15,41.95,42.24,40.81,42.07,152600
DHC,2022-03-16,42.36,42.64,42.07,42.18,165200
DHC,2022-03-17,43.05,43.05,40.92,42.24,267300
DHC,2022-03-18,42.53,42.93,42.07,42.24,275900
DHC,2022-03-21,42.53,42.53,41.55,42.3,156800
DHC,2022-03-22,42.3,42.41,41.84,42.3,220200
DHC,2022-03-23,42.36,43.1,42.24,42.59,307600
DHC,2022-03-24,43.05,43.05,42.24,42.24,156600
DHC,2022-03-25,42.3,42.82,42.3,42.59,188400
DHC,2022-03-28,42.99,42.99,41.95,42.36,289100
DHC,2022-03-29,42.36,43.05,42.3,42.47,195500
DHC,2022-03-30,42.47,45.4,42.47,45.4,1675300
DHC,2022-03-31,46.78,46.78,45.46,45.81,286700
DHC,2022-04-01,45.4,47.64,45.06,47.59,362800
DHC,2022-04-04,47.7,49.14,47.53,48.91,687800
DHC,2022-04-05,49.08,49.08,48.1,48.85,384500
DHC,2022-04-06,48.28,48.91,47.7,47.87,349200
DHC,2022-04-07,47.87,48.85,47.87,47.99,928600
DHC,2022-04-08,47.93,48.28,47.18,47.18,443000
DHC,2022-04-12,47.7,47.7,44.83,44.83,398400
DHC,2022-04-13,44.83,46.55,44.83,45.98,314600
DHC,2022-04-14,45.46,46.5,44.94,45.4,264300
DHC,2022-04-15,45.98,48.22,45.29,47.41,610800
DHC,2022-04-18,47.82,48.33,47.36,47.7,599400
DHC,2022-04-19,48.33,50.12,48.05,48.56,944000
DHC,2022-04-20,47.99,48.85,47.24,47.64,430400
DHC,2022-04-21,46.78,47.99,46.78,47.7,460200
DHC,2022-04-22,47.76,47.93,44.37,46.55,1016800
DHC,2022-04-25,44.89,46.27,43.33,44.54,601600
DHC,2022-04-26,44.02,46.55,41.95,46.55,180300
DHC,2022-04-27,46.55,46.55,44.83,45.98,180600
DHC,2022-04-28,45.4,46.27,45.4,45.98,219500
DHC,2022-04-29,45.98,46.32,45.4,46.32,602600
DHC,2022-05-04,45.98,46.09,44.31,44.77,314700
DHC,2022-05-05,44.77,45.0,42.3,44.77,408200
DHC,2022-05-06,43.1,44.54,42.76,44.31,232500
DHC,2022-05-09,43.1,44.2,41.44,41.44,240800
DHC,2022-05-10,41.32,43.1,39.6,43.1,138400
DHC,2022-05-11,43.1,43.39,42.82,43.28,188600
DHC,2022-05-12,43.1,43.22,42.24,42.82,254200
DHC,2022-05-13,42.23,42.99,41.0,42.99,163800
DHC,2022-05-16,43.99,43.99,41.7,42.82,65200
DHC,2022-05-17,41.82,43.34,41.64,43.05,90400
DHC,2022-05-18,43.99,43.99,42.99,43.4,173800
DHC,2022-05-19,41.7,43.4,41.7,43.28,103500
DHC,2022-05-20,43.28,43.4,42.52,43.4,69900
DHC,2022-05-23,41.82,43.75,41.47,42.29,141900
DHC,2022-05-24,43.11,43.11,39.36,42.17,294600
DHC,2022-05-25,41.7,42.52,40.76,42.23,187700
DHC,2022-05-26,42.23,42.23,40.94,42.23,289600
DHC,2022-05-27,42.23,42.23,41.06,41.94,234200
DHC,2022-05-30,42.17,42.17,41.58,41.88,120100
DHC,2022-05-31,41.7,42.05,41.53,41.53,140000
DHC,2022-06-01,41.53,42.17,41.47,41.7,113500
DHC,2022-06-02,41.7,41.99,41.06,41.64,238100
DHC,2022-06-03,41.7,41.76,41.06,41.58,100300
DHC,2022-06-06,41.53,41.64,40.76,41.06,207300
DHC,2022-06-07,41.06,41.06,40.18,40.53,179700
DHC,2022-06-08,40.53,40.88,39.59,40.53,252200
DHC,2022-06-09,40.18,40.59,39.3,40.18,128500
DHC,2022-06-10,40.18,40.18,39.59,39.77,68900
DHC,2022-06-13,38.18,38.83,37.01,37.24,378900
DHC,2022-06-14,37.01,37.24,35.19,36.42,68700
DHC,2022-06-15,37.48,37.48,33.9,36.95,335000
DHC,2022-06-16,38.01,38.65,36.83,38.65,180400
DHC,2022-06-17,37.54,41.35,37.48,39.82,88200
DHC,2022-06-20,39.88,39.88,38.89,39.77,220600
DHC,2022-06-21,39.71,39.71,38.12,39.3,43600
DHC,2022-06-22,39.3,39.3,38.12,39.3,119100
DHC,2022-06-23,39.88,39.88,38.12,38.12,55900
DHC,2022-06-24,38.12,38.42,37.24,38.42,106900
DHC,2022-06-27,38.12,39.3,37.54,38.42,105100
DHC,2022-06-28,38.71,39.88,38.12,38.42,54500
DHC,2022-06-29,39.0,39.88,38.12,38.12,123800
DHC,2022-06-30,38.71,38.71,37.95,38.12,137600
DHC,2022-07-01,38.12,39.59,37.07,39.3,138600
DHC,2022-07-04,39.3,39.88,38.53,39.3,158200
DHC,2022-07-05,39.3,39.88,38.59,38.83,53600
DHC,2022-07-06,39.24,39.77,38.12,38.12,179400
DHC,2022-07-07,37.01,38.94,36.66,37.71,220700
DHC,2022-07-08,38.18,39.82,36.66,39.82,193700
DHC,2022-07-11,39.3,39.3,37.07,38.36,115400
DHC,2022-07-12,38.3,39.82,36.95,39.36,152200
DHC,2022-07-13,39.3,39.3,38.12,38.12,64500
DHC,2022-07-14,38.01,38.36,36.95,37.6,48500
DHC,2022-07-15,38.42,39.88,37.54,38.71,69800
DHC,2022-07-18,38.77,39.82,38.42,38.71,90300
DHC,2022-07-19,39.07,40.14,38.29,38.71,15700
DHC,2022-07-20,38.77,39.84,36.93,38.71,57800
DHC,2022-07-21,37.88,39.84,37.88,38.71,20100
DHC,2022-07-22,38.65,39.84,37.94,38.71,101800
DHC,2022-07-25,38.65,39.9,38.0,38.71,75000
DHC,2022-07-26,38.65,39.66,37.82,37.82,82100
DHC,2022-07-27,38.41,39.84,37.52,37.82,121900
DHC,2022-07-28,38.41,38.41,37.64,37.76,78100
DHC,2022-07-29,37.52,39.55,37.16,37.52,138400
DHC,2022-08-01,37.52,37.58,36.33,36.93,209700
DHC,2022-08-02,36.93,39.01,36.93,37.52,77400
DHC,2022-08-03,36.75,38.0,36.75,37.22,65100
DHC,2022-08-04,37.22,37.22,36.69,37.1,69200
DHC,2022-08-05,37.04,37.22,35.73,36.57,334000
DHC,2022-08-08,36.09,36.33,35.73,36.21,74500
DHC,2022-08-09,36.21,36.63,35.97,36.63,107600
DHC,2022-08-10,37.04,37.52,36.57,36.75,106400
DHC,2022-08-11,36.75,36.87,36.39,36.39,171200
DHC,2022-08-12,36.39,37.22,36.15,36.15,113800
DHC,2022-08-15,36.15,37.22,35.79,36.21,188700
DHC,2022-08-16,36.33,37.16,36.33,36.81,42900
DHC,2022-08-17,36.93,37.64,36.87,37.34,394800
DHC,2022-08-18,37.34,37.94,37.28,37.52,169300
DHC,2022-08-19,37.58,37.58,36.93,37.1,156700
DHC,2022-08-22,36.98,37.46,36.15,36.63,200600
DHC,2022-08-23,36.33,36.93,36.33,36.63,212900
DHC,2022-08-24,36.39,37.22,36.33,36.63,194800
DHC,2022-08-25,36.69,37.22,36.69,36.87,106600
DHC,2022-08-26,37.1,37.1,36.45,36.69,64600
DHC,2022-08-29,36.63,36.63,34.25,35.56,196400
DHC,2022-08-30,35.73,37.22,35.44,36.33,86900
DHC,2022-08-31,35.79,36.21,35.79,35.91,35900
DHC,2022-09-05,35.97,36.87,35.73,35.91,84300
DHC,2022-09-06,36.21,36.81,35.73,35.97,81300
DHC,2022-09-07,36.33,36.33,35.5,35.5,81900
DHC,2022-09-08,36.03,36.21,35.2,35.97,81600
DHC,2022-09-09,35.85,36.57,35.5,35.73,117700
DHC,2022-09-12,36.09,36.09,35.73,35.79,33325
DHC,2022-09-13,35.73,35.91,35.61,35.91,61375
DHC,2022-09-14,35.2,36.45,35.14,36.33,67665
DHC,2022-09-15,36.33,36.63,35.91,36.21,84620
DHC,2022-09-16,36.09,36.09,35.61,35.73,99888
DHC,2022-09-19,35.5,36.33,35.14,35.91,208088
DHC,2022-09-20,35.97,36.57,35.56,36.15,50053
DHC,2022-09-21,35.44,36.09,35.44,36.03,13787
DHC,2022-09-22,36.03,36.45,35.14,36.03,62011
DHC,2022-09-23,36.27,36.27,35.73,36.03,20345
DHC,2022-09-26,35.38,36.33,34.42,34.48,120036
DHC,2022-09-27,35.08,35.08,34.48,34.54,51720
DHC,2022-09-28,33.17,34.42,33.17,34.42,134277
DHC,2022-09-29,33.95,34.54,33.95,34.42,45187
DHC,2022-09-30,33.59,34.42,33.59,34.42,112583
DHC,2022-10-03,33.71,34.54,33.23,34.36,71662
DHC,2022-10-04,33.17,34.48,33.05,33.83,97132
DHC,2022-10-05,34.19,34.19,32.99,33.95,65467
DHC,2022-10-06,33.95,34.48,33.35,33.77,99900
DHC,2022-10-07,33.71,34.01,31.62,32.76,257235
DHC,2022-10-10,31.03,33.35,31.03,32.76,310634
DHC,2022-10-11,32.76,32.76,31.39,31.86,196200
DHC,2022-10-12,31.57,32.1,30.91,32.1,178359
DHC,2022-10-13,32.1,32.1,31.39,32.1,97261
DHC,2022-10-14,32.1,32.76,32.1,32.46,73747
DHC,2022-10-17,31.39,32.7,31.39,32.1,50654
DHC,2022-10-18,32.16,32.76,31.62,32.34,65004
DHC,2022-10-19,32.28,33.05,32.1,32.52,44285
DHC,2022-10-20,32.58,32.58,31.92,32.58,116700
DHC,2022-10-21,32.58,32.58,31.27,31.86,130168
DHC,2022-10-24,31.57,31.57,29.66,31.57,145369
DHC,2022-10-25,31.27,31.45,29.42,30.97,201347
DHC,2022-10-26,30.97,30.97,29.18,30.37,146318
DHC,2022-10-27,29.78,30.37,29.06,29.78,221102
DHC,2022-10-28,29.48,29.78,29.42,29.72,143544
DHC,2022-10-31,29.78,29.78,27.72,29.18,93583
DHC,2022-11-01,29.18,29.75,28.71,29.75,114875
DHC,2022-11-02,29.84,30.31,29.48,30.08,65062
DHC,2022-11-03,29.84,30.08,29.48,30.02,34462
DHC,2022-11-04,30.02,30.02,28.35,29.75,92551
DHC,2022-11-07,30.02,30.02,28.29,29.42,66514
DHC,2022-11-08,29.42,29.42,28.41,29.18,51735
DHC,2022-11-09,29.18,29.42,27.16,27.16,292060
DHC,2022-11-10,25.31,25.52,25.28,25.28,75345
DHC,2022-11-11,23.52,23.52,23.52,23.52,21285
DHC,2022-11-14,21.91,21.91,21.91,21.91,23179
DHC,2022-11-15,20.38,20.38,20.38,20.38,40910
DHC,2022-11-16,18.97,18.97,18.97,18.97,113149
DHC,2022-11-17,17.66,20.16,17.66,20.04,6374783
DHC,2022-11-18,20.16,21.42,20.16,21.42,158427
DHC,2022-11-21,22.91,22.91,20.77,22.0,995373
DHC,2022-11-22,21.39,21.87,20.47,20.71,1525206
DHC,2022-11-23,20.53,21.08,19.31,19.31,659370
DHC,2022-11-24,18.94,20.65,18.94,20.65,480700
DHC,2022-11-25,21.2,21.69,21.08,21.69,340897
DHC,2022-11-28,22.09,22.79,21.39,22.49,580753
DHC,2022-11-29,22.24,22.7,20.96,22.39,1306157
DHC,2022-11-30,22.36,23.4,21.75,23.22,740493
DHC,2022-12-01,23.25,24.14,23.04,23.34,970548
DHC,2022-12-02,22.76,23.16,22.67,23.16,383273
DHC,2022-12-05,23.52,23.59,22.61,22.85,469693
DHC,2022-12-06,22.85,23.52,22.3,22.91,866663
DHC,2022-12-07,22.55,22.91,21.69,21.75,432375
DHC,2022-12-08,22.58,22.85,22.0,22.21,431035
DHC,2022-12-09,22.76,22.76,21.94,22.36,303107
DHC,2022-12-12,22.73,23.43,22.49,23.1,431393
DHC,2022-12-13,23.16,23.34,22.85,22.97,246336
DHC,2022-12-14,24.18,24.18,23.46,23.68,252514
DHC,2022-12-15,23.46,23.71,23.14,23.32,200633
DHC,2022-12-16,22.74,23.1,22.74,23.07,209079
DHC,2022-12-19,22.81,23.43,22.81,23.1,280579
DHC,2022-12-20,23.5,23.5,22.74,23.17,297360
DHC,2022-12-21,22.88,23.1,22.42,22.96,199941
DHC,2022-12-22,23.1,23.1,21.69,21.69,173386
DHC,2022-12-23,21.8,22.34,20.97,21.66,162275
DHC,2022-12-26,21.66,21.84,20.94,20.94,172686
DHC,2022-12-27,20.94,22.38,20.79,22.38,112815
DHC,2022-12-28,22.49,23.1,22.05,23.1,98117
DHC,2022-12-29,22.99,23.97,22.96,23.68,347468
DHC,2022-12-30,24.18,24.26,23.46,23.68,377190
DHC,2023-01-03,23.5,23.9,23.5,23.79,101992
DHC,2023-01-04,24.08,24.08,23.57,23.61,127342
DHC,2023-01-05,23.71,24.4,23.64,24.4,307420
DHC,2023-01-06,24.54,24.91,24.4,24.91,150349
DHC,2023-01-09,25.27,26.64,25.27,26.64,303192
DHC,2023-01-10,27.07,27.18,26.67,26.78,150382
DHC,2023-01-11,26.67,26.78,26.42,26.42,197956
DHC,2023-01-12,28.01,28.01,26.42,27.47,115531
DHC,2023-01-13,27.72,27.94,27.07,27.87,206207
DHC,2023-01-16,28.15,28.15,27.07,28.01,82760
DHC,2023-01-17,28.12,28.12,27.43,27.61,65715
DHC,2023-01-18,27.43,27.94,27.0,27.36,157933
DHC,2023-01-19,27.11,27.76,27.11,27.4,126256
DHC,2023-01-27,27.29,27.87,27.29,27.79,158669
DHC,2023-01-30,27.87,28.01,27.43,27.94,95755
DHC,2023-01-31,27.43,28.01,27.43,27.87,91745
DHC,2023-02-01,27.87,28.01,26.86,26.86,188124
DHC,2023-02-02,26.78,26.78,26.28,26.6,151184
DHC,2023-02-03,26.6,27.04,26.57,26.71,100100
DHC,2023-02-06,27.29,27.29,26.46,27.0,110117
DHC,2023-02-07,27.22,27.22,26.35,26.49,136650
DHC,2023-02-08,26.49,26.78,26.21,26.67,49826
DHC,2023-02-09,26.13,27.0,26.13,26.71,66046
DHC,2023-02-10,26.42,26.57,26.06,26.35,140487
DHC,2023-02-13,26.06,26.24,25.12,25.19,266577
DHC,2023-02-14,25.16,26.31,25.16,26.31,110263
DHC,2023-02-15,26.31,26.71,26.21,26.42,42501
DHC,2023-02-16,26.42,26.71,26.42,26.57,39443
DHC,2023-02-17,26.42,26.6,26.35,26.57,44273
DHC,2023-02-20,26.67,27.29,26.6,27.04,106557
DHC,2023-02-21,27.29,28.15,27.07,27.83,217701
DHC,2023-02-22,27.29,28.08,27.22,27.22,85904
DHC,2023-02-23,27.36,27.36,26.93,27.22,75280
DHC,2023-02-24,27.43,27.43,27.11,27.29,44786
DHC,2023-02-27,27.14,27.14,26.35,26.35,105698
DHC,2023-02-28,26.64,26.93,26.49,26.78,197222
DHC,2023-03-01,26.89,27.22,26.02,27.22,89312
DHC,2023-03-02,27.36,28.84,27.07,28.66,321559
DHC,2023-03-03,29.38,29.38,28.3,28.3,96683
DHC,2023-03-06,28.34,29.45,28.34,28.44,127626
DHC,2023-03-07,28.98,28.98,28.52,28.73,82379
DHC,2023-03-08,28.52,28.84,28.44,28.66,149264
DHC,2023-03-09,28.8,29.53,28.59,29.24,217656
DHC,2023-03-10,29.27,30.28,28.88,29.92,166641
DHC,2023-03-13,29.6,29.96,29.06,29.6,167523
DHC,2023-03-14,29.35,29.45,28.12,28.23,245187
DHC,2023-03-15,28.66,29.17,28.66,28.73,107552
DHC,2023-03-16,28.37,28.73,28.15,28.59,124367
DHC,2023-03-17,29.06,29.09,28.52,28.59,77235
DHC,2023-03-20,28.55,28.55,28.08,28.15,85712
DHC,2023-03-21,28.19,28.48,28.12,28.3,43733
DHC,2023-03-22,28.3,28.48,27.69,28.48,76044
DHC,2023-03-23,27.79,28.59,27.79,28.23,31616
DHC,2023-03-24,27.97,28.8,27.97,28.77,141200
DHC,2023-03-27,28.73,29.02,28.73,28.84,115649
DHC,2023-03-28,28.8,28.98,28.73,28.8,227009
DHC,2023-03-29,28.59,29.02,28.52,28.77,247873
DHC,2023-03-30,28.88,29.17,28.7,28.98,114926
DHC,2023-03-31,29.09,29.09,28.3,28.95,75029
DHC,2023-04-03,29.09,29.09,28.62,28.91,199431
DHC,2023-04-04,28.91,29.09,28.7,28.88,146378
DHC,2023-04-05,29.24,29.24,28.15,28.66,182236
DHC,2023-04-06,28.98,29.02,28.52,28.55,227764
DHC,2023-04-07,28.8,28.8,28.3,28.34,96222
DHC,2023-04-10,28.52,29.06,28.15,28.55,245370
DHC,2023-04-11,28.52,28.84,28.52,28.73,108740
DHC,2023-04-12,28.73,29.2,28.62,29.09,258048
DHC,2023-04-13,29.24,30.18,29.24,29.89,387110
DHC,2023-04-14,29.81,29.81,28.88,28.95,262207
DHC,2023-04-17,28.95,29.81,28.66,29.81,185403
DHC,2023-04-18,29.81,29.85,29.24,29.6,187708
DHC,2023-04-19,29.89,29.89,29.27,29.27,97754
DHC,2023-04-20,29.31,29.74,29.09,29.49,252732
DHC,2023-04-21,29.49,29.53,29.02,29.53,104657
DHC,2023-04-24,29.53,29.56,29.17,29.17,110363
DHC,2023-04-25,29.17,29.38,28.62,29.09,85960
DHC,2023-04-26,28.3,28.84,28.3,28.48,87071
DHC,2023-04-27,28.8,29.31,28.44,29.24,95769
DHC,2023-04-28,29.2,29.6,28.95,28.95,81490
DHC,2023-05-04,28.88,29.42,28.3,28.44,93482
DHC,2023-05-05,28.91,28.91,28.3,28.84,46372
DHC,2023-05-08,28.44,29.06,28.44,28.8,114390
DHC,2023-05-09,28.88,28.88,28.01,28.77,163080
DHC,2023-05-10,28.7,28.77,28.44,28.52,31663
DHC,2023-05-11,28.8,28.8,28.01,28.26,468947
DHC,2023-05-12,28.7,28.7,28.15,28.23,198472
DHC,2023-05-15,28.26,28.52,28.08,28.08,179627
DHC,2023-05-16,27.94,28.44,27.94,28.01,133625
DHC,2023-05-17,28.37,28.52,28.01,28.37,106410
DHC,2023-05-18,28.44,28.73,28.41,28.66,153004
DHC,2023-05-19,28.62,28.73,28.48,28.7,103139
DHC,2023-05-22,28.66,28.88,28.62,28.84,110018
DHC,2023-05-23,28.84,29.17,28.77,29.13,64790
DHC,2023-05-24,29.38,29.38,28.91,29.13,63959
DHC,2023-05-25,29.54,29.54,28.87,29.39,44166
DHC,2023-05-26,29.39,29.61,29.09,29.54,145340
DHC,2023-05-29,29.61,29.83,29.46,29.76,304988
DHC,2023-05-30,30.05,30.05,28.87,30.02,180580
DHC,2023-05-31,29.65,30.13,29.65,30.13,127591
DHC,2023-06-01,30.2,31.54,30.13,30.94,211029
DHC,2023-06-02,31.02,31.35,30.65,31.09,100973
DHC,2023-06-05,31.57,31.57,31.05,31.2,108708
DHC,2023-06-06,31.28,31.94,31.24,31.76,268552
DHC,2023-06-07,32.2,32.2,31.39,31.68,139615
DHC,2023-06-08,31.79,31.79,30.87,31.46,269241
DHC,2023-06-09,31.46,31.46,30.72,31.17,109270
DHC,2023-06-12,31.02,31.79,30.8,31.68,255507
DHC,2023-06-13,31.83,31.83,31.39,31.39,59488
DHC,2023-06-14,31.83,31.83,31.24,31.42,22006
DHC,2023-06-15,31.09,31.76,31.09,31.2,40360
DHC,2023-06-16,31.57,31.65,31.2,31.24,70214
DHC,2023-06-19,31.57,31.57,31.2,31.46,104154
DHC,2023-06-20,31.76,31.76,31.24,31.46,11497
DHC,2023-06-21,31.46,31.46,31.24,31.46,30504
DHC,2023-06-22,31.5,31.61,31.09,31.46,94093
DHC,2023-06-23,31.42,31.5,31.13,31.46,440434
DHC,2023-06-26,31.39,31.5,30.8,31.46,91709
DHC,2023-06-27,31.2,31.24,30.87,31.05,68186
DHC,2023-06-28,31.02,31.09,30.8,31.09,77362
DHC,2023-06-29,30.94,31.09,29.98,30.2,176764
DHC,2023-06-30,30.68,30.68,29.76,30.28,53300
DHC,2023-07-03,30.65,30.65,29.94,30.02,33904
DHC,2023-07-04,30.02,30.05,29.91,29.98,178224
DHC,2023-07-05,29.98,30.05,29.91,29.98,63847
DHC,2023-07-06,30.35,30.35,29.09,29.61,134988
DHC,2023-07-07,29.83,29.98,29.39,29.98,174545
DHC,2023-07-10,29.98,30.13,29.09,29.94,410087
DHC,2023-07-11,29.94,30.13,29.83,29.98,155536
DHC,2023-07-12,30.05,31.17,29.98,30.94,442070
DHC,2023-07-13,31.09,31.28,30.87,30.94,124640
DHC,2023-07-14,31.02,31.94,30.91,31.61,406659
DHC,2023-07-17,31.31,32.2,30.68,31.61,543130
DHC,2023-07-18,31.68,31.72,31.31,31.61,139150
DHC,2023-07-19,31.79,31.79,31.24,31.35,107390
DHC,2023-07-20,30.94,31.5,30.87,31.46,148063
DHC,2023-07-21,31.24,31.42,30.98,31.28,157125
DHC,2023-07-24,31.61,31.72,31.31,31.39,185978
DHC,2023-07-25,31.39,31.5,30.94,31.31,123637
DHC,2023-07-26,30.94,31.31,30.76,31.09,167664
DHC,2023-07-27,31.31,31.31,30.17,31.09,293569
DHC,2023-07-28,31.2,31.2,30.5,30.94,305031
DHC,2023-07-31,30.61,31.09,30.61,30.72,200212
DHC,2023-08-01,31.02,31.02,30.54,30.57,142204
DHC,2023-08-02,30.57,30.57,30.35,30.35,185370
DHC,2023-08-03,30.35,30.5,29.5,29.5,204519
DHC,2023-08-04,29.87,30.35,29.87,30.09,202768
DHC,2023-08-07,30.13,30.2,30.09,30.2,71258
DHC,2023-08-08,30.2,30.61,30.2,30.57,112834
DHC,2023-08-09,30.65,30.65,29.98,30.2,125626
DHC,2023-08-10,30.46,30.46,30.09,30.17,167864
DHC,2023-08-11,30.35,30.35,30.02,30.35,143714
DHC,2023-08-14,30.39,30.5,30.13,30.39,74415
DHC,2023-08-15,30.35,30.39,30.28,30.39,76514
DHC,2023-08-16,30.5,30.5,30.09,30.13,97355
DHC,2023-08-17,29.98,30.2,29.98,30.05,76710
DHC,2023-08-18,30.02,30.24,28.87,28.87,190502
DHC,2023-08-21,28.5,29.09,28.28,29.09,207024
DHC,2023-08-22,28.87,29.8,28.2,29.61,194805
DHC,2023-08-23,29.68,29.83,29.28,29.5,93626
DHC,2023-08-24,29.28,29.61,29.28,29.54,48268
DHC,2023-08-25,29.72,30.02,29.65,29.91,149949
DHC,2023-08-28,30.02,30.02,29.72,29.91,42063
DHC,2023-08-29,30.02,30.06,29.57,29.95,94755
DHC,2023-08-30,29.95,30.7,29.72,30.36,272433
DHC,2023-08-31,30.59,31.07,30.36,30.74,170992
DHC,2023-09-05,30.77,31.04,30.66,30.89,116320
DHC,2023-09-06,30.89,33.02,30.66,33.02,2242338
DHC,2023-09-07,33.73,35.31,33.36,34.97,959959
DHC,2023-09-08,34.97,35.98,34.15,34.48,446164
DHC,2023-09-11,34.48,35.53,34.11,34.11,835642
DHC,2023-09-12,34.48,34.78,33.62,33.81,483562
DHC,2023-09-13,34.15,35.83,33.92,35.05,807412
DHC,2023-09-14,35.05,35.23,34.26,34.71,251355
DHC,2023-09-15,34.86,34.86,33.96,34.56,299909
DHC,2023-09-18,34.71,36.69,34.18,35.53,480624
DHC,2023-09-19,35.68,35.83,34.56,35.53,262731
DHC,2023-09-20,35.61,36.69,35.61,36.17,442556
DHC,2023-09-21,36.25,36.28,35.23,35.27,225764
DHC,2023-09-22,34.56,35.16,33.77,35.08,506984
DHC,2023-09-25,35.08,35.08,32.68,32.83,757860
DHC,2023-09-26,32.61,33.73,32.61,32.68,361805
DHC,2023-09-27,30.89,33.66,30.85,33.58,240236
DHC,2023-09-28,33.02,34.26,32.98,34.26,219677
DHC,2023-09-29,34.3,34.93,33.77,34.03,238405
DHC,2023-10-02,34.86,34.86,33.13,33.96,145006
DHC,2023-10-03,33.36,33.43,32.31,32.98,318689
DHC,2023-10-04,32.35,33.73,32.35,33.73,277720
DHC,2023-10-05,34.15,34.15,33.21,33.36,142260
DHC,2023-10-06,32.98,33.32,32.61,33.13,126135
DHC,2023-10-09,33.02,33.55,33.02,33.36,385666
DHC,2023-10-10,34.11,34.11,33.28,33.4,486776
DHC,2023-10-11,33.36,33.88,33.36,33.73,508207
DHC,2023-10-12,33.88,35.16,33.81,35.08,1003305
DHC,2023-10-13,34.71,35.53,34.71,35.46,538682
DHC,2023-10-16,35.46,35.53,34.18,34.26,388625
DHC,2023-10-17,34.63,34.63,31.93,31.93,648695
DHC,2023-10-18,32.23,32.83,31.11,31.52,659187
DHC,2023-10-19,32.08,32.23,31.33,31.48,246696
DHC,2023-10-20,31.37,32.23,31.04,32.23,250949
DHC,2023-10-23,32.23,32.23,31.26,31.63,233061
DHC,2023-10-24,31.41,32.08,31.33,31.78,136865
DHC,2023-10-25,31.97,32.05,31.11,31.52,153694
DHC,2023-10-26,31.22,31.22,29.99,30.36,465978
DHC,2023-10-27,30.36,30.96,29.69,29.72,225326
DHC,2023-10-30,29.84,30.62,29.24,29.24,125095
DHC,2023-10-31,29.16,29.39,28.34,28.6,412451
DHC,2023-11-01,28.64,28.9,28.49,28.79,85590
DHC,2023-11-02,29.24,29.99,28.64,29.46,144368
DHC,2023-11-03,29.99,31.15,29.46,31.15,905784
DHC,2023-11-06,31.48,31.48,30.66,31.11,142278
DHC,2023-11-07,30.77,30.96,30.66,30.81,133608
DHC,2023-11-08,30.81,31.48,30.02,31.45,105911
DHC,2023-11-09,31.48,31.56,30.59,31.33,257187
DHC,2023-11-10,31.33,31.33,30.89,30.92,89666
DHC,2023-11-13,30.96,31.0,30.51,30.51,96653
DHC,2023-11-14,30.59,31.22,30.59,31.22,205080
DHC,2023-11-15,31.56,31.86,31.22,31.56,353549
DHC,2023-11-16,31.56,31.56,30.89,31.26,104676
DHC,2023-11-17,31.33,31.48,30.66,31.15,151495
DHC,2023-11-20,30.74,31.0,30.36,30.74,119370
DHC,2023-11-21,31.11,31.11,30.51,30.74,128060
DHC,2023-11-22,30.55,30.81,30.21,30.51,338711
DHC,2023-11-23,30.55,30.89,30.29,30.51,168156
DHC,2023-11-24,30.2,30.51,29.7,30.09,109953
DHC,2023-11-27,30.01,30.01,29.13,29.24,165074
DHC,2023-11-28,29.24,29.32,28.44,29.32,146975
DHC,2023-11-29,29.36,29.97,29.2,29.86,105339
DHC,2023-11-30,29.86,29.86,29.55,29.59,107533
DHC,2023-12-01,29.59,29.67,29.13,29.28,85337
DHC,2023-12-04,29.74,29.74,29.32,29.55,157728
DHC,2023-12-05,29.55,29.78,29.2,29.55,109843
DHC,2023-12-06,29.55,29.97,29.44,29.59,183696
DHC,2023-12-07,29.63,29.82,29.13,29.59,227096
DHC,2023-12-08,29.59,29.59,29.24,29.36,92756
DHC,2023-12-11,29.4,29.59,29.28,29.32,114689
DHC,2023-12-12,29.63,29.63,29.28,29.44,116605
DHC,2023-12-13,29.44,29.44,28.82,28.86,372086
DHC,2023-12-14,29.01,29.13,28.74,28.74,219881
DHC,2023-12-15,28.67,29.09,28.36,28.82,267418
DHC,2023-12-18,28.67,28.71,27.67,27.67,293394
DHC,2023-12-19,27.67,28.05,27.51,27.78,329897
DHC,2023-12-20,28.09,28.21,27.67,28.21,116560
DHC,2023-12-21,28.28,28.67,28.09,28.67,58340
DHC,2023-12-22,28.67,29.13,28.67,29.13,126735
DHC,2023-12-25,29.13,29.44,29.09,29.28,143846
DHC,2023-12-26,29.51,29.51,28.82,29.17,128304
DHC,2023-12-27,29.24,29.24,29.05,29.09,101805
DHC,2023-12-28,29.09,29.59,29.09,29.36,251392
DHC,2023-12-29,29.59,29.59,29.2,29.2,231325
DHC,2024-01-02,29.4,29.51,29.09,29.2,118392
DHC,2024-01-03,29.2,29.47,29.2,29.44,163177
DHC,2024-01-04,29.44,30.36,29.4,30.01,319156
DHC,2024-01-05,30.13,31.01,29.82,30.74,467567
DHC,2024-01-08,31.13,32.16,31.05,31.97,897677
DHC,2024-01-09,31.89,32.16,31.51,31.82,551193
DHC,2024-01-10,31.82,31.89,31.32,31.32,265830
DHC,2024-01-11,31.32,31.66,31.32,31.32,90736
DHC,2024-01-12,30.9,31.32,30.9,31.24,364058
DHC,2024-01-15,31.24,32.13,31.01,31.89,357495
DHC,2024-01-16,31.89,32.09,31.74,31.89,237042
DHC,2024-01-17,31.74,31.89,31.51,31.55,136056
DHC,2024-01-18,31.55,32.09,31.55,31.97,603805
DHC,2024-01-19,32.05,32.05,31.78,31.82,212866
DHC,2024-01-22,31.82,31.82,31.2,31.2,223672
DHC,2024-01-23,31.51,31.59,31.2,31.24,75012
DHC,2024-01-24,31.24,31.51,31.2,31.28,140558
DHC,2024-01-25,31.32,31.47,31.13,31.13,89316
DHC,2024-01-26,31.2,31.43,30.7,30.82,188604
DHC,2024-01-29,30.9,31.16,30.47,30.59,200945
DHC,2024-01-30,30.82,31.32,30.82,31.28,215739
DHC,2024-01-31,31.63,32.82,31.36,32.51,622856
DHC,2024-02-01,32.59,32.66,32.28,32.32,434249
DHC,2024-02-02,32.36,32.66,32.24,32.32,486394
DHC,2024-02-05,32.32,32.62,32.2,32.28,355196
DHC,2024-02-06,32.55,32.55,31.89,32.28,185115
DHC,2024-02-07,32.66,32.66,32.24,32.36,266685
DHC,2024-02-15,32.66,32.66,31.74,32.28,224801
DHC,2024-02-16,32.16,32.2,31.93,31.97,386562
DHC,2024-02-19,32.05,32.51,32.01,32.13,190423
DHC,2024-02-20,32.16,32.16,31.93,31.97,101881
DHC,2024-02-21,32.13,32.13,31.7,31.89,278554
DHC,2024-02-22,31.82,33.28,31.66,32.82,762885
DHC,2024-02-23,32.82,32.89,31.97,31.97,257544
DHC,2024-02-26,32.09,32.74,32.01,32.59,419130
DHC,2024-02-27,32.59,32.74,32.13,32.51,593856
DHC,2024-02-28,32.51,32.62,32.05,32.43,249382
DHC,2024-02-29,32.43,32.43,31.74,32.13,249994
DHC,2024-03-01,32.13,32.36,32.05,32.36,362281
DHC,2024-03-04,32.66,33.59,32.66,32.97,797885
DHC,2024-03-05,32.97,33.05,32.66,32.89,313058
DHC,2024-03-06,32.97,32.97,32.36,32.36,415269
DHC,2024-03-07,32.51,33.05,31.89,33.05,422673
DHC,2024-03-08,33.28,33.35,32.43,32.43,267074
DHC,2024-03-11,32.43,33.43,32.28,32.82,698367
DHC,2024-03-12,32.82,33.16,32.55,32.89,248843
DHC,2024-03-13,33.35,34.2,33.12,33.89,618877
DHC,2024-03-14,33.66,36.24,33.66,35.35,1162520
DHC,2024-03-15,35.39,35.43,34.93,35.28,630289
DHC,2024-03-18,35.28,35.47,33.12,33.59,646920
DHC,2024-03-19,33.62,34.35,33.62,33.82,306913
DHC,2024-03-20,33.82,34.09,33.28,33.55,224871
DHC,2024-03-21,33.59,34.66,33.59,34.05,825322
DHC,2024-03-22,33.82,34.28,33.51,33.82,474760
DHC,2024-03-25,33.82,33.97,33.05,33.51,479613
DHC,2024-03-26,33.39,33.59,33.09,33.59,210902
DHC,2024-03-27,33.82,33.82,33.51,33.66,370309
DHC,2024-03-28,33.66,34.2,33.59,33.78,469858
DHC,2024-03-29,33.74,33.85,33.55,33.55,182020
DHC,2024-04-01,33.59,33.59,33.05,33.05,466312
DHC,2024-04-02,33.05,33.7,32.7,33.62,233011
DHC,2024-04-03,33.74,34.43,33.51,33.89,717123
DHC,2024-04-04,33.66,33.89,33.12,33.2,349839
DHC,2024-04-05,33.05,33.2,32.74,32.82,333059
DHC,2024-04-08,32.74,32.74,32.28,32.39,269921
DHC,2024-04-09,32.32,32.55,32.32,32.43,163032
DHC,2024-04-10,32.66,32.78,31.97,31.97,206939
DHC,2024-04-11,31.89,32.09,31.74,31.97,134114
DHC,2024-04-12,32.05,32.36,31.93,32.36,168392
DHC,2024-04-15,32.28,32.28,30.17,30.2,388871
DHC,2024-04-16,30.24,30.36,29.63,30.2,387585
DHC,2024-04-17,30.36,30.55,29.36,29.67,234721
DHC,2024-04-19,29.44,29.44,28.44,29.2,424974
DHC,2024-04-22,30.13,30.36,29.2,29.44,155334
DHC,2024-04-23,29.74,29.74,29.24,29.59,80501
DHC,2024-04-24,29.82,30.2,29.74,30.05,44750
DHC,2024-04-25,30.05,30.05,29.47,29.47,237676
DHC,2024-04-26,29.47,29.47,28.9,29.2,403450
DHC,2024-05-02,29.2,29.51,29.13,29.2,122857
DHC,2024-05-03,29.51,29.51,29.2,29.24,177895
DHC,2024-05-06,29.28,30.2,29.28,29.97,490137
DHC,2024-05-07,30.05,30.28,29.82,29.93,389736
DHC,2024-05-08,29.97,30.13,29.74,29.97,370764
DHC,2024-05-09,30.28,31.2,30.17,30.28,626500
DHC,2024-05-10,30.36,30.51,29.97,29.97,388531
DHC,2024-05-13,30.17,30.17,29.28,29.36,776668
DHC,2024-05-14,29.36,29.82,29.36,29.82,146156
DHC,2024-05-15,29.86,30.32,29.78,29.97,449645
DHC,2024-05-16,30.43,30.43,30.01,30.09,323136
DHC,2024-05-17,30.09,31.43,30.09,31.43,1720663
DHC,2024-05-20,31.55,31.93,31.24,31.28,496761
DHC,2024-05-21,31.36,31.36,30.74,31.09,607529
DHC,2024-05-22,31.13,32.13,31.09,31.43,769621
DHC,2024-05-23,31.43,32.7,31.28,32.28,878707
DHC,2024-05-24,32.16,32.28,31.05,31.43,861532
DHC,2024-05-27,31.51,31.74,30.93,31.2,342943
DHC,2024-05-28,31.43,31.63,30.9,31.63,491135
DHC,2024-05-29,31.66,32.43,31.51,31.97,825469
DHC,2024-05-30,31.93,33.01,31.74,32.59,869623
DHC,2024-05-31,32.66,33.2,32.43,32.82,635561
DHC,2024-06-03,33.43,33.43,32.66,32.7,653120
DHC,2024-06-04,32.86,32.89,32.43,32.74,571893
DHC,2024-06-05,32.93,33.97,32.62,33.89,1196554
DHC,2024-06-06,33.82,33.97,33.43,33.82,501430
DHC,2024-06-07,33.66,33.89,33.24,33.74,378733
DHC,2024-06-10,33.74,33.82,33.03,33.27,388533
DHC,2024-06-11,33.27,33.43,32.52,32.64,521827
DHC,2024-06-12,32.64,32.99,31.77,32.95,625938
DHC,2024-06-13,32.95,33.03,32.25,32.99,407394
DHC,2024-06-14,32.68,33.03,32.4,32.56,314818
DHC,2024-06-17,32.84,32.84,32.01,32.17,262104
DHC,2024-06-18,32.25,32.8,32.25,32.48,216991
DHC,2024-06-19,32.48,33.58,32.44,33.43,736917
DHC,2024-06-20,33.58,33.58,32.99,33.23,223257
DHC,2024-06-21,33.62,33.62,33.23,33.35,474472
DHC,2024-06-24,33.35,33.35,31.73,31.73,489815
DHC,2024-06-25,31.7,31.89,31.46,31.89,183857
DHC,2024-06-26,32.13,32.13,31.34,31.5,175858
DHC,2024-06-27,31.54,31.85,30.67,30.83,455028
DHC,2024-06-28,30.75,31.07,30.67,30.75,265152
DHC,2024-07-01,30.75,31.62,30.75,31.62,138212
DHC,2024-07-02,31.73,31.77,31.38,31.62,104441
DHC,2024-07-03,31.81,31.85,31.42,31.62,56494
DHC,2024-07-04,31.5,32.05,31.46,31.81,128980
DHC,2024-07-05,31.77,32.05,31.7,31.89,95050
DHC,2024-07-08,31.85,31.85,31.38,31.77,268745
DHC,2024-07-09,31.77,31.85,31.42,31.77,288777
DHC,2024-07-10,31.97,32.64,31.62,32.01,351530
DHC,2024-07-11,32.05,32.6,32.05,32.25,294599
DHC,2024-07-12,32.32,32.32,30.99,31.77,126328
DHC,2024-07-15,31.77,32.13,31.62,31.85,107978
DHC,2024-07-16,31.77,32.13,31.5,31.5,286148
DHC,2024-07-17,31.62,31.62,30.28,31.22,499157
DHC,2024-07-18,31.14,31.22,30.71,31.22,189786
DHC,2024-07-19,31.22,31.22,30.75,31.03,83457
DHC,2024-07-22,30.75,31.07,30.16,30.28,230806
DHC,2024-07-23,30.28,30.67,30.28,30.28,144586
DHC,2024-07-24,30.2,30.52,29.93,30.36,130356
DHC,2024-07-25,30.59,30.59,30.04,30.32,23316
DHC,2024-07-26,30.32,30.52,30.28,30.44,41661
DHC,2024-07-29,30.67,30.71,30.48,30.48,29664
DHC,2024-07-30,30.87,30.87,30.52,30.75,52921
DHC,2024-07-31,30.28,30.75,30.24,30.75,162460
DHC,2024-08-01,30.67,30.67,30.04,30.36,153464
DHC,2024-08-02,30.0,30.28,29.89,30.04,112410
DHC,2024-08-05,30.0,30.0,28.71,29.3,377103
DHC,2024-08-06,29.14,29.49,28.31,28.79,639919
DHC,2024-08-07,28.79,29.1,28.79,28.94,44465
DHC,2024-08-08,29.26,29.41,28.63,29.02,247171
DHC,2024-08-09,29.06,29.57,29.06,29.41,83769
DHC,2024-08-12,29.81,29.85,29.34,29.85,155217
DHC,2024-08-13,29.89,29.96,29.65,29.89,68986
DHC,2024-08-14,29.81,30.28,29.81,29.89,81526
DHC,2024-08-15,29.89,30.16,29.49,29.89,98285
DHC,2024-08-16,29.81,30.28,29.81,30.24,162995
DHC,2024-08-19,30.52,30.52,30.2,30.28,43820
DHC,2024-08-20,30.04,30.28,30.04,30.24,87502
DHC,2024-08-21,30.24,30.44,30.16,30.28,137665
DHC,2024-08-22,30.28,30.36,29.89,30.24,109275
DHC,2024-08-23,30.24,30.24,29.89,30.2,62202
DHC,2024-08-26,30.2,30.36,30.04,30.12,61520
DHC,2024-08-27,30.08,30.12,29.89,30.0,77718
DHC,2024-08-28,30.0,30.04,29.77,29.96,115322
DHC,2024-08-29,29.89,29.96,29.53,29.96,203182
DHC,2024-08-30,29.85,29.93,29.65,29.93,98063
DHC,2024-09-04,29.93,29.93,29.49,29.49,96980
DHC,2024-09-05,29.49,29.69,29.14,29.14,203728
DHC,2024-09-06,29.14,29.26,28.98,29.1,184448
DHC,2024-09-09,29.06,29.49,29.06,29.41,65445
DHC,2024-09-10,29.65,29.65,28.98,29.02,126589
DHC,2024-09-11,29.02,29.41,28.94,29.26,117837
DHC,2024-09-12,29.34,29.37,29.1,29.18,59733
DHC,2024-09-13,29.18,29.26,29.06,29.18,67233
DHC,2024-09-16,29.22,29.22,28.98,29.06,123854
DHC,2024-09-17,29.1,29.18,29.06,29.1,63203
DHC,2024-09-18,29.34,29.34,29.1,29.22,88420
DHC,2024-09-19,29.22,29.73,29.22,29.57,82898
DHC,2024-09-20,29.53,29.65,29.49,29.57,77421
DHC,2024-09-23,29.93,29.93,29.41,29.49,43142
DHC,2024-09-24,29.49,29.49,29.34,29.45,35540
DHC,2024-09-25,29.61,29.65,29.1,29.34,361068
DHC,2024-09-26,29.34,29.41,29.26,29.3,71572
DHC,2024-09-27,29.3,29.34,29.18,29.3,79295
DHC,2024-09-30,29.1,29.49,29.1,29.22,77144
DHC,2024-10-01,29.22,29.77,29.22,29.57,205858
DHC,2024-10-02,29.49,29.57,29.34,29.34,56601
DHC,2024-10-03,29.34,29.89,29.02,29.49,204735
DHC,2024-10-04,29.49,29.57,29.34,29.34,55701
DHC,2024-10-07,29.22,29.53,29.22,29.3,69569
DHC,2024-10-08,29.3,29.34,29.22,29.26,119016
DHC,2024-10-09,29.26,29.41,29.26,29.3,64103
DHC,2024-10-10,29.45,29.45,29.22,29.26,88004
DHC,2024-10-11,29.3,29.3,29.1,29.14,182537
DHC,2024-10-14,29.3,29.3,29.06,29.14,80948
DHC,2024-10-15,29.14,29.18,28.94,28.98,95290
DHC,2024-10-16,28.82,29.02,28.79,28.9,55180
DHC,2024-10-17,28.86,29.02,28.79,28.79,49555
DHC,2024-10-18,28.98,28.98,28.59,28.59,65715
DHC,2024-10-21,28.63,28.9,28.63,28.79,390369
DHC,2024-10-22,28.75,28.94,28.31,28.59,184790
DHC,2024-10-23,28.59,28.63,28.43,28.43,78172
DHC,2024-10-24,28.47,28.55,26.82,26.82,286801
DHC,2024-10-25,27.13,27.41,26.74,27.09,347160
DHC,2024-10-28,27.17,27.17,26.94,27.09,107719
DHC,2024-10-29,27.09,27.45,27.02,27.29,138173
DHC,2024-10-30,27.45,27.76,27.37,27.76,162976
DHC,2024-10-31,27.84,28.08,27.76,28.0,149122
DHC,2024-11-01,28.0,28.0,27.57,27.61,48709
DHC,2024-11-04,27.61,27.68,27.45,27.49,97731
DHC,2024-11-05,27.49,27.57,27.45,27.53,39740
DHC,2024-11-06,27.53,27.92,27.53,27.92,61605
DHC,2024-11-07,28.31,28.31,27.57,28.12,45736
DHC,2024-11-08,27.92,28.12,27.72,28.04,91917
DHC,2024-11-11,28.08,28.31,27.76,27.84,91575
DHC,2024-11-12,27.84,28.16,27.64,27.68,67476
DHC,2024-11-13,27.53,27.68,26.5,27.37,170616
DHC,2024-11-14,27.61,27.61,26.98,27.21,54258
DHC,2024-11-15,27.21,27.45,26.9,27.13,58765
DHC,2024-11-18,27.41,27.41,27.02,27.13,52673
DHC,2024-11-19,27.25,27.25,27.09,27.09,89296
DHC,2024-11-20,27.02,27.13,26.9,27.09,297042
DHC,2024-11-21,27.13,27.21,27.05,27.09,178439
DHC,2024-11-22,27.17,27.53,27.09,27.17,63364
DHC,2024-11-25,27.17,27.41,27.13,27.17,135570
DHC,2024-11-26,27.21,27.37,27.13,27.13,84098
DHC,2024-11-27,27.17,27.29,27.05,27.13,48409
DHC,2024-11-28,27.13,27.37,27.05,27.05,90169
DHC,2024-11-29,26.94,27.17,26.94,27.13,78478
DHC,2024-12-02,27.21,28.12,27.21,28.08,268004
DHC,2024-12-03,28.23,28.47,28.08,28.31,311615
DHC,2024-12-04,28.31,28.39,28.08,28.16,171604
DHC,2024-12-05,28.16,28.82,28.08,28.47,1234835
DHC,2024-12-06,28.47,28.67,28.2,28.27,332933
DHC,2024-12-09,28.31,28.35,28.08,28.31,354343
DHC,2024-12-10,28.31,28.63,28.23,28.55,394006
DHC,2024-12-11,28.67,28.67,28.31,28.43,322565
DHC,2024-12-12,28.39,28.47,27.84,27.96,327741
DHC,2024-12-13,27.88,27.96,27.64,27.76,180889
DHC,2024-12-16,27.61,27.64,27.41,27.61,503374
DHC,2024-12-17,27.57,27.57,27.33,27.37,118569
DHC,2024-12-18,27.41,27.76,27.17,27.72,229371
DHC,2024-12-19,27.37,27.84,27.37,27.72,263699
DHC,2024-12-20,27.53,28.23,27.53,28.16,360014
DHC,2024-12-23,28.31,30.12,28.31,30.04,2405901
DHC,2024-12-24,30.28,30.32,29.49,30.08,762458
DHC,2024-12-25,30.08,31.3,30.08,30.52,1346546
DHC,2024-12-26,30.83,30.83,30.12,30.36,525331
DHC,2024-12-27,29.96,30.44,29.81,30.12,433876
DHC,2024-12-30,30.12,30.16,29.45,29.45,337989
DHC,2024-12-31,29.26,29.77,29.26,29.65,320880
DHC,2025-01-02,29.65,29.85,29.45,29.69,253874
DHC,2025-01-03,29.65,30.52,29.49,30.32,1535667
DHC,2025-01-06,30.24,31.07,29.69,29.89,617967
DHC,2025-01-07,29.69,30.12,28.86,29.06,735175
DHC,2025-01-08,29.02,29.1,28.23,29.1,1129825
DHC,2025-01-09,29.26,29.26,28.79,29.02,213680
DHC,2025-01-10,29.02,29.14,28.35,28.43,394027
DHC,2025-01-13,27.92,28.43,27.68,28.39,521144
DHC,2025-01-14,28.55,28.55,28.0,28.0,274736
DHC,2025-01-15,28.0,28.86,28.0,28.86,461380
DHC,2025-01-16,28.9,28.9,28.55,28.79,215388
DHC,2025-01-17,28.79,29.41,28.67,29.1,325897
DHC,2025-01-20,29.1,29.37,28.75,28.75,268940
DHC,2025-01-21,28.75,28.98,28.47,28.47,97525
DHC,2025-01-22,28.47,28.67,28.35,28.47,139275
DHC,2025-01-23,28.47,28.79,28.39,28.63,192375
DHC,2025-01-24,28.63,28.71,28.35,28.51,256270
DHC,2025-02-03,28.0,28.08,27.21,27.21,760251
DHC,2025-02-04,27.21,27.29,26.9,27.17,699157
DHC,2025-02-05,27.17,27.45,27.17,27.45,252693
DHC,2025-02-06,27.61,27.76,27.21,27.29,271493
DHC,2025-02-07,27.37,27.84,27.33,27.53,244624
DHC,2025-02-10,27.49,27.49,27.13,27.13,238457
DHC,2025-02-11,27.13,27.29,27.02,27.02,257287
DHC,2025-02-12,26.98,27.13,26.98,27.02,101476
DHC,2025-02-13,26.86,27.05,26.86,27.02,164950
DHC,2025-02-14,26.94,27.53,26.94,27.45,240142
DHC,2025-02-17,27.57,27.92,27.49,27.57,255798
DHC,2025-02-18,27.53,27.68,27.49,27.64,252110
DHC,2025-02-19,27.68,27.68,27.45,27.53,200313
DHC,2025-02-20,27.88,28.16,27.68,27.84,309335
DHC,2025-02-21,27.84,27.88,27.53,27.61,235120
DHC,2025-02-24,27.61,27.64,27.37,27.49,304464
DHC,2025-02-25,27.49,27.88,27.49,27.68,140127
DHC,2025-02-26,27.72,27.96,27.72,27.76,127206
DHC,2025-02-27,27.8,27.92,27.64,27.72,172478
DHC,2025-02-28,27.76,27.84,27.57,27.72,302452
DHC,2025-03-03,27.84,28.27,27.8,28.08,314088
DHC,2025-03-04,28.16,28.16,27.84,27.96,249080
DHC,2025-03-05,28.04,28.04,27.61,27.64,315086
DHC,2025-03-06,27.68,27.76,27.53,27.64,419505
DHC,2025-03-07,27.64,27.72,27.52,27.6,486302
DHC,2025-03-10,27.64,27.81,27.44,27.44,248419
DHC,2025-03-11,27.36,27.36,27.16,27.2,236478
DHC,2025-03-12,27.12,27.36,26.96,27.08,328926
DHC,2025-03-13,27.2,27.2,26.75,26.75,215450
DHC,2025-03-14,26.71,26.79,26.35,26.55,366857
DHC,2025-03-17,26.59,26.67,26.51,26.63,73807
DHC,2025-03-18,26.71,26.87,26.47,26.59,215627
DHC,2025-03-19,26.59,26.75,26.39,26.39,113324
DHC,2025-03-20,26.23,26.27,25.9,26.06,352989
DHC,2025-03-21,26.06,26.23,25.98,26.19,102469
DHC,2025-03-24,25.98,26.31,25.98,26.15,80386
DHC,2025-03-25,26.19,26.59,26.19,26.51,121610
DHC,2025-03-26,26.51,26.55,26.06,26.15,172151
DHC,2025-03-27,26.15,26.31,25.94,26.15,161773
DHC,2025-03-28,26.11,26.31,26.06,26.11,71199
DHC,2025-03-31,26.15,26.15,25.66,26.06,180331
DHC,2025-04-01,26.06,26.15,25.62,25.66,187142
DHC,2025-04-02,25.82,25.86,24.93,25.21,447413
DHC,2025-04-03,24.08,24.69,23.47,23.47,718740
DHC,2025-04-04,21.94,22.46,21.86,22.22,954738
DHC,2025-04-08,22.18,22.18,20.68,20.68,506937
DHC,2025-04-09,19.35,20.68,19.31,20.16,255745
DHC,2025-04-10,21.53,21.53,21.53,21.53,47936
DHC,2025-04-11,22.99,22.99,21.41,22.02,635397
DHC,2025-04-14,22.54,22.58,22.02,22.18,243139
DHC,2025-04-15,22.26,22.26,22.02,22.18,162836
DHC,2025-04-16,22.1,22.38,22.1,22.18,131656
DHC,2025-04-17,22.18,22.18,21.9,22.1,146622
DHC,2025-04-18,22.1,22.5,22.1,22.3,104859
DHC,2025-04-21,22.3,22.62,22.1,22.18,85664
DHC,2025-04-22,21.9,22.06,21.45,22.02,435207
DHC,2025-04-23,22.34,22.5,22.02,22.5,157483
DHC,2025-04-24,22.5,23.31,22.5,23.31,141313
DHC,2025-04-25,23.39,23.8,23.27,23.47,205231
DHC,2025-04-28,23.39,23.39,23.11,23.11,49151
DHC,2025-04-29,23.39,23.39,23.07,23.07,77956
DHC,2025-05-05,23.84,23.84,23.15,23.64,130416
DHC,2025-05-06,23.64,23.72,23.35,23.64,153442
DHC,2025-05-07,23.56,23.72,23.43,23.6,88288
DHC,2025-05-08,23.72,23.8,23.52,23.8,110220
DHC,2025-05-09,24.08,24.36,23.96,24.04,123602
DHC,2025-05-12,24.36,24.57,24.04,24.57,224255
DHC,2025-05-13,24.77,25.09,24.69,24.93,397287
DHC,2025-05-14,25.09,25.26,24.81,24.93,294178
DHC,2025-05-15,24.93,24.93,24.53,24.53,548596
DHC,2025-05-16,24.87,25.16,24.72,24.72,209669
DHC,2025-05-19,24.58,25.06,24.38,24.72,144205
DHC,2025-05-20,24.48,25.06,24.48,24.87,139949
DHC,2025-05-21,24.92,25.3,24.87,25.21,149145
DHC,2025-05-22,25.3,25.3,24.87,25.21,146867
DHC,2025-05-23,25.16,25.16,24.92,24.96,42269
DHC,2025-05-26,25.06,25.26,24.67,25.26,200047
DHC,2025-05-27,25.3,25.74,25.3,25.69,172994
DHC,2025-05-28,25.84,25.84,25.3,25.45,76817
DHC,2025-05-29,25.45,25.55,25.01,25.21,180968
DHC,2025-05-30,25.21,25.21,24.82,24.87,83783
DHC,2025-06-02,24.87,24.92,24.53,24.92,91747
DHC,2025-06-03,25.26,25.26,24.87,24.96,45623
DHC,2025-06-04,24.87,25.01,24.87,24.96,99740
DHC,2025-06-05,25.01,25.3,24.96,25.26,103280
DHC,2025-06-06,25.16,25.16,24.72,24.72,92616
DHC,2025-06-09,24.72,24.72,24.28,24.28,134049
DHC,2025-06-10,24.28,24.53,24.28,24.38,84785
DHC,2025-06-11,24.38,24.48,24.09,24.14,116712
DHC,2025-06-12,24.24,24.67,24.24,24.53,63505
DHC,2025-06-13,24.53,24.58,24.09,24.19,110042
DHC,2025-06-16,24.09,24.43,24.09,24.28,48275
DHC,2025-06-17,24.48,24.53,24.24,24.53,129813
DHC,2025-06-18,24.53,24.87,24.28,24.62,210857
DHC,2025-06-19,24.62,24.77,24.43,24.62,45935
DHC,2025-06-20,24.24,25.21,24.24,25.11,270980
DHC,2025-06-23,24.96,25.06,24.77,25.06,87223
DHC,2025-06-24,25.06,25.26,24.96,24.96,181003
DHC,2025-06-25,25.16,25.26,24.96,25.06,83579
DHC,2025-06-26,25.11,25.45,25.06,25.35,115310
DHC,2025-06-27,25.55,25.6,25.35,25.5,98509
DHC,2025-06-30,25.55,26.71,25.5,26.57,469237
DHC,2025-07-01,26.62,27.1,26.42,26.96,411604
DHC,2025-07-02,27.1,28.8,27.1,28.56,1114623
DHC,2025-07-03,28.7,28.7,27.68,27.78,531613
DHC,2025-07-04,27.78,28.27,27.3,27.88,519657
DHC,2025-07-07,28.22,28.22,27.54,27.64,279995
DHC,2025-07-08,28.12,28.12,27.73,28.02,367127
DHC,2025-07-09,28.02,28.27,27.64,28.07,293000
DHC,2025-07-10,27.83,28.27,27.68,28.27,504690
DHC,2025-07-11,28.36,28.56,27.73,28.27,439636
DHC,2025-07-14,28.27,28.27,27.68,28.12,329581
DHC,2025-07-15,27.98,28.46,27.83,27.88,737824
DHC,2025-07-16,27.93,28.07,27.78,27.98,177163
DHC,2025-07-17,27.98,28.41,27.83,28.27,305828
DHC,2025-07-18,28.41,28.56,28.12,28.22,312221
DHC,2025-07-21,28.22,28.27,27.88,28.07,185890
DHC,2025-07-22,28.32,29.43,28.27,29.34,1177460
DHC,2025-07-23,29.87,29.87,29.14,29.34,309076
DHC,2025-07-24,29.34,29.58,28.9,28.9,438931
DHC,2025-07-25,29.24,29.38,28.85,29.34,555872
DHC,2025-07-28,29.43,29.68,29.19,29.43,517645
DHC,2025-07-29,29.43,29.43,28.46,28.8,860364
DHC,2025-07-30,28.7,30.11,28.61,30.11,727843
DHC,2025-07-31,30.16,30.55,29.29,29.87,493847
DHC,2025-08-01,29.87,30.89,29.48,30.02,567972
DHC,2025-08-04,30.06,30.55,30.02,30.11,320979
DHC,2025-08-05,30.21,30.89,29.82,30.11,645733
DHC,2025-08-06,30.45,30.55,30.11,30.55,421490
DHC,2025-08-07,30.6,31.04,30.6,30.79,379000
DHC,2025-08-08,31.04,31.04,30.06,30.65,696746
DHC,2025-08-11,30.65,30.89,30.31,30.79,467341
DHC,2025-08-12,30.6,31.81,30.6,31.33,861190
DHC,2025-08-13,31.38,31.91,31.23,31.23,609240
DHC,2025-08-14,31.23,31.33,30.7,31.23,568969
DHC,2025-08-15,31.08,31.23,30.21,30.31,565122
DHC,2025-08-18,30.31,31.52,30.31,31.08,368926
DHC,2025-08-19,31.08,31.81,30.84,31.57,566195
DHC,2025-08-20,31.57,31.57,30.31,31.13,442340
DHC,2025-08-21,31.08,31.52,30.74,30.74,397809
DHC,2025-08-22,30.7,31.04,29.38,29.92,370655
DHC,2025-08-25,29.92,30.36,29.72,29.72,186973
DHC,2025-08-26,29.68,30.36,29.68,30.31,228093
DHC,2025-08-27,30.55,30.74,30.02,30.02,205179
DHC,2025-08-28,30.11,30.21,29.92,30.06,164024
DHC,2025-08-29,30.6,30.6,29.97,30.21,212417
DHC,2025-09-03,30.4,31.08,30.02,31.08,311627
DHC,2025-09-04,31.08,31.42,30.84,31.04,173941
DHC,2025-09-05,31.28,33.17,31.28,32.88,1697304
DHC,2025-09-08,33.03,34.0,32.25,33.03,775332
DHC,2025-09-09,33.51,33.51,32.15,32.98,519017
DHC,2025-09-10,32.98,32.98,32.1,32.35,272775
DHC,2025-09-11,32.4,34.48,32.15,34.1,692121
DHC,2025-09-12,34.48,34.48,33.61,34.0,282313
DHC,2025-09-15,34.0,34.39,33.37,34.0,558891
DHC,2025-09-16,33.42,34.0,33.42,33.71,240379
DHC,2025-09-17,33.71,34.19,33.42,33.71,337167
DHC,2025-09-18,33.8,35.41,33.71,35.16,874831
DHC,2025-09-19,35.6,36.86,35.21,36.77,893064
DHC,2025-09-22,36.77,36.77,34.39,35.5,591727
DHC,2025-09-23,35.07,35.5,34.73,34.78,374258
DHC,2025-09-24,34.34,34.92,33.32,34.87,643874
DHC,2025-09-25,35.46,35.46,33.42,34.82,723704
DHC,2025-09-26,34.05,34.39,33.71,33.71,150318
DHC,2025-09-29,33.85,34.0,33.22,33.22,251472
DHC,2025-09-30,33.08,34.14,32.54,33.9,422057
DHC,2025-10-01,33.9,34.48,33.56,34.0,60164
DHC,2025-10-02,34.14,34.29,33.56,33.61,190985
DHC,2025-10-03,33.51,34.24,33.51,33.71,152376
DHC,2025-10-06,34.0,34.58,33.95,34.29,168598
DHC,2025-10-07,34.34,34.34,33.71,33.71,172885
DHC,2025-10-08,33.76,33.95,33.03,33.56,245460
DHC,2025-10-09,33.56,33.8,33.22,33.27,170194
DHC,2025-10-10,33.32,33.9,33.32,33.37,153077
DHC,2025-10-13,33.03,33.76,32.93,33.51,190731
DHC,2025-10-14,33.71,33.71,32.64,32.64,424909
DHC,2025-10-15,32.83,33.17,32.01,32.01,264657
DHC,2025-10-16,32.15,32.44,32.01,32.25,152623
DHC,2025-10-17,32.35,33.17,30.6,32.64,280747
DHC,2025-10-20,32.69,33.37,30.4,31.08,398674
DHC,2025-10-21,31.08,32.49,31.08,32.44,425415
DHC,2025-10-22,31.72,33.27,31.72,33.17,203483
DHC,2025-10-23,33.17,33.66,33.08,33.37,127094
DHC,2025-10-24,33.37,34.34,33.12,34.14,244395
DHC,2025-10-27,34.58,35.36,34.19,34.34,326826
DHC,2025-10-28,34.34,34.82,33.61,34.0,369333
DHC,2025-10-29,34.5,35.75,34.0,35.2,402193
DHC,2025-10-30,35.5,36.4,35.25,35.25,366357
DHC,2025-10-31,34.8,35.55,34.55,34.55,130020
DHC,2025-11-03,34.2,35.8,34.2,35.0,254041
DHC,2025-11-04,34.8,35.45,33.75,35.1,223642
DHC,2025-11-05,35.0,35.0,34.0,34.05,152519
DHC,2025-11-06,34.0,34.3,33.25,33.65,162307
DHC,2025-11-07,34.0,34.0,32.6,32.85,314450
DHC,2025-11-10,32.8,33.1,32.7,32.85,118702
DHC,2025-11-11,32.7,33.4,32.7,33.25,145200
DHC,2025-11-12,33.35,33.6,33.0,33.25,168400
DHC,2025-11-13,33.4,34.15,33.35,34.0,323100
DHC,2025-11-14,34.0,34.45,33.7,33.8,218000
DHC,2025-11-17,34.0,34.2,33.5,33.5,247900
DHC,2025-11-18,33.5,34.0,33.25,33.65,214400
DHC,2025-11-19,34.0,34.15,33.5,33.9,146300
DHC,2025-11-20,34.0,34.7,33.9,34.05,579000
DHC,2025-11-21,33.9,33.9,33.2,33.55,105300
DHC,2025-11-24,33.5,33.55,32.8,32.8,231700
DHC,2025-11-25,32.7,33.2,32.7,33.0,154600
DHC,2025-11-26,32.6,33.45,32.6,33.35,86600
DHC,2025-11-27,33.4,33.95,33.15,33.35,62500
DHC,2025-11-28,33.25,33.6,32.85,33.5,225100
DHC,2025-12-01,33.5,33.5,32.7,32.75,117200
DHC,2025-12-02,32.95,32.95,32.0,32.05,578200
DHC,2025-12-03,32.1,33.1,32.1,33.0,705400
DHC,2025-12-04,33.0,33.75,33.0,33.5,208400
DHC,2025-12-05,33.75,33.75,33.1,33.1,69800
DHC,2025-12-08,33.55,33.55,32.75,33.3,337800
DHC,2025-12-09,33.4,33.4,32.65,33.1,131800
DHC,2025-12-10,33.05,33.05,32.4,32.8,224600
DHC,2025-12-11,32.5,32.9,32.5,32.55,43700
DHC,2025-12-12,32.55,32.75,32.0,32.05,172200
DHC,2025-12-15,32.15,32.6,32.0,32.5,205700
DHC,2025-12-16,32.7,33.0,32.2,33.0,104600
DHC,2025-12-17,32.9,33.0,32.75,32.9,203600
DHC,2025-12-18,32.85,32.9,32.65,32.65,54600
DHC,2025-12-19,32.55,34.2,32.55,34.1,521200
DHC,2025-12-22,34.1,34.45,33.5,34.1,293000
DHC,2025-12-23,34.15,35.4,34.1,34.1,415000
DHC,2025-12-24,34.1,34.1,33.4,33.9,210000
DHC,2025-12-25,33.9,33.9,32.8,32.8,464100
DHC,2025-12-26,32.65,33.25,32.3,33.0,283700
DHC,2025-12-29,33.0,33.4,32.95,33.3,74600
DHC,2025-12-30,33.3,33.9,33.3,33.5,121000
DHC,2025-12-31,33.6,33.65,33.35,33.35,176200
DHB,2017-07-26,6.8,0.0,0.0,0.0,0
DHB,2017-07-27,6.8,6.8,6.8,6.8,0
DHB,2017-07-28,6.8,6.8,6.8,6.8,0
DHB,2017-07-31,6.8,6.8,6.8,6.8,0
DHB,2017-08-01,6.8,6.8,6.8,6.8,0
DHB,2017-08-02,6.8,6.8,6.8,6.8,0
DHB,2017-08-03,6.8,6.8,6.8,6.8,0
DHB,2017-08-04,6.8,6.8,6.8,6.8,0
DHB,2017-08-07,6.8,6.8,6.8,6.8,0
DHB,2017-08-08,6.8,6.8,6.8,6.8,0
DHB,2017-08-09,6.8,6.8,6.8,6.8,0
DHB,2017-08-10,6.8,6.8,6.8,6.8,0
DHB,2017-08-11,6.8,6.8,6.8,6.8,0
DHB,2017-08-14,6.8,6.8,6.8,6.8,0
DHB,2017-08-15,6.8,6.8,6.8,6.8,0
DHB,2017-08-16,6.8,6.8,6.8,6.8,0
DHB,2017-08-17,6.8,6.8,6.8,6.8,0
DHB,2017-08-18,6.8,6.8,6.8,6.8,0
DHB,2017-08-21,6.8,6.8,6.8,6.8,0
DHB,2017-08-22,6.8,6.8,6.8,6.8,0
DHB,2017-08-23,6.8,6.8,6.8,6.8,0
DHB,2017-08-24,6.8,6.8,6.8,6.8,0
DHB,2017-08-25,6.8,6.8,6.8,6.8,0
DHB,2017-08-28,6.8,6.8,6.8,6.8,0
DHB,2017-08-29,6.8,6.8,6.8,6.8,0
DHB,2017-08-30,6.8,6.8,6.8,6.8,0
DHB,2017-08-31,6.8,6.8,6.8,6.8,0
DHB,2017-09-01,6.8,6.8,6.8,6.8,0
DHB,2017-09-05,6.8,6.8,6.8,6.8,0
DHB,2017-09-06,6.8,6.8,6.8,6.8,0
DHB,2017-09-07,6.8,6.8,6.8,6.8,0
DHB,2017-09-08,6.8,6.8,6.8,6.8,0
DHB,2017-09-11,6.8,6.8,6.8,6.8,0
DHB,2017-09-12,6.8,6.8,6.8,6.8,0
DHB,2017-09-13,6.8,6.8,6.8,6.8,0
DHB,2017-09-14,6.8,6.8,6.8,6.8,0
DHB,2017-09-15,6.8,6.8,6.8,6.8,0
DHB,2017-09-18,6.8,6.8,6.8,6.8,0
DHB,2017-09-19,6.8,6.8,6.8,6.8,0
DHB,2017-09-20,6.8,6.8,6.8,6.8,0
DHB,2017-09-21,6.8,6.8,6.8,6.8,0
DHB,2017-09-22,6.8,6.8,6.8,6.8,0
DHB,2017-09-25,6.8,6.8,6.8,6.8,0
DHB,2017-09-26,6.8,6.8,6.8,6.8,0
DHB,2017-09-27,6.8,6.8,6.8,6.8,0
DHB,2017-09-28,6.8,6.8,6.8,6.8,0
DHB,2017-09-29,6.8,6.8,6.8,6.8,0
DHB,2017-10-02,6.8,6.8,6.8,6.8,0
DHB,2017-10-03,6.8,6.8,6.8,6.8,0
DHB,2017-10-04,6.8,6.8,6.8,6.8,0
DHB,2017-10-05,6.8,6.8,6.8,6.8,0
DHB,2017-10-06,6.8,6.8,6.8,6.8,0
DHB,2017-10-09,6.8,6.8,6.8,6.8,0
DHB,2017-10-10,6.8,6.8,6.8,6.8,0
DHB,2017-10-11,6.8,6.8,6.8,6.8,0
DHB,2017-10-12,6.8,6.8,6.8,6.8,0
DHB,2017-10-13,6.8,6.8,6.8,6.8,0
DHB,2017-10-16,6.8,6.8,6.8,6.8,0
DHB,2017-10-17,6.8,6.8,6.8,6.8,0
DHB,2017-10-18,6.8,6.8,6.8,6.8,0
DHB,2017-10-19,6.8,6.8,6.8,6.8,0
DHB,2017-10-20,6.8,6.8,6.8,6.8,0
DHB,2017-10-23,6.8,6.8,6.8,6.8,0
DHB,2017-10-24,6.8,6.8,6.8,6.8,0
DHB,2017-10-25,6.8,6.8,6.8,6.8,0
DHB,2017-10-26,6.8,6.8,6.8,6.8,0
DHB,2017-10-27,6.8,6.8,6.8,6.8,0
DHB,2017-10-30,6.8,6.8,6.8,6.8,0
DHB,2017-10-31,6.8,6.8,6.8,6.8,0
DHB,2017-11-01,6.8,6.8,6.8,6.8,0
DHB,2017-11-02,6.8,6.8,6.8,6.8,0
DHB,2017-11-03,6.8,6.8,6.8,6.8,0
DHB,2017-11-06,6.8,6.8,6.8,6.8,0
DHB,2017-11-07,6.8,6.8,6.8,6.8,0
DHB,2017-11-08,6.8,6.8,6.8,6.8,0
DHB,2017-11-09,6.8,6.8,6.8,6.8,0
DHB,2017-11-10,6.8,6.8,6.8,6.8,0
DHB,2017-11-13,6.8,6.8,6.8,6.8,0
DHB,2017-11-14,6.8,6.8,6.8,6.8,0
DHB,2017-11-15,6.8,6.8,6.8,6.8,0
DHB,2017-11-16,6.8,6.8,6.8,6.8,0
DHB,2017-11-17,6.8,6.8,6.8,6.8,0
DHB,2017-11-20,6.8,6.8,6.8,6.8,0
DHB,2017-11-21,6.8,6.8,6.8,6.8,0
DHB,2017-11-22,6.8,6.8,6.8,6.8,0
DHB,2017-11-23,6.8,6.8,6.8,6.8,0
DHB,2017-11-24,6.8,6.8,6.8,6.8,0
DHB,2017-11-27,6.8,6.8,6.8,6.8,0
DHB,2017-11-28,6.8,6.8,6.8,6.8,0
DHB,2017-11-29,9.2,9.2,9.2,9.2,10000
DHB,2017-11-30,9.2,9.2,9.2,9.2,0
DHB,2017-12-01,9.2,9.2,9.2,9.2,0
DHB,2017-12-04,9.0,9.7,9.0,9.7,2000
DHB,2017-12-05,9.4,9.4,9.4,9.4,0
DHB,2017-12-06,9.4,9.4,9.4,9.4,0
DHB,2017-12-07,9.3,9.4,9.3,9.3,2100
DHB,2017-12-08,9.3,9.3,9.3,9.3,0
DHB,2017-12-11,9.3,9.3,9.3,9.3,0
DHB,2017-12-12,8.0,8.0,8.0,8.0,200
DHB,2017-12-13,6.8,6.8,6.8,6.8,100
DHB,2017-12-14,6.8,6.8,6.8,6.8,0
DHB,2017-12-15,6.8,6.8,6.8,6.8,0
DHB,2017-12-18,6.8,6.8,6.8,6.8,0
DHB,2017-12-19,6.8,6.8,6.8,6.8,0
DHB,2017-12-20,6.8,6.8,6.8,6.8,0
DHB,2017-12-21,6.8,6.8,6.8,6.8,0
DHB,2017-12-22,6.8,6.8,6.8,6.8,0
DHB,2017-12-25,6.8,6.8,6.8,6.8,0
DHB,2017-12-26,6.8,6.8,6.8,6.8,0
DHB,2017-12-27,6.8,6.8,6.8,6.8,0
DHB,2017-12-28,6.8,6.8,6.8,6.8,0
DHB,2017-12-29,6.8,6.8,6.8,6.8,0
DHB,2018-01-02,7.8,7.8,7.8,7.8,100
DHB,2018-01-03,7.8,7.8,7.8,7.8,0
DHB,2018-01-04,6.7,6.7,6.7,6.7,100
DHB,2018-01-05,6.7,6.7,6.7,6.7,0
DHB,2018-01-08,6.7,6.7,6.7,6.7,0
DHB,2018-01-09,6.7,6.7,6.7,6.7,0
DHB,2018-01-10,6.7,6.7,6.7,6.7,0
DHB,2018-01-11,6.2,6.2,6.2,6.2,200
DHB,2018-01-12,5.7,5.7,5.7,5.7,200
DHB,2018-01-15,5.6,5.6,5.6,5.6,200
DHB,2018-01-16,4.8,4.8,4.8,4.8,100
DHB,2018-01-17,4.8,4.8,4.8,4.8,0
DHB,2018-01-18,4.8,4.8,4.8,4.8,0
DHB,2018-01-19,4.8,4.8,4.8,4.8,0
DHB,2018-01-22,4.8,4.8,4.8,4.8,0
DHB,2018-01-23,4.8,4.8,4.8,4.8,0
DHB,2018-01-24,4.5,5.5,4.5,5.5,300
DHB,2018-01-25,4.8,4.8,4.8,4.8,100
DHB,2018-01-26,4.8,4.8,4.8,4.8,0
DHB,2018-01-29,4.8,4.8,4.8,4.8,0
DHB,2018-01-30,4.8,4.8,4.8,4.8,0
DHB,2018-01-31,4.8,4.8,4.8,4.8,0
DHB,2018-02-01,4.8,4.8,4.8,4.8,0
DHB,2018-02-02,4.8,4.8,4.8,4.8,0
DHB,2018-02-05,4.8,4.8,4.8,4.8,0
DHB,2018-02-06,4.8,4.8,4.8,4.8,0
DHB,2018-02-07,4.8,4.8,4.8,4.8,0
DHB,2018-02-08,4.8,4.8,4.8,4.8,0
DHB,2018-02-09,4.8,4.8,4.8,4.8,0
DHB,2018-02-12,4.8,4.8,4.8,4.8,0
DHB,2018-02-13,4.8,4.8,4.8,4.8,0
DHB,2018-02-21,4.8,4.8,4.8,4.8,0
DHB,2018-02-22,4.8,4.8,4.8,4.8,0
DHB,2018-02-23,4.8,4.8,4.8,4.8,0
DHB,2018-02-26,4.8,4.8,4.8,4.8,0
DHB,2018-02-27,4.8,4.8,4.8,4.8,0
DHB,2018-02-28,4.8,4.8,4.8,4.8,0
DHB,2018-03-01,4.8,4.8,4.8,4.8,0
DHB,2018-03-02,4.8,4.8,4.8,4.8,0
DHB,2018-03-05,4.8,4.8,4.8,4.8,0
DHB,2018-03-06,4.8,4.8,4.8,4.8,0
DHB,2018-03-07,4.8,4.8,4.8,4.8,0
DHB,2018-03-08,4.8,4.8,4.8,4.8,0
DHB,2018-03-09,4.8,4.8,4.8,4.8,0
DHB,2018-03-12,4.8,4.8,4.8,4.8,0
DHB,2018-03-13,4.8,4.8,4.8,4.8,0
DHB,2018-03-14,2.9,2.9,2.9,2.9,1400
DHB,2018-03-15,2.9,2.9,2.9,2.9,0
DHB,2018-03-16,2.9,2.9,2.9,2.9,0
DHB,2018-03-19,2.9,2.9,2.9,2.9,0
DHB,2018-03-20,2.5,2.5,2.5,2.5,100
DHB,2018-03-21,2.2,2.2,2.2,2.2,100
DHB,2018-03-22,1.9,1.9,1.9,1.9,100
DHB,2018-03-23,1.9,1.9,1.9,1.9,0
DHB,2018-03-26,1.7,1.7,1.7,1.7,100
DHB,2018-03-27,1.5,1.5,1.5,1.5,200
DHB,2018-03-28,1.5,1.5,1.5,1.5,0
DHB,2018-03-29,1.5,1.5,1.5,1.5,0
DHB,2018-03-30,1.5,1.5,1.5,1.5,0
DHB,2018-04-02,1.5,1.5,1.5,1.5,0
DHB,2018-04-03,1.3,1.3,1.3,1.3,100
DHB,2018-04-04,1.3,1.3,1.3,1.3,0
DHB,2018-04-05,1.3,1.3,1.3,1.3,0
DHB,2018-04-06,1.3,1.3,1.3,1.3,0
DHB,2018-04-09,1.4,1.4,1.4,1.4,200
DHB,2018-04-10,1.4,1.4,1.4,1.4,0
DHB,2018-04-11,1.6,1.6,1.6,1.6,100
DHB,2018-04-12,1.6,1.6,1.6,1.6,0
DHB,2018-04-13,1.6,1.6,1.6,1.6,0
DHB,2018-04-16,1.6,1.6,1.6,1.6,0
DHB,2018-04-17,1.6,1.6,1.6,1.6,0
DHB,2018-04-18,1.6,1.6,1.6,1.6,0
DHB,2018-04-19,1.6,1.6,1.6,1.6,0
DHB,2018-04-20,1.6,1.6,1.6,1.6,0
DHB,2018-04-23,1.6,1.6,1.6,1.6,0
DHB,2018-04-24,1.6,1.6,1.6,1.6,0
DHB,2018-04-26,1.6,1.6,1.6,1.6,0
DHB,2018-04-27,1.6,1.6,1.6,1.6,0
DHB,2018-05-02,1.4,1.4,1.4,1.4,700
DHB,2018-05-03,1.4,1.4,1.4,1.4,0
DHB,2018-05-04,1.4,1.4,1.4,1.4,0
DHB,2018-05-07,1.4,1.4,1.4,1.4,0
DHB,2018-05-08,1.4,1.4,1.4,1.4,0
DHB,2018-05-09,1.4,1.4,1.4,1.4,0
DHB,2018-05-10,1.4,1.4,1.4,1.4,0
DHB,2018-05-11,1.4,1.4,1.4,1.4,0
DHB,2018-05-14,1.4,1.4,1.4,1.4,0
DHB,2018-05-15,1.4,1.4,1.4,1.4,0
DHB,2018-05-16,1.4,1.4,1.4,1.4,0
DHB,2018-05-17,1.4,1.4,1.4,1.4,0
DHB,2018-05-18,1.4,1.4,1.4,1.4,0
DHB,2018-05-21,1.4,1.4,1.4,1.4,0
DHB,2018-05-22,1.4,1.4,1.4,1.4,0
DHB,2018-05-23,1.4,1.4,1.4,1.4,0
DHB,2018-05-24,1.4,1.4,1.4,1.4,0
DHB,2018-05-25,1.4,1.4,1.4,1.4,0
DHB,2018-05-28,1.4,1.4,1.4,1.4,0
DHB,2018-05-29,1.4,1.4,1.4,1.4,0
DHB,2018-05-30,1.4,1.4,1.4,1.4,0
DHB,2018-05-31,1.4,1.4,1.4,1.4,0
DHB,2018-06-01,1.4,1.4,1.4,1.4,0
DHB,2018-06-04,1.4,1.4,1.4,1.4,0
DHB,2018-06-05,1.4,1.4,1.4,1.4,0
DHB,2018-06-06,1.4,1.4,1.4,1.4,0
DHB,2018-06-07,1.4,1.4,1.4,1.4,0
DHB,2018-06-08,1.4,1.4,1.4,1.4,0
DHB,2018-06-11,1.4,1.4,1.4,1.4,0
DHB,2018-06-12,1.4,1.4,1.4,1.4,0
DHB,2018-06-13,1.4,1.4,1.4,1.4,0
DHB,2018-06-14,1.4,1.4,1.4,1.4,0
DHB,2018-06-15,1.4,1.4,1.4,1.4,0
DHB,2018-06-18,1.4,1.4,1.4,1.4,0
DHB,2018-06-19,1.4,1.4,1.4,1.4,0
DHB,2018-06-20,1.4,1.4,1.4,1.4,0
DHB,2018-06-21,1.4,1.4,1.4,1.4,0
DHB,2018-06-22,1.4,1.4,1.4,1.4,0
DHB,2018-06-25,1.4,1.4,1.4,1.4,0
DHB,2018-06-26,1.4,1.4,1.4,1.4,0
DHB,2018-06-27,1.4,1.4,1.4,1.4,0
DHB,2018-06-28,1.4,1.4,1.4,1.4,0
DHB,2018-06-29,1.4,1.4,1.4,1.4,0
DHB,2018-07-02,1.4,1.4,1.4,1.4,0
DHB,2018-07-03,1.4,1.4,1.4,1.4,0
DHB,2018-07-04,1.4,1.4,1.4,1.4,0
DHB,2018-07-05,1.4,1.4,1.4,1.4,0
DHB,2018-07-06,1.4,1.4,1.4,1.4,0
DHB,2018-07-09,1.4,1.4,1.4,1.4,0
DHB,2018-07-10,1.4,1.4,1.4,1.4,0
DHB,2018-07-11,1.4,1.4,1.4,1.4,0
DHB,2018-07-12,1.4,1.4,1.4,1.4,0
DHB,2018-07-13,1.4,1.4,1.4,1.4,0
DHB,2018-07-16,1.4,1.4,1.4,1.4,0
DHB,2018-07-17,1.4,1.4,1.4,1.4,0
DHB,2018-07-18,1.4,1.4,1.4,1.4,0
DHB,2018-07-19,1.4,1.4,1.4,1.4,0
DHB,2018-07-20,1.4,1.4,1.4,1.4,0
DHB,2018-07-23,1.4,1.4,1.4,1.4,0
DHB,2018-07-24,1.4,1.4,1.4,1.4,0
DHB,2018-07-25,1.4,1.4,1.4,1.4,0
DHB,2018-07-26,1.4,1.4,1.4,1.4,0
DHB,2018-07-27,1.4,1.4,1.4,1.4,0
DHB,2018-07-30,1.4,1.4,1.4,1.4,0
DHB,2018-07-31,1.4,1.4,1.4,1.4,0
DHB,2018-08-01,1.4,1.4,1.4,1.4,0
DHB,2018-08-02,1.9,1.9,1.9,1.9,300
DHB,2018-08-03,1.9,1.9,1.9,1.9,0
DHB,2018-08-06,1.9,1.9,1.9,1.9,0
DHB,2018-08-07,1.9,1.9,1.9,1.9,0
DHB,2018-08-08,1.9,1.9,1.9,1.9,0
DHB,2018-08-09,2.1,2.1,2.1,2.1,200
DHB,2018-08-10,2.1,2.1,2.1,2.1,0
DHB,2018-08-13,2.1,2.1,2.1,2.1,0
DHB,2018-08-14,2.1,2.1,2.1,2.1,0
DHB,2018-08-15,2.1,2.1,2.1,2.1,0
DHB,2018-08-16,2.1,2.1,2.1,2.1,0
DHB,2018-08-17,2.1,2.1,2.1,2.1,0
DHB,2018-08-20,2.4,2.4,2.4,2.4,100
DHB,2018-08-21,2.7,2.7,2.7,2.7,100
DHB,2018-08-22,2.7,2.7,2.7,2.7,0
DHB,2018-08-23,2.7,2.7,2.7,2.7,0
DHB,2018-08-24,2.7,2.7,2.7,2.7,0
DHB,2018-08-27,2.7,2.7,2.7,2.7,0
DHB,2018-08-28,2.7,2.7,2.7,2.7,0
DHB,2018-08-29,2.7,2.7,2.7,2.7,0
DHB,2018-08-30,2.7,2.7,2.7,2.7,0
DHB,2018-08-31,2.7,2.7,2.7,2.7,0
DHB,2018-09-04,2.7,2.7,2.7,2.7,0
DHB,2018-09-05,2.7,2.7,2.7,2.7,0
DHB,2018-09-06,3.1,3.1,3.1,3.1,1200
DHB,2018-09-07,3.1,3.1,3.1,3.1,0
DHB,2018-09-10,3.1,3.1,3.1,3.1,0
DHB,2018-09-11,3.1,3.1,3.1,3.1,0
DHB,2018-09-12,3.1,3.1,3.1,3.1,0
DHB,2018-09-13,3.1,3.1,3.1,3.1,200
DHB,2018-09-14,3.1,3.1,3.1,3.1,6000
DHB,2018-09-17,3.3,3.3,3.1,3.1,2600
DHB,2018-09-18,3.2,3.2,3.2,3.2,0
DHB,2018-09-19,3.1,3.1,3.1,3.1,100
DHB,2018-09-20,3.1,3.1,3.1,3.1,0
DHB,2018-09-21,3.4,3.4,3.4,3.4,100
DHB,2018-09-24,3.4,3.4,3.4,3.4,0
DHB,2018-09-25,3.1,3.1,3.1,3.1,400
DHB,2018-09-26,3.5,3.5,3.5,3.5,1000
DHB,2018-09-27,3.5,3.5,3.5,3.5,0
DHB,2018-09-28,3.6,3.6,3.6,3.6,100
DHB,2018-10-01,4.0,4.1,4.0,4.1,2800
DHB,2018-10-02,4.1,4.1,4.1,4.1,0
DHB,2018-10-03,4.7,4.7,4.7,4.7,100
DHB,2018-10-04,4.0,4.0,4.0,4.0,1000
DHB,2018-10-05,3.5,3.6,3.5,3.6,800
DHB,2018-10-08,3.2,3.2,3.2,3.2,300
DHB,2018-10-09,3.2,3.2,3.2,3.2,200
DHB,2018-10-10,3.2,3.5,3.2,3.2,500
DHB,2018-10-11,3.2,3.2,3.0,3.0,4000
DHB,2018-10-12,3.3,3.3,3.0,3.0,1100
DHB,2018-10-15,3.7,3.7,3.7,3.7,100
DHB,2018-10-16,3.7,3.7,3.7,3.7,0
DHB,2018-10-17,3.7,3.7,3.7,3.7,0
DHB,2018-10-18,3.7,3.7,3.7,3.7,0
DHB,2018-10-19,3.7,3.7,3.7,3.7,0
DHB,2018-10-22,3.7,3.7,3.7,3.7,0
DHB,2018-10-23,3.3,3.3,3.3,3.3,100
DHB,2018-10-24,3.3,3.3,3.3,3.3,0
DHB,2018-10-25,3.3,3.3,3.3,3.3,0
DHB,2018-10-26,3.3,3.3,3.3,3.3,0
DHB,2018-10-29,3.3,3.3,3.3,3.3,0
DHB,2018-10-30,3.3,3.3,3.3,3.3,0
DHB,2018-10-31,3.7,3.7,3.7,3.7,100
DHB,2018-11-01,3.7,3.7,3.7,3.7,100
DHB,2018-11-02,3.7,3.7,3.7,3.7,0
DHB,2018-11-05,3.7,3.7,3.7,3.7,0
DHB,2018-11-06,4.2,4.2,4.2,4.2,100
DHB,2018-11-07,4.2,4.2,4.2,4.2,0
DHB,2018-11-08,4.2,4.2,4.2,4.2,0
DHB,2018-11-09,4.4,4.4,4.4,4.4,100
DHB,2018-11-12,4.4,4.4,4.4,4.4,0
DHB,2018-11-13,4.7,5.0,4.7,5.0,400
DHB,2018-11-14,4.8,4.8,4.8,4.8,0
DHB,2018-11-15,5.4,5.4,5.4,5.4,200
DHB,2018-11-16,5.4,5.4,5.4,5.4,0
DHB,2018-11-19,5.5,5.5,5.5,5.5,100
DHB,2018-11-20,5.7,5.7,5.7,5.7,100
DHB,2018-11-21,6.2,6.4,6.2,6.4,200
DHB,2018-11-22,6.3,6.4,6.4,6.4,0
DHB,2018-11-23,6.3,6.4,6.4,6.4,0
DHB,2018-11-26,6.3,6.4,6.4,6.4,0
DHB,2018-11-27,6.3,6.4,6.4,6.4,0
DHB,2018-11-28,6.3,6.4,6.4,6.4,0
DHB,2018-11-29,6.3,6.4,6.4,6.4,0
DHB,2018-11-30,6.3,6.4,6.4,6.4,0
DHB,2018-12-03,6.3,6.3,6.3,6.3,100
DHB,2018-12-04,6.3,6.3,6.3,6.3,0
DHB,2018-12-05,6.3,6.3,6.3,6.3,0
DHB,2018-12-06,6.3,6.3,6.3,6.3,0
DHB,2018-12-07,6.4,6.4,6.4,6.4,100
DHB,2018-12-10,6.4,6.4,6.4,6.4,0
DHB,2018-12-11,6.4,6.4,6.4,6.4,0
DHB,2018-12-12,6.4,6.4,6.4,6.4,0
DHB,2018-12-13,6.4,6.4,6.4,6.4,0
DHB,2018-12-14,6.4,6.4,6.4,6.4,0
DHB,2018-12-17,6.4,6.4,6.4,6.4,0
DHB,2018-12-18,6.4,6.4,6.4,6.4,0
DHB,2018-12-19,6.4,6.4,6.4,6.4,0
DHB,2018-12-20,6.4,6.4,6.4,6.4,0
DHB,2018-12-21,6.4,6.4,6.4,6.4,0
DHB,2018-12-24,6.4,6.4,6.4,6.4,0
DHB,2018-12-25,6.4,6.4,6.4,6.4,0
DHB,2018-12-26,6.4,6.4,6.4,6.4,0
DHB,2018-12-27,6.4,6.4,6.4,6.4,0
DHB,2018-12-28,6.4,6.4,6.4,6.4,0
DHB,2019-01-02,6.4,6.4,6.4,6.4,0
DHB,2019-01-03,6.4,6.4,6.4,6.4,0
DHB,2019-01-04,6.4,6.4,6.4,6.4,0
DHB,2019-01-07,6.4,6.4,6.4,6.4,0
DHB,2019-01-08,6.4,6.4,6.4,6.4,0
DHB,2019-01-09,6.4,6.4,6.4,6.4,700
DHB,2019-01-10,6.4,6.4,6.4,6.4,0
DHB,2019-01-11,6.4,6.4,6.4,6.4,0
DHB,2019-01-14,6.4,6.4,6.4,6.4,0
DHB,2019-01-15,6.4,6.4,6.4,6.4,0
DHB,2019-01-16,6.4,6.4,6.4,6.4,500
DHB,2019-01-17,6.4,6.4,6.4,6.4,0
DHB,2019-01-18,6.4,6.4,6.4,6.4,0
DHB,2019-01-21,6.4,6.4,6.4,6.4,0
DHB,2019-01-22,6.4,6.4,6.4,6.4,0
DHB,2019-01-23,6.4,6.4,6.4,6.4,0
DHB,2019-01-24,6.4,6.4,6.4,6.4,0
DHB,2019-01-25,6.4,6.4,6.4,6.4,0
DHB,2019-01-28,6.4,6.4,6.4,6.4,0
DHB,2019-01-29,6.4,6.4,6.4,6.4,0
DHB,2019-01-30,6.4,6.4,6.4,6.4,0
DHB,2019-01-31,6.4,6.4,6.4,6.4,0
DHB,2019-02-01,6.4,6.4,6.4,6.4,0
DHB,2019-02-11,6.4,6.4,6.4,6.4,0
DHB,2019-02-12,6.4,6.4,6.4,6.4,0
DHB,2019-02-13,6.4,6.4,6.4,6.4,0
DHB,2019-02-14,6.4,6.4,6.4,6.4,0
DHB,2019-02-15,6.4,6.4,6.4,6.4,0
DHB,2019-02-18,6.4,6.4,6.4,6.4,0
DHB,2019-02-19,6.4,6.4,6.4,6.4,0
DHB,2019-02-20,6.4,6.4,6.4,6.4,0
DHB,2019-02-21,6.4,6.4,6.4,6.4,0
DHB,2019-02-22,7.3,7.3,7.3,7.3,200
DHB,2019-02-25,7.3,7.3,7.3,7.3,0
DHB,2019-02-26,7.3,7.3,7.3,7.3,0
DHB,2019-02-27,7.3,7.3,7.3,7.3,0
DHB,2019-02-28,7.3,7.3,7.3,7.3,0
DHB,2019-03-01,7.3,7.3,7.3,7.3,0
DHB,2019-03-04,7.3,7.3,7.3,7.3,0
DHB,2019-03-05,7.3,7.3,7.3,7.3,0
DHB,2019-03-06,7.3,7.3,7.3,7.3,0
DHB,2019-03-07,6.3,6.3,6.3,6.3,100
DHB,2019-03-08,6.3,6.3,6.3,6.3,0
DHB,2019-03-11,6.3,6.3,6.3,6.3,0
DHB,2019-03-12,5.4,7.0,5.4,7.0,300
DHB,2019-03-13,6.5,7.0,7.0,7.0,0
DHB,2019-03-14,6.5,7.0,7.0,7.0,0
DHB,2019-03-15,6.5,7.0,7.0,7.0,0
DHB,2019-03-18,6.5,7.0,7.0,7.0,0
DHB,2019-03-19,6.5,7.0,7.0,7.0,0
DHB,2019-03-20,6.5,7.0,7.0,7.0,0
DHB,2019-03-21,6.5,7.0,7.0,7.0,0
DHB,2019-03-22,6.5,7.0,7.0,7.0,0
DHB,2019-03-25,6.5,7.0,7.0,7.0,0
DHB,2019-03-26,6.5,7.0,7.0,7.0,0
DHB,2019-03-27,6.5,7.0,7.0,7.0,0
DHB,2019-03-28,6.5,7.0,7.0,7.0,0
DHB,2019-03-29,6.5,7.0,7.0,7.0,0
DHB,2019-04-01,6.5,7.0,7.0,7.0,0
DHB,2019-04-02,6.5,7.0,7.0,7.0,0
DHB,2019-04-03,6.5,7.0,7.0,7.0,0
DHB,2019-04-04,6.5,7.0,7.0,7.0,0
DHB,2019-04-05,6.5,7.0,7.0,7.0,0
DHB,2019-04-08,6.5,7.0,7.0,7.0,0
DHB,2019-04-09,6.5,7.0,7.0,7.0,0
DHB,2019-04-10,6.5,7.0,7.0,7.0,0
DHB,2019-04-11,6.5,7.0,7.0,7.0,0
DHB,2019-04-12,6.5,7.0,7.0,7.0,0
DHB,2019-04-16,6.5,7.0,7.0,7.0,0
DHB,2019-04-17,6.5,7.0,7.0,7.0,0
DHB,2019-04-18,6.5,7.0,7.0,7.0,0
DHB,2019-04-19,6.5,7.0,7.0,7.0,0
DHB,2019-04-22,6.5,7.0,7.0,7.0,0
DHB,2019-04-23,6.5,7.0,7.0,7.0,0
DHB,2019-04-24,6.5,7.0,7.0,7.0,0
DHB,2019-04-25,6.5,7.0,7.0,7.0,0
DHB,2019-04-26,6.5,7.0,7.0,7.0,0
DHB,2019-05-02,6.5,7.0,7.0,7.0,0
DHB,2019-05-03,6.5,7.0,7.0,7.0,0
DHB,2019-05-06,6.5,7.0,7.0,7.0,0
DHB,2019-05-07,6.5,7.0,7.0,7.0,0
DHB,2019-05-08,6.5,7.0,7.0,7.0,0
DHB,2019-05-09,6.5,7.0,7.0,7.0,0
DHB,2019-05-10,6.5,7.0,7.0,7.0,0
DHB,2019-05-13,6.5,7.0,7.0,7.0,0
DHB,2019-05-14,6.5,7.0,7.0,7.0,0
DHB,2019-05-15,6.5,7.0,7.0,7.0,0
DHB,2019-05-16,6.5,7.0,7.0,7.0,0
DHB,2019-05-17,6.5,7.0,7.0,7.0,0
DHB,2019-05-20,6.5,7.0,7.0,7.0,0
DHB,2019-05-21,6.5,7.0,7.0,7.0,0
DHB,2019-05-22,6.5,7.0,7.0,7.0,0
DHB,2019-05-23,6.5,7.0,7.0,7.0,0
DHB,2019-05-24,6.5,7.0,7.0,7.0,0
DHB,2019-05-27,6.5,7.0,7.0,7.0,0
DHB,2019-05-28,6.5,7.0,7.0,7.0,0
DHB,2019-05-29,6.5,7.0,7.0,7.0,0
DHB,2019-05-30,6.5,7.0,7.0,7.0,0
DHB,2019-05-31,6.5,7.0,7.0,7.0,0
DHB,2019-06-03,6.5,7.0,7.0,7.0,0
DHB,2019-06-04,6.5,7.0,7.0,7.0,0
DHB,2019-06-05,6.5,7.0,7.0,7.0,0
DHB,2019-06-06,6.5,7.0,7.0,7.0,0
DHB,2019-06-07,6.5,7.0,7.0,7.0,0
DHB,2019-06-10,6.5,7.0,7.0,7.0,0
DHB,2019-06-11,6.5,7.0,7.0,7.0,0
DHB,2019-06-12,6.5,7.0,7.0,7.0,0
DHB,2019-06-13,6.5,7.0,7.0,7.0,0
DHB,2019-06-14,6.5,7.0,7.0,7.0,0
DHB,2019-06-17,6.5,7.0,7.0,7.0,0
DHB,2019-06-18,6.5,7.0,7.0,7.0,0
DHB,2019-06-19,6.5,7.0,7.0,7.0,0
DHB,2019-06-20,9.1,9.1,9.1,9.1,2600
DHB,2019-06-21,9.1,9.1,9.1,9.1,0
DHB,2019-06-24,9.1,9.1,9.1,9.1,0
DHB,2019-06-25,9.1,9.1,9.1,9.1,0
DHB,2019-06-26,9.1,9.1,9.1,9.1,0
DHB,2019-06-27,9.1,9.1,9.1,9.1,0
DHB,2019-06-28,9.1,9.1,9.1,9.1,0
DHB,2019-07-01,9.1,9.1,9.1,9.1,0
DHB,2019-07-02,9.1,9.1,9.1,9.1,0
DHB,2019-07-03,9.1,9.1,9.1,9.1,0
DHB,2019-07-04,9.1,9.1,9.1,9.1,0
DHB,2019-07-05,9.1,9.1,9.1,9.1,0
DHB,2019-07-08,9.1,9.1,9.1,9.1,0
DHB,2019-07-09,9.1,9.1,9.1,9.1,0
DHB,2019-07-10,9.1,9.1,9.1,9.1,0
DHB,2019-07-11,9.1,9.1,9.1,9.1,0
DHB,2019-07-12,9.1,9.1,9.1,9.1,0
DHB,2019-07-15,9.1,9.1,9.1,9.1,0
DHB,2019-07-16,9.1,9.1,9.1,9.1,0
DHB,2019-07-17,9.1,9.1,9.1,9.1,0
DHB,2019-07-18,9.1,9.1,9.1,9.1,0
DHB,2019-07-19,9.8,9.8,9.8,9.8,100
DHB,2019-07-22,9.8,9.8,9.8,9.8,0
DHB,2019-07-23,9.8,9.8,9.8,9.8,0
DHB,2019-07-24,9.8,9.8,9.8,9.8,0
DHB,2019-07-25,9.8,9.8,9.8,9.8,0
DHB,2019-07-26,9.9,9.9,9.9,9.9,100
DHB,2019-07-29,9.9,9.9,9.9,9.9,0
DHB,2019-07-30,9.9,9.9,9.9,9.9,0
DHB,2019-07-31,10.0,10.0,9.9,9.9,600
DHB,2019-08-01,9.9,9.9,9.9,9.9,0
DHB,2019-08-02,9.9,9.9,9.9,9.9,0
DHB,2019-08-05,9.9,9.9,9.9,9.9,0
DHB,2019-08-06,9.9,9.9,9.9,9.9,0
DHB,2019-08-07,9.9,9.9,9.9,9.9,0
DHB,2019-08-08,9.9,9.9,9.9,9.9,0
DHB,2019-08-09,9.9,9.9,9.9,9.9,0
DHB,2019-08-12,9.9,9.9,9.9,9.9,0
DHB,2019-08-13,9.9,9.9,9.9,9.9,0
DHB,2019-08-14,9.9,9.9,9.9,9.9,0
DHB,2019-08-15,9.9,9.9,9.9,9.9,0
DHB,2019-08-16,9.9,9.9,9.9,9.9,0
DHB,2019-08-19,9.9,9.9,9.9,9.9,0
DHB,2019-08-20,9.9,9.9,9.9,9.9,0
DHB,2019-08-21,9.9,9.9,9.9,9.9,0
DHB,2019-08-22,9.9,9.9,9.9,9.9,0
DHB,2019-08-23,9.9,9.9,9.9,9.9,0
DHB,2019-08-26,9.9,9.9,9.9,9.9,0
DHB,2019-08-27,9.9,9.9,9.9,9.9,0
DHB,2019-08-28,9.9,9.9,9.9,9.9,0
DHB,2019-08-29,9.9,9.9,9.9,9.9,0
DHB,2019-08-30,9.9,9.9,9.9,9.9,0
DHB,2019-09-03,9.9,9.9,9.9,9.9,0
DHB,2019-09-04,9.9,9.9,9.9,9.9,0
DHB,2019-09-05,9.9,9.9,9.9,9.9,0
DHB,2019-09-06,9.9,9.9,9.9,9.9,0
DHB,2019-09-09,9.9,9.9,9.9,9.9,0
DHB,2019-09-10,9.9,9.9,9.9,9.9,0
DHB,2019-09-11,9.9,9.9,9.9,9.9,0
DHB,2019-09-12,9.9,9.9,9.9,9.9,0
DHB,2019-09-13,9.9,9.9,9.9,9.9,0
DHB,2019-09-16,9.9,9.9,9.9,9.9,0
DHB,2019-09-17,9.9,9.9,9.9,9.9,0
DHB,2019-09-18,9.9,9.9,9.9,9.9,0
DHB,2019-09-19,9.9,9.9,9.9,9.9,0
DHB,2019-09-20,8.5,8.5,8.5,8.5,100
DHB,2019-09-23,8.5,8.5,8.5,8.5,0
DHB,2019-09-24,8.5,8.5,8.5,8.5,0
DHB,2019-09-25,8.5,8.5,8.5,8.5,0
DHB,2019-09-26,8.5,8.5,8.5,8.5,0
DHB,2019-09-27,8.5,8.5,8.5,8.5,0
DHB,2019-09-30,8.5,8.5,8.5,8.5,0
DHB,2019-10-01,8.5,8.5,8.5,8.5,0
DHB,2019-10-02,8.5,8.5,8.5,8.5,0
DHB,2019-10-03,8.5,8.5,8.5,8.5,0
DHB,2019-10-04,8.2,8.4,8.2,8.4,2000
DHB,2019-10-07,8.4,8.4,8.4,8.4,0
DHB,2019-10-08,8.4,8.4,8.4,8.4,0
DHB,2019-10-09,8.4,8.4,8.4,8.4,0
DHB,2019-10-10,8.4,8.4,8.4,8.4,0
DHB,2019-10-11,8.4,8.4,8.4,8.4,0
DHB,2019-10-14,8.4,8.4,8.4,8.4,0
DHB,2019-10-15,8.4,8.4,8.4,8.4,0
DHB,2019-10-16,8.4,8.4,8.4,8.4,0
DHB,2019-10-17,8.4,8.4,8.4,8.4,0
DHB,2019-10-18,7.2,7.2,7.2,7.2,100
DHB,2019-10-21,7.2,7.2,7.2,7.2,0
DHB,2019-10-22,7.2,7.2,7.2,7.2,0
DHB,2019-10-23,7.2,7.2,7.2,7.2,0
DHB,2019-10-24,7.2,7.2,7.2,7.2,0
DHB,2019-10-25,7.2,7.2,7.2,7.2,0
DHB,2019-10-28,7.2,7.2,7.2,7.2,0
DHB,2019-10-29,7.2,7.2,7.2,7.2,0
DHB,2019-10-30,7.2,7.2,7.2,7.2,0
DHB,2019-10-31,7.2,7.2,7.2,7.2,0
DHB,2019-11-01,7.2,7.2,7.2,7.2,0
DHB,2019-11-04,7.2,7.2,7.2,7.2,0
DHB,2019-11-05,7.2,7.2,7.2,7.2,0
DHB,2019-11-06,7.2,7.2,7.2,7.2,0
DHB,2019-11-07,7.2,7.2,7.2,7.2,0
DHB,2019-11-08,7.2,7.2,7.2,7.2,0
DHB,2019-11-11,7.2,7.2,7.2,7.2,0
DHB,2019-11-12,7.2,7.2,7.2,7.2,0
DHB,2019-11-13,7.2,7.2,7.2,7.2,0
DHB,2019-11-14,7.2,7.2,7.2,7.2,0
DHB,2019-11-15,7.2,7.2,7.2,7.2,0
DHB,2019-11-18,7.2,7.2,7.2,7.2,0
DHB,2019-11-19,7.2,7.2,7.2,7.2,0
DHB,2019-11-20,7.2,7.2,7.2,7.2,0
DHB,2019-11-21,7.2,7.2,7.2,7.2,0
DHB,2019-11-22,7.2,7.2,7.2,7.2,0
DHB,2019-11-25,7.2,7.2,7.2,7.2,0
DHB,2019-11-26,7.2,7.2,7.2,7.2,0
DHB,2019-11-27,7.2,7.2,7.2,7.2,0
DHB,2019-11-28,7.2,7.2,7.2,7.2,0
DHB,2019-11-29,7.2,7.2,7.2,7.2,0
DHB,2019-12-02,7.2,7.2,7.2,7.2,0
DHB,2019-12-03,7.2,7.2,7.2,7.2,0
DHB,2019-12-04,7.2,7.2,7.2,7.2,0
DHB,2019-12-05,7.2,7.2,7.2,7.2,0
DHB,2019-12-06,7.2,7.2,7.2,7.2,0
DHB,2019-12-09,7.2,7.2,7.2,7.2,0
DHB,2019-12-10,7.2,7.2,7.2,7.2,0
DHB,2019-12-11,7.2,7.2,7.2,7.2,0
DHB,2019-12-12,7.2,7.2,7.2,7.2,0
DHB,2019-12-13,7.2,7.2,7.2,7.2,0
DHB,2019-12-16,7.2,7.2,7.2,7.2,0
DHB,2019-12-17,7.2,7.2,7.2,7.2,0
DHB,2019-12-18,7.2,7.2,7.2,7.2,0
DHB,2019-12-19,7.2,7.2,7.2,7.2,0
DHB,2019-12-20,7.2,7.2,7.2,7.2,0
DHB,2019-12-23,7.2,7.2,7.2,7.2,0
DHB,2019-12-24,7.2,7.2,7.2,7.2,0
DHB,2019-12-25,7.2,7.2,7.2,7.2,0
DHB,2019-12-26,7.2,7.2,7.2,7.2,0
DHB,2019-12-27,7.2,7.2,7.2,7.2,0
DHB,2019-12-30,7.2,7.2,7.2,7.2,0
DHB,2019-12-31,7.2,7.2,7.2,7.2,0
DHB,2020-01-02,7.2,7.2,7.2,7.2,0
DHB,2020-01-03,7.2,7.2,7.2,7.2,0
DHB,2020-01-06,7.2,7.2,7.2,7.2,0
DHB,2020-01-07,7.2,7.2,7.2,7.2,0
DHB,2020-01-08,7.2,7.2,7.2,7.2,0
DHB,2020-01-09,7.2,7.2,7.2,7.2,0
DHB,2020-01-10,7.2,7.2,7.2,7.2,0
DHB,2020-01-13,7.2,7.2,7.2,7.2,0
DHB,2020-01-14,7.2,7.2,7.2,7.2,0
DHB,2020-01-15,7.2,7.2,7.2,7.2,0
DHB,2020-01-16,7.2,7.2,7.2,7.2,0
DHB,2020-01-17,7.2,7.2,7.2,7.2,0
DHB,2020-01-20,7.2,7.2,7.2,7.2,0
DHB,2020-01-21,7.2,7.2,7.2,7.2,0
DHB,2020-01-22,7.2,7.2,7.2,7.2,0
DHB,2020-01-30,7.2,7.2,7.2,7.2,0
DHB,2020-01-31,7.2,7.2,7.2,7.2,0
DHB,2020-02-03,7.2,7.2,7.2,7.2,0
DHB,2020-02-04,7.2,7.2,7.2,7.2,0
DHB,2020-02-05,7.2,7.2,7.2,7.2,0
DHB,2020-02-06,7.2,7.2,7.2,7.2,0
DHB,2020-02-07,7.2,7.2,7.2,7.2,0
DHB,2020-02-10,7.2,7.2,7.2,7.2,0
DHB,2020-02-11,7.2,7.2,7.2,7.2,0
DHB,2020-02-12,7.2,7.2,7.2,7.2,0
DHB,2020-02-13,7.2,7.2,7.2,7.2,0
DHB,2020-02-14,7.2,7.2,7.2,7.2,0
DHB,2020-02-17,7.2,7.2,7.2,7.2,0
DHB,2020-02-18,7.2,7.2,7.2,7.2,0
DHB,2020-02-19,7.2,7.2,7.2,7.2,0
DHB,2020-02-20,7.2,7.2,7.2,7.2,0
DHB,2020-02-21,7.2,7.2,7.2,7.2,0
DHB,2020-02-24,7.2,7.2,7.2,7.2,0
DHB,2020-02-25,7.2,7.2,7.2,7.2,0
DHB,2020-02-26,7.2,7.2,7.2,7.2,0
DHB,2020-02-27,7.2,7.2,7.2,7.2,0
DHB,2020-02-28,7.2,7.2,7.2,7.2,0
DHB,2020-03-02,7.2,7.2,7.2,7.2,0
DHB,2020-03-03,7.2,7.2,7.2,7.2,0
DHB,2020-03-04,7.2,7.2,7.2,7.2,0
DHB,2020-03-05,7.2,7.2,7.2,7.2,0
DHB,2020-03-06,7.2,7.2,7.2,7.2,0
DHB,2020-03-09,7.2,7.2,7.2,7.2,0
DHB,2020-03-10,7.2,7.2,7.2,7.2,0
DHB,2020-03-11,7.2,7.2,7.2,7.2,0
DHB,2020-03-12,7.2,7.2,7.2,7.2,0
DHB,2020-03-13,7.2,7.2,7.2,7.2,0
DHB,2020-03-16,7.2,7.2,7.2,7.2,0
DHB,2020-03-17,7.2,7.2,7.2,7.2,0
DHB,2020-03-18,7.2,7.2,7.2,7.2,0
DHB,2020-03-19,7.2,7.2,7.2,7.2,0
DHB,2020-03-20,7.2,7.2,7.2,7.2,0
DHB,2020-03-23,7.2,7.2,7.2,7.2,0
DHB,2020-03-24,7.2,7.2,7.2,7.2,0
DHB,2020-03-25,7.2,7.2,7.2,7.2,0
DHB,2020-03-26,7.2,7.2,7.2,7.2,0
DHB,2020-03-27,7.2,7.2,7.2,7.2,0
DHB,2020-03-30,7.2,7.2,7.2,7.2,0
DHB,2020-03-31,7.2,7.2,7.2,7.2,0
DHB,2020-04-01,7.2,7.2,7.2,7.2,0
DHB,2020-04-03,7.2,7.2,7.2,7.2,0
DHB,2020-04-06,7.2,7.2,7.2,7.2,0
DHB,2020-04-07,7.2,7.2,7.2,7.2,0
DHB,2020-04-08,7.2,7.2,7.2,7.2,0
DHB,2020-04-09,7.2,7.2,7.2,7.2,0
DHB,2020-04-10,7.2,7.2,7.2,7.2,0
DHB,2020-04-13,7.2,7.2,7.2,7.2,0
DHB,2020-04-14,7.2,7.2,7.2,7.2,0
DHB,2020-04-15,7.2,7.2,7.2,7.2,0
DHB,2020-04-16,7.2,7.2,7.2,7.2,0
DHB,2020-04-17,7.2,7.2,7.2,7.2,0
DHB,2020-04-20,7.2,7.2,7.2,7.2,0
DHB,2020-04-21,7.2,7.2,7.2,7.2,0
DHB,2020-04-22,7.2,7.2,7.2,7.2,0
DHB,2020-04-23,7.2,7.2,7.2,7.2,0
DHB,2020-04-24,7.2,7.2,7.2,7.2,0
DHB,2020-04-27,7.2,7.2,7.2,7.2,0
DHB,2020-04-28,7.2,7.2,7.2,7.2,0
DHB,2020-04-29,7.2,7.2,7.2,7.2,0
DHB,2020-05-04,7.2,7.2,7.2,7.2,0
DHB,2020-05-05,7.2,7.2,7.2,7.2,0
DHB,2020-05-06,7.2,7.2,7.2,7.2,0
DHB,2020-05-07,7.2,7.2,7.2,7.2,0
DHB,2020-05-08,7.2,7.2,7.2,7.2,0
DHB,2020-05-11,7.2,7.2,7.2,7.2,0
DHB,2020-05-12,7.2,7.2,7.2,7.2,0
DHB,2020-05-13,7.2,7.2,7.2,7.2,0
DHB,2020-05-14,7.2,7.2,7.2,7.2,0
DHB,2020-05-15,7.2,7.2,7.2,7.2,0
DHB,2020-05-18,7.2,7.2,7.2,7.2,0
DHB,2020-05-19,7.2,7.2,7.2,7.2,0
DHB,2020-05-20,7.2,7.2,7.2,7.2,0
DHB,2020-05-21,7.2,7.2,7.2,7.2,0
DHB,2020-05-22,7.2,7.2,7.2,7.2,0
DHB,2020-05-25,7.2,7.2,7.2,7.2,0
DHB,2020-05-26,7.2,7.2,7.2,7.2,0
DHB,2020-05-27,7.2,7.2,7.2,7.2,0
DHB,2020-05-28,7.2,7.2,7.2,7.2,0
DHB,2020-05-29,7.2,7.2,7.2,7.2,0
DHB,2020-06-01,7.2,7.2,7.2,7.2,0
DHB,2020-06-02,7.2,7.2,7.2,7.2,0
DHB,2020-06-03,7.2,7.2,7.2,7.2,0
DHB,2020-06-04,7.2,7.2,7.2,7.2,0
DHB,2020-06-05,7.2,7.2,7.2,7.2,0
DHB,2020-06-08,7.2,7.2,7.2,7.2,0
DHB,2020-06-09,7.2,7.2,7.2,7.2,0
DHB,2020-06-10,7.2,7.2,7.2,7.2,0
DHB,2020-06-11,7.2,7.2,7.2,7.2,0
DHB,2020-06-12,7.2,7.2,7.2,7.2,0
DHB,2020-06-15,7.2,7.2,7.2,7.2,0
DHB,2020-06-16,7.2,7.2,7.2,7.2,0
DHB,2020-06-17,7.2,7.2,7.2,7.2,0
DHB,2020-06-18,7.2,7.2,7.2,7.2,0
DHB,2020-06-19,7.2,7.2,7.2,7.2,0
DHB,2020-06-22,7.2,7.2,7.2,7.2,0
DHB,2020-06-23,7.2,7.2,7.2,7.2,0
DHB,2020-06-24,7.2,7.2,7.2,7.2,0
DHB,2020-06-25,7.2,7.2,7.2,7.2,0
DHB,2020-06-26,7.2,7.2,7.2,7.2,0
DHB,2020-06-29,7.2,7.2,7.2,7.2,0
DHB,2020-06-30,7.2,7.2,7.2,7.2,0
DHB,2020-07-01,7.2,7.2,7.2,7.2,0
DHB,2020-07-02,7.2,7.2,7.2,7.2,0
DHB,2020-07-03,7.2,7.2,7.2,7.2,0
DHB,2020-07-06,7.2,7.2,7.2,7.2,0
DHB,2020-07-07,7.2,7.2,7.2,7.2,0
DHB,2020-07-08,7.2,7.2,7.2,7.2,0
DHB,2020-07-09,7.2,7.2,7.2,7.2,0
DHB,2020-07-10,7.2,7.2,7.2,7.2,0
DHB,2020-07-13,7.2,7.2,7.2,7.2,0
DHB,2020-07-14,7.2,7.2,7.2,7.2,0
DHB,2020-07-15,7.2,7.2,7.2,7.2,0
DHB,2020-07-16,7.2,7.2,7.2,7.2,0
DHB,2020-07-17,7.2,7.2,7.2,7.2,0
DHB,2020-07-20,7.2,7.2,7.2,7.2,0
DHB,2020-07-21,7.2,7.2,7.2,7.2,0
DHB,2020-07-22,7.2,7.2,7.2,7.2,0
DHB,2020-07-23,7.2,7.2,7.2,7.2,0
DHB,2020-07-24,7.2,7.2,7.2,7.2,0
DHB,2020-07-27,7.2,7.2,7.2,7.2,0
DHB,2020-07-28,7.2,7.2,7.2,7.2,0
DHB,2020-07-29,7.2,7.2,7.2,7.2,0
DHB,2020-07-30,7.2,7.2,7.2,7.2,0
DHB,2020-07-31,7.2,7.2,7.2,7.2,0
DHB,2020-08-03,7.2,7.2,7.2,7.2,0
DHB,2020-08-04,7.2,7.2,7.2,7.2,0
DHB,2020-08-05,7.2,7.2,7.2,7.2,0
DHB,2020-08-06,7.2,7.2,7.2,7.2,0
DHB,2020-08-07,7.2,7.2,7.2,7.2,0
DHB,2020-08-10,7.2,7.2,7.2,7.2,0
DHB,2020-08-11,7.2,7.2,7.2,7.2,0
DHB,2020-08-12,7.2,7.2,7.2,7.2,0
DHB,2020-08-13,7.2,7.2,7.2,7.2,0
DHB,2020-08-14,7.2,7.2,7.2,7.2,0
DHB,2020-08-17,7.2,7.2,7.2,7.2,0
DHB,2020-08-18,7.2,7.2,7.2,7.2,0
DHB,2020-08-19,7.2,7.2,7.2,7.2,0
DHB,2020-08-20,7.2,7.2,7.2,7.2,0
DHB,2020-08-21,7.2,7.2,7.2,7.2,0
DHB,2020-08-24,7.2,7.2,7.2,7.2,0
DHB,2020-08-25,7.2,7.2,7.2,7.2,0
DHB,2020-08-26,7.2,7.2,7.2,7.2,0
DHB,2020-08-27,7.2,7.2,7.2,7.2,0
DHB,2020-08-28,7.2,7.2,7.2,7.2,0
DHB,2020-08-31,7.2,7.2,7.2,7.2,0
DHB,2020-09-01,7.2,7.2,7.2,7.2,0
DHB,2020-09-03,7.2,7.2,7.2,7.2,0
DHB,2020-09-04,7.2,7.2,7.2,7.2,0
DHB,2020-09-07,7.2,7.2,7.2,7.2,0
DHB,2020-09-08,7.2,7.2,7.2,7.2,0
DHB,2020-09-09,7.2,7.2,7.2,7.2,0
DHB,2020-09-10,7.2,7.2,7.2,7.2,0
DHB,2020-09-11,7.2,7.2,7.2,7.2,0
DHB,2020-09-14,7.2,7.2,7.2,7.2,0
DHB,2020-09-15,7.2,7.2,7.2,7.2,0
DHB,2020-09-16,7.2,7.2,7.2,7.2,0
DHB,2020-09-17,7.2,7.2,7.2,7.2,0
DHB,2020-09-18,7.2,7.2,7.2,7.2,0
DHB,2020-09-21,7.2,7.2,7.2,7.2,0
DHB,2020-09-22,7.2,7.2,7.2,7.2,0
DHB,2020-09-23,7.2,7.2,7.2,7.2,0
DHB,2020-09-24,7.2,7.2,7.2,7.2,0
DHB,2020-09-25,7.2,7.2,7.2,7.2,0
DHB,2020-09-28,7.2,7.2,7.2,7.2,0
DHB,2020-09-29,7.2,7.2,7.2,7.2,0
DHB,2020-09-30,7.2,7.2,7.2,7.2,0
DHB,2020-10-01,7.2,7.2,7.2,7.2,0
DHB,2020-10-02,7.2,7.2,7.2,7.2,0
DHB,2020-10-05,7.2,7.2,7.2,7.2,0
DHB,2020-10-06,7.2,7.2,7.2,7.2,0
DHB,2020-10-07,7.2,7.2,7.2,7.2,0
DHB,2020-10-08,7.2,7.2,7.2,7.2,0
DHB,2020-10-09,7.2,7.2,7.2,7.2,0
DHB,2020-10-12,7.2,7.2,7.2,7.2,0
DHB,2020-10-13,7.2,7.2,7.2,7.2,0
DHB,2020-10-14,7.2,7.2,7.2,7.2,0
DHB,2020-10-15,7.2,7.2,7.2,7.2,0
DHB,2020-10-16,7.2,7.2,7.2,7.2,0
DHB,2020-10-19,7.2,7.2,7.2,7.2,0
DHB,2020-10-20,7.2,7.2,7.2,7.2,0
DHB,2020-10-21,7.2,7.2,7.2,7.2,0
DHB,2020-10-22,7.2,7.2,7.2,7.2,0
DHB,2020-10-23,7.2,7.2,7.2,7.2,0
DHB,2020-10-26,7.2,7.2,7.2,7.2,0
DHB,2020-10-27,7.2,7.2,7.2,7.2,0
DHB,2020-10-28,7.2,7.2,7.2,7.2,0
DHB,2020-10-29,7.2,7.2,7.2,7.2,0
DHB,2020-10-30,7.2,7.2,7.2,7.2,0
DHB,2020-11-02,7.2,7.2,7.2,7.2,0
DHB,2020-11-03,7.2,7.2,7.2,7.2,0
DHB,2020-11-04,7.2,7.2,7.2,7.2,0
DHB,2020-11-05,7.2,7.2,7.2,7.2,0
DHB,2020-11-06,7.2,7.2,7.2,7.2,0
DHB,2020-11-09,7.2,7.2,7.2,7.2,0
DHB,2020-11-10,7.2,7.2,7.2,7.2,0
DHB,2020-11-11,7.2,7.2,7.2,7.2,0
DHB,2020-11-12,7.2,7.2,7.2,7.2,0
DHB,2020-11-13,7.2,7.2,7.2,7.2,0
DHB,2020-11-16,7.2,7.2,7.2,7.2,0
DHB,2020-11-17,7.2,7.2,7.2,7.2,0
DHB,2020-11-18,7.2,7.2,7.2,7.2,0
DHB,2020-11-19,7.2,7.2,7.2,7.2,0
DHB,2020-11-20,7.2,7.2,7.2,7.2,0
DHB,2020-11-23,7.2,7.2,7.2,7.2,0
DHB,2020-11-24,7.2,7.2,7.2,7.2,0
DHB,2020-11-25,7.2,7.2,7.2,7.2,0
DHB,2020-11-26,7.2,7.2,7.2,7.2,0
DHB,2020-11-27,7.2,7.2,7.2,7.2,0
DHB,2020-11-30,7.2,7.2,7.2,7.2,0
DHB,2020-12-01,7.2,7.2,7.2,7.2,0
DHB,2020-12-02,7.2,7.2,7.2,7.2,0
DHB,2020-12-03,7.2,7.2,7.2,7.2,0
DHB,2020-12-04,7.2,7.2,7.2,7.2,0
DHB,2020-12-07,7.2,7.2,7.2,7.2,0
DHB,2020-12-08,7.2,7.2,7.2,7.2,0
DHB,2020-12-09,7.2,7.2,7.2,7.2,0
DHB,2020-12-10,7.2,7.2,7.2,7.2,0
DHB,2020-12-11,7.2,7.2,7.2,7.2,0
DHB,2020-12-14,7.2,7.2,7.2,7.2,0
DHB,2020-12-15,7.2,7.2,7.2,7.2,0
DHB,2020-12-16,7.2,7.2,7.2,7.2,0
DHB,2020-12-17,7.2,7.2,7.2,7.2,0
DHB,2020-12-18,7.2,7.2,7.2,7.2,0
DHB,2020-12-21,7.2,7.2,7.2,7.2,0
DHB,2020-12-22,7.2,7.2,7.2,7.2,0
DHB,2020-12-23,7.2,7.2,7.2,7.2,0
DHB,2020-12-24,7.2,7.2,7.2,7.2,0
DHB,2020-12-25,7.2,7.2,7.2,7.2,0
DHB,2020-12-28,7.2,7.2,7.2,7.2,0
DHB,2020-12-29,7.2,7.2,7.2,7.2,0
DHB,2020-12-30,7.2,7.2,7.2,7.2,0
DHB,2020-12-31,7.2,7.2,7.2,7.2,0
DHB,2021-01-04,7.2,7.2,7.2,7.2,0
DHB,2021-01-05,7.2,7.2,7.2,7.2,0
DHB,2021-01-06,7.2,7.2,7.2,7.2,0
DHB,2021-01-07,7.2,7.2,7.2,7.2,0
DHB,2021-01-08,7.2,7.2,7.2,7.2,0
DHB,2021-01-11,7.2,7.2,7.2,7.2,0
DHB,2021-01-12,7.2,7.2,7.2,7.2,0
DHB,2021-01-13,7.2,7.2,7.2,7.2,0
DHB,2021-01-14,7.2,7.2,7.2,7.2,0
DHB,2021-01-15,7.2,7.2,7.2,7.2,0
DHB,2021-01-18,7.2,7.2,7.2,7.2,0
DHB,2021-01-19,7.2,7.2,7.2,7.2,0
DHB,2021-01-20,7.2,7.2,7.2,7.2,0
DHB,2021-01-21,7.2,7.2,7.2,7.2,0
DHB,2021-01-22,7.2,7.2,7.2,7.2,0
DHB,2021-01-25,7.2,7.2,7.2,7.2,0
DHB,2021-01-26,7.2,7.2,7.2,7.2,0
DHB,2021-01-27,7.2,7.2,7.2,7.2,0
DHB,2021-01-28,7.2,7.2,7.2,7.2,0
DHB,2021-01-29,7.2,7.2,7.2,7.2,0
DHB,2021-02-01,7.2,7.2,7.2,7.2,0
DHB,2021-02-02,7.2,7.2,7.2,7.2,0
DHB,2021-02-03,7.2,7.2,7.2,7.2,0
DHB,2021-02-04,7.2,7.2,7.2,7.2,0
DHB,2021-02-05,7.2,7.2,7.2,7.2,0
DHB,2021-02-08,7.2,7.2,7.2,7.2,0
DHB,2021-02-09,7.2,7.2,7.2,7.2,0
DHB,2021-02-17,7.2,7.2,7.2,7.2,0
DHB,2021-02-18,7.2,7.2,7.2,7.2,0
DHB,2021-02-19,7.2,7.2,7.2,7.2,0
DHB,2021-02-22,7.2,7.2,7.2,7.2,0
DHB,2021-02-23,7.2,7.2,7.2,7.2,0
DHB,2021-02-24,7.2,7.2,7.2,7.2,0
DHB,2021-02-25,7.2,7.2,7.2,7.2,0
DHB,2021-02-26,7.2,7.2,7.2,7.2,0
DHB,2021-03-01,7.2,7.2,7.2,7.2,0
DHB,2021-03-02,7.2,7.2,7.2,7.2,0
DHB,2021-03-03,7.2,7.2,7.2,7.2,0
DHB,2021-03-04,7.2,7.2,7.2,7.2,0
DHB,2021-03-05,7.2,7.2,7.2,7.2,0
DHB,2021-03-08,7.2,7.2,7.2,7.2,0
DHB,2021-03-09,7.2,7.2,7.2,7.2,0
DHB,2021-03-10,7.2,7.2,7.2,7.2,0
DHB,2021-03-11,7.2,7.2,7.2,7.2,0
DHB,2021-03-12,7.2,7.2,7.2,7.2,0
DHB,2021-03-15,7.2,7.2,7.2,7.2,0
DHB,2021-03-16,7.2,7.2,7.2,7.2,0
DHB,2021-03-17,7.2,7.2,7.2,7.2,0
DHB,2021-03-18,7.2,7.2,7.2,7.2,0
DHB,2021-03-19,7.2,7.2,7.2,7.2,0
DHB,2021-03-22,7.2,7.2,7.2,7.2,0
DHB,2021-03-23,7.2,7.2,7.2,7.2,0
DHB,2021-03-24,7.2,7.2,7.2,7.2,0
DHB,2021-03-25,7.2,7.2,7.2,7.2,0
DHB,2021-03-26,7.2,7.2,7.2,7.2,0
DHB,2021-03-29,7.2,7.2,7.2,7.2,0
DHB,2021-03-30,7.2,7.2,7.2,7.2,0
DHB,2021-03-31,7.2,7.2,7.2,7.2,0
DHB,2021-04-01,7.2,7.2,7.2,7.2,0
DHB,2021-04-02,7.2,7.2,7.2,7.2,0
DHB,2021-04-05,7.2,7.2,7.2,7.2,0
DHB,2021-04-06,7.2,7.2,7.2,7.2,0
DHB,2021-04-07,7.2,7.2,7.2,7.2,0
DHB,2021-04-08,7.2,7.2,7.2,7.2,0
DHB,2021-04-09,7.2,7.2,7.2,7.2,0
DHB,2021-04-12,7.2,7.2,7.2,7.2,0
DHB,2021-04-13,7.2,7.2,7.2,7.2,0
DHB,2021-04-14,7.2,7.2,7.2,7.2,0
DHB,2021-04-15,7.2,7.2,7.2,7.2,0
DHB,2021-04-16,7.2,7.2,7.2,7.2,0
DHB,2021-04-19,7.2,7.2,7.2,7.2,0
DHB,2021-04-20,7.2,7.2,7.2,7.2,0
DHB,2021-04-22,7.2,7.2,7.2,7.2,0
DHB,2021-04-23,7.2,7.2,7.2,7.2,0
DHB,2021-04-26,7.2,7.2,7.2,7.2,0
DHB,2021-04-27,7.2,7.2,7.2,7.2,0
DHB,2021-04-28,7.2,7.2,7.2,7.2,0
DHB,2021-04-29,7.2,7.2,7.2,7.2,0
DHB,2021-05-04,7.2,7.2,7.2,7.2,0
DHB,2021-05-05,7.2,7.2,7.2,7.2,0
DHB,2021-05-06,7.2,7.2,7.2,7.2,0
DHB,2021-05-07,4.4,9.0,4.4,8.5,11800
DHB,2021-05-10,8.7,8.5,8.5,8.5,0
DHB,2021-05-11,8.7,8.5,8.5,8.5,0
DHB,2021-05-12,8.7,8.5,8.5,8.5,0
DHB,2021-05-13,8.7,8.5,8.5,8.5,0
DHB,2021-05-14,8.7,8.5,8.5,8.5,0
DHB,2021-05-17,8.7,8.5,8.5,8.5,0
DHB,2021-05-18,8.7,8.5,8.5,8.5,0
DHB,2021-05-19,8.7,8.5,8.5,8.5,0
DHB,2021-05-20,8.7,8.5,8.5,8.5,0
DHB,2021-05-21,8.7,8.5,8.5,8.5,0
DHB,2021-05-24,8.7,8.5,8.5,8.5,0
DHB,2021-05-25,8.7,8.5,8.5,8.5,0
DHB,2021-05-26,8.7,8.5,8.5,8.5,0
DHB,2021-05-27,8.7,8.5,8.5,8.5,0
DHB,2021-05-28,8.7,8.5,8.5,8.5,0
DHB,2021-05-31,8.7,8.5,8.5,8.5,0
DHB,2021-06-01,8.7,8.5,8.5,8.5,0
DHB,2021-06-02,8.7,8.5,8.5,8.5,0
DHB,2021-06-03,8.7,8.5,8.5,8.5,0
DHB,2021-06-04,7.4,7.4,7.4,7.4,2000
DHB,2021-06-07,7.4,7.4,7.4,7.4,0
DHB,2021-06-08,7.4,7.4,7.4,7.4,0
DHB,2021-06-09,7.4,7.4,7.4,7.4,0
DHB,2021-06-10,7.4,7.4,7.4,7.4,0
DHB,2021-06-11,6.3,6.3,6.3,6.3,1400
DHB,2021-06-14,6.3,6.3,6.3,6.3,0
DHB,2021-06-15,6.3,6.3,6.3,6.3,0
DHB,2021-06-16,6.3,6.3,6.3,6.3,0
DHB,2021-06-17,6.3,6.3,6.3,6.3,0
DHB,2021-06-18,5.4,7.2,5.4,7.2,16200
DHB,2021-06-21,5.7,7.2,7.2,7.2,0
DHB,2021-06-22,5.7,7.2,7.2,7.2,0
DHB,2021-06-23,5.7,7.2,7.2,7.2,0
DHB,2021-06-24,5.7,7.2,7.2,7.2,0
DHB,2021-06-25,5.0,5.0,4.9,5.0,5400
DHB,2021-06-28,5.0,5.0,5.0,5.0,0
DHB,2021-06-29,5.0,5.0,5.0,5.0,0
DHB,2021-06-30,5.0,5.0,5.0,5.0,0
DHB,2021-07-01,5.0,5.0,5.0,5.0,0
DHB,2021-07-02,5.0,5.0,5.0,5.0,1800
DHB,2021-07-05,5.0,5.0,5.0,5.0,0
DHB,2021-07-06,5.0,5.0,5.0,5.0,0
DHB,2021-07-07,5.0,5.0,5.0,5.0,0
DHB,2021-07-08,5.0,5.0,5.0,5.0,0
DHB,2021-07-09,5.0,5.5,5.0,5.0,700
DHB,2021-07-12,5.3,5.0,5.0,5.0,0
DHB,2021-07-13,5.3,5.0,5.0,5.0,0
DHB,2021-07-14,5.3,5.0,5.0,5.0,0
DHB,2021-07-15,5.3,5.0,5.0,5.0,0
DHB,2021-07-16,5.3,5.0,5.0,5.0,0
DHB,2021-07-19,5.3,5.0,5.0,5.0,0
DHB,2021-07-20,5.3,5.0,5.0,5.0,0
DHB,2021-07-21,5.3,5.0,5.0,5.0,0
DHB,2021-07-22,5.3,5.0,5.0,5.0,0
DHB,2021-07-23,5.3,5.0,5.0,5.0,0
DHB,2021-07-26,5.3,5.0,5.0,5.0,0
DHB,2021-07-27,5.3,5.0,5.0,5.0,0
DHB,2021-07-28,5.3,5.0,5.0,5.0,0
DHB,2021-07-29,5.3,5.0,5.0,5.0,0
DHB,2021-07-30,5.0,6.0,4.6,6.0,2400
DHB,2021-08-02,5.1,5.1,5.1,5.1,0
DHB,2021-08-03,5.1,6.0,6.0,6.0,0
DHB,2021-08-04,5.1,6.0,6.0,6.0,0
DHB,2021-08-05,5.1,6.0,6.0,6.0,0
DHB,2021-08-06,5.0,5.0,5.0,5.0,1200
DHB,2021-08-09,5.0,5.0,5.0,5.0,0
DHB,2021-08-10,5.0,5.0,5.0,5.0,0
DHB,2021-08-11,5.0,5.0,5.0,5.0,0
DHB,2021-08-12,5.0,5.0,5.0,5.0,0
DHB,2021-08-13,5.0,5.3,5.0,5.3,600
DHB,2021-08-16,5.1,5.3,5.3,5.3,0
DHB,2021-08-17,5.1,5.3,5.3,5.3,0
DHB,2021-08-18,5.1,5.3,5.3,5.3,0
DHB,2021-08-19,5.1,5.3,5.3,5.3,0
DHB,2021-08-20,5.8,5.8,5.6,5.6,900
DHB,2021-08-23,5.8,5.6,5.6,5.6,0
DHB,2021-08-24,5.8,5.6,5.6,5.6,0
DHB,2021-08-25,5.8,5.6,5.6,5.6,0
DHB,2021-08-26,5.8,5.6,5.6,5.6,0
DHB,2021-08-27,5.8,5.8,5.8,5.8,200
DHB,2021-08-30,5.8,5.8,5.8,5.8,0
DHB,2021-08-31,5.8,5.8,5.8,5.8,0
DHB,2021-09-01,5.8,5.8,5.8,5.8,0
DHB,2021-09-06,5.8,5.8,5.8,5.8,0
DHB,2021-09-07,5.8,5.8,5.8,5.8,0
DHB,2021-09-08,5.8,5.8,5.8,5.8,0
DHB,2021-09-09,5.8,5.8,5.8,5.8,0
DHB,2021-09-10,5.3,5.3,5.3,5.3,1100
DHB,2021-09-13,5.3,5.3,5.3,5.3,0
DHB,2021-09-14,5.3,5.3,5.3,5.3,0
DHB,2021-09-15,5.3,5.3,5.3,5.3,0
DHB,2021-09-16,5.3,5.3,5.3,5.3,0
DHB,2021-09-17,5.1,5.1,5.0,5.0,500
DHB,2021-09-20,5.0,5.0,5.0,5.0,0
DHB,2021-09-21,5.0,5.0,5.0,5.0,0
DHB,2021-09-22,5.0,5.0,5.0,5.0,0
DHB,2021-09-23,5.0,5.0,5.0,5.0,0
DHB,2021-09-24,5.0,5.0,5.0,5.0,1300
DHB,2021-09-27,5.0,5.0,5.0,5.0,0
DHB,2021-09-28,5.0,5.0,5.0,5.0,0
DHB,2021-09-29,5.0,5.0,5.0,5.0,0
DHB,2021-09-30,5.0,5.0,5.0,5.0,0
DHB,2021-10-01,5.5,5.7,5.5,5.7,1100
DHB,2021-10-04,5.6,5.6,5.6,5.6,0
DHB,2021-10-05,5.6,5.6,5.6,5.6,0
DHB,2021-10-06,5.6,5.6,5.6,5.6,0
DHB,2021-10-07,5.6,5.6,5.6,5.6,0
DHB,2021-10-08,5.6,6.4,5.6,6.4,9500
DHB,2021-10-11,6.4,6.4,6.4,6.4,0
DHB,2021-10-12,6.4,6.4,6.4,6.4,0
DHB,2021-10-13,6.4,6.4,6.4,6.4,0
DHB,2021-10-14,6.4,6.4,6.4,6.4,0
DHB,2021-10-15,7.3,7.3,7.3,7.3,100
DHB,2021-10-18,7.3,7.3,7.3,7.3,0
DHB,2021-10-19,7.3,7.3,7.3,7.3,0
DHB,2021-10-20,7.3,7.3,7.3,7.3,0
DHB,2021-10-21,7.3,7.3,7.3,7.3,0
DHB,2021-10-22,8.3,8.3,8.3,8.3,4700
DHB,2021-10-25,8.3,8.3,8.3,8.3,0
DHB,2021-10-26,8.3,8.3,8.3,8.3,0
DHB,2021-10-27,8.3,8.3,8.3,8.3,0
DHB,2021-10-28,8.3,8.3,8.3,8.3,0
DHB,2021-10-29,9.5,9.5,9.5,9.5,13500
DHB,2021-11-01,9.5,9.5,9.5,9.5,0
DHB,2021-11-02,9.5,9.5,9.5,9.5,0
DHB,2021-11-03,9.5,9.5,9.5,9.5,0
DHB,2021-11-04,9.5,9.5,9.5,9.5,0
DHB,2021-11-05,10.9,10.9,10.9,10.9,6100
DHB,2021-11-08,10.9,10.9,10.9,10.9,0
DHB,2021-11-09,10.9,10.9,10.9,10.9,0
DHB,2021-11-10,10.9,10.9,10.9,10.9,0
DHB,2021-11-11,10.9,10.9,10.9,10.9,0
DHB,2021-11-12,12.5,12.5,12.5,12.5,9500
DHB,2021-11-15,12.5,12.5,12.5,12.5,0
DHB,2021-11-16,12.5,12.5,12.5,12.5,0
DHB,2021-11-17,12.5,12.5,12.5,12.5,0
DHB,2021-11-18,12.5,12.5,12.5,12.5,0
DHB,2021-11-19,14.3,14.3,12.5,12.5,35400
DHB,2021-11-22,13.9,13.9,13.9,13.9,0
DHB,2021-11-23,13.9,13.9,13.9,13.9,0
DHB,2021-11-24,13.9,13.9,13.9,13.9,0
DHB,2021-11-25,13.9,13.9,13.9,13.9,0
DHB,2021-11-26,11.9,13.9,11.9,13.4,17900
DHB,2021-11-29,12.6,12.6,12.6,12.6,0
DHB,2021-11-30,12.6,12.6,12.6,12.6,0
DHB,2021-12-01,12.6,12.6,12.6,12.6,0
DHB,2021-12-02,12.6,12.6,12.6,12.6,0
DHB,2021-12-03,12.6,12.6,10.8,10.8,24400
DHB,2021-12-06,11.0,11.0,11.0,11.0,0
DHB,2021-12-07,11.0,11.0,11.0,11.0,0
DHB,2021-12-08,11.0,11.0,11.0,11.0,0
DHB,2021-12-09,11.0,11.0,11.0,11.0,0
DHB,2021-12-10,11.0,11.0,9.5,10.9,18500
DHB,2021-12-13,10.2,10.2,10.2,10.2,0
DHB,2021-12-14,10.2,10.2,10.2,10.2,0
DHB,2021-12-15,10.2,10.2,10.2,10.2,0
DHB,2021-12-16,10.2,10.2,10.2,10.2,0
DHB,2021-12-17,8.7,11.0,8.7,9.1,8804
DHB,2021-12-20,9.1,9.1,9.1,9.1,0
DHB,2021-12-21,9.1,9.1,9.1,9.1,0
DHB,2021-12-22,9.1,9.1,9.1,9.1,0
DHB,2021-12-23,9.1,9.1,9.1,9.1,0
DHB,2021-12-24,9.1,10.4,8.0,10.4,76910
DHB,2021-12-27,10.2,10.2,10.2,10.2,0
DHB,2021-12-28,10.2,10.2,10.2,10.2,0
DHB,2021-12-29,10.2,10.2,10.2,10.2,0
DHB,2021-12-30,10.2,10.2,10.2,10.2,0
DHB,2021-12-31,10.2,11.0,10.0,11.0,11000
DHB,2022-01-04,10.8,10.8,10.8,10.8,0
DHB,2022-01-05,10.8,10.8,10.8,10.8,0
DHB,2022-01-06,10.8,10.8,10.8,10.8,0
DHB,2022-01-07,9.3,10.8,9.3,9.5,11000
DHB,2022-01-10,10.6,10.6,10.6,10.6,0
DHB,2022-01-11,10.6,10.6,10.6,10.6,0
DHB,2022-01-12,10.6,10.6,10.6,10.6,0
DHB,2022-01-13,10.6,10.6,10.6,10.6,0
DHB,2022-01-14,9.2,9.5,9.1,9.5,15900
DHB,2022-01-17,9.1,9.1,9.1,9.1,0
DHB,2022-01-18,9.1,9.1,9.1,9.1,0
DHB,2022-01-19,9.1,9.1,9.1,9.1,0
DHB,2022-01-20,9.1,9.1,9.1,9.1,0
DHB,2022-01-21,9.1,9.2,8.1,8.2,15000
DHB,2022-01-24,8.5,8.5,8.5,8.5,0
DHB,2022-01-25,8.5,8.5,8.5,8.5,0
DHB,2022-01-26,8.5,8.5,8.5,8.5,0
DHB,2022-01-27,8.5,8.5,8.5,8.5,0
DHB,2022-01-28,9.7,9.7,9.7,9.7,8300
DHB,2022-02-07,9.7,9.7,9.7,9.7,0
DHB,2022-02-08,9.7,9.7,9.7,9.7,0
DHB,2022-02-09,9.7,9.7,9.7,9.7,0
DHB,2022-02-10,9.7,9.7,9.7,9.7,0
DHB,2022-02-11,9.5,10.5,9.5,10.1,11505
DHB,2022-02-14,10.0,10.0,10.0,10.0,0
DHB,2022-02-15,10.0,10.0,10.0,10.0,0
DHB,2022-02-16,10.0,10.0,10.0,10.0,0
DHB,2022-02-17,10.0,10.0,10.0,10.0,0
DHB,2022-02-18,10.0,10.9,9.5,9.5,1600
DHB,2022-02-21,9.9,9.9,9.9,9.9,0
DHB,2022-02-22,9.9,9.9,9.9,9.9,0
DHB,2022-02-23,9.9,9.9,9.9,9.9,0
DHB,2022-02-24,9.9,9.9,9.9,9.9,0
DHB,2022-02-25,11.3,11.3,10.8,10.8,26805
DHB,2022-02-28,11.2,11.2,11.2,11.2,0
DHB,2022-03-01,11.2,11.2,11.2,11.2,0
DHB,2022-03-02,11.2,11.2,11.2,11.2,0
DHB,2022-03-03,11.2,11.2,11.2,11.2,0
DHB,2022-03-04,9.6,11.2,9.6,11.0,24750
DHB,2022-03-07,10.9,10.9,10.9,10.9,0
DHB,2022-03-08,10.9,10.9,10.9,10.9,0
DHB,2022-03-09,10.9,10.9,10.9,10.9,0
DHB,2022-03-10,10.9,10.9,10.9,10.9,0
DHB,2022-03-11,10.9,11.5,10.9,11.1,83610
DHB,2022-03-14,11.3,11.3,11.3,11.3,0
DHB,2022-03-15,11.3,11.3,11.3,11.3,0
DHB,2022-03-16,11.3,11.3,11.3,11.3,0
DHB,2022-03-17,11.3,11.3,11.3,11.3,0
DHB,2022-03-18,11.0,11.0,10.2,11.0,36210
DHB,2022-03-21,10.5,10.5,10.5,10.5,0
DHB,2022-03-22,10.5,10.5,10.5,10.5,0
DHB,2022-03-23,10.5,10.5,10.5,10.5,0
DHB,2022-03-24,10.5,10.5,10.5,10.5,0
DHB,2022-03-25,10.5,10.7,10.5,10.6,19600
DHB,2022-03-28,10.5,10.5,10.5,10.5,0
DHB,2022-03-29,10.5,10.5,10.5,10.5,0
DHB,2022-03-30,10.5,10.5,10.5,10.5,0
DHB,2022-03-31,10.5,10.5,10.5,10.5,0
DHB,2022-04-01,10.5,11.8,10.5,11.5,63000
DHB,2022-04-04,11.5,11.5,11.5,11.5,0
DHB,2022-04-05,11.5,11.5,11.5,11.5,0
DHB,2022-04-06,11.5,11.5,11.5,11.5,0
DHB,2022-04-07,11.5,11.5,11.5,11.5,0
DHB,2022-04-08,11.6,13.2,11.6,13.2,270920
DHB,2022-04-12,12.9,12.9,12.9,12.9,0
DHB,2022-04-13,12.9,12.9,12.9,12.9,0
DHB,2022-04-14,12.9,12.9,12.9,12.9,0
DHB,2022-04-15,14.0,14.8,14.0,14.8,104603
DHB,2022-04-18,14.8,14.8,14.8,14.8,0
DHB,2022-04-19,14.8,14.8,14.8,14.8,0
DHB,2022-04-20,14.8,14.8,14.8,14.8,0
DHB,2022-04-21,14.8,14.8,14.8,14.8,0
DHB,2022-04-22,15.5,15.5,12.6,12.9,86201
DHB,2022-04-25,14.0,14.0,14.0,14.0,0
DHB,2022-04-26,14.0,14.0,14.0,14.0,0
DHB,2022-04-27,14.0,14.0,14.0,14.0,0
DHB,2022-04-28,14.0,14.0,14.0,14.0,0
DHB,2022-04-29,16.1,16.1,14.2,15.2,90200
DHB,2022-05-04,15.4,15.4,15.4,15.4,0
DHB,2022-05-05,15.4,15.4,15.4,15.4,0
DHB,2022-05-06,13.1,15.4,13.1,13.8,105500
DHB,2022-05-09,13.1,13.1,13.1,13.1,0
DHB,2022-05-10,13.1,13.1,13.1,13.1,0
DHB,2022-05-11,13.1,13.1,13.1,13.1,0
DHB,2022-05-12,13.1,13.1,13.1,13.1,0
DHB,2022-05-13,11.3,12.9,11.2,12.6,37500
DHB,2022-05-16,11.3,11.3,11.3,11.3,0
DHB,2022-05-17,11.3,11.3,11.3,11.3,0
DHB,2022-05-18,11.3,11.3,11.3,11.3,0
DHB,2022-05-19,11.3,11.3,11.3,11.3,0
DHB,2022-05-20,11.3,12.9,11.3,12.8,8367
DHB,2022-05-23,12.1,12.1,12.1,12.1,0
DHB,2022-05-24,12.1,12.1,12.1,12.1,0
DHB,2022-05-25,12.1,12.1,12.1,12.1,0
DHB,2022-05-26,12.1,12.1,12.1,12.1,0
DHB,2022-05-27,12.9,13.9,12.9,13.1,5800
DHB,2022-05-30,13.1,13.1,13.1,13.1,0
DHB,2022-05-31,13.1,13.1,13.1,13.1,0
DHB,2022-06-01,13.1,13.1,13.1,13.1,0
DHB,2022-06-02,13.1,13.1,13.1,13.1,0
DHB,2022-06-03,13.6,13.6,12.3,13.1,21700
DHB,2022-06-06,12.8,12.8,12.8,12.8,0
DHB,2022-06-07,12.8,12.8,12.8,12.8,0
DHB,2022-06-08,12.8,12.8,12.8,12.8,0
DHB,2022-06-09,12.8,12.8,12.8,12.8,0
DHB,2022-06-10,13.0,13.0,10.9,12.5,54000
DHB,2022-06-13,11.2,11.2,11.2,11.2,0
DHB,2022-06-14,11.2,11.2,11.2,11.2,0
DHB,2022-06-15,11.2,11.2,11.2,11.2,0
DHB,2022-06-16,11.2,11.2,11.2,11.2,0
DHB,2022-06-17,11.6,11.6,9.8,11.3,37200
DHB,2022-06-20,10.3,10.3,10.3,10.3,0
DHB,2022-06-21,10.3,10.3,10.3,10.3,0
DHB,2022-06-22,10.3,10.3,10.3,10.3,0
DHB,2022-06-23,10.3,10.3,10.3,10.3,0
DHB,2022-06-24,10.1,10.6,10.0,10.6,9000
DHB,2022-06-27,10.1,10.1,10.1,10.1,0
DHB,2022-06-28,10.1,10.1,10.1,10.1,0
DHB,2022-06-29,10.1,10.1,10.1,10.1,0
DHB,2022-06-30,10.1,10.1,10.1,10.1,0
DHB,2022-07-01,10.1,10.5,10.1,10.5,10100
DHB,2022-07-04,10.3,10.3,10.3,10.3,0
DHB,2022-07-05,10.3,10.3,10.3,10.3,0
DHB,2022-07-06,10.3,10.3,10.3,10.3,0
DHB,2022-07-07,10.3,10.3,10.3,10.3,0
DHB,2022-07-08,11.0,11.0,9.5,11.0,13700
DHB,2022-07-11,10.2,10.2,10.2,10.2,0
DHB,2022-07-12,10.2,10.2,10.2,10.2,0
DHB,2022-07-13,10.2,10.2,10.2,10.2,0
DHB,2022-07-14,10.2,10.2,10.2,10.2,0
DHB,2022-07-15,10.4,11.7,10.3,11.7,33200
DHB,2022-07-18,11.5,11.5,11.5,11.5,0
DHB,2022-07-19,11.5,11.5,11.5,11.5,0
DHB,2022-07-20,11.5,11.5,11.5,11.5,0
DHB,2022-07-21,11.5,11.5,11.5,11.5,0
DHB,2022-07-22,11.6,11.6,11.3,11.6,20530
DHB,2022-07-25,11.4,11.4,11.4,11.4,0
DHB,2022-07-26,11.4,11.4,11.4,11.4,0
DHB,2022-07-27,11.4,11.4,11.4,11.4,0
DHB,2022-07-28,11.4,11.4,11.4,11.4,0
DHB,2022-07-29,11.6,11.6,10.9,11.5,8000
DHB,2022-08-01,11.3,11.3,11.3,11.3,0
DHB,2022-08-02,11.3,11.3,11.3,11.3,0
DHB,2022-08-03,11.3,11.3,11.3,11.3,0
DHB,2022-08-04,11.3,11.3,11.3,11.3,0
DHB,2022-08-05,10.3,11.8,10.3,11.8,19300
DHB,2022-08-08,11.7,11.7,11.7,11.7,0
DHB,2022-08-09,11.7,11.7,11.7,11.7,0
DHB,2022-08-10,11.7,11.7,11.7,11.7,0
DHB,2022-08-11,11.7,11.7,11.7,11.7,0
DHB,2022-08-12,12.0,12.0,11.3,11.4,17000
DHB,2022-08-15,11.5,11.5,11.5,11.5,0
DHB,2022-08-16,11.5,11.5,11.5,11.5,0
DHB,2022-08-17,11.5,11.5,11.5,11.5,0
DHB,2022-08-18,11.5,11.5,11.5,11.5,0
DHB,2022-08-19,11.1,11.9,11.1,11.8,9900
DHB,2022-08-22,11.6,11.6,11.6,11.6,0
DHB,2022-08-23,11.6,11.6,11.6,11.6,0
DHB,2022-08-24,11.6,11.6,11.6,11.6,0
DHB,2022-08-25,11.6,11.6,11.6,11.6,0
DHB,2022-08-26,12.1,13.1,12.0,12.1,15000
DHB,2022-08-29,12.5,12.5,12.5,12.5,0
DHB,2022-08-30,12.5,12.5,12.5,12.5,0
DHB,2022-08-31,12.5,12.5,12.5,12.5,0
DHB,2022-09-05,12.5,12.5,12.5,12.5,0
DHB,2022-09-06,12.5,12.5,12.5,12.5,0
DHB,2022-09-07,12.5,12.5,12.5,12.5,0
DHB,2022-09-08,12.5,12.5,12.5,12.5,0
DHB,2022-09-09,12.5,12.5,11.5,12.5,27200
DHB,2022-09-12,12.1,12.1,12.1,12.1,0
DHB,2022-09-13,12.1,12.1,12.1,12.1,0
DHB,2022-09-14,12.1,12.1,12.1,12.1,0
DHB,2022-09-15,12.1,12.1,12.1,12.1,0
DHB,2022-09-16,12.1,12.5,12.1,12.4,7700
DHB,2022-09-19,12.5,12.5,12.5,12.5,0
DHB,2022-09-20,12.5,12.5,12.5,12.5,0
DHB,2022-09-21,12.5,12.5,12.5,12.5,0
DHB,2022-09-22,12.5,12.5,12.5,12.5,0
DHB,2022-09-23,12.4,12.6,11.6,12.5,18000
DHB,2022-09-26,12.4,12.4,12.4,12.4,0
DHB,2022-09-27,12.4,12.4,12.4,12.4,0
DHB,2022-09-28,12.4,12.4,12.4,12.4,0
DHB,2022-09-29,12.4,12.4,12.4,12.4,0
DHB,2022-09-30,12.5,12.5,12.5,12.5,2100
DHB,2022-10-03,12.5,12.5,12.5,12.5,0
DHB,2022-10-04,12.5,12.5,12.5,12.5,0
DHB,2022-10-05,12.5,12.5,12.5,12.5,0
DHB,2022-10-06,12.5,12.5,12.5,12.5,0
DHB,2022-10-07,12.5,12.5,12.5,12.5,0
DHB,2022-10-10,12.5,12.5,12.5,12.5,0
DHB,2022-10-11,12.5,12.5,12.5,12.5,0
DHB,2022-10-12,12.5,12.5,12.5,12.5,0
DHB,2022-10-13,12.5,12.5,12.5,12.5,0
DHB,2022-10-14,12.4,12.4,11.2,12.3,5101
DHB,2022-10-17,12.1,12.1,12.1,12.1,0
DHB,2022-10-18,12.1,12.1,12.1,12.1,0
DHB,2022-10-19,12.1,12.1,12.1,12.1,0
DHB,2022-10-20,12.1,12.1,12.1,12.1,0
DHB,2022-10-21,11.0,11.2,11.0,11.2,8900
DHB,2022-10-24,11.1,11.1,11.1,11.1,0
DHB,2022-10-25,11.1,11.1,11.1,11.1,0
DHB,2022-10-26,11.1,11.1,11.1,11.1,0
DHB,2022-10-27,11.1,11.1,11.1,11.1,0
DHB,2022-10-28,11.2,11.6,11.0,11.3,32400
DHB,2022-10-31,11.4,11.4,11.4,11.4,0
DHB,2022-11-01,11.4,11.4,11.4,11.4,0
DHB,2022-11-02,11.4,11.4,11.4,11.4,0
DHB,2022-11-03,11.4,11.4,11.4,11.4,0
DHB,2022-11-04,12.0,12.0,12.0,12.0,100
DHB,2022-11-07,12.0,12.0,12.0,12.0,0
DHB,2022-11-08,12.0,12.0,12.0,12.0,0
DHB,2022-11-09,12.0,12.0,12.0,12.0,0
DHB,2022-11-10,12.0,12.0,12.0,12.0,0
DHB,2022-11-11,11.0,12.0,10.5,11.0,20100
DHB,2022-11-14,11.0,11.0,11.0,11.0,0
DHB,2022-11-15,11.0,11.0,11.0,11.0,0
DHB,2022-11-16,11.0,11.0,11.0,11.0,0
DHB,2022-11-17,11.0,11.0,11.0,11.0,0
DHB,2022-11-18,10.0,10.4,10.0,10.3,8300
DHB,2022-11-21,10.2,10.2,10.2,10.2,0
DHB,2022-11-22,10.2,10.2,10.2,10.2,0
DHB,2022-11-23,10.2,10.2,10.2,10.2,0
DHB,2022-11-24,10.2,10.2,10.2,10.2,0
DHB,2022-11-25,10.5,10.5,10.4,10.4,400
DHB,2022-11-28,10.4,10.4,10.4,10.4,0
DHB,2022-11-29,10.4,10.4,10.4,10.4,0
DHB,2022-11-30,10.4,10.4,10.4,10.4,0
DHB,2022-12-01,10.4,10.4,10.4,10.4,0
DHB,2022-12-02,10.5,10.5,9.3,10.3,23700
DHB,2022-12-05,9.6,9.6,9.6,9.6,0
DHB,2022-12-06,9.6,9.6,9.6,9.6,0
DHB,2022-12-07,9.6,9.6,9.6,9.6,0
DHB,2022-12-08,9.6,9.6,9.6,9.6,0
DHB,2022-12-09,11.0,11.0,11.0,11.0,100
DHB,2022-12-12,11.0,11.0,11.0,11.0,0
DHB,2022-12-13,11.0,11.0,11.0,11.0,0
DHB,2022-12-14,11.0,11.0,11.0,11.0,0
DHB,2022-12-15,11.0,11.0,11.0,11.0,0
DHB,2022-12-16,12.6,12.6,9.6,10.9,900
DHB,2022-12-19,11.1,11.1,11.1,11.1,0
DHB,2022-12-20,11.1,11.1,11.1,11.1,0
DHB,2022-12-21,11.1,11.1,11.1,11.1,0
DHB,2022-12-22,11.1,11.1,11.1,11.1,0
DHB,2022-12-23,12.7,12.7,10.1,10.2,15000
DHB,2022-12-26,10.5,10.5,10.5,10.5,0
DHB,2022-12-27,10.5,10.5,10.5,10.5,0
DHB,2022-12-28,10.5,10.5,10.5,10.5,0
DHB,2022-12-29,10.5,10.5,10.5,10.5,0
DHB,2022-12-30,12.0,12.0,9.8,10.0,2700
DHB,2023-01-03,10.4,10.4,10.4,10.4,0
DHB,2023-01-04,10.4,10.4,10.4,10.4,0
DHB,2023-01-05,10.4,10.4,10.4,10.4,0
DHB,2023-01-06,11.6,11.6,11.6,11.6,100
DHB,2023-01-09,11.6,11.6,11.6,11.6,0
DHB,2023-01-10,11.6,11.6,11.6,11.6,0
DHB,2023-01-11,11.6,11.6,11.6,11.6,0
DHB,2023-01-12,11.6,11.6,11.6,11.6,0
DHB,2023-01-13,11.0,11.0,11.0,11.0,100
DHB,2023-01-16,11.0,11.0,11.0,11.0,0
DHB,2023-01-17,11.0,11.0,11.0,11.0,0
DHB,2023-01-18,11.0,11.0,11.0,11.0,0
DHB,2023-01-19,11.0,11.0,11.0,11.0,0
DHB,2023-01-27,10.0,10.4,9.4,9.4,17303
DHB,2023-01-30,9.5,9.5,9.5,9.5,0
DHB,2023-01-31,9.5,9.5,9.5,9.5,0
DHB,2023-02-01,9.5,9.5,9.5,9.5,0
DHB,2023-02-02,9.5,9.5,9.5,9.5,0
DHB,2023-02-03,9.4,9.4,8.9,8.9,28800
DHB,2023-02-06,8.9,8.9,8.9,8.9,0
DHB,2023-02-07,8.9,8.9,8.9,8.9,0
DHB,2023-02-08,8.9,8.9,8.9,8.9,0
DHB,2023-02-09,8.9,8.9,8.9,8.9,0
DHB,2023-02-10,8.3,9.3,8.0,9.2,25000
DHB,2023-02-13,8.3,8.3,8.3,8.3,0
DHB,2023-02-14,8.3,8.3,8.3,8.3,0
DHB,2023-02-15,8.3,8.3,8.3,8.3,0
DHB,2023-02-16,8.3,8.3,8.3,8.3,0
DHB,2023-02-17,8.9,9.5,8.9,8.9,2200
DHB,2023-02-20,9.1,9.1,9.1,9.1,0
DHB,2023-02-21,9.1,9.1,9.1,9.1,0
DHB,2023-02-22,9.1,9.1,9.1,9.1,0
DHB,2023-02-23,9.1,9.1,9.1,9.1,0
DHB,2023-02-24,8.8,8.8,8.8,8.8,1100
DHB,2023-02-27,8.8,8.8,8.8,8.8,0
DHB,2023-02-28,8.8,8.8,8.8,8.8,0
DHB,2023-03-01,8.8,8.8,8.8,8.8,0
DHB,2023-03-02,8.8,8.8,8.8,8.8,0
DHB,2023-03-03,10.1,10.1,10.1,10.1,1000
DHB,2023-03-06,10.1,10.1,10.1,10.1,0
DHB,2023-03-07,10.1,10.1,10.1,10.1,0
DHB,2023-03-08,10.1,10.1,10.1,10.1,0
DHB,2023-03-09,10.1,10.1,10.1,10.1,0
DHB,2023-03-10,11.4,11.4,8.7,8.7,6900
DHB,2023-03-13,8.8,8.8,8.8,8.8,0
DHB,2023-03-14,8.8,8.8,8.8,8.8,0
DHB,2023-03-15,8.8,8.8,8.8,8.8,0
DHB,2023-03-16,8.8,8.8,8.8,8.8,0
DHB,2023-03-17,10.0,10.0,7.7,8.0,21200
DHB,2023-03-20,8.1,8.1,8.1,8.1,0
DHB,2023-03-21,8.1,8.1,8.1,8.1,0
DHB,2023-03-22,8.1,8.1,8.1,8.1,0
DHB,2023-03-23,8.1,8.1,8.1,8.1,0
DHB,2023-03-24,6.9,8.9,6.9,8.0,7100
DHB,2023-03-27,7.7,7.7,7.7,7.7,0
DHB,2023-03-28,7.7,7.7,7.7,7.7,0
DHB,2023-03-29,7.7,7.7,7.7,7.7,0
DHB,2023-03-30,7.7,7.7,7.7,7.7,0
DHB,2023-03-31,8.8,8.8,7.8,7.9,7400
DHB,2023-04-03,8.0,8.0,8.0,8.0,0
DHB,2023-04-04,8.0,8.0,8.0,8.0,0
DHB,2023-04-05,8.0,8.0,8.0,8.0,0
DHB,2023-04-06,8.0,8.0,8.0,8.0,0
DHB,2023-04-07,9.2,9.2,6.9,7.8,4500
DHB,2023-04-10,7.5,7.5,7.5,7.5,0
DHB,2023-04-11,7.5,7.5,7.5,7.5,0
DHB,2023-04-12,7.5,7.5,7.5,7.5,0
DHB,2023-04-13,7.5,7.5,7.5,7.5,0
DHB,2023-04-14,8.6,8.6,7.5,7.7,30000
DHB,2023-04-17,8.0,8.0,8.0,8.0,0
DHB,2023-04-18,8.0,8.0,8.0,8.0,0
DHB,2023-04-19,8.0,8.0,8.0,8.0,0
DHB,2023-04-20,8.0,8.0,8.0,8.0,0
DHB,2023-04-21,9.0,9.0,7.1,8.3,6100
DHB,2023-04-24,7.7,7.7,7.7,7.7,0
DHB,2023-04-25,7.7,7.7,7.7,7.7,0
DHB,2023-04-26,7.7,7.7,7.7,7.7,0
DHB,2023-04-27,7.7,7.7,7.7,7.7,0
DHB,2023-04-28,8.1,8.7,8.1,8.7,600
DHB,2023-05-04,8.6,8.6,8.6,8.6,0
DHB,2023-05-05,9.0,9.0,9.0,9.0,300
DHB,2023-05-08,9.0,9.0,9.0,9.0,0
DHB,2023-05-09,9.0,9.0,9.0,9.0,0
DHB,2023-05-10,9.0,9.0,9.0,9.0,0
DHB,2023-05-11,9.0,9.0,9.0,9.0,0
DHB,2023-05-12,9.5,9.5,7.7,8.9,10722
DHB,2023-05-15,8.1,8.1,8.1,8.1,0
DHB,2023-05-16,8.1,8.1,8.1,8.1,0
DHB,2023-05-17,8.1,8.1,8.1,8.1,0
DHB,2023-05-18,8.1,8.1,8.1,8.1,0
DHB,2023-05-19,9.0,9.0,8.5,8.6,10601
DHB,2023-05-22,8.6,8.6,8.6,8.6,0
DHB,2023-05-23,8.6,8.6,8.6,8.6,0
DHB,2023-05-24,8.6,8.6,8.6,8.6,0
DHB,2023-05-25,8.6,8.6,8.6,8.6,0
DHB,2023-05-26,7.6,8.8,7.5,8.8,10600
DHB,2023-05-29,7.8,7.8,7.8,7.8,0
DHB,2023-05-30,7.8,7.8,7.8,7.8,0
DHB,2023-05-31,7.8,7.8,7.8,7.8,0
DHB,2023-06-01,7.8,7.8,7.8,7.8,0
DHB,2023-06-02,8.7,8.7,7.1,8.0,5821
DHB,2023-06-05,8.5,8.5,8.5,8.5,0
DHB,2023-06-06,8.5,8.5,8.5,8.5,0
DHB,2023-06-07,8.5,8.5,8.5,8.5,0
DHB,2023-06-08,8.5,8.5,8.5,8.5,0
DHB,2023-06-09,8.9,8.9,8.6,8.6,603
DHB,2023-06-12,8.9,8.9,8.9,8.9,0
DHB,2023-06-13,8.9,8.9,8.9,8.9,0
DHB,2023-06-14,8.9,8.9,8.9,8.9,0
DHB,2023-06-15,8.9,8.9,8.9,8.9,0
DHB,2023-06-16,7.8,8.1,7.8,7.8,23129
DHB,2023-06-19,7.9,7.9,7.9,7.9,0
DHB,2023-06-20,7.9,7.9,7.9,7.9,0
DHB,2023-06-21,7.9,7.9,7.9,7.9,0
DHB,2023-06-22,7.9,7.9,7.9,7.9,0
DHB,2023-06-23,7.6,8.3,7.6,8.0,3702
DHB,2023-06-26,7.9,7.9,7.9,7.9,0
DHB,2023-06-27,7.9,7.9,7.9,7.9,0
DHB,2023-06-28,7.9,7.9,7.9,7.9,0
DHB,2023-06-29,7.9,7.9,7.9,7.9,0
DHB,2023-06-30,7.9,8.0,7.3,7.9,12500
DHB,2023-07-03,7.7,7.7,7.7,7.7,0
DHB,2023-07-04,7.7,7.7,7.7,7.7,0
DHB,2023-07-05,7.7,7.7,7.7,7.7,0
DHB,2023-07-06,7.7,7.7,7.7,7.7,0
DHB,2023-07-07,8.6,8.7,7.7,7.9,15807
DHB,2023-07-10,8.0,8.0,8.0,8.0,0
DHB,2023-07-11,8.0,8.0,8.0,8.0,0
DHB,2023-07-12,8.0,8.0,8.0,8.0,0
DHB,2023-07-13,8.0,8.0,8.0,8.0,0
DHB,2023-07-14,8.0,8.1,7.2,8.1,4214
DHB,2023-07-17,8.0,8.0,8.0,8.0,0
DHB,2023-07-18,8.0,8.0,8.0,8.0,0
DHB,2023-07-19,8.0,8.0,8.0,8.0,0
DHB,2023-07-20,8.0,8.0,8.0,8.0,0
DHB,2023-07-21,8.5,8.5,8.0,8.0,9301
DHB,2023-07-24,8.2,8.2,8.2,8.2,0
DHB,2023-07-25,8.2,8.2,8.2,8.2,0
DHB,2023-07-26,8.2,8.2,8.2,8.2,0
DHB,2023-07-27,8.2,8.2,8.2,8.2,0
DHB,2023-07-28,8.5,8.5,8.2,8.2,1180
DHB,2023-07-31,8.4,8.4,8.4,8.4,0
DHB,2023-08-01,8.4,8.4,8.4,8.4,0
DHB,2023-08-02,8.4,8.4,8.4,8.4,0
DHB,2023-08-03,8.4,8.4,8.4,8.4,0
DHB,2023-08-04,8.5,8.6,8.5,8.6,14870
DHB,2023-08-07,8.5,8.5,8.5,8.5,0
DHB,2023-08-08,8.5,8.5,8.5,8.5,0
DHB,2023-08-09,8.5,8.5,8.5,8.5,0
DHB,2023-08-10,8.5,8.5,8.5,8.5,0
DHB,2023-08-11,8.6,8.8,8.6,8.7,10002
DHB,2023-08-14,8.7,8.7,8.7,8.7,0
DHB,2023-08-15,8.7,8.7,8.7,8.7,0
DHB,2023-08-16,8.7,8.7,8.7,8.7,0
DHB,2023-08-17,8.7,8.7,8.7,8.7,0
DHB,2023-08-18,8.7,8.8,8.0,8.8,5600
DHB,2023-08-21,8.5,8.5,8.5,8.5,0
DHB,2023-08-22,8.5,8.5,8.5,8.5,0
DHB,2023-08-23,8.5,8.5,8.5,8.5,0
DHB,2023-08-24,8.5,8.5,8.5,8.5,0
DHB,2023-08-25,8.8,8.8,7.4,8.7,1100
DHB,2023-08-28,8.6,8.6,8.6,8.6,0
DHB,2023-08-29,8.6,8.6,8.6,8.6,0
DHB,2023-08-30,8.6,8.6,8.6,8.6,0
DHB,2023-08-31,8.6,8.6,8.6,8.6,0
DHB,2023-09-05,8.6,8.6,8.6,8.6,0
DHB,2023-09-06,8.6,8.6,8.6,8.6,0
DHB,2023-09-07,8.6,8.6,8.6,8.6,0
DHB,2023-09-08,8.5,9.8,8.5,9.8,139679
DHB,2023-09-11,9.7,9.7,9.7,9.7,0
DHB,2023-09-12,9.7,9.7,9.7,9.7,0
DHB,2023-09-13,9.7,9.7,9.7,9.7,0
DHB,2023-09-14,9.7,9.7,9.7,9.7,0
DHB,2023-09-15,8.4,8.5,8.3,8.3,43400
DHB,2023-09-18,8.3,8.3,8.3,8.3,0
DHB,2023-09-19,8.3,8.3,8.3,8.3,0
DHB,2023-09-20,8.3,8.3,8.3,8.3,0
DHB,2023-09-21,8.3,8.3,8.3,8.3,0
DHB,2023-09-22,8.1,8.1,7.1,7.5,42412
DHB,2023-09-25,7.3,7.3,7.3,7.3,0
DHB,2023-09-26,7.3,7.3,7.3,7.3,0
DHB,2023-09-27,7.3,7.3,7.3,7.3,0
DHB,2023-09-28,7.3,7.3,7.3,7.3,0
DHB,2023-09-29,7.4,7.8,7.3,7.8,4700
DHB,2023-10-02,7.6,7.6,7.6,7.6,0
DHB,2023-10-03,7.6,7.6,7.6,7.6,0
DHB,2023-10-04,7.6,7.6,7.6,7.6,0
DHB,2023-10-05,7.6,7.6,7.6,7.6,0
DHB,2023-10-06,7.6,7.6,7.6,7.6,600
DHB,2023-10-09,7.6,7.6,7.6,7.6,0
DHB,2023-10-10,7.6,7.6,7.6,7.6,0
DHB,2023-10-11,7.6,7.6,7.6,7.6,0
DHB,2023-10-12,7.6,7.6,7.6,7.6,0
DHB,2023-10-13,7.5,8.0,7.2,7.4,9630
DHB,2023-10-16,7.5,7.5,7.5,7.5,0
DHB,2023-10-17,7.5,7.5,7.5,7.5,0
DHB,2023-10-18,7.5,7.5,7.5,7.5,0
DHB,2023-10-19,7.5,7.5,7.5,7.5,0
DHB,2023-10-20,7.9,7.9,6.5,7.2,6435
DHB,2023-10-23,7.0,7.0,7.0,7.0,0
DHB,2023-10-24,7.0,7.0,7.0,7.0,0
DHB,2023-10-25,7.0,7.0,7.0,7.0,0
DHB,2023-10-26,7.0,7.0,7.0,7.0,0
DHB,2023-10-27,7.2,7.2,6.3,7.0,2714
DHB,2023-10-30,7.0,7.0,7.0,7.0,0
DHB,2023-10-31,7.0,7.0,7.0,7.0,0
DHB,2023-11-01,7.0,7.0,7.0,7.0,0
DHB,2023-11-02,7.0,7.0,7.0,7.0,0
DHB,2023-11-03,7.8,7.8,7.0,7.0,1300
DHB,2023-11-06,7.4,7.4,7.4,7.4,0
DHB,2023-11-07,7.4,7.4,7.4,7.4,0
DHB,2023-11-08,7.4,7.4,7.4,7.4,0
DHB,2023-11-09,7.4,7.4,7.4,7.4,0
DHB,2023-11-10,7.6,7.6,6.7,7.0,20649
DHB,2023-11-13,7.1,7.1,7.1,7.1,0
DHB,2023-11-14,7.1,7.1,7.1,7.1,0
DHB,2023-11-15,7.1,7.1,7.1,7.1,0
DHB,2023-11-16,7.1,7.1,7.1,7.1,0
DHB,2023-11-17,7.1,7.7,6.9,6.9,15100
DHB,2023-11-20,7.0,7.0,7.0,7.0,0
DHB,2023-11-21,7.0,7.0,7.0,7.0,0
DHB,2023-11-22,7.0,7.0,7.0,7.0,0
DHB,2023-11-23,7.0,7.0,7.0,7.0,0
DHB,2023-11-24,7.2,7.2,6.6,7.0,2100
DHB,2023-11-27,7.0,7.0,7.0,7.0,0
DHB,2023-11-28,7.0,7.0,7.0,7.0,0
DHB,2023-11-29,7.0,7.0,7.0,7.0,0
DHB,2023-11-30,7.0,7.0,7.0,7.0,0
DHB,2023-12-01,7.2,7.2,6.5,6.5,4000
DHB,2023-12-04,6.7,6.7,6.7,6.7,0
DHB,2023-12-05,6.7,6.7,6.7,6.7,0
DHB,2023-12-06,6.7,6.7,6.7,6.7,0
DHB,2023-12-07,6.7,6.7,6.7,6.7,0
DHB,2023-12-08,7.0,7.1,6.8,7.1,13100
DHB,2023-12-11,7.1,7.1,7.1,7.1,0
DHB,2023-12-12,7.1,7.1,7.1,7.1,0
DHB,2023-12-13,7.1,7.1,7.1,7.1,0
DHB,2023-12-14,7.1,7.1,7.1,7.1,0
DHB,2023-12-15,7.1,8.1,7.1,8.1,51800
DHB,2023-12-18,7.9,7.9,7.9,7.9,0
DHB,2023-12-19,7.9,7.9,7.9,7.9,0
DHB,2023-12-20,7.9,7.9,7.9,7.9,0
DHB,2023-12-21,7.9,7.9,7.9,7.9,0
DHB,2023-12-22,7.9,8.9,7.9,8.9,17400
DHB,2023-12-25,8.8,8.8,8.8,8.8,0
DHB,2023-12-26,8.8,8.8,8.8,8.8,0
DHB,2023-12-27,8.8,8.8,8.8,8.8,0
DHB,2023-12-28,8.8,8.8,8.8,8.8,0
DHB,2023-12-29,9.1,10.1,9.1,10.0,42900
DHB,2024-01-02,9.9,9.9,9.9,9.9,0
DHB,2024-01-03,9.9,9.9,9.9,9.9,0
DHB,2024-01-04,9.9,9.9,9.9,9.9,0
DHB,2024-01-05,10.0,10.0,9.8,9.9,46200
DHB,2024-01-08,9.9,9.9,9.9,9.9,0
DHB,2024-01-09,9.9,9.9,9.9,9.9,0
DHB,2024-01-10,9.9,9.9,9.9,9.9,0
DHB,2024-01-11,9.9,9.9,9.9,9.9,0
DHB,2024-01-12,10.5,10.5,9.3,9.8,8603
DHB,2024-01-15,9.8,9.8,9.8,9.8,0
DHB,2024-01-16,9.8,9.8,9.8,9.8,0
DHB,2024-01-17,9.8,9.8,9.8,9.8,0
DHB,2024-01-18,9.8,9.8,9.8,9.8,0
DHB,2024-01-19,9.7,9.8,9.7,9.8,21801
DHB,2024-01-22,9.7,9.7,9.7,9.7,0
DHB,2024-01-23,9.7,9.7,9.7,9.7,0
DHB,2024-01-24,9.7,9.7,9.7,9.7,0
DHB,2024-01-25,9.7,9.7,9.7,9.7,0
DHB,2024-01-26,10.9,10.9,9.0,9.5,5420
DHB,2024-01-29,9.8,9.8,9.8,9.8,0
DHB,2024-01-30,9.8,9.8,9.8,9.8,0
DHB,2024-01-31,9.8,9.8,9.8,9.8,0
DHB,2024-02-01,9.8,9.8,9.8,9.8,0
DHB,2024-02-02,10.9,10.9,8.7,8.7,733
DHB,2024-02-05,10.5,10.5,10.5,10.5,0
DHB,2024-02-06,10.5,10.5,10.5,10.5,0
DHB,2024-02-07,10.5,10.5,10.5,10.5,0
DHB,2024-02-15,10.5,10.5,10.5,10.5,0
DHB,2024-02-16,9.8,10.7,9.0,9.9,58900
DHB,2024-02-19,9.0,9.0,9.0,9.0,0
DHB,2024-02-20,9.0,9.0,9.0,9.0,0
DHB,2024-02-21,9.0,9.0,9.0,9.0,0
DHB,2024-02-22,9.0,9.0,9.0,9.0,0
DHB,2024-02-23,8.9,9.4,8.8,9.2,19300
DHB,2024-02-26,9.0,9.0,9.0,9.0,0
DHB,2024-02-27,9.0,9.0,9.0,9.0,0
DHB,2024-02-28,9.0,9.0,9.0,9.0,0
DHB,2024-02-29,9.0,9.0,9.0,9.0,0
DHB,2024-03-01,9.5,9.5,9.0,9.1,12400
DHB,2024-03-04,9.1,9.1,9.1,9.1,0
DHB,2024-03-05,9.1,9.1,9.1,9.1,0
DHB,2024-03-06,9.1,9.1,9.1,9.1,0
DHB,2024-03-07,9.1,9.1,9.1,9.1,0
DHB,2024-03-08,9.1,9.1,8.8,9.1,3503
DHB,2024-03-11,9.0,9.0,9.0,9.0,0
DHB,2024-03-12,9.0,9.0,9.0,9.0,0
DHB,2024-03-13,9.0,9.0,9.0,9.0,0
DHB,2024-03-14,9.0,9.0,9.0,9.0,0
DHB,2024-03-15,9.8,9.9,8.9,9.3,40000
DHB,2024-03-18,9.2,9.2,9.2,9.2,0
DHB,2024-03-19,9.2,9.2,9.2,9.2,0
DHB,2024-03-20,9.2,9.2,9.2,9.2,0
DHB,2024-03-21,9.2,9.2,9.2,9.2,0
DHB,2024-03-22,10.5,10.5,10.5,10.5,439834
DHB,2024-03-25,12.0,12.0,12.0,12.0,149804
DHB,2024-03-26,13.8,13.8,12.3,13.8,421802
DHB,2024-03-27,13.9,13.9,12.4,12.5,131100
DHB,2024-03-28,12.8,12.8,11.3,12.0,107281
DHB,2024-03-29,11.5,11.5,11.0,11.1,44500
DHB,2024-04-01,10.3,11.3,10.3,11.0,47700
DHB,2024-04-02,10.9,11.0,10.5,10.7,36600
DHB,2024-04-03,10.7,11.5,10.5,11.0,36033
DHB,2024-04-04,10.6,10.8,10.0,10.0,53200
DHB,2024-04-05,10.1,10.3,9.7,9.8,34600
DHB,2024-04-08,9.9,10.0,9.7,9.9,11300
DHB,2024-04-09,9.9,9.9,9.5,9.7,18201
DHB,2024-04-10,9.7,9.7,9.1,9.1,42500
DHB,2024-04-11,9.1,9.3,9.1,9.3,34000
DHB,2024-04-12,9.3,10.2,9.3,9.8,18800
DHB,2024-04-15,9.7,9.7,9.1,9.1,20901
DHB,2024-04-16,9.2,9.3,8.9,9.3,25800
DHB,2024-04-17,9.3,9.4,9.1,9.1,8201
DHB,2024-04-19,9.1,9.3,8.4,8.5,16000
DHB,2024-04-22,9.0,9.0,8.7,8.7,5400
DHB,2024-04-23,10.1,10.1,9.5,9.6,900
DHB,2024-04-24,9.0,9.9,8.9,9.1,10000
DHB,2024-04-25,9.0,9.0,8.6,9.0,1400
DHB,2024-04-26,8.6,9.2,8.6,9.0,1600
DHB,2024-05-02,8.8,8.9,8.6,8.9,3300
DHB,2024-05-03,8.7,9.2,8.6,9.0,26800
DHB,2024-05-06,8.8,8.9,8.7,8.9,8200
DHB,2024-05-07,8.2,8.7,7.6,8.3,24600
DHB,2024-05-08,8.6,8.6,8.3,8.4,2625
DHB,2024-05-09,8.6,8.6,8.2,8.4,18300
DHB,2024-05-10,8.4,8.4,8.3,8.3,6800
DHB,2024-05-13,8.3,8.6,8.3,8.4,35700
DHB,2024-05-14,8.5,8.7,8.5,8.6,24100
DHB,2024-05-15,8.6,8.8,8.6,8.7,13504
DHB,2024-05-16,8.7,8.9,8.7,8.9,4900
DHB,2024-05-17,8.9,9.5,8.9,9.2,9600
DHB,2024-05-20,9.1,9.7,9.0,9.0,8504
DHB,2024-05-21,9.1,9.5,9.1,9.4,9900
DHB,2024-05-22,9.5,9.6,9.2,9.5,22400
DHB,2024-05-23,9.3,10.1,9.2,10.1,31225
DHB,2024-05-24,10.1,10.1,8.7,9.5,13705
DHB,2024-05-27,8.8,9.8,8.8,9.3,7600
DHB,2024-05-28,8.9,9.3,8.6,9.0,21100
DHB,2024-05-29,8.9,9.3,8.9,9.2,10104
DHB,2024-05-30,9.3,9.3,9.0,9.0,6500
DHB,2024-05-31,9.0,9.3,9.0,9.3,13500
DHB,2024-06-03,9.3,9.8,9.3,9.8,33624
DHB,2024-06-04,9.9,9.9,9.6,9.8,5501
DHB,2024-06-05,9.8,9.8,9.5,9.5,18900
DHB,2024-06-06,9.8,10.9,9.8,10.0,19600
DHB,2024-06-07,10.4,11.5,10.1,10.5,210499
DHB,2024-06-10,10.1,10.5,10.1,10.3,36202
DHB,2024-06-11,10.1,10.2,9.9,10.1,39100
DHB,2024-06-12,9.9,10.1,9.8,10.0,12820
DHB,2024-06-13,10.0,10.0,9.7,9.7,14912
DHB,2024-06-14,9.7,9.7,9.5,9.5,30363
DHB,2024-06-17,9.4,9.5,9.4,9.4,10100
DHB,2024-06-18,9.5,9.6,9.1,9.6,82606
DHB,2024-06-19,9.3,10.1,9.3,10.0,23303
DHB,2024-06-20,10.0,10.0,9.7,9.9,32700
DHB,2024-06-21,9.8,10.9,9.8,10.6,98245
DHB,2024-06-24,10.7,11.6,10.6,11.0,122672
DHB,2024-06-25,11.6,11.6,10.5,11.1,74551
DHB,2024-06-26,10.8,11.1,9.6,10.5,50400
DHB,2024-06-27,11.0,11.0,10.5,10.7,7520
DHB,2024-06-28,10.6,10.6,10.0,10.1,32204
DHB,2024-07-01,10.2,10.4,10.0,10.4,12407
DHB,2024-07-02,10.1,10.4,10.0,10.4,25201
DHB,2024-07-03,10.4,10.5,10.1,10.2,12160
DHB,2024-07-04,10.4,10.5,10.2,10.2,6341
DHB,2024-07-05,10.2,10.4,10.1,10.2,19450
DHB,2024-07-08,10.8,11.6,10.6,11.6,188201
DHB,2024-07-09,12.5,12.8,11.8,12.8,145130
DHB,2024-07-10,13.2,14.6,12.2,13.1,379516
DHB,2024-07-11,12.8,12.8,12.0,12.2,99006
DHB,2024-07-12,12.3,12.3,11.5,12.0,54349
DHB,2024-07-15,12.2,12.2,11.8,11.9,18250
DHB,2024-07-16,11.7,12.0,11.3,11.5,44502
DHB,2024-07-17,11.0,11.5,10.8,10.9,59556
DHB,2024-07-18,10.8,11.1,10.2,10.7,29002
DHB,2024-07-19,10.5,10.7,10.5,10.5,23035
DHB,2024-07-22,10.5,10.5,9.9,10.0,40200
DHB,2024-07-23,10.0,10.3,9.5,9.5,31802
DHB,2024-07-24,9.6,10.0,9.3,10.0,28203
DHB,2024-07-25,9.5,9.8,9.5,9.6,22055
DHB,2024-07-26,9.6,10.5,9.6,9.9,16000
DHB,2024-07-29,9.7,10.0,9.7,10.0,17000
DHB,2024-07-30,10.2,10.2,9.8,9.8,15900
DHB,2024-07-31,9.7,9.9,9.5,9.5,41700
DHB,2024-08-01,9.9,9.9,9.4,9.7,48200
DHB,2024-08-02,9.4,9.5,9.4,9.5,16500
DHB,2024-08-05,9.3,9.3,9.0,9.0,34500
DHB,2024-08-06,9.1,9.5,8.9,9.0,7900
DHB,2024-08-07,9.0,9.2,8.6,8.9,36700
DHB,2024-08-08,8.7,8.9,8.6,8.7,8900
DHB,2024-08-09,8.7,8.8,8.7,8.8,3300
DHB,2024-08-12,8.9,8.9,8.9,8.9,900
DHB,2024-08-13,8.8,9.1,8.8,9.1,11500
DHB,2024-08-14,9.1,9.1,8.6,9.1,5100
DHB,2024-08-15,9.2,9.2,8.9,8.9,2500
DHB,2024-08-16,8.6,9.3,8.6,9.3,22000
DHB,2024-08-19,8.9,9.2,8.9,9.2,3400
DHB,2024-08-20,9.1,9.1,8.9,9.0,7000
DHB,2024-08-21,9.1,9.2,9.1,9.1,5700
DHB,2024-08-22,9.1,9.2,9.1,9.1,5100
DHB,2024-08-23,9.1,9.1,8.8,9.1,17800
DHB,2024-08-26,9.1,9.1,9.0,9.0,3200
DHB,2024-08-27,9.0,9.0,8.7,8.8,14100
DHB,2024-08-28,9.0,9.9,9.0,9.0,6300
DHB,2024-08-29,9.1,9.1,9.0,9.0,1600
DHB,2024-08-30,9.0,9.1,8.9,9.0,4300
DHB,2024-09-04,7.7,9.0,7.7,8.7,22100
DHB,2024-09-05,8.7,8.8,8.7,8.7,6100
DHB,2024-09-06,8.8,8.8,8.6,8.6,17400
DHB,2024-09-09,8.6,8.9,8.5,8.9,9700
DHB,2024-09-10,8.6,8.9,8.6,8.9,2000
DHB,2024-09-11,8.6,8.9,8.6,8.9,900
DHB,2024-09-12,8.7,9.0,8.7,9.0,4500
DHB,2024-09-13,8.9,9.1,8.9,8.9,2400
DHB,2024-09-16,8.8,8.8,8.7,8.7,2100
DHB,2024-09-17,8.7,8.8,8.6,8.7,3200
DHB,2024-09-18,9.0,9.5,8.8,8.8,14000
DHB,2024-09-19,9.0,9.0,8.4,8.6,40900
DHB,2024-09-20,8.7,8.7,8.7,8.7,1600
DHB,2024-09-23,8.6,8.6,8.6,8.6,5000
DHB,2024-09-24,8.6,8.7,8.4,8.7,4500
DHB,2024-09-25,8.6,8.6,8.6,8.6,7700
DHB,2024-09-26,8.7,8.8,8.6,8.8,6100
DHB,2024-09-27,8.8,8.8,8.8,8.8,300
DHB,2024-09-30,8.6,8.9,8.6,8.9,11300
DHB,2024-10-01,8.9,8.9,8.9,8.9,11700
DHB,2024-10-02,8.9,8.9,8.9,8.9,300
DHB,2024-10-03,8.9,9.0,8.6,8.7,6400
DHB,2024-10-04,8.9,8.9,8.7,8.7,600
DHB,2024-10-07,8.7,8.8,8.6,8.7,3500
DHB,2024-10-08,8.6,8.6,8.5,8.5,800
DHB,2024-10-09,8.7,8.7,8.5,8.6,7900
DHB,2024-10-10,8.6,8.6,8.5,8.6,13700
DHB,2024-10-11,8.5,8.5,8.4,8.4,20100
DHB,2024-10-14,8.4,8.5,8.3,8.4,5400
DHB,2024-10-15,8.4,8.4,8.4,8.4,2300
DHB,2024-10-16,8.3,8.3,8.3,8.3,4500
DHB,2024-10-17,8.2,8.3,8.1,8.3,8500
DHB,2024-10-18,8.2,8.2,8.2,8.2,400
DHB,2024-10-21,8.2,8.2,8.1,8.1,1000
DHB,2024-10-22,8.5,8.5,8.2,8.3,9700
DHB,2024-10-23,8.3,8.3,8.3,8.3,2200
DHB,2024-10-24,8.4,8.4,8.3,8.3,7100
DHB,2024-10-25,8.2,8.2,8.2,8.2,5600
DHB,2024-10-28,8.3,8.3,8.3,8.3,800
DHB,2024-10-29,8.3,8.3,8.3,8.3,11600
DHB,2024-10-30,8.3,8.3,8.3,8.3,6000
DHB,2024-10-31,8.3,8.4,8.3,8.4,9600
DHB,2024-11-01,8.5,8.5,8.5,8.5,100
DHB,2024-11-04,8.5,8.5,8.3,8.3,7500
DHB,2024-11-05,8.4,8.4,8.3,8.3,1400
DHB,2024-11-06,8.3,8.4,8.2,8.4,4800
DHB,2024-11-07,8.2,8.3,7.8,8.0,18300
DHB,2024-11-08,8.4,8.4,8.3,8.3,600
DHB,2024-11-11,8.0,8.2,8.0,8.2,17000
DHB,2024-11-12,8.3,8.3,8.3,8.3,100
DHB,2024-11-13,8.1,8.3,8.1,8.3,3900
DHB,2024-11-14,8.2,8.2,8.2,8.2,20200
DHB,2024-11-15,8.2,8.2,8.0,8.1,5400
DHB,2024-11-18,8.0,8.0,7.9,8.0,10500
DHB,2024-11-19,8.0,8.0,8.0,8.0,7000
DHB,2024-11-20,8.0,8.2,8.0,8.0,10800
DHB,2024-11-21,8.0,8.1,7.9,8.1,14500
DHB,2024-11-22,8.0,8.1,8.0,8.0,6700
DHB,2024-11-25,8.1,8.3,8.1,8.3,13500
DHB,2024-11-26,8.3,8.8,8.3,8.8,40300
DHB,2024-11-27,9.0,9.0,8.5,8.7,22600
DHB,2024-11-28,8.5,8.5,8.3,8.3,10300
DHB,2024-11-29,8.7,8.7,8.7,8.7,200
DHB,2024-12-02,8.7,8.7,8.5,8.6,18500
DHB,2024-12-03,8.6,8.6,8.5,8.6,4800
DHB,2024-12-04,8.5,8.6,8.4,8.6,6300
DHB,2024-12-05,8.3,8.5,8.2,8.5,14800
DHB,2024-12-06,8.5,8.7,8.5,8.5,5200
DHB,2024-12-09,8.4,8.6,8.4,8.6,13400
DHB,2024-12-10,8.7,8.7,8.5,8.6,15800
DHB,2024-12-11,8.6,8.6,8.4,8.6,13600
DHB,2024-12-12,8.5,8.7,8.5,8.7,17700
DHB,2024-12-13,8.6,8.7,8.6,8.6,10500
DHB,2024-12-16,8.6,8.7,8.5,8.7,2600
DHB,2024-12-17,8.7,8.7,8.5,8.7,10700
DHB,2024-12-18,8.7,8.8,8.6,8.8,17200
DHB,2024-12-19,8.9,8.9,8.7,8.8,15000
DHB,2024-12-20,8.7,8.7,8.7,8.7,600
DHB,2024-12-23,8.6,8.9,8.6,8.9,22000
DHB,2024-12-24,8.7,10.1,8.7,10.1,130500
DHB,2024-12-25,10.1,11.2,10.1,10.7,72900
DHB,2024-12-26,10.7,10.7,9.3,9.4,44900
DHB,2024-12-27,9.3,9.6,8.8,9.6,42700
DHB,2024-12-30,9.0,9.5,8.9,9.2,8300
DHB,2024-12-31,9.1,9.1,8.9,9.0,7200
DHB,2025-01-02,8.9,9.1,8.8,9.1,14000
DHB,2025-01-03,9.0,9.0,8.9,9.0,9600
DHB,2025-01-06,9.2,9.2,8.8,8.8,7300
DHB,2025-01-07,8.8,8.9,8.8,8.9,5900
DHB,2025-01-08,8.8,9.0,8.8,9.0,1100
DHB,2025-01-09,9.0,9.1,8.9,8.9,5900
DHB,2025-01-10,8.9,9.0,8.8,8.8,7200
DHB,2025-01-13,8.8,8.8,8.7,8.8,3600
DHB,2025-01-14,9.0,9.0,8.8,8.8,900
DHB,2025-01-15,9.0,9.0,8.9,8.9,400
DHB,2025-01-16,9.0,9.0,8.8,8.9,2100
DHB,2025-01-17,9.0,9.0,8.9,9.0,400
DHB,2025-01-20,8.8,9.0,8.0,8.8,11200
DHB,2025-01-21,8.7,8.8,8.5,8.6,5300
DHB,2025-01-22,8.5,8.7,8.5,8.7,2100
DHB,2025-01-23,8.7,8.8,8.5,8.6,10800
DHB,2025-01-24,8.7,8.9,8.7,8.7,10200
DHB,2025-02-03,8.7,8.9,8.5,8.8,39700
DHB,2025-02-04,8.6,9.2,8.6,8.8,14000
DHB,2025-02-05,9.0,9.1,9.0,9.0,9800
DHB,2025-02-06,8.5,9.2,8.5,9.1,9700
DHB,2025-02-07,9.1,9.2,9.1,9.2,12100
DHB,2025-02-10,9.2,9.2,9.1,9.2,12300
DHB,2025-02-11,9.2,9.5,9.2,9.4,27700
DHB,2025-02-12,9.6,9.6,9.4,9.4,6300
DHB,2025-02-13,9.4,10.5,9.4,10.1,96000
DHB,2025-02-14,10.4,10.7,10.0,10.0,109100
DHB,2025-02-17,10.0,10.7,10.0,10.4,144400
DHB,2025-02-18,10.5,10.6,10.2,10.3,51900
DHB,2025-02-19,10.3,10.5,10.2,10.3,32100
DHB,2025-02-20,10.4,10.4,9.9,9.9,29100
DHB,2025-02-21,10.0,10.1,10.0,10.0,29600
DHB,2025-02-24,9.9,10.1,9.9,10.1,46500
DHB,2025-02-25,10.1,10.4,10.1,10.3,35400
DHB,2025-02-26,10.3,10.9,10.3,10.5,79900
DHB,2025-02-27,10.6,10.6,10.4,10.4,16000
DHB,2025-02-28,10.6,10.6,10.2,10.4,12800
DHB,2025-03-03,10.3,10.3,10.3,10.3,10400
DHB,2025-03-04,10.2,10.3,10.0,10.3,63000
DHB,2025-03-05,10.2,10.2,10.1,10.2,6800
DHB,2025-03-06,10.2,10.4,9.9,10.0,35900
DHB,2025-03-07,10.1,10.4,10.0,10.0,8600
DHB,2025-03-10,9.9,10.0,9.8,10.0,6500
DHB,2025-03-11,10.0,10.1,10.0,10.0,13600
DHB,2025-03-12,8.5,10.0,8.5,9.9,30100
DHB,2025-03-13,9.7,9.9,9.7,9.9,13700
DHB,2025-03-14,9.8,9.8,9.5,9.7,9400
DHB,2025-03-17,9.7,9.7,9.6,9.6,3600
DHB,2025-03-18,9.5,9.6,9.5,9.6,23200
DHB,2025-03-19,9.5,9.5,9.2,9.4,4500
DHB,2025-03-20,9.4,9.7,9.4,9.7,1300
DHB,2025-03-21,9.5,9.6,9.2,9.4,5900
DHB,2025-03-24,9.1,9.3,9.1,9.3,12100
DHB,2025-03-25,9.2,9.3,9.2,9.3,3700
DHB,2025-03-26,9.4,9.4,9.2,9.3,3700
DHB,2025-03-27,9.2,9.4,9.2,9.4,9400
DHB,2025-03-28,9.3,9.3,9.2,9.3,4700
DHB,2025-03-31,9.2,9.2,8.9,9.1,8300
DHB,2025-04-01,9.0,9.1,8.8,9.0,29100
DHB,2025-04-02,9.2,9.2,9.0,9.0,22300
DHB,2025-04-03,8.6,9.0,8.4,8.5,115600
DHB,2025-04-04,8.3,8.3,7.5,8.3,44500
DHB,2025-04-08,7.8,7.8,7.1,7.3,20100
DHB,2025-04-09,7.3,7.3,6.3,7.1,37700
DHB,2025-04-10,7.9,7.9,7.9,7.9,8900
DHB,2025-04-11,8.0,9.0,8.0,8.7,23000
DHB,2025-04-14,8.8,8.8,8.3,8.6,9200
DHB,2025-04-15,8.8,8.8,8.5,8.5,5300
DHB,2025-04-16,8.3,8.5,8.3,8.4,5600
DHB,2025-04-17,8.4,8.4,8.4,8.4,6000
DHB,2025-04-18,8.4,8.4,8.3,8.4,33900
DHB,2025-04-21,8.3,8.7,8.3,8.6,6200
DHB,2025-04-22,8.9,8.9,8.1,8.4,11600
DHB,2025-04-23,8.5,8.6,8.5,8.5,1600
DHB,2025-04-24,8.5,8.6,8.5,8.5,10400
DHB,2025-04-25,8.6,8.8,8.5,8.7,900
DHB,2025-04-28,8.6,8.7,8.6,8.7,700
DHB,2025-04-29,8.4,8.8,8.4,8.8,2500
DHB,2025-05-05,8.8,9.0,8.6,8.9,2800
DHB,2025-05-06,8.9,9.1,8.9,9.0,16500
DHB,2025-05-07,9.3,9.3,9.0,9.1,21900
DHB,2025-05-08,9.2,9.2,8.9,9.0,3200
DHB,2025-05-09,8.9,8.9,8.5,8.5,25200
DHB,2025-05-12,8.9,9.0,8.9,9.0,7000
DHB,2025-05-13,9.1,9.1,9.0,9.0,4600
DHB,2025-05-14,9.0,9.1,8.9,9.1,2900
DHB,2025-05-15,9.1,9.1,9.0,9.0,5400
DHB,2025-05-16,9.0,9.2,9.0,9.1,12900
DHB,2025-05-19,9.0,9.2,9.0,9.0,3700
DHB,2025-05-20,9.2,9.2,9.0,9.0,4000
DHB,2025-05-21,9.1,9.1,9.0,9.0,300
DHB,2025-05-22,8.9,9.0,8.8,9.0,11200
DHB,2025-05-23,9.0,9.0,8.9,8.9,1600
DHB,2025-05-26,9.0,9.0,8.5,8.9,4000
DHB,2025-05-27,8.8,9.2,8.8,9.2,30900
DHB,2025-05-28,9.1,9.2,9.1,9.2,21400
DHB,2025-05-29,9.2,9.3,8.9,9.2,4200
DHB,2025-05-30,9.0,9.1,9.0,9.1,2400
DHB,2025-06-02,9.2,9.2,9.0,9.1,3700
DHB,2025-06-03,9.2,9.2,9.0,9.1,1700
DHB,2025-06-04,9.0,9.1,9.0,9.1,7300
DHB,2025-06-05,9.0,9.0,9.0,9.0,2400
DHB,2025-06-06,9.0,9.0,8.9,8.9,11300
DHB,2025-06-09,9.0,9.0,9.0,9.0,5300
DHB,2025-06-10,9.0,9.1,9.0,9.1,6200
DHB,2025-06-11,9.0,9.1,9.0,9.0,14100
DHB,2025-06-12,9.0,9.0,9.0,9.0,9500
DHB,2025-06-16,8.7,9.1,8.7,9.1,9000
DHB,2025-06-17,9.1,9.3,9.1,9.3,14100
DHB,2025-06-18,9.2,9.3,9.2,9.2,10000
DHB,2025-06-19,9.1,9.3,9.1,9.3,10400
DHB,2025-06-20,9.3,9.3,9.2,9.2,1800
DHB,2025-06-23,9.3,9.6,9.3,9.5,17800
DHB,2025-06-24,9.6,9.6,9.4,9.6,3500
DHB,2025-06-25,9.3,9.4,9.0,9.4,1100
DHB,2025-06-26,9.5,9.5,9.3,9.3,2900
DHB,2025-06-27,9.2,9.3,9.0,9.1,42300
DHB,2025-06-30,9.0,9.4,8.9,9.4,28300
DHB,2025-07-01,9.1,9.3,9.0,9.2,31400
DHB,2025-07-02,9.3,9.3,9.0,9.2,7800
DHB,2025-07-03,9.2,9.2,9.2,9.2,200
DHB,2025-07-04,9.3,9.3,9.0,9.1,1200
DHB,2025-07-07,10.0,10.0,9.3,9.3,200
DHB,2025-07-08,9.3,9.4,9.0,9.2,4700
DHB,2025-07-09,9.1,9.2,9.1,9.2,2100
DHB,2025-07-10,9.2,9.2,9.1,9.2,5100
DHB,2025-07-11,9.1,9.2,9.0,9.2,1000
DHB,2025-07-14,9.0,9.2,9.0,9.2,2100
DHB,2025-07-15,9.0,9.2,9.0,9.2,5800
DHB,2025-07-16,9.1,9.1,9.1,9.1,6700
DHB,2025-07-17,9.1,9.1,8.9,9.1,3500
DHB,2025-07-18,9.1,9.1,9.0,9.0,8300
DHB,2025-07-21,9.1,9.1,9.0,9.0,8300
DHB,2025-07-22,9.1,9.8,9.1,9.5,87700
DHB,2025-07-23,9.5,9.7,9.4,9.5,21100
DHB,2025-07-24,9.6,9.6,9.0,9.0,32000
DHB,2025-07-25,9.0,9.4,9.0,9.0,31500
DHB,2025-07-28,9.4,9.5,9.2,9.4,63100
DHB,2025-07-29,9.4,9.4,9.1,9.2,20300
DHB,2025-07-30,9.3,9.3,9.1,9.3,12100
DHB,2025-07-31,9.4,9.4,9.1,9.1,5500
DHB,2025-08-01,9.1,9.3,9.1,9.3,3600
DHB,2025-08-04,9.1,9.3,9.1,9.2,7900
DHB,2025-08-05,9.2,9.3,9.2,9.2,22900
DHB,2025-08-06,9.2,9.5,9.2,9.4,52100
DHB,2025-08-07,9.5,9.5,9.3,9.4,17900
DHB,2025-08-08,9.4,9.5,9.3,9.4,16100
DHB,2025-08-11,9.5,9.6,9.3,9.3,13200
DHB,2025-08-12,9.4,9.4,9.2,9.4,11100
DHB,2025-08-13,9.3,9.3,9.0,9.2,13300
DHB,2025-08-14,9.2,9.3,8.9,9.1,26800
DHB,2025-08-15,9.0,9.2,8.9,9.0,26200
DHB,2025-08-18,9.0,9.1,9.0,9.1,11900
DHB,2025-08-19,9.0,9.1,9.0,9.1,47500
DHB,2025-08-20,9.0,9.1,9.0,9.0,26500
DHB,2025-08-21,9.0,9.0,9.0,9.0,5200
DHB,2025-08-22,9.1,9.1,9.0,9.0,29000
DHB,2025-08-25,9.0,9.0,8.9,8.9,6100
DHB,2025-08-26,9.0,9.0,8.9,9.0,3000
DHB,2025-08-27,8.9,8.9,8.9,8.9,58800
DHB,2025-08-28,8.8,8.9,8.8,8.9,9100
DHB,2025-08-29,8.8,8.9,8.6,8.9,5100
DHB,2025-09-03,8.9,8.9,8.8,8.8,7300
DHB,2025-09-04,8.9,8.9,8.8,8.9,8600
DHB,2025-09-05,8.9,9.0,8.9,8.9,1200
DHB,2025-09-08,8.9,9.0,8.9,9.0,44600
DHB,2025-09-09,8.9,8.9,8.9,8.9,6000
DHB,2025-09-10,8.9,8.9,8.8,8.8,400
DHB,2025-09-11,8.8,8.9,8.7,8.9,1700
DHB,2025-09-12,8.9,9.0,8.9,9.0,800
DHB,2025-09-15,8.9,8.9,8.9,8.9,2100
DHB,2025-09-16,8.9,9.0,8.9,8.9,2600
DHB,2025-09-17,9.0,9.0,8.8,8.8,2100
DHB,2025-09-18,8.9,8.9,8.9,8.9,500
DHB,2025-09-19,9.0,9.0,9.0,9.0,100
DHB,2025-09-22,8.7,9.0,8.7,8.9,25700
DHB,2025-09-23,9.0,9.0,8.9,8.9,400
DHB,2025-09-24,9.0,9.0,8.8,8.9,3700
DHB,2025-09-25,8.8,8.8,8.8,8.8,1100
DHB,2025-09-26,8.9,8.9,8.7,8.7,400
DHB,2025-09-29,8.6,8.7,8.5,8.7,5300
DHB,2025-09-30,8.7,8.7,8.6,8.7,4100
DHB,2025-10-01,8.8,8.8,8.8,8.8,100
DHB,2025-10-02,8.8,8.8,8.8,8.8,2900
DHB,2025-10-03,8.3,8.7,8.3,8.7,9700
DHB,2025-10-06,9.0,9.0,9.0,9.0,100
DHB,2025-10-07,9.0,9.0,9.0,9.0,300
DHB,2025-10-08,8.5,8.7,8.5,8.7,400
DHB,2025-10-09,8.6,8.7,8.6,8.7,10200
DHB,2025-10-10,8.7,8.9,8.7,8.9,5500
DHB,2025-10-13,8.7,8.7,8.7,8.7,3600
DHB,2025-10-14,8.7,8.9,8.7,8.9,3100
DHB,2025-10-15,8.7,8.7,8.7,8.7,300
DHB,2025-10-16,8.7,8.7,8.4,8.7,600
DHB,2025-10-17,8.8,8.8,8.8,8.8,100
DHB,2025-10-20,8.7,8.7,8.4,8.5,2300
DHB,2025-10-21,8.1,8.9,8.0,8.7,1400
DHB,2025-10-22,8.4,8.9,8.4,8.8,4300
DHB,2025-10-23,8.5,8.5,8.2,8.2,2600
DHB,2025-10-24,8.8,8.8,8.8,8.8,100
DHB,2025-10-27,8.9,8.9,8.8,8.8,5400
DHB,2025-10-28,8.5,8.8,8.5,8.8,300
DHB,2025-10-29,8.4,8.4,8.4,8.4,6500
DHB,2025-10-30,8.8,8.8,8.4,8.4,500
DHB,2025-10-31,8.5,8.5,8.5,8.5,200
DHB,2025-11-03,8.8,8.8,8.5,8.5,400
DHB,2025-11-04,8.8,8.8,8.7,8.7,1400
DHB,2025-11-06,8.7,8.7,8.7,8.7,1000
DHB,2025-11-07,8.5,8.7,8.5,8.7,500
DHB,2025-11-10,8.1,8.7,8.1,8.7,300
DHB,2025-11-11,8.5,8.5,8.5,8.5,100
DHB,2025-11-12,8.5,8.5,8.5,8.5,6100
DHB,2025-11-17,8.8,8.9,8.1,8.2,2000
DHB,2025-11-18,8.7,8.7,8.3,8.3,3100
DHB,2025-11-20,8.3,8.3,8.3,8.3,6300
DHB,2025-11-21,8.6,8.6,8.6,8.6,100
DHB,2025-11-24,8.5,8.5,8.3,8.3,1200
DHB,2025-11-25,8.4,8.4,8.3,8.3,1100
DHB,2025-11-26,8.2,8.2,8.0,8.0,500
DHB,2025-11-27,8.1,8.1,8.1,8.1,900
DHB,2025-11-28,8.3,8.3,8.1,8.1,200
DHB,2025-12-01,7.9,7.9,7.9,7.9,100
DHB,2025-12-02,8.0,8.0,8.0,8.0,600
DHB,2025-12-03,8.1,8.1,7.9,7.9,1200
DHB,2025-12-04,8.0,8.0,8.0,8.0,600
DHB,2025-12-05,7.7,7.7,7.7,7.7,100
DHB,2025-12-08,7.8,7.8,7.8,7.8,700
DHB,2025-12-10,7.6,8.1,7.6,8.1,2300
DHB,2025-12-11,7.6,7.6,7.6,7.6,2200
DHB,2025-12-12,7.7,7.7,7.6,7.6,300
DHB,2025-12-15,7.5,7.5,7.5,7.5,400
DHB,2025-12-16,8.0,8.0,7.4,7.5,1300
DHB,2025-12-17,7.5,7.5,7.4,7.5,3400
DHB,2025-12-18,7.5,7.5,7.5,7.5,500
DHB,2025-12-19,7.5,7.5,7.5,7.5,1400
DHB,2025-12-22,8.0,8.0,7.9,7.9,1800
DHB,2025-12-23,7.5,7.5,7.5,7.5,200
DHB,2025-12-24,7.5,7.8,7.3,7.3,5100
DHB,2025-12-25,7.4,7.4,7.3,7.3,3800
DHB,2025-12-26,7.2,7.6,7.2,7.6,700
DHB,2025-12-29,7.5,7.5,7.5,7.5,200
DHB,2025-12-30,7.4,7.5,7.3,7.5,4600
DHB,2025-12-31,7.5,7.6,7.5,7.6,800
DHA,2007-03-02,12.23,12.23,12.07,12.07,75670
DHA,2007-03-05,12.54,12.61,12.54,12.61,139630
DHA,2007-03-06,13.23,13.23,13.0,13.0,139270
DHA,2007-03-07,13.16,13.16,12.85,12.85,85590
DHA,2007-03-08,13.46,13.46,13.46,13.46,257730
DHA,2007-03-09,14.08,14.08,14.08,14.08,212080
DHA,2007-03-12,14.78,14.78,14.78,14.78,42170
DHA,2007-03-13,15.48,15.48,15.48,15.48,210920
DHA,2007-03-14,15.48,15.48,14.7,14.7,213040
DHA,2007-03-15,14.01,14.01,14.01,14.01,131740
DHA,2007-03-16,14.55,14.7,14.55,14.7,85770
DHA,2007-03-19,14.7,14.7,14.7,14.7,123720
DHA,2007-03-20,14.01,14.01,14.01,14.01,100220
DHA,2007-03-21,14.01,14.01,13.62,13.62,43010
DHA,2007-03-22,13.31,13.31,13.0,13.0,90910
DHA,2007-03-23,13.0,13.0,13.0,13.0,61660
DHA,2007-03-26,12.38,12.38,12.38,12.38,111290
DHA,2007-03-27,11.76,11.76,11.76,11.76,176270
DHA,2007-03-28,11.76,12.3,11.76,12.3,100510
DHA,2007-03-29,12.69,12.85,12.69,12.85,98270
DHA,2007-03-30,13.16,13.16,12.69,12.69,89920
DHA,2007-04-02,12.38,12.38,12.07,12.07,44310
DHA,2007-04-03,11.69,11.92,11.69,11.92,19470
DHA,2007-04-04,11.92,12.38,11.92,12.23,36910
DHA,2007-04-05,12.15,12.15,12.07,12.07,68740
DHA,2007-04-06,11.61,11.69,11.61,11.69,74410
DHA,2007-04-09,11.99,11.99,11.92,11.92,35580
DHA,2007-04-10,11.99,11.99,11.84,11.84,22080
DHA,2007-04-11,11.69,11.84,11.69,11.84,32880
DHA,2007-04-12,11.76,11.76,11.45,11.45,47760
DHA,2007-04-13,11.45,11.45,11.14,11.14,44600
DHA,2007-04-16,10.99,10.99,10.6,10.6,54610
DHA,2007-04-17,10.21,10.6,10.21,10.37,48880
DHA,2007-04-18,10.83,10.83,10.83,10.83,14750
DHA,2007-04-19,11.38,11.38,11.38,11.38,35100
DHA,2007-04-20,11.38,11.38,10.99,11.22,79200
DHA,2007-04-23,10.68,10.68,10.68,10.68,26200
DHA,2007-04-24,10.21,10.21,10.21,10.21,261300
DHA,2007-04-25,10.37,10.68,10.37,10.52,52750
DHA,2007-05-02,10.37,10.99,10.37,10.99,87420
DHA,2007-05-03,10.99,10.99,10.83,10.83,7400
DHA,2007-05-04,10.45,10.68,10.45,10.52,30090
DHA,2007-05-07,10.68,10.91,10.68,10.91,40330
DHA,2007-05-08,10.99,11.3,10.99,11.3,120190
DHA,2007-05-09,11.3,11.3,10.83,10.83,22850
DHA,2007-05-10,10.83,10.83,10.83,10.83,104720
DHA,2007-05-11,10.83,11.14,10.83,11.14,22470
DHA,2007-05-14,11.22,11.38,11.22,11.38,45100
DHA,2007-05-15,11.45,11.61,11.45,11.61,92500
DHA,2007-05-16,11.45,11.45,11.22,11.22,26110
DHA,2007-05-17,11.14,11.61,11.14,11.61,27440
DHA,2007-05-18,11.69,11.69,11.61,11.61,39880
DHA,2007-05-21,11.61,12.07,11.61,12.07,59990
DHA,2007-05-22,12.61,12.61,12.61,12.61,43910
DHA,2007-05-23,13.23,13.23,12.85,12.85,186220
DHA,2007-05-24,12.61,12.61,12.38,12.38,79430
DHA,2007-05-25,12.38,12.54,12.38,12.54,75320
DHA,2007-05-28,13.08,13.08,12.54,12.54,81660
DHA,2007-05-29,12.54,12.54,12.38,12.38,34550
DHA,2007-05-30,12.07,12.07,11.99,12.07,28150
DHA,2007-05-31,12.54,12.61,12.54,12.61,99900
DHA,2007-06-01,12.85,12.85,12.61,12.61,150830
DHA,2007-06-04,12.3,12.38,12.3,12.3,42870
DHA,2007-06-05,12.3,12.38,12.3,12.38,61030
DHA,2007-06-06,12.38,12.46,12.38,12.46,46380
DHA,2007-06-07,12.69,12.69,12.54,12.54,58650
DHA,2007-06-08,12.54,12.54,12.46,12.46,30090
DHA,2007-06-11,12.38,12.38,12.38,12.38,21050
DHA,2007-06-12,12.38,12.38,12.3,12.3,29500
DHA,2007-06-13,12.3,12.3,12.23,12.23,26010
DHA,2007-06-14,12.3,12.3,12.15,12.15,30770
DHA,2007-06-15,12.23,12.3,12.23,12.3,16350
DHA,2007-06-18,12.38,12.38,12.38,12.38,15270
DHA,2007-06-19,12.46,12.46,12.38,12.38,34990
DHA,2007-06-20,12.38,12.38,12.38,12.38,21890
DHA,2007-06-21,12.07,12.23,12.07,12.23,66390
DHA,2007-06-22,12.07,12.23,12.07,12.23,11380
DHA,2007-06-25,12.23,12.23,12.15,12.15,27060
DHA,2007-06-26,12.23,12.23,12.15,12.15,20480
DHA,2007-06-27,12.15,12.15,12.15,12.15,26470
DHA,2007-06-28,12.15,12.15,12.07,12.15,38850
DHA,2007-06-29,11.99,12.07,11.99,11.99,29470
DHA,2007-07-02,12.07,12.07,11.76,11.76,89740
DHA,2007-07-03,11.76,11.76,11.76,11.76,91830
DHA,2007-07-04,11.76,12.3,11.76,12.3,21820
DHA,2007-07-05,12.3,12.3,12.23,12.23,118570
DHA,2007-07-06,12.38,12.38,12.38,12.38,30760
DHA,2007-07-09,12.23,12.38,12.23,12.38,34210
DHA,2007-07-10,12.54,12.85,12.46,12.85,54680
DHA,2007-07-11,12.69,12.69,12.61,12.61,32660
DHA,2007-07-12,12.46,12.54,12.38,12.38,30470
DHA,2007-07-13,12.38,12.54,12.38,12.54,17480
DHA,2007-07-16,12.38,12.38,12.38,12.38,23300
DHA,2007-07-17,12.3,12.3,12.23,12.23,15030
DHA,2007-07-18,12.23,12.3,12.23,12.3,8180
DHA,2007-07-19,12.46,12.46,12.3,12.3,15500
DHA,2007-07-20,12.3,12.54,12.3,12.54,37340
DHA,2007-07-23,12.54,12.69,12.54,12.69,61180
DHA,2007-07-24,12.69,12.69,12.54,12.54,19190
DHA,2007-07-25,12.46,12.46,12.38,12.38,9630
DHA,2007-07-26,12.23,12.3,12.23,12.3,19730
DHA,2007-07-27,12.23,12.23,12.07,12.15,6240
DHA,2007-07-30,12.07,12.15,11.76,12.15,12580
DHA,2007-07-31,11.92,11.99,11.69,11.92,43190
DHA,2007-08-01,11.69,12.23,11.69,12.23,32040
DHA,2007-08-02,12.07,11.99,11.92,11.92,23270
DHA,2007-08-03,11.92,11.92,11.92,11.92,3630
DHA,2007-08-06,11.76,11.84,11.76,11.76,10760
DHA,2007-08-07,11.69,11.76,11.69,11.76,10290
DHA,2007-08-08,11.76,11.76,11.76,11.76,7600
DHA,2007-08-09,11.92,12.3,11.92,12.3,18290
DHA,2007-08-10,12.23,12.07,11.92,12.07,17810
DHA,2007-08-13,11.76,11.76,11.61,11.76,30500
DHA,2007-08-14,11.84,11.92,11.76,11.84,4610
DHA,2007-08-15,11.76,12.38,10.6,11.92,24460
DHA,2007-08-16,11.84,11.92,11.76,11.92,12650
DHA,2007-08-17,12.38,12.77,10.83,11.76,27820
DHA,2007-08-20,11.92,12.3,11.76,12.3,74230
DHA,2007-08-21,12.07,12.23,12.07,12.07,11320
DHA,2007-08-22,11.92,12.07,11.92,11.92,10370
DHA,2007-08-23,11.92,12.07,11.92,11.92,4760
DHA,2007-08-24,11.92,12.07,11.84,12.07,19630
DHA,2007-08-27,12.07,12.07,11.92,12.07,19800
DHA,2007-08-28,12.07,12.07,11.99,12.07,11230
DHA,2007-08-29,11.99,12.07,11.99,11.99,15000
DHA,2007-08-30,12.15,12.15,11.92,12.15,24110
DHA,2007-08-31,12.38,12.38,12.15,12.38,79560
DHA,2007-09-04,12.46,12.54,12.38,12.54,27680
DHA,2007-09-05,12.69,12.69,12.54,12.61,88840
DHA,2007-09-06,12.69,12.69,12.54,12.61,34520
DHA,2007-09-07,12.61,12.69,12.61,12.61,29220
DHA,2007-09-10,12.69,12.69,12.61,12.69,48630
DHA,2007-09-11,12.69,12.85,12.69,12.77,63790
DHA,2007-09-12,12.85,13.0,12.85,13.0,42830
DHA,2007-09-13,13.39,13.39,13.0,13.39,61030
DHA,2007-09-14,13.39,13.39,13.16,13.16,48550
DHA,2007-09-17,13.0,13.08,12.92,12.92,25020
DHA,2007-09-18,12.92,13.08,12.85,13.08,68100
DHA,2007-09-19,13.31,13.39,13.16,13.31,108630
DHA,2007-09-20,13.54,13.62,13.23,13.31,57830
DHA,2007-09-21,13.31,13.31,12.92,13.16,44720
DHA,2007-09-24,13.39,13.77,13.31,13.77,86860
DHA,2007-09-25,13.93,14.08,13.77,13.85,87800
DHA,2007-09-26,13.93,14.08,13.85,13.85,97640
DHA,2007-09-27,13.77,13.77,13.62,13.7,66380
DHA,2007-09-28,13.85,14.32,13.85,14.32,122180
DHA,2007-10-01,15.01,15.01,15.01,15.01,19580
DHA,2007-10-02,15.63,15.63,15.17,15.63,264980
DHA,2007-10-03,15.79,16.41,15.17,16.41,206390
DHA,2007-10-04,16.41,16.41,15.63,15.79,95320
DHA,2007-10-05,15.63,15.79,15.48,15.63,55000
DHA,2007-10-08,15.32,15.48,15.17,15.48,70210
DHA,2007-10-09,16.1,16.1,15.63,15.94,69370
DHA,2007-10-10,16.25,16.41,15.79,16.1,102710
DHA,2007-10-11,16.41,16.41,16.1,16.25,60400
DHA,2007-10-12,16.25,16.41,16.1,16.41,69090
DHA,2007-10-15,16.72,16.72,16.41,16.56,79510
DHA,2007-10-16,16.41,16.56,16.1,16.1,45800
DHA,2007-10-17,16.1,16.1,15.94,15.94,38090
DHA,2007-10-18,15.94,16.1,15.79,15.94,48110
DHA,2007-10-19,15.48,15.94,15.48,15.63,50590
DHA,2007-10-22,15.48,15.63,15.48,15.48,35880
DHA,2007-10-23,15.48,15.63,15.32,15.32,27130
DHA,2007-10-24,15.48,15.79,15.48,15.79,39660
DHA,2007-10-25,15.79,16.25,15.79,15.94,37160
DHA,2007-10-26,15.94,15.94,15.79,15.79,37870
DHA,2007-10-29,15.63,15.79,15.63,15.63,22430
DHA,2007-10-30,15.94,15.94,15.79,15.79,24700
DHA,2007-10-31,15.79,15.79,15.63,15.63,15250
DHA,2007-11-01,15.79,16.25,15.79,16.25,33970
DHA,2007-11-02,16.41,16.41,16.1,16.25,35880
DHA,2007-11-05,15.94,16.25,15.94,15.94,25810
DHA,2007-11-06,16.1,16.25,15.79,15.79,34140
DHA,2007-11-07,15.94,15.94,15.79,15.94,11860
DHA,2007-11-08,15.94,16.1,15.79,15.94,29560
DHA,2007-11-09,15.79,15.79,15.63,15.79,20010
DHA,2007-11-12,15.79,15.79,15.17,15.17,19310
DHA,2007-11-13,15.01,15.09,14.47,14.47,42510
DHA,2007-11-14,14.55,15.17,14.55,15.17,35560
DHA,2007-11-15,15.48,15.48,14.55,15.01,35730
DHA,2007-11-16,14.47,15.01,14.39,14.55,77130
DHA,2007-11-19,15.24,15.24,15.01,15.24,39360
DHA,2007-11-20,15.48,15.48,15.17,15.17,47550
DHA,2007-11-21,14.86,15.09,14.86,15.01,87790
DHA,2007-11-22,15.01,15.17,14.86,15.01,40420
DHA,2007-11-23,14.86,15.01,14.78,14.86,39010
DHA,2007-11-26,14.86,15.01,14.86,15.01,52800
DHA,2007-11-27,15.01,15.01,14.7,14.7,70190
DHA,2007-11-28,10.99,10.99,10.68,10.83,67650
DHA,2007-11-29,10.91,10.91,10.52,10.52,11550
DHA,2007-11-30,10.06,10.29,10.06,10.21,94660
DHA,2007-12-03,9.91,10.14,9.91,9.98,67060
DHA,2007-12-04,9.91,10.14,9.91,10.14,57000
DHA,2007-12-05,9.75,9.98,9.75,9.98,127610
DHA,2007-12-06,9.83,9.98,9.83,9.83,9000
DHA,2007-12-07,9.98,9.98,9.83,9.91,15280
DHA,2007-12-10,9.91,9.91,9.83,9.83,26700
DHA,2007-12-11,9.83,9.83,9.6,9.6,12220
DHA,2007-12-12,9.36,9.91,9.36,9.6,24620
DHA,2007-12-13,9.67,9.67,9.6,9.6,6860
DHA,2007-12-14,9.44,9.52,9.36,9.36,16680
DHA,2007-12-17,9.36,9.36,9.05,9.05,19390
DHA,2007-12-18,8.82,9.05,8.82,9.05,18310
DHA,2007-12-19,9.36,9.44,9.29,9.44,21450
DHA,2007-12-20,9.44,9.6,9.21,9.21,14080
DHA,2007-12-21,9.29,9.36,9.29,9.36,21020
DHA,2007-12-24,9.44,9.52,9.29,9.36,13520
DHA,2007-12-25,9.36,9.36,9.29,9.29,18540
DHA,2007-12-26,9.13,9.44,9.13,9.29,13020
DHA,2007-12-27,9.29,9.44,9.29,9.44,14200
DHA,2007-12-28,9.29,9.36,9.29,9.29,10440
DHA,2008-01-02,9.29,9.29,9.05,9.05,11150
DHA,2008-01-03,9.05,9.05,8.9,8.98,14620
DHA,2008-01-04,8.74,8.9,8.74,8.82,11940
DHA,2008-01-07,8.67,8.67,8.43,8.43,12590
DHA,2008-01-08,8.74,8.74,8.59,8.59,10930
DHA,2008-01-09,8.43,8.51,8.36,8.36,16760
DHA,2008-01-10,8.13,8.13,7.97,7.97,25690
DHA,2008-01-11,7.97,8.2,7.97,8.13,24630
DHA,2008-01-14,8.05,8.05,7.82,7.82,23060
DHA,2008-01-15,7.58,7.66,7.43,7.43,27990
DHA,2008-01-16,7.74,7.74,7.66,7.74,39830
DHA,2008-01-17,8.05,8.05,7.43,7.43,73070
DHA,2008-01-18,7.43,7.74,7.43,7.74,11110
DHA,2008-01-21,7.89,7.89,7.74,7.74,29490
DHA,2008-01-22,7.43,7.66,7.43,7.58,15790
DHA,2008-01-23,7.4,7.43,7.21,7.21,29900
DHA,2008-01-24,7.35,7.43,7.1,7.1,19960
DHA,2008-01-25,7.1,7.24,7.09,7.24,13350
DHA,2008-01-28,7.27,7.29,7.12,7.27,28520
DHA,2008-01-29,7.49,7.63,7.43,7.63,30590
DHA,2008-01-30,7.97,7.97,7.97,7.97,12470
DHA,2008-01-31,7.97,8.2,7.89,8.2,35930
DHA,2008-02-01,8.59,8.59,8.59,8.59,27200
DHA,2008-02-12,8.59,8.59,8.2,8.51,29230
DHA,2008-02-13,8.43,8.43,8.13,8.13,11860
DHA,2008-02-14,8.13,8.51,8.13,8.2,17680
DHA,2008-02-15,8.2,8.28,8.05,8.13,17340
DHA,2008-02-18,7.82,7.82,7.72,7.72,28370
DHA,2008-02-19,7.43,7.82,7.43,7.82,10410
DHA,2008-02-20,7.74,7.74,7.43,7.43,31320
DHA,2008-02-21,7.07,7.07,7.06,7.06,29530
DHA,2008-02-22,6.72,7.38,6.72,7.38,25370
DHA,2008-02-25,7.58,7.74,7.58,7.74,33830
DHA,2008-02-26,7.51,7.43,7.35,7.35,21410
DHA,2008-02-27,7.21,7.35,7.21,7.27,6690
DHA,2008-02-28,6.96,7.27,6.96,6.96,26800
DHA,2008-02-29,7.2,7.2,6.62,6.62,37130
DHA,2008-03-03,6.5,6.5,6.3,6.3,21010
DHA,2008-03-04,5.99,5.99,5.99,5.99,6750
DHA,2008-03-05,5.7,5.7,5.7,5.7,19170
DHA,2008-03-06,5.97,5.97,5.97,5.97,15880
DHA,2008-03-07,6.27,6.27,6.27,6.27,110
DHA,2008-03-10,6.58,6.58,6.07,6.07,49900
DHA,2008-03-11,6.07,6.07,5.82,5.88,32690
DHA,2008-03-12,5.73,6.04,5.73,5.88,24320
DHA,2008-03-13,6.18,6.18,5.88,5.97,30400
DHA,2008-03-14,5.88,5.97,5.88,5.94,10540
DHA,2008-03-17,5.8,5.88,5.65,5.65,34960
DHA,2008-03-18,5.37,5.37,5.37,5.37,29240
DHA,2008-03-19,5.18,5.57,5.11,5.11,36260
DHA,2008-03-20,4.89,4.95,4.86,4.86,35390
DHA,2008-03-21,4.86,4.86,4.63,4.63,29870
DHA,2008-03-24,4.41,4.41,4.41,4.41,23080
DHA,2008-03-25,4.19,4.19,4.19,4.19,15980
DHA,2008-03-26,4.05,4.4,4.05,4.33,54540
DHA,2008-03-27,4.36,4.36,4.36,4.36,2470
DHA,2008-03-28,4.4,4.4,4.4,4.4,1250
DHA,2008-03-31,4.43,4.43,4.43,4.43,770
DHA,2008-04-01,4.46,4.46,4.46,4.46,8300
DHA,2008-04-02,4.49,4.49,4.49,4.49,1520
DHA,2008-04-03,4.52,4.52,4.52,4.52,110
DHA,2008-04-04,4.55,4.55,4.55,4.55,6890
DHA,2008-04-07,4.63,4.63,4.63,4.63,4420
DHA,2008-04-08,4.7,4.7,4.55,4.61,135850
DHA,2008-04-09,4.58,4.61,4.53,4.53,41730
DHA,2008-04-10,4.46,4.46,4.46,4.46,21130
DHA,2008-04-11,4.38,4.38,4.38,4.38,7920
DHA,2008-04-16,4.3,4.3,4.3,4.3,7550
DHA,2008-04-17,4.23,4.38,4.23,4.38,39670
DHA,2008-04-18,4.3,4.3,4.3,4.3,12430
DHA,2008-04-21,4.23,4.23,4.23,4.23,3250
DHA,2008-04-22,4.15,4.18,4.15,4.15,54930
DHA,2008-04-23,4.07,4.07,4.07,4.07,1790
DHA,2008-04-24,3.99,4.07,3.99,4.02,76490
DHA,2008-04-25,4.1,4.1,4.02,4.1,27130
DHA,2008-04-28,4.18,4.18,4.18,4.18,21040
DHA,2008-04-29,4.26,4.26,4.26,4.26,44750
DHA,2008-05-05,4.33,4.33,4.18,4.18,42370
DHA,2008-05-06,4.1,4.1,4.1,4.1,12280
DHA,2008-05-07,4.02,4.02,4.02,4.02,22750
DHA,2008-05-08,3.95,3.95,3.95,3.95,4090
DHA,2008-05-09,3.87,3.87,3.87,3.87,3490
DHA,2008-05-12,3.79,3.79,3.79,3.79,3370
DHA,2008-05-13,3.73,3.73,3.73,3.73,700
DHA,2008-05-14,3.67,3.67,3.67,3.67,10460
DHA,2008-05-15,3.61,3.61,3.61,3.61,1320
DHA,2008-05-16,3.54,3.54,3.54,3.54,50330
DHA,2008-05-19,3.48,3.54,3.48,3.5,51550
DHA,2008-05-20,3.44,3.44,3.44,3.44,25450
DHA,2008-05-21,3.37,3.37,3.37,3.37,8420
DHA,2008-05-22,3.31,3.42,3.31,3.31,53070
DHA,2008-05-23,3.25,3.25,3.25,3.25,17020
DHA,2008-05-26,3.19,3.19,3.19,3.19,4020
DHA,2008-05-30,3.13,3.13,3.13,3.13,5070
DHA,2008-06-02,3.06,3.06,3.06,3.06,12400
DHA,2008-06-03,2.86,2.86,2.86,2.86,11370
DHA,2008-06-04,2.82,2.82,2.82,2.82,9380
DHA,2008-06-05,2.77,2.77,2.77,2.77,4760
DHA,2008-06-06,2.72,2.72,2.72,2.72,18190
DHA,2008-06-09,2.69,2.69,2.68,2.68,32890
DHA,2008-06-10,2.68,2.72,2.68,2.72,16740
DHA,2008-06-11,2.77,2.77,2.77,2.77,18790
DHA,2008-06-12,2.82,2.82,2.82,2.82,250
DHA,2008-06-13,2.86,2.86,2.86,2.86,16720
DHA,2008-06-16,2.91,2.91,2.91,2.91,2240
DHA,2008-06-17,2.96,2.96,2.96,2.96,1180
DHA,2008-06-18,3.0,3.0,2.91,3.0,108340
DHA,2008-06-19,2.93,2.99,2.93,2.93,37870
DHA,2008-06-20,2.86,2.96,2.86,2.86,33280
DHA,2008-06-23,2.94,2.94,2.94,2.94,7570
DHA,2008-06-24,3.02,3.02,3.02,3.02,2690
DHA,2008-06-25,3.1,3.1,3.1,3.1,13240
DHA,2008-06-26,3.19,3.19,3.1,3.19,100360
DHA,2008-06-27,3.25,3.28,3.19,3.28,41840
DHA,2008-06-30,3.37,3.37,3.37,3.37,13610
DHA,2008-07-01,3.47,3.47,3.47,3.47,9630
DHA,2008-07-02,3.56,3.56,3.56,3.56,22480
DHA,2008-07-03,3.65,3.65,3.65,3.65,1220
DHA,2008-07-04,3.76,3.76,3.76,3.76,6970
DHA,2008-07-07,3.87,3.87,3.65,3.73,97460
DHA,2008-07-08,3.62,3.84,3.62,3.84,191700
DHA,2008-07-09,3.95,3.95,3.95,3.95,53020
DHA,2008-07-10,4.05,4.05,4.05,4.05,134140
DHA,2008-07-11,4.16,4.16,4.16,4.16,236660
DHA,2008-07-14,4.27,4.29,4.18,4.29,156140
DHA,2008-07-15,4.41,4.41,4.41,4.41,15890
DHA,2008-07-16,4.53,4.53,4.29,4.53,194200
DHA,2008-07-17,4.66,4.66,4.53,4.66,163610
DHA,2008-07-18,4.52,4.8,4.52,4.53,187910
DHA,2008-07-21,4.41,4.41,4.41,4.41,11700
DHA,2008-07-22,4.29,4.29,4.29,4.29,3110
DHA,2008-07-23,4.16,4.16,4.16,4.16,5000
DHA,2008-07-24,4.04,4.29,4.04,4.04,162520
DHA,2008-07-25,3.93,3.93,3.93,3.93,15090
DHA,2008-07-28,3.82,4.04,3.82,4.04,90630
DHA,2008-07-29,4.15,4.15,4.15,4.15,2400
DHA,2008-07-30,4.02,4.27,4.02,4.27,198360
DHA,2008-07-31,4.27,4.33,4.16,4.33,58660
DHA,2008-08-01,4.33,4.36,4.24,4.36,92490
DHA,2008-08-04,4.24,4.24,4.24,4.24,3080
DHA,2008-08-05,4.12,4.12,4.12,4.12,8100
DHA,2008-08-06,4.04,4.23,4.02,4.05,85580
DHA,2008-08-07,4.16,4.16,3.98,3.98,60810
DHA,2008-08-08,4.02,4.09,3.96,4.09,32960
DHA,2008-08-11,4.19,4.19,4.19,4.19,20440
DHA,2008-08-12,4.32,4.32,4.24,4.32,75070
DHA,2008-08-13,4.21,4.32,4.21,4.29,36840
DHA,2008-08-14,4.33,4.41,4.29,4.41,64850
DHA,2008-08-15,4.53,4.53,4.53,4.53,19940
DHA,2008-08-18,4.63,4.75,4.61,4.75,114260
DHA,2008-08-19,4.8,4.8,4.52,4.52,106680
DHA,2008-08-20,4.3,4.47,4.3,4.3,49180
DHA,2008-08-21,4.12,4.49,4.1,4.49,39100
DHA,2008-08-22,4.6,4.6,4.33,4.33,55160
DHA,2008-08-25,4.53,4.55,4.41,4.55,136520
DHA,2008-08-26,4.77,4.77,4.77,4.77,165290
DHA,2008-08-27,4.95,5.0,4.8,4.8,227690
DHA,2008-08-28,4.57,4.57,4.57,4.57,43640
DHA,2008-08-29,4.38,4.41,4.35,4.38,47850
DHA,2008-09-03,4.6,4.6,4.6,4.6,12880
DHA,2008-09-04,4.61,4.61,4.38,4.6,82960
DHA,2008-09-05,4.4,4.58,4.4,4.41,47640
DHA,2008-09-08,4.19,4.33,4.19,4.26,65360
DHA,2008-09-09,4.33,4.43,4.26,4.26,51050
DHA,2008-09-10,4.41,4.41,4.18,4.18,26870
DHA,2008-09-11,4.1,4.1,3.98,3.98,52800
DHA,2008-09-12,3.82,3.82,3.79,3.79,37670
DHA,2008-09-15,3.73,3.98,3.73,3.95,31500
DHA,2008-09-16,3.76,3.76,3.76,3.76,21720
DHA,2008-09-17,3.58,3.85,3.58,3.58,45350
DHA,2008-09-18,3.4,3.4,3.4,3.4,15570
DHA,2008-09-19,3.58,3.58,3.58,3.58,28700
DHA,2008-09-22,3.75,3.75,3.75,3.75,1790
DHA,2008-09-23,3.56,3.87,3.56,3.87,71540
DHA,2008-09-24,3.87,3.87,3.71,3.71,23800
DHA,2008-09-25,3.87,3.87,3.81,3.81,24820
DHA,2008-09-26,3.99,3.99,3.84,3.84,38870
DHA,2008-09-29,3.84,3.87,3.65,3.71,30240
DHA,2008-09-30,3.53,3.53,3.53,3.53,13990
DHA,2008-10-01,3.39,3.7,3.39,3.7,241440
DHA,2008-10-02,3.87,3.87,3.64,3.82,29220
DHA,2008-10-03,3.65,3.82,3.65,3.82,22220
DHA,2008-10-06,3.64,3.64,3.64,3.64,25850
DHA,2008-10-07,3.47,3.47,3.47,3.47,15370
DHA,2008-10-08,3.31,3.47,3.3,3.3,102680
DHA,2008-10-09,3.14,3.4,3.14,3.23,49390
DHA,2008-10-10,3.08,3.08,3.08,3.08,17760
DHA,2008-10-13,2.94,3.02,2.94,2.94,115940
DHA,2008-10-14,3.08,3.08,3.08,3.08,113310
DHA,2008-10-15,3.08,3.13,2.94,3.1,124240
DHA,2008-10-16,2.94,3.0,2.94,2.94,108050
DHA,2008-10-17,3.06,3.06,2.94,3.06,55700
DHA,2008-10-20,3.1,3.1,2.97,3.08,69230
DHA,2008-10-21,3.19,3.22,3.1,3.22,78190
DHA,2008-10-22,3.1,3.33,3.1,3.33,73200
DHA,2008-10-23,3.17,3.22,3.17,3.17,55500
DHA,2008-10-24,3.16,3.16,3.05,3.1,58040
DHA,2008-10-27,2.94,2.96,2.94,2.94,105730
DHA,2008-10-28,2.82,2.94,2.82,2.88,16460
DHA,2008-10-29,3.02,3.02,2.91,3.02,57930
DHA,2008-10-30,3.06,3.16,3.02,3.16,35560
DHA,2008-10-31,3.31,3.31,3.25,3.31,62210
DHA,2008-11-03,3.36,3.36,3.16,3.25,59810
DHA,2008-11-04,3.37,3.4,3.19,3.4,73400
DHA,2008-11-05,3.58,3.58,3.58,3.58,38170
DHA,2008-11-06,3.58,3.68,3.4,3.4,78160
DHA,2008-11-07,3.23,3.28,3.23,3.23,42960
DHA,2008-11-10,3.37,3.39,3.17,3.17,25400
DHA,2008-11-11,3.23,3.23,3.14,3.22,13240
DHA,2008-11-12,3.06,3.25,3.06,3.25,14210
DHA,2008-11-13,3.17,3.17,3.14,3.17,23610
DHA,2008-11-14,3.3,3.3,3.25,3.25,11100
DHA,2008-11-17,3.25,3.25,3.17,3.17,24150
DHA,2008-11-18,3.1,3.17,3.1,3.17,24460
DHA,2008-11-19,3.2,3.2,3.14,3.17,7520
DHA,2008-11-20,3.03,3.05,3.03,3.03,14090
DHA,2008-11-21,2.93,3.03,2.93,3.02,11340
DHA,2008-11-24,3.06,3.06,2.94,2.94,25950
DHA,2008-11-25,3.03,3.03,3.02,3.03,18400
DHA,2008-11-26,3.03,3.05,3.02,3.02,22610
DHA,2008-11-27,3.02,3.03,2.94,2.99,23670
DHA,2008-11-28,3.13,3.13,3.06,3.1,5740
DHA,2008-12-01,3.1,3.1,3.06,3.1,12790
DHA,2008-12-02,3.03,3.08,3.02,3.03,14200
DHA,2008-12-03,2.94,2.94,2.79,2.79,5360
DHA,2008-12-04,2.79,2.8,2.79,2.8,1880
DHA,2008-12-05,2.8,2.82,2.72,2.79,29560
DHA,2008-12-08,2.71,2.75,2.66,2.66,10920
DHA,2008-12-09,2.66,2.77,2.63,2.77,5800
DHA,2008-12-10,2.77,2.77,2.71,2.71,6950
DHA,2008-12-11,2.63,2.79,2.63,2.79,6740
DHA,2008-12-12,2.79,2.86,2.79,2.86,11420
DHA,2008-12-15,2.97,2.97,2.86,2.89,2550
DHA,2008-12-16,2.89,2.89,2.75,2.75,4030
DHA,2008-12-17,2.68,2.86,2.63,2.86,13730
DHA,2008-12-18,2.79,2.86,2.79,2.83,3550
DHA,2008-12-19,2.77,2.82,2.77,2.79,8830
DHA,2008-12-22,2.79,2.79,2.77,2.79,4610
DHA,2008-12-23,2.79,2.79,2.77,2.79,12560
DHA,2008-12-24,2.72,2.82,2.72,2.82,6620
DHA,2008-12-25,2.82,2.83,2.82,2.83,750
DHA,2008-12-26,2.83,2.83,2.82,2.82,3000
DHA,2008-12-29,2.82,2.94,2.82,2.91,15920
DHA,2008-12-30,3.0,3.0,2.85,2.97,7460
DHA,2008-12-31,2.91,2.94,2.83,2.91,14340
DHA,2009-01-02,2.99,2.99,2.86,2.99,5950
DHA,2009-01-05,2.99,2.99,2.94,2.94,3930
DHA,2009-01-06,2.94,2.94,2.94,2.94,4700
DHA,2009-01-07,3.02,3.03,2.97,2.97,20800
DHA,2009-01-08,2.97,2.97,2.96,2.96,1800
DHA,2009-01-09,2.86,2.88,2.86,2.86,10000
DHA,2009-01-12,2.91,2.91,2.88,2.88,1800
DHA,2009-01-13,2.82,2.93,2.82,2.93,1900
DHA,2009-01-14,2.82,2.93,2.82,2.86,11640
DHA,2009-01-15,2.83,2.85,2.8,2.83,3000
DHA,2009-01-16,2.8,2.82,2.71,2.82,16720
DHA,2009-01-19,2.82,2.82,2.82,2.82,1100
DHA,2009-01-20,2.86,2.86,2.68,2.68,7040
DHA,2009-01-21,2.8,2.8,2.69,2.69,2160
DHA,2009-01-22,2.79,2.79,2.74,2.74,3000
DHA,2009-01-23,2.79,2.79,2.74,2.79,3590
DHA,2009-02-02,2.79,2.85,2.71,2.79,2050
DHA,2009-02-03,2.71,2.71,2.68,2.71,10360
DHA,2009-02-04,2.71,2.77,2.71,2.75,4300
DHA,2009-02-05,2.77,2.77,2.66,2.66,6400
DHA,2009-02-06,2.65,2.74,2.65,2.74,3840
DHA,2009-02-09,2.74,2.79,2.74,2.77,5420
DHA,2009-02-10,2.75,2.75,2.74,2.74,10640
DHA,2009-02-11,2.62,2.66,2.62,2.66,9120
DHA,2009-02-12,2.63,2.68,2.62,2.68,6160
DHA,2009-02-13,2.71,2.72,2.71,2.71,5830
DHA,2009-02-16,2.75,2.75,2.69,2.69,1700
DHA,2009-02-17,2.69,2.69,2.63,2.63,19640
DHA,2009-02-18,2.63,2.63,2.62,2.63,12300
DHA,2009-02-19,2.62,2.63,2.6,2.62,2650
DHA,2009-02-20,2.58,2.58,2.55,2.55,2810
DHA,2009-02-23,2.43,2.48,2.43,2.45,23700
DHA,2009-02-24,2.34,2.4,2.34,2.34,16050
DHA,2009-02-25,2.38,2.45,2.37,2.45,17720
DHA,2009-02-26,2.48,2.49,2.45,2.49,8850
DHA,2009-02-27,2.45,2.62,2.45,2.57,23550
DHA,2009-03-02,2.57,2.58,2.51,2.57,8030
DHA,2009-03-03,2.48,2.51,2.48,2.51,12420
DHA,2009-03-04,2.52,2.55,2.52,2.55,11030
DHA,2009-03-05,2.6,2.62,2.57,2.62,9910
DHA,2009-03-06,2.54,2.6,2.54,2.58,9400
DHA,2009-03-09,2.62,2.62,2.58,2.6,3600
DHA,2009-03-10,2.62,2.66,2.62,2.66,4550
DHA,2009-03-11,2.77,2.77,2.66,2.71,18800
DHA,2009-03-12,2.69,2.69,2.65,2.65,2350
DHA,2009-03-13,2.75,2.75,2.68,2.69,5170
DHA,2009-03-16,2.69,2.71,2.68,2.71,10210
DHA,2009-03-17,2.77,2.79,2.69,2.72,19810
DHA,2009-03-18,2.85,2.85,2.79,2.85,76280
DHA,2009-03-19,2.85,2.93,2.77,2.8,28160
DHA,2009-03-20,2.8,2.8,2.79,2.79,5900
DHA,2009-03-23,2.8,2.8,2.71,2.71,12210
DHA,2009-03-24,2.82,2.83,2.79,2.83,33380
DHA,2009-03-25,2.75,2.86,2.75,2.83,20630
DHA,2009-03-26,2.85,2.86,2.82,2.86,31380
DHA,2009-03-27,2.86,2.86,2.83,2.83,41850
DHA,2009-03-30,2.72,2.82,2.72,2.77,9880
DHA,2009-03-31,2.75,2.75,2.66,2.71,27450
DHA,2009-04-01,2.8,2.8,2.69,2.8,41980
DHA,2009-04-02,2.82,2.88,2.79,2.88,66070
DHA,2009-04-03,3.02,3.02,2.97,3.02,115780
DHA,2009-04-07,3.1,3.16,2.94,3.16,165990
DHA,2009-04-08,3.16,3.17,3.0,3.03,80770
DHA,2009-04-09,3.1,3.1,2.97,3.03,53890
DHA,2009-04-10,3.17,3.17,3.14,3.17,140110
DHA,2009-04-13,3.33,3.33,3.33,3.33,16330
DHA,2009-04-14,3.48,3.48,3.33,3.48,101570
DHA,2009-04-15,3.34,3.48,3.31,3.31,100500
DHA,2009-04-16,3.31,3.39,3.17,3.33,115020
DHA,2009-04-17,3.33,3.33,3.17,3.19,57320
DHA,2009-04-20,3.03,3.19,3.03,3.03,63580
DHA,2009-04-21,2.89,3.03,2.89,2.93,53560
DHA,2009-04-22,3.06,3.06,3.02,3.06,27170
DHA,2009-04-23,3.13,3.17,3.1,3.13,23880
DHA,2009-04-24,3.1,3.11,3.0,3.05,52350
DHA,2009-04-27,3.03,3.08,3.0,3.0,36030
DHA,2009-04-28,2.94,3.05,2.94,3.0,21040
DHA,2009-04-29,3.0,3.06,3.0,3.05,15410
DHA,2009-05-04,3.19,3.19,3.19,3.19,62180
DHA,2009-05-05,3.34,3.34,3.34,3.34,27750
DHA,2009-05-06,3.37,3.39,3.25,3.27,97760
DHA,2009-05-07,3.4,3.42,3.25,3.42,140390
DHA,2009-05-08,3.28,3.47,3.28,3.33,77730
DHA,2009-05-11,3.33,3.39,3.25,3.25,73900
DHA,2009-05-12,3.25,3.37,3.25,3.33,42920
DHA,2009-05-13,3.42,3.42,3.33,3.34,96070
DHA,2009-05-14,3.4,3.4,3.28,3.37,36710
DHA,2009-05-15,3.37,3.37,3.25,3.37,70830
DHA,2009-05-18,3.25,3.4,3.25,3.4,60810
DHA,2009-05-19,3.56,3.58,3.47,3.58,103280
DHA,2009-05-20,3.75,3.75,3.75,3.75,74810
DHA,2009-05-21,3.88,3.9,3.64,3.75,155460
DHA,2009-05-22,3.71,3.71,3.56,3.64,124330
DHA,2009-05-25,3.76,3.81,3.73,3.81,77880
DHA,2009-05-26,3.93,3.93,3.81,3.93,89140
DHA,2009-05-27,3.82,3.92,3.75,3.81,109730
DHA,2009-05-28,3.65,3.76,3.64,3.71,81210
DHA,2009-05-29,3.9,3.9,3.75,3.81,32750
DHA,2009-06-01,3.95,3.99,3.92,3.99,63760
DHA,2009-06-02,4.18,4.18,4.18,4.18,63330
DHA,2009-06-03,4.38,4.38,4.33,4.38,196980
DHA,2009-06-04,4.55,4.6,4.53,4.6,94650
DHA,2009-06-05,4.81,4.81,4.81,4.81,36660
DHA,2009-06-08,5.05,5.05,5.03,5.05,147540
DHA,2009-06-09,4.95,5.05,4.95,4.81,148470
DHA,2009-06-10,4.58,4.6,4.58,4.58,76130
DHA,2009-06-11,4.58,4.58,4.58,4.8,151690
DHA,2009-06-12,5.03,5.03,4.66,4.8,132770
DHA,2009-06-15,4.61,4.61,4.57,4.57,99340
DHA,2009-06-16,4.35,4.35,4.35,4.35,27520
DHA,2009-06-17,4.13,4.33,4.13,4.32,81450
DHA,2009-06-18,4.47,4.5,4.41,4.47,26530
DHA,2009-06-19,4.33,4.49,4.33,4.33,18280
DHA,2009-06-22,4.18,4.49,4.12,4.49,48780
DHA,2009-06-23,4.27,4.29,4.27,4.27,96880
DHA,2009-06-24,4.21,4.47,4.21,4.47,48070
DHA,2009-06-25,4.57,4.57,4.26,4.26,94540
DHA,2009-06-26,4.33,4.33,4.18,4.33,14500
DHA,2009-06-29,4.29,4.33,4.18,4.18,15740
DHA,2009-06-30,4.33,4.33,4.05,4.05,10110
DHA,2009-07-01,3.85,4.05,3.85,3.85,53660
DHA,2009-07-02,4.02,4.02,3.95,4.01,21350
DHA,2009-07-03,3.88,4.02,3.88,3.99,19970
DHA,2009-07-06,4.15,4.18,3.88,4.18,14220
DHA,2009-07-07,4.24,4.26,4.1,4.18,4430
DHA,2009-07-08,4.02,4.32,4.01,4.24,37150
DHA,2009-07-09,4.24,4.33,4.18,4.23,53110
DHA,2009-07-10,4.19,4.32,4.15,4.21,40190
DHA,2009-07-13,4.1,4.1,4.01,4.01,17880
DHA,2009-07-14,3.96,4.02,3.95,4.02,11220
DHA,2009-07-15,4.1,4.18,4.02,4.02,12890
DHA,2009-07-16,4.18,4.18,4.05,4.15,16250
DHA,2009-07-17,4.18,4.18,4.18,4.18,2220
DHA,2009-07-20,4.18,4.18,3.98,3.99,10730
DHA,2009-07-21,3.95,4.1,3.95,4.02,1640
DHA,2009-07-22,4.16,4.16,4.07,4.07,560
DHA,2009-07-23,4.02,4.07,3.95,4.07,6950
DHA,2009-07-24,4.27,4.27,4.27,4.27,11330
DHA,2009-07-27,4.47,4.47,4.47,4.47,18460
DHA,2009-07-28,4.69,4.69,4.49,4.5,185150
DHA,2009-07-29,4.64,4.66,4.58,4.58,23630
DHA,2009-07-30,4.52,4.58,4.49,4.49,72040
DHA,2009-07-31,4.64,4.64,4.5,4.5,22700
DHA,2009-08-03,4.49,4.57,4.49,4.55,78780
DHA,2009-08-04,4.7,4.7,4.61,4.64,38730
DHA,2009-08-05,4.58,4.64,4.57,4.63,25680
DHA,2009-08-06,4.64,4.66,4.6,4.63,66240
DHA,2009-08-07,4.72,4.74,4.66,4.7,56750
DHA,2009-08-10,4.84,4.89,4.8,4.89,125970
DHA,2009-08-11,4.91,5.0,4.91,5.0,203160
DHA,2009-08-12,5.18,5.18,5.11,5.11,108950
DHA,2009-08-13,5.11,5.26,5.11,5.26,109970
DHA,2009-08-14,5.26,5.26,5.09,5.11,65710
DHA,2009-08-17,4.94,5.22,4.94,5.01,104180
DHA,2009-08-18,4.8,5.11,4.78,5.11,170440
DHA,2009-08-19,5.25,5.25,5.11,5.14,110430
DHA,2009-08-20,5.15,5.23,5.08,5.23,121200
DHA,2009-08-21,5.45,5.48,5.42,5.48,229310
DHA,2009-08-24,5.46,5.46,5.42,5.45,83230
DHA,2009-08-25,5.36,5.45,5.34,5.45,104450
DHA,2009-08-26,5.42,5.43,5.36,5.42,68680
DHA,2009-08-27,5.31,5.43,5.31,5.42,72600
DHA,2009-08-28,5.49,5.49,5.39,5.45,40860
DHA,2009-08-31,5.45,5.57,5.45,5.45,76170
DHA,2009-09-01,5.48,5.49,5.4,5.48,137950
DHA,2009-09-03,5.45,5.48,5.42,5.45,69000
DHA,2009-09-04,5.28,5.49,5.28,5.28,51670
DHA,2009-09-07,5.03,5.28,5.01,5.03,118490
DHA,2009-09-08,5.2,5.2,5.11,5.2,80000
DHA,2009-09-09,5.18,5.36,5.11,5.18,57530
DHA,2009-09-10,5.2,5.23,5.12,5.2,57550
DHA,2009-09-11,5.39,5.45,5.26,5.45,139930
DHA,2009-09-14,5.71,5.71,5.65,5.71,297700
DHA,2009-09-15,5.65,5.85,5.54,5.71,166510
DHA,2009-09-16,5.6,5.7,5.57,5.65,91200
DHA,2009-09-17,5.53,5.68,5.51,5.57,68750
DHA,2009-09-18,5.51,5.65,5.51,5.65,73600
DHA,2009-09-21,5.65,5.7,5.57,5.65,110030
DHA,2009-09-22,5.57,5.65,5.53,5.53,121230
DHA,2009-09-23,5.68,5.79,5.56,5.79,130000
DHA,2009-09-24,6.07,6.07,5.9,6.07,366930
DHA,2009-09-25,6.36,6.36,6.36,6.36,50200
DHA,2009-09-28,6.67,6.67,6.67,6.67,18260
DHA,2009-09-29,7.0,7.0,7.0,7.0,30350
DHA,2009-09-30,7.34,7.34,7.2,7.34,805080
DHA,2009-10-01,7.27,7.34,7.2,7.2,237110
DHA,2009-10-02,7.1,7.27,6.84,7.27,246650
DHA,2009-10-05,7.54,7.54,7.2,7.51,172010
DHA,2009-10-06,7.66,7.69,7.34,7.51,158210
DHA,2009-10-07,7.51,7.65,7.51,7.54,174590
DHA,2009-10-08,7.48,7.52,7.43,7.46,77460
DHA,2009-10-09,7.82,7.82,7.82,7.82,128270
DHA,2009-10-12,8.2,8.2,8.2,8.2,103770
DHA,2009-10-13,8.59,8.59,8.2,8.59,410540
DHA,2009-10-14,8.43,8.98,8.43,8.82,219930
DHA,2009-10-15,8.98,8.98,8.74,8.82,193000
DHA,2009-10-16,8.59,8.67,8.43,8.43,223390
DHA,2009-10-19,8.36,8.36,8.05,8.13,123720
DHA,2009-10-20,8.51,8.51,8.13,8.43,100600
DHA,2009-10-21,8.2,8.51,8.2,8.43,114140
DHA,2009-10-22,8.43,8.67,8.43,8.51,141580
DHA,2009-10-23,8.51,8.51,8.13,8.13,123070
DHA,2009-10-26,8.13,8.36,7.72,7.72,132030
DHA,2009-10-27,7.46,7.74,7.43,7.51,105400
DHA,2009-10-28,7.82,7.82,7.63,7.82,140210
DHA,2009-10-29,7.82,7.82,7.46,7.58,86820
DHA,2009-10-30,7.82,7.82,7.63,7.66,69460
DHA,2009-11-02,7.37,7.38,7.29,7.29,79520
DHA,2009-11-03,7.12,7.15,6.93,6.95,131440
DHA,2009-11-04,6.96,7.23,6.73,6.96,36350
DHA,2009-11-05,7.27,7.27,7.01,7.27,106620
DHA,2009-11-06,7.32,7.35,7.17,7.17,66160
DHA,2009-11-09,6.92,6.96,6.81,6.81,94900
DHA,2009-11-10,6.62,6.66,6.47,6.47,180960
DHA,2009-11-11,6.42,6.64,6.35,6.64,53930
DHA,2009-11-12,6.81,6.96,6.73,6.93,64740
DHA,2009-11-13,6.92,7.1,6.89,7.0,91080
DHA,2009-11-16,7.0,7.15,6.98,7.03,42980
DHA,2009-11-17,7.01,7.04,6.96,6.98,55220
DHA,2009-11-18,7.32,7.32,6.96,7.32,56450
DHA,2009-11-19,7.49,7.68,7.43,7.68,189360
DHA,2009-11-20,7.71,7.71,7.35,7.43,58470
DHA,2009-11-23,7.43,7.43,7.06,7.06,85510
DHA,2009-11-24,6.93,7.23,6.83,6.83,34190
DHA,2009-11-25,6.84,6.84,6.48,6.48,74680
DHA,2009-11-26,6.19,6.35,6.18,6.18,123500
DHA,2009-11-27,5.88,6.47,5.88,6.47,106200
DHA,2009-11-30,6.5,6.76,6.47,6.76,34480
DHA,2009-12-01,7.06,7.06,6.64,6.93,41820
DHA,2009-12-02,6.72,6.87,6.59,6.59,53950
DHA,2009-12-03,6.81,6.81,6.42,6.64,39120
DHA,2009-12-04,6.5,6.69,6.58,6.69,16420
DHA,2009-12-07,6.69,6.69,6.52,6.52,19440
DHA,2009-12-08,6.5,6.55,6.42,6.5,16260
DHA,2009-12-09,6.24,6.24,6.18,6.18,29330
DHA,2009-12-10,6.18,6.35,5.88,5.88,34470
DHA,2009-12-11,5.8,5.82,5.59,5.59,57220
DHA,2009-12-14,5.45,5.87,5.45,5.8,32510
DHA,2009-12-15,5.99,5.99,5.68,5.8,45680
DHA,2009-12-16,5.73,5.73,5.53,5.53,22940
DHA,2009-12-17,5.31,5.39,5.26,5.26,35120
DHA,2009-12-18,5.51,5.53,5.49,5.53,23760
DHA,2009-12-21,5.76,5.79,5.57,5.79,18010
DHA,2009-12-22,5.83,5.93,5.79,5.93,35170
DHA,2009-12-23,5.88,5.96,5.88,5.94,14370
DHA,2009-12-24,6.04,6.1,6.01,6.04,13280
DHA,2009-12-25,6.04,6.33,6.04,6.33,36670
DHA,2009-12-28,6.35,6.48,6.31,6.48,31770
DHA,2009-12-29,6.48,6.55,6.28,6.55,28420
DHA,2009-12-30,6.81,6.81,6.66,6.81,35480
DHA,2009-12-31,6.96,7.15,6.81,6.81,71200
DHA,2010-01-04,7.15,7.15,7.15,7.15,22990
DHA,2010-01-05,7.49,7.51,7.21,7.21,58120
DHA,2010-01-06,7.06,7.43,7.06,7.27,31670
DHA,2010-01-07,7.35,7.43,7.07,7.27,121920
DHA,2010-01-08,7.52,7.52,7.1,7.1,62110
DHA,2010-01-11,7.2,7.26,7.07,7.17,12430
DHA,2010-01-12,7.04,7.12,6.96,6.96,20130
DHA,2010-01-13,6.79,6.96,6.62,6.96,37150
DHA,2010-01-14,7.2,7.2,6.78,7.12,27670
DHA,2010-01-15,6.87,6.89,6.79,6.79,8780
DHA,2010-01-18,6.47,6.78,6.47,6.47,20860
DHA,2010-01-19,6.35,6.66,6.35,6.58,5290
DHA,2010-01-20,6.5,6.78,6.35,6.56,36980
DHA,2010-01-21,6.3,6.56,6.28,6.28,20270
DHA,2010-01-22,6.13,6.28,5.97,6.19,10560
DHA,2010-01-25,6.21,6.48,6.19,6.35,18320
DHA,2010-01-26,6.58,6.66,6.35,6.64,81420
DHA,2010-01-27,6.58,6.9,6.5,6.58,19750
DHA,2010-01-28,6.53,6.59,6.5,6.59,10490
DHA,2010-01-29,6.41,6.58,6.41,6.58,7120
DHA,2010-02-01,6.5,6.58,6.5,6.5,25190
DHA,2010-02-02,6.58,6.58,6.35,6.42,54590
DHA,2010-02-03,6.52,6.52,6.27,6.5,45040
DHA,2010-02-04,6.5,6.5,6.41,6.41,50530
DHA,2010-02-05,6.41,6.41,6.19,6.27,42620
DHA,2010-02-08,6.13,6.3,6.13,6.13,6870
DHA,2010-02-09,6.01,6.08,6.01,6.02,22530
DHA,2010-02-10,6.02,6.11,6.02,6.02,12310
DHA,2010-02-11,6.22,6.3,6.04,6.22,16230
DHA,2010-02-12,6.47,6.47,6.22,6.24,6950
DHA,2010-02-22,6.42,6.42,6.35,6.36,34300
DHA,2010-02-23,6.19,6.35,6.19,6.19,29520
DHA,2010-02-24,6.19,6.22,6.19,6.22,20140
DHA,2010-02-25,6.27,6.35,6.27,6.27,21180
DHA,2010-02-26,6.35,6.41,6.27,6.41,10600
DHA,2010-03-01,6.41,6.41,6.39,6.41,16040
DHA,2010-03-02,6.48,6.62,6.47,6.55,63220
DHA,2010-03-03,6.55,6.81,6.55,6.81,82200
DHA,2010-03-04,6.89,6.96,6.66,6.89,27310
DHA,2010-03-05,6.66,6.89,6.66,6.69,24420
DHA,2010-03-08,6.81,7.01,6.81,7.01,113540
DHA,2010-03-09,7.06,7.31,7.06,7.17,77520
DHA,2010-03-10,7.17,7.49,7.17,7.49,142050
DHA,2010-03-11,7.58,7.74,7.51,7.68,111330
DHA,2010-03-12,7.68,7.68,7.43,7.55,104500
DHA,2010-03-15,7.55,7.65,7.54,7.54,156750
DHA,2010-03-16,7.27,7.52,7.27,7.41,112860
DHA,2010-03-17,7.51,7.51,7.38,7.43,74330
DHA,2010-03-18,7.43,7.74,7.43,7.74,136400
DHA,2010-03-19,8.05,8.13,7.82,8.05,392960
DHA,2010-03-22,7.89,8.05,7.65,7.65,74090
DHA,2010-03-23,7.66,7.66,7.43,7.48,119210
DHA,2010-03-24,7.74,7.74,7.43,7.55,41780
DHA,2010-03-25,7.52,7.89,7.26,7.58,159970
DHA,2010-03-26,7.58,7.6,7.48,7.58,39260
DHA,2010-03-29,7.49,7.58,7.49,7.52,76020
DHA,2010-03-30,7.27,7.52,7.27,7.27,61330
DHA,2010-03-31,7.2,7.55,7.2,7.27,40320
DHA,2010-04-01,7.43,7.43,7.27,7.43,37710
DHA,2010-04-02,7.49,7.49,7.4,7.43,24090
DHA,2010-04-05,7.4,7.49,7.4,7.4,63710
DHA,2010-04-06,7.4,7.72,7.4,7.58,132560
DHA,2010-04-07,7.61,7.89,7.61,7.82,175000
DHA,2010-04-08,7.89,7.89,7.66,7.82,34230
DHA,2010-04-09,7.97,7.97,7.82,7.82,49440
DHA,2010-04-12,7.71,7.82,7.66,7.71,57570
DHA,2010-04-13,7.6,7.72,7.6,7.68,64340
DHA,2010-04-14,7.51,7.58,7.49,7.49,56000
DHA,2010-04-15,7.68,7.69,7.58,7.68,64380
DHA,2010-04-16,7.82,7.82,7.66,7.74,24780
DHA,2010-04-19,7.74,7.74,7.68,7.74,123880
DHA,2010-04-20,7.82,7.82,7.61,7.66,127960
DHA,2010-04-21,7.66,7.97,7.66,7.97,233590
DHA,2010-04-22,8.05,8.13,8.05,8.05,111350
DHA,2010-04-26,8.05,8.05,7.89,8.05,150700
DHA,2010-04-27,7.82,8.05,7.74,8.05,71760
DHA,2010-04-28,7.97,7.97,7.65,7.74,65270
DHA,2010-04-29,7.74,8.13,7.74,8.13,170980
DHA,2010-05-04,8.36,8.36,8.13,8.28,69300
DHA,2010-05-05,8.13,8.36,8.05,8.28,231430
DHA,2010-05-06,8.2,8.36,8.2,8.2,134840
DHA,2010-05-07,7.89,8.13,7.82,7.97,180600
DHA,2010-05-10,7.82,7.89,7.68,7.71,63980
DHA,2010-05-11,7.71,7.89,7.71,7.74,38320
DHA,2010-05-12,7.74,7.74,7.4,7.4,80200
DHA,2010-05-13,7.4,7.58,7.38,7.38,115600
DHA,2010-05-14,7.44,7.51,7.38,7.4,58930
DHA,2010-05-17,7.4,7.41,7.35,7.38,34610
DHA,2010-05-18,7.43,7.51,7.38,7.51,67530
DHA,2010-05-19,7.35,7.46,7.2,7.27,151350
DHA,2010-05-20,6.98,7.43,6.98,7.43,33610
DHA,2010-05-21,7.09,7.4,7.06,7.06,141840
DHA,2010-05-24,7.06,7.32,6.96,7.1,129600
DHA,2010-05-25,7.09,7.09,6.96,7.01,114570
DHA,2010-05-26,6.98,7.26,6.98,7.13,43950
DHA,2010-05-27,7.27,7.27,7.04,7.27,4230
DHA,2010-05-28,7.57,7.57,7.29,7.43,50350
DHA,2010-05-31,7.27,7.43,7.27,7.34,45650
DHA,2010-06-01,7.27,7.34,7.2,7.34,16830
DHA,2010-06-02,7.2,7.31,7.12,7.2,77380
DHA,2010-06-03,7.38,7.38,7.2,7.2,22000
DHA,2010-06-04,7.35,7.35,7.17,7.2,16650
DHA,2010-06-07,7.2,7.2,6.96,7.06,21450
DHA,2010-06-08,7.06,7.1,7.01,7.01,40240
DHA,2010-06-09,7.23,7.23,7.03,7.12,10880
DHA,2010-06-10,7.12,7.12,6.79,6.79,26290
DHA,2010-06-11,7.12,7.12,7.1,7.1,24810
DHA,2010-06-14,7.09,7.35,7.0,7.09,25900
DHA,2010-06-15,7.06,7.27,7.03,7.27,8750
DHA,2010-06-16,7.27,7.34,7.27,7.27,23130
DHA,2010-06-17,7.27,7.29,7.12,7.29,12390
DHA,2010-06-18,7.27,7.27,7.2,7.23,19240
DHA,2010-06-21,7.21,7.27,7.21,7.21,23650
DHA,2010-06-22,7.27,7.27,7.17,7.17,23640
DHA,2010-06-23,7.18,7.18,7.07,7.17,21710
DHA,2010-06-24,7.52,7.52,7.12,7.52,52240
DHA,2010-06-25,7.18,7.27,7.18,7.2,13500
DHA,2010-06-28,7.24,7.27,7.12,7.17,49400
DHA,2010-06-29,7.17,7.32,7.17,7.32,65510
DHA,2010-06-30,7.13,7.27,7.12,7.27,20840
DHA,2010-07-01,7.13,7.27,7.12,7.13,34430
DHA,2010-07-02,7.1,7.13,7.1,7.1,49640
DHA,2010-07-05,7.18,7.18,7.1,7.18,10600
DHA,2010-07-06,7.18,7.18,7.12,7.17,4830
DHA,2010-07-07,7.04,7.17,7.04,7.04,2630
DHA,2010-07-08,7.38,7.38,7.29,7.38,345410
DHA,2010-07-09,7.58,7.58,7.26,7.35,159590
DHA,2010-07-12,7.35,7.43,7.12,7.38,80750
DHA,2010-07-13,7.43,7.43,7.38,7.43,54820
DHA,2010-07-14,7.43,7.43,7.24,7.24,71070
DHA,2010-07-15,7.24,7.35,7.23,7.23,89670
DHA,2010-07-16,7.27,7.34,7.21,7.23,110240
DHA,2010-07-19,7.42,7.52,7.35,7.42,40450
DHA,2010-07-20,7.45,7.47,7.28,7.3,18500
DHA,2010-07-21,7.16,7.28,7.01,7.03,33700
DHA,2010-07-22,6.94,6.94,6.79,6.79,53580
DHA,2010-07-23,6.79,6.86,6.74,6.74,36330
DHA,2010-07-26,6.55,6.94,6.55,6.74,42550
DHA,2010-07-27,6.74,6.84,6.74,6.74,20530
DHA,2010-07-28,6.65,6.84,6.62,6.65,13590
DHA,2010-07-29,6.57,6.69,6.55,6.67,7410
DHA,2010-07-30,6.67,6.72,6.67,6.69,13640
DHA,2010-08-02,6.69,6.79,6.69,6.69,18550
DHA,2010-08-03,6.69,6.82,6.69,6.69,9390
DHA,2010-08-04,6.67,6.67,6.52,6.6,15970
DHA,2010-08-05,6.52,6.65,6.52,6.52,6610
DHA,2010-08-06,6.57,6.6,6.52,6.57,28150
DHA,2010-08-09,6.55,6.67,6.43,6.55,5870
DHA,2010-08-10,6.5,6.6,6.43,6.48,88370
DHA,2010-08-11,6.48,6.6,6.48,6.48,18840
DHA,2010-08-12,6.18,6.52,6.18,6.18,28220
DHA,2010-08-13,6.31,6.31,6.14,6.31,13490
DHA,2010-08-16,6.52,6.55,6.35,6.52,13100
DHA,2010-08-17,6.35,6.48,6.31,6.35,14560
DHA,2010-08-18,6.21,6.43,6.18,6.18,10080
DHA,2010-08-19,6.16,6.31,6.11,6.16,15550
DHA,2010-08-20,6.16,6.21,6.06,6.21,17740
DHA,2010-08-23,6.21,6.21,6.14,6.21,9060
DHA,2010-08-24,6.11,6.11,5.97,5.97,29600
DHA,2010-08-25,5.82,5.85,5.7,5.75,42410
DHA,2010-08-26,5.87,5.87,5.7,5.7,12060
DHA,2010-08-27,5.7,5.82,5.6,5.77,22150
DHA,2010-08-30,5.94,6.04,5.94,6.04,26220
DHA,2010-08-31,6.21,6.26,5.94,6.21,8470
DHA,2010-09-01,6.31,6.31,6.11,6.21,13950
DHA,2010-09-06,6.33,6.48,6.33,6.4,33810
DHA,2010-09-07,6.26,6.45,6.23,6.33,6190
DHA,2010-09-08,6.33,6.33,6.06,6.06,32010
DHA,2010-09-09,6.28,6.28,6.23,6.26,6530
DHA,2010-09-10,6.23,6.31,6.06,6.06,13910
DHA,2010-09-13,6.06,6.09,5.99,6.06,23270
DHA,2010-09-14,6.06,6.09,6.06,6.06,7130
DHA,2010-09-15,6.06,6.11,6.06,6.06,4620
DHA,2010-09-16,6.06,6.06,5.97,6.06,2790
DHA,2010-09-17,6.18,6.23,6.09,6.18,28390
DHA,2010-09-20,6.16,6.26,6.06,6.16,12270
DHA,2010-09-21,6.18,6.18,6.11,6.18,13710
DHA,2010-09-22,6.18,6.21,6.11,6.18,13160
DHA,2010-09-23,6.14,6.26,6.14,6.14,13270
DHA,2010-09-24,6.11,6.18,6.11,6.11,16370
DHA,2010-09-27,6.11,6.14,6.06,6.11,26040
DHA,2010-09-28,6.16,6.18,6.11,6.16,24030
DHA,2010-09-29,6.18,6.21,6.16,6.18,37030
DHA,2010-09-30,6.18,6.18,6.06,6.18,32880
DHA,2010-10-01,6.09,6.09,6.09,6.09,5000
DHA,2010-10-04,5.97,6.09,5.97,5.97,5760
DHA,2010-10-05,5.94,5.94,5.82,5.94,3870
DHA,2010-10-06,6.06,6.06,5.94,6.06,12370
DHA,2010-10-07,5.99,6.04,5.99,5.99,3350
DHA,2010-10-08,5.87,6.04,5.87,5.87,3640
DHA,2010-10-11,5.82,5.89,5.77,5.82,1900
DHA,2010-10-12,5.7,6.06,5.7,5.7,26760
DHA,2010-10-13,5.7,5.7,5.7,5.7,2500
DHA,2010-10-14,5.7,5.72,5.7,5.7,48950
DHA,2010-10-15,5.7,5.7,5.68,5.7,16120
DHA,2010-10-18,5.7,5.7,5.63,5.7,4360
DHA,2010-10-19,5.6,5.65,5.46,5.6,13500
DHA,2010-10-20,5.38,5.6,5.38,5.38,53130
DHA,2010-10-21,5.38,5.46,5.34,5.38,19610
DHA,2010-10-22,5.34,5.41,5.34,5.34,6260
DHA,2010-10-25,5.34,5.34,5.14,5.34,4710
DHA,2010-10-26,5.36,5.6,5.34,5.36,78220
DHA,2010-10-27,5.29,5.38,5.29,5.29,22990
DHA,2010-10-28,5.17,5.29,5.14,5.24,40120
DHA,2010-10-29,5.14,5.24,5.09,5.24,12560
DHA,2010-11-01,5.14,5.26,5.09,5.14,20040
DHA,2010-11-02,5.04,5.12,5.04,5.04,39490
DHA,2010-11-03,5.02,5.04,4.97,5.02,30190
DHA,2010-11-04,5.07,5.12,5.0,5.07,38400
DHA,2010-11-05,5.31,5.31,5.07,5.31,82570
DHA,2010-11-08,5.31,5.34,5.26,5.29,70860
DHA,2010-11-09,5.17,5.24,5.07,5.09,112050
DHA,2010-11-10,5.14,5.17,5.09,5.14,28790
DHA,2010-11-11,5.0,5.14,5.0,5.0,30160
DHA,2010-11-12,5.02,5.02,4.8,4.8,32090
DHA,2010-11-15,4.8,4.85,4.73,4.78,18470
DHA,2010-11-16,4.78,4.78,4.68,4.78,28740
DHA,2010-11-17,4.8,4.85,4.8,4.8,9890
DHA,2010-11-18,5.0,5.02,4.9,5.0,14530
DHA,2010-11-19,4.83,5.17,4.83,4.83,11200
DHA,2010-11-22,4.83,4.85,4.63,4.83,23980
DHA,2010-11-23,4.88,4.98,4.88,4.93,12440
DHA,2010-11-24,4.93,4.93,4.85,4.93,26680
DHA,2010-11-25,4.9,5.03,4.9,4.9,27870
DHA,2010-11-26,4.88,4.9,4.88,4.9,9050
DHA,2010-11-29,4.9,4.9,4.85,4.9,9300
DHA,2010-11-30,5.06,5.13,5.06,5.13,134070
DHA,2010-12-01,5.34,5.39,5.16,5.31,60770
DHA,2010-12-02,5.57,5.57,5.24,5.57,49050
DHA,2010-12-03,5.75,5.82,5.75,5.82,130310
DHA,2010-12-06,5.85,6.1,5.59,6.0,149890
DHA,2010-12-07,5.95,6.0,5.75,5.75,87650
DHA,2010-12-08,5.54,5.62,5.47,5.47,68600
DHA,2010-12-09,5.49,5.59,5.26,5.49,40820
DHA,2010-12-10,5.49,5.75,5.49,5.75,105410
DHA,2010-12-13,6.03,6.03,6.0,6.03,151030
DHA,2010-12-14,5.75,5.85,5.75,5.75,38870
DHA,2010-12-15,5.82,5.9,5.75,5.82,48700
DHA,2010-12-16,5.82,5.82,5.54,5.54,31460
DHA,2010-12-17,5.8,5.8,5.62,5.8,60610
DHA,2010-12-20,5.95,5.95,5.67,5.75,38810
DHA,2010-12-21,5.67,5.9,5.54,5.9,32590
DHA,2010-12-22,5.95,5.95,5.85,5.87,70700
DHA,2010-12-23,5.64,5.85,5.64,5.64,23550
DHA,2010-12-24,5.52,5.64,5.47,5.52,27150
DHA,2010-12-27,5.52,5.62,5.52,5.62,18110
DHA,2010-12-28,5.62,5.82,5.57,5.7,15120
DHA,2010-12-29,5.7,5.7,5.49,5.49,54800
DHA,2010-12-30,5.49,5.54,5.44,5.44,10480
DHA,2010-12-31,5.44,5.57,5.44,5.47,10330
DHA,2011-01-04,5.47,5.62,5.47,5.57,4910
DHA,2011-01-05,5.62,5.62,5.52,5.54,7390
DHA,2011-01-06,5.54,5.54,5.54,5.54,4950
DHA,2011-01-07,5.54,5.67,5.47,5.49,5230
DHA,2011-01-10,5.47,5.49,5.36,5.36,21820
DHA,2011-01-11,5.36,5.36,5.26,5.26,2400
DHA,2011-01-12,5.29,5.31,5.26,5.29,10300
DHA,2011-01-13,5.29,5.47,5.29,5.36,6210
DHA,2011-01-14,5.31,5.47,5.29,5.47,20240
DHA,2011-01-17,5.47,5.54,5.47,5.47,8850
DHA,2011-01-18,5.47,5.47,5.29,5.29,4680
DHA,2011-01-19,5.44,5.47,5.36,5.36,15260
DHA,2011-01-20,5.29,5.44,5.29,5.39,13060
DHA,2011-01-21,5.39,5.39,5.34,5.39,19950
DHA,2011-01-24,5.31,5.36,5.24,5.24,19650
DHA,2011-01-25,5.21,5.24,5.18,5.21,7960
DHA,2011-01-26,5.18,5.26,5.18,5.26,13290
DHA,2011-01-27,5.47,5.47,5.24,5.39,20140
DHA,2011-01-28,5.49,5.49,5.31,5.31,1710
DHA,2011-02-08,5.21,5.41,5.21,5.41,29360
DHA,2011-02-09,5.36,5.41,5.29,5.31,5900
DHA,2011-02-10,5.29,5.34,5.21,5.31,9780
DHA,2011-02-11,5.16,5.26,5.11,5.16,27620
DHA,2011-02-14,5.13,5.16,5.13,5.13,15430
DHA,2011-02-15,4.88,5.16,4.88,4.88,45620
DHA,2011-02-16,4.98,4.98,4.78,4.78,34660
DHA,2011-02-17,4.83,4.83,4.67,4.67,45930
DHA,2011-02-18,4.67,4.7,4.62,4.62,25080
DHA,2011-02-21,4.47,4.55,4.39,4.39,42250
DHA,2011-02-22,4.29,4.37,4.29,4.34,13950
DHA,2011-02-23,4.34,4.42,4.21,4.27,27900
DHA,2011-02-24,4.29,4.44,4.21,4.34,26630
DHA,2011-02-25,4.34,4.44,4.34,4.44,15610
DHA,2011-02-28,4.44,4.44,4.34,4.44,24800
DHA,2011-03-01,4.44,4.44,4.42,4.44,4100
DHA,2011-03-02,4.47,4.47,4.34,4.39,7450
DHA,2011-03-03,4.42,4.42,4.21,4.34,16400
DHA,2011-03-04,4.32,4.34,4.32,4.34,12750
DHA,2011-03-07,4.37,4.37,4.21,4.34,6600
DHA,2011-03-08,4.34,4.39,4.34,4.37,10850
DHA,2011-03-09,4.21,4.27,4.21,4.27,3450
DHA,2011-03-10,4.19,4.39,4.19,4.39,25540
DHA,2011-03-11,4.44,4.6,4.44,4.55,54390
DHA,2011-03-14,4.42,4.42,4.34,4.34,15320
DHA,2011-03-15,4.24,4.32,4.16,4.32,14350
DHA,2011-03-16,4.21,4.34,4.21,4.34,17020
DHA,2011-03-17,4.42,4.42,4.37,4.42,5500
DHA,2011-03-18,4.42,4.44,4.39,4.44,18840
DHA,2011-03-21,4.44,4.6,4.37,4.55,7390
DHA,2011-03-22,4.55,4.55,4.34,4.34,12270
DHA,2011-03-23,4.34,4.39,4.34,4.39,30640
DHA,2011-03-24,4.47,4.49,4.47,4.47,3250
DHA,2011-03-25,4.44,4.47,4.44,4.47,5800
DHA,2011-03-28,4.47,4.47,4.37,4.42,9990
DHA,2011-03-29,4.42,4.42,4.34,4.37,8930
DHA,2011-03-30,4.37,4.37,4.37,4.37,0
DHA,2011-03-31,4.42,4.42,4.29,4.34,14760
DHA,2011-04-01,4.34,4.34,4.29,4.29,2040
DHA,2011-04-04,4.09,4.24,4.09,4.09,60130
DHA,2011-04-05,4.09,4.09,3.98,3.98,12550
DHA,2011-04-06,4.01,4.16,3.96,4.16,17940
DHA,2011-04-07,4.06,4.16,4.04,4.04,7860
DHA,2011-04-08,4.16,4.16,4.04,4.04,31950
DHA,2011-04-13,4.04,4.04,3.96,3.96,1530
DHA,2011-04-14,4.04,4.04,3.96,3.98,11720
DHA,2011-04-15,3.96,3.96,3.93,3.96,6000
DHA,2011-04-18,3.96,3.98,3.96,3.96,16210
DHA,2011-04-19,3.83,3.83,3.83,3.83,3230
DHA,2011-04-20,3.83,3.83,3.73,3.73,7440
DHA,2011-04-21,3.81,3.83,3.63,3.63,3480
DHA,2011-04-22,3.63,3.65,3.45,3.45,42990
DHA,2011-04-25,3.55,3.6,3.55,3.6,15610
DHA,2011-04-26,3.58,3.58,3.42,3.45,13370
DHA,2011-04-27,3.58,3.6,3.52,3.6,16070
DHA,2011-04-28,3.58,3.58,3.58,3.58,830
DHA,2011-04-29,3.6,3.6,3.58,3.58,11150
DHA,2011-05-04,3.58,3.6,3.58,3.58,9910
DHA,2011-05-05,3.58,3.58,3.52,3.58,7770
DHA,2011-05-06,3.65,3.65,3.58,3.63,5860
DHA,2011-05-09,3.63,3.63,3.63,3.63,1900
DHA,2011-05-10,3.58,3.63,3.58,3.63,5930
DHA,2011-05-11,3.6,3.6,3.6,3.6,2200
DHA,2011-05-12,3.63,3.63,3.6,3.6,6730
DHA,2011-05-13,3.6,3.63,3.6,3.6,22250
DHA,2011-05-16,3.6,3.6,3.6,3.6,9300
DHA,2011-05-17,3.6,3.6,3.55,3.58,34270
DHA,2011-05-18,3.58,3.58,3.52,3.58,24790
DHA,2011-05-19,3.55,3.58,3.55,3.58,14520
DHA,2011-05-20,3.58,3.58,3.55,3.58,26810
DHA,2011-05-23,3.52,3.63,3.5,3.52,20120
DHA,2011-05-24,3.45,3.45,3.37,3.37,53020
DHA,2011-05-25,3.37,3.37,3.22,3.22,38360
DHA,2011-05-26,3.08,3.36,3.08,3.36,6060
DHA,2011-05-27,3.52,3.52,3.5,3.52,63490
DHA,2011-05-30,3.52,3.61,3.47,3.47,7230
DHA,2011-05-31,3.44,3.61,3.41,3.5,9390
DHA,2011-06-01,3.55,3.63,3.55,3.61,10610
DHA,2011-06-02,3.75,3.77,3.66,3.77,41800
DHA,2011-06-03,3.86,3.86,3.61,3.61,51300
DHA,2011-06-06,3.69,3.69,3.63,3.69,19500
DHA,2011-06-07,3.77,3.86,3.75,3.86,68130
DHA,2011-06-08,3.97,3.99,3.91,3.94,30930
DHA,2011-06-09,4.08,4.13,3.94,4.02,9440
DHA,2011-06-10,4.02,4.22,4.02,4.05,7900
DHA,2011-06-13,4.22,4.22,4.05,4.05,5650
DHA,2011-06-14,4.13,4.13,3.94,4.02,11040
DHA,2011-06-15,3.97,3.99,3.83,3.83,15810
DHA,2011-06-16,3.88,3.97,3.83,3.97,3860
DHA,2011-06-17,4.02,4.02,3.88,3.97,6170
DHA,2011-06-20,3.97,3.97,3.86,3.86,15500
DHA,2011-06-21,3.86,3.97,3.86,3.97,4580
DHA,2011-06-22,4.08,4.08,3.83,3.86,10120
DHA,2011-06-23,4.02,4.02,3.86,3.97,610
DHA,2011-06-24,3.8,3.8,3.8,3.8,5400
DHA,2011-06-27,3.77,3.94,3.77,3.88,5830
DHA,2011-06-28,3.88,3.88,3.8,3.86,10010
DHA,2011-06-29,3.83,3.86,3.83,3.83,4030
DHA,2011-06-30,3.94,3.94,3.86,3.86,2570
DHA,2011-07-01,3.72,3.86,3.69,3.86,7130
DHA,2011-07-04,3.86,3.86,3.86,3.86,1050
DHA,2011-07-05,3.86,3.86,3.75,3.86,3410
DHA,2011-07-06,3.86,3.86,3.86,3.86,40
DHA,2011-07-07,3.75,3.77,3.75,3.75,15190
DHA,2011-07-08,3.75,3.75,3.72,3.75,7730
DHA,2011-07-11,3.75,3.75,3.75,3.75,12610
DHA,2011-07-12,3.75,3.75,3.72,3.75,1950
DHA,2011-07-13,3.75,3.86,3.75,3.86,15550
DHA,2011-07-14,3.86,3.86,3.86,3.86,0
DHA,2011-07-15,3.86,3.86,3.86,3.86,0
DHA,2011-07-18,3.83,3.86,3.83,3.86,70
DHA,2011-07-19,3.75,3.75,3.72,3.72,4530
DHA,2011-07-20,3.72,3.75,3.72,3.72,23700
DHA,2011-07-21,3.72,3.72,3.72,3.72,3000
DHA,2011-07-22,3.72,3.72,3.61,3.72,5020
DHA,2011-07-25,3.66,3.66,3.66,3.66,1890
DHA,2011-07-26,3.52,3.66,3.52,3.66,7520
DHA,2011-07-27,3.58,3.58,3.52,3.55,19830
DHA,2011-07-28,3.52,3.52,3.5,3.5,2250
DHA,2011-07-29,3.5,3.52,3.47,3.47,1750
DHA,2011-08-01,3.47,3.47,3.44,3.44,1240
DHA,2011-08-02,3.38,3.47,3.38,3.47,6520
DHA,2011-08-03,3.5,3.63,3.47,3.63,43360
DHA,2011-08-04,3.66,3.72,3.66,3.72,4100
DHA,2011-08-05,3.61,3.72,3.61,3.63,1140
DHA,2011-08-08,3.61,3.61,3.47,3.47,5010
DHA,2011-08-09,3.38,3.38,3.3,3.3,15710
DHA,2011-08-10,3.44,3.44,3.36,3.36,250
DHA,2011-08-11,3.5,3.5,3.25,3.25,10570
DHA,2011-08-12,3.3,3.3,3.27,3.27,3460
DHA,2011-08-15,3.36,3.36,3.36,3.36,1800
DHA,2011-08-16,3.33,3.38,3.33,3.38,4340
DHA,2011-08-17,3.38,3.47,3.36,3.44,3090
DHA,2011-08-18,3.44,3.61,3.44,3.47,53830
DHA,2011-08-19,3.38,3.38,3.3,3.3,20090
DHA,2011-08-22,3.33,3.44,3.33,3.41,40240
DHA,2011-08-23,3.38,3.41,3.33,3.38,23820
DHA,2011-08-24,3.33,3.36,3.33,3.33,60290
DHA,2011-08-25,3.33,3.36,3.3,3.36,12190
DHA,2011-08-26,3.3,3.33,3.3,3.3,27280
DHA,2011-08-29,3.3,3.33,3.3,3.33,34580
DHA,2011-08-30,3.5,3.5,3.41,3.47,60110
DHA,2011-08-31,3.47,3.55,3.36,3.5,68890
DHA,2011-09-01,3.5,3.66,3.5,3.66,120670
DHA,2011-09-05,3.66,3.66,3.55,3.61,76660
DHA,2011-09-06,3.55,3.55,3.5,3.5,43020
DHA,2011-09-07,3.55,3.61,3.55,3.58,35510
DHA,2011-09-08,3.61,3.75,3.61,3.69,87810
DHA,2011-09-09,3.69,3.69,3.58,3.63,52940
DHA,2011-09-12,3.61,3.69,3.61,3.69,29740
DHA,2011-09-13,3.66,3.86,3.66,3.86,66280
DHA,2011-09-14,3.83,3.83,3.75,3.75,84340
DHA,2011-09-15,3.72,3.75,3.63,3.72,31490
DHA,2011-09-16,3.77,3.77,3.58,3.58,7920
DHA,2011-09-19,3.44,3.69,3.44,3.61,8010
DHA,2011-09-20,3.5,3.66,3.5,3.5,10070
DHA,2011-09-21,3.58,3.63,3.5,3.5,2170
DHA,2011-09-22,3.55,3.61,3.55,3.61,5460
DHA,2011-09-23,3.61,3.61,3.44,3.44,64400
DHA,2011-09-26,3.44,3.47,3.33,3.41,31240
DHA,2011-09-27,3.47,3.5,3.25,3.38,73710
DHA,2011-09-28,3.38,3.38,3.25,3.33,67550
DHA,2011-09-29,3.3,3.3,3.19,3.27,44680
DHA,2011-09-30,3.25,3.33,3.25,3.27,28140
DHA,2011-10-03,3.27,3.27,3.25,3.27,27120
DHA,2011-10-04,3.22,3.3,3.22,3.27,40700
DHA,2011-10-05,3.27,3.36,3.27,3.33,3350
DHA,2011-10-06,3.41,3.44,3.38,3.38,17910
DHA,2011-10-07,3.36,3.41,3.36,3.36,9520
DHA,2011-10-10,3.41,3.41,3.33,3.36,5960
DHA,2011-10-11,3.36,3.36,3.33,3.33,11500
DHA,2011-10-12,3.33,3.33,3.3,3.33,39600
DHA,2011-10-13,3.36,3.38,3.36,3.38,14400
DHA,2011-10-14,3.44,3.44,3.38,3.41,5010
DHA,2011-10-17,3.36,3.44,3.36,3.38,4750
DHA,2011-10-18,3.38,3.38,3.38,3.38,13880
DHA,2011-10-19,3.41,3.41,3.38,3.38,5380
DHA,2011-10-20,3.44,3.44,3.44,3.44,5210
DHA,2011-10-21,3.38,3.52,3.38,3.52,18580
DHA,2011-10-24,3.58,3.61,3.52,3.52,28390
DHA,2011-10-25,3.52,3.52,3.5,3.5,10500
DHA,2011-10-26,3.52,3.52,3.36,3.36,82120
DHA,2011-10-27,3.36,3.5,3.27,3.3,96470
DHA,2011-10-28,3.36,3.41,3.33,3.33,102460
DHA,2011-10-31,3.47,3.47,3.33,3.33,179260
DHA,2011-11-01,3.36,3.36,3.25,3.27,76600
DHA,2011-11-02,3.22,3.22,3.13,3.19,220690
DHA,2011-11-03,3.19,3.19,3.1,3.1,28190
DHA,2011-11-04,3.1,3.16,3.1,3.16,26540
DHA,2011-11-07,3.16,3.16,3.1,3.1,17080
DHA,2011-11-08,3.13,3.13,3.01,3.1,34110
DHA,2011-11-09,3.1,3.1,3.01,3.01,26890
DHA,2011-11-10,3.01,3.01,2.95,2.98,19810
DHA,2011-11-11,2.98,3.01,2.92,2.92,48280
DHA,2011-11-14,2.89,2.92,2.8,2.86,59030
DHA,2011-11-15,2.86,2.89,2.86,2.89,20640
DHA,2011-11-16,2.86,2.95,2.86,2.89,13630
DHA,2011-11-17,2.92,2.95,2.83,2.83,16430
DHA,2011-11-18,2.83,2.83,2.77,2.8,47300
DHA,2011-11-21,2.8,2.86,2.77,2.77,16800
DHA,2011-11-22,2.73,2.83,2.73,2.77,9630
DHA,2011-11-23,2.8,2.86,2.8,2.86,11270
DHA,2011-11-24,2.86,2.89,2.8,2.8,36220
DHA,2011-11-25,2.83,2.89,2.77,2.83,62150
DHA,2011-11-28,2.89,2.95,2.83,2.83,43630
DHA,2011-11-29,2.86,2.86,2.8,2.8,54680
DHA,2011-11-30,2.73,2.8,2.73,2.77,16360
DHA,2011-12-01,2.73,2.77,2.73,2.77,31250
DHA,2011-12-02,2.73,2.77,2.73,2.77,64930
DHA,2011-12-05,2.73,2.86,2.73,2.86,186540
DHA,2011-12-06,2.86,2.86,2.83,2.83,49900
DHA,2011-12-07,2.8,2.86,2.73,2.83,38910
DHA,2011-12-08,2.8,2.83,2.8,2.8,19140
DHA,2011-12-09,2.77,2.77,2.7,2.73,47700
DHA,2011-12-12,2.73,2.73,2.67,2.67,48370
DHA,2011-12-13,2.67,2.73,2.67,2.67,54180
DHA,2011-12-14,2.67,2.7,2.61,2.61,39070
DHA,2011-12-15,2.61,2.61,2.52,2.61,23830
DHA,2011-12-16,2.61,2.64,2.61,2.61,97500
DHA,2011-12-19,2.61,2.61,2.55,2.58,62740
DHA,2011-12-20,2.58,2.58,2.52,2.55,40440
DHA,2011-12-21,2.58,2.58,2.52,2.55,73580
DHA,2011-12-22,2.52,2.55,2.52,2.52,40480
DHA,2011-12-23,2.49,2.52,2.49,2.49,83610
DHA,2011-12-26,2.46,2.46,2.43,2.46,47370
DHA,2011-12-27,2.43,2.46,2.4,2.43,114270
DHA,2011-12-28,2.49,2.49,2.43,2.46,24180
DHA,2011-12-29,2.46,2.49,2.46,2.46,34040
DHA,2011-12-30,2.46,2.58,2.46,2.58,22260
DHA,2012-01-03,2.64,2.64,2.52,2.52,5960
DHA,2012-01-04,2.55,2.61,2.52,2.58,50470
DHA,2012-01-05,2.61,2.61,2.55,2.58,39390
DHA,2012-01-06,2.58,2.61,2.55,2.58,22200
DHA,2012-01-09,2.55,2.58,2.55,2.55,15200
DHA,2012-01-10,2.58,2.67,2.58,2.67,19900
DHA,2012-01-11,2.7,2.77,2.67,2.7,42720
DHA,2012-01-12,2.77,2.77,2.7,2.77,15560
DHA,2012-01-13,2.83,2.89,2.83,2.89,79720
DHA,2012-01-16,2.98,2.98,2.86,2.86,13310
DHA,2012-01-17,2.86,2.89,2.86,2.86,17790
DHA,2012-01-18,2.83,2.89,2.83,2.86,20710
DHA,2012-01-19,2.89,2.92,2.89,2.92,39540
DHA,2012-01-20,2.92,2.95,2.89,2.92,52620
DHA,2012-01-30,2.95,2.98,2.92,2.95,9040
DHA,2012-01-31,2.98,3.04,2.95,2.95,53120
DHA,2012-02-01,3.01,3.01,2.95,3.01,14170
DHA,2012-02-02,3.07,3.13,2.98,3.13,61500
DHA,2012-02-03,3.25,3.25,3.1,3.1,69190
DHA,2012-02-06,3.13,3.13,2.98,3.04,36650
DHA,2012-02-07,3.07,3.07,3.01,3.07,27810
DHA,2012-02-08,3.07,3.16,3.04,3.16,25860
DHA,2012-02-09,3.13,3.16,3.04,3.04,34530
DHA,2012-02-10,3.07,3.07,3.01,3.01,51410
DHA,2012-02-13,3.07,3.07,3.01,3.04,19470
DHA,2012-02-14,3.04,3.1,3.01,3.1,48090
DHA,2012-02-15,3.07,3.13,3.07,3.1,26930
DHA,2012-02-16,3.1,3.13,3.1,3.13,48020
DHA,2012-02-17,3.13,3.16,3.13,3.16,25120
DHA,2012-02-20,3.19,3.28,3.19,3.28,48770
DHA,2012-02-21,3.37,3.37,3.28,3.31,40340
DHA,2012-02-22,3.31,3.46,3.31,3.46,51880
DHA,2012-02-23,3.43,3.62,3.4,3.56,38990
DHA,2012-02-24,3.49,3.59,3.46,3.56,123290
DHA,2012-02-27,3.56,3.56,3.4,3.52,165620
DHA,2012-02-28,3.43,3.43,3.37,3.37,186950
DHA,2012-02-29,3.28,3.34,3.22,3.28,161550
DHA,2012-03-01,3.4,3.43,3.28,3.4,32780
DHA,2012-03-02,3.43,3.49,3.43,3.46,74400
DHA,2012-03-05,3.56,3.62,3.56,3.62,101980
DHA,2012-03-06,3.74,3.74,3.56,3.62,210680
DHA,2012-03-07,3.59,3.59,3.49,3.56,75880
DHA,2012-03-08,3.46,3.52,3.4,3.4,69330
DHA,2012-03-09,3.4,3.46,3.34,3.46,37050
DHA,2012-03-12,3.46,3.46,3.34,3.37,20550
DHA,2012-03-13,3.37,3.43,3.37,3.43,28840
DHA,2012-03-14,3.4,3.43,3.31,3.31,27580
DHA,2012-03-15,3.31,3.46,3.28,3.46,45200
DHA,2012-03-16,3.52,3.52,3.37,3.46,13080
DHA,2012-03-19,3.31,3.49,3.31,3.4,11410
DHA,2012-03-20,3.4,3.43,3.4,3.4,24200
DHA,2012-03-21,3.4,3.56,3.4,3.56,96340
DHA,2012-03-22,3.49,3.71,3.49,3.71,230170
DHA,2012-03-23,3.8,3.89,3.8,3.89,160490
DHA,2012-03-26,4.07,4.07,3.89,3.98,191390
DHA,2012-03-27,3.83,3.98,3.8,3.8,89440
DHA,2012-03-28,3.83,3.89,3.74,3.89,30410
DHA,2012-03-29,3.92,3.95,3.71,3.77,48870
DHA,2012-03-30,3.8,3.8,3.62,3.77,18280
DHA,2012-04-03,3.77,3.83,3.77,3.83,11610
DHA,2012-04-04,3.92,3.92,3.68,3.77,20350
DHA,2012-04-05,3.89,3.89,3.71,3.8,42640
DHA,2012-04-06,3.83,3.83,3.74,3.8,22200
DHA,2012-04-09,3.8,3.83,3.74,3.83,32450
DHA,2012-04-10,3.86,3.86,3.8,3.83,49920
DHA,2012-04-11,3.89,3.89,3.77,3.83,109570
DHA,2012-04-12,3.89,4.01,3.89,4.01,376420
DHA,2012-04-13,3.98,4.1,3.95,4.1,116820
DHA,2012-04-16,4.01,4.28,4.01,4.25,61570
DHA,2012-04-17,4.16,4.38,4.13,4.38,60350
DHA,2012-04-18,4.38,4.38,4.16,4.19,121810
DHA,2012-04-19,4.1,4.19,4.01,4.01,60460
DHA,2012-04-20,3.95,4.07,3.92,4.01,65580
DHA,2012-04-23,4.01,4.04,3.95,3.95,8970
DHA,2012-04-24,3.92,4.07,3.77,3.95,70540
DHA,2012-04-25,4.04,4.07,3.95,4.07,90110
DHA,2012-04-26,4.1,4.13,4.04,4.07,74120
DHA,2012-04-27,4.01,4.1,4.01,4.04,88590
DHA,2012-05-02,4.04,4.07,3.95,3.95,106390
DHA,2012-05-03,3.95,3.98,3.83,3.92,35290
DHA,2012-05-04,3.98,4.01,3.92,3.95,144730
DHA,2012-05-07,4.07,4.13,4.04,4.13,251530
DHA,2012-05-08,4.13,4.22,4.1,4.1,128660
DHA,2012-05-09,4.1,4.25,4.07,4.22,101440
DHA,2012-05-10,4.38,4.38,4.25,4.31,161590
DHA,2012-05-11,4.19,4.28,4.16,4.16,73490
DHA,2012-05-14,4.22,4.22,3.98,3.98,136940
DHA,2012-05-15,3.92,4.01,3.8,3.83,95250
DHA,2012-05-16,3.89,3.92,3.77,3.8,94710
DHA,2012-05-17,3.95,3.95,3.8,3.8,52840
DHA,2012-05-18,3.8,3.8,3.62,3.62,121900
DHA,2012-05-21,3.74,3.77,3.74,3.77,17010
DHA,2012-05-22,3.89,3.92,3.8,3.89,76510
DHA,2012-05-23,3.92,3.96,3.72,3.72,56870
DHA,2012-05-24,3.72,3.82,3.56,3.63,34490
DHA,2012-05-25,3.63,3.79,3.63,3.79,78790
DHA,2012-05-28,3.89,3.89,3.69,3.69,40810
DHA,2012-05-29,3.69,3.82,3.69,3.82,33310
DHA,2012-05-30,3.86,3.86,3.69,3.79,24130
DHA,2012-05-31,3.79,3.79,3.66,3.69,26600
DHA,2012-06-01,3.69,3.76,3.66,3.69,16030
DHA,2012-06-04,3.59,3.66,3.56,3.59,32350
DHA,2012-06-05,3.59,3.66,3.56,3.66,26220
DHA,2012-06-06,3.66,3.76,3.59,3.72,42770
DHA,2012-06-07,3.79,3.86,3.72,3.86,28860
DHA,2012-06-08,3.79,3.92,3.79,3.89,67530
DHA,2012-06-11,3.89,3.92,3.79,3.89,39030
DHA,2012-06-12,3.79,3.96,3.79,3.79,12370
DHA,2012-06-13,3.79,3.79,3.76,3.76,5270
DHA,2012-06-14,3.76,3.86,3.76,3.86,15030
DHA,2012-06-15,3.92,3.92,3.76,3.79,24650
DHA,2012-06-18,3.89,3.92,3.79,3.82,9090
DHA,2012-06-19,3.82,3.82,3.72,3.79,30870
DHA,2012-06-20,3.76,3.82,3.72,3.82,21950
DHA,2012-06-21,3.79,3.82,3.72,3.82,6150
DHA,2012-06-22,3.72,3.82,3.72,3.82,2500
DHA,2012-06-25,3.76,3.82,3.66,3.76,24260
DHA,2012-06-26,3.82,3.82,3.63,3.72,12090
DHA,2012-06-27,3.66,3.79,3.59,3.63,48200
DHA,2012-06-28,3.63,3.63,3.56,3.56,20350
DHA,2012-06-29,3.56,3.63,3.53,3.63,42200
DHA,2012-07-02,3.56,3.56,3.53,3.56,9930
DHA,2012-07-03,3.63,3.63,3.49,3.63,34830
DHA,2012-07-04,3.63,3.63,3.56,3.56,12030
DHA,2012-07-05,3.56,3.56,3.46,3.56,19600
DHA,2012-07-06,3.49,3.63,3.49,3.49,3740
DHA,2012-07-09,3.49,3.49,3.39,3.39,20890
DHA,2012-07-10,3.39,3.56,3.39,3.53,14360
DHA,2012-07-11,3.56,3.59,3.36,3.53,29110
DHA,2012-07-12,3.59,3.59,3.39,3.46,31760
DHA,2012-07-13,3.46,3.59,3.46,3.59,20950
DHA,2012-07-16,3.49,3.59,3.43,3.46,27080
DHA,2012-07-17,3.43,3.59,3.43,3.59,6980
DHA,2012-07-18,3.59,3.59,3.46,3.56,49770
DHA,2012-07-19,3.53,3.72,3.53,3.72,49200
DHA,2012-07-20,3.59,3.76,3.59,3.69,36430
DHA,2012-07-23,3.59,3.63,3.53,3.63,24240
DHA,2012-07-24,3.49,3.56,3.46,3.46,33840
DHA,2012-07-25,3.43,3.49,3.43,3.46,21880
DHA,2012-07-26,3.43,3.46,3.39,3.39,34010
DHA,2012-07-27,3.39,3.46,3.26,3.46,74380
DHA,2012-07-30,3.46,3.46,3.39,3.43,5840
DHA,2012-07-31,3.43,3.49,3.36,3.49,8850
DHA,2012-08-01,3.39,3.46,3.33,3.46,31450
DHA,2012-08-02,3.46,3.46,3.36,3.36,8270
DHA,2012-08-03,3.36,3.39,3.36,3.36,20410
DHA,2012-08-06,3.36,3.43,3.36,3.39,4140
DHA,2012-08-07,3.46,3.46,3.36,3.39,6120
DHA,2012-08-08,3.39,3.46,3.36,3.43,7490
DHA,2012-08-09,3.43,3.46,3.39,3.46,23680
DHA,2012-08-10,3.46,3.46,3.39,3.43,13890
DHA,2012-08-13,3.46,3.46,3.36,3.39,22400
DHA,2012-08-14,3.43,3.46,3.36,3.46,12840
DHA,2012-08-15,3.39,3.46,3.39,3.39,6460
DHA,2012-08-16,3.46,3.46,3.39,3.39,23140
DHA,2012-08-17,3.36,3.39,3.36,3.39,14950
DHA,2012-08-20,3.36,3.43,3.36,3.39,22430
DHA,2012-08-21,3.39,3.39,3.23,3.33,48750
DHA,2012-08-22,3.23,3.26,3.16,3.16,93940
DHA,2012-08-23,3.07,3.07,3.03,3.03,64580
DHA,2012-08-24,2.93,3.16,2.93,3.16,16480
DHA,2012-08-27,3.16,3.2,3.03,3.03,45510
DHA,2012-08-28,3.0,3.13,2.97,3.13,5260
DHA,2012-08-29,3.13,3.2,3.13,3.13,11630
DHA,2012-08-30,3.2,3.2,3.13,3.16,15620
DHA,2012-08-31,3.16,3.16,3.1,3.16,4530
DHA,2012-09-04,3.2,3.2,3.16,3.2,5820
DHA,2012-09-05,3.16,3.2,3.13,3.13,20020
DHA,2012-09-06,3.1,3.16,3.1,3.13,11720
DHA,2012-09-07,3.13,3.13,3.03,3.1,13780
DHA,2012-09-10,3.07,3.1,2.97,2.97,66590
DHA,2012-09-11,2.97,3.0,2.93,2.97,6860
DHA,2012-09-12,3.07,3.07,2.97,3.03,14200
DHA,2012-09-13,3.03,3.1,3.03,3.1,16910
DHA,2012-09-14,3.13,3.13,3.1,3.1,28200
DHA,2012-09-17,3.1,3.13,3.03,3.1,3130
DHA,2012-09-18,3.03,3.03,3.03,3.03,6850
DHA,2012-09-19,2.97,3.03,2.93,3.03,7900
DHA,2012-09-20,2.97,3.03,2.97,3.03,15020
DHA,2012-09-21,3.0,3.03,2.97,3.03,19380
DHA,2012-09-24,3.03,3.03,2.97,2.97,4230
DHA,2012-09-25,2.97,2.97,2.97,2.97,10650
DHA,2012-09-26,3.03,3.03,2.93,3.0,26550
DHA,2012-09-27,3.03,3.03,2.97,2.97,11510
DHA,2012-09-28,3.03,3.03,2.97,2.97,13000
DHA,2012-10-01,2.97,2.97,2.83,2.83,26340
DHA,2012-10-02,2.9,2.97,2.8,2.8,3450
DHA,2012-10-03,2.83,2.93,2.8,2.83,4770
DHA,2012-10-04,2.87,2.9,2.83,2.9,37530
DHA,2012-10-05,2.9,2.93,2.9,2.93,10760
DHA,2012-10-08,2.97,3.03,2.9,2.9,15840
DHA,2012-10-09,2.93,2.97,2.93,2.97,13000
DHA,2012-10-10,2.9,3.0,2.9,3.0,14670
DHA,2012-10-11,3.0,3.07,3.0,3.03,13350
DHA,2012-10-12,3.03,3.07,3.03,3.03,10940
DHA,2012-10-15,3.13,3.13,3.1,3.1,1620
DHA,2012-10-16,3.07,3.07,3.03,3.03,9320
DHA,2012-10-17,3.03,3.03,3.03,3.03,1930
DHA,2012-10-18,3.03,3.07,3.03,3.07,9900
DHA,2012-10-19,3.0,3.03,3.0,3.0,5000
DHA,2012-10-22,3.0,3.0,2.93,2.93,11290
DHA,2012-10-23,3.0,3.03,3.0,3.03,5530
DHA,2012-10-24,2.97,3.0,2.97,2.97,4510
DHA,2012-10-25,2.97,2.97,2.9,2.97,5020
DHA,2012-10-26,2.97,2.97,2.9,2.9,14800
DHA,2012-10-29,2.83,2.93,2.83,2.9,3730
DHA,2012-10-30,2.83,2.87,2.83,2.87,4650
DHA,2012-10-31,2.87,2.97,2.87,2.97,1190
DHA,2012-11-01,2.93,2.97,2.9,2.9,3680
DHA,2012-11-02,2.87,2.93,2.8,2.83,11150
DHA,2012-11-05,2.9,2.9,2.77,2.87,11860
DHA,2012-11-06,2.83,2.83,2.83,2.83,200
DHA,2012-11-07,2.83,2.93,2.8,2.93,1340
DHA,2012-11-08,2.87,2.87,2.87,2.87,2010
DHA,2012-11-09,2.97,2.97,2.83,2.93,6160
DHA,2012-11-12,2.93,3.03,2.93,3.0,7500
DHA,2012-11-13,3.0,3.1,2.97,3.0,43870
DHA,2012-11-14,3.0,3.0,3.0,3.0,19100
DHA,2012-11-15,2.97,3.03,2.97,3.03,2910
DHA,2012-11-16,2.97,2.97,2.97,2.97,100
DHA,2012-11-19,2.93,2.97,2.93,2.93,5650
DHA,2012-11-20,2.97,2.97,2.97,2.97,100
DHA,2012-11-21,2.97,3.0,2.93,3.0,15820
DHA,2012-11-22,3.0,3.0,2.93,2.93,820
DHA,2012-11-23,2.97,2.97,2.9,2.93,11060
DHA,2012-11-26,2.93,2.93,2.9,2.9,1400
DHA,2012-11-27,2.9,3.03,2.83,2.83,32200
DHA,2012-11-28,2.8,2.97,2.8,2.97,1550
DHA,2012-11-29,2.9,2.97,2.83,2.97,110
DHA,2012-11-30,2.87,2.97,2.83,2.97,7860
DHA,2012-12-03,2.93,2.97,2.93,2.97,11400
DHA,2012-12-04,2.9,3.03,2.9,3.03,4810
DHA,2012-12-05,3.03,3.03,2.97,3.03,310
DHA,2012-12-06,2.97,2.97,2.9,2.97,4450
DHA,2012-12-07,2.97,2.97,2.9,2.9,7700
DHA,2012-12-10,2.97,3.03,2.97,3.03,11160
DHA,2012-12-11,3.03,3.07,2.97,3.07,16040
DHA,2012-12-12,3.07,3.2,3.07,3.16,12570
DHA,2012-12-13,3.16,3.16,3.07,3.13,18850
DHA,2012-12-14,3.07,3.13,3.0,3.13,14310
DHA,2012-12-17,3.07,3.1,3.07,3.1,650
DHA,2012-12-18,3.1,3.1,3.03,3.07,11990
DHA,2012-12-19,3.07,3.13,3.07,3.13,31730
DHA,2012-12-20,3.1,3.2,3.07,3.2,4970
DHA,2012-12-21,3.07,3.1,3.07,3.1,42500
DHA,2012-12-24,3.1,3.13,3.1,3.1,5000
DHA,2012-12-25,3.1,3.1,3.1,3.1,0
DHA,2012-12-26,3.1,3.16,3.1,3.16,22900
DHA,2012-12-27,3.16,3.16,3.16,3.16,19650
DHA,2012-12-28,3.1,3.23,3.1,3.2,27710
DHA,2013-01-02,3.23,3.33,3.23,3.33,28110
DHA,2013-01-03,3.26,3.3,3.2,3.2,22500
DHA,2013-01-04,3.13,3.23,3.13,3.23,36560
DHA,2013-01-07,3.16,3.33,3.16,3.23,14140
DHA,2013-01-08,3.23,3.26,3.2,3.23,11220
DHA,2013-01-09,3.23,3.3,3.2,3.26,40930
DHA,2013-01-10,3.13,3.3,3.13,3.3,15630
DHA,2013-01-11,3.3,3.33,3.26,3.33,23900
DHA,2013-01-14,3.23,3.3,3.23,3.3,7030
DHA,2013-01-15,3.26,3.36,3.26,3.36,16370
DHA,2013-01-16,3.39,3.46,3.39,3.39,40450
DHA,2013-01-17,3.39,3.43,3.36,3.39,34770
DHA,2013-01-18,3.33,3.43,3.3,3.39,19990
DHA,2013-01-21,3.36,3.43,3.33,3.43,14200
DHA,2013-01-22,3.39,3.43,3.3,3.43,10110
DHA,2013-01-23,3.43,3.43,3.2,3.36,26080
DHA,2013-01-24,3.36,3.36,3.23,3.33,51620
DHA,2013-01-25,3.3,3.3,3.2,3.26,58710
DHA,2013-01-28,3.26,3.3,3.2,3.26,52680
DHA,2013-01-29,3.26,3.26,3.2,3.23,28950
DHA,2013-01-30,3.2,3.3,3.2,3.3,41200
DHA,2013-01-31,3.23,3.26,3.23,3.23,5540
DHA,2013-02-01,3.23,3.26,3.23,3.23,11870
DHA,2013-02-04,3.07,3.23,3.03,3.23,19250
DHA,2013-02-05,3.23,3.23,3.23,3.23,11170
DHA,2013-02-06,3.23,3.3,3.2,3.26,13330
DHA,2013-02-07,3.26,3.3,3.26,3.3,11690
DHA,2013-02-08,3.3,3.3,3.2,3.3,7920
DHA,2013-02-18,3.13,3.3,3.13,3.3,9420
DHA,2013-02-19,3.26,3.3,3.26,3.3,50600
DHA,2013-02-20,3.33,3.43,3.26,3.39,61030
DHA,2013-02-21,3.39,3.43,3.3,3.36,25800
DHA,2013-02-22,3.36,3.36,3.23,3.3,26710
DHA,2013-02-25,3.3,3.3,3.23,3.3,9080
DHA,2013-02-26,3.3,3.3,3.23,3.3,7870
DHA,2013-02-27,3.26,3.3,3.26,3.3,17180
DHA,2013-02-28,3.3,3.33,3.26,3.33,29180
DHA,2013-03-01,3.26,3.36,3.26,3.36,44280
DHA,2013-03-04,3.3,3.3,3.2,3.3,27420
DHA,2013-03-05,3.23,3.3,3.16,3.3,5070
DHA,2013-03-06,3.3,3.3,3.3,3.3,1590
DHA,2013-03-07,3.3,3.3,3.23,3.26,29700
DHA,2013-03-08,3.3,3.3,3.2,3.3,1370
DHA,2013-03-11,3.2,3.3,3.2,3.3,14840
DHA,2013-03-12,3.26,3.33,3.26,3.3,40280
DHA,2013-03-13,3.3,3.33,3.26,3.33,5660
DHA,2013-03-14,3.3,3.3,3.26,3.3,8480
DHA,2013-03-15,3.3,3.39,3.26,3.36,47410
DHA,2013-03-18,3.26,3.36,3.26,3.3,20750
DHA,2013-03-19,3.3,3.33,3.26,3.33,19500
DHA,2013-03-20,3.3,3.33,3.3,3.33,102350
DHA,2013-03-21,3.3,3.33,3.3,3.3,32770
DHA,2013-03-22,3.3,3.3,3.26,3.3,5400
DHA,2013-03-25,3.26,3.26,3.23,3.23,3500
DHA,2013-03-26,3.23,3.26,3.23,3.26,27510
DHA,2013-03-27,3.2,3.3,3.2,3.23,17690
DHA,2013-03-28,3.23,3.23,3.2,3.23,30310
DHA,2013-03-29,3.23,3.23,3.16,3.23,19160
DHA,2013-04-01,3.23,3.3,3.23,3.3,16210
DHA,2013-04-02,3.23,3.26,3.13,3.26,10520
DHA,2013-04-03,3.16,3.23,3.13,3.2,17440
DHA,2013-04-04,3.1,3.2,3.1,3.16,25860
DHA,2013-04-05,3.16,3.16,3.16,3.16,11990
DHA,2013-04-08,3.16,3.23,3.13,3.13,24090
DHA,2013-04-09,3.16,3.26,3.16,3.23,10690
DHA,2013-04-10,3.2,3.23,3.2,3.2,2540
DHA,2013-04-11,3.23,3.23,3.16,3.2,6330
DHA,2013-04-12,3.13,3.2,3.07,3.13,45260
DHA,2013-04-15,3.07,3.07,2.97,2.97,17500
DHA,2013-04-16,2.97,2.97,2.93,2.97,35450
DHA,2013-04-17,3.03,3.07,3.03,3.03,26670
DHA,2013-04-18,3.03,3.03,2.97,3.0,24780
DHA,2013-04-22,3.07,3.07,3.03,3.07,1820
DHA,2013-04-23,3.07,3.1,3.0,3.03,12450
DHA,2013-04-24,3.0,3.0,2.83,2.83,77240
DHA,2013-04-25,2.83,2.87,2.8,2.87,67150
DHA,2013-04-26,2.9,2.9,2.8,2.87,44110
DHA,2013-05-02,2.87,2.93,2.8,2.8,120160
DHA,2013-05-03,2.83,2.97,2.77,2.83,106820
DHA,2013-05-06,2.83,2.97,2.83,2.97,60840
DHA,2013-05-07,2.97,2.97,2.9,2.9,21500
DHA,2013-05-08,2.9,2.93,2.9,2.9,42110
DHA,2013-05-09,2.72,3.01,2.72,2.9,16750
DHA,2013-05-10,2.9,2.97,2.86,2.94,50920
DHA,2013-05-13,2.94,2.94,2.86,2.9,13190
DHA,2013-05-14,2.86,2.94,2.86,2.9,13990
DHA,2013-05-15,2.9,2.9,2.86,2.9,5750
DHA,2013-05-16,2.86,2.94,2.86,2.9,8660
DHA,2013-05-17,2.86,2.94,2.86,2.9,10310
DHA,2013-05-20,2.9,2.9,2.86,2.9,13210
DHA,2013-05-21,2.9,2.94,2.86,2.94,36950
DHA,2013-05-22,2.94,2.94,2.94,2.94,5510
DHA,2013-05-23,2.9,2.94,2.9,2.94,20970
DHA,2013-05-24,2.86,2.9,2.86,2.9,17830
DHA,2013-05-27,2.94,3.01,2.9,3.01,27970
DHA,2013-05-28,2.9,2.97,2.9,2.97,11190
DHA,2013-05-29,2.97,3.01,2.97,2.97,27640
DHA,2013-05-30,3.01,3.01,2.97,2.97,7010
DHA,2013-05-31,2.97,3.08,2.97,3.01,39900
DHA,2013-06-03,3.01,3.04,3.01,3.01,18460
DHA,2013-06-04,3.04,3.08,3.01,3.01,44110
DHA,2013-06-05,2.97,3.01,2.94,3.01,14070
DHA,2013-06-06,2.97,3.01,2.97,2.97,9840
DHA,2013-06-07,2.97,3.04,2.97,3.01,15620
DHA,2013-06-10,3.01,3.08,3.01,3.04,40220
DHA,2013-06-11,3.04,3.08,3.04,3.08,19270
DHA,2013-06-12,3.04,3.08,3.04,3.08,19550
DHA,2013-06-13,3.08,3.08,3.04,3.04,41380
DHA,2013-06-14,3.04,3.12,3.04,3.08,26210
DHA,2013-06-17,3.08,3.12,3.01,3.01,35700
DHA,2013-06-18,3.01,3.04,3.01,3.01,12290
DHA,2013-06-19,3.08,3.12,3.04,3.08,51280
DHA,2013-06-20,3.08,3.12,3.04,3.12,14710
DHA,2013-06-21,3.08,3.12,3.08,3.12,14200
DHA,2013-06-24,3.12,3.12,3.08,3.08,47630
DHA,2013-06-25,3.04,3.08,3.01,3.04,20030
DHA,2013-06-26,3.15,3.15,2.97,3.12,9240
DHA,2013-06-27,3.12,3.12,3.04,3.04,5500
DHA,2013-06-28,3.12,3.12,3.08,3.12,35180
DHA,2013-07-01,3.15,3.15,3.12,3.15,500
DHA,2013-07-02,3.04,3.15,3.04,3.04,93080
DHA,2013-07-03,3.08,3.12,3.04,3.12,11430
DHA,2013-07-04,3.15,3.15,3.04,3.12,2390
DHA,2013-07-05,3.12,3.12,3.12,3.12,30
DHA,2013-07-08,3.12,3.12,3.04,3.04,12430
DHA,2013-07-09,3.04,3.08,3.04,3.08,6010
DHA,2013-07-10,3.08,3.15,3.08,3.15,16310
DHA,2013-07-11,3.12,3.15,3.12,3.15,16990
DHA,2013-07-12,3.12,3.12,3.08,3.08,12300
DHA,2013-07-15,3.12,3.12,3.01,3.01,20210
DHA,2013-07-16,3.04,3.12,3.04,3.12,15450
DHA,2013-07-17,3.08,3.08,3.08,3.08,950
DHA,2013-07-18,3.08,3.12,3.04,3.12,4880
DHA,2013-07-19,3.04,3.04,2.9,2.9,249870
DHA,2013-07-22,2.76,2.9,2.76,2.79,23910
DHA,2013-07-23,2.9,2.9,2.83,2.86,4390
DHA,2013-07-24,2.79,2.83,2.69,2.72,78330
DHA,2013-07-25,2.65,2.69,2.61,2.61,22780
DHA,2013-07-26,2.61,2.61,2.47,2.61,48570
DHA,2013-07-29,2.54,2.58,2.47,2.47,32210
DHA,2013-07-30,2.43,2.58,2.43,2.58,14050
DHA,2013-07-31,2.54,2.58,2.43,2.58,17490
DHA,2013-08-01,2.51,2.65,2.51,2.65,7430
DHA,2013-08-02,2.65,2.65,2.58,2.65,12350
DHA,2013-08-05,2.65,2.65,2.61,2.65,13720
DHA,2013-08-06,2.65,2.72,2.65,2.72,24980
DHA,2013-08-07,2.72,2.83,2.72,2.79,23500
DHA,2013-08-08,2.76,2.79,2.76,2.79,6970
DHA,2013-08-09,2.76,2.76,2.72,2.72,18450
DHA,2013-08-12,2.72,2.76,2.69,2.76,12200
DHA,2013-08-13,2.72,2.72,2.69,2.72,9650
DHA,2013-08-14,2.69,2.76,2.69,2.76,37800
DHA,2013-08-15,2.72,2.72,2.69,2.69,41640
DHA,2013-08-16,2.69,2.72,2.69,2.72,10300
DHA,2013-08-19,2.72,2.76,2.69,2.69,55300
DHA,2013-08-20,2.72,2.76,2.72,2.76,5500
DHA,2013-08-21,2.69,2.83,2.69,2.83,13500
DHA,2013-08-22,2.72,2.76,2.69,2.76,6190
DHA,2013-08-23,2.72,2.72,2.65,2.72,46120
DHA,2013-08-26,2.69,2.72,2.69,2.72,2410
DHA,2013-08-27,2.76,2.76,2.65,2.76,3250
DHA,2013-08-28,2.69,2.76,2.69,2.76,2000
DHA,2013-08-29,2.72,2.76,2.72,2.76,5800
DHA,2013-08-30,2.69,2.72,2.58,2.72,34300
DHA,2013-09-03,2.69,2.72,2.69,2.72,5100
DHA,2013-09-04,2.65,2.69,2.58,2.69,14900
DHA,2013-09-05,2.69,2.72,2.65,2.69,5980
DHA,2013-09-06,2.61,2.61,2.51,2.51,150180
DHA,2013-09-09,2.43,2.43,2.4,2.4,126680
DHA,2013-09-10,2.54,2.54,2.4,2.54,2500
DHA,2013-09-11,2.61,2.61,2.43,2.58,12480
DHA,2013-09-12,2.43,2.43,2.4,2.4,123090
DHA,2013-09-13,2.43,2.47,2.4,2.47,5120
DHA,2013-09-16,2.47,2.51,2.47,2.51,19490
DHA,2013-09-17,2.51,2.51,2.51,2.51,910
DHA,2013-09-18,2.43,2.47,2.4,2.47,2940
DHA,2013-09-19,2.47,2.47,2.36,2.4,35700
DHA,2013-09-20,2.4,2.43,2.4,2.43,41210
DHA,2013-09-23,2.43,2.43,2.4,2.43,15600
DHA,2013-09-24,2.43,2.43,2.36,2.36,78350
DHA,2013-09-25,2.4,2.43,2.4,2.43,1040
DHA,2013-09-26,2.43,2.43,2.4,2.43,15200
DHA,2013-09-27,2.4,2.4,2.36,2.36,46170
DHA,2013-09-30,2.47,2.47,2.36,2.36,121980
DHA,2013-10-01,2.43,2.43,2.4,2.43,18190
DHA,2013-10-02,2.4,2.47,2.4,2.47,17050
DHA,2013-10-03,2.47,2.51,2.43,2.51,33180
DHA,2013-10-04,2.43,2.43,2.43,2.43,8700
DHA,2013-10-07,2.43,2.51,2.43,2.51,10020
DHA,2013-10-08,2.51,2.54,2.43,2.54,22120
DHA,2013-10-09,2.58,2.58,2.47,2.54,27940
DHA,2013-10-10,2.51,2.51,2.47,2.51,16030
DHA,2013-10-11,2.47,2.47,2.43,2.43,8120
DHA,2013-10-14,2.43,2.51,2.43,2.51,3170
DHA,2013-10-15,2.54,2.61,2.51,2.58,27570
DHA,2013-10-16,2.58,2.58,2.47,2.58,5950
DHA,2013-10-17,2.54,2.54,2.51,2.51,4910
DHA,2013-10-18,2.51,2.54,2.51,2.54,8550
DHA,2013-10-21,2.58,2.61,2.51,2.61,20990
DHA,2013-10-22,2.65,2.65,2.58,2.61,52710
DHA,2013-10-23,2.65,2.72,2.65,2.72,33480
DHA,2013-10-24,2.72,2.79,2.69,2.79,19740
DHA,2013-10-25,2.76,2.79,2.72,2.79,5710
DHA,2013-10-28,2.76,2.76,2.69,2.76,8110
DHA,2013-10-29,2.72,2.76,2.69,2.76,8660
DHA,2013-10-30,2.69,2.86,2.69,2.79,7690
DHA,2013-10-31,2.79,2.79,2.72,2.79,12730
DHA,2013-11-01,2.76,2.76,2.72,2.76,13090
DHA,2013-11-04,2.76,2.86,2.72,2.86,49100
DHA,2013-11-05,2.79,2.83,2.79,2.83,11100
DHA,2013-11-06,2.83,2.86,2.83,2.83,8950
DHA,2013-11-07,2.83,2.9,2.83,2.9,32830
DHA,2013-11-08,2.86,2.94,2.86,2.86,7720
DHA,2013-11-11,2.94,2.94,2.86,2.94,16070
DHA,2013-11-12,2.86,2.94,2.86,2.9,4190
DHA,2013-11-13,2.86,2.94,2.86,2.86,14780
DHA,2013-11-14,2.86,2.9,2.86,2.86,12160
DHA,2013-11-15,2.9,2.9,2.86,2.9,16910
DHA,2013-11-18,2.9,3.08,2.9,3.08,23780
DHA,2013-11-19,3.04,3.08,2.97,2.97,14680
DHA,2013-11-20,2.97,3.15,2.97,3.15,15110
DHA,2013-11-21,3.15,3.22,3.08,3.15,15550
DHA,2013-11-22,3.15,3.22,3.08,3.08,13340
DHA,2013-11-25,3.08,3.22,3.08,3.22,25050
DHA,2013-11-26,3.19,3.22,3.12,3.22,8980
DHA,2013-11-27,3.22,3.22,3.22,3.22,13170
DHA,2013-11-28,3.19,3.22,3.15,3.22,6590
DHA,2013-11-29,3.15,3.22,3.12,3.12,220
DHA,2013-12-02,3.15,3.15,3.04,3.08,19060
DHA,2013-12-03,3.15,3.26,3.12,3.12,23000
DHA,2013-12-04,3.08,3.22,3.08,3.19,11100
DHA,2013-12-05,3.22,3.29,3.19,3.26,41270
DHA,2013-12-06,3.22,3.29,3.22,3.26,18930
DHA,2013-12-09,3.26,3.26,3.22,3.22,16450
DHA,2013-12-10,3.22,3.22,3.22,3.22,7280
DHA,2013-12-11,3.22,3.22,3.15,3.15,21750
DHA,2013-12-12,3.19,3.19,3.15,3.19,26400
DHA,2013-12-13,3.19,3.22,3.19,3.19,8530
DHA,2013-12-16,3.19,3.22,3.19,3.22,8990
DHA,2013-12-17,3.26,3.26,3.19,3.26,11350
DHA,2013-12-18,3.19,3.29,3.19,3.26,15450
DHA,2013-12-19,3.22,3.29,3.22,3.29,19340
DHA,2013-12-20,3.26,3.29,3.26,3.29,6620
DHA,2013-12-23,3.22,3.29,3.22,3.29,3110
DHA,2013-12-24,3.29,3.29,3.08,3.08,8740
DHA,2013-12-25,3.29,3.29,3.12,3.22,18090
DHA,2013-12-26,3.22,3.26,3.19,3.26,18350
DHA,2013-12-27,3.26,3.29,3.19,3.22,30680
DHA,2013-12-30,3.22,3.22,3.19,3.19,6200
DHA,2013-12-31,3.26,3.26,3.19,3.19,4030
DHA,2014-01-02,3.19,3.26,3.19,3.22,24260
DHA,2014-01-03,3.29,3.29,3.22,3.26,2320
DHA,2014-01-06,3.26,3.29,3.22,3.26,8160
DHA,2014-01-07,3.22,3.29,3.22,3.29,6130
DHA,2014-01-08,3.22,3.26,3.22,3.26,5970
DHA,2014-01-09,3.29,3.29,3.22,3.29,12910
DHA,2014-01-10,3.26,3.26,3.22,3.26,7000
DHA,2014-01-13,3.26,3.29,3.22,3.29,9200
DHA,2014-01-14,3.22,3.26,3.22,3.26,11100
DHA,2014-01-15,3.22,3.22,3.19,3.22,18650
DHA,2014-01-16,3.26,3.26,3.22,3.26,510
DHA,2014-01-17,3.22,3.22,3.22,3.22,12590
DHA,2014-01-20,3.33,3.44,3.22,3.22,28300
DHA,2014-01-21,3.22,3.26,3.22,3.26,8870
DHA,2014-01-22,3.19,3.22,3.08,3.15,29180
DHA,2014-01-23,3.15,3.15,3.15,3.15,9310
DHA,2014-01-24,3.15,3.15,3.15,3.15,1800
DHA,2014-01-27,3.29,3.37,3.22,3.22,5050
DHA,2014-02-06,3.37,3.37,3.26,3.29,1140
DHA,2014-02-07,3.33,3.33,3.22,3.26,7190
DHA,2014-02-10,3.29,3.33,3.22,3.22,29120
DHA,2014-02-11,3.15,3.26,3.15,3.26,31230
DHA,2014-02-12,3.22,3.26,3.22,3.22,8690
DHA,2014-02-13,3.22,3.29,3.15,3.26,26940
DHA,2014-02-14,3.26,3.33,3.26,3.33,24910
DHA,2014-02-17,3.33,3.44,3.33,3.44,60090
DHA,2014-02-18,3.44,3.51,3.4,3.51,104430
DHA,2014-02-19,3.54,3.54,3.47,3.54,36570
DHA,2014-02-20,3.54,3.54,3.33,3.44,65830
DHA,2014-02-21,3.4,3.47,3.37,3.44,19960
DHA,2014-02-24,3.44,3.47,3.4,3.47,33240
DHA,2014-02-25,3.47,3.51,3.44,3.51,54640
DHA,2014-02-26,3.51,3.58,3.51,3.58,34010
DHA,2014-02-27,3.58,3.69,3.54,3.58,70090
DHA,2014-02-28,3.58,3.62,3.51,3.62,12400
DHA,2014-03-03,3.58,3.58,3.4,3.51,73670
DHA,2014-03-04,3.4,3.51,3.33,3.51,7910
DHA,2014-03-05,3.44,3.51,3.37,3.51,57510
DHA,2014-03-06,3.58,3.58,3.37,3.4,30460
DHA,2014-03-07,3.4,3.54,3.4,3.4,25320
DHA,2014-03-10,3.44,3.54,3.37,3.51,17380
DHA,2014-03-11,3.51,3.54,3.47,3.51,106590
DHA,2014-03-12,3.47,3.51,3.47,3.51,11140
DHA,2014-03-13,3.51,3.51,3.44,3.44,51120
DHA,2014-03-14,3.44,3.47,3.4,3.47,17920
DHA,2014-03-17,3.47,3.69,3.44,3.65,240470
DHA,2014-03-18,3.65,3.65,3.51,3.65,52210
DHA,2014-03-19,3.65,3.9,3.65,3.87,139630
DHA,2014-03-20,3.9,3.97,3.8,3.83,169470
DHA,2014-03-21,3.8,3.9,3.8,3.9,61910
DHA,2014-03-24,4.01,4.01,3.83,3.94,273520
DHA,2014-03-25,3.97,4.19,3.94,4.15,347570
DHA,2014-03-26,4.26,4.37,4.01,4.01,104270
DHA,2014-03-27,3.94,4.01,3.87,3.94,74760
DHA,2014-03-28,3.94,4.12,3.94,4.05,86150
DHA,2014-03-31,4.23,4.23,4.05,4.08,39810
DHA,2014-04-01,4.12,4.12,3.83,4.05,102690
DHA,2014-04-02,4.05,4.05,3.8,3.9,61980
DHA,2014-04-03,3.94,4.01,3.9,3.94,27480
DHA,2014-04-04,3.9,3.94,3.87,3.9,32690
DHA,2014-04-07,3.87,3.9,3.72,3.83,67460
DHA,2014-04-08,3.83,3.83,3.65,3.69,85190
DHA,2014-04-10,3.76,3.76,3.62,3.69,51600
DHA,2014-04-11,3.62,3.76,3.62,3.72,47190
DHA,2014-04-14,3.76,3.76,3.62,3.62,38520
DHA,2014-04-15,3.62,3.62,3.44,3.51,56420
DHA,2014-04-16,3.51,3.51,3.29,3.29,47050
DHA,2014-04-17,3.47,3.51,3.37,3.51,22420
DHA,2014-04-18,3.37,3.51,3.29,3.29,37190
DHA,2014-04-21,3.47,3.47,3.26,3.33,15070
DHA,2014-04-22,3.33,3.4,3.29,3.4,20810
DHA,2014-04-23,3.47,3.47,3.37,3.44,25000
DHA,2014-04-24,3.58,3.58,3.44,3.51,5830
DHA,2014-04-25,3.44,3.51,3.44,3.51,4560
DHA,2014-04-28,3.4,3.51,3.29,3.51,132840
DHA,2014-04-29,3.44,3.44,3.33,3.33,15110
DHA,2014-05-05,3.29,3.44,3.26,3.4,14790
DHA,2014-05-06,3.22,3.4,3.19,3.33,64230
DHA,2014-05-07,3.33,3.37,3.29,3.37,8410
DHA,2014-05-08,3.58,3.58,3.15,3.15,172270
DHA,2014-05-09,3.15,3.37,3.15,3.37,31220
DHA,2014-05-12,3.22,3.22,3.15,3.15,82000
DHA,2014-05-13,3.01,3.15,2.97,3.15,21150
DHA,2014-05-14,2.94,3.37,2.94,3.37,17750
DHA,2014-05-15,3.15,3.47,3.15,3.37,19420
DHA,2014-05-16,3.33,3.52,3.33,3.52,4300
DHA,2014-05-19,3.52,3.52,3.37,3.48,4290
DHA,2014-05-20,3.59,3.59,3.37,3.52,2830
DHA,2014-05-21,3.48,3.52,3.48,3.48,12550
DHA,2014-05-22,3.52,3.55,3.4,3.48,1690
DHA,2014-05-23,3.48,3.48,3.48,3.48,100
DHA,2014-05-26,3.48,3.48,3.48,3.48,20
DHA,2014-05-27,3.48,3.48,3.44,3.44,22940
DHA,2014-05-28,3.4,3.48,3.4,3.44,1120
DHA,2014-05-29,3.44,3.44,3.4,3.4,3400
DHA,2014-05-30,3.48,3.48,3.33,3.4,10020
DHA,2014-06-02,3.48,3.48,3.29,3.44,4750
DHA,2014-06-03,3.4,3.4,3.29,3.37,6820
DHA,2014-06-04,3.29,3.37,3.18,3.37,10510
DHA,2014-06-05,3.37,3.48,3.33,3.44,27120
DHA,2014-06-06,3.44,3.48,3.37,3.44,11500
DHA,2014-06-09,3.44,3.44,3.44,3.44,110
DHA,2014-06-10,3.37,3.48,3.37,3.48,1600
DHA,2014-06-11,3.4,3.44,3.37,3.44,11170
DHA,2014-06-12,3.52,3.52,3.44,3.48,6600
DHA,2014-06-13,3.48,3.52,3.44,3.48,1280
DHA,2014-06-16,3.44,3.48,3.44,3.48,2100
DHA,2014-06-17,3.4,3.48,3.4,3.48,10830
DHA,2014-06-18,3.48,3.52,3.48,3.52,11330
DHA,2014-06-19,3.52,3.52,3.44,3.44,11870
DHA,2014-06-20,3.44,3.52,3.44,3.52,280
DHA,2014-06-23,3.52,3.52,3.44,3.52,12200
DHA,2014-06-24,3.52,3.71,3.52,3.71,40570
DHA,2014-06-25,3.74,3.74,3.74,3.74,200
DHA,2014-06-26,3.78,3.78,3.71,3.78,12270
DHA,2014-06-27,3.59,3.74,3.59,3.74,2260
DHA,2014-06-30,3.9,3.9,3.74,3.78,23910
DHA,2014-07-01,3.78,3.78,3.71,3.78,23290
DHA,2014-07-02,3.78,3.78,3.55,3.74,3180
DHA,2014-07-03,3.78,3.78,3.63,3.74,270
DHA,2014-07-04,3.71,3.71,3.67,3.67,3770
DHA,2014-07-07,3.82,3.82,3.82,3.82,20
DHA,2014-07-08,3.67,3.74,3.59,3.74,28270
DHA,2014-07-09,3.74,3.82,3.63,3.71,15120
DHA,2014-07-10,3.71,3.71,3.59,3.71,4380
DHA,2014-07-11,3.86,3.86,3.71,3.71,15310
DHA,2014-07-14,3.71,3.74,3.71,3.71,2900
DHA,2014-07-15,3.67,3.71,3.63,3.67,22280
DHA,2014-07-16,3.67,3.71,3.55,3.67,40980
DHA,2014-07-17,3.67,3.71,3.63,3.67,62620
DHA,2014-07-18,3.71,3.74,3.63,3.71,86590
DHA,2014-07-21,3.78,3.93,3.78,3.93,232810
DHA,2014-07-22,3.93,3.93,3.9,3.9,67310
DHA,2014-07-23,3.97,3.97,3.9,3.9,60600
DHA,2014-07-24,3.9,3.93,3.86,3.9,80220
DHA,2014-07-25,3.93,3.97,3.9,3.97,42200
DHA,2014-07-28,3.97,3.97,3.86,3.9,35310
DHA,2014-07-29,3.9,4.01,3.86,3.86,27900
DHA,2014-07-30,3.9,3.93,3.86,3.93,41960
DHA,2014-07-31,3.9,3.93,3.86,3.9,3310
DHA,2014-08-01,3.9,3.9,3.9,3.9,36080
DHA,2014-08-04,3.86,3.97,3.86,3.9,19350
DHA,2014-08-05,4.01,4.01,3.86,4.01,42350
DHA,2014-08-06,3.97,4.01,3.97,3.97,27190
DHA,2014-08-07,3.97,4.16,3.97,4.05,6490
DHA,2014-08-08,4.05,4.05,4.01,4.05,8560
DHA,2014-08-11,4.01,4.08,3.97,4.01,50730
DHA,2014-08-12,4.01,4.01,3.97,4.01,25730
DHA,2014-08-13,4.01,4.01,3.93,3.97,54220
DHA,2014-08-14,4.05,4.05,4.01,4.05,3710
DHA,2014-08-15,4.05,4.08,4.05,4.08,40740
DHA,2014-08-18,4.12,4.12,4.05,4.12,69740
DHA,2014-08-19,4.08,4.12,4.05,4.12,51660
DHA,2014-08-20,4.16,4.16,4.08,4.12,28710
DHA,2014-08-21,4.08,4.16,4.05,4.12,93940
DHA,2014-08-22,4.12,4.2,4.12,4.16,90690
DHA,2014-08-25,4.2,4.2,4.12,4.16,33510
DHA,2014-08-26,4.16,4.2,4.12,4.16,69210
DHA,2014-08-27,4.2,4.24,4.12,4.2,30570
DHA,2014-08-28,4.2,4.24,4.16,4.24,48680
DHA,2014-08-29,4.2,4.24,4.16,4.2,92230
DHA,2014-09-03,4.16,4.2,3.93,4.16,124720
DHA,2014-09-04,4.12,4.2,4.12,4.16,175740
DHA,2014-09-05,4.16,4.2,4.12,4.12,170880
DHA,2014-09-08,4.16,4.16,4.12,4.12,113620
DHA,2014-09-09,4.08,4.16,3.9,4.16,60100
DHA,2014-09-10,4.12,4.12,4.08,4.12,5100
DHA,2014-09-11,4.16,4.39,4.12,4.39,288900
DHA,2014-09-12,4.65,4.69,4.54,4.69,214210
DHA,2014-09-15,4.77,4.99,4.77,4.99,95530
DHA,2014-09-16,5.11,5.33,4.99,5.07,502620
DHA,2014-09-17,5.11,5.18,4.95,4.95,130500
DHA,2014-09-18,4.92,5.07,4.92,4.99,74740
DHA,2014-09-19,4.92,4.99,4.8,4.8,76410
DHA,2014-09-22,4.99,5.11,4.8,4.92,68720
DHA,2014-09-23,4.95,4.95,4.92,4.92,71060
DHA,2014-09-24,4.92,5.03,4.88,4.99,31300
DHA,2014-09-25,4.92,4.99,4.77,4.95,58490
DHA,2014-09-26,4.92,4.95,4.84,4.95,9910
DHA,2014-09-29,4.84,4.92,4.73,4.92,6260
DHA,2014-09-30,4.88,4.92,4.8,4.8,5190
DHA,2014-10-01,4.88,4.99,4.84,4.99,43220
DHA,2014-10-02,4.99,4.99,4.84,4.88,87380
DHA,2014-10-03,4.88,5.11,4.88,4.92,42890
DHA,2014-10-06,4.92,5.03,4.88,4.99,97430
DHA,2014-10-07,4.99,5.07,4.99,5.07,52630
DHA,2014-10-08,4.99,5.07,4.99,5.03,16390
DHA,2014-10-09,4.95,5.03,4.95,4.99,50070
DHA,2014-10-10,5.03,5.03,4.92,5.03,4120
DHA,2014-10-13,4.99,5.07,4.99,5.07,20470
DHA,2014-10-14,5.03,5.03,4.84,4.99,16710
DHA,2014-10-15,4.92,4.99,4.92,4.95,10530
DHA,2014-10-16,4.8,4.95,4.73,4.95,34790
DHA,2014-10-17,4.95,4.95,4.77,4.92,16190
DHA,2014-10-20,4.92,4.92,4.73,4.73,11860
DHA,2014-10-21,4.77,4.88,4.73,4.73,3560
DHA,2014-10-22,4.77,5.03,4.77,5.03,42510
DHA,2014-10-23,5.22,5.22,4.99,5.03,29300
DHA,2014-10-24,4.99,5.03,4.73,4.99,31450
DHA,2014-10-27,4.99,4.99,4.84,4.92,7560
DHA,2014-10-28,4.92,4.92,4.84,4.92,29000
DHA,2014-10-29,4.92,5.03,4.92,4.99,23900
DHA,2014-10-30,4.92,4.95,4.8,4.95,16280
DHA,2014-10-31,4.92,4.99,4.92,4.99,11620
DHA,2014-11-03,4.99,4.99,4.92,4.92,27300
DHA,2014-11-04,4.95,5.07,4.92,5.03,192980
DHA,2014-11-05,5.03,5.37,5.03,5.37,448350
DHA,2014-11-06,5.48,5.6,5.41,5.45,108700
DHA,2014-11-07,5.45,5.45,5.22,5.37,39420
DHA,2014-11-10,5.33,5.56,5.33,5.48,174510
DHA,2014-11-11,5.52,5.52,5.41,5.48,160060
DHA,2014-11-12,5.45,5.52,5.41,5.52,62290
DHA,2014-11-13,5.52,5.52,5.29,5.33,101190
DHA,2014-11-14,5.33,5.37,5.26,5.37,85820
DHA,2014-11-17,5.29,5.45,5.26,5.45,14290
DHA,2014-11-18,5.45,5.48,5.33,5.45,74360
DHA,2014-11-19,5.45,5.45,5.33,5.37,92170
DHA,2014-11-20,5.33,5.45,5.33,5.37,32720
DHA,2014-11-21,5.41,5.56,5.41,5.41,105870
DHA,2014-11-24,5.41,5.41,5.29,5.41,22180
DHA,2014-11-25,5.41,5.41,5.33,5.41,28590
DHA,2014-11-26,5.37,5.41,5.26,5.37,84900
DHA,2014-11-27,5.26,5.41,5.18,5.41,11060
DHA,2014-11-28,5.29,5.41,5.26,5.26,49250
DHA,2014-12-01,5.41,5.41,5.26,5.26,38370
DHA,2014-12-02,5.29,5.37,5.29,5.33,21990
DHA,2014-12-03,5.45,5.45,5.29,5.37,15210
DHA,2014-12-04,5.29,5.37,5.29,5.37,13110
DHA,2014-12-05,5.37,5.41,5.37,5.41,32990
DHA,2014-12-08,5.33,5.33,5.29,5.29,52590
DHA,2014-12-09,5.29,5.33,5.18,5.18,58530
DHA,2014-12-10,5.37,5.37,5.22,5.33,145670
DHA,2014-12-11,5.33,5.33,5.22,5.29,36200
DHA,2014-12-12,5.29,5.37,5.26,5.37,21570
DHA,2014-12-15,5.22,5.33,5.22,5.33,62230
DHA,2014-12-16,5.22,5.22,5.11,5.22,10840
DHA,2014-12-17,5.18,5.18,5.03,5.07,66200
DHA,2014-12-18,5.11,5.11,5.11,5.11,17370
DHA,2014-12-19,5.11,5.11,5.11,5.11,990
DHA,2014-12-22,5.11,5.41,4.95,5.11,34730
DHA,2014-12-23,4.99,5.11,4.99,5.11,6750
DHA,2014-12-24,5.11,5.11,5.11,5.11,46940
DHA,2014-12-25,5.11,5.11,5.11,5.11,16600
DHA,2014-12-26,5.03,5.18,5.03,5.11,16950
DHA,2014-12-29,5.03,5.11,4.99,5.11,4490
DHA,2014-12-30,4.95,5.18,4.92,5.18,8740
DHA,2014-12-31,5.18,5.18,5.14,5.18,2500
DHA,2015-01-05,5.14,5.14,5.07,5.14,24800
DHA,2015-01-06,5.18,5.18,5.03,5.14,16210
DHA,2015-01-07,5.11,5.18,5.11,5.14,15310
DHA,2015-01-08,5.14,5.14,5.07,5.14,28170
DHA,2015-01-09,5.11,5.14,5.07,5.07,61810
DHA,2015-01-12,5.14,5.14,5.03,5.03,36810
DHA,2015-01-13,5.18,5.18,5.03,5.14,48280
DHA,2015-01-14,5.18,5.29,5.18,5.22,46920
DHA,2015-01-15,5.26,5.29,5.26,5.29,26420
DHA,2015-01-16,5.33,5.48,5.33,5.45,226830
DHA,2015-01-19,5.52,5.75,5.48,5.71,230340
DHA,2015-01-20,5.71,5.86,5.67,5.75,109800
DHA,2015-01-21,5.75,5.75,5.48,5.6,57010
DHA,2015-01-22,5.6,5.6,5.48,5.52,48890
DHA,2015-01-23,5.67,5.71,5.52,5.71,136530
DHA,2015-01-26,5.71,5.71,5.6,5.67,108550
DHA,2015-01-27,5.63,5.67,5.6,5.67,75780
DHA,2015-01-28,5.67,6.05,5.67,5.71,78120
DHA,2015-01-29,5.63,5.67,5.63,5.63,45460
DHA,2015-01-30,5.63,5.79,5.6,5.63,79370
DHA,2015-02-02,5.63,5.63,5.52,5.6,42490
DHA,2015-02-03,5.6,5.6,5.45,5.56,16490
DHA,2015-02-04,5.56,5.56,5.29,5.52,153330
DHA,2015-02-05,5.41,5.48,5.37,5.37,40050
DHA,2015-02-06,5.45,5.48,5.37,5.48,28290
DHA,2015-02-09,5.45,5.48,5.41,5.45,33200
DHA,2015-02-10,5.41,5.45,5.37,5.37,131300
DHA,2015-02-11,5.37,5.48,5.37,5.41,93900
DHA,2015-02-12,5.37,5.56,5.37,5.45,87520
DHA,2015-02-13,5.45,5.56,5.45,5.56,136080
DHA,2015-02-24,5.56,5.56,5.52,5.56,4600
DHA,2015-02-25,5.63,5.63,5.56,5.56,4550
DHA,2015-02-26,5.41,5.56,5.41,5.56,33470
DHA,2015-02-27,5.48,5.56,5.48,5.56,7670
DHA,2015-03-02,5.56,5.56,5.48,5.48,16830
DHA,2015-03-03,5.48,5.56,5.48,5.52,27830
DHA,2015-03-04,5.52,5.56,5.52,5.56,6400
DHA,2015-03-05,5.52,5.52,5.48,5.52,21810
DHA,2015-03-06,5.52,5.56,5.48,5.52,100370
DHA,2015-03-09,5.52,5.56,5.48,5.56,102420
DHA,2015-03-10,5.56,5.82,5.56,5.75,150100
DHA,2015-03-11,5.79,5.82,5.67,5.79,89760
DHA,2015-03-12,5.79,6.16,5.79,6.13,327700
DHA,2015-03-13,6.16,6.39,6.16,6.2,375170
DHA,2015-03-16,6.2,6.28,6.13,6.16,105850
DHA,2015-03-17,6.16,6.47,6.09,6.35,170480
DHA,2015-03-18,6.24,6.35,6.16,6.2,55610
DHA,2015-03-19,6.2,6.39,6.2,6.24,86870
DHA,2015-03-20,6.24,6.32,6.2,6.24,73810
DHA,2015-03-23,6.28,6.28,6.2,6.28,84370
DHA,2015-03-24,6.43,6.58,6.35,6.39,432060
DHA,2015-03-25,6.35,6.43,6.32,6.32,91110
DHA,2015-03-26,6.28,6.35,6.28,6.32,41080
DHA,2015-03-27,6.32,6.32,6.16,6.32,91250
DHA,2015-03-30,6.16,6.32,6.09,6.09,28170
DHA,2015-03-31,6.16,6.24,6.09,6.24,30080
DHA,2015-04-01,6.13,6.24,6.05,6.16,33430
DHA,2015-04-02,6.13,6.35,6.09,6.2,39360
DHA,2015-04-03,6.43,6.43,6.2,6.2,30050
DHA,2015-04-06,6.24,6.24,6.16,6.2,15840
DHA,2015-04-07,6.2,6.35,6.16,6.24,13010
DHA,2015-04-08,6.24,6.35,6.2,6.24,30500
DHA,2015-04-09,6.24,6.39,6.24,6.28,26080
DHA,2015-04-10,6.32,6.35,6.24,6.32,20730
DHA,2015-04-13,6.39,6.39,6.24,6.28,32870
DHA,2015-04-14,6.39,6.39,6.28,6.35,86230
DHA,2015-04-15,6.32,6.43,6.28,6.35,83960
DHA,2015-04-16,6.39,6.43,6.35,6.39,46610
DHA,2015-04-17,6.43,6.43,6.39,6.39,34800
DHA,2015-04-20,6.43,6.62,6.43,6.62,106740
DHA,2015-04-21,6.62,6.69,6.54,6.58,83900
DHA,2015-04-22,6.58,6.69,6.58,6.66,43980
DHA,2015-04-23,6.73,6.73,6.54,6.62,41200
DHA,2015-04-24,6.66,6.66,6.62,6.66,65020
DHA,2015-04-27,6.66,6.77,6.58,6.69,40550
DHA,2015-05-04,6.66,6.69,6.39,6.39,127450
DHA,2015-05-05,6.28,6.47,6.28,6.47,97850
DHA,2015-05-06,6.62,6.62,6.43,6.62,41480
DHA,2015-05-07,6.62,6.74,6.62,6.74,10200
DHA,2015-05-08,6.74,6.86,6.7,6.86,18100
DHA,2015-05-11,6.74,6.82,6.74,6.82,10190
DHA,2015-05-12,6.74,6.74,6.7,6.74,32700
DHA,2015-05-13,6.74,6.82,6.74,6.82,56410
DHA,2015-05-14,6.78,6.82,6.74,6.82,133150
DHA,2015-05-15,6.82,7.01,6.78,7.01,67650
DHA,2015-05-18,6.94,6.97,6.78,6.9,53820
DHA,2015-05-19,6.82,6.86,6.78,6.78,17230
DHA,2015-05-20,6.82,6.9,6.82,6.82,100070
DHA,2015-05-21,6.78,6.82,6.66,6.66,21960
DHA,2015-05-22,6.82,6.94,6.78,6.94,160270
DHA,2015-05-25,6.94,7.01,6.86,6.97,68260
DHA,2015-05-26,6.97,6.97,6.9,6.94,79110
DHA,2015-05-27,6.86,6.94,6.86,6.94,98580
DHA,2015-05-28,6.9,6.94,6.86,6.94,66950
DHA,2015-05-29,6.94,6.94,6.86,6.9,33210
DHA,2015-06-01,6.9,7.13,6.86,7.09,118310
DHA,2015-06-02,7.21,7.21,6.9,7.09,70280
DHA,2015-06-03,6.94,6.97,6.94,6.97,117850
DHA,2015-06-04,6.94,7.01,6.94,6.97,78220
DHA,2015-06-05,7.25,7.25,6.97,7.01,69040
DHA,2015-06-08,6.97,7.01,6.9,6.94,91530
DHA,2015-06-09,6.9,6.94,6.86,6.94,32550
DHA,2015-06-10,6.9,6.94,6.86,6.94,37560
DHA,2015-06-11,6.9,6.97,6.9,6.9,80790
DHA,2015-06-12,6.9,6.94,6.9,6.9,28950
DHA,2015-06-15,6.9,7.01,6.9,6.94,28210
DHA,2015-06-16,6.94,6.94,6.9,6.94,30030
DHA,2015-06-17,6.94,6.94,6.9,6.94,11170
DHA,2015-06-18,6.94,6.94,6.86,6.9,37910
DHA,2015-06-19,6.9,6.9,6.78,6.9,53600
DHA,2015-06-22,6.86,6.86,6.82,6.82,22970
DHA,2015-06-23,6.86,6.86,6.78,6.78,118650
DHA,2015-06-24,6.82,6.82,6.7,6.82,122260
DHA,2015-06-25,6.82,6.86,6.78,6.78,21200
DHA,2015-06-26,6.82,7.01,6.82,6.82,92800
DHA,2015-06-29,6.86,6.86,6.78,6.86,10510
DHA,2015-06-30,6.82,6.86,6.78,6.78,11020
DHA,2015-07-01,6.78,6.82,6.7,6.78,41660
DHA,2015-07-02,6.74,6.78,6.74,6.78,23800
DHA,2015-07-03,6.74,6.86,6.74,6.86,176980
DHA,2015-07-06,6.86,6.9,6.82,6.86,65520
DHA,2015-07-07,6.9,7.01,6.9,6.97,140560
DHA,2015-07-08,6.97,6.97,6.86,6.97,66090
DHA,2015-07-09,6.97,7.01,6.94,7.01,154600
DHA,2015-07-10,7.01,7.45,7.01,7.45,313720
DHA,2015-07-13,7.45,7.53,7.29,7.45,33450
DHA,2015-07-14,7.33,7.33,7.05,7.29,51810
DHA,2015-07-15,7.29,7.29,7.05,7.09,120420
DHA,2015-07-16,7.05,7.13,7.05,7.13,27460
DHA,2015-07-17,7.13,7.17,7.01,7.09,28310
DHA,2015-07-20,7.05,7.13,7.05,7.13,17250
DHA,2015-07-21,7.09,7.29,7.09,7.29,55980
DHA,2015-07-22,7.29,7.29,7.05,7.13,154870
DHA,2015-07-23,7.29,7.33,7.21,7.21,308110
DHA,2015-07-24,7.21,7.29,7.05,7.21,77490
DHA,2015-07-27,7.21,7.29,7.05,7.17,88280
DHA,2015-07-28,7.13,7.21,7.01,7.01,156300
DHA,2015-07-29,7.01,7.13,6.97,7.13,61070
DHA,2015-07-30,7.09,7.09,7.01,7.05,35340
DHA,2015-07-31,7.01,7.09,7.01,7.05,36070
DHA,2015-08-03,7.01,7.05,6.9,7.05,71710
DHA,2015-08-04,7.01,7.05,6.97,7.05,80370
DHA,2015-08-05,7.05,7.33,7.05,7.25,156420
DHA,2015-08-06,7.29,7.29,7.13,7.25,63280
DHA,2015-08-07,7.17,7.21,7.17,7.21,31440
DHA,2015-08-10,7.25,7.25,7.21,7.25,6060
DHA,2015-08-11,7.17,7.25,7.17,7.21,46230
DHA,2015-08-12,7.21,7.21,7.13,7.17,43750
DHA,2015-08-13,7.13,7.25,7.09,7.13,55370
DHA,2015-08-14,7.13,7.17,7.09,7.17,15170
DHA,2015-08-17,7.21,7.21,7.09,7.17,33610
DHA,2015-08-18,7.13,7.13,7.09,7.13,23420
DHA,2015-08-19,7.13,7.13,7.05,7.13,46580
DHA,2015-08-20,7.09,7.13,7.05,7.05,29260
DHA,2015-08-21,7.05,7.05,6.82,7.05,91510
DHA,2015-08-24,6.94,6.94,6.58,6.82,126010
DHA,2015-08-25,6.78,6.9,6.62,6.86,2130
DHA,2015-08-26,6.86,7.05,6.82,7.01,85660
DHA,2015-08-27,7.09,7.09,6.9,6.9,18000
DHA,2015-08-28,6.74,7.09,6.74,7.01,9560
DHA,2015-08-31,7.09,7.09,6.9,6.97,64870
DHA,2015-09-01,6.97,7.09,6.97,7.09,119130
DHA,2015-09-03,7.3,7.3,7.18,7.22,73320
DHA,2015-09-04,7.22,7.22,7.14,7.22,6320
DHA,2015-09-07,7.18,7.18,7.09,7.14,1010
DHA,2015-09-08,7.09,7.14,7.05,7.14,16640
DHA,2015-09-09,7.14,7.14,7.05,7.14,6530
DHA,2015-09-10,7.14,7.14,7.05,7.14,16860
DHA,2015-09-11,7.09,7.14,7.05,7.14,3010
DHA,2015-09-14,7.09,7.14,7.09,7.14,170
DHA,2015-09-15,7.14,7.14,7.09,7.14,3510
DHA,2015-09-16,7.05,7.14,7.05,7.14,10730
DHA,2015-09-17,7.09,7.22,7.09,7.22,12340
DHA,2015-09-18,7.14,7.35,7.14,7.26,95160
DHA,2015-09-21,7.39,7.39,7.22,7.22,20250
DHA,2015-09-22,7.22,7.26,7.22,7.22,10750
DHA,2015-09-23,7.22,7.22,7.14,7.14,8680
DHA,2015-09-24,7.22,7.22,7.09,7.14,15810
DHA,2015-09-25,7.18,7.22,7.14,7.14,23550
DHA,2015-09-28,7.22,7.3,7.09,7.22,33730
DHA,2015-09-29,7.18,7.18,7.14,7.14,6060
DHA,2015-09-30,7.18,7.18,7.09,7.18,13430
DHA,2015-10-01,7.18,7.47,7.14,7.47,78270
DHA,2015-10-02,7.39,7.85,7.35,7.85,191130
DHA,2015-10-05,7.98,7.98,7.64,7.64,119450
DHA,2015-10-06,7.77,7.85,7.64,7.85,116230
DHA,2015-10-07,7.77,7.93,7.6,7.6,108240
DHA,2015-10-08,7.6,7.72,7.56,7.6,97700
DHA,2015-10-09,7.6,7.64,7.47,7.51,101940
DHA,2015-10-12,7.51,7.56,7.39,7.43,169460
DHA,2015-10-13,7.43,7.77,7.43,7.77,366920
DHA,2015-10-14,7.77,7.89,7.68,7.77,147380
DHA,2015-10-15,7.72,7.72,7.6,7.6,97700
DHA,2015-10-16,7.6,7.68,7.43,7.47,94360
DHA,2015-10-19,7.47,7.68,7.47,7.51,134150
DHA,2015-10-20,7.6,7.64,7.47,7.51,105740
DHA,2015-10-21,7.6,7.68,7.51,7.51,131480
DHA,2015-10-22,7.64,7.68,7.6,7.6,112290
DHA,2015-10-23,7.51,7.72,7.51,7.6,130530
DHA,2015-10-26,7.6,7.6,7.43,7.51,154240
DHA,2015-10-27,7.39,7.51,7.39,7.47,83020
DHA,2015-10-28,7.47,7.56,7.47,7.56,55150
DHA,2015-10-29,7.56,7.72,7.51,7.64,162500
DHA,2015-10-30,7.6,7.68,7.56,7.56,27740
DHA,2015-11-02,7.64,7.98,7.6,7.72,242430
DHA,2015-11-03,7.72,7.77,7.56,7.72,38720
DHA,2015-11-04,7.72,7.77,7.64,7.64,52130
DHA,2015-11-05,7.56,7.72,7.56,7.6,98530
DHA,2015-11-06,7.6,7.6,7.47,7.47,126750
DHA,2015-11-09,7.51,7.64,7.47,7.64,99860
DHA,2015-11-10,7.56,7.68,7.56,7.6,35680
DHA,2015-11-11,7.6,7.64,7.6,7.64,46930
DHA,2015-11-12,7.64,7.64,7.64,7.64,104460
DHA,2015-11-13,7.64,7.81,7.64,7.68,41370
DHA,2015-11-16,7.68,7.77,7.68,7.68,63840
DHA,2015-11-17,7.64,7.72,7.64,7.72,70190
DHA,2015-11-18,7.72,7.77,7.64,7.77,73490
DHA,2015-11-19,7.77,7.77,7.68,7.72,55180
DHA,2015-11-20,7.72,7.77,7.68,7.77,35730
DHA,2015-11-23,7.72,7.77,7.68,7.72,21870
DHA,2015-11-24,7.72,7.72,7.64,7.68,102050
DHA,2015-11-25,7.68,7.77,7.68,7.77,56290
DHA,2015-11-26,7.81,8.27,7.81,8.23,300100
DHA,2015-11-27,8.4,8.4,7.98,7.98,30880
DHA,2015-11-30,7.98,7.98,7.85,7.93,67940
DHA,2015-12-01,7.89,7.98,7.81,7.98,60850
DHA,2015-12-02,7.98,7.98,7.85,7.89,20310
DHA,2015-12-03,7.85,7.98,7.85,7.98,16760
DHA,2015-12-04,7.98,7.98,7.81,7.93,40990
DHA,2015-12-07,7.93,7.93,7.85,7.85,26370
DHA,2015-12-08,7.89,8.1,7.89,8.02,24850
DHA,2015-12-09,7.98,8.1,7.98,8.1,53590
DHA,2015-12-10,8.19,8.19,8.06,8.14,10610
DHA,2015-12-11,7.98,8.19,7.98,8.1,52200
DHA,2015-12-14,7.98,8.31,7.89,8.31,125340
DHA,2015-12-15,8.4,8.52,8.31,8.35,102120
DHA,2015-12-16,8.56,8.56,8.44,8.52,64990
DHA,2015-12-17,8.61,8.61,8.44,8.52,34030
DHA,2015-12-18,8.52,9.02,8.52,8.73,92200
DHA,2015-12-21,8.73,9.02,8.61,8.94,52860
DHA,2015-12-22,8.94,9.02,8.86,8.86,16580
DHA,2015-12-23,8.86,8.86,8.65,8.73,28110
DHA,2015-12-24,8.81,8.81,8.69,8.73,23730
DHA,2015-12-25,8.69,8.73,8.52,8.52,62650
DHA,2015-12-28,8.52,8.56,8.44,8.52,88250
DHA,2015-12-29,8.44,8.81,8.44,8.69,22180
DHA,2015-12-30,8.69,8.77,8.56,8.77,56860
DHA,2015-12-31,8.73,8.9,8.56,8.65,44720
DHA,2016-01-04,8.77,8.77,8.56,8.56,48110
DHA,2016-01-05,8.48,8.56,8.48,8.56,134160
DHA,2016-01-06,8.52,8.65,8.52,8.52,36640
DHA,2016-01-07,8.52,9.02,8.48,9.02,112180
DHA,2016-01-08,8.69,8.98,8.69,8.73,27100
DHA,2016-01-11,8.56,8.69,8.52,8.52,14050
DHA,2016-01-12,8.48,8.69,8.4,8.69,54730
DHA,2016-01-13,8.65,8.69,8.56,8.69,35120
DHA,2016-01-14,8.56,8.73,8.52,8.65,80540
DHA,2016-01-15,8.69,8.69,8.52,8.52,74620
DHA,2016-01-18,8.56,8.56,8.23,8.4,272540
DHA,2016-01-19,8.48,8.48,8.31,8.4,36270
DHA,2016-01-20,8.4,8.44,8.35,8.4,42040
DHA,2016-01-21,8.4,8.56,8.4,8.4,53450
DHA,2016-01-22,8.44,8.44,8.35,8.4,81350
DHA,2016-01-25,8.81,8.94,8.73,8.77,60420
DHA,2016-01-26,8.77,8.81,8.61,8.77,14120
DHA,2016-01-27,8.69,8.81,8.65,8.81,49970
DHA,2016-01-28,8.77,8.94,8.69,8.86,45670
DHA,2016-01-29,9.02,9.02,8.77,8.86,31940
DHA,2016-02-01,8.86,8.94,8.81,8.81,22500
DHA,2016-02-02,8.77,8.81,8.69,8.73,12810
DHA,2016-02-03,8.65,8.77,8.65,8.77,16960
DHA,2016-02-04,8.77,8.86,8.73,8.73,4510
DHA,2016-02-05,8.77,8.98,8.77,8.98,11940
DHA,2016-02-15,8.98,8.98,8.86,8.94,3590
DHA,2016-02-16,8.94,9.19,8.94,9.11,30920
DHA,2016-02-17,9.07,9.36,9.07,9.23,12920
DHA,2016-02-18,9.36,9.7,9.32,9.49,36130
DHA,2016-02-19,9.57,9.7,9.53,9.7,39930
DHA,2016-02-22,9.74,10.07,9.74,9.91,26960
DHA,2016-02-23,9.91,10.03,9.65,9.7,32100
DHA,2016-02-24,9.7,9.74,9.53,9.53,40090
DHA,2016-02-25,9.53,9.74,9.44,9.53,31030
DHA,2016-02-26,9.57,9.65,9.53,9.57,34620
DHA,2016-02-29,9.57,9.86,9.57,9.78,64190
DHA,2016-03-01,9.78,10.28,9.65,10.03,95390
DHA,2016-03-02,10.07,10.37,10.07,10.16,53740
DHA,2016-03-03,10.24,10.24,10.07,10.2,9130
DHA,2016-03-04,9.65,10.28,9.65,10.2,24630
DHA,2016-03-07,10.07,10.07,9.86,9.95,60900
DHA,2016-03-08,9.86,10.07,9.86,9.86,39070
DHA,2016-03-09,9.82,10.03,9.82,9.86,6920
DHA,2016-03-10,9.86,10.07,9.86,10.07,30330
DHA,2016-03-11,10.16,10.24,9.86,10.12,41860
DHA,2016-03-14,10.28,10.28,9.86,9.86,74590
DHA,2016-03-15,9.91,10.03,9.86,9.95,73300
DHA,2016-03-16,10.07,10.16,9.95,10.16,105520
DHA,2016-03-17,10.16,10.33,10.07,10.2,46400
DHA,2016-03-18,10.16,10.33,10.07,10.16,35280
DHA,2016-03-21,10.16,10.2,10.07,10.2,34280
DHA,2016-03-22,10.07,10.2,10.07,10.2,18680
DHA,2016-03-23,10.2,10.91,10.2,10.54,44540
DHA,2016-03-24,10.83,10.91,10.54,10.54,32580
DHA,2016-03-25,10.58,11.12,10.54,10.75,25750
DHA,2016-03-28,10.91,11.0,10.83,10.87,15600
DHA,2016-03-29,10.96,11.54,10.96,11.25,52530
DHA,2016-03-30,10.62,11.33,10.62,11.25,8160
DHA,2016-03-31,11.42,11.75,11.29,11.46,89480
DHA,2016-04-01,11.42,11.42,10.91,11.08,23690
DHA,2016-04-04,10.7,11.08,10.66,10.91,63100
DHA,2016-04-05,10.79,10.83,10.16,10.16,333580
DHA,2016-04-06,9.99,10.33,9.86,10.33,67790
DHA,2016-04-07,10.28,10.33,10.07,10.07,24380
DHA,2016-04-08,10.07,10.66,10.07,10.41,41580
DHA,2016-04-11,10.83,10.83,10.49,10.62,36970
DHA,2016-04-12,10.75,10.75,10.49,10.54,77730
DHA,2016-04-13,10.66,10.66,10.28,10.28,168000
DHA,2016-04-14,10.2,10.45,10.2,10.24,37140
DHA,2016-04-15,10.28,10.28,10.2,10.2,25510
DHA,2016-04-19,10.28,10.28,10.12,10.2,79430
DHA,2016-04-20,10.2,10.2,10.07,10.12,52980
DHA,2016-04-21,10.12,10.12,9.91,10.03,74630
DHA,2016-04-22,9.44,10.03,9.44,9.95,62950
DHA,2016-04-25,9.78,10.28,9.78,9.95,98660
DHA,2016-04-26,9.95,10.07,9.95,10.03,11740
DHA,2016-04-27,9.99,10.03,9.95,9.95,27540
DHA,2016-04-28,10.03,10.03,9.86,9.95,17090
DHA,2016-04-29,10.07,10.07,9.95,10.03,15110
DHA,2016-05-04,9.95,10.03,9.82,10.03,18860
DHA,2016-05-05,9.86,9.99,9.86,9.99,30460
DHA,2016-05-06,9.91,9.99,9.86,9.99,38810
DHA,2016-05-09,9.95,9.99,9.86,9.95,8690
DHA,2016-05-10,9.95,9.95,9.86,9.95,20030
DHA,2016-05-11,9.91,10.03,9.91,9.91,10430
DHA,2016-05-12,9.91,9.91,9.86,9.91,18010
DHA,2016-05-13,9.82,9.91,9.65,9.86,60110
DHA,2016-05-16,9.7,9.82,9.65,9.7,6390
DHA,2016-05-17,9.7,9.78,9.65,9.74,45060
DHA,2016-05-18,9.78,9.78,9.7,9.74,1230
DHA,2016-05-19,9.7,9.7,9.44,9.44,30370
DHA,2016-05-20,9.49,9.95,9.49,9.53,10830
DHA,2016-05-23,9.65,10.07,9.65,10.07,13800
DHA,2016-05-24,10.07,10.49,10.07,10.16,17990
DHA,2016-05-25,10.16,10.16,10.07,10.16,3310
DHA,2016-05-26,10.03,10.16,9.99,10.07,2930
DHA,2016-05-27,9.99,10.2,9.99,10.2,16660
DHA,2016-05-30,10.41,10.41,10.16,10.33,6420
DHA,2016-05-31,9.99,10.28,9.99,10.28,5380
DHA,2016-06-01,10.37,10.96,10.37,10.91,206560
DHA,2016-06-02,11.12,11.33,11.04,11.25,90810
DHA,2016-06-03,11.21,11.54,11.21,11.33,74420
DHA,2016-06-06,11.21,11.33,11.04,11.08,59510
DHA,2016-06-07,11.08,11.29,11.08,11.17,59210
DHA,2016-06-08,11.17,11.21,11.08,11.12,59100
DHA,2016-06-09,11.33,11.75,11.33,11.63,141500
DHA,2016-06-10,11.63,12.42,11.63,12.34,206530
DHA,2016-06-13,12.38,12.8,12.34,12.76,267540
DHA,2016-06-14,12.76,12.97,12.47,12.76,302520
DHA,2016-06-15,12.84,13.01,12.76,12.8,147700
DHA,2016-06-16,12.8,12.89,11.96,12.55,305260
DHA,2016-06-17,12.42,12.63,12.3,12.38,113910
DHA,2016-06-20,12.38,12.59,12.21,12.3,69950
DHA,2016-06-21,12.6,12.69,12.43,12.47,109530
DHA,2016-06-22,12.47,13.34,12.26,13.34,173150
DHA,2016-06-23,13.91,14.25,13.86,14.25,297660
DHA,2016-06-24,14.47,14.99,13.3,14.47,405780
DHA,2016-06-27,14.25,14.73,13.91,14.47,196090
DHA,2016-06-28,14.34,14.51,13.95,14.12,115130
DHA,2016-06-29,14.12,15.08,14.12,15.08,356130
DHA,2016-06-30,15.51,15.91,15.21,15.6,263180
DHA,2016-07-01,15.21,16.64,15.21,16.51,280490
DHA,2016-07-04,16.51,17.08,16.12,16.3,371040
DHA,2016-07-05,16.34,16.34,15.64,15.73,384790
DHA,2016-07-06,15.38,16.73,15.38,16.69,267150
DHA,2016-07-07,16.69,17.12,16.51,16.77,200730
DHA,2016-07-08,16.77,16.77,15.95,16.25,156510
DHA,2016-07-11,15.73,15.95,15.12,15.12,208450
DHA,2016-07-12,14.78,15.12,14.08,14.56,346270
DHA,2016-07-13,14.78,15.12,14.25,14.43,127900
DHA,2016-07-14,14.34,14.51,13.52,13.52,199450
DHA,2016-07-15,13.6,13.6,12.91,13.47,211070
DHA,2016-07-18,13.17,13.69,13.17,13.21,43290
DHA,2016-07-19,13.69,13.69,12.6,13.21,113640
DHA,2016-07-20,13.12,13.91,13.04,13.3,203520
DHA,2016-07-21,13.3,13.78,13.3,13.69,88150
DHA,2016-07-22,13.25,13.47,13.04,13.25,105350
DHA,2016-07-25,13.25,13.25,13.04,13.04,48380
DHA,2016-07-26,12.99,12.99,12.3,12.39,126880
DHA,2016-07-27,12.21,12.6,12.21,12.52,64600
DHA,2016-07-28,12.52,12.82,12.52,12.82,60900
DHA,2016-07-29,12.73,13.21,12.73,12.91,92100
DHA,2016-08-01,12.73,12.91,12.73,12.78,33320
DHA,2016-08-02,12.78,12.78,12.47,12.56,70590
DHA,2016-08-03,12.56,12.6,12.43,12.6,79920
DHA,2016-08-04,12.6,13.47,12.6,12.78,74490
DHA,2016-08-05,12.86,13.47,12.6,13.47,119540
DHA,2016-08-08,13.47,13.65,13.25,13.47,56860
DHA,2016-08-09,13.47,13.99,13.47,13.99,143810
DHA,2016-08-10,14.34,14.43,14.08,14.3,205260
DHA,2016-08-11,14.34,14.43,14.25,14.34,100090
DHA,2016-08-12,14.34,14.34,13.91,13.91,109860
DHA,2016-08-15,13.78,14.43,13.78,14.43,104940
DHA,2016-08-16,14.69,15.34,14.43,15.3,340310
DHA,2016-08-17,15.21,15.3,15.12,15.12,74690
DHA,2016-08-18,15.12,15.69,15.12,15.21,148960
DHA,2016-08-19,15.3,15.3,14.38,14.69,129580
DHA,2016-08-22,14.65,14.78,14.34,14.38,78220
DHA,2016-08-23,14.08,14.65,14.08,14.56,76000
DHA,2016-08-24,14.56,14.56,14.34,14.38,60940
DHA,2016-08-25,14.38,15.21,14.38,14.99,207800
DHA,2016-08-26,14.99,15.17,14.82,14.95,63460
DHA,2016-08-29,15.17,15.17,14.47,14.47,63880
DHA,2016-08-30,14.34,14.69,14.34,14.56,94530
DHA,2016-08-31,14.78,14.82,14.56,14.69,83160
DHA,2016-09-01,14.95,15.12,14.69,14.95,110520
DHA,2016-09-05,14.95,15.99,14.95,15.99,365460
DHA,2016-09-06,16.21,16.34,15.99,16.04,244860
DHA,2016-09-07,15.56,16.04,15.51,15.73,124720
DHA,2016-09-08,15.86,15.99,15.69,15.95,188580
DHA,2016-09-09,15.99,15.99,15.51,15.6,130630
DHA,2016-09-12,15.6,15.6,15.12,15.21,94240
DHA,2016-09-13,15.21,15.64,15.21,15.34,58240
DHA,2016-09-14,15.34,15.43,15.25,15.25,51060
DHA,2016-09-15,15.34,15.51,15.21,15.25,72100
DHA,2016-09-16,15.12,15.82,15.12,15.82,192180
DHA,2016-09-19,16.04,16.17,15.84,16.06,202060
DHA,2016-09-20,16.04,16.51,15.95,16.43,221860
DHA,2016-09-21,16.41,16.51,15.84,15.95,176790
DHA,2016-09-22,16.04,16.38,15.95,16.12,186920
DHA,2016-09-23,16.12,16.27,15.95,16.17,79280
DHA,2016-09-26,16.12,16.69,16.12,16.47,118640
DHA,2016-09-27,16.64,16.91,16.47,16.77,269560
DHA,2016-09-28,16.86,16.86,16.51,16.67,122560
DHA,2016-09-29,16.69,17.04,16.51,16.77,146840
DHA,2016-09-30,16.64,16.77,16.3,16.3,129360
DHA,2016-10-03,16.25,16.38,16.12,16.17,128300
DHA,2016-10-04,16.17,16.47,15.56,15.64,209440
DHA,2016-10-05,15.64,15.91,15.56,15.56,125710
DHA,2016-10-06,15.47,15.82,15.43,15.64,146270
DHA,2016-10-07,15.73,15.73,15.08,15.21,190800
DHA,2016-10-10,15.21,15.51,15.14,15.14,91470
DHA,2016-10-11,15.14,15.25,14.56,15.21,188000
DHA,2016-10-12,15.51,15.64,15.21,15.3,63050
DHA,2016-10-13,15.34,15.34,15.17,15.21,46900
DHA,2016-10-14,15.23,15.64,15.23,15.47,124070
DHA,2016-10-17,15.74,15.74,15.43,15.47,54380
DHA,2016-10-18,15.25,15.25,14.98,15.2,97570
DHA,2016-10-19,15.47,15.47,15.0,15.0,115230
DHA,2016-10-20,14.93,15.0,14.0,14.13,286500
DHA,2016-10-21,13.95,14.08,13.55,14.08,215890
DHA,2016-10-24,13.91,14.04,13.55,13.64,164910
DHA,2016-10-25,13.86,13.86,13.26,13.41,86360
DHA,2016-10-26,13.41,13.55,13.3,13.41,48900
DHA,2016-10-27,13.41,13.64,13.32,13.41,42670
DHA,2016-10-28,13.37,13.41,13.28,13.41,33990
DHA,2016-10-31,13.41,13.55,13.32,13.41,21900
DHA,2016-11-01,13.55,13.55,13.41,13.46,11180
DHA,2016-11-02,13.64,13.64,13.32,13.32,28370
DHA,2016-11-03,13.28,13.35,12.97,13.15,51630
DHA,2016-11-04,13.24,13.24,12.74,13.06,48090
DHA,2016-11-07,13.01,13.41,12.97,13.41,76640
DHA,2016-11-08,13.32,13.37,13.15,13.19,31050
DHA,2016-11-09,13.06,13.1,12.65,13.1,58430
DHA,2016-11-10,13.1,14.02,13.1,14.02,162340
DHA,2016-11-11,14.22,14.89,14.22,14.62,112770
DHA,2016-11-14,14.53,14.62,14.08,14.4,46590
DHA,2016-11-15,14.13,14.22,13.73,14.0,34300
DHA,2016-11-16,14.0,14.26,13.86,13.91,56710
DHA,2016-11-17,13.91,14.31,13.91,14.31,92880
DHA,2016-11-18,14.08,14.11,13.55,14.08,66560
DHA,2016-11-21,14.06,14.06,13.75,13.79,14680
DHA,2016-11-22,13.79,13.86,13.5,13.86,111610
DHA,2016-11-23,13.86,13.86,13.55,13.82,39190
DHA,2016-11-24,13.77,13.84,13.64,13.68,25520
DHA,2016-11-25,13.46,13.77,13.46,13.55,17370
DHA,2016-11-28,13.24,13.55,13.19,13.24,53320
DHA,2016-11-29,13.24,13.41,12.88,12.97,70640
DHA,2016-11-30,13.41,13.41,12.92,13.19,33960
DHA,2016-12-01,13.37,13.64,13.21,13.5,77590
DHA,2016-12-02,13.32,13.55,13.28,13.28,36250
DHA,2016-12-05,13.28,13.5,13.26,13.28,119020
DHA,2016-12-06,13.1,13.32,12.79,12.97,94790
DHA,2016-12-07,12.97,13.19,12.97,13.17,38180
DHA,2016-12-08,13.06,13.15,13.01,13.03,22640
DHA,2016-12-09,13.03,13.06,12.92,12.97,38480
DHA,2016-12-12,12.74,12.92,12.52,12.74,94950
DHA,2016-12-13,12.74,12.83,12.63,12.65,101290
DHA,2016-12-14,12.65,13.06,12.56,13.06,14390
DHA,2016-12-15,13.06,13.24,12.74,13.06,2270
DHA,2016-12-16,13.06,13.06,12.79,13.01,12300
DHA,2016-12-19,12.97,13.19,12.97,13.19,15700
DHA,2016-12-20,13.1,13.19,12.97,13.19,28920
DHA,2016-12-21,13.06,13.19,13.01,13.19,16270
DHA,2016-12-22,13.15,13.15,13.06,13.1,11620
DHA,2016-12-23,13.19,13.24,12.97,13.24,15060
DHA,2016-12-26,13.32,13.32,13.06,13.24,6680
DHA,2016-12-27,13.06,13.19,12.97,13.19,13210
DHA,2016-12-28,13.1,13.15,13.01,13.01,3280
DHA,2016-12-29,12.97,13.01,12.74,12.97,21630
DHA,2016-12-30,12.97,13.41,12.97,13.24,76490
DHA,2017-01-03,13.32,13.32,12.88,13.24,33210
DHA,2017-01-04,13.46,13.46,13.19,13.19,11140
DHA,2017-01-05,13.19,13.19,12.96,13.19,37100
DHA,2017-01-06,13.19,13.55,13.05,13.33,51870
DHA,2017-01-09,13.28,13.33,13.19,13.19,19080
DHA,2017-01-10,13.19,13.33,13.1,13.1,10700
DHA,2017-01-11,13.1,13.14,12.99,13.14,29380
DHA,2017-01-12,13.1,13.33,13.05,13.24,31200
DHA,2017-01-13,13.39,13.83,13.28,13.83,155380
DHA,2017-01-16,13.83,13.83,13.64,13.74,28670
DHA,2017-01-17,13.69,13.78,13.49,13.62,10570
DHA,2017-01-18,13.6,13.6,13.01,13.01,69410
DHA,2017-01-19,13.46,13.46,13.19,13.28,47390
DHA,2017-01-20,13.37,13.39,13.14,13.14,22060
DHA,2017-01-23,13.24,13.24,12.96,13.01,28570
DHA,2017-01-24,12.87,13.14,12.87,13.14,15650
DHA,2017-01-25,13.14,13.14,12.96,13.14,23090
DHA,2017-02-02,13.05,13.19,13.05,13.14,6240
DHA,2017-02-03,13.19,13.19,13.01,13.01,36320
DHA,2017-02-06,13.05,13.05,12.85,12.87,46580
DHA,2017-02-07,12.87,13.19,12.83,13.19,51810
DHA,2017-02-08,13.33,13.62,13.19,13.51,112600
DHA,2017-02-09,13.55,13.74,13.51,13.64,126940
DHA,2017-02-10,13.64,13.71,13.42,13.64,90280
DHA,2017-02-13,13.92,13.92,13.55,13.6,57490
DHA,2017-02-14,13.64,13.83,13.6,13.6,86750
DHA,2017-02-15,13.69,14.1,13.69,14.1,194080
DHA,2017-02-16,14.19,14.78,13.96,13.96,144520
DHA,2017-02-17,14.1,14.3,13.96,14.3,74330
DHA,2017-02-20,14.33,14.71,14.28,14.62,179100
DHA,2017-02-21,14.55,14.71,14.19,14.24,125390
DHA,2017-02-22,14.24,14.51,14.24,14.33,69050
DHA,2017-02-23,14.33,14.37,13.96,14.19,87620
DHA,2017-02-24,14.1,14.19,13.99,14.01,44030
DHA,2017-02-27,13.94,14.28,13.92,14.19,126410
DHA,2017-02-28,14.19,14.33,13.87,13.92,52000
DHA,2017-03-01,13.87,14.01,13.64,13.69,55450
DHA,2017-03-02,13.69,13.78,13.55,13.55,109810
DHA,2017-03-03,13.64,13.69,13.51,13.69,76000
DHA,2017-03-06,13.74,13.78,13.51,13.71,54530
DHA,2017-03-07,13.78,13.78,13.6,13.71,49520
DHA,2017-03-08,13.87,14.1,13.83,13.87,47300
DHA,2017-03-09,13.87,14.19,13.83,13.96,26780
DHA,2017-03-10,13.83,14.24,13.74,14.1,228100
DHA,2017-03-13,14.19,14.28,14.01,14.1,104780
DHA,2017-03-14,14.19,14.19,14.01,14.01,51770
DHA,2017-03-15,14.01,14.05,13.8,14.05,35620
DHA,2017-03-16,13.92,14.01,13.8,13.92,63920
DHA,2017-03-17,13.92,14.05,13.87,13.87,34180
DHA,2017-03-20,13.8,14.1,13.8,14.01,62830
DHA,2017-03-21,14.08,14.08,13.87,13.87,35340
DHA,2017-03-22,13.87,13.92,13.74,13.78,70430
DHA,2017-03-23,13.6,13.89,13.6,13.83,19130
DHA,2017-03-24,13.92,14.05,13.87,14.01,91090
DHA,2017-03-27,14.01,14.1,13.89,13.89,108520
DHA,2017-03-28,13.83,14.01,13.74,13.89,21960
DHA,2017-03-29,13.87,13.87,13.55,13.74,129510
DHA,2017-03-30,13.55,13.69,13.51,13.6,84370
DHA,2017-03-31,13.76,13.78,13.28,13.37,91550
DHA,2017-04-03,13.28,13.33,13.01,13.1,71080
DHA,2017-04-04,13.05,13.37,13.05,13.14,39700
DHA,2017-04-05,13.39,13.39,13.17,13.37,24380
DHA,2017-04-07,12.96,13.37,12.96,13.19,12580
DHA,2017-04-10,13.19,13.37,13.1,13.19,35010
DHA,2017-04-11,13.1,13.33,12.92,13.05,70200
DHA,2017-04-12,13.05,13.33,13.01,13.19,44220
DHA,2017-04-13,13.19,13.39,13.19,13.24,38270
DHA,2017-04-14,13.1,13.3,12.96,13.3,42580
DHA,2017-04-17,13.14,13.37,13.05,13.19,61770
DHA,2017-04-18,13.19,13.35,13.19,13.24,30170
DHA,2017-04-19,13.19,13.6,13.19,13.6,80030
DHA,2017-04-20,13.74,14.05,13.64,13.67,186640
DHA,2017-04-21,13.78,13.94,13.78,13.78,86910
DHA,2017-04-24,13.78,14.15,13.64,13.99,159110
DHA,2017-04-25,13.78,14.08,13.78,13.96,80370
DHA,2017-04-26,13.87,13.99,13.83,13.92,40630
DHA,2017-04-27,13.83,14.15,13.83,13.94,286840
DHA,2017-04-28,14.05,14.19,13.87,14.1,158480
DHA,2017-05-03,14.1,14.3,14.1,14.1,61370
DHA,2017-05-04,14.17,14.17,13.46,13.55,113090
DHA,2017-05-05,13.55,13.78,13.3,13.42,96230
DHA,2017-05-08,13.42,13.51,13.28,13.51,69310
DHA,2017-05-09,13.33,13.51,13.28,13.39,56190
DHA,2017-05-10,13.39,13.6,13.35,13.42,90550
DHA,2017-05-11,13.51,13.64,13.37,13.6,82460
DHA,2017-05-12,13.6,13.96,13.6,13.85,59140
DHA,2017-05-15,13.83,14.01,13.83,13.89,94080
DHA,2017-05-16,13.92,14.01,13.87,13.92,113150
DHA,2017-05-17,13.92,13.99,13.83,13.87,48300
DHA,2017-05-18,13.83,13.87,13.6,13.64,20610
DHA,2017-05-19,13.46,13.78,13.42,13.74,36150
DHA,2017-05-22,13.83,13.87,13.64,13.64,55570
DHA,2017-05-23,13.53,13.74,13.49,13.53,25750
DHA,2017-05-24,13.95,13.95,13.6,13.65,50650
DHA,2017-05-25,13.65,13.91,13.55,13.88,46140
DHA,2017-05-26,13.88,14.83,13.81,14.78,178820
DHA,2017-05-29,14.78,14.87,14.4,14.4,146420
DHA,2017-05-30,14.54,14.54,14.12,14.12,39730
DHA,2017-05-31,14.12,14.12,13.88,13.93,49990
DHA,2017-06-01,13.91,14.12,13.91,14.03,53130
DHA,2017-06-02,14.19,14.26,14.12,14.26,62690
DHA,2017-06-05,14.35,14.97,14.28,14.73,189170
DHA,2017-06-06,14.85,14.9,14.71,14.73,94040
DHA,2017-06-07,14.99,15.48,14.8,15.15,160930
DHA,2017-06-08,15.2,15.25,15.01,15.06,82600
DHA,2017-06-09,15.06,15.2,15.04,15.04,76280
DHA,2017-06-12,15.06,15.06,14.87,14.87,79800
DHA,2017-06-13,14.71,14.99,14.71,14.87,28680
DHA,2017-06-14,14.87,15.01,14.33,14.35,181170
DHA,2017-06-15,14.35,14.57,14.31,14.57,49470
DHA,2017-06-16,14.68,14.73,14.59,14.59,12330
DHA,2017-06-19,14.59,14.68,14.52,14.68,51340
DHA,2017-06-20,14.68,15.25,14.68,15.01,131000
DHA,2017-06-21,15.25,15.48,15.01,15.48,243480
DHA,2017-06-22,15.53,16.35,15.53,16.28,251260
DHA,2017-06-23,16.28,16.28,15.95,16.19,63810
DHA,2017-06-26,16.05,16.24,15.84,15.95,108430
DHA,2017-06-27,16.1,16.1,15.34,15.53,96680
DHA,2017-06-28,15.58,15.74,15.3,15.67,59180
DHA,2017-06-29,15.77,15.95,15.53,15.77,55790
DHA,2017-06-30,15.95,15.95,15.63,15.63,26020
DHA,2017-07-03,15.7,15.7,15.34,15.44,85990
DHA,2017-07-04,15.44,15.91,15.44,15.91,134580
DHA,2017-07-05,15.79,16.26,15.79,16.12,96830
DHA,2017-07-06,16.21,16.21,15.95,16.14,78120
DHA,2017-07-07,16.21,16.21,15.6,15.6,107330
DHA,2017-07-10,15.55,15.58,15.2,15.23,129820
DHA,2017-07-11,15.3,15.44,15.2,15.44,57950
DHA,2017-07-12,15.48,15.63,15.39,15.6,19440
DHA,2017-07-13,15.48,15.6,15.44,15.44,25320
DHA,2017-07-14,15.44,15.67,15.44,15.44,50000
DHA,2017-07-17,15.39,15.48,14.97,15.39,67550
DHA,2017-07-18,15.39,15.39,14.83,15.01,52100
DHA,2017-07-19,14.83,15.11,14.83,14.97,28270
DHA,2017-07-20,15.15,15.63,14.99,15.34,117070
DHA,2017-07-21,15.39,15.46,15.13,15.23,55290
DHA,2017-07-24,15.44,15.67,15.15,15.53,73420
DHA,2017-07-25,15.53,15.86,15.48,15.74,65570
DHA,2017-07-26,15.91,16.83,15.74,16.83,435700
DHA,2017-07-27,17.18,17.65,16.85,17.39,251540
DHA,2017-07-28,17.37,17.41,16.97,17.32,109190
DHA,2017-07-31,17.41,17.88,17.04,17.79,187410
DHA,2017-08-01,18.07,18.07,17.51,17.74,64710
DHA,2017-08-02,17.74,17.74,17.18,17.18,88000
DHA,2017-08-03,17.04,17.46,17.04,17.46,107790
DHA,2017-08-04,17.46,17.63,16.9,16.99,124660
DHA,2017-08-07,17.32,17.32,16.99,17.18,41630
DHA,2017-08-08,17.08,17.53,17.08,17.18,88830
DHA,2017-08-09,17.25,17.25,16.47,16.64,175870
DHA,2017-08-10,16.64,17.04,16.64,16.94,88400
DHA,2017-08-11,17.08,17.27,17.04,17.08,47010
DHA,2017-08-14,16.99,17.6,16.99,17.51,179390
DHA,2017-08-15,17.74,17.98,17.51,17.7,206120
DHA,2017-08-16,17.7,17.79,17.6,17.7,29940
DHA,2017-08-17,17.55,17.7,17.23,17.23,114830
DHA,2017-08-18,17.04,17.37,17.04,17.18,79430
DHA,2017-08-21,17.04,17.65,16.99,17.08,58100
DHA,2017-08-22,16.97,17.32,16.94,17.18,93420
DHA,2017-08-23,17.23,17.51,17.13,17.2,70850
DHA,2017-08-24,17.37,17.7,17.32,17.63,166640
DHA,2017-08-25,17.6,17.98,17.6,17.74,147360
DHA,2017-08-28,17.93,17.93,17.65,17.79,45080
DHA,2017-08-29,17.91,17.91,17.39,17.63,68890
DHA,2017-08-30,17.65,17.65,17.32,17.46,48420
DHA,2017-08-31,17.41,17.81,17.37,17.7,62310
DHA,2017-09-01,17.84,17.84,17.6,17.6,2910
DHA,2017-09-05,17.6,17.84,17.55,17.65,12480
DHA,2017-09-06,17.7,17.7,17.46,17.51,27810
DHA,2017-09-07,17.72,17.74,17.41,17.51,35020
DHA,2017-09-08,17.41,17.55,17.39,17.46,40740
DHA,2017-09-11,17.32,17.41,17.27,17.27,38060
DHA,2017-09-12,17.23,17.32,16.5,16.71,161710
DHA,2017-09-13,16.71,17.34,16.71,17.34,64560
DHA,2017-09-14,17.27,17.27,17.04,17.04,17420
DHA,2017-09-15,17.04,17.46,16.99,17.27,68220
DHA,2017-09-18,17.27,17.46,17.27,17.39,27130
DHA,2017-09-19,17.55,17.55,17.27,17.39,72070
DHA,2017-09-20,17.37,17.37,16.94,17.04,78550
DHA,2017-09-21,17.23,17.27,17.04,17.08,47520
DHA,2017-09-22,17.23,17.23,16.94,17.08,54640
DHA,2017-09-25,17.08,17.13,16.71,16.94,59240
DHA,2017-09-26,16.94,17.04,16.61,16.73,82890
DHA,2017-09-27,16.94,16.94,16.57,16.8,44330
DHA,2017-09-28,16.9,16.9,16.57,16.61,37520
DHA,2017-09-29,16.57,16.75,16.52,16.52,13880
DHA,2017-10-02,16.68,16.68,16.33,16.38,55490
DHA,2017-10-03,16.38,16.61,16.26,16.47,62930
DHA,2017-10-04,16.47,16.47,16.38,16.43,20700
DHA,2017-10-05,16.43,16.71,16.38,16.59,48450
DHA,2017-10-06,16.59,16.71,16.33,16.52,34940
DHA,2017-10-09,16.52,16.59,16.43,16.47,19740
DHA,2017-10-10,16.52,16.61,16.33,16.47,42280
DHA,2017-10-11,16.72,16.86,16.57,16.59,69530
DHA,2017-10-12,16.55,16.76,16.55,16.57,29800
DHA,2017-10-13,16.72,16.76,16.47,16.57,45290
DHA,2017-10-16,16.67,16.67,16.52,16.52,26890
DHA,2017-10-17,16.52,16.62,16.38,16.55,32670
DHA,2017-10-18,16.55,16.55,16.09,16.4,37800
DHA,2017-10-19,17.54,17.54,17.54,17.54,58090
DHA,2017-10-20,17.97,18.02,17.39,17.39,444720
DHA,2017-10-23,17.44,17.81,17.05,17.05,193120
DHA,2017-10-24,17.05,17.39,16.72,16.96,139520
DHA,2017-10-25,16.96,17.44,16.86,17.13,109490
DHA,2017-10-26,17.13,17.54,17.01,17.2,230520
DHA,2017-10-27,17.39,17.39,17.1,17.3,47540
DHA,2017-10-30,17.1,17.39,16.57,16.81,161260
DHA,2017-10-31,17.2,17.2,16.47,16.52,97320
DHA,2017-11-01,16.76,16.76,16.47,16.64,27400
DHA,2017-11-02,16.59,16.76,15.5,15.79,187990
DHA,2017-11-03,15.89,15.89,15.5,15.89,102100
DHA,2017-11-06,15.99,16.42,15.99,16.23,69920
DHA,2017-11-07,16.23,16.38,16.18,16.38,52610
DHA,2017-11-08,16.45,16.55,16.38,16.38,49500
DHA,2017-11-09,16.38,16.52,16.18,16.28,55250
DHA,2017-11-10,16.23,16.64,16.23,16.33,122920
DHA,2017-11-13,16.47,16.47,16.28,16.33,30840
DHA,2017-11-14,16.42,16.42,16.18,16.33,32100
DHA,2017-11-15,16.33,16.33,16.18,16.23,88910
DHA,2017-11-16,16.33,16.38,16.21,16.21,65450
DHA,2017-11-17,16.35,16.4,16.21,16.28,54210
DHA,2017-11-20,16.23,16.28,16.21,16.25,34430
DHA,2017-11-21,16.21,16.3,15.99,15.99,88750
DHA,2017-11-22,16.04,16.23,15.99,16.21,46240
DHA,2017-11-23,16.21,16.21,16.06,16.21,69940
DHA,2017-11-24,16.23,16.42,16.09,16.42,46060
DHA,2017-11-27,16.57,17.44,16.57,17.2,113540
DHA,2017-11-28,17.39,17.39,17.01,17.01,55160
DHA,2017-11-29,16.96,17.01,16.86,16.86,65150
DHA,2017-11-30,16.81,16.91,16.47,16.67,69360
DHA,2017-12-01,16.57,16.72,16.52,16.67,58800
DHA,2017-12-04,16.72,16.88,16.72,16.76,52920
DHA,2017-12-05,16.72,16.72,16.33,16.33,75380
DHA,2017-12-06,16.33,16.52,16.18,16.42,43540
DHA,2017-12-07,16.45,16.45,16.23,16.25,24770
DHA,2017-12-08,16.38,16.4,16.13,16.13,21510
DHA,2017-12-11,16.13,16.23,15.89,15.89,40080
DHA,2017-12-12,15.89,16.18,15.5,15.99,63130
DHA,2017-12-13,16.21,16.23,15.99,16.09,34210
DHA,2017-12-14,16.16,16.33,16.04,16.33,28940
DHA,2017-12-15,16.38,16.38,15.99,16.09,46390
DHA,2017-12-18,16.23,16.23,16.09,16.09,42280
DHA,2017-12-19,16.11,16.96,16.09,16.67,144960
DHA,2017-12-20,16.52,16.86,16.25,16.3,22050
DHA,2017-12-21,16.45,16.47,16.18,16.21,29060
DHA,2017-12-22,16.18,16.23,16.01,16.13,44760
DHA,2017-12-25,16.13,16.33,15.99,16.33,17530
DHA,2017-12-26,16.3,16.3,15.99,15.99,60740
DHA,2017-12-27,15.99,16.09,15.75,16.04,105270
DHA,2017-12-28,16.04,16.04,15.89,15.99,46590
DHA,2017-12-29,15.99,16.28,15.99,16.04,19180
DHA,2018-01-02,16.09,16.23,15.89,16.18,52600
DHA,2018-01-03,16.18,16.18,15.92,16.04,66290
DHA,2018-01-04,15.99,16.13,15.99,16.11,57430
DHA,2018-01-05,16.09,16.16,16.04,16.04,73210
DHA,2018-01-08,16.04,16.18,15.99,16.04,57000
DHA,2018-01-09,16.18,16.18,15.99,16.09,59760
DHA,2018-01-10,16.06,16.47,16.06,16.33,57960
DHA,2018-01-11,16.33,16.57,16.23,16.47,48460
DHA,2018-01-12,16.57,16.57,16.18,16.18,82100
DHA,2018-01-15,16.18,16.28,16.09,16.13,39560
DHA,2018-01-16,16.25,16.25,15.99,16.09,75610
DHA,2018-01-17,16.09,16.13,15.84,15.94,90900
DHA,2018-01-18,15.65,16.04,15.65,16.04,73020
DHA,2018-01-19,15.87,16.09,15.87,16.09,43710
DHA,2018-01-22,15.31,15.6,15.16,15.5,325190
DHA,2018-01-23,15.5,15.5,15.5,15.5,0
DHA,2018-01-24,15.5,15.5,15.5,15.5,0
DHA,2018-01-25,15.5,15.5,15.12,15.19,137340
DHA,2018-01-26,15.36,15.36,15.02,15.16,107890
DHA,2018-01-29,15.43,15.43,14.87,15.07,97320
DHA,2018-01-30,14.92,15.48,14.92,15.48,40130
DHA,2018-01-31,15.48,15.48,15.02,15.02,105550
DHA,2018-02-01,15.24,15.24,14.53,14.73,56800
DHA,2018-02-02,14.66,14.97,14.63,14.63,21030
DHA,2018-02-05,14.34,14.68,14.1,14.2,90100
DHA,2018-02-06,13.86,13.86,13.2,13.66,124250
DHA,2018-02-07,14.05,14.49,14.05,14.1,28350
DHA,2018-02-08,14.05,14.44,14.05,14.24,43210
DHA,2018-02-09,13.86,14.87,13.86,14.87,12170
DHA,2018-02-12,14.87,14.87,14.05,14.44,71350
DHA,2018-02-13,15.21,15.21,14.44,14.87,12460
DHA,2018-02-21,14.87,15.16,14.58,14.97,12260
DHA,2018-02-22,14.53,14.87,14.39,14.39,20230
DHA,2018-02-23,14.39,14.68,14.39,14.63,16860
DHA,2018-02-26,14.87,15.02,14.53,14.53,14400
DHA,2018-02-27,14.53,14.63,14.34,14.34,19730
DHA,2018-02-28,14.32,14.73,14.24,14.24,122420
DHA,2018-03-01,14.46,14.46,13.98,14.37,42640
DHA,2018-03-02,14.15,14.44,14.15,14.44,4810
DHA,2018-03-05,14.49,14.58,14.39,14.49,24550
DHA,2018-03-06,14.44,14.68,14.34,14.68,52050
DHA,2018-03-07,14.73,15.16,14.58,14.58,21820
DHA,2018-03-08,15.0,15.0,14.39,14.39,16030
DHA,2018-03-09,14.53,14.53,14.29,14.32,22460
DHA,2018-03-12,14.29,14.44,14.15,14.44,12960
DHA,2018-03-13,14.15,14.46,14.1,14.44,22540
DHA,2018-03-14,14.2,14.44,14.15,14.15,26550
DHA,2018-03-15,14.07,14.97,14.07,14.7,34940
DHA,2018-03-16,14.68,14.68,14.53,14.53,13740
DHA,2018-03-19,14.53,14.63,14.53,14.53,16570
DHA,2018-03-20,14.61,14.73,14.37,14.73,52200
DHA,2018-03-21,14.73,14.73,14.41,14.56,31600
DHA,2018-03-22,14.53,14.53,14.15,14.39,21340
DHA,2018-03-23,14.29,14.37,14.05,14.37,3610
DHA,2018-03-26,14.24,14.29,14.1,14.29,3670
DHA,2018-03-27,14.1,14.34,13.95,14.27,22250
DHA,2018-03-28,14.24,14.29,13.86,14.24,8980
DHA,2018-03-29,13.91,14.22,13.81,14.22,22690
DHA,2018-03-30,13.93,14.24,13.78,13.95,80370
DHA,2018-04-02,13.95,14.05,13.76,13.81,83200
DHA,2018-04-03,14.03,14.03,13.76,13.81,32540
DHA,2018-04-04,14.17,14.17,13.81,13.95,27760
DHA,2018-04-05,14.1,14.29,14.05,14.24,16400
DHA,2018-04-06,14.29,14.32,14.24,14.29,49110
DHA,2018-04-09,14.29,14.29,14.24,14.24,7200
DHA,2018-04-10,14.2,14.2,14.0,14.2,11470
DHA,2018-04-11,13.91,14.15,13.91,14.05,16800
DHA,2018-04-12,13.91,14.05,13.81,13.81,25920
DHA,2018-04-13,14.05,14.05,13.81,14.03,27220
DHA,2018-04-16,14.17,14.17,13.83,13.83,14320
DHA,2018-04-17,14.15,14.44,13.88,14.44,68870
DHA,2018-04-18,14.44,14.73,14.0,14.0,53610
DHA,2018-04-19,13.83,14.34,13.78,13.78,16780
DHA,2018-04-20,13.78,14.29,13.78,14.05,38100
DHA,2018-04-23,14.05,14.22,13.81,13.81,49370
DHA,2018-04-24,13.81,14.05,13.71,13.76,51570
DHA,2018-04-26,14.15,14.15,13.57,13.57,99470
DHA,2018-04-27,13.57,14.29,13.57,14.29,214690
DHA,2018-05-02,14.22,14.22,13.71,13.71,2640
DHA,2018-05-03,14.03,14.03,13.71,13.78,51240
DHA,2018-05-04,13.81,14.0,13.81,13.91,10410
DHA,2018-05-07,13.83,13.95,13.81,13.83,13370
DHA,2018-05-08,13.83,13.95,13.81,13.83,63650
DHA,2018-05-09,14.0,14.0,13.81,13.91,62550
DHA,2018-05-10,13.83,13.91,13.74,13.88,84630
DHA,2018-05-11,13.83,13.88,13.81,13.88,15310
DHA,2018-05-14,13.88,13.88,13.88,13.88,130
DHA,2018-05-15,13.78,13.98,13.76,13.98,11340
DHA,2018-05-16,14.0,14.0,13.83,13.83,1300
DHA,2018-05-17,13.81,13.86,13.59,13.83,29970
DHA,2018-05-18,13.95,13.95,13.83,13.86,30630
DHA,2018-05-21,14.58,14.58,13.83,14.03,3460
DHA,2018-05-22,13.71,14.03,13.71,13.81,22080
DHA,2018-05-23,13.59,13.81,13.59,13.71,3630
DHA,2018-05-24,13.95,13.95,13.61,13.74,5140
DHA,2018-05-25,13.61,13.91,13.59,13.59,120620
DHA,2018-05-28,13.32,13.32,13.08,13.28,45560
DHA,2018-05-29,13.08,13.81,13.08,13.61,2200
DHA,2018-05-30,13.44,13.52,12.84,13.52,2250
DHA,2018-05-31,13.32,13.57,13.3,13.57,23440
DHA,2018-06-01,13.52,13.71,13.42,13.52,940
DHA,2018-06-04,13.13,13.76,13.13,13.69,80
DHA,2018-06-05,13.69,13.69,13.69,13.69,80
DHA,2018-06-06,13.71,13.71,13.57,13.57,5680
DHA,2018-06-07,13.57,13.61,13.57,13.57,18350
DHA,2018-06-08,13.57,13.81,13.57,13.74,13540
DHA,2018-06-11,13.69,13.86,13.35,13.66,46230
DHA,2018-06-12,13.42,13.91,13.42,13.71,73350
DHA,2018-06-13,13.81,13.95,13.81,13.91,14420
DHA,2018-06-14,14.24,14.75,13.76,14.2,17610
DHA,2018-06-15,13.86,14.2,13.86,14.0,25580
DHA,2018-06-18,14.22,14.29,13.81,14.0,52310
DHA,2018-06-19,14.24,14.27,14.0,14.0,45670
DHA,2018-06-20,14.2,14.2,14.12,14.2,5890
DHA,2018-06-21,14.2,14.2,13.95,13.95,6320
DHA,2018-06-22,13.98,14.24,13.98,14.24,1610
DHA,2018-06-25,14.15,14.53,14.15,14.53,54160
DHA,2018-06-26,14.58,14.58,14.2,14.49,2060
DHA,2018-06-27,14.61,14.61,14.29,14.49,1160
DHA,2018-06-28,14.49,14.49,14.2,14.2,16180
DHA,2018-06-29,14.05,14.51,14.05,14.49,490
DHA,2018-07-02,14.49,14.49,13.52,14.32,21130
DHA,2018-07-03,13.59,14.05,13.59,13.91,36090
DHA,2018-07-04,14.06,14.37,14.06,14.06,980
DHA,2018-07-05,14.06,14.06,13.23,13.23,5090
DHA,2018-07-06,13.54,13.8,12.66,13.7,950
DHA,2018-07-09,12.92,14.17,12.92,14.06,2570
DHA,2018-07-10,14.06,14.17,13.72,14.01,3940
DHA,2018-07-11,14.01,14.01,14.01,14.01,0
DHA,2018-07-12,14.01,14.01,13.38,14.01,1890
DHA,2018-07-13,13.38,14.01,13.07,13.31,5040
DHA,2018-07-16,13.18,13.85,12.63,13.49,32440
DHA,2018-07-17,13.91,14.4,13.54,14.22,24660
DHA,2018-07-18,14.27,14.27,13.75,14.01,2560
DHA,2018-07-19,14.01,14.74,14.01,14.58,23840
DHA,2018-07-20,14.43,14.58,14.43,14.58,130
DHA,2018-07-23,14.58,14.58,14.17,14.32,12350
DHA,2018-07-24,14.32,14.32,14.11,14.32,5800
DHA,2018-07-25,14.48,14.48,14.22,14.22,26330
DHA,2018-07-26,14.22,14.58,14.17,14.58,26500
DHA,2018-07-27,14.79,14.79,14.22,14.48,9580
DHA,2018-07-30,14.37,14.37,14.24,14.24,15420
DHA,2018-07-31,14.11,14.63,14.11,14.43,10120
DHA,2018-08-01,14.37,14.37,14.27,14.37,20000
DHA,2018-08-02,14.4,14.58,14.32,14.5,11820
DHA,2018-08-03,14.19,14.56,14.19,14.4,1380
DHA,2018-08-06,14.4,14.53,14.4,14.43,11770
DHA,2018-08-07,14.58,14.58,14.43,14.43,11750
DHA,2018-08-08,14.45,14.56,14.37,14.56,44150
DHA,2018-08-09,14.56,14.58,14.5,14.53,9500
DHA,2018-08-10,14.82,14.82,14.43,14.53,9280
DHA,2018-08-13,14.53,14.53,14.32,14.53,8860
DHA,2018-08-14,14.43,14.48,14.37,14.43,7360
DHA,2018-08-15,14.37,14.43,14.37,14.37,11100
DHA,2018-08-16,14.32,14.53,14.32,14.53,20640
DHA,2018-08-17,14.53,14.69,14.53,14.69,41540
DHA,2018-08-20,14.53,14.63,14.43,14.43,28100
DHA,2018-08-21,14.43,14.48,14.43,14.45,33650
DHA,2018-08-22,14.43,14.43,14.27,14.27,37630
DHA,2018-08-23,14.27,14.37,14.14,14.14,35180
DHA,2018-08-24,14.22,14.53,13.98,14.04,31370
DHA,2018-08-27,14.04,14.04,13.91,13.91,38240
DHA,2018-08-28,13.91,14.06,13.64,13.8,54400
DHA,2018-08-29,13.8,13.85,13.75,13.75,50690
DHA,2018-08-30,13.64,13.88,13.64,13.8,64740
DHA,2018-08-31,13.85,14.11,13.85,13.96,8230
DHA,2018-09-04,14.06,14.14,14.06,14.06,5840
DHA,2018-09-05,14.06,14.06,13.85,14.01,9710
DHA,2018-09-06,13.75,14.01,13.75,13.93,18540
DHA,2018-09-07,14.01,14.01,13.96,14.01,520
DHA,2018-09-10,13.96,14.06,13.96,14.01,6900
DHA,2018-09-11,13.96,14.24,13.96,14.24,7910
DHA,2018-09-12,14.22,14.22,14.17,14.22,1050
DHA,2018-09-13,14.27,14.27,13.96,14.22,9310
DHA,2018-09-14,14.04,14.17,13.88,14.17,8090
DHA,2018-09-17,14.43,14.43,14.01,14.22,5710
DHA,2018-09-18,14.32,14.32,13.96,14.11,36570
DHA,2018-09-19,14.11,14.3,14.11,14.27,23580
DHA,2018-09-20,14.3,15.03,14.27,14.69,35690
DHA,2018-09-21,15.03,15.03,14.58,14.74,3120
DHA,2018-09-24,14.74,15.0,14.43,14.58,22920
DHA,2018-09-25,14.84,15.1,14.58,15.1,93530
DHA,2018-09-26,15.1,16.01,15.1,15.62,62780
DHA,2018-09-27,15.62,15.99,15.36,15.39,19050
DHA,2018-09-28,15.16,15.68,15.16,15.16,14120
DHA,2018-10-01,15.68,15.68,14.97,14.97,15360
DHA,2018-10-02,15.47,15.47,14.84,15.0,6090
DHA,2018-10-03,14.89,15.57,14.89,15.0,8610
DHA,2018-10-04,15.36,15.57,14.97,15.42,6150
DHA,2018-10-05,14.95,15.29,14.89,14.97,2870
DHA,2018-10-08,14.97,15.34,14.97,15.16,50690
DHA,2018-10-09,15.62,15.62,15.1,15.16,21390
DHA,2018-10-10,15.52,15.52,15.16,15.26,21340
DHA,2018-10-11,15.16,15.49,14.89,15.21,108130
DHA,2018-10-12,15.21,15.21,15.05,15.16,23470
DHA,2018-10-15,15.88,15.88,15.16,15.18,29530
DHA,2018-10-16,15.52,15.52,15.05,15.39,5650
DHA,2018-10-17,15.39,15.39,15.08,15.21,33100
DHA,2018-10-18,15.21,15.21,15.05,15.1,16320
DHA,2018-10-19,14.84,15.1,14.19,15.1,15990
DHA,2018-10-22,15.31,15.31,14.69,14.74,2560
DHA,2018-10-23,15.08,15.08,14.74,14.76,10610
DHA,2018-10-24,14.76,15.05,14.76,14.84,49310
DHA,2018-10-25,14.82,14.84,14.69,14.84,24440
DHA,2018-10-26,15.08,15.08,14.76,14.84,47290
DHA,2018-10-29,14.89,15.1,14.84,15.0,28510
DHA,2018-10-30,14.97,15.0,14.97,14.97,1070
DHA,2018-10-31,14.89,15.08,14.87,14.89,13030
DHA,2018-11-01,15.08,15.08,14.48,15.05,4210
DHA,2018-11-02,15.05,15.05,14.87,14.87,4090
DHA,2018-11-05,15.05,15.05,14.87,15.0,4120
DHA,2018-11-06,14.95,15.21,14.95,15.13,26570
DHA,2018-11-07,15.36,15.36,15.13,15.21,10480
DHA,2018-11-08,15.36,15.36,15.16,15.26,3050
DHA,2018-11-09,15.1,15.21,15.1,15.13,54260
DHA,2018-11-12,15.36,15.36,15.13,15.21,40850
DHA,2018-11-13,15.21,15.26,15.21,15.21,23280
DHA,2018-11-14,15.21,15.23,15.1,15.1,19290
DHA,2018-11-15,15.16,15.57,15.16,15.52,58760
DHA,2018-11-16,15.42,15.86,15.42,15.78,29170
DHA,2018-11-19,16.14,16.14,15.62,15.78,2560
DHA,2018-11-20,15.68,15.81,15.36,15.78,21740
DHA,2018-11-21,15.62,16.12,15.62,15.68,21150
DHA,2018-11-22,15.88,16.2,15.78,15.88,33910
DHA,2018-11-23,15.88,16.17,15.88,15.99,76940
DHA,2018-11-26,15.88,16.14,14.89,15.83,36560
DHA,2018-11-27,16.09,16.87,15.91,16.2,31660
DHA,2018-11-28,16.8,17.19,16.2,16.3,10230
DHA,2018-11-29,16.64,16.67,16.17,16.17,11840
DHA,2018-11-30,16.41,16.41,15.88,15.88,9700
DHA,2018-12-03,16.67,16.67,15.88,16.41,15890
DHA,2018-12-04,16.41,16.56,16.14,16.14,3210
DHA,2018-12-05,15.78,16.14,15.78,16.09,880
DHA,2018-12-06,15.83,16.04,15.78,15.99,3810
DHA,2018-12-07,16.09,16.09,15.78,15.81,670
DHA,2018-12-10,16.09,16.09,15.88,16.09,37200
DHA,2018-12-11,16.46,16.46,15.03,16.04,12270
DHA,2018-12-12,15.42,16.09,15.42,16.09,7410
DHA,2018-12-13,15.88,16.04,15.88,16.01,6020
DHA,2018-12-14,15.73,16.01,15.73,15.99,11910
DHA,2018-12-17,16.09,16.09,15.99,15.99,910
DHA,2018-12-18,15.78,15.88,15.68,15.88,1550
DHA,2018-12-19,16.61,16.61,15.88,16.14,22190
DHA,2018-12-20,16.14,16.14,15.68,15.68,5300
DHA,2018-12-21,15.68,16.12,15.68,15.88,14120
DHA,2018-12-24,15.83,15.99,15.83,15.99,11310
DHA,2018-12-25,15.05,15.94,15.05,15.91,17900
DHA,2018-12-26,15.91,15.94,15.62,15.94,8260
DHA,2018-12-27,15.99,15.99,15.88,15.88,3440
DHA,2018-12-28,15.73,15.73,15.36,15.73,850
DHA,2019-01-02,15.62,15.88,15.62,15.73,14760
DHA,2019-01-03,15.7,15.73,15.62,15.73,7090
DHA,2019-01-04,15.62,15.73,15.52,15.73,14010
DHA,2019-01-07,15.78,15.78,14.63,15.62,21010
DHA,2019-01-08,15.68,15.88,15.62,15.78,10910
DHA,2019-01-09,15.62,15.88,15.62,15.86,75990
DHA,2019-01-10,15.88,16.12,15.83,15.94,72520
DHA,2019-01-11,15.94,16.14,15.94,16.12,77040
DHA,2019-01-14,16.14,16.98,16.14,16.51,110180
DHA,2019-01-15,16.04,16.51,16.04,16.43,61710
DHA,2019-01-16,16.17,16.35,15.73,15.73,51550
DHA,2019-01-17,16.14,16.14,15.31,15.62,42350
DHA,2019-01-18,15.94,16.09,15.7,16.09,108810
DHA,2019-01-21,16.09,16.09,15.81,15.88,6570
DHA,2019-01-22,15.88,16.04,15.78,16.04,10350
DHA,2019-01-23,15.88,16.67,15.88,16.04,5180
DHA,2019-01-24,16.64,16.64,15.94,16.09,7890
DHA,2019-01-25,16.56,16.56,16.25,16.25,610
DHA,2019-01-28,16.09,16.41,16.07,16.35,2140
DHA,2019-01-29,16.25,16.35,16.25,16.35,9040
DHA,2019-01-30,16.67,16.67,16.14,16.41,3120
DHA,2019-01-31,16.98,16.98,16.25,16.67,9790
DHA,2019-02-01,16.95,16.95,15.75,16.8,17650
DHA,2019-02-11,17.13,17.13,16.67,16.67,12650
DHA,2019-02-12,16.35,16.87,16.35,16.82,17980
DHA,2019-02-13,16.93,17.97,16.93,17.03,84890
DHA,2019-02-14,17.19,17.97,17.19,17.19,35700
DHA,2019-02-15,17.94,17.94,17.21,17.42,190
DHA,2019-02-18,16.82,17.68,16.82,17.39,12070
DHA,2019-02-19,17.5,17.5,16.43,17.34,35390
DHA,2019-02-20,17.19,17.6,17.19,17.45,10780
DHA,2019-02-21,17.19,17.5,17.19,17.5,5030
DHA,2019-02-22,17.5,17.5,17.24,17.26,12960
DHA,2019-02-25,17.92,17.94,16.72,17.66,25730
DHA,2019-02-26,17.45,17.92,17.45,17.47,9240
DHA,2019-02-27,17.71,18.2,17.6,17.86,19470
DHA,2019-02-28,18.18,18.18,17.68,17.71,11660
DHA,2019-03-01,17.97,17.97,17.45,17.92,1060
DHA,2019-03-04,17.63,17.92,17.63,17.92,790
DHA,2019-03-05,17.34,17.92,17.34,17.73,10870
DHA,2019-03-06,17.73,18.33,17.73,18.23,32610
DHA,2019-03-07,17.97,18.51,17.76,17.81,45680
DHA,2019-03-08,18.02,18.38,17.45,17.66,38680
DHA,2019-03-11,18.02,18.59,17.97,18.02,79530
DHA,2019-03-12,18.07,18.23,17.86,18.23,8350
DHA,2019-03-13,18.28,18.44,18.28,18.44,19860
DHA,2019-03-14,18.44,18.75,18.44,18.75,24710
DHA,2019-03-15,18.33,18.59,17.24,18.54,7570
DHA,2019-03-18,18.49,18.59,17.76,18.33,13400
DHA,2019-03-19,18.59,18.59,18.12,18.38,15290
DHA,2019-03-20,18.54,18.54,18.12,18.28,18110
DHA,2019-03-21,17.79,18.49,17.79,18.49,16710
DHA,2019-03-22,18.46,18.51,17.5,17.5,10480
DHA,2019-03-25,17.5,18.33,17.5,17.55,4350
DHA,2019-03-26,18.23,18.23,17.55,17.55,1150
DHA,2019-03-27,18.2,18.28,17.68,18.28,238270
DHA,2019-03-28,18.18,18.23,17.97,17.97,2130
DHA,2019-03-29,18.18,18.18,17.97,18.18,1920
DHA,2019-04-01,18.15,18.15,17.47,18.15,2680
DHA,2019-04-02,18.15,18.18,18.12,18.18,1570
DHA,2019-04-03,17.76,18.18,17.39,18.18,200
DHA,2019-04-04,18.1,18.15,17.97,18.15,1780
DHA,2019-04-05,18.1,18.1,18.1,18.1,1000
DHA,2019-04-08,18.1,18.1,17.34,17.97,3210
DHA,2019-04-09,17.97,17.97,17.76,17.76,7450
DHA,2019-04-10,17.71,18.75,17.71,18.18,1210
DHA,2019-04-11,18.75,18.75,17.71,18.18,1350
DHA,2019-04-12,17.97,18.33,17.76,18.2,14220
DHA,2019-04-16,18.23,18.33,18.23,18.33,22040
DHA,2019-04-17,18.23,18.33,18.23,18.23,7600
DHA,2019-04-18,18.2,18.28,18.12,18.23,12430
DHA,2019-04-19,18.12,18.38,18.12,18.33,55810
DHA,2019-04-22,19.48,19.48,18.54,18.67,23970
DHA,2019-04-23,18.7,19.06,18.7,18.8,15200
DHA,2019-04-24,19.01,19.01,18.28,18.59,9290
DHA,2019-04-25,19.01,19.01,18.75,18.9,11570
DHA,2019-04-26,19.06,19.06,18.57,18.98,8790
DHA,2019-05-02,18.98,19.01,18.75,18.75,4690
DHA,2019-05-03,19.01,19.01,18.75,18.96,16700
DHA,2019-05-06,18.9,18.96,18.49,18.93,10320
DHA,2019-05-07,18.96,18.96,18.7,18.9,2310
DHA,2019-05-08,18.75,18.88,18.54,18.88,3300
DHA,2019-05-09,18.88,18.88,18.23,18.88,10380
DHA,2019-05-10,18.88,18.88,18.59,18.8,11660
DHA,2019-05-13,18.62,18.88,18.62,18.85,8040
DHA,2019-05-14,18.8,18.8,18.49,18.75,1930
DHA,2019-05-15,18.75,18.8,18.49,18.8,9200
DHA,2019-05-16,18.8,18.83,18.54,18.75,8140
DHA,2019-05-17,18.75,18.75,18.64,18.75,3350
DHA,2019-05-20,18.75,18.75,18.75,18.75,4620
DHA,2019-05-21,18.7,18.7,18.7,18.7,730
DHA,2019-05-22,18.7,18.85,18.7,18.85,14330
DHA,2019-05-23,19.01,19.01,18.85,18.96,3630
DHA,2019-05-24,18.96,19.01,18.96,19.01,4120
DHA,2019-05-27,18.49,19.01,18.49,18.85,4380
DHA,2019-05-28,18.44,18.8,18.44,18.8,11430
DHA,2019-05-29,18.85,18.85,18.8,18.8,7800
DHA,2019-05-30,18.8,18.8,18.8,18.8,4900
DHA,2019-05-31,18.8,18.8,18.33,18.8,1700
DHA,2019-06-03,18.8,18.8,18.49,18.75,770
DHA,2019-06-04,18.31,18.75,18.31,18.75,210
DHA,2019-06-05,18.64,18.9,17.79,18.9,30290
DHA,2019-06-06,18.9,18.9,18.02,18.9,3500
DHA,2019-06-07,18.88,19.22,18.28,19.22,7950
DHA,2019-06-10,19.48,19.48,19.11,19.22,1500
DHA,2019-06-11,18.83,19.82,18.83,19.55,4450
DHA,2019-06-12,19.55,19.82,19.52,19.66,5930
DHA,2019-06-13,19.63,19.66,18.75,19.49,930
DHA,2019-06-14,18.83,19.66,18.8,19.55,690
DHA,2019-06-17,19.55,19.77,19.55,19.58,7840
DHA,2019-06-18,19.77,19.88,19.66,19.66,1970
DHA,2019-06-19,19.82,19.82,18.86,19.66,3280
DHA,2019-06-20,19.77,19.82,19.77,19.82,4700
DHA,2019-06-21,19.82,19.88,19.77,19.77,3200
DHA,2019-06-24,19.8,20.95,18.89,19.55,33130
DHA,2019-06-25,19.08,19.93,19.08,19.27,740
DHA,2019-06-26,19.93,20.15,19.93,20.15,160
DHA,2019-06-27,20.18,20.21,19.58,19.77,210
DHA,2019-06-28,19.27,20.37,19.27,19.27,2620
DHA,2019-07-01,19.82,20.15,19.33,19.82,9070
DHA,2019-07-02,19.82,20.21,19.27,19.33,2140
DHA,2019-07-03,19.44,20.32,19.44,20.32,330
DHA,2019-07-04,19.82,20.21,19.82,19.82,8380
DHA,2019-07-05,20.04,20.04,19.8,19.93,1670
DHA,2019-07-08,19.66,19.99,19.66,19.99,2720
DHA,2019-07-09,19.82,20.1,19.3,19.85,5710
DHA,2019-07-10,19.93,19.93,19.6,19.93,290
DHA,2019-07-11,20.1,20.1,19.58,20.1,360
DHA,2019-07-12,20.1,20.15,19.55,19.55,12360
DHA,2019-07-15,20.15,20.15,19.41,20.15,5450
DHA,2019-07-16,20.15,20.15,19.74,20.15,54760
DHA,2019-07-17,20.15,20.37,19.6,20.21,11050
DHA,2019-07-18,20.15,20.26,19.77,20.26,15900
DHA,2019-07-19,19.44,20.26,19.44,20.26,1590
DHA,2019-07-22,20.21,20.21,20.15,20.21,12650
DHA,2019-07-23,20.15,20.21,19.82,20.1,12380
DHA,2019-07-24,20.1,20.32,20.1,20.26,4510
DHA,2019-07-25,20.21,20.21,19.82,19.82,4040
DHA,2019-07-26,19.82,20.21,19.82,20.21,3090
DHA,2019-07-29,19.91,20.21,19.88,20.21,8220
DHA,2019-07-30,20.1,20.1,19.82,19.82,3900
DHA,2019-07-31,19.88,19.88,19.88,19.88,2870
DHA,2019-08-01,20.02,20.13,19.33,20.13,10160
DHA,2019-08-02,20.1,20.13,20.1,20.13,3520
DHA,2019-08-05,20.1,20.13,19.58,20.1,3040
DHA,2019-08-06,19.33,20.07,18.75,20.07,13120
DHA,2019-08-07,19.82,20.04,19.82,20.04,150
DHA,2019-08-08,20.04,20.04,20.04,20.04,500
DHA,2019-08-09,19.91,19.91,19.44,19.44,3210
DHA,2019-08-12,20.04,20.04,19.47,19.91,3690
DHA,2019-08-13,20.07,20.07,19.0,19.82,2400
DHA,2019-08-14,19.88,19.88,19.19,19.77,3400
DHA,2019-08-15,19.63,19.63,19.05,19.6,21500
DHA,2019-08-16,19.02,19.33,18.83,19.19,27120
DHA,2019-08-19,19.19,19.27,18.97,19.16,7010
DHA,2019-08-20,19.05,19.05,18.72,18.97,6250
DHA,2019-08-21,19.11,19.11,18.5,18.72,5540
DHA,2019-08-22,18.5,18.69,18.28,18.34,5230
DHA,2019-08-23,18.72,19.16,17.12,18.61,14610
DHA,2019-08-26,18.64,18.64,17.73,18.42,1310
DHA,2019-08-27,18.97,18.97,18.17,18.67,1410
DHA,2019-08-28,17.62,18.39,17.51,18.39,11720
DHA,2019-08-29,18.23,18.23,17.62,18.14,3190
DHA,2019-08-30,18.17,18.45,17.73,18.28,51770
DHA,2019-09-03,18.39,18.45,18.06,18.36,170
DHA,2019-09-04,18.28,18.28,18.28,18.28,730
DHA,2019-09-05,17.73,18.17,17.73,17.98,6070
DHA,2019-09-06,17.79,18.34,17.73,18.31,600
DHA,2019-09-09,18.17,18.39,17.43,17.43,1740
DHA,2019-09-10,18.14,18.14,16.82,16.82,2330
DHA,2019-09-11,17.62,17.62,16.68,17.1,2040
DHA,2019-09-12,17.07,17.35,16.57,17.18,43060
DHA,2019-09-13,18.01,18.01,16.33,16.46,3200
DHA,2019-09-16,17.01,17.01,16.57,16.93,1250
DHA,2019-09-17,17.24,17.26,16.68,16.68,50
DHA,2019-09-18,17.4,17.73,15.72,16.63,3910
DHA,2019-09-19,16.68,17.35,16.66,16.96,230
DHA,2019-09-20,16.33,17.29,16.33,17.07,950
DHA,2019-09-23,17.07,17.26,16.24,16.6,6080
DHA,2019-09-24,16.68,17.24,16.68,16.9,30
DHA,2019-09-25,16.74,16.79,16.49,16.79,1450
DHA,2019-09-26,17.12,17.12,16.49,16.79,1020
DHA,2019-09-27,17.12,17.12,16.49,16.88,5620
DHA,2019-09-30,16.49,16.88,16.33,16.79,9380
DHA,2019-10-01,16.52,16.79,16.52,16.52,3300
DHA,2019-10-02,17.18,17.18,16.49,16.99,1920
DHA,2019-10-03,16.52,16.79,16.52,16.79,1730
DHA,2019-10-04,17.35,17.84,16.52,16.55,6080
DHA,2019-10-07,16.52,17.01,16.52,17.01,2100
DHA,2019-10-08,16.9,16.9,16.79,16.79,1500
DHA,2019-10-09,16.79,16.85,16.79,16.82,850
DHA,2019-10-10,16.79,16.79,16.57,16.57,50
DHA,2019-10-11,16.77,16.77,16.57,16.68,1020
DHA,2019-10-14,16.52,16.68,16.3,16.3,21850
DHA,2019-10-15,16.66,16.66,16.3,16.3,12320
DHA,2019-10-16,16.52,16.63,16.19,16.19,4270
DHA,2019-10-17,16.46,16.46,16.24,16.44,1510
DHA,2019-10-18,16.02,17.24,16.02,17.24,21380
DHA,2019-10-21,16.52,16.52,16.52,16.52,430
DHA,2019-10-22,16.49,16.77,16.46,16.74,7060
DHA,2019-10-23,16.52,16.52,16.52,16.52,3020
DHA,2019-10-24,16.52,16.77,16.52,16.77,4960
DHA,2019-10-25,16.96,16.96,16.52,16.52,11600
DHA,2019-10-28,16.93,16.93,16.52,16.79,220
DHA,2019-10-29,16.16,16.77,16.16,16.77,40
DHA,2019-10-30,16.52,16.74,16.52,16.74,3970
DHA,2019-10-31,16.74,16.74,16.3,16.63,6220
DHA,2019-11-01,16.79,16.79,16.52,16.52,2410
DHA,2019-11-04,16.77,17.62,16.52,16.52,8500
DHA,2019-11-05,16.46,17.04,16.46,16.85,1140
DHA,2019-11-06,16.82,17.62,16.82,17.54,4160
DHA,2019-11-07,17.04,17.62,17.04,17.46,12860
DHA,2019-11-08,18.17,18.17,16.96,17.35,2780
DHA,2019-11-11,17.34,18.1,17.34,18.1,1970
DHA,2019-11-12,17.92,19.05,16.85,18.96,8320
DHA,2019-11-13,18.7,18.7,17.66,18.36,7960
DHA,2019-11-14,18.13,18.13,17.58,17.58,1110
DHA,2019-11-15,17.34,17.34,17.06,17.34,6320
DHA,2019-11-18,17.34,17.69,17.34,17.43,1190
DHA,2019-11-19,17.43,17.69,17.34,17.69,1390
DHA,2019-11-20,16.91,18.47,16.91,17.34,3720
DHA,2019-11-21,17.92,18.5,17.4,17.4,1040
DHA,2019-11-22,18.07,18.07,17.4,17.4,1010
DHA,2019-11-25,17.4,18.13,17.34,17.87,3130
DHA,2019-11-26,18.21,18.73,17.46,17.87,4340
DHA,2019-11-27,18.47,18.47,17.52,17.52,520
DHA,2019-11-28,18.18,18.18,17.52,17.52,1240
DHA,2019-11-29,17.92,17.92,17.52,17.87,3110
DHA,2019-12-02,17.61,18.79,17.61,18.79,12170
DHA,2019-12-03,18.04,18.56,17.75,18.56,3220
DHA,2019-12-04,18.47,18.47,17.61,17.61,460
DHA,2019-12-05,18.67,18.67,17.63,17.72,130
DHA,2019-12-06,17.72,17.92,17.72,17.75,3240
DHA,2019-12-09,17.75,17.92,17.63,17.87,3510
DHA,2019-12-10,17.69,18.44,17.66,18.36,2570
DHA,2019-12-11,17.69,18.41,17.69,18.39,2450
DHA,2019-12-12,17.92,18.36,17.63,18.33,6770
DHA,2019-12-13,17.92,18.5,17.69,17.69,5880
DHA,2019-12-16,17.72,18.5,16.54,18.41,2550
DHA,2019-12-17,18.41,18.41,17.58,18.04,9610
DHA,2019-12-18,17.72,18.41,17.72,17.92,940
DHA,2019-12-19,18.41,18.41,17.75,17.75,110
DHA,2019-12-20,18.33,18.33,17.72,17.87,410
DHA,2019-12-23,17.52,18.15,17.52,17.63,1160
DHA,2019-12-24,17.87,17.87,17.63,17.81,620
DHA,2019-12-25,17.81,18.47,17.58,18.41,4450
DHA,2019-12-26,17.52,18.39,17.52,17.78,3000
DHA,2019-12-27,17.87,18.44,17.55,18.21,2660
DHA,2019-12-30,18.21,18.5,17.55,17.92,4210
DHA,2019-12-31,18.44,19.14,17.58,18.44,3580
DHA,2020-01-02,18.76,18.76,17.66,18.47,250
DHA,2020-01-03,19.14,19.14,17.63,17.72,790
DHA,2020-01-06,17.92,17.92,17.63,17.92,14960
DHA,2020-01-07,18.5,18.5,17.69,17.92,67140
DHA,2020-01-08,17.69,18.47,17.58,18.47,7400
DHA,2020-01-09,18.39,18.39,18.39,18.39,350
DHA,2020-01-10,18.15,19.02,18.15,18.15,1020
DHA,2020-01-13,18.44,18.44,17.52,18.3,2030
DHA,2020-01-14,17.4,18.18,17.4,18.18,50
DHA,2020-01-15,18.18,18.18,17.63,18.15,1930
DHA,2020-01-16,18.44,18.44,17.78,17.78,1140
DHA,2020-01-17,17.63,17.92,17.63,17.92,4470
DHA,2020-01-20,17.46,18.21,17.46,18.21,1960
DHA,2020-01-21,17.92,18.21,17.92,18.21,700
DHA,2020-01-22,19.48,19.48,18.7,18.7,1490
DHA,2020-01-30,18.5,18.5,17.69,17.69,3390
DHA,2020-01-31,18.65,18.65,18.47,18.5,280
DHA,2020-02-03,18.47,18.5,17.58,18.5,5980
DHA,2020-02-04,17.78,18.5,17.78,18.5,3240
DHA,2020-02-05,18.5,19.72,17.98,18.5,1040
DHA,2020-02-06,18.5,19.54,18.5,18.5,2680
DHA,2020-02-07,18.21,19.54,18.21,18.21,3780
DHA,2020-02-10,18.5,18.79,18.5,18.73,3260
DHA,2020-02-11,18.73,18.79,18.5,18.79,5630
DHA,2020-02-12,18.21,18.79,17.63,18.79,1220
DHA,2020-02-13,17.92,18.79,17.92,18.79,100
DHA,2020-02-14,19.31,19.31,18.79,18.79,30
DHA,2020-02-17,19.89,19.89,17.92,18.67,6660
DHA,2020-02-18,18.67,18.67,18.67,18.67,0
DHA,2020-02-19,18.67,18.67,18.67,18.67,0
DHA,2020-02-20,18.44,18.44,17.98,17.98,4660
DHA,2020-02-21,18.5,18.73,18.5,18.7,1080
DHA,2020-02-24,17.98,18.7,17.81,18.21,47910
DHA,2020-02-25,18.67,18.67,18.18,18.18,16010
DHA,2020-02-26,18.21,18.65,17.92,17.92,140
DHA,2020-02-27,18.62,18.62,18.21,18.21,1010
DHA,2020-02-28,18.76,18.76,18.76,18.76,50
DHA,2020-03-02,17.92,18.67,17.92,18.65,280
DHA,2020-03-03,17.92,18.76,17.92,18.39,4650
DHA,2020-03-04,18.5,18.5,17.75,17.92,4350
DHA,2020-03-05,18.62,18.62,18.62,18.62,10
DHA,2020-03-06,17.92,18.41,17.72,18.41,550
DHA,2020-03-09,18.76,18.76,18.76,18.76,10
DHA,2020-03-10,18.47,18.5,18.18,18.18,1420
DHA,2020-03-11,18.47,18.47,18.39,18.39,40
DHA,2020-03-12,17.34,18.39,17.34,17.63,280
DHA,2020-03-13,17.63,17.63,16.77,16.77,1420
DHA,2020-03-16,17.58,17.58,16.82,17.23,970
DHA,2020-03-17,16.48,17.17,16.25,16.25,1420
DHA,2020-03-18,17.14,17.14,17.06,17.11,650
DHA,2020-03-19,16.25,17.0,16.25,16.94,5040
DHA,2020-03-20,16.77,16.77,16.77,16.77,10
DHA,2020-03-23,16.22,16.42,15.75,16.13,19750
DHA,2020-03-24,16.74,16.74,16.74,16.74,10
DHA,2020-03-25,16.74,16.77,16.19,16.77,2090
DHA,2020-03-26,16.97,16.97,16.97,16.97,10
DHA,2020-03-27,15.9,15.9,15.9,15.9,10
DHA,2020-03-30,16.88,16.88,16.88,16.88,10
DHA,2020-03-31,17.32,17.32,15.73,16.91,20430
DHA,2020-04-01,16.85,16.88,15.78,15.78,46010
DHA,2020-04-03,16.56,16.59,16.56,16.56,170
DHA,2020-04-06,15.81,16.54,15.81,16.48,1080
DHA,2020-04-07,16.42,16.42,15.9,16.19,1570
DHA,2020-04-08,16.36,16.36,16.28,16.28,80
DHA,2020-04-09,16.25,16.28,15.61,16.1,60380
DHA,2020-04-10,15.64,16.02,15.61,15.9,10300
DHA,2020-04-13,16.04,16.04,15.78,16.04,1010
DHA,2020-04-14,15.9,16.19,15.9,16.07,7800
DHA,2020-04-15,16.02,16.13,15.61,16.13,9850
DHA,2020-04-16,15.73,17.23,15.67,17.06,30470
DHA,2020-04-17,17.87,17.92,16.77,17.06,8900
DHA,2020-04-20,17.06,18.24,17.06,18.24,53510
DHA,2020-04-21,19.2,19.4,18.21,18.47,29360
DHA,2020-04-22,17.29,19.34,17.29,18.5,15580
DHA,2020-04-23,19.66,19.66,18.36,19.08,17540
DHA,2020-04-24,19.37,19.37,18.15,18.5,16030
DHA,2020-04-27,18.5,18.79,18.1,18.5,20360
DHA,2020-04-28,18.1,18.5,18.04,18.21,3820
DHA,2020-04-29,18.04,19.08,18.04,19.08,14680
DHA,2020-05-04,18.44,19.2,18.44,18.73,22000
DHA,2020-05-05,19.02,19.08,18.73,19.08,11220
DHA,2020-05-06,19.08,20.24,19.08,20.0,40680
DHA,2020-05-07,19.66,20.18,19.66,20.06,16290
DHA,2020-05-08,20.06,20.24,19.66,19.83,29820
DHA,2020-05-11,19.43,20.41,19.43,20.24,35560
DHA,2020-05-12,19.95,20.24,19.43,20.12,44560
DHA,2020-05-13,20.0,20.0,19.43,19.43,30630
DHA,2020-05-14,19.63,20.24,19.43,19.48,66410
DHA,2020-05-15,19.48,20.06,19.48,19.6,13030
DHA,2020-05-18,19.89,19.89,19.43,19.6,15630
DHA,2020-05-19,19.72,19.89,19.54,19.66,30830
DHA,2020-05-20,19.63,19.72,19.54,19.6,24240
DHA,2020-05-21,19.91,19.97,19.05,19.6,19740
DHA,2020-05-22,19.35,19.6,19.11,19.6,6380
DHA,2020-05-25,19.05,19.6,19.05,19.51,15820
DHA,2020-05-26,19.35,19.6,19.11,19.51,45400
DHA,2020-05-27,19.51,19.72,19.11,19.66,25430
DHA,2020-05-28,19.35,19.57,19.17,19.57,3320
DHA,2020-05-29,19.23,19.48,19.05,19.45,6270
DHA,2020-06-01,19.6,19.66,19.35,19.48,8000
DHA,2020-06-02,19.48,19.48,19.35,19.35,6410
DHA,2020-06-03,19.08,19.35,19.08,19.29,8520
DHA,2020-06-04,19.29,19.29,19.05,19.29,25650
DHA,2020-06-05,19.11,19.29,19.05,19.29,13940
DHA,2020-06-08,19.11,19.66,19.05,19.66,47990
DHA,2020-06-09,19.23,19.66,19.23,19.35,3230
DHA,2020-06-10,19.17,19.48,19.17,19.35,3360
DHA,2020-06-11,19.48,19.48,18.74,18.74,29970
DHA,2020-06-12,18.43,18.43,18.13,18.25,28550
DHA,2020-06-15,18.43,18.43,17.51,17.57,24430
DHA,2020-06-16,17.57,17.82,17.57,17.63,15540
DHA,2020-06-17,17.63,17.79,17.63,17.63,10540
DHA,2020-06-18,17.7,17.82,17.63,17.82,20480
DHA,2020-06-19,17.82,18.4,17.82,18.4,2510
DHA,2020-06-22,18.31,18.43,18.31,18.31,19990
DHA,2020-06-23,18.37,18.68,18.34,18.62,10400
DHA,2020-06-24,18.89,18.92,18.34,18.74,10800
DHA,2020-06-25,18.74,18.74,17.82,18.74,7470
DHA,2020-06-26,18.74,18.74,18.31,18.31,2480
DHA,2020-06-29,18.31,18.31,17.82,17.94,3700
DHA,2020-06-30,17.94,18.13,17.82,17.82,8650
DHA,2020-07-01,17.82,18.68,17.82,18.68,62280
DHA,2020-07-02,18.92,18.95,18.86,18.86,1700
DHA,2020-07-03,18.86,18.86,18.56,18.68,11220
DHA,2020-07-06,18.68,18.68,18.31,18.31,18250
DHA,2020-07-07,18.31,18.49,18.31,18.49,25030
DHA,2020-07-08,18.31,18.37,17.82,18.19,105480
DHA,2020-07-09,18.31,18.31,18.06,18.16,8910
DHA,2020-07-10,18.4,19.05,18.16,18.86,18880
DHA,2020-07-13,18.8,18.8,18.56,18.65,26350
DHA,2020-07-14,18.71,18.74,18.52,18.52,13540
DHA,2020-07-15,18.62,18.99,18.52,18.95,11480
DHA,2020-07-16,19.05,19.05,18.74,18.74,9720
DHA,2020-07-17,19.11,20.03,19.11,20.03,46540
DHA,2020-07-20,20.28,20.34,19.97,19.97,52210
DHA,2020-07-21,20.28,20.28,19.97,20.09,36290
DHA,2020-07-22,20.18,20.18,20.03,20.03,21240
DHA,2020-07-23,20.03,20.89,19.97,20.58,72160
DHA,2020-07-24,20.77,20.77,19.66,20.15,152790
DHA,2020-07-27,19.85,19.85,19.29,19.35,89980
DHA,2020-07-28,19.35,19.91,19.35,19.66,31380
DHA,2020-07-29,18.92,19.63,18.86,19.05,17000
DHA,2020-07-30,19.66,19.66,18.99,19.17,5220
DHA,2020-07-31,18.62,19.29,18.62,18.74,5470
DHA,2020-08-03,18.65,19.48,18.65,19.26,11950
DHA,2020-08-04,20.21,20.21,19.38,19.6,11030
DHA,2020-08-05,19.66,20.46,19.54,20.09,120730
DHA,2020-08-06,20.21,21.47,20.21,20.95,180950
DHA,2020-08-07,21.44,22.0,20.98,21.44,32310
DHA,2020-08-10,21.44,21.75,21.32,21.66,55370
DHA,2020-08-11,21.66,21.69,20.89,21.47,59280
DHA,2020-08-12,21.66,21.66,21.26,21.44,12560
DHA,2020-08-13,21.5,21.5,21.2,21.5,40690
DHA,2020-08-14,21.69,22.61,21.63,22.3,127380
DHA,2020-08-17,22.3,23.65,22.3,23.22,34190
DHA,2020-08-18,23.53,23.59,22.79,23.04,45330
DHA,2020-08-19,22.79,23.16,22.79,22.86,37580
DHA,2020-08-20,22.76,22.98,22.43,22.64,97430
DHA,2020-08-21,22.67,23.22,22.67,23.04,52280
DHA,2020-08-24,23.22,23.93,22.98,23.35,101240
DHA,2020-08-25,23.62,23.62,23.22,23.35,71830
DHA,2020-08-26,23.35,23.59,23.13,23.13,87480
DHA,2020-08-27,23.22,23.96,23.1,23.78,50120
DHA,2020-08-28,24.09,24.21,23.47,23.65,32330
DHA,2020-08-31,24.21,24.21,23.1,23.1,57340
DHA,2020-09-01,23.1,23.22,22.92,23.22,41050
DHA,2020-09-03,23.22,23.41,23.04,23.35,53730
DHA,2020-09-04,23.35,23.35,22.83,23.22,17150
DHA,2020-09-07,23.26,23.59,23.16,23.16,40060
DHA,2020-09-08,23.16,23.5,22.92,23.22,18600
DHA,2020-09-09,23.13,23.96,23.1,23.96,40090
DHA,2020-09-10,24.02,24.15,23.65,23.9,20180
DHA,2020-09-11,23.84,23.84,23.53,23.65,15880
DHA,2020-09-14,23.75,23.9,23.53,23.65,30130
DHA,2020-09-15,23.93,23.93,23.59,23.72,42180
DHA,2020-09-16,23.9,23.9,23.59,23.65,6490
DHA,2020-09-17,23.41,23.84,23.35,23.69,31800
DHA,2020-09-18,23.72,25.25,23.72,24.52,85990
DHA,2020-09-21,25.44,25.44,24.52,24.52,28450
DHA,2020-09-22,24.52,24.88,24.27,24.27,15600
DHA,2020-09-23,24.27,24.82,24.02,24.09,18810
DHA,2020-09-24,24.09,24.52,24.02,24.02,9230
DHA,2020-09-25,24.02,24.09,23.78,23.96,47220
DHA,2020-09-28,23.96,24.33,23.84,23.96,21950
DHA,2020-09-29,23.96,24.33,23.84,23.84,34410
DHA,2020-09-30,23.9,23.96,23.41,23.96,21570
DHA,2020-10-01,24.52,24.52,23.84,24.52,53770
DHA,2020-10-02,24.36,24.82,23.96,24.27,25370
DHA,2020-10-05,24.58,25.38,24.33,24.64,51340
DHA,2020-10-06,24.64,24.88,24.39,24.64,36070
DHA,2020-10-07,24.64,25.07,24.64,24.76,36680
DHA,2020-10-08,25.13,25.13,24.58,24.7,29900
DHA,2020-10-09,24.7,25.04,24.58,25.04,19370
DHA,2020-10-12,25.01,25.04,24.58,24.73,14950
DHA,2020-10-13,24.73,24.82,24.58,24.82,22960
DHA,2020-10-14,24.82,25.19,24.76,25.16,41200
DHA,2020-10-15,25.38,25.38,24.98,25.16,13600
DHA,2020-10-16,24.95,25.13,24.45,24.58,81610
DHA,2020-10-19,24.58,25.99,24.02,25.38,71310
DHA,2020-10-20,25.38,25.44,25.01,25.44,18810
DHA,2020-10-21,25.44,26.39,24.93,24.93,25440
DHA,2020-10-22,24.93,25.47,24.86,24.93,20050
DHA,2020-10-23,24.93,25.18,24.54,25.18,24000
DHA,2020-10-26,25.21,25.21,24.54,24.86,11570
DHA,2020-10-27,24.86,25.15,24.54,24.73,8990
DHA,2020-10-28,25.09,25.09,23.91,23.91,19710
DHA,2020-10-29,23.33,23.91,23.33,23.91,22600
DHA,2020-10-30,24.83,24.83,23.27,24.16,6020
DHA,2020-11-02,24.8,24.8,23.27,24.29,40270
DHA,2020-11-03,24.29,24.32,24.03,24.29,17260
DHA,2020-11-04,24.64,24.64,23.59,24.54,5420
DHA,2020-11-05,25.05,25.05,24.22,24.38,6860
DHA,2020-11-06,24.35,24.38,24.22,24.38,4730
DHA,2020-11-09,24.7,24.7,23.97,24.22,14310
DHA,2020-11-10,24.22,25.12,24.16,24.16,17270
DHA,2020-11-11,24.54,24.54,24.16,24.29,7700
DHA,2020-11-12,24.54,24.54,24.16,24.22,22770
DHA,2020-11-13,24.22,24.67,24.22,24.67,58310
DHA,2020-11-16,24.67,26.39,24.67,26.39,103000
DHA,2020-11-17,26.9,26.97,26.14,26.77,76050
DHA,2020-11-18,26.77,27.73,26.62,27.73,61530
DHA,2020-11-19,28.05,28.05,27.13,27.54,39490
DHA,2020-11-20,27.22,27.48,27.09,27.48,44820
DHA,2020-11-23,27.79,28.05,27.25,28.05,42560
DHA,2020-11-24,28.05,28.05,27.48,27.6,42340
DHA,2020-11-25,27.92,27.92,27.48,27.64,28760
DHA,2020-11-26,27.92,27.92,27.41,27.7,32600
DHA,2020-11-27,27.7,27.89,27.7,27.79,55140
DHA,2020-11-30,27.73,29.26,27.73,28.75,40180
DHA,2020-12-01,28.75,28.75,27.6,28.62,17780
DHA,2020-12-02,28.24,28.69,28.11,28.69,15540
DHA,2020-12-03,28.69,28.69,28.05,28.69,12810
DHA,2020-12-04,29.17,29.17,28.27,28.37,17960
DHA,2020-12-07,28.08,28.85,28.08,28.81,35290
DHA,2020-12-08,28.43,29.01,28.43,28.69,27590
DHA,2020-12-09,28.56,28.69,28.24,28.5,20020
DHA,2020-12-10,28.37,28.69,27.79,28.05,32070
DHA,2020-12-11,28.05,28.11,27.86,28.05,20670
DHA,2020-12-14,28.05,28.62,28.02,28.3,26500
DHA,2020-12-15,28.05,28.3,27.86,27.86,23970
DHA,2020-12-16,28.24,28.24,27.73,27.79,13680
DHA,2020-12-17,27.73,27.79,27.09,27.22,34700
DHA,2020-12-18,27.73,27.73,26.84,27.35,28040
DHA,2020-12-21,27.7,27.86,27.28,27.28,16470
DHA,2020-12-22,27.6,28.24,27.28,28.05,18920
DHA,2020-12-23,28.5,28.5,27.86,27.86,15830
DHA,2020-12-24,27.41,27.54,26.77,27.35,28050
DHA,2020-12-25,27.35,27.73,26.77,27.73,54240
DHA,2020-12-28,27.79,28.05,27.22,27.41,20980
DHA,2020-12-29,27.73,27.99,27.35,27.92,21530
DHA,2020-12-30,27.92,28.37,27.92,28.24,25510
DHA,2020-12-31,28.56,30.22,28.3,30.22,61840
DHA,2021-01-04,32.13,32.13,30.6,31.75,30900
DHA,2021-01-05,31.75,31.75,30.92,31.68,9800
DHA,2021-01-06,29.87,31.75,29.87,30.85,24800
DHA,2021-01-07,30.6,30.6,29.64,30.54,104200
DHA,2021-01-08,30.54,30.54,29.96,30.28,10000
DHA,2021-01-11,30.22,30.47,30.03,30.47,16700
DHA,2021-01-12,30.47,31.24,30.28,31.24,13500
DHA,2021-01-13,32.83,32.83,31.24,31.24,28400
DHA,2021-01-14,31.24,31.24,30.6,31.24,26300
DHA,2021-01-15,31.24,31.43,30.92,30.92,17900
DHA,2021-01-18,30.92,30.92,30.28,30.28,35600
DHA,2021-01-19,29.71,30.6,29.71,29.71,64900
DHA,2021-01-20,31.17,31.17,29.96,30.79,90100
DHA,2021-01-21,31.24,32.19,30.92,32.19,130800
DHA,2021-01-22,32.19,32.19,31.75,31.87,31400
DHA,2021-01-25,31.87,31.87,31.24,31.24,7300
DHA,2021-01-26,31.24,31.24,29.96,30.92,44300
DHA,2021-01-27,30.98,30.98,29.64,29.77,73400
DHA,2021-01-28,27.92,28.69,27.7,27.99,167700
DHA,2021-01-29,27.41,29.58,27.41,29.52,43300
DHA,2021-02-01,29.64,29.64,28.69,28.69,18600
DHA,2021-02-02,28.69,29.64,28.37,29.32,25600
DHA,2021-02-03,29.32,30.6,29.32,30.47,32300
DHA,2021-02-04,30.6,30.6,29.71,30.34,17100
DHA,2021-02-05,29.71,30.6,29.71,30.6,12000
DHA,2021-02-08,30.28,30.28,29.58,30.28,17200
DHA,2021-02-09,30.41,30.6,29.64,30.6,12500
DHA,2021-02-17,30.89,31.56,30.66,31.17,35300
DHA,2021-02-18,31.17,31.87,31.05,31.87,42000
DHA,2021-02-19,31.24,31.87,31.24,31.36,28200
DHA,2021-02-22,31.87,32.19,31.36,31.81,64300
DHA,2021-02-23,31.94,32.19,31.81,32.0,28600
DHA,2021-02-24,32.07,32.32,31.87,32.0,76200
DHA,2021-02-25,32.0,32.07,31.81,32.0,47000
DHA,2021-02-26,31.94,32.0,29.96,31.94,23600
DHA,2021-03-01,32.13,33.15,32.13,32.96,48100
DHA,2021-03-02,33.15,33.15,32.89,32.89,13500
DHA,2021-03-03,32.96,32.96,32.83,32.83,32100
DHA,2021-03-04,32.83,33.79,30.6,32.83,64000
DHA,2021-03-05,32.83,33.15,32.26,33.09,31700
DHA,2021-03-08,33.6,33.72,33.09,33.47,23700
DHA,2021-03-09,33.28,33.47,33.02,33.4,13900
DHA,2021-03-10,33.4,33.79,32.89,33.72,40100
DHA,2021-03-11,33.79,34.42,33.47,33.66,73000
DHA,2021-03-12,33.72,34.36,33.21,33.21,15200
DHA,2021-03-15,33.28,33.28,32.32,32.32,50700
DHA,2021-03-16,32.32,32.51,32.26,32.32,32900
DHA,2021-03-17,32.51,33.15,32.51,32.51,25400
DHA,2021-03-18,33.28,33.28,32.32,32.51,5400
DHA,2021-03-19,32.51,32.89,32.51,32.89,18700
DHA,2021-03-22,32.89,32.96,32.7,32.77,26300
DHA,2021-03-23,33.28,33.28,32.51,32.51,18500
DHA,2021-03-24,32.83,32.83,31.94,31.94,7600
DHA,2021-03-25,32.19,32.77,31.87,32.77,6200
DHA,2021-03-26,32.77,32.77,31.87,32.45,12100
DHA,2021-03-29,32.45,32.83,31.87,32.77,27700
DHA,2021-03-30,32.77,32.77,32.19,32.51,16300
DHA,2021-03-31,32.51,32.51,31.87,32.51,26200
DHA,2021-04-01,31.94,32.77,31.94,32.19,23300
DHA,2021-04-02,32.19,32.51,32.19,32.51,12500
DHA,2021-04-05,32.26,32.51,32.0,32.32,25400
DHA,2021-04-06,32.38,32.45,32.07,32.32,17000
DHA,2021-04-07,31.94,32.13,31.94,32.07,12900
DHA,2021-04-08,32.07,32.13,31.62,31.75,49100
DHA,2021-04-09,31.75,31.87,31.56,31.68,13100
DHA,2021-04-12,31.68,32.51,31.68,32.38,16900
DHA,2021-04-13,32.38,32.51,32.07,32.19,23100
DHA,2021-04-14,31.68,32.19,31.68,32.0,29100
DHA,2021-04-15,32.0,32.07,31.72,31.94,14100
DHA,2021-04-16,31.72,31.72,31.24,31.3,15700
DHA,2021-04-19,30.66,31.56,30.6,31.56,15700
DHA,2021-04-20,30.92,31.43,30.79,31.24,15500
DHA,2021-04-22,31.05,31.05,30.54,30.6,57100
DHA,2021-04-23,30.15,31.05,29.96,30.92,31300
DHA,2021-04-26,30.41,30.85,30.03,30.09,28700
DHA,2021-04-27,30.47,30.92,30.28,30.92,47300
DHA,2021-04-28,30.92,31.56,30.92,31.05,24100
DHA,2021-04-29,31.56,31.56,31.24,31.24,29000
DHA,2021-05-04,31.24,31.24,30.28,30.34,38700
DHA,2021-05-05,30.34,31.11,30.34,31.11,22200
DHA,2021-05-06,31.68,31.68,31.24,31.43,14500
DHA,2021-05-07,31.49,32.0,30.92,31.68,20600
DHA,2021-05-10,31.81,31.81,31.05,31.62,25100
DHA,2021-05-11,31.65,31.87,31.49,31.87,52900
DHA,2021-05-12,31.81,32.07,31.75,32.07,22400
DHA,2021-05-13,33.22,33.22,32.06,32.4,28100
DHA,2021-05-14,32.4,32.4,31.18,31.32,28100
DHA,2021-05-17,31.18,31.18,30.57,30.71,26400
DHA,2021-05-18,30.57,30.84,30.57,30.71,8600
DHA,2021-05-19,30.37,31.18,30.37,30.51,11100
DHA,2021-05-20,30.51,30.51,30.17,30.17,22400
DHA,2021-05-21,29.9,30.17,29.56,30.1,26500
DHA,2021-05-24,30.17,30.2,29.56,30.17,25500
DHA,2021-05-25,30.17,30.27,30.17,30.2,12800
DHA,2021-05-26,30.3,30.3,30.17,30.23,6700
DHA,2021-05-27,30.23,30.23,29.83,29.83,12200
DHA,2021-05-28,29.83,29.93,29.83,29.93,10500
DHA,2021-05-31,29.83,29.86,29.62,29.62,11300
DHA,2021-06-01,29.83,29.83,29.56,29.56,3300
DHA,2021-06-02,29.35,29.83,29.35,29.76,9500
DHA,2021-06-03,29.69,29.86,29.56,29.86,28600
DHA,2021-06-04,29.86,29.86,29.59,29.86,19500
DHA,2021-06-07,29.86,29.86,29.62,29.62,23600
DHA,2021-06-08,29.62,29.69,29.35,29.35,21300
DHA,2021-06-09,29.35,29.35,29.15,29.35,11000
DHA,2021-06-10,29.15,29.22,29.15,29.15,6100
DHA,2021-06-11,29.15,29.45,29.15,29.45,17600
DHA,2021-06-14,29.45,29.52,29.42,29.49,14200
DHA,2021-06-15,29.49,29.59,29.49,29.59,10000
DHA,2021-06-16,30.17,30.27,29.59,29.76,74800
DHA,2021-06-17,30.17,30.71,30.17,30.71,58500
DHA,2021-06-18,30.64,30.84,30.57,30.64,34600
DHA,2021-06-21,30.71,30.71,30.3,30.57,14100
DHA,2021-06-22,30.57,30.61,30.37,30.37,12300
DHA,2021-06-23,30.23,30.23,29.83,30.06,23200
DHA,2021-06-24,30.06,30.1,29.69,29.69,10300
DHA,2021-06-25,29.42,29.83,29.42,29.56,3500
DHA,2021-06-28,29.62,29.76,29.42,29.76,22800
DHA,2021-06-29,29.62,29.76,29.42,29.42,13100
DHA,2021-06-30,29.49,29.62,29.42,29.45,8000
DHA,2021-07-01,29.45,29.56,29.45,29.56,8200
DHA,2021-07-02,29.22,29.56,29.22,29.35,7400
DHA,2021-07-05,29.15,29.45,29.15,29.22,14000
DHA,2021-07-06,29.22,29.28,29.15,29.25,24400
DHA,2021-07-07,29.25,29.25,29.08,29.12,35000
DHA,2021-07-08,29.12,29.25,29.12,29.15,7700
DHA,2021-07-09,28.88,29.39,28.88,29.25,23500
DHA,2021-07-12,28.88,28.88,28.47,28.67,45000
DHA,2021-07-13,28.67,28.67,28.47,28.54,13100
DHA,2021-07-14,28.54,28.54,27.66,27.66,19800
DHA,2021-07-15,28.4,28.47,27.73,28.47,5400
DHA,2021-07-16,28.47,29.12,28.47,28.47,9500
DHA,2021-07-19,28.13,28.13,27.25,27.79,24300
DHA,2021-07-20,27.79,28.13,27.79,27.79,13400
DHA,2021-07-21,27.79,27.79,27.79,27.79,14700
DHA,2021-07-22,27.79,28.06,27.79,28.06,3400
DHA,2021-07-23,28.47,28.47,27.79,28.06,10800
DHA,2021-07-26,27.79,27.79,27.79,27.79,14200
DHA,2021-07-27,27.79,27.79,27.66,27.79,18400
DHA,2021-07-28,27.52,27.79,27.52,27.73,5600
DHA,2021-07-29,27.79,27.79,27.66,27.79,21400
DHA,2021-07-30,27.79,28.2,27.79,27.93,46900
DHA,2021-08-02,27.93,28.81,27.79,28.74,22000
DHA,2021-08-03,29.05,29.05,28.64,28.67,6400
DHA,2021-08-04,28.61,28.67,28.34,28.67,31300
DHA,2021-08-05,28.34,28.74,28.34,28.74,9100
DHA,2021-08-06,28.74,30.17,28.74,30.17,81900
DHA,2021-08-09,30.1,30.34,30.0,30.34,29400
DHA,2021-08-10,30.17,32.27,30.03,30.84,56000
DHA,2021-08-11,30.64,31.25,30.51,30.78,75400
DHA,2021-08-12,30.37,32.3,29.93,32.2,277600
DHA,2021-08-13,32.0,32.13,30.91,31.15,57700
DHA,2021-08-16,31.86,31.86,31.18,31.52,37200
DHA,2021-08-17,31.52,31.52,29.9,29.9,121200
DHA,2021-08-18,29.96,30.88,29.93,30.78,231900
DHA,2021-08-19,30.84,31.18,30.84,30.88,221400
DHA,2021-08-20,30.88,31.86,30.51,30.84,222400
DHA,2021-08-23,30.84,30.84,29.86,30.2,93300
DHA,2021-08-24,30.2,30.2,29.83,30.17,147000
DHA,2021-08-25,29.9,30.2,29.73,30.2,80800
DHA,2021-08-26,30.2,31.12,30.2,30.37,154200
DHA,2021-08-27,30.37,30.98,30.23,30.91,131400
DHA,2021-08-30,32.06,32.06,31.25,31.25,264400
DHA,2021-08-31,31.45,31.49,30.91,31.05,100000
DHA,2021-09-01,31.12,33.22,31.12,33.22,680700
DHA,2021-09-06,34.57,34.57,33.39,33.96,196500
DHA,2021-09-07,33.76,33.89,32.61,32.74,178200
DHA,2021-09-08,32.71,33.08,32.0,32.47,164300
DHA,2021-09-09,32.54,33.35,31.93,33.12,188400
DHA,2021-09-10,33.56,33.56,32.81,32.84,92800
DHA,2021-09-13,32.88,33.62,32.88,32.95,174100
DHA,2021-09-14,32.95,33.08,32.4,32.5,154400
DHA,2021-09-15,32.54,33.22,32.5,32.95,156800
DHA,2021-09-16,33.28,33.28,32.67,33.15,117700
DHA,2021-09-17,33.22,34.57,33.22,33.69,113400
DHA,2021-09-20,34.44,34.44,32.88,33.01,252100
DHA,2021-09-21,32.81,33.49,32.61,33.22,189500
DHA,2021-09-22,33.22,34.23,33.15,33.62,120600
DHA,2021-09-23,33.89,33.96,33.08,33.08,105700
DHA,2021-09-24,33.12,33.22,32.61,32.61,94800
DHA,2021-09-27,32.2,32.54,31.89,31.93,233100
DHA,2021-09-28,31.73,32.2,31.18,32.0,129500
DHA,2021-09-29,31.86,33.25,31.62,32.98,99100
DHA,2021-09-30,32.95,33.08,32.81,32.88,59200
DHA,2021-10-01,33.73,33.73,32.71,32.74,143200
DHA,2021-10-04,32.74,33.22,32.4,32.74,98100
DHA,2021-10-05,32.81,32.88,32.54,32.74,67100
DHA,2021-10-06,32.81,33.59,32.54,33.35,158300
DHA,2021-10-07,33.45,33.49,32.88,32.88,74300
DHA,2021-10-08,32.95,33.35,32.95,32.95,85500
DHA,2021-10-11,33.22,33.22,32.74,32.91,163600
DHA,2021-10-12,32.88,33.01,32.74,32.95,161900
DHA,2021-10-13,32.95,33.56,32.67,32.88,179100
DHA,2021-10-14,32.88,33.18,32.88,32.91,353400
DHA,2021-10-15,33.35,35.18,33.08,35.18,510500
DHA,2021-10-18,35.52,36.61,35.52,35.59,227900
DHA,2021-10-19,35.59,35.59,33.56,35.11,160300
DHA,2021-10-20,34.71,35.11,34.57,34.84,246900
DHA,2021-10-21,34.84,36.2,34.57,35.72,108000
DHA,2021-10-22,36.2,36.61,35.72,36.0,124300
DHA,2021-10-25,36.27,37.15,36.06,36.88,103100
DHA,2021-10-26,36.61,36.95,35.72,36.95,118300
DHA,2021-10-27,37.01,37.28,36.27,36.88,137600
DHA,2021-10-28,37.22,37.62,36.61,37.56,151900
DHA,2021-10-29,37.76,38.3,37.28,37.89,105600
DHA,2021-11-01,38.57,38.57,37.62,38.3,154300
DHA,2021-11-02,38.37,38.84,37.96,38.57,102800
DHA,2021-11-03,39.25,39.25,36.95,36.95,169700
DHA,2021-11-04,37.22,37.62,37.08,37.28,103300
DHA,2021-11-05,37.56,37.62,37.15,37.49,52600
DHA,2021-11-08,37.49,37.83,36.0,37.22,101200
DHA,2021-11-09,36.74,37.49,36.74,37.28,107500
DHA,2021-11-10,36.95,37.83,36.95,37.76,93500
DHA,2021-11-11,38.98,38.98,37.96,38.03,130600
DHA,2021-11-12,38.17,38.17,37.28,37.96,63400
DHA,2021-11-15,37.96,37.96,36.95,37.15,152400
DHA,2021-11-16,37.15,37.28,36.61,37.28,76800
DHA,2021-11-17,37.28,37.49,36.74,37.49,75500
DHA,2021-11-18,37.49,37.49,36.61,36.74,109900
DHA,2021-11-19,36.61,36.67,34.57,35.11,223700
DHA,2021-11-22,36.2,36.2,34.98,35.25,149000
DHA,2021-11-23,34.64,35.59,34.64,35.45,34600
DHA,2021-11-24,35.59,36.81,35.25,36.47,110300
DHA,2021-11-25,37.08,37.08,35.93,36.54,54900
DHA,2021-11-26,37.08,37.08,36.27,36.81,66000
DHA,2021-11-29,36.54,36.61,36.0,36.47,35700
DHA,2021-11-30,36.81,37.96,36.47,36.47,61300
DHA,2021-12-01,36.61,36.61,36.13,36.4,19000
DHA,2021-12-02,36.4,36.47,35.93,36.06,22600
DHA,2021-12-03,36.06,36.13,35.25,35.39,57700
DHA,2021-12-06,35.05,35.25,33.89,34.03,127200
DHA,2021-12-07,34.03,35.25,34.03,35.25,84300
DHA,2021-12-08,35.93,35.93,35.32,35.45,65500
DHA,2021-12-09,35.45,35.52,35.25,35.45,22200
DHA,2021-12-10,35.45,35.45,34.98,35.11,40200
DHA,2021-12-13,35.11,36.13,34.98,35.86,67500
DHA,2021-12-14,36.34,36.34,35.25,35.25,30400
DHA,2021-12-15,35.66,35.66,34.57,35.05,62300
DHA,2021-12-16,35.11,35.59,35.11,35.45,51100
DHA,2021-12-17,35.45,35.93,35.25,35.45,73600
DHA,2021-12-20,35.45,36.27,34.91,35.86,46000
DHA,2021-12-21,36.0,36.0,35.05,35.32,26100
DHA,2021-12-22,35.25,35.32,35.05,35.11,46800
DHA,2021-12-23,35.11,35.11,33.62,34.64,96300
DHA,2021-12-24,34.37,34.71,34.23,34.37,76600
DHA,2021-12-27,35.66,36.74,35.32,36.74,163600
DHA,2021-12-28,37.62,38.37,36.95,37.83,119200
DHA,2021-12-29,37.89,38.1,37.22,37.42,40000
DHA,2021-12-30,36.61,37.35,36.47,37.35,53700
DHA,2021-12-31,37.35,37.96,36.95,37.96,44000
DHA,2022-01-04,38.5,38.64,37.96,38.64,188800
DHA,2022-01-05,38.64,39.86,38.57,39.25,74100
DHA,2022-01-06,39.59,39.59,38.64,39.18,56800
DHA,2022-01-07,39.32,39.32,39.11,39.32,88200
DHA,2022-01-10,40.03,40.03,37.96,39.17,90700
DHA,2022-01-11,38.39,39.17,37.96,38.32,49700
DHA,2022-01-12,38.39,40.75,38.32,39.32,108300
DHA,2022-01-13,39.32,40.32,37.96,38.53,51200
DHA,2022-01-14,37.89,38.6,37.24,38.53,41300
DHA,2022-01-17,38.1,38.1,36.1,36.39,86800
DHA,2022-01-18,36.03,36.89,35.96,36.17,74200
DHA,2022-01-19,36.31,37.17,36.31,37.03,48900
DHA,2022-01-20,37.03,37.74,36.74,37.74,27600
DHA,2022-01-21,37.24,37.67,36.6,37.46,28800
DHA,2022-01-24,37.32,37.32,36.53,36.6,47200
DHA,2022-01-25,36.46,37.46,35.81,36.81,60400
DHA,2022-01-26,36.81,36.96,36.24,36.96,139500
DHA,2022-01-27,36.53,37.32,36.24,37.32,13700
DHA,2022-01-28,36.46,37.46,36.39,37.1,18400
DHA,2022-02-07,37.1,37.67,37.03,37.6,69200
DHA,2022-02-08,37.67,38.67,37.67,38.03,65900
DHA,2022-02-09,38.1,40.46,38.1,40.46,147800
DHA,2022-02-10,40.53,40.53,39.75,39.96,25200
DHA,2022-02-11,39.89,42.18,39.82,42.18,88800
DHA,2022-02-14,41.75,42.18,40.75,41.18,41300
DHA,2022-02-15,41.18,41.82,40.53,41.82,22600
DHA,2022-02-16,42.03,42.03,41.03,41.1,39900
DHA,2022-02-17,42.03,42.03,40.89,40.89,23400
DHA,2022-02-18,41.89,41.96,40.17,41.68,55200
DHA,2022-02-21,40.89,41.6,40.89,41.03,6800
DHA,2022-02-22,40.75,40.75,40.03,40.68,58100
DHA,2022-02-23,40.03,40.96,40.03,40.17,16600
DHA,2022-02-24,40.03,40.1,38.89,39.67,39800
DHA,2022-02-25,39.67,40.39,39.67,39.96,41500
DHA,2022-02-28,40.1,40.53,39.53,40.53,28600
DHA,2022-03-01,40.6,40.82,40.53,40.53,19700
DHA,2022-03-02,40.53,40.53,39.75,39.75,28400
DHA,2022-03-03,39.75,40.1,39.25,39.89,125900
DHA,2022-03-04,39.89,39.89,39.1,39.17,140000
DHA,2022-03-07,39.1,39.32,38.96,39.32,24600
DHA,2022-03-08,39.32,39.32,38.1,38.96,68200
DHA,2022-03-09,38.32,38.6,37.17,37.32,164400
DHA,2022-03-10,38.53,38.53,37.32,37.46,114700
DHA,2022-03-11,38.03,38.24,37.39,37.89,117400
DHA,2022-03-14,37.67,38.46,37.39,37.46,82600
DHA,2022-03-15,37.46,38.46,37.39,38.1,99300
DHA,2022-03-16,38.53,38.53,37.53,37.6,59700
DHA,2022-03-17,37.67,38.03,37.6,37.6,68900
DHA,2022-03-18,37.89,37.89,37.1,37.24,139400
DHA,2022-03-21,37.39,37.82,37.03,37.24,151200
DHA,2022-03-22,37.24,38.24,37.17,38.24,154800
DHA,2022-03-23,38.24,38.24,37.6,38.03,49500
DHA,2022-03-24,38.03,38.03,37.46,37.89,53900
DHA,2022-03-25,37.89,38.32,37.67,38.32,130500
DHA,2022-03-28,38.82,40.39,38.74,39.89,338300
DHA,2022-03-29,40.03,41.82,39.67,41.25,351600
DHA,2022-03-30,41.03,41.18,40.03,40.82,113400
DHA,2022-03-31,40.25,40.75,39.39,39.67,181600
DHA,2022-04-01,39.67,40.96,39.1,39.89,184300
DHA,2022-04-04,40.75,41.53,40.39,41.46,240100
DHA,2022-04-05,41.53,41.53,40.75,41.32,98600
DHA,2022-04-06,41.32,44.18,41.18,44.18,545100
DHA,2022-04-07,44.61,44.61,43.82,43.96,145200
DHA,2022-04-08,44.46,44.61,42.75,43.61,148600
DHA,2022-04-12,43.61,43.75,40.96,40.96,198100
DHA,2022-04-13,41.1,43.82,40.82,43.82,306200
DHA,2022-04-14,44.32,44.32,43.32,43.39,104900
DHA,2022-04-15,43.03,44.32,42.18,43.61,156100
DHA,2022-04-18,43.61,43.61,41.46,41.82,180900
DHA,2022-04-19,41.82,42.1,40.03,40.03,215600
DHA,2022-04-20,40.68,40.75,39.32,40.46,121500
DHA,2022-04-21,39.67,41.1,39.32,39.67,103700
DHA,2022-04-22,39.67,40.6,36.96,37.6,205700
DHA,2022-04-25,37.89,38.6,35.03,35.21,156800
DHA,2022-04-26,35.1,37.6,34.46,37.6,80300
DHA,2022-04-27,37.53,38.46,36.81,37.96,45200
DHA,2022-04-28,38.1,39.32,37.96,37.96,46500
DHA,2022-04-29,37.53,38.53,37.53,38.03,60900
DHA,2022-05-04,38.1,39.32,38.03,39.25,49300
DHA,2022-05-05,39.67,39.67,37.89,38.67,41900
DHA,2022-05-06,38.39,38.46,37.17,37.89,67800
DHA,2022-05-09,37.89,37.89,35.25,35.25,275500
DHA,2022-05-10,32.83,34.62,32.83,34.28,76700
DHA,2022-05-11,34.91,34.91,34.54,34.88,25500
DHA,2022-05-12,34.77,34.77,32.46,32.46,114600
DHA,2022-05-13,32.72,32.72,30.2,30.2,152900
DHA,2022-05-16,32.24,32.24,30.38,30.83,43800
DHA,2022-05-17,31.2,32.98,30.83,32.98,42200
DHA,2022-05-18,32.98,34.36,32.39,34.13,40000
DHA,2022-05-19,33.06,34.1,33.06,33.58,23700
DHA,2022-05-20,34.13,34.32,33.47,33.73,20200
DHA,2022-05-23,33.58,33.8,32.83,33.09,33600
DHA,2022-05-24,33.09,33.09,32.31,32.8,23900
DHA,2022-05-25,33.28,33.84,32.69,33.84,57000
DHA,2022-05-26,33.87,34.69,33.39,33.8,51500
DHA,2022-05-27,33.43,33.76,33.28,33.65,84600
DHA,2022-05-30,33.43,33.65,33.28,33.58,105800
DHA,2022-05-31,33.58,33.73,32.98,33.09,78800
DHA,2022-06-01,33.06,33.28,32.39,32.46,83200
DHA,2022-06-02,32.54,32.57,31.94,31.94,96600
DHA,2022-06-03,32.02,32.98,31.91,31.98,134100
DHA,2022-06-06,32.17,33.13,31.94,32.09,50800
DHA,2022-06-07,32.09,32.69,31.79,32.69,73200
DHA,2022-06-08,33.43,33.43,32.69,33.35,81300
DHA,2022-06-09,33.35,33.58,33.13,33.39,54600
DHA,2022-06-10,33.13,33.28,32.69,32.69,110600
DHA,2022-06-13,31.2,31.79,30.42,30.42,197000
DHA,2022-06-14,29.79,31.13,29.71,30.31,50800
DHA,2022-06-15,30.31,30.53,28.19,28.23,376400
DHA,2022-06-16,28.6,29.49,28.6,29.27,60900
DHA,2022-06-17,28.97,28.97,27.86,28.6,139700
DHA,2022-06-20,28.82,28.82,26.78,26.82,178000
DHA,2022-06-21,26.93,27.3,26.07,26.07,72200
DHA,2022-06-22,26.67,26.67,25.26,26.19,92400
DHA,2022-06-23,26.22,27.41,26.19,27.41,41200
DHA,2022-06-24,27.89,27.89,26.22,26.59,45600
DHA,2022-06-27,27.04,27.49,26.63,27.49,43500
DHA,2022-06-28,27.78,28.53,27.63,27.86,71600
DHA,2022-06-29,27.86,27.86,27.49,27.63,73600
DHA,2022-06-30,27.67,28.23,27.34,27.49,95500
DHA,2022-07-01,27.11,27.37,26.74,27.08,52100
DHA,2022-07-04,27.08,27.49,27.08,27.11,18700
DHA,2022-07-05,27.11,27.3,27.0,27.3,38200
DHA,2022-07-06,27.3,27.3,26.97,27.11,37000
DHA,2022-07-07,27.11,27.11,26.71,27.0,38700
DHA,2022-07-08,27.04,27.82,26.93,27.37,62300
DHA,2022-07-11,27.41,27.75,27.34,27.56,43700
DHA,2022-07-12,27.56,28.6,27.34,28.27,53900
DHA,2022-07-13,28.6,28.9,28.3,28.34,63700
DHA,2022-07-14,28.3,28.6,28.15,28.23,18100
DHA,2022-07-15,28.34,28.82,28.23,28.27,32900
DHA,2022-07-18,28.27,29.27,28.23,28.67,43200
DHA,2022-07-19,28.9,28.9,28.23,28.3,34100
DHA,2022-07-20,27.71,28.23,27.11,28.12,275100
DHA,2022-07-21,27.71,27.93,27.34,27.71,79000
DHA,2022-07-22,27.71,27.86,27.63,27.63,50300
DHA,2022-07-25,27.56,27.56,26.59,27.11,73000
DHA,2022-07-26,27.04,27.04,26.37,26.52,106500
DHA,2022-07-27,26.37,26.93,26.22,26.89,44000
DHA,2022-07-28,27.11,27.37,26.85,27.11,126500
DHA,2022-07-29,27.11,27.45,26.74,27.34,111600
DHA,2022-08-01,27.37,27.86,27.11,27.86,87600
DHA,2022-08-02,28.01,28.01,27.63,27.67,76200
DHA,2022-08-03,27.49,28.01,27.26,27.97,174000
DHA,2022-08-04,28.19,28.67,28.12,28.38,101600
DHA,2022-08-05,28.12,28.38,27.93,28.23,78000
DHA,2022-08-08,28.23,28.38,28.19,28.3,105200
DHA,2022-08-09,28.3,28.97,28.3,28.6,104400
DHA,2022-08-10,28.6,28.86,28.6,28.67,113000
DHA,2022-08-11,28.93,29.23,28.64,28.86,154500
DHA,2022-08-12,27.93,29.64,27.93,29.57,146000
DHA,2022-08-15,29.57,31.05,29.27,30.98,144500
DHA,2022-08-16,30.98,30.98,30.12,30.42,112600
DHA,2022-08-17,30.42,30.46,29.57,29.94,121000
DHA,2022-08-18,29.75,30.09,28.6,29.16,142900
DHA,2022-08-19,29.05,29.49,28.45,28.6,94400
DHA,2022-08-22,28.56,28.67,28.15,28.67,61200
DHA,2022-08-23,28.67,29.27,28.67,29.05,34900
DHA,2022-08-24,29.08,29.27,28.75,29.12,33000
DHA,2022-08-25,29.12,29.27,28.97,29.12,58500
DHA,2022-08-26,29.12,29.23,28.82,28.9,34100
DHA,2022-08-29,28.3,28.64,28.15,28.64,109300
DHA,2022-08-30,29.05,29.12,28.6,28.79,32200
DHA,2022-08-31,28.53,28.82,28.23,28.6,30100
DHA,2022-09-05,28.67,28.93,28.53,28.79,43800
DHA,2022-09-06,28.82,29.16,28.79,29.05,37700
DHA,2022-09-07,29.05,29.05,28.53,28.53,39800
DHA,2022-09-08,28.41,28.53,28.38,28.53,38500
DHA,2022-09-09,28.41,28.82,28.38,28.49,19700
DHA,2022-09-12,28.49,28.9,28.49,28.56,13407
DHA,2022-09-13,28.56,29.16,28.49,28.97,28966
DHA,2022-09-14,28.45,28.82,28.23,28.71,30189
DHA,2022-09-15,28.97,29.34,28.9,28.97,23688
DHA,2022-09-16,29.08,29.6,28.71,29.34,67799
DHA,2022-09-19,28.97,29.31,27.49,27.82,98428
DHA,2022-09-20,27.71,28.67,27.63,27.93,26651
DHA,2022-09-21,27.63,28.08,27.63,28.01,15150
DHA,2022-09-22,27.93,28.23,27.49,28.23,32111
DHA,2022-09-23,28.23,28.3,28.01,28.23,26008
DHA,2022-09-26,27.97,28.01,26.93,27.45,64200
DHA,2022-09-27,27.45,27.82,27.45,27.82,17005
DHA,2022-09-28,27.78,27.78,27.04,27.04,36630
DHA,2022-09-29,27.78,27.78,26.74,27.0,30318
DHA,2022-09-30,26.59,26.74,26.0,26.74,43585
DHA,2022-10-03,26.74,26.74,24.96,24.96,29910
DHA,2022-10-04,25.93,25.93,23.85,24.96,51947
DHA,2022-10-05,25.85,25.85,25.26,25.41,10001
DHA,2022-10-06,25.41,25.55,24.33,24.33,52014
DHA,2022-10-07,24.29,24.33,23.1,23.1,59464
DHA,2022-10-10,22.29,23.47,22.29,23.47,32500
DHA,2022-10-11,23.47,23.47,22.06,22.06,49325
DHA,2022-10-12,22.06,23.36,21.25,22.84,32101
DHA,2022-10-13,23.03,23.18,22.88,23.14,20705
DHA,2022-10-14,23.29,23.51,23.18,23.4,30615
DHA,2022-10-17,23.03,23.4,22.95,23.4,12152
DHA,2022-10-18,23.47,24.37,23.47,24.11,26200
DHA,2022-10-19,24.07,24.37,23.73,24.11,18844
DHA,2022-10-20,24.14,24.48,23.96,24.29,22300
DHA,2022-10-21,24.29,24.29,22.73,22.81,44708
DHA,2022-10-24,22.81,22.81,21.25,21.25,87510
DHA,2022-10-25,21.32,21.91,20.99,21.54,60498
DHA,2022-10-26,21.62,22.21,21.32,21.69,36711
DHA,2022-10-27,21.91,22.21,21.73,22.14,42536
DHA,2022-10-28,22.43,22.43,22.06,22.06,29011
DHA,2022-10-31,22.06,22.14,21.54,21.69,25804
DHA,2022-11-01,21.54,21.84,21.54,21.58,16708
DHA,2022-11-02,21.58,21.62,21.28,21.47,8500
DHA,2022-11-03,21.54,21.65,21.47,21.58,10000
DHA,2022-11-04,21.62,21.62,20.8,21.43,22102
DHA,2022-11-07,21.54,21.54,20.8,20.8,44906
DHA,2022-11-08,20.8,20.8,20.47,20.65,24302
DHA,2022-11-09,20.65,20.95,20.65,20.65,17400
DHA,2022-11-10,20.5,20.5,19.24,19.69,148201
DHA,2022-11-11,20.43,20.43,18.31,18.65,46310
DHA,2022-11-14,18.13,18.42,17.38,17.72,41200
DHA,2022-11-15,17.68,17.68,16.49,17.61,119407
DHA,2022-11-16,16.38,18.53,16.38,18.5,56600
DHA,2022-11-17,18.83,19.31,18.5,19.24,20621
DHA,2022-11-18,19.8,20.06,18.65,20.06,43506
DHA,2022-11-21,20.65,20.65,19.69,20.58,52060
DHA,2022-11-22,20.58,20.87,19.98,20.76,42798
DHA,2022-11-23,20.21,20.21,20.06,20.06,6810
DHA,2022-11-24,19.02,19.98,19.02,19.57,16865
DHA,2022-11-25,19.91,20.73,19.76,20.73,15050
DHA,2022-11-28,20.8,21.8,20.8,21.8,38005
DHA,2022-11-29,21.84,22.88,21.62,22.88,59767
DHA,2022-11-30,23.1,23.77,22.88,23.25,60618
DHA,2022-12-01,23.77,24.11,23.14,23.62,58724
DHA,2022-12-02,23.25,24.07,22.51,23.99,54520
DHA,2022-12-05,23.99,24.48,23.99,24.33,25314
DHA,2022-12-06,24.4,24.4,22.95,22.95,51172
DHA,2022-12-07,22.92,22.95,22.36,22.58,18000
DHA,2022-12-08,22.95,23.66,22.66,23.4,18511
DHA,2022-12-09,22.66,23.55,22.66,23.55,20900
DHA,2022-12-12,23.81,24.89,23.77,24.07,39300
DHA,2022-12-13,23.85,24.29,23.62,24.07,18205
DHA,2022-12-14,24.07,24.37,23.92,24.25,17400
DHA,2022-12-15,24.29,24.37,23.99,24.37,9300
DHA,2022-12-16,24.37,25.11,23.77,24.37,20125
DHA,2022-12-19,24.37,24.59,24.22,24.37,37328
DHA,2022-12-20,24.37,24.37,23.1,23.36,44051
DHA,2022-12-21,25.0,25.0,24.74,25.0,161853
DHA,2022-12-22,26.59,26.74,25.63,26.74,197035
DHA,2022-12-23,26.89,27.63,26.07,27.11,127204
DHA,2022-12-26,27.11,27.11,25.33,25.33,146939
DHA,2022-12-27,26.74,26.74,26.0,26.59,72225
DHA,2022-12-28,27.41,27.41,26.52,26.56,71011
DHA,2022-12-29,26.71,27.11,26.52,26.97,38676
DHA,2022-12-30,26.97,27.86,26.74,27.41,99889
DHA,2023-01-03,27.41,29.31,27.41,29.31,173918
DHA,2023-01-04,30.16,30.16,27.29,29.11,125261
DHA,2023-01-05,27.53,29.47,27.53,29.39,140330
DHA,2023-01-06,28.79,29.47,28.79,29.11,76828
DHA,2023-01-09,29.39,29.47,28.87,29.11,48375
DHA,2023-01-10,29.11,29.96,28.62,29.92,139807
DHA,2023-01-11,30.0,30.24,29.59,29.59,65046
DHA,2023-01-12,29.55,30.24,28.75,29.47,35611
DHA,2023-01-13,29.47,30.16,29.47,29.76,134500
DHA,2023-01-16,30.16,30.16,29.76,30.12,49204
DHA,2023-01-17,30.32,30.32,29.59,30.04,111971
DHA,2023-01-18,30.04,30.32,29.84,30.32,50801
DHA,2023-01-19,29.92,30.65,29.84,29.92,54993
DHA,2023-01-27,30.73,30.93,30.32,30.56,38210
DHA,2023-01-30,30.56,30.81,30.4,30.56,195700
DHA,2023-01-31,30.32,30.56,30.24,30.32,90500
DHA,2023-02-01,30.36,30.73,30.08,30.2,73366
DHA,2023-02-02,29.68,30.08,29.68,29.92,43175
DHA,2023-02-03,30.44,30.44,29.84,29.92,25004
DHA,2023-02-06,30.16,30.16,29.51,29.51,19001
DHA,2023-02-07,28.87,29.92,28.87,29.35,21100
DHA,2023-02-08,29.19,29.68,28.95,29.55,27000
DHA,2023-02-09,29.15,29.92,29.15,29.88,18446
DHA,2023-02-10,29.88,29.92,29.11,29.76,18201
DHA,2023-02-13,29.03,29.68,28.87,28.87,25011
DHA,2023-02-14,28.91,29.19,28.87,29.19,7104
DHA,2023-02-15,29.11,30.65,29.11,30.16,70010
DHA,2023-02-16,30.73,30.73,30.16,30.69,62400
DHA,2023-02-17,30.69,31.13,30.48,30.77,33901
DHA,2023-02-20,31.37,31.49,30.85,31.01,75941
DHA,2023-02-21,31.45,31.45,31.01,31.29,50441
DHA,2023-02-22,30.4,30.97,30.24,30.24,57820
DHA,2023-02-23,30.16,30.16,29.84,30.08,37901
DHA,2023-02-24,30.08,30.56,30.08,30.08,6500
DHA,2023-02-27,29.51,29.76,29.23,29.59,15601
DHA,2023-02-28,29.68,29.76,29.11,29.68,26900
DHA,2023-03-01,29.11,30.24,28.46,30.16,17001
DHA,2023-03-02,30.56,30.56,29.92,30.32,10001
DHA,2023-03-03,29.92,30.24,29.59,30.0,21400
DHA,2023-03-06,30.28,30.32,29.84,29.84,13800
DHA,2023-03-07,29.19,30.16,29.19,29.92,16600
DHA,2023-03-08,29.84,29.96,29.68,29.96,24600
DHA,2023-03-09,30.28,30.28,29.92,29.92,16700
DHA,2023-03-10,29.92,29.92,29.72,29.92,18314
DHA,2023-03-13,29.35,29.96,29.11,29.51,42400
DHA,2023-03-14,29.51,29.84,28.71,29.11,38205
DHA,2023-03-15,29.84,29.92,29.19,29.72,21500
DHA,2023-03-16,29.23,29.35,29.11,29.19,15518
DHA,2023-03-17,29.23,29.51,29.15,29.15,18107
DHA,2023-03-20,29.15,29.68,29.11,29.11,22354
DHA,2023-03-21,29.11,29.51,29.03,29.51,20602
DHA,2023-03-22,29.68,29.72,29.43,29.43,24000
DHA,2023-03-23,29.11,29.51,29.03,29.47,32900
DHA,2023-03-24,29.47,29.47,29.07,29.43,25318
DHA,2023-03-27,29.23,29.76,29.23,29.51,30823
DHA,2023-03-28,29.51,29.84,29.43,29.43,60505
DHA,2023-03-29,29.51,29.72,29.43,29.72,39403
DHA,2023-03-30,29.39,29.84,29.39,29.39,33600
DHA,2023-03-31,29.31,29.35,29.11,29.19,35100
DHA,2023-04-03,29.35,29.72,29.35,29.72,42110
DHA,2023-04-04,29.92,30.04,29.76,30.04,45086
DHA,2023-04-05,29.92,30.36,29.92,30.28,48322
DHA,2023-04-06,30.28,30.65,30.16,30.16,34706
DHA,2023-04-07,30.16,30.2,29.84,29.84,17215
DHA,2023-04-10,30.28,30.28,29.51,29.59,42100
DHA,2023-04-11,29.51,29.72,29.51,29.59,14830
DHA,2023-04-12,29.64,29.88,29.51,29.68,38503
DHA,2023-04-13,29.51,29.92,29.51,29.8,24801
DHA,2023-04-14,29.84,29.92,29.43,29.51,32900
DHA,2023-04-17,29.51,29.68,29.35,29.43,19010
DHA,2023-04-18,29.43,29.72,29.19,29.47,18900
DHA,2023-04-19,29.51,29.72,29.31,29.47,21300
DHA,2023-04-20,29.31,29.47,29.15,29.23,32500
DHA,2023-04-21,29.27,29.35,28.95,28.95,43800
DHA,2023-04-24,28.99,29.03,28.91,28.91,22600
DHA,2023-04-25,28.91,29.03,28.54,28.95,48649
DHA,2023-04-26,28.95,28.95,28.5,28.79,29000
DHA,2023-04-27,28.79,29.03,28.5,28.91,28002
DHA,2023-04-28,28.91,28.91,28.79,28.91,22400
DHA,2023-05-04,28.71,28.87,28.58,28.66,28807
DHA,2023-05-05,28.66,28.95,28.54,28.95,37858
DHA,2023-05-08,28.91,28.91,28.54,28.71,19385
DHA,2023-05-09,28.75,28.99,28.71,28.95,87800
DHA,2023-05-10,29.11,29.43,28.91,29.43,27303
DHA,2023-05-11,29.43,29.47,29.35,29.39,14904
DHA,2023-05-12,29.31,29.92,29.15,29.59,37900
DHA,2023-05-15,29.59,29.64,29.35,29.55,25979
DHA,2023-05-16,29.55,29.59,29.35,29.43,22041
DHA,2023-05-17,29.39,29.43,29.27,29.31,19747
DHA,2023-05-18,29.43,29.43,29.27,29.43,9600
DHA,2023-05-19,29.84,29.84,29.15,29.23,40852
DHA,2023-05-22,29.19,29.68,29.15,29.47,48801
DHA,2023-05-23,29.47,29.47,29.23,29.43,21200
DHA,2023-05-24,29.43,29.43,29.19,29.27,13915
DHA,2023-05-25,29.11,29.59,29.11,29.43,17016
DHA,2023-05-26,29.51,29.76,29.39,29.55,38609
DHA,2023-05-29,29.84,31.21,29.84,30.97,133019
DHA,2023-05-30,31.37,31.37,30.61,30.77,41606
DHA,2023-05-31,30.89,31.13,30.77,30.77,63853
DHA,2023-06-01,30.77,31.13,30.61,31.13,47400
DHA,2023-06-02,31.37,31.37,30.81,31.05,55902
DHA,2023-06-05,31.09,32.18,30.73,31.94,136903
DHA,2023-06-06,31.94,32.14,31.78,31.78,57509
DHA,2023-06-07,31.86,32.02,31.13,31.78,39488
DHA,2023-06-08,32.37,33.18,31.44,33.01,186373
DHA,2023-06-09,32.97,33.23,32.37,33.23,38501
DHA,2023-06-12,32.93,33.23,32.54,32.97,53875
DHA,2023-06-13,32.97,33.18,32.72,32.89,32406
DHA,2023-06-14,32.93,33.14,32.37,32.97,51006
DHA,2023-06-15,32.8,32.97,32.2,32.84,30105
DHA,2023-06-16,32.8,33.23,32.8,32.89,63105
DHA,2023-06-19,33.06,33.23,33.06,33.06,29732
DHA,2023-06-20,33.06,33.48,32.8,33.48,28811
DHA,2023-06-21,33.48,35.82,33.48,35.82,155196
DHA,2023-06-22,35.95,35.95,35.36,35.74,23101
DHA,2023-06-23,34.67,35.87,34.63,35.78,34699
DHA,2023-06-26,35.78,36.34,34.85,36.29,71202
DHA,2023-06-27,36.98,36.98,36.21,36.21,35511
DHA,2023-06-28,36.21,36.29,35.53,36.04,23727
DHA,2023-06-29,36.17,36.21,35.36,36.04,23310
DHA,2023-06-30,35.7,36.29,35.7,36.08,29530
DHA,2023-07-03,36.63,37.49,36.08,37.44,83319
DHA,2023-07-04,37.44,38.34,37.44,38.13,80721
DHA,2023-07-05,38.17,38.17,37.57,37.95,56109
DHA,2023-07-06,38.17,38.17,37.4,38.0,38150
DHA,2023-07-07,37.91,38.51,37.91,38.34,38724
DHA,2023-07-10,38.59,40.0,38.34,38.68,88742
DHA,2023-07-11,38.68,38.68,38.17,38.64,43628
DHA,2023-07-12,38.59,38.85,38.0,38.68,32301
DHA,2023-07-13,38.08,38.72,38.08,38.51,37400
DHA,2023-07-14,38.42,39.1,38.34,38.51,46073
DHA,2023-07-17,38.51,38.59,38.34,38.34,41330
DHA,2023-07-18,38.51,38.51,38.08,38.08,19753
DHA,2023-07-19,38.08,40.72,38.08,40.72,275796
DHA,2023-07-20,40.89,41.92,40.89,41.32,65765
DHA,2023-07-21,41.32,42.43,40.81,41.15,106528
DHA,2023-07-24,41.15,42.17,40.98,41.58,52513
DHA,2023-07-25,41.45,41.75,40.55,40.55,81930
DHA,2023-07-26,40.81,41.75,40.68,41.62,70830
DHA,2023-07-27,41.92,41.92,40.68,41.28,94248
DHA,2023-07-28,40.64,41.06,40.6,40.72,64519
DHA,2023-07-31,40.51,41.32,40.21,41.32,87510
DHA,2023-08-01,40.89,41.75,40.89,41.49,58810
DHA,2023-08-02,41.15,41.7,40.98,41.66,58309
DHA,2023-08-03,41.75,41.75,40.89,41.32,62102
DHA,2023-08-04,41.32,41.49,41.06,41.41,30801
DHA,2023-08-07,41.41,43.88,41.41,43.88,134356
DHA,2023-08-08,43.79,43.79,41.75,42.39,49701
DHA,2023-08-09,42.39,42.39,41.79,42.34,31509
DHA,2023-08-10,41.92,42.0,40.64,40.89,146600
DHA,2023-08-11,40.81,40.89,39.87,40.55,60810
DHA,2023-08-14,41.23,41.23,40.55,40.72,21504
DHA,2023-08-15,40.72,41.58,40.72,41.23,55749
DHA,2023-08-16,41.15,41.23,40.68,41.23,36201
DHA,2023-08-17,41.58,41.58,40.51,40.55,65483
DHA,2023-08-18,41.02,42.0,40.98,40.98,206230
DHA,2023-08-21,40.98,42.09,40.98,41.58,39920
DHA,2023-08-22,41.58,42.17,41.06,41.58,84670
DHA,2023-08-23,41.58,41.58,40.98,41.49,43546
DHA,2023-08-24,40.89,42.0,40.89,41.62,45468
DHA,2023-08-25,42.0,42.17,41.58,41.7,50281
DHA,2023-08-28,41.75,41.87,41.58,41.83,28456
DHA,2023-08-29,42.26,43.11,42.17,42.56,79986
DHA,2023-08-30,42.6,42.6,41.75,42.09,40613
DHA,2023-08-31,42.77,44.64,42.17,44.64,136327
DHA,2023-09-05,47.28,47.28,46.01,47.2,173746
DHA,2023-09-06,47.71,47.71,46.69,46.86,168299
DHA,2023-09-07,47.79,47.79,46.18,46.18,98037
DHA,2023-09-08,46.77,47.11,46.01,47.11,88214
DHA,2023-09-11,47.71,50.35,47.71,50.27,252383
DHA,2023-09-12,50.18,50.35,49.92,50.27,159850
DHA,2023-09-13,50.35,52.82,50.27,50.86,198760
DHA,2023-09-14,50.95,50.95,49.34,49.34,138175
DHA,2023-09-15,48.98,49.34,47.81,48.26,85160
DHA,2023-09-18,48.26,48.26,44.94,45.84,275697
DHA,2023-09-19,45.39,47.81,45.39,47.81,87026
DHA,2023-09-20,47.64,47.64,46.83,47.37,69291
DHA,2023-09-21,48.26,48.26,47.01,47.01,43130
DHA,2023-09-22,46.38,46.56,43.96,45.39,138437
DHA,2023-09-25,45.39,45.75,43.06,43.15,99351
DHA,2023-09-26,42.21,43.69,42.21,43.15,62618
DHA,2023-09-27,42.61,43.51,42.16,43.24,53886
DHA,2023-09-28,42.7,43.51,42.7,43.33,44100
DHA,2023-09-29,43.51,44.05,43.33,43.6,28545
DHA,2023-10-02,43.73,45.93,43.73,44.67,48657
DHA,2023-10-03,44.85,44.85,43.15,43.33,58737
DHA,2023-10-04,42.88,43.96,42.88,43.6,29420
DHA,2023-10-05,44.59,44.59,43.24,43.91,43710
DHA,2023-10-06,43.42,43.87,43.24,43.73,51327
DHA,2023-10-09,43.96,44.85,43.73,44.18,32400
DHA,2023-10-10,44.41,44.76,44.09,44.41,43614
DHA,2023-10-11,44.41,46.29,44.41,46.2,102400
DHA,2023-10-12,47.1,47.1,45.39,45.75,64244
DHA,2023-10-13,45.75,46.2,44.41,45.39,51400
DHA,2023-10-16,45.39,45.39,44.5,44.59,73373
DHA,2023-10-17,44.59,44.85,44.14,44.14,42826
DHA,2023-10-18,44.14,44.14,42.25,43.1,106459
DHA,2023-10-19,43.42,44.41,43.06,43.15,117931
DHA,2023-10-20,43.51,43.51,42.48,43.46,44998
DHA,2023-10-23,44.54,44.54,42.16,42.75,67235
DHA,2023-10-24,42.75,42.75,42.16,42.16,35869
DHA,2023-10-25,43.15,43.24,41.98,42.16,58641
DHA,2023-10-26,41.36,42.12,40.37,40.86,96339
DHA,2023-10-27,40.64,41.27,40.28,41.09,27037
DHA,2023-10-30,40.01,40.82,39.92,39.92,48100
DHA,2023-10-31,39.92,40.01,37.32,37.32,77902
DHA,2023-11-01,37.41,37.95,36.96,37.95,47894
DHA,2023-11-02,38.13,39.25,38.13,39.02,159003
DHA,2023-11-03,41.27,41.27,39.52,39.56,40150
DHA,2023-11-06,39.61,40.32,39.47,39.74,107200
DHA,2023-11-07,39.88,40.32,39.61,39.74,92700
DHA,2023-11-08,39.74,40.37,39.65,40.37,350052
DHA,2023-11-09,41.27,42.3,41.09,42.12,86591
DHA,2023-11-10,41.4,41.76,41.09,41.18,108416
DHA,2023-11-13,41.18,41.36,40.59,40.68,104308
DHA,2023-11-14,40.68,41.09,40.41,40.82,68459
DHA,2023-11-15,41.45,43.15,41.45,42.12,133278
DHA,2023-11-16,41.71,42.07,41.71,42.07,35963
DHA,2023-11-17,42.34,42.52,41.0,41.27,85507
DHA,2023-11-20,41.0,41.71,40.82,41.62,63149
DHA,2023-11-21,42.16,42.43,41.67,42.07,39415
DHA,2023-11-22,42.16,42.7,41.98,42.03,37445
DHA,2023-11-23,42.07,42.43,41.71,41.71,60459
DHA,2023-11-24,41.71,41.71,40.64,41.53,78122
DHA,2023-11-27,41.53,41.67,41.27,41.53,30311
DHA,2023-11-28,41.53,41.53,40.82,41.36,27023
DHA,2023-11-29,41.62,41.62,41.0,41.36,33380
DHA,2023-11-30,41.62,41.89,41.04,41.13,29275
DHA,2023-12-01,41.13,41.18,41.0,41.13,16812
DHA,2023-12-04,41.18,41.98,41.18,41.85,74399
DHA,2023-12-05,42.03,44.05,42.03,43.96,204744
DHA,2023-12-06,43.42,44.23,43.24,43.96,83203
DHA,2023-12-07,44.41,44.41,42.75,43.15,102595
DHA,2023-12-08,43.96,43.96,43.19,43.28,39886
DHA,2023-12-11,43.42,43.96,43.42,43.73,57868
DHA,2023-12-12,43.51,43.96,43.51,43.6,47501
DHA,2023-12-13,43.6,44.14,43.33,43.69,46118
DHA,2023-12-14,43.69,44.81,43.69,44.5,124964
DHA,2023-12-15,44.59,44.81,43.96,44.05,47881
DHA,2023-12-18,43.55,44.0,43.06,43.06,38803
DHA,2023-12-19,42.79,43.87,42.61,43.87,43758
DHA,2023-12-20,43.87,43.96,43.06,43.64,40808
DHA,2023-12-21,43.24,43.69,42.61,43.69,15450
DHA,2023-12-22,43.87,43.87,42.97,42.97,76901
DHA,2023-12-25,43.28,43.28,42.88,43.15,72890
DHA,2023-12-26,43.02,43.33,43.02,43.33,49151
DHA,2023-12-27,43.33,43.78,43.24,43.42,49901
DHA,2023-12-28,43.46,43.64,43.24,43.64,46135
DHA,2023-12-29,43.91,44.41,43.64,43.91,40334
DHA,2024-01-02,43.96,45.39,43.87,45.12,98603
DHA,2024-01-03,45.12,46.83,45.12,46.83,221332
DHA,2024-01-04,46.65,46.65,45.75,46.11,65409
DHA,2024-01-05,46.02,47.01,45.03,45.48,96919
DHA,2024-01-08,45.66,46.02,45.48,45.84,44773
DHA,2024-01-09,46.02,46.02,45.39,45.66,46482
DHA,2024-01-10,45.66,46.02,45.3,45.3,88507
DHA,2024-01-11,46.02,46.02,45.3,45.3,44925
DHA,2024-01-12,45.3,45.39,44.5,44.59,93491
DHA,2024-01-15,44.59,44.85,44.41,44.59,31131
DHA,2024-01-16,44.63,45.3,44.5,45.3,26120
DHA,2024-01-17,45.39,45.48,45.12,45.12,37704
DHA,2024-01-18,45.03,45.84,44.85,45.84,107116
DHA,2024-01-19,46.2,46.92,45.93,45.93,109928
DHA,2024-01-22,45.93,45.93,45.3,45.57,81400
DHA,2024-01-23,45.75,45.93,45.57,45.75,58986
DHA,2024-01-24,45.3,45.75,45.3,45.66,26124
DHA,2024-01-25,45.57,45.57,44.63,44.63,119305
DHA,2024-01-26,44.67,44.94,43.96,44.27,195918
DHA,2024-01-29,44.41,45.3,44.41,44.76,62213
DHA,2024-01-30,44.67,45.93,44.67,45.93,124951
DHA,2024-01-31,45.93,46.02,45.48,45.48,64500
DHA,2024-02-01,45.12,45.57,45.12,45.57,80501
DHA,2024-02-02,45.57,46.47,45.48,45.48,58908
DHA,2024-02-05,45.66,45.93,45.57,45.75,44959
DHA,2024-02-06,45.93,47.1,45.57,47.1,104306
DHA,2024-02-07,47.1,47.46,46.83,46.92,89598
DHA,2024-02-15,46.92,46.92,46.29,46.38,124490
DHA,2024-02-16,46.47,46.56,45.93,45.93,86928
DHA,2024-02-19,45.75,46.02,45.66,46.02,104767
DHA,2024-02-20,46.11,46.11,45.48,45.66,88218
DHA,2024-02-21,45.93,45.93,45.39,45.93,101032
DHA,2024-02-22,45.93,45.93,45.57,45.57,76050
DHA,2024-02-23,45.48,45.75,45.21,45.3,71212
DHA,2024-02-26,45.21,45.39,44.81,44.94,80259
DHA,2024-02-27,44.85,45.75,44.76,45.12,75098
DHA,2024-02-28,45.21,45.66,44.59,44.94,239864
DHA,2024-02-29,44.94,44.94,43.51,44.41,229409
DHA,2024-03-01,44.59,45.39,44.14,45.12,113095
DHA,2024-03-04,45.39,45.66,44.72,44.85,120465
DHA,2024-03-05,44.94,45.12,44.85,44.94,69165
DHA,2024-03-06,45.12,45.12,44.59,44.67,80014
DHA,2024-03-07,44.67,44.81,44.41,44.63,76989
DHA,2024-03-08,44.85,44.85,43.96,43.96,117630
DHA,2024-03-11,43.96,44.14,43.06,43.24,112810
DHA,2024-03-12,43.15,43.42,42.79,43.1,103224
DHA,2024-03-13,43.24,44.85,43.15,44.76,100454
DHA,2024-03-14,44.76,44.76,44.05,44.27,60603
DHA,2024-03-15,44.05,45.12,43.96,44.76,161048
DHA,2024-03-18,44.81,45.57,43.87,43.96,192507
DHA,2024-03-19,44.0,44.32,43.78,43.78,72224
DHA,2024-03-20,44.09,44.14,43.55,43.96,72289
DHA,2024-03-21,44.09,44.76,43.96,44.72,111202
DHA,2024-03-22,44.72,45.03,44.45,44.85,104420
DHA,2024-03-25,45.03,45.75,44.81,44.94,197838
DHA,2024-03-26,44.94,45.03,44.59,44.85,57709
DHA,2024-03-27,45.03,45.03,44.05,44.36,129624
DHA,2024-03-28,44.41,44.85,44.14,44.85,53021
DHA,2024-03-29,44.81,45.21,44.27,44.32,46012
DHA,2024-04-01,44.41,44.41,43.96,44.09,66899
DHA,2024-04-02,44.09,44.41,43.91,44.05,117427
DHA,2024-04-03,44.05,44.85,43.96,44.09,138425
DHA,2024-04-04,44.05,44.05,43.33,43.51,225989
DHA,2024-04-05,43.28,43.33,42.93,42.93,238622
DHA,2024-04-08,42.97,42.97,42.48,42.48,138403
DHA,2024-04-09,42.75,42.75,41.89,42.07,174193
DHA,2024-04-10,41.76,42.07,41.67,41.85,352350
DHA,2024-04-11,41.85,41.85,41.22,41.36,93466
DHA,2024-04-12,41.36,41.67,41.18,41.62,166618
DHA,2024-04-15,41.45,41.58,38.84,38.84,304275
DHA,2024-04-16,38.84,39.29,38.44,38.84,155555
DHA,2024-04-17,39.52,39.52,38.44,38.57,66800
DHA,2024-04-19,38.48,38.48,37.23,37.77,89934
DHA,2024-04-22,37.86,38.93,36.78,36.78,155493
DHA,2024-04-23,36.78,37.95,36.78,37.68,146500
DHA,2024-04-24,38.13,39.29,38.13,39.2,72855
DHA,2024-04-25,38.62,38.84,38.44,38.53,62203
DHA,2024-04-26,37.68,38.57,37.68,38.57,57869
DHA,2024-05-02,38.57,38.57,37.68,37.99,66230
DHA,2024-05-03,38.13,38.31,38.04,38.17,30117
DHA,2024-05-06,38.17,38.84,38.17,38.75,35541
DHA,2024-05-07,38.8,39.11,38.57,38.93,41701
DHA,2024-05-08,38.93,40.37,38.57,40.32,80559
DHA,2024-05-09,40.82,40.82,39.92,40.1,57137
DHA,2024-05-10,40.37,40.73,39.97,40.19,65317
DHA,2024-05-13,40.14,40.14,39.65,39.92,24511
DHA,2024-05-14,39.92,40.28,39.74,39.92,22849
DHA,2024-05-15,39.88,40.32,39.83,40.32,50702
DHA,2024-05-16,40.32,40.64,40.23,40.28,69368
DHA,2024-05-17,40.28,40.73,40.05,40.37,75890
DHA,2024-05-20,40.82,40.82,40.28,40.41,64201
DHA,2024-05-21,40.46,40.73,40.19,40.32,68051
DHA,2024-05-22,40.37,40.37,40.05,40.32,80903
DHA,2024-05-23,40.32,40.32,39.7,40.19,49604
DHA,2024-05-24,39.83,40.19,39.29,39.47,83903
DHA,2024-05-27,39.47,39.47,38.84,39.38,39505
DHA,2024-05-28,39.92,39.92,39.11,39.47,54225
DHA,2024-05-29,39.47,39.56,39.29,39.47,36950
DHA,2024-05-30,39.2,40.19,39.2,40.19,83650
DHA,2024-05-31,40.14,40.32,40.14,40.19,28253
DHA,2024-06-03,40.28,40.5,40.28,40.46,58934
DHA,2024-06-04,40.64,41.49,40.64,41.36,119305
DHA,2024-06-05,41.4,41.62,40.68,41.45,122916
DHA,2024-06-06,41.62,41.62,41.27,41.31,84695
DHA,2024-06-07,41.45,41.45,40.91,40.95,62203
DHA,2024-06-10,41.27,41.49,40.86,41.22,75048
DHA,2024-06-11,41.22,41.31,40.95,40.95,75562
DHA,2024-06-12,40.95,41.36,40.95,41.27,105591
DHA,2024-06-13,41.49,41.49,41.0,41.36,150456
DHA,2024-06-14,41.53,41.53,41.0,41.04,92736
DHA,2024-06-17,41.04,41.18,40.77,40.77,44215
DHA,2024-06-18,40.77,40.82,40.64,40.73,49169
DHA,2024-06-19,41.27,41.53,40.91,41.27,183862
DHA,2024-06-20,41.71,41.71,41.27,41.31,90373
DHA,2024-06-21,41.36,41.4,41.27,41.31,84983
DHA,2024-06-24,41.36,41.53,41.22,41.4,218001
DHA,2024-06-25,41.62,41.98,41.45,41.71,200736
DHA,2024-06-26,41.89,41.89,41.4,41.45,55337
DHA,2024-06-27,41.45,41.71,41.27,41.58,75725
DHA,2024-06-28,41.58,41.58,38.75,41.27,138466
DHA,2024-07-01,41.27,41.31,40.82,41.27,125984
DHA,2024-07-02,41.36,43.14,41.36,41.5,296990
DHA,2024-07-03,41.5,41.92,41.31,41.31,40049
DHA,2024-07-04,41.27,41.6,40.33,41.45,82419
DHA,2024-07-05,41.17,41.5,40.56,40.8,49557
DHA,2024-07-08,40.8,40.8,40.05,40.28,78451
DHA,2024-07-09,40.61,40.84,40.14,40.56,44400
DHA,2024-07-10,40.61,40.84,40.42,40.56,47792
DHA,2024-07-11,40.56,40.7,40.33,40.47,28551
DHA,2024-07-12,40.75,40.75,40.33,40.38,36533
DHA,2024-07-15,40.61,40.94,40.52,40.84,75744
DHA,2024-07-16,40.84,41.55,40.84,41.17,43374
DHA,2024-07-17,41.17,41.27,40.24,40.99,74138
DHA,2024-07-18,40.56,40.8,40.38,40.38,46988
DHA,2024-07-19,40.33,40.61,40.19,40.33,101381
DHA,2024-07-22,40.33,40.33,39.67,39.95,50209
DHA,2024-07-23,39.95,40.19,37.98,38.92,59732
DHA,2024-07-24,38.92,38.92,38.08,38.27,60893
DHA,2024-07-25,38.27,38.45,37.98,38.36,33100
DHA,2024-07-26,38.45,38.92,38.36,38.92,25800
DHA,2024-07-29,38.92,39.34,38.92,39.02,12335
DHA,2024-07-30,39.2,39.3,38.83,39.02,28661
DHA,2024-07-31,38.73,39.11,38.45,39.02,27241
DHA,2024-08-01,39.34,39.39,37.98,38.45,48626
DHA,2024-08-02,38.17,38.78,37.66,38.78,33624
DHA,2024-08-05,37.8,38.69,36.58,36.58,104347
DHA,2024-08-06,36.76,37.61,36.58,37.42,37200
DHA,2024-08-07,36.81,37.7,36.81,37.7,10771
DHA,2024-08-08,37.52,38.08,37.42,37.42,14423
DHA,2024-08-09,37.42,37.61,37.42,37.56,17300
DHA,2024-08-12,37.56,38.45,37.56,37.98,19950
DHA,2024-08-13,37.98,38.27,37.8,37.98,19863
DHA,2024-08-14,38.36,38.69,37.7,37.98,51883
DHA,2024-08-15,37.98,38.08,37.94,37.98,17755
DHA,2024-08-16,37.98,38.69,37.98,38.17,99679
DHA,2024-08-19,38.45,39.02,38.45,38.55,21211
DHA,2024-08-20,39.2,39.2,38.69,38.92,13332
DHA,2024-08-21,38.92,38.92,38.73,38.83,22805
DHA,2024-08-22,39.44,39.44,38.73,38.83,28322
DHA,2024-08-23,38.88,38.92,38.69,38.83,16661
DHA,2024-08-26,38.83,38.92,38.73,38.73,31109
DHA,2024-08-27,38.92,39.2,38.64,39.06,8975
DHA,2024-08-28,39.2,39.2,38.73,39.02,11012
DHA,2024-08-29,38.73,38.92,38.64,38.73,23125
DHA,2024-08-30,38.83,39.02,38.73,38.83,22309
DHA,2024-09-04,38.55,38.59,38.22,38.59,30342
DHA,2024-09-05,38.17,38.69,38.17,38.59,44302
DHA,2024-09-06,38.45,38.69,38.22,38.45,31652
DHA,2024-09-09,38.45,38.45,37.8,37.89,31442
DHA,2024-09-10,38.31,38.31,37.75,37.75,24201
DHA,2024-09-11,37.84,37.89,37.66,37.84,21070
DHA,2024-09-12,38.22,38.27,37.7,37.7,63761
DHA,2024-09-13,37.98,37.98,37.56,37.75,57600
DHA,2024-09-16,37.7,37.7,37.52,37.52,37820
DHA,2024-09-17,37.52,37.98,37.52,37.98,23567
DHA,2024-09-18,38.08,38.17,37.98,37.98,15168
DHA,2024-09-19,37.98,37.98,37.7,37.75,27117
DHA,2024-09-20,37.75,38.08,37.75,37.94,25616
DHA,2024-09-23,37.94,38.45,37.94,37.98,50335
DHA,2024-09-24,37.98,38.36,37.94,37.98,16988
DHA,2024-09-25,37.98,38.03,37.66,37.84,98416
DHA,2024-09-26,37.98,38.36,37.84,38.27,107213
DHA,2024-09-27,38.36,38.45,38.08,38.17,81746
DHA,2024-09-30,39.39,39.39,38.17,38.17,70782
DHA,2024-10-01,38.27,38.78,38.27,38.45,94013
DHA,2024-10-02,38.27,38.55,38.27,38.45,44000
DHA,2024-10-03,38.55,38.64,38.27,38.45,45330
DHA,2024-10-04,38.45,38.5,38.27,38.36,16200
DHA,2024-10-07,38.27,38.45,37.98,37.98,24402
DHA,2024-10-08,37.98,38.31,37.52,37.98,46183
DHA,2024-10-09,37.84,38.03,37.8,37.89,26433
DHA,2024-10-10,37.89,37.94,37.66,37.7,58000
DHA,2024-10-11,37.7,37.8,37.47,37.52,84155
DHA,2024-10-14,37.66,37.8,37.56,37.8,21254
DHA,2024-10-15,37.98,37.98,37.52,37.56,37307
DHA,2024-10-16,37.7,38.64,37.7,38.17,84918
DHA,2024-10-17,38.08,38.36,37.89,38.36,53810
DHA,2024-10-18,38.31,38.41,37.66,38.41,96103
DHA,2024-10-21,38.41,38.41,37.89,38.31,62610
DHA,2024-10-22,38.31,38.36,37.89,38.31,86900
DHA,2024-10-23,38.22,38.45,37.98,38.45,102001
DHA,2024-10-24,38.41,38.45,38.08,38.36,20801
DHA,2024-10-25,38.36,38.45,38.27,38.45,32704
DHA,2024-10-28,38.45,38.55,38.03,38.31,34139
DHA,2024-10-29,38.45,38.45,38.03,38.45,41257
DHA,2024-10-30,38.55,38.55,38.36,38.45,63506
DHA,2024-10-31,38.08,38.36,37.56,38.27,12451
DHA,2024-11-01,38.08,38.08,37.7,37.98,13120
DHA,2024-11-04,37.61,37.98,37.61,37.75,15700
DHA,2024-11-05,37.75,38.08,37.66,38.08,7035
DHA,2024-11-06,37.89,38.36,37.8,38.36,13855
DHA,2024-11-07,38.45,38.45,38.08,38.08,7201
DHA,2024-11-08,38.08,38.08,37.7,37.75,20949
DHA,2024-11-11,37.98,38.31,37.89,37.89,5100
DHA,2024-11-12,38.17,38.17,37.75,37.89,11800
DHA,2024-11-13,37.7,37.89,37.52,37.8,29206
DHA,2024-11-14,37.84,38.08,37.84,37.84,21200
DHA,2024-11-15,37.75,37.98,37.56,37.89,41312
DHA,2024-11-18,37.89,37.89,37.52,37.75,25010
DHA,2024-11-19,37.56,37.8,37.56,37.56,12202
DHA,2024-11-20,37.61,38.27,37.52,37.94,29216
DHA,2024-11-21,38.27,38.27,37.89,37.98,29628
DHA,2024-11-22,38.27,38.27,37.84,37.84,35022
DHA,2024-11-25,37.84,38.36,37.75,37.89,247301
DHA,2024-11-26,37.89,38.45,37.89,38.22,27222
DHA,2024-11-27,38.27,38.27,38.12,38.22,11624
DHA,2024-11-28,38.08,38.55,38.03,38.55,25134
DHA,2024-11-29,38.55,39.3,38.55,39.11,48425
DHA,2024-12-02,39.11,39.77,39.11,39.77,58091
DHA,2024-12-03,39.77,39.77,39.39,39.39,37616
DHA,2024-12-04,39.39,39.39,39.02,39.16,13165
DHA,2024-12-05,39.2,40.33,38.92,39.67,62405
DHA,2024-12-06,39.3,39.86,39.3,39.34,22905
DHA,2024-12-09,39.34,39.67,39.3,39.48,40551
DHA,2024-12-10,39.48,40.99,39.48,40.99,147563
DHA,2024-12-11,40.94,41.45,40.66,40.94,31854
DHA,2024-12-12,40.94,41.31,40.61,41.17,105292
DHA,2024-12-13,40.8,41.45,40.61,41.22,99189
DHA,2024-12-16,40.66,41.64,40.66,40.99,59282
DHA,2024-12-17,40.8,40.94,40.52,40.52,37903
DHA,2024-12-18,40.52,40.94,40.42,40.61,26401
DHA,2024-12-19,40.52,40.61,40.09,40.14,39721
DHA,2024-12-20,40.28,40.8,40.24,40.8,32041
DHA,2024-12-23,41.55,41.92,40.99,41.6,91402
DHA,2024-12-24,41.45,41.45,41.08,41.13,15911
DHA,2024-12-25,41.27,42.3,41.22,41.97,211492
DHA,2024-12-26,42.49,42.49,41.97,42.02,8738
DHA,2024-12-27,42.39,42.39,41.31,41.64,83834
DHA,2024-12-30,41.5,41.5,40.99,41.08,33002
DHA,2024-12-31,40.8,40.89,40.19,40.47,80980
DHA,2025-01-02,40.38,40.99,40.38,40.99,24907
DHA,2025-01-03,41.03,41.27,40.19,40.61,36770
DHA,2025-01-06,40.8,40.8,38.45,39.67,49400
DHA,2025-01-07,39.39,39.86,39.39,39.67,34319
DHA,2025-01-08,39.77,40.0,39.67,39.95,16502
DHA,2025-01-09,40.24,40.33,39.91,40.0,17758
DHA,2025-01-10,40.0,40.42,39.95,40.14,21602
DHA,2025-01-13,40.14,40.14,39.44,40.05,17856
DHA,2025-01-14,40.05,40.14,39.95,40.05,17913
DHA,2025-01-15,40.19,41.36,40.09,41.31,84653
DHA,2025-01-16,41.55,41.55,40.89,41.03,44165
DHA,2025-01-17,41.17,41.36,41.08,41.31,43681
DHA,2025-01-20,41.22,41.31,40.52,40.94,51414
DHA,2025-01-21,40.84,40.94,40.05,40.38,87563
DHA,2025-01-22,40.52,40.52,39.86,39.86,39155
DHA,2025-01-23,39.91,39.96,39.08,39.37,30844
DHA,2025-01-24,39.37,39.62,39.37,39.37,17723
DHA,2025-02-03,39.13,39.13,36.65,38.21,47912
DHA,2025-02-04,38.16,38.35,37.92,38.21,75903
DHA,2025-02-05,38.21,38.89,38.21,38.4,36447
DHA,2025-02-06,38.89,38.89,38.3,38.4,27895
DHA,2025-02-07,38.69,39.37,38.69,38.94,78582
DHA,2025-02-10,39.13,39.37,38.89,38.99,30078
DHA,2025-02-11,39.08,39.47,38.94,39.28,68037
DHA,2025-02-12,39.28,39.76,39.28,39.57,52279
DHA,2025-02-13,39.37,39.71,39.37,39.47,37848
DHA,2025-02-14,39.67,40.01,39.67,39.76,52082
DHA,2025-02-17,39.76,40.05,39.76,39.76,50450
DHA,2025-02-18,39.76,40.01,39.76,39.81,17941
DHA,2025-02-19,39.86,39.86,39.76,39.81,43700
DHA,2025-02-20,39.86,40.74,39.81,40.49,78886
DHA,2025-02-21,39.81,40.74,39.81,40.05,30523
DHA,2025-02-24,40.3,40.3,39.67,40.15,40554
DHA,2025-02-25,40.15,40.25,39.81,40.15,37404
DHA,2025-02-26,39.81,40.35,39.81,39.86,33153
DHA,2025-02-27,39.91,39.91,39.62,39.76,38606
DHA,2025-02-28,39.76,39.76,39.52,39.76,24900
DHA,2025-03-03,39.76,39.76,39.47,39.52,31778
DHA,2025-03-04,39.42,39.76,39.42,39.71,55592
DHA,2025-03-05,40.15,40.15,39.42,39.42,25414
DHA,2025-03-06,39.57,39.71,39.42,39.47,22392
DHA,2025-03-07,39.52,39.81,39.42,39.76,17995
DHA,2025-03-10,39.76,39.81,39.08,39.13,52825
DHA,2025-03-11,38.89,39.18,38.89,39.08,49223
DHA,2025-03-12,38.99,39.62,38.99,39.08,7572
DHA,2025-03-13,39.28,39.28,38.89,39.08,38852
DHA,2025-03-14,38.99,39.08,38.55,38.79,21255
DHA,2025-03-17,38.69,39.03,38.6,38.79,15249
DHA,2025-03-18,38.79,38.89,38.79,38.84,30280
DHA,2025-03-19,38.89,38.89,38.55,38.6,18817
DHA,2025-03-20,38.6,38.6,37.24,38.16,46040
DHA,2025-03-21,38.21,38.69,38.21,38.21,12417
DHA,2025-03-24,38.3,38.5,38.21,38.26,24521
DHA,2025-03-25,38.3,39.28,38.3,38.55,12058
DHA,2025-03-26,38.55,38.55,37.92,38.11,33115
DHA,2025-03-27,38.55,38.55,38.01,38.11,13009
DHA,2025-03-28,38.11,38.45,37.92,37.92,14183
DHA,2025-03-31,37.92,38.11,37.43,37.92,21275
DHA,2025-04-01,37.92,37.92,37.62,37.62,36461
DHA,2025-04-02,38.84,38.84,37.87,37.92,18260
DHA,2025-04-03,35.39,36.94,35.29,35.49,149321
DHA,2025-04-04,33.54,35.0,33.01,34.27,117587
DHA,2025-04-08,32.23,34.22,32.23,33.59,99900
DHA,2025-04-09,33.15,34.46,32.57,34.03,72641
DHA,2025-04-10,36.41,36.41,36.41,36.41,6831
DHA,2025-04-11,36.46,38.69,36.46,38.64,81683
DHA,2025-04-14,38.64,38.64,37.58,37.72,15686
DHA,2025-04-15,37.33,37.92,37.33,37.48,45615
DHA,2025-04-16,37.48,37.96,37.43,37.53,56153
DHA,2025-04-17,38.35,38.35,37.58,37.58,44211
DHA,2025-04-18,37.58,38.21,37.48,37.48,50709
DHA,2025-04-21,37.28,38.4,37.28,37.67,15266
DHA,2025-04-22,37.77,37.82,35.97,36.85,26822
DHA,2025-04-23,37.53,37.53,36.99,37.04,20300
DHA,2025-04-24,37.72,37.72,37.04,37.33,23912
DHA,2025-04-25,37.53,37.53,37.19,37.48,10600
DHA,2025-04-28,37.04,37.48,37.04,37.48,6819
DHA,2025-04-29,36.99,37.38,36.99,37.04,21778
DHA,2025-05-05,37.09,37.09,36.55,36.85,12145
DHA,2025-05-06,36.85,37.24,36.75,37.24,12629
DHA,2025-05-07,37.33,37.43,36.7,36.94,34512
DHA,2025-05-08,37.28,37.28,36.6,36.94,13041
DHA,2025-05-09,37.19,37.19,36.8,36.94,20264
DHA,2025-05-12,36.85,37.09,36.85,37.04,30400
DHA,2025-05-13,37.14,37.14,36.55,37.04,55738
DHA,2025-05-14,37.04,37.04,36.89,36.94,53405
DHA,2025-05-15,36.94,37.24,36.94,37.14,41741
DHA,2025-05-16,37.14,37.14,36.94,37.04,12687
DHA,2025-05-19,36.8,37.14,36.8,37.14,24451
DHA,2025-05-20,36.99,37.14,36.94,37.09,24261
DHA,2025-05-21,37.33,37.33,37.09,37.09,56912
DHA,2025-05-22,37.09,37.62,37.09,37.62,83997
DHA,2025-05-23,37.72,39.86,37.72,39.67,174895
DHA,2025-05-26,39.86,40.49,39.42,39.96,73044
DHA,2025-05-27,40.25,40.25,39.57,39.76,162427
DHA,2025-05-28,39.86,40.69,39.81,40.05,103948
DHA,2025-05-29,40.25,40.35,39.86,39.96,50735
DHA,2025-05-30,40.15,42.1,39.86,41.42,175011
DHA,2025-06-02,42.1,42.1,41.46,41.71,78052
DHA,2025-06-03,41.8,41.8,41.22,41.42,35271
DHA,2025-06-04,41.27,42.05,41.27,42.05,187679
DHA,2025-06-05,42.05,42.68,41.95,42.0,86559
DHA,2025-06-06,41.8,42.29,41.42,41.51,59950
DHA,2025-06-09,41.32,42.78,41.32,42.1,227728
DHA,2025-06-10,42.19,42.78,41.76,41.76,59705
DHA,2025-06-11,41.8,43.26,41.61,42.34,168887
DHA,2025-06-12,43.07,43.12,42.39,42.53,95701
DHA,2025-06-13,42.29,42.29,41.51,41.8,115180
DHA,2025-06-16,41.32,42.58,41.32,42.29,75917
DHA,2025-06-17,42.68,42.78,41.9,41.9,80163
DHA,2025-06-18,41.9,42.39,41.32,41.8,79621
DHA,2025-06-19,41.61,41.71,41.46,41.71,18440
DHA,2025-06-20,41.51,41.71,41.42,41.71,33026
DHA,2025-06-23,41.32,42.1,40.93,42.05,73711
DHA,2025-06-24,42.19,42.63,41.9,42.0,47771
DHA,2025-06-25,42.14,42.29,41.9,42.1,23821
DHA,2025-06-26,42.1,42.87,42.1,42.39,120538
DHA,2025-06-27,42.53,42.92,42.39,42.58,49630
DHA,2025-06-30,42.53,42.78,42.49,42.68,65170
DHA,2025-07-01,42.68,42.83,41.76,41.85,87400
DHA,2025-07-02,41.71,41.8,41.37,41.76,94870
DHA,2025-07-03,41.42,42.39,41.42,41.51,41703
DHA,2025-07-04,41.42,41.8,41.42,41.8,39306
DHA,2025-07-07,41.8,41.8,41.51,41.8,43386
DHA,2025-07-08,41.61,42.97,41.61,42.68,196010
DHA,2025-07-09,42.68,42.68,41.85,42.29,107902
DHA,2025-07-10,42.19,42.29,41.76,41.76,75102
DHA,2025-07-11,41.76,42.19,41.27,41.32,94035
DHA,2025-07-14,41.42,41.8,41.08,41.56,53723
DHA,2025-07-15,41.61,41.9,41.32,41.32,86459
DHA,2025-07-16,41.22,41.85,41.22,41.46,82400
DHA,2025-07-17,41.8,43.65,41.51,43.51,421136
DHA,2025-07-18,44.82,46.52,44.43,46.52,381458
DHA,2025-07-21,47.64,48.03,46.52,47.35,333791
DHA,2025-07-22,47.15,49.0,46.47,47.64,186926
DHA,2025-07-23,47.3,48.32,46.81,47.3,123941
DHA,2025-07-24,46.86,47.35,46.67,47.05,129296
DHA,2025-07-25,47.15,47.44,45.69,47.05,226396
DHA,2025-07-28,46.71,47.35,46.67,47.1,97968
DHA,2025-07-29,47.1,47.25,44.72,45.06,334197
DHA,2025-07-30,45.5,46.57,45.4,46.18,86547
DHA,2025-07-31,46.37,46.37,45.69,46.18,117804
DHA,2025-08-01,46.18,46.28,45.79,46.23,83617
DHA,2025-08-04,46.18,48.22,46.18,47.64,220440
DHA,2025-08-05,47.69,48.22,45.69,46.18,200063
DHA,2025-08-06,46.71,46.71,46.08,46.08,95128
DHA,2025-08-07,46.28,46.57,46.28,46.57,102022
DHA,2025-08-08,46.91,46.91,45.94,46.18,84075
DHA,2025-08-11,46.91,47.54,46.57,46.96,95005
DHA,2025-08-12,47.54,50.17,46.96,50.17,313905
DHA,2025-08-13,50.55,51.23,49.39,50.55,231796
DHA,2025-08-14,50.55,50.65,49.48,50.55,148053
DHA,2025-08-15,50.17,50.17,48.22,48.22,182939
DHA,2025-08-18,48.71,49.58,48.71,49.19,70322
DHA,2025-08-19,50.36,50.36,49.1,49.39,105780
DHA,2025-08-20,49.29,49.29,46.67,48.61,134683
DHA,2025-08-21,48.56,48.56,47.64,47.83,48621
DHA,2025-08-22,47.64,47.64,45.74,47.39,152673
DHA,2025-08-25,46.81,47.69,45.99,47.69,26330
DHA,2025-08-26,47.64,48.46,47.1,48.46,32200
DHA,2025-08-27,48.61,48.71,47.78,47.83,36105
DHA,2025-08-28,47.78,47.83,47.05,47.83,41790
DHA,2025-08-29,48.51,48.51,47.15,47.35,36231
DHA,2025-09-03,47.44,47.93,47.15,47.39,39837
DHA,2025-09-04,47.83,50.07,47.64,49.39,126704
DHA,2025-09-05,49.58,49.97,48.42,48.42,56281
DHA,2025-09-08,48.42,48.42,47.54,47.54,60449
DHA,2025-09-09,47.54,47.64,46.67,47.64,60710
DHA,2025-09-10,47.64,49.19,47.64,48.56,102354
DHA,2025-09-11,48.51,50.85,47.78,49.97,190622
DHA,2025-09-12,50.17,53.37,49.97,52.5,339123
DHA,2025-09-15,52.5,53.2,51.5,52.0,156531
DHA,2025-09-16,52.0,54.5,51.7,51.7,179315
DHA,2025-09-17,52.4,52.4,50.7,50.7,71306
DHA,2025-09-18,50.3,52.9,50.3,51.6,82708
DHA,2025-09-19,51.6,52.5,50.8,51.7,68528
DHA,2025-09-22,51.9,53.8,51.0,52.4,185269
DHA,2025-09-23,53.0,53.0,51.9,52.0,42711
DHA,2025-09-24,52.0,52.0,50.8,51.0,75152
DHA,2025-09-25,51.0,51.9,50.7,51.0,97962
DHA,2025-09-26,51.1,52.0,50.6,50.8,119000
DHA,2025-09-29,50.6,51.4,49.2,49.3,82100
DHA,2025-09-30,49.3,49.6,48.4,49.1,117700
DHA,2025-10-01,49.1,50.8,48.75,49.9,68900
DHA,2025-10-02,50.6,50.6,49.0,49.25,20600
DHA,2025-10-03,49.25,49.35,47.8,48.05,129900
DHA,2025-10-06,48.1,48.75,48.1,48.7,48800
DHA,2025-10-07,49.3,49.8,48.7,48.75,56700
DHA,2025-10-08,49.5,49.6,48.8,48.8,79500
DHA,2025-10-09,49.0,49.2,48.8,48.8,57000
DHA,2025-10-10,48.8,49.7,48.8,49.1,65000
DHA,2025-10-13,48.6,49.65,48.6,49.45,40800
DHA,2025-10-14,49.75,50.6,49.5,49.95,64000
DHA,2025-10-15,50.7,50.7,49.65,50.0,35300
DHA,2025-10-16,50.0,50.7,49.7,50.2,37700
DHA,2025-10-17,50.9,51.2,50.0,50.2,58300
DHA,2025-10-20,50.2,53.6,50.0,50.7,386700
DHA,2025-10-21,50.7,51.9,50.2,51.6,103300
DHA,2025-10-22,51.7,54.4,51.7,53.4,163200
DHA,2025-10-23,53.5,54.5,52.0,52.1,106000
DHA,2025-10-24,52.1,53.8,51.6,53.1,102400
DHA,2025-10-27,53.9,55.2,53.1,54.4,215600
DHA,2025-10-28,54.6,55.7,53.0,55.3,469100
DHA,2025-10-29,55.4,58.5,55.3,58.0,309300
DHA,2025-10-30,58.5,59.8,57.1,58.7,270500
DHA,2025-10-31,58.7,60.0,55.5,57.2,256100
DHA,2025-11-03,56.6,58.9,56.6,57.2,149500
DHA,2025-11-04,57.2,58.0,54.7,56.7,190300
DHA,2025-11-05,56.8,58.3,56.6,56.7,74200
DHA,2025-11-06,56.8,58.0,56.4,57.5,60800
DHA,2025-11-07,57.9,58.7,56.0,56.9,147100
DHA,2025-11-10,56.7,56.8,55.6,56.0,69000
DHA,2025-11-11,56.0,56.4,54.9,56.4,68200
DHA,2025-11-12,56.5,60.3,56.5,60.0,541600
DHA,2025-11-13,60.0,60.2,58.7,59.2,51200
DHA,2025-11-14,58.9,59.4,56.8,57.8,188200
DHA,2025-11-17,57.8,58.5,57.7,57.9,53500
DHA,2025-11-18,57.6,58.5,56.9,56.9,71900
DHA,2025-11-19,57.0,58.0,56.8,57.0,41900
DHA,2025-11-20,57.0,59.5,56.5,58.8,236700
DHA,2025-11-21,58.7,58.7,56.9,58.3,56300
DHA,2025-11-24,58.4,60.8,57.9,59.0,142800
DHA,2025-11-25,58.9,59.2,57.2,58.0,72400
DHA,2025-11-26,58.5,58.9,57.1,58.5,40100
DHA,2025-11-27,59.0,59.0,57.9,58.5,36100
DHA,2025-11-28,58.3,58.9,57.5,58.7,65100
DHA,2025-12-01,59.3,61.5,58.6,59.3,183000
DHA,2025-12-02,59.2,59.3,57.8,59.3,74600
DHA,2025-12-03,59.3,59.3,58.0,58.6,99300
DHA,2025-12-04,58.6,60.0,58.3,58.3,41400
DHA,2025-12-05,58.0,58.3,57.2,58.3,78000
DHA,2025-12-08,58.3,58.8,57.1,57.1,75400
DHA,2025-12-09,57.0,58.8,56.4,57.9,249600
DHA,2025-12-10,57.7,58.4,57.1,57.5,72500
DHA,2025-12-11,57.5,58.4,57.5,57.9,30200
DHA,2025-12-12,57.4,60.0,57.4,58.0,226400
DHA,2025-12-15,58.0,60.0,57.5,60.0,125300
DHA,2025-12-16,61.0,63.8,60.7,62.0,321100
DHA,2025-12-17,62.7,66.3,62.2,64.5,268900
DHA,2025-12-18,66.0,66.0,63.5,64.9,97800
DHA,2025-12-19,65.0,65.9,63.7,64.5,141700
DHA,2025-12-22,65.0,67.0,64.8,66.0,113700
DHA,2025-12-23,66.5,67.5,65.6,67.3,121300
DHA,2025-12-24,66.1,67.9,66.0,66.9,73600
DHA,2025-12-25,66.9,69.9,66.0,68.6,107100
DHA,2025-12-26,66.1,68.6,66.1,67.5,122500
DHA,2025-12-29,68.6,69.5,67.6,69.2,67600
DHA,2025-12-30,69.2,69.3,68.2,68.4,64800
DHA,2025-12-31,68.4,68.8,63.7,67.0,406500
