˚9±BÔG(ätV/â6Tã¥¨Ñã°ÆXÌêıÜóÆticker,trading_date,open,high,low,close,volume
HMH,2010-07-28,4.8,4.8,3.68,3.98,42000
HMH,2010-07-29,4.06,4.06,3.86,3.86,7700
HMH,2010-07-30,3.69,3.77,3.63,3.76,15000
HMH,2010-08-02,3.88,3.88,3.57,3.69,13300
HMH,2010-08-03,3.92,3.92,3.69,3.73,15300
HMH,2010-08-04,3.72,3.76,3.58,3.76,10200
HMH,2010-08-05,3.82,3.97,3.82,3.88,16500
HMH,2010-08-06,3.94,3.94,3.69,3.69,9300
HMH,2010-08-09,3.53,3.72,3.51,3.72,18800
HMH,2010-08-10,3.57,3.57,3.57,3.57,1000
HMH,2010-08-11,3.45,3.67,3.45,3.57,29100
HMH,2010-08-12,3.34,3.66,3.34,3.57,7900
HMH,2010-08-13,3.45,3.57,3.45,3.57,6600
HMH,2010-08-16,3.78,3.78,3.57,3.57,12200
HMH,2010-08-17,3.44,3.77,3.44,3.45,66000
HMH,2010-08-18,3.45,3.45,3.29,3.29,9400
HMH,2010-08-19,3.36,3.36,3.15,3.15,4800
HMH,2010-08-20,3.14,3.29,3.14,3.26,41500
HMH,2010-08-23,3.09,3.2,3.08,3.14,14900
HMH,2010-08-24,2.89,3.01,2.89,2.91,33100
HMH,2010-08-25,2.78,2.78,2.75,2.75,40700
HMH,2010-08-26,2.76,2.94,2.6,2.94,27100
HMH,2010-08-27,2.76,3.03,2.76,3.03,9900
HMH,2010-08-30,3.08,3.17,2.88,3.17,20300
HMH,2010-08-31,3.09,3.3,3.09,3.3,21900
HMH,2010-09-01,3.28,3.28,3.15,3.21,20600
HMH,2010-09-06,3.33,3.37,3.33,3.36,30700
HMH,2010-09-07,3.33,3.34,3.33,3.33,8000
HMH,2010-09-08,3.28,3.33,3.28,3.3,8000
HMH,2010-09-09,3.45,3.45,3.28,3.3,11900
HMH,2010-09-10,3.14,3.3,3.14,3.14,18100
HMH,2010-09-13,3.2,3.2,3.03,3.08,22400
HMH,2010-09-14,3.09,3.2,3.09,3.2,5000
HMH,2010-09-15,3.09,3.14,3.09,3.13,17200
HMH,2010-09-16,3.14,3.14,3.14,3.14,5500
HMH,2010-09-17,3.2,3.33,3.19,3.3,12200
HMH,2010-09-20,3.19,3.26,3.14,3.14,17500
HMH,2010-09-21,3.02,3.12,2.96,3.1,15300
HMH,2010-09-22,3.12,3.13,3.1,3.1,6500
HMH,2010-09-23,3.14,3.33,3.14,3.33,6100
HMH,2010-09-24,2.96,3.14,2.96,3.14,1500
HMH,2010-09-27,2.95,3.24,2.95,3.24,6100
HMH,2010-09-28,3.15,3.15,3.15,3.15,3400
HMH,2010-09-29,3.08,3.21,3.08,3.1,4500
HMH,2010-09-30,3.03,3.03,3.03,3.03,2000
HMH,2010-10-01,3.22,3.23,3.12,3.12,9600
HMH,2010-10-04,3.32,3.32,3.04,3.05,7400
HMH,2010-10-05,3.08,3.14,3.06,3.14,15900
HMH,2010-10-06,2.96,3.19,2.96,3.12,13000
HMH,2010-10-07,3.04,3.08,3.03,3.03,19200
HMH,2010-10-08,2.86,3.03,2.86,3.03,12400
HMH,2010-10-11,2.77,3.01,2.76,2.95,7000
HMH,2010-10-12,2.83,2.9,2.82,2.89,18000
HMH,2010-10-13,2.76,2.95,2.76,2.78,13600
HMH,2010-10-14,2.95,2.95,2.89,2.92,40700
HMH,2010-10-15,3.08,3.1,2.95,3.09,18300
HMH,2010-10-18,2.89,3.27,2.89,3.21,32000
HMH,2010-10-19,3.21,3.27,3.08,3.14,16400
HMH,2010-10-20,3.18,3.18,2.97,3.0,5200
HMH,2010-10-21,3.08,3.18,3.05,3.08,26200
HMH,2010-10-22,3.08,3.14,2.99,3.14,14600
HMH,2010-10-25,3.19,3.19,3.01,3.17,20900
HMH,2010-10-26,3.12,3.22,2.9,3.22,59800
HMH,2010-10-27,2.96,3.01,2.96,3.01,18600
HMH,2010-10-28,2.9,3.13,2.9,3.04,10700
HMH,2010-10-29,2.9,3.09,2.87,3.09,6000
HMH,2010-11-01,2.95,2.95,2.77,2.89,17000
HMH,2010-11-02,2.87,2.99,2.85,2.86,19500
HMH,2010-11-03,2.95,2.97,2.95,2.95,29000
HMH,2010-11-04,3.04,3.04,2.95,2.96,14300
HMH,2010-11-05,3.13,3.13,2.95,2.95,15900
HMH,2010-11-08,3.12,3.12,2.91,3.04,27000
HMH,2010-11-09,3.17,3.17,2.82,2.82,26100
HMH,2010-11-10,3.05,3.05,2.83,2.83,28800
HMH,2010-11-11,2.77,2.77,2.77,2.77,28400
HMH,2010-11-12,2.6,2.63,2.58,2.63,5100
HMH,2010-11-15,2.8,2.8,2.46,2.46,13300
HMH,2010-11-16,2.56,2.59,2.56,2.56,19600
HMH,2010-11-17,2.56,2.63,2.56,2.56,10600
HMH,2010-11-18,2.39,2.63,2.39,2.58,7700
HMH,2010-11-19,2.62,2.62,2.62,2.62,3000
HMH,2010-11-22,2.55,2.56,2.5,2.5,1600
HMH,2010-11-23,2.62,2.62,2.59,2.59,5800
HMH,2010-11-24,2.62,2.8,2.62,2.8,76400
HMH,2010-11-25,2.82,2.92,2.82,2.92,31500
HMH,2010-11-26,2.91,2.91,2.87,2.87,19300
HMH,2010-11-29,2.8,2.91,2.76,2.91,18400
HMH,2010-11-30,2.95,3.01,2.94,3.01,4100
HMH,2010-12-01,2.92,2.92,2.83,2.83,3000
HMH,2010-12-02,2.67,2.82,2.67,2.82,30400
HMH,2010-12-03,2.92,2.92,2.8,2.91,44600
HMH,2010-12-06,3.01,3.01,2.87,2.94,95000
HMH,2010-12-07,2.95,2.95,2.82,2.82,15200
HMH,2010-12-08,2.89,2.9,2.73,2.73,32500
HMH,2010-12-09,2.9,2.9,2.82,2.9,17800
HMH,2010-12-10,2.95,2.95,2.89,2.92,16400
HMH,2010-12-13,2.95,2.96,2.87,2.95,19200
HMH,2010-12-14,2.94,2.94,2.82,2.86,24700
HMH,2010-12-15,2.69,2.73,2.67,2.67,21500
HMH,2010-12-16,2.69,2.86,2.69,2.69,20500
HMH,2010-12-17,2.9,2.9,2.82,2.82,4300
HMH,2010-12-20,2.87,2.87,2.87,2.87,4000
HMH,2010-12-21,2.69,2.69,2.69,2.69,14100
HMH,2010-12-22,2.8,2.8,2.65,2.65,5400
HMH,2010-12-23,2.6,2.63,2.6,2.62,2500
HMH,2010-12-24,2.68,2.68,2.68,2.68,4300
HMH,2010-12-27,2.67,2.69,2.58,2.69,4200
HMH,2010-12-28,2.65,2.77,2.56,2.73,22200
HMH,2010-12-29,2.76,2.76,2.58,2.6,1700
HMH,2010-12-30,2.76,2.76,2.76,2.76,1000
HMH,2010-12-31,2.59,2.59,2.59,2.59,10500
HMH,2011-01-04,2.68,2.68,2.67,2.67,4000
HMH,2011-01-05,2.63,2.63,2.63,2.63,5000
HMH,2011-01-06,2.74,2.74,2.72,2.72,10000
HMH,2011-01-07,2.72,2.72,2.72,2.72,0
HMH,2011-01-10,2.56,2.56,2.56,2.56,2000
HMH,2011-01-11,2.74,2.74,2.41,2.41,11400
HMH,2011-01-12,2.5,2.62,2.49,2.59,7300
HMH,2011-01-13,2.74,2.74,2.59,2.59,4600
HMH,2011-01-14,2.71,2.71,2.54,2.63,2600
HMH,2011-01-17,2.69,2.69,2.63,2.68,27900
HMH,2011-01-18,2.74,2.74,2.64,2.69,13800
HMH,2011-01-19,2.73,2.74,2.69,2.69,12500
HMH,2011-01-20,2.81,2.81,2.63,2.74,22600
HMH,2011-01-21,2.8,2.81,2.69,2.73,15500
HMH,2011-01-24,2.82,2.85,2.77,2.8,16500
HMH,2011-01-25,2.82,2.91,2.71,2.76,12900
HMH,2011-01-26,2.69,2.8,2.69,2.8,19900
HMH,2011-01-27,2.81,2.81,2.73,2.73,23000
HMH,2011-01-28,2.82,2.87,2.78,2.78,9300
HMH,2011-02-08,2.96,2.96,2.96,2.96,7500
HMH,2011-02-09,3.0,3.0,2.86,2.86,2600
HMH,2011-02-10,2.74,2.74,2.73,2.73,5500
HMH,2011-02-11,2.73,2.73,2.73,2.73,3800
HMH,2011-02-14,2.82,2.82,2.81,2.81,7000
HMH,2011-02-15,2.65,2.65,2.64,2.64,2500
HMH,2011-02-16,2.77,2.77,2.77,2.77,100
HMH,2011-02-17,2.68,2.69,2.67,2.67,9200
HMH,2011-02-18,2.67,2.67,2.67,2.67,0
HMH,2011-02-21,2.58,2.58,2.51,2.51,26000
HMH,2011-02-22,2.49,2.54,2.47,2.49,29500
HMH,2011-02-23,2.57,2.57,2.57,2.57,5000
HMH,2011-02-24,2.44,2.57,2.44,2.57,1000
HMH,2011-02-25,2.57,2.58,2.57,2.57,14700
HMH,2011-02-28,2.41,2.41,2.41,2.41,4100
HMH,2011-03-01,2.57,2.57,2.3,2.3,1100
HMH,2011-03-02,2.49,2.49,2.21,2.24,10100
HMH,2011-03-03,2.2,2.24,2.2,2.2,9000
HMH,2011-03-04,2.34,2.34,2.34,2.34,100
HMH,2011-03-07,2.5,2.5,2.34,2.34,2100
HMH,2011-03-08,2.22,2.24,2.21,2.21,4000
HMH,2011-03-09,2.25,2.25,2.24,2.24,1100
HMH,2011-03-10,2.34,2.38,2.34,2.38,200
HMH,2011-03-11,2.45,2.45,2.24,2.44,300
HMH,2011-03-14,2.3,2.3,2.25,2.25,1700
HMH,2011-03-15,2.2,2.24,2.2,2.24,7900
HMH,2011-03-16,2.24,2.25,2.21,2.21,10900
HMH,2011-03-17,2.24,2.24,2.24,2.24,12000
HMH,2011-03-18,2.24,2.24,2.15,2.15,3800
HMH,2011-03-21,2.34,2.34,2.33,2.33,800
HMH,2011-03-22,2.25,2.25,2.21,2.21,8800
HMH,2011-03-23,2.18,2.18,2.17,2.17,7000
HMH,2011-03-24,2.3,2.3,2.13,2.13,14100
HMH,2011-03-25,2.15,2.15,2.12,2.12,3300
HMH,2011-03-28,2.26,2.26,2.25,2.26,400
HMH,2011-03-29,2.24,2.3,2.18,2.3,15000
HMH,2011-03-30,2.28,2.36,2.25,2.25,20400
HMH,2011-03-31,2.46,2.46,2.21,2.26,28800
HMH,2011-04-01,2.21,2.24,2.21,2.22,2300
HMH,2011-04-04,2.29,2.37,2.29,2.34,5500
HMH,2011-04-05,2.24,2.24,2.24,2.24,400
HMH,2011-04-06,2.24,2.25,2.21,2.24,8700
HMH,2011-04-07,2.21,2.24,2.21,2.24,14400
HMH,2011-04-08,2.24,2.24,2.2,2.2,4500
HMH,2011-04-13,2.2,2.2,2.2,2.2,0
HMH,2011-04-14,2.2,2.2,2.2,2.2,200
HMH,2011-04-15,2.2,2.2,2.2,2.2,0
HMH,2011-04-18,2.05,2.05,2.05,2.05,200
HMH,2011-04-19,2.12,2.17,2.09,2.17,13300
HMH,2011-04-20,2.21,2.21,2.16,2.16,1200
HMH,2011-04-21,2.11,2.15,2.11,2.15,3000
HMH,2011-04-22,2.15,2.15,2.15,2.15,0
HMH,2011-04-25,2.17,2.17,2.17,2.17,100
HMH,2011-04-26,2.17,2.17,2.17,2.17,7300
HMH,2011-04-27,2.1,2.1,2.03,2.03,9700
HMH,2011-04-28,1.96,1.98,1.96,1.98,4000
HMH,2011-04-29,2.09,2.09,2.09,2.09,1500
HMH,2011-05-04,2.23,2.23,2.23,2.23,100
HMH,2011-05-05,2.23,2.23,2.23,2.23,0
HMH,2011-05-06,2.1,2.1,2.1,2.1,11200
HMH,2011-05-09,1.96,1.98,1.96,1.96,8000
HMH,2011-05-10,2.05,2.05,2.03,2.03,300
HMH,2011-05-11,2.1,2.1,2.1,2.1,100
HMH,2011-05-12,1.99,1.99,1.96,1.98,1700
HMH,2011-05-13,2.0,2.0,1.96,1.96,5900
HMH,2011-05-16,1.96,1.96,1.96,1.96,1000
HMH,2011-05-17,1.96,1.96,1.96,1.96,5200
HMH,2011-05-18,1.96,1.96,1.93,1.96,4700
HMH,2011-05-19,1.96,1.96,1.93,1.93,12400
HMH,2011-05-20,1.84,1.95,1.84,1.89,5200
HMH,2011-05-23,1.78,1.81,1.75,1.75,11900
HMH,2011-05-24,1.7,1.7,1.67,1.68,15200
HMH,2011-05-25,1.63,1.63,1.61,1.61,6000
HMH,2011-05-26,1.68,1.68,1.68,1.68,14100
HMH,2011-05-27,1.79,1.79,1.75,1.79,7000
HMH,2011-05-30,1.89,1.89,1.7,1.77,5700
HMH,2011-05-31,1.88,1.88,1.78,1.85,2600
HMH,2011-06-01,1.89,1.95,1.89,1.95,5800
HMH,2011-06-02,2.05,2.05,1.96,2.05,27600
HMH,2011-06-03,2.05,2.05,1.91,1.91,7800
HMH,2011-06-06,1.79,1.86,1.79,1.85,5300
HMH,2011-06-07,1.98,1.98,1.98,1.98,4100
HMH,2011-06-08,1.98,2.05,1.98,2.05,400
HMH,2011-06-09,2.0,2.12,1.99,2.1,29700
HMH,2011-06-10,2.17,2.23,2.13,2.23,22600
HMH,2011-06-13,2.27,2.27,2.23,2.24,8600
HMH,2011-06-14,2.31,2.31,2.13,2.13,6800
HMH,2011-06-15,2.3,2.3,2.03,2.03,11300
HMH,2011-06-16,2.1,2.1,2.1,2.1,100
HMH,2011-06-17,2.05,2.05,1.96,1.96,21800
HMH,2011-06-20,1.96,2.03,1.85,1.85,6900
HMH,2011-06-21,1.96,2.0,1.96,2.0,5700
HMH,2011-06-22,2.1,2.1,2.05,2.1,19300
HMH,2011-06-23,2.19,2.19,1.96,1.96,27500
HMH,2011-06-24,2.17,2.2,2.1,2.14,9600
HMH,2011-06-27,2.28,2.28,2.21,2.23,13700
HMH,2011-06-28,2.14,2.14,2.09,2.09,32600
HMH,2011-06-29,2.07,2.07,2.0,2.0,3900
HMH,2011-06-30,1.99,2.06,1.96,2.06,7300
HMH,2011-07-01,1.96,1.96,1.95,1.95,4200
HMH,2011-07-04,2.06,2.07,2.06,2.07,2700
HMH,2011-07-05,2.16,2.17,2.16,2.17,700
HMH,2011-07-06,2.17,2.17,2.17,2.17,1200
HMH,2011-07-07,2.1,2.1,2.1,2.1,1000
HMH,2011-07-08,2.09,2.09,2.09,2.09,5000
HMH,2011-07-11,2.19,2.19,2.07,2.07,1500
HMH,2011-07-12,2.07,2.07,2.07,2.07,0
HMH,2011-07-13,2.16,2.16,2.09,2.09,3600
HMH,2011-07-14,2.24,2.24,2.1,2.17,4200
HMH,2011-07-15,2.17,2.17,2.17,2.17,1200
HMH,2011-07-18,2.17,2.17,2.17,2.17,600
HMH,2011-07-19,2.16,2.16,2.16,2.16,1100
HMH,2011-07-20,2.17,2.2,2.16,2.2,7400
HMH,2011-07-21,2.21,2.23,2.21,2.21,17400
HMH,2011-07-22,2.26,2.28,2.24,2.27,15100
HMH,2011-07-25,2.27,2.27,2.21,2.21,25000
HMH,2011-07-26,2.21,2.21,2.21,2.21,500
HMH,2011-07-27,2.21,2.21,2.21,2.21,0
HMH,2011-07-28,2.12,2.2,2.12,2.2,300
HMH,2011-07-29,2.16,2.16,2.14,2.14,2900
HMH,2011-08-01,2.13,2.19,2.13,2.14,600
HMH,2011-08-02,2.16,2.16,2.13,2.16,11700
HMH,2011-08-03,2.2,2.28,2.2,2.28,15100
HMH,2011-08-04,2.4,2.4,2.28,2.37,10800
HMH,2011-08-05,2.34,2.37,2.3,2.3,11900
HMH,2011-08-08,2.34,2.34,2.28,2.28,6700
HMH,2011-08-09,2.31,2.34,2.28,2.31,5000
HMH,2011-08-10,2.45,2.45,2.29,2.29,1200
HMH,2011-08-11,2.29,2.31,2.23,2.28,6400
HMH,2011-08-12,2.28,2.31,2.28,2.31,4900
HMH,2011-08-15,2.4,2.4,2.31,2.31,1100
HMH,2011-08-16,2.31,2.31,2.28,2.28,2000
HMH,2011-08-17,2.32,2.35,2.29,2.35,10700
HMH,2011-08-18,2.35,2.35,2.34,2.34,2300
HMH,2011-08-19,2.31,2.31,2.29,2.29,3000
HMH,2011-08-22,2.37,2.43,2.32,2.32,3900
HMH,2011-08-23,2.43,2.45,2.37,2.37,2400
HMH,2011-08-24,2.52,2.54,2.46,2.51,7100
HMH,2011-08-25,2.49,2.51,2.37,2.51,4800
HMH,2011-08-26,2.54,2.54,2.48,2.48,5100
HMH,2011-08-29,2.52,2.54,2.51,2.51,4500
HMH,2011-08-30,2.52,2.66,2.51,2.62,27800
HMH,2011-08-31,2.72,2.72,2.58,2.58,13900
HMH,2011-09-01,2.74,2.77,2.68,2.77,16800
HMH,2011-09-05,2.71,2.72,2.65,2.72,1400
HMH,2011-09-06,2.62,2.66,2.62,2.66,1500
HMH,2011-09-07,2.63,2.71,2.63,2.68,12200
HMH,2011-09-08,2.77,2.85,2.77,2.85,19000
HMH,2011-09-09,2.86,2.86,2.85,2.85,4300
HMH,2011-09-12,2.97,3.03,2.85,3.03,20700
HMH,2011-09-13,3.11,3.17,2.92,2.98,9000
HMH,2011-09-14,3.14,3.14,2.82,2.82,23600
HMH,2011-09-15,3.02,3.02,2.85,2.97,1200
HMH,2011-09-16,3.08,3.08,2.73,2.97,16900
HMH,2011-09-19,2.93,2.93,2.87,2.93,4400
HMH,2011-09-20,2.93,2.93,2.87,2.87,8400
HMH,2011-09-21,2.83,2.83,2.73,2.75,2300
HMH,2011-09-22,2.79,2.95,2.79,2.95,2500
HMH,2011-09-23,2.93,2.93,2.93,2.93,1000
HMH,2011-09-26,2.97,2.97,2.73,2.73,37500
HMH,2011-09-27,2.65,2.79,2.63,2.79,2100
HMH,2011-09-28,2.79,2.79,2.77,2.77,2500
HMH,2011-09-29,2.85,2.85,2.85,2.85,500
HMH,2011-09-30,2.67,2.83,2.67,2.67,7400
HMH,2011-10-03,2.85,2.85,2.85,2.85,500
HMH,2011-10-04,2.79,2.79,2.77,2.77,1400
HMH,2011-10-05,2.93,2.93,2.73,2.73,400
HMH,2011-10-06,2.83,2.83,2.83,2.83,1800
HMH,2011-10-07,2.81,2.81,2.79,2.79,1800
HMH,2011-10-10,2.69,2.69,2.63,2.63,4400
HMH,2011-10-11,2.77,2.79,2.77,2.79,1100
HMH,2011-10-12,2.75,2.75,2.69,2.69,700
HMH,2011-10-13,2.71,2.71,2.71,2.71,0
HMH,2011-10-14,2.69,2.71,2.69,2.71,2700
HMH,2011-10-17,2.77,2.81,2.77,2.81,800
HMH,2011-10-18,2.77,2.77,2.77,2.77,1000
HMH,2011-10-19,2.75,2.75,2.75,2.75,500
HMH,2011-10-20,2.87,2.87,2.71,2.71,4700
HMH,2011-10-21,2.71,2.71,2.71,2.71,0
HMH,2011-10-24,2.71,2.71,2.71,2.71,0
HMH,2011-10-25,2.63,2.63,2.6,2.6,4700
HMH,2011-10-26,2.67,2.67,2.67,2.67,300
HMH,2011-10-27,2.79,2.79,2.79,2.79,100
HMH,2011-10-28,2.79,2.79,2.79,2.79,0
HMH,2011-10-31,2.79,2.79,2.77,2.77,2000
HMH,2011-11-01,2.77,2.77,2.77,2.77,0
HMH,2011-11-02,2.79,2.79,2.63,2.63,3100
HMH,2011-11-03,2.56,2.56,2.56,2.56,1000
HMH,2011-11-04,2.56,2.56,2.56,2.56,500
HMH,2011-11-07,2.56,2.56,2.56,2.56,4400
HMH,2011-11-08,2.56,2.56,2.56,2.56,600
HMH,2011-11-09,2.56,2.58,2.56,2.56,5000
HMH,2011-11-10,2.71,2.71,2.71,2.71,100
HMH,2011-11-11,2.83,2.83,2.83,2.83,100
HMH,2011-11-14,2.83,2.83,2.83,2.83,0
HMH,2011-11-15,2.83,2.83,2.83,2.83,0
HMH,2011-11-16,2.89,2.89,2.65,2.65,2400
HMH,2011-11-17,2.65,2.65,2.65,2.65,0
HMH,2011-11-18,2.56,2.56,2.56,2.56,5100
HMH,2011-11-21,2.56,2.56,2.56,2.56,2900
HMH,2011-11-22,2.67,2.67,2.67,2.67,3000
HMH,2011-11-23,2.67,2.67,2.67,2.67,0
HMH,2011-11-24,2.58,2.58,2.56,2.56,2000
HMH,2011-11-25,2.65,2.65,2.65,2.65,100
HMH,2011-11-28,2.65,2.65,2.63,2.63,5200
HMH,2011-11-29,2.67,2.67,2.6,2.63,11500
HMH,2011-11-30,2.6,2.63,2.6,2.6,14000
HMH,2011-12-01,2.6,2.6,2.6,2.6,6000
HMH,2011-12-02,2.6,2.6,2.6,2.6,16000
HMH,2011-12-05,2.65,2.67,2.65,2.65,15000
HMH,2011-12-06,2.63,2.67,2.63,2.65,2600
HMH,2011-12-07,2.63,2.65,2.63,2.65,23000
HMH,2011-12-08,2.65,2.69,2.65,2.69,14200
HMH,2011-12-09,2.67,2.73,2.65,2.71,58700
HMH,2011-12-12,2.69,2.77,2.69,2.75,12500
HMH,2011-12-13,2.69,2.71,2.69,2.71,7900
HMH,2011-12-14,2.69,2.69,2.69,2.69,27100
HMH,2011-12-15,2.69,2.69,2.63,2.63,10700
HMH,2011-12-16,2.69,2.69,2.67,2.67,38500
HMH,2011-12-19,2.65,2.67,2.65,2.67,9900
HMH,2011-12-20,2.6,2.6,2.54,2.58,48500
HMH,2011-12-21,2.54,2.54,2.54,2.54,12400
HMH,2011-12-22,2.54,2.54,2.54,2.54,2000
HMH,2011-12-23,2.43,2.48,2.41,2.41,6500
HMH,2011-12-26,2.48,2.48,2.45,2.48,8400
HMH,2011-12-27,2.45,2.5,2.45,2.48,24400
HMH,2011-12-28,2.6,2.65,2.56,2.65,5500
HMH,2011-12-29,2.56,2.65,2.54,2.56,4300
HMH,2011-12-30,2.58,2.6,2.58,2.58,11000
HMH,2012-01-03,2.6,2.6,2.56,2.56,40600
HMH,2012-01-04,2.56,2.56,2.52,2.52,9500
HMH,2012-01-05,2.54,2.54,2.54,2.54,3600
HMH,2012-01-06,2.54,2.54,2.54,2.54,1200
HMH,2012-01-09,2.54,2.62,2.54,2.62,3100
HMH,2012-01-10,2.56,2.65,2.56,2.65,15300
HMH,2012-01-11,2.58,2.58,2.58,2.58,2000
HMH,2012-01-12,2.58,2.6,2.58,2.6,5800
HMH,2012-01-13,2.6,2.6,2.58,2.58,16900
HMH,2012-01-16,2.67,2.67,2.67,2.67,1000
HMH,2012-01-17,2.58,2.58,2.56,2.56,1600
HMH,2012-01-18,2.56,2.56,2.56,2.56,200
HMH,2012-01-19,2.67,2.69,2.67,2.69,12500
HMH,2012-01-20,2.69,2.86,2.69,2.86,27200
HMH,2012-01-30,2.94,2.94,2.94,2.94,100
HMH,2012-01-31,2.77,2.82,2.77,2.82,11700
HMH,2012-02-01,2.82,2.88,2.82,2.88,2100
HMH,2012-02-02,2.92,2.92,2.9,2.92,6400
HMH,2012-02-03,3.12,3.12,2.82,2.82,5000
HMH,2012-02-06,2.88,2.88,2.88,2.88,3000
HMH,2012-02-07,2.88,2.9,2.82,2.86,24100
HMH,2012-02-08,2.86,2.86,2.8,2.8,11600
HMH,2012-02-09,2.8,2.82,2.77,2.82,32000
HMH,2012-02-10,2.86,2.86,2.8,2.8,3100
HMH,2012-02-13,2.84,2.84,2.73,2.73,5600
HMH,2012-02-14,2.82,2.82,2.75,2.75,6100
HMH,2012-02-15,2.77,2.77,2.77,2.77,10000
HMH,2012-02-16,2.84,2.84,2.77,2.77,800
HMH,2012-02-17,2.84,2.84,2.77,2.77,1900
HMH,2012-02-20,2.86,2.86,2.82,2.84,4900
HMH,2012-02-21,2.88,2.88,2.77,2.82,19000
HMH,2012-02-22,2.8,2.92,2.8,2.82,13200
HMH,2012-02-23,2.84,2.9,2.82,2.86,32900
HMH,2012-02-24,2.88,2.92,2.86,2.9,37700
HMH,2012-02-27,2.99,3.03,2.92,3.03,27900
HMH,2012-02-28,2.88,2.9,2.88,2.9,4100
HMH,2012-02-29,2.97,2.99,2.88,2.99,14900
HMH,2012-03-01,2.92,2.99,2.92,2.99,6300
HMH,2012-03-02,2.99,3.05,2.99,3.05,27400
HMH,2012-03-05,3.16,3.22,3.16,3.22,24800
HMH,2012-03-06,3.2,3.2,3.12,3.12,8600
HMH,2012-03-07,2.99,3.18,2.99,3.18,9600
HMH,2012-03-08,3.16,3.16,2.99,3.01,16100
HMH,2012-03-09,3.01,3.01,2.97,3.01,14000
HMH,2012-03-12,3.07,3.07,2.99,2.99,7100
HMH,2012-03-13,3.03,3.05,3.03,3.05,1500
HMH,2012-03-14,3.05,3.05,3.05,3.05,0
HMH,2012-03-15,3.26,3.26,3.16,3.16,900
HMH,2012-03-16,3.26,3.26,3.07,3.18,6100
HMH,2012-03-19,3.18,3.18,3.09,3.09,5200
HMH,2012-03-20,3.12,3.14,3.09,3.09,11500
HMH,2012-03-21,3.12,3.2,3.12,3.18,14200
HMH,2012-03-22,3.16,3.18,3.16,3.16,12500
HMH,2012-03-23,3.24,3.24,3.18,3.18,12400
HMH,2012-03-26,3.2,3.26,3.16,3.24,14300
HMH,2012-03-27,3.31,3.31,3.16,3.16,20400
HMH,2012-03-28,3.16,3.18,3.14,3.16,33100
HMH,2012-03-29,3.09,3.2,3.09,3.2,6000
HMH,2012-03-30,3.05,3.05,3.01,3.05,15500
HMH,2012-04-03,3.09,3.09,3.01,3.05,5200
HMH,2012-04-04,3.05,3.05,2.94,2.94,24300
HMH,2012-04-05,2.97,3.05,2.94,3.05,8900
HMH,2012-04-06,3.05,3.05,2.99,3.01,15300
HMH,2012-04-09,3.05,3.05,3.01,3.05,8400
HMH,2012-04-10,3.07,3.12,3.01,3.07,24700
HMH,2012-04-11,3.03,3.09,3.03,3.09,43300
HMH,2012-04-12,3.14,3.31,3.05,3.31,77800
HMH,2012-04-13,3.41,3.41,3.41,3.41,2500
HMH,2012-04-16,3.2,3.48,3.2,3.48,9600
HMH,2012-04-17,3.54,3.54,3.31,3.41,7600
HMH,2012-04-18,3.31,3.35,3.18,3.35,47100
HMH,2012-04-19,3.26,3.31,3.16,3.24,41700
HMH,2012-04-20,3.2,3.2,3.2,3.2,500
HMH,2012-04-23,3.24,3.24,3.24,3.24,100
HMH,2012-04-24,3.18,3.26,3.12,3.26,18200
HMH,2012-04-25,3.18,3.29,3.12,3.29,3300
HMH,2012-04-26,3.29,3.41,3.22,3.41,5200
HMH,2012-04-27,3.31,3.41,3.31,3.41,46400
HMH,2012-05-02,3.44,3.48,3.33,3.44,26400
HMH,2012-05-03,3.44,3.46,3.39,3.44,18100
HMH,2012-05-04,3.48,3.48,3.41,3.46,25500
HMH,2012-05-07,3.44,3.52,3.44,3.46,19300
HMH,2012-05-08,3.46,3.56,3.46,3.56,22300
HMH,2012-05-09,3.52,3.56,3.52,3.56,7200
HMH,2012-05-10,3.63,3.63,3.56,3.61,40200
HMH,2012-05-11,3.71,3.71,3.52,3.52,1100
HMH,2012-05-14,3.52,3.52,3.31,3.41,12200
HMH,2012-05-15,3.41,3.41,3.2,3.31,25400
HMH,2012-05-16,3.22,3.33,3.22,3.33,8400
HMH,2012-05-17,3.52,3.52,3.31,3.31,1200
HMH,2012-05-18,3.37,3.37,3.09,3.33,10500
HMH,2012-05-21,3.5,3.5,3.39,3.41,4100
HMH,2012-05-22,3.31,3.31,3.22,3.24,3200
HMH,2012-05-23,3.2,3.29,3.2,3.29,3500
HMH,2012-05-24,3.44,3.44,3.09,3.2,4200
HMH,2012-05-25,3.39,3.39,3.2,3.39,19400
HMH,2012-05-28,3.46,3.46,3.2,3.31,4300
HMH,2012-05-29,3.46,3.46,3.22,3.29,3900
HMH,2012-05-30,3.44,3.44,3.22,3.24,5800
HMH,2012-05-31,3.22,3.26,3.2,3.2,3200
HMH,2012-06-01,3.2,3.2,3.18,3.2,3300
HMH,2012-06-04,3.41,3.41,3.2,3.2,10100
HMH,2012-06-05,3.2,3.24,3.2,3.24,7100
HMH,2012-06-06,3.33,3.33,3.33,3.33,100
HMH,2012-06-07,3.33,3.35,3.33,3.35,3700
HMH,2012-06-08,3.33,3.33,3.31,3.33,1900
HMH,2012-06-11,3.39,3.39,3.39,3.39,100
HMH,2012-06-12,3.44,3.44,3.24,3.29,4800
HMH,2012-06-13,3.37,3.37,3.2,3.35,2600
HMH,2012-06-14,3.16,3.29,3.16,3.29,3400
HMH,2012-06-15,3.39,3.39,3.35,3.35,200
HMH,2012-06-18,3.39,3.39,3.16,3.31,3900
HMH,2012-06-19,3.39,3.39,3.22,3.31,4400
HMH,2012-06-20,3.37,3.37,3.37,3.37,100
HMH,2012-06-21,3.44,3.44,3.44,3.44,100
HMH,2012-06-22,3.2,3.2,3.2,3.2,1000
HMH,2012-06-25,3.31,3.31,3.09,3.09,15000
HMH,2012-06-26,3.29,3.29,3.09,3.29,12000
HMH,2012-06-27,3.37,3.37,3.16,3.29,3600
HMH,2012-06-28,3.5,3.5,3.2,3.29,2200
HMH,2012-06-29,3.35,3.35,3.35,3.35,100
HMH,2012-07-02,3.39,3.39,3.39,3.39,100
HMH,2012-07-03,3.18,3.29,3.18,3.29,9300
HMH,2012-07-04,3.41,3.41,3.41,3.41,100
HMH,2012-07-05,3.2,3.22,3.2,3.22,22000
HMH,2012-07-06,3.39,3.39,3.39,3.39,100
HMH,2012-07-09,3.63,3.63,3.63,3.63,100
HMH,2012-07-10,3.63,3.63,3.63,3.63,0
HMH,2012-07-11,3.39,3.39,3.39,3.39,100
HMH,2012-07-12,3.22,3.37,3.22,3.37,4600
HMH,2012-07-13,3.46,3.46,3.2,3.39,3200
HMH,2012-07-16,3.44,3.44,3.2,3.37,1200
HMH,2012-07-17,3.37,3.37,3.37,3.37,0
HMH,2012-07-18,3.39,3.39,3.2,3.35,700
HMH,2012-07-19,3.39,3.39,3.2,3.35,2300
HMH,2012-07-20,3.39,3.39,3.33,3.35,1200
HMH,2012-07-23,3.41,3.41,3.2,3.35,3000
HMH,2012-07-24,3.2,3.35,3.2,3.35,700
HMH,2012-07-25,3.33,3.56,3.33,3.44,19000
HMH,2012-07-26,3.52,3.52,3.46,3.48,10200
HMH,2012-07-27,3.41,3.46,3.41,3.46,3600
HMH,2012-07-30,3.52,3.52,3.41,3.46,2000
HMH,2012-07-31,3.44,3.46,3.41,3.41,11200
HMH,2012-08-01,3.48,3.48,3.35,3.39,3600
HMH,2012-08-02,3.37,3.41,3.37,3.41,2000
HMH,2012-08-03,3.41,3.41,3.41,3.41,200
HMH,2012-08-06,3.61,3.61,3.41,3.52,41200
HMH,2012-08-07,3.5,3.56,3.5,3.56,21400
HMH,2012-08-08,3.56,3.56,3.41,3.56,5700
HMH,2012-08-09,3.63,3.63,3.52,3.56,7000
HMH,2012-08-10,3.58,3.69,3.58,3.63,40400
HMH,2012-08-13,3.76,3.76,3.63,3.65,12100
HMH,2012-08-14,3.69,3.73,3.69,3.73,14700
HMH,2012-08-15,3.69,3.76,3.69,3.76,12400
HMH,2012-08-16,3.8,3.84,3.76,3.84,19800
HMH,2012-08-17,3.93,3.93,3.82,3.84,7100
HMH,2012-08-20,3.93,4.01,3.93,4.01,7700
HMH,2012-08-21,4.1,4.1,3.93,3.99,43100
HMH,2012-08-22,4.03,4.03,3.88,3.9,9100
HMH,2012-08-23,3.86,3.9,3.65,3.69,45300
HMH,2012-08-24,3.8,4.01,3.78,4.01,29100
HMH,2012-08-27,4.29,4.29,4.01,4.01,19600
HMH,2012-08-28,4.01,4.01,3.97,3.97,8500
HMH,2012-08-29,3.99,4.05,3.9,3.97,74300
HMH,2012-08-30,4.14,4.14,3.97,3.97,24300
HMH,2012-08-31,4.01,4.13,4.01,4.1,43500
HMH,2012-09-04,4.36,4.36,4.36,4.36,100
HMH,2012-09-05,4.51,4.51,4.51,4.51,100
HMH,2012-09-06,4.65,4.65,4.21,4.21,4800
HMH,2012-09-07,4.3,4.3,4.1,4.1,4300
HMH,2012-09-10,3.89,3.98,3.83,3.98,10700
HMH,2012-09-11,3.8,3.95,3.8,3.95,4100
HMH,2012-09-12,4.07,4.07,3.8,3.8,600
HMH,2012-09-13,3.8,3.98,3.8,3.98,400
HMH,2012-09-14,3.72,4.01,3.72,4.01,2000
HMH,2012-09-17,4.27,4.27,4.27,4.27,100
HMH,2012-09-18,3.98,4.1,3.98,4.1,800
HMH,2012-09-19,4.33,4.33,4.33,4.33,100
HMH,2012-09-20,4.04,4.04,4.04,4.04,1100
HMH,2012-09-21,4.21,4.21,4.21,4.21,100
HMH,2012-09-24,4.07,4.07,4.07,4.07,200
HMH,2012-09-25,4.1,4.1,4.07,4.07,5400
HMH,2012-09-26,4.07,4.07,4.07,4.07,0
HMH,2012-09-27,3.83,4.01,3.8,4.01,4300
HMH,2012-09-28,3.92,3.92,3.92,3.92,100
HMH,2012-10-01,3.92,3.92,3.92,3.92,0
HMH,2012-10-02,3.92,3.95,3.92,3.95,6100
HMH,2012-10-03,3.8,3.95,3.8,3.95,3100
HMH,2012-10-04,4.18,4.18,4.18,4.18,100
HMH,2012-10-05,4.18,4.18,4.18,4.18,0
HMH,2012-10-08,4.18,4.18,4.18,4.18,0
HMH,2012-10-09,3.95,4.04,3.89,3.89,2700
HMH,2012-10-10,3.89,3.89,3.89,3.89,0
HMH,2012-10-11,3.98,3.98,3.89,3.89,1500
HMH,2012-10-12,3.63,3.95,3.63,3.95,2500
HMH,2012-10-15,3.8,3.92,3.8,3.8,1300
HMH,2012-10-16,3.8,3.92,3.8,3.92,1200
HMH,2012-10-17,4.07,4.07,3.66,3.92,3200
HMH,2012-10-18,4.04,4.04,4.04,4.04,100
HMH,2012-10-19,4.18,4.18,3.92,3.92,1100
HMH,2012-10-22,4.04,4.04,3.86,3.86,1100
HMH,2012-10-23,4.01,4.01,4.01,4.01,100
HMH,2012-10-24,4.04,4.04,3.89,4.01,1200
HMH,2012-10-25,3.8,4.01,3.8,4.01,3600
HMH,2012-10-26,3.95,3.95,3.89,3.89,1300
HMH,2012-10-29,3.89,3.89,3.89,3.89,0
HMH,2012-10-30,4.16,4.16,4.16,4.16,100
HMH,2012-10-31,3.89,3.89,3.89,3.89,1500
HMH,2012-11-01,3.83,3.83,3.69,3.69,1700
HMH,2012-11-02,3.92,3.92,3.92,3.92,100
HMH,2012-11-05,3.66,3.89,3.66,3.89,3700
HMH,2012-11-06,4.07,4.07,4.07,4.07,100
HMH,2012-11-07,3.8,3.8,3.8,3.8,100
HMH,2012-11-08,3.66,3.98,3.66,3.98,1400
HMH,2012-11-09,3.98,3.98,3.98,3.98,0
HMH,2012-11-12,3.98,3.98,3.63,3.92,1400
HMH,2012-11-13,3.78,3.78,3.42,3.42,1200
HMH,2012-11-14,3.69,3.69,3.51,3.69,1200
HMH,2012-11-15,3.89,3.89,3.54,3.75,1200
HMH,2012-11-16,3.66,3.75,3.66,3.66,900
HMH,2012-11-19,3.83,3.83,3.51,3.51,300
HMH,2012-11-20,3.45,3.66,3.45,3.66,1100
HMH,2012-11-21,3.72,3.75,3.72,3.75,200
HMH,2012-11-22,3.83,3.83,3.83,3.83,100
HMH,2012-11-23,3.83,3.83,3.83,3.83,0
HMH,2012-11-26,3.8,3.8,3.8,3.8,100
HMH,2012-11-27,3.8,3.8,3.8,3.8,0
HMH,2012-11-28,3.8,3.8,3.8,3.8,0
HMH,2012-11-29,3.54,3.78,3.54,3.78,500
HMH,2012-11-30,3.78,3.78,3.78,3.78,0
HMH,2012-12-03,3.54,3.78,3.51,3.78,1600
HMH,2012-12-04,3.69,3.69,3.69,3.69,3300
HMH,2012-12-05,3.78,3.78,3.57,3.6,6200
HMH,2012-12-06,3.78,3.78,3.57,3.6,11000
HMH,2012-12-07,3.75,3.75,3.75,3.75,100
HMH,2012-12-10,3.66,3.86,3.66,3.86,5600
HMH,2012-12-11,3.92,3.92,3.78,3.83,700
HMH,2012-12-12,3.92,3.92,3.92,3.92,100
HMH,2012-12-13,3.95,4.07,3.66,3.98,6300
HMH,2012-12-14,4.07,4.07,4.07,4.07,100
HMH,2012-12-17,3.83,3.92,3.83,3.92,500
HMH,2012-12-18,4.16,4.16,3.65,3.95,3200
HMH,2012-12-19,4.16,4.16,3.83,4.01,700
HMH,2012-12-20,3.98,3.98,3.83,3.83,3900
HMH,2012-12-21,3.86,3.89,3.83,3.83,2900
HMH,2012-12-24,4.04,4.04,3.8,3.8,1600
HMH,2012-12-25,3.98,3.98,3.74,3.83,17300
HMH,2012-12-26,3.98,3.98,3.77,3.89,6400
HMH,2012-12-27,3.8,3.86,3.8,3.86,2800
HMH,2012-12-28,4.01,4.01,3.83,4.01,9100
HMH,2013-01-02,4.04,4.04,3.86,3.89,11600
HMH,2013-01-03,4.1,4.1,3.89,4.04,47200
HMH,2013-01-04,4.25,4.25,4.22,4.22,1100
HMH,2013-01-07,4.25,4.28,4.22,4.28,9300
HMH,2013-01-08,4.31,4.31,4.19,4.28,2200
HMH,2013-01-09,4.28,4.28,4.19,4.19,6000
HMH,2013-01-10,4.28,4.28,4.19,4.19,1400
HMH,2013-01-11,4.46,4.46,4.04,4.19,5700
HMH,2013-01-14,4.46,4.46,4.19,4.19,1100
HMH,2013-01-15,4.43,4.43,3.95,4.19,26100
HMH,2013-01-16,4.43,4.43,3.98,4.19,1300
HMH,2013-01-17,4.16,4.16,4.13,4.13,6500
HMH,2013-01-18,4.31,4.31,4.04,4.16,1300
HMH,2013-01-21,4.22,4.22,3.92,4.13,3400
HMH,2013-01-22,4.07,4.1,3.92,4.1,11400
HMH,2013-01-23,4.46,4.46,3.95,4.1,2300
HMH,2013-01-24,4.43,4.43,4.04,4.16,4200
HMH,2013-01-25,4.34,4.34,4.04,4.13,2200
HMH,2013-01-28,4.4,4.4,4.1,4.22,15200
HMH,2013-01-29,4.31,4.31,3.98,3.98,15900
HMH,2013-01-30,4.28,4.28,3.95,4.13,4400
HMH,2013-01-31,4.46,4.46,4.46,4.46,100
HMH,2013-02-01,4.07,4.16,4.04,4.13,17600
HMH,2013-02-04,4.13,4.13,3.98,4.07,1000
HMH,2013-02-05,4.19,4.19,3.95,4.16,12800
HMH,2013-02-06,4.25,4.25,4.04,4.13,5000
HMH,2013-02-07,4.19,4.19,4.1,4.13,8200
HMH,2013-02-08,4.34,4.34,3.98,4.28,800
HMH,2013-02-18,4.4,4.4,4.19,4.19,5600
HMH,2013-02-19,4.31,4.31,4.19,4.19,10100
HMH,2013-02-20,4.01,4.19,4.01,4.19,3100
HMH,2013-02-21,4.19,4.49,4.04,4.19,2800
HMH,2013-02-22,4.04,4.13,4.04,4.1,3700
HMH,2013-02-25,4.28,4.28,3.95,4.16,16400
HMH,2013-02-26,4.22,4.22,4.04,4.13,22700
HMH,2013-02-27,4.13,4.22,4.1,4.19,26600
HMH,2013-02-28,4.4,4.4,4.19,4.19,2500
HMH,2013-03-01,4.19,4.19,4.16,4.19,24400
HMH,2013-03-04,4.22,4.28,4.19,4.22,61900
HMH,2013-03-05,4.22,4.43,4.22,4.43,36900
HMH,2013-03-06,4.4,4.46,4.4,4.46,10900
HMH,2013-03-07,4.43,4.49,4.43,4.46,15100
HMH,2013-03-08,4.85,4.85,4.85,4.85,100
HMH,2013-03-11,4.67,4.88,4.67,4.85,24800
HMH,2013-03-12,4.91,4.91,4.64,4.64,4900
HMH,2013-03-13,4.85,4.85,4.85,4.85,100
HMH,2013-03-14,4.73,4.73,4.73,4.73,1000
HMH,2013-03-15,4.73,4.76,4.49,4.76,800
HMH,2013-03-18,4.76,4.76,4.19,4.67,2300
HMH,2013-03-19,4.91,4.91,4.28,4.64,5100
HMH,2013-03-20,4.76,4.76,4.64,4.64,500
HMH,2013-03-21,4.7,4.7,4.25,4.31,4200
HMH,2013-03-22,4.61,4.61,4.4,4.4,1900
HMH,2013-03-25,4.79,4.79,4.49,4.61,17900
HMH,2013-03-26,4.94,4.94,4.52,4.58,2400
HMH,2013-03-27,4.76,4.76,4.61,4.76,13300
HMH,2013-03-28,4.67,4.67,4.55,4.55,10500
HMH,2013-03-29,4.7,4.7,4.13,4.61,6500
HMH,2013-04-01,4.61,4.7,4.61,4.67,18700
HMH,2013-04-02,4.76,4.94,4.34,4.79,46900
HMH,2013-04-03,5.15,5.15,4.79,4.85,11800
HMH,2013-04-04,4.91,4.91,4.64,4.79,1200
HMH,2013-04-05,4.85,5.06,4.79,4.79,13000
HMH,2013-04-08,5.0,5.0,4.79,4.88,1500
HMH,2013-04-09,5.0,5.0,4.79,4.79,8600
HMH,2013-04-10,4.79,4.85,4.79,4.79,16600
HMH,2013-04-11,4.91,4.91,4.76,4.79,9000
HMH,2013-04-12,4.91,4.91,4.73,4.73,9100
HMH,2013-04-15,4.91,4.91,4.49,4.64,5900
HMH,2013-04-16,5.06,5.06,4.61,4.7,8400
HMH,2013-04-17,4.76,4.79,4.73,4.73,19300
HMH,2013-04-18,4.7,4.73,4.7,4.7,16600
HMH,2013-04-22,4.88,4.88,4.67,4.73,15100
HMH,2013-04-23,4.73,4.73,4.73,4.73,2000
HMH,2013-04-24,4.67,4.67,4.64,4.64,8100
HMH,2013-04-25,4.67,4.67,4.64,4.64,1300
HMH,2013-04-26,4.76,4.76,4.64,4.67,2000
HMH,2013-05-02,4.79,4.79,4.49,4.55,4700
HMH,2013-05-03,4.43,4.73,4.43,4.73,4700
HMH,2013-05-06,4.82,4.82,4.64,4.76,11800
HMH,2013-05-07,4.91,4.91,4.76,4.76,3100
HMH,2013-05-08,4.91,4.91,4.67,4.67,3100
HMH,2013-05-09,4.64,4.79,4.64,4.79,3800
HMH,2013-05-10,4.67,4.67,4.67,4.67,800
HMH,2013-05-13,4.64,4.64,4.54,4.54,4500
HMH,2013-05-14,4.64,4.64,4.64,4.64,100
HMH,2013-05-15,4.76,4.76,4.6,4.6,10900
HMH,2013-05-16,4.76,4.76,4.54,4.54,14800
HMH,2013-05-17,4.76,4.76,4.76,4.76,100
HMH,2013-05-20,4.91,4.91,4.64,4.76,7800
HMH,2013-05-21,4.7,4.76,4.7,4.76,10600
HMH,2013-05-22,4.76,4.76,4.76,4.76,2400
HMH,2013-05-23,4.7,4.76,4.67,4.76,5300
HMH,2013-05-24,4.67,4.67,4.67,4.76,3100
HMH,2013-05-27,4.76,4.79,4.67,4.67,22800
HMH,2013-05-28,4.76,4.76,4.67,4.76,2900
HMH,2013-05-29,4.76,4.76,4.73,4.76,4400
HMH,2013-05-30,4.7,4.73,4.64,4.73,17100
HMH,2013-05-31,4.76,4.79,4.76,4.76,8900
HMH,2013-06-03,5.07,5.07,4.73,4.73,1100
HMH,2013-06-04,4.73,4.76,4.73,4.76,2600
HMH,2013-06-05,4.7,4.76,4.7,4.76,8100
HMH,2013-06-06,5.04,5.04,4.73,4.76,16200
HMH,2013-06-07,5.04,5.04,4.73,4.79,5300
HMH,2013-06-10,5.16,5.16,4.7,4.79,2100
HMH,2013-06-11,5.04,5.04,4.76,4.79,18000
HMH,2013-06-12,5.01,5.01,4.76,4.79,11300
HMH,2013-06-13,4.79,4.88,4.79,4.82,26000
HMH,2013-06-14,4.82,4.85,4.79,4.79,28100
HMH,2013-06-17,5.1,5.1,4.76,4.76,32000
HMH,2013-06-18,5.01,5.01,4.79,4.79,10000
HMH,2013-06-19,4.98,4.98,4.82,4.82,7600
HMH,2013-06-20,4.94,4.94,4.88,4.88,2100
HMH,2013-06-21,4.88,4.88,4.88,4.88,0
HMH,2013-06-24,4.94,4.94,4.82,4.88,7300
HMH,2013-06-25,4.88,4.88,4.57,4.57,4200
HMH,2013-06-26,4.64,4.79,4.64,4.79,3600
HMH,2013-06-27,4.85,4.85,4.85,4.85,1000
HMH,2013-06-28,4.76,4.76,4.76,4.76,1000
HMH,2013-07-01,4.91,4.91,4.82,4.91,13300
HMH,2013-07-02,4.91,4.91,4.91,4.91,0
HMH,2013-07-03,4.91,4.94,4.91,4.94,25800
HMH,2013-07-04,5.07,5.07,4.88,4.98,13200
HMH,2013-07-05,5.41,5.41,4.98,4.98,4300
HMH,2013-07-08,5.35,5.35,4.88,5.22,6300
HMH,2013-07-09,5.22,5.22,5.22,5.22,0
HMH,2013-07-10,5.32,5.32,4.88,4.88,3100
HMH,2013-07-11,5.35,5.35,5.22,5.25,500
HMH,2013-07-12,4.94,5.1,4.73,4.73,5400
HMH,2013-07-15,5.35,5.35,4.94,5.07,6300
HMH,2013-07-16,5.07,5.07,5.07,5.07,0
HMH,2013-07-17,5.5,5.5,5.01,5.01,1100
HMH,2013-07-18,5.22,5.22,4.98,5.04,3200
HMH,2013-07-19,5.22,5.22,5.04,5.04,3900
HMH,2013-07-22,5.44,5.44,4.98,5.16,1200
HMH,2013-07-23,5.66,5.66,5.66,5.66,100
HMH,2013-07-24,5.1,5.1,5.1,5.1,3200
HMH,2013-07-25,5.56,5.56,4.98,5.19,7300
HMH,2013-07-26,5.22,5.22,4.82,5.22,31600
HMH,2013-07-29,5.66,5.66,4.76,5.07,1500
HMH,2013-07-30,4.94,4.94,4.88,4.94,3500
HMH,2013-07-31,4.94,5.1,4.94,5.1,4900
HMH,2013-08-01,4.94,4.94,4.94,4.94,12000
HMH,2013-08-02,4.94,5.1,4.94,5.1,10900
HMH,2013-08-05,4.94,4.98,4.94,4.98,2013
HMH,2013-08-06,5.01,5.04,5.01,5.04,5200
HMH,2013-08-07,5.1,5.25,5.1,5.25,19500
HMH,2013-08-08,5.75,5.75,5.04,5.25,2500
HMH,2013-08-09,5.25,5.25,5.25,5.25,0
HMH,2013-08-12,5.04,5.07,5.04,5.07,1782
HMH,2013-08-13,5.04,5.13,5.04,5.1,5100
HMH,2013-08-14,5.04,5.1,5.04,5.1,2800
HMH,2013-08-15,5.13,5.13,5.1,5.13,2620
HMH,2013-08-16,5.13,5.13,5.1,5.1,10831
HMH,2013-08-19,5.19,5.19,5.16,5.19,5480
HMH,2013-08-20,5.19,5.19,5.19,5.19,2800
HMH,2013-08-21,5.19,5.25,5.19,5.25,14864
HMH,2013-08-22,5.32,5.32,5.19,5.19,400
HMH,2013-08-23,5.19,5.19,5.19,5.19,8200
HMH,2013-08-26,5.19,5.19,5.19,5.19,14011
HMH,2013-08-27,5.16,5.19,5.16,5.19,15600
HMH,2013-08-28,5.48,5.48,5.19,5.22,7100
HMH,2013-08-29,5.22,5.22,5.22,5.22,11500
HMH,2013-08-30,5.16,5.52,5.16,5.19,2100
HMH,2013-09-03,5.19,5.19,5.19,5.19,0
HMH,2013-09-04,5.68,5.68,5.13,5.13,8200
HMH,2013-09-05,5.13,5.13,5.13,5.13,0
HMH,2013-09-06,5.13,5.13,5.1,5.1,12000
HMH,2013-09-09,5.1,5.1,4.87,5.06,400
HMH,2013-09-10,5.48,5.48,4.97,5.13,1364
HMH,2013-09-11,5.58,5.58,5.13,5.13,1100
HMH,2013-09-12,5.48,5.48,5.13,5.13,1400
HMH,2013-09-13,5.06,5.06,5.0,5.0,5700
HMH,2013-09-16,5.16,5.16,4.67,4.67,7200
HMH,2013-09-17,5.13,5.13,5.13,5.13,421
HMH,2013-09-18,5.45,5.45,5.1,5.1,200
HMH,2013-09-19,4.87,4.9,4.84,4.9,5095
HMH,2013-09-20,5.16,5.16,4.87,5.03,2400
HMH,2013-09-23,5.0,5.16,4.87,5.16,8300
HMH,2013-09-24,5.42,5.42,5.03,5.13,5200
HMH,2013-09-25,5.13,5.13,5.06,5.06,5600
HMH,2013-09-26,5.16,5.16,5.16,5.16,163
HMH,2013-09-27,5.03,5.13,5.0,5.13,1200
HMH,2013-09-30,5.42,5.42,5.06,5.06,6500
HMH,2013-10-01,5.35,5.35,5.0,5.06,7500
HMH,2013-10-02,5.32,5.32,4.87,5.13,14300
HMH,2013-10-03,5.55,5.55,5.16,5.16,5200
HMH,2013-10-04,5.16,5.16,4.97,5.13,7600
HMH,2013-10-07,5.55,5.55,5.19,5.19,600
HMH,2013-10-08,5.19,5.19,5.1,5.19,3242
HMH,2013-10-09,5.32,5.32,5.26,5.26,3000
HMH,2013-10-10,5.29,5.45,5.26,5.42,33100
HMH,2013-10-11,5.45,5.45,5.26,5.26,8300
HMH,2013-10-14,5.42,5.42,5.26,5.26,12500
HMH,2013-10-15,5.42,5.42,5.29,5.35,7900
HMH,2013-10-16,5.35,5.35,5.35,5.35,21600
HMH,2013-10-17,5.35,5.42,5.35,5.39,32800
HMH,2013-10-18,5.35,5.39,5.35,5.39,13000
HMH,2013-10-21,5.42,5.42,5.39,5.39,9400
HMH,2013-10-22,5.35,5.39,5.35,5.39,19000
HMH,2013-10-23,5.39,5.39,5.19,5.29,51099
HMH,2013-10-24,5.29,5.32,5.26,5.29,25400
HMH,2013-10-25,5.29,5.29,5.22,5.29,12744
HMH,2013-10-28,5.29,5.29,5.22,5.29,10500
HMH,2013-10-29,5.29,5.29,5.29,5.29,700
HMH,2013-10-30,5.29,5.29,5.26,5.29,2843
HMH,2013-10-31,5.61,5.61,5.26,5.29,6600
HMH,2013-11-01,5.26,5.42,5.26,5.42,13500
HMH,2013-11-04,5.48,5.68,5.42,5.58,38183
HMH,2013-11-05,5.55,5.87,5.55,5.71,100343
HMH,2013-11-06,5.81,6.04,5.68,6.04,129700
HMH,2013-11-07,6.0,6.36,5.97,6.3,161100
HMH,2013-11-08,6.3,6.33,6.0,6.33,60000
HMH,2013-11-11,6.52,6.52,6.1,6.36,72808
HMH,2013-11-12,6.33,6.39,6.04,6.04,63600
HMH,2013-11-13,5.94,6.04,5.58,5.58,19700
HMH,2013-11-14,5.81,5.97,5.74,5.97,30400
HMH,2013-11-15,6.1,6.1,5.84,6.04,20700
HMH,2013-11-18,5.84,6.0,5.74,6.0,57300
HMH,2013-11-19,5.91,5.94,5.81,5.94,29900
HMH,2013-11-20,5.94,5.97,5.84,5.84,198200
HMH,2013-11-21,5.87,5.87,5.84,5.84,36500
HMH,2013-11-22,5.84,5.84,5.78,5.84,40300
HMH,2013-11-25,5.94,5.94,5.84,5.94,9000
HMH,2013-11-26,5.84,5.94,5.84,5.94,10100
HMH,2013-11-27,5.91,5.91,5.84,5.91,13600
HMH,2013-11-28,5.87,5.91,5.84,5.91,4900
HMH,2013-11-29,5.87,5.87,5.84,5.84,60100
HMH,2013-12-02,5.87,5.87,5.81,5.84,21700
HMH,2013-12-03,5.84,5.84,5.81,5.84,24900
HMH,2013-12-04,5.81,5.84,5.81,5.81,49130
HMH,2013-12-05,6.0,6.0,5.81,5.81,17900
HMH,2013-12-06,5.84,5.84,5.78,5.81,29500
HMH,2013-12-09,5.97,5.97,5.81,5.87,70900
HMH,2013-12-10,5.87,5.94,5.81,5.94,40700
HMH,2013-12-11,5.94,5.94,5.81,5.91,23000
HMH,2013-12-12,5.81,5.84,5.74,5.84,22389
HMH,2013-12-13,5.97,5.97,5.81,5.81,10600
HMH,2013-12-16,5.78,5.78,5.74,5.74,36207
HMH,2013-12-17,5.84,5.84,5.78,5.81,2689
HMH,2013-12-18,5.81,5.84,5.78,5.84,10700
HMH,2013-12-19,5.81,5.94,5.78,5.91,42200
HMH,2013-12-20,6.0,6.0,5.84,5.97,6600
HMH,2013-12-23,5.87,5.97,5.84,5.97,9100
HMH,2013-12-24,5.91,6.0,5.87,6.0,18100
HMH,2013-12-25,6.0,6.0,5.91,5.97,22400
HMH,2013-12-26,6.04,6.07,6.0,6.04,64518
HMH,2013-12-27,6.04,6.04,6.0,6.0,18900
HMH,2013-12-30,6.04,6.07,5.97,6.0,33000
HMH,2013-12-31,6.0,6.1,6.0,6.1,17162
HMH,2014-01-02,6.1,6.33,6.1,6.33,5200
HMH,2014-01-03,6.19,6.29,6.19,6.29,12900
HMH,2014-01-06,6.29,6.4,6.29,6.33,34400
HMH,2014-01-07,6.33,6.4,6.33,6.33,12400
HMH,2014-01-08,6.33,6.46,6.33,6.43,39228
HMH,2014-01-09,6.46,6.5,6.4,6.46,27100
HMH,2014-01-10,6.5,6.67,6.46,6.63,80700
HMH,2014-01-13,6.63,6.7,6.6,6.67,51900
HMH,2014-01-14,6.7,6.7,6.67,6.7,35300
HMH,2014-01-15,6.7,6.87,6.7,6.81,43300
HMH,2014-01-16,6.81,6.81,6.7,6.81,16828
HMH,2014-01-17,6.81,6.84,6.81,6.81,20500
HMH,2014-01-20,6.87,6.91,6.87,6.91,4000
HMH,2014-01-21,6.91,6.91,6.81,6.81,17600
HMH,2014-01-22,6.84,6.94,6.81,6.81,28600
HMH,2014-01-23,6.84,7.45,6.81,7.38,34300
HMH,2014-01-24,7.79,7.79,7.32,7.59,2900
HMH,2014-01-27,7.89,7.89,7.66,7.69,23500
HMH,2014-02-06,7.69,7.72,7.49,7.72,30900
HMH,2014-02-07,7.83,8.17,7.83,8.0,36762
HMH,2014-02-10,7.86,8.06,7.86,8.06,15100
HMH,2014-02-11,8.0,8.06,7.89,8.0,39540
HMH,2014-02-12,8.0,8.0,7.76,7.83,48920
HMH,2014-02-13,7.83,7.96,7.66,7.83,66500
HMH,2014-02-14,7.83,8.1,7.83,8.03,23300
HMH,2014-02-17,8.0,8.03,7.96,8.03,31000
HMH,2014-02-18,8.03,8.03,7.93,8.03,22549
HMH,2014-02-19,8.03,8.06,8.0,8.06,24220
HMH,2014-02-20,8.06,8.06,7.83,8.0,34933
HMH,2014-02-21,7.96,7.96,7.93,7.93,3200
HMH,2014-02-24,7.93,8.3,7.93,8.0,8600
HMH,2014-02-25,8.0,8.3,8.0,8.27,54648
HMH,2014-02-26,8.3,8.47,8.2,8.44,13400
HMH,2014-02-27,8.37,8.44,8.27,8.27,10520
HMH,2014-02-28,8.23,8.27,8.17,8.27,9820
HMH,2014-03-03,8.23,8.47,8.17,8.17,71000
HMH,2014-03-04,8.17,8.27,8.17,8.27,7800
HMH,2014-03-05,8.27,8.37,8.27,8.37,22100
HMH,2014-03-06,8.4,8.4,8.27,8.34,22400
HMH,2014-03-07,8.34,8.44,8.34,8.4,28100
HMH,2014-03-10,8.47,8.47,8.3,8.4,7900
HMH,2014-03-11,8.34,8.34,8.27,8.34,15700
HMH,2014-03-12,8.3,8.34,8.2,8.2,28240
HMH,2014-03-13,8.44,8.44,8.23,8.23,2643
HMH,2014-03-14,8.4,8.4,8.17,8.17,21108
HMH,2014-03-17,8.44,8.44,8.17,8.27,37000
HMH,2014-03-18,8.44,8.44,8.17,8.27,8774
HMH,2014-03-19,8.27,8.3,8.17,8.3,22600
HMH,2014-03-20,8.23,8.23,8.17,8.17,41100
HMH,2014-03-21,8.2,8.2,8.1,8.13,40700
HMH,2014-03-24,8.17,8.17,8.03,8.1,49700
HMH,2014-03-25,8.06,8.06,8.0,8.06,24600
HMH,2014-03-26,8.27,8.27,7.83,7.93,51256
HMH,2014-03-27,8.1,8.1,8.03,8.03,2400
HMH,2014-03-28,7.93,8.0,7.93,8.0,5160
HMH,2014-03-31,8.0,8.1,7.83,7.83,2900
HMH,2014-04-01,7.83,7.83,7.76,7.79,10700
HMH,2014-04-02,7.66,7.83,7.59,7.83,5200
HMH,2014-04-03,7.66,7.83,7.52,7.83,2300
HMH,2014-04-04,7.79,7.79,7.79,7.79,2000
HMH,2014-04-07,7.59,7.72,7.59,7.72,10700
HMH,2014-04-08,7.59,7.66,7.59,7.66,3100
HMH,2014-04-10,7.72,7.72,7.66,7.66,2300
HMH,2014-04-11,7.83,8.17,7.83,8.06,5670
HMH,2014-04-14,7.72,7.83,7.69,7.69,23000
HMH,2014-04-15,7.49,7.72,7.49,7.72,8720
HMH,2014-04-16,7.66,7.66,7.25,7.66,4123
HMH,2014-04-17,7.66,7.66,7.66,7.66,0
HMH,2014-04-18,7.79,7.79,7.25,7.25,26260
HMH,2014-04-21,7.93,7.93,7.25,7.42,8500
HMH,2014-04-22,7.38,7.42,7.38,7.42,27200
HMH,2014-04-23,7.69,7.69,7.45,7.49,3700
HMH,2014-04-24,7.21,7.45,7.21,7.45,1600
HMH,2014-04-25,7.42,7.42,7.35,7.35,3000
HMH,2014-04-28,7.35,7.38,7.25,7.25,4600
HMH,2014-04-29,7.76,7.76,7.42,7.45,600
HMH,2014-05-05,7.38,7.38,6.98,7.28,24120
HMH,2014-05-06,7.15,7.15,6.7,6.84,11600
HMH,2014-05-07,7.49,7.52,7.01,7.52,145800
HMH,2014-05-08,7.86,7.86,6.77,6.84,30700
HMH,2014-05-09,7.49,7.52,7.15,7.42,24200
HMH,2014-05-12,7.15,7.15,6.7,6.7,57500
HMH,2014-05-13,6.67,6.77,6.46,6.74,27700
HMH,2014-05-14,6.7,6.91,6.46,6.46,23100
HMH,2014-05-15,6.5,6.57,6.29,6.43,40700
HMH,2014-05-16,6.57,6.63,6.57,6.63,3700
HMH,2014-05-19,6.94,6.94,6.46,6.74,12415
HMH,2014-05-20,6.63,6.67,6.46,6.67,13700
HMH,2014-05-21,6.67,6.74,6.53,6.74,12600
HMH,2014-05-22,6.7,6.7,6.67,6.67,28000
HMH,2014-05-23,6.63,6.77,6.63,6.77,2300
HMH,2014-05-26,6.77,6.77,6.77,6.77,100
HMH,2014-05-27,6.67,6.84,6.67,6.81,10000
HMH,2014-05-28,6.81,6.81,6.74,6.81,10500
HMH,2014-05-29,6.74,6.74,6.63,6.7,6200
HMH,2014-05-30,6.7,6.7,6.63,6.63,14800
HMH,2014-06-02,6.6,6.6,6.46,6.46,24700
HMH,2014-06-03,6.77,6.77,6.77,6.77,100
HMH,2014-06-04,6.53,6.7,6.46,6.7,5100
HMH,2014-06-05,6.53,6.63,6.53,6.63,9600
HMH,2014-06-06,6.63,6.63,6.6,6.63,9200
HMH,2014-06-09,6.63,6.63,6.57,6.63,11619
HMH,2014-06-10,6.63,6.63,6.6,6.6,8400
HMH,2014-06-11,6.77,6.77,6.6,6.67,2000
HMH,2014-06-12,6.63,6.7,6.63,6.7,9900
HMH,2014-06-13,6.6,6.77,6.6,6.74,7200
HMH,2014-06-16,6.77,6.77,6.7,6.7,200
HMH,2014-06-17,6.67,6.7,6.67,6.67,6500
HMH,2014-06-18,6.67,6.77,6.67,6.7,2176
HMH,2014-06-19,6.57,6.7,6.57,6.7,13200
HMH,2014-06-20,6.6,6.7,6.53,6.7,7000
HMH,2014-06-23,6.63,6.63,6.63,6.63,3000
HMH,2014-06-24,6.63,6.63,6.63,6.63,9000
HMH,2014-06-25,6.63,6.67,6.63,6.63,4100
HMH,2014-06-26,6.67,6.7,6.67,6.7,14024
HMH,2014-06-27,6.74,6.77,6.74,6.77,2600
HMH,2014-06-30,6.67,6.67,6.67,6.67,10400
HMH,2014-07-01,6.67,6.74,6.63,6.67,17400
HMH,2014-07-02,6.77,6.77,6.67,6.74,8200
HMH,2014-07-03,6.84,6.87,6.77,6.87,29000
HMH,2014-07-04,6.87,7.11,6.87,7.11,13500
HMH,2014-07-07,6.98,7.08,6.98,6.98,9280
HMH,2014-07-08,6.84,6.98,6.84,6.98,10500
HMH,2014-07-09,6.94,6.98,6.87,6.98,28700
HMH,2014-07-10,6.94,7.01,6.94,6.94,14730
HMH,2014-07-11,7.15,7.15,7.01,7.01,1200
HMH,2014-07-14,7.45,7.45,7.04,7.04,3600
HMH,2014-07-15,7.04,7.15,7.04,7.04,10800
HMH,2014-07-16,7.04,7.11,7.04,7.04,26300
HMH,2014-07-17,6.98,7.04,6.98,7.01,2900
HMH,2014-07-18,7.01,7.08,6.98,7.01,10200
HMH,2014-07-21,7.01,7.28,7.01,7.11,5700
HMH,2014-07-22,7.01,7.01,7.01,7.01,6600
HMH,2014-07-23,7.28,7.28,7.01,7.15,3500
HMH,2014-07-24,7.04,7.08,7.04,7.08,6011
HMH,2014-07-25,7.28,7.28,7.08,7.08,7220
HMH,2014-07-28,7.25,7.25,7.01,7.01,5600
HMH,2014-07-29,7.25,7.25,7.04,7.04,800
HMH,2014-07-30,7.04,7.21,6.98,7.21,28500
HMH,2014-07-31,7.21,7.35,7.21,7.35,24300
HMH,2014-08-01,7.35,7.35,7.32,7.32,10100
HMH,2014-08-04,7.55,8.03,7.55,8.03,88830
HMH,2014-08-05,8.51,8.81,8.51,8.81,217991
HMH,2014-08-06,9.46,9.66,8.81,8.85,132845
HMH,2014-08-07,8.85,9.02,8.68,9.02,26610
HMH,2014-08-08,9.02,9.02,8.81,8.95,63700
HMH,2014-08-11,8.78,8.91,8.74,8.74,64675
HMH,2014-08-12,8.44,9.02,8.44,8.85,109310
HMH,2014-08-13,9.06,9.06,8.85,9.02,44615
HMH,2014-08-14,8.85,9.09,8.81,8.85,34500
HMH,2014-08-15,9.09,9.09,8.74,8.78,53200
HMH,2014-08-18,8.85,8.85,8.63,8.67,41500
HMH,2014-08-19,8.67,8.81,8.56,8.81,8900
HMH,2014-08-20,8.81,8.81,8.78,8.81,19400
HMH,2014-08-21,8.81,8.81,8.74,8.81,20200
HMH,2014-08-22,8.81,8.81,8.67,8.71,19900
HMH,2014-08-25,8.71,8.71,8.6,8.67,13600
HMH,2014-08-26,8.6,8.78,8.56,8.63,30800
HMH,2014-08-27,9.06,9.06,8.6,8.6,17200
HMH,2014-08-28,8.6,8.6,8.56,8.56,56800
HMH,2014-08-29,8.6,8.63,8.56,8.56,42347
HMH,2014-09-03,8.56,8.78,8.56,8.74,21800
HMH,2014-09-04,8.78,8.78,8.67,8.67,15900
HMH,2014-09-05,9.09,9.09,7.86,8.63,12800
HMH,2014-09-08,8.63,9.2,8.49,9.09,121400
HMH,2014-09-09,9.09,9.09,8.6,8.85,21900
HMH,2014-09-10,8.49,8.78,8.49,8.78,16000
HMH,2014-09-11,8.53,8.74,8.49,8.71,37969
HMH,2014-09-12,8.56,8.85,8.53,8.56,21200
HMH,2014-09-15,8.56,8.74,8.56,8.67,40700
HMH,2014-09-16,8.67,8.74,8.6,8.74,30900
HMH,2014-09-17,8.99,8.99,8.67,8.71,24400
HMH,2014-09-18,8.95,8.95,8.67,8.67,200
HMH,2014-09-19,8.63,8.81,8.63,8.81,7000
HMH,2014-09-22,8.71,8.78,8.67,8.67,27200
HMH,2014-09-23,8.85,8.85,8.53,8.78,14900
HMH,2014-09-24,8.56,8.71,8.49,8.71,7400
HMH,2014-09-25,8.67,8.71,8.6,8.71,24500
HMH,2014-09-26,8.71,8.71,8.71,8.71,8200
HMH,2014-09-29,8.67,8.71,8.67,8.67,35000
HMH,2014-09-30,8.67,8.71,8.63,8.71,12000
HMH,2014-10-01,8.71,9.52,8.67,9.41,157000
HMH,2014-10-02,9.55,9.91,9.55,9.77,182534
HMH,2014-10-03,9.91,9.91,9.55,9.59,31420
HMH,2014-10-06,9.59,9.94,9.59,9.63,40800
HMH,2014-10-07,9.55,9.7,9.48,9.55,72200
HMH,2014-10-08,9.55,9.63,9.55,9.55,40200
HMH,2014-10-09,9.66,9.66,9.55,9.66,17500
HMH,2014-10-10,9.59,9.59,9.55,9.55,31580
HMH,2014-10-13,9.45,9.55,9.41,9.41,18300
HMH,2014-10-14,9.27,9.48,9.27,9.34,67220
HMH,2014-10-15,9.34,9.34,9.27,9.34,16400
HMH,2014-10-16,9.45,9.45,9.02,9.31,26200
HMH,2014-10-17,9.09,9.2,8.99,9.02,23100
HMH,2014-10-20,9.7,9.7,9.02,9.02,7700
HMH,2014-10-21,8.99,9.06,8.99,8.99,13014
HMH,2014-10-22,9.09,9.17,9.09,9.13,3000
HMH,2014-10-23,9.02,9.17,9.02,9.17,14500
HMH,2014-10-24,9.17,9.17,9.17,9.17,0
HMH,2014-10-27,8.99,8.99,8.99,8.99,200
HMH,2014-10-28,9.13,9.13,9.06,9.09,4100
HMH,2014-10-29,9.2,9.27,9.13,9.27,23800
HMH,2014-10-30,9.06,9.06,8.99,8.99,16100
HMH,2014-10-31,9.06,9.17,8.85,9.17,23534
HMH,2014-11-03,8.99,9.34,8.99,9.2,17300
HMH,2014-11-04,9.52,9.52,9.13,9.13,9900
HMH,2014-11-05,9.13,9.73,9.13,9.52,107166
HMH,2014-11-06,9.52,9.8,9.52,9.77,87800
HMH,2014-11-07,9.84,9.84,9.66,9.66,36100
HMH,2014-11-10,9.59,9.59,9.38,9.38,45100
HMH,2014-11-11,9.38,9.45,9.27,9.34,79700
HMH,2014-11-12,9.27,9.52,9.24,9.52,82800
HMH,2014-11-13,9.48,9.63,9.48,9.48,52695
HMH,2014-11-14,9.48,9.63,9.48,9.55,79105
HMH,2014-11-17,9.59,9.91,9.59,9.91,163300
HMH,2014-11-18,10.19,10.19,9.7,9.7,60300
HMH,2014-11-19,9.7,10.62,9.59,10.62,87300
HMH,2014-11-20,10.62,10.62,9.94,10.26,25996
HMH,2014-11-21,10.09,10.09,9.7,9.7,45700
HMH,2014-11-24,10.09,10.09,9.63,9.63,44404
HMH,2014-11-25,9.66,9.87,9.63,9.84,14700
HMH,2014-11-26,9.84,9.84,9.55,9.63,37900
HMH,2014-11-27,9.66,9.77,9.66,9.66,27400
HMH,2014-11-28,9.66,9.77,9.66,9.77,3300
HMH,2014-12-01,9.91,9.98,9.8,9.91,19600
HMH,2014-12-02,9.7,9.91,9.7,9.8,95300
HMH,2014-12-03,9.87,9.98,9.87,9.98,58300
HMH,2014-12-04,9.98,10.09,9.94,10.09,22100
HMH,2014-12-05,10.26,10.26,10.01,10.01,23900
HMH,2014-12-08,10.58,10.58,10.05,10.19,43500
HMH,2014-12-09,10.09,10.09,9.87,9.87,119100
HMH,2014-12-10,9.91,10.01,9.84,10.01,51500
HMH,2014-12-11,9.91,10.01,9.91,9.91,25200
HMH,2014-12-12,9.91,9.91,9.8,9.8,7200
HMH,2014-12-15,9.91,9.91,9.84,9.84,5200
HMH,2014-12-16,9.87,9.94,9.84,9.87,80100
HMH,2014-12-17,9.87,9.87,9.73,9.8,86800
HMH,2014-12-18,9.52,9.8,9.52,9.8,21840
HMH,2014-12-19,9.8,9.8,9.59,9.73,24000
HMH,2014-12-22,9.88,9.99,9.8,9.88,48900
HMH,2014-12-23,9.84,9.84,9.77,9.77,5000
HMH,2014-12-24,9.8,10.17,9.8,10.13,17158
HMH,2014-12-25,9.84,9.84,9.8,9.8,18400
HMH,2014-12-26,9.77,9.77,9.59,9.77,7600
HMH,2014-12-29,9.77,9.77,9.77,9.77,0
HMH,2014-12-30,9.44,9.77,9.44,9.77,11000
HMH,2014-12-31,9.73,9.77,9.73,9.73,7600
HMH,2015-01-05,9.77,9.77,9.73,9.73,2300
HMH,2015-01-06,9.7,9.73,9.62,9.73,3900
HMH,2015-01-07,9.66,10.53,9.62,9.62,32358
HMH,2015-01-08,9.62,9.62,9.62,9.62,2000
HMH,2015-01-09,9.8,9.8,9.51,9.66,4400
HMH,2015-01-12,9.59,9.59,9.33,9.44,24200
HMH,2015-01-13,9.55,9.62,9.55,9.62,17700
HMH,2015-01-14,9.77,9.77,9.77,9.77,200
HMH,2015-01-15,9.73,9.8,9.7,9.77,5500
HMH,2015-01-16,9.62,9.73,9.62,9.62,2600
HMH,2015-01-19,9.48,9.73,9.48,9.7,3400
HMH,2015-01-20,9.77,9.77,9.51,9.51,1300
HMH,2015-01-21,9.51,9.51,9.51,9.51,0
HMH,2015-01-22,9.77,9.77,9.62,9.62,300
HMH,2015-01-23,9.62,9.62,9.62,9.62,200
HMH,2015-01-26,9.66,9.77,9.62,9.62,3000
HMH,2015-01-27,9.84,9.84,9.48,9.62,5300
HMH,2015-01-28,9.62,9.62,9.44,9.44,6500
HMH,2015-01-29,9.48,9.62,9.33,9.62,8900
HMH,2015-01-30,9.77,9.77,9.62,9.62,300
HMH,2015-02-02,9.44,9.62,9.37,9.37,10700
HMH,2015-02-03,9.44,9.44,9.44,9.44,300
HMH,2015-02-04,9.44,9.44,9.44,9.44,0
HMH,2015-02-05,9.44,9.99,9.44,9.44,6300
HMH,2015-02-06,9.44,9.44,9.44,9.44,100
HMH,2015-02-09,9.44,9.44,9.44,9.44,0
HMH,2015-02-10,9.08,9.44,9.08,9.44,700
HMH,2015-02-11,9.44,9.59,9.44,9.59,2000
HMH,2015-02-12,9.59,9.8,9.44,9.59,7000
HMH,2015-02-13,9.73,9.73,9.44,9.44,11200
HMH,2015-02-24,9.44,9.44,9.44,9.44,0
HMH,2015-02-25,9.73,9.8,9.37,9.62,19800
HMH,2015-02-26,9.26,9.44,8.9,9.44,5100
HMH,2015-02-27,9.44,9.44,9.44,9.44,0
HMH,2015-03-02,9.44,9.44,9.26,9.26,400
HMH,2015-03-03,9.26,9.62,9.26,9.44,90900
HMH,2015-03-04,9.44,9.44,9.41,9.44,14600
HMH,2015-03-05,9.44,9.44,9.44,9.44,0
HMH,2015-03-06,9.44,9.44,9.41,9.41,33000
HMH,2015-03-09,9.26,9.41,9.26,9.41,500
HMH,2015-03-10,9.41,10.31,9.41,10.31,374210
HMH,2015-03-11,10.28,10.28,9.8,9.8,217500
HMH,2015-03-12,10.02,10.17,9.59,9.8,264690
HMH,2015-03-13,9.62,9.99,9.62,9.99,155600
HMH,2015-03-16,9.91,9.91,9.8,9.8,14500
HMH,2015-03-17,9.62,9.8,9.62,9.8,12600
HMH,2015-03-18,9.8,9.8,9.48,9.48,46200
HMH,2015-03-19,9.8,9.8,9.51,9.7,12300
HMH,2015-03-20,9.59,9.7,9.51,9.7,3400
HMH,2015-03-23,9.55,9.55,9.33,9.37,27000
HMH,2015-03-24,9.44,9.44,9.37,9.44,4100
HMH,2015-03-25,9.3,9.3,9.15,9.22,23100
HMH,2015-03-26,9.26,9.44,8.9,8.9,24740
HMH,2015-03-27,9.41,9.41,8.5,8.5,37207
HMH,2015-03-30,8.72,8.9,8.17,8.64,33940
HMH,2015-03-31,8.72,9.04,8.72,9.04,14500
HMH,2015-04-01,9.04,9.04,8.72,8.72,10000
HMH,2015-04-02,8.9,8.9,8.9,8.9,1200
HMH,2015-04-03,8.72,8.72,8.72,8.72,11300
HMH,2015-04-06,8.75,8.75,8.72,8.75,9900
HMH,2015-04-07,8.75,8.75,8.72,8.75,4100
HMH,2015-04-08,8.72,9.33,8.72,9.22,42700
HMH,2015-04-09,9.08,9.08,8.97,9.08,17400
HMH,2015-04-10,9.22,9.22,8.93,9.08,10210
HMH,2015-04-13,9.08,9.08,8.79,8.79,22300
HMH,2015-04-14,8.79,8.79,8.79,8.79,4200
HMH,2015-04-15,8.79,8.82,8.79,8.79,8600
HMH,2015-04-16,8.79,9.01,8.79,8.86,9200
HMH,2015-04-17,8.93,8.93,8.72,8.82,7500
HMH,2015-04-20,9.04,9.08,8.86,8.9,3300
HMH,2015-04-21,8.82,8.82,8.64,8.72,19287
HMH,2015-04-22,8.75,8.75,8.72,8.72,1800
HMH,2015-04-23,8.39,8.72,8.35,8.64,18700
HMH,2015-04-24,8.72,8.72,8.28,8.61,25300
HMH,2015-04-27,8.57,8.61,8.35,8.57,16800
HMH,2015-05-04,8.53,8.53,7.73,7.73,41830
HMH,2015-05-05,7.99,8.03,7.26,8.03,24900
HMH,2015-05-06,8.03,8.1,7.95,8.1,4400
HMH,2015-05-07,7.99,8.53,7.99,8.53,14600
HMH,2015-05-08,8.35,8.72,8.35,8.72,11300
HMH,2015-05-11,8.35,8.68,8.35,8.68,13440
HMH,2015-05-12,8.57,9.51,8.57,8.68,306000
HMH,2015-05-13,8.68,8.68,8.68,8.68,5045
HMH,2015-05-14,8.72,8.72,8.64,8.64,4100
HMH,2015-05-15,8.57,8.64,8.57,8.64,7400
HMH,2015-05-18,8.53,8.53,8.35,8.5,17800
HMH,2015-05-19,8.17,8.68,8.17,8.68,10035
HMH,2015-05-20,8.35,8.35,8.17,8.32,13100
HMH,2015-05-21,8.24,8.32,8.1,8.24,37800
HMH,2015-05-22,8.32,8.32,8.17,8.24,14503
HMH,2015-05-25,8.28,8.32,8.13,8.32,6700
HMH,2015-05-26,8.17,8.28,8.06,8.17,13500
HMH,2015-05-27,8.28,8.28,8.03,8.13,9689
HMH,2015-05-28,8.13,8.17,7.99,8.17,32300
HMH,2015-05-29,7.99,7.99,7.92,7.99,14600
HMH,2015-06-01,7.99,7.99,7.84,7.84,43800
HMH,2015-06-02,7.84,7.92,7.84,7.92,29400
HMH,2015-06-03,7.84,8.28,7.84,7.95,13100
HMH,2015-06-04,7.95,8.17,7.88,7.99,56400
HMH,2015-06-05,7.99,8.13,7.92,7.95,25100
HMH,2015-06-08,7.95,8.06,7.95,8.06,25400
HMH,2015-06-09,8.17,8.21,7.95,7.95,12300
HMH,2015-06-10,7.95,8.06,7.95,8.03,3000
HMH,2015-06-11,8.24,8.24,8.17,8.17,900
HMH,2015-06-12,8.06,8.21,8.03,8.17,5511
HMH,2015-06-15,8.17,8.17,7.95,8.17,28700
HMH,2015-06-16,8.1,8.13,7.95,8.13,19800
HMH,2015-06-17,7.95,8.06,7.92,8.06,8200
HMH,2015-06-18,8.06,8.06,7.92,8.06,5000
HMH,2015-06-19,7.99,8.06,7.95,8.03,19500
HMH,2015-06-22,7.95,8.03,7.95,8.03,9900
HMH,2015-06-23,7.95,8.06,7.95,7.99,15400
HMH,2015-06-24,7.95,7.99,7.92,7.95,5300
HMH,2015-06-25,7.99,8.21,7.99,8.13,39600
HMH,2015-06-26,8.13,8.13,8.06,8.1,1700
HMH,2015-06-29,8.03,8.13,7.99,8.1,11200
HMH,2015-06-30,7.95,7.95,7.92,7.92,18900
HMH,2015-07-01,8.03,8.03,8.03,8.03,100
HMH,2015-07-02,7.88,8.03,7.88,8.03,300
HMH,2015-07-03,7.99,7.99,7.99,7.99,10900
HMH,2015-07-06,7.63,7.99,7.63,7.99,8400
HMH,2015-07-07,7.95,7.95,7.95,7.95,2300
HMH,2015-07-08,7.92,7.92,7.92,7.92,9100
HMH,2015-07-09,7.81,7.92,7.81,7.92,3300
HMH,2015-07-10,7.95,7.95,7.88,7.88,600
HMH,2015-07-13,7.88,7.95,7.84,7.95,3400
HMH,2015-07-14,7.84,7.84,7.77,7.84,11700
HMH,2015-07-15,7.88,7.88,7.88,7.88,100
HMH,2015-07-16,7.81,7.88,7.81,7.88,7700
HMH,2015-07-17,7.84,7.88,7.81,7.88,5000
HMH,2015-07-20,7.81,7.88,7.77,7.88,7500
HMH,2015-07-21,7.88,7.92,7.81,7.88,14900
HMH,2015-07-22,7.88,7.92,7.81,7.92,4400
HMH,2015-07-23,7.92,8.28,7.92,8.13,27400
HMH,2015-07-24,8.17,8.17,8.13,8.13,6700
HMH,2015-07-27,8.13,8.13,7.92,8.13,16500
HMH,2015-07-28,8.06,8.1,7.66,7.66,9500
HMH,2015-07-29,7.84,8.1,7.81,8.1,21700
HMH,2015-07-30,7.99,8.06,7.88,8.06,7100
HMH,2015-07-31,7.99,7.99,7.99,7.99,1500
HMH,2015-08-03,7.88,7.88,7.7,7.7,14500
HMH,2015-08-04,7.77,7.77,7.7,7.73,15300
HMH,2015-08-05,7.88,7.92,7.84,7.92,1745
HMH,2015-08-06,7.77,8.03,7.77,8.03,8940
HMH,2015-08-07,8.03,8.03,8.03,8.03,0
HMH,2015-08-10,7.84,7.95,7.84,7.84,8100
HMH,2015-08-11,7.95,7.95,7.95,7.95,3000
HMH,2015-08-12,7.95,7.95,7.92,7.92,3500
HMH,2015-08-13,7.81,7.92,7.77,7.88,4900
HMH,2015-08-14,7.73,7.77,7.7,7.77,5500
HMH,2015-08-17,7.66,7.77,7.66,7.7,17800
HMH,2015-08-18,6.94,7.7,6.94,7.52,2800
HMH,2015-08-19,7.52,7.63,7.52,7.63,20700
HMH,2015-08-20,7.52,7.52,7.52,7.52,2700
HMH,2015-08-21,7.26,7.26,7.08,7.23,7400
HMH,2015-08-24,6.79,7.08,6.79,7.08,15700
HMH,2015-08-25,7.08,7.63,7.04,7.26,14000
HMH,2015-08-26,7.44,7.44,7.44,7.44,3300
HMH,2015-08-27,7.44,7.44,7.41,7.44,5000
HMH,2015-08-28,7.44,7.52,7.37,7.52,6100
HMH,2015-08-31,7.26,7.26,7.19,7.19,8100
HMH,2015-09-01,7.19,7.19,7.01,7.01,3900
HMH,2015-09-03,6.86,7.41,6.86,7.19,4200
HMH,2015-09-04,6.9,6.9,6.9,6.9,3500
HMH,2015-09-07,7.19,7.19,6.9,6.9,5500
HMH,2015-09-08,7.08,7.3,7.08,7.3,10400
HMH,2015-09-09,7.34,7.48,7.26,7.44,23400
HMH,2015-09-10,7.08,7.52,7.08,7.52,5716
HMH,2015-09-11,7.48,7.52,7.48,7.52,2900
HMH,2015-09-14,7.52,7.52,7.44,7.44,3800
HMH,2015-09-15,7.48,7.48,7.3,7.3,2600
HMH,2015-09-16,7.3,7.44,7.12,7.44,900
HMH,2015-09-17,7.3,7.3,7.01,7.01,1600
HMH,2015-09-18,7.37,7.37,7.04,7.04,1400
HMH,2015-09-21,7.55,7.55,7.26,7.44,18200
HMH,2015-09-22,7.44,7.52,7.44,7.52,1600
HMH,2015-09-23,7.52,7.52,7.34,7.52,10100
HMH,2015-09-24,7.44,7.44,7.37,7.44,500
HMH,2015-09-25,7.37,7.48,7.34,7.48,1900
HMH,2015-09-28,6.79,7.52,6.79,7.52,1500
HMH,2015-09-29,7.59,7.59,7.26,7.26,400
HMH,2015-09-30,7.37,7.37,7.26,7.3,8800
HMH,2015-10-01,7.26,7.34,7.26,7.34,400
HMH,2015-10-02,7.23,7.44,7.23,7.44,500
HMH,2015-10-05,7.44,7.44,7.44,7.44,0
HMH,2015-10-06,7.26,7.52,7.26,7.52,4600
HMH,2015-10-07,7.3,7.52,7.3,7.37,16316
HMH,2015-10-08,7.44,7.44,7.37,7.41,20000
HMH,2015-10-09,7.52,7.63,7.52,7.63,12100
HMH,2015-10-12,7.63,7.63,7.44,7.44,200
HMH,2015-10-13,7.44,7.48,7.41,7.41,7100
HMH,2015-10-14,7.44,7.44,7.37,7.41,7500
HMH,2015-10-15,7.48,7.77,7.48,7.63,2000
HMH,2015-10-16,7.52,7.59,7.44,7.59,21400
HMH,2015-10-19,7.55,7.59,7.55,7.55,5900
HMH,2015-10-20,7.44,7.55,7.44,7.44,8100
HMH,2015-10-21,7.55,7.84,7.55,7.7,17300
HMH,2015-10-22,7.52,7.52,7.52,7.52,1100
HMH,2015-10-23,7.01,7.44,6.8,7.06,34100
HMH,2015-10-26,7.01,7.06,6.97,7.01,29600
HMH,2015-10-27,7.23,7.23,7.06,7.1,2100
HMH,2015-10-28,7.1,7.1,7.01,7.01,8400
HMH,2015-10-29,7.01,7.1,7.01,7.1,19300
HMH,2015-10-30,7.01,7.1,7.01,7.01,6600
HMH,2015-11-02,7.01,7.01,7.01,7.01,2400
HMH,2015-11-03,7.14,7.14,7.01,7.01,1600
HMH,2015-11-04,6.97,6.97,6.93,6.93,1600
HMH,2015-11-05,6.93,6.93,6.93,6.93,5800
HMH,2015-11-06,6.93,6.93,6.8,6.93,12400
HMH,2015-11-09,6.84,6.84,6.76,6.76,4000
HMH,2015-11-10,6.76,6.76,6.76,6.76,6000
HMH,2015-11-11,6.8,6.89,6.8,6.89,3953
HMH,2015-11-12,6.89,7.01,6.8,7.01,16800
HMH,2015-11-13,7.01,7.1,6.8,7.1,16200
HMH,2015-11-16,7.1,7.4,7.1,7.1,43700
HMH,2015-11-17,7.1,7.4,7.1,7.18,5100
HMH,2015-11-18,7.14,7.14,6.76,6.76,34100
HMH,2015-11-19,6.93,6.93,6.63,6.63,54600
HMH,2015-11-20,7.01,7.01,7.01,7.01,100
HMH,2015-11-23,7.01,7.23,6.76,7.01,3600
HMH,2015-11-24,6.8,6.97,6.8,6.97,1700
HMH,2015-11-25,6.59,7.23,6.59,6.84,39536
HMH,2015-11-26,7.01,7.01,6.8,6.84,2800
HMH,2015-11-27,6.84,6.84,6.84,6.84,40
HMH,2015-11-30,6.67,6.76,6.67,6.67,1300
HMH,2015-12-01,6.8,6.8,6.55,6.67,5300
HMH,2015-12-02,6.67,6.76,6.5,6.76,14100
HMH,2015-12-03,6.72,6.72,6.59,6.72,1900
HMH,2015-12-04,6.59,6.59,6.59,6.59,11400
HMH,2015-12-07,6.5,6.67,6.5,6.67,8400
HMH,2015-12-08,6.59,6.76,6.59,6.63,9800
HMH,2015-12-09,6.76,6.76,6.59,6.59,4100
HMH,2015-12-10,6.76,6.76,6.59,6.59,15700
HMH,2015-12-11,6.59,6.76,6.59,6.76,2000
HMH,2015-12-14,6.63,6.72,6.63,6.72,3100
HMH,2015-12-15,6.63,6.72,6.59,6.72,16742
HMH,2015-12-16,6.59,7.18,6.59,7.06,8500
HMH,2015-12-17,6.93,6.93,6.63,6.8,1500
HMH,2015-12-18,6.8,6.8,6.8,6.8,100
HMH,2015-12-21,6.67,6.8,6.67,6.8,32000
HMH,2015-12-22,6.8,6.8,6.8,6.8,15100
HMH,2015-12-23,6.59,6.8,6.59,6.8,26100
HMH,2015-12-24,6.8,6.97,6.8,6.89,2000
HMH,2015-12-25,6.89,6.89,6.8,6.89,3400
HMH,2015-12-28,7.01,7.01,6.93,6.93,2600
HMH,2015-12-29,6.8,6.93,6.8,6.93,5700
HMH,2015-12-30,6.8,6.93,6.8,6.93,1200
HMH,2015-12-31,7.31,7.31,6.8,6.8,9400
HMH,2016-01-04,6.89,7.48,6.89,7.48,8400
HMH,2016-01-05,7.57,7.57,7.57,7.57,2000
HMH,2016-01-06,7.23,7.23,7.23,7.23,500
HMH,2016-01-07,6.8,7.14,6.59,6.8,6200
HMH,2016-01-08,6.8,7.1,6.8,7.06,23100
HMH,2016-01-11,6.84,6.97,6.84,6.97,1100
HMH,2016-01-12,6.93,7.1,6.84,7.01,17600
HMH,2016-01-13,7.06,7.06,7.01,7.06,16900
HMH,2016-01-14,6.93,7.01,6.93,7.01,12500
HMH,2016-01-15,6.93,7.01,6.93,7.01,2100
HMH,2016-01-18,6.97,6.97,6.89,6.97,54500
HMH,2016-01-19,6.89,6.89,6.89,6.89,11085
HMH,2016-01-20,6.89,6.97,6.89,6.97,50900
HMH,2016-01-21,6.93,6.93,6.84,6.89,41000
HMH,2016-01-22,7.1,7.19,6.89,7.19,2600
HMH,2016-01-25,7.02,7.1,6.97,7.1,6800
HMH,2016-01-26,7.32,7.32,6.76,7.28,4810
HMH,2016-01-27,6.97,7.19,6.97,7.19,22300
HMH,2016-01-28,7.32,7.32,7.06,7.06,11750
HMH,2016-01-29,7.06,7.06,7.02,7.02,11000
HMH,2016-02-01,6.97,7.02,6.93,7.02,3800
HMH,2016-02-02,7.02,7.02,7.02,7.02,0
HMH,2016-02-03,7.02,7.02,7.02,7.02,0
HMH,2016-02-04,7.06,7.1,7.02,7.1,500
HMH,2016-02-05,6.97,7.19,6.97,7.1,1525
HMH,2016-02-15,6.97,7.28,6.97,7.19,715
HMH,2016-02-16,7.19,7.76,7.06,7.1,10624
HMH,2016-02-17,7.19,7.19,7.06,7.1,67760
HMH,2016-02-18,7.15,7.15,6.97,7.06,6300
HMH,2016-02-19,6.97,7.15,6.97,7.1,8710
HMH,2016-02-22,7.1,7.19,6.97,7.06,40500
HMH,2016-02-23,6.97,7.02,6.97,6.97,3663
HMH,2016-02-24,6.97,7.06,6.89,7.06,4070
HMH,2016-02-25,7.02,7.06,7.02,7.02,10800
HMH,2016-02-26,6.97,6.97,6.97,6.97,2660
HMH,2016-02-29,6.97,7.15,6.93,7.06,3300
HMH,2016-03-01,6.97,7.1,6.93,7.1,4500
HMH,2016-03-02,7.02,7.06,7.02,7.02,8200
HMH,2016-03-03,6.97,6.97,6.8,6.97,4480
HMH,2016-03-04,6.97,6.97,6.97,6.97,200
HMH,2016-03-07,6.97,7.06,6.8,7.06,13820
HMH,2016-03-08,6.93,6.97,6.93,6.97,1420
HMH,2016-03-09,6.97,6.97,6.84,6.97,10704
HMH,2016-03-10,6.84,6.93,6.84,6.93,1200
HMH,2016-03-11,6.93,7.41,6.93,7.24,200200
HMH,2016-03-14,7.24,7.85,7.24,7.54,371839
HMH,2016-03-15,7.63,7.63,7.32,7.41,38700
HMH,2016-03-16,7.32,7.41,7.19,7.28,32760
HMH,2016-03-17,7.28,7.28,7.1,7.15,52100
HMH,2016-03-18,7.19,7.19,6.93,7.02,87840
HMH,2016-03-21,7.02,7.02,6.89,6.89,12900
HMH,2016-03-22,6.58,7.06,6.58,6.89,133370
HMH,2016-03-23,7.06,7.19,6.93,7.06,34798
HMH,2016-03-24,7.06,7.1,6.84,6.89,65100
HMH,2016-03-25,6.84,6.97,6.84,6.93,28700
HMH,2016-03-28,6.93,6.97,6.89,6.97,16200
HMH,2016-03-29,6.97,6.97,6.76,6.8,24070
HMH,2016-03-30,6.76,6.89,6.76,6.89,7002
HMH,2016-03-31,6.89,6.89,6.76,6.89,23700
HMH,2016-04-01,6.71,6.76,6.63,6.63,12300
HMH,2016-04-04,6.67,6.8,6.67,6.71,22200
HMH,2016-04-05,6.76,6.89,6.76,6.84,24204
HMH,2016-04-06,6.84,6.84,6.84,6.84,450
HMH,2016-04-07,6.84,6.84,6.84,6.84,34
HMH,2016-04-08,6.8,6.89,6.71,6.84,17695
HMH,2016-04-11,6.84,7.19,6.84,6.97,50212
HMH,2016-04-12,6.97,6.97,6.97,6.97,29400
HMH,2016-04-13,6.97,6.97,6.93,6.97,12000
HMH,2016-04-14,6.97,6.97,6.84,6.89,18575
HMH,2016-04-15,6.89,6.89,6.84,6.89,17800
HMH,2016-04-19,6.84,6.84,6.76,6.8,26300
HMH,2016-04-20,6.89,6.93,6.84,6.84,5500
HMH,2016-04-21,6.84,6.84,6.76,6.84,10700
HMH,2016-04-22,6.8,6.84,6.8,6.84,9630
HMH,2016-04-25,6.93,6.93,6.76,6.84,13700
HMH,2016-04-26,6.67,6.84,6.67,6.84,45000
HMH,2016-04-27,6.84,6.84,6.67,6.84,40282
HMH,2016-04-28,6.76,6.8,6.67,6.8,17700
HMH,2016-04-29,6.76,6.76,6.71,6.76,50200
HMH,2016-05-04,6.71,6.8,6.54,6.8,89400
HMH,2016-05-05,6.71,6.71,6.54,6.63,34800
HMH,2016-05-06,6.58,6.63,6.54,6.54,36949
HMH,2016-05-09,6.54,6.54,6.49,6.49,24500
HMH,2016-05-10,6.49,6.71,6.45,6.63,8500
HMH,2016-05-11,6.54,6.63,6.54,6.54,52400
HMH,2016-05-12,6.54,6.54,6.49,6.54,35400
HMH,2016-05-13,6.54,6.54,6.49,6.49,34300
HMH,2016-05-16,6.54,6.54,6.54,6.54,38100
HMH,2016-05-17,6.76,6.76,6.54,6.54,27925
HMH,2016-05-18,6.54,6.54,6.54,6.54,14800
HMH,2016-05-19,6.54,6.54,6.54,6.54,24700
HMH,2016-05-20,6.54,6.67,6.54,6.67,39200
HMH,2016-05-23,6.71,6.71,6.54,6.54,11100
HMH,2016-05-24,6.54,6.58,6.54,6.58,12100
HMH,2016-05-25,6.54,6.54,6.54,6.54,5000
HMH,2016-05-26,6.54,6.58,6.54,6.58,2100
HMH,2016-05-27,6.54,6.67,6.54,6.63,8000
HMH,2016-05-30,6.67,6.76,6.67,6.76,34200
HMH,2016-05-31,6.76,6.76,6.71,6.71,26800
HMH,2016-06-01,6.71,6.8,6.71,6.8,20200
HMH,2016-06-02,6.8,6.89,6.71,6.71,29400
HMH,2016-06-03,6.71,6.84,6.71,6.8,8600
HMH,2016-06-06,6.76,6.8,6.71,6.8,17500
HMH,2016-06-07,6.84,6.84,6.84,6.84,10200
HMH,2016-06-08,6.93,6.93,6.84,6.89,20700
HMH,2016-06-09,6.89,6.93,6.89,6.93,3430
HMH,2016-06-10,6.89,6.93,6.89,6.93,12300
HMH,2016-06-13,6.84,6.89,6.84,6.89,1347
HMH,2016-06-14,6.84,6.97,6.84,6.93,7400
HMH,2016-06-15,6.84,6.93,6.84,6.84,87700
HMH,2016-06-16,6.8,6.93,6.8,6.93,85400
HMH,2016-06-17,6.84,6.84,6.84,6.84,10000
HMH,2016-06-20,6.84,6.93,6.84,6.93,7500
HMH,2016-06-21,6.93,6.93,6.84,6.84,8000
HMH,2016-06-22,6.97,6.97,6.97,6.97,8500
HMH,2016-06-23,6.97,7.02,6.93,7.02,14400
HMH,2016-06-24,6.97,6.97,6.71,6.89,55400
HMH,2016-06-27,6.84,6.89,6.84,6.89,24100
HMH,2016-06-28,6.84,6.97,6.84,6.97,5700
HMH,2016-06-29,6.97,6.97,6.97,6.97,13400
HMH,2016-06-30,6.97,7.06,6.93,7.02,17718
HMH,2016-07-01,6.93,6.97,6.84,6.84,8000
HMH,2016-07-04,6.93,6.97,6.93,6.93,8200
HMH,2016-07-05,6.89,6.97,6.89,6.89,7370
HMH,2016-07-06,6.89,6.93,6.89,6.93,9000
HMH,2016-07-07,6.93,6.93,6.89,6.93,34060
HMH,2016-07-08,6.93,6.93,6.93,6.93,9700
HMH,2016-07-11,7.1,7.1,6.93,6.97,16200
HMH,2016-07-12,6.89,6.93,6.89,6.93,8200
HMH,2016-07-13,6.89,6.97,6.84,6.93,12516
HMH,2016-07-14,6.89,6.97,6.89,6.97,50870
HMH,2016-07-15,6.93,6.93,6.93,6.93,18200
HMH,2016-07-18,6.89,6.93,6.89,6.93,20800
HMH,2016-07-19,6.97,6.97,6.97,6.97,4000
HMH,2016-07-20,6.93,6.93,6.93,6.93,15400
HMH,2016-07-21,6.89,6.93,6.89,6.93,750
HMH,2016-07-22,6.89,6.89,6.89,6.89,9400
HMH,2016-07-25,6.89,6.89,6.89,6.89,11400
HMH,2016-07-26,6.93,7.37,6.89,6.89,9400
HMH,2016-07-27,6.89,6.93,6.89,6.89,17005
HMH,2016-07-28,6.93,6.93,6.89,6.89,16200
HMH,2016-07-29,6.89,6.93,6.89,6.93,4200
HMH,2016-08-01,6.93,6.93,6.67,6.67,26600
HMH,2016-08-02,6.76,6.76,6.67,6.67,4900
HMH,2016-08-03,6.63,6.93,6.63,6.93,300
HMH,2016-08-04,6.67,6.84,6.63,6.84,3391
HMH,2016-08-05,6.84,6.84,6.84,6.84,9
HMH,2016-08-08,6.58,6.84,6.49,6.76,2300
HMH,2016-08-09,6.76,6.76,6.76,6.76,70
HMH,2016-08-10,6.76,6.76,6.63,6.63,11700
HMH,2016-08-11,6.76,6.89,6.76,6.89,2900
HMH,2016-08-12,6.89,6.89,6.71,6.71,8300
HMH,2016-08-15,6.71,6.71,6.71,6.71,4120
HMH,2016-08-16,6.71,6.71,6.67,6.67,6000
HMH,2016-08-17,6.84,6.84,6.71,6.71,7110
HMH,2016-08-18,6.71,6.8,6.71,6.8,1400
HMH,2016-08-19,6.8,6.8,6.71,6.71,2800
HMH,2016-08-22,6.71,6.71,6.63,6.71,3443
HMH,2016-08-23,6.71,6.71,6.63,6.67,10400
HMH,2016-08-24,6.67,6.67,6.67,6.67,1000
HMH,2016-08-25,6.67,6.67,6.63,6.63,2900
HMH,2016-08-26,6.67,6.67,6.67,6.67,4800
HMH,2016-08-29,6.71,6.71,6.67,6.67,1300
HMH,2016-08-30,6.63,6.67,6.63,6.67,13630
HMH,2016-08-31,6.71,6.71,6.67,6.67,2540
HMH,2016-09-01,6.71,6.71,6.67,6.71,5100
HMH,2016-09-05,6.71,6.71,6.71,6.71,50
HMH,2016-09-06,6.67,6.71,6.67,6.71,3650
HMH,2016-09-07,6.67,6.71,6.67,6.71,18100
HMH,2016-09-08,6.71,6.8,6.71,6.76,20000
HMH,2016-09-09,6.94,6.94,6.67,6.67,4100
HMH,2016-09-12,6.67,6.67,6.67,6.67,2530
HMH,2016-09-13,6.8,6.8,6.8,6.8,190
HMH,2016-09-14,6.8,6.8,6.8,6.8,0
HMH,2016-09-15,6.57,6.57,6.57,6.57,4700
HMH,2016-09-16,6.57,6.57,6.57,6.57,415
HMH,2016-09-19,5.98,6.62,5.98,6.48,22675
HMH,2016-09-20,6.44,6.57,6.44,6.53,6600
HMH,2016-09-21,6.53,6.53,6.53,6.53,75
HMH,2016-09-22,6.57,6.57,6.53,6.53,3200
HMH,2016-09-23,6.53,6.53,6.53,6.53,10
HMH,2016-09-26,6.48,6.62,6.48,6.62,350
HMH,2016-09-27,6.57,6.57,6.57,6.57,5300
HMH,2016-09-28,6.57,6.57,6.57,6.57,800
HMH,2016-09-29,6.62,6.71,6.62,6.62,726
HMH,2016-09-30,6.62,6.67,6.48,6.67,3900
HMH,2016-10-03,6.67,6.71,6.67,6.71,3800
HMH,2016-10-04,6.57,6.67,6.57,6.67,200
HMH,2016-10-05,6.67,6.71,6.67,6.71,320
HMH,2016-10-06,6.57,6.57,6.57,6.57,2269
HMH,2016-10-07,6.71,6.71,6.71,6.71,200
HMH,2016-10-10,6.67,6.67,6.67,6.67,120
HMH,2016-10-11,6.67,6.67,6.67,6.67,0
HMH,2016-10-12,6.48,6.67,6.44,6.67,3406
HMH,2016-10-13,6.67,6.67,6.67,6.67,0
HMH,2016-10-14,6.57,6.67,6.53,6.67,1200
HMH,2016-10-17,6.57,6.57,6.39,6.44,12900
HMH,2016-10-18,6.44,6.62,6.44,6.57,2100
HMH,2016-10-19,6.62,6.62,6.62,6.62,250
HMH,2016-10-20,6.53,6.62,6.53,6.62,2100
HMH,2016-10-21,6.62,6.62,6.62,6.62,1300
HMH,2016-10-24,6.71,6.71,6.71,6.71,210
HMH,2016-10-25,6.57,6.57,6.57,6.57,200
HMH,2016-10-26,6.67,6.67,6.67,6.67,400
HMH,2016-10-27,6.57,6.62,6.48,6.62,4900
HMH,2016-10-28,6.57,6.57,6.48,6.53,28500
HMH,2016-10-31,6.62,6.62,6.57,6.57,2600
HMH,2016-11-01,6.57,6.57,6.53,6.53,18500
HMH,2016-11-02,6.44,6.48,6.39,6.48,5600
HMH,2016-11-03,6.48,6.48,6.44,6.44,2130
HMH,2016-11-04,6.44,6.44,6.44,6.44,2000
HMH,2016-11-07,6.39,6.53,6.39,6.53,12100
HMH,2016-11-08,6.48,6.48,6.48,6.48,2001
HMH,2016-11-09,6.39,6.44,6.39,6.44,5100
HMH,2016-11-10,6.44,6.44,6.39,6.39,800
HMH,2016-11-11,6.39,6.39,6.39,6.39,63
HMH,2016-11-14,6.39,6.62,6.39,6.62,7500
HMH,2016-11-15,6.48,6.57,6.48,6.57,6500
HMH,2016-11-16,6.39,6.53,6.39,6.53,8600
HMH,2016-11-17,6.53,6.53,6.39,6.39,3700
HMH,2016-11-18,6.53,6.67,6.53,6.62,29300
HMH,2016-11-21,6.62,6.62,6.62,6.62,2020
HMH,2016-11-22,6.67,6.67,6.67,6.67,1000
HMH,2016-11-23,6.44,6.44,6.44,6.44,2000
HMH,2016-11-24,6.67,6.67,6.67,6.67,100
HMH,2016-11-25,6.44,6.62,6.44,6.62,16199
HMH,2016-11-28,6.44,6.44,6.39,6.44,13400
HMH,2016-11-29,6.39,6.48,6.39,6.48,9800
HMH,2016-11-30,6.35,6.39,6.35,6.39,5052
HMH,2016-12-01,6.39,6.48,6.39,6.48,8200
HMH,2016-12-02,6.39,6.39,6.39,6.39,1000
HMH,2016-12-05,6.35,6.39,6.3,6.35,14800
HMH,2016-12-06,6.3,6.39,6.25,6.35,9900
HMH,2016-12-07,6.67,6.67,6.35,6.35,2300
HMH,2016-12-08,6.39,6.39,6.39,6.39,1100
HMH,2016-12-09,6.35,6.35,6.35,6.35,4318
HMH,2016-12-12,6.3,6.3,6.3,6.3,500
HMH,2016-12-13,6.25,6.25,6.25,6.25,9200
HMH,2016-12-14,6.25,6.35,6.25,6.35,8400
HMH,2016-12-15,6.35,6.67,6.35,6.39,1707
HMH,2016-12-16,6.3,6.48,6.3,6.48,1600
HMH,2016-12-19,6.39,6.39,6.35,6.39,3500
HMH,2016-12-20,6.3,6.39,6.3,6.39,800
HMH,2016-12-21,6.39,6.39,6.39,6.39,3200
HMH,2016-12-22,6.39,6.44,6.39,6.39,4900
HMH,2016-12-23,6.39,6.39,6.39,6.39,107
HMH,2016-12-26,6.62,6.85,6.25,6.25,9100
HMH,2016-12-27,6.44,6.44,6.44,6.44,627
HMH,2016-12-28,6.44,6.44,6.3,6.3,2200
HMH,2016-12-29,6.44,6.44,6.3,6.3,10400
HMH,2016-12-30,6.3,6.4,6.16,6.4,400
HMH,2017-01-03,6.4,6.4,6.4,6.4,0
HMH,2017-01-04,6.3,6.3,6.16,6.3,1330
HMH,2017-01-05,6.16,6.16,6.16,6.16,6800
HMH,2017-01-06,6.16,6.16,6.11,6.16,8600
HMH,2017-01-09,6.16,6.16,6.16,6.16,8700
HMH,2017-01-10,6.16,6.16,6.16,6.16,2057
HMH,2017-01-11,6.21,6.21,6.21,6.21,14800
HMH,2017-01-12,6.21,6.21,6.16,6.21,3100
HMH,2017-01-13,6.21,6.21,6.21,6.21,13300
HMH,2017-01-16,6.21,6.21,6.16,6.16,9300
HMH,2017-01-17,6.16,6.3,6.11,6.3,3700
HMH,2017-01-18,6.16,6.16,6.02,6.16,8354
HMH,2017-01-19,6.11,6.16,6.11,6.16,200
HMH,2017-01-20,6.16,6.16,6.02,6.16,7200
HMH,2017-01-23,6.16,6.16,6.16,6.16,40
HMH,2017-01-24,6.16,6.16,6.16,6.16,2000
HMH,2017-01-25,6.3,6.3,6.3,6.3,100
HMH,2017-02-02,6.35,6.35,6.35,6.35,100
HMH,2017-02-03,6.4,6.4,6.4,6.4,200
HMH,2017-02-06,6.25,6.25,6.25,6.25,9300
HMH,2017-02-07,6.25,6.25,6.16,6.25,3000
HMH,2017-02-08,6.16,6.25,6.16,6.25,4500
HMH,2017-02-09,6.4,6.4,6.16,6.21,6750
HMH,2017-02-10,6.11,6.11,6.11,6.11,4900
HMH,2017-02-13,6.11,6.4,6.11,6.21,2500
HMH,2017-02-14,6.21,6.21,6.11,6.16,15850
HMH,2017-02-15,6.16,6.21,6.11,6.11,20200
HMH,2017-02-16,6.11,6.21,6.11,6.11,13584
HMH,2017-02-17,6.11,6.16,6.11,6.16,11600
HMH,2017-02-20,6.16,6.21,6.11,6.16,39400
HMH,2017-02-21,6.16,6.16,6.16,6.16,22300
HMH,2017-02-22,6.16,6.16,6.11,6.16,32609
HMH,2017-02-23,6.16,6.16,6.16,6.16,26500
HMH,2017-02-24,6.35,6.35,6.16,6.16,18600
HMH,2017-02-27,6.11,6.21,6.11,6.16,24200
HMH,2017-02-28,6.21,6.21,6.11,6.11,21000
HMH,2017-03-01,6.16,6.16,6.16,6.16,17500
HMH,2017-03-02,6.16,6.21,6.16,6.21,82000
HMH,2017-03-03,6.21,6.25,6.21,6.25,50409
HMH,2017-03-06,6.21,6.21,6.16,6.16,36140
HMH,2017-03-07,6.21,6.3,6.16,6.16,48700
HMH,2017-03-08,6.16,6.25,6.16,6.16,55100
HMH,2017-03-09,6.16,6.3,6.16,6.3,15135
HMH,2017-03-10,6.3,6.3,6.21,6.25,85400
HMH,2017-03-13,6.21,6.25,6.21,6.25,5422
HMH,2017-03-14,6.44,6.44,6.11,6.16,20000
HMH,2017-03-15,6.21,6.21,6.16,6.21,30230
HMH,2017-03-16,6.49,6.49,6.16,6.16,14428
HMH,2017-03-17,6.35,6.35,6.11,6.21,26613
HMH,2017-03-20,6.25,6.54,6.21,6.4,10500
HMH,2017-03-21,6.3,6.44,6.16,6.21,28100
HMH,2017-03-22,6.44,6.44,6.16,6.35,13221
HMH,2017-03-23,6.3,6.3,6.21,6.25,400
HMH,2017-03-24,6.25,6.25,6.25,6.25,300
HMH,2017-03-27,6.21,6.21,6.16,6.16,22200
HMH,2017-03-28,6.16,6.21,6.16,6.16,26305
HMH,2017-03-29,6.16,6.16,6.16,6.16,28100
HMH,2017-03-30,6.16,6.4,6.16,6.25,18500
HMH,2017-03-31,6.4,6.54,6.16,6.25,38430
HMH,2017-04-03,6.35,6.44,6.16,6.16,26300
HMH,2017-04-04,6.16,6.21,6.16,6.16,21300
HMH,2017-04-05,6.16,6.21,6.16,6.21,9700
HMH,2017-04-07,6.16,6.16,6.11,6.16,16000
HMH,2017-04-10,6.16,6.16,6.02,6.11,20100
HMH,2017-04-11,6.11,6.16,6.11,6.16,20400
HMH,2017-04-12,6.21,6.21,6.16,6.16,28640
HMH,2017-04-13,6.16,6.16,6.16,6.16,14800
HMH,2017-04-14,6.16,6.16,6.16,6.16,28700
HMH,2017-04-17,6.16,6.16,6.11,6.11,16910
HMH,2017-04-18,6.11,6.11,6.06,6.06,25073
HMH,2017-04-19,6.11,6.11,6.06,6.06,7400
HMH,2017-04-20,6.11,6.11,6.11,6.11,12400
HMH,2017-04-21,6.11,6.11,6.06,6.11,25500
HMH,2017-04-24,6.16,6.16,6.16,6.16,5000
HMH,2017-04-25,6.16,6.3,6.16,6.25,8700
HMH,2017-04-26,6.16,6.21,6.11,6.21,15600
HMH,2017-04-27,6.11,6.21,6.11,6.21,10100
HMH,2017-04-28,6.11,6.21,6.11,6.21,2409
HMH,2017-05-03,6.11,6.11,6.02,6.06,33200
HMH,2017-05-04,6.06,6.06,6.02,6.06,34500
HMH,2017-05-05,6.16,6.16,6.02,6.06,31214
HMH,2017-05-08,6.06,6.16,6.06,6.16,25476
HMH,2017-05-09,6.16,6.16,6.06,6.16,46225
HMH,2017-05-10,6.25,6.63,6.11,6.16,50700
HMH,2017-05-11,6.16,6.49,6.16,6.16,12470
HMH,2017-05-12,6.4,6.4,6.16,6.16,10000
HMH,2017-05-15,6.21,6.4,6.16,6.3,35006
HMH,2017-05-16,6.16,6.4,6.16,6.16,31700
HMH,2017-05-17,6.42,6.42,6.16,6.16,8900
HMH,2017-05-18,6.16,6.16,6.16,6.16,5700
HMH,2017-05-19,6.36,6.36,6.11,6.16,12900
HMH,2017-05-22,6.21,6.31,6.01,6.01,47025
HMH,2017-05-23,6.36,6.36,6.06,6.16,5295
HMH,2017-05-24,6.21,6.21,6.11,6.11,2700
HMH,2017-05-25,6.11,6.16,6.11,6.11,11300
HMH,2017-05-26,6.11,6.16,6.11,6.16,17245
HMH,2017-05-29,6.26,6.31,6.11,6.16,18730
HMH,2017-05-30,6.16,6.21,6.16,6.21,16200
HMH,2017-05-31,6.16,6.21,6.16,6.16,15326
HMH,2017-06-01,6.21,6.21,6.16,6.16,14500
HMH,2017-06-02,6.16,6.16,6.16,6.16,15000
HMH,2017-06-05,6.21,6.26,6.16,6.16,8300
HMH,2017-06-06,6.16,6.16,6.16,6.16,2600
HMH,2017-06-07,6.31,6.31,6.11,6.11,55600
HMH,2017-06-08,6.16,6.21,6.11,6.21,14700
HMH,2017-06-09,6.42,6.42,6.11,6.11,6700
HMH,2017-06-12,6.11,6.42,6.11,6.16,1600
HMH,2017-06-13,6.11,6.16,6.11,6.16,2000
HMH,2017-06-14,6.11,6.16,6.11,6.11,1700
HMH,2017-06-15,6.11,6.11,6.11,6.11,5760
HMH,2017-06-16,6.11,6.11,6.11,6.11,10600
HMH,2017-06-19,6.11,6.16,6.11,6.11,18000
HMH,2017-06-20,6.11,6.11,6.11,6.11,56
HMH,2017-06-21,6.11,6.16,6.11,6.16,28300
HMH,2017-06-22,6.16,6.16,6.11,6.11,15009
HMH,2017-06-23,6.11,6.11,6.11,6.11,9710
HMH,2017-06-26,6.16,6.16,6.11,6.11,6600
HMH,2017-06-27,6.16,6.16,6.11,6.11,15615
HMH,2017-06-28,6.16,6.16,6.11,6.11,6500
HMH,2017-06-29,6.16,6.16,6.11,6.11,10300
HMH,2017-06-30,6.11,6.16,6.11,6.16,8600
HMH,2017-07-03,6.11,6.11,6.11,6.11,15600
HMH,2017-07-04,6.11,6.11,6.11,6.11,31500
HMH,2017-07-05,6.11,6.16,6.11,6.16,21910
HMH,2017-07-06,6.16,6.16,6.11,6.16,15442
HMH,2017-07-07,6.11,6.16,6.11,6.16,16700
HMH,2017-07-10,6.16,6.16,6.11,6.11,17139
HMH,2017-07-11,6.11,6.11,6.06,6.06,19100
HMH,2017-07-12,6.06,6.06,6.06,6.06,26300
HMH,2017-07-13,6.06,6.11,6.01,6.06,22800
HMH,2017-07-14,6.06,6.06,6.01,6.06,20300
HMH,2017-07-17,6.06,6.06,6.06,6.06,16100
HMH,2017-07-18,6.26,6.26,6.01,6.01,10444
HMH,2017-07-19,6.01,6.01,6.01,6.01,10500
HMH,2017-07-20,6.57,6.57,5.95,6.01,7800
HMH,2017-07-21,6.36,6.36,6.36,6.36,100
HMH,2017-07-24,5.95,6.21,5.9,6.06,12099
HMH,2017-07-25,5.9,5.95,5.9,5.95,13000
HMH,2017-07-26,5.95,5.95,5.95,5.95,25
HMH,2017-07-27,5.95,5.95,5.95,5.95,2400
HMH,2017-07-28,6.16,6.16,6.01,6.01,5900
HMH,2017-07-31,6.16,6.16,6.01,6.01,4100
HMH,2017-08-01,5.95,5.95,5.95,5.95,21307
HMH,2017-08-02,6.01,6.01,5.95,5.95,26428
HMH,2017-08-03,5.95,6.01,5.9,6.01,27125
HMH,2017-08-04,5.95,6.11,5.95,6.01,7610
HMH,2017-08-07,6.01,6.01,5.9,5.95,10399
HMH,2017-08-08,5.95,5.95,5.9,5.9,8600
HMH,2017-08-09,5.9,5.95,5.9,5.95,21348
HMH,2017-08-10,5.95,5.95,5.9,5.9,2100
HMH,2017-08-11,5.9,5.95,5.9,5.95,8500
HMH,2017-08-14,6.06,6.16,5.9,6.01,5500
HMH,2017-08-15,5.9,6.06,5.9,6.06,7100
HMH,2017-08-16,5.95,5.95,5.95,5.95,26000
HMH,2017-08-17,5.95,5.95,5.95,5.95,9500
HMH,2017-08-18,5.95,5.95,5.9,5.9,5000
HMH,2017-08-21,5.9,5.9,5.8,5.8,15500
HMH,2017-08-22,5.8,5.95,5.8,5.95,1800
HMH,2017-08-23,6.11,6.11,5.9,6.01,5200
HMH,2017-08-24,5.9,6.01,5.9,6.01,22709
HMH,2017-08-25,5.95,5.95,5.95,5.95,8000
HMH,2017-08-28,5.85,5.85,5.85,5.85,2207
HMH,2017-08-29,5.85,5.85,5.85,5.85,700
HMH,2017-08-30,5.95,5.95,5.95,5.95,100
HMH,2017-08-31,5.85,6.01,5.8,6.01,21100
HMH,2017-09-01,6.01,6.01,5.85,5.85,2000
HMH,2017-09-05,6.01,6.01,6.01,6.01,1000
HMH,2017-09-06,5.95,5.95,5.9,5.9,8000
HMH,2017-09-07,5.9,5.9,5.9,5.9,10020
HMH,2017-09-08,5.9,5.9,5.9,5.9,7000
HMH,2017-09-11,5.9,5.9,5.9,5.9,9900
HMH,2017-09-12,5.9,5.9,5.9,5.9,5710
HMH,2017-09-13,5.9,5.95,5.9,5.9,7000
HMH,2017-09-14,6.16,6.26,5.9,5.9,6651
HMH,2017-09-15,5.9,5.9,5.9,5.9,3200
HMH,2017-09-18,5.9,5.9,5.9,5.9,7
HMH,2017-09-19,5.9,5.9,5.85,5.85,5200
HMH,2017-09-20,5.9,5.9,5.9,5.9,160
HMH,2017-09-21,5.9,5.9,5.9,5.9,703
HMH,2017-09-22,5.85,5.9,5.85,5.9,8600
HMH,2017-09-25,5.9,5.9,5.9,5.9,0
HMH,2017-09-26,5.9,5.9,5.85,5.85,4600
HMH,2017-09-27,5.95,5.95,5.95,5.95,1700
HMH,2017-09-28,6.01,6.01,6.01,6.01,800
HMH,2017-09-29,5.9,5.9,5.9,5.9,1900
HMH,2017-10-02,5.9,5.9,5.85,5.9,13910
HMH,2017-10-03,5.85,5.95,5.85,5.95,6700
HMH,2017-10-04,5.95,5.95,5.9,5.9,6600
HMH,2017-10-05,5.9,5.9,5.9,5.9,4189
HMH,2017-10-06,5.85,5.9,5.85,5.9,5100
HMH,2017-10-09,5.9,5.9,5.9,5.9,0
HMH,2017-10-10,5.9,5.9,5.85,5.9,8100
HMH,2017-10-11,5.9,5.9,5.9,5.9,1900
HMH,2017-10-12,5.9,5.9,5.9,5.9,1000
HMH,2017-10-13,5.85,5.85,5.85,5.85,5000
HMH,2017-10-16,5.85,5.85,5.85,5.85,7600
HMH,2017-10-17,5.85,5.85,5.8,5.8,19000
HMH,2017-10-18,5.8,5.8,5.75,5.8,23200
HMH,2017-10-19,5.8,5.8,5.8,5.8,8600
HMH,2017-10-20,5.8,5.85,5.8,5.8,11300
HMH,2017-10-23,5.8,5.8,5.8,5.8,19400
HMH,2017-10-24,5.8,5.8,5.8,5.8,16109
HMH,2017-10-25,5.8,5.9,5.8,5.85,4729
HMH,2017-10-26,6.16,6.16,5.85,5.85,3030
HMH,2017-10-27,5.95,5.95,5.85,5.85,1237
HMH,2017-10-30,5.95,6.11,5.95,6.11,5055
HMH,2017-10-31,6.11,6.16,5.8,5.9,6300
HMH,2017-11-01,5.95,5.95,5.8,5.85,12432
HMH,2017-11-02,5.8,5.8,5.8,5.8,4800
HMH,2017-11-03,5.75,6.11,5.75,5.8,21000
HMH,2017-11-06,5.8,5.8,5.75,5.75,9500
HMH,2017-11-07,5.75,5.85,5.75,5.85,600
HMH,2017-11-08,5.85,5.85,5.85,5.85,100
HMH,2017-11-09,6.01,6.01,6.01,6.01,100
HMH,2017-11-10,6.01,6.01,6.01,6.01,0
HMH,2017-11-13,5.8,5.8,5.75,5.75,19200
HMH,2017-11-14,5.8,5.8,5.8,5.8,406
HMH,2017-11-15,5.8,5.8,5.8,5.8,100
HMH,2017-11-16,5.9,5.9,5.9,5.9,100
HMH,2017-11-17,5.7,5.85,5.7,5.75,1000
HMH,2017-11-20,5.75,5.8,5.7,5.8,9100
HMH,2017-11-21,5.7,5.8,5.7,5.8,7100
HMH,2017-11-22,5.75,5.75,5.75,5.75,14800
HMH,2017-11-23,5.75,5.75,5.75,5.75,7434
HMH,2017-11-24,5.7,5.75,5.7,5.7,5900
HMH,2017-11-27,5.7,5.75,5.7,5.75,3100
HMH,2017-11-28,5.75,5.75,5.75,5.75,400
HMH,2017-11-29,5.8,6.01,5.7,5.7,15600
HMH,2017-11-30,5.7,5.75,5.65,5.75,21100
HMH,2017-12-01,5.65,5.8,5.65,5.8,15100
HMH,2017-12-04,5.8,5.8,5.65,5.8,300
HMH,2017-12-05,5.8,5.8,5.65,5.7,8500
HMH,2017-12-06,5.7,5.7,5.7,5.7,2100
HMH,2017-12-07,5.7,5.7,5.65,5.65,5400
HMH,2017-12-08,5.65,5.65,5.65,5.65,4246
HMH,2017-12-11,5.65,5.65,5.65,5.65,1600
HMH,2017-12-12,5.65,5.85,5.65,5.85,3400
HMH,2017-12-13,5.85,5.85,5.85,5.85,0
HMH,2017-12-14,5.65,5.7,5.59,5.7,10100
HMH,2017-12-15,5.7,5.7,5.65,5.65,8000
HMH,2017-12-18,5.65,5.7,5.65,5.65,11700
HMH,2017-12-19,5.65,5.65,5.65,5.65,3000
HMH,2017-12-20,5.65,5.65,5.65,5.65,0
HMH,2017-12-21,5.65,5.65,5.65,5.65,0
HMH,2017-12-22,5.85,5.9,5.75,5.75,9700
HMH,2017-12-25,5.8,5.8,5.8,5.8,700
HMH,2017-12-26,5.8,5.8,5.65,5.75,7800
HMH,2017-12-27,5.8,5.8,5.75,5.75,3700
HMH,2017-12-28,5.8,5.8,5.75,5.75,400
HMH,2017-12-29,5.8,6.06,5.8,5.85,11900
HMH,2018-01-02,5.85,5.9,5.85,5.85,14250
HMH,2018-01-03,5.85,5.85,5.85,5.85,7906
HMH,2018-01-04,5.85,6.06,5.85,6.01,11600
HMH,2018-01-05,6.01,6.01,5.85,5.95,26602
HMH,2018-01-08,6.01,6.06,5.95,6.01,22800
HMH,2018-01-09,6.01,6.01,6.01,6.01,21300
HMH,2018-01-10,6.45,6.45,5.95,6.01,10458
HMH,2018-01-11,6.06,6.17,5.95,6.01,12732
HMH,2018-01-12,6.17,6.17,6.01,6.01,33900
HMH,2018-01-15,6.06,6.17,6.01,6.01,46206
HMH,2018-01-16,6.06,6.17,6.06,6.17,20300
HMH,2018-01-17,6.23,6.29,6.17,6.23,7400
HMH,2018-01-18,6.23,6.4,6.17,6.29,20659
HMH,2018-01-19,6.29,6.29,6.17,6.17,21704
HMH,2018-01-22,6.17,6.29,6.17,6.17,9986
HMH,2018-01-23,6.17,6.17,5.89,6.12,8462
HMH,2018-01-24,6.12,6.12,6.06,6.06,2700
HMH,2018-01-25,6.06,6.06,6.01,6.01,10900
HMH,2018-01-26,6.06,6.06,6.01,6.06,6600
HMH,2018-01-29,6.06,6.06,5.84,5.95,9310
HMH,2018-01-30,5.89,5.89,5.89,5.89,3000
HMH,2018-01-31,5.89,6.01,5.89,5.95,14500
HMH,2018-02-01,6.01,6.01,5.89,5.89,6000
HMH,2018-02-02,5.95,5.95,5.89,5.89,13120
HMH,2018-02-05,5.89,5.89,5.78,5.84,16824
HMH,2018-02-06,5.84,5.89,5.67,5.67,11700
HMH,2018-02-07,5.89,5.89,5.72,5.72,27800
HMH,2018-02-08,5.89,5.89,5.72,5.78,18410
HMH,2018-02-09,5.78,5.78,5.72,5.72,21600
HMH,2018-02-12,5.78,5.78,5.78,5.78,100
HMH,2018-02-13,5.72,5.72,5.72,5.72,4800
HMH,2018-02-21,5.78,5.84,5.78,5.84,3000
HMH,2018-02-22,5.78,5.89,5.72,5.78,12028
HMH,2018-02-23,5.78,5.84,5.78,5.84,8200
HMH,2018-02-26,5.84,5.84,5.78,5.78,22700
HMH,2018-02-27,5.78,5.78,5.67,5.78,10300
HMH,2018-02-28,5.78,5.78,5.61,5.78,17700
HMH,2018-03-01,5.78,5.78,5.78,5.78,103
HMH,2018-03-02,5.72,5.78,5.72,5.78,4300
HMH,2018-03-05,5.72,5.78,5.72,5.78,13200
HMH,2018-03-06,5.72,5.78,5.72,5.72,8050
HMH,2018-03-07,5.72,5.72,5.67,5.72,3710
HMH,2018-03-08,5.78,5.78,5.61,5.72,19322
HMH,2018-03-09,5.72,5.72,5.72,5.72,6810
HMH,2018-03-12,5.72,5.72,5.72,5.72,12000
HMH,2018-03-13,5.72,5.72,5.67,5.72,15130
HMH,2018-03-14,5.78,5.78,5.72,5.72,26900
HMH,2018-03-15,5.72,5.72,5.72,5.72,52100
HMH,2018-03-16,5.72,5.72,5.72,5.72,60200
HMH,2018-03-19,5.72,5.72,5.5,5.72,40100
HMH,2018-03-20,5.72,5.78,5.72,5.72,49600
HMH,2018-03-21,5.72,5.84,5.72,5.78,35200
HMH,2018-03-22,5.78,5.78,5.72,5.78,46149
HMH,2018-03-23,5.72,5.72,5.67,5.72,25986
HMH,2018-03-26,5.72,5.72,5.67,5.67,10800
HMH,2018-03-27,5.72,5.72,5.72,5.72,500
HMH,2018-03-28,5.72,5.72,5.72,5.72,1000
HMH,2018-03-29,5.72,5.72,5.67,5.67,25725
HMH,2018-03-30,5.67,5.72,5.67,5.67,15220
HMH,2018-04-02,5.72,5.78,5.72,5.78,177100
HMH,2018-04-03,5.78,5.89,5.78,5.84,115400
HMH,2018-04-04,5.78,5.95,5.78,5.89,61635
HMH,2018-04-05,5.84,5.95,5.78,5.89,96700
HMH,2018-04-06,5.84,6.12,5.84,5.95,51500
HMH,2018-04-09,5.95,6.01,5.89,6.01,84900
HMH,2018-04-10,5.95,6.06,5.95,6.01,31601
HMH,2018-04-11,5.95,6.17,5.95,6.01,34200
HMH,2018-04-12,5.95,5.95,5.84,5.84,47198
HMH,2018-04-13,5.84,5.84,5.72,5.78,33800
HMH,2018-04-16,5.84,5.84,5.67,5.78,102535
HMH,2018-04-17,5.78,5.84,5.78,5.78,17101
HMH,2018-04-18,5.78,5.78,5.78,5.78,47158
HMH,2018-04-19,5.78,6.01,5.78,5.78,37410
HMH,2018-04-20,5.78,5.84,5.78,5.84,27300
HMH,2018-04-23,5.78,5.89,5.78,5.84,18104
HMH,2018-04-24,5.89,6.12,5.84,5.89,19600
HMH,2018-04-26,5.84,5.89,5.84,5.89,9110
HMH,2018-04-27,5.84,5.95,5.84,5.89,6900
HMH,2018-05-02,5.95,5.95,5.89,5.95,8300
HMH,2018-05-03,6.06,6.4,6.01,6.12,14751
HMH,2018-05-04,6.4,6.4,6.17,6.29,11400
HMH,2018-05-07,6.34,6.45,6.17,6.4,113000
HMH,2018-05-08,6.45,6.74,6.4,6.4,8904
HMH,2018-05-09,6.4,6.4,6.34,6.4,5380
HMH,2018-05-10,6.4,6.4,6.34,6.34,33647
HMH,2018-05-11,6.4,6.62,6.34,6.45,29275
HMH,2018-05-14,6.62,6.62,6.62,6.62,2006
HMH,2018-05-15,6.62,6.62,6.51,6.51,5500
HMH,2018-05-16,6.51,6.9,6.51,6.9,96100
HMH,2018-05-17,6.79,6.96,6.68,6.79,35922
HMH,2018-05-18,6.74,6.79,6.74,6.74,30300
HMH,2018-05-21,6.74,6.74,6.62,6.62,15500
HMH,2018-05-22,6.62,6.68,6.62,6.62,34449
HMH,2018-05-23,6.62,6.68,6.57,6.68,22022
HMH,2018-05-24,6.57,6.57,6.4,6.57,12507
HMH,2018-05-25,6.4,6.57,5.95,6.57,120500
HMH,2018-05-28,6.62,6.62,6.62,6.62,400
HMH,2018-05-29,6.62,6.62,6.29,6.57,26100
HMH,2018-05-30,6.34,6.51,6.34,6.51,55300
HMH,2018-05-31,6.45,6.51,6.45,6.51,6000
HMH,2018-06-01,6.45,6.62,6.45,6.51,10000
HMH,2018-06-04,6.51,6.79,6.51,6.79,76809
HMH,2018-06-05,6.74,6.74,6.74,6.74,549
HMH,2018-06-06,6.74,6.74,6.74,6.74,8400
HMH,2018-06-07,6.74,6.74,6.74,6.74,4200
HMH,2018-06-08,6.57,6.62,6.45,6.62,17680
HMH,2018-06-11,6.74,6.74,6.62,6.74,33400
HMH,2018-06-12,6.62,6.74,6.4,6.68,18899
HMH,2018-06-13,6.51,6.51,6.51,6.51,100
HMH,2018-06-14,6.57,6.68,6.57,6.68,4400
HMH,2018-06-15,6.57,6.68,6.57,6.68,11377
HMH,2018-06-18,6.62,6.68,6.62,6.62,23800
HMH,2018-06-19,6.62,6.62,6.57,6.57,8700
HMH,2018-06-20,6.57,6.57,6.57,6.57,0
HMH,2018-06-21,6.29,6.57,6.01,6.57,82900
HMH,2018-06-22,6.57,6.57,6.57,6.57,0
HMH,2018-06-25,6.01,6.51,6.01,6.51,4200
HMH,2018-06-26,5.95,6.51,5.95,6.51,1450
HMH,2018-06-27,6.23,6.62,6.23,6.62,27120
HMH,2018-06-28,6.57,6.68,6.57,6.68,57210
HMH,2018-06-29,6.57,6.68,6.51,6.68,66400
HMH,2018-07-02,6.68,6.74,6.51,6.51,49700
HMH,2018-07-03,6.57,6.57,6.17,6.51,34900
HMH,2018-07-04,6.51,6.51,6.51,6.51,21700
HMH,2018-07-05,6.62,6.68,6.51,6.57,80800
HMH,2018-07-06,6.57,6.74,6.57,6.74,97000
HMH,2018-07-09,6.68,6.74,6.68,6.68,6400
HMH,2018-07-10,6.68,6.79,6.68,6.74,272900
HMH,2018-07-11,6.79,6.79,6.74,6.74,26100
HMH,2018-07-12,6.74,6.85,6.74,6.85,19162
HMH,2018-07-13,6.79,6.85,6.79,6.79,20162
HMH,2018-07-16,6.79,6.9,6.79,6.9,23900
HMH,2018-07-17,6.9,6.96,6.9,6.9,16421
HMH,2018-07-18,6.96,7.46,6.96,7.41,121086
HMH,2018-07-19,7.18,7.35,7.18,7.3,15900
HMH,2018-07-20,7.24,7.35,7.24,7.3,37800
HMH,2018-07-23,7.18,7.52,7.18,7.46,97070
HMH,2018-07-24,7.35,7.46,7.35,7.41,36000
HMH,2018-07-25,7.35,7.41,7.3,7.41,46199
HMH,2018-07-26,7.3,7.52,7.3,7.46,86800
HMH,2018-07-27,7.35,7.63,7.35,7.58,132757
HMH,2018-07-30,7.46,7.63,7.46,7.63,70324
HMH,2018-07-31,7.63,7.63,7.18,7.52,178530
HMH,2018-08-01,7.35,7.41,7.18,7.35,95000
HMH,2018-08-02,7.3,7.35,7.18,7.24,33260
HMH,2018-08-03,7.24,7.35,7.24,7.35,144450
HMH,2018-08-06,7.3,7.35,7.24,7.3,47300
HMH,2018-08-07,7.24,7.3,7.24,7.3,71450
HMH,2018-08-08,7.3,7.3,7.24,7.24,10000
HMH,2018-08-09,7.24,7.24,7.02,7.24,51200
HMH,2018-08-10,7.18,7.18,7.07,7.07,11000
HMH,2018-08-13,7.18,7.18,7.18,7.18,1100
HMH,2018-08-14,7.24,7.24,7.24,7.24,15080
HMH,2018-08-15,7.24,7.24,7.24,7.24,9075
HMH,2018-08-16,7.24,7.24,7.13,7.24,700
HMH,2018-08-17,7.18,7.24,7.13,7.24,1200
HMH,2018-08-20,7.24,7.24,7.18,7.18,15750
HMH,2018-08-21,7.24,7.24,7.18,7.18,9200
HMH,2018-08-22,7.07,7.18,7.02,7.18,11722
HMH,2018-08-23,7.13,7.13,7.13,7.13,100
HMH,2018-08-24,7.13,7.13,7.13,7.13,0
HMH,2018-08-27,6.9,7.13,6.9,7.13,18400
HMH,2018-08-28,7.13,7.18,7.13,7.18,1000
HMH,2018-08-29,7.13,7.18,7.13,7.18,2000
HMH,2018-08-30,7.13,7.24,7.13,7.13,8572
HMH,2018-08-31,7.24,7.24,7.13,7.13,7100
HMH,2018-09-04,7.3,7.3,7.18,7.18,15800
HMH,2018-09-05,7.18,7.24,7.18,7.18,9104
HMH,2018-09-06,7.18,7.18,7.13,7.18,3208
HMH,2018-09-07,7.13,7.3,7.13,7.18,65800
HMH,2018-09-10,7.24,7.24,7.18,7.24,6000
HMH,2018-09-11,7.24,7.24,7.18,7.18,24400
HMH,2018-09-12,7.24,7.3,7.18,7.24,43493
HMH,2018-09-13,7.24,7.3,7.18,7.3,36200
HMH,2018-09-14,7.24,7.24,7.24,7.24,5300
HMH,2018-09-17,7.24,7.24,7.13,7.24,8135
HMH,2018-09-18,7.24,7.24,7.24,7.24,0
HMH,2018-09-19,7.24,7.24,7.24,7.24,0
HMH,2018-09-20,7.18,7.24,7.13,7.24,5705
HMH,2018-09-21,7.24,7.24,7.07,7.24,11899
HMH,2018-09-24,7.24,7.24,7.24,7.24,0
HMH,2018-09-25,7.18,7.24,7.18,7.18,5204
HMH,2018-09-26,7.24,7.24,7.18,7.18,7300
HMH,2018-09-27,7.18,7.24,7.18,7.24,1130
HMH,2018-09-28,7.24,7.3,7.24,7.3,4300
HMH,2018-10-01,7.24,7.3,7.24,7.24,6700
HMH,2018-10-02,7.24,7.24,7.24,7.24,5700
HMH,2018-10-03,7.24,7.24,7.02,7.24,3820
HMH,2018-10-04,7.24,7.24,7.24,7.24,0
HMH,2018-10-05,7.13,7.3,7.13,7.3,15800
HMH,2018-10-08,7.24,7.24,7.24,7.24,4800
HMH,2018-10-09,7.3,7.3,7.24,7.24,14500
HMH,2018-10-10,7.3,7.3,7.3,7.3,10000
HMH,2018-10-11,7.6,7.84,7.24,7.3,43514
HMH,2018-10-12,7.3,7.3,7.17,7.17,15710
HMH,2018-10-15,7.17,7.17,7.17,7.17,17100
HMH,2018-10-16,7.17,7.17,7.17,7.17,32400
HMH,2018-10-17,7.24,7.24,7.17,7.17,1900
HMH,2018-10-18,7.24,7.3,7.24,7.3,22200
HMH,2018-10-19,7.24,7.24,7.24,7.24,13300
HMH,2018-10-22,7.3,7.42,7.24,7.24,25000
HMH,2018-10-23,7.3,7.3,7.24,7.24,15000
HMH,2018-10-24,7.24,7.24,7.24,7.24,5200
HMH,2018-10-25,7.24,7.24,7.24,7.24,0
HMH,2018-10-26,7.24,7.24,7.24,7.24,0
HMH,2018-10-29,7.24,7.24,7.24,7.24,0
HMH,2018-10-30,6.93,7.24,6.93,7.24,7700
HMH,2018-10-31,7.17,7.24,7.17,7.24,4100
HMH,2018-11-01,7.17,7.24,7.17,7.24,4400
HMH,2018-11-02,7.17,7.17,6.87,6.87,1500
HMH,2018-11-05,6.87,6.87,6.87,6.87,700
HMH,2018-11-06,6.87,7.05,6.87,7.05,3354
HMH,2018-11-07,7.05,7.05,7.05,7.05,0
HMH,2018-11-08,7.05,7.05,7.05,7.05,0
HMH,2018-11-09,6.75,7.05,6.69,6.87,2886
HMH,2018-11-12,7.05,7.17,7.05,7.17,15600
HMH,2018-11-13,7.17,7.17,7.17,7.17,9900
HMH,2018-11-14,6.99,6.99,6.99,6.99,199
HMH,2018-11-15,7.11,7.17,6.81,7.17,31100
HMH,2018-11-16,7.11,7.11,7.11,7.11,900
HMH,2018-11-19,7.11,7.11,7.11,7.11,0
HMH,2018-11-20,7.11,7.11,7.11,7.11,0
HMH,2018-11-21,7.05,7.05,7.05,7.05,300
HMH,2018-11-22,7.05,7.05,7.05,7.05,0
HMH,2018-11-23,6.81,7.11,6.81,7.11,10100
HMH,2018-11-26,6.99,7.11,6.99,7.11,5120
HMH,2018-11-27,6.99,7.11,6.99,6.99,4300
HMH,2018-11-28,7.05,7.11,7.05,7.05,500
HMH,2018-11-29,7.05,7.11,6.99,7.11,7520
HMH,2018-11-30,7.11,7.11,7.11,7.11,0
HMH,2018-12-03,7.05,7.05,7.05,7.05,100
HMH,2018-12-04,7.05,7.11,6.81,7.11,4600
HMH,2018-12-05,7.05,7.11,7.05,7.11,3100
HMH,2018-12-06,7.11,7.11,6.93,6.93,4000
HMH,2018-12-07,7.11,7.11,7.11,7.11,100
HMH,2018-12-10,7.05,7.11,7.05,7.11,2100
HMH,2018-12-11,7.11,7.11,6.99,6.99,2500
HMH,2018-12-12,7.05,7.11,7.05,7.11,2500
HMH,2018-12-13,7.11,7.6,7.11,7.24,72000
HMH,2018-12-14,7.24,7.48,7.24,7.36,24300
HMH,2018-12-17,7.3,7.3,7.24,7.24,8000
HMH,2018-12-18,7.24,7.24,7.24,7.24,500
HMH,2018-12-19,7.17,7.17,7.17,7.17,3500
HMH,2018-12-20,7.54,7.54,7.42,7.42,200
HMH,2018-12-21,7.36,7.54,7.3,7.3,410
HMH,2018-12-24,7.3,7.3,7.3,7.3,400
HMH,2018-12-25,7.3,7.3,7.3,7.3,0
HMH,2018-12-26,7.3,7.3,7.3,7.3,0
HMH,2018-12-27,7.3,7.48,7.3,7.48,3100
HMH,2018-12-28,7.36,7.42,7.36,7.42,15600
HMH,2019-01-02,7.36,7.36,7.36,7.36,1100
HMH,2019-01-03,7.3,7.3,7.17,7.3,9900
HMH,2019-01-04,7.11,7.11,7.11,7.11,100
HMH,2019-01-07,7.3,7.3,7.3,7.3,100
HMH,2019-01-08,7.3,7.36,7.3,7.36,5300
HMH,2019-01-09,7.42,7.42,7.36,7.36,2100
HMH,2019-01-10,7.36,7.36,7.29,7.29,5300
HMH,2019-01-11,7.29,7.36,7.29,7.36,16020
HMH,2019-01-14,7.36,7.42,7.29,7.42,18200
HMH,2019-01-15,7.36,7.36,7.29,7.29,4300
HMH,2019-01-16,7.29,7.29,7.29,7.29,0
HMH,2019-01-17,7.29,7.29,7.29,7.29,100
HMH,2019-01-18,7.29,7.29,7.29,7.29,0
HMH,2019-01-21,7.29,7.29,7.29,7.29,0
HMH,2019-01-22,7.16,7.29,7.16,7.29,300
HMH,2019-01-23,7.16,7.36,7.16,7.29,3400
HMH,2019-01-24,7.29,7.29,7.29,7.29,3600
HMH,2019-01-25,7.29,7.29,7.29,7.29,1000
HMH,2019-01-28,7.29,7.29,7.29,7.29,0
HMH,2019-01-29,7.29,7.29,7.29,7.29,2000
HMH,2019-01-30,7.29,7.29,7.29,7.29,2000
HMH,2019-01-31,7.29,7.29,7.29,7.29,0
HMH,2019-02-01,7.16,7.16,7.16,7.16,10010
HMH,2019-02-11,7.16,7.16,7.16,7.16,5049
HMH,2019-02-12,7.23,7.23,7.23,7.23,100
HMH,2019-02-13,7.23,7.23,7.23,7.23,6900
HMH,2019-02-14,7.23,7.23,7.23,7.23,7700
HMH,2019-02-15,7.23,7.23,7.23,7.23,840
HMH,2019-02-18,7.16,7.23,7.16,7.23,5610
HMH,2019-02-19,7.23,7.23,7.23,7.23,12000
HMH,2019-02-20,7.23,7.23,7.16,7.16,16200
HMH,2019-02-21,7.16,7.16,7.16,7.16,19800
HMH,2019-02-22,7.16,7.16,7.16,7.16,14400
HMH,2019-02-25,7.16,7.16,7.16,7.16,10700
HMH,2019-02-26,7.16,7.16,7.16,7.16,7905
HMH,2019-02-27,7.23,7.23,7.16,7.16,6010
HMH,2019-02-28,7.16,7.16,7.16,7.16,5000
HMH,2019-03-01,7.16,7.16,7.16,7.16,2105
HMH,2019-03-04,7.16,7.16,7.16,7.16,999
HMH,2019-03-05,7.16,7.16,7.16,7.16,900
HMH,2019-03-06,7.16,7.16,7.16,7.16,0
HMH,2019-03-07,7.23,7.23,7.16,7.16,1500
HMH,2019-03-08,7.16,7.16,7.16,7.16,2070
HMH,2019-03-11,7.23,7.23,7.16,7.23,16500
HMH,2019-03-12,7.23,7.29,7.23,7.29,8000
HMH,2019-03-13,7.29,7.29,7.23,7.23,8200
HMH,2019-03-14,7.23,7.23,7.1,7.16,3300
HMH,2019-03-15,7.16,7.16,7.16,7.16,8200
HMH,2019-03-18,7.16,7.16,7.16,7.16,6100
HMH,2019-03-19,6.45,7.16,6.45,7.16,2109
HMH,2019-03-20,7.16,7.16,7.16,7.16,4000
HMH,2019-03-21,7.16,7.16,7.16,7.16,6000
HMH,2019-03-22,7.16,7.16,7.16,7.16,4000
HMH,2019-03-25,7.16,7.16,7.16,7.16,0
HMH,2019-03-26,7.16,7.16,7.16,7.16,0
HMH,2019-03-27,7.16,7.16,7.16,7.16,0
HMH,2019-03-28,7.16,7.16,7.16,7.16,0
HMH,2019-03-29,7.16,7.16,7.16,7.16,9000
HMH,2019-04-01,7.16,7.16,7.16,7.16,18200
HMH,2019-04-02,7.16,7.16,7.16,7.16,22650
HMH,2019-04-03,7.16,7.16,7.03,7.16,12700
HMH,2019-04-04,7.1,7.1,7.1,7.1,2000
HMH,2019-04-05,7.16,7.16,7.16,7.16,500
HMH,2019-04-08,7.16,7.16,7.16,7.16,500
HMH,2019-04-09,7.16,7.16,7.16,7.16,100
HMH,2019-04-10,7.16,7.16,7.16,7.16,2000
HMH,2019-04-11,7.16,7.16,7.16,7.16,3101
HMH,2019-04-12,7.16,7.16,7.16,7.16,800
HMH,2019-04-16,7.1,7.1,7.1,7.1,130
HMH,2019-04-17,7.1,7.16,7.1,7.16,700
HMH,2019-04-18,7.16,7.16,7.1,7.1,55301
HMH,2019-04-19,7.16,7.16,7.16,7.16,34000
HMH,2019-04-22,7.16,7.16,7.16,7.16,10600
HMH,2019-04-23,7.16,7.16,7.16,7.16,4800
HMH,2019-04-24,7.16,7.16,7.16,7.16,6800
HMH,2019-04-25,7.16,7.29,7.16,7.16,18500
HMH,2019-04-26,7.16,7.29,7.16,7.29,32600
HMH,2019-05-02,7.23,7.23,7.16,7.23,36600
HMH,2019-05-03,7.16,7.16,7.16,7.16,10500
HMH,2019-05-06,7.16,7.16,7.16,7.16,0
HMH,2019-05-07,7.16,7.16,6.45,7.16,20400
HMH,2019-05-08,7.16,7.16,7.16,7.16,10600
HMH,2019-05-09,7.16,7.16,7.16,7.16,0
HMH,2019-05-10,6.45,7.16,6.45,7.16,1280
HMH,2019-05-13,7.16,7.16,7.16,7.16,0
HMH,2019-05-14,7.16,7.16,7.16,7.16,0
HMH,2019-05-15,7.16,7.16,7.16,7.16,48400
HMH,2019-05-16,7.16,7.16,7.16,7.16,65100
HMH,2019-05-17,7.16,7.16,7.16,7.16,10711
HMH,2019-05-20,7.16,7.16,7.16,7.16,0
HMH,2019-05-21,7.16,7.16,7.16,7.16,0
HMH,2019-05-22,7.16,7.16,7.16,7.16,0
HMH,2019-05-23,7.16,7.16,7.16,7.16,2500
HMH,2019-05-24,7.16,7.16,7.16,7.16,2500
HMH,2019-05-27,7.16,7.16,7.16,7.16,0
HMH,2019-05-28,7.16,7.16,7.16,7.16,14500
HMH,2019-05-29,7.16,7.16,7.16,7.16,15800
HMH,2019-05-30,7.16,7.16,6.84,6.9,7917
HMH,2019-05-31,7.1,7.16,7.1,7.16,300
HMH,2019-06-03,7.16,7.16,7.16,7.16,0
HMH,2019-06-04,6.97,7.1,6.97,7.1,12130
HMH,2019-06-05,6.97,7.16,6.97,7.16,1000
HMH,2019-06-06,6.97,7.16,6.64,7.16,3700
HMH,2019-06-07,7.16,7.16,7.16,7.16,0
HMH,2019-06-10,7.16,7.16,7.16,7.16,0
HMH,2019-06-11,6.84,6.9,6.84,6.9,800
HMH,2019-06-12,7.16,7.16,7.16,7.16,116
HMH,2019-06-13,6.45,7.16,6.45,7.16,200
HMH,2019-06-14,7.16,7.16,7.16,7.16,0
HMH,2019-06-17,7.16,7.16,7.16,7.16,58
HMH,2019-06-18,7.16,7.16,7.16,7.16,10
HMH,2019-06-19,6.77,6.77,6.77,6.77,160
HMH,2019-06-20,6.77,6.77,6.51,6.64,42900
HMH,2019-06-21,6.51,6.64,6.51,6.51,28000
HMH,2019-06-24,6.51,6.51,6.51,6.51,25100
HMH,2019-06-25,6.51,6.51,6.45,6.45,22000
HMH,2019-06-26,6.45,6.45,6.45,6.45,5200
HMH,2019-06-27,6.45,6.45,6.45,6.45,0
HMH,2019-06-28,6.84,6.84,6.51,6.51,400
HMH,2019-07-01,6.97,6.97,6.97,6.97,100
HMH,2019-07-02,6.32,7.1,6.32,7.1,200
HMH,2019-07-03,6.45,6.9,6.45,6.9,210
HMH,2019-07-04,6.58,6.58,6.58,6.58,100
HMH,2019-07-05,6.77,6.77,6.77,6.77,500
HMH,2019-07-08,6.64,6.64,6.51,6.51,6000
HMH,2019-07-09,6.51,6.51,6.51,6.51,0
HMH,2019-07-10,6.84,6.84,6.84,6.84,150
HMH,2019-07-11,6.51,6.64,6.51,6.58,19600
HMH,2019-07-12,6.58,6.58,6.58,6.58,2000
HMH,2019-07-15,6.58,6.58,6.58,6.58,4000
HMH,2019-07-16,6.84,6.84,6.58,6.58,17000
HMH,2019-07-17,6.58,6.58,6.58,6.58,300
HMH,2019-07-18,6.58,6.58,6.58,6.58,2315
HMH,2019-07-19,6.58,6.58,6.58,6.58,19200
HMH,2019-07-22,6.58,6.64,6.58,6.58,10058
HMH,2019-07-23,6.58,6.58,6.58,6.58,2400
HMH,2019-07-24,6.58,6.58,6.58,6.58,10000
HMH,2019-07-25,6.51,6.51,6.51,6.51,18000
HMH,2019-07-26,6.51,6.58,6.51,6.58,28770
HMH,2019-07-29,6.58,6.58,6.58,6.58,5000
HMH,2019-07-30,6.58,6.58,6.58,6.58,20
HMH,2019-07-31,6.58,6.58,6.51,6.51,2700
HMH,2019-08-01,6.51,6.51,6.45,6.45,9400
HMH,2019-08-02,6.38,6.45,6.38,6.45,6000
HMH,2019-08-05,6.45,6.45,6.45,6.45,800
HMH,2019-08-06,6.45,6.51,6.45,6.51,5900
HMH,2019-08-07,6.51,6.51,6.51,6.51,10972
HMH,2019-08-08,6.51,6.71,6.51,6.71,2600
HMH,2019-08-09,6.51,6.51,6.19,6.19,101000
HMH,2019-08-12,6.32,6.32,5.99,6.12,186900
HMH,2019-08-13,6.12,6.12,5.92,5.92,114100
HMH,2019-08-14,6.25,6.25,6.25,6.25,1500
HMH,2019-08-15,6.58,6.58,6.58,6.58,100
HMH,2019-08-16,5.99,6.25,5.99,6.05,5000
HMH,2019-08-19,6.25,6.25,6.25,6.25,300
HMH,2019-08-20,6.25,6.25,6.25,6.25,100
HMH,2019-08-21,6.38,6.38,6.38,6.38,108
HMH,2019-08-22,6.32,6.51,6.32,6.51,1500
HMH,2019-08-23,6.45,6.45,6.45,6.45,1500
HMH,2019-08-26,6.51,6.51,6.25,6.25,600
HMH,2019-08-27,6.38,6.38,6.38,6.38,1000
HMH,2019-08-28,6.38,6.38,6.38,6.38,68
HMH,2019-08-29,6.38,6.38,6.38,6.38,0
HMH,2019-08-30,6.38,6.51,6.38,6.51,3400
HMH,2019-09-03,6.51,6.51,6.51,6.51,3000
HMH,2019-09-04,6.51,6.51,6.51,6.51,5000
HMH,2019-09-05,6.51,6.51,6.51,6.51,400
HMH,2019-09-06,6.51,6.51,6.51,6.51,0
HMH,2019-09-09,6.51,6.51,6.51,6.51,0
HMH,2019-09-10,6.19,6.19,6.19,6.19,100
HMH,2019-09-11,6.19,6.19,6.19,6.19,0
HMH,2019-09-12,6.19,6.19,6.19,6.19,0
HMH,2019-09-13,6.19,6.19,6.19,6.19,31
HMH,2019-09-16,6.19,6.19,6.19,6.19,0
HMH,2019-09-17,6.19,6.19,6.19,6.19,132
HMH,2019-09-18,6.19,6.19,6.19,6.19,0
HMH,2019-09-19,6.19,6.19,6.19,6.19,0
HMH,2019-09-20,6.25,6.25,6.25,6.25,200
HMH,2019-09-23,6.25,6.25,6.25,6.25,0
HMH,2019-09-24,6.25,6.25,6.25,6.25,0
HMH,2019-09-25,6.25,6.25,6.25,6.25,0
HMH,2019-09-26,6.51,6.51,6.51,6.51,2000
HMH,2019-09-27,6.25,6.51,6.25,6.51,1100
HMH,2019-09-30,6.51,6.51,6.51,6.51,5500
HMH,2019-10-01,6.51,6.51,6.51,6.51,10
HMH,2019-10-02,6.38,6.38,6.38,6.38,2000
HMH,2019-10-03,6.38,6.38,6.38,6.38,60
HMH,2019-10-04,6.38,6.38,6.38,6.38,200
HMH,2019-10-07,6.38,6.38,6.25,6.25,2200
HMH,2019-10-08,6.38,6.38,6.38,6.38,200
HMH,2019-10-09,6.38,6.38,6.38,6.38,40
HMH,2019-10-10,6.38,6.38,6.38,6.38,200
HMH,2019-10-11,6.38,6.38,6.38,6.38,1200
HMH,2019-10-14,6.38,6.38,6.38,6.38,100
HMH,2019-10-15,6.38,6.38,6.38,6.38,0
HMH,2019-10-16,6.38,6.58,6.38,6.51,2800
HMH,2019-10-17,6.51,6.51,6.51,6.51,921
HMH,2019-10-18,6.51,6.51,6.51,6.51,0
HMH,2019-10-21,6.51,6.51,6.51,6.51,0
HMH,2019-10-22,6.32,6.32,6.32,6.32,2000
HMH,2019-10-23,6.32,6.32,6.32,6.32,0
HMH,2019-10-24,6.32,6.32,6.32,6.32,0
HMH,2019-10-25,6.32,6.32,6.32,6.32,0
HMH,2019-10-28,6.19,6.32,6.19,6.32,800
HMH,2019-10-29,6.32,6.38,6.32,6.32,6800
HMH,2019-10-30,6.38,6.38,6.38,6.38,700
HMH,2019-10-31,6.32,6.38,6.32,6.38,7000
HMH,2019-11-01,6.45,6.45,6.45,6.45,1000
HMH,2019-11-04,6.45,6.45,6.45,6.45,200
HMH,2019-11-05,6.45,6.45,6.45,6.45,0
HMH,2019-11-06,6.38,6.45,6.38,6.45,2800
HMH,2019-11-07,6.64,6.64,6.51,6.51,3200
HMH,2019-11-08,6.51,6.51,6.38,6.45,12302
HMH,2019-11-11,6.84,6.84,6.45,6.71,14500
HMH,2019-11-12,6.71,6.71,6.71,6.71,2500
HMH,2019-11-13,6.71,6.71,6.64,6.64,8200
HMH,2019-11-14,6.64,6.64,6.64,6.64,1410
HMH,2019-11-15,6.64,6.64,6.64,6.64,10
HMH,2019-11-18,6.58,6.58,6.51,6.51,3025
HMH,2019-11-19,6.51,6.51,6.51,6.51,20
HMH,2019-11-20,6.51,6.51,6.51,6.51,10
HMH,2019-11-21,6.64,6.71,6.64,6.71,1170
HMH,2019-11-22,6.51,6.51,6.51,6.51,2700
HMH,2019-11-25,6.51,6.51,6.51,6.51,0
HMH,2019-11-26,6.58,6.64,6.58,6.64,6000
HMH,2019-11-27,6.64,6.64,6.64,6.64,50
HMH,2019-11-28,6.64,6.64,6.64,6.64,2000
HMH,2019-11-29,6.71,6.71,6.71,6.71,1000
HMH,2019-12-02,6.71,6.71,6.71,6.71,50
HMH,2019-12-03,6.51,6.51,6.51,6.51,100
HMH,2019-12-04,6.51,6.51,6.51,6.51,10000
HMH,2019-12-05,6.58,6.64,6.58,6.64,4870
HMH,2019-12-06,6.64,6.64,6.64,6.64,0
HMH,2019-12-09,7.36,7.36,7.36,7.36,0
HMH,2019-12-10,7.15,7.15,6.64,6.64,600
HMH,2019-12-11,6.64,6.64,6.64,6.64,0
HMH,2019-12-12,6.57,6.57,6.57,6.57,200
HMH,2019-12-13,6.42,6.42,6.42,6.42,4000
HMH,2019-12-16,6.42,6.42,6.42,6.42,0
HMH,2019-12-17,6.5,6.86,6.5,6.86,800
HMH,2019-12-18,7.22,7.22,7.22,7.22,100
HMH,2019-12-19,7.22,7.22,7.22,7.22,0
HMH,2019-12-20,7.22,7.22,7.22,7.22,50
HMH,2019-12-23,7.22,7.22,7.22,7.22,0
HMH,2019-12-24,7.22,7.22,7.22,7.22,0
HMH,2019-12-25,7.22,7.22,7.22,7.22,4620
HMH,2019-12-26,7.22,7.22,7.22,7.22,8300
HMH,2019-12-27,7.22,7.22,7.22,7.22,29
HMH,2019-12-30,7.22,7.22,7.22,7.22,0
HMH,2019-12-31,7.22,7.22,7.22,7.22,1000
HMH,2020-01-02,7.43,7.43,7.43,7.43,100
HMH,2020-01-03,6.71,6.71,6.71,6.71,1400
HMH,2020-01-06,6.71,6.71,6.71,6.71,0
HMH,2020-01-07,6.71,6.71,6.71,6.71,100
HMH,2020-01-08,6.71,6.71,6.71,6.71,0
HMH,2020-01-09,6.71,6.71,6.71,6.71,0
HMH,2020-01-10,7.15,7.15,7.15,7.15,100
HMH,2020-01-13,7.15,7.15,7.15,7.15,0
HMH,2020-01-14,7.15,7.15,7.15,7.15,0
HMH,2020-01-15,7.15,7.15,7.15,7.15,0
HMH,2020-01-16,7.0,7.0,7.0,7.0,100
HMH,2020-01-17,7.0,7.0,7.0,7.0,0
HMH,2020-01-20,7.0,7.0,7.0,7.0,0
HMH,2020-01-21,7.0,7.0,7.0,7.0,0
HMH,2020-01-22,7.0,7.0,7.0,7.0,0
HMH,2020-01-30,7.0,7.0,7.0,7.0,0
HMH,2020-01-31,7.0,7.0,7.0,7.0,0
HMH,2020-02-03,7.0,7.0,7.0,7.0,0
HMH,2020-02-04,7.15,7.15,7.15,7.15,100
HMH,2020-02-05,6.5,7.07,6.5,7.07,5100
HMH,2020-02-06,7.07,7.07,7.07,7.07,0
HMH,2020-02-07,7.07,7.07,7.07,7.07,69
HMH,2020-02-10,6.78,6.78,6.71,6.78,12100
HMH,2020-02-11,6.78,6.78,6.78,6.78,0
HMH,2020-02-12,6.78,6.78,6.78,6.78,6140
HMH,2020-02-13,6.78,6.78,6.78,6.78,1720
HMH,2020-02-14,6.78,6.78,6.78,6.78,100
HMH,2020-02-17,6.71,6.71,6.71,6.71,500
HMH,2020-02-18,6.86,6.86,6.71,6.71,4400
HMH,2020-02-19,6.71,6.78,6.71,6.78,4549
HMH,2020-02-20,6.78,6.78,6.71,6.71,4500
HMH,2020-02-21,6.71,6.71,6.71,6.71,8000
HMH,2020-02-24,6.71,6.71,6.64,6.64,6200
HMH,2020-02-25,6.64,6.64,6.64,6.64,0
HMH,2020-02-26,6.64,6.64,6.57,6.64,1710
HMH,2020-02-27,6.64,6.64,6.64,6.64,0
HMH,2020-02-28,6.64,6.64,6.57,6.57,12000
HMH,2020-03-02,6.5,6.5,6.5,6.5,4100
HMH,2020-03-03,6.5,6.5,6.5,6.5,0
HMH,2020-03-04,6.5,6.5,6.5,6.5,0
HMH,2020-03-05,6.5,6.5,6.5,6.5,0
HMH,2020-03-06,6.5,6.5,6.5,6.5,0
HMH,2020-03-09,6.5,6.5,6.5,6.5,5000
HMH,2020-03-10,6.5,6.5,6.5,6.5,30
HMH,2020-03-11,6.5,6.5,6.5,6.5,1000
HMH,2020-03-12,5.92,6.5,5.92,6.5,800
HMH,2020-03-13,6.5,6.5,6.5,6.5,1015
HMH,2020-03-16,6.5,6.5,6.5,6.5,0
HMH,2020-03-17,6.5,6.5,6.5,6.5,20
HMH,2020-03-18,6.5,6.5,6.5,6.5,550
HMH,2020-03-19,5.85,7.0,5.85,7.0,190000
HMH,2020-03-20,7.0,7.0,7.0,7.0,0
HMH,2020-03-23,7.0,7.0,7.0,7.0,0
HMH,2020-03-24,6.35,6.35,6.35,6.35,5600
HMH,2020-03-25,6.35,6.35,6.35,6.35,0
HMH,2020-03-26,6.35,6.35,6.35,6.35,0
HMH,2020-03-27,6.35,6.35,6.35,6.35,0
HMH,2020-03-30,6.42,6.42,6.42,6.42,300
HMH,2020-03-31,6.42,6.42,6.42,6.42,30
HMH,2020-04-01,5.85,6.35,5.85,6.35,9300
HMH,2020-04-03,6.28,6.28,6.28,6.28,900
HMH,2020-04-06,6.28,6.28,6.28,6.28,700
HMH,2020-04-07,6.28,6.28,6.28,6.28,1000
HMH,2020-04-08,6.28,6.28,6.28,6.28,0
HMH,2020-04-09,6.28,6.28,6.28,6.28,0
HMH,2020-04-10,6.28,6.28,6.28,6.28,78
HMH,2020-04-13,6.28,6.28,6.28,6.28,0
HMH,2020-04-14,6.14,6.14,6.14,6.14,9730
HMH,2020-04-15,6.14,6.28,6.14,6.28,700
HMH,2020-04-16,6.28,6.28,6.28,6.28,10700
HMH,2020-04-17,6.28,6.42,6.21,6.28,33000
HMH,2020-04-20,6.28,6.28,6.28,6.28,0
HMH,2020-04-21,6.14,6.14,6.14,6.14,6600
HMH,2020-04-22,6.14,6.14,6.14,6.14,5030
HMH,2020-04-23,6.28,6.28,6.28,6.28,2200
HMH,2020-04-24,6.28,6.28,6.28,6.28,0
HMH,2020-04-27,6.21,6.21,6.21,6.21,100
HMH,2020-04-28,6.21,6.21,6.21,6.21,3030
HMH,2020-04-29,6.21,6.21,6.21,6.21,0
HMH,2020-05-04,6.21,6.21,6.21,6.21,100
HMH,2020-05-05,6.14,6.14,6.14,6.14,10300
HMH,2020-05-06,6.14,6.14,6.14,6.14,0
HMH,2020-05-07,6.14,6.14,6.14,6.14,0
HMH,2020-05-08,6.14,6.14,6.14,6.14,0
HMH,2020-05-11,6.14,6.14,6.14,6.14,0
HMH,2020-05-12,6.14,6.14,6.14,6.14,1500
HMH,2020-05-13,6.14,6.14,6.14,6.14,0
HMH,2020-05-14,6.14,6.14,6.14,6.14,100
HMH,2020-05-15,6.14,6.14,6.14,6.14,0
HMH,2020-05-18,6.14,6.14,6.14,6.14,0
HMH,2020-05-19,5.85,5.85,5.85,5.85,1000
HMH,2020-05-20,5.85,5.85,5.85,5.85,0
HMH,2020-05-21,5.92,6.28,5.92,6.28,12412
HMH,2020-05-22,6.21,6.21,6.21,6.21,2220
HMH,2020-05-25,6.21,6.21,6.21,6.21,100
HMH,2020-05-26,6.21,6.21,6.21,6.21,0
HMH,2020-05-27,6.21,6.21,6.21,6.21,0
HMH,2020-05-28,6.21,6.21,6.21,6.21,37
HMH,2020-05-29,6.28,6.28,6.28,6.28,200
HMH,2020-06-01,6.28,6.28,6.14,6.14,1100
HMH,2020-06-02,6.71,6.71,6.71,6.71,100
HMH,2020-06-03,6.71,6.71,6.71,6.71,3000
HMH,2020-06-04,6.28,6.28,6.28,6.28,600
HMH,2020-06-05,6.28,6.42,6.28,6.42,200
HMH,2020-06-08,6.42,6.42,6.42,6.42,0
HMH,2020-06-09,6.21,6.21,6.14,6.14,2500
HMH,2020-06-10,6.14,6.14,6.14,6.14,0
HMH,2020-06-11,6.42,6.5,6.42,6.42,10700
HMH,2020-06-12,6.42,6.42,6.42,6.42,0
HMH,2020-06-15,6.86,6.86,6.86,6.86,500
HMH,2020-06-16,6.86,6.86,6.86,6.86,0
HMH,2020-06-17,6.57,6.57,6.57,6.57,1800
HMH,2020-06-18,7.22,7.22,7.22,7.22,100
HMH,2020-06-19,7.22,7.22,7.22,7.22,0
HMH,2020-06-22,7.22,7.22,7.22,7.22,10
HMH,2020-06-23,6.93,6.93,6.93,6.93,500
HMH,2020-06-24,6.71,6.71,6.71,6.71,1300
HMH,2020-06-25,6.71,6.71,6.71,6.71,0
HMH,2020-06-26,6.57,6.57,6.57,6.57,300
HMH,2020-06-29,6.57,6.57,6.57,6.57,0
HMH,2020-06-30,7.22,7.22,7.22,7.22,108
HMH,2020-07-01,7.22,7.22,7.22,7.22,0
HMH,2020-07-02,7.22,7.22,7.22,7.22,0
HMH,2020-07-03,7.22,7.22,7.22,7.22,1
HMH,2020-07-06,7.22,7.22,7.22,7.22,0
HMH,2020-07-07,7.22,7.22,7.22,7.22,0
HMH,2020-07-08,7.22,7.22,7.22,7.22,0
HMH,2020-07-09,7.22,7.22,7.22,7.22,0
HMH,2020-07-10,7.22,7.22,7.22,7.22,0
HMH,2020-07-13,7.22,7.22,7.22,7.22,0
HMH,2020-07-14,7.22,7.22,7.22,7.22,0
HMH,2020-07-15,7.22,7.22,7.22,7.22,10
HMH,2020-07-16,6.5,6.5,6.5,6.5,100
HMH,2020-07-17,6.5,6.5,6.5,6.5,0
HMH,2020-07-20,6.5,6.5,6.5,6.5,0
HMH,2020-07-21,7.15,7.15,7.15,7.15,100
HMH,2020-07-22,7.15,7.15,7.15,7.15,0
HMH,2020-07-23,7.15,7.15,7.15,7.15,0
HMH,2020-07-24,7.15,7.15,7.15,7.15,0
HMH,2020-07-27,7.15,7.15,7.15,7.15,0
HMH,2020-07-28,7.15,7.15,7.15,7.15,0
HMH,2020-07-29,7.15,7.15,7.15,7.15,0
HMH,2020-07-30,7.22,7.22,7.22,7.22,100
HMH,2020-07-31,7.22,7.22,7.22,7.22,0
HMH,2020-08-03,7.22,7.22,7.22,7.22,0
HMH,2020-08-04,7.22,7.22,7.22,7.22,0
HMH,2020-08-05,6.5,6.5,6.5,6.5,180
HMH,2020-08-06,6.14,6.21,6.14,6.21,11000
HMH,2020-08-07,6.78,6.78,6.78,6.78,100
HMH,2020-08-10,6.78,6.78,6.78,6.78,0
HMH,2020-08-11,6.64,6.64,6.5,6.5,1100
HMH,2020-08-12,6.5,6.5,6.5,6.5,100
HMH,2020-08-13,6.5,6.5,6.5,6.5,1200
HMH,2020-08-14,7.15,7.15,7.15,7.15,100
HMH,2020-08-17,7.15,7.15,7.15,7.15,0
HMH,2020-08-18,7.15,7.15,7.15,7.15,0
HMH,2020-08-19,7.15,7.15,7.15,7.15,0
HMH,2020-08-20,6.5,6.5,6.5,6.5,1100
HMH,2020-08-21,7.15,7.15,6.35,6.35,300
HMH,2020-08-24,6.93,6.93,6.93,6.93,100
HMH,2020-08-25,6.93,6.93,6.93,6.93,0
HMH,2020-08-26,6.93,6.93,6.93,6.93,0
HMH,2020-08-27,6.93,6.93,6.93,6.93,0
HMH,2020-08-28,6.93,7.22,6.93,7.22,1901
HMH,2020-08-31,6.5,6.5,6.5,6.5,100
HMH,2020-09-01,7.15,7.15,6.57,6.57,200
HMH,2020-09-03,7.22,7.22,6.78,6.78,200
HMH,2020-09-04,7.22,7.22,6.5,6.5,400
HMH,2020-09-07,6.5,6.5,6.5,6.5,500
HMH,2020-09-08,6.28,6.28,6.28,6.28,100
HMH,2020-09-09,6.78,6.78,6.78,6.78,1600
HMH,2020-09-10,6.71,6.71,6.71,6.71,1100
HMH,2020-09-11,6.64,6.64,6.64,6.64,1300
HMH,2020-09-14,6.64,6.64,6.64,6.64,1100
HMH,2020-09-15,6.64,6.64,6.64,6.64,0
HMH,2020-09-16,6.64,6.64,6.64,6.64,0
HMH,2020-09-17,6.64,6.64,6.64,6.64,0
HMH,2020-09-18,7.15,7.15,6.64,6.64,3100
HMH,2020-09-21,6.64,6.64,6.64,6.64,0
HMH,2020-09-22,6.35,6.35,6.35,6.35,1000
HMH,2020-09-23,6.93,6.93,6.93,6.93,100
HMH,2020-09-24,6.93,6.93,6.93,6.93,0
HMH,2020-09-25,6.93,6.93,6.93,6.93,0
HMH,2020-09-28,6.93,6.93,6.93,6.93,0
HMH,2020-09-29,7.15,7.15,7.15,7.15,500
HMH,2020-09-30,7.15,7.15,7.15,7.15,0
HMH,2020-10-01,6.5,6.5,6.5,6.5,600
HMH,2020-10-02,6.5,6.5,6.5,6.5,0
HMH,2020-10-05,7.15,7.15,7.15,7.15,100
HMH,2020-10-06,7.15,7.15,7.15,7.15,0
HMH,2020-10-07,7.15,7.15,7.15,7.15,0
HMH,2020-10-08,7.15,7.15,7.15,7.15,0
HMH,2020-10-09,7.15,7.15,7.15,7.15,0
HMH,2020-10-12,7.15,7.15,7.15,7.15,0
HMH,2020-10-13,7.15,7.15,7.15,7.15,0
HMH,2020-10-14,7.15,7.15,7.15,7.15,0
HMH,2020-10-15,6.5,6.5,6.5,6.5,300
HMH,2020-10-16,6.5,6.5,6.5,6.5,0
HMH,2020-10-19,7.15,7.15,7.15,7.15,100
HMH,2020-10-20,7.15,7.15,7.15,7.15,0
HMH,2020-10-21,7.15,7.15,7.15,7.15,0
HMH,2020-10-22,7.07,7.07,7.07,7.07,1000
HMH,2020-10-23,7.07,7.07,7.07,7.07,0
HMH,2020-10-26,7.07,7.07,7.07,7.07,0
HMH,2020-10-27,6.64,6.64,6.64,6.64,1000
HMH,2020-10-28,7.29,7.29,7.29,7.29,100
HMH,2020-10-29,6.57,7.07,6.57,7.07,1500
HMH,2020-10-30,7.07,7.07,7.07,7.07,6000
HMH,2020-11-02,7.07,7.07,7.0,7.0,18200
HMH,2020-11-03,7.0,7.0,6.5,6.5,5100
HMH,2020-11-04,7.0,7.0,7.0,7.0,3400
HMH,2020-11-05,6.86,6.86,6.86,6.86,2100
HMH,2020-11-06,6.86,6.93,6.86,6.86,8000
HMH,2020-11-09,6.86,6.86,6.86,6.86,1100
HMH,2020-11-10,6.86,6.86,6.57,6.86,15600
HMH,2020-11-11,6.78,6.86,6.78,6.86,15300
HMH,2020-11-12,6.86,6.86,6.86,6.86,0
HMH,2020-11-13,6.86,6.86,6.86,6.86,2100
HMH,2020-11-16,6.86,6.86,6.71,6.78,15300
HMH,2020-11-17,6.71,6.78,6.57,6.78,14100
HMH,2020-11-18,6.64,6.78,6.64,6.78,800
HMH,2020-11-19,6.64,6.64,6.64,6.64,100
HMH,2020-11-20,6.64,6.64,6.64,6.64,0
HMH,2020-11-23,6.64,6.71,6.64,6.71,200
HMH,2020-11-24,6.78,6.78,6.71,6.71,2400
HMH,2020-11-25,6.71,6.71,6.71,6.71,0
HMH,2020-11-26,6.64,6.86,6.64,6.71,400
HMH,2020-11-27,6.93,7.36,6.93,7.07,22400
HMH,2020-11-30,7.07,7.07,7.07,7.07,100
HMH,2020-12-01,7.0,7.0,6.78,6.78,14000
HMH,2020-12-02,7.0,7.0,7.0,7.0,100
HMH,2020-12-03,7.07,7.22,7.07,7.07,8300
HMH,2020-12-04,7.0,7.0,6.78,6.78,31000
HMH,2020-12-07,6.86,6.93,6.86,6.93,5400
HMH,2020-12-08,6.78,6.93,6.78,6.93,5600
HMH,2020-12-09,7.0,7.0,7.0,7.0,2100
HMH,2020-12-10,7.07,7.15,7.07,7.15,25500
HMH,2020-12-11,7.07,7.07,7.07,7.07,10600
HMH,2020-12-14,7.0,7.15,7.0,7.15,28400
HMH,2020-12-15,7.07,7.29,7.07,7.22,27100
HMH,2020-12-16,7.22,7.8,7.22,7.8,71600
HMH,2020-12-17,7.58,7.72,7.58,7.72,54714
HMH,2020-12-18,7.65,7.65,7.51,7.65,10868
HMH,2020-12-21,7.58,7.58,7.43,7.51,23100
HMH,2020-12-22,7.51,7.87,7.51,7.8,119000
HMH,2020-12-23,7.8,7.87,7.58,7.8,41720
HMH,2020-12-24,7.8,7.8,7.58,7.65,25310
HMH,2020-12-25,7.51,7.94,7.51,7.94,113560
HMH,2020-12-28,7.94,8.08,7.87,8.08,99430
HMH,2020-12-29,8.16,8.88,8.08,8.3,102501
HMH,2020-12-30,9.02,9.02,8.37,8.37,20060
HMH,2020-12-31,8.45,8.59,8.37,8.59,45158
HMH,2021-01-04,8.59,8.66,8.45,8.52,45631
HMH,2021-01-05,8.45,8.66,8.45,8.59,116320
HMH,2021-01-06,9.06,9.06,8.51,8.59,29000
HMH,2021-01-07,8.59,8.59,8.51,8.59,39600
HMH,2021-01-08,8.51,8.59,8.35,8.43,38001
HMH,2021-01-11,8.43,8.43,7.96,7.96,39600
HMH,2021-01-12,8.27,8.59,8.2,8.59,37250
HMH,2021-01-13,8.59,8.59,8.35,8.51,18701
HMH,2021-01-14,8.51,8.67,8.51,8.67,45700
HMH,2021-01-15,8.67,8.9,8.67,8.75,85600
HMH,2021-01-18,9.06,9.3,8.9,9.22,78840
HMH,2021-01-19,9.3,9.3,8.51,8.67,25400
HMH,2021-01-20,8.59,8.98,8.43,8.9,33000
HMH,2021-01-21,8.9,8.9,8.51,8.9,10310
HMH,2021-01-22,8.9,8.9,8.59,8.67,6100
HMH,2021-01-25,8.27,8.9,8.27,8.9,21439
HMH,2021-01-26,8.51,8.59,8.43,8.43,9759
HMH,2021-01-27,8.43,8.59,8.27,8.59,4700
HMH,2021-01-28,8.59,8.59,7.8,7.96,78100
HMH,2021-01-29,7.96,8.67,7.8,8.67,8800
HMH,2021-02-01,8.67,9.06,8.67,8.67,66700
HMH,2021-02-02,8.83,8.83,8.59,8.67,1600
HMH,2021-02-03,8.98,8.98,8.04,8.83,23800
HMH,2021-02-04,8.83,8.98,8.43,8.83,17900
HMH,2021-02-05,8.83,8.83,8.83,8.83,5200
HMH,2021-02-08,8.83,8.83,8.51,8.51,8000
HMH,2021-02-09,8.43,8.75,8.35,8.75,5000
HMH,2021-02-17,8.51,8.9,8.35,8.98,9000
HMH,2021-02-18,8.67,8.75,8.67,8.75,30610
HMH,2021-02-19,8.98,8.98,8.98,8.98,190
HMH,2021-02-22,8.67,8.9,8.59,8.75,4000
HMH,2021-02-23,8.67,8.67,8.59,8.59,9600
HMH,2021-02-24,8.51,8.9,8.2,8.75,26500
HMH,2021-02-25,8.35,8.75,8.27,8.35,18000
HMH,2021-02-26,8.27,8.67,8.27,8.35,16850
HMH,2021-03-01,8.35,8.43,8.27,8.35,58500
HMH,2021-03-02,8.51,8.67,8.2,8.43,12100
HMH,2021-03-03,8.43,8.43,8.35,8.43,38200
HMH,2021-03-04,8.35,8.59,8.35,8.51,26051
HMH,2021-03-05,8.35,8.51,8.35,8.43,22000
HMH,2021-03-08,8.43,8.59,8.43,8.59,22900
HMH,2021-03-09,8.51,8.59,8.43,8.59,7523
HMH,2021-03-10,8.51,9.3,8.51,8.83,12500
HMH,2021-03-11,8.83,9.06,8.59,8.9,29259
HMH,2021-03-12,8.83,8.9,8.51,8.9,15600
HMH,2021-03-15,8.98,8.98,8.59,8.67,8623
HMH,2021-03-16,8.67,8.67,8.59,8.67,3100
HMH,2021-03-17,8.67,8.83,8.43,8.83,43600
HMH,2021-03-18,8.83,8.83,8.67,8.83,25500
HMH,2021-03-19,8.83,9.06,8.83,8.9,44800
HMH,2021-03-22,8.9,9.53,8.83,9.46,89600
HMH,2021-03-23,9.46,10.4,9.46,10.4,235200
HMH,2021-03-24,10.64,11.03,10.4,10.64,70866
HMH,2021-03-25,10.4,10.64,9.93,10.64,11067
HMH,2021-03-26,10.48,10.64,9.61,10.24,29000
HMH,2021-03-29,10.24,10.24,9.77,10.09,33600
HMH,2021-03-30,9.93,9.93,9.69,9.93,13500
HMH,2021-03-31,9.85,9.93,9.46,9.93,18522
HMH,2021-04-01,9.77,9.77,9.53,9.77,17200
HMH,2021-04-02,9.69,9.77,9.46,9.46,91110
HMH,2021-04-05,9.46,9.46,9.46,9.46,20200
HMH,2021-04-06,9.85,9.85,8.51,8.83,190900
HMH,2021-04-07,8.83,9.46,8.83,9.38,23000
HMH,2021-04-08,9.46,9.46,9.06,9.38,12424
HMH,2021-04-09,9.22,9.38,9.14,9.22,28000
HMH,2021-04-12,9.22,9.46,9.22,9.46,13800
HMH,2021-04-13,9.38,9.46,9.14,9.38,13800
HMH,2021-04-14,9.14,9.38,8.9,9.3,12700
HMH,2021-04-15,9.3,9.38,9.06,9.06,3000
HMH,2021-04-16,9.3,9.3,8.9,9.06,9010
HMH,2021-04-19,9.22,9.22,8.9,9.06,5500
HMH,2021-04-20,8.9,9.14,8.9,9.14,6600
HMH,2021-04-22,8.98,9.06,8.98,9.06,5000
HMH,2021-04-23,8.9,9.14,8.9,9.14,4210
HMH,2021-04-26,8.98,9.14,8.9,9.14,13900
HMH,2021-04-27,9.14,9.14,8.75,9.14,17100
HMH,2021-04-28,8.98,9.22,8.98,9.22,11900
HMH,2021-04-29,9.14,9.22,9.06,9.22,22900
HMH,2021-05-04,9.06,9.22,9.06,9.22,14600
HMH,2021-05-05,9.3,9.46,9.3,9.46,33300
HMH,2021-05-06,9.46,10.17,9.3,9.46,71700
HMH,2021-05-07,9.46,9.53,9.3,9.3,21600
HMH,2021-05-10,9.3,9.3,9.3,9.3,10200
HMH,2021-05-11,9.38,9.61,9.38,9.61,8700
HMH,2021-05-12,9.46,9.53,9.46,9.46,11000
HMH,2021-05-13,9.53,9.53,9.46,9.53,20400
HMH,2021-05-14,9.53,9.53,9.46,9.46,13500
HMH,2021-05-17,9.46,9.53,9.46,9.46,13100
HMH,2021-05-18,9.46,9.46,9.38,9.46,51300
HMH,2021-05-19,9.46,9.46,9.38,9.46,20300
HMH,2021-05-20,9.46,9.46,9.3,9.46,10200
HMH,2021-05-21,9.46,9.46,9.38,9.38,16500
HMH,2021-05-24,9.46,9.46,9.38,9.46,25500
HMH,2021-05-25,9.46,9.46,9.46,9.46,5200
HMH,2021-05-26,9.46,9.46,9.38,9.46,10400
HMH,2021-05-27,9.46,9.46,9.38,9.38,10100
HMH,2021-05-28,9.46,9.53,9.46,9.53,14400
HMH,2021-05-31,9.46,9.61,9.38,9.46,26300
HMH,2021-06-01,9.46,9.46,9.46,9.46,18302
HMH,2021-06-02,9.38,9.46,9.38,9.46,33800
HMH,2021-06-03,9.46,9.53,9.3,9.53,48700
HMH,2021-06-04,9.61,10.01,9.53,10.01,62000
HMH,2021-06-07,10.01,10.09,9.61,10.01,14200
HMH,2021-06-08,10.01,10.09,9.93,9.93,21300
HMH,2021-06-09,9.61,10.09,9.61,10.01,14300
HMH,2021-06-10,10.01,10.24,9.77,10.24,39500
HMH,2021-06-11,10.17,10.32,10.17,10.24,19690
HMH,2021-06-14,10.32,10.32,10.32,10.32,8900
HMH,2021-06-15,10.24,10.24,10.24,10.24,3900
HMH,2021-06-16,10.24,10.64,9.69,10.64,49600
HMH,2021-06-17,10.56,10.64,10.24,10.64,27200
HMH,2021-06-18,10.56,10.64,10.24,10.64,34100
HMH,2021-06-21,10.64,10.64,10.64,10.64,3000
HMH,2021-06-22,10.48,10.64,10.48,10.64,5200
HMH,2021-06-23,10.64,10.64,10.4,10.56,23800
HMH,2021-06-24,10.64,10.64,10.56,10.56,7400
HMH,2021-06-25,10.64,10.64,10.64,10.64,130
HMH,2021-06-28,10.64,10.87,10.64,10.8,18896
HMH,2021-06-29,10.95,10.95,10.72,10.72,3800
HMH,2021-06-30,10.87,10.87,10.72,10.72,3120
HMH,2021-07-01,10.72,10.8,10.32,10.8,7100
HMH,2021-07-02,10.64,10.64,10.56,10.56,5000
HMH,2021-07-05,10.4,10.56,10.24,10.56,8200
HMH,2021-07-06,10.48,10.64,10.48,10.64,11050
HMH,2021-07-07,10.64,10.64,10.64,10.64,0
HMH,2021-07-08,10.64,10.64,10.64,10.64,67
HMH,2021-07-09,9.85,10.48,9.77,10.48,3700
HMH,2021-07-12,9.85,9.85,9.85,9.85,400
HMH,2021-07-13,10.09,10.09,9.69,10.09,437
HMH,2021-07-14,10.09,10.09,10.09,10.09,500
HMH,2021-07-15,10.09,10.09,10.09,10.09,0
HMH,2021-07-16,10.09,10.09,10.09,10.09,4424
HMH,2021-07-19,9.69,10.24,9.69,10.24,8100
HMH,2021-07-20,9.77,9.77,9.77,9.77,1000
HMH,2021-07-21,9.77,10.64,9.77,10.56,21900
HMH,2021-07-22,10.72,10.8,10.72,10.8,3500
HMH,2021-07-23,10.56,10.64,10.56,10.64,10017
HMH,2021-07-26,10.24,10.24,10.24,10.24,5000
HMH,2021-07-27,10.24,10.64,10.24,10.64,949
HMH,2021-07-28,10.64,10.64,10.64,10.64,300
HMH,2021-07-29,10.72,10.72,10.72,10.72,7900
HMH,2021-07-30,10.72,10.8,10.72,10.8,2800
HMH,2021-08-02,10.8,10.87,10.8,10.8,6400
HMH,2021-08-03,10.8,10.8,10.4,10.64,19210
HMH,2021-08-04,10.64,10.8,10.64,10.8,1100
HMH,2021-08-05,10.8,10.8,10.8,10.8,3800
HMH,2021-08-06,10.8,10.8,10.8,10.8,2104
HMH,2021-08-09,10.72,10.87,10.72,10.87,2686
HMH,2021-08-10,10.87,11.03,10.87,11.03,11920
HMH,2021-08-11,11.11,12.14,11.11,12.14,53400
HMH,2021-08-12,13.32,13.32,13.08,13.08,74610
HMH,2021-08-13,13.08,13.4,12.84,13.24,11920
HMH,2021-08-16,13.32,13.32,12.06,13.0,26953
HMH,2021-08-17,12.29,12.84,12.06,12.84,18000
HMH,2021-08-18,11.98,12.69,11.82,12.61,21100
HMH,2021-08-19,11.98,12.45,11.98,12.06,1600
HMH,2021-08-20,11.98,12.61,11.98,12.21,74300
HMH,2021-08-23,11.43,12.45,11.43,12.29,19605
HMH,2021-08-24,11.43,11.66,11.43,11.66,4244
HMH,2021-08-25,12.29,12.29,11.82,11.82,11400
HMH,2021-08-26,11.98,12.61,11.98,12.61,1500
HMH,2021-08-27,11.82,12.37,11.82,12.21,1200
HMH,2021-08-30,12.21,12.21,11.9,12.21,6320
HMH,2021-08-31,12.21,12.61,12.21,12.37,50123
HMH,2021-09-01,12.92,12.92,12.53,12.61,34100
HMH,2021-09-06,12.61,12.69,12.61,12.69,3310
HMH,2021-09-07,12.21,12.69,12.21,12.61,13044
HMH,2021-09-08,12.61,12.77,12.45,12.69,16201
HMH,2021-09-09,12.77,12.77,12.69,12.69,8785
HMH,2021-09-10,12.69,12.77,12.69,12.69,9700
HMH,2021-09-13,12.69,12.92,12.69,12.77,19401
HMH,2021-09-14,12.77,12.84,12.77,12.77,22680
HMH,2021-09-15,12.77,13.08,12.77,13.08,12000
HMH,2021-09-16,13.16,13.16,13.08,13.08,2236
HMH,2021-09-17,13.0,13.0,13.0,13.0,423
HMH,2021-09-20,12.61,12.69,12.61,12.61,2200
HMH,2021-09-21,11.82,12.61,11.43,12.61,3000
HMH,2021-09-22,11.82,12.61,11.82,12.53,2184
HMH,2021-09-23,12.69,12.69,11.35,12.53,20450
HMH,2021-09-24,12.45,12.61,12.45,12.61,13300
HMH,2021-09-27,12.61,12.61,11.82,12.61,5184
HMH,2021-09-28,11.82,11.82,11.66,11.82,8600
HMH,2021-09-29,11.82,11.82,11.82,11.82,0
HMH,2021-09-30,11.98,12.21,11.98,12.21,5101
HMH,2021-10-01,12.21,12.21,12.21,12.21,8813
HMH,2021-10-04,12.53,13.0,12.53,13.0,40200
HMH,2021-10-05,12.84,12.84,12.61,12.61,2630
HMH,2021-10-06,13.0,13.0,12.77,12.77,16960
HMH,2021-10-07,12.77,12.77,12.77,12.77,0
HMH,2021-10-08,12.29,12.92,12.29,12.92,3100
HMH,2021-10-11,13.08,13.08,12.45,12.45,1400
HMH,2021-10-12,12.45,12.45,12.45,12.45,301
HMH,2021-10-13,12.61,12.77,12.61,12.77,213
HMH,2021-10-14,12.29,12.29,12.29,12.29,1000
HMH,2021-10-15,12.29,12.29,12.29,12.29,2000
HMH,2021-10-18,12.37,12.37,12.29,12.29,300
HMH,2021-10-19,12.29,12.29,12.21,12.29,500
HMH,2021-10-20,12.37,12.77,12.29,12.69,86333
HMH,2021-10-21,12.69,12.69,12.61,12.69,71000
HMH,2021-10-22,12.69,12.77,12.69,12.69,4300
HMH,2021-10-25,12.53,12.84,12.37,12.84,4400
HMH,2021-10-26,12.61,12.84,12.53,12.84,600
HMH,2021-10-27,12.84,12.84,12.37,12.37,9225
HMH,2021-10-28,12.37,13.16,12.37,13.08,36500
HMH,2021-10-29,12.53,13.08,12.53,13.08,7500
HMH,2021-11-01,13.08,13.08,12.92,12.92,1284
HMH,2021-11-02,12.92,12.92,12.61,12.61,15600
HMH,2021-11-03,12.61,12.61,12.37,12.37,24400
HMH,2021-11-04,12.21,12.92,12.21,12.61,1350
HMH,2021-11-05,12.45,12.92,12.45,12.77,8145
HMH,2021-11-08,12.69,12.84,12.61,12.84,6000
HMH,2021-11-09,12.84,13.0,12.61,12.92,8700
HMH,2021-11-10,12.77,13.0,12.61,13.0,8632
HMH,2021-11-11,12.92,13.08,12.84,12.84,22970
HMH,2021-11-12,13.0,13.16,13.0,13.08,23100
HMH,2021-11-15,12.92,13.24,12.92,13.16,40014
HMH,2021-11-16,13.16,13.71,13.08,13.4,38770
HMH,2021-11-17,13.4,14.5,13.4,14.26,72122
HMH,2021-11-18,14.42,14.58,13.08,14.18,70740
HMH,2021-11-19,14.26,14.26,13.4,13.95,5400
HMH,2021-11-22,13.4,13.4,12.84,13.08,35260
HMH,2021-11-23,13.08,13.47,12.77,13.47,900
HMH,2021-11-24,13.0,13.4,13.0,13.4,16700
HMH,2021-11-25,13.08,13.4,13.0,13.4,39500
HMH,2021-11-26,13.32,13.32,13.0,13.0,3100
HMH,2021-11-29,13.0,13.16,13.0,13.16,2600
HMH,2021-11-30,13.63,13.63,12.29,13.0,9000
HMH,2021-12-01,12.77,12.84,12.69,12.84,3200
HMH,2021-12-02,13.0,13.16,12.84,13.0,16100
HMH,2021-12-03,13.16,13.16,12.92,13.08,7600
HMH,2021-12-06,13.08,13.16,13.08,13.08,12700
HMH,2021-12-07,13.95,13.95,13.08,13.32,8800
HMH,2021-12-08,13.16,13.16,13.0,13.0,33123
HMH,2021-12-09,13.0,13.4,13.0,13.4,15400
HMH,2021-12-10,13.47,13.47,12.61,13.24,37180
HMH,2021-12-13,13.55,13.63,13.24,13.4,11200
HMH,2021-12-14,13.55,13.55,13.24,13.32,10830
HMH,2021-12-15,13.32,13.63,13.32,13.63,31300
HMH,2021-12-16,13.63,13.79,13.63,13.63,24000
HMH,2021-12-17,13.79,13.79,13.32,13.79,18340
HMH,2021-12-20,13.79,14.03,13.71,13.87,32700
HMH,2021-12-21,13.95,13.95,13.87,13.87,11000
HMH,2021-12-22,13.87,13.95,13.79,13.79,34800
HMH,2021-12-23,13.87,14.03,13.79,14.03,43939
HMH,2021-12-24,14.03,14.11,14.03,14.03,22500
HMH,2021-12-27,14.18,15.37,14.11,15.13,70700
HMH,2021-12-28,15.13,16.55,15.13,16.31,96900
HMH,2021-12-29,16.31,16.31,15.73,15.73,9600
HMH,2021-12-30,15.4,15.73,15.4,15.48,14600
HMH,2021-12-31,15.4,15.48,14.24,15.48,30600
HMH,2022-01-04,15.65,15.65,14.9,15.57,16585
HMH,2022-01-05,15.07,15.07,14.74,14.74,24300
HMH,2022-01-06,14.82,14.82,14.08,14.74,34800
HMH,2022-01-07,14.32,14.66,14.32,14.66,11200
HMH,2022-01-10,14.08,14.49,14.08,14.08,9800
HMH,2022-01-11,14.08,14.32,13.99,14.08,6700
HMH,2022-01-12,14.08,14.08,13.5,13.58,16900
HMH,2022-01-13,13.74,13.74,13.58,13.58,24100
HMH,2022-01-14,13.25,13.41,13.0,13.41,13400
HMH,2022-01-17,13.66,13.66,13.25,13.25,3500
HMH,2022-01-18,13.41,13.41,13.25,13.25,1000
HMH,2022-01-19,13.66,13.66,13.25,13.25,700
HMH,2022-01-20,13.25,13.33,13.08,13.25,9800
HMH,2022-01-21,13.25,13.25,13.25,13.25,3200
HMH,2022-01-24,13.16,13.16,13.08,13.08,2300
HMH,2022-01-25,13.08,13.08,13.0,13.08,4500
HMH,2022-01-26,14.32,14.32,13.66,14.16,11900
HMH,2022-01-27,13.99,14.74,13.99,14.74,26100
HMH,2022-01-28,14.49,16.15,14.49,15.73,124107
HMH,2022-02-07,16.56,16.56,15.81,15.9,1207
HMH,2022-02-08,15.9,17.47,15.73,15.73,48121
HMH,2022-02-09,15.73,15.81,15.32,15.81,1900
HMH,2022-02-10,15.73,15.73,15.73,15.73,200
HMH,2022-02-11,15.73,15.81,15.73,15.73,26553
HMH,2022-02-14,15.73,15.73,15.65,15.65,22307
HMH,2022-02-15,15.32,15.73,15.32,15.73,17300
HMH,2022-02-16,15.73,15.73,15.4,15.4,26700
HMH,2022-02-17,15.65,15.73,15.65,15.73,17600
HMH,2022-02-18,14.99,14.99,14.99,14.99,100
HMH,2022-02-21,15.32,15.32,15.32,15.32,6100
HMH,2022-02-22,15.32,15.32,15.32,15.32,10700
HMH,2022-02-23,15.32,15.32,15.32,15.32,100
HMH,2022-02-24,15.32,15.32,15.23,15.32,12239
HMH,2022-02-25,14.9,14.9,14.9,14.9,5200
HMH,2022-02-28,14.9,14.9,14.9,14.9,4000
HMH,2022-03-01,14.9,14.9,14.9,14.9,2500
HMH,2022-03-02,14.9,14.9,14.82,14.9,8100
HMH,2022-03-03,15.73,16.15,14.9,16.15,65400
HMH,2022-03-04,16.15,16.97,16.15,16.97,52530
HMH,2022-03-07,16.97,17.8,16.97,17.64,49400
HMH,2022-03-08,16.73,16.73,15.9,16.56,15300
HMH,2022-03-09,17.97,18.05,17.39,17.97,17400
HMH,2022-03-10,17.8,17.8,16.97,16.97,11600
HMH,2022-03-11,16.97,16.97,16.97,16.97,1000
HMH,2022-03-14,16.56,16.56,16.39,16.39,2700
HMH,2022-03-15,16.15,17.8,14.9,17.8,16343
HMH,2022-03-16,18.63,18.63,16.15,16.15,3262
HMH,2022-03-17,16.23,17.55,16.23,16.31,57500
HMH,2022-03-18,16.56,17.3,16.31,16.31,5605
HMH,2022-03-21,15.81,16.56,15.81,16.56,39010
HMH,2022-03-22,15.32,17.22,15.07,17.22,141800
HMH,2022-03-23,16.31,17.72,16.31,17.72,59382
HMH,2022-03-24,17.14,17.55,17.14,17.39,47240
HMH,2022-03-25,17.39,18.63,17.39,17.47,51900
HMH,2022-03-28,17.39,18.63,17.39,17.97,30400
HMH,2022-03-29,17.97,17.97,17.8,17.88,16120
HMH,2022-03-30,17.8,17.97,17.8,17.8,12800
HMH,2022-03-31,17.8,17.8,17.8,17.8,1000
HMH,2022-04-01,17.8,17.8,16.06,17.8,12800
HMH,2022-04-04,17.8,17.8,17.39,17.39,1300
HMH,2022-04-05,17.22,17.39,17.22,17.39,2300
HMH,2022-04-06,16.73,17.39,16.73,17.3,6208
HMH,2022-04-07,17.22,17.3,16.56,16.56,12400
HMH,2022-04-08,16.56,16.56,16.23,16.31,20900
HMH,2022-04-12,16.73,17.47,16.73,17.47,2100
HMH,2022-04-13,17.3,17.3,15.9,16.06,19100
HMH,2022-04-14,16.06,16.64,15.9,16.64,800
HMH,2022-04-15,16.56,16.56,15.73,16.48,2400
HMH,2022-04-18,15.73,16.89,15.73,16.89,14700
HMH,2022-04-19,16.89,16.89,16.89,16.89,0
HMH,2022-04-20,15.57,15.65,15.57,15.57,12300
HMH,2022-04-21,14.9,15.65,14.9,15.65,1100
HMH,2022-04-22,15.73,15.73,15.65,15.65,3300
HMH,2022-04-25,14.9,16.31,14.49,16.31,1100
HMH,2022-04-26,16.31,16.56,16.31,16.56,200
HMH,2022-04-27,16.56,17.47,16.56,17.47,1900
HMH,2022-04-28,17.47,17.47,17.47,17.47,0
HMH,2022-04-29,16.97,16.97,16.23,16.23,4105
HMH,2022-05-04,16.15,16.15,16.15,16.15,9400
HMH,2022-05-05,16.15,16.15,15.81,15.81,5100
HMH,2022-05-06,15.73,15.73,15.73,15.73,700
HMH,2022-05-09,15.73,15.73,15.73,15.73,6437
HMH,2022-05-10,14.9,14.9,14.9,14.9,1000
HMH,2022-05-11,14.9,16.15,14.9,16.15,6400
HMH,2022-05-12,15.9,15.9,15.73,15.73,4661
HMH,2022-05-13,16.48,16.48,16.48,16.48,2000
HMH,2022-05-16,15.73,16.39,15.73,16.39,7600
HMH,2022-05-17,16.39,16.39,16.39,16.39,0
HMH,2022-05-18,16.39,16.39,16.39,16.39,0
HMH,2022-05-19,16.48,16.48,16.48,16.48,15001
HMH,2022-05-20,16.39,16.39,16.39,16.39,1000
HMH,2022-05-23,16.39,16.39,15.9,15.9,11100
HMH,2022-05-24,15.81,16.15,15.81,15.9,6500
HMH,2022-05-25,16.15,16.15,16.15,16.15,10000
HMH,2022-05-26,16.39,16.56,16.39,16.56,10501
HMH,2022-05-27,17.22,17.64,17.22,17.47,19800
HMH,2022-05-30,18.22,18.22,17.39,17.39,12100
HMH,2022-05-31,18.05,19.04,17.47,18.96,77859
HMH,2022-06-01,19.04,20.7,18.96,20.45,66331
HMH,2022-06-02,21.28,21.28,19.95,19.95,20000
HMH,2022-06-03,19.95,21.44,19.95,20.04,67136
HMH,2022-06-06,20.04,21.11,20.04,20.95,133200
HMH,2022-06-07,21.42,21.42,18.98,19.73,6500
HMH,2022-06-08,20.38,20.38,17.85,18.22,8154
HMH,2022-06-09,16.91,17.85,16.53,16.63,25410
HMH,2022-06-10,16.72,17.38,16.06,17.28,12400
HMH,2022-06-13,15.69,17.1,15.69,17.1,7306
HMH,2022-06-14,16.44,16.44,15.41,15.78,5200
HMH,2022-06-15,15.5,15.97,15.31,15.59,2748
HMH,2022-06-16,15.59,15.97,15.31,15.97,23900
HMH,2022-06-17,15.12,16.91,14.47,15.59,54800
HMH,2022-06-20,15.5,15.97,15.5,15.78,23100
HMH,2022-06-21,15.78,16.06,15.78,16.06,19300
HMH,2022-06-22,15.97,15.97,15.69,15.97,5000
HMH,2022-06-23,15.59,16.44,15.59,16.44,200
HMH,2022-06-24,15.22,16.35,15.03,16.35,2500
HMH,2022-06-27,16.35,16.35,16.35,16.35,0
HMH,2022-06-28,15.12,16.16,15.12,16.16,200
HMH,2022-06-29,15.22,16.44,15.22,16.44,18000
HMH,2022-06-30,16.44,16.53,15.97,15.97,4200
HMH,2022-07-01,15.78,16.35,15.78,16.35,5100
HMH,2022-07-04,16.35,16.35,16.35,16.35,0
HMH,2022-07-05,15.41,16.63,15.41,16.44,13000
HMH,2022-07-06,15.5,16.35,15.5,16.35,600
HMH,2022-07-07,15.97,16.35,15.97,16.35,5800
HMH,2022-07-08,15.97,16.35,15.97,16.35,27700
HMH,2022-07-11,15.5,16.16,15.41,16.16,17175
HMH,2022-07-12,16.16,16.16,16.16,16.16,0
HMH,2022-07-13,16.16,16.16,16.16,16.16,100
HMH,2022-07-14,16.06,16.16,15.97,15.97,2025
HMH,2022-07-15,16.16,16.16,16.16,16.16,1225
HMH,2022-07-18,16.35,16.44,16.16,16.16,2400
HMH,2022-07-19,15.97,15.97,15.97,15.97,100
HMH,2022-07-20,16.35,16.35,16.35,16.35,225
HMH,2022-07-21,16.35,16.35,16.35,16.35,0
HMH,2022-07-22,16.35,16.35,16.35,16.35,0
HMH,2022-07-25,15.03,16.35,15.03,16.35,600
HMH,2022-07-26,16.44,16.44,16.44,16.44,100
HMH,2022-07-27,15.5,15.5,15.5,15.5,2300
HMH,2022-07-28,15.59,15.59,15.5,15.59,500
HMH,2022-07-29,15.59,15.59,15.5,15.5,3200
HMH,2022-08-01,15.97,15.97,15.97,15.97,500
HMH,2022-08-02,15.97,15.97,15.97,15.97,0
HMH,2022-08-03,15.97,15.97,15.97,15.97,0
HMH,2022-08-04,14.84,15.88,14.84,15.88,1410
HMH,2022-08-05,15.97,15.97,15.88,15.88,2100
HMH,2022-08-08,15.88,15.88,15.31,15.78,14200
HMH,2022-08-09,15.78,15.78,15.78,15.78,100
HMH,2022-08-10,15.78,15.78,15.5,15.5,1600
HMH,2022-08-11,15.5,15.5,15.41,15.5,1217
HMH,2022-08-12,15.5,15.5,15.5,15.5,174
HMH,2022-08-15,15.41,15.5,15.31,15.5,4700
HMH,2022-08-16,15.5,15.78,15.31,15.78,500
HMH,2022-08-17,15.78,15.97,15.78,15.97,64200
HMH,2022-08-18,15.78,15.97,14.56,15.78,6604
HMH,2022-08-19,15.31,15.31,15.31,15.31,300
HMH,2022-08-22,15.97,15.97,14.56,15.78,1400
HMH,2022-08-23,15.78,15.78,15.78,15.78,0
HMH,2022-08-24,15.78,15.78,15.78,15.78,4
HMH,2022-08-25,15.78,15.78,15.78,15.78,0
HMH,2022-08-26,15.5,15.78,15.5,15.78,700
HMH,2022-08-29,14.94,15.69,14.94,15.69,500
HMH,2022-08-30,14.84,14.84,14.84,14.84,1300
HMH,2022-08-31,15.88,15.88,15.88,15.88,100
HMH,2022-09-05,15.88,15.88,15.88,15.88,100
HMH,2022-09-06,15.88,15.88,15.88,15.88,0
HMH,2022-09-07,14.84,15.03,14.84,15.03,2600
HMH,2022-09-08,15.78,15.78,15.03,15.03,18520
HMH,2022-09-09,14.75,15.03,13.53,14.94,9296
HMH,2022-09-12,14.47,14.47,14.09,14.09,500
HMH,2022-09-13,14.09,14.18,13.62,13.9,12100
HMH,2022-09-14,13.9,13.9,13.53,13.62,2015
HMH,2022-09-15,13.62,13.62,13.15,13.62,4039
HMH,2022-09-16,13.62,13.62,13.53,13.53,2121
HMH,2022-09-19,13.06,13.15,12.78,13.15,1400
HMH,2022-09-20,13.43,13.43,13.15,13.15,500
HMH,2022-09-21,13.53,13.53,13.53,13.53,150
HMH,2022-09-22,12.68,13.43,12.68,13.43,385
HMH,2022-09-23,12.78,12.78,12.12,12.12,40400
HMH,2022-09-26,11.93,13.25,10.99,13.06,32500
HMH,2022-09-27,12.21,12.87,11.84,11.84,1300
HMH,2022-09-28,10.9,11.65,10.71,11.46,6200
HMH,2022-09-29,10.8,10.9,10.8,10.8,3200
HMH,2022-09-30,10.8,11.46,10.8,10.99,9900
HMH,2022-10-03,10.99,10.99,10.8,10.8,3600
HMH,2022-10-04,11.65,11.65,10.8,10.9,7700
HMH,2022-10-05,10.9,11.08,10.9,11.08,1100
HMH,2022-10-06,11.37,11.37,10.8,10.8,2400
HMH,2022-10-07,10.8,11.08,9.96,11.08,400
HMH,2022-10-10,10.05,10.99,10.05,10.99,1401
HMH,2022-10-11,10.05,10.33,10.05,10.24,1300
HMH,2022-10-12,10.24,10.9,10.15,10.9,700
HMH,2022-10-13,10.15,10.15,10.15,10.15,100
HMH,2022-10-14,10.33,10.33,9.39,10.24,3300
HMH,2022-10-17,10.24,10.43,10.24,10.33,7300
HMH,2022-10-18,10.71,10.71,10.52,10.52,5900
HMH,2022-10-19,10.24,11.18,10.24,10.62,43923
HMH,2022-10-20,10.8,11.08,10.8,11.08,3000
HMH,2022-10-21,11.08,11.08,10.52,10.52,15205
HMH,2022-10-24,10.52,11.08,10.52,10.9,21794
HMH,2022-10-25,9.96,11.27,9.86,10.05,1700
HMH,2022-10-26,10.33,10.33,10.24,10.33,7238
HMH,2022-10-27,10.33,10.71,10.33,10.71,18200
HMH,2022-10-28,10.71,10.71,10.71,10.71,2000
HMH,2022-10-31,10.33,10.33,10.33,10.33,2000
HMH,2022-11-01,10.33,10.33,10.33,10.33,100
HMH,2022-11-02,10.24,10.43,10.24,10.43,32200
HMH,2022-11-03,10.43,10.43,10.43,10.43,0
HMH,2022-11-04,10.33,10.33,10.33,10.33,2300
HMH,2022-11-07,10.33,10.62,10.33,10.62,15101
HMH,2022-11-08,10.15,10.15,10.15,10.15,400
HMH,2022-11-09,10.15,10.15,10.15,10.15,100
HMH,2022-11-10,10.15,10.15,10.15,10.15,0
HMH,2022-11-11,10.15,10.15,10.15,10.15,1100
HMH,2022-11-14,10.15,10.15,9.77,9.77,1223
HMH,2022-11-15,9.77,9.77,9.02,9.39,13000
HMH,2022-11-16,8.45,9.77,8.45,9.77,1300
HMH,2022-11-17,9.77,9.86,9.77,9.86,654
HMH,2022-11-18,9.86,9.86,9.86,9.86,2000
HMH,2022-11-21,9.77,9.77,9.58,9.58,800
HMH,2022-11-22,9.39,9.96,9.39,9.96,8743
HMH,2022-11-23,9.96,9.96,9.77,9.86,3554
HMH,2022-11-24,9.77,9.77,9.77,9.77,3000
HMH,2022-11-25,9.58,9.77,9.58,9.77,2500
HMH,2022-11-28,8.92,9.77,8.92,9.49,13800
HMH,2022-11-29,8.74,9.77,8.74,9.77,315
HMH,2022-11-30,9.68,9.68,9.58,9.58,639
HMH,2022-12-01,8.74,9.58,8.74,9.21,902
HMH,2022-12-02,9.39,10.05,9.39,10.05,16613
HMH,2022-12-05,10.8,10.8,10.52,10.52,2241
HMH,2022-12-06,10.33,10.33,10.24,10.24,1700
HMH,2022-12-07,10.24,10.24,10.15,10.15,2320
HMH,2022-12-08,10.24,11.08,10.24,11.08,513
HMH,2022-12-09,10.9,10.9,10.62,10.9,1200
HMH,2022-12-12,10.9,10.9,10.9,10.9,0
HMH,2022-12-13,10.24,11.18,10.15,11.18,10600
HMH,2022-12-14,11.27,11.27,11.08,11.08,5300
HMH,2022-12-15,11.27,11.27,11.27,11.27,100
HMH,2022-12-16,11.18,11.27,11.18,11.27,6100
HMH,2022-12-19,11.27,11.27,11.27,11.27,0
HMH,2022-12-20,11.93,11.93,11.93,11.93,100
HMH,2022-12-21,11.93,11.93,11.93,11.93,0
HMH,2022-12-22,11.93,11.93,11.93,11.93,0
HMH,2022-12-23,11.93,11.93,11.93,11.93,0
HMH,2022-12-26,10.99,10.99,10.99,10.99,200
HMH,2022-12-27,10.9,10.9,10.9,10.9,500
HMH,2022-12-28,10.9,10.9,10.9,10.9,0
HMH,2022-12-29,10.9,10.9,10.9,10.9,0
HMH,2022-12-30,10.9,10.9,10.9,10.9,0
HMH,2023-01-03,10.9,10.9,10.9,10.9,0
HMH,2023-01-04,10.9,10.9,10.9,10.9,9
HMH,2023-01-05,10.9,10.9,10.9,10.9,700
HMH,2023-01-06,10.9,10.9,10.9,10.9,808
HMH,2023-01-09,10.99,10.99,10.9,10.9,300
HMH,2023-01-10,11.37,11.37,11.37,11.37,100
HMH,2023-01-11,11.37,11.37,11.37,11.37,46
HMH,2023-01-12,11.37,11.37,11.37,11.37,0
HMH,2023-01-13,11.37,11.37,11.37,11.37,100
HMH,2023-01-16,11.37,11.37,11.37,11.37,200
HMH,2023-01-17,11.37,11.37,11.37,11.37,400
HMH,2023-01-18,11.27,11.27,10.99,10.99,1020
HMH,2023-01-19,11.46,11.46,11.46,11.46,200
HMH,2023-01-27,10.99,12.59,10.99,12.59,2600
HMH,2023-01-30,13.15,13.15,12.96,12.96,200
HMH,2023-01-31,12.96,12.96,12.96,12.96,0
HMH,2023-02-01,12.96,12.96,12.96,12.96,0
HMH,2023-02-02,12.96,12.96,12.96,12.96,0
HMH,2023-02-03,13.25,13.25,11.84,11.84,200
HMH,2023-02-06,11.84,12.96,10.71,12.96,21800
HMH,2023-02-07,13.15,13.15,11.74,11.74,600
HMH,2023-02-08,10.9,10.9,10.62,10.71,352
HMH,2023-02-09,11.65,11.74,11.27,11.27,3300
HMH,2023-02-10,11.27,11.27,10.15,10.15,5900
HMH,2023-02-13,10.15,10.15,10.15,10.15,0
HMH,2023-02-14,9.49,10.52,9.21,10.52,1500
HMH,2023-02-15,10.52,10.62,10.52,10.62,200
HMH,2023-02-16,10.62,10.62,9.58,9.86,2200
HMH,2023-02-17,8.92,9.86,8.92,9.86,1000
HMH,2023-02-20,9.96,10.24,9.96,10.05,3100
HMH,2023-02-21,9.96,9.96,9.96,9.96,100
HMH,2023-02-22,10.15,10.15,10.15,10.15,100
HMH,2023-02-23,10.15,10.15,10.15,10.15,100
HMH,2023-02-24,9.96,9.96,9.77,9.86,20400
HMH,2023-02-27,9.86,9.86,9.86,9.86,100
HMH,2023-02-28,9.96,10.05,9.49,10.05,17700
HMH,2023-03-01,10.05,10.99,10.05,10.99,7200
HMH,2023-03-02,10.8,12.02,10.8,12.02,8500
HMH,2023-03-03,10.99,10.99,10.9,10.9,31500
HMH,2023-03-06,10.62,10.62,10.33,10.33,2000
HMH,2023-03-07,10.43,10.43,10.43,10.43,506
HMH,2023-03-08,10.43,10.43,10.33,10.43,6100
HMH,2023-03-09,10.43,10.43,10.43,10.43,0
HMH,2023-03-10,10.24,10.24,10.24,10.24,100
HMH,2023-03-13,10.24,10.33,10.24,10.33,5100
HMH,2023-03-14,10.33,10.33,10.33,10.33,0
HMH,2023-03-15,10.33,10.33,10.33,10.33,10182
HMH,2023-03-16,10.24,10.33,10.24,10.33,1117
HMH,2023-03-17,10.33,10.33,10.33,10.33,3007
HMH,2023-03-20,10.33,10.99,10.33,10.99,4254
HMH,2023-03-21,10.8,10.8,10.33,10.33,1700
HMH,2023-03-22,10.33,10.33,9.86,9.96,6075
HMH,2023-03-23,10.05,10.05,10.05,10.05,2004
HMH,2023-03-24,10.8,10.8,10.33,10.33,400
HMH,2023-03-27,10.33,10.33,10.33,10.33,0
HMH,2023-03-28,11.18,11.18,10.33,10.33,1100
HMH,2023-03-29,10.52,10.52,9.96,9.96,1900
HMH,2023-03-30,10.52,10.9,10.52,10.52,22005
HMH,2023-03-31,10.52,11.55,10.05,10.05,23774
HMH,2023-04-03,10.43,10.43,10.33,10.33,6400
HMH,2023-04-04,10.15,10.15,9.86,9.96,17200
HMH,2023-04-05,9.96,9.96,9.96,9.96,0
HMH,2023-04-06,9.96,9.96,9.96,9.96,655
HMH,2023-04-07,10.24,10.24,9.86,9.86,1100
HMH,2023-04-10,9.96,9.96,9.86,9.86,11000
HMH,2023-04-11,10.05,10.05,10.05,10.05,634
HMH,2023-04-12,10.05,10.05,9.96,10.05,1301
HMH,2023-04-13,10.05,10.05,10.05,10.05,800
HMH,2023-04-14,9.96,10.05,9.96,10.05,6559
HMH,2023-04-17,9.96,9.96,9.96,9.96,600
HMH,2023-04-18,9.96,9.96,9.86,9.86,4400
HMH,2023-04-19,9.86,9.86,9.86,9.86,200
HMH,2023-04-20,9.86,9.86,9.86,9.86,617
HMH,2023-04-21,9.86,9.86,9.86,9.86,0
HMH,2023-04-24,10.43,10.43,10.43,10.43,100
HMH,2023-04-25,10.33,10.33,10.33,10.33,176
HMH,2023-04-26,9.86,10.05,9.86,10.05,6300
HMH,2023-04-27,9.86,9.86,9.39,9.58,7086
HMH,2023-04-28,9.58,9.68,9.58,9.68,8700
HMH,2023-05-04,9.68,9.68,9.68,9.68,600
HMH,2023-05-05,9.77,9.77,9.68,9.68,522
HMH,2023-05-08,9.77,9.77,9.68,9.68,1500
HMH,2023-05-09,9.68,9.68,9.68,9.68,0
HMH,2023-05-10,10.24,10.24,9.68,9.68,1100
HMH,2023-05-11,9.68,9.68,9.68,9.68,3800
HMH,2023-05-12,9.68,9.68,9.58,9.58,6800
HMH,2023-05-15,9.58,9.58,9.58,9.58,0
HMH,2023-05-16,10.05,10.05,9.68,9.68,6400
HMH,2023-05-17,9.68,9.68,9.68,9.68,7500
HMH,2023-05-18,9.58,9.58,9.58,9.58,500
HMH,2023-05-19,9.58,9.58,9.58,9.58,1
HMH,2023-05-22,9.58,9.58,9.49,9.58,33902
HMH,2023-05-23,9.58,9.58,9.58,9.58,4300
HMH,2023-05-24,9.58,9.58,9.58,9.58,0
HMH,2023-05-25,9.68,9.68,9.68,9.68,300
HMH,2023-05-26,9.58,9.58,9.58,9.58,4500
HMH,2023-05-29,9.86,9.86,9.86,9.86,5011
HMH,2023-05-30,9.86,9.86,9.86,9.86,500
HMH,2023-05-31,9.86,9.86,9.86,9.86,3000
HMH,2023-06-01,9.77,9.77,9.68,9.68,3600
HMH,2023-06-02,9.68,9.68,9.58,9.68,7000
HMH,2023-06-05,9.68,9.68,9.68,9.68,3201
HMH,2023-06-06,9.68,9.68,9.58,9.68,2000
HMH,2023-06-07,9.68,9.68,9.58,9.58,20100
HMH,2023-06-08,9.58,9.68,9.58,9.68,24038
HMH,2023-06-09,9.68,9.68,9.68,9.68,1101
HMH,2023-06-12,9.68,9.68,9.68,9.68,3200
HMH,2023-06-13,9.68,9.68,9.68,9.68,2101
HMH,2023-06-14,9.68,9.68,9.58,9.68,25200
HMH,2023-06-15,9.68,9.68,9.68,9.68,10000
HMH,2023-06-16,9.58,9.68,9.58,9.68,300
HMH,2023-06-19,9.68,9.68,9.68,9.68,1700
HMH,2023-06-20,9.68,9.68,9.68,9.68,2300
HMH,2023-06-21,9.68,9.68,9.58,9.68,400
HMH,2023-06-22,9.77,9.77,9.77,9.77,1800
HMH,2023-06-23,9.77,9.77,9.77,9.77,100
HMH,2023-06-26,9.58,9.77,9.58,9.77,4500
HMH,2023-06-27,10.05,10.15,10.05,10.15,3500
HMH,2023-06-28,9.86,9.86,9.77,9.77,2200
HMH,2023-06-29,9.77,9.77,9.77,9.77,300
HMH,2023-06-30,9.77,9.77,9.77,9.77,200
HMH,2023-07-03,9.58,9.58,9.58,9.58,1300
HMH,2023-07-04,9.58,9.58,9.49,9.58,10400
HMH,2023-07-05,9.58,9.58,9.58,9.58,1300
HMH,2023-07-06,9.58,9.58,9.58,9.58,5000
HMH,2023-07-07,9.58,9.58,9.58,9.58,0
HMH,2023-07-10,9.58,9.58,9.49,9.49,3800
HMH,2023-07-11,9.58,9.58,9.58,9.58,200
HMH,2023-07-12,9.86,9.86,9.86,9.86,200
HMH,2023-07-13,9.49,9.58,9.39,9.39,28200
HMH,2023-07-14,9.39,9.39,9.39,9.39,400
HMH,2023-07-17,9.58,9.58,9.58,9.58,900
HMH,2023-07-18,9.58,9.58,9.58,9.58,0
HMH,2023-07-19,9.77,9.77,9.77,9.77,400
HMH,2023-07-20,9.77,9.77,9.77,9.77,0
HMH,2023-07-21,9.68,9.68,9.68,9.68,2000
HMH,2023-07-24,9.39,9.58,9.39,9.58,13600
HMH,2023-07-25,9.58,9.68,9.58,9.68,6600
HMH,2023-07-26,9.68,9.68,9.58,9.68,14500
HMH,2023-07-27,9.58,9.68,9.49,9.58,31900
HMH,2023-07-28,9.58,9.58,9.39,9.49,59900
HMH,2023-07-31,9.49,9.49,9.49,9.49,300
HMH,2023-08-01,9.86,9.86,9.68,9.68,1300
HMH,2023-08-02,9.68,9.68,9.39,9.39,40000
HMH,2023-08-03,9.58,9.96,9.58,9.86,32500
HMH,2023-08-04,9.68,9.68,9.58,9.58,8200
HMH,2023-08-07,9.58,9.86,9.58,9.86,8400
HMH,2023-08-08,9.96,10.15,9.96,9.96,6300
HMH,2023-08-09,9.96,10.33,9.96,10.33,22100
HMH,2023-08-10,10.33,10.33,9.68,9.96,21600
HMH,2023-08-11,9.68,10.05,9.58,9.96,19851
HMH,2023-08-14,9.96,9.96,9.96,9.96,400
HMH,2023-08-15,9.86,9.86,9.68,9.68,10106
HMH,2023-08-16,10.15,10.15,9.96,9.96,1100
HMH,2023-08-17,9.86,9.96,9.86,9.96,6000
HMH,2023-08-18,9.86,9.96,9.77,9.77,25700
HMH,2023-08-21,9.77,9.77,9.77,9.77,1575
HMH,2023-08-22,9.77,9.77,9.77,9.77,32828
HMH,2023-08-23,8.92,8.92,8.92,8.92,30060
HMH,2023-08-24,9.21,9.77,9.21,9.77,6806
HMH,2023-08-25,9.86,9.86,9.68,9.77,5600
HMH,2023-08-28,9.77,9.77,9.02,9.02,36601
HMH,2023-08-29,9.68,9.68,9.39,9.39,200
HMH,2023-08-30,9.39,9.58,9.39,9.49,4830
HMH,2023-08-31,9.49,9.49,9.49,9.49,1200
HMH,2023-09-05,9.49,9.96,9.49,9.96,57127
HMH,2023-09-06,9.86,10.33,9.86,10.33,10827
HMH,2023-09-07,10.24,10.43,10.24,10.24,3000
HMH,2023-09-08,10.24,10.24,10.24,10.24,69
HMH,2023-09-11,9.86,10.24,9.77,10.24,7200
HMH,2023-09-12,9.86,9.86,9.86,9.86,20005
HMH,2023-09-13,10.33,10.33,9.86,9.96,7463
HMH,2023-09-14,10.43,10.9,10.33,10.9,156520
HMH,2023-09-15,11.93,11.93,11.93,11.93,20055
HMH,2023-09-18,13.06,13.06,11.27,11.93,104319
HMH,2023-09-19,11.08,11.74,10.99,11.46,37900
HMH,2023-09-20,11.55,11.55,10.8,10.9,17300
HMH,2023-09-21,10.9,11.08,10.71,10.8,32340
HMH,2023-09-22,10.52,10.71,10.05,10.15,18315
HMH,2023-09-25,10.15,10.24,9.96,9.96,24800
HMH,2023-09-26,9.86,9.96,9.77,9.96,35900
HMH,2023-09-27,9.68,9.96,9.68,9.96,26400
HMH,2023-09-28,9.96,10.15,9.96,10.05,7500
HMH,2023-09-29,10.05,10.24,10.05,10.24,12200
HMH,2023-10-02,10.33,10.33,10.33,10.33,1200
HMH,2023-10-03,10.33,10.33,9.96,10.33,8200
HMH,2023-10-04,10.33,10.33,10.05,10.33,21548
HMH,2023-10-05,10.15,11.08,10.15,10.43,14100
HMH,2023-10-06,10.15,10.52,10.05,10.52,13100
HMH,2023-10-09,10.05,10.43,10.05,10.43,1600
HMH,2023-10-10,10.52,10.52,10.52,10.52,100
HMH,2023-10-11,10.33,10.33,10.24,10.33,21500
HMH,2023-10-12,10.33,10.33,10.33,10.33,0
HMH,2023-10-13,10.15,10.33,10.15,10.33,21400
HMH,2023-10-16,10.33,10.33,10.33,10.33,0
HMH,2023-10-17,10.33,10.43,10.33,10.33,18400
HMH,2023-10-18,10.15,10.15,10.15,10.15,1700
HMH,2023-10-19,10.33,10.33,10.15,10.15,20700
HMH,2023-10-20,10.33,10.99,10.33,10.99,1400
HMH,2023-10-23,10.8,10.99,10.8,10.8,1400
HMH,2023-10-24,10.8,10.8,10.71,10.71,1200
HMH,2023-10-25,10.71,11.08,10.71,11.08,6419
HMH,2023-10-26,10.52,10.52,10.33,10.33,3500
HMH,2023-10-27,10.8,10.8,10.8,10.8,100
HMH,2023-10-30,10.33,10.33,10.33,10.33,27900
HMH,2023-10-31,10.33,10.33,10.33,10.33,5000
HMH,2023-11-01,10.43,10.43,10.33,10.33,29300
HMH,2023-11-02,10.33,10.33,10.33,10.33,0
HMH,2023-11-03,10.8,10.8,10.43,10.43,200
HMH,2023-11-06,10.43,10.8,10.43,10.8,4703
HMH,2023-11-07,10.8,10.8,10.8,10.8,1148
HMH,2023-11-08,10.8,10.8,10.8,10.8,1
HMH,2023-11-09,10.62,10.62,10.62,10.62,165
HMH,2023-11-10,10.62,10.62,10.62,10.62,6200
HMH,2023-11-13,10.62,10.62,10.52,10.52,1700
HMH,2023-11-14,10.43,10.52,10.33,10.52,19702
HMH,2023-11-15,10.43,10.43,10.33,10.43,16003
HMH,2023-11-16,10.52,10.52,10.43,10.43,2050
HMH,2023-11-17,10.43,10.62,10.43,10.62,8510
HMH,2023-11-20,10.33,10.33,10.05,10.33,3000
HMH,2023-11-21,10.43,10.62,10.43,10.62,5100
HMH,2023-11-22,10.62,10.62,10.62,10.62,0
HMH,2023-11-23,10.33,10.33,10.33,10.33,16030
HMH,2023-11-24,10.33,10.33,10.33,10.33,0
HMH,2023-11-27,10.33,10.33,10.33,10.33,0
HMH,2023-11-28,10.15,10.33,10.05,10.05,5680
HMH,2023-11-29,10.15,10.15,10.15,10.15,1700
HMH,2023-11-30,10.15,10.15,10.15,10.15,0
HMH,2023-12-01,10.15,10.15,10.15,10.15,0
HMH,2023-12-04,10.15,10.33,10.15,10.33,1100
HMH,2023-12-05,10.33,10.33,10.33,10.33,4600
HMH,2023-12-06,10.33,11.37,10.33,11.37,1550
HMH,2023-12-07,11.27,12.49,11.27,12.49,36700
HMH,2023-12-08,13.15,13.43,11.74,13.15,2430
HMH,2023-12-11,12.21,12.21,11.84,11.84,400
HMH,2023-12-12,10.8,11.84,10.71,10.99,5100
HMH,2023-12-13,10.99,10.99,10.99,10.99,0
HMH,2023-12-14,10.62,11.65,10.62,11.65,1300
HMH,2023-12-15,10.8,10.9,10.62,10.62,6000
HMH,2023-12-18,11.55,11.55,11.55,11.55,1000
HMH,2023-12-19,11.37,12.68,11.27,11.74,12700
HMH,2023-12-20,12.49,12.87,12.12,12.87,29000
HMH,2023-12-21,13.25,14.09,12.87,12.87,28300
HMH,2023-12-22,12.68,13.06,12.4,13.06,2200
HMH,2023-12-25,12.78,14.0,12.78,14.0,23200
HMH,2023-12-26,12.96,15.03,12.68,13.9,26600
HMH,2023-12-27,14.84,15.03,14.09,14.84,27400
HMH,2023-12-28,15.03,15.22,14.65,14.65,13100
HMH,2023-12-29,14.84,15.03,14.84,15.03,21600
HMH,2024-01-02,14.09,15.41,14.09,15.41,17900
HMH,2024-01-03,14.28,14.28,13.9,14.0,11200
HMH,2024-01-04,13.25,14.47,12.78,14.47,5200
HMH,2024-01-05,13.43,13.43,13.43,13.43,100
HMH,2024-01-08,12.87,13.15,12.68,13.15,7046
HMH,2024-01-09,13.15,13.15,13.15,13.15,300
HMH,2024-01-10,13.25,13.25,13.25,13.25,700
HMH,2024-01-11,13.25,13.25,13.25,13.25,700
HMH,2024-01-12,13.25,13.25,13.25,13.25,500
HMH,2024-01-15,13.25,13.25,13.25,13.25,5000
HMH,2024-01-16,13.25,13.25,13.25,13.25,300
HMH,2024-01-17,13.25,13.25,13.25,13.25,0
HMH,2024-01-18,13.25,13.25,13.25,13.25,0
HMH,2024-01-19,13.15,13.62,13.15,13.15,7187
HMH,2024-01-22,13.53,14.09,12.4,12.4,600
HMH,2024-01-23,12.4,13.62,12.4,12.49,4100
HMH,2024-01-24,12.68,12.68,12.49,12.49,10100
HMH,2024-01-25,12.49,12.49,12.49,12.49,0
HMH,2024-01-26,13.15,13.72,13.15,13.72,300
HMH,2024-01-29,13.72,14.09,13.62,13.81,2200
HMH,2024-01-30,13.81,14.09,13.81,14.09,6600
HMH,2024-01-31,14.09,14.09,14.09,14.09,100
HMH,2024-02-01,14.09,14.09,14.09,14.09,0
HMH,2024-02-02,12.78,12.78,12.78,12.78,100
HMH,2024-02-05,12.96,14.0,12.96,14.0,23600
HMH,2024-02-06,14.09,14.09,14.0,14.09,5200
HMH,2024-02-07,14.09,14.84,13.62,14.47,30300
HMH,2024-02-15,14.47,14.47,13.15,13.15,200
HMH,2024-02-16,13.15,13.15,13.15,13.15,0
HMH,2024-02-19,14.0,14.0,12.68,13.72,1300
HMH,2024-02-20,14.0,14.0,14.0,14.0,100
HMH,2024-02-21,14.0,14.0,14.0,14.0,200
HMH,2024-02-22,13.9,13.9,13.81,13.81,800
HMH,2024-02-23,12.78,12.78,12.78,12.78,202
HMH,2024-02-26,11.93,14.0,11.93,14.0,15200
HMH,2024-02-27,15.03,15.03,12.78,14.47,1630
HMH,2024-02-28,13.15,14.47,13.06,14.47,20400
HMH,2024-02-29,13.15,14.09,13.15,14.09,600
HMH,2024-03-01,14.09,14.09,14.09,14.09,0
HMH,2024-03-04,14.09,14.09,14.09,14.09,0
HMH,2024-03-05,13.9,14.47,13.9,14.28,6600
HMH,2024-03-06,14.28,14.28,14.28,14.28,0
HMH,2024-03-07,14.28,14.28,14.28,14.28,0
HMH,2024-03-08,14.28,14.28,14.28,14.28,0
HMH,2024-03-11,14.28,14.28,14.28,14.28,0
HMH,2024-03-12,13.9,13.9,13.9,13.9,200
HMH,2024-03-13,14.09,14.09,12.59,12.59,3500
HMH,2024-03-14,13.72,13.81,11.37,12.78,11502
HMH,2024-03-15,12.21,12.78,12.21,12.78,127549
HMH,2024-03-18,12.78,12.78,12.78,12.78,3000
HMH,2024-03-19,12.78,12.78,12.78,12.78,0
HMH,2024-03-20,12.78,12.78,12.78,12.78,200
HMH,2024-03-21,12.78,12.78,12.78,12.78,0
HMH,2024-03-22,12.78,12.78,12.78,12.78,3
HMH,2024-03-25,12.78,12.78,12.78,12.78,0
HMH,2024-03-26,12.78,12.78,12.78,12.78,0
HMH,2024-03-27,12.78,12.78,12.78,12.78,0
HMH,2024-03-28,12.78,12.78,12.78,12.78,0
HMH,2024-03-29,12.78,12.78,12.78,12.78,0
HMH,2024-04-01,12.78,12.78,12.78,12.78,0
HMH,2024-04-02,12.78,12.78,12.78,12.78,0
HMH,2024-04-03,13.43,14.0,13.43,13.62,12600
HMH,2024-04-04,12.68,13.62,12.68,13.62,230
HMH,2024-04-05,13.62,13.62,13.62,13.62,0
HMH,2024-04-08,12.31,12.31,12.31,12.31,100
HMH,2024-04-09,13.43,13.53,13.43,13.53,1100
HMH,2024-04-10,13.53,13.53,13.53,13.53,0
HMH,2024-04-11,13.53,13.53,13.53,13.53,0
HMH,2024-04-12,13.53,13.53,13.53,13.53,0
HMH,2024-04-15,13.53,13.53,13.53,13.53,0
HMH,2024-04-16,13.53,13.53,13.53,13.53,0
HMH,2024-04-17,13.53,13.53,13.53,13.53,5
HMH,2024-04-19,13.53,13.53,13.53,13.53,0
HMH,2024-04-22,13.53,13.53,13.53,13.53,0
HMH,2024-04-23,13.53,13.53,13.53,13.53,0
HMH,2024-04-24,13.53,13.53,13.53,13.53,0
HMH,2024-04-25,13.53,13.53,13.53,13.53,5
HMH,2024-04-26,14.09,14.09,14.09,14.09,100
HMH,2024-05-02,12.78,12.78,12.78,12.78,100
HMH,2024-05-03,12.78,14.0,12.78,13.72,4200
HMH,2024-05-06,13.62,14.09,12.78,12.78,2000
HMH,2024-05-07,13.72,14.0,13.72,14.0,900
HMH,2024-05-08,12.96,14.09,12.78,14.09,6600
HMH,2024-05-09,14.09,14.09,14.09,14.09,0
HMH,2024-05-10,12.96,12.96,12.96,12.96,100
HMH,2024-05-13,14.09,14.09,14.09,14.09,121
HMH,2024-05-14,12.96,12.96,12.96,12.96,100
HMH,2024-05-15,12.96,12.96,11.74,11.84,2500
HMH,2024-05-16,12.96,12.96,12.78,12.96,1400
HMH,2024-05-17,13.43,14.09,13.43,14.09,652
HMH,2024-05-20,13.62,14.09,13.62,14.0,12606
HMH,2024-05-21,13.9,14.09,12.96,12.96,800
HMH,2024-05-22,12.96,12.96,12.96,12.96,300
HMH,2024-05-23,12.96,12.96,12.96,12.96,0
HMH,2024-05-24,12.96,12.96,12.96,12.96,0
HMH,2024-05-27,13.25,13.25,13.25,13.25,100
HMH,2024-05-28,12.78,12.78,12.21,12.21,1900
HMH,2024-05-29,12.21,12.21,12.21,12.21,0
HMH,2024-05-30,12.87,12.87,12.87,12.87,100
HMH,2024-05-31,12.87,12.87,12.87,12.87,0
HMH,2024-06-03,12.87,12.87,12.87,12.87,30
HMH,2024-06-04,12.87,12.87,12.87,12.87,0
HMH,2024-06-05,12.87,12.87,12.87,12.87,0
HMH,2024-06-06,12.87,12.87,12.87,12.87,50
HMH,2024-06-07,12.87,12.87,12.87,12.87,1000
HMH,2024-06-10,12.87,12.87,12.87,12.87,0
HMH,2024-06-11,12.87,12.87,12.87,12.87,0
HMH,2024-06-12,12.87,12.87,12.87,12.87,0
HMH,2024-06-13,12.87,12.87,12.87,12.87,0
HMH,2024-06-14,12.87,12.87,12.87,12.87,2
HMH,2024-06-17,12.4,12.4,12.4,12.4,300
HMH,2024-06-18,12.4,12.4,12.4,12.4,0
HMH,2024-06-19,12.4,12.4,12.4,12.4,0
HMH,2024-06-20,12.4,12.4,12.4,12.4,0
HMH,2024-06-21,12.4,12.4,12.4,12.4,0
HMH,2024-06-24,12.4,13.15,12.4,13.15,500
HMH,2024-06-25,12.4,12.4,12.21,12.21,800
HMH,2024-06-26,12.21,12.21,12.21,12.21,0
HMH,2024-06-27,12.4,12.4,12.4,12.4,400
HMH,2024-06-28,12.87,12.96,12.87,12.96,658
HMH,2024-07-01,12.02,13.15,11.84,13.15,4200
HMH,2024-07-02,13.15,13.15,13.15,13.15,49
HMH,2024-07-03,12.96,13.43,12.96,13.43,2600
HMH,2024-07-04,12.4,12.4,12.4,12.4,100
HMH,2024-07-05,12.21,12.21,11.93,11.93,3002
HMH,2024-07-08,11.93,11.93,11.93,11.93,1
HMH,2024-07-09,11.93,11.93,11.93,11.93,2
HMH,2024-07-10,12.12,12.12,12.02,12.02,2341
HMH,2024-07-11,12.02,12.02,12.02,12.02,1
HMH,2024-07-12,12.02,12.02,12.02,12.02,0
HMH,2024-07-15,12.02,12.02,12.02,12.02,0
HMH,2024-07-16,12.02,12.02,12.02,12.02,0
HMH,2024-07-17,12.21,12.21,12.12,12.12,1900
HMH,2024-07-18,12.21,12.21,12.21,12.21,100
HMH,2024-07-19,12.21,12.21,12.21,12.21,0
HMH,2024-07-22,12.49,13.15,12.49,13.06,4600
HMH,2024-07-23,13.06,13.06,13.06,13.06,0
HMH,2024-07-24,13.06,13.06,13.06,13.06,0
HMH,2024-07-25,13.06,13.06,13.06,13.06,3
HMH,2024-07-26,13.06,13.06,13.06,13.06,0
HMH,2024-07-29,13.06,13.06,13.06,13.06,1
HMH,2024-07-30,13.06,13.06,13.06,13.06,0
HMH,2024-07-31,11.93,11.93,11.93,11.93,1000
HMH,2024-08-01,13.06,13.06,12.02,13.06,400
HMH,2024-08-02,12.12,13.62,12.12,13.62,400
HMH,2024-08-05,12.31,13.72,12.31,13.72,3110
HMH,2024-08-06,13.72,13.72,13.72,13.72,0
HMH,2024-08-07,13.72,13.72,13.72,13.72,10
HMH,2024-08-08,12.4,13.72,12.4,13.72,2100
HMH,2024-08-09,13.72,13.72,13.72,13.72,0
HMH,2024-08-12,13.72,13.72,13.72,13.72,1
HMH,2024-08-13,13.72,13.72,13.72,13.72,0
HMH,2024-08-14,13.72,13.72,13.72,13.72,1
HMH,2024-08-15,13.72,13.72,13.72,13.72,0
HMH,2024-08-16,13.72,13.72,13.72,13.72,1
HMH,2024-08-19,13.72,13.72,13.72,13.72,0
HMH,2024-08-20,13.06,13.72,13.06,13.72,5800
HMH,2024-08-21,13.72,13.72,13.72,13.72,0
HMH,2024-08-22,13.72,13.72,13.72,13.72,1
HMH,2024-08-23,13.72,13.72,13.72,13.72,0
HMH,2024-08-26,13.72,13.72,13.72,13.72,10
HMH,2024-08-27,13.72,13.72,13.72,13.72,0
HMH,2024-08-28,13.72,13.72,13.72,13.72,0
HMH,2024-08-29,13.72,13.72,13.72,13.72,0
HMH,2024-08-30,13.72,13.72,13.72,13.72,0
HMH,2024-09-04,13.72,14.09,13.72,14.09,6400
HMH,2024-09-05,12.68,14.09,12.68,14.09,7100
HMH,2024-09-06,13.72,14.0,13.72,14.0,1102
HMH,2024-09-09,14.0,14.0,14.0,14.0,0
HMH,2024-09-10,14.0,14.0,14.0,14.0,0
HMH,2024-09-11,14.0,14.0,14.0,14.0,0
HMH,2024-09-12,14.0,14.0,14.0,14.0,1
HMH,2024-09-13,14.0,14.0,14.0,14.0,0
HMH,2024-09-16,12.68,14.0,12.68,14.0,2100
HMH,2024-09-17,12.68,12.68,12.68,12.68,201
HMH,2024-09-18,13.9,13.9,13.9,13.9,100
HMH,2024-09-19,12.59,13.06,12.59,13.06,300
HMH,2024-09-20,13.06,14.09,13.06,14.09,2000
HMH,2024-09-23,14.09,14.09,14.09,14.09,0
HMH,2024-09-24,12.68,12.68,12.68,12.68,207
HMH,2024-09-25,13.62,13.62,12.31,12.31,4500
HMH,2024-09-26,13.53,13.53,11.46,13.43,4458
HMH,2024-09-27,12.96,12.96,12.96,12.96,100
HMH,2024-09-30,12.87,13.72,12.87,13.72,9940
HMH,2024-10-01,12.4,13.72,12.4,13.72,730
HMH,2024-10-02,12.49,13.62,12.49,13.62,345
HMH,2024-10-03,12.4,13.62,12.4,13.62,300
HMH,2024-10-04,12.49,13.62,12.4,13.62,1700
HMH,2024-10-07,12.59,12.59,12.59,12.59,130
HMH,2024-10-08,12.4,13.62,12.4,12.49,630
HMH,2024-10-09,13.15,13.62,13.15,13.62,1303
HMH,2024-10-10,12.49,12.49,12.49,12.49,172
HMH,2024-10-11,12.49,12.49,12.49,12.49,1
HMH,2024-10-14,12.96,12.96,12.96,12.96,200
HMH,2024-10-15,12.4,12.4,12.4,12.4,100
HMH,2024-10-16,12.31,12.31,12.31,12.31,107
HMH,2024-10-17,12.31,12.96,11.93,12.96,500
HMH,2024-10-18,12.96,12.96,12.96,12.96,13500
HMH,2024-10-21,12.96,12.96,12.4,12.4,601
HMH,2024-10-22,12.02,12.02,12.02,12.02,100
HMH,2024-10-23,12.96,12.96,11.84,11.84,500
HMH,2024-10-24,11.84,11.84,11.84,11.84,0
HMH,2024-10-25,11.84,11.84,11.84,11.84,0
HMH,2024-10-28,11.93,11.93,11.65,11.84,15000
HMH,2024-10-29,12.96,12.96,12.96,12.96,4500
HMH,2024-10-30,14.09,14.18,12.21,14.18,37724
HMH,2024-10-31,14.18,14.94,14.18,14.94,10213
HMH,2024-11-01,14.65,15.97,13.72,14.94,7105
HMH,2024-11-04,15.41,15.78,14.94,15.03,4220
HMH,2024-11-05,13.53,15.5,13.53,15.5,3503
HMH,2024-11-06,15.5,15.5,15.5,15.5,9
HMH,2024-11-07,14.09,14.18,14.0,14.0,433
HMH,2024-11-08,12.68,14.47,12.68,14.47,2610
HMH,2024-11-11,14.47,14.47,14.47,14.47,0
HMH,2024-11-12,14.37,14.37,13.06,13.06,421
HMH,2024-11-13,13.06,13.06,13.06,13.06,300
HMH,2024-11-14,13.06,13.06,13.06,13.06,20
HMH,2024-11-15,13.9,13.9,13.9,13.9,1000
HMH,2024-11-18,13.9,13.9,13.9,13.9,0
HMH,2024-11-19,13.9,13.9,13.15,13.15,5000
HMH,2024-11-20,13.15,13.15,13.15,13.15,0
HMH,2024-11-21,12.68,12.68,12.68,12.68,17700
HMH,2024-11-22,12.68,12.68,12.68,12.68,0
HMH,2024-11-25,12.31,12.31,12.31,12.31,110
HMH,2024-11-26,12.31,12.31,12.31,12.31,0
HMH,2024-11-27,12.4,12.4,12.31,12.31,2600
HMH,2024-11-28,12.68,12.68,12.59,12.59,12100
HMH,2024-11-29,12.59,12.59,12.59,12.59,0
HMH,2024-12-02,12.31,13.06,12.31,13.06,2200
HMH,2024-12-03,12.49,12.49,12.49,12.49,200
HMH,2024-12-04,12.4,12.4,12.21,12.21,3600
HMH,2024-12-05,12.68,12.68,12.68,12.68,309
HMH,2024-12-06,12.68,12.68,12.68,12.68,0
HMH,2024-12-09,12.68,12.68,12.68,12.68,0
HMH,2024-12-10,12.68,12.68,12.68,12.68,0
HMH,2024-12-11,12.68,12.68,12.68,12.68,0
HMH,2024-12-12,12.68,12.68,12.68,12.68,1500
HMH,2024-12-13,12.21,12.21,12.21,12.21,4101
HMH,2024-12-16,12.31,12.31,12.31,12.31,200
HMH,2024-12-17,12.4,12.4,12.4,12.4,7400
HMH,2024-12-18,12.68,13.15,12.68,13.15,1000
HMH,2024-12-19,12.21,13.15,12.21,13.15,200
HMH,2024-12-20,12.68,13.15,12.68,13.15,5311
HMH,2024-12-23,13.15,13.15,12.68,13.06,5600
HMH,2024-12-24,13.15,13.15,13.15,13.15,500
HMH,2024-12-25,13.15,13.15,13.15,13.15,21200
HMH,2024-12-26,13.15,13.25,13.15,13.15,5301
HMH,2024-12-27,13.15,13.15,13.15,13.15,5001
HMH,2024-12-30,13.15,13.34,13.15,13.34,12000
HMH,2024-12-31,13.34,13.34,13.34,13.34,13400
HMH,2025-01-02,13.34,13.34,13.34,13.34,0
HMH,2025-01-03,13.34,13.34,13.34,13.34,5000
HMH,2025-01-06,13.34,13.34,12.68,13.34,4001
HMH,2025-01-07,12.68,12.68,12.68,12.68,816
HMH,2025-01-08,13.34,13.43,13.34,13.34,5100
HMH,2025-01-09,13.34,13.34,13.34,13.34,5100
HMH,2025-01-10,13.34,13.34,13.34,13.34,4431
HMH,2025-01-13,13.34,14.65,13.34,14.65,2700
HMH,2025-01-14,14.65,14.65,14.65,14.65,0
HMH,2025-01-15,14.65,14.65,14.65,14.65,0
HMH,2025-01-16,14.28,14.28,14.09,14.09,800
HMH,2025-01-17,13.62,13.62,12.78,12.78,300
HMH,2025-01-20,12.96,13.15,12.96,13.15,1700
HMH,2025-01-21,13.43,13.43,13.15,13.15,500
HMH,2025-01-22,13.25,13.25,12.4,12.4,9072
HMH,2025-01-23,12.68,13.62,12.4,13.62,10400
HMH,2025-01-24,14.94,14.94,13.62,14.84,4200
HMH,2025-02-03,14.09,15.97,13.62,15.78,7800
HMH,2025-02-04,15.78,15.78,15.78,15.78,0
HMH,2025-02-05,14.28,15.97,14.28,15.97,311
HMH,2025-02-06,15.97,15.97,15.97,15.97,0
HMH,2025-02-07,15.03,15.03,15.03,15.03,1020
HMH,2025-02-10,14.09,14.09,14.09,14.09,432
HMH,2025-02-11,14.18,14.18,14.18,14.18,100
HMH,2025-02-12,14.18,14.18,14.18,14.18,2000
HMH,2025-02-13,14.28,14.28,14.18,14.28,3201
HMH,2025-02-14,14.28,14.37,14.09,14.09,4232
HMH,2025-02-17,14.09,14.09,14.09,14.09,1000
HMH,2025-02-18,14.94,14.94,14.94,14.94,110
HMH,2025-02-19,13.62,13.62,13.62,13.62,503
HMH,2025-02-20,13.81,13.9,13.81,13.9,1600
HMH,2025-02-21,13.43,14.37,13.43,14.37,28300
HMH,2025-02-24,13.72,14.37,13.72,13.72,3600
HMH,2025-02-25,13.81,14.0,13.81,13.81,5752
HMH,2025-02-26,13.9,13.9,13.25,13.53,11548
HMH,2025-02-27,13.34,14.09,13.34,14.09,502
HMH,2025-02-28,14.0,14.0,14.0,14.0,100
HMH,2025-03-03,13.9,13.9,13.9,13.9,100
HMH,2025-03-04,13.72,13.72,13.72,13.72,105
HMH,2025-03-05,14.0,14.09,14.0,14.09,1201
HMH,2025-03-06,14.09,14.09,14.09,14.09,400
HMH,2025-03-07,14.09,15.03,14.09,15.03,3600
HMH,2025-03-10,14.28,14.28,14.28,14.28,100
HMH,2025-03-11,13.81,13.81,13.81,13.81,100
HMH,2025-03-12,14.09,14.09,14.09,14.09,400
HMH,2025-03-13,14.09,14.09,14.09,14.09,0
HMH,2025-03-14,14.09,14.09,14.09,14.09,100
HMH,2025-03-17,13.53,13.72,13.53,13.72,650
HMH,2025-03-18,13.9,14.09,13.62,14.09,2300
HMH,2025-03-19,14.09,14.09,14.09,14.09,0
HMH,2025-03-20,13.81,13.81,13.81,13.81,100
HMH,2025-03-21,14.47,14.65,14.09,14.09,2100
HMH,2025-03-24,14.94,15.03,14.94,15.03,2000
HMH,2025-03-25,14.56,14.56,14.56,14.56,500
HMH,2025-03-26,14.56,14.56,14.56,14.56,0
HMH,2025-03-27,14.09,14.18,13.62,14.18,1000
HMH,2025-03-28,14.18,14.18,14.18,14.18,2
HMH,2025-03-31,13.43,13.43,13.43,13.43,201
HMH,2025-04-01,13.43,13.43,13.43,13.43,0
HMH,2025-04-02,14.0,14.0,14.0,14.0,103
HMH,2025-04-03,13.72,13.72,12.68,12.68,3902
HMH,2025-04-04,11.93,13.9,11.74,13.81,3036
HMH,2025-04-08,12.68,12.96,12.49,12.59,16500
HMH,2025-04-09,12.87,12.96,11.37,12.96,4400
HMH,2025-04-10,13.62,14.18,13.62,14.18,26803
HMH,2025-04-11,13.62,14.56,13.62,14.56,3100
HMH,2025-04-14,13.25,14.56,13.15,14.56,543
HMH,2025-04-15,14.56,14.56,14.56,14.56,0
HMH,2025-04-16,14.47,14.56,14.47,14.56,409
HMH,2025-04-17,14.09,14.09,14.09,14.09,700
HMH,2025-04-18,15.03,15.03,14.84,15.03,4000
HMH,2025-04-21,14.56,14.56,14.09,14.09,2000
HMH,2025-04-22,13.53,13.53,13.34,13.34,1100
HMH,2025-04-23,13.15,13.15,12.4,12.4,1005
HMH,2025-04-24,12.4,12.4,12.4,12.4,0
HMH,2025-04-25,13.62,13.62,12.87,12.87,400
HMH,2025-04-28,13.15,13.43,13.15,13.43,900
HMH,2025-04-29,13.62,14.28,13.53,13.53,36300
HMH,2025-05-05,13.9,14.09,13.81,13.81,38646
HMH,2025-05-06,13.9,13.9,13.81,13.81,35300
HMH,2025-05-07,14.09,15.12,14.09,15.12,60268
HMH,2025-05-08,15.12,15.97,15.03,15.97,36700
HMH,2025-05-09,15.22,15.31,15.22,15.31,41001
HMH,2025-05-12,15.78,15.78,14.84,14.84,56700
HMH,2025-05-13,14.65,14.65,14.56,14.56,40088
HMH,2025-05-14,14.28,14.56,14.28,14.37,39700
HMH,2025-05-15,14.47,14.56,14.18,14.28,48001
HMH,2025-05-16,15.69,15.69,14.28,14.28,300
HMH,2025-05-19,15.41,15.41,15.41,15.41,100
HMH,2025-05-20,15.88,15.88,15.88,15.88,124
HMH,2025-05-21,15.88,15.88,15.88,15.88,66
HMH,2025-05-22,15.03,15.03,14.75,14.75,4911
HMH,2025-05-23,13.72,14.75,13.53,14.75,1200
HMH,2025-05-26,14.75,14.75,14.75,14.75,8
HMH,2025-05-27,14.75,14.75,14.28,14.47,4300
HMH,2025-05-28,14.47,14.47,14.47,14.47,300
HMH,2025-05-29,14.56,14.56,14.18,14.18,2025
HMH,2025-05-30,14.18,14.18,13.81,13.81,1384
HMH,2025-06-02,14.09,14.09,14.09,14.09,127
HMH,2025-06-03,14.09,14.09,14.09,14.09,161
HMH,2025-06-04,14.09,14.09,14.09,14.09,1548
HMH,2025-06-05,14.75,15.5,14.75,15.5,9028
HMH,2025-06-06,16.5,16.5,15.5,15.5,2153
HMH,2025-06-09,15.5,15.5,14.3,14.3,3966
HMH,2025-06-10,14.1,14.1,14.1,14.1,208
HMH,2025-06-11,14.1,14.1,14.1,14.1,12
HMH,2025-06-12,14.5,15.5,14.5,15.4,2145
HMH,2025-06-13,14.5,14.6,14.5,14.6,704
HMH,2025-06-16,14.6,16.0,14.6,16.0,4300
HMH,2025-06-17,16.0,16.0,16.0,16.0,50
HMH,2025-06-18,14.6,16.0,14.6,16.0,3004
HMH,2025-06-19,15.2,15.2,15.1,15.1,4200
HMH,2025-06-20,15.0,15.0,15.0,15.0,3000
HMH,2025-06-23,15.8,15.8,15.5,15.5,1600
HMH,2025-06-24,15.8,15.8,15.8,15.8,100
HMH,2025-06-26,15.8,15.8,15.8,15.8,100
HMH,2025-06-30,15.7,15.8,15.3,15.3,1200
HMH,2025-07-01,15.3,15.3,15.3,15.3,1300
HMH,2025-07-03,15.4,15.7,15.4,15.7,6100
HMH,2025-07-04,15.5,15.5,15.5,15.5,400
HMH,2025-07-07,15.5,15.5,15.0,15.0,2200
HMH,2025-07-08,15.5,15.5,15.0,15.5,13600
HMH,2025-07-09,15.5,15.5,15.5,15.5,500
HMH,2025-07-11,15.5,15.5,15.5,15.5,1200
HMH,2025-07-14,15.5,15.5,15.5,15.5,8200
HMH,2025-07-15,15.2,15.5,15.2,15.5,1100
HMH,2025-07-16,15.5,15.5,15.5,15.5,100
HMH,2025-07-17,15.8,15.8,15.6,15.6,11200
HMH,2025-07-18,15.8,15.8,15.8,15.8,2000
HMH,2025-07-21,15.3,16.0,14.9,16.0,52400
HMH,2025-07-22,16.0,16.1,16.0,16.1,6000
HMH,2025-07-23,16.3,16.5,16.3,16.5,9900
HMH,2025-07-25,16.0,16.5,16.0,16.5,2200
HMH,2025-07-28,16.5,16.5,16.5,16.5,4000
HMH,2025-07-29,16.5,16.5,16.5,16.5,2100
HMH,2025-07-30,16.3,16.5,16.3,16.5,1000
HMH,2025-08-06,16.0,17.5,16.0,16.5,3400
HMH,2025-08-07,16.7,17.0,16.7,17.0,18900
HMH,2025-08-11,16.2,17.6,16.2,17.6,3000
HMH,2025-08-12,17.3,18.0,17.3,18.0,3800
HMH,2025-08-13,17.0,18.2,16.9,18.2,1600
HMH,2025-08-14,18.2,18.5,18.2,18.3,9900
HMH,2025-08-18,18.2,18.3,18.2,18.3,5000
HMH,2025-08-20,17.2,17.2,17.2,17.2,200
HMH,2025-08-28,16.0,16.0,16.0,16.0,1200
HMH,2025-09-04,17.2,17.2,17.2,17.2,100
HMH,2025-09-05,15.8,15.8,15.8,15.8,100
HMH,2025-09-08,15.8,15.8,14.4,14.4,2000
HMH,2025-09-09,15.8,15.8,15.8,15.8,100
HMH,2025-09-12,15.6,16.0,15.0,15.9,2600
HMH,2025-09-15,16.0,17.0,16.0,17.0,2700
HMH,2025-09-16,17.2,18.0,17.2,18.0,1100
HMH,2025-09-17,16.2,18.0,16.2,18.0,7700
HMH,2025-09-18,16.2,17.3,16.2,17.3,1300
HMH,2025-09-19,17.3,17.3,15.7,17.3,1500
HMH,2025-09-22,17.3,17.3,17.3,17.3,400
HMH,2025-09-25,17.0,17.0,16.8,16.8,2200
HMH,2025-09-26,15.3,15.6,15.3,15.6,2400
HMH,2025-09-29,16.9,16.9,16.9,16.9,100
HMH,2025-09-30,15.4,18.0,15.3,18.0,9500
HMH,2025-10-01,16.9,18.2,16.8,18.2,15600
HMH,2025-10-02,17.8,18.5,17.0,17.0,16800
HMH,2025-10-03,17.5,17.5,17.5,17.5,900
HMH,2025-10-06,17.9,17.9,17.7,17.9,4300
HMH,2025-10-07,17.2,17.9,17.0,17.9,6300
HMH,2025-10-08,18.0,18.0,17.9,17.9,7900
HMH,2025-10-09,17.9,17.9,17.9,17.9,5000
HMH,2025-10-13,16.5,18.0,16.5,18.0,1800
HMH,2025-10-15,17.5,18.0,17.5,18.0,2500
HMH,2025-10-16,17.9,18.5,17.9,18.5,3700
HMH,2025-10-20,16.8,18.2,16.8,18.2,300
HMH,2025-10-21,18.0,18.2,18.0,18.2,3900
HMH,2025-10-22,17.0,18.2,16.4,18.2,6100
HMH,2025-10-29,17.2,18.2,17.0,17.0,9900
HMH,2025-10-30,17.0,17.0,17.0,17.0,200
HMH,2025-11-03,16.2,17.0,16.2,17.0,2100
HMH,2025-11-10,16.0,16.0,16.0,16.0,100
HMH,2025-11-11,17.0,17.6,16.0,16.0,3100
HMH,2025-11-13,16.5,17.0,16.0,16.0,3200
HMH,2025-11-14,16.0,16.0,16.0,16.0,1000
HMH,2025-11-17,15.8,15.8,14.7,15.2,1400
HMH,2025-11-18,16.5,16.5,15.2,15.2,1300
HMH,2025-11-20,15.8,15.8,15.8,15.8,2000
HMH,2025-11-21,15.9,15.9,15.2,15.2,400
HMH,2025-11-26,14.4,16.0,14.1,14.8,1000
HMH,2025-11-27,16.0,16.0,16.0,16.0,100
HMH,2025-12-01,16.0,16.0,16.0,16.0,1000
HMH,2025-12-12,16.0,16.0,16.0,16.0,300
HMH,2025-12-15,16.0,16.0,16.0,16.0,500
HMH,2025-12-24,15.0,15.0,15.0,15.0,400
HMH,2025-12-26,15.0,15.0,15.0,15.0,100
HMH,2025-12-31,15.7,16.5,15.7,16.1,1900
HMG,2016-09-09,8.23,0.0,0.0,0.0,0
HMG,2016-09-12,8.23,0.0,0.0,0.0,0
HMG,2016-09-13,8.23,0.0,0.0,0.0,0
HMG,2016-09-14,7.41,9.05,7.41,9.05,1000
HMG,2016-09-15,9.05,9.05,9.05,9.05,0
HMG,2016-09-16,9.05,9.05,9.05,9.05,0
HMG,2016-09-19,9.05,9.05,9.05,9.05,0
HMG,2016-09-20,9.05,9.05,9.05,9.05,0
HMG,2016-09-21,9.05,9.05,9.05,9.05,0
HMG,2016-09-22,9.05,9.05,9.05,9.05,0
HMG,2016-09-23,9.05,9.05,9.05,9.05,0
HMG,2016-09-26,9.05,9.05,9.05,9.05,0
HMG,2016-09-27,9.05,9.05,9.05,9.05,0
HMG,2016-09-28,9.05,9.05,9.05,9.05,0
HMG,2016-09-29,9.05,9.05,9.05,9.05,0
HMG,2016-09-30,9.05,9.05,9.05,9.05,0
HMG,2016-10-03,9.05,9.05,9.05,9.05,0
HMG,2016-10-04,7.41,7.41,7.41,7.41,200
HMG,2016-10-05,6.58,6.58,6.58,6.58,200
HMG,2016-10-06,6.17,6.17,6.17,6.17,400
HMG,2016-10-07,6.17,6.17,6.17,6.17,0
HMG,2016-10-10,6.17,6.17,6.17,6.17,0
HMG,2016-10-11,6.17,6.17,6.17,6.17,0
HMG,2016-10-12,6.17,6.17,6.17,6.17,0
HMG,2016-10-13,6.17,6.17,6.17,6.17,0
HMG,2016-10-14,6.17,6.17,6.17,6.17,0
HMG,2016-10-17,6.17,6.17,6.17,6.17,0
HMG,2016-10-18,6.17,6.17,6.17,6.17,0
HMG,2016-10-19,6.17,6.17,6.17,6.17,0
HMG,2016-10-20,6.17,6.17,6.17,6.17,0
HMG,2016-10-21,6.17,6.17,6.17,6.17,0
HMG,2016-10-24,6.17,6.17,6.17,6.17,0
HMG,2016-10-25,6.17,6.17,6.17,6.17,0
HMG,2016-10-26,6.17,6.17,6.17,6.17,0
HMG,2016-10-27,6.17,6.17,6.17,6.17,0
HMG,2016-10-28,6.17,6.17,6.17,6.17,0
HMG,2016-10-31,6.17,6.17,6.17,6.17,0
HMG,2016-11-01,6.17,6.17,6.17,6.17,0
HMG,2016-11-02,6.17,6.17,6.17,6.17,0
HMG,2016-11-03,6.17,6.17,6.17,6.17,0
HMG,2016-11-04,6.17,6.17,6.17,6.17,0
HMG,2016-11-07,6.17,6.17,6.17,6.17,0
HMG,2016-11-08,6.17,6.17,6.17,6.17,0
HMG,2016-11-09,6.17,6.17,6.17,6.17,0
HMG,2016-11-10,6.17,6.17,6.17,6.17,0
HMG,2016-11-11,6.17,6.17,6.17,6.17,0
HMG,2016-11-14,6.17,6.17,6.17,6.17,0
HMG,2016-11-15,6.17,6.17,6.17,6.17,0
HMG,2016-11-16,6.17,6.17,6.17,6.17,0
HMG,2016-11-17,6.17,6.17,6.17,6.17,0
HMG,2016-11-18,6.17,6.17,6.17,6.17,0
HMG,2016-11-21,6.17,6.17,6.17,6.17,0
HMG,2016-11-22,6.17,6.17,6.17,6.17,0
HMG,2016-11-23,6.17,6.17,6.17,6.17,0
HMG,2016-11-24,6.17,6.17,6.17,6.17,0
HMG,2016-11-25,6.17,6.17,6.17,6.17,0
HMG,2016-11-28,6.17,6.17,6.17,6.17,0
HMG,2016-11-29,6.17,6.17,6.17,6.17,0
HMG,2016-11-30,6.17,6.17,6.17,6.17,0
HMG,2016-12-01,6.17,6.17,6.17,6.17,0
HMG,2016-12-02,6.17,6.17,6.17,6.17,0
HMG,2016-12-05,6.17,6.17,6.17,6.17,0
HMG,2016-12-06,6.17,6.17,6.17,6.17,0
HMG,2016-12-07,6.17,6.17,6.17,6.17,0
HMG,2016-12-08,6.17,6.17,6.17,6.17,0
HMG,2016-12-09,6.17,6.17,6.17,6.17,0
HMG,2016-12-12,6.17,6.17,6.17,6.17,0
HMG,2016-12-13,6.17,6.17,6.17,6.17,0
HMG,2016-12-14,6.17,6.17,6.17,6.17,0
HMG,2016-12-15,6.17,6.17,6.17,6.17,0
HMG,2016-12-16,6.17,6.17,6.17,6.17,0
HMG,2016-12-19,6.17,6.17,6.17,6.17,0
HMG,2016-12-20,6.17,6.17,6.17,6.17,0
HMG,2016-12-21,6.17,6.17,6.17,6.17,0
HMG,2016-12-22,6.17,6.17,6.17,6.17,0
HMG,2016-12-23,4.94,4.94,4.94,4.94,16200
HMG,2016-12-26,4.94,4.94,4.94,4.94,0
HMG,2016-12-27,4.94,4.94,4.94,4.94,0
HMG,2016-12-28,4.94,4.94,4.94,4.94,0
HMG,2016-12-29,4.94,4.94,4.94,4.94,0
HMG,2016-12-30,4.94,4.94,4.94,4.94,0
HMG,2017-01-03,4.94,4.94,4.94,4.94,0
HMG,2017-01-04,4.94,4.94,4.94,4.94,0
HMG,2017-01-05,4.94,4.94,4.94,4.94,0
HMG,2017-01-06,4.94,4.94,4.94,4.94,0
HMG,2017-01-09,4.94,4.94,4.94,4.94,0
HMG,2017-01-10,4.94,4.94,4.94,4.94,0
HMG,2017-01-11,4.94,4.94,4.94,4.94,0
HMG,2017-01-12,4.94,4.94,4.94,4.94,0
HMG,2017-01-13,4.94,4.94,4.94,4.94,0
HMG,2017-01-16,4.94,4.94,4.94,4.94,0
HMG,2017-01-17,4.94,4.94,4.94,4.94,0
HMG,2017-01-18,4.94,4.94,4.94,4.94,0
HMG,2017-01-19,4.94,4.94,4.94,4.94,0
HMG,2017-01-20,4.94,4.94,4.94,4.94,0
HMG,2017-01-23,4.94,4.94,4.94,4.94,0
HMG,2017-01-24,4.94,4.94,4.94,4.94,0
HMG,2017-01-25,4.94,4.94,4.94,4.94,0
HMG,2017-02-02,4.94,4.94,4.94,4.94,0
HMG,2017-02-03,4.94,4.94,4.94,4.94,0
HMG,2017-02-06,4.94,4.94,4.94,4.94,0
HMG,2017-02-07,4.94,4.94,4.94,4.94,0
HMG,2017-02-08,4.94,4.94,4.94,4.94,0
HMG,2017-02-09,4.94,4.94,4.94,4.94,0
HMG,2017-02-10,4.94,4.94,4.94,4.94,0
HMG,2017-02-13,4.94,4.94,4.94,4.94,0
HMG,2017-02-14,4.94,4.94,4.94,4.94,0
HMG,2017-02-15,4.94,4.94,4.94,4.94,0
HMG,2017-02-16,4.94,4.94,4.94,4.94,0
HMG,2017-02-17,4.94,4.94,4.94,4.94,0
HMG,2017-02-20,5.27,5.27,5.27,5.27,100
HMG,2017-02-21,5.27,5.27,5.27,5.27,0
HMG,2017-02-22,5.27,5.27,5.27,5.27,0
HMG,2017-02-23,5.27,5.27,5.27,5.27,0
HMG,2017-02-24,5.27,5.27,5.27,5.27,0
HMG,2017-02-27,5.27,5.27,5.27,5.27,0
HMG,2017-02-28,5.27,5.27,5.27,5.27,0
HMG,2017-03-01,5.27,5.27,5.27,5.27,0
HMG,2017-03-02,5.27,5.27,5.27,5.27,0
HMG,2017-03-03,5.27,5.27,5.27,5.27,0
HMG,2017-03-06,5.27,5.27,5.27,5.27,0
HMG,2017-03-07,5.27,5.27,5.27,5.27,0
HMG,2017-03-08,5.76,5.76,5.76,5.76,500
HMG,2017-03-09,5.76,5.76,5.76,5.76,0
HMG,2017-03-10,5.76,5.76,5.76,5.76,0
HMG,2017-03-13,5.76,5.76,5.76,5.76,0
HMG,2017-03-14,5.76,5.76,5.76,5.76,0
HMG,2017-03-15,5.76,5.76,5.76,5.76,0
HMG,2017-03-16,5.76,5.76,5.76,5.76,0
HMG,2017-03-17,5.76,5.76,5.76,5.76,0
HMG,2017-03-20,5.76,5.76,5.76,5.76,1000
HMG,2017-03-21,5.76,5.76,5.76,5.76,0
HMG,2017-03-22,5.76,5.76,5.76,5.76,0
HMG,2017-03-23,5.76,5.76,5.76,5.76,0
HMG,2017-03-24,5.76,5.76,5.76,5.76,0
HMG,2017-03-27,5.76,5.76,5.76,5.76,0
HMG,2017-03-28,5.76,5.76,5.76,5.76,0
HMG,2017-03-29,5.76,5.76,5.76,5.76,0
HMG,2017-03-30,5.76,5.76,5.76,5.76,0
HMG,2017-03-31,5.76,5.76,5.76,5.76,0
HMG,2017-04-03,5.76,5.76,5.76,5.76,0
HMG,2017-04-04,5.76,5.76,5.76,5.76,0
HMG,2017-04-05,5.76,5.76,5.76,5.76,0
HMG,2017-04-07,5.76,5.76,5.76,5.76,0
HMG,2017-04-10,5.76,5.76,5.76,5.76,0
HMG,2017-04-11,5.76,5.76,5.76,5.76,0
HMG,2017-04-12,5.76,5.76,5.76,5.76,0
HMG,2017-04-13,5.76,5.76,5.76,5.76,0
HMG,2017-04-14,5.76,5.76,5.76,5.76,0
HMG,2017-04-17,5.76,5.76,5.76,5.76,0
HMG,2017-04-18,5.76,5.76,5.76,5.76,0
HMG,2017-04-19,5.76,5.76,5.76,5.76,0
HMG,2017-04-20,5.76,5.76,5.76,5.76,0
HMG,2017-04-21,5.76,5.76,5.76,5.76,0
HMG,2017-04-24,5.76,5.76,5.76,5.76,0
HMG,2017-04-25,5.76,5.76,5.76,5.76,0
HMG,2017-04-26,5.76,5.76,5.76,5.76,0
HMG,2017-04-27,5.76,5.76,5.76,5.76,0
HMG,2017-04-28,5.76,5.76,5.76,5.76,0
HMG,2017-05-03,5.76,5.76,5.76,5.76,0
HMG,2017-05-04,5.76,5.76,5.76,5.76,0
HMG,2017-05-05,5.76,5.76,5.76,5.76,0
HMG,2017-05-08,5.76,5.76,5.76,5.76,0
HMG,2017-05-09,5.76,5.76,5.76,5.76,0
HMG,2017-05-10,5.76,5.76,5.76,5.76,0
HMG,2017-05-11,5.76,6.17,5.76,6.17,2400
HMG,2017-05-12,6.01,6.01,6.01,6.01,0
HMG,2017-05-15,6.01,6.01,6.01,6.01,0
HMG,2017-05-16,6.01,6.01,6.01,6.01,0
HMG,2017-05-17,6.01,6.01,6.01,6.01,0
HMG,2017-05-18,6.01,6.01,6.01,6.01,0
HMG,2017-05-19,6.01,6.01,6.01,6.01,0
HMG,2017-05-22,6.01,6.01,6.01,6.01,0
HMG,2017-05-23,6.01,6.01,6.01,6.01,0
HMG,2017-05-24,6.58,6.58,6.58,6.58,0
HMG,2017-05-25,6.58,6.58,6.58,6.58,0
HMG,2017-05-26,6.58,6.58,6.58,6.58,0
HMG,2017-05-29,6.58,6.58,6.58,6.58,0
HMG,2017-05-30,6.58,6.58,6.58,6.58,0
HMG,2017-05-31,6.58,6.58,6.58,6.58,0
HMG,2017-06-01,6.58,6.58,6.58,6.58,0
HMG,2017-06-02,6.58,6.58,6.58,6.58,0
HMG,2017-06-05,6.58,6.58,6.58,6.58,0
HMG,2017-06-06,6.58,6.58,6.58,6.58,0
HMG,2017-06-07,6.58,6.58,6.58,6.58,0
HMG,2017-06-08,6.58,6.58,6.58,6.58,0
HMG,2017-06-09,6.58,6.58,6.58,6.58,0
HMG,2017-06-12,5.76,5.84,5.76,5.84,10000
HMG,2017-06-13,5.76,5.76,5.76,5.76,0
HMG,2017-06-14,5.76,5.76,5.76,5.76,0
HMG,2017-06-15,5.76,5.76,5.76,5.76,0
HMG,2017-06-16,5.76,5.76,5.76,5.76,0
HMG,2017-06-19,5.76,5.76,5.76,5.76,0
HMG,2017-06-20,5.76,5.76,5.76,5.76,0
HMG,2017-06-21,5.76,5.76,5.76,5.76,0
HMG,2017-06-22,5.76,5.76,5.76,5.76,0
HMG,2017-06-23,5.76,5.76,5.76,5.76,0
HMG,2017-06-26,5.76,5.76,5.76,5.76,0
HMG,2017-06-27,5.76,5.76,5.76,5.76,0
HMG,2017-06-28,5.76,5.76,5.76,5.76,0
HMG,2017-06-29,5.76,5.76,5.76,5.76,0
HMG,2017-06-30,5.76,5.76,5.76,5.76,1600
HMG,2017-07-03,5.76,5.76,5.76,5.76,0
HMG,2017-07-04,5.76,5.76,5.76,5.76,0
HMG,2017-07-05,5.76,6.58,5.76,6.58,200
HMG,2017-07-06,7.08,7.08,7.08,7.08,100
HMG,2017-07-07,7.08,7.08,7.08,7.08,0
HMG,2017-07-10,7.08,7.08,7.08,7.08,0
HMG,2017-07-11,7.08,7.08,7.08,7.08,0
HMG,2017-07-12,7.08,7.08,7.08,7.08,0
HMG,2017-07-13,7.08,7.08,7.08,7.08,0
HMG,2017-07-14,6.09,6.09,6.09,6.09,100
HMG,2017-07-17,5.18,5.18,5.18,5.18,100
HMG,2017-07-18,5.93,5.93,5.93,5.93,5000
HMG,2017-07-19,5.93,5.93,5.93,5.93,0
HMG,2017-07-20,5.93,5.93,5.93,5.93,0
HMG,2017-07-21,5.93,5.93,5.93,5.93,0
HMG,2017-07-24,5.93,5.93,5.93,5.93,0
HMG,2017-07-25,5.93,5.93,5.93,5.93,0
HMG,2017-07-26,5.93,5.93,5.93,5.93,0
HMG,2017-07-27,5.93,5.93,5.93,5.93,0
HMG,2017-07-28,5.93,5.93,5.93,5.93,0
HMG,2017-07-31,5.93,5.93,5.93,5.93,0
HMG,2017-08-01,5.93,5.93,5.93,5.93,0
HMG,2017-08-02,5.93,5.93,5.93,5.93,0
HMG,2017-08-03,5.93,5.93,5.93,5.93,0
HMG,2017-08-04,5.93,5.93,5.93,5.93,0
HMG,2017-08-07,5.93,5.93,5.93,5.93,0
HMG,2017-08-08,5.93,5.93,5.93,5.93,0
HMG,2017-08-09,5.93,5.93,5.93,5.93,0
HMG,2017-08-10,5.93,5.93,5.93,5.93,0
HMG,2017-08-11,5.93,5.93,5.93,5.93,0
HMG,2017-08-14,5.93,5.93,5.93,5.93,0
HMG,2017-08-15,5.93,5.93,5.93,5.93,0
HMG,2017-08-16,5.93,5.93,5.93,5.93,0
HMG,2017-08-17,5.93,5.93,5.93,5.93,0
HMG,2017-08-18,5.93,5.93,5.93,5.93,0
HMG,2017-08-21,5.93,5.93,5.93,5.93,0
HMG,2017-08-22,5.93,5.93,5.93,5.93,0
HMG,2017-08-23,5.93,5.93,5.93,5.93,0
HMG,2017-08-24,5.93,5.93,5.93,5.93,0
HMG,2017-08-25,5.93,5.93,5.93,5.93,0
HMG,2017-08-28,5.93,5.93,5.93,5.93,0
HMG,2017-08-29,5.93,5.93,5.93,5.93,0
HMG,2017-08-30,5.93,5.93,5.93,5.93,0
HMG,2017-08-31,5.93,5.93,5.93,5.93,0
HMG,2017-09-01,5.93,5.93,5.93,5.93,0
HMG,2017-09-05,5.93,5.93,5.93,5.93,0
HMG,2017-09-06,5.93,5.93,5.93,5.93,0
HMG,2017-09-07,5.93,5.93,5.93,5.93,0
HMG,2017-09-08,5.93,5.93,5.93,5.93,0
HMG,2017-09-11,5.93,5.93,5.93,5.93,0
HMG,2017-09-12,5.93,5.93,5.93,5.93,0
HMG,2017-09-13,5.93,5.93,5.93,5.93,0
HMG,2017-09-14,5.93,5.93,5.93,5.93,0
HMG,2017-09-15,5.93,5.93,5.93,5.93,0
HMG,2017-09-18,5.93,5.93,5.93,5.93,0
HMG,2017-09-19,5.93,5.93,5.93,5.93,0
HMG,2017-09-20,5.93,5.93,5.93,5.93,0
HMG,2017-09-21,5.93,5.93,5.93,5.93,0
HMG,2017-09-22,5.93,5.93,5.93,5.93,0
HMG,2017-09-25,5.93,5.93,5.93,5.93,0
HMG,2017-09-26,5.93,5.93,5.93,5.93,0
HMG,2017-09-27,5.93,5.93,5.93,5.93,0
HMG,2017-09-28,5.93,5.93,5.93,5.93,0
HMG,2017-09-29,5.93,5.93,5.93,5.93,0
HMG,2017-10-02,5.93,5.93,5.93,5.93,0
HMG,2017-10-03,5.93,5.93,5.93,5.93,0
HMG,2017-10-04,5.93,5.93,5.93,5.93,0
HMG,2017-10-05,5.93,5.93,5.93,5.93,0
HMG,2017-10-06,5.93,5.93,5.93,5.93,0
HMG,2017-10-09,5.93,5.93,5.93,5.93,0
HMG,2017-10-10,5.93,5.93,5.93,5.93,0
HMG,2017-10-11,5.93,5.93,5.93,5.93,0
HMG,2017-10-12,5.93,5.93,5.93,5.93,0
HMG,2017-10-13,5.93,5.93,5.93,5.93,0
HMG,2017-10-16,5.93,5.93,5.93,5.93,0
HMG,2017-10-17,5.93,5.93,5.93,5.93,0
HMG,2017-10-18,5.93,5.93,5.93,5.93,0
HMG,2017-10-19,5.93,5.93,5.93,5.93,0
HMG,2017-10-20,5.93,5.93,5.93,5.93,0
HMG,2017-10-23,5.93,5.93,5.93,5.93,0
HMG,2017-10-24,5.93,5.93,5.93,5.93,0
HMG,2017-10-25,5.93,5.93,5.93,5.93,0
HMG,2017-10-26,5.93,5.93,5.93,5.93,0
HMG,2017-10-27,5.93,5.93,5.93,5.93,0
HMG,2017-10-30,5.93,5.93,5.93,5.93,0
HMG,2017-10-31,5.93,5.93,5.93,5.93,0
HMG,2017-11-01,5.93,5.93,5.93,5.93,0
HMG,2017-11-02,5.93,5.93,5.93,5.93,0
HMG,2017-11-03,5.93,5.93,5.93,5.93,0
HMG,2017-11-06,5.93,5.93,5.93,5.93,0
HMG,2017-11-07,5.93,5.93,5.93,5.93,0
HMG,2017-11-08,5.93,5.93,5.93,5.93,0
HMG,2017-11-09,5.93,5.93,5.93,5.93,0
HMG,2017-11-10,5.93,5.93,5.93,5.93,0
HMG,2017-11-13,5.93,5.93,5.93,5.93,0
HMG,2017-11-14,5.93,5.93,5.93,5.93,0
HMG,2017-11-15,5.93,5.93,5.93,5.93,0
HMG,2017-11-16,5.93,5.93,5.93,5.93,0
HMG,2017-11-17,5.93,5.93,5.93,5.93,0
HMG,2017-11-20,5.93,5.93,5.93,5.93,0
HMG,2017-11-21,5.93,5.93,5.93,5.93,0
HMG,2017-11-22,5.93,5.93,5.93,5.93,0
HMG,2017-11-23,5.93,5.93,5.93,5.93,0
HMG,2017-11-24,5.93,5.93,5.93,5.93,0
HMG,2017-11-27,5.93,5.93,5.93,5.93,0
HMG,2017-11-28,5.93,5.93,5.93,5.93,0
HMG,2017-11-29,5.93,5.93,5.93,5.93,0
HMG,2017-11-30,5.93,5.93,5.93,5.93,0
HMG,2017-12-01,5.93,5.93,5.93,5.93,0
HMG,2017-12-04,5.93,5.93,5.93,5.93,0
HMG,2017-12-05,5.93,5.93,5.93,5.93,0
HMG,2017-12-06,5.93,5.93,5.93,5.93,0
HMG,2017-12-07,5.93,5.93,5.93,5.93,0
HMG,2017-12-08,5.93,5.93,5.93,5.93,0
HMG,2017-12-11,5.93,5.93,5.93,5.93,0
HMG,2017-12-12,5.93,5.93,5.93,5.93,0
HMG,2017-12-13,5.93,5.93,5.93,5.93,0
HMG,2017-12-14,5.93,5.93,5.93,5.93,0
HMG,2017-12-15,5.93,5.93,5.93,5.93,0
HMG,2017-12-18,5.93,5.93,5.93,5.93,0
HMG,2017-12-19,5.93,5.93,5.93,5.93,0
HMG,2017-12-20,5.93,5.93,5.93,5.93,7200
HMG,2017-12-21,5.93,5.93,5.93,5.93,0
HMG,2017-12-22,5.93,5.93,5.93,5.93,0
HMG,2017-12-25,5.93,5.93,5.93,5.93,0
HMG,2017-12-26,5.93,5.93,5.93,5.93,0
HMG,2017-12-27,5.93,5.93,5.93,5.93,0
HMG,2017-12-28,5.93,5.93,5.93,5.93,0
HMG,2017-12-29,5.93,5.93,5.93,5.93,0
HMG,2018-01-02,5.93,5.93,5.93,5.93,0
HMG,2018-01-03,5.93,5.93,5.93,5.93,0
HMG,2018-01-04,5.93,5.93,5.93,5.93,0
HMG,2018-01-05,5.93,5.93,5.93,5.93,0
HMG,2018-01-08,5.93,5.93,5.93,5.93,0
HMG,2018-01-09,5.93,5.93,5.93,5.93,0
HMG,2018-01-10,5.93,5.93,5.93,5.93,0
HMG,2018-01-11,5.93,5.93,5.93,5.93,0
HMG,2018-01-12,5.93,5.93,5.93,5.93,0
HMG,2018-01-15,5.93,5.93,5.93,5.93,0
HMG,2018-01-16,5.93,5.93,5.93,5.93,0
HMG,2018-01-17,5.93,5.93,5.93,5.93,0
HMG,2018-01-18,5.93,5.93,5.93,5.93,0
HMG,2018-01-19,5.93,5.93,5.93,5.93,0
HMG,2018-01-22,5.93,5.93,5.93,5.93,0
HMG,2018-01-23,5.93,5.93,5.93,5.93,0
HMG,2018-01-24,5.93,5.93,5.93,5.93,0
HMG,2018-01-25,5.93,5.93,5.93,5.93,0
HMG,2018-01-26,5.93,5.93,5.93,5.93,0
HMG,2018-01-29,5.93,5.93,5.93,5.93,0
HMG,2018-01-30,5.93,5.93,5.93,5.93,0
HMG,2018-01-31,5.93,5.93,5.93,5.93,0
HMG,2018-02-01,5.93,5.93,5.93,5.93,0
HMG,2018-02-02,5.93,5.93,5.93,5.93,0
HMG,2018-02-05,5.93,5.93,5.93,5.93,0
HMG,2018-02-06,5.93,5.93,5.93,5.93,0
HMG,2018-02-07,5.93,5.93,5.93,5.93,0
HMG,2018-02-08,5.93,5.93,5.93,5.93,0
HMG,2018-02-09,5.93,5.93,5.93,5.93,0
HMG,2018-02-12,5.93,5.93,5.93,5.93,0
HMG,2018-02-13,5.93,5.93,5.93,5.93,0
HMG,2018-02-21,5.93,5.93,5.93,5.93,0
HMG,2018-02-22,5.93,5.93,5.93,5.93,0
HMG,2018-02-23,5.93,5.93,5.93,5.93,0
HMG,2018-02-26,5.93,5.93,5.93,5.93,0
HMG,2018-02-27,5.93,5.93,5.93,5.93,0
HMG,2018-02-28,5.93,5.93,5.93,5.93,0
HMG,2018-03-01,5.93,5.93,5.93,5.93,0
HMG,2018-03-02,5.93,5.93,5.93,5.93,0
HMG,2018-03-05,5.93,5.93,5.93,5.93,0
HMG,2018-03-06,5.93,5.93,5.93,5.93,0
HMG,2018-03-07,5.93,5.93,5.93,5.93,0
HMG,2018-03-08,5.93,5.93,5.93,5.93,0
HMG,2018-03-09,5.93,5.93,5.93,5.93,0
HMG,2018-03-12,5.93,5.93,5.93,5.93,0
HMG,2018-03-13,5.93,5.93,5.93,5.93,0
HMG,2018-03-14,5.93,5.93,5.93,5.93,0
HMG,2018-03-15,5.93,5.93,5.93,5.93,0
HMG,2018-03-16,5.93,5.93,5.93,5.93,0
HMG,2018-03-19,5.93,5.93,5.93,5.93,0
HMG,2018-03-20,5.93,5.93,5.93,5.93,0
HMG,2018-03-21,5.93,5.93,5.93,5.93,0
HMG,2018-03-22,5.93,5.93,5.93,5.93,0
HMG,2018-03-23,5.93,5.93,5.93,5.93,0
HMG,2018-03-26,5.93,5.93,5.93,5.93,0
HMG,2018-03-27,5.93,5.93,5.93,5.93,0
HMG,2018-03-28,5.93,5.93,5.93,5.93,0
HMG,2018-03-29,5.93,5.93,5.93,5.93,0
HMG,2018-03-30,5.93,5.93,5.93,5.93,0
HMG,2018-04-02,5.93,5.93,5.93,5.93,0
HMG,2018-04-03,5.93,5.93,5.93,5.93,0
HMG,2018-04-04,5.93,5.93,5.93,5.93,0
HMG,2018-04-05,5.93,5.93,5.93,5.93,0
HMG,2018-04-06,5.93,5.93,5.93,5.93,0
HMG,2018-04-09,5.93,5.93,5.93,5.93,0
HMG,2018-04-10,5.93,5.93,5.93,5.93,0
HMG,2018-04-11,5.93,5.93,5.93,5.93,0
HMG,2018-04-12,5.93,5.93,5.93,5.93,0
HMG,2018-04-13,5.93,5.93,5.93,5.93,0
HMG,2018-04-16,5.93,5.93,5.93,5.93,0
HMG,2018-04-17,5.93,5.93,5.93,5.93,0
HMG,2018-04-18,5.93,5.93,5.93,5.93,0
HMG,2018-04-19,5.93,5.93,5.93,5.93,0
HMG,2018-04-20,5.93,5.93,5.93,5.93,0
HMG,2018-04-23,5.93,5.93,5.93,5.93,0
HMG,2018-04-24,5.93,5.93,5.93,5.93,0
HMG,2018-04-26,5.93,5.93,5.93,5.93,0
HMG,2018-04-27,5.93,5.93,5.93,5.93,0
HMG,2018-05-02,5.93,5.93,5.93,5.93,0
HMG,2018-05-03,5.93,5.93,5.93,5.93,0
HMG,2018-05-04,5.93,5.93,5.93,5.93,0
HMG,2018-05-07,5.93,5.93,5.93,5.93,0
HMG,2018-05-08,5.93,5.93,5.93,5.93,0
HMG,2018-05-09,5.93,5.93,5.93,5.93,0
HMG,2018-05-10,5.93,5.93,5.93,5.93,0
HMG,2018-05-11,5.93,5.93,5.93,5.93,0
HMG,2018-05-14,5.93,5.93,5.93,5.93,0
HMG,2018-05-15,5.93,5.93,5.93,5.93,0
HMG,2018-05-16,5.93,5.93,5.93,5.93,0
HMG,2018-05-17,5.93,5.93,5.93,5.93,0
HMG,2018-05-18,5.93,5.93,5.93,5.93,0
HMG,2018-05-21,5.93,5.93,5.93,5.93,0
HMG,2018-05-22,5.93,5.93,5.93,5.93,0
HMG,2018-05-23,5.93,5.93,5.93,5.93,0
HMG,2018-05-24,5.76,5.76,5.76,5.76,200
HMG,2018-05-25,5.76,5.76,5.76,5.76,0
HMG,2018-05-28,5.76,5.76,5.76,5.76,0
HMG,2018-05-29,5.76,5.76,5.76,5.76,0
HMG,2018-05-30,5.76,5.76,5.76,5.76,0
HMG,2018-05-31,5.76,5.76,5.76,5.76,0
HMG,2018-06-01,5.76,5.76,5.76,5.76,0
HMG,2018-06-04,5.76,5.76,5.76,5.76,0
HMG,2018-06-05,5.76,5.76,5.76,5.76,0
HMG,2018-06-06,5.76,5.76,5.76,5.76,0
HMG,2018-06-07,5.76,5.76,5.76,5.76,0
HMG,2018-06-08,5.76,5.76,5.76,5.76,0
HMG,2018-06-11,5.76,5.76,5.76,5.76,0
HMG,2018-06-12,5.76,5.76,5.76,5.76,0
HMG,2018-06-13,5.76,5.76,5.76,5.76,0
HMG,2018-06-14,5.76,5.76,5.76,5.76,0
HMG,2018-06-15,5.76,5.76,5.76,5.76,0
HMG,2018-06-18,5.76,5.76,5.76,5.76,0
HMG,2018-06-19,5.76,5.76,5.76,5.76,0
HMG,2018-06-20,5.76,5.76,5.76,5.76,0
HMG,2018-06-21,5.76,5.76,5.76,5.76,0
HMG,2018-06-22,5.76,5.76,5.76,5.76,0
HMG,2018-06-25,5.76,5.76,5.76,5.76,0
HMG,2018-06-26,5.76,5.76,5.76,5.76,0
HMG,2018-06-27,6.17,6.17,6.17,6.17,1000
HMG,2018-06-28,6.17,6.17,6.17,6.17,0
HMG,2018-06-29,6.17,6.17,6.17,6.17,0
HMG,2018-07-02,6.17,6.17,6.17,6.17,0
HMG,2018-07-03,6.17,6.17,6.17,6.17,0
HMG,2018-07-04,6.17,6.17,6.17,6.17,0
HMG,2018-07-05,6.17,6.17,6.17,6.17,0
HMG,2018-07-06,6.17,6.17,6.17,6.17,0
HMG,2018-07-09,6.17,6.17,6.17,6.17,0
HMG,2018-07-10,6.17,6.17,6.17,6.17,0
HMG,2018-07-11,6.17,6.17,6.17,6.17,0
HMG,2018-07-12,6.17,6.17,6.17,6.17,0
HMG,2018-07-13,6.17,6.17,6.17,6.17,0
HMG,2018-07-16,6.17,6.17,6.17,6.17,0
HMG,2018-07-17,6.17,6.17,6.17,6.17,0
HMG,2018-07-18,6.17,6.17,6.17,6.17,0
HMG,2018-07-19,6.17,6.17,6.17,6.17,0
HMG,2018-07-20,6.17,6.17,6.17,6.17,0
HMG,2018-07-23,6.17,6.17,6.17,6.17,0
HMG,2018-07-24,6.17,6.17,6.17,6.17,0
HMG,2018-07-25,6.17,6.17,6.17,6.17,0
HMG,2018-07-26,6.17,6.17,6.17,6.17,0
HMG,2018-07-27,6.17,6.17,6.17,6.17,0
HMG,2018-07-30,6.17,6.17,6.17,6.17,0
HMG,2018-07-31,6.17,6.17,6.17,6.17,0
HMG,2018-08-01,6.17,6.17,6.17,6.17,0
HMG,2018-08-02,6.17,6.17,6.17,6.17,0
HMG,2018-08-03,6.17,6.17,6.17,6.17,0
HMG,2018-08-06,6.17,6.17,6.17,6.17,0
HMG,2018-08-07,6.17,6.17,6.17,6.17,0
HMG,2018-08-08,6.17,6.17,6.17,6.17,0
HMG,2018-08-09,6.17,6.17,6.17,6.17,0
HMG,2018-08-10,6.17,6.17,6.17,6.17,0
HMG,2018-08-13,6.17,6.17,6.17,6.17,0
HMG,2018-08-14,6.17,6.17,6.17,6.17,0
HMG,2018-08-15,6.17,6.17,6.17,6.17,0
HMG,2018-08-16,6.17,6.17,6.17,6.17,0
HMG,2018-08-17,6.17,6.17,6.17,6.17,0
HMG,2018-08-20,6.17,6.17,6.17,6.17,0
HMG,2018-08-21,6.17,6.17,6.17,6.17,0
HMG,2018-08-22,6.17,6.17,6.17,6.17,0
HMG,2018-08-23,6.17,6.17,6.17,6.17,0
HMG,2018-08-24,5.76,6.67,5.76,6.67,16500
HMG,2018-08-27,5.84,5.84,5.84,5.84,0
HMG,2018-08-28,5.84,5.84,5.84,5.84,0
HMG,2018-08-29,5.84,5.84,5.84,5.84,0
HMG,2018-08-30,5.84,5.84,5.84,5.84,0
HMG,2018-08-31,5.84,5.84,5.84,5.84,0
HMG,2018-09-04,5.84,5.84,5.84,5.84,0
HMG,2018-09-05,5.84,5.84,5.84,5.84,0
HMG,2018-09-06,5.84,5.84,5.84,5.84,0
HMG,2018-09-07,5.84,5.84,5.84,5.84,0
HMG,2018-09-10,5.84,5.84,5.84,5.84,0
HMG,2018-09-11,5.84,5.84,5.84,5.84,0
HMG,2018-09-12,5.84,5.84,5.84,5.84,0
HMG,2018-09-13,5.84,5.84,5.84,5.84,0
HMG,2018-09-14,5.84,5.84,5.84,5.84,0
HMG,2018-09-17,5.84,5.84,5.84,5.84,0
HMG,2018-09-18,5.84,5.84,5.84,5.84,0
HMG,2018-09-19,5.84,5.84,5.84,5.84,0
HMG,2018-09-20,5.84,5.84,5.84,5.84,0
HMG,2018-09-21,5.84,5.84,5.84,5.84,0
HMG,2018-09-24,5.84,5.84,5.84,5.84,0
HMG,2018-09-25,5.84,5.84,5.84,5.84,0
HMG,2018-09-26,5.84,5.84,5.84,5.84,0
HMG,2018-09-27,5.84,5.84,5.84,5.84,0
HMG,2018-09-28,5.84,5.84,5.84,5.84,0
HMG,2018-10-01,5.84,5.84,5.84,5.84,0
HMG,2018-10-02,5.84,5.84,5.84,5.84,0
HMG,2018-10-03,5.84,5.84,5.84,5.84,0
HMG,2018-10-04,5.84,5.84,5.84,5.84,0
HMG,2018-10-05,5.84,5.84,5.84,5.84,0
HMG,2018-10-08,5.84,5.84,5.84,5.84,0
HMG,2018-10-09,5.84,5.84,5.84,5.84,0
HMG,2018-10-10,5.84,5.84,5.84,5.84,0
HMG,2018-10-11,5.84,5.84,5.84,5.84,0
HMG,2018-10-12,5.84,5.84,5.84,5.84,0
HMG,2018-10-15,5.84,5.84,5.84,5.84,0
HMG,2018-10-16,5.84,5.84,5.84,5.84,0
HMG,2018-10-17,5.84,5.84,5.84,5.84,0
HMG,2018-10-18,5.84,5.84,5.84,5.84,0
HMG,2018-10-19,5.84,5.84,5.84,5.84,0
HMG,2018-10-22,5.84,5.84,5.84,5.84,0
HMG,2018-10-23,5.84,5.84,5.84,5.84,0
HMG,2018-10-24,5.84,5.84,5.84,5.84,0
HMG,2018-10-25,5.84,5.84,5.84,5.84,0
HMG,2018-10-26,5.84,5.84,5.84,5.84,0
HMG,2018-10-29,5.84,5.84,5.84,5.84,0
HMG,2018-10-30,5.84,5.84,5.84,5.84,0
HMG,2018-10-31,5.84,5.84,5.84,5.84,0
HMG,2018-11-01,5.84,5.84,5.84,5.84,0
HMG,2018-11-02,5.84,5.84,5.84,5.84,0
HMG,2018-11-05,5.84,5.84,5.84,5.84,0
HMG,2018-11-06,5.84,5.84,5.84,5.84,0
HMG,2018-11-07,5.84,5.84,5.84,5.84,0
HMG,2018-11-08,5.84,5.84,5.84,5.84,0
HMG,2018-11-09,5.84,5.84,5.84,5.84,0
HMG,2018-11-12,5.84,5.84,5.84,5.84,0
HMG,2018-11-13,5.84,5.84,5.84,5.84,0
HMG,2018-11-14,5.84,5.84,5.84,5.84,0
HMG,2018-11-15,5.84,5.84,5.84,5.84,0
HMG,2018-11-16,5.84,5.84,5.84,5.84,0
HMG,2018-11-19,5.84,5.84,5.84,5.84,0
HMG,2018-11-20,5.84,5.84,5.84,5.84,0
HMG,2018-11-21,5.84,5.84,5.84,5.84,0
HMG,2018-11-22,5.84,6.67,6.67,6.67,0
HMG,2018-11-23,5.84,6.67,6.67,6.67,0
HMG,2018-11-26,5.84,6.67,6.67,6.67,0
HMG,2018-11-27,5.84,6.67,6.67,6.67,0
HMG,2018-11-28,5.84,6.67,6.67,6.67,0
HMG,2018-11-29,5.84,6.67,6.67,6.67,0
HMG,2018-11-30,5.84,6.67,6.67,6.67,0
HMG,2018-12-03,5.84,6.67,6.67,6.67,0
HMG,2018-12-04,5.84,6.67,6.67,6.67,0
HMG,2018-12-05,5.84,6.67,6.67,6.67,0
HMG,2018-12-06,5.84,6.67,6.67,6.67,0
HMG,2018-12-07,5.84,6.67,6.67,6.67,0
HMG,2018-12-10,5.84,6.67,6.67,6.67,0
HMG,2018-12-11,5.84,6.67,6.67,6.67,0
HMG,2018-12-12,5.84,6.67,6.67,6.67,0
HMG,2018-12-13,5.84,6.67,6.67,6.67,0
HMG,2018-12-14,5.84,5.84,5.84,5.84,0
HMG,2018-12-17,5.84,6.67,6.67,6.67,0
HMG,2018-12-18,5.84,6.67,6.67,6.67,0
HMG,2018-12-19,5.84,6.67,6.67,6.67,0
HMG,2018-12-20,5.84,6.67,6.67,6.67,0
HMG,2018-12-21,5.84,6.67,6.67,6.67,0
HMG,2018-12-24,5.84,6.67,6.67,6.67,0
HMG,2018-12-25,5.84,6.67,6.67,6.67,0
HMG,2018-12-26,5.84,5.84,5.84,5.84,0
HMG,2018-12-27,5.84,6.67,6.67,6.67,0
HMG,2018-12-28,5.84,6.67,6.67,6.67,0
HMG,2019-01-02,5.84,6.67,6.67,6.67,0
HMG,2019-01-03,5.84,6.67,6.67,6.67,0
HMG,2019-01-04,5.84,6.67,6.67,6.67,0
HMG,2019-01-07,5.84,6.67,6.67,6.67,0
HMG,2019-01-08,5.84,6.67,6.67,6.67,0
HMG,2019-01-09,5.84,6.67,6.67,6.67,0
HMG,2019-01-10,5.84,6.67,6.67,6.67,0
HMG,2019-01-11,5.84,6.67,6.67,6.67,0
HMG,2019-01-14,5.84,6.67,6.67,6.67,0
HMG,2019-01-15,5.84,6.67,6.67,6.67,0
HMG,2019-01-16,5.84,6.67,6.67,6.67,0
HMG,2019-01-17,5.84,6.67,6.67,6.67,0
HMG,2019-01-18,5.84,6.67,6.67,6.67,0
HMG,2019-01-21,5.84,6.67,6.67,6.67,0
HMG,2019-01-22,5.84,6.67,6.67,6.67,0
HMG,2019-01-23,5.84,6.67,6.67,6.67,0
HMG,2019-01-24,5.84,6.67,6.67,6.67,0
HMG,2019-01-25,5.84,6.67,6.67,6.67,0
HMG,2019-01-28,5.84,6.67,6.67,6.67,0
HMG,2019-01-29,5.84,6.67,6.67,6.67,0
HMG,2019-01-30,5.84,6.67,6.67,6.67,0
HMG,2019-01-31,5.84,6.67,6.67,6.67,0
HMG,2019-02-01,5.84,6.67,6.67,6.67,0
HMG,2019-02-11,6.67,6.67,6.67,6.67,1000
HMG,2019-02-12,6.67,6.67,6.67,6.67,0
HMG,2019-02-13,6.67,6.67,6.67,6.67,100
HMG,2019-02-14,6.67,6.67,6.67,6.67,0
HMG,2019-02-15,6.67,6.67,6.67,6.67,0
HMG,2019-02-18,6.67,6.67,6.67,6.67,0
HMG,2019-02-19,6.67,6.67,6.67,6.67,0
HMG,2019-02-20,6.67,6.67,6.67,6.67,0
HMG,2019-02-21,6.67,6.67,6.67,6.67,0
HMG,2019-02-22,6.67,6.67,6.67,6.67,0
HMG,2019-02-25,6.67,6.67,6.67,6.67,0
HMG,2019-02-26,6.67,6.67,6.67,6.67,0
HMG,2019-02-27,6.67,6.67,6.67,6.67,0
HMG,2019-02-28,6.67,6.67,6.67,6.67,0
HMG,2019-03-01,6.67,6.67,6.67,6.67,0
HMG,2019-03-04,6.67,6.67,6.67,6.67,0
HMG,2019-03-05,6.67,6.67,6.67,6.67,0
HMG,2019-03-06,6.67,6.67,6.67,6.67,0
HMG,2019-03-07,6.67,6.67,6.67,6.67,0
HMG,2019-03-08,6.67,6.67,6.67,6.67,0
HMG,2019-03-11,6.67,6.67,6.67,6.67,0
HMG,2019-03-12,6.67,6.67,6.67,6.67,0
HMG,2019-03-13,6.67,6.67,6.67,6.67,0
HMG,2019-03-14,6.67,6.67,6.67,6.67,100
HMG,2019-03-15,6.67,6.67,6.67,6.67,0
HMG,2019-03-18,6.67,6.67,6.67,6.67,0
HMG,2019-03-19,6.67,6.67,6.67,6.67,0
HMG,2019-03-20,6.67,6.67,6.67,6.67,0
HMG,2019-03-21,6.67,6.67,6.67,6.67,0
HMG,2019-03-22,6.67,6.67,6.67,6.67,0
HMG,2019-03-25,6.67,6.67,6.67,6.67,0
HMG,2019-03-26,6.67,6.67,6.67,6.67,0
HMG,2019-03-27,6.67,6.67,6.67,6.67,0
HMG,2019-03-28,6.67,6.67,6.67,6.67,0
HMG,2019-03-29,6.67,6.67,6.67,6.67,0
HMG,2019-04-01,6.67,6.67,6.67,6.67,0
HMG,2019-04-02,6.67,6.67,6.67,6.67,0
HMG,2019-04-03,6.67,6.67,6.67,6.67,0
HMG,2019-04-04,5.68,5.68,5.68,5.68,100
HMG,2019-04-05,5.68,5.68,5.68,5.68,0
HMG,2019-04-08,6.17,6.17,4.86,4.86,200
HMG,2019-04-09,5.51,4.86,4.86,4.86,0
HMG,2019-04-10,4.69,4.69,4.69,4.69,5000
HMG,2019-04-11,4.69,4.69,4.69,4.69,0
HMG,2019-04-12,4.69,4.69,4.69,4.69,0
HMG,2019-04-16,4.69,4.69,4.69,4.69,0
HMG,2019-04-17,4.69,4.69,4.69,4.69,0
HMG,2019-04-18,4.69,4.69,4.69,4.69,0
HMG,2019-04-19,4.69,4.69,4.69,4.69,0
HMG,2019-04-22,4.69,4.69,4.69,4.69,0
HMG,2019-04-23,4.69,4.69,4.69,4.69,0
HMG,2019-04-24,4.69,4.69,4.69,4.69,0
HMG,2019-04-25,4.69,4.69,4.69,4.69,0
HMG,2019-04-26,4.69,4.69,4.69,4.69,0
HMG,2019-05-02,4.69,4.69,4.69,4.69,0
HMG,2019-05-03,4.69,4.69,4.69,4.69,0
HMG,2019-05-06,4.69,4.69,4.69,4.69,0
HMG,2019-05-07,4.69,4.69,4.69,4.69,0
HMG,2019-05-08,4.69,4.69,4.69,4.69,0
HMG,2019-05-09,4.69,4.69,4.69,4.69,0
HMG,2019-05-10,4.69,4.69,4.69,4.69,0
HMG,2019-05-13,4.69,4.69,4.69,4.69,0
HMG,2019-05-14,4.69,4.69,4.69,4.69,0
HMG,2019-05-15,4.69,4.69,4.69,4.69,0
HMG,2019-05-16,4.69,4.69,4.69,4.69,0
HMG,2019-05-17,4.69,4.69,4.69,4.69,0
HMG,2019-05-20,4.69,4.69,4.69,4.69,0
HMG,2019-05-21,4.69,4.69,4.69,4.69,0
HMG,2019-05-22,4.69,4.69,4.69,4.69,0
HMG,2019-05-23,4.69,4.69,4.69,4.69,0
HMG,2019-05-24,4.69,4.69,4.69,4.69,0
HMG,2019-05-27,4.69,4.69,4.69,4.69,0
HMG,2019-05-28,4.69,4.69,4.69,4.69,0
HMG,2019-05-29,4.69,4.69,4.69,4.69,0
HMG,2019-05-30,4.69,4.69,4.69,4.69,0
HMG,2019-05-31,4.69,4.69,4.69,4.69,0
HMG,2019-06-03,4.69,4.69,4.69,4.69,0
HMG,2019-06-04,4.69,4.69,4.69,4.69,0
HMG,2019-06-05,4.69,4.69,4.69,4.69,0
HMG,2019-06-06,4.69,4.69,4.69,4.69,0
HMG,2019-06-07,4.69,4.69,4.69,4.69,0
HMG,2019-06-10,4.69,4.69,4.69,4.69,0
HMG,2019-06-11,4.69,4.69,4.69,4.69,0
HMG,2019-06-12,4.69,4.69,4.69,4.69,0
HMG,2019-06-13,4.69,4.69,4.69,4.69,0
HMG,2019-06-14,4.69,4.69,4.69,4.69,0
HMG,2019-06-17,4.69,4.69,4.69,4.69,0
HMG,2019-06-18,4.69,4.69,4.69,4.69,0
HMG,2019-06-19,4.69,4.69,4.69,4.69,0
HMG,2019-06-20,4.69,4.69,4.69,4.69,0
HMG,2019-06-21,6.5,6.5,6.5,6.5,200
HMG,2019-06-24,6.5,6.5,6.5,6.5,0
HMG,2019-06-25,6.5,6.5,6.5,6.5,0
HMG,2019-06-26,6.5,6.5,6.5,6.5,0
HMG,2019-06-27,6.5,6.5,6.5,6.5,0
HMG,2019-06-28,6.5,6.5,6.5,6.5,0
HMG,2019-07-01,6.5,6.5,6.5,6.5,0
HMG,2019-07-02,6.5,6.5,6.5,6.5,0
HMG,2019-07-03,6.5,6.5,6.5,6.5,0
HMG,2019-07-04,6.5,6.5,6.5,6.5,0
HMG,2019-07-05,7.41,7.41,7.41,7.41,100
HMG,2019-07-08,7.41,7.41,7.41,7.41,0
HMG,2019-07-09,7.41,7.41,7.41,7.41,0
HMG,2019-07-10,7.41,7.41,7.41,7.41,0
HMG,2019-07-11,7.41,7.41,7.41,7.41,0
HMG,2019-07-12,7.41,7.41,7.41,7.41,0
HMG,2019-07-15,7.41,7.41,7.41,7.41,0
HMG,2019-07-16,8.48,8.48,8.48,8.48,100
HMG,2019-07-17,8.48,8.48,8.48,8.48,0
HMG,2019-07-18,8.48,8.48,8.48,8.48,0
HMG,2019-07-19,8.48,8.48,8.48,8.48,0
HMG,2019-07-22,8.48,8.48,8.48,8.48,0
HMG,2019-07-23,8.48,8.48,8.48,8.48,0
HMG,2019-07-24,8.48,8.48,8.48,8.48,0
HMG,2019-07-25,8.48,8.48,8.48,8.48,0
HMG,2019-07-26,8.48,8.48,8.48,8.48,0
HMG,2019-07-29,8.48,8.48,8.48,8.48,0
HMG,2019-07-30,9.71,9.71,9.71,9.71,100
HMG,2019-07-31,11.11,11.11,11.11,11.11,100
HMG,2019-08-01,11.11,11.11,11.11,11.11,0
HMG,2019-08-02,11.11,11.11,11.11,11.11,0
HMG,2019-08-05,11.11,11.11,11.11,11.11,0
HMG,2019-08-06,12.76,12.76,12.76,12.76,100
HMG,2019-08-07,12.76,12.76,12.76,12.76,0
HMG,2019-08-08,12.76,12.76,12.76,12.76,0
HMG,2019-08-09,12.76,12.76,12.76,12.76,0
HMG,2019-08-12,12.76,12.76,12.76,12.76,0
HMG,2019-08-13,12.76,12.76,12.76,12.76,0
HMG,2019-08-14,12.76,12.76,12.76,12.76,0
HMG,2019-08-15,12.76,12.76,12.76,12.76,0
HMG,2019-08-16,14.65,14.65,14.65,14.65,100
HMG,2019-08-19,16.05,16.05,16.05,16.05,100
HMG,2019-08-20,16.79,16.79,16.79,16.79,100
HMG,2019-08-21,19.17,19.17,19.17,19.17,100
HMG,2019-08-22,21.89,21.89,21.89,21.89,100
HMG,2019-08-23,23.7,23.7,23.7,23.7,100
HMG,2019-08-26,24.28,24.36,24.28,24.36,800
HMG,2019-08-27,24.28,24.36,24.36,24.36,0
HMG,2019-08-28,24.28,24.36,24.36,24.36,0
HMG,2019-08-29,24.28,24.36,24.36,24.36,0
HMG,2019-08-30,24.28,24.36,24.36,24.36,0
HMG,2019-09-03,24.28,24.36,24.36,24.36,0
HMG,2019-09-04,24.28,24.36,24.36,24.36,0
HMG,2019-09-05,24.28,24.36,24.36,24.36,0
HMG,2019-09-06,24.28,24.36,24.36,24.36,0
HMG,2019-09-09,24.28,24.36,24.36,24.36,0
HMG,2019-09-10,24.28,24.36,24.36,24.36,0
HMG,2019-09-11,24.28,24.36,24.36,24.36,0
HMG,2019-09-12,24.28,24.36,24.36,24.36,0
HMG,2019-09-13,24.28,24.36,24.36,24.36,0
HMG,2019-09-16,24.28,24.36,24.36,24.36,0
HMG,2019-09-17,24.28,24.36,24.36,24.36,0
HMG,2019-09-18,24.28,24.36,24.36,24.36,0
HMG,2019-09-19,24.28,24.36,24.36,24.36,0
HMG,2019-09-20,24.28,24.36,24.36,24.36,0
HMG,2019-09-23,24.28,24.36,24.36,24.36,0
HMG,2019-09-24,24.28,24.36,24.36,24.36,0
HMG,2019-09-25,24.28,24.36,24.36,24.36,0
HMG,2019-09-26,24.28,24.36,24.36,24.36,0
HMG,2019-09-27,24.28,24.36,24.36,24.36,0
HMG,2019-09-30,24.28,24.36,24.36,24.36,0
HMG,2019-10-01,24.28,24.36,24.36,24.36,0
HMG,2019-10-02,24.28,24.36,24.36,24.36,0
HMG,2019-10-03,24.28,24.36,24.36,24.36,0
HMG,2019-10-04,24.28,24.36,24.36,24.36,0
HMG,2019-10-07,24.28,24.36,24.36,24.36,0
HMG,2019-10-08,24.28,24.36,24.36,24.36,0
HMG,2019-10-09,24.28,24.36,24.36,24.36,0
HMG,2019-10-10,24.28,24.36,24.36,24.36,0
HMG,2019-10-11,24.28,24.36,24.36,24.36,0
HMG,2019-10-14,24.28,24.36,24.36,24.36,0
HMG,2019-10-15,24.28,24.28,24.28,24.28,0
HMG,2019-10-16,24.28,24.36,24.36,24.36,0
HMG,2019-10-17,24.28,24.36,24.36,24.36,0
HMG,2019-10-18,24.28,24.36,24.36,24.36,0
HMG,2019-10-21,24.28,24.36,24.36,24.36,0
HMG,2019-10-22,24.28,24.36,24.36,24.36,0
HMG,2019-10-23,24.28,24.36,24.36,24.36,0
HMG,2019-10-24,24.28,24.36,24.36,24.36,0
HMG,2019-10-25,24.28,24.36,24.36,24.36,0
HMG,2019-10-28,24.28,24.36,24.36,24.36,0
HMG,2019-10-29,24.28,24.36,24.36,24.36,0
HMG,2019-10-30,24.28,24.36,24.36,24.36,0
HMG,2019-10-31,24.28,24.28,24.28,24.28,0
HMG,2019-11-01,24.28,24.36,24.36,24.36,0
HMG,2019-11-04,24.28,24.36,24.36,24.36,0
HMG,2019-11-05,24.28,24.36,24.36,24.36,0
HMG,2019-11-06,24.28,24.36,24.36,24.36,0
HMG,2019-11-07,14.57,14.57,14.57,14.57,500
HMG,2019-11-08,14.57,14.57,14.57,14.57,0
HMG,2019-11-11,14.57,14.57,14.57,14.57,0
HMG,2019-11-12,14.57,14.57,14.57,14.57,0
HMG,2019-11-13,14.57,14.57,14.57,14.57,0
HMG,2019-11-14,14.57,14.57,14.57,14.57,0
HMG,2019-11-15,14.57,14.57,14.57,14.57,0
HMG,2019-11-18,14.57,14.57,14.57,14.57,0
HMG,2019-11-19,14.57,14.57,14.57,14.57,0
HMG,2019-11-20,14.57,14.57,14.57,14.57,0
HMG,2019-11-21,14.57,14.57,14.57,14.57,0
HMG,2019-11-22,14.57,14.57,14.57,14.57,0
HMG,2019-11-25,14.57,14.57,14.57,14.57,0
HMG,2019-11-26,14.57,14.57,14.57,14.57,0
HMG,2019-11-27,14.57,14.57,14.57,14.57,0
HMG,2019-11-28,14.57,14.57,14.57,14.57,0
HMG,2019-11-29,14.57,14.57,14.57,14.57,0
HMG,2019-12-02,14.57,14.57,14.57,14.57,0
HMG,2019-12-03,14.57,14.57,14.57,14.57,0
HMG,2019-12-04,14.57,14.57,14.57,14.57,0
HMG,2019-12-05,14.57,14.57,14.57,14.57,0
HMG,2019-12-06,14.57,14.57,14.57,14.57,0
HMG,2019-12-09,14.57,14.57,14.57,14.57,0
HMG,2019-12-10,14.57,14.57,14.57,14.57,0
HMG,2019-12-11,14.57,14.57,14.57,14.57,0
HMG,2019-12-12,14.57,14.57,14.57,14.57,0
HMG,2019-12-13,14.57,14.57,14.57,14.57,0
HMG,2019-12-16,14.57,14.57,14.57,14.57,0
HMG,2019-12-17,14.57,14.57,14.57,14.57,0
HMG,2019-12-18,14.57,14.57,14.57,14.57,0
HMG,2019-12-19,14.57,14.57,14.57,14.57,0
HMG,2019-12-20,14.57,14.57,14.57,14.57,0
HMG,2019-12-23,14.57,14.57,14.57,14.57,0
HMG,2019-12-24,14.57,14.57,14.57,14.57,0
HMG,2019-12-25,14.57,14.57,14.57,14.57,0
HMG,2019-12-26,14.57,14.57,14.57,14.57,0
HMG,2019-12-27,14.57,14.57,14.57,14.57,0
HMG,2019-12-30,14.57,14.57,14.57,14.57,0
HMG,2019-12-31,14.57,14.57,14.57,14.57,0
HMG,2020-01-02,14.57,14.57,14.57,14.57,0
HMG,2020-01-03,14.57,14.57,14.57,14.57,0
HMG,2020-01-06,14.57,14.57,14.57,14.57,0
HMG,2020-01-07,14.57,14.57,14.57,14.57,0
HMG,2020-01-08,14.57,14.57,14.57,14.57,0
HMG,2020-01-09,14.57,14.57,14.57,14.57,0
HMG,2020-01-10,14.57,14.57,14.57,14.57,0
HMG,2020-01-13,14.57,14.57,14.57,14.57,0
HMG,2020-01-14,14.57,14.57,14.57,14.57,0
HMG,2020-01-15,14.57,14.57,14.57,14.57,0
HMG,2020-01-16,14.57,14.57,14.57,14.57,0
HMG,2020-01-17,14.57,14.57,14.57,14.57,0
HMG,2020-01-20,14.57,14.57,14.57,14.57,0
HMG,2020-01-21,14.57,14.57,14.57,14.57,0
HMG,2020-01-22,14.57,14.57,14.57,14.57,0
HMG,2020-01-30,14.57,14.57,14.57,14.57,0
HMG,2020-01-31,14.57,14.57,14.57,14.57,0
HMG,2020-02-03,14.57,14.57,14.57,14.57,0
HMG,2020-02-04,14.57,14.57,14.57,14.57,0
HMG,2020-02-05,14.57,14.57,14.57,14.57,0
HMG,2020-02-06,14.57,14.57,14.57,14.57,0
HMG,2020-02-07,14.57,14.57,14.57,14.57,0
HMG,2020-02-10,14.57,14.57,14.57,14.57,0
HMG,2020-02-11,14.57,14.57,14.57,14.57,0
HMG,2020-02-12,14.57,14.57,14.57,14.57,0
HMG,2020-02-13,14.57,14.57,14.57,14.57,0
HMG,2020-02-14,14.57,14.57,14.57,14.57,0
HMG,2020-02-17,14.57,14.57,14.57,14.57,0
HMG,2020-02-18,14.57,14.57,14.57,14.57,0
HMG,2020-02-19,14.57,14.57,14.57,14.57,0
HMG,2020-02-20,14.57,14.57,14.57,14.57,0
HMG,2020-02-21,14.57,14.57,14.57,14.57,0
HMG,2020-02-24,14.57,14.57,14.57,14.57,0
HMG,2020-02-25,14.57,14.57,14.57,14.57,0
HMG,2020-02-26,14.57,14.57,14.57,14.57,0
HMG,2020-02-27,14.57,14.57,14.57,14.57,0
HMG,2020-02-28,14.57,14.57,14.57,14.57,0
HMG,2020-03-02,14.57,14.57,14.57,14.57,0
HMG,2020-03-03,14.57,14.57,14.57,14.57,0
HMG,2020-03-04,14.57,14.57,14.57,14.57,0
HMG,2020-03-05,14.57,14.57,14.57,14.57,0
HMG,2020-03-06,14.57,14.57,14.57,14.57,0
HMG,2020-03-09,14.57,14.57,14.57,14.57,0
HMG,2020-03-10,14.57,14.57,14.57,14.57,0
HMG,2020-03-11,14.57,14.57,14.57,14.57,0
HMG,2020-03-12,14.57,14.57,14.57,14.57,0
HMG,2020-03-13,14.57,14.57,14.57,14.57,0
HMG,2020-03-16,14.57,14.57,14.57,14.57,0
HMG,2020-03-17,14.57,14.57,14.57,14.57,0
HMG,2020-03-18,14.57,14.57,14.57,14.57,0
HMG,2020-03-19,14.57,14.57,14.57,14.57,0
HMG,2020-03-20,14.57,14.57,14.57,14.57,0
HMG,2020-03-23,14.57,14.57,14.57,14.57,0
HMG,2020-03-24,14.57,14.57,14.57,14.57,0
HMG,2020-03-25,14.57,14.57,14.57,14.57,0
HMG,2020-03-26,19.34,19.34,19.34,19.34,100
HMG,2020-03-27,19.34,19.34,19.34,19.34,0
HMG,2020-03-30,19.34,19.34,19.34,19.34,0
HMG,2020-03-31,19.34,19.34,19.34,19.34,0
HMG,2020-04-01,19.34,19.34,19.34,19.34,0
HMG,2020-04-03,19.34,19.34,19.34,19.34,0
HMG,2020-04-06,19.34,19.34,19.34,19.34,0
HMG,2020-04-07,19.34,19.34,19.34,19.34,0
HMG,2020-04-08,19.34,19.34,19.34,19.34,0
HMG,2020-04-09,19.34,19.34,19.34,19.34,0
HMG,2020-04-10,19.34,19.34,19.34,19.34,0
HMG,2020-04-13,19.34,19.34,19.34,19.34,0
HMG,2020-04-14,19.34,19.34,19.34,19.34,0
HMG,2020-04-15,19.34,19.34,19.34,19.34,0
HMG,2020-04-16,19.34,19.34,19.34,19.34,0
HMG,2020-04-17,19.34,19.34,19.34,19.34,0
HMG,2020-04-20,19.34,19.34,19.34,19.34,0
HMG,2020-04-21,19.34,19.34,19.34,19.34,0
HMG,2020-04-22,19.34,19.34,19.34,19.34,0
HMG,2020-04-23,19.34,19.34,19.34,19.34,0
HMG,2020-04-24,19.34,19.34,19.34,19.34,0
HMG,2020-04-27,19.34,19.34,19.34,19.34,0
HMG,2020-04-28,19.34,19.34,19.34,19.34,0
HMG,2020-04-29,19.34,19.34,19.34,19.34,0
HMG,2020-05-04,19.34,19.34,19.34,19.34,0
HMG,2020-05-05,19.34,19.34,19.34,19.34,0
HMG,2020-05-06,19.34,19.34,19.34,19.34,0
HMG,2020-05-07,19.34,19.34,19.34,19.34,0
HMG,2020-05-08,19.34,19.34,19.34,19.34,0
HMG,2020-05-11,19.34,19.34,19.34,19.34,0
HMG,2020-05-12,19.34,19.34,19.34,19.34,0
HMG,2020-05-13,19.34,19.34,19.34,19.34,0
HMG,2020-05-14,19.34,19.34,19.34,19.34,0
HMG,2020-05-15,19.34,19.34,19.34,19.34,0
HMG,2020-05-18,19.34,19.34,19.34,19.34,0
HMG,2020-05-19,19.34,19.34,19.34,19.34,0
HMG,2020-05-20,19.34,19.34,19.34,19.34,0
HMG,2020-05-21,19.34,19.34,19.34,19.34,0
HMG,2020-05-22,19.34,19.34,19.34,19.34,0
HMG,2020-05-25,19.34,19.34,19.34,19.34,0
HMG,2020-05-26,19.34,19.34,19.34,19.34,0
HMG,2020-05-27,19.34,19.34,19.34,19.34,0
HMG,2020-05-28,19.34,19.34,19.34,19.34,0
HMG,2020-05-29,19.34,19.34,19.34,19.34,0
HMG,2020-06-01,19.34,19.34,19.34,19.34,0
HMG,2020-06-02,19.34,19.34,19.34,19.34,0
HMG,2020-06-03,19.34,19.34,19.34,19.34,0
HMG,2020-06-04,19.34,19.34,19.34,19.34,0
HMG,2020-06-05,19.34,19.34,19.34,19.34,0
HMG,2020-06-08,19.34,19.34,19.34,19.34,0
HMG,2020-06-09,19.34,19.34,19.34,19.34,0
HMG,2020-06-10,19.34,19.34,19.34,19.34,0
HMG,2020-06-11,19.34,19.34,19.34,19.34,0
HMG,2020-06-12,19.34,19.34,19.34,19.34,0
HMG,2020-06-15,19.34,19.34,19.34,19.34,0
HMG,2020-06-16,19.34,19.34,19.34,19.34,0
HMG,2020-06-17,19.34,19.34,19.34,19.34,0
HMG,2020-06-18,19.34,19.34,19.34,19.34,0
HMG,2020-06-19,19.34,19.34,19.34,19.34,0
HMG,2020-06-22,19.34,19.34,19.34,19.34,0
HMG,2020-06-23,19.34,19.34,19.34,19.34,0
HMG,2020-06-24,19.34,19.34,19.34,19.34,0
HMG,2020-06-25,19.34,19.34,19.34,19.34,0
HMG,2020-06-26,19.34,19.34,19.34,19.34,0
HMG,2020-06-29,19.34,19.34,19.34,19.34,0
HMG,2020-06-30,19.34,19.34,19.34,19.34,0
HMG,2020-07-01,19.34,19.34,19.34,19.34,0
HMG,2020-07-02,19.34,19.34,19.34,19.34,0
HMG,2020-07-03,19.34,19.34,19.34,19.34,0
HMG,2020-07-06,19.34,19.34,19.34,19.34,0
HMG,2020-07-07,19.34,19.34,19.34,19.34,0
HMG,2020-07-08,19.34,19.34,19.34,19.34,0
HMG,2020-07-09,19.34,19.34,19.34,19.34,0
HMG,2020-07-10,19.34,19.34,19.34,19.34,0
HMG,2020-07-13,19.34,19.34,19.34,19.34,0
HMG,2020-07-14,19.34,19.34,19.34,19.34,0
HMG,2020-07-15,19.34,19.34,19.34,19.34,0
HMG,2020-07-16,19.34,19.34,19.34,19.34,0
HMG,2020-07-17,19.34,19.34,19.34,19.34,0
HMG,2020-07-20,19.34,19.34,19.34,19.34,0
HMG,2020-07-21,19.34,19.34,19.34,19.34,0
HMG,2020-07-22,19.34,19.34,19.34,19.34,0
HMG,2020-07-23,19.34,19.34,19.34,19.34,0
HMG,2020-07-24,19.34,19.34,19.34,19.34,0
HMG,2020-07-27,19.34,19.34,19.34,19.34,0
HMG,2020-07-28,19.34,19.34,19.34,19.34,0
HMG,2020-07-29,19.34,19.34,19.34,19.34,0
HMG,2020-07-30,19.34,19.34,19.34,19.34,0
HMG,2020-07-31,19.34,19.34,19.34,19.34,0
HMG,2020-08-03,19.34,19.34,19.34,19.34,0
HMG,2020-08-04,19.34,19.34,19.34,19.34,0
HMG,2020-08-05,19.34,19.34,19.34,19.34,0
HMG,2020-08-06,19.34,19.34,19.34,19.34,0
HMG,2020-08-07,19.34,19.34,19.34,19.34,0
HMG,2020-08-10,19.34,19.34,19.34,19.34,0
HMG,2020-08-11,19.34,19.34,19.34,19.34,0
HMG,2020-08-12,19.34,19.34,19.34,19.34,0
HMG,2020-08-13,19.34,19.34,19.34,19.34,0
HMG,2020-08-14,19.34,19.34,19.34,19.34,0
HMG,2020-08-17,19.34,19.34,19.34,19.34,0
HMG,2020-08-18,19.34,19.34,19.34,19.34,0
HMG,2020-08-19,19.34,19.34,19.34,19.34,0
HMG,2020-08-20,19.34,19.34,19.34,19.34,0
HMG,2020-08-21,19.34,19.34,19.34,19.34,0
HMG,2020-08-24,19.34,19.34,19.34,19.34,0
HMG,2020-08-25,19.34,19.34,19.34,19.34,0
HMG,2020-08-26,19.34,19.34,19.34,19.34,0
HMG,2020-08-27,19.34,19.34,19.34,19.34,0
HMG,2020-08-28,19.34,19.34,19.34,19.34,0
HMG,2020-08-31,19.34,19.34,19.34,19.34,0
HMG,2020-09-01,19.34,19.34,19.34,19.34,0
HMG,2020-09-03,19.34,19.34,19.34,19.34,0
HMG,2020-09-04,19.34,19.34,19.34,19.34,0
HMG,2020-09-07,19.34,19.34,19.34,19.34,0
HMG,2020-09-08,19.34,19.34,19.34,19.34,0
HMG,2020-09-09,19.34,19.34,19.34,19.34,0
HMG,2020-09-10,19.34,19.34,19.34,19.34,0
HMG,2020-09-11,19.34,19.34,19.34,19.34,0
HMG,2020-09-14,19.34,19.34,19.34,19.34,0
HMG,2020-09-15,19.34,19.34,19.34,19.34,0
HMG,2020-09-16,19.34,19.34,19.34,19.34,0
HMG,2020-09-17,19.34,19.34,19.34,19.34,0
HMG,2020-09-18,19.34,19.34,19.34,19.34,0
HMG,2020-09-21,19.34,19.34,19.34,19.34,0
HMG,2020-09-22,19.34,19.34,19.34,19.34,0
HMG,2020-09-23,19.34,19.34,19.34,19.34,0
HMG,2020-09-24,19.34,19.34,19.34,19.34,0
HMG,2020-09-25,19.34,19.34,19.34,19.34,0
HMG,2020-09-28,19.34,19.34,19.34,19.34,0
HMG,2020-09-29,19.34,19.34,19.34,19.34,0
HMG,2020-09-30,19.34,19.34,19.34,19.34,0
HMG,2020-10-01,19.34,19.34,19.34,19.34,0
HMG,2020-10-02,19.34,19.34,19.34,19.34,0
HMG,2020-10-05,19.34,19.34,19.34,19.34,0
HMG,2020-10-06,19.34,19.34,19.34,19.34,0
HMG,2020-10-07,19.34,19.34,19.34,19.34,0
HMG,2020-10-08,19.34,19.34,19.34,19.34,0
HMG,2020-10-09,19.34,19.34,19.34,19.34,0
HMG,2020-10-12,19.34,19.34,19.34,19.34,0
HMG,2020-10-13,19.34,19.34,19.34,19.34,0
HMG,2020-10-14,19.34,19.34,19.34,19.34,0
HMG,2020-10-15,19.34,19.34,19.34,19.34,0
HMG,2020-10-16,19.34,19.34,19.34,19.34,0
HMG,2020-10-19,19.34,19.34,19.34,19.34,0
HMG,2020-10-20,19.34,19.34,19.34,19.34,0
HMG,2020-10-21,19.34,19.34,19.34,19.34,0
HMG,2020-10-22,19.34,19.34,19.34,19.34,0
HMG,2020-10-23,19.34,19.34,19.34,19.34,0
HMG,2020-10-26,19.34,19.34,19.34,19.34,0
HMG,2020-10-27,19.34,19.34,19.34,19.34,0
HMG,2020-10-28,19.34,19.34,19.34,19.34,0
HMG,2020-10-29,19.34,19.34,19.34,19.34,0
HMG,2020-10-30,19.34,19.34,19.34,19.34,0
HMG,2020-11-02,19.34,19.34,19.34,19.34,0
HMG,2020-11-03,19.34,19.34,19.34,19.34,0
HMG,2020-11-04,19.34,19.34,19.34,19.34,0
HMG,2020-11-05,19.34,19.34,19.34,19.34,0
HMG,2020-11-06,19.34,19.34,19.34,19.34,0
HMG,2020-11-09,19.34,19.34,19.34,19.34,0
HMG,2020-11-10,19.34,19.34,19.34,19.34,0
HMG,2020-11-11,19.34,19.34,19.34,19.34,0
HMG,2020-11-12,19.34,19.34,19.34,19.34,0
HMG,2020-11-13,19.34,19.34,19.34,19.34,0
HMG,2020-11-16,19.34,19.34,19.34,19.34,0
HMG,2020-11-17,19.34,19.34,19.34,19.34,0
HMG,2020-11-18,19.34,19.34,19.34,19.34,0
HMG,2020-11-19,19.34,19.34,19.34,19.34,0
HMG,2020-11-20,19.34,19.34,19.34,19.34,0
HMG,2020-11-23,19.34,19.34,19.34,19.34,0
HMG,2020-11-24,19.34,19.34,19.34,19.34,0
HMG,2020-11-25,19.34,19.34,19.34,19.34,0
HMG,2020-11-26,19.34,19.34,19.34,19.34,0
HMG,2020-11-27,19.34,19.34,19.34,19.34,0
HMG,2020-11-30,19.34,19.34,19.34,19.34,0
HMG,2020-12-01,19.34,19.34,19.34,19.34,0
HMG,2020-12-02,19.34,19.34,19.34,19.34,0
HMG,2020-12-03,19.34,19.34,19.34,19.34,0
HMG,2020-12-04,19.34,19.34,19.34,19.34,0
HMG,2020-12-07,19.34,19.34,19.34,19.34,0
HMG,2020-12-08,19.34,19.34,19.34,19.34,0
HMG,2020-12-09,19.34,19.34,19.34,19.34,0
HMG,2020-12-10,19.34,19.34,19.34,19.34,0
HMG,2020-12-11,19.34,19.34,19.34,19.34,0
HMG,2020-12-14,19.34,19.34,19.34,19.34,0
HMG,2020-12-15,19.34,19.34,19.34,19.34,0
HMG,2020-12-16,19.34,19.34,19.34,19.34,0
HMG,2020-12-17,19.34,19.34,19.34,19.34,0
HMG,2020-12-18,19.34,19.34,19.34,19.34,0
HMG,2020-12-21,19.34,19.34,19.34,19.34,0
HMG,2020-12-22,19.34,19.34,19.34,19.34,0
HMG,2020-12-23,19.34,19.34,19.34,19.34,0
HMG,2020-12-24,19.34,19.34,19.34,19.34,0
HMG,2020-12-25,19.34,19.34,19.34,19.34,0
HMG,2020-12-28,19.34,19.34,19.34,19.34,0
HMG,2020-12-29,19.34,19.34,19.34,19.34,0
HMG,2020-12-30,19.34,19.34,19.34,19.34,0
HMG,2020-12-31,19.34,19.34,19.34,19.34,0
HMG,2021-01-04,19.34,19.34,19.34,19.34,0
HMG,2021-01-05,19.34,19.34,19.34,19.34,0
HMG,2021-01-06,19.34,19.34,19.34,19.34,0
HMG,2021-01-07,19.34,19.34,19.34,19.34,0
HMG,2021-01-08,19.34,19.34,19.34,19.34,0
HMG,2021-01-11,19.34,19.34,19.34,19.34,0
HMG,2021-01-12,19.34,19.34,19.34,19.34,0
HMG,2021-01-13,19.34,19.34,19.34,19.34,0
HMG,2021-01-14,19.34,19.34,19.34,19.34,0
HMG,2021-01-15,19.34,19.34,19.34,19.34,0
HMG,2021-01-18,19.34,19.34,19.34,19.34,0
HMG,2021-01-19,19.34,19.34,19.34,19.34,0
HMG,2021-01-20,19.34,19.34,19.34,19.34,0
HMG,2021-01-21,19.34,19.34,19.34,19.34,0
HMG,2021-01-22,19.34,19.34,19.34,19.34,0
HMG,2021-01-25,19.34,19.34,19.34,19.34,0
HMG,2021-01-26,19.34,19.34,19.34,19.34,0
HMG,2021-01-27,19.34,19.34,19.34,19.34,0
HMG,2021-01-28,19.34,19.34,19.34,19.34,0
HMG,2021-01-29,19.34,19.34,19.34,19.34,0
HMG,2021-02-01,19.34,19.34,19.34,19.34,0
HMG,2021-02-02,19.34,19.34,19.34,19.34,0
HMG,2021-02-03,19.34,19.34,19.34,19.34,0
HMG,2021-02-04,19.34,19.34,19.34,19.34,0
HMG,2021-02-05,19.34,19.34,19.34,19.34,0
HMG,2021-02-08,19.34,19.34,19.34,19.34,0
HMG,2021-02-09,19.34,19.34,19.34,19.34,0
HMG,2021-02-17,19.34,19.34,19.34,19.34,0
HMG,2021-02-18,19.34,19.34,19.34,19.34,0
HMG,2021-02-19,19.34,19.34,19.34,19.34,0
HMG,2021-02-22,19.34,19.34,19.34,19.34,0
HMG,2021-02-23,19.34,19.34,19.34,19.34,0
HMG,2021-02-24,19.34,19.34,19.34,19.34,0
HMG,2021-02-25,19.34,19.34,19.34,19.34,0
HMG,2021-02-26,19.34,19.34,19.34,19.34,0
HMG,2021-03-01,19.34,19.34,19.34,19.34,0
HMG,2021-03-02,19.34,19.34,19.34,19.34,0
HMG,2021-03-03,19.34,19.34,19.34,19.34,0
HMG,2021-03-04,19.34,19.34,19.34,19.34,0
HMG,2021-03-05,19.34,19.34,19.34,19.34,0
HMG,2021-03-08,19.34,19.34,19.34,19.34,0
HMG,2021-03-09,12.34,12.34,11.69,11.69,4200
HMG,2021-03-10,11.69,11.93,11.69,11.69,5700
HMG,2021-03-11,11.77,11.77,11.77,11.77,1000
HMG,2021-03-12,11.77,11.77,11.69,11.77,1400
HMG,2021-03-15,11.77,11.77,11.77,11.77,0
HMG,2021-03-16,11.93,11.93,11.93,11.93,500
HMG,2021-03-17,13.17,13.66,10.7,10.7,1200
HMG,2021-03-18,13.66,13.66,13.66,13.66,500
HMG,2021-03-19,11.69,13.17,11.69,13.17,1100
HMG,2021-03-22,13.0,13.17,13.17,13.17,0
HMG,2021-03-23,13.0,13.17,13.17,13.17,0
HMG,2021-03-24,13.0,13.17,13.17,13.17,0
HMG,2021-03-25,13.0,13.17,13.17,13.17,0
HMG,2021-03-26,13.0,13.17,13.17,13.17,0
HMG,2021-03-29,11.19,11.19,11.19,11.19,2300
HMG,2021-03-30,11.19,11.19,11.19,11.19,0
HMG,2021-03-31,11.19,11.19,11.19,11.19,0
HMG,2021-04-01,11.19,11.19,11.19,11.19,0
HMG,2021-04-02,12.84,12.84,12.84,12.84,1300
HMG,2021-04-05,12.34,12.34,12.34,12.34,1000
HMG,2021-04-06,12.34,12.34,12.34,12.34,0
HMG,2021-04-07,10.95,11.19,10.86,11.11,3900
HMG,2021-04-08,11.11,11.11,11.03,11.03,1300
HMG,2021-04-09,11.11,11.03,11.03,11.03,0
HMG,2021-04-12,11.11,11.03,11.03,11.03,0
HMG,2021-04-13,11.11,11.03,11.03,11.03,0
HMG,2021-04-14,11.11,11.03,11.03,11.03,0
HMG,2021-04-15,11.11,11.03,11.03,11.03,0
HMG,2021-04-16,11.11,11.03,11.03,11.03,0
HMG,2021-04-19,11.11,11.03,11.03,11.03,0
HMG,2021-04-20,10.29,10.29,10.29,10.29,1000
HMG,2021-04-22,10.29,10.29,10.29,10.29,0
HMG,2021-04-23,10.29,10.29,10.29,10.29,0
HMG,2021-04-26,9.88,9.88,9.88,9.88,1000
HMG,2021-04-27,9.55,9.55,9.46,9.46,1100
HMG,2021-04-28,9.46,9.46,9.46,9.46,0
HMG,2021-04-29,9.05,9.05,9.05,9.05,200
HMG,2021-05-04,9.05,9.05,9.05,9.05,0
HMG,2021-05-05,9.05,9.05,9.05,9.05,0
HMG,2021-05-06,9.05,9.05,9.05,9.05,0
HMG,2021-05-07,9.05,9.05,9.05,9.05,200
HMG,2021-05-10,9.05,9.05,9.05,9.05,200
HMG,2021-05-11,9.05,9.05,9.05,9.05,7000
HMG,2021-05-12,9.05,9.46,9.05,9.46,1300
HMG,2021-05-13,9.46,9.46,9.46,9.46,500
HMG,2021-05-14,10.86,10.86,9.88,9.88,400
HMG,2021-05-17,10.37,9.88,9.88,9.88,0
HMG,2021-05-18,10.37,9.88,9.88,9.88,0
HMG,2021-05-19,10.37,9.88,9.88,9.88,0
HMG,2021-05-20,10.37,9.88,9.88,9.88,0
HMG,2021-05-21,10.37,9.88,9.88,9.88,0
HMG,2021-05-24,9.13,9.13,9.05,9.05,1100
HMG,2021-05-25,9.05,9.05,9.05,9.05,0
HMG,2021-05-26,7.82,7.82,7.82,7.82,100
HMG,2021-05-27,7.82,7.82,7.82,7.82,200
HMG,2021-05-28,8.97,8.97,8.97,8.97,1400
HMG,2021-05-31,8.97,8.97,8.97,8.97,0
HMG,2021-06-01,8.97,8.97,8.97,8.97,0
HMG,2021-06-02,8.97,8.97,8.97,8.97,0
HMG,2021-06-03,8.97,8.97,8.97,8.97,0
HMG,2021-06-04,8.97,8.97,8.97,8.97,1400
HMG,2021-06-07,8.97,8.97,8.97,8.97,0
HMG,2021-06-08,8.97,8.97,8.97,8.97,0
HMG,2021-06-09,8.97,8.97,8.97,8.97,0
HMG,2021-06-10,8.97,8.97,8.97,8.97,0
HMG,2021-06-11,7.74,7.74,7.74,7.74,400
HMG,2021-06-14,6.91,6.91,6.91,6.91,1300
HMG,2021-06-15,6.91,6.91,6.91,6.91,0
HMG,2021-06-16,6.91,6.91,6.83,6.83,1500
HMG,2021-06-17,6.83,6.83,6.83,6.83,0
HMG,2021-06-18,6.83,6.83,6.83,6.83,400
HMG,2021-06-21,6.83,6.83,6.83,6.83,200
HMG,2021-06-22,7.0,7.82,7.0,7.82,300
HMG,2021-06-23,6.83,6.91,6.83,6.91,1100
HMG,2021-06-24,6.91,6.91,6.91,6.91,0
HMG,2021-06-25,6.91,6.91,6.91,6.91,1000
HMG,2021-06-28,6.91,6.91,6.91,6.91,0
HMG,2021-06-29,6.91,6.91,6.91,6.91,0
HMG,2021-06-30,6.91,6.91,6.91,6.91,1000
HMG,2021-07-01,6.91,6.91,6.91,6.91,0
HMG,2021-07-02,6.91,6.91,6.83,6.83,2100
HMG,2021-07-05,6.91,6.83,6.83,6.83,0
HMG,2021-07-06,6.91,6.83,6.83,6.83,0
HMG,2021-07-07,6.91,6.83,6.83,6.83,0
HMG,2021-07-08,6.91,6.83,6.83,6.83,0
HMG,2021-07-09,6.91,6.83,6.83,6.83,0
HMG,2021-07-12,6.91,6.83,6.83,6.83,0
HMG,2021-07-13,6.91,6.83,6.83,6.83,0
HMG,2021-07-14,6.91,6.83,6.83,6.83,0
HMG,2021-07-15,7.08,7.08,7.08,7.08,500
HMG,2021-07-16,7.08,7.08,7.08,7.08,0
HMG,2021-07-19,7.08,7.08,7.08,7.08,1900
HMG,2021-07-20,7.08,7.08,7.08,7.08,0
HMG,2021-07-21,7.08,7.08,7.08,7.08,0
HMG,2021-07-22,7.08,7.08,7.08,7.08,0
HMG,2021-07-23,7.08,7.08,7.08,7.08,0
HMG,2021-07-26,7.08,7.08,7.08,7.08,0
HMG,2021-07-27,7.08,7.08,7.08,7.08,0
HMG,2021-07-28,7.08,7.08,7.08,7.08,0
HMG,2021-07-29,7.08,7.08,7.08,7.08,0
HMG,2021-07-30,7.08,7.08,7.08,7.08,0
HMG,2021-08-02,7.08,7.08,7.08,7.08,0
HMG,2021-08-03,7.08,7.08,7.08,7.08,0
HMG,2021-08-04,7.08,7.08,7.08,7.08,0
HMG,2021-08-05,7.08,7.08,7.08,7.08,0
HMG,2021-08-06,7.08,7.08,7.08,7.08,0
HMG,2021-08-09,7.08,7.08,7.08,7.08,0
HMG,2021-08-10,7.08,7.08,7.08,7.08,0
HMG,2021-08-11,7.08,7.08,7.08,7.08,0
HMG,2021-08-12,7.24,7.32,7.24,7.24,300
HMG,2021-08-13,7.41,7.49,7.41,7.49,400
HMG,2021-08-16,8.39,8.39,8.39,8.39,100
HMG,2021-08-17,8.39,8.39,8.39,8.39,0
HMG,2021-08-18,8.39,8.39,8.39,8.39,0
HMG,2021-08-19,9.46,9.46,9.46,9.46,100
HMG,2021-08-20,9.05,9.05,9.05,9.05,100
HMG,2021-08-23,9.05,9.05,9.05,9.05,0
HMG,2021-08-24,9.05,9.05,9.05,9.05,0
HMG,2021-08-25,8.06,8.06,8.06,8.06,500
HMG,2021-08-26,8.06,8.06,8.06,8.06,0
HMG,2021-08-27,8.06,8.06,8.06,8.06,0
HMG,2021-08-30,7.9,7.9,7.9,7.9,600
HMG,2021-08-31,7.9,7.9,7.9,7.9,0
HMG,2021-09-01,7.9,7.9,7.9,7.9,0
HMG,2021-09-06,7.9,7.9,7.9,7.9,200
HMG,2021-09-07,7.9,7.9,7.9,7.9,0
HMG,2021-09-08,7.9,7.9,7.9,7.9,0
HMG,2021-09-09,7.9,7.9,7.9,7.9,0
HMG,2021-09-10,7.9,7.9,7.9,7.9,0
HMG,2021-09-13,8.64,8.64,8.64,8.64,100
HMG,2021-09-14,8.64,8.64,8.64,8.64,0
HMG,2021-09-15,8.64,8.64,8.64,8.64,0
HMG,2021-09-16,8.64,8.64,8.64,8.64,0
HMG,2021-09-17,8.64,8.64,8.64,8.64,0
HMG,2021-09-20,9.88,9.88,9.05,9.05,3500
HMG,2021-09-21,9.55,9.55,9.55,9.55,0
HMG,2021-09-22,9.55,9.55,9.55,9.55,0
HMG,2021-09-23,9.05,9.05,9.05,9.05,100
HMG,2021-09-24,9.05,9.05,9.05,9.05,0
HMG,2021-09-27,9.05,9.05,9.05,9.05,0
HMG,2021-09-28,9.05,9.05,9.05,9.05,0
HMG,2021-09-29,9.05,9.05,9.05,9.05,0
HMG,2021-09-30,8.23,8.23,8.23,8.23,100
HMG,2021-10-01,8.23,8.23,8.23,8.23,0
HMG,2021-10-04,9.46,9.46,9.46,9.46,3000
HMG,2021-10-05,9.46,9.46,9.46,9.46,0
HMG,2021-10-06,9.46,9.46,9.46,9.46,0
HMG,2021-10-07,9.46,9.46,9.46,9.46,0
HMG,2021-10-08,9.46,9.46,9.46,9.46,0
HMG,2021-10-11,9.46,9.46,9.46,9.46,0
HMG,2021-10-12,9.46,9.46,9.46,9.46,0
HMG,2021-10-13,10.86,10.86,10.86,10.86,100
HMG,2021-10-14,10.86,10.86,10.86,10.86,0
HMG,2021-10-15,10.86,10.86,10.86,10.86,0
HMG,2021-10-18,10.86,10.86,10.86,10.86,0
HMG,2021-10-19,10.86,10.86,10.86,10.86,0
HMG,2021-10-20,10.86,10.86,10.86,10.86,0
HMG,2021-10-21,12.34,12.34,12.34,12.34,600
HMG,2021-10-22,12.34,12.34,12.34,12.34,0
HMG,2021-10-25,12.34,12.34,11.93,11.93,500
HMG,2021-10-26,10.7,10.7,10.7,10.7,1500
HMG,2021-10-27,10.7,10.7,10.7,10.7,0
HMG,2021-10-28,10.7,10.7,10.7,10.7,0
HMG,2021-10-29,10.86,10.86,10.7,10.7,900
HMG,2021-11-01,10.7,10.7,10.7,10.7,0
HMG,2021-11-02,10.7,10.7,10.7,10.7,0
HMG,2021-11-03,10.7,10.7,10.7,10.7,0
HMG,2021-11-04,10.7,10.7,10.7,10.7,0
HMG,2021-11-05,10.7,10.7,10.7,10.7,0
HMG,2021-11-08,11.44,11.44,11.44,11.44,1500
HMG,2021-11-09,10.7,10.7,10.7,10.7,1000
HMG,2021-11-10,10.7,10.7,10.7,10.7,3000
HMG,2021-11-11,10.7,10.7,10.7,10.7,1900
HMG,2021-11-12,10.7,12.26,10.7,12.26,2100
HMG,2021-11-15,10.78,10.78,10.78,10.78,0
HMG,2021-11-16,10.78,10.78,10.78,10.78,1500
HMG,2021-11-17,10.78,10.78,10.78,10.78,0
HMG,2021-11-18,10.78,10.78,10.78,10.78,0
HMG,2021-11-19,10.86,10.86,10.78,10.78,2100
HMG,2021-11-22,10.78,12.34,10.78,12.34,200
HMG,2021-11-23,12.76,12.76,12.59,12.59,200
HMG,2021-11-24,12.67,12.67,12.67,12.67,0
HMG,2021-11-25,12.67,12.67,12.67,12.67,0
HMG,2021-11-26,12.67,12.67,12.67,12.67,0
HMG,2021-11-29,12.67,12.67,12.67,12.67,0
HMG,2021-11-30,12.67,12.67,12.67,12.67,0
HMG,2021-12-01,12.67,12.67,12.67,12.67,0
HMG,2021-12-02,12.18,12.18,12.18,12.18,100
HMG,2021-12-03,12.18,12.18,12.18,12.18,0
HMG,2021-12-06,12.18,12.18,12.18,12.18,0
HMG,2021-12-07,12.18,12.18,12.18,12.18,0
HMG,2021-12-08,12.18,12.18,12.18,12.18,0
HMG,2021-12-09,12.18,12.18,12.18,12.18,0
HMG,2021-12-10,12.18,12.18,12.18,12.18,0
HMG,2021-12-13,12.18,12.18,12.18,12.18,0
HMG,2021-12-14,10.7,10.7,10.7,10.7,500
HMG,2021-12-15,10.7,10.7,10.7,10.7,100
HMG,2021-12-16,10.7,10.7,10.7,10.7,0
HMG,2021-12-17,9.46,9.46,9.46,9.46,100
HMG,2021-12-20,10.7,10.86,10.7,10.86,200
HMG,2021-12-21,10.78,10.78,10.78,10.78,0
HMG,2021-12-22,10.78,10.78,10.78,10.78,0
HMG,2021-12-23,10.78,10.78,10.78,10.78,0
HMG,2021-12-24,10.78,10.78,10.78,10.78,0
HMG,2021-12-27,10.78,10.78,10.78,10.78,0
HMG,2021-12-28,10.78,10.78,10.78,10.78,0
HMG,2021-12-29,10.78,10.78,10.78,10.78,0
HMG,2021-12-30,10.78,10.78,10.78,10.78,0
HMG,2021-12-31,10.78,10.78,10.78,10.78,0
HMG,2022-01-04,10.78,10.78,10.78,10.78,0
HMG,2022-01-05,10.78,10.78,10.78,10.78,0
HMG,2022-01-06,10.78,10.78,10.78,10.78,0
HMG,2022-01-07,10.78,10.78,10.78,10.78,0
HMG,2022-01-10,10.78,10.78,10.78,10.78,0
HMG,2022-01-11,10.78,10.78,10.78,10.78,0
HMG,2022-01-12,10.78,10.78,10.78,10.78,0
HMG,2022-01-13,10.29,11.11,10.29,11.11,2600
HMG,2022-01-14,10.53,11.03,10.53,11.03,3100
HMG,2022-01-17,10.7,10.7,10.7,10.7,0
HMG,2022-01-18,10.7,10.7,10.7,10.7,0
HMG,2022-01-19,10.7,10.7,10.7,10.7,100
HMG,2022-01-20,10.7,10.7,10.7,10.7,500
HMG,2022-01-21,10.7,10.7,10.7,10.7,0
HMG,2022-01-24,10.7,10.7,10.7,10.7,0
HMG,2022-01-25,10.53,10.53,10.53,10.53,1000
HMG,2022-01-26,10.53,10.53,10.53,10.53,0
HMG,2022-01-27,10.53,10.53,10.53,10.53,0
HMG,2022-01-28,10.53,10.53,10.53,10.53,0
HMG,2022-02-07,10.53,10.53,10.53,10.53,0
HMG,2022-02-08,10.53,10.53,10.53,10.53,0
HMG,2022-02-09,10.53,10.53,10.53,10.53,0
HMG,2022-02-10,10.53,10.53,10.53,10.53,0
HMG,2022-02-11,10.53,10.53,10.53,10.53,0
HMG,2022-02-14,10.53,10.53,10.53,10.53,0
HMG,2022-02-15,10.53,10.53,10.53,10.53,0
HMG,2022-02-16,10.53,10.53,10.53,10.53,0
HMG,2022-02-17,10.53,10.53,10.53,10.53,0
HMG,2022-02-18,10.53,10.53,10.53,10.53,0
HMG,2022-02-21,10.53,10.53,10.53,10.53,0
HMG,2022-02-22,10.53,10.53,10.53,10.53,0
HMG,2022-02-23,10.53,10.53,10.53,10.53,0
HMG,2022-02-24,10.53,10.53,10.53,10.53,0
HMG,2022-02-25,10.53,10.53,10.53,10.53,0
HMG,2022-02-28,10.53,10.53,10.53,10.53,0
HMG,2022-03-01,12.1,12.1,12.1,12.1,100
HMG,2022-03-02,12.1,12.1,12.1,12.1,0
HMG,2022-03-03,12.1,12.1,12.1,12.1,0
HMG,2022-03-04,12.1,12.1,12.1,12.1,0
HMG,2022-03-07,12.1,12.1,12.1,12.1,0
HMG,2022-03-08,13.91,13.91,13.91,13.91,100
HMG,2022-03-09,13.91,13.91,13.91,13.91,0
HMG,2022-03-10,13.91,13.91,13.91,13.91,0
HMG,2022-03-11,13.91,13.91,13.91,13.91,0
HMG,2022-03-14,13.99,15.97,13.91,15.97,1900
HMG,2022-03-15,17.12,17.12,17.12,17.12,100
HMG,2022-03-16,17.12,17.12,17.12,17.12,0
HMG,2022-03-17,19.67,19.67,14.57,14.57,800
HMG,2022-03-18,13.0,13.0,13.0,13.0,600
HMG,2022-03-21,13.0,13.0,13.0,13.0,0
HMG,2022-03-22,13.0,13.0,13.0,13.0,0
HMG,2022-03-23,13.0,13.0,13.0,13.0,0
HMG,2022-03-24,13.99,13.99,13.99,13.99,100
HMG,2022-03-25,13.99,13.99,13.99,13.99,0
HMG,2022-03-28,13.99,13.99,13.99,13.99,0
HMG,2022-03-29,13.99,13.99,13.99,13.99,0
HMG,2022-03-30,13.99,13.99,13.99,13.99,0
HMG,2022-03-31,13.99,13.99,13.99,13.99,0
HMG,2022-04-01,13.99,13.99,13.99,13.99,0
HMG,2022-04-04,13.99,13.99,13.99,13.99,0
HMG,2022-04-05,13.99,13.99,13.99,13.99,0
HMG,2022-04-06,13.99,13.99,13.99,13.99,0
HMG,2022-04-07,13.99,13.99,13.99,13.99,0
HMG,2022-04-08,13.99,13.99,13.99,13.99,0
HMG,2022-04-12,13.99,13.99,13.99,13.99,0
HMG,2022-04-13,13.99,13.99,13.99,13.99,0
HMG,2022-04-14,13.99,13.99,13.99,13.99,0
HMG,2022-04-15,13.99,13.99,13.99,13.99,0
HMG,2022-04-18,13.99,13.99,13.99,13.99,0
HMG,2022-04-19,13.99,13.99,13.99,13.99,0
HMG,2022-04-20,13.99,13.99,13.99,13.99,0
HMG,2022-04-21,13.99,13.99,13.99,13.99,0
HMG,2022-04-22,15.55,15.55,15.55,15.55,100
HMG,2022-04-25,15.55,15.55,15.55,15.55,0
HMG,2022-04-26,15.55,15.55,15.55,15.55,0
HMG,2022-04-27,15.55,15.55,15.55,15.55,0
HMG,2022-04-28,15.55,15.55,15.55,15.55,0
HMG,2022-04-29,15.55,15.55,15.55,15.55,0
HMG,2022-05-04,15.55,15.55,15.55,15.55,0
HMG,2022-05-05,15.55,15.55,15.55,15.55,0
HMG,2022-05-06,15.55,15.55,15.55,15.55,0
HMG,2022-05-09,15.55,15.55,15.55,15.55,0
HMG,2022-05-10,15.55,15.55,15.55,15.55,0
HMG,2022-05-11,15.55,15.55,15.55,15.55,0
HMG,2022-05-12,15.55,15.55,15.55,15.55,0
HMG,2022-05-13,15.55,15.55,15.55,15.55,0
HMG,2022-05-16,15.55,15.55,15.55,15.55,0
HMG,2022-05-17,15.55,15.55,15.55,15.55,0
HMG,2022-05-18,15.55,15.55,15.55,15.55,0
HMG,2022-05-19,15.55,15.55,15.55,15.55,0
HMG,2022-05-20,15.55,15.55,15.55,15.55,0
HMG,2022-05-23,15.55,15.55,15.55,15.55,0
HMG,2022-05-24,15.55,15.55,15.55,15.55,0
HMG,2022-05-25,15.55,15.55,15.55,15.55,0
HMG,2022-05-26,15.55,15.55,15.55,15.55,0
HMG,2022-05-27,15.55,15.55,15.55,15.55,0
HMG,2022-05-30,15.55,15.55,15.55,15.55,0
HMG,2022-05-31,15.55,15.55,15.55,15.55,0
HMG,2022-06-01,17.86,17.86,17.86,17.86,100
HMG,2022-06-02,17.86,17.86,17.86,17.86,0
HMG,2022-06-03,17.86,17.86,17.86,17.86,0
HMG,2022-06-06,17.86,17.86,17.86,17.86,0
HMG,2022-06-07,17.86,17.86,17.86,17.86,0
HMG,2022-06-08,17.86,17.86,17.86,17.86,0
HMG,2022-06-09,17.86,17.86,17.86,17.86,0
HMG,2022-06-10,17.86,17.86,17.86,17.86,0
HMG,2022-06-13,17.86,17.86,17.86,17.86,0
HMG,2022-06-14,17.86,17.86,17.86,17.86,0
HMG,2022-06-15,17.86,17.86,17.86,17.86,0
HMG,2022-06-16,17.86,17.86,17.86,17.86,0
HMG,2022-06-17,17.86,17.86,17.86,17.86,0
HMG,2022-06-20,17.86,17.86,17.86,17.86,0
HMG,2022-06-21,17.86,17.86,17.86,17.86,0
HMG,2022-06-22,17.86,17.86,17.86,17.86,0
HMG,2022-06-23,17.86,17.86,17.86,17.86,0
HMG,2022-06-24,17.86,17.86,17.86,17.86,0
HMG,2022-06-27,17.86,17.86,17.86,17.86,0
HMG,2022-06-28,17.86,17.86,17.86,17.86,0
HMG,2022-06-29,17.86,17.86,17.86,17.86,0
HMG,2022-06-30,17.86,17.86,17.86,17.86,0
HMG,2022-07-01,17.86,17.86,17.86,17.86,0
HMG,2022-07-04,17.86,17.86,17.86,17.86,0
HMG,2022-07-05,17.86,17.86,17.86,17.86,0
HMG,2022-07-06,17.86,17.86,17.86,17.86,0
HMG,2022-07-07,17.86,17.86,17.86,17.86,0
HMG,2022-07-08,17.86,17.86,17.86,17.86,0
HMG,2022-07-11,17.86,17.86,17.86,17.86,0
HMG,2022-07-12,17.86,17.86,17.86,17.86,0
HMG,2022-07-13,17.86,17.86,17.86,17.86,0
HMG,2022-07-14,17.86,17.86,17.86,17.86,0
HMG,2022-07-15,17.86,17.86,17.86,17.86,0
HMG,2022-07-18,17.86,17.86,17.86,17.86,0
HMG,2022-07-19,17.86,17.86,17.86,17.86,0
HMG,2022-07-20,17.86,17.86,17.86,17.86,0
HMG,2022-07-21,17.86,17.86,17.86,17.86,0
HMG,2022-07-22,17.86,17.86,17.86,17.86,0
HMG,2022-07-25,17.86,17.86,17.86,17.86,0
HMG,2022-07-26,17.86,17.86,17.86,17.86,0
HMG,2022-07-27,17.86,17.86,17.86,17.86,0
HMG,2022-07-28,17.86,17.86,17.86,17.86,0
HMG,2022-07-29,17.86,17.86,17.86,17.86,0
HMG,2022-08-01,17.86,17.86,17.86,17.86,0
HMG,2022-08-02,17.86,17.86,17.86,17.86,0
HMG,2022-08-03,17.86,17.86,17.86,17.86,0
HMG,2022-08-04,17.86,17.86,17.86,17.86,0
HMG,2022-08-05,17.86,17.86,17.86,17.86,0
HMG,2022-08-08,17.86,17.86,17.86,17.86,0
HMG,2022-08-09,17.86,17.86,17.86,17.86,0
HMG,2022-08-10,17.86,17.86,17.86,17.86,0
HMG,2022-08-11,17.86,17.86,17.86,17.86,0
HMG,2022-08-12,17.86,17.86,17.86,17.86,0
HMG,2022-08-15,17.86,17.86,17.86,17.86,0
HMG,2022-08-16,17.86,17.86,17.86,17.86,0
HMG,2022-08-17,17.86,17.86,17.86,17.86,0
HMG,2022-08-18,17.86,17.86,17.86,17.86,0
HMG,2022-08-19,17.86,17.86,17.86,17.86,0
HMG,2022-08-22,17.86,17.86,17.86,17.86,0
HMG,2022-08-23,17.86,17.86,17.86,17.86,0
HMG,2022-08-24,17.86,17.86,17.86,17.86,0
HMG,2022-08-25,17.86,17.86,17.86,17.86,0
HMG,2022-08-26,17.86,17.86,17.86,17.86,0
HMG,2022-08-29,17.86,17.86,17.86,17.86,0
HMG,2022-08-30,17.86,17.86,17.86,17.86,0
HMG,2022-08-31,17.86,17.86,17.86,17.86,0
HMG,2022-09-05,17.86,17.86,17.86,17.86,0
HMG,2022-09-06,17.86,17.86,17.86,17.86,0
HMG,2022-09-07,17.86,17.86,17.86,17.86,0
HMG,2022-09-08,17.86,17.86,17.86,17.86,0
HMG,2022-09-09,17.86,17.86,17.86,17.86,0
HMG,2022-09-12,17.86,17.86,17.86,17.86,0
HMG,2022-09-13,17.86,17.86,17.86,17.86,0
HMG,2022-09-14,10.78,10.78,10.78,10.78,100
HMG,2022-09-15,10.78,10.78,10.78,10.78,0
HMG,2022-09-16,10.78,10.78,10.78,10.78,0
HMG,2022-09-19,10.78,10.78,10.78,10.78,0
HMG,2022-09-20,10.78,10.78,10.78,10.78,0
HMG,2022-09-21,10.78,10.78,10.78,10.78,0
HMG,2022-09-22,10.78,10.78,10.78,10.78,0
HMG,2022-09-23,10.78,10.78,10.78,10.78,0
HMG,2022-09-26,10.78,10.78,10.78,10.78,0
HMG,2022-09-27,10.78,10.78,10.78,10.78,0
HMG,2022-09-28,10.78,10.78,10.78,10.78,0
HMG,2022-09-29,10.78,10.78,10.78,10.78,0
HMG,2022-09-30,10.78,10.78,10.78,10.78,0
HMG,2022-10-03,10.78,10.78,10.78,10.78,0
HMG,2022-10-04,10.78,10.78,10.78,10.78,0
HMG,2022-10-05,10.78,10.78,10.78,10.78,0
HMG,2022-10-06,10.78,10.78,10.78,10.78,0
HMG,2022-10-07,10.78,10.78,10.78,10.78,0
HMG,2022-10-10,10.78,10.78,10.78,10.78,0
HMG,2022-10-11,10.78,10.78,10.78,10.78,0
HMG,2022-10-12,10.78,10.78,10.78,10.78,0
HMG,2022-10-13,10.78,10.78,10.78,10.78,0
HMG,2022-10-14,10.78,10.78,10.78,10.78,0
HMG,2022-10-17,10.78,10.78,10.78,10.78,0
HMG,2022-10-18,10.78,10.78,10.78,10.78,0
HMG,2022-10-19,10.78,10.78,10.78,10.78,0
HMG,2022-10-20,10.78,10.78,10.78,10.78,0
HMG,2022-10-21,10.78,10.78,10.78,10.78,0
HMG,2022-10-24,10.78,10.78,10.78,10.78,0
HMG,2022-10-25,10.78,10.78,10.78,10.78,0
HMG,2022-10-26,10.78,10.78,10.78,10.78,0
HMG,2022-10-27,10.78,10.78,10.78,10.78,0
HMG,2022-10-28,10.78,10.78,10.78,10.78,0
HMG,2022-10-31,10.78,10.78,10.78,10.78,0
HMG,2022-11-01,10.78,10.78,10.78,10.78,0
HMG,2022-11-02,10.78,10.78,10.78,10.78,0
HMG,2022-11-03,10.78,10.78,10.78,10.78,0
HMG,2022-11-04,10.78,10.78,10.78,10.78,0
HMG,2022-11-07,10.78,10.78,10.78,10.78,0
HMG,2022-11-08,10.78,10.78,10.78,10.78,0
HMG,2022-11-09,10.78,10.78,10.78,10.78,0
HMG,2022-11-10,10.78,10.78,10.78,10.78,0
HMG,2022-11-11,10.78,10.78,10.78,10.78,0
HMG,2022-11-14,10.78,10.78,10.78,10.78,0
HMG,2022-11-15,10.78,10.78,10.78,10.78,0
HMG,2022-11-16,10.78,10.78,10.78,10.78,0
HMG,2022-11-17,10.78,10.78,10.78,10.78,0
HMG,2022-11-18,10.78,10.78,10.78,10.78,0
HMG,2022-11-21,10.78,10.78,10.78,10.78,0
HMG,2022-11-22,10.78,10.78,10.78,10.78,0
HMG,2022-11-23,10.78,10.78,10.78,10.78,0
HMG,2022-11-24,10.78,10.78,10.78,10.78,0
HMG,2022-11-25,10.78,10.78,10.78,10.78,0
HMG,2022-11-28,10.78,10.78,10.78,10.78,0
HMG,2022-11-29,10.78,10.78,10.78,10.78,0
HMG,2022-11-30,10.78,10.78,10.78,10.78,0
HMG,2022-12-01,10.78,10.78,10.78,10.78,0
HMG,2022-12-02,10.78,10.78,10.78,10.78,0
HMG,2022-12-05,10.78,10.78,10.78,10.78,0
HMG,2022-12-06,10.78,10.78,10.78,10.78,0
HMG,2022-12-07,10.78,10.78,10.78,10.78,0
HMG,2022-12-08,10.78,10.78,10.78,10.78,0
HMG,2022-12-09,10.78,10.78,10.78,10.78,0
HMG,2022-12-12,10.78,10.78,10.78,10.78,0
HMG,2022-12-13,10.78,10.78,10.78,10.78,0
HMG,2022-12-14,10.78,10.78,10.78,10.78,0
HMG,2022-12-15,10.78,10.78,10.78,10.78,0
HMG,2022-12-16,10.78,10.78,10.78,10.78,0
HMG,2022-12-19,10.78,10.78,10.78,10.78,0
HMG,2022-12-20,10.78,10.78,10.78,10.78,0
HMG,2022-12-21,10.78,10.78,10.78,10.78,0
HMG,2022-12-22,10.78,10.78,10.78,10.78,0
HMG,2022-12-23,10.78,10.78,10.78,10.78,0
HMG,2022-12-26,10.78,10.78,10.78,10.78,0
HMG,2022-12-27,10.78,10.78,10.78,10.78,0
HMG,2022-12-28,10.78,10.78,10.78,10.78,0
HMG,2022-12-29,10.78,10.78,10.78,10.78,0
HMG,2022-12-30,10.78,10.78,10.78,10.78,0
HMG,2023-01-03,10.78,10.78,10.78,10.78,0
HMG,2023-01-04,10.78,10.78,10.78,10.78,0
HMG,2023-01-05,10.78,10.78,10.78,10.78,0
HMG,2023-01-06,10.78,10.78,10.78,10.78,0
HMG,2023-01-09,10.78,10.78,10.78,10.78,0
HMG,2023-01-10,10.78,10.78,10.78,10.78,0
HMG,2023-01-11,6.5,6.5,6.5,6.5,100
HMG,2023-01-12,5.6,5.6,5.6,5.6,100
HMG,2023-01-13,5.6,5.6,5.6,5.6,0
HMG,2023-01-16,6.42,6.42,6.42,6.42,100
HMG,2023-01-17,7.32,7.32,7.32,7.32,100
HMG,2023-01-18,7.32,7.32,7.32,7.32,0
HMG,2023-01-19,8.31,8.39,8.31,8.39,300
HMG,2023-01-27,8.39,8.39,8.39,8.39,100
HMG,2023-01-30,8.39,8.39,8.39,8.39,0
HMG,2023-01-31,8.39,8.39,8.39,8.39,0
HMG,2023-02-01,8.39,8.39,8.39,8.39,0
HMG,2023-02-02,8.39,8.39,8.39,8.39,0
HMG,2023-02-03,8.39,8.39,8.39,8.39,0
HMG,2023-02-06,8.39,8.39,8.39,8.39,0
HMG,2023-02-07,8.39,8.39,8.39,8.39,0
HMG,2023-02-08,8.39,8.39,8.39,8.39,0
HMG,2023-02-09,8.39,8.39,8.39,8.39,0
HMG,2023-02-10,8.39,8.39,8.39,8.39,0
HMG,2023-02-13,8.39,8.39,8.39,8.39,0
HMG,2023-02-14,8.39,8.39,8.39,8.39,0
HMG,2023-02-15,8.39,8.39,8.39,8.39,0
HMG,2023-02-16,8.39,8.39,8.39,8.39,0
HMG,2023-02-17,8.39,8.39,8.39,8.39,0
HMG,2023-02-20,8.39,8.39,8.39,8.39,0
HMG,2023-02-21,8.39,8.39,8.39,8.39,0
HMG,2023-02-22,8.39,8.39,8.39,8.39,0
HMG,2023-02-23,8.39,8.39,8.39,8.39,0
HMG,2023-02-24,8.39,8.39,8.39,8.39,0
HMG,2023-02-27,8.39,8.39,8.39,8.39,0
HMG,2023-02-28,8.39,8.39,8.39,8.39,0
HMG,2023-03-01,8.39,8.39,8.39,8.39,0
HMG,2023-03-02,8.39,8.39,8.39,8.39,0
HMG,2023-03-03,8.39,8.39,8.39,8.39,0
HMG,2023-03-06,8.39,8.39,8.39,8.39,0
HMG,2023-03-07,8.39,8.39,8.39,8.39,0
HMG,2023-03-08,8.39,8.39,8.39,8.39,0
HMG,2023-03-09,8.39,8.39,8.39,8.39,0
HMG,2023-03-10,8.39,8.39,8.39,8.39,0
HMG,2023-03-13,8.39,8.39,8.39,8.39,0
HMG,2023-03-14,8.39,8.39,8.39,8.39,0
HMG,2023-03-15,8.39,8.39,8.39,8.39,0
HMG,2023-03-16,8.39,8.39,8.39,8.39,0
HMG,2023-03-17,8.39,8.39,8.39,8.39,0
HMG,2023-03-20,8.39,8.39,8.39,8.39,0
HMG,2023-03-21,8.39,8.39,8.39,8.39,0
HMG,2023-03-22,8.39,8.39,8.39,8.39,0
HMG,2023-03-23,8.39,8.39,8.39,8.39,0
HMG,2023-03-24,8.39,8.39,8.39,8.39,0
HMG,2023-03-27,8.39,8.39,8.39,8.39,0
HMG,2023-03-28,8.39,8.39,8.39,8.39,0
HMG,2023-03-29,8.39,8.39,8.39,8.39,0
HMG,2023-03-30,8.39,8.39,8.39,8.39,0
HMG,2023-03-31,8.39,8.39,8.39,8.39,0
HMG,2023-04-03,8.39,8.39,8.39,8.39,0
HMG,2023-04-04,8.39,8.39,8.39,8.39,0
HMG,2023-04-05,8.39,8.39,8.39,8.39,0
HMG,2023-04-06,8.39,8.39,8.39,8.39,0
HMG,2023-04-07,8.39,8.39,8.39,8.39,0
HMG,2023-04-10,8.39,8.39,8.39,8.39,0
HMG,2023-04-11,8.39,8.39,8.39,8.39,0
HMG,2023-04-12,8.39,8.39,8.39,8.39,0
HMG,2023-04-13,8.39,8.39,8.39,8.39,0
HMG,2023-04-14,8.39,8.39,8.39,8.39,0
HMG,2023-04-17,8.39,8.39,8.39,8.39,0
HMG,2023-04-18,8.39,8.39,8.39,8.39,0
HMG,2023-04-19,8.39,8.39,8.39,8.39,0
HMG,2023-04-20,8.39,8.39,8.39,8.39,0
HMG,2023-04-21,8.39,8.39,8.39,8.39,0
HMG,2023-04-24,8.39,8.39,8.39,8.39,0
HMG,2023-04-25,8.39,8.39,8.39,8.39,0
HMG,2023-04-26,8.39,8.39,8.39,8.39,0
HMG,2023-04-27,8.39,8.39,8.39,8.39,0
HMG,2023-04-28,8.39,8.39,8.39,8.39,0
HMG,2023-05-04,8.39,8.39,8.39,8.39,0
HMG,2023-05-05,8.39,8.39,8.39,8.39,0
HMG,2023-05-08,8.39,8.39,8.39,8.39,0
HMG,2023-05-09,8.39,8.39,8.39,8.39,0
HMG,2023-05-10,8.39,8.39,8.39,8.39,0
HMG,2023-05-11,8.39,8.39,8.39,8.39,0
HMG,2023-05-12,8.39,8.39,8.39,8.39,0
HMG,2023-05-15,8.39,8.39,8.39,8.39,0
HMG,2023-05-16,8.39,8.39,8.39,8.39,0
HMG,2023-05-17,8.39,8.39,8.39,8.39,0
HMG,2023-05-18,8.39,8.39,8.39,8.39,0
HMG,2023-05-19,8.39,8.39,8.39,8.39,0
HMG,2023-05-22,8.39,8.39,8.39,8.39,0
HMG,2023-05-23,8.39,8.39,8.39,8.39,0
HMG,2023-05-24,8.39,8.39,8.39,8.39,0
HMG,2023-05-25,8.39,8.39,8.39,8.39,0
HMG,2023-05-26,8.39,8.39,8.39,8.39,0
HMG,2023-05-29,8.39,8.39,8.39,8.39,0
HMG,2023-05-30,8.39,8.39,8.39,8.39,100
HMG,2023-05-31,8.39,8.39,8.39,8.39,0
HMG,2023-06-01,8.39,8.39,8.39,8.39,0
HMG,2023-06-02,8.39,8.39,8.39,8.39,0
HMG,2023-06-05,8.39,8.39,8.39,8.39,0
HMG,2023-06-06,8.39,8.39,8.39,8.39,0
HMG,2023-06-07,8.39,8.39,8.39,8.39,0
HMG,2023-06-08,8.39,8.39,8.39,8.39,200
HMG,2023-06-09,8.39,8.39,8.39,8.39,0
HMG,2023-06-12,8.39,8.39,8.39,8.39,0
HMG,2023-06-13,8.39,8.39,8.39,8.39,0
HMG,2023-06-14,8.39,8.39,8.39,8.39,300
HMG,2023-06-15,8.39,8.39,8.39,8.39,0
HMG,2023-06-16,8.39,8.39,8.39,8.39,0
HMG,2023-06-19,8.39,8.39,8.39,8.39,0
HMG,2023-06-20,8.39,8.39,8.39,8.39,0
HMG,2023-06-21,8.39,8.39,8.39,8.39,0
HMG,2023-06-22,8.39,8.39,8.39,8.39,0
HMG,2023-06-23,8.39,8.39,8.39,8.39,100
HMG,2023-06-26,8.39,8.39,8.39,8.39,200
HMG,2023-06-27,8.39,8.39,8.39,8.39,0
HMG,2023-06-28,8.39,8.39,8.39,8.39,0
HMG,2023-06-29,8.39,8.39,8.39,8.39,0
HMG,2023-06-30,8.39,8.39,8.39,8.39,0
HMG,2023-07-03,8.39,8.39,8.39,8.39,0
HMG,2023-07-04,8.39,8.39,8.39,8.39,0
HMG,2023-07-05,8.39,8.39,8.39,8.39,0
HMG,2023-07-06,8.39,8.39,8.39,8.39,0
HMG,2023-07-07,8.39,8.39,8.39,8.39,0
HMG,2023-07-10,8.39,8.39,8.39,8.39,0
HMG,2023-07-11,8.39,8.39,8.39,8.39,0
HMG,2023-07-12,8.39,8.39,8.39,8.39,0
HMG,2023-07-13,8.39,8.39,8.39,8.39,0
HMG,2023-07-14,8.39,8.39,8.39,8.39,0
HMG,2023-07-17,8.39,8.39,8.39,8.39,0
HMG,2023-07-18,8.39,8.39,8.39,8.39,0
HMG,2023-07-19,8.39,8.39,8.39,8.39,0
HMG,2023-07-20,8.39,8.39,8.39,8.39,0
HMG,2023-07-21,8.39,8.39,8.39,8.39,0
HMG,2023-07-24,8.39,8.39,8.39,8.39,0
HMG,2023-07-25,8.39,8.39,8.39,8.39,0
HMG,2023-07-26,8.39,8.39,8.39,8.39,0
HMG,2023-07-27,8.39,8.39,8.39,8.39,0
HMG,2023-07-28,8.39,8.39,8.39,8.39,0
HMG,2023-07-31,8.39,8.39,8.39,8.39,0
HMG,2023-08-01,8.39,8.39,8.39,8.39,0
HMG,2023-08-02,8.39,8.39,8.39,8.39,0
HMG,2023-08-03,8.39,8.39,8.39,8.39,0
HMG,2023-08-04,8.39,8.39,8.39,8.39,0
HMG,2023-08-07,8.39,8.39,8.39,8.39,0
HMG,2023-08-08,8.39,8.39,8.39,8.39,0
HMG,2023-08-09,8.39,8.39,8.39,8.39,0
HMG,2023-08-10,8.39,8.39,8.39,8.39,0
HMG,2023-08-11,8.39,8.39,8.39,8.39,0
HMG,2023-08-14,8.39,8.39,8.39,8.39,0
HMG,2023-08-15,8.39,8.39,8.39,8.39,0
HMG,2023-08-16,8.39,8.39,8.39,8.39,0
HMG,2023-08-17,8.39,8.39,8.39,8.39,0
HMG,2023-08-18,8.39,8.39,8.39,8.39,0
HMG,2023-08-21,8.39,8.39,8.39,8.39,0
HMG,2023-08-22,8.39,8.39,8.39,8.39,0
HMG,2023-08-23,8.39,8.39,8.39,8.39,0
HMG,2023-08-24,8.39,8.39,8.39,8.39,0
HMG,2023-08-25,8.39,8.39,8.39,8.39,0
HMG,2023-08-28,8.39,8.39,8.39,8.39,0
HMG,2023-08-29,8.39,8.39,8.39,8.39,0
HMG,2023-08-30,8.39,8.39,8.39,8.39,0
HMG,2023-08-31,8.39,8.39,8.39,8.39,0
HMG,2023-09-05,8.39,8.39,8.39,8.39,0
HMG,2023-09-06,8.39,8.39,8.39,8.39,0
HMG,2023-09-07,8.39,8.39,8.39,8.39,0
HMG,2023-09-08,8.39,8.39,8.39,8.39,0
HMG,2023-09-11,8.39,8.39,8.39,8.39,0
HMG,2023-09-12,8.39,8.39,8.39,8.39,0
HMG,2023-09-13,11.75,11.75,11.75,11.75,100
HMG,2023-09-14,11.75,11.75,11.75,11.75,0
HMG,2023-09-15,11.75,11.75,11.75,11.75,0
HMG,2023-09-18,11.75,11.75,11.75,11.75,0
HMG,2023-09-19,11.75,11.75,11.75,11.75,0
HMG,2023-09-20,11.75,11.75,11.75,11.75,0
HMG,2023-09-21,11.75,11.75,11.75,11.75,0
HMG,2023-09-22,11.75,11.75,11.75,11.75,0
HMG,2023-09-25,11.75,11.75,11.75,11.75,0
HMG,2023-09-26,11.75,11.75,11.75,11.75,0
HMG,2023-09-27,11.75,11.75,11.75,11.75,0
HMG,2023-09-28,11.75,11.75,11.75,11.75,0
HMG,2023-09-29,11.75,11.75,11.75,11.75,0
HMG,2023-10-02,11.75,11.75,11.75,11.75,0
HMG,2023-10-03,11.75,11.75,11.75,11.75,0
HMG,2023-10-04,11.75,11.75,11.75,11.75,0
HMG,2023-10-05,11.75,11.75,11.75,11.75,0
HMG,2023-10-06,11.75,11.75,11.75,11.75,0
HMG,2023-10-09,11.75,11.75,11.75,11.75,0
HMG,2023-10-10,11.75,11.75,11.75,11.75,0
HMG,2023-10-11,11.75,11.75,11.75,11.75,0
HMG,2023-10-12,11.75,11.75,11.75,11.75,0
HMG,2023-10-13,11.75,11.75,11.75,11.75,0
HMG,2023-10-16,11.75,11.75,11.75,11.75,0
HMG,2023-10-17,11.75,11.75,11.75,11.75,0
HMG,2023-10-18,11.75,11.75,11.75,11.75,0
HMG,2023-10-19,11.75,11.75,11.75,11.75,0
HMG,2023-10-20,11.75,11.75,11.75,11.75,0
HMG,2023-10-23,11.75,11.75,11.75,11.75,0
HMG,2023-10-24,11.75,11.75,11.75,11.75,0
HMG,2023-10-25,11.75,11.75,11.75,11.75,0
HMG,2023-10-26,11.75,11.75,11.75,11.75,0
HMG,2023-10-27,11.75,11.75,11.75,11.75,0
HMG,2023-10-30,11.75,11.75,11.75,11.75,0
HMG,2023-10-31,11.75,11.75,11.75,11.75,0
HMG,2023-11-01,11.75,11.75,11.75,11.75,0
HMG,2023-11-02,11.75,11.75,11.75,11.75,0
HMG,2023-11-03,11.75,11.75,11.75,11.75,0
HMG,2023-11-06,11.75,11.75,11.75,11.75,0
HMG,2023-11-07,11.75,11.75,11.75,11.75,0
HMG,2023-11-08,11.75,11.75,11.75,11.75,0
HMG,2023-11-09,11.75,11.75,11.75,11.75,0
HMG,2023-11-10,11.75,11.75,11.75,11.75,0
HMG,2023-11-13,11.75,11.75,11.75,11.75,0
HMG,2023-11-14,11.75,11.75,11.75,11.75,0
HMG,2023-11-15,11.75,11.75,11.75,11.75,0
HMG,2023-11-16,11.75,11.75,11.75,11.75,0
HMG,2023-11-17,11.75,11.75,11.75,11.75,0
HMG,2023-11-20,11.75,11.75,11.75,11.75,0
HMG,2023-11-21,11.75,11.75,11.75,11.75,0
HMG,2023-11-22,11.75,11.75,11.75,11.75,0
HMG,2023-11-23,11.75,11.75,11.75,11.75,0
HMG,2023-11-24,11.75,11.75,11.75,11.75,0
HMG,2023-11-27,11.75,11.75,11.75,11.75,0
HMG,2023-11-28,11.75,11.75,11.75,11.75,0
HMG,2023-11-29,11.75,11.75,11.75,11.75,0
HMG,2023-11-30,11.75,11.75,11.75,11.75,0
HMG,2023-12-01,11.75,11.75,11.75,11.75,0
HMG,2023-12-04,11.75,11.75,11.75,11.75,0
HMG,2023-12-05,11.75,11.75,11.75,11.75,0
HMG,2023-12-06,11.75,11.75,11.75,11.75,0
HMG,2023-12-07,11.75,11.75,11.75,11.75,0
HMG,2023-12-08,11.75,11.75,11.75,11.75,0
HMG,2023-12-11,11.75,11.75,11.75,11.75,0
HMG,2023-12-12,11.75,11.75,11.75,11.75,0
HMG,2023-12-13,11.75,11.75,11.75,11.75,0
HMG,2023-12-14,11.75,11.75,11.75,11.75,0
HMG,2023-12-15,11.75,11.75,11.75,11.75,0
HMG,2023-12-18,11.75,11.75,11.75,11.75,0
HMG,2023-12-19,11.75,11.75,11.75,11.75,0
HMG,2023-12-20,11.75,11.75,11.75,11.75,0
HMG,2023-12-21,11.75,11.75,11.75,11.75,0
HMG,2023-12-22,11.75,11.75,11.75,11.75,0
HMG,2023-12-25,11.75,11.75,11.75,11.75,0
HMG,2023-12-26,11.75,11.75,11.75,11.75,0
HMG,2023-12-27,11.75,11.75,11.75,11.75,0
HMG,2023-12-28,11.75,11.75,11.75,11.75,0
HMG,2023-12-29,11.75,11.75,11.75,11.75,0
HMG,2024-01-02,11.75,11.75,11.75,11.75,0
HMG,2024-01-03,11.75,11.75,11.75,11.75,0
HMG,2024-01-04,11.75,11.75,11.75,11.75,0
HMG,2024-01-05,11.75,11.75,11.75,11.75,0
HMG,2024-01-08,11.75,11.75,11.75,11.75,0
HMG,2024-01-09,11.75,11.75,11.75,11.75,0
HMG,2024-01-10,11.75,11.75,11.75,11.75,0
HMG,2024-01-11,11.75,11.75,11.75,11.75,0
HMG,2024-01-12,11.75,11.75,11.75,11.75,0
HMG,2024-01-15,11.75,11.75,11.75,11.75,0
HMG,2024-01-16,11.75,11.75,11.75,11.75,0
HMG,2024-01-17,11.75,11.75,11.75,11.75,0
HMG,2024-01-18,11.75,11.75,11.75,11.75,0
HMG,2024-01-19,11.75,11.75,11.75,11.75,0
HMG,2024-01-22,11.75,11.75,11.75,11.75,0
HMG,2024-01-23,11.75,11.75,11.75,11.75,0
HMG,2024-01-24,11.75,11.75,11.75,11.75,0
HMG,2024-01-25,11.75,11.75,11.75,11.75,0
HMG,2024-01-26,11.75,11.75,11.75,11.75,0
HMG,2024-01-29,11.75,11.75,11.75,11.75,0
HMG,2024-01-30,11.75,11.75,11.75,11.75,0
HMG,2024-01-31,11.75,11.75,11.75,11.75,0
HMG,2024-02-01,11.75,11.75,11.75,11.75,0
HMG,2024-02-02,11.75,11.75,11.75,11.75,0
HMG,2024-02-05,11.75,11.75,11.75,11.75,0
HMG,2024-02-06,8.84,8.84,8.84,8.84,100
HMG,2024-02-07,8.84,8.84,8.84,8.84,0
HMG,2024-02-15,8.84,8.84,8.84,8.84,0
HMG,2024-02-16,8.84,8.84,8.84,8.84,0
HMG,2024-02-19,9.45,9.45,9.45,9.45,100
HMG,2024-02-20,9.45,9.45,9.45,9.45,0
HMG,2024-02-21,9.45,9.45,9.45,9.45,0
HMG,2024-02-22,9.45,9.45,9.45,9.45,0
HMG,2024-02-23,9.45,9.45,9.45,9.45,0
HMG,2024-02-26,9.45,9.45,9.45,9.45,0
HMG,2024-02-27,9.45,9.45,9.45,9.45,0
HMG,2024-02-28,9.45,9.45,9.45,9.45,0
HMG,2024-02-29,9.45,9.45,9.45,9.45,0
HMG,2024-03-01,9.45,9.45,9.45,9.45,0
HMG,2024-03-04,9.45,9.45,9.45,9.45,0
HMG,2024-03-05,10.25,10.25,10.25,10.25,100
HMG,2024-03-06,10.25,10.25,10.25,10.25,0
HMG,2024-03-07,10.25,10.25,10.25,10.25,0
HMG,2024-03-08,10.25,10.25,10.25,10.25,0
HMG,2024-03-11,10.25,10.25,10.25,10.25,0
HMG,2024-03-12,10.25,10.25,10.25,10.25,0
HMG,2024-03-13,10.25,10.25,10.25,10.25,0
HMG,2024-03-14,10.25,10.25,10.25,10.25,0
HMG,2024-03-15,10.25,10.25,10.25,10.25,0
HMG,2024-03-18,10.25,10.25,10.25,10.25,0
HMG,2024-03-19,10.25,10.25,10.25,10.25,0
HMG,2024-03-20,10.25,10.25,10.25,10.25,0
HMG,2024-03-21,10.25,10.25,10.25,10.25,0
HMG,2024-03-22,10.25,10.25,10.25,10.25,0
HMG,2024-03-25,10.25,10.25,10.25,10.25,0
HMG,2024-03-26,10.25,10.25,10.25,10.25,0
HMG,2024-03-27,10.25,10.25,10.25,10.25,0
HMG,2024-03-28,10.25,10.25,10.25,10.25,0
HMG,2024-03-29,10.25,10.25,10.25,10.25,0
HMG,2024-04-01,10.25,10.25,10.25,10.25,100
HMG,2024-04-02,10.25,10.25,10.25,10.25,0
HMG,2024-04-03,10.25,10.25,10.25,10.25,0
HMG,2024-04-04,10.25,10.25,10.25,10.25,0
HMG,2024-04-05,10.25,10.25,10.25,10.25,0
HMG,2024-04-08,11.75,11.75,11.75,11.75,100
HMG,2024-04-09,13.25,13.25,13.25,13.25,100
HMG,2024-04-10,13.25,13.25,13.25,13.25,0
HMG,2024-04-11,13.25,13.25,13.25,13.25,0
HMG,2024-04-12,13.25,13.25,13.25,13.25,0
HMG,2024-04-15,13.25,13.25,13.25,13.25,0
HMG,2024-04-16,13.25,13.25,13.25,13.25,0
HMG,2024-04-17,13.25,13.25,13.25,13.25,0
HMG,2024-04-19,13.25,13.25,13.25,13.25,0
HMG,2024-04-22,13.25,13.25,13.25,13.25,0
HMG,2024-04-23,13.25,13.25,13.25,13.25,0
HMG,2024-04-24,13.25,13.25,13.25,13.25,0
HMG,2024-04-25,13.25,13.25,13.25,13.25,500
HMG,2024-04-26,13.25,13.25,13.25,13.25,0
HMG,2024-05-02,13.25,13.25,13.25,13.25,0
HMG,2024-05-03,13.25,13.25,13.25,13.25,0
HMG,2024-05-06,13.25,13.25,13.25,13.25,0
HMG,2024-05-07,13.25,13.25,13.25,13.25,0
HMG,2024-05-08,13.25,13.25,13.25,13.25,0
HMG,2024-05-09,13.25,13.25,13.25,13.25,0
HMG,2024-05-10,13.25,13.25,13.25,13.25,0
HMG,2024-05-13,13.25,13.25,13.25,13.25,0
HMG,2024-05-14,13.25,13.25,13.25,13.25,0
HMG,2024-05-15,13.25,13.25,13.25,13.25,0
HMG,2024-05-16,13.25,13.25,13.25,13.25,0
HMG,2024-05-17,13.25,13.25,13.25,13.25,0
HMG,2024-05-20,13.25,13.25,13.25,13.25,0
HMG,2024-05-21,13.25,13.25,13.25,13.25,0
HMG,2024-05-22,13.25,13.25,13.25,13.25,0
HMG,2024-05-23,13.25,13.25,13.25,13.25,0
HMG,2024-05-24,13.25,13.25,13.25,13.25,0
HMG,2024-05-27,13.25,13.25,13.25,13.25,0
HMG,2024-05-28,13.25,13.25,13.25,13.25,0
HMG,2024-05-29,12.69,12.69,12.69,12.69,100
HMG,2024-05-30,12.69,12.69,12.69,12.69,0
HMG,2024-05-31,12.69,12.69,12.69,12.69,0
HMG,2024-06-03,12.69,12.69,12.69,12.69,0
HMG,2024-06-04,12.69,12.69,12.69,12.69,0
HMG,2024-06-05,11.2,11.2,11.2,11.2,800
HMG,2024-06-06,11.2,11.2,11.2,11.2,2700
HMG,2024-06-07,11.2,11.2,11.2,11.2,100
HMG,2024-06-10,11.2,11.2,11.2,11.2,300
HMG,2024-06-11,10.83,10.83,10.83,10.83,1300
HMG,2024-06-12,10.83,10.83,10.83,10.83,0
HMG,2024-06-13,10.83,10.83,10.83,10.83,0
HMG,2024-06-14,10.83,10.83,10.83,10.83,0
HMG,2024-06-17,10.83,10.83,10.83,10.83,5000
HMG,2024-06-18,10.83,10.83,10.83,10.83,0
HMG,2024-06-19,10.83,10.83,10.83,10.83,0
HMG,2024-06-20,10.83,10.83,10.83,10.83,0
HMG,2024-06-21,10.83,10.83,10.83,10.83,0
HMG,2024-06-24,10.83,10.83,10.83,10.83,0
HMG,2024-06-25,10.83,10.83,10.83,10.83,0
HMG,2024-06-26,10.83,10.83,10.83,10.83,0
HMG,2024-06-27,10.83,10.83,10.83,10.83,0
HMG,2024-06-28,10.83,10.83,10.83,10.83,0
HMG,2024-07-01,10.83,10.83,10.83,10.83,0
HMG,2024-07-02,10.83,10.83,10.83,10.83,0
HMG,2024-07-03,10.83,10.83,10.83,10.83,0
HMG,2024-07-04,10.83,10.83,10.83,10.83,0
HMG,2024-07-05,10.83,10.83,10.83,10.83,0
HMG,2024-07-08,10.83,10.83,10.83,10.83,0
HMG,2024-07-09,10.83,10.83,10.83,10.83,0
HMG,2024-07-10,10.83,10.83,10.83,10.83,0
HMG,2024-07-11,10.83,10.83,10.83,10.83,0
HMG,2024-07-12,10.83,10.83,10.83,10.83,0
HMG,2024-07-15,10.83,10.83,10.83,10.83,0
HMG,2024-07-16,10.83,10.83,10.83,10.83,0
HMG,2024-07-17,10.83,10.83,10.83,10.83,0
HMG,2024-07-18,10.83,10.83,10.83,10.83,0
HMG,2024-07-19,10.83,10.83,10.83,10.83,0
HMG,2024-07-22,10.83,10.83,10.83,10.83,0
HMG,2024-07-23,10.83,10.83,10.83,10.83,0
HMG,2024-07-24,10.83,10.83,10.83,10.83,0
HMG,2024-07-25,10.83,10.83,10.83,10.83,0
HMG,2024-07-26,10.83,10.83,10.83,10.83,0
HMG,2024-07-29,10.83,10.83,10.83,10.83,0
HMG,2024-07-30,10.83,10.83,10.83,10.83,0
HMG,2024-07-31,10.83,10.83,10.83,10.83,0
HMG,2024-08-01,10.83,10.83,10.83,10.83,0
HMG,2024-08-02,10.83,10.83,10.83,10.83,0
HMG,2024-08-05,10.83,10.83,10.83,10.83,0
HMG,2024-08-06,10.83,10.83,10.83,10.83,0
HMG,2024-08-07,10.83,10.83,10.83,10.83,0
HMG,2024-08-08,10.83,10.83,10.83,10.83,0
HMG,2024-08-09,10.83,10.83,10.83,10.83,0
HMG,2024-08-12,10.83,10.83,10.83,10.83,0
HMG,2024-08-13,10.83,10.83,10.83,10.83,0
HMG,2024-08-14,10.83,10.83,10.83,10.83,0
HMG,2024-08-15,10.83,10.83,10.83,10.83,0
HMG,2024-08-16,10.83,10.83,10.83,10.83,0
HMG,2024-08-19,10.83,10.83,10.83,10.83,0
HMG,2024-08-20,10.83,10.83,10.83,10.83,4700
HMG,2024-08-21,10.83,10.83,10.83,10.83,0
HMG,2024-08-22,10.83,10.83,10.83,10.83,0
HMG,2024-08-23,10.83,10.83,10.83,10.83,0
HMG,2024-08-26,10.83,10.83,10.83,10.83,0
HMG,2024-08-27,10.83,10.83,10.83,10.83,0
HMG,2024-08-28,10.83,10.83,10.83,10.83,0
HMG,2024-08-29,10.83,10.83,10.83,10.83,0
HMG,2024-08-30,10.83,10.83,10.83,10.83,0
HMG,2024-09-04,10.83,10.83,10.83,10.83,0
HMG,2024-09-05,10.83,10.83,10.83,10.83,0
HMG,2024-09-06,10.83,10.83,10.83,10.83,0
HMG,2024-09-09,10.83,10.83,10.83,10.83,0
HMG,2024-09-10,10.83,10.83,10.83,10.83,0
HMG,2024-09-11,10.83,10.83,10.83,10.83,0
HMG,2024-09-12,10.83,10.83,10.83,10.83,0
HMG,2024-09-13,10.83,10.83,10.83,10.83,0
HMG,2024-09-16,10.83,10.83,10.83,10.83,0
HMG,2024-09-17,10.83,10.83,10.83,10.83,0
HMG,2024-09-18,10.83,10.83,10.83,10.83,0
HMG,2024-09-19,10.83,10.83,10.83,10.83,0
HMG,2024-09-20,10.83,10.83,10.83,10.83,0
HMG,2024-09-23,10.83,10.83,10.83,10.83,0
HMG,2024-09-24,10.83,10.83,10.83,10.83,0
HMG,2024-09-25,10.83,10.83,10.83,10.83,0
HMG,2024-09-26,10.83,10.83,10.83,10.83,0
HMG,2024-09-27,10.83,10.83,10.83,10.83,0
HMG,2024-09-30,10.83,10.83,10.83,10.83,0
HMG,2024-10-01,10.83,10.83,10.83,10.83,0
HMG,2024-10-02,10.83,10.83,10.83,10.83,0
HMG,2024-10-03,10.83,10.83,10.83,10.83,0
HMG,2024-10-04,10.83,10.83,10.83,10.83,0
HMG,2024-10-07,10.83,10.83,10.83,10.83,0
HMG,2024-10-08,10.83,10.83,10.83,10.83,0
HMG,2024-10-09,10.83,10.83,10.83,10.83,0
HMG,2024-10-10,10.83,10.83,10.83,10.83,0
HMG,2024-10-11,10.83,10.83,10.83,10.83,0
HMG,2024-10-14,10.83,10.83,10.83,10.83,0
HMG,2024-10-15,10.83,10.83,10.83,10.83,0
HMG,2024-10-16,10.83,10.83,10.83,10.83,0
HMG,2024-10-17,10.83,10.83,10.83,10.83,0
HMG,2024-10-18,10.83,10.83,10.83,10.83,0
HMG,2024-10-21,10.83,10.83,10.83,10.83,0
HMG,2024-10-22,10.83,10.83,10.83,10.83,0
HMG,2024-10-23,10.83,10.83,10.83,10.83,0
HMG,2024-10-24,10.83,10.83,10.83,10.83,0
HMG,2024-10-25,10.83,10.83,10.83,10.83,0
HMG,2024-10-28,10.83,10.83,10.83,10.83,0
HMG,2024-10-29,10.83,10.83,10.83,10.83,0
HMG,2024-10-30,10.83,10.83,10.83,10.83,0
HMG,2024-10-31,10.83,10.83,10.83,10.83,0
HMG,2024-11-01,10.83,10.83,10.83,10.83,0
HMG,2024-11-04,10.83,10.83,10.83,10.83,0
HMG,2024-11-05,10.83,10.83,10.83,10.83,0
HMG,2024-11-06,10.83,10.83,10.83,10.83,0
HMG,2024-11-07,10.83,10.83,10.83,10.83,0
HMG,2024-11-08,10.83,10.83,10.83,10.83,0
HMG,2024-11-11,10.83,10.83,10.83,10.83,0
HMG,2024-11-12,10.83,10.83,10.83,10.83,0
HMG,2024-11-13,10.83,10.83,10.83,10.83,0
HMG,2024-11-14,10.83,10.83,10.83,10.83,0
HMG,2024-11-15,10.83,10.83,10.83,10.83,0
HMG,2024-11-18,10.83,10.83,10.83,10.83,0
HMG,2024-11-19,10.83,10.83,10.83,10.83,0
HMG,2024-11-20,10.83,10.83,10.83,10.83,0
HMG,2024-11-21,10.83,10.83,10.83,10.83,0
HMG,2024-11-22,10.83,10.83,10.83,10.83,0
HMG,2024-11-25,10.83,10.83,10.83,10.83,0
HMG,2024-11-26,10.83,10.83,10.83,10.83,0
HMG,2024-11-27,10.83,10.83,10.83,10.83,0
HMG,2024-11-28,10.83,10.83,10.83,10.83,0
HMG,2024-11-29,10.83,10.83,10.83,10.83,0
HMG,2024-12-02,10.83,10.83,10.83,10.83,0
HMG,2024-12-03,10.83,10.83,10.83,10.83,0
HMG,2024-12-04,10.83,10.83,10.83,10.83,0
HMG,2024-12-05,10.83,10.83,10.83,10.83,0
HMG,2024-12-06,10.83,10.83,10.83,10.83,0
HMG,2024-12-09,10.83,10.83,10.83,10.83,0
HMG,2024-12-10,10.83,10.83,10.83,10.83,0
HMG,2024-12-11,10.83,10.83,10.83,10.83,0
HMG,2024-12-12,10.83,10.83,10.83,10.83,0
HMG,2024-12-13,10.83,10.83,10.83,10.83,0
HMG,2024-12-16,10.83,10.83,10.83,10.83,0
HMG,2024-12-17,10.83,10.83,10.83,10.83,0
HMG,2024-12-18,10.83,10.83,10.83,10.83,0
HMG,2024-12-19,10.83,10.83,10.83,10.83,0
HMG,2024-12-20,10.83,10.83,10.83,10.83,0
HMG,2024-12-23,10.83,10.83,10.83,10.83,0
HMG,2024-12-24,10.83,10.83,10.83,10.83,0
HMG,2024-12-25,10.83,10.83,10.83,10.83,0
HMG,2024-12-26,10.83,10.83,10.83,10.83,0
HMG,2024-12-27,10.83,10.83,10.83,10.83,0
HMG,2024-12-30,10.83,10.83,10.83,10.83,0
HMG,2024-12-31,10.83,10.83,10.83,10.83,0
HMG,2025-01-02,10.83,10.83,10.83,10.83,0
HMG,2025-01-03,10.83,10.83,10.83,10.83,0
HMG,2025-01-06,10.83,10.83,10.83,10.83,0
HMG,2025-01-07,10.83,10.83,10.83,10.83,0
HMG,2025-01-08,10.83,10.83,10.83,10.83,0
HMG,2025-01-09,10.83,10.83,10.83,10.83,0
HMG,2025-01-10,10.83,10.83,10.83,10.83,0
HMG,2025-01-13,10.83,10.83,10.83,10.83,0
HMG,2025-01-14,10.83,10.83,10.83,10.83,0
HMG,2025-01-15,10.83,10.83,10.83,10.83,0
HMG,2025-01-16,10.83,10.83,10.83,10.83,0
HMG,2025-01-17,10.83,10.83,10.83,10.83,0
HMG,2025-01-20,10.83,10.83,10.83,10.83,0
HMG,2025-01-21,10.83,10.83,10.83,10.83,0
HMG,2025-01-22,10.83,10.83,10.83,10.83,0
HMG,2025-01-23,10.83,10.83,10.83,10.83,0
HMG,2025-01-24,10.83,10.83,10.83,10.83,0
HMG,2025-02-03,10.83,10.83,10.83,10.83,0
HMG,2025-02-04,10.83,10.83,10.83,10.83,0
HMG,2025-02-05,10.83,10.83,10.83,10.83,0
HMG,2025-02-06,10.83,10.83,10.83,10.83,0
HMG,2025-02-07,10.83,10.83,10.83,10.83,0
HMG,2025-02-10,10.83,10.83,10.83,10.83,0
HMG,2025-02-11,10.83,10.83,10.83,10.83,0
HMG,2025-02-12,10.83,10.83,10.83,10.83,0
HMG,2025-02-13,15.12,15.12,15.12,15.12,100
HMG,2025-02-14,15.12,15.12,15.12,15.12,200
HMG,2025-02-17,15.12,15.12,15.12,15.12,0
HMG,2025-02-18,15.12,15.12,15.12,15.12,0
HMG,2025-02-19,15.12,15.12,15.12,15.12,0
HMG,2025-02-20,15.12,15.12,15.12,15.12,0
HMG,2025-02-21,15.12,15.12,15.12,15.12,0
HMG,2025-02-24,15.12,15.12,15.12,15.12,0
HMG,2025-02-25,15.12,15.12,15.12,15.12,0
HMG,2025-02-26,15.12,15.12,15.12,15.12,0
HMG,2025-02-27,15.12,15.12,15.12,15.12,0
HMG,2025-02-28,13.35,13.35,12.88,12.88,400
HMG,2025-03-03,12.97,12.97,12.97,12.97,0
HMG,2025-03-04,12.97,12.97,12.97,12.97,0
HMG,2025-03-05,12.97,12.97,12.97,12.97,0
HMG,2025-03-06,12.97,12.97,12.97,12.97,0
HMG,2025-03-07,12.97,12.97,12.97,12.97,0
HMG,2025-03-10,12.97,12.97,12.97,12.97,0
HMG,2025-03-11,12.97,12.97,12.97,12.97,0
HMG,2025-03-12,12.97,12.97,12.97,12.97,0
HMG,2025-03-13,12.97,12.97,12.97,12.97,0
HMG,2025-03-14,12.97,12.97,12.97,12.97,0
HMG,2025-03-17,12.97,12.97,12.97,12.97,0
HMG,2025-03-18,12.97,12.97,12.97,12.97,0
HMG,2025-03-19,12.97,12.97,12.97,12.97,0
HMG,2025-03-20,12.97,12.97,12.97,12.97,0
HMG,2025-03-21,12.97,12.97,12.97,12.97,0
HMG,2025-03-24,12.97,12.97,12.97,12.97,0
HMG,2025-03-25,12.97,12.97,12.97,12.97,0
HMG,2025-03-26,12.97,12.97,12.97,12.97,0
HMG,2025-03-27,12.97,12.97,12.97,12.97,0
HMG,2025-03-28,12.97,12.97,12.97,12.97,0
HMG,2025-03-31,12.97,12.97,12.97,12.97,0
HMG,2025-04-01,12.97,12.97,12.97,12.97,0
HMG,2025-04-02,12.97,12.97,12.97,12.97,0
HMG,2025-04-03,12.97,12.97,12.97,12.97,0
HMG,2025-04-04,12.97,12.97,12.97,12.97,0
HMG,2025-04-08,12.97,12.97,12.97,12.97,0
HMG,2025-04-09,12.97,12.97,12.97,12.97,0
HMG,2025-04-10,12.97,12.97,12.97,12.97,0
HMG,2025-04-11,12.97,12.97,12.97,12.97,0
HMG,2025-04-14,12.97,12.97,12.97,12.97,0
HMG,2025-04-15,12.97,12.97,12.97,12.97,0
HMG,2025-04-16,12.97,12.97,12.97,12.97,0
HMG,2025-04-17,12.97,12.97,12.97,12.97,0
HMG,2025-04-18,12.97,12.97,12.97,12.97,0
HMG,2025-04-21,12.97,12.97,12.97,12.97,0
HMG,2025-04-22,12.97,12.97,12.97,12.97,0
HMG,2025-04-23,12.97,12.97,12.97,12.97,0
HMG,2025-04-24,12.97,12.97,12.97,12.97,0
HMG,2025-04-25,12.97,12.97,12.97,12.97,0
HMG,2025-04-28,12.97,12.97,12.97,12.97,0
HMG,2025-04-29,12.97,12.97,12.97,12.97,0
HMG,2025-05-05,12.97,12.97,12.97,12.97,0
HMG,2025-05-06,12.97,12.97,12.97,12.97,0
HMG,2025-05-07,12.97,12.97,12.97,12.97,0
HMG,2025-05-08,12.97,12.97,12.97,12.97,0
HMG,2025-05-09,12.97,12.97,12.97,12.97,0
HMG,2025-05-12,12.97,12.97,12.97,12.97,0
HMG,2025-05-13,12.97,12.97,12.97,12.97,0
HMG,2025-05-14,11.2,11.2,11.2,11.2,300
HMG,2025-05-15,11.2,11.2,11.2,11.2,0
HMG,2025-05-16,11.2,11.2,11.2,11.2,0
HMG,2025-05-19,11.2,11.2,11.2,11.2,0
HMG,2025-05-20,11.2,11.2,11.2,11.2,0
HMG,2025-05-21,11.2,11.2,11.2,11.2,0
HMG,2025-05-22,11.2,11.2,11.2,11.2,0
HMG,2025-05-23,11.2,11.2,11.2,11.2,0
HMG,2025-05-26,11.2,11.2,11.2,11.2,0
HMG,2025-05-27,11.2,11.2,11.2,11.2,0
HMG,2025-05-28,11.2,11.2,11.2,11.2,200
HMG,2025-05-29,11.2,11.2,11.2,11.2,0
HMG,2025-05-30,11.2,11.2,11.2,11.2,0
HMG,2025-06-02,11.2,11.2,11.2,11.2,0
HMG,2025-06-03,11.2,11.2,11.2,11.2,0
HMG,2025-06-04,11.2,11.2,11.2,11.2,0
HMG,2025-06-05,11.2,11.2,11.2,11.2,0
HMG,2025-06-06,11.2,11.2,11.2,11.2,0
HMG,2025-06-09,11.2,11.2,11.2,11.2,0
HMG,2025-06-10,11.2,11.2,11.2,11.2,0
HMG,2025-06-11,11.2,11.2,11.2,11.2,0
HMG,2025-06-12,11.2,11.2,11.2,11.2,0
HMG,2025-06-13,11.2,11.2,11.2,11.2,0
HMG,2025-06-16,11.2,11.2,11.2,11.2,0
HMG,2025-06-17,11.2,11.2,11.2,11.2,0
HMG,2025-06-18,11.2,11.2,11.2,11.2,0
HMG,2025-06-19,11.2,11.2,11.2,11.2,0
HMG,2025-06-20,11.2,11.2,11.2,11.2,0
HMG,2025-06-23,11.2,11.2,11.2,11.2,0
HMG,2025-06-24,11.2,11.2,11.2,11.2,100
HMG,2025-06-25,11.2,11.2,11.2,11.2,0
HMG,2025-06-26,11.2,11.2,11.2,11.2,0
HMG,2025-06-27,11.2,11.2,11.2,11.2,0
HMG,2025-06-30,11.2,11.2,11.2,11.2,0
HMG,2025-07-01,11.2,11.2,11.2,11.2,100
HMG,2025-07-02,11.2,11.2,11.2,11.2,0
HMG,2025-07-03,11.2,11.2,11.2,11.2,0
HMG,2025-07-04,11.2,11.2,11.2,11.2,0
HMG,2025-07-07,11.2,11.2,11.2,11.2,0
HMG,2025-07-08,11.2,11.2,11.2,11.2,100
HMG,2025-07-09,11.2,11.2,11.2,11.2,0
HMG,2025-07-10,11.2,11.2,11.2,11.2,0
HMG,2025-07-11,9.6,9.6,9.6,9.6,2700
HMG,2025-07-14,9.6,9.6,9.6,9.6,0
HMG,2025-07-15,9.6,9.6,9.6,9.6,3200
HMG,2025-07-16,9.6,9.6,9.6,9.6,0
HMG,2025-08-08,8.2,8.2,8.2,8.2,100
HMG,2025-08-12,9.4,9.4,9.4,9.4,100
HMG,2025-08-13,9.4,9.4,9.4,9.4,200
HMG,2025-08-18,9.4,9.5,9.4,9.5,300
HMG,2025-12-17,8.9,8.9,8.9,8.9,100
HMG,2025-12-19,9.8,9.8,9.8,9.8,100
HMD,2024-12-27,10.36,10.36,10.36,10.36,0
HMD,2024-12-30,10.36,10.36,10.36,10.36,0
HMD,2024-12-31,10.36,10.36,10.36,10.36,0
HMD,2025-01-02,10.36,10.36,10.36,10.36,0
HMD,2025-01-03,10.36,10.36,10.36,10.36,0
HMD,2025-01-06,10.36,10.36,10.36,10.36,0
HMD,2025-01-07,10.36,10.36,10.36,10.36,0
HMD,2025-01-08,10.36,10.36,10.36,10.36,0
HMD,2025-01-09,10.36,10.36,10.36,10.36,0
HMD,2025-01-10,10.36,10.36,10.36,10.36,0
HMD,2025-01-13,10.36,10.36,10.36,10.36,0
HMD,2025-01-14,10.36,10.36,10.36,10.36,0
HMD,2025-01-15,10.36,10.36,10.36,10.36,0
HMD,2025-01-16,10.36,10.36,10.36,10.36,0
HMD,2025-01-17,10.36,10.36,10.36,10.36,0
HMD,2025-01-20,10.36,10.36,10.36,10.36,0
HMD,2025-01-21,10.36,10.36,10.36,10.36,0
HMD,2025-01-22,10.36,10.36,10.36,10.36,0
HMD,2025-01-23,10.36,10.36,10.36,10.36,500
HMD,2025-01-24,10.36,10.36,10.36,10.36,0
HMD,2025-02-03,10.36,10.36,10.36,10.36,0
HMD,2025-02-04,10.36,10.36,10.36,10.36,0
HMD,2025-02-05,10.36,10.36,10.36,10.36,0
HMD,2025-02-06,10.36,10.36,10.36,10.36,0
HMD,2025-02-07,10.36,10.36,10.36,10.36,0
HMD,2025-02-10,10.36,10.36,10.36,10.36,0
HMD,2025-02-11,10.36,10.36,10.36,10.36,0
HMD,2025-02-12,10.36,10.36,10.36,10.36,0
HMD,2025-02-13,10.36,10.36,10.36,10.36,0
HMD,2025-02-14,10.36,10.36,10.36,10.36,0
HMD,2025-02-17,10.36,10.36,10.36,10.36,0
HMD,2025-02-18,10.36,10.36,10.36,10.36,0
HMD,2025-02-19,10.36,10.36,10.36,10.36,0
HMD,2025-02-20,10.36,10.36,10.36,10.36,0
HMD,2025-02-21,10.36,10.36,10.36,10.36,0
HMD,2025-02-24,10.36,10.36,10.36,10.36,0
HMD,2025-02-25,10.36,10.36,10.36,10.36,0
HMD,2025-02-26,10.36,10.36,10.36,10.36,0
HMD,2025-02-27,10.36,10.36,10.36,10.36,0
HMD,2025-02-28,10.36,10.36,10.36,10.36,0
HMD,2025-03-03,10.36,10.36,10.36,10.36,0
HMD,2025-03-04,10.36,10.36,10.36,10.36,0
HMD,2025-03-05,10.36,10.36,10.36,10.36,0
HMD,2025-03-06,10.36,10.36,10.36,10.36,0
HMD,2025-03-07,10.36,10.36,10.36,10.36,0
HMD,2025-03-10,10.36,10.36,10.36,10.36,0
HMD,2025-03-11,10.36,10.36,10.36,10.36,0
HMD,2025-03-12,10.36,10.36,10.36,10.36,0
HMD,2025-03-13,10.36,10.36,10.36,10.36,0
HMD,2025-03-14,10.36,10.36,10.36,10.36,0
HMD,2025-03-17,10.36,10.36,10.36,10.36,0
HMD,2025-03-18,10.36,10.36,10.36,10.36,0
HMD,2025-03-19,10.36,10.36,10.36,10.36,0
HMD,2025-03-20,10.36,10.36,10.36,10.36,0
HMD,2025-03-21,10.36,10.36,10.36,10.36,0
HMD,2025-03-24,10.36,10.36,10.36,10.36,0
HMD,2025-03-25,10.36,10.36,10.36,10.36,0
HMD,2025-03-26,10.36,10.36,10.36,10.36,0
HMD,2025-03-27,10.36,10.36,10.36,10.36,0
HMD,2025-03-28,10.36,10.36,10.36,10.36,0
HMD,2025-03-31,10.36,10.36,10.36,10.36,0
HMD,2025-04-01,10.36,10.36,10.36,10.36,0
HMD,2025-04-02,10.36,10.36,10.36,10.36,0
HMD,2025-04-03,10.36,10.36,10.36,10.36,0
HMD,2025-04-04,10.36,10.36,10.36,10.36,0
HMD,2025-04-08,10.36,10.36,10.36,10.36,0
HMD,2025-04-09,10.36,10.36,10.36,10.36,0
HMD,2025-04-10,10.36,10.36,10.36,10.36,0
HMD,2025-04-11,10.36,10.36,10.36,10.36,0
HMD,2025-04-14,10.36,10.36,10.36,10.36,0
HMD,2025-04-15,10.36,10.36,10.36,10.36,0
HMD,2025-04-16,10.36,10.36,10.36,10.36,0
HMD,2025-04-17,10.36,10.36,10.36,10.36,0
HMD,2025-04-18,10.36,10.36,10.36,10.36,0
HMD,2025-04-21,10.36,10.36,10.36,10.36,0
HMD,2025-04-22,10.36,10.36,10.36,10.36,0
HMD,2025-04-23,10.36,10.36,10.36,10.36,0
HMD,2025-04-24,10.36,10.36,10.36,10.36,0
HMD,2025-04-25,10.36,10.36,10.36,10.36,0
HMD,2025-04-28,10.36,10.36,10.36,10.36,0
HMD,2025-04-29,10.36,10.36,10.36,10.36,0
HMD,2025-05-05,10.36,10.36,10.36,10.36,0
HMD,2025-05-06,10.36,10.36,10.36,10.36,0
HMD,2025-05-07,10.36,10.36,10.36,10.36,0
HMD,2025-05-08,10.36,10.36,10.36,10.36,0
HMD,2025-05-09,10.36,10.36,10.36,10.36,0
HMD,2025-05-12,10.36,10.36,10.36,10.36,0
HMD,2025-05-13,10.36,10.36,10.36,10.36,0
HMD,2025-05-14,10.36,10.36,10.36,10.36,0
HMD,2025-05-15,10.36,10.36,10.36,10.36,0
HMD,2025-05-16,14.49,14.49,14.49,14.49,500
HMD,2025-05-19,16.66,16.66,16.66,16.66,500
HMD,2025-05-20,19.11,19.11,19.11,19.11,500
HMD,2025-05-21,21.91,21.91,21.91,21.91,500
HMD,2025-05-22,21.91,21.91,21.7,21.7,502
HMD,2025-05-23,18.83,18.83,18.83,18.83,1600
HMD,2025-05-26,16.87,16.87,16.8,16.8,400
HMD,2025-05-27,16.8,16.8,16.8,16.8,1000
HMD,2025-05-28,16.8,16.94,16.8,16.94,1000
HMD,2025-05-29,16.87,17.15,16.87,17.15,1000
HMD,2025-05-30,17.08,17.08,17.08,17.08,500
HMD,2025-06-02,17.08,17.08,17.08,17.08,500
HMD,2025-06-03,17.08,17.08,17.08,17.08,0
HMD,2025-06-04,17.08,17.08,17.08,17.08,500
HMD,2025-06-05,17.08,17.08,17.08,17.08,0
HMD,2025-06-06,17.5,17.5,17.5,17.5,1000
HMD,2025-06-09,17.57,17.57,17.57,17.57,1000
HMD,2025-06-10,17.57,17.57,17.57,17.57,0
HMD,2025-06-11,18.21,18.21,18.21,18.21,100
HMD,2025-06-12,18.21,18.57,18.21,18.57,1508
HMD,2025-06-13,18.29,18.29,18.29,18.29,0
HMD,2025-06-16,18.64,18.64,18.64,18.64,1005
HMD,2025-06-17,18.71,18.71,18.71,18.71,1000
HMD,2025-06-18,18.71,18.71,18.71,18.71,0
HMD,2025-06-19,18.71,18.71,18.71,18.71,1500
HMD,2025-06-20,18.71,18.71,18.71,18.71,0
HMD,2025-06-23,18.71,18.71,18.71,18.71,0
HMD,2025-06-24,18.71,18.71,18.71,18.71,0
HMD,2025-06-25,18.71,18.71,18.71,18.71,0
HMD,2025-06-26,18.71,18.71,18.71,18.71,0
HMD,2025-06-27,18.71,18.71,18.71,18.71,0
HMD,2025-06-30,18.79,18.79,18.79,18.79,200
HMD,2025-07-01,18.79,18.79,18.79,18.79,0
HMD,2025-07-02,18.79,18.79,18.79,18.79,0
HMD,2025-07-03,18.79,18.79,18.79,18.79,0
HMD,2025-07-04,18.79,18.79,18.79,18.79,0
HMD,2025-07-07,18.86,18.86,18.86,18.86,1000
HMD,2025-07-08,18.86,18.86,18.86,18.86,0
HMD,2025-07-09,18.86,18.86,18.86,18.86,0
HMD,2025-07-10,18.86,18.86,18.86,18.86,0
HMD,2025-07-11,18.86,18.86,18.86,18.86,0
HMD,2025-07-14,19.29,19.29,19.29,19.29,100
HMD,2025-07-15,19.29,19.29,19.29,19.29,0
HMD,2025-07-16,19.29,19.29,19.29,19.29,0
HMD,2025-07-17,19.29,19.29,19.29,19.29,0
HMD,2025-07-18,19.29,19.29,19.29,19.29,0
HMD,2025-07-21,19.29,19.29,19.29,19.29,0
HMD,2025-07-22,19.29,19.29,19.29,19.29,0
HMD,2025-07-23,19.29,19.29,19.29,19.29,0
HMD,2025-07-24,19.29,19.29,19.29,19.29,0
HMD,2025-07-25,19.29,19.29,19.29,19.29,85
HMD,2025-07-28,19.29,19.29,19.29,19.29,0
HMD,2025-07-29,19.3,19.3,19.3,19.3,0
HMD,2025-07-30,22.1,22.1,22.1,22.1,4400
HMD,2025-07-31,25.4,25.4,25.4,25.4,100
HMD,2025-08-01,29.2,29.2,28.9,28.9,8000
HMD,2025-08-04,24.7,25.0,24.7,25.0,1101
HMD,2025-08-05,25.0,25.0,25.0,25.0,0
HMD,2025-08-06,25.0,25.0,25.0,25.0,1
HMD,2025-08-07,21.4,21.4,21.4,21.4,100
HMD,2025-08-08,24.6,24.6,21.5,21.5,1600
HMD,2025-08-11,21.3,21.3,21.3,21.3,100
HMD,2025-08-12,24.0,24.0,23.9,24.0,300
HMD,2025-08-13,25.0,25.0,25.0,25.0,100
HMD,2025-08-15,25.0,25.0,25.0,25.0,400
HMD,2025-08-19,25.0,25.0,25.0,25.0,100
HMD,2025-08-21,25.0,25.0,25.0,25.0,200
HMD,2025-08-28,22.0,22.0,22.0,22.0,200
HMD,2025-09-03,25.0,25.0,25.0,25.0,100
HMD,2025-09-05,25.0,25.0,25.0,25.0,100
HMD,2025-09-10,25.0,25.0,25.0,25.0,100
HMD,2025-09-12,25.0,25.0,25.0,25.0,100
HMD,2025-10-22,15.0,15.0,15.0,15.0,100
HMD,2025-10-23,17.0,17.0,17.0,17.0,200
HMD,2025-10-30,17.0,17.0,17.0,17.0,100
HMD,2025-10-31,14.5,17.5,14.5,17.5,200
HMD,2025-11-03,17.0,17.5,17.0,17.5,300
HMD,2025-11-04,17.5,19.7,17.5,19.7,1700
HMD,2025-11-06,19.0,19.0,19.0,19.0,500
HMD,2025-11-07,19.5,19.5,19.5,19.5,500
HMD,2025-11-10,19.5,19.5,19.5,19.5,5500
HMD,2025-11-12,19.5,19.5,19.5,19.5,500
HMD,2025-11-14,18.0,18.0,18.0,18.0,200
HMD,2025-11-17,15.5,15.5,15.5,15.5,100
HMD,2025-11-19,17.3,17.3,17.3,17.3,100
HMD,2025-11-25,19.0,19.0,19.0,19.0,1000
HMD,2025-12-09,19.5,19.5,19.5,19.5,3000
HMC,2007-02-28,6.5,6.5,6.5,6.5,26100
HMC,2007-03-01,6.82,6.82,6.82,6.82,38390
HMC,2007-03-02,7.16,7.16,7.16,7.16,32230
HMC,2007-03-05,7.52,7.52,7.52,7.52,13650
HMC,2007-03-06,7.76,7.89,7.76,7.89,63000
HMC,2007-03-07,7.89,8.24,7.89,8.24,5250
HMC,2007-03-08,8.65,8.65,8.65,8.65,47790
HMC,2007-03-09,9.05,9.05,9.05,9.05,33630
HMC,2007-03-12,9.05,9.46,9.05,9.46,8400
HMC,2007-03-13,9.86,9.86,9.46,9.46,54930
HMC,2007-03-14,9.46,9.46,9.05,9.05,42180
HMC,2007-03-15,8.65,8.65,8.65,8.65,9340
HMC,2007-03-16,8.07,8.07,8.07,8.07,50730
HMC,2007-03-19,8.07,8.41,8.07,8.41,16540
HMC,2007-03-20,8.81,8.81,8.81,8.81,60080
HMC,2007-03-21,8.89,9.05,8.89,8.89,59760
HMC,2007-03-22,8.49,8.49,8.49,8.49,29790
HMC,2007-03-23,8.89,8.89,8.49,8.73,26100
HMC,2007-03-26,8.41,8.41,8.32,8.32,14680
HMC,2007-03-27,7.92,7.92,7.92,7.92,14850
HMC,2007-03-28,7.6,7.6,7.53,7.53,19930
HMC,2007-03-29,7.9,7.9,7.9,7.9,10360
HMC,2007-03-30,8.24,8.24,8.24,8.24,20800
HMC,2007-04-02,8.24,8.24,8.24,8.24,4960
HMC,2007-04-03,8.0,8.0,7.84,7.84,5500
HMC,2007-04-04,7.84,8.08,7.84,8.08,2500
HMC,2007-04-05,8.08,8.08,7.84,7.84,6850
HMC,2007-04-06,7.76,7.84,7.76,7.84,4240
HMC,2007-04-09,7.6,7.68,7.6,7.68,7450
HMC,2007-04-10,7.68,7.68,7.31,7.31,4600
HMC,2007-04-11,7.18,7.18,7.03,7.03,5320
HMC,2007-04-12,6.69,6.69,6.69,6.69,11100
HMC,2007-04-13,6.39,6.47,6.39,6.47,8150
HMC,2007-04-16,6.32,6.32,6.22,6.26,11360
HMC,2007-04-17,6.14,6.14,5.96,5.98,10840
HMC,2007-04-18,5.98,6.27,5.98,6.27,3730
HMC,2007-04-19,6.58,6.58,6.55,6.55,17500
HMC,2007-04-20,6.4,6.4,6.39,6.39,14960
HMC,2007-04-23,6.39,6.39,6.09,6.09,1400
HMC,2007-04-24,6.14,6.14,5.9,5.9,4840
HMC,2007-04-25,5.9,6.14,5.9,6.14,3500
HMC,2007-05-02,6.14,6.14,5.98,5.98,400
HMC,2007-05-03,6.27,6.27,6.14,6.14,4950
HMC,2007-05-04,6.14,6.14,6.14,6.14,600
HMC,2007-05-07,6.14,6.45,6.14,6.45,2900
HMC,2007-05-08,6.55,6.55,6.47,6.47,4190
HMC,2007-05-09,6.47,6.47,6.14,6.14,2720
HMC,2007-05-10,5.98,5.98,5.98,5.98,4540
HMC,2007-05-11,5.98,6.22,5.98,6.22,1720
HMC,2007-05-14,6.22,6.45,5.92,6.45,1500
HMC,2007-05-15,6.58,6.58,6.58,6.58,4380
HMC,2007-05-16,6.58,6.58,6.3,6.3,1100
HMC,2007-05-17,6.3,6.3,6.18,6.18,2700
HMC,2007-05-18,6.18,6.3,6.18,6.3,5600
HMC,2007-05-21,6.47,6.55,6.47,6.55,13730
HMC,2007-05-22,6.79,6.79,6.79,6.79,30670
HMC,2007-05-23,7.13,7.13,7.13,7.13,22500
HMC,2007-05-24,7.32,7.32,6.79,6.79,11390
HMC,2007-05-25,6.79,6.79,6.79,6.79,10100
HMC,2007-05-28,6.79,6.95,6.79,6.79,6030
HMC,2007-05-29,6.95,6.95,6.55,6.55,5200
HMC,2007-05-30,6.55,6.55,6.32,6.32,10530
HMC,2007-05-31,6.32,6.63,6.32,6.63,2750
HMC,2007-06-01,6.63,6.63,6.63,6.63,6670
HMC,2007-06-04,6.63,6.63,6.63,6.63,310
HMC,2007-06-05,6.63,6.63,6.34,6.34,4350
HMC,2007-06-06,6.3,6.47,6.3,6.47,7340
HMC,2007-06-07,6.63,6.79,6.63,6.79,25570
HMC,2007-06-08,6.95,6.95,6.79,6.79,28880
HMC,2007-06-11,6.79,6.87,6.79,6.87,26390
HMC,2007-06-12,6.95,7.03,6.95,7.03,48850
HMC,2007-06-13,7.27,7.27,7.27,7.27,42780
HMC,2007-06-14,7.63,7.63,7.63,7.63,28070
HMC,2007-06-15,8.0,8.0,8.0,8.0,17670
HMC,2007-06-18,8.32,8.32,8.32,8.32,56900
HMC,2007-06-19,8.73,8.73,8.16,8.16,197410
HMC,2007-06-20,7.76,8.32,7.76,8.32,88220
HMC,2007-06-21,8.32,8.32,8.08,8.08,25380
HMC,2007-06-22,7.92,8.49,7.92,8.49,73260
HMC,2007-06-25,8.57,8.57,8.49,8.49,131830
HMC,2007-06-26,8.49,8.49,8.32,8.32,21000
HMC,2007-06-27,8.32,8.32,8.08,8.08,61200
HMC,2007-06-28,7.79,7.79,7.76,7.76,25620
HMC,2007-06-29,7.68,7.68,7.6,7.6,49960
HMC,2007-07-02,7.84,7.84,7.44,7.44,25910
HMC,2007-07-03,7.06,7.06,7.06,7.06,16550
HMC,2007-07-04,7.06,7.27,7.06,7.27,32610
HMC,2007-07-05,7.27,7.27,7.11,7.11,10760
HMC,2007-07-06,7.11,7.44,7.11,7.44,32050
HMC,2007-07-09,7.6,7.6,7.55,7.55,14980
HMC,2007-07-10,7.6,7.92,7.6,7.92,61090
HMC,2007-07-11,8.0,8.0,7.92,7.92,42650
HMC,2007-07-12,7.6,7.6,7.53,7.53,7110
HMC,2007-07-13,7.29,7.42,7.29,7.42,13360
HMC,2007-07-16,7.44,7.44,7.39,7.39,17000
HMC,2007-07-17,7.39,7.5,7.39,7.5,8170
HMC,2007-07-18,7.6,7.6,7.44,7.44,14210
HMC,2007-07-19,7.44,7.44,7.44,7.44,15830
HMC,2007-07-20,7.47,7.76,7.47,7.76,23760
HMC,2007-07-23,7.79,7.79,7.48,7.48,14480
HMC,2007-07-24,7.32,7.58,7.32,7.45,9750
HMC,2007-07-25,7.45,7.5,7.45,7.5,10670
HMC,2007-07-26,7.52,7.52,7.36,7.36,17770
HMC,2007-07-27,7.36,7.36,7.27,7.27,13460
HMC,2007-07-30,6.92,7.11,6.92,6.92,19030
HMC,2007-07-31,7.03,6.95,6.87,6.92,6250
HMC,2007-08-01,6.79,7.1,6.79,7.08,4570
HMC,2007-08-02,7.26,7.19,6.95,7.16,4860
HMC,2007-08-03,7.16,6.98,6.98,6.98,4000
HMC,2007-08-06,6.79,6.81,6.79,6.79,7060
HMC,2007-08-07,6.79,6.79,6.77,6.79,6080
HMC,2007-08-08,6.79,6.87,6.82,6.85,2760
HMC,2007-08-09,6.85,6.87,6.63,6.84,6190
HMC,2007-08-10,6.84,6.79,6.71,6.71,2500
HMC,2007-08-13,6.5,6.51,6.5,6.51,9500
HMC,2007-08-14,6.71,6.71,6.55,6.71,7320
HMC,2007-08-15,7.94,8.16,6.95,6.66,7320
HMC,2007-08-16,6.71,6.71,6.64,6.71,8870
HMC,2007-08-17,8.08,8.16,8.0,6.71,8110
HMC,2007-08-20,6.63,6.63,6.47,6.47,13480
HMC,2007-08-21,6.56,6.63,6.47,6.56,6040
HMC,2007-08-22,6.48,6.63,6.48,6.48,3630
HMC,2007-08-23,6.32,6.47,6.3,6.32,10150
HMC,2007-08-24,6.47,6.6,6.39,6.6,20500
HMC,2007-08-27,6.63,6.77,6.47,6.63,33600
HMC,2007-08-28,6.61,6.71,6.55,6.61,32500
HMC,2007-08-29,6.47,6.55,6.47,6.47,14910
HMC,2007-08-30,6.47,6.55,6.47,6.47,6800
HMC,2007-08-31,6.63,6.63,6.47,6.63,37490
HMC,2007-09-04,6.79,6.87,6.79,6.87,30030
HMC,2007-09-05,7.21,7.21,6.95,7.11,61330
HMC,2007-09-06,7.11,7.11,6.95,7.11,21100
HMC,2007-09-07,7.11,7.19,7.11,7.11,30090
HMC,2007-09-10,7.21,7.26,6.82,6.82,29900
HMC,2007-09-11,6.93,7.05,6.93,6.95,18600
HMC,2007-09-12,7.18,7.18,6.95,6.95,24180
HMC,2007-09-13,7.03,7.11,7.03,7.03,5640
HMC,2007-09-14,6.95,7.11,6.95,6.97,6110
HMC,2007-09-17,6.95,7.11,6.9,6.9,6670
HMC,2007-09-18,6.81,6.9,6.81,6.9,11320
HMC,2007-09-19,6.9,6.95,6.87,6.9,16970
HMC,2007-09-20,6.9,6.95,6.9,6.95,16510
HMC,2007-09-21,6.95,7.1,6.95,6.95,10650
HMC,2007-09-24,6.95,7.03,6.95,6.95,16640
HMC,2007-09-25,7.11,7.11,6.95,7.03,43550
HMC,2007-09-26,7.19,7.23,7.03,7.11,26180
HMC,2007-09-27,7.19,7.19,7.11,7.11,42300
HMC,2007-09-28,7.11,7.19,7.11,7.19,21100
HMC,2007-10-01,7.27,7.44,7.27,7.36,25500
HMC,2007-10-02,7.71,7.71,7.52,7.6,44090
HMC,2007-10-03,7.44,7.58,7.44,7.44,30030
HMC,2007-10-04,7.27,7.57,7.27,7.36,55170
HMC,2007-10-05,7.44,7.44,7.27,7.27,53900
HMC,2007-10-08,7.63,7.63,7.6,7.63,72170
HMC,2007-10-09,7.95,7.95,7.68,7.92,75650
HMC,2007-10-10,7.76,7.82,7.53,7.68,45970
HMC,2007-10-11,7.76,7.76,7.68,7.76,37920
HMC,2007-10-12,7.76,7.76,7.68,7.76,56410
HMC,2007-10-15,7.6,7.68,7.47,7.47,55610
HMC,2007-10-16,7.57,7.76,7.57,7.76,58520
HMC,2007-10-17,8.08,8.08,8.08,8.08,67960
HMC,2007-10-18,8.08,8.08,7.68,7.68,91350
HMC,2007-10-19,7.68,7.92,7.44,7.92,34980
HMC,2007-10-22,8.16,8.24,7.92,8.08,65150
HMC,2007-10-23,8.03,8.03,7.92,7.92,20140
HMC,2007-10-24,7.92,8.08,7.84,8.0,30210
HMC,2007-10-25,8.16,8.16,7.92,7.92,82220
HMC,2007-10-26,7.92,8.07,7.92,7.97,26490
HMC,2007-10-29,7.92,7.92,7.76,7.84,19600
HMC,2007-10-30,7.76,7.76,7.76,7.76,32940
HMC,2007-10-31,7.76,7.84,7.76,7.76,14870
HMC,2007-11-01,7.76,8.08,7.76,8.08,57320
HMC,2007-11-02,8.49,8.49,8.49,8.49,58840
HMC,2007-11-05,8.89,8.89,8.49,8.49,192520
HMC,2007-11-06,8.24,8.32,8.08,8.16,35050
HMC,2007-11-07,8.57,8.57,8.32,8.41,93360
HMC,2007-11-08,8.24,8.32,8.16,8.16,30360
HMC,2007-11-09,7.95,8.08,7.76,7.76,46370
HMC,2007-11-12,7.76,7.84,7.76,7.76,16750
HMC,2007-11-13,7.45,7.63,7.37,7.37,20070
HMC,2007-11-14,7.21,7.73,7.21,7.73,13410
HMC,2007-11-15,7.52,7.76,7.4,7.4,21140
HMC,2007-11-16,7.44,7.6,7.44,7.6,11020
HMC,2007-11-19,7.4,7.6,7.4,7.44,6000
HMC,2007-11-20,7.44,7.44,7.27,7.27,12440
HMC,2007-11-21,7.19,7.19,7.03,7.11,17820
HMC,2007-11-22,7.21,7.21,7.18,7.18,7700
HMC,2007-11-23,7.27,7.27,7.19,7.19,12730
HMC,2007-11-26,7.19,7.27,7.19,7.27,7300
HMC,2007-11-27,7.39,7.44,7.36,7.37,13860
HMC,2007-11-28,7.37,7.52,7.37,7.44,9680
HMC,2007-11-29,7.45,7.52,7.44,7.52,5190
HMC,2007-11-30,7.52,7.52,7.44,7.44,3650
HMC,2007-12-03,7.44,7.57,7.44,7.57,6190
HMC,2007-12-04,7.36,7.68,7.36,7.39,10470
HMC,2007-12-05,7.39,7.44,7.32,7.44,8330
HMC,2007-12-06,7.44,7.44,7.44,7.44,1000
HMC,2007-12-07,7.44,7.44,7.27,7.27,6600
HMC,2007-12-10,7.19,7.23,7.19,7.19,8520
HMC,2007-12-11,7.02,7.13,7.02,7.13,8990
HMC,2007-12-12,7.05,7.44,7.05,7.11,1920
HMC,2007-12-13,7.11,7.11,7.08,7.11,5600
HMC,2007-12-14,7.11,7.11,6.87,6.87,10000
HMC,2007-12-17,6.93,6.95,6.55,6.55,10800
HMC,2007-12-18,6.55,6.79,6.48,6.79,21620
HMC,2007-12-19,6.92,7.13,6.92,7.13,12740
HMC,2007-12-20,7.03,7.03,7.03,7.03,9860
HMC,2007-12-21,6.97,6.97,6.95,6.95,5250
HMC,2007-12-24,6.95,6.95,6.79,6.87,1720
HMC,2007-12-25,6.87,6.87,6.79,6.79,570
HMC,2007-12-26,6.79,6.93,6.71,6.93,1320
HMC,2007-12-27,6.95,7.0,6.95,7.0,1230
HMC,2007-12-28,7.0,7.0,6.87,6.95,6770
HMC,2008-01-02,6.95,6.95,6.72,6.72,1960
HMC,2008-01-03,6.79,7.05,6.79,7.05,5300
HMC,2008-01-04,6.89,6.89,6.87,6.87,5600
HMC,2008-01-07,6.79,6.79,6.58,6.58,6850
HMC,2008-01-08,6.55,6.79,6.55,6.79,1120
HMC,2008-01-09,6.82,6.82,6.55,6.55,5530
HMC,2008-01-10,6.55,6.63,6.39,6.47,11420
HMC,2008-01-11,6.42,6.77,6.45,6.77,10280
HMC,2008-01-14,6.47,6.48,6.45,6.45,7820
HMC,2008-01-15,6.45,6.45,6.14,6.14,14520
HMC,2008-01-16,6.45,6.45,6.45,6.45,6150
HMC,2008-01-17,6.63,6.63,6.47,6.5,13180
HMC,2008-01-18,6.5,6.5,6.3,6.47,7030
HMC,2008-01-21,6.47,6.47,6.3,6.3,5170
HMC,2008-01-22,6.22,6.22,6.0,6.0,19610
HMC,2008-01-23,5.4,5.4,4.91,4.91,6150
HMC,2008-01-24,4.72,5.16,4.69,4.69,10900
HMC,2008-01-25,4.69,4.88,4.85,4.88,2110
HMC,2008-01-28,5.01,5.08,5.01,5.08,9360
HMC,2008-01-29,5.08,5.09,5.01,5.09,8790
HMC,2008-01-30,5.17,5.33,5.17,5.33,4250
HMC,2008-01-31,5.48,5.48,5.17,5.25,4320
HMC,2008-02-01,5.25,5.33,5.25,5.33,9010
HMC,2008-02-12,5.33,5.37,5.33,5.33,6150
HMC,2008-02-13,5.48,5.48,5.08,5.08,3380
HMC,2008-02-14,5.25,5.3,5.17,5.17,2340
HMC,2008-02-15,5.25,5.3,5.17,5.17,5630
HMC,2008-02-18,5.01,5.01,4.91,4.91,8810
HMC,2008-02-19,4.78,4.91,4.78,4.9,5540
HMC,2008-02-20,4.9,5.01,4.69,4.69,13650
HMC,2008-02-21,4.46,4.46,4.46,4.46,12170
HMC,2008-02-22,4.27,4.3,4.25,4.25,15120
HMC,2008-02-25,4.46,4.46,4.46,4.46,1340
HMC,2008-02-26,4.67,4.67,4.28,4.4,19020
HMC,2008-02-27,4.36,4.36,4.36,4.36,6290
HMC,2008-02-28,4.36,4.36,4.2,4.2,7200
HMC,2008-02-29,4.22,4.24,4.06,4.06,7660
HMC,2008-03-03,3.96,3.96,3.86,3.86,7940
HMC,2008-03-04,3.69,3.69,3.69,3.69,8850
HMC,2008-03-05,3.51,3.52,3.51,3.51,10310
HMC,2008-03-06,3.67,3.67,3.67,3.67,690
HMC,2008-03-07,3.85,3.85,3.83,3.85,50540
HMC,2008-03-10,4.03,4.03,4.03,4.03,22920
HMC,2008-03-11,3.88,3.88,3.83,3.83,22760
HMC,2008-03-12,3.67,4.01,3.65,4.01,2840
HMC,2008-03-13,3.81,4.01,3.88,3.91,8800
HMC,2008-03-14,3.91,3.91,3.75,3.75,19520
HMC,2008-03-17,3.62,3.72,3.57,3.57,10020
HMC,2008-03-18,3.46,3.46,3.39,3.39,14540
HMC,2008-03-19,3.56,3.56,3.23,3.39,7490
HMC,2008-03-20,3.39,3.48,3.33,3.33,17390
HMC,2008-03-21,3.36,3.46,3.36,3.46,10220
HMC,2008-03-24,3.3,3.33,3.3,3.3,82500
HMC,2008-03-25,3.3,3.31,3.23,3.31,48200
HMC,2008-03-26,3.31,3.46,3.31,3.46,14700
HMC,2008-03-27,3.49,3.49,3.49,3.49,800
HMC,2008-03-28,3.52,3.52,3.52,3.52,21600
HMC,2008-03-31,3.56,3.56,3.56,3.56,7870
HMC,2008-04-01,3.59,3.59,3.59,3.59,2600
HMC,2008-04-02,3.62,3.62,3.62,3.62,20
HMC,2008-04-03,3.65,3.65,3.65,3.65,10
HMC,2008-04-04,3.69,3.69,3.69,3.69,9600
HMC,2008-04-07,3.75,3.75,3.75,3.75,6430
HMC,2008-04-08,3.81,3.81,3.69,3.69,15220
HMC,2008-04-09,3.72,3.72,3.62,3.62,13260
HMC,2008-04-10,3.56,3.62,3.56,3.56,11830
HMC,2008-04-11,3.51,3.62,3.49,3.62,10430
HMC,2008-04-16,3.56,3.62,3.56,3.62,3720
HMC,2008-04-17,3.56,3.69,3.56,3.69,8790
HMC,2008-04-18,3.72,3.72,3.69,3.69,6900
HMC,2008-04-21,3.62,3.67,3.62,3.67,3530
HMC,2008-04-22,3.6,3.6,3.6,3.6,2200
HMC,2008-04-23,3.6,3.6,3.54,3.6,7920
HMC,2008-04-24,3.54,3.6,3.54,3.6,6400
HMC,2008-04-25,3.54,3.56,3.54,3.56,750
HMC,2008-04-28,3.49,3.62,3.49,3.62,2470
HMC,2008-04-29,3.69,3.69,3.67,3.69,17370
HMC,2008-05-05,3.7,3.72,3.7,3.72,1580
HMC,2008-05-06,3.65,3.7,3.65,3.7,3400
HMC,2008-05-07,3.64,3.64,3.64,3.64,110
HMC,2008-05-08,3.57,3.57,3.57,3.57,1000
HMC,2008-05-09,3.51,3.51,3.51,3.51,2180
HMC,2008-05-12,3.44,3.44,3.44,3.44,6730
HMC,2008-05-13,3.39,3.39,3.38,3.38,800
HMC,2008-05-14,3.31,3.31,3.31,3.31,190
HMC,2008-05-15,3.25,3.25,3.25,3.25,8050
HMC,2008-05-16,3.18,3.18,3.18,3.18,4200
HMC,2008-05-19,3.18,3.18,3.14,3.18,3250
HMC,2008-05-20,3.14,3.14,3.14,3.14,1400
HMC,2008-05-21,3.09,3.09,3.09,3.09,500
HMC,2008-05-22,3.04,3.14,3.04,3.14,9500
HMC,2008-05-23,3.09,3.09,3.09,3.09,2890
HMC,2008-05-26,3.04,3.12,3.04,3.12,2170
HMC,2008-05-30,3.07,3.07,3.07,3.07,230
HMC,2008-06-02,3.02,3.02,3.02,3.02,120
HMC,2008-06-03,2.97,2.97,2.97,2.97,1430
HMC,2008-06-04,2.93,2.93,2.93,2.93,20
HMC,2008-06-05,2.93,2.94,2.88,2.88,21730
HMC,2008-06-06,2.83,2.83,2.83,2.83,30
HMC,2008-06-09,2.78,2.78,2.78,2.78,20
HMC,2008-06-10,2.73,2.78,2.73,2.73,4680
HMC,2008-06-11,2.68,2.78,2.68,2.68,14770
HMC,2008-06-12,2.63,2.73,2.63,2.73,11060
HMC,2008-06-13,2.7,2.78,2.7,2.78,9580
HMC,2008-06-16,2.83,2.83,2.8,2.83,10820
HMC,2008-06-17,2.88,2.88,2.88,2.88,15020
HMC,2008-06-18,2.91,2.91,2.83,2.83,2650
HMC,2008-06-19,2.83,2.83,2.75,2.75,730
HMC,2008-06-20,2.75,2.75,2.67,2.67,2100
HMC,2008-06-23,2.6,2.6,2.6,2.6,15780
HMC,2008-06-24,2.67,2.67,2.59,2.65,21170
HMC,2008-06-25,2.65,2.72,2.65,2.72,19030
HMC,2008-06-26,2.8,2.8,2.63,2.78,24150
HMC,2008-06-27,2.73,2.86,2.73,2.86,38610
HMC,2008-06-30,2.94,2.94,2.94,2.94,47110
HMC,2008-07-01,3.02,3.02,2.91,3.02,48920
HMC,2008-07-02,3.1,3.1,3.04,3.1,49760
HMC,2008-07-03,3.18,3.18,3.18,3.18,67420
HMC,2008-07-04,3.27,3.27,3.27,3.27,50080
HMC,2008-07-07,3.15,3.15,2.99,2.99,39870
HMC,2008-07-08,2.91,2.91,2.91,2.91,15610
HMC,2008-07-09,2.88,2.99,2.88,2.99,28490
HMC,2008-07-10,3.06,3.07,3.06,3.07,22020
HMC,2008-07-11,3.15,3.15,3.14,3.15,33720
HMC,2008-07-14,3.22,3.23,3.22,3.23,63300
HMC,2008-07-15,3.33,3.33,3.33,3.33,15790
HMC,2008-07-16,3.33,3.39,3.23,3.33,42530
HMC,2008-07-17,3.33,3.39,3.23,3.23,28920
HMC,2008-07-18,3.14,3.14,3.14,3.14,11040
HMC,2008-07-21,3.14,3.14,3.06,3.06,550
HMC,2008-07-22,2.97,2.97,2.97,2.97,40
HMC,2008-07-23,2.89,2.89,2.89,2.89,100
HMC,2008-07-24,2.81,2.81,2.81,2.81,35090
HMC,2008-07-25,2.73,2.73,2.73,2.73,34990
HMC,2008-07-28,2.81,2.81,2.81,2.81,56740
HMC,2008-07-29,2.89,2.89,2.89,2.89,830
HMC,2008-07-30,2.97,2.97,2.81,2.97,128000
HMC,2008-07-31,3.06,3.06,3.06,3.06,95080
HMC,2008-08-01,3.14,3.14,3.14,3.14,14330
HMC,2008-08-04,3.22,3.22,3.07,3.22,267020
HMC,2008-08-05,3.14,3.14,3.14,3.14,45950
HMC,2008-08-06,3.07,3.22,3.07,3.18,99030
HMC,2008-08-07,3.27,3.27,3.23,3.23,76130
HMC,2008-08-08,3.23,3.23,3.15,3.18,47790
HMC,2008-08-11,3.27,3.27,3.18,3.27,130830
HMC,2008-08-12,3.36,3.36,3.17,3.17,107910
HMC,2008-08-13,3.09,3.17,3.09,3.1,61000
HMC,2008-08-14,3.02,3.18,3.02,3.18,73310
HMC,2008-08-15,3.27,3.27,3.27,3.27,89370
HMC,2008-08-18,3.1,3.38,3.1,3.27,80180
HMC,2008-08-19,3.14,3.25,3.1,3.12,136130
HMC,2008-08-20,3.27,3.27,3.23,3.27,271320
HMC,2008-08-21,3.43,3.43,3.43,3.43,13640
HMC,2008-08-22,3.59,3.59,3.59,3.59,54020
HMC,2008-08-25,3.77,3.77,3.77,3.77,7060
HMC,2008-08-26,3.94,3.94,3.94,3.94,1910
HMC,2008-08-27,4.14,4.14,4.14,4.14,14670
HMC,2008-08-28,4.33,4.33,4.04,4.33,637860
HMC,2008-08-29,4.54,4.54,4.45,4.54,379770
HMC,2008-09-03,4.77,4.77,4.77,4.77,81320
HMC,2008-09-04,5.0,5.0,4.56,5.0,305300
HMC,2008-09-05,4.75,4.77,4.75,4.75,137980
HMC,2008-09-08,4.53,4.53,4.53,4.53,36350
HMC,2008-09-09,4.3,4.67,4.3,4.3,177560
HMC,2008-09-10,4.09,4.09,4.09,4.09,62480
HMC,2008-09-11,3.9,3.9,3.9,3.9,10300
HMC,2008-09-12,3.7,3.7,3.7,3.7,175450
HMC,2008-09-15,3.88,3.88,3.64,3.88,186970
HMC,2008-09-16,3.72,3.88,3.69,3.69,201920
HMC,2008-09-17,3.86,3.86,3.72,3.86,132940
HMC,2008-09-18,3.69,3.69,3.69,3.69,52570
HMC,2008-09-19,3.86,3.86,3.86,3.86,30830
HMC,2008-09-22,4.04,4.04,4.04,4.04,12140
HMC,2008-09-23,3.88,4.17,3.86,4.01,178610
HMC,2008-09-24,3.86,3.98,3.83,3.83,54470
HMC,2008-09-25,3.81,3.94,3.77,3.94,79320
HMC,2008-09-26,4.01,4.01,3.88,3.88,49500
HMC,2008-09-29,3.72,3.8,3.7,3.72,81070
HMC,2008-09-30,3.54,3.54,3.54,3.54,7480
HMC,2008-10-01,3.56,3.64,3.39,3.39,132790
HMC,2008-10-02,3.54,3.54,3.39,3.51,36730
HMC,2008-10-03,3.51,3.67,3.51,3.67,99040
HMC,2008-10-06,3.49,3.56,3.49,3.49,98910
HMC,2008-10-07,3.33,3.33,3.33,3.33,26470
HMC,2008-10-08,3.17,3.33,3.17,3.17,120800
HMC,2008-10-09,3.04,3.3,3.02,3.02,95220
HMC,2008-10-10,2.88,2.89,2.88,2.88,84500
HMC,2008-10-13,2.97,2.97,2.75,2.88,43110
HMC,2008-10-14,3.01,3.01,3.01,3.01,3670
HMC,2008-10-15,3.01,3.14,2.97,3.14,87010
HMC,2008-10-16,2.99,3.15,2.99,3.01,88250
HMC,2008-10-17,3.07,3.09,2.96,3.06,21770
HMC,2008-10-20,3.04,3.04,2.91,2.91,26440
HMC,2008-10-21,2.97,2.97,2.83,2.97,95520
HMC,2008-10-22,2.91,2.91,2.85,2.91,22950
HMC,2008-10-23,2.76,2.76,2.76,2.76,22930
HMC,2008-10-24,2.65,2.68,2.63,2.63,81430
HMC,2008-10-27,2.51,2.51,2.51,2.51,13470
HMC,2008-10-28,2.39,2.39,2.39,2.39,16270
HMC,2008-10-29,2.51,2.51,2.38,2.49,50120
HMC,2008-10-30,2.39,2.6,2.38,2.59,52060
HMC,2008-10-31,2.59,2.59,2.52,2.55,15410
HMC,2008-11-03,2.51,2.54,2.44,2.46,19690
HMC,2008-11-04,2.42,2.57,2.42,2.57,17920
HMC,2008-11-05,2.68,2.68,2.67,2.68,69790
HMC,2008-11-06,2.55,2.67,2.55,2.55,40040
HMC,2008-11-07,2.44,2.47,2.44,2.44,41620
HMC,2008-11-10,2.42,2.44,2.36,2.44,24810
HMC,2008-11-11,2.38,2.38,2.33,2.33,18980
HMC,2008-11-12,2.21,2.23,2.21,2.21,22940
HMC,2008-11-13,2.15,2.26,2.15,2.21,23980
HMC,2008-11-14,2.3,2.3,2.23,2.3,25360
HMC,2008-11-17,2.26,2.34,2.26,2.26,1720
HMC,2008-11-18,2.21,2.26,2.18,2.26,13200
HMC,2008-11-19,2.26,2.26,2.23,2.23,4930
HMC,2008-11-20,2.18,2.2,2.15,2.2,7700
HMC,2008-11-21,2.1,2.12,2.1,2.1,47290
HMC,2008-11-24,2.07,2.09,2.0,2.0,62320
HMC,2008-11-25,2.0,2.09,2.0,2.04,6630
HMC,2008-11-26,2.04,2.04,2.04,2.04,5960
HMC,2008-11-27,1.99,2.0,1.97,2.0,10380
HMC,2008-11-28,2.1,2.1,2.07,2.1,11150
HMC,2008-12-01,2.1,2.1,2.02,2.02,7920
HMC,2008-12-02,2.02,2.02,2.0,2.02,6340
HMC,2008-12-03,2.02,2.04,1.99,2.04,7900
HMC,2008-12-04,2.02,2.04,2.0,2.04,15380
HMC,2008-12-05,2.0,2.0,1.94,1.99,29700
HMC,2008-12-08,1.89,1.99,1.89,1.89,11900
HMC,2008-12-09,1.92,1.97,1.84,1.84,6590
HMC,2008-12-10,1.79,1.83,1.76,1.76,12830
HMC,2008-12-11,1.68,1.84,1.68,1.78,8670
HMC,2008-12-12,1.78,1.86,1.76,1.86,22400
HMC,2008-12-15,1.86,1.89,1.86,1.89,11780
HMC,2008-12-16,1.81,1.89,1.81,1.89,6360
HMC,2008-12-17,1.89,1.89,1.81,1.86,6900
HMC,2008-12-18,1.86,1.86,1.78,1.79,13350
HMC,2008-12-19,1.78,1.88,1.78,1.88,19290
HMC,2008-12-22,1.92,1.96,1.91,1.96,36530
HMC,2008-12-23,1.96,1.96,1.88,1.91,8640
HMC,2008-12-24,1.88,1.94,1.88,1.94,7410
HMC,2008-12-25,1.86,1.99,1.86,1.86,3280
HMC,2008-12-26,1.86,1.94,1.84,1.92,9850
HMC,2008-12-29,1.88,1.96,1.88,1.91,5810
HMC,2008-12-30,1.89,1.97,1.89,1.94,6900
HMC,2008-12-31,1.99,1.99,1.91,1.94,29880
HMC,2009-01-02,1.94,1.94,1.89,1.91,5300
HMC,2009-01-05,1.94,1.94,1.91,1.92,5600
HMC,2009-01-06,1.94,1.94,1.91,1.91,9850
HMC,2009-01-07,1.97,1.97,1.94,1.97,11030
HMC,2009-01-08,1.94,1.94,1.89,1.92,9370
HMC,2009-01-09,1.94,1.94,1.92,1.92,17450
HMC,2009-01-12,1.94,1.94,1.94,1.94,10
HMC,2009-01-13,1.86,1.91,1.86,1.88,7450
HMC,2009-01-14,1.96,1.96,1.84,1.84,7360
HMC,2009-01-15,1.86,1.86,1.83,1.84,9880
HMC,2009-01-16,1.86,1.91,1.84,1.91,6560
HMC,2009-01-19,1.94,1.94,1.91,1.94,2020
HMC,2009-01-20,1.88,1.92,1.86,1.86,4600
HMC,2009-01-21,1.86,1.94,1.84,1.94,3860
HMC,2009-01-22,2.02,2.02,1.99,1.99,250
HMC,2009-01-23,1.96,1.97,1.89,1.96,8750
HMC,2009-02-02,1.86,1.86,1.86,1.86,5940
HMC,2009-02-03,1.78,1.78,1.78,1.78,9110
HMC,2009-02-04,1.73,1.76,1.7,1.7,10460
HMC,2009-02-05,1.66,1.66,1.62,1.62,33400
HMC,2009-02-06,1.7,1.7,1.62,1.68,1730
HMC,2009-02-09,1.62,1.7,1.62,1.66,3620
HMC,2009-02-10,1.65,1.65,1.62,1.62,15560
HMC,2009-02-11,1.55,1.6,1.55,1.55,4260
HMC,2009-02-12,1.6,1.62,1.5,1.55,6480
HMC,2009-02-13,1.57,1.6,1.55,1.57,9570
HMC,2009-02-16,1.57,1.62,1.55,1.62,7830
HMC,2009-02-17,1.55,1.55,1.54,1.54,16900
HMC,2009-02-18,1.58,1.58,1.49,1.54,8080
HMC,2009-02-19,1.58,1.58,1.55,1.55,3600
HMC,2009-02-20,1.55,1.6,1.52,1.55,4490
HMC,2009-02-23,1.42,1.5,1.42,1.44,16840
HMC,2009-02-24,1.41,1.44,1.41,1.41,3630
HMC,2009-02-25,1.47,1.47,1.37,1.41,2060
HMC,2009-02-26,1.44,1.45,1.41,1.45,1800
HMC,2009-02-27,1.45,1.52,1.44,1.52,9300
HMC,2009-03-02,1.47,1.58,1.47,1.58,2230
HMC,2009-03-03,1.52,1.58,1.52,1.58,780
HMC,2009-03-04,1.52,1.58,1.52,1.52,3400
HMC,2009-03-05,1.52,1.52,1.45,1.52,30020
HMC,2009-03-06,1.45,1.58,1.45,1.52,28870
HMC,2009-03-09,1.45,1.58,1.45,1.5,24760
HMC,2009-03-10,1.45,1.52,1.45,1.5,10700
HMC,2009-03-11,1.55,1.55,1.47,1.52,16210
HMC,2009-03-12,1.5,1.5,1.45,1.45,8680
HMC,2009-03-13,1.45,1.47,1.45,1.45,30330
HMC,2009-03-16,1.49,1.49,1.45,1.49,9900
HMC,2009-03-17,1.5,1.52,1.5,1.5,23840
HMC,2009-03-18,1.54,1.54,1.5,1.52,26110
HMC,2009-03-19,1.52,1.52,1.45,1.5,31130
HMC,2009-03-20,1.5,1.5,1.45,1.49,8270
HMC,2009-03-23,1.49,1.52,1.47,1.47,4850
HMC,2009-03-24,1.47,1.52,1.47,1.47,11360
HMC,2009-03-25,1.47,1.49,1.45,1.47,14250
HMC,2009-03-26,1.49,1.49,1.45,1.49,29420
HMC,2009-03-27,1.5,1.5,1.47,1.47,45200
HMC,2009-03-30,1.47,1.54,1.47,1.54,89720
HMC,2009-03-31,1.6,1.6,1.58,1.6,188690
HMC,2009-04-01,1.66,1.66,1.66,1.66,3500
HMC,2009-04-02,1.75,1.75,1.75,1.75,10010
HMC,2009-04-03,1.83,1.83,1.83,1.83,40940
HMC,2009-04-07,1.81,1.91,1.75,1.91,221010
HMC,2009-04-08,1.83,1.94,1.83,1.83,113510
HMC,2009-04-09,1.83,1.84,1.75,1.78,55840
HMC,2009-04-10,1.86,1.86,1.84,1.86,84920
HMC,2009-04-13,1.92,1.94,1.92,1.94,77880
HMC,2009-04-14,1.97,1.97,1.89,1.94,78440
HMC,2009-04-15,1.84,1.92,1.84,1.84,59090
HMC,2009-04-16,1.92,1.92,1.83,1.91,64060
HMC,2009-04-17,1.83,1.89,1.83,1.89,69570
HMC,2009-04-20,1.81,1.89,1.81,1.81,53470
HMC,2009-04-21,1.73,1.81,1.73,1.75,18300
HMC,2009-04-22,1.75,1.83,1.75,1.83,42950
HMC,2009-04-23,1.83,1.84,1.75,1.75,23450
HMC,2009-04-24,1.68,1.73,1.68,1.73,26400
HMC,2009-04-27,1.7,1.76,1.7,1.71,28810
HMC,2009-04-28,1.75,1.76,1.75,1.75,4560
HMC,2009-04-29,1.7,1.75,1.7,1.75,19490
HMC,2009-05-04,1.81,1.83,1.81,1.83,40580
HMC,2009-05-05,1.91,1.91,1.91,1.91,87520
HMC,2009-05-06,1.86,1.91,1.83,1.83,24000
HMC,2009-05-07,1.91,1.91,1.86,1.89,48320
HMC,2009-05-08,1.84,1.86,1.81,1.81,60910
HMC,2009-05-11,1.81,1.84,1.81,1.81,20520
HMC,2009-05-12,1.81,1.89,1.81,1.89,75000
HMC,2009-05-13,1.94,1.97,1.92,1.97,249000
HMC,2009-05-14,2.02,2.02,1.94,1.99,76260
HMC,2009-05-15,2.09,2.09,2.09,2.09,63020
HMC,2009-05-18,2.18,2.18,2.13,2.18,85170
HMC,2009-05-19,2.28,2.28,2.28,2.28,4250
HMC,2009-05-20,2.39,2.39,2.39,2.39,19290
HMC,2009-05-21,2.51,2.51,2.46,2.51,208740
HMC,2009-05-22,2.42,2.51,2.39,2.39,291900
HMC,2009-05-25,2.47,2.51,2.42,2.51,67630
HMC,2009-05-26,2.54,2.54,2.42,2.42,63450
HMC,2009-05-27,2.38,2.38,2.31,2.34,101120
HMC,2009-05-28,2.25,2.33,2.23,2.3,57920
HMC,2009-05-29,2.38,2.38,2.26,2.36,21200
HMC,2009-06-01,2.47,2.47,2.47,2.47,28260
HMC,2009-06-02,2.59,2.59,2.59,2.59,152850
HMC,2009-06-03,2.7,2.72,2.67,2.72,220050
HMC,2009-06-04,2.85,2.85,2.85,2.85,104120
HMC,2009-06-05,2.97,2.97,2.97,2.97,13520
HMC,2009-06-08,3.12,3.12,3.12,3.12,27350
HMC,2009-06-09,3.27,3.27,3.27,3.27,196460
HMC,2009-06-10,3.43,3.43,3.43,3.3,571840
HMC,2009-06-11,3.46,3.46,3.46,3.46,106580
HMC,2009-06-12,3.62,3.62,3.59,3.62,211750
HMC,2009-06-15,3.77,3.8,3.46,3.8,444330
HMC,2009-06-16,3.62,3.72,3.62,3.62,149660
HMC,2009-06-17,3.44,3.6,3.44,3.44,229920
HMC,2009-06-18,3.56,3.56,3.28,3.28,167560
HMC,2009-06-19,3.23,3.25,3.12,3.12,142800
HMC,2009-06-22,2.99,2.99,2.97,2.97,138580
HMC,2009-06-23,2.83,2.83,2.83,2.83,5560
HMC,2009-06-24,2.8,2.96,2.8,2.96,178960
HMC,2009-06-25,3.09,3.09,2.81,2.94,96060
HMC,2009-06-26,2.83,2.86,2.8,2.8,97130
HMC,2009-06-29,2.75,2.83,2.7,2.7,16910
HMC,2009-06-30,2.68,2.75,2.57,2.57,54700
HMC,2009-07-01,2.46,2.47,2.46,2.46,90740
HMC,2009-07-02,2.55,2.55,2.36,2.47,56740
HMC,2009-07-03,2.47,2.59,2.47,2.59,43700
HMC,2009-07-06,2.72,2.72,2.72,2.72,12500
HMC,2009-07-07,2.85,2.85,2.75,2.85,64830
HMC,2009-07-08,2.85,2.97,2.85,2.97,108830
HMC,2009-07-09,2.91,3.04,2.88,3.01,32080
HMC,2009-07-10,2.91,2.91,2.86,2.86,35630
HMC,2009-07-13,2.78,2.78,2.73,2.73,16250
HMC,2009-07-14,2.73,2.73,2.6,2.6,34370
HMC,2009-07-15,2.63,2.73,2.63,2.7,16240
HMC,2009-07-16,2.81,2.81,2.68,2.72,22540
HMC,2009-07-17,2.72,2.72,2.63,2.65,36700
HMC,2009-07-20,2.65,2.65,2.52,2.52,35220
HMC,2009-07-21,2.59,2.62,2.54,2.62,31530
HMC,2009-07-22,2.72,2.72,2.57,2.59,10980
HMC,2009-07-23,2.49,2.7,2.47,2.7,63900
HMC,2009-07-24,2.81,2.83,2.8,2.83,160960
HMC,2009-07-27,2.78,2.85,2.75,2.75,58230
HMC,2009-07-28,2.62,2.67,2.62,2.62,60480
HMC,2009-07-29,2.55,2.59,2.52,2.54,36820
HMC,2009-07-30,2.47,2.57,2.47,2.52,36130
HMC,2009-07-31,2.51,2.59,2.51,2.57,17590
HMC,2009-08-03,2.62,2.62,2.51,2.52,45380
HMC,2009-08-04,2.52,2.54,2.51,2.54,58840
HMC,2009-08-05,2.54,2.57,2.52,2.57,31470
HMC,2009-08-06,2.6,2.68,2.59,2.65,120450
HMC,2009-08-07,2.72,2.78,2.67,2.78,110910
HMC,2009-08-10,2.91,2.91,2.91,2.91,20900
HMC,2009-08-11,3.06,3.06,3.06,3.06,51880
HMC,2009-08-12,3.2,3.2,3.2,3.2,130850
HMC,2009-08-13,3.35,3.35,3.35,3.35,52240
HMC,2009-08-14,3.51,3.51,3.35,3.51,1027640
HMC,2009-08-17,3.51,3.54,3.36,3.36,163830
HMC,2009-08-18,3.31,3.52,3.31,3.52,269090
HMC,2009-08-19,3.69,3.69,3.69,3.69,102130
HMC,2009-08-20,3.86,3.86,3.72,3.86,467160
HMC,2009-08-21,4.04,4.04,3.69,3.69,536700
HMC,2009-08-24,3.57,3.69,3.51,3.51,315400
HMC,2009-08-25,3.43,3.67,3.43,3.62,238830
HMC,2009-08-26,3.62,3.67,3.56,3.56,185710
HMC,2009-08-27,3.56,3.73,3.56,3.73,223910
HMC,2009-08-28,3.91,3.91,3.88,3.91,448170
HMC,2009-08-31,4.11,4.11,4.11,4.11,204180
HMC,2009-09-01,4.11,4.25,3.94,4.11,399880
HMC,2009-09-03,3.91,4.07,3.91,3.91,357150
HMC,2009-09-04,3.72,4.01,3.72,3.72,251910
HMC,2009-09-07,3.9,3.9,3.81,3.9,304090
HMC,2009-09-08,3.93,4.07,3.93,3.93,226910
HMC,2009-09-09,3.88,3.94,3.8,3.88,78470
HMC,2009-09-10,3.83,3.91,3.8,3.83,129160
HMC,2009-09-11,4.01,4.01,3.96,4.01,403360
HMC,2009-09-14,4.11,4.12,3.91,4.04,149110
HMC,2009-09-15,3.88,4.01,3.88,3.93,176620
HMC,2009-09-16,3.93,3.93,3.8,3.8,200800
HMC,2009-09-17,3.88,3.88,3.73,3.85,165700
HMC,2009-09-18,3.78,3.81,3.75,3.77,147520
HMC,2009-09-21,3.77,3.78,3.67,3.7,178810
HMC,2009-09-22,3.6,3.88,3.6,3.88,260430
HMC,2009-09-23,3.88,3.96,3.77,3.77,154220
HMC,2009-09-24,3.88,3.88,3.72,3.72,91780
HMC,2009-09-25,3.72,3.72,3.69,3.7,140400
HMC,2009-09-28,3.72,3.88,3.72,3.75,181160
HMC,2009-09-29,3.75,3.93,3.69,3.91,453160
HMC,2009-09-30,3.96,3.96,3.8,3.8,119500
HMC,2009-10-01,3.72,3.91,3.72,3.88,233390
HMC,2009-10-02,3.85,3.88,3.69,3.73,227430
HMC,2009-10-05,3.73,3.75,3.64,3.67,72510
HMC,2009-10-06,3.67,3.7,3.65,3.65,56160
HMC,2009-10-07,3.69,3.73,3.67,3.69,230600
HMC,2009-10-08,3.8,3.81,3.7,3.72,93020
HMC,2009-10-09,3.72,3.8,3.72,3.8,111470
HMC,2009-10-12,3.88,3.98,3.83,3.98,561070
HMC,2009-10-13,3.8,4.17,3.8,4.12,331010
HMC,2009-10-14,4.04,4.2,4.01,4.12,248850
HMC,2009-10-15,4.17,4.17,3.96,4.12,345120
HMC,2009-10-16,4.12,4.12,3.94,3.94,434250
HMC,2009-10-19,4.04,4.14,4.03,4.14,225060
HMC,2009-10-20,4.33,4.33,4.33,4.33,102420
HMC,2009-10-21,4.54,4.54,4.4,4.54,1120720
HMC,2009-10-22,4.51,4.51,4.35,4.46,422540
HMC,2009-10-23,4.33,4.43,4.25,4.25,301200
HMC,2009-10-26,4.04,4.46,4.04,4.04,738470
HMC,2009-10-27,3.88,3.94,3.85,3.85,163360
HMC,2009-10-28,3.85,3.88,3.67,3.69,301750
HMC,2009-10-29,3.56,3.69,3.51,3.51,193300
HMC,2009-10-30,3.54,3.54,3.35,3.39,378960
HMC,2009-11-02,3.23,3.23,3.23,3.23,80860
HMC,2009-11-03,3.09,3.09,3.07,3.07,123360
HMC,2009-11-04,2.94,3.18,2.93,2.93,141630
HMC,2009-11-05,2.96,3.04,2.81,3.04,238640
HMC,2009-11-06,3.17,3.17,3.04,3.04,139930
HMC,2009-11-09,2.91,2.97,2.89,2.89,65790
HMC,2009-11-10,2.91,2.91,2.76,2.76,159870
HMC,2009-11-11,2.72,2.81,2.63,2.72,155350
HMC,2009-11-12,2.75,2.85,2.73,2.85,200250
HMC,2009-11-13,2.75,2.97,2.75,2.97,131510
HMC,2009-11-16,3.12,3.12,3.12,3.12,6020
HMC,2009-11-17,3.27,3.27,3.14,3.27,322140
HMC,2009-11-18,3.17,3.27,3.1,3.23,254510
HMC,2009-11-19,3.3,3.3,3.22,3.22,111530
HMC,2009-11-20,3.22,3.23,3.15,3.17,93520
HMC,2009-11-23,3.06,3.15,3.02,3.02,91540
HMC,2009-11-24,3.02,3.1,2.91,2.91,69580
HMC,2009-11-25,2.8,2.99,2.76,2.76,228340
HMC,2009-11-26,2.63,2.63,2.63,2.63,117220
HMC,2009-11-27,2.51,2.76,2.51,2.76,224450
HMC,2009-11-30,2.81,2.81,2.73,2.75,61080
HMC,2009-12-01,2.83,2.88,2.83,2.85,138910
HMC,2009-12-02,2.85,2.85,2.75,2.75,80660
HMC,2009-12-03,2.68,2.81,2.63,2.7,62970
HMC,2009-12-04,2.73,2.75,2.63,2.63,64140
HMC,2009-12-07,2.63,2.75,2.63,2.72,62600
HMC,2009-12-08,2.72,2.72,2.65,2.65,48300
HMC,2009-12-09,2.59,2.59,2.52,2.52,105190
HMC,2009-12-10,2.52,2.57,2.42,2.42,41460
HMC,2009-12-11,2.49,2.49,2.31,2.33,36880
HMC,2009-12-14,2.44,2.44,2.42,2.44,41400
HMC,2009-12-15,2.54,2.54,2.42,2.49,17820
HMC,2009-12-16,2.49,2.49,2.38,2.38,35290
HMC,2009-12-17,2.33,2.42,2.33,2.42,39140
HMC,2009-12-18,2.42,2.54,2.42,2.54,50570
HMC,2009-12-21,2.57,2.65,2.57,2.65,60020
HMC,2009-12-22,2.59,2.67,2.55,2.59,34400
HMC,2009-12-23,2.59,2.59,2.52,2.59,33310
HMC,2009-12-24,2.67,2.67,2.59,2.67,47820
HMC,2009-12-25,2.7,2.8,2.7,2.8,91120
HMC,2009-12-28,2.78,2.83,2.68,2.76,49400
HMC,2009-12-29,2.8,2.89,2.78,2.89,170180
HMC,2009-12-30,3.02,3.02,3.02,3.02,12640
HMC,2009-12-31,3.17,3.17,3.17,3.17,38820
HMC,2010-01-04,3.31,3.31,3.31,3.31,37180
HMC,2010-01-05,3.48,3.48,3.48,3.48,22860
HMC,2010-01-06,3.64,3.64,3.56,3.64,416240
HMC,2010-01-07,3.75,3.77,3.56,3.65,323660
HMC,2010-01-08,3.65,3.72,3.48,3.48,134030
HMC,2010-01-11,3.38,3.48,3.33,3.33,145480
HMC,2010-01-12,3.49,3.49,3.39,3.46,330890
HMC,2010-01-13,3.39,3.48,3.3,3.39,136590
HMC,2010-01-14,3.46,3.46,3.31,3.35,47770
HMC,2010-01-15,3.35,3.39,3.2,3.23,39600
HMC,2010-01-18,3.31,3.31,3.07,3.07,60180
HMC,2010-01-19,3.02,3.15,2.99,3.06,69960
HMC,2010-01-20,3.07,3.07,2.91,2.91,40750
HMC,2010-01-21,2.78,2.91,2.76,2.8,86610
HMC,2010-01-22,2.75,2.91,2.75,2.81,28130
HMC,2010-01-25,2.89,2.94,2.83,2.94,28970
HMC,2010-01-26,3.07,3.09,2.94,3.09,85750
HMC,2010-01-27,3.09,3.09,2.94,2.94,83310
HMC,2010-01-28,2.94,2.97,2.8,2.83,39180
HMC,2010-01-29,2.91,2.91,2.81,2.91,41890
HMC,2010-02-01,2.91,2.96,2.88,2.91,20300
HMC,2010-02-02,2.91,2.97,2.91,2.93,9510
HMC,2010-02-03,2.91,2.94,2.91,2.94,32200
HMC,2010-02-04,2.93,2.99,2.93,2.96,45360
HMC,2010-02-05,2.96,2.99,2.93,2.97,45700
HMC,2010-02-08,2.93,2.99,2.91,2.94,29190
HMC,2010-02-09,2.91,2.91,2.83,2.91,21840
HMC,2010-02-10,2.83,2.94,2.83,2.93,5530
HMC,2010-02-11,2.93,2.99,2.91,2.93,7820
HMC,2010-02-12,2.99,2.99,2.94,2.96,15820
HMC,2010-02-22,3.02,3.02,2.97,3.01,23450
HMC,2010-02-23,2.99,2.99,2.89,2.89,10260
HMC,2010-02-24,2.86,2.93,2.86,2.91,12470
HMC,2010-02-25,2.91,3.04,2.88,2.88,22710
HMC,2010-02-26,2.86,2.89,2.85,2.89,29700
HMC,2010-03-01,2.91,3.02,2.91,3.02,56780
HMC,2010-03-02,3.06,3.17,3.04,3.17,149910
HMC,2010-03-03,3.2,3.2,3.1,3.15,59850
HMC,2010-03-04,3.2,3.23,3.15,3.17,47470
HMC,2010-03-05,3.17,3.17,3.04,3.12,33440
HMC,2010-03-08,3.14,3.22,3.14,3.15,52260
HMC,2010-03-09,3.1,3.2,3.1,3.2,80720
HMC,2010-03-10,3.2,3.23,3.1,3.23,127710
HMC,2010-03-11,3.3,3.39,3.28,3.39,581310
HMC,2010-03-12,3.51,3.51,3.39,3.44,167730
HMC,2010-03-15,3.49,3.49,3.39,3.46,107440
HMC,2010-03-16,3.35,3.43,3.3,3.3,115150
HMC,2010-03-17,3.31,3.31,3.14,3.14,178040
HMC,2010-03-18,3.14,3.23,3.09,3.23,110060
HMC,2010-03-19,3.23,3.28,3.17,3.17,45920
HMC,2010-03-22,3.22,3.22,3.14,3.17,27200
HMC,2010-03-23,3.14,3.17,3.12,3.14,41330
HMC,2010-03-24,3.15,3.28,3.15,3.28,123290
HMC,2010-03-25,3.27,3.31,3.2,3.23,83520
HMC,2010-03-26,3.28,3.28,3.2,3.22,29950
HMC,2010-03-29,3.23,3.27,3.15,3.22,64130
HMC,2010-03-30,3.17,3.23,3.15,3.15,57070
HMC,2010-03-31,3.15,3.17,3.09,3.09,41610
HMC,2010-04-01,3.14,3.23,3.1,3.23,169850
HMC,2010-04-02,3.3,3.35,3.23,3.31,143970
HMC,2010-04-05,3.48,3.48,3.48,3.48,196720
HMC,2010-04-06,3.64,3.64,3.56,3.6,481460
HMC,2010-04-07,3.54,3.59,3.48,3.52,235710
HMC,2010-04-08,3.69,3.69,3.52,3.63,108870
HMC,2010-04-09,3.63,3.66,3.58,3.58,130020
HMC,2010-04-12,3.52,3.59,3.49,3.51,74040
HMC,2010-04-13,3.46,3.54,3.46,3.46,85410
HMC,2010-04-14,3.47,3.47,3.39,3.46,77990
HMC,2010-04-15,3.52,3.56,3.47,3.49,94120
HMC,2010-04-16,3.51,3.54,3.46,3.46,48280
HMC,2010-04-19,3.44,3.52,3.39,3.4,75090
HMC,2010-04-20,3.49,3.58,3.42,3.58,217240
HMC,2010-04-21,3.69,3.75,3.63,3.75,576150
HMC,2010-04-22,3.83,3.9,3.69,3.69,210870
HMC,2010-04-26,3.78,3.86,3.76,3.86,578420
HMC,2010-04-27,4.05,4.05,4.05,4.05,635100
HMC,2010-04-28,4.24,4.24,4.09,4.24,717770
HMC,2010-04-29,4.44,4.44,4.34,4.44,817750
HMC,2010-05-04,4.66,4.66,4.53,4.53,618200
HMC,2010-05-05,4.34,4.72,4.34,4.65,629320
HMC,2010-05-06,4.68,4.77,4.55,4.58,562080
HMC,2010-05-07,4.36,4.41,4.36,4.36,525630
HMC,2010-05-10,4.26,4.29,4.15,4.15,329670
HMC,2010-05-11,4.22,4.22,3.95,3.97,445890
HMC,2010-05-12,3.8,3.92,3.78,3.78,222590
HMC,2010-05-13,3.76,3.88,3.66,3.86,171590
HMC,2010-05-14,3.92,3.92,3.81,3.85,98590
HMC,2010-05-17,3.78,3.78,3.66,3.69,292690
HMC,2010-05-18,3.69,3.76,3.68,3.71,83910
HMC,2010-05-19,3.59,3.61,3.54,3.54,289060
HMC,2010-05-20,3.37,3.71,3.37,3.71,100970
HMC,2010-05-21,3.54,3.58,3.54,3.54,111450
HMC,2010-05-24,3.46,3.56,3.4,3.47,49970
HMC,2010-05-25,3.37,3.52,3.34,3.37,89390
HMC,2010-05-26,3.47,3.52,3.47,3.52,67100
HMC,2010-05-27,3.63,3.66,3.49,3.64,92520
HMC,2010-05-28,3.81,3.81,3.8,3.81,127770
HMC,2010-05-31,3.81,3.88,3.71,3.71,80880
HMC,2010-06-01,3.63,3.71,3.56,3.61,81330
HMC,2010-06-02,3.68,3.71,3.58,3.71,71470
HMC,2010-06-03,3.75,3.75,3.69,3.69,34640
HMC,2010-06-04,3.56,3.64,3.56,3.56,80240
HMC,2010-06-07,3.4,3.47,3.39,3.39,193550
HMC,2010-06-08,3.32,3.4,3.32,3.4,31250
HMC,2010-06-09,3.49,3.49,3.39,3.39,49510
HMC,2010-06-10,3.35,3.4,3.3,3.37,69930
HMC,2010-06-11,3.37,3.47,3.32,3.35,128050
HMC,2010-06-14,3.34,3.51,3.32,3.51,123240
HMC,2010-06-15,3.58,3.58,3.49,3.52,62890
HMC,2010-06-16,3.64,3.69,3.58,3.69,147330
HMC,2010-06-17,3.71,3.71,3.52,3.52,110340
HMC,2010-06-18,3.52,3.58,3.49,3.51,91450
HMC,2010-06-21,3.58,3.59,3.51,3.56,125700
HMC,2010-06-22,3.56,3.73,3.51,3.58,336640
HMC,2010-06-23,3.54,3.63,3.54,3.61,98040
HMC,2010-06-24,3.68,3.68,3.49,3.66,46010
HMC,2010-06-25,3.52,3.63,3.52,3.52,60570
HMC,2010-06-28,3.47,3.56,3.44,3.44,89490
HMC,2010-06-29,3.54,3.54,3.42,3.46,82830
HMC,2010-06-30,3.35,3.39,3.35,3.37,126520
HMC,2010-07-01,3.37,3.44,3.34,3.39,61750
HMC,2010-07-02,3.46,3.52,3.4,3.46,39700
HMC,2010-07-05,3.49,3.54,3.4,3.49,26260
HMC,2010-07-06,3.44,3.44,3.4,3.4,76060
HMC,2010-07-07,3.49,3.58,3.44,3.44,133060
HMC,2010-07-08,3.52,3.52,3.47,3.49,47350
HMC,2010-07-09,3.46,3.54,3.46,3.46,8260
HMC,2010-07-12,3.46,3.47,3.4,3.46,61340
HMC,2010-07-13,3.49,3.56,3.47,3.51,49100
HMC,2010-07-14,3.54,3.68,3.54,3.68,333340
HMC,2010-07-15,3.75,3.85,3.75,3.85,449440
HMC,2010-07-16,3.9,4.0,3.8,3.83,221710
HMC,2010-07-19,3.71,3.83,3.69,3.71,103150
HMC,2010-07-20,3.76,3.76,3.61,3.61,172940
HMC,2010-07-21,3.61,3.78,3.61,3.78,321660
HMC,2010-07-22,3.97,3.97,3.92,3.97,713190
HMC,2010-07-23,4.05,4.05,3.93,4.05,319410
HMC,2010-07-26,3.98,4.02,3.86,3.86,133320
HMC,2010-07-27,3.78,3.86,3.68,3.68,232560
HMC,2010-07-28,3.64,3.66,3.51,3.51,413390
HMC,2010-07-29,3.61,3.66,3.51,3.61,69010
HMC,2010-07-30,3.63,3.71,3.59,3.63,72720
HMC,2010-08-02,3.59,3.59,3.54,3.54,66050
HMC,2010-08-03,3.49,3.56,3.49,3.49,129680
HMC,2010-08-04,3.49,3.56,3.46,3.49,116800
HMC,2010-08-05,3.49,3.52,3.46,3.46,68130
HMC,2010-08-06,3.54,3.54,3.47,3.51,30030
HMC,2010-08-09,3.4,3.47,3.4,3.4,81840
HMC,2010-08-10,3.39,3.4,3.23,3.32,199840
HMC,2010-08-11,3.32,3.4,3.32,3.39,35220
HMC,2010-08-12,3.32,3.4,3.23,3.23,98040
HMC,2010-08-13,3.15,3.23,3.08,3.23,128790
HMC,2010-08-16,3.29,3.39,3.29,3.39,44160
HMC,2010-08-17,3.39,3.39,3.32,3.39,25020
HMC,2010-08-18,3.23,3.39,3.23,3.23,68060
HMC,2010-08-19,3.1,3.23,3.1,3.1,173840
HMC,2010-08-20,3.1,3.1,3.03,3.1,62460
HMC,2010-08-23,3.1,3.1,3.06,3.1,17710
HMC,2010-08-24,3.01,3.01,2.95,2.95,164040
HMC,2010-08-25,2.81,2.83,2.81,2.81,129510
HMC,2010-08-26,2.81,2.89,2.69,2.69,118680
HMC,2010-08-27,2.67,2.81,2.67,2.74,270020
HMC,2010-08-30,2.88,2.88,2.88,2.88,37900
HMC,2010-08-31,2.93,3.01,2.89,3.01,147050
HMC,2010-09-01,3.08,3.15,2.93,3.12,104430
HMC,2010-09-06,3.23,3.27,3.22,3.27,214090
HMC,2010-09-07,3.27,3.39,3.13,3.18,94020
HMC,2010-09-08,3.08,3.13,3.05,3.06,103570
HMC,2010-09-09,3.12,3.22,3.12,3.22,136490
HMC,2010-09-10,3.2,3.23,3.06,3.06,121420
HMC,2010-09-13,3.13,3.13,2.91,2.91,159800
HMC,2010-09-14,3.05,3.05,2.91,2.96,49730
HMC,2010-09-15,3.03,3.03,2.91,2.93,27850
HMC,2010-09-16,3.0,3.0,2.89,3.0,23430
HMC,2010-09-17,3.1,3.1,3.03,3.1,65620
HMC,2010-09-20,3.22,3.22,3.06,3.12,34650
HMC,2010-09-21,3.0,3.1,3.0,3.06,29790
HMC,2010-09-22,3.18,3.18,3.0,3.01,22590
HMC,2010-09-23,2.96,3.0,2.93,2.96,56400
HMC,2010-09-24,2.96,3.0,2.95,2.96,52100
HMC,2010-09-27,3.0,3.0,2.93,2.95,65280
HMC,2010-09-28,2.98,3.05,2.95,2.98,18330
HMC,2010-09-29,2.96,2.98,2.95,2.96,17300
HMC,2010-09-30,2.93,3.01,2.93,2.95,27310
HMC,2010-10-01,2.93,3.0,2.93,2.93,30000
HMC,2010-10-04,2.83,2.91,2.83,2.83,52090
HMC,2010-10-05,2.84,2.84,2.78,2.84,30490
HMC,2010-10-06,2.91,2.98,2.88,2.91,14720
HMC,2010-10-07,2.88,2.93,2.84,2.88,23030
HMC,2010-10-08,2.88,2.89,2.83,2.88,30200
HMC,2010-10-11,2.83,2.88,2.83,2.83,9900
HMC,2010-10-12,2.88,2.88,2.76,2.88,34260
HMC,2010-10-13,2.83,2.88,2.78,2.83,24280
HMC,2010-10-14,2.89,2.89,2.83,2.84,30160
HMC,2010-10-15,2.84,2.88,2.81,2.84,27890
HMC,2010-10-18,2.84,2.84,2.81,2.84,3960
HMC,2010-10-19,2.79,2.81,2.72,2.79,40200
HMC,2010-10-20,2.71,2.76,2.67,2.71,38240
HMC,2010-10-21,2.71,2.78,2.71,2.71,6310
HMC,2010-10-22,2.67,2.74,2.67,2.67,17580
HMC,2010-10-25,2.72,2.72,2.64,2.72,19730
HMC,2010-10-26,2.84,2.86,2.83,2.84,20960
HMC,2010-10-27,2.84,2.84,2.72,2.81,22200
HMC,2010-10-28,2.81,2.81,2.74,2.81,9960
HMC,2010-10-29,2.83,2.84,2.76,2.83,4940
HMC,2010-11-01,2.78,2.81,2.74,2.78,22800
HMC,2010-11-02,2.79,2.79,2.74,2.79,4560
HMC,2010-11-03,2.67,2.76,2.67,2.67,63380
HMC,2010-11-04,2.69,2.72,2.69,2.69,15770
HMC,2010-11-05,2.76,2.76,2.71,2.76,18080
HMC,2010-11-08,2.72,2.72,2.67,2.69,8150
HMC,2010-11-09,2.57,2.66,2.57,2.57,45000
HMC,2010-11-10,2.66,2.67,2.55,2.66,1530
HMC,2010-11-11,2.64,2.67,2.55,2.64,18140
HMC,2010-11-12,2.52,2.55,2.52,2.52,47990
HMC,2010-11-15,2.54,2.64,2.45,2.54,7630
HMC,2010-11-16,2.6,2.6,2.43,2.45,9000
HMC,2010-11-17,2.38,2.55,2.38,2.38,26840
HMC,2010-11-18,2.5,2.5,2.42,2.5,32070
HMC,2010-11-19,2.47,2.52,2.47,2.47,2740
HMC,2010-11-22,2.49,2.49,2.37,2.38,65440
HMC,2010-11-23,2.42,2.42,2.42,2.42,2670
HMC,2010-11-24,2.47,2.47,2.42,2.47,8540
HMC,2010-11-25,2.52,2.57,2.49,2.52,18920
HMC,2010-11-26,2.5,2.55,2.47,2.5,13930
HMC,2010-11-29,2.49,2.52,2.42,2.49,12190
HMC,2010-11-30,2.6,2.6,2.57,2.6,126230
HMC,2010-12-01,2.6,2.66,2.59,2.59,18810
HMC,2010-12-02,2.69,2.69,2.54,2.69,34840
HMC,2010-12-03,2.79,2.81,2.76,2.81,100600
HMC,2010-12-06,2.81,2.88,2.74,2.79,40600
HMC,2010-12-07,2.69,2.78,2.69,2.69,52000
HMC,2010-12-08,2.57,2.64,2.57,2.57,58190
HMC,2010-12-09,2.49,2.69,2.49,2.55,21690
HMC,2010-12-10,2.67,2.67,2.59,2.67,36170
HMC,2010-12-13,2.79,2.79,2.78,2.79,109280
HMC,2010-12-14,2.84,2.84,2.67,2.69,36720
HMC,2010-12-15,2.69,2.79,2.67,2.72,26720
HMC,2010-12-16,2.76,2.76,2.59,2.6,69300
HMC,2010-12-17,2.72,2.72,2.6,2.72,55600
HMC,2010-12-20,2.72,2.84,2.72,2.76,31930
HMC,2010-12-21,2.78,2.78,2.71,2.78,20400
HMC,2010-12-22,2.76,2.83,2.72,2.76,64840
HMC,2010-12-23,2.74,2.74,2.65,2.74,23600
HMC,2010-12-24,2.72,2.74,2.65,2.72,30050
HMC,2010-12-27,2.72,2.72,2.67,2.67,7090
HMC,2010-12-28,2.67,2.79,2.7,2.7,17150
HMC,2010-12-29,2.7,2.83,2.7,2.72,52380
HMC,2010-12-30,2.72,2.78,2.72,2.76,6680
HMC,2010-12-31,2.76,2.76,2.72,2.76,12420
HMC,2011-01-04,2.76,2.78,2.7,2.78,3510
HMC,2011-01-05,2.78,2.7,2.67,2.67,46070
HMC,2011-01-06,2.67,2.7,2.67,2.7,80
HMC,2011-01-07,2.7,2.7,2.65,2.67,28500
HMC,2011-01-10,2.67,2.67,2.6,2.65,21890
HMC,2011-01-11,2.63,2.63,2.58,2.58,22860
HMC,2011-01-12,2.58,2.6,2.58,2.58,5500
HMC,2011-01-13,2.6,2.63,2.6,2.6,5590
HMC,2011-01-14,2.58,2.63,2.51,2.52,46900
HMC,2011-01-17,2.6,2.63,2.6,2.6,26170
HMC,2011-01-18,2.58,2.58,2.54,2.54,21480
HMC,2011-01-19,2.54,2.56,2.54,2.56,20960
HMC,2011-01-20,2.61,2.69,2.61,2.69,93850
HMC,2011-01-21,2.72,2.72,2.72,2.72,590
HMC,2011-01-24,2.63,2.63,2.63,2.63,10570
HMC,2011-01-25,2.65,2.65,2.6,2.6,4040
HMC,2011-01-26,2.7,2.7,2.56,2.58,23700
HMC,2011-01-27,2.6,2.65,2.6,2.65,1500
HMC,2011-01-28,2.65,2.69,2.6,2.65,11380
HMC,2011-02-08,2.69,2.69,2.69,2.69,510
HMC,2011-02-09,2.63,2.67,2.6,2.6,4990
HMC,2011-02-10,2.65,2.65,2.6,2.65,1900
HMC,2011-02-11,2.65,2.69,2.61,2.67,3790
HMC,2011-02-14,2.69,2.69,2.63,2.67,18550
HMC,2011-02-15,2.61,2.67,2.61,2.61,14330
HMC,2011-02-16,2.6,2.6,2.58,2.58,6750
HMC,2011-02-17,2.56,2.6,2.56,2.6,10410
HMC,2011-02-18,2.6,2.6,2.54,2.54,12150
HMC,2011-02-21,2.51,2.51,2.42,2.42,16870
HMC,2011-02-22,2.36,2.42,2.36,2.38,25770
HMC,2011-02-23,2.43,2.47,2.38,2.42,33440
HMC,2011-02-24,2.42,2.42,2.35,2.36,38700
HMC,2011-02-25,2.36,2.45,2.36,2.42,24050
HMC,2011-02-28,2.51,2.51,2.42,2.43,37320
HMC,2011-03-01,2.43,2.45,2.42,2.45,17540
HMC,2011-03-02,2.36,2.42,2.35,2.36,33790
HMC,2011-03-03,2.33,2.33,2.27,2.29,32870
HMC,2011-03-04,2.33,2.36,2.29,2.29,40610
HMC,2011-03-07,2.4,2.4,2.31,2.4,32270
HMC,2011-03-08,2.42,2.49,2.4,2.4,35970
HMC,2011-03-09,2.38,2.43,2.35,2.43,22910
HMC,2011-03-10,2.51,2.54,2.47,2.54,27410
HMC,2011-03-11,2.54,2.63,2.54,2.54,40070
HMC,2011-03-14,2.49,2.49,2.42,2.42,21460
HMC,2011-03-15,2.42,2.51,2.42,2.42,5210
HMC,2011-03-16,2.43,2.47,2.36,2.47,4650
HMC,2011-03-17,2.47,2.47,2.42,2.47,1050
HMC,2011-03-18,2.42,2.51,2.42,2.51,43470
HMC,2011-03-21,2.49,2.54,2.43,2.51,21230
HMC,2011-03-22,2.43,2.49,2.43,2.49,9010
HMC,2011-03-23,2.47,2.49,2.43,2.49,8200
HMC,2011-03-24,2.51,2.51,2.38,2.47,33950
HMC,2011-03-25,2.43,2.45,2.43,2.45,8050
HMC,2011-03-28,2.51,2.51,2.49,2.49,6650
HMC,2011-03-29,2.43,2.49,2.42,2.49,13230
HMC,2011-03-30,2.45,2.47,2.42,2.45,2100
HMC,2011-03-31,2.42,2.42,2.42,2.42,380
HMC,2011-04-01,2.42,2.43,2.42,2.43,230
HMC,2011-04-04,2.42,2.43,2.42,2.42,4340
HMC,2011-04-05,2.42,2.43,2.42,2.43,1210
HMC,2011-04-06,2.43,2.51,2.42,2.51,7920
HMC,2011-04-07,2.47,2.49,2.42,2.43,5040
HMC,2011-04-08,2.43,2.45,2.4,2.45,2080
HMC,2011-04-13,2.42,2.42,2.4,2.4,2260
HMC,2011-04-14,2.51,2.51,2.4,2.4,2320
HMC,2011-04-15,2.43,2.43,2.4,2.43,6400
HMC,2011-04-18,2.34,2.51,2.34,2.34,15680
HMC,2011-04-19,2.34,2.4,2.32,2.32,7920
HMC,2011-04-20,2.34,2.36,2.25,2.29,5710
HMC,2011-04-21,2.4,2.4,2.23,2.23,19180
HMC,2011-04-22,2.25,2.27,2.16,2.27,38990
HMC,2011-04-25,2.38,2.38,2.38,2.38,38840
HMC,2011-04-26,2.49,2.49,2.42,2.45,51850
HMC,2011-04-27,2.38,2.42,2.38,2.4,12100
HMC,2011-04-28,2.42,2.42,2.32,2.4,2210
HMC,2011-04-29,2.4,2.4,2.34,2.34,5810
HMC,2011-05-04,2.38,2.38,2.34,2.38,12370
HMC,2011-05-05,2.34,2.36,2.32,2.32,10310
HMC,2011-05-06,2.32,2.34,2.32,2.34,4650
HMC,2011-05-09,2.36,2.42,2.36,2.42,16340
HMC,2011-05-10,2.38,2.42,2.36,2.4,3200
HMC,2011-05-11,2.36,2.4,2.34,2.4,4300
HMC,2011-05-12,2.34,2.38,2.32,2.36,9780
HMC,2011-05-13,2.36,2.36,2.34,2.36,4740
HMC,2011-05-16,2.36,2.36,2.32,2.32,2950
HMC,2011-05-17,2.32,2.32,2.29,2.29,12410
HMC,2011-05-18,2.27,2.29,2.23,2.23,16890
HMC,2011-05-19,2.32,2.32,2.21,2.23,2850
HMC,2011-05-20,2.3,2.3,2.23,2.23,340
HMC,2011-05-23,2.12,2.21,2.12,2.12,25390
HMC,2011-05-24,2.06,2.12,2.03,2.03,24730
HMC,2011-05-25,1.93,1.93,1.93,1.93,31680
HMC,2011-05-26,1.86,2.01,1.86,2.01,25910
HMC,2011-05-27,2.04,2.04,2.03,2.03,6710
HMC,2011-05-30,2.04,2.04,1.93,1.93,4040
HMC,2011-05-31,1.99,1.99,1.9,1.9,9030
HMC,2011-06-01,1.93,1.95,1.91,1.95,2430
HMC,2011-06-02,2.03,2.04,2.03,2.04,10420
HMC,2011-06-03,2.04,2.1,1.95,2.04,33120
HMC,2011-06-06,1.99,1.99,1.95,1.95,16040
HMC,2011-06-07,2.04,2.04,2.04,2.04,15330
HMC,2011-06-08,2.14,2.14,2.06,2.1,16070
HMC,2011-06-09,2.1,2.17,2.08,2.17,28800
HMC,2011-06-10,2.25,2.27,2.21,2.23,14250
HMC,2011-06-13,2.27,2.27,2.19,2.19,4320
HMC,2011-06-14,2.21,2.23,2.16,2.16,34240
HMC,2011-06-15,2.16,2.16,2.06,2.06,27730
HMC,2011-06-16,2.04,2.12,2.04,2.12,1830
HMC,2011-06-17,2.08,2.1,2.04,2.06,11750
HMC,2011-06-20,2.04,2.04,1.99,2.01,13340
HMC,2011-06-21,2.03,2.08,2.01,2.08,2020
HMC,2011-06-22,2.12,2.12,2.12,2.12,120
HMC,2011-06-23,2.19,2.19,2.04,2.08,5120
HMC,2011-06-24,2.03,2.08,2.03,2.03,900
HMC,2011-06-27,2.06,2.06,2.04,2.06,26970
HMC,2011-06-28,2.03,2.04,2.03,2.03,8500
HMC,2011-06-29,2.03,2.03,2.03,2.03,10390
HMC,2011-06-30,2.01,2.04,2.01,2.03,32460
HMC,2011-07-01,2.03,2.04,2.01,2.04,25020
HMC,2011-07-04,2.04,2.04,1.97,2.04,1710
HMC,2011-07-05,2.12,2.12,2.01,2.04,24150
HMC,2011-07-06,2.1,2.1,2.03,2.04,1030
HMC,2011-07-07,1.99,2.04,1.99,2.01,18470
HMC,2011-07-08,2.04,2.08,2.03,2.03,16140
HMC,2011-07-11,2.06,2.06,2.01,2.01,13050
HMC,2011-07-12,2.01,2.03,2.01,2.03,16520
HMC,2011-07-13,2.03,2.04,2.01,2.01,5150
HMC,2011-07-14,2.01,2.01,2.01,2.01,10910
HMC,2011-07-15,1.99,2.03,1.99,2.03,4710
HMC,2011-07-18,2.03,2.03,2.03,2.03,5100
HMC,2011-07-19,2.03,2.03,2.01,2.03,10410
HMC,2011-07-20,2.01,2.03,1.99,2.03,2820
HMC,2011-07-21,2.01,2.03,2.01,2.01,2850
HMC,2011-07-22,2.04,2.04,2.01,2.01,180
HMC,2011-07-25,2.04,2.04,1.99,2.03,5430
HMC,2011-07-26,2.03,2.06,2.03,2.06,16830
HMC,2011-07-27,2.04,2.06,2.04,2.06,11120
HMC,2011-07-28,2.08,2.08,2.06,2.06,3120
HMC,2011-07-29,1.99,2.06,1.99,2.06,17700
HMC,2011-08-01,2.04,2.04,2.01,2.01,7110
HMC,2011-08-02,2.04,2.04,2.01,2.01,12500
HMC,2011-08-03,2.03,2.04,1.99,1.99,8250
HMC,2011-08-04,2.01,2.04,2.01,2.04,5200
HMC,2011-08-05,2.03,2.03,2.03,2.03,3990
HMC,2011-08-08,2.03,2.03,2.01,2.03,15000
HMC,2011-08-09,2.01,2.01,1.95,1.95,41920
HMC,2011-08-10,1.99,2.04,1.99,2.04,9560
HMC,2011-08-11,2.04,2.1,2.03,2.1,15330
HMC,2011-08-12,2.14,2.14,2.1,2.1,3510
HMC,2011-08-15,2.14,2.14,2.1,2.1,6520
HMC,2011-08-16,2.1,2.14,2.1,2.14,3280
HMC,2011-08-17,2.14,2.16,2.12,2.16,23220
HMC,2011-08-18,2.17,2.19,2.17,2.19,20230
HMC,2011-08-19,2.29,2.29,2.17,2.17,1100
HMC,2011-08-22,2.17,2.17,2.17,2.17,6020
HMC,2011-08-23,2.19,2.19,2.13,2.17,3500
HMC,2011-08-24,2.17,2.19,2.17,2.19,18640
HMC,2011-08-25,2.15,2.19,2.15,2.19,1010
HMC,2011-08-26,2.21,2.21,2.21,2.21,400
HMC,2011-08-29,2.17,2.21,2.17,2.21,3590
HMC,2011-08-30,2.31,2.31,2.23,2.23,560
HMC,2011-08-31,2.17,2.23,2.17,2.21,960
HMC,2011-09-01,2.21,2.21,2.21,2.21,630
HMC,2011-09-05,2.21,2.21,2.19,2.21,6130
HMC,2011-09-06,2.21,2.23,2.15,2.21,5020
HMC,2011-09-07,2.21,2.23,2.21,2.23,23870
HMC,2011-09-08,2.27,2.33,2.23,2.23,52200
HMC,2011-09-09,2.25,2.27,2.25,2.27,4250
HMC,2011-09-12,2.27,2.31,2.25,2.27,7050
HMC,2011-09-13,2.33,2.33,2.25,2.31,84320
HMC,2011-09-14,2.33,2.33,2.23,2.31,42340
HMC,2011-09-15,2.31,2.31,2.25,2.27,8530
HMC,2011-09-16,2.27,2.27,2.19,2.21,20620
HMC,2011-09-19,2.23,2.23,2.21,2.23,1020
HMC,2011-09-20,2.19,2.21,2.19,2.19,8200
HMC,2011-09-21,2.19,2.19,2.13,2.13,14090
HMC,2011-09-22,2.21,2.21,2.11,2.19,5940
HMC,2011-09-23,2.17,2.17,2.13,2.15,2870
HMC,2011-09-26,2.13,2.15,2.05,2.15,8400
HMC,2011-09-27,2.13,2.15,2.09,2.11,3550
HMC,2011-09-28,2.15,2.15,2.11,2.15,4530
HMC,2011-09-29,2.13,2.13,2.09,2.09,2100
HMC,2011-09-30,2.13,2.13,2.09,2.09,1330
HMC,2011-10-03,2.05,2.11,2.05,2.09,6140
HMC,2011-10-04,2.07,2.07,2.05,2.05,3660
HMC,2011-10-05,2.11,2.11,2.05,2.07,2090
HMC,2011-10-06,2.07,2.11,2.05,2.11,12070
HMC,2011-10-07,2.07,2.11,2.07,2.09,3000
HMC,2011-10-10,2.05,2.09,2.05,2.05,2970
HMC,2011-10-11,2.07,2.09,2.05,2.05,6520
HMC,2011-10-12,2.05,2.05,2.03,2.03,22320
HMC,2011-10-13,2.05,2.05,2.05,2.05,2570
HMC,2011-10-14,2.03,2.07,2.03,2.07,200
HMC,2011-10-17,2.03,2.09,2.03,2.05,470
HMC,2011-10-18,1.99,2.07,1.99,2.03,1410
HMC,2011-10-19,2.03,2.07,2.01,2.07,3560
HMC,2011-10-20,2.03,2.07,2.03,2.05,6180
HMC,2011-10-21,2.05,2.05,2.05,2.05,4500
HMC,2011-10-24,2.07,2.07,2.05,2.05,2300
HMC,2011-10-25,2.15,2.15,2.13,2.15,32550
HMC,2011-10-26,2.25,2.25,2.15,2.19,5910
HMC,2011-10-27,2.19,2.19,2.13,2.13,130
HMC,2011-10-28,2.15,2.21,2.15,2.21,11940
HMC,2011-10-31,2.21,2.21,2.13,2.17,12460
HMC,2011-11-01,2.17,2.17,2.09,2.11,6700
HMC,2011-11-02,2.17,2.17,2.09,2.11,5180
HMC,2011-11-03,2.07,2.11,2.05,2.05,5670
HMC,2011-11-04,2.05,2.11,2.05,2.11,9640
HMC,2011-11-07,2.07,2.07,2.03,2.03,2300
HMC,2011-11-08,2.07,2.07,2.03,2.07,3330
HMC,2011-11-09,2.09,2.09,2.05,2.05,4860
HMC,2011-11-10,2.05,2.05,1.99,1.99,8590
HMC,2011-11-11,2.03,2.03,1.93,1.93,15070
HMC,2011-11-14,1.87,1.95,1.87,1.93,4200
HMC,2011-11-15,1.89,1.97,1.89,1.89,6590
HMC,2011-11-16,1.93,1.97,1.93,1.97,4580
HMC,2011-11-17,1.97,1.97,1.93,1.93,2540
HMC,2011-11-18,1.89,1.93,1.85,1.87,28140
HMC,2011-11-21,1.93,1.93,1.87,1.91,70
HMC,2011-11-22,1.91,1.91,1.87,1.87,2470
HMC,2011-11-23,1.91,1.91,1.91,1.91,100
HMC,2011-11-24,1.87,1.91,1.87,1.91,220
HMC,2011-11-25,1.91,1.91,1.87,1.91,1470
HMC,2011-11-28,1.87,1.95,1.83,1.95,6040
HMC,2011-11-29,2.03,2.03,1.95,1.97,24070
HMC,2011-11-30,1.97,1.97,1.91,1.91,2310
HMC,2011-12-01,1.91,1.95,1.89,1.89,9490
HMC,2011-12-02,1.91,1.91,1.91,1.91,2260
HMC,2011-12-05,1.89,1.99,1.89,1.99,4380
HMC,2011-12-06,1.99,1.99,1.97,1.97,6200
HMC,2011-12-07,1.97,1.99,1.97,1.99,10000
HMC,2011-12-08,1.97,1.97,1.95,1.95,12410
HMC,2011-12-09,1.89,1.89,1.89,1.89,140
HMC,2011-12-12,1.89,1.91,1.89,1.91,12480
HMC,2011-12-13,1.89,1.91,1.89,1.89,3320
HMC,2011-12-14,1.87,1.91,1.85,1.91,11510
HMC,2011-12-15,1.85,1.89,1.85,1.89,11010
HMC,2011-12-16,1.89,1.89,1.87,1.89,8130
HMC,2011-12-19,1.89,1.89,1.81,1.81,9600
HMC,2011-12-20,1.83,1.83,1.81,1.81,8460
HMC,2011-12-21,1.87,1.87,1.81,1.81,3010
HMC,2011-12-22,1.77,1.81,1.77,1.77,1740
HMC,2011-12-23,1.75,1.77,1.75,1.77,900
HMC,2011-12-26,1.75,1.75,1.73,1.75,6200
HMC,2011-12-27,1.71,1.73,1.69,1.71,4640
HMC,2011-12-28,1.75,1.75,1.73,1.75,5950
HMC,2011-12-29,1.75,1.75,1.75,1.75,720
HMC,2011-12-30,1.75,1.79,1.73,1.79,1550
HMC,2012-01-03,1.83,1.83,1.75,1.75,810
HMC,2012-01-04,1.79,1.79,1.79,1.79,440
HMC,2012-01-05,1.81,1.81,1.81,1.81,120
HMC,2012-01-06,1.77,1.77,1.77,1.77,200
HMC,2012-01-09,1.69,1.77,1.69,1.75,2370
HMC,2012-01-10,1.75,1.81,1.75,1.81,320
HMC,2012-01-11,1.77,1.81,1.77,1.81,1920
HMC,2012-01-12,1.81,1.81,1.77,1.77,1190
HMC,2012-01-13,1.81,1.81,1.77,1.77,600
HMC,2012-01-16,1.81,1.81,1.79,1.79,1710
HMC,2012-01-17,1.77,1.81,1.77,1.81,2210
HMC,2012-01-18,1.75,1.77,1.73,1.73,45660
HMC,2012-01-19,1.77,1.79,1.77,1.79,120
HMC,2012-01-20,1.85,1.87,1.85,1.87,410
HMC,2012-01-30,1.85,1.87,1.85,1.87,20
HMC,2012-01-31,1.87,1.93,1.85,1.93,18880
HMC,2012-02-01,1.91,1.91,1.85,1.85,16020
HMC,2012-02-02,1.87,1.93,1.87,1.93,20830
HMC,2012-02-03,2.01,2.01,1.95,1.95,38000
HMC,2012-02-06,1.91,1.95,1.91,1.95,5290
HMC,2012-02-07,1.95,1.95,1.95,1.95,6840
HMC,2012-02-08,1.99,1.99,1.93,1.99,10530
HMC,2012-02-09,1.95,1.95,1.95,1.95,13700
HMC,2012-02-10,1.95,1.95,1.89,1.89,2050
HMC,2012-02-13,1.89,1.93,1.85,1.93,1440
HMC,2012-02-14,1.91,1.93,1.91,1.93,2000
HMC,2012-02-15,1.91,1.91,1.91,1.91,1170
HMC,2012-02-16,1.91,1.95,1.91,1.91,2330
HMC,2012-02-17,1.93,1.93,1.89,1.91,15350
HMC,2012-02-20,1.93,1.95,1.93,1.95,14840
HMC,2012-02-21,1.95,1.95,1.91,1.91,18030
HMC,2012-02-22,1.91,1.95,1.91,1.95,11640
HMC,2012-02-23,1.95,2.01,1.95,1.97,58620
HMC,2012-02-24,1.99,2.03,1.99,1.99,42640
HMC,2012-02-27,2.01,2.05,2.01,2.05,32370
HMC,2012-02-28,2.05,2.07,2.01,2.01,25810
HMC,2012-02-29,2.01,2.05,2.01,2.03,23800
HMC,2012-03-01,2.01,2.01,1.99,1.99,8190
HMC,2012-03-02,1.99,2.03,1.97,2.01,22610
HMC,2012-03-05,2.09,2.09,2.09,2.09,47820
HMC,2012-03-06,2.13,2.17,2.05,2.05,32000
HMC,2012-03-07,2.03,2.07,2.01,2.07,7170
HMC,2012-03-08,2.07,2.07,2.03,2.03,16250
HMC,2012-03-09,2.03,2.07,1.99,2.07,17270
HMC,2012-03-12,2.09,2.09,2.03,2.03,3660
HMC,2012-03-13,2.05,2.07,2.05,2.07,24270
HMC,2012-03-14,2.11,2.17,2.09,2.17,80730
HMC,2012-03-15,2.23,2.27,2.15,2.27,120290
HMC,2012-03-16,2.33,2.33,2.23,2.29,9780
HMC,2012-03-19,2.27,2.29,2.23,2.25,24710
HMC,2012-03-20,2.23,2.27,2.21,2.25,3630
HMC,2012-03-21,2.25,2.27,2.19,2.21,50150
HMC,2012-03-22,2.23,2.31,2.23,2.31,93400
HMC,2012-03-23,2.42,2.42,2.38,2.42,181170
HMC,2012-03-26,2.5,2.5,2.42,2.5,76420
HMC,2012-03-27,2.54,2.54,2.4,2.4,63990
HMC,2012-03-28,2.38,2.4,2.33,2.38,65820
HMC,2012-03-29,2.42,2.42,2.29,2.33,25070
HMC,2012-03-30,2.31,2.33,2.31,2.31,21070
HMC,2012-04-03,2.29,2.38,2.27,2.33,20730
HMC,2012-04-04,2.33,2.35,2.29,2.31,38490
HMC,2012-04-05,2.31,2.33,2.29,2.33,21570
HMC,2012-04-06,2.33,2.35,2.31,2.35,29580
HMC,2012-04-09,2.38,2.38,2.31,2.38,56890
HMC,2012-04-10,2.35,2.42,2.35,2.4,88020
HMC,2012-04-11,2.44,2.5,2.44,2.5,88410
HMC,2012-04-12,2.62,2.62,2.62,2.62,139150
HMC,2012-04-13,2.64,2.7,2.6,2.64,111190
HMC,2012-04-16,2.64,2.64,2.56,2.56,179810
HMC,2012-04-17,2.56,2.58,2.48,2.54,255430
HMC,2012-04-18,2.54,2.56,2.46,2.46,299210
HMC,2012-04-19,2.5,2.57,2.43,2.48,50850
HMC,2012-04-20,2.48,2.48,2.37,2.41,26180
HMC,2012-04-23,2.48,2.48,2.37,2.39,50070
HMC,2012-04-24,2.39,2.39,2.32,2.39,20110
HMC,2012-04-25,2.41,2.48,2.37,2.46,96310
HMC,2012-04-26,2.46,2.46,2.39,2.39,21190
HMC,2012-04-27,2.39,2.43,2.39,2.43,29730
HMC,2012-05-02,2.43,2.46,2.37,2.39,61590
HMC,2012-05-03,2.37,2.41,2.34,2.39,39960
HMC,2012-05-04,2.39,2.5,2.37,2.48,116500
HMC,2012-05-07,2.52,2.59,2.48,2.59,266000
HMC,2012-05-08,2.7,2.7,2.66,2.7,91250
HMC,2012-05-09,2.73,2.82,2.7,2.77,88020
HMC,2012-05-10,2.77,2.79,2.64,2.7,85160
HMC,2012-05-11,2.68,2.68,2.57,2.57,106200
HMC,2012-05-14,2.52,2.52,2.46,2.46,58360
HMC,2012-05-15,2.39,2.43,2.34,2.34,80060
HMC,2012-05-16,2.37,2.37,2.34,2.37,13210
HMC,2012-05-17,2.37,2.39,2.32,2.32,61300
HMC,2012-05-18,2.32,2.32,2.25,2.32,42690
HMC,2012-05-21,2.3,2.43,2.28,2.43,30560
HMC,2012-05-22,2.43,2.48,2.37,2.48,31360
HMC,2012-05-23,2.46,2.46,2.37,2.37,60520
HMC,2012-05-24,2.3,2.3,2.25,2.28,27980
HMC,2012-05-25,2.32,2.39,2.32,2.39,10130
HMC,2012-05-28,2.39,2.41,2.34,2.41,19780
HMC,2012-05-29,2.41,2.41,2.34,2.37,2330
HMC,2012-05-30,2.32,2.37,2.32,2.37,13020
HMC,2012-05-31,2.32,2.34,2.3,2.3,22200
HMC,2012-06-01,2.28,2.34,2.28,2.34,2580
HMC,2012-06-04,2.3,2.3,2.25,2.28,6430
HMC,2012-06-05,2.28,2.34,2.25,2.34,18460
HMC,2012-06-06,2.34,2.34,2.3,2.34,5440
HMC,2012-06-07,2.34,2.39,2.34,2.37,8450
HMC,2012-06-08,2.39,2.39,2.3,2.34,16520
HMC,2012-06-11,2.3,2.34,2.3,2.34,8620
HMC,2012-06-12,2.3,2.34,2.28,2.34,4210
HMC,2012-06-13,2.3,2.34,2.28,2.34,6900
HMC,2012-06-14,2.28,2.32,2.25,2.32,5030
HMC,2012-06-15,2.25,2.32,2.25,2.32,1800
HMC,2012-06-18,2.32,2.34,2.32,2.32,11070
HMC,2012-06-19,2.32,2.32,2.3,2.32,11350
HMC,2012-06-20,2.3,2.32,2.3,2.32,4540
HMC,2012-06-21,2.3,2.32,2.3,2.32,2410
HMC,2012-06-22,2.28,2.3,2.28,2.3,4010
HMC,2012-06-25,2.25,2.3,2.25,2.28,11480
HMC,2012-06-26,2.19,2.19,2.19,2.19,10750
HMC,2012-06-27,2.25,2.25,2.14,2.19,3190
HMC,2012-06-28,2.12,2.21,2.1,2.21,16970
HMC,2012-06-29,2.16,2.21,2.16,2.21,17150
HMC,2012-07-02,2.16,2.16,2.12,2.12,10340
HMC,2012-07-03,2.1,2.12,2.05,2.05,18610
HMC,2012-07-04,2.05,2.1,2.05,2.05,17740
HMC,2012-07-05,2.01,2.12,1.98,2.12,3930
HMC,2012-07-06,2.05,2.16,2.05,2.16,590
HMC,2012-07-09,2.12,2.12,2.1,2.12,6100
HMC,2012-07-10,2.05,2.1,2.05,2.1,2760
HMC,2012-07-11,2.12,2.12,2.12,2.12,20
HMC,2012-07-12,2.19,2.19,2.12,2.16,640
HMC,2012-07-13,2.23,2.23,2.21,2.23,60
HMC,2012-07-16,2.16,2.21,2.14,2.14,3000
HMC,2012-07-17,2.21,2.21,2.21,2.21,60
HMC,2012-07-18,2.23,2.23,2.14,2.16,1700
HMC,2012-07-19,2.14,2.21,2.12,2.21,150
HMC,2012-07-20,2.21,2.23,2.16,2.21,4310
HMC,2012-07-23,2.12,2.14,2.12,2.12,5450
HMC,2012-07-24,2.1,2.1,2.07,2.1,3980
HMC,2012-07-25,2.14,2.14,2.1,2.14,240
HMC,2012-07-26,2.14,2.14,2.1,2.1,2120
HMC,2012-07-27,2.12,2.12,2.05,2.05,5520
HMC,2012-07-30,2.03,2.05,1.96,2.05,15350
HMC,2012-07-31,2.03,2.07,2.03,2.03,8720
HMC,2012-08-01,2.03,2.03,1.98,2.03,6140
HMC,2012-08-02,2.01,2.01,2.01,2.01,4130
HMC,2012-08-03,2.01,2.01,1.98,1.98,5540
HMC,2012-08-06,2.03,2.05,1.98,2.05,7260
HMC,2012-08-07,2.07,2.07,2.01,2.05,7110
HMC,2012-08-08,2.07,2.07,2.03,2.03,3640
HMC,2012-08-09,1.98,2.05,1.98,2.05,11830
HMC,2012-08-10,2.01,2.05,2.01,2.05,7910
HMC,2012-08-13,2.03,2.07,2.03,2.07,23800
HMC,2012-08-14,2.03,2.05,2.03,2.03,1290
HMC,2012-08-15,2.03,2.03,2.01,2.01,2300
HMC,2012-08-16,2.01,2.05,2.01,2.05,6020
HMC,2012-08-17,2.05,2.07,2.03,2.07,4190
HMC,2012-08-20,2.07,2.07,2.05,2.05,3450
HMC,2012-08-21,2.03,2.03,1.96,1.98,9670
HMC,2012-08-22,1.89,2.01,1.89,1.89,25500
HMC,2012-08-23,1.87,1.87,1.8,1.8,20100
HMC,2012-08-24,1.71,1.89,1.71,1.8,19660
HMC,2012-08-27,1.76,1.85,1.74,1.85,2420
HMC,2012-08-28,1.8,1.89,1.8,1.83,15210
HMC,2012-08-29,1.87,1.92,1.85,1.87,1400
HMC,2012-08-30,1.83,1.89,1.83,1.89,9880
HMC,2012-08-31,1.89,1.89,1.89,1.89,150
HMC,2012-09-04,1.94,1.94,1.89,1.89,15970
HMC,2012-09-05,1.89,1.94,1.89,1.94,2580
HMC,2012-09-06,1.92,1.98,1.89,1.98,8480
HMC,2012-09-07,1.94,1.96,1.92,1.96,18760
HMC,2012-09-10,1.92,1.92,1.89,1.92,23230
HMC,2012-09-11,1.89,1.92,1.89,1.92,800
HMC,2012-09-12,1.94,1.98,1.94,1.98,140
HMC,2012-09-13,1.89,1.96,1.89,1.96,3210
HMC,2012-09-14,1.96,2.01,1.94,2.01,1070
HMC,2012-09-17,2.03,2.03,1.96,1.96,50
HMC,2012-09-18,1.89,1.98,1.89,1.98,260
HMC,2012-09-19,1.96,1.96,1.89,1.96,220
HMC,2012-09-20,1.98,1.98,1.89,1.92,5060
HMC,2012-09-21,1.89,1.96,1.89,1.96,890
HMC,2012-09-24,1.89,1.94,1.89,1.94,3010
HMC,2012-09-25,1.92,1.92,1.92,1.92,20
HMC,2012-09-26,1.94,1.94,1.94,1.94,10
HMC,2012-09-27,1.94,1.94,1.87,1.92,690
HMC,2012-09-28,1.85,1.92,1.85,1.92,50
HMC,2012-10-01,1.85,1.92,1.85,1.92,220
HMC,2012-10-02,1.98,1.98,1.83,1.92,80
HMC,2012-10-03,1.92,2.01,1.92,2.01,560
HMC,2012-10-04,1.92,1.96,1.92,1.96,540
HMC,2012-10-05,1.89,1.94,1.89,1.94,110
HMC,2012-10-08,1.89,1.92,1.89,1.92,1010
HMC,2012-10-09,1.89,1.92,1.85,1.92,160
HMC,2012-10-10,1.92,1.92,1.85,1.92,5370
HMC,2012-10-11,1.92,1.92,1.83,1.85,11230
HMC,2012-10-12,1.85,1.87,1.8,1.87,12040
HMC,2012-10-15,1.8,1.87,1.78,1.87,7010
HMC,2012-10-16,1.83,1.85,1.8,1.85,6130
HMC,2012-10-17,1.8,1.83,1.8,1.83,400
HMC,2012-10-18,1.85,1.85,1.76,1.76,5570
HMC,2012-10-19,1.76,1.76,1.71,1.71,430
HMC,2012-10-22,1.71,1.78,1.71,1.78,4770
HMC,2012-10-23,1.76,1.8,1.76,1.78,6310
HMC,2012-10-24,1.8,1.8,1.76,1.8,1340
HMC,2012-10-25,1.78,1.87,1.76,1.87,1730
HMC,2012-10-26,1.83,1.83,1.78,1.8,1060
HMC,2012-10-29,1.74,1.8,1.74,1.8,1050
HMC,2012-10-30,1.85,1.85,1.8,1.8,20
HMC,2012-10-31,1.8,1.8,1.8,1.8,50
HMC,2012-11-01,1.78,1.78,1.78,1.78,60
HMC,2012-11-02,1.8,1.8,1.78,1.78,330
HMC,2012-11-05,1.74,1.76,1.71,1.76,1260
HMC,2012-11-06,1.71,1.71,1.71,1.71,3420
HMC,2012-11-07,1.71,1.76,1.71,1.76,520
HMC,2012-11-08,1.69,1.74,1.69,1.69,3200
HMC,2012-11-09,1.69,1.76,1.69,1.76,260
HMC,2012-11-12,1.76,1.76,1.76,1.76,450
HMC,2012-11-13,1.74,1.74,1.69,1.74,5630
HMC,2012-11-14,1.67,1.76,1.67,1.76,1070
HMC,2012-11-15,1.71,1.74,1.69,1.74,12610
HMC,2012-11-16,1.78,1.8,1.78,1.8,1120
HMC,2012-11-19,1.83,1.89,1.78,1.8,24030
HMC,2012-11-20,1.8,1.87,1.8,1.8,12420
HMC,2012-11-21,1.8,1.8,1.8,1.8,1000
HMC,2012-11-22,1.78,1.83,1.78,1.83,2030
HMC,2012-11-23,1.76,1.83,1.76,1.83,1310
HMC,2012-11-26,1.74,1.76,1.74,1.76,1540
HMC,2012-11-27,1.76,1.76,1.74,1.76,4660
HMC,2012-11-28,1.74,1.76,1.71,1.71,2430
HMC,2012-11-29,1.67,1.67,1.67,1.67,530
HMC,2012-11-30,1.69,1.71,1.67,1.71,2820
HMC,2012-12-03,1.71,1.74,1.71,1.71,310
HMC,2012-12-04,1.71,1.76,1.71,1.76,1990
HMC,2012-12-05,1.76,1.8,1.76,1.76,5090
HMC,2012-12-06,1.71,1.74,1.71,1.74,3180
HMC,2012-12-07,1.67,1.71,1.67,1.71,34840
HMC,2012-12-10,1.67,1.69,1.67,1.69,12870
HMC,2012-12-11,1.67,1.69,1.67,1.69,3120
HMC,2012-12-12,1.67,1.71,1.67,1.69,10850
HMC,2012-12-13,1.71,1.71,1.67,1.71,9220
HMC,2012-12-14,1.71,1.71,1.67,1.67,1500
HMC,2012-12-17,1.67,1.69,1.67,1.69,1540
HMC,2012-12-18,1.69,1.71,1.67,1.69,5030
HMC,2012-12-19,1.74,1.74,1.69,1.74,6220
HMC,2012-12-20,1.74,1.76,1.74,1.76,22580
HMC,2012-12-21,1.76,1.76,1.71,1.74,3210
HMC,2012-12-24,1.74,1.74,1.71,1.71,3770
HMC,2012-12-25,1.74,1.74,1.71,1.74,2650
HMC,2012-12-26,1.74,1.78,1.74,1.78,19880
HMC,2012-12-27,1.78,1.8,1.78,1.8,6040
HMC,2012-12-28,1.8,1.83,1.8,1.83,110
HMC,2013-01-02,1.83,1.83,1.83,1.83,2870
HMC,2013-01-03,1.78,1.8,1.74,1.8,13600
HMC,2013-01-04,1.76,1.83,1.76,1.83,14390
HMC,2013-01-07,1.83,1.83,1.83,1.83,0
HMC,2013-01-08,1.83,1.83,1.78,1.8,8100
HMC,2013-01-09,1.8,1.85,1.78,1.78,23770
HMC,2013-01-10,1.8,1.83,1.8,1.83,5510
HMC,2013-01-11,1.85,1.85,1.8,1.8,6060
HMC,2013-01-14,1.8,1.83,1.8,1.8,2010
HMC,2013-01-15,1.8,1.83,1.8,1.83,2850
HMC,2013-01-16,1.85,1.92,1.85,1.87,24630
HMC,2013-01-17,1.89,1.89,1.85,1.85,3490
HMC,2013-01-18,1.8,1.89,1.8,1.89,4060
HMC,2013-01-21,1.89,1.89,1.85,1.85,3550
HMC,2013-01-22,1.8,1.85,1.78,1.78,17780
HMC,2013-01-23,1.8,1.83,1.8,1.8,9670
HMC,2013-01-24,1.83,1.85,1.8,1.85,8670
HMC,2013-01-25,1.8,1.85,1.8,1.85,25420
HMC,2013-01-28,1.85,1.87,1.85,1.85,6050
HMC,2013-01-29,1.87,1.87,1.87,1.87,23980
HMC,2013-01-30,1.87,1.87,1.83,1.83,1450
HMC,2013-01-31,1.87,1.87,1.85,1.85,1600
HMC,2013-02-01,1.89,1.89,1.85,1.85,16350
HMC,2013-02-04,1.92,1.92,1.87,1.92,1410
HMC,2013-02-05,1.89,1.92,1.83,1.92,4420
HMC,2013-02-06,1.89,1.92,1.85,1.92,570
HMC,2013-02-07,2.01,2.01,1.85,1.92,80
HMC,2013-02-08,1.92,1.94,1.92,1.94,4050
HMC,2013-02-18,1.94,2.03,1.94,2.03,3760
HMC,2013-02-19,1.94,2.03,1.92,2.03,130
HMC,2013-02-20,2.03,2.03,1.92,1.94,11300
HMC,2013-02-21,1.96,2.01,1.94,1.94,50560
HMC,2013-02-22,2.01,2.01,1.94,1.96,11210
HMC,2013-02-25,1.96,1.98,1.96,1.98,4890
HMC,2013-02-26,1.98,1.98,1.89,1.89,8800
HMC,2013-02-27,1.92,1.94,1.92,1.94,1180
HMC,2013-02-28,1.94,1.98,1.94,1.98,3660
HMC,2013-03-01,1.96,1.98,1.94,1.98,2630
HMC,2013-03-04,1.94,1.96,1.87,1.96,2820
HMC,2013-03-05,1.94,1.94,1.85,1.92,320
HMC,2013-03-06,1.92,1.94,1.85,1.92,420
HMC,2013-03-07,1.94,1.94,1.87,1.94,100
HMC,2013-03-08,1.92,1.94,1.87,1.87,610
HMC,2013-03-11,1.94,1.94,1.87,1.92,140
HMC,2013-03-12,1.96,1.96,1.92,1.92,2070
HMC,2013-03-13,1.94,1.94,1.87,1.94,40
HMC,2013-03-14,1.89,1.94,1.89,1.92,240
HMC,2013-03-15,1.85,1.94,1.85,1.89,70
HMC,2013-03-18,1.87,1.96,1.87,1.96,6440
HMC,2013-03-19,1.96,1.96,1.92,1.92,660
HMC,2013-03-20,1.92,1.94,1.92,1.92,260
HMC,2013-03-21,1.96,1.96,1.89,1.89,4910
HMC,2013-03-22,1.94,1.94,1.89,1.89,3010
HMC,2013-03-25,1.89,1.89,1.89,1.89,12670
HMC,2013-03-26,1.94,1.94,1.92,1.92,3100
HMC,2013-03-27,1.94,1.94,1.87,1.87,220
HMC,2013-03-28,1.87,1.87,1.87,1.87,80
HMC,2013-03-29,1.92,1.92,1.87,1.89,910
HMC,2013-04-01,1.89,1.94,1.89,1.94,390
HMC,2013-04-02,1.94,1.98,1.94,1.94,8940
HMC,2013-04-03,1.94,1.94,1.94,1.94,0
HMC,2013-04-04,1.94,1.94,1.94,1.94,10
HMC,2013-04-05,1.94,1.98,1.94,1.98,210
HMC,2013-04-08,1.92,1.92,1.92,1.92,50
HMC,2013-04-09,1.89,1.92,1.89,1.92,27190
HMC,2013-04-10,1.94,1.94,1.89,1.89,50
HMC,2013-04-11,1.94,1.94,1.92,1.92,260
HMC,2013-04-12,1.89,1.94,1.89,1.94,240
HMC,2013-04-15,1.94,2.03,1.94,1.94,18260
HMC,2013-04-16,1.98,1.98,1.92,1.96,12280
HMC,2013-04-17,2.01,2.01,1.96,1.96,3080
HMC,2013-04-18,1.96,1.96,1.94,1.96,1430
HMC,2013-04-22,1.94,1.96,1.94,1.94,5120
HMC,2013-04-23,2.04,2.04,1.94,1.94,8000
HMC,2013-04-24,1.89,1.89,1.84,1.86,7170
HMC,2013-04-25,1.84,1.91,1.84,1.84,7520
HMC,2013-04-26,1.91,1.91,1.81,1.86,2490
HMC,2013-05-02,1.81,1.81,1.79,1.79,31200
HMC,2013-05-03,1.79,1.79,1.76,1.79,10520
HMC,2013-05-06,1.79,1.84,1.79,1.84,5330
HMC,2013-05-07,1.81,1.84,1.81,1.84,1930
HMC,2013-05-08,1.84,1.84,1.81,1.81,7000
HMC,2013-05-09,1.84,1.86,1.84,1.86,25640
HMC,2013-05-10,1.86,1.86,1.86,1.86,13090
HMC,2013-05-13,1.89,1.89,1.86,1.86,1850
HMC,2013-05-14,1.86,1.86,1.81,1.81,12180
HMC,2013-05-15,1.86,1.86,1.81,1.84,40730
HMC,2013-05-16,1.84,1.84,1.84,1.84,550
HMC,2013-05-17,1.84,1.84,1.81,1.84,3210
HMC,2013-05-20,1.94,1.94,1.81,1.84,8330
HMC,2013-05-21,1.84,1.86,1.84,1.84,8800
HMC,2013-05-22,1.86,1.86,1.84,1.84,2440
HMC,2013-05-23,1.81,1.86,1.81,1.84,6750
HMC,2013-05-24,1.84,1.89,1.84,1.84,5250
HMC,2013-05-27,1.84,1.94,1.84,1.89,22960
HMC,2013-05-28,1.89,1.91,1.84,1.91,12050
HMC,2013-05-29,1.91,1.91,1.91,1.91,8660
HMC,2013-05-30,1.89,1.94,1.86,1.91,12970
HMC,2013-05-31,1.91,1.99,1.91,1.94,38740
HMC,2013-06-03,1.94,1.99,1.89,1.94,21180
HMC,2013-06-04,1.94,1.94,1.91,1.94,26080
HMC,2013-06-05,1.96,1.96,1.91,1.96,13020
HMC,2013-06-06,1.96,1.96,1.96,1.96,1000
HMC,2013-06-07,1.91,1.96,1.91,1.96,14910
HMC,2013-06-10,1.91,1.99,1.91,1.96,19810
HMC,2013-06-11,1.96,1.99,1.96,1.96,4380
HMC,2013-06-12,1.91,1.96,1.91,1.91,7570
HMC,2013-06-13,1.94,1.94,1.91,1.94,10990
HMC,2013-06-14,1.96,1.96,1.94,1.96,12800
HMC,2013-06-17,1.91,1.94,1.91,1.91,4860
HMC,2013-06-18,1.89,1.96,1.89,1.96,310
HMC,2013-06-19,1.91,1.91,1.91,1.91,30
HMC,2013-06-20,1.91,1.91,1.91,1.91,1200
HMC,2013-06-21,1.96,1.96,1.96,1.96,10
HMC,2013-06-24,1.96,1.96,1.96,1.96,10
HMC,2013-06-25,1.89,1.96,1.86,1.86,6490
HMC,2013-06-26,1.89,1.94,1.86,1.91,4970
HMC,2013-06-27,1.96,1.96,1.96,1.96,10
HMC,2013-06-28,1.91,1.96,1.91,1.96,110
HMC,2013-07-01,1.96,1.96,1.96,1.96,10
HMC,2013-07-02,1.89,1.99,1.89,1.99,3010
HMC,2013-07-03,1.89,1.96,1.89,1.96,510
HMC,2013-07-04,1.94,1.94,1.89,1.89,3980
HMC,2013-07-05,1.91,1.91,1.89,1.89,7220
HMC,2013-07-08,1.89,1.96,1.89,1.89,10650
HMC,2013-07-09,1.91,1.91,1.91,1.91,350
HMC,2013-07-10,1.94,1.94,1.94,1.94,10
HMC,2013-07-11,1.94,1.94,1.94,1.94,10
HMC,2013-07-12,1.89,1.94,1.89,1.89,1840
HMC,2013-07-15,1.94,1.94,1.94,1.94,4270
HMC,2013-07-16,1.91,1.91,1.91,1.91,1440
HMC,2013-07-17,1.91,1.94,1.91,1.94,4550
HMC,2013-07-18,1.96,1.96,1.94,1.94,1130
HMC,2013-07-19,1.94,1.94,1.94,1.94,0
HMC,2013-07-22,1.91,1.91,1.91,1.91,700
HMC,2013-07-23,1.94,1.94,1.94,1.94,10
HMC,2013-07-24,1.94,1.94,1.89,1.91,21880
HMC,2013-07-25,1.91,1.91,1.89,1.89,3080
HMC,2013-07-26,1.91,1.91,1.89,1.89,6510
HMC,2013-07-29,1.96,1.96,1.84,1.84,20
HMC,2013-07-30,1.86,1.89,1.86,1.86,1050
HMC,2013-07-31,1.96,1.96,1.89,1.89,2160
HMC,2013-08-01,1.91,1.91,1.91,1.91,20
HMC,2013-08-02,1.91,1.91,1.91,1.91,10
HMC,2013-08-05,1.91,1.91,1.91,1.91,10
HMC,2013-08-06,1.91,1.91,1.91,1.91,50
HMC,2013-08-07,1.94,1.94,1.94,1.94,310
HMC,2013-08-08,1.96,1.96,1.94,1.94,3000
HMC,2013-08-09,1.89,1.89,1.89,1.89,20
HMC,2013-08-12,1.91,1.94,1.89,1.89,2190
HMC,2013-08-13,1.89,1.91,1.89,1.89,5650
HMC,2013-08-14,1.91,1.91,1.89,1.89,3980
HMC,2013-08-15,1.89,1.94,1.86,1.91,4220
HMC,2013-08-16,1.89,1.94,1.84,1.94,5200
HMC,2013-08-19,1.91,1.96,1.91,1.96,1180
HMC,2013-08-20,1.96,1.96,1.96,1.96,10
HMC,2013-08-21,1.96,1.96,1.96,1.96,10
HMC,2013-08-22,1.94,1.94,1.94,1.94,1050
HMC,2013-08-23,1.91,1.94,1.91,1.94,20
HMC,2013-08-26,1.86,1.89,1.81,1.86,10030
HMC,2013-08-27,1.86,1.89,1.84,1.89,4830
HMC,2013-08-28,1.91,1.91,1.89,1.89,50
HMC,2013-08-29,1.84,1.89,1.84,1.89,210
HMC,2013-08-30,1.84,1.89,1.81,1.89,730
HMC,2013-09-03,1.84,1.89,1.81,1.89,700
HMC,2013-09-04,1.89,1.89,1.89,1.89,10
HMC,2013-09-05,1.89,1.89,1.89,1.89,800
HMC,2013-09-06,1.94,1.94,1.94,1.94,10
HMC,2013-09-09,1.94,1.94,1.94,1.94,0
HMC,2013-09-10,1.91,1.91,1.91,1.91,300
HMC,2013-09-11,1.86,1.86,1.86,1.86,10
HMC,2013-09-12,1.81,1.86,1.81,1.86,120
HMC,2013-09-13,1.84,1.86,1.84,1.86,510
HMC,2013-09-16,1.86,1.86,1.86,1.86,0
HMC,2013-09-17,1.81,1.86,1.81,1.86,3120
HMC,2013-09-18,1.84,1.86,1.84,1.86,160
HMC,2013-09-19,1.86,1.86,1.86,1.86,0
HMC,2013-09-20,1.81,1.84,1.76,1.79,380
HMC,2013-09-23,1.84,1.84,1.68,1.79,13080
HMC,2013-09-24,1.81,1.84,1.81,1.81,2100
HMC,2013-09-25,1.81,1.81,1.79,1.79,230
HMC,2013-09-26,1.79,1.79,1.76,1.76,110
HMC,2013-09-27,1.76,1.79,1.76,1.76,1010
HMC,2013-09-30,1.79,1.81,1.79,1.79,1600
HMC,2013-10-01,1.81,1.86,1.79,1.81,7300
HMC,2013-10-02,1.86,1.86,1.81,1.84,2250
HMC,2013-10-03,1.84,1.86,1.84,1.84,6050
HMC,2013-10-04,1.84,1.86,1.84,1.84,4530
HMC,2013-10-07,1.81,1.84,1.81,1.84,3850
HMC,2013-10-08,1.86,1.86,1.81,1.84,3820
HMC,2013-10-09,1.81,1.84,1.81,1.84,5540
HMC,2013-10-10,1.81,1.86,1.81,1.81,7590
HMC,2013-10-11,1.84,1.84,1.81,1.84,8120
HMC,2013-10-14,1.81,1.84,1.81,1.81,5000
HMC,2013-10-15,1.81,1.84,1.79,1.84,14930
HMC,2013-10-16,1.84,1.86,1.84,1.86,3980
HMC,2013-10-17,1.84,1.86,1.81,1.86,8910
HMC,2013-10-18,1.84,1.86,1.84,1.86,5460
HMC,2013-10-21,1.86,1.91,1.86,1.86,10120
HMC,2013-10-22,1.86,1.86,1.84,1.84,14090
HMC,2013-10-23,1.84,1.86,1.84,1.84,6810
HMC,2013-10-24,1.86,1.89,1.84,1.89,18000
HMC,2013-10-25,1.89,1.89,1.86,1.86,1270
HMC,2013-10-28,1.86,1.91,1.86,1.91,11580
HMC,2013-10-29,1.86,1.91,1.86,1.86,10360
HMC,2013-10-30,1.91,1.91,1.86,1.86,60
HMC,2013-10-31,1.91,1.91,1.86,1.86,40
HMC,2013-11-01,1.89,1.89,1.86,1.86,20
HMC,2013-11-04,1.89,1.89,1.86,1.89,5950
HMC,2013-11-05,1.89,1.91,1.89,1.91,2440
HMC,2013-11-06,1.94,1.96,1.91,1.96,4040
HMC,2013-11-07,1.96,1.96,1.91,1.91,3040
HMC,2013-11-08,1.96,1.96,1.91,1.91,3300
HMC,2013-11-11,1.96,1.99,1.94,1.94,3780
HMC,2013-11-12,1.96,1.99,1.96,1.99,2730
HMC,2013-11-13,1.99,1.99,1.96,1.96,3060
HMC,2013-11-14,1.99,1.99,1.99,1.99,2160
HMC,2013-11-15,1.96,1.96,1.96,1.96,3210
HMC,2013-11-18,1.99,2.01,1.99,2.01,7010
HMC,2013-11-19,1.99,1.99,1.99,1.99,10
HMC,2013-11-20,2.01,2.07,2.01,2.07,3220
HMC,2013-11-21,1.99,2.12,1.99,2.09,9260
HMC,2013-11-22,2.04,2.09,2.04,2.07,27090
HMC,2013-11-25,2.01,2.04,2.01,2.04,12070
HMC,2013-11-26,2.04,2.07,2.04,2.04,6280
HMC,2013-11-27,2.09,2.09,2.09,2.09,3450
HMC,2013-11-28,2.07,2.07,2.07,2.07,3540
HMC,2013-11-29,2.07,2.07,2.04,2.07,5080
HMC,2013-12-02,2.09,2.09,2.09,2.09,10
HMC,2013-12-03,2.14,2.14,2.09,2.09,3340
HMC,2013-12-04,2.09,2.09,2.09,2.09,4490
HMC,2013-12-05,2.04,2.09,2.04,2.09,2600
HMC,2013-12-06,2.12,2.22,2.12,2.22,8450
HMC,2013-12-09,2.17,2.17,2.12,2.12,2240
HMC,2013-12-10,2.09,2.17,2.09,2.17,6380
HMC,2013-12-11,2.09,2.12,2.09,2.12,10600
HMC,2013-12-12,2.09,2.14,2.09,2.12,120
HMC,2013-12-13,2.12,2.12,2.12,2.12,10
HMC,2013-12-16,2.12,2.12,2.12,2.12,2000
HMC,2013-12-17,2.12,2.14,2.12,2.12,40
HMC,2013-12-18,2.12,2.12,2.12,2.12,10800
HMC,2013-12-19,2.22,2.22,2.19,2.19,2010
HMC,2013-12-20,2.17,2.17,2.17,2.17,100
HMC,2013-12-23,2.12,2.17,2.12,2.14,540
HMC,2013-12-24,2.17,2.17,2.14,2.14,30
HMC,2013-12-25,2.17,2.17,2.14,2.14,1650
HMC,2013-12-26,2.17,2.17,2.14,2.17,3300
HMC,2013-12-27,2.12,2.17,2.12,2.17,1570
HMC,2013-12-30,2.19,2.19,2.19,2.19,10
HMC,2013-12-31,2.17,2.17,2.17,2.17,4700
HMC,2014-01-02,2.14,2.17,2.14,2.14,300
HMC,2014-01-03,2.19,2.19,2.14,2.14,440
HMC,2014-01-06,2.19,2.19,2.17,2.17,1080
HMC,2014-01-07,2.17,2.17,2.14,2.14,5010
HMC,2014-01-08,2.14,2.19,2.09,2.17,13580
HMC,2014-01-09,2.17,2.17,2.17,2.17,0
HMC,2014-01-10,2.19,2.19,2.19,2.19,5240
HMC,2014-01-13,2.19,2.19,2.19,2.19,5010
HMC,2014-01-14,2.19,2.22,2.19,2.19,5560
HMC,2014-01-15,2.19,2.22,2.19,2.22,8260
HMC,2014-01-16,2.27,2.27,2.24,2.24,160
HMC,2014-01-17,2.24,2.24,2.22,2.22,1890
HMC,2014-01-20,2.17,2.22,2.17,2.22,1820
HMC,2014-01-21,2.17,2.19,2.17,2.19,5450
HMC,2014-01-22,2.19,2.19,2.19,2.19,7220
HMC,2014-01-23,2.19,2.22,2.19,2.22,5930
HMC,2014-01-24,2.22,2.22,2.22,2.22,80
HMC,2014-01-27,2.27,2.27,2.27,2.27,30
HMC,2014-02-06,2.24,2.24,2.24,2.24,810
HMC,2014-02-07,2.24,2.3,2.24,2.3,510
HMC,2014-02-10,2.3,2.32,2.27,2.32,1360
HMC,2014-02-11,2.3,2.32,2.27,2.32,5570
HMC,2014-02-12,2.32,2.35,2.32,2.35,5170
HMC,2014-02-13,2.35,2.35,2.35,2.35,50
HMC,2014-02-14,2.37,2.37,2.37,2.37,1010
HMC,2014-02-17,2.32,2.37,2.32,2.37,1940
HMC,2014-02-18,2.37,2.4,2.32,2.4,4740
HMC,2014-02-19,2.45,2.45,2.37,2.4,21130
HMC,2014-02-20,2.47,2.47,2.35,2.37,18380
HMC,2014-02-21,2.37,2.4,2.32,2.4,2210
HMC,2014-02-24,2.45,2.45,2.45,2.45,50
HMC,2014-02-25,2.5,2.5,2.45,2.47,9210
HMC,2014-02-26,2.47,2.47,2.45,2.47,6300
HMC,2014-02-27,2.52,2.63,2.52,2.55,35900
HMC,2014-02-28,2.63,2.63,2.5,2.55,4720
HMC,2014-03-03,2.5,2.63,2.47,2.5,2080
HMC,2014-03-04,2.5,2.5,2.47,2.5,7220
HMC,2014-03-05,2.47,2.5,2.45,2.47,5510
HMC,2014-03-06,2.5,2.6,2.45,2.45,3680
HMC,2014-03-07,2.42,2.45,2.42,2.45,3100
HMC,2014-03-10,2.42,2.5,2.4,2.5,15650
HMC,2014-03-11,2.42,2.55,2.42,2.55,2150
HMC,2014-03-12,2.45,2.45,2.45,2.45,50
HMC,2014-03-13,2.47,2.5,2.47,2.5,3400
HMC,2014-03-14,2.6,2.6,2.5,2.5,9030
HMC,2014-03-17,2.45,2.5,2.35,2.5,4490
HMC,2014-03-18,2.55,2.65,2.52,2.52,23260
HMC,2014-03-19,2.45,2.55,2.45,2.52,8760
HMC,2014-03-20,2.55,2.55,2.55,2.55,31500
HMC,2014-03-21,2.55,2.55,2.55,2.55,16610
HMC,2014-03-24,2.55,2.63,2.55,2.63,35050
HMC,2014-03-25,2.63,2.68,2.63,2.65,24880
HMC,2014-03-26,2.81,2.81,2.6,2.6,28540
HMC,2014-03-27,2.58,2.68,2.58,2.68,11100
HMC,2014-03-28,2.68,2.7,2.68,2.68,8930
HMC,2014-03-31,2.68,2.68,2.6,2.68,12110
HMC,2014-04-01,2.63,2.65,2.55,2.65,25460
HMC,2014-04-02,2.65,2.68,2.63,2.63,25280
HMC,2014-04-03,2.63,2.7,2.63,2.7,11810
HMC,2014-04-04,2.75,2.75,2.63,2.65,7380
HMC,2014-04-07,2.58,2.68,2.58,2.68,19450
HMC,2014-04-08,2.68,2.68,2.68,2.68,11790
HMC,2014-04-10,2.68,2.68,2.65,2.65,19910
HMC,2014-04-11,2.63,2.68,2.6,2.68,23150
HMC,2014-04-14,2.63,2.65,2.63,2.65,11220
HMC,2014-04-15,2.58,2.65,2.58,2.63,21540
HMC,2014-04-16,2.63,2.63,2.58,2.6,9780
HMC,2014-04-17,2.55,2.63,2.55,2.63,4510
HMC,2014-04-18,2.6,2.6,2.58,2.58,2010
HMC,2014-04-21,2.55,2.6,2.55,2.6,2110
HMC,2014-04-22,2.75,2.75,2.6,2.63,1310
HMC,2014-04-23,2.6,2.63,2.6,2.63,5020
HMC,2014-04-24,2.6,2.6,2.58,2.6,4290
HMC,2014-04-25,2.6,2.6,2.6,2.6,7890
HMC,2014-04-28,2.65,2.65,2.6,2.6,5510
HMC,2014-04-29,2.45,2.6,2.45,2.6,2030
HMC,2014-05-05,2.5,2.6,2.5,2.6,20
HMC,2014-05-06,2.5,2.65,2.5,2.5,1160
HMC,2014-05-07,2.45,2.6,2.45,2.6,1020
HMC,2014-05-08,2.6,2.6,2.47,2.47,4760
HMC,2014-05-09,2.52,2.52,2.5,2.52,690
HMC,2014-05-12,2.4,2.42,2.4,2.42,9330
HMC,2014-05-13,2.42,2.42,2.42,2.42,220
HMC,2014-05-14,2.47,2.5,2.47,2.5,2580
HMC,2014-05-15,2.4,2.5,2.35,2.5,570
HMC,2014-05-16,2.55,2.55,2.42,2.42,20
HMC,2014-05-19,2.5,2.5,2.5,2.5,120
HMC,2014-05-20,2.5,2.52,2.5,2.52,490
HMC,2014-05-21,2.52,2.52,2.52,2.52,10
HMC,2014-05-22,2.52,2.6,2.52,2.6,5210
HMC,2014-05-23,2.42,2.63,2.42,2.58,80
HMC,2014-05-26,2.63,2.65,2.5,2.55,12550
HMC,2014-05-27,2.47,2.55,2.47,2.55,1150
HMC,2014-05-28,2.55,2.55,2.55,2.55,6470
HMC,2014-05-29,2.55,2.55,2.55,2.55,0
HMC,2014-05-30,2.42,2.55,2.42,2.55,760
HMC,2014-06-02,2.5,2.6,2.5,2.55,340
HMC,2014-06-03,2.62,2.65,2.59,2.65,270
HMC,2014-06-04,2.7,2.7,2.7,2.7,10
HMC,2014-06-05,2.56,2.7,2.56,2.7,20
HMC,2014-06-06,2.56,2.59,2.56,2.59,40
HMC,2014-06-09,2.7,2.7,2.56,2.56,1280
HMC,2014-06-10,2.51,2.7,2.51,2.7,40
HMC,2014-06-11,2.68,2.79,2.56,2.68,7130
HMC,2014-06-12,2.56,2.65,2.56,2.65,200
HMC,2014-06-13,2.68,2.68,2.51,2.65,40
HMC,2014-06-16,2.54,2.62,2.54,2.62,1840
HMC,2014-06-17,2.59,2.59,2.56,2.59,5650
HMC,2014-06-18,2.59,2.59,2.56,2.56,6680
HMC,2014-06-19,2.56,2.56,2.54,2.54,360
HMC,2014-06-20,2.54,2.56,2.51,2.56,12250
HMC,2014-06-23,2.65,2.65,2.56,2.59,1020
HMC,2014-06-24,2.62,2.62,2.62,2.62,10
HMC,2014-06-25,2.56,2.59,2.56,2.59,2010
HMC,2014-06-26,2.59,2.59,2.59,2.59,660
HMC,2014-06-27,2.68,2.68,2.68,2.68,10
HMC,2014-06-30,2.59,2.59,2.56,2.59,6500
HMC,2014-07-01,2.68,2.68,2.59,2.59,20
HMC,2014-07-02,2.59,2.59,2.59,2.59,5180
HMC,2014-07-03,2.59,2.62,2.56,2.62,29480
HMC,2014-07-04,2.59,2.59,2.59,2.59,5500
HMC,2014-07-07,2.59,2.62,2.59,2.59,25050
HMC,2014-07-08,2.59,2.59,2.56,2.59,45450
HMC,2014-07-09,2.65,2.65,2.59,2.59,2220
HMC,2014-07-10,2.59,2.59,2.56,2.59,13430
HMC,2014-07-11,2.59,2.59,2.59,2.59,50
HMC,2014-07-14,2.59,2.59,2.56,2.56,3150
HMC,2014-07-15,2.56,2.59,2.54,2.54,4710
HMC,2014-07-16,2.56,2.56,2.56,2.56,3500
HMC,2014-07-17,2.54,2.54,2.54,2.54,4180
HMC,2014-07-18,2.56,2.59,2.56,2.59,30
HMC,2014-07-21,2.59,2.59,2.59,2.59,0
HMC,2014-07-22,2.51,2.54,2.51,2.54,210
HMC,2014-07-23,2.54,2.54,2.54,2.54,2160
HMC,2014-07-24,2.56,2.56,2.54,2.54,6100
HMC,2014-07-25,2.54,2.59,2.54,2.56,10640
HMC,2014-07-28,2.54,2.54,2.48,2.51,7830
HMC,2014-07-29,2.51,2.54,2.51,2.51,4680
HMC,2014-07-30,2.56,2.56,2.51,2.51,1060
HMC,2014-07-31,2.51,2.56,2.51,2.56,4520
HMC,2014-08-01,2.51,2.56,2.51,2.56,550
HMC,2014-08-04,2.56,2.56,2.56,2.56,9000
HMC,2014-08-05,2.56,2.62,2.56,2.62,9020
HMC,2014-08-06,2.51,2.51,2.51,2.51,20
HMC,2014-08-07,2.51,2.51,2.51,2.51,0
HMC,2014-08-08,2.56,2.56,2.51,2.51,21960
HMC,2014-08-11,2.51,2.51,2.51,2.51,710
HMC,2014-08-12,2.62,2.62,2.51,2.56,310
HMC,2014-08-13,2.51,2.59,2.51,2.59,410
HMC,2014-08-14,2.59,2.59,2.59,2.59,170
HMC,2014-08-15,2.59,2.59,2.59,2.59,0
HMC,2014-08-18,2.56,2.56,2.56,2.56,5580
HMC,2014-08-19,2.54,2.54,2.54,2.54,4000
HMC,2014-08-20,2.59,2.59,2.59,2.59,10
HMC,2014-08-21,2.65,2.65,2.59,2.59,210
HMC,2014-08-22,2.59,2.62,2.59,2.59,4170
HMC,2014-08-25,2.59,2.59,2.59,2.59,320
HMC,2014-08-26,2.59,2.59,2.59,2.59,5200
HMC,2014-08-27,2.54,2.59,2.54,2.59,5880
HMC,2014-08-28,2.59,2.59,2.59,2.59,4000
HMC,2014-08-29,2.56,2.59,2.56,2.56,20700
HMC,2014-09-03,2.56,2.62,2.56,2.56,16210
HMC,2014-09-04,2.59,2.59,2.59,2.59,25320
HMC,2014-09-05,2.59,2.62,2.59,2.62,17100
HMC,2014-09-08,2.62,2.62,2.45,2.62,61810
HMC,2014-09-09,2.62,2.65,2.56,2.56,82340
HMC,2014-09-10,2.56,2.62,2.56,2.62,22910
HMC,2014-09-11,2.59,2.62,2.59,2.62,41470
HMC,2014-09-12,2.59,2.65,2.59,2.65,16960
HMC,2014-09-15,2.65,2.68,2.62,2.62,10450
HMC,2014-09-16,2.62,2.62,2.62,2.62,0
HMC,2014-09-17,2.59,2.62,2.59,2.62,5030
HMC,2014-09-18,2.59,2.62,2.59,2.62,25000
HMC,2014-09-19,2.62,2.62,2.62,2.62,0
HMC,2014-09-22,2.59,2.59,2.59,2.59,5110
HMC,2014-09-23,2.59,2.59,2.59,2.59,10000
HMC,2014-09-24,2.59,2.59,2.56,2.59,410
HMC,2014-09-25,2.56,2.59,2.56,2.56,2370
HMC,2014-09-26,2.54,2.59,2.54,2.59,30
HMC,2014-09-29,2.56,2.59,2.56,2.59,220
HMC,2014-09-30,2.54,2.59,2.54,2.59,3230
HMC,2014-10-01,2.73,2.73,2.62,2.65,21010
HMC,2014-10-02,2.65,2.65,2.62,2.65,570
HMC,2014-10-03,2.7,2.7,2.59,2.62,1620
HMC,2014-10-06,2.62,2.65,2.59,2.65,16260
HMC,2014-10-07,2.62,2.62,2.62,2.62,2150
HMC,2014-10-08,2.62,2.68,2.62,2.62,43030
HMC,2014-10-09,2.62,2.68,2.62,2.68,22710
HMC,2014-10-10,2.65,2.68,2.62,2.68,20170
HMC,2014-10-13,2.62,2.68,2.62,2.68,4410
HMC,2014-10-14,2.68,2.7,2.68,2.7,4200
HMC,2014-10-15,2.62,2.68,2.62,2.68,780
HMC,2014-10-16,2.68,2.68,2.59,2.68,2640
HMC,2014-10-17,2.68,2.68,2.68,2.68,0
HMC,2014-10-20,2.68,2.68,2.62,2.62,330
HMC,2014-10-21,2.65,2.65,2.51,2.62,1720
HMC,2014-10-22,2.62,2.62,2.62,2.62,8830
HMC,2014-10-23,2.65,2.65,2.56,2.65,40
HMC,2014-10-24,2.62,2.62,2.56,2.62,12030
HMC,2014-10-27,2.62,2.62,2.62,2.62,0
HMC,2014-10-28,2.59,2.62,2.56,2.62,1210
HMC,2014-10-29,2.56,2.62,2.54,2.62,2020
HMC,2014-10-30,2.56,2.62,2.54,2.62,7760
HMC,2014-10-31,2.62,2.62,2.62,2.62,0
HMC,2014-11-03,2.62,2.62,2.62,2.62,0
HMC,2014-11-04,2.62,2.62,2.62,2.62,10
HMC,2014-11-05,2.62,2.65,2.56,2.56,10080
HMC,2014-11-06,2.62,2.68,2.62,2.65,23810
HMC,2014-11-07,2.7,2.7,2.7,2.7,10
HMC,2014-11-10,2.7,2.7,2.7,2.7,70
HMC,2014-11-11,2.59,2.68,2.59,2.68,20
HMC,2014-11-12,2.59,2.59,2.59,2.59,10
HMC,2014-11-13,2.59,2.59,2.59,2.59,0
HMC,2014-11-14,2.59,2.59,2.59,2.59,0
HMC,2014-11-17,2.59,2.59,2.59,2.59,0
HMC,2014-11-18,2.59,2.59,2.59,2.59,2800
HMC,2014-11-19,2.68,2.68,2.68,2.68,10
HMC,2014-11-20,2.68,2.68,2.62,2.68,210
HMC,2014-11-21,2.56,2.68,2.56,2.68,940
HMC,2014-11-24,2.62,2.68,2.62,2.68,10010
HMC,2014-11-25,2.62,2.7,2.62,2.62,580
HMC,2014-11-26,2.62,2.62,2.59,2.59,1140
HMC,2014-11-27,2.59,2.59,2.59,2.59,20
HMC,2014-11-28,2.62,2.62,2.62,2.62,1020
HMC,2014-12-01,2.62,2.62,2.62,2.62,3130
HMC,2014-12-02,2.62,2.62,2.59,2.59,1320
HMC,2014-12-03,2.56,2.62,2.56,2.62,3460
HMC,2014-12-04,2.59,2.68,2.56,2.59,820
HMC,2014-12-05,2.59,2.59,2.59,2.59,20
HMC,2014-12-08,2.62,2.62,2.56,2.59,890
HMC,2014-12-09,2.56,2.56,2.56,2.56,2230
HMC,2014-12-10,2.56,2.56,2.56,2.56,430
HMC,2014-12-11,2.56,2.59,2.56,2.59,820
HMC,2014-12-12,2.54,2.59,2.54,2.59,50
HMC,2014-12-15,2.59,2.59,2.56,2.56,210
HMC,2014-12-16,2.59,2.59,2.59,2.59,10
HMC,2014-12-17,2.59,2.65,2.56,2.62,280
HMC,2014-12-18,2.56,2.59,2.51,2.56,6710
HMC,2014-12-19,2.54,2.59,2.54,2.56,1440
HMC,2014-12-22,2.54,2.59,2.54,2.59,80
HMC,2014-12-23,2.54,2.59,2.54,2.59,1020
HMC,2014-12-24,2.54,2.59,2.54,2.59,640
HMC,2014-12-25,2.54,2.56,2.54,2.56,260
HMC,2014-12-26,2.54,2.54,2.54,2.54,100
HMC,2014-12-29,2.56,2.56,2.51,2.51,300
HMC,2014-12-30,2.56,2.59,2.56,2.56,1020
HMC,2014-12-31,2.59,2.62,2.54,2.62,120
HMC,2015-01-05,2.59,2.62,2.56,2.62,2040
HMC,2015-01-06,2.59,2.59,2.56,2.56,4350
HMC,2015-01-07,2.56,2.59,2.56,2.59,1570
HMC,2015-01-08,2.59,2.62,2.59,2.62,5240
HMC,2015-01-09,2.59,2.62,2.59,2.62,5200
HMC,2015-01-12,2.62,2.62,2.59,2.62,10620
HMC,2015-01-13,2.62,2.73,2.62,2.73,9000
HMC,2015-01-14,2.7,2.73,2.62,2.7,12830
HMC,2015-01-15,2.62,2.68,2.56,2.68,5510
HMC,2015-01-16,2.59,2.59,2.59,2.59,420
HMC,2015-01-19,2.59,2.62,2.59,2.62,20
HMC,2015-01-20,2.65,2.65,2.65,2.65,90
HMC,2015-01-21,2.62,2.68,2.59,2.68,160
HMC,2015-01-22,2.59,2.62,2.54,2.62,4710
HMC,2015-01-23,2.62,2.68,2.56,2.65,1390
HMC,2015-01-26,2.65,2.73,2.65,2.7,8850
HMC,2015-01-27,2.68,2.68,2.65,2.65,3040
HMC,2015-01-28,2.68,2.7,2.65,2.65,3530
HMC,2015-01-29,2.68,2.73,2.68,2.73,6330
HMC,2015-01-30,2.65,2.76,2.65,2.7,19120
HMC,2015-02-02,2.68,2.73,2.68,2.68,9660
HMC,2015-02-03,2.68,2.7,2.68,2.7,330
HMC,2015-02-04,2.68,2.7,2.68,2.68,3950
HMC,2015-02-05,2.68,2.7,2.68,2.68,3270
HMC,2015-02-06,2.7,2.7,2.68,2.68,4630
HMC,2015-02-09,2.68,2.73,2.68,2.68,4090
HMC,2015-02-10,2.68,2.7,2.68,2.7,9000
HMC,2015-02-11,2.73,2.73,2.59,2.7,3140
HMC,2015-02-12,2.7,2.76,2.7,2.7,2930
HMC,2015-02-13,2.73,2.76,2.73,2.76,1770
HMC,2015-02-24,2.79,2.79,2.73,2.76,5700
HMC,2015-02-25,2.73,2.73,2.7,2.7,14550
HMC,2015-02-26,2.7,2.73,2.7,2.7,220
HMC,2015-02-27,2.73,2.73,2.54,2.7,6110
HMC,2015-03-02,2.68,2.76,2.68,2.73,9170
HMC,2015-03-03,2.73,2.73,2.73,2.73,8570
HMC,2015-03-04,2.73,2.76,2.73,2.76,7070
HMC,2015-03-05,2.7,2.76,2.7,2.76,4470
HMC,2015-03-06,2.76,2.76,2.68,2.68,5630
HMC,2015-03-09,2.68,2.68,2.68,2.68,5000
HMC,2015-03-10,2.68,2.73,2.68,2.73,310
HMC,2015-03-11,2.73,2.73,2.73,2.73,20
HMC,2015-03-12,2.68,2.68,2.68,2.68,30
HMC,2015-03-13,2.68,2.68,2.68,2.68,2110
HMC,2015-03-16,2.7,2.7,2.7,2.7,3200
HMC,2015-03-17,2.7,2.7,2.68,2.68,1500
HMC,2015-03-18,2.68,2.68,2.68,2.68,0
HMC,2015-03-19,2.68,2.68,2.62,2.62,2030
HMC,2015-03-20,2.68,2.7,2.65,2.7,14710
HMC,2015-03-23,2.7,2.7,2.68,2.68,7020
HMC,2015-03-24,2.68,2.79,2.65,2.79,9110
HMC,2015-03-25,2.73,2.73,2.68,2.7,5120
HMC,2015-03-26,2.68,2.7,2.68,2.7,15510
HMC,2015-03-27,2.68,2.68,2.68,2.68,11680
HMC,2015-03-30,2.68,2.68,2.68,2.68,4030
HMC,2015-03-31,2.7,2.7,2.68,2.7,11300
HMC,2015-04-01,2.68,2.7,2.68,2.68,16530
HMC,2015-04-02,2.68,2.7,2.68,2.7,5030
HMC,2015-04-03,2.7,2.73,2.68,2.7,14650
HMC,2015-04-06,2.7,2.73,2.7,2.7,57700
HMC,2015-04-07,2.73,2.73,2.7,2.7,6100
HMC,2015-04-08,2.7,2.7,2.7,2.7,44470
HMC,2015-04-09,2.79,2.79,2.68,2.73,54170
HMC,2015-04-10,2.73,2.76,2.7,2.76,10020
HMC,2015-04-13,2.73,2.73,2.7,2.7,3010
HMC,2015-04-14,2.73,2.73,2.7,2.7,2290
HMC,2015-04-15,2.7,2.73,2.7,2.73,5310
HMC,2015-04-16,2.79,2.79,2.7,2.7,26270
HMC,2015-04-17,2.73,2.73,2.73,2.73,4000
HMC,2015-04-20,2.73,2.73,2.7,2.73,8030
HMC,2015-04-21,2.7,2.7,2.7,2.7,24310
HMC,2015-04-22,2.7,2.7,2.7,2.7,3220
HMC,2015-04-23,2.7,2.7,2.7,2.7,19230
HMC,2015-04-24,2.7,2.7,2.56,2.56,17060
HMC,2015-04-27,2.7,2.7,2.7,2.7,40
HMC,2015-05-04,2.62,2.65,2.62,2.65,5550
HMC,2015-05-05,2.59,2.62,2.59,2.62,20
HMC,2015-05-06,2.62,2.65,2.62,2.65,5630
HMC,2015-05-07,2.62,2.7,2.62,2.7,110
HMC,2015-05-08,2.59,2.59,2.59,2.59,10
HMC,2015-05-11,2.65,2.65,2.65,2.65,10000
HMC,2015-05-12,2.68,2.73,2.65,2.65,25370
HMC,2015-05-13,2.65,2.7,2.65,2.65,1850
HMC,2015-05-14,2.65,2.65,2.65,2.65,50
HMC,2015-05-15,2.73,2.73,2.65,2.65,7500
HMC,2015-05-18,2.62,2.65,2.62,2.65,5650
HMC,2015-05-19,2.65,2.65,2.65,2.65,100
HMC,2015-05-20,2.7,2.73,2.7,2.7,7520
HMC,2015-05-21,2.7,2.7,2.68,2.68,250
HMC,2015-05-22,2.73,2.73,2.68,2.68,4470
HMC,2015-05-25,2.68,2.68,2.68,2.68,0
HMC,2015-05-26,2.7,2.7,2.7,2.7,700
HMC,2015-05-27,2.76,2.76,2.7,2.7,3650
HMC,2015-05-28,2.68,2.79,2.68,2.73,910
HMC,2015-05-29,2.76,2.76,2.73,2.76,41520
HMC,2015-06-01,2.82,2.82,2.79,2.79,7660
HMC,2015-06-02,2.79,2.79,2.76,2.76,5230
HMC,2015-06-03,2.79,2.79,2.73,2.73,30
HMC,2015-06-04,2.76,2.76,2.76,2.76,17110
HMC,2015-06-05,2.79,2.79,2.73,2.73,14530
HMC,2015-06-08,2.79,2.79,2.73,2.76,5560
HMC,2015-06-09,2.76,2.79,2.76,2.79,11830
HMC,2015-06-10,2.79,2.82,2.73,2.79,31600
HMC,2015-06-11,2.94,2.94,2.82,2.82,12520
HMC,2015-06-12,2.82,2.82,2.79,2.79,760
HMC,2015-06-15,2.82,2.82,2.79,2.79,60
HMC,2015-06-16,2.79,2.82,2.76,2.76,380
HMC,2015-06-17,2.76,2.82,2.76,2.76,4760
HMC,2015-06-18,2.79,2.79,2.76,2.76,520
HMC,2015-06-19,2.76,2.94,2.76,2.79,230
HMC,2015-06-22,2.85,2.85,2.85,2.85,18600
HMC,2015-06-23,2.79,2.79,2.79,2.79,20
HMC,2015-06-24,2.82,2.82,2.79,2.79,10900
HMC,2015-06-25,2.79,2.79,2.63,2.63,170
HMC,2015-06-26,2.79,2.79,2.73,2.73,1720
HMC,2015-06-29,2.66,2.66,2.66,2.66,10
HMC,2015-06-30,2.82,2.82,2.82,2.82,3020
HMC,2015-07-01,2.76,2.76,2.76,2.76,10
HMC,2015-07-02,2.82,2.85,2.82,2.82,1320
HMC,2015-07-03,2.82,2.82,2.79,2.79,1110
HMC,2015-07-06,2.82,2.82,2.82,2.82,250
HMC,2015-07-07,2.82,2.88,2.79,2.82,750
HMC,2015-07-08,2.85,2.85,2.79,2.79,5490
HMC,2015-07-09,2.79,2.79,2.79,2.79,40
HMC,2015-07-10,2.88,2.88,2.79,2.85,3350
HMC,2015-07-13,2.82,2.88,2.82,2.82,11020
HMC,2015-07-14,2.85,2.91,2.79,2.82,19630
HMC,2015-07-15,2.85,2.85,2.82,2.82,4930
HMC,2015-07-16,2.82,2.82,2.82,2.82,10
HMC,2015-07-17,2.85,2.88,2.82,2.82,2050
HMC,2015-07-20,2.82,2.88,2.82,2.82,2150
HMC,2015-07-21,2.82,2.82,2.79,2.79,1910
HMC,2015-07-22,2.79,2.79,2.76,2.76,4010
HMC,2015-07-23,2.76,2.76,2.6,2.6,1600
HMC,2015-07-24,2.69,2.76,2.69,2.76,4100
HMC,2015-07-27,2.73,2.76,2.73,2.76,30
HMC,2015-07-28,2.73,2.79,2.73,2.79,40
HMC,2015-07-29,2.79,2.82,2.79,2.82,6510
HMC,2015-07-30,2.79,2.82,2.73,2.79,4220
HMC,2015-07-31,2.79,2.85,2.79,2.85,11220
HMC,2015-08-03,2.79,2.79,2.79,2.79,16850
HMC,2015-08-04,2.79,2.79,2.79,2.79,3000
HMC,2015-08-05,2.79,2.79,2.76,2.76,16260
HMC,2015-08-06,2.79,2.79,2.76,2.76,6680
HMC,2015-08-07,2.76,2.76,2.76,2.76,0
HMC,2015-08-10,2.76,2.76,2.76,2.76,0
HMC,2015-08-11,2.79,2.79,2.76,2.76,5010
HMC,2015-08-12,2.76,2.76,2.76,2.76,0
HMC,2015-08-13,2.76,2.76,2.73,2.73,8960
HMC,2015-08-14,2.66,2.73,2.66,2.73,910
HMC,2015-08-17,2.73,2.76,2.66,2.73,1060
HMC,2015-08-18,2.73,2.73,2.73,2.73,0
HMC,2015-08-19,2.73,2.73,2.73,2.73,620
HMC,2015-08-20,2.66,2.66,2.66,2.66,30
HMC,2015-08-21,2.76,2.76,2.48,2.76,30
HMC,2015-08-24,2.73,2.85,2.63,2.63,670
HMC,2015-08-25,2.76,2.79,2.6,2.6,18080
HMC,2015-08-26,2.45,2.45,2.45,2.45,2210
HMC,2015-08-27,2.57,2.6,2.42,2.48,12030
HMC,2015-08-28,2.6,2.6,2.6,2.6,6680
HMC,2015-08-31,2.6,2.63,2.57,2.57,6000
HMC,2015-09-01,2.57,2.6,2.57,2.6,2010
HMC,2015-09-03,2.6,2.63,2.57,2.57,3110
HMC,2015-09-04,2.57,2.6,2.57,2.57,2750
HMC,2015-09-07,2.6,2.6,2.54,2.54,2510
HMC,2015-09-08,2.57,2.57,2.57,2.57,11140
HMC,2015-09-09,2.57,2.57,2.57,2.57,0
HMC,2015-09-10,2.57,2.57,2.57,2.57,0
HMC,2015-09-11,2.57,2.57,2.54,2.54,13110
HMC,2015-09-14,2.57,2.57,2.51,2.51,20110
HMC,2015-09-15,2.51,2.54,2.51,2.54,310
HMC,2015-09-16,2.54,2.54,2.54,2.54,1410
HMC,2015-09-17,2.54,2.54,2.51,2.54,4120
HMC,2015-09-18,2.54,2.54,2.51,2.54,14290
HMC,2015-09-21,2.57,2.57,2.57,2.57,2000
HMC,2015-09-22,2.57,2.57,2.48,2.48,2310
HMC,2015-09-23,2.54,2.54,2.51,2.54,4010
HMC,2015-09-24,2.54,2.54,2.54,2.54,2650
HMC,2015-09-25,2.51,2.54,2.51,2.54,6610
HMC,2015-09-28,2.51,2.51,2.48,2.48,11440
HMC,2015-09-29,2.48,2.51,2.48,2.48,13950
HMC,2015-09-30,2.51,2.51,2.45,2.45,46060
HMC,2015-10-01,2.48,2.48,2.45,2.45,340
HMC,2015-10-02,2.45,2.45,2.45,2.45,7820
HMC,2015-10-05,2.42,2.42,2.42,2.42,5230
HMC,2015-10-06,2.45,2.48,2.38,2.38,310
HMC,2015-10-07,2.42,2.45,2.35,2.38,17550
HMC,2015-10-08,2.42,2.45,2.38,2.42,21140
HMC,2015-10-09,2.42,2.48,2.38,2.38,27150
HMC,2015-10-12,2.42,2.42,2.38,2.38,7000
HMC,2015-10-13,2.38,2.45,2.38,2.38,12990
HMC,2015-10-14,2.38,2.45,2.38,2.42,27560
HMC,2015-10-15,2.45,2.45,2.42,2.42,4020
HMC,2015-10-16,2.45,2.45,2.42,2.42,5090
HMC,2015-10-19,2.42,2.45,2.42,2.45,8450
HMC,2015-10-20,2.42,2.45,2.42,2.45,5550
HMC,2015-10-21,2.45,2.45,2.42,2.42,11310
HMC,2015-10-22,2.45,2.45,2.42,2.45,55610
HMC,2015-10-23,2.38,2.42,2.35,2.38,36680
HMC,2015-10-26,2.38,2.38,2.35,2.38,20580
HMC,2015-10-27,2.38,2.42,2.35,2.42,5350
HMC,2015-10-28,2.38,2.38,2.38,2.38,500
HMC,2015-10-29,2.35,2.42,2.32,2.42,150
HMC,2015-10-30,2.29,2.38,2.29,2.35,4750
HMC,2015-11-02,2.38,2.38,2.32,2.32,110
HMC,2015-11-03,2.38,2.38,2.38,2.38,10
HMC,2015-11-04,2.42,2.42,2.38,2.42,1120
HMC,2015-11-05,2.32,2.38,2.32,2.35,820
HMC,2015-11-06,2.35,2.38,2.35,2.38,110
HMC,2015-11-09,2.35,2.38,2.35,2.38,2020
HMC,2015-11-10,2.42,2.42,2.42,2.42,10
HMC,2015-11-11,2.38,2.38,2.38,2.38,1000
HMC,2015-11-12,2.29,2.29,2.29,2.29,10
HMC,2015-11-13,2.35,2.42,2.35,2.42,930
HMC,2015-11-16,2.32,2.32,2.29,2.29,5860
HMC,2015-11-17,2.29,2.35,2.23,2.35,1210
HMC,2015-11-18,2.26,2.32,2.2,2.29,7880
HMC,2015-11-19,2.14,2.26,2.14,2.26,3340
HMC,2015-11-20,2.29,2.29,2.23,2.29,5090
HMC,2015-11-23,2.26,2.26,2.2,2.2,11500
HMC,2015-11-24,2.23,2.23,2.2,2.23,1020
HMC,2015-11-25,2.23,2.26,2.23,2.26,1600
HMC,2015-11-26,2.23,2.26,2.23,2.26,30
HMC,2015-11-27,2.26,2.26,2.26,2.26,10
HMC,2015-11-30,2.26,2.26,2.26,2.26,510
HMC,2015-12-01,2.23,2.26,2.2,2.26,120
HMC,2015-12-02,2.26,2.26,2.26,2.26,0
HMC,2015-12-03,2.23,2.26,2.11,2.23,1020
HMC,2015-12-04,2.26,2.26,2.26,2.26,10
HMC,2015-12-07,2.2,2.26,2.2,2.26,5010
HMC,2015-12-08,2.23,2.23,2.2,2.2,40
HMC,2015-12-09,2.23,2.23,2.23,2.23,4660
HMC,2015-12-10,2.2,2.23,2.17,2.23,1850
HMC,2015-12-11,2.23,2.23,2.23,2.23,20
HMC,2015-12-14,2.17,2.26,2.17,2.26,950
HMC,2015-12-15,2.23,2.23,2.2,2.23,2220
HMC,2015-12-16,2.2,2.2,2.17,2.17,620
HMC,2015-12-17,2.14,2.23,2.14,2.2,1000
HMC,2015-12-18,2.23,2.23,2.17,2.2,1200
HMC,2015-12-21,2.2,2.2,2.2,2.2,20
HMC,2015-12-22,2.23,2.23,2.17,2.17,40
HMC,2015-12-23,2.17,2.17,2.07,2.14,1240
HMC,2015-12-24,2.14,2.17,2.01,2.17,46100
HMC,2015-12-25,2.11,2.17,2.11,2.17,3790
HMC,2015-12-28,2.17,2.17,2.17,2.17,0
HMC,2015-12-29,2.17,2.17,2.11,2.14,360
HMC,2015-12-30,2.14,2.17,2.14,2.14,5520
HMC,2015-12-31,2.11,2.17,2.11,2.17,3660
HMC,2016-01-04,2.17,2.17,2.17,2.17,0
HMC,2016-01-05,2.11,2.17,2.11,2.17,2400
HMC,2016-01-06,2.17,2.2,2.17,2.17,1860
HMC,2016-01-07,2.14,2.17,2.11,2.17,1020
HMC,2016-01-08,2.14,2.17,2.14,2.17,60
HMC,2016-01-11,2.11,2.11,2.11,2.11,50
HMC,2016-01-12,2.17,2.17,2.17,2.17,10
HMC,2016-01-13,2.17,2.17,2.17,2.17,30
HMC,2016-01-14,2.17,2.17,2.17,2.17,30
HMC,2016-01-15,2.14,2.14,2.07,2.07,670
HMC,2016-01-18,2.07,2.17,2.01,2.01,320
HMC,2016-01-19,2.14,2.14,2.11,2.11,31890
HMC,2016-01-20,2.14,2.17,2.11,2.14,4330
HMC,2016-01-21,2.01,2.14,2.01,2.14,47710
HMC,2016-01-22,2.11,2.11,2.01,2.01,55640
HMC,2016-01-25,2.01,2.07,1.89,2.04,2350
HMC,2016-01-26,2.04,2.04,1.98,2.04,570
HMC,2016-01-27,2.01,2.11,2.01,2.11,4290
HMC,2016-01-28,2.07,2.07,2.04,2.07,30
HMC,2016-01-29,2.04,2.07,2.04,2.07,60
HMC,2016-02-01,2.04,2.04,2.01,2.01,8140
HMC,2016-02-02,2.04,2.07,2.01,2.07,80
HMC,2016-02-03,2.07,2.11,2.07,2.07,220
HMC,2016-02-04,2.11,2.11,2.07,2.07,140
HMC,2016-02-05,2.11,2.14,2.01,2.11,2160
HMC,2016-02-15,2.14,2.14,2.14,2.14,30
HMC,2016-02-16,2.07,2.14,2.04,2.14,40
HMC,2016-02-17,2.11,2.14,2.07,2.14,60
HMC,2016-02-18,2.17,2.17,2.17,2.17,10
HMC,2016-02-19,2.17,2.2,2.17,2.2,1670
HMC,2016-02-22,2.2,2.23,2.17,2.23,1770
HMC,2016-02-23,2.23,2.23,2.14,2.14,290
HMC,2016-02-24,2.2,2.23,2.17,2.17,2170
HMC,2016-02-25,2.23,2.23,2.17,2.2,2070
HMC,2016-02-26,2.17,2.2,2.11,2.17,11480
HMC,2016-02-29,2.14,2.14,2.14,2.14,510
HMC,2016-03-01,2.11,2.14,2.11,2.14,210
HMC,2016-03-02,2.14,2.17,2.14,2.14,610
HMC,2016-03-03,2.11,2.17,2.11,2.17,110
HMC,2016-03-04,2.17,2.17,2.17,2.17,0
HMC,2016-03-07,2.07,2.17,2.07,2.17,890
HMC,2016-03-08,2.11,2.11,2.11,2.11,10
HMC,2016-03-09,2.07,2.17,2.07,2.17,5080
HMC,2016-03-10,2.14,2.17,2.11,2.17,3290
HMC,2016-03-11,2.17,2.23,2.11,2.17,8240
HMC,2016-03-14,2.14,2.17,2.14,2.17,26680
HMC,2016-03-15,2.17,2.17,2.17,2.17,5030
HMC,2016-03-16,2.14,2.17,2.11,2.17,7030
HMC,2016-03-17,2.17,2.17,2.17,2.17,6080
HMC,2016-03-18,2.17,2.17,2.17,2.17,10
HMC,2016-03-21,2.14,2.17,2.14,2.17,3010
HMC,2016-03-22,2.14,2.17,2.14,2.17,720
HMC,2016-03-23,2.14,2.17,2.14,2.17,3060
HMC,2016-03-24,2.17,2.2,2.17,2.2,45130
HMC,2016-03-25,2.2,2.32,2.2,2.29,121630
HMC,2016-03-28,2.35,2.35,2.29,2.29,18300
HMC,2016-03-29,2.29,2.35,2.29,2.35,8780
HMC,2016-03-30,2.29,2.35,2.23,2.32,10640
HMC,2016-03-31,2.29,2.32,2.26,2.32,2650
HMC,2016-04-01,2.23,2.32,2.23,2.26,3170
HMC,2016-04-04,2.26,2.26,2.23,2.26,11510
HMC,2016-04-05,2.26,2.35,2.2,2.26,8590
HMC,2016-04-06,2.26,2.29,2.2,2.26,7790
HMC,2016-04-07,2.26,2.29,2.2,2.2,3730
HMC,2016-04-08,2.2,2.23,2.2,2.23,4100
HMC,2016-04-11,2.26,2.29,2.26,2.26,6000
HMC,2016-04-12,2.26,2.29,2.23,2.23,4040
HMC,2016-04-13,2.29,2.29,2.23,2.23,7180
HMC,2016-04-14,2.23,2.29,2.23,2.26,2640
HMC,2016-04-15,2.23,2.29,2.23,2.23,12750
HMC,2016-04-19,2.23,2.23,2.2,2.23,9310
HMC,2016-04-20,2.23,2.32,2.23,2.23,12600
HMC,2016-04-21,2.26,2.26,2.23,2.26,35070
HMC,2016-04-22,2.26,2.35,2.26,2.35,76780
HMC,2016-04-25,2.42,2.48,2.38,2.42,38790
HMC,2016-04-26,2.38,2.38,2.32,2.32,10300
HMC,2016-04-27,2.29,2.32,2.29,2.29,15840
HMC,2016-04-28,2.26,2.26,2.23,2.26,25020
HMC,2016-04-29,2.23,2.29,2.2,2.29,290
HMC,2016-05-04,2.29,2.29,2.23,2.29,10460
HMC,2016-05-05,2.29,2.32,2.23,2.23,39570
HMC,2016-05-06,2.26,2.26,2.17,2.23,53410
HMC,2016-05-09,2.2,2.23,2.17,2.23,19100
HMC,2016-05-10,2.2,2.23,2.2,2.23,80
HMC,2016-05-11,2.23,2.23,2.2,2.2,6480
HMC,2016-05-12,2.2,2.23,2.2,2.23,14710
HMC,2016-05-13,2.23,2.35,2.2,2.23,16760
HMC,2016-05-16,2.2,2.23,2.2,2.23,92590
HMC,2016-05-17,2.23,2.23,2.2,2.23,55290
HMC,2016-05-18,2.2,2.23,2.2,2.23,95690
HMC,2016-05-19,2.2,2.23,2.2,2.23,28250
HMC,2016-05-20,2.2,2.23,2.17,2.17,48540
HMC,2016-05-23,2.17,2.2,2.17,2.2,3350
HMC,2016-05-24,2.2,2.23,2.2,2.23,32570
HMC,2016-05-25,2.2,2.23,2.2,2.23,4910
HMC,2016-05-26,2.23,2.23,2.23,2.23,1000
HMC,2016-05-27,2.2,2.23,2.2,2.23,8800
HMC,2016-05-30,2.23,2.23,2.23,2.23,0
HMC,2016-05-31,2.2,2.2,2.2,2.2,33030
HMC,2016-06-01,2.23,2.23,2.2,2.23,1420
HMC,2016-06-02,2.23,2.23,2.23,2.23,0
HMC,2016-06-03,2.2,2.26,2.2,2.26,6960
HMC,2016-06-06,2.26,2.26,2.23,2.26,300
HMC,2016-06-07,2.23,2.23,2.2,2.2,4240
HMC,2016-06-08,2.2,2.2,2.2,2.2,69000
HMC,2016-06-09,2.23,2.29,2.2,2.26,9940
HMC,2016-06-10,2.26,2.32,2.26,2.29,18000
HMC,2016-06-13,2.26,2.29,2.26,2.29,310
HMC,2016-06-14,2.32,2.32,2.2,2.2,10530
HMC,2016-06-15,2.26,2.26,2.23,2.23,1010
HMC,2016-06-16,2.23,2.32,2.23,2.32,38010
HMC,2016-06-17,2.29,2.32,2.26,2.32,60910
HMC,2016-06-20,2.29,2.29,2.26,2.29,17960
HMC,2016-06-21,2.29,2.45,2.29,2.45,95100
HMC,2016-06-22,2.42,2.6,2.42,2.57,45240
HMC,2016-06-23,2.54,2.57,2.45,2.57,81100
HMC,2016-06-24,2.45,2.51,2.42,2.51,16010
HMC,2016-06-27,2.51,2.51,2.42,2.48,2040
HMC,2016-06-28,2.42,2.48,2.42,2.48,220
HMC,2016-06-29,2.48,2.54,2.48,2.54,20660
HMC,2016-06-30,2.48,2.48,2.38,2.38,49610
HMC,2016-07-01,2.38,2.45,2.38,2.45,750
HMC,2016-07-04,2.45,2.48,2.45,2.48,23840
HMC,2016-07-05,2.45,2.54,2.45,2.48,18190
HMC,2016-07-06,2.48,2.57,2.48,2.54,14080
HMC,2016-07-07,2.54,2.54,2.48,2.54,21920
HMC,2016-07-08,2.51,2.57,2.48,2.48,45840
HMC,2016-07-11,2.48,2.54,2.48,2.54,57830
HMC,2016-07-12,2.54,2.57,2.48,2.48,21590
HMC,2016-07-13,2.54,2.54,2.48,2.48,3460
HMC,2016-07-14,2.51,2.54,2.51,2.51,24510
HMC,2016-07-15,2.54,2.57,2.51,2.57,133140
HMC,2016-07-18,2.6,2.6,2.57,2.6,9450
HMC,2016-07-19,2.6,2.63,2.6,2.63,1100
HMC,2016-07-20,2.63,2.63,2.51,2.6,19020
HMC,2016-07-21,2.57,2.63,2.57,2.6,19520
HMC,2016-07-22,2.54,2.54,2.54,2.54,600
HMC,2016-07-25,2.54,2.6,2.54,2.6,4640
HMC,2016-07-26,2.54,2.6,2.54,2.6,3380
HMC,2016-07-27,2.73,2.73,2.63,2.66,11270
HMC,2016-07-28,2.69,2.69,2.63,2.63,700
HMC,2016-07-29,2.66,2.66,2.57,2.6,7450
HMC,2016-08-01,2.51,2.6,2.51,2.6,7610
HMC,2016-08-02,2.54,2.57,2.54,2.57,28100
HMC,2016-08-03,2.51,2.54,2.51,2.54,9390
HMC,2016-08-04,2.57,2.57,2.57,2.57,10
HMC,2016-08-05,2.54,2.54,2.54,2.54,30
HMC,2016-08-08,2.54,2.57,2.54,2.57,16120
HMC,2016-08-09,2.51,2.57,2.51,2.57,5510
HMC,2016-08-10,2.54,2.57,2.54,2.57,13870
HMC,2016-08-11,2.6,2.6,2.6,2.6,150
HMC,2016-08-12,2.57,2.57,2.54,2.54,9190
HMC,2016-08-15,2.54,2.57,2.54,2.57,1010
HMC,2016-08-16,2.54,2.57,2.54,2.57,9100
HMC,2016-08-17,2.54,2.54,2.54,2.54,12200
HMC,2016-08-18,2.6,2.6,2.6,2.6,10
HMC,2016-08-19,2.54,2.57,2.54,2.54,23810
HMC,2016-08-22,2.54,2.54,2.54,2.54,18310
HMC,2016-08-23,2.54,2.54,2.54,2.54,14800
HMC,2016-08-24,2.54,2.57,2.54,2.54,12580
HMC,2016-08-25,2.54,2.6,2.54,2.6,160
HMC,2016-08-26,2.63,2.63,2.63,2.63,70
HMC,2016-08-29,2.57,2.6,2.57,2.6,3010
HMC,2016-08-30,2.57,2.57,2.57,2.57,160
HMC,2016-08-31,2.66,2.66,2.54,2.54,20
HMC,2016-09-01,2.57,2.57,2.54,2.54,2800
HMC,2016-09-05,2.6,2.6,2.54,2.54,40
HMC,2016-09-06,2.54,2.57,2.54,2.57,1090
HMC,2016-09-07,2.6,2.6,2.6,2.6,10
HMC,2016-09-08,2.6,2.6,2.54,2.54,20
HMC,2016-09-09,2.57,2.57,2.57,2.57,10
HMC,2016-09-12,2.54,2.54,2.54,2.54,5500
HMC,2016-09-13,2.57,2.57,2.57,2.57,20
HMC,2016-09-14,2.54,2.54,2.54,2.54,10490
HMC,2016-09-15,2.54,2.63,2.54,2.63,2540
HMC,2016-09-16,2.63,2.63,2.63,2.63,0
HMC,2016-09-19,2.54,2.54,2.54,2.54,1790
HMC,2016-09-20,2.54,2.54,2.54,2.54,1280
HMC,2016-09-21,2.54,2.54,2.54,2.54,0
HMC,2016-09-22,2.6,2.6,2.55,2.55,10200
HMC,2016-09-23,2.55,2.6,2.51,2.6,1110
HMC,2016-09-26,2.54,2.6,2.54,2.6,270
HMC,2016-09-27,2.54,2.55,2.54,2.55,2200
HMC,2016-09-28,2.54,2.55,2.54,2.55,4030
HMC,2016-09-29,2.57,2.57,2.57,2.57,200
HMC,2016-09-30,2.55,2.57,2.55,2.57,100
HMC,2016-10-03,2.57,2.57,2.57,2.57,0
HMC,2016-10-04,2.55,2.55,2.55,2.55,110
HMC,2016-10-05,2.55,2.55,2.55,2.55,280
HMC,2016-10-06,2.55,2.57,2.55,2.57,8000
HMC,2016-10-07,2.63,2.63,2.57,2.57,6940
HMC,2016-10-10,2.57,2.57,2.57,2.57,20
HMC,2016-10-11,2.57,2.57,2.57,2.57,2390
HMC,2016-10-12,2.62,2.62,2.62,2.62,1000
HMC,2016-10-13,2.55,2.6,2.55,2.6,40
HMC,2016-10-14,2.55,2.61,2.55,2.61,510
HMC,2016-10-17,2.57,2.62,2.57,2.62,310
HMC,2016-10-18,2.62,2.62,2.62,2.62,0
HMC,2016-10-19,2.57,2.6,2.57,2.6,1450
HMC,2016-10-20,2.6,2.6,2.6,2.6,11090
HMC,2016-10-21,2.63,2.66,2.6,2.61,4540
HMC,2016-10-24,2.63,2.79,2.63,2.79,34860
HMC,2016-10-25,2.98,2.98,2.91,2.95,82460
HMC,2016-10-26,2.95,2.95,2.95,2.95,18760
HMC,2016-10-27,2.75,2.9,2.75,2.75,11510
HMC,2016-10-28,2.59,2.73,2.55,2.66,30080
HMC,2016-10-31,2.66,2.66,2.57,2.57,18160
HMC,2016-11-01,2.57,2.66,2.57,2.66,4320
HMC,2016-11-02,2.6,2.63,2.6,2.63,4000
HMC,2016-11-03,2.6,2.63,2.6,2.62,18280
HMC,2016-11-04,2.62,2.63,2.62,2.63,3060
HMC,2016-11-07,2.61,2.66,2.6,2.66,7960
HMC,2016-11-08,2.69,2.69,2.69,2.69,10
HMC,2016-11-09,2.73,2.73,2.51,2.66,7700
HMC,2016-11-10,2.66,2.73,2.63,2.64,8050
HMC,2016-11-11,2.64,2.71,2.64,2.66,7110
HMC,2016-11-14,2.74,2.74,2.73,2.73,3210
HMC,2016-11-15,2.76,2.77,2.66,2.66,280
HMC,2016-11-16,2.69,2.7,2.67,2.7,3820
HMC,2016-11-17,2.69,2.7,2.66,2.7,6420
HMC,2016-11-18,2.67,2.7,2.67,2.7,40
HMC,2016-11-21,2.68,2.74,2.63,2.74,3750
HMC,2016-11-22,2.68,2.73,2.68,2.71,1760
HMC,2016-11-23,2.69,2.69,2.68,2.69,1650
HMC,2016-11-24,2.68,2.75,2.67,2.68,350
HMC,2016-11-25,2.68,2.73,2.68,2.69,450
HMC,2016-11-28,2.69,2.69,2.69,2.69,400
HMC,2016-11-29,2.69,2.69,2.69,2.69,90
HMC,2016-11-30,2.69,2.69,2.69,2.69,100
HMC,2016-12-01,2.69,2.73,2.69,2.73,350
HMC,2016-12-02,2.73,2.75,2.69,2.69,240
HMC,2016-12-05,2.69,2.69,2.69,2.69,590
HMC,2016-12-06,2.69,2.7,2.69,2.69,2720
HMC,2016-12-07,2.69,2.71,2.69,2.69,8630
HMC,2016-12-08,2.7,2.75,2.69,2.71,12290
HMC,2016-12-09,2.69,2.69,2.69,2.69,2950
HMC,2016-12-12,2.69,2.69,2.68,2.68,3760
HMC,2016-12-13,2.73,2.73,2.62,2.62,8510
HMC,2016-12-14,2.73,2.73,2.6,2.62,990
HMC,2016-12-15,2.69,2.69,2.63,2.68,17860
HMC,2016-12-16,2.69,2.69,2.69,2.69,600
HMC,2016-12-19,2.69,2.69,2.69,2.69,700
HMC,2016-12-20,2.63,2.65,2.63,2.64,9390
HMC,2016-12-21,2.66,2.66,2.64,2.64,3810
HMC,2016-12-22,2.64,2.69,2.64,2.69,9100
HMC,2016-12-23,2.67,2.67,2.67,2.67,540
HMC,2016-12-26,2.69,2.72,2.67,2.67,5190
HMC,2016-12-27,2.66,2.66,2.66,2.66,750
HMC,2016-12-28,2.66,2.66,2.66,2.66,50
HMC,2016-12-29,2.67,2.67,2.65,2.65,7200
HMC,2016-12-30,2.63,2.65,2.63,2.63,3180
HMC,2017-01-03,2.48,2.66,2.48,2.63,3230
HMC,2017-01-04,2.63,2.65,2.63,2.65,18690
HMC,2017-01-05,2.66,2.66,2.65,2.65,4150
HMC,2017-01-06,2.65,2.65,2.65,2.65,0
HMC,2017-01-09,2.66,2.69,2.66,2.69,1500
HMC,2017-01-10,2.69,2.69,2.69,2.69,530
HMC,2017-01-11,2.73,2.76,2.72,2.73,15200
HMC,2017-01-12,2.76,2.88,2.76,2.86,38670
HMC,2017-01-13,2.88,2.91,2.88,2.91,8920
HMC,2017-01-16,2.94,2.94,2.91,2.91,510
HMC,2017-01-17,2.91,2.91,2.91,2.91,5200
HMC,2017-01-18,2.88,2.88,2.88,2.88,7000
HMC,2017-01-19,2.79,2.88,2.79,2.88,570
HMC,2017-01-20,2.91,2.91,2.91,2.91,1200
HMC,2017-01-23,2.97,2.97,2.93,2.93,4910
HMC,2017-01-24,2.89,2.94,2.88,2.94,21960
HMC,2017-01-25,2.97,2.97,2.93,2.97,7710
HMC,2017-02-02,2.93,3.04,2.93,3.04,170
HMC,2017-02-03,3.04,3.04,3.0,3.0,4900
HMC,2017-02-06,3.04,3.04,3.0,3.0,2040
HMC,2017-02-07,2.98,2.98,2.95,2.96,5670
HMC,2017-02-08,2.93,2.93,2.91,2.91,16750
HMC,2017-02-09,2.93,2.93,2.91,2.93,3410
HMC,2017-02-10,2.97,2.97,2.91,2.97,7670
HMC,2017-02-13,3.04,3.04,2.94,3.03,8610
HMC,2017-02-14,3.03,3.05,2.96,3.03,8220
HMC,2017-02-15,3.16,3.21,3.03,3.21,81780
HMC,2017-02-16,3.28,3.42,3.28,3.38,55090
HMC,2017-02-17,3.41,3.44,3.31,3.34,32830
HMC,2017-02-20,3.28,3.31,3.17,3.31,18160
HMC,2017-02-21,3.31,3.31,3.16,3.16,69630
HMC,2017-02-22,3.16,3.25,3.16,3.25,28790
HMC,2017-02-23,3.34,3.34,3.19,3.25,38100
HMC,2017-02-24,3.22,3.22,3.16,3.22,40450
HMC,2017-02-27,3.22,3.34,3.21,3.3,66870
HMC,2017-02-28,3.22,3.31,3.22,3.28,9460
HMC,2017-03-01,3.19,3.28,3.19,3.25,13380
HMC,2017-03-02,3.19,3.25,3.16,3.22,32420
HMC,2017-03-03,3.25,3.25,3.17,3.22,11400
HMC,2017-03-06,3.22,3.24,3.21,3.21,24940
HMC,2017-03-07,3.21,3.21,3.19,3.21,13110
HMC,2017-03-08,3.19,3.21,3.19,3.19,7970
HMC,2017-03-09,3.19,3.21,3.17,3.21,1490
HMC,2017-03-10,3.17,3.21,3.14,3.21,7550
HMC,2017-03-13,3.16,3.19,3.13,3.19,10770
HMC,2017-03-14,3.19,3.19,3.19,3.19,730
HMC,2017-03-15,3.16,3.19,3.16,3.19,10010
HMC,2017-03-16,3.19,3.21,3.19,3.19,5700
HMC,2017-03-17,3.19,3.22,3.16,3.19,16730
HMC,2017-03-20,3.19,3.34,3.19,3.25,16990
HMC,2017-03-21,3.25,3.25,3.25,3.25,200
HMC,2017-03-22,3.25,3.25,3.21,3.25,6400
HMC,2017-03-23,3.25,3.25,3.21,3.25,7840
HMC,2017-03-24,3.3,3.3,3.22,3.27,8040
HMC,2017-03-27,3.27,3.27,3.16,3.25,4640
HMC,2017-03-28,3.25,3.25,3.25,3.25,290
HMC,2017-03-29,3.19,3.22,3.19,3.22,7570
HMC,2017-03-30,3.17,3.24,3.17,3.22,1310
HMC,2017-03-31,3.19,3.25,3.17,3.25,410
HMC,2017-04-03,3.33,3.33,3.22,3.22,7000
HMC,2017-04-04,3.28,3.28,3.22,3.22,32270
HMC,2017-04-05,3.22,3.28,3.22,3.25,21540
HMC,2017-04-07,3.38,3.38,3.33,3.33,20
HMC,2017-04-10,3.22,3.34,3.22,3.33,1540
HMC,2017-04-11,3.25,3.34,3.22,3.31,2250
HMC,2017-04-12,3.25,3.31,3.22,3.25,7010
HMC,2017-04-13,3.22,3.28,3.22,3.22,3520
HMC,2017-04-14,3.24,3.25,3.24,3.25,1760
HMC,2017-04-17,3.25,3.28,3.25,3.28,8360
HMC,2017-04-18,3.25,3.28,3.22,3.28,21020
HMC,2017-04-19,3.28,3.28,3.28,3.28,0
HMC,2017-04-20,3.25,3.28,3.22,3.22,2150
HMC,2017-04-21,3.22,3.25,3.19,3.25,5080
HMC,2017-04-24,3.19,3.25,3.19,3.24,2990
HMC,2017-04-25,3.22,3.25,3.19,3.25,7040
HMC,2017-04-26,3.19,3.25,3.19,3.25,20130
HMC,2017-04-27,3.21,3.24,3.19,3.21,2580
HMC,2017-04-28,3.25,3.31,3.22,3.28,6530
HMC,2017-05-03,3.31,3.31,3.28,3.31,19490
HMC,2017-05-04,3.31,3.33,3.28,3.31,36250
HMC,2017-05-05,3.31,3.31,3.28,3.31,6490
HMC,2017-05-08,3.27,3.31,3.27,3.31,24870
HMC,2017-05-09,3.31,3.31,3.25,3.31,6170
HMC,2017-05-10,3.31,3.31,3.3,3.31,26610
HMC,2017-05-11,3.28,3.31,3.28,3.3,73330
HMC,2017-05-12,3.3,3.31,3.28,3.31,59900
HMC,2017-05-15,3.38,3.38,3.31,3.38,3790
HMC,2017-05-16,3.22,3.33,3.21,3.21,19680
HMC,2017-05-17,3.21,3.28,3.21,3.24,14910
HMC,2017-05-18,3.21,3.23,3.21,3.23,5890
HMC,2017-05-19,3.24,3.3,3.24,3.29,2330
HMC,2017-05-22,3.31,3.31,3.22,3.28,3480
HMC,2017-05-23,3.31,3.35,3.25,3.34,6610
HMC,2017-05-24,3.24,3.28,3.21,3.24,9430
HMC,2017-05-25,3.24,3.28,3.24,3.28,510
HMC,2017-05-26,3.26,3.28,3.26,3.28,5110
HMC,2017-05-29,3.28,3.38,3.28,3.38,10040
HMC,2017-05-30,3.3,3.38,3.3,3.36,1790
HMC,2017-05-31,3.28,3.35,3.28,3.35,800
HMC,2017-06-01,3.35,3.35,3.35,3.35,30
HMC,2017-06-02,3.27,3.35,3.25,3.35,6830
HMC,2017-06-05,3.32,3.38,3.32,3.32,6650
HMC,2017-06-06,3.31,3.34,3.31,3.32,10330
HMC,2017-06-07,3.28,3.38,3.28,3.35,17750
HMC,2017-06-08,3.33,3.38,3.32,3.32,8720
HMC,2017-06-09,3.21,3.37,3.18,3.31,7110
HMC,2017-06-12,3.34,3.35,3.31,3.35,22530
HMC,2017-06-13,3.35,3.35,3.35,3.35,130
HMC,2017-06-14,3.35,3.35,3.26,3.34,450
HMC,2017-06-15,3.34,3.34,3.3,3.3,4440
HMC,2017-06-16,3.3,3.34,3.3,3.34,2010
HMC,2017-06-19,3.34,3.35,3.28,3.33,1430
HMC,2017-06-20,3.35,3.35,3.33,3.33,3380
HMC,2017-06-21,3.28,3.34,3.28,3.33,12140
HMC,2017-06-22,3.3,3.33,3.28,3.33,7250
HMC,2017-06-23,3.31,3.33,3.28,3.33,6260
HMC,2017-06-26,3.28,3.33,3.28,3.33,11030
HMC,2017-06-27,3.32,3.33,3.32,3.33,5960
HMC,2017-06-28,3.32,3.33,3.32,3.33,1690
HMC,2017-06-29,3.33,3.49,3.33,3.34,6540
HMC,2017-06-30,3.35,3.38,3.34,3.35,5150
HMC,2017-07-03,3.45,3.45,3.35,3.35,2790
HMC,2017-07-04,3.41,3.41,3.34,3.4,7750
HMC,2017-07-05,3.4,3.62,3.39,3.62,154560
HMC,2017-07-06,3.87,3.87,3.87,3.87,147320
HMC,2017-07-07,3.87,4.0,3.8,3.83,72890
HMC,2017-07-10,3.83,4.04,3.69,3.8,22590
HMC,2017-07-11,3.83,3.87,3.8,3.87,18160
HMC,2017-07-12,3.83,3.9,3.81,3.87,19010
HMC,2017-07-13,3.87,3.87,3.73,3.73,9140
HMC,2017-07-14,3.87,3.87,3.73,3.83,17590
HMC,2017-07-17,3.83,3.83,3.73,3.75,9300
HMC,2017-07-18,3.69,3.83,3.66,3.78,31920
HMC,2017-07-19,3.75,3.8,3.66,3.8,29920
HMC,2017-07-20,3.73,3.8,3.69,3.76,35080
HMC,2017-07-21,3.8,3.8,3.73,3.8,52830
HMC,2017-07-24,3.83,3.83,3.76,3.81,2150
HMC,2017-07-25,3.8,3.83,3.8,3.81,16430
HMC,2017-07-26,3.83,3.83,3.8,3.83,13360
HMC,2017-07-27,3.73,3.83,3.73,3.8,46950
HMC,2017-07-28,3.75,3.81,3.75,3.76,640
HMC,2017-07-31,3.76,3.8,3.76,3.8,510
HMC,2017-08-01,3.71,3.8,3.71,3.78,1520
HMC,2017-08-02,3.69,3.76,3.69,3.76,16330
HMC,2017-08-03,3.76,3.76,3.73,3.73,11700
HMC,2017-08-04,3.8,3.8,3.71,3.73,5270
HMC,2017-08-07,3.68,3.76,3.66,3.73,820
HMC,2017-08-08,3.69,3.73,3.69,3.73,1000
HMC,2017-08-09,3.71,3.73,3.66,3.69,12630
HMC,2017-08-10,3.73,3.75,3.69,3.75,6450
HMC,2017-08-11,3.69,3.75,3.69,3.75,11600
HMC,2017-08-14,3.73,3.73,3.73,3.73,7000
HMC,2017-08-15,3.76,3.76,3.73,3.73,6130
HMC,2017-08-16,3.73,3.8,3.73,3.8,16830
HMC,2017-08-17,3.85,3.85,3.76,3.76,3570
HMC,2017-08-18,3.76,3.81,3.76,3.81,510
HMC,2017-08-21,3.83,3.83,3.73,3.73,7370
HMC,2017-08-22,3.73,3.75,3.71,3.73,23390
HMC,2017-08-23,3.78,3.78,3.78,3.78,10
HMC,2017-08-24,3.78,3.78,3.75,3.76,6730
HMC,2017-08-25,3.73,3.73,3.73,3.73,10
HMC,2017-08-28,3.73,3.73,3.71,3.73,2510
HMC,2017-08-29,3.73,3.76,3.73,3.76,2910
HMC,2017-08-30,3.76,3.8,3.76,3.8,11030
HMC,2017-08-31,3.8,3.95,3.8,3.88,22930
HMC,2017-09-01,3.88,3.88,3.8,3.8,22540
HMC,2017-09-05,3.87,3.87,3.8,3.8,3610
HMC,2017-09-06,3.8,3.88,3.8,3.8,10500
HMC,2017-09-07,3.81,3.83,3.8,3.83,30110
HMC,2017-09-08,3.83,3.83,3.76,3.76,10590
HMC,2017-09-11,3.8,3.83,3.78,3.78,17060
HMC,2017-09-12,3.8,3.8,3.78,3.78,1030
HMC,2017-09-13,3.8,3.8,3.8,3.8,22090
HMC,2017-09-14,3.8,3.83,3.8,3.83,27630
HMC,2017-09-15,3.87,3.94,3.87,3.87,4010
HMC,2017-09-18,3.83,3.97,3.83,3.87,10450
HMC,2017-09-19,3.87,4.04,3.87,3.99,20960
HMC,2017-09-20,3.99,4.14,3.99,4.04,24300
HMC,2017-09-21,4.04,4.07,3.97,4.07,15530
HMC,2017-09-22,4.02,4.04,3.97,4.04,4560
HMC,2017-09-25,4.07,4.07,3.97,4.02,12630
HMC,2017-09-26,3.97,4.0,3.95,4.0,25370
HMC,2017-09-27,4.02,4.02,4.02,4.02,10
HMC,2017-09-28,3.95,4.02,3.94,3.94,9810
HMC,2017-09-29,4.0,4.0,3.88,3.97,200
HMC,2017-10-02,3.87,4.02,3.87,3.9,340
HMC,2017-10-03,4.0,4.0,3.9,4.0,15630
HMC,2017-10-04,3.92,4.02,3.92,4.02,30
HMC,2017-10-05,4.0,4.0,4.0,4.0,20
HMC,2017-10-06,3.92,3.99,3.9,3.99,56740
HMC,2017-10-09,3.92,3.99,3.92,3.99,310
HMC,2017-10-10,3.94,3.97,3.94,3.97,2420
HMC,2017-10-11,3.99,4.04,3.99,4.04,46340
HMC,2017-10-12,4.07,4.07,4.04,4.04,8670
HMC,2017-10-13,4.02,4.06,4.0,4.06,11310
HMC,2017-10-16,4.04,4.07,4.04,4.06,290
HMC,2017-10-17,4.06,4.07,3.99,3.99,6590
HMC,2017-10-18,4.0,4.25,3.97,3.97,18750
HMC,2017-10-19,4.18,4.18,3.97,4.0,13620
HMC,2017-10-20,4.0,4.14,4.0,4.11,12000
HMC,2017-10-23,4.02,4.11,4.02,4.02,780
HMC,2017-10-24,4.02,4.02,4.02,4.02,10
HMC,2017-10-25,4.02,4.14,4.02,4.04,6510
HMC,2017-10-26,4.04,4.04,4.0,4.02,6950
HMC,2017-10-27,4.04,4.09,4.04,4.04,19900
HMC,2017-10-30,4.07,4.18,4.07,4.11,26950
HMC,2017-10-31,4.11,4.16,4.07,4.12,16770
HMC,2017-11-01,4.14,4.18,4.12,4.14,10670
HMC,2017-11-02,4.12,4.18,4.12,4.18,23190
HMC,2017-11-03,4.18,4.23,4.18,4.23,27770
HMC,2017-11-06,4.23,4.31,4.23,4.31,43910
HMC,2017-11-07,4.31,4.31,4.21,4.28,23110
HMC,2017-11-08,4.28,4.28,4.25,4.28,30310
HMC,2017-11-09,4.28,4.28,4.09,4.25,18300
HMC,2017-11-10,4.26,4.26,4.18,4.25,2270
HMC,2017-11-13,4.18,4.25,4.12,4.25,54590
HMC,2017-11-14,4.18,4.26,4.14,4.26,64750
HMC,2017-11-15,4.28,4.3,4.23,4.3,13620
HMC,2017-11-16,4.28,4.3,4.26,4.28,5700
HMC,2017-11-17,4.28,4.31,4.28,4.3,25720
HMC,2017-11-20,4.3,4.3,4.26,4.28,13330
HMC,2017-11-21,4.28,4.28,4.23,4.23,5160
HMC,2017-11-22,4.25,4.25,4.23,4.25,13580
HMC,2017-11-23,4.25,4.25,4.21,4.21,45240
HMC,2017-11-24,4.19,4.19,4.18,4.19,8080
HMC,2017-11-27,4.18,4.19,4.14,4.16,2730
HMC,2017-11-28,4.14,4.14,4.11,4.14,18160
HMC,2017-11-29,4.14,4.18,4.09,4.18,22000
HMC,2017-11-30,4.18,4.18,4.18,4.18,0
HMC,2017-12-01,4.21,4.21,4.12,4.14,51020
HMC,2017-12-04,4.14,4.14,4.09,4.09,26840
HMC,2017-12-05,4.14,4.19,4.12,4.14,62470
HMC,2017-12-06,4.14,4.19,4.12,4.19,8310
HMC,2017-12-07,4.19,4.25,4.18,4.25,3000
HMC,2017-12-08,4.31,4.35,4.28,4.31,70300
HMC,2017-12-11,4.35,4.42,4.35,4.4,22940
HMC,2017-12-12,4.38,4.38,4.28,4.33,4520
HMC,2017-12-13,4.31,4.33,4.28,4.31,5210
HMC,2017-12-14,4.31,4.31,4.3,4.31,410
HMC,2017-12-15,4.31,4.31,4.25,4.25,8880
HMC,2017-12-18,4.25,4.3,4.25,4.25,7560
HMC,2017-12-19,4.25,4.25,4.21,4.25,8700
HMC,2017-12-20,4.25,4.25,4.23,4.23,9870
HMC,2017-12-21,4.28,4.28,4.21,4.26,3310
HMC,2017-12-22,4.25,4.25,4.21,4.21,7000
HMC,2017-12-25,4.25,4.25,4.23,4.23,14600
HMC,2017-12-26,4.26,4.52,4.26,4.52,145780
HMC,2017-12-27,4.57,4.83,4.56,4.71,47180
HMC,2017-12-28,4.76,4.76,4.61,4.69,18940
HMC,2017-12-29,4.69,4.69,4.47,4.59,21400
HMC,2018-01-02,4.59,4.69,4.54,4.69,11030
HMC,2018-01-03,4.66,4.66,4.49,4.52,32950
HMC,2018-01-04,4.52,4.64,4.52,4.59,36980
HMC,2018-01-05,4.59,4.64,4.5,4.59,29820
HMC,2018-01-08,4.57,4.83,4.57,4.83,37270
HMC,2018-01-09,4.83,5.01,4.83,4.97,89120
HMC,2018-01-10,5.01,5.07,4.97,4.97,51200
HMC,2018-01-11,4.88,5.18,4.88,5.18,70220
HMC,2018-01-12,5.18,5.47,5.18,5.47,62110
HMC,2018-01-15,5.57,5.59,5.37,5.37,4270
HMC,2018-01-16,5.52,5.52,5.19,5.45,17830
HMC,2018-01-17,5.33,5.52,5.3,5.32,6850
HMC,2018-01-18,5.32,5.42,5.25,5.42,4100
HMC,2018-01-19,5.42,5.42,5.28,5.42,6430
HMC,2018-01-22,5.44,5.45,5.18,5.28,21770
HMC,2018-01-23,5.28,5.28,5.28,5.28,0
HMC,2018-01-24,5.28,5.28,5.28,5.28,0
HMC,2018-01-25,5.28,5.38,5.21,5.26,37130
HMC,2018-01-26,5.25,5.3,5.25,5.26,5400
HMC,2018-01-29,5.25,5.35,5.21,5.21,7420
HMC,2018-01-30,5.38,5.38,5.18,5.28,8510
HMC,2018-01-31,5.28,5.28,5.21,5.28,5140
HMC,2018-02-01,5.21,5.28,5.18,5.19,21910
HMC,2018-02-02,5.25,5.25,5.18,5.25,32420
HMC,2018-02-05,5.18,5.21,5.14,5.19,800
HMC,2018-02-06,5.14,5.14,4.83,5.04,13520
HMC,2018-02-07,5.01,5.18,5.01,5.18,23550
HMC,2018-02-08,5.07,5.18,5.07,5.07,21280
HMC,2018-02-09,5.18,5.18,4.94,5.16,140
HMC,2018-02-12,5.16,5.16,5.16,5.16,1490
HMC,2018-02-13,5.26,5.26,5.14,5.14,7620
HMC,2018-02-21,5.26,5.26,5.14,5.14,4980
HMC,2018-02-22,5.18,5.18,5.13,5.14,5550
HMC,2018-02-23,5.14,5.14,5.11,5.14,4400
HMC,2018-02-26,5.11,5.13,4.94,5.11,7870
HMC,2018-02-27,5.06,5.09,5.06,5.07,290
HMC,2018-02-28,5.07,5.07,5.01,5.07,3240
HMC,2018-03-01,5.04,5.04,5.02,5.02,1360
HMC,2018-03-02,5.02,5.02,4.9,5.01,3220
HMC,2018-03-05,5.01,5.01,4.92,4.95,5850
HMC,2018-03-06,4.95,4.97,4.87,4.97,10240
HMC,2018-03-07,4.95,5.32,4.95,5.11,8050
HMC,2018-03-08,5.11,5.14,5.06,5.06,5530
HMC,2018-03-09,5.06,5.13,5.06,5.13,4350
HMC,2018-03-12,5.11,5.13,5.04,5.13,6200
HMC,2018-03-13,5.13,5.18,5.09,5.13,36340
HMC,2018-03-14,5.18,5.25,5.14,5.14,18690
HMC,2018-03-15,5.14,5.18,5.14,5.18,13200
HMC,2018-03-16,5.21,5.21,5.14,5.18,57440
HMC,2018-03-19,5.35,5.49,5.35,5.49,66970
HMC,2018-03-20,5.49,5.49,5.45,5.45,1360
HMC,2018-03-21,5.38,5.45,5.32,5.45,1930
HMC,2018-03-22,5.42,5.59,5.35,5.59,68040
HMC,2018-03-23,5.59,5.59,5.45,5.54,39010
HMC,2018-03-26,5.56,5.63,5.56,5.63,9200
HMC,2018-03-27,5.52,5.63,5.52,5.56,49560
HMC,2018-03-28,5.7,5.7,5.57,5.63,18260
HMC,2018-03-29,5.7,5.7,5.56,5.63,15500
HMC,2018-03-30,5.61,5.61,5.57,5.57,190
HMC,2018-04-02,5.56,5.56,5.52,5.52,14180
HMC,2018-04-03,5.52,5.56,5.49,5.52,7600
HMC,2018-04-04,5.52,5.52,5.52,5.52,8680
HMC,2018-04-05,5.52,5.52,5.52,5.52,1100
HMC,2018-04-06,5.52,5.52,5.45,5.52,9310
HMC,2018-04-09,5.52,5.52,5.45,5.52,18330
HMC,2018-04-10,5.52,5.52,5.45,5.47,23360
HMC,2018-04-11,5.45,5.47,5.33,5.47,3730
HMC,2018-04-12,5.49,5.52,5.38,5.52,33810
HMC,2018-04-13,5.56,5.56,5.49,5.52,14600
HMC,2018-04-16,5.52,5.87,5.52,5.87,38870
HMC,2018-04-17,5.87,5.87,5.76,5.83,44490
HMC,2018-04-18,5.87,5.87,5.82,5.82,12640
HMC,2018-04-19,5.82,5.85,5.7,5.82,5030
HMC,2018-04-20,5.73,5.78,5.66,5.76,25810
HMC,2018-04-23,5.8,5.89,5.76,5.83,35650
HMC,2018-04-24,5.75,5.85,5.75,5.85,7160
HMC,2018-04-26,5.87,6.2,5.87,5.94,78120
HMC,2018-04-27,6.04,6.04,5.78,5.82,18620
HMC,2018-05-02,6.04,6.18,5.87,6.14,128140
HMC,2018-05-03,6.39,6.49,6.35,6.49,164880
HMC,2018-05-04,6.54,6.56,6.23,6.32,28200
HMC,2018-05-07,6.35,6.35,6.08,6.3,58900
HMC,2018-05-08,5.87,6.14,5.87,5.94,172060
HMC,2018-05-09,5.94,6.08,5.94,6.01,20660
HMC,2018-05-10,6.01,6.25,5.99,6.16,56850
HMC,2018-05-11,6.11,6.16,5.97,6.14,57730
HMC,2018-05-14,5.92,6.06,5.77,5.81,21490
HMC,2018-05-15,5.89,5.89,5.42,5.44,54760
HMC,2018-05-16,5.31,5.69,5.27,5.33,40840
HMC,2018-05-17,5.46,5.48,5.31,5.31,9320
HMC,2018-05-18,5.4,5.4,5.21,5.31,33700
HMC,2018-05-21,5.33,5.33,5.25,5.31,14620
HMC,2018-05-22,5.31,5.31,5.17,5.23,25330
HMC,2018-05-23,5.23,5.25,5.11,5.17,20700
HMC,2018-05-24,5.19,5.25,4.98,5.19,41810
HMC,2018-05-25,5.06,5.31,4.98,5.06,5690
HMC,2018-05-28,5.06,5.19,4.71,4.82,30270
HMC,2018-05-29,4.98,4.98,4.61,4.82,22070
HMC,2018-05-30,4.96,4.98,4.82,4.82,1600
HMC,2018-05-31,4.82,5.13,4.82,5.13,18180
HMC,2018-06-01,5.15,5.15,4.79,5.04,11590
HMC,2018-06-04,5.11,5.19,5.04,5.19,9960
HMC,2018-06-05,5.19,5.36,5.17,5.33,12130
HMC,2018-06-06,5.33,5.33,5.23,5.29,3700
HMC,2018-06-07,5.29,5.29,5.27,5.29,660
HMC,2018-06-08,5.33,5.33,5.02,5.02,30200
HMC,2018-06-11,5.11,5.23,5.04,5.04,15400
HMC,2018-06-12,5.19,5.19,5.0,5.15,3560
HMC,2018-06-13,5.25,5.25,5.11,5.19,8200
HMC,2018-06-14,5.33,5.33,5.15,5.19,3710
HMC,2018-06-15,5.27,5.27,5.0,5.15,10120
HMC,2018-06-18,5.15,5.23,4.98,5.11,13980
HMC,2018-06-19,5.21,5.21,4.94,5.06,19660
HMC,2018-06-20,5.13,5.13,5.02,5.06,740
HMC,2018-06-21,5.25,5.25,4.98,5.11,13260
HMC,2018-06-22,5.11,5.11,5.04,5.11,3130
HMC,2018-06-25,5.11,5.11,5.11,5.11,1970
HMC,2018-06-26,5.09,5.11,5.02,5.11,420
HMC,2018-06-27,5.11,5.15,4.82,5.15,18420
HMC,2018-06-28,4.98,5.06,4.88,5.06,14100
HMC,2018-06-29,5.06,5.13,5.06,5.13,14680
HMC,2018-07-02,5.02,5.02,4.86,4.9,65400
HMC,2018-07-03,4.94,5.0,4.86,4.94,31030
HMC,2018-07-04,4.86,5.06,4.84,5.02,78710
HMC,2018-07-05,4.94,4.94,4.86,4.86,44220
HMC,2018-07-06,4.84,5.02,4.77,5.02,20610
HMC,2018-07-09,5.02,5.11,4.98,4.98,6660
HMC,2018-07-10,4.98,5.19,4.98,4.98,360
HMC,2018-07-11,4.96,4.98,4.86,4.98,4110
HMC,2018-07-12,4.98,5.02,4.94,5.02,5500
HMC,2018-07-13,5.06,5.09,4.94,4.94,6570
HMC,2018-07-16,4.96,5.02,4.96,4.98,3700
HMC,2018-07-17,4.98,5.19,4.98,5.13,7780
HMC,2018-07-18,5.13,5.19,5.13,5.17,2070
HMC,2018-07-19,5.19,5.23,5.19,5.19,1960
HMC,2018-07-20,5.19,5.19,5.17,5.19,8810
HMC,2018-07-23,5.27,5.44,5.27,5.42,13310
HMC,2018-07-24,5.44,5.44,5.31,5.42,7850
HMC,2018-07-25,5.44,5.5,5.42,5.5,17570
HMC,2018-07-26,5.52,5.54,5.48,5.54,13250
HMC,2018-07-27,5.6,5.77,5.56,5.75,4990
HMC,2018-07-30,5.69,5.69,5.69,5.69,950
HMC,2018-07-31,5.69,5.69,5.65,5.65,7480
HMC,2018-08-01,5.65,5.75,5.65,5.65,18180
HMC,2018-08-02,5.81,5.81,5.65,5.77,1510
HMC,2018-08-03,5.65,5.77,5.65,5.77,2000
HMC,2018-08-06,5.71,5.81,5.71,5.81,6350
HMC,2018-08-07,5.87,5.87,5.65,5.79,8080
HMC,2018-08-08,5.87,5.87,5.67,5.71,3680
HMC,2018-08-09,5.67,5.81,5.67,5.81,2350
HMC,2018-08-10,5.73,5.73,5.73,5.73,90
HMC,2018-08-13,5.62,5.73,5.58,5.71,1110
HMC,2018-08-14,5.6,5.73,5.6,5.73,1580
HMC,2018-08-15,5.69,5.69,5.69,5.69,110
HMC,2018-08-16,5.69,5.73,5.69,5.73,2070
HMC,2018-08-17,5.79,5.79,5.79,5.79,110
HMC,2018-08-20,5.79,5.79,5.71,5.71,300
HMC,2018-08-21,5.69,5.79,5.69,5.79,370
HMC,2018-08-22,5.73,5.73,5.73,5.73,350
HMC,2018-08-23,5.73,5.73,5.71,5.73,4940
HMC,2018-08-24,5.71,5.89,5.69,5.77,31410
HMC,2018-08-27,5.73,5.81,5.73,5.81,8210
HMC,2018-08-28,5.71,5.81,5.71,5.71,22050
HMC,2018-08-29,5.69,5.81,5.69,5.71,10100
HMC,2018-08-30,5.77,5.77,5.71,5.71,760
HMC,2018-08-31,5.73,5.73,5.71,5.71,1000
HMC,2018-09-04,5.71,5.77,5.71,5.77,3990
HMC,2018-09-05,5.75,5.94,5.73,5.79,16330
HMC,2018-09-06,5.81,5.94,5.73,5.77,16230
HMC,2018-09-07,5.81,5.81,5.71,5.81,3930
HMC,2018-09-10,5.81,5.81,5.73,5.81,5440
HMC,2018-09-11,5.73,5.81,5.73,5.81,1850
HMC,2018-09-12,5.73,5.81,5.73,5.81,560
HMC,2018-09-13,5.89,5.89,5.6,5.79,19930
HMC,2018-09-14,5.81,5.85,5.77,5.85,6580
HMC,2018-09-17,5.81,5.85,5.77,5.85,5400
HMC,2018-09-18,5.77,5.89,5.77,5.89,43300
HMC,2018-09-19,5.85,5.98,5.85,5.98,53600
HMC,2018-09-20,5.98,5.98,5.98,5.98,6760
HMC,2018-09-21,5.98,6.14,5.94,5.94,22410
HMC,2018-09-24,5.94,6.0,5.85,5.96,22810
HMC,2018-09-25,5.96,5.98,5.94,5.98,4520
HMC,2018-09-26,5.98,6.02,5.92,6.02,19050
HMC,2018-09-27,6.0,6.02,5.92,5.96,21900
HMC,2018-09-28,5.77,5.98,5.77,5.98,3880
HMC,2018-10-01,5.92,6.02,5.92,6.02,10190
HMC,2018-10-02,6.02,6.02,5.94,6.02,13400
HMC,2018-10-03,5.98,5.98,5.73,5.94,34930
HMC,2018-10-04,5.89,5.94,5.77,5.77,19870
HMC,2018-10-05,5.73,5.81,5.73,5.81,11900
HMC,2018-10-08,5.81,5.81,5.71,5.71,11290
HMC,2018-10-09,5.71,5.81,5.71,5.75,12000
HMC,2018-10-10,5.75,5.77,5.75,5.77,41810
HMC,2018-10-11,5.73,5.77,5.56,5.75,6590
HMC,2018-10-12,5.6,5.89,5.6,5.89,18590
HMC,2018-10-15,5.92,6.02,5.81,5.81,13250
HMC,2018-10-16,5.81,6.06,5.81,6.06,19150
HMC,2018-10-17,5.98,6.06,5.85,6.06,13940
HMC,2018-10-18,6.02,6.02,5.89,5.92,550
HMC,2018-10-19,5.89,6.0,5.89,6.0,6010
HMC,2018-10-22,6.1,6.12,6.02,6.06,32940
HMC,2018-10-23,6.12,6.12,5.92,5.92,5260
HMC,2018-10-24,6.02,6.06,5.94,6.06,5570
HMC,2018-10-25,5.94,6.0,5.89,6.0,44210
HMC,2018-10-26,5.89,6.06,5.89,6.06,5140
HMC,2018-10-29,6.06,6.06,6.06,6.06,1020
HMC,2018-10-30,5.89,6.04,5.89,6.04,1710
HMC,2018-10-31,6.04,6.1,5.92,6.08,14410
HMC,2018-11-01,5.94,5.94,5.94,5.94,100
HMC,2018-11-02,6.08,6.1,5.81,6.0,29650
HMC,2018-11-05,6.0,6.0,5.94,6.0,460
HMC,2018-11-06,5.98,5.98,5.94,5.98,240
HMC,2018-11-07,5.98,6.0,5.98,6.0,1050
HMC,2018-11-08,6.0,6.02,6.0,6.02,43670
HMC,2018-11-09,6.02,6.02,5.96,5.98,30730
HMC,2018-11-12,5.98,5.98,5.98,5.98,510
HMC,2018-11-13,5.94,6.02,5.94,6.02,3100
HMC,2018-11-14,5.94,5.94,5.89,5.89,5610
HMC,2018-11-15,5.89,5.89,5.89,5.89,90
HMC,2018-11-16,5.89,6.02,5.89,5.89,3180
HMC,2018-11-19,5.89,5.89,5.89,5.89,0
HMC,2018-11-20,5.94,6.02,5.94,5.94,15230
HMC,2018-11-21,5.94,6.02,5.94,5.94,2630
HMC,2018-11-22,5.98,6.0,5.96,6.0,11600
HMC,2018-11-23,6.0,6.0,6.0,6.0,1030
HMC,2018-11-26,5.89,6.02,5.89,6.02,20220
HMC,2018-11-27,6.02,6.02,5.94,6.0,3020
HMC,2018-11-28,5.98,6.0,5.94,6.0,6020
HMC,2018-11-29,5.98,6.0,5.96,5.96,38410
HMC,2018-11-30,5.94,5.94,5.94,5.94,3890
HMC,2018-12-03,6.0,6.0,5.94,5.98,18720
HMC,2018-12-04,5.94,5.94,5.94,5.94,5170
HMC,2018-12-05,5.94,6.0,5.92,6.0,7560
HMC,2018-12-06,6.04,6.04,6.02,6.02,1310
HMC,2018-12-07,6.02,6.04,5.98,6.02,6010
HMC,2018-12-10,6.0,6.0,5.98,5.98,360
HMC,2018-12-11,6.0,6.0,5.94,6.0,9030
HMC,2018-12-12,5.77,5.98,5.77,5.98,6530
HMC,2018-12-13,5.89,5.98,5.89,5.98,1540
HMC,2018-12-14,5.98,5.98,5.94,5.98,2300
HMC,2018-12-17,5.94,6.0,5.94,5.98,1400
HMC,2018-12-18,5.94,5.98,5.92,5.98,6760
HMC,2018-12-19,5.94,6.02,5.92,6.02,4000
HMC,2018-12-20,5.94,6.02,5.92,6.02,10910
HMC,2018-12-21,5.94,6.04,5.94,6.04,3950
HMC,2018-12-24,6.04,6.04,5.98,5.98,6520
HMC,2018-12-25,5.62,6.0,5.62,5.98,7500
HMC,2018-12-26,6.0,6.02,5.94,5.98,30150
HMC,2018-12-27,6.0,6.06,5.98,6.04,8300
HMC,2018-12-28,6.02,6.06,6.02,6.06,8100
HMC,2019-01-02,5.96,6.02,5.94,6.02,7000
HMC,2019-01-03,5.94,5.98,5.94,5.98,1500
HMC,2019-01-04,6.0,6.0,5.94,6.0,11050
HMC,2019-01-07,5.96,6.02,5.96,6.02,7530
HMC,2019-01-08,6.02,6.06,5.96,6.0,19200
HMC,2019-01-09,6.02,6.14,6.02,6.12,8150
HMC,2019-01-10,6.08,6.23,6.02,6.06,118360
HMC,2019-01-11,6.06,6.14,6.02,6.12,147880
HMC,2019-01-14,6.14,6.54,6.14,6.54,143930
HMC,2019-01-15,6.62,6.93,6.62,6.89,123170
HMC,2019-01-16,6.91,6.91,6.73,6.91,16730
HMC,2019-01-17,6.79,6.81,6.64,6.64,42360
HMC,2019-01-18,6.6,6.68,6.56,6.64,19130
HMC,2019-01-21,7.06,7.1,6.85,7.1,100360
HMC,2019-01-22,7.41,7.45,7.18,7.26,62120
HMC,2019-01-23,7.26,7.41,7.2,7.41,43530
HMC,2019-01-24,7.41,7.43,7.31,7.31,15030
HMC,2019-01-25,7.31,7.39,7.08,7.35,35890
HMC,2019-01-28,7.35,7.35,7.06,7.26,18880
HMC,2019-01-29,7.26,7.31,7.06,7.31,29630
HMC,2019-01-30,7.31,7.37,7.22,7.35,35300
HMC,2019-01-31,7.7,7.7,7.22,7.44,69310
HMC,2019-02-01,7.44,7.48,7.39,7.48,23220
HMC,2019-02-11,7.48,7.52,7.48,7.52,19950
HMC,2019-02-12,7.52,7.61,7.48,7.48,33010
HMC,2019-02-13,7.52,7.99,7.52,7.99,112550
HMC,2019-02-14,7.9,7.99,7.88,7.88,7900
HMC,2019-02-15,7.88,8.05,7.79,8.05,52020
HMC,2019-02-18,8.05,8.27,8.05,8.27,16600
HMC,2019-02-19,8.27,8.27,7.88,7.88,8390
HMC,2019-02-20,7.92,8.12,7.61,7.88,19510
HMC,2019-02-21,8.01,8.01,7.74,7.74,4220
HMC,2019-02-22,7.77,7.83,7.57,7.81,26430
HMC,2019-02-25,7.74,7.88,7.48,7.57,33420
HMC,2019-02-26,7.68,7.7,7.52,7.7,20710
HMC,2019-02-27,7.7,7.72,7.66,7.68,24550
HMC,2019-02-28,7.66,7.68,7.61,7.66,10630
HMC,2019-03-01,7.66,7.74,7.66,7.74,16250
HMC,2019-03-04,7.74,7.85,7.61,7.61,48800
HMC,2019-03-05,7.61,7.85,7.48,7.85,65570
HMC,2019-03-06,7.85,7.92,7.68,7.9,28980
HMC,2019-03-07,7.88,7.92,7.85,7.9,12230
HMC,2019-03-08,7.9,7.9,7.85,7.9,5000
HMC,2019-03-11,7.7,7.88,7.7,7.83,41480
HMC,2019-03-12,7.83,7.96,7.83,7.96,32790
HMC,2019-03-13,7.79,8.1,7.79,8.05,30050
HMC,2019-03-14,8.05,8.14,7.88,8.14,33630
HMC,2019-03-15,7.92,7.96,7.79,7.79,21270
HMC,2019-03-18,7.79,8.32,7.79,8.32,291720
HMC,2019-03-19,8.36,8.36,8.01,8.29,19680
HMC,2019-03-20,8.18,8.23,7.96,8.05,28220
HMC,2019-03-21,8.05,8.21,8.05,8.18,124770
HMC,2019-03-22,8.18,8.71,8.18,8.62,31160
HMC,2019-03-25,8.62,8.62,8.27,8.43,24550
HMC,2019-03-26,8.34,8.43,8.23,8.36,31300
HMC,2019-03-27,8.4,8.4,8.23,8.36,38050
HMC,2019-03-28,8.36,8.36,8.14,8.36,67650
HMC,2019-03-29,8.58,8.58,8.34,8.4,22120
HMC,2019-04-01,8.43,8.54,8.1,8.1,62610
HMC,2019-04-02,8.36,8.36,8.01,8.1,82100
HMC,2019-04-03,8.07,8.29,8.07,8.29,1140
HMC,2019-04-04,8.25,8.43,8.14,8.43,66230
HMC,2019-04-05,8.36,8.36,8.18,8.18,28290
HMC,2019-04-08,8.07,8.27,7.96,8.18,26120
HMC,2019-04-09,8.05,8.23,7.96,8.1,69920
HMC,2019-04-10,8.03,8.1,7.94,7.99,20340
HMC,2019-04-11,8.05,8.54,8.05,8.1,32340
HMC,2019-04-12,8.1,8.21,8.1,8.14,15310
HMC,2019-04-16,8.1,8.21,8.05,8.16,37160
HMC,2019-04-17,8.16,8.36,8.14,8.14,8280
HMC,2019-04-18,8.1,8.1,7.96,8.1,13660
HMC,2019-04-19,8.14,8.16,8.14,8.16,2010
HMC,2019-04-22,8.01,8.1,8.01,8.1,1190
HMC,2019-04-23,8.14,8.14,7.92,8.14,6590
HMC,2019-04-24,8.25,8.27,8.14,8.23,98090
HMC,2019-04-25,8.25,8.25,8.14,8.14,17250
HMC,2019-04-26,8.18,8.21,8.14,8.14,26890
HMC,2019-05-02,8.18,8.54,8.18,8.32,65330
HMC,2019-05-03,8.54,8.54,8.23,8.23,65360
HMC,2019-05-06,8.27,8.34,8.21,8.21,80400
HMC,2019-05-07,8.32,8.32,8.18,8.27,7840
HMC,2019-05-08,8.25,8.27,8.18,8.25,47470
HMC,2019-05-09,8.25,8.27,8.21,8.25,48280
HMC,2019-05-10,8.27,8.27,8.23,8.25,43360
HMC,2019-05-13,8.25,8.27,8.23,8.23,68710
HMC,2019-05-14,8.23,8.23,8.07,8.21,70180
HMC,2019-05-15,8.18,8.41,7.8,7.8,55030
HMC,2019-05-16,7.82,7.93,7.47,7.93,77260
HMC,2019-05-17,7.88,8.03,7.57,8.03,23280
HMC,2019-05-20,8.03,8.03,7.62,7.62,28160
HMC,2019-05-21,7.6,7.67,7.32,7.52,68200
HMC,2019-05-22,7.52,7.52,7.34,7.49,24210
HMC,2019-05-23,7.49,7.49,7.27,7.32,12600
HMC,2019-05-24,7.27,7.32,7.01,7.01,43970
HMC,2019-05-27,7.01,7.32,7.01,7.04,16600
HMC,2019-05-28,7.06,7.11,6.94,6.99,29660
HMC,2019-05-29,7.04,7.04,6.91,7.01,19400
HMC,2019-05-30,6.99,7.09,6.99,7.09,17590
HMC,2019-05-31,7.09,7.27,7.09,7.16,16430
HMC,2019-06-03,7.16,7.47,7.11,7.37,33410
HMC,2019-06-04,7.44,7.62,7.44,7.52,24970
HMC,2019-06-05,7.52,7.57,7.49,7.52,2480
HMC,2019-06-06,7.37,7.49,7.32,7.49,9010
HMC,2019-06-07,7.32,7.72,7.32,7.42,23260
HMC,2019-06-10,7.47,7.47,7.21,7.37,9420
HMC,2019-06-11,7.39,7.44,7.34,7.34,10130
HMC,2019-06-12,7.37,7.37,7.32,7.32,7410
HMC,2019-06-13,7.34,7.42,7.32,7.42,17100
HMC,2019-06-14,7.54,7.54,7.42,7.42,63950
HMC,2019-06-17,7.47,7.62,7.42,7.52,5740
HMC,2019-06-18,7.52,7.67,7.52,7.57,16660
HMC,2019-06-19,7.62,7.72,7.6,7.67,41480
HMC,2019-06-20,7.67,8.21,7.67,8.08,171360
HMC,2019-06-21,8.36,8.36,8.08,8.08,13410
HMC,2019-06-24,7.88,8.08,7.77,8.08,4830
HMC,2019-06-25,7.82,7.93,7.75,7.75,10240
HMC,2019-06-26,7.77,7.98,7.77,7.82,20760
HMC,2019-06-27,8.03,8.08,7.82,8.03,19760
HMC,2019-06-28,8.03,8.03,7.88,8.0,1200
HMC,2019-07-01,8.03,8.13,7.88,8.1,68210
HMC,2019-07-02,8.13,8.13,8.1,8.1,140
HMC,2019-07-03,7.93,7.95,7.88,7.93,14760
HMC,2019-07-04,7.93,8.46,7.77,8.03,22810
HMC,2019-07-05,8.03,8.13,8.03,8.03,3570
HMC,2019-07-08,8.1,8.1,7.52,8.03,34630
HMC,2019-07-09,8.03,8.03,7.98,7.98,1220
HMC,2019-07-10,8.08,8.08,7.88,7.93,35810
HMC,2019-07-11,7.93,8.0,7.77,8.0,6470
HMC,2019-07-12,7.82,8.03,7.82,7.93,20210
HMC,2019-07-15,7.93,7.93,7.93,7.93,2670
HMC,2019-07-16,7.88,7.93,7.72,7.9,710
HMC,2019-07-17,7.93,8.36,7.88,8.05,1550
HMC,2019-07-18,7.93,7.93,7.88,7.88,2620
HMC,2019-07-19,7.88,7.88,7.8,7.88,2760
HMC,2019-07-22,7.88,7.88,7.72,7.8,14700
HMC,2019-07-23,7.8,7.93,7.77,7.88,7950
HMC,2019-07-24,8.0,8.05,7.88,7.88,2250
HMC,2019-07-25,7.93,7.93,7.62,7.77,10040
HMC,2019-07-26,7.77,7.77,7.62,7.72,3180
HMC,2019-07-29,7.72,7.88,7.72,7.72,11230
HMC,2019-07-30,8.08,8.08,7.62,7.85,3800
HMC,2019-07-31,7.67,7.85,7.67,7.85,1830
HMC,2019-08-01,7.7,7.7,7.62,7.62,3310
HMC,2019-08-02,7.67,7.67,7.42,7.62,16580
HMC,2019-08-05,7.85,7.85,7.57,7.67,630
HMC,2019-08-06,7.62,8.21,7.57,7.57,5560
HMC,2019-08-07,7.85,7.85,7.62,7.62,1660
HMC,2019-08-08,7.62,7.77,7.57,7.6,3830
HMC,2019-08-09,8.03,8.03,7.6,7.6,610
HMC,2019-08-12,7.98,8.0,7.6,7.6,260
HMC,2019-08-13,7.72,7.72,7.6,7.6,70
HMC,2019-08-14,7.62,7.82,7.6,7.62,34780
HMC,2019-08-15,7.52,7.85,7.52,7.7,3030
HMC,2019-08-16,7.62,7.62,7.62,7.62,20
HMC,2019-08-19,7.54,7.57,7.11,7.57,1100
HMC,2019-08-20,7.57,7.62,7.47,7.52,2540
HMC,2019-08-21,7.52,7.62,7.52,7.6,72300
HMC,2019-08-22,7.62,7.62,7.57,7.62,72470
HMC,2019-08-23,7.47,7.62,7.47,7.6,5420
HMC,2019-08-26,7.52,7.62,7.47,7.62,3950
HMC,2019-08-27,7.98,8.0,7.62,7.93,2570
HMC,2019-08-28,7.62,7.62,7.57,7.57,850
HMC,2019-08-29,7.57,7.57,7.57,7.57,1360
HMC,2019-08-30,8.08,8.08,7.52,7.57,54460
HMC,2019-09-03,7.54,7.57,7.54,7.57,58710
HMC,2019-09-04,7.57,7.57,7.47,7.57,127540
HMC,2019-09-05,7.62,7.62,7.52,7.57,2340
HMC,2019-09-06,7.57,7.57,7.52,7.52,3990
HMC,2019-09-09,7.52,7.57,7.37,7.37,6960
HMC,2019-09-10,7.37,7.49,7.37,7.47,24440
HMC,2019-09-11,7.47,7.52,7.32,7.52,6250
HMC,2019-09-12,7.47,7.52,7.47,7.52,810
HMC,2019-09-13,7.52,7.52,7.42,7.42,410
HMC,2019-09-16,7.21,7.52,7.21,7.52,33340
HMC,2019-09-17,7.52,7.52,7.34,7.49,34310
HMC,2019-09-18,7.52,7.57,7.37,7.57,6360
HMC,2019-09-19,7.57,7.67,7.39,7.39,3500
HMC,2019-09-20,7.42,7.44,7.37,7.37,38210
HMC,2019-09-23,7.37,7.37,7.21,7.32,6760
HMC,2019-09-24,7.37,7.37,7.37,7.37,50
HMC,2019-09-25,7.47,7.82,7.29,7.29,2300
HMC,2019-09-26,7.32,7.37,7.29,7.37,4950
HMC,2019-09-27,7.37,7.37,7.11,7.11,10830
HMC,2019-09-30,7.21,7.24,7.06,7.11,17980
HMC,2019-10-01,7.21,7.21,6.83,7.21,6260
HMC,2019-10-02,7.19,7.19,6.86,6.86,135840
HMC,2019-10-03,6.86,7.11,6.86,7.06,5510
HMC,2019-10-04,7.11,7.11,6.91,6.91,4720
HMC,2019-10-07,6.88,7.09,6.88,6.91,3770
HMC,2019-10-08,6.96,7.16,6.91,7.16,4610
HMC,2019-10-09,6.99,6.99,6.86,6.86,78090
HMC,2019-10-10,6.86,6.86,6.71,6.71,133620
HMC,2019-10-11,6.91,6.91,6.45,6.55,45860
HMC,2019-10-14,6.78,6.78,6.35,6.35,57540
HMC,2019-10-15,6.35,6.45,6.35,6.35,22280
HMC,2019-10-16,6.5,6.78,6.38,6.6,3260
HMC,2019-10-17,6.5,6.58,6.5,6.5,1250
HMC,2019-10-18,6.68,6.68,6.35,6.6,5440
HMC,2019-10-21,6.6,6.6,6.35,6.48,28630
HMC,2019-10-22,6.48,6.48,6.35,6.35,11440
HMC,2019-10-23,6.5,6.5,6.3,6.35,3400
HMC,2019-10-24,6.4,6.4,6.25,6.4,3700
HMC,2019-10-25,6.4,6.4,6.3,6.3,340
HMC,2019-10-28,6.27,6.35,6.27,6.35,1930
HMC,2019-10-29,6.35,6.35,6.1,6.1,24720
HMC,2019-10-30,6.1,6.33,6.1,6.3,810
HMC,2019-10-31,6.25,6.25,6.2,6.2,650
HMC,2019-11-01,6.25,6.35,6.12,6.33,1200
HMC,2019-11-04,6.2,6.3,6.17,6.17,15940
HMC,2019-11-05,6.17,6.17,6.1,6.1,10740
HMC,2019-11-06,6.1,6.25,6.1,6.1,6570
HMC,2019-11-07,6.1,6.15,6.02,6.1,8480
HMC,2019-11-08,6.3,6.3,6.07,6.07,27430
HMC,2019-11-11,6.25,6.25,6.07,6.07,1140
HMC,2019-11-12,6.1,6.1,6.0,6.02,28020
HMC,2019-11-13,6.02,6.02,5.92,5.92,11790
HMC,2019-11-14,5.92,6.1,5.92,6.1,16810
HMC,2019-11-15,5.94,5.94,5.94,5.94,10
HMC,2019-11-18,5.92,5.92,5.89,5.89,170
HMC,2019-11-19,5.92,5.92,5.89,5.92,3430
HMC,2019-11-20,6.02,6.02,5.92,5.97,470
HMC,2019-11-21,6.0,6.0,6.0,6.0,80
HMC,2019-11-22,6.0,6.0,5.79,5.79,3220
HMC,2019-11-25,5.84,5.94,5.84,5.89,2870
HMC,2019-11-26,5.89,5.89,5.84,5.89,2760
HMC,2019-11-27,5.84,5.89,5.82,5.89,3870
HMC,2019-11-28,5.92,5.97,5.84,5.84,18790
HMC,2019-11-29,5.87,5.92,5.82,5.89,310
HMC,2019-12-02,5.87,5.89,5.79,5.82,810
HMC,2019-12-03,5.79,6.22,5.77,5.82,160900
HMC,2019-12-04,5.87,5.92,5.77,5.89,110220
HMC,2019-12-05,5.84,5.89,5.79,5.84,259690
HMC,2019-12-06,5.84,6.1,5.84,5.92,14830
HMC,2019-12-09,5.84,5.84,5.79,5.79,16300
HMC,2019-12-10,5.79,5.92,5.79,5.92,2930
HMC,2019-12-11,5.92,5.92,5.84,5.84,2350
HMC,2019-12-12,5.84,5.97,5.84,5.94,19670
HMC,2019-12-13,6.0,6.0,5.92,5.94,3400
HMC,2019-12-16,6.07,6.07,5.92,5.94,14820
HMC,2019-12-17,5.94,5.94,5.87,5.87,20480
HMC,2019-12-18,5.94,5.94,5.84,5.89,45660
HMC,2019-12-19,5.92,5.94,5.87,5.89,12300
HMC,2019-12-20,5.92,5.92,5.89,5.92,11070
HMC,2019-12-23,5.89,5.89,5.79,5.84,41470
HMC,2019-12-24,5.84,5.84,5.79,5.84,3130
HMC,2019-12-25,5.84,5.84,5.77,5.84,14450
HMC,2019-12-26,5.87,5.87,5.77,5.84,2610
HMC,2019-12-27,5.84,5.84,5.84,5.84,7320
HMC,2019-12-30,5.84,5.84,5.79,5.84,26260
HMC,2019-12-31,5.84,5.84,5.77,5.84,5460
HMC,2020-01-02,5.74,5.84,5.74,5.74,33000
HMC,2020-01-03,5.82,5.84,5.66,5.66,19030
HMC,2020-01-06,5.44,5.74,5.44,5.72,7220
HMC,2020-01-07,5.72,5.72,5.72,5.72,0
HMC,2020-01-08,5.72,6.05,5.69,6.05,90040
HMC,2020-01-09,5.84,6.0,5.77,5.77,9200
HMC,2020-01-10,5.77,5.94,5.77,5.79,85130
HMC,2020-01-13,5.79,5.79,5.69,5.79,8300
HMC,2020-01-14,5.84,5.84,5.77,5.84,34530
HMC,2020-01-15,5.79,6.25,5.77,6.25,55900
HMC,2020-01-16,6.0,6.02,5.82,5.84,17240
HMC,2020-01-17,5.79,5.79,5.79,5.79,10
HMC,2020-01-20,5.77,5.79,5.41,5.69,21510
HMC,2020-01-21,5.69,5.69,5.54,5.59,38030
HMC,2020-01-22,5.64,5.82,5.59,5.82,900
HMC,2020-01-30,5.82,5.89,5.77,5.89,22740
HMC,2020-01-31,5.69,6.0,5.64,6.0,27600
HMC,2020-02-03,5.79,5.79,5.59,5.74,51810
HMC,2020-02-04,5.77,5.84,5.61,5.84,9770
HMC,2020-02-05,5.84,5.94,5.66,5.89,6370
HMC,2020-02-06,5.84,6.0,5.84,6.0,10240
HMC,2020-02-07,6.0,6.0,6.0,6.0,0
HMC,2020-02-10,6.05,6.05,5.77,5.77,5770
HMC,2020-02-11,5.79,6.0,5.79,5.97,36790
HMC,2020-02-12,5.97,6.02,5.82,6.02,34980
HMC,2020-02-13,6.05,6.05,5.87,6.0,6540
HMC,2020-02-14,6.05,6.05,5.84,6.0,10740
HMC,2020-02-17,6.0,6.0,6.0,6.0,0
HMC,2020-02-18,6.0,6.0,6.0,6.0,0
HMC,2020-02-19,6.0,6.0,6.0,6.0,600
HMC,2020-02-20,5.84,6.0,5.64,5.64,2320
HMC,2020-02-21,5.94,5.94,5.94,5.94,200
HMC,2020-02-24,5.89,5.94,5.84,5.89,26360
HMC,2020-02-25,5.94,6.07,5.89,6.07,29700
HMC,2020-02-26,5.89,5.97,5.66,5.94,19260
HMC,2020-02-27,5.94,6.07,5.84,6.07,1290
HMC,2020-02-28,5.74,5.82,5.66,5.79,53340
HMC,2020-03-02,5.79,5.89,5.64,5.89,7260
HMC,2020-03-03,5.89,5.97,5.84,5.84,110720
HMC,2020-03-04,5.92,6.17,5.92,6.1,3140
HMC,2020-03-05,6.07,6.07,5.89,5.89,4230
HMC,2020-03-06,5.84,5.92,5.84,5.89,194070
HMC,2020-03-09,5.79,5.84,5.49,5.66,93790
HMC,2020-03-10,5.54,5.79,5.54,5.64,320
HMC,2020-03-11,5.69,5.82,5.59,5.66,47500
HMC,2020-03-12,5.66,5.69,5.59,5.66,301280
HMC,2020-03-13,5.59,5.66,5.28,5.66,136950
HMC,2020-03-16,5.66,5.66,5.28,5.36,23210
HMC,2020-03-17,5.0,5.72,5.0,5.0,142920
HMC,2020-03-18,4.98,5.33,4.98,5.33,16760
HMC,2020-03-19,5.08,5.59,5.08,5.54,19750
HMC,2020-03-20,5.61,5.64,5.61,5.61,1860
HMC,2020-03-23,5.28,5.66,5.28,5.61,121580
HMC,2020-03-24,5.49,5.64,5.44,5.61,17930
HMC,2020-03-25,5.69,5.69,5.46,5.46,7450
HMC,2020-03-26,5.59,5.84,5.08,5.74,74980
HMC,2020-03-27,6.05,6.05,5.61,5.74,9540
HMC,2020-03-30,5.36,5.89,5.36,5.36,120160
HMC,2020-03-31,5.61,5.61,5.61,5.61,2790
HMC,2020-04-01,5.61,5.89,5.39,5.39,24720
HMC,2020-04-03,5.74,5.74,5.49,5.49,1540
HMC,2020-04-06,5.87,5.87,5.49,5.87,41180
HMC,2020-04-07,5.94,6.0,5.59,5.61,39110
HMC,2020-04-08,5.64,6.0,5.64,5.66,106300
HMC,2020-04-09,5.92,6.05,5.92,6.05,47600
HMC,2020-04-10,5.84,6.35,5.84,5.89,8270
HMC,2020-04-13,5.89,6.3,5.89,5.94,19280
HMC,2020-04-14,5.94,6.3,5.54,5.77,43960
HMC,2020-04-15,6.1,6.15,5.72,6.15,16880
HMC,2020-04-16,6.15,6.35,6.15,6.15,29580
HMC,2020-04-17,6.15,6.55,6.15,6.55,114030
HMC,2020-04-20,6.71,6.71,6.35,6.43,3530
HMC,2020-04-21,6.12,6.35,6.05,6.05,2670
HMC,2020-04-22,6.05,6.45,6.05,6.1,29090
HMC,2020-04-23,6.17,6.5,6.12,6.2,40850
HMC,2020-04-24,6.5,6.63,5.77,6.63,99970
HMC,2020-04-27,6.58,6.58,6.35,6.4,1550
HMC,2020-04-28,6.55,6.83,6.55,6.83,101520
HMC,2020-04-29,6.71,7.21,6.6,7.21,40220
HMC,2020-05-04,6.91,7.21,6.73,6.73,9100
HMC,2020-05-05,7.19,7.19,6.88,6.91,118580
HMC,2020-05-06,6.88,7.11,6.86,6.86,3090
HMC,2020-05-07,6.91,6.91,6.63,6.63,4530
HMC,2020-05-08,6.86,7.09,6.86,7.09,18420
HMC,2020-05-11,6.86,7.54,6.86,6.94,116590
HMC,2020-05-12,6.88,7.42,6.88,7.11,60230
HMC,2020-05-13,7.21,7.6,7.21,7.6,15100
HMC,2020-05-14,7.24,7.62,7.16,7.16,2100
HMC,2020-05-15,7.14,7.32,7.06,7.16,13390
HMC,2020-05-18,7.42,7.42,7.01,7.01,2260
HMC,2020-05-19,6.99,7.21,6.99,7.01,5490
HMC,2020-05-20,7.01,7.49,7.01,7.01,46100
HMC,2020-05-21,7.32,7.49,7.11,7.21,176520
HMC,2020-05-22,7.21,7.52,6.91,6.91,23440
HMC,2020-05-25,6.91,7.39,6.91,7.01,9980
HMC,2020-05-26,7.01,7.49,7.01,7.11,19510
HMC,2020-05-27,7.06,7.32,7.06,7.11,930
HMC,2020-05-28,7.32,7.6,7.14,7.16,46720
HMC,2020-05-29,7.27,7.49,7.14,7.21,710
HMC,2020-06-01,7.42,7.42,7.42,7.42,200
HMC,2020-06-02,7.37,7.37,7.01,7.01,3000
HMC,2020-06-03,7.47,7.47,7.04,7.04,700
HMC,2020-06-04,7.04,7.21,7.04,7.16,15720
HMC,2020-06-05,7.16,7.21,7.16,7.21,12550
HMC,2020-06-08,7.21,7.27,6.96,7.04,20870
HMC,2020-06-09,7.37,7.37,6.96,7.32,41630
HMC,2020-06-10,7.04,7.09,7.04,7.09,8800
HMC,2020-06-11,6.99,7.06,6.99,7.01,1600
HMC,2020-06-12,6.86,6.86,6.86,6.86,30
HMC,2020-06-15,6.91,7.11,6.71,6.76,76460
HMC,2020-06-16,6.81,7.06,6.76,6.83,2730
HMC,2020-06-17,6.81,6.86,6.4,6.4,9100
HMC,2020-06-18,6.4,6.81,6.1,6.35,7580
HMC,2020-06-19,6.53,6.78,6.38,6.38,4520
HMC,2020-06-22,6.81,6.81,6.45,6.81,26270
HMC,2020-06-23,7.11,7.11,6.48,6.48,15810
HMC,2020-06-24,6.48,6.66,6.48,6.66,130
HMC,2020-06-25,6.66,6.66,6.66,6.66,210
HMC,2020-06-26,7.06,7.06,6.66,7.06,9920
HMC,2020-06-29,7.11,7.11,6.66,6.66,220
HMC,2020-06-30,6.35,6.99,6.35,6.99,270
HMC,2020-07-01,6.99,6.99,6.99,6.99,0
HMC,2020-07-02,6.91,6.91,6.91,6.91,20
HMC,2020-07-03,6.63,6.63,6.63,6.63,30
HMC,2020-07-06,7.09,7.09,6.63,6.76,13570
HMC,2020-07-07,6.76,6.83,6.76,6.83,420
HMC,2020-07-08,7.09,7.09,6.63,7.06,230
HMC,2020-07-09,6.85,7.25,6.59,7.25,370
HMC,2020-07-10,7.25,7.25,6.85,6.85,25180
HMC,2020-07-13,7.01,7.25,6.88,6.9,10440
HMC,2020-07-14,6.9,6.9,6.85,6.85,230
HMC,2020-07-15,6.85,7.27,6.85,6.93,5910
HMC,2020-07-16,6.93,6.93,6.88,6.88,280
HMC,2020-07-17,6.8,6.8,6.8,6.8,90
HMC,2020-07-20,6.85,7.25,6.83,6.83,1810
HMC,2020-07-21,6.83,7.12,6.8,6.85,7100
HMC,2020-07-22,6.85,6.85,6.43,6.43,1460
HMC,2020-07-23,6.43,6.83,6.43,6.54,20350
HMC,2020-07-24,6.4,6.4,6.32,6.32,190
HMC,2020-07-27,6.59,6.59,6.06,6.06,4080
HMC,2020-07-28,6.09,6.09,6.09,6.09,110
HMC,2020-07-29,6.01,6.32,5.8,6.32,2800
HMC,2020-07-30,6.56,6.61,6.06,6.06,910
HMC,2020-07-31,6.09,6.09,6.09,6.09,300
HMC,2020-08-03,6.09,6.51,6.09,6.51,830
HMC,2020-08-04,6.51,6.93,6.51,6.93,70
HMC,2020-08-05,6.85,6.85,6.85,6.85,2820
HMC,2020-08-06,7.09,7.12,6.48,6.48,650
HMC,2020-08-07,6.75,6.85,6.54,6.54,280
HMC,2020-08-10,6.98,6.98,6.98,6.98,50
HMC,2020-08-11,7.46,7.46,7.04,7.46,157160
HMC,2020-08-12,7.69,7.69,7.12,7.64,27960
HMC,2020-08-13,7.38,7.69,7.38,7.38,30
HMC,2020-08-14,7.64,7.64,7.12,7.12,90
HMC,2020-08-17,7.12,7.59,6.64,6.64,26250
HMC,2020-08-18,6.8,6.8,6.8,6.8,100
HMC,2020-08-19,6.85,7.12,6.85,7.01,1180
HMC,2020-08-20,7.01,7.33,7.01,7.01,46510
HMC,2020-08-21,7.33,7.33,6.9,6.9,22140
HMC,2020-08-24,6.85,7.27,6.85,6.96,15180
HMC,2020-08-25,7.06,7.12,6.96,6.96,410
HMC,2020-08-26,7.01,7.12,6.9,6.96,2870
HMC,2020-08-27,7.09,7.43,7.09,7.43,32560
HMC,2020-08-28,7.64,7.85,7.01,7.77,38370
HMC,2020-08-31,7.25,7.85,7.25,7.27,17300
HMC,2020-09-01,7.3,7.77,7.3,7.3,59160
HMC,2020-09-03,7.3,7.33,7.3,7.3,790
HMC,2020-09-04,7.12,7.12,7.12,7.12,900
HMC,2020-09-07,7.48,7.59,7.4,7.48,18710
HMC,2020-09-08,7.69,7.69,7.38,7.38,60
HMC,2020-09-09,7.69,7.77,7.51,7.51,13760
HMC,2020-09-10,7.4,7.8,7.4,7.48,40
HMC,2020-09-11,7.77,7.77,7.22,7.22,4490
HMC,2020-09-14,7.38,7.72,7.38,7.4,15140
HMC,2020-09-15,7.8,7.85,7.48,7.48,104970
HMC,2020-09-16,7.43,7.98,7.43,7.91,179010
HMC,2020-09-17,7.91,7.91,7.91,7.91,100
HMC,2020-09-18,8.12,8.12,7.72,7.91,8090
HMC,2020-09-21,7.48,7.98,7.48,7.56,31310
HMC,2020-09-22,7.91,7.91,7.54,7.54,25500
HMC,2020-09-23,7.54,7.54,7.54,7.54,10
HMC,2020-09-24,7.91,7.91,7.75,7.88,1520
HMC,2020-09-25,7.88,7.91,7.64,7.64,17840
HMC,2020-09-28,7.85,8.01,7.69,7.69,32180
HMC,2020-09-29,7.85,7.85,7.69,7.69,91840
HMC,2020-09-30,7.85,7.85,7.83,7.85,45840
HMC,2020-10-01,7.96,7.96,7.69,7.85,530
HMC,2020-10-02,8.01,8.01,7.64,7.85,1370
HMC,2020-10-05,7.85,7.85,7.48,7.8,9600
HMC,2020-10-06,7.8,7.8,7.64,7.64,16120
HMC,2020-10-07,7.64,7.85,7.59,7.69,22640
HMC,2020-10-08,7.75,7.91,7.69,7.75,41490
HMC,2020-10-09,7.75,7.96,7.69,7.69,22710
HMC,2020-10-12,7.91,7.91,7.69,7.69,16210
HMC,2020-10-13,7.85,7.91,7.75,7.75,39520
HMC,2020-10-14,7.56,7.91,7.56,7.75,770
HMC,2020-10-15,7.91,7.91,7.54,7.56,60810
HMC,2020-10-16,7.69,7.69,7.38,7.38,70
HMC,2020-10-19,7.77,7.8,7.27,7.27,5450
HMC,2020-10-20,7.27,7.77,7.27,7.77,70690
HMC,2020-10-21,7.91,7.91,7.77,7.77,17940
HMC,2020-10-22,7.77,7.77,7.69,7.77,310
HMC,2020-10-23,7.77,7.77,7.77,7.77,10
HMC,2020-10-26,7.85,7.85,7.75,7.77,18710
HMC,2020-10-27,7.77,7.77,7.69,7.72,31240
HMC,2020-10-28,7.77,7.77,7.38,7.38,2630
HMC,2020-10-29,7.56,7.59,7.56,7.59,2480
HMC,2020-10-30,7.59,7.69,7.59,7.69,13990
HMC,2020-11-02,7.69,7.77,7.69,7.75,73000
HMC,2020-11-03,7.77,7.77,7.48,7.48,44720
HMC,2020-11-04,7.48,7.48,7.48,7.48,0
HMC,2020-11-05,7.77,7.98,7.48,7.48,8520
HMC,2020-11-06,7.48,7.77,7.48,7.54,5570
HMC,2020-11-09,7.75,7.77,7.75,7.75,5020
HMC,2020-11-10,7.77,7.85,7.77,7.77,20140
HMC,2020-11-11,7.77,7.8,7.75,7.77,15510
HMC,2020-11-12,7.77,7.77,7.77,7.77,0
HMC,2020-11-13,7.77,7.77,7.77,7.77,0
HMC,2020-11-16,7.91,7.91,7.64,7.64,2080
HMC,2020-11-17,7.64,7.91,7.59,7.59,12780
HMC,2020-11-18,7.59,7.59,7.59,7.59,0
HMC,2020-11-19,7.59,7.59,7.59,7.59,0
HMC,2020-11-20,7.69,7.91,7.64,7.64,3280
HMC,2020-11-23,7.77,7.77,7.64,7.64,8530
HMC,2020-11-24,7.91,7.91,7.69,7.75,12770
HMC,2020-11-25,7.91,7.91,7.91,7.91,240
HMC,2020-11-26,7.91,7.91,7.64,7.85,12020
HMC,2020-11-27,7.91,7.91,7.69,7.85,3020
HMC,2020-11-30,7.69,7.85,7.69,7.85,6010
HMC,2020-12-01,7.69,7.85,7.69,7.72,18510
HMC,2020-12-02,7.91,7.91,7.72,7.72,2880
HMC,2020-12-03,7.8,8.25,7.8,8.01,8520
HMC,2020-12-04,7.85,7.85,7.85,7.85,6000
HMC,2020-12-07,7.96,7.96,7.85,7.85,29860
HMC,2020-12-08,8.17,8.17,7.64,7.85,33130
HMC,2020-12-09,7.85,7.85,7.85,7.85,26410
HMC,2020-12-10,7.85,7.88,7.85,7.85,92200
HMC,2020-12-11,7.85,7.85,7.8,7.85,10050
HMC,2020-12-14,8.04,8.04,7.75,7.85,18450
HMC,2020-12-15,7.85,7.85,7.8,7.85,5500
HMC,2020-12-16,7.85,7.91,7.85,7.85,49300
HMC,2020-12-17,7.75,7.85,7.75,7.8,5510
HMC,2020-12-18,7.38,7.85,7.3,7.83,13240
HMC,2020-12-21,7.83,7.85,7.8,7.83,32750
HMC,2020-12-22,7.91,7.91,7.75,7.85,1090
HMC,2020-12-23,7.75,7.91,7.75,7.91,19630
HMC,2020-12-24,8.17,8.17,7.72,7.72,11030
HMC,2020-12-25,7.91,7.91,7.72,7.91,9930
HMC,2020-12-28,7.91,7.91,7.72,7.72,2420
HMC,2020-12-29,7.85,7.91,7.69,7.69,13610
HMC,2020-12-30,7.69,7.69,7.64,7.64,6790
HMC,2020-12-31,7.64,7.91,7.64,7.69,6850
HMC,2021-01-04,7.64,8.06,7.64,8.04,35500
HMC,2021-01-05,7.91,8.01,7.91,7.91,1900
HMC,2021-01-06,7.91,7.96,7.91,7.91,1100
HMC,2021-01-07,7.67,7.69,7.67,7.69,1000
HMC,2021-01-08,7.69,7.75,7.69,7.75,600
HMC,2021-01-11,7.75,7.93,7.75,7.8,32700
HMC,2021-01-12,7.91,8.01,7.91,7.98,1700
HMC,2021-01-13,7.98,8.01,7.93,7.93,5600
HMC,2021-01-14,7.91,7.93,7.91,7.93,18500
HMC,2021-01-15,7.98,8.35,7.91,8.17,57200
HMC,2021-01-18,8.06,8.22,8.01,8.22,50400
HMC,2021-01-19,8.43,8.43,8.12,8.12,43500
HMC,2021-01-20,8.12,8.43,8.01,8.38,47600
HMC,2021-01-21,8.41,8.93,8.17,8.93,69000
HMC,2021-01-22,9.01,9.12,8.59,8.8,51000
HMC,2021-01-25,8.8,9.22,8.64,9.2,113700
HMC,2021-01-26,9.07,9.07,8.8,8.85,35600
HMC,2021-01-27,8.75,8.85,8.51,8.67,48100
HMC,2021-01-28,8.43,8.85,8.06,8.43,37900
HMC,2021-01-29,8.85,8.85,8.38,8.64,27400
HMC,2021-02-01,8.49,8.64,8.43,8.59,8500
HMC,2021-02-02,8.49,8.54,8.04,8.43,39300
HMC,2021-02-03,8.43,8.59,8.17,8.59,37200
HMC,2021-02-04,8.43,8.43,8.17,8.41,15000
HMC,2021-02-05,8.22,8.33,8.12,8.27,97300
HMC,2021-02-08,8.27,8.43,8.12,8.12,23300
HMC,2021-02-09,8.35,8.43,8.17,8.43,18700
HMC,2021-02-17,8.33,8.91,8.33,8.7,22900
HMC,2021-02-18,8.43,8.43,8.43,8.43,11000
HMC,2021-02-19,8.49,8.54,8.22,8.43,24900
HMC,2021-02-22,8.43,8.51,8.27,8.43,65900
HMC,2021-02-23,8.43,8.43,8.33,8.43,24400
HMC,2021-02-24,8.43,8.56,8.3,8.3,25400
HMC,2021-02-25,8.33,8.49,8.3,8.41,26500
HMC,2021-02-26,8.46,8.46,8.33,8.43,30200
HMC,2021-03-01,8.54,8.7,8.49,8.49,73900
HMC,2021-03-02,8.96,8.96,8.7,8.8,78900
HMC,2021-03-03,8.83,9.01,8.83,8.96,65700
HMC,2021-03-04,8.96,9.28,8.78,9.07,136800
HMC,2021-03-05,9.22,9.22,8.8,9.07,111200
HMC,2021-03-08,8.96,9.7,8.8,9.7,335300
HMC,2021-03-09,9.7,10.17,9.54,9.96,249300
HMC,2021-03-10,9.96,9.96,9.57,9.96,77500
HMC,2021-03-11,9.59,9.75,9.43,9.7,148600
HMC,2021-03-12,9.7,9.7,9.41,9.41,134200
HMC,2021-03-15,9.49,9.96,9.43,9.75,189000
HMC,2021-03-16,9.75,9.75,9.43,9.54,59600
HMC,2021-03-17,9.54,9.59,9.43,9.57,32800
HMC,2021-03-18,9.57,9.62,9.54,9.54,33200
HMC,2021-03-19,9.54,9.62,9.22,9.49,175900
HMC,2021-03-22,9.49,9.54,9.38,9.54,51100
HMC,2021-03-23,9.59,9.64,9.43,9.54,45400
HMC,2021-03-24,9.43,9.49,9.28,9.49,44600
HMC,2021-03-25,9.49,9.49,9.25,9.38,25400
HMC,2021-03-26,9.38,9.38,8.96,9.28,73800
HMC,2021-03-29,9.41,9.46,9.28,9.43,63800
HMC,2021-03-30,9.43,9.59,9.38,9.49,52100
HMC,2021-03-31,9.49,9.64,9.43,9.54,95000
HMC,2021-04-01,9.54,9.91,9.54,9.8,182100
HMC,2021-04-02,9.91,9.91,9.49,9.78,70900
HMC,2021-04-05,9.54,9.75,9.49,9.59,68500
HMC,2021-04-06,9.49,9.54,9.28,9.43,111600
HMC,2021-04-07,9.38,9.38,9.2,9.38,93500
HMC,2021-04-08,9.54,9.57,9.36,9.57,58000
HMC,2021-04-09,9.49,9.57,9.43,9.49,54200
HMC,2021-04-12,9.49,9.54,9.38,9.54,74200
HMC,2021-04-13,9.49,9.54,9.38,9.38,101100
HMC,2021-04-14,9.38,9.7,9.33,9.67,172600
HMC,2021-04-15,9.67,9.75,9.59,9.64,366300
HMC,2021-04-16,10.3,10.3,10.3,10.3,198800
HMC,2021-04-19,11.02,11.02,11.02,11.02,75200
HMC,2021-04-20,11.78,11.78,11.78,11.78,282100
HMC,2021-04-22,12.54,12.6,11.81,12.07,1045800
HMC,2021-04-23,12.02,12.91,11.86,12.91,451500
HMC,2021-04-26,13.55,13.6,12.91,13.18,370700
HMC,2021-04-27,12.7,13.65,12.62,13.65,358400
HMC,2021-04-28,13.28,13.7,12.7,12.7,412600
HMC,2021-04-29,12.91,13.12,12.65,12.83,166700
HMC,2021-05-04,12.73,13.18,12.12,12.73,260300
HMC,2021-05-05,12.6,12.86,12.15,12.33,250700
HMC,2021-05-06,12.33,12.65,12.17,12.33,236700
HMC,2021-05-07,12.33,13.18,12.33,13.02,350300
HMC,2021-05-10,13.07,13.76,13.02,13.68,527700
HMC,2021-05-11,13.6,13.68,13.18,13.26,322900
HMC,2021-05-12,12.91,13.44,12.7,13.44,259900
HMC,2021-05-13,13.18,13.44,13.02,13.07,259900
HMC,2021-05-14,13.07,13.23,12.81,12.91,191800
HMC,2021-05-17,12.44,12.78,12.28,12.44,219300
HMC,2021-05-18,12.54,12.97,12.41,12.62,115600
HMC,2021-05-19,12.44,13.02,12.44,12.65,131000
HMC,2021-05-20,12.49,12.49,12.12,12.44,145100
HMC,2021-05-21,12.65,12.97,12.44,12.7,192900
HMC,2021-05-24,12.91,13.15,12.75,12.91,109500
HMC,2021-05-25,12.91,13.28,12.65,13.02,231200
HMC,2021-05-26,13.02,13.02,12.68,12.75,112000
HMC,2021-05-27,12.75,12.75,12.23,12.28,128100
HMC,2021-05-28,12.28,12.62,12.15,12.54,125200
HMC,2021-05-31,12.81,12.97,12.49,12.75,182700
HMC,2021-06-01,12.75,12.81,12.6,12.6,110400
HMC,2021-06-02,12.49,12.81,12.49,12.62,145900
HMC,2021-06-03,12.6,13.18,12.6,12.91,180500
HMC,2021-06-04,12.97,13.55,12.97,13.44,184400
HMC,2021-06-07,13.7,14.18,13.49,13.86,377400
HMC,2021-06-08,14.65,14.65,13.99,13.99,303400
HMC,2021-06-09,13.97,13.97,13.02,13.7,184300
HMC,2021-06-10,13.44,13.83,13.18,13.47,150400
HMC,2021-06-11,13.47,13.62,13.33,13.47,168500
HMC,2021-06-14,14.23,14.23,13.44,13.55,139200
HMC,2021-06-15,13.49,13.49,13.15,13.21,181400
HMC,2021-06-16,13.21,13.47,13.07,13.27,109900
HMC,2021-06-17,13.1,13.38,13.1,13.15,122900
HMC,2021-06-18,13.21,14.06,13.18,14.06,322300
HMC,2021-06-21,14.57,14.79,14.4,14.4,250100
HMC,2021-06-22,14.4,14.4,13.97,14.06,229100
HMC,2021-06-23,13.95,14.11,13.8,14.06,158900
HMC,2021-06-24,14.17,14.17,13.72,13.8,84000
HMC,2021-06-25,13.8,14.0,13.61,13.86,55400
HMC,2021-06-28,13.86,14.4,13.86,14.34,143900
HMC,2021-06-29,14.57,14.59,14.2,14.28,112400
HMC,2021-06-30,14.28,14.4,14.23,14.28,89500
HMC,2021-07-01,14.37,15.24,14.37,15.1,336300
HMC,2021-07-02,15.3,15.53,15.1,15.3,191000
HMC,2021-07-05,15.24,15.3,14.91,15.05,110300
HMC,2021-07-06,14.91,15.02,14.0,14.0,179300
HMC,2021-07-07,13.97,14.0,13.15,13.61,244500
HMC,2021-07-08,13.58,13.78,13.32,13.55,171000
HMC,2021-07-09,13.32,13.61,13.27,13.41,79600
HMC,2021-07-12,13.27,13.41,12.48,12.7,312700
HMC,2021-07-13,12.7,13.21,12.7,13.15,43500
HMC,2021-07-14,13.32,13.78,13.13,13.41,144200
HMC,2021-07-15,13.32,13.95,13.32,13.86,30800
HMC,2021-07-16,13.78,14.06,13.63,13.86,43000
HMC,2021-07-19,13.75,14.65,13.61,13.92,98300
HMC,2021-07-20,13.95,14.23,13.55,13.95,129900
HMC,2021-07-21,14.11,14.11,13.63,13.83,83100
HMC,2021-07-22,13.83,13.89,13.55,13.83,155300
HMC,2021-07-23,13.95,14.0,13.66,13.83,203100
HMC,2021-07-26,14.06,14.2,13.72,14.11,178400
HMC,2021-07-27,14.23,14.45,14.06,14.11,82300
HMC,2021-07-28,14.09,14.11,13.69,13.92,101000
HMC,2021-07-29,13.89,14.0,13.8,13.95,112300
HMC,2021-07-30,13.89,14.17,13.8,13.95,166200
HMC,2021-08-02,13.95,14.37,13.95,14.23,182900
HMC,2021-08-03,14.23,15.02,14.2,14.85,251200
HMC,2021-08-04,14.85,14.99,14.65,14.68,102900
HMC,2021-08-05,14.68,14.91,14.51,14.79,147000
HMC,2021-08-06,14.74,14.91,14.57,14.62,169300
HMC,2021-08-09,14.4,14.65,14.37,14.65,149400
HMC,2021-08-10,14.79,14.79,14.37,14.57,161200
HMC,2021-08-11,14.57,14.71,14.45,14.54,161200
HMC,2021-08-12,14.4,15.53,14.4,15.02,260100
HMC,2021-08-13,15.07,15.13,14.45,14.74,111700
HMC,2021-08-16,14.71,15.07,14.68,14.96,177200
HMC,2021-08-17,15.13,16.01,15.02,16.01,891800
HMC,2021-08-18,16.32,16.77,16.09,16.15,336300
HMC,2021-08-19,15.98,16.82,15.81,16.54,175300
HMC,2021-08-20,16.43,16.43,15.41,15.47,480500
HMC,2021-08-23,15.47,15.47,14.4,14.4,491400
HMC,2021-08-24,14.62,14.65,14.26,14.4,198800
HMC,2021-08-25,14.51,15.16,14.4,15.16,234600
HMC,2021-08-26,15.16,15.19,14.96,15.13,144200
HMC,2021-08-27,14.96,15.22,14.74,15.16,116500
HMC,2021-08-30,15.33,15.7,15.13,15.41,213000
HMC,2021-08-31,15.98,16.09,15.55,15.64,294700
HMC,2021-09-01,15.36,15.86,15.36,15.67,154600
HMC,2021-09-06,15.81,16.43,15.81,16.37,461700
HMC,2021-09-07,16.49,16.63,16.01,16.03,374900
HMC,2021-09-08,16.12,16.23,15.86,15.86,302900
HMC,2021-09-09,16.2,16.2,15.89,16.03,238600
HMC,2021-09-10,16.09,16.94,16.03,16.94,489800
HMC,2021-09-13,16.82,16.82,16.37,16.6,547700
HMC,2021-09-14,16.4,16.94,16.4,16.71,244500
HMC,2021-09-15,16.94,17.22,16.6,17.16,425300
HMC,2021-09-16,17.16,17.36,16.66,17.14,258000
HMC,2021-09-17,17.16,17.47,16.94,17.33,228000
HMC,2021-09-20,17.39,17.42,16.66,16.66,484900
HMC,2021-09-21,16.37,16.54,16.06,16.15,702800
HMC,2021-09-22,16.2,16.49,16.03,16.37,493400
HMC,2021-09-23,16.37,16.37,16.06,16.34,434800
HMC,2021-09-24,16.34,16.34,16.15,16.15,113500
HMC,2021-09-27,16.15,16.18,15.64,15.7,278500
HMC,2021-09-28,15.7,16.15,15.27,15.98,229200
HMC,2021-09-29,16.06,16.15,15.64,15.92,97100
HMC,2021-09-30,15.92,16.06,15.81,15.98,98300
HMC,2021-10-01,16.01,16.12,15.84,15.86,129100
HMC,2021-10-04,16.01,16.23,15.64,16.06,202900
HMC,2021-10-05,16.15,16.15,15.92,16.03,121100
HMC,2021-10-06,16.06,16.09,15.89,16.01,157000
HMC,2021-10-07,16.01,16.51,15.86,16.37,395700
HMC,2021-10-08,16.66,16.71,16.32,16.43,329200
HMC,2021-10-11,16.46,16.46,16.29,16.37,148000
HMC,2021-10-12,16.37,16.37,16.03,16.15,249000
HMC,2021-10-13,16.2,16.2,15.84,15.92,223300
HMC,2021-10-14,15.84,16.12,15.84,16.03,135500
HMC,2021-10-15,16.06,16.34,15.95,16.18,273700
HMC,2021-10-18,16.2,16.57,16.18,16.37,293900
HMC,2021-10-19,16.23,16.43,16.18,16.32,112600
HMC,2021-10-20,16.2,16.63,16.2,16.54,503700
HMC,2021-10-21,16.66,17.7,16.57,17.7,989800
HMC,2021-10-22,18.43,18.74,18.1,18.21,818600
HMC,2021-10-25,18.32,18.55,17.62,17.84,576600
HMC,2021-10-26,17.67,17.9,17.16,17.9,480400
HMC,2021-10-27,17.95,18.1,17.73,18.07,362500
HMC,2021-10-28,18.12,18.18,17.67,18.07,328200
HMC,2021-10-29,18.1,18.18,17.78,18.07,361900
HMC,2021-11-01,18.04,18.04,17.7,17.76,281700
HMC,2021-11-02,17.59,18.01,17.59,17.87,217400
HMC,2021-11-03,17.87,17.9,17.22,17.22,380300
HMC,2021-11-04,17.22,17.62,17.05,17.28,194600
HMC,2021-11-05,17.22,17.78,17.22,17.78,202800
HMC,2021-11-08,17.62,17.78,17.25,17.56,265500
HMC,2021-11-09,17.5,17.7,17.36,17.36,250600
HMC,2021-11-10,17.33,17.56,17.22,17.28,203500
HMC,2021-11-11,17.22,17.22,16.32,16.91,355000
HMC,2021-11-12,16.88,17.19,16.66,17.14,154100
HMC,2021-11-15,17.05,17.11,16.82,17.11,236900
HMC,2021-11-16,16.94,16.94,16.37,16.68,411500
HMC,2021-11-17,16.68,16.94,16.68,16.85,154300
HMC,2021-11-18,16.74,16.77,16.4,16.49,233700
HMC,2021-11-19,16.12,16.15,15.41,15.78,453000
HMC,2021-11-22,15.7,16.03,15.41,15.44,140600
HMC,2021-11-23,15.44,15.98,15.22,15.72,180100
HMC,2021-11-24,15.67,15.98,15.47,15.64,149900
HMC,2021-11-25,15.81,15.86,15.47,15.64,139100
HMC,2021-11-26,15.75,16.06,15.64,15.92,227200
HMC,2021-11-29,15.67,15.92,15.24,15.58,120900
HMC,2021-11-30,15.64,15.84,15.58,15.64,110800
HMC,2021-12-01,15.58,15.67,15.33,15.58,170100
HMC,2021-12-02,15.58,15.58,15.27,15.27,162800
HMC,2021-12-03,15.47,15.53,15.07,15.07,151600
HMC,2021-12-06,15.07,15.16,14.17,14.17,156600
HMC,2021-12-07,14.11,14.93,14.11,14.51,89300
HMC,2021-12-08,14.51,14.62,14.11,14.34,120900
HMC,2021-12-09,14.45,14.45,14.17,14.28,40400
HMC,2021-12-10,14.45,14.45,14.23,14.28,52400
HMC,2021-12-13,14.4,14.57,14.28,14.31,67200
HMC,2021-12-14,14.31,15.3,14.23,15.07,184200
HMC,2021-12-15,15.19,15.19,14.65,14.74,61200
HMC,2021-12-16,14.71,14.99,14.54,14.74,58400
HMC,2021-12-17,14.51,14.62,14.4,14.54,91800
HMC,2021-12-20,14.71,14.71,14.4,14.48,48000
HMC,2021-12-21,14.48,14.54,14.23,14.48,59500
HMC,2021-12-22,14.48,14.65,14.17,14.26,154200
HMC,2021-12-23,14.26,14.28,13.72,13.92,164600
HMC,2021-12-24,13.95,14.11,13.92,14.06,40600
HMC,2021-12-27,14.11,14.34,14.06,14.11,58400
HMC,2021-12-28,14.17,14.31,14.09,14.23,128800
HMC,2021-12-29,14.23,14.51,14.23,14.26,95400
HMC,2021-12-30,14.45,14.68,14.2,14.34,116700
HMC,2021-12-31,14.54,14.54,14.37,14.45,47600
HMC,2022-01-04,14.48,14.62,14.4,14.51,115600
HMC,2022-01-05,14.48,14.57,14.37,14.37,102000
HMC,2022-01-06,14.51,14.54,14.26,14.4,108700
HMC,2022-01-07,14.34,14.37,14.23,14.28,74700
HMC,2022-01-10,14.43,14.43,14.03,14.03,89800
HMC,2022-01-11,14.11,14.14,13.83,13.95,76500
HMC,2022-01-12,14.03,14.17,13.8,14.09,149000
HMC,2022-01-13,14.11,14.23,13.89,14.09,88500
HMC,2022-01-14,14.09,14.09,13.78,13.95,103200
HMC,2022-01-17,14.06,14.11,13.41,13.55,113400
HMC,2022-01-18,13.55,13.55,13.04,13.04,93700
HMC,2022-01-19,13.04,13.21,12.96,13.15,84900
HMC,2022-01-20,13.01,13.69,12.99,13.55,106300
HMC,2022-01-21,13.55,13.72,13.44,13.58,83800
HMC,2022-01-24,13.58,13.75,12.99,12.99,81000
HMC,2022-01-25,12.93,13.83,12.7,12.99,174300
HMC,2022-01-26,12.99,13.15,12.87,13.07,84700
HMC,2022-01-27,13.04,13.07,12.73,12.76,56400
HMC,2022-01-28,13.04,13.1,12.76,12.99,39800
HMC,2022-02-07,13.15,13.41,13.01,13.27,57600
HMC,2022-02-08,13.38,13.89,13.21,13.8,173200
HMC,2022-02-09,13.95,14.51,13.8,14.23,202000
HMC,2022-02-10,14.4,14.4,14.0,14.06,94500
HMC,2022-02-11,14.06,14.11,13.86,14.11,114100
HMC,2022-02-14,14.06,14.11,13.97,14.03,91900
HMC,2022-02-15,13.97,14.11,13.89,14.06,212200
HMC,2022-02-16,14.11,14.2,14.03,14.11,68900
HMC,2022-02-17,14.14,14.26,14.09,14.26,105400
HMC,2022-02-18,14.23,14.57,14.14,14.4,126000
HMC,2022-02-21,14.34,14.43,14.28,14.34,92000
HMC,2022-02-22,14.31,14.37,14.2,14.28,133100
HMC,2022-02-23,14.28,14.43,14.23,14.4,84300
HMC,2022-02-24,14.43,14.48,14.11,14.17,191600
HMC,2022-02-25,14.14,14.34,14.14,14.28,91600
HMC,2022-02-28,14.28,15.02,14.28,15.02,223300
HMC,2022-03-01,15.02,15.24,14.85,15.05,160300
HMC,2022-03-02,15.05,15.13,14.88,14.88,132000
HMC,2022-03-03,14.93,15.24,14.93,15.24,163000
HMC,2022-03-04,15.58,15.58,15.3,15.41,143500
HMC,2022-03-07,15.5,16.2,15.47,16.06,245100
HMC,2022-03-08,15.92,16.03,15.75,15.81,141200
HMC,2022-03-09,15.75,15.98,15.55,15.7,129300
HMC,2022-03-10,15.81,15.86,15.64,15.67,105500
HMC,2022-03-11,15.7,15.81,15.53,15.53,101700
HMC,2022-03-14,15.53,15.53,14.91,15.19,166000
HMC,2022-03-15,14.85,15.02,14.62,14.99,85200
HMC,2022-03-16,14.85,15.19,14.71,15.02,173300
HMC,2022-03-17,15.19,15.81,15.05,15.7,277600
HMC,2022-03-18,16.77,16.77,16.77,16.77,298000
HMC,2022-03-21,17.9,17.9,17.28,17.47,357100
HMC,2022-03-22,17.45,17.47,17.02,17.45,228000
HMC,2022-03-23,17.47,17.56,17.28,17.56,191100
HMC,2022-03-24,17.56,18.24,17.39,18.18,343100
HMC,2022-03-25,18.24,18.46,18.12,18.35,202600
HMC,2022-03-28,18.07,18.49,18.07,18.41,236000
HMC,2022-03-29,18.35,18.52,18.35,18.41,148500
HMC,2022-03-30,18.55,18.63,18.07,18.18,182900
HMC,2022-03-31,18.18,18.26,17.62,17.67,159300
HMC,2022-04-01,17.7,18.04,17.7,17.84,130300
HMC,2022-04-04,17.9,18.07,17.7,17.84,181700
HMC,2022-04-05,17.81,18.52,17.62,18.04,172500
HMC,2022-04-06,18.12,18.46,18.12,18.29,200000
HMC,2022-04-07,19.03,19.48,18.6,19.25,860500
HMC,2022-04-08,19.25,19.48,19.2,19.42,335000
HMC,2022-04-12,19.37,19.37,18.29,18.29,274200
HMC,2022-04-13,18.35,18.35,17.62,18.12,257800
HMC,2022-04-14,18.18,18.72,18.12,18.46,180900
HMC,2022-04-15,18.38,18.38,17.87,18.04,168100
HMC,2022-04-18,17.93,18.01,17.28,17.47,194400
HMC,2022-04-19,17.39,17.64,16.97,16.99,175400
HMC,2022-04-20,16.74,17.02,16.51,16.57,128000
HMC,2022-04-21,16.34,16.63,15.41,16.37,173300
HMC,2022-04-22,16.32,16.88,16.15,16.15,96500
HMC,2022-04-25,16.37,16.37,15.53,15.72,127900
HMC,2022-04-26,15.67,16.34,15.67,16.34,110400
HMC,2022-04-27,16.26,16.46,16.09,16.34,61700
HMC,2022-04-28,16.32,16.43,16.15,16.34,56800
HMC,2022-04-29,16.12,16.94,16.09,16.94,100200
HMC,2022-05-04,16.94,17.59,16.94,17.39,89000
HMC,2022-05-05,17.42,17.62,16.97,17.28,81300
HMC,2022-05-06,17.11,17.28,16.88,16.91,124600
HMC,2022-05-09,16.88,16.88,16.03,16.06,120400
HMC,2022-05-10,15.98,16.15,15.75,16.09,71000
HMC,2022-05-11,16.06,16.29,16.01,16.18,28000
HMC,2022-05-12,16.37,16.37,15.81,16.03,76300
HMC,2022-05-13,15.81,16.01,15.27,15.27,133100
HMC,2022-05-16,15.27,15.64,15.27,15.36,75200
HMC,2022-05-17,15.27,16.03,15.02,15.75,45700
HMC,2022-05-18,15.81,16.2,15.75,16.12,111400
HMC,2022-05-19,15.86,16.09,15.86,16.03,37700
HMC,2022-05-20,16.03,16.09,15.84,16.01,36300
HMC,2022-05-23,16.03,16.03,15.78,15.89,31700
HMC,2022-05-24,15.84,15.92,15.41,15.53,90300
HMC,2022-05-25,15.53,15.84,15.44,15.75,128400
HMC,2022-05-26,15.81,16.01,15.81,15.89,86000
HMC,2022-05-27,15.89,16.03,15.81,15.95,26500
HMC,2022-05-30,16.03,16.15,15.98,16.15,60400
HMC,2022-05-31,16.18,16.32,16.06,16.15,73000
HMC,2022-06-01,16.15,16.71,16.15,16.71,87300
HMC,2022-06-02,16.71,17.14,16.6,16.6,100200
HMC,2022-06-03,16.54,16.74,16.51,16.71,49600
HMC,2022-06-06,16.66,16.68,16.23,16.32,63300
HMC,2022-06-07,16.37,16.57,15.7,16.18,231000
HMC,2022-06-08,16.34,17.16,16.2,17.16,123300
HMC,2022-06-09,17.73,18.29,17.62,18.07,411500
HMC,2022-06-10,18.12,18.63,18.07,18.46,553600
HMC,2022-06-13,17.62,18.38,17.45,17.53,296200
HMC,2022-06-14,17.53,17.64,17.28,17.47,170200
HMC,2022-06-15,17.62,17.93,17.5,17.76,330500
HMC,2022-06-16,18.07,18.21,17.67,17.73,410700
HMC,2022-06-17,17.62,17.62,16.94,17.08,299400
HMC,2022-06-20,17.08,17.42,16.2,16.23,562600
HMC,2022-06-21,15.14,15.84,15.1,15.1,167200
HMC,2022-06-22,15.05,15.05,14.05,14.05,297700
HMC,2022-06-23,13.23,13.53,13.1,13.31,219000
HMC,2022-06-24,13.31,14.23,13.27,14.23,148600
HMC,2022-06-27,14.45,14.71,14.31,14.4,68400
HMC,2022-06-28,14.36,14.36,13.92,14.1,145200
HMC,2022-06-29,13.92,14.18,13.79,14.18,111900
HMC,2022-06-30,14.27,14.53,13.92,13.92,71300
HMC,2022-07-01,13.88,13.97,13.44,13.88,94000
HMC,2022-07-04,13.88,14.14,13.71,13.88,46200
HMC,2022-07-05,13.84,13.84,13.49,13.58,99700
HMC,2022-07-06,13.58,13.75,13.31,13.49,46500
HMC,2022-07-07,13.66,13.66,13.27,13.4,52500
HMC,2022-07-08,13.31,13.58,13.31,13.49,59100
HMC,2022-07-11,13.58,13.62,13.31,13.4,41200
HMC,2022-07-12,13.4,13.49,13.18,13.36,80600
HMC,2022-07-13,13.27,13.58,13.14,13.49,101100
HMC,2022-07-14,13.49,13.53,13.27,13.44,67200
HMC,2022-07-15,13.27,13.62,13.27,13.53,105300
HMC,2022-07-18,13.53,13.53,13.36,13.4,79900
HMC,2022-07-19,13.36,13.49,13.31,13.4,97700
HMC,2022-07-20,13.49,13.53,13.36,13.4,108400
HMC,2022-07-21,13.36,13.49,13.31,13.44,67300
HMC,2022-07-22,13.44,13.53,13.36,13.44,53300
HMC,2022-07-25,13.31,13.31,13.05,13.23,94300
HMC,2022-07-26,13.14,13.27,13.1,13.1,40100
HMC,2022-07-27,13.05,13.05,12.62,12.84,59700
HMC,2022-07-28,13.05,13.18,12.92,13.01,51400
HMC,2022-07-29,13.01,13.05,12.84,12.92,47500
HMC,2022-08-01,12.84,13.05,12.84,12.92,46300
HMC,2022-08-02,12.92,13.05,12.88,13.01,58900
HMC,2022-08-03,13.01,13.44,12.88,13.4,171700
HMC,2022-08-04,13.49,13.49,13.27,13.36,54400
HMC,2022-08-05,13.14,13.4,13.14,13.23,47900
HMC,2022-08-08,13.23,13.58,13.23,13.58,89500
HMC,2022-08-09,13.49,13.66,13.44,13.53,102100
HMC,2022-08-10,13.92,13.92,13.58,13.75,79900
HMC,2022-08-11,13.92,13.92,13.44,13.53,78100
HMC,2022-08-12,13.53,13.62,13.36,13.53,42200
HMC,2022-08-15,13.44,13.44,13.27,13.36,146800
HMC,2022-08-16,13.27,13.4,13.23,13.31,115800
HMC,2022-08-17,13.31,13.36,13.01,13.14,124400
HMC,2022-08-18,13.01,13.1,12.92,13.05,91300
HMC,2022-08-19,12.97,13.23,12.84,12.92,97200
HMC,2022-08-22,13.01,13.01,12.75,12.84,165700
HMC,2022-08-23,12.75,12.92,12.66,12.84,83900
HMC,2022-08-24,12.88,12.97,12.84,12.97,95600
HMC,2022-08-25,13.05,13.05,12.92,13.01,79500
HMC,2022-08-26,13.05,13.05,12.79,12.88,93900
HMC,2022-08-29,12.79,12.79,12.36,12.57,117800
HMC,2022-08-30,12.57,12.66,12.44,12.57,54900
HMC,2022-08-31,12.49,12.53,12.36,12.4,78200
HMC,2022-09-05,12.62,12.92,12.62,12.92,74400
HMC,2022-09-06,12.79,13.01,12.7,12.7,41800
HMC,2022-09-07,12.62,12.7,12.49,12.49,65000
HMC,2022-09-08,12.57,12.57,12.18,12.4,88700
HMC,2022-09-09,12.44,12.49,12.27,12.4,48500
HMC,2022-09-12,12.44,12.66,12.4,12.44,48887
HMC,2022-09-13,12.44,12.62,12.36,12.44,44500
HMC,2022-09-14,12.27,12.4,12.18,12.4,81800
HMC,2022-09-15,12.31,12.44,12.31,12.36,17400
HMC,2022-09-16,12.31,12.36,12.18,12.31,78600
HMC,2022-09-19,12.31,12.36,11.97,11.97,78200
HMC,2022-09-20,11.97,12.27,11.97,12.18,97600
HMC,2022-09-21,12.14,12.18,12.01,12.1,30700
HMC,2022-09-22,11.97,12.4,11.97,12.27,46500
HMC,2022-09-23,12.27,12.36,12.1,12.1,34500
HMC,2022-09-26,12.1,12.14,11.83,12.01,55500
HMC,2022-09-27,11.92,12.14,11.79,12.01,26600
HMC,2022-09-28,11.92,12.01,11.79,11.97,41140
HMC,2022-09-29,11.83,12.01,11.7,11.7,60321
HMC,2022-09-30,11.66,11.75,11.4,11.7,63511
HMC,2022-10-03,11.66,11.66,11.14,11.31,47515
HMC,2022-10-04,11.31,11.57,11.18,11.18,36760
HMC,2022-10-05,11.27,11.49,11.18,11.36,28779
HMC,2022-10-06,11.27,11.57,11.14,11.14,41976
HMC,2022-10-07,11.23,11.31,10.4,10.88,39754
HMC,2022-10-10,10.7,11.31,10.53,10.88,35411
HMC,2022-10-11,10.88,11.05,10.66,10.88,41361
HMC,2022-10-12,10.66,11.05,10.66,10.92,61351
HMC,2022-10-13,11.14,11.14,10.79,10.92,17380
HMC,2022-10-14,11.05,11.05,10.79,10.96,50131
HMC,2022-10-17,10.88,11.05,10.66,10.88,62771
HMC,2022-10-18,10.96,10.96,10.66,10.79,60760
HMC,2022-10-19,10.79,10.88,10.7,10.88,9978
HMC,2022-10-20,10.14,10.62,10.14,10.14,157273
HMC,2022-10-21,10.14,10.14,9.44,9.44,176623
HMC,2022-10-24,9.44,9.44,8.79,8.83,98140
HMC,2022-10-25,8.7,8.88,8.68,8.68,91600
HMC,2022-10-26,8.68,8.75,8.65,8.68,49678
HMC,2022-10-27,8.69,8.79,8.62,8.79,87027
HMC,2022-10-28,8.83,8.88,8.7,8.83,88142
HMC,2022-10-31,8.83,8.88,8.68,8.7,66657
HMC,2022-11-01,8.7,8.83,8.67,8.69,73860
HMC,2022-11-02,8.79,8.79,8.68,8.7,53448
HMC,2022-11-03,8.68,8.83,8.68,8.7,74364
HMC,2022-11-04,8.79,8.79,8.66,8.67,87920
HMC,2022-11-07,8.68,8.7,8.54,8.54,65994
HMC,2022-11-08,7.94,8.52,7.94,8.35,26115
HMC,2022-11-09,8.35,8.52,8.27,8.48,18830
HMC,2022-11-10,8.31,8.31,7.88,8.04,93708
HMC,2022-11-11,8.15,8.15,7.93,8.13,24145
HMC,2022-11-14,8.2,8.2,7.56,7.82,107300
HMC,2022-11-15,7.3,7.55,7.28,7.28,185513
HMC,2022-11-16,6.96,7.61,6.78,7.61,140263
HMC,2022-11-17,7.66,7.91,7.66,7.83,45021
HMC,2022-11-18,7.83,7.89,7.51,7.84,63820
HMC,2022-11-21,7.84,7.92,7.66,7.83,19270
HMC,2022-11-22,7.68,7.94,7.68,7.74,123763
HMC,2022-11-23,7.74,7.81,7.48,7.53,26880
HMC,2022-11-24,7.53,7.65,7.18,7.48,79740
HMC,2022-11-25,7.51,7.73,7.51,7.53,69525
HMC,2022-11-28,7.82,7.95,7.82,7.94,17042
HMC,2022-11-29,7.96,8.17,7.95,8.14,61391
HMC,2022-11-30,8.14,8.24,8.05,8.24,50232
HMC,2022-12-01,8.26,8.79,8.26,8.7,186730
HMC,2022-12-02,8.79,8.92,8.6,8.88,54051
HMC,2022-12-05,8.92,9.22,8.92,9.14,89760
HMC,2022-12-06,9.14,9.14,8.5,8.5,99390
HMC,2022-12-07,8.22,8.7,8.22,8.35,27660
HMC,2022-12-08,8.62,8.62,8.4,8.5,31777
HMC,2022-12-09,8.68,8.68,8.28,8.49,22628
HMC,2022-12-12,8.6,8.69,8.37,8.53,43973
HMC,2022-12-13,8.44,8.59,8.27,8.53,16091
HMC,2022-12-14,8.54,8.62,8.53,8.57,29556
HMC,2022-12-15,8.57,8.61,8.53,8.55,49818
HMC,2022-12-16,8.61,8.96,8.61,8.68,190612
HMC,2022-12-19,8.79,8.96,8.7,8.83,99494
HMC,2022-12-20,8.79,8.88,8.27,8.48,64758
HMC,2022-12-21,8.48,8.62,8.35,8.48,100820
HMC,2022-12-22,8.69,8.69,8.44,8.53,33570
HMC,2022-12-23,8.53,8.62,8.44,8.57,45457
HMC,2022-12-26,8.61,8.61,8.09,8.48,74100
HMC,2022-12-27,8.51,8.53,8.22,8.32,72993
HMC,2022-12-28,8.32,8.52,8.18,8.39,40636
HMC,2022-12-29,8.48,8.61,8.31,8.53,52952
HMC,2022-12-30,8.53,8.62,8.44,8.59,43560
HMC,2023-01-03,8.57,8.7,8.45,8.7,42310
HMC,2023-01-04,8.75,8.96,8.75,8.88,49320
HMC,2023-01-05,8.79,8.92,8.79,8.79,70361
HMC,2023-01-06,8.7,8.79,8.67,8.68,41213
HMC,2023-01-09,8.7,8.92,8.68,8.75,110664
HMC,2023-01-10,8.83,8.92,8.7,8.88,51613
HMC,2023-01-11,8.53,8.96,8.53,8.92,28179
HMC,2023-01-12,8.96,8.96,8.79,8.96,27517
HMC,2023-01-13,8.96,9.05,8.88,8.96,72289
HMC,2023-01-16,8.96,9.4,8.88,9.4,47454
HMC,2023-01-17,9.14,9.7,9.14,9.66,27464
HMC,2023-01-18,9.83,9.83,9.57,9.66,27922
HMC,2023-01-19,9.49,9.83,9.49,9.79,50729
HMC,2023-01-27,9.14,9.44,9.14,9.18,298413
HMC,2023-01-30,9.09,9.4,8.88,9.31,43835
HMC,2023-01-31,9.22,9.4,9.14,9.22,28442
HMC,2023-02-01,9.22,9.35,8.92,8.96,34731
HMC,2023-02-02,9.05,9.05,8.83,8.88,24379
HMC,2023-02-03,8.88,9.09,8.83,8.96,25343
HMC,2023-02-06,9.05,9.18,8.79,9.14,60334
HMC,2023-02-07,9.18,9.27,8.96,9.14,52966
HMC,2023-02-08,8.96,9.14,8.96,9.05,12094
HMC,2023-02-09,9.14,9.18,9.05,9.05,29768
HMC,2023-02-10,9.05,9.05,8.96,9.05,37831
HMC,2023-02-13,9.05,9.14,9.01,9.14,34407
HMC,2023-02-14,9.05,9.22,9.01,9.14,7800
HMC,2023-02-15,9.14,9.22,9.09,9.22,15703
HMC,2023-02-16,9.22,9.27,9.01,9.22,10966
HMC,2023-02-17,9.22,9.22,9.01,9.14,1572
HMC,2023-02-20,9.14,9.31,9.14,9.22,12300
HMC,2023-02-21,9.35,9.35,9.14,9.22,27753
HMC,2023-02-22,9.05,9.31,9.05,9.31,17050
HMC,2023-02-23,9.14,9.31,9.14,9.31,13940
HMC,2023-02-24,9.4,9.4,9.14,9.4,8888
HMC,2023-02-27,9.31,9.31,9.05,9.14,20227
HMC,2023-02-28,8.96,9.27,8.96,9.14,11771
HMC,2023-03-01,8.96,9.18,8.96,9.18,13640
HMC,2023-03-02,9.09,9.22,9.09,9.18,7554
HMC,2023-03-03,9.09,9.22,9.05,9.22,16459
HMC,2023-03-06,9.01,9.31,9.01,9.31,22156
HMC,2023-03-07,9.31,9.4,9.05,9.4,33800
HMC,2023-03-08,9.4,9.4,9.27,9.31,8710
HMC,2023-03-09,9.4,9.4,9.18,9.22,35140
HMC,2023-03-10,9.14,9.27,9.14,9.27,3250
HMC,2023-03-13,9.18,9.22,9.14,9.14,10593
HMC,2023-03-14,9.09,9.14,9.05,9.05,16233
HMC,2023-03-15,9.22,9.22,9.18,9.22,769
HMC,2023-03-16,9.14,9.14,9.14,9.14,1440
HMC,2023-03-17,9.05,9.14,8.88,8.88,20300
HMC,2023-03-20,8.88,9.31,8.88,9.18,6824
HMC,2023-03-21,8.96,9.14,8.92,9.14,7717
HMC,2023-03-22,9.14,9.14,8.96,9.14,2531
HMC,2023-03-23,9.14,9.18,9.05,9.05,976
HMC,2023-03-24,8.96,9.05,8.96,9.05,5910
HMC,2023-03-27,9.01,9.27,8.92,8.92,63632
HMC,2023-03-28,8.83,9.14,8.83,9.14,65890
HMC,2023-03-29,9.14,9.14,8.96,9.01,9125
HMC,2023-03-30,8.92,8.92,8.79,8.79,52825
HMC,2023-03-31,8.79,8.88,8.79,8.79,6900
HMC,2023-04-03,8.75,8.88,8.75,8.83,8337
HMC,2023-04-04,8.83,9.01,8.79,8.96,29173
HMC,2023-04-05,8.96,8.96,8.83,8.92,18700
HMC,2023-04-06,8.96,8.96,8.92,8.92,19601
HMC,2023-04-07,8.88,8.92,8.88,8.92,4119
HMC,2023-04-10,8.92,8.92,8.83,8.88,21900
HMC,2023-04-11,8.88,8.88,8.75,8.79,13522
HMC,2023-04-12,8.88,8.92,8.79,8.83,37067
HMC,2023-04-13,8.83,8.83,8.7,8.83,19772
HMC,2023-04-14,8.88,8.88,8.7,8.7,7900
HMC,2023-04-17,8.7,8.79,8.7,8.79,5563
HMC,2023-04-18,8.7,8.75,8.68,8.7,43000
HMC,2023-04-19,8.7,8.7,8.66,8.69,10801
HMC,2023-04-20,8.69,8.7,8.66,8.66,16000
HMC,2023-04-21,8.66,8.68,8.66,8.66,10343
HMC,2023-04-24,8.66,8.66,8.58,8.66,19901
HMC,2023-04-25,8.66,8.68,8.62,8.68,12210
HMC,2023-04-26,8.69,8.69,8.53,8.68,18076
HMC,2023-04-27,8.62,8.62,8.53,8.6,21367
HMC,2023-04-28,8.61,8.61,8.51,8.6,23936
HMC,2023-05-04,8.52,8.6,8.36,8.53,21903
HMC,2023-05-05,8.48,8.48,8.35,8.46,15350
HMC,2023-05-08,8.46,8.52,8.36,8.46,138750
HMC,2023-05-09,8.46,8.48,8.35,8.48,15008
HMC,2023-05-10,8.48,8.53,8.4,8.53,47461
HMC,2023-05-11,8.58,8.58,8.42,8.52,22200
HMC,2023-05-12,8.46,8.69,8.46,8.69,39975
HMC,2023-05-15,8.7,9.18,8.7,8.83,49051
HMC,2023-05-16,8.83,8.88,8.7,8.88,15275
HMC,2023-05-17,8.88,8.88,8.62,8.7,9805
HMC,2023-05-18,8.7,8.7,8.35,8.66,10804
HMC,2023-05-19,8.7,8.7,8.53,8.69,3802
HMC,2023-05-22,8.69,8.7,8.57,8.69,86165
HMC,2023-05-23,8.69,8.69,8.57,8.59,62418
HMC,2023-05-24,8.59,8.6,8.52,8.53,10776
HMC,2023-05-25,8.53,8.6,8.48,8.52,54300
HMC,2023-05-26,8.52,8.53,8.51,8.53,47885
HMC,2023-05-29,8.53,8.69,8.51,8.69,45380
HMC,2023-05-30,8.69,8.79,8.6,8.69,89323
HMC,2023-05-31,8.69,8.83,8.68,8.83,98020
HMC,2023-06-01,8.83,8.83,8.79,8.83,15320
HMC,2023-06-02,8.96,8.96,8.62,8.68,47200
HMC,2023-06-05,9.01,9.05,8.68,8.79,40300
HMC,2023-06-06,8.79,8.96,8.79,8.88,39301
HMC,2023-06-07,9.14,9.4,8.96,9.09,61869
HMC,2023-06-08,9.18,9.31,9.09,9.09,53551
HMC,2023-06-09,9.05,9.05,8.88,8.92,35780
HMC,2023-06-12,8.96,9.31,8.92,9.31,54679
HMC,2023-06-13,9.4,9.53,9.27,9.4,82099
HMC,2023-06-14,9.49,9.57,9.4,9.44,53651
HMC,2023-06-15,9.44,9.53,9.4,9.44,32100
HMC,2023-06-16,9.44,9.57,9.44,9.49,30163
HMC,2023-06-19,9.4,9.49,9.31,9.31,19015
HMC,2023-06-20,9.31,9.4,9.27,9.4,59300
HMC,2023-06-21,9.44,9.53,9.31,9.53,30448
HMC,2023-06-22,9.53,9.53,9.4,9.4,43965
HMC,2023-06-23,9.4,9.62,9.4,9.44,23128
HMC,2023-06-26,9.62,9.66,9.4,9.57,24507
HMC,2023-06-27,9.53,9.57,9.44,9.49,11600
HMC,2023-06-28,9.57,9.57,9.4,9.4,22140
HMC,2023-06-29,9.44,9.44,9.14,9.14,32196
HMC,2023-06-30,9.22,9.4,9.14,9.4,94539
HMC,2023-07-03,9.53,9.53,9.31,9.4,14426
HMC,2023-07-04,9.57,9.57,9.4,9.4,6900
HMC,2023-07-05,9.53,9.53,9.31,9.49,38500
HMC,2023-07-06,9.49,9.49,9.22,9.44,33328
HMC,2023-07-07,9.14,9.49,9.14,9.44,33420
HMC,2023-07-10,9.49,9.49,9.22,9.4,35986
HMC,2023-07-11,9.4,9.4,9.31,9.31,37766
HMC,2023-07-12,9.4,9.4,9.18,9.27,21800
HMC,2023-07-13,9.27,9.4,9.27,9.31,17600
HMC,2023-07-14,9.44,9.53,9.31,9.4,57479
HMC,2023-07-17,9.4,9.53,9.4,9.44,24451
HMC,2023-07-18,9.44,9.49,9.35,9.49,5650
HMC,2023-07-19,9.4,9.44,8.83,9.35,46177
HMC,2023-07-20,9.44,9.57,9.27,9.57,53100
HMC,2023-07-21,9.57,9.66,9.49,9.66,63157
HMC,2023-07-24,9.83,9.83,9.57,9.7,49260
HMC,2023-07-25,9.83,9.83,9.57,9.66,42010
HMC,2023-07-26,9.57,9.66,9.27,9.53,19121
HMC,2023-07-27,9.7,9.7,9.49,9.57,16299
HMC,2023-07-28,9.66,9.66,9.44,9.62,29409
HMC,2023-07-31,9.62,9.75,9.4,9.62,42106
HMC,2023-08-01,9.49,9.66,9.49,9.62,22255
HMC,2023-08-02,9.75,9.75,9.57,9.57,13441
HMC,2023-08-03,9.7,9.7,9.49,9.57,44301
HMC,2023-08-04,9.7,9.75,9.53,9.57,8618
HMC,2023-08-07,9.49,9.57,9.4,9.57,39585
HMC,2023-08-08,9.83,9.83,9.49,9.66,50790
HMC,2023-08-09,9.53,9.66,9.53,9.66,24453
HMC,2023-08-10,9.7,9.7,9.44,9.44,16890
HMC,2023-08-11,9.44,9.66,9.35,9.57,53526
HMC,2023-08-14,9.44,9.7,9.44,9.53,25245
HMC,2023-08-15,9.49,9.66,9.49,9.57,71567
HMC,2023-08-16,9.49,9.66,9.49,9.53,13258
HMC,2023-08-17,9.66,9.66,9.44,9.53,45969
HMC,2023-08-18,9.53,9.57,9.14,9.44,24006
HMC,2023-08-21,9.44,9.44,9.22,9.4,31910
HMC,2023-08-22,9.31,9.4,9.18,9.31,15131
HMC,2023-08-23,9.31,9.31,9.22,9.31,11200
HMC,2023-08-24,9.53,9.53,9.09,9.4,17100
HMC,2023-08-25,9.18,9.44,9.18,9.35,4350
HMC,2023-08-28,9.31,9.44,9.22,9.35,9750
HMC,2023-08-29,9.35,9.53,9.31,9.35,3500
HMC,2023-08-30,9.22,9.4,9.14,9.35,12800
HMC,2023-08-31,9.35,9.4,9.31,9.31,31308
HMC,2023-09-05,9.31,9.31,9.09,9.31,14210
HMC,2023-09-06,9.18,9.66,9.18,9.66,40551
HMC,2023-09-07,9.62,9.62,9.35,9.4,4780
HMC,2023-09-08,9.4,9.53,9.35,9.53,22606
HMC,2023-09-11,9.53,9.53,8.88,9.27,39205
HMC,2023-09-12,9.27,9.4,9.27,9.4,6154
HMC,2023-09-13,9.49,9.49,9.31,9.31,4304
HMC,2023-09-14,9.22,9.31,9.14,9.31,5910
HMC,2023-09-15,9.27,9.31,9.22,9.31,54000
HMC,2023-09-18,9.22,9.35,9.18,9.31,39650
HMC,2023-09-19,9.31,9.31,9.18,9.22,39600
HMC,2023-09-20,9.22,9.4,9.22,9.4,39729
HMC,2023-09-21,9.4,9.7,9.4,9.57,53046
HMC,2023-09-22,9.49,9.49,9.22,9.31,4090
HMC,2023-09-25,9.57,9.57,8.79,8.79,35780
HMC,2023-09-26,8.83,9.14,8.79,8.92,15450
HMC,2023-09-27,8.96,9.14,8.79,9.14,12602
HMC,2023-09-28,9.14,9.14,8.92,9.05,8405
HMC,2023-09-29,9.05,9.09,9.05,9.05,14280
HMC,2023-10-02,9.05,9.09,9.05,9.09,1346
HMC,2023-10-03,9.05,9.22,8.7,9.05,14900
HMC,2023-10-04,9.05,9.14,8.79,8.96,11278
HMC,2023-10-05,8.96,9.05,8.96,9.05,1950
HMC,2023-10-06,9.09,9.09,9.05,9.05,600
HMC,2023-10-09,9.05,9.09,9.05,9.09,2200
HMC,2023-10-10,9.05,9.18,8.96,9.09,10171
HMC,2023-10-11,9.09,9.14,9.01,9.14,3700
HMC,2023-10-12,9.14,9.14,9.05,9.05,17000
HMC,2023-10-13,9.05,9.09,9.01,9.05,9100
HMC,2023-10-16,9.05,9.09,9.05,9.09,6200
HMC,2023-10-17,9.09,9.14,9.09,9.14,56860
HMC,2023-10-18,9.09,9.09,8.88,8.96,16670
HMC,2023-10-19,8.96,9.05,8.96,9.05,5739
HMC,2023-10-20,8.88,9.05,8.79,9.05,8251
HMC,2023-10-23,8.92,9.05,8.79,9.05,32700
HMC,2023-10-24,8.96,9.05,8.96,8.96,6815
HMC,2023-10-25,9.01,9.01,8.96,8.96,10500
HMC,2023-10-26,8.75,8.96,8.7,8.7,46401
HMC,2023-10-27,8.7,8.79,8.7,8.7,21901
HMC,2023-10-30,9.01,9.27,8.83,8.83,5403
HMC,2023-10-31,8.83,8.83,8.7,8.7,13130
HMC,2023-11-01,8.7,8.79,8.62,8.7,14300
HMC,2023-11-02,8.88,8.88,8.79,8.79,4850
HMC,2023-11-03,8.7,8.88,8.7,8.7,8300
HMC,2023-11-06,8.7,8.96,8.69,8.7,18448
HMC,2023-11-07,8.7,8.75,8.7,8.7,15850
HMC,2023-11-08,8.88,8.88,8.62,8.7,104403
HMC,2023-11-09,8.69,8.79,8.68,8.75,34900
HMC,2023-11-10,8.75,8.83,8.75,8.83,42601
HMC,2023-11-13,8.79,9.14,8.79,8.88,8969
HMC,2023-11-14,8.92,8.92,8.88,8.88,1391
HMC,2023-11-15,9.09,9.09,8.69,8.69,31452
HMC,2023-11-16,8.92,8.92,8.7,8.75,8709
HMC,2023-11-17,8.75,8.88,8.7,8.7,7100
HMC,2023-11-20,8.7,8.83,8.7,8.83,10150
HMC,2023-11-21,8.7,8.88,8.7,8.79,11013
HMC,2023-11-22,8.79,8.79,8.79,8.79,800
HMC,2023-11-23,8.79,8.88,8.75,8.79,8060
HMC,2023-11-24,8.75,8.83,8.7,8.79,5700
HMC,2023-11-27,8.75,8.75,8.68,8.75,13751
HMC,2023-11-28,8.67,8.75,8.62,8.75,9917
HMC,2023-11-29,8.79,8.79,8.7,8.79,5763
HMC,2023-11-30,8.79,8.79,8.7,8.7,14200
HMC,2023-12-01,8.7,8.79,8.66,8.7,24787
HMC,2023-12-04,8.75,8.79,8.7,8.75,21217
HMC,2023-12-05,8.79,8.79,8.7,8.75,16850
HMC,2023-12-06,8.75,8.79,8.7,8.75,8260
HMC,2023-12-07,8.79,8.79,8.75,8.75,4146
HMC,2023-12-08,8.79,8.83,8.75,8.79,13911
HMC,2023-12-11,8.79,8.79,8.79,8.79,4430
HMC,2023-12-12,8.75,8.83,8.75,8.79,6210
HMC,2023-12-13,8.79,8.79,8.75,8.75,1850
HMC,2023-12-14,8.79,8.79,8.7,8.7,4972
HMC,2023-12-15,8.88,8.88,8.7,8.88,31079
HMC,2023-12-18,8.79,8.92,8.79,8.92,16227
HMC,2023-12-19,8.92,9.01,8.88,9.01,37878
HMC,2023-12-20,9.05,9.14,9.05,9.14,29350
HMC,2023-12-21,9.14,9.7,9.14,9.49,73051
HMC,2023-12-22,9.57,9.75,9.4,9.57,46971
HMC,2023-12-25,9.57,9.7,9.57,9.57,37027
HMC,2023-12-26,9.57,9.7,9.53,9.57,45900
HMC,2023-12-27,9.75,9.75,8.96,9.57,19329
HMC,2023-12-28,9.57,9.7,9.57,9.57,45000
HMC,2023-12-29,9.4,9.57,9.4,9.4,17850
HMC,2024-01-02,9.49,9.75,9.49,9.75,32901
HMC,2024-01-03,9.75,10.05,9.75,10.01,28970
HMC,2024-01-04,10.18,10.27,10.01,10.22,33132
HMC,2024-01-05,10.22,10.66,10.22,10.36,84300
HMC,2024-01-08,10.36,10.7,10.36,10.7,19738
HMC,2024-01-09,10.36,10.66,10.36,10.62,40060
HMC,2024-01-10,10.27,10.62,10.27,10.62,2361
HMC,2024-01-11,10.7,10.83,10.62,10.7,35210
HMC,2024-01-12,10.36,10.44,10.27,10.44,6751
HMC,2024-01-15,10.36,10.44,10.36,10.44,4200
HMC,2024-01-16,10.57,10.7,10.57,10.57,23360
HMC,2024-01-17,10.62,10.7,10.27,10.27,16145
HMC,2024-01-18,10.57,10.66,10.53,10.57,83200
HMC,2024-01-19,10.53,10.7,10.53,10.53,8450
HMC,2024-01-22,10.88,10.88,10.53,10.62,3118
HMC,2024-01-23,10.62,10.7,10.53,10.62,36100
HMC,2024-01-24,10.49,11.23,10.49,10.88,78869
HMC,2024-01-25,10.88,11.14,10.88,10.88,32410
HMC,2024-01-26,10.92,10.92,10.79,10.79,12577
HMC,2024-01-29,11.27,11.27,10.57,10.79,4523
HMC,2024-01-30,10.79,11.05,10.05,10.44,18629
HMC,2024-01-31,10.88,10.88,10.36,10.44,7315
HMC,2024-02-01,10.18,10.88,10.18,10.66,4550
HMC,2024-02-02,10.96,10.96,10.53,10.7,8100
HMC,2024-02-05,10.7,10.83,10.7,10.7,27133
HMC,2024-02-06,10.7,10.7,10.44,10.7,28320
HMC,2024-02-07,10.7,10.7,10.49,10.53,6000
HMC,2024-02-15,10.62,10.75,10.62,10.62,2780
HMC,2024-02-16,10.62,10.75,10.62,10.75,7230
HMC,2024-02-19,10.44,10.7,10.44,10.7,6120
HMC,2024-02-20,10.7,10.79,10.49,10.7,20910
HMC,2024-02-21,10.49,10.83,10.49,10.83,20362
HMC,2024-02-22,10.57,10.79,10.57,10.79,5570
HMC,2024-02-23,10.7,10.7,10.53,10.57,9166
HMC,2024-02-26,10.44,10.62,10.01,10.62,9470
HMC,2024-02-27,10.62,10.79,10.62,10.7,8832
HMC,2024-02-28,10.62,10.7,10.62,10.7,8360
HMC,2024-02-29,10.7,10.7,10.62,10.62,2000
HMC,2024-03-01,10.7,10.75,10.66,10.7,10200
HMC,2024-03-04,10.7,10.7,10.36,10.7,16180
HMC,2024-03-05,10.62,10.7,10.62,10.7,14717
HMC,2024-03-06,10.7,10.7,10.62,10.7,7150
HMC,2024-03-07,10.88,10.88,10.44,10.53,12420
HMC,2024-03-08,10.53,10.53,10.44,10.53,43400
HMC,2024-03-11,10.4,10.53,10.4,10.53,5300
HMC,2024-03-12,10.36,10.7,10.09,10.36,11350
HMC,2024-03-13,10.36,10.44,10.36,10.44,5117
HMC,2024-03-14,10.44,10.44,10.44,10.44,23450
HMC,2024-03-15,10.62,10.66,10.36,10.44,9900
HMC,2024-03-18,10.27,10.31,10.09,10.22,1800
HMC,2024-03-19,10.83,10.83,10.4,10.44,34111
HMC,2024-03-20,10.44,10.49,10.44,10.49,9850
HMC,2024-03-21,10.57,10.66,10.49,10.49,501
HMC,2024-03-22,10.49,10.49,10.36,10.49,21960
HMC,2024-03-25,10.49,10.53,10.49,10.53,2950
HMC,2024-03-26,10.44,10.53,10.31,10.53,13260
HMC,2024-03-27,10.57,10.66,10.53,10.62,18122
HMC,2024-03-28,10.62,11.01,10.62,10.75,43391
HMC,2024-03-29,10.83,11.49,10.83,11.49,939883
HMC,2024-04-01,12.01,12.27,11.49,11.62,165702
HMC,2024-04-02,12.27,12.27,10.96,11.18,32626
HMC,2024-04-03,11.18,11.18,10.79,10.79,54104
HMC,2024-04-04,10.79,10.88,10.53,10.66,70745
HMC,2024-04-05,10.66,10.66,10.44,10.53,41351
HMC,2024-04-08,10.83,10.83,10.53,10.57,25931
HMC,2024-04-09,10.57,10.75,10.57,10.75,10845
HMC,2024-04-10,10.75,10.79,10.62,10.62,16320
HMC,2024-04-11,10.49,10.66,10.44,10.44,7115
HMC,2024-04-12,10.49,10.62,10.44,10.44,10792
HMC,2024-04-15,10.4,10.66,10.36,10.36,68157
HMC,2024-04-16,10.36,10.53,10.18,10.22,65100
HMC,2024-04-17,10.27,10.4,10.22,10.36,28916
HMC,2024-04-19,9.83,10.27,9.83,10.27,40370
HMC,2024-04-22,10.27,10.36,10.27,10.31,12408
HMC,2024-04-23,10.31,10.36,10.18,10.22,610
HMC,2024-04-24,10.27,10.4,10.27,10.4,611
HMC,2024-04-25,10.27,10.4,10.27,10.4,2600
HMC,2024-04-26,10.27,10.36,10.22,10.27,5112
HMC,2024-05-02,10.09,10.66,9.79,10.05,34570
HMC,2024-05-03,10.09,10.09,9.92,9.92,18021
HMC,2024-05-06,10.01,10.31,9.83,10.31,61447
HMC,2024-05-07,10.31,10.31,9.88,10.27,13760
HMC,2024-05-08,9.92,10.27,9.92,10.22,29540
HMC,2024-05-09,10.22,10.27,10.14,10.22,2600
HMC,2024-05-10,10.05,10.18,10.01,10.18,4040
HMC,2024-05-13,10.14,10.22,10.09,10.14,8012
HMC,2024-05-14,10.01,10.22,10.01,10.14,5202
HMC,2024-05-15,10.14,10.27,10.09,10.18,12914
HMC,2024-05-16,10.27,10.31,10.22,10.22,12767
HMC,2024-05-17,10.31,10.31,10.22,10.22,14450
HMC,2024-05-20,10.22,10.36,10.22,10.27,24445
HMC,2024-05-21,10.31,10.44,10.27,10.36,11310
HMC,2024-05-22,10.53,10.53,10.22,10.4,10460
HMC,2024-05-23,10.4,10.4,10.27,10.4,2251
HMC,2024-05-24,10.4,10.4,10.14,10.22,66420
HMC,2024-05-27,10.27,10.27,10.22,10.27,9110
HMC,2024-05-28,10.27,10.36,10.18,10.36,13556
HMC,2024-05-29,10.36,10.36,10.22,10.36,6410
HMC,2024-05-30,10.18,10.36,10.18,10.36,12990
HMC,2024-05-31,10.22,10.36,10.22,10.31,12266
HMC,2024-06-03,10.4,10.4,10.31,10.36,11291
HMC,2024-06-04,10.36,10.83,10.36,10.62,33376
HMC,2024-06-05,10.88,10.88,10.31,10.7,17000
HMC,2024-06-06,10.36,10.66,10.36,10.66,5424
HMC,2024-06-07,10.4,10.62,10.36,10.62,19201
HMC,2024-06-10,10.36,10.44,10.36,10.44,3702
HMC,2024-06-11,10.53,10.53,10.4,10.49,35408
HMC,2024-06-12,10.53,10.62,10.4,10.62,11169
HMC,2024-06-13,10.53,10.7,10.53,10.7,24600
HMC,2024-06-14,10.7,10.88,10.44,10.83,9724
HMC,2024-06-17,10.79,10.79,10.44,10.62,30966
HMC,2024-06-18,10.57,10.83,10.57,10.79,32910
HMC,2024-06-19,10.7,10.88,10.66,10.83,66600
HMC,2024-06-20,11.05,11.05,10.79,10.88,28172
HMC,2024-06-21,10.92,11.4,10.79,11.23,72485
HMC,2024-06-24,11.31,11.31,10.92,11.05,35660
HMC,2024-06-25,11.05,11.14,11.05,11.14,5463
HMC,2024-06-26,10.88,11.05,10.88,11.05,9258
HMC,2024-06-27,10.88,11.05,10.7,11.05,11560
HMC,2024-06-28,10.88,10.92,10.66,10.92,35160
HMC,2024-07-01,10.62,10.92,10.57,10.92,2200
HMC,2024-07-02,10.88,10.88,10.88,10.88,400
HMC,2024-07-03,10.88,10.88,10.7,10.88,21600
HMC,2024-07-04,10.88,11.05,10.62,10.88,45600
HMC,2024-07-05,10.88,10.96,10.88,10.96,41000
HMC,2024-07-08,10.96,11.05,10.96,11.05,10402
HMC,2024-07-09,10.88,11.01,10.88,11.01,28600
HMC,2024-07-10,10.92,11.1,10.88,11.05,44490
HMC,2024-07-11,11.01,11.01,10.92,11.01,7702
HMC,2024-07-12,10.92,11.1,10.88,11.01,25700
HMC,2024-07-15,11.23,11.31,10.79,10.96,38202
HMC,2024-07-16,11.14,11.14,10.88,11.01,6750
HMC,2024-07-17,10.88,10.88,10.75,10.79,23500
HMC,2024-07-18,10.75,11.05,10.7,11.05,12550
HMC,2024-07-19,11.01,11.01,10.75,10.96,12550
HMC,2024-07-22,10.79,10.79,10.75,10.79,3582
HMC,2024-07-23,10.7,10.7,10.44,10.44,18100
HMC,2024-07-24,10.44,10.66,10.36,10.44,14170
HMC,2024-07-25,10.27,10.75,9.83,10.62,4150
HMC,2024-07-26,10.62,10.62,10.36,10.57,8750
HMC,2024-07-29,10.79,10.79,10.31,10.62,29655
HMC,2024-07-30,10.36,10.57,10.27,10.57,6550
HMC,2024-07-31,10.62,10.62,10.4,10.4,73742
HMC,2024-08-01,10.31,10.36,9.92,10.36,41050
HMC,2024-08-02,10.05,10.14,9.83,10.14,7950
HMC,2024-08-05,10.14,10.22,9.57,9.57,13367
HMC,2024-08-06,9.53,9.83,9.53,9.83,11710
HMC,2024-08-07,10.01,10.27,9.83,10.09,10545
HMC,2024-08-08,9.92,10.14,9.88,10.14,1463
HMC,2024-08-09,9.83,10.18,9.83,10.14,6260
HMC,2024-08-12,10.09,10.18,10.09,10.18,1456
HMC,2024-08-13,10.18,10.18,9.88,10.14,3112
HMC,2024-08-14,10.31,10.31,9.88,10.01,5250
HMC,2024-08-15,10.01,10.01,9.75,9.92,8427
HMC,2024-08-16,9.83,10.14,9.57,9.83,16660
HMC,2024-08-19,9.92,10.44,9.83,9.83,10661
HMC,2024-08-20,9.88,10.18,9.83,10.05,12868
HMC,2024-08-21,10.05,10.09,9.96,10.09,9330
HMC,2024-08-22,10.05,10.14,9.83,10.01,39070
HMC,2024-08-23,9.88,10.05,9.7,9.96,42469
HMC,2024-08-26,9.96,10.22,9.96,10.09,7110
HMC,2024-08-27,9.83,10.09,9.75,10.09,12880
HMC,2024-08-28,10.09,10.09,9.92,10.05,5717
HMC,2024-08-29,9.96,10.09,9.96,10.01,948
HMC,2024-08-30,10.14,10.27,10.09,10.22,44595
HMC,2024-09-04,10.14,10.14,9.66,10.09,35330
HMC,2024-09-05,10.09,10.36,9.88,10.05,34200
HMC,2024-09-06,10.22,10.22,9.92,10.01,7956
HMC,2024-09-09,10.27,10.31,10.01,10.22,91750
HMC,2024-09-10,10.31,10.31,10.18,10.27,19700
HMC,2024-09-11,10.27,10.36,10.18,10.27,13338
HMC,2024-09-12,10.27,10.36,10.14,10.27,60702
HMC,2024-09-13,10.27,10.27,10.05,10.05,37540
HMC,2024-09-16,10.19,10.38,9.86,9.91,63106
HMC,2024-09-17,9.91,10.1,9.86,10.05,17402
HMC,2024-09-18,10.05,10.05,9.86,9.86,24950
HMC,2024-09-19,9.91,10.0,9.77,9.96,29601
HMC,2024-09-20,10.05,10.1,9.91,10.0,16500
HMC,2024-09-23,10.05,10.1,9.77,10.0,41309
HMC,2024-09-24,10.05,10.24,9.96,10.19,20260
HMC,2024-09-25,10.19,10.24,9.96,10.19,22805
HMC,2024-09-26,10.24,10.38,10.05,10.38,65756
HMC,2024-09-27,10.38,10.43,10.14,10.28,32561
HMC,2024-09-30,10.28,10.52,10.14,10.47,42756
HMC,2024-10-01,10.61,10.61,10.43,10.57,57417
HMC,2024-10-02,10.61,10.71,10.47,10.66,42130
HMC,2024-10-03,10.19,10.61,10.19,10.47,60638
HMC,2024-10-04,10.47,10.57,10.38,10.57,18102
HMC,2024-10-07,10.61,10.61,10.47,10.52,11840
HMC,2024-10-08,10.47,10.61,10.43,10.57,65102
HMC,2024-10-09,10.57,10.61,10.19,10.57,32470
HMC,2024-10-10,10.38,10.57,10.24,10.28,11800
HMC,2024-10-11,10.52,10.52,10.28,10.47,33360
HMC,2024-10-14,10.28,10.38,10.28,10.38,5206
HMC,2024-10-15,10.24,10.47,10.24,10.47,14040
HMC,2024-10-16,10.43,10.47,10.28,10.43,28319
HMC,2024-10-17,10.43,10.47,10.33,10.47,18701
HMC,2024-10-18,10.52,10.52,10.28,10.47,5030
HMC,2024-10-21,10.47,10.47,10.43,10.43,30252
HMC,2024-10-22,10.43,10.43,10.28,10.43,15410
HMC,2024-10-23,10.43,10.43,10.28,10.43,18534
HMC,2024-10-24,10.43,10.43,10.28,10.28,12100
HMC,2024-10-25,10.28,10.38,10.14,10.28,39543
HMC,2024-10-28,10.19,10.33,10.1,10.28,47148
HMC,2024-10-29,10.28,10.38,10.1,10.33,32909
HMC,2024-10-30,10.33,10.38,10.19,10.33,32001
HMC,2024-10-31,10.38,10.43,10.19,10.38,17540
HMC,2024-11-01,10.28,10.33,10.1,10.28,27700
HMC,2024-11-04,10.24,10.24,10.1,10.24,95011
HMC,2024-11-05,10.28,10.28,10.1,10.28,6100
HMC,2024-11-06,10.33,10.33,10.14,10.28,26900
HMC,2024-11-07,10.28,10.33,10.28,10.28,59660
HMC,2024-11-08,10.28,10.28,10.19,10.19,4100
HMC,2024-11-11,10.14,10.24,10.1,10.19,45507
HMC,2024-11-12,10.28,10.28,10.19,10.24,4219
HMC,2024-11-13,10.28,10.28,10.19,10.19,9952
HMC,2024-11-14,10.19,10.24,10.14,10.24,10802
HMC,2024-11-15,10.1,10.14,9.82,10.14,1210
HMC,2024-11-18,10.05,10.19,10.0,10.19,29300
HMC,2024-11-19,10.05,10.14,10.0,10.14,15919
HMC,2024-11-20,10.0,10.14,10.0,10.0,10430
HMC,2024-11-21,10.1,10.24,10.05,10.24,14300
HMC,2024-11-22,10.0,10.28,10.0,10.1,27730
HMC,2024-11-25,10.19,10.24,9.96,10.19,18301
HMC,2024-11-26,10.24,10.38,10.24,10.33,50400
HMC,2024-11-27,10.47,10.47,10.38,10.43,15006
HMC,2024-11-28,10.47,10.47,10.38,10.43,27700
HMC,2024-11-29,10.28,10.47,10.28,10.47,20300
HMC,2024-12-02,10.47,10.57,10.38,10.38,26052
HMC,2024-12-03,10.52,10.71,10.43,10.61,71005
HMC,2024-12-04,10.57,10.66,10.57,10.57,15300
HMC,2024-12-05,10.57,10.8,10.57,10.66,96700
HMC,2024-12-06,10.75,10.8,10.71,10.75,31202
HMC,2024-12-09,10.75,10.85,10.75,10.85,13710
HMC,2024-12-10,10.75,10.8,10.75,10.75,12800
HMC,2024-12-11,10.75,10.89,10.75,10.85,22127
HMC,2024-12-12,10.66,10.85,10.66,10.85,16533
HMC,2024-12-13,10.75,10.75,10.66,10.66,3101
HMC,2024-12-16,10.66,10.75,10.66,10.75,1200
HMC,2024-12-17,10.75,10.75,10.57,10.75,1500
HMC,2024-12-18,10.71,10.71,10.66,10.66,2500
HMC,2024-12-19,10.66,10.66,10.66,10.66,2500
HMC,2024-12-20,10.66,10.85,10.66,10.75,24500
HMC,2024-12-23,10.75,10.75,10.66,10.75,4314
HMC,2024-12-24,10.71,10.85,10.66,10.85,3802
HMC,2024-12-25,10.75,10.85,10.66,10.71,17900
HMC,2024-12-26,10.8,11.08,10.75,11.03,53089
HMC,2024-12-27,11.08,11.08,10.71,11.08,72801
HMC,2024-12-30,10.94,11.17,10.94,11.17,41700
HMC,2024-12-31,11.13,11.92,11.13,11.92,221464
HMC,2025-01-02,12.25,12.72,12.25,12.72,258799
HMC,2025-01-03,12.72,12.72,11.83,11.83,54874
HMC,2025-01-06,12.16,12.16,11.03,11.03,75854
HMC,2025-01-07,10.75,11.03,10.75,10.85,18372
HMC,2025-01-08,11.08,11.59,11.08,11.5,37905
HMC,2025-01-09,11.5,11.5,11.08,11.22,13241
HMC,2025-01-10,11.08,11.08,10.99,10.99,6901
HMC,2025-01-13,10.89,10.99,10.75,10.99,12400
HMC,2025-01-14,10.85,11.17,10.8,10.94,4701
HMC,2025-01-15,10.85,10.94,10.8,10.94,20900
HMC,2025-01-16,10.99,10.99,10.85,10.85,30800
HMC,2025-01-17,10.71,10.89,10.71,10.89,11600
HMC,2025-01-20,10.89,11.08,10.89,11.03,4186
HMC,2025-01-21,10.99,11.03,10.75,10.75,31818
HMC,2025-01-22,10.75,10.94,10.71,10.94,3161
HMC,2025-01-23,10.8,10.94,10.8,10.85,3644
HMC,2025-01-24,10.85,10.85,10.71,10.75,7800
HMC,2025-02-03,10.85,11.03,10.75,10.94,8064
HMC,2025-02-04,10.75,11.03,10.75,10.99,9024
HMC,2025-02-05,10.99,10.99,10.94,10.94,1810
HMC,2025-02-06,10.94,10.94,10.89,10.89,3025
HMC,2025-02-07,10.89,10.99,10.75,10.99,21200
HMC,2025-02-10,10.94,10.94,10.8,10.8,8476
HMC,2025-02-11,10.8,11.17,10.8,11.17,35460
HMC,2025-02-12,11.17,11.41,11.13,11.17,6700
HMC,2025-02-13,11.22,11.41,11.22,11.22,33011
HMC,2025-02-14,11.22,11.31,11.22,11.27,22218
HMC,2025-02-17,11.27,11.27,11.22,11.22,12600
HMC,2025-02-18,11.22,11.45,11.03,11.45,2219
HMC,2025-02-19,11.13,11.22,11.08,11.08,9700
HMC,2025-02-20,11.08,11.08,11.08,11.08,1502
HMC,2025-02-21,11.13,11.17,11.08,11.08,22500
HMC,2025-02-24,11.69,11.69,11.22,11.41,23712
HMC,2025-02-25,11.22,11.36,11.22,11.36,47346
HMC,2025-02-26,11.41,11.41,11.31,11.31,6450
HMC,2025-02-27,11.22,11.64,11.22,11.55,45451
HMC,2025-02-28,11.59,11.59,11.45,11.5,27827
HMC,2025-03-03,11.69,11.83,11.5,11.55,16500
HMC,2025-03-04,11.5,11.64,11.5,11.64,5220
HMC,2025-03-05,11.59,11.69,11.22,11.55,37624
HMC,2025-03-06,11.59,11.78,11.45,11.69,44192
HMC,2025-03-07,11.78,11.87,11.55,11.69,16110
HMC,2025-03-10,11.69,11.73,11.69,11.69,11817
HMC,2025-03-11,11.59,12.16,11.59,12.16,84645
HMC,2025-03-12,11.97,12.2,11.97,12.2,68600
HMC,2025-03-13,12.2,12.2,11.78,12.16,51798
HMC,2025-03-14,12.16,12.16,12.16,12.16,2901
HMC,2025-03-17,11.69,12.16,11.69,12.11,1124
HMC,2025-03-18,12.06,12.06,11.27,11.55,31133
HMC,2025-03-19,11.55,11.55,11.41,11.5,6110
HMC,2025-03-20,11.31,11.41,11.22,11.41,9200
HMC,2025-03-21,11.41,11.69,11.22,11.69,10311
HMC,2025-03-24,11.31,11.31,11.31,11.31,901
HMC,2025-03-25,11.31,11.41,11.31,11.41,2429
HMC,2025-03-26,11.31,11.41,11.31,11.41,8502
HMC,2025-03-27,11.5,11.5,11.22,11.5,5500
HMC,2025-03-28,11.27,11.27,11.13,11.27,3000
HMC,2025-03-31,11.13,11.13,10.99,10.99,2800
HMC,2025-04-01,11.03,11.5,10.99,11.5,5900
HMC,2025-04-02,11.59,11.59,11.5,11.5,9200
HMC,2025-04-03,11.22,11.22,10.71,10.71,36002
HMC,2025-04-04,10.05,11.03,9.96,11.03,18227
HMC,2025-04-08,10.47,10.47,10.28,10.28,21254
HMC,2025-04-09,9.72,10.28,9.63,10.19,29799
HMC,2025-04-10,10.89,10.89,10.89,10.89,9100
HMC,2025-04-11,11.03,11.41,10.85,11.13,12635
HMC,2025-04-14,11.17,11.22,11.17,11.22,11530
HMC,2025-04-15,11.03,11.08,11.03,11.08,3840
HMC,2025-04-16,11.08,11.22,10.94,10.94,14200
HMC,2025-04-17,10.94,10.94,10.94,10.94,2600
HMC,2025-04-18,11.22,11.22,11.22,11.22,600
HMC,2025-04-21,11.17,11.22,11.17,11.22,900
HMC,2025-04-22,11.22,11.22,10.47,11.17,23912
HMC,2025-04-23,11.17,11.17,11.17,11.17,2
HMC,2025-04-24,10.75,10.75,10.75,10.75,100
HMC,2025-04-25,11.13,11.22,10.75,10.75,1243
HMC,2025-04-28,10.75,10.94,10.75,10.94,3600
HMC,2025-04-29,10.94,11.22,10.75,11.22,2910
HMC,2025-05-05,10.66,10.8,10.57,10.8,2148
HMC,2025-05-06,10.66,10.66,10.66,10.66,3506
HMC,2025-05-07,10.75,11.13,10.75,11.13,620
HMC,2025-05-08,11.13,11.13,11.13,11.13,2300
HMC,2025-05-09,11.41,11.41,11.22,11.41,3100
HMC,2025-05-12,11.41,11.59,11.36,11.36,14518
HMC,2025-05-13,11.31,11.36,11.31,11.36,2704
HMC,2025-05-14,11.03,11.5,11.03,11.5,1320
HMC,2025-05-15,11.31,11.31,11.31,11.31,4539
HMC,2025-05-16,11.31,11.31,11.31,11.31,1200
HMC,2025-05-19,11.31,11.31,11.27,11.27,1919
HMC,2025-05-20,11.13,11.17,11.13,11.17,2601
HMC,2025-05-21,11.13,11.13,11.13,11.13,1600
HMC,2025-05-22,11.13,11.13,11.13,11.13,430
HMC,2025-05-23,11.13,11.22,10.94,11.22,4324
HMC,2025-05-26,11.13,11.22,10.94,11.22,3636
HMC,2025-05-27,11.03,11.36,10.94,11.27,5700
HMC,2025-05-28,11.27,11.27,10.94,11.03,3742
HMC,2025-05-29,11.03,11.22,11.03,11.22,2900
HMC,2025-05-30,11.22,11.31,11.17,11.22,2100
HMC,2025-06-02,10.99,10.99,10.52,10.75,12736
HMC,2025-06-03,10.75,11.41,10.75,11.13,1760
HMC,2025-06-04,11.17,11.17,10.94,11.03,5600
HMC,2025-06-05,10.85,11.03,10.85,11.03,3000
HMC,2025-06-06,11.31,11.31,11.08,11.31,12310
HMC,2025-06-09,11.31,11.31,10.94,11.22,4180
HMC,2025-06-10,11.27,11.5,11.27,11.31,26614
HMC,2025-06-11,11.31,11.5,11.31,11.41,12022
HMC,2025-06-12,11.41,11.5,11.31,11.41,8031
HMC,2025-06-13,11.41,11.55,11.41,11.5,30839
HMC,2025-06-16,11.8,11.8,11.0,11.2,16249
HMC,2025-06-17,10.85,11.35,10.85,11.3,2020
HMC,2025-06-18,11.3,11.3,11.0,11.3,12000
HMC,2025-06-19,11.3,11.3,11.3,11.3,0
HMC,2025-06-20,11.05,11.05,11.0,11.05,7802
HMC,2025-06-23,11.0,11.6,11.0,11.6,16252
HMC,2025-06-24,11.25,12.4,11.25,12.25,40242
HMC,2025-06-25,12.4,12.7,12.25,12.25,19497
HMC,2025-06-26,12.2,12.2,11.8,11.95,8801
HMC,2025-06-27,12.05,12.1,12.05,12.1,200
HMC,2025-06-30,12.3,12.3,12.3,12.3,300
HMC,2025-07-01,12.15,12.15,12.0,12.0,51000
HMC,2025-07-02,12.0,12.0,12.0,12.0,40700
HMC,2025-07-03,11.9,11.9,11.8,11.8,8500
HMC,2025-07-04,11.8,12.0,11.8,12.0,800
HMC,2025-07-07,12.0,12.0,11.65,11.95,33200
HMC,2025-07-08,12.0,12.0,11.8,11.9,4700
HMC,2025-07-09,12.0,12.0,11.85,11.85,7900
HMC,2025-07-10,11.9,11.9,11.7,11.9,5000
HMC,2025-07-11,12.0,12.0,11.8,11.9,11200
HMC,2025-07-14,11.7,11.75,11.7,11.7,3800
HMC,2025-07-15,11.65,11.85,11.6,11.7,34700
HMC,2025-07-16,11.8,11.8,11.6,11.65,20800
HMC,2025-07-17,11.65,11.8,11.6,11.6,23400
HMC,2025-07-18,11.9,11.9,11.8,11.8,10500
HMC,2025-07-21,11.8,11.8,11.7,11.7,13700
HMC,2025-07-22,11.75,11.8,11.7,11.75,11000
HMC,2025-07-23,11.8,11.9,11.75,11.75,4900
HMC,2025-07-24,11.75,11.75,11.7,11.7,9000
HMC,2025-07-25,12.45,12.45,11.8,12.0,20400
HMC,2025-07-28,12.0,12.0,11.85,11.95,10400
HMC,2025-07-29,11.85,11.9,11.65,11.65,26100
HMC,2025-07-30,11.8,11.8,11.5,11.8,17300
HMC,2025-07-31,11.7,11.9,11.65,11.9,12000
HMC,2025-08-01,11.85,11.9,11.85,11.85,20300
HMC,2025-08-04,11.7,11.85,11.7,11.85,8700
HMC,2025-08-05,11.85,11.95,11.8,11.8,33100
HMC,2025-08-06,11.8,11.95,11.75,11.9,12000
HMC,2025-08-07,11.9,11.95,11.8,11.9,15500
HMC,2025-08-08,11.9,11.9,11.75,11.9,20300
HMC,2025-08-11,11.9,11.9,11.75,11.9,30900
HMC,2025-08-12,11.9,11.95,11.8,11.85,6500
HMC,2025-08-13,11.85,11.9,11.8,11.9,22100
HMC,2025-08-14,11.9,11.95,11.85,11.95,13300
HMC,2025-08-15,12.0,12.0,11.8,11.8,50300
HMC,2025-08-18,11.8,11.9,11.75,11.85,11700
HMC,2025-08-19,11.85,11.95,11.8,11.9,40200
HMC,2025-08-20,11.95,11.95,11.7,11.9,28500
HMC,2025-08-21,11.6,11.9,11.6,11.75,6000
HMC,2025-08-22,11.75,11.85,11.65,11.8,10700
HMC,2025-08-25,11.8,11.8,11.6,11.65,12800
HMC,2025-08-26,11.55,11.8,11.55,11.8,22400
HMC,2025-08-27,11.7,11.9,11.65,11.85,29900
HMC,2025-08-28,11.7,11.9,11.7,11.7,4000
HMC,2025-08-29,11.7,11.85,11.7,11.8,3500
HMC,2025-09-03,11.95,12.2,11.9,11.95,77000
HMC,2025-09-04,12.05,12.05,12.0,12.0,21100
HMC,2025-09-05,12.1,12.1,11.9,11.9,23700
HMC,2025-09-08,11.85,12.0,11.8,12.0,5900
HMC,2025-09-09,11.75,12.0,11.7,12.0,9600
HMC,2025-09-11,11.8,12.05,11.8,12.0,10700
HMC,2025-09-12,11.9,12.05,11.85,12.05,3500
HMC,2025-09-15,12.0,12.15,12.0,12.05,8600
HMC,2025-09-16,12.05,12.15,11.25,11.9,32600
HMC,2025-09-17,12.05,12.1,11.8,11.95,33600
HMC,2025-09-18,11.7,11.9,11.55,11.9,9700
HMC,2025-09-19,11.75,12.0,11.7,11.95,10900
HMC,2025-09-22,11.9,11.95,11.7,11.9,21700
HMC,2025-09-23,11.9,11.9,11.75,11.75,1000
HMC,2025-09-24,11.5,11.9,11.5,11.9,6400
HMC,2025-09-25,11.8,11.8,11.7,11.8,6700
HMC,2025-09-26,11.7,11.75,11.7,11.75,8500
HMC,2025-09-29,11.85,11.85,11.2,11.75,40000
HMC,2025-09-30,11.55,11.85,11.55,11.85,13000
HMC,2025-10-01,11.5,11.85,11.5,11.85,5200
HMC,2025-10-02,11.8,11.9,11.55,11.7,31800
HMC,2025-10-03,11.85,11.85,11.6,11.8,20800
HMC,2025-10-06,11.6,11.85,11.6,11.85,18600
HMC,2025-10-07,11.85,11.95,11.7,11.85,4300
HMC,2025-10-08,11.75,11.85,11.65,11.85,10100
HMC,2025-10-09,11.85,11.9,11.85,11.9,5200
HMC,2025-10-10,11.9,12.05,11.9,12.0,15100
HMC,2025-10-13,12.0,12.2,11.75,12.0,67400
HMC,2025-10-14,12.0,12.1,11.8,11.85,7100
HMC,2025-10-15,11.8,11.8,11.8,11.8,5700
HMC,2025-10-16,11.8,12.05,11.8,11.95,15400
HMC,2025-10-17,11.95,11.95,11.95,11.95,100
HMC,2025-10-20,11.85,12.0,11.75,11.75,13800
HMC,2025-10-21,11.8,12.0,11.4,11.55,28000
HMC,2025-10-22,11.6,11.8,11.5,11.75,18000
HMC,2025-10-23,11.75,11.8,11.5,11.8,23900
HMC,2025-10-24,11.7,11.75,11.6,11.65,16200
HMC,2025-10-27,11.65,11.75,11.65,11.75,1300
HMC,2025-10-28,11.6,11.85,11.55,11.75,13400
HMC,2025-10-29,11.65,11.65,11.55,11.65,3100
HMC,2025-10-30,11.6,11.7,11.25,11.5,26600
HMC,2025-10-31,11.5,11.6,11.5,11.5,3300
HMC,2025-11-03,11.5,11.85,11.5,11.6,67000
HMC,2025-11-04,11.6,11.7,11.45,11.6,22200
HMC,2025-11-05,11.6,11.7,11.6,11.7,2900
HMC,2025-11-06,11.75,11.85,11.55,11.75,46700
HMC,2025-11-07,11.75,11.75,11.55,11.75,4700
HMC,2025-11-10,11.75,11.75,11.65,11.75,5000
HMC,2025-11-11,11.75,11.75,11.6,11.65,5500
HMC,2025-11-12,11.6,11.65,11.6,11.65,1500
HMC,2025-11-13,11.65,11.65,11.65,11.65,1200
HMC,2025-11-14,11.65,11.65,11.6,11.65,3400
HMC,2025-11-17,11.65,11.7,11.6,11.7,7700
HMC,2025-11-18,11.6,11.75,11.4,11.75,18300
HMC,2025-11-19,11.6,11.8,11.55,11.8,19600
HMC,2025-11-20,11.65,11.85,11.5,11.85,18500
HMC,2025-11-21,11.85,11.85,11.65,11.8,9000
HMC,2025-11-24,11.8,11.8,11.55,11.75,22000
HMC,2025-11-25,11.75,11.8,11.45,11.8,25000
HMC,2025-11-26,11.75,11.8,11.45,11.75,28100
HMC,2025-11-27,11.75,11.75,11.6,11.7,4700
HMC,2025-11-28,11.7,11.75,11.6,11.7,11500
HMC,2025-12-01,11.7,11.7,11.6,11.65,1100
HMC,2025-12-02,11.55,11.75,11.4,11.6,24600
HMC,2025-12-03,11.65,11.65,11.5,11.6,10100
HMC,2025-12-04,11.7,11.75,11.55,11.65,9200
HMC,2025-12-05,11.7,11.7,11.6,11.6,2000
HMC,2025-12-08,11.6,11.8,11.55,11.55,32300
HMC,2025-12-09,11.55,11.8,11.55,11.55,23500
HMC,2025-12-10,11.5,11.55,11.45,11.45,24700
HMC,2025-12-11,11.45,11.65,11.45,11.45,14900
HMC,2025-12-12,11.45,11.65,11.4,11.45,5000
HMC,2025-12-15,11.4,11.65,11.4,11.6,29000
HMC,2025-12-16,11.45,11.65,11.45,11.6,18000
HMC,2025-12-18,11.65,11.7,11.65,11.7,3200
HMC,2025-12-19,11.65,11.75,11.45,11.65,5100
HMC,2025-12-22,11.5,11.7,11.4,11.7,11900
HMC,2025-12-23,11.7,11.75,11.4,11.75,15000
HMC,2025-12-24,11.75,12.0,11.75,11.85,8400
HMC,2025-12-25,11.75,11.75,11.75,11.75,6600
HMC,2025-12-26,11.7,11.8,11.7,11.8,14600
HMC,2025-12-29,11.75,11.75,11.5,11.7,2900
HMC,2025-12-30,11.7,11.7,11.7,11.7,200
HMC,2025-12-31,11.7,11.75,11.4,11.7,31800
HLY,2006-12-25,12.96,12.96,12.96,12.96,500
HLY,2006-12-26,12.96,12.96,12.96,12.96,0
HLY,2006-12-27,14.26,14.26,14.26,14.26,1000
HLY,2006-12-28,15.05,15.05,14.26,14.26,1300
HLY,2006-12-29,14.26,14.26,14.26,14.26,0
HLY,2007-01-02,14.26,14.26,14.26,14.26,0
HLY,2007-01-03,14.26,14.26,14.26,14.26,0
HLY,2007-01-04,14.26,14.26,14.26,14.26,0
HLY,2007-01-05,14.26,14.26,14.26,14.26,0
HLY,2007-01-08,14.26,14.26,14.26,14.26,0
HLY,2007-01-09,14.26,14.26,14.26,14.26,0
HLY,2007-01-10,14.26,14.26,14.26,14.26,0
HLY,2007-01-11,14.26,14.26,14.26,14.26,0
HLY,2007-01-12,14.26,14.26,14.26,14.26,0
HLY,2007-01-15,14.4,14.4,14.4,14.4,2000
HLY,2007-01-16,14.4,14.4,14.4,14.4,0
HLY,2007-01-17,14.4,14.4,14.4,14.4,0
HLY,2007-01-18,14.26,14.26,14.26,14.26,1000
HLY,2007-01-19,14.26,14.26,14.26,14.26,0
HLY,2007-01-22,14.4,14.4,14.4,14.26,2700
HLY,2007-01-23,15.12,15.12,14.76,14.76,1300
HLY,2007-01-24,15.12,15.12,15.12,15.12,100
HLY,2007-01-25,15.12,15.12,15.12,15.12,0
HLY,2007-01-26,15.84,15.84,15.84,15.84,500
HLY,2007-01-29,15.84,15.84,15.84,15.84,400
HLY,2007-01-30,15.84,15.84,15.84,15.84,0
HLY,2007-01-31,15.84,15.84,15.84,15.84,0
HLY,2007-02-01,15.84,15.84,15.84,15.84,0
HLY,2007-02-02,15.84,15.84,15.84,15.84,0
HLY,2007-02-05,15.84,15.84,15.84,15.84,0
HLY,2007-02-06,15.84,15.84,15.84,15.84,0
HLY,2007-02-07,15.84,15.84,15.84,15.84,1000
HLY,2007-02-08,15.84,15.84,15.84,15.84,2500
HLY,2007-02-09,16.28,16.56,16.28,16.56,2900
HLY,2007-02-12,16.56,16.56,16.56,16.56,0
HLY,2007-02-13,16.56,16.56,16.56,16.56,0
HLY,2007-02-14,16.56,18.0,16.56,18.0,200
HLY,2007-02-15,19.01,19.01,19.01,19.01,1200
HLY,2007-02-26,20.88,20.88,20.88,20.88,1600
HLY,2007-02-27,22.97,22.97,22.97,22.97,600
HLY,2007-02-28,25.21,25.21,25.21,25.21,200
HLY,2007-03-01,27.73,27.73,27.73,27.73,300
HLY,2007-03-02,30.46,30.46,30.46,27.73,500
HLY,2007-03-05,33.49,33.49,33.49,33.49,400
HLY,2007-03-06,36.8,36.8,36.8,36.8,100
HLY,2007-03-07,39.03,39.03,39.03,39.03,5600
HLY,2007-03-08,42.92,42.92,42.92,42.92,1200
HLY,2007-03-09,47.17,47.17,47.17,47.17,2100
HLY,2007-03-12,51.85,51.85,50.41,50.41,1700
HLY,2007-03-13,54.01,54.01,48.61,50.41,2200
HLY,2007-03-14,49.62,49.62,49.62,50.41,100
HLY,2007-03-15,45.37,45.37,44.72,44.72,1600
HLY,2007-03-16,40.33,40.33,40.33,40.33,1600
HLY,2007-03-19,44.36,44.36,44.36,44.36,300
HLY,2007-03-20,48.75,48.75,47.89,47.89,1600
HLY,2007-03-21,51.13,51.13,48.97,48.97,300
HLY,2007-03-22,45.37,45.37,45.37,45.37,200
HLY,2007-03-23,45.37,45.37,45.37,45.37,0
HLY,2007-03-26,40.83,40.83,40.83,45.37,300
HLY,2007-03-27,45.37,45.37,45.37,45.37,0
HLY,2007-03-28,36.8,36.8,36.8,36.8,400
HLY,2007-03-29,40.47,40.47,40.47,40.47,500
HLY,2007-03-30,42.49,42.49,41.77,40.47,1000
HLY,2007-04-02,43.21,43.21,43.21,43.21,1000
HLY,2007-04-03,43.21,43.21,43.21,43.21,0
HLY,2007-04-04,43.21,43.21,43.21,43.21,0
HLY,2007-04-05,43.21,43.21,43.21,43.21,0
HLY,2007-04-06,43.21,43.21,43.21,43.21,0
HLY,2007-04-09,43.21,43.21,43.21,43.21,0
HLY,2007-04-10,43.21,43.21,43.21,43.21,0
HLY,2007-04-11,43.21,43.21,43.21,43.21,0
HLY,2007-04-12,43.21,43.21,43.21,43.21,0
HLY,2007-04-13,43.21,43.21,43.21,43.21,0
HLY,2007-04-16,43.21,43.21,43.21,43.21,0
HLY,2007-04-17,43.21,43.21,43.21,43.21,0
HLY,2007-04-18,38.89,47.53,38.89,46.81,1000
HLY,2007-04-19,46.81,46.81,46.81,46.81,0
HLY,2007-04-20,46.81,46.81,46.81,46.81,0
HLY,2007-04-23,46.81,46.81,46.81,46.81,0
HLY,2007-04-24,46.81,46.81,46.81,46.81,0
HLY,2007-04-25,46.81,46.81,46.81,46.81,0
HLY,2007-05-02,46.81,46.81,46.81,46.81,0
HLY,2007-05-03,46.81,46.81,46.81,46.81,0
HLY,2007-05-04,46.81,46.81,46.81,46.81,0
HLY,2007-05-07,46.81,46.81,46.81,46.81,0
HLY,2007-05-08,46.81,46.81,46.81,46.81,0
HLY,2007-05-09,42.85,42.85,42.85,42.85,100
HLY,2007-05-10,42.85,42.85,42.85,42.85,0
HLY,2007-05-11,42.85,42.85,42.85,42.85,0
HLY,2007-05-14,42.85,42.85,42.85,42.85,0
HLY,2007-05-15,42.85,42.85,42.85,42.85,0
HLY,2007-05-16,42.85,42.85,42.85,42.85,0
HLY,2007-05-17,42.85,42.85,42.85,42.85,0
HLY,2007-05-18,38.6,38.6,38.6,38.6,600
HLY,2007-05-21,34.78,34.78,34.78,34.78,300
HLY,2007-05-22,31.33,34.93,31.33,33.85,600
HLY,2007-05-23,31.69,31.69,31.69,31.69,200
HLY,2007-05-24,31.69,31.69,31.69,31.69,0
HLY,2007-05-25,28.81,28.81,28.81,28.81,500
HLY,2007-05-28,28.81,28.88,26.65,28.81,4400
HLY,2007-05-29,27.73,27.73,27.37,27.37,600
HLY,2007-05-30,25.21,25.28,25.21,25.21,1000
HLY,2007-05-31,25.21,25.21,25.21,25.21,400
HLY,2007-06-01,25.93,25.93,25.93,25.93,1400
HLY,2007-06-04,25.93,25.93,25.93,25.93,1000
HLY,2007-06-05,25.21,25.21,25.21,25.21,500
HLY,2007-06-06,25.21,25.21,25.21,25.21,0
HLY,2007-06-07,25.21,25.21,25.21,25.21,0
HLY,2007-06-08,25.21,25.21,25.21,25.21,0
HLY,2007-06-11,25.21,25.21,25.21,25.21,0
HLY,2007-06-12,25.21,25.21,25.21,25.21,0
HLY,2007-06-13,25.21,25.21,25.21,25.21,0
HLY,2007-06-14,24.48,24.48,24.48,24.48,500
HLY,2007-06-15,24.48,24.48,24.48,24.48,0
HLY,2007-06-18,24.48,24.48,24.48,24.48,0
HLY,2007-06-19,24.48,24.48,24.48,24.48,0
HLY,2007-06-20,24.48,24.48,24.48,24.48,0
HLY,2007-06-21,24.48,24.48,24.48,24.48,0
HLY,2007-06-22,24.48,24.48,24.48,24.48,0
HLY,2007-06-25,22.04,22.04,22.04,22.04,600
HLY,2007-06-26,22.04,22.04,22.04,22.04,0
HLY,2007-06-27,23.04,23.04,23.04,23.04,100
HLY,2007-06-28,23.04,23.04,23.04,23.04,0
HLY,2007-06-29,23.04,23.04,23.04,23.04,0
HLY,2007-07-02,23.04,23.04,23.04,23.04,0
HLY,2007-07-03,20.88,20.88,20.88,20.74,200
HLY,2007-07-04,20.88,20.74,20.74,20.74,0
HLY,2007-07-05,20.88,20.74,20.74,20.74,0
HLY,2007-07-06,20.88,20.88,20.88,20.88,1200
HLY,2007-07-09,20.88,20.88,20.88,20.88,0
HLY,2007-07-10,20.88,20.88,20.88,20.88,0
HLY,2007-07-11,20.88,20.88,20.88,20.88,0
HLY,2007-07-12,19.44,19.44,19.44,19.44,200
HLY,2007-07-13,19.44,19.44,19.44,19.44,0
HLY,2007-07-16,18.0,18.0,18.0,18.0,100
HLY,2007-07-17,18.0,18.0,18.0,18.0,200
HLY,2007-07-18,18.72,18.72,18.72,18.72,500
HLY,2007-07-19,18.72,18.72,18.72,18.72,0
HLY,2007-07-20,17.28,17.28,17.28,17.28,100
HLY,2007-07-23,17.28,17.28,17.28,17.28,0
HLY,2007-07-24,17.28,17.28,17.28,17.28,0
HLY,2007-07-25,18.72,18.72,18.72,19.01,100
HLY,2007-07-26,18.72,19.01,19.01,19.01,0
HLY,2007-07-27,18.72,19.01,19.01,19.01,0
HLY,2007-07-30,20.88,20.88,20.88,20.67,100
HLY,2007-07-31,20.88,20.67,20.67,20.67,0
HLY,2007-08-01,20.88,20.67,20.67,20.67,0
HLY,2007-08-02,20.88,20.67,20.67,20.67,0
HLY,2007-08-03,18.72,18.72,18.72,18.65,500
HLY,2007-08-06,18.72,18.65,18.65,18.65,0
HLY,2007-08-07,18.72,18.65,18.65,18.65,0
HLY,2007-08-08,18.72,18.72,18.72,18.72,100
HLY,2007-08-09,18.72,18.72,18.72,18.72,0
HLY,2007-08-10,18.72,18.72,18.72,18.72,0
HLY,2007-08-13,18.72,18.72,18.72,18.72,0
HLY,2007-08-14,18.72,18.72,18.72,18.65,200
HLY,2007-08-15,18.72,18.65,18.65,18.65,0
HLY,2007-08-16,18.72,18.65,18.65,18.65,0
HLY,2007-08-17,17.28,17.28,17.28,17.28,500
HLY,2007-08-20,17.28,17.28,17.28,17.28,0
HLY,2007-08-21,17.28,17.28,17.28,17.28,0
HLY,2007-08-22,17.28,17.28,17.28,17.28,0
HLY,2007-08-23,17.28,17.28,17.28,17.28,0
HLY,2007-08-24,17.28,17.28,17.28,17.28,0
HLY,2007-08-27,17.28,17.28,17.28,17.28,0
HLY,2007-08-28,15.84,15.84,15.84,15.84,1500
HLY,2007-08-29,15.84,15.84,15.84,15.84,500
HLY,2007-08-30,15.84,15.84,15.84,15.84,1500
HLY,2007-08-31,16.56,16.56,16.56,16.2,500
HLY,2007-09-04,16.56,16.2,16.2,16.2,0
HLY,2007-09-05,15.84,15.84,15.84,15.7,900
HLY,2007-09-06,15.84,15.84,15.84,15.48,200
HLY,2007-09-07,17.28,17.28,17.28,16.92,500
HLY,2007-09-10,15.48,15.48,15.48,15.48,200
HLY,2007-09-11,17.28,17.28,16.56,16.78,1000
HLY,2007-09-12,16.78,16.78,16.78,16.78,0
HLY,2007-09-13,18.0,18.0,18.0,18.0,200
HLY,2007-09-14,19.08,19.08,19.08,19.08,300
HLY,2007-09-17,19.08,19.08,19.08,19.08,0
HLY,2007-09-18,19.08,19.08,19.08,19.08,0
HLY,2007-09-19,19.16,19.16,19.01,19.01,500
HLY,2007-09-20,18.0,18.0,18.0,18.0,500
HLY,2007-09-21,18.0,18.0,18.0,18.0,0
HLY,2007-09-24,18.72,19.08,18.72,19.08,1500
HLY,2007-09-25,19.08,19.08,19.08,19.08,1000
HLY,2007-09-26,19.08,19.08,19.08,19.08,200
HLY,2007-09-27,18.94,19.08,18.94,19.08,1000
HLY,2007-09-28,19.3,20.96,19.3,20.96,1100
HLY,2007-10-01,21.39,21.39,21.39,21.39,3500
HLY,2007-10-02,23.48,23.48,23.48,23.48,3900
HLY,2007-10-03,24.48,25.78,24.48,25.78,3800
HLY,2007-10-04,27.73,27.73,27.73,27.73,3800
HLY,2007-10-05,30.46,30.46,30.46,30.46,4700
HLY,2007-10-08,32.41,32.41,27.44,32.41,1700
HLY,2007-10-09,32.41,32.41,28.09,28.09,2600
HLY,2007-10-10,26.72,26.72,26.72,26.72,3000
HLY,2007-10-11,24.12,28.81,24.12,28.81,2700
HLY,2007-10-12,27.37,28.81,27.37,28.66,1000
HLY,2007-10-15,27.37,28.81,27.37,28.81,2300
HLY,2007-10-16,28.88,30.25,28.81,30.25,7800
HLY,2007-10-17,31.69,31.69,29.67,30.25,1300
HLY,2007-10-18,27.94,27.94,27.94,27.94,300
HLY,2007-10-19,28.09,28.81,28.09,28.81,400
HLY,2007-10-22,27.37,27.37,27.37,27.37,100
HLY,2007-10-23,28.16,28.81,28.16,28.45,2400
HLY,2007-10-24,28.88,31.25,28.88,31.25,4600
HLY,2007-10-25,31.69,32.77,31.69,32.77,1800
HLY,2007-10-26,35.86,35.86,35.86,35.86,4300
HLY,2007-10-29,39.39,39.39,39.39,39.39,8800
HLY,2007-10-30,43.28,43.28,39.25,39.61,19800
HLY,2007-10-31,39.61,47.1,39.61,47.1,32900
HLY,2007-11-01,49.55,49.55,49.55,49.55,21300
HLY,2007-11-02,54.44,54.44,48.25,49.47,4400
HLY,2007-11-05,46.81,46.81,45.95,45.95,1300
HLY,2007-11-06,41.48,41.48,41.48,41.48,1500
HLY,2007-11-07,37.38,43.21,37.38,42.85,12300
HLY,2007-11-08,40.18,40.18,38.53,38.89,900
HLY,2007-11-09,37.45,39.1,37.45,37.52,3400
HLY,2007-11-12,34.42,34.42,34.35,34.35,800
HLY,2007-11-13,31.04,31.04,31.04,31.04,1000
HLY,2007-11-14,34.06,34.13,33.85,33.99,12100
HLY,2007-11-15,37.38,37.38,33.85,34.57,4200
HLY,2007-11-16,34.57,34.57,32.41,32.41,2100
HLY,2007-11-19,33.05,33.13,33.05,33.13,1700
HLY,2007-11-20,31.4,31.4,29.81,29.81,6500
HLY,2007-11-21,30.25,31.69,30.25,31.69,2000
HLY,2007-11-22,33.13,33.13,30.61,32.41,700
HLY,2007-11-23,32.41,32.41,32.41,32.41,1500
HLY,2007-11-26,34.71,34.71,32.41,32.41,1400
HLY,2007-11-27,32.84,32.84,30.97,30.97,1800
HLY,2007-11-28,30.97,33.13,30.97,30.97,600
HLY,2007-11-29,30.97,34.28,30.97,34.28,1100
HLY,2007-11-30,34.93,35.58,34.93,35.58,300
HLY,2007-12-03,37.09,37.09,34.49,34.49,1400
HLY,2007-12-04,36.73,36.73,33.13,33.27,9100
HLY,2007-12-05,33.85,33.85,33.56,33.56,1200
HLY,2007-12-06,35.22,35.29,33.85,33.85,700
HLY,2007-12-07,34.57,34.57,34.57,34.57,2400
HLY,2007-12-10,34.57,34.57,33.49,33.7,1500
HLY,2007-12-11,32.41,32.41,31.69,32.41,900
HLY,2007-12-12,31.69,33.85,31.69,33.85,1500
HLY,2007-12-13,33.77,35.14,33.77,35.14,15900
HLY,2007-12-14,37.45,38.38,36.01,38.1,30300
HLY,2007-12-17,41.77,41.77,37.09,37.81,5300
HLY,2007-12-18,38.17,38.17,36.73,37.09,2900
HLY,2007-12-19,38.89,38.89,37.09,37.52,8200
HLY,2007-12-20,37.45,37.45,33.92,33.92,800
HLY,2007-12-21,35.29,35.29,32.48,33.92,2700
HLY,2007-12-24,33.13,33.7,33.13,33.7,3200
HLY,2007-12-25,33.41,33.85,33.13,33.2,4300
HLY,2007-12-26,34.57,34.57,34.21,34.57,1400
HLY,2007-12-27,37.45,37.45,37.45,37.45,100
HLY,2007-12-28,41.19,41.19,36.01,36.58,4200
HLY,2008-01-02,37.66,37.66,37.66,37.66,100
HLY,2008-01-03,34.57,34.57,34.57,34.57,100
HLY,2008-01-04,37.45,37.45,37.45,37.45,100
HLY,2008-01-07,38.17,38.17,33.7,33.7,3500
HLY,2008-01-08,32.41,33.85,32.41,32.41,1300
HLY,2008-01-09,29.96,30.03,29.96,30.03,700
HLY,2008-01-10,27.37,27.73,27.37,27.73,1200
HLY,2008-01-11,27.44,30.17,27.37,30.17,5000
HLY,2008-01-14,31.61,32.19,28.09,28.09,3800
HLY,2008-01-15,28.09,28.09,28.09,28.09,0
HLY,2008-01-16,32.41,32.48,31.69,32.48,3600
HLY,2008-01-17,30.97,30.97,29.53,29.53,3800
HLY,2008-01-18,32.41,32.41,28.81,28.81,1000
HLY,2008-01-21,29.53,29.53,29.02,29.02,300
HLY,2008-01-22,29.02,29.02,29.02,29.02,0
HLY,2008-01-23,28.09,28.09,28.09,28.09,1100
HLY,2008-01-24,26.65,26.65,26.65,26.65,500
HLY,2008-01-25,26.57,26.57,25.93,26.0,1300
HLY,2008-01-28,27.37,27.37,24.48,24.48,3900
HLY,2008-01-29,27.08,27.08,27.01,27.08,600
HLY,2008-01-30,29.74,29.74,29.74,29.74,2100
HLY,2008-01-31,29.74,29.74,29.74,29.74,0
HLY,2008-02-01,29.89,32.69,29.89,32.41,9800
HLY,2008-02-12,32.41,32.41,32.41,32.41,100
HLY,2008-02-13,33.85,33.85,33.85,33.85,100
HLY,2008-02-14,30.97,30.97,30.46,30.46,3100
HLY,2008-02-15,32.41,32.41,28.81,28.81,2500
HLY,2008-02-18,28.45,28.45,28.09,28.09,1300
HLY,2008-02-19,28.81,28.81,28.81,28.81,2800
HLY,2008-02-20,31.69,31.69,25.93,25.93,1800
HLY,2008-02-21,25.93,25.93,25.93,25.93,0
HLY,2008-02-22,25.93,25.93,25.93,25.93,0
HLY,2008-02-25,28.01,28.01,28.01,28.01,100
HLY,2008-02-26,25.57,25.57,25.57,25.57,200
HLY,2008-02-27,25.57,25.57,25.57,25.57,0
HLY,2008-02-28,25.93,25.93,25.93,25.93,800
HLY,2008-02-29,28.09,28.09,23.84,23.84,8400
HLY,2008-03-03,26.36,26.36,24.12,25.21,1200
HLY,2008-03-04,23.48,23.48,22.68,22.68,3000
HLY,2008-03-05,20.88,20.88,20.6,20.74,8500
HLY,2008-03-06,21.17,21.17,21.17,21.17,6000
HLY,2008-03-07,23.26,23.26,23.26,23.26,1200
HLY,2008-03-10,25.57,25.57,25.21,25.57,7200
HLY,2008-03-11,27.65,28.01,24.92,25.93,16700
HLY,2008-03-12,24.63,25.93,24.63,24.92,3200
HLY,2008-03-13,23.04,23.4,22.76,23.04,5600
HLY,2008-03-14,20.96,21.39,20.96,21.39,900
HLY,2008-03-17,19.44,19.52,19.23,19.23,2100
HLY,2008-03-18,20.09,20.09,17.5,19.37,6200
HLY,2008-03-19,19.44,19.44,18.72,19.44,3000
HLY,2008-03-20,21.24,21.24,21.24,21.24,2300
HLY,2008-03-21,23.33,23.33,21.6,21.6,10300
HLY,2008-03-24,20.88,21.03,20.88,21.03,5500
HLY,2008-03-25,21.6,21.6,18.87,19.23,1500
HLY,2008-03-26,21.82,21.82,21.6,21.6,1700
HLY,2008-03-27,22.04,22.04,22.04,22.04,400
HLY,2008-03-28,22.47,22.47,22.47,22.47,100
HLY,2008-03-31,22.9,22.9,22.9,22.9,100
HLY,2008-04-01,23.33,23.33,23.33,23.33,100
HLY,2008-04-02,23.76,23.76,23.76,23.76,400
HLY,2008-04-03,23.76,23.76,23.76,23.76,0
HLY,2008-04-04,24.2,24.2,24.2,24.2,100
HLY,2008-04-07,24.2,24.2,24.2,24.2,0
HLY,2008-04-08,24.92,24.92,24.48,24.92,12600
HLY,2008-04-09,25.64,25.64,25.64,25.64,2800
HLY,2008-04-10,26.36,26.36,26.36,26.36,9500
HLY,2008-04-11,27.08,27.08,27.08,27.08,7500
HLY,2008-04-16,27.87,27.87,27.87,27.87,6000
HLY,2008-04-17,28.66,28.66,28.66,28.66,700
HLY,2008-04-18,29.45,29.45,29.45,29.45,300
HLY,2008-04-21,30.32,30.32,30.25,30.32,17900
HLY,2008-04-22,31.11,31.11,31.11,31.11,100
HLY,2008-04-23,31.97,31.97,31.69,31.97,16400
HLY,2008-04-24,32.84,32.84,30.97,30.97,8600
HLY,2008-04-25,32.26,32.26,31.33,31.33,15500
HLY,2008-04-28,31.69,32.48,31.69,32.48,6000
HLY,2008-04-29,31.4,31.4,31.4,31.4,1600
HLY,2008-05-05,30.46,30.46,30.46,30.46,1700
HLY,2008-05-06,30.46,30.46,30.46,30.46,0
HLY,2008-05-07,31.25,31.25,29.6,29.6,3100
HLY,2008-05-08,30.32,30.32,30.32,30.32,500
HLY,2008-05-09,30.32,30.32,30.32,30.32,0
HLY,2008-05-12,30.32,30.32,30.32,30.32,0
HLY,2008-05-13,29.45,29.45,29.45,29.45,200
HLY,2008-05-14,29.45,29.45,29.45,29.45,0
HLY,2008-05-15,28.59,28.59,28.59,28.59,100
HLY,2008-05-16,27.8,27.8,27.8,27.8,100
HLY,2008-05-19,27.8,27.8,27.8,27.8,0
HLY,2008-05-20,27.8,27.8,27.8,27.8,0
HLY,2008-05-21,27.8,27.8,27.8,27.8,0
HLY,2008-05-22,27.8,27.8,27.8,27.8,0
HLY,2008-05-23,27.8,27.8,27.8,27.8,0
HLY,2008-05-26,27.8,27.8,27.8,27.8,0
HLY,2008-05-27,27.8,27.8,27.8,27.8,0
HLY,2008-05-28,27.01,27.01,27.01,27.01,100
HLY,2008-05-29,26.21,26.21,26.21,26.21,100
HLY,2008-05-30,26.21,26.21,26.21,26.21,0
HLY,2008-06-02,26.21,26.21,26.21,26.21,0
HLY,2008-06-03,26.21,26.21,26.21,26.21,0
HLY,2008-06-04,26.21,26.21,26.21,26.21,0
HLY,2008-06-05,26.21,26.21,26.21,26.21,0
HLY,2008-06-06,26.21,26.21,26.21,26.21,0
HLY,2008-06-09,25.49,25.49,25.49,25.49,200
HLY,2008-06-10,24.77,24.77,24.77,24.77,1000
HLY,2008-06-11,24.05,24.05,24.05,24.05,200
HLY,2008-06-12,24.05,24.05,24.05,24.05,0
HLY,2008-06-13,24.05,24.05,24.05,24.05,0
HLY,2008-06-16,23.33,24.77,23.33,24.77,5800
HLY,2008-06-17,24.48,24.48,24.48,24.48,3500
HLY,2008-06-18,24.48,24.48,24.48,24.48,0
HLY,2008-06-19,24.48,24.48,24.48,24.48,0
HLY,2008-06-20,24.48,24.48,24.48,24.48,0
HLY,2008-06-23,23.55,23.55,23.55,23.55,3400
HLY,2008-06-24,22.68,22.68,22.68,22.68,1000
HLY,2008-06-25,21.82,21.89,21.82,21.82,4500
HLY,2008-06-26,20.96,20.96,20.96,20.96,4700
HLY,2008-06-27,20.16,20.52,20.16,20.52,5600
HLY,2008-06-30,20.81,20.81,20.81,20.81,100
HLY,2008-07-01,20.02,21.6,20.02,21.6,1400
HLY,2008-07-02,22.25,22.25,22.25,22.25,100
HLY,2008-07-03,23.12,23.12,23.12,23.12,600
HLY,2008-07-04,23.98,23.98,23.98,23.98,2600
HLY,2008-07-07,24.92,24.92,23.04,23.04,4900
HLY,2008-07-08,23.62,23.62,23.62,23.62,3400
HLY,2008-07-09,24.56,24.56,24.56,24.56,500
HLY,2008-07-10,25.49,25.49,25.42,25.49,4600
HLY,2008-07-11,26.5,26.5,26.5,26.5,200
HLY,2008-07-14,27.51,27.51,27.51,27.51,100
HLY,2008-07-15,28.59,28.59,28.59,28.59,100
HLY,2008-07-16,29.67,29.67,29.67,29.67,3800
HLY,2008-07-17,30.82,30.82,30.82,30.82,200
HLY,2008-07-18,32.05,32.05,29.67,29.67,1300
HLY,2008-07-21,30.25,32.55,30.25,30.39,3600
HLY,2008-07-22,30.32,30.32,30.32,30.32,1000
HLY,2008-07-23,29.17,29.17,29.17,29.17,3100
HLY,2008-07-24,28.09,30.32,28.09,28.81,6600
HLY,2008-07-25,31.18,31.18,30.97,31.18,5500
HLY,2008-07-28,32.41,32.41,31.18,32.41,12400
HLY,2008-07-29,33.56,33.56,33.56,33.56,100
HLY,2008-07-30,34.85,34.85,34.85,34.85,800
HLY,2008-07-31,36.22,36.22,36.22,36.22,9100
HLY,2008-08-01,37.66,37.66,37.66,37.66,10300
HLY,2008-08-04,39.1,39.1,39.03,39.1,34300
HLY,2008-08-05,40.62,40.62,37.59,38.17,12000
HLY,2008-08-06,37.45,40.26,37.45,40.26,11800
HLY,2008-08-07,41.62,41.62,41.62,41.62,4300
HLY,2008-08-08,43.28,43.28,43.28,43.28,3500
HLY,2008-08-11,45.01,45.01,45.01,45.01,2100
HLY,2008-08-12,46.81,46.81,46.81,46.81,8300
HLY,2008-08-13,48.68,48.68,48.68,48.68,4100
HLY,2008-08-14,50.63,50.63,50.63,50.63,700
HLY,2008-08-15,52.64,52.64,52.64,52.64,5200
HLY,2008-08-18,56.32,56.32,56.32,56.32,6400
HLY,2008-08-19,60.2,60.2,60.2,60.2,15200
HLY,2008-08-20,63.23,64.38,57.61,64.38,28100
HLY,2008-08-21,68.49,68.49,59.56,65.61,30300
HLY,2008-08-22,69.06,69.06,64.02,64.81,10100
HLY,2008-08-25,69.13,69.21,65.53,69.21,30200
HLY,2008-08-26,73.17,73.17,70.57,73.17,13000
HLY,2008-08-27,77.7,77.78,67.77,67.77,5900
HLY,2008-08-28,66.18,66.18,66.18,66.18,600
HLY,2008-08-29,61.57,61.57,61.57,61.57,2900
HLY,2008-09-03,57.32,64.81,57.32,57.32,20900
HLY,2008-09-04,54.95,54.95,54.95,54.95,5400
HLY,2008-09-05,51.13,51.13,51.13,51.13,13800
HLY,2008-09-08,47.6,47.89,47.6,47.6,5300
HLY,2008-09-09,46.81,50.99,44.43,50.99,12100
HLY,2008-09-10,51.49,51.56,48.25,51.56,9600
HLY,2008-09-11,54.66,54.66,50.41,51.2,5400
HLY,2008-09-12,54.73,54.73,48.39,48.97,11500
HLY,2008-09-15,49.4,52.86,48.97,52.86,16100
HLY,2008-09-16,55.81,55.81,48.61,51.13,12700
HLY,2008-09-17,48.97,52.07,48.47,48.47,5200
HLY,2008-09-18,45.95,45.95,45.95,45.95,400
HLY,2008-09-19,42.92,49.11,42.78,49.11,21000
HLY,2008-09-22,49.91,49.91,49.91,49.91,100
HLY,2008-09-23,46.45,53.29,46.45,46.81,9000
HLY,2008-09-24,49.91,49.91,46.45,46.81,8200
HLY,2008-09-25,46.45,49.98,45.37,49.98,7200
HLY,2008-09-26,51.71,51.85,48.47,50.41,4900
HLY,2008-09-29,50.7,52.57,50.41,51.85,4100
HLY,2008-09-30,47.53,47.53,47.53,47.53,400
HLY,2008-10-01,46.81,47.53,46.09,46.09,2400
HLY,2008-10-02,45.37,50.19,45.37,49.76,400
HLY,2008-10-03,48.9,48.9,46.81,48.9,2400
HLY,2008-10-06,46.23,46.38,44.72,44.72,7500
HLY,2008-10-07,42.27,42.27,42.2,42.2,3700
HLY,2008-10-08,39.25,39.54,39.25,39.25,8200
HLY,2008-10-09,39.25,41.77,36.73,39.61,9400
HLY,2008-10-10,36.73,36.73,36.3,36.3,3200
HLY,2008-10-13,36.01,36.01,33.85,33.85,5500
HLY,2008-10-14,36.94,36.94,36.94,36.94,100
HLY,2008-10-15,39.46,39.46,39.46,39.46,13800
HLY,2008-10-16,42.2,42.2,36.73,42.2,9800
HLY,2008-10-17,43.57,43.57,43.57,43.57,5700
HLY,2008-10-20,31.04,31.04,31.04,31.04,100
HLY,2008-10-21,33.2,33.2,33.13,33.2,23100
HLY,2008-10-22,35.5,35.5,33.85,35.5,15500
HLY,2008-10-23,37.81,37.81,32.98,32.98,16600
HLY,2008-10-24,32.98,35.29,31.9,34.21,10300
HLY,2008-10-27,30.03,30.03,30.03,30.03,5500
HLY,2008-10-28,27.94,30.03,27.94,28.81,17900
HLY,2008-10-29,30.17,30.17,30.17,30.17,600
HLY,2008-10-30,32.12,32.26,30.25,32.26,7900
HLY,2008-10-31,30.32,33.27,30.32,31.76,6900
HLY,2008-11-03,29.6,30.97,29.45,29.67,11100
HLY,2008-11-04,30.25,31.76,30.1,31.76,4700
HLY,2008-11-05,32.84,32.84,32.84,32.84,7200
HLY,2008-11-06,34.21,34.21,31.33,32.55,5600
HLY,2008-11-07,30.61,30.61,30.53,30.53,1200
HLY,2008-11-10,30.61,30.61,28.88,28.88,7700
HLY,2008-11-11,27.8,28.01,27.65,27.65,7100
HLY,2008-11-12,25.85,26.07,25.85,26.07,8600
HLY,2008-11-13,24.48,27.58,24.12,27.29,3300
HLY,2008-11-14,29.02,29.02,28.09,28.45,2100
HLY,2008-11-17,28.81,28.81,27.37,27.58,7300
HLY,2008-11-18,26.36,27.37,26.14,27.37,4500
HLY,2008-11-19,25.35,26.36,25.35,25.57,2600
HLY,2008-11-20,24.48,24.48,23.91,24.12,11500
HLY,2008-11-21,22.32,23.33,22.32,23.33,10700
HLY,2008-11-24,21.6,22.32,21.24,22.32,2000
HLY,2008-11-25,21.6,22.9,21.6,22.9,3200
HLY,2008-11-26,22.32,23.04,21.96,23.04,5500
HLY,2008-11-27,22.4,22.4,21.03,21.03,4000
HLY,2008-11-28,21.96,23.33,21.96,23.33,3000
HLY,2008-12-01,23.4,23.4,23.4,23.4,1300
HLY,2008-12-02,23.33,23.33,23.33,23.33,100
HLY,2008-12-03,24.48,24.48,23.4,23.48,3500
HLY,2008-12-04,24.48,25.57,24.48,25.57,6400
HLY,2008-12-05,25.21,25.21,23.4,25.06,4200
HLY,2008-12-08,22.32,22.47,22.25,22.25,2900
HLY,2008-12-09,23.69,23.69,22.32,23.62,500
HLY,2008-12-10,23.04,23.76,22.11,22.11,5300
HLY,2008-12-11,22.32,22.76,22.32,22.47,1100
HLY,2008-12-12,23.04,23.76,22.9,23.76,2700
HLY,2008-12-15,23.4,23.4,23.04,23.4,3000
HLY,2008-12-16,22.04,22.04,21.75,21.75,2200
HLY,2008-12-17,20.88,21.96,20.74,21.17,9700
HLY,2008-12-18,21.6,22.4,21.6,22.4,3100
HLY,2008-12-19,23.04,23.4,23.04,23.4,5100
HLY,2008-12-22,24.99,24.99,24.48,24.99,10200
HLY,2008-12-23,23.33,23.76,23.26,23.76,3600
HLY,2008-12-24,22.68,24.12,22.68,23.76,2200
HLY,2008-12-25,24.84,24.84,23.4,23.4,1100
HLY,2008-12-26,22.68,23.76,22.68,23.76,3200
HLY,2008-12-29,23.76,23.76,22.32,22.32,1100
HLY,2008-12-30,23.84,24.12,23.84,24.12,700
HLY,2008-12-31,22.9,22.9,22.9,22.9,500
HLY,2009-01-02,22.9,22.9,22.9,22.9,0
HLY,2009-01-05,22.68,22.76,21.82,21.82,3300
HLY,2009-01-06,22.11,22.47,22.11,22.47,1700
HLY,2009-01-07,22.4,23.48,22.32,23.48,500
HLY,2009-01-08,23.04,23.04,21.6,22.32,1700
HLY,2009-01-09,22.25,22.47,22.25,22.47,2200
HLY,2009-01-12,22.61,22.68,22.4,22.4,1400
HLY,2009-01-13,22.4,22.4,22.4,22.4,0
HLY,2009-01-14,22.32,22.32,22.32,22.32,700
HLY,2009-01-15,22.32,22.32,22.32,22.32,400
HLY,2009-01-16,22.32,22.54,21.24,21.24,6900
HLY,2009-01-19,22.32,22.32,21.32,21.6,600
HLY,2009-01-20,21.96,21.96,21.6,21.96,1000
HLY,2009-01-21,22.32,22.32,22.32,22.32,1000
HLY,2009-01-22,22.76,23.04,22.76,23.04,400
HLY,2009-01-23,24.34,24.34,24.12,24.12,1500
HLY,2009-02-02,24.2,25.85,23.98,25.85,6800
HLY,2009-02-03,23.76,23.76,23.26,23.26,2700
HLY,2009-02-04,22.76,23.04,22.68,22.97,4200
HLY,2009-02-05,24.48,24.48,24.48,24.48,100
HLY,2009-02-06,23.04,24.48,22.97,24.12,5900
HLY,2009-02-09,24.84,24.84,23.76,23.76,1200
HLY,2009-02-10,23.76,23.76,23.19,23.19,500
HLY,2009-02-11,23.19,23.19,23.19,23.19,0
HLY,2009-02-12,23.19,23.19,23.19,23.19,0
HLY,2009-02-13,23.55,24.48,23.55,24.48,7700
HLY,2009-02-16,25.85,25.85,24.56,24.56,1900
HLY,2009-02-17,26.65,26.65,26.65,26.65,100
HLY,2009-02-18,28.45,28.45,26.21,26.21,1200
HLY,2009-02-19,25.93,25.93,25.93,25.93,300
HLY,2009-02-20,24.48,24.48,24.48,24.48,100
HLY,2009-02-23,25.57,25.57,25.57,25.57,100
HLY,2009-02-24,26.65,26.65,26.65,26.65,100
HLY,2009-02-25,24.84,24.84,24.84,24.84,1600
HLY,2009-02-26,23.12,24.48,23.12,24.48,1100
HLY,2009-02-27,24.7,24.7,24.7,24.7,200
HLY,2009-03-02,24.7,24.7,24.7,24.7,0
HLY,2009-03-03,23.04,23.62,22.97,22.97,1600
HLY,2009-03-04,23.69,23.69,23.69,23.69,200
HLY,2009-03-05,23.4,23.4,23.4,23.4,500
HLY,2009-03-06,24.12,24.12,24.12,24.12,100
HLY,2009-03-09,25.21,25.21,25.21,25.21,100
HLY,2009-03-10,23.48,23.76,23.48,23.48,7900
HLY,2009-03-11,25.06,25.06,23.76,23.91,11700
HLY,2009-03-12,23.84,23.84,23.04,23.4,1900
HLY,2009-03-13,23.76,24.48,23.4,23.76,5100
HLY,2009-03-16,25.42,25.42,23.12,23.33,3200
HLY,2009-03-17,23.33,24.84,22.32,23.04,16300
HLY,2009-03-18,18.36,18.87,18.36,18.87,27200
HLY,2009-03-19,19.44,19.44,17.86,17.93,6600
HLY,2009-03-20,18.0,18.29,17.0,18.0,6900
HLY,2009-03-23,17.14,17.14,17.0,17.0,5300
HLY,2009-03-24,18.22,18.22,18.22,18.22,5700
HLY,2009-03-25,18.15,19.08,18.15,18.87,8500
HLY,2009-03-26,19.23,19.59,18.87,18.87,3800
HLY,2009-03-27,18.87,18.87,18.15,18.36,6500
HLY,2009-03-30,18.44,18.44,17.86,17.86,1900
HLY,2009-03-31,19.3,19.3,18.36,18.58,800
HLY,2009-04-01,19.44,19.44,18.87,19.01,3600
HLY,2009-04-02,18.94,19.08,18.72,18.8,11200
HLY,2009-04-03,19.8,20.24,19.8,20.24,24300
HLY,2009-04-07,21.53,21.53,20.24,21.53,9700
HLY,2009-04-08,21.53,21.53,19.88,19.88,13900
HLY,2009-04-09,21.53,21.53,20.02,20.81,12200
HLY,2009-04-10,21.46,21.6,21.46,21.6,33800
HLY,2009-04-13,22.97,23.12,22.97,23.12,11000
HLY,2009-04-14,23.19,23.19,22.32,22.68,5600
HLY,2009-04-15,22.68,22.68,21.17,21.17,13800
HLY,2009-04-16,22.32,22.32,20.88,21.03,7700
HLY,2009-04-17,21.6,21.6,20.24,20.88,30400
HLY,2009-04-20,21.6,21.6,19.08,19.66,16300
HLY,2009-04-21,18.29,20.16,18.29,20.16,18800
HLY,2009-04-22,20.02,20.02,20.02,20.02,7100
HLY,2009-04-23,21.32,21.39,20.16,20.16,3700
HLY,2009-04-24,20.16,20.52,20.16,20.31,7400
HLY,2009-04-27,20.88,20.88,19.44,19.52,5300
HLY,2009-04-28,19.44,20.09,19.44,20.02,2600
HLY,2009-04-29,19.8,20.38,19.8,20.16,7300
HLY,2009-05-04,21.17,21.24,21.1,21.24,6200
HLY,2009-05-05,22.68,22.68,21.6,21.6,12200
HLY,2009-05-06,22.47,22.47,20.96,20.96,7900
HLY,2009-05-07,22.83,22.83,22.47,22.83,27300
HLY,2009-05-08,23.04,24.34,21.32,24.34,19300
HLY,2009-05-11,25.42,25.42,25.21,25.42,18600
HLY,2009-05-12,25.21,27.15,25.21,27.15,7100
HLY,2009-05-13,28.45,28.45,27.37,28.37,16500
HLY,2009-05-14,26.07,28.01,26.07,26.72,14400
HLY,2009-05-15,27.58,28.73,27.58,28.66,19400
HLY,2009-05-18,29.53,29.53,26.86,26.93,10700
HLY,2009-05-19,28.81,28.81,27.37,27.37,10100
HLY,2009-05-20,27.01,27.58,27.01,27.37,13500
HLY,2009-05-21,27.37,27.73,26.65,27.01,12200
HLY,2009-05-22,26.65,26.65,26.07,26.07,6200
HLY,2009-05-25,27.01,28.01,27.01,28.01,29000
HLY,2009-05-26,28.81,29.53,28.09,28.23,6800
HLY,2009-05-27,30.25,30.25,28.09,28.37,3600
HLY,2009-05-28,27.37,27.37,26.93,27.08,6100
HLY,2009-05-29,27.01,27.37,26.65,27.37,5300
HLY,2009-06-01,27.73,28.01,27.73,27.94,3700
HLY,2009-06-02,29.38,29.38,28.45,28.88,14800
HLY,2009-06-03,29.02,30.82,28.09,30.82,24200
HLY,2009-06-04,32.69,32.69,32.62,32.69,7300
HLY,2009-06-05,34.93,34.93,34.93,34.93,11500
HLY,2009-06-08,37.3,37.3,37.23,37.3,16700
HLY,2009-06-09,39.25,39.25,34.78,34.78,13300
HLY,2009-06-10,34.93,34.93,33.49,33.49,20000
HLY,2009-06-11,31.25,34.57,31.25,33.99,9200
HLY,2009-06-12,35.29,35.29,32.69,32.69,7800
HLY,2009-06-15,32.41,32.41,32.05,32.05,4000
HLY,2009-06-16,29.89,29.89,29.81,29.81,11600
HLY,2009-06-17,27.8,28.45,27.8,28.45,15300
HLY,2009-06-18,28.81,29.89,28.81,29.89,10300
HLY,2009-06-19,29.89,31.76,29.53,29.67,10700
HLY,2009-06-22,31.69,31.69,27.94,28.01,6500
HLY,2009-06-23,26.21,27.01,26.21,26.65,12800
HLY,2009-06-24,28.09,28.16,28.09,28.16,700
HLY,2009-06-25,30.1,30.1,28.81,28.81,5900
HLY,2009-06-26,29.17,29.67,28.81,29.53,8700
HLY,2009-06-29,29.53,29.96,29.53,29.96,3600
HLY,2009-06-30,30.25,30.25,29.17,29.53,2900
HLY,2009-07-01,27.73,29.53,27.73,28.81,4500
HLY,2009-07-02,27.15,28.81,27.15,28.81,4200
HLY,2009-07-03,27.8,28.09,27.8,28.09,2800
HLY,2009-07-06,26.57,28.88,26.57,28.81,2200
HLY,2009-07-07,30.25,30.25,28.09,28.09,6600
HLY,2009-07-08,28.73,28.73,27.73,27.73,1900
HLY,2009-07-09,28.52,28.52,27.8,27.8,4500
HLY,2009-07-10,27.8,28.09,27.44,27.94,3600
HLY,2009-07-13,26.65,26.65,26.36,26.36,5500
HLY,2009-07-14,27.73,27.73,26.29,27.01,2900
HLY,2009-07-15,26.36,27.08,26.36,27.08,3000
HLY,2009-07-16,28.45,28.45,27.22,27.37,4200
HLY,2009-07-17,26.29,26.29,26.29,26.29,300
HLY,2009-07-20,26.29,26.65,26.29,26.57,5200
HLY,2009-07-21,28.16,28.23,27.37,28.23,7200
HLY,2009-07-22,28.45,28.45,28.01,28.01,3800
HLY,2009-07-23,28.66,29.17,28.66,29.17,4400
HLY,2009-07-24,30.25,31.04,30.25,31.04,14900
HLY,2009-07-27,33.13,33.13,32.05,32.41,7700
HLY,2009-07-28,30.68,30.75,30.61,30.61,12800
HLY,2009-07-29,29.6,31.18,29.53,30.61,10400
HLY,2009-07-30,30.68,30.75,29.53,30.25,9700
HLY,2009-07-31,31.04,31.83,30.97,31.83,10700
HLY,2009-08-03,33.05,33.13,31.69,31.69,14500
HLY,2009-08-04,32.41,32.41,31.9,32.26,6200
HLY,2009-08-05,33.05,33.13,31.69,32.41,7200
HLY,2009-08-06,32.55,32.55,31.33,31.83,9500
HLY,2009-08-07,30.03,30.61,30.03,30.32,8100
HLY,2009-08-10,29.67,30.89,29.67,30.75,4200
HLY,2009-08-11,30.25,30.68,29.89,30.68,1700
HLY,2009-08-12,30.68,30.82,30.25,30.25,2500
HLY,2009-08-13,30.61,30.68,30.61,30.61,13200
HLY,2009-08-14,30.82,30.97,28.81,28.81,4000
HLY,2009-08-17,29.89,29.89,29.17,29.17,2300
HLY,2009-08-18,29.53,29.53,29.17,29.31,3000
HLY,2009-08-19,29.38,30.03,29.31,30.03,12800
HLY,2009-08-20,30.82,30.82,29.45,29.45,2400
HLY,2009-08-21,30.25,30.61,30.03,30.25,6500
HLY,2009-08-24,30.25,30.61,30.25,30.25,8300
HLY,2009-08-25,30.25,30.25,29.89,29.89,1700
HLY,2009-08-26,29.53,30.25,29.53,29.89,3800
HLY,2009-08-27,29.89,29.89,29.53,29.89,1400
HLY,2009-08-28,30.25,30.46,29.89,30.25,8700
HLY,2009-08-31,30.61,31.33,30.32,30.97,19900
HLY,2009-09-01,30.68,30.82,30.68,30.68,3100
HLY,2009-09-03,30.61,30.61,29.89,29.89,1600
HLY,2009-09-04,30.39,30.39,29.53,29.53,4000
HLY,2009-09-07,29.53,29.81,29.24,29.38,10100
HLY,2009-09-08,29.53,30.25,29.53,30.25,5300
HLY,2009-09-09,30.39,30.39,29.53,29.96,8800
HLY,2009-09-10,30.25,30.61,30.17,30.25,5400
HLY,2009-09-11,30.39,30.39,30.32,30.32,800
HLY,2009-09-14,31.25,31.25,30.46,30.89,4700
HLY,2009-09-15,30.97,31.11,30.75,30.89,7600
HLY,2009-09-16,31.33,33.13,30.97,33.13,44200
HLY,2009-09-17,34.57,34.71,33.13,34.21,13300
HLY,2009-09-18,34.13,35.14,34.13,34.57,15900
HLY,2009-09-21,34.64,34.93,33.92,33.99,11400
HLY,2009-09-22,34.21,34.21,32.91,32.91,10900
HLY,2009-09-23,33.56,34.13,32.84,32.84,10000
HLY,2009-09-24,33.13,33.13,31.83,32.41,7500
HLY,2009-09-25,32.41,32.62,31.69,32.55,9900
HLY,2009-09-28,32.41,33.7,32.41,32.41,3200
HLY,2009-09-29,32.41,33.13,32.41,33.13,1600
HLY,2009-09-30,31.69,32.05,31.69,32.05,2400
HLY,2009-10-01,31.54,31.9,30.25,30.32,11800
HLY,2009-10-02,31.25,31.25,28.88,29.53,4000
HLY,2009-10-05,30.25,30.25,29.53,30.03,1700
HLY,2009-10-06,29.96,30.61,29.96,30.61,2000
HLY,2009-10-07,30.97,32.19,30.97,31.54,6200
HLY,2009-10-08,31.4,31.54,31.4,31.54,5300
HLY,2009-10-09,31.54,32.77,31.54,32.48,9600
HLY,2009-10-12,32.48,33.7,32.48,33.13,7300
HLY,2009-10-13,33.27,33.27,31.4,31.69,13300
HLY,2009-10-14,31.69,33.34,31.33,32.84,12000
HLY,2009-10-15,34.57,34.78,34.28,34.78,37300
HLY,2009-10-16,35.29,37.09,35.29,36.37,33100
HLY,2009-10-19,36.66,38.74,36.22,38.74,29400
HLY,2009-10-20,40.4,40.4,40.4,40.4,2400
HLY,2009-10-21,43.21,43.21,41.12,42.49,72000
HLY,2009-10-22,42.85,45.01,41.77,42.13,27000
HLY,2009-10-23,42.85,43.93,39.75,39.97,32300
HLY,2009-10-26,41.41,41.41,39.18,39.25,13200
HLY,2009-10-27,36.94,37.52,36.94,36.94,18100
HLY,2009-10-28,35.29,36.73,35.29,36.73,14600
HLY,2009-10-29,35.65,35.65,33.05,34.57,17900
HLY,2009-10-30,36.01,36.51,36.01,36.51,5300
HLY,2009-11-02,37.09,37.09,33.99,35.14,11100
HLY,2009-11-03,35.29,35.29,33.49,33.85,9100
HLY,2009-11-04,34.06,35.43,34.06,35.14,5000
HLY,2009-11-05,36.87,37.02,35.65,37.02,7700
HLY,2009-11-06,38.74,39.1,34.21,34.21,6500
HLY,2009-11-09,38.02,38.02,35.14,35.14,3200
HLY,2009-11-10,33.85,33.85,32.84,33.2,6500
HLY,2009-11-11,33.2,33.85,32.41,33.85,6300
HLY,2009-11-12,35.07,35.07,35.07,35.07,3300
HLY,2009-11-13,36.73,36.73,34.93,35.29,2100
HLY,2009-11-16,34.93,34.93,33.56,34.93,1600
HLY,2009-11-17,36.01,36.01,36.01,36.01,100
HLY,2009-11-18,34.93,36.01,34.93,36.01,12200
HLY,2009-11-19,36.01,36.01,34.93,36.01,7000
HLY,2009-11-20,34.93,35.79,34.93,35.79,600
HLY,2009-11-23,36.73,36.73,35.07,35.29,4100
HLY,2009-11-24,35.43,35.43,35.29,35.29,2700
HLY,2009-11-25,33.13,33.13,32.84,32.91,2900
HLY,2009-11-26,30.68,30.68,30.68,30.68,4300
HLY,2009-11-27,28.59,30.97,28.59,30.75,8300
HLY,2009-11-30,30.68,31.14,30.68,31.14,3700
HLY,2009-12-01,32.95,32.95,32.95,32.95,200
HLY,2009-12-02,34.09,34.09,32.58,32.58,400
HLY,2009-12-03,32.8,32.95,32.8,32.95,1800
HLY,2009-12-04,35.15,35.15,30.61,30.91,1600
HLY,2009-12-07,30.3,30.45,29.39,29.55,3100
HLY,2009-12-08,27.8,29.55,27.8,29.39,2400
HLY,2009-12-09,29.55,29.55,27.27,27.27,9400
HLY,2009-12-10,28.03,28.03,26.44,26.89,5400
HLY,2009-12-11,26.21,26.21,25.76,25.76,8500
HLY,2009-12-14,27.88,27.88,27.88,27.88,300
HLY,2009-12-15,27.27,27.27,27.27,27.27,3100
HLY,2009-12-16,28.33,28.79,25.61,25.61,10300
HLY,2009-12-17,24.7,25.0,24.55,25.0,3000
HLY,2009-12-18,23.48,26.29,23.26,26.29,3500
HLY,2009-12-21,26.51,26.74,26.51,26.74,800
HLY,2009-12-22,27.27,27.27,25.3,25.3,1700
HLY,2009-12-23,27.05,27.05,26.89,27.05,3100
HLY,2009-12-24,27.27,28.03,27.27,28.03,600
HLY,2009-12-25,28.03,29.55,27.65,29.55,5800
HLY,2009-12-28,28.18,28.18,28.18,28.18,100
HLY,2009-12-29,28.41,28.41,28.18,28.18,300
HLY,2009-12-30,28.79,29.17,28.79,29.17,300
HLY,2009-12-31,30.76,30.98,30.68,30.68,4700
HLY,2010-01-04,32.8,33.03,32.58,33.03,5200
HLY,2010-01-05,35.08,35.08,33.71,34.85,2900
HLY,2010-01-06,34.09,34.09,32.27,32.58,1700
HLY,2010-01-07,32.58,32.58,32.58,32.58,0
HLY,2010-01-08,31.82,31.97,31.06,31.06,1800
HLY,2010-01-11,31.06,31.06,31.06,31.06,0
HLY,2010-01-12,30.08,30.08,29.77,29.77,900
HLY,2010-01-13,28.48,28.48,28.41,28.48,2500
HLY,2010-01-14,28.94,28.94,28.71,28.71,1700
HLY,2010-01-15,28.86,29.17,28.79,29.17,1600
HLY,2010-01-18,29.17,29.17,29.17,29.17,0
HLY,2010-01-19,28.41,28.56,28.41,28.56,700
HLY,2010-01-20,28.03,28.03,28.03,28.03,400
HLY,2010-01-21,27.27,27.27,26.29,26.51,3900
HLY,2010-01-22,27.95,28.03,27.95,28.03,1000
HLY,2010-01-25,28.56,28.64,28.56,28.64,1300
HLY,2010-01-26,29.55,30.61,29.55,30.61,9800
HLY,2010-01-27,30.61,30.61,30.61,30.61,0
HLY,2010-01-28,28.56,28.64,28.41,28.48,2000
HLY,2010-01-29,28.71,28.79,28.56,28.56,500
HLY,2010-02-01,28.94,28.94,28.71,28.71,4300
HLY,2010-02-02,28.79,28.79,28.56,28.56,1700
HLY,2010-02-03,28.11,28.71,28.03,28.03,4300
HLY,2010-02-04,30.0,30.0,28.41,28.41,900
HLY,2010-02-05,29.24,29.24,28.48,28.64,300
HLY,2010-02-08,28.71,29.17,28.71,29.17,2700
HLY,2010-02-09,28.48,28.79,28.48,28.79,1900
HLY,2010-02-10,28.79,28.79,28.79,28.79,1500
HLY,2010-02-11,29.47,29.55,29.47,29.55,1600
HLY,2010-02-12,29.77,30.3,29.77,29.92,1600
HLY,2010-02-22,29.77,29.77,29.77,29.77,200
HLY,2010-02-23,28.18,28.79,28.18,28.26,2400
HLY,2010-02-24,29.77,29.77,29.77,29.77,100
HLY,2010-02-25,30.15,30.15,30.15,30.15,100
HLY,2010-02-26,30.15,30.15,30.15,30.15,0
HLY,2010-03-01,30.08,30.3,30.08,30.15,900
HLY,2010-03-02,30.23,30.3,29.01,29.01,1000
HLY,2010-03-03,30.38,30.68,30.15,30.68,2400
HLY,2010-03-04,29.32,30.23,29.24,29.92,3400
HLY,2010-03-05,29.55,29.92,29.55,29.92,2900
HLY,2010-03-08,30.3,30.68,30.3,30.68,5400
HLY,2010-03-09,31.06,31.44,31.06,31.06,5900
HLY,2010-03-10,30.68,31.44,30.68,31.44,1200
HLY,2010-03-11,31.74,33.03,31.44,31.82,5000
HLY,2010-03-12,31.82,32.2,31.82,32.2,700
HLY,2010-03-15,31.82,32.2,31.82,32.2,7200
HLY,2010-03-16,31.06,31.97,31.06,31.21,2900
HLY,2010-03-17,30.3,31.06,30.3,31.06,4800
HLY,2010-03-18,30.45,30.45,30.45,30.45,500
HLY,2010-03-19,31.44,31.44,31.44,31.44,100
HLY,2010-03-22,30.83,31.21,30.83,31.06,3100
HLY,2010-03-23,31.06,31.06,31.06,31.06,0
HLY,2010-03-24,30.68,31.29,30.68,30.68,2000
HLY,2010-03-25,30.3,30.3,29.92,30.0,1400
HLY,2010-03-26,31.29,31.29,31.29,31.29,400
HLY,2010-03-29,29.7,30.45,29.7,30.45,2200
HLY,2010-03-30,31.14,31.14,30.3,30.3,1800
HLY,2010-03-31,28.86,30.0,28.86,29.92,3900
HLY,2010-04-01,29.92,29.92,29.92,29.92,200
HLY,2010-04-02,29.77,30.76,29.77,30.76,600
HLY,2010-04-05,30.76,30.76,30.76,30.76,0
HLY,2010-04-06,30.3,30.3,30.3,30.3,1300
HLY,2010-04-07,30.15,30.15,30.15,30.15,900
HLY,2010-04-08,30.3,31.06,30.3,31.06,1100
HLY,2010-04-09,30.53,30.98,30.53,30.98,1200
HLY,2010-04-12,31.06,31.06,30.76,30.76,2100
HLY,2010-04-13,30.3,30.3,29.55,29.55,3900
HLY,2010-04-14,29.92,30.3,29.92,30.3,8300
HLY,2010-04-15,30.3,30.3,30.23,30.3,1400
HLY,2010-04-16,30.23,31.06,30.23,30.68,4300
HLY,2010-04-19,30.68,31.06,30.68,31.06,8600
HLY,2010-04-20,31.14,33.11,31.14,33.11,25900
HLY,2010-04-21,34.62,34.62,33.33,33.48,8500
HLY,2010-04-22,31.44,31.44,31.44,31.44,400
HLY,2010-04-26,33.26,33.26,31.06,31.06,3900
HLY,2010-04-27,32.58,32.58,30.3,30.3,3200
HLY,2010-04-28,28.79,29.92,28.79,29.62,2600
HLY,2010-04-29,31.44,31.44,31.44,31.44,5800
HLY,2010-05-04,33.26,33.26,31.14,32.95,3600
HLY,2010-05-05,31.82,31.82,31.82,31.82,500
HLY,2010-05-06,30.68,32.5,30.0,30.53,2400
HLY,2010-05-07,31.06,31.06,30.23,30.23,600
HLY,2010-05-10,29.39,30.68,29.39,30.53,9600
HLY,2010-05-11,32.12,32.12,30.38,30.68,2500
HLY,2010-05-12,30.3,30.3,29.85,29.85,4000
HLY,2010-05-13,30.3,30.3,30.3,30.3,200
HLY,2010-05-14,30.68,30.68,30.3,30.3,2700
HLY,2010-05-17,30.3,30.3,28.86,28.86,2100
HLY,2010-05-18,29.92,29.92,29.92,29.92,100
HLY,2010-05-19,28.79,28.79,28.56,28.56,1600
HLY,2010-05-20,26.67,29.55,26.67,29.55,200
HLY,2010-05-21,28.03,28.03,26.21,26.21,5100
HLY,2010-05-24,29.47,29.47,28.41,28.41,1000
HLY,2010-05-25,30.38,30.38,28.56,28.56,200
HLY,2010-05-26,29.24,30.3,29.24,30.3,2000
HLY,2010-05-27,29.92,29.92,29.92,29.92,1200
HLY,2010-05-28,30.15,30.15,30.08,30.15,1600
HLY,2010-05-31,31.44,31.44,31.44,31.44,100
HLY,2010-06-01,29.32,30.3,29.32,30.3,400
HLY,2010-06-02,31.44,31.44,30.76,30.76,400
HLY,2010-06-03,30.91,31.44,30.91,31.44,400
HLY,2010-06-04,31.44,31.44,31.44,31.44,0
HLY,2010-06-07,29.55,29.55,29.55,29.55,100
HLY,2010-06-08,29.55,29.55,29.55,29.55,0
HLY,2010-06-09,28.18,30.76,28.18,30.76,200
HLY,2010-06-10,28.79,28.79,28.79,28.79,100
HLY,2010-06-11,28.94,28.94,27.05,27.05,400
HLY,2010-06-14,26.67,30.3,26.67,30.3,400
HLY,2010-06-15,28.48,30.23,28.41,30.23,600
HLY,2010-06-16,30.15,30.15,30.15,30.15,100
HLY,2010-06-17,30.15,30.15,30.15,30.15,0
HLY,2010-06-18,30.3,30.3,30.3,30.3,100
HLY,2010-06-21,29.92,29.92,29.17,29.17,3100
HLY,2010-06-22,29.17,29.55,29.17,29.55,400
HLY,2010-06-23,28.11,28.11,28.11,28.11,100
HLY,2010-06-24,29.55,29.55,28.18,28.18,200
HLY,2010-06-25,28.03,29.39,28.03,29.39,400
HLY,2010-06-28,28.79,28.79,28.79,28.79,1600
HLY,2010-06-29,28.79,28.79,28.64,28.64,3000
HLY,2010-06-30,29.55,29.55,28.48,28.48,1800
HLY,2010-07-01,28.48,28.48,28.48,28.48,0
HLY,2010-07-02,28.56,28.56,28.56,28.56,800
HLY,2010-07-05,30.23,30.23,28.56,28.56,3500
HLY,2010-07-06,27.65,27.65,27.35,27.65,1100
HLY,2010-07-07,26.59,28.11,26.59,28.03,1600
HLY,2010-07-08,28.79,28.79,28.79,28.79,100
HLY,2010-07-09,28.79,28.79,28.79,28.79,100
HLY,2010-07-12,28.79,28.79,28.79,28.79,0
HLY,2010-07-13,29.92,29.92,29.92,29.92,100
HLY,2010-07-14,29.55,29.55,29.55,29.55,1700
HLY,2010-07-15,27.88,28.79,27.88,28.79,300
HLY,2010-07-16,28.79,28.79,28.79,28.79,0
HLY,2010-07-19,28.79,29.09,28.79,29.09,300
HLY,2010-07-20,29.92,29.92,29.92,29.92,100
HLY,2010-07-21,29.92,29.92,29.92,29.92,0
HLY,2010-07-22,28.48,28.48,28.48,28.48,600
HLY,2010-07-23,28.79,28.79,28.79,28.79,300
HLY,2010-07-26,28.79,28.79,28.79,28.79,0
HLY,2010-07-27,28.41,28.41,28.26,28.26,400
HLY,2010-07-28,28.48,28.48,28.48,28.48,2200
HLY,2010-07-29,28.48,28.48,28.48,28.48,0
HLY,2010-07-30,29.17,29.47,28.48,29.47,10100
HLY,2010-08-02,29.47,29.47,28.79,28.79,2300
HLY,2010-08-03,29.17,29.17,29.17,29.17,500
HLY,2010-08-04,27.8,27.8,27.8,27.8,100
HLY,2010-08-05,29.17,29.17,28.79,28.79,6000
HLY,2010-08-06,28.79,28.79,28.79,28.79,0
HLY,2010-08-09,29.47,29.47,29.47,29.47,100
HLY,2010-08-10,29.47,29.47,29.47,29.47,0
HLY,2010-08-11,29.47,29.47,29.47,29.47,0
HLY,2010-08-12,29.47,29.47,29.47,29.47,0
HLY,2010-08-13,29.47,29.47,29.47,29.47,0
HLY,2010-08-16,30.23,30.23,30.23,30.23,200
HLY,2010-08-17,28.18,28.18,28.18,28.18,5900
HLY,2010-08-18,27.95,27.95,26.29,26.29,3100
HLY,2010-08-19,25.76,25.76,25.76,25.76,1000
HLY,2010-08-20,25.83,25.83,24.24,24.24,700
HLY,2010-08-23,25.76,25.76,25.76,25.76,600
HLY,2010-08-24,24.24,24.24,24.01,24.01,2200
HLY,2010-08-25,25.15,25.15,22.73,22.73,3400
HLY,2010-08-26,24.24,24.24,23.48,23.48,3200
HLY,2010-08-27,25.15,25.15,25.15,25.15,100
HLY,2010-08-30,26.51,26.51,26.51,26.51,700
HLY,2010-08-31,27.27,27.27,27.27,27.27,100
HLY,2010-09-01,26.51,26.51,26.14,26.14,200
HLY,2010-09-06,27.42,27.42,24.7,24.7,1200
HLY,2010-09-07,26.89,26.89,26.89,26.89,100
HLY,2010-09-08,25.38,26.44,25.08,26.44,800
HLY,2010-09-09,27.05,27.05,27.05,27.05,100
HLY,2010-09-10,25.23,25.3,25.23,25.3,1100
HLY,2010-09-13,26.44,26.59,26.44,26.59,400
HLY,2010-09-14,26.59,26.59,26.59,26.59,0
HLY,2010-09-15,25.0,25.0,25.0,25.0,200
HLY,2010-09-16,25.0,25.0,25.0,25.0,0
HLY,2010-09-17,26.51,26.51,26.51,26.51,100
HLY,2010-09-20,27.05,27.05,27.05,27.05,100
HLY,2010-09-21,27.05,27.05,27.05,27.05,0
HLY,2010-09-22,27.05,27.05,27.05,27.05,0
HLY,2010-09-23,27.05,27.05,27.05,27.05,0
HLY,2010-09-24,27.05,27.05,27.05,27.05,0
HLY,2010-09-27,25.3,25.38,25.3,25.38,1000
HLY,2010-09-28,24.62,24.62,24.62,24.62,1200
HLY,2010-09-29,24.62,24.62,24.62,24.62,0
HLY,2010-09-30,26.29,26.29,26.29,26.29,100
HLY,2010-10-01,26.67,28.11,24.55,24.55,2300
HLY,2010-10-04,28.03,28.03,28.03,28.03,100
HLY,2010-10-05,26.14,26.14,26.14,26.14,100
HLY,2010-10-06,27.95,27.95,24.32,24.32,600
HLY,2010-10-07,26.51,26.51,24.24,24.24,300
HLY,2010-10-08,26.74,26.74,26.74,26.74,200
HLY,2010-10-11,27.95,27.95,25.08,25.08,300
HLY,2010-10-12,27.88,27.88,24.32,26.36,900
HLY,2010-10-13,26.14,26.14,26.14,26.14,100
HLY,2010-10-14,26.89,26.89,26.89,26.89,100
HLY,2010-10-15,27.58,27.58,25.08,25.08,200
HLY,2010-10-18,27.12,27.12,25.08,25.08,200
HLY,2010-10-19,26.51,26.51,26.36,26.36,400
HLY,2010-10-20,26.36,26.36,26.36,26.36,0
HLY,2010-10-21,24.62,24.62,24.62,24.62,100
HLY,2010-10-22,26.06,26.06,26.06,26.06,100
HLY,2010-10-25,24.24,24.24,24.24,24.24,100
HLY,2010-10-26,25.68,25.68,25.68,25.68,100
HLY,2010-10-27,26.36,26.36,23.94,23.94,200
HLY,2010-10-28,26.51,26.51,26.51,26.51,100
HLY,2010-10-29,24.7,26.36,24.7,26.36,600
HLY,2010-11-01,26.36,26.36,26.36,26.36,100
HLY,2010-11-02,26.36,26.36,26.36,26.36,0
HLY,2010-11-03,26.59,26.59,26.59,26.59,100
HLY,2010-11-04,24.77,24.77,24.77,24.77,4000
HLY,2010-11-05,25.98,25.98,23.79,23.79,200
HLY,2010-11-08,25.98,25.98,25.98,25.98,100
HLY,2010-11-09,25.98,25.98,25.98,25.98,0
HLY,2010-11-10,25.98,25.98,25.98,25.98,0
HLY,2010-11-11,24.17,24.17,24.17,24.17,100
HLY,2010-11-12,22.5,22.73,22.5,22.73,300
HLY,2010-11-15,24.17,24.17,24.17,24.17,100
HLY,2010-11-16,24.17,24.17,24.17,24.17,0
HLY,2010-11-17,24.09,24.09,24.09,24.09,100
HLY,2010-11-18,24.09,24.09,24.09,24.09,0
HLY,2010-11-19,22.42,22.42,22.42,22.42,100
HLY,2010-11-22,23.94,23.94,23.94,23.94,100
HLY,2010-11-23,23.94,23.94,23.94,23.94,0
HLY,2010-11-24,23.94,23.94,23.94,23.94,0
HLY,2010-11-25,24.55,24.55,24.55,24.55,100
HLY,2010-11-26,24.55,24.55,24.55,24.55,0
HLY,2010-11-29,23.86,24.24,23.86,24.24,200
HLY,2010-11-30,25.61,25.61,25.61,25.61,100
HLY,2010-12-01,24.24,24.24,24.24,24.24,100
HLY,2010-12-02,23.86,23.86,23.48,23.48,2700
HLY,2010-12-03,25.0,25.0,23.48,23.71,400
HLY,2010-12-06,23.48,23.48,23.48,23.48,200
HLY,2010-12-07,22.35,23.48,22.35,22.42,1800
HLY,2010-12-08,21.97,21.97,21.36,21.59,1900
HLY,2010-12-09,20.98,21.21,20.91,21.21,2100
HLY,2010-12-10,21.21,22.35,21.21,22.35,1200
HLY,2010-12-13,22.73,23.26,21.97,22.58,3900
HLY,2010-12-14,21.97,21.97,21.97,21.97,300
HLY,2010-12-15,20.45,20.45,20.45,20.45,100
HLY,2010-12-16,21.82,21.82,21.82,21.82,300
HLY,2010-12-17,23.11,23.11,21.82,21.82,2000
HLY,2010-12-20,21.97,21.97,21.97,21.97,400
HLY,2010-12-21,21.59,21.59,21.59,21.59,200
HLY,2010-12-22,21.21,21.21,21.21,21.21,100
HLY,2010-12-23,21.21,21.21,21.21,21.21,0
HLY,2010-12-24,21.29,21.29,21.21,21.21,600
HLY,2010-12-27,22.65,22.65,22.65,22.65,100
HLY,2010-12-28,23.86,23.86,23.48,23.48,1600
HLY,2010-12-29,21.97,21.97,21.97,21.97,1200
HLY,2010-12-30,21.59,21.59,21.21,21.21,2100
HLY,2010-12-31,21.21,21.21,21.21,21.21,1200
HLY,2011-01-04,21.21,21.21,21.21,21.21,0
HLY,2011-01-05,21.21,21.21,21.21,21.21,100
HLY,2011-01-06,21.21,21.21,21.21,21.21,0
HLY,2011-01-07,21.21,21.21,21.21,21.21,0
HLY,2011-01-10,21.21,21.21,21.21,21.21,0
HLY,2011-01-11,21.21,21.21,21.21,21.21,0
HLY,2011-01-12,21.21,21.21,21.21,21.21,0
HLY,2011-01-13,21.21,21.21,21.21,21.21,0
HLY,2011-01-14,21.21,21.21,21.21,21.21,0
HLY,2011-01-17,21.21,21.21,21.21,21.21,0
HLY,2011-01-18,21.21,21.21,21.21,21.21,0
HLY,2011-01-19,21.21,21.21,21.21,21.21,100
HLY,2011-01-20,21.14,21.21,21.14,21.21,200
HLY,2011-01-21,20.83,20.83,20.45,20.45,2000
HLY,2011-01-24,20.45,20.45,20.45,20.45,0
HLY,2011-01-25,20.45,20.45,20.08,20.08,1700
HLY,2011-01-26,18.94,21.67,18.94,21.67,200
HLY,2011-01-27,21.67,21.67,21.59,21.67,300
HLY,2011-01-28,22.8,23.18,22.8,23.18,600
HLY,2011-02-08,23.18,23.18,23.18,23.18,0
HLY,2011-02-09,21.97,21.97,21.97,21.97,100
HLY,2011-02-10,21.97,21.97,21.97,21.97,0
HLY,2011-02-11,23.48,23.48,23.11,23.11,400
HLY,2011-02-14,24.77,24.77,23.18,23.18,600
HLY,2011-02-15,23.18,23.18,23.18,23.18,0
HLY,2011-02-16,23.18,23.18,23.18,23.18,0
HLY,2011-02-17,22.73,22.73,22.73,22.73,2000
HLY,2011-02-18,21.97,21.97,21.97,21.97,600
HLY,2011-02-21,20.53,21.89,20.45,20.45,2400
HLY,2011-02-22,19.92,19.92,19.7,19.7,3500
HLY,2011-02-23,19.7,19.7,19.7,19.7,0
HLY,2011-02-24,20.83,21.06,20.08,20.15,7600
HLY,2011-02-25,20.15,20.15,20.15,20.15,0
HLY,2011-02-28,20.23,20.83,20.23,20.83,10700
HLY,2011-03-01,20.23,20.23,20.23,20.23,3000
HLY,2011-03-02,18.86,18.86,18.86,18.86,700
HLY,2011-03-03,18.79,20.15,18.79,20.15,5700
HLY,2011-03-04,19.7,19.7,19.7,19.7,600
HLY,2011-03-07,19.7,19.7,19.7,19.7,0
HLY,2011-03-08,18.94,18.94,18.94,18.94,300
HLY,2011-03-09,18.94,18.94,18.94,18.94,0
HLY,2011-03-10,20.15,20.23,20.15,20.23,200
HLY,2011-03-11,20.23,20.23,20.23,20.23,0
HLY,2011-03-14,20.23,20.23,20.23,20.23,0
HLY,2011-03-15,20.23,20.23,20.23,20.23,0
HLY,2011-03-16,20.23,20.23,20.23,20.23,0
HLY,2011-03-17,20.23,20.23,20.23,20.23,0
HLY,2011-03-18,21.36,21.36,21.36,21.36,100
HLY,2011-03-21,21.36,21.36,21.36,21.36,0
HLY,2011-03-22,22.42,22.8,22.42,22.8,1000
HLY,2011-03-23,22.8,22.8,22.8,22.8,0
HLY,2011-03-24,22.8,22.8,22.8,22.8,0
HLY,2011-03-25,22.8,22.8,22.8,22.8,0
HLY,2011-03-28,22.8,22.8,22.8,22.8,0
HLY,2011-03-29,21.21,21.21,21.14,21.14,200
HLY,2011-03-30,21.14,21.14,21.14,21.14,0
HLY,2011-03-31,19.77,19.77,19.77,19.77,200
HLY,2011-04-01,19.77,19.77,19.77,19.77,0
HLY,2011-04-04,19.77,19.77,19.77,19.77,0
HLY,2011-04-05,19.85,19.85,19.85,19.85,100
HLY,2011-04-06,19.85,19.85,19.85,19.85,0
HLY,2011-04-07,19.85,19.85,19.85,19.85,0
HLY,2011-04-08,19.85,19.85,19.85,19.85,0
HLY,2011-04-13,19.85,19.85,19.85,19.85,0
HLY,2011-04-14,19.85,19.85,19.85,19.85,0
HLY,2011-04-15,19.85,19.85,19.85,19.85,0
HLY,2011-04-18,19.85,19.85,19.85,19.85,0
HLY,2011-04-19,19.85,19.85,19.85,19.85,0
HLY,2011-04-20,19.85,19.85,19.85,19.85,0
HLY,2011-04-21,19.85,19.85,19.85,19.85,0
HLY,2011-04-22,19.85,19.85,19.85,19.85,0
HLY,2011-04-25,19.85,19.85,19.85,19.85,0
HLY,2011-04-26,19.85,19.85,19.85,19.85,0
HLY,2011-04-27,19.85,19.85,19.85,19.85,0
HLY,2011-04-28,19.85,19.85,19.85,19.85,0
HLY,2011-04-29,19.85,19.85,19.85,19.85,0
HLY,2011-05-04,21.94,21.94,21.94,21.94,0
HLY,2011-05-05,21.94,21.94,21.94,21.94,0
HLY,2011-05-06,21.94,21.94,21.94,21.94,0
HLY,2011-05-09,21.94,21.94,21.94,21.94,0
HLY,2011-05-10,21.94,21.94,21.94,21.94,0
HLY,2011-05-11,21.94,21.94,21.94,21.94,0
HLY,2011-05-12,21.94,21.94,21.94,21.94,0
HLY,2011-05-13,21.94,21.94,21.94,21.94,0
HLY,2011-05-16,21.94,21.94,21.94,21.94,0
HLY,2011-05-17,18.59,18.59,18.51,18.51,2000
HLY,2011-05-18,18.51,18.51,18.51,18.51,0
HLY,2011-05-19,18.51,18.51,18.51,18.51,0
HLY,2011-05-20,17.34,17.34,17.34,17.34,400
HLY,2011-05-23,16.16,16.16,16.16,16.16,800
HLY,2011-05-24,16.16,16.16,16.16,16.16,0
HLY,2011-05-25,15.07,15.07,15.07,15.07,200
HLY,2011-05-26,15.07,15.07,15.07,15.07,0
HLY,2011-05-27,15.07,15.07,15.07,15.07,0
HLY,2011-05-30,15.07,15.07,15.07,15.07,200
HLY,2011-05-31,15.07,15.07,15.07,15.07,0
HLY,2011-06-01,15.07,15.07,15.07,15.07,0
HLY,2011-06-02,15.49,15.49,15.49,15.49,1000
HLY,2011-06-03,15.49,15.49,15.49,15.49,0
HLY,2011-06-06,16.5,16.5,16.5,16.5,100
HLY,2011-06-07,16.75,16.75,16.33,16.33,600
HLY,2011-06-08,15.33,15.33,15.33,15.33,2000
HLY,2011-06-09,15.33,15.33,15.33,15.33,0
HLY,2011-06-10,15.33,15.33,15.33,15.33,1000
HLY,2011-06-13,15.33,15.33,15.33,15.33,0
HLY,2011-06-14,15.33,15.33,15.33,15.33,300
HLY,2011-06-15,15.33,15.33,15.33,15.33,0
HLY,2011-06-16,15.33,15.33,15.33,15.33,0
HLY,2011-06-17,15.33,15.33,15.33,15.33,0
HLY,2011-06-20,15.33,15.33,15.33,15.33,0
HLY,2011-06-21,15.33,15.33,15.33,15.33,0
HLY,2011-06-22,15.33,15.33,15.33,15.33,0
HLY,2011-06-23,15.33,15.33,15.33,15.33,0
HLY,2011-06-24,15.33,15.33,15.33,15.33,0
HLY,2011-06-27,14.32,14.32,14.32,14.32,100
HLY,2011-06-28,14.32,14.32,14.32,14.32,0
HLY,2011-06-29,14.32,14.32,14.32,14.32,0
HLY,2011-06-30,14.32,14.32,14.32,14.32,0
HLY,2011-07-01,14.32,14.32,14.32,14.32,400
HLY,2011-07-04,14.32,14.32,14.32,14.32,0
HLY,2011-07-05,14.32,14.32,14.32,14.32,0
HLY,2011-07-06,14.32,14.32,14.32,14.32,0
HLY,2011-07-07,14.32,14.32,14.32,14.32,0
HLY,2011-07-08,14.32,14.32,14.32,14.32,0
HLY,2011-07-11,14.32,14.32,14.32,14.32,0
HLY,2011-07-12,14.32,14.32,14.32,14.32,0
HLY,2011-07-13,14.32,14.32,14.32,14.32,0
HLY,2011-07-14,14.32,14.32,14.32,14.32,0
HLY,2011-07-15,14.32,14.32,14.32,14.32,0
HLY,2011-07-18,13.4,13.4,13.4,13.4,100
HLY,2011-07-19,13.4,13.4,13.4,13.4,0
HLY,2011-07-20,12.56,12.56,12.56,12.56,500
HLY,2011-07-21,12.56,12.56,12.56,12.56,300
HLY,2011-07-22,12.56,12.56,12.56,12.56,0
HLY,2011-07-25,12.56,12.56,12.56,12.56,0
HLY,2011-07-26,12.56,12.56,12.56,12.56,0
HLY,2011-07-27,13.4,13.4,13.4,13.4,2900
HLY,2011-07-28,13.4,13.4,13.4,13.4,0
HLY,2011-07-29,13.4,13.4,13.4,13.4,0
HLY,2011-08-01,13.4,13.4,13.4,13.4,0
HLY,2011-08-02,13.4,13.4,13.4,13.4,0
HLY,2011-08-03,13.4,13.4,13.4,13.4,0
HLY,2011-08-04,14.24,14.32,14.24,14.32,3000
HLY,2011-08-05,14.32,14.32,14.32,14.32,0
HLY,2011-08-08,14.32,14.32,14.32,14.32,0
HLY,2011-08-09,14.32,14.32,14.32,14.32,0
HLY,2011-08-10,14.32,14.32,14.32,14.32,0
HLY,2011-08-11,14.32,14.32,14.32,14.32,0
HLY,2011-08-12,14.24,14.24,14.24,14.24,5000
HLY,2011-08-15,14.24,14.24,14.24,14.24,0
HLY,2011-08-16,14.24,14.24,14.24,14.24,4500
HLY,2011-08-17,14.24,14.24,14.24,14.24,0
HLY,2011-08-18,14.24,14.24,14.24,14.24,0
HLY,2011-08-19,14.24,14.24,14.24,14.24,0
HLY,2011-08-22,14.24,14.24,14.24,14.24,0
HLY,2011-08-23,14.24,14.24,14.24,14.24,0
HLY,2011-08-24,14.24,14.24,14.24,14.24,0
HLY,2011-08-25,14.24,14.24,14.24,14.24,0
HLY,2011-08-26,14.24,14.24,14.24,14.24,0
HLY,2011-08-29,14.24,14.24,14.24,14.24,0
HLY,2011-08-30,14.24,14.24,14.24,14.24,0
HLY,2011-08-31,13.65,13.65,13.65,13.65,200
HLY,2011-09-01,13.65,13.65,13.65,13.65,0
HLY,2011-09-05,13.65,13.65,13.65,13.65,0
HLY,2011-09-06,12.73,13.65,12.73,13.65,1100
HLY,2011-09-07,14.07,14.07,14.07,14.07,4000
HLY,2011-09-08,14.07,14.07,14.07,14.07,0
HLY,2011-09-09,14.07,14.07,14.07,14.07,0
HLY,2011-09-12,14.07,14.07,14.07,14.07,0
HLY,2011-09-13,14.07,14.07,14.07,14.07,0
HLY,2011-09-14,14.07,14.07,14.07,14.07,0
HLY,2011-09-15,13.15,13.15,13.15,13.15,200
HLY,2011-09-16,13.99,13.99,13.9,13.9,5200
HLY,2011-09-19,13.9,13.9,13.9,13.9,0
HLY,2011-09-20,13.9,13.9,13.9,13.9,0
HLY,2011-09-21,13.9,13.9,13.9,13.9,0
HLY,2011-09-22,13.4,14.74,13.4,14.74,2700
HLY,2011-09-23,14.32,14.32,14.32,14.32,5000
HLY,2011-09-26,15.07,15.24,15.07,15.24,7000
HLY,2011-09-27,14.32,14.32,14.24,14.24,4100
HLY,2011-09-28,14.49,14.57,14.49,14.57,4800
HLY,2011-09-29,14.49,14.49,14.49,14.49,2700
HLY,2011-09-30,14.49,14.49,14.49,14.49,0
HLY,2011-10-03,14.49,14.49,14.49,14.49,0
HLY,2011-10-04,14.49,14.49,14.49,14.49,0
HLY,2011-10-05,14.24,14.49,14.24,14.49,5100
HLY,2011-10-06,15.07,15.07,14.66,15.07,9600
HLY,2011-10-07,14.66,14.66,14.66,14.66,200
HLY,2011-10-10,14.66,14.66,14.66,14.66,1900
HLY,2011-10-11,14.66,14.66,14.66,14.66,4600
HLY,2011-10-12,14.66,14.66,14.66,14.66,0
HLY,2011-10-13,14.66,14.66,14.66,14.66,0
HLY,2011-10-14,13.65,13.65,13.65,13.65,100
HLY,2011-10-17,13.65,13.65,13.65,13.65,3500
HLY,2011-10-18,13.65,13.65,13.65,13.65,0
HLY,2011-10-19,12.73,12.73,12.73,12.73,100
HLY,2011-10-20,12.73,12.73,12.73,12.73,0
HLY,2011-10-21,13.57,13.57,13.57,13.57,4000
HLY,2011-10-24,12.65,12.65,12.65,12.65,100
HLY,2011-10-25,12.56,12.65,12.56,12.65,7100
HLY,2011-10-26,12.65,12.65,12.65,12.65,0
HLY,2011-10-27,13.4,13.4,12.73,12.73,4400
HLY,2011-10-28,13.32,13.32,13.32,13.32,200
HLY,2011-10-31,13.32,13.32,13.32,13.32,0
HLY,2011-11-01,13.32,13.32,13.32,13.32,0
HLY,2011-11-02,13.32,13.32,13.32,13.32,0
HLY,2011-11-03,13.23,13.32,13.23,13.32,4100
HLY,2011-11-04,13.32,13.32,13.32,13.32,0
HLY,2011-11-07,13.32,13.32,13.32,13.32,0
HLY,2011-11-08,13.32,13.32,13.32,13.32,0
HLY,2011-11-09,13.32,13.32,13.32,13.32,0
HLY,2011-11-10,13.32,13.32,13.32,13.32,0
HLY,2011-11-11,13.32,13.32,13.32,13.32,4100
HLY,2011-11-14,13.32,13.32,13.32,13.32,0
HLY,2011-11-15,13.32,13.32,13.32,13.32,0
HLY,2011-11-16,13.32,13.32,13.32,13.32,0
HLY,2011-11-17,13.32,13.32,13.32,13.32,0
HLY,2011-11-18,13.32,13.32,13.32,13.32,4200
HLY,2011-11-21,13.32,13.32,13.23,13.23,8400
HLY,2011-11-22,12.98,12.98,12.98,12.98,9000
HLY,2011-11-23,12.98,12.98,12.98,12.98,0
HLY,2011-11-24,12.98,12.98,12.98,12.98,0
HLY,2011-11-25,13.4,13.4,13.4,13.4,1700
HLY,2011-11-28,13.4,13.4,13.4,13.4,0
HLY,2011-11-29,13.32,13.32,13.32,13.32,800
HLY,2011-11-30,13.32,13.32,13.32,13.32,0
HLY,2011-12-01,13.15,13.15,13.15,13.15,1000
HLY,2011-12-02,13.15,13.15,13.15,13.15,0
HLY,2011-12-05,13.15,13.15,13.15,13.15,0
HLY,2011-12-06,13.4,13.4,13.23,13.23,2000
HLY,2011-12-07,13.23,13.23,13.23,13.23,0
HLY,2011-12-08,13.23,13.23,13.23,13.23,0
HLY,2011-12-09,13.23,13.23,13.23,13.23,0
HLY,2011-12-12,13.23,13.23,13.23,13.23,0
HLY,2011-12-13,13.23,13.23,13.23,13.23,0
HLY,2011-12-14,13.32,13.32,13.32,13.32,3000
HLY,2011-12-15,13.32,13.32,13.32,13.32,0
HLY,2011-12-16,13.82,13.82,13.82,13.82,5200
HLY,2011-12-19,13.82,13.82,13.82,13.82,0
HLY,2011-12-20,14.24,14.24,14.24,14.24,1900
HLY,2011-12-21,14.24,14.24,14.24,14.24,0
HLY,2011-12-22,14.24,14.24,14.24,14.24,0
HLY,2011-12-23,14.24,14.24,14.24,14.24,0
HLY,2011-12-26,14.24,14.24,14.24,14.24,0
HLY,2011-12-27,13.32,13.32,13.32,13.32,2000
HLY,2011-12-28,13.32,13.32,13.32,13.32,0
HLY,2011-12-29,13.32,13.32,13.32,13.32,0
HLY,2011-12-30,12.56,13.4,12.56,13.4,5000
HLY,2012-01-03,13.4,13.4,13.4,13.4,0
HLY,2012-01-04,13.4,13.4,13.4,13.4,0
HLY,2012-01-05,13.4,13.4,13.4,13.4,0
HLY,2012-01-06,13.4,13.4,13.4,13.4,0
HLY,2012-01-09,13.4,13.4,13.4,13.4,0
HLY,2012-01-10,13.4,13.4,13.4,13.4,0
HLY,2012-01-11,13.4,13.4,13.4,13.4,0
HLY,2012-01-12,13.4,13.4,13.4,13.4,0
HLY,2012-01-13,13.4,13.4,13.4,13.4,0
HLY,2012-01-16,12.56,13.82,12.56,13.82,3900
HLY,2012-01-17,13.82,13.82,13.82,13.82,0
HLY,2012-01-18,13.82,13.82,13.82,13.82,0
HLY,2012-01-19,13.82,13.82,13.82,13.82,0
HLY,2012-01-20,13.82,13.82,13.82,13.82,0
HLY,2012-01-30,13.82,13.82,13.82,13.82,0
HLY,2012-01-31,13.82,13.82,13.82,13.82,0
HLY,2012-02-01,13.82,13.82,13.82,13.82,0
HLY,2012-02-02,13.82,13.82,13.82,13.82,0
HLY,2012-02-03,13.4,13.4,13.4,13.4,3000
HLY,2012-02-06,13.4,13.4,13.4,13.4,0
HLY,2012-02-07,13.4,13.4,13.4,13.4,0
HLY,2012-02-08,13.4,13.4,13.4,13.4,0
HLY,2012-02-09,13.4,13.4,13.4,13.4,0
HLY,2012-02-10,13.4,13.4,13.4,13.4,0
HLY,2012-02-13,13.4,13.4,13.4,13.4,0
HLY,2012-02-14,13.4,13.4,13.4,13.4,0
HLY,2012-02-15,13.4,13.4,13.4,13.4,0
HLY,2012-02-16,13.4,13.4,13.4,13.4,6000
HLY,2012-02-17,13.4,13.4,13.4,13.4,0
HLY,2012-02-20,13.4,13.4,13.4,13.4,0
HLY,2012-02-21,13.4,13.4,13.4,13.4,0
HLY,2012-02-22,13.4,13.4,13.4,13.4,0
HLY,2012-02-23,14.24,14.24,13.48,13.48,1200
HLY,2012-02-24,13.48,13.48,13.48,13.48,0
HLY,2012-02-27,13.48,13.48,13.48,13.48,0
HLY,2012-02-28,13.48,13.48,13.48,13.48,0
HLY,2012-02-29,14.15,14.15,14.15,14.15,2000
HLY,2012-03-01,14.15,14.15,14.15,14.15,0
HLY,2012-03-02,14.15,14.15,14.15,14.15,0
HLY,2012-03-05,14.74,14.74,14.74,14.74,300
HLY,2012-03-06,14.74,14.74,14.74,14.74,0
HLY,2012-03-07,14.74,14.74,14.74,14.74,0
HLY,2012-03-08,14.74,14.74,14.74,14.74,0
HLY,2012-03-09,14.74,14.74,14.74,14.74,3500
HLY,2012-03-12,14.74,14.74,14.74,14.74,0
HLY,2012-03-13,14.74,14.74,14.74,14.74,0
HLY,2012-03-14,14.07,14.07,14.07,14.07,500
HLY,2012-03-15,14.07,14.07,14.07,14.07,0
HLY,2012-03-16,14.07,14.07,14.07,14.07,0
HLY,2012-03-19,14.07,14.07,14.07,14.07,0
HLY,2012-03-20,13.23,13.23,13.23,13.23,100
HLY,2012-03-21,12.31,12.31,12.31,12.31,19500
HLY,2012-03-22,13.15,13.15,12.65,12.65,4000
HLY,2012-03-23,13.32,13.32,12.23,12.23,4500
HLY,2012-03-26,11.39,12.14,11.39,12.14,2100
HLY,2012-03-27,12.39,12.39,12.39,12.39,1300
HLY,2012-03-28,12.98,12.98,12.98,12.98,200
HLY,2012-03-29,13.57,13.57,13.57,13.57,700
HLY,2012-03-30,14.07,14.07,14.07,14.07,100
HLY,2012-04-03,13.15,13.15,13.15,13.15,500
HLY,2012-04-04,12.31,12.31,12.31,12.31,4700
HLY,2012-04-05,13.06,13.06,13.06,13.06,1100
HLY,2012-04-06,13.06,13.06,13.06,13.06,0
HLY,2012-04-09,13.06,13.06,13.06,13.06,0
HLY,2012-04-10,13.06,13.06,13.06,13.06,0
HLY,2012-04-11,13.06,13.06,13.06,13.06,0
HLY,2012-04-12,12.48,12.73,12.48,12.73,2400
HLY,2012-04-13,12.73,12.73,12.73,12.73,0
HLY,2012-04-16,12.98,12.98,12.98,12.98,1000
HLY,2012-04-17,13.48,13.48,13.48,13.48,1000
HLY,2012-04-18,13.48,13.48,13.48,13.48,0
HLY,2012-04-19,13.48,13.48,13.48,13.48,0
HLY,2012-04-20,13.48,13.48,13.48,13.48,0
HLY,2012-04-23,13.48,13.48,13.48,13.48,0
HLY,2012-04-24,12.56,12.56,12.56,12.56,1000
HLY,2012-04-25,12.56,12.56,12.56,12.56,0
HLY,2012-04-26,12.56,12.56,12.56,12.56,500
HLY,2012-04-27,11.89,12.9,11.72,12.9,1800
HLY,2012-05-02,12.9,12.9,12.9,12.9,0
HLY,2012-05-03,12.39,12.39,12.39,12.39,700
HLY,2012-05-04,12.39,12.73,12.39,12.73,2500
HLY,2012-05-07,12.73,12.73,12.73,12.73,100
HLY,2012-05-08,13.32,13.32,12.81,12.81,1300
HLY,2012-05-09,12.81,12.81,12.81,12.81,200
HLY,2012-05-10,12.81,12.81,12.81,12.81,200
HLY,2012-05-11,12.81,12.81,12.81,12.81,0
HLY,2012-05-14,12.81,12.81,12.81,12.81,0
HLY,2012-05-15,12.81,12.81,12.81,12.81,0
HLY,2012-05-16,12.81,12.81,12.81,12.81,0
HLY,2012-05-17,12.81,12.81,12.81,12.81,0
HLY,2012-05-18,12.81,12.81,12.81,12.81,0
HLY,2012-05-21,12.81,12.81,12.81,12.81,0
HLY,2012-05-22,12.81,12.81,12.81,12.81,0
HLY,2012-05-23,12.81,12.81,12.81,12.81,0
HLY,2012-05-24,12.81,12.81,12.81,12.81,0
HLY,2012-05-25,12.81,12.81,12.81,12.81,0
HLY,2012-05-28,12.81,12.81,12.81,12.81,0
HLY,2012-05-29,12.81,12.81,12.81,12.81,0
HLY,2012-05-30,12.81,12.81,12.81,12.81,0
HLY,2012-05-31,12.81,12.81,12.81,12.81,0
HLY,2012-06-01,12.81,12.81,12.81,12.81,0
HLY,2012-06-04,11.98,11.98,11.98,11.98,100
HLY,2012-06-05,11.98,11.98,11.98,11.98,0
HLY,2012-06-06,11.98,11.98,11.98,11.98,0
HLY,2012-06-07,11.98,11.98,11.98,11.98,0
HLY,2012-06-08,11.98,11.98,11.98,11.98,0
HLY,2012-06-11,12.73,12.73,12.73,12.73,100
HLY,2012-06-12,12.73,12.73,12.73,12.73,0
HLY,2012-06-13,11.98,11.98,11.98,11.98,7000
HLY,2012-06-14,11.47,11.47,11.39,11.39,5400
HLY,2012-06-15,11.39,11.39,11.39,11.39,0
HLY,2012-06-18,11.39,11.39,11.39,11.39,0
HLY,2012-06-19,10.89,10.89,10.89,10.89,1100
HLY,2012-06-20,10.89,10.89,10.89,10.89,0
HLY,2012-06-21,10.89,10.89,10.89,10.89,0
HLY,2012-06-22,10.13,10.13,10.13,10.13,100
HLY,2012-06-25,10.13,10.13,10.13,10.13,0
HLY,2012-06-26,10.13,10.13,10.13,10.13,0
HLY,2012-06-27,10.13,10.13,10.13,10.13,0
HLY,2012-06-28,10.8,10.8,9.55,9.55,400
HLY,2012-06-29,9.55,9.55,9.55,9.55,0
HLY,2012-07-02,9.55,9.55,9.55,9.55,0
HLY,2012-07-03,9.55,9.55,9.55,9.55,0
HLY,2012-07-04,9.38,9.38,9.38,9.38,1400
HLY,2012-07-05,9.38,9.38,9.38,9.38,0
HLY,2012-07-06,9.88,9.88,9.88,9.88,200
HLY,2012-07-09,9.46,9.46,9.46,9.46,1500
HLY,2012-07-10,9.46,9.46,9.46,9.46,0
HLY,2012-07-11,9.46,9.46,9.46,9.46,0
HLY,2012-07-12,9.46,9.46,9.46,9.46,0
HLY,2012-07-13,9.97,9.97,9.97,9.97,400
HLY,2012-07-16,9.97,9.97,9.97,9.97,0
HLY,2012-07-17,9.97,9.97,9.97,9.97,0
HLY,2012-07-18,10.55,10.55,10.55,10.55,100
HLY,2012-07-19,11.14,11.14,11.14,11.14,100
HLY,2012-07-20,10.89,10.89,10.89,10.89,100
HLY,2012-07-23,10.89,10.89,10.89,10.89,0
HLY,2012-07-24,10.89,10.89,10.89,10.89,0
HLY,2012-07-25,10.89,10.89,10.89,10.89,0
HLY,2012-07-26,10.89,10.89,10.89,10.89,0
HLY,2012-07-27,10.89,10.89,10.89,10.89,0
HLY,2012-07-30,10.89,10.89,10.89,10.89,0
HLY,2012-07-31,10.89,10.89,10.89,10.89,0
HLY,2012-08-01,10.89,10.89,10.89,10.89,0
HLY,2012-08-02,10.89,10.89,10.89,10.89,0
HLY,2012-08-03,10.89,10.89,10.89,10.89,0
HLY,2012-08-06,10.89,10.89,10.89,10.89,0
HLY,2012-08-07,10.89,10.89,10.89,10.89,0
HLY,2012-08-08,10.89,10.89,10.89,10.89,0
HLY,2012-08-09,10.89,10.89,10.89,10.89,0
HLY,2012-08-10,10.89,10.89,10.89,10.89,0
HLY,2012-08-13,10.89,10.89,10.89,10.89,0
HLY,2012-08-14,10.89,10.89,10.89,10.89,0
HLY,2012-08-15,10.89,10.89,10.89,10.89,0
HLY,2012-08-16,10.13,10.13,10.13,10.13,100
HLY,2012-08-17,9.46,9.46,9.46,9.46,1100
HLY,2012-08-20,9.46,9.46,9.46,9.46,0
HLY,2012-08-21,9.46,9.46,9.46,9.46,0
HLY,2012-08-22,9.46,9.46,9.46,9.46,0
HLY,2012-08-23,9.46,9.46,9.46,9.46,0
HLY,2012-08-24,9.46,9.46,9.46,9.46,0
HLY,2012-08-27,9.46,9.46,9.46,9.46,0
HLY,2012-08-28,9.46,9.46,9.46,9.46,0
HLY,2012-08-29,9.46,9.46,9.46,9.46,0
HLY,2012-08-30,9.46,9.46,9.46,9.46,0
HLY,2012-08-31,9.46,9.46,9.46,9.46,0
HLY,2012-09-04,9.46,9.46,9.46,9.46,0
HLY,2012-09-05,9.46,9.46,9.46,9.46,0
HLY,2012-09-06,9.46,9.46,9.46,9.46,0
HLY,2012-09-07,9.46,9.46,9.46,9.46,0
HLY,2012-09-10,9.46,9.46,9.46,9.46,0
HLY,2012-09-11,9.46,9.46,9.46,9.46,0
HLY,2012-09-12,9.46,9.46,9.46,9.46,0
HLY,2012-09-13,9.46,9.46,9.46,9.46,0
HLY,2012-09-14,9.46,9.46,9.46,9.46,0
HLY,2012-09-17,9.46,9.46,9.46,9.46,0
HLY,2012-09-18,9.46,9.46,9.46,9.46,0
HLY,2012-09-19,9.46,9.46,9.46,9.46,0
HLY,2012-09-20,9.46,9.46,9.46,9.46,0
HLY,2012-09-21,9.46,9.46,9.46,9.46,0
HLY,2012-09-24,9.46,9.46,9.46,9.46,0
HLY,2012-09-25,9.46,9.46,9.46,9.46,0
HLY,2012-09-26,9.46,9.46,9.46,9.46,0
HLY,2012-09-27,9.46,9.46,9.46,9.46,0
HLY,2012-09-28,9.46,9.46,9.46,9.46,0
HLY,2012-10-01,9.46,9.46,9.46,9.46,0
HLY,2012-10-02,9.46,9.46,9.46,9.46,0
HLY,2012-10-03,9.46,9.46,9.46,9.46,0
HLY,2012-10-04,9.46,9.46,9.46,9.46,0
HLY,2012-10-05,9.46,9.46,9.46,9.46,0
HLY,2012-10-08,9.46,9.46,9.46,9.46,0
HLY,2012-10-09,9.46,9.46,9.46,9.46,0
HLY,2012-10-10,9.46,9.46,9.46,9.46,0
HLY,2012-10-11,9.46,9.46,9.46,9.46,0
HLY,2012-10-12,9.46,9.46,9.46,9.46,0
HLY,2012-10-15,9.46,9.46,9.46,9.46,0
HLY,2012-10-16,8.88,8.88,8.88,8.88,100
HLY,2012-10-17,8.29,8.29,8.29,8.29,100
HLY,2012-10-18,7.79,7.79,7.79,7.79,500
HLY,2012-10-19,7.29,8.29,7.29,7.29,700
HLY,2012-10-22,7.29,7.29,7.29,7.29,0
HLY,2012-10-23,7.29,7.29,7.29,7.29,0
HLY,2012-10-24,7.29,7.29,7.29,7.29,0
HLY,2012-10-25,7.29,7.29,7.29,7.29,0
HLY,2012-10-26,7.29,7.29,7.29,7.29,0
HLY,2012-10-29,7.29,7.29,7.29,7.29,0
HLY,2012-10-30,7.29,7.29,7.29,7.29,0
HLY,2012-10-31,7.29,7.29,7.29,7.29,0
HLY,2012-11-01,7.29,7.29,7.29,7.29,0
HLY,2012-11-02,7.29,7.29,7.29,7.29,0
HLY,2012-11-05,7.29,7.29,7.29,7.29,0
HLY,2012-11-06,7.29,7.29,7.29,7.29,0
HLY,2012-11-07,7.29,7.29,7.29,7.29,0
HLY,2012-11-08,7.29,7.29,7.29,7.29,0
HLY,2012-11-09,7.29,7.29,7.29,7.29,0
HLY,2012-11-12,7.29,7.29,7.29,7.29,0
HLY,2012-11-13,7.29,7.29,7.29,7.29,0
HLY,2012-11-14,7.29,7.29,7.29,7.29,0
HLY,2012-11-15,7.29,7.29,7.29,7.29,0
HLY,2012-11-16,7.29,7.29,7.29,7.29,0
HLY,2012-11-19,7.29,7.29,7.29,7.29,0
HLY,2012-11-20,7.29,7.29,7.29,7.29,0
HLY,2012-11-21,7.29,7.29,7.29,7.29,0
HLY,2012-11-22,7.29,7.29,7.29,7.29,0
HLY,2012-11-23,7.29,7.29,7.29,7.29,0
HLY,2012-11-26,7.29,7.29,7.29,7.29,0
HLY,2012-11-27,7.29,7.29,7.29,7.29,0
HLY,2012-11-28,7.29,7.29,7.29,7.29,0
HLY,2012-11-29,7.29,7.29,7.29,7.29,0
HLY,2012-11-30,7.29,7.29,7.29,7.29,0
HLY,2012-12-03,7.29,7.29,7.29,7.29,0
HLY,2012-12-04,7.29,7.29,7.29,7.29,0
HLY,2012-12-05,7.29,7.29,7.29,7.29,0
HLY,2012-12-06,7.29,7.29,7.29,7.29,0
HLY,2012-12-07,7.29,7.29,7.29,7.29,0
HLY,2012-12-10,7.29,7.29,7.29,7.29,0
HLY,2012-12-11,7.29,7.29,7.29,7.29,0
HLY,2012-12-12,7.29,7.29,7.29,7.29,0
HLY,2012-12-13,7.29,7.29,7.29,7.29,0
HLY,2012-12-14,7.29,7.29,7.29,7.29,0
HLY,2012-12-17,7.29,7.29,7.29,7.29,0
HLY,2012-12-18,7.29,7.29,7.29,7.29,0
HLY,2012-12-19,7.29,7.29,7.29,7.29,500
HLY,2012-12-20,7.29,7.29,7.29,7.29,0
HLY,2012-12-21,7.29,7.29,7.29,7.29,0
HLY,2012-12-24,7.29,7.29,7.29,7.29,0
HLY,2012-12-25,7.29,7.29,7.29,7.29,0
HLY,2012-12-26,7.29,7.29,7.29,7.29,0
HLY,2012-12-27,7.29,7.29,7.29,7.29,0
HLY,2012-12-28,7.29,7.29,7.29,7.29,0
HLY,2013-01-02,7.7,7.7,7.7,7.7,100
HLY,2013-01-03,7.79,7.79,7.79,7.79,100
HLY,2013-01-04,8.21,8.21,8.21,8.21,100
HLY,2013-01-07,8.21,8.21,8.21,8.21,0
HLY,2013-01-08,8.21,8.21,8.21,8.21,0
HLY,2013-01-09,8.21,8.21,8.21,8.21,0
HLY,2013-01-10,8.21,8.21,8.21,8.21,0
HLY,2013-01-11,8.21,8.21,8.21,8.21,0
HLY,2013-01-14,8.63,8.63,8.63,8.63,100
HLY,2013-01-15,8.63,8.63,8.63,8.63,0
HLY,2013-01-16,9.3,9.3,9.3,9.3,100
HLY,2013-01-17,9.97,9.97,9.97,9.97,100
HLY,2013-01-18,9.97,9.97,9.97,9.97,0
HLY,2013-01-21,9.97,9.97,9.97,9.97,0
HLY,2013-01-22,9.97,9.97,9.97,9.97,0
HLY,2013-01-23,9.97,9.97,9.97,9.97,0
HLY,2013-01-24,9.97,9.97,9.97,9.97,0
HLY,2013-01-25,9.97,9.97,9.97,9.97,0
HLY,2013-01-28,10.64,10.64,10.64,10.64,100
HLY,2013-01-29,9.63,9.63,9.63,9.63,100
HLY,2013-01-30,9.63,9.63,9.63,9.63,0
HLY,2013-01-31,8.71,9.63,8.71,9.63,3800
HLY,2013-02-01,9.63,9.63,9.63,9.63,0
HLY,2013-02-04,9.21,9.21,8.71,8.71,200
HLY,2013-02-05,8.71,8.71,8.71,8.71,0
HLY,2013-02-06,8.71,8.71,8.71,8.71,0
HLY,2013-02-07,8.71,8.71,8.71,8.71,0
HLY,2013-02-08,9.46,9.46,9.46,9.46,100
HLY,2013-02-18,10.3,10.3,10.3,10.3,100
HLY,2013-02-19,10.3,10.3,10.3,10.3,100
HLY,2013-02-20,10.3,10.3,10.3,10.3,0
HLY,2013-02-21,10.3,10.3,10.3,10.3,0
HLY,2013-02-22,10.3,10.3,10.3,10.3,0
HLY,2013-02-25,10.3,10.3,10.3,10.3,0
HLY,2013-02-26,10.3,10.3,10.3,10.3,0
HLY,2013-02-27,10.3,10.3,10.3,10.3,0
HLY,2013-02-28,10.3,10.3,10.3,10.3,0
HLY,2013-03-01,10.3,10.3,10.3,10.3,0
HLY,2013-03-04,10.3,10.3,10.3,10.3,0
HLY,2013-03-05,10.3,10.3,10.3,10.3,0
HLY,2013-03-06,11.22,11.22,11.22,11.22,100
HLY,2013-03-07,11.22,11.22,11.22,11.22,0
HLY,2013-03-08,12.06,12.06,12.06,12.06,100
HLY,2013-03-11,12.06,12.06,12.06,12.06,0
HLY,2013-03-12,12.06,12.06,12.06,12.06,0
HLY,2013-03-13,12.06,12.06,12.06,12.06,0
HLY,2013-03-14,12.06,12.06,12.06,12.06,0
HLY,2013-03-15,12.06,12.06,12.06,12.06,0
HLY,2013-03-18,12.98,12.98,12.98,12.98,100
HLY,2013-03-19,12.98,12.98,12.98,12.98,0
HLY,2013-03-20,12.98,12.98,12.98,12.98,0
HLY,2013-03-21,12.98,12.98,12.98,12.98,0
HLY,2013-03-22,12.98,12.98,12.98,12.98,0
HLY,2013-03-25,12.98,12.98,12.98,12.98,0
HLY,2013-03-26,12.98,12.98,12.98,12.98,0
HLY,2013-03-27,12.98,12.98,12.98,12.98,0
HLY,2013-03-28,12.98,12.98,12.98,12.98,0
HLY,2013-03-29,12.98,12.98,12.98,12.98,0
HLY,2013-04-01,12.98,12.98,12.98,12.98,0
HLY,2013-04-02,14.07,14.07,14.07,14.07,100
HLY,2013-04-03,14.07,14.07,14.07,14.07,0
HLY,2013-04-04,14.07,14.07,14.07,14.07,0
HLY,2013-04-05,14.07,14.07,14.07,14.07,0
HLY,2013-04-08,14.07,14.07,14.07,14.07,0
HLY,2013-04-09,14.07,14.07,14.07,14.07,0
HLY,2013-04-10,14.07,14.07,14.07,14.07,0
HLY,2013-04-11,14.07,14.07,14.07,14.07,0
HLY,2013-04-12,14.07,14.07,14.07,14.07,0
HLY,2013-04-15,14.07,14.07,14.07,14.07,0
HLY,2013-04-16,14.07,14.07,14.07,14.07,0
HLY,2013-04-17,14.07,14.07,14.07,14.07,0
HLY,2013-04-18,14.07,14.07,14.07,14.07,0
HLY,2013-04-22,14.07,14.07,14.07,14.07,0
HLY,2013-04-23,14.07,14.07,14.07,14.07,0
HLY,2013-04-24,14.07,14.07,14.07,14.07,0
HLY,2013-04-25,14.07,14.07,14.07,14.07,0
HLY,2013-04-26,14.07,14.07,14.07,14.07,0
HLY,2013-05-02,14.07,14.07,14.07,14.07,0
HLY,2013-05-03,14.07,14.07,14.07,14.07,0
HLY,2013-05-06,14.07,14.07,14.07,14.07,0
HLY,2013-05-07,14.07,14.07,14.07,14.07,0
HLY,2013-05-08,14.07,14.07,14.07,14.07,0
HLY,2013-05-09,14.07,14.07,14.07,14.07,0
HLY,2013-05-10,14.07,14.07,14.07,14.07,0
HLY,2013-05-13,14.07,14.07,14.07,14.07,0
HLY,2013-05-14,14.07,14.07,14.07,14.07,0
HLY,2013-05-15,14.07,14.07,14.07,14.07,0
HLY,2013-05-16,15.07,15.07,15.07,15.07,100
HLY,2013-05-17,15.07,15.07,15.07,15.07,0
HLY,2013-05-20,15.07,15.07,15.07,15.07,0
HLY,2013-05-21,15.07,15.07,15.07,15.07,0
HLY,2013-05-22,15.49,15.49,15.49,15.49,100
HLY,2013-05-23,15.91,15.91,13.99,13.99,200
HLY,2013-05-24,12.65,12.65,12.65,13.99,100
HLY,2013-05-27,13.23,13.23,13.23,13.23,100
HLY,2013-05-28,13.23,13.23,13.23,13.23,0
HLY,2013-05-29,14.15,14.15,14.15,14.15,100
HLY,2013-05-30,14.15,14.15,14.15,14.15,0
HLY,2013-05-31,15.07,15.07,15.07,15.07,100
HLY,2013-06-03,15.83,15.83,15.83,15.83,100
HLY,2013-06-04,15.83,15.83,15.83,15.83,0
HLY,2013-06-05,16.75,16.75,16.75,16.75,100
HLY,2013-06-06,16.75,16.75,16.75,16.75,0
HLY,2013-06-07,16.75,16.75,16.75,16.75,0
HLY,2013-06-10,16.75,16.75,16.75,16.75,0
HLY,2013-06-11,16.75,16.75,16.75,16.75,0
HLY,2013-06-12,16.75,16.75,16.75,16.75,0
HLY,2013-06-13,16.75,16.75,16.75,16.75,0
HLY,2013-06-14,16.75,16.75,16.75,16.75,0
HLY,2013-06-17,16.75,16.75,16.75,16.75,0
HLY,2013-06-18,16.75,16.75,16.75,16.75,0
HLY,2013-06-19,16.75,16.75,16.75,16.75,0
HLY,2013-06-20,16.75,16.75,16.75,16.75,0
HLY,2013-06-21,16.75,16.75,16.75,16.75,0
HLY,2013-06-24,16.75,16.75,16.75,16.75,0
HLY,2013-06-25,16.75,16.75,16.75,16.75,0
HLY,2013-06-26,16.75,16.75,16.75,16.75,0
HLY,2013-06-27,16.75,16.75,16.75,16.75,0
HLY,2013-06-28,16.75,16.75,16.75,16.75,0
HLY,2013-07-01,16.75,16.75,16.75,16.75,0
HLY,2013-07-02,16.75,16.75,16.75,16.75,0
HLY,2013-07-03,16.75,16.75,16.75,16.75,0
HLY,2013-07-04,16.75,16.75,16.75,16.75,0
HLY,2013-07-05,16.75,16.75,16.75,16.75,0
HLY,2013-07-08,16.75,16.75,16.75,16.75,0
HLY,2013-07-09,16.75,16.75,16.75,16.75,0
HLY,2013-07-10,16.75,16.75,16.75,16.75,0
HLY,2013-07-11,16.75,16.75,16.75,16.75,0
HLY,2013-07-12,16.75,16.75,16.75,16.75,0
HLY,2013-07-15,16.75,16.75,16.75,16.75,0
HLY,2013-07-16,16.75,16.75,16.75,16.75,0
HLY,2013-07-17,16.75,16.75,16.75,16.75,0
HLY,2013-07-18,16.75,16.75,16.75,16.75,0
HLY,2013-07-19,16.75,16.75,16.75,16.75,0
HLY,2013-07-22,16.75,16.75,16.75,16.75,0
HLY,2013-07-23,16.75,16.75,16.75,16.75,0
HLY,2013-07-24,16.75,16.75,16.75,16.75,0
HLY,2013-07-25,16.75,16.75,16.75,16.75,0
HLY,2013-07-26,16.75,16.75,16.75,16.75,0
HLY,2013-07-29,16.75,16.75,16.75,16.75,0
HLY,2013-07-30,16.75,16.75,16.75,16.75,0
HLY,2013-07-31,16.75,16.75,16.75,16.75,0
HLY,2013-08-01,16.75,16.75,16.75,16.75,0
HLY,2013-08-02,16.75,16.75,16.75,16.75,0
HLY,2013-08-05,16.75,16.75,16.75,16.75,0
HLY,2013-08-06,16.75,16.75,16.75,16.75,0
HLY,2013-08-07,16.75,16.75,16.75,16.75,0
HLY,2013-08-08,16.75,16.75,16.75,16.75,0
HLY,2013-08-09,16.75,16.75,16.75,16.75,0
HLY,2013-08-12,16.75,16.75,16.75,16.75,0
HLY,2013-08-13,16.75,16.75,16.75,16.75,0
HLY,2013-08-14,16.75,16.75,16.75,16.75,0
HLY,2013-08-15,16.75,16.75,16.75,16.75,0
HLY,2013-08-16,16.75,16.75,16.75,16.75,0
HLY,2013-08-19,16.75,16.75,16.75,16.75,0
HLY,2013-08-20,16.75,16.75,16.75,16.75,0
HLY,2013-08-21,16.75,16.75,16.75,16.75,0
HLY,2013-08-22,16.75,16.75,16.75,16.75,0
HLY,2013-08-23,16.75,16.75,16.75,16.75,0
HLY,2013-08-26,16.75,16.75,16.75,16.75,0
HLY,2013-08-27,16.75,16.75,16.75,16.75,0
HLY,2013-08-28,16.75,16.75,16.75,16.75,0
HLY,2013-08-29,16.75,16.75,16.75,16.75,0
HLY,2013-08-30,16.75,16.75,16.75,16.75,0
HLY,2013-09-03,16.75,16.75,16.75,16.75,0
HLY,2013-09-04,16.75,16.75,16.75,16.75,0
HLY,2013-09-05,16.75,16.75,16.75,16.75,0
HLY,2013-09-06,16.75,16.75,16.75,16.75,0
HLY,2013-09-09,16.75,16.75,16.75,16.75,0
HLY,2013-09-10,16.75,16.75,16.75,16.75,0
HLY,2013-09-11,16.75,16.75,16.75,16.75,0
HLY,2013-09-12,16.75,16.75,16.75,16.75,0
HLY,2013-09-13,16.75,16.75,16.75,16.75,0
HLY,2013-09-16,16.75,16.75,16.75,16.75,0
HLY,2013-09-17,16.75,16.75,16.75,16.75,0
HLY,2013-09-18,16.75,16.75,16.75,16.75,0
HLY,2013-09-19,16.75,16.75,16.75,16.75,0
HLY,2013-09-20,16.75,16.75,16.75,16.75,0
HLY,2013-09-23,16.75,16.75,16.75,16.75,0
HLY,2013-09-24,16.75,16.75,16.75,16.75,0
HLY,2013-09-25,16.75,16.75,16.75,16.75,0
HLY,2013-09-26,16.75,16.75,16.75,16.75,0
HLY,2013-09-27,16.75,16.75,16.75,16.75,0
HLY,2013-09-30,16.75,16.75,16.75,16.75,0
HLY,2013-10-01,16.75,16.75,16.75,16.75,0
HLY,2013-10-02,16.75,16.75,16.75,16.75,0
HLY,2013-10-03,16.75,16.75,16.75,16.75,0
HLY,2013-10-04,16.75,16.75,16.75,16.75,0
HLY,2013-10-07,16.75,16.75,16.75,16.75,0
HLY,2013-10-08,16.75,16.75,16.75,16.75,0
HLY,2013-10-09,16.75,16.75,16.75,16.75,0
HLY,2013-10-10,16.75,16.75,16.75,16.75,0
HLY,2013-10-11,16.75,16.75,16.75,16.75,0
HLY,2013-10-14,16.75,16.75,16.75,16.75,0
HLY,2013-10-15,16.75,16.75,16.75,16.75,0
HLY,2013-10-16,16.75,16.75,16.75,16.75,0
HLY,2013-10-17,16.75,16.75,16.75,16.75,0
HLY,2013-10-18,16.75,16.75,16.75,16.75,33
HLY,2013-10-21,16.75,16.75,16.75,16.75,0
HLY,2013-10-22,16.75,16.75,16.75,16.75,0
HLY,2013-10-23,16.75,16.75,16.75,16.75,0
HLY,2013-10-24,16.75,16.75,16.75,16.75,2
HLY,2013-10-25,16.75,16.75,16.75,16.75,0
HLY,2013-10-28,16.75,16.75,16.75,16.75,0
HLY,2013-10-29,16.75,16.75,16.75,16.75,0
HLY,2013-10-30,16.75,16.75,16.75,16.75,0
HLY,2013-10-31,16.75,16.75,16.75,16.75,0
HLY,2013-11-01,16.75,16.75,16.75,16.75,0
HLY,2013-11-04,16.75,16.75,16.75,16.75,0
HLY,2013-11-05,16.75,16.75,16.75,16.75,0
HLY,2013-11-06,16.75,16.75,16.75,16.75,0
HLY,2013-11-07,16.75,16.75,16.75,16.75,0
HLY,2013-11-08,16.75,16.75,16.75,16.75,0
HLY,2013-11-11,16.75,16.75,16.75,16.75,0
HLY,2013-11-12,16.75,16.75,16.75,16.75,0
HLY,2013-11-13,16.75,16.75,16.75,16.75,0
HLY,2013-11-14,16.75,16.75,16.75,16.75,0
HLY,2013-11-15,16.75,16.75,16.75,16.75,0
HLY,2013-11-18,16.75,16.75,16.75,16.75,0
HLY,2013-11-19,16.75,16.75,16.75,16.75,0
HLY,2013-11-20,16.75,16.75,16.75,16.75,0
HLY,2013-11-21,16.75,16.75,16.75,16.75,0
HLY,2013-11-22,17.34,17.34,17.34,16.75,200
HLY,2013-11-25,17.34,17.34,17.34,17.34,0
HLY,2013-11-26,17.34,17.34,17.34,17.34,0
HLY,2013-11-27,17.59,17.59,17.59,17.59,100
HLY,2013-11-28,17.59,17.59,17.59,17.59,0
HLY,2013-11-29,17.59,17.59,17.59,17.59,0
HLY,2013-12-02,17.59,17.59,17.59,17.59,0
HLY,2013-12-03,17.59,17.59,17.59,17.59,0
HLY,2013-12-04,17.59,17.59,17.59,17.59,0
HLY,2013-12-05,17.59,17.59,17.59,17.59,0
HLY,2013-12-06,17.59,17.59,17.59,17.59,0
HLY,2013-12-09,17.59,17.59,17.59,17.59,0
HLY,2013-12-10,17.59,17.59,17.59,17.59,0
HLY,2013-12-11,17.59,17.59,17.59,17.59,0
HLY,2013-12-12,17.59,17.59,17.59,17.59,0
HLY,2013-12-13,17.59,17.59,17.59,17.59,0
HLY,2013-12-16,17.59,17.59,17.59,17.59,0
HLY,2013-12-17,18.42,18.42,18.42,18.42,100
HLY,2013-12-18,18.42,18.42,18.42,18.42,0
HLY,2013-12-19,18.42,18.42,18.42,18.42,0
HLY,2013-12-20,18.42,18.42,18.42,18.42,0
HLY,2013-12-23,20.1,20.1,20.1,20.1,200
HLY,2013-12-24,20.1,20.1,20.1,20.1,0
HLY,2013-12-25,20.1,20.1,20.1,20.1,0
HLY,2013-12-26,20.1,20.1,20.1,20.1,0
HLY,2013-12-27,20.1,20.1,20.1,20.1,0
HLY,2013-12-30,20.1,20.1,20.1,20.1,0
HLY,2013-12-31,18.09,18.09,18.09,18.09,2000
HLY,2014-01-02,18.09,18.09,18.09,18.09,0
HLY,2014-01-03,18.09,18.09,18.09,18.09,0
HLY,2014-01-06,18.09,18.09,18.09,18.09,0
HLY,2014-01-07,18.09,18.09,18.09,18.09,0
HLY,2014-01-08,18.09,18.09,18.09,18.09,0
HLY,2014-01-09,18.09,18.09,18.09,18.09,0
HLY,2014-01-10,18.09,18.09,18.09,18.09,0
HLY,2014-01-13,18.09,18.09,18.09,18.09,0
HLY,2014-01-14,18.09,18.09,18.09,18.09,0
HLY,2014-01-15,18.09,18.09,18.09,18.09,0
HLY,2014-01-16,18.09,18.09,18.09,18.09,0
HLY,2014-01-17,18.09,18.09,18.09,18.09,0
HLY,2014-01-20,18.09,18.09,18.09,18.09,0
HLY,2014-01-21,18.09,18.09,18.09,18.09,0
HLY,2014-01-22,18.09,18.09,18.09,18.09,0
HLY,2014-01-23,18.09,18.09,18.09,18.09,0
HLY,2014-01-24,18.09,18.09,18.09,18.09,0
HLY,2014-01-27,18.09,18.09,18.09,18.09,0
HLY,2014-02-06,18.09,18.09,18.09,18.09,0
HLY,2014-02-07,18.09,18.09,18.09,18.09,0
HLY,2014-02-10,18.09,18.09,18.09,18.09,0
HLY,2014-02-11,18.09,18.09,18.09,18.09,0
HLY,2014-02-12,18.09,18.09,18.09,18.09,0
HLY,2014-02-13,18.09,18.09,18.09,18.09,0
HLY,2014-02-14,18.09,18.09,18.09,18.09,0
HLY,2014-02-17,18.09,18.09,18.09,18.09,0
HLY,2014-02-18,16.33,16.33,16.33,16.33,300
HLY,2014-02-19,16.33,16.33,16.33,16.33,0
HLY,2014-02-20,16.33,16.33,16.33,16.33,0
HLY,2014-02-21,16.33,16.33,16.33,16.33,0
HLY,2014-02-24,16.33,16.33,16.33,16.33,0
HLY,2014-02-25,16.33,16.33,16.33,16.33,0
HLY,2014-02-26,16.33,16.33,16.33,16.33,0
HLY,2014-02-27,16.33,16.33,16.33,16.33,0
HLY,2014-02-28,14.74,14.74,14.74,14.74,200
HLY,2014-03-03,14.74,14.74,14.74,14.74,0
HLY,2014-03-04,14.74,14.74,14.74,14.74,0
HLY,2014-03-05,14.74,14.74,14.74,14.74,0
HLY,2014-03-06,14.74,14.74,14.74,14.74,0
HLY,2014-03-07,14.74,14.74,14.74,14.74,0
HLY,2014-03-10,14.74,14.74,14.74,14.74,0
HLY,2014-03-11,14.74,14.74,14.74,14.74,100
HLY,2014-03-12,14.74,14.74,14.74,14.74,0
HLY,2014-03-13,14.74,14.74,14.74,14.74,0
HLY,2014-03-14,14.74,14.74,14.74,14.74,1200
HLY,2014-03-17,14.74,14.74,14.74,14.74,0
HLY,2014-03-18,14.74,14.74,14.74,14.74,0
HLY,2014-03-19,13.32,13.32,13.32,13.32,200
HLY,2014-03-20,12.06,12.06,12.06,12.06,500
HLY,2014-03-21,10.89,10.89,10.89,10.89,800
HLY,2014-03-24,9.8,10.05,9.8,10.05,5800
HLY,2014-03-25,10.97,11.05,10.97,11.05,1933
HLY,2014-03-26,10.13,10.13,10.13,10.13,1500
HLY,2014-03-27,10.13,10.3,10.13,10.13,3200
HLY,2014-03-28,10.22,10.22,10.22,10.22,1000
HLY,2014-03-31,10.22,10.22,10.22,10.22,0
HLY,2014-04-01,10.22,10.22,10.22,10.22,0
HLY,2014-04-02,10.3,11.05,10.3,11.05,500
HLY,2014-04-03,11.05,11.05,11.05,11.05,1100
HLY,2014-04-04,9.97,9.97,9.97,9.97,110
HLY,2014-04-07,9.97,9.97,9.97,9.97,0
HLY,2014-04-08,9.97,9.97,9.21,9.21,1500
HLY,2014-04-10,10.05,10.05,10.05,10.05,200
HLY,2014-04-11,10.05,10.05,10.05,10.05,0
HLY,2014-04-14,10.05,10.05,10.05,10.05,0
HLY,2014-04-15,9.13,9.13,9.13,9.13,1000
HLY,2014-04-16,9.13,9.13,9.13,9.13,0
HLY,2014-04-17,9.13,9.13,9.13,9.13,0
HLY,2014-04-18,9.13,9.13,9.13,9.13,0
HLY,2014-04-21,9.13,9.13,9.13,9.13,0
HLY,2014-04-22,9.13,9.13,9.13,9.13,0
HLY,2014-04-23,9.13,9.13,9.13,9.13,0
HLY,2014-04-24,9.21,9.21,9.21,9.21,100
HLY,2014-04-25,9.21,9.21,9.21,9.21,0
HLY,2014-04-28,9.21,9.21,9.21,9.21,0
HLY,2014-04-29,9.21,9.21,9.21,9.21,0
HLY,2014-05-05,9.21,9.21,9.21,9.21,0
HLY,2014-05-06,9.21,9.21,9.21,9.21,0
HLY,2014-05-07,9.21,9.21,9.21,9.21,0
HLY,2014-05-08,9.21,9.21,9.21,9.21,0
HLY,2014-05-09,9.21,9.21,9.21,9.21,0
HLY,2014-05-12,9.21,9.21,9.21,9.21,0
HLY,2014-05-13,9.21,9.21,9.21,9.21,0
HLY,2014-05-14,9.21,9.21,9.21,9.21,0
HLY,2014-05-15,9.21,9.21,9.21,9.21,0
HLY,2014-05-16,9.21,9.21,9.21,9.21,0
HLY,2014-05-19,9.21,9.21,9.21,9.21,0
HLY,2014-05-20,9.21,9.21,9.21,9.21,0
HLY,2014-05-21,9.21,9.21,9.21,9.21,0
HLY,2014-05-22,9.21,9.21,9.21,9.21,0
HLY,2014-05-23,9.21,9.21,9.21,9.21,0
HLY,2014-05-26,9.21,9.21,9.21,9.21,0
HLY,2014-05-27,9.21,9.21,9.21,9.21,0
HLY,2014-05-28,9.21,9.21,9.21,9.21,0
HLY,2014-05-29,9.21,9.21,9.21,9.21,0
HLY,2014-05-30,9.21,9.21,9.21,9.21,0
HLY,2014-06-02,9.21,9.21,9.21,9.21,0
HLY,2014-06-03,9.21,9.21,9.21,9.21,0
HLY,2014-06-04,9.21,9.21,9.21,9.21,0
HLY,2014-06-05,9.21,9.21,9.21,9.21,0
HLY,2014-06-06,9.21,9.21,9.21,9.21,0
HLY,2014-06-09,9.21,9.21,9.21,9.21,0
HLY,2014-06-10,8.29,8.29,8.29,8.29,1200
HLY,2014-06-11,8.29,8.29,8.29,8.29,900
HLY,2014-06-12,7.54,7.54,7.54,7.54,1600
HLY,2014-06-13,7.54,7.54,7.54,7.54,0
HLY,2014-06-16,8.29,8.29,6.78,6.78,200
HLY,2014-06-17,6.87,6.87,6.87,6.87,1000
HLY,2014-06-18,7.54,7.54,7.54,7.54,100
HLY,2014-06-19,7.54,7.54,7.54,7.54,0
HLY,2014-06-20,7.54,7.54,7.54,7.54,0
HLY,2014-06-23,7.54,7.54,7.54,7.54,0
HLY,2014-06-24,6.78,6.78,6.78,6.78,8000
HLY,2014-06-25,7.12,7.12,7.12,7.12,2400
HLY,2014-06-26,7.12,7.12,7.12,7.12,0
HLY,2014-06-27,7.12,7.12,6.95,6.95,1100
HLY,2014-06-30,6.95,6.95,6.95,6.95,0
HLY,2014-07-01,6.95,6.95,6.95,6.95,0
HLY,2014-07-02,6.95,6.95,6.95,6.95,0
HLY,2014-07-03,6.95,6.95,6.95,6.95,0
HLY,2014-07-04,6.7,6.7,6.7,6.7,800
HLY,2014-07-07,6.7,6.7,6.7,6.7,0
HLY,2014-07-08,6.7,6.7,6.7,6.7,0
HLY,2014-07-09,7.29,7.29,7.29,7.29,1100
HLY,2014-07-10,7.29,7.29,7.29,7.29,0
HLY,2014-07-11,7.29,7.29,7.29,7.29,0
HLY,2014-07-14,6.62,6.78,6.62,6.78,2700
HLY,2014-07-15,6.36,6.36,6.36,6.36,500
HLY,2014-07-16,6.45,6.45,6.45,6.45,1000
HLY,2014-07-17,6.45,6.45,6.45,6.45,0
HLY,2014-07-18,6.45,6.45,6.45,6.45,0
HLY,2014-07-21,6.45,6.45,6.45,6.45,0
HLY,2014-07-22,7.03,7.03,7.03,7.03,100
HLY,2014-07-23,7.54,7.54,7.54,7.54,100
HLY,2014-07-24,7.54,7.54,7.54,7.54,0
HLY,2014-07-25,7.54,7.54,7.54,7.54,0
HLY,2014-07-28,6.78,6.78,6.78,6.78,3000
HLY,2014-07-29,6.78,6.78,6.78,6.78,4200
HLY,2014-07-30,6.78,6.78,6.78,6.78,0
HLY,2014-07-31,6.78,6.78,6.78,6.78,0
HLY,2014-08-01,6.62,6.62,6.62,6.62,400
HLY,2014-08-04,6.62,6.62,6.62,6.62,0
HLY,2014-08-05,6.62,6.62,6.62,6.62,0
HLY,2014-08-06,6.62,6.62,6.62,6.62,0
HLY,2014-08-07,6.78,6.78,6.78,6.78,400
HLY,2014-08-08,6.78,6.78,6.78,6.78,0
HLY,2014-08-11,6.78,6.78,6.78,6.78,0
HLY,2014-08-12,7.03,7.03,7.03,7.03,123
HLY,2014-08-13,7.03,7.03,7.03,7.03,0
HLY,2014-08-14,7.03,7.03,7.03,7.03,4
HLY,2014-08-15,7.03,7.03,7.03,7.03,0
HLY,2014-08-18,7.03,7.03,7.03,7.03,0
HLY,2014-08-19,7.03,7.03,7.03,7.03,0
HLY,2014-08-20,7.03,7.03,7.03,7.03,0
HLY,2014-08-21,7.03,7.03,7.03,7.03,0
HLY,2014-08-22,7.03,7.03,7.03,7.03,0
HLY,2014-08-25,7.03,7.03,7.03,7.03,0
HLY,2014-08-26,7.12,7.12,7.12,7.12,1900
HLY,2014-08-27,7.12,7.12,7.12,7.12,0
HLY,2014-08-28,7.12,7.12,7.12,7.12,100
HLY,2014-08-29,7.79,7.79,7.79,7.79,100
HLY,2014-09-03,7.96,8.04,7.96,8.04,4000
HLY,2014-09-04,8.04,8.04,8.04,8.04,0
HLY,2014-09-05,8.04,8.04,8.04,8.04,0
HLY,2014-09-08,8.04,8.04,8.04,8.04,0
HLY,2014-09-09,8.04,8.04,8.04,8.04,0
HLY,2014-09-10,8.04,8.04,8.04,8.04,0
HLY,2014-09-11,7.29,7.29,7.29,7.29,900
HLY,2014-09-12,7.87,7.87,7.87,7.87,100
HLY,2014-09-15,8.04,8.04,8.04,8.04,563
HLY,2014-09-16,8.04,8.04,8.04,8.04,0
HLY,2014-09-17,8.04,8.04,8.04,8.04,27
HLY,2014-09-18,8.04,8.04,8.04,8.04,0
HLY,2014-09-19,7.37,7.37,7.37,7.37,100
HLY,2014-09-22,7.37,7.37,7.37,7.37,0
HLY,2014-09-23,6.78,6.78,6.78,6.78,100
HLY,2014-09-24,6.45,6.45,6.45,6.45,100
HLY,2014-09-25,7.03,7.03,7.03,7.03,100
HLY,2014-09-26,7.03,7.03,7.03,7.03,10
HLY,2014-09-29,6.87,7.54,6.87,7.54,956
HLY,2014-09-30,7.54,7.54,7.54,7.54,0
HLY,2014-10-01,7.54,7.54,7.54,7.54,644
HLY,2014-10-02,7.54,7.54,7.54,7.54,100
HLY,2014-10-03,7.54,7.54,7.54,7.54,0
HLY,2014-10-06,7.62,7.62,7.62,7.62,800
HLY,2014-10-07,7.7,7.7,7.7,7.7,300
HLY,2014-10-08,7.7,7.7,7.7,7.7,0
HLY,2014-10-09,7.7,7.7,7.7,7.7,0
HLY,2014-10-10,8.29,8.29,8.29,8.29,166
HLY,2014-10-13,8.21,8.29,8.21,8.29,1500
HLY,2014-10-14,8.21,8.21,8.21,8.21,1500
HLY,2014-10-15,8.21,8.21,8.21,8.21,0
HLY,2014-10-16,8.21,8.21,8.21,8.21,0
HLY,2014-10-17,8.21,8.21,8.21,8.21,0
HLY,2014-10-20,8.21,8.21,8.21,8.21,0
HLY,2014-10-21,8.21,8.21,8.21,8.21,0
HLY,2014-10-22,8.21,8.21,8.21,8.21,34
HLY,2014-10-23,8.21,8.21,8.21,8.21,0
HLY,2014-10-24,7.45,7.45,7.45,7.45,300
HLY,2014-10-27,7.54,7.54,7.54,7.54,500
HLY,2014-10-28,7.54,7.54,7.54,7.54,0
HLY,2014-10-29,8.29,8.29,8.29,8.29,300
HLY,2014-10-30,8.29,8.29,8.29,8.29,0
HLY,2014-10-31,8.29,8.29,8.29,8.29,0
HLY,2014-11-03,8.29,8.29,8.29,8.29,500
HLY,2014-11-04,8.29,8.29,8.29,8.29,0
HLY,2014-11-05,8.29,8.29,8.29,8.29,65
HLY,2014-11-06,8.29,8.29,8.29,8.29,0
HLY,2014-11-07,8.29,8.29,8.29,8.29,0
HLY,2014-11-10,9.04,9.04,9.04,9.04,100
HLY,2014-11-11,9.04,9.04,9.04,9.04,0
HLY,2014-11-12,9.04,9.04,9.04,9.04,0
HLY,2014-11-13,9.04,9.04,9.04,9.04,0
HLY,2014-11-14,9.04,9.04,9.04,9.04,0
HLY,2014-11-17,9.04,9.04,9.04,9.04,0
HLY,2014-11-18,9.04,9.04,9.04,9.04,0
HLY,2014-11-19,9.04,9.04,9.04,9.04,0
HLY,2014-11-20,9.04,9.04,9.04,9.04,0
HLY,2014-11-21,9.04,9.04,9.04,9.04,0
HLY,2014-11-24,9.04,9.04,9.04,9.04,0
HLY,2014-11-25,9.04,9.04,9.04,9.04,0
HLY,2014-11-26,9.04,9.04,9.04,9.04,0
HLY,2014-11-27,9.04,9.04,9.04,9.04,34
HLY,2014-11-28,9.04,9.04,9.04,9.04,0
HLY,2014-12-01,9.04,9.04,9.04,9.04,0
HLY,2014-12-02,9.04,9.04,9.04,9.04,0
HLY,2014-12-03,9.04,9.04,9.04,9.04,0
HLY,2014-12-04,9.04,9.04,9.04,9.04,0
HLY,2014-12-05,9.04,9.04,9.04,9.04,0
HLY,2014-12-08,9.04,9.04,9.04,9.04,0
HLY,2014-12-09,9.04,9.04,9.04,9.04,0
HLY,2014-12-10,9.04,9.04,9.04,9.04,66
HLY,2014-12-11,9.04,9.04,9.04,9.04,0
HLY,2014-12-12,9.04,9.04,9.04,9.04,0
HLY,2014-12-15,9.04,9.04,9.04,9.04,0
HLY,2014-12-16,9.04,9.04,9.04,9.04,99
HLY,2014-12-17,9.04,9.04,9.04,9.04,0
HLY,2014-12-18,9.04,9.04,9.04,9.04,0
HLY,2014-12-19,9.04,9.04,9.04,9.04,4
HLY,2014-12-22,8.37,8.37,8.37,8.37,1100
HLY,2014-12-23,8.37,8.37,8.37,8.37,0
HLY,2014-12-24,8.37,8.37,8.37,8.37,0
HLY,2014-12-25,8.37,8.37,8.37,8.37,0
HLY,2014-12-26,8.37,8.37,8.37,8.37,200
HLY,2014-12-29,8.37,8.37,8.37,8.37,0
HLY,2014-12-30,8.37,8.37,8.37,8.37,0
HLY,2014-12-31,8.37,8.37,8.37,8.37,0
HLY,2015-01-05,8.37,8.37,8.37,8.37,0
HLY,2015-01-06,8.37,8.37,8.37,8.37,0
HLY,2015-01-07,7.96,7.96,7.96,7.96,100
HLY,2015-01-08,7.96,7.96,7.96,7.96,0
HLY,2015-01-09,7.96,7.96,7.96,7.96,0
HLY,2015-01-12,7.96,7.96,7.96,7.96,0
HLY,2015-01-13,7.96,7.96,7.96,7.96,99
HLY,2015-01-14,7.96,7.96,7.96,7.96,0
HLY,2015-01-15,7.96,7.96,7.96,7.96,0
HLY,2015-01-16,7.96,7.96,7.96,7.96,0
HLY,2015-01-19,7.96,7.96,7.96,7.96,0
HLY,2015-01-20,7.96,7.96,7.96,7.96,0
HLY,2015-01-21,7.96,7.96,7.96,7.96,0
HLY,2015-01-22,7.96,7.96,7.96,7.96,0
HLY,2015-01-23,7.96,7.96,7.96,7.96,0
HLY,2015-01-26,7.96,7.96,7.96,7.96,0
HLY,2015-01-27,7.96,7.96,7.96,7.96,0
HLY,2015-01-28,7.96,7.96,7.96,7.96,0
HLY,2015-01-29,7.96,7.96,7.96,7.96,0
HLY,2015-01-30,7.96,7.96,7.96,7.96,0
HLY,2015-02-02,7.96,7.96,7.96,7.96,0
HLY,2015-02-03,7.96,7.96,7.96,7.96,0
HLY,2015-02-04,7.96,7.96,7.96,7.96,0
HLY,2015-02-05,7.96,7.96,7.96,7.96,0
HLY,2015-02-06,7.96,7.96,7.96,7.96,165
HLY,2015-02-09,7.96,7.96,7.96,7.96,0
HLY,2015-02-10,7.96,7.96,7.96,7.96,0
HLY,2015-02-11,7.96,7.96,7.96,7.96,0
HLY,2015-02-12,7.96,7.96,7.96,7.96,0
HLY,2015-02-13,7.96,7.96,7.96,7.96,0
HLY,2015-02-24,7.96,7.96,7.96,7.96,0
HLY,2015-02-25,7.96,7.96,7.96,7.96,0
HLY,2015-02-26,7.96,7.96,7.96,7.96,0
HLY,2015-02-27,7.96,7.96,7.96,7.96,33
HLY,2015-03-02,7.96,7.96,7.96,7.96,0
HLY,2015-03-03,7.96,7.96,7.96,7.96,0
HLY,2015-03-04,7.96,7.96,7.96,7.96,0
HLY,2015-03-05,7.96,7.96,7.96,7.96,0
HLY,2015-03-06,7.96,7.96,7.96,7.96,0
HLY,2015-03-09,7.96,7.96,7.96,7.96,0
HLY,2015-03-10,7.96,7.96,7.96,7.96,0
HLY,2015-03-11,7.96,7.96,7.96,7.96,0
HLY,2015-03-12,7.96,7.96,7.96,7.96,0
HLY,2015-03-13,7.96,7.96,7.96,7.96,0
HLY,2015-03-16,7.96,7.96,7.96,7.96,0
HLY,2015-03-17,7.87,7.87,7.87,7.87,100
HLY,2015-03-18,7.87,7.87,7.87,7.87,0
HLY,2015-03-19,7.87,7.87,7.87,7.87,0
HLY,2015-03-20,7.87,7.87,7.87,7.87,0
HLY,2015-03-23,7.87,7.87,7.87,7.87,0
HLY,2015-03-24,7.87,7.87,7.87,7.87,0
HLY,2015-03-25,7.87,7.87,7.87,7.87,0
HLY,2015-03-26,7.87,7.87,7.87,7.87,0
HLY,2015-03-27,7.87,7.87,7.87,7.87,0
HLY,2015-03-30,7.87,7.87,7.87,7.87,0
HLY,2015-03-31,7.87,7.87,7.87,7.87,0
HLY,2015-04-01,7.87,7.87,7.87,7.87,0
HLY,2015-04-02,7.87,7.87,7.87,7.87,0
HLY,2015-04-03,7.87,7.87,7.87,7.87,0
HLY,2015-04-06,7.87,7.87,7.87,7.87,0
HLY,2015-04-07,7.87,7.87,7.87,7.87,0
HLY,2015-04-08,7.87,7.87,7.87,7.87,0
HLY,2015-04-09,7.87,7.87,7.87,7.87,0
HLY,2015-04-10,7.87,7.87,7.87,7.87,0
HLY,2015-04-13,7.87,7.87,7.87,7.87,0
HLY,2015-04-14,7.87,7.87,7.87,7.87,0
HLY,2015-04-15,7.87,7.87,7.87,7.87,0
HLY,2015-04-16,7.87,7.87,7.87,7.87,0
HLY,2015-04-17,7.87,7.87,7.87,7.87,0
HLY,2015-04-20,7.87,7.87,7.87,7.87,0
HLY,2015-04-21,7.96,7.96,7.96,7.96,400
HLY,2015-04-22,7.96,7.96,7.96,7.96,0
HLY,2015-04-23,7.96,7.96,7.96,7.96,0
HLY,2015-04-24,7.96,7.96,7.96,7.96,3
HLY,2015-04-27,7.96,7.96,7.96,7.96,0
HLY,2015-05-04,7.96,7.96,7.96,7.96,0
HLY,2015-05-05,7.96,7.96,7.96,7.96,0
HLY,2015-05-06,7.96,7.96,7.96,7.96,0
HLY,2015-05-07,7.96,7.96,7.96,7.96,0
HLY,2015-05-08,7.96,7.96,7.96,7.96,0
HLY,2015-05-11,7.96,7.96,7.96,7.96,0
HLY,2015-05-12,7.96,7.96,7.96,7.96,0
HLY,2015-05-13,7.2,7.2,7.2,7.2,1200
HLY,2015-05-14,7.2,7.2,7.2,7.2,0
HLY,2015-05-15,7.2,7.2,7.2,7.2,0
HLY,2015-05-18,7.79,7.79,7.79,7.79,200
HLY,2015-05-19,7.79,7.79,7.79,7.79,0
HLY,2015-05-20,7.79,7.79,7.79,7.79,0
HLY,2015-05-21,7.03,7.03,7.03,7.03,200
HLY,2015-05-22,7.03,7.03,7.03,7.03,0
HLY,2015-05-25,7.03,7.03,7.03,7.03,0
HLY,2015-05-26,7.03,7.03,7.03,7.03,0
HLY,2015-05-27,7.03,7.03,7.03,7.03,0
HLY,2015-05-28,7.03,7.03,7.03,7.03,0
HLY,2015-05-29,7.03,7.03,7.03,7.03,0
HLY,2015-06-01,7.03,7.03,7.03,7.03,0
HLY,2015-06-02,7.03,7.03,7.03,7.03,0
HLY,2015-06-03,7.03,7.03,7.03,7.03,0
HLY,2015-06-04,7.03,7.03,7.03,7.03,0
HLY,2015-06-05,7.03,7.03,7.03,7.03,0
HLY,2015-06-08,7.03,7.03,7.03,7.03,0
HLY,2015-06-09,7.03,7.03,7.03,7.03,0
HLY,2015-06-10,7.03,7.03,7.03,7.03,0
HLY,2015-06-11,7.03,7.03,7.03,7.03,0
HLY,2015-06-12,7.03,7.03,7.03,7.03,0
HLY,2015-06-15,7.03,7.03,7.03,7.03,0
HLY,2015-06-16,7.03,7.03,7.03,7.03,0
HLY,2015-06-17,7.03,7.03,7.03,7.03,0
HLY,2015-06-18,7.03,7.03,7.03,7.03,0
HLY,2015-06-19,7.03,7.03,7.03,7.03,0
HLY,2015-06-22,7.03,7.03,7.03,7.03,0
HLY,2015-06-23,7.03,7.03,7.03,7.03,0
HLY,2015-06-24,7.03,7.03,7.03,7.03,0
HLY,2015-06-25,7.03,7.03,7.03,7.03,0
HLY,2015-06-26,7.03,7.03,7.03,7.03,0
HLY,2015-06-29,7.03,7.03,7.03,7.03,0
HLY,2015-06-30,7.03,7.03,7.03,7.03,0
HLY,2015-07-01,7.03,7.03,7.03,7.03,0
HLY,2015-07-02,7.03,7.03,7.03,7.03,0
HLY,2015-07-03,7.03,7.03,7.03,7.03,0
HLY,2015-07-06,7.03,7.03,7.03,7.03,0
HLY,2015-07-07,7.03,7.03,7.03,7.03,0
HLY,2015-07-08,7.03,7.03,7.03,7.03,0
HLY,2015-07-09,7.03,7.03,7.03,7.03,0
HLY,2015-07-10,7.03,7.03,7.03,7.03,0
HLY,2015-07-13,7.03,7.03,7.03,7.03,0
HLY,2015-07-14,7.03,7.03,7.03,7.03,0
HLY,2015-07-15,7.03,7.03,7.03,7.03,0
HLY,2015-07-16,7.03,7.03,7.03,7.03,0
HLY,2015-07-17,7.03,7.03,7.03,7.03,700
HLY,2015-07-20,7.03,7.03,7.03,7.03,0
HLY,2015-07-21,7.03,7.03,7.03,7.03,0
HLY,2015-07-22,7.03,7.03,7.03,7.03,0
HLY,2015-07-23,7.03,7.03,7.03,7.03,0
HLY,2015-07-24,7.03,7.03,7.03,7.03,0
HLY,2015-07-27,7.03,7.03,7.03,7.03,0
HLY,2015-07-28,7.03,7.03,7.03,7.03,0
HLY,2015-07-29,7.03,7.03,7.03,7.03,0
HLY,2015-07-30,7.03,7.03,7.03,7.03,0
HLY,2015-07-31,7.03,7.03,7.03,7.03,0
HLY,2015-08-03,7.03,7.03,7.03,7.03,0
HLY,2015-08-04,7.03,7.03,7.03,7.03,0
HLY,2015-08-05,7.03,7.03,7.03,7.03,0
HLY,2015-08-06,7.03,7.03,7.03,7.03,0
HLY,2015-08-07,7.03,7.03,7.03,7.03,0
HLY,2015-08-10,7.03,7.03,7.03,7.03,0
HLY,2015-08-11,7.03,7.03,7.03,7.03,0
HLY,2015-08-12,7.03,7.03,7.03,7.03,0
HLY,2015-08-13,7.03,7.03,7.03,7.03,0
HLY,2015-08-14,7.03,7.03,7.03,7.03,0
HLY,2015-08-17,7.03,7.03,7.03,7.03,0
HLY,2015-08-18,7.03,7.03,7.03,7.03,0
HLY,2015-08-19,7.03,7.03,7.03,7.03,0
HLY,2015-08-20,7.03,7.03,7.03,7.03,0
HLY,2015-08-21,7.03,7.03,7.03,7.03,0
HLY,2015-08-24,7.03,7.03,7.03,7.03,0
HLY,2015-08-25,7.03,7.03,7.03,7.03,0
HLY,2015-08-26,7.03,7.03,7.03,7.03,0
HLY,2015-08-27,7.03,7.03,7.03,7.03,0
HLY,2015-08-28,7.03,7.03,7.03,7.03,0
HLY,2015-08-31,7.03,7.03,7.03,7.03,0
HLY,2015-09-01,7.03,7.03,7.03,7.03,0
HLY,2015-09-03,7.03,7.03,7.03,7.03,0
HLY,2015-09-04,7.03,7.03,7.03,7.03,0
HLY,2015-09-07,7.03,7.03,7.03,7.03,0
HLY,2015-09-08,7.03,7.03,7.03,7.03,0
HLY,2015-09-09,7.03,7.03,7.03,7.03,0
HLY,2015-09-10,7.03,7.03,7.03,7.03,0
HLY,2015-09-11,7.03,7.03,7.03,7.03,0
HLY,2015-09-14,7.03,7.03,7.03,7.03,0
HLY,2015-09-15,7.03,7.03,7.03,7.03,0
HLY,2015-09-16,7.03,7.03,7.03,7.03,0
HLY,2015-09-17,7.03,7.03,7.03,7.03,0
HLY,2015-09-18,7.03,7.03,7.03,7.03,0
HLY,2015-09-21,7.03,7.03,7.03,7.03,0
HLY,2015-09-22,7.03,7.03,7.03,7.03,0
HLY,2015-09-23,7.03,7.03,7.03,7.03,0
HLY,2015-09-24,7.03,7.03,7.03,7.03,0
HLY,2015-09-25,7.03,7.03,7.03,7.03,0
HLY,2015-09-28,7.03,7.03,7.03,7.03,0
HLY,2015-09-29,7.03,7.03,7.03,7.03,0
HLY,2015-09-30,7.03,7.03,7.03,7.03,0
HLY,2015-10-01,7.03,7.03,7.03,7.03,0
HLY,2015-10-02,7.03,7.03,7.03,7.03,0
HLY,2015-10-05,7.03,7.03,7.03,7.03,0
HLY,2015-10-06,7.03,7.03,7.03,7.03,0
HLY,2015-10-07,7.03,7.03,7.03,7.03,0
HLY,2015-10-08,7.03,7.03,7.03,7.03,0
HLY,2015-10-09,7.03,7.03,7.03,7.03,0
HLY,2015-10-12,7.03,7.03,7.03,7.03,0
HLY,2015-10-13,7.03,7.03,7.03,7.03,0
HLY,2015-10-14,7.03,7.03,7.03,7.03,0
HLY,2015-10-15,7.03,7.03,7.03,7.03,0
HLY,2015-10-16,7.03,7.03,7.03,7.03,0
HLY,2015-10-19,7.03,7.03,7.03,7.03,0
HLY,2015-10-20,7.03,7.03,7.03,7.03,0
HLY,2015-10-21,7.03,7.03,7.03,7.03,0
HLY,2015-10-22,7.03,7.03,7.03,7.03,0
HLY,2015-10-23,7.03,7.03,7.03,7.03,0
HLY,2015-10-26,7.03,7.03,7.03,7.03,0
HLY,2015-10-27,7.03,7.03,7.03,7.03,0
HLY,2015-10-28,7.03,7.03,7.03,7.03,0
HLY,2015-10-29,7.03,7.03,7.03,7.03,0
HLY,2015-10-30,7.03,7.03,7.03,7.03,0
HLY,2015-11-02,7.03,7.03,7.03,7.03,0
HLY,2015-11-03,7.03,7.03,7.03,7.03,0
HLY,2015-11-04,7.03,7.03,7.03,7.03,0
HLY,2015-11-05,7.03,7.03,7.03,7.03,0
HLY,2015-11-06,7.03,7.03,7.03,7.03,0
HLY,2015-11-09,7.03,7.03,7.03,7.03,0
HLY,2015-11-10,7.03,7.03,7.03,7.03,0
HLY,2015-11-11,7.03,7.03,7.03,7.03,0
HLY,2015-11-12,7.03,7.03,7.03,7.03,0
HLY,2015-11-13,7.03,7.03,7.03,7.03,0
HLY,2015-11-16,7.03,7.03,7.03,7.03,0
HLY,2015-11-17,7.03,7.03,7.03,7.03,0
HLY,2015-11-18,7.03,7.03,7.03,7.03,0
HLY,2015-11-19,7.03,7.03,7.03,7.03,0
HLY,2015-11-20,7.03,7.03,7.03,7.03,0
HLY,2015-11-23,7.03,7.03,7.03,7.03,0
HLY,2015-11-24,7.03,7.03,7.03,7.03,0
HLY,2015-11-25,7.03,7.03,7.03,7.03,0
HLY,2015-11-26,7.03,7.03,7.03,7.03,0
HLY,2015-11-27,7.03,7.03,7.03,7.03,0
HLY,2015-11-30,7.03,7.03,7.03,7.03,0
HLY,2015-12-01,7.03,7.03,7.03,7.03,0
HLY,2015-12-02,7.03,7.03,7.03,7.03,0
HLY,2015-12-03,7.03,7.03,7.03,7.03,0
HLY,2015-12-04,7.03,7.03,7.03,7.03,0
HLY,2015-12-07,7.03,7.03,7.03,7.03,0
HLY,2015-12-08,7.03,7.03,7.03,7.03,0
HLY,2015-12-09,7.03,7.03,7.03,7.03,0
HLY,2015-12-10,7.03,7.03,7.03,7.03,0
HLY,2015-12-11,7.03,7.03,7.03,7.03,0
HLY,2015-12-14,7.03,7.03,7.03,7.03,0
HLY,2015-12-15,7.03,7.03,7.03,7.03,0
HLY,2015-12-16,7.03,7.03,7.03,7.03,0
HLY,2015-12-17,7.03,7.03,7.03,7.03,0
HLY,2015-12-18,7.03,7.03,7.03,7.03,0
HLY,2015-12-21,7.03,7.03,7.03,7.03,0
HLY,2015-12-22,7.03,7.03,7.03,7.03,0
HLY,2015-12-23,7.03,7.03,7.03,7.03,0
HLY,2015-12-24,7.03,7.03,7.03,7.03,0
HLY,2015-12-25,7.03,7.03,7.03,7.03,0
HLY,2015-12-28,7.03,7.03,7.03,7.03,0
HLY,2015-12-29,7.03,7.03,7.03,7.03,0
HLY,2015-12-30,7.03,7.03,7.03,7.03,0
HLY,2015-12-31,7.03,7.03,7.03,7.03,0
HLY,2016-01-04,7.03,7.03,7.03,7.03,0
HLY,2016-01-05,7.03,7.03,7.03,7.03,0
HLY,2016-01-06,7.03,7.03,7.03,7.03,0
HLY,2016-01-07,7.03,7.03,7.03,7.03,0
HLY,2016-01-08,7.03,7.03,7.03,7.03,0
HLY,2016-01-11,7.03,7.03,7.03,7.03,0
HLY,2016-01-12,7.03,7.03,7.03,7.03,0
HLY,2016-01-13,7.03,7.03,7.03,7.03,0
HLY,2016-01-14,7.03,7.03,7.03,7.03,0
HLY,2016-01-15,7.03,7.03,7.03,7.03,0
HLY,2016-01-18,7.03,7.03,7.03,7.03,0
HLY,2016-01-19,7.03,7.03,7.03,7.03,0
HLY,2016-01-20,7.03,7.03,7.03,7.03,0
HLY,2016-01-21,7.03,7.03,7.03,7.03,0
HLY,2016-01-22,7.03,7.03,7.03,7.03,0
HLY,2016-01-25,7.03,7.03,7.03,7.03,0
HLY,2016-01-26,7.03,7.03,7.03,7.03,0
HLY,2016-01-27,7.03,7.03,7.03,7.03,0
HLY,2016-01-28,7.03,7.03,7.03,7.03,0
HLY,2016-01-29,7.03,7.03,7.03,7.03,0
HLY,2016-02-01,7.03,7.03,7.03,7.03,0
HLY,2016-02-02,7.03,7.03,7.03,7.03,0
HLY,2016-02-03,7.03,7.03,7.03,7.03,0
HLY,2016-02-04,7.03,7.03,7.03,7.03,0
HLY,2016-02-05,7.03,7.03,7.03,7.03,0
HLY,2016-02-15,7.03,7.03,7.03,7.03,0
HLY,2016-02-16,7.03,7.03,7.03,7.03,0
HLY,2016-02-17,7.03,7.03,7.03,7.03,0
HLY,2016-02-18,7.03,7.03,7.03,7.03,0
HLY,2016-02-19,7.03,7.03,7.03,7.03,0
HLY,2016-02-22,7.03,7.03,7.03,7.03,0
HLY,2016-02-23,7.03,7.03,7.03,7.03,0
HLY,2016-02-24,7.03,7.03,7.03,7.03,0
HLY,2016-02-25,7.7,7.7,7.7,7.7,100
HLY,2016-02-26,7.7,7.7,7.7,7.7,0
HLY,2016-02-29,7.7,7.7,7.7,7.7,0
HLY,2016-03-01,8.46,8.46,8.46,8.46,100
HLY,2016-03-02,8.46,8.46,8.46,8.46,0
HLY,2016-03-03,8.46,8.46,8.46,8.46,0
HLY,2016-03-04,8.46,8.46,8.46,8.46,0
HLY,2016-03-07,8.46,8.46,8.46,8.46,0
HLY,2016-03-08,8.04,8.04,8.04,8.04,100
HLY,2016-03-09,8.04,8.04,8.04,8.04,0
HLY,2016-03-10,7.79,7.79,7.7,7.7,500
HLY,2016-03-11,8.37,8.37,7.54,7.54,300
HLY,2016-03-14,7.54,7.54,7.54,7.54,0
HLY,2016-03-15,7.54,7.54,7.54,7.54,200
HLY,2016-03-16,7.54,7.54,7.54,7.54,0
HLY,2016-03-17,7.54,7.54,7.54,7.54,500
HLY,2016-03-18,8.29,8.29,8.29,8.29,100
HLY,2016-03-21,8.29,8.29,8.29,8.29,0
HLY,2016-03-22,8.29,8.29,8.29,8.29,0
HLY,2016-03-23,8.29,8.29,8.29,8.29,0
HLY,2016-03-24,7.7,7.7,7.7,7.7,1600
HLY,2016-03-25,7.37,7.37,7.37,7.37,1000
HLY,2016-03-28,8.04,8.04,7.96,7.96,1100
HLY,2016-03-29,7.96,7.96,7.96,7.96,0
HLY,2016-03-30,7.96,7.96,7.96,7.96,0
HLY,2016-03-31,8.12,8.46,8.12,8.46,1200
HLY,2016-04-01,8.46,8.46,8.46,8.46,0
HLY,2016-04-04,9.3,9.3,9.21,9.21,2200
HLY,2016-04-05,10.05,10.05,10.05,10.05,200
HLY,2016-04-06,10.05,10.05,10.05,10.05,0
HLY,2016-04-07,10.38,10.38,10.38,10.38,100
HLY,2016-04-08,10.38,10.38,10.38,10.38,0
HLY,2016-04-11,10.38,10.38,10.38,10.38,0
HLY,2016-04-12,10.38,10.38,10.38,10.38,0
HLY,2016-04-13,10.38,10.38,10.38,10.38,0
HLY,2016-04-14,10.38,10.38,10.38,10.38,0
HLY,2016-04-15,11.31,11.31,11.31,11.31,100
HLY,2016-04-19,11.31,11.31,11.31,11.31,0
HLY,2016-04-20,11.31,11.31,11.31,11.31,0
HLY,2016-04-21,10.22,11.72,10.22,10.47,1200
HLY,2016-04-22,10.47,10.47,10.47,10.47,0
HLY,2016-04-25,10.47,10.47,10.47,10.47,0
HLY,2016-04-26,10.47,10.47,10.47,10.47,0
HLY,2016-04-27,10.47,10.47,10.47,10.47,0
HLY,2016-04-28,10.47,10.47,10.47,10.47,0
HLY,2016-04-29,10.47,10.47,10.47,10.47,0
HLY,2016-05-04,10.47,10.47,10.47,10.47,0
HLY,2016-05-05,10.47,10.47,10.47,10.47,0
HLY,2016-05-06,10.47,10.47,10.47,10.47,0
HLY,2016-05-09,10.47,10.47,10.47,10.47,0
HLY,2016-05-10,9.55,9.55,9.55,9.55,100
HLY,2016-05-11,8.63,8.63,8.63,8.63,1400
HLY,2016-05-12,7.87,9.46,7.79,9.46,3700
HLY,2016-05-13,9.46,9.46,9.46,9.46,0
HLY,2016-05-16,9.46,9.46,9.46,9.46,0
HLY,2016-05-17,8.54,8.54,8.54,8.54,100
HLY,2016-05-18,8.54,8.54,8.54,8.54,0
HLY,2016-05-19,8.54,8.54,8.54,8.54,0
HLY,2016-05-20,7.96,7.96,7.96,7.96,100
HLY,2016-05-23,7.96,7.96,7.96,7.96,0
HLY,2016-05-24,7.96,7.96,7.96,7.96,0
HLY,2016-05-25,7.96,7.96,7.96,7.96,0
HLY,2016-05-26,7.96,7.96,7.96,7.96,0
HLY,2016-05-27,7.96,7.96,7.96,7.96,0
HLY,2016-05-30,7.96,7.96,7.96,7.96,0
HLY,2016-05-31,7.96,7.96,7.96,7.96,0
HLY,2016-06-01,7.96,7.96,7.96,7.96,0
HLY,2016-06-02,7.96,7.96,7.96,7.96,0
HLY,2016-06-03,8.63,8.63,7.29,7.29,200
HLY,2016-06-06,7.96,7.96,7.96,7.96,400
HLY,2016-06-07,8.71,8.71,8.71,8.71,100
HLY,2016-06-08,8.79,8.79,8.79,8.79,500
HLY,2016-06-09,9.55,9.55,9.55,9.55,100
HLY,2016-06-10,8.63,8.63,8.63,8.63,1000
HLY,2016-06-13,8.63,8.63,8.63,8.63,0
HLY,2016-06-14,8.63,8.63,8.63,8.63,0
HLY,2016-06-15,8.63,8.63,8.63,8.63,0
HLY,2016-06-16,8.63,8.63,8.63,8.63,1600
HLY,2016-06-17,8.63,8.63,8.63,8.63,0
HLY,2016-06-20,8.63,8.63,8.63,8.63,0
HLY,2016-06-21,8.63,8.63,8.63,8.63,0
HLY,2016-06-22,8.63,8.63,8.63,8.63,0
HLY,2016-06-23,9.46,9.46,9.46,9.46,100
HLY,2016-06-24,9.46,9.46,9.46,9.46,0
HLY,2016-06-27,9.46,9.46,9.46,9.46,0
HLY,2016-06-28,9.46,9.46,9.46,9.46,0
HLY,2016-06-29,9.46,9.46,9.46,9.46,0
HLY,2016-06-30,9.46,9.46,9.46,9.46,0
HLY,2016-07-01,9.46,9.46,9.46,9.46,0
HLY,2016-07-04,9.46,9.46,9.46,9.46,0
HLY,2016-07-05,9.46,9.46,9.46,9.46,0
HLY,2016-07-06,9.46,9.46,9.46,9.46,0
HLY,2016-07-07,9.46,9.46,9.46,9.46,0
HLY,2016-07-08,9.46,9.46,9.46,9.46,0
HLY,2016-07-11,9.46,9.46,9.46,9.46,0
HLY,2016-07-12,9.46,9.46,9.46,9.46,0
HLY,2016-07-13,9.46,9.46,9.46,9.46,0
HLY,2016-07-14,9.46,9.46,9.46,9.46,0
HLY,2016-07-15,8.79,8.79,8.79,8.79,600
HLY,2016-07-18,8.79,8.79,8.79,8.79,0
HLY,2016-07-19,8.79,8.79,8.79,8.79,0
HLY,2016-07-20,8.79,8.79,8.79,8.79,0
HLY,2016-07-21,9.63,9.63,9.63,9.63,1960
HLY,2016-07-22,10.47,10.55,10.47,10.55,1100
HLY,2016-07-25,11.56,11.56,11.56,11.56,100
HLY,2016-07-26,12.56,12.65,12.56,12.65,800
HLY,2016-07-27,12.65,12.65,12.65,12.65,33
HLY,2016-07-28,12.65,12.65,12.65,12.65,0
HLY,2016-07-29,12.65,12.65,12.65,12.65,0
HLY,2016-08-01,12.65,12.65,12.65,12.65,0
HLY,2016-08-02,12.65,12.65,12.65,12.65,0
HLY,2016-08-03,12.65,12.65,12.65,12.65,7
HLY,2016-08-04,12.65,12.65,12.65,12.65,0
HLY,2016-08-05,12.65,12.65,12.65,12.65,0
HLY,2016-08-08,12.65,12.65,12.65,12.65,0
HLY,2016-08-09,12.65,12.65,12.65,12.65,0
HLY,2016-08-10,12.56,12.56,12.56,12.56,200
HLY,2016-08-11,12.56,12.81,12.14,12.81,3000
HLY,2016-08-12,12.81,12.81,12.81,12.81,0
HLY,2016-08-15,12.56,12.56,12.14,12.14,3500
HLY,2016-08-16,12.06,12.06,12.06,12.06,700
HLY,2016-08-17,10.97,10.97,10.97,10.97,1000
HLY,2016-08-18,10.97,10.97,10.97,10.97,0
HLY,2016-08-19,11.89,11.89,11.89,11.89,500
HLY,2016-08-22,11.89,11.89,11.89,11.89,0
HLY,2016-08-23,11.89,11.89,11.89,11.89,0
HLY,2016-08-24,10.72,10.89,10.72,10.89,1200
HLY,2016-08-25,11.98,11.98,11.98,11.98,3400
HLY,2016-08-26,11.98,11.98,11.98,11.98,0
HLY,2016-08-29,11.98,11.98,11.98,11.98,0
HLY,2016-08-30,11.98,11.98,11.98,11.98,0
HLY,2016-08-31,11.98,11.98,11.98,11.98,0
HLY,2016-09-01,11.98,11.98,11.98,11.98,0
HLY,2016-09-05,11.98,11.98,11.98,11.98,0
HLY,2016-09-06,12.98,12.98,12.98,12.98,100
HLY,2016-09-07,12.98,12.98,12.98,12.98,0
HLY,2016-09-08,12.98,12.98,12.98,12.98,0
HLY,2016-09-09,12.14,12.14,12.14,12.14,1400
HLY,2016-09-12,12.14,12.14,12.14,12.14,0
HLY,2016-09-13,12.14,12.14,12.14,12.14,0
HLY,2016-09-14,12.14,12.14,12.14,12.14,0
HLY,2016-09-15,12.14,12.14,12.14,12.14,0
HLY,2016-09-16,12.14,12.14,12.14,12.14,0
HLY,2016-09-19,12.14,12.14,12.14,12.14,0
HLY,2016-09-20,12.14,12.14,12.14,12.14,0
HLY,2016-09-21,12.14,12.14,12.14,12.14,0
HLY,2016-09-22,12.14,12.14,12.14,12.14,0
HLY,2016-09-23,12.14,12.14,12.14,12.14,0
HLY,2016-09-26,12.14,12.14,12.14,12.14,0
HLY,2016-09-27,12.14,12.14,12.14,12.14,0
HLY,2016-09-28,12.14,12.14,12.14,12.14,0
HLY,2016-09-29,12.14,12.14,12.14,12.14,0
HLY,2016-09-30,12.14,12.14,12.14,12.14,0
HLY,2016-10-03,12.14,12.14,12.14,12.14,0
HLY,2016-10-04,12.14,12.14,12.14,12.14,100
HLY,2016-10-05,12.14,12.14,12.14,12.14,0
HLY,2016-10-06,12.14,12.14,12.14,12.14,100
HLY,2016-10-07,12.14,12.14,12.14,12.14,1100
HLY,2016-10-10,12.14,12.14,12.14,12.14,500
HLY,2016-10-11,12.14,12.14,12.14,12.14,0
HLY,2016-10-12,12.14,12.14,12.14,12.14,0
HLY,2016-10-13,12.14,12.14,12.14,12.14,0
HLY,2016-10-14,12.23,12.23,12.23,12.23,3300
HLY,2016-10-17,12.23,12.23,12.23,12.23,100
HLY,2016-10-18,12.98,13.4,12.98,13.4,8400
HLY,2016-10-19,14.66,14.74,13.4,13.4,2566
HLY,2016-10-20,14.66,14.74,14.66,14.74,2000
HLY,2016-10-21,14.74,15.49,14.74,15.49,3033
HLY,2016-10-24,14.82,14.82,14.82,14.82,500
HLY,2016-10-25,14.82,14.82,14.24,14.82,2600
HLY,2016-10-26,14.82,14.82,14.82,14.82,0
HLY,2016-10-27,14.82,14.82,14.82,14.82,0
HLY,2016-10-28,14.82,15.33,14.82,15.33,1500
HLY,2016-10-31,15.33,15.33,15.33,15.33,0
HLY,2016-11-01,15.33,15.33,15.33,15.33,0
HLY,2016-11-02,15.33,15.33,15.33,15.33,0
HLY,2016-11-03,16.83,16.83,16.83,16.83,100
HLY,2016-11-04,16.83,16.83,16.83,16.83,0
HLY,2016-11-07,16.83,16.83,16.83,16.83,0
HLY,2016-11-08,16.83,16.83,16.83,16.83,0
HLY,2016-11-09,16.83,16.83,16.83,16.83,0
HLY,2016-11-10,16.83,16.83,16.83,16.83,0
HLY,2016-11-11,16.83,16.83,16.83,16.83,0
HLY,2016-11-14,16.83,16.83,16.83,16.83,0
HLY,2016-11-15,16.83,16.83,16.83,16.83,0
HLY,2016-11-16,16.83,16.83,16.83,16.83,0
HLY,2016-11-17,16.83,16.83,16.83,16.83,1
HLY,2016-11-18,18.51,18.51,18.51,18.51,100
HLY,2016-11-21,20.02,20.02,20.02,20.02,100
HLY,2016-11-22,20.02,20.02,20.02,20.02,0
HLY,2016-11-23,20.02,20.02,20.02,20.02,0
HLY,2016-11-24,20.02,20.02,20.02,20.02,0
HLY,2016-11-25,20.02,20.02,20.02,20.02,0
HLY,2016-11-28,20.02,20.02,20.02,20.02,0
HLY,2016-11-29,20.02,20.02,20.02,20.02,0
HLY,2016-11-30,20.02,20.02,20.02,20.02,0
HLY,2016-12-01,20.02,20.02,20.02,20.02,0
HLY,2016-12-02,20.02,20.02,20.02,20.02,0
HLY,2016-12-05,20.02,20.02,20.02,20.02,0
HLY,2016-12-06,20.02,20.02,20.02,20.02,0
HLY,2016-12-07,20.02,20.02,20.02,20.02,0
HLY,2016-12-08,20.02,20.02,20.02,20.02,0
HLY,2016-12-09,20.02,20.02,20.02,20.02,0
HLY,2016-12-12,18.09,18.09,18.09,18.09,300
HLY,2016-12-13,16.33,16.33,16.33,16.33,200
HLY,2016-12-14,14.74,14.74,14.74,14.74,500
HLY,2016-12-15,13.32,13.32,13.32,13.32,900
HLY,2016-12-16,13.32,13.32,13.32,13.32,800
HLY,2016-12-19,13.32,13.32,13.32,13.32,0
HLY,2016-12-20,13.32,13.32,13.32,13.32,0
HLY,2016-12-21,13.32,13.32,13.32,13.32,0
HLY,2016-12-22,14.57,14.57,14.57,14.57,100
HLY,2016-12-23,14.57,14.57,14.57,14.57,0
HLY,2016-12-26,14.57,14.57,14.57,14.57,0
HLY,2016-12-27,14.57,14.57,14.57,14.57,0
HLY,2016-12-28,14.57,14.57,14.57,14.57,0
HLY,2016-12-29,13.4,13.4,13.4,13.4,400
HLY,2016-12-30,13.82,13.82,13.82,13.82,100
HLY,2017-01-03,13.4,13.4,13.4,13.4,200
HLY,2017-01-04,13.82,13.82,13.82,13.82,100
HLY,2017-01-05,12.9,12.98,12.9,12.98,200
HLY,2017-01-06,13.82,14.07,13.57,14.07,1200
HLY,2017-01-09,14.07,14.07,14.07,14.07,200
HLY,2017-01-10,13.82,13.82,13.82,13.82,200
HLY,2017-01-11,13.82,13.82,13.82,13.82,0
HLY,2017-01-12,13.82,13.82,13.82,13.82,0
HLY,2017-01-13,13.82,13.82,13.82,13.82,0
HLY,2017-01-16,13.82,13.82,13.82,13.82,0
HLY,2017-01-17,13.82,13.82,13.82,13.82,500
HLY,2017-01-18,13.82,13.82,13.82,13.82,600
HLY,2017-01-19,13.4,13.4,13.4,13.4,100
HLY,2017-01-20,13.4,13.4,13.4,13.4,1000
HLY,2017-01-23,12.98,12.98,12.06,12.06,1500
HLY,2017-01-24,12.06,12.06,12.06,12.06,4500
HLY,2017-01-25,12.06,12.06,11.72,11.72,1200
HLY,2017-02-02,11.72,12.81,11.72,12.81,1400
HLY,2017-02-03,12.81,12.81,12.81,12.81,0
HLY,2017-02-06,12.81,12.81,12.81,12.81,0
HLY,2017-02-07,12.81,12.81,12.81,12.81,0
HLY,2017-02-08,12.56,12.56,12.56,12.56,564
HLY,2017-02-09,12.56,13.73,12.48,13.73,8500
HLY,2017-02-10,13.73,13.73,13.73,13.73,0
HLY,2017-02-13,13.73,13.73,13.73,13.73,0
HLY,2017-02-14,13.73,13.73,13.73,13.73,0
HLY,2017-02-15,13.73,13.73,13.73,13.73,0
HLY,2017-02-16,13.06,14.24,12.39,14.24,2133
HLY,2017-02-17,14.24,14.24,14.24,14.24,0
HLY,2017-02-20,14.24,14.24,14.24,14.24,0
HLY,2017-02-21,12.98,14.4,12.98,14.4,200
HLY,2017-02-22,14.4,14.4,14.4,14.4,0
HLY,2017-02-23,14.4,14.4,14.4,14.4,0
HLY,2017-02-24,14.4,15.07,14.4,15.07,3000
HLY,2017-02-27,15.49,15.49,15.49,15.49,100
HLY,2017-02-28,15.74,15.74,15.74,15.74,132
HLY,2017-03-01,15.74,15.74,15.74,15.74,0
HLY,2017-03-02,15.74,15.74,15.74,15.74,32
HLY,2017-03-03,15.74,15.74,15.74,15.74,0
HLY,2017-03-06,15.74,15.74,15.74,15.74,0
HLY,2017-03-07,15.66,16.58,15.66,16.58,200
HLY,2017-03-08,14.99,16.67,14.99,16.67,1100
HLY,2017-03-09,15.07,15.16,15.07,15.16,2100
HLY,2017-03-10,16.41,16.41,16.41,16.41,100
HLY,2017-03-13,16.41,16.41,16.41,16.41,0
HLY,2017-03-14,15.07,16.67,15.07,16.67,1200
HLY,2017-03-15,15.07,16.25,15.07,16.25,2230
HLY,2017-03-16,16.25,16.25,16.25,16.25,0
HLY,2017-03-17,16.25,16.25,16.25,16.25,0
HLY,2017-03-20,15.07,15.07,15.07,15.07,1000
HLY,2017-03-21,16.33,16.33,15.07,16.16,1231
HLY,2017-03-22,15.49,15.49,15.07,15.07,2100
HLY,2017-03-23,15.07,15.07,15.07,15.07,0
HLY,2017-03-24,16.41,16.41,13.57,13.65,500
HLY,2017-03-27,13.65,13.65,13.65,13.65,0
HLY,2017-03-28,12.31,14.91,12.31,14.91,200
HLY,2017-03-29,14.24,15.66,14.24,15.66,1000
HLY,2017-03-30,15.66,15.66,15.66,15.66,0
HLY,2017-03-31,14.24,15.83,14.15,15.83,1200
HLY,2017-04-03,15.83,15.83,15.83,15.83,0
HLY,2017-04-04,14.4,14.4,14.4,14.4,100
HLY,2017-04-05,15.74,15.74,15.74,15.74,100
HLY,2017-04-07,14.24,14.24,14.24,14.24,100
HLY,2017-04-10,14.24,15.41,12.81,15.41,1400
HLY,2017-04-11,13.9,13.9,13.9,13.9,100
HLY,2017-04-12,13.9,13.9,13.9,13.9,0
HLY,2017-04-13,12.65,12.65,12.65,12.65,100
HLY,2017-04-14,11.56,11.56,11.56,11.56,100
HLY,2017-04-17,12.65,12.65,12.65,12.65,100
HLY,2017-04-18,13.82,13.9,11.39,13.9,1300
HLY,2017-04-19,14.91,14.91,14.91,14.91,100
HLY,2017-04-20,14.91,14.91,14.91,14.91,0
HLY,2017-04-21,15.24,15.24,15.24,15.24,161
HLY,2017-04-24,15.74,15.74,15.74,15.74,100
HLY,2017-04-25,15.58,15.83,14.24,15.58,1700
HLY,2017-04-26,15.58,15.58,15.58,15.58,0
HLY,2017-04-27,15.58,15.58,15.58,15.58,0
HLY,2017-04-28,14.4,15.33,14.07,15.33,1700
HLY,2017-05-03,14.15,14.15,14.15,14.15,100
HLY,2017-05-04,15.24,15.24,15.24,15.24,100
HLY,2017-05-05,13.73,15.41,13.73,15.41,200
HLY,2017-05-08,13.99,13.99,13.99,13.99,100
HLY,2017-05-09,15.24,15.24,12.65,12.65,300
HLY,2017-05-10,13.9,13.9,13.9,13.9,100
HLY,2017-05-11,13.9,13.9,13.9,13.9,0
HLY,2017-05-12,14.99,14.99,14.99,14.99,200
HLY,2017-05-15,14.99,14.99,14.99,14.99,0
HLY,2017-05-16,14.66,14.66,14.66,14.66,1800
HLY,2017-05-17,14.66,14.66,14.24,14.24,600
HLY,2017-05-18,14.24,14.99,14.24,14.99,200
HLY,2017-05-19,14.24,15.07,14.24,15.07,400
HLY,2017-05-22,15.91,15.91,15.91,15.91,100
HLY,2017-05-23,15.91,15.91,15.91,15.91,0
HLY,2017-05-24,15.83,15.83,15.83,15.83,100
HLY,2017-05-25,15.83,15.83,15.83,15.83,0
HLY,2017-05-26,14.32,15.74,14.32,15.74,200
HLY,2017-05-29,15.74,15.74,15.74,15.74,0
HLY,2017-05-30,15.74,15.74,15.74,15.74,0
HLY,2017-05-31,15.49,15.49,15.49,15.49,2900
HLY,2017-06-01,15.49,15.49,15.49,15.49,0
HLY,2017-06-02,15.07,15.49,15.07,15.49,6100
HLY,2017-06-05,15.49,15.49,15.49,15.49,0
HLY,2017-06-06,15.49,15.49,15.49,15.49,0
HLY,2017-06-07,15.41,15.41,15.41,15.41,2000
HLY,2017-06-08,15.41,15.41,15.41,15.41,0
HLY,2017-06-09,15.41,15.41,15.41,15.41,0
HLY,2017-06-12,15.41,15.41,15.41,15.41,0
HLY,2017-06-13,15.41,15.41,15.41,15.41,0
HLY,2017-06-14,15.41,15.49,15.41,15.49,1100
HLY,2017-06-15,15.49,15.49,15.49,15.49,0
HLY,2017-06-16,15.49,15.49,15.49,15.49,0
HLY,2017-06-19,14.07,15.41,14.07,14.15,800
HLY,2017-06-20,15.41,15.41,13.4,13.4,200
HLY,2017-06-21,14.74,14.74,12.14,12.14,300
HLY,2017-06-22,11.98,13.32,11.98,13.32,1200
HLY,2017-06-23,12.06,14.49,12.06,14.49,200
HLY,2017-06-26,15.49,15.91,15.49,15.91,10000
HLY,2017-06-27,15.91,15.91,15.91,15.91,0
HLY,2017-06-28,15.91,15.91,15.91,15.91,0
HLY,2017-06-29,14.32,15.07,14.32,15.07,700
HLY,2017-06-30,15.83,15.83,13.57,15.74,500
HLY,2017-07-03,15.74,15.74,15.74,15.74,0
HLY,2017-07-04,14.24,15.74,14.24,14.24,300
HLY,2017-07-05,15.49,15.49,13.06,15.41,600
HLY,2017-07-06,13.99,15.74,13.99,15.58,400
HLY,2017-07-07,14.07,14.07,14.07,14.07,100
HLY,2017-07-10,15.16,15.41,13.15,13.15,500
HLY,2017-07-11,14.4,14.4,12.23,14.4,400
HLY,2017-07-12,12.98,13.15,12.98,13.15,400
HLY,2017-07-13,14.4,14.4,12.23,12.23,400
HLY,2017-07-14,13.4,13.4,13.4,13.4,100
HLY,2017-07-17,12.06,14.74,12.06,14.57,1000
HLY,2017-07-18,14.99,14.99,14.99,14.99,197
HLY,2017-07-19,14.66,14.66,14.66,14.66,100
HLY,2017-07-20,13.23,15.33,13.23,13.4,300
HLY,2017-07-21,12.06,14.66,12.06,14.66,200
HLY,2017-07-24,13.23,15.16,13.23,15.16,200
HLY,2017-07-25,15.16,15.16,15.16,15.16,0
HLY,2017-07-26,15.41,15.41,15.07,15.07,1000
HLY,2017-07-27,15.24,15.24,15.24,15.24,100
HLY,2017-07-28,15.24,15.24,15.24,15.24,0
HLY,2017-07-31,15.24,15.24,15.24,15.24,0
HLY,2017-08-01,15.24,15.24,15.24,15.24,0
HLY,2017-08-02,15.24,15.24,15.24,15.24,3
HLY,2017-08-03,15.66,15.66,15.66,15.66,100
HLY,2017-08-04,15.66,15.66,15.66,15.66,0
HLY,2017-08-07,15.33,15.33,15.07,15.07,700
HLY,2017-08-08,15.07,15.07,15.07,15.07,0
HLY,2017-08-09,15.16,15.16,15.16,15.16,500
HLY,2017-08-10,15.16,15.16,15.16,15.16,0
HLY,2017-08-11,13.65,14.24,13.65,14.24,300
HLY,2017-08-14,14.24,14.24,14.24,14.24,0
HLY,2017-08-15,14.24,14.24,14.24,14.24,0
HLY,2017-08-16,14.24,14.24,14.24,14.24,100
HLY,2017-08-17,14.24,14.24,14.24,14.24,0
HLY,2017-08-18,14.91,14.91,14.91,14.91,400
HLY,2017-08-21,14.91,14.91,14.91,14.91,400
HLY,2017-08-22,14.91,14.91,14.91,14.91,0
HLY,2017-08-23,14.91,14.91,14.91,14.91,0
HLY,2017-08-24,14.91,14.91,14.91,14.91,0
HLY,2017-08-25,14.91,14.91,14.91,14.91,0
HLY,2017-08-28,14.91,14.91,14.91,14.91,0
HLY,2017-08-29,14.91,14.91,14.91,14.91,0
HLY,2017-08-30,14.91,14.91,14.91,14.91,0
HLY,2017-08-31,14.91,14.91,14.91,14.91,400
HLY,2017-09-01,14.99,14.99,14.99,14.99,100
HLY,2017-09-05,14.99,14.99,14.99,14.99,0
HLY,2017-09-06,14.99,14.99,14.99,14.99,0
HLY,2017-09-07,14.66,14.66,14.66,14.66,900
HLY,2017-09-08,13.4,13.4,13.4,13.4,900
HLY,2017-09-11,14.74,14.74,12.06,12.06,3900
HLY,2017-09-12,12.06,12.06,12.06,12.06,0
HLY,2017-09-13,13.23,13.23,13.23,13.23,200
HLY,2017-09-14,14.49,14.49,14.49,14.49,200
HLY,2017-09-15,15.16,15.16,15.16,15.16,100
HLY,2017-09-18,15.07,15.07,15.07,15.07,100
HLY,2017-09-19,14.66,14.66,14.66,14.66,300
HLY,2017-09-20,15.07,15.07,15.07,15.07,200
HLY,2017-09-21,15.07,15.07,15.07,15.07,0
HLY,2017-09-22,15.07,15.07,15.07,15.07,0
HLY,2017-09-25,15.07,15.07,15.07,15.07,0
HLY,2017-09-26,15.07,15.07,15.07,15.07,0
HLY,2017-09-27,15.07,15.07,15.07,15.07,0
HLY,2017-09-28,15.07,15.07,15.07,15.07,0
HLY,2017-09-29,15.07,15.07,15.07,15.07,1000
HLY,2017-10-02,15.07,15.07,15.07,15.07,0
HLY,2017-10-03,15.07,15.07,15.07,15.07,0
HLY,2017-10-04,15.07,15.07,15.07,15.07,0
HLY,2017-10-05,15.07,15.07,15.07,15.07,0
HLY,2017-10-06,15.07,15.07,15.07,15.07,0
HLY,2017-10-09,15.07,15.07,15.07,15.07,0
HLY,2017-10-10,15.07,15.07,15.07,15.07,0
HLY,2017-10-11,15.07,15.07,15.07,15.07,0
HLY,2017-10-12,15.07,15.07,15.07,15.07,0
HLY,2017-10-13,15.07,15.07,15.07,15.07,0
HLY,2017-10-16,15.07,15.07,15.07,15.07,0
HLY,2017-10-17,15.07,15.07,15.07,15.07,0
HLY,2017-10-18,15.07,15.07,15.07,15.07,0
HLY,2017-10-19,15.07,15.07,15.07,15.07,0
HLY,2017-10-20,15.07,15.07,15.07,15.07,0
HLY,2017-10-23,15.07,15.07,15.07,15.07,0
HLY,2017-10-24,15.07,15.07,15.07,15.07,0
HLY,2017-10-25,15.07,15.07,15.07,15.07,0
HLY,2017-10-26,15.07,15.07,15.07,15.07,0
HLY,2017-10-27,15.07,15.07,15.07,15.07,0
HLY,2017-10-30,14.82,14.82,14.82,14.82,200
HLY,2017-10-31,14.82,14.82,14.82,14.82,0
HLY,2017-11-01,14.82,14.82,14.82,14.82,300
HLY,2017-11-02,14.82,14.82,14.74,14.74,2000
HLY,2017-11-03,14.82,14.82,14.82,14.82,1000
HLY,2017-11-06,14.82,14.82,14.82,14.82,0
HLY,2017-11-07,14.82,14.82,14.82,14.82,0
HLY,2017-11-08,13.4,13.4,13.4,13.4,900
HLY,2017-11-09,14.74,14.74,14.74,14.74,800
HLY,2017-11-10,15.22,15.22,15.22,15.22,200
HLY,2017-11-13,15.12,15.12,15.12,15.12,1000
HLY,2017-11-14,15.12,15.12,15.12,15.12,0
HLY,2017-11-15,14.74,14.74,14.74,14.74,100
HLY,2017-11-16,14.74,14.74,14.74,14.74,0
HLY,2017-11-17,14.74,14.74,14.74,14.74,0
HLY,2017-11-20,14.74,15.03,13.3,14.74,2100
HLY,2017-11-21,13.4,14.26,13.3,14.26,5100
HLY,2017-11-22,14.26,14.26,14.26,14.26,0
HLY,2017-11-23,14.84,14.84,14.84,14.84,1000
HLY,2017-11-24,14.84,14.84,14.84,14.84,0
HLY,2017-11-27,14.36,14.36,14.36,14.36,200
HLY,2017-11-28,14.36,14.36,14.36,14.36,1100
HLY,2017-11-29,14.36,14.36,14.36,14.36,200
HLY,2017-11-30,14.36,14.36,14.36,14.36,33
HLY,2017-12-01,14.36,14.36,14.36,14.36,0
HLY,2017-12-04,14.17,14.36,14.17,14.36,200
HLY,2017-12-05,14.36,14.36,14.36,14.36,0
HLY,2017-12-06,14.36,14.36,14.36,14.36,0
HLY,2017-12-07,14.36,14.36,14.36,14.36,0
HLY,2017-12-08,14.36,14.36,14.36,14.36,33
HLY,2017-12-11,14.36,14.36,14.36,14.36,0
HLY,2017-12-12,14.36,14.36,14.36,14.36,0
HLY,2017-12-13,14.26,14.26,14.26,14.26,100
HLY,2017-12-14,14.17,14.17,13.78,13.78,700
HLY,2017-12-15,13.78,13.78,13.78,13.78,260
HLY,2017-12-18,13.78,13.78,13.78,13.78,0
HLY,2017-12-19,13.78,13.78,13.78,13.78,0
HLY,2017-12-20,13.78,13.78,13.78,13.78,0
HLY,2017-12-21,13.3,13.3,13.3,13.3,900
HLY,2017-12-22,12.16,12.16,12.06,12.06,3200
HLY,2017-12-25,11.77,11.77,11.49,11.49,1300
HLY,2017-12-26,12.63,12.63,12.63,12.63,100
HLY,2017-12-27,12.63,12.63,12.63,12.63,0
HLY,2017-12-28,13.78,13.78,13.78,13.78,100
HLY,2017-12-29,13.78,13.78,13.78,13.78,0
HLY,2018-01-02,14.84,14.84,14.84,14.84,100
HLY,2018-01-03,14.84,14.84,14.84,14.84,0
HLY,2018-01-04,14.84,14.84,14.84,14.84,0
HLY,2018-01-05,14.84,14.84,14.84,14.84,0
HLY,2018-01-08,14.84,14.84,14.84,14.84,50
HLY,2018-01-09,14.84,14.84,14.84,14.84,0
HLY,2018-01-10,14.84,14.84,14.84,14.84,0
HLY,2018-01-11,14.84,14.84,14.84,14.84,60
HLY,2018-01-12,14.74,14.74,14.55,14.55,1200
HLY,2018-01-15,15.03,15.03,15.03,15.03,500
HLY,2018-01-16,15.03,15.03,15.03,15.03,0
HLY,2018-01-17,14.84,14.84,14.84,14.84,2000
HLY,2018-01-18,14.84,14.84,14.84,14.84,0
HLY,2018-01-19,14.84,14.84,14.84,14.84,0
HLY,2018-01-22,14.84,14.84,14.84,14.84,0
HLY,2018-01-23,14.84,14.84,14.84,14.84,0
HLY,2018-01-24,13.4,13.4,13.4,13.4,100
HLY,2018-01-25,13.4,13.4,13.4,13.4,0
HLY,2018-01-26,13.4,13.4,13.4,13.4,90
HLY,2018-01-29,12.35,12.35,12.35,12.35,100
HLY,2018-01-30,12.35,12.35,12.35,12.35,0
HLY,2018-01-31,12.35,12.35,12.35,12.35,10
HLY,2018-02-01,11.39,11.39,11.39,11.39,100
HLY,2018-02-02,11.39,11.39,11.39,11.39,0
HLY,2018-02-05,10.53,10.53,10.53,10.53,100
HLY,2018-02-06,10.53,10.53,10.53,10.53,0
HLY,2018-02-07,10.53,10.53,10.53,10.53,0
HLY,2018-02-08,10.53,10.53,10.53,10.53,0
HLY,2018-02-09,9.48,9.48,9.48,9.48,1000
HLY,2018-02-12,9.48,9.48,9.48,9.48,0
HLY,2018-02-13,10.34,10.34,10.34,10.34,500
HLY,2018-02-21,10.34,10.34,10.34,10.34,0
HLY,2018-02-22,11.29,11.29,11.29,11.29,400
HLY,2018-02-23,11.29,11.29,11.29,11.29,0
HLY,2018-02-26,11.29,11.29,11.29,11.29,0
HLY,2018-02-27,11.29,11.29,11.29,11.29,0
HLY,2018-02-28,11.29,11.29,11.29,11.29,0
HLY,2018-03-01,11.29,11.29,11.29,11.29,0
HLY,2018-03-02,11.29,11.29,11.29,11.29,30
HLY,2018-03-05,12.35,12.35,12.35,12.35,103
HLY,2018-03-06,13.5,13.5,13.5,13.5,100
HLY,2018-03-07,13.5,13.5,13.5,13.5,0
HLY,2018-03-08,13.5,13.5,13.5,13.5,0
HLY,2018-03-09,14.74,14.74,14.74,14.74,100
HLY,2018-03-12,14.74,14.74,14.74,14.74,0
HLY,2018-03-13,14.74,14.74,14.74,14.74,0
HLY,2018-03-14,14.74,14.74,14.74,14.74,0
HLY,2018-03-15,14.74,14.74,14.74,14.74,0
HLY,2018-03-16,15.22,15.22,15.22,15.22,183
HLY,2018-03-19,15.22,15.22,15.22,15.22,0
HLY,2018-03-20,15.22,15.22,15.22,15.22,0
HLY,2018-03-21,13.78,13.78,13.78,13.78,800
HLY,2018-03-22,14.93,14.93,14.93,14.93,100
HLY,2018-03-23,14.93,14.93,14.93,14.93,0
HLY,2018-03-26,14.93,14.93,14.93,14.93,0
HLY,2018-03-27,14.93,14.93,14.93,14.93,0
HLY,2018-03-28,14.93,14.93,14.93,14.93,0
HLY,2018-03-29,14.93,14.93,14.93,14.93,0
HLY,2018-03-30,14.93,14.93,14.93,14.93,0
HLY,2018-04-02,14.93,14.93,14.93,14.93,0
HLY,2018-04-03,14.93,14.93,14.93,14.93,0
HLY,2018-04-04,14.93,14.93,14.93,14.93,0
HLY,2018-04-05,14.93,14.93,14.93,14.93,0
HLY,2018-04-06,14.93,14.93,14.93,14.93,0
HLY,2018-04-09,14.93,14.93,14.93,14.93,0
HLY,2018-04-10,14.93,14.93,14.93,14.93,0
HLY,2018-04-11,14.93,14.93,14.93,14.93,0
HLY,2018-04-12,14.93,14.93,14.93,14.93,0
HLY,2018-04-13,14.93,14.93,14.93,14.93,0
HLY,2018-04-16,14.93,14.93,14.93,14.93,0
HLY,2018-04-17,14.93,14.93,14.93,14.93,0
HLY,2018-04-18,14.93,14.93,14.93,14.93,0
HLY,2018-04-19,14.93,14.93,14.93,14.93,0
HLY,2018-04-20,14.93,14.93,14.93,14.93,0
HLY,2018-04-23,14.93,14.93,14.93,14.93,0
HLY,2018-04-24,14.93,14.93,14.93,14.93,0
HLY,2018-04-26,14.93,14.93,14.93,14.93,0
HLY,2018-04-27,14.93,14.93,14.93,14.93,0
HLY,2018-05-02,14.93,14.93,14.93,14.93,0
HLY,2018-05-03,14.93,14.93,14.93,14.93,0
HLY,2018-05-04,14.74,15.22,14.74,15.22,200
HLY,2018-05-07,15.22,15.22,15.22,15.22,0
HLY,2018-05-08,15.22,15.22,15.22,15.22,0
HLY,2018-05-09,16.46,16.46,16.46,16.46,100
HLY,2018-05-10,16.46,16.46,16.46,16.46,0
HLY,2018-05-11,16.46,16.46,16.46,16.46,0
HLY,2018-05-14,16.46,16.46,16.46,16.46,0
HLY,2018-05-15,16.46,16.46,16.46,16.46,0
HLY,2018-05-16,16.46,16.46,16.46,16.46,0
HLY,2018-05-17,16.46,16.46,16.46,16.46,0
HLY,2018-05-18,16.46,16.46,16.46,16.46,0
HLY,2018-05-21,16.46,16.46,16.46,16.46,0
HLY,2018-05-22,16.46,16.46,16.46,16.46,0
HLY,2018-05-23,14.93,14.93,14.84,14.84,700
HLY,2018-05-24,14.84,14.84,14.84,14.84,0
HLY,2018-05-25,14.84,14.84,14.84,14.84,0
HLY,2018-05-28,14.84,14.84,14.84,14.84,0
HLY,2018-05-29,14.84,14.84,14.84,14.84,0
HLY,2018-05-30,14.84,14.84,14.84,14.84,0
HLY,2018-05-31,14.84,14.84,14.84,14.84,100
HLY,2018-06-01,14.84,14.84,14.84,14.84,0
HLY,2018-06-04,14.84,14.84,14.84,14.84,0
HLY,2018-06-05,14.84,14.84,14.84,14.84,0
HLY,2018-06-06,14.84,14.84,14.84,14.84,0
HLY,2018-06-07,14.84,14.84,14.84,14.84,0
HLY,2018-06-08,14.84,14.84,14.84,14.84,0
HLY,2018-06-11,14.84,14.84,14.84,14.84,0
HLY,2018-06-12,14.84,14.84,14.84,14.84,0
HLY,2018-06-13,14.84,14.84,14.84,14.84,0
HLY,2018-06-14,14.84,14.84,14.84,14.84,0
HLY,2018-06-15,14.84,14.84,14.84,14.84,0
HLY,2018-06-18,14.84,14.84,14.84,14.84,0
HLY,2018-06-19,14.84,14.84,14.84,14.84,0
HLY,2018-06-20,14.84,14.84,14.84,14.84,0
HLY,2018-06-21,14.84,14.84,14.84,14.84,0
HLY,2018-06-22,14.84,14.84,14.84,14.84,0
HLY,2018-06-25,14.84,14.84,14.84,14.84,0
HLY,2018-06-26,14.84,14.84,14.84,14.84,0
HLY,2018-06-27,14.84,14.84,14.84,14.84,0
HLY,2018-06-28,14.84,14.84,14.84,14.84,0
HLY,2018-06-29,14.84,14.84,14.84,14.84,0
HLY,2018-07-02,14.84,14.84,14.84,14.84,0
HLY,2018-07-03,14.84,14.84,14.84,14.84,0
HLY,2018-07-04,14.84,14.84,14.84,14.84,0
HLY,2018-07-05,14.84,14.84,14.84,14.84,0
HLY,2018-07-06,14.84,14.84,14.84,14.84,0
HLY,2018-07-09,14.84,14.84,14.84,14.84,0
HLY,2018-07-10,14.84,14.84,14.84,14.84,0
HLY,2018-07-11,14.84,14.84,14.84,14.84,0
HLY,2018-07-12,14.84,14.84,14.84,14.84,0
HLY,2018-07-13,14.84,14.84,14.84,14.84,0
HLY,2018-07-16,13.4,13.4,13.4,13.4,100
HLY,2018-07-17,12.06,12.06,12.06,12.06,1000
HLY,2018-07-18,12.06,12.06,12.06,12.06,0
HLY,2018-07-19,13.21,13.21,13.21,13.21,100
HLY,2018-07-20,13.21,13.21,13.21,13.21,0
HLY,2018-07-23,14.45,14.45,14.45,14.45,100
HLY,2018-07-24,14.45,14.45,14.45,14.45,0
HLY,2018-07-25,14.45,14.45,14.45,14.45,0
HLY,2018-07-26,14.45,14.45,14.45,14.45,0
HLY,2018-07-27,14.45,14.45,14.45,14.45,0
HLY,2018-07-30,14.45,14.45,14.45,14.45,0
HLY,2018-07-31,14.45,14.45,14.45,14.45,0
HLY,2018-08-01,14.45,14.45,14.45,14.45,0
HLY,2018-08-02,14.45,14.45,14.45,14.45,0
HLY,2018-08-03,14.45,14.45,14.45,14.45,0
HLY,2018-08-06,14.45,14.45,14.45,14.45,0
HLY,2018-08-07,14.45,14.45,14.45,14.45,0
HLY,2018-08-08,14.45,14.45,14.45,14.45,0
HLY,2018-08-09,14.45,14.45,14.45,14.45,0
HLY,2018-08-10,14.45,14.45,14.45,14.45,0
HLY,2018-08-13,14.45,14.45,14.45,14.45,0
HLY,2018-08-14,14.84,14.93,14.84,14.93,1800
HLY,2018-08-15,14.84,15.03,14.84,15.03,6600
HLY,2018-08-16,15.03,15.03,15.03,15.03,0
HLY,2018-08-17,15.03,15.03,15.03,15.03,0
HLY,2018-08-20,15.03,15.03,15.03,15.03,0
HLY,2018-08-21,15.03,15.03,15.03,15.03,0
HLY,2018-08-22,15.22,15.22,15.22,15.22,100
HLY,2018-08-23,15.22,15.22,15.22,15.22,0
HLY,2018-08-24,15.22,15.22,15.22,15.22,0
HLY,2018-08-27,15.22,15.22,15.22,15.22,0
HLY,2018-08-28,15.22,15.22,15.22,15.22,0
HLY,2018-08-29,15.22,15.22,15.22,15.22,0
HLY,2018-08-30,15.22,15.22,15.22,15.22,0
HLY,2018-08-31,15.22,15.31,15.22,15.22,2000
HLY,2018-09-04,15.22,15.22,15.22,15.22,0
HLY,2018-09-05,15.31,15.31,15.31,15.31,1000
HLY,2018-09-06,15.31,15.31,15.31,15.31,0
HLY,2018-09-07,15.31,15.31,15.31,15.31,0
HLY,2018-09-10,15.31,15.31,15.31,15.31,0
HLY,2018-09-11,15.31,15.31,15.31,15.31,0
HLY,2018-09-12,15.31,15.31,15.31,15.31,0
HLY,2018-09-13,15.31,15.31,15.31,15.31,0
HLY,2018-09-14,15.31,15.31,15.31,15.31,0
HLY,2018-09-17,15.31,15.31,15.31,15.31,0
HLY,2018-09-18,15.31,15.31,15.31,15.31,0
HLY,2018-09-19,15.31,15.31,15.31,15.31,0
HLY,2018-09-20,15.31,15.31,15.31,15.31,0
HLY,2018-09-21,15.31,15.31,15.31,15.31,0
HLY,2018-09-24,15.31,15.31,15.31,15.31,0
HLY,2018-09-25,15.31,15.31,15.31,15.31,0
HLY,2018-09-26,15.31,15.31,15.31,15.31,0
HLY,2018-09-27,15.31,15.31,15.31,15.31,0
HLY,2018-09-28,15.31,15.31,15.31,15.31,0
HLY,2018-10-01,15.31,15.31,15.31,15.31,0
HLY,2018-10-02,15.31,15.31,15.31,15.31,0
HLY,2018-10-03,15.31,15.31,15.31,15.31,0
HLY,2018-10-04,14.36,15.22,14.36,15.22,1400
HLY,2018-10-05,15.22,15.22,15.22,15.22,0
HLY,2018-10-08,15.22,15.22,15.22,15.22,0
HLY,2018-10-09,15.22,15.22,15.22,15.22,0
HLY,2018-10-10,15.22,15.22,15.22,15.22,0
HLY,2018-10-11,15.22,15.22,15.22,15.22,0
HLY,2018-10-12,15.22,15.22,15.22,15.22,0
HLY,2018-10-15,15.22,15.22,15.22,15.22,0
HLY,2018-10-16,15.22,15.22,15.22,15.22,0
HLY,2018-10-17,15.22,15.22,15.22,15.22,0
HLY,2018-10-18,15.12,15.12,15.12,15.12,100
HLY,2018-10-19,14.36,14.36,14.36,14.36,100
HLY,2018-10-22,15.03,15.03,13.4,13.4,2900
HLY,2018-10-23,13.4,13.4,13.4,13.4,200
HLY,2018-10-24,12.44,12.44,12.44,12.44,200
HLY,2018-10-25,12.44,12.44,12.44,12.44,0
HLY,2018-10-26,12.44,12.44,12.44,12.44,0
HLY,2018-10-29,12.44,12.44,12.44,12.44,0
HLY,2018-10-30,12.44,12.44,12.44,12.44,0
HLY,2018-10-31,11.2,11.2,11.2,11.2,500
HLY,2018-11-01,11.2,11.2,11.2,11.2,500
HLY,2018-11-02,10.15,10.15,10.15,10.15,100
HLY,2018-11-05,10.15,10.15,10.15,10.15,0
HLY,2018-11-06,10.15,10.15,10.15,10.15,0
HLY,2018-11-07,10.15,10.15,10.15,10.15,0
HLY,2018-11-08,10.15,10.15,10.15,10.15,0
HLY,2018-11-09,10.15,10.15,10.15,10.15,0
HLY,2018-11-12,10.15,10.15,10.15,10.15,0
HLY,2018-11-13,10.15,10.15,10.15,10.15,0
HLY,2018-11-14,10.15,10.15,10.15,10.15,0
HLY,2018-11-15,10.15,10.15,10.15,10.15,0
HLY,2018-11-16,9.28,9.28,9.28,9.28,100
HLY,2018-11-19,9.28,9.28,9.28,9.28,0
HLY,2018-11-20,9.28,9.28,9.28,9.28,0
HLY,2018-11-21,10.15,10.15,10.15,10.15,200
HLY,2018-11-22,11.1,11.1,11.1,11.1,200
HLY,2018-11-23,12.16,12.16,12.16,12.16,200
HLY,2018-11-26,12.16,12.16,12.16,12.16,0
HLY,2018-11-27,12.16,12.16,12.16,12.16,0
HLY,2018-11-28,12.16,12.16,12.16,12.16,0
HLY,2018-11-29,12.16,12.16,12.16,12.16,0
HLY,2018-11-30,12.16,12.16,12.16,12.16,0
HLY,2018-12-03,12.16,12.16,12.16,12.16,0
HLY,2018-12-04,12.16,12.16,12.16,12.16,0
HLY,2018-12-05,12.16,12.16,12.16,12.16,0
HLY,2018-12-06,12.16,12.16,12.16,12.16,0
HLY,2018-12-07,13.3,13.3,13.3,13.3,900
HLY,2018-12-10,14.55,14.55,14.55,14.55,7000
HLY,2018-12-11,15.6,15.6,15.6,15.6,200
HLY,2018-12-12,15.6,15.6,15.6,15.6,0
HLY,2018-12-13,16.3,16.3,16.3,16.3,0
HLY,2018-12-14,15.6,15.6,15.6,15.6,0
HLY,2018-12-17,16.0,16.0,16.0,16.0,200
HLY,2018-12-18,16.0,16.0,16.0,16.0,10
HLY,2018-12-19,16.0,16.0,16.0,16.0,0
HLY,2018-12-20,16.0,16.0,16.0,16.0,0
HLY,2018-12-21,16.0,16.0,16.0,16.0,0
HLY,2018-12-24,16.0,16.0,16.0,16.0,0
HLY,2018-12-25,16.5,16.5,16.5,16.5,2000
HLY,2018-12-26,16.5,16.5,16.5,16.5,6000
HLY,2018-12-27,16.5,16.5,16.5,16.5,3200
HLY,2018-12-28,16.5,16.5,16.5,16.5,0
HLY,2019-01-02,16.5,16.5,16.5,16.5,0
HLY,2019-01-03,17.0,17.0,17.0,17.0,1420
HLY,2019-01-04,17.0,17.0,17.0,17.0,1100
HLY,2019-01-07,17.0,17.0,17.0,17.0,0
HLY,2019-01-08,17.0,17.0,17.0,17.0,0
HLY,2019-01-09,17.0,17.0,17.0,17.0,0
HLY,2019-01-10,17.0,17.0,17.0,17.0,0
HLY,2019-01-11,17.0,17.0,17.0,17.0,0
HLY,2019-01-14,17.0,17.0,17.0,17.0,0
HLY,2019-01-15,17.0,17.0,17.0,17.0,0
HLY,2019-01-16,17.0,17.0,17.0,17.0,0
HLY,2019-01-17,16.8,16.8,16.8,16.8,201
HLY,2019-01-18,17.4,17.4,17.4,17.4,500
HLY,2019-01-21,17.4,17.4,17.4,17.4,0
HLY,2019-01-22,17.4,17.4,17.4,17.4,100
HLY,2019-01-23,17.4,17.4,17.4,17.4,0
HLY,2019-01-24,17.4,17.4,17.4,17.4,0
HLY,2019-01-25,17.5,17.5,17.5,17.5,104
HLY,2019-01-28,17.5,17.5,17.5,17.5,0
HLY,2019-01-29,17.5,17.5,17.5,17.5,0
HLY,2019-01-30,17.5,17.5,17.5,17.5,0
HLY,2019-01-31,17.5,17.5,17.5,17.5,0
HLY,2019-02-01,17.5,17.5,17.5,17.5,0
HLY,2019-02-11,17.5,17.5,17.5,17.5,0
HLY,2019-02-12,17.5,17.5,17.5,17.5,0
HLY,2019-02-13,17.5,17.5,17.5,17.5,0
HLY,2019-02-14,17.5,17.5,17.5,17.5,0
HLY,2019-02-15,17.5,17.5,17.5,17.5,0
HLY,2019-02-18,17.5,17.5,17.5,17.5,0
HLY,2019-02-19,18.5,19.1,18.5,19.1,200
HLY,2019-02-20,19.5,19.5,19.5,19.5,300
HLY,2019-02-21,19.5,19.5,19.5,19.5,0
HLY,2019-02-22,19.5,19.5,19.5,19.5,100
HLY,2019-02-25,19.9,19.9,19.9,19.9,100
HLY,2019-02-26,19.9,19.9,19.9,19.9,0
HLY,2019-02-27,19.9,19.9,19.9,19.9,0
HLY,2019-02-28,19.9,19.9,19.9,19.9,0
HLY,2019-03-01,19.9,19.9,19.9,19.9,0
HLY,2019-03-04,19.9,19.9,19.9,19.9,0
HLY,2019-03-05,19.9,19.9,19.9,19.9,0
HLY,2019-03-06,19.9,19.9,19.9,19.9,0
HLY,2019-03-07,20.4,20.4,20.4,20.4,100
HLY,2019-03-08,20.4,20.4,20.4,20.4,0
HLY,2019-03-11,21.5,22.4,21.5,22.4,3600
HLY,2019-03-12,22.4,22.4,22.4,22.4,0
HLY,2019-03-13,22.4,22.4,22.4,22.4,0
HLY,2019-03-14,24.0,24.0,24.0,24.0,2000
HLY,2019-03-15,24.0,24.0,24.0,24.0,0
HLY,2019-03-18,24.0,24.0,24.0,24.0,1000
HLY,2019-03-19,24.0,24.0,24.0,24.0,0
HLY,2019-03-20,24.0,24.0,24.0,24.0,0
HLY,2019-03-21,24.0,24.0,24.0,24.0,0
HLY,2019-03-22,24.0,24.0,24.0,24.0,0
HLY,2019-03-25,24.0,24.0,24.0,24.0,0
HLY,2019-03-26,24.0,24.0,24.0,24.0,0
HLY,2019-03-27,24.0,24.0,24.0,24.0,2000
HLY,2019-03-28,24.0,25.0,24.0,25.0,2300
HLY,2019-03-29,25.0,25.0,25.0,25.0,0
HLY,2019-04-01,25.0,25.0,25.0,25.0,0
HLY,2019-04-02,25.0,25.0,25.0,25.0,0
HLY,2019-04-03,25.0,25.0,25.0,25.0,0
HLY,2019-04-04,25.0,25.0,25.0,25.0,0
HLY,2019-04-05,25.0,25.0,25.0,25.0,5
HLY,2019-04-08,25.0,25.0,25.0,25.0,10
HLY,2019-04-09,25.0,25.0,25.0,25.0,0
HLY,2019-04-10,25.0,25.0,25.0,25.0,0
HLY,2019-04-11,25.0,25.0,25.0,25.0,0
HLY,2019-04-12,22.5,22.5,22.5,22.5,4000
HLY,2019-04-16,20.3,20.3,20.3,20.3,4000
HLY,2019-04-17,18.3,18.3,18.3,18.3,4500
HLY,2019-04-18,18.3,18.3,18.3,18.3,0
HLY,2019-04-19,18.3,18.3,18.3,18.3,0
HLY,2019-04-22,18.3,18.3,18.3,18.3,0
HLY,2019-04-23,18.3,18.3,18.3,18.3,0
HLY,2019-04-24,18.3,18.3,18.3,18.3,0
HLY,2019-04-25,18.3,18.3,18.3,18.3,0
HLY,2019-04-26,18.3,18.3,18.3,18.3,0
HLY,2019-05-02,20.0,20.0,20.0,20.0,700
HLY,2019-05-03,20.0,20.0,20.0,20.0,0
HLY,2019-05-06,20.0,20.0,20.0,20.0,0
HLY,2019-05-07,20.0,20.0,20.0,20.0,0
HLY,2019-05-08,20.0,20.0,20.0,20.0,0
HLY,2019-05-09,20.0,20.0,20.0,20.0,0
HLY,2019-05-10,20.0,20.0,20.0,20.0,0
HLY,2019-05-13,20.0,20.0,20.0,20.0,0
HLY,2019-05-14,20.0,20.0,20.0,20.0,0
HLY,2019-05-15,21.0,21.0,21.0,21.0,100
HLY,2019-05-16,21.0,21.0,21.0,21.0,0
HLY,2019-05-17,21.0,21.0,21.0,21.0,0
HLY,2019-05-20,21.0,21.0,21.0,21.0,0
HLY,2019-05-21,22.0,23.0,22.0,23.0,300
HLY,2019-05-22,23.0,23.0,23.0,23.0,0
HLY,2019-05-23,23.0,23.0,23.0,23.0,0
HLY,2019-05-24,23.0,23.0,23.0,23.0,0
HLY,2019-05-27,23.0,23.0,23.0,23.0,0
HLY,2019-05-28,23.0,23.0,23.0,23.0,0
HLY,2019-05-29,23.0,23.0,23.0,23.0,0
HLY,2019-05-30,23.0,23.0,23.0,23.0,0
HLY,2019-05-31,25.3,25.3,25.3,25.3,200
HLY,2019-06-03,25.3,25.3,25.3,25.3,0
HLY,2019-06-04,25.3,25.3,25.3,25.3,0
HLY,2019-06-05,25.3,25.3,25.3,25.3,0
HLY,2019-06-06,25.3,25.3,25.3,25.3,0
HLY,2019-06-07,25.3,25.3,25.3,25.3,0
HLY,2019-06-10,25.3,25.3,25.3,25.3,0
HLY,2019-06-11,25.3,25.3,25.3,25.3,0
HLY,2019-06-12,27.3,27.3,27.3,27.3,200
HLY,2019-06-13,28.8,28.8,28.8,28.8,100
HLY,2019-06-14,30.1,30.1,30.1,30.1,200
HLY,2019-06-17,33.0,33.0,33.0,33.0,100
HLY,2019-06-18,29.7,29.7,29.7,29.7,200
HLY,2019-06-19,26.8,32.4,26.8,32.2,900
HLY,2019-06-20,29.0,35.0,29.0,35.0,300
HLY,2019-06-21,31.5,36.0,31.5,36.0,200
HLY,2019-06-24,32.4,39.5,32.4,39.5,200
HLY,2019-06-25,39.5,39.5,39.5,39.5,0
HLY,2019-06-26,42.0,42.0,35.6,35.6,200
HLY,2019-06-27,32.1,39.0,32.1,39.0,200
HLY,2019-06-28,39.0,39.0,39.0,39.0,0
HLY,2019-07-01,39.0,39.0,39.0,39.0,0
HLY,2019-07-02,39.0,39.0,39.0,39.0,0
HLY,2019-07-03,39.0,39.0,39.0,39.0,0
HLY,2019-07-04,39.0,39.0,39.0,39.0,0
HLY,2019-07-05,39.0,39.0,39.0,39.0,0
HLY,2019-07-08,39.0,39.0,39.0,39.0,0
HLY,2019-07-09,39.0,39.0,39.0,39.0,0
HLY,2019-07-10,39.0,39.0,39.0,39.0,0
HLY,2019-07-11,39.0,39.0,39.0,39.0,0
HLY,2019-07-12,39.0,39.0,39.0,39.0,0
HLY,2019-07-15,39.0,39.0,39.0,39.0,0
HLY,2019-07-16,39.0,39.0,39.0,39.0,0
HLY,2019-07-17,42.5,42.5,42.5,42.5,100
HLY,2019-07-18,46.0,46.0,46.0,46.0,100
HLY,2019-07-19,46.0,46.0,46.0,46.0,0
HLY,2019-07-22,46.0,46.0,46.0,46.0,0
HLY,2019-07-23,46.0,46.0,46.0,46.0,0
HLY,2019-07-24,46.0,46.0,46.0,46.0,0
HLY,2019-07-25,50.0,50.0,49.0,49.0,200
HLY,2019-07-26,49.0,49.0,49.0,49.0,0
HLY,2019-07-29,49.0,49.0,49.0,49.0,0
HLY,2019-07-30,49.0,49.0,49.0,49.0,0
HLY,2019-07-31,49.0,49.0,49.0,49.0,0
HLY,2019-08-01,49.0,49.0,49.0,49.0,0
HLY,2019-08-02,49.0,49.0,49.0,49.0,0
HLY,2019-08-05,49.0,49.0,49.0,49.0,0
HLY,2019-08-06,49.0,49.0,49.0,49.0,0
HLY,2019-08-07,49.0,49.0,49.0,49.0,0
HLY,2019-08-08,49.0,49.0,49.0,49.0,0
HLY,2019-08-09,49.0,49.0,49.0,49.0,0
HLY,2019-08-12,49.0,49.0,49.0,49.0,0
HLY,2019-08-13,49.0,49.0,49.0,49.0,0
HLY,2019-08-14,49.0,49.0,49.0,49.0,0
HLY,2019-08-15,49.0,49.0,49.0,49.0,0
HLY,2019-08-16,52.0,52.0,52.0,52.0,100
HLY,2019-08-19,52.0,52.0,52.0,52.0,0
HLY,2019-08-20,52.0,52.0,52.0,52.0,0
HLY,2019-08-21,52.0,52.0,52.0,52.0,0
HLY,2019-08-22,52.0,52.0,52.0,52.0,0
HLY,2019-08-23,52.0,52.0,52.0,52.0,0
HLY,2019-08-26,52.0,52.0,52.0,52.0,0
HLY,2019-08-27,52.0,52.0,52.0,52.0,100
HLY,2019-08-28,52.0,52.0,52.0,52.0,0
HLY,2019-08-29,52.0,52.0,52.0,52.0,0
HLY,2019-08-30,52.0,52.0,52.0,52.0,0
HLY,2019-09-03,52.0,52.0,52.0,52.0,0
HLY,2019-09-04,52.0,52.0,52.0,52.0,0
HLY,2019-09-05,52.0,52.0,52.0,52.0,0
HLY,2019-09-06,52.0,52.0,52.0,52.0,0
HLY,2019-09-09,52.0,52.0,52.0,52.0,0
HLY,2019-09-10,52.0,52.0,52.0,52.0,0
HLY,2019-09-11,52.0,52.0,52.0,52.0,0
HLY,2019-09-12,52.0,52.0,52.0,52.0,0
HLY,2019-09-13,52.0,52.0,52.0,52.0,0
HLY,2019-09-16,52.0,52.0,52.0,52.0,0
HLY,2019-09-17,52.0,52.0,52.0,52.0,0
HLY,2019-09-18,52.0,52.0,52.0,52.0,0
HLY,2019-09-19,52.0,52.0,52.0,52.0,0
HLY,2019-09-20,52.0,52.0,52.0,52.0,0
HLY,2019-09-23,52.0,52.0,52.0,52.0,0
HLY,2019-09-24,52.0,52.0,52.0,52.0,0
HLY,2019-09-25,52.0,52.0,52.0,52.0,0
HLY,2019-09-26,52.0,52.0,52.0,52.0,0
HLY,2019-09-27,52.0,52.0,52.0,52.0,0
HLY,2019-09-30,52.0,52.0,52.0,52.0,0
HLY,2019-10-01,52.0,52.0,52.0,52.0,0
HLY,2019-10-02,55.0,55.0,55.0,55.0,400
HLY,2019-10-03,49.5,49.5,49.5,49.5,1000
HLY,2019-10-04,49.5,49.5,49.5,49.5,0
HLY,2019-10-07,49.5,49.5,49.5,49.5,0
HLY,2019-10-08,49.5,49.5,49.5,49.5,0
HLY,2019-10-09,49.5,49.5,49.5,49.5,0
HLY,2019-10-10,49.5,49.5,49.5,49.5,0
HLY,2019-10-11,49.5,49.5,49.5,49.5,0
HLY,2019-10-14,49.5,49.5,49.5,49.5,0
HLY,2019-10-15,49.5,49.5,49.5,49.5,0
HLY,2019-10-16,49.5,49.5,49.5,49.5,0
HLY,2019-10-17,49.5,49.5,49.5,49.5,0
HLY,2019-10-18,49.5,49.5,49.5,49.5,0
HLY,2019-10-21,49.5,49.5,49.5,49.5,0
HLY,2019-10-22,49.5,49.5,49.5,49.5,0
HLY,2019-10-23,49.5,49.5,49.5,49.5,0
HLY,2019-10-24,49.5,49.5,49.5,49.5,0
HLY,2019-10-25,49.5,49.5,49.5,49.5,0
HLY,2019-10-28,49.5,49.5,49.5,49.5,0
HLY,2019-10-29,49.5,49.5,49.5,49.5,0
HLY,2019-10-30,49.5,49.5,49.5,49.5,0
HLY,2019-10-31,49.5,49.5,49.5,49.5,0
HLY,2019-11-01,49.5,49.5,49.5,49.5,0
HLY,2019-11-04,49.5,49.5,49.5,49.5,0
HLY,2019-11-05,49.5,49.5,49.5,49.5,0
HLY,2019-11-06,49.5,49.5,49.5,49.5,0
HLY,2019-11-07,49.5,49.5,49.5,49.5,0
HLY,2019-11-08,49.5,49.5,49.5,49.5,0
HLY,2019-11-11,49.5,49.5,49.5,49.5,0
HLY,2019-11-12,49.5,49.5,49.5,49.5,0
HLY,2019-11-13,49.5,49.5,49.5,49.5,0
HLY,2019-11-14,49.5,49.5,49.5,49.5,0
HLY,2019-11-15,49.5,49.5,49.5,49.5,0
HLY,2019-11-18,44.6,44.6,44.6,44.6,100
HLY,2019-11-19,44.6,44.6,44.6,44.6,0
HLY,2019-11-20,44.6,44.6,44.6,44.6,0
HLY,2019-11-21,44.6,44.6,44.6,44.6,0
HLY,2019-11-22,44.6,44.6,44.6,44.6,0
HLY,2019-11-25,44.6,44.6,44.6,44.6,0
HLY,2019-11-26,44.6,44.6,44.6,44.6,0
HLY,2019-11-27,44.6,44.6,44.6,44.6,0
HLY,2019-11-28,44.6,44.6,44.6,44.6,0
HLY,2019-11-29,44.6,44.6,44.6,44.6,0
HLY,2019-12-02,44.6,44.6,44.6,44.6,0
HLY,2019-12-03,44.6,44.6,44.6,44.6,0
HLY,2019-12-04,44.6,44.6,44.6,44.6,0
HLY,2019-12-05,44.6,44.6,44.6,44.6,0
HLY,2019-12-06,44.6,44.6,44.6,44.6,0
HLY,2019-12-09,44.6,44.6,44.6,44.6,0
HLY,2019-12-10,44.6,44.6,44.6,44.6,0
HLY,2019-12-11,44.6,44.6,44.6,44.6,0
HLY,2019-12-12,44.6,44.6,44.6,44.6,0
HLY,2019-12-13,44.6,44.6,44.6,44.6,0
HLY,2019-12-16,44.6,44.6,44.6,44.6,0
HLY,2019-12-17,44.6,44.6,44.6,44.6,0
HLY,2019-12-18,44.6,44.6,44.6,44.6,0
HLY,2019-12-19,44.6,44.6,44.6,44.6,0
HLY,2019-12-20,44.6,44.6,44.6,44.6,0
HLY,2019-12-23,44.6,44.6,44.6,44.6,0
HLY,2019-12-24,44.6,44.6,44.6,44.6,0
HLY,2019-12-25,44.6,44.6,44.6,44.6,0
HLY,2019-12-26,44.6,44.6,44.6,44.6,0
HLY,2019-12-27,44.6,44.6,44.6,44.6,0
HLY,2019-12-30,44.6,44.6,44.6,44.6,0
HLY,2019-12-31,44.6,44.6,44.6,44.6,0
HLY,2020-01-02,44.6,44.6,44.6,44.6,0
HLY,2020-01-03,44.6,44.6,44.6,44.6,0
HLY,2020-01-06,44.6,44.6,44.6,44.6,0
HLY,2020-01-07,44.6,44.6,44.6,44.6,0
HLY,2020-01-08,44.6,44.6,44.6,44.6,0
HLY,2020-01-09,44.6,44.6,44.6,44.6,0
HLY,2020-01-10,44.6,44.6,44.6,44.6,0
HLY,2020-01-13,44.6,44.6,44.6,44.6,0
HLY,2020-01-14,44.6,44.6,44.6,44.6,0
HLY,2020-01-15,44.6,44.6,44.6,44.6,0
HLY,2020-01-16,44.6,44.6,44.6,44.6,0
HLY,2020-01-17,44.6,44.6,44.6,44.6,0
HLY,2020-01-20,44.6,44.6,44.6,44.6,0
HLY,2020-01-21,44.6,44.6,44.6,44.6,0
HLY,2020-01-22,44.6,44.6,44.6,44.6,0
HLY,2020-01-30,44.6,44.6,44.6,44.6,0
HLY,2020-01-31,44.6,44.6,44.6,44.6,0
HLY,2020-02-03,44.6,44.6,44.6,44.6,0
HLY,2020-02-04,44.6,44.6,44.6,44.6,0
HLY,2020-02-05,44.6,44.6,44.6,44.6,0
HLY,2020-02-06,44.6,44.6,44.6,44.6,0
HLY,2020-02-07,44.6,44.6,44.6,44.6,0
HLY,2020-02-10,44.6,44.6,44.6,44.6,0
HLY,2020-02-11,44.6,44.6,44.6,44.6,0
HLY,2020-02-12,44.6,44.6,44.6,44.6,0
HLY,2020-02-13,44.6,44.6,44.6,44.6,0
HLY,2020-02-14,44.6,44.6,44.6,44.6,0
HLY,2020-02-17,44.6,44.6,44.6,44.6,0
HLY,2020-02-18,44.6,44.6,44.6,44.6,0
HLY,2020-02-19,44.6,44.6,44.6,44.6,0
HLY,2020-02-20,44.6,44.6,44.6,44.6,0
HLY,2020-02-21,44.6,44.6,44.6,44.6,0
HLY,2020-02-24,44.6,44.6,44.6,44.6,0
HLY,2020-02-25,44.6,44.6,44.6,44.6,0
HLY,2020-02-26,44.6,44.6,44.6,44.6,0
HLY,2020-02-27,44.6,44.6,44.6,44.6,0
HLY,2020-02-28,44.6,44.6,44.6,44.6,0
HLY,2020-03-02,44.6,44.6,44.6,44.6,0
HLY,2020-03-03,44.6,44.6,44.6,44.6,0
HLY,2020-03-04,44.6,44.6,44.6,44.6,0
HLY,2020-03-05,44.6,44.6,44.6,44.6,0
HLY,2020-03-06,44.6,44.6,44.6,44.6,0
HLY,2020-03-09,44.6,44.6,44.6,44.6,0
HLY,2020-03-10,44.6,44.6,44.6,44.6,0
HLY,2020-03-11,44.6,44.6,44.6,44.6,0
HLY,2020-03-12,44.6,44.6,44.6,44.6,0
HLY,2020-03-13,44.6,44.6,44.6,44.6,0
HLY,2020-03-16,44.6,44.6,44.6,44.6,0
HLY,2020-03-17,44.6,44.6,44.6,44.6,0
HLY,2020-03-18,44.6,44.6,44.6,44.6,0
HLY,2020-03-19,44.6,44.6,44.6,44.6,0
HLY,2020-03-20,44.6,44.6,44.6,44.6,0
HLY,2020-03-23,44.6,44.6,44.6,44.6,0
HLY,2020-03-24,44.6,44.6,44.6,44.6,0
HLY,2020-03-25,44.6,44.6,44.6,44.6,0
HLY,2020-03-26,44.6,44.6,44.6,44.6,0
HLY,2020-03-27,44.6,44.6,44.6,44.6,0
HLY,2020-03-30,44.6,44.6,44.6,44.6,0
HLY,2020-03-31,44.6,44.6,44.6,44.6,0
HLY,2020-04-01,44.6,44.6,44.6,44.6,0
HLY,2020-04-03,44.6,44.6,44.6,44.6,0
HLY,2020-04-06,44.6,44.6,44.6,44.6,0
HLY,2020-04-07,44.6,44.6,44.6,44.6,0
HLY,2020-04-08,44.6,44.6,44.6,44.6,0
HLY,2020-04-09,44.6,44.6,44.6,44.6,0
HLY,2020-04-10,44.6,44.6,44.6,44.6,0
HLY,2020-04-13,44.6,44.6,44.6,44.6,0
HLY,2020-04-14,44.6,44.6,44.6,44.6,0
HLY,2020-04-15,44.6,44.6,44.6,44.6,0
HLY,2020-04-16,44.6,44.6,44.6,44.6,0
HLY,2020-04-17,44.6,44.6,44.6,44.6,0
HLY,2020-04-20,44.6,44.6,44.6,44.6,0
HLY,2020-04-21,44.6,44.6,44.6,44.6,0
HLY,2020-04-22,44.6,44.6,44.6,44.6,0
HLY,2020-04-23,44.6,44.6,44.6,44.6,0
HLY,2020-04-24,44.6,44.6,44.6,44.6,0
HLY,2020-04-27,44.6,44.6,44.6,44.6,0
HLY,2020-04-28,44.6,44.6,44.6,44.6,0
HLY,2020-04-29,44.6,44.6,44.6,44.6,0
HLY,2020-05-04,44.6,44.6,44.6,44.6,0
HLY,2020-05-05,44.6,44.6,44.6,44.6,0
HLY,2020-05-06,44.6,44.6,44.6,44.6,0
HLY,2020-05-07,44.6,44.6,44.6,44.6,0
HLY,2020-05-08,44.6,44.6,44.6,44.6,0
HLY,2020-05-11,44.6,44.6,44.6,44.6,0
HLY,2020-05-12,44.6,44.6,44.6,44.6,0
HLY,2020-05-13,44.6,44.6,44.6,44.6,0
HLY,2020-05-14,44.6,44.6,44.6,44.6,0
HLY,2020-05-15,44.6,44.6,44.6,44.6,0
HLY,2020-05-18,44.6,44.6,44.6,44.6,0
HLY,2020-05-19,44.6,44.6,44.6,44.6,0
HLY,2020-05-20,44.6,44.6,44.6,44.6,0
HLY,2020-05-21,44.6,44.6,44.6,44.6,0
HLY,2020-05-22,44.6,44.6,44.6,44.6,0
HLY,2020-05-25,44.6,44.6,44.6,44.6,0
HLY,2020-05-26,44.6,44.6,44.6,44.6,0
HLY,2020-05-27,44.6,44.6,44.6,44.6,0
HLY,2020-05-28,44.6,44.6,44.6,44.6,0
HLY,2020-05-29,44.6,44.6,44.6,44.6,0
HLY,2020-06-01,44.6,44.6,44.6,44.6,0
HLY,2020-06-02,44.6,44.6,44.6,44.6,0
HLY,2020-06-03,44.6,44.6,44.6,44.6,0
HLY,2020-06-04,44.6,44.6,44.6,44.6,0
HLY,2020-06-05,48.0,48.0,48.0,48.0,100
HLY,2020-06-08,48.0,48.0,48.0,48.0,0
HLY,2020-06-09,48.0,48.0,48.0,48.0,0
HLY,2020-06-10,48.0,48.0,48.0,48.0,0
HLY,2020-06-11,48.0,48.0,48.0,48.0,0
HLY,2020-06-12,48.0,48.0,48.0,48.0,0
HLY,2020-06-15,48.0,48.0,48.0,48.0,0
HLY,2020-06-16,48.0,48.0,48.0,48.0,0
HLY,2020-06-17,48.0,48.0,48.0,48.0,0
HLY,2020-06-18,48.0,48.0,48.0,48.0,0
HLY,2020-06-19,48.0,48.0,48.0,48.0,0
HLY,2020-06-22,48.0,48.0,48.0,48.0,0
HLY,2020-06-23,48.0,48.0,48.0,48.0,0
HLY,2020-06-24,48.0,48.0,48.0,48.0,0
HLY,2020-06-25,48.0,48.0,48.0,48.0,0
HLY,2020-06-26,48.0,48.0,48.0,48.0,0
HLY,2020-06-29,48.0,48.0,48.0,48.0,0
HLY,2020-06-30,48.0,48.0,48.0,48.0,0
HLY,2020-07-01,48.0,48.0,48.0,48.0,0
HLY,2020-07-02,48.0,48.0,48.0,48.0,0
HLY,2020-07-03,48.0,48.0,48.0,48.0,0
HLY,2020-07-06,48.0,48.0,48.0,48.0,0
HLY,2020-07-07,48.0,48.0,48.0,48.0,0
HLY,2020-07-08,48.0,48.0,48.0,48.0,0
HLY,2020-07-09,48.0,48.0,48.0,48.0,0
HLY,2020-07-10,48.0,48.0,48.0,48.0,0
HLY,2020-07-13,48.0,48.0,48.0,48.0,0
HLY,2020-07-14,48.0,48.0,48.0,48.0,0
HLY,2020-07-15,48.0,48.0,48.0,48.0,0
HLY,2020-07-16,48.0,48.0,48.0,48.0,0
HLY,2020-07-17,48.0,48.0,48.0,48.0,0
HLY,2020-07-20,48.0,48.0,48.0,48.0,0
HLY,2020-07-21,48.0,48.0,48.0,48.0,0
HLY,2020-07-22,48.0,48.0,48.0,48.0,0
HLY,2020-07-23,48.0,48.0,48.0,48.0,0
HLY,2020-07-24,48.0,48.0,48.0,48.0,0
HLY,2020-07-27,48.0,48.0,48.0,48.0,0
HLY,2020-07-28,48.0,48.0,48.0,48.0,0
HLY,2020-07-29,48.0,48.0,48.0,48.0,0
HLY,2020-07-30,48.0,48.0,48.0,48.0,0
HLY,2020-07-31,48.0,48.0,48.0,48.0,0
HLY,2020-08-03,48.0,48.0,48.0,48.0,0
HLY,2020-08-04,48.0,48.0,48.0,48.0,0
HLY,2020-08-05,50.5,50.5,50.5,50.5,100
HLY,2020-08-06,50.5,50.5,50.5,50.5,0
HLY,2020-08-07,50.5,50.5,50.5,50.5,0
HLY,2020-08-10,50.5,50.5,50.5,50.5,0
HLY,2020-08-11,50.5,50.5,50.5,50.5,0
HLY,2020-08-12,50.5,50.5,50.5,50.5,0
HLY,2020-08-13,50.5,50.5,50.5,50.5,0
HLY,2020-08-14,50.5,50.5,50.5,50.5,0
HLY,2020-08-17,50.5,50.5,50.5,50.5,0
HLY,2020-08-18,50.5,50.5,50.5,50.5,0
HLY,2020-08-19,50.5,50.5,50.5,50.5,0
HLY,2020-08-20,50.5,50.5,50.5,50.5,0
HLY,2020-08-21,50.5,50.5,50.5,50.5,0
HLY,2020-08-24,50.5,50.5,50.5,50.5,0
HLY,2020-08-25,50.5,50.5,50.5,50.5,2
HLY,2020-08-26,50.5,50.5,50.5,50.5,0
HLY,2020-08-27,50.5,50.5,50.5,50.5,0
HLY,2020-08-28,50.5,50.5,50.5,50.5,0
HLY,2020-08-31,50.5,50.5,50.5,50.5,0
HLY,2020-09-01,50.5,50.5,50.5,50.5,0
HLY,2020-09-03,50.5,50.5,50.5,50.5,0
HLY,2020-09-04,50.5,50.5,50.5,50.5,0
HLY,2020-09-07,50.5,50.5,50.5,50.5,0
HLY,2020-09-08,50.5,50.5,50.5,50.5,0
HLY,2020-09-09,50.5,50.5,50.5,50.5,0
HLY,2020-09-10,50.5,50.5,50.5,50.5,0
HLY,2020-09-11,50.5,50.5,50.5,50.5,0
HLY,2020-09-14,50.5,50.5,50.5,50.5,0
HLY,2020-09-15,50.5,50.5,50.5,50.5,0
HLY,2020-09-16,50.5,50.5,50.5,50.5,0
HLY,2020-09-17,50.5,50.5,50.5,50.5,0
HLY,2020-09-18,50.5,50.5,50.5,50.5,0
HLY,2020-09-21,50.5,50.5,50.5,50.5,0
HLY,2020-09-22,50.5,50.5,50.5,50.5,0
HLY,2020-09-23,50.5,50.5,50.5,50.5,0
HLY,2020-09-24,50.5,50.5,50.5,50.5,0
HLY,2020-09-25,50.5,50.5,50.5,50.5,0
HLY,2020-09-28,50.5,50.5,50.5,50.5,0
HLY,2020-09-29,50.5,50.5,50.5,50.5,0
HLY,2020-09-30,50.5,50.5,50.5,50.5,0
HLY,2020-10-01,50.5,50.5,50.5,50.5,0
HLY,2020-10-02,50.5,50.5,50.5,50.5,0
HLY,2020-10-05,50.5,50.5,50.5,50.5,0
HLY,2020-10-06,50.5,50.5,50.5,50.5,0
HLY,2020-10-07,50.5,50.5,50.5,50.5,0
HLY,2020-10-08,50.5,50.5,50.5,50.5,0
HLY,2020-10-09,50.5,50.5,50.5,50.5,0
HLY,2020-10-12,50.5,50.5,50.5,50.5,0
HLY,2020-10-13,50.5,50.5,50.5,50.5,0
HLY,2020-10-14,50.5,50.5,50.5,50.5,0
HLY,2020-10-15,50.5,50.5,50.5,50.5,0
HLY,2020-10-16,50.5,50.5,50.5,50.5,0
HLY,2020-10-19,50.5,50.5,50.5,50.5,0
HLY,2020-10-20,50.5,50.5,50.5,50.5,0
HLY,2020-10-21,50.5,50.5,50.5,50.5,0
HLY,2020-10-22,50.5,50.5,50.5,50.5,0
HLY,2020-10-23,50.5,50.5,50.5,50.5,0
HLY,2020-10-26,50.5,50.5,50.5,50.5,0
HLY,2020-10-27,50.5,50.5,50.5,50.5,0
HLY,2020-10-28,50.5,50.5,50.5,50.5,0
HLY,2020-10-29,50.5,50.5,50.5,50.5,0
HLY,2020-10-30,50.5,50.5,50.5,50.5,0
HLY,2020-11-02,50.5,50.5,50.5,50.5,0
HLY,2020-11-03,50.5,50.5,50.5,50.5,0
HLY,2020-11-04,50.5,50.5,50.5,50.5,0
HLY,2020-11-05,50.5,50.5,50.5,50.5,0
HLY,2020-11-06,50.5,50.5,50.5,50.5,0
HLY,2020-11-09,50.5,50.5,50.5,50.5,0
HLY,2020-11-10,50.5,50.5,50.5,50.5,0
HLY,2020-11-11,50.5,50.5,50.5,50.5,800
HLY,2020-11-12,50.5,50.5,50.5,50.5,0
HLY,2020-11-13,50.5,50.5,50.5,50.5,0
HLY,2020-11-16,50.5,50.5,50.5,50.5,0
HLY,2020-11-17,50.5,50.5,50.5,50.5,0
HLY,2020-11-18,50.5,50.5,50.5,50.5,0
HLY,2020-11-19,50.5,50.5,50.5,50.5,0
HLY,2020-11-20,50.5,50.5,50.5,50.5,0
HLY,2020-11-23,54.0,54.0,54.0,54.0,100
HLY,2020-11-24,55.0,55.0,55.0,55.0,300
HLY,2020-11-25,55.0,55.0,55.0,55.0,0
HLY,2020-11-26,55.0,55.0,55.0,55.0,0
HLY,2020-11-27,55.0,55.0,55.0,55.0,0
HLY,2020-11-30,55.0,55.0,55.0,55.0,0
HLY,2020-12-01,55.0,55.0,55.0,55.0,0
HLY,2020-12-02,55.0,55.0,55.0,55.0,0
HLY,2020-12-03,55.0,55.0,55.0,55.0,0
HLY,2020-12-04,55.0,55.0,55.0,55.0,0
HLY,2020-12-07,55.0,55.0,55.0,55.0,0
HLY,2020-12-08,55.0,55.0,55.0,55.0,0
HLY,2020-12-09,55.0,55.0,55.0,55.0,0
HLY,2020-12-10,55.0,55.0,55.0,55.0,0
HLY,2020-12-11,55.0,55.0,55.0,55.0,0
HLY,2020-12-14,55.0,55.0,55.0,55.0,0
HLY,2020-12-15,55.0,55.0,55.0,55.0,0
HLY,2020-12-16,55.0,55.0,55.0,55.0,0
HLY,2020-12-17,55.0,55.0,55.0,55.0,0
HLY,2020-12-18,55.0,55.0,55.0,55.0,0
HLY,2020-12-21,55.0,55.0,55.0,55.0,0
HLY,2020-12-22,55.0,55.0,55.0,55.0,0
HLY,2020-12-23,55.0,55.0,55.0,55.0,0
HLY,2020-12-24,55.0,55.0,55.0,55.0,0
HLY,2020-12-25,55.0,55.0,55.0,55.0,0
HLY,2020-12-28,55.0,55.0,55.0,55.0,0
HLY,2020-12-29,55.0,55.0,55.0,55.0,0
HLY,2020-12-30,55.0,55.0,55.0,55.0,0
HLY,2020-12-31,55.0,55.0,55.0,55.0,9
HLY,2021-01-04,55.0,55.0,55.0,55.0,0
HLY,2021-01-05,55.0,55.0,55.0,55.0,0
HLY,2021-01-06,55.0,55.0,55.0,55.0,0
HLY,2021-01-07,55.0,55.0,55.0,55.0,0
HLY,2021-01-08,55.0,55.0,55.0,55.0,0
HLY,2021-01-11,55.0,55.0,55.0,55.0,0
HLY,2021-01-12,55.0,55.0,55.0,55.0,0
HLY,2021-01-13,55.0,55.0,55.0,55.0,0
HLY,2021-01-14,55.0,55.0,55.0,55.0,0
HLY,2021-01-15,55.0,55.0,55.0,55.0,0
HLY,2021-01-18,55.0,55.0,55.0,55.0,0
HLY,2021-01-19,55.0,55.0,55.0,55.0,0
HLY,2021-01-20,55.0,55.0,55.0,55.0,0
HLY,2021-01-21,55.0,55.0,55.0,55.0,0
HLY,2021-01-22,55.0,55.0,55.0,55.0,0
HLY,2021-01-25,55.0,55.0,55.0,55.0,0
HLY,2021-01-26,55.0,55.0,55.0,55.0,0
HLY,2021-01-27,55.0,55.0,55.0,55.0,0
HLY,2021-01-28,49.5,49.5,49.5,49.5,100
HLY,2021-01-29,49.5,49.5,49.5,49.5,0
HLY,2021-02-01,49.5,49.5,49.5,49.5,0
HLY,2021-02-02,49.5,49.5,49.5,49.5,0
HLY,2021-02-03,49.5,49.5,49.5,49.5,0
HLY,2021-02-04,49.5,49.5,49.5,49.5,0
HLY,2021-02-05,49.5,49.5,49.5,49.5,0
HLY,2021-02-08,49.5,49.5,49.5,49.5,0
HLY,2021-02-09,49.5,49.5,49.5,49.5,0
HLY,2021-02-17,49.5,49.5,49.5,49.5,0
HLY,2021-02-18,49.5,49.5,49.5,49.5,0
HLY,2021-02-19,49.5,49.5,49.5,49.5,0
HLY,2021-02-22,49.5,49.5,49.5,49.5,0
HLY,2021-02-23,49.5,49.5,49.5,49.5,0
HLY,2021-02-24,44.6,44.6,44.6,44.6,100
HLY,2021-02-25,44.6,44.6,40.2,40.2,400
HLY,2021-02-26,36.2,36.2,36.2,36.2,530
HLY,2021-03-01,32.6,32.6,32.6,32.6,300
HLY,2021-03-02,29.4,29.4,29.4,29.4,15416
HLY,2021-03-03,26.5,26.5,26.5,26.5,1980
HLY,2021-03-04,23.9,23.9,23.9,23.9,700
HLY,2021-03-05,21.6,21.6,21.6,21.6,1200
HLY,2021-03-08,19.5,19.5,19.5,19.5,3900
HLY,2021-03-09,17.6,17.6,17.6,17.6,2400
HLY,2021-03-10,15.9,15.9,15.9,15.9,10500
HLY,2021-03-11,14.4,14.4,14.4,14.4,6700
HLY,2021-03-12,13.0,13.0,13.0,13.0,10464
HLY,2021-03-15,11.7,14.3,11.7,14.3,25900
HLY,2021-03-16,15.7,15.7,15.7,15.7,3900
HLY,2021-03-17,17.2,17.2,17.2,17.2,1700
HLY,2021-03-18,18.9,18.9,18.9,18.9,1700
HLY,2021-03-19,20.7,20.7,20.7,20.7,8100
HLY,2021-03-22,22.7,22.7,22.7,22.7,9100
HLY,2021-03-23,24.9,24.9,24.8,24.9,27000
HLY,2021-03-24,27.3,27.3,22.5,22.5,11440
HLY,2021-03-25,22.5,22.5,20.3,20.3,6400
HLY,2021-03-26,18.3,20.2,18.3,20.2,17433
HLY,2021-03-29,19.5,22.0,18.2,22.0,5000
HLY,2021-03-30,22.0,22.0,19.8,21.9,3100
HLY,2021-03-31,19.8,21.9,19.8,19.8,5840
HLY,2021-04-01,19.0,19.8,19.0,19.8,2310
HLY,2021-04-02,19.0,19.0,17.9,17.9,8500
HLY,2021-04-05,19.6,19.6,19.0,19.0,8500
HLY,2021-04-06,19.0,19.1,19.0,19.1,4623
HLY,2021-04-07,19.0,19.0,18.8,18.8,1600
HLY,2021-04-08,17.4,17.4,17.0,17.0,9000
HLY,2021-04-09,17.0,17.1,17.0,17.0,1600
HLY,2021-04-12,15.3,18.4,15.3,18.3,24416
HLY,2021-04-13,17.0,17.0,16.6,16.9,24416
HLY,2021-04-14,16.6,16.6,15.7,15.8,6300
HLY,2021-04-15,15.8,16.9,15.6,16.9,1900
HLY,2021-04-16,16.4,17.0,15.5,17.0,1600
HLY,2021-04-28,17.0,17.0,17.0,17.0,0
HLY,2021-04-29,17.0,17.0,17.0,17.0,0
HLY,2021-05-04,17.0,17.0,17.0,17.0,0
HLY,2021-05-05,17.0,17.0,17.0,17.0,0
HLY,2021-05-06,17.0,17.0,17.0,17.0,0
HLY,2021-05-07,10.6,10.9,10.6,10.9,1300
HLY,2021-05-10,10.7,10.9,10.9,10.9,0
HLY,2021-05-11,10.7,10.9,10.9,10.9,0
HLY,2021-05-12,10.7,10.9,10.9,10.9,0
HLY,2021-05-13,10.7,10.9,10.9,10.9,0
HLY,2021-05-14,10.7,11.5,10.7,11.5,19500
HLY,2021-05-17,11.1,11.5,11.5,11.5,0
HLY,2021-05-18,11.1,11.5,11.5,11.5,0
HLY,2021-05-19,11.1,11.5,11.5,11.5,0
HLY,2021-05-20,11.1,11.5,11.5,11.5,0
HLY,2021-05-21,11.1,11.2,10.8,10.8,9100
HLY,2021-05-24,11.1,10.8,10.8,10.8,0
HLY,2021-05-25,11.1,10.8,10.8,10.8,0
HLY,2021-05-26,11.1,10.8,10.8,10.8,0
HLY,2021-05-27,11.1,10.8,10.8,10.8,0
HLY,2021-05-28,11.1,11.1,9.6,10.5,5000
HLY,2021-05-31,10.2,10.5,10.5,10.5,0
HLY,2021-06-01,10.2,10.5,10.5,10.5,0
HLY,2021-06-02,10.2,10.5,10.5,10.5,0
HLY,2021-06-03,10.2,10.5,10.5,10.5,0
HLY,2021-06-04,9.4,9.7,9.4,9.6,2200
HLY,2021-06-07,9.5,9.6,9.6,9.6,0
HLY,2021-06-08,9.5,9.6,9.6,9.6,0
HLY,2021-06-09,9.5,9.6,9.6,9.6,0
HLY,2021-06-10,9.5,9.6,9.6,9.6,0
HLY,2021-06-11,8.3,9.5,8.3,8.7,10100
HLY,2021-06-14,8.7,8.7,8.7,8.7,0
HLY,2021-06-15,8.7,8.7,8.7,8.7,0
HLY,2021-06-16,8.7,8.7,8.7,8.7,0
HLY,2021-06-17,8.7,8.7,8.7,8.7,0
HLY,2021-06-18,9.8,10.0,9.8,10.0,24900
HLY,2021-06-21,10.0,10.0,10.0,10.0,0
HLY,2021-06-22,10.0,10.0,10.0,10.0,0
HLY,2021-06-23,10.0,10.0,10.0,10.0,0
HLY,2021-06-24,10.0,10.0,10.0,10.0,0
HLY,2021-06-25,11.3,11.5,11.3,11.5,1506
HLY,2021-06-28,11.5,11.5,11.5,11.5,0
HLY,2021-06-29,11.5,11.5,11.5,11.5,0
HLY,2021-06-30,11.5,11.5,11.5,11.5,0
HLY,2021-07-01,11.5,11.5,11.5,11.5,0
HLY,2021-07-02,13.2,13.2,10.7,10.7,3200
HLY,2021-07-05,13.1,10.7,10.7,10.7,0
HLY,2021-07-06,13.1,10.7,10.7,10.7,0
HLY,2021-07-07,13.1,10.7,10.7,10.7,0
HLY,2021-07-08,13.1,10.7,10.7,10.7,0
HLY,2021-07-09,11.2,14.9,11.2,13.5,4700
HLY,2021-07-12,13.3,13.5,13.5,13.5,0
HLY,2021-07-13,13.3,13.5,13.5,13.5,0
HLY,2021-07-14,13.3,13.5,13.5,13.5,0
HLY,2021-07-15,13.3,13.5,13.5,13.5,0
HLY,2021-07-16,13.3,13.5,13.3,13.5,1000
HLY,2021-07-19,13.4,13.5,13.5,13.5,0
HLY,2021-07-20,13.4,13.5,13.5,13.5,0
HLY,2021-07-21,13.4,13.5,13.5,13.5,0
HLY,2021-07-22,13.4,13.5,13.5,13.5,0
HLY,2021-07-23,13.4,13.5,13.4,13.5,4400
HLY,2021-07-26,13.4,13.5,13.5,13.5,0
HLY,2021-07-27,13.4,13.5,13.5,13.5,0
HLY,2021-07-28,13.4,13.5,13.5,13.5,0
HLY,2021-07-29,13.4,13.5,13.5,13.5,0
HLY,2021-07-30,14.0,15.4,13.5,15.4,1600
HLY,2021-08-02,13.8,13.8,13.8,13.8,0
HLY,2021-08-03,13.8,15.4,15.4,15.4,0
HLY,2021-08-04,13.8,15.4,15.4,15.4,0
HLY,2021-08-05,13.8,15.4,15.4,15.4,0
HLY,2021-08-06,13.8,15.8,12.0,14.0,6100
HLY,2021-08-09,13.8,14.0,14.0,14.0,0
HLY,2021-08-10,13.8,14.0,14.0,14.0,0
HLY,2021-08-11,13.8,14.0,14.0,14.0,0
HLY,2021-08-12,13.8,14.0,14.0,14.0,0
HLY,2021-08-13,13.5,15.8,11.8,11.8,13200
HLY,2021-08-16,15.7,11.8,11.8,11.8,0
HLY,2021-08-17,15.7,11.8,11.8,11.8,0
HLY,2021-08-18,15.7,11.8,11.8,11.8,0
HLY,2021-08-19,15.7,11.8,11.8,11.8,0
HLY,2021-08-20,13.6,13.6,13.5,13.5,200
HLY,2021-08-23,13.6,13.5,13.5,13.5,0
HLY,2021-08-24,13.6,13.5,13.5,13.5,0
HLY,2021-08-25,13.6,13.5,13.5,13.5,0
HLY,2021-08-26,13.6,13.5,13.5,13.5,0
HLY,2021-08-27,13.5,13.6,11.7,13.6,6200
HLY,2021-08-30,13.5,13.5,13.5,13.5,0
HLY,2021-08-31,13.5,13.5,13.5,13.5,0
HLY,2021-09-01,13.5,13.5,13.5,13.5,0
HLY,2021-09-06,13.5,13.6,13.6,13.6,0
HLY,2021-09-07,13.5,13.6,13.6,13.6,0
HLY,2021-09-08,13.5,13.5,13.5,13.5,0
HLY,2021-09-09,13.5,13.5,13.5,13.5,0
HLY,2021-09-10,13.5,13.5,13.5,13.5,0
HLY,2021-09-13,13.5,13.5,13.5,13.5,0
HLY,2021-09-14,13.5,13.5,13.5,13.5,0
HLY,2021-09-15,13.5,13.5,13.5,13.5,0
HLY,2021-09-16,13.5,13.5,13.5,13.5,0
HLY,2021-09-17,13.5,13.6,13.5,13.6,8300
HLY,2021-09-20,13.5,13.5,13.5,13.5,0
HLY,2021-09-21,13.5,13.5,13.5,13.5,0
HLY,2021-09-22,13.5,13.5,13.5,13.5,0
HLY,2021-09-23,13.5,13.5,13.5,13.5,0
HLY,2021-09-24,13.5,15.5,13.5,15.5,3100
HLY,2021-09-27,15.2,15.2,15.2,15.2,0
HLY,2021-09-28,15.2,15.2,15.2,15.2,0
HLY,2021-09-29,15.2,15.2,15.2,15.2,0
HLY,2021-09-30,15.2,15.2,15.2,15.2,0
HLY,2021-10-01,14.0,14.0,14.0,14.0,300
HLY,2021-10-04,14.0,14.0,14.0,14.0,0
HLY,2021-10-05,14.0,14.0,14.0,14.0,0
HLY,2021-10-06,14.0,14.0,14.0,14.0,0
HLY,2021-10-07,14.0,14.0,14.0,14.0,0
HLY,2021-10-08,14.0,14.0,14.0,14.0,600
HLY,2021-10-11,14.0,14.0,14.0,14.0,0
HLY,2021-10-12,14.0,14.0,14.0,14.0,0
HLY,2021-10-13,14.0,14.0,14.0,14.0,0
HLY,2021-10-14,14.0,14.0,14.0,14.0,0
HLY,2021-10-15,12.0,12.0,12.0,12.0,200
HLY,2021-10-18,12.0,12.0,12.0,12.0,0
HLY,2021-10-19,12.0,12.0,12.0,12.0,0
HLY,2021-10-20,12.0,12.0,12.0,12.0,0
HLY,2021-10-21,12.0,12.0,12.0,12.0,0
HLY,2021-10-22,10.2,10.3,10.2,10.3,212
HLY,2021-10-25,10.3,10.3,10.3,10.3,0
HLY,2021-10-26,10.3,10.3,10.3,10.3,0
HLY,2021-10-27,10.3,10.3,10.3,10.3,0
HLY,2021-10-28,10.3,10.3,10.3,10.3,0
HLY,2021-10-29,10.3,10.3,10.3,10.3,200
HLY,2021-11-01,10.3,10.3,10.3,10.3,0
HLY,2021-11-02,10.3,10.3,10.3,10.3,0
HLY,2021-11-03,10.3,10.3,10.3,10.3,0
HLY,2021-11-04,10.3,10.3,10.3,10.3,0
HLY,2021-11-05,11.8,11.8,10.3,10.3,3738
HLY,2021-11-08,11.0,11.0,11.0,11.0,0
HLY,2021-11-09,11.0,11.0,11.0,11.0,0
HLY,2021-11-10,11.0,11.0,11.0,11.0,0
HLY,2021-11-11,11.0,11.0,11.0,11.0,0
HLY,2021-11-12,11.8,12.5,11.8,12.5,1100
HLY,2021-11-15,12.2,12.2,12.2,12.2,0
HLY,2021-11-16,12.2,12.2,12.2,12.2,0
HLY,2021-11-17,12.2,12.2,12.2,12.2,0
HLY,2021-11-18,12.2,12.2,12.2,12.2,0
HLY,2021-11-19,13.5,13.9,13.5,13.9,300
HLY,2021-11-22,13.8,13.8,13.8,13.8,0
HLY,2021-11-23,13.8,13.8,13.8,13.8,0
HLY,2021-11-24,13.8,13.8,13.8,13.8,0
HLY,2021-11-25,13.8,13.8,13.8,13.8,0
HLY,2021-11-26,14.0,14.0,12.8,13.0,6100
HLY,2021-11-29,13.0,13.0,13.0,13.0,0
HLY,2021-11-30,13.0,13.0,13.0,13.0,0
HLY,2021-12-01,13.0,13.0,13.0,13.0,0
HLY,2021-12-02,13.0,13.0,13.0,13.0,0
HLY,2021-12-03,14.9,14.9,14.8,14.8,433
HLY,2021-12-06,14.8,14.8,14.8,14.8,0
HLY,2021-12-07,14.8,14.8,14.8,14.8,0
HLY,2021-12-08,14.8,14.8,14.8,14.8,0
HLY,2021-12-09,14.8,14.8,14.8,14.8,0
HLY,2021-12-10,12.8,14.8,12.8,14.8,300
HLY,2021-12-13,13.5,13.5,13.5,13.5,0
HLY,2021-12-14,13.5,13.5,13.5,13.5,0
HLY,2021-12-15,13.5,13.5,13.5,13.5,0
HLY,2021-12-16,13.5,13.5,13.5,13.5,0
HLY,2021-12-17,15.5,15.5,15.4,15.5,4701
HLY,2021-12-20,15.5,15.5,15.5,15.5,0
HLY,2021-12-21,15.5,15.5,15.5,15.5,0
HLY,2021-12-22,15.5,15.5,15.5,15.5,0
HLY,2021-12-23,15.5,15.5,15.5,15.5,0
HLY,2021-12-24,16.5,16.5,15.5,15.5,700
HLY,2021-12-27,15.8,15.8,15.8,15.8,0
HLY,2021-12-28,15.8,15.8,15.8,15.8,0
HLY,2021-12-29,15.8,15.8,15.8,15.8,0
HLY,2021-12-30,15.8,15.8,15.8,15.8,0
HLY,2021-12-31,18.1,18.1,18.0,18.0,200
HLY,2022-01-04,18.1,18.1,18.1,18.1,0
HLY,2022-01-05,18.1,18.1,18.1,18.1,0
HLY,2022-01-06,18.1,18.1,18.1,18.1,0
HLY,2022-01-07,15.4,20.6,15.4,20.6,300
HLY,2022-01-10,18.9,18.9,18.9,18.9,0
HLY,2022-01-11,18.9,18.9,18.9,18.9,0
HLY,2022-01-12,18.9,18.9,18.9,18.9,0
HLY,2022-01-13,18.9,18.9,18.9,18.9,0
HLY,2022-01-14,16.1,16.1,16.1,16.1,100
HLY,2022-01-17,16.1,16.1,16.1,16.1,0
HLY,2022-01-18,16.1,16.1,16.1,16.1,0
HLY,2022-01-19,16.1,16.1,16.1,16.1,0
HLY,2022-01-20,16.1,16.1,16.1,16.1,0
HLY,2022-01-21,18.5,18.5,13.7,13.7,400
HLY,2022-01-24,15.6,15.6,15.6,15.6,0
HLY,2022-01-25,15.6,15.6,15.6,15.6,0
HLY,2022-01-26,15.6,15.6,15.6,15.6,0
HLY,2022-01-27,15.6,15.6,15.6,15.6,0
HLY,2022-01-28,17.9,17.9,17.9,17.9,200
HLY,2022-02-07,17.9,17.9,17.9,17.9,0
HLY,2022-02-08,17.9,17.9,17.9,17.9,0
HLY,2022-02-09,17.9,17.9,17.9,17.9,0
HLY,2022-02-10,17.9,17.9,17.9,17.9,0
HLY,2022-02-11,17.9,20.4,15.3,15.3,1000
HLY,2022-02-14,17.1,17.1,17.1,17.1,0
HLY,2022-02-15,17.1,17.1,17.1,17.1,0
HLY,2022-02-16,17.1,17.1,17.1,17.1,0
HLY,2022-02-17,17.1,17.1,17.1,17.1,0
HLY,2022-02-18,17.1,19.6,17.0,17.5,4568
HLY,2022-02-21,19.3,19.3,19.3,19.3,0
HLY,2022-02-22,19.3,19.3,19.3,19.3,0
HLY,2022-02-23,19.3,19.3,19.3,19.3,0
HLY,2022-02-24,19.3,19.3,19.3,19.3,0
HLY,2022-02-25,22.1,22.1,19.9,19.9,200
HLY,2022-02-28,21.0,21.0,21.0,21.0,0
HLY,2022-03-01,21.0,21.0,21.0,21.0,0
HLY,2022-03-02,21.0,21.0,21.0,21.0,0
HLY,2022-03-03,21.0,21.0,21.0,21.0,0
HLY,2022-03-04,17.9,21.8,17.9,21.0,4982
HLY,2022-03-07,19.5,19.5,19.5,19.5,0
HLY,2022-03-08,19.5,19.5,19.5,19.5,0
HLY,2022-03-09,19.5,19.5,19.5,19.5,0
HLY,2022-03-10,19.5,19.5,19.5,19.5,0
HLY,2022-03-11,17.5,17.5,17.5,17.5,100
HLY,2022-03-14,17.5,17.5,17.5,17.5,0
HLY,2022-03-15,17.5,17.5,17.5,17.5,0
HLY,2022-03-16,17.5,17.5,17.5,17.5,0
HLY,2022-03-17,17.5,17.5,17.5,17.5,0
HLY,2022-03-18,20.1,20.1,20.0,20.0,4300
HLY,2022-03-21,20.0,20.0,20.0,20.0,0
HLY,2022-03-22,20.0,20.0,20.0,20.0,0
HLY,2022-03-23,20.0,20.0,20.0,20.0,0
HLY,2022-03-24,20.0,20.0,20.0,20.0,0
HLY,2022-03-25,19.5,20.0,17.0,17.0,2300
HLY,2022-03-28,18.5,18.5,18.5,18.5,0
HLY,2022-03-29,18.5,18.5,18.5,18.5,0
HLY,2022-03-30,18.5,18.5,18.5,18.5,0
HLY,2022-03-31,18.5,18.5,18.5,18.5,0
HLY,2022-04-01,18.5,21.1,15.8,15.8,800
HLY,2022-04-04,18.6,18.6,18.6,18.6,0
HLY,2022-04-05,18.6,18.6,18.6,18.6,0
HLY,2022-04-06,18.6,18.6,18.6,18.6,0
HLY,2022-04-07,18.6,18.6,18.6,18.6,0
HLY,2022-04-08,16.3,16.3,16.3,16.3,100
HLY,2022-04-12,16.3,16.3,16.3,16.3,0
HLY,2022-04-13,16.3,16.3,16.3,16.3,0
HLY,2022-04-14,16.3,16.3,16.3,16.3,0
HLY,2022-04-15,14.3,14.3,14.3,14.3,100
HLY,2022-04-18,14.3,14.3,14.3,14.3,0
HLY,2022-04-19,14.3,14.3,14.3,14.3,0
HLY,2022-04-20,14.3,14.3,14.3,14.3,0
HLY,2022-04-21,14.3,14.3,14.3,14.3,0
HLY,2022-04-22,12.5,12.5,12.4,12.4,1100
HLY,2022-04-25,12.4,12.4,12.4,12.4,0
HLY,2022-04-26,12.4,12.4,12.4,12.4,0
HLY,2022-04-27,12.4,12.4,12.4,12.4,0
HLY,2022-04-28,12.4,12.4,12.4,12.4,0
HLY,2022-04-29,12.4,12.4,12.4,12.4,0
HLY,2022-05-04,12.4,12.4,12.4,12.4,0
HLY,2022-05-05,12.4,12.4,12.4,12.4,0
HLY,2022-05-06,12.4,12.4,12.4,12.4,0
HLY,2022-05-09,12.4,12.4,12.4,12.4,0
HLY,2022-05-10,12.4,12.4,12.4,12.4,0
HLY,2022-05-11,12.4,12.4,12.4,12.4,0
HLY,2022-05-12,12.4,12.4,12.4,12.4,0
HLY,2022-05-13,12.4,12.4,12.4,12.4,0
HLY,2022-05-16,12.4,12.4,12.4,12.4,0
HLY,2022-05-17,12.4,12.4,12.4,12.4,0
HLY,2022-05-18,12.4,12.4,12.4,12.4,0
HLY,2022-05-19,12.4,12.4,12.4,12.4,0
HLY,2022-05-20,14.1,14.2,14.1,14.2,2200
HLY,2022-05-23,14.2,14.2,14.2,14.2,0
HLY,2022-05-24,14.2,14.2,14.2,14.2,0
HLY,2022-05-25,14.2,14.2,14.2,14.2,0
HLY,2022-05-26,14.2,14.2,14.2,14.2,0
HLY,2022-05-27,16.3,16.3,16.3,16.3,100
HLY,2022-05-30,16.3,16.3,16.3,16.3,0
HLY,2022-05-31,16.3,16.3,16.3,16.3,0
HLY,2022-06-01,16.3,16.3,16.3,16.3,0
HLY,2022-06-02,16.3,16.3,16.3,16.3,0
HLY,2022-06-03,14.0,18.5,14.0,18.5,600
HLY,2022-06-06,14.8,14.8,14.8,14.8,0
HLY,2022-06-07,14.8,14.8,14.8,14.8,0
HLY,2022-06-08,14.8,14.8,14.8,14.8,0
HLY,2022-06-09,14.8,14.8,14.8,14.8,0
HLY,2022-06-10,14.7,17.0,14.7,17.0,418
HLY,2022-06-13,15.9,15.9,15.9,15.9,0
HLY,2022-06-14,15.9,15.9,15.9,15.9,0
HLY,2022-06-15,15.9,15.9,15.9,15.9,0
HLY,2022-06-16,15.9,15.9,15.9,15.9,0
HLY,2022-06-17,15.9,15.9,15.9,15.9,0
HLY,2022-06-20,15.9,15.9,15.9,15.9,0
HLY,2022-06-21,15.9,15.9,15.9,15.9,0
HLY,2022-06-22,15.9,15.9,15.9,15.9,0
HLY,2022-06-23,15.9,15.9,15.9,15.9,0
HLY,2022-06-24,15.9,15.9,15.9,15.9,0
HLY,2022-06-27,15.9,15.9,15.9,15.9,0
HLY,2022-06-28,15.9,15.9,15.9,15.9,0
HLY,2022-06-29,15.9,15.9,15.9,15.9,0
HLY,2022-06-30,15.9,15.9,15.9,15.9,0
HLY,2022-07-01,18.1,18.1,18.1,18.1,100
HLY,2022-07-04,18.1,18.1,18.1,18.1,0
HLY,2022-07-05,18.1,18.1,18.1,18.1,0
HLY,2022-07-06,18.1,18.1,18.1,18.1,0
HLY,2022-07-07,18.1,18.1,18.1,18.1,0
HLY,2022-07-08,15.4,15.4,15.4,15.4,500
HLY,2022-07-11,15.4,15.4,15.4,15.4,0
HLY,2022-07-12,15.4,15.4,15.4,15.4,0
HLY,2022-07-13,15.4,15.4,15.4,15.4,0
HLY,2022-07-14,15.4,15.4,15.4,15.4,0
HLY,2022-07-15,14.0,14.0,14.0,14.0,2082
HLY,2022-07-18,14.0,14.0,14.0,14.0,0
HLY,2022-07-19,14.0,14.0,14.0,14.0,0
HLY,2022-07-20,14.0,14.0,14.0,14.0,0
HLY,2022-07-21,14.0,14.0,14.0,14.0,0
HLY,2022-07-22,14.0,14.0,14.0,14.0,0
HLY,2022-07-25,14.0,14.0,14.0,14.0,0
HLY,2022-07-26,14.0,14.0,14.0,14.0,0
HLY,2022-07-27,14.0,14.0,14.0,14.0,0
HLY,2022-07-28,14.0,14.0,14.0,14.0,0
HLY,2022-07-29,16.1,16.1,16.1,16.1,100
HLY,2022-08-01,16.1,16.1,16.1,16.1,0
HLY,2022-08-02,16.1,16.1,16.1,16.1,0
HLY,2022-08-03,16.1,16.1,16.1,16.1,0
HLY,2022-08-04,16.1,16.1,16.1,16.1,0
HLY,2022-08-05,18.5,18.5,18.5,18.5,100
HLY,2022-08-08,18.5,18.5,18.5,18.5,0
HLY,2022-08-09,18.5,18.5,18.5,18.5,0
HLY,2022-08-10,18.5,18.5,18.5,18.5,0
HLY,2022-08-11,18.5,18.5,18.5,18.5,0
HLY,2022-08-12,15.8,18.5,15.8,18.5,200
HLY,2022-08-15,17.2,17.2,17.2,17.2,0
HLY,2022-08-16,17.2,17.2,17.2,17.2,0
HLY,2022-08-17,17.2,17.2,17.2,17.2,0
HLY,2022-08-18,17.2,17.2,17.2,17.2,0
HLY,2022-08-19,17.2,17.2,17.2,17.2,0
HLY,2022-08-22,17.2,17.2,17.2,17.2,0
HLY,2022-08-23,17.2,17.2,17.2,17.2,0
HLY,2022-08-24,17.2,17.2,17.2,17.2,0
HLY,2022-08-25,17.2,17.2,17.2,17.2,0
HLY,2022-08-26,17.2,17.2,17.2,17.2,0
HLY,2022-08-29,17.2,17.2,17.2,17.2,0
HLY,2022-08-30,17.2,17.2,17.2,17.2,0
HLY,2022-08-31,17.2,17.2,17.2,17.2,0
HLY,2022-09-05,17.2,17.2,17.2,17.2,0
HLY,2022-09-06,17.2,17.2,17.2,17.2,0
HLY,2022-09-07,17.2,17.2,17.2,17.2,0
HLY,2022-09-08,17.2,17.2,17.2,17.2,0
HLY,2022-09-09,17.2,17.2,17.2,17.2,0
HLY,2022-09-12,17.2,17.2,17.2,17.2,0
HLY,2022-09-13,17.2,17.2,17.2,17.2,0
HLY,2022-09-14,17.2,17.2,17.2,17.2,0
HLY,2022-09-15,17.2,17.2,17.2,17.2,0
HLY,2022-09-16,17.2,17.2,17.2,17.2,18
HLY,2022-09-19,17.2,17.2,17.2,17.2,0
HLY,2022-09-20,17.2,17.2,17.2,17.2,0
HLY,2022-09-21,17.2,17.2,17.2,17.2,0
HLY,2022-09-22,17.2,17.2,17.2,17.2,0
HLY,2022-09-23,19.6,19.6,19.6,19.6,100
HLY,2022-09-26,19.6,19.6,19.6,19.6,0
HLY,2022-09-27,19.6,19.6,19.6,19.6,0
HLY,2022-09-28,19.6,19.6,19.6,19.6,0
HLY,2022-09-29,19.6,19.6,19.6,19.6,0
HLY,2022-09-30,16.7,16.7,16.7,16.7,100
HLY,2022-10-03,16.7,16.7,16.7,16.7,0
HLY,2022-10-04,16.7,16.7,16.7,16.7,0
HLY,2022-10-05,16.7,16.7,16.7,16.7,0
HLY,2022-10-06,16.7,16.7,16.7,16.7,0
HLY,2022-10-07,16.7,16.7,16.7,16.7,0
HLY,2022-10-10,16.7,16.7,16.7,16.7,0
HLY,2022-10-11,16.7,16.7,16.7,16.7,0
HLY,2022-10-12,16.7,16.7,16.7,16.7,0
HLY,2022-10-13,16.7,16.7,16.7,16.7,0
HLY,2022-10-14,16.7,16.7,16.7,16.7,1
HLY,2022-10-17,16.7,16.7,16.7,16.7,0
HLY,2022-10-18,16.7,16.7,16.7,16.7,0
HLY,2022-10-19,16.7,16.7,16.7,16.7,0
HLY,2022-10-20,16.7,16.7,16.7,16.7,0
HLY,2022-10-21,16.7,16.7,16.7,16.7,0
HLY,2022-10-24,16.7,16.7,16.7,16.7,0
HLY,2022-10-25,16.7,16.7,16.7,16.7,0
HLY,2022-10-26,16.7,16.7,16.7,16.7,0
HLY,2022-10-27,16.7,16.7,16.7,16.7,0
HLY,2022-10-28,16.7,16.7,16.7,16.7,0
HLY,2022-10-31,16.7,16.7,16.7,16.7,0
HLY,2022-11-01,16.7,16.7,16.7,16.7,0
HLY,2022-11-02,16.7,16.7,16.7,16.7,0
HLY,2022-11-03,16.7,16.7,16.7,16.7,0
HLY,2022-11-04,16.7,16.7,16.7,16.7,0
HLY,2022-11-07,16.7,16.7,16.7,16.7,0
HLY,2022-11-08,16.7,16.7,16.7,16.7,0
HLY,2022-11-09,16.7,16.7,16.7,16.7,0
HLY,2022-11-10,16.7,16.7,16.7,16.7,0
HLY,2022-11-11,16.7,16.7,16.7,16.7,0
HLY,2022-11-14,16.7,16.7,16.7,16.7,0
HLY,2022-11-15,16.7,16.7,16.7,16.7,0
HLY,2022-11-16,16.7,16.7,16.7,16.7,0
HLY,2022-11-17,16.7,16.7,16.7,16.7,0
HLY,2022-11-18,16.7,16.7,16.7,16.7,0
HLY,2022-11-21,16.7,16.7,16.7,16.7,0
HLY,2022-11-22,16.7,16.7,16.7,16.7,0
HLY,2022-11-23,16.7,16.7,16.7,16.7,0
HLY,2022-11-24,16.7,16.7,16.7,16.7,0
HLY,2022-11-25,16.7,16.7,16.7,16.7,0
HLY,2022-11-28,16.7,16.7,16.7,16.7,0
HLY,2022-11-29,16.7,16.7,16.7,16.7,0
HLY,2022-11-30,16.7,16.7,16.7,16.7,0
HLY,2022-12-01,16.7,16.7,16.7,16.7,0
HLY,2022-12-02,16.7,16.7,16.7,16.7,0
HLY,2022-12-05,16.7,16.7,16.7,16.7,0
HLY,2022-12-06,16.7,16.7,16.7,16.7,0
HLY,2022-12-07,16.7,16.7,16.7,16.7,0
HLY,2022-12-08,16.7,16.7,16.7,16.7,0
HLY,2022-12-09,16.7,16.7,16.7,16.7,0
HLY,2022-12-12,16.7,16.7,16.7,16.7,0
HLY,2022-12-13,16.7,16.7,16.7,16.7,0
HLY,2022-12-14,16.7,16.7,16.7,16.7,0
HLY,2022-12-15,16.7,16.7,16.7,16.7,0
HLY,2022-12-16,16.7,16.7,16.7,16.7,0
HLY,2022-12-19,16.7,16.7,16.7,16.7,0
HLY,2022-12-20,16.7,16.7,16.7,16.7,0
HLY,2022-12-21,16.7,16.7,16.7,16.7,0
HLY,2022-12-22,16.7,16.7,16.7,16.7,0
HLY,2022-12-23,16.7,16.7,16.7,16.7,0
HLY,2022-12-26,16.7,16.7,16.7,16.7,0
HLY,2022-12-27,16.7,16.7,16.7,16.7,0
HLY,2022-12-28,16.7,16.7,16.7,16.7,0
HLY,2022-12-29,16.7,16.7,16.7,16.7,0
HLY,2022-12-30,16.7,16.7,16.7,16.7,0
HLY,2023-01-03,16.7,16.7,16.7,16.7,0
HLY,2023-01-04,16.7,16.7,16.7,16.7,0
HLY,2023-01-05,16.7,16.7,16.7,16.7,0
HLY,2023-01-06,14.2,14.2,14.2,14.2,300
HLY,2023-01-09,14.2,14.2,14.2,14.2,0
HLY,2023-01-10,14.2,14.2,14.2,14.2,0
HLY,2023-01-11,14.2,14.2,14.2,14.2,0
HLY,2023-01-12,14.2,14.2,14.2,14.2,0
HLY,2023-01-13,16.3,16.3,16.3,16.3,100
HLY,2023-01-16,16.3,16.3,16.3,16.3,0
HLY,2023-01-17,16.3,16.3,16.3,16.3,0
HLY,2023-01-18,16.3,16.3,16.3,16.3,0
HLY,2023-01-19,16.3,16.3,16.3,16.3,0
HLY,2023-01-27,16.6,16.6,16.6,16.6,200
HLY,2023-01-30,16.6,16.6,16.6,16.6,0
HLY,2023-01-31,16.6,16.6,16.6,16.6,0
HLY,2023-02-01,16.6,16.6,16.6,16.6,0
HLY,2023-02-02,16.6,16.6,16.6,16.6,0
HLY,2023-02-03,16.6,16.6,16.6,16.6,0
HLY,2023-02-06,16.6,16.6,16.6,16.6,0
HLY,2023-02-07,16.6,16.6,16.6,16.6,0
HLY,2023-02-08,16.6,16.6,16.6,16.6,0
HLY,2023-02-09,16.6,16.6,16.6,16.6,0
HLY,2023-02-10,16.6,16.6,16.6,16.6,0
HLY,2023-02-13,16.6,16.6,16.6,16.6,0
HLY,2023-02-14,16.6,16.6,16.6,16.6,0
HLY,2023-02-15,16.6,16.6,16.6,16.6,0
HLY,2023-02-16,16.6,16.6,16.6,16.6,0
HLY,2023-02-17,14.2,14.2,14.2,14.2,100
HLY,2023-02-20,14.2,14.2,14.2,14.2,0
HLY,2023-02-21,14.2,14.2,14.2,14.2,0
HLY,2023-02-22,14.2,14.2,14.2,14.2,0
HLY,2023-02-23,14.2,14.2,14.2,14.2,0
HLY,2023-02-24,14.2,14.2,14.2,14.2,0
HLY,2023-02-27,14.2,14.2,14.2,14.2,0
HLY,2023-02-28,14.2,14.2,14.2,14.2,0
HLY,2023-03-01,14.2,14.2,14.2,14.2,0
HLY,2023-03-02,14.2,14.2,14.2,14.2,0
HLY,2023-03-03,14.2,14.2,14.2,14.2,0
HLY,2023-03-06,14.2,14.2,14.2,14.2,0
HLY,2023-03-07,14.2,14.2,14.2,14.2,0
HLY,2023-03-08,14.2,14.2,14.2,14.2,0
HLY,2023-03-09,14.2,14.2,14.2,14.2,0
HLY,2023-03-10,14.2,14.2,14.2,14.2,0
HLY,2023-03-13,14.2,14.2,14.2,14.2,0
HLY,2023-03-14,14.2,14.2,14.2,14.2,0
HLY,2023-03-15,14.2,14.2,14.2,14.2,0
HLY,2023-03-16,14.2,14.2,14.2,14.2,0
HLY,2023-03-17,14.2,14.2,14.2,14.2,0
HLY,2023-03-20,14.2,14.2,14.2,14.2,0
HLY,2023-03-21,14.2,14.2,14.2,14.2,0
HLY,2023-03-22,14.2,14.2,14.2,14.2,0
HLY,2023-03-23,14.2,14.2,14.2,14.2,0
HLY,2023-03-24,14.2,14.2,14.2,14.2,0
HLY,2023-03-27,14.2,14.2,14.2,14.2,0
HLY,2023-03-28,14.2,14.2,14.2,14.2,0
HLY,2023-03-29,14.2,14.2,14.2,14.2,0
HLY,2023-03-30,14.2,14.2,14.2,14.2,0
HLY,2023-03-31,14.2,14.2,14.2,14.2,0
HLY,2023-04-03,14.2,14.2,14.2,14.2,0
HLY,2023-04-04,14.2,14.2,14.2,14.2,0
HLY,2023-04-05,14.2,14.2,14.2,14.2,0
HLY,2023-04-06,14.2,14.2,14.2,14.2,0
HLY,2023-04-07,14.2,14.2,14.2,14.2,0
HLY,2023-04-10,14.2,14.2,14.2,14.2,0
HLY,2023-04-11,14.2,14.2,14.2,14.2,0
HLY,2023-04-12,14.2,14.2,14.2,14.2,0
HLY,2023-04-13,14.2,14.2,14.2,14.2,0
HLY,2023-04-14,16.3,16.3,16.3,16.3,100
HLY,2023-04-17,16.3,16.3,16.3,16.3,0
HLY,2023-04-18,16.3,16.3,16.3,16.3,0
HLY,2023-04-19,16.3,16.3,16.3,16.3,0
HLY,2023-04-20,16.3,16.3,16.3,16.3,0
HLY,2023-04-21,18.6,18.6,18.6,18.6,100
HLY,2023-04-24,18.6,18.6,18.6,18.6,0
HLY,2023-04-25,18.6,18.6,18.6,18.6,0
HLY,2023-04-26,18.6,18.6,18.6,18.6,0
HLY,2023-04-27,18.6,18.6,18.6,18.6,0
HLY,2023-04-28,18.6,18.6,18.6,18.6,0
HLY,2023-05-04,18.6,18.6,18.6,18.6,0
HLY,2023-05-05,18.6,18.6,18.6,18.6,0
HLY,2023-05-08,18.6,18.6,18.6,18.6,0
HLY,2023-05-09,18.6,18.6,18.6,18.6,0
HLY,2023-05-10,18.6,18.6,18.6,18.6,0
HLY,2023-05-11,18.6,18.6,18.6,18.6,0
HLY,2023-05-12,20.4,20.4,20.4,20.4,700
HLY,2023-05-15,20.4,20.4,20.4,20.4,0
HLY,2023-05-16,20.4,20.4,20.4,20.4,0
HLY,2023-05-17,20.4,20.4,20.4,20.4,0
HLY,2023-05-18,20.4,20.4,20.4,20.4,0
HLY,2023-05-19,20.4,20.4,20.4,20.4,0
HLY,2023-05-22,20.4,20.4,20.4,20.4,0
HLY,2023-05-23,20.4,20.4,20.4,20.4,0
HLY,2023-05-24,20.4,20.4,20.4,20.4,0
HLY,2023-05-25,20.4,20.4,20.4,20.4,0
HLY,2023-05-26,20.4,20.4,20.4,20.4,0
HLY,2023-05-29,20.4,20.4,20.4,20.4,0
HLY,2023-05-30,20.4,20.4,20.4,20.4,0
HLY,2023-05-31,20.4,20.4,20.4,20.4,0
HLY,2023-06-01,20.4,20.4,20.4,20.4,0
HLY,2023-06-02,20.5,20.5,20.5,20.5,200
HLY,2023-06-05,20.5,20.5,20.5,20.5,0
HLY,2023-06-06,20.5,20.5,20.5,20.5,0
HLY,2023-06-07,20.5,20.5,20.5,20.5,0
HLY,2023-06-08,20.5,20.5,20.5,20.5,0
HLY,2023-06-09,20.5,20.5,20.5,20.5,0
HLY,2023-06-12,20.5,20.5,20.5,20.5,0
HLY,2023-06-13,20.5,20.5,20.5,20.5,0
HLY,2023-06-14,20.5,20.5,20.5,20.5,0
HLY,2023-06-15,20.5,20.5,20.5,20.5,0
HLY,2023-06-16,20.9,20.9,20.9,20.9,100
HLY,2023-06-19,20.9,20.9,20.9,20.9,0
HLY,2023-06-20,20.9,20.9,20.9,20.9,0
HLY,2023-06-21,20.9,20.9,20.9,20.9,0
HLY,2023-06-22,20.9,20.9,20.9,20.9,0
HLY,2023-06-23,20.9,20.9,20.9,20.9,0
HLY,2023-06-26,20.9,20.9,20.9,20.9,0
HLY,2023-06-27,20.9,20.9,20.9,20.9,0
HLY,2023-06-28,20.9,20.9,20.9,20.9,0
HLY,2023-06-29,20.9,20.9,20.9,20.9,0
HLY,2023-06-30,20.9,20.9,20.9,20.9,0
HLY,2023-07-03,20.9,20.9,20.9,20.9,0
HLY,2023-07-04,20.9,20.9,20.9,20.9,0
HLY,2023-07-05,20.9,20.9,20.9,20.9,0
HLY,2023-07-06,20.9,20.9,20.9,20.9,0
HLY,2023-07-07,20.9,20.9,20.9,20.9,0
HLY,2023-07-10,20.9,20.9,20.9,20.9,0
HLY,2023-07-11,20.9,20.9,20.9,20.9,0
HLY,2023-07-12,20.9,20.9,20.9,20.9,0
HLY,2023-07-13,20.9,20.9,20.9,20.9,0
HLY,2023-07-14,20.9,20.9,20.9,20.9,0
HLY,2023-07-17,20.9,20.9,20.9,20.9,0
HLY,2023-07-18,20.9,20.9,20.9,20.9,0
HLY,2023-07-19,20.9,20.9,20.9,20.9,0
HLY,2023-07-20,20.9,20.9,20.9,20.9,0
HLY,2023-07-21,20.9,20.9,20.9,20.9,0
HLY,2023-07-24,20.9,20.9,20.9,20.9,0
HLY,2023-07-25,20.9,20.9,20.9,20.9,0
HLY,2023-07-26,20.9,20.9,20.9,20.9,0
HLY,2023-07-27,20.9,20.9,20.9,20.9,0
HLY,2023-07-28,20.9,20.9,20.9,20.9,0
HLY,2023-07-31,20.9,20.9,20.9,20.9,0
HLY,2023-08-01,20.9,20.9,20.9,20.9,0
HLY,2023-08-02,20.9,20.9,20.9,20.9,0
HLY,2023-08-03,20.9,20.9,20.9,20.9,0
HLY,2023-08-04,20.9,20.9,20.9,20.9,0
HLY,2023-08-07,20.9,20.9,20.9,20.9,0
HLY,2023-08-08,20.9,20.9,20.9,20.9,0
HLY,2023-08-09,20.9,20.9,20.9,20.9,0
HLY,2023-08-10,20.9,20.9,20.9,20.9,0
HLY,2023-08-11,20.9,20.9,20.9,20.9,0
HLY,2023-08-14,20.9,20.9,20.9,20.9,0
HLY,2023-08-15,20.9,20.9,20.9,20.9,0
HLY,2023-08-16,20.9,20.9,20.9,20.9,0
HLY,2023-08-17,20.9,20.9,20.9,20.9,0
HLY,2023-08-18,20.9,20.9,20.9,20.9,0
HLY,2023-08-21,20.9,20.9,20.9,20.9,0
HLY,2023-08-22,20.9,20.9,20.9,20.9,0
HLY,2023-08-23,20.9,20.9,20.9,20.9,0
HLY,2023-08-24,20.9,20.9,20.9,20.9,0
HLY,2023-08-25,20.9,20.9,20.9,20.9,0
HLY,2023-08-28,20.9,20.9,20.9,20.9,0
HLY,2023-08-29,20.9,20.9,20.9,20.9,0
HLY,2023-08-30,20.9,20.9,20.9,20.9,0
HLY,2023-08-31,20.9,20.9,20.9,20.9,0
HLY,2023-09-05,20.9,20.9,20.9,20.9,0
HLY,2023-09-06,20.9,20.9,20.9,20.9,0
HLY,2023-09-07,20.9,20.9,20.9,20.9,0
HLY,2023-09-08,20.9,20.9,20.9,20.9,0
HLY,2023-09-11,20.9,20.9,20.9,20.9,0
HLY,2023-09-12,20.9,20.9,20.9,20.9,0
HLY,2023-09-13,20.9,20.9,20.9,20.9,0
HLY,2023-09-14,20.9,20.9,20.9,20.9,0
HLY,2023-09-15,20.9,20.9,20.9,20.9,0
HLY,2023-09-18,20.9,20.9,20.9,20.9,0
HLY,2023-09-19,20.9,20.9,20.9,20.9,0
HLY,2023-09-20,20.9,20.9,20.9,20.9,0
HLY,2023-09-21,20.9,20.9,20.9,20.9,0
HLY,2023-09-22,20.9,20.9,20.9,20.9,0
HLY,2023-09-25,20.9,20.9,20.9,20.9,0
HLY,2023-09-26,20.9,20.9,20.9,20.9,0
HLY,2023-09-27,20.9,20.9,20.9,20.9,0
HLY,2023-09-28,20.9,20.9,20.9,20.9,0
HLY,2023-09-29,20.9,20.9,20.9,20.9,0
HLY,2023-10-02,20.9,20.9,20.9,20.9,0
HLY,2023-10-03,20.9,20.9,20.9,20.9,0
HLY,2023-10-04,20.9,20.9,20.9,20.9,0
HLY,2023-10-05,20.9,20.9,20.9,20.9,0
HLY,2023-10-06,17.8,17.8,17.8,17.8,100
HLY,2023-10-09,17.8,17.8,17.8,17.8,0
HLY,2023-10-10,17.8,17.8,17.8,17.8,0
HLY,2023-10-11,17.8,17.8,17.8,17.8,0
HLY,2023-10-12,17.8,17.8,17.8,17.8,0
HLY,2023-10-13,19.7,19.7,15.2,15.2,399
HLY,2023-10-16,16.7,16.7,16.7,16.7,0
HLY,2023-10-17,16.7,16.7,16.7,16.7,0
HLY,2023-10-18,16.7,16.7,16.7,16.7,0
HLY,2023-10-19,16.7,16.7,16.7,16.7,0
HLY,2023-10-20,14.2,14.2,14.2,14.2,100
HLY,2023-10-23,14.2,14.2,14.2,14.2,0
HLY,2023-10-24,14.2,14.2,14.2,14.2,0
HLY,2023-10-25,14.2,14.2,14.2,14.2,0
HLY,2023-10-26,14.2,14.2,14.2,14.2,0
HLY,2023-10-27,16.1,16.1,12.1,12.1,501
HLY,2023-10-30,12.9,12.9,12.9,12.9,0
HLY,2023-10-31,12.9,12.9,12.9,12.9,0
HLY,2023-11-01,12.9,12.9,12.9,12.9,0
HLY,2023-11-02,12.9,12.9,12.9,12.9,0
HLY,2023-11-03,11.0,11.0,11.0,11.0,300
HLY,2023-11-06,11.0,11.0,11.0,11.0,0
HLY,2023-11-07,11.0,11.0,11.0,11.0,0
HLY,2023-11-08,11.0,11.0,11.0,11.0,0
HLY,2023-11-09,11.0,11.0,11.0,11.0,0
HLY,2023-11-10,11.7,11.7,9.4,9.4,200
HLY,2023-11-13,10.6,10.6,10.6,10.6,0
HLY,2023-11-14,10.6,10.6,10.6,10.6,0
HLY,2023-11-15,10.6,10.6,10.6,10.6,0
HLY,2023-11-16,10.6,10.6,10.6,10.6,0
HLY,2023-11-17,9.1,9.1,9.1,9.1,700
HLY,2023-11-20,9.1,9.1,9.1,9.1,0
HLY,2023-11-21,9.1,9.1,9.1,9.1,0
HLY,2023-11-22,9.1,9.1,9.1,9.1,0
HLY,2023-11-23,9.1,9.1,9.1,9.1,0
HLY,2023-11-24,7.8,7.8,7.8,7.8,100
HLY,2023-11-27,7.8,7.8,7.8,7.8,0
HLY,2023-11-28,7.8,7.8,7.8,7.8,0
HLY,2023-11-29,7.8,7.8,7.8,7.8,0
HLY,2023-11-30,7.8,7.8,7.8,7.8,0
HLY,2023-12-01,8.8,8.8,6.7,8.8,400
HLY,2023-12-04,7.8,7.8,7.8,7.8,0
HLY,2023-12-05,7.8,7.8,7.8,7.8,0
HLY,2023-12-06,7.8,7.8,7.8,7.8,0
HLY,2023-12-07,7.8,7.8,7.8,7.8,0
HLY,2023-12-08,7.8,7.8,7.8,7.8,0
HLY,2023-12-11,7.8,7.8,7.8,7.8,0
HLY,2023-12-12,7.8,7.8,7.8,7.8,0
HLY,2023-12-13,7.8,7.8,7.8,7.8,0
HLY,2023-12-14,7.8,7.8,7.8,7.8,0
HLY,2023-12-15,7.8,7.8,7.8,7.8,0
HLY,2023-12-18,7.8,7.8,7.8,7.8,0
HLY,2023-12-19,7.8,7.8,7.8,7.8,0
HLY,2023-12-20,7.8,7.8,7.8,7.8,0
HLY,2023-12-21,7.8,7.8,7.8,7.8,0
HLY,2023-12-22,7.8,7.8,7.8,7.8,0
HLY,2023-12-25,7.8,7.8,7.8,7.8,0
HLY,2023-12-26,7.8,7.8,7.8,7.8,0
HLY,2023-12-27,7.8,7.8,7.8,7.8,0
HLY,2023-12-28,7.8,7.8,7.8,7.8,0
HLY,2023-12-29,8.9,8.9,8.9,8.9,100
HLY,2024-01-02,8.9,8.9,8.9,8.9,0
HLY,2024-01-03,8.9,8.9,8.9,8.9,0
HLY,2024-01-04,8.9,8.9,8.9,8.9,0
HLY,2024-01-05,9.9,9.9,8.0,9.9,75400
HLY,2024-01-08,8.0,8.0,8.0,8.0,0
HLY,2024-01-09,8.0,8.0,8.0,8.0,0
HLY,2024-01-10,8.0,8.0,8.0,8.0,0
HLY,2024-01-11,8.0,8.0,8.0,8.0,0
HLY,2024-01-12,8.0,8.0,8.0,8.0,0
HLY,2024-01-15,8.0,8.0,8.0,8.0,0
HLY,2024-01-16,8.0,8.0,8.0,8.0,0
HLY,2024-01-17,8.0,8.0,8.0,8.0,0
HLY,2024-01-18,8.0,8.0,8.0,8.0,0
HLY,2024-01-19,8.0,8.0,8.0,8.0,0
HLY,2024-01-22,8.0,8.0,8.0,8.0,0
HLY,2024-01-23,8.0,8.0,8.0,8.0,0
HLY,2024-01-24,8.0,8.0,8.0,8.0,0
HLY,2024-01-25,8.0,8.0,8.0,8.0,0
HLY,2024-01-26,8.0,8.0,8.0,8.0,0
HLY,2024-01-29,8.0,8.0,8.0,8.0,0
HLY,2024-01-30,8.0,8.0,8.0,8.0,0
HLY,2024-01-31,8.0,8.0,8.0,8.0,0
HLY,2024-02-01,8.0,8.0,8.0,8.0,0
HLY,2024-02-02,8.0,8.0,8.0,8.0,0
HLY,2024-02-05,8.0,8.0,8.0,8.0,0
HLY,2024-02-06,8.0,8.0,8.0,8.0,0
HLY,2024-02-07,8.0,8.0,8.0,8.0,0
HLY,2024-02-15,8.0,8.0,8.0,8.0,0
HLY,2024-02-16,8.0,8.0,8.0,8.0,0
HLY,2024-02-19,8.0,8.0,8.0,8.0,0
HLY,2024-02-20,8.0,8.0,8.0,8.0,0
HLY,2024-02-21,8.0,8.0,8.0,8.0,0
HLY,2024-02-22,8.0,8.0,8.0,8.0,0
HLY,2024-02-23,8.0,8.0,8.0,8.0,0
HLY,2024-02-26,8.0,8.0,8.0,8.0,0
HLY,2024-02-27,8.0,8.0,8.0,8.0,0
HLY,2024-02-28,8.0,8.0,8.0,8.0,0
HLY,2024-02-29,8.0,8.0,8.0,8.0,0
HLY,2024-03-01,8.0,8.0,8.0,8.0,96
HLY,2024-03-04,8.0,8.0,8.0,8.0,0
HLY,2024-03-05,8.0,8.0,8.0,8.0,0
HLY,2024-03-06,8.0,8.0,8.0,8.0,0
HLY,2024-03-07,8.0,8.0,8.0,8.0,0
HLY,2024-03-08,9.2,9.2,9.2,9.2,100
HLY,2024-03-11,9.2,9.2,9.2,9.2,0
HLY,2024-03-12,9.2,9.2,9.2,9.2,0
HLY,2024-03-13,9.2,9.2,9.2,9.2,0
HLY,2024-03-14,9.2,9.2,9.2,9.2,0
HLY,2024-03-15,9.2,9.2,9.2,9.2,17
HLY,2024-03-18,9.2,9.2,9.2,9.2,0
HLY,2024-03-19,9.2,9.2,9.2,9.2,0
HLY,2024-03-20,9.2,9.2,9.2,9.2,0
HLY,2024-03-21,9.2,9.2,9.2,9.2,0
HLY,2024-03-22,10.5,10.5,10.5,10.5,500
HLY,2024-03-25,10.5,10.5,10.5,10.5,0
HLY,2024-03-26,10.5,10.5,10.5,10.5,0
HLY,2024-03-27,10.5,10.5,10.5,10.5,0
HLY,2024-03-28,10.5,10.5,10.5,10.5,0
HLY,2024-03-29,12.0,12.0,12.0,12.0,100
HLY,2024-04-01,12.0,12.0,12.0,12.0,0
HLY,2024-04-02,12.0,12.0,12.0,12.0,0
HLY,2024-04-03,12.0,12.0,12.0,12.0,0
HLY,2024-04-04,12.0,12.0,12.0,12.0,0
HLY,2024-04-05,12.0,12.0,12.0,12.0,0
HLY,2024-04-08,12.0,12.0,12.0,12.0,0
HLY,2024-04-09,12.0,12.0,12.0,12.0,0
HLY,2024-04-10,12.0,12.0,12.0,12.0,0
HLY,2024-04-11,12.0,12.0,12.0,12.0,0
HLY,2024-04-12,13.7,13.8,13.7,13.8,2000
HLY,2024-04-15,13.8,13.8,13.8,13.8,0
HLY,2024-04-16,13.8,13.8,13.8,13.8,0
HLY,2024-04-17,13.8,13.8,13.8,13.8,0
HLY,2024-04-19,13.8,13.8,13.8,13.8,13713
HLY,2024-04-22,13.8,13.8,13.8,13.8,0
HLY,2024-04-23,13.8,13.8,13.8,13.8,0
HLY,2024-04-24,13.8,13.8,13.8,13.8,0
HLY,2024-04-25,13.8,13.8,13.8,13.8,0
HLY,2024-04-26,13.8,13.8,13.8,13.8,10000
HLY,2024-05-02,13.8,13.8,13.8,13.8,0
HLY,2024-05-03,13.8,13.8,13.8,13.8,0
HLY,2024-05-06,13.8,13.8,13.8,13.8,0
HLY,2024-05-07,13.8,13.8,13.8,13.8,0
HLY,2024-05-08,13.8,13.8,13.8,13.8,0
HLY,2024-05-09,13.8,13.8,13.8,13.8,0
HLY,2024-05-10,15.5,15.5,15.5,15.5,100
HLY,2024-05-13,15.5,15.5,15.5,15.5,0
HLY,2024-05-14,15.5,15.5,15.5,15.5,0
HLY,2024-05-15,15.5,15.5,15.5,15.5,0
HLY,2024-05-16,15.5,15.5,15.5,15.5,0
HLY,2024-05-17,15.8,16.2,15.8,16.2,200
HLY,2024-05-20,16.0,16.0,16.0,16.0,0
HLY,2024-05-21,16.0,16.0,16.0,16.0,0
HLY,2024-05-22,16.0,16.0,16.0,16.0,0
HLY,2024-05-23,16.0,16.0,16.0,16.0,0
HLY,2024-05-24,16.0,16.0,16.0,16.0,0
HLY,2024-05-27,16.0,16.0,16.0,16.0,0
HLY,2024-05-28,16.0,16.0,16.0,16.0,0
HLY,2024-05-29,16.0,16.0,16.0,16.0,0
HLY,2024-05-30,16.0,16.0,16.0,16.0,0
HLY,2024-05-31,16.0,16.0,16.0,16.0,0
HLY,2024-06-03,16.0,16.0,16.0,16.0,0
HLY,2024-06-04,16.0,16.0,16.0,16.0,0
HLY,2024-06-05,16.0,16.0,16.0,16.0,0
HLY,2024-06-06,16.0,16.0,16.0,16.0,0
HLY,2024-06-07,16.0,16.0,16.0,16.0,0
HLY,2024-06-10,16.0,16.0,16.0,16.0,0
HLY,2024-06-11,16.0,16.0,16.0,16.0,0
HLY,2024-06-12,16.0,16.0,16.0,16.0,0
HLY,2024-06-13,16.0,16.0,16.0,16.0,0
HLY,2024-06-14,16.0,16.0,16.0,16.0,0
HLY,2024-06-17,16.0,16.0,16.0,16.0,0
HLY,2024-06-18,16.0,16.0,16.0,16.0,0
HLY,2024-06-19,16.0,16.0,16.0,16.0,0
HLY,2024-06-20,16.0,16.0,16.0,16.0,0
HLY,2024-06-21,13.6,13.6,13.6,13.6,300
HLY,2024-06-24,13.6,13.6,13.6,13.6,0
HLY,2024-06-25,13.6,13.6,13.6,13.6,0
HLY,2024-06-26,13.6,13.6,13.6,13.6,0
HLY,2024-06-27,13.6,13.6,13.6,13.6,0
HLY,2024-06-28,13.6,13.6,13.6,13.6,0
HLY,2024-07-01,13.6,13.6,13.6,13.6,0
HLY,2024-07-02,13.6,13.6,13.6,13.6,0
HLY,2024-07-03,13.6,13.6,13.6,13.6,0
HLY,2024-07-04,13.6,13.6,13.6,13.6,0
HLY,2024-07-05,15.6,15.6,15.6,15.6,310
HLY,2024-07-08,15.6,15.6,15.6,15.6,0
HLY,2024-07-09,15.6,15.6,15.6,15.6,0
HLY,2024-07-10,15.6,15.6,15.6,15.6,0
HLY,2024-07-11,15.6,15.6,15.6,15.6,0
HLY,2024-07-12,15.6,15.6,15.6,15.6,0
HLY,2024-07-15,15.6,15.6,15.6,15.6,0
HLY,2024-07-16,15.6,15.6,15.6,15.6,0
HLY,2024-07-17,15.6,15.6,15.6,15.6,0
HLY,2024-07-18,15.6,15.6,15.6,15.6,0
HLY,2024-07-19,15.6,15.6,15.6,15.6,0
HLY,2024-07-22,15.6,15.6,15.6,15.6,0
HLY,2024-07-23,15.6,15.6,15.6,15.6,0
HLY,2024-07-24,15.6,15.6,15.6,15.6,0
HLY,2024-07-25,15.6,15.6,15.6,15.6,0
HLY,2024-08-02,14.0,14.0,14.0,14.0,1500
HLY,2024-08-09,15.7,15.7,15.7,15.7,300
HLY,2024-08-16,16.5,16.5,16.5,16.5,200
HLY,2025-02-21,14.5,14.5,14.5,14.5,100
HLY,2025-02-28,16.6,16.6,12.4,12.4,300
HLY,2025-03-07,14.8,14.8,12.5,13.0,10800
HLY,2025-03-14,13.2,13.2,13.2,13.2,700
HLY,2025-03-21,13.3,13.3,13.3,13.3,1800
HLY,2025-03-28,13.5,13.5,13.5,13.5,500
HLY,2025-04-11,12.5,12.5,12.5,12.5,1500
HLY,2025-05-09,12.5,14.0,12.5,14.0,20300
HLY,2025-06-27,12.4,12.4,12.4,12.4,1100
HLY,2025-07-04,11.0,11.0,11.0,11.0,6800
HLY,2025-07-11,12.5,12.5,11.0,11.9,21600
HLY,2025-07-18,12.6,12.6,12.6,12.6,100
HLY,2025-07-25,11.0,12.5,11.0,12.5,2200
HLY,2025-08-01,10.6,10.6,10.6,10.6,100
HLY,2025-08-08,11.0,11.0,11.0,11.0,800
HLY,2025-08-22,10.5,12.6,10.5,12.6,1400
HLY,2025-08-29,11.0,11.0,11.0,11.0,400
HLY,2025-10-10,11.0,11.0,11.0,11.0,900
HLY,2025-10-17,12.0,12.5,11.5,12.5,11100
HLY,2025-10-24,11.0,11.0,11.0,11.0,100
HLY,2025-12-19,11.0,11.0,11.0,11.0,500
