[2026-04-19T01:41:39.402+0000] {processor.py:161} INFO - Started process (PID=66) to work on /opt/airflow/dags/dl_bctc_luong_2.py
[2026-04-19T01:41:39.403+0000] {processor.py:830} INFO - Processing file /opt/airflow/dags/dl_bctc_luong_2.py for tasks to queue
[2026-04-19T01:41:39.405+0000] {logging_mixin.py:188} INFO - [2026-04-19T01:41:39.405+0000] {dagbag.py:545} INFO - Filling up the DagBag from /opt/airflow/dags/dl_bctc_luong_2.py
[2026-04-19T01:41:39.458+0000] {processor.py:840} INFO - DAG(s) 'bctc_luong_2' retrieved from /opt/airflow/dags/dl_bctc_luong_2.py
[2026-04-19T01:41:39.585+0000] {logging_mixin.py:188} INFO - [2026-04-19T01:41:39.584+0000] {dag.py:3089} INFO - Sync 1 DAGs
[2026-04-19T01:41:39.604+0000] {logging_mixin.py:188} INFO - [2026-04-19T01:41:39.604+0000] {dag.py:3947} INFO - Setting next_dagrun for bctc_luong_2 to 2026-03-01 00:00:00+00:00, run_after=2026-04-01 00:00:00+00:00
[2026-04-19T01:41:39.630+0000] {processor.py:183} INFO - Processing /opt/airflow/dags/dl_bctc_luong_2.py took 0.235 seconds
[2026-04-19T01:42:10.100+0000] {processor.py:161} INFO - Started process (PID=104) to work on /opt/airflow/dags/dl_bctc_luong_2.py
[2026-04-19T01:42:10.101+0000] {processor.py:830} INFO - Processing file /opt/airflow/dags/dl_bctc_luong_2.py for tasks to queue
[2026-04-19T01:42:10.104+0000] {logging_mixin.py:188} INFO - [2026-04-19T01:42:10.103+0000] {dagbag.py:545} INFO - Filling up the DagBag from /opt/airflow/dags/dl_bctc_luong_2.py
[2026-04-19T01:42:10.147+0000] {processor.py:840} INFO - DAG(s) 'bctc_luong_2' retrieved from /opt/airflow/dags/dl_bctc_luong_2.py
[2026-04-19T01:42:10.178+0000] {logging_mixin.py:188} INFO - [2026-04-19T01:42:10.178+0000] {dag.py:3089} INFO - Sync 1 DAGs
[2026-04-19T01:42:10.200+0000] {logging_mixin.py:188} INFO - [2026-04-19T01:42:10.200+0000] {dag.py:3947} INFO - Setting next_dagrun for bctc_luong_2 to 2026-03-01 00:00:00+00:00, run_after=2026-04-01 00:00:00+00:00
[2026-04-19T01:42:10.220+0000] {processor.py:183} INFO - Processing /opt/airflow/dags/dl_bctc_luong_2.py took 0.125 seconds
[2026-04-19T01:42:40.960+0000] {processor.py:161} INFO - Started process (PID=129) to work on /opt/airflow/dags/dl_bctc_luong_2.py
[2026-04-19T01:42:40.961+0000] {processor.py:830} INFO - Processing file /opt/airflow/dags/dl_bctc_luong_2.py for tasks to queue
[2026-04-19T01:42:40.963+0000] {logging_mixin.py:188} INFO - [2026-04-19T01:42:40.963+0000] {dagbag.py:545} INFO - Filling up the DagBag from /opt/airflow/dags/dl_bctc_luong_2.py
[2026-04-19T01:42:41.003+0000] {processor.py:840} INFO - DAG(s) 'bctc_luong_2' retrieved from /opt/airflow/dags/dl_bctc_luong_2.py
[2026-04-19T01:42:41.032+0000] {logging_mixin.py:188} INFO - [2026-04-19T01:42:41.031+0000] {dag.py:3089} INFO - Sync 1 DAGs
[2026-04-19T01:42:41.055+0000] {logging_mixin.py:188} INFO - [2026-04-19T01:42:41.054+0000] {dag.py:3947} INFO - Setting next_dagrun for bctc_luong_2 to 2026-03-01 00:00:00+00:00, run_after=2026-04-01 00:00:00+00:00
[2026-04-19T01:42:41.075+0000] {processor.py:183} INFO - Processing /opt/airflow/dags/dl_bctc_luong_2.py took 0.121 seconds
[2026-04-19T01:43:12.131+0000] {processor.py:161} INFO - Started process (PID=154) to work on /opt/airflow/dags/dl_bctc_luong_2.py
[2026-04-19T01:43:12.132+0000] {processor.py:830} INFO - Processing file /opt/airflow/dags/dl_bctc_luong_2.py for tasks to queue
[2026-04-19T01:43:12.136+0000] {logging_mixin.py:188} INFO - [2026-04-19T01:43:12.135+0000] {dagbag.py:545} INFO - Filling up the DagBag from /opt/airflow/dags/dl_bctc_luong_2.py
[2026-04-19T01:43:12.237+0000] {processor.py:840} INFO - DAG(s) 'bctc_luong_2' retrieved from /opt/airflow/dags/dl_bctc_luong_2.py
[2026-04-19T01:43:12.307+0000] {logging_mixin.py:188} INFO - [2026-04-19T01:43:12.306+0000] {dag.py:3089} INFO - Sync 1 DAGs
[2026-04-19T01:43:12.334+0000] {logging_mixin.py:188} INFO - [2026-04-19T01:43:12.334+0000] {dag.py:3947} INFO - Setting next_dagrun for bctc_luong_2 to 2026-03-01 00:00:00+00:00, run_after=2026-04-01 00:00:00+00:00
[2026-04-19T01:43:12.354+0000] {processor.py:183} INFO - Processing /opt/airflow/dags/dl_bctc_luong_2.py took 0.234 seconds
[2026-04-19T01:43:42.830+0000] {processor.py:161} INFO - Started process (PID=179) to work on /opt/airflow/dags/dl_bctc_luong_2.py
[2026-04-19T01:43:42.831+0000] {processor.py:830} INFO - Processing file /opt/airflow/dags/dl_bctc_luong_2.py for tasks to queue
[2026-04-19T01:43:42.834+0000] {logging_mixin.py:188} INFO - [2026-04-19T01:43:42.833+0000] {dagbag.py:545} INFO - Filling up the DagBag from /opt/airflow/dags/dl_bctc_luong_2.py
[2026-04-19T01:43:42.890+0000] {processor.py:840} INFO - DAG(s) 'bctc_luong_2' retrieved from /opt/airflow/dags/dl_bctc_luong_2.py
[2026-04-19T01:43:42.934+0000] {logging_mixin.py:188} INFO - [2026-04-19T01:43:42.933+0000] {dag.py:3089} INFO - Sync 1 DAGs
[2026-04-19T01:43:42.982+0000] {logging_mixin.py:188} INFO - [2026-04-19T01:43:42.982+0000] {dag.py:3947} INFO - Setting next_dagrun for bctc_luong_2 to 2026-03-01 00:00:00+00:00, run_after=2026-04-01 00:00:00+00:00
[2026-04-19T01:43:43.011+0000] {processor.py:183} INFO - Processing /opt/airflow/dags/dl_bctc_luong_2.py took 0.189 seconds
[2026-04-19T01:44:13.984+0000] {processor.py:161} INFO - Started process (PID=204) to work on /opt/airflow/dags/dl_bctc_luong_2.py
[2026-04-19T01:44:13.985+0000] {processor.py:830} INFO - Processing file /opt/airflow/dags/dl_bctc_luong_2.py for tasks to queue
[2026-04-19T01:44:13.987+0000] {logging_mixin.py:188} INFO - [2026-04-19T01:44:13.986+0000] {dagbag.py:545} INFO - Filling up the DagBag from /opt/airflow/dags/dl_bctc_luong_2.py
[2026-04-19T01:44:14.026+0000] {processor.py:840} INFO - DAG(s) 'bctc_luong_2' retrieved from /opt/airflow/dags/dl_bctc_luong_2.py
[2026-04-19T01:44:14.054+0000] {logging_mixin.py:188} INFO - [2026-04-19T01:44:14.054+0000] {dag.py:3089} INFO - Sync 1 DAGs
[2026-04-19T01:44:14.075+0000] {logging_mixin.py:188} INFO - [2026-04-19T01:44:14.075+0000] {dag.py:3947} INFO - Setting next_dagrun for bctc_luong_2 to 2026-03-01 00:00:00+00:00, run_after=2026-04-01 00:00:00+00:00
[2026-04-19T01:44:14.094+0000] {processor.py:183} INFO - Processing /opt/airflow/dags/dl_bctc_luong_2.py took 0.116 seconds
[2026-04-19T01:44:44.632+0000] {processor.py:161} INFO - Started process (PID=229) to work on /opt/airflow/dags/dl_bctc_luong_2.py
[2026-04-19T01:44:44.633+0000] {processor.py:830} INFO - Processing file /opt/airflow/dags/dl_bctc_luong_2.py for tasks to queue
[2026-04-19T01:44:44.635+0000] {logging_mixin.py:188} INFO - [2026-04-19T01:44:44.635+0000] {dagbag.py:545} INFO - Filling up the DagBag from /opt/airflow/dags/dl_bctc_luong_2.py
[2026-04-19T01:44:44.676+0000] {processor.py:840} INFO - DAG(s) 'bctc_luong_2' retrieved from /opt/airflow/dags/dl_bctc_luong_2.py
[2026-04-19T01:44:44.710+0000] {logging_mixin.py:188} INFO - [2026-04-19T01:44:44.710+0000] {dag.py:3089} INFO - Sync 1 DAGs
[2026-04-19T01:44:44.734+0000] {logging_mixin.py:188} INFO - [2026-04-19T01:44:44.734+0000] {dag.py:3947} INFO - Setting next_dagrun for bctc_luong_2 to 2026-03-01 00:00:00+00:00, run_after=2026-04-01 00:00:00+00:00
[2026-04-19T01:44:44.753+0000] {processor.py:183} INFO - Processing /opt/airflow/dags/dl_bctc_luong_2.py took 0.127 seconds
[2026-04-19T01:45:15.251+0000] {processor.py:161} INFO - Started process (PID=254) to work on /opt/airflow/dags/dl_bctc_luong_2.py
[2026-04-19T01:45:15.252+0000] {processor.py:830} INFO - Processing file /opt/airflow/dags/dl_bctc_luong_2.py for tasks to queue
[2026-04-19T01:45:15.254+0000] {logging_mixin.py:188} INFO - [2026-04-19T01:45:15.254+0000] {dagbag.py:545} INFO - Filling up the DagBag from /opt/airflow/dags/dl_bctc_luong_2.py
[2026-04-19T01:45:15.294+0000] {processor.py:840} INFO - DAG(s) 'bctc_luong_2' retrieved from /opt/airflow/dags/dl_bctc_luong_2.py
[2026-04-19T01:45:15.321+0000] {logging_mixin.py:188} INFO - [2026-04-19T01:45:15.321+0000] {dag.py:3089} INFO - Sync 1 DAGs
[2026-04-19T01:45:15.340+0000] {logging_mixin.py:188} INFO - [2026-04-19T01:45:15.340+0000] {dag.py:3947} INFO - Setting next_dagrun for bctc_luong_2 to 2026-03-01 00:00:00+00:00, run_after=2026-04-01 00:00:00+00:00
[2026-04-19T01:45:15.358+0000] {processor.py:183} INFO - Processing /opt/airflow/dags/dl_bctc_luong_2.py took 0.113 seconds
[2026-04-19T01:45:45.731+0000] {processor.py:161} INFO - Started process (PID=279) to work on /opt/airflow/dags/dl_bctc_luong_2.py
[2026-04-19T01:45:45.732+0000] {processor.py:830} INFO - Processing file /opt/airflow/dags/dl_bctc_luong_2.py for tasks to queue
[2026-04-19T01:45:45.734+0000] {logging_mixin.py:188} INFO - [2026-04-19T01:45:45.734+0000] {dagbag.py:545} INFO - Filling up the DagBag from /opt/airflow/dags/dl_bctc_luong_2.py
[2026-04-19T01:45:45.774+0000] {processor.py:840} INFO - DAG(s) 'bctc_luong_2' retrieved from /opt/airflow/dags/dl_bctc_luong_2.py
[2026-04-19T01:45:45.801+0000] {logging_mixin.py:188} INFO - [2026-04-19T01:45:45.801+0000] {dag.py:3089} INFO - Sync 1 DAGs
[2026-04-19T01:45:45.821+0000] {logging_mixin.py:188} INFO - [2026-04-19T01:45:45.821+0000] {dag.py:3947} INFO - Setting next_dagrun for bctc_luong_2 to 2026-03-01 00:00:00+00:00, run_after=2026-04-01 00:00:00+00:00
[2026-04-19T01:45:45.839+0000] {processor.py:183} INFO - Processing /opt/airflow/dags/dl_bctc_luong_2.py took 0.113 seconds
[2026-04-19T01:46:16.184+0000] {processor.py:161} INFO - Started process (PID=304) to work on /opt/airflow/dags/dl_bctc_luong_2.py
[2026-04-19T01:46:16.185+0000] {processor.py:830} INFO - Processing file /opt/airflow/dags/dl_bctc_luong_2.py for tasks to queue
[2026-04-19T01:46:16.187+0000] {logging_mixin.py:188} INFO - [2026-04-19T01:46:16.186+0000] {dagbag.py:545} INFO - Filling up the DagBag from /opt/airflow/dags/dl_bctc_luong_2.py
[2026-04-19T01:46:16.223+0000] {processor.py:840} INFO - DAG(s) 'bctc_luong_2' retrieved from /opt/airflow/dags/dl_bctc_luong_2.py
[2026-04-19T01:46:16.250+0000] {logging_mixin.py:188} INFO - [2026-04-19T01:46:16.250+0000] {dag.py:3089} INFO - Sync 1 DAGs
[2026-04-19T01:46:16.272+0000] {logging_mixin.py:188} INFO - [2026-04-19T01:46:16.272+0000] {dag.py:3947} INFO - Setting next_dagrun for bctc_luong_2 to 2026-03-01 00:00:00+00:00, run_after=2026-04-01 00:00:00+00:00
[2026-04-19T01:46:16.290+0000] {processor.py:183} INFO - Processing /opt/airflow/dags/dl_bctc_luong_2.py took 0.111 seconds
[2026-04-19T01:46:46.802+0000] {processor.py:161} INFO - Started process (PID=329) to work on /opt/airflow/dags/dl_bctc_luong_2.py
[2026-04-19T01:46:46.803+0000] {processor.py:830} INFO - Processing file /opt/airflow/dags/dl_bctc_luong_2.py for tasks to queue
[2026-04-19T01:46:46.806+0000] {logging_mixin.py:188} INFO - [2026-04-19T01:46:46.805+0000] {dagbag.py:545} INFO - Filling up the DagBag from /opt/airflow/dags/dl_bctc_luong_2.py
[2026-04-19T01:46:46.851+0000] {processor.py:840} INFO - DAG(s) 'bctc_luong_2' retrieved from /opt/airflow/dags/dl_bctc_luong_2.py
[2026-04-19T01:46:46.882+0000] {logging_mixin.py:188} INFO - [2026-04-19T01:46:46.882+0000] {dag.py:3089} INFO - Sync 1 DAGs
[2026-04-19T01:46:46.908+0000] {logging_mixin.py:188} INFO - [2026-04-19T01:46:46.908+0000] {dag.py:3947} INFO - Setting next_dagrun for bctc_luong_2 to 2026-03-01 00:00:00+00:00, run_after=2026-04-01 00:00:00+00:00
[2026-04-19T01:46:46.928+0000] {processor.py:183} INFO - Processing /opt/airflow/dags/dl_bctc_luong_2.py took 0.131 seconds
[2026-04-19T01:47:17.688+0000] {processor.py:161} INFO - Started process (PID=355) to work on /opt/airflow/dags/dl_bctc_luong_2.py
[2026-04-19T01:47:17.689+0000] {processor.py:830} INFO - Processing file /opt/airflow/dags/dl_bctc_luong_2.py for tasks to queue
[2026-04-19T01:47:17.692+0000] {logging_mixin.py:188} INFO - [2026-04-19T01:47:17.691+0000] {dagbag.py:545} INFO - Filling up the DagBag from /opt/airflow/dags/dl_bctc_luong_2.py
[2026-04-19T01:47:17.734+0000] {processor.py:840} INFO - DAG(s) 'bctc_luong_2' retrieved from /opt/airflow/dags/dl_bctc_luong_2.py
[2026-04-19T01:47:17.767+0000] {logging_mixin.py:188} INFO - [2026-04-19T01:47:17.766+0000] {dag.py:3089} INFO - Sync 1 DAGs
[2026-04-19T01:47:17.788+0000] {logging_mixin.py:188} INFO - [2026-04-19T01:47:17.788+0000] {dag.py:3947} INFO - Setting next_dagrun for bctc_luong_2 to 2026-03-01 00:00:00+00:00, run_after=2026-04-01 00:00:00+00:00
[2026-04-19T01:47:17.806+0000] {processor.py:183} INFO - Processing /opt/airflow/dags/dl_bctc_luong_2.py took 0.122 seconds
[2026-04-19T01:47:48.470+0000] {processor.py:161} INFO - Started process (PID=381) to work on /opt/airflow/dags/dl_bctc_luong_2.py
[2026-04-19T01:47:48.471+0000] {processor.py:830} INFO - Processing file /opt/airflow/dags/dl_bctc_luong_2.py for tasks to queue
[2026-04-19T01:47:48.473+0000] {logging_mixin.py:188} INFO - [2026-04-19T01:47:48.473+0000] {dagbag.py:545} INFO - Filling up the DagBag from /opt/airflow/dags/dl_bctc_luong_2.py
[2026-04-19T01:47:48.520+0000] {processor.py:840} INFO - DAG(s) 'bctc_luong_2' retrieved from /opt/airflow/dags/dl_bctc_luong_2.py
[2026-04-19T01:47:48.553+0000] {logging_mixin.py:188} INFO - [2026-04-19T01:47:48.553+0000] {dag.py:3089} INFO - Sync 1 DAGs
[2026-04-19T01:47:48.581+0000] {logging_mixin.py:188} INFO - [2026-04-19T01:47:48.580+0000] {dag.py:3947} INFO - Setting next_dagrun for bctc_luong_2 to 2026-03-01 00:00:00+00:00, run_after=2026-04-01 00:00:00+00:00
[2026-04-19T01:47:48.603+0000] {processor.py:183} INFO - Processing /opt/airflow/dags/dl_bctc_luong_2.py took 0.140 seconds
[2026-04-19T01:48:19.303+0000] {processor.py:161} INFO - Started process (PID=406) to work on /opt/airflow/dags/dl_bctc_luong_2.py
[2026-04-19T01:48:19.304+0000] {processor.py:830} INFO - Processing file /opt/airflow/dags/dl_bctc_luong_2.py for tasks to queue
[2026-04-19T01:48:19.306+0000] {logging_mixin.py:188} INFO - [2026-04-19T01:48:19.306+0000] {dagbag.py:545} INFO - Filling up the DagBag from /opt/airflow/dags/dl_bctc_luong_2.py
[2026-04-19T01:48:19.348+0000] {processor.py:840} INFO - DAG(s) 'bctc_luong_2' retrieved from /opt/airflow/dags/dl_bctc_luong_2.py
[2026-04-19T01:48:19.378+0000] {logging_mixin.py:188} INFO - [2026-04-19T01:48:19.378+0000] {dag.py:3089} INFO - Sync 1 DAGs
[2026-04-19T01:48:19.399+0000] {logging_mixin.py:188} INFO - [2026-04-19T01:48:19.399+0000] {dag.py:3947} INFO - Setting next_dagrun for bctc_luong_2 to 2026-03-01 00:00:00+00:00, run_after=2026-04-01 00:00:00+00:00
[2026-04-19T01:48:19.415+0000] {processor.py:183} INFO - Processing /opt/airflow/dags/dl_bctc_luong_2.py took 0.118 seconds
[2026-04-19T01:48:49.887+0000] {processor.py:161} INFO - Started process (PID=431) to work on /opt/airflow/dags/dl_bctc_luong_2.py
[2026-04-19T01:48:49.888+0000] {processor.py:830} INFO - Processing file /opt/airflow/dags/dl_bctc_luong_2.py for tasks to queue
[2026-04-19T01:48:49.890+0000] {logging_mixin.py:188} INFO - [2026-04-19T01:48:49.890+0000] {dagbag.py:545} INFO - Filling up the DagBag from /opt/airflow/dags/dl_bctc_luong_2.py
[2026-04-19T01:48:49.936+0000] {processor.py:840} INFO - DAG(s) 'bctc_luong_2' retrieved from /opt/airflow/dags/dl_bctc_luong_2.py
[2026-04-19T01:48:49.970+0000] {logging_mixin.py:188} INFO - [2026-04-19T01:48:49.970+0000] {dag.py:3089} INFO - Sync 1 DAGs
[2026-04-19T01:48:49.994+0000] {logging_mixin.py:188} INFO - [2026-04-19T01:48:49.994+0000] {dag.py:3947} INFO - Setting next_dagrun for bctc_luong_2 to 2026-03-01 00:00:00+00:00, run_after=2026-04-01 00:00:00+00:00
[2026-04-19T01:48:50.015+0000] {processor.py:183} INFO - Processing /opt/airflow/dags/dl_bctc_luong_2.py took 0.134 seconds
[2026-04-19T01:49:20.687+0000] {processor.py:161} INFO - Started process (PID=456) to work on /opt/airflow/dags/dl_bctc_luong_2.py
[2026-04-19T01:49:20.688+0000] {processor.py:830} INFO - Processing file /opt/airflow/dags/dl_bctc_luong_2.py for tasks to queue
[2026-04-19T01:49:20.691+0000] {logging_mixin.py:188} INFO - [2026-04-19T01:49:20.691+0000] {dagbag.py:545} INFO - Filling up the DagBag from /opt/airflow/dags/dl_bctc_luong_2.py
[2026-04-19T01:49:20.734+0000] {processor.py:840} INFO - DAG(s) 'bctc_luong_2' retrieved from /opt/airflow/dags/dl_bctc_luong_2.py
[2026-04-19T01:49:20.770+0000] {logging_mixin.py:188} INFO - [2026-04-19T01:49:20.770+0000] {dag.py:3089} INFO - Sync 1 DAGs
[2026-04-19T01:49:20.796+0000] {logging_mixin.py:188} INFO - [2026-04-19T01:49:20.796+0000] {dag.py:3947} INFO - Setting next_dagrun for bctc_luong_2 to 2026-03-01 00:00:00+00:00, run_after=2026-04-01 00:00:00+00:00
[2026-04-19T01:49:20.815+0000] {processor.py:183} INFO - Processing /opt/airflow/dags/dl_bctc_luong_2.py took 0.133 seconds
[2026-04-19T01:49:51.589+0000] {processor.py:161} INFO - Started process (PID=481) to work on /opt/airflow/dags/dl_bctc_luong_2.py
[2026-04-19T01:49:51.590+0000] {processor.py:830} INFO - Processing file /opt/airflow/dags/dl_bctc_luong_2.py for tasks to queue
[2026-04-19T01:49:51.594+0000] {logging_mixin.py:188} INFO - [2026-04-19T01:49:51.593+0000] {dagbag.py:545} INFO - Filling up the DagBag from /opt/airflow/dags/dl_bctc_luong_2.py
[2026-04-19T01:49:51.676+0000] {processor.py:840} INFO - DAG(s) 'bctc_luong_2' retrieved from /opt/airflow/dags/dl_bctc_luong_2.py
[2026-04-19T01:49:51.732+0000] {logging_mixin.py:188} INFO - [2026-04-19T01:49:51.731+0000] {dag.py:3089} INFO - Sync 1 DAGs
[2026-04-19T01:49:51.766+0000] {logging_mixin.py:188} INFO - [2026-04-19T01:49:51.766+0000] {dag.py:3947} INFO - Setting next_dagrun for bctc_luong_2 to 2026-03-01 00:00:00+00:00, run_after=2026-04-01 00:00:00+00:00
[2026-04-19T01:49:51.798+0000] {processor.py:183} INFO - Processing /opt/airflow/dags/dl_bctc_luong_2.py took 0.218 seconds
[2026-04-19T01:50:22.367+0000] {processor.py:161} INFO - Started process (PID=506) to work on /opt/airflow/dags/dl_bctc_luong_2.py
[2026-04-19T01:50:22.368+0000] {processor.py:830} INFO - Processing file /opt/airflow/dags/dl_bctc_luong_2.py for tasks to queue
[2026-04-19T01:50:22.372+0000] {logging_mixin.py:188} INFO - [2026-04-19T01:50:22.372+0000] {dagbag.py:545} INFO - Filling up the DagBag from /opt/airflow/dags/dl_bctc_luong_2.py
[2026-04-19T01:50:22.448+0000] {processor.py:840} INFO - DAG(s) 'bctc_luong_2' retrieved from /opt/airflow/dags/dl_bctc_luong_2.py
[2026-04-19T01:50:22.498+0000] {logging_mixin.py:188} INFO - [2026-04-19T01:50:22.497+0000] {dag.py:3089} INFO - Sync 1 DAGs
[2026-04-19T01:50:22.533+0000] {logging_mixin.py:188} INFO - [2026-04-19T01:50:22.533+0000] {dag.py:3947} INFO - Setting next_dagrun for bctc_luong_2 to 2026-03-01 00:00:00+00:00, run_after=2026-04-01 00:00:00+00:00
[2026-04-19T01:50:22.562+0000] {processor.py:183} INFO - Processing /opt/airflow/dags/dl_bctc_luong_2.py took 0.204 seconds
[2026-04-19T01:50:53.025+0000] {processor.py:161} INFO - Started process (PID=532) to work on /opt/airflow/dags/dl_bctc_luong_2.py
[2026-04-19T01:50:53.026+0000] {processor.py:830} INFO - Processing file /opt/airflow/dags/dl_bctc_luong_2.py for tasks to queue
[2026-04-19T01:50:53.028+0000] {logging_mixin.py:188} INFO - [2026-04-19T01:50:53.028+0000] {dagbag.py:545} INFO - Filling up the DagBag from /opt/airflow/dags/dl_bctc_luong_2.py
[2026-04-19T01:50:53.086+0000] {processor.py:840} INFO - DAG(s) 'bctc_luong_2' retrieved from /opt/airflow/dags/dl_bctc_luong_2.py
[2026-04-19T01:50:53.126+0000] {logging_mixin.py:188} INFO - [2026-04-19T01:50:53.125+0000] {dag.py:3089} INFO - Sync 1 DAGs
[2026-04-19T01:50:53.154+0000] {logging_mixin.py:188} INFO - [2026-04-19T01:50:53.154+0000] {dag.py:3947} INFO - Setting next_dagrun for bctc_luong_2 to 2026-03-01 00:00:00+00:00, run_after=2026-04-01 00:00:00+00:00
[2026-04-19T01:50:53.179+0000] {processor.py:183} INFO - Processing /opt/airflow/dags/dl_bctc_luong_2.py took 0.161 seconds
[2026-04-19T01:51:23.602+0000] {processor.py:161} INFO - Started process (PID=557) to work on /opt/airflow/dags/dl_bctc_luong_2.py
[2026-04-19T01:51:23.603+0000] {processor.py:830} INFO - Processing file /opt/airflow/dags/dl_bctc_luong_2.py for tasks to queue
[2026-04-19T01:51:23.606+0000] {logging_mixin.py:188} INFO - [2026-04-19T01:51:23.606+0000] {dagbag.py:545} INFO - Filling up the DagBag from /opt/airflow/dags/dl_bctc_luong_2.py
[2026-04-19T01:51:23.662+0000] {processor.py:840} INFO - DAG(s) 'bctc_luong_2' retrieved from /opt/airflow/dags/dl_bctc_luong_2.py
[2026-04-19T01:51:23.700+0000] {logging_mixin.py:188} INFO - [2026-04-19T01:51:23.700+0000] {dag.py:3089} INFO - Sync 1 DAGs
[2026-04-19T01:51:23.729+0000] {logging_mixin.py:188} INFO - [2026-04-19T01:51:23.729+0000] {dag.py:3947} INFO - Setting next_dagrun for bctc_luong_2 to 2026-03-01 00:00:00+00:00, run_after=2026-04-01 00:00:00+00:00
[2026-04-19T01:51:23.753+0000] {processor.py:183} INFO - Processing /opt/airflow/dags/dl_bctc_luong_2.py took 0.159 seconds
[2026-04-19T01:51:54.152+0000] {processor.py:161} INFO - Started process (PID=582) to work on /opt/airflow/dags/dl_bctc_luong_2.py
[2026-04-19T01:51:54.153+0000] {processor.py:830} INFO - Processing file /opt/airflow/dags/dl_bctc_luong_2.py for tasks to queue
[2026-04-19T01:51:54.155+0000] {logging_mixin.py:188} INFO - [2026-04-19T01:51:54.155+0000] {dagbag.py:545} INFO - Filling up the DagBag from /opt/airflow/dags/dl_bctc_luong_2.py
[2026-04-19T01:51:54.200+0000] {processor.py:840} INFO - DAG(s) 'bctc_luong_2' retrieved from /opt/airflow/dags/dl_bctc_luong_2.py
[2026-04-19T01:51:54.231+0000] {logging_mixin.py:188} INFO - [2026-04-19T01:51:54.230+0000] {dag.py:3089} INFO - Sync 1 DAGs
[2026-04-19T01:51:54.252+0000] {logging_mixin.py:188} INFO - [2026-04-19T01:51:54.252+0000] {dag.py:3947} INFO - Setting next_dagrun for bctc_luong_2 to 2026-03-01 00:00:00+00:00, run_after=2026-04-01 00:00:00+00:00
[2026-04-19T01:51:54.273+0000] {processor.py:183} INFO - Processing /opt/airflow/dags/dl_bctc_luong_2.py took 0.128 seconds
[2026-04-19T01:52:24.354+0000] {processor.py:161} INFO - Started process (PID=607) to work on /opt/airflow/dags/dl_bctc_luong_2.py
[2026-04-19T01:52:24.355+0000] {processor.py:830} INFO - Processing file /opt/airflow/dags/dl_bctc_luong_2.py for tasks to queue
[2026-04-19T01:52:24.357+0000] {logging_mixin.py:188} INFO - [2026-04-19T01:52:24.356+0000] {dagbag.py:545} INFO - Filling up the DagBag from /opt/airflow/dags/dl_bctc_luong_2.py
[2026-04-19T01:52:24.399+0000] {processor.py:840} INFO - DAG(s) 'bctc_luong_2' retrieved from /opt/airflow/dags/dl_bctc_luong_2.py
[2026-04-19T01:52:24.431+0000] {logging_mixin.py:188} INFO - [2026-04-19T01:52:24.430+0000] {dag.py:3089} INFO - Sync 1 DAGs
[2026-04-19T01:52:24.452+0000] {logging_mixin.py:188} INFO - [2026-04-19T01:52:24.452+0000] {dag.py:3947} INFO - Setting next_dagrun for bctc_luong_2 to 2026-03-01 00:00:00+00:00, run_after=2026-04-01 00:00:00+00:00
[2026-04-19T01:52:24.472+0000] {processor.py:183} INFO - Processing /opt/airflow/dags/dl_bctc_luong_2.py took 0.124 seconds
[2026-04-19T01:52:54.680+0000] {processor.py:161} INFO - Started process (PID=633) to work on /opt/airflow/dags/dl_bctc_luong_2.py
[2026-04-19T01:52:54.681+0000] {processor.py:830} INFO - Processing file /opt/airflow/dags/dl_bctc_luong_2.py for tasks to queue
[2026-04-19T01:52:54.683+0000] {logging_mixin.py:188} INFO - [2026-04-19T01:52:54.683+0000] {dagbag.py:545} INFO - Filling up the DagBag from /opt/airflow/dags/dl_bctc_luong_2.py
[2026-04-19T01:52:54.728+0000] {processor.py:840} INFO - DAG(s) 'bctc_luong_2' retrieved from /opt/airflow/dags/dl_bctc_luong_2.py
[2026-04-19T01:52:54.759+0000] {logging_mixin.py:188} INFO - [2026-04-19T01:52:54.759+0000] {dag.py:3089} INFO - Sync 1 DAGs
[2026-04-19T01:52:54.784+0000] {logging_mixin.py:188} INFO - [2026-04-19T01:52:54.784+0000] {dag.py:3947} INFO - Setting next_dagrun for bctc_luong_2 to 2026-03-01 00:00:00+00:00, run_after=2026-04-01 00:00:00+00:00
[2026-04-19T01:52:54.807+0000] {processor.py:183} INFO - Processing /opt/airflow/dags/dl_bctc_luong_2.py took 0.133 seconds
[2026-04-19T01:53:25.200+0000] {processor.py:161} INFO - Started process (PID=658) to work on /opt/airflow/dags/dl_bctc_luong_2.py
[2026-04-19T01:53:25.201+0000] {processor.py:830} INFO - Processing file /opt/airflow/dags/dl_bctc_luong_2.py for tasks to queue
[2026-04-19T01:53:25.204+0000] {logging_mixin.py:188} INFO - [2026-04-19T01:53:25.203+0000] {dagbag.py:545} INFO - Filling up the DagBag from /opt/airflow/dags/dl_bctc_luong_2.py
[2026-04-19T01:53:25.245+0000] {processor.py:840} INFO - DAG(s) 'bctc_luong_2' retrieved from /opt/airflow/dags/dl_bctc_luong_2.py
[2026-04-19T01:53:25.278+0000] {logging_mixin.py:188} INFO - [2026-04-19T01:53:25.278+0000] {dag.py:3089} INFO - Sync 1 DAGs
[2026-04-19T01:53:25.301+0000] {logging_mixin.py:188} INFO - [2026-04-19T01:53:25.301+0000] {dag.py:3947} INFO - Setting next_dagrun for bctc_luong_2 to 2026-03-01 00:00:00+00:00, run_after=2026-04-01 00:00:00+00:00
[2026-04-19T01:53:25.323+0000] {processor.py:183} INFO - Processing /opt/airflow/dags/dl_bctc_luong_2.py took 0.128 seconds
[2026-04-19T01:53:55.832+0000] {processor.py:161} INFO - Started process (PID=682) to work on /opt/airflow/dags/dl_bctc_luong_2.py
[2026-04-19T01:53:55.833+0000] {processor.py:830} INFO - Processing file /opt/airflow/dags/dl_bctc_luong_2.py for tasks to queue
[2026-04-19T01:53:55.835+0000] {logging_mixin.py:188} INFO - [2026-04-19T01:53:55.835+0000] {dagbag.py:545} INFO - Filling up the DagBag from /opt/airflow/dags/dl_bctc_luong_2.py
[2026-04-19T01:53:55.873+0000] {processor.py:840} INFO - DAG(s) 'bctc_luong_2' retrieved from /opt/airflow/dags/dl_bctc_luong_2.py
[2026-04-19T01:53:55.900+0000] {logging_mixin.py:188} INFO - [2026-04-19T01:53:55.900+0000] {dag.py:3089} INFO - Sync 1 DAGs
[2026-04-19T01:53:55.919+0000] {logging_mixin.py:188} INFO - [2026-04-19T01:53:55.919+0000] {dag.py:3947} INFO - Setting next_dagrun for bctc_luong_2 to 2026-03-01 00:00:00+00:00, run_after=2026-04-01 00:00:00+00:00
[2026-04-19T01:53:56.897+0000] {processor.py:183} INFO - Processing /opt/airflow/dags/dl_bctc_luong_2.py took 1.070 seconds
[2026-04-19T01:54:27.005+0000] {processor.py:161} INFO - Started process (PID=707) to work on /opt/airflow/dags/dl_bctc_luong_2.py
[2026-04-19T01:54:27.006+0000] {processor.py:830} INFO - Processing file /opt/airflow/dags/dl_bctc_luong_2.py for tasks to queue
[2026-04-19T01:54:27.009+0000] {logging_mixin.py:188} INFO - [2026-04-19T01:54:27.008+0000] {dagbag.py:545} INFO - Filling up the DagBag from /opt/airflow/dags/dl_bctc_luong_2.py
[2026-04-19T01:54:27.050+0000] {processor.py:840} INFO - DAG(s) 'bctc_luong_2' retrieved from /opt/airflow/dags/dl_bctc_luong_2.py
[2026-04-19T01:54:27.079+0000] {logging_mixin.py:188} INFO - [2026-04-19T01:54:27.079+0000] {dag.py:3089} INFO - Sync 1 DAGs
[2026-04-19T01:54:27.100+0000] {logging_mixin.py:188} INFO - [2026-04-19T01:54:27.099+0000] {dag.py:3947} INFO - Setting next_dagrun for bctc_luong_2 to 2026-03-01 00:00:00+00:00, run_after=2026-04-01 00:00:00+00:00
[2026-04-19T01:54:27.119+0000] {processor.py:183} INFO - Processing /opt/airflow/dags/dl_bctc_luong_2.py took 0.119 seconds
[2026-04-19T01:54:58.184+0000] {processor.py:161} INFO - Started process (PID=732) to work on /opt/airflow/dags/dl_bctc_luong_2.py
[2026-04-19T01:54:58.185+0000] {processor.py:830} INFO - Processing file /opt/airflow/dags/dl_bctc_luong_2.py for tasks to queue
[2026-04-19T01:54:58.187+0000] {logging_mixin.py:188} INFO - [2026-04-19T01:54:58.187+0000] {dagbag.py:545} INFO - Filling up the DagBag from /opt/airflow/dags/dl_bctc_luong_2.py
[2026-04-19T01:54:58.225+0000] {processor.py:840} INFO - DAG(s) 'bctc_luong_2' retrieved from /opt/airflow/dags/dl_bctc_luong_2.py
[2026-04-19T01:54:58.253+0000] {logging_mixin.py:188} INFO - [2026-04-19T01:54:58.253+0000] {dag.py:3089} INFO - Sync 1 DAGs
[2026-04-19T01:54:58.459+0000] {logging_mixin.py:188} INFO - [2026-04-19T01:54:58.459+0000] {dag.py:3947} INFO - Setting next_dagrun for bctc_luong_2 to 2026-03-01 00:00:00+00:00, run_after=2026-04-01 00:00:00+00:00
[2026-04-19T01:54:58.474+0000] {processor.py:183} INFO - Processing /opt/airflow/dags/dl_bctc_luong_2.py took 0.295 seconds
[2026-04-19T01:55:28.875+0000] {processor.py:161} INFO - Started process (PID=757) to work on /opt/airflow/dags/dl_bctc_luong_2.py
[2026-04-19T01:55:28.876+0000] {processor.py:830} INFO - Processing file /opt/airflow/dags/dl_bctc_luong_2.py for tasks to queue
[2026-04-19T01:55:28.878+0000] {logging_mixin.py:188} INFO - [2026-04-19T01:55:28.878+0000] {dagbag.py:545} INFO - Filling up the DagBag from /opt/airflow/dags/dl_bctc_luong_2.py
[2026-04-19T01:55:28.926+0000] {processor.py:840} INFO - DAG(s) 'bctc_luong_2' retrieved from /opt/airflow/dags/dl_bctc_luong_2.py
[2026-04-19T01:55:28.959+0000] {logging_mixin.py:188} INFO - [2026-04-19T01:55:28.958+0000] {dag.py:3089} INFO - Sync 1 DAGs
[2026-04-19T01:55:28.983+0000] {logging_mixin.py:188} INFO - [2026-04-19T01:55:28.983+0000] {dag.py:3947} INFO - Setting next_dagrun for bctc_luong_2 to 2026-03-01 00:00:00+00:00, run_after=2026-04-01 00:00:00+00:00
[2026-04-19T01:55:29.009+0000] {processor.py:183} INFO - Processing /opt/airflow/dags/dl_bctc_luong_2.py took 0.140 seconds
[2026-04-19T01:55:59.696+0000] {processor.py:161} INFO - Started process (PID=782) to work on /opt/airflow/dags/dl_bctc_luong_2.py
[2026-04-19T01:55:59.697+0000] {processor.py:830} INFO - Processing file /opt/airflow/dags/dl_bctc_luong_2.py for tasks to queue
[2026-04-19T01:55:59.701+0000] {logging_mixin.py:188} INFO - [2026-04-19T01:55:59.700+0000] {dagbag.py:545} INFO - Filling up the DagBag from /opt/airflow/dags/dl_bctc_luong_2.py
[2026-04-19T01:55:59.755+0000] {processor.py:840} INFO - DAG(s) 'bctc_luong_2' retrieved from /opt/airflow/dags/dl_bctc_luong_2.py
[2026-04-19T01:55:59.797+0000] {logging_mixin.py:188} INFO - [2026-04-19T01:55:59.797+0000] {dag.py:3089} INFO - Sync 1 DAGs
[2026-04-19T01:56:00.049+0000] {logging_mixin.py:188} INFO - [2026-04-19T01:56:00.049+0000] {dag.py:3947} INFO - Setting next_dagrun for bctc_luong_2 to 2026-03-01 00:00:00+00:00, run_after=2026-04-01 00:00:00+00:00
[2026-04-19T01:56:00.107+0000] {processor.py:183} INFO - Processing /opt/airflow/dags/dl_bctc_luong_2.py took 0.418 seconds
[2026-04-19T01:56:30.999+0000] {processor.py:161} INFO - Started process (PID=807) to work on /opt/airflow/dags/dl_bctc_luong_2.py
[2026-04-19T01:56:31.003+0000] {processor.py:830} INFO - Processing file /opt/airflow/dags/dl_bctc_luong_2.py for tasks to queue
[2026-04-19T01:56:31.006+0000] {logging_mixin.py:188} INFO - [2026-04-19T01:56:31.006+0000] {dagbag.py:545} INFO - Filling up the DagBag from /opt/airflow/dags/dl_bctc_luong_2.py
[2026-04-19T01:56:31.076+0000] {processor.py:840} INFO - DAG(s) 'bctc_luong_2' retrieved from /opt/airflow/dags/dl_bctc_luong_2.py
[2026-04-19T01:56:31.120+0000] {logging_mixin.py:188} INFO - [2026-04-19T01:56:31.119+0000] {dag.py:3089} INFO - Sync 1 DAGs
[2026-04-19T01:56:31.153+0000] {logging_mixin.py:188} INFO - [2026-04-19T01:56:31.152+0000] {dag.py:3947} INFO - Setting next_dagrun for bctc_luong_2 to 2026-03-01 00:00:00+00:00, run_after=2026-04-01 00:00:00+00:00
[2026-04-19T01:56:31.186+0000] {processor.py:183} INFO - Processing /opt/airflow/dags/dl_bctc_luong_2.py took 0.200 seconds
[2026-04-19T01:57:01.884+0000] {processor.py:161} INFO - Started process (PID=832) to work on /opt/airflow/dags/dl_bctc_luong_2.py
[2026-04-19T01:57:01.886+0000] {processor.py:830} INFO - Processing file /opt/airflow/dags/dl_bctc_luong_2.py for tasks to queue
[2026-04-19T01:57:01.888+0000] {logging_mixin.py:188} INFO - [2026-04-19T01:57:01.888+0000] {dagbag.py:545} INFO - Filling up the DagBag from /opt/airflow/dags/dl_bctc_luong_2.py
[2026-04-19T01:57:01.944+0000] {processor.py:840} INFO - DAG(s) 'bctc_luong_2' retrieved from /opt/airflow/dags/dl_bctc_luong_2.py
[2026-04-19T01:57:01.983+0000] {logging_mixin.py:188} INFO - [2026-04-19T01:57:01.983+0000] {dag.py:3089} INFO - Sync 1 DAGs
[2026-04-19T01:57:02.007+0000] {logging_mixin.py:188} INFO - [2026-04-19T01:57:02.007+0000] {dag.py:3947} INFO - Setting next_dagrun for bctc_luong_2 to 2026-03-01 00:00:00+00:00, run_after=2026-04-01 00:00:00+00:00
[2026-04-19T01:57:02.025+0000] {processor.py:183} INFO - Processing /opt/airflow/dags/dl_bctc_luong_2.py took 0.147 seconds
[2026-04-19T01:57:32.401+0000] {processor.py:161} INFO - Started process (PID=857) to work on /opt/airflow/dags/dl_bctc_luong_2.py
[2026-04-19T01:57:32.402+0000] {processor.py:830} INFO - Processing file /opt/airflow/dags/dl_bctc_luong_2.py for tasks to queue
[2026-04-19T01:57:32.404+0000] {logging_mixin.py:188} INFO - [2026-04-19T01:57:32.404+0000] {dagbag.py:545} INFO - Filling up the DagBag from /opt/airflow/dags/dl_bctc_luong_2.py
[2026-04-19T01:57:32.447+0000] {processor.py:840} INFO - DAG(s) 'bctc_luong_2' retrieved from /opt/airflow/dags/dl_bctc_luong_2.py
[2026-04-19T01:57:32.479+0000] {logging_mixin.py:188} INFO - [2026-04-19T01:57:32.479+0000] {dag.py:3089} INFO - Sync 1 DAGs
[2026-04-19T01:57:32.501+0000] {logging_mixin.py:188} INFO - [2026-04-19T01:57:32.501+0000] {dag.py:3947} INFO - Setting next_dagrun for bctc_luong_2 to 2026-03-01 00:00:00+00:00, run_after=2026-04-01 00:00:00+00:00
[2026-04-19T01:57:32.521+0000] {processor.py:183} INFO - Processing /opt/airflow/dags/dl_bctc_luong_2.py took 0.126 seconds
[2026-04-19T01:58:03.069+0000] {processor.py:161} INFO - Started process (PID=883) to work on /opt/airflow/dags/dl_bctc_luong_2.py
[2026-04-19T01:58:03.070+0000] {processor.py:830} INFO - Processing file /opt/airflow/dags/dl_bctc_luong_2.py for tasks to queue
[2026-04-19T01:58:03.074+0000] {logging_mixin.py:188} INFO - [2026-04-19T01:58:03.073+0000] {dagbag.py:545} INFO - Filling up the DagBag from /opt/airflow/dags/dl_bctc_luong_2.py
[2026-04-19T01:58:03.138+0000] {processor.py:840} INFO - DAG(s) 'bctc_luong_2' retrieved from /opt/airflow/dags/dl_bctc_luong_2.py
[2026-04-19T01:58:03.192+0000] {logging_mixin.py:188} INFO - [2026-04-19T01:58:03.192+0000] {dag.py:3089} INFO - Sync 1 DAGs
[2026-04-19T01:58:03.215+0000] {logging_mixin.py:188} INFO - [2026-04-19T01:58:03.215+0000] {dag.py:3947} INFO - Setting next_dagrun for bctc_luong_2 to 2026-03-01 00:00:00+00:00, run_after=2026-04-01 00:00:00+00:00
[2026-04-19T01:58:03.234+0000] {processor.py:183} INFO - Processing /opt/airflow/dags/dl_bctc_luong_2.py took 0.173 seconds
[2026-04-19T01:58:34.098+0000] {processor.py:161} INFO - Started process (PID=908) to work on /opt/airflow/dags/dl_bctc_luong_2.py
[2026-04-19T01:58:34.099+0000] {processor.py:830} INFO - Processing file /opt/airflow/dags/dl_bctc_luong_2.py for tasks to queue
[2026-04-19T01:58:34.102+0000] {logging_mixin.py:188} INFO - [2026-04-19T01:58:34.101+0000] {dagbag.py:545} INFO - Filling up the DagBag from /opt/airflow/dags/dl_bctc_luong_2.py
[2026-04-19T01:58:34.159+0000] {processor.py:840} INFO - DAG(s) 'bctc_luong_2' retrieved from /opt/airflow/dags/dl_bctc_luong_2.py
[2026-04-19T01:58:34.204+0000] {logging_mixin.py:188} INFO - [2026-04-19T01:58:34.203+0000] {dag.py:3089} INFO - Sync 1 DAGs
[2026-04-19T01:58:34.236+0000] {logging_mixin.py:188} INFO - [2026-04-19T01:58:34.236+0000] {dag.py:3947} INFO - Setting next_dagrun for bctc_luong_2 to 2026-03-01 00:00:00+00:00, run_after=2026-04-01 00:00:00+00:00
[2026-04-19T01:58:34.263+0000] {processor.py:183} INFO - Processing /opt/airflow/dags/dl_bctc_luong_2.py took 0.174 seconds
[2026-04-19T01:59:04.769+0000] {processor.py:161} INFO - Started process (PID=933) to work on /opt/airflow/dags/dl_bctc_luong_2.py
[2026-04-19T01:59:04.770+0000] {processor.py:830} INFO - Processing file /opt/airflow/dags/dl_bctc_luong_2.py for tasks to queue
[2026-04-19T01:59:04.772+0000] {logging_mixin.py:188} INFO - [2026-04-19T01:59:04.772+0000] {dagbag.py:545} INFO - Filling up the DagBag from /opt/airflow/dags/dl_bctc_luong_2.py
[2026-04-19T01:59:04.816+0000] {processor.py:840} INFO - DAG(s) 'bctc_luong_2' retrieved from /opt/airflow/dags/dl_bctc_luong_2.py
[2026-04-19T01:59:04.847+0000] {logging_mixin.py:188} INFO - [2026-04-19T01:59:04.846+0000] {dag.py:3089} INFO - Sync 1 DAGs
[2026-04-19T01:59:04.867+0000] {logging_mixin.py:188} INFO - [2026-04-19T01:59:04.867+0000] {dag.py:3947} INFO - Setting next_dagrun for bctc_luong_2 to 2026-03-01 00:00:00+00:00, run_after=2026-04-01 00:00:00+00:00
[2026-04-19T01:59:04.886+0000] {processor.py:183} INFO - Processing /opt/airflow/dags/dl_bctc_luong_2.py took 0.122 seconds
[2026-04-19T01:59:35.506+0000] {processor.py:161} INFO - Started process (PID=958) to work on /opt/airflow/dags/dl_bctc_luong_2.py
[2026-04-19T01:59:35.507+0000] {processor.py:830} INFO - Processing file /opt/airflow/dags/dl_bctc_luong_2.py for tasks to queue
[2026-04-19T01:59:35.510+0000] {logging_mixin.py:188} INFO - [2026-04-19T01:59:35.509+0000] {dagbag.py:545} INFO - Filling up the DagBag from /opt/airflow/dags/dl_bctc_luong_2.py
[2026-04-19T01:59:35.554+0000] {processor.py:840} INFO - DAG(s) 'bctc_luong_2' retrieved from /opt/airflow/dags/dl_bctc_luong_2.py
[2026-04-19T01:59:35.590+0000] {logging_mixin.py:188} INFO - [2026-04-19T01:59:35.590+0000] {dag.py:3089} INFO - Sync 1 DAGs
[2026-04-19T01:59:35.618+0000] {logging_mixin.py:188} INFO - [2026-04-19T01:59:35.618+0000] {dag.py:3947} INFO - Setting next_dagrun for bctc_luong_2 to 2026-03-01 00:00:00+00:00, run_after=2026-04-01 00:00:00+00:00
[2026-04-19T01:59:35.638+0000] {processor.py:183} INFO - Processing /opt/airflow/dags/dl_bctc_luong_2.py took 0.137 seconds
[2026-04-19T02:00:06.281+0000] {processor.py:161} INFO - Started process (PID=983) to work on /opt/airflow/dags/dl_bctc_luong_2.py
[2026-04-19T02:00:06.282+0000] {processor.py:830} INFO - Processing file /opt/airflow/dags/dl_bctc_luong_2.py for tasks to queue
[2026-04-19T02:00:06.285+0000] {logging_mixin.py:188} INFO - [2026-04-19T02:00:06.284+0000] {dagbag.py:545} INFO - Filling up the DagBag from /opt/airflow/dags/dl_bctc_luong_2.py
[2026-04-19T02:00:06.332+0000] {processor.py:840} INFO - DAG(s) 'bctc_luong_2' retrieved from /opt/airflow/dags/dl_bctc_luong_2.py
[2026-04-19T02:00:06.364+0000] {logging_mixin.py:188} INFO - [2026-04-19T02:00:06.364+0000] {dag.py:3089} INFO - Sync 1 DAGs
[2026-04-19T02:00:06.388+0000] {logging_mixin.py:188} INFO - [2026-04-19T02:00:06.388+0000] {dag.py:3947} INFO - Setting next_dagrun for bctc_luong_2 to 2026-03-01 00:00:00+00:00, run_after=2026-04-01 00:00:00+00:00
[2026-04-19T02:00:06.410+0000] {processor.py:183} INFO - Processing /opt/airflow/dags/dl_bctc_luong_2.py took 0.136 seconds
[2026-04-19T02:00:36.501+0000] {processor.py:161} INFO - Started process (PID=1008) to work on /opt/airflow/dags/dl_bctc_luong_2.py
[2026-04-19T02:00:36.502+0000] {processor.py:830} INFO - Processing file /opt/airflow/dags/dl_bctc_luong_2.py for tasks to queue
[2026-04-19T02:00:36.505+0000] {logging_mixin.py:188} INFO - [2026-04-19T02:00:36.504+0000] {dagbag.py:545} INFO - Filling up the DagBag from /opt/airflow/dags/dl_bctc_luong_2.py
[2026-04-19T02:00:36.542+0000] {processor.py:840} INFO - DAG(s) 'bctc_luong_2' retrieved from /opt/airflow/dags/dl_bctc_luong_2.py
[2026-04-19T02:00:36.570+0000] {logging_mixin.py:188} INFO - [2026-04-19T02:00:36.570+0000] {dag.py:3089} INFO - Sync 1 DAGs
[2026-04-19T02:00:36.589+0000] {logging_mixin.py:188} INFO - [2026-04-19T02:00:36.589+0000] {dag.py:3947} INFO - Setting next_dagrun for bctc_luong_2 to 2026-03-01 00:00:00+00:00, run_after=2026-04-01 00:00:00+00:00
[2026-04-19T02:00:36.607+0000] {processor.py:183} INFO - Processing /opt/airflow/dags/dl_bctc_luong_2.py took 0.111 seconds
[2026-04-19T02:01:07.243+0000] {processor.py:161} INFO - Started process (PID=1033) to work on /opt/airflow/dags/dl_bctc_luong_2.py
[2026-04-19T02:01:07.244+0000] {processor.py:830} INFO - Processing file /opt/airflow/dags/dl_bctc_luong_2.py for tasks to queue
[2026-04-19T02:01:07.246+0000] {logging_mixin.py:188} INFO - [2026-04-19T02:01:07.246+0000] {dagbag.py:545} INFO - Filling up the DagBag from /opt/airflow/dags/dl_bctc_luong_2.py
[2026-04-19T02:01:07.288+0000] {processor.py:840} INFO - DAG(s) 'bctc_luong_2' retrieved from /opt/airflow/dags/dl_bctc_luong_2.py
[2026-04-19T02:01:07.325+0000] {logging_mixin.py:188} INFO - [2026-04-19T02:01:07.325+0000] {dag.py:3089} INFO - Sync 1 DAGs
[2026-04-19T02:01:07.355+0000] {logging_mixin.py:188} INFO - [2026-04-19T02:01:07.354+0000] {dag.py:3947} INFO - Setting next_dagrun for bctc_luong_2 to 2026-03-01 00:00:00+00:00, run_after=2026-04-01 00:00:00+00:00
[2026-04-19T02:01:07.379+0000] {processor.py:183} INFO - Processing /opt/airflow/dags/dl_bctc_luong_2.py took 0.143 seconds
[2026-04-19T02:01:38.021+0000] {processor.py:161} INFO - Started process (PID=1058) to work on /opt/airflow/dags/dl_bctc_luong_2.py
[2026-04-19T02:01:38.022+0000] {processor.py:830} INFO - Processing file /opt/airflow/dags/dl_bctc_luong_2.py for tasks to queue
[2026-04-19T02:01:38.025+0000] {logging_mixin.py:188} INFO - [2026-04-19T02:01:38.024+0000] {dagbag.py:545} INFO - Filling up the DagBag from /opt/airflow/dags/dl_bctc_luong_2.py
[2026-04-19T02:01:38.064+0000] {processor.py:840} INFO - DAG(s) 'bctc_luong_2' retrieved from /opt/airflow/dags/dl_bctc_luong_2.py
[2026-04-19T02:01:38.092+0000] {logging_mixin.py:188} INFO - [2026-04-19T02:01:38.091+0000] {dag.py:3089} INFO - Sync 1 DAGs
[2026-04-19T02:01:38.113+0000] {logging_mixin.py:188} INFO - [2026-04-19T02:01:38.113+0000] {dag.py:3947} INFO - Setting next_dagrun for bctc_luong_2 to 2026-03-01 00:00:00+00:00, run_after=2026-04-01 00:00:00+00:00
[2026-04-19T02:01:38.133+0000] {processor.py:183} INFO - Processing /opt/airflow/dags/dl_bctc_luong_2.py took 0.117 seconds
[2026-04-19T02:02:08.956+0000] {processor.py:161} INFO - Started process (PID=1084) to work on /opt/airflow/dags/dl_bctc_luong_2.py
[2026-04-19T02:02:08.957+0000] {processor.py:830} INFO - Processing file /opt/airflow/dags/dl_bctc_luong_2.py for tasks to queue
[2026-04-19T02:02:08.959+0000] {logging_mixin.py:188} INFO - [2026-04-19T02:02:08.959+0000] {dagbag.py:545} INFO - Filling up the DagBag from /opt/airflow/dags/dl_bctc_luong_2.py
[2026-04-19T02:02:08.999+0000] {processor.py:840} INFO - DAG(s) 'bctc_luong_2' retrieved from /opt/airflow/dags/dl_bctc_luong_2.py
[2026-04-19T02:02:09.029+0000] {logging_mixin.py:188} INFO - [2026-04-19T02:02:09.029+0000] {dag.py:3089} INFO - Sync 1 DAGs
[2026-04-19T02:02:09.048+0000] {logging_mixin.py:188} INFO - [2026-04-19T02:02:09.048+0000] {dag.py:3947} INFO - Setting next_dagrun for bctc_luong_2 to 2026-03-01 00:00:00+00:00, run_after=2026-04-01 00:00:00+00:00
[2026-04-19T02:02:09.067+0000] {processor.py:183} INFO - Processing /opt/airflow/dags/dl_bctc_luong_2.py took 0.116 seconds
[2026-04-19T02:02:39.734+0000] {processor.py:161} INFO - Started process (PID=1109) to work on /opt/airflow/dags/dl_bctc_luong_2.py
[2026-04-19T02:02:39.734+0000] {processor.py:830} INFO - Processing file /opt/airflow/dags/dl_bctc_luong_2.py for tasks to queue
[2026-04-19T02:02:39.736+0000] {logging_mixin.py:188} INFO - [2026-04-19T02:02:39.736+0000] {dagbag.py:545} INFO - Filling up the DagBag from /opt/airflow/dags/dl_bctc_luong_2.py
[2026-04-19T02:02:39.774+0000] {processor.py:840} INFO - DAG(s) 'bctc_luong_2' retrieved from /opt/airflow/dags/dl_bctc_luong_2.py
[2026-04-19T02:02:39.801+0000] {logging_mixin.py:188} INFO - [2026-04-19T02:02:39.801+0000] {dag.py:3089} INFO - Sync 1 DAGs
[2026-04-19T02:02:39.820+0000] {logging_mixin.py:188} INFO - [2026-04-19T02:02:39.820+0000] {dag.py:3947} INFO - Setting next_dagrun for bctc_luong_2 to 2026-03-01 00:00:00+00:00, run_after=2026-04-01 00:00:00+00:00
[2026-04-19T02:02:39.838+0000] {processor.py:183} INFO - Processing /opt/airflow/dags/dl_bctc_luong_2.py took 0.110 seconds
[2026-04-19T02:03:10.452+0000] {processor.py:161} INFO - Started process (PID=1140) to work on /opt/airflow/dags/dl_bctc_luong_2.py
[2026-04-19T02:03:10.453+0000] {processor.py:830} INFO - Processing file /opt/airflow/dags/dl_bctc_luong_2.py for tasks to queue
[2026-04-19T02:03:10.455+0000] {logging_mixin.py:188} INFO - [2026-04-19T02:03:10.454+0000] {dagbag.py:545} INFO - Filling up the DagBag from /opt/airflow/dags/dl_bctc_luong_2.py
[2026-04-19T02:03:10.492+0000] {processor.py:840} INFO - DAG(s) 'bctc_luong_2' retrieved from /opt/airflow/dags/dl_bctc_luong_2.py
[2026-04-19T02:03:10.520+0000] {logging_mixin.py:188} INFO - [2026-04-19T02:03:10.519+0000] {dag.py:3089} INFO - Sync 1 DAGs
[2026-04-19T02:03:10.538+0000] {logging_mixin.py:188} INFO - [2026-04-19T02:03:10.538+0000] {dag.py:3947} INFO - Setting next_dagrun for bctc_luong_2 to 2026-03-01 00:00:00+00:00, run_after=2026-04-01 00:00:00+00:00
[2026-04-19T02:03:10.557+0000] {processor.py:183} INFO - Processing /opt/airflow/dags/dl_bctc_luong_2.py took 0.111 seconds
[2026-04-19T02:03:41.408+0000] {processor.py:161} INFO - Started process (PID=1165) to work on /opt/airflow/dags/dl_bctc_luong_2.py
[2026-04-19T02:03:41.409+0000] {processor.py:830} INFO - Processing file /opt/airflow/dags/dl_bctc_luong_2.py for tasks to queue
[2026-04-19T02:03:41.413+0000] {logging_mixin.py:188} INFO - [2026-04-19T02:03:41.413+0000] {dagbag.py:545} INFO - Filling up the DagBag from /opt/airflow/dags/dl_bctc_luong_2.py
[2026-04-19T02:03:41.476+0000] {processor.py:840} INFO - DAG(s) 'bctc_luong_2' retrieved from /opt/airflow/dags/dl_bctc_luong_2.py
[2026-04-19T02:03:41.514+0000] {logging_mixin.py:188} INFO - [2026-04-19T02:03:41.514+0000] {dag.py:3089} INFO - Sync 1 DAGs
[2026-04-19T02:03:41.539+0000] {logging_mixin.py:188} INFO - [2026-04-19T02:03:41.539+0000] {dag.py:3947} INFO - Setting next_dagrun for bctc_luong_2 to 2026-03-01 00:00:00+00:00, run_after=2026-04-01 00:00:00+00:00
[2026-04-19T02:03:41.565+0000] {processor.py:183} INFO - Processing /opt/airflow/dags/dl_bctc_luong_2.py took 0.165 seconds
[2026-04-19T02:04:11.745+0000] {processor.py:161} INFO - Started process (PID=1190) to work on /opt/airflow/dags/dl_bctc_luong_2.py
[2026-04-19T02:04:11.746+0000] {processor.py:830} INFO - Processing file /opt/airflow/dags/dl_bctc_luong_2.py for tasks to queue
[2026-04-19T02:04:11.749+0000] {logging_mixin.py:188} INFO - [2026-04-19T02:04:11.748+0000] {dagbag.py:545} INFO - Filling up the DagBag from /opt/airflow/dags/dl_bctc_luong_2.py
[2026-04-19T02:04:11.796+0000] {processor.py:840} INFO - DAG(s) 'bctc_luong_2' retrieved from /opt/airflow/dags/dl_bctc_luong_2.py
[2026-04-19T02:04:11.833+0000] {logging_mixin.py:188} INFO - [2026-04-19T02:04:11.833+0000] {dag.py:3089} INFO - Sync 1 DAGs
[2026-04-19T02:04:11.861+0000] {logging_mixin.py:188} INFO - [2026-04-19T02:04:11.860+0000] {dag.py:3947} INFO - Setting next_dagrun for bctc_luong_2 to 2026-03-01 00:00:00+00:00, run_after=2026-04-01 00:00:00+00:00
[2026-04-19T02:04:11.894+0000] {processor.py:183} INFO - Processing /opt/airflow/dags/dl_bctc_luong_2.py took 0.156 seconds
[2026-04-19T02:04:42.876+0000] {processor.py:161} INFO - Started process (PID=1215) to work on /opt/airflow/dags/dl_bctc_luong_2.py
[2026-04-19T02:04:42.877+0000] {processor.py:830} INFO - Processing file /opt/airflow/dags/dl_bctc_luong_2.py for tasks to queue
[2026-04-19T02:04:42.879+0000] {logging_mixin.py:188} INFO - [2026-04-19T02:04:42.879+0000] {dagbag.py:545} INFO - Filling up the DagBag from /opt/airflow/dags/dl_bctc_luong_2.py
[2026-04-19T02:04:42.917+0000] {processor.py:840} INFO - DAG(s) 'bctc_luong_2' retrieved from /opt/airflow/dags/dl_bctc_luong_2.py
[2026-04-19T02:04:42.945+0000] {logging_mixin.py:188} INFO - [2026-04-19T02:04:42.944+0000] {dag.py:3089} INFO - Sync 1 DAGs
[2026-04-19T02:04:42.962+0000] {logging_mixin.py:188} INFO - [2026-04-19T02:04:42.962+0000] {dag.py:3947} INFO - Setting next_dagrun for bctc_luong_2 to 2026-03-01 00:00:00+00:00, run_after=2026-04-01 00:00:00+00:00
[2026-04-19T02:04:43.663+0000] {processor.py:183} INFO - Processing /opt/airflow/dags/dl_bctc_luong_2.py took 0.792 seconds
[2026-04-19T02:05:14.468+0000] {processor.py:161} INFO - Started process (PID=1240) to work on /opt/airflow/dags/dl_bctc_luong_2.py
[2026-04-19T02:05:14.470+0000] {processor.py:830} INFO - Processing file /opt/airflow/dags/dl_bctc_luong_2.py for tasks to queue
[2026-04-19T02:05:14.472+0000] {logging_mixin.py:188} INFO - [2026-04-19T02:05:14.472+0000] {dagbag.py:545} INFO - Filling up the DagBag from /opt/airflow/dags/dl_bctc_luong_2.py
[2026-04-19T02:05:14.515+0000] {processor.py:840} INFO - DAG(s) 'bctc_luong_2' retrieved from /opt/airflow/dags/dl_bctc_luong_2.py
[2026-04-19T02:05:14.545+0000] {logging_mixin.py:188} INFO - [2026-04-19T02:05:14.545+0000] {dag.py:3089} INFO - Sync 1 DAGs
[2026-04-19T02:05:14.566+0000] {logging_mixin.py:188} INFO - [2026-04-19T02:05:14.566+0000] {dag.py:3947} INFO - Setting next_dagrun for bctc_luong_2 to 2026-03-01 00:00:00+00:00, run_after=2026-04-01 00:00:00+00:00
[2026-04-19T02:05:15.039+0000] {processor.py:183} INFO - Processing /opt/airflow/dags/dl_bctc_luong_2.py took 0.576 seconds
[2026-04-19T02:05:45.868+0000] {processor.py:161} INFO - Started process (PID=1265) to work on /opt/airflow/dags/dl_bctc_luong_2.py
[2026-04-19T02:05:45.922+0000] {processor.py:830} INFO - Processing file /opt/airflow/dags/dl_bctc_luong_2.py for tasks to queue
[2026-04-19T02:05:46.013+0000] {logging_mixin.py:188} INFO - [2026-04-19T02:05:46.013+0000] {dagbag.py:545} INFO - Filling up the DagBag from /opt/airflow/dags/dl_bctc_luong_2.py
[2026-04-19T02:05:46.060+0000] {processor.py:840} INFO - DAG(s) 'bctc_luong_2' retrieved from /opt/airflow/dags/dl_bctc_luong_2.py
[2026-04-19T02:05:46.104+0000] {logging_mixin.py:188} INFO - [2026-04-19T02:05:46.103+0000] {dag.py:3089} INFO - Sync 1 DAGs
[2026-04-19T02:05:46.152+0000] {logging_mixin.py:188} INFO - [2026-04-19T02:05:46.152+0000] {dag.py:3947} INFO - Setting next_dagrun for bctc_luong_2 to 2026-03-01 00:00:00+00:00, run_after=2026-04-01 00:00:00+00:00
[2026-04-19T02:05:46.371+0000] {processor.py:183} INFO - Processing /opt/airflow/dags/dl_bctc_luong_2.py took 0.508 seconds
[2026-04-19T02:06:17.387+0000] {processor.py:161} INFO - Started process (PID=1291) to work on /opt/airflow/dags/dl_bctc_luong_2.py
[2026-04-19T02:06:17.388+0000] {processor.py:830} INFO - Processing file /opt/airflow/dags/dl_bctc_luong_2.py for tasks to queue
[2026-04-19T02:06:17.390+0000] {logging_mixin.py:188} INFO - [2026-04-19T02:06:17.390+0000] {dagbag.py:545} INFO - Filling up the DagBag from /opt/airflow/dags/dl_bctc_luong_2.py
[2026-04-19T02:06:17.429+0000] {processor.py:840} INFO - DAG(s) 'bctc_luong_2' retrieved from /opt/airflow/dags/dl_bctc_luong_2.py
[2026-04-19T02:06:17.457+0000] {logging_mixin.py:188} INFO - [2026-04-19T02:06:17.457+0000] {dag.py:3089} INFO - Sync 1 DAGs
[2026-04-19T02:06:17.476+0000] {logging_mixin.py:188} INFO - [2026-04-19T02:06:17.475+0000] {dag.py:3947} INFO - Setting next_dagrun for bctc_luong_2 to 2026-03-01 00:00:00+00:00, run_after=2026-04-01 00:00:00+00:00
[2026-04-19T02:06:17.593+0000] {processor.py:183} INFO - Processing /opt/airflow/dags/dl_bctc_luong_2.py took 0.211 seconds
[2026-04-19T02:06:48.300+0000] {processor.py:161} INFO - Started process (PID=1316) to work on /opt/airflow/dags/dl_bctc_luong_2.py
[2026-04-19T02:06:48.302+0000] {processor.py:830} INFO - Processing file /opt/airflow/dags/dl_bctc_luong_2.py for tasks to queue
[2026-04-19T02:06:48.304+0000] {logging_mixin.py:188} INFO - [2026-04-19T02:06:48.303+0000] {dagbag.py:545} INFO - Filling up the DagBag from /opt/airflow/dags/dl_bctc_luong_2.py
[2026-04-19T02:06:48.345+0000] {processor.py:840} INFO - DAG(s) 'bctc_luong_2' retrieved from /opt/airflow/dags/dl_bctc_luong_2.py
[2026-04-19T02:06:48.371+0000] {logging_mixin.py:188} INFO - [2026-04-19T02:06:48.371+0000] {dag.py:3089} INFO - Sync 1 DAGs
[2026-04-19T02:06:48.390+0000] {logging_mixin.py:188} INFO - [2026-04-19T02:06:48.389+0000] {dag.py:3947} INFO - Setting next_dagrun for bctc_luong_2 to 2026-03-01 00:00:00+00:00, run_after=2026-04-01 00:00:00+00:00
[2026-04-19T02:06:48.412+0000] {processor.py:183} INFO - Processing /opt/airflow/dags/dl_bctc_luong_2.py took 0.116 seconds
[2026-04-19T02:07:18.770+0000] {processor.py:161} INFO - Started process (PID=1341) to work on /opt/airflow/dags/dl_bctc_luong_2.py
[2026-04-19T02:07:18.771+0000] {processor.py:830} INFO - Processing file /opt/airflow/dags/dl_bctc_luong_2.py for tasks to queue
[2026-04-19T02:07:18.774+0000] {logging_mixin.py:188} INFO - [2026-04-19T02:07:18.773+0000] {dagbag.py:545} INFO - Filling up the DagBag from /opt/airflow/dags/dl_bctc_luong_2.py
[2026-04-19T02:07:18.827+0000] {processor.py:840} INFO - DAG(s) 'bctc_luong_2' retrieved from /opt/airflow/dags/dl_bctc_luong_2.py
[2026-04-19T02:07:18.859+0000] {logging_mixin.py:188} INFO - [2026-04-19T02:07:18.859+0000] {dag.py:3089} INFO - Sync 1 DAGs
[2026-04-19T02:07:18.884+0000] {logging_mixin.py:188} INFO - [2026-04-19T02:07:18.884+0000] {dag.py:3947} INFO - Setting next_dagrun for bctc_luong_2 to 2026-03-01 00:00:00+00:00, run_after=2026-04-01 00:00:00+00:00
[2026-04-19T02:07:18.908+0000] {processor.py:183} INFO - Processing /opt/airflow/dags/dl_bctc_luong_2.py took 0.143 seconds
[2026-04-19T02:07:49.278+0000] {processor.py:161} INFO - Started process (PID=1366) to work on /opt/airflow/dags/dl_bctc_luong_2.py
[2026-04-19T02:07:49.281+0000] {processor.py:830} INFO - Processing file /opt/airflow/dags/dl_bctc_luong_2.py for tasks to queue
[2026-04-19T02:07:49.286+0000] {logging_mixin.py:188} INFO - [2026-04-19T02:07:49.285+0000] {dagbag.py:545} INFO - Filling up the DagBag from /opt/airflow/dags/dl_bctc_luong_2.py
[2026-04-19T02:07:49.361+0000] {processor.py:840} INFO - DAG(s) 'bctc_luong_2' retrieved from /opt/airflow/dags/dl_bctc_luong_2.py
[2026-04-19T02:07:49.406+0000] {logging_mixin.py:188} INFO - [2026-04-19T02:07:49.406+0000] {dag.py:3089} INFO - Sync 1 DAGs
[2026-04-19T02:07:49.449+0000] {logging_mixin.py:188} INFO - [2026-04-19T02:07:49.449+0000] {dag.py:3947} INFO - Setting next_dagrun for bctc_luong_2 to 2026-03-01 00:00:00+00:00, run_after=2026-04-01 00:00:00+00:00
[2026-04-19T02:07:49.486+0000] {processor.py:183} INFO - Processing /opt/airflow/dags/dl_bctc_luong_2.py took 0.220 seconds
[2026-04-19T02:08:19.649+0000] {processor.py:161} INFO - Started process (PID=1391) to work on /opt/airflow/dags/dl_bctc_luong_2.py
[2026-04-19T02:08:19.650+0000] {processor.py:830} INFO - Processing file /opt/airflow/dags/dl_bctc_luong_2.py for tasks to queue
[2026-04-19T02:08:19.654+0000] {logging_mixin.py:188} INFO - [2026-04-19T02:08:19.653+0000] {dagbag.py:545} INFO - Filling up the DagBag from /opt/airflow/dags/dl_bctc_luong_2.py
[2026-04-19T02:08:19.714+0000] {processor.py:840} INFO - DAG(s) 'bctc_luong_2' retrieved from /opt/airflow/dags/dl_bctc_luong_2.py
[2026-04-19T02:08:19.751+0000] {logging_mixin.py:188} INFO - [2026-04-19T02:08:19.750+0000] {dag.py:3089} INFO - Sync 1 DAGs
[2026-04-19T02:08:19.786+0000] {logging_mixin.py:188} INFO - [2026-04-19T02:08:19.786+0000] {dag.py:3947} INFO - Setting next_dagrun for bctc_luong_2 to 2026-03-01 00:00:00+00:00, run_after=2026-04-01 00:00:00+00:00
[2026-04-19T02:08:19.825+0000] {processor.py:183} INFO - Processing /opt/airflow/dags/dl_bctc_luong_2.py took 0.183 seconds
[2026-04-19T02:08:50.176+0000] {processor.py:161} INFO - Started process (PID=1416) to work on /opt/airflow/dags/dl_bctc_luong_2.py
[2026-04-19T02:08:50.177+0000] {processor.py:830} INFO - Processing file /opt/airflow/dags/dl_bctc_luong_2.py for tasks to queue
[2026-04-19T02:08:50.180+0000] {logging_mixin.py:188} INFO - [2026-04-19T02:08:50.179+0000] {dagbag.py:545} INFO - Filling up the DagBag from /opt/airflow/dags/dl_bctc_luong_2.py
[2026-04-19T02:08:50.268+0000] {processor.py:840} INFO - DAG(s) 'bctc_luong_2' retrieved from /opt/airflow/dags/dl_bctc_luong_2.py
[2026-04-19T02:08:50.318+0000] {logging_mixin.py:188} INFO - [2026-04-19T02:08:50.318+0000] {dag.py:3089} INFO - Sync 1 DAGs
[2026-04-19T02:08:50.353+0000] {logging_mixin.py:188} INFO - [2026-04-19T02:08:50.353+0000] {dag.py:3947} INFO - Setting next_dagrun for bctc_luong_2 to 2026-03-01 00:00:00+00:00, run_after=2026-04-01 00:00:00+00:00
[2026-04-19T02:08:50.384+0000] {processor.py:183} INFO - Processing /opt/airflow/dags/dl_bctc_luong_2.py took 0.215 seconds
[2026-04-19T02:09:20.788+0000] {processor.py:161} INFO - Started process (PID=1441) to work on /opt/airflow/dags/dl_bctc_luong_2.py
[2026-04-19T02:09:20.789+0000] {processor.py:830} INFO - Processing file /opt/airflow/dags/dl_bctc_luong_2.py for tasks to queue
[2026-04-19T02:09:20.792+0000] {logging_mixin.py:188} INFO - [2026-04-19T02:09:20.791+0000] {dagbag.py:545} INFO - Filling up the DagBag from /opt/airflow/dags/dl_bctc_luong_2.py
[2026-04-19T02:09:20.850+0000] {processor.py:840} INFO - DAG(s) 'bctc_luong_2' retrieved from /opt/airflow/dags/dl_bctc_luong_2.py
[2026-04-19T02:09:20.895+0000] {logging_mixin.py:188} INFO - [2026-04-19T02:09:20.894+0000] {dag.py:3089} INFO - Sync 1 DAGs
[2026-04-19T02:09:20.928+0000] {logging_mixin.py:188} INFO - [2026-04-19T02:09:20.927+0000] {dag.py:3947} INFO - Setting next_dagrun for bctc_luong_2 to 2026-03-01 00:00:00+00:00, run_after=2026-04-01 00:00:00+00:00
[2026-04-19T02:09:20.960+0000] {processor.py:183} INFO - Processing /opt/airflow/dags/dl_bctc_luong_2.py took 0.181 seconds
[2026-04-19T02:09:51.228+0000] {processor.py:161} INFO - Started process (PID=1465) to work on /opt/airflow/dags/dl_bctc_luong_2.py
[2026-04-19T02:09:51.229+0000] {processor.py:830} INFO - Processing file /opt/airflow/dags/dl_bctc_luong_2.py for tasks to queue
[2026-04-19T02:09:51.232+0000] {logging_mixin.py:188} INFO - [2026-04-19T02:09:51.232+0000] {dagbag.py:545} INFO - Filling up the DagBag from /opt/airflow/dags/dl_bctc_luong_2.py
[2026-04-19T02:09:51.287+0000] {processor.py:840} INFO - DAG(s) 'bctc_luong_2' retrieved from /opt/airflow/dags/dl_bctc_luong_2.py
[2026-04-19T02:09:51.320+0000] {logging_mixin.py:188} INFO - [2026-04-19T02:09:51.319+0000] {dag.py:3089} INFO - Sync 1 DAGs
[2026-04-19T02:09:51.343+0000] {logging_mixin.py:188} INFO - [2026-04-19T02:09:51.342+0000] {dag.py:3947} INFO - Setting next_dagrun for bctc_luong_2 to 2026-03-01 00:00:00+00:00, run_after=2026-04-01 00:00:00+00:00
[2026-04-19T02:09:51.369+0000] {processor.py:183} INFO - Processing /opt/airflow/dags/dl_bctc_luong_2.py took 0.148 seconds
[2026-04-19T02:10:22.251+0000] {processor.py:161} INFO - Started process (PID=1490) to work on /opt/airflow/dags/dl_bctc_luong_2.py
[2026-04-19T02:10:22.252+0000] {processor.py:830} INFO - Processing file /opt/airflow/dags/dl_bctc_luong_2.py for tasks to queue
[2026-04-19T02:10:22.255+0000] {logging_mixin.py:188} INFO - [2026-04-19T02:10:22.254+0000] {dagbag.py:545} INFO - Filling up the DagBag from /opt/airflow/dags/dl_bctc_luong_2.py
[2026-04-19T02:10:22.304+0000] {processor.py:840} INFO - DAG(s) 'bctc_luong_2' retrieved from /opt/airflow/dags/dl_bctc_luong_2.py
[2026-04-19T02:10:22.337+0000] {logging_mixin.py:188} INFO - [2026-04-19T02:10:22.337+0000] {dag.py:3089} INFO - Sync 1 DAGs
[2026-04-19T02:10:22.372+0000] {logging_mixin.py:188} INFO - [2026-04-19T02:10:22.371+0000] {dag.py:3947} INFO - Setting next_dagrun for bctc_luong_2 to 2026-03-01 00:00:00+00:00, run_after=2026-04-01 00:00:00+00:00
[2026-04-19T02:10:22.401+0000] {processor.py:183} INFO - Processing /opt/airflow/dags/dl_bctc_luong_2.py took 0.156 seconds
[2026-04-19T02:10:52.952+0000] {processor.py:161} INFO - Started process (PID=1516) to work on /opt/airflow/dags/dl_bctc_luong_2.py
[2026-04-19T02:10:52.953+0000] {processor.py:830} INFO - Processing file /opt/airflow/dags/dl_bctc_luong_2.py for tasks to queue
[2026-04-19T02:10:52.955+0000] {logging_mixin.py:188} INFO - [2026-04-19T02:10:52.955+0000] {dagbag.py:545} INFO - Filling up the DagBag from /opt/airflow/dags/dl_bctc_luong_2.py
[2026-04-19T02:10:52.998+0000] {processor.py:840} INFO - DAG(s) 'bctc_luong_2' retrieved from /opt/airflow/dags/dl_bctc_luong_2.py
[2026-04-19T02:10:53.029+0000] {logging_mixin.py:188} INFO - [2026-04-19T02:10:53.029+0000] {dag.py:3089} INFO - Sync 1 DAGs
[2026-04-19T02:10:53.058+0000] {logging_mixin.py:188} INFO - [2026-04-19T02:10:53.057+0000] {dag.py:3947} INFO - Setting next_dagrun for bctc_luong_2 to 2026-03-01 00:00:00+00:00, run_after=2026-04-01 00:00:00+00:00
[2026-04-19T02:10:53.089+0000] {processor.py:183} INFO - Processing /opt/airflow/dags/dl_bctc_luong_2.py took 0.143 seconds
[2026-04-19T02:11:23.952+0000] {processor.py:161} INFO - Started process (PID=1541) to work on /opt/airflow/dags/dl_bctc_luong_2.py
[2026-04-19T02:11:23.954+0000] {processor.py:830} INFO - Processing file /opt/airflow/dags/dl_bctc_luong_2.py for tasks to queue
[2026-04-19T02:11:23.957+0000] {logging_mixin.py:188} INFO - [2026-04-19T02:11:23.957+0000] {dagbag.py:545} INFO - Filling up the DagBag from /opt/airflow/dags/dl_bctc_luong_2.py
[2026-04-19T02:11:24.020+0000] {processor.py:840} INFO - DAG(s) 'bctc_luong_2' retrieved from /opt/airflow/dags/dl_bctc_luong_2.py
[2026-04-19T02:11:24.064+0000] {logging_mixin.py:188} INFO - [2026-04-19T02:11:24.063+0000] {dag.py:3089} INFO - Sync 1 DAGs
[2026-04-19T02:11:24.094+0000] {logging_mixin.py:188} INFO - [2026-04-19T02:11:24.094+0000] {dag.py:3947} INFO - Setting next_dagrun for bctc_luong_2 to 2026-03-01 00:00:00+00:00, run_after=2026-04-01 00:00:00+00:00
[2026-04-19T02:11:24.136+0000] {processor.py:183} INFO - Processing /opt/airflow/dags/dl_bctc_luong_2.py took 0.193 seconds
[2026-04-19T02:11:54.337+0000] {processor.py:161} INFO - Started process (PID=1566) to work on /opt/airflow/dags/dl_bctc_luong_2.py
[2026-04-19T02:11:54.338+0000] {processor.py:830} INFO - Processing file /opt/airflow/dags/dl_bctc_luong_2.py for tasks to queue
[2026-04-19T02:11:54.341+0000] {logging_mixin.py:188} INFO - [2026-04-19T02:11:54.341+0000] {dagbag.py:545} INFO - Filling up the DagBag from /opt/airflow/dags/dl_bctc_luong_2.py
[2026-04-19T02:11:54.393+0000] {processor.py:840} INFO - DAG(s) 'bctc_luong_2' retrieved from /opt/airflow/dags/dl_bctc_luong_2.py
[2026-04-19T02:11:54.428+0000] {logging_mixin.py:188} INFO - [2026-04-19T02:11:54.427+0000] {dag.py:3089} INFO - Sync 1 DAGs
[2026-04-19T02:11:54.451+0000] {logging_mixin.py:188} INFO - [2026-04-19T02:11:54.451+0000] {dag.py:3947} INFO - Setting next_dagrun for bctc_luong_2 to 2026-03-01 00:00:00+00:00, run_after=2026-04-01 00:00:00+00:00
[2026-04-19T02:11:54.473+0000] {processor.py:183} INFO - Processing /opt/airflow/dags/dl_bctc_luong_2.py took 0.143 seconds
[2026-04-19T02:12:24.657+0000] {processor.py:161} INFO - Started process (PID=1591) to work on /opt/airflow/dags/dl_bctc_luong_2.py
[2026-04-19T02:12:24.658+0000] {processor.py:830} INFO - Processing file /opt/airflow/dags/dl_bctc_luong_2.py for tasks to queue
[2026-04-19T02:12:24.661+0000] {logging_mixin.py:188} INFO - [2026-04-19T02:12:24.660+0000] {dagbag.py:545} INFO - Filling up the DagBag from /opt/airflow/dags/dl_bctc_luong_2.py
[2026-04-19T02:12:24.711+0000] {processor.py:840} INFO - DAG(s) 'bctc_luong_2' retrieved from /opt/airflow/dags/dl_bctc_luong_2.py
[2026-04-19T02:12:24.752+0000] {logging_mixin.py:188} INFO - [2026-04-19T02:12:24.752+0000] {dag.py:3089} INFO - Sync 1 DAGs
[2026-04-19T02:12:24.777+0000] {logging_mixin.py:188} INFO - [2026-04-19T02:12:24.777+0000] {dag.py:3947} INFO - Setting next_dagrun for bctc_luong_2 to 2026-03-01 00:00:00+00:00, run_after=2026-04-01 00:00:00+00:00
[2026-04-19T02:12:24.803+0000] {processor.py:183} INFO - Processing /opt/airflow/dags/dl_bctc_luong_2.py took 0.153 seconds
[2026-04-19T02:12:55.519+0000] {processor.py:161} INFO - Started process (PID=1616) to work on /opt/airflow/dags/dl_bctc_luong_2.py
[2026-04-19T02:12:55.521+0000] {processor.py:830} INFO - Processing file /opt/airflow/dags/dl_bctc_luong_2.py for tasks to queue
[2026-04-19T02:12:55.523+0000] {logging_mixin.py:188} INFO - [2026-04-19T02:12:55.523+0000] {dagbag.py:545} INFO - Filling up the DagBag from /opt/airflow/dags/dl_bctc_luong_2.py
[2026-04-19T02:12:55.578+0000] {processor.py:840} INFO - DAG(s) 'bctc_luong_2' retrieved from /opt/airflow/dags/dl_bctc_luong_2.py
[2026-04-19T02:12:55.619+0000] {logging_mixin.py:188} INFO - [2026-04-19T02:12:55.619+0000] {dag.py:3089} INFO - Sync 1 DAGs
[2026-04-19T02:12:55.651+0000] {logging_mixin.py:188} INFO - [2026-04-19T02:12:55.650+0000] {dag.py:3947} INFO - Setting next_dagrun for bctc_luong_2 to 2026-03-01 00:00:00+00:00, run_after=2026-04-01 00:00:00+00:00
[2026-04-19T02:12:55.680+0000] {processor.py:183} INFO - Processing /opt/airflow/dags/dl_bctc_luong_2.py took 0.168 seconds
[2026-04-19T02:13:26.649+0000] {processor.py:161} INFO - Started process (PID=1642) to work on /opt/airflow/dags/dl_bctc_luong_2.py
[2026-04-19T02:13:26.651+0000] {processor.py:830} INFO - Processing file /opt/airflow/dags/dl_bctc_luong_2.py for tasks to queue
[2026-04-19T02:13:26.655+0000] {logging_mixin.py:188} INFO - [2026-04-19T02:13:26.655+0000] {dagbag.py:545} INFO - Filling up the DagBag from /opt/airflow/dags/dl_bctc_luong_2.py
[2026-04-19T02:13:26.770+0000] {processor.py:840} INFO - DAG(s) 'bctc_luong_2' retrieved from /opt/airflow/dags/dl_bctc_luong_2.py
[2026-04-19T02:13:26.845+0000] {logging_mixin.py:188} INFO - [2026-04-19T02:13:26.845+0000] {dag.py:3089} INFO - Sync 1 DAGs
[2026-04-19T02:13:26.887+0000] {logging_mixin.py:188} INFO - [2026-04-19T02:13:26.887+0000] {dag.py:3947} INFO - Setting next_dagrun for bctc_luong_2 to 2026-03-01 00:00:00+00:00, run_after=2026-04-01 00:00:00+00:00
[2026-04-19T02:13:27.422+0000] {processor.py:183} INFO - Processing /opt/airflow/dags/dl_bctc_luong_2.py took 0.784 seconds
[2026-04-19T02:13:58.118+0000] {processor.py:161} INFO - Started process (PID=1667) to work on /opt/airflow/dags/dl_bctc_luong_2.py
[2026-04-19T02:13:58.119+0000] {processor.py:830} INFO - Processing file /opt/airflow/dags/dl_bctc_luong_2.py for tasks to queue
[2026-04-19T02:13:58.123+0000] {logging_mixin.py:188} INFO - [2026-04-19T02:13:58.122+0000] {dagbag.py:545} INFO - Filling up the DagBag from /opt/airflow/dags/dl_bctc_luong_2.py
[2026-04-19T02:13:58.207+0000] {processor.py:840} INFO - DAG(s) 'bctc_luong_2' retrieved from /opt/airflow/dags/dl_bctc_luong_2.py
[2026-04-19T02:13:58.264+0000] {logging_mixin.py:188} INFO - [2026-04-19T02:13:58.263+0000] {dag.py:3089} INFO - Sync 1 DAGs
[2026-04-19T02:13:58.304+0000] {logging_mixin.py:188} INFO - [2026-04-19T02:13:58.304+0000] {dag.py:3947} INFO - Setting next_dagrun for bctc_luong_2 to 2026-03-01 00:00:00+00:00, run_after=2026-04-01 00:00:00+00:00
[2026-04-19T02:13:58.345+0000] {processor.py:183} INFO - Processing /opt/airflow/dags/dl_bctc_luong_2.py took 0.235 seconds
[2026-04-19T02:14:28.900+0000] {processor.py:161} INFO - Started process (PID=1692) to work on /opt/airflow/dags/dl_bctc_luong_2.py
[2026-04-19T02:14:28.925+0000] {processor.py:830} INFO - Processing file /opt/airflow/dags/dl_bctc_luong_2.py for tasks to queue
[2026-04-19T02:14:28.929+0000] {logging_mixin.py:188} INFO - [2026-04-19T02:14:28.928+0000] {dagbag.py:545} INFO - Filling up the DagBag from /opt/airflow/dags/dl_bctc_luong_2.py
[2026-04-19T02:14:28.990+0000] {processor.py:840} INFO - DAG(s) 'bctc_luong_2' retrieved from /opt/airflow/dags/dl_bctc_luong_2.py
[2026-04-19T02:14:29.033+0000] {logging_mixin.py:188} INFO - [2026-04-19T02:14:29.033+0000] {dag.py:3089} INFO - Sync 1 DAGs
[2026-04-19T02:14:29.061+0000] {logging_mixin.py:188} INFO - [2026-04-19T02:14:29.061+0000] {dag.py:3947} INFO - Setting next_dagrun for bctc_luong_2 to 2026-03-01 00:00:00+00:00, run_after=2026-04-01 00:00:00+00:00
[2026-04-19T02:14:29.091+0000] {processor.py:183} INFO - Processing /opt/airflow/dags/dl_bctc_luong_2.py took 0.199 seconds
[2026-04-19T02:14:59.963+0000] {processor.py:161} INFO - Started process (PID=1717) to work on /opt/airflow/dags/dl_bctc_luong_2.py
[2026-04-19T02:14:59.964+0000] {processor.py:830} INFO - Processing file /opt/airflow/dags/dl_bctc_luong_2.py for tasks to queue
[2026-04-19T02:14:59.966+0000] {logging_mixin.py:188} INFO - [2026-04-19T02:14:59.966+0000] {dagbag.py:545} INFO - Filling up the DagBag from /opt/airflow/dags/dl_bctc_luong_2.py
[2026-04-19T02:15:00.018+0000] {processor.py:840} INFO - DAG(s) 'bctc_luong_2' retrieved from /opt/airflow/dags/dl_bctc_luong_2.py
[2026-04-19T02:15:00.053+0000] {logging_mixin.py:188} INFO - [2026-04-19T02:15:00.052+0000] {dag.py:3089} INFO - Sync 1 DAGs
[2026-04-19T02:15:00.076+0000] {logging_mixin.py:188} INFO - [2026-04-19T02:15:00.075+0000] {dag.py:3947} INFO - Setting next_dagrun for bctc_luong_2 to 2026-03-01 00:00:00+00:00, run_after=2026-04-01 00:00:00+00:00
[2026-04-19T02:15:00.101+0000] {processor.py:183} INFO - Processing /opt/airflow/dags/dl_bctc_luong_2.py took 0.144 seconds
[2026-04-19T02:15:30.174+0000] {processor.py:161} INFO - Started process (PID=1742) to work on /opt/airflow/dags/dl_bctc_luong_2.py
[2026-04-19T02:15:30.176+0000] {processor.py:830} INFO - Processing file /opt/airflow/dags/dl_bctc_luong_2.py for tasks to queue
[2026-04-19T02:15:30.179+0000] {logging_mixin.py:188} INFO - [2026-04-19T02:15:30.179+0000] {dagbag.py:545} INFO - Filling up the DagBag from /opt/airflow/dags/dl_bctc_luong_2.py
[2026-04-19T02:15:30.238+0000] {processor.py:840} INFO - DAG(s) 'bctc_luong_2' retrieved from /opt/airflow/dags/dl_bctc_luong_2.py
[2026-04-19T02:15:30.278+0000] {logging_mixin.py:188} INFO - [2026-04-19T02:15:30.278+0000] {dag.py:3089} INFO - Sync 1 DAGs
[2026-04-19T02:15:30.303+0000] {logging_mixin.py:188} INFO - [2026-04-19T02:15:30.303+0000] {dag.py:3947} INFO - Setting next_dagrun for bctc_luong_2 to 2026-03-01 00:00:00+00:00, run_after=2026-04-01 00:00:00+00:00
[2026-04-19T02:15:30.337+0000] {processor.py:183} INFO - Processing /opt/airflow/dags/dl_bctc_luong_2.py took 0.171 seconds
[2026-04-19T02:16:00.999+0000] {processor.py:161} INFO - Started process (PID=1767) to work on /opt/airflow/dags/dl_bctc_luong_2.py
[2026-04-19T02:16:01.001+0000] {processor.py:830} INFO - Processing file /opt/airflow/dags/dl_bctc_luong_2.py for tasks to queue
[2026-04-19T02:16:01.005+0000] {logging_mixin.py:188} INFO - [2026-04-19T02:16:01.004+0000] {dagbag.py:545} INFO - Filling up the DagBag from /opt/airflow/dags/dl_bctc_luong_2.py
[2026-04-19T02:16:01.069+0000] {processor.py:840} INFO - DAG(s) 'bctc_luong_2' retrieved from /opt/airflow/dags/dl_bctc_luong_2.py
[2026-04-19T02:16:01.105+0000] {logging_mixin.py:188} INFO - [2026-04-19T02:16:01.105+0000] {dag.py:3089} INFO - Sync 1 DAGs
[2026-04-19T02:16:01.322+0000] {logging_mixin.py:188} INFO - [2026-04-19T02:16:01.322+0000] {dag.py:3947} INFO - Setting next_dagrun for bctc_luong_2 to 2026-03-01 00:00:00+00:00, run_after=2026-04-01 00:00:00+00:00
[2026-04-19T02:16:01.342+0000] {processor.py:183} INFO - Processing /opt/airflow/dags/dl_bctc_luong_2.py took 0.353 seconds
[2026-04-19T02:16:31.454+0000] {processor.py:161} INFO - Started process (PID=1792) to work on /opt/airflow/dags/dl_bctc_luong_2.py
[2026-04-19T02:16:31.455+0000] {processor.py:830} INFO - Processing file /opt/airflow/dags/dl_bctc_luong_2.py for tasks to queue
[2026-04-19T02:16:31.457+0000] {logging_mixin.py:188} INFO - [2026-04-19T02:16:31.457+0000] {dagbag.py:545} INFO - Filling up the DagBag from /opt/airflow/dags/dl_bctc_luong_2.py
[2026-04-19T02:16:31.752+0000] {processor.py:840} INFO - DAG(s) 'bctc_luong_2' retrieved from /opt/airflow/dags/dl_bctc_luong_2.py
[2026-04-19T02:16:31.789+0000] {logging_mixin.py:188} INFO - [2026-04-19T02:16:31.789+0000] {dag.py:3089} INFO - Sync 1 DAGs
[2026-04-19T02:16:31.817+0000] {logging_mixin.py:188} INFO - [2026-04-19T02:16:31.817+0000] {dag.py:3947} INFO - Setting next_dagrun for bctc_luong_2 to 2026-03-01 00:00:00+00:00, run_after=2026-04-01 00:00:00+00:00
[2026-04-19T02:16:31.842+0000] {processor.py:183} INFO - Processing /opt/airflow/dags/dl_bctc_luong_2.py took 0.394 seconds
[2026-04-19T02:17:02.053+0000] {processor.py:161} INFO - Started process (PID=1817) to work on /opt/airflow/dags/dl_bctc_luong_2.py
[2026-04-19T02:17:02.054+0000] {processor.py:830} INFO - Processing file /opt/airflow/dags/dl_bctc_luong_2.py for tasks to queue
[2026-04-19T02:17:02.056+0000] {logging_mixin.py:188} INFO - [2026-04-19T02:17:02.056+0000] {dagbag.py:545} INFO - Filling up the DagBag from /opt/airflow/dags/dl_bctc_luong_2.py
[2026-04-19T02:17:02.110+0000] {processor.py:840} INFO - DAG(s) 'bctc_luong_2' retrieved from /opt/airflow/dags/dl_bctc_luong_2.py
[2026-04-19T02:17:02.148+0000] {logging_mixin.py:188} INFO - [2026-04-19T02:17:02.147+0000] {dag.py:3089} INFO - Sync 1 DAGs
[2026-04-19T02:17:02.172+0000] {logging_mixin.py:188} INFO - [2026-04-19T02:17:02.172+0000] {dag.py:3947} INFO - Setting next_dagrun for bctc_luong_2 to 2026-03-01 00:00:00+00:00, run_after=2026-04-01 00:00:00+00:00
[2026-04-19T02:17:02.197+0000] {processor.py:183} INFO - Processing /opt/airflow/dags/dl_bctc_luong_2.py took 0.150 seconds
[2026-04-19T02:17:32.797+0000] {processor.py:161} INFO - Started process (PID=1842) to work on /opt/airflow/dags/dl_bctc_luong_2.py
[2026-04-19T02:17:32.798+0000] {processor.py:830} INFO - Processing file /opt/airflow/dags/dl_bctc_luong_2.py for tasks to queue
[2026-04-19T02:17:32.801+0000] {logging_mixin.py:188} INFO - [2026-04-19T02:17:32.801+0000] {dagbag.py:545} INFO - Filling up the DagBag from /opt/airflow/dags/dl_bctc_luong_2.py
[2026-04-19T02:17:32.853+0000] {processor.py:840} INFO - DAG(s) 'bctc_luong_2' retrieved from /opt/airflow/dags/dl_bctc_luong_2.py
[2026-04-19T02:17:32.906+0000] {logging_mixin.py:188} INFO - [2026-04-19T02:17:32.905+0000] {dag.py:3089} INFO - Sync 1 DAGs
[2026-04-19T02:17:32.936+0000] {logging_mixin.py:188} INFO - [2026-04-19T02:17:32.935+0000] {dag.py:3947} INFO - Setting next_dagrun for bctc_luong_2 to 2026-03-01 00:00:00+00:00, run_after=2026-04-01 00:00:00+00:00
[2026-04-19T02:17:32.973+0000] {processor.py:183} INFO - Processing /opt/airflow/dags/dl_bctc_luong_2.py took 0.182 seconds
[2026-04-19T02:18:03.419+0000] {processor.py:161} INFO - Started process (PID=1867) to work on /opt/airflow/dags/dl_bctc_luong_2.py
[2026-04-19T02:18:03.420+0000] {processor.py:830} INFO - Processing file /opt/airflow/dags/dl_bctc_luong_2.py for tasks to queue
[2026-04-19T02:18:03.424+0000] {logging_mixin.py:188} INFO - [2026-04-19T02:18:03.423+0000] {dagbag.py:545} INFO - Filling up the DagBag from /opt/airflow/dags/dl_bctc_luong_2.py
[2026-04-19T02:18:03.487+0000] {processor.py:840} INFO - DAG(s) 'bctc_luong_2' retrieved from /opt/airflow/dags/dl_bctc_luong_2.py
[2026-04-19T02:18:03.535+0000] {logging_mixin.py:188} INFO - [2026-04-19T02:18:03.534+0000] {dag.py:3089} INFO - Sync 1 DAGs
[2026-04-19T02:18:03.567+0000] {logging_mixin.py:188} INFO - [2026-04-19T02:18:03.566+0000] {dag.py:3947} INFO - Setting next_dagrun for bctc_luong_2 to 2026-03-01 00:00:00+00:00, run_after=2026-04-01 00:00:00+00:00
[2026-04-19T02:18:03.596+0000] {processor.py:183} INFO - Processing /opt/airflow/dags/dl_bctc_luong_2.py took 0.186 seconds
[2026-04-19T02:18:33.899+0000] {processor.py:161} INFO - Started process (PID=1892) to work on /opt/airflow/dags/dl_bctc_luong_2.py
[2026-04-19T02:18:33.900+0000] {processor.py:830} INFO - Processing file /opt/airflow/dags/dl_bctc_luong_2.py for tasks to queue
[2026-04-19T02:18:33.903+0000] {logging_mixin.py:188} INFO - [2026-04-19T02:18:33.903+0000] {dagbag.py:545} INFO - Filling up the DagBag from /opt/airflow/dags/dl_bctc_luong_2.py
[2026-04-19T02:18:33.952+0000] {processor.py:840} INFO - DAG(s) 'bctc_luong_2' retrieved from /opt/airflow/dags/dl_bctc_luong_2.py
[2026-04-19T02:18:33.984+0000] {logging_mixin.py:188} INFO - [2026-04-19T02:18:33.984+0000] {dag.py:3089} INFO - Sync 1 DAGs
[2026-04-19T02:18:34.008+0000] {logging_mixin.py:188} INFO - [2026-04-19T02:18:34.008+0000] {dag.py:3947} INFO - Setting next_dagrun for bctc_luong_2 to 2026-03-01 00:00:00+00:00, run_after=2026-04-01 00:00:00+00:00
[2026-04-19T02:18:34.034+0000] {processor.py:183} INFO - Processing /opt/airflow/dags/dl_bctc_luong_2.py took 0.142 seconds
[2026-04-19T02:19:04.414+0000] {processor.py:161} INFO - Started process (PID=1918) to work on /opt/airflow/dags/dl_bctc_luong_2.py
[2026-04-19T02:19:04.415+0000] {processor.py:830} INFO - Processing file /opt/airflow/dags/dl_bctc_luong_2.py for tasks to queue
[2026-04-19T02:19:04.419+0000] {logging_mixin.py:188} INFO - [2026-04-19T02:19:04.418+0000] {dagbag.py:545} INFO - Filling up the DagBag from /opt/airflow/dags/dl_bctc_luong_2.py
[2026-04-19T02:19:04.484+0000] {processor.py:840} INFO - DAG(s) 'bctc_luong_2' retrieved from /opt/airflow/dags/dl_bctc_luong_2.py
[2026-04-19T02:19:04.538+0000] {logging_mixin.py:188} INFO - [2026-04-19T02:19:04.538+0000] {dag.py:3089} INFO - Sync 1 DAGs
[2026-04-19T02:19:04.582+0000] {logging_mixin.py:188} INFO - [2026-04-19T02:19:04.582+0000] {dag.py:3947} INFO - Setting next_dagrun for bctc_luong_2 to 2026-03-01 00:00:00+00:00, run_after=2026-04-01 00:00:00+00:00
[2026-04-19T02:19:04.692+0000] {processor.py:183} INFO - Processing /opt/airflow/dags/dl_bctc_luong_2.py took 0.286 seconds
[2026-04-19T02:19:35.652+0000] {processor.py:161} INFO - Started process (PID=1944) to work on /opt/airflow/dags/dl_bctc_luong_2.py
[2026-04-19T02:19:35.653+0000] {processor.py:830} INFO - Processing file /opt/airflow/dags/dl_bctc_luong_2.py for tasks to queue
[2026-04-19T02:19:35.657+0000] {logging_mixin.py:188} INFO - [2026-04-19T02:19:35.656+0000] {dagbag.py:545} INFO - Filling up the DagBag from /opt/airflow/dags/dl_bctc_luong_2.py
[2026-04-19T02:19:35.712+0000] {processor.py:840} INFO - DAG(s) 'bctc_luong_2' retrieved from /opt/airflow/dags/dl_bctc_luong_2.py
[2026-04-19T02:19:35.749+0000] {logging_mixin.py:188} INFO - [2026-04-19T02:19:35.749+0000] {dag.py:3089} INFO - Sync 1 DAGs
[2026-04-19T02:19:35.777+0000] {logging_mixin.py:188} INFO - [2026-04-19T02:19:35.777+0000] {dag.py:3947} INFO - Setting next_dagrun for bctc_luong_2 to 2026-03-01 00:00:00+00:00, run_after=2026-04-01 00:00:00+00:00
[2026-04-19T02:19:35.804+0000] {processor.py:183} INFO - Processing /opt/airflow/dags/dl_bctc_luong_2.py took 0.160 seconds
[2026-04-19T02:20:06.006+0000] {processor.py:161} INFO - Started process (PID=1969) to work on /opt/airflow/dags/dl_bctc_luong_2.py
[2026-04-19T02:20:06.007+0000] {processor.py:830} INFO - Processing file /opt/airflow/dags/dl_bctc_luong_2.py for tasks to queue
[2026-04-19T02:20:06.011+0000] {logging_mixin.py:188} INFO - [2026-04-19T02:20:06.010+0000] {dagbag.py:545} INFO - Filling up the DagBag from /opt/airflow/dags/dl_bctc_luong_2.py
[2026-04-19T02:20:06.069+0000] {processor.py:840} INFO - DAG(s) 'bctc_luong_2' retrieved from /opt/airflow/dags/dl_bctc_luong_2.py
[2026-04-19T02:20:06.104+0000] {logging_mixin.py:188} INFO - [2026-04-19T02:20:06.104+0000] {dag.py:3089} INFO - Sync 1 DAGs
[2026-04-19T02:20:06.131+0000] {logging_mixin.py:188} INFO - [2026-04-19T02:20:06.131+0000] {dag.py:3947} INFO - Setting next_dagrun for bctc_luong_2 to 2026-03-01 00:00:00+00:00, run_after=2026-04-01 00:00:00+00:00
[2026-04-19T02:20:06.160+0000] {processor.py:183} INFO - Processing /opt/airflow/dags/dl_bctc_luong_2.py took 0.162 seconds
[2026-04-19T02:20:36.697+0000] {processor.py:161} INFO - Started process (PID=1994) to work on /opt/airflow/dags/dl_bctc_luong_2.py
[2026-04-19T02:20:36.700+0000] {processor.py:830} INFO - Processing file /opt/airflow/dags/dl_bctc_luong_2.py for tasks to queue
[2026-04-19T02:20:36.704+0000] {logging_mixin.py:188} INFO - [2026-04-19T02:20:36.704+0000] {dagbag.py:545} INFO - Filling up the DagBag from /opt/airflow/dags/dl_bctc_luong_2.py
[2026-04-19T02:20:36.780+0000] {processor.py:840} INFO - DAG(s) 'bctc_luong_2' retrieved from /opt/airflow/dags/dl_bctc_luong_2.py
[2026-04-19T02:20:36.836+0000] {logging_mixin.py:188} INFO - [2026-04-19T02:20:36.835+0000] {dag.py:3089} INFO - Sync 1 DAGs
[2026-04-19T02:20:36.874+0000] {logging_mixin.py:188} INFO - [2026-04-19T02:20:36.874+0000] {dag.py:3947} INFO - Setting next_dagrun for bctc_luong_2 to 2026-03-01 00:00:00+00:00, run_after=2026-04-01 00:00:00+00:00
[2026-04-19T02:20:36.910+0000] {processor.py:183} INFO - Processing /opt/airflow/dags/dl_bctc_luong_2.py took 0.221 seconds
[2026-04-19T02:21:07.441+0000] {processor.py:161} INFO - Started process (PID=2019) to work on /opt/airflow/dags/dl_bctc_luong_2.py
[2026-04-19T02:21:07.443+0000] {processor.py:830} INFO - Processing file /opt/airflow/dags/dl_bctc_luong_2.py for tasks to queue
[2026-04-19T02:21:07.447+0000] {logging_mixin.py:188} INFO - [2026-04-19T02:21:07.447+0000] {dagbag.py:545} INFO - Filling up the DagBag from /opt/airflow/dags/dl_bctc_luong_2.py
[2026-04-19T02:21:07.532+0000] {processor.py:840} INFO - DAG(s) 'bctc_luong_2' retrieved from /opt/airflow/dags/dl_bctc_luong_2.py
[2026-04-19T02:21:07.606+0000] {logging_mixin.py:188} INFO - [2026-04-19T02:21:07.605+0000] {dag.py:3089} INFO - Sync 1 DAGs
[2026-04-19T02:21:07.649+0000] {logging_mixin.py:188} INFO - [2026-04-19T02:21:07.648+0000] {dag.py:3947} INFO - Setting next_dagrun for bctc_luong_2 to 2026-03-01 00:00:00+00:00, run_after=2026-04-01 00:00:00+00:00
[2026-04-19T02:21:07.691+0000] {processor.py:183} INFO - Processing /opt/airflow/dags/dl_bctc_luong_2.py took 0.260 seconds
[2026-04-19T02:21:38.101+0000] {processor.py:161} INFO - Started process (PID=2044) to work on /opt/airflow/dags/dl_bctc_luong_2.py
[2026-04-19T02:21:38.103+0000] {processor.py:830} INFO - Processing file /opt/airflow/dags/dl_bctc_luong_2.py for tasks to queue
[2026-04-19T02:21:38.106+0000] {logging_mixin.py:188} INFO - [2026-04-19T02:21:38.105+0000] {dagbag.py:545} INFO - Filling up the DagBag from /opt/airflow/dags/dl_bctc_luong_2.py
[2026-04-19T02:21:38.156+0000] {processor.py:840} INFO - DAG(s) 'bctc_luong_2' retrieved from /opt/airflow/dags/dl_bctc_luong_2.py
[2026-04-19T02:21:38.188+0000] {logging_mixin.py:188} INFO - [2026-04-19T02:21:38.187+0000] {dag.py:3089} INFO - Sync 1 DAGs
[2026-04-19T02:21:38.210+0000] {logging_mixin.py:188} INFO - [2026-04-19T02:21:38.210+0000] {dag.py:3947} INFO - Setting next_dagrun for bctc_luong_2 to 2026-03-01 00:00:00+00:00, run_after=2026-04-01 00:00:00+00:00
[2026-04-19T02:21:38.231+0000] {processor.py:183} INFO - Processing /opt/airflow/dags/dl_bctc_luong_2.py took 0.137 seconds
[2026-04-19T02:22:08.516+0000] {processor.py:161} INFO - Started process (PID=2069) to work on /opt/airflow/dags/dl_bctc_luong_2.py
[2026-04-19T02:22:08.517+0000] {processor.py:830} INFO - Processing file /opt/airflow/dags/dl_bctc_luong_2.py for tasks to queue
[2026-04-19T02:22:08.520+0000] {logging_mixin.py:188} INFO - [2026-04-19T02:22:08.519+0000] {dagbag.py:545} INFO - Filling up the DagBag from /opt/airflow/dags/dl_bctc_luong_2.py
[2026-04-19T02:22:08.565+0000] {processor.py:840} INFO - DAG(s) 'bctc_luong_2' retrieved from /opt/airflow/dags/dl_bctc_luong_2.py
[2026-04-19T02:22:08.601+0000] {logging_mixin.py:188} INFO - [2026-04-19T02:22:08.601+0000] {dag.py:3089} INFO - Sync 1 DAGs
[2026-04-19T02:22:08.622+0000] {logging_mixin.py:188} INFO - [2026-04-19T02:22:08.622+0000] {dag.py:3947} INFO - Setting next_dagrun for bctc_luong_2 to 2026-03-01 00:00:00+00:00, run_after=2026-04-01 00:00:00+00:00
[2026-04-19T02:22:08.646+0000] {processor.py:183} INFO - Processing /opt/airflow/dags/dl_bctc_luong_2.py took 0.135 seconds
[2026-04-19T02:22:39.460+0000] {processor.py:161} INFO - Started process (PID=2094) to work on /opt/airflow/dags/dl_bctc_luong_2.py
[2026-04-19T02:22:39.462+0000] {processor.py:830} INFO - Processing file /opt/airflow/dags/dl_bctc_luong_2.py for tasks to queue
[2026-04-19T02:22:39.464+0000] {logging_mixin.py:188} INFO - [2026-04-19T02:22:39.464+0000] {dagbag.py:545} INFO - Filling up the DagBag from /opt/airflow/dags/dl_bctc_luong_2.py
[2026-04-19T02:22:39.514+0000] {processor.py:840} INFO - DAG(s) 'bctc_luong_2' retrieved from /opt/airflow/dags/dl_bctc_luong_2.py
[2026-04-19T02:22:39.549+0000] {logging_mixin.py:188} INFO - [2026-04-19T02:22:39.549+0000] {dag.py:3089} INFO - Sync 1 DAGs
[2026-04-19T02:22:39.572+0000] {logging_mixin.py:188} INFO - [2026-04-19T02:22:39.571+0000] {dag.py:3947} INFO - Setting next_dagrun for bctc_luong_2 to 2026-03-01 00:00:00+00:00, run_after=2026-04-01 00:00:00+00:00
[2026-04-19T02:22:39.602+0000] {processor.py:183} INFO - Processing /opt/airflow/dags/dl_bctc_luong_2.py took 0.148 seconds
[2026-04-19T02:23:09.891+0000] {processor.py:161} INFO - Started process (PID=2119) to work on /opt/airflow/dags/dl_bctc_luong_2.py
[2026-04-19T02:23:09.892+0000] {processor.py:830} INFO - Processing file /opt/airflow/dags/dl_bctc_luong_2.py for tasks to queue
[2026-04-19T02:23:09.894+0000] {logging_mixin.py:188} INFO - [2026-04-19T02:23:09.894+0000] {dagbag.py:545} INFO - Filling up the DagBag from /opt/airflow/dags/dl_bctc_luong_2.py
[2026-04-19T02:23:09.934+0000] {processor.py:840} INFO - DAG(s) 'bctc_luong_2' retrieved from /opt/airflow/dags/dl_bctc_luong_2.py
[2026-04-19T02:23:09.965+0000] {logging_mixin.py:188} INFO - [2026-04-19T02:23:09.965+0000] {dag.py:3089} INFO - Sync 1 DAGs
[2026-04-19T02:23:09.987+0000] {logging_mixin.py:188} INFO - [2026-04-19T02:23:09.987+0000] {dag.py:3947} INFO - Setting next_dagrun for bctc_luong_2 to 2026-03-01 00:00:00+00:00, run_after=2026-04-01 00:00:00+00:00
[2026-04-19T02:23:10.010+0000] {processor.py:183} INFO - Processing /opt/airflow/dags/dl_bctc_luong_2.py took 0.125 seconds
[2026-04-19T02:23:40.499+0000] {processor.py:161} INFO - Started process (PID=2144) to work on /opt/airflow/dags/dl_bctc_luong_2.py
[2026-04-19T02:23:40.500+0000] {processor.py:830} INFO - Processing file /opt/airflow/dags/dl_bctc_luong_2.py for tasks to queue
[2026-04-19T02:23:40.503+0000] {logging_mixin.py:188} INFO - [2026-04-19T02:23:40.502+0000] {dagbag.py:545} INFO - Filling up the DagBag from /opt/airflow/dags/dl_bctc_luong_2.py
[2026-04-19T02:23:40.546+0000] {processor.py:840} INFO - DAG(s) 'bctc_luong_2' retrieved from /opt/airflow/dags/dl_bctc_luong_2.py
[2026-04-19T02:23:40.575+0000] {logging_mixin.py:188} INFO - [2026-04-19T02:23:40.575+0000] {dag.py:3089} INFO - Sync 1 DAGs
[2026-04-19T02:23:40.597+0000] {logging_mixin.py:188} INFO - [2026-04-19T02:23:40.596+0000] {dag.py:3947} INFO - Setting next_dagrun for bctc_luong_2 to 2026-03-01 00:00:00+00:00, run_after=2026-04-01 00:00:00+00:00
[2026-04-19T02:23:40.619+0000] {processor.py:183} INFO - Processing /opt/airflow/dags/dl_bctc_luong_2.py took 0.126 seconds
[2026-04-19T02:24:11.200+0000] {processor.py:161} INFO - Started process (PID=2169) to work on /opt/airflow/dags/dl_bctc_luong_2.py
[2026-04-19T02:24:11.201+0000] {processor.py:830} INFO - Processing file /opt/airflow/dags/dl_bctc_luong_2.py for tasks to queue
[2026-04-19T02:24:11.205+0000] {logging_mixin.py:188} INFO - [2026-04-19T02:24:11.204+0000] {dagbag.py:545} INFO - Filling up the DagBag from /opt/airflow/dags/dl_bctc_luong_2.py
[2026-04-19T02:24:11.251+0000] {processor.py:840} INFO - DAG(s) 'bctc_luong_2' retrieved from /opt/airflow/dags/dl_bctc_luong_2.py
[2026-04-19T02:24:11.282+0000] {logging_mixin.py:188} INFO - [2026-04-19T02:24:11.282+0000] {dag.py:3089} INFO - Sync 1 DAGs
[2026-04-19T02:24:11.306+0000] {logging_mixin.py:188} INFO - [2026-04-19T02:24:11.306+0000] {dag.py:3947} INFO - Setting next_dagrun for bctc_luong_2 to 2026-03-01 00:00:00+00:00, run_after=2026-04-01 00:00:00+00:00
[2026-04-19T02:24:11.326+0000] {processor.py:183} INFO - Processing /opt/airflow/dags/dl_bctc_luong_2.py took 0.134 seconds
[2026-04-19T02:24:41.737+0000] {processor.py:161} INFO - Started process (PID=2194) to work on /opt/airflow/dags/dl_bctc_luong_2.py
[2026-04-19T02:24:41.738+0000] {processor.py:830} INFO - Processing file /opt/airflow/dags/dl_bctc_luong_2.py for tasks to queue
[2026-04-19T02:24:41.741+0000] {logging_mixin.py:188} INFO - [2026-04-19T02:24:41.740+0000] {dagbag.py:545} INFO - Filling up the DagBag from /opt/airflow/dags/dl_bctc_luong_2.py
[2026-04-19T02:24:41.785+0000] {processor.py:840} INFO - DAG(s) 'bctc_luong_2' retrieved from /opt/airflow/dags/dl_bctc_luong_2.py
[2026-04-19T02:24:41.814+0000] {logging_mixin.py:188} INFO - [2026-04-19T02:24:41.814+0000] {dag.py:3089} INFO - Sync 1 DAGs
[2026-04-19T02:24:41.836+0000] {logging_mixin.py:188} INFO - [2026-04-19T02:24:41.836+0000] {dag.py:3947} INFO - Setting next_dagrun for bctc_luong_2 to 2026-03-01 00:00:00+00:00, run_after=2026-04-01 00:00:00+00:00
[2026-04-19T02:24:41.858+0000] {processor.py:183} INFO - Processing /opt/airflow/dags/dl_bctc_luong_2.py took 0.128 seconds
[2026-04-19T02:25:12.258+0000] {processor.py:161} INFO - Started process (PID=2219) to work on /opt/airflow/dags/dl_bctc_luong_2.py
[2026-04-19T02:25:12.259+0000] {processor.py:830} INFO - Processing file /opt/airflow/dags/dl_bctc_luong_2.py for tasks to queue
[2026-04-19T02:25:12.261+0000] {logging_mixin.py:188} INFO - [2026-04-19T02:25:12.261+0000] {dagbag.py:545} INFO - Filling up the DagBag from /opt/airflow/dags/dl_bctc_luong_2.py
[2026-04-19T02:25:12.300+0000] {processor.py:840} INFO - DAG(s) 'bctc_luong_2' retrieved from /opt/airflow/dags/dl_bctc_luong_2.py
[2026-04-19T02:25:12.330+0000] {logging_mixin.py:188} INFO - [2026-04-19T02:25:12.330+0000] {dag.py:3089} INFO - Sync 1 DAGs
[2026-04-19T02:25:12.351+0000] {logging_mixin.py:188} INFO - [2026-04-19T02:25:12.351+0000] {dag.py:3947} INFO - Setting next_dagrun for bctc_luong_2 to 2026-03-01 00:00:00+00:00, run_after=2026-04-01 00:00:00+00:00
[2026-04-19T02:25:12.373+0000] {processor.py:183} INFO - Processing /opt/airflow/dags/dl_bctc_luong_2.py took 0.121 seconds
[2026-04-19T02:25:43.020+0000] {processor.py:161} INFO - Started process (PID=2244) to work on /opt/airflow/dags/dl_bctc_luong_2.py
[2026-04-19T02:25:43.021+0000] {processor.py:830} INFO - Processing file /opt/airflow/dags/dl_bctc_luong_2.py for tasks to queue
[2026-04-19T02:25:43.024+0000] {logging_mixin.py:188} INFO - [2026-04-19T02:25:43.024+0000] {dagbag.py:545} INFO - Filling up the DagBag from /opt/airflow/dags/dl_bctc_luong_2.py
[2026-04-19T02:25:43.068+0000] {processor.py:840} INFO - DAG(s) 'bctc_luong_2' retrieved from /opt/airflow/dags/dl_bctc_luong_2.py
[2026-04-19T02:25:43.096+0000] {logging_mixin.py:188} INFO - [2026-04-19T02:25:43.096+0000] {dag.py:3089} INFO - Sync 1 DAGs
[2026-04-19T02:25:43.115+0000] {logging_mixin.py:188} INFO - [2026-04-19T02:25:43.115+0000] {dag.py:3947} INFO - Setting next_dagrun for bctc_luong_2 to 2026-03-01 00:00:00+00:00, run_after=2026-04-01 00:00:00+00:00
[2026-04-19T02:25:43.137+0000] {processor.py:183} INFO - Processing /opt/airflow/dags/dl_bctc_luong_2.py took 0.124 seconds
[2026-04-19T02:26:13.657+0000] {processor.py:161} INFO - Started process (PID=2275) to work on /opt/airflow/dags/dl_bctc_luong_2.py
[2026-04-19T02:26:13.658+0000] {processor.py:830} INFO - Processing file /opt/airflow/dags/dl_bctc_luong_2.py for tasks to queue
[2026-04-19T02:26:13.660+0000] {logging_mixin.py:188} INFO - [2026-04-19T02:26:13.660+0000] {dagbag.py:545} INFO - Filling up the DagBag from /opt/airflow/dags/dl_bctc_luong_2.py
[2026-04-19T02:26:13.707+0000] {processor.py:840} INFO - DAG(s) 'bctc_luong_2' retrieved from /opt/airflow/dags/dl_bctc_luong_2.py
[2026-04-19T02:26:13.740+0000] {logging_mixin.py:188} INFO - [2026-04-19T02:26:13.740+0000] {dag.py:3089} INFO - Sync 1 DAGs
[2026-04-19T02:26:13.761+0000] {logging_mixin.py:188} INFO - [2026-04-19T02:26:13.761+0000] {dag.py:3947} INFO - Setting next_dagrun for bctc_luong_2 to 2026-03-01 00:00:00+00:00, run_after=2026-04-01 00:00:00+00:00
[2026-04-19T02:26:13.782+0000] {processor.py:183} INFO - Processing /opt/airflow/dags/dl_bctc_luong_2.py took 0.132 seconds
[2026-04-19T02:26:44.478+0000] {processor.py:161} INFO - Started process (PID=2300) to work on /opt/airflow/dags/dl_bctc_luong_2.py
[2026-04-19T02:26:44.479+0000] {processor.py:830} INFO - Processing file /opt/airflow/dags/dl_bctc_luong_2.py for tasks to queue
[2026-04-19T02:26:44.482+0000] {logging_mixin.py:188} INFO - [2026-04-19T02:26:44.482+0000] {dagbag.py:545} INFO - Filling up the DagBag from /opt/airflow/dags/dl_bctc_luong_2.py
[2026-04-19T02:26:44.527+0000] {processor.py:840} INFO - DAG(s) 'bctc_luong_2' retrieved from /opt/airflow/dags/dl_bctc_luong_2.py
[2026-04-19T02:26:44.560+0000] {logging_mixin.py:188} INFO - [2026-04-19T02:26:44.559+0000] {dag.py:3089} INFO - Sync 1 DAGs
[2026-04-19T02:26:44.584+0000] {logging_mixin.py:188} INFO - [2026-04-19T02:26:44.584+0000] {dag.py:3947} INFO - Setting next_dagrun for bctc_luong_2 to 2026-03-01 00:00:00+00:00, run_after=2026-04-01 00:00:00+00:00
[2026-04-19T02:26:44.606+0000] {processor.py:183} INFO - Processing /opt/airflow/dags/dl_bctc_luong_2.py took 0.134 seconds
[2026-04-19T02:27:15.128+0000] {processor.py:161} INFO - Started process (PID=2325) to work on /opt/airflow/dags/dl_bctc_luong_2.py
[2026-04-19T02:27:15.129+0000] {processor.py:830} INFO - Processing file /opt/airflow/dags/dl_bctc_luong_2.py for tasks to queue
[2026-04-19T02:27:15.131+0000] {logging_mixin.py:188} INFO - [2026-04-19T02:27:15.131+0000] {dagbag.py:545} INFO - Filling up the DagBag from /opt/airflow/dags/dl_bctc_luong_2.py
[2026-04-19T02:27:15.175+0000] {processor.py:840} INFO - DAG(s) 'bctc_luong_2' retrieved from /opt/airflow/dags/dl_bctc_luong_2.py
[2026-04-19T02:27:15.206+0000] {logging_mixin.py:188} INFO - [2026-04-19T02:27:15.206+0000] {dag.py:3089} INFO - Sync 1 DAGs
[2026-04-19T02:27:15.228+0000] {logging_mixin.py:188} INFO - [2026-04-19T02:27:15.227+0000] {dag.py:3947} INFO - Setting next_dagrun for bctc_luong_2 to 2026-03-01 00:00:00+00:00, run_after=2026-04-01 00:00:00+00:00
[2026-04-19T02:27:15.245+0000] {processor.py:183} INFO - Processing /opt/airflow/dags/dl_bctc_luong_2.py took 0.122 seconds
[2026-04-19T02:27:45.788+0000] {processor.py:161} INFO - Started process (PID=2350) to work on /opt/airflow/dags/dl_bctc_luong_2.py
[2026-04-19T02:27:45.789+0000] {processor.py:830} INFO - Processing file /opt/airflow/dags/dl_bctc_luong_2.py for tasks to queue
[2026-04-19T02:27:45.792+0000] {logging_mixin.py:188} INFO - [2026-04-19T02:27:45.791+0000] {dagbag.py:545} INFO - Filling up the DagBag from /opt/airflow/dags/dl_bctc_luong_2.py
[2026-04-19T02:27:45.842+0000] {processor.py:840} INFO - DAG(s) 'bctc_luong_2' retrieved from /opt/airflow/dags/dl_bctc_luong_2.py
[2026-04-19T02:27:45.873+0000] {logging_mixin.py:188} INFO - [2026-04-19T02:27:45.873+0000] {dag.py:3089} INFO - Sync 1 DAGs
[2026-04-19T02:27:45.896+0000] {logging_mixin.py:188} INFO - [2026-04-19T02:27:45.896+0000] {dag.py:3947} INFO - Setting next_dagrun for bctc_luong_2 to 2026-03-01 00:00:00+00:00, run_after=2026-04-01 00:00:00+00:00
[2026-04-19T02:27:45.919+0000] {processor.py:183} INFO - Processing /opt/airflow/dags/dl_bctc_luong_2.py took 0.137 seconds
[2026-04-19T02:28:16.011+0000] {processor.py:161} INFO - Started process (PID=2375) to work on /opt/airflow/dags/dl_bctc_luong_2.py
[2026-04-19T02:28:16.011+0000] {processor.py:830} INFO - Processing file /opt/airflow/dags/dl_bctc_luong_2.py for tasks to queue
[2026-04-19T02:28:16.013+0000] {logging_mixin.py:188} INFO - [2026-04-19T02:28:16.013+0000] {dagbag.py:545} INFO - Filling up the DagBag from /opt/airflow/dags/dl_bctc_luong_2.py
[2026-04-19T02:28:16.054+0000] {processor.py:840} INFO - DAG(s) 'bctc_luong_2' retrieved from /opt/airflow/dags/dl_bctc_luong_2.py
[2026-04-19T02:28:16.084+0000] {logging_mixin.py:188} INFO - [2026-04-19T02:28:16.084+0000] {dag.py:3089} INFO - Sync 1 DAGs
[2026-04-19T02:28:16.105+0000] {logging_mixin.py:188} INFO - [2026-04-19T02:28:16.105+0000] {dag.py:3947} INFO - Setting next_dagrun for bctc_luong_2 to 2026-03-01 00:00:00+00:00, run_after=2026-04-01 00:00:00+00:00
[2026-04-19T02:28:16.178+0000] {processor.py:183} INFO - Processing /opt/airflow/dags/dl_bctc_luong_2.py took 0.173 seconds
[2026-04-19T02:28:46.267+0000] {processor.py:161} INFO - Started process (PID=2400) to work on /opt/airflow/dags/dl_bctc_luong_2.py
[2026-04-19T02:28:46.268+0000] {processor.py:830} INFO - Processing file /opt/airflow/dags/dl_bctc_luong_2.py for tasks to queue
[2026-04-19T02:28:46.270+0000] {logging_mixin.py:188} INFO - [2026-04-19T02:28:46.270+0000] {dagbag.py:545} INFO - Filling up the DagBag from /opt/airflow/dags/dl_bctc_luong_2.py
[2026-04-19T02:28:46.311+0000] {processor.py:840} INFO - DAG(s) 'bctc_luong_2' retrieved from /opt/airflow/dags/dl_bctc_luong_2.py
[2026-04-19T02:28:46.339+0000] {logging_mixin.py:188} INFO - [2026-04-19T02:28:46.339+0000] {dag.py:3089} INFO - Sync 1 DAGs
[2026-04-19T02:28:46.358+0000] {logging_mixin.py:188} INFO - [2026-04-19T02:28:46.358+0000] {dag.py:3947} INFO - Setting next_dagrun for bctc_luong_2 to 2026-03-01 00:00:00+00:00, run_after=2026-04-01 00:00:00+00:00
[2026-04-19T02:28:46.378+0000] {processor.py:183} INFO - Processing /opt/airflow/dags/dl_bctc_luong_2.py took 0.117 seconds
[2026-04-19T02:29:16.673+0000] {processor.py:161} INFO - Started process (PID=2425) to work on /opt/airflow/dags/dl_bctc_luong_2.py
[2026-04-19T02:29:16.674+0000] {processor.py:830} INFO - Processing file /opt/airflow/dags/dl_bctc_luong_2.py for tasks to queue
[2026-04-19T02:29:16.676+0000] {logging_mixin.py:188} INFO - [2026-04-19T02:29:16.676+0000] {dagbag.py:545} INFO - Filling up the DagBag from /opt/airflow/dags/dl_bctc_luong_2.py
[2026-04-19T02:29:16.716+0000] {processor.py:840} INFO - DAG(s) 'bctc_luong_2' retrieved from /opt/airflow/dags/dl_bctc_luong_2.py
[2026-04-19T02:29:16.743+0000] {logging_mixin.py:188} INFO - [2026-04-19T02:29:16.743+0000] {dag.py:3089} INFO - Sync 1 DAGs
[2026-04-19T02:29:16.762+0000] {logging_mixin.py:188} INFO - [2026-04-19T02:29:16.762+0000] {dag.py:3947} INFO - Setting next_dagrun for bctc_luong_2 to 2026-03-01 00:00:00+00:00, run_after=2026-04-01 00:00:00+00:00
[2026-04-19T02:29:16.782+0000] {processor.py:183} INFO - Processing /opt/airflow/dags/dl_bctc_luong_2.py took 0.114 seconds
[2026-04-19T02:29:47.220+0000] {processor.py:161} INFO - Started process (PID=2450) to work on /opt/airflow/dags/dl_bctc_luong_2.py
[2026-04-19T02:29:47.221+0000] {processor.py:830} INFO - Processing file /opt/airflow/dags/dl_bctc_luong_2.py for tasks to queue
[2026-04-19T02:29:47.223+0000] {logging_mixin.py:188} INFO - [2026-04-19T02:29:47.223+0000] {dagbag.py:545} INFO - Filling up the DagBag from /opt/airflow/dags/dl_bctc_luong_2.py
[2026-04-19T02:29:47.262+0000] {processor.py:840} INFO - DAG(s) 'bctc_luong_2' retrieved from /opt/airflow/dags/dl_bctc_luong_2.py
[2026-04-19T02:29:47.289+0000] {logging_mixin.py:188} INFO - [2026-04-19T02:29:47.289+0000] {dag.py:3089} INFO - Sync 1 DAGs
[2026-04-19T02:29:47.309+0000] {logging_mixin.py:188} INFO - [2026-04-19T02:29:47.309+0000] {dag.py:3947} INFO - Setting next_dagrun for bctc_luong_2 to 2026-03-01 00:00:00+00:00, run_after=2026-04-01 00:00:00+00:00
[2026-04-19T02:29:47.329+0000] {processor.py:183} INFO - Processing /opt/airflow/dags/dl_bctc_luong_2.py took 0.114 seconds
[2026-04-19T02:30:17.744+0000] {processor.py:161} INFO - Started process (PID=2475) to work on /opt/airflow/dags/dl_bctc_luong_2.py
[2026-04-19T02:30:17.745+0000] {processor.py:830} INFO - Processing file /opt/airflow/dags/dl_bctc_luong_2.py for tasks to queue
[2026-04-19T02:30:17.747+0000] {logging_mixin.py:188} INFO - [2026-04-19T02:30:17.747+0000] {dagbag.py:545} INFO - Filling up the DagBag from /opt/airflow/dags/dl_bctc_luong_2.py
[2026-04-19T02:30:17.786+0000] {processor.py:840} INFO - DAG(s) 'bctc_luong_2' retrieved from /opt/airflow/dags/dl_bctc_luong_2.py
[2026-04-19T02:30:17.814+0000] {logging_mixin.py:188} INFO - [2026-04-19T02:30:17.814+0000] {dag.py:3089} INFO - Sync 1 DAGs
[2026-04-19T02:30:17.833+0000] {logging_mixin.py:188} INFO - [2026-04-19T02:30:17.833+0000] {dag.py:3947} INFO - Setting next_dagrun for bctc_luong_2 to 2026-03-01 00:00:00+00:00, run_after=2026-04-01 00:00:00+00:00
[2026-04-19T02:30:17.848+0000] {processor.py:183} INFO - Processing /opt/airflow/dags/dl_bctc_luong_2.py took 0.109 seconds
[2026-04-19T02:30:48.388+0000] {processor.py:161} INFO - Started process (PID=2500) to work on /opt/airflow/dags/dl_bctc_luong_2.py
[2026-04-19T02:30:48.389+0000] {processor.py:830} INFO - Processing file /opt/airflow/dags/dl_bctc_luong_2.py for tasks to queue
[2026-04-19T02:30:48.391+0000] {logging_mixin.py:188} INFO - [2026-04-19T02:30:48.391+0000] {dagbag.py:545} INFO - Filling up the DagBag from /opt/airflow/dags/dl_bctc_luong_2.py
[2026-04-19T02:30:48.430+0000] {processor.py:840} INFO - DAG(s) 'bctc_luong_2' retrieved from /opt/airflow/dags/dl_bctc_luong_2.py
[2026-04-19T02:30:48.458+0000] {logging_mixin.py:188} INFO - [2026-04-19T02:30:48.458+0000] {dag.py:3089} INFO - Sync 1 DAGs
[2026-04-19T02:30:48.477+0000] {logging_mixin.py:188} INFO - [2026-04-19T02:30:48.477+0000] {dag.py:3947} INFO - Setting next_dagrun for bctc_luong_2 to 2026-03-01 00:00:00+00:00, run_after=2026-04-01 00:00:00+00:00
[2026-04-19T02:30:48.494+0000] {processor.py:183} INFO - Processing /opt/airflow/dags/dl_bctc_luong_2.py took 0.111 seconds
[2026-04-19T02:31:18.829+0000] {processor.py:161} INFO - Started process (PID=2525) to work on /opt/airflow/dags/dl_bctc_luong_2.py
[2026-04-19T02:31:18.830+0000] {processor.py:830} INFO - Processing file /opt/airflow/dags/dl_bctc_luong_2.py for tasks to queue
[2026-04-19T02:31:18.832+0000] {logging_mixin.py:188} INFO - [2026-04-19T02:31:18.832+0000] {dagbag.py:545} INFO - Filling up the DagBag from /opt/airflow/dags/dl_bctc_luong_2.py
[2026-04-19T02:31:18.872+0000] {processor.py:840} INFO - DAG(s) 'bctc_luong_2' retrieved from /opt/airflow/dags/dl_bctc_luong_2.py
[2026-04-19T02:31:18.900+0000] {logging_mixin.py:188} INFO - [2026-04-19T02:31:18.900+0000] {dag.py:3089} INFO - Sync 1 DAGs
[2026-04-19T02:31:18.920+0000] {logging_mixin.py:188} INFO - [2026-04-19T02:31:18.920+0000] {dag.py:3947} INFO - Setting next_dagrun for bctc_luong_2 to 2026-03-01 00:00:00+00:00, run_after=2026-04-01 00:00:00+00:00
[2026-04-19T02:31:18.937+0000] {processor.py:183} INFO - Processing /opt/airflow/dags/dl_bctc_luong_2.py took 0.113 seconds
[2026-04-19T02:31:49.624+0000] {processor.py:161} INFO - Started process (PID=2550) to work on /opt/airflow/dags/dl_bctc_luong_2.py
[2026-04-19T02:31:49.625+0000] {processor.py:830} INFO - Processing file /opt/airflow/dags/dl_bctc_luong_2.py for tasks to queue
[2026-04-19T02:31:49.627+0000] {logging_mixin.py:188} INFO - [2026-04-19T02:31:49.627+0000] {dagbag.py:545} INFO - Filling up the DagBag from /opt/airflow/dags/dl_bctc_luong_2.py
[2026-04-19T02:31:49.679+0000] {processor.py:840} INFO - DAG(s) 'bctc_luong_2' retrieved from /opt/airflow/dags/dl_bctc_luong_2.py
[2026-04-19T02:31:49.722+0000] {logging_mixin.py:188} INFO - [2026-04-19T02:31:49.721+0000] {dag.py:3089} INFO - Sync 1 DAGs
[2026-04-19T02:31:49.750+0000] {logging_mixin.py:188} INFO - [2026-04-19T02:31:49.750+0000] {dag.py:3947} INFO - Setting next_dagrun for bctc_luong_2 to 2026-03-01 00:00:00+00:00, run_after=2026-04-01 00:00:00+00:00
[2026-04-19T02:31:49.769+0000] {processor.py:183} INFO - Processing /opt/airflow/dags/dl_bctc_luong_2.py took 0.151 seconds
[2026-04-19T02:32:20.063+0000] {processor.py:161} INFO - Started process (PID=2575) to work on /opt/airflow/dags/dl_bctc_luong_2.py
[2026-04-19T02:32:20.064+0000] {processor.py:830} INFO - Processing file /opt/airflow/dags/dl_bctc_luong_2.py for tasks to queue
[2026-04-19T02:32:20.067+0000] {logging_mixin.py:188} INFO - [2026-04-19T02:32:20.066+0000] {dagbag.py:545} INFO - Filling up the DagBag from /opt/airflow/dags/dl_bctc_luong_2.py
[2026-04-19T02:32:20.109+0000] {processor.py:840} INFO - DAG(s) 'bctc_luong_2' retrieved from /opt/airflow/dags/dl_bctc_luong_2.py
[2026-04-19T02:32:20.138+0000] {logging_mixin.py:188} INFO - [2026-04-19T02:32:20.138+0000] {dag.py:3089} INFO - Sync 1 DAGs
[2026-04-19T02:32:20.160+0000] {logging_mixin.py:188} INFO - [2026-04-19T02:32:20.160+0000] {dag.py:3947} INFO - Setting next_dagrun for bctc_luong_2 to 2026-03-01 00:00:00+00:00, run_after=2026-04-01 00:00:00+00:00
[2026-04-19T02:32:20.179+0000] {processor.py:183} INFO - Processing /opt/airflow/dags/dl_bctc_luong_2.py took 0.122 seconds
[2026-04-19T02:32:50.558+0000] {processor.py:161} INFO - Started process (PID=2601) to work on /opt/airflow/dags/dl_bctc_luong_2.py
[2026-04-19T02:32:50.559+0000] {processor.py:830} INFO - Processing file /opt/airflow/dags/dl_bctc_luong_2.py for tasks to queue
[2026-04-19T02:32:50.561+0000] {logging_mixin.py:188} INFO - [2026-04-19T02:32:50.561+0000] {dagbag.py:545} INFO - Filling up the DagBag from /opt/airflow/dags/dl_bctc_luong_2.py
[2026-04-19T02:32:50.603+0000] {processor.py:840} INFO - DAG(s) 'bctc_luong_2' retrieved from /opt/airflow/dags/dl_bctc_luong_2.py
[2026-04-19T02:32:50.635+0000] {logging_mixin.py:188} INFO - [2026-04-19T02:32:50.635+0000] {dag.py:3089} INFO - Sync 1 DAGs
[2026-04-19T02:32:50.655+0000] {logging_mixin.py:188} INFO - [2026-04-19T02:32:50.655+0000] {dag.py:3947} INFO - Setting next_dagrun for bctc_luong_2 to 2026-03-01 00:00:00+00:00, run_after=2026-04-01 00:00:00+00:00
[2026-04-19T02:32:50.676+0000] {processor.py:183} INFO - Processing /opt/airflow/dags/dl_bctc_luong_2.py took 0.124 seconds
[2026-04-19T02:33:21.262+0000] {processor.py:161} INFO - Started process (PID=2626) to work on /opt/airflow/dags/dl_bctc_luong_2.py
[2026-04-19T02:33:21.263+0000] {processor.py:830} INFO - Processing file /opt/airflow/dags/dl_bctc_luong_2.py for tasks to queue
[2026-04-19T02:33:21.266+0000] {logging_mixin.py:188} INFO - [2026-04-19T02:33:21.265+0000] {dagbag.py:545} INFO - Filling up the DagBag from /opt/airflow/dags/dl_bctc_luong_2.py
[2026-04-19T02:33:21.314+0000] {processor.py:840} INFO - DAG(s) 'bctc_luong_2' retrieved from /opt/airflow/dags/dl_bctc_luong_2.py
[2026-04-19T02:33:21.347+0000] {logging_mixin.py:188} INFO - [2026-04-19T02:33:21.347+0000] {dag.py:3089} INFO - Sync 1 DAGs
[2026-04-19T02:33:21.369+0000] {logging_mixin.py:188} INFO - [2026-04-19T02:33:21.369+0000] {dag.py:3947} INFO - Setting next_dagrun for bctc_luong_2 to 2026-03-01 00:00:00+00:00, run_after=2026-04-01 00:00:00+00:00
[2026-04-19T02:33:21.389+0000] {processor.py:183} INFO - Processing /opt/airflow/dags/dl_bctc_luong_2.py took 0.134 seconds
[2026-04-19T02:33:52.062+0000] {processor.py:161} INFO - Started process (PID=2651) to work on /opt/airflow/dags/dl_bctc_luong_2.py
[2026-04-19T02:33:52.064+0000] {processor.py:830} INFO - Processing file /opt/airflow/dags/dl_bctc_luong_2.py for tasks to queue
[2026-04-19T02:33:52.068+0000] {logging_mixin.py:188} INFO - [2026-04-19T02:33:52.067+0000] {dagbag.py:545} INFO - Filling up the DagBag from /opt/airflow/dags/dl_bctc_luong_2.py
[2026-04-19T02:33:52.131+0000] {processor.py:840} INFO - DAG(s) 'bctc_luong_2' retrieved from /opt/airflow/dags/dl_bctc_luong_2.py
[2026-04-19T02:33:52.173+0000] {logging_mixin.py:188} INFO - [2026-04-19T02:33:52.173+0000] {dag.py:3089} INFO - Sync 1 DAGs
[2026-04-19T02:33:52.202+0000] {logging_mixin.py:188} INFO - [2026-04-19T02:33:52.202+0000] {dag.py:3947} INFO - Setting next_dagrun for bctc_luong_2 to 2026-03-01 00:00:00+00:00, run_after=2026-04-01 00:00:00+00:00
[2026-04-19T02:33:52.231+0000] {processor.py:183} INFO - Processing /opt/airflow/dags/dl_bctc_luong_2.py took 0.180 seconds
[2026-04-19T02:34:22.581+0000] {processor.py:161} INFO - Started process (PID=2676) to work on /opt/airflow/dags/dl_bctc_luong_2.py
[2026-04-19T02:34:22.582+0000] {processor.py:830} INFO - Processing file /opt/airflow/dags/dl_bctc_luong_2.py for tasks to queue
[2026-04-19T02:34:22.584+0000] {logging_mixin.py:188} INFO - [2026-04-19T02:34:22.584+0000] {dagbag.py:545} INFO - Filling up the DagBag from /opt/airflow/dags/dl_bctc_luong_2.py
[2026-04-19T02:34:22.628+0000] {processor.py:840} INFO - DAG(s) 'bctc_luong_2' retrieved from /opt/airflow/dags/dl_bctc_luong_2.py
[2026-04-19T02:34:22.662+0000] {logging_mixin.py:188} INFO - [2026-04-19T02:34:22.662+0000] {dag.py:3089} INFO - Sync 1 DAGs
[2026-04-19T02:34:22.684+0000] {logging_mixin.py:188} INFO - [2026-04-19T02:34:22.684+0000] {dag.py:3947} INFO - Setting next_dagrun for bctc_luong_2 to 2026-03-01 00:00:00+00:00, run_after=2026-04-01 00:00:00+00:00
[2026-04-19T02:34:22.703+0000] {processor.py:183} INFO - Processing /opt/airflow/dags/dl_bctc_luong_2.py took 0.128 seconds
[2026-04-19T02:34:52.994+0000] {processor.py:161} INFO - Started process (PID=2701) to work on /opt/airflow/dags/dl_bctc_luong_2.py
[2026-04-19T02:34:52.995+0000] {processor.py:830} INFO - Processing file /opt/airflow/dags/dl_bctc_luong_2.py for tasks to queue
[2026-04-19T02:34:52.997+0000] {logging_mixin.py:188} INFO - [2026-04-19T02:34:52.997+0000] {dagbag.py:545} INFO - Filling up the DagBag from /opt/airflow/dags/dl_bctc_luong_2.py
[2026-04-19T02:34:53.038+0000] {processor.py:840} INFO - DAG(s) 'bctc_luong_2' retrieved from /opt/airflow/dags/dl_bctc_luong_2.py
[2026-04-19T02:34:53.065+0000] {logging_mixin.py:188} INFO - [2026-04-19T02:34:53.064+0000] {dag.py:3089} INFO - Sync 1 DAGs
[2026-04-19T02:34:53.085+0000] {logging_mixin.py:188} INFO - [2026-04-19T02:34:53.085+0000] {dag.py:3947} INFO - Setting next_dagrun for bctc_luong_2 to 2026-03-01 00:00:00+00:00, run_after=2026-04-01 00:00:00+00:00
[2026-04-19T02:34:53.109+0000] {processor.py:183} INFO - Processing /opt/airflow/dags/dl_bctc_luong_2.py took 0.121 seconds
[2026-04-19T02:35:23.574+0000] {processor.py:161} INFO - Started process (PID=2726) to work on /opt/airflow/dags/dl_bctc_luong_2.py
[2026-04-19T02:35:23.575+0000] {processor.py:830} INFO - Processing file /opt/airflow/dags/dl_bctc_luong_2.py for tasks to queue
[2026-04-19T02:35:23.577+0000] {logging_mixin.py:188} INFO - [2026-04-19T02:35:23.576+0000] {dagbag.py:545} INFO - Filling up the DagBag from /opt/airflow/dags/dl_bctc_luong_2.py
[2026-04-19T02:35:23.614+0000] {processor.py:840} INFO - DAG(s) 'bctc_luong_2' retrieved from /opt/airflow/dags/dl_bctc_luong_2.py
[2026-04-19T02:35:23.643+0000] {logging_mixin.py:188} INFO - [2026-04-19T02:35:23.642+0000] {dag.py:3089} INFO - Sync 1 DAGs
[2026-04-19T02:35:23.662+0000] {logging_mixin.py:188} INFO - [2026-04-19T02:35:23.662+0000] {dag.py:3947} INFO - Setting next_dagrun for bctc_luong_2 to 2026-03-01 00:00:00+00:00, run_after=2026-04-01 00:00:00+00:00
[2026-04-19T02:35:23.679+0000] {processor.py:183} INFO - Processing /opt/airflow/dags/dl_bctc_luong_2.py took 0.111 seconds
[2026-04-19T02:35:54.005+0000] {processor.py:161} INFO - Started process (PID=2751) to work on /opt/airflow/dags/dl_bctc_luong_2.py
[2026-04-19T02:35:54.006+0000] {processor.py:830} INFO - Processing file /opt/airflow/dags/dl_bctc_luong_2.py for tasks to queue
[2026-04-19T02:35:54.008+0000] {logging_mixin.py:188} INFO - [2026-04-19T02:35:54.008+0000] {dagbag.py:545} INFO - Filling up the DagBag from /opt/airflow/dags/dl_bctc_luong_2.py
[2026-04-19T02:35:54.048+0000] {processor.py:840} INFO - DAG(s) 'bctc_luong_2' retrieved from /opt/airflow/dags/dl_bctc_luong_2.py
[2026-04-19T02:35:54.077+0000] {logging_mixin.py:188} INFO - [2026-04-19T02:35:54.076+0000] {dag.py:3089} INFO - Sync 1 DAGs
[2026-04-19T02:35:54.098+0000] {logging_mixin.py:188} INFO - [2026-04-19T02:35:54.097+0000] {dag.py:3947} INFO - Setting next_dagrun for bctc_luong_2 to 2026-03-01 00:00:00+00:00, run_after=2026-04-01 00:00:00+00:00
[2026-04-19T02:35:54.117+0000] {processor.py:183} INFO - Processing /opt/airflow/dags/dl_bctc_luong_2.py took 0.117 seconds
[2026-04-19T02:36:24.640+0000] {processor.py:161} INFO - Started process (PID=2776) to work on /opt/airflow/dags/dl_bctc_luong_2.py
[2026-04-19T02:36:24.641+0000] {processor.py:830} INFO - Processing file /opt/airflow/dags/dl_bctc_luong_2.py for tasks to queue
[2026-04-19T02:36:24.644+0000] {logging_mixin.py:188} INFO - [2026-04-19T02:36:24.644+0000] {dagbag.py:545} INFO - Filling up the DagBag from /opt/airflow/dags/dl_bctc_luong_2.py
[2026-04-19T02:36:24.696+0000] {processor.py:840} INFO - DAG(s) 'bctc_luong_2' retrieved from /opt/airflow/dags/dl_bctc_luong_2.py
[2026-04-19T02:36:24.732+0000] {logging_mixin.py:188} INFO - [2026-04-19T02:36:24.732+0000] {dag.py:3089} INFO - Sync 1 DAGs
[2026-04-19T02:36:24.756+0000] {logging_mixin.py:188} INFO - [2026-04-19T02:36:24.756+0000] {dag.py:3947} INFO - Setting next_dagrun for bctc_luong_2 to 2026-03-01 00:00:00+00:00, run_after=2026-04-01 00:00:00+00:00
[2026-04-19T02:36:24.802+0000] {processor.py:183} INFO - Processing /opt/airflow/dags/dl_bctc_luong_2.py took 0.169 seconds
[2026-04-19T02:36:55.395+0000] {processor.py:161} INFO - Started process (PID=2802) to work on /opt/airflow/dags/dl_bctc_luong_2.py
[2026-04-19T02:36:55.396+0000] {processor.py:830} INFO - Processing file /opt/airflow/dags/dl_bctc_luong_2.py for tasks to queue
[2026-04-19T02:36:55.398+0000] {logging_mixin.py:188} INFO - [2026-04-19T02:36:55.398+0000] {dagbag.py:545} INFO - Filling up the DagBag from /opt/airflow/dags/dl_bctc_luong_2.py
[2026-04-19T02:36:55.435+0000] {processor.py:840} INFO - DAG(s) 'bctc_luong_2' retrieved from /opt/airflow/dags/dl_bctc_luong_2.py
[2026-04-19T02:36:55.465+0000] {logging_mixin.py:188} INFO - [2026-04-19T02:36:55.464+0000] {dag.py:3089} INFO - Sync 1 DAGs
[2026-04-19T02:36:55.487+0000] {logging_mixin.py:188} INFO - [2026-04-19T02:36:55.486+0000] {dag.py:3947} INFO - Setting next_dagrun for bctc_luong_2 to 2026-03-01 00:00:00+00:00, run_after=2026-04-01 00:00:00+00:00
[2026-04-19T02:36:55.505+0000] {processor.py:183} INFO - Processing /opt/airflow/dags/dl_bctc_luong_2.py took 0.116 seconds
[2026-04-19T02:37:25.729+0000] {processor.py:161} INFO - Started process (PID=2827) to work on /opt/airflow/dags/dl_bctc_luong_2.py
[2026-04-19T02:37:25.730+0000] {processor.py:830} INFO - Processing file /opt/airflow/dags/dl_bctc_luong_2.py for tasks to queue
[2026-04-19T02:37:25.732+0000] {logging_mixin.py:188} INFO - [2026-04-19T02:37:25.732+0000] {dagbag.py:545} INFO - Filling up the DagBag from /opt/airflow/dags/dl_bctc_luong_2.py
[2026-04-19T02:37:25.772+0000] {processor.py:840} INFO - DAG(s) 'bctc_luong_2' retrieved from /opt/airflow/dags/dl_bctc_luong_2.py
[2026-04-19T02:37:25.800+0000] {logging_mixin.py:188} INFO - [2026-04-19T02:37:25.800+0000] {dag.py:3089} INFO - Sync 1 DAGs
[2026-04-19T02:37:25.820+0000] {logging_mixin.py:188} INFO - [2026-04-19T02:37:25.820+0000] {dag.py:3947} INFO - Setting next_dagrun for bctc_luong_2 to 2026-03-01 00:00:00+00:00, run_after=2026-04-01 00:00:00+00:00
[2026-04-19T02:37:25.837+0000] {processor.py:183} INFO - Processing /opt/airflow/dags/dl_bctc_luong_2.py took 0.114 seconds
[2026-04-19T02:37:56.137+0000] {processor.py:161} INFO - Started process (PID=2852) to work on /opt/airflow/dags/dl_bctc_luong_2.py
[2026-04-19T02:37:56.138+0000] {processor.py:830} INFO - Processing file /opt/airflow/dags/dl_bctc_luong_2.py for tasks to queue
[2026-04-19T02:37:56.140+0000] {logging_mixin.py:188} INFO - [2026-04-19T02:37:56.140+0000] {dagbag.py:545} INFO - Filling up the DagBag from /opt/airflow/dags/dl_bctc_luong_2.py
[2026-04-19T02:37:56.180+0000] {processor.py:840} INFO - DAG(s) 'bctc_luong_2' retrieved from /opt/airflow/dags/dl_bctc_luong_2.py
[2026-04-19T02:37:56.208+0000] {logging_mixin.py:188} INFO - [2026-04-19T02:37:56.208+0000] {dag.py:3089} INFO - Sync 1 DAGs
[2026-04-19T02:37:56.228+0000] {logging_mixin.py:188} INFO - [2026-04-19T02:37:56.228+0000] {dag.py:3947} INFO - Setting next_dagrun for bctc_luong_2 to 2026-03-01 00:00:00+00:00, run_after=2026-04-01 00:00:00+00:00
[2026-04-19T02:37:56.245+0000] {processor.py:183} INFO - Processing /opt/airflow/dags/dl_bctc_luong_2.py took 0.114 seconds
[2026-04-19T02:38:26.548+0000] {processor.py:161} INFO - Started process (PID=2878) to work on /opt/airflow/dags/dl_bctc_luong_2.py
[2026-04-19T02:38:26.549+0000] {processor.py:830} INFO - Processing file /opt/airflow/dags/dl_bctc_luong_2.py for tasks to queue
[2026-04-19T02:38:26.552+0000] {logging_mixin.py:188} INFO - [2026-04-19T02:38:26.551+0000] {dagbag.py:545} INFO - Filling up the DagBag from /opt/airflow/dags/dl_bctc_luong_2.py
[2026-04-19T02:38:26.596+0000] {processor.py:840} INFO - DAG(s) 'bctc_luong_2' retrieved from /opt/airflow/dags/dl_bctc_luong_2.py
[2026-04-19T02:38:26.626+0000] {logging_mixin.py:188} INFO - [2026-04-19T02:38:26.626+0000] {dag.py:3089} INFO - Sync 1 DAGs
[2026-04-19T02:38:26.649+0000] {logging_mixin.py:188} INFO - [2026-04-19T02:38:26.648+0000] {dag.py:3947} INFO - Setting next_dagrun for bctc_luong_2 to 2026-03-01 00:00:00+00:00, run_after=2026-04-01 00:00:00+00:00
[2026-04-19T02:38:26.669+0000] {processor.py:183} INFO - Processing /opt/airflow/dags/dl_bctc_luong_2.py took 0.126 seconds
[2026-04-19T02:38:56.767+0000] {processor.py:161} INFO - Started process (PID=2903) to work on /opt/airflow/dags/dl_bctc_luong_2.py
[2026-04-19T02:38:56.768+0000] {processor.py:830} INFO - Processing file /opt/airflow/dags/dl_bctc_luong_2.py for tasks to queue
[2026-04-19T02:38:56.771+0000] {logging_mixin.py:188} INFO - [2026-04-19T02:38:56.770+0000] {dagbag.py:545} INFO - Filling up the DagBag from /opt/airflow/dags/dl_bctc_luong_2.py
[2026-04-19T02:38:56.820+0000] {processor.py:840} INFO - DAG(s) 'bctc_luong_2' retrieved from /opt/airflow/dags/dl_bctc_luong_2.py
[2026-04-19T02:38:56.848+0000] {logging_mixin.py:188} INFO - [2026-04-19T02:38:56.847+0000] {dag.py:3089} INFO - Sync 1 DAGs
[2026-04-19T02:38:56.869+0000] {logging_mixin.py:188} INFO - [2026-04-19T02:38:56.869+0000] {dag.py:3947} INFO - Setting next_dagrun for bctc_luong_2 to 2026-03-01 00:00:00+00:00, run_after=2026-04-01 00:00:00+00:00
[2026-04-19T02:38:56.889+0000] {processor.py:183} INFO - Processing /opt/airflow/dags/dl_bctc_luong_2.py took 0.128 seconds
[2026-04-19T02:39:27.274+0000] {processor.py:161} INFO - Started process (PID=2928) to work on /opt/airflow/dags/dl_bctc_luong_2.py
[2026-04-19T02:39:27.275+0000] {processor.py:830} INFO - Processing file /opt/airflow/dags/dl_bctc_luong_2.py for tasks to queue
[2026-04-19T02:39:27.277+0000] {logging_mixin.py:188} INFO - [2026-04-19T02:39:27.277+0000] {dagbag.py:545} INFO - Filling up the DagBag from /opt/airflow/dags/dl_bctc_luong_2.py
[2026-04-19T02:39:27.315+0000] {processor.py:840} INFO - DAG(s) 'bctc_luong_2' retrieved from /opt/airflow/dags/dl_bctc_luong_2.py
[2026-04-19T02:39:27.343+0000] {logging_mixin.py:188} INFO - [2026-04-19T02:39:27.343+0000] {dag.py:3089} INFO - Sync 1 DAGs
[2026-04-19T02:39:27.363+0000] {logging_mixin.py:188} INFO - [2026-04-19T02:39:27.362+0000] {dag.py:3947} INFO - Setting next_dagrun for bctc_luong_2 to 2026-03-01 00:00:00+00:00, run_after=2026-04-01 00:00:00+00:00
[2026-04-19T02:39:27.380+0000] {processor.py:183} INFO - Processing /opt/airflow/dags/dl_bctc_luong_2.py took 0.112 seconds
[2026-04-19T02:39:57.648+0000] {processor.py:161} INFO - Started process (PID=2953) to work on /opt/airflow/dags/dl_bctc_luong_2.py
[2026-04-19T02:39:57.649+0000] {processor.py:830} INFO - Processing file /opt/airflow/dags/dl_bctc_luong_2.py for tasks to queue
[2026-04-19T02:39:57.651+0000] {logging_mixin.py:188} INFO - [2026-04-19T02:39:57.651+0000] {dagbag.py:545} INFO - Filling up the DagBag from /opt/airflow/dags/dl_bctc_luong_2.py
[2026-04-19T02:39:57.690+0000] {processor.py:840} INFO - DAG(s) 'bctc_luong_2' retrieved from /opt/airflow/dags/dl_bctc_luong_2.py
[2026-04-19T02:39:57.719+0000] {logging_mixin.py:188} INFO - [2026-04-19T02:39:57.718+0000] {dag.py:3089} INFO - Sync 1 DAGs
[2026-04-19T02:39:57.737+0000] {logging_mixin.py:188} INFO - [2026-04-19T02:39:57.737+0000] {dag.py:3947} INFO - Setting next_dagrun for bctc_luong_2 to 2026-03-01 00:00:00+00:00, run_after=2026-04-01 00:00:00+00:00
[2026-04-19T02:39:57.754+0000] {processor.py:183} INFO - Processing /opt/airflow/dags/dl_bctc_luong_2.py took 0.112 seconds
[2026-04-19T02:40:28.031+0000] {processor.py:161} INFO - Started process (PID=2978) to work on /opt/airflow/dags/dl_bctc_luong_2.py
[2026-04-19T02:40:28.032+0000] {processor.py:830} INFO - Processing file /opt/airflow/dags/dl_bctc_luong_2.py for tasks to queue
[2026-04-19T02:40:28.035+0000] {logging_mixin.py:188} INFO - [2026-04-19T02:40:28.034+0000] {dagbag.py:545} INFO - Filling up the DagBag from /opt/airflow/dags/dl_bctc_luong_2.py
[2026-04-19T02:40:28.085+0000] {processor.py:840} INFO - DAG(s) 'bctc_luong_2' retrieved from /opt/airflow/dags/dl_bctc_luong_2.py
[2026-04-19T02:40:28.115+0000] {logging_mixin.py:188} INFO - [2026-04-19T02:40:28.115+0000] {dag.py:3089} INFO - Sync 1 DAGs
[2026-04-19T02:40:28.136+0000] {logging_mixin.py:188} INFO - [2026-04-19T02:40:28.136+0000] {dag.py:3947} INFO - Setting next_dagrun for bctc_luong_2 to 2026-03-01 00:00:00+00:00, run_after=2026-04-01 00:00:00+00:00
[2026-04-19T02:40:28.155+0000] {processor.py:183} INFO - Processing /opt/airflow/dags/dl_bctc_luong_2.py took 0.131 seconds
[2026-04-19T02:40:58.482+0000] {processor.py:161} INFO - Started process (PID=3003) to work on /opt/airflow/dags/dl_bctc_luong_2.py
[2026-04-19T02:40:58.482+0000] {processor.py:830} INFO - Processing file /opt/airflow/dags/dl_bctc_luong_2.py for tasks to queue
[2026-04-19T02:40:58.484+0000] {logging_mixin.py:188} INFO - [2026-04-19T02:40:58.484+0000] {dagbag.py:545} INFO - Filling up the DagBag from /opt/airflow/dags/dl_bctc_luong_2.py
[2026-04-19T02:40:58.522+0000] {processor.py:840} INFO - DAG(s) 'bctc_luong_2' retrieved from /opt/airflow/dags/dl_bctc_luong_2.py
[2026-04-19T02:40:58.550+0000] {logging_mixin.py:188} INFO - [2026-04-19T02:40:58.550+0000] {dag.py:3089} INFO - Sync 1 DAGs
[2026-04-19T02:40:58.569+0000] {logging_mixin.py:188} INFO - [2026-04-19T02:40:58.568+0000] {dag.py:3947} INFO - Setting next_dagrun for bctc_luong_2 to 2026-03-01 00:00:00+00:00, run_after=2026-04-01 00:00:00+00:00
[2026-04-19T02:40:58.584+0000] {processor.py:183} INFO - Processing /opt/airflow/dags/dl_bctc_luong_2.py took 0.108 seconds
[2026-04-19T02:41:28.902+0000] {processor.py:161} INFO - Started process (PID=3028) to work on /opt/airflow/dags/dl_bctc_luong_2.py
[2026-04-19T02:41:28.903+0000] {processor.py:830} INFO - Processing file /opt/airflow/dags/dl_bctc_luong_2.py for tasks to queue
[2026-04-19T02:41:28.905+0000] {logging_mixin.py:188} INFO - [2026-04-19T02:41:28.905+0000] {dagbag.py:545} INFO - Filling up the DagBag from /opt/airflow/dags/dl_bctc_luong_2.py
[2026-04-19T02:41:28.943+0000] {processor.py:840} INFO - DAG(s) 'bctc_luong_2' retrieved from /opt/airflow/dags/dl_bctc_luong_2.py
[2026-04-19T02:41:28.971+0000] {logging_mixin.py:188} INFO - [2026-04-19T02:41:28.971+0000] {dag.py:3089} INFO - Sync 1 DAGs
[2026-04-19T02:41:28.990+0000] {logging_mixin.py:188} INFO - [2026-04-19T02:41:28.990+0000] {dag.py:3947} INFO - Setting next_dagrun for bctc_luong_2 to 2026-03-01 00:00:00+00:00, run_after=2026-04-01 00:00:00+00:00
[2026-04-19T02:41:29.007+0000] {processor.py:183} INFO - Processing /opt/airflow/dags/dl_bctc_luong_2.py took 0.110 seconds
[2026-04-19T02:41:59.771+0000] {processor.py:161} INFO - Started process (PID=3053) to work on /opt/airflow/dags/dl_bctc_luong_2.py
[2026-04-19T02:41:59.773+0000] {processor.py:830} INFO - Processing file /opt/airflow/dags/dl_bctc_luong_2.py for tasks to queue
[2026-04-19T02:41:59.778+0000] {logging_mixin.py:188} INFO - [2026-04-19T02:41:59.777+0000] {dagbag.py:545} INFO - Filling up the DagBag from /opt/airflow/dags/dl_bctc_luong_2.py
[2026-04-19T02:41:59.842+0000] {processor.py:840} INFO - DAG(s) 'bctc_luong_2' retrieved from /opt/airflow/dags/dl_bctc_luong_2.py
[2026-04-19T02:42:00.169+0000] {logging_mixin.py:188} INFO - [2026-04-19T02:42:00.168+0000] {dag.py:3089} INFO - Sync 1 DAGs
[2026-04-19T02:42:00.201+0000] {logging_mixin.py:188} INFO - [2026-04-19T02:42:00.201+0000] {dag.py:3947} INFO - Setting next_dagrun for bctc_luong_2 to 2026-03-01 00:00:00+00:00, run_after=2026-04-01 00:00:00+00:00
[2026-04-19T02:42:00.228+0000] {processor.py:183} INFO - Processing /opt/airflow/dags/dl_bctc_luong_2.py took 0.466 seconds
[2026-04-19T02:42:31.059+0000] {processor.py:161} INFO - Started process (PID=3079) to work on /opt/airflow/dags/dl_bctc_luong_2.py
[2026-04-19T02:42:31.061+0000] {processor.py:830} INFO - Processing file /opt/airflow/dags/dl_bctc_luong_2.py for tasks to queue
[2026-04-19T02:42:31.066+0000] {logging_mixin.py:188} INFO - [2026-04-19T02:42:31.066+0000] {dagbag.py:545} INFO - Filling up the DagBag from /opt/airflow/dags/dl_bctc_luong_2.py
[2026-04-19T02:42:31.142+0000] {processor.py:840} INFO - DAG(s) 'bctc_luong_2' retrieved from /opt/airflow/dags/dl_bctc_luong_2.py
[2026-04-19T02:42:31.184+0000] {logging_mixin.py:188} INFO - [2026-04-19T02:42:31.184+0000] {dag.py:3089} INFO - Sync 1 DAGs
[2026-04-19T02:42:31.217+0000] {logging_mixin.py:188} INFO - [2026-04-19T02:42:31.217+0000] {dag.py:3947} INFO - Setting next_dagrun for bctc_luong_2 to 2026-03-01 00:00:00+00:00, run_after=2026-04-01 00:00:00+00:00
[2026-04-19T02:42:31.244+0000] {processor.py:183} INFO - Processing /opt/airflow/dags/dl_bctc_luong_2.py took 0.201 seconds
[2026-04-19T02:43:01.829+0000] {processor.py:161} INFO - Started process (PID=3104) to work on /opt/airflow/dags/dl_bctc_luong_2.py
[2026-04-19T02:43:01.830+0000] {processor.py:830} INFO - Processing file /opt/airflow/dags/dl_bctc_luong_2.py for tasks to queue
[2026-04-19T02:43:01.833+0000] {logging_mixin.py:188} INFO - [2026-04-19T02:43:01.833+0000] {dagbag.py:545} INFO - Filling up the DagBag from /opt/airflow/dags/dl_bctc_luong_2.py
[2026-04-19T02:43:01.885+0000] {processor.py:840} INFO - DAG(s) 'bctc_luong_2' retrieved from /opt/airflow/dags/dl_bctc_luong_2.py
[2026-04-19T02:43:01.927+0000] {logging_mixin.py:188} INFO - [2026-04-19T02:43:01.927+0000] {dag.py:3089} INFO - Sync 1 DAGs
[2026-04-19T02:43:01.954+0000] {logging_mixin.py:188} INFO - [2026-04-19T02:43:01.953+0000] {dag.py:3947} INFO - Setting next_dagrun for bctc_luong_2 to 2026-03-01 00:00:00+00:00, run_after=2026-04-01 00:00:00+00:00
[2026-04-19T02:43:01.977+0000] {processor.py:183} INFO - Processing /opt/airflow/dags/dl_bctc_luong_2.py took 0.155 seconds
[2026-04-19T02:43:32.763+0000] {processor.py:161} INFO - Started process (PID=3129) to work on /opt/airflow/dags/dl_bctc_luong_2.py
[2026-04-19T02:43:32.765+0000] {processor.py:830} INFO - Processing file /opt/airflow/dags/dl_bctc_luong_2.py for tasks to queue
[2026-04-19T02:43:32.768+0000] {logging_mixin.py:188} INFO - [2026-04-19T02:43:32.767+0000] {dagbag.py:545} INFO - Filling up the DagBag from /opt/airflow/dags/dl_bctc_luong_2.py
[2026-04-19T02:43:32.825+0000] {processor.py:840} INFO - DAG(s) 'bctc_luong_2' retrieved from /opt/airflow/dags/dl_bctc_luong_2.py
[2026-04-19T02:43:32.869+0000] {logging_mixin.py:188} INFO - [2026-04-19T02:43:32.868+0000] {dag.py:3089} INFO - Sync 1 DAGs
[2026-04-19T02:43:32.915+0000] {logging_mixin.py:188} INFO - [2026-04-19T02:43:32.915+0000] {dag.py:3947} INFO - Setting next_dagrun for bctc_luong_2 to 2026-03-01 00:00:00+00:00, run_after=2026-04-01 00:00:00+00:00
[2026-04-19T02:43:32.955+0000] {processor.py:183} INFO - Processing /opt/airflow/dags/dl_bctc_luong_2.py took 0.199 seconds
[2026-04-19T02:44:03.360+0000] {processor.py:161} INFO - Started process (PID=3154) to work on /opt/airflow/dags/dl_bctc_luong_2.py
[2026-04-19T02:44:03.361+0000] {processor.py:830} INFO - Processing file /opt/airflow/dags/dl_bctc_luong_2.py for tasks to queue
[2026-04-19T02:44:03.363+0000] {logging_mixin.py:188} INFO - [2026-04-19T02:44:03.363+0000] {dagbag.py:545} INFO - Filling up the DagBag from /opt/airflow/dags/dl_bctc_luong_2.py
[2026-04-19T02:44:03.407+0000] {processor.py:840} INFO - DAG(s) 'bctc_luong_2' retrieved from /opt/airflow/dags/dl_bctc_luong_2.py
[2026-04-19T02:44:03.438+0000] {logging_mixin.py:188} INFO - [2026-04-19T02:44:03.438+0000] {dag.py:3089} INFO - Sync 1 DAGs
[2026-04-19T02:44:03.459+0000] {logging_mixin.py:188} INFO - [2026-04-19T02:44:03.459+0000] {dag.py:3947} INFO - Setting next_dagrun for bctc_luong_2 to 2026-03-01 00:00:00+00:00, run_after=2026-04-01 00:00:00+00:00
[2026-04-19T02:44:03.479+0000] {processor.py:183} INFO - Processing /opt/airflow/dags/dl_bctc_luong_2.py took 0.125 seconds
[2026-04-19T02:44:33.801+0000] {processor.py:161} INFO - Started process (PID=3179) to work on /opt/airflow/dags/dl_bctc_luong_2.py
[2026-04-19T02:44:33.802+0000] {processor.py:830} INFO - Processing file /opt/airflow/dags/dl_bctc_luong_2.py for tasks to queue
[2026-04-19T02:44:33.804+0000] {logging_mixin.py:188} INFO - [2026-04-19T02:44:33.804+0000] {dagbag.py:545} INFO - Filling up the DagBag from /opt/airflow/dags/dl_bctc_luong_2.py
[2026-04-19T02:44:33.846+0000] {processor.py:840} INFO - DAG(s) 'bctc_luong_2' retrieved from /opt/airflow/dags/dl_bctc_luong_2.py
[2026-04-19T02:44:33.875+0000] {logging_mixin.py:188} INFO - [2026-04-19T02:44:33.875+0000] {dag.py:3089} INFO - Sync 1 DAGs
[2026-04-19T02:44:33.893+0000] {logging_mixin.py:188} INFO - [2026-04-19T02:44:33.893+0000] {dag.py:3947} INFO - Setting next_dagrun for bctc_luong_2 to 2026-03-01 00:00:00+00:00, run_after=2026-04-01 00:00:00+00:00
[2026-04-19T02:44:33.909+0000] {processor.py:183} INFO - Processing /opt/airflow/dags/dl_bctc_luong_2.py took 0.113 seconds
[2026-04-19T02:45:04.435+0000] {processor.py:161} INFO - Started process (PID=3204) to work on /opt/airflow/dags/dl_bctc_luong_2.py
[2026-04-19T02:45:04.436+0000] {processor.py:830} INFO - Processing file /opt/airflow/dags/dl_bctc_luong_2.py for tasks to queue
[2026-04-19T02:45:04.438+0000] {logging_mixin.py:188} INFO - [2026-04-19T02:45:04.438+0000] {dagbag.py:545} INFO - Filling up the DagBag from /opt/airflow/dags/dl_bctc_luong_2.py
[2026-04-19T02:45:04.477+0000] {processor.py:840} INFO - DAG(s) 'bctc_luong_2' retrieved from /opt/airflow/dags/dl_bctc_luong_2.py
[2026-04-19T02:45:04.505+0000] {logging_mixin.py:188} INFO - [2026-04-19T02:45:04.505+0000] {dag.py:3089} INFO - Sync 1 DAGs
[2026-04-19T02:45:04.524+0000] {logging_mixin.py:188} INFO - [2026-04-19T02:45:04.524+0000] {dag.py:3947} INFO - Setting next_dagrun for bctc_luong_2 to 2026-03-01 00:00:00+00:00, run_after=2026-04-01 00:00:00+00:00
[2026-04-19T02:45:04.543+0000] {processor.py:183} INFO - Processing /opt/airflow/dags/dl_bctc_luong_2.py took 0.113 seconds
[2026-04-19T02:45:34.852+0000] {processor.py:161} INFO - Started process (PID=3229) to work on /opt/airflow/dags/dl_bctc_luong_2.py
[2026-04-19T02:45:34.855+0000] {processor.py:830} INFO - Processing file /opt/airflow/dags/dl_bctc_luong_2.py for tasks to queue
[2026-04-19T02:45:34.859+0000] {logging_mixin.py:188} INFO - [2026-04-19T02:45:34.859+0000] {dagbag.py:545} INFO - Filling up the DagBag from /opt/airflow/dags/dl_bctc_luong_2.py
[2026-04-19T02:45:34.932+0000] {processor.py:840} INFO - DAG(s) 'bctc_luong_2' retrieved from /opt/airflow/dags/dl_bctc_luong_2.py
[2026-04-19T02:45:34.974+0000] {logging_mixin.py:188} INFO - [2026-04-19T02:45:34.974+0000] {dag.py:3089} INFO - Sync 1 DAGs
[2026-04-19T02:45:35.008+0000] {logging_mixin.py:188} INFO - [2026-04-19T02:45:35.007+0000] {dag.py:3947} INFO - Setting next_dagrun for bctc_luong_2 to 2026-03-01 00:00:00+00:00, run_after=2026-04-01 00:00:00+00:00
[2026-04-19T02:45:35.044+0000] {processor.py:183} INFO - Processing /opt/airflow/dags/dl_bctc_luong_2.py took 0.201 seconds
[2026-04-19T02:46:05.351+0000] {processor.py:161} INFO - Started process (PID=3254) to work on /opt/airflow/dags/dl_bctc_luong_2.py
[2026-04-19T02:46:05.352+0000] {processor.py:830} INFO - Processing file /opt/airflow/dags/dl_bctc_luong_2.py for tasks to queue
[2026-04-19T02:46:05.354+0000] {logging_mixin.py:188} INFO - [2026-04-19T02:46:05.354+0000] {dagbag.py:545} INFO - Filling up the DagBag from /opt/airflow/dags/dl_bctc_luong_2.py
[2026-04-19T02:46:05.393+0000] {processor.py:840} INFO - DAG(s) 'bctc_luong_2' retrieved from /opt/airflow/dags/dl_bctc_luong_2.py
[2026-04-19T02:46:05.423+0000] {logging_mixin.py:188} INFO - [2026-04-19T02:46:05.423+0000] {dag.py:3089} INFO - Sync 1 DAGs
[2026-04-19T02:46:05.443+0000] {logging_mixin.py:188} INFO - [2026-04-19T02:46:05.443+0000] {dag.py:3947} INFO - Setting next_dagrun for bctc_luong_2 to 2026-03-01 00:00:00+00:00, run_after=2026-04-01 00:00:00+00:00
[2026-04-19T02:46:05.461+0000] {processor.py:183} INFO - Processing /opt/airflow/dags/dl_bctc_luong_2.py took 0.115 seconds
[2026-04-19T02:46:35.971+0000] {processor.py:161} INFO - Started process (PID=3279) to work on /opt/airflow/dags/dl_bctc_luong_2.py
[2026-04-19T02:46:35.972+0000] {processor.py:830} INFO - Processing file /opt/airflow/dags/dl_bctc_luong_2.py for tasks to queue
[2026-04-19T02:46:35.975+0000] {logging_mixin.py:188} INFO - [2026-04-19T02:46:35.975+0000] {dagbag.py:545} INFO - Filling up the DagBag from /opt/airflow/dags/dl_bctc_luong_2.py
[2026-04-19T02:46:36.023+0000] {processor.py:840} INFO - DAG(s) 'bctc_luong_2' retrieved from /opt/airflow/dags/dl_bctc_luong_2.py
[2026-04-19T02:46:36.054+0000] {logging_mixin.py:188} INFO - [2026-04-19T02:46:36.054+0000] {dag.py:3089} INFO - Sync 1 DAGs
[2026-04-19T02:46:36.079+0000] {logging_mixin.py:188} INFO - [2026-04-19T02:46:36.078+0000] {dag.py:3947} INFO - Setting next_dagrun for bctc_luong_2 to 2026-03-01 00:00:00+00:00, run_after=2026-04-01 00:00:00+00:00
[2026-04-19T02:46:36.102+0000] {processor.py:183} INFO - Processing /opt/airflow/dags/dl_bctc_luong_2.py took 0.138 seconds
[2026-04-19T02:47:06.880+0000] {processor.py:161} INFO - Started process (PID=3304) to work on /opt/airflow/dags/dl_bctc_luong_2.py
[2026-04-19T02:47:06.882+0000] {processor.py:830} INFO - Processing file /opt/airflow/dags/dl_bctc_luong_2.py for tasks to queue
[2026-04-19T02:47:06.885+0000] {logging_mixin.py:188} INFO - [2026-04-19T02:47:06.884+0000] {dagbag.py:545} INFO - Filling up the DagBag from /opt/airflow/dags/dl_bctc_luong_2.py
[2026-04-19T02:47:06.946+0000] {processor.py:840} INFO - DAG(s) 'bctc_luong_2' retrieved from /opt/airflow/dags/dl_bctc_luong_2.py
[2026-04-19T02:47:06.986+0000] {logging_mixin.py:188} INFO - [2026-04-19T02:47:06.986+0000] {dag.py:3089} INFO - Sync 1 DAGs
[2026-04-19T02:47:07.018+0000] {logging_mixin.py:188} INFO - [2026-04-19T02:47:07.018+0000] {dag.py:3947} INFO - Setting next_dagrun for bctc_luong_2 to 2026-03-01 00:00:00+00:00, run_after=2026-04-01 00:00:00+00:00
[2026-04-19T02:47:07.044+0000] {processor.py:183} INFO - Processing /opt/airflow/dags/dl_bctc_luong_2.py took 0.170 seconds
[2026-04-19T02:47:37.532+0000] {processor.py:161} INFO - Started process (PID=3329) to work on /opt/airflow/dags/dl_bctc_luong_2.py
[2026-04-19T02:47:37.544+0000] {processor.py:830} INFO - Processing file /opt/airflow/dags/dl_bctc_luong_2.py for tasks to queue
[2026-04-19T02:47:37.550+0000] {logging_mixin.py:188} INFO - [2026-04-19T02:47:37.550+0000] {dagbag.py:545} INFO - Filling up the DagBag from /opt/airflow/dags/dl_bctc_luong_2.py
[2026-04-19T02:47:37.662+0000] {processor.py:840} INFO - DAG(s) 'bctc_luong_2' retrieved from /opt/airflow/dags/dl_bctc_luong_2.py
[2026-04-19T02:47:37.711+0000] {logging_mixin.py:188} INFO - [2026-04-19T02:47:37.710+0000] {dag.py:3089} INFO - Sync 1 DAGs
[2026-04-19T02:47:37.746+0000] {logging_mixin.py:188} INFO - [2026-04-19T02:47:37.746+0000] {dag.py:3947} INFO - Setting next_dagrun for bctc_luong_2 to 2026-03-01 00:00:00+00:00, run_after=2026-04-01 00:00:00+00:00
[2026-04-19T02:47:37.775+0000] {processor.py:183} INFO - Processing /opt/airflow/dags/dl_bctc_luong_2.py took 0.263 seconds
