[2026-02-19T01:34:40.380+0000] {processor.py:161} INFO - Started process (PID=85) to work on /opt/airflow/dags/dl_overview.py
[2026-02-19T01:34:40.382+0000] {processor.py:830} INFO - Processing file /opt/airflow/dags/dl_overview.py for tasks to queue
[2026-02-19T01:34:40.385+0000] {logging_mixin.py:188} INFO - [2026-02-19T01:34:40.384+0000] {dagbag.py:545} INFO - Filling up the DagBag from /opt/airflow/dags/dl_overview.py
[2026-02-19T01:34:40.443+0000] {processor.py:840} INFO - DAG(s) 'company_overview_to_minio' retrieved from /opt/airflow/dags/dl_overview.py
[2026-02-19T01:34:40.699+0000] {logging_mixin.py:188} INFO - [2026-02-19T01:34:40.699+0000] {dag.py:3089} INFO - Sync 1 DAGs
[2026-02-19T01:34:40.748+0000] {logging_mixin.py:188} INFO - [2026-02-19T01:34:40.747+0000] {dag.py:3947} INFO - Setting next_dagrun for company_overview_to_minio to 2026-02-15 00:00:00+00:00, run_after=2026-02-22 00:00:00+00:00
[2026-02-19T01:34:40.797+0000] {processor.py:183} INFO - Processing /opt/airflow/dags/dl_overview.py took 0.426 seconds
[2026-02-19T01:35:11.112+0000] {processor.py:161} INFO - Started process (PID=107) to work on /opt/airflow/dags/dl_overview.py
[2026-02-19T01:35:11.113+0000] {processor.py:830} INFO - Processing file /opt/airflow/dags/dl_overview.py for tasks to queue
[2026-02-19T01:35:11.114+0000] {logging_mixin.py:188} INFO - [2026-02-19T01:35:11.113+0000] {dagbag.py:545} INFO - Filling up the DagBag from /opt/airflow/dags/dl_overview.py
[2026-02-19T01:35:11.141+0000] {processor.py:840} INFO - DAG(s) 'company_overview_to_minio' retrieved from /opt/airflow/dags/dl_overview.py
[2026-02-19T01:35:11.161+0000] {logging_mixin.py:188} INFO - [2026-02-19T01:35:11.160+0000] {dag.py:3089} INFO - Sync 1 DAGs
[2026-02-19T01:35:11.180+0000] {logging_mixin.py:188} INFO - [2026-02-19T01:35:11.180+0000] {dag.py:3947} INFO - Setting next_dagrun for company_overview_to_minio to 2026-02-15 00:00:00+00:00, run_after=2026-02-22 00:00:00+00:00
[2026-02-19T01:35:11.195+0000] {processor.py:183} INFO - Processing /opt/airflow/dags/dl_overview.py took 0.088 seconds
[2026-02-19T01:35:41.507+0000] {processor.py:161} INFO - Started process (PID=129) to work on /opt/airflow/dags/dl_overview.py
[2026-02-19T01:35:41.507+0000] {processor.py:830} INFO - Processing file /opt/airflow/dags/dl_overview.py for tasks to queue
[2026-02-19T01:35:41.508+0000] {logging_mixin.py:188} INFO - [2026-02-19T01:35:41.508+0000] {dagbag.py:545} INFO - Filling up the DagBag from /opt/airflow/dags/dl_overview.py
[2026-02-19T01:35:41.536+0000] {processor.py:840} INFO - DAG(s) 'company_overview_to_minio' retrieved from /opt/airflow/dags/dl_overview.py
[2026-02-19T01:35:41.556+0000] {logging_mixin.py:188} INFO - [2026-02-19T01:35:41.556+0000] {dag.py:3089} INFO - Sync 1 DAGs
[2026-02-19T01:35:41.575+0000] {logging_mixin.py:188} INFO - [2026-02-19T01:35:41.575+0000] {dag.py:3947} INFO - Setting next_dagrun for company_overview_to_minio to 2026-02-15 00:00:00+00:00, run_after=2026-02-22 00:00:00+00:00
[2026-02-19T01:35:41.592+0000] {processor.py:183} INFO - Processing /opt/airflow/dags/dl_overview.py took 0.091 seconds
[2026-02-19T01:36:11.975+0000] {processor.py:161} INFO - Started process (PID=151) to work on /opt/airflow/dags/dl_overview.py
[2026-02-19T01:36:11.976+0000] {processor.py:830} INFO - Processing file /opt/airflow/dags/dl_overview.py for tasks to queue
[2026-02-19T01:36:11.977+0000] {logging_mixin.py:188} INFO - [2026-02-19T01:36:11.976+0000] {dagbag.py:545} INFO - Filling up the DagBag from /opt/airflow/dags/dl_overview.py
[2026-02-19T01:36:12.006+0000] {processor.py:840} INFO - DAG(s) 'company_overview_to_minio' retrieved from /opt/airflow/dags/dl_overview.py
[2026-02-19T01:36:12.027+0000] {logging_mixin.py:188} INFO - [2026-02-19T01:36:12.026+0000] {dag.py:3089} INFO - Sync 1 DAGs
[2026-02-19T01:36:12.047+0000] {logging_mixin.py:188} INFO - [2026-02-19T01:36:12.047+0000] {dag.py:3947} INFO - Setting next_dagrun for company_overview_to_minio to 2026-02-15 00:00:00+00:00, run_after=2026-02-22 00:00:00+00:00
[2026-02-19T01:36:12.064+0000] {processor.py:183} INFO - Processing /opt/airflow/dags/dl_overview.py took 0.094 seconds
[2026-02-19T01:36:42.537+0000] {processor.py:161} INFO - Started process (PID=173) to work on /opt/airflow/dags/dl_overview.py
[2026-02-19T01:36:42.538+0000] {processor.py:830} INFO - Processing file /opt/airflow/dags/dl_overview.py for tasks to queue
[2026-02-19T01:36:42.539+0000] {logging_mixin.py:188} INFO - [2026-02-19T01:36:42.538+0000] {dagbag.py:545} INFO - Filling up the DagBag from /opt/airflow/dags/dl_overview.py
[2026-02-19T01:36:42.568+0000] {processor.py:840} INFO - DAG(s) 'company_overview_to_minio' retrieved from /opt/airflow/dags/dl_overview.py
[2026-02-19T01:36:42.592+0000] {logging_mixin.py:188} INFO - [2026-02-19T01:36:42.592+0000] {dag.py:3089} INFO - Sync 1 DAGs
[2026-02-19T01:36:42.612+0000] {logging_mixin.py:188} INFO - [2026-02-19T01:36:42.612+0000] {dag.py:3947} INFO - Setting next_dagrun for company_overview_to_minio to 2026-02-15 00:00:00+00:00, run_after=2026-02-22 00:00:00+00:00
[2026-02-19T01:36:42.631+0000] {processor.py:183} INFO - Processing /opt/airflow/dags/dl_overview.py took 0.099 seconds
[2026-02-19T01:37:13.408+0000] {processor.py:161} INFO - Started process (PID=195) to work on /opt/airflow/dags/dl_overview.py
[2026-02-19T01:37:13.409+0000] {processor.py:830} INFO - Processing file /opt/airflow/dags/dl_overview.py for tasks to queue
[2026-02-19T01:37:13.410+0000] {logging_mixin.py:188} INFO - [2026-02-19T01:37:13.410+0000] {dagbag.py:545} INFO - Filling up the DagBag from /opt/airflow/dags/dl_overview.py
[2026-02-19T01:37:13.441+0000] {processor.py:840} INFO - DAG(s) 'company_overview_to_minio' retrieved from /opt/airflow/dags/dl_overview.py
[2026-02-19T01:37:13.466+0000] {logging_mixin.py:188} INFO - [2026-02-19T01:37:13.466+0000] {dag.py:3089} INFO - Sync 1 DAGs
[2026-02-19T01:37:13.494+0000] {logging_mixin.py:188} INFO - [2026-02-19T01:37:13.494+0000] {dag.py:3947} INFO - Setting next_dagrun for company_overview_to_minio to 2026-02-15 00:00:00+00:00, run_after=2026-02-22 00:00:00+00:00
[2026-02-19T01:37:13.521+0000] {processor.py:183} INFO - Processing /opt/airflow/dags/dl_overview.py took 0.117 seconds
[2026-02-19T01:37:43.948+0000] {processor.py:161} INFO - Started process (PID=217) to work on /opt/airflow/dags/dl_overview.py
[2026-02-19T01:37:43.949+0000] {processor.py:830} INFO - Processing file /opt/airflow/dags/dl_overview.py for tasks to queue
[2026-02-19T01:37:43.950+0000] {logging_mixin.py:188} INFO - [2026-02-19T01:37:43.950+0000] {dagbag.py:545} INFO - Filling up the DagBag from /opt/airflow/dags/dl_overview.py
[2026-02-19T01:37:43.979+0000] {processor.py:840} INFO - DAG(s) 'company_overview_to_minio' retrieved from /opt/airflow/dags/dl_overview.py
[2026-02-19T01:37:44.003+0000] {logging_mixin.py:188} INFO - [2026-02-19T01:37:44.003+0000] {dag.py:3089} INFO - Sync 1 DAGs
[2026-02-19T01:37:44.025+0000] {logging_mixin.py:188} INFO - [2026-02-19T01:37:44.025+0000] {dag.py:3947} INFO - Setting next_dagrun for company_overview_to_minio to 2026-02-15 00:00:00+00:00, run_after=2026-02-22 00:00:00+00:00
[2026-02-19T01:37:44.043+0000] {processor.py:183} INFO - Processing /opt/airflow/dags/dl_overview.py took 0.100 seconds
[2026-02-19T01:38:14.868+0000] {processor.py:161} INFO - Started process (PID=239) to work on /opt/airflow/dags/dl_overview.py
[2026-02-19T01:38:14.869+0000] {processor.py:830} INFO - Processing file /opt/airflow/dags/dl_overview.py for tasks to queue
[2026-02-19T01:38:14.869+0000] {logging_mixin.py:188} INFO - [2026-02-19T01:38:14.869+0000] {dagbag.py:545} INFO - Filling up the DagBag from /opt/airflow/dags/dl_overview.py
[2026-02-19T01:38:14.898+0000] {processor.py:840} INFO - DAG(s) 'company_overview_to_minio' retrieved from /opt/airflow/dags/dl_overview.py
[2026-02-19T01:38:14.918+0000] {logging_mixin.py:188} INFO - [2026-02-19T01:38:14.918+0000] {dag.py:3089} INFO - Sync 1 DAGs
[2026-02-19T01:38:14.938+0000] {logging_mixin.py:188} INFO - [2026-02-19T01:38:14.938+0000] {dag.py:3947} INFO - Setting next_dagrun for company_overview_to_minio to 2026-02-15 00:00:00+00:00, run_after=2026-02-22 00:00:00+00:00
[2026-02-19T01:38:14.955+0000] {processor.py:183} INFO - Processing /opt/airflow/dags/dl_overview.py took 0.092 seconds
[2026-02-19T01:38:46.266+0000] {processor.py:161} INFO - Started process (PID=261) to work on /opt/airflow/dags/dl_overview.py
[2026-02-19T01:38:46.266+0000] {processor.py:830} INFO - Processing file /opt/airflow/dags/dl_overview.py for tasks to queue
[2026-02-19T01:38:46.267+0000] {logging_mixin.py:188} INFO - [2026-02-19T01:38:46.267+0000] {dagbag.py:545} INFO - Filling up the DagBag from /opt/airflow/dags/dl_overview.py
[2026-02-19T01:38:46.295+0000] {processor.py:840} INFO - DAG(s) 'company_overview_to_minio' retrieved from /opt/airflow/dags/dl_overview.py
[2026-02-19T01:38:46.315+0000] {logging_mixin.py:188} INFO - [2026-02-19T01:38:46.315+0000] {dag.py:3089} INFO - Sync 1 DAGs
[2026-02-19T01:38:46.336+0000] {logging_mixin.py:188} INFO - [2026-02-19T01:38:46.335+0000] {dag.py:3947} INFO - Setting next_dagrun for company_overview_to_minio to 2026-02-15 00:00:00+00:00, run_after=2026-02-22 00:00:00+00:00
[2026-02-19T01:38:46.353+0000] {processor.py:183} INFO - Processing /opt/airflow/dags/dl_overview.py took 0.092 seconds
[2026-02-19T01:39:16.947+0000] {processor.py:161} INFO - Started process (PID=283) to work on /opt/airflow/dags/dl_overview.py
[2026-02-19T01:39:16.949+0000] {processor.py:830} INFO - Processing file /opt/airflow/dags/dl_overview.py for tasks to queue
[2026-02-19T01:39:16.951+0000] {logging_mixin.py:188} INFO - [2026-02-19T01:39:16.950+0000] {dagbag.py:545} INFO - Filling up the DagBag from /opt/airflow/dags/dl_overview.py
[2026-02-19T01:39:17.075+0000] {processor.py:840} INFO - DAG(s) 'company_overview_to_minio' retrieved from /opt/airflow/dags/dl_overview.py
[2026-02-19T01:39:17.127+0000] {logging_mixin.py:188} INFO - [2026-02-19T01:39:17.126+0000] {dag.py:3089} INFO - Sync 1 DAGs
[2026-02-19T01:39:17.172+0000] {logging_mixin.py:188} INFO - [2026-02-19T01:39:17.172+0000] {dag.py:3947} INFO - Setting next_dagrun for company_overview_to_minio to 2026-02-15 00:00:00+00:00, run_after=2026-02-22 00:00:00+00:00
[2026-02-19T01:39:17.210+0000] {processor.py:183} INFO - Processing /opt/airflow/dags/dl_overview.py took 0.280 seconds
[2026-02-19T01:39:47.631+0000] {processor.py:161} INFO - Started process (PID=306) to work on /opt/airflow/dags/dl_overview.py
[2026-02-19T01:39:47.632+0000] {processor.py:830} INFO - Processing file /opt/airflow/dags/dl_overview.py for tasks to queue
[2026-02-19T01:39:47.633+0000] {logging_mixin.py:188} INFO - [2026-02-19T01:39:47.633+0000] {dagbag.py:545} INFO - Filling up the DagBag from /opt/airflow/dags/dl_overview.py
[2026-02-19T01:39:47.697+0000] {processor.py:840} INFO - DAG(s) 'company_overview_to_minio' retrieved from /opt/airflow/dags/dl_overview.py
[2026-02-19T01:39:47.731+0000] {logging_mixin.py:188} INFO - [2026-02-19T01:39:47.731+0000] {dag.py:3089} INFO - Sync 1 DAGs
[2026-02-19T01:39:47.763+0000] {logging_mixin.py:188} INFO - [2026-02-19T01:39:47.762+0000] {dag.py:3947} INFO - Setting next_dagrun for company_overview_to_minio to 2026-02-15 00:00:00+00:00, run_after=2026-02-22 00:00:00+00:00
[2026-02-19T01:39:47.790+0000] {processor.py:183} INFO - Processing /opt/airflow/dags/dl_overview.py took 0.167 seconds
[2026-02-19T01:40:18.321+0000] {processor.py:161} INFO - Started process (PID=328) to work on /opt/airflow/dags/dl_overview.py
[2026-02-19T01:40:18.322+0000] {processor.py:830} INFO - Processing file /opt/airflow/dags/dl_overview.py for tasks to queue
[2026-02-19T01:40:18.323+0000] {logging_mixin.py:188} INFO - [2026-02-19T01:40:18.323+0000] {dagbag.py:545} INFO - Filling up the DagBag from /opt/airflow/dags/dl_overview.py
[2026-02-19T01:40:18.378+0000] {processor.py:840} INFO - DAG(s) 'company_overview_to_minio' retrieved from /opt/airflow/dags/dl_overview.py
[2026-02-19T01:40:18.407+0000] {logging_mixin.py:188} INFO - [2026-02-19T01:40:18.406+0000] {dag.py:3089} INFO - Sync 1 DAGs
[2026-02-19T01:40:18.433+0000] {logging_mixin.py:188} INFO - [2026-02-19T01:40:18.433+0000] {dag.py:3947} INFO - Setting next_dagrun for company_overview_to_minio to 2026-02-15 00:00:00+00:00, run_after=2026-02-22 00:00:00+00:00
[2026-02-19T01:40:18.457+0000] {processor.py:183} INFO - Processing /opt/airflow/dags/dl_overview.py took 0.143 seconds
[2026-02-19T01:40:48.666+0000] {processor.py:161} INFO - Started process (PID=350) to work on /opt/airflow/dags/dl_overview.py
[2026-02-19T01:40:48.667+0000] {processor.py:830} INFO - Processing file /opt/airflow/dags/dl_overview.py for tasks to queue
[2026-02-19T01:40:48.668+0000] {logging_mixin.py:188} INFO - [2026-02-19T01:40:48.667+0000] {dagbag.py:545} INFO - Filling up the DagBag from /opt/airflow/dags/dl_overview.py
[2026-02-19T01:40:48.704+0000] {processor.py:840} INFO - DAG(s) 'company_overview_to_minio' retrieved from /opt/airflow/dags/dl_overview.py
[2026-02-19T01:40:48.726+0000] {logging_mixin.py:188} INFO - [2026-02-19T01:40:48.726+0000] {dag.py:3089} INFO - Sync 1 DAGs
[2026-02-19T01:40:48.749+0000] {logging_mixin.py:188} INFO - [2026-02-19T01:40:48.749+0000] {dag.py:3947} INFO - Setting next_dagrun for company_overview_to_minio to 2026-02-15 00:00:00+00:00, run_after=2026-02-22 00:00:00+00:00
[2026-02-19T01:40:48.768+0000] {processor.py:183} INFO - Processing /opt/airflow/dags/dl_overview.py took 0.108 seconds
[2026-02-19T01:41:18.901+0000] {processor.py:161} INFO - Started process (PID=372) to work on /opt/airflow/dags/dl_overview.py
[2026-02-19T01:41:18.902+0000] {processor.py:830} INFO - Processing file /opt/airflow/dags/dl_overview.py for tasks to queue
[2026-02-19T01:41:18.903+0000] {logging_mixin.py:188} INFO - [2026-02-19T01:41:18.902+0000] {dagbag.py:545} INFO - Filling up the DagBag from /opt/airflow/dags/dl_overview.py
[2026-02-19T01:41:18.935+0000] {processor.py:840} INFO - DAG(s) 'company_overview_to_minio' retrieved from /opt/airflow/dags/dl_overview.py
[2026-02-19T01:41:18.959+0000] {logging_mixin.py:188} INFO - [2026-02-19T01:41:18.959+0000] {dag.py:3089} INFO - Sync 1 DAGs
[2026-02-19T01:41:18.985+0000] {logging_mixin.py:188} INFO - [2026-02-19T01:41:18.984+0000] {dag.py:3947} INFO - Setting next_dagrun for company_overview_to_minio to 2026-02-15 00:00:00+00:00, run_after=2026-02-22 00:00:00+00:00
[2026-02-19T01:41:19.007+0000] {processor.py:183} INFO - Processing /opt/airflow/dags/dl_overview.py took 0.111 seconds
[2026-02-19T01:41:49.324+0000] {processor.py:161} INFO - Started process (PID=394) to work on /opt/airflow/dags/dl_overview.py
[2026-02-19T01:41:49.325+0000] {processor.py:830} INFO - Processing file /opt/airflow/dags/dl_overview.py for tasks to queue
[2026-02-19T01:41:49.326+0000] {logging_mixin.py:188} INFO - [2026-02-19T01:41:49.326+0000] {dagbag.py:545} INFO - Filling up the DagBag from /opt/airflow/dags/dl_overview.py
[2026-02-19T01:41:49.355+0000] {processor.py:840} INFO - DAG(s) 'company_overview_to_minio' retrieved from /opt/airflow/dags/dl_overview.py
[2026-02-19T01:41:49.376+0000] {logging_mixin.py:188} INFO - [2026-02-19T01:41:49.376+0000] {dag.py:3089} INFO - Sync 1 DAGs
[2026-02-19T01:41:49.403+0000] {logging_mixin.py:188} INFO - [2026-02-19T01:41:49.403+0000] {dag.py:3947} INFO - Setting next_dagrun for company_overview_to_minio to 2026-02-15 00:00:00+00:00, run_after=2026-02-22 00:00:00+00:00
[2026-02-19T01:41:49.427+0000] {processor.py:183} INFO - Processing /opt/airflow/dags/dl_overview.py took 0.108 seconds
[2026-02-19T01:42:19.991+0000] {processor.py:161} INFO - Started process (PID=416) to work on /opt/airflow/dags/dl_overview.py
[2026-02-19T01:42:19.992+0000] {processor.py:830} INFO - Processing file /opt/airflow/dags/dl_overview.py for tasks to queue
[2026-02-19T01:42:19.992+0000] {logging_mixin.py:188} INFO - [2026-02-19T01:42:19.992+0000] {dagbag.py:545} INFO - Filling up the DagBag from /opt/airflow/dags/dl_overview.py
[2026-02-19T01:42:20.022+0000] {processor.py:840} INFO - DAG(s) 'company_overview_to_minio' retrieved from /opt/airflow/dags/dl_overview.py
[2026-02-19T01:42:20.044+0000] {logging_mixin.py:188} INFO - [2026-02-19T01:42:20.043+0000] {dag.py:3089} INFO - Sync 1 DAGs
[2026-02-19T01:42:20.064+0000] {logging_mixin.py:188} INFO - [2026-02-19T01:42:20.064+0000] {dag.py:3947} INFO - Setting next_dagrun for company_overview_to_minio to 2026-02-15 00:00:00+00:00, run_after=2026-02-22 00:00:00+00:00
[2026-02-19T01:42:20.086+0000] {processor.py:183} INFO - Processing /opt/airflow/dags/dl_overview.py took 0.100 seconds
[2026-02-19T01:42:50.788+0000] {processor.py:161} INFO - Started process (PID=438) to work on /opt/airflow/dags/dl_overview.py
[2026-02-19T01:42:50.789+0000] {processor.py:830} INFO - Processing file /opt/airflow/dags/dl_overview.py for tasks to queue
[2026-02-19T01:42:50.790+0000] {logging_mixin.py:188} INFO - [2026-02-19T01:42:50.790+0000] {dagbag.py:545} INFO - Filling up the DagBag from /opt/airflow/dags/dl_overview.py
[2026-02-19T01:42:50.821+0000] {processor.py:840} INFO - DAG(s) 'company_overview_to_minio' retrieved from /opt/airflow/dags/dl_overview.py
[2026-02-19T01:42:50.843+0000] {logging_mixin.py:188} INFO - [2026-02-19T01:42:50.843+0000] {dag.py:3089} INFO - Sync 1 DAGs
[2026-02-19T01:42:50.866+0000] {logging_mixin.py:188} INFO - [2026-02-19T01:42:50.866+0000] {dag.py:3947} INFO - Setting next_dagrun for company_overview_to_minio to 2026-02-15 00:00:00+00:00, run_after=2026-02-22 00:00:00+00:00
[2026-02-19T01:42:50.892+0000] {processor.py:183} INFO - Processing /opt/airflow/dags/dl_overview.py took 0.109 seconds
[2026-02-19T01:43:21.067+0000] {processor.py:161} INFO - Started process (PID=460) to work on /opt/airflow/dags/dl_overview.py
[2026-02-19T01:43:21.068+0000] {processor.py:830} INFO - Processing file /opt/airflow/dags/dl_overview.py for tasks to queue
[2026-02-19T01:43:21.069+0000] {logging_mixin.py:188} INFO - [2026-02-19T01:43:21.068+0000] {dagbag.py:545} INFO - Filling up the DagBag from /opt/airflow/dags/dl_overview.py
[2026-02-19T01:43:21.101+0000] {processor.py:840} INFO - DAG(s) 'company_overview_to_minio' retrieved from /opt/airflow/dags/dl_overview.py
[2026-02-19T01:43:21.128+0000] {logging_mixin.py:188} INFO - [2026-02-19T01:43:21.128+0000] {dag.py:3089} INFO - Sync 1 DAGs
[2026-02-19T01:43:21.149+0000] {logging_mixin.py:188} INFO - [2026-02-19T01:43:21.148+0000] {dag.py:3947} INFO - Setting next_dagrun for company_overview_to_minio to 2026-02-15 00:00:00+00:00, run_after=2026-02-22 00:00:00+00:00
[2026-02-19T01:43:21.166+0000] {processor.py:183} INFO - Processing /opt/airflow/dags/dl_overview.py took 0.105 seconds
[2026-02-19T01:43:52.036+0000] {processor.py:161} INFO - Started process (PID=482) to work on /opt/airflow/dags/dl_overview.py
[2026-02-19T01:43:52.037+0000] {processor.py:830} INFO - Processing file /opt/airflow/dags/dl_overview.py for tasks to queue
[2026-02-19T01:43:52.038+0000] {logging_mixin.py:188} INFO - [2026-02-19T01:43:52.037+0000] {dagbag.py:545} INFO - Filling up the DagBag from /opt/airflow/dags/dl_overview.py
[2026-02-19T01:43:52.065+0000] {processor.py:840} INFO - DAG(s) 'company_overview_to_minio' retrieved from /opt/airflow/dags/dl_overview.py
[2026-02-19T01:43:52.085+0000] {logging_mixin.py:188} INFO - [2026-02-19T01:43:52.085+0000] {dag.py:3089} INFO - Sync 1 DAGs
[2026-02-19T01:43:52.106+0000] {logging_mixin.py:188} INFO - [2026-02-19T01:43:52.106+0000] {dag.py:3947} INFO - Setting next_dagrun for company_overview_to_minio to 2026-02-15 00:00:00+00:00, run_after=2026-02-22 00:00:00+00:00
[2026-02-19T01:43:52.127+0000] {processor.py:183} INFO - Processing /opt/airflow/dags/dl_overview.py took 0.096 seconds
[2026-02-19T01:44:22.375+0000] {processor.py:161} INFO - Started process (PID=504) to work on /opt/airflow/dags/dl_overview.py
[2026-02-19T01:44:22.375+0000] {processor.py:830} INFO - Processing file /opt/airflow/dags/dl_overview.py for tasks to queue
[2026-02-19T01:44:22.376+0000] {logging_mixin.py:188} INFO - [2026-02-19T01:44:22.376+0000] {dagbag.py:545} INFO - Filling up the DagBag from /opt/airflow/dags/dl_overview.py
[2026-02-19T01:44:22.418+0000] {processor.py:840} INFO - DAG(s) 'company_overview_to_minio' retrieved from /opt/airflow/dags/dl_overview.py
[2026-02-19T01:44:22.454+0000] {logging_mixin.py:188} INFO - [2026-02-19T01:44:22.454+0000] {dag.py:3089} INFO - Sync 1 DAGs
[2026-02-19T01:44:22.487+0000] {logging_mixin.py:188} INFO - [2026-02-19T01:44:22.486+0000] {dag.py:3947} INFO - Setting next_dagrun for company_overview_to_minio to 2026-02-15 00:00:00+00:00, run_after=2026-02-22 00:00:00+00:00
[2026-02-19T01:44:22.508+0000] {processor.py:183} INFO - Processing /opt/airflow/dags/dl_overview.py took 0.139 seconds
[2026-02-19T01:44:52.763+0000] {processor.py:161} INFO - Started process (PID=526) to work on /opt/airflow/dags/dl_overview.py
[2026-02-19T01:44:52.763+0000] {processor.py:830} INFO - Processing file /opt/airflow/dags/dl_overview.py for tasks to queue
[2026-02-19T01:44:52.764+0000] {logging_mixin.py:188} INFO - [2026-02-19T01:44:52.764+0000] {dagbag.py:545} INFO - Filling up the DagBag from /opt/airflow/dags/dl_overview.py
[2026-02-19T01:44:52.796+0000] {processor.py:840} INFO - DAG(s) 'company_overview_to_minio' retrieved from /opt/airflow/dags/dl_overview.py
[2026-02-19T01:44:52.820+0000] {logging_mixin.py:188} INFO - [2026-02-19T01:44:52.820+0000] {dag.py:3089} INFO - Sync 1 DAGs
[2026-02-19T01:44:52.839+0000] {logging_mixin.py:188} INFO - [2026-02-19T01:44:52.839+0000] {dag.py:3947} INFO - Setting next_dagrun for company_overview_to_minio to 2026-02-15 00:00:00+00:00, run_after=2026-02-22 00:00:00+00:00
[2026-02-19T01:44:52.858+0000] {processor.py:183} INFO - Processing /opt/airflow/dags/dl_overview.py took 0.102 seconds
[2026-02-19T01:45:23.031+0000] {processor.py:161} INFO - Started process (PID=548) to work on /opt/airflow/dags/dl_overview.py
[2026-02-19T01:45:23.032+0000] {processor.py:830} INFO - Processing file /opt/airflow/dags/dl_overview.py for tasks to queue
[2026-02-19T01:45:23.033+0000] {logging_mixin.py:188} INFO - [2026-02-19T01:45:23.033+0000] {dagbag.py:545} INFO - Filling up the DagBag from /opt/airflow/dags/dl_overview.py
[2026-02-19T01:45:23.074+0000] {processor.py:840} INFO - DAG(s) 'company_overview_to_minio' retrieved from /opt/airflow/dags/dl_overview.py
[2026-02-19T01:45:23.101+0000] {logging_mixin.py:188} INFO - [2026-02-19T01:45:23.101+0000] {dag.py:3089} INFO - Sync 1 DAGs
[2026-02-19T01:45:23.128+0000] {logging_mixin.py:188} INFO - [2026-02-19T01:45:23.127+0000] {dag.py:3947} INFO - Setting next_dagrun for company_overview_to_minio to 2026-02-15 00:00:00+00:00, run_after=2026-02-22 00:00:00+00:00
[2026-02-19T01:45:23.148+0000] {processor.py:183} INFO - Processing /opt/airflow/dags/dl_overview.py took 0.124 seconds
[2026-02-19T01:45:53.278+0000] {processor.py:161} INFO - Started process (PID=570) to work on /opt/airflow/dags/dl_overview.py
[2026-02-19T01:45:53.279+0000] {processor.py:830} INFO - Processing file /opt/airflow/dags/dl_overview.py for tasks to queue
[2026-02-19T01:45:53.280+0000] {logging_mixin.py:188} INFO - [2026-02-19T01:45:53.280+0000] {dagbag.py:545} INFO - Filling up the DagBag from /opt/airflow/dags/dl_overview.py
[2026-02-19T01:45:53.312+0000] {processor.py:840} INFO - DAG(s) 'company_overview_to_minio' retrieved from /opt/airflow/dags/dl_overview.py
[2026-02-19T01:45:53.337+0000] {logging_mixin.py:188} INFO - [2026-02-19T01:45:53.337+0000] {dag.py:3089} INFO - Sync 1 DAGs
[2026-02-19T01:45:53.366+0000] {logging_mixin.py:188} INFO - [2026-02-19T01:45:53.366+0000] {dag.py:3947} INFO - Setting next_dagrun for company_overview_to_minio to 2026-02-15 00:00:00+00:00, run_after=2026-02-22 00:00:00+00:00
[2026-02-19T01:45:53.461+0000] {processor.py:183} INFO - Processing /opt/airflow/dags/dl_overview.py took 0.188 seconds
[2026-02-19T01:46:23.551+0000] {processor.py:161} INFO - Started process (PID=592) to work on /opt/airflow/dags/dl_overview.py
[2026-02-19T01:46:23.551+0000] {processor.py:830} INFO - Processing file /opt/airflow/dags/dl_overview.py for tasks to queue
[2026-02-19T01:46:23.552+0000] {logging_mixin.py:188} INFO - [2026-02-19T01:46:23.552+0000] {dagbag.py:545} INFO - Filling up the DagBag from /opt/airflow/dags/dl_overview.py
[2026-02-19T01:46:23.586+0000] {processor.py:840} INFO - DAG(s) 'company_overview_to_minio' retrieved from /opt/airflow/dags/dl_overview.py
[2026-02-19T01:46:23.608+0000] {logging_mixin.py:188} INFO - [2026-02-19T01:46:23.608+0000] {dag.py:3089} INFO - Sync 1 DAGs
[2026-02-19T01:46:23.635+0000] {logging_mixin.py:188} INFO - [2026-02-19T01:46:23.635+0000] {dag.py:3947} INFO - Setting next_dagrun for company_overview_to_minio to 2026-02-15 00:00:00+00:00, run_after=2026-02-22 00:00:00+00:00
[2026-02-19T01:46:23.662+0000] {processor.py:183} INFO - Processing /opt/airflow/dags/dl_overview.py took 0.116 seconds
[2026-02-19T01:46:54.499+0000] {processor.py:161} INFO - Started process (PID=614) to work on /opt/airflow/dags/dl_overview.py
[2026-02-19T01:46:54.499+0000] {processor.py:830} INFO - Processing file /opt/airflow/dags/dl_overview.py for tasks to queue
[2026-02-19T01:46:54.501+0000] {logging_mixin.py:188} INFO - [2026-02-19T01:46:54.500+0000] {dagbag.py:545} INFO - Filling up the DagBag from /opt/airflow/dags/dl_overview.py
[2026-02-19T01:46:54.540+0000] {processor.py:840} INFO - DAG(s) 'company_overview_to_minio' retrieved from /opt/airflow/dags/dl_overview.py
[2026-02-19T01:46:54.578+0000] {logging_mixin.py:188} INFO - [2026-02-19T01:46:54.577+0000] {dag.py:3089} INFO - Sync 1 DAGs
[2026-02-19T01:46:54.608+0000] {logging_mixin.py:188} INFO - [2026-02-19T01:46:54.608+0000] {dag.py:3947} INFO - Setting next_dagrun for company_overview_to_minio to 2026-02-15 00:00:00+00:00, run_after=2026-02-22 00:00:00+00:00
[2026-02-19T01:46:54.637+0000] {processor.py:183} INFO - Processing /opt/airflow/dags/dl_overview.py took 0.148 seconds
[2026-02-19T01:47:25.087+0000] {processor.py:161} INFO - Started process (PID=636) to work on /opt/airflow/dags/dl_overview.py
[2026-02-19T01:47:25.088+0000] {processor.py:830} INFO - Processing file /opt/airflow/dags/dl_overview.py for tasks to queue
[2026-02-19T01:47:25.089+0000] {logging_mixin.py:188} INFO - [2026-02-19T01:47:25.089+0000] {dagbag.py:545} INFO - Filling up the DagBag from /opt/airflow/dags/dl_overview.py
[2026-02-19T01:47:25.122+0000] {processor.py:840} INFO - DAG(s) 'company_overview_to_minio' retrieved from /opt/airflow/dags/dl_overview.py
[2026-02-19T01:47:25.146+0000] {logging_mixin.py:188} INFO - [2026-02-19T01:47:25.145+0000] {dag.py:3089} INFO - Sync 1 DAGs
[2026-02-19T01:47:25.167+0000] {logging_mixin.py:188} INFO - [2026-02-19T01:47:25.167+0000] {dag.py:3947} INFO - Setting next_dagrun for company_overview_to_minio to 2026-02-15 00:00:00+00:00, run_after=2026-02-22 00:00:00+00:00
[2026-02-19T01:47:25.190+0000] {processor.py:183} INFO - Processing /opt/airflow/dags/dl_overview.py took 0.109 seconds
[2026-02-19T01:47:55.685+0000] {processor.py:161} INFO - Started process (PID=658) to work on /opt/airflow/dags/dl_overview.py
[2026-02-19T01:47:55.686+0000] {processor.py:830} INFO - Processing file /opt/airflow/dags/dl_overview.py for tasks to queue
[2026-02-19T01:47:55.687+0000] {logging_mixin.py:188} INFO - [2026-02-19T01:47:55.686+0000] {dagbag.py:545} INFO - Filling up the DagBag from /opt/airflow/dags/dl_overview.py
[2026-02-19T01:47:55.721+0000] {processor.py:840} INFO - DAG(s) 'company_overview_to_minio' retrieved from /opt/airflow/dags/dl_overview.py
[2026-02-19T01:47:55.747+0000] {logging_mixin.py:188} INFO - [2026-02-19T01:47:55.747+0000] {dag.py:3089} INFO - Sync 1 DAGs
[2026-02-19T01:47:55.769+0000] {logging_mixin.py:188} INFO - [2026-02-19T01:47:55.769+0000] {dag.py:3947} INFO - Setting next_dagrun for company_overview_to_minio to 2026-02-15 00:00:00+00:00, run_after=2026-02-22 00:00:00+00:00
[2026-02-19T01:47:55.788+0000] {processor.py:183} INFO - Processing /opt/airflow/dags/dl_overview.py took 0.109 seconds
[2026-02-19T01:48:25.965+0000] {processor.py:161} INFO - Started process (PID=680) to work on /opt/airflow/dags/dl_overview.py
[2026-02-19T01:48:25.966+0000] {processor.py:830} INFO - Processing file /opt/airflow/dags/dl_overview.py for tasks to queue
[2026-02-19T01:48:25.967+0000] {logging_mixin.py:188} INFO - [2026-02-19T01:48:25.966+0000] {dagbag.py:545} INFO - Filling up the DagBag from /opt/airflow/dags/dl_overview.py
[2026-02-19T01:48:25.998+0000] {processor.py:840} INFO - DAG(s) 'company_overview_to_minio' retrieved from /opt/airflow/dags/dl_overview.py
[2026-02-19T01:48:26.020+0000] {logging_mixin.py:188} INFO - [2026-02-19T01:48:26.019+0000] {dag.py:3089} INFO - Sync 1 DAGs
[2026-02-19T01:48:26.040+0000] {logging_mixin.py:188} INFO - [2026-02-19T01:48:26.039+0000] {dag.py:3947} INFO - Setting next_dagrun for company_overview_to_minio to 2026-02-15 00:00:00+00:00, run_after=2026-02-22 00:00:00+00:00
[2026-02-19T01:48:26.063+0000] {processor.py:183} INFO - Processing /opt/airflow/dags/dl_overview.py took 0.103 seconds
[2026-02-19T01:48:56.218+0000] {processor.py:161} INFO - Started process (PID=702) to work on /opt/airflow/dags/dl_overview.py
[2026-02-19T01:48:56.219+0000] {processor.py:830} INFO - Processing file /opt/airflow/dags/dl_overview.py for tasks to queue
[2026-02-19T01:48:56.220+0000] {logging_mixin.py:188} INFO - [2026-02-19T01:48:56.220+0000] {dagbag.py:545} INFO - Filling up the DagBag from /opt/airflow/dags/dl_overview.py
[2026-02-19T01:48:56.249+0000] {processor.py:840} INFO - DAG(s) 'company_overview_to_minio' retrieved from /opt/airflow/dags/dl_overview.py
[2026-02-19T01:48:56.271+0000] {logging_mixin.py:188} INFO - [2026-02-19T01:48:56.270+0000] {dag.py:3089} INFO - Sync 1 DAGs
[2026-02-19T01:48:56.290+0000] {logging_mixin.py:188} INFO - [2026-02-19T01:48:56.290+0000] {dag.py:3947} INFO - Setting next_dagrun for company_overview_to_minio to 2026-02-15 00:00:00+00:00, run_after=2026-02-22 00:00:00+00:00
[2026-02-19T01:48:56.312+0000] {processor.py:183} INFO - Processing /opt/airflow/dags/dl_overview.py took 0.099 seconds
[2026-02-19T01:49:26.657+0000] {processor.py:161} INFO - Started process (PID=724) to work on /opt/airflow/dags/dl_overview.py
[2026-02-19T01:49:26.658+0000] {processor.py:830} INFO - Processing file /opt/airflow/dags/dl_overview.py for tasks to queue
[2026-02-19T01:49:26.658+0000] {logging_mixin.py:188} INFO - [2026-02-19T01:49:26.658+0000] {dagbag.py:545} INFO - Filling up the DagBag from /opt/airflow/dags/dl_overview.py
[2026-02-19T01:49:26.690+0000] {processor.py:840} INFO - DAG(s) 'company_overview_to_minio' retrieved from /opt/airflow/dags/dl_overview.py
[2026-02-19T01:49:26.712+0000] {logging_mixin.py:188} INFO - [2026-02-19T01:49:26.712+0000] {dag.py:3089} INFO - Sync 1 DAGs
[2026-02-19T01:49:26.735+0000] {logging_mixin.py:188} INFO - [2026-02-19T01:49:26.734+0000] {dag.py:3947} INFO - Setting next_dagrun for company_overview_to_minio to 2026-02-15 00:00:00+00:00, run_after=2026-02-22 00:00:00+00:00
[2026-02-19T01:49:26.755+0000] {processor.py:183} INFO - Processing /opt/airflow/dags/dl_overview.py took 0.103 seconds
[2026-02-19T01:49:57.182+0000] {processor.py:161} INFO - Started process (PID=746) to work on /opt/airflow/dags/dl_overview.py
[2026-02-19T01:49:57.183+0000] {processor.py:830} INFO - Processing file /opt/airflow/dags/dl_overview.py for tasks to queue
[2026-02-19T01:49:57.184+0000] {logging_mixin.py:188} INFO - [2026-02-19T01:49:57.184+0000] {dagbag.py:545} INFO - Filling up the DagBag from /opt/airflow/dags/dl_overview.py
[2026-02-19T01:49:57.216+0000] {processor.py:840} INFO - DAG(s) 'company_overview_to_minio' retrieved from /opt/airflow/dags/dl_overview.py
[2026-02-19T01:49:57.237+0000] {logging_mixin.py:188} INFO - [2026-02-19T01:49:57.237+0000] {dag.py:3089} INFO - Sync 1 DAGs
[2026-02-19T01:49:57.258+0000] {logging_mixin.py:188} INFO - [2026-02-19T01:49:57.258+0000] {dag.py:3947} INFO - Setting next_dagrun for company_overview_to_minio to 2026-02-15 00:00:00+00:00, run_after=2026-02-22 00:00:00+00:00
[2026-02-19T01:49:57.277+0000] {processor.py:183} INFO - Processing /opt/airflow/dags/dl_overview.py took 0.100 seconds
[2026-02-19T01:50:27.586+0000] {processor.py:161} INFO - Started process (PID=768) to work on /opt/airflow/dags/dl_overview.py
[2026-02-19T01:50:27.587+0000] {processor.py:830} INFO - Processing file /opt/airflow/dags/dl_overview.py for tasks to queue
[2026-02-19T01:50:27.588+0000] {logging_mixin.py:188} INFO - [2026-02-19T01:50:27.588+0000] {dagbag.py:545} INFO - Filling up the DagBag from /opt/airflow/dags/dl_overview.py
[2026-02-19T01:50:27.621+0000] {processor.py:840} INFO - DAG(s) 'company_overview_to_minio' retrieved from /opt/airflow/dags/dl_overview.py
[2026-02-19T01:50:27.644+0000] {logging_mixin.py:188} INFO - [2026-02-19T01:50:27.643+0000] {dag.py:3089} INFO - Sync 1 DAGs
[2026-02-19T01:50:27.665+0000] {logging_mixin.py:188} INFO - [2026-02-19T01:50:27.665+0000] {dag.py:3947} INFO - Setting next_dagrun for company_overview_to_minio to 2026-02-15 00:00:00+00:00, run_after=2026-02-22 00:00:00+00:00
[2026-02-19T01:50:27.691+0000] {processor.py:183} INFO - Processing /opt/airflow/dags/dl_overview.py took 0.110 seconds
[2026-02-19T01:50:58.048+0000] {processor.py:161} INFO - Started process (PID=790) to work on /opt/airflow/dags/dl_overview.py
[2026-02-19T01:50:58.048+0000] {processor.py:830} INFO - Processing file /opt/airflow/dags/dl_overview.py for tasks to queue
[2026-02-19T01:50:58.049+0000] {logging_mixin.py:188} INFO - [2026-02-19T01:50:58.049+0000] {dagbag.py:545} INFO - Filling up the DagBag from /opt/airflow/dags/dl_overview.py
[2026-02-19T01:50:58.080+0000] {processor.py:840} INFO - DAG(s) 'company_overview_to_minio' retrieved from /opt/airflow/dags/dl_overview.py
[2026-02-19T01:50:58.106+0000] {logging_mixin.py:188} INFO - [2026-02-19T01:50:58.105+0000] {dag.py:3089} INFO - Sync 1 DAGs
[2026-02-19T01:50:58.125+0000] {logging_mixin.py:188} INFO - [2026-02-19T01:50:58.125+0000] {dag.py:3947} INFO - Setting next_dagrun for company_overview_to_minio to 2026-02-15 00:00:00+00:00, run_after=2026-02-22 00:00:00+00:00
[2026-02-19T01:50:58.149+0000] {processor.py:183} INFO - Processing /opt/airflow/dags/dl_overview.py took 0.107 seconds
[2026-02-19T01:51:28.301+0000] {processor.py:161} INFO - Started process (PID=812) to work on /opt/airflow/dags/dl_overview.py
[2026-02-19T01:51:28.302+0000] {processor.py:830} INFO - Processing file /opt/airflow/dags/dl_overview.py for tasks to queue
[2026-02-19T01:51:28.302+0000] {logging_mixin.py:188} INFO - [2026-02-19T01:51:28.302+0000] {dagbag.py:545} INFO - Filling up the DagBag from /opt/airflow/dags/dl_overview.py
[2026-02-19T01:51:28.333+0000] {processor.py:840} INFO - DAG(s) 'company_overview_to_minio' retrieved from /opt/airflow/dags/dl_overview.py
[2026-02-19T01:51:28.354+0000] {logging_mixin.py:188} INFO - [2026-02-19T01:51:28.353+0000] {dag.py:3089} INFO - Sync 1 DAGs
[2026-02-19T01:51:28.375+0000] {logging_mixin.py:188} INFO - [2026-02-19T01:51:28.375+0000] {dag.py:3947} INFO - Setting next_dagrun for company_overview_to_minio to 2026-02-15 00:00:00+00:00, run_after=2026-02-22 00:00:00+00:00
[2026-02-19T01:51:28.395+0000] {processor.py:183} INFO - Processing /opt/airflow/dags/dl_overview.py took 0.099 seconds
[2026-02-19T01:51:58.701+0000] {processor.py:161} INFO - Started process (PID=834) to work on /opt/airflow/dags/dl_overview.py
[2026-02-19T01:51:58.701+0000] {processor.py:830} INFO - Processing file /opt/airflow/dags/dl_overview.py for tasks to queue
[2026-02-19T01:51:58.702+0000] {logging_mixin.py:188} INFO - [2026-02-19T01:51:58.702+0000] {dagbag.py:545} INFO - Filling up the DagBag from /opt/airflow/dags/dl_overview.py
[2026-02-19T01:51:58.730+0000] {processor.py:840} INFO - DAG(s) 'company_overview_to_minio' retrieved from /opt/airflow/dags/dl_overview.py
[2026-02-19T01:51:58.751+0000] {logging_mixin.py:188} INFO - [2026-02-19T01:51:58.751+0000] {dag.py:3089} INFO - Sync 1 DAGs
[2026-02-19T01:51:58.770+0000] {logging_mixin.py:188} INFO - [2026-02-19T01:51:58.770+0000] {dag.py:3947} INFO - Setting next_dagrun for company_overview_to_minio to 2026-02-15 00:00:00+00:00, run_after=2026-02-22 00:00:00+00:00
[2026-02-19T01:51:58.789+0000] {processor.py:183} INFO - Processing /opt/airflow/dags/dl_overview.py took 0.093 seconds
[2026-02-19T01:52:29.395+0000] {processor.py:161} INFO - Started process (PID=856) to work on /opt/airflow/dags/dl_overview.py
[2026-02-19T01:52:29.395+0000] {processor.py:830} INFO - Processing file /opt/airflow/dags/dl_overview.py for tasks to queue
[2026-02-19T01:52:29.396+0000] {logging_mixin.py:188} INFO - [2026-02-19T01:52:29.396+0000] {dagbag.py:545} INFO - Filling up the DagBag from /opt/airflow/dags/dl_overview.py
[2026-02-19T01:52:29.432+0000] {processor.py:840} INFO - DAG(s) 'company_overview_to_minio' retrieved from /opt/airflow/dags/dl_overview.py
[2026-02-19T01:52:29.457+0000] {logging_mixin.py:188} INFO - [2026-02-19T01:52:29.457+0000] {dag.py:3089} INFO - Sync 1 DAGs
[2026-02-19T01:52:29.484+0000] {logging_mixin.py:188} INFO - [2026-02-19T01:52:29.484+0000] {dag.py:3947} INFO - Setting next_dagrun for company_overview_to_minio to 2026-02-15 00:00:00+00:00, run_after=2026-02-22 00:00:00+00:00
[2026-02-19T01:52:29.502+0000] {processor.py:183} INFO - Processing /opt/airflow/dags/dl_overview.py took 0.115 seconds
[2026-02-19T01:52:59.865+0000] {processor.py:161} INFO - Started process (PID=878) to work on /opt/airflow/dags/dl_overview.py
[2026-02-19T01:52:59.866+0000] {processor.py:830} INFO - Processing file /opt/airflow/dags/dl_overview.py for tasks to queue
[2026-02-19T01:52:59.867+0000] {logging_mixin.py:188} INFO - [2026-02-19T01:52:59.867+0000] {dagbag.py:545} INFO - Filling up the DagBag from /opt/airflow/dags/dl_overview.py
[2026-02-19T01:52:59.895+0000] {processor.py:840} INFO - DAG(s) 'company_overview_to_minio' retrieved from /opt/airflow/dags/dl_overview.py
[2026-02-19T01:52:59.915+0000] {logging_mixin.py:188} INFO - [2026-02-19T01:52:59.914+0000] {dag.py:3089} INFO - Sync 1 DAGs
[2026-02-19T01:52:59.935+0000] {logging_mixin.py:188} INFO - [2026-02-19T01:52:59.934+0000] {dag.py:3947} INFO - Setting next_dagrun for company_overview_to_minio to 2026-02-15 00:00:00+00:00, run_after=2026-02-22 00:00:00+00:00
[2026-02-19T01:52:59.952+0000] {processor.py:183} INFO - Processing /opt/airflow/dags/dl_overview.py took 0.092 seconds
[2026-02-19T01:53:30.314+0000] {processor.py:161} INFO - Started process (PID=900) to work on /opt/airflow/dags/dl_overview.py
[2026-02-19T01:53:30.314+0000] {processor.py:830} INFO - Processing file /opt/airflow/dags/dl_overview.py for tasks to queue
[2026-02-19T01:53:30.315+0000] {logging_mixin.py:188} INFO - [2026-02-19T01:53:30.315+0000] {dagbag.py:545} INFO - Filling up the DagBag from /opt/airflow/dags/dl_overview.py
[2026-02-19T01:53:30.343+0000] {processor.py:840} INFO - DAG(s) 'company_overview_to_minio' retrieved from /opt/airflow/dags/dl_overview.py
[2026-02-19T01:53:30.363+0000] {logging_mixin.py:188} INFO - [2026-02-19T01:53:30.363+0000] {dag.py:3089} INFO - Sync 1 DAGs
[2026-02-19T01:53:30.382+0000] {logging_mixin.py:188} INFO - [2026-02-19T01:53:30.382+0000] {dag.py:3947} INFO - Setting next_dagrun for company_overview_to_minio to 2026-02-15 00:00:00+00:00, run_after=2026-02-22 00:00:00+00:00
[2026-02-19T01:53:30.400+0000] {processor.py:183} INFO - Processing /opt/airflow/dags/dl_overview.py took 0.091 seconds
[2026-02-19T01:54:00.631+0000] {processor.py:161} INFO - Started process (PID=922) to work on /opt/airflow/dags/dl_overview.py
[2026-02-19T01:54:00.632+0000] {processor.py:830} INFO - Processing file /opt/airflow/dags/dl_overview.py for tasks to queue
[2026-02-19T01:54:00.633+0000] {logging_mixin.py:188} INFO - [2026-02-19T01:54:00.633+0000] {dagbag.py:545} INFO - Filling up the DagBag from /opt/airflow/dags/dl_overview.py
[2026-02-19T01:54:00.664+0000] {processor.py:840} INFO - DAG(s) 'company_overview_to_minio' retrieved from /opt/airflow/dags/dl_overview.py
[2026-02-19T01:54:00.684+0000] {logging_mixin.py:188} INFO - [2026-02-19T01:54:00.684+0000] {dag.py:3089} INFO - Sync 1 DAGs
[2026-02-19T01:54:00.703+0000] {logging_mixin.py:188} INFO - [2026-02-19T01:54:00.703+0000] {dag.py:3947} INFO - Setting next_dagrun for company_overview_to_minio to 2026-02-15 00:00:00+00:00, run_after=2026-02-22 00:00:00+00:00
[2026-02-19T01:54:00.724+0000] {processor.py:183} INFO - Processing /opt/airflow/dags/dl_overview.py took 0.098 seconds
[2026-02-19T01:54:30.942+0000] {processor.py:161} INFO - Started process (PID=944) to work on /opt/airflow/dags/dl_overview.py
[2026-02-19T01:54:30.942+0000] {processor.py:830} INFO - Processing file /opt/airflow/dags/dl_overview.py for tasks to queue
[2026-02-19T01:54:30.943+0000] {logging_mixin.py:188} INFO - [2026-02-19T01:54:30.943+0000] {dagbag.py:545} INFO - Filling up the DagBag from /opt/airflow/dags/dl_overview.py
[2026-02-19T01:54:30.979+0000] {processor.py:840} INFO - DAG(s) 'company_overview_to_minio' retrieved from /opt/airflow/dags/dl_overview.py
[2026-02-19T01:54:31.008+0000] {logging_mixin.py:188} INFO - [2026-02-19T01:54:31.007+0000] {dag.py:3089} INFO - Sync 1 DAGs
[2026-02-19T01:54:31.033+0000] {logging_mixin.py:188} INFO - [2026-02-19T01:54:31.033+0000] {dag.py:3947} INFO - Setting next_dagrun for company_overview_to_minio to 2026-02-15 00:00:00+00:00, run_after=2026-02-22 00:00:00+00:00
[2026-02-19T01:54:31.059+0000] {processor.py:183} INFO - Processing /opt/airflow/dags/dl_overview.py took 0.123 seconds
[2026-02-19T01:55:01.131+0000] {processor.py:161} INFO - Started process (PID=966) to work on /opt/airflow/dags/dl_overview.py
[2026-02-19T01:55:01.132+0000] {processor.py:830} INFO - Processing file /opt/airflow/dags/dl_overview.py for tasks to queue
[2026-02-19T01:55:01.133+0000] {logging_mixin.py:188} INFO - [2026-02-19T01:55:01.132+0000] {dagbag.py:545} INFO - Filling up the DagBag from /opt/airflow/dags/dl_overview.py
[2026-02-19T01:55:01.161+0000] {processor.py:840} INFO - DAG(s) 'company_overview_to_minio' retrieved from /opt/airflow/dags/dl_overview.py
[2026-02-19T01:55:01.183+0000] {logging_mixin.py:188} INFO - [2026-02-19T01:55:01.183+0000] {dag.py:3089} INFO - Sync 1 DAGs
[2026-02-19T01:55:01.208+0000] {logging_mixin.py:188} INFO - [2026-02-19T01:55:01.208+0000] {dag.py:3947} INFO - Setting next_dagrun for company_overview_to_minio to 2026-02-15 00:00:00+00:00, run_after=2026-02-22 00:00:00+00:00
[2026-02-19T01:55:01.227+0000] {processor.py:183} INFO - Processing /opt/airflow/dags/dl_overview.py took 0.101 seconds
[2026-02-19T01:55:32.051+0000] {processor.py:161} INFO - Started process (PID=988) to work on /opt/airflow/dags/dl_overview.py
[2026-02-19T01:55:32.051+0000] {processor.py:830} INFO - Processing file /opt/airflow/dags/dl_overview.py for tasks to queue
[2026-02-19T01:55:32.053+0000] {logging_mixin.py:188} INFO - [2026-02-19T01:55:32.052+0000] {dagbag.py:545} INFO - Filling up the DagBag from /opt/airflow/dags/dl_overview.py
[2026-02-19T01:55:32.097+0000] {processor.py:840} INFO - DAG(s) 'company_overview_to_minio' retrieved from /opt/airflow/dags/dl_overview.py
[2026-02-19T01:55:32.131+0000] {logging_mixin.py:188} INFO - [2026-02-19T01:55:32.131+0000] {dag.py:3089} INFO - Sync 1 DAGs
[2026-02-19T01:55:32.171+0000] {logging_mixin.py:188} INFO - [2026-02-19T01:55:32.170+0000] {dag.py:3947} INFO - Setting next_dagrun for company_overview_to_minio to 2026-02-15 00:00:00+00:00, run_after=2026-02-22 00:00:00+00:00
[2026-02-19T01:55:32.203+0000] {processor.py:183} INFO - Processing /opt/airflow/dags/dl_overview.py took 0.161 seconds
[2026-02-19T01:56:02.767+0000] {processor.py:161} INFO - Started process (PID=1010) to work on /opt/airflow/dags/dl_overview.py
[2026-02-19T01:56:02.768+0000] {processor.py:830} INFO - Processing file /opt/airflow/dags/dl_overview.py for tasks to queue
[2026-02-19T01:56:02.769+0000] {logging_mixin.py:188} INFO - [2026-02-19T01:56:02.768+0000] {dagbag.py:545} INFO - Filling up the DagBag from /opt/airflow/dags/dl_overview.py
[2026-02-19T01:56:02.797+0000] {processor.py:840} INFO - DAG(s) 'company_overview_to_minio' retrieved from /opt/airflow/dags/dl_overview.py
[2026-02-19T01:56:02.819+0000] {logging_mixin.py:188} INFO - [2026-02-19T01:56:02.819+0000] {dag.py:3089} INFO - Sync 1 DAGs
[2026-02-19T01:56:02.839+0000] {logging_mixin.py:188} INFO - [2026-02-19T01:56:02.839+0000] {dag.py:3947} INFO - Setting next_dagrun for company_overview_to_minio to 2026-02-15 00:00:00+00:00, run_after=2026-02-22 00:00:00+00:00
[2026-02-19T01:56:02.860+0000] {processor.py:183} INFO - Processing /opt/airflow/dags/dl_overview.py took 0.097 seconds
[2026-02-19T01:56:33.729+0000] {processor.py:161} INFO - Started process (PID=1032) to work on /opt/airflow/dags/dl_overview.py
[2026-02-19T01:56:33.730+0000] {processor.py:830} INFO - Processing file /opt/airflow/dags/dl_overview.py for tasks to queue
[2026-02-19T01:56:33.731+0000] {logging_mixin.py:188} INFO - [2026-02-19T01:56:33.731+0000] {dagbag.py:545} INFO - Filling up the DagBag from /opt/airflow/dags/dl_overview.py
[2026-02-19T01:56:33.773+0000] {processor.py:840} INFO - DAG(s) 'company_overview_to_minio' retrieved from /opt/airflow/dags/dl_overview.py
[2026-02-19T01:56:33.799+0000] {logging_mixin.py:188} INFO - [2026-02-19T01:56:33.799+0000] {dag.py:3089} INFO - Sync 1 DAGs
[2026-02-19T01:56:33.823+0000] {logging_mixin.py:188} INFO - [2026-02-19T01:56:33.823+0000] {dag.py:3947} INFO - Setting next_dagrun for company_overview_to_minio to 2026-02-15 00:00:00+00:00, run_after=2026-02-22 00:00:00+00:00
[2026-02-19T01:56:33.840+0000] {processor.py:183} INFO - Processing /opt/airflow/dags/dl_overview.py took 0.118 seconds
[2026-02-19T01:57:04.028+0000] {processor.py:161} INFO - Started process (PID=1054) to work on /opt/airflow/dags/dl_overview.py
[2026-02-19T01:57:04.029+0000] {processor.py:830} INFO - Processing file /opt/airflow/dags/dl_overview.py for tasks to queue
[2026-02-19T01:57:04.030+0000] {logging_mixin.py:188} INFO - [2026-02-19T01:57:04.029+0000] {dagbag.py:545} INFO - Filling up the DagBag from /opt/airflow/dags/dl_overview.py
[2026-02-19T01:57:04.140+0000] {processor.py:840} INFO - DAG(s) 'company_overview_to_minio' retrieved from /opt/airflow/dags/dl_overview.py
[2026-02-19T01:57:04.191+0000] {logging_mixin.py:188} INFO - [2026-02-19T01:57:04.191+0000] {dag.py:3089} INFO - Sync 1 DAGs
[2026-02-19T01:57:04.246+0000] {logging_mixin.py:188} INFO - [2026-02-19T01:57:04.246+0000] {dag.py:3947} INFO - Setting next_dagrun for company_overview_to_minio to 2026-02-15 00:00:00+00:00, run_after=2026-02-22 00:00:00+00:00
[2026-02-19T01:57:04.292+0000] {processor.py:183} INFO - Processing /opt/airflow/dags/dl_overview.py took 0.270 seconds
[2026-02-19T01:57:34.555+0000] {processor.py:161} INFO - Started process (PID=1076) to work on /opt/airflow/dags/dl_overview.py
[2026-02-19T01:57:34.555+0000] {processor.py:830} INFO - Processing file /opt/airflow/dags/dl_overview.py for tasks to queue
[2026-02-19T01:57:34.556+0000] {logging_mixin.py:188} INFO - [2026-02-19T01:57:34.556+0000] {dagbag.py:545} INFO - Filling up the DagBag from /opt/airflow/dags/dl_overview.py
[2026-02-19T01:57:34.590+0000] {processor.py:840} INFO - DAG(s) 'company_overview_to_minio' retrieved from /opt/airflow/dags/dl_overview.py
[2026-02-19T01:57:34.628+0000] {logging_mixin.py:188} INFO - [2026-02-19T01:57:34.627+0000] {dag.py:3089} INFO - Sync 1 DAGs
[2026-02-19T01:57:34.684+0000] {logging_mixin.py:188} INFO - [2026-02-19T01:57:34.684+0000] {dag.py:3947} INFO - Setting next_dagrun for company_overview_to_minio to 2026-02-15 00:00:00+00:00, run_after=2026-02-22 00:00:00+00:00
[2026-02-19T01:57:34.738+0000] {processor.py:183} INFO - Processing /opt/airflow/dags/dl_overview.py took 0.189 seconds
[2026-02-19T01:58:05.075+0000] {processor.py:161} INFO - Started process (PID=1098) to work on /opt/airflow/dags/dl_overview.py
[2026-02-19T01:58:05.075+0000] {processor.py:830} INFO - Processing file /opt/airflow/dags/dl_overview.py for tasks to queue
[2026-02-19T01:58:05.076+0000] {logging_mixin.py:188} INFO - [2026-02-19T01:58:05.076+0000] {dagbag.py:545} INFO - Filling up the DagBag from /opt/airflow/dags/dl_overview.py
[2026-02-19T01:58:05.107+0000] {processor.py:840} INFO - DAG(s) 'company_overview_to_minio' retrieved from /opt/airflow/dags/dl_overview.py
[2026-02-19T01:58:05.129+0000] {logging_mixin.py:188} INFO - [2026-02-19T01:58:05.129+0000] {dag.py:3089} INFO - Sync 1 DAGs
[2026-02-19T01:58:05.343+0000] {logging_mixin.py:188} INFO - [2026-02-19T01:58:05.343+0000] {dag.py:3947} INFO - Setting next_dagrun for company_overview_to_minio to 2026-02-15 00:00:00+00:00, run_after=2026-02-22 00:00:00+00:00
[2026-02-19T01:58:05.360+0000] {processor.py:183} INFO - Processing /opt/airflow/dags/dl_overview.py took 0.293 seconds
[2026-02-19T01:58:35.815+0000] {processor.py:161} INFO - Started process (PID=1120) to work on /opt/airflow/dags/dl_overview.py
[2026-02-19T01:58:35.815+0000] {processor.py:830} INFO - Processing file /opt/airflow/dags/dl_overview.py for tasks to queue
[2026-02-19T01:58:35.817+0000] {logging_mixin.py:188} INFO - [2026-02-19T01:58:35.816+0000] {dagbag.py:545} INFO - Filling up the DagBag from /opt/airflow/dags/dl_overview.py
[2026-02-19T01:58:35.847+0000] {processor.py:840} INFO - DAG(s) 'company_overview_to_minio' retrieved from /opt/airflow/dags/dl_overview.py
[2026-02-19T01:58:35.867+0000] {logging_mixin.py:188} INFO - [2026-02-19T01:58:35.867+0000] {dag.py:3089} INFO - Sync 1 DAGs
[2026-02-19T01:58:35.888+0000] {logging_mixin.py:188} INFO - [2026-02-19T01:58:35.888+0000] {dag.py:3947} INFO - Setting next_dagrun for company_overview_to_minio to 2026-02-15 00:00:00+00:00, run_after=2026-02-22 00:00:00+00:00
[2026-02-19T01:58:35.906+0000] {processor.py:183} INFO - Processing /opt/airflow/dags/dl_overview.py took 0.096 seconds
[2026-02-19T01:59:08.286+0000] {processor.py:161} INFO - Started process (PID=1148) to work on /opt/airflow/dags/dl_overview.py
[2026-02-19T01:59:08.287+0000] {processor.py:830} INFO - Processing file /opt/airflow/dags/dl_overview.py for tasks to queue
[2026-02-19T01:59:08.288+0000] {logging_mixin.py:188} INFO - [2026-02-19T01:59:08.288+0000] {dagbag.py:545} INFO - Filling up the DagBag from /opt/airflow/dags/dl_overview.py
[2026-02-19T01:59:08.326+0000] {processor.py:840} INFO - DAG(s) 'company_overview_to_minio' retrieved from /opt/airflow/dags/dl_overview.py
[2026-02-19T01:59:08.352+0000] {logging_mixin.py:188} INFO - [2026-02-19T01:59:08.352+0000] {dag.py:3089} INFO - Sync 1 DAGs
[2026-02-19T01:59:08.577+0000] {logging_mixin.py:188} INFO - [2026-02-19T01:59:08.576+0000] {dag.py:3947} INFO - Setting next_dagrun for company_overview_to_minio to 2026-02-15 00:00:00+00:00, run_after=2026-02-22 00:00:00+00:00
[2026-02-19T01:59:08.593+0000] {processor.py:183} INFO - Processing /opt/airflow/dags/dl_overview.py took 0.312 seconds
[2026-02-19T01:59:38.896+0000] {processor.py:161} INFO - Started process (PID=1170) to work on /opt/airflow/dags/dl_overview.py
[2026-02-19T01:59:38.897+0000] {processor.py:830} INFO - Processing file /opt/airflow/dags/dl_overview.py for tasks to queue
[2026-02-19T01:59:38.898+0000] {logging_mixin.py:188} INFO - [2026-02-19T01:59:38.898+0000] {dagbag.py:545} INFO - Filling up the DagBag from /opt/airflow/dags/dl_overview.py
[2026-02-19T01:59:38.929+0000] {processor.py:840} INFO - DAG(s) 'company_overview_to_minio' retrieved from /opt/airflow/dags/dl_overview.py
[2026-02-19T01:59:38.953+0000] {logging_mixin.py:188} INFO - [2026-02-19T01:59:38.953+0000] {dag.py:3089} INFO - Sync 1 DAGs
[2026-02-19T01:59:38.974+0000] {logging_mixin.py:188} INFO - [2026-02-19T01:59:38.974+0000] {dag.py:3947} INFO - Setting next_dagrun for company_overview_to_minio to 2026-02-15 00:00:00+00:00, run_after=2026-02-22 00:00:00+00:00
[2026-02-19T01:59:39.220+0000] {processor.py:183} INFO - Processing /opt/airflow/dags/dl_overview.py took 0.329 seconds
[2026-02-19T02:00:09.539+0000] {processor.py:161} INFO - Started process (PID=1192) to work on /opt/airflow/dags/dl_overview.py
[2026-02-19T02:00:09.540+0000] {processor.py:830} INFO - Processing file /opt/airflow/dags/dl_overview.py for tasks to queue
[2026-02-19T02:00:09.540+0000] {logging_mixin.py:188} INFO - [2026-02-19T02:00:09.540+0000] {dagbag.py:545} INFO - Filling up the DagBag from /opt/airflow/dags/dl_overview.py
[2026-02-19T02:00:09.569+0000] {processor.py:840} INFO - DAG(s) 'company_overview_to_minio' retrieved from /opt/airflow/dags/dl_overview.py
[2026-02-19T02:00:09.591+0000] {logging_mixin.py:188} INFO - [2026-02-19T02:00:09.591+0000] {dag.py:3089} INFO - Sync 1 DAGs
[2026-02-19T02:00:09.613+0000] {logging_mixin.py:188} INFO - [2026-02-19T02:00:09.613+0000] {dag.py:3947} INFO - Setting next_dagrun for company_overview_to_minio to 2026-02-15 00:00:00+00:00, run_after=2026-02-22 00:00:00+00:00
[2026-02-19T02:00:09.633+0000] {processor.py:183} INFO - Processing /opt/airflow/dags/dl_overview.py took 0.099 seconds
[2026-02-19T02:00:40.111+0000] {processor.py:161} INFO - Started process (PID=1215) to work on /opt/airflow/dags/dl_overview.py
[2026-02-19T02:00:40.111+0000] {processor.py:830} INFO - Processing file /opt/airflow/dags/dl_overview.py for tasks to queue
[2026-02-19T02:00:40.112+0000] {logging_mixin.py:188} INFO - [2026-02-19T02:00:40.112+0000] {dagbag.py:545} INFO - Filling up the DagBag from /opt/airflow/dags/dl_overview.py
[2026-02-19T02:00:40.141+0000] {processor.py:840} INFO - DAG(s) 'company_overview_to_minio' retrieved from /opt/airflow/dags/dl_overview.py
[2026-02-19T02:00:40.162+0000] {logging_mixin.py:188} INFO - [2026-02-19T02:00:40.162+0000] {dag.py:3089} INFO - Sync 1 DAGs
[2026-02-19T02:00:40.184+0000] {logging_mixin.py:188} INFO - [2026-02-19T02:00:40.183+0000] {dag.py:3947} INFO - Setting next_dagrun for company_overview_to_minio to 2026-02-15 00:00:00+00:00, run_after=2026-02-22 00:00:00+00:00
[2026-02-19T02:00:40.203+0000] {processor.py:183} INFO - Processing /opt/airflow/dags/dl_overview.py took 0.097 seconds
[2026-02-19T02:01:10.546+0000] {processor.py:161} INFO - Started process (PID=1237) to work on /opt/airflow/dags/dl_overview.py
[2026-02-19T02:01:10.547+0000] {processor.py:830} INFO - Processing file /opt/airflow/dags/dl_overview.py for tasks to queue
[2026-02-19T02:01:10.548+0000] {logging_mixin.py:188} INFO - [2026-02-19T02:01:10.548+0000] {dagbag.py:545} INFO - Filling up the DagBag from /opt/airflow/dags/dl_overview.py
[2026-02-19T02:01:10.578+0000] {processor.py:840} INFO - DAG(s) 'company_overview_to_minio' retrieved from /opt/airflow/dags/dl_overview.py
[2026-02-19T02:01:10.598+0000] {logging_mixin.py:188} INFO - [2026-02-19T02:01:10.598+0000] {dag.py:3089} INFO - Sync 1 DAGs
[2026-02-19T02:01:10.621+0000] {logging_mixin.py:188} INFO - [2026-02-19T02:01:10.621+0000] {dag.py:3947} INFO - Setting next_dagrun for company_overview_to_minio to 2026-02-15 00:00:00+00:00, run_after=2026-02-22 00:00:00+00:00
[2026-02-19T02:01:10.640+0000] {processor.py:183} INFO - Processing /opt/airflow/dags/dl_overview.py took 0.099 seconds
[2026-02-19T02:01:40.811+0000] {processor.py:161} INFO - Started process (PID=1259) to work on /opt/airflow/dags/dl_overview.py
[2026-02-19T02:01:40.811+0000] {processor.py:830} INFO - Processing file /opt/airflow/dags/dl_overview.py for tasks to queue
[2026-02-19T02:01:40.812+0000] {logging_mixin.py:188} INFO - [2026-02-19T02:01:40.812+0000] {dagbag.py:545} INFO - Filling up the DagBag from /opt/airflow/dags/dl_overview.py
[2026-02-19T02:01:40.840+0000] {processor.py:840} INFO - DAG(s) 'company_overview_to_minio' retrieved from /opt/airflow/dags/dl_overview.py
[2026-02-19T02:01:40.863+0000] {logging_mixin.py:188} INFO - [2026-02-19T02:01:40.863+0000] {dag.py:3089} INFO - Sync 1 DAGs
[2026-02-19T02:01:40.883+0000] {logging_mixin.py:188} INFO - [2026-02-19T02:01:40.883+0000] {dag.py:3947} INFO - Setting next_dagrun for company_overview_to_minio to 2026-02-15 00:00:00+00:00, run_after=2026-02-22 00:00:00+00:00
[2026-02-19T02:01:40.901+0000] {processor.py:183} INFO - Processing /opt/airflow/dags/dl_overview.py took 0.095 seconds
[2026-02-19T02:02:11.158+0000] {processor.py:161} INFO - Started process (PID=1281) to work on /opt/airflow/dags/dl_overview.py
[2026-02-19T02:02:11.159+0000] {processor.py:830} INFO - Processing file /opt/airflow/dags/dl_overview.py for tasks to queue
[2026-02-19T02:02:11.160+0000] {logging_mixin.py:188} INFO - [2026-02-19T02:02:11.159+0000] {dagbag.py:545} INFO - Filling up the DagBag from /opt/airflow/dags/dl_overview.py
[2026-02-19T02:02:11.186+0000] {processor.py:840} INFO - DAG(s) 'company_overview_to_minio' retrieved from /opt/airflow/dags/dl_overview.py
[2026-02-19T02:02:11.208+0000] {logging_mixin.py:188} INFO - [2026-02-19T02:02:11.207+0000] {dag.py:3089} INFO - Sync 1 DAGs
[2026-02-19T02:02:11.229+0000] {logging_mixin.py:188} INFO - [2026-02-19T02:02:11.229+0000] {dag.py:3947} INFO - Setting next_dagrun for company_overview_to_minio to 2026-02-15 00:00:00+00:00, run_after=2026-02-22 00:00:00+00:00
[2026-02-19T02:02:11.248+0000] {processor.py:183} INFO - Processing /opt/airflow/dags/dl_overview.py took 0.095 seconds
[2026-02-19T02:02:41.501+0000] {processor.py:161} INFO - Started process (PID=1303) to work on /opt/airflow/dags/dl_overview.py
[2026-02-19T02:02:41.501+0000] {processor.py:830} INFO - Processing file /opt/airflow/dags/dl_overview.py for tasks to queue
[2026-02-19T02:02:41.502+0000] {logging_mixin.py:188} INFO - [2026-02-19T02:02:41.502+0000] {dagbag.py:545} INFO - Filling up the DagBag from /opt/airflow/dags/dl_overview.py
[2026-02-19T02:02:41.532+0000] {processor.py:840} INFO - DAG(s) 'company_overview_to_minio' retrieved from /opt/airflow/dags/dl_overview.py
[2026-02-19T02:02:41.553+0000] {logging_mixin.py:188} INFO - [2026-02-19T02:02:41.552+0000] {dag.py:3089} INFO - Sync 1 DAGs
[2026-02-19T02:02:41.573+0000] {logging_mixin.py:188} INFO - [2026-02-19T02:02:41.573+0000] {dag.py:3947} INFO - Setting next_dagrun for company_overview_to_minio to 2026-02-15 00:00:00+00:00, run_after=2026-02-22 00:00:00+00:00
[2026-02-19T02:02:41.593+0000] {processor.py:183} INFO - Processing /opt/airflow/dags/dl_overview.py took 0.097 seconds
[2026-02-19T02:03:14.752+0000] {processor.py:161} INFO - Started process (PID=1325) to work on /opt/airflow/dags/dl_overview.py
[2026-02-19T02:03:14.758+0000] {processor.py:830} INFO - Processing file /opt/airflow/dags/dl_overview.py for tasks to queue
[2026-02-19T02:03:14.764+0000] {logging_mixin.py:188} INFO - [2026-02-19T02:03:14.764+0000] {dagbag.py:545} INFO - Filling up the DagBag from /opt/airflow/dags/dl_overview.py
[2026-02-19T02:03:15.064+0000] {processor.py:840} INFO - DAG(s) 'company_overview_to_minio' retrieved from /opt/airflow/dags/dl_overview.py
[2026-02-19T02:03:15.124+0000] {logging_mixin.py:188} INFO - [2026-02-19T02:03:15.123+0000] {dag.py:3089} INFO - Sync 1 DAGs
[2026-02-19T02:03:15.204+0000] {logging_mixin.py:188} INFO - [2026-02-19T02:03:15.204+0000] {dag.py:3947} INFO - Setting next_dagrun for company_overview_to_minio to 2026-02-15 00:00:00+00:00, run_after=2026-02-22 00:00:00+00:00
[2026-02-19T02:03:15.259+0000] {processor.py:183} INFO - Processing /opt/airflow/dags/dl_overview.py took 0.526 seconds
[2026-02-19T02:03:45.521+0000] {processor.py:161} INFO - Started process (PID=1347) to work on /opt/airflow/dags/dl_overview.py
[2026-02-19T02:03:45.522+0000] {processor.py:830} INFO - Processing file /opt/airflow/dags/dl_overview.py for tasks to queue
[2026-02-19T02:03:45.523+0000] {logging_mixin.py:188} INFO - [2026-02-19T02:03:45.523+0000] {dagbag.py:545} INFO - Filling up the DagBag from /opt/airflow/dags/dl_overview.py
[2026-02-19T02:03:45.560+0000] {processor.py:840} INFO - DAG(s) 'company_overview_to_minio' retrieved from /opt/airflow/dags/dl_overview.py
[2026-02-19T02:03:45.587+0000] {logging_mixin.py:188} INFO - [2026-02-19T02:03:45.586+0000] {dag.py:3089} INFO - Sync 1 DAGs
[2026-02-19T02:03:45.609+0000] {logging_mixin.py:188} INFO - [2026-02-19T02:03:45.609+0000] {dag.py:3947} INFO - Setting next_dagrun for company_overview_to_minio to 2026-02-15 00:00:00+00:00, run_after=2026-02-22 00:00:00+00:00
[2026-02-19T02:03:45.630+0000] {processor.py:183} INFO - Processing /opt/airflow/dags/dl_overview.py took 0.116 seconds
[2026-02-19T02:04:15.866+0000] {processor.py:161} INFO - Started process (PID=1369) to work on /opt/airflow/dags/dl_overview.py
[2026-02-19T02:04:15.867+0000] {processor.py:830} INFO - Processing file /opt/airflow/dags/dl_overview.py for tasks to queue
[2026-02-19T02:04:15.868+0000] {logging_mixin.py:188} INFO - [2026-02-19T02:04:15.867+0000] {dagbag.py:545} INFO - Filling up the DagBag from /opt/airflow/dags/dl_overview.py
[2026-02-19T02:04:15.896+0000] {processor.py:840} INFO - DAG(s) 'company_overview_to_minio' retrieved from /opt/airflow/dags/dl_overview.py
[2026-02-19T02:04:15.918+0000] {logging_mixin.py:188} INFO - [2026-02-19T02:04:15.917+0000] {dag.py:3089} INFO - Sync 1 DAGs
[2026-02-19T02:04:15.938+0000] {logging_mixin.py:188} INFO - [2026-02-19T02:04:15.938+0000] {dag.py:3947} INFO - Setting next_dagrun for company_overview_to_minio to 2026-02-15 00:00:00+00:00, run_after=2026-02-22 00:00:00+00:00
[2026-02-19T02:04:15.957+0000] {processor.py:183} INFO - Processing /opt/airflow/dags/dl_overview.py took 0.096 seconds
[2026-02-19T02:05:05.196+0000] {processor.py:161} INFO - Started process (PID=83) to work on /opt/airflow/dags/dl_overview.py
[2026-02-19T02:05:05.197+0000] {processor.py:830} INFO - Processing file /opt/airflow/dags/dl_overview.py for tasks to queue
[2026-02-19T02:05:05.198+0000] {logging_mixin.py:188} INFO - [2026-02-19T02:05:05.197+0000] {dagbag.py:545} INFO - Filling up the DagBag from /opt/airflow/dags/dl_overview.py
[2026-02-19T02:05:05.435+0000] {processor.py:840} INFO - DAG(s) 'company_overview_to_minio' retrieved from /opt/airflow/dags/dl_overview.py
[2026-02-19T02:05:05.461+0000] {logging_mixin.py:188} INFO - [2026-02-19T02:05:05.461+0000] {dag.py:3089} INFO - Sync 1 DAGs
[2026-02-19T02:05:05.489+0000] {logging_mixin.py:188} INFO - [2026-02-19T02:05:05.489+0000] {dag.py:3947} INFO - Setting next_dagrun for company_overview_to_minio to 2026-02-15 00:00:00+00:00, run_after=2026-02-22 00:00:00+00:00
[2026-02-19T02:05:05.514+0000] {processor.py:183} INFO - Processing /opt/airflow/dags/dl_overview.py took 0.325 seconds
[2026-02-19T02:05:36.288+0000] {processor.py:161} INFO - Started process (PID=105) to work on /opt/airflow/dags/dl_overview.py
[2026-02-19T02:05:36.289+0000] {processor.py:830} INFO - Processing file /opt/airflow/dags/dl_overview.py for tasks to queue
[2026-02-19T02:05:36.290+0000] {logging_mixin.py:188} INFO - [2026-02-19T02:05:36.290+0000] {dagbag.py:545} INFO - Filling up the DagBag from /opt/airflow/dags/dl_overview.py
[2026-02-19T02:05:36.329+0000] {processor.py:840} INFO - DAG(s) 'company_overview_to_minio' retrieved from /opt/airflow/dags/dl_overview.py
[2026-02-19T02:05:36.361+0000] {logging_mixin.py:188} INFO - [2026-02-19T02:05:36.361+0000] {dag.py:3089} INFO - Sync 1 DAGs
[2026-02-19T02:05:36.391+0000] {logging_mixin.py:188} INFO - [2026-02-19T02:05:36.391+0000] {dag.py:3947} INFO - Setting next_dagrun for company_overview_to_minio to 2026-02-15 00:00:00+00:00, run_after=2026-02-22 00:00:00+00:00
[2026-02-19T02:05:36.438+0000] {processor.py:183} INFO - Processing /opt/airflow/dags/dl_overview.py took 0.156 seconds
[2026-02-19T02:06:06.671+0000] {processor.py:161} INFO - Started process (PID=127) to work on /opt/airflow/dags/dl_overview.py
[2026-02-19T02:06:06.672+0000] {processor.py:830} INFO - Processing file /opt/airflow/dags/dl_overview.py for tasks to queue
[2026-02-19T02:06:06.673+0000] {logging_mixin.py:188} INFO - [2026-02-19T02:06:06.672+0000] {dagbag.py:545} INFO - Filling up the DagBag from /opt/airflow/dags/dl_overview.py
[2026-02-19T02:06:06.717+0000] {processor.py:840} INFO - DAG(s) 'company_overview_to_minio' retrieved from /opt/airflow/dags/dl_overview.py
[2026-02-19T02:06:06.766+0000] {logging_mixin.py:188} INFO - [2026-02-19T02:06:06.766+0000] {dag.py:3089} INFO - Sync 1 DAGs
[2026-02-19T02:06:06.822+0000] {logging_mixin.py:188} INFO - [2026-02-19T02:06:06.822+0000] {dag.py:3947} INFO - Setting next_dagrun for company_overview_to_minio to 2026-02-15 00:00:00+00:00, run_after=2026-02-22 00:00:00+00:00
[2026-02-19T02:06:06.937+0000] {processor.py:183} INFO - Processing /opt/airflow/dags/dl_overview.py took 0.274 seconds
[2026-02-19T02:06:37.296+0000] {processor.py:161} INFO - Started process (PID=149) to work on /opt/airflow/dags/dl_overview.py
[2026-02-19T02:06:37.296+0000] {processor.py:830} INFO - Processing file /opt/airflow/dags/dl_overview.py for tasks to queue
[2026-02-19T02:06:37.297+0000] {logging_mixin.py:188} INFO - [2026-02-19T02:06:37.297+0000] {dagbag.py:545} INFO - Filling up the DagBag from /opt/airflow/dags/dl_overview.py
[2026-02-19T02:06:37.326+0000] {processor.py:840} INFO - DAG(s) 'company_overview_to_minio' retrieved from /opt/airflow/dags/dl_overview.py
[2026-02-19T02:06:37.421+0000] {logging_mixin.py:188} INFO - [2026-02-19T02:06:37.421+0000] {dag.py:3089} INFO - Sync 1 DAGs
[2026-02-19T02:06:37.440+0000] {logging_mixin.py:188} INFO - [2026-02-19T02:06:37.440+0000] {dag.py:3947} INFO - Setting next_dagrun for company_overview_to_minio to 2026-02-15 00:00:00+00:00, run_after=2026-02-22 00:00:00+00:00
[2026-02-19T02:06:37.461+0000] {processor.py:183} INFO - Processing /opt/airflow/dags/dl_overview.py took 0.171 seconds
[2026-02-19T02:07:08.421+0000] {processor.py:161} INFO - Started process (PID=171) to work on /opt/airflow/dags/dl_overview.py
[2026-02-19T02:07:08.422+0000] {processor.py:830} INFO - Processing file /opt/airflow/dags/dl_overview.py for tasks to queue
[2026-02-19T02:07:08.423+0000] {logging_mixin.py:188} INFO - [2026-02-19T02:07:08.423+0000] {dagbag.py:545} INFO - Filling up the DagBag from /opt/airflow/dags/dl_overview.py
[2026-02-19T02:07:08.451+0000] {processor.py:840} INFO - DAG(s) 'company_overview_to_minio' retrieved from /opt/airflow/dags/dl_overview.py
[2026-02-19T02:07:08.480+0000] {logging_mixin.py:188} INFO - [2026-02-19T02:07:08.480+0000] {dag.py:3089} INFO - Sync 1 DAGs
[2026-02-19T02:07:08.506+0000] {logging_mixin.py:188} INFO - [2026-02-19T02:07:08.506+0000] {dag.py:3947} INFO - Setting next_dagrun for company_overview_to_minio to 2026-02-15 00:00:00+00:00, run_after=2026-02-22 00:00:00+00:00
[2026-02-19T02:07:08.526+0000] {processor.py:183} INFO - Processing /opt/airflow/dags/dl_overview.py took 0.110 seconds
[2026-02-19T02:07:39.136+0000] {processor.py:161} INFO - Started process (PID=193) to work on /opt/airflow/dags/dl_overview.py
[2026-02-19T02:07:39.137+0000] {processor.py:830} INFO - Processing file /opt/airflow/dags/dl_overview.py for tasks to queue
[2026-02-19T02:07:39.138+0000] {logging_mixin.py:188} INFO - [2026-02-19T02:07:39.138+0000] {dagbag.py:545} INFO - Filling up the DagBag from /opt/airflow/dags/dl_overview.py
[2026-02-19T02:07:39.166+0000] {processor.py:840} INFO - DAG(s) 'company_overview_to_minio' retrieved from /opt/airflow/dags/dl_overview.py
[2026-02-19T02:07:39.188+0000] {logging_mixin.py:188} INFO - [2026-02-19T02:07:39.188+0000] {dag.py:3089} INFO - Sync 1 DAGs
[2026-02-19T02:07:39.210+0000] {logging_mixin.py:188} INFO - [2026-02-19T02:07:39.209+0000] {dag.py:3947} INFO - Setting next_dagrun for company_overview_to_minio to 2026-02-15 00:00:00+00:00, run_after=2026-02-22 00:00:00+00:00
[2026-02-19T02:07:39.229+0000] {processor.py:183} INFO - Processing /opt/airflow/dags/dl_overview.py took 0.098 seconds
[2026-02-19T02:08:09.698+0000] {processor.py:161} INFO - Started process (PID=215) to work on /opt/airflow/dags/dl_overview.py
[2026-02-19T02:08:09.699+0000] {processor.py:830} INFO - Processing file /opt/airflow/dags/dl_overview.py for tasks to queue
[2026-02-19T02:08:09.700+0000] {logging_mixin.py:188} INFO - [2026-02-19T02:08:09.700+0000] {dagbag.py:545} INFO - Filling up the DagBag from /opt/airflow/dags/dl_overview.py
[2026-02-19T02:08:09.734+0000] {processor.py:840} INFO - DAG(s) 'company_overview_to_minio' retrieved from /opt/airflow/dags/dl_overview.py
[2026-02-19T02:08:09.759+0000] {logging_mixin.py:188} INFO - [2026-02-19T02:08:09.758+0000] {dag.py:3089} INFO - Sync 1 DAGs
[2026-02-19T02:08:09.781+0000] {logging_mixin.py:188} INFO - [2026-02-19T02:08:09.780+0000] {dag.py:3947} INFO - Setting next_dagrun for company_overview_to_minio to 2026-02-15 00:00:00+00:00, run_after=2026-02-22 00:00:00+00:00
[2026-02-19T02:08:09.802+0000] {processor.py:183} INFO - Processing /opt/airflow/dags/dl_overview.py took 0.109 seconds
[2026-02-19T02:08:40.447+0000] {processor.py:161} INFO - Started process (PID=237) to work on /opt/airflow/dags/dl_overview.py
[2026-02-19T02:08:40.447+0000] {processor.py:830} INFO - Processing file /opt/airflow/dags/dl_overview.py for tasks to queue
[2026-02-19T02:08:40.448+0000] {logging_mixin.py:188} INFO - [2026-02-19T02:08:40.448+0000] {dagbag.py:545} INFO - Filling up the DagBag from /opt/airflow/dags/dl_overview.py
[2026-02-19T02:08:40.491+0000] {processor.py:840} INFO - DAG(s) 'company_overview_to_minio' retrieved from /opt/airflow/dags/dl_overview.py
[2026-02-19T02:08:40.515+0000] {logging_mixin.py:188} INFO - [2026-02-19T02:08:40.515+0000] {dag.py:3089} INFO - Sync 1 DAGs
[2026-02-19T02:08:40.539+0000] {logging_mixin.py:188} INFO - [2026-02-19T02:08:40.539+0000] {dag.py:3947} INFO - Setting next_dagrun for company_overview_to_minio to 2026-02-15 00:00:00+00:00, run_after=2026-02-22 00:00:00+00:00
[2026-02-19T02:08:40.563+0000] {processor.py:183} INFO - Processing /opt/airflow/dags/dl_overview.py took 0.123 seconds
[2026-02-19T02:09:11.132+0000] {processor.py:161} INFO - Started process (PID=272) to work on /opt/airflow/dags/dl_overview.py
[2026-02-19T02:09:11.134+0000] {processor.py:830} INFO - Processing file /opt/airflow/dags/dl_overview.py for tasks to queue
[2026-02-19T02:09:11.135+0000] {logging_mixin.py:188} INFO - [2026-02-19T02:09:11.135+0000] {dagbag.py:545} INFO - Filling up the DagBag from /opt/airflow/dags/dl_overview.py
[2026-02-19T02:09:11.180+0000] {processor.py:840} INFO - DAG(s) 'company_overview_to_minio' retrieved from /opt/airflow/dags/dl_overview.py
[2026-02-19T02:09:11.208+0000] {logging_mixin.py:188} INFO - [2026-02-19T02:09:11.208+0000] {dag.py:3089} INFO - Sync 1 DAGs
[2026-02-19T02:09:11.235+0000] {logging_mixin.py:188} INFO - [2026-02-19T02:09:11.235+0000] {dag.py:3947} INFO - Setting next_dagrun for company_overview_to_minio to 2026-02-15 00:00:00+00:00, run_after=2026-02-22 00:00:00+00:00
[2026-02-19T02:09:11.268+0000] {processor.py:183} INFO - Processing /opt/airflow/dags/dl_overview.py took 0.144 seconds
[2026-02-19T02:09:41.765+0000] {processor.py:161} INFO - Started process (PID=294) to work on /opt/airflow/dags/dl_overview.py
[2026-02-19T02:09:41.766+0000] {processor.py:830} INFO - Processing file /opt/airflow/dags/dl_overview.py for tasks to queue
[2026-02-19T02:09:41.767+0000] {logging_mixin.py:188} INFO - [2026-02-19T02:09:41.767+0000] {dagbag.py:545} INFO - Filling up the DagBag from /opt/airflow/dags/dl_overview.py
[2026-02-19T02:09:41.803+0000] {processor.py:840} INFO - DAG(s) 'company_overview_to_minio' retrieved from /opt/airflow/dags/dl_overview.py
[2026-02-19T02:09:41.831+0000] {logging_mixin.py:188} INFO - [2026-02-19T02:09:41.831+0000] {dag.py:3089} INFO - Sync 1 DAGs
[2026-02-19T02:09:41.855+0000] {logging_mixin.py:188} INFO - [2026-02-19T02:09:41.855+0000] {dag.py:3947} INFO - Setting next_dagrun for company_overview_to_minio to 2026-02-15 00:00:00+00:00, run_after=2026-02-22 00:00:00+00:00
[2026-02-19T02:09:41.897+0000] {processor.py:183} INFO - Processing /opt/airflow/dags/dl_overview.py took 0.141 seconds
[2026-02-19T02:10:12.724+0000] {processor.py:161} INFO - Started process (PID=316) to work on /opt/airflow/dags/dl_overview.py
[2026-02-19T02:10:12.725+0000] {processor.py:830} INFO - Processing file /opt/airflow/dags/dl_overview.py for tasks to queue
[2026-02-19T02:10:12.726+0000] {logging_mixin.py:188} INFO - [2026-02-19T02:10:12.726+0000] {dagbag.py:545} INFO - Filling up the DagBag from /opt/airflow/dags/dl_overview.py
[2026-02-19T02:10:12.774+0000] {processor.py:840} INFO - DAG(s) 'company_overview_to_minio' retrieved from /opt/airflow/dags/dl_overview.py
[2026-02-19T02:10:12.808+0000] {logging_mixin.py:188} INFO - [2026-02-19T02:10:12.807+0000] {dag.py:3089} INFO - Sync 1 DAGs
[2026-02-19T02:10:12.840+0000] {logging_mixin.py:188} INFO - [2026-02-19T02:10:12.840+0000] {dag.py:3947} INFO - Setting next_dagrun for company_overview_to_minio to 2026-02-15 00:00:00+00:00, run_after=2026-02-22 00:00:00+00:00
[2026-02-19T02:10:12.864+0000] {processor.py:183} INFO - Processing /opt/airflow/dags/dl_overview.py took 0.147 seconds
[2026-02-19T02:10:43.183+0000] {processor.py:161} INFO - Started process (PID=338) to work on /opt/airflow/dags/dl_overview.py
[2026-02-19T02:10:43.184+0000] {processor.py:830} INFO - Processing file /opt/airflow/dags/dl_overview.py for tasks to queue
[2026-02-19T02:10:43.185+0000] {logging_mixin.py:188} INFO - [2026-02-19T02:10:43.184+0000] {dagbag.py:545} INFO - Filling up the DagBag from /opt/airflow/dags/dl_overview.py
[2026-02-19T02:10:43.222+0000] {processor.py:840} INFO - DAG(s) 'company_overview_to_minio' retrieved from /opt/airflow/dags/dl_overview.py
[2026-02-19T02:10:43.250+0000] {logging_mixin.py:188} INFO - [2026-02-19T02:10:43.249+0000] {dag.py:3089} INFO - Sync 1 DAGs
[2026-02-19T02:10:43.276+0000] {logging_mixin.py:188} INFO - [2026-02-19T02:10:43.276+0000] {dag.py:3947} INFO - Setting next_dagrun for company_overview_to_minio to 2026-02-15 00:00:00+00:00, run_after=2026-02-22 00:00:00+00:00
[2026-02-19T02:10:43.311+0000] {processor.py:183} INFO - Processing /opt/airflow/dags/dl_overview.py took 0.134 seconds
[2026-02-19T02:11:13.594+0000] {processor.py:161} INFO - Started process (PID=360) to work on /opt/airflow/dags/dl_overview.py
[2026-02-19T02:11:13.594+0000] {processor.py:830} INFO - Processing file /opt/airflow/dags/dl_overview.py for tasks to queue
[2026-02-19T02:11:13.595+0000] {logging_mixin.py:188} INFO - [2026-02-19T02:11:13.595+0000] {dagbag.py:545} INFO - Filling up the DagBag from /opt/airflow/dags/dl_overview.py
[2026-02-19T02:11:13.631+0000] {processor.py:840} INFO - DAG(s) 'company_overview_to_minio' retrieved from /opt/airflow/dags/dl_overview.py
[2026-02-19T02:11:13.662+0000] {logging_mixin.py:188} INFO - [2026-02-19T02:11:13.661+0000] {dag.py:3089} INFO - Sync 1 DAGs
[2026-02-19T02:11:13.687+0000] {logging_mixin.py:188} INFO - [2026-02-19T02:11:13.687+0000] {dag.py:3947} INFO - Setting next_dagrun for company_overview_to_minio to 2026-02-15 00:00:00+00:00, run_after=2026-02-22 00:00:00+00:00
[2026-02-19T02:11:13.708+0000] {processor.py:183} INFO - Processing /opt/airflow/dags/dl_overview.py took 0.120 seconds
[2026-02-19T02:11:44.431+0000] {processor.py:161} INFO - Started process (PID=382) to work on /opt/airflow/dags/dl_overview.py
[2026-02-19T02:11:44.431+0000] {processor.py:830} INFO - Processing file /opt/airflow/dags/dl_overview.py for tasks to queue
[2026-02-19T02:11:44.432+0000] {logging_mixin.py:188} INFO - [2026-02-19T02:11:44.432+0000] {dagbag.py:545} INFO - Filling up the DagBag from /opt/airflow/dags/dl_overview.py
[2026-02-19T02:11:44.464+0000] {processor.py:840} INFO - DAG(s) 'company_overview_to_minio' retrieved from /opt/airflow/dags/dl_overview.py
[2026-02-19T02:11:44.488+0000] {logging_mixin.py:188} INFO - [2026-02-19T02:11:44.488+0000] {dag.py:3089} INFO - Sync 1 DAGs
[2026-02-19T02:11:44.513+0000] {logging_mixin.py:188} INFO - [2026-02-19T02:11:44.512+0000] {dag.py:3947} INFO - Setting next_dagrun for company_overview_to_minio to 2026-02-15 00:00:00+00:00, run_after=2026-02-22 00:00:00+00:00
[2026-02-19T02:11:44.539+0000] {processor.py:183} INFO - Processing /opt/airflow/dags/dl_overview.py took 0.114 seconds
[2026-02-19T02:12:15.335+0000] {processor.py:161} INFO - Started process (PID=404) to work on /opt/airflow/dags/dl_overview.py
[2026-02-19T02:12:15.335+0000] {processor.py:830} INFO - Processing file /opt/airflow/dags/dl_overview.py for tasks to queue
[2026-02-19T02:12:15.336+0000] {logging_mixin.py:188} INFO - [2026-02-19T02:12:15.336+0000] {dagbag.py:545} INFO - Filling up the DagBag from /opt/airflow/dags/dl_overview.py
[2026-02-19T02:12:15.362+0000] {processor.py:840} INFO - DAG(s) 'company_overview_to_minio' retrieved from /opt/airflow/dags/dl_overview.py
[2026-02-19T02:12:15.389+0000] {logging_mixin.py:188} INFO - [2026-02-19T02:12:15.389+0000] {dag.py:3089} INFO - Sync 1 DAGs
[2026-02-19T02:12:15.411+0000] {logging_mixin.py:188} INFO - [2026-02-19T02:12:15.411+0000] {dag.py:3947} INFO - Setting next_dagrun for company_overview_to_minio to 2026-02-15 00:00:00+00:00, run_after=2026-02-22 00:00:00+00:00
[2026-02-19T02:12:15.435+0000] {processor.py:183} INFO - Processing /opt/airflow/dags/dl_overview.py took 0.105 seconds
[2026-02-19T02:12:46.125+0000] {processor.py:161} INFO - Started process (PID=426) to work on /opt/airflow/dags/dl_overview.py
[2026-02-19T02:12:46.125+0000] {processor.py:830} INFO - Processing file /opt/airflow/dags/dl_overview.py for tasks to queue
[2026-02-19T02:12:46.126+0000] {logging_mixin.py:188} INFO - [2026-02-19T02:12:46.126+0000] {dagbag.py:545} INFO - Filling up the DagBag from /opt/airflow/dags/dl_overview.py
[2026-02-19T02:12:46.160+0000] {processor.py:840} INFO - DAG(s) 'company_overview_to_minio' retrieved from /opt/airflow/dags/dl_overview.py
[2026-02-19T02:12:46.183+0000] {logging_mixin.py:188} INFO - [2026-02-19T02:12:46.183+0000] {dag.py:3089} INFO - Sync 1 DAGs
[2026-02-19T02:12:46.208+0000] {logging_mixin.py:188} INFO - [2026-02-19T02:12:46.207+0000] {dag.py:3947} INFO - Setting next_dagrun for company_overview_to_minio to 2026-02-15 00:00:00+00:00, run_after=2026-02-22 00:00:00+00:00
[2026-02-19T02:12:46.227+0000] {processor.py:183} INFO - Processing /opt/airflow/dags/dl_overview.py took 0.108 seconds
[2026-02-19T02:13:16.780+0000] {processor.py:161} INFO - Started process (PID=448) to work on /opt/airflow/dags/dl_overview.py
[2026-02-19T02:13:16.781+0000] {processor.py:830} INFO - Processing file /opt/airflow/dags/dl_overview.py for tasks to queue
[2026-02-19T02:13:16.782+0000] {logging_mixin.py:188} INFO - [2026-02-19T02:13:16.781+0000] {dagbag.py:545} INFO - Filling up the DagBag from /opt/airflow/dags/dl_overview.py
[2026-02-19T02:13:16.812+0000] {processor.py:840} INFO - DAG(s) 'company_overview_to_minio' retrieved from /opt/airflow/dags/dl_overview.py
[2026-02-19T02:13:16.834+0000] {logging_mixin.py:188} INFO - [2026-02-19T02:13:16.833+0000] {dag.py:3089} INFO - Sync 1 DAGs
[2026-02-19T02:13:16.854+0000] {logging_mixin.py:188} INFO - [2026-02-19T02:13:16.854+0000] {dag.py:3947} INFO - Setting next_dagrun for company_overview_to_minio to 2026-02-15 00:00:00+00:00, run_after=2026-02-22 00:00:00+00:00
[2026-02-19T02:13:16.871+0000] {processor.py:183} INFO - Processing /opt/airflow/dags/dl_overview.py took 0.096 seconds
[2026-02-19T02:13:47.221+0000] {processor.py:161} INFO - Started process (PID=470) to work on /opt/airflow/dags/dl_overview.py
[2026-02-19T02:13:47.222+0000] {processor.py:830} INFO - Processing file /opt/airflow/dags/dl_overview.py for tasks to queue
[2026-02-19T02:13:47.223+0000] {logging_mixin.py:188} INFO - [2026-02-19T02:13:47.222+0000] {dagbag.py:545} INFO - Filling up the DagBag from /opt/airflow/dags/dl_overview.py
[2026-02-19T02:13:47.255+0000] {processor.py:840} INFO - DAG(s) 'company_overview_to_minio' retrieved from /opt/airflow/dags/dl_overview.py
[2026-02-19T02:13:47.278+0000] {logging_mixin.py:188} INFO - [2026-02-19T02:13:47.277+0000] {dag.py:3089} INFO - Sync 1 DAGs
[2026-02-19T02:13:47.299+0000] {logging_mixin.py:188} INFO - [2026-02-19T02:13:47.299+0000] {dag.py:3947} INFO - Setting next_dagrun for company_overview_to_minio to 2026-02-15 00:00:00+00:00, run_after=2026-02-22 00:00:00+00:00
[2026-02-19T02:13:47.317+0000] {processor.py:183} INFO - Processing /opt/airflow/dags/dl_overview.py took 0.101 seconds
[2026-02-19T02:14:17.968+0000] {processor.py:161} INFO - Started process (PID=496) to work on /opt/airflow/dags/dl_overview.py
[2026-02-19T02:14:17.968+0000] {processor.py:830} INFO - Processing file /opt/airflow/dags/dl_overview.py for tasks to queue
[2026-02-19T02:14:17.970+0000] {logging_mixin.py:188} INFO - [2026-02-19T02:14:17.969+0000] {dagbag.py:545} INFO - Filling up the DagBag from /opt/airflow/dags/dl_overview.py
[2026-02-19T02:14:18.000+0000] {processor.py:840} INFO - DAG(s) 'company_overview_to_minio' retrieved from /opt/airflow/dags/dl_overview.py
[2026-02-19T02:14:18.022+0000] {logging_mixin.py:188} INFO - [2026-02-19T02:14:18.022+0000] {dag.py:3089} INFO - Sync 1 DAGs
[2026-02-19T02:14:18.043+0000] {logging_mixin.py:188} INFO - [2026-02-19T02:14:18.043+0000] {dag.py:3947} INFO - Setting next_dagrun for company_overview_to_minio to 2026-02-15 00:00:00+00:00, run_after=2026-02-22 00:00:00+00:00
[2026-02-19T02:14:18.060+0000] {processor.py:183} INFO - Processing /opt/airflow/dags/dl_overview.py took 0.099 seconds
[2026-02-19T02:14:48.485+0000] {processor.py:161} INFO - Started process (PID=518) to work on /opt/airflow/dags/dl_overview.py
[2026-02-19T02:14:48.486+0000] {processor.py:830} INFO - Processing file /opt/airflow/dags/dl_overview.py for tasks to queue
[2026-02-19T02:14:48.487+0000] {logging_mixin.py:188} INFO - [2026-02-19T02:14:48.487+0000] {dagbag.py:545} INFO - Filling up the DagBag from /opt/airflow/dags/dl_overview.py
[2026-02-19T02:14:48.513+0000] {processor.py:840} INFO - DAG(s) 'company_overview_to_minio' retrieved from /opt/airflow/dags/dl_overview.py
[2026-02-19T02:14:48.534+0000] {logging_mixin.py:188} INFO - [2026-02-19T02:14:48.534+0000] {dag.py:3089} INFO - Sync 1 DAGs
[2026-02-19T02:14:48.553+0000] {logging_mixin.py:188} INFO - [2026-02-19T02:14:48.553+0000] {dag.py:3947} INFO - Setting next_dagrun for company_overview_to_minio to 2026-02-15 00:00:00+00:00, run_after=2026-02-22 00:00:00+00:00
[2026-02-19T02:14:48.571+0000] {processor.py:183} INFO - Processing /opt/airflow/dags/dl_overview.py took 0.091 seconds
[2026-02-19T02:15:19.323+0000] {processor.py:161} INFO - Started process (PID=540) to work on /opt/airflow/dags/dl_overview.py
[2026-02-19T02:15:19.323+0000] {processor.py:830} INFO - Processing file /opt/airflow/dags/dl_overview.py for tasks to queue
[2026-02-19T02:15:19.324+0000] {logging_mixin.py:188} INFO - [2026-02-19T02:15:19.324+0000] {dagbag.py:545} INFO - Filling up the DagBag from /opt/airflow/dags/dl_overview.py
[2026-02-19T02:15:19.353+0000] {processor.py:840} INFO - DAG(s) 'company_overview_to_minio' retrieved from /opt/airflow/dags/dl_overview.py
[2026-02-19T02:15:19.377+0000] {logging_mixin.py:188} INFO - [2026-02-19T02:15:19.377+0000] {dag.py:3089} INFO - Sync 1 DAGs
[2026-02-19T02:15:19.398+0000] {logging_mixin.py:188} INFO - [2026-02-19T02:15:19.398+0000] {dag.py:3947} INFO - Setting next_dagrun for company_overview_to_minio to 2026-02-15 00:00:00+00:00, run_after=2026-02-22 00:00:00+00:00
[2026-02-19T02:15:19.415+0000] {processor.py:183} INFO - Processing /opt/airflow/dags/dl_overview.py took 0.098 seconds
[2026-02-19T02:15:50.102+0000] {processor.py:161} INFO - Started process (PID=562) to work on /opt/airflow/dags/dl_overview.py
[2026-02-19T02:15:50.103+0000] {processor.py:830} INFO - Processing file /opt/airflow/dags/dl_overview.py for tasks to queue
[2026-02-19T02:15:50.104+0000] {logging_mixin.py:188} INFO - [2026-02-19T02:15:50.103+0000] {dagbag.py:545} INFO - Filling up the DagBag from /opt/airflow/dags/dl_overview.py
[2026-02-19T02:15:50.131+0000] {processor.py:840} INFO - DAG(s) 'company_overview_to_minio' retrieved from /opt/airflow/dags/dl_overview.py
[2026-02-19T02:15:50.154+0000] {logging_mixin.py:188} INFO - [2026-02-19T02:15:50.154+0000] {dag.py:3089} INFO - Sync 1 DAGs
[2026-02-19T02:15:50.175+0000] {logging_mixin.py:188} INFO - [2026-02-19T02:15:50.175+0000] {dag.py:3947} INFO - Setting next_dagrun for company_overview_to_minio to 2026-02-15 00:00:00+00:00, run_after=2026-02-22 00:00:00+00:00
[2026-02-19T02:15:50.194+0000] {processor.py:183} INFO - Processing /opt/airflow/dags/dl_overview.py took 0.097 seconds
[2026-02-19T02:16:20.462+0000] {processor.py:161} INFO - Started process (PID=584) to work on /opt/airflow/dags/dl_overview.py
[2026-02-19T02:16:20.462+0000] {processor.py:830} INFO - Processing file /opt/airflow/dags/dl_overview.py for tasks to queue
[2026-02-19T02:16:20.463+0000] {logging_mixin.py:188} INFO - [2026-02-19T02:16:20.463+0000] {dagbag.py:545} INFO - Filling up the DagBag from /opt/airflow/dags/dl_overview.py
[2026-02-19T02:16:20.497+0000] {processor.py:840} INFO - DAG(s) 'company_overview_to_minio' retrieved from /opt/airflow/dags/dl_overview.py
[2026-02-19T02:16:20.519+0000] {logging_mixin.py:188} INFO - [2026-02-19T02:16:20.519+0000] {dag.py:3089} INFO - Sync 1 DAGs
[2026-02-19T02:16:20.539+0000] {logging_mixin.py:188} INFO - [2026-02-19T02:16:20.539+0000] {dag.py:3947} INFO - Setting next_dagrun for company_overview_to_minio to 2026-02-15 00:00:00+00:00, run_after=2026-02-22 00:00:00+00:00
[2026-02-19T02:16:20.556+0000] {processor.py:183} INFO - Processing /opt/airflow/dags/dl_overview.py took 0.100 seconds
[2026-02-19T02:16:50.896+0000] {processor.py:161} INFO - Started process (PID=606) to work on /opt/airflow/dags/dl_overview.py
[2026-02-19T02:16:50.897+0000] {processor.py:830} INFO - Processing file /opt/airflow/dags/dl_overview.py for tasks to queue
[2026-02-19T02:16:50.897+0000] {logging_mixin.py:188} INFO - [2026-02-19T02:16:50.897+0000] {dagbag.py:545} INFO - Filling up the DagBag from /opt/airflow/dags/dl_overview.py
[2026-02-19T02:16:50.925+0000] {processor.py:840} INFO - DAG(s) 'company_overview_to_minio' retrieved from /opt/airflow/dags/dl_overview.py
[2026-02-19T02:16:50.944+0000] {logging_mixin.py:188} INFO - [2026-02-19T02:16:50.944+0000] {dag.py:3089} INFO - Sync 1 DAGs
[2026-02-19T02:16:50.966+0000] {logging_mixin.py:188} INFO - [2026-02-19T02:16:50.966+0000] {dag.py:3947} INFO - Setting next_dagrun for company_overview_to_minio to 2026-02-15 00:00:00+00:00, run_after=2026-02-22 00:00:00+00:00
[2026-02-19T02:16:50.983+0000] {processor.py:183} INFO - Processing /opt/airflow/dags/dl_overview.py took 0.092 seconds
[2026-02-19T02:17:21.490+0000] {processor.py:161} INFO - Started process (PID=629) to work on /opt/airflow/dags/dl_overview.py
[2026-02-19T02:17:21.491+0000] {processor.py:830} INFO - Processing file /opt/airflow/dags/dl_overview.py for tasks to queue
[2026-02-19T02:17:21.492+0000] {logging_mixin.py:188} INFO - [2026-02-19T02:17:21.491+0000] {dagbag.py:545} INFO - Filling up the DagBag from /opt/airflow/dags/dl_overview.py
[2026-02-19T02:17:21.522+0000] {processor.py:840} INFO - DAG(s) 'company_overview_to_minio' retrieved from /opt/airflow/dags/dl_overview.py
[2026-02-19T02:17:21.543+0000] {logging_mixin.py:188} INFO - [2026-02-19T02:17:21.543+0000] {dag.py:3089} INFO - Sync 1 DAGs
[2026-02-19T02:17:21.564+0000] {logging_mixin.py:188} INFO - [2026-02-19T02:17:21.564+0000] {dag.py:3947} INFO - Setting next_dagrun for company_overview_to_minio to 2026-02-15 00:00:00+00:00, run_after=2026-02-22 00:00:00+00:00
[2026-02-19T02:17:21.580+0000] {processor.py:183} INFO - Processing /opt/airflow/dags/dl_overview.py took 0.095 seconds
[2026-02-19T02:17:51.675+0000] {processor.py:161} INFO - Started process (PID=651) to work on /opt/airflow/dags/dl_overview.py
[2026-02-19T02:17:51.676+0000] {processor.py:830} INFO - Processing file /opt/airflow/dags/dl_overview.py for tasks to queue
[2026-02-19T02:17:51.677+0000] {logging_mixin.py:188} INFO - [2026-02-19T02:17:51.677+0000] {dagbag.py:545} INFO - Filling up the DagBag from /opt/airflow/dags/dl_overview.py
[2026-02-19T02:17:51.705+0000] {processor.py:840} INFO - DAG(s) 'company_overview_to_minio' retrieved from /opt/airflow/dags/dl_overview.py
[2026-02-19T02:17:51.726+0000] {logging_mixin.py:188} INFO - [2026-02-19T02:17:51.725+0000] {dag.py:3089} INFO - Sync 1 DAGs
[2026-02-19T02:17:51.745+0000] {logging_mixin.py:188} INFO - [2026-02-19T02:17:51.745+0000] {dag.py:3947} INFO - Setting next_dagrun for company_overview_to_minio to 2026-02-15 00:00:00+00:00, run_after=2026-02-22 00:00:00+00:00
[2026-02-19T02:17:51.764+0000] {processor.py:183} INFO - Processing /opt/airflow/dags/dl_overview.py took 0.093 seconds
[2026-02-19T02:18:22.461+0000] {processor.py:161} INFO - Started process (PID=673) to work on /opt/airflow/dags/dl_overview.py
[2026-02-19T02:18:22.462+0000] {processor.py:830} INFO - Processing file /opt/airflow/dags/dl_overview.py for tasks to queue
[2026-02-19T02:18:22.463+0000] {logging_mixin.py:188} INFO - [2026-02-19T02:18:22.463+0000] {dagbag.py:545} INFO - Filling up the DagBag from /opt/airflow/dags/dl_overview.py
[2026-02-19T02:18:22.491+0000] {processor.py:840} INFO - DAG(s) 'company_overview_to_minio' retrieved from /opt/airflow/dags/dl_overview.py
[2026-02-19T02:18:22.512+0000] {logging_mixin.py:188} INFO - [2026-02-19T02:18:22.512+0000] {dag.py:3089} INFO - Sync 1 DAGs
[2026-02-19T02:18:22.531+0000] {logging_mixin.py:188} INFO - [2026-02-19T02:18:22.531+0000] {dag.py:3947} INFO - Setting next_dagrun for company_overview_to_minio to 2026-02-15 00:00:00+00:00, run_after=2026-02-22 00:00:00+00:00
[2026-02-19T02:18:22.547+0000] {processor.py:183} INFO - Processing /opt/airflow/dags/dl_overview.py took 0.091 seconds
[2026-02-19T02:18:52.870+0000] {processor.py:161} INFO - Started process (PID=695) to work on /opt/airflow/dags/dl_overview.py
[2026-02-19T02:18:52.871+0000] {processor.py:830} INFO - Processing file /opt/airflow/dags/dl_overview.py for tasks to queue
[2026-02-19T02:18:52.872+0000] {logging_mixin.py:188} INFO - [2026-02-19T02:18:52.872+0000] {dagbag.py:545} INFO - Filling up the DagBag from /opt/airflow/dags/dl_overview.py
[2026-02-19T02:18:52.899+0000] {processor.py:840} INFO - DAG(s) 'company_overview_to_minio' retrieved from /opt/airflow/dags/dl_overview.py
[2026-02-19T02:18:52.919+0000] {logging_mixin.py:188} INFO - [2026-02-19T02:18:52.919+0000] {dag.py:3089} INFO - Sync 1 DAGs
[2026-02-19T02:18:52.938+0000] {logging_mixin.py:188} INFO - [2026-02-19T02:18:52.938+0000] {dag.py:3947} INFO - Setting next_dagrun for company_overview_to_minio to 2026-02-15 00:00:00+00:00, run_after=2026-02-22 00:00:00+00:00
[2026-02-19T02:18:52.956+0000] {processor.py:183} INFO - Processing /opt/airflow/dags/dl_overview.py took 0.091 seconds
[2026-02-19T02:19:23.289+0000] {processor.py:161} INFO - Started process (PID=723) to work on /opt/airflow/dags/dl_overview.py
[2026-02-19T02:19:23.289+0000] {processor.py:830} INFO - Processing file /opt/airflow/dags/dl_overview.py for tasks to queue
[2026-02-19T02:19:23.290+0000] {logging_mixin.py:188} INFO - [2026-02-19T02:19:23.290+0000] {dagbag.py:545} INFO - Filling up the DagBag from /opt/airflow/dags/dl_overview.py
[2026-02-19T02:19:23.317+0000] {processor.py:840} INFO - DAG(s) 'company_overview_to_minio' retrieved from /opt/airflow/dags/dl_overview.py
[2026-02-19T02:19:23.339+0000] {logging_mixin.py:188} INFO - [2026-02-19T02:19:23.338+0000] {dag.py:3089} INFO - Sync 1 DAGs
[2026-02-19T02:19:23.358+0000] {logging_mixin.py:188} INFO - [2026-02-19T02:19:23.357+0000] {dag.py:3947} INFO - Setting next_dagrun for company_overview_to_minio to 2026-02-15 00:00:00+00:00, run_after=2026-02-22 00:00:00+00:00
[2026-02-19T02:19:23.378+0000] {processor.py:183} INFO - Processing /opt/airflow/dags/dl_overview.py took 0.095 seconds
[2026-02-19T02:19:53.691+0000] {processor.py:161} INFO - Started process (PID=752) to work on /opt/airflow/dags/dl_overview.py
[2026-02-19T02:19:53.692+0000] {processor.py:830} INFO - Processing file /opt/airflow/dags/dl_overview.py for tasks to queue
[2026-02-19T02:19:53.693+0000] {logging_mixin.py:188} INFO - [2026-02-19T02:19:53.692+0000] {dagbag.py:545} INFO - Filling up the DagBag from /opt/airflow/dags/dl_overview.py
[2026-02-19T02:19:53.720+0000] {processor.py:840} INFO - DAG(s) 'company_overview_to_minio' retrieved from /opt/airflow/dags/dl_overview.py
[2026-02-19T02:19:53.741+0000] {logging_mixin.py:188} INFO - [2026-02-19T02:19:53.741+0000] {dag.py:3089} INFO - Sync 1 DAGs
[2026-02-19T02:19:53.761+0000] {logging_mixin.py:188} INFO - [2026-02-19T02:19:53.761+0000] {dag.py:3947} INFO - Setting next_dagrun for company_overview_to_minio to 2026-02-15 00:00:00+00:00, run_after=2026-02-22 00:00:00+00:00
[2026-02-19T02:19:53.778+0000] {processor.py:183} INFO - Processing /opt/airflow/dags/dl_overview.py took 0.092 seconds
[2026-02-19T02:20:24.116+0000] {processor.py:161} INFO - Started process (PID=774) to work on /opt/airflow/dags/dl_overview.py
[2026-02-19T02:20:24.117+0000] {processor.py:830} INFO - Processing file /opt/airflow/dags/dl_overview.py for tasks to queue
[2026-02-19T02:20:24.117+0000] {logging_mixin.py:188} INFO - [2026-02-19T02:20:24.117+0000] {dagbag.py:545} INFO - Filling up the DagBag from /opt/airflow/dags/dl_overview.py
[2026-02-19T02:20:24.146+0000] {processor.py:840} INFO - DAG(s) 'company_overview_to_minio' retrieved from /opt/airflow/dags/dl_overview.py
[2026-02-19T02:20:24.165+0000] {logging_mixin.py:188} INFO - [2026-02-19T02:20:24.165+0000] {dag.py:3089} INFO - Sync 1 DAGs
[2026-02-19T02:20:24.184+0000] {logging_mixin.py:188} INFO - [2026-02-19T02:20:24.183+0000] {dag.py:3947} INFO - Setting next_dagrun for company_overview_to_minio to 2026-02-15 00:00:00+00:00, run_after=2026-02-22 00:00:00+00:00
[2026-02-19T02:20:24.200+0000] {processor.py:183} INFO - Processing /opt/airflow/dags/dl_overview.py took 0.089 seconds
[2026-02-19T02:20:54.425+0000] {processor.py:161} INFO - Started process (PID=796) to work on /opt/airflow/dags/dl_overview.py
[2026-02-19T02:20:54.426+0000] {processor.py:830} INFO - Processing file /opt/airflow/dags/dl_overview.py for tasks to queue
[2026-02-19T02:20:54.427+0000] {logging_mixin.py:188} INFO - [2026-02-19T02:20:54.427+0000] {dagbag.py:545} INFO - Filling up the DagBag from /opt/airflow/dags/dl_overview.py
[2026-02-19T02:20:54.453+0000] {processor.py:840} INFO - DAG(s) 'company_overview_to_minio' retrieved from /opt/airflow/dags/dl_overview.py
[2026-02-19T02:20:54.474+0000] {logging_mixin.py:188} INFO - [2026-02-19T02:20:54.474+0000] {dag.py:3089} INFO - Sync 1 DAGs
[2026-02-19T02:20:54.495+0000] {logging_mixin.py:188} INFO - [2026-02-19T02:20:54.495+0000] {dag.py:3947} INFO - Setting next_dagrun for company_overview_to_minio to 2026-02-15 00:00:00+00:00, run_after=2026-02-22 00:00:00+00:00
[2026-02-19T02:20:54.514+0000] {processor.py:183} INFO - Processing /opt/airflow/dags/dl_overview.py took 0.094 seconds
[2026-02-19T02:21:24.938+0000] {processor.py:161} INFO - Started process (PID=824) to work on /opt/airflow/dags/dl_overview.py
[2026-02-19T02:21:24.939+0000] {processor.py:830} INFO - Processing file /opt/airflow/dags/dl_overview.py for tasks to queue
[2026-02-19T02:21:24.939+0000] {logging_mixin.py:188} INFO - [2026-02-19T02:21:24.939+0000] {dagbag.py:545} INFO - Filling up the DagBag from /opt/airflow/dags/dl_overview.py
[2026-02-19T02:21:24.968+0000] {processor.py:840} INFO - DAG(s) 'company_overview_to_minio' retrieved from /opt/airflow/dags/dl_overview.py
[2026-02-19T02:21:24.993+0000] {logging_mixin.py:188} INFO - [2026-02-19T02:21:24.993+0000] {dag.py:3089} INFO - Sync 1 DAGs
[2026-02-19T02:21:25.015+0000] {logging_mixin.py:188} INFO - [2026-02-19T02:21:25.015+0000] {dag.py:3947} INFO - Setting next_dagrun for company_overview_to_minio to 2026-02-15 00:00:00+00:00, run_after=2026-02-22 00:00:00+00:00
[2026-02-19T02:21:25.032+0000] {processor.py:183} INFO - Processing /opt/airflow/dags/dl_overview.py took 0.099 seconds
[2026-02-19T02:21:55.363+0000] {processor.py:161} INFO - Started process (PID=846) to work on /opt/airflow/dags/dl_overview.py
[2026-02-19T02:21:55.363+0000] {processor.py:830} INFO - Processing file /opt/airflow/dags/dl_overview.py for tasks to queue
[2026-02-19T02:21:55.364+0000] {logging_mixin.py:188} INFO - [2026-02-19T02:21:55.364+0000] {dagbag.py:545} INFO - Filling up the DagBag from /opt/airflow/dags/dl_overview.py
[2026-02-19T02:21:55.393+0000] {processor.py:840} INFO - DAG(s) 'company_overview_to_minio' retrieved from /opt/airflow/dags/dl_overview.py
[2026-02-19T02:21:55.414+0000] {logging_mixin.py:188} INFO - [2026-02-19T02:21:55.413+0000] {dag.py:3089} INFO - Sync 1 DAGs
[2026-02-19T02:21:55.432+0000] {logging_mixin.py:188} INFO - [2026-02-19T02:21:55.432+0000] {dag.py:3947} INFO - Setting next_dagrun for company_overview_to_minio to 2026-02-15 00:00:00+00:00, run_after=2026-02-22 00:00:00+00:00
[2026-02-19T02:21:55.449+0000] {processor.py:183} INFO - Processing /opt/airflow/dags/dl_overview.py took 0.091 seconds
[2026-02-19T02:22:25.726+0000] {processor.py:161} INFO - Started process (PID=884) to work on /opt/airflow/dags/dl_overview.py
[2026-02-19T02:22:25.727+0000] {processor.py:830} INFO - Processing file /opt/airflow/dags/dl_overview.py for tasks to queue
[2026-02-19T02:22:25.728+0000] {logging_mixin.py:188} INFO - [2026-02-19T02:22:25.727+0000] {dagbag.py:545} INFO - Filling up the DagBag from /opt/airflow/dags/dl_overview.py
[2026-02-19T02:22:25.756+0000] {processor.py:840} INFO - DAG(s) 'company_overview_to_minio' retrieved from /opt/airflow/dags/dl_overview.py
[2026-02-19T02:22:25.777+0000] {logging_mixin.py:188} INFO - [2026-02-19T02:22:25.777+0000] {dag.py:3089} INFO - Sync 1 DAGs
[2026-02-19T02:22:25.797+0000] {logging_mixin.py:188} INFO - [2026-02-19T02:22:25.797+0000] {dag.py:3947} INFO - Setting next_dagrun for company_overview_to_minio to 2026-02-15 00:00:00+00:00, run_after=2026-02-22 00:00:00+00:00
[2026-02-19T02:22:25.816+0000] {processor.py:183} INFO - Processing /opt/airflow/dags/dl_overview.py took 0.095 seconds
[2026-02-19T02:22:56.376+0000] {processor.py:161} INFO - Started process (PID=931) to work on /opt/airflow/dags/dl_overview.py
[2026-02-19T02:22:56.377+0000] {processor.py:830} INFO - Processing file /opt/airflow/dags/dl_overview.py for tasks to queue
[2026-02-19T02:22:56.378+0000] {logging_mixin.py:188} INFO - [2026-02-19T02:22:56.378+0000] {dagbag.py:545} INFO - Filling up the DagBag from /opt/airflow/dags/dl_overview.py
[2026-02-19T02:22:56.407+0000] {processor.py:840} INFO - DAG(s) 'company_overview_to_minio' retrieved from /opt/airflow/dags/dl_overview.py
[2026-02-19T02:22:56.430+0000] {logging_mixin.py:188} INFO - [2026-02-19T02:22:56.430+0000] {dag.py:3089} INFO - Sync 1 DAGs
[2026-02-19T02:22:56.451+0000] {logging_mixin.py:188} INFO - [2026-02-19T02:22:56.451+0000] {dag.py:3947} INFO - Setting next_dagrun for company_overview_to_minio to 2026-02-15 00:00:00+00:00, run_after=2026-02-22 00:00:00+00:00
[2026-02-19T02:22:56.467+0000] {processor.py:183} INFO - Processing /opt/airflow/dags/dl_overview.py took 0.096 seconds
[2026-02-19T02:23:27.451+0000] {processor.py:161} INFO - Started process (PID=953) to work on /opt/airflow/dags/dl_overview.py
[2026-02-19T02:23:27.452+0000] {processor.py:830} INFO - Processing file /opt/airflow/dags/dl_overview.py for tasks to queue
[2026-02-19T02:23:27.453+0000] {logging_mixin.py:188} INFO - [2026-02-19T02:23:27.453+0000] {dagbag.py:545} INFO - Filling up the DagBag from /opt/airflow/dags/dl_overview.py
[2026-02-19T02:23:27.494+0000] {processor.py:840} INFO - DAG(s) 'company_overview_to_minio' retrieved from /opt/airflow/dags/dl_overview.py
[2026-02-19T02:23:27.521+0000] {logging_mixin.py:188} INFO - [2026-02-19T02:23:27.520+0000] {dag.py:3089} INFO - Sync 1 DAGs
[2026-02-19T02:23:27.548+0000] {logging_mixin.py:188} INFO - [2026-02-19T02:23:27.547+0000] {dag.py:3947} INFO - Setting next_dagrun for company_overview_to_minio to 2026-02-15 00:00:00+00:00, run_after=2026-02-22 00:00:00+00:00
[2026-02-19T02:23:27.573+0000] {processor.py:183} INFO - Processing /opt/airflow/dags/dl_overview.py took 0.128 seconds
[2026-02-19T02:23:58.309+0000] {processor.py:161} INFO - Started process (PID=975) to work on /opt/airflow/dags/dl_overview.py
[2026-02-19T02:23:58.310+0000] {processor.py:830} INFO - Processing file /opt/airflow/dags/dl_overview.py for tasks to queue
[2026-02-19T02:23:58.311+0000] {logging_mixin.py:188} INFO - [2026-02-19T02:23:58.311+0000] {dagbag.py:545} INFO - Filling up the DagBag from /opt/airflow/dags/dl_overview.py
[2026-02-19T02:23:58.342+0000] {processor.py:840} INFO - DAG(s) 'company_overview_to_minio' retrieved from /opt/airflow/dags/dl_overview.py
[2026-02-19T02:23:58.367+0000] {logging_mixin.py:188} INFO - [2026-02-19T02:23:58.367+0000] {dag.py:3089} INFO - Sync 1 DAGs
[2026-02-19T02:23:58.393+0000] {logging_mixin.py:188} INFO - [2026-02-19T02:23:58.393+0000] {dag.py:3947} INFO - Setting next_dagrun for company_overview_to_minio to 2026-02-15 00:00:00+00:00, run_after=2026-02-22 00:00:00+00:00
[2026-02-19T02:23:58.421+0000] {processor.py:183} INFO - Processing /opt/airflow/dags/dl_overview.py took 0.119 seconds
[2026-02-19T02:24:29.207+0000] {processor.py:161} INFO - Started process (PID=997) to work on /opt/airflow/dags/dl_overview.py
[2026-02-19T02:24:29.208+0000] {processor.py:830} INFO - Processing file /opt/airflow/dags/dl_overview.py for tasks to queue
[2026-02-19T02:24:29.209+0000] {logging_mixin.py:188} INFO - [2026-02-19T02:24:29.209+0000] {dagbag.py:545} INFO - Filling up the DagBag from /opt/airflow/dags/dl_overview.py
[2026-02-19T02:24:29.241+0000] {processor.py:840} INFO - DAG(s) 'company_overview_to_minio' retrieved from /opt/airflow/dags/dl_overview.py
[2026-02-19T02:24:29.268+0000] {logging_mixin.py:188} INFO - [2026-02-19T02:24:29.267+0000] {dag.py:3089} INFO - Sync 1 DAGs
[2026-02-19T02:24:29.294+0000] {logging_mixin.py:188} INFO - [2026-02-19T02:24:29.294+0000] {dag.py:3947} INFO - Setting next_dagrun for company_overview_to_minio to 2026-02-15 00:00:00+00:00, run_after=2026-02-22 00:00:00+00:00
[2026-02-19T02:24:29.322+0000] {processor.py:183} INFO - Processing /opt/airflow/dags/dl_overview.py took 0.120 seconds
[2026-02-19T02:24:59.516+0000] {processor.py:161} INFO - Started process (PID=1027) to work on /opt/airflow/dags/dl_overview.py
[2026-02-19T02:24:59.517+0000] {processor.py:830} INFO - Processing file /opt/airflow/dags/dl_overview.py for tasks to queue
[2026-02-19T02:24:59.517+0000] {logging_mixin.py:188} INFO - [2026-02-19T02:24:59.517+0000] {dagbag.py:545} INFO - Filling up the DagBag from /opt/airflow/dags/dl_overview.py
[2026-02-19T02:24:59.547+0000] {processor.py:840} INFO - DAG(s) 'company_overview_to_minio' retrieved from /opt/airflow/dags/dl_overview.py
[2026-02-19T02:24:59.568+0000] {logging_mixin.py:188} INFO - [2026-02-19T02:24:59.568+0000] {dag.py:3089} INFO - Sync 1 DAGs
[2026-02-19T02:24:59.587+0000] {logging_mixin.py:188} INFO - [2026-02-19T02:24:59.587+0000] {dag.py:3947} INFO - Setting next_dagrun for company_overview_to_minio to 2026-02-15 00:00:00+00:00, run_after=2026-02-22 00:00:00+00:00
[2026-02-19T02:24:59.603+0000] {processor.py:183} INFO - Processing /opt/airflow/dags/dl_overview.py took 0.092 seconds
[2026-02-19T02:25:30.548+0000] {processor.py:161} INFO - Started process (PID=1063) to work on /opt/airflow/dags/dl_overview.py
[2026-02-19T02:25:30.548+0000] {processor.py:830} INFO - Processing file /opt/airflow/dags/dl_overview.py for tasks to queue
[2026-02-19T02:25:30.549+0000] {logging_mixin.py:188} INFO - [2026-02-19T02:25:30.549+0000] {dagbag.py:545} INFO - Filling up the DagBag from /opt/airflow/dags/dl_overview.py
[2026-02-19T02:25:30.587+0000] {processor.py:840} INFO - DAG(s) 'company_overview_to_minio' retrieved from /opt/airflow/dags/dl_overview.py
[2026-02-19T02:25:30.614+0000] {logging_mixin.py:188} INFO - [2026-02-19T02:25:30.614+0000] {dag.py:3089} INFO - Sync 1 DAGs
[2026-02-19T02:25:30.638+0000] {logging_mixin.py:188} INFO - [2026-02-19T02:25:30.637+0000] {dag.py:3947} INFO - Setting next_dagrun for company_overview_to_minio to 2026-02-15 00:00:00+00:00, run_after=2026-02-22 00:00:00+00:00
[2026-02-19T02:25:30.657+0000] {processor.py:183} INFO - Processing /opt/airflow/dags/dl_overview.py took 0.116 seconds
[2026-02-19T02:26:01.345+0000] {processor.py:161} INFO - Started process (PID=1085) to work on /opt/airflow/dags/dl_overview.py
[2026-02-19T02:26:01.346+0000] {processor.py:830} INFO - Processing file /opt/airflow/dags/dl_overview.py for tasks to queue
[2026-02-19T02:26:01.347+0000] {logging_mixin.py:188} INFO - [2026-02-19T02:26:01.346+0000] {dagbag.py:545} INFO - Filling up the DagBag from /opt/airflow/dags/dl_overview.py
[2026-02-19T02:26:01.377+0000] {processor.py:840} INFO - DAG(s) 'company_overview_to_minio' retrieved from /opt/airflow/dags/dl_overview.py
[2026-02-19T02:26:01.400+0000] {logging_mixin.py:188} INFO - [2026-02-19T02:26:01.400+0000] {dag.py:3089} INFO - Sync 1 DAGs
[2026-02-19T02:26:01.425+0000] {logging_mixin.py:188} INFO - [2026-02-19T02:26:01.425+0000] {dag.py:3947} INFO - Setting next_dagrun for company_overview_to_minio to 2026-02-15 00:00:00+00:00, run_after=2026-02-22 00:00:00+00:00
[2026-02-19T02:26:01.445+0000] {processor.py:183} INFO - Processing /opt/airflow/dags/dl_overview.py took 0.105 seconds
[2026-02-19T02:26:32.372+0000] {processor.py:161} INFO - Started process (PID=1107) to work on /opt/airflow/dags/dl_overview.py
[2026-02-19T02:26:32.373+0000] {processor.py:830} INFO - Processing file /opt/airflow/dags/dl_overview.py for tasks to queue
[2026-02-19T02:26:32.374+0000] {logging_mixin.py:188} INFO - [2026-02-19T02:26:32.374+0000] {dagbag.py:545} INFO - Filling up the DagBag from /opt/airflow/dags/dl_overview.py
[2026-02-19T02:26:32.416+0000] {processor.py:840} INFO - DAG(s) 'company_overview_to_minio' retrieved from /opt/airflow/dags/dl_overview.py
[2026-02-19T02:26:32.439+0000] {logging_mixin.py:188} INFO - [2026-02-19T02:26:32.439+0000] {dag.py:3089} INFO - Sync 1 DAGs
[2026-02-19T02:26:32.459+0000] {logging_mixin.py:188} INFO - [2026-02-19T02:26:32.458+0000] {dag.py:3947} INFO - Setting next_dagrun for company_overview_to_minio to 2026-02-15 00:00:00+00:00, run_after=2026-02-22 00:00:00+00:00
[2026-02-19T02:26:32.476+0000] {processor.py:183} INFO - Processing /opt/airflow/dags/dl_overview.py took 0.111 seconds
[2026-02-19T02:27:03.097+0000] {processor.py:161} INFO - Started process (PID=1129) to work on /opt/airflow/dags/dl_overview.py
[2026-02-19T02:27:03.098+0000] {processor.py:830} INFO - Processing file /opt/airflow/dags/dl_overview.py for tasks to queue
[2026-02-19T02:27:03.099+0000] {logging_mixin.py:188} INFO - [2026-02-19T02:27:03.099+0000] {dagbag.py:545} INFO - Filling up the DagBag from /opt/airflow/dags/dl_overview.py
[2026-02-19T02:27:03.128+0000] {processor.py:840} INFO - DAG(s) 'company_overview_to_minio' retrieved from /opt/airflow/dags/dl_overview.py
[2026-02-19T02:27:03.148+0000] {logging_mixin.py:188} INFO - [2026-02-19T02:27:03.148+0000] {dag.py:3089} INFO - Sync 1 DAGs
[2026-02-19T02:27:03.169+0000] {logging_mixin.py:188} INFO - [2026-02-19T02:27:03.169+0000] {dag.py:3947} INFO - Setting next_dagrun for company_overview_to_minio to 2026-02-15 00:00:00+00:00, run_after=2026-02-22 00:00:00+00:00
[2026-02-19T02:27:03.349+0000] {processor.py:183} INFO - Processing /opt/airflow/dags/dl_overview.py took 0.257 seconds
[2026-02-19T02:27:33.856+0000] {processor.py:161} INFO - Started process (PID=1151) to work on /opt/airflow/dags/dl_overview.py
[2026-02-19T02:27:33.857+0000] {processor.py:830} INFO - Processing file /opt/airflow/dags/dl_overview.py for tasks to queue
[2026-02-19T02:27:33.857+0000] {logging_mixin.py:188} INFO - [2026-02-19T02:27:33.857+0000] {dagbag.py:545} INFO - Filling up the DagBag from /opt/airflow/dags/dl_overview.py
[2026-02-19T02:27:33.882+0000] {processor.py:840} INFO - DAG(s) 'company_overview_to_minio' retrieved from /opt/airflow/dags/dl_overview.py
[2026-02-19T02:27:33.903+0000] {logging_mixin.py:188} INFO - [2026-02-19T02:27:33.903+0000] {dag.py:3089} INFO - Sync 1 DAGs
[2026-02-19T02:27:33.922+0000] {logging_mixin.py:188} INFO - [2026-02-19T02:27:33.922+0000] {dag.py:3947} INFO - Setting next_dagrun for company_overview_to_minio to 2026-02-15 00:00:00+00:00, run_after=2026-02-22 00:00:00+00:00
[2026-02-19T02:27:33.939+0000] {processor.py:183} INFO - Processing /opt/airflow/dags/dl_overview.py took 0.088 seconds
[2026-02-19T02:28:05.359+0000] {processor.py:161} INFO - Started process (PID=1183) to work on /opt/airflow/dags/dl_overview.py
[2026-02-19T02:28:05.360+0000] {processor.py:830} INFO - Processing file /opt/airflow/dags/dl_overview.py for tasks to queue
[2026-02-19T02:28:05.361+0000] {logging_mixin.py:188} INFO - [2026-02-19T02:28:05.361+0000] {dagbag.py:545} INFO - Filling up the DagBag from /opt/airflow/dags/dl_overview.py
[2026-02-19T02:28:05.389+0000] {processor.py:840} INFO - DAG(s) 'company_overview_to_minio' retrieved from /opt/airflow/dags/dl_overview.py
[2026-02-19T02:28:05.411+0000] {logging_mixin.py:188} INFO - [2026-02-19T02:28:05.411+0000] {dag.py:3089} INFO - Sync 1 DAGs
[2026-02-19T02:28:05.640+0000] {logging_mixin.py:188} INFO - [2026-02-19T02:28:05.640+0000] {dag.py:3947} INFO - Setting next_dagrun for company_overview_to_minio to 2026-02-15 00:00:00+00:00, run_after=2026-02-22 00:00:00+00:00
[2026-02-19T02:28:05.660+0000] {processor.py:183} INFO - Processing /opt/airflow/dags/dl_overview.py took 0.305 seconds
[2026-02-19T02:28:35.804+0000] {processor.py:161} INFO - Started process (PID=1205) to work on /opt/airflow/dags/dl_overview.py
[2026-02-19T02:28:35.805+0000] {processor.py:830} INFO - Processing file /opt/airflow/dags/dl_overview.py for tasks to queue
[2026-02-19T02:28:35.806+0000] {logging_mixin.py:188} INFO - [2026-02-19T02:28:35.806+0000] {dagbag.py:545} INFO - Filling up the DagBag from /opt/airflow/dags/dl_overview.py
[2026-02-19T02:28:35.854+0000] {processor.py:840} INFO - DAG(s) 'company_overview_to_minio' retrieved from /opt/airflow/dags/dl_overview.py
[2026-02-19T02:28:35.886+0000] {logging_mixin.py:188} INFO - [2026-02-19T02:28:35.886+0000] {dag.py:3089} INFO - Sync 1 DAGs
[2026-02-19T02:28:35.906+0000] {logging_mixin.py:188} INFO - [2026-02-19T02:28:35.906+0000] {dag.py:3947} INFO - Setting next_dagrun for company_overview_to_minio to 2026-02-15 00:00:00+00:00, run_after=2026-02-22 00:00:00+00:00
[2026-02-19T02:28:35.940+0000] {processor.py:183} INFO - Processing /opt/airflow/dags/dl_overview.py took 0.142 seconds
[2026-02-19T02:29:06.590+0000] {processor.py:161} INFO - Started process (PID=1227) to work on /opt/airflow/dags/dl_overview.py
[2026-02-19T02:29:06.591+0000] {processor.py:830} INFO - Processing file /opt/airflow/dags/dl_overview.py for tasks to queue
[2026-02-19T02:29:06.592+0000] {logging_mixin.py:188} INFO - [2026-02-19T02:29:06.592+0000] {dagbag.py:545} INFO - Filling up the DagBag from /opt/airflow/dags/dl_overview.py
[2026-02-19T02:29:06.622+0000] {processor.py:840} INFO - DAG(s) 'company_overview_to_minio' retrieved from /opt/airflow/dags/dl_overview.py
[2026-02-19T02:29:06.813+0000] {logging_mixin.py:188} INFO - [2026-02-19T02:29:06.812+0000] {dag.py:3089} INFO - Sync 1 DAGs
[2026-02-19T02:29:06.831+0000] {logging_mixin.py:188} INFO - [2026-02-19T02:29:06.831+0000] {dag.py:3947} INFO - Setting next_dagrun for company_overview_to_minio to 2026-02-15 00:00:00+00:00, run_after=2026-02-22 00:00:00+00:00
[2026-02-19T02:29:06.849+0000] {processor.py:183} INFO - Processing /opt/airflow/dags/dl_overview.py took 0.264 seconds
[2026-02-19T02:29:37.322+0000] {processor.py:161} INFO - Started process (PID=1257) to work on /opt/airflow/dags/dl_overview.py
[2026-02-19T02:29:37.322+0000] {processor.py:830} INFO - Processing file /opt/airflow/dags/dl_overview.py for tasks to queue
[2026-02-19T02:29:37.323+0000] {logging_mixin.py:188} INFO - [2026-02-19T02:29:37.323+0000] {dagbag.py:545} INFO - Filling up the DagBag from /opt/airflow/dags/dl_overview.py
[2026-02-19T02:29:37.349+0000] {processor.py:840} INFO - DAG(s) 'company_overview_to_minio' retrieved from /opt/airflow/dags/dl_overview.py
[2026-02-19T02:29:37.370+0000] {logging_mixin.py:188} INFO - [2026-02-19T02:29:37.370+0000] {dag.py:3089} INFO - Sync 1 DAGs
[2026-02-19T02:29:37.391+0000] {logging_mixin.py:188} INFO - [2026-02-19T02:29:37.391+0000] {dag.py:3947} INFO - Setting next_dagrun for company_overview_to_minio to 2026-02-15 00:00:00+00:00, run_after=2026-02-22 00:00:00+00:00
[2026-02-19T02:29:37.408+0000] {processor.py:183} INFO - Processing /opt/airflow/dags/dl_overview.py took 0.092 seconds
[2026-02-19T02:30:08.231+0000] {processor.py:161} INFO - Started process (PID=1279) to work on /opt/airflow/dags/dl_overview.py
[2026-02-19T02:30:08.232+0000] {processor.py:830} INFO - Processing file /opt/airflow/dags/dl_overview.py for tasks to queue
[2026-02-19T02:30:08.233+0000] {logging_mixin.py:188} INFO - [2026-02-19T02:30:08.233+0000] {dagbag.py:545} INFO - Filling up the DagBag from /opt/airflow/dags/dl_overview.py
[2026-02-19T02:30:08.261+0000] {processor.py:840} INFO - DAG(s) 'company_overview_to_minio' retrieved from /opt/airflow/dags/dl_overview.py
[2026-02-19T02:30:08.284+0000] {logging_mixin.py:188} INFO - [2026-02-19T02:30:08.283+0000] {dag.py:3089} INFO - Sync 1 DAGs
[2026-02-19T02:30:08.303+0000] {logging_mixin.py:188} INFO - [2026-02-19T02:30:08.303+0000] {dag.py:3947} INFO - Setting next_dagrun for company_overview_to_minio to 2026-02-15 00:00:00+00:00, run_after=2026-02-22 00:00:00+00:00
[2026-02-19T02:30:08.323+0000] {processor.py:183} INFO - Processing /opt/airflow/dags/dl_overview.py took 0.097 seconds
[2026-02-19T02:30:38.632+0000] {processor.py:161} INFO - Started process (PID=1302) to work on /opt/airflow/dags/dl_overview.py
[2026-02-19T02:30:38.633+0000] {processor.py:830} INFO - Processing file /opt/airflow/dags/dl_overview.py for tasks to queue
[2026-02-19T02:30:38.634+0000] {logging_mixin.py:188} INFO - [2026-02-19T02:30:38.634+0000] {dagbag.py:545} INFO - Filling up the DagBag from /opt/airflow/dags/dl_overview.py
[2026-02-19T02:30:38.661+0000] {processor.py:840} INFO - DAG(s) 'company_overview_to_minio' retrieved from /opt/airflow/dags/dl_overview.py
[2026-02-19T02:30:38.682+0000] {logging_mixin.py:188} INFO - [2026-02-19T02:30:38.681+0000] {dag.py:3089} INFO - Sync 1 DAGs
[2026-02-19T02:30:38.704+0000] {logging_mixin.py:188} INFO - [2026-02-19T02:30:38.704+0000] {dag.py:3947} INFO - Setting next_dagrun for company_overview_to_minio to 2026-02-15 00:00:00+00:00, run_after=2026-02-22 00:00:00+00:00
[2026-02-19T02:30:38.725+0000] {processor.py:183} INFO - Processing /opt/airflow/dags/dl_overview.py took 0.098 seconds
[2026-02-19T02:31:08.869+0000] {processor.py:161} INFO - Started process (PID=1324) to work on /opt/airflow/dags/dl_overview.py
[2026-02-19T02:31:08.870+0000] {processor.py:830} INFO - Processing file /opt/airflow/dags/dl_overview.py for tasks to queue
[2026-02-19T02:31:08.871+0000] {logging_mixin.py:188} INFO - [2026-02-19T02:31:08.871+0000] {dagbag.py:545} INFO - Filling up the DagBag from /opt/airflow/dags/dl_overview.py
[2026-02-19T02:31:08.898+0000] {processor.py:840} INFO - DAG(s) 'company_overview_to_minio' retrieved from /opt/airflow/dags/dl_overview.py
[2026-02-19T02:31:08.920+0000] {logging_mixin.py:188} INFO - [2026-02-19T02:31:08.920+0000] {dag.py:3089} INFO - Sync 1 DAGs
[2026-02-19T02:31:08.947+0000] {logging_mixin.py:188} INFO - [2026-02-19T02:31:08.946+0000] {dag.py:3947} INFO - Setting next_dagrun for company_overview_to_minio to 2026-02-15 00:00:00+00:00, run_after=2026-02-22 00:00:00+00:00
[2026-02-19T02:31:08.967+0000] {processor.py:183} INFO - Processing /opt/airflow/dags/dl_overview.py took 0.103 seconds
[2026-02-19T02:31:39.150+0000] {processor.py:161} INFO - Started process (PID=1346) to work on /opt/airflow/dags/dl_overview.py
[2026-02-19T02:31:39.151+0000] {processor.py:830} INFO - Processing file /opt/airflow/dags/dl_overview.py for tasks to queue
[2026-02-19T02:31:39.152+0000] {logging_mixin.py:188} INFO - [2026-02-19T02:31:39.152+0000] {dagbag.py:545} INFO - Filling up the DagBag from /opt/airflow/dags/dl_overview.py
[2026-02-19T02:31:39.177+0000] {processor.py:840} INFO - DAG(s) 'company_overview_to_minio' retrieved from /opt/airflow/dags/dl_overview.py
[2026-02-19T02:31:39.199+0000] {logging_mixin.py:188} INFO - [2026-02-19T02:31:39.199+0000] {dag.py:3089} INFO - Sync 1 DAGs
[2026-02-19T02:31:39.217+0000] {logging_mixin.py:188} INFO - [2026-02-19T02:31:39.217+0000] {dag.py:3947} INFO - Setting next_dagrun for company_overview_to_minio to 2026-02-15 00:00:00+00:00, run_after=2026-02-22 00:00:00+00:00
[2026-02-19T02:31:39.236+0000] {processor.py:183} INFO - Processing /opt/airflow/dags/dl_overview.py took 0.092 seconds
[2026-02-19T02:32:09.626+0000] {processor.py:161} INFO - Started process (PID=1375) to work on /opt/airflow/dags/dl_overview.py
[2026-02-19T02:32:09.627+0000] {processor.py:830} INFO - Processing file /opt/airflow/dags/dl_overview.py for tasks to queue
[2026-02-19T02:32:09.628+0000] {logging_mixin.py:188} INFO - [2026-02-19T02:32:09.628+0000] {dagbag.py:545} INFO - Filling up the DagBag from /opt/airflow/dags/dl_overview.py
[2026-02-19T02:32:09.655+0000] {processor.py:840} INFO - DAG(s) 'company_overview_to_minio' retrieved from /opt/airflow/dags/dl_overview.py
[2026-02-19T02:32:09.676+0000] {logging_mixin.py:188} INFO - [2026-02-19T02:32:09.676+0000] {dag.py:3089} INFO - Sync 1 DAGs
[2026-02-19T02:32:09.695+0000] {logging_mixin.py:188} INFO - [2026-02-19T02:32:09.695+0000] {dag.py:3947} INFO - Setting next_dagrun for company_overview_to_minio to 2026-02-15 00:00:00+00:00, run_after=2026-02-22 00:00:00+00:00
[2026-02-19T02:32:09.713+0000] {processor.py:183} INFO - Processing /opt/airflow/dags/dl_overview.py took 0.093 seconds
[2026-02-19T02:32:40.122+0000] {processor.py:161} INFO - Started process (PID=1397) to work on /opt/airflow/dags/dl_overview.py
[2026-02-19T02:32:40.122+0000] {processor.py:830} INFO - Processing file /opt/airflow/dags/dl_overview.py for tasks to queue
[2026-02-19T02:32:40.123+0000] {logging_mixin.py:188} INFO - [2026-02-19T02:32:40.123+0000] {dagbag.py:545} INFO - Filling up the DagBag from /opt/airflow/dags/dl_overview.py
[2026-02-19T02:32:40.158+0000] {processor.py:840} INFO - DAG(s) 'company_overview_to_minio' retrieved from /opt/airflow/dags/dl_overview.py
[2026-02-19T02:32:40.183+0000] {logging_mixin.py:188} INFO - [2026-02-19T02:32:40.182+0000] {dag.py:3089} INFO - Sync 1 DAGs
[2026-02-19T02:32:40.206+0000] {logging_mixin.py:188} INFO - [2026-02-19T02:32:40.205+0000] {dag.py:3947} INFO - Setting next_dagrun for company_overview_to_minio to 2026-02-15 00:00:00+00:00, run_after=2026-02-22 00:00:00+00:00
[2026-02-19T02:32:40.226+0000] {processor.py:183} INFO - Processing /opt/airflow/dags/dl_overview.py took 0.110 seconds
[2026-02-19T02:33:10.538+0000] {processor.py:161} INFO - Started process (PID=1430) to work on /opt/airflow/dags/dl_overview.py
[2026-02-19T02:33:10.539+0000] {processor.py:830} INFO - Processing file /opt/airflow/dags/dl_overview.py for tasks to queue
[2026-02-19T02:33:10.540+0000] {logging_mixin.py:188} INFO - [2026-02-19T02:33:10.539+0000] {dagbag.py:545} INFO - Filling up the DagBag from /opt/airflow/dags/dl_overview.py
[2026-02-19T02:33:10.569+0000] {processor.py:840} INFO - DAG(s) 'company_overview_to_minio' retrieved from /opt/airflow/dags/dl_overview.py
[2026-02-19T02:33:10.593+0000] {logging_mixin.py:188} INFO - [2026-02-19T02:33:10.593+0000] {dag.py:3089} INFO - Sync 1 DAGs
[2026-02-19T02:33:10.618+0000] {logging_mixin.py:188} INFO - [2026-02-19T02:33:10.617+0000] {dag.py:3947} INFO - Setting next_dagrun for company_overview_to_minio to 2026-02-15 00:00:00+00:00, run_after=2026-02-22 00:00:00+00:00
[2026-02-19T02:33:10.643+0000] {processor.py:183} INFO - Processing /opt/airflow/dags/dl_overview.py took 0.110 seconds
[2026-02-19T02:33:41.085+0000] {processor.py:161} INFO - Started process (PID=1452) to work on /opt/airflow/dags/dl_overview.py
[2026-02-19T02:33:41.087+0000] {processor.py:830} INFO - Processing file /opt/airflow/dags/dl_overview.py for tasks to queue
[2026-02-19T02:33:41.088+0000] {logging_mixin.py:188} INFO - [2026-02-19T02:33:41.088+0000] {dagbag.py:545} INFO - Filling up the DagBag from /opt/airflow/dags/dl_overview.py
[2026-02-19T02:33:41.119+0000] {processor.py:840} INFO - DAG(s) 'company_overview_to_minio' retrieved from /opt/airflow/dags/dl_overview.py
[2026-02-19T02:33:41.143+0000] {logging_mixin.py:188} INFO - [2026-02-19T02:33:41.142+0000] {dag.py:3089} INFO - Sync 1 DAGs
[2026-02-19T02:33:41.165+0000] {logging_mixin.py:188} INFO - [2026-02-19T02:33:41.164+0000] {dag.py:3947} INFO - Setting next_dagrun for company_overview_to_minio to 2026-02-15 00:00:00+00:00, run_after=2026-02-22 00:00:00+00:00
[2026-02-19T02:33:41.183+0000] {processor.py:183} INFO - Processing /opt/airflow/dags/dl_overview.py took 0.104 seconds
[2026-02-19T02:34:11.246+0000] {processor.py:161} INFO - Started process (PID=1487) to work on /opt/airflow/dags/dl_overview.py
[2026-02-19T02:34:11.246+0000] {processor.py:830} INFO - Processing file /opt/airflow/dags/dl_overview.py for tasks to queue
[2026-02-19T02:34:11.248+0000] {logging_mixin.py:188} INFO - [2026-02-19T02:34:11.247+0000] {dagbag.py:545} INFO - Filling up the DagBag from /opt/airflow/dags/dl_overview.py
[2026-02-19T02:34:11.282+0000] {processor.py:840} INFO - DAG(s) 'company_overview_to_minio' retrieved from /opt/airflow/dags/dl_overview.py
[2026-02-19T02:34:11.309+0000] {logging_mixin.py:188} INFO - [2026-02-19T02:34:11.308+0000] {dag.py:3089} INFO - Sync 1 DAGs
[2026-02-19T02:34:11.336+0000] {logging_mixin.py:188} INFO - [2026-02-19T02:34:11.336+0000] {dag.py:3947} INFO - Setting next_dagrun for company_overview_to_minio to 2026-02-15 00:00:00+00:00, run_after=2026-02-22 00:00:00+00:00
[2026-02-19T02:34:11.360+0000] {processor.py:183} INFO - Processing /opt/airflow/dags/dl_overview.py took 0.120 seconds
[2026-02-19T02:34:42.183+0000] {processor.py:161} INFO - Started process (PID=1509) to work on /opt/airflow/dags/dl_overview.py
[2026-02-19T02:34:42.184+0000] {processor.py:830} INFO - Processing file /opt/airflow/dags/dl_overview.py for tasks to queue
[2026-02-19T02:34:42.185+0000] {logging_mixin.py:188} INFO - [2026-02-19T02:34:42.184+0000] {dagbag.py:545} INFO - Filling up the DagBag from /opt/airflow/dags/dl_overview.py
[2026-02-19T02:34:42.225+0000] {processor.py:840} INFO - DAG(s) 'company_overview_to_minio' retrieved from /opt/airflow/dags/dl_overview.py
[2026-02-19T02:34:42.255+0000] {logging_mixin.py:188} INFO - [2026-02-19T02:34:42.255+0000] {dag.py:3089} INFO - Sync 1 DAGs
[2026-02-19T02:34:42.283+0000] {logging_mixin.py:188} INFO - [2026-02-19T02:34:42.283+0000] {dag.py:3947} INFO - Setting next_dagrun for company_overview_to_minio to 2026-02-15 00:00:00+00:00, run_after=2026-02-22 00:00:00+00:00
[2026-02-19T02:34:42.310+0000] {processor.py:183} INFO - Processing /opt/airflow/dags/dl_overview.py took 0.135 seconds
[2026-02-19T02:35:12.657+0000] {processor.py:161} INFO - Started process (PID=1534) to work on /opt/airflow/dags/dl_overview.py
[2026-02-19T02:35:12.658+0000] {processor.py:830} INFO - Processing file /opt/airflow/dags/dl_overview.py for tasks to queue
[2026-02-19T02:35:12.659+0000] {logging_mixin.py:188} INFO - [2026-02-19T02:35:12.658+0000] {dagbag.py:545} INFO - Filling up the DagBag from /opt/airflow/dags/dl_overview.py
[2026-02-19T02:35:12.691+0000] {processor.py:840} INFO - DAG(s) 'company_overview_to_minio' retrieved from /opt/airflow/dags/dl_overview.py
[2026-02-19T02:35:12.715+0000] {logging_mixin.py:188} INFO - [2026-02-19T02:35:12.715+0000] {dag.py:3089} INFO - Sync 1 DAGs
[2026-02-19T02:35:12.740+0000] {logging_mixin.py:188} INFO - [2026-02-19T02:35:12.740+0000] {dag.py:3947} INFO - Setting next_dagrun for company_overview_to_minio to 2026-02-15 00:00:00+00:00, run_after=2026-02-22 00:00:00+00:00
[2026-02-19T02:35:12.765+0000] {processor.py:183} INFO - Processing /opt/airflow/dags/dl_overview.py took 0.114 seconds
[2026-02-19T02:35:44.291+0000] {processor.py:161} INFO - Started process (PID=1575) to work on /opt/airflow/dags/dl_overview.py
[2026-02-19T02:35:44.292+0000] {processor.py:830} INFO - Processing file /opt/airflow/dags/dl_overview.py for tasks to queue
[2026-02-19T02:35:44.293+0000] {logging_mixin.py:188} INFO - [2026-02-19T02:35:44.293+0000] {dagbag.py:545} INFO - Filling up the DagBag from /opt/airflow/dags/dl_overview.py
[2026-02-19T02:35:44.366+0000] {processor.py:840} INFO - DAG(s) 'company_overview_to_minio' retrieved from /opt/airflow/dags/dl_overview.py
[2026-02-19T02:35:44.434+0000] {logging_mixin.py:188} INFO - [2026-02-19T02:35:44.432+0000] {dag.py:3089} INFO - Sync 1 DAGs
[2026-02-19T02:35:44.492+0000] {logging_mixin.py:188} INFO - [2026-02-19T02:35:44.491+0000] {dag.py:3947} INFO - Setting next_dagrun for company_overview_to_minio to 2026-02-15 00:00:00+00:00, run_after=2026-02-22 00:00:00+00:00
[2026-02-19T02:35:44.537+0000] {processor.py:183} INFO - Processing /opt/airflow/dags/dl_overview.py took 0.260 seconds
[2026-02-19T02:36:14.727+0000] {processor.py:161} INFO - Started process (PID=1598) to work on /opt/airflow/dags/dl_overview.py
[2026-02-19T02:36:14.728+0000] {processor.py:830} INFO - Processing file /opt/airflow/dags/dl_overview.py for tasks to queue
[2026-02-19T02:36:14.729+0000] {logging_mixin.py:188} INFO - [2026-02-19T02:36:14.728+0000] {dagbag.py:545} INFO - Filling up the DagBag from /opt/airflow/dags/dl_overview.py
[2026-02-19T02:36:14.767+0000] {processor.py:840} INFO - DAG(s) 'company_overview_to_minio' retrieved from /opt/airflow/dags/dl_overview.py
[2026-02-19T02:36:14.802+0000] {logging_mixin.py:188} INFO - [2026-02-19T02:36:14.801+0000] {dag.py:3089} INFO - Sync 1 DAGs
[2026-02-19T02:36:14.834+0000] {logging_mixin.py:188} INFO - [2026-02-19T02:36:14.834+0000] {dag.py:3947} INFO - Setting next_dagrun for company_overview_to_minio to 2026-02-15 00:00:00+00:00, run_after=2026-02-22 00:00:00+00:00
[2026-02-19T02:36:14.865+0000] {processor.py:183} INFO - Processing /opt/airflow/dags/dl_overview.py took 0.146 seconds
[2026-02-19T02:36:45.634+0000] {processor.py:161} INFO - Started process (PID=1653) to work on /opt/airflow/dags/dl_overview.py
[2026-02-19T02:36:45.635+0000] {processor.py:830} INFO - Processing file /opt/airflow/dags/dl_overview.py for tasks to queue
[2026-02-19T02:36:45.636+0000] {logging_mixin.py:188} INFO - [2026-02-19T02:36:45.636+0000] {dagbag.py:545} INFO - Filling up the DagBag from /opt/airflow/dags/dl_overview.py
[2026-02-19T02:36:45.664+0000] {processor.py:840} INFO - DAG(s) 'company_overview_to_minio' retrieved from /opt/airflow/dags/dl_overview.py
[2026-02-19T02:36:45.688+0000] {logging_mixin.py:188} INFO - [2026-02-19T02:36:45.688+0000] {dag.py:3089} INFO - Sync 1 DAGs
[2026-02-19T02:36:45.710+0000] {logging_mixin.py:188} INFO - [2026-02-19T02:36:45.710+0000] {dag.py:3947} INFO - Setting next_dagrun for company_overview_to_minio to 2026-02-15 00:00:00+00:00, run_after=2026-02-22 00:00:00+00:00
[2026-02-19T02:36:45.731+0000] {processor.py:183} INFO - Processing /opt/airflow/dags/dl_overview.py took 0.102 seconds
[2026-02-19T02:37:16.766+0000] {processor.py:161} INFO - Started process (PID=1686) to work on /opt/airflow/dags/dl_overview.py
[2026-02-19T02:37:16.767+0000] {processor.py:830} INFO - Processing file /opt/airflow/dags/dl_overview.py for tasks to queue
[2026-02-19T02:37:16.769+0000] {logging_mixin.py:188} INFO - [2026-02-19T02:37:16.768+0000] {dagbag.py:545} INFO - Filling up the DagBag from /opt/airflow/dags/dl_overview.py
[2026-02-19T02:37:16.809+0000] {processor.py:840} INFO - DAG(s) 'company_overview_to_minio' retrieved from /opt/airflow/dags/dl_overview.py
[2026-02-19T02:37:16.838+0000] {logging_mixin.py:188} INFO - [2026-02-19T02:37:16.837+0000] {dag.py:3089} INFO - Sync 1 DAGs
[2026-02-19T02:37:16.867+0000] {logging_mixin.py:188} INFO - [2026-02-19T02:37:16.866+0000] {dag.py:3947} INFO - Setting next_dagrun for company_overview_to_minio to 2026-02-15 00:00:00+00:00, run_after=2026-02-22 00:00:00+00:00
[2026-02-19T02:37:16.893+0000] {processor.py:183} INFO - Processing /opt/airflow/dags/dl_overview.py took 0.135 seconds
[2026-02-19T02:37:47.339+0000] {processor.py:161} INFO - Started process (PID=1709) to work on /opt/airflow/dags/dl_overview.py
[2026-02-19T02:37:47.340+0000] {processor.py:830} INFO - Processing file /opt/airflow/dags/dl_overview.py for tasks to queue
[2026-02-19T02:37:47.341+0000] {logging_mixin.py:188} INFO - [2026-02-19T02:37:47.340+0000] {dagbag.py:545} INFO - Filling up the DagBag from /opt/airflow/dags/dl_overview.py
[2026-02-19T02:37:47.376+0000] {processor.py:840} INFO - DAG(s) 'company_overview_to_minio' retrieved from /opt/airflow/dags/dl_overview.py
[2026-02-19T02:37:47.400+0000] {logging_mixin.py:188} INFO - [2026-02-19T02:37:47.399+0000] {dag.py:3089} INFO - Sync 1 DAGs
[2026-02-19T02:37:47.423+0000] {logging_mixin.py:188} INFO - [2026-02-19T02:37:47.423+0000] {dag.py:3947} INFO - Setting next_dagrun for company_overview_to_minio to 2026-02-15 00:00:00+00:00, run_after=2026-02-22 00:00:00+00:00
[2026-02-19T02:37:47.442+0000] {processor.py:183} INFO - Processing /opt/airflow/dags/dl_overview.py took 0.108 seconds
[2026-02-19T02:38:17.568+0000] {processor.py:161} INFO - Started process (PID=1734) to work on /opt/airflow/dags/dl_overview.py
[2026-02-19T02:38:17.568+0000] {processor.py:830} INFO - Processing file /opt/airflow/dags/dl_overview.py for tasks to queue
[2026-02-19T02:38:17.569+0000] {logging_mixin.py:188} INFO - [2026-02-19T02:38:17.569+0000] {dagbag.py:545} INFO - Filling up the DagBag from /opt/airflow/dags/dl_overview.py
[2026-02-19T02:38:17.600+0000] {processor.py:840} INFO - DAG(s) 'company_overview_to_minio' retrieved from /opt/airflow/dags/dl_overview.py
[2026-02-19T02:38:17.623+0000] {logging_mixin.py:188} INFO - [2026-02-19T02:38:17.623+0000] {dag.py:3089} INFO - Sync 1 DAGs
[2026-02-19T02:38:17.644+0000] {logging_mixin.py:188} INFO - [2026-02-19T02:38:17.644+0000] {dag.py:3947} INFO - Setting next_dagrun for company_overview_to_minio to 2026-02-15 00:00:00+00:00, run_after=2026-02-22 00:00:00+00:00
[2026-02-19T02:38:17.664+0000] {processor.py:183} INFO - Processing /opt/airflow/dags/dl_overview.py took 0.101 seconds
[2026-02-19T02:38:48.510+0000] {processor.py:161} INFO - Started process (PID=1758) to work on /opt/airflow/dags/dl_overview.py
[2026-02-19T02:38:48.511+0000] {processor.py:830} INFO - Processing file /opt/airflow/dags/dl_overview.py for tasks to queue
[2026-02-19T02:38:48.512+0000] {logging_mixin.py:188} INFO - [2026-02-19T02:38:48.512+0000] {dagbag.py:545} INFO - Filling up the DagBag from /opt/airflow/dags/dl_overview.py
[2026-02-19T02:38:48.540+0000] {processor.py:840} INFO - DAG(s) 'company_overview_to_minio' retrieved from /opt/airflow/dags/dl_overview.py
[2026-02-19T02:38:48.561+0000] {logging_mixin.py:188} INFO - [2026-02-19T02:38:48.561+0000] {dag.py:3089} INFO - Sync 1 DAGs
[2026-02-19T02:38:48.583+0000] {logging_mixin.py:188} INFO - [2026-02-19T02:38:48.583+0000] {dag.py:3947} INFO - Setting next_dagrun for company_overview_to_minio to 2026-02-15 00:00:00+00:00, run_after=2026-02-22 00:00:00+00:00
[2026-02-19T02:38:48.601+0000] {processor.py:183} INFO - Processing /opt/airflow/dags/dl_overview.py took 0.096 seconds
[2026-02-19T02:39:18.683+0000] {processor.py:161} INFO - Started process (PID=1781) to work on /opt/airflow/dags/dl_overview.py
[2026-02-19T02:39:18.684+0000] {processor.py:830} INFO - Processing file /opt/airflow/dags/dl_overview.py for tasks to queue
[2026-02-19T02:39:18.685+0000] {logging_mixin.py:188} INFO - [2026-02-19T02:39:18.684+0000] {dagbag.py:545} INFO - Filling up the DagBag from /opt/airflow/dags/dl_overview.py
[2026-02-19T02:39:18.711+0000] {processor.py:840} INFO - DAG(s) 'company_overview_to_minio' retrieved from /opt/airflow/dags/dl_overview.py
[2026-02-19T02:39:18.733+0000] {logging_mixin.py:188} INFO - [2026-02-19T02:39:18.733+0000] {dag.py:3089} INFO - Sync 1 DAGs
[2026-02-19T02:39:18.759+0000] {logging_mixin.py:188} INFO - [2026-02-19T02:39:18.759+0000] {dag.py:3947} INFO - Setting next_dagrun for company_overview_to_minio to 2026-02-15 00:00:00+00:00, run_after=2026-02-22 00:00:00+00:00
[2026-02-19T02:39:18.780+0000] {processor.py:183} INFO - Processing /opt/airflow/dags/dl_overview.py took 0.102 seconds
[2026-02-19T02:39:49.021+0000] {processor.py:161} INFO - Started process (PID=1806) to work on /opt/airflow/dags/dl_overview.py
[2026-02-19T02:39:49.021+0000] {processor.py:830} INFO - Processing file /opt/airflow/dags/dl_overview.py for tasks to queue
[2026-02-19T02:39:49.022+0000] {logging_mixin.py:188} INFO - [2026-02-19T02:39:49.022+0000] {dagbag.py:545} INFO - Filling up the DagBag from /opt/airflow/dags/dl_overview.py
[2026-02-19T02:39:49.058+0000] {processor.py:840} INFO - DAG(s) 'company_overview_to_minio' retrieved from /opt/airflow/dags/dl_overview.py
[2026-02-19T02:39:49.085+0000] {logging_mixin.py:188} INFO - [2026-02-19T02:39:49.085+0000] {dag.py:3089} INFO - Sync 1 DAGs
[2026-02-19T02:39:49.111+0000] {logging_mixin.py:188} INFO - [2026-02-19T02:39:49.111+0000] {dag.py:3947} INFO - Setting next_dagrun for company_overview_to_minio to 2026-02-15 00:00:00+00:00, run_after=2026-02-22 00:00:00+00:00
[2026-02-19T02:39:49.135+0000] {processor.py:183} INFO - Processing /opt/airflow/dags/dl_overview.py took 0.119 seconds
[2026-02-19T02:40:20.042+0000] {processor.py:161} INFO - Started process (PID=1838) to work on /opt/airflow/dags/dl_overview.py
[2026-02-19T02:40:20.042+0000] {processor.py:830} INFO - Processing file /opt/airflow/dags/dl_overview.py for tasks to queue
[2026-02-19T02:40:20.043+0000] {logging_mixin.py:188} INFO - [2026-02-19T02:40:20.043+0000] {dagbag.py:545} INFO - Filling up the DagBag from /opt/airflow/dags/dl_overview.py
[2026-02-19T02:40:20.071+0000] {processor.py:840} INFO - DAG(s) 'company_overview_to_minio' retrieved from /opt/airflow/dags/dl_overview.py
[2026-02-19T02:40:20.093+0000] {logging_mixin.py:188} INFO - [2026-02-19T02:40:20.092+0000] {dag.py:3089} INFO - Sync 1 DAGs
[2026-02-19T02:40:20.114+0000] {logging_mixin.py:188} INFO - [2026-02-19T02:40:20.114+0000] {dag.py:3947} INFO - Setting next_dagrun for company_overview_to_minio to 2026-02-15 00:00:00+00:00, run_after=2026-02-22 00:00:00+00:00
[2026-02-19T02:40:20.131+0000] {processor.py:183} INFO - Processing /opt/airflow/dags/dl_overview.py took 0.094 seconds
[2026-02-19T02:40:50.284+0000] {processor.py:161} INFO - Started process (PID=1867) to work on /opt/airflow/dags/dl_overview.py
[2026-02-19T02:40:50.285+0000] {processor.py:830} INFO - Processing file /opt/airflow/dags/dl_overview.py for tasks to queue
[2026-02-19T02:40:50.286+0000] {logging_mixin.py:188} INFO - [2026-02-19T02:40:50.285+0000] {dagbag.py:545} INFO - Filling up the DagBag from /opt/airflow/dags/dl_overview.py
[2026-02-19T02:40:50.319+0000] {processor.py:840} INFO - DAG(s) 'company_overview_to_minio' retrieved from /opt/airflow/dags/dl_overview.py
[2026-02-19T02:40:50.345+0000] {logging_mixin.py:188} INFO - [2026-02-19T02:40:50.345+0000] {dag.py:3089} INFO - Sync 1 DAGs
[2026-02-19T02:40:50.381+0000] {logging_mixin.py:188} INFO - [2026-02-19T02:40:50.381+0000] {dag.py:3947} INFO - Setting next_dagrun for company_overview_to_minio to 2026-02-15 00:00:00+00:00, run_after=2026-02-22 00:00:00+00:00
[2026-02-19T02:40:50.434+0000] {processor.py:183} INFO - Processing /opt/airflow/dags/dl_overview.py took 0.156 seconds
[2026-02-19T02:41:21.345+0000] {processor.py:161} INFO - Started process (PID=1911) to work on /opt/airflow/dags/dl_overview.py
[2026-02-19T02:41:21.346+0000] {processor.py:830} INFO - Processing file /opt/airflow/dags/dl_overview.py for tasks to queue
[2026-02-19T02:41:21.347+0000] {logging_mixin.py:188} INFO - [2026-02-19T02:41:21.346+0000] {dagbag.py:545} INFO - Filling up the DagBag from /opt/airflow/dags/dl_overview.py
[2026-02-19T02:41:21.374+0000] {processor.py:840} INFO - DAG(s) 'company_overview_to_minio' retrieved from /opt/airflow/dags/dl_overview.py
[2026-02-19T02:41:21.397+0000] {logging_mixin.py:188} INFO - [2026-02-19T02:41:21.396+0000] {dag.py:3089} INFO - Sync 1 DAGs
[2026-02-19T02:41:21.415+0000] {logging_mixin.py:188} INFO - [2026-02-19T02:41:21.415+0000] {dag.py:3947} INFO - Setting next_dagrun for company_overview_to_minio to 2026-02-15 00:00:00+00:00, run_after=2026-02-22 00:00:00+00:00
[2026-02-19T02:41:21.432+0000] {processor.py:183} INFO - Processing /opt/airflow/dags/dl_overview.py took 0.092 seconds
[2026-02-19T02:41:52.133+0000] {processor.py:161} INFO - Started process (PID=1936) to work on /opt/airflow/dags/dl_overview.py
[2026-02-19T02:41:52.134+0000] {processor.py:830} INFO - Processing file /opt/airflow/dags/dl_overview.py for tasks to queue
[2026-02-19T02:41:52.135+0000] {logging_mixin.py:188} INFO - [2026-02-19T02:41:52.134+0000] {dagbag.py:545} INFO - Filling up the DagBag from /opt/airflow/dags/dl_overview.py
[2026-02-19T02:41:52.161+0000] {processor.py:840} INFO - DAG(s) 'company_overview_to_minio' retrieved from /opt/airflow/dags/dl_overview.py
[2026-02-19T02:41:52.181+0000] {logging_mixin.py:188} INFO - [2026-02-19T02:41:52.181+0000] {dag.py:3089} INFO - Sync 1 DAGs
[2026-02-19T02:41:52.200+0000] {logging_mixin.py:188} INFO - [2026-02-19T02:41:52.200+0000] {dag.py:3947} INFO - Setting next_dagrun for company_overview_to_minio to 2026-02-15 00:00:00+00:00, run_after=2026-02-22 00:00:00+00:00
[2026-02-19T02:41:52.221+0000] {processor.py:183} INFO - Processing /opt/airflow/dags/dl_overview.py took 0.093 seconds
[2026-02-19T02:42:22.271+0000] {processor.py:161} INFO - Started process (PID=1960) to work on /opt/airflow/dags/dl_overview.py
[2026-02-19T02:42:22.272+0000] {processor.py:830} INFO - Processing file /opt/airflow/dags/dl_overview.py for tasks to queue
[2026-02-19T02:42:22.273+0000] {logging_mixin.py:188} INFO - [2026-02-19T02:42:22.273+0000] {dagbag.py:545} INFO - Filling up the DagBag from /opt/airflow/dags/dl_overview.py
[2026-02-19T02:42:22.305+0000] {processor.py:840} INFO - DAG(s) 'company_overview_to_minio' retrieved from /opt/airflow/dags/dl_overview.py
[2026-02-19T02:42:22.333+0000] {logging_mixin.py:188} INFO - [2026-02-19T02:42:22.332+0000] {dag.py:3089} INFO - Sync 1 DAGs
[2026-02-19T02:42:22.360+0000] {logging_mixin.py:188} INFO - [2026-02-19T02:42:22.360+0000] {dag.py:3947} INFO - Setting next_dagrun for company_overview_to_minio to 2026-02-15 00:00:00+00:00, run_after=2026-02-22 00:00:00+00:00
[2026-02-19T02:42:22.380+0000] {processor.py:183} INFO - Processing /opt/airflow/dags/dl_overview.py took 0.115 seconds
[2026-02-19T02:42:52.653+0000] {processor.py:161} INFO - Started process (PID=1983) to work on /opt/airflow/dags/dl_overview.py
[2026-02-19T02:42:52.653+0000] {processor.py:830} INFO - Processing file /opt/airflow/dags/dl_overview.py for tasks to queue
[2026-02-19T02:42:52.654+0000] {logging_mixin.py:188} INFO - [2026-02-19T02:42:52.654+0000] {dagbag.py:545} INFO - Filling up the DagBag from /opt/airflow/dags/dl_overview.py
[2026-02-19T02:42:52.687+0000] {processor.py:840} INFO - DAG(s) 'company_overview_to_minio' retrieved from /opt/airflow/dags/dl_overview.py
[2026-02-19T02:42:52.710+0000] {logging_mixin.py:188} INFO - [2026-02-19T02:42:52.710+0000] {dag.py:3089} INFO - Sync 1 DAGs
[2026-02-19T02:42:52.733+0000] {logging_mixin.py:188} INFO - [2026-02-19T02:42:52.733+0000] {dag.py:3947} INFO - Setting next_dagrun for company_overview_to_minio to 2026-02-15 00:00:00+00:00, run_after=2026-02-22 00:00:00+00:00
[2026-02-19T02:42:52.751+0000] {processor.py:183} INFO - Processing /opt/airflow/dags/dl_overview.py took 0.103 seconds
[2026-02-19T02:43:22.938+0000] {processor.py:161} INFO - Started process (PID=2027) to work on /opt/airflow/dags/dl_overview.py
[2026-02-19T02:43:22.939+0000] {processor.py:830} INFO - Processing file /opt/airflow/dags/dl_overview.py for tasks to queue
[2026-02-19T02:43:22.939+0000] {logging_mixin.py:188} INFO - [2026-02-19T02:43:22.939+0000] {dagbag.py:545} INFO - Filling up the DagBag from /opt/airflow/dags/dl_overview.py
[2026-02-19T02:43:22.967+0000] {processor.py:840} INFO - DAG(s) 'company_overview_to_minio' retrieved from /opt/airflow/dags/dl_overview.py
[2026-02-19T02:43:22.989+0000] {logging_mixin.py:188} INFO - [2026-02-19T02:43:22.988+0000] {dag.py:3089} INFO - Sync 1 DAGs
[2026-02-19T02:43:23.009+0000] {logging_mixin.py:188} INFO - [2026-02-19T02:43:23.009+0000] {dag.py:3947} INFO - Setting next_dagrun for company_overview_to_minio to 2026-02-15 00:00:00+00:00, run_after=2026-02-22 00:00:00+00:00
[2026-02-19T02:43:23.025+0000] {processor.py:183} INFO - Processing /opt/airflow/dags/dl_overview.py took 0.092 seconds
[2026-02-19T02:43:53.940+0000] {processor.py:161} INFO - Started process (PID=2052) to work on /opt/airflow/dags/dl_overview.py
[2026-02-19T02:43:53.941+0000] {processor.py:830} INFO - Processing file /opt/airflow/dags/dl_overview.py for tasks to queue
[2026-02-19T02:43:53.941+0000] {logging_mixin.py:188} INFO - [2026-02-19T02:43:53.941+0000] {dagbag.py:545} INFO - Filling up the DagBag from /opt/airflow/dags/dl_overview.py
[2026-02-19T02:43:53.973+0000] {processor.py:840} INFO - DAG(s) 'company_overview_to_minio' retrieved from /opt/airflow/dags/dl_overview.py
[2026-02-19T02:43:53.993+0000] {logging_mixin.py:188} INFO - [2026-02-19T02:43:53.993+0000] {dag.py:3089} INFO - Sync 1 DAGs
[2026-02-19T02:43:54.013+0000] {logging_mixin.py:188} INFO - [2026-02-19T02:43:54.013+0000] {dag.py:3947} INFO - Setting next_dagrun for company_overview_to_minio to 2026-02-15 00:00:00+00:00, run_after=2026-02-22 00:00:00+00:00
[2026-02-19T02:43:54.032+0000] {processor.py:183} INFO - Processing /opt/airflow/dags/dl_overview.py took 0.097 seconds
[2026-02-19T02:44:24.144+0000] {processor.py:161} INFO - Started process (PID=2074) to work on /opt/airflow/dags/dl_overview.py
[2026-02-19T02:44:24.145+0000] {processor.py:830} INFO - Processing file /opt/airflow/dags/dl_overview.py for tasks to queue
[2026-02-19T02:44:24.146+0000] {logging_mixin.py:188} INFO - [2026-02-19T02:44:24.146+0000] {dagbag.py:545} INFO - Filling up the DagBag from /opt/airflow/dags/dl_overview.py
[2026-02-19T02:44:24.173+0000] {processor.py:840} INFO - DAG(s) 'company_overview_to_minio' retrieved from /opt/airflow/dags/dl_overview.py
[2026-02-19T02:44:24.193+0000] {logging_mixin.py:188} INFO - [2026-02-19T02:44:24.192+0000] {dag.py:3089} INFO - Sync 1 DAGs
[2026-02-19T02:44:24.211+0000] {logging_mixin.py:188} INFO - [2026-02-19T02:44:24.211+0000] {dag.py:3947} INFO - Setting next_dagrun for company_overview_to_minio to 2026-02-15 00:00:00+00:00, run_after=2026-02-22 00:00:00+00:00
[2026-02-19T02:44:24.234+0000] {processor.py:183} INFO - Processing /opt/airflow/dags/dl_overview.py took 0.094 seconds
[2026-02-19T02:44:54.364+0000] {processor.py:161} INFO - Started process (PID=2099) to work on /opt/airflow/dags/dl_overview.py
[2026-02-19T02:44:54.365+0000] {processor.py:830} INFO - Processing file /opt/airflow/dags/dl_overview.py for tasks to queue
[2026-02-19T02:44:54.366+0000] {logging_mixin.py:188} INFO - [2026-02-19T02:44:54.365+0000] {dagbag.py:545} INFO - Filling up the DagBag from /opt/airflow/dags/dl_overview.py
[2026-02-19T02:44:54.394+0000] {processor.py:840} INFO - DAG(s) 'company_overview_to_minio' retrieved from /opt/airflow/dags/dl_overview.py
[2026-02-19T02:44:54.415+0000] {logging_mixin.py:188} INFO - [2026-02-19T02:44:54.415+0000] {dag.py:3089} INFO - Sync 1 DAGs
[2026-02-19T02:44:54.435+0000] {logging_mixin.py:188} INFO - [2026-02-19T02:44:54.435+0000] {dag.py:3947} INFO - Setting next_dagrun for company_overview_to_minio to 2026-02-15 00:00:00+00:00, run_after=2026-02-22 00:00:00+00:00
[2026-02-19T02:44:54.458+0000] {processor.py:183} INFO - Processing /opt/airflow/dags/dl_overview.py took 0.099 seconds
[2026-02-19T02:45:24.513+0000] {processor.py:161} INFO - Started process (PID=2124) to work on /opt/airflow/dags/dl_overview.py
[2026-02-19T02:45:24.513+0000] {processor.py:830} INFO - Processing file /opt/airflow/dags/dl_overview.py for tasks to queue
[2026-02-19T02:45:24.514+0000] {logging_mixin.py:188} INFO - [2026-02-19T02:45:24.514+0000] {dagbag.py:545} INFO - Filling up the DagBag from /opt/airflow/dags/dl_overview.py
[2026-02-19T02:45:24.543+0000] {processor.py:840} INFO - DAG(s) 'company_overview_to_minio' retrieved from /opt/airflow/dags/dl_overview.py
[2026-02-19T02:45:24.566+0000] {logging_mixin.py:188} INFO - [2026-02-19T02:45:24.566+0000] {dag.py:3089} INFO - Sync 1 DAGs
[2026-02-19T02:45:24.588+0000] {logging_mixin.py:188} INFO - [2026-02-19T02:45:24.588+0000] {dag.py:3947} INFO - Setting next_dagrun for company_overview_to_minio to 2026-02-15 00:00:00+00:00, run_after=2026-02-22 00:00:00+00:00
[2026-02-19T02:45:24.609+0000] {processor.py:183} INFO - Processing /opt/airflow/dags/dl_overview.py took 0.101 seconds
[2026-02-19T02:45:54.788+0000] {processor.py:161} INFO - Started process (PID=2146) to work on /opt/airflow/dags/dl_overview.py
[2026-02-19T02:45:54.789+0000] {processor.py:830} INFO - Processing file /opt/airflow/dags/dl_overview.py for tasks to queue
[2026-02-19T02:45:54.789+0000] {logging_mixin.py:188} INFO - [2026-02-19T02:45:54.789+0000] {dagbag.py:545} INFO - Filling up the DagBag from /opt/airflow/dags/dl_overview.py
[2026-02-19T02:45:54.818+0000] {processor.py:840} INFO - DAG(s) 'company_overview_to_minio' retrieved from /opt/airflow/dags/dl_overview.py
[2026-02-19T02:45:54.839+0000] {logging_mixin.py:188} INFO - [2026-02-19T02:45:54.839+0000] {dag.py:3089} INFO - Sync 1 DAGs
[2026-02-19T02:45:54.860+0000] {logging_mixin.py:188} INFO - [2026-02-19T02:45:54.860+0000] {dag.py:3947} INFO - Setting next_dagrun for company_overview_to_minio to 2026-02-15 00:00:00+00:00, run_after=2026-02-22 00:00:00+00:00
[2026-02-19T02:45:54.882+0000] {processor.py:183} INFO - Processing /opt/airflow/dags/dl_overview.py took 0.099 seconds
[2026-02-19T02:46:25.608+0000] {processor.py:161} INFO - Started process (PID=2171) to work on /opt/airflow/dags/dl_overview.py
[2026-02-19T02:46:25.609+0000] {processor.py:830} INFO - Processing file /opt/airflow/dags/dl_overview.py for tasks to queue
[2026-02-19T02:46:25.611+0000] {logging_mixin.py:188} INFO - [2026-02-19T02:46:25.610+0000] {dagbag.py:545} INFO - Filling up the DagBag from /opt/airflow/dags/dl_overview.py
[2026-02-19T02:46:25.660+0000] {processor.py:840} INFO - DAG(s) 'company_overview_to_minio' retrieved from /opt/airflow/dags/dl_overview.py
[2026-02-19T02:46:25.688+0000] {logging_mixin.py:188} INFO - [2026-02-19T02:46:25.687+0000] {dag.py:3089} INFO - Sync 1 DAGs
[2026-02-19T02:46:25.716+0000] {logging_mixin.py:188} INFO - [2026-02-19T02:46:25.716+0000] {dag.py:3947} INFO - Setting next_dagrun for company_overview_to_minio to 2026-02-15 00:00:00+00:00, run_after=2026-02-22 00:00:00+00:00
[2026-02-19T02:46:25.775+0000] {processor.py:183} INFO - Processing /opt/airflow/dags/dl_overview.py took 0.174 seconds
[2026-02-19T02:46:56.207+0000] {processor.py:161} INFO - Started process (PID=2196) to work on /opt/airflow/dags/dl_overview.py
[2026-02-19T02:46:56.208+0000] {processor.py:830} INFO - Processing file /opt/airflow/dags/dl_overview.py for tasks to queue
[2026-02-19T02:46:56.208+0000] {logging_mixin.py:188} INFO - [2026-02-19T02:46:56.208+0000] {dagbag.py:545} INFO - Filling up the DagBag from /opt/airflow/dags/dl_overview.py
[2026-02-19T02:46:56.235+0000] {processor.py:840} INFO - DAG(s) 'company_overview_to_minio' retrieved from /opt/airflow/dags/dl_overview.py
[2026-02-19T02:46:56.256+0000] {logging_mixin.py:188} INFO - [2026-02-19T02:46:56.256+0000] {dag.py:3089} INFO - Sync 1 DAGs
[2026-02-19T02:46:56.277+0000] {logging_mixin.py:188} INFO - [2026-02-19T02:46:56.277+0000] {dag.py:3947} INFO - Setting next_dagrun for company_overview_to_minio to 2026-02-15 00:00:00+00:00, run_after=2026-02-22 00:00:00+00:00
[2026-02-19T02:46:56.299+0000] {processor.py:183} INFO - Processing /opt/airflow/dags/dl_overview.py took 0.097 seconds
[2026-02-19T02:47:27.131+0000] {processor.py:161} INFO - Started process (PID=2221) to work on /opt/airflow/dags/dl_overview.py
[2026-02-19T02:47:27.131+0000] {processor.py:830} INFO - Processing file /opt/airflow/dags/dl_overview.py for tasks to queue
[2026-02-19T02:47:27.132+0000] {logging_mixin.py:188} INFO - [2026-02-19T02:47:27.132+0000] {dagbag.py:545} INFO - Filling up the DagBag from /opt/airflow/dags/dl_overview.py
[2026-02-19T02:47:27.160+0000] {processor.py:840} INFO - DAG(s) 'company_overview_to_minio' retrieved from /opt/airflow/dags/dl_overview.py
[2026-02-19T02:47:27.181+0000] {logging_mixin.py:188} INFO - [2026-02-19T02:47:27.181+0000] {dag.py:3089} INFO - Sync 1 DAGs
[2026-02-19T02:47:27.200+0000] {logging_mixin.py:188} INFO - [2026-02-19T02:47:27.200+0000] {dag.py:3947} INFO - Setting next_dagrun for company_overview_to_minio to 2026-02-15 00:00:00+00:00, run_after=2026-02-22 00:00:00+00:00
[2026-02-19T02:47:27.221+0000] {processor.py:183} INFO - Processing /opt/airflow/dags/dl_overview.py took 0.096 seconds
[2026-02-19T02:47:57.421+0000] {processor.py:161} INFO - Started process (PID=2243) to work on /opt/airflow/dags/dl_overview.py
[2026-02-19T02:47:57.422+0000] {processor.py:830} INFO - Processing file /opt/airflow/dags/dl_overview.py for tasks to queue
[2026-02-19T02:47:57.423+0000] {logging_mixin.py:188} INFO - [2026-02-19T02:47:57.422+0000] {dagbag.py:545} INFO - Filling up the DagBag from /opt/airflow/dags/dl_overview.py
[2026-02-19T02:47:57.450+0000] {processor.py:840} INFO - DAG(s) 'company_overview_to_minio' retrieved from /opt/airflow/dags/dl_overview.py
[2026-02-19T02:47:57.471+0000] {logging_mixin.py:188} INFO - [2026-02-19T02:47:57.471+0000] {dag.py:3089} INFO - Sync 1 DAGs
[2026-02-19T02:47:57.491+0000] {logging_mixin.py:188} INFO - [2026-02-19T02:47:57.490+0000] {dag.py:3947} INFO - Setting next_dagrun for company_overview_to_minio to 2026-02-15 00:00:00+00:00, run_after=2026-02-22 00:00:00+00:00
[2026-02-19T02:47:57.508+0000] {processor.py:183} INFO - Processing /opt/airflow/dags/dl_overview.py took 0.091 seconds
[2026-02-19T02:48:28.108+0000] {processor.py:161} INFO - Started process (PID=2275) to work on /opt/airflow/dags/dl_overview.py
[2026-02-19T02:48:28.109+0000] {processor.py:830} INFO - Processing file /opt/airflow/dags/dl_overview.py for tasks to queue
[2026-02-19T02:48:28.110+0000] {logging_mixin.py:188} INFO - [2026-02-19T02:48:28.110+0000] {dagbag.py:545} INFO - Filling up the DagBag from /opt/airflow/dags/dl_overview.py
[2026-02-19T02:48:28.140+0000] {processor.py:840} INFO - DAG(s) 'company_overview_to_minio' retrieved from /opt/airflow/dags/dl_overview.py
[2026-02-19T02:48:28.161+0000] {logging_mixin.py:188} INFO - [2026-02-19T02:48:28.160+0000] {dag.py:3089} INFO - Sync 1 DAGs
[2026-02-19T02:48:28.181+0000] {logging_mixin.py:188} INFO - [2026-02-19T02:48:28.181+0000] {dag.py:3947} INFO - Setting next_dagrun for company_overview_to_minio to 2026-02-15 00:00:00+00:00, run_after=2026-02-22 00:00:00+00:00
[2026-02-19T02:48:28.201+0000] {processor.py:183} INFO - Processing /opt/airflow/dags/dl_overview.py took 0.097 seconds
[2026-02-19T02:48:58.328+0000] {processor.py:161} INFO - Started process (PID=2325) to work on /opt/airflow/dags/dl_overview.py
[2026-02-19T02:48:58.330+0000] {processor.py:830} INFO - Processing file /opt/airflow/dags/dl_overview.py for tasks to queue
[2026-02-19T02:48:58.331+0000] {logging_mixin.py:188} INFO - [2026-02-19T02:48:58.330+0000] {dagbag.py:545} INFO - Filling up the DagBag from /opt/airflow/dags/dl_overview.py
[2026-02-19T02:48:58.364+0000] {processor.py:840} INFO - DAG(s) 'company_overview_to_minio' retrieved from /opt/airflow/dags/dl_overview.py
[2026-02-19T02:48:58.387+0000] {logging_mixin.py:188} INFO - [2026-02-19T02:48:58.387+0000] {dag.py:3089} INFO - Sync 1 DAGs
[2026-02-19T02:48:58.408+0000] {logging_mixin.py:188} INFO - [2026-02-19T02:48:58.408+0000] {dag.py:3947} INFO - Setting next_dagrun for company_overview_to_minio to 2026-02-15 00:00:00+00:00, run_after=2026-02-22 00:00:00+00:00
[2026-02-19T02:48:58.428+0000] {processor.py:183} INFO - Processing /opt/airflow/dags/dl_overview.py took 0.106 seconds
[2026-02-19T02:49:29.222+0000] {processor.py:161} INFO - Started process (PID=2350) to work on /opt/airflow/dags/dl_overview.py
[2026-02-19T02:49:29.222+0000] {processor.py:830} INFO - Processing file /opt/airflow/dags/dl_overview.py for tasks to queue
[2026-02-19T02:49:29.223+0000] {logging_mixin.py:188} INFO - [2026-02-19T02:49:29.223+0000] {dagbag.py:545} INFO - Filling up the DagBag from /opt/airflow/dags/dl_overview.py
[2026-02-19T02:49:29.266+0000] {processor.py:840} INFO - DAG(s) 'company_overview_to_minio' retrieved from /opt/airflow/dags/dl_overview.py
[2026-02-19T02:49:29.297+0000] {logging_mixin.py:188} INFO - [2026-02-19T02:49:29.296+0000] {dag.py:3089} INFO - Sync 1 DAGs
[2026-02-19T02:49:29.324+0000] {logging_mixin.py:188} INFO - [2026-02-19T02:49:29.324+0000] {dag.py:3947} INFO - Setting next_dagrun for company_overview_to_minio to 2026-02-15 00:00:00+00:00, run_after=2026-02-22 00:00:00+00:00
[2026-02-19T02:49:29.352+0000] {processor.py:183} INFO - Processing /opt/airflow/dags/dl_overview.py took 0.136 seconds
[2026-02-19T02:49:59.461+0000] {processor.py:161} INFO - Started process (PID=2372) to work on /opt/airflow/dags/dl_overview.py
[2026-02-19T02:49:59.462+0000] {processor.py:830} INFO - Processing file /opt/airflow/dags/dl_overview.py for tasks to queue
[2026-02-19T02:49:59.463+0000] {logging_mixin.py:188} INFO - [2026-02-19T02:49:59.463+0000] {dagbag.py:545} INFO - Filling up the DagBag from /opt/airflow/dags/dl_overview.py
[2026-02-19T02:49:59.495+0000] {processor.py:840} INFO - DAG(s) 'company_overview_to_minio' retrieved from /opt/airflow/dags/dl_overview.py
[2026-02-19T02:49:59.518+0000] {logging_mixin.py:188} INFO - [2026-02-19T02:49:59.518+0000] {dag.py:3089} INFO - Sync 1 DAGs
[2026-02-19T02:49:59.541+0000] {logging_mixin.py:188} INFO - [2026-02-19T02:49:59.541+0000] {dag.py:3947} INFO - Setting next_dagrun for company_overview_to_minio to 2026-02-15 00:00:00+00:00, run_after=2026-02-22 00:00:00+00:00
[2026-02-19T02:49:59.563+0000] {processor.py:183} INFO - Processing /opt/airflow/dags/dl_overview.py took 0.109 seconds
[2026-02-19T02:50:29.712+0000] {processor.py:161} INFO - Started process (PID=2397) to work on /opt/airflow/dags/dl_overview.py
[2026-02-19T02:50:29.713+0000] {processor.py:830} INFO - Processing file /opt/airflow/dags/dl_overview.py for tasks to queue
[2026-02-19T02:50:29.714+0000] {logging_mixin.py:188} INFO - [2026-02-19T02:50:29.714+0000] {dagbag.py:545} INFO - Filling up the DagBag from /opt/airflow/dags/dl_overview.py
[2026-02-19T02:50:29.759+0000] {processor.py:840} INFO - DAG(s) 'company_overview_to_minio' retrieved from /opt/airflow/dags/dl_overview.py
[2026-02-19T02:50:29.795+0000] {logging_mixin.py:188} INFO - [2026-02-19T02:50:29.794+0000] {dag.py:3089} INFO - Sync 1 DAGs
[2026-02-19T02:50:29.839+0000] {logging_mixin.py:188} INFO - [2026-02-19T02:50:29.838+0000] {dag.py:3947} INFO - Setting next_dagrun for company_overview_to_minio to 2026-02-15 00:00:00+00:00, run_after=2026-02-22 00:00:00+00:00
[2026-02-19T02:50:29.884+0000] {processor.py:183} INFO - Processing /opt/airflow/dags/dl_overview.py took 0.181 seconds
[2026-02-19T02:50:59.935+0000] {processor.py:161} INFO - Started process (PID=2422) to work on /opt/airflow/dags/dl_overview.py
[2026-02-19T02:50:59.936+0000] {processor.py:830} INFO - Processing file /opt/airflow/dags/dl_overview.py for tasks to queue
[2026-02-19T02:50:59.937+0000] {logging_mixin.py:188} INFO - [2026-02-19T02:50:59.937+0000] {dagbag.py:545} INFO - Filling up the DagBag from /opt/airflow/dags/dl_overview.py
[2026-02-19T02:50:59.970+0000] {processor.py:840} INFO - DAG(s) 'company_overview_to_minio' retrieved from /opt/airflow/dags/dl_overview.py
[2026-02-19T02:50:59.992+0000] {logging_mixin.py:188} INFO - [2026-02-19T02:50:59.992+0000] {dag.py:3089} INFO - Sync 1 DAGs
[2026-02-19T02:51:00.016+0000] {logging_mixin.py:188} INFO - [2026-02-19T02:51:00.016+0000] {dag.py:3947} INFO - Setting next_dagrun for company_overview_to_minio to 2026-02-15 00:00:00+00:00, run_after=2026-02-22 00:00:00+00:00
[2026-02-19T02:51:00.035+0000] {processor.py:183} INFO - Processing /opt/airflow/dags/dl_overview.py took 0.105 seconds
[2026-02-19T02:51:30.213+0000] {processor.py:161} INFO - Started process (PID=2447) to work on /opt/airflow/dags/dl_overview.py
[2026-02-19T02:51:30.214+0000] {processor.py:830} INFO - Processing file /opt/airflow/dags/dl_overview.py for tasks to queue
[2026-02-19T02:51:30.215+0000] {logging_mixin.py:188} INFO - [2026-02-19T02:51:30.215+0000] {dagbag.py:545} INFO - Filling up the DagBag from /opt/airflow/dags/dl_overview.py
[2026-02-19T02:51:30.249+0000] {processor.py:840} INFO - DAG(s) 'company_overview_to_minio' retrieved from /opt/airflow/dags/dl_overview.py
[2026-02-19T02:51:30.273+0000] {logging_mixin.py:188} INFO - [2026-02-19T02:51:30.272+0000] {dag.py:3089} INFO - Sync 1 DAGs
[2026-02-19T02:51:30.294+0000] {logging_mixin.py:188} INFO - [2026-02-19T02:51:30.294+0000] {dag.py:3947} INFO - Setting next_dagrun for company_overview_to_minio to 2026-02-15 00:00:00+00:00, run_after=2026-02-22 00:00:00+00:00
[2026-02-19T02:51:30.313+0000] {processor.py:183} INFO - Processing /opt/airflow/dags/dl_overview.py took 0.105 seconds
[2026-02-19T02:52:00.717+0000] {processor.py:161} INFO - Started process (PID=2472) to work on /opt/airflow/dags/dl_overview.py
[2026-02-19T02:52:00.718+0000] {processor.py:830} INFO - Processing file /opt/airflow/dags/dl_overview.py for tasks to queue
[2026-02-19T02:52:00.720+0000] {logging_mixin.py:188} INFO - [2026-02-19T02:52:00.719+0000] {dagbag.py:545} INFO - Filling up the DagBag from /opt/airflow/dags/dl_overview.py
[2026-02-19T02:52:00.783+0000] {processor.py:840} INFO - DAG(s) 'company_overview_to_minio' retrieved from /opt/airflow/dags/dl_overview.py
[2026-02-19T02:52:00.822+0000] {logging_mixin.py:188} INFO - [2026-02-19T02:52:00.822+0000] {dag.py:3089} INFO - Sync 1 DAGs
[2026-02-19T02:52:00.855+0000] {logging_mixin.py:188} INFO - [2026-02-19T02:52:00.855+0000] {dag.py:3947} INFO - Setting next_dagrun for company_overview_to_minio to 2026-02-15 00:00:00+00:00, run_after=2026-02-22 00:00:00+00:00
[2026-02-19T02:52:00.885+0000] {processor.py:183} INFO - Processing /opt/airflow/dags/dl_overview.py took 0.175 seconds
[2026-02-19T02:52:31.738+0000] {processor.py:161} INFO - Started process (PID=2503) to work on /opt/airflow/dags/dl_overview.py
[2026-02-19T02:52:31.740+0000] {processor.py:830} INFO - Processing file /opt/airflow/dags/dl_overview.py for tasks to queue
[2026-02-19T02:52:31.741+0000] {logging_mixin.py:188} INFO - [2026-02-19T02:52:31.741+0000] {dagbag.py:545} INFO - Filling up the DagBag from /opt/airflow/dags/dl_overview.py
[2026-02-19T02:52:31.781+0000] {processor.py:840} INFO - DAG(s) 'company_overview_to_minio' retrieved from /opt/airflow/dags/dl_overview.py
[2026-02-19T02:52:31.808+0000] {logging_mixin.py:188} INFO - [2026-02-19T02:52:31.807+0000] {dag.py:3089} INFO - Sync 1 DAGs
[2026-02-19T02:52:31.833+0000] {logging_mixin.py:188} INFO - [2026-02-19T02:52:31.833+0000] {dag.py:3947} INFO - Setting next_dagrun for company_overview_to_minio to 2026-02-15 00:00:00+00:00, run_after=2026-02-22 00:00:00+00:00
[2026-02-19T02:52:31.855+0000] {processor.py:183} INFO - Processing /opt/airflow/dags/dl_overview.py took 0.124 seconds
[2026-02-19T02:53:02.024+0000] {processor.py:161} INFO - Started process (PID=2528) to work on /opt/airflow/dags/dl_overview.py
[2026-02-19T02:53:02.025+0000] {processor.py:830} INFO - Processing file /opt/airflow/dags/dl_overview.py for tasks to queue
[2026-02-19T02:53:02.025+0000] {logging_mixin.py:188} INFO - [2026-02-19T02:53:02.025+0000] {dagbag.py:545} INFO - Filling up the DagBag from /opt/airflow/dags/dl_overview.py
[2026-02-19T02:53:02.056+0000] {processor.py:840} INFO - DAG(s) 'company_overview_to_minio' retrieved from /opt/airflow/dags/dl_overview.py
[2026-02-19T02:53:02.079+0000] {logging_mixin.py:188} INFO - [2026-02-19T02:53:02.079+0000] {dag.py:3089} INFO - Sync 1 DAGs
[2026-02-19T02:53:02.098+0000] {logging_mixin.py:188} INFO - [2026-02-19T02:53:02.098+0000] {dag.py:3947} INFO - Setting next_dagrun for company_overview_to_minio to 2026-02-15 00:00:00+00:00, run_after=2026-02-22 00:00:00+00:00
[2026-02-19T02:53:02.121+0000] {processor.py:183} INFO - Processing /opt/airflow/dags/dl_overview.py took 0.102 seconds
[2026-02-19T02:53:33.001+0000] {processor.py:161} INFO - Started process (PID=2553) to work on /opt/airflow/dags/dl_overview.py
[2026-02-19T02:53:33.002+0000] {processor.py:830} INFO - Processing file /opt/airflow/dags/dl_overview.py for tasks to queue
[2026-02-19T02:53:33.002+0000] {logging_mixin.py:188} INFO - [2026-02-19T02:53:33.002+0000] {dagbag.py:545} INFO - Filling up the DagBag from /opt/airflow/dags/dl_overview.py
[2026-02-19T02:53:33.029+0000] {processor.py:840} INFO - DAG(s) 'company_overview_to_minio' retrieved from /opt/airflow/dags/dl_overview.py
[2026-02-19T02:53:33.048+0000] {logging_mixin.py:188} INFO - [2026-02-19T02:53:33.048+0000] {dag.py:3089} INFO - Sync 1 DAGs
[2026-02-19T02:53:33.067+0000] {logging_mixin.py:188} INFO - [2026-02-19T02:53:33.066+0000] {dag.py:3947} INFO - Setting next_dagrun for company_overview_to_minio to 2026-02-15 00:00:00+00:00, run_after=2026-02-22 00:00:00+00:00
[2026-02-19T02:53:33.084+0000] {processor.py:183} INFO - Processing /opt/airflow/dags/dl_overview.py took 0.087 seconds
[2026-02-19T02:54:03.291+0000] {processor.py:161} INFO - Started process (PID=2578) to work on /opt/airflow/dags/dl_overview.py
[2026-02-19T02:54:03.291+0000] {processor.py:830} INFO - Processing file /opt/airflow/dags/dl_overview.py for tasks to queue
[2026-02-19T02:54:03.293+0000] {logging_mixin.py:188} INFO - [2026-02-19T02:54:03.292+0000] {dagbag.py:545} INFO - Filling up the DagBag from /opt/airflow/dags/dl_overview.py
[2026-02-19T02:54:03.330+0000] {processor.py:840} INFO - DAG(s) 'company_overview_to_minio' retrieved from /opt/airflow/dags/dl_overview.py
[2026-02-19T02:54:03.358+0000] {logging_mixin.py:188} INFO - [2026-02-19T02:54:03.358+0000] {dag.py:3089} INFO - Sync 1 DAGs
[2026-02-19T02:54:03.385+0000] {logging_mixin.py:188} INFO - [2026-02-19T02:54:03.385+0000] {dag.py:3947} INFO - Setting next_dagrun for company_overview_to_minio to 2026-02-15 00:00:00+00:00, run_after=2026-02-22 00:00:00+00:00
[2026-02-19T02:54:03.412+0000] {processor.py:183} INFO - Processing /opt/airflow/dags/dl_overview.py took 0.128 seconds
[2026-02-19T02:54:33.747+0000] {processor.py:161} INFO - Started process (PID=2603) to work on /opt/airflow/dags/dl_overview.py
[2026-02-19T02:54:33.748+0000] {processor.py:830} INFO - Processing file /opt/airflow/dags/dl_overview.py for tasks to queue
[2026-02-19T02:54:33.749+0000] {logging_mixin.py:188} INFO - [2026-02-19T02:54:33.748+0000] {dagbag.py:545} INFO - Filling up the DagBag from /opt/airflow/dags/dl_overview.py
[2026-02-19T02:54:33.775+0000] {processor.py:840} INFO - DAG(s) 'company_overview_to_minio' retrieved from /opt/airflow/dags/dl_overview.py
[2026-02-19T02:54:33.796+0000] {logging_mixin.py:188} INFO - [2026-02-19T02:54:33.796+0000] {dag.py:3089} INFO - Sync 1 DAGs
[2026-02-19T02:54:33.816+0000] {logging_mixin.py:188} INFO - [2026-02-19T02:54:33.816+0000] {dag.py:3947} INFO - Setting next_dagrun for company_overview_to_minio to 2026-02-15 00:00:00+00:00, run_after=2026-02-22 00:00:00+00:00
[2026-02-19T02:54:33.835+0000] {processor.py:183} INFO - Processing /opt/airflow/dags/dl_overview.py took 0.093 seconds
[2026-02-19T02:55:04.837+0000] {processor.py:161} INFO - Started process (PID=2628) to work on /opt/airflow/dags/dl_overview.py
[2026-02-19T02:55:04.838+0000] {processor.py:830} INFO - Processing file /opt/airflow/dags/dl_overview.py for tasks to queue
[2026-02-19T02:55:04.839+0000] {logging_mixin.py:188} INFO - [2026-02-19T02:55:04.839+0000] {dagbag.py:545} INFO - Filling up the DagBag from /opt/airflow/dags/dl_overview.py
[2026-02-19T02:55:04.866+0000] {processor.py:840} INFO - DAG(s) 'company_overview_to_minio' retrieved from /opt/airflow/dags/dl_overview.py
[2026-02-19T02:55:04.888+0000] {logging_mixin.py:188} INFO - [2026-02-19T02:55:04.888+0000] {dag.py:3089} INFO - Sync 1 DAGs
[2026-02-19T02:55:04.908+0000] {logging_mixin.py:188} INFO - [2026-02-19T02:55:04.908+0000] {dag.py:3947} INFO - Setting next_dagrun for company_overview_to_minio to 2026-02-15 00:00:00+00:00, run_after=2026-02-22 00:00:00+00:00
[2026-02-19T02:55:04.931+0000] {processor.py:183} INFO - Processing /opt/airflow/dags/dl_overview.py took 0.098 seconds
[2026-02-19T02:55:35.694+0000] {processor.py:161} INFO - Started process (PID=2658) to work on /opt/airflow/dags/dl_overview.py
[2026-02-19T02:55:35.695+0000] {processor.py:830} INFO - Processing file /opt/airflow/dags/dl_overview.py for tasks to queue
[2026-02-19T02:55:35.696+0000] {logging_mixin.py:188} INFO - [2026-02-19T02:55:35.695+0000] {dagbag.py:545} INFO - Filling up the DagBag from /opt/airflow/dags/dl_overview.py
[2026-02-19T02:55:35.731+0000] {processor.py:840} INFO - DAG(s) 'company_overview_to_minio' retrieved from /opt/airflow/dags/dl_overview.py
[2026-02-19T02:55:35.755+0000] {logging_mixin.py:188} INFO - [2026-02-19T02:55:35.755+0000] {dag.py:3089} INFO - Sync 1 DAGs
[2026-02-19T02:55:35.779+0000] {logging_mixin.py:188} INFO - [2026-02-19T02:55:35.779+0000] {dag.py:3947} INFO - Setting next_dagrun for company_overview_to_minio to 2026-02-15 00:00:00+00:00, run_after=2026-02-22 00:00:00+00:00
[2026-02-19T02:55:35.797+0000] {processor.py:183} INFO - Processing /opt/airflow/dags/dl_overview.py took 0.109 seconds
[2026-02-19T02:56:05.894+0000] {processor.py:161} INFO - Started process (PID=2683) to work on /opt/airflow/dags/dl_overview.py
[2026-02-19T02:56:05.894+0000] {processor.py:830} INFO - Processing file /opt/airflow/dags/dl_overview.py for tasks to queue
[2026-02-19T02:56:05.895+0000] {logging_mixin.py:188} INFO - [2026-02-19T02:56:05.895+0000] {dagbag.py:545} INFO - Filling up the DagBag from /opt/airflow/dags/dl_overview.py
[2026-02-19T02:56:05.923+0000] {processor.py:840} INFO - DAG(s) 'company_overview_to_minio' retrieved from /opt/airflow/dags/dl_overview.py
[2026-02-19T02:56:05.943+0000] {logging_mixin.py:188} INFO - [2026-02-19T02:56:05.942+0000] {dag.py:3089} INFO - Sync 1 DAGs
[2026-02-19T02:56:05.962+0000] {logging_mixin.py:188} INFO - [2026-02-19T02:56:05.962+0000] {dag.py:3947} INFO - Setting next_dagrun for company_overview_to_minio to 2026-02-15 00:00:00+00:00, run_after=2026-02-22 00:00:00+00:00
[2026-02-19T02:56:05.982+0000] {processor.py:183} INFO - Processing /opt/airflow/dags/dl_overview.py took 0.093 seconds
[2026-02-19T02:56:36.083+0000] {processor.py:161} INFO - Started process (PID=2707) to work on /opt/airflow/dags/dl_overview.py
[2026-02-19T02:56:36.084+0000] {processor.py:830} INFO - Processing file /opt/airflow/dags/dl_overview.py for tasks to queue
[2026-02-19T02:56:36.084+0000] {logging_mixin.py:188} INFO - [2026-02-19T02:56:36.084+0000] {dagbag.py:545} INFO - Filling up the DagBag from /opt/airflow/dags/dl_overview.py
[2026-02-19T02:56:36.112+0000] {processor.py:840} INFO - DAG(s) 'company_overview_to_minio' retrieved from /opt/airflow/dags/dl_overview.py
[2026-02-19T02:56:36.134+0000] {logging_mixin.py:188} INFO - [2026-02-19T02:56:36.134+0000] {dag.py:3089} INFO - Sync 1 DAGs
[2026-02-19T02:56:36.156+0000] {logging_mixin.py:188} INFO - [2026-02-19T02:56:36.156+0000] {dag.py:3947} INFO - Setting next_dagrun for company_overview_to_minio to 2026-02-15 00:00:00+00:00, run_after=2026-02-22 00:00:00+00:00
[2026-02-19T02:56:36.180+0000] {processor.py:183} INFO - Processing /opt/airflow/dags/dl_overview.py took 0.102 seconds
[2026-02-19T02:57:06.302+0000] {processor.py:161} INFO - Started process (PID=2731) to work on /opt/airflow/dags/dl_overview.py
[2026-02-19T02:57:06.302+0000] {processor.py:830} INFO - Processing file /opt/airflow/dags/dl_overview.py for tasks to queue
[2026-02-19T02:57:06.303+0000] {logging_mixin.py:188} INFO - [2026-02-19T02:57:06.303+0000] {dagbag.py:545} INFO - Filling up the DagBag from /opt/airflow/dags/dl_overview.py
[2026-02-19T02:57:06.331+0000] {processor.py:840} INFO - DAG(s) 'company_overview_to_minio' retrieved from /opt/airflow/dags/dl_overview.py
[2026-02-19T02:57:06.355+0000] {logging_mixin.py:188} INFO - [2026-02-19T02:57:06.355+0000] {dag.py:3089} INFO - Sync 1 DAGs
[2026-02-19T02:57:06.378+0000] {logging_mixin.py:188} INFO - [2026-02-19T02:57:06.377+0000] {dag.py:3947} INFO - Setting next_dagrun for company_overview_to_minio to 2026-02-15 00:00:00+00:00, run_after=2026-02-22 00:00:00+00:00
[2026-02-19T02:57:06.403+0000] {processor.py:183} INFO - Processing /opt/airflow/dags/dl_overview.py took 0.107 seconds
[2026-02-19T02:57:36.587+0000] {processor.py:161} INFO - Started process (PID=2755) to work on /opt/airflow/dags/dl_overview.py
[2026-02-19T02:57:36.588+0000] {processor.py:830} INFO - Processing file /opt/airflow/dags/dl_overview.py for tasks to queue
[2026-02-19T02:57:36.589+0000] {logging_mixin.py:188} INFO - [2026-02-19T02:57:36.588+0000] {dagbag.py:545} INFO - Filling up the DagBag from /opt/airflow/dags/dl_overview.py
[2026-02-19T02:57:36.616+0000] {processor.py:840} INFO - DAG(s) 'company_overview_to_minio' retrieved from /opt/airflow/dags/dl_overview.py
[2026-02-19T02:57:36.636+0000] {logging_mixin.py:188} INFO - [2026-02-19T02:57:36.636+0000] {dag.py:3089} INFO - Sync 1 DAGs
[2026-02-19T02:57:36.655+0000] {logging_mixin.py:188} INFO - [2026-02-19T02:57:36.655+0000] {dag.py:3947} INFO - Setting next_dagrun for company_overview_to_minio to 2026-02-15 00:00:00+00:00, run_after=2026-02-22 00:00:00+00:00
[2026-02-19T02:57:36.674+0000] {processor.py:183} INFO - Processing /opt/airflow/dags/dl_overview.py took 0.092 seconds
[2026-02-19T02:58:06.893+0000] {processor.py:161} INFO - Started process (PID=2779) to work on /opt/airflow/dags/dl_overview.py
[2026-02-19T02:58:06.894+0000] {processor.py:830} INFO - Processing file /opt/airflow/dags/dl_overview.py for tasks to queue
[2026-02-19T02:58:06.895+0000] {logging_mixin.py:188} INFO - [2026-02-19T02:58:06.894+0000] {dagbag.py:545} INFO - Filling up the DagBag from /opt/airflow/dags/dl_overview.py
[2026-02-19T02:58:06.921+0000] {processor.py:840} INFO - DAG(s) 'company_overview_to_minio' retrieved from /opt/airflow/dags/dl_overview.py
[2026-02-19T02:58:06.942+0000] {logging_mixin.py:188} INFO - [2026-02-19T02:58:06.942+0000] {dag.py:3089} INFO - Sync 1 DAGs
[2026-02-19T02:58:06.960+0000] {logging_mixin.py:188} INFO - [2026-02-19T02:58:06.960+0000] {dag.py:3947} INFO - Setting next_dagrun for company_overview_to_minio to 2026-02-15 00:00:00+00:00, run_after=2026-02-22 00:00:00+00:00
[2026-02-19T02:58:06.979+0000] {processor.py:183} INFO - Processing /opt/airflow/dags/dl_overview.py took 0.091 seconds
[2026-02-19T02:58:37.213+0000] {processor.py:161} INFO - Started process (PID=2803) to work on /opt/airflow/dags/dl_overview.py
[2026-02-19T02:58:37.214+0000] {processor.py:830} INFO - Processing file /opt/airflow/dags/dl_overview.py for tasks to queue
[2026-02-19T02:58:37.215+0000] {logging_mixin.py:188} INFO - [2026-02-19T02:58:37.214+0000] {dagbag.py:545} INFO - Filling up the DagBag from /opt/airflow/dags/dl_overview.py
[2026-02-19T02:58:37.243+0000] {processor.py:840} INFO - DAG(s) 'company_overview_to_minio' retrieved from /opt/airflow/dags/dl_overview.py
[2026-02-19T02:58:37.264+0000] {logging_mixin.py:188} INFO - [2026-02-19T02:58:37.263+0000] {dag.py:3089} INFO - Sync 1 DAGs
[2026-02-19T02:58:37.282+0000] {logging_mixin.py:188} INFO - [2026-02-19T02:58:37.282+0000] {dag.py:3947} INFO - Setting next_dagrun for company_overview_to_minio to 2026-02-15 00:00:00+00:00, run_after=2026-02-22 00:00:00+00:00
[2026-02-19T02:58:37.297+0000] {processor.py:183} INFO - Processing /opt/airflow/dags/dl_overview.py took 0.089 seconds
[2026-02-19T02:59:08.017+0000] {processor.py:161} INFO - Started process (PID=2834) to work on /opt/airflow/dags/dl_overview.py
[2026-02-19T02:59:08.018+0000] {processor.py:830} INFO - Processing file /opt/airflow/dags/dl_overview.py for tasks to queue
[2026-02-19T02:59:08.019+0000] {logging_mixin.py:188} INFO - [2026-02-19T02:59:08.019+0000] {dagbag.py:545} INFO - Filling up the DagBag from /opt/airflow/dags/dl_overview.py
[2026-02-19T02:59:08.057+0000] {processor.py:840} INFO - DAG(s) 'company_overview_to_minio' retrieved from /opt/airflow/dags/dl_overview.py
[2026-02-19T02:59:08.090+0000] {logging_mixin.py:188} INFO - [2026-02-19T02:59:08.089+0000] {dag.py:3089} INFO - Sync 1 DAGs
[2026-02-19T02:59:08.117+0000] {logging_mixin.py:188} INFO - [2026-02-19T02:59:08.117+0000] {dag.py:3947} INFO - Setting next_dagrun for company_overview_to_minio to 2026-02-15 00:00:00+00:00, run_after=2026-02-22 00:00:00+00:00
[2026-02-19T02:59:08.141+0000] {processor.py:183} INFO - Processing /opt/airflow/dags/dl_overview.py took 0.132 seconds
[2026-02-19T02:59:38.903+0000] {processor.py:161} INFO - Started process (PID=2856) to work on /opt/airflow/dags/dl_overview.py
[2026-02-19T02:59:38.904+0000] {processor.py:830} INFO - Processing file /opt/airflow/dags/dl_overview.py for tasks to queue
[2026-02-19T02:59:38.905+0000] {logging_mixin.py:188} INFO - [2026-02-19T02:59:38.904+0000] {dagbag.py:545} INFO - Filling up the DagBag from /opt/airflow/dags/dl_overview.py
[2026-02-19T02:59:38.932+0000] {processor.py:840} INFO - DAG(s) 'company_overview_to_minio' retrieved from /opt/airflow/dags/dl_overview.py
[2026-02-19T02:59:38.953+0000] {logging_mixin.py:188} INFO - [2026-02-19T02:59:38.953+0000] {dag.py:3089} INFO - Sync 1 DAGs
[2026-02-19T02:59:38.972+0000] {logging_mixin.py:188} INFO - [2026-02-19T02:59:38.971+0000] {dag.py:3947} INFO - Setting next_dagrun for company_overview_to_minio to 2026-02-15 00:00:00+00:00, run_after=2026-02-22 00:00:00+00:00
[2026-02-19T02:59:38.986+0000] {processor.py:183} INFO - Processing /opt/airflow/dags/dl_overview.py took 0.087 seconds
[2026-02-19T03:00:09.643+0000] {processor.py:161} INFO - Started process (PID=2880) to work on /opt/airflow/dags/dl_overview.py
[2026-02-19T03:00:09.644+0000] {processor.py:830} INFO - Processing file /opt/airflow/dags/dl_overview.py for tasks to queue
[2026-02-19T03:00:09.644+0000] {logging_mixin.py:188} INFO - [2026-02-19T03:00:09.644+0000] {dagbag.py:545} INFO - Filling up the DagBag from /opt/airflow/dags/dl_overview.py
[2026-02-19T03:00:09.673+0000] {processor.py:840} INFO - DAG(s) 'company_overview_to_minio' retrieved from /opt/airflow/dags/dl_overview.py
[2026-02-19T03:00:09.694+0000] {logging_mixin.py:188} INFO - [2026-02-19T03:00:09.694+0000] {dag.py:3089} INFO - Sync 1 DAGs
[2026-02-19T03:00:09.714+0000] {logging_mixin.py:188} INFO - [2026-02-19T03:00:09.714+0000] {dag.py:3947} INFO - Setting next_dagrun for company_overview_to_minio to 2026-02-15 00:00:00+00:00, run_after=2026-02-22 00:00:00+00:00
[2026-02-19T03:00:09.729+0000] {processor.py:183} INFO - Processing /opt/airflow/dags/dl_overview.py took 0.091 seconds
[2026-02-19T03:00:40.510+0000] {processor.py:161} INFO - Started process (PID=2904) to work on /opt/airflow/dags/dl_overview.py
[2026-02-19T03:00:40.512+0000] {processor.py:830} INFO - Processing file /opt/airflow/dags/dl_overview.py for tasks to queue
[2026-02-19T03:00:40.520+0000] {logging_mixin.py:188} INFO - [2026-02-19T03:00:40.520+0000] {dagbag.py:545} INFO - Filling up the DagBag from /opt/airflow/dags/dl_overview.py
[2026-02-19T03:00:40.577+0000] {processor.py:840} INFO - DAG(s) 'company_overview_to_minio' retrieved from /opt/airflow/dags/dl_overview.py
[2026-02-19T03:00:40.609+0000] {logging_mixin.py:188} INFO - [2026-02-19T03:00:40.608+0000] {dag.py:3089} INFO - Sync 1 DAGs
[2026-02-19T03:00:40.645+0000] {logging_mixin.py:188} INFO - [2026-02-19T03:00:40.645+0000] {dag.py:3947} INFO - Setting next_dagrun for company_overview_to_minio to 2026-02-15 00:00:00+00:00, run_after=2026-02-22 00:00:00+00:00
[2026-02-19T03:00:40.671+0000] {processor.py:183} INFO - Processing /opt/airflow/dags/dl_overview.py took 0.169 seconds
[2026-02-19T03:01:10.780+0000] {processor.py:161} INFO - Started process (PID=2928) to work on /opt/airflow/dags/dl_overview.py
[2026-02-19T03:01:10.781+0000] {processor.py:830} INFO - Processing file /opt/airflow/dags/dl_overview.py for tasks to queue
[2026-02-19T03:01:10.782+0000] {logging_mixin.py:188} INFO - [2026-02-19T03:01:10.782+0000] {dagbag.py:545} INFO - Filling up the DagBag from /opt/airflow/dags/dl_overview.py
[2026-02-19T03:01:10.846+0000] {processor.py:840} INFO - DAG(s) 'company_overview_to_minio' retrieved from /opt/airflow/dags/dl_overview.py
[2026-02-19T03:01:10.876+0000] {logging_mixin.py:188} INFO - [2026-02-19T03:01:10.875+0000] {dag.py:3089} INFO - Sync 1 DAGs
[2026-02-19T03:01:10.902+0000] {logging_mixin.py:188} INFO - [2026-02-19T03:01:10.902+0000] {dag.py:3947} INFO - Setting next_dagrun for company_overview_to_minio to 2026-02-15 00:00:00+00:00, run_after=2026-02-22 00:00:00+00:00
[2026-02-19T03:01:10.920+0000] {processor.py:183} INFO - Processing /opt/airflow/dags/dl_overview.py took 0.151 seconds
[2026-02-19T03:01:41.197+0000] {processor.py:161} INFO - Started process (PID=2952) to work on /opt/airflow/dags/dl_overview.py
[2026-02-19T03:01:41.198+0000] {processor.py:830} INFO - Processing file /opt/airflow/dags/dl_overview.py for tasks to queue
[2026-02-19T03:01:41.199+0000] {logging_mixin.py:188} INFO - [2026-02-19T03:01:41.199+0000] {dagbag.py:545} INFO - Filling up the DagBag from /opt/airflow/dags/dl_overview.py
[2026-02-19T03:01:41.258+0000] {processor.py:840} INFO - DAG(s) 'company_overview_to_minio' retrieved from /opt/airflow/dags/dl_overview.py
[2026-02-19T03:01:41.318+0000] {logging_mixin.py:188} INFO - [2026-02-19T03:01:41.318+0000] {dag.py:3089} INFO - Sync 1 DAGs
[2026-02-19T03:01:41.354+0000] {logging_mixin.py:188} INFO - [2026-02-19T03:01:41.354+0000] {dag.py:3947} INFO - Setting next_dagrun for company_overview_to_minio to 2026-02-15 00:00:00+00:00, run_after=2026-02-22 00:00:00+00:00
[2026-02-19T03:01:41.381+0000] {processor.py:183} INFO - Processing /opt/airflow/dags/dl_overview.py took 0.191 seconds
[2026-02-19T03:02:11.525+0000] {processor.py:161} INFO - Started process (PID=2976) to work on /opt/airflow/dags/dl_overview.py
[2026-02-19T03:02:11.526+0000] {processor.py:830} INFO - Processing file /opt/airflow/dags/dl_overview.py for tasks to queue
[2026-02-19T03:02:11.527+0000] {logging_mixin.py:188} INFO - [2026-02-19T03:02:11.526+0000] {dagbag.py:545} INFO - Filling up the DagBag from /opt/airflow/dags/dl_overview.py
[2026-02-19T03:02:11.556+0000] {processor.py:840} INFO - DAG(s) 'company_overview_to_minio' retrieved from /opt/airflow/dags/dl_overview.py
[2026-02-19T03:02:11.578+0000] {logging_mixin.py:188} INFO - [2026-02-19T03:02:11.577+0000] {dag.py:3089} INFO - Sync 1 DAGs
[2026-02-19T03:02:11.598+0000] {logging_mixin.py:188} INFO - [2026-02-19T03:02:11.598+0000] {dag.py:3947} INFO - Setting next_dagrun for company_overview_to_minio to 2026-02-15 00:00:00+00:00, run_after=2026-02-22 00:00:00+00:00
[2026-02-19T03:02:11.618+0000] {processor.py:183} INFO - Processing /opt/airflow/dags/dl_overview.py took 0.099 seconds
[2026-02-19T03:02:41.821+0000] {processor.py:161} INFO - Started process (PID=3014) to work on /opt/airflow/dags/dl_overview.py
[2026-02-19T03:02:41.824+0000] {processor.py:830} INFO - Processing file /opt/airflow/dags/dl_overview.py for tasks to queue
[2026-02-19T03:02:41.827+0000] {logging_mixin.py:188} INFO - [2026-02-19T03:02:41.826+0000] {dagbag.py:545} INFO - Filling up the DagBag from /opt/airflow/dags/dl_overview.py
[2026-02-19T03:02:41.902+0000] {processor.py:840} INFO - DAG(s) 'company_overview_to_minio' retrieved from /opt/airflow/dags/dl_overview.py
[2026-02-19T03:02:41.959+0000] {logging_mixin.py:188} INFO - [2026-02-19T03:02:41.959+0000] {dag.py:3089} INFO - Sync 1 DAGs
[2026-02-19T03:02:42.016+0000] {logging_mixin.py:188} INFO - [2026-02-19T03:02:42.016+0000] {dag.py:3947} INFO - Setting next_dagrun for company_overview_to_minio to 2026-02-15 00:00:00+00:00, run_after=2026-02-22 00:00:00+00:00
[2026-02-19T03:02:42.065+0000] {processor.py:183} INFO - Processing /opt/airflow/dags/dl_overview.py took 0.255 seconds
[2026-02-19T03:03:12.295+0000] {processor.py:161} INFO - Started process (PID=3039) to work on /opt/airflow/dags/dl_overview.py
[2026-02-19T03:03:12.295+0000] {processor.py:830} INFO - Processing file /opt/airflow/dags/dl_overview.py for tasks to queue
[2026-02-19T03:03:12.297+0000] {logging_mixin.py:188} INFO - [2026-02-19T03:03:12.296+0000] {dagbag.py:545} INFO - Filling up the DagBag from /opt/airflow/dags/dl_overview.py
[2026-02-19T03:03:12.348+0000] {processor.py:840} INFO - DAG(s) 'company_overview_to_minio' retrieved from /opt/airflow/dags/dl_overview.py
[2026-02-19T03:03:12.389+0000] {logging_mixin.py:188} INFO - [2026-02-19T03:03:12.388+0000] {dag.py:3089} INFO - Sync 1 DAGs
[2026-02-19T03:03:12.430+0000] {logging_mixin.py:188} INFO - [2026-02-19T03:03:12.429+0000] {dag.py:3947} INFO - Setting next_dagrun for company_overview_to_minio to 2026-02-15 00:00:00+00:00, run_after=2026-02-22 00:00:00+00:00
[2026-02-19T03:03:12.466+0000] {processor.py:183} INFO - Processing /opt/airflow/dags/dl_overview.py took 0.177 seconds
[2026-02-19T03:03:42.636+0000] {processor.py:161} INFO - Started process (PID=3063) to work on /opt/airflow/dags/dl_overview.py
[2026-02-19T03:03:42.637+0000] {processor.py:830} INFO - Processing file /opt/airflow/dags/dl_overview.py for tasks to queue
[2026-02-19T03:03:42.638+0000] {logging_mixin.py:188} INFO - [2026-02-19T03:03:42.638+0000] {dagbag.py:545} INFO - Filling up the DagBag from /opt/airflow/dags/dl_overview.py
[2026-02-19T03:03:42.671+0000] {processor.py:840} INFO - DAG(s) 'company_overview_to_minio' retrieved from /opt/airflow/dags/dl_overview.py
[2026-02-19T03:03:42.697+0000] {logging_mixin.py:188} INFO - [2026-02-19T03:03:42.697+0000] {dag.py:3089} INFO - Sync 1 DAGs
[2026-02-19T03:03:42.720+0000] {logging_mixin.py:188} INFO - [2026-02-19T03:03:42.720+0000] {dag.py:3947} INFO - Setting next_dagrun for company_overview_to_minio to 2026-02-15 00:00:00+00:00, run_after=2026-02-22 00:00:00+00:00
[2026-02-19T03:03:42.741+0000] {processor.py:183} INFO - Processing /opt/airflow/dags/dl_overview.py took 0.111 seconds
[2026-02-19T03:04:13.669+0000] {processor.py:161} INFO - Started process (PID=3086) to work on /opt/airflow/dags/dl_overview.py
[2026-02-19T03:04:13.670+0000] {processor.py:830} INFO - Processing file /opt/airflow/dags/dl_overview.py for tasks to queue
[2026-02-19T03:04:13.670+0000] {logging_mixin.py:188} INFO - [2026-02-19T03:04:13.670+0000] {dagbag.py:545} INFO - Filling up the DagBag from /opt/airflow/dags/dl_overview.py
[2026-02-19T03:04:13.697+0000] {processor.py:840} INFO - DAG(s) 'company_overview_to_minio' retrieved from /opt/airflow/dags/dl_overview.py
[2026-02-19T03:04:13.717+0000] {logging_mixin.py:188} INFO - [2026-02-19T03:04:13.717+0000] {dag.py:3089} INFO - Sync 1 DAGs
[2026-02-19T03:04:13.735+0000] {logging_mixin.py:188} INFO - [2026-02-19T03:04:13.734+0000] {dag.py:3947} INFO - Setting next_dagrun for company_overview_to_minio to 2026-02-15 00:00:00+00:00, run_after=2026-02-22 00:00:00+00:00
[2026-02-19T03:04:13.757+0000] {processor.py:183} INFO - Processing /opt/airflow/dags/dl_overview.py took 0.093 seconds
[2026-02-19T03:04:44.301+0000] {processor.py:161} INFO - Started process (PID=3121) to work on /opt/airflow/dags/dl_overview.py
[2026-02-19T03:04:44.302+0000] {processor.py:830} INFO - Processing file /opt/airflow/dags/dl_overview.py for tasks to queue
[2026-02-19T03:04:44.303+0000] {logging_mixin.py:188} INFO - [2026-02-19T03:04:44.302+0000] {dagbag.py:545} INFO - Filling up the DagBag from /opt/airflow/dags/dl_overview.py
[2026-02-19T03:04:44.340+0000] {processor.py:840} INFO - DAG(s) 'company_overview_to_minio' retrieved from /opt/airflow/dags/dl_overview.py
[2026-02-19T03:04:44.369+0000] {logging_mixin.py:188} INFO - [2026-02-19T03:04:44.368+0000] {dag.py:3089} INFO - Sync 1 DAGs
[2026-02-19T03:04:44.395+0000] {logging_mixin.py:188} INFO - [2026-02-19T03:04:44.395+0000] {dag.py:3947} INFO - Setting next_dagrun for company_overview_to_minio to 2026-02-15 00:00:00+00:00, run_after=2026-02-22 00:00:00+00:00
[2026-02-19T03:04:44.415+0000] {processor.py:183} INFO - Processing /opt/airflow/dags/dl_overview.py took 0.120 seconds
[2026-02-19T03:05:14.543+0000] {processor.py:161} INFO - Started process (PID=3145) to work on /opt/airflow/dags/dl_overview.py
[2026-02-19T03:05:14.543+0000] {processor.py:830} INFO - Processing file /opt/airflow/dags/dl_overview.py for tasks to queue
[2026-02-19T03:05:14.544+0000] {logging_mixin.py:188} INFO - [2026-02-19T03:05:14.544+0000] {dagbag.py:545} INFO - Filling up the DagBag from /opt/airflow/dags/dl_overview.py
[2026-02-19T03:05:14.573+0000] {processor.py:840} INFO - DAG(s) 'company_overview_to_minio' retrieved from /opt/airflow/dags/dl_overview.py
[2026-02-19T03:05:14.594+0000] {logging_mixin.py:188} INFO - [2026-02-19T03:05:14.594+0000] {dag.py:3089} INFO - Sync 1 DAGs
[2026-02-19T03:05:14.616+0000] {logging_mixin.py:188} INFO - [2026-02-19T03:05:14.616+0000] {dag.py:3947} INFO - Setting next_dagrun for company_overview_to_minio to 2026-02-15 00:00:00+00:00, run_after=2026-02-22 00:00:00+00:00
[2026-02-19T03:05:14.633+0000] {processor.py:183} INFO - Processing /opt/airflow/dags/dl_overview.py took 0.095 seconds
[2026-02-19T03:05:45.077+0000] {processor.py:161} INFO - Started process (PID=3177) to work on /opt/airflow/dags/dl_overview.py
[2026-02-19T03:05:45.077+0000] {processor.py:830} INFO - Processing file /opt/airflow/dags/dl_overview.py for tasks to queue
[2026-02-19T03:05:45.078+0000] {logging_mixin.py:188} INFO - [2026-02-19T03:05:45.078+0000] {dagbag.py:545} INFO - Filling up the DagBag from /opt/airflow/dags/dl_overview.py
[2026-02-19T03:05:45.106+0000] {processor.py:840} INFO - DAG(s) 'company_overview_to_minio' retrieved from /opt/airflow/dags/dl_overview.py
[2026-02-19T03:05:45.129+0000] {logging_mixin.py:188} INFO - [2026-02-19T03:05:45.129+0000] {dag.py:3089} INFO - Sync 1 DAGs
[2026-02-19T03:05:45.152+0000] {logging_mixin.py:188} INFO - [2026-02-19T03:05:45.152+0000] {dag.py:3947} INFO - Setting next_dagrun for company_overview_to_minio to 2026-02-15 00:00:00+00:00, run_after=2026-02-22 00:00:00+00:00
[2026-02-19T03:05:45.169+0000] {processor.py:183} INFO - Processing /opt/airflow/dags/dl_overview.py took 0.097 seconds
[2026-02-19T03:06:15.694+0000] {processor.py:161} INFO - Started process (PID=3201) to work on /opt/airflow/dags/dl_overview.py
[2026-02-19T03:06:15.694+0000] {processor.py:830} INFO - Processing file /opt/airflow/dags/dl_overview.py for tasks to queue
[2026-02-19T03:06:15.695+0000] {logging_mixin.py:188} INFO - [2026-02-19T03:06:15.695+0000] {dagbag.py:545} INFO - Filling up the DagBag from /opt/airflow/dags/dl_overview.py
[2026-02-19T03:06:15.724+0000] {processor.py:840} INFO - DAG(s) 'company_overview_to_minio' retrieved from /opt/airflow/dags/dl_overview.py
[2026-02-19T03:06:15.745+0000] {logging_mixin.py:188} INFO - [2026-02-19T03:06:15.745+0000] {dag.py:3089} INFO - Sync 1 DAGs
[2026-02-19T03:06:15.763+0000] {logging_mixin.py:188} INFO - [2026-02-19T03:06:15.763+0000] {dag.py:3947} INFO - Setting next_dagrun for company_overview_to_minio to 2026-02-15 00:00:00+00:00, run_after=2026-02-22 00:00:00+00:00
[2026-02-19T03:06:15.780+0000] {processor.py:183} INFO - Processing /opt/airflow/dags/dl_overview.py took 0.091 seconds
[2026-02-19T03:06:46.356+0000] {processor.py:161} INFO - Started process (PID=3225) to work on /opt/airflow/dags/dl_overview.py
[2026-02-19T03:06:46.357+0000] {processor.py:830} INFO - Processing file /opt/airflow/dags/dl_overview.py for tasks to queue
[2026-02-19T03:06:46.358+0000] {logging_mixin.py:188} INFO - [2026-02-19T03:06:46.357+0000] {dagbag.py:545} INFO - Filling up the DagBag from /opt/airflow/dags/dl_overview.py
[2026-02-19T03:06:46.386+0000] {processor.py:840} INFO - DAG(s) 'company_overview_to_minio' retrieved from /opt/airflow/dags/dl_overview.py
[2026-02-19T03:06:46.407+0000] {logging_mixin.py:188} INFO - [2026-02-19T03:06:46.407+0000] {dag.py:3089} INFO - Sync 1 DAGs
[2026-02-19T03:06:46.426+0000] {logging_mixin.py:188} INFO - [2026-02-19T03:06:46.426+0000] {dag.py:3947} INFO - Setting next_dagrun for company_overview_to_minio to 2026-02-15 00:00:00+00:00, run_after=2026-02-22 00:00:00+00:00
[2026-02-19T03:06:46.446+0000] {processor.py:183} INFO - Processing /opt/airflow/dags/dl_overview.py took 0.095 seconds
[2026-02-19T03:07:17.459+0000] {processor.py:161} INFO - Started process (PID=3268) to work on /opt/airflow/dags/dl_overview.py
[2026-02-19T03:07:17.460+0000] {processor.py:830} INFO - Processing file /opt/airflow/dags/dl_overview.py for tasks to queue
[2026-02-19T03:07:17.460+0000] {logging_mixin.py:188} INFO - [2026-02-19T03:07:17.460+0000] {dagbag.py:545} INFO - Filling up the DagBag from /opt/airflow/dags/dl_overview.py
[2026-02-19T03:07:17.487+0000] {processor.py:840} INFO - DAG(s) 'company_overview_to_minio' retrieved from /opt/airflow/dags/dl_overview.py
[2026-02-19T03:07:17.507+0000] {logging_mixin.py:188} INFO - [2026-02-19T03:07:17.507+0000] {dag.py:3089} INFO - Sync 1 DAGs
[2026-02-19T03:07:17.531+0000] {logging_mixin.py:188} INFO - [2026-02-19T03:07:17.531+0000] {dag.py:3947} INFO - Setting next_dagrun for company_overview_to_minio to 2026-02-15 00:00:00+00:00, run_after=2026-02-22 00:00:00+00:00
[2026-02-19T03:07:17.567+0000] {processor.py:183} INFO - Processing /opt/airflow/dags/dl_overview.py took 0.113 seconds
[2026-02-19T03:07:48.349+0000] {processor.py:161} INFO - Started process (PID=3292) to work on /opt/airflow/dags/dl_overview.py
[2026-02-19T03:07:48.350+0000] {processor.py:830} INFO - Processing file /opt/airflow/dags/dl_overview.py for tasks to queue
[2026-02-19T03:07:48.351+0000] {logging_mixin.py:188} INFO - [2026-02-19T03:07:48.350+0000] {dagbag.py:545} INFO - Filling up the DagBag from /opt/airflow/dags/dl_overview.py
[2026-02-19T03:07:48.380+0000] {processor.py:840} INFO - DAG(s) 'company_overview_to_minio' retrieved from /opt/airflow/dags/dl_overview.py
[2026-02-19T03:07:48.401+0000] {logging_mixin.py:188} INFO - [2026-02-19T03:07:48.400+0000] {dag.py:3089} INFO - Sync 1 DAGs
[2026-02-19T03:07:48.423+0000] {logging_mixin.py:188} INFO - [2026-02-19T03:07:48.422+0000] {dag.py:3947} INFO - Setting next_dagrun for company_overview_to_minio to 2026-02-15 00:00:00+00:00, run_after=2026-02-22 00:00:00+00:00
[2026-02-19T03:07:48.439+0000] {processor.py:183} INFO - Processing /opt/airflow/dags/dl_overview.py took 0.095 seconds
[2026-02-19T03:08:18.544+0000] {processor.py:161} INFO - Started process (PID=3314) to work on /opt/airflow/dags/dl_overview.py
[2026-02-19T03:08:18.545+0000] {processor.py:830} INFO - Processing file /opt/airflow/dags/dl_overview.py for tasks to queue
[2026-02-19T03:08:18.546+0000] {logging_mixin.py:188} INFO - [2026-02-19T03:08:18.546+0000] {dagbag.py:545} INFO - Filling up the DagBag from /opt/airflow/dags/dl_overview.py
[2026-02-19T03:08:18.586+0000] {processor.py:840} INFO - DAG(s) 'company_overview_to_minio' retrieved from /opt/airflow/dags/dl_overview.py
[2026-02-19T03:08:18.608+0000] {logging_mixin.py:188} INFO - [2026-02-19T03:08:18.608+0000] {dag.py:3089} INFO - Sync 1 DAGs
[2026-02-19T03:08:18.627+0000] {logging_mixin.py:188} INFO - [2026-02-19T03:08:18.627+0000] {dag.py:3947} INFO - Setting next_dagrun for company_overview_to_minio to 2026-02-15 00:00:00+00:00, run_after=2026-02-22 00:00:00+00:00
[2026-02-19T03:08:18.644+0000] {processor.py:183} INFO - Processing /opt/airflow/dags/dl_overview.py took 0.107 seconds
[2026-02-19T03:08:48.962+0000] {processor.py:161} INFO - Started process (PID=3338) to work on /opt/airflow/dags/dl_overview.py
[2026-02-19T03:08:48.963+0000] {processor.py:830} INFO - Processing file /opt/airflow/dags/dl_overview.py for tasks to queue
[2026-02-19T03:08:48.964+0000] {logging_mixin.py:188} INFO - [2026-02-19T03:08:48.963+0000] {dagbag.py:545} INFO - Filling up the DagBag from /opt/airflow/dags/dl_overview.py
[2026-02-19T03:08:49.006+0000] {processor.py:840} INFO - DAG(s) 'company_overview_to_minio' retrieved from /opt/airflow/dags/dl_overview.py
[2026-02-19T03:08:49.028+0000] {logging_mixin.py:188} INFO - [2026-02-19T03:08:49.028+0000] {dag.py:3089} INFO - Sync 1 DAGs
[2026-02-19T03:08:49.050+0000] {logging_mixin.py:188} INFO - [2026-02-19T03:08:49.050+0000] {dag.py:3947} INFO - Setting next_dagrun for company_overview_to_minio to 2026-02-15 00:00:00+00:00, run_after=2026-02-22 00:00:00+00:00
[2026-02-19T03:08:49.067+0000] {processor.py:183} INFO - Processing /opt/airflow/dags/dl_overview.py took 0.113 seconds
[2026-02-19T03:09:19.263+0000] {processor.py:161} INFO - Started process (PID=3362) to work on /opt/airflow/dags/dl_overview.py
[2026-02-19T03:09:19.264+0000] {processor.py:830} INFO - Processing file /opt/airflow/dags/dl_overview.py for tasks to queue
[2026-02-19T03:09:19.264+0000] {logging_mixin.py:188} INFO - [2026-02-19T03:09:19.264+0000] {dagbag.py:545} INFO - Filling up the DagBag from /opt/airflow/dags/dl_overview.py
[2026-02-19T03:09:19.293+0000] {processor.py:840} INFO - DAG(s) 'company_overview_to_minio' retrieved from /opt/airflow/dags/dl_overview.py
[2026-02-19T03:09:19.314+0000] {logging_mixin.py:188} INFO - [2026-02-19T03:09:19.313+0000] {dag.py:3089} INFO - Sync 1 DAGs
[2026-02-19T03:09:19.333+0000] {logging_mixin.py:188} INFO - [2026-02-19T03:09:19.333+0000] {dag.py:3947} INFO - Setting next_dagrun for company_overview_to_minio to 2026-02-15 00:00:00+00:00, run_after=2026-02-22 00:00:00+00:00
[2026-02-19T03:09:19.350+0000] {processor.py:183} INFO - Processing /opt/airflow/dags/dl_overview.py took 0.092 seconds
[2026-02-19T03:09:50.242+0000] {processor.py:161} INFO - Started process (PID=3386) to work on /opt/airflow/dags/dl_overview.py
[2026-02-19T03:09:50.249+0000] {processor.py:830} INFO - Processing file /opt/airflow/dags/dl_overview.py for tasks to queue
[2026-02-19T03:09:50.251+0000] {logging_mixin.py:188} INFO - [2026-02-19T03:09:50.251+0000] {dagbag.py:545} INFO - Filling up the DagBag from /opt/airflow/dags/dl_overview.py
[2026-02-19T03:09:50.306+0000] {processor.py:840} INFO - DAG(s) 'company_overview_to_minio' retrieved from /opt/airflow/dags/dl_overview.py
[2026-02-19T03:09:50.348+0000] {logging_mixin.py:188} INFO - [2026-02-19T03:09:50.348+0000] {dag.py:3089} INFO - Sync 1 DAGs
[2026-02-19T03:09:50.409+0000] {logging_mixin.py:188} INFO - [2026-02-19T03:09:50.409+0000] {dag.py:3947} INFO - Setting next_dagrun for company_overview_to_minio to 2026-02-15 00:00:00+00:00, run_after=2026-02-22 00:00:00+00:00
[2026-02-19T03:09:50.471+0000] {processor.py:183} INFO - Processing /opt/airflow/dags/dl_overview.py took 0.238 seconds
[2026-02-19T03:10:20.941+0000] {processor.py:161} INFO - Started process (PID=3410) to work on /opt/airflow/dags/dl_overview.py
[2026-02-19T03:10:20.942+0000] {processor.py:830} INFO - Processing file /opt/airflow/dags/dl_overview.py for tasks to queue
[2026-02-19T03:10:20.943+0000] {logging_mixin.py:188} INFO - [2026-02-19T03:10:20.942+0000] {dagbag.py:545} INFO - Filling up the DagBag from /opt/airflow/dags/dl_overview.py
[2026-02-19T03:10:20.972+0000] {processor.py:840} INFO - DAG(s) 'company_overview_to_minio' retrieved from /opt/airflow/dags/dl_overview.py
[2026-02-19T03:10:20.993+0000] {logging_mixin.py:188} INFO - [2026-02-19T03:10:20.993+0000] {dag.py:3089} INFO - Sync 1 DAGs
[2026-02-19T03:10:21.016+0000] {logging_mixin.py:188} INFO - [2026-02-19T03:10:21.015+0000] {dag.py:3947} INFO - Setting next_dagrun for company_overview_to_minio to 2026-02-15 00:00:00+00:00, run_after=2026-02-22 00:00:00+00:00
[2026-02-19T03:10:21.034+0000] {processor.py:183} INFO - Processing /opt/airflow/dags/dl_overview.py took 0.099 seconds
[2026-02-19T03:10:51.384+0000] {processor.py:161} INFO - Started process (PID=3434) to work on /opt/airflow/dags/dl_overview.py
[2026-02-19T03:10:51.385+0000] {processor.py:830} INFO - Processing file /opt/airflow/dags/dl_overview.py for tasks to queue
[2026-02-19T03:10:51.386+0000] {logging_mixin.py:188} INFO - [2026-02-19T03:10:51.386+0000] {dagbag.py:545} INFO - Filling up the DagBag from /opt/airflow/dags/dl_overview.py
[2026-02-19T03:10:51.418+0000] {processor.py:840} INFO - DAG(s) 'company_overview_to_minio' retrieved from /opt/airflow/dags/dl_overview.py
[2026-02-19T03:10:51.442+0000] {logging_mixin.py:188} INFO - [2026-02-19T03:10:51.442+0000] {dag.py:3089} INFO - Sync 1 DAGs
[2026-02-19T03:10:51.464+0000] {logging_mixin.py:188} INFO - [2026-02-19T03:10:51.463+0000] {dag.py:3947} INFO - Setting next_dagrun for company_overview_to_minio to 2026-02-15 00:00:00+00:00, run_after=2026-02-22 00:00:00+00:00
[2026-02-19T03:10:51.481+0000] {processor.py:183} INFO - Processing /opt/airflow/dags/dl_overview.py took 0.102 seconds
[2026-02-19T03:11:22.210+0000] {processor.py:161} INFO - Started process (PID=3466) to work on /opt/airflow/dags/dl_overview.py
[2026-02-19T03:11:22.210+0000] {processor.py:830} INFO - Processing file /opt/airflow/dags/dl_overview.py for tasks to queue
[2026-02-19T03:11:22.211+0000] {logging_mixin.py:188} INFO - [2026-02-19T03:11:22.211+0000] {dagbag.py:545} INFO - Filling up the DagBag from /opt/airflow/dags/dl_overview.py
[2026-02-19T03:11:22.239+0000] {processor.py:840} INFO - DAG(s) 'company_overview_to_minio' retrieved from /opt/airflow/dags/dl_overview.py
[2026-02-19T03:11:22.260+0000] {logging_mixin.py:188} INFO - [2026-02-19T03:11:22.259+0000] {dag.py:3089} INFO - Sync 1 DAGs
[2026-02-19T03:11:22.279+0000] {logging_mixin.py:188} INFO - [2026-02-19T03:11:22.279+0000] {dag.py:3947} INFO - Setting next_dagrun for company_overview_to_minio to 2026-02-15 00:00:00+00:00, run_after=2026-02-22 00:00:00+00:00
[2026-02-19T03:11:22.297+0000] {processor.py:183} INFO - Processing /opt/airflow/dags/dl_overview.py took 0.093 seconds
[2026-02-19T03:11:52.570+0000] {processor.py:161} INFO - Started process (PID=3500) to work on /opt/airflow/dags/dl_overview.py
[2026-02-19T03:11:52.570+0000] {processor.py:830} INFO - Processing file /opt/airflow/dags/dl_overview.py for tasks to queue
[2026-02-19T03:11:52.571+0000] {logging_mixin.py:188} INFO - [2026-02-19T03:11:52.571+0000] {dagbag.py:545} INFO - Filling up the DagBag from /opt/airflow/dags/dl_overview.py
[2026-02-19T03:11:52.597+0000] {processor.py:840} INFO - DAG(s) 'company_overview_to_minio' retrieved from /opt/airflow/dags/dl_overview.py
[2026-02-19T03:11:52.616+0000] {logging_mixin.py:188} INFO - [2026-02-19T03:11:52.616+0000] {dag.py:3089} INFO - Sync 1 DAGs
[2026-02-19T03:11:52.634+0000] {logging_mixin.py:188} INFO - [2026-02-19T03:11:52.634+0000] {dag.py:3947} INFO - Setting next_dagrun for company_overview_to_minio to 2026-02-15 00:00:00+00:00, run_after=2026-02-22 00:00:00+00:00
[2026-02-19T03:11:52.656+0000] {processor.py:183} INFO - Processing /opt/airflow/dags/dl_overview.py took 0.092 seconds
[2026-02-19T03:12:22.905+0000] {processor.py:161} INFO - Started process (PID=3526) to work on /opt/airflow/dags/dl_overview.py
[2026-02-19T03:12:22.906+0000] {processor.py:830} INFO - Processing file /opt/airflow/dags/dl_overview.py for tasks to queue
[2026-02-19T03:12:22.907+0000] {logging_mixin.py:188} INFO - [2026-02-19T03:12:22.906+0000] {dagbag.py:545} INFO - Filling up the DagBag from /opt/airflow/dags/dl_overview.py
[2026-02-19T03:12:22.936+0000] {processor.py:840} INFO - DAG(s) 'company_overview_to_minio' retrieved from /opt/airflow/dags/dl_overview.py
[2026-02-19T03:12:22.958+0000] {logging_mixin.py:188} INFO - [2026-02-19T03:12:22.958+0000] {dag.py:3089} INFO - Sync 1 DAGs
[2026-02-19T03:12:22.980+0000] {logging_mixin.py:188} INFO - [2026-02-19T03:12:22.980+0000] {dag.py:3947} INFO - Setting next_dagrun for company_overview_to_minio to 2026-02-15 00:00:00+00:00, run_after=2026-02-22 00:00:00+00:00
[2026-02-19T03:12:22.999+0000] {processor.py:183} INFO - Processing /opt/airflow/dags/dl_overview.py took 0.098 seconds
[2026-02-19T03:12:53.313+0000] {processor.py:161} INFO - Started process (PID=3551) to work on /opt/airflow/dags/dl_overview.py
[2026-02-19T03:12:53.314+0000] {processor.py:830} INFO - Processing file /opt/airflow/dags/dl_overview.py for tasks to queue
[2026-02-19T03:12:53.315+0000] {logging_mixin.py:188} INFO - [2026-02-19T03:12:53.315+0000] {dagbag.py:545} INFO - Filling up the DagBag from /opt/airflow/dags/dl_overview.py
[2026-02-19T03:12:53.346+0000] {processor.py:840} INFO - DAG(s) 'company_overview_to_minio' retrieved from /opt/airflow/dags/dl_overview.py
[2026-02-19T03:12:53.368+0000] {logging_mixin.py:188} INFO - [2026-02-19T03:12:53.368+0000] {dag.py:3089} INFO - Sync 1 DAGs
[2026-02-19T03:12:53.390+0000] {logging_mixin.py:188} INFO - [2026-02-19T03:12:53.390+0000] {dag.py:3947} INFO - Setting next_dagrun for company_overview_to_minio to 2026-02-15 00:00:00+00:00, run_after=2026-02-22 00:00:00+00:00
[2026-02-19T03:12:53.408+0000] {processor.py:183} INFO - Processing /opt/airflow/dags/dl_overview.py took 0.100 seconds
[2026-02-19T03:13:23.660+0000] {processor.py:161} INFO - Started process (PID=3576) to work on /opt/airflow/dags/dl_overview.py
[2026-02-19T03:13:23.661+0000] {processor.py:830} INFO - Processing file /opt/airflow/dags/dl_overview.py for tasks to queue
[2026-02-19T03:13:23.661+0000] {logging_mixin.py:188} INFO - [2026-02-19T03:13:23.661+0000] {dagbag.py:545} INFO - Filling up the DagBag from /opt/airflow/dags/dl_overview.py
[2026-02-19T03:13:23.687+0000] {processor.py:840} INFO - DAG(s) 'company_overview_to_minio' retrieved from /opt/airflow/dags/dl_overview.py
[2026-02-19T03:13:23.707+0000] {logging_mixin.py:188} INFO - [2026-02-19T03:13:23.707+0000] {dag.py:3089} INFO - Sync 1 DAGs
[2026-02-19T03:13:23.726+0000] {logging_mixin.py:188} INFO - [2026-02-19T03:13:23.726+0000] {dag.py:3947} INFO - Setting next_dagrun for company_overview_to_minio to 2026-02-15 00:00:00+00:00, run_after=2026-02-22 00:00:00+00:00
[2026-02-19T03:13:23.749+0000] {processor.py:183} INFO - Processing /opt/airflow/dags/dl_overview.py took 0.094 seconds
[2026-02-19T03:13:54.266+0000] {processor.py:161} INFO - Started process (PID=3601) to work on /opt/airflow/dags/dl_overview.py
[2026-02-19T03:13:54.267+0000] {processor.py:830} INFO - Processing file /opt/airflow/dags/dl_overview.py for tasks to queue
[2026-02-19T03:13:54.268+0000] {logging_mixin.py:188} INFO - [2026-02-19T03:13:54.267+0000] {dagbag.py:545} INFO - Filling up the DagBag from /opt/airflow/dags/dl_overview.py
[2026-02-19T03:13:54.297+0000] {processor.py:840} INFO - DAG(s) 'company_overview_to_minio' retrieved from /opt/airflow/dags/dl_overview.py
[2026-02-19T03:13:54.318+0000] {logging_mixin.py:188} INFO - [2026-02-19T03:13:54.317+0000] {dag.py:3089} INFO - Sync 1 DAGs
[2026-02-19T03:13:54.338+0000] {logging_mixin.py:188} INFO - [2026-02-19T03:13:54.338+0000] {dag.py:3947} INFO - Setting next_dagrun for company_overview_to_minio to 2026-02-15 00:00:00+00:00, run_after=2026-02-22 00:00:00+00:00
[2026-02-19T03:13:54.360+0000] {processor.py:183} INFO - Processing /opt/airflow/dags/dl_overview.py took 0.099 seconds
[2026-02-19T03:14:24.578+0000] {processor.py:161} INFO - Started process (PID=3623) to work on /opt/airflow/dags/dl_overview.py
[2026-02-19T03:14:24.579+0000] {processor.py:830} INFO - Processing file /opt/airflow/dags/dl_overview.py for tasks to queue
[2026-02-19T03:14:24.579+0000] {logging_mixin.py:188} INFO - [2026-02-19T03:14:24.579+0000] {dagbag.py:545} INFO - Filling up the DagBag from /opt/airflow/dags/dl_overview.py
[2026-02-19T03:14:24.606+0000] {processor.py:840} INFO - DAG(s) 'company_overview_to_minio' retrieved from /opt/airflow/dags/dl_overview.py
[2026-02-19T03:14:24.626+0000] {logging_mixin.py:188} INFO - [2026-02-19T03:14:24.626+0000] {dag.py:3089} INFO - Sync 1 DAGs
[2026-02-19T03:14:24.645+0000] {logging_mixin.py:188} INFO - [2026-02-19T03:14:24.645+0000] {dag.py:3947} INFO - Setting next_dagrun for company_overview_to_minio to 2026-02-15 00:00:00+00:00, run_after=2026-02-22 00:00:00+00:00
[2026-02-19T03:14:24.661+0000] {processor.py:183} INFO - Processing /opt/airflow/dags/dl_overview.py took 0.088 seconds
[2026-02-19T03:14:55.095+0000] {processor.py:161} INFO - Started process (PID=3648) to work on /opt/airflow/dags/dl_overview.py
[2026-02-19T03:14:55.096+0000] {processor.py:830} INFO - Processing file /opt/airflow/dags/dl_overview.py for tasks to queue
[2026-02-19T03:14:55.097+0000] {logging_mixin.py:188} INFO - [2026-02-19T03:14:55.096+0000] {dagbag.py:545} INFO - Filling up the DagBag from /opt/airflow/dags/dl_overview.py
[2026-02-19T03:14:55.129+0000] {processor.py:840} INFO - DAG(s) 'company_overview_to_minio' retrieved from /opt/airflow/dags/dl_overview.py
[2026-02-19T03:14:55.151+0000] {logging_mixin.py:188} INFO - [2026-02-19T03:14:55.150+0000] {dag.py:3089} INFO - Sync 1 DAGs
[2026-02-19T03:14:55.170+0000] {logging_mixin.py:188} INFO - [2026-02-19T03:14:55.169+0000] {dag.py:3947} INFO - Setting next_dagrun for company_overview_to_minio to 2026-02-15 00:00:00+00:00, run_after=2026-02-22 00:00:00+00:00
[2026-02-19T03:14:55.186+0000] {processor.py:183} INFO - Processing /opt/airflow/dags/dl_overview.py took 0.097 seconds
[2026-02-19T03:15:25.374+0000] {processor.py:161} INFO - Started process (PID=3673) to work on /opt/airflow/dags/dl_overview.py
[2026-02-19T03:15:25.375+0000] {processor.py:830} INFO - Processing file /opt/airflow/dags/dl_overview.py for tasks to queue
[2026-02-19T03:15:25.375+0000] {logging_mixin.py:188} INFO - [2026-02-19T03:15:25.375+0000] {dagbag.py:545} INFO - Filling up the DagBag from /opt/airflow/dags/dl_overview.py
[2026-02-19T03:15:25.406+0000] {processor.py:840} INFO - DAG(s) 'company_overview_to_minio' retrieved from /opt/airflow/dags/dl_overview.py
[2026-02-19T03:15:25.430+0000] {logging_mixin.py:188} INFO - [2026-02-19T03:15:25.430+0000] {dag.py:3089} INFO - Sync 1 DAGs
[2026-02-19T03:15:25.453+0000] {logging_mixin.py:188} INFO - [2026-02-19T03:15:25.453+0000] {dag.py:3947} INFO - Setting next_dagrun for company_overview_to_minio to 2026-02-15 00:00:00+00:00, run_after=2026-02-22 00:00:00+00:00
[2026-02-19T03:15:25.476+0000] {processor.py:183} INFO - Processing /opt/airflow/dags/dl_overview.py took 0.108 seconds
[2026-02-19T03:15:56.263+0000] {processor.py:161} INFO - Started process (PID=3710) to work on /opt/airflow/dags/dl_overview.py
[2026-02-19T03:15:56.264+0000] {processor.py:830} INFO - Processing file /opt/airflow/dags/dl_overview.py for tasks to queue
[2026-02-19T03:15:56.265+0000] {logging_mixin.py:188} INFO - [2026-02-19T03:15:56.265+0000] {dagbag.py:545} INFO - Filling up the DagBag from /opt/airflow/dags/dl_overview.py
[2026-02-19T03:15:56.311+0000] {processor.py:840} INFO - DAG(s) 'company_overview_to_minio' retrieved from /opt/airflow/dags/dl_overview.py
[2026-02-19T03:15:56.342+0000] {logging_mixin.py:188} INFO - [2026-02-19T03:15:56.342+0000] {dag.py:3089} INFO - Sync 1 DAGs
[2026-02-19T03:15:56.379+0000] {logging_mixin.py:188} INFO - [2026-02-19T03:15:56.379+0000] {dag.py:3947} INFO - Setting next_dagrun for company_overview_to_minio to 2026-02-15 00:00:00+00:00, run_after=2026-02-22 00:00:00+00:00
[2026-02-19T03:15:56.402+0000] {processor.py:183} INFO - Processing /opt/airflow/dags/dl_overview.py took 0.147 seconds
[2026-02-19T03:16:26.637+0000] {processor.py:161} INFO - Started process (PID=3734) to work on /opt/airflow/dags/dl_overview.py
[2026-02-19T03:16:26.638+0000] {processor.py:830} INFO - Processing file /opt/airflow/dags/dl_overview.py for tasks to queue
[2026-02-19T03:16:26.638+0000] {logging_mixin.py:188} INFO - [2026-02-19T03:16:26.638+0000] {dagbag.py:545} INFO - Filling up the DagBag from /opt/airflow/dags/dl_overview.py
[2026-02-19T03:16:26.671+0000] {processor.py:840} INFO - DAG(s) 'company_overview_to_minio' retrieved from /opt/airflow/dags/dl_overview.py
[2026-02-19T03:16:26.693+0000] {logging_mixin.py:188} INFO - [2026-02-19T03:16:26.693+0000] {dag.py:3089} INFO - Sync 1 DAGs
[2026-02-19T03:16:26.714+0000] {logging_mixin.py:188} INFO - [2026-02-19T03:16:26.714+0000] {dag.py:3947} INFO - Setting next_dagrun for company_overview_to_minio to 2026-02-15 00:00:00+00:00, run_after=2026-02-22 00:00:00+00:00
[2026-02-19T03:16:26.734+0000] {processor.py:183} INFO - Processing /opt/airflow/dags/dl_overview.py took 0.102 seconds
[2026-02-19T03:16:57.253+0000] {processor.py:161} INFO - Started process (PID=3758) to work on /opt/airflow/dags/dl_overview.py
[2026-02-19T03:16:57.253+0000] {processor.py:830} INFO - Processing file /opt/airflow/dags/dl_overview.py for tasks to queue
[2026-02-19T03:16:57.254+0000] {logging_mixin.py:188} INFO - [2026-02-19T03:16:57.254+0000] {dagbag.py:545} INFO - Filling up the DagBag from /opt/airflow/dags/dl_overview.py
[2026-02-19T03:16:57.281+0000] {processor.py:840} INFO - DAG(s) 'company_overview_to_minio' retrieved from /opt/airflow/dags/dl_overview.py
[2026-02-19T03:16:57.301+0000] {logging_mixin.py:188} INFO - [2026-02-19T03:16:57.301+0000] {dag.py:3089} INFO - Sync 1 DAGs
[2026-02-19T03:16:57.320+0000] {logging_mixin.py:188} INFO - [2026-02-19T03:16:57.320+0000] {dag.py:3947} INFO - Setting next_dagrun for company_overview_to_minio to 2026-02-15 00:00:00+00:00, run_after=2026-02-22 00:00:00+00:00
[2026-02-19T03:16:57.342+0000] {processor.py:183} INFO - Processing /opt/airflow/dags/dl_overview.py took 0.094 seconds
[2026-02-19T03:17:27.895+0000] {processor.py:161} INFO - Started process (PID=3782) to work on /opt/airflow/dags/dl_overview.py
[2026-02-19T03:17:27.896+0000] {processor.py:830} INFO - Processing file /opt/airflow/dags/dl_overview.py for tasks to queue
[2026-02-19T03:17:27.897+0000] {logging_mixin.py:188} INFO - [2026-02-19T03:17:27.897+0000] {dagbag.py:545} INFO - Filling up the DagBag from /opt/airflow/dags/dl_overview.py
[2026-02-19T03:17:27.926+0000] {processor.py:840} INFO - DAG(s) 'company_overview_to_minio' retrieved from /opt/airflow/dags/dl_overview.py
[2026-02-19T03:17:27.946+0000] {logging_mixin.py:188} INFO - [2026-02-19T03:17:27.946+0000] {dag.py:3089} INFO - Sync 1 DAGs
[2026-02-19T03:17:27.964+0000] {logging_mixin.py:188} INFO - [2026-02-19T03:17:27.964+0000] {dag.py:3947} INFO - Setting next_dagrun for company_overview_to_minio to 2026-02-15 00:00:00+00:00, run_after=2026-02-22 00:00:00+00:00
[2026-02-19T03:17:27.986+0000] {processor.py:183} INFO - Processing /opt/airflow/dags/dl_overview.py took 0.095 seconds
[2026-02-19T03:17:58.190+0000] {processor.py:161} INFO - Started process (PID=3806) to work on /opt/airflow/dags/dl_overview.py
[2026-02-19T03:17:58.191+0000] {processor.py:830} INFO - Processing file /opt/airflow/dags/dl_overview.py for tasks to queue
[2026-02-19T03:17:58.192+0000] {logging_mixin.py:188} INFO - [2026-02-19T03:17:58.192+0000] {dagbag.py:545} INFO - Filling up the DagBag from /opt/airflow/dags/dl_overview.py
[2026-02-19T03:17:58.222+0000] {processor.py:840} INFO - DAG(s) 'company_overview_to_minio' retrieved from /opt/airflow/dags/dl_overview.py
[2026-02-19T03:17:58.247+0000] {logging_mixin.py:188} INFO - [2026-02-19T03:17:58.247+0000] {dag.py:3089} INFO - Sync 1 DAGs
[2026-02-19T03:17:58.268+0000] {logging_mixin.py:188} INFO - [2026-02-19T03:17:58.268+0000] {dag.py:3947} INFO - Setting next_dagrun for company_overview_to_minio to 2026-02-15 00:00:00+00:00, run_after=2026-02-22 00:00:00+00:00
[2026-02-19T03:17:58.286+0000] {processor.py:183} INFO - Processing /opt/airflow/dags/dl_overview.py took 0.100 seconds
[2026-02-19T03:18:28.556+0000] {processor.py:161} INFO - Started process (PID=3830) to work on /opt/airflow/dags/dl_overview.py
[2026-02-19T03:18:28.557+0000] {processor.py:830} INFO - Processing file /opt/airflow/dags/dl_overview.py for tasks to queue
[2026-02-19T03:18:28.557+0000] {logging_mixin.py:188} INFO - [2026-02-19T03:18:28.557+0000] {dagbag.py:545} INFO - Filling up the DagBag from /opt/airflow/dags/dl_overview.py
[2026-02-19T03:18:28.585+0000] {processor.py:840} INFO - DAG(s) 'company_overview_to_minio' retrieved from /opt/airflow/dags/dl_overview.py
[2026-02-19T03:18:28.607+0000] {logging_mixin.py:188} INFO - [2026-02-19T03:18:28.606+0000] {dag.py:3089} INFO - Sync 1 DAGs
[2026-02-19T03:18:28.627+0000] {logging_mixin.py:188} INFO - [2026-02-19T03:18:28.627+0000] {dag.py:3947} INFO - Setting next_dagrun for company_overview_to_minio to 2026-02-15 00:00:00+00:00, run_after=2026-02-22 00:00:00+00:00
[2026-02-19T03:18:28.651+0000] {processor.py:183} INFO - Processing /opt/airflow/dags/dl_overview.py took 0.101 seconds
[2026-02-19T03:18:59.031+0000] {processor.py:161} INFO - Started process (PID=3861) to work on /opt/airflow/dags/dl_overview.py
[2026-02-19T03:18:59.032+0000] {processor.py:830} INFO - Processing file /opt/airflow/dags/dl_overview.py for tasks to queue
[2026-02-19T03:18:59.033+0000] {logging_mixin.py:188} INFO - [2026-02-19T03:18:59.032+0000] {dagbag.py:545} INFO - Filling up the DagBag from /opt/airflow/dags/dl_overview.py
[2026-02-19T03:18:59.060+0000] {processor.py:840} INFO - DAG(s) 'company_overview_to_minio' retrieved from /opt/airflow/dags/dl_overview.py
[2026-02-19T03:18:59.081+0000] {logging_mixin.py:188} INFO - [2026-02-19T03:18:59.081+0000] {dag.py:3089} INFO - Sync 1 DAGs
[2026-02-19T03:18:59.100+0000] {logging_mixin.py:188} INFO - [2026-02-19T03:18:59.099+0000] {dag.py:3947} INFO - Setting next_dagrun for company_overview_to_minio to 2026-02-15 00:00:00+00:00, run_after=2026-02-22 00:00:00+00:00
[2026-02-19T03:18:59.116+0000] {processor.py:183} INFO - Processing /opt/airflow/dags/dl_overview.py took 0.090 seconds
[2026-02-19T03:19:29.492+0000] {processor.py:161} INFO - Started process (PID=3885) to work on /opt/airflow/dags/dl_overview.py
[2026-02-19T03:19:29.493+0000] {processor.py:830} INFO - Processing file /opt/airflow/dags/dl_overview.py for tasks to queue
[2026-02-19T03:19:29.494+0000] {logging_mixin.py:188} INFO - [2026-02-19T03:19:29.493+0000] {dagbag.py:545} INFO - Filling up the DagBag from /opt/airflow/dags/dl_overview.py
[2026-02-19T03:19:29.523+0000] {processor.py:840} INFO - DAG(s) 'company_overview_to_minio' retrieved from /opt/airflow/dags/dl_overview.py
[2026-02-19T03:19:29.544+0000] {logging_mixin.py:188} INFO - [2026-02-19T03:19:29.544+0000] {dag.py:3089} INFO - Sync 1 DAGs
[2026-02-19T03:19:29.565+0000] {logging_mixin.py:188} INFO - [2026-02-19T03:19:29.565+0000] {dag.py:3947} INFO - Setting next_dagrun for company_overview_to_minio to 2026-02-15 00:00:00+00:00, run_after=2026-02-22 00:00:00+00:00
[2026-02-19T03:19:29.583+0000] {processor.py:183} INFO - Processing /opt/airflow/dags/dl_overview.py took 0.095 seconds
[2026-02-19T03:19:59.840+0000] {processor.py:161} INFO - Started process (PID=3909) to work on /opt/airflow/dags/dl_overview.py
[2026-02-19T03:19:59.841+0000] {processor.py:830} INFO - Processing file /opt/airflow/dags/dl_overview.py for tasks to queue
[2026-02-19T03:19:59.842+0000] {logging_mixin.py:188} INFO - [2026-02-19T03:19:59.841+0000] {dagbag.py:545} INFO - Filling up the DagBag from /opt/airflow/dags/dl_overview.py
[2026-02-19T03:19:59.872+0000] {processor.py:840} INFO - DAG(s) 'company_overview_to_minio' retrieved from /opt/airflow/dags/dl_overview.py
[2026-02-19T03:19:59.898+0000] {logging_mixin.py:188} INFO - [2026-02-19T03:19:59.897+0000] {dag.py:3089} INFO - Sync 1 DAGs
[2026-02-19T03:19:59.921+0000] {logging_mixin.py:188} INFO - [2026-02-19T03:19:59.920+0000] {dag.py:3947} INFO - Setting next_dagrun for company_overview_to_minio to 2026-02-15 00:00:00+00:00, run_after=2026-02-22 00:00:00+00:00
[2026-02-19T03:19:59.942+0000] {processor.py:183} INFO - Processing /opt/airflow/dags/dl_overview.py took 0.108 seconds
[2026-02-19T03:20:30.200+0000] {processor.py:161} INFO - Started process (PID=3933) to work on /opt/airflow/dags/dl_overview.py
[2026-02-19T03:20:30.200+0000] {processor.py:830} INFO - Processing file /opt/airflow/dags/dl_overview.py for tasks to queue
[2026-02-19T03:20:30.201+0000] {logging_mixin.py:188} INFO - [2026-02-19T03:20:30.201+0000] {dagbag.py:545} INFO - Filling up the DagBag from /opt/airflow/dags/dl_overview.py
[2026-02-19T03:20:30.236+0000] {processor.py:840} INFO - DAG(s) 'company_overview_to_minio' retrieved from /opt/airflow/dags/dl_overview.py
[2026-02-19T03:20:30.261+0000] {logging_mixin.py:188} INFO - [2026-02-19T03:20:30.261+0000] {dag.py:3089} INFO - Sync 1 DAGs
[2026-02-19T03:20:30.283+0000] {logging_mixin.py:188} INFO - [2026-02-19T03:20:30.282+0000] {dag.py:3947} INFO - Setting next_dagrun for company_overview_to_minio to 2026-02-15 00:00:00+00:00, run_after=2026-02-22 00:00:00+00:00
[2026-02-19T03:20:30.301+0000] {processor.py:183} INFO - Processing /opt/airflow/dags/dl_overview.py took 0.107 seconds
[2026-02-19T03:21:00.608+0000] {processor.py:161} INFO - Started process (PID=3957) to work on /opt/airflow/dags/dl_overview.py
[2026-02-19T03:21:00.608+0000] {processor.py:830} INFO - Processing file /opt/airflow/dags/dl_overview.py for tasks to queue
[2026-02-19T03:21:00.609+0000] {logging_mixin.py:188} INFO - [2026-02-19T03:21:00.609+0000] {dagbag.py:545} INFO - Filling up the DagBag from /opt/airflow/dags/dl_overview.py
[2026-02-19T03:21:00.638+0000] {processor.py:840} INFO - DAG(s) 'company_overview_to_minio' retrieved from /opt/airflow/dags/dl_overview.py
[2026-02-19T03:21:00.661+0000] {logging_mixin.py:188} INFO - [2026-02-19T03:21:00.660+0000] {dag.py:3089} INFO - Sync 1 DAGs
[2026-02-19T03:21:00.683+0000] {logging_mixin.py:188} INFO - [2026-02-19T03:21:00.683+0000] {dag.py:3947} INFO - Setting next_dagrun for company_overview_to_minio to 2026-02-15 00:00:00+00:00, run_after=2026-02-22 00:00:00+00:00
[2026-02-19T03:21:00.700+0000] {processor.py:183} INFO - Processing /opt/airflow/dags/dl_overview.py took 0.097 seconds
[2026-02-19T03:21:31.070+0000] {processor.py:161} INFO - Started process (PID=3981) to work on /opt/airflow/dags/dl_overview.py
[2026-02-19T03:21:31.070+0000] {processor.py:830} INFO - Processing file /opt/airflow/dags/dl_overview.py for tasks to queue
[2026-02-19T03:21:31.071+0000] {logging_mixin.py:188} INFO - [2026-02-19T03:21:31.071+0000] {dagbag.py:545} INFO - Filling up the DagBag from /opt/airflow/dags/dl_overview.py
[2026-02-19T03:21:31.099+0000] {processor.py:840} INFO - DAG(s) 'company_overview_to_minio' retrieved from /opt/airflow/dags/dl_overview.py
[2026-02-19T03:21:31.119+0000] {logging_mixin.py:188} INFO - [2026-02-19T03:21:31.119+0000] {dag.py:3089} INFO - Sync 1 DAGs
[2026-02-19T03:21:31.139+0000] {logging_mixin.py:188} INFO - [2026-02-19T03:21:31.138+0000] {dag.py:3947} INFO - Setting next_dagrun for company_overview_to_minio to 2026-02-15 00:00:00+00:00, run_after=2026-02-22 00:00:00+00:00
[2026-02-19T03:21:31.157+0000] {processor.py:183} INFO - Processing /opt/airflow/dags/dl_overview.py took 0.092 seconds
[2026-02-19T03:22:01.757+0000] {processor.py:161} INFO - Started process (PID=4013) to work on /opt/airflow/dags/dl_overview.py
[2026-02-19T03:22:01.763+0000] {processor.py:830} INFO - Processing file /opt/airflow/dags/dl_overview.py for tasks to queue
[2026-02-19T03:22:01.766+0000] {logging_mixin.py:188} INFO - [2026-02-19T03:22:01.766+0000] {dagbag.py:545} INFO - Filling up the DagBag from /opt/airflow/dags/dl_overview.py
[2026-02-19T03:22:01.926+0000] {processor.py:840} INFO - DAG(s) 'company_overview_to_minio' retrieved from /opt/airflow/dags/dl_overview.py
[2026-02-19T03:22:01.982+0000] {logging_mixin.py:188} INFO - [2026-02-19T03:22:01.982+0000] {dag.py:3089} INFO - Sync 1 DAGs
[2026-02-19T03:22:02.031+0000] {logging_mixin.py:188} INFO - [2026-02-19T03:22:02.031+0000] {dag.py:3947} INFO - Setting next_dagrun for company_overview_to_minio to 2026-02-15 00:00:00+00:00, run_after=2026-02-22 00:00:00+00:00
[2026-02-19T03:22:02.073+0000] {processor.py:183} INFO - Processing /opt/airflow/dags/dl_overview.py took 0.328 seconds
[2026-02-19T03:22:32.895+0000] {processor.py:161} INFO - Started process (PID=4037) to work on /opt/airflow/dags/dl_overview.py
[2026-02-19T03:22:32.895+0000] {processor.py:830} INFO - Processing file /opt/airflow/dags/dl_overview.py for tasks to queue
[2026-02-19T03:22:32.896+0000] {logging_mixin.py:188} INFO - [2026-02-19T03:22:32.896+0000] {dagbag.py:545} INFO - Filling up the DagBag from /opt/airflow/dags/dl_overview.py
[2026-02-19T03:22:32.923+0000] {processor.py:840} INFO - DAG(s) 'company_overview_to_minio' retrieved from /opt/airflow/dags/dl_overview.py
[2026-02-19T03:22:32.944+0000] {logging_mixin.py:188} INFO - [2026-02-19T03:22:32.944+0000] {dag.py:3089} INFO - Sync 1 DAGs
[2026-02-19T03:22:32.966+0000] {logging_mixin.py:188} INFO - [2026-02-19T03:22:32.966+0000] {dag.py:3947} INFO - Setting next_dagrun for company_overview_to_minio to 2026-02-15 00:00:00+00:00, run_after=2026-02-22 00:00:00+00:00
[2026-02-19T03:22:32.983+0000] {processor.py:183} INFO - Processing /opt/airflow/dags/dl_overview.py took 0.093 seconds
[2026-02-19T03:23:03.582+0000] {processor.py:161} INFO - Started process (PID=4061) to work on /opt/airflow/dags/dl_overview.py
[2026-02-19T03:23:03.584+0000] {processor.py:830} INFO - Processing file /opt/airflow/dags/dl_overview.py for tasks to queue
[2026-02-19T03:23:03.589+0000] {logging_mixin.py:188} INFO - [2026-02-19T03:23:03.588+0000] {dagbag.py:545} INFO - Filling up the DagBag from /opt/airflow/dags/dl_overview.py
[2026-02-19T03:23:03.678+0000] {processor.py:840} INFO - DAG(s) 'company_overview_to_minio' retrieved from /opt/airflow/dags/dl_overview.py
[2026-02-19T03:23:03.718+0000] {logging_mixin.py:188} INFO - [2026-02-19T03:23:03.717+0000] {dag.py:3089} INFO - Sync 1 DAGs
[2026-02-19T03:23:03.748+0000] {logging_mixin.py:188} INFO - [2026-02-19T03:23:03.748+0000] {dag.py:3947} INFO - Setting next_dagrun for company_overview_to_minio to 2026-02-15 00:00:00+00:00, run_after=2026-02-22 00:00:00+00:00
[2026-02-19T03:23:03.771+0000] {processor.py:183} INFO - Processing /opt/airflow/dags/dl_overview.py took 0.196 seconds
[2026-02-19T03:23:34.134+0000] {processor.py:161} INFO - Started process (PID=4093) to work on /opt/airflow/dags/dl_overview.py
[2026-02-19T03:23:34.135+0000] {processor.py:830} INFO - Processing file /opt/airflow/dags/dl_overview.py for tasks to queue
[2026-02-19T03:23:34.136+0000] {logging_mixin.py:188} INFO - [2026-02-19T03:23:34.135+0000] {dagbag.py:545} INFO - Filling up the DagBag from /opt/airflow/dags/dl_overview.py
[2026-02-19T03:23:34.170+0000] {processor.py:840} INFO - DAG(s) 'company_overview_to_minio' retrieved from /opt/airflow/dags/dl_overview.py
[2026-02-19T03:23:34.191+0000] {logging_mixin.py:188} INFO - [2026-02-19T03:23:34.191+0000] {dag.py:3089} INFO - Sync 1 DAGs
[2026-02-19T03:23:34.211+0000] {logging_mixin.py:188} INFO - [2026-02-19T03:23:34.211+0000] {dag.py:3947} INFO - Setting next_dagrun for company_overview_to_minio to 2026-02-15 00:00:00+00:00, run_after=2026-02-22 00:00:00+00:00
[2026-02-19T03:23:34.227+0000] {processor.py:183} INFO - Processing /opt/airflow/dags/dl_overview.py took 0.099 seconds
[2026-02-19T03:24:04.337+0000] {processor.py:161} INFO - Started process (PID=4118) to work on /opt/airflow/dags/dl_overview.py
[2026-02-19T03:24:04.338+0000] {processor.py:830} INFO - Processing file /opt/airflow/dags/dl_overview.py for tasks to queue
[2026-02-19T03:24:04.339+0000] {logging_mixin.py:188} INFO - [2026-02-19T03:24:04.339+0000] {dagbag.py:545} INFO - Filling up the DagBag from /opt/airflow/dags/dl_overview.py
[2026-02-19T03:24:04.369+0000] {processor.py:840} INFO - DAG(s) 'company_overview_to_minio' retrieved from /opt/airflow/dags/dl_overview.py
[2026-02-19T03:24:04.389+0000] {logging_mixin.py:188} INFO - [2026-02-19T03:24:04.388+0000] {dag.py:3089} INFO - Sync 1 DAGs
[2026-02-19T03:24:04.407+0000] {logging_mixin.py:188} INFO - [2026-02-19T03:24:04.406+0000] {dag.py:3947} INFO - Setting next_dagrun for company_overview_to_minio to 2026-02-15 00:00:00+00:00, run_after=2026-02-22 00:00:00+00:00
[2026-02-19T03:24:04.423+0000] {processor.py:183} INFO - Processing /opt/airflow/dags/dl_overview.py took 0.090 seconds
[2026-02-19T03:24:35.037+0000] {processor.py:161} INFO - Started process (PID=4143) to work on /opt/airflow/dags/dl_overview.py
[2026-02-19T03:24:35.038+0000] {processor.py:830} INFO - Processing file /opt/airflow/dags/dl_overview.py for tasks to queue
[2026-02-19T03:24:35.038+0000] {logging_mixin.py:188} INFO - [2026-02-19T03:24:35.038+0000] {dagbag.py:545} INFO - Filling up the DagBag from /opt/airflow/dags/dl_overview.py
[2026-02-19T03:24:35.065+0000] {processor.py:840} INFO - DAG(s) 'company_overview_to_minio' retrieved from /opt/airflow/dags/dl_overview.py
[2026-02-19T03:24:35.086+0000] {logging_mixin.py:188} INFO - [2026-02-19T03:24:35.085+0000] {dag.py:3089} INFO - Sync 1 DAGs
[2026-02-19T03:24:35.104+0000] {logging_mixin.py:188} INFO - [2026-02-19T03:24:35.104+0000] {dag.py:3947} INFO - Setting next_dagrun for company_overview_to_minio to 2026-02-15 00:00:00+00:00, run_after=2026-02-22 00:00:00+00:00
[2026-02-19T03:24:35.124+0000] {processor.py:183} INFO - Processing /opt/airflow/dags/dl_overview.py took 0.091 seconds
[2026-02-19T03:25:05.994+0000] {processor.py:161} INFO - Started process (PID=4175) to work on /opt/airflow/dags/dl_overview.py
[2026-02-19T03:25:06.002+0000] {processor.py:830} INFO - Processing file /opt/airflow/dags/dl_overview.py for tasks to queue
[2026-02-19T03:25:06.003+0000] {logging_mixin.py:188} INFO - [2026-02-19T03:25:06.003+0000] {dagbag.py:545} INFO - Filling up the DagBag from /opt/airflow/dags/dl_overview.py
[2026-02-19T03:25:06.028+0000] {processor.py:840} INFO - DAG(s) 'company_overview_to_minio' retrieved from /opt/airflow/dags/dl_overview.py
[2026-02-19T03:25:06.049+0000] {logging_mixin.py:188} INFO - [2026-02-19T03:25:06.048+0000] {dag.py:3089} INFO - Sync 1 DAGs
[2026-02-19T03:25:06.236+0000] {logging_mixin.py:188} INFO - [2026-02-19T03:25:06.236+0000] {dag.py:3947} INFO - Setting next_dagrun for company_overview_to_minio to 2026-02-15 00:00:00+00:00, run_after=2026-02-22 00:00:00+00:00
[2026-02-19T03:25:06.258+0000] {processor.py:183} INFO - Processing /opt/airflow/dags/dl_overview.py took 0.269 seconds
[2026-02-19T03:25:36.784+0000] {processor.py:161} INFO - Started process (PID=4207) to work on /opt/airflow/dags/dl_overview.py
[2026-02-19T03:25:36.784+0000] {processor.py:830} INFO - Processing file /opt/airflow/dags/dl_overview.py for tasks to queue
[2026-02-19T03:25:36.785+0000] {logging_mixin.py:188} INFO - [2026-02-19T03:25:36.785+0000] {dagbag.py:545} INFO - Filling up the DagBag from /opt/airflow/dags/dl_overview.py
[2026-02-19T03:25:36.813+0000] {processor.py:840} INFO - DAG(s) 'company_overview_to_minio' retrieved from /opt/airflow/dags/dl_overview.py
[2026-02-19T03:25:36.833+0000] {logging_mixin.py:188} INFO - [2026-02-19T03:25:36.833+0000] {dag.py:3089} INFO - Sync 1 DAGs
[2026-02-19T03:25:36.851+0000] {logging_mixin.py:188} INFO - [2026-02-19T03:25:36.851+0000] {dag.py:3947} INFO - Setting next_dagrun for company_overview_to_minio to 2026-02-15 00:00:00+00:00, run_after=2026-02-22 00:00:00+00:00
[2026-02-19T03:25:36.869+0000] {processor.py:183} INFO - Processing /opt/airflow/dags/dl_overview.py took 0.090 seconds
[2026-02-19T03:26:06.925+0000] {processor.py:161} INFO - Started process (PID=4231) to work on /opt/airflow/dags/dl_overview.py
[2026-02-19T03:26:06.926+0000] {processor.py:830} INFO - Processing file /opt/airflow/dags/dl_overview.py for tasks to queue
[2026-02-19T03:26:06.926+0000] {logging_mixin.py:188} INFO - [2026-02-19T03:26:06.926+0000] {dagbag.py:545} INFO - Filling up the DagBag from /opt/airflow/dags/dl_overview.py
[2026-02-19T03:26:06.953+0000] {processor.py:840} INFO - DAG(s) 'company_overview_to_minio' retrieved from /opt/airflow/dags/dl_overview.py
[2026-02-19T03:26:06.973+0000] {logging_mixin.py:188} INFO - [2026-02-19T03:26:06.973+0000] {dag.py:3089} INFO - Sync 1 DAGs
[2026-02-19T03:26:06.992+0000] {logging_mixin.py:188} INFO - [2026-02-19T03:26:06.992+0000] {dag.py:3947} INFO - Setting next_dagrun for company_overview_to_minio to 2026-02-15 00:00:00+00:00, run_after=2026-02-22 00:00:00+00:00
[2026-02-19T03:26:07.013+0000] {processor.py:183} INFO - Processing /opt/airflow/dags/dl_overview.py took 0.093 seconds
[2026-02-19T03:26:37.427+0000] {processor.py:161} INFO - Started process (PID=4255) to work on /opt/airflow/dags/dl_overview.py
[2026-02-19T03:26:37.428+0000] {processor.py:830} INFO - Processing file /opt/airflow/dags/dl_overview.py for tasks to queue
[2026-02-19T03:26:37.429+0000] {logging_mixin.py:188} INFO - [2026-02-19T03:26:37.428+0000] {dagbag.py:545} INFO - Filling up the DagBag from /opt/airflow/dags/dl_overview.py
[2026-02-19T03:26:37.459+0000] {processor.py:840} INFO - DAG(s) 'company_overview_to_minio' retrieved from /opt/airflow/dags/dl_overview.py
[2026-02-19T03:26:37.479+0000] {logging_mixin.py:188} INFO - [2026-02-19T03:26:37.479+0000] {dag.py:3089} INFO - Sync 1 DAGs
[2026-02-19T03:26:37.499+0000] {logging_mixin.py:188} INFO - [2026-02-19T03:26:37.499+0000] {dag.py:3947} INFO - Setting next_dagrun for company_overview_to_minio to 2026-02-15 00:00:00+00:00, run_after=2026-02-22 00:00:00+00:00
[2026-02-19T03:26:37.521+0000] {processor.py:183} INFO - Processing /opt/airflow/dags/dl_overview.py took 0.099 seconds
[2026-02-19T03:27:07.651+0000] {processor.py:161} INFO - Started process (PID=4279) to work on /opt/airflow/dags/dl_overview.py
[2026-02-19T03:27:07.652+0000] {processor.py:830} INFO - Processing file /opt/airflow/dags/dl_overview.py for tasks to queue
[2026-02-19T03:27:07.653+0000] {logging_mixin.py:188} INFO - [2026-02-19T03:27:07.652+0000] {dagbag.py:545} INFO - Filling up the DagBag from /opt/airflow/dags/dl_overview.py
[2026-02-19T03:27:07.679+0000] {processor.py:840} INFO - DAG(s) 'company_overview_to_minio' retrieved from /opt/airflow/dags/dl_overview.py
[2026-02-19T03:27:07.699+0000] {logging_mixin.py:188} INFO - [2026-02-19T03:27:07.699+0000] {dag.py:3089} INFO - Sync 1 DAGs
[2026-02-19T03:27:07.718+0000] {logging_mixin.py:188} INFO - [2026-02-19T03:27:07.717+0000] {dag.py:3947} INFO - Setting next_dagrun for company_overview_to_minio to 2026-02-15 00:00:00+00:00, run_after=2026-02-22 00:00:00+00:00
[2026-02-19T03:27:07.738+0000] {processor.py:183} INFO - Processing /opt/airflow/dags/dl_overview.py took 0.092 seconds
[2026-02-19T03:27:38.088+0000] {processor.py:161} INFO - Started process (PID=4303) to work on /opt/airflow/dags/dl_overview.py
[2026-02-19T03:27:38.089+0000] {processor.py:830} INFO - Processing file /opt/airflow/dags/dl_overview.py for tasks to queue
[2026-02-19T03:27:38.090+0000] {logging_mixin.py:188} INFO - [2026-02-19T03:27:38.090+0000] {dagbag.py:545} INFO - Filling up the DagBag from /opt/airflow/dags/dl_overview.py
[2026-02-19T03:27:38.138+0000] {processor.py:840} INFO - DAG(s) 'company_overview_to_minio' retrieved from /opt/airflow/dags/dl_overview.py
[2026-02-19T03:27:38.159+0000] {logging_mixin.py:188} INFO - [2026-02-19T03:27:38.158+0000] {dag.py:3089} INFO - Sync 1 DAGs
[2026-02-19T03:27:38.177+0000] {logging_mixin.py:188} INFO - [2026-02-19T03:27:38.177+0000] {dag.py:3947} INFO - Setting next_dagrun for company_overview_to_minio to 2026-02-15 00:00:00+00:00, run_after=2026-02-22 00:00:00+00:00
[2026-02-19T03:27:38.198+0000] {processor.py:183} INFO - Processing /opt/airflow/dags/dl_overview.py took 0.115 seconds
[2026-02-19T03:28:08.430+0000] {processor.py:161} INFO - Started process (PID=4327) to work on /opt/airflow/dags/dl_overview.py
[2026-02-19T03:28:08.431+0000] {processor.py:830} INFO - Processing file /opt/airflow/dags/dl_overview.py for tasks to queue
[2026-02-19T03:28:08.433+0000] {logging_mixin.py:188} INFO - [2026-02-19T03:28:08.432+0000] {dagbag.py:545} INFO - Filling up the DagBag from /opt/airflow/dags/dl_overview.py
[2026-02-19T03:28:08.471+0000] {processor.py:840} INFO - DAG(s) 'company_overview_to_minio' retrieved from /opt/airflow/dags/dl_overview.py
[2026-02-19T03:28:08.495+0000] {logging_mixin.py:188} INFO - [2026-02-19T03:28:08.495+0000] {dag.py:3089} INFO - Sync 1 DAGs
[2026-02-19T03:28:08.517+0000] {logging_mixin.py:188} INFO - [2026-02-19T03:28:08.517+0000] {dag.py:3947} INFO - Setting next_dagrun for company_overview_to_minio to 2026-02-15 00:00:00+00:00, run_after=2026-02-22 00:00:00+00:00
[2026-02-19T03:28:08.541+0000] {processor.py:183} INFO - Processing /opt/airflow/dags/dl_overview.py took 0.118 seconds
[2026-02-19T03:28:38.712+0000] {processor.py:161} INFO - Started process (PID=4352) to work on /opt/airflow/dags/dl_overview.py
[2026-02-19T03:28:38.713+0000] {processor.py:830} INFO - Processing file /opt/airflow/dags/dl_overview.py for tasks to queue
[2026-02-19T03:28:38.714+0000] {logging_mixin.py:188} INFO - [2026-02-19T03:28:38.714+0000] {dagbag.py:545} INFO - Filling up the DagBag from /opt/airflow/dags/dl_overview.py
[2026-02-19T03:28:38.745+0000] {processor.py:840} INFO - DAG(s) 'company_overview_to_minio' retrieved from /opt/airflow/dags/dl_overview.py
[2026-02-19T03:28:38.767+0000] {logging_mixin.py:188} INFO - [2026-02-19T03:28:38.767+0000] {dag.py:3089} INFO - Sync 1 DAGs
[2026-02-19T03:28:38.787+0000] {logging_mixin.py:188} INFO - [2026-02-19T03:28:38.787+0000] {dag.py:3947} INFO - Setting next_dagrun for company_overview_to_minio to 2026-02-15 00:00:00+00:00, run_after=2026-02-22 00:00:00+00:00
[2026-02-19T03:28:38.806+0000] {processor.py:183} INFO - Processing /opt/airflow/dags/dl_overview.py took 0.099 seconds
[2026-02-19T03:29:09.002+0000] {processor.py:161} INFO - Started process (PID=4376) to work on /opt/airflow/dags/dl_overview.py
[2026-02-19T03:29:09.003+0000] {processor.py:830} INFO - Processing file /opt/airflow/dags/dl_overview.py for tasks to queue
[2026-02-19T03:29:09.004+0000] {logging_mixin.py:188} INFO - [2026-02-19T03:29:09.004+0000] {dagbag.py:545} INFO - Filling up the DagBag from /opt/airflow/dags/dl_overview.py
[2026-02-19T03:29:09.034+0000] {processor.py:840} INFO - DAG(s) 'company_overview_to_minio' retrieved from /opt/airflow/dags/dl_overview.py
[2026-02-19T03:29:09.054+0000] {logging_mixin.py:188} INFO - [2026-02-19T03:29:09.054+0000] {dag.py:3089} INFO - Sync 1 DAGs
[2026-02-19T03:29:09.073+0000] {logging_mixin.py:188} INFO - [2026-02-19T03:29:09.072+0000] {dag.py:3947} INFO - Setting next_dagrun for company_overview_to_minio to 2026-02-15 00:00:00+00:00, run_after=2026-02-22 00:00:00+00:00
[2026-02-19T03:29:09.093+0000] {processor.py:183} INFO - Processing /opt/airflow/dags/dl_overview.py took 0.095 seconds
[2026-02-19T03:29:39.409+0000] {processor.py:161} INFO - Started process (PID=4400) to work on /opt/airflow/dags/dl_overview.py
[2026-02-19T03:29:39.410+0000] {processor.py:830} INFO - Processing file /opt/airflow/dags/dl_overview.py for tasks to queue
[2026-02-19T03:29:39.411+0000] {logging_mixin.py:188} INFO - [2026-02-19T03:29:39.411+0000] {dagbag.py:545} INFO - Filling up the DagBag from /opt/airflow/dags/dl_overview.py
[2026-02-19T03:29:39.441+0000] {processor.py:840} INFO - DAG(s) 'company_overview_to_minio' retrieved from /opt/airflow/dags/dl_overview.py
[2026-02-19T03:29:39.463+0000] {logging_mixin.py:188} INFO - [2026-02-19T03:29:39.463+0000] {dag.py:3089} INFO - Sync 1 DAGs
[2026-02-19T03:29:39.482+0000] {logging_mixin.py:188} INFO - [2026-02-19T03:29:39.481+0000] {dag.py:3947} INFO - Setting next_dagrun for company_overview_to_minio to 2026-02-15 00:00:00+00:00, run_after=2026-02-22 00:00:00+00:00
[2026-02-19T03:29:39.500+0000] {processor.py:183} INFO - Processing /opt/airflow/dags/dl_overview.py took 0.096 seconds
[2026-02-19T03:30:09.745+0000] {processor.py:161} INFO - Started process (PID=4442) to work on /opt/airflow/dags/dl_overview.py
[2026-02-19T03:30:09.746+0000] {processor.py:830} INFO - Processing file /opt/airflow/dags/dl_overview.py for tasks to queue
[2026-02-19T03:30:09.748+0000] {logging_mixin.py:188} INFO - [2026-02-19T03:30:09.747+0000] {dagbag.py:545} INFO - Filling up the DagBag from /opt/airflow/dags/dl_overview.py
[2026-02-19T03:30:09.782+0000] {processor.py:840} INFO - DAG(s) 'company_overview_to_minio' retrieved from /opt/airflow/dags/dl_overview.py
[2026-02-19T03:30:09.803+0000] {logging_mixin.py:188} INFO - [2026-02-19T03:30:09.803+0000] {dag.py:3089} INFO - Sync 1 DAGs
[2026-02-19T03:30:09.824+0000] {logging_mixin.py:188} INFO - [2026-02-19T03:30:09.824+0000] {dag.py:3947} INFO - Setting next_dagrun for company_overview_to_minio to 2026-02-15 00:00:00+00:00, run_after=2026-02-22 00:00:00+00:00
[2026-02-19T03:30:09.844+0000] {processor.py:183} INFO - Processing /opt/airflow/dags/dl_overview.py took 0.106 seconds
[2026-02-19T03:30:40.529+0000] {processor.py:161} INFO - Started process (PID=4479) to work on /opt/airflow/dags/dl_overview.py
[2026-02-19T03:30:40.530+0000] {processor.py:830} INFO - Processing file /opt/airflow/dags/dl_overview.py for tasks to queue
[2026-02-19T03:30:40.531+0000] {logging_mixin.py:188} INFO - [2026-02-19T03:30:40.530+0000] {dagbag.py:545} INFO - Filling up the DagBag from /opt/airflow/dags/dl_overview.py
[2026-02-19T03:30:40.580+0000] {processor.py:840} INFO - DAG(s) 'company_overview_to_minio' retrieved from /opt/airflow/dags/dl_overview.py
[2026-02-19T03:30:40.617+0000] {logging_mixin.py:188} INFO - [2026-02-19T03:30:40.617+0000] {dag.py:3089} INFO - Sync 1 DAGs
[2026-02-19T03:30:40.659+0000] {logging_mixin.py:188} INFO - [2026-02-19T03:30:40.658+0000] {dag.py:3947} INFO - Setting next_dagrun for company_overview_to_minio to 2026-02-15 00:00:00+00:00, run_after=2026-02-22 00:00:00+00:00
[2026-02-19T03:30:40.688+0000] {processor.py:183} INFO - Processing /opt/airflow/dags/dl_overview.py took 0.165 seconds
[2026-02-19T03:31:11.325+0000] {processor.py:161} INFO - Started process (PID=4509) to work on /opt/airflow/dags/dl_overview.py
[2026-02-19T03:31:11.326+0000] {processor.py:830} INFO - Processing file /opt/airflow/dags/dl_overview.py for tasks to queue
[2026-02-19T03:31:11.327+0000] {logging_mixin.py:188} INFO - [2026-02-19T03:31:11.327+0000] {dagbag.py:545} INFO - Filling up the DagBag from /opt/airflow/dags/dl_overview.py
[2026-02-19T03:31:11.368+0000] {processor.py:840} INFO - DAG(s) 'company_overview_to_minio' retrieved from /opt/airflow/dags/dl_overview.py
[2026-02-19T03:31:11.397+0000] {logging_mixin.py:188} INFO - [2026-02-19T03:31:11.396+0000] {dag.py:3089} INFO - Sync 1 DAGs
[2026-02-19T03:31:11.420+0000] {logging_mixin.py:188} INFO - [2026-02-19T03:31:11.419+0000] {dag.py:3947} INFO - Setting next_dagrun for company_overview_to_minio to 2026-02-15 00:00:00+00:00, run_after=2026-02-22 00:00:00+00:00
[2026-02-19T03:31:11.440+0000] {processor.py:183} INFO - Processing /opt/airflow/dags/dl_overview.py took 0.122 seconds
[2026-02-19T03:31:41.719+0000] {processor.py:161} INFO - Started process (PID=4533) to work on /opt/airflow/dags/dl_overview.py
[2026-02-19T03:31:41.720+0000] {processor.py:830} INFO - Processing file /opt/airflow/dags/dl_overview.py for tasks to queue
[2026-02-19T03:31:41.721+0000] {logging_mixin.py:188} INFO - [2026-02-19T03:31:41.720+0000] {dagbag.py:545} INFO - Filling up the DagBag from /opt/airflow/dags/dl_overview.py
[2026-02-19T03:31:41.751+0000] {processor.py:840} INFO - DAG(s) 'company_overview_to_minio' retrieved from /opt/airflow/dags/dl_overview.py
[2026-02-19T03:31:41.772+0000] {logging_mixin.py:188} INFO - [2026-02-19T03:31:41.772+0000] {dag.py:3089} INFO - Sync 1 DAGs
[2026-02-19T03:31:41.793+0000] {logging_mixin.py:188} INFO - [2026-02-19T03:31:41.792+0000] {dag.py:3947} INFO - Setting next_dagrun for company_overview_to_minio to 2026-02-15 00:00:00+00:00, run_after=2026-02-22 00:00:00+00:00
[2026-02-19T03:31:41.809+0000] {processor.py:183} INFO - Processing /opt/airflow/dags/dl_overview.py took 0.095 seconds
[2026-02-19T03:32:12.018+0000] {processor.py:161} INFO - Started process (PID=4557) to work on /opt/airflow/dags/dl_overview.py
[2026-02-19T03:32:12.019+0000] {processor.py:830} INFO - Processing file /opt/airflow/dags/dl_overview.py for tasks to queue
[2026-02-19T03:32:12.020+0000] {logging_mixin.py:188} INFO - [2026-02-19T03:32:12.019+0000] {dagbag.py:545} INFO - Filling up the DagBag from /opt/airflow/dags/dl_overview.py
[2026-02-19T03:32:12.047+0000] {processor.py:840} INFO - DAG(s) 'company_overview_to_minio' retrieved from /opt/airflow/dags/dl_overview.py
[2026-02-19T03:32:12.067+0000] {logging_mixin.py:188} INFO - [2026-02-19T03:32:12.067+0000] {dag.py:3089} INFO - Sync 1 DAGs
[2026-02-19T03:32:12.087+0000] {logging_mixin.py:188} INFO - [2026-02-19T03:32:12.087+0000] {dag.py:3947} INFO - Setting next_dagrun for company_overview_to_minio to 2026-02-15 00:00:00+00:00, run_after=2026-02-22 00:00:00+00:00
[2026-02-19T03:32:12.106+0000] {processor.py:183} INFO - Processing /opt/airflow/dags/dl_overview.py took 0.093 seconds
[2026-02-19T03:32:42.590+0000] {processor.py:161} INFO - Started process (PID=4581) to work on /opt/airflow/dags/dl_overview.py
[2026-02-19T03:32:42.591+0000] {processor.py:830} INFO - Processing file /opt/airflow/dags/dl_overview.py for tasks to queue
[2026-02-19T03:32:42.591+0000] {logging_mixin.py:188} INFO - [2026-02-19T03:32:42.591+0000] {dagbag.py:545} INFO - Filling up the DagBag from /opt/airflow/dags/dl_overview.py
[2026-02-19T03:32:42.620+0000] {processor.py:840} INFO - DAG(s) 'company_overview_to_minio' retrieved from /opt/airflow/dags/dl_overview.py
[2026-02-19T03:32:42.643+0000] {logging_mixin.py:188} INFO - [2026-02-19T03:32:42.642+0000] {dag.py:3089} INFO - Sync 1 DAGs
[2026-02-19T03:32:42.664+0000] {logging_mixin.py:188} INFO - [2026-02-19T03:32:42.664+0000] {dag.py:3947} INFO - Setting next_dagrun for company_overview_to_minio to 2026-02-15 00:00:00+00:00, run_after=2026-02-22 00:00:00+00:00
[2026-02-19T03:32:42.685+0000] {processor.py:183} INFO - Processing /opt/airflow/dags/dl_overview.py took 0.100 seconds
[2026-02-19T03:33:12.930+0000] {processor.py:161} INFO - Started process (PID=4605) to work on /opt/airflow/dags/dl_overview.py
[2026-02-19T03:33:12.931+0000] {processor.py:830} INFO - Processing file /opt/airflow/dags/dl_overview.py for tasks to queue
[2026-02-19T03:33:12.932+0000] {logging_mixin.py:188} INFO - [2026-02-19T03:33:12.931+0000] {dagbag.py:545} INFO - Filling up the DagBag from /opt/airflow/dags/dl_overview.py
[2026-02-19T03:33:12.959+0000] {processor.py:840} INFO - DAG(s) 'company_overview_to_minio' retrieved from /opt/airflow/dags/dl_overview.py
[2026-02-19T03:33:12.979+0000] {logging_mixin.py:188} INFO - [2026-02-19T03:33:12.978+0000] {dag.py:3089} INFO - Sync 1 DAGs
[2026-02-19T03:33:12.998+0000] {logging_mixin.py:188} INFO - [2026-02-19T03:33:12.997+0000] {dag.py:3947} INFO - Setting next_dagrun for company_overview_to_minio to 2026-02-15 00:00:00+00:00, run_after=2026-02-22 00:00:00+00:00
[2026-02-19T03:33:13.016+0000] {processor.py:183} INFO - Processing /opt/airflow/dags/dl_overview.py took 0.090 seconds
[2026-02-19T03:33:43.823+0000] {processor.py:161} INFO - Started process (PID=4629) to work on /opt/airflow/dags/dl_overview.py
[2026-02-19T03:33:43.824+0000] {processor.py:830} INFO - Processing file /opt/airflow/dags/dl_overview.py for tasks to queue
[2026-02-19T03:33:43.825+0000] {logging_mixin.py:188} INFO - [2026-02-19T03:33:43.824+0000] {dagbag.py:545} INFO - Filling up the DagBag from /opt/airflow/dags/dl_overview.py
[2026-02-19T03:33:43.855+0000] {processor.py:840} INFO - DAG(s) 'company_overview_to_minio' retrieved from /opt/airflow/dags/dl_overview.py
[2026-02-19T03:33:43.876+0000] {logging_mixin.py:188} INFO - [2026-02-19T03:33:43.876+0000] {dag.py:3089} INFO - Sync 1 DAGs
[2026-02-19T03:33:43.897+0000] {logging_mixin.py:188} INFO - [2026-02-19T03:33:43.897+0000] {dag.py:3947} INFO - Setting next_dagrun for company_overview_to_minio to 2026-02-15 00:00:00+00:00, run_after=2026-02-22 00:00:00+00:00
[2026-02-19T03:33:43.921+0000] {processor.py:183} INFO - Processing /opt/airflow/dags/dl_overview.py took 0.104 seconds
[2026-02-19T03:34:14.274+0000] {processor.py:161} INFO - Started process (PID=4653) to work on /opt/airflow/dags/dl_overview.py
[2026-02-19T03:34:14.275+0000] {processor.py:830} INFO - Processing file /opt/airflow/dags/dl_overview.py for tasks to queue
[2026-02-19T03:34:14.276+0000] {logging_mixin.py:188} INFO - [2026-02-19T03:34:14.275+0000] {dagbag.py:545} INFO - Filling up the DagBag from /opt/airflow/dags/dl_overview.py
[2026-02-19T03:34:14.304+0000] {processor.py:840} INFO - DAG(s) 'company_overview_to_minio' retrieved from /opt/airflow/dags/dl_overview.py
[2026-02-19T03:34:14.324+0000] {logging_mixin.py:188} INFO - [2026-02-19T03:34:14.324+0000] {dag.py:3089} INFO - Sync 1 DAGs
[2026-02-19T03:34:14.343+0000] {logging_mixin.py:188} INFO - [2026-02-19T03:34:14.343+0000] {dag.py:3947} INFO - Setting next_dagrun for company_overview_to_minio to 2026-02-15 00:00:00+00:00, run_after=2026-02-22 00:00:00+00:00
[2026-02-19T03:34:14.365+0000] {processor.py:183} INFO - Processing /opt/airflow/dags/dl_overview.py took 0.095 seconds
[2026-02-19T03:34:44.627+0000] {processor.py:161} INFO - Started process (PID=4677) to work on /opt/airflow/dags/dl_overview.py
[2026-02-19T03:34:44.628+0000] {processor.py:830} INFO - Processing file /opt/airflow/dags/dl_overview.py for tasks to queue
[2026-02-19T03:34:44.629+0000] {logging_mixin.py:188} INFO - [2026-02-19T03:34:44.629+0000] {dagbag.py:545} INFO - Filling up the DagBag from /opt/airflow/dags/dl_overview.py
[2026-02-19T03:34:44.655+0000] {processor.py:840} INFO - DAG(s) 'company_overview_to_minio' retrieved from /opt/airflow/dags/dl_overview.py
[2026-02-19T03:34:44.675+0000] {logging_mixin.py:188} INFO - [2026-02-19T03:34:44.675+0000] {dag.py:3089} INFO - Sync 1 DAGs
[2026-02-19T03:34:44.693+0000] {logging_mixin.py:188} INFO - [2026-02-19T03:34:44.693+0000] {dag.py:3947} INFO - Setting next_dagrun for company_overview_to_minio to 2026-02-15 00:00:00+00:00, run_after=2026-02-22 00:00:00+00:00
[2026-02-19T03:34:44.715+0000] {processor.py:183} INFO - Processing /opt/airflow/dags/dl_overview.py took 0.092 seconds
[2026-02-19T03:35:15.225+0000] {processor.py:161} INFO - Started process (PID=4701) to work on /opt/airflow/dags/dl_overview.py
[2026-02-19T03:35:15.226+0000] {processor.py:830} INFO - Processing file /opt/airflow/dags/dl_overview.py for tasks to queue
[2026-02-19T03:35:15.226+0000] {logging_mixin.py:188} INFO - [2026-02-19T03:35:15.226+0000] {dagbag.py:545} INFO - Filling up the DagBag from /opt/airflow/dags/dl_overview.py
[2026-02-19T03:35:15.257+0000] {processor.py:840} INFO - DAG(s) 'company_overview_to_minio' retrieved from /opt/airflow/dags/dl_overview.py
[2026-02-19T03:35:15.283+0000] {logging_mixin.py:188} INFO - [2026-02-19T03:35:15.283+0000] {dag.py:3089} INFO - Sync 1 DAGs
[2026-02-19T03:35:15.304+0000] {logging_mixin.py:188} INFO - [2026-02-19T03:35:15.304+0000] {dag.py:3947} INFO - Setting next_dagrun for company_overview_to_minio to 2026-02-15 00:00:00+00:00, run_after=2026-02-22 00:00:00+00:00
[2026-02-19T03:35:15.324+0000] {processor.py:183} INFO - Processing /opt/airflow/dags/dl_overview.py took 0.104 seconds
[2026-02-19T03:35:45.622+0000] {processor.py:161} INFO - Started process (PID=4725) to work on /opt/airflow/dags/dl_overview.py
[2026-02-19T03:35:45.622+0000] {processor.py:830} INFO - Processing file /opt/airflow/dags/dl_overview.py for tasks to queue
[2026-02-19T03:35:45.623+0000] {logging_mixin.py:188} INFO - [2026-02-19T03:35:45.623+0000] {dagbag.py:545} INFO - Filling up the DagBag from /opt/airflow/dags/dl_overview.py
[2026-02-19T03:35:45.651+0000] {processor.py:840} INFO - DAG(s) 'company_overview_to_minio' retrieved from /opt/airflow/dags/dl_overview.py
[2026-02-19T03:35:45.671+0000] {logging_mixin.py:188} INFO - [2026-02-19T03:35:45.671+0000] {dag.py:3089} INFO - Sync 1 DAGs
[2026-02-19T03:35:45.690+0000] {logging_mixin.py:188} INFO - [2026-02-19T03:35:45.690+0000] {dag.py:3947} INFO - Setting next_dagrun for company_overview_to_minio to 2026-02-15 00:00:00+00:00, run_after=2026-02-22 00:00:00+00:00
[2026-02-19T03:35:45.706+0000] {processor.py:183} INFO - Processing /opt/airflow/dags/dl_overview.py took 0.089 seconds
[2026-02-19T03:36:16.036+0000] {processor.py:161} INFO - Started process (PID=4749) to work on /opt/airflow/dags/dl_overview.py
[2026-02-19T03:36:16.039+0000] {processor.py:830} INFO - Processing file /opt/airflow/dags/dl_overview.py for tasks to queue
[2026-02-19T03:36:16.047+0000] {logging_mixin.py:188} INFO - [2026-02-19T03:36:16.046+0000] {dagbag.py:545} INFO - Filling up the DagBag from /opt/airflow/dags/dl_overview.py
[2026-02-19T03:36:16.185+0000] {processor.py:840} INFO - DAG(s) 'company_overview_to_minio' retrieved from /opt/airflow/dags/dl_overview.py
[2026-02-19T03:36:16.234+0000] {logging_mixin.py:188} INFO - [2026-02-19T03:36:16.234+0000] {dag.py:3089} INFO - Sync 1 DAGs
[2026-02-19T03:36:16.265+0000] {logging_mixin.py:188} INFO - [2026-02-19T03:36:16.265+0000] {dag.py:3947} INFO - Setting next_dagrun for company_overview_to_minio to 2026-02-15 00:00:00+00:00, run_after=2026-02-22 00:00:00+00:00
[2026-02-19T03:36:16.288+0000] {processor.py:183} INFO - Processing /opt/airflow/dags/dl_overview.py took 0.277 seconds
[2026-02-19T03:36:46.479+0000] {processor.py:161} INFO - Started process (PID=4771) to work on /opt/airflow/dags/dl_overview.py
[2026-02-19T03:36:46.480+0000] {processor.py:830} INFO - Processing file /opt/airflow/dags/dl_overview.py for tasks to queue
[2026-02-19T03:36:46.481+0000] {logging_mixin.py:188} INFO - [2026-02-19T03:36:46.481+0000] {dagbag.py:545} INFO - Filling up the DagBag from /opt/airflow/dags/dl_overview.py
[2026-02-19T03:36:46.509+0000] {processor.py:840} INFO - DAG(s) 'company_overview_to_minio' retrieved from /opt/airflow/dags/dl_overview.py
[2026-02-19T03:36:46.530+0000] {logging_mixin.py:188} INFO - [2026-02-19T03:36:46.529+0000] {dag.py:3089} INFO - Sync 1 DAGs
[2026-02-19T03:36:46.550+0000] {logging_mixin.py:188} INFO - [2026-02-19T03:36:46.550+0000] {dag.py:3947} INFO - Setting next_dagrun for company_overview_to_minio to 2026-02-15 00:00:00+00:00, run_after=2026-02-22 00:00:00+00:00
[2026-02-19T03:36:46.572+0000] {processor.py:183} INFO - Processing /opt/airflow/dags/dl_overview.py took 0.098 seconds
[2026-02-19T03:37:16.953+0000] {processor.py:161} INFO - Started process (PID=4795) to work on /opt/airflow/dags/dl_overview.py
[2026-02-19T03:37:16.954+0000] {processor.py:830} INFO - Processing file /opt/airflow/dags/dl_overview.py for tasks to queue
[2026-02-19T03:37:16.956+0000] {logging_mixin.py:188} INFO - [2026-02-19T03:37:16.955+0000] {dagbag.py:545} INFO - Filling up the DagBag from /opt/airflow/dags/dl_overview.py
[2026-02-19T03:37:17.034+0000] {processor.py:840} INFO - DAG(s) 'company_overview_to_minio' retrieved from /opt/airflow/dags/dl_overview.py
[2026-02-19T03:37:17.090+0000] {logging_mixin.py:188} INFO - [2026-02-19T03:37:17.088+0000] {dag.py:3089} INFO - Sync 1 DAGs
[2026-02-19T03:37:17.125+0000] {logging_mixin.py:188} INFO - [2026-02-19T03:37:17.125+0000] {dag.py:3947} INFO - Setting next_dagrun for company_overview_to_minio to 2026-02-15 00:00:00+00:00, run_after=2026-02-22 00:00:00+00:00
[2026-02-19T03:37:17.152+0000] {processor.py:183} INFO - Processing /opt/airflow/dags/dl_overview.py took 0.206 seconds
[2026-02-19T03:37:47.411+0000] {processor.py:161} INFO - Started process (PID=4819) to work on /opt/airflow/dags/dl_overview.py
[2026-02-19T03:37:47.412+0000] {processor.py:830} INFO - Processing file /opt/airflow/dags/dl_overview.py for tasks to queue
[2026-02-19T03:37:47.412+0000] {logging_mixin.py:188} INFO - [2026-02-19T03:37:47.412+0000] {dagbag.py:545} INFO - Filling up the DagBag from /opt/airflow/dags/dl_overview.py
[2026-02-19T03:37:47.441+0000] {processor.py:840} INFO - DAG(s) 'company_overview_to_minio' retrieved from /opt/airflow/dags/dl_overview.py
[2026-02-19T03:37:47.461+0000] {logging_mixin.py:188} INFO - [2026-02-19T03:37:47.461+0000] {dag.py:3089} INFO - Sync 1 DAGs
[2026-02-19T03:37:47.480+0000] {logging_mixin.py:188} INFO - [2026-02-19T03:37:47.480+0000] {dag.py:3947} INFO - Setting next_dagrun for company_overview_to_minio to 2026-02-15 00:00:00+00:00, run_after=2026-02-22 00:00:00+00:00
[2026-02-19T03:37:47.496+0000] {processor.py:183} INFO - Processing /opt/airflow/dags/dl_overview.py took 0.090 seconds
[2026-02-19T03:38:18.420+0000] {processor.py:161} INFO - Started process (PID=4843) to work on /opt/airflow/dags/dl_overview.py
[2026-02-19T03:38:18.421+0000] {processor.py:830} INFO - Processing file /opt/airflow/dags/dl_overview.py for tasks to queue
[2026-02-19T03:38:18.422+0000] {logging_mixin.py:188} INFO - [2026-02-19T03:38:18.422+0000] {dagbag.py:545} INFO - Filling up the DagBag from /opt/airflow/dags/dl_overview.py
[2026-02-19T03:38:18.453+0000] {processor.py:840} INFO - DAG(s) 'company_overview_to_minio' retrieved from /opt/airflow/dags/dl_overview.py
[2026-02-19T03:38:18.475+0000] {logging_mixin.py:188} INFO - [2026-02-19T03:38:18.475+0000] {dag.py:3089} INFO - Sync 1 DAGs
[2026-02-19T03:38:18.496+0000] {logging_mixin.py:188} INFO - [2026-02-19T03:38:18.496+0000] {dag.py:3947} INFO - Setting next_dagrun for company_overview_to_minio to 2026-02-15 00:00:00+00:00, run_after=2026-02-22 00:00:00+00:00
[2026-02-19T03:38:18.516+0000] {processor.py:183} INFO - Processing /opt/airflow/dags/dl_overview.py took 0.101 seconds
[2026-02-19T03:38:48.592+0000] {processor.py:161} INFO - Started process (PID=4867) to work on /opt/airflow/dags/dl_overview.py
[2026-02-19T03:38:48.593+0000] {processor.py:830} INFO - Processing file /opt/airflow/dags/dl_overview.py for tasks to queue
[2026-02-19T03:38:48.594+0000] {logging_mixin.py:188} INFO - [2026-02-19T03:38:48.593+0000] {dagbag.py:545} INFO - Filling up the DagBag from /opt/airflow/dags/dl_overview.py
[2026-02-19T03:38:48.621+0000] {processor.py:840} INFO - DAG(s) 'company_overview_to_minio' retrieved from /opt/airflow/dags/dl_overview.py
[2026-02-19T03:38:48.641+0000] {logging_mixin.py:188} INFO - [2026-02-19T03:38:48.641+0000] {dag.py:3089} INFO - Sync 1 DAGs
[2026-02-19T03:38:48.660+0000] {logging_mixin.py:188} INFO - [2026-02-19T03:38:48.659+0000] {dag.py:3947} INFO - Setting next_dagrun for company_overview_to_minio to 2026-02-15 00:00:00+00:00, run_after=2026-02-22 00:00:00+00:00
[2026-02-19T03:38:48.680+0000] {processor.py:183} INFO - Processing /opt/airflow/dags/dl_overview.py took 0.093 seconds
[2026-02-19T03:39:18.842+0000] {processor.py:161} INFO - Started process (PID=4891) to work on /opt/airflow/dags/dl_overview.py
[2026-02-19T03:39:18.843+0000] {processor.py:830} INFO - Processing file /opt/airflow/dags/dl_overview.py for tasks to queue
[2026-02-19T03:39:18.844+0000] {logging_mixin.py:188} INFO - [2026-02-19T03:39:18.844+0000] {dagbag.py:545} INFO - Filling up the DagBag from /opt/airflow/dags/dl_overview.py
[2026-02-19T03:39:18.873+0000] {processor.py:840} INFO - DAG(s) 'company_overview_to_minio' retrieved from /opt/airflow/dags/dl_overview.py
[2026-02-19T03:39:18.893+0000] {logging_mixin.py:188} INFO - [2026-02-19T03:39:18.893+0000] {dag.py:3089} INFO - Sync 1 DAGs
[2026-02-19T03:39:18.912+0000] {logging_mixin.py:188} INFO - [2026-02-19T03:39:18.912+0000] {dag.py:3947} INFO - Setting next_dagrun for company_overview_to_minio to 2026-02-15 00:00:00+00:00, run_after=2026-02-22 00:00:00+00:00
[2026-02-19T03:39:18.933+0000] {processor.py:183} INFO - Processing /opt/airflow/dags/dl_overview.py took 0.095 seconds
[2026-02-19T03:39:49.289+0000] {processor.py:161} INFO - Started process (PID=4916) to work on /opt/airflow/dags/dl_overview.py
[2026-02-19T03:39:49.290+0000] {processor.py:830} INFO - Processing file /opt/airflow/dags/dl_overview.py for tasks to queue
[2026-02-19T03:39:49.290+0000] {logging_mixin.py:188} INFO - [2026-02-19T03:39:49.290+0000] {dagbag.py:545} INFO - Filling up the DagBag from /opt/airflow/dags/dl_overview.py
[2026-02-19T03:39:49.318+0000] {processor.py:840} INFO - DAG(s) 'company_overview_to_minio' retrieved from /opt/airflow/dags/dl_overview.py
[2026-02-19T03:39:49.337+0000] {logging_mixin.py:188} INFO - [2026-02-19T03:39:49.337+0000] {dag.py:3089} INFO - Sync 1 DAGs
[2026-02-19T03:39:49.356+0000] {logging_mixin.py:188} INFO - [2026-02-19T03:39:49.355+0000] {dag.py:3947} INFO - Setting next_dagrun for company_overview_to_minio to 2026-02-15 00:00:00+00:00, run_after=2026-02-22 00:00:00+00:00
[2026-02-19T03:39:49.375+0000] {processor.py:183} INFO - Processing /opt/airflow/dags/dl_overview.py took 0.091 seconds
[2026-02-19T03:40:19.645+0000] {processor.py:161} INFO - Started process (PID=4940) to work on /opt/airflow/dags/dl_overview.py
[2026-02-19T03:40:19.646+0000] {processor.py:830} INFO - Processing file /opt/airflow/dags/dl_overview.py for tasks to queue
[2026-02-19T03:40:19.646+0000] {logging_mixin.py:188} INFO - [2026-02-19T03:40:19.646+0000] {dagbag.py:545} INFO - Filling up the DagBag from /opt/airflow/dags/dl_overview.py
[2026-02-19T03:40:19.674+0000] {processor.py:840} INFO - DAG(s) 'company_overview_to_minio' retrieved from /opt/airflow/dags/dl_overview.py
[2026-02-19T03:40:19.694+0000] {logging_mixin.py:188} INFO - [2026-02-19T03:40:19.693+0000] {dag.py:3089} INFO - Sync 1 DAGs
[2026-02-19T03:40:19.712+0000] {logging_mixin.py:188} INFO - [2026-02-19T03:40:19.712+0000] {dag.py:3947} INFO - Setting next_dagrun for company_overview_to_minio to 2026-02-15 00:00:00+00:00, run_after=2026-02-22 00:00:00+00:00
[2026-02-19T03:40:19.730+0000] {processor.py:183} INFO - Processing /opt/airflow/dags/dl_overview.py took 0.090 seconds
[2026-02-19T03:40:50.265+0000] {processor.py:161} INFO - Started process (PID=4964) to work on /opt/airflow/dags/dl_overview.py
[2026-02-19T03:40:50.266+0000] {processor.py:830} INFO - Processing file /opt/airflow/dags/dl_overview.py for tasks to queue
[2026-02-19T03:40:50.266+0000] {logging_mixin.py:188} INFO - [2026-02-19T03:40:50.266+0000] {dagbag.py:545} INFO - Filling up the DagBag from /opt/airflow/dags/dl_overview.py
[2026-02-19T03:40:50.292+0000] {processor.py:840} INFO - DAG(s) 'company_overview_to_minio' retrieved from /opt/airflow/dags/dl_overview.py
[2026-02-19T03:40:50.311+0000] {logging_mixin.py:188} INFO - [2026-02-19T03:40:50.311+0000] {dag.py:3089} INFO - Sync 1 DAGs
[2026-02-19T03:40:50.330+0000] {logging_mixin.py:188} INFO - [2026-02-19T03:40:50.329+0000] {dag.py:3947} INFO - Setting next_dagrun for company_overview_to_minio to 2026-02-15 00:00:00+00:00, run_after=2026-02-22 00:00:00+00:00
[2026-02-19T03:40:50.348+0000] {processor.py:183} INFO - Processing /opt/airflow/dags/dl_overview.py took 0.088 seconds
[2026-02-19T03:41:20.601+0000] {processor.py:161} INFO - Started process (PID=4988) to work on /opt/airflow/dags/dl_overview.py
[2026-02-19T03:41:20.602+0000] {processor.py:830} INFO - Processing file /opt/airflow/dags/dl_overview.py for tasks to queue
[2026-02-19T03:41:20.603+0000] {logging_mixin.py:188} INFO - [2026-02-19T03:41:20.602+0000] {dagbag.py:545} INFO - Filling up the DagBag from /opt/airflow/dags/dl_overview.py
[2026-02-19T03:41:20.632+0000] {processor.py:840} INFO - DAG(s) 'company_overview_to_minio' retrieved from /opt/airflow/dags/dl_overview.py
[2026-02-19T03:41:20.653+0000] {logging_mixin.py:188} INFO - [2026-02-19T03:41:20.652+0000] {dag.py:3089} INFO - Sync 1 DAGs
[2026-02-19T03:41:20.672+0000] {logging_mixin.py:188} INFO - [2026-02-19T03:41:20.672+0000] {dag.py:3947} INFO - Setting next_dagrun for company_overview_to_minio to 2026-02-15 00:00:00+00:00, run_after=2026-02-22 00:00:00+00:00
[2026-02-19T03:41:20.689+0000] {processor.py:183} INFO - Processing /opt/airflow/dags/dl_overview.py took 0.092 seconds
[2026-02-19T03:41:50.854+0000] {processor.py:161} INFO - Started process (PID=5012) to work on /opt/airflow/dags/dl_overview.py
[2026-02-19T03:41:50.855+0000] {processor.py:830} INFO - Processing file /opt/airflow/dags/dl_overview.py for tasks to queue
[2026-02-19T03:41:50.855+0000] {logging_mixin.py:188} INFO - [2026-02-19T03:41:50.855+0000] {dagbag.py:545} INFO - Filling up the DagBag from /opt/airflow/dags/dl_overview.py
[2026-02-19T03:41:50.883+0000] {processor.py:840} INFO - DAG(s) 'company_overview_to_minio' retrieved from /opt/airflow/dags/dl_overview.py
[2026-02-19T03:41:50.904+0000] {logging_mixin.py:188} INFO - [2026-02-19T03:41:50.904+0000] {dag.py:3089} INFO - Sync 1 DAGs
[2026-02-19T03:41:50.923+0000] {logging_mixin.py:188} INFO - [2026-02-19T03:41:50.923+0000] {dag.py:3947} INFO - Setting next_dagrun for company_overview_to_minio to 2026-02-15 00:00:00+00:00, run_after=2026-02-22 00:00:00+00:00
[2026-02-19T03:41:50.941+0000] {processor.py:183} INFO - Processing /opt/airflow/dags/dl_overview.py took 0.093 seconds
[2026-02-19T03:42:21.173+0000] {processor.py:161} INFO - Started process (PID=5036) to work on /opt/airflow/dags/dl_overview.py
[2026-02-19T03:42:21.174+0000] {processor.py:830} INFO - Processing file /opt/airflow/dags/dl_overview.py for tasks to queue
[2026-02-19T03:42:21.175+0000] {logging_mixin.py:188} INFO - [2026-02-19T03:42:21.175+0000] {dagbag.py:545} INFO - Filling up the DagBag from /opt/airflow/dags/dl_overview.py
[2026-02-19T03:42:21.215+0000] {processor.py:840} INFO - DAG(s) 'company_overview_to_minio' retrieved from /opt/airflow/dags/dl_overview.py
[2026-02-19T03:42:21.246+0000] {logging_mixin.py:188} INFO - [2026-02-19T03:42:21.246+0000] {dag.py:3089} INFO - Sync 1 DAGs
[2026-02-19T03:42:21.274+0000] {logging_mixin.py:188} INFO - [2026-02-19T03:42:21.274+0000] {dag.py:3947} INFO - Setting next_dagrun for company_overview_to_minio to 2026-02-15 00:00:00+00:00, run_after=2026-02-22 00:00:00+00:00
[2026-02-19T03:42:21.297+0000] {processor.py:183} INFO - Processing /opt/airflow/dags/dl_overview.py took 0.130 seconds
[2026-02-19T03:42:51.583+0000] {processor.py:161} INFO - Started process (PID=5058) to work on /opt/airflow/dags/dl_overview.py
[2026-02-19T03:42:51.584+0000] {processor.py:830} INFO - Processing file /opt/airflow/dags/dl_overview.py for tasks to queue
[2026-02-19T03:42:51.585+0000] {logging_mixin.py:188} INFO - [2026-02-19T03:42:51.584+0000] {dagbag.py:545} INFO - Filling up the DagBag from /opt/airflow/dags/dl_overview.py
[2026-02-19T03:42:51.613+0000] {processor.py:840} INFO - DAG(s) 'company_overview_to_minio' retrieved from /opt/airflow/dags/dl_overview.py
[2026-02-19T03:42:51.634+0000] {logging_mixin.py:188} INFO - [2026-02-19T03:42:51.633+0000] {dag.py:3089} INFO - Sync 1 DAGs
[2026-02-19T03:42:51.653+0000] {logging_mixin.py:188} INFO - [2026-02-19T03:42:51.653+0000] {dag.py:3947} INFO - Setting next_dagrun for company_overview_to_minio to 2026-02-15 00:00:00+00:00, run_after=2026-02-22 00:00:00+00:00
[2026-02-19T03:42:51.675+0000] {processor.py:183} INFO - Processing /opt/airflow/dags/dl_overview.py took 0.096 seconds
[2026-02-19T03:43:21.827+0000] {processor.py:161} INFO - Started process (PID=5082) to work on /opt/airflow/dags/dl_overview.py
[2026-02-19T03:43:21.828+0000] {processor.py:830} INFO - Processing file /opt/airflow/dags/dl_overview.py for tasks to queue
[2026-02-19T03:43:21.829+0000] {logging_mixin.py:188} INFO - [2026-02-19T03:43:21.828+0000] {dagbag.py:545} INFO - Filling up the DagBag from /opt/airflow/dags/dl_overview.py
[2026-02-19T03:43:21.858+0000] {processor.py:840} INFO - DAG(s) 'company_overview_to_minio' retrieved from /opt/airflow/dags/dl_overview.py
[2026-02-19T03:43:21.880+0000] {logging_mixin.py:188} INFO - [2026-02-19T03:43:21.880+0000] {dag.py:3089} INFO - Sync 1 DAGs
[2026-02-19T03:43:21.901+0000] {logging_mixin.py:188} INFO - [2026-02-19T03:43:21.901+0000] {dag.py:3947} INFO - Setting next_dagrun for company_overview_to_minio to 2026-02-15 00:00:00+00:00, run_after=2026-02-22 00:00:00+00:00
[2026-02-19T03:43:21.926+0000] {processor.py:183} INFO - Processing /opt/airflow/dags/dl_overview.py took 0.104 seconds
[2026-02-19T03:43:52.052+0000] {processor.py:161} INFO - Started process (PID=5106) to work on /opt/airflow/dags/dl_overview.py
[2026-02-19T03:43:52.052+0000] {processor.py:830} INFO - Processing file /opt/airflow/dags/dl_overview.py for tasks to queue
[2026-02-19T03:43:52.053+0000] {logging_mixin.py:188} INFO - [2026-02-19T03:43:52.053+0000] {dagbag.py:545} INFO - Filling up the DagBag from /opt/airflow/dags/dl_overview.py
[2026-02-19T03:43:52.081+0000] {processor.py:840} INFO - DAG(s) 'company_overview_to_minio' retrieved from /opt/airflow/dags/dl_overview.py
[2026-02-19T03:43:52.103+0000] {logging_mixin.py:188} INFO - [2026-02-19T03:43:52.103+0000] {dag.py:3089} INFO - Sync 1 DAGs
[2026-02-19T03:43:52.123+0000] {logging_mixin.py:188} INFO - [2026-02-19T03:43:52.123+0000] {dag.py:3947} INFO - Setting next_dagrun for company_overview_to_minio to 2026-02-15 00:00:00+00:00, run_after=2026-02-22 00:00:00+00:00
[2026-02-19T03:43:52.140+0000] {processor.py:183} INFO - Processing /opt/airflow/dags/dl_overview.py took 0.093 seconds
[2026-02-19T03:44:22.248+0000] {processor.py:161} INFO - Started process (PID=5130) to work on /opt/airflow/dags/dl_overview.py
[2026-02-19T03:44:22.249+0000] {processor.py:830} INFO - Processing file /opt/airflow/dags/dl_overview.py for tasks to queue
[2026-02-19T03:44:22.250+0000] {logging_mixin.py:188} INFO - [2026-02-19T03:44:22.249+0000] {dagbag.py:545} INFO - Filling up the DagBag from /opt/airflow/dags/dl_overview.py
[2026-02-19T03:44:22.280+0000] {processor.py:840} INFO - DAG(s) 'company_overview_to_minio' retrieved from /opt/airflow/dags/dl_overview.py
[2026-02-19T03:44:22.299+0000] {logging_mixin.py:188} INFO - [2026-02-19T03:44:22.299+0000] {dag.py:3089} INFO - Sync 1 DAGs
[2026-02-19T03:44:22.317+0000] {logging_mixin.py:188} INFO - [2026-02-19T03:44:22.317+0000] {dag.py:3947} INFO - Setting next_dagrun for company_overview_to_minio to 2026-02-15 00:00:00+00:00, run_after=2026-02-22 00:00:00+00:00
[2026-02-19T03:44:22.336+0000] {processor.py:183} INFO - Processing /opt/airflow/dags/dl_overview.py took 0.093 seconds
[2026-02-19T03:44:52.445+0000] {processor.py:161} INFO - Started process (PID=5154) to work on /opt/airflow/dags/dl_overview.py
[2026-02-19T03:44:52.445+0000] {processor.py:830} INFO - Processing file /opt/airflow/dags/dl_overview.py for tasks to queue
[2026-02-19T03:44:52.446+0000] {logging_mixin.py:188} INFO - [2026-02-19T03:44:52.446+0000] {dagbag.py:545} INFO - Filling up the DagBag from /opt/airflow/dags/dl_overview.py
[2026-02-19T03:44:52.473+0000] {processor.py:840} INFO - DAG(s) 'company_overview_to_minio' retrieved from /opt/airflow/dags/dl_overview.py
[2026-02-19T03:44:52.493+0000] {logging_mixin.py:188} INFO - [2026-02-19T03:44:52.493+0000] {dag.py:3089} INFO - Sync 1 DAGs
[2026-02-19T03:44:52.513+0000] {logging_mixin.py:188} INFO - [2026-02-19T03:44:52.513+0000] {dag.py:3947} INFO - Setting next_dagrun for company_overview_to_minio to 2026-02-15 00:00:00+00:00, run_after=2026-02-22 00:00:00+00:00
[2026-02-19T03:44:52.529+0000] {processor.py:183} INFO - Processing /opt/airflow/dags/dl_overview.py took 0.089 seconds
[2026-02-19T03:45:22.771+0000] {processor.py:161} INFO - Started process (PID=5178) to work on /opt/airflow/dags/dl_overview.py
[2026-02-19T03:45:22.772+0000] {processor.py:830} INFO - Processing file /opt/airflow/dags/dl_overview.py for tasks to queue
[2026-02-19T03:45:22.773+0000] {logging_mixin.py:188} INFO - [2026-02-19T03:45:22.772+0000] {dagbag.py:545} INFO - Filling up the DagBag from /opt/airflow/dags/dl_overview.py
[2026-02-19T03:45:22.801+0000] {processor.py:840} INFO - DAG(s) 'company_overview_to_minio' retrieved from /opt/airflow/dags/dl_overview.py
[2026-02-19T03:45:22.822+0000] {logging_mixin.py:188} INFO - [2026-02-19T03:45:22.822+0000] {dag.py:3089} INFO - Sync 1 DAGs
[2026-02-19T03:45:22.841+0000] {logging_mixin.py:188} INFO - [2026-02-19T03:45:22.841+0000] {dag.py:3947} INFO - Setting next_dagrun for company_overview_to_minio to 2026-02-15 00:00:00+00:00, run_after=2026-02-22 00:00:00+00:00
[2026-02-19T03:45:22.865+0000] {processor.py:183} INFO - Processing /opt/airflow/dags/dl_overview.py took 0.099 seconds
[2026-02-19T03:45:52.981+0000] {processor.py:161} INFO - Started process (PID=5202) to work on /opt/airflow/dags/dl_overview.py
[2026-02-19T03:45:52.982+0000] {processor.py:830} INFO - Processing file /opt/airflow/dags/dl_overview.py for tasks to queue
[2026-02-19T03:45:52.983+0000] {logging_mixin.py:188} INFO - [2026-02-19T03:45:52.983+0000] {dagbag.py:545} INFO - Filling up the DagBag from /opt/airflow/dags/dl_overview.py
[2026-02-19T03:45:53.010+0000] {processor.py:840} INFO - DAG(s) 'company_overview_to_minio' retrieved from /opt/airflow/dags/dl_overview.py
[2026-02-19T03:45:53.030+0000] {logging_mixin.py:188} INFO - [2026-02-19T03:45:53.030+0000] {dag.py:3089} INFO - Sync 1 DAGs
[2026-02-19T03:45:53.049+0000] {logging_mixin.py:188} INFO - [2026-02-19T03:45:53.049+0000] {dag.py:3947} INFO - Setting next_dagrun for company_overview_to_minio to 2026-02-15 00:00:00+00:00, run_after=2026-02-22 00:00:00+00:00
[2026-02-19T03:45:53.069+0000] {processor.py:183} INFO - Processing /opt/airflow/dags/dl_overview.py took 0.092 seconds
[2026-02-19T03:46:23.389+0000] {processor.py:161} INFO - Started process (PID=5226) to work on /opt/airflow/dags/dl_overview.py
[2026-02-19T03:46:23.390+0000] {processor.py:830} INFO - Processing file /opt/airflow/dags/dl_overview.py for tasks to queue
[2026-02-19T03:46:23.391+0000] {logging_mixin.py:188} INFO - [2026-02-19T03:46:23.391+0000] {dagbag.py:545} INFO - Filling up the DagBag from /opt/airflow/dags/dl_overview.py
[2026-02-19T03:46:23.420+0000] {processor.py:840} INFO - DAG(s) 'company_overview_to_minio' retrieved from /opt/airflow/dags/dl_overview.py
[2026-02-19T03:46:23.442+0000] {logging_mixin.py:188} INFO - [2026-02-19T03:46:23.442+0000] {dag.py:3089} INFO - Sync 1 DAGs
[2026-02-19T03:46:23.461+0000] {logging_mixin.py:188} INFO - [2026-02-19T03:46:23.461+0000] {dag.py:3947} INFO - Setting next_dagrun for company_overview_to_minio to 2026-02-15 00:00:00+00:00, run_after=2026-02-22 00:00:00+00:00
[2026-02-19T03:46:23.479+0000] {processor.py:183} INFO - Processing /opt/airflow/dags/dl_overview.py took 0.095 seconds
[2026-02-19T03:46:53.558+0000] {processor.py:161} INFO - Started process (PID=5250) to work on /opt/airflow/dags/dl_overview.py
[2026-02-19T03:46:53.559+0000] {processor.py:830} INFO - Processing file /opt/airflow/dags/dl_overview.py for tasks to queue
[2026-02-19T03:46:53.559+0000] {logging_mixin.py:188} INFO - [2026-02-19T03:46:53.559+0000] {dagbag.py:545} INFO - Filling up the DagBag from /opt/airflow/dags/dl_overview.py
[2026-02-19T03:46:53.588+0000] {processor.py:840} INFO - DAG(s) 'company_overview_to_minio' retrieved from /opt/airflow/dags/dl_overview.py
[2026-02-19T03:46:53.609+0000] {logging_mixin.py:188} INFO - [2026-02-19T03:46:53.609+0000] {dag.py:3089} INFO - Sync 1 DAGs
[2026-02-19T03:46:53.629+0000] {logging_mixin.py:188} INFO - [2026-02-19T03:46:53.628+0000] {dag.py:3947} INFO - Setting next_dagrun for company_overview_to_minio to 2026-02-15 00:00:00+00:00, run_after=2026-02-22 00:00:00+00:00
[2026-02-19T03:46:53.648+0000] {processor.py:183} INFO - Processing /opt/airflow/dags/dl_overview.py took 0.095 seconds
[2026-02-19T03:47:23.865+0000] {processor.py:161} INFO - Started process (PID=5274) to work on /opt/airflow/dags/dl_overview.py
[2026-02-19T03:47:23.866+0000] {processor.py:830} INFO - Processing file /opt/airflow/dags/dl_overview.py for tasks to queue
[2026-02-19T03:47:23.867+0000] {logging_mixin.py:188} INFO - [2026-02-19T03:47:23.866+0000] {dagbag.py:545} INFO - Filling up the DagBag from /opt/airflow/dags/dl_overview.py
[2026-02-19T03:47:23.894+0000] {processor.py:840} INFO - DAG(s) 'company_overview_to_minio' retrieved from /opt/airflow/dags/dl_overview.py
[2026-02-19T03:47:23.913+0000] {logging_mixin.py:188} INFO - [2026-02-19T03:47:23.913+0000] {dag.py:3089} INFO - Sync 1 DAGs
[2026-02-19T03:47:23.932+0000] {logging_mixin.py:188} INFO - [2026-02-19T03:47:23.932+0000] {dag.py:3947} INFO - Setting next_dagrun for company_overview_to_minio to 2026-02-15 00:00:00+00:00, run_after=2026-02-22 00:00:00+00:00
[2026-02-19T03:47:23.947+0000] {processor.py:183} INFO - Processing /opt/airflow/dags/dl_overview.py took 0.087 seconds
[2026-02-19T03:47:54.293+0000] {processor.py:161} INFO - Started process (PID=5298) to work on /opt/airflow/dags/dl_overview.py
[2026-02-19T03:47:54.294+0000] {processor.py:830} INFO - Processing file /opt/airflow/dags/dl_overview.py for tasks to queue
[2026-02-19T03:47:54.294+0000] {logging_mixin.py:188} INFO - [2026-02-19T03:47:54.294+0000] {dagbag.py:545} INFO - Filling up the DagBag from /opt/airflow/dags/dl_overview.py
[2026-02-19T03:47:54.321+0000] {processor.py:840} INFO - DAG(s) 'company_overview_to_minio' retrieved from /opt/airflow/dags/dl_overview.py
[2026-02-19T03:47:54.341+0000] {logging_mixin.py:188} INFO - [2026-02-19T03:47:54.341+0000] {dag.py:3089} INFO - Sync 1 DAGs
[2026-02-19T03:47:54.359+0000] {logging_mixin.py:188} INFO - [2026-02-19T03:47:54.359+0000] {dag.py:3947} INFO - Setting next_dagrun for company_overview_to_minio to 2026-02-15 00:00:00+00:00, run_after=2026-02-22 00:00:00+00:00
[2026-02-19T03:47:54.381+0000] {processor.py:183} INFO - Processing /opt/airflow/dags/dl_overview.py took 0.093 seconds
[2026-02-19T03:48:24.635+0000] {processor.py:161} INFO - Started process (PID=5321) to work on /opt/airflow/dags/dl_overview.py
[2026-02-19T03:48:24.635+0000] {processor.py:830} INFO - Processing file /opt/airflow/dags/dl_overview.py for tasks to queue
[2026-02-19T03:48:24.636+0000] {logging_mixin.py:188} INFO - [2026-02-19T03:48:24.636+0000] {dagbag.py:545} INFO - Filling up the DagBag from /opt/airflow/dags/dl_overview.py
[2026-02-19T03:48:24.661+0000] {processor.py:840} INFO - DAG(s) 'company_overview_to_minio' retrieved from /opt/airflow/dags/dl_overview.py
[2026-02-19T03:48:24.682+0000] {logging_mixin.py:188} INFO - [2026-02-19T03:48:24.681+0000] {dag.py:3089} INFO - Sync 1 DAGs
[2026-02-19T03:48:24.700+0000] {logging_mixin.py:188} INFO - [2026-02-19T03:48:24.700+0000] {dag.py:3947} INFO - Setting next_dagrun for company_overview_to_minio to 2026-02-15 00:00:00+00:00, run_after=2026-02-22 00:00:00+00:00
[2026-02-19T03:48:24.717+0000] {processor.py:183} INFO - Processing /opt/airflow/dags/dl_overview.py took 0.087 seconds
[2026-02-19T03:48:55.114+0000] {processor.py:161} INFO - Started process (PID=5344) to work on /opt/airflow/dags/dl_overview.py
[2026-02-19T03:48:55.115+0000] {processor.py:830} INFO - Processing file /opt/airflow/dags/dl_overview.py for tasks to queue
[2026-02-19T03:48:55.116+0000] {logging_mixin.py:188} INFO - [2026-02-19T03:48:55.116+0000] {dagbag.py:545} INFO - Filling up the DagBag from /opt/airflow/dags/dl_overview.py
[2026-02-19T03:48:55.144+0000] {processor.py:840} INFO - DAG(s) 'company_overview_to_minio' retrieved from /opt/airflow/dags/dl_overview.py
[2026-02-19T03:48:55.165+0000] {logging_mixin.py:188} INFO - [2026-02-19T03:48:55.165+0000] {dag.py:3089} INFO - Sync 1 DAGs
[2026-02-19T03:48:55.355+0000] {logging_mixin.py:188} INFO - [2026-02-19T03:48:55.355+0000] {dag.py:3947} INFO - Setting next_dagrun for company_overview_to_minio to 2026-02-15 00:00:00+00:00, run_after=2026-02-22 00:00:00+00:00
[2026-02-19T03:48:55.375+0000] {processor.py:183} INFO - Processing /opt/airflow/dags/dl_overview.py took 0.266 seconds
[2026-02-19T03:49:26.112+0000] {processor.py:161} INFO - Started process (PID=5368) to work on /opt/airflow/dags/dl_overview.py
[2026-02-19T03:49:26.113+0000] {processor.py:830} INFO - Processing file /opt/airflow/dags/dl_overview.py for tasks to queue
[2026-02-19T03:49:26.114+0000] {logging_mixin.py:188} INFO - [2026-02-19T03:49:26.113+0000] {dagbag.py:545} INFO - Filling up the DagBag from /opt/airflow/dags/dl_overview.py
[2026-02-19T03:49:26.140+0000] {processor.py:840} INFO - DAG(s) 'company_overview_to_minio' retrieved from /opt/airflow/dags/dl_overview.py
[2026-02-19T03:49:26.160+0000] {logging_mixin.py:188} INFO - [2026-02-19T03:49:26.160+0000] {dag.py:3089} INFO - Sync 1 DAGs
[2026-02-19T03:49:26.179+0000] {logging_mixin.py:188} INFO - [2026-02-19T03:49:26.179+0000] {dag.py:3947} INFO - Setting next_dagrun for company_overview_to_minio to 2026-02-15 00:00:00+00:00, run_after=2026-02-22 00:00:00+00:00
[2026-02-19T03:49:26.195+0000] {processor.py:183} INFO - Processing /opt/airflow/dags/dl_overview.py took 0.088 seconds
[2026-02-19T03:49:56.989+0000] {processor.py:161} INFO - Started process (PID=5392) to work on /opt/airflow/dags/dl_overview.py
[2026-02-19T03:49:56.990+0000] {processor.py:830} INFO - Processing file /opt/airflow/dags/dl_overview.py for tasks to queue
[2026-02-19T03:49:56.990+0000] {logging_mixin.py:188} INFO - [2026-02-19T03:49:56.990+0000] {dagbag.py:545} INFO - Filling up the DagBag from /opt/airflow/dags/dl_overview.py
[2026-02-19T03:49:57.018+0000] {processor.py:840} INFO - DAG(s) 'company_overview_to_minio' retrieved from /opt/airflow/dags/dl_overview.py
[2026-02-19T03:49:57.197+0000] {logging_mixin.py:188} INFO - [2026-02-19T03:49:57.197+0000] {dag.py:3089} INFO - Sync 1 DAGs
[2026-02-19T03:49:57.213+0000] {logging_mixin.py:188} INFO - [2026-02-19T03:49:57.213+0000] {dag.py:3947} INFO - Setting next_dagrun for company_overview_to_minio to 2026-02-15 00:00:00+00:00, run_after=2026-02-22 00:00:00+00:00
[2026-02-19T03:49:57.234+0000] {processor.py:183} INFO - Processing /opt/airflow/dags/dl_overview.py took 0.250 seconds
[2026-02-19T03:50:28.205+0000] {processor.py:161} INFO - Started process (PID=5416) to work on /opt/airflow/dags/dl_overview.py
[2026-02-19T03:50:28.206+0000] {processor.py:830} INFO - Processing file /opt/airflow/dags/dl_overview.py for tasks to queue
[2026-02-19T03:50:28.206+0000] {logging_mixin.py:188} INFO - [2026-02-19T03:50:28.206+0000] {dagbag.py:545} INFO - Filling up the DagBag from /opt/airflow/dags/dl_overview.py
[2026-02-19T03:50:28.235+0000] {processor.py:840} INFO - DAG(s) 'company_overview_to_minio' retrieved from /opt/airflow/dags/dl_overview.py
[2026-02-19T03:50:28.255+0000] {logging_mixin.py:188} INFO - [2026-02-19T03:50:28.254+0000] {dag.py:3089} INFO - Sync 1 DAGs
[2026-02-19T03:50:28.273+0000] {logging_mixin.py:188} INFO - [2026-02-19T03:50:28.272+0000] {dag.py:3947} INFO - Setting next_dagrun for company_overview_to_minio to 2026-02-15 00:00:00+00:00, run_after=2026-02-22 00:00:00+00:00
[2026-02-19T03:50:28.294+0000] {processor.py:183} INFO - Processing /opt/airflow/dags/dl_overview.py took 0.093 seconds
[2026-02-19T03:50:58.480+0000] {processor.py:161} INFO - Started process (PID=5440) to work on /opt/airflow/dags/dl_overview.py
[2026-02-19T03:50:58.481+0000] {processor.py:830} INFO - Processing file /opt/airflow/dags/dl_overview.py for tasks to queue
[2026-02-19T03:50:58.482+0000] {logging_mixin.py:188} INFO - [2026-02-19T03:50:58.482+0000] {dagbag.py:545} INFO - Filling up the DagBag from /opt/airflow/dags/dl_overview.py
[2026-02-19T03:50:58.511+0000] {processor.py:840} INFO - DAG(s) 'company_overview_to_minio' retrieved from /opt/airflow/dags/dl_overview.py
[2026-02-19T03:50:58.530+0000] {logging_mixin.py:188} INFO - [2026-02-19T03:50:58.530+0000] {dag.py:3089} INFO - Sync 1 DAGs
[2026-02-19T03:50:58.549+0000] {logging_mixin.py:188} INFO - [2026-02-19T03:50:58.549+0000] {dag.py:3947} INFO - Setting next_dagrun for company_overview_to_minio to 2026-02-15 00:00:00+00:00, run_after=2026-02-22 00:00:00+00:00
[2026-02-19T03:50:58.574+0000] {processor.py:183} INFO - Processing /opt/airflow/dags/dl_overview.py took 0.098 seconds
[2026-02-19T03:51:28.959+0000] {processor.py:161} INFO - Started process (PID=5464) to work on /opt/airflow/dags/dl_overview.py
[2026-02-19T03:51:28.960+0000] {processor.py:830} INFO - Processing file /opt/airflow/dags/dl_overview.py for tasks to queue
[2026-02-19T03:51:28.961+0000] {logging_mixin.py:188} INFO - [2026-02-19T03:51:28.961+0000] {dagbag.py:545} INFO - Filling up the DagBag from /opt/airflow/dags/dl_overview.py
[2026-02-19T03:51:28.990+0000] {processor.py:840} INFO - DAG(s) 'company_overview_to_minio' retrieved from /opt/airflow/dags/dl_overview.py
[2026-02-19T03:51:29.010+0000] {logging_mixin.py:188} INFO - [2026-02-19T03:51:29.010+0000] {dag.py:3089} INFO - Sync 1 DAGs
[2026-02-19T03:51:29.028+0000] {logging_mixin.py:188} INFO - [2026-02-19T03:51:29.027+0000] {dag.py:3947} INFO - Setting next_dagrun for company_overview_to_minio to 2026-02-15 00:00:00+00:00, run_after=2026-02-22 00:00:00+00:00
[2026-02-19T03:51:29.044+0000] {processor.py:183} INFO - Processing /opt/airflow/dags/dl_overview.py took 0.089 seconds
[2026-02-19T03:51:59.196+0000] {processor.py:161} INFO - Started process (PID=5488) to work on /opt/airflow/dags/dl_overview.py
[2026-02-19T03:51:59.197+0000] {processor.py:830} INFO - Processing file /opt/airflow/dags/dl_overview.py for tasks to queue
[2026-02-19T03:51:59.198+0000] {logging_mixin.py:188} INFO - [2026-02-19T03:51:59.198+0000] {dagbag.py:545} INFO - Filling up the DagBag from /opt/airflow/dags/dl_overview.py
[2026-02-19T03:51:59.227+0000] {processor.py:840} INFO - DAG(s) 'company_overview_to_minio' retrieved from /opt/airflow/dags/dl_overview.py
[2026-02-19T03:51:59.248+0000] {logging_mixin.py:188} INFO - [2026-02-19T03:51:59.247+0000] {dag.py:3089} INFO - Sync 1 DAGs
[2026-02-19T03:51:59.268+0000] {logging_mixin.py:188} INFO - [2026-02-19T03:51:59.268+0000] {dag.py:3947} INFO - Setting next_dagrun for company_overview_to_minio to 2026-02-15 00:00:00+00:00, run_after=2026-02-22 00:00:00+00:00
[2026-02-19T03:51:59.285+0000] {processor.py:183} INFO - Processing /opt/airflow/dags/dl_overview.py took 0.094 seconds
[2026-02-19T03:52:29.656+0000] {processor.py:161} INFO - Started process (PID=5512) to work on /opt/airflow/dags/dl_overview.py
[2026-02-19T03:52:29.656+0000] {processor.py:830} INFO - Processing file /opt/airflow/dags/dl_overview.py for tasks to queue
[2026-02-19T03:52:29.657+0000] {logging_mixin.py:188} INFO - [2026-02-19T03:52:29.657+0000] {dagbag.py:545} INFO - Filling up the DagBag from /opt/airflow/dags/dl_overview.py
[2026-02-19T03:52:29.688+0000] {processor.py:840} INFO - DAG(s) 'company_overview_to_minio' retrieved from /opt/airflow/dags/dl_overview.py
[2026-02-19T03:52:29.712+0000] {logging_mixin.py:188} INFO - [2026-02-19T03:52:29.712+0000] {dag.py:3089} INFO - Sync 1 DAGs
[2026-02-19T03:52:29.733+0000] {logging_mixin.py:188} INFO - [2026-02-19T03:52:29.732+0000] {dag.py:3947} INFO - Setting next_dagrun for company_overview_to_minio to 2026-02-15 00:00:00+00:00, run_after=2026-02-22 00:00:00+00:00
[2026-02-19T03:52:29.753+0000] {processor.py:183} INFO - Processing /opt/airflow/dags/dl_overview.py took 0.102 seconds
[2026-02-19T03:52:59.857+0000] {processor.py:161} INFO - Started process (PID=5536) to work on /opt/airflow/dags/dl_overview.py
[2026-02-19T03:52:59.856+0000] {processor.py:830} INFO - Processing file /opt/airflow/dags/dl_overview.py for tasks to queue
[2026-02-19T03:52:59.857+0000] {logging_mixin.py:188} INFO - [2026-02-19T03:52:59.856+0000] {dagbag.py:545} INFO - Filling up the DagBag from /opt/airflow/dags/dl_overview.py
[2026-02-19T03:52:59.883+0000] {processor.py:840} INFO - DAG(s) 'company_overview_to_minio' retrieved from /opt/airflow/dags/dl_overview.py
[2026-02-19T03:52:59.903+0000] {logging_mixin.py:188} INFO - [2026-02-19T03:52:59.903+0000] {dag.py:3089} INFO - Sync 1 DAGs
[2026-02-19T03:52:59.921+0000] {logging_mixin.py:188} INFO - [2026-02-19T03:52:59.921+0000] {dag.py:3947} INFO - Setting next_dagrun for company_overview_to_minio to 2026-02-15 00:00:00+00:00, run_after=2026-02-22 00:00:00+00:00
[2026-02-19T03:52:59.938+0000] {processor.py:183} INFO - Processing /opt/airflow/dags/dl_overview.py took 0.087 seconds
[2026-02-19T03:53:30.168+0000] {processor.py:161} INFO - Started process (PID=5560) to work on /opt/airflow/dags/dl_overview.py
[2026-02-19T03:53:30.169+0000] {processor.py:830} INFO - Processing file /opt/airflow/dags/dl_overview.py for tasks to queue
[2026-02-19T03:53:30.170+0000] {logging_mixin.py:188} INFO - [2026-02-19T03:53:30.169+0000] {dagbag.py:545} INFO - Filling up the DagBag from /opt/airflow/dags/dl_overview.py
[2026-02-19T03:53:30.198+0000] {processor.py:840} INFO - DAG(s) 'company_overview_to_minio' retrieved from /opt/airflow/dags/dl_overview.py
[2026-02-19T03:53:30.224+0000] {logging_mixin.py:188} INFO - [2026-02-19T03:53:30.224+0000] {dag.py:3089} INFO - Sync 1 DAGs
[2026-02-19T03:53:30.246+0000] {logging_mixin.py:188} INFO - [2026-02-19T03:53:30.245+0000] {dag.py:3947} INFO - Setting next_dagrun for company_overview_to_minio to 2026-02-15 00:00:00+00:00, run_after=2026-02-22 00:00:00+00:00
[2026-02-19T03:53:30.265+0000] {processor.py:183} INFO - Processing /opt/airflow/dags/dl_overview.py took 0.103 seconds
[2026-02-19T03:54:00.464+0000] {processor.py:161} INFO - Started process (PID=5584) to work on /opt/airflow/dags/dl_overview.py
[2026-02-19T03:54:00.465+0000] {processor.py:830} INFO - Processing file /opt/airflow/dags/dl_overview.py for tasks to queue
[2026-02-19T03:54:00.465+0000] {logging_mixin.py:188} INFO - [2026-02-19T03:54:00.465+0000] {dagbag.py:545} INFO - Filling up the DagBag from /opt/airflow/dags/dl_overview.py
[2026-02-19T03:54:00.495+0000] {processor.py:840} INFO - DAG(s) 'company_overview_to_minio' retrieved from /opt/airflow/dags/dl_overview.py
[2026-02-19T03:54:00.518+0000] {logging_mixin.py:188} INFO - [2026-02-19T03:54:00.518+0000] {dag.py:3089} INFO - Sync 1 DAGs
[2026-02-19T03:54:00.541+0000] {logging_mixin.py:188} INFO - [2026-02-19T03:54:00.541+0000] {dag.py:3947} INFO - Setting next_dagrun for company_overview_to_minio to 2026-02-15 00:00:00+00:00, run_after=2026-02-22 00:00:00+00:00
[2026-02-19T03:54:00.557+0000] {processor.py:183} INFO - Processing /opt/airflow/dags/dl_overview.py took 0.098 seconds
[2026-02-19T03:54:30.879+0000] {processor.py:161} INFO - Started process (PID=5608) to work on /opt/airflow/dags/dl_overview.py
[2026-02-19T03:54:30.879+0000] {processor.py:830} INFO - Processing file /opt/airflow/dags/dl_overview.py for tasks to queue
[2026-02-19T03:54:30.880+0000] {logging_mixin.py:188} INFO - [2026-02-19T03:54:30.880+0000] {dagbag.py:545} INFO - Filling up the DagBag from /opt/airflow/dags/dl_overview.py
[2026-02-19T03:54:30.910+0000] {processor.py:840} INFO - DAG(s) 'company_overview_to_minio' retrieved from /opt/airflow/dags/dl_overview.py
[2026-02-19T03:54:30.929+0000] {logging_mixin.py:188} INFO - [2026-02-19T03:54:30.929+0000] {dag.py:3089} INFO - Sync 1 DAGs
[2026-02-19T03:54:30.947+0000] {logging_mixin.py:188} INFO - [2026-02-19T03:54:30.947+0000] {dag.py:3947} INFO - Setting next_dagrun for company_overview_to_minio to 2026-02-15 00:00:00+00:00, run_after=2026-02-22 00:00:00+00:00
[2026-02-19T03:54:30.964+0000] {processor.py:183} INFO - Processing /opt/airflow/dags/dl_overview.py took 0.090 seconds
[2026-02-19T03:55:01.038+0000] {processor.py:161} INFO - Started process (PID=5632) to work on /opt/airflow/dags/dl_overview.py
[2026-02-19T03:55:01.039+0000] {processor.py:830} INFO - Processing file /opt/airflow/dags/dl_overview.py for tasks to queue
[2026-02-19T03:55:01.039+0000] {logging_mixin.py:188} INFO - [2026-02-19T03:55:01.039+0000] {dagbag.py:545} INFO - Filling up the DagBag from /opt/airflow/dags/dl_overview.py
[2026-02-19T03:55:01.069+0000] {processor.py:840} INFO - DAG(s) 'company_overview_to_minio' retrieved from /opt/airflow/dags/dl_overview.py
[2026-02-19T03:55:01.092+0000] {logging_mixin.py:188} INFO - [2026-02-19T03:55:01.091+0000] {dag.py:3089} INFO - Sync 1 DAGs
[2026-02-19T03:55:01.113+0000] {logging_mixin.py:188} INFO - [2026-02-19T03:55:01.113+0000] {dag.py:3947} INFO - Setting next_dagrun for company_overview_to_minio to 2026-02-15 00:00:00+00:00, run_after=2026-02-22 00:00:00+00:00
[2026-02-19T03:55:01.133+0000] {processor.py:183} INFO - Processing /opt/airflow/dags/dl_overview.py took 0.101 seconds
[2026-02-19T03:55:31.597+0000] {processor.py:161} INFO - Started process (PID=5654) to work on /opt/airflow/dags/dl_overview.py
[2026-02-19T03:55:31.598+0000] {processor.py:830} INFO - Processing file /opt/airflow/dags/dl_overview.py for tasks to queue
[2026-02-19T03:55:31.599+0000] {logging_mixin.py:188} INFO - [2026-02-19T03:55:31.599+0000] {dagbag.py:545} INFO - Filling up the DagBag from /opt/airflow/dags/dl_overview.py
[2026-02-19T03:55:31.642+0000] {processor.py:840} INFO - DAG(s) 'company_overview_to_minio' retrieved from /opt/airflow/dags/dl_overview.py
[2026-02-19T03:55:31.675+0000] {logging_mixin.py:188} INFO - [2026-02-19T03:55:31.674+0000] {dag.py:3089} INFO - Sync 1 DAGs
[2026-02-19T03:55:31.703+0000] {logging_mixin.py:188} INFO - [2026-02-19T03:55:31.703+0000] {dag.py:3947} INFO - Setting next_dagrun for company_overview_to_minio to 2026-02-15 00:00:00+00:00, run_after=2026-02-22 00:00:00+00:00
[2026-02-19T03:55:31.732+0000] {processor.py:183} INFO - Processing /opt/airflow/dags/dl_overview.py took 0.141 seconds
[2026-02-19T03:56:01.861+0000] {processor.py:161} INFO - Started process (PID=5679) to work on /opt/airflow/dags/dl_overview.py
[2026-02-19T03:56:01.862+0000] {processor.py:830} INFO - Processing file /opt/airflow/dags/dl_overview.py for tasks to queue
[2026-02-19T03:56:01.863+0000] {logging_mixin.py:188} INFO - [2026-02-19T03:56:01.862+0000] {dagbag.py:545} INFO - Filling up the DagBag from /opt/airflow/dags/dl_overview.py
[2026-02-19T03:56:01.891+0000] {processor.py:840} INFO - DAG(s) 'company_overview_to_minio' retrieved from /opt/airflow/dags/dl_overview.py
[2026-02-19T03:56:01.912+0000] {logging_mixin.py:188} INFO - [2026-02-19T03:56:01.911+0000] {dag.py:3089} INFO - Sync 1 DAGs
[2026-02-19T03:56:01.931+0000] {logging_mixin.py:188} INFO - [2026-02-19T03:56:01.930+0000] {dag.py:3947} INFO - Setting next_dagrun for company_overview_to_minio to 2026-02-15 00:00:00+00:00, run_after=2026-02-22 00:00:00+00:00
[2026-02-19T03:56:01.954+0000] {processor.py:183} INFO - Processing /opt/airflow/dags/dl_overview.py took 0.098 seconds
[2026-02-19T03:56:32.130+0000] {processor.py:161} INFO - Started process (PID=5703) to work on /opt/airflow/dags/dl_overview.py
[2026-02-19T03:56:32.131+0000] {processor.py:830} INFO - Processing file /opt/airflow/dags/dl_overview.py for tasks to queue
[2026-02-19T03:56:32.132+0000] {logging_mixin.py:188} INFO - [2026-02-19T03:56:32.132+0000] {dagbag.py:545} INFO - Filling up the DagBag from /opt/airflow/dags/dl_overview.py
[2026-02-19T03:56:32.164+0000] {processor.py:840} INFO - DAG(s) 'company_overview_to_minio' retrieved from /opt/airflow/dags/dl_overview.py
[2026-02-19T03:56:32.184+0000] {logging_mixin.py:188} INFO - [2026-02-19T03:56:32.184+0000] {dag.py:3089} INFO - Sync 1 DAGs
[2026-02-19T03:56:32.204+0000] {logging_mixin.py:188} INFO - [2026-02-19T03:56:32.204+0000] {dag.py:3947} INFO - Setting next_dagrun for company_overview_to_minio to 2026-02-15 00:00:00+00:00, run_after=2026-02-22 00:00:00+00:00
[2026-02-19T03:56:32.222+0000] {processor.py:183} INFO - Processing /opt/airflow/dags/dl_overview.py took 0.098 seconds
[2026-02-19T03:57:02.299+0000] {processor.py:161} INFO - Started process (PID=5727) to work on /opt/airflow/dags/dl_overview.py
[2026-02-19T03:57:02.300+0000] {processor.py:830} INFO - Processing file /opt/airflow/dags/dl_overview.py for tasks to queue
[2026-02-19T03:57:02.301+0000] {logging_mixin.py:188} INFO - [2026-02-19T03:57:02.300+0000] {dagbag.py:545} INFO - Filling up the DagBag from /opt/airflow/dags/dl_overview.py
[2026-02-19T03:57:02.330+0000] {processor.py:840} INFO - DAG(s) 'company_overview_to_minio' retrieved from /opt/airflow/dags/dl_overview.py
[2026-02-19T03:57:02.350+0000] {logging_mixin.py:188} INFO - [2026-02-19T03:57:02.350+0000] {dag.py:3089} INFO - Sync 1 DAGs
[2026-02-19T03:57:02.370+0000] {logging_mixin.py:188} INFO - [2026-02-19T03:57:02.370+0000] {dag.py:3947} INFO - Setting next_dagrun for company_overview_to_minio to 2026-02-15 00:00:00+00:00, run_after=2026-02-22 00:00:00+00:00
[2026-02-19T03:57:02.386+0000] {processor.py:183} INFO - Processing /opt/airflow/dags/dl_overview.py took 0.092 seconds
[2026-02-19T03:57:32.527+0000] {processor.py:161} INFO - Started process (PID=5751) to work on /opt/airflow/dags/dl_overview.py
[2026-02-19T03:57:32.527+0000] {processor.py:830} INFO - Processing file /opt/airflow/dags/dl_overview.py for tasks to queue
[2026-02-19T03:57:32.528+0000] {logging_mixin.py:188} INFO - [2026-02-19T03:57:32.528+0000] {dagbag.py:545} INFO - Filling up the DagBag from /opt/airflow/dags/dl_overview.py
[2026-02-19T03:57:32.555+0000] {processor.py:840} INFO - DAG(s) 'company_overview_to_minio' retrieved from /opt/airflow/dags/dl_overview.py
[2026-02-19T03:57:32.575+0000] {logging_mixin.py:188} INFO - [2026-02-19T03:57:32.575+0000] {dag.py:3089} INFO - Sync 1 DAGs
[2026-02-19T03:57:32.593+0000] {logging_mixin.py:188} INFO - [2026-02-19T03:57:32.593+0000] {dag.py:3947} INFO - Setting next_dagrun for company_overview_to_minio to 2026-02-15 00:00:00+00:00, run_after=2026-02-22 00:00:00+00:00
[2026-02-19T03:57:32.617+0000] {processor.py:183} INFO - Processing /opt/airflow/dags/dl_overview.py took 0.095 seconds
[2026-02-19T03:58:02.731+0000] {processor.py:161} INFO - Started process (PID=5775) to work on /opt/airflow/dags/dl_overview.py
[2026-02-19T03:58:02.731+0000] {processor.py:830} INFO - Processing file /opt/airflow/dags/dl_overview.py for tasks to queue
[2026-02-19T03:58:02.732+0000] {logging_mixin.py:188} INFO - [2026-02-19T03:58:02.732+0000] {dagbag.py:545} INFO - Filling up the DagBag from /opt/airflow/dags/dl_overview.py
[2026-02-19T03:58:02.761+0000] {processor.py:840} INFO - DAG(s) 'company_overview_to_minio' retrieved from /opt/airflow/dags/dl_overview.py
[2026-02-19T03:58:02.781+0000] {logging_mixin.py:188} INFO - [2026-02-19T03:58:02.781+0000] {dag.py:3089} INFO - Sync 1 DAGs
[2026-02-19T03:58:02.800+0000] {logging_mixin.py:188} INFO - [2026-02-19T03:58:02.800+0000] {dag.py:3947} INFO - Setting next_dagrun for company_overview_to_minio to 2026-02-15 00:00:00+00:00, run_after=2026-02-22 00:00:00+00:00
[2026-02-19T03:58:02.817+0000] {processor.py:183} INFO - Processing /opt/airflow/dags/dl_overview.py took 0.092 seconds
[2026-02-19T03:58:33.087+0000] {processor.py:161} INFO - Started process (PID=5799) to work on /opt/airflow/dags/dl_overview.py
[2026-02-19T03:58:33.088+0000] {processor.py:830} INFO - Processing file /opt/airflow/dags/dl_overview.py for tasks to queue
[2026-02-19T03:58:33.088+0000] {logging_mixin.py:188} INFO - [2026-02-19T03:58:33.088+0000] {dagbag.py:545} INFO - Filling up the DagBag from /opt/airflow/dags/dl_overview.py
[2026-02-19T03:58:33.119+0000] {processor.py:840} INFO - DAG(s) 'company_overview_to_minio' retrieved from /opt/airflow/dags/dl_overview.py
[2026-02-19T03:58:33.139+0000] {logging_mixin.py:188} INFO - [2026-02-19T03:58:33.139+0000] {dag.py:3089} INFO - Sync 1 DAGs
[2026-02-19T03:58:33.160+0000] {logging_mixin.py:188} INFO - [2026-02-19T03:58:33.160+0000] {dag.py:3947} INFO - Setting next_dagrun for company_overview_to_minio to 2026-02-15 00:00:00+00:00, run_after=2026-02-22 00:00:00+00:00
[2026-02-19T03:58:33.177+0000] {processor.py:183} INFO - Processing /opt/airflow/dags/dl_overview.py took 0.095 seconds
[2026-02-19T03:59:03.479+0000] {processor.py:161} INFO - Started process (PID=5823) to work on /opt/airflow/dags/dl_overview.py
[2026-02-19T03:59:03.480+0000] {processor.py:830} INFO - Processing file /opt/airflow/dags/dl_overview.py for tasks to queue
[2026-02-19T03:59:03.481+0000] {logging_mixin.py:188} INFO - [2026-02-19T03:59:03.480+0000] {dagbag.py:545} INFO - Filling up the DagBag from /opt/airflow/dags/dl_overview.py
[2026-02-19T03:59:03.510+0000] {processor.py:840} INFO - DAG(s) 'company_overview_to_minio' retrieved from /opt/airflow/dags/dl_overview.py
[2026-02-19T03:59:03.530+0000] {logging_mixin.py:188} INFO - [2026-02-19T03:59:03.530+0000] {dag.py:3089} INFO - Sync 1 DAGs
[2026-02-19T03:59:03.549+0000] {logging_mixin.py:188} INFO - [2026-02-19T03:59:03.549+0000] {dag.py:3947} INFO - Setting next_dagrun for company_overview_to_minio to 2026-02-15 00:00:00+00:00, run_after=2026-02-22 00:00:00+00:00
[2026-02-19T03:59:03.571+0000] {processor.py:183} INFO - Processing /opt/airflow/dags/dl_overview.py took 0.097 seconds
[2026-02-19T03:59:34.059+0000] {processor.py:161} INFO - Started process (PID=5847) to work on /opt/airflow/dags/dl_overview.py
[2026-02-19T03:59:34.060+0000] {processor.py:830} INFO - Processing file /opt/airflow/dags/dl_overview.py for tasks to queue
[2026-02-19T03:59:34.060+0000] {logging_mixin.py:188} INFO - [2026-02-19T03:59:34.060+0000] {dagbag.py:545} INFO - Filling up the DagBag from /opt/airflow/dags/dl_overview.py
[2026-02-19T03:59:34.087+0000] {processor.py:840} INFO - DAG(s) 'company_overview_to_minio' retrieved from /opt/airflow/dags/dl_overview.py
[2026-02-19T03:59:34.107+0000] {logging_mixin.py:188} INFO - [2026-02-19T03:59:34.107+0000] {dag.py:3089} INFO - Sync 1 DAGs
[2026-02-19T03:59:34.126+0000] {logging_mixin.py:188} INFO - [2026-02-19T03:59:34.126+0000] {dag.py:3947} INFO - Setting next_dagrun for company_overview_to_minio to 2026-02-15 00:00:00+00:00, run_after=2026-02-22 00:00:00+00:00
[2026-02-19T03:59:34.143+0000] {processor.py:183} INFO - Processing /opt/airflow/dags/dl_overview.py took 0.088 seconds
[2026-02-19T04:00:04.645+0000] {processor.py:161} INFO - Started process (PID=5871) to work on /opt/airflow/dags/dl_overview.py
[2026-02-19T04:00:04.646+0000] {processor.py:830} INFO - Processing file /opt/airflow/dags/dl_overview.py for tasks to queue
[2026-02-19T04:00:04.646+0000] {logging_mixin.py:188} INFO - [2026-02-19T04:00:04.646+0000] {dagbag.py:545} INFO - Filling up the DagBag from /opt/airflow/dags/dl_overview.py
[2026-02-19T04:00:04.673+0000] {processor.py:840} INFO - DAG(s) 'company_overview_to_minio' retrieved from /opt/airflow/dags/dl_overview.py
[2026-02-19T04:00:04.694+0000] {logging_mixin.py:188} INFO - [2026-02-19T04:00:04.694+0000] {dag.py:3089} INFO - Sync 1 DAGs
[2026-02-19T04:00:04.713+0000] {logging_mixin.py:188} INFO - [2026-02-19T04:00:04.712+0000] {dag.py:3947} INFO - Setting next_dagrun for company_overview_to_minio to 2026-02-15 00:00:00+00:00, run_after=2026-02-22 00:00:00+00:00
[2026-02-19T04:00:04.735+0000] {processor.py:183} INFO - Processing /opt/airflow/dags/dl_overview.py took 0.095 seconds
[2026-02-19T04:00:34.982+0000] {processor.py:161} INFO - Started process (PID=5895) to work on /opt/airflow/dags/dl_overview.py
[2026-02-19T04:00:34.983+0000] {processor.py:830} INFO - Processing file /opt/airflow/dags/dl_overview.py for tasks to queue
[2026-02-19T04:00:34.984+0000] {logging_mixin.py:188} INFO - [2026-02-19T04:00:34.984+0000] {dagbag.py:545} INFO - Filling up the DagBag from /opt/airflow/dags/dl_overview.py
[2026-02-19T04:00:35.015+0000] {processor.py:840} INFO - DAG(s) 'company_overview_to_minio' retrieved from /opt/airflow/dags/dl_overview.py
[2026-02-19T04:00:35.036+0000] {logging_mixin.py:188} INFO - [2026-02-19T04:00:35.036+0000] {dag.py:3089} INFO - Sync 1 DAGs
[2026-02-19T04:00:35.054+0000] {logging_mixin.py:188} INFO - [2026-02-19T04:00:35.054+0000] {dag.py:3947} INFO - Setting next_dagrun for company_overview_to_minio to 2026-02-15 00:00:00+00:00, run_after=2026-02-22 00:00:00+00:00
[2026-02-19T04:00:35.072+0000] {processor.py:183} INFO - Processing /opt/airflow/dags/dl_overview.py took 0.095 seconds
[2026-02-19T04:01:05.350+0000] {processor.py:161} INFO - Started process (PID=5918) to work on /opt/airflow/dags/dl_overview.py
[2026-02-19T04:01:05.351+0000] {processor.py:830} INFO - Processing file /opt/airflow/dags/dl_overview.py for tasks to queue
[2026-02-19T04:01:05.351+0000] {logging_mixin.py:188} INFO - [2026-02-19T04:01:05.351+0000] {dagbag.py:545} INFO - Filling up the DagBag from /opt/airflow/dags/dl_overview.py
[2026-02-19T04:01:05.376+0000] {processor.py:840} INFO - DAG(s) 'company_overview_to_minio' retrieved from /opt/airflow/dags/dl_overview.py
[2026-02-19T04:01:05.397+0000] {logging_mixin.py:188} INFO - [2026-02-19T04:01:05.396+0000] {dag.py:3089} INFO - Sync 1 DAGs
[2026-02-19T04:01:05.416+0000] {logging_mixin.py:188} INFO - [2026-02-19T04:01:05.416+0000] {dag.py:3947} INFO - Setting next_dagrun for company_overview_to_minio to 2026-02-15 00:00:00+00:00, run_after=2026-02-22 00:00:00+00:00
[2026-02-19T04:01:05.434+0000] {processor.py:183} INFO - Processing /opt/airflow/dags/dl_overview.py took 0.089 seconds
[2026-02-19T04:01:35.588+0000] {processor.py:161} INFO - Started process (PID=5941) to work on /opt/airflow/dags/dl_overview.py
[2026-02-19T04:01:35.589+0000] {processor.py:830} INFO - Processing file /opt/airflow/dags/dl_overview.py for tasks to queue
[2026-02-19T04:01:35.590+0000] {logging_mixin.py:188} INFO - [2026-02-19T04:01:35.589+0000] {dagbag.py:545} INFO - Filling up the DagBag from /opt/airflow/dags/dl_overview.py
[2026-02-19T04:01:35.623+0000] {processor.py:840} INFO - DAG(s) 'company_overview_to_minio' retrieved from /opt/airflow/dags/dl_overview.py
[2026-02-19T04:01:35.643+0000] {logging_mixin.py:188} INFO - [2026-02-19T04:01:35.643+0000] {dag.py:3089} INFO - Sync 1 DAGs
[2026-02-19T04:01:35.661+0000] {logging_mixin.py:188} INFO - [2026-02-19T04:01:35.661+0000] {dag.py:3947} INFO - Setting next_dagrun for company_overview_to_minio to 2026-02-15 00:00:00+00:00, run_after=2026-02-22 00:00:00+00:00
[2026-02-19T04:01:35.683+0000] {processor.py:183} INFO - Processing /opt/airflow/dags/dl_overview.py took 0.102 seconds
[2026-02-19T04:02:05.882+0000] {processor.py:161} INFO - Started process (PID=5965) to work on /opt/airflow/dags/dl_overview.py
[2026-02-19T04:02:05.883+0000] {processor.py:830} INFO - Processing file /opt/airflow/dags/dl_overview.py for tasks to queue
[2026-02-19T04:02:05.884+0000] {logging_mixin.py:188} INFO - [2026-02-19T04:02:05.884+0000] {dagbag.py:545} INFO - Filling up the DagBag from /opt/airflow/dags/dl_overview.py
[2026-02-19T04:02:05.915+0000] {processor.py:840} INFO - DAG(s) 'company_overview_to_minio' retrieved from /opt/airflow/dags/dl_overview.py
[2026-02-19T04:02:05.937+0000] {logging_mixin.py:188} INFO - [2026-02-19T04:02:05.937+0000] {dag.py:3089} INFO - Sync 1 DAGs
[2026-02-19T04:02:05.958+0000] {logging_mixin.py:188} INFO - [2026-02-19T04:02:05.957+0000] {dag.py:3947} INFO - Setting next_dagrun for company_overview_to_minio to 2026-02-15 00:00:00+00:00, run_after=2026-02-22 00:00:00+00:00
[2026-02-19T04:02:05.983+0000] {processor.py:183} INFO - Processing /opt/airflow/dags/dl_overview.py took 0.106 seconds
[2026-02-19T04:02:36.112+0000] {processor.py:161} INFO - Started process (PID=5989) to work on /opt/airflow/dags/dl_overview.py
[2026-02-19T04:02:36.113+0000] {processor.py:830} INFO - Processing file /opt/airflow/dags/dl_overview.py for tasks to queue
[2026-02-19T04:02:36.114+0000] {logging_mixin.py:188} INFO - [2026-02-19T04:02:36.113+0000] {dagbag.py:545} INFO - Filling up the DagBag from /opt/airflow/dags/dl_overview.py
[2026-02-19T04:02:36.154+0000] {processor.py:840} INFO - DAG(s) 'company_overview_to_minio' retrieved from /opt/airflow/dags/dl_overview.py
[2026-02-19T04:02:36.176+0000] {logging_mixin.py:188} INFO - [2026-02-19T04:02:36.176+0000] {dag.py:3089} INFO - Sync 1 DAGs
[2026-02-19T04:02:36.260+0000] {logging_mixin.py:188} INFO - [2026-02-19T04:02:36.260+0000] {dag.py:3947} INFO - Setting next_dagrun for company_overview_to_minio to 2026-02-15 00:00:00+00:00, run_after=2026-02-22 00:00:00+00:00
[2026-02-19T04:02:36.337+0000] {processor.py:183} INFO - Processing /opt/airflow/dags/dl_overview.py took 0.229 seconds
[2026-02-19T04:03:06.580+0000] {processor.py:161} INFO - Started process (PID=6013) to work on /opt/airflow/dags/dl_overview.py
[2026-02-19T04:03:06.580+0000] {processor.py:830} INFO - Processing file /opt/airflow/dags/dl_overview.py for tasks to queue
[2026-02-19T04:03:06.581+0000] {logging_mixin.py:188} INFO - [2026-02-19T04:03:06.581+0000] {dagbag.py:545} INFO - Filling up the DagBag from /opt/airflow/dags/dl_overview.py
[2026-02-19T04:03:06.609+0000] {processor.py:840} INFO - DAG(s) 'company_overview_to_minio' retrieved from /opt/airflow/dags/dl_overview.py
[2026-02-19T04:03:06.629+0000] {logging_mixin.py:188} INFO - [2026-02-19T04:03:06.629+0000] {dag.py:3089} INFO - Sync 1 DAGs
[2026-02-19T04:03:06.650+0000] {logging_mixin.py:188} INFO - [2026-02-19T04:03:06.650+0000] {dag.py:3947} INFO - Setting next_dagrun for company_overview_to_minio to 2026-02-15 00:00:00+00:00, run_after=2026-02-22 00:00:00+00:00
[2026-02-19T04:03:06.668+0000] {processor.py:183} INFO - Processing /opt/airflow/dags/dl_overview.py took 0.094 seconds
[2026-02-19T04:03:37.505+0000] {processor.py:161} INFO - Started process (PID=6037) to work on /opt/airflow/dags/dl_overview.py
[2026-02-19T04:03:37.506+0000] {processor.py:830} INFO - Processing file /opt/airflow/dags/dl_overview.py for tasks to queue
[2026-02-19T04:03:37.507+0000] {logging_mixin.py:188} INFO - [2026-02-19T04:03:37.507+0000] {dagbag.py:545} INFO - Filling up the DagBag from /opt/airflow/dags/dl_overview.py
[2026-02-19T04:03:37.582+0000] {processor.py:840} INFO - DAG(s) 'company_overview_to_minio' retrieved from /opt/airflow/dags/dl_overview.py
[2026-02-19T04:03:37.617+0000] {logging_mixin.py:188} INFO - [2026-02-19T04:03:37.616+0000] {dag.py:3089} INFO - Sync 1 DAGs
[2026-02-19T04:03:37.646+0000] {logging_mixin.py:188} INFO - [2026-02-19T04:03:37.646+0000] {dag.py:3947} INFO - Setting next_dagrun for company_overview_to_minio to 2026-02-15 00:00:00+00:00, run_after=2026-02-22 00:00:00+00:00
[2026-02-19T04:03:37.679+0000] {processor.py:183} INFO - Processing /opt/airflow/dags/dl_overview.py took 0.180 seconds
[2026-02-19T04:04:07.892+0000] {processor.py:161} INFO - Started process (PID=6061) to work on /opt/airflow/dags/dl_overview.py
[2026-02-19T04:04:07.893+0000] {processor.py:830} INFO - Processing file /opt/airflow/dags/dl_overview.py for tasks to queue
[2026-02-19T04:04:07.894+0000] {logging_mixin.py:188} INFO - [2026-02-19T04:04:07.894+0000] {dagbag.py:545} INFO - Filling up the DagBag from /opt/airflow/dags/dl_overview.py
[2026-02-19T04:04:07.921+0000] {processor.py:840} INFO - DAG(s) 'company_overview_to_minio' retrieved from /opt/airflow/dags/dl_overview.py
[2026-02-19T04:04:07.942+0000] {logging_mixin.py:188} INFO - [2026-02-19T04:04:07.942+0000] {dag.py:3089} INFO - Sync 1 DAGs
[2026-02-19T04:04:07.962+0000] {logging_mixin.py:188} INFO - [2026-02-19T04:04:07.961+0000] {dag.py:3947} INFO - Setting next_dagrun for company_overview_to_minio to 2026-02-15 00:00:00+00:00, run_after=2026-02-22 00:00:00+00:00
[2026-02-19T04:04:07.980+0000] {processor.py:183} INFO - Processing /opt/airflow/dags/dl_overview.py took 0.093 seconds
[2026-02-19T04:04:38.089+0000] {processor.py:161} INFO - Started process (PID=6085) to work on /opt/airflow/dags/dl_overview.py
[2026-02-19T04:04:38.090+0000] {processor.py:830} INFO - Processing file /opt/airflow/dags/dl_overview.py for tasks to queue
[2026-02-19T04:04:38.091+0000] {logging_mixin.py:188} INFO - [2026-02-19T04:04:38.090+0000] {dagbag.py:545} INFO - Filling up the DagBag from /opt/airflow/dags/dl_overview.py
[2026-02-19T04:04:38.118+0000] {processor.py:840} INFO - DAG(s) 'company_overview_to_minio' retrieved from /opt/airflow/dags/dl_overview.py
[2026-02-19T04:04:38.139+0000] {logging_mixin.py:188} INFO - [2026-02-19T04:04:38.139+0000] {dag.py:3089} INFO - Sync 1 DAGs
[2026-02-19T04:04:38.158+0000] {logging_mixin.py:188} INFO - [2026-02-19T04:04:38.158+0000] {dag.py:3947} INFO - Setting next_dagrun for company_overview_to_minio to 2026-02-15 00:00:00+00:00, run_after=2026-02-22 00:00:00+00:00
[2026-02-19T04:04:38.175+0000] {processor.py:183} INFO - Processing /opt/airflow/dags/dl_overview.py took 0.091 seconds
[2026-02-19T04:05:08.826+0000] {processor.py:161} INFO - Started process (PID=6109) to work on /opt/airflow/dags/dl_overview.py
[2026-02-19T04:05:08.827+0000] {processor.py:830} INFO - Processing file /opt/airflow/dags/dl_overview.py for tasks to queue
[2026-02-19T04:05:08.828+0000] {logging_mixin.py:188} INFO - [2026-02-19T04:05:08.828+0000] {dagbag.py:545} INFO - Filling up the DagBag from /opt/airflow/dags/dl_overview.py
[2026-02-19T04:05:08.867+0000] {processor.py:840} INFO - DAG(s) 'company_overview_to_minio' retrieved from /opt/airflow/dags/dl_overview.py
[2026-02-19T04:05:08.891+0000] {logging_mixin.py:188} INFO - [2026-02-19T04:05:08.891+0000] {dag.py:3089} INFO - Sync 1 DAGs
[2026-02-19T04:05:08.928+0000] {logging_mixin.py:188} INFO - [2026-02-19T04:05:08.927+0000] {dag.py:3947} INFO - Setting next_dagrun for company_overview_to_minio to 2026-02-15 00:00:00+00:00, run_after=2026-02-22 00:00:00+00:00
[2026-02-19T04:05:08.989+0000] {processor.py:183} INFO - Processing /opt/airflow/dags/dl_overview.py took 0.168 seconds
[2026-02-19T04:05:39.654+0000] {processor.py:161} INFO - Started process (PID=6133) to work on /opt/airflow/dags/dl_overview.py
[2026-02-19T04:05:39.655+0000] {processor.py:830} INFO - Processing file /opt/airflow/dags/dl_overview.py for tasks to queue
[2026-02-19T04:05:39.655+0000] {logging_mixin.py:188} INFO - [2026-02-19T04:05:39.655+0000] {dagbag.py:545} INFO - Filling up the DagBag from /opt/airflow/dags/dl_overview.py
[2026-02-19T04:05:39.685+0000] {processor.py:840} INFO - DAG(s) 'company_overview_to_minio' retrieved from /opt/airflow/dags/dl_overview.py
[2026-02-19T04:05:39.706+0000] {logging_mixin.py:188} INFO - [2026-02-19T04:05:39.706+0000] {dag.py:3089} INFO - Sync 1 DAGs
[2026-02-19T04:05:39.726+0000] {logging_mixin.py:188} INFO - [2026-02-19T04:05:39.726+0000] {dag.py:3947} INFO - Setting next_dagrun for company_overview_to_minio to 2026-02-15 00:00:00+00:00, run_after=2026-02-22 00:00:00+00:00
[2026-02-19T04:05:39.743+0000] {processor.py:183} INFO - Processing /opt/airflow/dags/dl_overview.py took 0.093 seconds
[2026-02-19T04:06:10.039+0000] {processor.py:161} INFO - Started process (PID=6158) to work on /opt/airflow/dags/dl_overview.py
[2026-02-19T04:06:10.040+0000] {processor.py:830} INFO - Processing file /opt/airflow/dags/dl_overview.py for tasks to queue
[2026-02-19T04:06:10.040+0000] {logging_mixin.py:188} INFO - [2026-02-19T04:06:10.040+0000] {dagbag.py:545} INFO - Filling up the DagBag from /opt/airflow/dags/dl_overview.py
[2026-02-19T04:06:10.067+0000] {processor.py:840} INFO - DAG(s) 'company_overview_to_minio' retrieved from /opt/airflow/dags/dl_overview.py
[2026-02-19T04:06:10.087+0000] {logging_mixin.py:188} INFO - [2026-02-19T04:06:10.086+0000] {dag.py:3089} INFO - Sync 1 DAGs
[2026-02-19T04:06:10.112+0000] {logging_mixin.py:188} INFO - [2026-02-19T04:06:10.111+0000] {dag.py:3947} INFO - Setting next_dagrun for company_overview_to_minio to 2026-02-15 00:00:00+00:00, run_after=2026-02-22 00:00:00+00:00
[2026-02-19T04:06:10.137+0000] {processor.py:183} INFO - Processing /opt/airflow/dags/dl_overview.py took 0.102 seconds
[2026-02-19T04:06:40.535+0000] {processor.py:161} INFO - Started process (PID=6182) to work on /opt/airflow/dags/dl_overview.py
[2026-02-19T04:06:40.537+0000] {processor.py:830} INFO - Processing file /opt/airflow/dags/dl_overview.py for tasks to queue
[2026-02-19T04:06:40.541+0000] {logging_mixin.py:188} INFO - [2026-02-19T04:06:40.540+0000] {dagbag.py:545} INFO - Filling up the DagBag from /opt/airflow/dags/dl_overview.py
[2026-02-19T04:06:40.678+0000] {processor.py:840} INFO - DAG(s) 'company_overview_to_minio' retrieved from /opt/airflow/dags/dl_overview.py
[2026-02-19T04:06:40.712+0000] {logging_mixin.py:188} INFO - [2026-02-19T04:06:40.712+0000] {dag.py:3089} INFO - Sync 1 DAGs
[2026-02-19T04:06:40.750+0000] {logging_mixin.py:188} INFO - [2026-02-19T04:06:40.750+0000] {dag.py:3947} INFO - Setting next_dagrun for company_overview_to_minio to 2026-02-15 00:00:00+00:00, run_after=2026-02-22 00:00:00+00:00
[2026-02-19T04:06:40.779+0000] {processor.py:183} INFO - Processing /opt/airflow/dags/dl_overview.py took 0.252 seconds
[2026-02-19T04:07:10.869+0000] {processor.py:161} INFO - Started process (PID=6206) to work on /opt/airflow/dags/dl_overview.py
[2026-02-19T04:07:10.870+0000] {processor.py:830} INFO - Processing file /opt/airflow/dags/dl_overview.py for tasks to queue
[2026-02-19T04:07:10.871+0000] {logging_mixin.py:188} INFO - [2026-02-19T04:07:10.871+0000] {dagbag.py:545} INFO - Filling up the DagBag from /opt/airflow/dags/dl_overview.py
[2026-02-19T04:07:10.900+0000] {processor.py:840} INFO - DAG(s) 'company_overview_to_minio' retrieved from /opt/airflow/dags/dl_overview.py
[2026-02-19T04:07:10.924+0000] {logging_mixin.py:188} INFO - [2026-02-19T04:07:10.924+0000] {dag.py:3089} INFO - Sync 1 DAGs
[2026-02-19T04:07:10.951+0000] {logging_mixin.py:188} INFO - [2026-02-19T04:07:10.951+0000] {dag.py:3947} INFO - Setting next_dagrun for company_overview_to_minio to 2026-02-15 00:00:00+00:00, run_after=2026-02-22 00:00:00+00:00
[2026-02-19T04:07:10.976+0000] {processor.py:183} INFO - Processing /opt/airflow/dags/dl_overview.py took 0.113 seconds
[2026-02-19T04:07:41.243+0000] {processor.py:161} INFO - Started process (PID=6228) to work on /opt/airflow/dags/dl_overview.py
[2026-02-19T04:07:41.244+0000] {processor.py:830} INFO - Processing file /opt/airflow/dags/dl_overview.py for tasks to queue
[2026-02-19T04:07:41.244+0000] {logging_mixin.py:188} INFO - [2026-02-19T04:07:41.244+0000] {dagbag.py:545} INFO - Filling up the DagBag from /opt/airflow/dags/dl_overview.py
[2026-02-19T04:07:41.271+0000] {processor.py:840} INFO - DAG(s) 'company_overview_to_minio' retrieved from /opt/airflow/dags/dl_overview.py
[2026-02-19T04:07:41.291+0000] {logging_mixin.py:188} INFO - [2026-02-19T04:07:41.291+0000] {dag.py:3089} INFO - Sync 1 DAGs
[2026-02-19T04:07:41.310+0000] {logging_mixin.py:188} INFO - [2026-02-19T04:07:41.310+0000] {dag.py:3947} INFO - Setting next_dagrun for company_overview_to_minio to 2026-02-15 00:00:00+00:00, run_after=2026-02-22 00:00:00+00:00
[2026-02-19T04:07:41.331+0000] {processor.py:183} INFO - Processing /opt/airflow/dags/dl_overview.py took 0.093 seconds
[2026-02-19T04:08:11.582+0000] {processor.py:161} INFO - Started process (PID=6252) to work on /opt/airflow/dags/dl_overview.py
[2026-02-19T04:08:11.583+0000] {processor.py:830} INFO - Processing file /opt/airflow/dags/dl_overview.py for tasks to queue
[2026-02-19T04:08:11.584+0000] {logging_mixin.py:188} INFO - [2026-02-19T04:08:11.583+0000] {dagbag.py:545} INFO - Filling up the DagBag from /opt/airflow/dags/dl_overview.py
[2026-02-19T04:08:11.611+0000] {processor.py:840} INFO - DAG(s) 'company_overview_to_minio' retrieved from /opt/airflow/dags/dl_overview.py
[2026-02-19T04:08:11.632+0000] {logging_mixin.py:188} INFO - [2026-02-19T04:08:11.631+0000] {dag.py:3089} INFO - Sync 1 DAGs
[2026-02-19T04:08:11.651+0000] {logging_mixin.py:188} INFO - [2026-02-19T04:08:11.650+0000] {dag.py:3947} INFO - Setting next_dagrun for company_overview_to_minio to 2026-02-15 00:00:00+00:00, run_after=2026-02-22 00:00:00+00:00
[2026-02-19T04:08:11.666+0000] {processor.py:183} INFO - Processing /opt/airflow/dags/dl_overview.py took 0.088 seconds
[2026-02-19T04:08:41.935+0000] {processor.py:161} INFO - Started process (PID=6276) to work on /opt/airflow/dags/dl_overview.py
[2026-02-19T04:08:41.935+0000] {processor.py:830} INFO - Processing file /opt/airflow/dags/dl_overview.py for tasks to queue
[2026-02-19T04:08:41.936+0000] {logging_mixin.py:188} INFO - [2026-02-19T04:08:41.936+0000] {dagbag.py:545} INFO - Filling up the DagBag from /opt/airflow/dags/dl_overview.py
[2026-02-19T04:08:41.964+0000] {processor.py:840} INFO - DAG(s) 'company_overview_to_minio' retrieved from /opt/airflow/dags/dl_overview.py
[2026-02-19T04:08:41.986+0000] {logging_mixin.py:188} INFO - [2026-02-19T04:08:41.985+0000] {dag.py:3089} INFO - Sync 1 DAGs
[2026-02-19T04:08:42.012+0000] {logging_mixin.py:188} INFO - [2026-02-19T04:08:42.012+0000] {dag.py:3947} INFO - Setting next_dagrun for company_overview_to_minio to 2026-02-15 00:00:00+00:00, run_after=2026-02-22 00:00:00+00:00
[2026-02-19T04:08:42.032+0000] {processor.py:183} INFO - Processing /opt/airflow/dags/dl_overview.py took 0.102 seconds
[2026-02-19T04:09:12.201+0000] {processor.py:161} INFO - Started process (PID=6300) to work on /opt/airflow/dags/dl_overview.py
[2026-02-19T04:09:12.202+0000] {processor.py:830} INFO - Processing file /opt/airflow/dags/dl_overview.py for tasks to queue
[2026-02-19T04:09:12.203+0000] {logging_mixin.py:188} INFO - [2026-02-19T04:09:12.202+0000] {dagbag.py:545} INFO - Filling up the DagBag from /opt/airflow/dags/dl_overview.py
[2026-02-19T04:09:12.235+0000] {processor.py:840} INFO - DAG(s) 'company_overview_to_minio' retrieved from /opt/airflow/dags/dl_overview.py
[2026-02-19T04:09:12.259+0000] {logging_mixin.py:188} INFO - [2026-02-19T04:09:12.259+0000] {dag.py:3089} INFO - Sync 1 DAGs
[2026-02-19T04:09:12.281+0000] {logging_mixin.py:188} INFO - [2026-02-19T04:09:12.281+0000] {dag.py:3947} INFO - Setting next_dagrun for company_overview_to_minio to 2026-02-15 00:00:00+00:00, run_after=2026-02-22 00:00:00+00:00
[2026-02-19T04:09:12.302+0000] {processor.py:183} INFO - Processing /opt/airflow/dags/dl_overview.py took 0.107 seconds
[2026-02-19T04:09:42.448+0000] {processor.py:161} INFO - Started process (PID=6324) to work on /opt/airflow/dags/dl_overview.py
[2026-02-19T04:09:42.449+0000] {processor.py:830} INFO - Processing file /opt/airflow/dags/dl_overview.py for tasks to queue
[2026-02-19T04:09:42.450+0000] {logging_mixin.py:188} INFO - [2026-02-19T04:09:42.450+0000] {dagbag.py:545} INFO - Filling up the DagBag from /opt/airflow/dags/dl_overview.py
[2026-02-19T04:09:42.479+0000] {processor.py:840} INFO - DAG(s) 'company_overview_to_minio' retrieved from /opt/airflow/dags/dl_overview.py
[2026-02-19T04:09:42.500+0000] {logging_mixin.py:188} INFO - [2026-02-19T04:09:42.499+0000] {dag.py:3089} INFO - Sync 1 DAGs
[2026-02-19T04:09:42.518+0000] {logging_mixin.py:188} INFO - [2026-02-19T04:09:42.518+0000] {dag.py:3947} INFO - Setting next_dagrun for company_overview_to_minio to 2026-02-15 00:00:00+00:00, run_after=2026-02-22 00:00:00+00:00
[2026-02-19T04:09:42.534+0000] {processor.py:183} INFO - Processing /opt/airflow/dags/dl_overview.py took 0.091 seconds
[2026-02-19T04:10:12.905+0000] {processor.py:161} INFO - Started process (PID=6348) to work on /opt/airflow/dags/dl_overview.py
[2026-02-19T04:10:12.913+0000] {processor.py:830} INFO - Processing file /opt/airflow/dags/dl_overview.py for tasks to queue
[2026-02-19T04:10:12.916+0000] {logging_mixin.py:188} INFO - [2026-02-19T04:10:12.916+0000] {dagbag.py:545} INFO - Filling up the DagBag from /opt/airflow/dags/dl_overview.py
[2026-02-19T04:10:13.081+0000] {processor.py:840} INFO - DAG(s) 'company_overview_to_minio' retrieved from /opt/airflow/dags/dl_overview.py
[2026-02-19T04:10:13.113+0000] {logging_mixin.py:188} INFO - [2026-02-19T04:10:13.113+0000] {dag.py:3089} INFO - Sync 1 DAGs
[2026-02-19T04:10:13.149+0000] {logging_mixin.py:188} INFO - [2026-02-19T04:10:13.149+0000] {dag.py:3947} INFO - Setting next_dagrun for company_overview_to_minio to 2026-02-15 00:00:00+00:00, run_after=2026-02-22 00:00:00+00:00
[2026-02-19T04:10:13.173+0000] {processor.py:183} INFO - Processing /opt/airflow/dags/dl_overview.py took 0.274 seconds
[2026-02-19T04:10:43.389+0000] {processor.py:161} INFO - Started process (PID=6372) to work on /opt/airflow/dags/dl_overview.py
[2026-02-19T04:10:43.389+0000] {processor.py:830} INFO - Processing file /opt/airflow/dags/dl_overview.py for tasks to queue
[2026-02-19T04:10:43.390+0000] {logging_mixin.py:188} INFO - [2026-02-19T04:10:43.390+0000] {dagbag.py:545} INFO - Filling up the DagBag from /opt/airflow/dags/dl_overview.py
[2026-02-19T04:10:43.421+0000] {processor.py:840} INFO - DAG(s) 'company_overview_to_minio' retrieved from /opt/airflow/dags/dl_overview.py
[2026-02-19T04:10:43.442+0000] {logging_mixin.py:188} INFO - [2026-02-19T04:10:43.442+0000] {dag.py:3089} INFO - Sync 1 DAGs
[2026-02-19T04:10:43.462+0000] {logging_mixin.py:188} INFO - [2026-02-19T04:10:43.462+0000] {dag.py:3947} INFO - Setting next_dagrun for company_overview_to_minio to 2026-02-15 00:00:00+00:00, run_after=2026-02-22 00:00:00+00:00
[2026-02-19T04:10:43.479+0000] {processor.py:183} INFO - Processing /opt/airflow/dags/dl_overview.py took 0.095 seconds
[2026-02-19T04:11:13.615+0000] {processor.py:161} INFO - Started process (PID=6396) to work on /opt/airflow/dags/dl_overview.py
[2026-02-19T04:11:13.615+0000] {processor.py:830} INFO - Processing file /opt/airflow/dags/dl_overview.py for tasks to queue
[2026-02-19T04:11:13.616+0000] {logging_mixin.py:188} INFO - [2026-02-19T04:11:13.616+0000] {dagbag.py:545} INFO - Filling up the DagBag from /opt/airflow/dags/dl_overview.py
[2026-02-19T04:11:13.648+0000] {processor.py:840} INFO - DAG(s) 'company_overview_to_minio' retrieved from /opt/airflow/dags/dl_overview.py
[2026-02-19T04:11:13.672+0000] {logging_mixin.py:188} INFO - [2026-02-19T04:11:13.672+0000] {dag.py:3089} INFO - Sync 1 DAGs
[2026-02-19T04:11:13.702+0000] {logging_mixin.py:188} INFO - [2026-02-19T04:11:13.702+0000] {dag.py:3947} INFO - Setting next_dagrun for company_overview_to_minio to 2026-02-15 00:00:00+00:00, run_after=2026-02-22 00:00:00+00:00
[2026-02-19T04:11:13.730+0000] {processor.py:183} INFO - Processing /opt/airflow/dags/dl_overview.py took 0.121 seconds
[2026-02-19T04:11:43.938+0000] {processor.py:161} INFO - Started process (PID=6420) to work on /opt/airflow/dags/dl_overview.py
[2026-02-19T04:11:43.939+0000] {processor.py:830} INFO - Processing file /opt/airflow/dags/dl_overview.py for tasks to queue
[2026-02-19T04:11:43.940+0000] {logging_mixin.py:188} INFO - [2026-02-19T04:11:43.939+0000] {dagbag.py:545} INFO - Filling up the DagBag from /opt/airflow/dags/dl_overview.py
[2026-02-19T04:11:43.972+0000] {processor.py:840} INFO - DAG(s) 'company_overview_to_minio' retrieved from /opt/airflow/dags/dl_overview.py
[2026-02-19T04:11:44.005+0000] {logging_mixin.py:188} INFO - [2026-02-19T04:11:44.004+0000] {dag.py:3089} INFO - Sync 1 DAGs
[2026-02-19T04:11:44.030+0000] {logging_mixin.py:188} INFO - [2026-02-19T04:11:44.030+0000] {dag.py:3947} INFO - Setting next_dagrun for company_overview_to_minio to 2026-02-15 00:00:00+00:00, run_after=2026-02-22 00:00:00+00:00
[2026-02-19T04:11:44.057+0000] {processor.py:183} INFO - Processing /opt/airflow/dags/dl_overview.py took 0.124 seconds
[2026-02-19T04:12:14.350+0000] {processor.py:161} INFO - Started process (PID=6450) to work on /opt/airflow/dags/dl_overview.py
[2026-02-19T04:12:14.351+0000] {processor.py:830} INFO - Processing file /opt/airflow/dags/dl_overview.py for tasks to queue
[2026-02-19T04:12:14.351+0000] {logging_mixin.py:188} INFO - [2026-02-19T04:12:14.351+0000] {dagbag.py:545} INFO - Filling up the DagBag from /opt/airflow/dags/dl_overview.py
[2026-02-19T04:12:14.387+0000] {processor.py:840} INFO - DAG(s) 'company_overview_to_minio' retrieved from /opt/airflow/dags/dl_overview.py
[2026-02-19T04:12:14.421+0000] {logging_mixin.py:188} INFO - [2026-02-19T04:12:14.421+0000] {dag.py:3089} INFO - Sync 1 DAGs
[2026-02-19T04:12:14.483+0000] {logging_mixin.py:188} INFO - [2026-02-19T04:12:14.480+0000] {dag.py:3947} INFO - Setting next_dagrun for company_overview_to_minio to 2026-02-15 00:00:00+00:00, run_after=2026-02-22 00:00:00+00:00
[2026-02-19T04:12:14.525+0000] {processor.py:183} INFO - Processing /opt/airflow/dags/dl_overview.py took 0.182 seconds
[2026-02-19T04:12:44.807+0000] {processor.py:161} INFO - Started process (PID=6474) to work on /opt/airflow/dags/dl_overview.py
[2026-02-19T04:12:44.808+0000] {processor.py:830} INFO - Processing file /opt/airflow/dags/dl_overview.py for tasks to queue
[2026-02-19T04:12:44.809+0000] {logging_mixin.py:188} INFO - [2026-02-19T04:12:44.808+0000] {dagbag.py:545} INFO - Filling up the DagBag from /opt/airflow/dags/dl_overview.py
[2026-02-19T04:12:44.846+0000] {processor.py:840} INFO - DAG(s) 'company_overview_to_minio' retrieved from /opt/airflow/dags/dl_overview.py
[2026-02-19T04:12:44.869+0000] {logging_mixin.py:188} INFO - [2026-02-19T04:12:44.868+0000] {dag.py:3089} INFO - Sync 1 DAGs
[2026-02-19T04:12:44.928+0000] {logging_mixin.py:188} INFO - [2026-02-19T04:12:44.927+0000] {dag.py:3947} INFO - Setting next_dagrun for company_overview_to_minio to 2026-02-15 00:00:00+00:00, run_after=2026-02-22 00:00:00+00:00
[2026-02-19T04:12:44.974+0000] {processor.py:183} INFO - Processing /opt/airflow/dags/dl_overview.py took 0.173 seconds
[2026-02-19T04:13:15.112+0000] {processor.py:161} INFO - Started process (PID=6498) to work on /opt/airflow/dags/dl_overview.py
[2026-02-19T04:13:15.113+0000] {processor.py:830} INFO - Processing file /opt/airflow/dags/dl_overview.py for tasks to queue
[2026-02-19T04:13:15.114+0000] {logging_mixin.py:188} INFO - [2026-02-19T04:13:15.113+0000] {dagbag.py:545} INFO - Filling up the DagBag from /opt/airflow/dags/dl_overview.py
[2026-02-19T04:13:15.145+0000] {processor.py:840} INFO - DAG(s) 'company_overview_to_minio' retrieved from /opt/airflow/dags/dl_overview.py
[2026-02-19T04:13:15.170+0000] {logging_mixin.py:188} INFO - [2026-02-19T04:13:15.169+0000] {dag.py:3089} INFO - Sync 1 DAGs
[2026-02-19T04:13:15.192+0000] {logging_mixin.py:188} INFO - [2026-02-19T04:13:15.191+0000] {dag.py:3947} INFO - Setting next_dagrun for company_overview_to_minio to 2026-02-15 00:00:00+00:00, run_after=2026-02-22 00:00:00+00:00
[2026-02-19T04:13:15.211+0000] {processor.py:183} INFO - Processing /opt/airflow/dags/dl_overview.py took 0.105 seconds
[2026-02-19T04:13:45.534+0000] {processor.py:161} INFO - Started process (PID=6520) to work on /opt/airflow/dags/dl_overview.py
[2026-02-19T04:13:45.534+0000] {processor.py:830} INFO - Processing file /opt/airflow/dags/dl_overview.py for tasks to queue
[2026-02-19T04:13:45.535+0000] {logging_mixin.py:188} INFO - [2026-02-19T04:13:45.535+0000] {dagbag.py:545} INFO - Filling up the DagBag from /opt/airflow/dags/dl_overview.py
[2026-02-19T04:13:45.565+0000] {processor.py:840} INFO - DAG(s) 'company_overview_to_minio' retrieved from /opt/airflow/dags/dl_overview.py
[2026-02-19T04:13:45.586+0000] {logging_mixin.py:188} INFO - [2026-02-19T04:13:45.586+0000] {dag.py:3089} INFO - Sync 1 DAGs
[2026-02-19T04:13:45.606+0000] {logging_mixin.py:188} INFO - [2026-02-19T04:13:45.605+0000] {dag.py:3947} INFO - Setting next_dagrun for company_overview_to_minio to 2026-02-15 00:00:00+00:00, run_after=2026-02-22 00:00:00+00:00
[2026-02-19T04:13:45.626+0000] {processor.py:183} INFO - Processing /opt/airflow/dags/dl_overview.py took 0.097 seconds
[2026-02-19T04:14:15.881+0000] {processor.py:161} INFO - Started process (PID=6544) to work on /opt/airflow/dags/dl_overview.py
[2026-02-19T04:14:15.882+0000] {processor.py:830} INFO - Processing file /opt/airflow/dags/dl_overview.py for tasks to queue
[2026-02-19T04:14:15.882+0000] {logging_mixin.py:188} INFO - [2026-02-19T04:14:15.882+0000] {dagbag.py:545} INFO - Filling up the DagBag from /opt/airflow/dags/dl_overview.py
[2026-02-19T04:14:15.912+0000] {processor.py:840} INFO - DAG(s) 'company_overview_to_minio' retrieved from /opt/airflow/dags/dl_overview.py
[2026-02-19T04:14:15.931+0000] {logging_mixin.py:188} INFO - [2026-02-19T04:14:15.931+0000] {dag.py:3089} INFO - Sync 1 DAGs
[2026-02-19T04:14:15.954+0000] {logging_mixin.py:188} INFO - [2026-02-19T04:14:15.953+0000] {dag.py:3947} INFO - Setting next_dagrun for company_overview_to_minio to 2026-02-15 00:00:00+00:00, run_after=2026-02-22 00:00:00+00:00
[2026-02-19T04:14:15.981+0000] {processor.py:183} INFO - Processing /opt/airflow/dags/dl_overview.py took 0.105 seconds
[2026-02-19T04:14:46.239+0000] {processor.py:161} INFO - Started process (PID=6568) to work on /opt/airflow/dags/dl_overview.py
[2026-02-19T04:14:46.239+0000] {processor.py:830} INFO - Processing file /opt/airflow/dags/dl_overview.py for tasks to queue
[2026-02-19T04:14:46.240+0000] {logging_mixin.py:188} INFO - [2026-02-19T04:14:46.240+0000] {dagbag.py:545} INFO - Filling up the DagBag from /opt/airflow/dags/dl_overview.py
[2026-02-19T04:14:46.267+0000] {processor.py:840} INFO - DAG(s) 'company_overview_to_minio' retrieved from /opt/airflow/dags/dl_overview.py
[2026-02-19T04:14:46.286+0000] {logging_mixin.py:188} INFO - [2026-02-19T04:14:46.286+0000] {dag.py:3089} INFO - Sync 1 DAGs
[2026-02-19T04:14:46.306+0000] {logging_mixin.py:188} INFO - [2026-02-19T04:14:46.305+0000] {dag.py:3947} INFO - Setting next_dagrun for company_overview_to_minio to 2026-02-15 00:00:00+00:00, run_after=2026-02-22 00:00:00+00:00
[2026-02-19T04:14:46.329+0000] {processor.py:183} INFO - Processing /opt/airflow/dags/dl_overview.py took 0.095 seconds
[2026-02-19T04:15:16.654+0000] {processor.py:161} INFO - Started process (PID=6592) to work on /opt/airflow/dags/dl_overview.py
[2026-02-19T04:15:16.655+0000] {processor.py:830} INFO - Processing file /opt/airflow/dags/dl_overview.py for tasks to queue
[2026-02-19T04:15:16.655+0000] {logging_mixin.py:188} INFO - [2026-02-19T04:15:16.655+0000] {dagbag.py:545} INFO - Filling up the DagBag from /opt/airflow/dags/dl_overview.py
[2026-02-19T04:15:16.811+0000] {processor.py:840} INFO - DAG(s) 'company_overview_to_minio' retrieved from /opt/airflow/dags/dl_overview.py
[2026-02-19T04:15:16.842+0000] {logging_mixin.py:188} INFO - [2026-02-19T04:15:16.841+0000] {dag.py:3089} INFO - Sync 1 DAGs
[2026-02-19T04:15:16.873+0000] {logging_mixin.py:188} INFO - [2026-02-19T04:15:16.873+0000] {dag.py:3947} INFO - Setting next_dagrun for company_overview_to_minio to 2026-02-15 00:00:00+00:00, run_after=2026-02-22 00:00:00+00:00
[2026-02-19T04:15:16.902+0000] {processor.py:183} INFO - Processing /opt/airflow/dags/dl_overview.py took 0.253 seconds
[2026-02-19T04:15:46.966+0000] {processor.py:161} INFO - Started process (PID=6616) to work on /opt/airflow/dags/dl_overview.py
[2026-02-19T04:15:46.967+0000] {processor.py:830} INFO - Processing file /opt/airflow/dags/dl_overview.py for tasks to queue
[2026-02-19T04:15:46.968+0000] {logging_mixin.py:188} INFO - [2026-02-19T04:15:46.967+0000] {dagbag.py:545} INFO - Filling up the DagBag from /opt/airflow/dags/dl_overview.py
[2026-02-19T04:15:46.997+0000] {processor.py:840} INFO - DAG(s) 'company_overview_to_minio' retrieved from /opt/airflow/dags/dl_overview.py
[2026-02-19T04:15:47.017+0000] {logging_mixin.py:188} INFO - [2026-02-19T04:15:47.017+0000] {dag.py:3089} INFO - Sync 1 DAGs
[2026-02-19T04:15:47.035+0000] {logging_mixin.py:188} INFO - [2026-02-19T04:15:47.035+0000] {dag.py:3947} INFO - Setting next_dagrun for company_overview_to_minio to 2026-02-15 00:00:00+00:00, run_after=2026-02-22 00:00:00+00:00
[2026-02-19T04:15:47.058+0000] {processor.py:183} INFO - Processing /opt/airflow/dags/dl_overview.py took 0.097 seconds
[2026-02-19T04:16:17.205+0000] {processor.py:161} INFO - Started process (PID=6641) to work on /opt/airflow/dags/dl_overview.py
[2026-02-19T04:16:17.206+0000] {processor.py:830} INFO - Processing file /opt/airflow/dags/dl_overview.py for tasks to queue
[2026-02-19T04:16:17.207+0000] {logging_mixin.py:188} INFO - [2026-02-19T04:16:17.206+0000] {dagbag.py:545} INFO - Filling up the DagBag from /opt/airflow/dags/dl_overview.py
[2026-02-19T04:16:17.235+0000] {processor.py:840} INFO - DAG(s) 'company_overview_to_minio' retrieved from /opt/airflow/dags/dl_overview.py
[2026-02-19T04:16:17.256+0000] {logging_mixin.py:188} INFO - [2026-02-19T04:16:17.256+0000] {dag.py:3089} INFO - Sync 1 DAGs
[2026-02-19T04:16:17.275+0000] {logging_mixin.py:188} INFO - [2026-02-19T04:16:17.274+0000] {dag.py:3947} INFO - Setting next_dagrun for company_overview_to_minio to 2026-02-15 00:00:00+00:00, run_after=2026-02-22 00:00:00+00:00
[2026-02-19T04:16:17.293+0000] {processor.py:183} INFO - Processing /opt/airflow/dags/dl_overview.py took 0.093 seconds
[2026-02-19T04:16:47.764+0000] {processor.py:161} INFO - Started process (PID=6665) to work on /opt/airflow/dags/dl_overview.py
[2026-02-19T04:16:47.765+0000] {processor.py:830} INFO - Processing file /opt/airflow/dags/dl_overview.py for tasks to queue
[2026-02-19T04:16:47.765+0000] {logging_mixin.py:188} INFO - [2026-02-19T04:16:47.765+0000] {dagbag.py:545} INFO - Filling up the DagBag from /opt/airflow/dags/dl_overview.py
[2026-02-19T04:16:47.795+0000] {processor.py:840} INFO - DAG(s) 'company_overview_to_minio' retrieved from /opt/airflow/dags/dl_overview.py
[2026-02-19T04:16:47.815+0000] {logging_mixin.py:188} INFO - [2026-02-19T04:16:47.815+0000] {dag.py:3089} INFO - Sync 1 DAGs
[2026-02-19T04:16:47.833+0000] {logging_mixin.py:188} INFO - [2026-02-19T04:16:47.833+0000] {dag.py:3947} INFO - Setting next_dagrun for company_overview_to_minio to 2026-02-15 00:00:00+00:00, run_after=2026-02-22 00:00:00+00:00
[2026-02-19T04:16:47.854+0000] {processor.py:183} INFO - Processing /opt/airflow/dags/dl_overview.py took 0.094 seconds
[2026-02-19T04:17:18.080+0000] {processor.py:161} INFO - Started process (PID=6689) to work on /opt/airflow/dags/dl_overview.py
[2026-02-19T04:17:18.081+0000] {processor.py:830} INFO - Processing file /opt/airflow/dags/dl_overview.py for tasks to queue
[2026-02-19T04:17:18.082+0000] {logging_mixin.py:188} INFO - [2026-02-19T04:17:18.082+0000] {dagbag.py:545} INFO - Filling up the DagBag from /opt/airflow/dags/dl_overview.py
[2026-02-19T04:17:18.107+0000] {processor.py:840} INFO - DAG(s) 'company_overview_to_minio' retrieved from /opt/airflow/dags/dl_overview.py
[2026-02-19T04:17:18.127+0000] {logging_mixin.py:188} INFO - [2026-02-19T04:17:18.127+0000] {dag.py:3089} INFO - Sync 1 DAGs
[2026-02-19T04:17:18.145+0000] {logging_mixin.py:188} INFO - [2026-02-19T04:17:18.145+0000] {dag.py:3947} INFO - Setting next_dagrun for company_overview_to_minio to 2026-02-15 00:00:00+00:00, run_after=2026-02-22 00:00:00+00:00
[2026-02-19T04:17:18.167+0000] {processor.py:183} INFO - Processing /opt/airflow/dags/dl_overview.py took 0.092 seconds
[2026-02-19T04:17:48.952+0000] {processor.py:161} INFO - Started process (PID=6713) to work on /opt/airflow/dags/dl_overview.py
[2026-02-19T04:17:48.953+0000] {processor.py:830} INFO - Processing file /opt/airflow/dags/dl_overview.py for tasks to queue
[2026-02-19T04:17:48.954+0000] {logging_mixin.py:188} INFO - [2026-02-19T04:17:48.954+0000] {dagbag.py:545} INFO - Filling up the DagBag from /opt/airflow/dags/dl_overview.py
[2026-02-19T04:17:48.985+0000] {processor.py:840} INFO - DAG(s) 'company_overview_to_minio' retrieved from /opt/airflow/dags/dl_overview.py
[2026-02-19T04:17:49.010+0000] {logging_mixin.py:188} INFO - [2026-02-19T04:17:49.009+0000] {dag.py:3089} INFO - Sync 1 DAGs
[2026-02-19T04:17:49.033+0000] {logging_mixin.py:188} INFO - [2026-02-19T04:17:49.033+0000] {dag.py:3947} INFO - Setting next_dagrun for company_overview_to_minio to 2026-02-15 00:00:00+00:00, run_after=2026-02-22 00:00:00+00:00
[2026-02-19T04:17:49.057+0000] {processor.py:183} INFO - Processing /opt/airflow/dags/dl_overview.py took 0.111 seconds
[2026-02-19T04:18:19.298+0000] {processor.py:161} INFO - Started process (PID=6737) to work on /opt/airflow/dags/dl_overview.py
[2026-02-19T04:18:19.298+0000] {processor.py:830} INFO - Processing file /opt/airflow/dags/dl_overview.py for tasks to queue
[2026-02-19T04:18:19.299+0000] {logging_mixin.py:188} INFO - [2026-02-19T04:18:19.299+0000] {dagbag.py:545} INFO - Filling up the DagBag from /opt/airflow/dags/dl_overview.py
[2026-02-19T04:18:19.330+0000] {processor.py:840} INFO - DAG(s) 'company_overview_to_minio' retrieved from /opt/airflow/dags/dl_overview.py
[2026-02-19T04:18:19.350+0000] {logging_mixin.py:188} INFO - [2026-02-19T04:18:19.350+0000] {dag.py:3089} INFO - Sync 1 DAGs
[2026-02-19T04:18:19.371+0000] {logging_mixin.py:188} INFO - [2026-02-19T04:18:19.371+0000] {dag.py:3947} INFO - Setting next_dagrun for company_overview_to_minio to 2026-02-15 00:00:00+00:00, run_after=2026-02-22 00:00:00+00:00
[2026-02-19T04:18:19.394+0000] {processor.py:183} INFO - Processing /opt/airflow/dags/dl_overview.py took 0.101 seconds
[2026-02-19T04:18:49.877+0000] {processor.py:161} INFO - Started process (PID=6761) to work on /opt/airflow/dags/dl_overview.py
[2026-02-19T04:18:49.878+0000] {processor.py:830} INFO - Processing file /opt/airflow/dags/dl_overview.py for tasks to queue
[2026-02-19T04:18:49.879+0000] {logging_mixin.py:188} INFO - [2026-02-19T04:18:49.879+0000] {dagbag.py:545} INFO - Filling up the DagBag from /opt/airflow/dags/dl_overview.py
[2026-02-19T04:18:49.910+0000] {processor.py:840} INFO - DAG(s) 'company_overview_to_minio' retrieved from /opt/airflow/dags/dl_overview.py
[2026-02-19T04:18:49.930+0000] {logging_mixin.py:188} INFO - [2026-02-19T04:18:49.930+0000] {dag.py:3089} INFO - Sync 1 DAGs
[2026-02-19T04:18:49.949+0000] {logging_mixin.py:188} INFO - [2026-02-19T04:18:49.948+0000] {dag.py:3947} INFO - Setting next_dagrun for company_overview_to_minio to 2026-02-15 00:00:00+00:00, run_after=2026-02-22 00:00:00+00:00
[2026-02-19T04:18:49.972+0000] {processor.py:183} INFO - Processing /opt/airflow/dags/dl_overview.py took 0.100 seconds
[2026-02-19T04:19:20.128+0000] {processor.py:161} INFO - Started process (PID=6784) to work on /opt/airflow/dags/dl_overview.py
[2026-02-19T04:19:20.129+0000] {processor.py:830} INFO - Processing file /opt/airflow/dags/dl_overview.py for tasks to queue
[2026-02-19T04:19:20.129+0000] {logging_mixin.py:188} INFO - [2026-02-19T04:19:20.129+0000] {dagbag.py:545} INFO - Filling up the DagBag from /opt/airflow/dags/dl_overview.py
[2026-02-19T04:19:20.156+0000] {processor.py:840} INFO - DAG(s) 'company_overview_to_minio' retrieved from /opt/airflow/dags/dl_overview.py
[2026-02-19T04:19:20.175+0000] {logging_mixin.py:188} INFO - [2026-02-19T04:19:20.175+0000] {dag.py:3089} INFO - Sync 1 DAGs
[2026-02-19T04:19:20.195+0000] {logging_mixin.py:188} INFO - [2026-02-19T04:19:20.194+0000] {dag.py:3947} INFO - Setting next_dagrun for company_overview_to_minio to 2026-02-15 00:00:00+00:00, run_after=2026-02-22 00:00:00+00:00
[2026-02-19T04:19:20.218+0000] {processor.py:183} INFO - Processing /opt/airflow/dags/dl_overview.py took 0.095 seconds
[2026-02-19T04:19:50.466+0000] {processor.py:161} INFO - Started process (PID=6807) to work on /opt/airflow/dags/dl_overview.py
[2026-02-19T04:19:50.467+0000] {processor.py:830} INFO - Processing file /opt/airflow/dags/dl_overview.py for tasks to queue
[2026-02-19T04:19:50.467+0000] {logging_mixin.py:188} INFO - [2026-02-19T04:19:50.467+0000] {dagbag.py:545} INFO - Filling up the DagBag from /opt/airflow/dags/dl_overview.py
[2026-02-19T04:19:50.497+0000] {processor.py:840} INFO - DAG(s) 'company_overview_to_minio' retrieved from /opt/airflow/dags/dl_overview.py
[2026-02-19T04:19:50.521+0000] {logging_mixin.py:188} INFO - [2026-02-19T04:19:50.521+0000] {dag.py:3089} INFO - Sync 1 DAGs
[2026-02-19T04:19:50.543+0000] {logging_mixin.py:188} INFO - [2026-02-19T04:19:50.543+0000] {dag.py:3947} INFO - Setting next_dagrun for company_overview_to_minio to 2026-02-15 00:00:00+00:00, run_after=2026-02-22 00:00:00+00:00
[2026-02-19T04:19:50.565+0000] {processor.py:183} INFO - Processing /opt/airflow/dags/dl_overview.py took 0.104 seconds
[2026-02-19T04:20:20.792+0000] {processor.py:161} INFO - Started process (PID=6831) to work on /opt/airflow/dags/dl_overview.py
[2026-02-19T04:20:20.792+0000] {processor.py:830} INFO - Processing file /opt/airflow/dags/dl_overview.py for tasks to queue
[2026-02-19T04:20:20.793+0000] {logging_mixin.py:188} INFO - [2026-02-19T04:20:20.793+0000] {dagbag.py:545} INFO - Filling up the DagBag from /opt/airflow/dags/dl_overview.py
[2026-02-19T04:20:20.820+0000] {processor.py:840} INFO - DAG(s) 'company_overview_to_minio' retrieved from /opt/airflow/dags/dl_overview.py
[2026-02-19T04:20:20.842+0000] {logging_mixin.py:188} INFO - [2026-02-19T04:20:20.842+0000] {dag.py:3089} INFO - Sync 1 DAGs
[2026-02-19T04:20:20.860+0000] {logging_mixin.py:188} INFO - [2026-02-19T04:20:20.860+0000] {dag.py:3947} INFO - Setting next_dagrun for company_overview_to_minio to 2026-02-15 00:00:00+00:00, run_after=2026-02-22 00:00:00+00:00
[2026-02-19T04:20:20.876+0000] {processor.py:183} INFO - Processing /opt/airflow/dags/dl_overview.py took 0.089 seconds
[2026-02-19T04:20:51.811+0000] {processor.py:161} INFO - Started process (PID=6855) to work on /opt/airflow/dags/dl_overview.py
[2026-02-19T04:20:51.812+0000] {processor.py:830} INFO - Processing file /opt/airflow/dags/dl_overview.py for tasks to queue
[2026-02-19T04:20:51.812+0000] {logging_mixin.py:188} INFO - [2026-02-19T04:20:51.812+0000] {dagbag.py:545} INFO - Filling up the DagBag from /opt/airflow/dags/dl_overview.py
[2026-02-19T04:20:51.841+0000] {processor.py:840} INFO - DAG(s) 'company_overview_to_minio' retrieved from /opt/airflow/dags/dl_overview.py
[2026-02-19T04:20:51.860+0000] {logging_mixin.py:188} INFO - [2026-02-19T04:20:51.860+0000] {dag.py:3089} INFO - Sync 1 DAGs
[2026-02-19T04:20:51.880+0000] {logging_mixin.py:188} INFO - [2026-02-19T04:20:51.879+0000] {dag.py:3947} INFO - Setting next_dagrun for company_overview_to_minio to 2026-02-15 00:00:00+00:00, run_after=2026-02-22 00:00:00+00:00
[2026-02-19T04:20:51.895+0000] {processor.py:183} INFO - Processing /opt/airflow/dags/dl_overview.py took 0.089 seconds
[2026-02-19T04:21:22.473+0000] {processor.py:161} INFO - Started process (PID=6879) to work on /opt/airflow/dags/dl_overview.py
[2026-02-19T04:21:22.473+0000] {processor.py:830} INFO - Processing file /opt/airflow/dags/dl_overview.py for tasks to queue
[2026-02-19T04:21:22.474+0000] {logging_mixin.py:188} INFO - [2026-02-19T04:21:22.474+0000] {dagbag.py:545} INFO - Filling up the DagBag from /opt/airflow/dags/dl_overview.py
[2026-02-19T04:21:22.500+0000] {processor.py:840} INFO - DAG(s) 'company_overview_to_minio' retrieved from /opt/airflow/dags/dl_overview.py
[2026-02-19T04:21:22.520+0000] {logging_mixin.py:188} INFO - [2026-02-19T04:21:22.520+0000] {dag.py:3089} INFO - Sync 1 DAGs
[2026-02-19T04:21:22.538+0000] {logging_mixin.py:188} INFO - [2026-02-19T04:21:22.538+0000] {dag.py:3947} INFO - Setting next_dagrun for company_overview_to_minio to 2026-02-15 00:00:00+00:00, run_after=2026-02-22 00:00:00+00:00
[2026-02-19T04:21:22.560+0000] {processor.py:183} INFO - Processing /opt/airflow/dags/dl_overview.py took 0.092 seconds
[2026-02-19T04:21:53.361+0000] {processor.py:161} INFO - Started process (PID=6903) to work on /opt/airflow/dags/dl_overview.py
[2026-02-19T04:21:53.362+0000] {processor.py:830} INFO - Processing file /opt/airflow/dags/dl_overview.py for tasks to queue
[2026-02-19T04:21:53.363+0000] {logging_mixin.py:188} INFO - [2026-02-19T04:21:53.362+0000] {dagbag.py:545} INFO - Filling up the DagBag from /opt/airflow/dags/dl_overview.py
[2026-02-19T04:21:53.392+0000] {processor.py:840} INFO - DAG(s) 'company_overview_to_minio' retrieved from /opt/airflow/dags/dl_overview.py
[2026-02-19T04:21:53.413+0000] {logging_mixin.py:188} INFO - [2026-02-19T04:21:53.413+0000] {dag.py:3089} INFO - Sync 1 DAGs
[2026-02-19T04:21:53.432+0000] {logging_mixin.py:188} INFO - [2026-02-19T04:21:53.432+0000] {dag.py:3947} INFO - Setting next_dagrun for company_overview_to_minio to 2026-02-15 00:00:00+00:00, run_after=2026-02-22 00:00:00+00:00
[2026-02-19T04:21:53.450+0000] {processor.py:183} INFO - Processing /opt/airflow/dags/dl_overview.py took 0.094 seconds
[2026-02-19T04:22:23.752+0000] {processor.py:161} INFO - Started process (PID=6927) to work on /opt/airflow/dags/dl_overview.py
[2026-02-19T04:22:23.753+0000] {processor.py:830} INFO - Processing file /opt/airflow/dags/dl_overview.py for tasks to queue
[2026-02-19T04:22:23.753+0000] {logging_mixin.py:188} INFO - [2026-02-19T04:22:23.753+0000] {dagbag.py:545} INFO - Filling up the DagBag from /opt/airflow/dags/dl_overview.py
[2026-02-19T04:22:23.779+0000] {processor.py:840} INFO - DAG(s) 'company_overview_to_minio' retrieved from /opt/airflow/dags/dl_overview.py
[2026-02-19T04:22:23.799+0000] {logging_mixin.py:188} INFO - [2026-02-19T04:22:23.799+0000] {dag.py:3089} INFO - Sync 1 DAGs
[2026-02-19T04:22:23.818+0000] {logging_mixin.py:188} INFO - [2026-02-19T04:22:23.818+0000] {dag.py:3947} INFO - Setting next_dagrun for company_overview_to_minio to 2026-02-15 00:00:00+00:00, run_after=2026-02-22 00:00:00+00:00
[2026-02-19T04:22:23.838+0000] {processor.py:183} INFO - Processing /opt/airflow/dags/dl_overview.py took 0.091 seconds
[2026-02-19T04:22:54.021+0000] {processor.py:161} INFO - Started process (PID=6951) to work on /opt/airflow/dags/dl_overview.py
[2026-02-19T04:22:54.022+0000] {processor.py:830} INFO - Processing file /opt/airflow/dags/dl_overview.py for tasks to queue
[2026-02-19T04:22:54.023+0000] {logging_mixin.py:188} INFO - [2026-02-19T04:22:54.023+0000] {dagbag.py:545} INFO - Filling up the DagBag from /opt/airflow/dags/dl_overview.py
[2026-02-19T04:22:54.056+0000] {processor.py:840} INFO - DAG(s) 'company_overview_to_minio' retrieved from /opt/airflow/dags/dl_overview.py
[2026-02-19T04:22:54.078+0000] {logging_mixin.py:188} INFO - [2026-02-19T04:22:54.077+0000] {dag.py:3089} INFO - Sync 1 DAGs
[2026-02-19T04:22:54.096+0000] {logging_mixin.py:188} INFO - [2026-02-19T04:22:54.095+0000] {dag.py:3947} INFO - Setting next_dagrun for company_overview_to_minio to 2026-02-15 00:00:00+00:00, run_after=2026-02-22 00:00:00+00:00
[2026-02-19T04:22:54.118+0000] {processor.py:183} INFO - Processing /opt/airflow/dags/dl_overview.py took 0.102 seconds
[2026-02-19T04:23:24.315+0000] {processor.py:161} INFO - Started process (PID=6975) to work on /opt/airflow/dags/dl_overview.py
[2026-02-19T04:23:24.316+0000] {processor.py:830} INFO - Processing file /opt/airflow/dags/dl_overview.py for tasks to queue
[2026-02-19T04:23:24.317+0000] {logging_mixin.py:188} INFO - [2026-02-19T04:23:24.316+0000] {dagbag.py:545} INFO - Filling up the DagBag from /opt/airflow/dags/dl_overview.py
[2026-02-19T04:23:24.344+0000] {processor.py:840} INFO - DAG(s) 'company_overview_to_minio' retrieved from /opt/airflow/dags/dl_overview.py
[2026-02-19T04:23:24.365+0000] {logging_mixin.py:188} INFO - [2026-02-19T04:23:24.365+0000] {dag.py:3089} INFO - Sync 1 DAGs
[2026-02-19T04:23:24.385+0000] {logging_mixin.py:188} INFO - [2026-02-19T04:23:24.384+0000] {dag.py:3947} INFO - Setting next_dagrun for company_overview_to_minio to 2026-02-15 00:00:00+00:00, run_after=2026-02-22 00:00:00+00:00
[2026-02-19T04:23:24.406+0000] {processor.py:183} INFO - Processing /opt/airflow/dags/dl_overview.py took 0.096 seconds
[2026-02-19T04:23:55.645+0000] {processor.py:161} INFO - Started process (PID=6999) to work on /opt/airflow/dags/dl_overview.py
[2026-02-19T04:23:55.647+0000] {processor.py:830} INFO - Processing file /opt/airflow/dags/dl_overview.py for tasks to queue
[2026-02-19T04:23:55.654+0000] {logging_mixin.py:188} INFO - [2026-02-19T04:23:55.653+0000] {dagbag.py:545} INFO - Filling up the DagBag from /opt/airflow/dags/dl_overview.py
[2026-02-19T04:23:55.791+0000] {processor.py:840} INFO - DAG(s) 'company_overview_to_minio' retrieved from /opt/airflow/dags/dl_overview.py
[2026-02-19T04:23:55.852+0000] {logging_mixin.py:188} INFO - [2026-02-19T04:23:55.852+0000] {dag.py:3089} INFO - Sync 1 DAGs
[2026-02-19T04:23:55.915+0000] {logging_mixin.py:188} INFO - [2026-02-19T04:23:55.914+0000] {dag.py:3947} INFO - Setting next_dagrun for company_overview_to_minio to 2026-02-15 00:00:00+00:00, run_after=2026-02-22 00:00:00+00:00
[2026-02-19T04:23:55.959+0000] {processor.py:183} INFO - Processing /opt/airflow/dags/dl_overview.py took 0.330 seconds
[2026-02-19T04:24:26.629+0000] {processor.py:161} INFO - Started process (PID=7023) to work on /opt/airflow/dags/dl_overview.py
[2026-02-19T04:24:26.631+0000] {processor.py:830} INFO - Processing file /opt/airflow/dags/dl_overview.py for tasks to queue
[2026-02-19T04:24:26.633+0000] {logging_mixin.py:188} INFO - [2026-02-19T04:24:26.632+0000] {dagbag.py:545} INFO - Filling up the DagBag from /opt/airflow/dags/dl_overview.py
[2026-02-19T04:24:26.687+0000] {processor.py:840} INFO - DAG(s) 'company_overview_to_minio' retrieved from /opt/airflow/dags/dl_overview.py
[2026-02-19T04:24:26.719+0000] {logging_mixin.py:188} INFO - [2026-02-19T04:24:26.718+0000] {dag.py:3089} INFO - Sync 1 DAGs
[2026-02-19T04:24:26.745+0000] {logging_mixin.py:188} INFO - [2026-02-19T04:24:26.744+0000] {dag.py:3947} INFO - Setting next_dagrun for company_overview_to_minio to 2026-02-15 00:00:00+00:00, run_after=2026-02-22 00:00:00+00:00
[2026-02-19T04:24:26.772+0000] {processor.py:183} INFO - Processing /opt/airflow/dags/dl_overview.py took 0.151 seconds
[2026-02-19T07:56:28.280+0000] {processor.py:161} INFO - Started process (PID=80) to work on /opt/airflow/dags/dl_overview.py
[2026-02-19T07:56:28.281+0000] {processor.py:830} INFO - Processing file /opt/airflow/dags/dl_overview.py for tasks to queue
[2026-02-19T07:56:28.282+0000] {logging_mixin.py:188} INFO - [2026-02-19T07:56:28.281+0000] {dagbag.py:545} INFO - Filling up the DagBag from /opt/airflow/dags/dl_overview.py
[2026-02-19T07:56:28.317+0000] {processor.py:840} INFO - DAG(s) 'company_overview_to_minio' retrieved from /opt/airflow/dags/dl_overview.py
[2026-02-19T07:56:28.416+0000] {logging_mixin.py:188} INFO - [2026-02-19T07:56:28.416+0000] {dag.py:3089} INFO - Sync 1 DAGs
[2026-02-19T07:56:28.436+0000] {logging_mixin.py:188} INFO - [2026-02-19T07:56:28.435+0000] {dag.py:3947} INFO - Setting next_dagrun for company_overview_to_minio to 2026-02-15 00:00:00+00:00, run_after=2026-02-22 00:00:00+00:00
[2026-02-19T07:56:28.460+0000] {processor.py:183} INFO - Processing /opt/airflow/dags/dl_overview.py took 0.186 seconds
[2026-02-19T07:56:59.167+0000] {processor.py:161} INFO - Started process (PID=104) to work on /opt/airflow/dags/dl_overview.py
[2026-02-19T07:56:59.168+0000] {processor.py:830} INFO - Processing file /opt/airflow/dags/dl_overview.py for tasks to queue
[2026-02-19T07:56:59.169+0000] {logging_mixin.py:188} INFO - [2026-02-19T07:56:59.168+0000] {dagbag.py:545} INFO - Filling up the DagBag from /opt/airflow/dags/dl_overview.py
[2026-02-19T07:56:59.196+0000] {processor.py:840} INFO - DAG(s) 'company_overview_to_minio' retrieved from /opt/airflow/dags/dl_overview.py
[2026-02-19T07:56:59.218+0000] {logging_mixin.py:188} INFO - [2026-02-19T07:56:59.218+0000] {dag.py:3089} INFO - Sync 1 DAGs
[2026-02-19T07:56:59.241+0000] {logging_mixin.py:188} INFO - [2026-02-19T07:56:59.240+0000] {dag.py:3947} INFO - Setting next_dagrun for company_overview_to_minio to 2026-02-15 00:00:00+00:00, run_after=2026-02-22 00:00:00+00:00
[2026-02-19T07:56:59.260+0000] {processor.py:183} INFO - Processing /opt/airflow/dags/dl_overview.py took 0.098 seconds
[2026-02-19T07:57:30.297+0000] {processor.py:161} INFO - Started process (PID=126) to work on /opt/airflow/dags/dl_overview.py
[2026-02-19T07:57:30.298+0000] {processor.py:830} INFO - Processing file /opt/airflow/dags/dl_overview.py for tasks to queue
[2026-02-19T07:57:30.299+0000] {logging_mixin.py:188} INFO - [2026-02-19T07:57:30.299+0000] {dagbag.py:545} INFO - Filling up the DagBag from /opt/airflow/dags/dl_overview.py
[2026-02-19T07:57:30.336+0000] {processor.py:840} INFO - DAG(s) 'company_overview_to_minio' retrieved from /opt/airflow/dags/dl_overview.py
[2026-02-19T07:57:30.364+0000] {logging_mixin.py:188} INFO - [2026-02-19T07:57:30.364+0000] {dag.py:3089} INFO - Sync 1 DAGs
[2026-02-19T07:57:30.393+0000] {logging_mixin.py:188} INFO - [2026-02-19T07:57:30.393+0000] {dag.py:3947} INFO - Setting next_dagrun for company_overview_to_minio to 2026-02-15 00:00:00+00:00, run_after=2026-02-22 00:00:00+00:00
[2026-02-19T07:57:30.418+0000] {processor.py:183} INFO - Processing /opt/airflow/dags/dl_overview.py took 0.129 seconds
[2026-02-19T07:58:00.661+0000] {processor.py:161} INFO - Started process (PID=150) to work on /opt/airflow/dags/dl_overview.py
[2026-02-19T07:58:00.661+0000] {processor.py:830} INFO - Processing file /opt/airflow/dags/dl_overview.py for tasks to queue
[2026-02-19T07:58:00.662+0000] {logging_mixin.py:188} INFO - [2026-02-19T07:58:00.662+0000] {dagbag.py:545} INFO - Filling up the DagBag from /opt/airflow/dags/dl_overview.py
[2026-02-19T07:58:00.693+0000] {processor.py:840} INFO - DAG(s) 'company_overview_to_minio' retrieved from /opt/airflow/dags/dl_overview.py
[2026-02-19T07:58:00.717+0000] {logging_mixin.py:188} INFO - [2026-02-19T07:58:00.717+0000] {dag.py:3089} INFO - Sync 1 DAGs
[2026-02-19T07:58:00.741+0000] {logging_mixin.py:188} INFO - [2026-02-19T07:58:00.741+0000] {dag.py:3947} INFO - Setting next_dagrun for company_overview_to_minio to 2026-02-15 00:00:00+00:00, run_after=2026-02-22 00:00:00+00:00
[2026-02-19T07:58:00.764+0000] {processor.py:183} INFO - Processing /opt/airflow/dags/dl_overview.py took 0.108 seconds
[2026-02-19T07:58:30.835+0000] {processor.py:161} INFO - Started process (PID=174) to work on /opt/airflow/dags/dl_overview.py
[2026-02-19T07:58:30.835+0000] {processor.py:830} INFO - Processing file /opt/airflow/dags/dl_overview.py for tasks to queue
[2026-02-19T07:58:30.836+0000] {logging_mixin.py:188} INFO - [2026-02-19T07:58:30.836+0000] {dagbag.py:545} INFO - Filling up the DagBag from /opt/airflow/dags/dl_overview.py
[2026-02-19T07:58:30.872+0000] {processor.py:840} INFO - DAG(s) 'company_overview_to_minio' retrieved from /opt/airflow/dags/dl_overview.py
[2026-02-19T07:58:30.894+0000] {logging_mixin.py:188} INFO - [2026-02-19T07:58:30.893+0000] {dag.py:3089} INFO - Sync 1 DAGs
[2026-02-19T07:58:30.916+0000] {logging_mixin.py:188} INFO - [2026-02-19T07:58:30.916+0000] {dag.py:3947} INFO - Setting next_dagrun for company_overview_to_minio to 2026-02-15 00:00:00+00:00, run_after=2026-02-22 00:00:00+00:00
[2026-02-19T07:58:30.936+0000] {processor.py:183} INFO - Processing /opt/airflow/dags/dl_overview.py took 0.106 seconds
[2026-02-19T07:59:01.100+0000] {processor.py:161} INFO - Started process (PID=198) to work on /opt/airflow/dags/dl_overview.py
[2026-02-19T07:59:01.101+0000] {processor.py:830} INFO - Processing file /opt/airflow/dags/dl_overview.py for tasks to queue
[2026-02-19T07:59:01.102+0000] {logging_mixin.py:188} INFO - [2026-02-19T07:59:01.102+0000] {dagbag.py:545} INFO - Filling up the DagBag from /opt/airflow/dags/dl_overview.py
[2026-02-19T07:59:01.133+0000] {processor.py:840} INFO - DAG(s) 'company_overview_to_minio' retrieved from /opt/airflow/dags/dl_overview.py
[2026-02-19T07:59:01.155+0000] {logging_mixin.py:188} INFO - [2026-02-19T07:59:01.155+0000] {dag.py:3089} INFO - Sync 1 DAGs
[2026-02-19T07:59:01.177+0000] {logging_mixin.py:188} INFO - [2026-02-19T07:59:01.177+0000] {dag.py:3947} INFO - Setting next_dagrun for company_overview_to_minio to 2026-02-15 00:00:00+00:00, run_after=2026-02-22 00:00:00+00:00
[2026-02-19T07:59:01.197+0000] {processor.py:183} INFO - Processing /opt/airflow/dags/dl_overview.py took 0.102 seconds
[2026-02-19T07:59:31.368+0000] {processor.py:161} INFO - Started process (PID=223) to work on /opt/airflow/dags/dl_overview.py
[2026-02-19T07:59:31.369+0000] {processor.py:830} INFO - Processing file /opt/airflow/dags/dl_overview.py for tasks to queue
[2026-02-19T07:59:31.370+0000] {logging_mixin.py:188} INFO - [2026-02-19T07:59:31.370+0000] {dagbag.py:545} INFO - Filling up the DagBag from /opt/airflow/dags/dl_overview.py
[2026-02-19T07:59:31.406+0000] {processor.py:840} INFO - DAG(s) 'company_overview_to_minio' retrieved from /opt/airflow/dags/dl_overview.py
[2026-02-19T07:59:31.429+0000] {logging_mixin.py:188} INFO - [2026-02-19T07:59:31.429+0000] {dag.py:3089} INFO - Sync 1 DAGs
[2026-02-19T07:59:31.452+0000] {logging_mixin.py:188} INFO - [2026-02-19T07:59:31.452+0000] {dag.py:3947} INFO - Setting next_dagrun for company_overview_to_minio to 2026-02-15 00:00:00+00:00, run_after=2026-02-22 00:00:00+00:00
[2026-02-19T07:59:31.474+0000] {processor.py:183} INFO - Processing /opt/airflow/dags/dl_overview.py took 0.111 seconds
[2026-02-19T08:00:01.865+0000] {processor.py:161} INFO - Started process (PID=247) to work on /opt/airflow/dags/dl_overview.py
[2026-02-19T08:00:01.866+0000] {processor.py:830} INFO - Processing file /opt/airflow/dags/dl_overview.py for tasks to queue
[2026-02-19T08:00:01.867+0000] {logging_mixin.py:188} INFO - [2026-02-19T08:00:01.867+0000] {dagbag.py:545} INFO - Filling up the DagBag from /opt/airflow/dags/dl_overview.py
[2026-02-19T08:00:01.896+0000] {processor.py:840} INFO - DAG(s) 'company_overview_to_minio' retrieved from /opt/airflow/dags/dl_overview.py
[2026-02-19T08:00:01.915+0000] {logging_mixin.py:188} INFO - [2026-02-19T08:00:01.915+0000] {dag.py:3089} INFO - Sync 1 DAGs
[2026-02-19T08:00:01.935+0000] {logging_mixin.py:188} INFO - [2026-02-19T08:00:01.935+0000] {dag.py:3947} INFO - Setting next_dagrun for company_overview_to_minio to 2026-02-15 00:00:00+00:00, run_after=2026-02-22 00:00:00+00:00
[2026-02-19T08:00:01.956+0000] {processor.py:183} INFO - Processing /opt/airflow/dags/dl_overview.py took 0.095 seconds
[2026-02-19T08:00:32.535+0000] {processor.py:161} INFO - Started process (PID=272) to work on /opt/airflow/dags/dl_overview.py
[2026-02-19T08:00:32.536+0000] {processor.py:830} INFO - Processing file /opt/airflow/dags/dl_overview.py for tasks to queue
[2026-02-19T08:00:32.537+0000] {logging_mixin.py:188} INFO - [2026-02-19T08:00:32.537+0000] {dagbag.py:545} INFO - Filling up the DagBag from /opt/airflow/dags/dl_overview.py
[2026-02-19T08:00:32.567+0000] {processor.py:840} INFO - DAG(s) 'company_overview_to_minio' retrieved from /opt/airflow/dags/dl_overview.py
[2026-02-19T08:00:32.587+0000] {logging_mixin.py:188} INFO - [2026-02-19T08:00:32.587+0000] {dag.py:3089} INFO - Sync 1 DAGs
[2026-02-19T08:00:32.607+0000] {logging_mixin.py:188} INFO - [2026-02-19T08:00:32.606+0000] {dag.py:3947} INFO - Setting next_dagrun for company_overview_to_minio to 2026-02-15 00:00:00+00:00, run_after=2026-02-22 00:00:00+00:00
[2026-02-19T08:00:32.626+0000] {processor.py:183} INFO - Processing /opt/airflow/dags/dl_overview.py took 0.095 seconds
[2026-02-19T08:01:03.050+0000] {processor.py:161} INFO - Started process (PID=296) to work on /opt/airflow/dags/dl_overview.py
[2026-02-19T08:01:03.051+0000] {processor.py:830} INFO - Processing file /opt/airflow/dags/dl_overview.py for tasks to queue
[2026-02-19T08:01:03.052+0000] {logging_mixin.py:188} INFO - [2026-02-19T08:01:03.051+0000] {dagbag.py:545} INFO - Filling up the DagBag from /opt/airflow/dags/dl_overview.py
[2026-02-19T08:01:03.084+0000] {processor.py:840} INFO - DAG(s) 'company_overview_to_minio' retrieved from /opt/airflow/dags/dl_overview.py
[2026-02-19T08:01:03.106+0000] {logging_mixin.py:188} INFO - [2026-02-19T08:01:03.106+0000] {dag.py:3089} INFO - Sync 1 DAGs
[2026-02-19T08:01:03.127+0000] {logging_mixin.py:188} INFO - [2026-02-19T08:01:03.126+0000] {dag.py:3947} INFO - Setting next_dagrun for company_overview_to_minio to 2026-02-15 00:00:00+00:00, run_after=2026-02-22 00:00:00+00:00
[2026-02-19T08:01:03.146+0000] {processor.py:183} INFO - Processing /opt/airflow/dags/dl_overview.py took 0.101 seconds
[2026-02-19T08:01:33.729+0000] {processor.py:161} INFO - Started process (PID=320) to work on /opt/airflow/dags/dl_overview.py
[2026-02-19T08:01:33.729+0000] {processor.py:830} INFO - Processing file /opt/airflow/dags/dl_overview.py for tasks to queue
[2026-02-19T08:01:33.730+0000] {logging_mixin.py:188} INFO - [2026-02-19T08:01:33.730+0000] {dagbag.py:545} INFO - Filling up the DagBag from /opt/airflow/dags/dl_overview.py
[2026-02-19T08:01:33.761+0000] {processor.py:840} INFO - DAG(s) 'company_overview_to_minio' retrieved from /opt/airflow/dags/dl_overview.py
[2026-02-19T08:01:33.784+0000] {logging_mixin.py:188} INFO - [2026-02-19T08:01:33.783+0000] {dag.py:3089} INFO - Sync 1 DAGs
[2026-02-19T08:01:33.804+0000] {logging_mixin.py:188} INFO - [2026-02-19T08:01:33.804+0000] {dag.py:3947} INFO - Setting next_dagrun for company_overview_to_minio to 2026-02-15 00:00:00+00:00, run_after=2026-02-22 00:00:00+00:00
[2026-02-19T08:01:33.824+0000] {processor.py:183} INFO - Processing /opt/airflow/dags/dl_overview.py took 0.101 seconds
[2026-02-19T08:02:04.365+0000] {processor.py:161} INFO - Started process (PID=344) to work on /opt/airflow/dags/dl_overview.py
[2026-02-19T08:02:04.366+0000] {processor.py:830} INFO - Processing file /opt/airflow/dags/dl_overview.py for tasks to queue
[2026-02-19T08:02:04.367+0000] {logging_mixin.py:188} INFO - [2026-02-19T08:02:04.367+0000] {dagbag.py:545} INFO - Filling up the DagBag from /opt/airflow/dags/dl_overview.py
[2026-02-19T08:02:04.403+0000] {processor.py:840} INFO - DAG(s) 'company_overview_to_minio' retrieved from /opt/airflow/dags/dl_overview.py
[2026-02-19T08:02:04.429+0000] {logging_mixin.py:188} INFO - [2026-02-19T08:02:04.428+0000] {dag.py:3089} INFO - Sync 1 DAGs
[2026-02-19T08:02:04.449+0000] {logging_mixin.py:188} INFO - [2026-02-19T08:02:04.449+0000] {dag.py:3947} INFO - Setting next_dagrun for company_overview_to_minio to 2026-02-15 00:00:00+00:00, run_after=2026-02-22 00:00:00+00:00
[2026-02-19T08:02:04.467+0000] {processor.py:183} INFO - Processing /opt/airflow/dags/dl_overview.py took 0.107 seconds
[2026-02-19T08:02:34.913+0000] {processor.py:161} INFO - Started process (PID=369) to work on /opt/airflow/dags/dl_overview.py
[2026-02-19T08:02:34.914+0000] {processor.py:830} INFO - Processing file /opt/airflow/dags/dl_overview.py for tasks to queue
[2026-02-19T08:02:34.915+0000] {logging_mixin.py:188} INFO - [2026-02-19T08:02:34.915+0000] {dagbag.py:545} INFO - Filling up the DagBag from /opt/airflow/dags/dl_overview.py
[2026-02-19T08:02:34.944+0000] {processor.py:840} INFO - DAG(s) 'company_overview_to_minio' retrieved from /opt/airflow/dags/dl_overview.py
[2026-02-19T08:02:34.965+0000] {logging_mixin.py:188} INFO - [2026-02-19T08:02:34.965+0000] {dag.py:3089} INFO - Sync 1 DAGs
[2026-02-19T08:02:34.984+0000] {logging_mixin.py:188} INFO - [2026-02-19T08:02:34.983+0000] {dag.py:3947} INFO - Setting next_dagrun for company_overview_to_minio to 2026-02-15 00:00:00+00:00, run_after=2026-02-22 00:00:00+00:00
[2026-02-19T08:02:35.002+0000] {processor.py:183} INFO - Processing /opt/airflow/dags/dl_overview.py took 0.093 seconds
[2026-02-19T08:03:05.323+0000] {processor.py:161} INFO - Started process (PID=392) to work on /opt/airflow/dags/dl_overview.py
[2026-02-19T08:03:05.323+0000] {processor.py:830} INFO - Processing file /opt/airflow/dags/dl_overview.py for tasks to queue
[2026-02-19T08:03:05.324+0000] {logging_mixin.py:188} INFO - [2026-02-19T08:03:05.324+0000] {dagbag.py:545} INFO - Filling up the DagBag from /opt/airflow/dags/dl_overview.py
[2026-02-19T08:03:05.352+0000] {processor.py:840} INFO - DAG(s) 'company_overview_to_minio' retrieved from /opt/airflow/dags/dl_overview.py
[2026-02-19T08:03:05.372+0000] {logging_mixin.py:188} INFO - [2026-02-19T08:03:05.371+0000] {dag.py:3089} INFO - Sync 1 DAGs
[2026-02-19T08:03:05.392+0000] {logging_mixin.py:188} INFO - [2026-02-19T08:03:05.392+0000] {dag.py:3947} INFO - Setting next_dagrun for company_overview_to_minio to 2026-02-15 00:00:00+00:00, run_after=2026-02-22 00:00:00+00:00
[2026-02-19T08:03:05.409+0000] {processor.py:183} INFO - Processing /opt/airflow/dags/dl_overview.py took 0.091 seconds
[2026-02-19T08:03:35.546+0000] {processor.py:161} INFO - Started process (PID=415) to work on /opt/airflow/dags/dl_overview.py
[2026-02-19T08:03:35.547+0000] {processor.py:830} INFO - Processing file /opt/airflow/dags/dl_overview.py for tasks to queue
[2026-02-19T08:03:35.548+0000] {logging_mixin.py:188} INFO - [2026-02-19T08:03:35.548+0000] {dagbag.py:545} INFO - Filling up the DagBag from /opt/airflow/dags/dl_overview.py
[2026-02-19T08:03:35.575+0000] {processor.py:840} INFO - DAG(s) 'company_overview_to_minio' retrieved from /opt/airflow/dags/dl_overview.py
[2026-02-19T08:03:35.596+0000] {logging_mixin.py:188} INFO - [2026-02-19T08:03:35.595+0000] {dag.py:3089} INFO - Sync 1 DAGs
[2026-02-19T08:03:35.616+0000] {logging_mixin.py:188} INFO - [2026-02-19T08:03:35.615+0000] {dag.py:3947} INFO - Setting next_dagrun for company_overview_to_minio to 2026-02-15 00:00:00+00:00, run_after=2026-02-22 00:00:00+00:00
[2026-02-19T08:03:35.631+0000] {processor.py:183} INFO - Processing /opt/airflow/dags/dl_overview.py took 0.090 seconds
[2026-02-19T08:04:05.926+0000] {processor.py:161} INFO - Started process (PID=439) to work on /opt/airflow/dags/dl_overview.py
[2026-02-19T08:04:05.927+0000] {processor.py:830} INFO - Processing file /opt/airflow/dags/dl_overview.py for tasks to queue
[2026-02-19T08:04:05.927+0000] {logging_mixin.py:188} INFO - [2026-02-19T08:04:05.927+0000] {dagbag.py:545} INFO - Filling up the DagBag from /opt/airflow/dags/dl_overview.py
[2026-02-19T08:04:05.955+0000] {processor.py:840} INFO - DAG(s) 'company_overview_to_minio' retrieved from /opt/airflow/dags/dl_overview.py
[2026-02-19T08:04:05.976+0000] {logging_mixin.py:188} INFO - [2026-02-19T08:04:05.975+0000] {dag.py:3089} INFO - Sync 1 DAGs
[2026-02-19T08:04:05.999+0000] {logging_mixin.py:188} INFO - [2026-02-19T08:04:05.999+0000] {dag.py:3947} INFO - Setting next_dagrun for company_overview_to_minio to 2026-02-15 00:00:00+00:00, run_after=2026-02-22 00:00:00+00:00
[2026-02-19T08:04:06.017+0000] {processor.py:183} INFO - Processing /opt/airflow/dags/dl_overview.py took 0.096 seconds
[2026-02-19T08:04:36.456+0000] {processor.py:161} INFO - Started process (PID=463) to work on /opt/airflow/dags/dl_overview.py
[2026-02-19T08:04:36.457+0000] {processor.py:830} INFO - Processing file /opt/airflow/dags/dl_overview.py for tasks to queue
[2026-02-19T08:04:36.458+0000] {logging_mixin.py:188} INFO - [2026-02-19T08:04:36.457+0000] {dagbag.py:545} INFO - Filling up the DagBag from /opt/airflow/dags/dl_overview.py
[2026-02-19T08:04:36.487+0000] {processor.py:840} INFO - DAG(s) 'company_overview_to_minio' retrieved from /opt/airflow/dags/dl_overview.py
[2026-02-19T08:04:36.508+0000] {logging_mixin.py:188} INFO - [2026-02-19T08:04:36.507+0000] {dag.py:3089} INFO - Sync 1 DAGs
[2026-02-19T08:04:36.526+0000] {logging_mixin.py:188} INFO - [2026-02-19T08:04:36.526+0000] {dag.py:3947} INFO - Setting next_dagrun for company_overview_to_minio to 2026-02-15 00:00:00+00:00, run_after=2026-02-22 00:00:00+00:00
[2026-02-19T08:04:36.549+0000] {processor.py:183} INFO - Processing /opt/airflow/dags/dl_overview.py took 0.097 seconds
[2026-02-19T08:05:07.084+0000] {processor.py:161} INFO - Started process (PID=487) to work on /opt/airflow/dags/dl_overview.py
[2026-02-19T08:05:07.085+0000] {processor.py:830} INFO - Processing file /opt/airflow/dags/dl_overview.py for tasks to queue
[2026-02-19T08:05:07.087+0000] {logging_mixin.py:188} INFO - [2026-02-19T08:05:07.086+0000] {dagbag.py:545} INFO - Filling up the DagBag from /opt/airflow/dags/dl_overview.py
[2026-02-19T08:05:07.124+0000] {processor.py:840} INFO - DAG(s) 'company_overview_to_minio' retrieved from /opt/airflow/dags/dl_overview.py
[2026-02-19T08:05:07.159+0000] {logging_mixin.py:188} INFO - [2026-02-19T08:05:07.159+0000] {dag.py:3089} INFO - Sync 1 DAGs
[2026-02-19T08:05:07.188+0000] {logging_mixin.py:188} INFO - [2026-02-19T08:05:07.188+0000] {dag.py:3947} INFO - Setting next_dagrun for company_overview_to_minio to 2026-02-15 00:00:00+00:00, run_after=2026-02-22 00:00:00+00:00
[2026-02-19T08:05:07.214+0000] {processor.py:183} INFO - Processing /opt/airflow/dags/dl_overview.py took 0.138 seconds
[2026-02-19T08:05:37.580+0000] {processor.py:161} INFO - Started process (PID=511) to work on /opt/airflow/dags/dl_overview.py
[2026-02-19T08:05:37.580+0000] {processor.py:830} INFO - Processing file /opt/airflow/dags/dl_overview.py for tasks to queue
[2026-02-19T08:05:37.581+0000] {logging_mixin.py:188} INFO - [2026-02-19T08:05:37.581+0000] {dagbag.py:545} INFO - Filling up the DagBag from /opt/airflow/dags/dl_overview.py
[2026-02-19T08:05:37.624+0000] {processor.py:840} INFO - DAG(s) 'company_overview_to_minio' retrieved from /opt/airflow/dags/dl_overview.py
[2026-02-19T08:05:37.658+0000] {logging_mixin.py:188} INFO - [2026-02-19T08:05:37.657+0000] {dag.py:3089} INFO - Sync 1 DAGs
[2026-02-19T08:05:37.696+0000] {logging_mixin.py:188} INFO - [2026-02-19T08:05:37.696+0000] {dag.py:3947} INFO - Setting next_dagrun for company_overview_to_minio to 2026-02-15 00:00:00+00:00, run_after=2026-02-22 00:00:00+00:00
[2026-02-19T08:05:37.731+0000] {processor.py:183} INFO - Processing /opt/airflow/dags/dl_overview.py took 0.157 seconds
[2026-02-19T08:06:07.805+0000] {processor.py:161} INFO - Started process (PID=535) to work on /opt/airflow/dags/dl_overview.py
[2026-02-19T08:06:07.805+0000] {processor.py:830} INFO - Processing file /opt/airflow/dags/dl_overview.py for tasks to queue
[2026-02-19T08:06:07.806+0000] {logging_mixin.py:188} INFO - [2026-02-19T08:06:07.806+0000] {dagbag.py:545} INFO - Filling up the DagBag from /opt/airflow/dags/dl_overview.py
[2026-02-19T08:06:07.835+0000] {processor.py:840} INFO - DAG(s) 'company_overview_to_minio' retrieved from /opt/airflow/dags/dl_overview.py
[2026-02-19T08:06:07.857+0000] {logging_mixin.py:188} INFO - [2026-02-19T08:06:07.857+0000] {dag.py:3089} INFO - Sync 1 DAGs
[2026-02-19T08:06:07.887+0000] {logging_mixin.py:188} INFO - [2026-02-19T08:06:07.887+0000] {dag.py:3947} INFO - Setting next_dagrun for company_overview_to_minio to 2026-02-15 00:00:00+00:00, run_after=2026-02-22 00:00:00+00:00
[2026-02-19T08:06:07.909+0000] {processor.py:183} INFO - Processing /opt/airflow/dags/dl_overview.py took 0.110 seconds
[2026-02-19T08:06:38.222+0000] {processor.py:161} INFO - Started process (PID=567) to work on /opt/airflow/dags/dl_overview.py
[2026-02-19T08:06:38.223+0000] {processor.py:830} INFO - Processing file /opt/airflow/dags/dl_overview.py for tasks to queue
[2026-02-19T08:06:38.224+0000] {logging_mixin.py:188} INFO - [2026-02-19T08:06:38.223+0000] {dagbag.py:545} INFO - Filling up the DagBag from /opt/airflow/dags/dl_overview.py
[2026-02-19T08:06:38.253+0000] {processor.py:840} INFO - DAG(s) 'company_overview_to_minio' retrieved from /opt/airflow/dags/dl_overview.py
[2026-02-19T08:06:38.274+0000] {logging_mixin.py:188} INFO - [2026-02-19T08:06:38.274+0000] {dag.py:3089} INFO - Sync 1 DAGs
[2026-02-19T08:06:38.295+0000] {logging_mixin.py:188} INFO - [2026-02-19T08:06:38.295+0000] {dag.py:3947} INFO - Setting next_dagrun for company_overview_to_minio to 2026-02-15 00:00:00+00:00, run_after=2026-02-22 00:00:00+00:00
[2026-02-19T08:06:38.313+0000] {processor.py:183} INFO - Processing /opt/airflow/dags/dl_overview.py took 0.096 seconds
[2026-02-19T08:07:08.453+0000] {processor.py:161} INFO - Started process (PID=591) to work on /opt/airflow/dags/dl_overview.py
[2026-02-19T08:07:08.454+0000] {processor.py:830} INFO - Processing file /opt/airflow/dags/dl_overview.py for tasks to queue
[2026-02-19T08:07:08.455+0000] {logging_mixin.py:188} INFO - [2026-02-19T08:07:08.454+0000] {dagbag.py:545} INFO - Filling up the DagBag from /opt/airflow/dags/dl_overview.py
[2026-02-19T08:07:08.488+0000] {processor.py:840} INFO - DAG(s) 'company_overview_to_minio' retrieved from /opt/airflow/dags/dl_overview.py
[2026-02-19T08:07:08.513+0000] {logging_mixin.py:188} INFO - [2026-02-19T08:07:08.512+0000] {dag.py:3089} INFO - Sync 1 DAGs
[2026-02-19T08:07:08.540+0000] {logging_mixin.py:188} INFO - [2026-02-19T08:07:08.539+0000] {dag.py:3947} INFO - Setting next_dagrun for company_overview_to_minio to 2026-02-15 00:00:00+00:00, run_after=2026-02-22 00:00:00+00:00
[2026-02-19T08:07:08.558+0000] {processor.py:183} INFO - Processing /opt/airflow/dags/dl_overview.py took 0.111 seconds
[2026-02-19T08:07:39.357+0000] {processor.py:161} INFO - Started process (PID=615) to work on /opt/airflow/dags/dl_overview.py
[2026-02-19T08:07:39.358+0000] {processor.py:830} INFO - Processing file /opt/airflow/dags/dl_overview.py for tasks to queue
[2026-02-19T08:07:39.359+0000] {logging_mixin.py:188} INFO - [2026-02-19T08:07:39.359+0000] {dagbag.py:545} INFO - Filling up the DagBag from /opt/airflow/dags/dl_overview.py
[2026-02-19T08:07:39.397+0000] {processor.py:840} INFO - DAG(s) 'company_overview_to_minio' retrieved from /opt/airflow/dags/dl_overview.py
[2026-02-19T08:07:39.419+0000] {logging_mixin.py:188} INFO - [2026-02-19T08:07:39.419+0000] {dag.py:3089} INFO - Sync 1 DAGs
[2026-02-19T08:07:39.440+0000] {logging_mixin.py:188} INFO - [2026-02-19T08:07:39.440+0000] {dag.py:3947} INFO - Setting next_dagrun for company_overview_to_minio to 2026-02-15 00:00:00+00:00, run_after=2026-02-22 00:00:00+00:00
[2026-02-19T08:07:39.455+0000] {processor.py:183} INFO - Processing /opt/airflow/dags/dl_overview.py took 0.106 seconds
[2026-02-19T08:08:10.331+0000] {processor.py:161} INFO - Started process (PID=639) to work on /opt/airflow/dags/dl_overview.py
[2026-02-19T08:08:10.331+0000] {processor.py:830} INFO - Processing file /opt/airflow/dags/dl_overview.py for tasks to queue
[2026-02-19T08:08:10.332+0000] {logging_mixin.py:188} INFO - [2026-02-19T08:08:10.332+0000] {dagbag.py:545} INFO - Filling up the DagBag from /opt/airflow/dags/dl_overview.py
[2026-02-19T08:08:10.362+0000] {processor.py:840} INFO - DAG(s) 'company_overview_to_minio' retrieved from /opt/airflow/dags/dl_overview.py
[2026-02-19T08:08:10.395+0000] {logging_mixin.py:188} INFO - [2026-02-19T08:08:10.394+0000] {dag.py:3089} INFO - Sync 1 DAGs
[2026-02-19T08:08:10.425+0000] {logging_mixin.py:188} INFO - [2026-02-19T08:08:10.425+0000] {dag.py:3947} INFO - Setting next_dagrun for company_overview_to_minio to 2026-02-15 00:00:00+00:00, run_after=2026-02-22 00:00:00+00:00
[2026-02-19T08:08:10.452+0000] {processor.py:183} INFO - Processing /opt/airflow/dags/dl_overview.py took 0.126 seconds
[2026-02-19T08:08:41.033+0000] {processor.py:161} INFO - Started process (PID=664) to work on /opt/airflow/dags/dl_overview.py
[2026-02-19T08:08:41.034+0000] {processor.py:830} INFO - Processing file /opt/airflow/dags/dl_overview.py for tasks to queue
[2026-02-19T08:08:41.035+0000] {logging_mixin.py:188} INFO - [2026-02-19T08:08:41.034+0000] {dagbag.py:545} INFO - Filling up the DagBag from /opt/airflow/dags/dl_overview.py
[2026-02-19T08:08:41.066+0000] {processor.py:840} INFO - DAG(s) 'company_overview_to_minio' retrieved from /opt/airflow/dags/dl_overview.py
[2026-02-19T08:08:41.087+0000] {logging_mixin.py:188} INFO - [2026-02-19T08:08:41.087+0000] {dag.py:3089} INFO - Sync 1 DAGs
[2026-02-19T08:08:41.107+0000] {logging_mixin.py:188} INFO - [2026-02-19T08:08:41.107+0000] {dag.py:3947} INFO - Setting next_dagrun for company_overview_to_minio to 2026-02-15 00:00:00+00:00, run_after=2026-02-22 00:00:00+00:00
[2026-02-19T08:08:41.128+0000] {processor.py:183} INFO - Processing /opt/airflow/dags/dl_overview.py took 0.100 seconds
[2026-02-19T08:09:11.589+0000] {processor.py:161} INFO - Started process (PID=686) to work on /opt/airflow/dags/dl_overview.py
[2026-02-19T08:09:11.590+0000] {processor.py:830} INFO - Processing file /opt/airflow/dags/dl_overview.py for tasks to queue
[2026-02-19T08:09:11.591+0000] {logging_mixin.py:188} INFO - [2026-02-19T08:09:11.590+0000] {dagbag.py:545} INFO - Filling up the DagBag from /opt/airflow/dags/dl_overview.py
[2026-02-19T08:09:11.619+0000] {processor.py:840} INFO - DAG(s) 'company_overview_to_minio' retrieved from /opt/airflow/dags/dl_overview.py
[2026-02-19T08:09:11.640+0000] {logging_mixin.py:188} INFO - [2026-02-19T08:09:11.639+0000] {dag.py:3089} INFO - Sync 1 DAGs
[2026-02-19T08:09:11.659+0000] {logging_mixin.py:188} INFO - [2026-02-19T08:09:11.659+0000] {dag.py:3947} INFO - Setting next_dagrun for company_overview_to_minio to 2026-02-15 00:00:00+00:00, run_after=2026-02-22 00:00:00+00:00
[2026-02-19T08:09:11.675+0000] {processor.py:183} INFO - Processing /opt/airflow/dags/dl_overview.py took 0.091 seconds
[2026-02-19T08:09:42.128+0000] {processor.py:161} INFO - Started process (PID=710) to work on /opt/airflow/dags/dl_overview.py
[2026-02-19T08:09:42.129+0000] {processor.py:830} INFO - Processing file /opt/airflow/dags/dl_overview.py for tasks to queue
[2026-02-19T08:09:42.130+0000] {logging_mixin.py:188} INFO - [2026-02-19T08:09:42.129+0000] {dagbag.py:545} INFO - Filling up the DagBag from /opt/airflow/dags/dl_overview.py
[2026-02-19T08:09:42.169+0000] {processor.py:840} INFO - DAG(s) 'company_overview_to_minio' retrieved from /opt/airflow/dags/dl_overview.py
[2026-02-19T08:09:42.197+0000] {logging_mixin.py:188} INFO - [2026-02-19T08:09:42.197+0000] {dag.py:3089} INFO - Sync 1 DAGs
[2026-02-19T08:09:42.228+0000] {logging_mixin.py:188} INFO - [2026-02-19T08:09:42.228+0000] {dag.py:3947} INFO - Setting next_dagrun for company_overview_to_minio to 2026-02-15 00:00:00+00:00, run_after=2026-02-22 00:00:00+00:00
[2026-02-19T08:09:42.253+0000] {processor.py:183} INFO - Processing /opt/airflow/dags/dl_overview.py took 0.130 seconds
[2026-02-19T08:10:12.430+0000] {processor.py:161} INFO - Started process (PID=734) to work on /opt/airflow/dags/dl_overview.py
[2026-02-19T08:10:12.431+0000] {processor.py:830} INFO - Processing file /opt/airflow/dags/dl_overview.py for tasks to queue
[2026-02-19T08:10:12.432+0000] {logging_mixin.py:188} INFO - [2026-02-19T08:10:12.431+0000] {dagbag.py:545} INFO - Filling up the DagBag from /opt/airflow/dags/dl_overview.py
[2026-02-19T08:10:12.462+0000] {processor.py:840} INFO - DAG(s) 'company_overview_to_minio' retrieved from /opt/airflow/dags/dl_overview.py
[2026-02-19T08:10:12.483+0000] {logging_mixin.py:188} INFO - [2026-02-19T08:10:12.483+0000] {dag.py:3089} INFO - Sync 1 DAGs
[2026-02-19T08:10:12.502+0000] {logging_mixin.py:188} INFO - [2026-02-19T08:10:12.502+0000] {dag.py:3947} INFO - Setting next_dagrun for company_overview_to_minio to 2026-02-15 00:00:00+00:00, run_after=2026-02-22 00:00:00+00:00
[2026-02-19T08:10:12.518+0000] {processor.py:183} INFO - Processing /opt/airflow/dags/dl_overview.py took 0.093 seconds
[2026-02-19T08:10:42.978+0000] {processor.py:161} INFO - Started process (PID=758) to work on /opt/airflow/dags/dl_overview.py
[2026-02-19T08:10:42.979+0000] {processor.py:830} INFO - Processing file /opt/airflow/dags/dl_overview.py for tasks to queue
[2026-02-19T08:10:42.980+0000] {logging_mixin.py:188} INFO - [2026-02-19T08:10:42.979+0000] {dagbag.py:545} INFO - Filling up the DagBag from /opt/airflow/dags/dl_overview.py
[2026-02-19T08:10:43.008+0000] {processor.py:840} INFO - DAG(s) 'company_overview_to_minio' retrieved from /opt/airflow/dags/dl_overview.py
[2026-02-19T08:10:43.028+0000] {logging_mixin.py:188} INFO - [2026-02-19T08:10:43.028+0000] {dag.py:3089} INFO - Sync 1 DAGs
[2026-02-19T08:10:43.048+0000] {logging_mixin.py:188} INFO - [2026-02-19T08:10:43.048+0000] {dag.py:3947} INFO - Setting next_dagrun for company_overview_to_minio to 2026-02-15 00:00:00+00:00, run_after=2026-02-22 00:00:00+00:00
[2026-02-19T08:10:43.064+0000] {processor.py:183} INFO - Processing /opt/airflow/dags/dl_overview.py took 0.091 seconds
[2026-02-19T08:11:13.408+0000] {processor.py:161} INFO - Started process (PID=783) to work on /opt/airflow/dags/dl_overview.py
[2026-02-19T08:11:13.409+0000] {processor.py:830} INFO - Processing file /opt/airflow/dags/dl_overview.py for tasks to queue
[2026-02-19T08:11:13.409+0000] {logging_mixin.py:188} INFO - [2026-02-19T08:11:13.409+0000] {dagbag.py:545} INFO - Filling up the DagBag from /opt/airflow/dags/dl_overview.py
[2026-02-19T08:11:13.437+0000] {processor.py:840} INFO - DAG(s) 'company_overview_to_minio' retrieved from /opt/airflow/dags/dl_overview.py
[2026-02-19T08:11:13.458+0000] {logging_mixin.py:188} INFO - [2026-02-19T08:11:13.457+0000] {dag.py:3089} INFO - Sync 1 DAGs
[2026-02-19T08:11:13.476+0000] {logging_mixin.py:188} INFO - [2026-02-19T08:11:13.476+0000] {dag.py:3947} INFO - Setting next_dagrun for company_overview_to_minio to 2026-02-15 00:00:00+00:00, run_after=2026-02-22 00:00:00+00:00
[2026-02-19T08:11:13.492+0000] {processor.py:183} INFO - Processing /opt/airflow/dags/dl_overview.py took 0.089 seconds
[2026-02-19T08:11:44.550+0000] {processor.py:161} INFO - Started process (PID=807) to work on /opt/airflow/dags/dl_overview.py
[2026-02-19T08:11:44.551+0000] {processor.py:830} INFO - Processing file /opt/airflow/dags/dl_overview.py for tasks to queue
[2026-02-19T08:11:44.552+0000] {logging_mixin.py:188} INFO - [2026-02-19T08:11:44.551+0000] {dagbag.py:545} INFO - Filling up the DagBag from /opt/airflow/dags/dl_overview.py
[2026-02-19T08:11:44.581+0000] {processor.py:840} INFO - DAG(s) 'company_overview_to_minio' retrieved from /opt/airflow/dags/dl_overview.py
[2026-02-19T08:11:44.601+0000] {logging_mixin.py:188} INFO - [2026-02-19T08:11:44.601+0000] {dag.py:3089} INFO - Sync 1 DAGs
[2026-02-19T08:11:44.621+0000] {logging_mixin.py:188} INFO - [2026-02-19T08:11:44.620+0000] {dag.py:3947} INFO - Setting next_dagrun for company_overview_to_minio to 2026-02-15 00:00:00+00:00, run_after=2026-02-22 00:00:00+00:00
[2026-02-19T08:11:44.637+0000] {processor.py:183} INFO - Processing /opt/airflow/dags/dl_overview.py took 0.092 seconds
[2026-02-19T08:12:15.229+0000] {processor.py:161} INFO - Started process (PID=831) to work on /opt/airflow/dags/dl_overview.py
[2026-02-19T08:12:15.230+0000] {processor.py:830} INFO - Processing file /opt/airflow/dags/dl_overview.py for tasks to queue
[2026-02-19T08:12:15.231+0000] {logging_mixin.py:188} INFO - [2026-02-19T08:12:15.231+0000] {dagbag.py:545} INFO - Filling up the DagBag from /opt/airflow/dags/dl_overview.py
[2026-02-19T08:12:15.261+0000] {processor.py:840} INFO - DAG(s) 'company_overview_to_minio' retrieved from /opt/airflow/dags/dl_overview.py
[2026-02-19T08:12:15.282+0000] {logging_mixin.py:188} INFO - [2026-02-19T08:12:15.282+0000] {dag.py:3089} INFO - Sync 1 DAGs
[2026-02-19T08:12:15.302+0000] {logging_mixin.py:188} INFO - [2026-02-19T08:12:15.301+0000] {dag.py:3947} INFO - Setting next_dagrun for company_overview_to_minio to 2026-02-15 00:00:00+00:00, run_after=2026-02-22 00:00:00+00:00
[2026-02-19T08:12:15.320+0000] {processor.py:183} INFO - Processing /opt/airflow/dags/dl_overview.py took 0.096 seconds
[2026-02-19T08:12:45.773+0000] {processor.py:161} INFO - Started process (PID=855) to work on /opt/airflow/dags/dl_overview.py
[2026-02-19T08:12:45.774+0000] {processor.py:830} INFO - Processing file /opt/airflow/dags/dl_overview.py for tasks to queue
[2026-02-19T08:12:45.775+0000] {logging_mixin.py:188} INFO - [2026-02-19T08:12:45.774+0000] {dagbag.py:545} INFO - Filling up the DagBag from /opt/airflow/dags/dl_overview.py
[2026-02-19T08:12:45.808+0000] {processor.py:840} INFO - DAG(s) 'company_overview_to_minio' retrieved from /opt/airflow/dags/dl_overview.py
[2026-02-19T08:12:45.833+0000] {logging_mixin.py:188} INFO - [2026-02-19T08:12:45.833+0000] {dag.py:3089} INFO - Sync 1 DAGs
[2026-02-19T08:12:45.867+0000] {logging_mixin.py:188} INFO - [2026-02-19T08:12:45.867+0000] {dag.py:3947} INFO - Setting next_dagrun for company_overview_to_minio to 2026-02-15 00:00:00+00:00, run_after=2026-02-22 00:00:00+00:00
[2026-02-19T08:12:45.896+0000] {processor.py:183} INFO - Processing /opt/airflow/dags/dl_overview.py took 0.128 seconds
[2026-02-19T08:13:19.756+0000] {processor.py:161} INFO - Started process (PID=911) to work on /opt/airflow/dags/dl_overview.py
[2026-02-19T08:13:19.758+0000] {processor.py:830} INFO - Processing file /opt/airflow/dags/dl_overview.py for tasks to queue
[2026-02-19T08:13:19.759+0000] {logging_mixin.py:188} INFO - [2026-02-19T08:13:19.759+0000] {dagbag.py:545} INFO - Filling up the DagBag from /opt/airflow/dags/dl_overview.py
[2026-02-19T08:13:19.826+0000] {processor.py:840} INFO - DAG(s) 'company_overview_to_minio' retrieved from /opt/airflow/dags/dl_overview.py
[2026-02-19T08:13:19.878+0000] {logging_mixin.py:188} INFO - [2026-02-19T08:13:19.877+0000] {dag.py:3089} INFO - Sync 1 DAGs
[2026-02-19T08:13:19.924+0000] {logging_mixin.py:188} INFO - [2026-02-19T08:13:19.924+0000] {dag.py:3947} INFO - Setting next_dagrun for company_overview_to_minio to 2026-02-15 00:00:00+00:00, run_after=2026-02-22 00:00:00+00:00
[2026-02-19T08:13:19.959+0000] {processor.py:183} INFO - Processing /opt/airflow/dags/dl_overview.py took 0.213 seconds
[2026-02-19T08:13:50.189+0000] {processor.py:161} INFO - Started process (PID=935) to work on /opt/airflow/dags/dl_overview.py
[2026-02-19T08:13:50.190+0000] {processor.py:830} INFO - Processing file /opt/airflow/dags/dl_overview.py for tasks to queue
[2026-02-19T08:13:50.192+0000] {logging_mixin.py:188} INFO - [2026-02-19T08:13:50.191+0000] {dagbag.py:545} INFO - Filling up the DagBag from /opt/airflow/dags/dl_overview.py
[2026-02-19T08:13:50.246+0000] {processor.py:840} INFO - DAG(s) 'company_overview_to_minio' retrieved from /opt/airflow/dags/dl_overview.py
[2026-02-19T08:13:50.283+0000] {logging_mixin.py:188} INFO - [2026-02-19T08:13:50.282+0000] {dag.py:3089} INFO - Sync 1 DAGs
[2026-02-19T08:13:50.317+0000] {logging_mixin.py:188} INFO - [2026-02-19T08:13:50.317+0000] {dag.py:3947} INFO - Setting next_dagrun for company_overview_to_minio to 2026-02-15 00:00:00+00:00, run_after=2026-02-22 00:00:00+00:00
[2026-02-19T08:13:50.350+0000] {processor.py:183} INFO - Processing /opt/airflow/dags/dl_overview.py took 0.169 seconds
[2026-02-19T08:14:20.594+0000] {processor.py:161} INFO - Started process (PID=958) to work on /opt/airflow/dags/dl_overview.py
[2026-02-19T08:14:20.595+0000] {processor.py:830} INFO - Processing file /opt/airflow/dags/dl_overview.py for tasks to queue
[2026-02-19T08:14:20.596+0000] {logging_mixin.py:188} INFO - [2026-02-19T08:14:20.596+0000] {dagbag.py:545} INFO - Filling up the DagBag from /opt/airflow/dags/dl_overview.py
[2026-02-19T08:14:20.654+0000] {processor.py:840} INFO - DAG(s) 'company_overview_to_minio' retrieved from /opt/airflow/dags/dl_overview.py
[2026-02-19T08:14:20.694+0000] {logging_mixin.py:188} INFO - [2026-02-19T08:14:20.694+0000] {dag.py:3089} INFO - Sync 1 DAGs
[2026-02-19T08:14:20.736+0000] {logging_mixin.py:188} INFO - [2026-02-19T08:14:20.735+0000] {dag.py:3947} INFO - Setting next_dagrun for company_overview_to_minio to 2026-02-15 00:00:00+00:00, run_after=2026-02-22 00:00:00+00:00
[2026-02-19T08:14:20.771+0000] {processor.py:183} INFO - Processing /opt/airflow/dags/dl_overview.py took 0.189 seconds
[2026-02-19T08:14:50.926+0000] {processor.py:161} INFO - Started process (PID=983) to work on /opt/airflow/dags/dl_overview.py
[2026-02-19T08:14:50.927+0000] {processor.py:830} INFO - Processing file /opt/airflow/dags/dl_overview.py for tasks to queue
[2026-02-19T08:14:50.928+0000] {logging_mixin.py:188} INFO - [2026-02-19T08:14:50.928+0000] {dagbag.py:545} INFO - Filling up the DagBag from /opt/airflow/dags/dl_overview.py
[2026-02-19T08:14:50.983+0000] {processor.py:840} INFO - DAG(s) 'company_overview_to_minio' retrieved from /opt/airflow/dags/dl_overview.py
[2026-02-19T08:14:51.038+0000] {logging_mixin.py:188} INFO - [2026-02-19T08:14:51.037+0000] {dag.py:3089} INFO - Sync 1 DAGs
[2026-02-19T08:14:51.108+0000] {logging_mixin.py:188} INFO - [2026-02-19T08:14:51.107+0000] {dag.py:3947} INFO - Setting next_dagrun for company_overview_to_minio to 2026-02-15 00:00:00+00:00, run_after=2026-02-22 00:00:00+00:00
[2026-02-19T08:14:51.174+0000] {processor.py:183} INFO - Processing /opt/airflow/dags/dl_overview.py took 0.258 seconds
[2026-02-19T08:15:22.000+0000] {processor.py:161} INFO - Started process (PID=1008) to work on /opt/airflow/dags/dl_overview.py
[2026-02-19T08:15:22.001+0000] {processor.py:830} INFO - Processing file /opt/airflow/dags/dl_overview.py for tasks to queue
[2026-02-19T08:15:22.002+0000] {logging_mixin.py:188} INFO - [2026-02-19T08:15:22.001+0000] {dagbag.py:545} INFO - Filling up the DagBag from /opt/airflow/dags/dl_overview.py
[2026-02-19T08:15:22.046+0000] {processor.py:840} INFO - DAG(s) 'company_overview_to_minio' retrieved from /opt/airflow/dags/dl_overview.py
[2026-02-19T08:15:22.075+0000] {logging_mixin.py:188} INFO - [2026-02-19T08:15:22.074+0000] {dag.py:3089} INFO - Sync 1 DAGs
[2026-02-19T08:15:22.101+0000] {logging_mixin.py:188} INFO - [2026-02-19T08:15:22.100+0000] {dag.py:3947} INFO - Setting next_dagrun for company_overview_to_minio to 2026-02-15 00:00:00+00:00, run_after=2026-02-22 00:00:00+00:00
[2026-02-19T08:15:22.125+0000] {processor.py:183} INFO - Processing /opt/airflow/dags/dl_overview.py took 0.132 seconds
[2026-02-19T08:15:52.739+0000] {processor.py:161} INFO - Started process (PID=1030) to work on /opt/airflow/dags/dl_overview.py
[2026-02-19T08:15:52.740+0000] {processor.py:830} INFO - Processing file /opt/airflow/dags/dl_overview.py for tasks to queue
[2026-02-19T08:15:52.742+0000] {logging_mixin.py:188} INFO - [2026-02-19T08:15:52.742+0000] {dagbag.py:545} INFO - Filling up the DagBag from /opt/airflow/dags/dl_overview.py
[2026-02-19T08:15:52.795+0000] {processor.py:840} INFO - DAG(s) 'company_overview_to_minio' retrieved from /opt/airflow/dags/dl_overview.py
[2026-02-19T08:15:52.828+0000] {logging_mixin.py:188} INFO - [2026-02-19T08:15:52.828+0000] {dag.py:3089} INFO - Sync 1 DAGs
[2026-02-19T08:15:52.861+0000] {logging_mixin.py:188} INFO - [2026-02-19T08:15:52.860+0000] {dag.py:3947} INFO - Setting next_dagrun for company_overview_to_minio to 2026-02-15 00:00:00+00:00, run_after=2026-02-22 00:00:00+00:00
[2026-02-19T08:15:52.890+0000] {processor.py:183} INFO - Processing /opt/airflow/dags/dl_overview.py took 0.163 seconds
[2026-02-19T08:16:24.770+0000] {processor.py:161} INFO - Started process (PID=1055) to work on /opt/airflow/dags/dl_overview.py
[2026-02-19T08:16:24.770+0000] {processor.py:830} INFO - Processing file /opt/airflow/dags/dl_overview.py for tasks to queue
[2026-02-19T08:16:24.772+0000] {logging_mixin.py:188} INFO - [2026-02-19T08:16:24.771+0000] {dagbag.py:545} INFO - Filling up the DagBag from /opt/airflow/dags/dl_overview.py
[2026-02-19T08:16:24.813+0000] {processor.py:840} INFO - DAG(s) 'company_overview_to_minio' retrieved from /opt/airflow/dags/dl_overview.py
[2026-02-19T08:16:24.841+0000] {logging_mixin.py:188} INFO - [2026-02-19T08:16:24.840+0000] {dag.py:3089} INFO - Sync 1 DAGs
[2026-02-19T08:16:24.870+0000] {logging_mixin.py:188} INFO - [2026-02-19T08:16:24.869+0000] {dag.py:3947} INFO - Setting next_dagrun for company_overview_to_minio to 2026-02-15 00:00:00+00:00, run_after=2026-02-22 00:00:00+00:00
[2026-02-19T08:16:24.899+0000] {processor.py:183} INFO - Processing /opt/airflow/dags/dl_overview.py took 0.137 seconds
[2026-02-19T08:16:55.354+0000] {processor.py:161} INFO - Started process (PID=1086) to work on /opt/airflow/dags/dl_overview.py
[2026-02-19T08:16:55.355+0000] {processor.py:830} INFO - Processing file /opt/airflow/dags/dl_overview.py for tasks to queue
[2026-02-19T08:16:55.356+0000] {logging_mixin.py:188} INFO - [2026-02-19T08:16:55.356+0000] {dagbag.py:545} INFO - Filling up the DagBag from /opt/airflow/dags/dl_overview.py
[2026-02-19T08:16:55.412+0000] {processor.py:840} INFO - DAG(s) 'company_overview_to_minio' retrieved from /opt/airflow/dags/dl_overview.py
[2026-02-19T08:16:55.454+0000] {logging_mixin.py:188} INFO - [2026-02-19T08:16:55.454+0000] {dag.py:3089} INFO - Sync 1 DAGs
[2026-02-19T08:16:55.489+0000] {logging_mixin.py:188} INFO - [2026-02-19T08:16:55.489+0000] {dag.py:3947} INFO - Setting next_dagrun for company_overview_to_minio to 2026-02-15 00:00:00+00:00, run_after=2026-02-22 00:00:00+00:00
[2026-02-19T08:16:55.525+0000] {processor.py:183} INFO - Processing /opt/airflow/dags/dl_overview.py took 0.179 seconds
[2026-02-19T08:17:26.103+0000] {processor.py:161} INFO - Started process (PID=1111) to work on /opt/airflow/dags/dl_overview.py
[2026-02-19T08:17:26.104+0000] {processor.py:830} INFO - Processing file /opt/airflow/dags/dl_overview.py for tasks to queue
[2026-02-19T08:17:26.105+0000] {logging_mixin.py:188} INFO - [2026-02-19T08:17:26.105+0000] {dagbag.py:545} INFO - Filling up the DagBag from /opt/airflow/dags/dl_overview.py
[2026-02-19T08:17:26.160+0000] {processor.py:840} INFO - DAG(s) 'company_overview_to_minio' retrieved from /opt/airflow/dags/dl_overview.py
[2026-02-19T08:17:26.204+0000] {logging_mixin.py:188} INFO - [2026-02-19T08:17:26.203+0000] {dag.py:3089} INFO - Sync 1 DAGs
[2026-02-19T08:17:26.242+0000] {logging_mixin.py:188} INFO - [2026-02-19T08:17:26.242+0000] {dag.py:3947} INFO - Setting next_dagrun for company_overview_to_minio to 2026-02-15 00:00:00+00:00, run_after=2026-02-22 00:00:00+00:00
[2026-02-19T08:17:26.274+0000] {processor.py:183} INFO - Processing /opt/airflow/dags/dl_overview.py took 0.179 seconds
[2026-02-19T08:17:57.059+0000] {processor.py:161} INFO - Started process (PID=1136) to work on /opt/airflow/dags/dl_overview.py
[2026-02-19T08:17:57.061+0000] {processor.py:830} INFO - Processing file /opt/airflow/dags/dl_overview.py for tasks to queue
[2026-02-19T08:17:57.063+0000] {logging_mixin.py:188} INFO - [2026-02-19T08:17:57.062+0000] {dagbag.py:545} INFO - Filling up the DagBag from /opt/airflow/dags/dl_overview.py
[2026-02-19T08:17:57.131+0000] {processor.py:840} INFO - DAG(s) 'company_overview_to_minio' retrieved from /opt/airflow/dags/dl_overview.py
[2026-02-19T08:17:57.175+0000] {logging_mixin.py:188} INFO - [2026-02-19T08:17:57.174+0000] {dag.py:3089} INFO - Sync 1 DAGs
[2026-02-19T08:17:57.222+0000] {logging_mixin.py:188} INFO - [2026-02-19T08:17:57.221+0000] {dag.py:3947} INFO - Setting next_dagrun for company_overview_to_minio to 2026-02-15 00:00:00+00:00, run_after=2026-02-22 00:00:00+00:00
[2026-02-19T08:17:57.262+0000] {processor.py:183} INFO - Processing /opt/airflow/dags/dl_overview.py took 0.214 seconds
[2026-02-19T08:18:27.668+0000] {processor.py:161} INFO - Started process (PID=1158) to work on /opt/airflow/dags/dl_overview.py
[2026-02-19T08:18:27.668+0000] {processor.py:830} INFO - Processing file /opt/airflow/dags/dl_overview.py for tasks to queue
[2026-02-19T08:18:27.669+0000] {logging_mixin.py:188} INFO - [2026-02-19T08:18:27.669+0000] {dagbag.py:545} INFO - Filling up the DagBag from /opt/airflow/dags/dl_overview.py
[2026-02-19T08:18:27.709+0000] {processor.py:840} INFO - DAG(s) 'company_overview_to_minio' retrieved from /opt/airflow/dags/dl_overview.py
[2026-02-19T08:18:27.742+0000] {logging_mixin.py:188} INFO - [2026-02-19T08:18:27.742+0000] {dag.py:3089} INFO - Sync 1 DAGs
[2026-02-19T08:18:27.775+0000] {logging_mixin.py:188} INFO - [2026-02-19T08:18:27.775+0000] {dag.py:3947} INFO - Setting next_dagrun for company_overview_to_minio to 2026-02-15 00:00:00+00:00, run_after=2026-02-22 00:00:00+00:00
[2026-02-19T08:18:27.805+0000] {processor.py:183} INFO - Processing /opt/airflow/dags/dl_overview.py took 0.144 seconds
[2026-02-19T08:18:58.147+0000] {processor.py:161} INFO - Started process (PID=1193) to work on /opt/airflow/dags/dl_overview.py
[2026-02-19T08:18:58.147+0000] {processor.py:830} INFO - Processing file /opt/airflow/dags/dl_overview.py for tasks to queue
[2026-02-19T08:18:58.149+0000] {logging_mixin.py:188} INFO - [2026-02-19T08:18:58.148+0000] {dagbag.py:545} INFO - Filling up the DagBag from /opt/airflow/dags/dl_overview.py
[2026-02-19T08:18:58.187+0000] {processor.py:840} INFO - DAG(s) 'company_overview_to_minio' retrieved from /opt/airflow/dags/dl_overview.py
[2026-02-19T08:18:58.214+0000] {logging_mixin.py:188} INFO - [2026-02-19T08:18:58.214+0000] {dag.py:3089} INFO - Sync 1 DAGs
[2026-02-19T08:18:58.238+0000] {logging_mixin.py:188} INFO - [2026-02-19T08:18:58.238+0000] {dag.py:3947} INFO - Setting next_dagrun for company_overview_to_minio to 2026-02-15 00:00:00+00:00, run_after=2026-02-22 00:00:00+00:00
[2026-02-19T08:18:58.260+0000] {processor.py:183} INFO - Processing /opt/airflow/dags/dl_overview.py took 0.118 seconds
[2026-02-19T08:19:28.852+0000] {processor.py:161} INFO - Started process (PID=1218) to work on /opt/airflow/dags/dl_overview.py
[2026-02-19T08:19:28.853+0000] {processor.py:830} INFO - Processing file /opt/airflow/dags/dl_overview.py for tasks to queue
[2026-02-19T08:19:28.854+0000] {logging_mixin.py:188} INFO - [2026-02-19T08:19:28.854+0000] {dagbag.py:545} INFO - Filling up the DagBag from /opt/airflow/dags/dl_overview.py
[2026-02-19T08:19:28.924+0000] {processor.py:840} INFO - DAG(s) 'company_overview_to_minio' retrieved from /opt/airflow/dags/dl_overview.py
[2026-02-19T08:19:28.974+0000] {logging_mixin.py:188} INFO - [2026-02-19T08:19:28.973+0000] {dag.py:3089} INFO - Sync 1 DAGs
[2026-02-19T08:19:29.019+0000] {logging_mixin.py:188} INFO - [2026-02-19T08:19:29.019+0000] {dag.py:3947} INFO - Setting next_dagrun for company_overview_to_minio to 2026-02-15 00:00:00+00:00, run_after=2026-02-22 00:00:00+00:00
[2026-02-19T08:19:29.051+0000] {processor.py:183} INFO - Processing /opt/airflow/dags/dl_overview.py took 0.207 seconds
[2026-02-19T08:19:59.301+0000] {processor.py:161} INFO - Started process (PID=1243) to work on /opt/airflow/dags/dl_overview.py
[2026-02-19T08:19:59.301+0000] {processor.py:830} INFO - Processing file /opt/airflow/dags/dl_overview.py for tasks to queue
[2026-02-19T08:19:59.303+0000] {logging_mixin.py:188} INFO - [2026-02-19T08:19:59.302+0000] {dagbag.py:545} INFO - Filling up the DagBag from /opt/airflow/dags/dl_overview.py
[2026-02-19T08:19:59.341+0000] {processor.py:840} INFO - DAG(s) 'company_overview_to_minio' retrieved from /opt/airflow/dags/dl_overview.py
[2026-02-19T08:19:59.378+0000] {logging_mixin.py:188} INFO - [2026-02-19T08:19:59.377+0000] {dag.py:3089} INFO - Sync 1 DAGs
[2026-02-19T08:19:59.409+0000] {logging_mixin.py:188} INFO - [2026-02-19T08:19:59.409+0000] {dag.py:3947} INFO - Setting next_dagrun for company_overview_to_minio to 2026-02-15 00:00:00+00:00, run_after=2026-02-22 00:00:00+00:00
[2026-02-19T08:19:59.435+0000] {processor.py:183} INFO - Processing /opt/airflow/dags/dl_overview.py took 0.141 seconds
[2026-02-19T08:20:29.891+0000] {processor.py:161} INFO - Started process (PID=1266) to work on /opt/airflow/dags/dl_overview.py
[2026-02-19T08:20:29.892+0000] {processor.py:830} INFO - Processing file /opt/airflow/dags/dl_overview.py for tasks to queue
[2026-02-19T08:20:29.893+0000] {logging_mixin.py:188} INFO - [2026-02-19T08:20:29.892+0000] {dagbag.py:545} INFO - Filling up the DagBag from /opt/airflow/dags/dl_overview.py
[2026-02-19T08:20:29.922+0000] {processor.py:840} INFO - DAG(s) 'company_overview_to_minio' retrieved from /opt/airflow/dags/dl_overview.py
[2026-02-19T08:20:29.949+0000] {logging_mixin.py:188} INFO - [2026-02-19T08:20:29.948+0000] {dag.py:3089} INFO - Sync 1 DAGs
[2026-02-19T08:20:29.973+0000] {logging_mixin.py:188} INFO - [2026-02-19T08:20:29.973+0000] {dag.py:3947} INFO - Setting next_dagrun for company_overview_to_minio to 2026-02-15 00:00:00+00:00, run_after=2026-02-22 00:00:00+00:00
[2026-02-19T08:20:30.203+0000] {processor.py:183} INFO - Processing /opt/airflow/dags/dl_overview.py took 0.318 seconds
[2026-02-19T08:21:00.820+0000] {processor.py:161} INFO - Started process (PID=1290) to work on /opt/airflow/dags/dl_overview.py
[2026-02-19T08:21:00.821+0000] {processor.py:830} INFO - Processing file /opt/airflow/dags/dl_overview.py for tasks to queue
[2026-02-19T08:21:00.821+0000] {logging_mixin.py:188} INFO - [2026-02-19T08:21:00.821+0000] {dagbag.py:545} INFO - Filling up the DagBag from /opt/airflow/dags/dl_overview.py
[2026-02-19T08:21:00.860+0000] {processor.py:840} INFO - DAG(s) 'company_overview_to_minio' retrieved from /opt/airflow/dags/dl_overview.py
[2026-02-19T08:21:00.889+0000] {logging_mixin.py:188} INFO - [2026-02-19T08:21:00.888+0000] {dag.py:3089} INFO - Sync 1 DAGs
[2026-02-19T08:21:00.910+0000] {logging_mixin.py:188} INFO - [2026-02-19T08:21:00.910+0000] {dag.py:3947} INFO - Setting next_dagrun for company_overview_to_minio to 2026-02-15 00:00:00+00:00, run_after=2026-02-22 00:00:00+00:00
[2026-02-19T08:21:00.933+0000] {processor.py:183} INFO - Processing /opt/airflow/dags/dl_overview.py took 0.120 seconds
[2026-02-19T08:21:31.431+0000] {processor.py:161} INFO - Started process (PID=1315) to work on /opt/airflow/dags/dl_overview.py
[2026-02-19T08:21:31.432+0000] {processor.py:830} INFO - Processing file /opt/airflow/dags/dl_overview.py for tasks to queue
[2026-02-19T08:21:31.433+0000] {logging_mixin.py:188} INFO - [2026-02-19T08:21:31.433+0000] {dagbag.py:545} INFO - Filling up the DagBag from /opt/airflow/dags/dl_overview.py
[2026-02-19T08:21:31.480+0000] {processor.py:840} INFO - DAG(s) 'company_overview_to_minio' retrieved from /opt/airflow/dags/dl_overview.py
[2026-02-19T08:21:31.511+0000] {logging_mixin.py:188} INFO - [2026-02-19T08:21:31.511+0000] {dag.py:3089} INFO - Sync 1 DAGs
[2026-02-19T08:21:31.543+0000] {logging_mixin.py:188} INFO - [2026-02-19T08:21:31.542+0000] {dag.py:3947} INFO - Setting next_dagrun for company_overview_to_minio to 2026-02-15 00:00:00+00:00, run_after=2026-02-22 00:00:00+00:00
[2026-02-19T08:21:31.567+0000] {processor.py:183} INFO - Processing /opt/airflow/dags/dl_overview.py took 0.142 seconds
[2026-02-19T08:22:02.541+0000] {processor.py:161} INFO - Started process (PID=1337) to work on /opt/airflow/dags/dl_overview.py
[2026-02-19T08:22:02.542+0000] {processor.py:830} INFO - Processing file /opt/airflow/dags/dl_overview.py for tasks to queue
[2026-02-19T08:22:02.544+0000] {logging_mixin.py:188} INFO - [2026-02-19T08:22:02.543+0000] {dagbag.py:545} INFO - Filling up the DagBag from /opt/airflow/dags/dl_overview.py
[2026-02-19T08:22:02.605+0000] {processor.py:840} INFO - DAG(s) 'company_overview_to_minio' retrieved from /opt/airflow/dags/dl_overview.py
[2026-02-19T08:22:02.638+0000] {logging_mixin.py:188} INFO - [2026-02-19T08:22:02.638+0000] {dag.py:3089} INFO - Sync 1 DAGs
[2026-02-19T08:22:02.670+0000] {logging_mixin.py:188} INFO - [2026-02-19T08:22:02.670+0000] {dag.py:3947} INFO - Setting next_dagrun for company_overview_to_minio to 2026-02-15 00:00:00+00:00, run_after=2026-02-22 00:00:00+00:00
[2026-02-19T08:22:02.976+0000] {processor.py:183} INFO - Processing /opt/airflow/dags/dl_overview.py took 0.443 seconds
[2026-02-19T08:22:33.106+0000] {processor.py:161} INFO - Started process (PID=1359) to work on /opt/airflow/dags/dl_overview.py
[2026-02-19T08:22:33.107+0000] {processor.py:830} INFO - Processing file /opt/airflow/dags/dl_overview.py for tasks to queue
[2026-02-19T08:22:33.108+0000] {logging_mixin.py:188} INFO - [2026-02-19T08:22:33.108+0000] {dagbag.py:545} INFO - Filling up the DagBag from /opt/airflow/dags/dl_overview.py
[2026-02-19T08:22:33.141+0000] {processor.py:840} INFO - DAG(s) 'company_overview_to_minio' retrieved from /opt/airflow/dags/dl_overview.py
[2026-02-19T08:22:33.162+0000] {logging_mixin.py:188} INFO - [2026-02-19T08:22:33.161+0000] {dag.py:3089} INFO - Sync 1 DAGs
[2026-02-19T08:22:33.184+0000] {logging_mixin.py:188} INFO - [2026-02-19T08:22:33.184+0000] {dag.py:3947} INFO - Setting next_dagrun for company_overview_to_minio to 2026-02-15 00:00:00+00:00, run_after=2026-02-22 00:00:00+00:00
[2026-02-19T08:22:33.202+0000] {processor.py:183} INFO - Processing /opt/airflow/dags/dl_overview.py took 0.101 seconds
[2026-02-19T08:23:03.709+0000] {processor.py:161} INFO - Started process (PID=1381) to work on /opt/airflow/dags/dl_overview.py
[2026-02-19T08:23:03.710+0000] {processor.py:830} INFO - Processing file /opt/airflow/dags/dl_overview.py for tasks to queue
[2026-02-19T08:23:03.711+0000] {logging_mixin.py:188} INFO - [2026-02-19T08:23:03.711+0000] {dagbag.py:545} INFO - Filling up the DagBag from /opt/airflow/dags/dl_overview.py
[2026-02-19T08:23:03.751+0000] {processor.py:840} INFO - DAG(s) 'company_overview_to_minio' retrieved from /opt/airflow/dags/dl_overview.py
[2026-02-19T08:23:03.776+0000] {logging_mixin.py:188} INFO - [2026-02-19T08:23:03.775+0000] {dag.py:3089} INFO - Sync 1 DAGs
[2026-02-19T08:23:04.035+0000] {logging_mixin.py:188} INFO - [2026-02-19T08:23:04.035+0000] {dag.py:3947} INFO - Setting next_dagrun for company_overview_to_minio to 2026-02-15 00:00:00+00:00, run_after=2026-02-22 00:00:00+00:00
[2026-02-19T08:23:04.053+0000] {processor.py:183} INFO - Processing /opt/airflow/dags/dl_overview.py took 0.351 seconds
[2026-02-19T08:23:34.365+0000] {processor.py:161} INFO - Started process (PID=1403) to work on /opt/airflow/dags/dl_overview.py
[2026-02-19T08:23:34.366+0000] {processor.py:830} INFO - Processing file /opt/airflow/dags/dl_overview.py for tasks to queue
[2026-02-19T08:23:34.367+0000] {logging_mixin.py:188} INFO - [2026-02-19T08:23:34.366+0000] {dagbag.py:545} INFO - Filling up the DagBag from /opt/airflow/dags/dl_overview.py
[2026-02-19T08:23:34.397+0000] {processor.py:840} INFO - DAG(s) 'company_overview_to_minio' retrieved from /opt/airflow/dags/dl_overview.py
[2026-02-19T08:23:34.418+0000] {logging_mixin.py:188} INFO - [2026-02-19T08:23:34.417+0000] {dag.py:3089} INFO - Sync 1 DAGs
[2026-02-19T08:23:34.436+0000] {logging_mixin.py:188} INFO - [2026-02-19T08:23:34.436+0000] {dag.py:3947} INFO - Setting next_dagrun for company_overview_to_minio to 2026-02-15 00:00:00+00:00, run_after=2026-02-22 00:00:00+00:00
[2026-02-19T08:23:34.460+0000] {processor.py:183} INFO - Processing /opt/airflow/dags/dl_overview.py took 0.099 seconds
[2026-02-19T08:24:04.747+0000] {processor.py:161} INFO - Started process (PID=1425) to work on /opt/airflow/dags/dl_overview.py
[2026-02-19T08:24:04.747+0000] {processor.py:830} INFO - Processing file /opt/airflow/dags/dl_overview.py for tasks to queue
[2026-02-19T08:24:04.748+0000] {logging_mixin.py:188} INFO - [2026-02-19T08:24:04.748+0000] {dagbag.py:545} INFO - Filling up the DagBag from /opt/airflow/dags/dl_overview.py
[2026-02-19T08:24:04.788+0000] {processor.py:840} INFO - DAG(s) 'company_overview_to_minio' retrieved from /opt/airflow/dags/dl_overview.py
[2026-02-19T08:24:05.033+0000] {logging_mixin.py:188} INFO - [2026-02-19T08:24:05.033+0000] {dag.py:3089} INFO - Sync 1 DAGs
[2026-02-19T08:24:05.055+0000] {logging_mixin.py:188} INFO - [2026-02-19T08:24:05.055+0000] {dag.py:3947} INFO - Setting next_dagrun for company_overview_to_minio to 2026-02-15 00:00:00+00:00, run_after=2026-02-22 00:00:00+00:00
[2026-02-19T08:24:05.076+0000] {processor.py:183} INFO - Processing /opt/airflow/dags/dl_overview.py took 0.334 seconds
[2026-02-19T08:24:35.560+0000] {processor.py:161} INFO - Started process (PID=1447) to work on /opt/airflow/dags/dl_overview.py
[2026-02-19T08:24:35.561+0000] {processor.py:830} INFO - Processing file /opt/airflow/dags/dl_overview.py for tasks to queue
[2026-02-19T08:24:35.562+0000] {logging_mixin.py:188} INFO - [2026-02-19T08:24:35.562+0000] {dagbag.py:545} INFO - Filling up the DagBag from /opt/airflow/dags/dl_overview.py
[2026-02-19T08:24:35.601+0000] {processor.py:840} INFO - DAG(s) 'company_overview_to_minio' retrieved from /opt/airflow/dags/dl_overview.py
[2026-02-19T08:24:35.626+0000] {logging_mixin.py:188} INFO - [2026-02-19T08:24:35.626+0000] {dag.py:3089} INFO - Sync 1 DAGs
[2026-02-19T08:24:35.655+0000] {logging_mixin.py:188} INFO - [2026-02-19T08:24:35.655+0000] {dag.py:3947} INFO - Setting next_dagrun for company_overview_to_minio to 2026-02-15 00:00:00+00:00, run_after=2026-02-22 00:00:00+00:00
[2026-02-19T08:24:35.676+0000] {processor.py:183} INFO - Processing /opt/airflow/dags/dl_overview.py took 0.122 seconds
[2026-02-19T08:25:06.109+0000] {processor.py:161} INFO - Started process (PID=1469) to work on /opt/airflow/dags/dl_overview.py
[2026-02-19T08:25:06.109+0000] {processor.py:830} INFO - Processing file /opt/airflow/dags/dl_overview.py for tasks to queue
[2026-02-19T08:25:06.110+0000] {logging_mixin.py:188} INFO - [2026-02-19T08:25:06.110+0000] {dagbag.py:545} INFO - Filling up the DagBag from /opt/airflow/dags/dl_overview.py
[2026-02-19T08:25:06.148+0000] {processor.py:840} INFO - DAG(s) 'company_overview_to_minio' retrieved from /opt/airflow/dags/dl_overview.py
[2026-02-19T08:25:06.176+0000] {logging_mixin.py:188} INFO - [2026-02-19T08:25:06.175+0000] {dag.py:3089} INFO - Sync 1 DAGs
[2026-02-19T08:25:06.199+0000] {logging_mixin.py:188} INFO - [2026-02-19T08:25:06.198+0000] {dag.py:3947} INFO - Setting next_dagrun for company_overview_to_minio to 2026-02-15 00:00:00+00:00, run_after=2026-02-22 00:00:00+00:00
[2026-02-19T08:25:06.218+0000] {processor.py:183} INFO - Processing /opt/airflow/dags/dl_overview.py took 0.115 seconds
[2026-02-19T08:25:37.056+0000] {processor.py:161} INFO - Started process (PID=1491) to work on /opt/airflow/dags/dl_overview.py
[2026-02-19T08:25:37.057+0000] {processor.py:830} INFO - Processing file /opt/airflow/dags/dl_overview.py for tasks to queue
[2026-02-19T08:25:37.058+0000] {logging_mixin.py:188} INFO - [2026-02-19T08:25:37.057+0000] {dagbag.py:545} INFO - Filling up the DagBag from /opt/airflow/dags/dl_overview.py
[2026-02-19T08:25:37.086+0000] {processor.py:840} INFO - DAG(s) 'company_overview_to_minio' retrieved from /opt/airflow/dags/dl_overview.py
[2026-02-19T08:25:37.107+0000] {logging_mixin.py:188} INFO - [2026-02-19T08:25:37.107+0000] {dag.py:3089} INFO - Sync 1 DAGs
[2026-02-19T08:25:37.127+0000] {logging_mixin.py:188} INFO - [2026-02-19T08:25:37.127+0000] {dag.py:3947} INFO - Setting next_dagrun for company_overview_to_minio to 2026-02-15 00:00:00+00:00, run_after=2026-02-22 00:00:00+00:00
[2026-02-19T08:25:37.145+0000] {processor.py:183} INFO - Processing /opt/airflow/dags/dl_overview.py took 0.095 seconds
[2026-02-19T08:26:07.380+0000] {processor.py:161} INFO - Started process (PID=1513) to work on /opt/airflow/dags/dl_overview.py
[2026-02-19T08:26:07.381+0000] {processor.py:830} INFO - Processing file /opt/airflow/dags/dl_overview.py for tasks to queue
[2026-02-19T08:26:07.381+0000] {logging_mixin.py:188} INFO - [2026-02-19T08:26:07.381+0000] {dagbag.py:545} INFO - Filling up the DagBag from /opt/airflow/dags/dl_overview.py
[2026-02-19T08:26:07.410+0000] {processor.py:840} INFO - DAG(s) 'company_overview_to_minio' retrieved from /opt/airflow/dags/dl_overview.py
[2026-02-19T08:26:07.431+0000] {logging_mixin.py:188} INFO - [2026-02-19T08:26:07.430+0000] {dag.py:3089} INFO - Sync 1 DAGs
[2026-02-19T08:26:07.451+0000] {logging_mixin.py:188} INFO - [2026-02-19T08:26:07.451+0000] {dag.py:3947} INFO - Setting next_dagrun for company_overview_to_minio to 2026-02-15 00:00:00+00:00, run_after=2026-02-22 00:00:00+00:00
[2026-02-19T08:26:07.469+0000] {processor.py:183} INFO - Processing /opt/airflow/dags/dl_overview.py took 0.094 seconds
[2026-02-19T08:26:37.806+0000] {processor.py:161} INFO - Started process (PID=1535) to work on /opt/airflow/dags/dl_overview.py
[2026-02-19T08:26:37.806+0000] {processor.py:830} INFO - Processing file /opt/airflow/dags/dl_overview.py for tasks to queue
[2026-02-19T08:26:37.807+0000] {logging_mixin.py:188} INFO - [2026-02-19T08:26:37.807+0000] {dagbag.py:545} INFO - Filling up the DagBag from /opt/airflow/dags/dl_overview.py
[2026-02-19T08:26:37.835+0000] {processor.py:840} INFO - DAG(s) 'company_overview_to_minio' retrieved from /opt/airflow/dags/dl_overview.py
[2026-02-19T08:26:37.855+0000] {logging_mixin.py:188} INFO - [2026-02-19T08:26:37.855+0000] {dag.py:3089} INFO - Sync 1 DAGs
[2026-02-19T08:26:37.876+0000] {logging_mixin.py:188} INFO - [2026-02-19T08:26:37.876+0000] {dag.py:3947} INFO - Setting next_dagrun for company_overview_to_minio to 2026-02-15 00:00:00+00:00, run_after=2026-02-22 00:00:00+00:00
[2026-02-19T08:26:37.895+0000] {processor.py:183} INFO - Processing /opt/airflow/dags/dl_overview.py took 0.094 seconds
[2026-02-19T08:27:08.066+0000] {processor.py:161} INFO - Started process (PID=1557) to work on /opt/airflow/dags/dl_overview.py
[2026-02-19T08:27:08.067+0000] {processor.py:830} INFO - Processing file /opt/airflow/dags/dl_overview.py for tasks to queue
[2026-02-19T08:27:08.067+0000] {logging_mixin.py:188} INFO - [2026-02-19T08:27:08.067+0000] {dagbag.py:545} INFO - Filling up the DagBag from /opt/airflow/dags/dl_overview.py
[2026-02-19T08:27:08.103+0000] {processor.py:840} INFO - DAG(s) 'company_overview_to_minio' retrieved from /opt/airflow/dags/dl_overview.py
[2026-02-19T08:27:08.126+0000] {logging_mixin.py:188} INFO - [2026-02-19T08:27:08.126+0000] {dag.py:3089} INFO - Sync 1 DAGs
[2026-02-19T08:27:08.151+0000] {logging_mixin.py:188} INFO - [2026-02-19T08:27:08.151+0000] {dag.py:3947} INFO - Setting next_dagrun for company_overview_to_minio to 2026-02-15 00:00:00+00:00, run_after=2026-02-22 00:00:00+00:00
[2026-02-19T08:27:08.171+0000] {processor.py:183} INFO - Processing /opt/airflow/dags/dl_overview.py took 0.110 seconds
[2026-02-19T08:27:38.286+0000] {processor.py:161} INFO - Started process (PID=1579) to work on /opt/airflow/dags/dl_overview.py
[2026-02-19T08:27:38.287+0000] {processor.py:830} INFO - Processing file /opt/airflow/dags/dl_overview.py for tasks to queue
[2026-02-19T08:27:38.288+0000] {logging_mixin.py:188} INFO - [2026-02-19T08:27:38.288+0000] {dagbag.py:545} INFO - Filling up the DagBag from /opt/airflow/dags/dl_overview.py
[2026-02-19T08:27:38.322+0000] {processor.py:840} INFO - DAG(s) 'company_overview_to_minio' retrieved from /opt/airflow/dags/dl_overview.py
[2026-02-19T08:27:38.345+0000] {logging_mixin.py:188} INFO - [2026-02-19T08:27:38.345+0000] {dag.py:3089} INFO - Sync 1 DAGs
[2026-02-19T08:27:38.368+0000] {logging_mixin.py:188} INFO - [2026-02-19T08:27:38.368+0000] {dag.py:3947} INFO - Setting next_dagrun for company_overview_to_minio to 2026-02-15 00:00:00+00:00, run_after=2026-02-22 00:00:00+00:00
[2026-02-19T08:27:38.387+0000] {processor.py:183} INFO - Processing /opt/airflow/dags/dl_overview.py took 0.107 seconds
[2026-02-19T08:28:08.705+0000] {processor.py:161} INFO - Started process (PID=1601) to work on /opt/airflow/dags/dl_overview.py
[2026-02-19T08:28:08.705+0000] {processor.py:830} INFO - Processing file /opt/airflow/dags/dl_overview.py for tasks to queue
[2026-02-19T08:28:08.706+0000] {logging_mixin.py:188} INFO - [2026-02-19T08:28:08.706+0000] {dagbag.py:545} INFO - Filling up the DagBag from /opt/airflow/dags/dl_overview.py
[2026-02-19T08:28:08.759+0000] {processor.py:840} INFO - DAG(s) 'company_overview_to_minio' retrieved from /opt/airflow/dags/dl_overview.py
[2026-02-19T08:28:08.844+0000] {logging_mixin.py:188} INFO - [2026-02-19T08:28:08.843+0000] {dag.py:3089} INFO - Sync 1 DAGs
[2026-02-19T08:28:08.922+0000] {logging_mixin.py:188} INFO - [2026-02-19T08:28:08.921+0000] {dag.py:3947} INFO - Setting next_dagrun for company_overview_to_minio to 2026-02-15 00:00:00+00:00, run_after=2026-02-22 00:00:00+00:00
[2026-02-19T08:28:08.983+0000] {processor.py:183} INFO - Processing /opt/airflow/dags/dl_overview.py took 0.286 seconds
[2026-02-19T08:28:40.986+0000] {processor.py:161} INFO - Started process (PID=1636) to work on /opt/airflow/dags/dl_overview.py
[2026-02-19T08:28:41.087+0000] {processor.py:830} INFO - Processing file /opt/airflow/dags/dl_overview.py for tasks to queue
[2026-02-19T08:28:41.130+0000] {logging_mixin.py:188} INFO - [2026-02-19T08:28:41.126+0000] {dagbag.py:545} INFO - Filling up the DagBag from /opt/airflow/dags/dl_overview.py
[2026-02-19T08:28:41.752+0000] {processor.py:840} INFO - DAG(s) 'company_overview_to_minio' retrieved from /opt/airflow/dags/dl_overview.py
[2026-02-19T08:28:41.969+0000] {logging_mixin.py:188} INFO - [2026-02-19T08:28:41.969+0000] {dag.py:3089} INFO - Sync 1 DAGs
[2026-02-19T08:28:42.141+0000] {logging_mixin.py:188} INFO - [2026-02-19T08:28:42.141+0000] {dag.py:3947} INFO - Setting next_dagrun for company_overview_to_minio to 2026-02-15 00:00:00+00:00, run_after=2026-02-22 00:00:00+00:00
[2026-02-19T08:28:42.316+0000] {processor.py:183} INFO - Processing /opt/airflow/dags/dl_overview.py took 2.144 seconds
[2026-02-19T08:29:13.350+0000] {processor.py:161} INFO - Started process (PID=1658) to work on /opt/airflow/dags/dl_overview.py
[2026-02-19T08:29:13.352+0000] {processor.py:830} INFO - Processing file /opt/airflow/dags/dl_overview.py for tasks to queue
[2026-02-19T08:29:13.353+0000] {logging_mixin.py:188} INFO - [2026-02-19T08:29:13.353+0000] {dagbag.py:545} INFO - Filling up the DagBag from /opt/airflow/dags/dl_overview.py
[2026-02-19T08:29:13.451+0000] {processor.py:840} INFO - DAG(s) 'company_overview_to_minio' retrieved from /opt/airflow/dags/dl_overview.py
[2026-02-19T08:29:13.522+0000] {logging_mixin.py:188} INFO - [2026-02-19T08:29:13.521+0000] {dag.py:3089} INFO - Sync 1 DAGs
[2026-02-19T08:29:13.579+0000] {logging_mixin.py:188} INFO - [2026-02-19T08:29:13.579+0000] {dag.py:3947} INFO - Setting next_dagrun for company_overview_to_minio to 2026-02-15 00:00:00+00:00, run_after=2026-02-22 00:00:00+00:00
[2026-02-19T08:29:13.624+0000] {processor.py:183} INFO - Processing /opt/airflow/dags/dl_overview.py took 0.287 seconds
[2026-02-19T08:29:44.461+0000] {processor.py:161} INFO - Started process (PID=1680) to work on /opt/airflow/dags/dl_overview.py
[2026-02-19T08:29:44.462+0000] {processor.py:830} INFO - Processing file /opt/airflow/dags/dl_overview.py for tasks to queue
[2026-02-19T08:29:44.464+0000] {logging_mixin.py:188} INFO - [2026-02-19T08:29:44.463+0000] {dagbag.py:545} INFO - Filling up the DagBag from /opt/airflow/dags/dl_overview.py
[2026-02-19T08:29:44.524+0000] {processor.py:840} INFO - DAG(s) 'company_overview_to_minio' retrieved from /opt/airflow/dags/dl_overview.py
[2026-02-19T08:29:44.573+0000] {logging_mixin.py:188} INFO - [2026-02-19T08:29:44.573+0000] {dag.py:3089} INFO - Sync 1 DAGs
[2026-02-19T08:29:44.614+0000] {logging_mixin.py:188} INFO - [2026-02-19T08:29:44.614+0000] {dag.py:3947} INFO - Setting next_dagrun for company_overview_to_minio to 2026-02-15 00:00:00+00:00, run_after=2026-02-22 00:00:00+00:00
[2026-02-19T08:29:44.649+0000] {processor.py:183} INFO - Processing /opt/airflow/dags/dl_overview.py took 0.198 seconds
[2026-02-19T08:30:14.836+0000] {processor.py:161} INFO - Started process (PID=1702) to work on /opt/airflow/dags/dl_overview.py
[2026-02-19T08:30:14.837+0000] {processor.py:830} INFO - Processing file /opt/airflow/dags/dl_overview.py for tasks to queue
[2026-02-19T08:30:14.838+0000] {logging_mixin.py:188} INFO - [2026-02-19T08:30:14.837+0000] {dagbag.py:545} INFO - Filling up the DagBag from /opt/airflow/dags/dl_overview.py
[2026-02-19T08:30:14.879+0000] {processor.py:840} INFO - DAG(s) 'company_overview_to_minio' retrieved from /opt/airflow/dags/dl_overview.py
[2026-02-19T08:30:14.906+0000] {logging_mixin.py:188} INFO - [2026-02-19T08:30:14.906+0000] {dag.py:3089} INFO - Sync 1 DAGs
[2026-02-19T08:30:14.934+0000] {logging_mixin.py:188} INFO - [2026-02-19T08:30:14.934+0000] {dag.py:3947} INFO - Setting next_dagrun for company_overview_to_minio to 2026-02-15 00:00:00+00:00, run_after=2026-02-22 00:00:00+00:00
[2026-02-19T08:30:14.961+0000] {processor.py:183} INFO - Processing /opt/airflow/dags/dl_overview.py took 0.130 seconds
[2026-02-19T08:30:45.557+0000] {processor.py:161} INFO - Started process (PID=1724) to work on /opt/airflow/dags/dl_overview.py
[2026-02-19T08:30:45.558+0000] {processor.py:830} INFO - Processing file /opt/airflow/dags/dl_overview.py for tasks to queue
[2026-02-19T08:30:45.559+0000] {logging_mixin.py:188} INFO - [2026-02-19T08:30:45.559+0000] {dagbag.py:545} INFO - Filling up the DagBag from /opt/airflow/dags/dl_overview.py
[2026-02-19T08:30:45.607+0000] {processor.py:840} INFO - DAG(s) 'company_overview_to_minio' retrieved from /opt/airflow/dags/dl_overview.py
[2026-02-19T08:30:45.638+0000] {logging_mixin.py:188} INFO - [2026-02-19T08:30:45.638+0000] {dag.py:3089} INFO - Sync 1 DAGs
[2026-02-19T08:30:45.665+0000] {logging_mixin.py:188} INFO - [2026-02-19T08:30:45.665+0000] {dag.py:3947} INFO - Setting next_dagrun for company_overview_to_minio to 2026-02-15 00:00:00+00:00, run_after=2026-02-22 00:00:00+00:00
[2026-02-19T08:30:45.692+0000] {processor.py:183} INFO - Processing /opt/airflow/dags/dl_overview.py took 0.142 seconds
[2026-02-19T08:31:16.123+0000] {processor.py:161} INFO - Started process (PID=1746) to work on /opt/airflow/dags/dl_overview.py
[2026-02-19T08:31:16.124+0000] {processor.py:830} INFO - Processing file /opt/airflow/dags/dl_overview.py for tasks to queue
[2026-02-19T08:31:16.125+0000] {logging_mixin.py:188} INFO - [2026-02-19T08:31:16.125+0000] {dagbag.py:545} INFO - Filling up the DagBag from /opt/airflow/dags/dl_overview.py
[2026-02-19T08:31:16.160+0000] {processor.py:840} INFO - DAG(s) 'company_overview_to_minio' retrieved from /opt/airflow/dags/dl_overview.py
[2026-02-19T08:31:16.188+0000] {logging_mixin.py:188} INFO - [2026-02-19T08:31:16.186+0000] {dag.py:3089} INFO - Sync 1 DAGs
[2026-02-19T08:31:16.214+0000] {logging_mixin.py:188} INFO - [2026-02-19T08:31:16.213+0000] {dag.py:3947} INFO - Setting next_dagrun for company_overview_to_minio to 2026-02-15 00:00:00+00:00, run_after=2026-02-22 00:00:00+00:00
[2026-02-19T08:31:16.234+0000] {processor.py:183} INFO - Processing /opt/airflow/dags/dl_overview.py took 0.116 seconds
[2026-02-19T08:31:46.828+0000] {processor.py:161} INFO - Started process (PID=1768) to work on /opt/airflow/dags/dl_overview.py
[2026-02-19T08:31:46.829+0000] {processor.py:830} INFO - Processing file /opt/airflow/dags/dl_overview.py for tasks to queue
[2026-02-19T08:31:46.830+0000] {logging_mixin.py:188} INFO - [2026-02-19T08:31:46.830+0000] {dagbag.py:545} INFO - Filling up the DagBag from /opt/airflow/dags/dl_overview.py
[2026-02-19T08:31:46.863+0000] {processor.py:840} INFO - DAG(s) 'company_overview_to_minio' retrieved from /opt/airflow/dags/dl_overview.py
[2026-02-19T08:31:46.885+0000] {logging_mixin.py:188} INFO - [2026-02-19T08:31:46.885+0000] {dag.py:3089} INFO - Sync 1 DAGs
[2026-02-19T08:31:46.908+0000] {logging_mixin.py:188} INFO - [2026-02-19T08:31:46.907+0000] {dag.py:3947} INFO - Setting next_dagrun for company_overview_to_minio to 2026-02-15 00:00:00+00:00, run_after=2026-02-22 00:00:00+00:00
[2026-02-19T08:31:46.925+0000] {processor.py:183} INFO - Processing /opt/airflow/dags/dl_overview.py took 0.104 seconds
[2026-02-19T08:32:17.154+0000] {processor.py:161} INFO - Started process (PID=1790) to work on /opt/airflow/dags/dl_overview.py
[2026-02-19T08:32:17.155+0000] {processor.py:830} INFO - Processing file /opt/airflow/dags/dl_overview.py for tasks to queue
[2026-02-19T08:32:17.156+0000] {logging_mixin.py:188} INFO - [2026-02-19T08:32:17.156+0000] {dagbag.py:545} INFO - Filling up the DagBag from /opt/airflow/dags/dl_overview.py
[2026-02-19T08:32:17.191+0000] {processor.py:840} INFO - DAG(s) 'company_overview_to_minio' retrieved from /opt/airflow/dags/dl_overview.py
[2026-02-19T08:32:17.215+0000] {logging_mixin.py:188} INFO - [2026-02-19T08:32:17.215+0000] {dag.py:3089} INFO - Sync 1 DAGs
[2026-02-19T08:32:17.236+0000] {logging_mixin.py:188} INFO - [2026-02-19T08:32:17.236+0000] {dag.py:3947} INFO - Setting next_dagrun for company_overview_to_minio to 2026-02-15 00:00:00+00:00, run_after=2026-02-22 00:00:00+00:00
[2026-02-19T08:32:17.257+0000] {processor.py:183} INFO - Processing /opt/airflow/dags/dl_overview.py took 0.108 seconds
[2026-02-19T08:32:47.511+0000] {processor.py:161} INFO - Started process (PID=1812) to work on /opt/airflow/dags/dl_overview.py
[2026-02-19T08:32:47.512+0000] {processor.py:830} INFO - Processing file /opt/airflow/dags/dl_overview.py for tasks to queue
[2026-02-19T08:32:47.513+0000] {logging_mixin.py:188} INFO - [2026-02-19T08:32:47.513+0000] {dagbag.py:545} INFO - Filling up the DagBag from /opt/airflow/dags/dl_overview.py
[2026-02-19T08:32:47.550+0000] {processor.py:840} INFO - DAG(s) 'company_overview_to_minio' retrieved from /opt/airflow/dags/dl_overview.py
[2026-02-19T08:32:47.572+0000] {logging_mixin.py:188} INFO - [2026-02-19T08:32:47.572+0000] {dag.py:3089} INFO - Sync 1 DAGs
[2026-02-19T08:32:47.593+0000] {logging_mixin.py:188} INFO - [2026-02-19T08:32:47.593+0000] {dag.py:3947} INFO - Setting next_dagrun for company_overview_to_minio to 2026-02-15 00:00:00+00:00, run_after=2026-02-22 00:00:00+00:00
[2026-02-19T08:32:47.616+0000] {processor.py:183} INFO - Processing /opt/airflow/dags/dl_overview.py took 0.109 seconds
[2026-02-19T08:33:17.722+0000] {processor.py:161} INFO - Started process (PID=1834) to work on /opt/airflow/dags/dl_overview.py
[2026-02-19T08:33:17.723+0000] {processor.py:830} INFO - Processing file /opt/airflow/dags/dl_overview.py for tasks to queue
[2026-02-19T08:33:17.724+0000] {logging_mixin.py:188} INFO - [2026-02-19T08:33:17.723+0000] {dagbag.py:545} INFO - Filling up the DagBag from /opt/airflow/dags/dl_overview.py
[2026-02-19T08:33:17.753+0000] {processor.py:840} INFO - DAG(s) 'company_overview_to_minio' retrieved from /opt/airflow/dags/dl_overview.py
[2026-02-19T08:33:17.774+0000] {logging_mixin.py:188} INFO - [2026-02-19T08:33:17.773+0000] {dag.py:3089} INFO - Sync 1 DAGs
[2026-02-19T08:33:17.793+0000] {logging_mixin.py:188} INFO - [2026-02-19T08:33:17.792+0000] {dag.py:3947} INFO - Setting next_dagrun for company_overview_to_minio to 2026-02-15 00:00:00+00:00, run_after=2026-02-22 00:00:00+00:00
[2026-02-19T08:33:17.815+0000] {processor.py:183} INFO - Processing /opt/airflow/dags/dl_overview.py took 0.097 seconds
[2026-02-19T08:33:48.270+0000] {processor.py:161} INFO - Started process (PID=1856) to work on /opt/airflow/dags/dl_overview.py
[2026-02-19T08:33:48.271+0000] {processor.py:830} INFO - Processing file /opt/airflow/dags/dl_overview.py for tasks to queue
[2026-02-19T08:33:48.272+0000] {logging_mixin.py:188} INFO - [2026-02-19T08:33:48.272+0000] {dagbag.py:545} INFO - Filling up the DagBag from /opt/airflow/dags/dl_overview.py
[2026-02-19T08:33:48.306+0000] {processor.py:840} INFO - DAG(s) 'company_overview_to_minio' retrieved from /opt/airflow/dags/dl_overview.py
[2026-02-19T08:33:48.335+0000] {logging_mixin.py:188} INFO - [2026-02-19T08:33:48.335+0000] {dag.py:3089} INFO - Sync 1 DAGs
[2026-02-19T08:33:48.364+0000] {logging_mixin.py:188} INFO - [2026-02-19T08:33:48.363+0000] {dag.py:3947} INFO - Setting next_dagrun for company_overview_to_minio to 2026-02-15 00:00:00+00:00, run_after=2026-02-22 00:00:00+00:00
[2026-02-19T08:33:48.386+0000] {processor.py:183} INFO - Processing /opt/airflow/dags/dl_overview.py took 0.121 seconds
[2026-02-19T08:34:18.869+0000] {processor.py:161} INFO - Started process (PID=1878) to work on /opt/airflow/dags/dl_overview.py
[2026-02-19T08:34:18.870+0000] {processor.py:830} INFO - Processing file /opt/airflow/dags/dl_overview.py for tasks to queue
[2026-02-19T08:34:18.871+0000] {logging_mixin.py:188} INFO - [2026-02-19T08:34:18.871+0000] {dagbag.py:545} INFO - Filling up the DagBag from /opt/airflow/dags/dl_overview.py
[2026-02-19T08:34:18.902+0000] {processor.py:840} INFO - DAG(s) 'company_overview_to_minio' retrieved from /opt/airflow/dags/dl_overview.py
[2026-02-19T08:34:18.923+0000] {logging_mixin.py:188} INFO - [2026-02-19T08:34:18.922+0000] {dag.py:3089} INFO - Sync 1 DAGs
[2026-02-19T08:34:18.941+0000] {logging_mixin.py:188} INFO - [2026-02-19T08:34:18.941+0000] {dag.py:3947} INFO - Setting next_dagrun for company_overview_to_minio to 2026-02-15 00:00:00+00:00, run_after=2026-02-22 00:00:00+00:00
[2026-02-19T08:34:18.958+0000] {processor.py:183} INFO - Processing /opt/airflow/dags/dl_overview.py took 0.094 seconds
[2026-02-19T08:34:49.344+0000] {processor.py:161} INFO - Started process (PID=1901) to work on /opt/airflow/dags/dl_overview.py
[2026-02-19T08:34:49.344+0000] {processor.py:830} INFO - Processing file /opt/airflow/dags/dl_overview.py for tasks to queue
[2026-02-19T08:34:49.345+0000] {logging_mixin.py:188} INFO - [2026-02-19T08:34:49.345+0000] {dagbag.py:545} INFO - Filling up the DagBag from /opt/airflow/dags/dl_overview.py
[2026-02-19T08:34:49.376+0000] {processor.py:840} INFO - DAG(s) 'company_overview_to_minio' retrieved from /opt/airflow/dags/dl_overview.py
[2026-02-19T08:34:49.397+0000] {logging_mixin.py:188} INFO - [2026-02-19T08:34:49.397+0000] {dag.py:3089} INFO - Sync 1 DAGs
[2026-02-19T08:34:49.425+0000] {logging_mixin.py:188} INFO - [2026-02-19T08:34:49.425+0000] {dag.py:3947} INFO - Setting next_dagrun for company_overview_to_minio to 2026-02-15 00:00:00+00:00, run_after=2026-02-22 00:00:00+00:00
[2026-02-19T08:34:49.450+0000] {processor.py:183} INFO - Processing /opt/airflow/dags/dl_overview.py took 0.112 seconds
[2026-02-19T08:35:19.864+0000] {processor.py:161} INFO - Started process (PID=1923) to work on /opt/airflow/dags/dl_overview.py
[2026-02-19T08:35:19.865+0000] {processor.py:830} INFO - Processing file /opt/airflow/dags/dl_overview.py for tasks to queue
[2026-02-19T08:35:19.866+0000] {logging_mixin.py:188} INFO - [2026-02-19T08:35:19.866+0000] {dagbag.py:545} INFO - Filling up the DagBag from /opt/airflow/dags/dl_overview.py
[2026-02-19T08:35:19.895+0000] {processor.py:840} INFO - DAG(s) 'company_overview_to_minio' retrieved from /opt/airflow/dags/dl_overview.py
[2026-02-19T08:35:19.916+0000] {logging_mixin.py:188} INFO - [2026-02-19T08:35:19.916+0000] {dag.py:3089} INFO - Sync 1 DAGs
[2026-02-19T08:35:19.936+0000] {logging_mixin.py:188} INFO - [2026-02-19T08:35:19.935+0000] {dag.py:3947} INFO - Setting next_dagrun for company_overview_to_minio to 2026-02-15 00:00:00+00:00, run_after=2026-02-22 00:00:00+00:00
[2026-02-19T08:35:19.955+0000] {processor.py:183} INFO - Processing /opt/airflow/dags/dl_overview.py took 0.096 seconds
[2026-02-19T08:35:50.516+0000] {processor.py:161} INFO - Started process (PID=1945) to work on /opt/airflow/dags/dl_overview.py
[2026-02-19T08:35:50.516+0000] {processor.py:830} INFO - Processing file /opt/airflow/dags/dl_overview.py for tasks to queue
[2026-02-19T08:35:50.517+0000] {logging_mixin.py:188} INFO - [2026-02-19T08:35:50.517+0000] {dagbag.py:545} INFO - Filling up the DagBag from /opt/airflow/dags/dl_overview.py
[2026-02-19T08:35:50.548+0000] {processor.py:840} INFO - DAG(s) 'company_overview_to_minio' retrieved from /opt/airflow/dags/dl_overview.py
[2026-02-19T08:35:50.577+0000] {logging_mixin.py:188} INFO - [2026-02-19T08:35:50.576+0000] {dag.py:3089} INFO - Sync 1 DAGs
[2026-02-19T08:35:50.610+0000] {logging_mixin.py:188} INFO - [2026-02-19T08:35:50.610+0000] {dag.py:3947} INFO - Setting next_dagrun for company_overview_to_minio to 2026-02-15 00:00:00+00:00, run_after=2026-02-22 00:00:00+00:00
[2026-02-19T08:35:50.645+0000] {processor.py:183} INFO - Processing /opt/airflow/dags/dl_overview.py took 0.135 seconds
[2026-02-19T08:36:21.340+0000] {processor.py:161} INFO - Started process (PID=1967) to work on /opt/airflow/dags/dl_overview.py
[2026-02-19T08:36:21.341+0000] {processor.py:830} INFO - Processing file /opt/airflow/dags/dl_overview.py for tasks to queue
[2026-02-19T08:36:21.342+0000] {logging_mixin.py:188} INFO - [2026-02-19T08:36:21.342+0000] {dagbag.py:545} INFO - Filling up the DagBag from /opt/airflow/dags/dl_overview.py
[2026-02-19T08:36:21.381+0000] {processor.py:840} INFO - DAG(s) 'company_overview_to_minio' retrieved from /opt/airflow/dags/dl_overview.py
[2026-02-19T08:36:21.409+0000] {logging_mixin.py:188} INFO - [2026-02-19T08:36:21.408+0000] {dag.py:3089} INFO - Sync 1 DAGs
[2026-02-19T08:36:21.436+0000] {logging_mixin.py:188} INFO - [2026-02-19T08:36:21.436+0000] {dag.py:3947} INFO - Setting next_dagrun for company_overview_to_minio to 2026-02-15 00:00:00+00:00, run_after=2026-02-22 00:00:00+00:00
[2026-02-19T08:36:21.459+0000] {processor.py:183} INFO - Processing /opt/airflow/dags/dl_overview.py took 0.125 seconds
[2026-02-19T08:36:51.997+0000] {processor.py:161} INFO - Started process (PID=1989) to work on /opt/airflow/dags/dl_overview.py
[2026-02-19T08:36:52.004+0000] {processor.py:830} INFO - Processing file /opt/airflow/dags/dl_overview.py for tasks to queue
[2026-02-19T08:36:52.006+0000] {logging_mixin.py:188} INFO - [2026-02-19T08:36:52.006+0000] {dagbag.py:545} INFO - Filling up the DagBag from /opt/airflow/dags/dl_overview.py
[2026-02-19T08:36:52.144+0000] {processor.py:840} INFO - DAG(s) 'company_overview_to_minio' retrieved from /opt/airflow/dags/dl_overview.py
[2026-02-19T08:36:52.179+0000] {logging_mixin.py:188} INFO - [2026-02-19T08:36:52.178+0000] {dag.py:3089} INFO - Sync 1 DAGs
[2026-02-19T08:36:52.213+0000] {logging_mixin.py:188} INFO - [2026-02-19T08:36:52.213+0000] {dag.py:3947} INFO - Setting next_dagrun for company_overview_to_minio to 2026-02-15 00:00:00+00:00, run_after=2026-02-22 00:00:00+00:00
[2026-02-19T08:36:52.240+0000] {processor.py:183} INFO - Processing /opt/airflow/dags/dl_overview.py took 0.253 seconds
[2026-02-19T08:37:22.534+0000] {processor.py:161} INFO - Started process (PID=2012) to work on /opt/airflow/dags/dl_overview.py
[2026-02-19T08:37:22.535+0000] {processor.py:830} INFO - Processing file /opt/airflow/dags/dl_overview.py for tasks to queue
[2026-02-19T08:37:22.537+0000] {logging_mixin.py:188} INFO - [2026-02-19T08:37:22.536+0000] {dagbag.py:545} INFO - Filling up the DagBag from /opt/airflow/dags/dl_overview.py
[2026-02-19T08:37:22.589+0000] {processor.py:840} INFO - DAG(s) 'company_overview_to_minio' retrieved from /opt/airflow/dags/dl_overview.py
[2026-02-19T08:37:22.619+0000] {logging_mixin.py:188} INFO - [2026-02-19T08:37:22.618+0000] {dag.py:3089} INFO - Sync 1 DAGs
[2026-02-19T08:37:22.644+0000] {logging_mixin.py:188} INFO - [2026-02-19T08:37:22.644+0000] {dag.py:3947} INFO - Setting next_dagrun for company_overview_to_minio to 2026-02-15 00:00:00+00:00, run_after=2026-02-22 00:00:00+00:00
[2026-02-19T08:37:22.665+0000] {processor.py:183} INFO - Processing /opt/airflow/dags/dl_overview.py took 0.140 seconds
[2026-02-19T08:37:53.022+0000] {processor.py:161} INFO - Started process (PID=2034) to work on /opt/airflow/dags/dl_overview.py
[2026-02-19T08:37:53.023+0000] {processor.py:830} INFO - Processing file /opt/airflow/dags/dl_overview.py for tasks to queue
[2026-02-19T08:37:53.024+0000] {logging_mixin.py:188} INFO - [2026-02-19T08:37:53.023+0000] {dagbag.py:545} INFO - Filling up the DagBag from /opt/airflow/dags/dl_overview.py
[2026-02-19T08:37:53.063+0000] {processor.py:840} INFO - DAG(s) 'company_overview_to_minio' retrieved from /opt/airflow/dags/dl_overview.py
[2026-02-19T08:37:53.090+0000] {logging_mixin.py:188} INFO - [2026-02-19T08:37:53.090+0000] {dag.py:3089} INFO - Sync 1 DAGs
[2026-02-19T08:37:53.118+0000] {logging_mixin.py:188} INFO - [2026-02-19T08:37:53.118+0000] {dag.py:3947} INFO - Setting next_dagrun for company_overview_to_minio to 2026-02-15 00:00:00+00:00, run_after=2026-02-22 00:00:00+00:00
[2026-02-19T08:37:53.141+0000] {processor.py:183} INFO - Processing /opt/airflow/dags/dl_overview.py took 0.125 seconds
[2026-02-19T08:38:23.904+0000] {processor.py:161} INFO - Started process (PID=2056) to work on /opt/airflow/dags/dl_overview.py
[2026-02-19T08:38:23.905+0000] {processor.py:830} INFO - Processing file /opt/airflow/dags/dl_overview.py for tasks to queue
[2026-02-19T08:38:23.906+0000] {logging_mixin.py:188} INFO - [2026-02-19T08:38:23.906+0000] {dagbag.py:545} INFO - Filling up the DagBag from /opt/airflow/dags/dl_overview.py
[2026-02-19T08:38:23.940+0000] {processor.py:840} INFO - DAG(s) 'company_overview_to_minio' retrieved from /opt/airflow/dags/dl_overview.py
[2026-02-19T08:38:23.962+0000] {logging_mixin.py:188} INFO - [2026-02-19T08:38:23.962+0000] {dag.py:3089} INFO - Sync 1 DAGs
[2026-02-19T08:38:23.982+0000] {logging_mixin.py:188} INFO - [2026-02-19T08:38:23.982+0000] {dag.py:3947} INFO - Setting next_dagrun for company_overview_to_minio to 2026-02-15 00:00:00+00:00, run_after=2026-02-22 00:00:00+00:00
[2026-02-19T08:38:24.000+0000] {processor.py:183} INFO - Processing /opt/airflow/dags/dl_overview.py took 0.102 seconds
[2026-02-19T08:38:54.383+0000] {processor.py:161} INFO - Started process (PID=2078) to work on /opt/airflow/dags/dl_overview.py
[2026-02-19T08:38:54.384+0000] {processor.py:830} INFO - Processing file /opt/airflow/dags/dl_overview.py for tasks to queue
[2026-02-19T08:38:54.385+0000] {logging_mixin.py:188} INFO - [2026-02-19T08:38:54.384+0000] {dagbag.py:545} INFO - Filling up the DagBag from /opt/airflow/dags/dl_overview.py
[2026-02-19T08:38:54.432+0000] {processor.py:840} INFO - DAG(s) 'company_overview_to_minio' retrieved from /opt/airflow/dags/dl_overview.py
[2026-02-19T08:38:54.460+0000] {logging_mixin.py:188} INFO - [2026-02-19T08:38:54.460+0000] {dag.py:3089} INFO - Sync 1 DAGs
[2026-02-19T08:38:54.490+0000] {logging_mixin.py:188} INFO - [2026-02-19T08:38:54.490+0000] {dag.py:3947} INFO - Setting next_dagrun for company_overview_to_minio to 2026-02-15 00:00:00+00:00, run_after=2026-02-22 00:00:00+00:00
[2026-02-19T08:38:54.515+0000] {processor.py:183} INFO - Processing /opt/airflow/dags/dl_overview.py took 0.141 seconds
[2026-02-19T08:39:24.762+0000] {processor.py:161} INFO - Started process (PID=2100) to work on /opt/airflow/dags/dl_overview.py
[2026-02-19T08:39:24.763+0000] {processor.py:830} INFO - Processing file /opt/airflow/dags/dl_overview.py for tasks to queue
[2026-02-19T08:39:24.766+0000] {logging_mixin.py:188} INFO - [2026-02-19T08:39:24.765+0000] {dagbag.py:545} INFO - Filling up the DagBag from /opt/airflow/dags/dl_overview.py
[2026-02-19T08:39:24.807+0000] {processor.py:840} INFO - DAG(s) 'company_overview_to_minio' retrieved from /opt/airflow/dags/dl_overview.py
[2026-02-19T08:39:24.835+0000] {logging_mixin.py:188} INFO - [2026-02-19T08:39:24.835+0000] {dag.py:3089} INFO - Sync 1 DAGs
[2026-02-19T08:39:24.858+0000] {logging_mixin.py:188} INFO - [2026-02-19T08:39:24.858+0000] {dag.py:3947} INFO - Setting next_dagrun for company_overview_to_minio to 2026-02-15 00:00:00+00:00, run_after=2026-02-22 00:00:00+00:00
[2026-02-19T08:39:24.884+0000] {processor.py:183} INFO - Processing /opt/airflow/dags/dl_overview.py took 0.130 seconds
[2026-02-19T08:39:55.135+0000] {processor.py:161} INFO - Started process (PID=2122) to work on /opt/airflow/dags/dl_overview.py
[2026-02-19T08:39:55.136+0000] {processor.py:830} INFO - Processing file /opt/airflow/dags/dl_overview.py for tasks to queue
[2026-02-19T08:39:55.138+0000] {logging_mixin.py:188} INFO - [2026-02-19T08:39:55.137+0000] {dagbag.py:545} INFO - Filling up the DagBag from /opt/airflow/dags/dl_overview.py
[2026-02-19T08:39:55.194+0000] {processor.py:840} INFO - DAG(s) 'company_overview_to_minio' retrieved from /opt/airflow/dags/dl_overview.py
[2026-02-19T08:39:55.228+0000] {logging_mixin.py:188} INFO - [2026-02-19T08:39:55.227+0000] {dag.py:3089} INFO - Sync 1 DAGs
[2026-02-19T08:39:55.262+0000] {logging_mixin.py:188} INFO - [2026-02-19T08:39:55.261+0000] {dag.py:3947} INFO - Setting next_dagrun for company_overview_to_minio to 2026-02-15 00:00:00+00:00, run_after=2026-02-22 00:00:00+00:00
[2026-02-19T08:39:55.289+0000] {processor.py:183} INFO - Processing /opt/airflow/dags/dl_overview.py took 0.164 seconds
[2026-02-19T08:40:25.532+0000] {processor.py:161} INFO - Started process (PID=2144) to work on /opt/airflow/dags/dl_overview.py
[2026-02-19T08:40:25.533+0000] {processor.py:830} INFO - Processing file /opt/airflow/dags/dl_overview.py for tasks to queue
[2026-02-19T08:40:25.534+0000] {logging_mixin.py:188} INFO - [2026-02-19T08:40:25.534+0000] {dagbag.py:545} INFO - Filling up the DagBag from /opt/airflow/dags/dl_overview.py
[2026-02-19T08:40:25.565+0000] {processor.py:840} INFO - DAG(s) 'company_overview_to_minio' retrieved from /opt/airflow/dags/dl_overview.py
[2026-02-19T08:40:25.585+0000] {logging_mixin.py:188} INFO - [2026-02-19T08:40:25.584+0000] {dag.py:3089} INFO - Sync 1 DAGs
[2026-02-19T08:40:25.605+0000] {logging_mixin.py:188} INFO - [2026-02-19T08:40:25.605+0000] {dag.py:3947} INFO - Setting next_dagrun for company_overview_to_minio to 2026-02-15 00:00:00+00:00, run_after=2026-02-22 00:00:00+00:00
[2026-02-19T08:40:25.628+0000] {processor.py:183} INFO - Processing /opt/airflow/dags/dl_overview.py took 0.101 seconds
[2026-02-19T08:40:55.692+0000] {processor.py:161} INFO - Started process (PID=2166) to work on /opt/airflow/dags/dl_overview.py
[2026-02-19T08:40:55.693+0000] {processor.py:830} INFO - Processing file /opt/airflow/dags/dl_overview.py for tasks to queue
[2026-02-19T08:40:55.693+0000] {logging_mixin.py:188} INFO - [2026-02-19T08:40:55.693+0000] {dagbag.py:545} INFO - Filling up the DagBag from /opt/airflow/dags/dl_overview.py
[2026-02-19T08:40:55.725+0000] {processor.py:840} INFO - DAG(s) 'company_overview_to_minio' retrieved from /opt/airflow/dags/dl_overview.py
[2026-02-19T08:40:55.746+0000] {logging_mixin.py:188} INFO - [2026-02-19T08:40:55.745+0000] {dag.py:3089} INFO - Sync 1 DAGs
[2026-02-19T08:40:55.767+0000] {logging_mixin.py:188} INFO - [2026-02-19T08:40:55.766+0000] {dag.py:3947} INFO - Setting next_dagrun for company_overview_to_minio to 2026-02-15 00:00:00+00:00, run_after=2026-02-22 00:00:00+00:00
[2026-02-19T08:40:55.786+0000] {processor.py:183} INFO - Processing /opt/airflow/dags/dl_overview.py took 0.099 seconds
[2026-02-19T08:41:26.130+0000] {processor.py:161} INFO - Started process (PID=2188) to work on /opt/airflow/dags/dl_overview.py
[2026-02-19T08:41:26.130+0000] {processor.py:830} INFO - Processing file /opt/airflow/dags/dl_overview.py for tasks to queue
[2026-02-19T08:41:26.131+0000] {logging_mixin.py:188} INFO - [2026-02-19T08:41:26.131+0000] {dagbag.py:545} INFO - Filling up the DagBag from /opt/airflow/dags/dl_overview.py
[2026-02-19T08:41:26.163+0000] {processor.py:840} INFO - DAG(s) 'company_overview_to_minio' retrieved from /opt/airflow/dags/dl_overview.py
[2026-02-19T08:41:26.185+0000] {logging_mixin.py:188} INFO - [2026-02-19T08:41:26.184+0000] {dag.py:3089} INFO - Sync 1 DAGs
[2026-02-19T08:41:26.204+0000] {logging_mixin.py:188} INFO - [2026-02-19T08:41:26.204+0000] {dag.py:3947} INFO - Setting next_dagrun for company_overview_to_minio to 2026-02-15 00:00:00+00:00, run_after=2026-02-22 00:00:00+00:00
[2026-02-19T08:41:26.221+0000] {processor.py:183} INFO - Processing /opt/airflow/dags/dl_overview.py took 0.097 seconds
[2026-02-19T08:41:56.439+0000] {processor.py:161} INFO - Started process (PID=2210) to work on /opt/airflow/dags/dl_overview.py
[2026-02-19T08:41:56.440+0000] {processor.py:830} INFO - Processing file /opt/airflow/dags/dl_overview.py for tasks to queue
[2026-02-19T08:41:56.441+0000] {logging_mixin.py:188} INFO - [2026-02-19T08:41:56.440+0000] {dagbag.py:545} INFO - Filling up the DagBag from /opt/airflow/dags/dl_overview.py
[2026-02-19T08:41:56.472+0000] {processor.py:840} INFO - DAG(s) 'company_overview_to_minio' retrieved from /opt/airflow/dags/dl_overview.py
[2026-02-19T08:41:56.493+0000] {logging_mixin.py:188} INFO - [2026-02-19T08:41:56.492+0000] {dag.py:3089} INFO - Sync 1 DAGs
[2026-02-19T08:41:56.513+0000] {logging_mixin.py:188} INFO - [2026-02-19T08:41:56.513+0000] {dag.py:3947} INFO - Setting next_dagrun for company_overview_to_minio to 2026-02-15 00:00:00+00:00, run_after=2026-02-22 00:00:00+00:00
[2026-02-19T08:41:56.531+0000] {processor.py:183} INFO - Processing /opt/airflow/dags/dl_overview.py took 0.097 seconds
[2026-02-19T08:42:27.042+0000] {processor.py:161} INFO - Started process (PID=2232) to work on /opt/airflow/dags/dl_overview.py
[2026-02-19T08:42:27.043+0000] {processor.py:830} INFO - Processing file /opt/airflow/dags/dl_overview.py for tasks to queue
[2026-02-19T08:42:27.043+0000] {logging_mixin.py:188} INFO - [2026-02-19T08:42:27.043+0000] {dagbag.py:545} INFO - Filling up the DagBag from /opt/airflow/dags/dl_overview.py
[2026-02-19T08:42:27.070+0000] {processor.py:840} INFO - DAG(s) 'company_overview_to_minio' retrieved from /opt/airflow/dags/dl_overview.py
[2026-02-19T08:42:27.091+0000] {logging_mixin.py:188} INFO - [2026-02-19T08:42:27.091+0000] {dag.py:3089} INFO - Sync 1 DAGs
[2026-02-19T08:42:27.110+0000] {logging_mixin.py:188} INFO - [2026-02-19T08:42:27.110+0000] {dag.py:3947} INFO - Setting next_dagrun for company_overview_to_minio to 2026-02-15 00:00:00+00:00, run_after=2026-02-22 00:00:00+00:00
[2026-02-19T08:42:27.130+0000] {processor.py:183} INFO - Processing /opt/airflow/dags/dl_overview.py took 0.093 seconds
[2026-02-19T08:42:57.268+0000] {processor.py:161} INFO - Started process (PID=2254) to work on /opt/airflow/dags/dl_overview.py
[2026-02-19T08:42:57.269+0000] {processor.py:830} INFO - Processing file /opt/airflow/dags/dl_overview.py for tasks to queue
[2026-02-19T08:42:57.271+0000] {logging_mixin.py:188} INFO - [2026-02-19T08:42:57.270+0000] {dagbag.py:545} INFO - Filling up the DagBag from /opt/airflow/dags/dl_overview.py
[2026-02-19T08:42:57.316+0000] {processor.py:840} INFO - DAG(s) 'company_overview_to_minio' retrieved from /opt/airflow/dags/dl_overview.py
[2026-02-19T08:42:57.343+0000] {logging_mixin.py:188} INFO - [2026-02-19T08:42:57.343+0000] {dag.py:3089} INFO - Sync 1 DAGs
[2026-02-19T08:42:57.366+0000] {logging_mixin.py:188} INFO - [2026-02-19T08:42:57.366+0000] {dag.py:3947} INFO - Setting next_dagrun for company_overview_to_minio to 2026-02-15 00:00:00+00:00, run_after=2026-02-22 00:00:00+00:00
[2026-02-19T08:42:57.395+0000] {processor.py:183} INFO - Processing /opt/airflow/dags/dl_overview.py took 0.134 seconds
[2026-02-19T08:43:27.836+0000] {processor.py:161} INFO - Started process (PID=2276) to work on /opt/airflow/dags/dl_overview.py
[2026-02-19T08:43:27.836+0000] {processor.py:830} INFO - Processing file /opt/airflow/dags/dl_overview.py for tasks to queue
[2026-02-19T08:43:27.837+0000] {logging_mixin.py:188} INFO - [2026-02-19T08:43:27.837+0000] {dagbag.py:545} INFO - Filling up the DagBag from /opt/airflow/dags/dl_overview.py
[2026-02-19T08:43:27.868+0000] {processor.py:840} INFO - DAG(s) 'company_overview_to_minio' retrieved from /opt/airflow/dags/dl_overview.py
[2026-02-19T08:43:27.890+0000] {logging_mixin.py:188} INFO - [2026-02-19T08:43:27.890+0000] {dag.py:3089} INFO - Sync 1 DAGs
[2026-02-19T08:43:27.912+0000] {logging_mixin.py:188} INFO - [2026-02-19T08:43:27.912+0000] {dag.py:3947} INFO - Setting next_dagrun for company_overview_to_minio to 2026-02-15 00:00:00+00:00, run_after=2026-02-22 00:00:00+00:00
[2026-02-19T08:43:27.933+0000] {processor.py:183} INFO - Processing /opt/airflow/dags/dl_overview.py took 0.103 seconds
[2026-02-19T08:43:58.139+0000] {processor.py:161} INFO - Started process (PID=2298) to work on /opt/airflow/dags/dl_overview.py
[2026-02-19T08:43:58.140+0000] {processor.py:830} INFO - Processing file /opt/airflow/dags/dl_overview.py for tasks to queue
[2026-02-19T08:43:58.141+0000] {logging_mixin.py:188} INFO - [2026-02-19T08:43:58.140+0000] {dagbag.py:545} INFO - Filling up the DagBag from /opt/airflow/dags/dl_overview.py
[2026-02-19T08:43:58.182+0000] {processor.py:840} INFO - DAG(s) 'company_overview_to_minio' retrieved from /opt/airflow/dags/dl_overview.py
[2026-02-19T08:43:58.206+0000] {logging_mixin.py:188} INFO - [2026-02-19T08:43:58.206+0000] {dag.py:3089} INFO - Sync 1 DAGs
[2026-02-19T08:43:58.232+0000] {logging_mixin.py:188} INFO - [2026-02-19T08:43:58.232+0000] {dag.py:3947} INFO - Setting next_dagrun for company_overview_to_minio to 2026-02-15 00:00:00+00:00, run_after=2026-02-22 00:00:00+00:00
[2026-02-19T08:43:58.256+0000] {processor.py:183} INFO - Processing /opt/airflow/dags/dl_overview.py took 0.124 seconds
[2026-02-19T08:44:28.410+0000] {processor.py:161} INFO - Started process (PID=2326) to work on /opt/airflow/dags/dl_overview.py
[2026-02-19T08:44:28.410+0000] {processor.py:830} INFO - Processing file /opt/airflow/dags/dl_overview.py for tasks to queue
[2026-02-19T08:44:28.411+0000] {logging_mixin.py:188} INFO - [2026-02-19T08:44:28.411+0000] {dagbag.py:545} INFO - Filling up the DagBag from /opt/airflow/dags/dl_overview.py
[2026-02-19T08:44:28.443+0000] {processor.py:840} INFO - DAG(s) 'company_overview_to_minio' retrieved from /opt/airflow/dags/dl_overview.py
[2026-02-19T08:44:28.464+0000] {logging_mixin.py:188} INFO - [2026-02-19T08:44:28.463+0000] {dag.py:3089} INFO - Sync 1 DAGs
[2026-02-19T08:44:28.483+0000] {logging_mixin.py:188} INFO - [2026-02-19T08:44:28.483+0000] {dag.py:3947} INFO - Setting next_dagrun for company_overview_to_minio to 2026-02-15 00:00:00+00:00, run_after=2026-02-22 00:00:00+00:00
[2026-02-19T08:44:28.500+0000] {processor.py:183} INFO - Processing /opt/airflow/dags/dl_overview.py took 0.095 seconds
[2026-02-19T08:44:58.872+0000] {processor.py:161} INFO - Started process (PID=2348) to work on /opt/airflow/dags/dl_overview.py
[2026-02-19T08:44:58.874+0000] {processor.py:830} INFO - Processing file /opt/airflow/dags/dl_overview.py for tasks to queue
[2026-02-19T08:44:58.877+0000] {logging_mixin.py:188} INFO - [2026-02-19T08:44:58.876+0000] {dagbag.py:545} INFO - Filling up the DagBag from /opt/airflow/dags/dl_overview.py
[2026-02-19T08:44:58.916+0000] {processor.py:840} INFO - DAG(s) 'company_overview_to_minio' retrieved from /opt/airflow/dags/dl_overview.py
[2026-02-19T08:44:58.943+0000] {logging_mixin.py:188} INFO - [2026-02-19T08:44:58.943+0000] {dag.py:3089} INFO - Sync 1 DAGs
[2026-02-19T08:44:58.967+0000] {logging_mixin.py:188} INFO - [2026-02-19T08:44:58.967+0000] {dag.py:3947} INFO - Setting next_dagrun for company_overview_to_minio to 2026-02-15 00:00:00+00:00, run_after=2026-02-22 00:00:00+00:00
[2026-02-19T08:44:58.988+0000] {processor.py:183} INFO - Processing /opt/airflow/dags/dl_overview.py took 0.124 seconds
[2026-02-19T08:45:29.345+0000] {processor.py:161} INFO - Started process (PID=2370) to work on /opt/airflow/dags/dl_overview.py
[2026-02-19T08:45:29.346+0000] {processor.py:830} INFO - Processing file /opt/airflow/dags/dl_overview.py for tasks to queue
[2026-02-19T08:45:29.348+0000] {logging_mixin.py:188} INFO - [2026-02-19T08:45:29.347+0000] {dagbag.py:545} INFO - Filling up the DagBag from /opt/airflow/dags/dl_overview.py
[2026-02-19T08:45:29.392+0000] {processor.py:840} INFO - DAG(s) 'company_overview_to_minio' retrieved from /opt/airflow/dags/dl_overview.py
[2026-02-19T08:45:29.415+0000] {logging_mixin.py:188} INFO - [2026-02-19T08:45:29.414+0000] {dag.py:3089} INFO - Sync 1 DAGs
[2026-02-19T08:45:29.438+0000] {logging_mixin.py:188} INFO - [2026-02-19T08:45:29.438+0000] {dag.py:3947} INFO - Setting next_dagrun for company_overview_to_minio to 2026-02-15 00:00:00+00:00, run_after=2026-02-22 00:00:00+00:00
[2026-02-19T08:45:29.459+0000] {processor.py:183} INFO - Processing /opt/airflow/dags/dl_overview.py took 0.122 seconds
[2026-02-19T08:45:59.666+0000] {processor.py:161} INFO - Started process (PID=2392) to work on /opt/airflow/dags/dl_overview.py
[2026-02-19T08:45:59.667+0000] {processor.py:830} INFO - Processing file /opt/airflow/dags/dl_overview.py for tasks to queue
[2026-02-19T08:45:59.669+0000] {logging_mixin.py:188} INFO - [2026-02-19T08:45:59.668+0000] {dagbag.py:545} INFO - Filling up the DagBag from /opt/airflow/dags/dl_overview.py
[2026-02-19T08:45:59.707+0000] {processor.py:840} INFO - DAG(s) 'company_overview_to_minio' retrieved from /opt/airflow/dags/dl_overview.py
[2026-02-19T08:45:59.731+0000] {logging_mixin.py:188} INFO - [2026-02-19T08:45:59.731+0000] {dag.py:3089} INFO - Sync 1 DAGs
[2026-02-19T08:45:59.756+0000] {logging_mixin.py:188} INFO - [2026-02-19T08:45:59.756+0000] {dag.py:3947} INFO - Setting next_dagrun for company_overview_to_minio to 2026-02-15 00:00:00+00:00, run_after=2026-02-22 00:00:00+00:00
[2026-02-19T08:45:59.775+0000] {processor.py:183} INFO - Processing /opt/airflow/dags/dl_overview.py took 0.120 seconds
[2026-02-19T08:46:30.164+0000] {processor.py:161} INFO - Started process (PID=2414) to work on /opt/airflow/dags/dl_overview.py
[2026-02-19T08:46:30.164+0000] {processor.py:830} INFO - Processing file /opt/airflow/dags/dl_overview.py for tasks to queue
[2026-02-19T08:46:30.165+0000] {logging_mixin.py:188} INFO - [2026-02-19T08:46:30.165+0000] {dagbag.py:545} INFO - Filling up the DagBag from /opt/airflow/dags/dl_overview.py
[2026-02-19T08:46:30.198+0000] {processor.py:840} INFO - DAG(s) 'company_overview_to_minio' retrieved from /opt/airflow/dags/dl_overview.py
[2026-02-19T08:46:30.224+0000] {logging_mixin.py:188} INFO - [2026-02-19T08:46:30.223+0000] {dag.py:3089} INFO - Sync 1 DAGs
[2026-02-19T08:46:30.250+0000] {logging_mixin.py:188} INFO - [2026-02-19T08:46:30.250+0000] {dag.py:3947} INFO - Setting next_dagrun for company_overview_to_minio to 2026-02-15 00:00:00+00:00, run_after=2026-02-22 00:00:00+00:00
[2026-02-19T08:46:30.275+0000] {processor.py:183} INFO - Processing /opt/airflow/dags/dl_overview.py took 0.117 seconds
[2026-02-19T08:47:00.458+0000] {processor.py:161} INFO - Started process (PID=2468) to work on /opt/airflow/dags/dl_overview.py
[2026-02-19T08:47:00.459+0000] {processor.py:830} INFO - Processing file /opt/airflow/dags/dl_overview.py for tasks to queue
[2026-02-19T08:47:00.461+0000] {logging_mixin.py:188} INFO - [2026-02-19T08:47:00.461+0000] {dagbag.py:545} INFO - Filling up the DagBag from /opt/airflow/dags/dl_overview.py
[2026-02-19T08:47:00.563+0000] {processor.py:840} INFO - DAG(s) 'company_overview_to_minio' retrieved from /opt/airflow/dags/dl_overview.py
[2026-02-19T08:47:00.631+0000] {logging_mixin.py:188} INFO - [2026-02-19T08:47:00.630+0000] {dag.py:3089} INFO - Sync 1 DAGs
[2026-02-19T08:47:00.694+0000] {logging_mixin.py:188} INFO - [2026-02-19T08:47:00.694+0000] {dag.py:3947} INFO - Setting next_dagrun for company_overview_to_minio to 2026-02-15 00:00:00+00:00, run_after=2026-02-22 00:00:00+00:00
[2026-02-19T08:47:00.750+0000] {processor.py:183} INFO - Processing /opt/airflow/dags/dl_overview.py took 0.302 seconds
[2026-02-19T08:47:31.157+0000] {processor.py:161} INFO - Started process (PID=2490) to work on /opt/airflow/dags/dl_overview.py
[2026-02-19T08:47:31.158+0000] {processor.py:830} INFO - Processing file /opt/airflow/dags/dl_overview.py for tasks to queue
[2026-02-19T08:47:31.159+0000] {logging_mixin.py:188} INFO - [2026-02-19T08:47:31.159+0000] {dagbag.py:545} INFO - Filling up the DagBag from /opt/airflow/dags/dl_overview.py
[2026-02-19T08:47:31.204+0000] {processor.py:840} INFO - DAG(s) 'company_overview_to_minio' retrieved from /opt/airflow/dags/dl_overview.py
[2026-02-19T08:47:31.237+0000] {logging_mixin.py:188} INFO - [2026-02-19T08:47:31.237+0000] {dag.py:3089} INFO - Sync 1 DAGs
[2026-02-19T08:47:31.268+0000] {logging_mixin.py:188} INFO - [2026-02-19T08:47:31.268+0000] {dag.py:3947} INFO - Setting next_dagrun for company_overview_to_minio to 2026-02-15 00:00:00+00:00, run_after=2026-02-22 00:00:00+00:00
[2026-02-19T08:47:31.297+0000] {processor.py:183} INFO - Processing /opt/airflow/dags/dl_overview.py took 0.147 seconds
[2026-02-19T08:48:01.819+0000] {processor.py:161} INFO - Started process (PID=2512) to work on /opt/airflow/dags/dl_overview.py
[2026-02-19T08:48:01.820+0000] {processor.py:830} INFO - Processing file /opt/airflow/dags/dl_overview.py for tasks to queue
[2026-02-19T08:48:01.821+0000] {logging_mixin.py:188} INFO - [2026-02-19T08:48:01.821+0000] {dagbag.py:545} INFO - Filling up the DagBag from /opt/airflow/dags/dl_overview.py
[2026-02-19T08:48:01.879+0000] {processor.py:840} INFO - DAG(s) 'company_overview_to_minio' retrieved from /opt/airflow/dags/dl_overview.py
[2026-02-19T08:48:01.910+0000] {logging_mixin.py:188} INFO - [2026-02-19T08:48:01.910+0000] {dag.py:3089} INFO - Sync 1 DAGs
[2026-02-19T08:48:01.944+0000] {logging_mixin.py:188} INFO - [2026-02-19T08:48:01.943+0000] {dag.py:3947} INFO - Setting next_dagrun for company_overview_to_minio to 2026-02-15 00:00:00+00:00, run_after=2026-02-22 00:00:00+00:00
[2026-02-19T08:48:01.981+0000] {processor.py:183} INFO - Processing /opt/airflow/dags/dl_overview.py took 0.174 seconds
[2026-02-19T08:48:32.526+0000] {processor.py:161} INFO - Started process (PID=2534) to work on /opt/airflow/dags/dl_overview.py
[2026-02-19T08:48:32.526+0000] {processor.py:830} INFO - Processing file /opt/airflow/dags/dl_overview.py for tasks to queue
[2026-02-19T08:48:32.528+0000] {logging_mixin.py:188} INFO - [2026-02-19T08:48:32.527+0000] {dagbag.py:545} INFO - Filling up the DagBag from /opt/airflow/dags/dl_overview.py
[2026-02-19T08:48:32.581+0000] {processor.py:840} INFO - DAG(s) 'company_overview_to_minio' retrieved from /opt/airflow/dags/dl_overview.py
[2026-02-19T08:48:32.617+0000] {logging_mixin.py:188} INFO - [2026-02-19T08:48:32.617+0000] {dag.py:3089} INFO - Sync 1 DAGs
[2026-02-19T08:48:32.654+0000] {logging_mixin.py:188} INFO - [2026-02-19T08:48:32.654+0000] {dag.py:3947} INFO - Setting next_dagrun for company_overview_to_minio to 2026-02-15 00:00:00+00:00, run_after=2026-02-22 00:00:00+00:00
[2026-02-19T08:48:32.685+0000] {processor.py:183} INFO - Processing /opt/airflow/dags/dl_overview.py took 0.167 seconds
[2026-02-19T08:49:03.536+0000] {processor.py:161} INFO - Started process (PID=2556) to work on /opt/airflow/dags/dl_overview.py
[2026-02-19T08:49:03.538+0000] {processor.py:830} INFO - Processing file /opt/airflow/dags/dl_overview.py for tasks to queue
[2026-02-19T08:49:03.540+0000] {logging_mixin.py:188} INFO - [2026-02-19T08:49:03.540+0000] {dagbag.py:545} INFO - Filling up the DagBag from /opt/airflow/dags/dl_overview.py
[2026-02-19T08:49:03.736+0000] {processor.py:840} INFO - DAG(s) 'company_overview_to_minio' retrieved from /opt/airflow/dags/dl_overview.py
[2026-02-19T08:49:03.773+0000] {logging_mixin.py:188} INFO - [2026-02-19T08:49:03.773+0000] {dag.py:3089} INFO - Sync 1 DAGs
[2026-02-19T08:49:03.819+0000] {logging_mixin.py:188} INFO - [2026-02-19T08:49:03.819+0000] {dag.py:3947} INFO - Setting next_dagrun for company_overview_to_minio to 2026-02-15 00:00:00+00:00, run_after=2026-02-22 00:00:00+00:00
[2026-02-19T08:49:03.869+0000] {processor.py:183} INFO - Processing /opt/airflow/dags/dl_overview.py took 0.351 seconds
[2026-02-19T08:49:34.547+0000] {processor.py:161} INFO - Started process (PID=2578) to work on /opt/airflow/dags/dl_overview.py
[2026-02-19T08:49:34.547+0000] {processor.py:830} INFO - Processing file /opt/airflow/dags/dl_overview.py for tasks to queue
[2026-02-19T08:49:34.548+0000] {logging_mixin.py:188} INFO - [2026-02-19T08:49:34.548+0000] {dagbag.py:545} INFO - Filling up the DagBag from /opt/airflow/dags/dl_overview.py
[2026-02-19T08:49:34.591+0000] {processor.py:840} INFO - DAG(s) 'company_overview_to_minio' retrieved from /opt/airflow/dags/dl_overview.py
[2026-02-19T08:49:34.626+0000] {logging_mixin.py:188} INFO - [2026-02-19T08:49:34.626+0000] {dag.py:3089} INFO - Sync 1 DAGs
[2026-02-19T08:49:34.653+0000] {logging_mixin.py:188} INFO - [2026-02-19T08:49:34.653+0000] {dag.py:3947} INFO - Setting next_dagrun for company_overview_to_minio to 2026-02-15 00:00:00+00:00, run_after=2026-02-22 00:00:00+00:00
[2026-02-19T08:49:34.683+0000] {processor.py:183} INFO - Processing /opt/airflow/dags/dl_overview.py took 0.143 seconds
[2026-02-19T08:50:04.918+0000] {processor.py:161} INFO - Started process (PID=2600) to work on /opt/airflow/dags/dl_overview.py
[2026-02-19T08:50:04.919+0000] {processor.py:830} INFO - Processing file /opt/airflow/dags/dl_overview.py for tasks to queue
[2026-02-19T08:50:04.920+0000] {logging_mixin.py:188} INFO - [2026-02-19T08:50:04.920+0000] {dagbag.py:545} INFO - Filling up the DagBag from /opt/airflow/dags/dl_overview.py
[2026-02-19T08:50:04.963+0000] {processor.py:840} INFO - DAG(s) 'company_overview_to_minio' retrieved from /opt/airflow/dags/dl_overview.py
[2026-02-19T08:50:04.996+0000] {logging_mixin.py:188} INFO - [2026-02-19T08:50:04.996+0000] {dag.py:3089} INFO - Sync 1 DAGs
[2026-02-19T08:50:05.035+0000] {logging_mixin.py:188} INFO - [2026-02-19T08:50:05.034+0000] {dag.py:3947} INFO - Setting next_dagrun for company_overview_to_minio to 2026-02-15 00:00:00+00:00, run_after=2026-02-22 00:00:00+00:00
[2026-02-19T08:50:05.069+0000] {processor.py:183} INFO - Processing /opt/airflow/dags/dl_overview.py took 0.157 seconds
[2026-02-19T08:50:35.281+0000] {processor.py:161} INFO - Started process (PID=2622) to work on /opt/airflow/dags/dl_overview.py
[2026-02-19T08:50:35.282+0000] {processor.py:830} INFO - Processing file /opt/airflow/dags/dl_overview.py for tasks to queue
[2026-02-19T08:50:35.284+0000] {logging_mixin.py:188} INFO - [2026-02-19T08:50:35.283+0000] {dagbag.py:545} INFO - Filling up the DagBag from /opt/airflow/dags/dl_overview.py
[2026-02-19T08:50:35.333+0000] {processor.py:840} INFO - DAG(s) 'company_overview_to_minio' retrieved from /opt/airflow/dags/dl_overview.py
[2026-02-19T08:50:35.368+0000] {logging_mixin.py:188} INFO - [2026-02-19T08:50:35.368+0000] {dag.py:3089} INFO - Sync 1 DAGs
[2026-02-19T08:50:35.406+0000] {logging_mixin.py:188} INFO - [2026-02-19T08:50:35.406+0000] {dag.py:3947} INFO - Setting next_dagrun for company_overview_to_minio to 2026-02-15 00:00:00+00:00, run_after=2026-02-22 00:00:00+00:00
[2026-02-19T08:50:35.439+0000] {processor.py:183} INFO - Processing /opt/airflow/dags/dl_overview.py took 0.164 seconds
[2026-02-19T08:51:05.515+0000] {processor.py:161} INFO - Started process (PID=2644) to work on /opt/airflow/dags/dl_overview.py
[2026-02-19T08:51:05.516+0000] {processor.py:830} INFO - Processing file /opt/airflow/dags/dl_overview.py for tasks to queue
[2026-02-19T08:51:05.518+0000] {logging_mixin.py:188} INFO - [2026-02-19T08:51:05.517+0000] {dagbag.py:545} INFO - Filling up the DagBag from /opt/airflow/dags/dl_overview.py
[2026-02-19T08:51:05.669+0000] {processor.py:840} INFO - DAG(s) 'company_overview_to_minio' retrieved from /opt/airflow/dags/dl_overview.py
[2026-02-19T08:51:05.698+0000] {logging_mixin.py:188} INFO - [2026-02-19T08:51:05.698+0000] {dag.py:3089} INFO - Sync 1 DAGs
[2026-02-19T08:51:05.721+0000] {logging_mixin.py:188} INFO - [2026-02-19T08:51:05.721+0000] {dag.py:3947} INFO - Setting next_dagrun for company_overview_to_minio to 2026-02-15 00:00:00+00:00, run_after=2026-02-22 00:00:00+00:00
[2026-02-19T08:51:05.744+0000] {processor.py:183} INFO - Processing /opt/airflow/dags/dl_overview.py took 0.236 seconds
[2026-02-19T08:51:35.821+0000] {processor.py:161} INFO - Started process (PID=2677) to work on /opt/airflow/dags/dl_overview.py
[2026-02-19T08:51:35.822+0000] {processor.py:830} INFO - Processing file /opt/airflow/dags/dl_overview.py for tasks to queue
[2026-02-19T08:51:35.823+0000] {logging_mixin.py:188} INFO - [2026-02-19T08:51:35.822+0000] {dagbag.py:545} INFO - Filling up the DagBag from /opt/airflow/dags/dl_overview.py
[2026-02-19T08:51:35.862+0000] {processor.py:840} INFO - DAG(s) 'company_overview_to_minio' retrieved from /opt/airflow/dags/dl_overview.py
[2026-02-19T08:51:35.889+0000] {logging_mixin.py:188} INFO - [2026-02-19T08:51:35.889+0000] {dag.py:3089} INFO - Sync 1 DAGs
[2026-02-19T08:51:35.918+0000] {logging_mixin.py:188} INFO - [2026-02-19T08:51:35.918+0000] {dag.py:3947} INFO - Setting next_dagrun for company_overview_to_minio to 2026-02-15 00:00:00+00:00, run_after=2026-02-22 00:00:00+00:00
[2026-02-19T08:51:35.944+0000] {processor.py:183} INFO - Processing /opt/airflow/dags/dl_overview.py took 0.132 seconds
[2026-02-19T08:52:06.994+0000] {processor.py:161} INFO - Started process (PID=2703) to work on /opt/airflow/dags/dl_overview.py
[2026-02-19T08:52:06.996+0000] {processor.py:830} INFO - Processing file /opt/airflow/dags/dl_overview.py for tasks to queue
[2026-02-19T08:52:06.999+0000] {logging_mixin.py:188} INFO - [2026-02-19T08:52:06.998+0000] {dagbag.py:545} INFO - Filling up the DagBag from /opt/airflow/dags/dl_overview.py
[2026-02-19T08:52:07.111+0000] {processor.py:840} INFO - DAG(s) 'company_overview_to_minio' retrieved from /opt/airflow/dags/dl_overview.py
[2026-02-19T08:52:07.147+0000] {logging_mixin.py:188} INFO - [2026-02-19T08:52:07.147+0000] {dag.py:3089} INFO - Sync 1 DAGs
[2026-02-19T08:52:07.188+0000] {logging_mixin.py:188} INFO - [2026-02-19T08:52:07.188+0000] {dag.py:3947} INFO - Setting next_dagrun for company_overview_to_minio to 2026-02-15 00:00:00+00:00, run_after=2026-02-22 00:00:00+00:00
[2026-02-19T08:52:07.219+0000] {processor.py:183} INFO - Processing /opt/airflow/dags/dl_overview.py took 0.235 seconds
[2026-02-19T08:52:37.886+0000] {processor.py:161} INFO - Started process (PID=2745) to work on /opt/airflow/dags/dl_overview.py
[2026-02-19T08:52:37.887+0000] {processor.py:830} INFO - Processing file /opt/airflow/dags/dl_overview.py for tasks to queue
[2026-02-19T08:52:37.889+0000] {logging_mixin.py:188} INFO - [2026-02-19T08:52:37.889+0000] {dagbag.py:545} INFO - Filling up the DagBag from /opt/airflow/dags/dl_overview.py
[2026-02-19T08:52:37.947+0000] {processor.py:840} INFO - DAG(s) 'company_overview_to_minio' retrieved from /opt/airflow/dags/dl_overview.py
[2026-02-19T08:52:37.980+0000] {logging_mixin.py:188} INFO - [2026-02-19T08:52:37.980+0000] {dag.py:3089} INFO - Sync 1 DAGs
[2026-02-19T08:52:38.030+0000] {logging_mixin.py:188} INFO - [2026-02-19T08:52:38.029+0000] {dag.py:3947} INFO - Setting next_dagrun for company_overview_to_minio to 2026-02-15 00:00:00+00:00, run_after=2026-02-22 00:00:00+00:00
[2026-02-19T08:52:38.066+0000] {processor.py:183} INFO - Processing /opt/airflow/dags/dl_overview.py took 0.188 seconds
[2026-02-19T08:53:08.403+0000] {processor.py:161} INFO - Started process (PID=2768) to work on /opt/airflow/dags/dl_overview.py
[2026-02-19T08:53:08.404+0000] {processor.py:830} INFO - Processing file /opt/airflow/dags/dl_overview.py for tasks to queue
[2026-02-19T08:53:08.406+0000] {logging_mixin.py:188} INFO - [2026-02-19T08:53:08.405+0000] {dagbag.py:545} INFO - Filling up the DagBag from /opt/airflow/dags/dl_overview.py
[2026-02-19T08:53:08.458+0000] {processor.py:840} INFO - DAG(s) 'company_overview_to_minio' retrieved from /opt/airflow/dags/dl_overview.py
[2026-02-19T08:53:08.487+0000] {logging_mixin.py:188} INFO - [2026-02-19T08:53:08.487+0000] {dag.py:3089} INFO - Sync 1 DAGs
[2026-02-19T08:53:08.509+0000] {logging_mixin.py:188} INFO - [2026-02-19T08:53:08.508+0000] {dag.py:3947} INFO - Setting next_dagrun for company_overview_to_minio to 2026-02-15 00:00:00+00:00, run_after=2026-02-22 00:00:00+00:00
[2026-02-19T08:53:08.528+0000] {processor.py:183} INFO - Processing /opt/airflow/dags/dl_overview.py took 0.134 seconds
[2026-02-19T08:53:39.197+0000] {processor.py:161} INFO - Started process (PID=2790) to work on /opt/airflow/dags/dl_overview.py
[2026-02-19T08:53:39.198+0000] {processor.py:830} INFO - Processing file /opt/airflow/dags/dl_overview.py for tasks to queue
[2026-02-19T08:53:39.199+0000] {logging_mixin.py:188} INFO - [2026-02-19T08:53:39.199+0000] {dagbag.py:545} INFO - Filling up the DagBag from /opt/airflow/dags/dl_overview.py
[2026-02-19T08:53:39.245+0000] {processor.py:840} INFO - DAG(s) 'company_overview_to_minio' retrieved from /opt/airflow/dags/dl_overview.py
[2026-02-19T08:53:39.287+0000] {logging_mixin.py:188} INFO - [2026-02-19T08:53:39.286+0000] {dag.py:3089} INFO - Sync 1 DAGs
[2026-02-19T08:53:39.620+0000] {logging_mixin.py:188} INFO - [2026-02-19T08:53:39.619+0000] {dag.py:3947} INFO - Setting next_dagrun for company_overview_to_minio to 2026-02-15 00:00:00+00:00, run_after=2026-02-22 00:00:00+00:00
[2026-02-19T08:53:39.648+0000] {processor.py:183} INFO - Processing /opt/airflow/dags/dl_overview.py took 0.458 seconds
[2026-02-19T08:54:10.799+0000] {processor.py:161} INFO - Started process (PID=2812) to work on /opt/airflow/dags/dl_overview.py
[2026-02-19T08:54:10.800+0000] {processor.py:830} INFO - Processing file /opt/airflow/dags/dl_overview.py for tasks to queue
[2026-02-19T08:54:10.802+0000] {logging_mixin.py:188} INFO - [2026-02-19T08:54:10.802+0000] {dagbag.py:545} INFO - Filling up the DagBag from /opt/airflow/dags/dl_overview.py
[2026-02-19T08:54:10.860+0000] {processor.py:840} INFO - DAG(s) 'company_overview_to_minio' retrieved from /opt/airflow/dags/dl_overview.py
[2026-02-19T08:54:10.897+0000] {logging_mixin.py:188} INFO - [2026-02-19T08:54:10.896+0000] {dag.py:3089} INFO - Sync 1 DAGs
[2026-02-19T08:54:10.936+0000] {logging_mixin.py:188} INFO - [2026-02-19T08:54:10.936+0000] {dag.py:3947} INFO - Setting next_dagrun for company_overview_to_minio to 2026-02-15 00:00:00+00:00, run_after=2026-02-22 00:00:00+00:00
[2026-02-19T08:54:10.966+0000] {processor.py:183} INFO - Processing /opt/airflow/dags/dl_overview.py took 0.177 seconds
[2026-02-19T08:54:41.015+0000] {processor.py:161} INFO - Started process (PID=2834) to work on /opt/airflow/dags/dl_overview.py
[2026-02-19T08:54:41.015+0000] {processor.py:830} INFO - Processing file /opt/airflow/dags/dl_overview.py for tasks to queue
[2026-02-19T08:54:41.017+0000] {logging_mixin.py:188} INFO - [2026-02-19T08:54:41.016+0000] {dagbag.py:545} INFO - Filling up the DagBag from /opt/airflow/dags/dl_overview.py
[2026-02-19T08:54:41.057+0000] {processor.py:840} INFO - DAG(s) 'company_overview_to_minio' retrieved from /opt/airflow/dags/dl_overview.py
[2026-02-19T08:54:41.082+0000] {logging_mixin.py:188} INFO - [2026-02-19T08:54:41.082+0000] {dag.py:3089} INFO - Sync 1 DAGs
[2026-02-19T08:54:41.107+0000] {logging_mixin.py:188} INFO - [2026-02-19T08:54:41.107+0000] {dag.py:3947} INFO - Setting next_dagrun for company_overview_to_minio to 2026-02-15 00:00:00+00:00, run_after=2026-02-22 00:00:00+00:00
[2026-02-19T08:54:41.131+0000] {processor.py:183} INFO - Processing /opt/airflow/dags/dl_overview.py took 0.122 seconds
[2026-02-19T08:55:11.461+0000] {processor.py:161} INFO - Started process (PID=2856) to work on /opt/airflow/dags/dl_overview.py
[2026-02-19T08:55:11.462+0000] {processor.py:830} INFO - Processing file /opt/airflow/dags/dl_overview.py for tasks to queue
[2026-02-19T08:55:11.462+0000] {logging_mixin.py:188} INFO - [2026-02-19T08:55:11.462+0000] {dagbag.py:545} INFO - Filling up the DagBag from /opt/airflow/dags/dl_overview.py
[2026-02-19T08:55:11.495+0000] {processor.py:840} INFO - DAG(s) 'company_overview_to_minio' retrieved from /opt/airflow/dags/dl_overview.py
[2026-02-19T08:55:11.516+0000] {logging_mixin.py:188} INFO - [2026-02-19T08:55:11.516+0000] {dag.py:3089} INFO - Sync 1 DAGs
[2026-02-19T08:55:11.792+0000] {logging_mixin.py:188} INFO - [2026-02-19T08:55:11.791+0000] {dag.py:3947} INFO - Setting next_dagrun for company_overview_to_minio to 2026-02-15 00:00:00+00:00, run_after=2026-02-22 00:00:00+00:00
[2026-02-19T08:55:11.815+0000] {processor.py:183} INFO - Processing /opt/airflow/dags/dl_overview.py took 0.359 seconds
[2026-02-19T08:55:42.401+0000] {processor.py:161} INFO - Started process (PID=2878) to work on /opt/airflow/dags/dl_overview.py
[2026-02-19T08:55:42.402+0000] {processor.py:830} INFO - Processing file /opt/airflow/dags/dl_overview.py for tasks to queue
[2026-02-19T08:55:42.403+0000] {logging_mixin.py:188} INFO - [2026-02-19T08:55:42.402+0000] {dagbag.py:545} INFO - Filling up the DagBag from /opt/airflow/dags/dl_overview.py
[2026-02-19T08:55:42.439+0000] {processor.py:840} INFO - DAG(s) 'company_overview_to_minio' retrieved from /opt/airflow/dags/dl_overview.py
[2026-02-19T08:55:42.464+0000] {logging_mixin.py:188} INFO - [2026-02-19T08:55:42.464+0000] {dag.py:3089} INFO - Sync 1 DAGs
[2026-02-19T08:55:42.489+0000] {logging_mixin.py:188} INFO - [2026-02-19T08:55:42.489+0000] {dag.py:3947} INFO - Setting next_dagrun for company_overview_to_minio to 2026-02-15 00:00:00+00:00, run_after=2026-02-22 00:00:00+00:00
[2026-02-19T08:55:42.512+0000] {processor.py:183} INFO - Processing /opt/airflow/dags/dl_overview.py took 0.116 seconds
[2026-02-19T08:56:12.987+0000] {processor.py:161} INFO - Started process (PID=2900) to work on /opt/airflow/dags/dl_overview.py
[2026-02-19T08:56:12.988+0000] {processor.py:830} INFO - Processing file /opt/airflow/dags/dl_overview.py for tasks to queue
[2026-02-19T08:56:12.989+0000] {logging_mixin.py:188} INFO - [2026-02-19T08:56:12.989+0000] {dagbag.py:545} INFO - Filling up the DagBag from /opt/airflow/dags/dl_overview.py
[2026-02-19T08:56:13.027+0000] {processor.py:840} INFO - DAG(s) 'company_overview_to_minio' retrieved from /opt/airflow/dags/dl_overview.py
[2026-02-19T08:56:13.049+0000] {logging_mixin.py:188} INFO - [2026-02-19T08:56:13.049+0000] {dag.py:3089} INFO - Sync 1 DAGs
[2026-02-19T08:56:13.070+0000] {logging_mixin.py:188} INFO - [2026-02-19T08:56:13.070+0000] {dag.py:3947} INFO - Setting next_dagrun for company_overview_to_minio to 2026-02-15 00:00:00+00:00, run_after=2026-02-22 00:00:00+00:00
[2026-02-19T08:56:13.088+0000] {processor.py:183} INFO - Processing /opt/airflow/dags/dl_overview.py took 0.108 seconds
[2026-02-19T08:56:43.493+0000] {processor.py:161} INFO - Started process (PID=2922) to work on /opt/airflow/dags/dl_overview.py
[2026-02-19T08:56:43.494+0000] {processor.py:830} INFO - Processing file /opt/airflow/dags/dl_overview.py for tasks to queue
[2026-02-19T08:56:43.495+0000] {logging_mixin.py:188} INFO - [2026-02-19T08:56:43.495+0000] {dagbag.py:545} INFO - Filling up the DagBag from /opt/airflow/dags/dl_overview.py
[2026-02-19T08:56:43.530+0000] {processor.py:840} INFO - DAG(s) 'company_overview_to_minio' retrieved from /opt/airflow/dags/dl_overview.py
[2026-02-19T08:56:43.552+0000] {logging_mixin.py:188} INFO - [2026-02-19T08:56:43.551+0000] {dag.py:3089} INFO - Sync 1 DAGs
[2026-02-19T08:56:43.572+0000] {logging_mixin.py:188} INFO - [2026-02-19T08:56:43.572+0000] {dag.py:3947} INFO - Setting next_dagrun for company_overview_to_minio to 2026-02-15 00:00:00+00:00, run_after=2026-02-22 00:00:00+00:00
[2026-02-19T08:56:43.594+0000] {processor.py:183} INFO - Processing /opt/airflow/dags/dl_overview.py took 0.106 seconds
[2026-02-19T08:57:13.803+0000] {processor.py:161} INFO - Started process (PID=2944) to work on /opt/airflow/dags/dl_overview.py
[2026-02-19T08:57:13.804+0000] {processor.py:830} INFO - Processing file /opt/airflow/dags/dl_overview.py for tasks to queue
[2026-02-19T08:57:13.805+0000] {logging_mixin.py:188} INFO - [2026-02-19T08:57:13.804+0000] {dagbag.py:545} INFO - Filling up the DagBag from /opt/airflow/dags/dl_overview.py
[2026-02-19T08:57:13.836+0000] {processor.py:840} INFO - DAG(s) 'company_overview_to_minio' retrieved from /opt/airflow/dags/dl_overview.py
[2026-02-19T08:57:13.859+0000] {logging_mixin.py:188} INFO - [2026-02-19T08:57:13.858+0000] {dag.py:3089} INFO - Sync 1 DAGs
[2026-02-19T08:57:13.881+0000] {logging_mixin.py:188} INFO - [2026-02-19T08:57:13.880+0000] {dag.py:3947} INFO - Setting next_dagrun for company_overview_to_minio to 2026-02-15 00:00:00+00:00, run_after=2026-02-22 00:00:00+00:00
[2026-02-19T08:57:13.900+0000] {processor.py:183} INFO - Processing /opt/airflow/dags/dl_overview.py took 0.102 seconds
[2026-02-19T08:57:43.959+0000] {processor.py:161} INFO - Started process (PID=2966) to work on /opt/airflow/dags/dl_overview.py
[2026-02-19T08:57:43.960+0000] {processor.py:830} INFO - Processing file /opt/airflow/dags/dl_overview.py for tasks to queue
[2026-02-19T08:57:43.961+0000] {logging_mixin.py:188} INFO - [2026-02-19T08:57:43.960+0000] {dagbag.py:545} INFO - Filling up the DagBag from /opt/airflow/dags/dl_overview.py
[2026-02-19T08:57:43.991+0000] {processor.py:840} INFO - DAG(s) 'company_overview_to_minio' retrieved from /opt/airflow/dags/dl_overview.py
[2026-02-19T08:57:44.015+0000] {logging_mixin.py:188} INFO - [2026-02-19T08:57:44.014+0000] {dag.py:3089} INFO - Sync 1 DAGs
[2026-02-19T08:57:44.036+0000] {logging_mixin.py:188} INFO - [2026-02-19T08:57:44.036+0000] {dag.py:3947} INFO - Setting next_dagrun for company_overview_to_minio to 2026-02-15 00:00:00+00:00, run_after=2026-02-22 00:00:00+00:00
[2026-02-19T08:57:44.055+0000] {processor.py:183} INFO - Processing /opt/airflow/dags/dl_overview.py took 0.102 seconds
[2026-02-19T08:58:14.353+0000] {processor.py:161} INFO - Started process (PID=2988) to work on /opt/airflow/dags/dl_overview.py
[2026-02-19T08:58:14.353+0000] {processor.py:830} INFO - Processing file /opt/airflow/dags/dl_overview.py for tasks to queue
[2026-02-19T08:58:14.354+0000] {logging_mixin.py:188} INFO - [2026-02-19T08:58:14.354+0000] {dagbag.py:545} INFO - Filling up the DagBag from /opt/airflow/dags/dl_overview.py
[2026-02-19T08:58:14.385+0000] {processor.py:840} INFO - DAG(s) 'company_overview_to_minio' retrieved from /opt/airflow/dags/dl_overview.py
[2026-02-19T08:58:14.406+0000] {logging_mixin.py:188} INFO - [2026-02-19T08:58:14.406+0000] {dag.py:3089} INFO - Sync 1 DAGs
[2026-02-19T08:58:14.428+0000] {logging_mixin.py:188} INFO - [2026-02-19T08:58:14.428+0000] {dag.py:3947} INFO - Setting next_dagrun for company_overview_to_minio to 2026-02-15 00:00:00+00:00, run_after=2026-02-22 00:00:00+00:00
[2026-02-19T08:58:14.450+0000] {processor.py:183} INFO - Processing /opt/airflow/dags/dl_overview.py took 0.102 seconds
[2026-02-19T08:58:44.589+0000] {processor.py:161} INFO - Started process (PID=3010) to work on /opt/airflow/dags/dl_overview.py
[2026-02-19T08:58:44.589+0000] {processor.py:830} INFO - Processing file /opt/airflow/dags/dl_overview.py for tasks to queue
[2026-02-19T08:58:44.590+0000] {logging_mixin.py:188} INFO - [2026-02-19T08:58:44.590+0000] {dagbag.py:545} INFO - Filling up the DagBag from /opt/airflow/dags/dl_overview.py
[2026-02-19T08:58:44.624+0000] {processor.py:840} INFO - DAG(s) 'company_overview_to_minio' retrieved from /opt/airflow/dags/dl_overview.py
[2026-02-19T08:58:44.650+0000] {logging_mixin.py:188} INFO - [2026-02-19T08:58:44.650+0000] {dag.py:3089} INFO - Sync 1 DAGs
[2026-02-19T08:58:44.675+0000] {logging_mixin.py:188} INFO - [2026-02-19T08:58:44.674+0000] {dag.py:3947} INFO - Setting next_dagrun for company_overview_to_minio to 2026-02-15 00:00:00+00:00, run_after=2026-02-22 00:00:00+00:00
[2026-02-19T08:58:44.700+0000] {processor.py:183} INFO - Processing /opt/airflow/dags/dl_overview.py took 0.117 seconds
[2026-02-19T08:59:14.826+0000] {processor.py:161} INFO - Started process (PID=3032) to work on /opt/airflow/dags/dl_overview.py
[2026-02-19T08:59:14.827+0000] {processor.py:830} INFO - Processing file /opt/airflow/dags/dl_overview.py for tasks to queue
[2026-02-19T08:59:14.828+0000] {logging_mixin.py:188} INFO - [2026-02-19T08:59:14.827+0000] {dagbag.py:545} INFO - Filling up the DagBag from /opt/airflow/dags/dl_overview.py
[2026-02-19T08:59:14.861+0000] {processor.py:840} INFO - DAG(s) 'company_overview_to_minio' retrieved from /opt/airflow/dags/dl_overview.py
[2026-02-19T08:59:14.884+0000] {logging_mixin.py:188} INFO - [2026-02-19T08:59:14.883+0000] {dag.py:3089} INFO - Sync 1 DAGs
[2026-02-19T08:59:14.904+0000] {logging_mixin.py:188} INFO - [2026-02-19T08:59:14.903+0000] {dag.py:3947} INFO - Setting next_dagrun for company_overview_to_minio to 2026-02-15 00:00:00+00:00, run_after=2026-02-22 00:00:00+00:00
[2026-02-19T08:59:14.921+0000] {processor.py:183} INFO - Processing /opt/airflow/dags/dl_overview.py took 0.101 seconds
[2026-02-19T08:59:45.120+0000] {processor.py:161} INFO - Started process (PID=3054) to work on /opt/airflow/dags/dl_overview.py
[2026-02-19T08:59:45.120+0000] {processor.py:830} INFO - Processing file /opt/airflow/dags/dl_overview.py for tasks to queue
[2026-02-19T08:59:45.121+0000] {logging_mixin.py:188} INFO - [2026-02-19T08:59:45.121+0000] {dagbag.py:545} INFO - Filling up the DagBag from /opt/airflow/dags/dl_overview.py
[2026-02-19T08:59:45.154+0000] {processor.py:840} INFO - DAG(s) 'company_overview_to_minio' retrieved from /opt/airflow/dags/dl_overview.py
[2026-02-19T08:59:45.178+0000] {logging_mixin.py:188} INFO - [2026-02-19T08:59:45.178+0000] {dag.py:3089} INFO - Sync 1 DAGs
[2026-02-19T08:59:45.201+0000] {logging_mixin.py:188} INFO - [2026-02-19T08:59:45.200+0000] {dag.py:3947} INFO - Setting next_dagrun for company_overview_to_minio to 2026-02-15 00:00:00+00:00, run_after=2026-02-22 00:00:00+00:00
[2026-02-19T08:59:45.227+0000] {processor.py:183} INFO - Processing /opt/airflow/dags/dl_overview.py took 0.113 seconds
[2026-02-19T09:00:15.629+0000] {processor.py:161} INFO - Started process (PID=3076) to work on /opt/airflow/dags/dl_overview.py
[2026-02-19T09:00:15.629+0000] {processor.py:830} INFO - Processing file /opt/airflow/dags/dl_overview.py for tasks to queue
[2026-02-19T09:00:15.630+0000] {logging_mixin.py:188} INFO - [2026-02-19T09:00:15.630+0000] {dagbag.py:545} INFO - Filling up the DagBag from /opt/airflow/dags/dl_overview.py
[2026-02-19T09:00:15.661+0000] {processor.py:840} INFO - DAG(s) 'company_overview_to_minio' retrieved from /opt/airflow/dags/dl_overview.py
[2026-02-19T09:00:15.683+0000] {logging_mixin.py:188} INFO - [2026-02-19T09:00:15.683+0000] {dag.py:3089} INFO - Sync 1 DAGs
[2026-02-19T09:00:15.709+0000] {logging_mixin.py:188} INFO - [2026-02-19T09:00:15.709+0000] {dag.py:3947} INFO - Setting next_dagrun for company_overview_to_minio to 2026-02-15 00:00:00+00:00, run_after=2026-02-22 00:00:00+00:00
[2026-02-19T09:00:15.729+0000] {processor.py:183} INFO - Processing /opt/airflow/dags/dl_overview.py took 0.106 seconds
[2026-02-19T09:00:46.043+0000] {processor.py:161} INFO - Started process (PID=3098) to work on /opt/airflow/dags/dl_overview.py
[2026-02-19T09:00:46.044+0000] {processor.py:830} INFO - Processing file /opt/airflow/dags/dl_overview.py for tasks to queue
[2026-02-19T09:00:46.045+0000] {logging_mixin.py:188} INFO - [2026-02-19T09:00:46.045+0000] {dagbag.py:545} INFO - Filling up the DagBag from /opt/airflow/dags/dl_overview.py
[2026-02-19T09:00:46.096+0000] {processor.py:840} INFO - DAG(s) 'company_overview_to_minio' retrieved from /opt/airflow/dags/dl_overview.py
[2026-02-19T09:00:46.128+0000] {logging_mixin.py:188} INFO - [2026-02-19T09:00:46.128+0000] {dag.py:3089} INFO - Sync 1 DAGs
[2026-02-19T09:00:46.158+0000] {logging_mixin.py:188} INFO - [2026-02-19T09:00:46.158+0000] {dag.py:3947} INFO - Setting next_dagrun for company_overview_to_minio to 2026-02-15 00:00:00+00:00, run_after=2026-02-22 00:00:00+00:00
[2026-02-19T09:00:46.179+0000] {processor.py:183} INFO - Processing /opt/airflow/dags/dl_overview.py took 0.148 seconds
[2026-02-19T09:01:16.379+0000] {processor.py:161} INFO - Started process (PID=3120) to work on /opt/airflow/dags/dl_overview.py
[2026-02-19T09:01:16.380+0000] {processor.py:830} INFO - Processing file /opt/airflow/dags/dl_overview.py for tasks to queue
[2026-02-19T09:01:16.381+0000] {logging_mixin.py:188} INFO - [2026-02-19T09:01:16.381+0000] {dagbag.py:545} INFO - Filling up the DagBag from /opt/airflow/dags/dl_overview.py
[2026-02-19T09:01:16.424+0000] {processor.py:840} INFO - DAG(s) 'company_overview_to_minio' retrieved from /opt/airflow/dags/dl_overview.py
[2026-02-19T09:01:16.450+0000] {logging_mixin.py:188} INFO - [2026-02-19T09:01:16.450+0000] {dag.py:3089} INFO - Sync 1 DAGs
[2026-02-19T09:01:16.474+0000] {logging_mixin.py:188} INFO - [2026-02-19T09:01:16.474+0000] {dag.py:3947} INFO - Setting next_dagrun for company_overview_to_minio to 2026-02-15 00:00:00+00:00, run_after=2026-02-22 00:00:00+00:00
[2026-02-19T09:01:16.498+0000] {processor.py:183} INFO - Processing /opt/airflow/dags/dl_overview.py took 0.126 seconds
[2026-02-19T09:01:46.989+0000] {processor.py:161} INFO - Started process (PID=3142) to work on /opt/airflow/dags/dl_overview.py
[2026-02-19T09:01:46.990+0000] {processor.py:830} INFO - Processing file /opt/airflow/dags/dl_overview.py for tasks to queue
[2026-02-19T09:01:46.991+0000] {logging_mixin.py:188} INFO - [2026-02-19T09:01:46.991+0000] {dagbag.py:545} INFO - Filling up the DagBag from /opt/airflow/dags/dl_overview.py
[2026-02-19T09:01:47.028+0000] {processor.py:840} INFO - DAG(s) 'company_overview_to_minio' retrieved from /opt/airflow/dags/dl_overview.py
[2026-02-19T09:01:47.049+0000] {logging_mixin.py:188} INFO - [2026-02-19T09:01:47.049+0000] {dag.py:3089} INFO - Sync 1 DAGs
[2026-02-19T09:01:47.072+0000] {logging_mixin.py:188} INFO - [2026-02-19T09:01:47.072+0000] {dag.py:3947} INFO - Setting next_dagrun for company_overview_to_minio to 2026-02-15 00:00:00+00:00, run_after=2026-02-22 00:00:00+00:00
[2026-02-19T09:01:47.094+0000] {processor.py:183} INFO - Processing /opt/airflow/dags/dl_overview.py took 0.111 seconds
[2026-02-19T09:02:17.381+0000] {processor.py:161} INFO - Started process (PID=3164) to work on /opt/airflow/dags/dl_overview.py
[2026-02-19T09:02:17.382+0000] {processor.py:830} INFO - Processing file /opt/airflow/dags/dl_overview.py for tasks to queue
[2026-02-19T09:02:17.383+0000] {logging_mixin.py:188} INFO - [2026-02-19T09:02:17.383+0000] {dagbag.py:545} INFO - Filling up the DagBag from /opt/airflow/dags/dl_overview.py
[2026-02-19T09:02:17.417+0000] {processor.py:840} INFO - DAG(s) 'company_overview_to_minio' retrieved from /opt/airflow/dags/dl_overview.py
[2026-02-19T09:02:17.439+0000] {logging_mixin.py:188} INFO - [2026-02-19T09:02:17.439+0000] {dag.py:3089} INFO - Sync 1 DAGs
[2026-02-19T09:02:17.461+0000] {logging_mixin.py:188} INFO - [2026-02-19T09:02:17.460+0000] {dag.py:3947} INFO - Setting next_dagrun for company_overview_to_minio to 2026-02-15 00:00:00+00:00, run_after=2026-02-22 00:00:00+00:00
[2026-02-19T09:02:17.481+0000] {processor.py:183} INFO - Processing /opt/airflow/dags/dl_overview.py took 0.105 seconds
[2026-02-19T09:02:47.776+0000] {processor.py:161} INFO - Started process (PID=3186) to work on /opt/airflow/dags/dl_overview.py
[2026-02-19T09:02:47.777+0000] {processor.py:830} INFO - Processing file /opt/airflow/dags/dl_overview.py for tasks to queue
[2026-02-19T09:02:47.780+0000] {logging_mixin.py:188} INFO - [2026-02-19T09:02:47.779+0000] {dagbag.py:545} INFO - Filling up the DagBag from /opt/airflow/dags/dl_overview.py
[2026-02-19T09:02:47.840+0000] {processor.py:840} INFO - DAG(s) 'company_overview_to_minio' retrieved from /opt/airflow/dags/dl_overview.py
[2026-02-19T09:02:47.871+0000] {logging_mixin.py:188} INFO - [2026-02-19T09:02:47.870+0000] {dag.py:3089} INFO - Sync 1 DAGs
[2026-02-19T09:02:47.898+0000] {logging_mixin.py:188} INFO - [2026-02-19T09:02:47.898+0000] {dag.py:3947} INFO - Setting next_dagrun for company_overview_to_minio to 2026-02-15 00:00:00+00:00, run_after=2026-02-22 00:00:00+00:00
[2026-02-19T09:02:47.929+0000] {processor.py:183} INFO - Processing /opt/airflow/dags/dl_overview.py took 0.164 seconds
[2026-02-19T09:03:18.483+0000] {processor.py:161} INFO - Started process (PID=3208) to work on /opt/airflow/dags/dl_overview.py
[2026-02-19T09:03:18.484+0000] {processor.py:830} INFO - Processing file /opt/airflow/dags/dl_overview.py for tasks to queue
[2026-02-19T09:03:18.485+0000] {logging_mixin.py:188} INFO - [2026-02-19T09:03:18.485+0000] {dagbag.py:545} INFO - Filling up the DagBag from /opt/airflow/dags/dl_overview.py
[2026-02-19T09:03:18.526+0000] {processor.py:840} INFO - DAG(s) 'company_overview_to_minio' retrieved from /opt/airflow/dags/dl_overview.py
[2026-02-19T09:03:18.553+0000] {logging_mixin.py:188} INFO - [2026-02-19T09:03:18.553+0000] {dag.py:3089} INFO - Sync 1 DAGs
[2026-02-19T09:03:18.584+0000] {logging_mixin.py:188} INFO - [2026-02-19T09:03:18.583+0000] {dag.py:3947} INFO - Setting next_dagrun for company_overview_to_minio to 2026-02-15 00:00:00+00:00, run_after=2026-02-22 00:00:00+00:00
[2026-02-19T09:03:18.615+0000] {processor.py:183} INFO - Processing /opt/airflow/dags/dl_overview.py took 0.140 seconds
[2026-02-19T09:03:49.293+0000] {processor.py:161} INFO - Started process (PID=3243) to work on /opt/airflow/dags/dl_overview.py
[2026-02-19T09:03:49.295+0000] {processor.py:830} INFO - Processing file /opt/airflow/dags/dl_overview.py for tasks to queue
[2026-02-19T09:03:49.298+0000] {logging_mixin.py:188} INFO - [2026-02-19T09:03:49.297+0000] {dagbag.py:545} INFO - Filling up the DagBag from /opt/airflow/dags/dl_overview.py
[2026-02-19T09:03:49.367+0000] {processor.py:840} INFO - DAG(s) 'company_overview_to_minio' retrieved from /opt/airflow/dags/dl_overview.py
[2026-02-19T09:03:49.433+0000] {logging_mixin.py:188} INFO - [2026-02-19T09:03:49.432+0000] {dag.py:3089} INFO - Sync 1 DAGs
[2026-02-19T09:03:49.480+0000] {logging_mixin.py:188} INFO - [2026-02-19T09:03:49.479+0000] {dag.py:3947} INFO - Setting next_dagrun for company_overview_to_minio to 2026-02-15 00:00:00+00:00, run_after=2026-02-22 00:00:00+00:00
[2026-02-19T09:03:49.523+0000] {processor.py:183} INFO - Processing /opt/airflow/dags/dl_overview.py took 0.240 seconds
[2026-02-19T09:04:20.426+0000] {processor.py:161} INFO - Started process (PID=3265) to work on /opt/airflow/dags/dl_overview.py
[2026-02-19T09:04:20.428+0000] {processor.py:830} INFO - Processing file /opt/airflow/dags/dl_overview.py for tasks to queue
[2026-02-19T09:04:20.430+0000] {logging_mixin.py:188} INFO - [2026-02-19T09:04:20.429+0000] {dagbag.py:545} INFO - Filling up the DagBag from /opt/airflow/dags/dl_overview.py
[2026-02-19T09:04:20.488+0000] {processor.py:840} INFO - DAG(s) 'company_overview_to_minio' retrieved from /opt/airflow/dags/dl_overview.py
[2026-02-19T09:04:20.538+0000] {logging_mixin.py:188} INFO - [2026-02-19T09:04:20.538+0000] {dag.py:3089} INFO - Sync 1 DAGs
[2026-02-19T09:04:20.579+0000] {logging_mixin.py:188} INFO - [2026-02-19T09:04:20.579+0000] {dag.py:3947} INFO - Setting next_dagrun for company_overview_to_minio to 2026-02-15 00:00:00+00:00, run_after=2026-02-22 00:00:00+00:00
[2026-02-19T09:04:20.610+0000] {processor.py:183} INFO - Processing /opt/airflow/dags/dl_overview.py took 0.196 seconds
[2026-02-19T09:04:50.815+0000] {processor.py:161} INFO - Started process (PID=3287) to work on /opt/airflow/dags/dl_overview.py
[2026-02-19T09:04:50.817+0000] {processor.py:830} INFO - Processing file /opt/airflow/dags/dl_overview.py for tasks to queue
[2026-02-19T09:04:50.820+0000] {logging_mixin.py:188} INFO - [2026-02-19T09:04:50.819+0000] {dagbag.py:545} INFO - Filling up the DagBag from /opt/airflow/dags/dl_overview.py
[2026-02-19T09:04:50.970+0000] {processor.py:840} INFO - DAG(s) 'company_overview_to_minio' retrieved from /opt/airflow/dags/dl_overview.py
[2026-02-19T09:04:51.035+0000] {logging_mixin.py:188} INFO - [2026-02-19T09:04:51.034+0000] {dag.py:3089} INFO - Sync 1 DAGs
[2026-02-19T09:04:51.110+0000] {logging_mixin.py:188} INFO - [2026-02-19T09:04:51.109+0000] {dag.py:3947} INFO - Setting next_dagrun for company_overview_to_minio to 2026-02-15 00:00:00+00:00, run_after=2026-02-22 00:00:00+00:00
[2026-02-19T09:04:51.203+0000] {processor.py:183} INFO - Processing /opt/airflow/dags/dl_overview.py took 0.404 seconds
[2026-02-19T09:05:21.291+0000] {processor.py:161} INFO - Started process (PID=3309) to work on /opt/airflow/dags/dl_overview.py
[2026-02-19T09:05:21.292+0000] {processor.py:830} INFO - Processing file /opt/airflow/dags/dl_overview.py for tasks to queue
[2026-02-19T09:05:21.293+0000] {logging_mixin.py:188} INFO - [2026-02-19T09:05:21.292+0000] {dagbag.py:545} INFO - Filling up the DagBag from /opt/airflow/dags/dl_overview.py
[2026-02-19T09:05:21.334+0000] {processor.py:840} INFO - DAG(s) 'company_overview_to_minio' retrieved from /opt/airflow/dags/dl_overview.py
[2026-02-19T09:05:21.361+0000] {logging_mixin.py:188} INFO - [2026-02-19T09:05:21.361+0000] {dag.py:3089} INFO - Sync 1 DAGs
[2026-02-19T09:05:21.384+0000] {logging_mixin.py:188} INFO - [2026-02-19T09:05:21.384+0000] {dag.py:3947} INFO - Setting next_dagrun for company_overview_to_minio to 2026-02-15 00:00:00+00:00, run_after=2026-02-22 00:00:00+00:00
[2026-02-19T09:05:21.407+0000] {processor.py:183} INFO - Processing /opt/airflow/dags/dl_overview.py took 0.123 seconds
[2026-02-19T09:05:51.923+0000] {processor.py:161} INFO - Started process (PID=3332) to work on /opt/airflow/dags/dl_overview.py
[2026-02-19T09:05:51.924+0000] {processor.py:830} INFO - Processing file /opt/airflow/dags/dl_overview.py for tasks to queue
[2026-02-19T09:05:51.926+0000] {logging_mixin.py:188} INFO - [2026-02-19T09:05:51.925+0000] {dagbag.py:545} INFO - Filling up the DagBag from /opt/airflow/dags/dl_overview.py
[2026-02-19T09:05:51.981+0000] {processor.py:840} INFO - DAG(s) 'company_overview_to_minio' retrieved from /opt/airflow/dags/dl_overview.py
[2026-02-19T09:05:52.018+0000] {logging_mixin.py:188} INFO - [2026-02-19T09:05:52.018+0000] {dag.py:3089} INFO - Sync 1 DAGs
[2026-02-19T09:05:52.054+0000] {logging_mixin.py:188} INFO - [2026-02-19T09:05:52.054+0000] {dag.py:3947} INFO - Setting next_dagrun for company_overview_to_minio to 2026-02-15 00:00:00+00:00, run_after=2026-02-22 00:00:00+00:00
[2026-02-19T09:05:52.087+0000] {processor.py:183} INFO - Processing /opt/airflow/dags/dl_overview.py took 0.172 seconds
[2026-02-19T09:06:22.554+0000] {processor.py:161} INFO - Started process (PID=3354) to work on /opt/airflow/dags/dl_overview.py
[2026-02-19T09:06:22.555+0000] {processor.py:830} INFO - Processing file /opt/airflow/dags/dl_overview.py for tasks to queue
[2026-02-19T09:06:22.557+0000] {logging_mixin.py:188} INFO - [2026-02-19T09:06:22.556+0000] {dagbag.py:545} INFO - Filling up the DagBag from /opt/airflow/dags/dl_overview.py
[2026-02-19T09:06:22.608+0000] {processor.py:840} INFO - DAG(s) 'company_overview_to_minio' retrieved from /opt/airflow/dags/dl_overview.py
[2026-02-19T09:06:22.642+0000] {logging_mixin.py:188} INFO - [2026-02-19T09:06:22.641+0000] {dag.py:3089} INFO - Sync 1 DAGs
[2026-02-19T09:06:22.675+0000] {logging_mixin.py:188} INFO - [2026-02-19T09:06:22.675+0000] {dag.py:3947} INFO - Setting next_dagrun for company_overview_to_minio to 2026-02-15 00:00:00+00:00, run_after=2026-02-22 00:00:00+00:00
[2026-02-19T09:06:22.703+0000] {processor.py:183} INFO - Processing /opt/airflow/dags/dl_overview.py took 0.157 seconds
[2026-02-19T09:06:52.814+0000] {processor.py:161} INFO - Started process (PID=3376) to work on /opt/airflow/dags/dl_overview.py
[2026-02-19T09:06:52.817+0000] {processor.py:830} INFO - Processing file /opt/airflow/dags/dl_overview.py for tasks to queue
[2026-02-19T09:06:52.819+0000] {logging_mixin.py:188} INFO - [2026-02-19T09:06:52.819+0000] {dagbag.py:545} INFO - Filling up the DagBag from /opt/airflow/dags/dl_overview.py
[2026-02-19T09:06:52.915+0000] {processor.py:840} INFO - DAG(s) 'company_overview_to_minio' retrieved from /opt/airflow/dags/dl_overview.py
[2026-02-19T09:06:52.948+0000] {logging_mixin.py:188} INFO - [2026-02-19T09:06:52.948+0000] {dag.py:3089} INFO - Sync 1 DAGs
[2026-02-19T09:06:52.974+0000] {logging_mixin.py:188} INFO - [2026-02-19T09:06:52.974+0000] {dag.py:3947} INFO - Setting next_dagrun for company_overview_to_minio to 2026-02-15 00:00:00+00:00, run_after=2026-02-22 00:00:00+00:00
[2026-02-19T09:06:52.995+0000] {processor.py:183} INFO - Processing /opt/airflow/dags/dl_overview.py took 0.195 seconds
[2026-02-19T09:07:23.092+0000] {processor.py:161} INFO - Started process (PID=3398) to work on /opt/airflow/dags/dl_overview.py
[2026-02-19T09:07:23.093+0000] {processor.py:830} INFO - Processing file /opt/airflow/dags/dl_overview.py for tasks to queue
[2026-02-19T09:07:23.094+0000] {logging_mixin.py:188} INFO - [2026-02-19T09:07:23.094+0000] {dagbag.py:545} INFO - Filling up the DagBag from /opt/airflow/dags/dl_overview.py
[2026-02-19T09:07:23.124+0000] {processor.py:840} INFO - DAG(s) 'company_overview_to_minio' retrieved from /opt/airflow/dags/dl_overview.py
[2026-02-19T09:07:23.154+0000] {logging_mixin.py:188} INFO - [2026-02-19T09:07:23.153+0000] {dag.py:3089} INFO - Sync 1 DAGs
[2026-02-19T09:07:23.181+0000] {logging_mixin.py:188} INFO - [2026-02-19T09:07:23.181+0000] {dag.py:3947} INFO - Setting next_dagrun for company_overview_to_minio to 2026-02-15 00:00:00+00:00, run_after=2026-02-22 00:00:00+00:00
[2026-02-19T09:07:23.205+0000] {processor.py:183} INFO - Processing /opt/airflow/dags/dl_overview.py took 0.118 seconds
[2026-02-19T09:07:53.521+0000] {processor.py:161} INFO - Started process (PID=3420) to work on /opt/airflow/dags/dl_overview.py
[2026-02-19T09:07:53.522+0000] {processor.py:830} INFO - Processing file /opt/airflow/dags/dl_overview.py for tasks to queue
[2026-02-19T09:07:53.524+0000] {logging_mixin.py:188} INFO - [2026-02-19T09:07:53.524+0000] {dagbag.py:545} INFO - Filling up the DagBag from /opt/airflow/dags/dl_overview.py
[2026-02-19T09:07:53.602+0000] {processor.py:840} INFO - DAG(s) 'company_overview_to_minio' retrieved from /opt/airflow/dags/dl_overview.py
[2026-02-19T09:07:53.653+0000] {logging_mixin.py:188} INFO - [2026-02-19T09:07:53.652+0000] {dag.py:3089} INFO - Sync 1 DAGs
[2026-02-19T09:07:53.710+0000] {logging_mixin.py:188} INFO - [2026-02-19T09:07:53.709+0000] {dag.py:3947} INFO - Setting next_dagrun for company_overview_to_minio to 2026-02-15 00:00:00+00:00, run_after=2026-02-22 00:00:00+00:00
[2026-02-19T09:07:53.740+0000] {processor.py:183} INFO - Processing /opt/airflow/dags/dl_overview.py took 0.235 seconds
[2026-02-19T09:08:24.183+0000] {processor.py:161} INFO - Started process (PID=3442) to work on /opt/airflow/dags/dl_overview.py
[2026-02-19T09:08:24.184+0000] {processor.py:830} INFO - Processing file /opt/airflow/dags/dl_overview.py for tasks to queue
[2026-02-19T09:08:24.186+0000] {logging_mixin.py:188} INFO - [2026-02-19T09:08:24.185+0000] {dagbag.py:545} INFO - Filling up the DagBag from /opt/airflow/dags/dl_overview.py
[2026-02-19T09:08:24.259+0000] {processor.py:840} INFO - DAG(s) 'company_overview_to_minio' retrieved from /opt/airflow/dags/dl_overview.py
[2026-02-19T09:08:24.301+0000] {logging_mixin.py:188} INFO - [2026-02-19T09:08:24.300+0000] {dag.py:3089} INFO - Sync 1 DAGs
[2026-02-19T09:08:24.338+0000] {logging_mixin.py:188} INFO - [2026-02-19T09:08:24.337+0000] {dag.py:3947} INFO - Setting next_dagrun for company_overview_to_minio to 2026-02-15 00:00:00+00:00, run_after=2026-02-22 00:00:00+00:00
[2026-02-19T09:08:24.367+0000] {processor.py:183} INFO - Processing /opt/airflow/dags/dl_overview.py took 0.193 seconds
[2026-02-19T09:08:55.234+0000] {processor.py:161} INFO - Started process (PID=3464) to work on /opt/airflow/dags/dl_overview.py
[2026-02-19T09:08:55.239+0000] {processor.py:830} INFO - Processing file /opt/airflow/dags/dl_overview.py for tasks to queue
[2026-02-19T09:08:55.241+0000] {logging_mixin.py:188} INFO - [2026-02-19T09:08:55.240+0000] {dagbag.py:545} INFO - Filling up the DagBag from /opt/airflow/dags/dl_overview.py
[2026-02-19T09:08:55.330+0000] {processor.py:840} INFO - DAG(s) 'company_overview_to_minio' retrieved from /opt/airflow/dags/dl_overview.py
[2026-02-19T09:08:55.368+0000] {logging_mixin.py:188} INFO - [2026-02-19T09:08:55.368+0000] {dag.py:3089} INFO - Sync 1 DAGs
[2026-02-19T09:08:55.406+0000] {logging_mixin.py:188} INFO - [2026-02-19T09:08:55.406+0000] {dag.py:3947} INFO - Setting next_dagrun for company_overview_to_minio to 2026-02-15 00:00:00+00:00, run_after=2026-02-22 00:00:00+00:00
[2026-02-19T09:08:55.438+0000] {processor.py:183} INFO - Processing /opt/airflow/dags/dl_overview.py took 0.218 seconds
[2026-02-19T09:09:25.499+0000] {processor.py:161} INFO - Started process (PID=3499) to work on /opt/airflow/dags/dl_overview.py
[2026-02-19T09:09:25.500+0000] {processor.py:830} INFO - Processing file /opt/airflow/dags/dl_overview.py for tasks to queue
[2026-02-19T09:09:25.500+0000] {logging_mixin.py:188} INFO - [2026-02-19T09:09:25.500+0000] {dagbag.py:545} INFO - Filling up the DagBag from /opt/airflow/dags/dl_overview.py
[2026-02-19T09:09:25.533+0000] {processor.py:840} INFO - DAG(s) 'company_overview_to_minio' retrieved from /opt/airflow/dags/dl_overview.py
[2026-02-19T09:09:25.558+0000] {logging_mixin.py:188} INFO - [2026-02-19T09:09:25.558+0000] {dag.py:3089} INFO - Sync 1 DAGs
[2026-02-19T09:09:25.581+0000] {logging_mixin.py:188} INFO - [2026-02-19T09:09:25.581+0000] {dag.py:3947} INFO - Setting next_dagrun for company_overview_to_minio to 2026-02-15 00:00:00+00:00, run_after=2026-02-22 00:00:00+00:00
[2026-02-19T09:09:25.599+0000] {processor.py:183} INFO - Processing /opt/airflow/dags/dl_overview.py took 0.106 seconds
[2026-02-19T09:09:56.121+0000] {processor.py:161} INFO - Started process (PID=3521) to work on /opt/airflow/dags/dl_overview.py
[2026-02-19T09:09:56.122+0000] {processor.py:830} INFO - Processing file /opt/airflow/dags/dl_overview.py for tasks to queue
[2026-02-19T09:09:56.124+0000] {logging_mixin.py:188} INFO - [2026-02-19T09:09:56.124+0000] {dagbag.py:545} INFO - Filling up the DagBag from /opt/airflow/dags/dl_overview.py
[2026-02-19T09:09:56.205+0000] {processor.py:840} INFO - DAG(s) 'company_overview_to_minio' retrieved from /opt/airflow/dags/dl_overview.py
[2026-02-19T09:09:56.250+0000] {logging_mixin.py:188} INFO - [2026-02-19T09:09:56.249+0000] {dag.py:3089} INFO - Sync 1 DAGs
[2026-02-19T09:09:56.292+0000] {logging_mixin.py:188} INFO - [2026-02-19T09:09:56.292+0000] {dag.py:3947} INFO - Setting next_dagrun for company_overview_to_minio to 2026-02-15 00:00:00+00:00, run_after=2026-02-22 00:00:00+00:00
[2026-02-19T09:09:56.333+0000] {processor.py:183} INFO - Processing /opt/airflow/dags/dl_overview.py took 0.220 seconds
[2026-02-19T09:10:27.125+0000] {processor.py:161} INFO - Started process (PID=3543) to work on /opt/airflow/dags/dl_overview.py
[2026-02-19T09:10:27.126+0000] {processor.py:830} INFO - Processing file /opt/airflow/dags/dl_overview.py for tasks to queue
[2026-02-19T09:10:27.127+0000] {logging_mixin.py:188} INFO - [2026-02-19T09:10:27.127+0000] {dagbag.py:545} INFO - Filling up the DagBag from /opt/airflow/dags/dl_overview.py
[2026-02-19T09:10:27.175+0000] {processor.py:840} INFO - DAG(s) 'company_overview_to_minio' retrieved from /opt/airflow/dags/dl_overview.py
[2026-02-19T09:10:27.210+0000] {logging_mixin.py:188} INFO - [2026-02-19T09:10:27.209+0000] {dag.py:3089} INFO - Sync 1 DAGs
[2026-02-19T09:10:27.241+0000] {logging_mixin.py:188} INFO - [2026-02-19T09:10:27.241+0000] {dag.py:3947} INFO - Setting next_dagrun for company_overview_to_minio to 2026-02-15 00:00:00+00:00, run_after=2026-02-22 00:00:00+00:00
[2026-02-19T09:10:27.268+0000] {processor.py:183} INFO - Processing /opt/airflow/dags/dl_overview.py took 0.150 seconds
[2026-02-19T09:10:58.053+0000] {processor.py:161} INFO - Started process (PID=3565) to work on /opt/airflow/dags/dl_overview.py
[2026-02-19T09:10:58.054+0000] {processor.py:830} INFO - Processing file /opt/airflow/dags/dl_overview.py for tasks to queue
[2026-02-19T09:10:58.056+0000] {logging_mixin.py:188} INFO - [2026-02-19T09:10:58.055+0000] {dagbag.py:545} INFO - Filling up the DagBag from /opt/airflow/dags/dl_overview.py
[2026-02-19T09:10:58.121+0000] {processor.py:840} INFO - DAG(s) 'company_overview_to_minio' retrieved from /opt/airflow/dags/dl_overview.py
[2026-02-19T09:10:58.172+0000] {logging_mixin.py:188} INFO - [2026-02-19T09:10:58.171+0000] {dag.py:3089} INFO - Sync 1 DAGs
[2026-02-19T09:10:58.219+0000] {logging_mixin.py:188} INFO - [2026-02-19T09:10:58.218+0000] {dag.py:3947} INFO - Setting next_dagrun for company_overview_to_minio to 2026-02-15 00:00:00+00:00, run_after=2026-02-22 00:00:00+00:00
[2026-02-19T09:10:58.264+0000] {processor.py:183} INFO - Processing /opt/airflow/dags/dl_overview.py took 0.219 seconds
[2026-02-19T09:11:29.468+0000] {processor.py:161} INFO - Started process (PID=3587) to work on /opt/airflow/dags/dl_overview.py
[2026-02-19T09:11:29.468+0000] {processor.py:830} INFO - Processing file /opt/airflow/dags/dl_overview.py for tasks to queue
[2026-02-19T09:11:29.469+0000] {logging_mixin.py:188} INFO - [2026-02-19T09:11:29.469+0000] {dagbag.py:545} INFO - Filling up the DagBag from /opt/airflow/dags/dl_overview.py
[2026-02-19T09:11:29.509+0000] {processor.py:840} INFO - DAG(s) 'company_overview_to_minio' retrieved from /opt/airflow/dags/dl_overview.py
[2026-02-19T09:11:29.535+0000] {logging_mixin.py:188} INFO - [2026-02-19T09:11:29.534+0000] {dag.py:3089} INFO - Sync 1 DAGs
[2026-02-19T09:11:29.560+0000] {logging_mixin.py:188} INFO - [2026-02-19T09:11:29.559+0000] {dag.py:3947} INFO - Setting next_dagrun for company_overview_to_minio to 2026-02-15 00:00:00+00:00, run_after=2026-02-22 00:00:00+00:00
[2026-02-19T09:11:29.581+0000] {processor.py:183} INFO - Processing /opt/airflow/dags/dl_overview.py took 0.120 seconds
[2026-02-19T09:12:00.217+0000] {processor.py:161} INFO - Started process (PID=3609) to work on /opt/airflow/dags/dl_overview.py
[2026-02-19T09:12:00.218+0000] {processor.py:830} INFO - Processing file /opt/airflow/dags/dl_overview.py for tasks to queue
[2026-02-19T09:12:00.220+0000] {logging_mixin.py:188} INFO - [2026-02-19T09:12:00.219+0000] {dagbag.py:545} INFO - Filling up the DagBag from /opt/airflow/dags/dl_overview.py
[2026-02-19T09:12:00.268+0000] {processor.py:840} INFO - DAG(s) 'company_overview_to_minio' retrieved from /opt/airflow/dags/dl_overview.py
[2026-02-19T09:12:00.301+0000] {logging_mixin.py:188} INFO - [2026-02-19T09:12:00.300+0000] {dag.py:3089} INFO - Sync 1 DAGs
[2026-02-19T09:12:00.332+0000] {logging_mixin.py:188} INFO - [2026-02-19T09:12:00.332+0000] {dag.py:3947} INFO - Setting next_dagrun for company_overview_to_minio to 2026-02-15 00:00:00+00:00, run_after=2026-02-22 00:00:00+00:00
[2026-02-19T09:12:00.357+0000] {processor.py:183} INFO - Processing /opt/airflow/dags/dl_overview.py took 0.148 seconds
[2026-02-19T09:12:30.589+0000] {processor.py:161} INFO - Started process (PID=3632) to work on /opt/airflow/dags/dl_overview.py
[2026-02-19T09:12:30.589+0000] {processor.py:830} INFO - Processing file /opt/airflow/dags/dl_overview.py for tasks to queue
[2026-02-19T09:12:30.590+0000] {logging_mixin.py:188} INFO - [2026-02-19T09:12:30.590+0000] {dagbag.py:545} INFO - Filling up the DagBag from /opt/airflow/dags/dl_overview.py
[2026-02-19T09:12:30.627+0000] {processor.py:840} INFO - DAG(s) 'company_overview_to_minio' retrieved from /opt/airflow/dags/dl_overview.py
[2026-02-19T09:12:30.650+0000] {logging_mixin.py:188} INFO - [2026-02-19T09:12:30.650+0000] {dag.py:3089} INFO - Sync 1 DAGs
[2026-02-19T09:12:30.674+0000] {logging_mixin.py:188} INFO - [2026-02-19T09:12:30.674+0000] {dag.py:3947} INFO - Setting next_dagrun for company_overview_to_minio to 2026-02-15 00:00:00+00:00, run_after=2026-02-22 00:00:00+00:00
[2026-02-19T09:12:30.699+0000] {processor.py:183} INFO - Processing /opt/airflow/dags/dl_overview.py took 0.116 seconds
[2026-02-19T09:13:01.378+0000] {processor.py:161} INFO - Started process (PID=3654) to work on /opt/airflow/dags/dl_overview.py
[2026-02-19T09:13:01.379+0000] {processor.py:830} INFO - Processing file /opt/airflow/dags/dl_overview.py for tasks to queue
[2026-02-19T09:13:01.380+0000] {logging_mixin.py:188} INFO - [2026-02-19T09:13:01.379+0000] {dagbag.py:545} INFO - Filling up the DagBag from /opt/airflow/dags/dl_overview.py
[2026-02-19T09:13:01.420+0000] {processor.py:840} INFO - DAG(s) 'company_overview_to_minio' retrieved from /opt/airflow/dags/dl_overview.py
[2026-02-19T09:13:01.444+0000] {logging_mixin.py:188} INFO - [2026-02-19T09:13:01.444+0000] {dag.py:3089} INFO - Sync 1 DAGs
[2026-02-19T09:13:01.467+0000] {logging_mixin.py:188} INFO - [2026-02-19T09:13:01.467+0000] {dag.py:3947} INFO - Setting next_dagrun for company_overview_to_minio to 2026-02-15 00:00:00+00:00, run_after=2026-02-22 00:00:00+00:00
[2026-02-19T09:13:01.488+0000] {processor.py:183} INFO - Processing /opt/airflow/dags/dl_overview.py took 0.115 seconds
[2026-02-19T09:13:31.721+0000] {processor.py:161} INFO - Started process (PID=3676) to work on /opt/airflow/dags/dl_overview.py
[2026-02-19T09:13:31.722+0000] {processor.py:830} INFO - Processing file /opt/airflow/dags/dl_overview.py for tasks to queue
[2026-02-19T09:13:31.723+0000] {logging_mixin.py:188} INFO - [2026-02-19T09:13:31.723+0000] {dagbag.py:545} INFO - Filling up the DagBag from /opt/airflow/dags/dl_overview.py
[2026-02-19T09:13:31.758+0000] {processor.py:840} INFO - DAG(s) 'company_overview_to_minio' retrieved from /opt/airflow/dags/dl_overview.py
[2026-02-19T09:13:31.782+0000] {logging_mixin.py:188} INFO - [2026-02-19T09:13:31.781+0000] {dag.py:3089} INFO - Sync 1 DAGs
[2026-02-19T09:13:31.805+0000] {logging_mixin.py:188} INFO - [2026-02-19T09:13:31.805+0000] {dag.py:3947} INFO - Setting next_dagrun for company_overview_to_minio to 2026-02-15 00:00:00+00:00, run_after=2026-02-22 00:00:00+00:00
[2026-02-19T09:13:31.824+0000] {processor.py:183} INFO - Processing /opt/airflow/dags/dl_overview.py took 0.108 seconds
[2026-02-19T09:14:01.882+0000] {processor.py:161} INFO - Started process (PID=3698) to work on /opt/airflow/dags/dl_overview.py
[2026-02-19T09:14:01.883+0000] {processor.py:830} INFO - Processing file /opt/airflow/dags/dl_overview.py for tasks to queue
[2026-02-19T09:14:01.884+0000] {logging_mixin.py:188} INFO - [2026-02-19T09:14:01.883+0000] {dagbag.py:545} INFO - Filling up the DagBag from /opt/airflow/dags/dl_overview.py
[2026-02-19T09:14:01.911+0000] {processor.py:840} INFO - DAG(s) 'company_overview_to_minio' retrieved from /opt/airflow/dags/dl_overview.py
[2026-02-19T09:14:01.933+0000] {logging_mixin.py:188} INFO - [2026-02-19T09:14:01.932+0000] {dag.py:3089} INFO - Sync 1 DAGs
[2026-02-19T09:14:01.951+0000] {logging_mixin.py:188} INFO - [2026-02-19T09:14:01.950+0000] {dag.py:3947} INFO - Setting next_dagrun for company_overview_to_minio to 2026-02-15 00:00:00+00:00, run_after=2026-02-22 00:00:00+00:00
[2026-02-19T09:14:01.968+0000] {processor.py:183} INFO - Processing /opt/airflow/dags/dl_overview.py took 0.092 seconds
[2026-02-19T09:14:32.351+0000] {processor.py:161} INFO - Started process (PID=3720) to work on /opt/airflow/dags/dl_overview.py
[2026-02-19T09:14:32.352+0000] {processor.py:830} INFO - Processing file /opt/airflow/dags/dl_overview.py for tasks to queue
[2026-02-19T09:14:32.353+0000] {logging_mixin.py:188} INFO - [2026-02-19T09:14:32.352+0000] {dagbag.py:545} INFO - Filling up the DagBag from /opt/airflow/dags/dl_overview.py
[2026-02-19T09:14:32.385+0000] {processor.py:840} INFO - DAG(s) 'company_overview_to_minio' retrieved from /opt/airflow/dags/dl_overview.py
[2026-02-19T09:14:32.406+0000] {logging_mixin.py:188} INFO - [2026-02-19T09:14:32.405+0000] {dag.py:3089} INFO - Sync 1 DAGs
[2026-02-19T09:14:32.425+0000] {logging_mixin.py:188} INFO - [2026-02-19T09:14:32.425+0000] {dag.py:3947} INFO - Setting next_dagrun for company_overview_to_minio to 2026-02-15 00:00:00+00:00, run_after=2026-02-22 00:00:00+00:00
[2026-02-19T09:14:32.447+0000] {processor.py:183} INFO - Processing /opt/airflow/dags/dl_overview.py took 0.101 seconds
[2026-02-19T12:36:12.136+0000] {processor.py:161} INFO - Started process (PID=73) to work on /opt/airflow/dags/dl_overview.py
[2026-02-19T12:36:12.137+0000] {processor.py:830} INFO - Processing file /opt/airflow/dags/dl_overview.py for tasks to queue
[2026-02-19T12:36:12.138+0000] {logging_mixin.py:188} INFO - [2026-02-19T12:36:12.138+0000] {dagbag.py:545} INFO - Filling up the DagBag from /opt/airflow/dags/dl_overview.py
[2026-02-19T12:36:12.172+0000] {processor.py:840} INFO - DAG(s) 'company_overview_to_minio' retrieved from /opt/airflow/dags/dl_overview.py
[2026-02-19T12:36:12.456+0000] {logging_mixin.py:188} INFO - [2026-02-19T12:36:12.456+0000] {dag.py:3089} INFO - Sync 1 DAGs
[2026-02-19T12:36:12.482+0000] {logging_mixin.py:188} INFO - [2026-02-19T12:36:12.481+0000] {dag.py:3947} INFO - Setting next_dagrun for company_overview_to_minio to 2026-02-15 00:00:00+00:00, run_after=2026-02-22 00:00:00+00:00
[2026-02-19T12:36:12.512+0000] {processor.py:183} INFO - Processing /opt/airflow/dags/dl_overview.py took 0.380 seconds
[2026-02-19T12:36:42.670+0000] {processor.py:161} INFO - Started process (PID=96) to work on /opt/airflow/dags/dl_overview.py
[2026-02-19T12:36:42.671+0000] {processor.py:830} INFO - Processing file /opt/airflow/dags/dl_overview.py for tasks to queue
[2026-02-19T12:36:42.672+0000] {logging_mixin.py:188} INFO - [2026-02-19T12:36:42.672+0000] {dagbag.py:545} INFO - Filling up the DagBag from /opt/airflow/dags/dl_overview.py
[2026-02-19T12:36:42.708+0000] {processor.py:840} INFO - DAG(s) 'company_overview_to_minio' retrieved from /opt/airflow/dags/dl_overview.py
[2026-02-19T12:36:42.736+0000] {logging_mixin.py:188} INFO - [2026-02-19T12:36:42.735+0000] {dag.py:3089} INFO - Sync 1 DAGs
[2026-02-19T12:36:42.760+0000] {logging_mixin.py:188} INFO - [2026-02-19T12:36:42.760+0000] {dag.py:3947} INFO - Setting next_dagrun for company_overview_to_minio to 2026-02-15 00:00:00+00:00, run_after=2026-02-22 00:00:00+00:00
[2026-02-19T12:36:42.784+0000] {processor.py:183} INFO - Processing /opt/airflow/dags/dl_overview.py took 0.119 seconds
[2026-02-19T12:37:13.100+0000] {processor.py:161} INFO - Started process (PID=118) to work on /opt/airflow/dags/dl_overview.py
[2026-02-19T12:37:13.101+0000] {processor.py:830} INFO - Processing file /opt/airflow/dags/dl_overview.py for tasks to queue
[2026-02-19T12:37:13.102+0000] {logging_mixin.py:188} INFO - [2026-02-19T12:37:13.101+0000] {dagbag.py:545} INFO - Filling up the DagBag from /opt/airflow/dags/dl_overview.py
[2026-02-19T12:37:13.134+0000] {processor.py:840} INFO - DAG(s) 'company_overview_to_minio' retrieved from /opt/airflow/dags/dl_overview.py
[2026-02-19T12:37:13.156+0000] {logging_mixin.py:188} INFO - [2026-02-19T12:37:13.155+0000] {dag.py:3089} INFO - Sync 1 DAGs
[2026-02-19T12:37:13.176+0000] {logging_mixin.py:188} INFO - [2026-02-19T12:37:13.176+0000] {dag.py:3947} INFO - Setting next_dagrun for company_overview_to_minio to 2026-02-15 00:00:00+00:00, run_after=2026-02-22 00:00:00+00:00
[2026-02-19T12:37:13.194+0000] {processor.py:183} INFO - Processing /opt/airflow/dags/dl_overview.py took 0.099 seconds
[2026-02-19T12:37:43.554+0000] {processor.py:161} INFO - Started process (PID=140) to work on /opt/airflow/dags/dl_overview.py
[2026-02-19T12:37:43.555+0000] {processor.py:830} INFO - Processing file /opt/airflow/dags/dl_overview.py for tasks to queue
[2026-02-19T12:37:43.555+0000] {logging_mixin.py:188} INFO - [2026-02-19T12:37:43.555+0000] {dagbag.py:545} INFO - Filling up the DagBag from /opt/airflow/dags/dl_overview.py
[2026-02-19T12:37:43.583+0000] {processor.py:840} INFO - DAG(s) 'company_overview_to_minio' retrieved from /opt/airflow/dags/dl_overview.py
[2026-02-19T12:37:43.603+0000] {logging_mixin.py:188} INFO - [2026-02-19T12:37:43.603+0000] {dag.py:3089} INFO - Sync 1 DAGs
[2026-02-19T12:37:43.622+0000] {logging_mixin.py:188} INFO - [2026-02-19T12:37:43.622+0000] {dag.py:3947} INFO - Setting next_dagrun for company_overview_to_minio to 2026-02-15 00:00:00+00:00, run_after=2026-02-22 00:00:00+00:00
[2026-02-19T12:37:43.640+0000] {processor.py:183} INFO - Processing /opt/airflow/dags/dl_overview.py took 0.091 seconds
[2026-02-19T12:38:13.818+0000] {processor.py:161} INFO - Started process (PID=162) to work on /opt/airflow/dags/dl_overview.py
[2026-02-19T12:38:13.819+0000] {processor.py:830} INFO - Processing file /opt/airflow/dags/dl_overview.py for tasks to queue
[2026-02-19T12:38:13.820+0000] {logging_mixin.py:188} INFO - [2026-02-19T12:38:13.820+0000] {dagbag.py:545} INFO - Filling up the DagBag from /opt/airflow/dags/dl_overview.py
[2026-02-19T12:38:13.850+0000] {processor.py:840} INFO - DAG(s) 'company_overview_to_minio' retrieved from /opt/airflow/dags/dl_overview.py
[2026-02-19T12:38:13.872+0000] {logging_mixin.py:188} INFO - [2026-02-19T12:38:13.872+0000] {dag.py:3089} INFO - Sync 1 DAGs
[2026-02-19T12:38:13.895+0000] {logging_mixin.py:188} INFO - [2026-02-19T12:38:13.895+0000] {dag.py:3947} INFO - Setting next_dagrun for company_overview_to_minio to 2026-02-15 00:00:00+00:00, run_after=2026-02-22 00:00:00+00:00
[2026-02-19T12:38:13.914+0000] {processor.py:183} INFO - Processing /opt/airflow/dags/dl_overview.py took 0.101 seconds
[2026-02-19T12:38:44.085+0000] {processor.py:161} INFO - Started process (PID=184) to work on /opt/airflow/dags/dl_overview.py
[2026-02-19T12:38:44.086+0000] {processor.py:830} INFO - Processing file /opt/airflow/dags/dl_overview.py for tasks to queue
[2026-02-19T12:38:44.087+0000] {logging_mixin.py:188} INFO - [2026-02-19T12:38:44.087+0000] {dagbag.py:545} INFO - Filling up the DagBag from /opt/airflow/dags/dl_overview.py
[2026-02-19T12:38:44.113+0000] {processor.py:840} INFO - DAG(s) 'company_overview_to_minio' retrieved from /opt/airflow/dags/dl_overview.py
[2026-02-19T12:38:44.135+0000] {logging_mixin.py:188} INFO - [2026-02-19T12:38:44.134+0000] {dag.py:3089} INFO - Sync 1 DAGs
[2026-02-19T12:38:44.154+0000] {logging_mixin.py:188} INFO - [2026-02-19T12:38:44.154+0000] {dag.py:3947} INFO - Setting next_dagrun for company_overview_to_minio to 2026-02-15 00:00:00+00:00, run_after=2026-02-22 00:00:00+00:00
[2026-02-19T12:38:44.172+0000] {processor.py:183} INFO - Processing /opt/airflow/dags/dl_overview.py took 0.092 seconds
[2026-02-19T12:39:14.635+0000] {processor.py:161} INFO - Started process (PID=206) to work on /opt/airflow/dags/dl_overview.py
[2026-02-19T12:39:14.636+0000] {processor.py:830} INFO - Processing file /opt/airflow/dags/dl_overview.py for tasks to queue
[2026-02-19T12:39:14.637+0000] {logging_mixin.py:188} INFO - [2026-02-19T12:39:14.637+0000] {dagbag.py:545} INFO - Filling up the DagBag from /opt/airflow/dags/dl_overview.py
[2026-02-19T12:39:14.668+0000] {processor.py:840} INFO - DAG(s) 'company_overview_to_minio' retrieved from /opt/airflow/dags/dl_overview.py
[2026-02-19T12:39:14.691+0000] {logging_mixin.py:188} INFO - [2026-02-19T12:39:14.691+0000] {dag.py:3089} INFO - Sync 1 DAGs
[2026-02-19T12:39:14.713+0000] {logging_mixin.py:188} INFO - [2026-02-19T12:39:14.713+0000] {dag.py:3947} INFO - Setting next_dagrun for company_overview_to_minio to 2026-02-15 00:00:00+00:00, run_after=2026-02-22 00:00:00+00:00
[2026-02-19T12:39:14.733+0000] {processor.py:183} INFO - Processing /opt/airflow/dags/dl_overview.py took 0.104 seconds
[2026-02-19T12:39:45.127+0000] {processor.py:161} INFO - Started process (PID=228) to work on /opt/airflow/dags/dl_overview.py
[2026-02-19T12:39:45.128+0000] {processor.py:830} INFO - Processing file /opt/airflow/dags/dl_overview.py for tasks to queue
[2026-02-19T12:39:45.129+0000] {logging_mixin.py:188} INFO - [2026-02-19T12:39:45.128+0000] {dagbag.py:545} INFO - Filling up the DagBag from /opt/airflow/dags/dl_overview.py
[2026-02-19T12:39:45.164+0000] {processor.py:840} INFO - DAG(s) 'company_overview_to_minio' retrieved from /opt/airflow/dags/dl_overview.py
[2026-02-19T12:39:45.185+0000] {logging_mixin.py:188} INFO - [2026-02-19T12:39:45.185+0000] {dag.py:3089} INFO - Sync 1 DAGs
[2026-02-19T12:39:45.206+0000] {logging_mixin.py:188} INFO - [2026-02-19T12:39:45.205+0000] {dag.py:3947} INFO - Setting next_dagrun for company_overview_to_minio to 2026-02-15 00:00:00+00:00, run_after=2026-02-22 00:00:00+00:00
[2026-02-19T12:39:45.224+0000] {processor.py:183} INFO - Processing /opt/airflow/dags/dl_overview.py took 0.102 seconds
[2026-02-19T12:40:15.809+0000] {processor.py:161} INFO - Started process (PID=250) to work on /opt/airflow/dags/dl_overview.py
[2026-02-19T12:40:15.810+0000] {processor.py:830} INFO - Processing file /opt/airflow/dags/dl_overview.py for tasks to queue
[2026-02-19T12:40:15.810+0000] {logging_mixin.py:188} INFO - [2026-02-19T12:40:15.810+0000] {dagbag.py:545} INFO - Filling up the DagBag from /opt/airflow/dags/dl_overview.py
[2026-02-19T12:40:15.853+0000] {processor.py:840} INFO - DAG(s) 'company_overview_to_minio' retrieved from /opt/airflow/dags/dl_overview.py
[2026-02-19T12:40:15.882+0000] {logging_mixin.py:188} INFO - [2026-02-19T12:40:15.882+0000] {dag.py:3089} INFO - Sync 1 DAGs
[2026-02-19T12:40:15.910+0000] {logging_mixin.py:188} INFO - [2026-02-19T12:40:15.910+0000] {dag.py:3947} INFO - Setting next_dagrun for company_overview_to_minio to 2026-02-15 00:00:00+00:00, run_after=2026-02-22 00:00:00+00:00
[2026-02-19T12:40:15.936+0000] {processor.py:183} INFO - Processing /opt/airflow/dags/dl_overview.py took 0.134 seconds
[2026-02-19T12:40:46.113+0000] {processor.py:161} INFO - Started process (PID=272) to work on /opt/airflow/dags/dl_overview.py
[2026-02-19T12:40:46.114+0000] {processor.py:830} INFO - Processing file /opt/airflow/dags/dl_overview.py for tasks to queue
[2026-02-19T12:40:46.115+0000] {logging_mixin.py:188} INFO - [2026-02-19T12:40:46.114+0000] {dagbag.py:545} INFO - Filling up the DagBag from /opt/airflow/dags/dl_overview.py
[2026-02-19T12:40:46.144+0000] {processor.py:840} INFO - DAG(s) 'company_overview_to_minio' retrieved from /opt/airflow/dags/dl_overview.py
[2026-02-19T12:40:46.165+0000] {logging_mixin.py:188} INFO - [2026-02-19T12:40:46.165+0000] {dag.py:3089} INFO - Sync 1 DAGs
[2026-02-19T12:40:46.189+0000] {logging_mixin.py:188} INFO - [2026-02-19T12:40:46.189+0000] {dag.py:3947} INFO - Setting next_dagrun for company_overview_to_minio to 2026-02-15 00:00:00+00:00, run_after=2026-02-22 00:00:00+00:00
[2026-02-19T12:40:46.211+0000] {processor.py:183} INFO - Processing /opt/airflow/dags/dl_overview.py took 0.103 seconds
[2026-02-19T12:41:16.307+0000] {processor.py:161} INFO - Started process (PID=294) to work on /opt/airflow/dags/dl_overview.py
[2026-02-19T12:41:16.308+0000] {processor.py:830} INFO - Processing file /opt/airflow/dags/dl_overview.py for tasks to queue
[2026-02-19T12:41:16.309+0000] {logging_mixin.py:188} INFO - [2026-02-19T12:41:16.309+0000] {dagbag.py:545} INFO - Filling up the DagBag from /opt/airflow/dags/dl_overview.py
[2026-02-19T12:41:16.336+0000] {processor.py:840} INFO - DAG(s) 'company_overview_to_minio' retrieved from /opt/airflow/dags/dl_overview.py
[2026-02-19T12:41:16.357+0000] {logging_mixin.py:188} INFO - [2026-02-19T12:41:16.357+0000] {dag.py:3089} INFO - Sync 1 DAGs
[2026-02-19T12:41:16.379+0000] {logging_mixin.py:188} INFO - [2026-02-19T12:41:16.379+0000] {dag.py:3947} INFO - Setting next_dagrun for company_overview_to_minio to 2026-02-15 00:00:00+00:00, run_after=2026-02-22 00:00:00+00:00
[2026-02-19T12:41:16.398+0000] {processor.py:183} INFO - Processing /opt/airflow/dags/dl_overview.py took 0.096 seconds
[2026-02-19T12:41:46.794+0000] {processor.py:161} INFO - Started process (PID=316) to work on /opt/airflow/dags/dl_overview.py
[2026-02-19T12:41:46.795+0000] {processor.py:830} INFO - Processing file /opt/airflow/dags/dl_overview.py for tasks to queue
[2026-02-19T12:41:46.796+0000] {logging_mixin.py:188} INFO - [2026-02-19T12:41:46.796+0000] {dagbag.py:545} INFO - Filling up the DagBag from /opt/airflow/dags/dl_overview.py
[2026-02-19T12:41:46.829+0000] {processor.py:840} INFO - DAG(s) 'company_overview_to_minio' retrieved from /opt/airflow/dags/dl_overview.py
[2026-02-19T12:41:46.850+0000] {logging_mixin.py:188} INFO - [2026-02-19T12:41:46.850+0000] {dag.py:3089} INFO - Sync 1 DAGs
[2026-02-19T12:41:46.871+0000] {logging_mixin.py:188} INFO - [2026-02-19T12:41:46.871+0000] {dag.py:3947} INFO - Setting next_dagrun for company_overview_to_minio to 2026-02-15 00:00:00+00:00, run_after=2026-02-22 00:00:00+00:00
[2026-02-19T12:41:46.889+0000] {processor.py:183} INFO - Processing /opt/airflow/dags/dl_overview.py took 0.100 seconds
[2026-02-19T12:42:17.396+0000] {processor.py:161} INFO - Started process (PID=338) to work on /opt/airflow/dags/dl_overview.py
[2026-02-19T12:42:17.397+0000] {processor.py:830} INFO - Processing file /opt/airflow/dags/dl_overview.py for tasks to queue
[2026-02-19T12:42:17.398+0000] {logging_mixin.py:188} INFO - [2026-02-19T12:42:17.398+0000] {dagbag.py:545} INFO - Filling up the DagBag from /opt/airflow/dags/dl_overview.py
[2026-02-19T12:42:17.429+0000] {processor.py:840} INFO - DAG(s) 'company_overview_to_minio' retrieved from /opt/airflow/dags/dl_overview.py
[2026-02-19T12:42:17.451+0000] {logging_mixin.py:188} INFO - [2026-02-19T12:42:17.451+0000] {dag.py:3089} INFO - Sync 1 DAGs
[2026-02-19T12:42:17.474+0000] {logging_mixin.py:188} INFO - [2026-02-19T12:42:17.474+0000] {dag.py:3947} INFO - Setting next_dagrun for company_overview_to_minio to 2026-02-15 00:00:00+00:00, run_after=2026-02-22 00:00:00+00:00
[2026-02-19T12:42:17.494+0000] {processor.py:183} INFO - Processing /opt/airflow/dags/dl_overview.py took 0.103 seconds
[2026-02-19T12:42:47.874+0000] {processor.py:161} INFO - Started process (PID=360) to work on /opt/airflow/dags/dl_overview.py
[2026-02-19T12:42:47.875+0000] {processor.py:830} INFO - Processing file /opt/airflow/dags/dl_overview.py for tasks to queue
[2026-02-19T12:42:47.875+0000] {logging_mixin.py:188} INFO - [2026-02-19T12:42:47.875+0000] {dagbag.py:545} INFO - Filling up the DagBag from /opt/airflow/dags/dl_overview.py
[2026-02-19T12:42:47.906+0000] {processor.py:840} INFO - DAG(s) 'company_overview_to_minio' retrieved from /opt/airflow/dags/dl_overview.py
[2026-02-19T12:42:47.929+0000] {logging_mixin.py:188} INFO - [2026-02-19T12:42:47.929+0000] {dag.py:3089} INFO - Sync 1 DAGs
[2026-02-19T12:42:47.951+0000] {logging_mixin.py:188} INFO - [2026-02-19T12:42:47.950+0000] {dag.py:3947} INFO - Setting next_dagrun for company_overview_to_minio to 2026-02-15 00:00:00+00:00, run_after=2026-02-22 00:00:00+00:00
[2026-02-19T12:42:47.969+0000] {processor.py:183} INFO - Processing /opt/airflow/dags/dl_overview.py took 0.100 seconds
[2026-02-19T12:43:18.315+0000] {processor.py:161} INFO - Started process (PID=382) to work on /opt/airflow/dags/dl_overview.py
[2026-02-19T12:43:18.316+0000] {processor.py:830} INFO - Processing file /opt/airflow/dags/dl_overview.py for tasks to queue
[2026-02-19T12:43:18.317+0000] {logging_mixin.py:188} INFO - [2026-02-19T12:43:18.316+0000] {dagbag.py:545} INFO - Filling up the DagBag from /opt/airflow/dags/dl_overview.py
[2026-02-19T12:43:18.344+0000] {processor.py:840} INFO - DAG(s) 'company_overview_to_minio' retrieved from /opt/airflow/dags/dl_overview.py
[2026-02-19T12:43:18.366+0000] {logging_mixin.py:188} INFO - [2026-02-19T12:43:18.366+0000] {dag.py:3089} INFO - Sync 1 DAGs
[2026-02-19T12:43:18.385+0000] {logging_mixin.py:188} INFO - [2026-02-19T12:43:18.385+0000] {dag.py:3947} INFO - Setting next_dagrun for company_overview_to_minio to 2026-02-15 00:00:00+00:00, run_after=2026-02-22 00:00:00+00:00
[2026-02-19T12:43:18.400+0000] {processor.py:183} INFO - Processing /opt/airflow/dags/dl_overview.py took 0.090 seconds
[2026-02-19T12:43:49.030+0000] {processor.py:161} INFO - Started process (PID=404) to work on /opt/airflow/dags/dl_overview.py
[2026-02-19T12:43:49.030+0000] {processor.py:830} INFO - Processing file /opt/airflow/dags/dl_overview.py for tasks to queue
[2026-02-19T12:43:49.031+0000] {logging_mixin.py:188} INFO - [2026-02-19T12:43:49.031+0000] {dagbag.py:545} INFO - Filling up the DagBag from /opt/airflow/dags/dl_overview.py
[2026-02-19T12:43:49.062+0000] {processor.py:840} INFO - DAG(s) 'company_overview_to_minio' retrieved from /opt/airflow/dags/dl_overview.py
[2026-02-19T12:43:49.083+0000] {logging_mixin.py:188} INFO - [2026-02-19T12:43:49.083+0000] {dag.py:3089} INFO - Sync 1 DAGs
[2026-02-19T12:43:49.102+0000] {logging_mixin.py:188} INFO - [2026-02-19T12:43:49.102+0000] {dag.py:3947} INFO - Setting next_dagrun for company_overview_to_minio to 2026-02-15 00:00:00+00:00, run_after=2026-02-22 00:00:00+00:00
[2026-02-19T12:43:49.118+0000] {processor.py:183} INFO - Processing /opt/airflow/dags/dl_overview.py took 0.093 seconds
[2026-02-19T12:44:19.540+0000] {processor.py:161} INFO - Started process (PID=426) to work on /opt/airflow/dags/dl_overview.py
[2026-02-19T12:44:19.540+0000] {processor.py:830} INFO - Processing file /opt/airflow/dags/dl_overview.py for tasks to queue
[2026-02-19T12:44:19.541+0000] {logging_mixin.py:188} INFO - [2026-02-19T12:44:19.541+0000] {dagbag.py:545} INFO - Filling up the DagBag from /opt/airflow/dags/dl_overview.py
[2026-02-19T12:44:19.572+0000] {processor.py:840} INFO - DAG(s) 'company_overview_to_minio' retrieved from /opt/airflow/dags/dl_overview.py
[2026-02-19T12:44:19.594+0000] {logging_mixin.py:188} INFO - [2026-02-19T12:44:19.593+0000] {dag.py:3089} INFO - Sync 1 DAGs
[2026-02-19T12:44:19.614+0000] {logging_mixin.py:188} INFO - [2026-02-19T12:44:19.614+0000] {dag.py:3947} INFO - Setting next_dagrun for company_overview_to_minio to 2026-02-15 00:00:00+00:00, run_after=2026-02-22 00:00:00+00:00
[2026-02-19T12:44:19.631+0000] {processor.py:183} INFO - Processing /opt/airflow/dags/dl_overview.py took 0.096 seconds
[2026-02-19T12:44:50.467+0000] {processor.py:161} INFO - Started process (PID=448) to work on /opt/airflow/dags/dl_overview.py
[2026-02-19T12:44:50.468+0000] {processor.py:830} INFO - Processing file /opt/airflow/dags/dl_overview.py for tasks to queue
[2026-02-19T12:44:50.469+0000] {logging_mixin.py:188} INFO - [2026-02-19T12:44:50.469+0000] {dagbag.py:545} INFO - Filling up the DagBag from /opt/airflow/dags/dl_overview.py
[2026-02-19T12:44:50.502+0000] {processor.py:840} INFO - DAG(s) 'company_overview_to_minio' retrieved from /opt/airflow/dags/dl_overview.py
[2026-02-19T12:44:50.527+0000] {logging_mixin.py:188} INFO - [2026-02-19T12:44:50.526+0000] {dag.py:3089} INFO - Sync 1 DAGs
[2026-02-19T12:44:50.556+0000] {logging_mixin.py:188} INFO - [2026-02-19T12:44:50.555+0000] {dag.py:3947} INFO - Setting next_dagrun for company_overview_to_minio to 2026-02-15 00:00:00+00:00, run_after=2026-02-22 00:00:00+00:00
[2026-02-19T12:44:50.578+0000] {processor.py:183} INFO - Processing /opt/airflow/dags/dl_overview.py took 0.116 seconds
[2026-02-19T12:45:20.952+0000] {processor.py:161} INFO - Started process (PID=470) to work on /opt/airflow/dags/dl_overview.py
[2026-02-19T12:45:20.953+0000] {processor.py:830} INFO - Processing file /opt/airflow/dags/dl_overview.py for tasks to queue
[2026-02-19T12:45:20.953+0000] {logging_mixin.py:188} INFO - [2026-02-19T12:45:20.953+0000] {dagbag.py:545} INFO - Filling up the DagBag from /opt/airflow/dags/dl_overview.py
[2026-02-19T12:45:20.982+0000] {processor.py:840} INFO - DAG(s) 'company_overview_to_minio' retrieved from /opt/airflow/dags/dl_overview.py
[2026-02-19T12:45:21.007+0000] {logging_mixin.py:188} INFO - [2026-02-19T12:45:21.007+0000] {dag.py:3089} INFO - Sync 1 DAGs
[2026-02-19T12:45:21.029+0000] {logging_mixin.py:188} INFO - [2026-02-19T12:45:21.029+0000] {dag.py:3947} INFO - Setting next_dagrun for company_overview_to_minio to 2026-02-15 00:00:00+00:00, run_after=2026-02-22 00:00:00+00:00
[2026-02-19T12:45:21.049+0000] {processor.py:183} INFO - Processing /opt/airflow/dags/dl_overview.py took 0.103 seconds
[2026-02-19T12:45:51.572+0000] {processor.py:161} INFO - Started process (PID=492) to work on /opt/airflow/dags/dl_overview.py
[2026-02-19T12:45:51.573+0000] {processor.py:830} INFO - Processing file /opt/airflow/dags/dl_overview.py for tasks to queue
[2026-02-19T12:45:51.576+0000] {logging_mixin.py:188} INFO - [2026-02-19T12:45:51.575+0000] {dagbag.py:545} INFO - Filling up the DagBag from /opt/airflow/dags/dl_overview.py
[2026-02-19T12:45:51.658+0000] {processor.py:840} INFO - DAG(s) 'company_overview_to_minio' retrieved from /opt/airflow/dags/dl_overview.py
[2026-02-19T12:45:51.701+0000] {logging_mixin.py:188} INFO - [2026-02-19T12:45:51.700+0000] {dag.py:3089} INFO - Sync 1 DAGs
[2026-02-19T12:45:51.746+0000] {logging_mixin.py:188} INFO - [2026-02-19T12:45:51.746+0000] {dag.py:3947} INFO - Setting next_dagrun for company_overview_to_minio to 2026-02-15 00:00:00+00:00, run_after=2026-02-22 00:00:00+00:00
[2026-02-19T12:45:51.794+0000] {processor.py:183} INFO - Processing /opt/airflow/dags/dl_overview.py took 0.231 seconds
[2026-02-19T12:46:22.374+0000] {processor.py:161} INFO - Started process (PID=514) to work on /opt/airflow/dags/dl_overview.py
[2026-02-19T12:46:22.374+0000] {processor.py:830} INFO - Processing file /opt/airflow/dags/dl_overview.py for tasks to queue
[2026-02-19T12:46:22.375+0000] {logging_mixin.py:188} INFO - [2026-02-19T12:46:22.375+0000] {dagbag.py:545} INFO - Filling up the DagBag from /opt/airflow/dags/dl_overview.py
[2026-02-19T12:46:22.402+0000] {processor.py:840} INFO - DAG(s) 'company_overview_to_minio' retrieved from /opt/airflow/dags/dl_overview.py
[2026-02-19T12:46:22.423+0000] {logging_mixin.py:188} INFO - [2026-02-19T12:46:22.423+0000] {dag.py:3089} INFO - Sync 1 DAGs
[2026-02-19T12:46:22.444+0000] {logging_mixin.py:188} INFO - [2026-02-19T12:46:22.444+0000] {dag.py:3947} INFO - Setting next_dagrun for company_overview_to_minio to 2026-02-15 00:00:00+00:00, run_after=2026-02-22 00:00:00+00:00
[2026-02-19T12:46:22.462+0000] {processor.py:183} INFO - Processing /opt/airflow/dags/dl_overview.py took 0.094 seconds
[2026-02-19T12:46:52.922+0000] {processor.py:161} INFO - Started process (PID=537) to work on /opt/airflow/dags/dl_overview.py
[2026-02-19T12:46:52.923+0000] {processor.py:830} INFO - Processing file /opt/airflow/dags/dl_overview.py for tasks to queue
[2026-02-19T12:46:52.924+0000] {logging_mixin.py:188} INFO - [2026-02-19T12:46:52.923+0000] {dagbag.py:545} INFO - Filling up the DagBag from /opt/airflow/dags/dl_overview.py
[2026-02-19T12:46:52.953+0000] {processor.py:840} INFO - DAG(s) 'company_overview_to_minio' retrieved from /opt/airflow/dags/dl_overview.py
[2026-02-19T12:46:52.972+0000] {logging_mixin.py:188} INFO - [2026-02-19T12:46:52.972+0000] {dag.py:3089} INFO - Sync 1 DAGs
[2026-02-19T12:46:52.990+0000] {logging_mixin.py:188} INFO - [2026-02-19T12:46:52.990+0000] {dag.py:3947} INFO - Setting next_dagrun for company_overview_to_minio to 2026-02-15 00:00:00+00:00, run_after=2026-02-22 00:00:00+00:00
[2026-02-19T12:46:53.007+0000] {processor.py:183} INFO - Processing /opt/airflow/dags/dl_overview.py took 0.091 seconds
[2026-02-19T12:47:23.535+0000] {processor.py:161} INFO - Started process (PID=559) to work on /opt/airflow/dags/dl_overview.py
[2026-02-19T12:47:23.536+0000] {processor.py:830} INFO - Processing file /opt/airflow/dags/dl_overview.py for tasks to queue
[2026-02-19T12:47:23.537+0000] {logging_mixin.py:188} INFO - [2026-02-19T12:47:23.536+0000] {dagbag.py:545} INFO - Filling up the DagBag from /opt/airflow/dags/dl_overview.py
[2026-02-19T12:47:23.567+0000] {processor.py:840} INFO - DAG(s) 'company_overview_to_minio' retrieved from /opt/airflow/dags/dl_overview.py
[2026-02-19T12:47:23.590+0000] {logging_mixin.py:188} INFO - [2026-02-19T12:47:23.590+0000] {dag.py:3089} INFO - Sync 1 DAGs
[2026-02-19T12:47:23.613+0000] {logging_mixin.py:188} INFO - [2026-02-19T12:47:23.613+0000] {dag.py:3947} INFO - Setting next_dagrun for company_overview_to_minio to 2026-02-15 00:00:00+00:00, run_after=2026-02-22 00:00:00+00:00
[2026-02-19T12:47:23.634+0000] {processor.py:183} INFO - Processing /opt/airflow/dags/dl_overview.py took 0.104 seconds
[2026-02-19T12:47:53.845+0000] {processor.py:161} INFO - Started process (PID=581) to work on /opt/airflow/dags/dl_overview.py
[2026-02-19T12:47:53.845+0000] {processor.py:830} INFO - Processing file /opt/airflow/dags/dl_overview.py for tasks to queue
[2026-02-19T12:47:53.846+0000] {logging_mixin.py:188} INFO - [2026-02-19T12:47:53.846+0000] {dagbag.py:545} INFO - Filling up the DagBag from /opt/airflow/dags/dl_overview.py
[2026-02-19T12:47:53.877+0000] {processor.py:840} INFO - DAG(s) 'company_overview_to_minio' retrieved from /opt/airflow/dags/dl_overview.py
[2026-02-19T12:47:53.901+0000] {logging_mixin.py:188} INFO - [2026-02-19T12:47:53.901+0000] {dag.py:3089} INFO - Sync 1 DAGs
[2026-02-19T12:47:53.922+0000] {logging_mixin.py:188} INFO - [2026-02-19T12:47:53.922+0000] {dag.py:3947} INFO - Setting next_dagrun for company_overview_to_minio to 2026-02-15 00:00:00+00:00, run_after=2026-02-22 00:00:00+00:00
[2026-02-19T12:47:53.940+0000] {processor.py:183} INFO - Processing /opt/airflow/dags/dl_overview.py took 0.101 seconds
[2026-02-19T12:48:24.329+0000] {processor.py:161} INFO - Started process (PID=604) to work on /opt/airflow/dags/dl_overview.py
[2026-02-19T12:48:24.330+0000] {processor.py:830} INFO - Processing file /opt/airflow/dags/dl_overview.py for tasks to queue
[2026-02-19T12:48:24.331+0000] {logging_mixin.py:188} INFO - [2026-02-19T12:48:24.331+0000] {dagbag.py:545} INFO - Filling up the DagBag from /opt/airflow/dags/dl_overview.py
[2026-02-19T12:48:24.358+0000] {processor.py:840} INFO - DAG(s) 'company_overview_to_minio' retrieved from /opt/airflow/dags/dl_overview.py
[2026-02-19T12:48:24.381+0000] {logging_mixin.py:188} INFO - [2026-02-19T12:48:24.381+0000] {dag.py:3089} INFO - Sync 1 DAGs
[2026-02-19T12:48:24.401+0000] {logging_mixin.py:188} INFO - [2026-02-19T12:48:24.401+0000] {dag.py:3947} INFO - Setting next_dagrun for company_overview_to_minio to 2026-02-15 00:00:00+00:00, run_after=2026-02-22 00:00:00+00:00
[2026-02-19T12:48:24.425+0000] {processor.py:183} INFO - Processing /opt/airflow/dags/dl_overview.py took 0.101 seconds
[2026-02-19T12:48:54.869+0000] {processor.py:161} INFO - Started process (PID=626) to work on /opt/airflow/dags/dl_overview.py
[2026-02-19T12:48:54.870+0000] {processor.py:830} INFO - Processing file /opt/airflow/dags/dl_overview.py for tasks to queue
[2026-02-19T12:48:54.871+0000] {logging_mixin.py:188} INFO - [2026-02-19T12:48:54.870+0000] {dagbag.py:545} INFO - Filling up the DagBag from /opt/airflow/dags/dl_overview.py
[2026-02-19T12:48:54.898+0000] {processor.py:840} INFO - DAG(s) 'company_overview_to_minio' retrieved from /opt/airflow/dags/dl_overview.py
[2026-02-19T12:48:54.919+0000] {logging_mixin.py:188} INFO - [2026-02-19T12:48:54.919+0000] {dag.py:3089} INFO - Sync 1 DAGs
[2026-02-19T12:48:54.939+0000] {logging_mixin.py:188} INFO - [2026-02-19T12:48:54.939+0000] {dag.py:3947} INFO - Setting next_dagrun for company_overview_to_minio to 2026-02-15 00:00:00+00:00, run_after=2026-02-22 00:00:00+00:00
[2026-02-19T12:48:54.958+0000] {processor.py:183} INFO - Processing /opt/airflow/dags/dl_overview.py took 0.094 seconds
[2026-02-19T12:49:25.440+0000] {processor.py:161} INFO - Started process (PID=648) to work on /opt/airflow/dags/dl_overview.py
[2026-02-19T12:49:25.441+0000] {processor.py:830} INFO - Processing file /opt/airflow/dags/dl_overview.py for tasks to queue
[2026-02-19T12:49:25.443+0000] {logging_mixin.py:188} INFO - [2026-02-19T12:49:25.442+0000] {dagbag.py:545} INFO - Filling up the DagBag from /opt/airflow/dags/dl_overview.py
[2026-02-19T12:49:25.478+0000] {processor.py:840} INFO - DAG(s) 'company_overview_to_minio' retrieved from /opt/airflow/dags/dl_overview.py
[2026-02-19T12:49:25.501+0000] {logging_mixin.py:188} INFO - [2026-02-19T12:49:25.500+0000] {dag.py:3089} INFO - Sync 1 DAGs
[2026-02-19T12:49:25.523+0000] {logging_mixin.py:188} INFO - [2026-02-19T12:49:25.523+0000] {dag.py:3947} INFO - Setting next_dagrun for company_overview_to_minio to 2026-02-15 00:00:00+00:00, run_after=2026-02-22 00:00:00+00:00
[2026-02-19T12:49:25.544+0000] {processor.py:183} INFO - Processing /opt/airflow/dags/dl_overview.py took 0.110 seconds
[2026-02-19T12:49:55.874+0000] {processor.py:161} INFO - Started process (PID=670) to work on /opt/airflow/dags/dl_overview.py
[2026-02-19T12:49:55.875+0000] {processor.py:830} INFO - Processing file /opt/airflow/dags/dl_overview.py for tasks to queue
[2026-02-19T12:49:55.876+0000] {logging_mixin.py:188} INFO - [2026-02-19T12:49:55.876+0000] {dagbag.py:545} INFO - Filling up the DagBag from /opt/airflow/dags/dl_overview.py
[2026-02-19T12:49:55.909+0000] {processor.py:840} INFO - DAG(s) 'company_overview_to_minio' retrieved from /opt/airflow/dags/dl_overview.py
[2026-02-19T12:49:55.936+0000] {logging_mixin.py:188} INFO - [2026-02-19T12:49:55.935+0000] {dag.py:3089} INFO - Sync 1 DAGs
[2026-02-19T12:49:55.961+0000] {logging_mixin.py:188} INFO - [2026-02-19T12:49:55.961+0000] {dag.py:3947} INFO - Setting next_dagrun for company_overview_to_minio to 2026-02-15 00:00:00+00:00, run_after=2026-02-22 00:00:00+00:00
[2026-02-19T12:49:55.985+0000] {processor.py:183} INFO - Processing /opt/airflow/dags/dl_overview.py took 0.117 seconds
[2026-02-19T12:50:26.286+0000] {processor.py:161} INFO - Started process (PID=692) to work on /opt/airflow/dags/dl_overview.py
[2026-02-19T12:50:26.286+0000] {processor.py:830} INFO - Processing file /opt/airflow/dags/dl_overview.py for tasks to queue
[2026-02-19T12:50:26.287+0000] {logging_mixin.py:188} INFO - [2026-02-19T12:50:26.287+0000] {dagbag.py:545} INFO - Filling up the DagBag from /opt/airflow/dags/dl_overview.py
[2026-02-19T12:50:26.316+0000] {processor.py:840} INFO - DAG(s) 'company_overview_to_minio' retrieved from /opt/airflow/dags/dl_overview.py
[2026-02-19T12:50:26.337+0000] {logging_mixin.py:188} INFO - [2026-02-19T12:50:26.337+0000] {dag.py:3089} INFO - Sync 1 DAGs
[2026-02-19T12:50:26.356+0000] {logging_mixin.py:188} INFO - [2026-02-19T12:50:26.356+0000] {dag.py:3947} INFO - Setting next_dagrun for company_overview_to_minio to 2026-02-15 00:00:00+00:00, run_after=2026-02-22 00:00:00+00:00
[2026-02-19T12:50:26.373+0000] {processor.py:183} INFO - Processing /opt/airflow/dags/dl_overview.py took 0.092 seconds
[2026-02-19T12:50:56.991+0000] {processor.py:161} INFO - Started process (PID=714) to work on /opt/airflow/dags/dl_overview.py
[2026-02-19T12:50:56.992+0000] {processor.py:830} INFO - Processing file /opt/airflow/dags/dl_overview.py for tasks to queue
[2026-02-19T12:50:56.993+0000] {logging_mixin.py:188} INFO - [2026-02-19T12:50:56.992+0000] {dagbag.py:545} INFO - Filling up the DagBag from /opt/airflow/dags/dl_overview.py
[2026-02-19T12:50:57.031+0000] {processor.py:840} INFO - DAG(s) 'company_overview_to_minio' retrieved from /opt/airflow/dags/dl_overview.py
[2026-02-19T12:50:57.058+0000] {logging_mixin.py:188} INFO - [2026-02-19T12:50:57.058+0000] {dag.py:3089} INFO - Sync 1 DAGs
[2026-02-19T12:50:57.083+0000] {logging_mixin.py:188} INFO - [2026-02-19T12:50:57.083+0000] {dag.py:3947} INFO - Setting next_dagrun for company_overview_to_minio to 2026-02-15 00:00:00+00:00, run_after=2026-02-22 00:00:00+00:00
[2026-02-19T12:50:57.106+0000] {processor.py:183} INFO - Processing /opt/airflow/dags/dl_overview.py took 0.122 seconds
[2026-02-19T12:51:27.634+0000] {processor.py:161} INFO - Started process (PID=736) to work on /opt/airflow/dags/dl_overview.py
[2026-02-19T12:51:27.634+0000] {processor.py:830} INFO - Processing file /opt/airflow/dags/dl_overview.py for tasks to queue
[2026-02-19T12:51:27.635+0000] {logging_mixin.py:188} INFO - [2026-02-19T12:51:27.635+0000] {dagbag.py:545} INFO - Filling up the DagBag from /opt/airflow/dags/dl_overview.py
[2026-02-19T12:51:27.661+0000] {processor.py:840} INFO - DAG(s) 'company_overview_to_minio' retrieved from /opt/airflow/dags/dl_overview.py
[2026-02-19T12:51:27.681+0000] {logging_mixin.py:188} INFO - [2026-02-19T12:51:27.681+0000] {dag.py:3089} INFO - Sync 1 DAGs
[2026-02-19T12:51:27.701+0000] {logging_mixin.py:188} INFO - [2026-02-19T12:51:27.700+0000] {dag.py:3947} INFO - Setting next_dagrun for company_overview_to_minio to 2026-02-15 00:00:00+00:00, run_after=2026-02-22 00:00:00+00:00
[2026-02-19T12:51:27.718+0000] {processor.py:183} INFO - Processing /opt/airflow/dags/dl_overview.py took 0.090 seconds
[2026-02-19T12:51:58.086+0000] {processor.py:161} INFO - Started process (PID=758) to work on /opt/airflow/dags/dl_overview.py
[2026-02-19T12:51:58.086+0000] {processor.py:830} INFO - Processing file /opt/airflow/dags/dl_overview.py for tasks to queue
[2026-02-19T12:51:58.087+0000] {logging_mixin.py:188} INFO - [2026-02-19T12:51:58.087+0000] {dagbag.py:545} INFO - Filling up the DagBag from /opt/airflow/dags/dl_overview.py
[2026-02-19T12:51:58.113+0000] {processor.py:840} INFO - DAG(s) 'company_overview_to_minio' retrieved from /opt/airflow/dags/dl_overview.py
[2026-02-19T12:51:58.134+0000] {logging_mixin.py:188} INFO - [2026-02-19T12:51:58.133+0000] {dag.py:3089} INFO - Sync 1 DAGs
[2026-02-19T12:51:58.153+0000] {logging_mixin.py:188} INFO - [2026-02-19T12:51:58.153+0000] {dag.py:3947} INFO - Setting next_dagrun for company_overview_to_minio to 2026-02-15 00:00:00+00:00, run_after=2026-02-22 00:00:00+00:00
[2026-02-19T12:51:58.169+0000] {processor.py:183} INFO - Processing /opt/airflow/dags/dl_overview.py took 0.088 seconds
[2026-02-19T12:52:28.567+0000] {processor.py:161} INFO - Started process (PID=780) to work on /opt/airflow/dags/dl_overview.py
[2026-02-19T12:52:28.568+0000] {processor.py:830} INFO - Processing file /opt/airflow/dags/dl_overview.py for tasks to queue
[2026-02-19T12:52:28.569+0000] {logging_mixin.py:188} INFO - [2026-02-19T12:52:28.568+0000] {dagbag.py:545} INFO - Filling up the DagBag from /opt/airflow/dags/dl_overview.py
[2026-02-19T12:52:28.598+0000] {processor.py:840} INFO - DAG(s) 'company_overview_to_minio' retrieved from /opt/airflow/dags/dl_overview.py
[2026-02-19T12:52:28.618+0000] {logging_mixin.py:188} INFO - [2026-02-19T12:52:28.618+0000] {dag.py:3089} INFO - Sync 1 DAGs
[2026-02-19T12:52:28.640+0000] {logging_mixin.py:188} INFO - [2026-02-19T12:52:28.639+0000] {dag.py:3947} INFO - Setting next_dagrun for company_overview_to_minio to 2026-02-15 00:00:00+00:00, run_after=2026-02-22 00:00:00+00:00
[2026-02-19T12:52:28.657+0000] {processor.py:183} INFO - Processing /opt/airflow/dags/dl_overview.py took 0.095 seconds
[2026-02-19T12:52:58.871+0000] {processor.py:161} INFO - Started process (PID=802) to work on /opt/airflow/dags/dl_overview.py
[2026-02-19T12:52:58.872+0000] {processor.py:830} INFO - Processing file /opt/airflow/dags/dl_overview.py for tasks to queue
[2026-02-19T12:52:58.873+0000] {logging_mixin.py:188} INFO - [2026-02-19T12:52:58.873+0000] {dagbag.py:545} INFO - Filling up the DagBag from /opt/airflow/dags/dl_overview.py
[2026-02-19T12:52:58.902+0000] {processor.py:840} INFO - DAG(s) 'company_overview_to_minio' retrieved from /opt/airflow/dags/dl_overview.py
[2026-02-19T12:52:58.923+0000] {logging_mixin.py:188} INFO - [2026-02-19T12:52:58.922+0000] {dag.py:3089} INFO - Sync 1 DAGs
[2026-02-19T12:52:58.942+0000] {logging_mixin.py:188} INFO - [2026-02-19T12:52:58.942+0000] {dag.py:3947} INFO - Setting next_dagrun for company_overview_to_minio to 2026-02-15 00:00:00+00:00, run_after=2026-02-22 00:00:00+00:00
[2026-02-19T12:52:58.960+0000] {processor.py:183} INFO - Processing /opt/airflow/dags/dl_overview.py took 0.094 seconds
[2026-02-19T12:53:30.026+0000] {processor.py:161} INFO - Started process (PID=824) to work on /opt/airflow/dags/dl_overview.py
[2026-02-19T12:53:30.027+0000] {processor.py:830} INFO - Processing file /opt/airflow/dags/dl_overview.py for tasks to queue
[2026-02-19T12:53:30.028+0000] {logging_mixin.py:188} INFO - [2026-02-19T12:53:30.028+0000] {dagbag.py:545} INFO - Filling up the DagBag from /opt/airflow/dags/dl_overview.py
[2026-02-19T12:53:30.056+0000] {processor.py:840} INFO - DAG(s) 'company_overview_to_minio' retrieved from /opt/airflow/dags/dl_overview.py
[2026-02-19T12:53:30.077+0000] {logging_mixin.py:188} INFO - [2026-02-19T12:53:30.076+0000] {dag.py:3089} INFO - Sync 1 DAGs
[2026-02-19T12:53:30.097+0000] {logging_mixin.py:188} INFO - [2026-02-19T12:53:30.097+0000] {dag.py:3947} INFO - Setting next_dagrun for company_overview_to_minio to 2026-02-15 00:00:00+00:00, run_after=2026-02-22 00:00:00+00:00
[2026-02-19T12:53:30.113+0000] {processor.py:183} INFO - Processing /opt/airflow/dags/dl_overview.py took 0.092 seconds
[2026-02-19T12:54:00.644+0000] {processor.py:161} INFO - Started process (PID=846) to work on /opt/airflow/dags/dl_overview.py
[2026-02-19T12:54:00.645+0000] {processor.py:830} INFO - Processing file /opt/airflow/dags/dl_overview.py for tasks to queue
[2026-02-19T12:54:00.646+0000] {logging_mixin.py:188} INFO - [2026-02-19T12:54:00.645+0000] {dagbag.py:545} INFO - Filling up the DagBag from /opt/airflow/dags/dl_overview.py
[2026-02-19T12:54:00.677+0000] {processor.py:840} INFO - DAG(s) 'company_overview_to_minio' retrieved from /opt/airflow/dags/dl_overview.py
[2026-02-19T12:54:00.698+0000] {logging_mixin.py:188} INFO - [2026-02-19T12:54:00.698+0000] {dag.py:3089} INFO - Sync 1 DAGs
[2026-02-19T12:54:00.719+0000] {logging_mixin.py:188} INFO - [2026-02-19T12:54:00.719+0000] {dag.py:3947} INFO - Setting next_dagrun for company_overview_to_minio to 2026-02-15 00:00:00+00:00, run_after=2026-02-22 00:00:00+00:00
[2026-02-19T12:54:00.736+0000] {processor.py:183} INFO - Processing /opt/airflow/dags/dl_overview.py took 0.097 seconds
[2026-02-19T12:54:30.873+0000] {processor.py:161} INFO - Started process (PID=868) to work on /opt/airflow/dags/dl_overview.py
[2026-02-19T12:54:30.873+0000] {processor.py:830} INFO - Processing file /opt/airflow/dags/dl_overview.py for tasks to queue
[2026-02-19T12:54:30.874+0000] {logging_mixin.py:188} INFO - [2026-02-19T12:54:30.874+0000] {dagbag.py:545} INFO - Filling up the DagBag from /opt/airflow/dags/dl_overview.py
[2026-02-19T12:54:30.903+0000] {processor.py:840} INFO - DAG(s) 'company_overview_to_minio' retrieved from /opt/airflow/dags/dl_overview.py
[2026-02-19T12:54:30.926+0000] {logging_mixin.py:188} INFO - [2026-02-19T12:54:30.926+0000] {dag.py:3089} INFO - Sync 1 DAGs
[2026-02-19T12:54:30.947+0000] {logging_mixin.py:188} INFO - [2026-02-19T12:54:30.946+0000] {dag.py:3947} INFO - Setting next_dagrun for company_overview_to_minio to 2026-02-15 00:00:00+00:00, run_after=2026-02-22 00:00:00+00:00
[2026-02-19T12:54:30.964+0000] {processor.py:183} INFO - Processing /opt/airflow/dags/dl_overview.py took 0.097 seconds
[2026-02-19T12:55:01.597+0000] {processor.py:161} INFO - Started process (PID=891) to work on /opt/airflow/dags/dl_overview.py
[2026-02-19T12:55:01.597+0000] {processor.py:830} INFO - Processing file /opt/airflow/dags/dl_overview.py for tasks to queue
[2026-02-19T12:55:01.598+0000] {logging_mixin.py:188} INFO - [2026-02-19T12:55:01.598+0000] {dagbag.py:545} INFO - Filling up the DagBag from /opt/airflow/dags/dl_overview.py
[2026-02-19T12:55:01.625+0000] {processor.py:840} INFO - DAG(s) 'company_overview_to_minio' retrieved from /opt/airflow/dags/dl_overview.py
[2026-02-19T12:55:01.646+0000] {logging_mixin.py:188} INFO - [2026-02-19T12:55:01.646+0000] {dag.py:3089} INFO - Sync 1 DAGs
[2026-02-19T12:55:01.665+0000] {logging_mixin.py:188} INFO - [2026-02-19T12:55:01.665+0000] {dag.py:3947} INFO - Setting next_dagrun for company_overview_to_minio to 2026-02-15 00:00:00+00:00, run_after=2026-02-22 00:00:00+00:00
[2026-02-19T12:55:01.683+0000] {processor.py:183} INFO - Processing /opt/airflow/dags/dl_overview.py took 0.091 seconds
[2026-02-19T12:55:32.160+0000] {processor.py:161} INFO - Started process (PID=913) to work on /opt/airflow/dags/dl_overview.py
[2026-02-19T12:55:32.161+0000] {processor.py:830} INFO - Processing file /opt/airflow/dags/dl_overview.py for tasks to queue
[2026-02-19T12:55:32.161+0000] {logging_mixin.py:188} INFO - [2026-02-19T12:55:32.161+0000] {dagbag.py:545} INFO - Filling up the DagBag from /opt/airflow/dags/dl_overview.py
[2026-02-19T12:55:32.186+0000] {processor.py:840} INFO - DAG(s) 'company_overview_to_minio' retrieved from /opt/airflow/dags/dl_overview.py
[2026-02-19T12:55:32.206+0000] {logging_mixin.py:188} INFO - [2026-02-19T12:55:32.206+0000] {dag.py:3089} INFO - Sync 1 DAGs
[2026-02-19T12:55:32.225+0000] {logging_mixin.py:188} INFO - [2026-02-19T12:55:32.225+0000] {dag.py:3947} INFO - Setting next_dagrun for company_overview_to_minio to 2026-02-15 00:00:00+00:00, run_after=2026-02-22 00:00:00+00:00
[2026-02-19T12:55:32.243+0000] {processor.py:183} INFO - Processing /opt/airflow/dags/dl_overview.py took 0.088 seconds
[2026-02-19T12:56:02.828+0000] {processor.py:161} INFO - Started process (PID=935) to work on /opt/airflow/dags/dl_overview.py
[2026-02-19T12:56:02.832+0000] {processor.py:830} INFO - Processing file /opt/airflow/dags/dl_overview.py for tasks to queue
[2026-02-19T12:56:02.834+0000] {logging_mixin.py:188} INFO - [2026-02-19T12:56:02.833+0000] {dagbag.py:545} INFO - Filling up the DagBag from /opt/airflow/dags/dl_overview.py
[2026-02-19T12:56:02.889+0000] {processor.py:840} INFO - DAG(s) 'company_overview_to_minio' retrieved from /opt/airflow/dags/dl_overview.py
[2026-02-19T12:56:02.923+0000] {logging_mixin.py:188} INFO - [2026-02-19T12:56:02.923+0000] {dag.py:3089} INFO - Sync 1 DAGs
[2026-02-19T12:56:02.966+0000] {logging_mixin.py:188} INFO - [2026-02-19T12:56:02.966+0000] {dag.py:3947} INFO - Setting next_dagrun for company_overview_to_minio to 2026-02-15 00:00:00+00:00, run_after=2026-02-22 00:00:00+00:00
[2026-02-19T12:56:03.021+0000] {processor.py:183} INFO - Processing /opt/airflow/dags/dl_overview.py took 0.202 seconds
[2026-02-19T12:56:33.206+0000] {processor.py:161} INFO - Started process (PID=958) to work on /opt/airflow/dags/dl_overview.py
[2026-02-19T12:56:33.206+0000] {processor.py:830} INFO - Processing file /opt/airflow/dags/dl_overview.py for tasks to queue
[2026-02-19T12:56:33.207+0000] {logging_mixin.py:188} INFO - [2026-02-19T12:56:33.207+0000] {dagbag.py:545} INFO - Filling up the DagBag from /opt/airflow/dags/dl_overview.py
[2026-02-19T12:56:33.234+0000] {processor.py:840} INFO - DAG(s) 'company_overview_to_minio' retrieved from /opt/airflow/dags/dl_overview.py
[2026-02-19T12:56:33.254+0000] {logging_mixin.py:188} INFO - [2026-02-19T12:56:33.254+0000] {dag.py:3089} INFO - Sync 1 DAGs
[2026-02-19T12:56:33.272+0000] {logging_mixin.py:188} INFO - [2026-02-19T12:56:33.272+0000] {dag.py:3947} INFO - Setting next_dagrun for company_overview_to_minio to 2026-02-15 00:00:00+00:00, run_after=2026-02-22 00:00:00+00:00
[2026-02-19T12:56:33.289+0000] {processor.py:183} INFO - Processing /opt/airflow/dags/dl_overview.py took 0.088 seconds
[2026-02-19T12:57:03.562+0000] {processor.py:161} INFO - Started process (PID=979) to work on /opt/airflow/dags/dl_overview.py
[2026-02-19T12:57:03.562+0000] {processor.py:830} INFO - Processing file /opt/airflow/dags/dl_overview.py for tasks to queue
[2026-02-19T12:57:03.563+0000] {logging_mixin.py:188} INFO - [2026-02-19T12:57:03.563+0000] {dagbag.py:545} INFO - Filling up the DagBag from /opt/airflow/dags/dl_overview.py
[2026-02-19T12:57:03.599+0000] {processor.py:840} INFO - DAG(s) 'company_overview_to_minio' retrieved from /opt/airflow/dags/dl_overview.py
[2026-02-19T12:57:03.622+0000] {logging_mixin.py:188} INFO - [2026-02-19T12:57:03.621+0000] {dag.py:3089} INFO - Sync 1 DAGs
[2026-02-19T12:57:03.642+0000] {logging_mixin.py:188} INFO - [2026-02-19T12:57:03.642+0000] {dag.py:3947} INFO - Setting next_dagrun for company_overview_to_minio to 2026-02-15 00:00:00+00:00, run_after=2026-02-22 00:00:00+00:00
[2026-02-19T12:57:03.658+0000] {processor.py:183} INFO - Processing /opt/airflow/dags/dl_overview.py took 0.103 seconds
[2026-02-19T12:57:34.011+0000] {processor.py:161} INFO - Started process (PID=1001) to work on /opt/airflow/dags/dl_overview.py
[2026-02-19T12:57:34.012+0000] {processor.py:830} INFO - Processing file /opt/airflow/dags/dl_overview.py for tasks to queue
[2026-02-19T12:57:34.013+0000] {logging_mixin.py:188} INFO - [2026-02-19T12:57:34.012+0000] {dagbag.py:545} INFO - Filling up the DagBag from /opt/airflow/dags/dl_overview.py
[2026-02-19T12:57:34.043+0000] {processor.py:840} INFO - DAG(s) 'company_overview_to_minio' retrieved from /opt/airflow/dags/dl_overview.py
[2026-02-19T12:57:34.063+0000] {logging_mixin.py:188} INFO - [2026-02-19T12:57:34.063+0000] {dag.py:3089} INFO - Sync 1 DAGs
[2026-02-19T12:57:34.081+0000] {logging_mixin.py:188} INFO - [2026-02-19T12:57:34.081+0000] {dag.py:3947} INFO - Setting next_dagrun for company_overview_to_minio to 2026-02-15 00:00:00+00:00, run_after=2026-02-22 00:00:00+00:00
[2026-02-19T12:57:34.097+0000] {processor.py:183} INFO - Processing /opt/airflow/dags/dl_overview.py took 0.091 seconds
[2026-02-19T12:58:04.421+0000] {processor.py:161} INFO - Started process (PID=1023) to work on /opt/airflow/dags/dl_overview.py
[2026-02-19T12:58:04.422+0000] {processor.py:830} INFO - Processing file /opt/airflow/dags/dl_overview.py for tasks to queue
[2026-02-19T12:58:04.422+0000] {logging_mixin.py:188} INFO - [2026-02-19T12:58:04.422+0000] {dagbag.py:545} INFO - Filling up the DagBag from /opt/airflow/dags/dl_overview.py
[2026-02-19T12:58:04.449+0000] {processor.py:840} INFO - DAG(s) 'company_overview_to_minio' retrieved from /opt/airflow/dags/dl_overview.py
[2026-02-19T12:58:04.468+0000] {logging_mixin.py:188} INFO - [2026-02-19T12:58:04.468+0000] {dag.py:3089} INFO - Sync 1 DAGs
[2026-02-19T12:58:04.487+0000] {logging_mixin.py:188} INFO - [2026-02-19T12:58:04.487+0000] {dag.py:3947} INFO - Setting next_dagrun for company_overview_to_minio to 2026-02-15 00:00:00+00:00, run_after=2026-02-22 00:00:00+00:00
[2026-02-19T12:58:04.505+0000] {processor.py:183} INFO - Processing /opt/airflow/dags/dl_overview.py took 0.089 seconds
[2026-02-19T12:58:34.971+0000] {processor.py:161} INFO - Started process (PID=1045) to work on /opt/airflow/dags/dl_overview.py
[2026-02-19T12:58:34.972+0000] {processor.py:830} INFO - Processing file /opt/airflow/dags/dl_overview.py for tasks to queue
[2026-02-19T12:58:34.973+0000] {logging_mixin.py:188} INFO - [2026-02-19T12:58:34.973+0000] {dagbag.py:545} INFO - Filling up the DagBag from /opt/airflow/dags/dl_overview.py
[2026-02-19T12:58:35.002+0000] {processor.py:840} INFO - DAG(s) 'company_overview_to_minio' retrieved from /opt/airflow/dags/dl_overview.py
[2026-02-19T12:58:35.022+0000] {logging_mixin.py:188} INFO - [2026-02-19T12:58:35.021+0000] {dag.py:3089} INFO - Sync 1 DAGs
[2026-02-19T12:58:35.042+0000] {logging_mixin.py:188} INFO - [2026-02-19T12:58:35.042+0000] {dag.py:3947} INFO - Setting next_dagrun for company_overview_to_minio to 2026-02-15 00:00:00+00:00, run_after=2026-02-22 00:00:00+00:00
[2026-02-19T12:58:35.063+0000] {processor.py:183} INFO - Processing /opt/airflow/dags/dl_overview.py took 0.096 seconds
[2026-02-19T12:59:05.638+0000] {processor.py:161} INFO - Started process (PID=1067) to work on /opt/airflow/dags/dl_overview.py
[2026-02-19T12:59:05.639+0000] {processor.py:830} INFO - Processing file /opt/airflow/dags/dl_overview.py for tasks to queue
[2026-02-19T12:59:05.640+0000] {logging_mixin.py:188} INFO - [2026-02-19T12:59:05.640+0000] {dagbag.py:545} INFO - Filling up the DagBag from /opt/airflow/dags/dl_overview.py
[2026-02-19T12:59:05.673+0000] {processor.py:840} INFO - DAG(s) 'company_overview_to_minio' retrieved from /opt/airflow/dags/dl_overview.py
[2026-02-19T12:59:05.697+0000] {logging_mixin.py:188} INFO - [2026-02-19T12:59:05.697+0000] {dag.py:3089} INFO - Sync 1 DAGs
[2026-02-19T12:59:05.721+0000] {logging_mixin.py:188} INFO - [2026-02-19T12:59:05.721+0000] {dag.py:3947} INFO - Setting next_dagrun for company_overview_to_minio to 2026-02-15 00:00:00+00:00, run_after=2026-02-22 00:00:00+00:00
[2026-02-19T12:59:05.742+0000] {processor.py:183} INFO - Processing /opt/airflow/dags/dl_overview.py took 0.109 seconds
[2026-02-19T12:59:36.255+0000] {processor.py:161} INFO - Started process (PID=1089) to work on /opt/airflow/dags/dl_overview.py
[2026-02-19T12:59:36.256+0000] {processor.py:830} INFO - Processing file /opt/airflow/dags/dl_overview.py for tasks to queue
[2026-02-19T12:59:36.257+0000] {logging_mixin.py:188} INFO - [2026-02-19T12:59:36.257+0000] {dagbag.py:545} INFO - Filling up the DagBag from /opt/airflow/dags/dl_overview.py
[2026-02-19T12:59:36.289+0000] {processor.py:840} INFO - DAG(s) 'company_overview_to_minio' retrieved from /opt/airflow/dags/dl_overview.py
[2026-02-19T12:59:36.314+0000] {logging_mixin.py:188} INFO - [2026-02-19T12:59:36.314+0000] {dag.py:3089} INFO - Sync 1 DAGs
[2026-02-19T12:59:36.342+0000] {logging_mixin.py:188} INFO - [2026-02-19T12:59:36.342+0000] {dag.py:3947} INFO - Setting next_dagrun for company_overview_to_minio to 2026-02-15 00:00:00+00:00, run_after=2026-02-22 00:00:00+00:00
[2026-02-19T12:59:36.367+0000] {processor.py:183} INFO - Processing /opt/airflow/dags/dl_overview.py took 0.116 seconds
[2026-02-19T13:00:06.872+0000] {processor.py:161} INFO - Started process (PID=1112) to work on /opt/airflow/dags/dl_overview.py
[2026-02-19T13:00:06.873+0000] {processor.py:830} INFO - Processing file /opt/airflow/dags/dl_overview.py for tasks to queue
[2026-02-19T13:00:06.874+0000] {logging_mixin.py:188} INFO - [2026-02-19T13:00:06.874+0000] {dagbag.py:545} INFO - Filling up the DagBag from /opt/airflow/dags/dl_overview.py
[2026-02-19T13:00:06.910+0000] {processor.py:840} INFO - DAG(s) 'company_overview_to_minio' retrieved from /opt/airflow/dags/dl_overview.py
[2026-02-19T13:00:06.932+0000] {logging_mixin.py:188} INFO - [2026-02-19T13:00:06.931+0000] {dag.py:3089} INFO - Sync 1 DAGs
[2026-02-19T13:00:06.954+0000] {logging_mixin.py:188} INFO - [2026-02-19T13:00:06.953+0000] {dag.py:3947} INFO - Setting next_dagrun for company_overview_to_minio to 2026-02-15 00:00:00+00:00, run_after=2026-02-22 00:00:00+00:00
[2026-02-19T13:00:06.972+0000] {processor.py:183} INFO - Processing /opt/airflow/dags/dl_overview.py took 0.106 seconds
[2026-02-19T13:00:37.504+0000] {processor.py:161} INFO - Started process (PID=1134) to work on /opt/airflow/dags/dl_overview.py
[2026-02-19T13:00:37.505+0000] {processor.py:830} INFO - Processing file /opt/airflow/dags/dl_overview.py for tasks to queue
[2026-02-19T13:00:37.506+0000] {logging_mixin.py:188} INFO - [2026-02-19T13:00:37.506+0000] {dagbag.py:545} INFO - Filling up the DagBag from /opt/airflow/dags/dl_overview.py
[2026-02-19T13:00:37.532+0000] {processor.py:840} INFO - DAG(s) 'company_overview_to_minio' retrieved from /opt/airflow/dags/dl_overview.py
[2026-02-19T13:00:37.554+0000] {logging_mixin.py:188} INFO - [2026-02-19T13:00:37.553+0000] {dag.py:3089} INFO - Sync 1 DAGs
[2026-02-19T13:00:37.574+0000] {logging_mixin.py:188} INFO - [2026-02-19T13:00:37.573+0000] {dag.py:3947} INFO - Setting next_dagrun for company_overview_to_minio to 2026-02-15 00:00:00+00:00, run_after=2026-02-22 00:00:00+00:00
[2026-02-19T13:00:37.591+0000] {processor.py:183} INFO - Processing /opt/airflow/dags/dl_overview.py took 0.092 seconds
[2026-02-19T13:01:08.153+0000] {processor.py:161} INFO - Started process (PID=1156) to work on /opt/airflow/dags/dl_overview.py
[2026-02-19T13:01:08.154+0000] {processor.py:830} INFO - Processing file /opt/airflow/dags/dl_overview.py for tasks to queue
[2026-02-19T13:01:08.155+0000] {logging_mixin.py:188} INFO - [2026-02-19T13:01:08.154+0000] {dagbag.py:545} INFO - Filling up the DagBag from /opt/airflow/dags/dl_overview.py
[2026-02-19T13:01:08.184+0000] {processor.py:840} INFO - DAG(s) 'company_overview_to_minio' retrieved from /opt/airflow/dags/dl_overview.py
[2026-02-19T13:01:08.207+0000] {logging_mixin.py:188} INFO - [2026-02-19T13:01:08.206+0000] {dag.py:3089} INFO - Sync 1 DAGs
[2026-02-19T13:01:08.229+0000] {logging_mixin.py:188} INFO - [2026-02-19T13:01:08.229+0000] {dag.py:3947} INFO - Setting next_dagrun for company_overview_to_minio to 2026-02-15 00:00:00+00:00, run_after=2026-02-22 00:00:00+00:00
[2026-02-19T13:01:08.246+0000] {processor.py:183} INFO - Processing /opt/airflow/dags/dl_overview.py took 0.098 seconds
[2026-02-19T13:01:38.538+0000] {processor.py:161} INFO - Started process (PID=1178) to work on /opt/airflow/dags/dl_overview.py
[2026-02-19T13:01:38.538+0000] {processor.py:830} INFO - Processing file /opt/airflow/dags/dl_overview.py for tasks to queue
[2026-02-19T13:01:38.539+0000] {logging_mixin.py:188} INFO - [2026-02-19T13:01:38.539+0000] {dagbag.py:545} INFO - Filling up the DagBag from /opt/airflow/dags/dl_overview.py
[2026-02-19T13:01:38.575+0000] {processor.py:840} INFO - DAG(s) 'company_overview_to_minio' retrieved from /opt/airflow/dags/dl_overview.py
[2026-02-19T13:01:38.597+0000] {logging_mixin.py:188} INFO - [2026-02-19T13:01:38.597+0000] {dag.py:3089} INFO - Sync 1 DAGs
[2026-02-19T13:01:38.618+0000] {logging_mixin.py:188} INFO - [2026-02-19T13:01:38.618+0000] {dag.py:3947} INFO - Setting next_dagrun for company_overview_to_minio to 2026-02-15 00:00:00+00:00, run_after=2026-02-22 00:00:00+00:00
[2026-02-19T13:01:38.636+0000] {processor.py:183} INFO - Processing /opt/airflow/dags/dl_overview.py took 0.105 seconds
[2026-02-19T13:02:09.466+0000] {processor.py:161} INFO - Started process (PID=1200) to work on /opt/airflow/dags/dl_overview.py
[2026-02-19T13:02:09.467+0000] {processor.py:830} INFO - Processing file /opt/airflow/dags/dl_overview.py for tasks to queue
[2026-02-19T13:02:09.467+0000] {logging_mixin.py:188} INFO - [2026-02-19T13:02:09.467+0000] {dagbag.py:545} INFO - Filling up the DagBag from /opt/airflow/dags/dl_overview.py
[2026-02-19T13:02:09.498+0000] {processor.py:840} INFO - DAG(s) 'company_overview_to_minio' retrieved from /opt/airflow/dags/dl_overview.py
[2026-02-19T13:02:09.522+0000] {logging_mixin.py:188} INFO - [2026-02-19T13:02:09.522+0000] {dag.py:3089} INFO - Sync 1 DAGs
[2026-02-19T13:02:09.545+0000] {logging_mixin.py:188} INFO - [2026-02-19T13:02:09.545+0000] {dag.py:3947} INFO - Setting next_dagrun for company_overview_to_minio to 2026-02-15 00:00:00+00:00, run_after=2026-02-22 00:00:00+00:00
[2026-02-19T13:02:09.563+0000] {processor.py:183} INFO - Processing /opt/airflow/dags/dl_overview.py took 0.102 seconds
[2026-02-19T13:02:39.997+0000] {processor.py:161} INFO - Started process (PID=1222) to work on /opt/airflow/dags/dl_overview.py
[2026-02-19T13:02:39.997+0000] {processor.py:830} INFO - Processing file /opt/airflow/dags/dl_overview.py for tasks to queue
[2026-02-19T13:02:39.998+0000] {logging_mixin.py:188} INFO - [2026-02-19T13:02:39.998+0000] {dagbag.py:545} INFO - Filling up the DagBag from /opt/airflow/dags/dl_overview.py
[2026-02-19T13:02:40.025+0000] {processor.py:840} INFO - DAG(s) 'company_overview_to_minio' retrieved from /opt/airflow/dags/dl_overview.py
[2026-02-19T13:02:40.048+0000] {logging_mixin.py:188} INFO - [2026-02-19T13:02:40.047+0000] {dag.py:3089} INFO - Sync 1 DAGs
[2026-02-19T13:02:40.070+0000] {logging_mixin.py:188} INFO - [2026-02-19T13:02:40.069+0000] {dag.py:3947} INFO - Setting next_dagrun for company_overview_to_minio to 2026-02-15 00:00:00+00:00, run_after=2026-02-22 00:00:00+00:00
[2026-02-19T13:02:40.089+0000] {processor.py:183} INFO - Processing /opt/airflow/dags/dl_overview.py took 0.097 seconds
[2026-02-19T13:03:10.231+0000] {processor.py:161} INFO - Started process (PID=1244) to work on /opt/airflow/dags/dl_overview.py
[2026-02-19T13:03:10.232+0000] {processor.py:830} INFO - Processing file /opt/airflow/dags/dl_overview.py for tasks to queue
[2026-02-19T13:03:10.233+0000] {logging_mixin.py:188} INFO - [2026-02-19T13:03:10.232+0000] {dagbag.py:545} INFO - Filling up the DagBag from /opt/airflow/dags/dl_overview.py
[2026-02-19T13:03:10.263+0000] {processor.py:840} INFO - DAG(s) 'company_overview_to_minio' retrieved from /opt/airflow/dags/dl_overview.py
[2026-02-19T13:03:10.283+0000] {logging_mixin.py:188} INFO - [2026-02-19T13:03:10.283+0000] {dag.py:3089} INFO - Sync 1 DAGs
[2026-02-19T13:03:10.305+0000] {logging_mixin.py:188} INFO - [2026-02-19T13:03:10.304+0000] {dag.py:3947} INFO - Setting next_dagrun for company_overview_to_minio to 2026-02-15 00:00:00+00:00, run_after=2026-02-22 00:00:00+00:00
[2026-02-19T13:03:10.323+0000] {processor.py:183} INFO - Processing /opt/airflow/dags/dl_overview.py took 0.096 seconds
[2026-02-19T13:03:40.673+0000] {processor.py:161} INFO - Started process (PID=1266) to work on /opt/airflow/dags/dl_overview.py
[2026-02-19T13:03:40.674+0000] {processor.py:830} INFO - Processing file /opt/airflow/dags/dl_overview.py for tasks to queue
[2026-02-19T13:03:40.675+0000] {logging_mixin.py:188} INFO - [2026-02-19T13:03:40.674+0000] {dagbag.py:545} INFO - Filling up the DagBag from /opt/airflow/dags/dl_overview.py
[2026-02-19T13:03:40.704+0000] {processor.py:840} INFO - DAG(s) 'company_overview_to_minio' retrieved from /opt/airflow/dags/dl_overview.py
[2026-02-19T13:03:40.726+0000] {logging_mixin.py:188} INFO - [2026-02-19T13:03:40.725+0000] {dag.py:3089} INFO - Sync 1 DAGs
[2026-02-19T13:03:40.747+0000] {logging_mixin.py:188} INFO - [2026-02-19T13:03:40.747+0000] {dag.py:3947} INFO - Setting next_dagrun for company_overview_to_minio to 2026-02-15 00:00:00+00:00, run_after=2026-02-22 00:00:00+00:00
[2026-02-19T13:03:40.765+0000] {processor.py:183} INFO - Processing /opt/airflow/dags/dl_overview.py took 0.097 seconds
[2026-02-19T13:04:11.546+0000] {processor.py:161} INFO - Started process (PID=1288) to work on /opt/airflow/dags/dl_overview.py
[2026-02-19T13:04:11.546+0000] {processor.py:830} INFO - Processing file /opt/airflow/dags/dl_overview.py for tasks to queue
[2026-02-19T13:04:11.547+0000] {logging_mixin.py:188} INFO - [2026-02-19T13:04:11.547+0000] {dagbag.py:545} INFO - Filling up the DagBag from /opt/airflow/dags/dl_overview.py
[2026-02-19T13:04:11.574+0000] {processor.py:840} INFO - DAG(s) 'company_overview_to_minio' retrieved from /opt/airflow/dags/dl_overview.py
[2026-02-19T13:04:11.594+0000] {logging_mixin.py:188} INFO - [2026-02-19T13:04:11.594+0000] {dag.py:3089} INFO - Sync 1 DAGs
[2026-02-19T13:04:11.614+0000] {logging_mixin.py:188} INFO - [2026-02-19T13:04:11.614+0000] {dag.py:3947} INFO - Setting next_dagrun for company_overview_to_minio to 2026-02-15 00:00:00+00:00, run_after=2026-02-22 00:00:00+00:00
[2026-02-19T13:04:11.632+0000] {processor.py:183} INFO - Processing /opt/airflow/dags/dl_overview.py took 0.091 seconds
[2026-02-19T13:04:42.572+0000] {processor.py:161} INFO - Started process (PID=1310) to work on /opt/airflow/dags/dl_overview.py
[2026-02-19T13:04:42.573+0000] {processor.py:830} INFO - Processing file /opt/airflow/dags/dl_overview.py for tasks to queue
[2026-02-19T13:04:42.574+0000] {logging_mixin.py:188} INFO - [2026-02-19T13:04:42.574+0000] {dagbag.py:545} INFO - Filling up the DagBag from /opt/airflow/dags/dl_overview.py
[2026-02-19T13:04:42.605+0000] {processor.py:840} INFO - DAG(s) 'company_overview_to_minio' retrieved from /opt/airflow/dags/dl_overview.py
[2026-02-19T13:04:42.626+0000] {logging_mixin.py:188} INFO - [2026-02-19T13:04:42.625+0000] {dag.py:3089} INFO - Sync 1 DAGs
[2026-02-19T13:04:42.649+0000] {logging_mixin.py:188} INFO - [2026-02-19T13:04:42.648+0000] {dag.py:3947} INFO - Setting next_dagrun for company_overview_to_minio to 2026-02-15 00:00:00+00:00, run_after=2026-02-22 00:00:00+00:00
[2026-02-19T13:04:42.847+0000] {processor.py:183} INFO - Processing /opt/airflow/dags/dl_overview.py took 0.280 seconds
[2026-02-19T13:05:13.181+0000] {processor.py:161} INFO - Started process (PID=1332) to work on /opt/airflow/dags/dl_overview.py
[2026-02-19T13:05:13.182+0000] {processor.py:830} INFO - Processing file /opt/airflow/dags/dl_overview.py for tasks to queue
[2026-02-19T13:05:13.183+0000] {logging_mixin.py:188} INFO - [2026-02-19T13:05:13.182+0000] {dagbag.py:545} INFO - Filling up the DagBag from /opt/airflow/dags/dl_overview.py
[2026-02-19T13:05:13.210+0000] {processor.py:840} INFO - DAG(s) 'company_overview_to_minio' retrieved from /opt/airflow/dags/dl_overview.py
[2026-02-19T13:05:13.235+0000] {logging_mixin.py:188} INFO - [2026-02-19T13:05:13.234+0000] {dag.py:3089} INFO - Sync 1 DAGs
[2026-02-19T13:05:13.258+0000] {logging_mixin.py:188} INFO - [2026-02-19T13:05:13.257+0000] {dag.py:3947} INFO - Setting next_dagrun for company_overview_to_minio to 2026-02-15 00:00:00+00:00, run_after=2026-02-22 00:00:00+00:00
[2026-02-19T13:05:13.275+0000] {processor.py:183} INFO - Processing /opt/airflow/dags/dl_overview.py took 0.099 seconds
[2026-02-19T13:05:43.933+0000] {processor.py:161} INFO - Started process (PID=1360) to work on /opt/airflow/dags/dl_overview.py
[2026-02-19T13:05:43.934+0000] {processor.py:830} INFO - Processing file /opt/airflow/dags/dl_overview.py for tasks to queue
[2026-02-19T13:05:43.935+0000] {logging_mixin.py:188} INFO - [2026-02-19T13:05:43.935+0000] {dagbag.py:545} INFO - Filling up the DagBag from /opt/airflow/dags/dl_overview.py
[2026-02-19T13:05:43.964+0000] {processor.py:840} INFO - DAG(s) 'company_overview_to_minio' retrieved from /opt/airflow/dags/dl_overview.py
[2026-02-19T13:05:43.989+0000] {logging_mixin.py:188} INFO - [2026-02-19T13:05:43.989+0000] {dag.py:3089} INFO - Sync 1 DAGs
[2026-02-19T13:05:44.206+0000] {logging_mixin.py:188} INFO - [2026-02-19T13:05:44.206+0000] {dag.py:3947} INFO - Setting next_dagrun for company_overview_to_minio to 2026-02-15 00:00:00+00:00, run_after=2026-02-22 00:00:00+00:00
[2026-02-19T13:05:44.222+0000] {processor.py:183} INFO - Processing /opt/airflow/dags/dl_overview.py took 0.294 seconds
[2026-02-19T13:06:14.537+0000] {processor.py:161} INFO - Started process (PID=1383) to work on /opt/airflow/dags/dl_overview.py
[2026-02-19T13:06:14.537+0000] {processor.py:830} INFO - Processing file /opt/airflow/dags/dl_overview.py for tasks to queue
[2026-02-19T13:06:14.538+0000] {logging_mixin.py:188} INFO - [2026-02-19T13:06:14.538+0000] {dagbag.py:545} INFO - Filling up the DagBag from /opt/airflow/dags/dl_overview.py
[2026-02-19T13:06:14.566+0000] {processor.py:840} INFO - DAG(s) 'company_overview_to_minio' retrieved from /opt/airflow/dags/dl_overview.py
[2026-02-19T13:06:14.587+0000] {logging_mixin.py:188} INFO - [2026-02-19T13:06:14.587+0000] {dag.py:3089} INFO - Sync 1 DAGs
[2026-02-19T13:06:14.610+0000] {logging_mixin.py:188} INFO - [2026-02-19T13:06:14.609+0000] {dag.py:3947} INFO - Setting next_dagrun for company_overview_to_minio to 2026-02-15 00:00:00+00:00, run_after=2026-02-22 00:00:00+00:00
[2026-02-19T13:06:14.811+0000] {processor.py:183} INFO - Processing /opt/airflow/dags/dl_overview.py took 0.279 seconds
[2026-02-19T13:06:44.883+0000] {processor.py:161} INFO - Started process (PID=1405) to work on /opt/airflow/dags/dl_overview.py
[2026-02-19T13:06:44.884+0000] {processor.py:830} INFO - Processing file /opt/airflow/dags/dl_overview.py for tasks to queue
[2026-02-19T13:06:44.885+0000] {logging_mixin.py:188} INFO - [2026-02-19T13:06:44.885+0000] {dagbag.py:545} INFO - Filling up the DagBag from /opt/airflow/dags/dl_overview.py
[2026-02-19T13:06:45.154+0000] {processor.py:840} INFO - DAG(s) 'company_overview_to_minio' retrieved from /opt/airflow/dags/dl_overview.py
[2026-02-19T13:06:45.172+0000] {logging_mixin.py:188} INFO - [2026-02-19T13:06:45.172+0000] {dag.py:3089} INFO - Sync 1 DAGs
[2026-02-19T13:06:45.193+0000] {logging_mixin.py:188} INFO - [2026-02-19T13:06:45.193+0000] {dag.py:3947} INFO - Setting next_dagrun for company_overview_to_minio to 2026-02-15 00:00:00+00:00, run_after=2026-02-22 00:00:00+00:00
[2026-02-19T13:06:45.211+0000] {processor.py:183} INFO - Processing /opt/airflow/dags/dl_overview.py took 0.335 seconds
[2026-02-19T13:07:15.630+0000] {processor.py:161} INFO - Started process (PID=1427) to work on /opt/airflow/dags/dl_overview.py
[2026-02-19T13:07:15.631+0000] {processor.py:830} INFO - Processing file /opt/airflow/dags/dl_overview.py for tasks to queue
[2026-02-19T13:07:15.632+0000] {logging_mixin.py:188} INFO - [2026-02-19T13:07:15.631+0000] {dagbag.py:545} INFO - Filling up the DagBag from /opt/airflow/dags/dl_overview.py
[2026-02-19T13:07:15.666+0000] {processor.py:840} INFO - DAG(s) 'company_overview_to_minio' retrieved from /opt/airflow/dags/dl_overview.py
[2026-02-19T13:07:15.691+0000] {logging_mixin.py:188} INFO - [2026-02-19T13:07:15.690+0000] {dag.py:3089} INFO - Sync 1 DAGs
[2026-02-19T13:07:15.717+0000] {logging_mixin.py:188} INFO - [2026-02-19T13:07:15.717+0000] {dag.py:3947} INFO - Setting next_dagrun for company_overview_to_minio to 2026-02-15 00:00:00+00:00, run_after=2026-02-22 00:00:00+00:00
[2026-02-19T13:07:15.744+0000] {processor.py:183} INFO - Processing /opt/airflow/dags/dl_overview.py took 0.121 seconds
[2026-02-19T13:07:46.447+0000] {processor.py:161} INFO - Started process (PID=1448) to work on /opt/airflow/dags/dl_overview.py
[2026-02-19T13:07:46.447+0000] {processor.py:830} INFO - Processing file /opt/airflow/dags/dl_overview.py for tasks to queue
[2026-02-19T13:07:46.448+0000] {logging_mixin.py:188} INFO - [2026-02-19T13:07:46.448+0000] {dagbag.py:545} INFO - Filling up the DagBag from /opt/airflow/dags/dl_overview.py
[2026-02-19T13:07:46.478+0000] {processor.py:840} INFO - DAG(s) 'company_overview_to_minio' retrieved from /opt/airflow/dags/dl_overview.py
[2026-02-19T13:07:46.501+0000] {logging_mixin.py:188} INFO - [2026-02-19T13:07:46.501+0000] {dag.py:3089} INFO - Sync 1 DAGs
[2026-02-19T13:07:46.522+0000] {logging_mixin.py:188} INFO - [2026-02-19T13:07:46.522+0000] {dag.py:3947} INFO - Setting next_dagrun for company_overview_to_minio to 2026-02-15 00:00:00+00:00, run_after=2026-02-22 00:00:00+00:00
[2026-02-19T13:07:46.539+0000] {processor.py:183} INFO - Processing /opt/airflow/dags/dl_overview.py took 0.098 seconds
[2026-02-19T13:08:16.851+0000] {processor.py:161} INFO - Started process (PID=1470) to work on /opt/airflow/dags/dl_overview.py
[2026-02-19T13:08:16.852+0000] {processor.py:830} INFO - Processing file /opt/airflow/dags/dl_overview.py for tasks to queue
[2026-02-19T13:08:16.852+0000] {logging_mixin.py:188} INFO - [2026-02-19T13:08:16.852+0000] {dagbag.py:545} INFO - Filling up the DagBag from /opt/airflow/dags/dl_overview.py
[2026-02-19T13:08:16.879+0000] {processor.py:840} INFO - DAG(s) 'company_overview_to_minio' retrieved from /opt/airflow/dags/dl_overview.py
[2026-02-19T13:08:16.901+0000] {logging_mixin.py:188} INFO - [2026-02-19T13:08:16.900+0000] {dag.py:3089} INFO - Sync 1 DAGs
[2026-02-19T13:08:16.920+0000] {logging_mixin.py:188} INFO - [2026-02-19T13:08:16.920+0000] {dag.py:3947} INFO - Setting next_dagrun for company_overview_to_minio to 2026-02-15 00:00:00+00:00, run_after=2026-02-22 00:00:00+00:00
[2026-02-19T13:08:16.936+0000] {processor.py:183} INFO - Processing /opt/airflow/dags/dl_overview.py took 0.090 seconds
[2026-02-19T13:08:47.597+0000] {processor.py:161} INFO - Started process (PID=1492) to work on /opt/airflow/dags/dl_overview.py
[2026-02-19T13:08:47.598+0000] {processor.py:830} INFO - Processing file /opt/airflow/dags/dl_overview.py for tasks to queue
[2026-02-19T13:08:47.599+0000] {logging_mixin.py:188} INFO - [2026-02-19T13:08:47.599+0000] {dagbag.py:545} INFO - Filling up the DagBag from /opt/airflow/dags/dl_overview.py
[2026-02-19T13:08:47.628+0000] {processor.py:840} INFO - DAG(s) 'company_overview_to_minio' retrieved from /opt/airflow/dags/dl_overview.py
[2026-02-19T13:08:47.651+0000] {logging_mixin.py:188} INFO - [2026-02-19T13:08:47.650+0000] {dag.py:3089} INFO - Sync 1 DAGs
[2026-02-19T13:08:47.671+0000] {logging_mixin.py:188} INFO - [2026-02-19T13:08:47.671+0000] {dag.py:3947} INFO - Setting next_dagrun for company_overview_to_minio to 2026-02-15 00:00:00+00:00, run_after=2026-02-22 00:00:00+00:00
[2026-02-19T13:08:47.689+0000] {processor.py:183} INFO - Processing /opt/airflow/dags/dl_overview.py took 0.097 seconds
[2026-02-19T13:09:17.959+0000] {processor.py:161} INFO - Started process (PID=1514) to work on /opt/airflow/dags/dl_overview.py
[2026-02-19T13:09:17.960+0000] {processor.py:830} INFO - Processing file /opt/airflow/dags/dl_overview.py for tasks to queue
[2026-02-19T13:09:17.960+0000] {logging_mixin.py:188} INFO - [2026-02-19T13:09:17.960+0000] {dagbag.py:545} INFO - Filling up the DagBag from /opt/airflow/dags/dl_overview.py
[2026-02-19T13:09:17.989+0000] {processor.py:840} INFO - DAG(s) 'company_overview_to_minio' retrieved from /opt/airflow/dags/dl_overview.py
[2026-02-19T13:09:18.010+0000] {logging_mixin.py:188} INFO - [2026-02-19T13:09:18.009+0000] {dag.py:3089} INFO - Sync 1 DAGs
[2026-02-19T13:09:18.029+0000] {logging_mixin.py:188} INFO - [2026-02-19T13:09:18.028+0000] {dag.py:3947} INFO - Setting next_dagrun for company_overview_to_minio to 2026-02-15 00:00:00+00:00, run_after=2026-02-22 00:00:00+00:00
[2026-02-19T13:09:18.045+0000] {processor.py:183} INFO - Processing /opt/airflow/dags/dl_overview.py took 0.091 seconds
[2026-02-19T13:09:48.339+0000] {processor.py:161} INFO - Started process (PID=1536) to work on /opt/airflow/dags/dl_overview.py
[2026-02-19T13:09:48.342+0000] {processor.py:830} INFO - Processing file /opt/airflow/dags/dl_overview.py for tasks to queue
[2026-02-19T13:09:48.345+0000] {logging_mixin.py:188} INFO - [2026-02-19T13:09:48.345+0000] {dagbag.py:545} INFO - Filling up the DagBag from /opt/airflow/dags/dl_overview.py
[2026-02-19T13:09:48.382+0000] {processor.py:840} INFO - DAG(s) 'company_overview_to_minio' retrieved from /opt/airflow/dags/dl_overview.py
[2026-02-19T13:09:48.402+0000] {logging_mixin.py:188} INFO - [2026-02-19T13:09:48.402+0000] {dag.py:3089} INFO - Sync 1 DAGs
[2026-02-19T13:09:48.422+0000] {logging_mixin.py:188} INFO - [2026-02-19T13:09:48.422+0000] {dag.py:3947} INFO - Setting next_dagrun for company_overview_to_minio to 2026-02-15 00:00:00+00:00, run_after=2026-02-22 00:00:00+00:00
[2026-02-19T13:09:48.439+0000] {processor.py:183} INFO - Processing /opt/airflow/dags/dl_overview.py took 0.108 seconds
[2026-02-19T13:10:19.327+0000] {processor.py:161} INFO - Started process (PID=1559) to work on /opt/airflow/dags/dl_overview.py
[2026-02-19T13:10:19.328+0000] {processor.py:830} INFO - Processing file /opt/airflow/dags/dl_overview.py for tasks to queue
[2026-02-19T13:10:19.330+0000] {logging_mixin.py:188} INFO - [2026-02-19T13:10:19.329+0000] {dagbag.py:545} INFO - Filling up the DagBag from /opt/airflow/dags/dl_overview.py
[2026-02-19T13:10:19.378+0000] {processor.py:840} INFO - DAG(s) 'company_overview_to_minio' retrieved from /opt/airflow/dags/dl_overview.py
[2026-02-19T13:10:19.412+0000] {logging_mixin.py:188} INFO - [2026-02-19T13:10:19.411+0000] {dag.py:3089} INFO - Sync 1 DAGs
[2026-02-19T13:10:19.444+0000] {logging_mixin.py:188} INFO - [2026-02-19T13:10:19.444+0000] {dag.py:3947} INFO - Setting next_dagrun for company_overview_to_minio to 2026-02-15 00:00:00+00:00, run_after=2026-02-22 00:00:00+00:00
[2026-02-19T13:10:19.486+0000] {processor.py:183} INFO - Processing /opt/airflow/dags/dl_overview.py took 0.166 seconds
[2026-02-19T13:10:49.604+0000] {processor.py:161} INFO - Started process (PID=1581) to work on /opt/airflow/dags/dl_overview.py
[2026-02-19T13:10:49.605+0000] {processor.py:830} INFO - Processing file /opt/airflow/dags/dl_overview.py for tasks to queue
[2026-02-19T13:10:49.606+0000] {logging_mixin.py:188} INFO - [2026-02-19T13:10:49.606+0000] {dagbag.py:545} INFO - Filling up the DagBag from /opt/airflow/dags/dl_overview.py
[2026-02-19T13:10:49.647+0000] {processor.py:840} INFO - DAG(s) 'company_overview_to_minio' retrieved from /opt/airflow/dags/dl_overview.py
[2026-02-19T13:10:49.668+0000] {logging_mixin.py:188} INFO - [2026-02-19T13:10:49.667+0000] {dag.py:3089} INFO - Sync 1 DAGs
[2026-02-19T13:10:49.688+0000] {logging_mixin.py:188} INFO - [2026-02-19T13:10:49.688+0000] {dag.py:3947} INFO - Setting next_dagrun for company_overview_to_minio to 2026-02-15 00:00:00+00:00, run_after=2026-02-22 00:00:00+00:00
[2026-02-19T13:10:49.704+0000] {processor.py:183} INFO - Processing /opt/airflow/dags/dl_overview.py took 0.109 seconds
[2026-02-19T13:11:20.510+0000] {processor.py:161} INFO - Started process (PID=1603) to work on /opt/airflow/dags/dl_overview.py
[2026-02-19T13:11:20.511+0000] {processor.py:830} INFO - Processing file /opt/airflow/dags/dl_overview.py for tasks to queue
[2026-02-19T13:11:20.512+0000] {logging_mixin.py:188} INFO - [2026-02-19T13:11:20.511+0000] {dagbag.py:545} INFO - Filling up the DagBag from /opt/airflow/dags/dl_overview.py
[2026-02-19T13:11:20.538+0000] {processor.py:840} INFO - DAG(s) 'company_overview_to_minio' retrieved from /opt/airflow/dags/dl_overview.py
[2026-02-19T13:11:20.558+0000] {logging_mixin.py:188} INFO - [2026-02-19T13:11:20.558+0000] {dag.py:3089} INFO - Sync 1 DAGs
[2026-02-19T13:11:20.578+0000] {logging_mixin.py:188} INFO - [2026-02-19T13:11:20.578+0000] {dag.py:3947} INFO - Setting next_dagrun for company_overview_to_minio to 2026-02-15 00:00:00+00:00, run_after=2026-02-22 00:00:00+00:00
[2026-02-19T13:11:20.596+0000] {processor.py:183} INFO - Processing /opt/airflow/dags/dl_overview.py took 0.091 seconds
[2026-02-19T13:11:50.808+0000] {processor.py:161} INFO - Started process (PID=1625) to work on /opt/airflow/dags/dl_overview.py
[2026-02-19T13:11:50.809+0000] {processor.py:830} INFO - Processing file /opt/airflow/dags/dl_overview.py for tasks to queue
[2026-02-19T13:11:50.810+0000] {logging_mixin.py:188} INFO - [2026-02-19T13:11:50.810+0000] {dagbag.py:545} INFO - Filling up the DagBag from /opt/airflow/dags/dl_overview.py
[2026-02-19T13:11:50.846+0000] {processor.py:840} INFO - DAG(s) 'company_overview_to_minio' retrieved from /opt/airflow/dags/dl_overview.py
[2026-02-19T13:11:50.883+0000] {logging_mixin.py:188} INFO - [2026-02-19T13:11:50.883+0000] {dag.py:3089} INFO - Sync 1 DAGs
[2026-02-19T13:11:50.925+0000] {logging_mixin.py:188} INFO - [2026-02-19T13:11:50.925+0000] {dag.py:3947} INFO - Setting next_dagrun for company_overview_to_minio to 2026-02-15 00:00:00+00:00, run_after=2026-02-22 00:00:00+00:00
[2026-02-19T13:11:50.954+0000] {processor.py:183} INFO - Processing /opt/airflow/dags/dl_overview.py took 0.152 seconds
[2026-02-19T13:12:21.158+0000] {processor.py:161} INFO - Started process (PID=1647) to work on /opt/airflow/dags/dl_overview.py
[2026-02-19T13:12:21.159+0000] {processor.py:830} INFO - Processing file /opt/airflow/dags/dl_overview.py for tasks to queue
[2026-02-19T13:12:21.160+0000] {logging_mixin.py:188} INFO - [2026-02-19T13:12:21.160+0000] {dagbag.py:545} INFO - Filling up the DagBag from /opt/airflow/dags/dl_overview.py
[2026-02-19T13:12:21.199+0000] {processor.py:840} INFO - DAG(s) 'company_overview_to_minio' retrieved from /opt/airflow/dags/dl_overview.py
[2026-02-19T13:12:21.226+0000] {logging_mixin.py:188} INFO - [2026-02-19T13:12:21.226+0000] {dag.py:3089} INFO - Sync 1 DAGs
[2026-02-19T13:12:21.253+0000] {logging_mixin.py:188} INFO - [2026-02-19T13:12:21.253+0000] {dag.py:3947} INFO - Setting next_dagrun for company_overview_to_minio to 2026-02-15 00:00:00+00:00, run_after=2026-02-22 00:00:00+00:00
[2026-02-19T13:12:21.274+0000] {processor.py:183} INFO - Processing /opt/airflow/dags/dl_overview.py took 0.123 seconds
[2026-02-19T13:12:51.672+0000] {processor.py:161} INFO - Started process (PID=1669) to work on /opt/airflow/dags/dl_overview.py
[2026-02-19T13:12:51.673+0000] {processor.py:830} INFO - Processing file /opt/airflow/dags/dl_overview.py for tasks to queue
[2026-02-19T13:12:51.673+0000] {logging_mixin.py:188} INFO - [2026-02-19T13:12:51.673+0000] {dagbag.py:545} INFO - Filling up the DagBag from /opt/airflow/dags/dl_overview.py
[2026-02-19T13:12:51.702+0000] {processor.py:840} INFO - DAG(s) 'company_overview_to_minio' retrieved from /opt/airflow/dags/dl_overview.py
[2026-02-19T13:12:51.724+0000] {logging_mixin.py:188} INFO - [2026-02-19T13:12:51.723+0000] {dag.py:3089} INFO - Sync 1 DAGs
[2026-02-19T13:12:51.743+0000] {logging_mixin.py:188} INFO - [2026-02-19T13:12:51.742+0000] {dag.py:3947} INFO - Setting next_dagrun for company_overview_to_minio to 2026-02-15 00:00:00+00:00, run_after=2026-02-22 00:00:00+00:00
[2026-02-19T13:12:51.758+0000] {processor.py:183} INFO - Processing /opt/airflow/dags/dl_overview.py took 0.091 seconds
[2026-02-19T13:13:22.518+0000] {processor.py:161} INFO - Started process (PID=1691) to work on /opt/airflow/dags/dl_overview.py
[2026-02-19T13:13:22.519+0000] {processor.py:830} INFO - Processing file /opt/airflow/dags/dl_overview.py for tasks to queue
[2026-02-19T13:13:22.520+0000] {logging_mixin.py:188} INFO - [2026-02-19T13:13:22.519+0000] {dagbag.py:545} INFO - Filling up the DagBag from /opt/airflow/dags/dl_overview.py
[2026-02-19T13:13:22.554+0000] {processor.py:840} INFO - DAG(s) 'company_overview_to_minio' retrieved from /opt/airflow/dags/dl_overview.py
[2026-02-19T13:13:22.580+0000] {logging_mixin.py:188} INFO - [2026-02-19T13:13:22.579+0000] {dag.py:3089} INFO - Sync 1 DAGs
[2026-02-19T13:13:22.607+0000] {logging_mixin.py:188} INFO - [2026-02-19T13:13:22.606+0000] {dag.py:3947} INFO - Setting next_dagrun for company_overview_to_minio to 2026-02-15 00:00:00+00:00, run_after=2026-02-22 00:00:00+00:00
[2026-02-19T13:13:22.629+0000] {processor.py:183} INFO - Processing /opt/airflow/dags/dl_overview.py took 0.117 seconds
[2026-02-19T13:13:53.125+0000] {processor.py:161} INFO - Started process (PID=1713) to work on /opt/airflow/dags/dl_overview.py
[2026-02-19T13:13:53.126+0000] {processor.py:830} INFO - Processing file /opt/airflow/dags/dl_overview.py for tasks to queue
[2026-02-19T13:13:53.127+0000] {logging_mixin.py:188} INFO - [2026-02-19T13:13:53.127+0000] {dagbag.py:545} INFO - Filling up the DagBag from /opt/airflow/dags/dl_overview.py
[2026-02-19T13:13:53.155+0000] {processor.py:840} INFO - DAG(s) 'company_overview_to_minio' retrieved from /opt/airflow/dags/dl_overview.py
[2026-02-19T13:13:53.177+0000] {logging_mixin.py:188} INFO - [2026-02-19T13:13:53.176+0000] {dag.py:3089} INFO - Sync 1 DAGs
[2026-02-19T13:13:53.197+0000] {logging_mixin.py:188} INFO - [2026-02-19T13:13:53.197+0000] {dag.py:3947} INFO - Setting next_dagrun for company_overview_to_minio to 2026-02-15 00:00:00+00:00, run_after=2026-02-22 00:00:00+00:00
[2026-02-19T13:13:53.215+0000] {processor.py:183} INFO - Processing /opt/airflow/dags/dl_overview.py took 0.095 seconds
[2026-02-19T13:14:23.872+0000] {processor.py:161} INFO - Started process (PID=1735) to work on /opt/airflow/dags/dl_overview.py
[2026-02-19T13:14:23.872+0000] {processor.py:830} INFO - Processing file /opt/airflow/dags/dl_overview.py for tasks to queue
[2026-02-19T13:14:23.873+0000] {logging_mixin.py:188} INFO - [2026-02-19T13:14:23.873+0000] {dagbag.py:545} INFO - Filling up the DagBag from /opt/airflow/dags/dl_overview.py
[2026-02-19T13:14:23.899+0000] {processor.py:840} INFO - DAG(s) 'company_overview_to_minio' retrieved from /opt/airflow/dags/dl_overview.py
[2026-02-19T13:14:23.920+0000] {logging_mixin.py:188} INFO - [2026-02-19T13:14:23.920+0000] {dag.py:3089} INFO - Sync 1 DAGs
[2026-02-19T13:14:23.939+0000] {logging_mixin.py:188} INFO - [2026-02-19T13:14:23.939+0000] {dag.py:3947} INFO - Setting next_dagrun for company_overview_to_minio to 2026-02-15 00:00:00+00:00, run_after=2026-02-22 00:00:00+00:00
[2026-02-19T13:14:23.957+0000] {processor.py:183} INFO - Processing /opt/airflow/dags/dl_overview.py took 0.091 seconds
[2026-02-19T13:14:54.203+0000] {processor.py:161} INFO - Started process (PID=1757) to work on /opt/airflow/dags/dl_overview.py
[2026-02-19T13:14:54.204+0000] {processor.py:830} INFO - Processing file /opt/airflow/dags/dl_overview.py for tasks to queue
[2026-02-19T13:14:54.205+0000] {logging_mixin.py:188} INFO - [2026-02-19T13:14:54.204+0000] {dagbag.py:545} INFO - Filling up the DagBag from /opt/airflow/dags/dl_overview.py
[2026-02-19T13:14:54.230+0000] {processor.py:840} INFO - DAG(s) 'company_overview_to_minio' retrieved from /opt/airflow/dags/dl_overview.py
[2026-02-19T13:14:54.250+0000] {logging_mixin.py:188} INFO - [2026-02-19T13:14:54.250+0000] {dag.py:3089} INFO - Sync 1 DAGs
[2026-02-19T13:14:54.269+0000] {logging_mixin.py:188} INFO - [2026-02-19T13:14:54.269+0000] {dag.py:3947} INFO - Setting next_dagrun for company_overview_to_minio to 2026-02-15 00:00:00+00:00, run_after=2026-02-22 00:00:00+00:00
[2026-02-19T13:14:54.286+0000] {processor.py:183} INFO - Processing /opt/airflow/dags/dl_overview.py took 0.088 seconds
[2026-02-19T13:15:24.478+0000] {processor.py:161} INFO - Started process (PID=1779) to work on /opt/airflow/dags/dl_overview.py
[2026-02-19T13:15:24.478+0000] {processor.py:830} INFO - Processing file /opt/airflow/dags/dl_overview.py for tasks to queue
[2026-02-19T13:15:24.479+0000] {logging_mixin.py:188} INFO - [2026-02-19T13:15:24.479+0000] {dagbag.py:545} INFO - Filling up the DagBag from /opt/airflow/dags/dl_overview.py
[2026-02-19T13:15:24.505+0000] {processor.py:840} INFO - DAG(s) 'company_overview_to_minio' retrieved from /opt/airflow/dags/dl_overview.py
[2026-02-19T13:15:24.526+0000] {logging_mixin.py:188} INFO - [2026-02-19T13:15:24.526+0000] {dag.py:3089} INFO - Sync 1 DAGs
[2026-02-19T13:15:24.545+0000] {logging_mixin.py:188} INFO - [2026-02-19T13:15:24.545+0000] {dag.py:3947} INFO - Setting next_dagrun for company_overview_to_minio to 2026-02-15 00:00:00+00:00, run_after=2026-02-22 00:00:00+00:00
[2026-02-19T13:15:24.562+0000] {processor.py:183} INFO - Processing /opt/airflow/dags/dl_overview.py took 0.089 seconds
[2026-02-19T13:15:54.732+0000] {processor.py:161} INFO - Started process (PID=1801) to work on /opt/airflow/dags/dl_overview.py
[2026-02-19T13:15:54.733+0000] {processor.py:830} INFO - Processing file /opt/airflow/dags/dl_overview.py for tasks to queue
[2026-02-19T13:15:54.734+0000] {logging_mixin.py:188} INFO - [2026-02-19T13:15:54.734+0000] {dagbag.py:545} INFO - Filling up the DagBag from /opt/airflow/dags/dl_overview.py
[2026-02-19T13:15:54.764+0000] {processor.py:840} INFO - DAG(s) 'company_overview_to_minio' retrieved from /opt/airflow/dags/dl_overview.py
[2026-02-19T13:15:54.789+0000] {logging_mixin.py:188} INFO - [2026-02-19T13:15:54.789+0000] {dag.py:3089} INFO - Sync 1 DAGs
[2026-02-19T13:15:54.810+0000] {logging_mixin.py:188} INFO - [2026-02-19T13:15:54.810+0000] {dag.py:3947} INFO - Setting next_dagrun for company_overview_to_minio to 2026-02-15 00:00:00+00:00, run_after=2026-02-22 00:00:00+00:00
[2026-02-19T13:15:54.826+0000] {processor.py:183} INFO - Processing /opt/airflow/dags/dl_overview.py took 0.099 seconds
[2026-02-19T13:16:25.270+0000] {processor.py:161} INFO - Started process (PID=1823) to work on /opt/airflow/dags/dl_overview.py
[2026-02-19T13:16:25.271+0000] {processor.py:830} INFO - Processing file /opt/airflow/dags/dl_overview.py for tasks to queue
[2026-02-19T13:16:25.272+0000] {logging_mixin.py:188} INFO - [2026-02-19T13:16:25.271+0000] {dagbag.py:545} INFO - Filling up the DagBag from /opt/airflow/dags/dl_overview.py
[2026-02-19T13:16:25.298+0000] {processor.py:840} INFO - DAG(s) 'company_overview_to_minio' retrieved from /opt/airflow/dags/dl_overview.py
[2026-02-19T13:16:25.318+0000] {logging_mixin.py:188} INFO - [2026-02-19T13:16:25.318+0000] {dag.py:3089} INFO - Sync 1 DAGs
[2026-02-19T13:16:25.336+0000] {logging_mixin.py:188} INFO - [2026-02-19T13:16:25.336+0000] {dag.py:3947} INFO - Setting next_dagrun for company_overview_to_minio to 2026-02-15 00:00:00+00:00, run_after=2026-02-22 00:00:00+00:00
[2026-02-19T13:16:25.354+0000] {processor.py:183} INFO - Processing /opt/airflow/dags/dl_overview.py took 0.089 seconds
[2026-02-19T13:16:55.764+0000] {processor.py:161} INFO - Started process (PID=1845) to work on /opt/airflow/dags/dl_overview.py
[2026-02-19T13:16:55.764+0000] {processor.py:830} INFO - Processing file /opt/airflow/dags/dl_overview.py for tasks to queue
[2026-02-19T13:16:55.765+0000] {logging_mixin.py:188} INFO - [2026-02-19T13:16:55.765+0000] {dagbag.py:545} INFO - Filling up the DagBag from /opt/airflow/dags/dl_overview.py
[2026-02-19T13:16:55.798+0000] {processor.py:840} INFO - DAG(s) 'company_overview_to_minio' retrieved from /opt/airflow/dags/dl_overview.py
[2026-02-19T13:16:55.838+0000] {logging_mixin.py:188} INFO - [2026-02-19T13:16:55.837+0000] {dag.py:3089} INFO - Sync 1 DAGs
[2026-02-19T13:16:55.873+0000] {logging_mixin.py:188} INFO - [2026-02-19T13:16:55.873+0000] {dag.py:3947} INFO - Setting next_dagrun for company_overview_to_minio to 2026-02-15 00:00:00+00:00, run_after=2026-02-22 00:00:00+00:00
[2026-02-19T13:16:55.892+0000] {processor.py:183} INFO - Processing /opt/airflow/dags/dl_overview.py took 0.133 seconds
[2026-02-19T13:17:26.376+0000] {processor.py:161} INFO - Started process (PID=1867) to work on /opt/airflow/dags/dl_overview.py
[2026-02-19T13:17:26.377+0000] {processor.py:830} INFO - Processing file /opt/airflow/dags/dl_overview.py for tasks to queue
[2026-02-19T13:17:26.378+0000] {logging_mixin.py:188} INFO - [2026-02-19T13:17:26.377+0000] {dagbag.py:545} INFO - Filling up the DagBag from /opt/airflow/dags/dl_overview.py
[2026-02-19T13:17:26.406+0000] {processor.py:840} INFO - DAG(s) 'company_overview_to_minio' retrieved from /opt/airflow/dags/dl_overview.py
[2026-02-19T13:17:26.427+0000] {logging_mixin.py:188} INFO - [2026-02-19T13:17:26.427+0000] {dag.py:3089} INFO - Sync 1 DAGs
[2026-02-19T13:17:26.447+0000] {logging_mixin.py:188} INFO - [2026-02-19T13:17:26.447+0000] {dag.py:3947} INFO - Setting next_dagrun for company_overview_to_minio to 2026-02-15 00:00:00+00:00, run_after=2026-02-22 00:00:00+00:00
[2026-02-19T13:17:26.464+0000] {processor.py:183} INFO - Processing /opt/airflow/dags/dl_overview.py took 0.093 seconds
[2026-02-19T13:17:56.766+0000] {processor.py:161} INFO - Started process (PID=1889) to work on /opt/airflow/dags/dl_overview.py
[2026-02-19T13:17:56.767+0000] {processor.py:830} INFO - Processing file /opt/airflow/dags/dl_overview.py for tasks to queue
[2026-02-19T13:17:56.767+0000] {logging_mixin.py:188} INFO - [2026-02-19T13:17:56.767+0000] {dagbag.py:545} INFO - Filling up the DagBag from /opt/airflow/dags/dl_overview.py
[2026-02-19T13:17:56.799+0000] {processor.py:840} INFO - DAG(s) 'company_overview_to_minio' retrieved from /opt/airflow/dags/dl_overview.py
[2026-02-19T13:17:56.823+0000] {logging_mixin.py:188} INFO - [2026-02-19T13:17:56.823+0000] {dag.py:3089} INFO - Sync 1 DAGs
[2026-02-19T13:17:56.846+0000] {logging_mixin.py:188} INFO - [2026-02-19T13:17:56.846+0000] {dag.py:3947} INFO - Setting next_dagrun for company_overview_to_minio to 2026-02-15 00:00:00+00:00, run_after=2026-02-22 00:00:00+00:00
[2026-02-19T13:17:56.865+0000] {processor.py:183} INFO - Processing /opt/airflow/dags/dl_overview.py took 0.104 seconds
[2026-02-19T13:18:27.193+0000] {processor.py:161} INFO - Started process (PID=1911) to work on /opt/airflow/dags/dl_overview.py
[2026-02-19T13:18:27.194+0000] {processor.py:830} INFO - Processing file /opt/airflow/dags/dl_overview.py for tasks to queue
[2026-02-19T13:18:27.195+0000] {logging_mixin.py:188} INFO - [2026-02-19T13:18:27.194+0000] {dagbag.py:545} INFO - Filling up the DagBag from /opt/airflow/dags/dl_overview.py
[2026-02-19T13:18:27.225+0000] {processor.py:840} INFO - DAG(s) 'company_overview_to_minio' retrieved from /opt/airflow/dags/dl_overview.py
[2026-02-19T13:18:27.246+0000] {logging_mixin.py:188} INFO - [2026-02-19T13:18:27.246+0000] {dag.py:3089} INFO - Sync 1 DAGs
[2026-02-19T13:18:27.268+0000] {logging_mixin.py:188} INFO - [2026-02-19T13:18:27.268+0000] {dag.py:3947} INFO - Setting next_dagrun for company_overview_to_minio to 2026-02-15 00:00:00+00:00, run_after=2026-02-22 00:00:00+00:00
[2026-02-19T13:18:27.286+0000] {processor.py:183} INFO - Processing /opt/airflow/dags/dl_overview.py took 0.098 seconds
[2026-02-19T13:18:57.753+0000] {processor.py:161} INFO - Started process (PID=1933) to work on /opt/airflow/dags/dl_overview.py
[2026-02-19T13:18:57.754+0000] {processor.py:830} INFO - Processing file /opt/airflow/dags/dl_overview.py for tasks to queue
[2026-02-19T13:18:57.755+0000] {logging_mixin.py:188} INFO - [2026-02-19T13:18:57.754+0000] {dagbag.py:545} INFO - Filling up the DagBag from /opt/airflow/dags/dl_overview.py
[2026-02-19T13:18:57.784+0000] {processor.py:840} INFO - DAG(s) 'company_overview_to_minio' retrieved from /opt/airflow/dags/dl_overview.py
[2026-02-19T13:18:57.806+0000] {logging_mixin.py:188} INFO - [2026-02-19T13:18:57.806+0000] {dag.py:3089} INFO - Sync 1 DAGs
[2026-02-19T13:18:57.827+0000] {logging_mixin.py:188} INFO - [2026-02-19T13:18:57.827+0000] {dag.py:3947} INFO - Setting next_dagrun for company_overview_to_minio to 2026-02-15 00:00:00+00:00, run_after=2026-02-22 00:00:00+00:00
[2026-02-19T13:18:57.844+0000] {processor.py:183} INFO - Processing /opt/airflow/dags/dl_overview.py took 0.096 seconds
[2026-02-19T13:19:28.255+0000] {processor.py:161} INFO - Started process (PID=1955) to work on /opt/airflow/dags/dl_overview.py
[2026-02-19T13:19:28.255+0000] {processor.py:830} INFO - Processing file /opt/airflow/dags/dl_overview.py for tasks to queue
[2026-02-19T13:19:28.256+0000] {logging_mixin.py:188} INFO - [2026-02-19T13:19:28.256+0000] {dagbag.py:545} INFO - Filling up the DagBag from /opt/airflow/dags/dl_overview.py
[2026-02-19T13:19:28.287+0000] {processor.py:840} INFO - DAG(s) 'company_overview_to_minio' retrieved from /opt/airflow/dags/dl_overview.py
[2026-02-19T13:19:28.309+0000] {logging_mixin.py:188} INFO - [2026-02-19T13:19:28.308+0000] {dag.py:3089} INFO - Sync 1 DAGs
[2026-02-19T13:19:28.329+0000] {logging_mixin.py:188} INFO - [2026-02-19T13:19:28.329+0000] {dag.py:3947} INFO - Setting next_dagrun for company_overview_to_minio to 2026-02-15 00:00:00+00:00, run_after=2026-02-22 00:00:00+00:00
[2026-02-19T13:19:28.348+0000] {processor.py:183} INFO - Processing /opt/airflow/dags/dl_overview.py took 0.098 seconds
[2026-02-19T13:19:58.693+0000] {processor.py:161} INFO - Started process (PID=1977) to work on /opt/airflow/dags/dl_overview.py
[2026-02-19T13:19:58.695+0000] {processor.py:830} INFO - Processing file /opt/airflow/dags/dl_overview.py for tasks to queue
[2026-02-19T13:19:58.695+0000] {logging_mixin.py:188} INFO - [2026-02-19T13:19:58.695+0000] {dagbag.py:545} INFO - Filling up the DagBag from /opt/airflow/dags/dl_overview.py
[2026-02-19T13:19:58.724+0000] {processor.py:840} INFO - DAG(s) 'company_overview_to_minio' retrieved from /opt/airflow/dags/dl_overview.py
[2026-02-19T13:19:58.747+0000] {logging_mixin.py:188} INFO - [2026-02-19T13:19:58.747+0000] {dag.py:3089} INFO - Sync 1 DAGs
[2026-02-19T13:19:58.768+0000] {logging_mixin.py:188} INFO - [2026-02-19T13:19:58.768+0000] {dag.py:3947} INFO - Setting next_dagrun for company_overview_to_minio to 2026-02-15 00:00:00+00:00, run_after=2026-02-22 00:00:00+00:00
[2026-02-19T13:19:58.785+0000] {processor.py:183} INFO - Processing /opt/airflow/dags/dl_overview.py took 0.097 seconds
[2026-02-19T13:20:29.029+0000] {processor.py:161} INFO - Started process (PID=1999) to work on /opt/airflow/dags/dl_overview.py
[2026-02-19T13:20:29.029+0000] {processor.py:830} INFO - Processing file /opt/airflow/dags/dl_overview.py for tasks to queue
[2026-02-19T13:20:29.030+0000] {logging_mixin.py:188} INFO - [2026-02-19T13:20:29.030+0000] {dagbag.py:545} INFO - Filling up the DagBag from /opt/airflow/dags/dl_overview.py
[2026-02-19T13:20:29.058+0000] {processor.py:840} INFO - DAG(s) 'company_overview_to_minio' retrieved from /opt/airflow/dags/dl_overview.py
[2026-02-19T13:20:29.079+0000] {logging_mixin.py:188} INFO - [2026-02-19T13:20:29.079+0000] {dag.py:3089} INFO - Sync 1 DAGs
[2026-02-19T13:20:29.099+0000] {logging_mixin.py:188} INFO - [2026-02-19T13:20:29.098+0000] {dag.py:3947} INFO - Setting next_dagrun for company_overview_to_minio to 2026-02-15 00:00:00+00:00, run_after=2026-02-22 00:00:00+00:00
[2026-02-19T13:20:29.126+0000] {processor.py:183} INFO - Processing /opt/airflow/dags/dl_overview.py took 0.102 seconds
[2026-02-19T13:20:59.654+0000] {processor.py:161} INFO - Started process (PID=2021) to work on /opt/airflow/dags/dl_overview.py
[2026-02-19T13:20:59.654+0000] {processor.py:830} INFO - Processing file /opt/airflow/dags/dl_overview.py for tasks to queue
[2026-02-19T13:20:59.656+0000] {logging_mixin.py:188} INFO - [2026-02-19T13:20:59.655+0000] {dagbag.py:545} INFO - Filling up the DagBag from /opt/airflow/dags/dl_overview.py
[2026-02-19T13:20:59.688+0000] {processor.py:840} INFO - DAG(s) 'company_overview_to_minio' retrieved from /opt/airflow/dags/dl_overview.py
[2026-02-19T13:20:59.713+0000] {logging_mixin.py:188} INFO - [2026-02-19T13:20:59.712+0000] {dag.py:3089} INFO - Sync 1 DAGs
[2026-02-19T13:20:59.738+0000] {logging_mixin.py:188} INFO - [2026-02-19T13:20:59.738+0000] {dag.py:3947} INFO - Setting next_dagrun for company_overview_to_minio to 2026-02-15 00:00:00+00:00, run_after=2026-02-22 00:00:00+00:00
[2026-02-19T13:20:59.757+0000] {processor.py:183} INFO - Processing /opt/airflow/dags/dl_overview.py took 0.109 seconds
[2026-02-19T13:21:30.568+0000] {processor.py:161} INFO - Started process (PID=2044) to work on /opt/airflow/dags/dl_overview.py
[2026-02-19T13:21:30.568+0000] {processor.py:830} INFO - Processing file /opt/airflow/dags/dl_overview.py for tasks to queue
[2026-02-19T13:21:30.569+0000] {logging_mixin.py:188} INFO - [2026-02-19T13:21:30.569+0000] {dagbag.py:545} INFO - Filling up the DagBag from /opt/airflow/dags/dl_overview.py
[2026-02-19T13:21:30.601+0000] {processor.py:840} INFO - DAG(s) 'company_overview_to_minio' retrieved from /opt/airflow/dags/dl_overview.py
[2026-02-19T13:21:30.624+0000] {logging_mixin.py:188} INFO - [2026-02-19T13:21:30.624+0000] {dag.py:3089} INFO - Sync 1 DAGs
[2026-02-19T13:21:30.645+0000] {logging_mixin.py:188} INFO - [2026-02-19T13:21:30.644+0000] {dag.py:3947} INFO - Setting next_dagrun for company_overview_to_minio to 2026-02-15 00:00:00+00:00, run_after=2026-02-22 00:00:00+00:00
[2026-02-19T13:21:30.665+0000] {processor.py:183} INFO - Processing /opt/airflow/dags/dl_overview.py took 0.102 seconds
[2026-02-19T13:22:00.977+0000] {processor.py:161} INFO - Started process (PID=2066) to work on /opt/airflow/dags/dl_overview.py
[2026-02-19T13:22:00.978+0000] {processor.py:830} INFO - Processing file /opt/airflow/dags/dl_overview.py for tasks to queue
[2026-02-19T13:22:00.979+0000] {logging_mixin.py:188} INFO - [2026-02-19T13:22:00.978+0000] {dagbag.py:545} INFO - Filling up the DagBag from /opt/airflow/dags/dl_overview.py
[2026-02-19T13:22:01.005+0000] {processor.py:840} INFO - DAG(s) 'company_overview_to_minio' retrieved from /opt/airflow/dags/dl_overview.py
[2026-02-19T13:22:01.025+0000] {logging_mixin.py:188} INFO - [2026-02-19T13:22:01.025+0000] {dag.py:3089} INFO - Sync 1 DAGs
[2026-02-19T13:22:01.046+0000] {logging_mixin.py:188} INFO - [2026-02-19T13:22:01.046+0000] {dag.py:3947} INFO - Setting next_dagrun for company_overview_to_minio to 2026-02-15 00:00:00+00:00, run_after=2026-02-22 00:00:00+00:00
[2026-02-19T13:22:01.063+0000] {processor.py:183} INFO - Processing /opt/airflow/dags/dl_overview.py took 0.092 seconds
[2026-02-19T13:22:32.162+0000] {processor.py:161} INFO - Started process (PID=2089) to work on /opt/airflow/dags/dl_overview.py
[2026-02-19T13:22:32.162+0000] {processor.py:830} INFO - Processing file /opt/airflow/dags/dl_overview.py for tasks to queue
[2026-02-19T13:22:32.164+0000] {logging_mixin.py:188} INFO - [2026-02-19T13:22:32.163+0000] {dagbag.py:545} INFO - Filling up the DagBag from /opt/airflow/dags/dl_overview.py
[2026-02-19T13:22:32.190+0000] {processor.py:840} INFO - DAG(s) 'company_overview_to_minio' retrieved from /opt/airflow/dags/dl_overview.py
[2026-02-19T13:22:32.212+0000] {logging_mixin.py:188} INFO - [2026-02-19T13:22:32.212+0000] {dag.py:3089} INFO - Sync 1 DAGs
[2026-02-19T13:22:32.233+0000] {logging_mixin.py:188} INFO - [2026-02-19T13:22:32.233+0000] {dag.py:3947} INFO - Setting next_dagrun for company_overview_to_minio to 2026-02-15 00:00:00+00:00, run_after=2026-02-22 00:00:00+00:00
[2026-02-19T13:22:32.252+0000] {processor.py:183} INFO - Processing /opt/airflow/dags/dl_overview.py took 0.095 seconds
[2026-02-19T13:23:02.693+0000] {processor.py:161} INFO - Started process (PID=2111) to work on /opt/airflow/dags/dl_overview.py
[2026-02-19T13:23:02.693+0000] {processor.py:830} INFO - Processing file /opt/airflow/dags/dl_overview.py for tasks to queue
[2026-02-19T13:23:02.694+0000] {logging_mixin.py:188} INFO - [2026-02-19T13:23:02.694+0000] {dagbag.py:545} INFO - Filling up the DagBag from /opt/airflow/dags/dl_overview.py
[2026-02-19T13:23:02.724+0000] {processor.py:840} INFO - DAG(s) 'company_overview_to_minio' retrieved from /opt/airflow/dags/dl_overview.py
[2026-02-19T13:23:02.745+0000] {logging_mixin.py:188} INFO - [2026-02-19T13:23:02.745+0000] {dag.py:3089} INFO - Sync 1 DAGs
[2026-02-19T13:23:02.767+0000] {logging_mixin.py:188} INFO - [2026-02-19T13:23:02.766+0000] {dag.py:3947} INFO - Setting next_dagrun for company_overview_to_minio to 2026-02-15 00:00:00+00:00, run_after=2026-02-22 00:00:00+00:00
[2026-02-19T13:23:02.785+0000] {processor.py:183} INFO - Processing /opt/airflow/dags/dl_overview.py took 0.098 seconds
[2026-02-19T13:23:33.012+0000] {processor.py:161} INFO - Started process (PID=2133) to work on /opt/airflow/dags/dl_overview.py
[2026-02-19T13:23:33.013+0000] {processor.py:830} INFO - Processing file /opt/airflow/dags/dl_overview.py for tasks to queue
[2026-02-19T13:23:33.014+0000] {logging_mixin.py:188} INFO - [2026-02-19T13:23:33.013+0000] {dagbag.py:545} INFO - Filling up the DagBag from /opt/airflow/dags/dl_overview.py
[2026-02-19T13:23:33.042+0000] {processor.py:840} INFO - DAG(s) 'company_overview_to_minio' retrieved from /opt/airflow/dags/dl_overview.py
[2026-02-19T13:23:33.065+0000] {logging_mixin.py:188} INFO - [2026-02-19T13:23:33.064+0000] {dag.py:3089} INFO - Sync 1 DAGs
[2026-02-19T13:23:33.088+0000] {logging_mixin.py:188} INFO - [2026-02-19T13:23:33.087+0000] {dag.py:3947} INFO - Setting next_dagrun for company_overview_to_minio to 2026-02-15 00:00:00+00:00, run_after=2026-02-22 00:00:00+00:00
[2026-02-19T13:23:33.107+0000] {processor.py:183} INFO - Processing /opt/airflow/dags/dl_overview.py took 0.102 seconds
[2026-02-19T13:24:03.405+0000] {processor.py:161} INFO - Started process (PID=2155) to work on /opt/airflow/dags/dl_overview.py
[2026-02-19T13:24:03.406+0000] {processor.py:830} INFO - Processing file /opt/airflow/dags/dl_overview.py for tasks to queue
[2026-02-19T13:24:03.407+0000] {logging_mixin.py:188} INFO - [2026-02-19T13:24:03.407+0000] {dagbag.py:545} INFO - Filling up the DagBag from /opt/airflow/dags/dl_overview.py
[2026-02-19T13:24:03.437+0000] {processor.py:840} INFO - DAG(s) 'company_overview_to_minio' retrieved from /opt/airflow/dags/dl_overview.py
[2026-02-19T13:24:03.459+0000] {logging_mixin.py:188} INFO - [2026-02-19T13:24:03.459+0000] {dag.py:3089} INFO - Sync 1 DAGs
[2026-02-19T13:24:03.480+0000] {logging_mixin.py:188} INFO - [2026-02-19T13:24:03.480+0000] {dag.py:3947} INFO - Setting next_dagrun for company_overview_to_minio to 2026-02-15 00:00:00+00:00, run_after=2026-02-22 00:00:00+00:00
[2026-02-19T13:24:03.500+0000] {processor.py:183} INFO - Processing /opt/airflow/dags/dl_overview.py took 0.099 seconds
[2026-02-19T13:24:33.985+0000] {processor.py:161} INFO - Started process (PID=2177) to work on /opt/airflow/dags/dl_overview.py
[2026-02-19T13:24:33.986+0000] {processor.py:830} INFO - Processing file /opt/airflow/dags/dl_overview.py for tasks to queue
[2026-02-19T13:24:33.987+0000] {logging_mixin.py:188} INFO - [2026-02-19T13:24:33.986+0000] {dagbag.py:545} INFO - Filling up the DagBag from /opt/airflow/dags/dl_overview.py
[2026-02-19T13:24:34.031+0000] {processor.py:840} INFO - DAG(s) 'company_overview_to_minio' retrieved from /opt/airflow/dags/dl_overview.py
[2026-02-19T13:24:34.069+0000] {logging_mixin.py:188} INFO - [2026-02-19T13:24:34.068+0000] {dag.py:3089} INFO - Sync 1 DAGs
[2026-02-19T13:24:34.096+0000] {logging_mixin.py:188} INFO - [2026-02-19T13:24:34.096+0000] {dag.py:3947} INFO - Setting next_dagrun for company_overview_to_minio to 2026-02-15 00:00:00+00:00, run_after=2026-02-22 00:00:00+00:00
[2026-02-19T13:24:34.117+0000] {processor.py:183} INFO - Processing /opt/airflow/dags/dl_overview.py took 0.138 seconds
[2026-02-19T13:25:04.346+0000] {processor.py:161} INFO - Started process (PID=2199) to work on /opt/airflow/dags/dl_overview.py
[2026-02-19T13:25:04.347+0000] {processor.py:830} INFO - Processing file /opt/airflow/dags/dl_overview.py for tasks to queue
[2026-02-19T13:25:04.348+0000] {logging_mixin.py:188} INFO - [2026-02-19T13:25:04.348+0000] {dagbag.py:545} INFO - Filling up the DagBag from /opt/airflow/dags/dl_overview.py
[2026-02-19T13:25:04.375+0000] {processor.py:840} INFO - DAG(s) 'company_overview_to_minio' retrieved from /opt/airflow/dags/dl_overview.py
[2026-02-19T13:25:04.395+0000] {logging_mixin.py:188} INFO - [2026-02-19T13:25:04.395+0000] {dag.py:3089} INFO - Sync 1 DAGs
[2026-02-19T13:25:04.415+0000] {logging_mixin.py:188} INFO - [2026-02-19T13:25:04.414+0000] {dag.py:3947} INFO - Setting next_dagrun for company_overview_to_minio to 2026-02-15 00:00:00+00:00, run_after=2026-02-22 00:00:00+00:00
[2026-02-19T13:25:04.433+0000] {processor.py:183} INFO - Processing /opt/airflow/dags/dl_overview.py took 0.091 seconds
[2026-02-19T13:25:34.834+0000] {processor.py:161} INFO - Started process (PID=2221) to work on /opt/airflow/dags/dl_overview.py
[2026-02-19T13:25:34.835+0000] {processor.py:830} INFO - Processing file /opt/airflow/dags/dl_overview.py for tasks to queue
[2026-02-19T13:25:34.835+0000] {logging_mixin.py:188} INFO - [2026-02-19T13:25:34.835+0000] {dagbag.py:545} INFO - Filling up the DagBag from /opt/airflow/dags/dl_overview.py
[2026-02-19T13:25:34.867+0000] {processor.py:840} INFO - DAG(s) 'company_overview_to_minio' retrieved from /opt/airflow/dags/dl_overview.py
[2026-02-19T13:25:34.888+0000] {logging_mixin.py:188} INFO - [2026-02-19T13:25:34.888+0000] {dag.py:3089} INFO - Sync 1 DAGs
[2026-02-19T13:25:34.909+0000] {logging_mixin.py:188} INFO - [2026-02-19T13:25:34.909+0000] {dag.py:3947} INFO - Setting next_dagrun for company_overview_to_minio to 2026-02-15 00:00:00+00:00, run_after=2026-02-22 00:00:00+00:00
[2026-02-19T13:25:34.934+0000] {processor.py:183} INFO - Processing /opt/airflow/dags/dl_overview.py took 0.105 seconds
[2026-02-19T13:26:05.257+0000] {processor.py:161} INFO - Started process (PID=2243) to work on /opt/airflow/dags/dl_overview.py
[2026-02-19T13:26:05.258+0000] {processor.py:830} INFO - Processing file /opt/airflow/dags/dl_overview.py for tasks to queue
[2026-02-19T13:26:05.259+0000] {logging_mixin.py:188} INFO - [2026-02-19T13:26:05.258+0000] {dagbag.py:545} INFO - Filling up the DagBag from /opt/airflow/dags/dl_overview.py
[2026-02-19T13:26:05.294+0000] {processor.py:840} INFO - DAG(s) 'company_overview_to_minio' retrieved from /opt/airflow/dags/dl_overview.py
[2026-02-19T13:26:05.322+0000] {logging_mixin.py:188} INFO - [2026-02-19T13:26:05.322+0000] {dag.py:3089} INFO - Sync 1 DAGs
[2026-02-19T13:26:05.348+0000] {logging_mixin.py:188} INFO - [2026-02-19T13:26:05.348+0000] {dag.py:3947} INFO - Setting next_dagrun for company_overview_to_minio to 2026-02-15 00:00:00+00:00, run_after=2026-02-22 00:00:00+00:00
[2026-02-19T13:26:05.378+0000] {processor.py:183} INFO - Processing /opt/airflow/dags/dl_overview.py took 0.127 seconds
[2026-02-19T13:26:36.140+0000] {processor.py:161} INFO - Started process (PID=2265) to work on /opt/airflow/dags/dl_overview.py
[2026-02-19T13:26:36.143+0000] {processor.py:830} INFO - Processing file /opt/airflow/dags/dl_overview.py for tasks to queue
[2026-02-19T13:26:36.145+0000] {logging_mixin.py:188} INFO - [2026-02-19T13:26:36.145+0000] {dagbag.py:545} INFO - Filling up the DagBag from /opt/airflow/dags/dl_overview.py
[2026-02-19T13:26:36.279+0000] {processor.py:840} INFO - DAG(s) 'company_overview_to_minio' retrieved from /opt/airflow/dags/dl_overview.py
[2026-02-19T13:26:36.346+0000] {logging_mixin.py:188} INFO - [2026-02-19T13:26:36.345+0000] {dag.py:3089} INFO - Sync 1 DAGs
[2026-02-19T13:26:36.405+0000] {logging_mixin.py:188} INFO - [2026-02-19T13:26:36.405+0000] {dag.py:3947} INFO - Setting next_dagrun for company_overview_to_minio to 2026-02-15 00:00:00+00:00, run_after=2026-02-22 00:00:00+00:00
[2026-02-19T13:26:36.451+0000] {processor.py:183} INFO - Processing /opt/airflow/dags/dl_overview.py took 0.319 seconds
[2026-02-19T13:27:06.666+0000] {processor.py:161} INFO - Started process (PID=2287) to work on /opt/airflow/dags/dl_overview.py
[2026-02-19T13:27:06.667+0000] {processor.py:830} INFO - Processing file /opt/airflow/dags/dl_overview.py for tasks to queue
[2026-02-19T13:27:06.668+0000] {logging_mixin.py:188} INFO - [2026-02-19T13:27:06.668+0000] {dagbag.py:545} INFO - Filling up the DagBag from /opt/airflow/dags/dl_overview.py
[2026-02-19T13:27:06.701+0000] {processor.py:840} INFO - DAG(s) 'company_overview_to_minio' retrieved from /opt/airflow/dags/dl_overview.py
[2026-02-19T13:27:06.721+0000] {logging_mixin.py:188} INFO - [2026-02-19T13:27:06.721+0000] {dag.py:3089} INFO - Sync 1 DAGs
[2026-02-19T13:27:06.744+0000] {logging_mixin.py:188} INFO - [2026-02-19T13:27:06.744+0000] {dag.py:3947} INFO - Setting next_dagrun for company_overview_to_minio to 2026-02-15 00:00:00+00:00, run_after=2026-02-22 00:00:00+00:00
[2026-02-19T13:27:06.760+0000] {processor.py:183} INFO - Processing /opt/airflow/dags/dl_overview.py took 0.099 seconds
[2026-02-19T13:27:37.010+0000] {processor.py:161} INFO - Started process (PID=2309) to work on /opt/airflow/dags/dl_overview.py
[2026-02-19T13:27:37.010+0000] {processor.py:830} INFO - Processing file /opt/airflow/dags/dl_overview.py for tasks to queue
[2026-02-19T13:27:37.011+0000] {logging_mixin.py:188} INFO - [2026-02-19T13:27:37.011+0000] {dagbag.py:545} INFO - Filling up the DagBag from /opt/airflow/dags/dl_overview.py
[2026-02-19T13:27:37.038+0000] {processor.py:840} INFO - DAG(s) 'company_overview_to_minio' retrieved from /opt/airflow/dags/dl_overview.py
[2026-02-19T13:27:37.058+0000] {logging_mixin.py:188} INFO - [2026-02-19T13:27:37.057+0000] {dag.py:3089} INFO - Sync 1 DAGs
[2026-02-19T13:27:37.076+0000] {logging_mixin.py:188} INFO - [2026-02-19T13:27:37.076+0000] {dag.py:3947} INFO - Setting next_dagrun for company_overview_to_minio to 2026-02-15 00:00:00+00:00, run_after=2026-02-22 00:00:00+00:00
[2026-02-19T13:27:37.097+0000] {processor.py:183} INFO - Processing /opt/airflow/dags/dl_overview.py took 0.092 seconds
[2026-02-19T13:28:07.283+0000] {processor.py:161} INFO - Started process (PID=2331) to work on /opt/airflow/dags/dl_overview.py
[2026-02-19T13:28:07.284+0000] {processor.py:830} INFO - Processing file /opt/airflow/dags/dl_overview.py for tasks to queue
[2026-02-19T13:28:07.284+0000] {logging_mixin.py:188} INFO - [2026-02-19T13:28:07.284+0000] {dagbag.py:545} INFO - Filling up the DagBag from /opt/airflow/dags/dl_overview.py
[2026-02-19T13:28:07.315+0000] {processor.py:840} INFO - DAG(s) 'company_overview_to_minio' retrieved from /opt/airflow/dags/dl_overview.py
[2026-02-19T13:28:07.335+0000] {logging_mixin.py:188} INFO - [2026-02-19T13:28:07.335+0000] {dag.py:3089} INFO - Sync 1 DAGs
[2026-02-19T13:28:07.356+0000] {logging_mixin.py:188} INFO - [2026-02-19T13:28:07.355+0000] {dag.py:3947} INFO - Setting next_dagrun for company_overview_to_minio to 2026-02-15 00:00:00+00:00, run_after=2026-02-22 00:00:00+00:00
[2026-02-19T13:28:07.376+0000] {processor.py:183} INFO - Processing /opt/airflow/dags/dl_overview.py took 0.098 seconds
[2026-02-19T13:28:37.813+0000] {processor.py:161} INFO - Started process (PID=2353) to work on /opt/airflow/dags/dl_overview.py
[2026-02-19T13:28:37.814+0000] {processor.py:830} INFO - Processing file /opt/airflow/dags/dl_overview.py for tasks to queue
[2026-02-19T13:28:37.815+0000] {logging_mixin.py:188} INFO - [2026-02-19T13:28:37.814+0000] {dagbag.py:545} INFO - Filling up the DagBag from /opt/airflow/dags/dl_overview.py
[2026-02-19T13:28:37.844+0000] {processor.py:840} INFO - DAG(s) 'company_overview_to_minio' retrieved from /opt/airflow/dags/dl_overview.py
[2026-02-19T13:28:37.865+0000] {logging_mixin.py:188} INFO - [2026-02-19T13:28:37.864+0000] {dag.py:3089} INFO - Sync 1 DAGs
[2026-02-19T13:28:37.884+0000] {logging_mixin.py:188} INFO - [2026-02-19T13:28:37.884+0000] {dag.py:3947} INFO - Setting next_dagrun for company_overview_to_minio to 2026-02-15 00:00:00+00:00, run_after=2026-02-22 00:00:00+00:00
[2026-02-19T13:28:37.901+0000] {processor.py:183} INFO - Processing /opt/airflow/dags/dl_overview.py took 0.093 seconds
[2026-02-19T13:29:08.531+0000] {processor.py:161} INFO - Started process (PID=2376) to work on /opt/airflow/dags/dl_overview.py
[2026-02-19T13:29:08.532+0000] {processor.py:830} INFO - Processing file /opt/airflow/dags/dl_overview.py for tasks to queue
[2026-02-19T13:29:08.533+0000] {logging_mixin.py:188} INFO - [2026-02-19T13:29:08.532+0000] {dagbag.py:545} INFO - Filling up the DagBag from /opt/airflow/dags/dl_overview.py
[2026-02-19T13:29:08.560+0000] {processor.py:840} INFO - DAG(s) 'company_overview_to_minio' retrieved from /opt/airflow/dags/dl_overview.py
[2026-02-19T13:29:08.579+0000] {logging_mixin.py:188} INFO - [2026-02-19T13:29:08.579+0000] {dag.py:3089} INFO - Sync 1 DAGs
[2026-02-19T13:29:08.600+0000] {logging_mixin.py:188} INFO - [2026-02-19T13:29:08.600+0000] {dag.py:3947} INFO - Setting next_dagrun for company_overview_to_minio to 2026-02-15 00:00:00+00:00, run_after=2026-02-22 00:00:00+00:00
[2026-02-19T13:29:08.618+0000] {processor.py:183} INFO - Processing /opt/airflow/dags/dl_overview.py took 0.092 seconds
[2026-02-19T13:29:38.857+0000] {processor.py:161} INFO - Started process (PID=2398) to work on /opt/airflow/dags/dl_overview.py
[2026-02-19T13:29:38.858+0000] {processor.py:830} INFO - Processing file /opt/airflow/dags/dl_overview.py for tasks to queue
[2026-02-19T13:29:38.859+0000] {logging_mixin.py:188} INFO - [2026-02-19T13:29:38.859+0000] {dagbag.py:545} INFO - Filling up the DagBag from /opt/airflow/dags/dl_overview.py
[2026-02-19T13:29:38.891+0000] {processor.py:840} INFO - DAG(s) 'company_overview_to_minio' retrieved from /opt/airflow/dags/dl_overview.py
[2026-02-19T13:29:38.915+0000] {logging_mixin.py:188} INFO - [2026-02-19T13:29:38.914+0000] {dag.py:3089} INFO - Sync 1 DAGs
[2026-02-19T13:29:38.938+0000] {logging_mixin.py:188} INFO - [2026-02-19T13:29:38.938+0000] {dag.py:3947} INFO - Setting next_dagrun for company_overview_to_minio to 2026-02-15 00:00:00+00:00, run_after=2026-02-22 00:00:00+00:00
[2026-02-19T13:29:38.964+0000] {processor.py:183} INFO - Processing /opt/airflow/dags/dl_overview.py took 0.111 seconds
[2026-02-19T13:30:09.206+0000] {processor.py:161} INFO - Started process (PID=2420) to work on /opt/airflow/dags/dl_overview.py
[2026-02-19T13:30:09.207+0000] {processor.py:830} INFO - Processing file /opt/airflow/dags/dl_overview.py for tasks to queue
[2026-02-19T13:30:09.208+0000] {logging_mixin.py:188} INFO - [2026-02-19T13:30:09.208+0000] {dagbag.py:545} INFO - Filling up the DagBag from /opt/airflow/dags/dl_overview.py
[2026-02-19T13:30:09.238+0000] {processor.py:840} INFO - DAG(s) 'company_overview_to_minio' retrieved from /opt/airflow/dags/dl_overview.py
[2026-02-19T13:30:09.259+0000] {logging_mixin.py:188} INFO - [2026-02-19T13:30:09.259+0000] {dag.py:3089} INFO - Sync 1 DAGs
[2026-02-19T13:30:09.279+0000] {logging_mixin.py:188} INFO - [2026-02-19T13:30:09.279+0000] {dag.py:3947} INFO - Setting next_dagrun for company_overview_to_minio to 2026-02-15 00:00:00+00:00, run_after=2026-02-22 00:00:00+00:00
[2026-02-19T13:30:09.299+0000] {processor.py:183} INFO - Processing /opt/airflow/dags/dl_overview.py took 0.098 seconds
[2026-02-19T13:30:39.739+0000] {processor.py:161} INFO - Started process (PID=2442) to work on /opt/airflow/dags/dl_overview.py
[2026-02-19T13:30:39.739+0000] {processor.py:830} INFO - Processing file /opt/airflow/dags/dl_overview.py for tasks to queue
[2026-02-19T13:30:39.740+0000] {logging_mixin.py:188} INFO - [2026-02-19T13:30:39.740+0000] {dagbag.py:545} INFO - Filling up the DagBag from /opt/airflow/dags/dl_overview.py
[2026-02-19T13:30:39.770+0000] {processor.py:840} INFO - DAG(s) 'company_overview_to_minio' retrieved from /opt/airflow/dags/dl_overview.py
[2026-02-19T13:30:39.791+0000] {logging_mixin.py:188} INFO - [2026-02-19T13:30:39.791+0000] {dag.py:3089} INFO - Sync 1 DAGs
[2026-02-19T13:30:39.811+0000] {logging_mixin.py:188} INFO - [2026-02-19T13:30:39.811+0000] {dag.py:3947} INFO - Setting next_dagrun for company_overview_to_minio to 2026-02-15 00:00:00+00:00, run_after=2026-02-22 00:00:00+00:00
[2026-02-19T13:30:39.830+0000] {processor.py:183} INFO - Processing /opt/airflow/dags/dl_overview.py took 0.096 seconds
[2026-02-19T13:31:10.181+0000] {processor.py:161} INFO - Started process (PID=2464) to work on /opt/airflow/dags/dl_overview.py
[2026-02-19T13:31:10.182+0000] {processor.py:830} INFO - Processing file /opt/airflow/dags/dl_overview.py for tasks to queue
[2026-02-19T13:31:10.183+0000] {logging_mixin.py:188} INFO - [2026-02-19T13:31:10.183+0000] {dagbag.py:545} INFO - Filling up the DagBag from /opt/airflow/dags/dl_overview.py
[2026-02-19T13:31:10.219+0000] {processor.py:840} INFO - DAG(s) 'company_overview_to_minio' retrieved from /opt/airflow/dags/dl_overview.py
[2026-02-19T13:31:10.252+0000] {logging_mixin.py:188} INFO - [2026-02-19T13:31:10.251+0000] {dag.py:3089} INFO - Sync 1 DAGs
[2026-02-19T13:31:10.284+0000] {logging_mixin.py:188} INFO - [2026-02-19T13:31:10.284+0000] {dag.py:3947} INFO - Setting next_dagrun for company_overview_to_minio to 2026-02-15 00:00:00+00:00, run_after=2026-02-22 00:00:00+00:00
[2026-02-19T13:31:10.309+0000] {processor.py:183} INFO - Processing /opt/airflow/dags/dl_overview.py took 0.133 seconds
[2026-02-19T13:31:40.874+0000] {processor.py:161} INFO - Started process (PID=2486) to work on /opt/airflow/dags/dl_overview.py
[2026-02-19T13:31:40.874+0000] {processor.py:830} INFO - Processing file /opt/airflow/dags/dl_overview.py for tasks to queue
[2026-02-19T13:31:40.875+0000] {logging_mixin.py:188} INFO - [2026-02-19T13:31:40.875+0000] {dagbag.py:545} INFO - Filling up the DagBag from /opt/airflow/dags/dl_overview.py
[2026-02-19T13:31:40.903+0000] {processor.py:840} INFO - DAG(s) 'company_overview_to_minio' retrieved from /opt/airflow/dags/dl_overview.py
[2026-02-19T13:31:40.923+0000] {logging_mixin.py:188} INFO - [2026-02-19T13:31:40.923+0000] {dag.py:3089} INFO - Sync 1 DAGs
[2026-02-19T13:31:40.945+0000] {logging_mixin.py:188} INFO - [2026-02-19T13:31:40.944+0000] {dag.py:3947} INFO - Setting next_dagrun for company_overview_to_minio to 2026-02-15 00:00:00+00:00, run_after=2026-02-22 00:00:00+00:00
[2026-02-19T13:31:40.965+0000] {processor.py:183} INFO - Processing /opt/airflow/dags/dl_overview.py took 0.096 seconds
[2026-02-19T13:32:11.353+0000] {processor.py:161} INFO - Started process (PID=2508) to work on /opt/airflow/dags/dl_overview.py
[2026-02-19T13:32:11.354+0000] {processor.py:830} INFO - Processing file /opt/airflow/dags/dl_overview.py for tasks to queue
[2026-02-19T13:32:11.357+0000] {logging_mixin.py:188} INFO - [2026-02-19T13:32:11.357+0000] {dagbag.py:545} INFO - Filling up the DagBag from /opt/airflow/dags/dl_overview.py
[2026-02-19T13:32:11.415+0000] {processor.py:840} INFO - DAG(s) 'company_overview_to_minio' retrieved from /opt/airflow/dags/dl_overview.py
[2026-02-19T13:32:11.456+0000] {logging_mixin.py:188} INFO - [2026-02-19T13:32:11.455+0000] {dag.py:3089} INFO - Sync 1 DAGs
[2026-02-19T13:32:11.485+0000] {logging_mixin.py:188} INFO - [2026-02-19T13:32:11.485+0000] {dag.py:3947} INFO - Setting next_dagrun for company_overview_to_minio to 2026-02-15 00:00:00+00:00, run_after=2026-02-22 00:00:00+00:00
[2026-02-19T13:32:11.509+0000] {processor.py:183} INFO - Processing /opt/airflow/dags/dl_overview.py took 0.164 seconds
[2026-02-19T13:32:42.007+0000] {processor.py:161} INFO - Started process (PID=2530) to work on /opt/airflow/dags/dl_overview.py
[2026-02-19T13:32:42.008+0000] {processor.py:830} INFO - Processing file /opt/airflow/dags/dl_overview.py for tasks to queue
[2026-02-19T13:32:42.010+0000] {logging_mixin.py:188} INFO - [2026-02-19T13:32:42.009+0000] {dagbag.py:545} INFO - Filling up the DagBag from /opt/airflow/dags/dl_overview.py
[2026-02-19T13:32:42.043+0000] {processor.py:840} INFO - DAG(s) 'company_overview_to_minio' retrieved from /opt/airflow/dags/dl_overview.py
[2026-02-19T13:32:42.068+0000] {logging_mixin.py:188} INFO - [2026-02-19T13:32:42.068+0000] {dag.py:3089} INFO - Sync 1 DAGs
[2026-02-19T13:32:42.090+0000] {logging_mixin.py:188} INFO - [2026-02-19T13:32:42.090+0000] {dag.py:3947} INFO - Setting next_dagrun for company_overview_to_minio to 2026-02-15 00:00:00+00:00, run_after=2026-02-22 00:00:00+00:00
[2026-02-19T13:32:42.110+0000] {processor.py:183} INFO - Processing /opt/airflow/dags/dl_overview.py took 0.110 seconds
[2026-02-19T13:33:12.311+0000] {processor.py:161} INFO - Started process (PID=2552) to work on /opt/airflow/dags/dl_overview.py
[2026-02-19T13:33:12.312+0000] {processor.py:830} INFO - Processing file /opt/airflow/dags/dl_overview.py for tasks to queue
[2026-02-19T13:33:12.312+0000] {logging_mixin.py:188} INFO - [2026-02-19T13:33:12.312+0000] {dagbag.py:545} INFO - Filling up the DagBag from /opt/airflow/dags/dl_overview.py
[2026-02-19T13:33:12.341+0000] {processor.py:840} INFO - DAG(s) 'company_overview_to_minio' retrieved from /opt/airflow/dags/dl_overview.py
[2026-02-19T13:33:12.362+0000] {logging_mixin.py:188} INFO - [2026-02-19T13:33:12.361+0000] {dag.py:3089} INFO - Sync 1 DAGs
[2026-02-19T13:33:12.381+0000] {logging_mixin.py:188} INFO - [2026-02-19T13:33:12.381+0000] {dag.py:3947} INFO - Setting next_dagrun for company_overview_to_minio to 2026-02-15 00:00:00+00:00, run_after=2026-02-22 00:00:00+00:00
[2026-02-19T13:33:12.403+0000] {processor.py:183} INFO - Processing /opt/airflow/dags/dl_overview.py took 0.097 seconds
[2026-02-19T13:33:42.760+0000] {processor.py:161} INFO - Started process (PID=2574) to work on /opt/airflow/dags/dl_overview.py
[2026-02-19T13:33:42.760+0000] {processor.py:830} INFO - Processing file /opt/airflow/dags/dl_overview.py for tasks to queue
[2026-02-19T13:33:42.761+0000] {logging_mixin.py:188} INFO - [2026-02-19T13:33:42.761+0000] {dagbag.py:545} INFO - Filling up the DagBag from /opt/airflow/dags/dl_overview.py
[2026-02-19T13:33:42.793+0000] {processor.py:840} INFO - DAG(s) 'company_overview_to_minio' retrieved from /opt/airflow/dags/dl_overview.py
[2026-02-19T13:33:42.815+0000] {logging_mixin.py:188} INFO - [2026-02-19T13:33:42.815+0000] {dag.py:3089} INFO - Sync 1 DAGs
[2026-02-19T13:33:42.835+0000] {logging_mixin.py:188} INFO - [2026-02-19T13:33:42.835+0000] {dag.py:3947} INFO - Setting next_dagrun for company_overview_to_minio to 2026-02-15 00:00:00+00:00, run_after=2026-02-22 00:00:00+00:00
[2026-02-19T13:33:42.854+0000] {processor.py:183} INFO - Processing /opt/airflow/dags/dl_overview.py took 0.100 seconds
[2026-02-19T13:34:13.038+0000] {processor.py:161} INFO - Started process (PID=2596) to work on /opt/airflow/dags/dl_overview.py
[2026-02-19T13:34:13.039+0000] {processor.py:830} INFO - Processing file /opt/airflow/dags/dl_overview.py for tasks to queue
[2026-02-19T13:34:13.040+0000] {logging_mixin.py:188} INFO - [2026-02-19T13:34:13.039+0000] {dagbag.py:545} INFO - Filling up the DagBag from /opt/airflow/dags/dl_overview.py
[2026-02-19T13:34:13.067+0000] {processor.py:840} INFO - DAG(s) 'company_overview_to_minio' retrieved from /opt/airflow/dags/dl_overview.py
[2026-02-19T13:34:13.086+0000] {logging_mixin.py:188} INFO - [2026-02-19T13:34:13.086+0000] {dag.py:3089} INFO - Sync 1 DAGs
[2026-02-19T13:34:13.104+0000] {logging_mixin.py:188} INFO - [2026-02-19T13:34:13.104+0000] {dag.py:3947} INFO - Setting next_dagrun for company_overview_to_minio to 2026-02-15 00:00:00+00:00, run_after=2026-02-22 00:00:00+00:00
[2026-02-19T13:34:13.125+0000] {processor.py:183} INFO - Processing /opt/airflow/dags/dl_overview.py took 0.091 seconds
[2026-02-19T13:34:43.563+0000] {processor.py:161} INFO - Started process (PID=2618) to work on /opt/airflow/dags/dl_overview.py
[2026-02-19T13:34:43.564+0000] {processor.py:830} INFO - Processing file /opt/airflow/dags/dl_overview.py for tasks to queue
[2026-02-19T13:34:43.565+0000] {logging_mixin.py:188} INFO - [2026-02-19T13:34:43.565+0000] {dagbag.py:545} INFO - Filling up the DagBag from /opt/airflow/dags/dl_overview.py
[2026-02-19T13:34:43.593+0000] {processor.py:840} INFO - DAG(s) 'company_overview_to_minio' retrieved from /opt/airflow/dags/dl_overview.py
[2026-02-19T13:34:43.613+0000] {logging_mixin.py:188} INFO - [2026-02-19T13:34:43.612+0000] {dag.py:3089} INFO - Sync 1 DAGs
[2026-02-19T13:34:43.632+0000] {logging_mixin.py:188} INFO - [2026-02-19T13:34:43.631+0000] {dag.py:3947} INFO - Setting next_dagrun for company_overview_to_minio to 2026-02-15 00:00:00+00:00, run_after=2026-02-22 00:00:00+00:00
[2026-02-19T13:34:43.654+0000] {processor.py:183} INFO - Processing /opt/airflow/dags/dl_overview.py took 0.095 seconds
[2026-02-19T13:35:14.027+0000] {processor.py:161} INFO - Started process (PID=2641) to work on /opt/airflow/dags/dl_overview.py
[2026-02-19T13:35:14.028+0000] {processor.py:830} INFO - Processing file /opt/airflow/dags/dl_overview.py for tasks to queue
[2026-02-19T13:35:14.029+0000] {logging_mixin.py:188} INFO - [2026-02-19T13:35:14.028+0000] {dagbag.py:545} INFO - Filling up the DagBag from /opt/airflow/dags/dl_overview.py
[2026-02-19T13:35:14.056+0000] {processor.py:840} INFO - DAG(s) 'company_overview_to_minio' retrieved from /opt/airflow/dags/dl_overview.py
[2026-02-19T13:35:14.076+0000] {logging_mixin.py:188} INFO - [2026-02-19T13:35:14.075+0000] {dag.py:3089} INFO - Sync 1 DAGs
[2026-02-19T13:35:14.094+0000] {logging_mixin.py:188} INFO - [2026-02-19T13:35:14.094+0000] {dag.py:3947} INFO - Setting next_dagrun for company_overview_to_minio to 2026-02-15 00:00:00+00:00, run_after=2026-02-22 00:00:00+00:00
[2026-02-19T13:35:14.110+0000] {processor.py:183} INFO - Processing /opt/airflow/dags/dl_overview.py took 0.088 seconds
[2026-02-19T13:35:44.506+0000] {processor.py:161} INFO - Started process (PID=2663) to work on /opt/airflow/dags/dl_overview.py
[2026-02-19T13:35:44.507+0000] {processor.py:830} INFO - Processing file /opt/airflow/dags/dl_overview.py for tasks to queue
[2026-02-19T13:35:44.508+0000] {logging_mixin.py:188} INFO - [2026-02-19T13:35:44.508+0000] {dagbag.py:545} INFO - Filling up the DagBag from /opt/airflow/dags/dl_overview.py
[2026-02-19T13:35:44.545+0000] {processor.py:840} INFO - DAG(s) 'company_overview_to_minio' retrieved from /opt/airflow/dags/dl_overview.py
[2026-02-19T13:35:44.571+0000] {logging_mixin.py:188} INFO - [2026-02-19T13:35:44.571+0000] {dag.py:3089} INFO - Sync 1 DAGs
[2026-02-19T13:35:44.594+0000] {logging_mixin.py:188} INFO - [2026-02-19T13:35:44.594+0000] {dag.py:3947} INFO - Setting next_dagrun for company_overview_to_minio to 2026-02-15 00:00:00+00:00, run_after=2026-02-22 00:00:00+00:00
[2026-02-19T13:35:44.614+0000] {processor.py:183} INFO - Processing /opt/airflow/dags/dl_overview.py took 0.115 seconds
[2026-02-19T13:36:15.420+0000] {processor.py:161} INFO - Started process (PID=2685) to work on /opt/airflow/dags/dl_overview.py
[2026-02-19T13:36:15.420+0000] {processor.py:830} INFO - Processing file /opt/airflow/dags/dl_overview.py for tasks to queue
[2026-02-19T13:36:15.421+0000] {logging_mixin.py:188} INFO - [2026-02-19T13:36:15.421+0000] {dagbag.py:545} INFO - Filling up the DagBag from /opt/airflow/dags/dl_overview.py
[2026-02-19T13:36:15.448+0000] {processor.py:840} INFO - DAG(s) 'company_overview_to_minio' retrieved from /opt/airflow/dags/dl_overview.py
[2026-02-19T13:36:15.469+0000] {logging_mixin.py:188} INFO - [2026-02-19T13:36:15.469+0000] {dag.py:3089} INFO - Sync 1 DAGs
[2026-02-19T13:36:15.488+0000] {logging_mixin.py:188} INFO - [2026-02-19T13:36:15.487+0000] {dag.py:3947} INFO - Setting next_dagrun for company_overview_to_minio to 2026-02-15 00:00:00+00:00, run_after=2026-02-22 00:00:00+00:00
[2026-02-19T13:36:15.509+0000] {processor.py:183} INFO - Processing /opt/airflow/dags/dl_overview.py took 0.094 seconds
[2026-02-19T13:36:46.060+0000] {processor.py:161} INFO - Started process (PID=2707) to work on /opt/airflow/dags/dl_overview.py
[2026-02-19T13:36:46.060+0000] {processor.py:830} INFO - Processing file /opt/airflow/dags/dl_overview.py for tasks to queue
[2026-02-19T13:36:46.062+0000] {logging_mixin.py:188} INFO - [2026-02-19T13:36:46.061+0000] {dagbag.py:545} INFO - Filling up the DagBag from /opt/airflow/dags/dl_overview.py
[2026-02-19T13:36:46.101+0000] {processor.py:840} INFO - DAG(s) 'company_overview_to_minio' retrieved from /opt/airflow/dags/dl_overview.py
[2026-02-19T13:36:46.128+0000] {logging_mixin.py:188} INFO - [2026-02-19T13:36:46.127+0000] {dag.py:3089} INFO - Sync 1 DAGs
[2026-02-19T13:36:46.151+0000] {logging_mixin.py:188} INFO - [2026-02-19T13:36:46.150+0000] {dag.py:3947} INFO - Setting next_dagrun for company_overview_to_minio to 2026-02-15 00:00:00+00:00, run_after=2026-02-22 00:00:00+00:00
[2026-02-19T13:36:46.173+0000] {processor.py:183} INFO - Processing /opt/airflow/dags/dl_overview.py took 0.119 seconds
[2026-02-19T13:37:16.653+0000] {processor.py:161} INFO - Started process (PID=2729) to work on /opt/airflow/dags/dl_overview.py
[2026-02-19T13:37:16.654+0000] {processor.py:830} INFO - Processing file /opt/airflow/dags/dl_overview.py for tasks to queue
[2026-02-19T13:37:16.655+0000] {logging_mixin.py:188} INFO - [2026-02-19T13:37:16.655+0000] {dagbag.py:545} INFO - Filling up the DagBag from /opt/airflow/dags/dl_overview.py
[2026-02-19T13:37:16.694+0000] {processor.py:840} INFO - DAG(s) 'company_overview_to_minio' retrieved from /opt/airflow/dags/dl_overview.py
[2026-02-19T13:37:16.719+0000] {logging_mixin.py:188} INFO - [2026-02-19T13:37:16.719+0000] {dag.py:3089} INFO - Sync 1 DAGs
[2026-02-19T13:37:16.747+0000] {logging_mixin.py:188} INFO - [2026-02-19T13:37:16.747+0000] {dag.py:3947} INFO - Setting next_dagrun for company_overview_to_minio to 2026-02-15 00:00:00+00:00, run_after=2026-02-22 00:00:00+00:00
[2026-02-19T13:37:16.774+0000] {processor.py:183} INFO - Processing /opt/airflow/dags/dl_overview.py took 0.127 seconds
[2026-02-19T13:37:47.168+0000] {processor.py:161} INFO - Started process (PID=2757) to work on /opt/airflow/dags/dl_overview.py
[2026-02-19T13:37:47.168+0000] {processor.py:830} INFO - Processing file /opt/airflow/dags/dl_overview.py for tasks to queue
[2026-02-19T13:37:47.169+0000] {logging_mixin.py:188} INFO - [2026-02-19T13:37:47.169+0000] {dagbag.py:545} INFO - Filling up the DagBag from /opt/airflow/dags/dl_overview.py
[2026-02-19T13:37:47.199+0000] {processor.py:840} INFO - DAG(s) 'company_overview_to_minio' retrieved from /opt/airflow/dags/dl_overview.py
[2026-02-19T13:37:47.218+0000] {logging_mixin.py:188} INFO - [2026-02-19T13:37:47.218+0000] {dag.py:3089} INFO - Sync 1 DAGs
[2026-02-19T13:37:47.238+0000] {logging_mixin.py:188} INFO - [2026-02-19T13:37:47.238+0000] {dag.py:3947} INFO - Setting next_dagrun for company_overview_to_minio to 2026-02-15 00:00:00+00:00, run_after=2026-02-22 00:00:00+00:00
[2026-02-19T13:37:47.255+0000] {processor.py:183} INFO - Processing /opt/airflow/dags/dl_overview.py took 0.092 seconds
[2026-02-19T13:38:17.424+0000] {processor.py:161} INFO - Started process (PID=2779) to work on /opt/airflow/dags/dl_overview.py
[2026-02-19T13:38:17.425+0000] {processor.py:830} INFO - Processing file /opt/airflow/dags/dl_overview.py for tasks to queue
[2026-02-19T13:38:17.425+0000] {logging_mixin.py:188} INFO - [2026-02-19T13:38:17.425+0000] {dagbag.py:545} INFO - Filling up the DagBag from /opt/airflow/dags/dl_overview.py
[2026-02-19T13:38:17.451+0000] {processor.py:840} INFO - DAG(s) 'company_overview_to_minio' retrieved from /opt/airflow/dags/dl_overview.py
[2026-02-19T13:38:17.471+0000] {logging_mixin.py:188} INFO - [2026-02-19T13:38:17.471+0000] {dag.py:3089} INFO - Sync 1 DAGs
[2026-02-19T13:38:17.490+0000] {logging_mixin.py:188} INFO - [2026-02-19T13:38:17.490+0000] {dag.py:3947} INFO - Setting next_dagrun for company_overview_to_minio to 2026-02-15 00:00:00+00:00, run_after=2026-02-22 00:00:00+00:00
[2026-02-19T13:38:17.512+0000] {processor.py:183} INFO - Processing /opt/airflow/dags/dl_overview.py took 0.092 seconds
[2026-02-19T13:38:47.993+0000] {processor.py:161} INFO - Started process (PID=2801) to work on /opt/airflow/dags/dl_overview.py
[2026-02-19T13:38:47.994+0000] {processor.py:830} INFO - Processing file /opt/airflow/dags/dl_overview.py for tasks to queue
[2026-02-19T13:38:47.996+0000] {logging_mixin.py:188} INFO - [2026-02-19T13:38:47.995+0000] {dagbag.py:545} INFO - Filling up the DagBag from /opt/airflow/dags/dl_overview.py
[2026-02-19T13:38:48.034+0000] {processor.py:840} INFO - DAG(s) 'company_overview_to_minio' retrieved from /opt/airflow/dags/dl_overview.py
[2026-02-19T13:38:48.055+0000] {logging_mixin.py:188} INFO - [2026-02-19T13:38:48.054+0000] {dag.py:3089} INFO - Sync 1 DAGs
[2026-02-19T13:38:48.074+0000] {logging_mixin.py:188} INFO - [2026-02-19T13:38:48.074+0000] {dag.py:3947} INFO - Setting next_dagrun for company_overview_to_minio to 2026-02-15 00:00:00+00:00, run_after=2026-02-22 00:00:00+00:00
[2026-02-19T13:38:48.100+0000] {processor.py:183} INFO - Processing /opt/airflow/dags/dl_overview.py took 0.114 seconds
[2026-02-19T13:39:18.257+0000] {processor.py:161} INFO - Started process (PID=2823) to work on /opt/airflow/dags/dl_overview.py
[2026-02-19T13:39:18.257+0000] {processor.py:830} INFO - Processing file /opt/airflow/dags/dl_overview.py for tasks to queue
[2026-02-19T13:39:18.258+0000] {logging_mixin.py:188} INFO - [2026-02-19T13:39:18.258+0000] {dagbag.py:545} INFO - Filling up the DagBag from /opt/airflow/dags/dl_overview.py
[2026-02-19T13:39:18.289+0000] {processor.py:840} INFO - DAG(s) 'company_overview_to_minio' retrieved from /opt/airflow/dags/dl_overview.py
[2026-02-19T13:39:18.311+0000] {logging_mixin.py:188} INFO - [2026-02-19T13:39:18.311+0000] {dag.py:3089} INFO - Sync 1 DAGs
[2026-02-19T13:39:18.332+0000] {logging_mixin.py:188} INFO - [2026-02-19T13:39:18.332+0000] {dag.py:3947} INFO - Setting next_dagrun for company_overview_to_minio to 2026-02-15 00:00:00+00:00, run_after=2026-02-22 00:00:00+00:00
[2026-02-19T13:39:18.348+0000] {processor.py:183} INFO - Processing /opt/airflow/dags/dl_overview.py took 0.096 seconds
[2026-02-19T13:39:49.151+0000] {processor.py:161} INFO - Started process (PID=2845) to work on /opt/airflow/dags/dl_overview.py
[2026-02-19T13:39:49.152+0000] {processor.py:830} INFO - Processing file /opt/airflow/dags/dl_overview.py for tasks to queue
[2026-02-19T13:39:49.153+0000] {logging_mixin.py:188} INFO - [2026-02-19T13:39:49.152+0000] {dagbag.py:545} INFO - Filling up the DagBag from /opt/airflow/dags/dl_overview.py
[2026-02-19T13:39:49.184+0000] {processor.py:840} INFO - DAG(s) 'company_overview_to_minio' retrieved from /opt/airflow/dags/dl_overview.py
[2026-02-19T13:39:49.213+0000] {logging_mixin.py:188} INFO - [2026-02-19T13:39:49.213+0000] {dag.py:3089} INFO - Sync 1 DAGs
[2026-02-19T13:39:49.241+0000] {logging_mixin.py:188} INFO - [2026-02-19T13:39:49.240+0000] {dag.py:3947} INFO - Setting next_dagrun for company_overview_to_minio to 2026-02-15 00:00:00+00:00, run_after=2026-02-22 00:00:00+00:00
[2026-02-19T13:39:49.263+0000] {processor.py:183} INFO - Processing /opt/airflow/dags/dl_overview.py took 0.118 seconds
[2026-02-19T13:40:20.042+0000] {processor.py:161} INFO - Started process (PID=2867) to work on /opt/airflow/dags/dl_overview.py
[2026-02-19T13:40:20.043+0000] {processor.py:830} INFO - Processing file /opt/airflow/dags/dl_overview.py for tasks to queue
[2026-02-19T13:40:20.044+0000] {logging_mixin.py:188} INFO - [2026-02-19T13:40:20.044+0000] {dagbag.py:545} INFO - Filling up the DagBag from /opt/airflow/dags/dl_overview.py
[2026-02-19T13:40:20.090+0000] {processor.py:840} INFO - DAG(s) 'company_overview_to_minio' retrieved from /opt/airflow/dags/dl_overview.py
[2026-02-19T13:40:20.130+0000] {logging_mixin.py:188} INFO - [2026-02-19T13:40:20.130+0000] {dag.py:3089} INFO - Sync 1 DAGs
[2026-02-19T13:40:20.163+0000] {logging_mixin.py:188} INFO - [2026-02-19T13:40:20.163+0000] {dag.py:3947} INFO - Setting next_dagrun for company_overview_to_minio to 2026-02-15 00:00:00+00:00, run_after=2026-02-22 00:00:00+00:00
[2026-02-19T13:40:20.188+0000] {processor.py:183} INFO - Processing /opt/airflow/dags/dl_overview.py took 0.153 seconds
[2026-02-19T13:40:51.064+0000] {processor.py:161} INFO - Started process (PID=2889) to work on /opt/airflow/dags/dl_overview.py
[2026-02-19T13:40:51.072+0000] {processor.py:830} INFO - Processing file /opt/airflow/dags/dl_overview.py for tasks to queue
[2026-02-19T13:40:51.077+0000] {logging_mixin.py:188} INFO - [2026-02-19T13:40:51.076+0000] {dagbag.py:545} INFO - Filling up the DagBag from /opt/airflow/dags/dl_overview.py
[2026-02-19T13:40:51.202+0000] {processor.py:840} INFO - DAG(s) 'company_overview_to_minio' retrieved from /opt/airflow/dags/dl_overview.py
[2026-02-19T13:40:51.268+0000] {logging_mixin.py:188} INFO - [2026-02-19T13:40:51.268+0000] {dag.py:3089} INFO - Sync 1 DAGs
[2026-02-19T13:40:51.310+0000] {logging_mixin.py:188} INFO - [2026-02-19T13:40:51.309+0000] {dag.py:3947} INFO - Setting next_dagrun for company_overview_to_minio to 2026-02-15 00:00:00+00:00, run_after=2026-02-22 00:00:00+00:00
[2026-02-19T13:40:51.350+0000] {processor.py:183} INFO - Processing /opt/airflow/dags/dl_overview.py took 0.304 seconds
[2026-02-19T13:41:22.092+0000] {processor.py:161} INFO - Started process (PID=2911) to work on /opt/airflow/dags/dl_overview.py
[2026-02-19T13:41:22.095+0000] {processor.py:830} INFO - Processing file /opt/airflow/dags/dl_overview.py for tasks to queue
[2026-02-19T13:41:22.101+0000] {logging_mixin.py:188} INFO - [2026-02-19T13:41:22.100+0000] {dagbag.py:545} INFO - Filling up the DagBag from /opt/airflow/dags/dl_overview.py
[2026-02-19T13:41:22.196+0000] {processor.py:840} INFO - DAG(s) 'company_overview_to_minio' retrieved from /opt/airflow/dags/dl_overview.py
[2026-02-19T13:41:22.262+0000] {logging_mixin.py:188} INFO - [2026-02-19T13:41:22.261+0000] {dag.py:3089} INFO - Sync 1 DAGs
[2026-02-19T13:41:22.312+0000] {logging_mixin.py:188} INFO - [2026-02-19T13:41:22.312+0000] {dag.py:3947} INFO - Setting next_dagrun for company_overview_to_minio to 2026-02-15 00:00:00+00:00, run_after=2026-02-22 00:00:00+00:00
[2026-02-19T13:41:22.370+0000] {processor.py:183} INFO - Processing /opt/airflow/dags/dl_overview.py took 0.289 seconds
[2026-02-19T13:41:53.055+0000] {processor.py:161} INFO - Started process (PID=2933) to work on /opt/airflow/dags/dl_overview.py
[2026-02-19T13:41:53.062+0000] {processor.py:830} INFO - Processing file /opt/airflow/dags/dl_overview.py for tasks to queue
[2026-02-19T13:41:53.070+0000] {logging_mixin.py:188} INFO - [2026-02-19T13:41:53.070+0000] {dagbag.py:545} INFO - Filling up the DagBag from /opt/airflow/dags/dl_overview.py
[2026-02-19T13:41:53.301+0000] {processor.py:840} INFO - DAG(s) 'company_overview_to_minio' retrieved from /opt/airflow/dags/dl_overview.py
[2026-02-19T13:41:53.361+0000] {logging_mixin.py:188} INFO - [2026-02-19T13:41:53.361+0000] {dag.py:3089} INFO - Sync 1 DAGs
[2026-02-19T13:41:53.410+0000] {logging_mixin.py:188} INFO - [2026-02-19T13:41:53.410+0000] {dag.py:3947} INFO - Setting next_dagrun for company_overview_to_minio to 2026-02-15 00:00:00+00:00, run_after=2026-02-22 00:00:00+00:00
[2026-02-19T13:41:53.444+0000] {processor.py:183} INFO - Processing /opt/airflow/dags/dl_overview.py took 0.407 seconds
[2026-02-19T13:42:24.334+0000] {processor.py:161} INFO - Started process (PID=2955) to work on /opt/airflow/dags/dl_overview.py
[2026-02-19T13:42:24.335+0000] {processor.py:830} INFO - Processing file /opt/airflow/dags/dl_overview.py for tasks to queue
[2026-02-19T13:42:24.337+0000] {logging_mixin.py:188} INFO - [2026-02-19T13:42:24.336+0000] {dagbag.py:545} INFO - Filling up the DagBag from /opt/airflow/dags/dl_overview.py
[2026-02-19T13:42:24.399+0000] {processor.py:840} INFO - DAG(s) 'company_overview_to_minio' retrieved from /opt/airflow/dags/dl_overview.py
[2026-02-19T13:42:24.442+0000] {logging_mixin.py:188} INFO - [2026-02-19T13:42:24.441+0000] {dag.py:3089} INFO - Sync 1 DAGs
[2026-02-19T13:42:24.503+0000] {logging_mixin.py:188} INFO - [2026-02-19T13:42:24.503+0000] {dag.py:3947} INFO - Setting next_dagrun for company_overview_to_minio to 2026-02-15 00:00:00+00:00, run_after=2026-02-22 00:00:00+00:00
[2026-02-19T13:42:24.549+0000] {processor.py:183} INFO - Processing /opt/airflow/dags/dl_overview.py took 0.225 seconds
[2026-02-19T13:42:54.944+0000] {processor.py:161} INFO - Started process (PID=2978) to work on /opt/airflow/dags/dl_overview.py
[2026-02-19T13:42:54.945+0000] {processor.py:830} INFO - Processing file /opt/airflow/dags/dl_overview.py for tasks to queue
[2026-02-19T13:42:54.946+0000] {logging_mixin.py:188} INFO - [2026-02-19T13:42:54.946+0000] {dagbag.py:545} INFO - Filling up the DagBag from /opt/airflow/dags/dl_overview.py
[2026-02-19T13:42:54.992+0000] {processor.py:840} INFO - DAG(s) 'company_overview_to_minio' retrieved from /opt/airflow/dags/dl_overview.py
[2026-02-19T13:42:55.026+0000] {logging_mixin.py:188} INFO - [2026-02-19T13:42:55.025+0000] {dag.py:3089} INFO - Sync 1 DAGs
[2026-02-19T13:42:55.060+0000] {logging_mixin.py:188} INFO - [2026-02-19T13:42:55.059+0000] {dag.py:3947} INFO - Setting next_dagrun for company_overview_to_minio to 2026-02-15 00:00:00+00:00, run_after=2026-02-22 00:00:00+00:00
[2026-02-19T13:42:55.092+0000] {processor.py:183} INFO - Processing /opt/airflow/dags/dl_overview.py took 0.154 seconds
[2026-02-19T13:43:25.780+0000] {processor.py:161} INFO - Started process (PID=3000) to work on /opt/airflow/dags/dl_overview.py
[2026-02-19T13:43:25.781+0000] {processor.py:830} INFO - Processing file /opt/airflow/dags/dl_overview.py for tasks to queue
[2026-02-19T13:43:25.782+0000] {logging_mixin.py:188} INFO - [2026-02-19T13:43:25.782+0000] {dagbag.py:545} INFO - Filling up the DagBag from /opt/airflow/dags/dl_overview.py
[2026-02-19T13:43:25.814+0000] {processor.py:840} INFO - DAG(s) 'company_overview_to_minio' retrieved from /opt/airflow/dags/dl_overview.py
[2026-02-19T13:43:25.836+0000] {logging_mixin.py:188} INFO - [2026-02-19T13:43:25.836+0000] {dag.py:3089} INFO - Sync 1 DAGs
[2026-02-19T13:43:25.858+0000] {logging_mixin.py:188} INFO - [2026-02-19T13:43:25.858+0000] {dag.py:3947} INFO - Setting next_dagrun for company_overview_to_minio to 2026-02-15 00:00:00+00:00, run_after=2026-02-22 00:00:00+00:00
[2026-02-19T13:43:25.880+0000] {processor.py:183} INFO - Processing /opt/airflow/dags/dl_overview.py took 0.105 seconds
[2026-02-19T13:43:56.512+0000] {processor.py:161} INFO - Started process (PID=3022) to work on /opt/airflow/dags/dl_overview.py
[2026-02-19T13:43:56.513+0000] {processor.py:830} INFO - Processing file /opt/airflow/dags/dl_overview.py for tasks to queue
[2026-02-19T13:43:56.514+0000] {logging_mixin.py:188} INFO - [2026-02-19T13:43:56.514+0000] {dagbag.py:545} INFO - Filling up the DagBag from /opt/airflow/dags/dl_overview.py
[2026-02-19T13:43:56.547+0000] {processor.py:840} INFO - DAG(s) 'company_overview_to_minio' retrieved from /opt/airflow/dags/dl_overview.py
[2026-02-19T13:43:56.576+0000] {logging_mixin.py:188} INFO - [2026-02-19T13:43:56.576+0000] {dag.py:3089} INFO - Sync 1 DAGs
[2026-02-19T13:43:56.606+0000] {logging_mixin.py:188} INFO - [2026-02-19T13:43:56.605+0000] {dag.py:3947} INFO - Setting next_dagrun for company_overview_to_minio to 2026-02-15 00:00:00+00:00, run_after=2026-02-22 00:00:00+00:00
[2026-02-19T13:44:02.171+0000] {processor.py:183} INFO - Processing /opt/airflow/dags/dl_overview.py took 5.665 seconds
[2026-02-19T13:44:32.448+0000] {processor.py:161} INFO - Started process (PID=3044) to work on /opt/airflow/dags/dl_overview.py
[2026-02-19T13:44:32.504+0000] {processor.py:830} INFO - Processing file /opt/airflow/dags/dl_overview.py for tasks to queue
[2026-02-19T13:44:32.530+0000] {logging_mixin.py:188} INFO - [2026-02-19T13:44:32.529+0000] {dagbag.py:545} INFO - Filling up the DagBag from /opt/airflow/dags/dl_overview.py
[2026-02-19T13:44:32.583+0000] {processor.py:840} INFO - DAG(s) 'company_overview_to_minio' retrieved from /opt/airflow/dags/dl_overview.py
[2026-02-19T13:44:32.613+0000] {logging_mixin.py:188} INFO - [2026-02-19T13:44:32.613+0000] {dag.py:3089} INFO - Sync 1 DAGs
[2026-02-19T13:44:32.642+0000] {logging_mixin.py:188} INFO - [2026-02-19T13:44:32.642+0000] {dag.py:3947} INFO - Setting next_dagrun for company_overview_to_minio to 2026-02-15 00:00:00+00:00, run_after=2026-02-22 00:00:00+00:00
[2026-02-19T13:44:32.707+0000] {processor.py:183} INFO - Processing /opt/airflow/dags/dl_overview.py took 0.306 seconds
[2026-02-19T13:45:03.392+0000] {processor.py:161} INFO - Started process (PID=3066) to work on /opt/airflow/dags/dl_overview.py
[2026-02-19T13:45:03.393+0000] {processor.py:830} INFO - Processing file /opt/airflow/dags/dl_overview.py for tasks to queue
[2026-02-19T13:45:03.396+0000] {logging_mixin.py:188} INFO - [2026-02-19T13:45:03.395+0000] {dagbag.py:545} INFO - Filling up the DagBag from /opt/airflow/dags/dl_overview.py
[2026-02-19T13:45:03.517+0000] {processor.py:840} INFO - DAG(s) 'company_overview_to_minio' retrieved from /opt/airflow/dags/dl_overview.py
[2026-02-19T13:45:03.577+0000] {logging_mixin.py:188} INFO - [2026-02-19T13:45:03.577+0000] {dag.py:3089} INFO - Sync 1 DAGs
[2026-02-19T13:45:03.616+0000] {logging_mixin.py:188} INFO - [2026-02-19T13:45:03.615+0000] {dag.py:3947} INFO - Setting next_dagrun for company_overview_to_minio to 2026-02-15 00:00:00+00:00, run_after=2026-02-22 00:00:00+00:00
[2026-02-19T13:45:03.650+0000] {processor.py:183} INFO - Processing /opt/airflow/dags/dl_overview.py took 0.271 seconds
[2026-02-19T13:45:33.745+0000] {processor.py:161} INFO - Started process (PID=3088) to work on /opt/airflow/dags/dl_overview.py
[2026-02-19T13:45:33.747+0000] {processor.py:830} INFO - Processing file /opt/airflow/dags/dl_overview.py for tasks to queue
[2026-02-19T13:45:33.748+0000] {logging_mixin.py:188} INFO - [2026-02-19T13:45:33.748+0000] {dagbag.py:545} INFO - Filling up the DagBag from /opt/airflow/dags/dl_overview.py
[2026-02-19T13:45:33.797+0000] {processor.py:840} INFO - DAG(s) 'company_overview_to_minio' retrieved from /opt/airflow/dags/dl_overview.py
[2026-02-19T13:45:33.841+0000] {logging_mixin.py:188} INFO - [2026-02-19T13:45:33.840+0000] {dag.py:3089} INFO - Sync 1 DAGs
[2026-02-19T13:45:33.871+0000] {logging_mixin.py:188} INFO - [2026-02-19T13:45:33.871+0000] {dag.py:3947} INFO - Setting next_dagrun for company_overview_to_minio to 2026-02-15 00:00:00+00:00, run_after=2026-02-22 00:00:00+00:00
[2026-02-19T13:45:33.900+0000] {processor.py:183} INFO - Processing /opt/airflow/dags/dl_overview.py took 0.162 seconds
[2026-02-19T13:46:04.309+0000] {processor.py:161} INFO - Started process (PID=3110) to work on /opt/airflow/dags/dl_overview.py
[2026-02-19T13:46:04.311+0000] {processor.py:830} INFO - Processing file /opt/airflow/dags/dl_overview.py for tasks to queue
[2026-02-19T13:46:04.312+0000] {logging_mixin.py:188} INFO - [2026-02-19T13:46:04.311+0000] {dagbag.py:545} INFO - Filling up the DagBag from /opt/airflow/dags/dl_overview.py
[2026-02-19T13:46:04.347+0000] {processor.py:840} INFO - DAG(s) 'company_overview_to_minio' retrieved from /opt/airflow/dags/dl_overview.py
[2026-02-19T13:46:04.370+0000] {logging_mixin.py:188} INFO - [2026-02-19T13:46:04.370+0000] {dag.py:3089} INFO - Sync 1 DAGs
[2026-02-19T13:46:04.395+0000] {logging_mixin.py:188} INFO - [2026-02-19T13:46:04.395+0000] {dag.py:3947} INFO - Setting next_dagrun for company_overview_to_minio to 2026-02-15 00:00:00+00:00, run_after=2026-02-22 00:00:00+00:00
[2026-02-19T13:46:04.417+0000] {processor.py:183} INFO - Processing /opt/airflow/dags/dl_overview.py took 0.114 seconds
[2026-02-19T13:46:35.033+0000] {processor.py:161} INFO - Started process (PID=3132) to work on /opt/airflow/dags/dl_overview.py
[2026-02-19T13:46:35.034+0000] {processor.py:830} INFO - Processing file /opt/airflow/dags/dl_overview.py for tasks to queue
[2026-02-19T13:46:35.035+0000] {logging_mixin.py:188} INFO - [2026-02-19T13:46:35.035+0000] {dagbag.py:545} INFO - Filling up the DagBag from /opt/airflow/dags/dl_overview.py
[2026-02-19T13:46:35.072+0000] {processor.py:840} INFO - DAG(s) 'company_overview_to_minio' retrieved from /opt/airflow/dags/dl_overview.py
[2026-02-19T13:46:35.100+0000] {logging_mixin.py:188} INFO - [2026-02-19T13:46:35.100+0000] {dag.py:3089} INFO - Sync 1 DAGs
[2026-02-19T13:46:35.123+0000] {logging_mixin.py:188} INFO - [2026-02-19T13:46:35.122+0000] {dag.py:3947} INFO - Setting next_dagrun for company_overview_to_minio to 2026-02-15 00:00:00+00:00, run_after=2026-02-22 00:00:00+00:00
[2026-02-19T13:46:35.142+0000] {processor.py:183} INFO - Processing /opt/airflow/dags/dl_overview.py took 0.115 seconds
[2026-02-19T13:47:05.326+0000] {processor.py:161} INFO - Started process (PID=3154) to work on /opt/airflow/dags/dl_overview.py
[2026-02-19T13:47:05.328+0000] {processor.py:830} INFO - Processing file /opt/airflow/dags/dl_overview.py for tasks to queue
[2026-02-19T13:47:05.330+0000] {logging_mixin.py:188} INFO - [2026-02-19T13:47:05.329+0000] {dagbag.py:545} INFO - Filling up the DagBag from /opt/airflow/dags/dl_overview.py
[2026-02-19T13:47:05.455+0000] {processor.py:840} INFO - DAG(s) 'company_overview_to_minio' retrieved from /opt/airflow/dags/dl_overview.py
[2026-02-19T13:47:05.490+0000] {logging_mixin.py:188} INFO - [2026-02-19T13:47:05.490+0000] {dag.py:3089} INFO - Sync 1 DAGs
[2026-02-19T13:47:05.517+0000] {logging_mixin.py:188} INFO - [2026-02-19T13:47:05.516+0000] {dag.py:3947} INFO - Setting next_dagrun for company_overview_to_minio to 2026-02-15 00:00:00+00:00, run_after=2026-02-22 00:00:00+00:00
[2026-02-19T13:47:05.535+0000] {processor.py:183} INFO - Processing /opt/airflow/dags/dl_overview.py took 0.219 seconds
[2026-02-19T13:47:35.970+0000] {processor.py:161} INFO - Started process (PID=3176) to work on /opt/airflow/dags/dl_overview.py
[2026-02-19T13:47:35.971+0000] {processor.py:830} INFO - Processing file /opt/airflow/dags/dl_overview.py for tasks to queue
[2026-02-19T13:47:35.972+0000] {logging_mixin.py:188} INFO - [2026-02-19T13:47:35.971+0000] {dagbag.py:545} INFO - Filling up the DagBag from /opt/airflow/dags/dl_overview.py
[2026-02-19T13:47:36.013+0000] {processor.py:840} INFO - DAG(s) 'company_overview_to_minio' retrieved from /opt/airflow/dags/dl_overview.py
[2026-02-19T13:47:36.045+0000] {logging_mixin.py:188} INFO - [2026-02-19T13:47:36.045+0000] {dag.py:3089} INFO - Sync 1 DAGs
[2026-02-19T13:47:36.086+0000] {logging_mixin.py:188} INFO - [2026-02-19T13:47:36.086+0000] {dag.py:3947} INFO - Setting next_dagrun for company_overview_to_minio to 2026-02-15 00:00:00+00:00, run_after=2026-02-22 00:00:00+00:00
[2026-02-19T13:47:36.129+0000] {processor.py:183} INFO - Processing /opt/airflow/dags/dl_overview.py took 0.164 seconds
[2026-02-19T13:48:06.185+0000] {processor.py:161} INFO - Started process (PID=3198) to work on /opt/airflow/dags/dl_overview.py
[2026-02-19T13:48:06.186+0000] {processor.py:830} INFO - Processing file /opt/airflow/dags/dl_overview.py for tasks to queue
[2026-02-19T13:48:06.187+0000] {logging_mixin.py:188} INFO - [2026-02-19T13:48:06.186+0000] {dagbag.py:545} INFO - Filling up the DagBag from /opt/airflow/dags/dl_overview.py
[2026-02-19T13:48:06.217+0000] {processor.py:840} INFO - DAG(s) 'company_overview_to_minio' retrieved from /opt/airflow/dags/dl_overview.py
[2026-02-19T13:48:06.238+0000] {logging_mixin.py:188} INFO - [2026-02-19T13:48:06.238+0000] {dag.py:3089} INFO - Sync 1 DAGs
[2026-02-19T13:48:06.259+0000] {logging_mixin.py:188} INFO - [2026-02-19T13:48:06.259+0000] {dag.py:3947} INFO - Setting next_dagrun for company_overview_to_minio to 2026-02-15 00:00:00+00:00, run_after=2026-02-22 00:00:00+00:00
[2026-02-19T13:48:06.277+0000] {processor.py:183} INFO - Processing /opt/airflow/dags/dl_overview.py took 0.097 seconds
[2026-02-19T13:48:36.391+0000] {processor.py:161} INFO - Started process (PID=3220) to work on /opt/airflow/dags/dl_overview.py
[2026-02-19T13:48:36.392+0000] {processor.py:830} INFO - Processing file /opt/airflow/dags/dl_overview.py for tasks to queue
[2026-02-19T13:48:36.393+0000] {logging_mixin.py:188} INFO - [2026-02-19T13:48:36.393+0000] {dagbag.py:545} INFO - Filling up the DagBag from /opt/airflow/dags/dl_overview.py
[2026-02-19T13:48:36.422+0000] {processor.py:840} INFO - DAG(s) 'company_overview_to_minio' retrieved from /opt/airflow/dags/dl_overview.py
[2026-02-19T13:48:36.442+0000] {logging_mixin.py:188} INFO - [2026-02-19T13:48:36.442+0000] {dag.py:3089} INFO - Sync 1 DAGs
[2026-02-19T13:48:36.461+0000] {logging_mixin.py:188} INFO - [2026-02-19T13:48:36.461+0000] {dag.py:3947} INFO - Setting next_dagrun for company_overview_to_minio to 2026-02-15 00:00:00+00:00, run_after=2026-02-22 00:00:00+00:00
[2026-02-19T13:48:36.478+0000] {processor.py:183} INFO - Processing /opt/airflow/dags/dl_overview.py took 0.092 seconds
[2026-02-19T13:49:07.132+0000] {processor.py:161} INFO - Started process (PID=3242) to work on /opt/airflow/dags/dl_overview.py
[2026-02-19T13:49:07.133+0000] {processor.py:830} INFO - Processing file /opt/airflow/dags/dl_overview.py for tasks to queue
[2026-02-19T13:49:07.134+0000] {logging_mixin.py:188} INFO - [2026-02-19T13:49:07.134+0000] {dagbag.py:545} INFO - Filling up the DagBag from /opt/airflow/dags/dl_overview.py
[2026-02-19T13:49:07.172+0000] {processor.py:840} INFO - DAG(s) 'company_overview_to_minio' retrieved from /opt/airflow/dags/dl_overview.py
[2026-02-19T13:49:07.199+0000] {logging_mixin.py:188} INFO - [2026-02-19T13:49:07.199+0000] {dag.py:3089} INFO - Sync 1 DAGs
[2026-02-19T13:49:07.234+0000] {logging_mixin.py:188} INFO - [2026-02-19T13:49:07.233+0000] {dag.py:3947} INFO - Setting next_dagrun for company_overview_to_minio to 2026-02-15 00:00:00+00:00, run_after=2026-02-22 00:00:00+00:00
[2026-02-19T13:49:07.264+0000] {processor.py:183} INFO - Processing /opt/airflow/dags/dl_overview.py took 0.139 seconds
[2026-02-19T13:49:37.813+0000] {processor.py:161} INFO - Started process (PID=3264) to work on /opt/airflow/dags/dl_overview.py
[2026-02-19T13:49:37.814+0000] {processor.py:830} INFO - Processing file /opt/airflow/dags/dl_overview.py for tasks to queue
[2026-02-19T13:49:37.815+0000] {logging_mixin.py:188} INFO - [2026-02-19T13:49:37.815+0000] {dagbag.py:545} INFO - Filling up the DagBag from /opt/airflow/dags/dl_overview.py
[2026-02-19T13:49:37.849+0000] {processor.py:840} INFO - DAG(s) 'company_overview_to_minio' retrieved from /opt/airflow/dags/dl_overview.py
[2026-02-19T13:49:37.873+0000] {logging_mixin.py:188} INFO - [2026-02-19T13:49:37.873+0000] {dag.py:3089} INFO - Sync 1 DAGs
[2026-02-19T13:49:37.895+0000] {logging_mixin.py:188} INFO - [2026-02-19T13:49:37.895+0000] {dag.py:3947} INFO - Setting next_dagrun for company_overview_to_minio to 2026-02-15 00:00:00+00:00, run_after=2026-02-22 00:00:00+00:00
[2026-02-19T13:49:37.919+0000] {processor.py:183} INFO - Processing /opt/airflow/dags/dl_overview.py took 0.111 seconds
[2026-02-19T13:50:08.035+0000] {processor.py:161} INFO - Started process (PID=3286) to work on /opt/airflow/dags/dl_overview.py
[2026-02-19T13:50:08.036+0000] {processor.py:830} INFO - Processing file /opt/airflow/dags/dl_overview.py for tasks to queue
[2026-02-19T13:50:08.037+0000] {logging_mixin.py:188} INFO - [2026-02-19T13:50:08.037+0000] {dagbag.py:545} INFO - Filling up the DagBag from /opt/airflow/dags/dl_overview.py
[2026-02-19T13:50:08.067+0000] {processor.py:840} INFO - DAG(s) 'company_overview_to_minio' retrieved from /opt/airflow/dags/dl_overview.py
[2026-02-19T13:50:08.093+0000] {logging_mixin.py:188} INFO - [2026-02-19T13:50:08.092+0000] {dag.py:3089} INFO - Sync 1 DAGs
[2026-02-19T13:50:08.119+0000] {logging_mixin.py:188} INFO - [2026-02-19T13:50:08.118+0000] {dag.py:3947} INFO - Setting next_dagrun for company_overview_to_minio to 2026-02-15 00:00:00+00:00, run_after=2026-02-22 00:00:00+00:00
[2026-02-19T13:50:08.141+0000] {processor.py:183} INFO - Processing /opt/airflow/dags/dl_overview.py took 0.110 seconds
[2026-02-19T13:50:38.332+0000] {processor.py:161} INFO - Started process (PID=3308) to work on /opt/airflow/dags/dl_overview.py
[2026-02-19T13:50:38.333+0000] {processor.py:830} INFO - Processing file /opt/airflow/dags/dl_overview.py for tasks to queue
[2026-02-19T13:50:38.334+0000] {logging_mixin.py:188} INFO - [2026-02-19T13:50:38.334+0000] {dagbag.py:545} INFO - Filling up the DagBag from /opt/airflow/dags/dl_overview.py
[2026-02-19T13:50:38.371+0000] {processor.py:840} INFO - DAG(s) 'company_overview_to_minio' retrieved from /opt/airflow/dags/dl_overview.py
[2026-02-19T13:50:38.397+0000] {logging_mixin.py:188} INFO - [2026-02-19T13:50:38.397+0000] {dag.py:3089} INFO - Sync 1 DAGs
[2026-02-19T13:50:38.422+0000] {logging_mixin.py:188} INFO - [2026-02-19T13:50:38.422+0000] {dag.py:3947} INFO - Setting next_dagrun for company_overview_to_minio to 2026-02-15 00:00:00+00:00, run_after=2026-02-22 00:00:00+00:00
[2026-02-19T13:50:38.443+0000] {processor.py:183} INFO - Processing /opt/airflow/dags/dl_overview.py took 0.116 seconds
[2026-02-19T13:51:08.604+0000] {processor.py:161} INFO - Started process (PID=3330) to work on /opt/airflow/dags/dl_overview.py
[2026-02-19T13:51:08.605+0000] {processor.py:830} INFO - Processing file /opt/airflow/dags/dl_overview.py for tasks to queue
[2026-02-19T13:51:08.606+0000] {logging_mixin.py:188} INFO - [2026-02-19T13:51:08.605+0000] {dagbag.py:545} INFO - Filling up the DagBag from /opt/airflow/dags/dl_overview.py
[2026-02-19T13:51:08.650+0000] {processor.py:840} INFO - DAG(s) 'company_overview_to_minio' retrieved from /opt/airflow/dags/dl_overview.py
[2026-02-19T13:51:08.687+0000] {logging_mixin.py:188} INFO - [2026-02-19T13:51:08.686+0000] {dag.py:3089} INFO - Sync 1 DAGs
[2026-02-19T13:51:08.722+0000] {logging_mixin.py:188} INFO - [2026-02-19T13:51:08.721+0000] {dag.py:3947} INFO - Setting next_dagrun for company_overview_to_minio to 2026-02-15 00:00:00+00:00, run_after=2026-02-22 00:00:00+00:00
[2026-02-19T13:51:08.752+0000] {processor.py:183} INFO - Processing /opt/airflow/dags/dl_overview.py took 0.156 seconds
[2026-02-19T13:51:39.224+0000] {processor.py:161} INFO - Started process (PID=3352) to work on /opt/airflow/dags/dl_overview.py
[2026-02-19T13:51:39.225+0000] {processor.py:830} INFO - Processing file /opt/airflow/dags/dl_overview.py for tasks to queue
[2026-02-19T13:51:39.226+0000] {logging_mixin.py:188} INFO - [2026-02-19T13:51:39.226+0000] {dagbag.py:545} INFO - Filling up the DagBag from /opt/airflow/dags/dl_overview.py
[2026-02-19T13:51:39.261+0000] {processor.py:840} INFO - DAG(s) 'company_overview_to_minio' retrieved from /opt/airflow/dags/dl_overview.py
[2026-02-19T13:51:39.291+0000] {logging_mixin.py:188} INFO - [2026-02-19T13:51:39.291+0000] {dag.py:3089} INFO - Sync 1 DAGs
[2026-02-19T13:51:39.318+0000] {logging_mixin.py:188} INFO - [2026-02-19T13:51:39.318+0000] {dag.py:3947} INFO - Setting next_dagrun for company_overview_to_minio to 2026-02-15 00:00:00+00:00, run_after=2026-02-22 00:00:00+00:00
[2026-02-19T13:51:39.345+0000] {processor.py:183} INFO - Processing /opt/airflow/dags/dl_overview.py took 0.127 seconds
[2026-02-19T13:52:09.423+0000] {processor.py:161} INFO - Started process (PID=3374) to work on /opt/airflow/dags/dl_overview.py
[2026-02-19T13:52:09.423+0000] {processor.py:830} INFO - Processing file /opt/airflow/dags/dl_overview.py for tasks to queue
[2026-02-19T13:52:09.424+0000] {logging_mixin.py:188} INFO - [2026-02-19T13:52:09.424+0000] {dagbag.py:545} INFO - Filling up the DagBag from /opt/airflow/dags/dl_overview.py
[2026-02-19T13:52:09.455+0000] {processor.py:840} INFO - DAG(s) 'company_overview_to_minio' retrieved from /opt/airflow/dags/dl_overview.py
[2026-02-19T13:52:09.476+0000] {logging_mixin.py:188} INFO - [2026-02-19T13:52:09.476+0000] {dag.py:3089} INFO - Sync 1 DAGs
[2026-02-19T13:52:09.496+0000] {logging_mixin.py:188} INFO - [2026-02-19T13:52:09.495+0000] {dag.py:3947} INFO - Setting next_dagrun for company_overview_to_minio to 2026-02-15 00:00:00+00:00, run_after=2026-02-22 00:00:00+00:00
[2026-02-19T13:52:09.513+0000] {processor.py:183} INFO - Processing /opt/airflow/dags/dl_overview.py took 0.095 seconds
[2026-02-19T13:52:39.842+0000] {processor.py:161} INFO - Started process (PID=3396) to work on /opt/airflow/dags/dl_overview.py
[2026-02-19T13:52:39.842+0000] {processor.py:830} INFO - Processing file /opt/airflow/dags/dl_overview.py for tasks to queue
[2026-02-19T13:52:39.843+0000] {logging_mixin.py:188} INFO - [2026-02-19T13:52:39.843+0000] {dagbag.py:545} INFO - Filling up the DagBag from /opt/airflow/dags/dl_overview.py
[2026-02-19T13:52:39.875+0000] {processor.py:840} INFO - DAG(s) 'company_overview_to_minio' retrieved from /opt/airflow/dags/dl_overview.py
[2026-02-19T13:52:39.897+0000] {logging_mixin.py:188} INFO - [2026-02-19T13:52:39.896+0000] {dag.py:3089} INFO - Sync 1 DAGs
[2026-02-19T13:52:39.918+0000] {logging_mixin.py:188} INFO - [2026-02-19T13:52:39.918+0000] {dag.py:3947} INFO - Setting next_dagrun for company_overview_to_minio to 2026-02-15 00:00:00+00:00, run_after=2026-02-22 00:00:00+00:00
[2026-02-19T13:52:39.937+0000] {processor.py:183} INFO - Processing /opt/airflow/dags/dl_overview.py took 0.100 seconds
[2026-02-19T13:53:10.333+0000] {processor.py:161} INFO - Started process (PID=3418) to work on /opt/airflow/dags/dl_overview.py
[2026-02-19T13:53:10.333+0000] {processor.py:830} INFO - Processing file /opt/airflow/dags/dl_overview.py for tasks to queue
[2026-02-19T13:53:10.335+0000] {logging_mixin.py:188} INFO - [2026-02-19T13:53:10.334+0000] {dagbag.py:545} INFO - Filling up the DagBag from /opt/airflow/dags/dl_overview.py
[2026-02-19T13:53:10.372+0000] {processor.py:840} INFO - DAG(s) 'company_overview_to_minio' retrieved from /opt/airflow/dags/dl_overview.py
[2026-02-19T13:53:10.394+0000] {logging_mixin.py:188} INFO - [2026-02-19T13:53:10.394+0000] {dag.py:3089} INFO - Sync 1 DAGs
[2026-02-19T13:53:10.415+0000] {logging_mixin.py:188} INFO - [2026-02-19T13:53:10.415+0000] {dag.py:3947} INFO - Setting next_dagrun for company_overview_to_minio to 2026-02-15 00:00:00+00:00, run_after=2026-02-22 00:00:00+00:00
[2026-02-19T13:53:10.434+0000] {processor.py:183} INFO - Processing /opt/airflow/dags/dl_overview.py took 0.107 seconds
[2026-02-19T13:53:40.483+0000] {processor.py:161} INFO - Started process (PID=3440) to work on /opt/airflow/dags/dl_overview.py
[2026-02-19T13:53:40.483+0000] {processor.py:830} INFO - Processing file /opt/airflow/dags/dl_overview.py for tasks to queue
[2026-02-19T13:53:40.484+0000] {logging_mixin.py:188} INFO - [2026-02-19T13:53:40.484+0000] {dagbag.py:545} INFO - Filling up the DagBag from /opt/airflow/dags/dl_overview.py
[2026-02-19T13:53:40.509+0000] {processor.py:840} INFO - DAG(s) 'company_overview_to_minio' retrieved from /opt/airflow/dags/dl_overview.py
[2026-02-19T13:53:40.531+0000] {logging_mixin.py:188} INFO - [2026-02-19T13:53:40.531+0000] {dag.py:3089} INFO - Sync 1 DAGs
[2026-02-19T13:53:40.551+0000] {logging_mixin.py:188} INFO - [2026-02-19T13:53:40.551+0000] {dag.py:3947} INFO - Setting next_dagrun for company_overview_to_minio to 2026-02-15 00:00:00+00:00, run_after=2026-02-22 00:00:00+00:00
[2026-02-19T13:53:40.577+0000] {processor.py:183} INFO - Processing /opt/airflow/dags/dl_overview.py took 0.099 seconds
[2026-02-19T13:54:10.790+0000] {processor.py:161} INFO - Started process (PID=3462) to work on /opt/airflow/dags/dl_overview.py
[2026-02-19T13:54:10.791+0000] {processor.py:830} INFO - Processing file /opt/airflow/dags/dl_overview.py for tasks to queue
[2026-02-19T13:54:10.792+0000] {logging_mixin.py:188} INFO - [2026-02-19T13:54:10.792+0000] {dagbag.py:545} INFO - Filling up the DagBag from /opt/airflow/dags/dl_overview.py
[2026-02-19T13:54:10.826+0000] {processor.py:840} INFO - DAG(s) 'company_overview_to_minio' retrieved from /opt/airflow/dags/dl_overview.py
[2026-02-19T13:54:10.847+0000] {logging_mixin.py:188} INFO - [2026-02-19T13:54:10.847+0000] {dag.py:3089} INFO - Sync 1 DAGs
[2026-02-19T13:54:10.867+0000] {logging_mixin.py:188} INFO - [2026-02-19T13:54:10.867+0000] {dag.py:3947} INFO - Setting next_dagrun for company_overview_to_minio to 2026-02-15 00:00:00+00:00, run_after=2026-02-22 00:00:00+00:00
[2026-02-19T13:54:10.891+0000] {processor.py:183} INFO - Processing /opt/airflow/dags/dl_overview.py took 0.106 seconds
[2026-02-19T13:54:40.928+0000] {processor.py:161} INFO - Started process (PID=3484) to work on /opt/airflow/dags/dl_overview.py
[2026-02-19T13:54:40.928+0000] {processor.py:830} INFO - Processing file /opt/airflow/dags/dl_overview.py for tasks to queue
[2026-02-19T13:54:40.929+0000] {logging_mixin.py:188} INFO - [2026-02-19T13:54:40.929+0000] {dagbag.py:545} INFO - Filling up the DagBag from /opt/airflow/dags/dl_overview.py
[2026-02-19T13:54:40.954+0000] {processor.py:840} INFO - DAG(s) 'company_overview_to_minio' retrieved from /opt/airflow/dags/dl_overview.py
[2026-02-19T13:54:40.974+0000] {logging_mixin.py:188} INFO - [2026-02-19T13:54:40.974+0000] {dag.py:3089} INFO - Sync 1 DAGs
[2026-02-19T13:54:40.993+0000] {logging_mixin.py:188} INFO - [2026-02-19T13:54:40.993+0000] {dag.py:3947} INFO - Setting next_dagrun for company_overview_to_minio to 2026-02-15 00:00:00+00:00, run_after=2026-02-22 00:00:00+00:00
[2026-02-19T13:54:41.009+0000] {processor.py:183} INFO - Processing /opt/airflow/dags/dl_overview.py took 0.087 seconds
[2026-02-19T13:55:11.209+0000] {processor.py:161} INFO - Started process (PID=3506) to work on /opt/airflow/dags/dl_overview.py
[2026-02-19T13:55:11.210+0000] {processor.py:830} INFO - Processing file /opt/airflow/dags/dl_overview.py for tasks to queue
[2026-02-19T13:55:11.211+0000] {logging_mixin.py:188} INFO - [2026-02-19T13:55:11.211+0000] {dagbag.py:545} INFO - Filling up the DagBag from /opt/airflow/dags/dl_overview.py
[2026-02-19T13:55:11.257+0000] {processor.py:840} INFO - DAG(s) 'company_overview_to_minio' retrieved from /opt/airflow/dags/dl_overview.py
[2026-02-19T13:55:11.287+0000] {logging_mixin.py:188} INFO - [2026-02-19T13:55:11.287+0000] {dag.py:3089} INFO - Sync 1 DAGs
[2026-02-19T13:55:11.319+0000] {logging_mixin.py:188} INFO - [2026-02-19T13:55:11.318+0000] {dag.py:3947} INFO - Setting next_dagrun for company_overview_to_minio to 2026-02-15 00:00:00+00:00, run_after=2026-02-22 00:00:00+00:00
[2026-02-19T13:55:11.354+0000] {processor.py:183} INFO - Processing /opt/airflow/dags/dl_overview.py took 0.151 seconds
[2026-02-19T13:55:41.485+0000] {processor.py:161} INFO - Started process (PID=3528) to work on /opt/airflow/dags/dl_overview.py
[2026-02-19T13:55:41.486+0000] {processor.py:830} INFO - Processing file /opt/airflow/dags/dl_overview.py for tasks to queue
[2026-02-19T13:55:41.486+0000] {logging_mixin.py:188} INFO - [2026-02-19T13:55:41.486+0000] {dagbag.py:545} INFO - Filling up the DagBag from /opt/airflow/dags/dl_overview.py
[2026-02-19T13:55:41.515+0000] {processor.py:840} INFO - DAG(s) 'company_overview_to_minio' retrieved from /opt/airflow/dags/dl_overview.py
[2026-02-19T13:55:41.535+0000] {logging_mixin.py:188} INFO - [2026-02-19T13:55:41.535+0000] {dag.py:3089} INFO - Sync 1 DAGs
[2026-02-19T13:55:41.555+0000] {logging_mixin.py:188} INFO - [2026-02-19T13:55:41.554+0000] {dag.py:3947} INFO - Setting next_dagrun for company_overview_to_minio to 2026-02-15 00:00:00+00:00, run_after=2026-02-22 00:00:00+00:00
[2026-02-19T13:55:41.573+0000] {processor.py:183} INFO - Processing /opt/airflow/dags/dl_overview.py took 0.093 seconds
[2026-02-19T13:56:11.725+0000] {processor.py:161} INFO - Started process (PID=3550) to work on /opt/airflow/dags/dl_overview.py
[2026-02-19T13:56:11.726+0000] {processor.py:830} INFO - Processing file /opt/airflow/dags/dl_overview.py for tasks to queue
[2026-02-19T13:56:11.727+0000] {logging_mixin.py:188} INFO - [2026-02-19T13:56:11.727+0000] {dagbag.py:545} INFO - Filling up the DagBag from /opt/airflow/dags/dl_overview.py
[2026-02-19T13:56:11.817+0000] {processor.py:840} INFO - DAG(s) 'company_overview_to_minio' retrieved from /opt/airflow/dags/dl_overview.py
[2026-02-19T13:56:11.855+0000] {logging_mixin.py:188} INFO - [2026-02-19T13:56:11.855+0000] {dag.py:3089} INFO - Sync 1 DAGs
[2026-02-19T13:56:11.894+0000] {logging_mixin.py:188} INFO - [2026-02-19T13:56:11.893+0000] {dag.py:3947} INFO - Setting next_dagrun for company_overview_to_minio to 2026-02-15 00:00:00+00:00, run_after=2026-02-22 00:00:00+00:00
[2026-02-19T13:56:13.583+0000] {processor.py:183} INFO - Processing /opt/airflow/dags/dl_overview.py took 1.867 seconds
[2026-02-19T13:56:43.707+0000] {processor.py:161} INFO - Started process (PID=3574) to work on /opt/airflow/dags/dl_overview.py
[2026-02-19T13:56:43.708+0000] {processor.py:830} INFO - Processing file /opt/airflow/dags/dl_overview.py for tasks to queue
[2026-02-19T13:56:43.709+0000] {logging_mixin.py:188} INFO - [2026-02-19T13:56:43.709+0000] {dagbag.py:545} INFO - Filling up the DagBag from /opt/airflow/dags/dl_overview.py
[2026-02-19T13:56:43.753+0000] {processor.py:840} INFO - DAG(s) 'company_overview_to_minio' retrieved from /opt/airflow/dags/dl_overview.py
[2026-02-19T13:56:43.778+0000] {logging_mixin.py:188} INFO - [2026-02-19T13:56:43.778+0000] {dag.py:3089} INFO - Sync 1 DAGs
[2026-02-19T13:56:43.801+0000] {logging_mixin.py:188} INFO - [2026-02-19T13:56:43.801+0000] {dag.py:3947} INFO - Setting next_dagrun for company_overview_to_minio to 2026-02-15 00:00:00+00:00, run_after=2026-02-22 00:00:00+00:00
[2026-02-19T13:56:43.821+0000] {processor.py:183} INFO - Processing /opt/airflow/dags/dl_overview.py took 0.122 seconds
[2026-02-19T13:57:13.883+0000] {processor.py:161} INFO - Started process (PID=3594) to work on /opt/airflow/dags/dl_overview.py
[2026-02-19T13:57:13.884+0000] {processor.py:830} INFO - Processing file /opt/airflow/dags/dl_overview.py for tasks to queue
[2026-02-19T13:57:13.884+0000] {logging_mixin.py:188} INFO - [2026-02-19T13:57:13.884+0000] {dagbag.py:545} INFO - Filling up the DagBag from /opt/airflow/dags/dl_overview.py
[2026-02-19T13:57:13.911+0000] {processor.py:840} INFO - DAG(s) 'company_overview_to_minio' retrieved from /opt/airflow/dags/dl_overview.py
[2026-02-19T13:57:13.932+0000] {logging_mixin.py:188} INFO - [2026-02-19T13:57:13.932+0000] {dag.py:3089} INFO - Sync 1 DAGs
[2026-02-19T13:57:13.953+0000] {logging_mixin.py:188} INFO - [2026-02-19T13:57:13.953+0000] {dag.py:3947} INFO - Setting next_dagrun for company_overview_to_minio to 2026-02-15 00:00:00+00:00, run_after=2026-02-22 00:00:00+00:00
[2026-02-19T13:57:13.976+0000] {processor.py:183} INFO - Processing /opt/airflow/dags/dl_overview.py took 0.098 seconds
[2026-02-19T13:57:44.243+0000] {processor.py:161} INFO - Started process (PID=3616) to work on /opt/airflow/dags/dl_overview.py
[2026-02-19T13:57:44.244+0000] {processor.py:830} INFO - Processing file /opt/airflow/dags/dl_overview.py for tasks to queue
[2026-02-19T13:57:44.244+0000] {logging_mixin.py:188} INFO - [2026-02-19T13:57:44.244+0000] {dagbag.py:545} INFO - Filling up the DagBag from /opt/airflow/dags/dl_overview.py
[2026-02-19T13:57:44.284+0000] {processor.py:840} INFO - DAG(s) 'company_overview_to_minio' retrieved from /opt/airflow/dags/dl_overview.py
[2026-02-19T13:57:44.311+0000] {logging_mixin.py:188} INFO - [2026-02-19T13:57:44.311+0000] {dag.py:3089} INFO - Sync 1 DAGs
[2026-02-19T13:57:44.340+0000] {logging_mixin.py:188} INFO - [2026-02-19T13:57:44.339+0000] {dag.py:3947} INFO - Setting next_dagrun for company_overview_to_minio to 2026-02-15 00:00:00+00:00, run_after=2026-02-22 00:00:00+00:00
[2026-02-19T13:57:44.359+0000] {processor.py:183} INFO - Processing /opt/airflow/dags/dl_overview.py took 0.122 seconds
[2026-02-19T13:58:14.516+0000] {processor.py:161} INFO - Started process (PID=3638) to work on /opt/airflow/dags/dl_overview.py
[2026-02-19T13:58:14.517+0000] {processor.py:830} INFO - Processing file /opt/airflow/dags/dl_overview.py for tasks to queue
[2026-02-19T13:58:14.517+0000] {logging_mixin.py:188} INFO - [2026-02-19T13:58:14.517+0000] {dagbag.py:545} INFO - Filling up the DagBag from /opt/airflow/dags/dl_overview.py
[2026-02-19T13:58:14.545+0000] {processor.py:840} INFO - DAG(s) 'company_overview_to_minio' retrieved from /opt/airflow/dags/dl_overview.py
[2026-02-19T13:58:14.566+0000] {logging_mixin.py:188} INFO - [2026-02-19T13:58:14.566+0000] {dag.py:3089} INFO - Sync 1 DAGs
[2026-02-19T13:58:14.584+0000] {logging_mixin.py:188} INFO - [2026-02-19T13:58:14.584+0000] {dag.py:3947} INFO - Setting next_dagrun for company_overview_to_minio to 2026-02-15 00:00:00+00:00, run_after=2026-02-22 00:00:00+00:00
[2026-02-19T13:58:14.604+0000] {processor.py:183} INFO - Processing /opt/airflow/dags/dl_overview.py took 0.093 seconds
[2026-02-19T13:58:44.693+0000] {processor.py:161} INFO - Started process (PID=3660) to work on /opt/airflow/dags/dl_overview.py
[2026-02-19T13:58:44.694+0000] {processor.py:830} INFO - Processing file /opt/airflow/dags/dl_overview.py for tasks to queue
[2026-02-19T13:58:44.695+0000] {logging_mixin.py:188} INFO - [2026-02-19T13:58:44.694+0000] {dagbag.py:545} INFO - Filling up the DagBag from /opt/airflow/dags/dl_overview.py
[2026-02-19T13:58:44.726+0000] {processor.py:840} INFO - DAG(s) 'company_overview_to_minio' retrieved from /opt/airflow/dags/dl_overview.py
[2026-02-19T13:58:44.747+0000] {logging_mixin.py:188} INFO - [2026-02-19T13:58:44.747+0000] {dag.py:3089} INFO - Sync 1 DAGs
[2026-02-19T13:58:44.769+0000] {logging_mixin.py:188} INFO - [2026-02-19T13:58:44.769+0000] {dag.py:3947} INFO - Setting next_dagrun for company_overview_to_minio to 2026-02-15 00:00:00+00:00, run_after=2026-02-22 00:00:00+00:00
[2026-02-19T13:58:44.787+0000] {processor.py:183} INFO - Processing /opt/airflow/dags/dl_overview.py took 0.099 seconds
[2026-02-19T13:59:14.935+0000] {processor.py:161} INFO - Started process (PID=3682) to work on /opt/airflow/dags/dl_overview.py
[2026-02-19T13:59:14.936+0000] {processor.py:830} INFO - Processing file /opt/airflow/dags/dl_overview.py for tasks to queue
[2026-02-19T13:59:14.937+0000] {logging_mixin.py:188} INFO - [2026-02-19T13:59:14.936+0000] {dagbag.py:545} INFO - Filling up the DagBag from /opt/airflow/dags/dl_overview.py
[2026-02-19T13:59:14.986+0000] {processor.py:840} INFO - DAG(s) 'company_overview_to_minio' retrieved from /opt/airflow/dags/dl_overview.py
[2026-02-19T13:59:15.027+0000] {logging_mixin.py:188} INFO - [2026-02-19T13:59:15.026+0000] {dag.py:3089} INFO - Sync 1 DAGs
[2026-02-19T13:59:15.052+0000] {logging_mixin.py:188} INFO - [2026-02-19T13:59:15.052+0000] {dag.py:3947} INFO - Setting next_dagrun for company_overview_to_minio to 2026-02-15 00:00:00+00:00, run_after=2026-02-22 00:00:00+00:00
[2026-02-19T13:59:15.072+0000] {processor.py:183} INFO - Processing /opt/airflow/dags/dl_overview.py took 0.143 seconds
[2026-02-19T13:59:45.254+0000] {processor.py:161} INFO - Started process (PID=3704) to work on /opt/airflow/dags/dl_overview.py
[2026-02-19T13:59:45.255+0000] {processor.py:830} INFO - Processing file /opt/airflow/dags/dl_overview.py for tasks to queue
[2026-02-19T13:59:45.256+0000] {logging_mixin.py:188} INFO - [2026-02-19T13:59:45.256+0000] {dagbag.py:545} INFO - Filling up the DagBag from /opt/airflow/dags/dl_overview.py
[2026-02-19T13:59:45.300+0000] {processor.py:840} INFO - DAG(s) 'company_overview_to_minio' retrieved from /opt/airflow/dags/dl_overview.py
[2026-02-19T13:59:45.326+0000] {logging_mixin.py:188} INFO - [2026-02-19T13:59:45.326+0000] {dag.py:3089} INFO - Sync 1 DAGs
[2026-02-19T13:59:45.353+0000] {logging_mixin.py:188} INFO - [2026-02-19T13:59:45.353+0000] {dag.py:3947} INFO - Setting next_dagrun for company_overview_to_minio to 2026-02-15 00:00:00+00:00, run_after=2026-02-22 00:00:00+00:00
[2026-02-19T13:59:45.372+0000] {processor.py:183} INFO - Processing /opt/airflow/dags/dl_overview.py took 0.125 seconds
[2026-02-19T14:00:15.624+0000] {processor.py:161} INFO - Started process (PID=3726) to work on /opt/airflow/dags/dl_overview.py
[2026-02-19T14:00:15.624+0000] {processor.py:830} INFO - Processing file /opt/airflow/dags/dl_overview.py for tasks to queue
[2026-02-19T14:00:15.625+0000] {logging_mixin.py:188} INFO - [2026-02-19T14:00:15.625+0000] {dagbag.py:545} INFO - Filling up the DagBag from /opt/airflow/dags/dl_overview.py
[2026-02-19T14:00:15.651+0000] {processor.py:840} INFO - DAG(s) 'company_overview_to_minio' retrieved from /opt/airflow/dags/dl_overview.py
[2026-02-19T14:00:15.672+0000] {logging_mixin.py:188} INFO - [2026-02-19T14:00:15.671+0000] {dag.py:3089} INFO - Sync 1 DAGs
[2026-02-19T14:00:15.694+0000] {logging_mixin.py:188} INFO - [2026-02-19T14:00:15.694+0000] {dag.py:3947} INFO - Setting next_dagrun for company_overview_to_minio to 2026-02-15 00:00:00+00:00, run_after=2026-02-22 00:00:00+00:00
[2026-02-19T14:00:15.712+0000] {processor.py:183} INFO - Processing /opt/airflow/dags/dl_overview.py took 0.093 seconds
[2026-02-19T14:00:45.799+0000] {processor.py:161} INFO - Started process (PID=3748) to work on /opt/airflow/dags/dl_overview.py
[2026-02-19T14:00:45.800+0000] {processor.py:830} INFO - Processing file /opt/airflow/dags/dl_overview.py for tasks to queue
[2026-02-19T14:00:45.801+0000] {logging_mixin.py:188} INFO - [2026-02-19T14:00:45.800+0000] {dagbag.py:545} INFO - Filling up the DagBag from /opt/airflow/dags/dl_overview.py
[2026-02-19T14:00:45.827+0000] {processor.py:840} INFO - DAG(s) 'company_overview_to_minio' retrieved from /opt/airflow/dags/dl_overview.py
[2026-02-19T14:00:45.850+0000] {logging_mixin.py:188} INFO - [2026-02-19T14:00:45.850+0000] {dag.py:3089} INFO - Sync 1 DAGs
[2026-02-19T14:00:45.870+0000] {logging_mixin.py:188} INFO - [2026-02-19T14:00:45.870+0000] {dag.py:3947} INFO - Setting next_dagrun for company_overview_to_minio to 2026-02-15 00:00:00+00:00, run_after=2026-02-22 00:00:00+00:00
[2026-02-19T14:00:45.887+0000] {processor.py:183} INFO - Processing /opt/airflow/dags/dl_overview.py took 0.092 seconds
[2026-02-19T14:01:16.199+0000] {processor.py:161} INFO - Started process (PID=3770) to work on /opt/airflow/dags/dl_overview.py
[2026-02-19T14:01:16.200+0000] {processor.py:830} INFO - Processing file /opt/airflow/dags/dl_overview.py for tasks to queue
[2026-02-19T14:01:16.201+0000] {logging_mixin.py:188} INFO - [2026-02-19T14:01:16.201+0000] {dagbag.py:545} INFO - Filling up the DagBag from /opt/airflow/dags/dl_overview.py
[2026-02-19T14:01:16.230+0000] {processor.py:840} INFO - DAG(s) 'company_overview_to_minio' retrieved from /opt/airflow/dags/dl_overview.py
[2026-02-19T14:01:16.250+0000] {logging_mixin.py:188} INFO - [2026-02-19T14:01:16.250+0000] {dag.py:3089} INFO - Sync 1 DAGs
[2026-02-19T14:01:16.271+0000] {logging_mixin.py:188} INFO - [2026-02-19T14:01:16.271+0000] {dag.py:3947} INFO - Setting next_dagrun for company_overview_to_minio to 2026-02-15 00:00:00+00:00, run_after=2026-02-22 00:00:00+00:00
[2026-02-19T14:01:16.289+0000] {processor.py:183} INFO - Processing /opt/airflow/dags/dl_overview.py took 0.095 seconds
[2026-02-19T14:01:47.243+0000] {processor.py:161} INFO - Started process (PID=3793) to work on /opt/airflow/dags/dl_overview.py
[2026-02-19T14:01:47.244+0000] {processor.py:830} INFO - Processing file /opt/airflow/dags/dl_overview.py for tasks to queue
[2026-02-19T14:01:47.245+0000] {logging_mixin.py:188} INFO - [2026-02-19T14:01:47.244+0000] {dagbag.py:545} INFO - Filling up the DagBag from /opt/airflow/dags/dl_overview.py
[2026-02-19T14:01:47.274+0000] {processor.py:840} INFO - DAG(s) 'company_overview_to_minio' retrieved from /opt/airflow/dags/dl_overview.py
[2026-02-19T14:01:47.294+0000] {logging_mixin.py:188} INFO - [2026-02-19T14:01:47.294+0000] {dag.py:3089} INFO - Sync 1 DAGs
[2026-02-19T14:01:47.315+0000] {logging_mixin.py:188} INFO - [2026-02-19T14:01:47.314+0000] {dag.py:3947} INFO - Setting next_dagrun for company_overview_to_minio to 2026-02-15 00:00:00+00:00, run_after=2026-02-22 00:00:00+00:00
[2026-02-19T14:01:47.334+0000] {processor.py:183} INFO - Processing /opt/airflow/dags/dl_overview.py took 0.096 seconds
[2026-02-19T14:02:17.591+0000] {processor.py:161} INFO - Started process (PID=3815) to work on /opt/airflow/dags/dl_overview.py
[2026-02-19T14:02:17.592+0000] {processor.py:830} INFO - Processing file /opt/airflow/dags/dl_overview.py for tasks to queue
[2026-02-19T14:02:17.593+0000] {logging_mixin.py:188} INFO - [2026-02-19T14:02:17.592+0000] {dagbag.py:545} INFO - Filling up the DagBag from /opt/airflow/dags/dl_overview.py
[2026-02-19T14:02:17.624+0000] {processor.py:840} INFO - DAG(s) 'company_overview_to_minio' retrieved from /opt/airflow/dags/dl_overview.py
[2026-02-19T14:02:17.650+0000] {logging_mixin.py:188} INFO - [2026-02-19T14:02:17.649+0000] {dag.py:3089} INFO - Sync 1 DAGs
[2026-02-19T14:02:17.672+0000] {logging_mixin.py:188} INFO - [2026-02-19T14:02:17.672+0000] {dag.py:3947} INFO - Setting next_dagrun for company_overview_to_minio to 2026-02-15 00:00:00+00:00, run_after=2026-02-22 00:00:00+00:00
[2026-02-19T14:02:17.691+0000] {processor.py:183} INFO - Processing /opt/airflow/dags/dl_overview.py took 0.105 seconds
[2026-02-19T14:02:47.788+0000] {processor.py:161} INFO - Started process (PID=3837) to work on /opt/airflow/dags/dl_overview.py
[2026-02-19T14:02:47.789+0000] {processor.py:830} INFO - Processing file /opt/airflow/dags/dl_overview.py for tasks to queue
[2026-02-19T14:02:47.790+0000] {logging_mixin.py:188} INFO - [2026-02-19T14:02:47.789+0000] {dagbag.py:545} INFO - Filling up the DagBag from /opt/airflow/dags/dl_overview.py
[2026-02-19T14:02:47.830+0000] {processor.py:840} INFO - DAG(s) 'company_overview_to_minio' retrieved from /opt/airflow/dags/dl_overview.py
[2026-02-19T14:02:47.850+0000] {logging_mixin.py:188} INFO - [2026-02-19T14:02:47.850+0000] {dag.py:3089} INFO - Sync 1 DAGs
[2026-02-19T14:02:47.872+0000] {logging_mixin.py:188} INFO - [2026-02-19T14:02:47.872+0000] {dag.py:3947} INFO - Setting next_dagrun for company_overview_to_minio to 2026-02-15 00:00:00+00:00, run_after=2026-02-22 00:00:00+00:00
[2026-02-19T14:02:47.892+0000] {processor.py:183} INFO - Processing /opt/airflow/dags/dl_overview.py took 0.111 seconds
[2026-02-19T14:03:18.360+0000] {processor.py:161} INFO - Started process (PID=3859) to work on /opt/airflow/dags/dl_overview.py
[2026-02-19T14:03:18.360+0000] {processor.py:830} INFO - Processing file /opt/airflow/dags/dl_overview.py for tasks to queue
[2026-02-19T14:03:18.361+0000] {logging_mixin.py:188} INFO - [2026-02-19T14:03:18.361+0000] {dagbag.py:545} INFO - Filling up the DagBag from /opt/airflow/dags/dl_overview.py
[2026-02-19T14:03:18.394+0000] {processor.py:840} INFO - DAG(s) 'company_overview_to_minio' retrieved from /opt/airflow/dags/dl_overview.py
[2026-02-19T14:03:18.417+0000] {logging_mixin.py:188} INFO - [2026-02-19T14:03:18.417+0000] {dag.py:3089} INFO - Sync 1 DAGs
[2026-02-19T14:03:18.440+0000] {logging_mixin.py:188} INFO - [2026-02-19T14:03:18.440+0000] {dag.py:3947} INFO - Setting next_dagrun for company_overview_to_minio to 2026-02-15 00:00:00+00:00, run_after=2026-02-22 00:00:00+00:00
[2026-02-19T14:03:18.456+0000] {processor.py:183} INFO - Processing /opt/airflow/dags/dl_overview.py took 0.102 seconds
[2026-02-19T14:03:48.753+0000] {processor.py:161} INFO - Started process (PID=3881) to work on /opt/airflow/dags/dl_overview.py
[2026-02-19T14:03:48.754+0000] {processor.py:830} INFO - Processing file /opt/airflow/dags/dl_overview.py for tasks to queue
[2026-02-19T14:03:48.755+0000] {logging_mixin.py:188} INFO - [2026-02-19T14:03:48.755+0000] {dagbag.py:545} INFO - Filling up the DagBag from /opt/airflow/dags/dl_overview.py
[2026-02-19T14:03:48.789+0000] {processor.py:840} INFO - DAG(s) 'company_overview_to_minio' retrieved from /opt/airflow/dags/dl_overview.py
[2026-02-19T14:03:48.814+0000] {logging_mixin.py:188} INFO - [2026-02-19T14:03:48.814+0000] {dag.py:3089} INFO - Sync 1 DAGs
[2026-02-19T14:03:48.837+0000] {logging_mixin.py:188} INFO - [2026-02-19T14:03:48.836+0000] {dag.py:3947} INFO - Setting next_dagrun for company_overview_to_minio to 2026-02-15 00:00:00+00:00, run_after=2026-02-22 00:00:00+00:00
[2026-02-19T14:03:48.856+0000] {processor.py:183} INFO - Processing /opt/airflow/dags/dl_overview.py took 0.109 seconds
[2026-02-19T14:04:18.950+0000] {processor.py:161} INFO - Started process (PID=3903) to work on /opt/airflow/dags/dl_overview.py
[2026-02-19T14:04:18.950+0000] {processor.py:830} INFO - Processing file /opt/airflow/dags/dl_overview.py for tasks to queue
[2026-02-19T14:04:18.951+0000] {logging_mixin.py:188} INFO - [2026-02-19T14:04:18.951+0000] {dagbag.py:545} INFO - Filling up the DagBag from /opt/airflow/dags/dl_overview.py
[2026-02-19T14:04:18.978+0000] {processor.py:840} INFO - DAG(s) 'company_overview_to_minio' retrieved from /opt/airflow/dags/dl_overview.py
[2026-02-19T14:04:19.000+0000] {logging_mixin.py:188} INFO - [2026-02-19T14:04:19.000+0000] {dag.py:3089} INFO - Sync 1 DAGs
[2026-02-19T14:04:19.024+0000] {logging_mixin.py:188} INFO - [2026-02-19T14:04:19.024+0000] {dag.py:3947} INFO - Setting next_dagrun for company_overview_to_minio to 2026-02-15 00:00:00+00:00, run_after=2026-02-22 00:00:00+00:00
[2026-02-19T14:04:19.042+0000] {processor.py:183} INFO - Processing /opt/airflow/dags/dl_overview.py took 0.098 seconds
[2026-02-19T14:04:49.301+0000] {processor.py:161} INFO - Started process (PID=3925) to work on /opt/airflow/dags/dl_overview.py
[2026-02-19T14:04:49.301+0000] {processor.py:830} INFO - Processing file /opt/airflow/dags/dl_overview.py for tasks to queue
[2026-02-19T14:04:49.302+0000] {logging_mixin.py:188} INFO - [2026-02-19T14:04:49.302+0000] {dagbag.py:545} INFO - Filling up the DagBag from /opt/airflow/dags/dl_overview.py
[2026-02-19T14:04:49.331+0000] {processor.py:840} INFO - DAG(s) 'company_overview_to_minio' retrieved from /opt/airflow/dags/dl_overview.py
[2026-02-19T14:04:49.354+0000] {logging_mixin.py:188} INFO - [2026-02-19T14:04:49.354+0000] {dag.py:3089} INFO - Sync 1 DAGs
[2026-02-19T14:04:49.376+0000] {logging_mixin.py:188} INFO - [2026-02-19T14:04:49.376+0000] {dag.py:3947} INFO - Setting next_dagrun for company_overview_to_minio to 2026-02-15 00:00:00+00:00, run_after=2026-02-22 00:00:00+00:00
[2026-02-19T14:04:49.394+0000] {processor.py:183} INFO - Processing /opt/airflow/dags/dl_overview.py took 0.099 seconds
[2026-02-19T14:05:19.480+0000] {processor.py:161} INFO - Started process (PID=3947) to work on /opt/airflow/dags/dl_overview.py
[2026-02-19T14:05:19.480+0000] {processor.py:830} INFO - Processing file /opt/airflow/dags/dl_overview.py for tasks to queue
[2026-02-19T14:05:19.481+0000] {logging_mixin.py:188} INFO - [2026-02-19T14:05:19.481+0000] {dagbag.py:545} INFO - Filling up the DagBag from /opt/airflow/dags/dl_overview.py
[2026-02-19T14:05:19.512+0000] {processor.py:840} INFO - DAG(s) 'company_overview_to_minio' retrieved from /opt/airflow/dags/dl_overview.py
[2026-02-19T14:05:19.534+0000] {logging_mixin.py:188} INFO - [2026-02-19T14:05:19.534+0000] {dag.py:3089} INFO - Sync 1 DAGs
[2026-02-19T14:05:19.555+0000] {logging_mixin.py:188} INFO - [2026-02-19T14:05:19.555+0000] {dag.py:3947} INFO - Setting next_dagrun for company_overview_to_minio to 2026-02-15 00:00:00+00:00, run_after=2026-02-22 00:00:00+00:00
[2026-02-19T14:05:19.577+0000] {processor.py:183} INFO - Processing /opt/airflow/dags/dl_overview.py took 0.103 seconds
[2026-02-19T14:05:49.726+0000] {processor.py:161} INFO - Started process (PID=3969) to work on /opt/airflow/dags/dl_overview.py
[2026-02-19T14:05:49.727+0000] {processor.py:830} INFO - Processing file /opt/airflow/dags/dl_overview.py for tasks to queue
[2026-02-19T14:05:49.728+0000] {logging_mixin.py:188} INFO - [2026-02-19T14:05:49.728+0000] {dagbag.py:545} INFO - Filling up the DagBag from /opt/airflow/dags/dl_overview.py
[2026-02-19T14:05:49.777+0000] {processor.py:840} INFO - DAG(s) 'company_overview_to_minio' retrieved from /opt/airflow/dags/dl_overview.py
[2026-02-19T14:05:49.825+0000] {logging_mixin.py:188} INFO - [2026-02-19T14:05:49.825+0000] {dag.py:3089} INFO - Sync 1 DAGs
[2026-02-19T14:05:49.858+0000] {logging_mixin.py:188} INFO - [2026-02-19T14:05:49.858+0000] {dag.py:3947} INFO - Setting next_dagrun for company_overview_to_minio to 2026-02-15 00:00:00+00:00, run_after=2026-02-22 00:00:00+00:00
[2026-02-19T14:05:49.879+0000] {processor.py:183} INFO - Processing /opt/airflow/dags/dl_overview.py took 0.161 seconds
[2026-02-19T14:06:20.051+0000] {processor.py:161} INFO - Started process (PID=3991) to work on /opt/airflow/dags/dl_overview.py
[2026-02-19T14:06:20.053+0000] {processor.py:830} INFO - Processing file /opt/airflow/dags/dl_overview.py for tasks to queue
[2026-02-19T14:06:20.055+0000] {logging_mixin.py:188} INFO - [2026-02-19T14:06:20.055+0000] {dagbag.py:545} INFO - Filling up the DagBag from /opt/airflow/dags/dl_overview.py
[2026-02-19T14:06:20.124+0000] {processor.py:840} INFO - DAG(s) 'company_overview_to_minio' retrieved from /opt/airflow/dags/dl_overview.py
[2026-02-19T14:06:20.214+0000] {logging_mixin.py:188} INFO - [2026-02-19T14:06:20.213+0000] {dag.py:3089} INFO - Sync 1 DAGs
[2026-02-19T14:06:20.283+0000] {logging_mixin.py:188} INFO - [2026-02-19T14:06:20.283+0000] {dag.py:3947} INFO - Setting next_dagrun for company_overview_to_minio to 2026-02-15 00:00:00+00:00, run_after=2026-02-22 00:00:00+00:00
[2026-02-19T14:06:20.332+0000] {processor.py:183} INFO - Processing /opt/airflow/dags/dl_overview.py took 0.296 seconds
[2026-02-19T14:06:51.144+0000] {processor.py:161} INFO - Started process (PID=4021) to work on /opt/airflow/dags/dl_overview.py
[2026-02-19T14:06:51.145+0000] {processor.py:830} INFO - Processing file /opt/airflow/dags/dl_overview.py for tasks to queue
[2026-02-19T14:06:51.146+0000] {logging_mixin.py:188} INFO - [2026-02-19T14:06:51.146+0000] {dagbag.py:545} INFO - Filling up the DagBag from /opt/airflow/dags/dl_overview.py
[2026-02-19T14:06:51.177+0000] {processor.py:840} INFO - DAG(s) 'company_overview_to_minio' retrieved from /opt/airflow/dags/dl_overview.py
[2026-02-19T14:06:51.202+0000] {logging_mixin.py:188} INFO - [2026-02-19T14:06:51.201+0000] {dag.py:3089} INFO - Sync 1 DAGs
[2026-02-19T14:06:51.221+0000] {logging_mixin.py:188} INFO - [2026-02-19T14:06:51.220+0000] {dag.py:3947} INFO - Setting next_dagrun for company_overview_to_minio to 2026-02-15 00:00:00+00:00, run_after=2026-02-22 00:00:00+00:00
[2026-02-19T14:06:51.239+0000] {processor.py:183} INFO - Processing /opt/airflow/dags/dl_overview.py took 0.102 seconds
[2026-02-19T14:07:21.671+0000] {processor.py:161} INFO - Started process (PID=4043) to work on /opt/airflow/dags/dl_overview.py
[2026-02-19T14:07:21.672+0000] {processor.py:830} INFO - Processing file /opt/airflow/dags/dl_overview.py for tasks to queue
[2026-02-19T14:07:21.674+0000] {logging_mixin.py:188} INFO - [2026-02-19T14:07:21.673+0000] {dagbag.py:545} INFO - Filling up the DagBag from /opt/airflow/dags/dl_overview.py
[2026-02-19T14:07:21.712+0000] {processor.py:840} INFO - DAG(s) 'company_overview_to_minio' retrieved from /opt/airflow/dags/dl_overview.py
[2026-02-19T14:07:21.736+0000] {logging_mixin.py:188} INFO - [2026-02-19T14:07:21.736+0000] {dag.py:3089} INFO - Sync 1 DAGs
[2026-02-19T14:07:21.757+0000] {logging_mixin.py:188} INFO - [2026-02-19T14:07:21.757+0000] {dag.py:3947} INFO - Setting next_dagrun for company_overview_to_minio to 2026-02-15 00:00:00+00:00, run_after=2026-02-22 00:00:00+00:00
[2026-02-19T14:07:21.776+0000] {processor.py:183} INFO - Processing /opt/airflow/dags/dl_overview.py took 0.112 seconds
[2026-02-19T14:07:51.987+0000] {processor.py:161} INFO - Started process (PID=4065) to work on /opt/airflow/dags/dl_overview.py
[2026-02-19T14:07:51.988+0000] {processor.py:830} INFO - Processing file /opt/airflow/dags/dl_overview.py for tasks to queue
[2026-02-19T14:07:51.989+0000] {logging_mixin.py:188} INFO - [2026-02-19T14:07:51.988+0000] {dagbag.py:545} INFO - Filling up the DagBag from /opt/airflow/dags/dl_overview.py
[2026-02-19T14:07:52.023+0000] {processor.py:840} INFO - DAG(s) 'company_overview_to_minio' retrieved from /opt/airflow/dags/dl_overview.py
[2026-02-19T14:07:52.045+0000] {logging_mixin.py:188} INFO - [2026-02-19T14:07:52.045+0000] {dag.py:3089} INFO - Sync 1 DAGs
[2026-02-19T14:07:52.068+0000] {logging_mixin.py:188} INFO - [2026-02-19T14:07:52.068+0000] {dag.py:3947} INFO - Setting next_dagrun for company_overview_to_minio to 2026-02-15 00:00:00+00:00, run_after=2026-02-22 00:00:00+00:00
[2026-02-19T14:07:52.088+0000] {processor.py:183} INFO - Processing /opt/airflow/dags/dl_overview.py took 0.106 seconds
[2026-02-19T14:08:22.280+0000] {processor.py:161} INFO - Started process (PID=4087) to work on /opt/airflow/dags/dl_overview.py
[2026-02-19T14:08:22.281+0000] {processor.py:830} INFO - Processing file /opt/airflow/dags/dl_overview.py for tasks to queue
[2026-02-19T14:08:22.282+0000] {logging_mixin.py:188} INFO - [2026-02-19T14:08:22.281+0000] {dagbag.py:545} INFO - Filling up the DagBag from /opt/airflow/dags/dl_overview.py
[2026-02-19T14:08:22.314+0000] {processor.py:840} INFO - DAG(s) 'company_overview_to_minio' retrieved from /opt/airflow/dags/dl_overview.py
[2026-02-19T14:08:22.337+0000] {logging_mixin.py:188} INFO - [2026-02-19T14:08:22.337+0000] {dag.py:3089} INFO - Sync 1 DAGs
[2026-02-19T14:08:22.359+0000] {logging_mixin.py:188} INFO - [2026-02-19T14:08:22.359+0000] {dag.py:3947} INFO - Setting next_dagrun for company_overview_to_minio to 2026-02-15 00:00:00+00:00, run_after=2026-02-22 00:00:00+00:00
[2026-02-19T14:08:22.379+0000] {processor.py:183} INFO - Processing /opt/airflow/dags/dl_overview.py took 0.104 seconds
[2026-02-19T14:08:52.469+0000] {processor.py:161} INFO - Started process (PID=4109) to work on /opt/airflow/dags/dl_overview.py
[2026-02-19T14:08:52.470+0000] {processor.py:830} INFO - Processing file /opt/airflow/dags/dl_overview.py for tasks to queue
[2026-02-19T14:08:52.471+0000] {logging_mixin.py:188} INFO - [2026-02-19T14:08:52.470+0000] {dagbag.py:545} INFO - Filling up the DagBag from /opt/airflow/dags/dl_overview.py
[2026-02-19T14:08:52.508+0000] {processor.py:840} INFO - DAG(s) 'company_overview_to_minio' retrieved from /opt/airflow/dags/dl_overview.py
[2026-02-19T14:08:52.544+0000] {logging_mixin.py:188} INFO - [2026-02-19T14:08:52.544+0000] {dag.py:3089} INFO - Sync 1 DAGs
[2026-02-19T14:08:52.579+0000] {logging_mixin.py:188} INFO - [2026-02-19T14:08:52.579+0000] {dag.py:3947} INFO - Setting next_dagrun for company_overview_to_minio to 2026-02-15 00:00:00+00:00, run_after=2026-02-22 00:00:00+00:00
[2026-02-19T14:08:52.606+0000] {processor.py:183} INFO - Processing /opt/airflow/dags/dl_overview.py took 0.142 seconds
[2026-02-19T14:09:22.694+0000] {processor.py:161} INFO - Started process (PID=4131) to work on /opt/airflow/dags/dl_overview.py
[2026-02-19T14:09:22.694+0000] {processor.py:830} INFO - Processing file /opt/airflow/dags/dl_overview.py for tasks to queue
[2026-02-19T14:09:22.696+0000] {logging_mixin.py:188} INFO - [2026-02-19T14:09:22.695+0000] {dagbag.py:545} INFO - Filling up the DagBag from /opt/airflow/dags/dl_overview.py
[2026-02-19T14:09:22.749+0000] {processor.py:840} INFO - DAG(s) 'company_overview_to_minio' retrieved from /opt/airflow/dags/dl_overview.py
[2026-02-19T14:09:22.790+0000] {logging_mixin.py:188} INFO - [2026-02-19T14:09:22.790+0000] {dag.py:3089} INFO - Sync 1 DAGs
[2026-02-19T14:09:22.849+0000] {logging_mixin.py:188} INFO - [2026-02-19T14:09:22.848+0000] {dag.py:3947} INFO - Setting next_dagrun for company_overview_to_minio to 2026-02-15 00:00:00+00:00, run_after=2026-02-22 00:00:00+00:00
[2026-02-19T14:09:22.890+0000] {processor.py:183} INFO - Processing /opt/airflow/dags/dl_overview.py took 0.204 seconds
[2026-02-19T14:09:53.109+0000] {processor.py:161} INFO - Started process (PID=4153) to work on /opt/airflow/dags/dl_overview.py
[2026-02-19T14:09:53.110+0000] {processor.py:830} INFO - Processing file /opt/airflow/dags/dl_overview.py for tasks to queue
[2026-02-19T14:09:53.110+0000] {logging_mixin.py:188} INFO - [2026-02-19T14:09:53.110+0000] {dagbag.py:545} INFO - Filling up the DagBag from /opt/airflow/dags/dl_overview.py
[2026-02-19T14:09:53.137+0000] {processor.py:840} INFO - DAG(s) 'company_overview_to_minio' retrieved from /opt/airflow/dags/dl_overview.py
[2026-02-19T14:09:53.159+0000] {logging_mixin.py:188} INFO - [2026-02-19T14:09:53.159+0000] {dag.py:3089} INFO - Sync 1 DAGs
[2026-02-19T14:09:53.184+0000] {logging_mixin.py:188} INFO - [2026-02-19T14:09:53.183+0000] {dag.py:3947} INFO - Setting next_dagrun for company_overview_to_minio to 2026-02-15 00:00:00+00:00, run_after=2026-02-22 00:00:00+00:00
[2026-02-19T14:09:53.210+0000] {processor.py:183} INFO - Processing /opt/airflow/dags/dl_overview.py took 0.106 seconds
[2026-02-19T14:10:23.379+0000] {processor.py:161} INFO - Started process (PID=4175) to work on /opt/airflow/dags/dl_overview.py
[2026-02-19T14:10:23.380+0000] {processor.py:830} INFO - Processing file /opt/airflow/dags/dl_overview.py for tasks to queue
[2026-02-19T14:10:23.381+0000] {logging_mixin.py:188} INFO - [2026-02-19T14:10:23.381+0000] {dagbag.py:545} INFO - Filling up the DagBag from /opt/airflow/dags/dl_overview.py
[2026-02-19T14:10:23.410+0000] {processor.py:840} INFO - DAG(s) 'company_overview_to_minio' retrieved from /opt/airflow/dags/dl_overview.py
[2026-02-19T14:10:23.432+0000] {logging_mixin.py:188} INFO - [2026-02-19T14:10:23.432+0000] {dag.py:3089} INFO - Sync 1 DAGs
[2026-02-19T14:10:23.453+0000] {logging_mixin.py:188} INFO - [2026-02-19T14:10:23.453+0000] {dag.py:3947} INFO - Setting next_dagrun for company_overview_to_minio to 2026-02-15 00:00:00+00:00, run_after=2026-02-22 00:00:00+00:00
[2026-02-19T14:10:23.470+0000] {processor.py:183} INFO - Processing /opt/airflow/dags/dl_overview.py took 0.096 seconds
[2026-02-19T14:10:53.585+0000] {processor.py:161} INFO - Started process (PID=4197) to work on /opt/airflow/dags/dl_overview.py
[2026-02-19T14:10:53.585+0000] {processor.py:830} INFO - Processing file /opt/airflow/dags/dl_overview.py for tasks to queue
[2026-02-19T14:10:53.586+0000] {logging_mixin.py:188} INFO - [2026-02-19T14:10:53.586+0000] {dagbag.py:545} INFO - Filling up the DagBag from /opt/airflow/dags/dl_overview.py
[2026-02-19T14:10:53.615+0000] {processor.py:840} INFO - DAG(s) 'company_overview_to_minio' retrieved from /opt/airflow/dags/dl_overview.py
[2026-02-19T14:10:53.637+0000] {logging_mixin.py:188} INFO - [2026-02-19T14:10:53.636+0000] {dag.py:3089} INFO - Sync 1 DAGs
[2026-02-19T14:10:53.658+0000] {logging_mixin.py:188} INFO - [2026-02-19T14:10:53.658+0000] {dag.py:3947} INFO - Setting next_dagrun for company_overview_to_minio to 2026-02-15 00:00:00+00:00, run_after=2026-02-22 00:00:00+00:00
[2026-02-19T14:10:53.676+0000] {processor.py:183} INFO - Processing /opt/airflow/dags/dl_overview.py took 0.096 seconds
[2026-02-19T14:11:24.112+0000] {processor.py:161} INFO - Started process (PID=4219) to work on /opt/airflow/dags/dl_overview.py
[2026-02-19T14:11:24.113+0000] {processor.py:830} INFO - Processing file /opt/airflow/dags/dl_overview.py for tasks to queue
[2026-02-19T14:11:24.114+0000] {logging_mixin.py:188} INFO - [2026-02-19T14:11:24.114+0000] {dagbag.py:545} INFO - Filling up the DagBag from /opt/airflow/dags/dl_overview.py
[2026-02-19T14:11:24.146+0000] {processor.py:840} INFO - DAG(s) 'company_overview_to_minio' retrieved from /opt/airflow/dags/dl_overview.py
[2026-02-19T14:11:24.167+0000] {logging_mixin.py:188} INFO - [2026-02-19T14:11:24.167+0000] {dag.py:3089} INFO - Sync 1 DAGs
[2026-02-19T14:11:24.186+0000] {logging_mixin.py:188} INFO - [2026-02-19T14:11:24.186+0000] {dag.py:3947} INFO - Setting next_dagrun for company_overview_to_minio to 2026-02-15 00:00:00+00:00, run_after=2026-02-22 00:00:00+00:00
[2026-02-19T14:11:24.202+0000] {processor.py:183} INFO - Processing /opt/airflow/dags/dl_overview.py took 0.095 seconds
[2026-02-19T14:11:54.385+0000] {processor.py:161} INFO - Started process (PID=4241) to work on /opt/airflow/dags/dl_overview.py
[2026-02-19T14:11:54.386+0000] {processor.py:830} INFO - Processing file /opt/airflow/dags/dl_overview.py for tasks to queue
[2026-02-19T14:11:54.387+0000] {logging_mixin.py:188} INFO - [2026-02-19T14:11:54.387+0000] {dagbag.py:545} INFO - Filling up the DagBag from /opt/airflow/dags/dl_overview.py
[2026-02-19T14:11:54.427+0000] {processor.py:840} INFO - DAG(s) 'company_overview_to_minio' retrieved from /opt/airflow/dags/dl_overview.py
[2026-02-19T14:11:54.452+0000] {logging_mixin.py:188} INFO - [2026-02-19T14:11:54.452+0000] {dag.py:3089} INFO - Sync 1 DAGs
[2026-02-19T14:11:54.476+0000] {logging_mixin.py:188} INFO - [2026-02-19T14:11:54.476+0000] {dag.py:3947} INFO - Setting next_dagrun for company_overview_to_minio to 2026-02-15 00:00:00+00:00, run_after=2026-02-22 00:00:00+00:00
[2026-02-19T14:11:54.501+0000] {processor.py:183} INFO - Processing /opt/airflow/dags/dl_overview.py took 0.121 seconds
[2026-02-19T14:12:24.690+0000] {processor.py:161} INFO - Started process (PID=4263) to work on /opt/airflow/dags/dl_overview.py
[2026-02-19T14:12:24.693+0000] {processor.py:830} INFO - Processing file /opt/airflow/dags/dl_overview.py for tasks to queue
[2026-02-19T14:12:24.696+0000] {logging_mixin.py:188} INFO - [2026-02-19T14:12:24.695+0000] {dagbag.py:545} INFO - Filling up the DagBag from /opt/airflow/dags/dl_overview.py
[2026-02-19T14:12:24.739+0000] {processor.py:840} INFO - DAG(s) 'company_overview_to_minio' retrieved from /opt/airflow/dags/dl_overview.py
[2026-02-19T14:12:24.770+0000] {logging_mixin.py:188} INFO - [2026-02-19T14:12:24.770+0000] {dag.py:3089} INFO - Sync 1 DAGs
[2026-02-19T14:12:24.795+0000] {logging_mixin.py:188} INFO - [2026-02-19T14:12:24.795+0000] {dag.py:3947} INFO - Setting next_dagrun for company_overview_to_minio to 2026-02-15 00:00:00+00:00, run_after=2026-02-22 00:00:00+00:00
[2026-02-19T14:12:24.821+0000] {processor.py:183} INFO - Processing /opt/airflow/dags/dl_overview.py took 0.142 seconds
[2026-02-19T14:12:55.072+0000] {processor.py:161} INFO - Started process (PID=4285) to work on /opt/airflow/dags/dl_overview.py
[2026-02-19T14:12:55.073+0000] {processor.py:830} INFO - Processing file /opt/airflow/dags/dl_overview.py for tasks to queue
[2026-02-19T14:12:55.073+0000] {logging_mixin.py:188} INFO - [2026-02-19T14:12:55.073+0000] {dagbag.py:545} INFO - Filling up the DagBag from /opt/airflow/dags/dl_overview.py
[2026-02-19T14:12:55.106+0000] {processor.py:840} INFO - DAG(s) 'company_overview_to_minio' retrieved from /opt/airflow/dags/dl_overview.py
[2026-02-19T14:12:55.128+0000] {logging_mixin.py:188} INFO - [2026-02-19T14:12:55.127+0000] {dag.py:3089} INFO - Sync 1 DAGs
[2026-02-19T14:12:55.147+0000] {logging_mixin.py:188} INFO - [2026-02-19T14:12:55.147+0000] {dag.py:3947} INFO - Setting next_dagrun for company_overview_to_minio to 2026-02-15 00:00:00+00:00, run_after=2026-02-22 00:00:00+00:00
[2026-02-19T14:12:55.167+0000] {processor.py:183} INFO - Processing /opt/airflow/dags/dl_overview.py took 0.100 seconds
[2026-02-19T14:13:25.238+0000] {processor.py:161} INFO - Started process (PID=4307) to work on /opt/airflow/dags/dl_overview.py
[2026-02-19T14:13:25.239+0000] {processor.py:830} INFO - Processing file /opt/airflow/dags/dl_overview.py for tasks to queue
[2026-02-19T14:13:25.240+0000] {logging_mixin.py:188} INFO - [2026-02-19T14:13:25.240+0000] {dagbag.py:545} INFO - Filling up the DagBag from /opt/airflow/dags/dl_overview.py
[2026-02-19T14:13:25.274+0000] {processor.py:840} INFO - DAG(s) 'company_overview_to_minio' retrieved from /opt/airflow/dags/dl_overview.py
[2026-02-19T14:13:25.296+0000] {logging_mixin.py:188} INFO - [2026-02-19T14:13:25.296+0000] {dag.py:3089} INFO - Sync 1 DAGs
[2026-02-19T14:13:25.318+0000] {logging_mixin.py:188} INFO - [2026-02-19T14:13:25.318+0000] {dag.py:3947} INFO - Setting next_dagrun for company_overview_to_minio to 2026-02-15 00:00:00+00:00, run_after=2026-02-22 00:00:00+00:00
[2026-02-19T14:13:25.338+0000] {processor.py:183} INFO - Processing /opt/airflow/dags/dl_overview.py took 0.106 seconds
[2026-02-19T14:13:55.636+0000] {processor.py:161} INFO - Started process (PID=4329) to work on /opt/airflow/dags/dl_overview.py
[2026-02-19T14:13:55.637+0000] {processor.py:830} INFO - Processing file /opt/airflow/dags/dl_overview.py for tasks to queue
[2026-02-19T14:13:55.638+0000] {logging_mixin.py:188} INFO - [2026-02-19T14:13:55.637+0000] {dagbag.py:545} INFO - Filling up the DagBag from /opt/airflow/dags/dl_overview.py
[2026-02-19T14:13:55.668+0000] {processor.py:840} INFO - DAG(s) 'company_overview_to_minio' retrieved from /opt/airflow/dags/dl_overview.py
[2026-02-19T14:13:55.689+0000] {logging_mixin.py:188} INFO - [2026-02-19T14:13:55.688+0000] {dag.py:3089} INFO - Sync 1 DAGs
[2026-02-19T14:13:55.710+0000] {logging_mixin.py:188} INFO - [2026-02-19T14:13:55.709+0000] {dag.py:3947} INFO - Setting next_dagrun for company_overview_to_minio to 2026-02-15 00:00:00+00:00, run_after=2026-02-22 00:00:00+00:00
[2026-02-19T14:13:55.727+0000] {processor.py:183} INFO - Processing /opt/airflow/dags/dl_overview.py took 0.095 seconds
[2026-02-19T14:14:26.139+0000] {processor.py:161} INFO - Started process (PID=4351) to work on /opt/airflow/dags/dl_overview.py
[2026-02-19T14:14:26.140+0000] {processor.py:830} INFO - Processing file /opt/airflow/dags/dl_overview.py for tasks to queue
[2026-02-19T14:14:26.141+0000] {logging_mixin.py:188} INFO - [2026-02-19T14:14:26.140+0000] {dagbag.py:545} INFO - Filling up the DagBag from /opt/airflow/dags/dl_overview.py
[2026-02-19T14:14:26.172+0000] {processor.py:840} INFO - DAG(s) 'company_overview_to_minio' retrieved from /opt/airflow/dags/dl_overview.py
[2026-02-19T14:14:26.195+0000] {logging_mixin.py:188} INFO - [2026-02-19T14:14:26.195+0000] {dag.py:3089} INFO - Sync 1 DAGs
[2026-02-19T14:14:26.217+0000] {logging_mixin.py:188} INFO - [2026-02-19T14:14:26.217+0000] {dag.py:3947} INFO - Setting next_dagrun for company_overview_to_minio to 2026-02-15 00:00:00+00:00, run_after=2026-02-22 00:00:00+00:00
[2026-02-19T14:14:26.236+0000] {processor.py:183} INFO - Processing /opt/airflow/dags/dl_overview.py took 0.104 seconds
[2026-02-19T14:14:56.548+0000] {processor.py:161} INFO - Started process (PID=4373) to work on /opt/airflow/dags/dl_overview.py
[2026-02-19T14:14:56.549+0000] {processor.py:830} INFO - Processing file /opt/airflow/dags/dl_overview.py for tasks to queue
[2026-02-19T14:14:56.551+0000] {logging_mixin.py:188} INFO - [2026-02-19T14:14:56.550+0000] {dagbag.py:545} INFO - Filling up the DagBag from /opt/airflow/dags/dl_overview.py
[2026-02-19T14:14:56.587+0000] {processor.py:840} INFO - DAG(s) 'company_overview_to_minio' retrieved from /opt/airflow/dags/dl_overview.py
[2026-02-19T14:14:56.615+0000] {logging_mixin.py:188} INFO - [2026-02-19T14:14:56.614+0000] {dag.py:3089} INFO - Sync 1 DAGs
[2026-02-19T14:14:56.645+0000] {logging_mixin.py:188} INFO - [2026-02-19T14:14:56.645+0000] {dag.py:3947} INFO - Setting next_dagrun for company_overview_to_minio to 2026-02-15 00:00:00+00:00, run_after=2026-02-22 00:00:00+00:00
[2026-02-19T14:14:56.672+0000] {processor.py:183} INFO - Processing /opt/airflow/dags/dl_overview.py took 0.128 seconds
[2026-02-19T14:15:26.913+0000] {processor.py:161} INFO - Started process (PID=4395) to work on /opt/airflow/dags/dl_overview.py
[2026-02-19T14:15:26.914+0000] {processor.py:830} INFO - Processing file /opt/airflow/dags/dl_overview.py for tasks to queue
[2026-02-19T14:15:26.915+0000] {logging_mixin.py:188} INFO - [2026-02-19T14:15:26.915+0000] {dagbag.py:545} INFO - Filling up the DagBag from /opt/airflow/dags/dl_overview.py
[2026-02-19T14:15:26.948+0000] {processor.py:840} INFO - DAG(s) 'company_overview_to_minio' retrieved from /opt/airflow/dags/dl_overview.py
[2026-02-19T14:15:26.972+0000] {logging_mixin.py:188} INFO - [2026-02-19T14:15:26.972+0000] {dag.py:3089} INFO - Sync 1 DAGs
[2026-02-19T14:15:26.998+0000] {logging_mixin.py:188} INFO - [2026-02-19T14:15:26.998+0000] {dag.py:3947} INFO - Setting next_dagrun for company_overview_to_minio to 2026-02-15 00:00:00+00:00, run_after=2026-02-22 00:00:00+00:00
[2026-02-19T14:15:27.022+0000] {processor.py:183} INFO - Processing /opt/airflow/dags/dl_overview.py took 0.115 seconds
[2026-02-19T14:15:57.299+0000] {processor.py:161} INFO - Started process (PID=4417) to work on /opt/airflow/dags/dl_overview.py
[2026-02-19T14:15:57.300+0000] {processor.py:830} INFO - Processing file /opt/airflow/dags/dl_overview.py for tasks to queue
[2026-02-19T14:15:57.301+0000] {logging_mixin.py:188} INFO - [2026-02-19T14:15:57.300+0000] {dagbag.py:545} INFO - Filling up the DagBag from /opt/airflow/dags/dl_overview.py
[2026-02-19T14:15:57.331+0000] {processor.py:840} INFO - DAG(s) 'company_overview_to_minio' retrieved from /opt/airflow/dags/dl_overview.py
[2026-02-19T14:15:57.354+0000] {logging_mixin.py:188} INFO - [2026-02-19T14:15:57.354+0000] {dag.py:3089} INFO - Sync 1 DAGs
[2026-02-19T14:15:57.379+0000] {logging_mixin.py:188} INFO - [2026-02-19T14:15:57.379+0000] {dag.py:3947} INFO - Setting next_dagrun for company_overview_to_minio to 2026-02-15 00:00:00+00:00, run_after=2026-02-22 00:00:00+00:00
[2026-02-19T14:15:57.402+0000] {processor.py:183} INFO - Processing /opt/airflow/dags/dl_overview.py took 0.109 seconds
[2026-02-19T14:16:27.946+0000] {processor.py:161} INFO - Started process (PID=4439) to work on /opt/airflow/dags/dl_overview.py
[2026-02-19T14:16:27.946+0000] {processor.py:830} INFO - Processing file /opt/airflow/dags/dl_overview.py for tasks to queue
[2026-02-19T14:16:27.947+0000] {logging_mixin.py:188} INFO - [2026-02-19T14:16:27.947+0000] {dagbag.py:545} INFO - Filling up the DagBag from /opt/airflow/dags/dl_overview.py
[2026-02-19T14:16:27.980+0000] {processor.py:840} INFO - DAG(s) 'company_overview_to_minio' retrieved from /opt/airflow/dags/dl_overview.py
[2026-02-19T14:16:28.004+0000] {logging_mixin.py:188} INFO - [2026-02-19T14:16:28.004+0000] {dag.py:3089} INFO - Sync 1 DAGs
[2026-02-19T14:16:28.024+0000] {logging_mixin.py:188} INFO - [2026-02-19T14:16:28.024+0000] {dag.py:3947} INFO - Setting next_dagrun for company_overview_to_minio to 2026-02-15 00:00:00+00:00, run_after=2026-02-22 00:00:00+00:00
[2026-02-19T14:16:28.045+0000] {processor.py:183} INFO - Processing /opt/airflow/dags/dl_overview.py took 0.104 seconds
[2026-02-19T14:16:58.208+0000] {processor.py:161} INFO - Started process (PID=4461) to work on /opt/airflow/dags/dl_overview.py
[2026-02-19T14:16:58.209+0000] {processor.py:830} INFO - Processing file /opt/airflow/dags/dl_overview.py for tasks to queue
[2026-02-19T14:16:58.210+0000] {logging_mixin.py:188} INFO - [2026-02-19T14:16:58.210+0000] {dagbag.py:545} INFO - Filling up the DagBag from /opt/airflow/dags/dl_overview.py
[2026-02-19T14:16:58.238+0000] {processor.py:840} INFO - DAG(s) 'company_overview_to_minio' retrieved from /opt/airflow/dags/dl_overview.py
[2026-02-19T14:16:58.259+0000] {logging_mixin.py:188} INFO - [2026-02-19T14:16:58.259+0000] {dag.py:3089} INFO - Sync 1 DAGs
[2026-02-19T14:16:58.278+0000] {logging_mixin.py:188} INFO - [2026-02-19T14:16:58.278+0000] {dag.py:3947} INFO - Setting next_dagrun for company_overview_to_minio to 2026-02-15 00:00:00+00:00, run_after=2026-02-22 00:00:00+00:00
[2026-02-19T14:16:58.296+0000] {processor.py:183} INFO - Processing /opt/airflow/dags/dl_overview.py took 0.092 seconds
[2026-02-19T14:17:28.450+0000] {processor.py:161} INFO - Started process (PID=4483) to work on /opt/airflow/dags/dl_overview.py
[2026-02-19T14:17:28.457+0000] {processor.py:830} INFO - Processing file /opt/airflow/dags/dl_overview.py for tasks to queue
[2026-02-19T14:17:28.461+0000] {logging_mixin.py:188} INFO - [2026-02-19T14:17:28.461+0000] {dagbag.py:545} INFO - Filling up the DagBag from /opt/airflow/dags/dl_overview.py
[2026-02-19T14:17:28.674+0000] {processor.py:840} INFO - DAG(s) 'company_overview_to_minio' retrieved from /opt/airflow/dags/dl_overview.py
[2026-02-19T14:17:28.733+0000] {logging_mixin.py:188} INFO - [2026-02-19T14:17:28.733+0000] {dag.py:3089} INFO - Sync 1 DAGs
[2026-02-19T14:17:28.791+0000] {logging_mixin.py:188} INFO - [2026-02-19T14:17:28.791+0000] {dag.py:3947} INFO - Setting next_dagrun for company_overview_to_minio to 2026-02-15 00:00:00+00:00, run_after=2026-02-22 00:00:00+00:00
[2026-02-19T14:17:28.826+0000] {processor.py:183} INFO - Processing /opt/airflow/dags/dl_overview.py took 0.392 seconds
[2026-02-19T14:17:59.002+0000] {processor.py:161} INFO - Started process (PID=4505) to work on /opt/airflow/dags/dl_overview.py
[2026-02-19T14:17:59.003+0000] {processor.py:830} INFO - Processing file /opt/airflow/dags/dl_overview.py for tasks to queue
[2026-02-19T14:17:59.005+0000] {logging_mixin.py:188} INFO - [2026-02-19T14:17:59.004+0000] {dagbag.py:545} INFO - Filling up the DagBag from /opt/airflow/dags/dl_overview.py
[2026-02-19T14:17:59.036+0000] {processor.py:840} INFO - DAG(s) 'company_overview_to_minio' retrieved from /opt/airflow/dags/dl_overview.py
[2026-02-19T14:17:59.057+0000] {logging_mixin.py:188} INFO - [2026-02-19T14:17:59.056+0000] {dag.py:3089} INFO - Sync 1 DAGs
[2026-02-19T14:17:59.078+0000] {logging_mixin.py:188} INFO - [2026-02-19T14:17:59.078+0000] {dag.py:3947} INFO - Setting next_dagrun for company_overview_to_minio to 2026-02-15 00:00:00+00:00, run_after=2026-02-22 00:00:00+00:00
[2026-02-19T14:17:59.099+0000] {processor.py:183} INFO - Processing /opt/airflow/dags/dl_overview.py took 0.105 seconds
[2026-02-19T14:18:29.323+0000] {processor.py:161} INFO - Started process (PID=4527) to work on /opt/airflow/dags/dl_overview.py
[2026-02-19T14:18:29.324+0000] {processor.py:830} INFO - Processing file /opt/airflow/dags/dl_overview.py for tasks to queue
[2026-02-19T14:18:29.325+0000] {logging_mixin.py:188} INFO - [2026-02-19T14:18:29.325+0000] {dagbag.py:545} INFO - Filling up the DagBag from /opt/airflow/dags/dl_overview.py
[2026-02-19T14:18:29.359+0000] {processor.py:840} INFO - DAG(s) 'company_overview_to_minio' retrieved from /opt/airflow/dags/dl_overview.py
[2026-02-19T14:18:29.382+0000] {logging_mixin.py:188} INFO - [2026-02-19T14:18:29.382+0000] {dag.py:3089} INFO - Sync 1 DAGs
[2026-02-19T14:18:29.404+0000] {logging_mixin.py:188} INFO - [2026-02-19T14:18:29.403+0000] {dag.py:3947} INFO - Setting next_dagrun for company_overview_to_minio to 2026-02-15 00:00:00+00:00, run_after=2026-02-22 00:00:00+00:00
[2026-02-19T14:18:29.427+0000] {processor.py:183} INFO - Processing /opt/airflow/dags/dl_overview.py took 0.109 seconds
[2026-02-19T14:18:59.641+0000] {processor.py:161} INFO - Started process (PID=4549) to work on /opt/airflow/dags/dl_overview.py
[2026-02-19T14:18:59.642+0000] {processor.py:830} INFO - Processing file /opt/airflow/dags/dl_overview.py for tasks to queue
[2026-02-19T14:18:59.643+0000] {logging_mixin.py:188} INFO - [2026-02-19T14:18:59.642+0000] {dagbag.py:545} INFO - Filling up the DagBag from /opt/airflow/dags/dl_overview.py
[2026-02-19T14:18:59.677+0000] {processor.py:840} INFO - DAG(s) 'company_overview_to_minio' retrieved from /opt/airflow/dags/dl_overview.py
[2026-02-19T14:18:59.706+0000] {logging_mixin.py:188} INFO - [2026-02-19T14:18:59.705+0000] {dag.py:3089} INFO - Sync 1 DAGs
[2026-02-19T14:18:59.733+0000] {logging_mixin.py:188} INFO - [2026-02-19T14:18:59.733+0000] {dag.py:3947} INFO - Setting next_dagrun for company_overview_to_minio to 2026-02-15 00:00:00+00:00, run_after=2026-02-22 00:00:00+00:00
[2026-02-19T14:18:59.756+0000] {processor.py:183} INFO - Processing /opt/airflow/dags/dl_overview.py took 0.123 seconds
[2026-02-19T14:19:29.882+0000] {processor.py:161} INFO - Started process (PID=4571) to work on /opt/airflow/dags/dl_overview.py
[2026-02-19T14:19:29.883+0000] {processor.py:830} INFO - Processing file /opt/airflow/dags/dl_overview.py for tasks to queue
[2026-02-19T14:19:29.884+0000] {logging_mixin.py:188} INFO - [2026-02-19T14:19:29.884+0000] {dagbag.py:545} INFO - Filling up the DagBag from /opt/airflow/dags/dl_overview.py
[2026-02-19T14:19:29.917+0000] {processor.py:840} INFO - DAG(s) 'company_overview_to_minio' retrieved from /opt/airflow/dags/dl_overview.py
[2026-02-19T14:19:29.942+0000] {logging_mixin.py:188} INFO - [2026-02-19T14:19:29.942+0000] {dag.py:3089} INFO - Sync 1 DAGs
[2026-02-19T14:19:29.965+0000] {logging_mixin.py:188} INFO - [2026-02-19T14:19:29.965+0000] {dag.py:3947} INFO - Setting next_dagrun for company_overview_to_minio to 2026-02-15 00:00:00+00:00, run_after=2026-02-22 00:00:00+00:00
[2026-02-19T14:19:29.989+0000] {processor.py:183} INFO - Processing /opt/airflow/dags/dl_overview.py took 0.115 seconds
[2026-02-19T14:20:00.162+0000] {processor.py:161} INFO - Started process (PID=4593) to work on /opt/airflow/dags/dl_overview.py
[2026-02-19T14:20:00.163+0000] {processor.py:830} INFO - Processing file /opt/airflow/dags/dl_overview.py for tasks to queue
[2026-02-19T14:20:00.164+0000] {logging_mixin.py:188} INFO - [2026-02-19T14:20:00.164+0000] {dagbag.py:545} INFO - Filling up the DagBag from /opt/airflow/dags/dl_overview.py
[2026-02-19T14:20:00.200+0000] {processor.py:840} INFO - DAG(s) 'company_overview_to_minio' retrieved from /opt/airflow/dags/dl_overview.py
[2026-02-19T14:20:00.227+0000] {logging_mixin.py:188} INFO - [2026-02-19T14:20:00.227+0000] {dag.py:3089} INFO - Sync 1 DAGs
[2026-02-19T14:20:00.255+0000] {logging_mixin.py:188} INFO - [2026-02-19T14:20:00.254+0000] {dag.py:3947} INFO - Setting next_dagrun for company_overview_to_minio to 2026-02-15 00:00:00+00:00, run_after=2026-02-22 00:00:00+00:00
[2026-02-19T14:20:00.285+0000] {processor.py:183} INFO - Processing /opt/airflow/dags/dl_overview.py took 0.129 seconds
[2026-02-19T14:20:30.615+0000] {processor.py:161} INFO - Started process (PID=4616) to work on /opt/airflow/dags/dl_overview.py
[2026-02-19T14:20:30.616+0000] {processor.py:830} INFO - Processing file /opt/airflow/dags/dl_overview.py for tasks to queue
[2026-02-19T14:20:30.618+0000] {logging_mixin.py:188} INFO - [2026-02-19T14:20:30.618+0000] {dagbag.py:545} INFO - Filling up the DagBag from /opt/airflow/dags/dl_overview.py
[2026-02-19T14:20:30.659+0000] {processor.py:840} INFO - DAG(s) 'company_overview_to_minio' retrieved from /opt/airflow/dags/dl_overview.py
[2026-02-19T14:20:30.684+0000] {logging_mixin.py:188} INFO - [2026-02-19T14:20:30.684+0000] {dag.py:3089} INFO - Sync 1 DAGs
[2026-02-19T14:20:30.711+0000] {logging_mixin.py:188} INFO - [2026-02-19T14:20:30.711+0000] {dag.py:3947} INFO - Setting next_dagrun for company_overview_to_minio to 2026-02-15 00:00:00+00:00, run_after=2026-02-22 00:00:00+00:00
[2026-02-19T14:20:30.736+0000] {processor.py:183} INFO - Processing /opt/airflow/dags/dl_overview.py took 0.128 seconds
[2026-02-19T14:21:00.787+0000] {processor.py:161} INFO - Started process (PID=4638) to work on /opt/airflow/dags/dl_overview.py
[2026-02-19T14:21:00.789+0000] {processor.py:830} INFO - Processing file /opt/airflow/dags/dl_overview.py for tasks to queue
[2026-02-19T14:21:00.790+0000] {logging_mixin.py:188} INFO - [2026-02-19T14:21:00.789+0000] {dagbag.py:545} INFO - Filling up the DagBag from /opt/airflow/dags/dl_overview.py
[2026-02-19T14:21:00.837+0000] {processor.py:840} INFO - DAG(s) 'company_overview_to_minio' retrieved from /opt/airflow/dags/dl_overview.py
[2026-02-19T14:21:00.873+0000] {logging_mixin.py:188} INFO - [2026-02-19T14:21:00.872+0000] {dag.py:3089} INFO - Sync 1 DAGs
[2026-02-19T14:21:00.898+0000] {logging_mixin.py:188} INFO - [2026-02-19T14:21:00.898+0000] {dag.py:3947} INFO - Setting next_dagrun for company_overview_to_minio to 2026-02-15 00:00:00+00:00, run_after=2026-02-22 00:00:00+00:00
[2026-02-19T14:21:00.930+0000] {processor.py:183} INFO - Processing /opt/airflow/dags/dl_overview.py took 0.150 seconds
[2026-02-19T14:21:31.255+0000] {processor.py:161} INFO - Started process (PID=4660) to work on /opt/airflow/dags/dl_overview.py
[2026-02-19T14:21:31.255+0000] {processor.py:830} INFO - Processing file /opt/airflow/dags/dl_overview.py for tasks to queue
[2026-02-19T14:21:31.256+0000] {logging_mixin.py:188} INFO - [2026-02-19T14:21:31.256+0000] {dagbag.py:545} INFO - Filling up the DagBag from /opt/airflow/dags/dl_overview.py
[2026-02-19T14:21:31.287+0000] {processor.py:840} INFO - DAG(s) 'company_overview_to_minio' retrieved from /opt/airflow/dags/dl_overview.py
[2026-02-19T14:21:31.307+0000] {logging_mixin.py:188} INFO - [2026-02-19T14:21:31.307+0000] {dag.py:3089} INFO - Sync 1 DAGs
[2026-02-19T14:21:31.330+0000] {logging_mixin.py:188} INFO - [2026-02-19T14:21:31.330+0000] {dag.py:3947} INFO - Setting next_dagrun for company_overview_to_minio to 2026-02-15 00:00:00+00:00, run_after=2026-02-22 00:00:00+00:00
[2026-02-19T14:21:31.354+0000] {processor.py:183} INFO - Processing /opt/airflow/dags/dl_overview.py took 0.105 seconds
[2026-02-19T14:22:01.576+0000] {processor.py:161} INFO - Started process (PID=4682) to work on /opt/airflow/dags/dl_overview.py
[2026-02-19T14:22:01.576+0000] {processor.py:830} INFO - Processing file /opt/airflow/dags/dl_overview.py for tasks to queue
[2026-02-19T14:22:01.577+0000] {logging_mixin.py:188} INFO - [2026-02-19T14:22:01.577+0000] {dagbag.py:545} INFO - Filling up the DagBag from /opt/airflow/dags/dl_overview.py
[2026-02-19T14:22:01.612+0000] {processor.py:840} INFO - DAG(s) 'company_overview_to_minio' retrieved from /opt/airflow/dags/dl_overview.py
[2026-02-19T14:22:01.635+0000] {logging_mixin.py:188} INFO - [2026-02-19T14:22:01.634+0000] {dag.py:3089} INFO - Sync 1 DAGs
[2026-02-19T14:22:01.656+0000] {logging_mixin.py:188} INFO - [2026-02-19T14:22:01.656+0000] {dag.py:3947} INFO - Setting next_dagrun for company_overview_to_minio to 2026-02-15 00:00:00+00:00, run_after=2026-02-22 00:00:00+00:00
[2026-02-19T14:22:01.686+0000] {processor.py:183} INFO - Processing /opt/airflow/dags/dl_overview.py took 0.115 seconds
[2026-02-19T14:22:31.791+0000] {processor.py:161} INFO - Started process (PID=4704) to work on /opt/airflow/dags/dl_overview.py
[2026-02-19T14:22:31.791+0000] {processor.py:830} INFO - Processing file /opt/airflow/dags/dl_overview.py for tasks to queue
[2026-02-19T14:22:31.792+0000] {logging_mixin.py:188} INFO - [2026-02-19T14:22:31.792+0000] {dagbag.py:545} INFO - Filling up the DagBag from /opt/airflow/dags/dl_overview.py
[2026-02-19T14:22:31.823+0000] {processor.py:840} INFO - DAG(s) 'company_overview_to_minio' retrieved from /opt/airflow/dags/dl_overview.py
[2026-02-19T14:22:31.848+0000] {logging_mixin.py:188} INFO - [2026-02-19T14:22:31.847+0000] {dag.py:3089} INFO - Sync 1 DAGs
[2026-02-19T14:22:31.870+0000] {logging_mixin.py:188} INFO - [2026-02-19T14:22:31.869+0000] {dag.py:3947} INFO - Setting next_dagrun for company_overview_to_minio to 2026-02-15 00:00:00+00:00, run_after=2026-02-22 00:00:00+00:00
[2026-02-19T14:22:31.888+0000] {processor.py:183} INFO - Processing /opt/airflow/dags/dl_overview.py took 0.102 seconds
[2026-02-19T14:23:02.015+0000] {processor.py:161} INFO - Started process (PID=4726) to work on /opt/airflow/dags/dl_overview.py
[2026-02-19T14:23:02.016+0000] {processor.py:830} INFO - Processing file /opt/airflow/dags/dl_overview.py for tasks to queue
[2026-02-19T14:23:02.017+0000] {logging_mixin.py:188} INFO - [2026-02-19T14:23:02.017+0000] {dagbag.py:545} INFO - Filling up the DagBag from /opt/airflow/dags/dl_overview.py
[2026-02-19T14:23:02.057+0000] {processor.py:840} INFO - DAG(s) 'company_overview_to_minio' retrieved from /opt/airflow/dags/dl_overview.py
[2026-02-19T14:23:02.084+0000] {logging_mixin.py:188} INFO - [2026-02-19T14:23:02.084+0000] {dag.py:3089} INFO - Sync 1 DAGs
[2026-02-19T14:23:02.107+0000] {logging_mixin.py:188} INFO - [2026-02-19T14:23:02.107+0000] {dag.py:3947} INFO - Setting next_dagrun for company_overview_to_minio to 2026-02-15 00:00:00+00:00, run_after=2026-02-22 00:00:00+00:00
[2026-02-19T14:23:02.128+0000] {processor.py:183} INFO - Processing /opt/airflow/dags/dl_overview.py took 0.119 seconds
[2026-02-19T14:23:32.334+0000] {processor.py:161} INFO - Started process (PID=4748) to work on /opt/airflow/dags/dl_overview.py
[2026-02-19T14:23:32.335+0000] {processor.py:830} INFO - Processing file /opt/airflow/dags/dl_overview.py for tasks to queue
[2026-02-19T14:23:32.336+0000] {logging_mixin.py:188} INFO - [2026-02-19T14:23:32.335+0000] {dagbag.py:545} INFO - Filling up the DagBag from /opt/airflow/dags/dl_overview.py
[2026-02-19T14:23:32.367+0000] {processor.py:840} INFO - DAG(s) 'company_overview_to_minio' retrieved from /opt/airflow/dags/dl_overview.py
[2026-02-19T14:23:32.394+0000] {logging_mixin.py:188} INFO - [2026-02-19T14:23:32.394+0000] {dag.py:3089} INFO - Sync 1 DAGs
[2026-02-19T14:23:32.415+0000] {logging_mixin.py:188} INFO - [2026-02-19T14:23:32.415+0000] {dag.py:3947} INFO - Setting next_dagrun for company_overview_to_minio to 2026-02-15 00:00:00+00:00, run_after=2026-02-22 00:00:00+00:00
[2026-02-19T14:23:32.432+0000] {processor.py:183} INFO - Processing /opt/airflow/dags/dl_overview.py took 0.103 seconds
[2026-02-19T14:24:02.693+0000] {processor.py:161} INFO - Started process (PID=4770) to work on /opt/airflow/dags/dl_overview.py
[2026-02-19T14:24:02.694+0000] {processor.py:830} INFO - Processing file /opt/airflow/dags/dl_overview.py for tasks to queue
[2026-02-19T14:24:02.696+0000] {logging_mixin.py:188} INFO - [2026-02-19T14:24:02.695+0000] {dagbag.py:545} INFO - Filling up the DagBag from /opt/airflow/dags/dl_overview.py
[2026-02-19T14:24:02.789+0000] {processor.py:840} INFO - DAG(s) 'company_overview_to_minio' retrieved from /opt/airflow/dags/dl_overview.py
[2026-02-19T14:24:02.832+0000] {logging_mixin.py:188} INFO - [2026-02-19T14:24:02.831+0000] {dag.py:3089} INFO - Sync 1 DAGs
[2026-02-19T14:24:02.857+0000] {logging_mixin.py:188} INFO - [2026-02-19T14:24:02.857+0000] {dag.py:3947} INFO - Setting next_dagrun for company_overview_to_minio to 2026-02-15 00:00:00+00:00, run_after=2026-02-22 00:00:00+00:00
[2026-02-19T14:24:02.881+0000] {processor.py:183} INFO - Processing /opt/airflow/dags/dl_overview.py took 0.195 seconds
[2026-02-19T14:24:33.080+0000] {processor.py:161} INFO - Started process (PID=4792) to work on /opt/airflow/dags/dl_overview.py
[2026-02-19T14:24:33.082+0000] {processor.py:830} INFO - Processing file /opt/airflow/dags/dl_overview.py for tasks to queue
[2026-02-19T14:24:33.083+0000] {logging_mixin.py:188} INFO - [2026-02-19T14:24:33.083+0000] {dagbag.py:545} INFO - Filling up the DagBag from /opt/airflow/dags/dl_overview.py
[2026-02-19T14:24:33.133+0000] {processor.py:840} INFO - DAG(s) 'company_overview_to_minio' retrieved from /opt/airflow/dags/dl_overview.py
[2026-02-19T14:24:33.187+0000] {logging_mixin.py:188} INFO - [2026-02-19T14:24:33.186+0000] {dag.py:3089} INFO - Sync 1 DAGs
[2026-02-19T14:24:33.233+0000] {logging_mixin.py:188} INFO - [2026-02-19T14:24:33.233+0000] {dag.py:3947} INFO - Setting next_dagrun for company_overview_to_minio to 2026-02-15 00:00:00+00:00, run_after=2026-02-22 00:00:00+00:00
[2026-02-19T14:24:33.267+0000] {processor.py:183} INFO - Processing /opt/airflow/dags/dl_overview.py took 0.193 seconds
[2026-02-19T14:25:03.470+0000] {processor.py:161} INFO - Started process (PID=4814) to work on /opt/airflow/dags/dl_overview.py
[2026-02-19T14:25:03.471+0000] {processor.py:830} INFO - Processing file /opt/airflow/dags/dl_overview.py for tasks to queue
[2026-02-19T14:25:03.472+0000] {logging_mixin.py:188} INFO - [2026-02-19T14:25:03.471+0000] {dagbag.py:545} INFO - Filling up the DagBag from /opt/airflow/dags/dl_overview.py
[2026-02-19T14:25:03.502+0000] {processor.py:840} INFO - DAG(s) 'company_overview_to_minio' retrieved from /opt/airflow/dags/dl_overview.py
[2026-02-19T14:25:03.525+0000] {logging_mixin.py:188} INFO - [2026-02-19T14:25:03.525+0000] {dag.py:3089} INFO - Sync 1 DAGs
[2026-02-19T14:25:03.546+0000] {logging_mixin.py:188} INFO - [2026-02-19T14:25:03.546+0000] {dag.py:3947} INFO - Setting next_dagrun for company_overview_to_minio to 2026-02-15 00:00:00+00:00, run_after=2026-02-22 00:00:00+00:00
[2026-02-19T14:25:03.566+0000] {processor.py:183} INFO - Processing /opt/airflow/dags/dl_overview.py took 0.101 seconds
[2026-02-19T14:25:33.779+0000] {processor.py:161} INFO - Started process (PID=4836) to work on /opt/airflow/dags/dl_overview.py
[2026-02-19T14:25:33.780+0000] {processor.py:830} INFO - Processing file /opt/airflow/dags/dl_overview.py for tasks to queue
[2026-02-19T14:25:33.781+0000] {logging_mixin.py:188} INFO - [2026-02-19T14:25:33.780+0000] {dagbag.py:545} INFO - Filling up the DagBag from /opt/airflow/dags/dl_overview.py
[2026-02-19T14:25:33.814+0000] {processor.py:840} INFO - DAG(s) 'company_overview_to_minio' retrieved from /opt/airflow/dags/dl_overview.py
[2026-02-19T14:25:33.838+0000] {logging_mixin.py:188} INFO - [2026-02-19T14:25:33.838+0000] {dag.py:3089} INFO - Sync 1 DAGs
[2026-02-19T14:25:33.871+0000] {logging_mixin.py:188} INFO - [2026-02-19T14:25:33.871+0000] {dag.py:3947} INFO - Setting next_dagrun for company_overview_to_minio to 2026-02-15 00:00:00+00:00, run_after=2026-02-22 00:00:00+00:00
[2026-02-19T14:25:33.899+0000] {processor.py:183} INFO - Processing /opt/airflow/dags/dl_overview.py took 0.127 seconds
[2026-02-19T14:26:03.986+0000] {processor.py:161} INFO - Started process (PID=4858) to work on /opt/airflow/dags/dl_overview.py
[2026-02-19T14:26:03.987+0000] {processor.py:830} INFO - Processing file /opt/airflow/dags/dl_overview.py for tasks to queue
[2026-02-19T14:26:03.988+0000] {logging_mixin.py:188} INFO - [2026-02-19T14:26:03.988+0000] {dagbag.py:545} INFO - Filling up the DagBag from /opt/airflow/dags/dl_overview.py
[2026-02-19T14:26:04.024+0000] {processor.py:840} INFO - DAG(s) 'company_overview_to_minio' retrieved from /opt/airflow/dags/dl_overview.py
[2026-02-19T14:26:04.073+0000] {logging_mixin.py:188} INFO - [2026-02-19T14:26:04.073+0000] {dag.py:3089} INFO - Sync 1 DAGs
[2026-02-19T14:26:04.119+0000] {logging_mixin.py:188} INFO - [2026-02-19T14:26:04.119+0000] {dag.py:3947} INFO - Setting next_dagrun for company_overview_to_minio to 2026-02-15 00:00:00+00:00, run_after=2026-02-22 00:00:00+00:00
[2026-02-19T14:26:04.143+0000] {processor.py:183} INFO - Processing /opt/airflow/dags/dl_overview.py took 0.164 seconds
[2026-02-19T14:26:34.319+0000] {processor.py:161} INFO - Started process (PID=4881) to work on /opt/airflow/dags/dl_overview.py
[2026-02-19T14:26:34.320+0000] {processor.py:830} INFO - Processing file /opt/airflow/dags/dl_overview.py for tasks to queue
[2026-02-19T14:26:34.321+0000] {logging_mixin.py:188} INFO - [2026-02-19T14:26:34.320+0000] {dagbag.py:545} INFO - Filling up the DagBag from /opt/airflow/dags/dl_overview.py
[2026-02-19T14:26:34.359+0000] {processor.py:840} INFO - DAG(s) 'company_overview_to_minio' retrieved from /opt/airflow/dags/dl_overview.py
[2026-02-19T14:26:34.384+0000] {logging_mixin.py:188} INFO - [2026-02-19T14:26:34.384+0000] {dag.py:3089} INFO - Sync 1 DAGs
[2026-02-19T14:26:34.408+0000] {logging_mixin.py:188} INFO - [2026-02-19T14:26:34.407+0000] {dag.py:3947} INFO - Setting next_dagrun for company_overview_to_minio to 2026-02-15 00:00:00+00:00, run_after=2026-02-22 00:00:00+00:00
[2026-02-19T14:26:34.718+0000] {processor.py:183} INFO - Processing /opt/airflow/dags/dl_overview.py took 0.405 seconds
[2026-02-19T14:27:05.717+0000] {processor.py:161} INFO - Started process (PID=4904) to work on /opt/airflow/dags/dl_overview.py
[2026-02-19T14:27:05.717+0000] {processor.py:830} INFO - Processing file /opt/airflow/dags/dl_overview.py for tasks to queue
[2026-02-19T14:27:05.718+0000] {logging_mixin.py:188} INFO - [2026-02-19T14:27:05.718+0000] {dagbag.py:545} INFO - Filling up the DagBag from /opt/airflow/dags/dl_overview.py
[2026-02-19T14:27:05.748+0000] {processor.py:840} INFO - DAG(s) 'company_overview_to_minio' retrieved from /opt/airflow/dags/dl_overview.py
[2026-02-19T14:27:05.771+0000] {logging_mixin.py:188} INFO - [2026-02-19T14:27:05.771+0000] {dag.py:3089} INFO - Sync 1 DAGs
[2026-02-19T14:27:05.792+0000] {logging_mixin.py:188} INFO - [2026-02-19T14:27:05.792+0000] {dag.py:3947} INFO - Setting next_dagrun for company_overview_to_minio to 2026-02-15 00:00:00+00:00, run_after=2026-02-22 00:00:00+00:00
[2026-02-19T14:27:05.810+0000] {processor.py:183} INFO - Processing /opt/airflow/dags/dl_overview.py took 0.099 seconds
[2026-02-19T14:27:36.048+0000] {processor.py:161} INFO - Started process (PID=4926) to work on /opt/airflow/dags/dl_overview.py
[2026-02-19T14:27:36.048+0000] {processor.py:830} INFO - Processing file /opt/airflow/dags/dl_overview.py for tasks to queue
[2026-02-19T14:27:36.049+0000] {logging_mixin.py:188} INFO - [2026-02-19T14:27:36.049+0000] {dagbag.py:545} INFO - Filling up the DagBag from /opt/airflow/dags/dl_overview.py
[2026-02-19T14:27:36.079+0000] {processor.py:840} INFO - DAG(s) 'company_overview_to_minio' retrieved from /opt/airflow/dags/dl_overview.py
[2026-02-19T14:27:36.101+0000] {logging_mixin.py:188} INFO - [2026-02-19T14:27:36.100+0000] {dag.py:3089} INFO - Sync 1 DAGs
[2026-02-19T14:27:36.124+0000] {logging_mixin.py:188} INFO - [2026-02-19T14:27:36.124+0000] {dag.py:3947} INFO - Setting next_dagrun for company_overview_to_minio to 2026-02-15 00:00:00+00:00, run_after=2026-02-22 00:00:00+00:00
[2026-02-19T14:27:36.336+0000] {processor.py:183} INFO - Processing /opt/airflow/dags/dl_overview.py took 0.293 seconds
[2026-02-19T14:28:06.595+0000] {processor.py:161} INFO - Started process (PID=4948) to work on /opt/airflow/dags/dl_overview.py
[2026-02-19T14:28:06.596+0000] {processor.py:830} INFO - Processing file /opt/airflow/dags/dl_overview.py for tasks to queue
[2026-02-19T14:28:06.597+0000] {logging_mixin.py:188} INFO - [2026-02-19T14:28:06.597+0000] {dagbag.py:545} INFO - Filling up the DagBag from /opt/airflow/dags/dl_overview.py
[2026-02-19T14:28:06.992+0000] {processor.py:840} INFO - DAG(s) 'company_overview_to_minio' retrieved from /opt/airflow/dags/dl_overview.py
[2026-02-19T14:28:07.011+0000] {logging_mixin.py:188} INFO - [2026-02-19T14:28:07.011+0000] {dag.py:3089} INFO - Sync 1 DAGs
[2026-02-19T14:28:07.030+0000] {logging_mixin.py:188} INFO - [2026-02-19T14:28:07.030+0000] {dag.py:3947} INFO - Setting next_dagrun for company_overview_to_minio to 2026-02-15 00:00:00+00:00, run_after=2026-02-22 00:00:00+00:00
[2026-02-19T14:28:07.047+0000] {processor.py:183} INFO - Processing /opt/airflow/dags/dl_overview.py took 0.460 seconds
[2026-02-19T14:28:37.158+0000] {processor.py:161} INFO - Started process (PID=4971) to work on /opt/airflow/dags/dl_overview.py
[2026-02-19T14:28:37.159+0000] {processor.py:830} INFO - Processing file /opt/airflow/dags/dl_overview.py for tasks to queue
[2026-02-19T14:28:37.160+0000] {logging_mixin.py:188} INFO - [2026-02-19T14:28:37.160+0000] {dagbag.py:545} INFO - Filling up the DagBag from /opt/airflow/dags/dl_overview.py
[2026-02-19T14:28:37.190+0000] {processor.py:840} INFO - DAG(s) 'company_overview_to_minio' retrieved from /opt/airflow/dags/dl_overview.py
[2026-02-19T14:28:37.211+0000] {logging_mixin.py:188} INFO - [2026-02-19T14:28:37.211+0000] {dag.py:3089} INFO - Sync 1 DAGs
[2026-02-19T14:28:37.233+0000] {logging_mixin.py:188} INFO - [2026-02-19T14:28:37.233+0000] {dag.py:3947} INFO - Setting next_dagrun for company_overview_to_minio to 2026-02-15 00:00:00+00:00, run_after=2026-02-22 00:00:00+00:00
[2026-02-19T14:28:37.249+0000] {processor.py:183} INFO - Processing /opt/airflow/dags/dl_overview.py took 0.095 seconds
[2026-02-19T14:29:07.442+0000] {processor.py:161} INFO - Started process (PID=4993) to work on /opt/airflow/dags/dl_overview.py
[2026-02-19T14:29:07.443+0000] {processor.py:830} INFO - Processing file /opt/airflow/dags/dl_overview.py for tasks to queue
[2026-02-19T14:29:07.444+0000] {logging_mixin.py:188} INFO - [2026-02-19T14:29:07.444+0000] {dagbag.py:545} INFO - Filling up the DagBag from /opt/airflow/dags/dl_overview.py
[2026-02-19T14:29:07.475+0000] {processor.py:840} INFO - DAG(s) 'company_overview_to_minio' retrieved from /opt/airflow/dags/dl_overview.py
[2026-02-19T14:29:07.502+0000] {logging_mixin.py:188} INFO - [2026-02-19T14:29:07.501+0000] {dag.py:3089} INFO - Sync 1 DAGs
[2026-02-19T14:29:07.531+0000] {logging_mixin.py:188} INFO - [2026-02-19T14:29:07.531+0000] {dag.py:3947} INFO - Setting next_dagrun for company_overview_to_minio to 2026-02-15 00:00:00+00:00, run_after=2026-02-22 00:00:00+00:00
[2026-02-19T14:29:07.553+0000] {processor.py:183} INFO - Processing /opt/airflow/dags/dl_overview.py took 0.116 seconds
[2026-02-19T14:29:37.956+0000] {processor.py:161} INFO - Started process (PID=5013) to work on /opt/airflow/dags/dl_overview.py
[2026-02-19T14:29:37.957+0000] {processor.py:830} INFO - Processing file /opt/airflow/dags/dl_overview.py for tasks to queue
[2026-02-19T14:29:37.957+0000] {logging_mixin.py:188} INFO - [2026-02-19T14:29:37.957+0000] {dagbag.py:545} INFO - Filling up the DagBag from /opt/airflow/dags/dl_overview.py
[2026-02-19T14:29:37.991+0000] {processor.py:840} INFO - DAG(s) 'company_overview_to_minio' retrieved from /opt/airflow/dags/dl_overview.py
[2026-02-19T14:29:38.016+0000] {logging_mixin.py:188} INFO - [2026-02-19T14:29:38.016+0000] {dag.py:3089} INFO - Sync 1 DAGs
[2026-02-19T14:29:38.041+0000] {logging_mixin.py:188} INFO - [2026-02-19T14:29:38.040+0000] {dag.py:3947} INFO - Setting next_dagrun for company_overview_to_minio to 2026-02-15 00:00:00+00:00, run_after=2026-02-22 00:00:00+00:00
[2026-02-19T14:29:38.059+0000] {processor.py:183} INFO - Processing /opt/airflow/dags/dl_overview.py took 0.108 seconds
[2026-02-19T14:30:08.320+0000] {processor.py:161} INFO - Started process (PID=5035) to work on /opt/airflow/dags/dl_overview.py
[2026-02-19T14:30:08.321+0000] {processor.py:830} INFO - Processing file /opt/airflow/dags/dl_overview.py for tasks to queue
[2026-02-19T14:30:08.322+0000] {logging_mixin.py:188} INFO - [2026-02-19T14:30:08.321+0000] {dagbag.py:545} INFO - Filling up the DagBag from /opt/airflow/dags/dl_overview.py
[2026-02-19T14:30:08.351+0000] {processor.py:840} INFO - DAG(s) 'company_overview_to_minio' retrieved from /opt/airflow/dags/dl_overview.py
[2026-02-19T14:30:08.375+0000] {logging_mixin.py:188} INFO - [2026-02-19T14:30:08.375+0000] {dag.py:3089} INFO - Sync 1 DAGs
[2026-02-19T14:30:08.394+0000] {logging_mixin.py:188} INFO - [2026-02-19T14:30:08.394+0000] {dag.py:3947} INFO - Setting next_dagrun for company_overview_to_minio to 2026-02-15 00:00:00+00:00, run_after=2026-02-22 00:00:00+00:00
[2026-02-19T14:30:08.414+0000] {processor.py:183} INFO - Processing /opt/airflow/dags/dl_overview.py took 0.099 seconds
[2026-02-19T14:30:38.719+0000] {processor.py:161} INFO - Started process (PID=5057) to work on /opt/airflow/dags/dl_overview.py
[2026-02-19T14:30:38.720+0000] {processor.py:830} INFO - Processing file /opt/airflow/dags/dl_overview.py for tasks to queue
[2026-02-19T14:30:38.721+0000] {logging_mixin.py:188} INFO - [2026-02-19T14:30:38.721+0000] {dagbag.py:545} INFO - Filling up the DagBag from /opt/airflow/dags/dl_overview.py
[2026-02-19T14:30:38.753+0000] {processor.py:840} INFO - DAG(s) 'company_overview_to_minio' retrieved from /opt/airflow/dags/dl_overview.py
[2026-02-19T14:30:38.777+0000] {logging_mixin.py:188} INFO - [2026-02-19T14:30:38.776+0000] {dag.py:3089} INFO - Sync 1 DAGs
[2026-02-19T14:30:38.803+0000] {logging_mixin.py:188} INFO - [2026-02-19T14:30:38.802+0000] {dag.py:3947} INFO - Setting next_dagrun for company_overview_to_minio to 2026-02-15 00:00:00+00:00, run_after=2026-02-22 00:00:00+00:00
[2026-02-19T14:30:38.822+0000] {processor.py:183} INFO - Processing /opt/airflow/dags/dl_overview.py took 0.108 seconds
[2026-02-19T14:31:09.012+0000] {processor.py:161} INFO - Started process (PID=5079) to work on /opt/airflow/dags/dl_overview.py
[2026-02-19T14:31:09.012+0000] {processor.py:830} INFO - Processing file /opt/airflow/dags/dl_overview.py for tasks to queue
[2026-02-19T14:31:09.013+0000] {logging_mixin.py:188} INFO - [2026-02-19T14:31:09.013+0000] {dagbag.py:545} INFO - Filling up the DagBag from /opt/airflow/dags/dl_overview.py
[2026-02-19T14:31:09.039+0000] {processor.py:840} INFO - DAG(s) 'company_overview_to_minio' retrieved from /opt/airflow/dags/dl_overview.py
[2026-02-19T14:31:09.063+0000] {logging_mixin.py:188} INFO - [2026-02-19T14:31:09.063+0000] {dag.py:3089} INFO - Sync 1 DAGs
[2026-02-19T14:31:09.094+0000] {logging_mixin.py:188} INFO - [2026-02-19T14:31:09.094+0000] {dag.py:3947} INFO - Setting next_dagrun for company_overview_to_minio to 2026-02-15 00:00:00+00:00, run_after=2026-02-22 00:00:00+00:00
[2026-02-19T14:31:09.136+0000] {processor.py:183} INFO - Processing /opt/airflow/dags/dl_overview.py took 0.129 seconds
[2026-02-19T14:31:39.389+0000] {processor.py:161} INFO - Started process (PID=5101) to work on /opt/airflow/dags/dl_overview.py
[2026-02-19T14:31:39.391+0000] {processor.py:830} INFO - Processing file /opt/airflow/dags/dl_overview.py for tasks to queue
[2026-02-19T14:31:39.391+0000] {logging_mixin.py:188} INFO - [2026-02-19T14:31:39.391+0000] {dagbag.py:545} INFO - Filling up the DagBag from /opt/airflow/dags/dl_overview.py
[2026-02-19T14:31:39.423+0000] {processor.py:840} INFO - DAG(s) 'company_overview_to_minio' retrieved from /opt/airflow/dags/dl_overview.py
[2026-02-19T14:31:39.445+0000] {logging_mixin.py:188} INFO - [2026-02-19T14:31:39.445+0000] {dag.py:3089} INFO - Sync 1 DAGs
[2026-02-19T14:31:39.465+0000] {logging_mixin.py:188} INFO - [2026-02-19T14:31:39.465+0000] {dag.py:3947} INFO - Setting next_dagrun for company_overview_to_minio to 2026-02-15 00:00:00+00:00, run_after=2026-02-22 00:00:00+00:00
[2026-02-19T14:31:39.486+0000] {processor.py:183} INFO - Processing /opt/airflow/dags/dl_overview.py took 0.102 seconds
[2026-02-19T14:32:09.830+0000] {processor.py:161} INFO - Started process (PID=5123) to work on /opt/airflow/dags/dl_overview.py
[2026-02-19T14:32:09.831+0000] {processor.py:830} INFO - Processing file /opt/airflow/dags/dl_overview.py for tasks to queue
[2026-02-19T14:32:09.832+0000] {logging_mixin.py:188} INFO - [2026-02-19T14:32:09.831+0000] {dagbag.py:545} INFO - Filling up the DagBag from /opt/airflow/dags/dl_overview.py
[2026-02-19T14:32:09.869+0000] {processor.py:840} INFO - DAG(s) 'company_overview_to_minio' retrieved from /opt/airflow/dags/dl_overview.py
[2026-02-19T14:32:09.893+0000] {logging_mixin.py:188} INFO - [2026-02-19T14:32:09.893+0000] {dag.py:3089} INFO - Sync 1 DAGs
[2026-02-19T14:32:09.916+0000] {logging_mixin.py:188} INFO - [2026-02-19T14:32:09.915+0000] {dag.py:3947} INFO - Setting next_dagrun for company_overview_to_minio to 2026-02-15 00:00:00+00:00, run_after=2026-02-22 00:00:00+00:00
[2026-02-19T14:32:09.933+0000] {processor.py:183} INFO - Processing /opt/airflow/dags/dl_overview.py took 0.109 seconds
[2026-02-19T14:32:40.339+0000] {processor.py:161} INFO - Started process (PID=5145) to work on /opt/airflow/dags/dl_overview.py
[2026-02-19T14:32:40.339+0000] {processor.py:830} INFO - Processing file /opt/airflow/dags/dl_overview.py for tasks to queue
[2026-02-19T14:32:40.341+0000] {logging_mixin.py:188} INFO - [2026-02-19T14:32:40.340+0000] {dagbag.py:545} INFO - Filling up the DagBag from /opt/airflow/dags/dl_overview.py
[2026-02-19T14:32:40.370+0000] {processor.py:840} INFO - DAG(s) 'company_overview_to_minio' retrieved from /opt/airflow/dags/dl_overview.py
[2026-02-19T14:32:40.392+0000] {logging_mixin.py:188} INFO - [2026-02-19T14:32:40.392+0000] {dag.py:3089} INFO - Sync 1 DAGs
[2026-02-19T14:32:40.414+0000] {logging_mixin.py:188} INFO - [2026-02-19T14:32:40.414+0000] {dag.py:3947} INFO - Setting next_dagrun for company_overview_to_minio to 2026-02-15 00:00:00+00:00, run_after=2026-02-22 00:00:00+00:00
[2026-02-19T14:32:40.432+0000] {processor.py:183} INFO - Processing /opt/airflow/dags/dl_overview.py took 0.099 seconds
[2026-02-19T14:33:10.757+0000] {processor.py:161} INFO - Started process (PID=5167) to work on /opt/airflow/dags/dl_overview.py
[2026-02-19T14:33:10.758+0000] {processor.py:830} INFO - Processing file /opt/airflow/dags/dl_overview.py for tasks to queue
[2026-02-19T14:33:10.759+0000] {logging_mixin.py:188} INFO - [2026-02-19T14:33:10.759+0000] {dagbag.py:545} INFO - Filling up the DagBag from /opt/airflow/dags/dl_overview.py
[2026-02-19T14:33:10.798+0000] {processor.py:840} INFO - DAG(s) 'company_overview_to_minio' retrieved from /opt/airflow/dags/dl_overview.py
[2026-02-19T14:33:10.826+0000] {logging_mixin.py:188} INFO - [2026-02-19T14:33:10.826+0000] {dag.py:3089} INFO - Sync 1 DAGs
[2026-02-19T14:33:10.851+0000] {logging_mixin.py:188} INFO - [2026-02-19T14:33:10.851+0000] {dag.py:3947} INFO - Setting next_dagrun for company_overview_to_minio to 2026-02-15 00:00:00+00:00, run_after=2026-02-22 00:00:00+00:00
[2026-02-19T14:33:10.875+0000] {processor.py:183} INFO - Processing /opt/airflow/dags/dl_overview.py took 0.125 seconds
[2026-02-19T14:33:41.111+0000] {processor.py:161} INFO - Started process (PID=5189) to work on /opt/airflow/dags/dl_overview.py
[2026-02-19T14:33:41.111+0000] {processor.py:830} INFO - Processing file /opt/airflow/dags/dl_overview.py for tasks to queue
[2026-02-19T14:33:41.112+0000] {logging_mixin.py:188} INFO - [2026-02-19T14:33:41.112+0000] {dagbag.py:545} INFO - Filling up the DagBag from /opt/airflow/dags/dl_overview.py
[2026-02-19T14:33:41.148+0000] {processor.py:840} INFO - DAG(s) 'company_overview_to_minio' retrieved from /opt/airflow/dags/dl_overview.py
[2026-02-19T14:33:41.175+0000] {logging_mixin.py:188} INFO - [2026-02-19T14:33:41.175+0000] {dag.py:3089} INFO - Sync 1 DAGs
[2026-02-19T14:33:41.200+0000] {logging_mixin.py:188} INFO - [2026-02-19T14:33:41.200+0000] {dag.py:3947} INFO - Setting next_dagrun for company_overview_to_minio to 2026-02-15 00:00:00+00:00, run_after=2026-02-22 00:00:00+00:00
[2026-02-19T14:33:41.221+0000] {processor.py:183} INFO - Processing /opt/airflow/dags/dl_overview.py took 0.115 seconds
[2026-02-19T14:34:11.531+0000] {processor.py:161} INFO - Started process (PID=5211) to work on /opt/airflow/dags/dl_overview.py
[2026-02-19T14:34:11.532+0000] {processor.py:830} INFO - Processing file /opt/airflow/dags/dl_overview.py for tasks to queue
[2026-02-19T14:34:11.533+0000] {logging_mixin.py:188} INFO - [2026-02-19T14:34:11.532+0000] {dagbag.py:545} INFO - Filling up the DagBag from /opt/airflow/dags/dl_overview.py
[2026-02-19T14:34:11.560+0000] {processor.py:840} INFO - DAG(s) 'company_overview_to_minio' retrieved from /opt/airflow/dags/dl_overview.py
[2026-02-19T14:34:11.582+0000] {logging_mixin.py:188} INFO - [2026-02-19T14:34:11.582+0000] {dag.py:3089} INFO - Sync 1 DAGs
[2026-02-19T14:34:11.604+0000] {logging_mixin.py:188} INFO - [2026-02-19T14:34:11.604+0000] {dag.py:3947} INFO - Setting next_dagrun for company_overview_to_minio to 2026-02-15 00:00:00+00:00, run_after=2026-02-22 00:00:00+00:00
[2026-02-19T14:34:11.627+0000] {processor.py:183} INFO - Processing /opt/airflow/dags/dl_overview.py took 0.101 seconds
[2026-02-19T14:34:41.802+0000] {processor.py:161} INFO - Started process (PID=5233) to work on /opt/airflow/dags/dl_overview.py
[2026-02-19T14:34:41.803+0000] {processor.py:830} INFO - Processing file /opt/airflow/dags/dl_overview.py for tasks to queue
[2026-02-19T14:34:41.804+0000] {logging_mixin.py:188} INFO - [2026-02-19T14:34:41.804+0000] {dagbag.py:545} INFO - Filling up the DagBag from /opt/airflow/dags/dl_overview.py
[2026-02-19T14:34:41.858+0000] {processor.py:840} INFO - DAG(s) 'company_overview_to_minio' retrieved from /opt/airflow/dags/dl_overview.py
[2026-02-19T14:34:41.882+0000] {logging_mixin.py:188} INFO - [2026-02-19T14:34:41.882+0000] {dag.py:3089} INFO - Sync 1 DAGs
[2026-02-19T14:34:41.903+0000] {logging_mixin.py:188} INFO - [2026-02-19T14:34:41.902+0000] {dag.py:3947} INFO - Setting next_dagrun for company_overview_to_minio to 2026-02-15 00:00:00+00:00, run_after=2026-02-22 00:00:00+00:00
[2026-02-19T14:34:41.925+0000] {processor.py:183} INFO - Processing /opt/airflow/dags/dl_overview.py took 0.132 seconds
[2026-02-19T14:35:12.125+0000] {processor.py:161} INFO - Started process (PID=5255) to work on /opt/airflow/dags/dl_overview.py
[2026-02-19T14:35:12.126+0000] {processor.py:830} INFO - Processing file /opt/airflow/dags/dl_overview.py for tasks to queue
[2026-02-19T14:35:12.128+0000] {logging_mixin.py:188} INFO - [2026-02-19T14:35:12.127+0000] {dagbag.py:545} INFO - Filling up the DagBag from /opt/airflow/dags/dl_overview.py
[2026-02-19T14:35:12.171+0000] {processor.py:840} INFO - DAG(s) 'company_overview_to_minio' retrieved from /opt/airflow/dags/dl_overview.py
[2026-02-19T14:35:12.195+0000] {logging_mixin.py:188} INFO - [2026-02-19T14:35:12.195+0000] {dag.py:3089} INFO - Sync 1 DAGs
[2026-02-19T14:35:12.219+0000] {logging_mixin.py:188} INFO - [2026-02-19T14:35:12.219+0000] {dag.py:3947} INFO - Setting next_dagrun for company_overview_to_minio to 2026-02-15 00:00:00+00:00, run_after=2026-02-22 00:00:00+00:00
[2026-02-19T14:35:12.237+0000] {processor.py:183} INFO - Processing /opt/airflow/dags/dl_overview.py took 0.121 seconds
[2026-02-19T14:35:42.440+0000] {processor.py:161} INFO - Started process (PID=5277) to work on /opt/airflow/dags/dl_overview.py
[2026-02-19T14:35:42.441+0000] {processor.py:830} INFO - Processing file /opt/airflow/dags/dl_overview.py for tasks to queue
[2026-02-19T14:35:42.443+0000] {logging_mixin.py:188} INFO - [2026-02-19T14:35:42.443+0000] {dagbag.py:545} INFO - Filling up the DagBag from /opt/airflow/dags/dl_overview.py
[2026-02-19T14:35:42.492+0000] {processor.py:840} INFO - DAG(s) 'company_overview_to_minio' retrieved from /opt/airflow/dags/dl_overview.py
[2026-02-19T14:35:42.522+0000] {logging_mixin.py:188} INFO - [2026-02-19T14:35:42.521+0000] {dag.py:3089} INFO - Sync 1 DAGs
[2026-02-19T14:35:42.550+0000] {logging_mixin.py:188} INFO - [2026-02-19T14:35:42.549+0000] {dag.py:3947} INFO - Setting next_dagrun for company_overview_to_minio to 2026-02-15 00:00:00+00:00, run_after=2026-02-22 00:00:00+00:00
[2026-02-19T14:35:42.568+0000] {processor.py:183} INFO - Processing /opt/airflow/dags/dl_overview.py took 0.137 seconds
[2026-02-19T14:36:12.806+0000] {processor.py:161} INFO - Started process (PID=5299) to work on /opt/airflow/dags/dl_overview.py
[2026-02-19T14:36:12.807+0000] {processor.py:830} INFO - Processing file /opt/airflow/dags/dl_overview.py for tasks to queue
[2026-02-19T14:36:12.809+0000] {logging_mixin.py:188} INFO - [2026-02-19T14:36:12.808+0000] {dagbag.py:545} INFO - Filling up the DagBag from /opt/airflow/dags/dl_overview.py
[2026-02-19T14:36:12.841+0000] {processor.py:840} INFO - DAG(s) 'company_overview_to_minio' retrieved from /opt/airflow/dags/dl_overview.py
[2026-02-19T14:36:12.862+0000] {logging_mixin.py:188} INFO - [2026-02-19T14:36:12.862+0000] {dag.py:3089} INFO - Sync 1 DAGs
[2026-02-19T14:36:12.882+0000] {logging_mixin.py:188} INFO - [2026-02-19T14:36:12.882+0000] {dag.py:3947} INFO - Setting next_dagrun for company_overview_to_minio to 2026-02-15 00:00:00+00:00, run_after=2026-02-22 00:00:00+00:00
[2026-02-19T14:36:12.902+0000] {processor.py:183} INFO - Processing /opt/airflow/dags/dl_overview.py took 0.103 seconds
[2026-02-19T14:36:43.290+0000] {processor.py:161} INFO - Started process (PID=5321) to work on /opt/airflow/dags/dl_overview.py
[2026-02-19T14:36:43.291+0000] {processor.py:830} INFO - Processing file /opt/airflow/dags/dl_overview.py for tasks to queue
[2026-02-19T14:36:43.292+0000] {logging_mixin.py:188} INFO - [2026-02-19T14:36:43.292+0000] {dagbag.py:545} INFO - Filling up the DagBag from /opt/airflow/dags/dl_overview.py
[2026-02-19T14:36:43.330+0000] {processor.py:840} INFO - DAG(s) 'company_overview_to_minio' retrieved from /opt/airflow/dags/dl_overview.py
[2026-02-19T14:36:43.357+0000] {logging_mixin.py:188} INFO - [2026-02-19T14:36:43.357+0000] {dag.py:3089} INFO - Sync 1 DAGs
[2026-02-19T14:36:43.385+0000] {logging_mixin.py:188} INFO - [2026-02-19T14:36:43.385+0000] {dag.py:3947} INFO - Setting next_dagrun for company_overview_to_minio to 2026-02-15 00:00:00+00:00, run_after=2026-02-22 00:00:00+00:00
[2026-02-19T14:36:43.412+0000] {processor.py:183} INFO - Processing /opt/airflow/dags/dl_overview.py took 0.130 seconds
[2026-02-19T14:37:13.675+0000] {processor.py:161} INFO - Started process (PID=5343) to work on /opt/airflow/dags/dl_overview.py
[2026-02-19T14:37:13.676+0000] {processor.py:830} INFO - Processing file /opt/airflow/dags/dl_overview.py for tasks to queue
[2026-02-19T14:37:13.677+0000] {logging_mixin.py:188} INFO - [2026-02-19T14:37:13.677+0000] {dagbag.py:545} INFO - Filling up the DagBag from /opt/airflow/dags/dl_overview.py
[2026-02-19T14:37:13.721+0000] {processor.py:840} INFO - DAG(s) 'company_overview_to_minio' retrieved from /opt/airflow/dags/dl_overview.py
[2026-02-19T14:37:13.750+0000] {logging_mixin.py:188} INFO - [2026-02-19T14:37:13.749+0000] {dag.py:3089} INFO - Sync 1 DAGs
[2026-02-19T14:37:13.777+0000] {logging_mixin.py:188} INFO - [2026-02-19T14:37:13.777+0000] {dag.py:3947} INFO - Setting next_dagrun for company_overview_to_minio to 2026-02-15 00:00:00+00:00, run_after=2026-02-22 00:00:00+00:00
[2026-02-19T14:37:13.801+0000] {processor.py:183} INFO - Processing /opt/airflow/dags/dl_overview.py took 0.134 seconds
[2026-02-19T14:37:44.105+0000] {processor.py:161} INFO - Started process (PID=5365) to work on /opt/airflow/dags/dl_overview.py
[2026-02-19T14:37:44.106+0000] {processor.py:830} INFO - Processing file /opt/airflow/dags/dl_overview.py for tasks to queue
[2026-02-19T14:37:44.107+0000] {logging_mixin.py:188} INFO - [2026-02-19T14:37:44.107+0000] {dagbag.py:545} INFO - Filling up the DagBag from /opt/airflow/dags/dl_overview.py
[2026-02-19T14:37:44.156+0000] {processor.py:840} INFO - DAG(s) 'company_overview_to_minio' retrieved from /opt/airflow/dags/dl_overview.py
[2026-02-19T14:37:44.182+0000] {logging_mixin.py:188} INFO - [2026-02-19T14:37:44.182+0000] {dag.py:3089} INFO - Sync 1 DAGs
[2026-02-19T14:37:44.204+0000] {logging_mixin.py:188} INFO - [2026-02-19T14:37:44.204+0000] {dag.py:3947} INFO - Setting next_dagrun for company_overview_to_minio to 2026-02-15 00:00:00+00:00, run_after=2026-02-22 00:00:00+00:00
[2026-02-19T14:37:44.223+0000] {processor.py:183} INFO - Processing /opt/airflow/dags/dl_overview.py took 0.125 seconds
[2026-02-19T14:38:14.493+0000] {processor.py:161} INFO - Started process (PID=5387) to work on /opt/airflow/dags/dl_overview.py
[2026-02-19T14:38:14.494+0000] {processor.py:830} INFO - Processing file /opt/airflow/dags/dl_overview.py for tasks to queue
[2026-02-19T14:38:14.496+0000] {logging_mixin.py:188} INFO - [2026-02-19T14:38:14.495+0000] {dagbag.py:545} INFO - Filling up the DagBag from /opt/airflow/dags/dl_overview.py
[2026-02-19T14:38:14.538+0000] {processor.py:840} INFO - DAG(s) 'company_overview_to_minio' retrieved from /opt/airflow/dags/dl_overview.py
[2026-02-19T14:38:14.561+0000] {logging_mixin.py:188} INFO - [2026-02-19T14:38:14.560+0000] {dag.py:3089} INFO - Sync 1 DAGs
[2026-02-19T14:38:14.581+0000] {logging_mixin.py:188} INFO - [2026-02-19T14:38:14.581+0000] {dag.py:3947} INFO - Setting next_dagrun for company_overview_to_minio to 2026-02-15 00:00:00+00:00, run_after=2026-02-22 00:00:00+00:00
[2026-02-19T14:38:14.603+0000] {processor.py:183} INFO - Processing /opt/airflow/dags/dl_overview.py took 0.119 seconds
[2026-02-19T14:38:44.845+0000] {processor.py:161} INFO - Started process (PID=5409) to work on /opt/airflow/dags/dl_overview.py
[2026-02-19T14:38:44.848+0000] {processor.py:830} INFO - Processing file /opt/airflow/dags/dl_overview.py for tasks to queue
[2026-02-19T14:38:44.857+0000] {logging_mixin.py:188} INFO - [2026-02-19T14:38:44.851+0000] {dagbag.py:545} INFO - Filling up the DagBag from /opt/airflow/dags/dl_overview.py
[2026-02-19T14:38:44.927+0000] {processor.py:840} INFO - DAG(s) 'company_overview_to_minio' retrieved from /opt/airflow/dags/dl_overview.py
[2026-02-19T14:38:44.952+0000] {logging_mixin.py:188} INFO - [2026-02-19T14:38:44.952+0000] {dag.py:3089} INFO - Sync 1 DAGs
[2026-02-19T14:38:44.973+0000] {logging_mixin.py:188} INFO - [2026-02-19T14:38:44.973+0000] {dag.py:3947} INFO - Setting next_dagrun for company_overview_to_minio to 2026-02-15 00:00:00+00:00, run_after=2026-02-22 00:00:00+00:00
[2026-02-19T14:38:44.993+0000] {processor.py:183} INFO - Processing /opt/airflow/dags/dl_overview.py took 0.156 seconds
[2026-02-19T14:39:15.289+0000] {processor.py:161} INFO - Started process (PID=5431) to work on /opt/airflow/dags/dl_overview.py
[2026-02-19T14:39:15.290+0000] {processor.py:830} INFO - Processing file /opt/airflow/dags/dl_overview.py for tasks to queue
[2026-02-19T14:39:15.292+0000] {logging_mixin.py:188} INFO - [2026-02-19T14:39:15.291+0000] {dagbag.py:545} INFO - Filling up the DagBag from /opt/airflow/dags/dl_overview.py
[2026-02-19T14:39:15.336+0000] {processor.py:840} INFO - DAG(s) 'company_overview_to_minio' retrieved from /opt/airflow/dags/dl_overview.py
[2026-02-19T14:39:15.359+0000] {logging_mixin.py:188} INFO - [2026-02-19T14:39:15.358+0000] {dag.py:3089} INFO - Sync 1 DAGs
[2026-02-19T14:39:15.379+0000] {logging_mixin.py:188} INFO - [2026-02-19T14:39:15.379+0000] {dag.py:3947} INFO - Setting next_dagrun for company_overview_to_minio to 2026-02-15 00:00:00+00:00, run_after=2026-02-22 00:00:00+00:00
[2026-02-19T14:39:15.398+0000] {processor.py:183} INFO - Processing /opt/airflow/dags/dl_overview.py took 0.117 seconds
[2026-02-19T14:39:45.627+0000] {processor.py:161} INFO - Started process (PID=5453) to work on /opt/airflow/dags/dl_overview.py
[2026-02-19T14:39:45.628+0000] {processor.py:830} INFO - Processing file /opt/airflow/dags/dl_overview.py for tasks to queue
[2026-02-19T14:39:45.629+0000] {logging_mixin.py:188} INFO - [2026-02-19T14:39:45.628+0000] {dagbag.py:545} INFO - Filling up the DagBag from /opt/airflow/dags/dl_overview.py
[2026-02-19T14:39:45.663+0000] {processor.py:840} INFO - DAG(s) 'company_overview_to_minio' retrieved from /opt/airflow/dags/dl_overview.py
[2026-02-19T14:39:45.687+0000] {logging_mixin.py:188} INFO - [2026-02-19T14:39:45.687+0000] {dag.py:3089} INFO - Sync 1 DAGs
[2026-02-19T14:39:45.708+0000] {logging_mixin.py:188} INFO - [2026-02-19T14:39:45.708+0000] {dag.py:3947} INFO - Setting next_dagrun for company_overview_to_minio to 2026-02-15 00:00:00+00:00, run_after=2026-02-22 00:00:00+00:00
[2026-02-19T14:39:45.726+0000] {processor.py:183} INFO - Processing /opt/airflow/dags/dl_overview.py took 0.105 seconds
[2026-02-19T14:40:16.005+0000] {processor.py:161} INFO - Started process (PID=5475) to work on /opt/airflow/dags/dl_overview.py
[2026-02-19T14:40:16.006+0000] {processor.py:830} INFO - Processing file /opt/airflow/dags/dl_overview.py for tasks to queue
[2026-02-19T14:40:16.007+0000] {logging_mixin.py:188} INFO - [2026-02-19T14:40:16.007+0000] {dagbag.py:545} INFO - Filling up the DagBag from /opt/airflow/dags/dl_overview.py
[2026-02-19T14:40:16.052+0000] {processor.py:840} INFO - DAG(s) 'company_overview_to_minio' retrieved from /opt/airflow/dags/dl_overview.py
[2026-02-19T14:40:16.083+0000] {logging_mixin.py:188} INFO - [2026-02-19T14:40:16.083+0000] {dag.py:3089} INFO - Sync 1 DAGs
[2026-02-19T14:40:16.113+0000] {logging_mixin.py:188} INFO - [2026-02-19T14:40:16.113+0000] {dag.py:3947} INFO - Setting next_dagrun for company_overview_to_minio to 2026-02-15 00:00:00+00:00, run_after=2026-02-22 00:00:00+00:00
[2026-02-19T14:40:16.139+0000] {processor.py:183} INFO - Processing /opt/airflow/dags/dl_overview.py took 0.143 seconds
[2026-02-19T14:40:46.389+0000] {processor.py:161} INFO - Started process (PID=5497) to work on /opt/airflow/dags/dl_overview.py
[2026-02-19T14:40:46.391+0000] {processor.py:830} INFO - Processing file /opt/airflow/dags/dl_overview.py for tasks to queue
[2026-02-19T14:40:46.392+0000] {logging_mixin.py:188} INFO - [2026-02-19T14:40:46.392+0000] {dagbag.py:545} INFO - Filling up the DagBag from /opt/airflow/dags/dl_overview.py
[2026-02-19T14:40:46.438+0000] {processor.py:840} INFO - DAG(s) 'company_overview_to_minio' retrieved from /opt/airflow/dags/dl_overview.py
[2026-02-19T14:40:46.468+0000] {logging_mixin.py:188} INFO - [2026-02-19T14:40:46.468+0000] {dag.py:3089} INFO - Sync 1 DAGs
[2026-02-19T14:40:46.491+0000] {logging_mixin.py:188} INFO - [2026-02-19T14:40:46.490+0000] {dag.py:3947} INFO - Setting next_dagrun for company_overview_to_minio to 2026-02-15 00:00:00+00:00, run_after=2026-02-22 00:00:00+00:00
[2026-02-19T14:40:46.512+0000] {processor.py:183} INFO - Processing /opt/airflow/dags/dl_overview.py took 0.132 seconds
[2026-02-19T14:41:16.776+0000] {processor.py:161} INFO - Started process (PID=5519) to work on /opt/airflow/dags/dl_overview.py
[2026-02-19T14:41:16.777+0000] {processor.py:830} INFO - Processing file /opt/airflow/dags/dl_overview.py for tasks to queue
[2026-02-19T14:41:16.778+0000] {logging_mixin.py:188} INFO - [2026-02-19T14:41:16.777+0000] {dagbag.py:545} INFO - Filling up the DagBag from /opt/airflow/dags/dl_overview.py
[2026-02-19T14:41:16.819+0000] {processor.py:840} INFO - DAG(s) 'company_overview_to_minio' retrieved from /opt/airflow/dags/dl_overview.py
[2026-02-19T14:41:16.845+0000] {logging_mixin.py:188} INFO - [2026-02-19T14:41:16.845+0000] {dag.py:3089} INFO - Sync 1 DAGs
[2026-02-19T14:41:16.871+0000] {logging_mixin.py:188} INFO - [2026-02-19T14:41:16.870+0000] {dag.py:3947} INFO - Setting next_dagrun for company_overview_to_minio to 2026-02-15 00:00:00+00:00, run_after=2026-02-22 00:00:00+00:00
[2026-02-19T14:41:16.893+0000] {processor.py:183} INFO - Processing /opt/airflow/dags/dl_overview.py took 0.125 seconds
[2026-02-19T14:41:46.938+0000] {processor.py:161} INFO - Started process (PID=5542) to work on /opt/airflow/dags/dl_overview.py
[2026-02-19T14:41:46.939+0000] {processor.py:830} INFO - Processing file /opt/airflow/dags/dl_overview.py for tasks to queue
[2026-02-19T14:41:46.939+0000] {logging_mixin.py:188} INFO - [2026-02-19T14:41:46.939+0000] {dagbag.py:545} INFO - Filling up the DagBag from /opt/airflow/dags/dl_overview.py
[2026-02-19T14:41:46.970+0000] {processor.py:840} INFO - DAG(s) 'company_overview_to_minio' retrieved from /opt/airflow/dags/dl_overview.py
[2026-02-19T14:41:46.993+0000] {logging_mixin.py:188} INFO - [2026-02-19T14:41:46.993+0000] {dag.py:3089} INFO - Sync 1 DAGs
[2026-02-19T14:41:47.016+0000] {logging_mixin.py:188} INFO - [2026-02-19T14:41:47.016+0000] {dag.py:3947} INFO - Setting next_dagrun for company_overview_to_minio to 2026-02-15 00:00:00+00:00, run_after=2026-02-22 00:00:00+00:00
[2026-02-19T14:41:47.032+0000] {processor.py:183} INFO - Processing /opt/airflow/dags/dl_overview.py took 0.099 seconds
[2026-02-19T14:42:17.388+0000] {processor.py:161} INFO - Started process (PID=5564) to work on /opt/airflow/dags/dl_overview.py
[2026-02-19T14:42:17.389+0000] {processor.py:830} INFO - Processing file /opt/airflow/dags/dl_overview.py for tasks to queue
[2026-02-19T14:42:17.390+0000] {logging_mixin.py:188} INFO - [2026-02-19T14:42:17.390+0000] {dagbag.py:545} INFO - Filling up the DagBag from /opt/airflow/dags/dl_overview.py
[2026-02-19T14:42:17.419+0000] {processor.py:840} INFO - DAG(s) 'company_overview_to_minio' retrieved from /opt/airflow/dags/dl_overview.py
[2026-02-19T14:42:17.440+0000] {logging_mixin.py:188} INFO - [2026-02-19T14:42:17.440+0000] {dag.py:3089} INFO - Sync 1 DAGs
[2026-02-19T14:42:17.461+0000] {logging_mixin.py:188} INFO - [2026-02-19T14:42:17.460+0000] {dag.py:3947} INFO - Setting next_dagrun for company_overview_to_minio to 2026-02-15 00:00:00+00:00, run_after=2026-02-22 00:00:00+00:00
[2026-02-19T14:42:17.483+0000] {processor.py:183} INFO - Processing /opt/airflow/dags/dl_overview.py took 0.100 seconds
[2026-02-19T14:42:47.757+0000] {processor.py:161} INFO - Started process (PID=5586) to work on /opt/airflow/dags/dl_overview.py
[2026-02-19T14:42:47.758+0000] {processor.py:830} INFO - Processing file /opt/airflow/dags/dl_overview.py for tasks to queue
[2026-02-19T14:42:47.759+0000] {logging_mixin.py:188} INFO - [2026-02-19T14:42:47.759+0000] {dagbag.py:545} INFO - Filling up the DagBag from /opt/airflow/dags/dl_overview.py
[2026-02-19T14:42:47.788+0000] {processor.py:840} INFO - DAG(s) 'company_overview_to_minio' retrieved from /opt/airflow/dags/dl_overview.py
[2026-02-19T14:42:47.810+0000] {logging_mixin.py:188} INFO - [2026-02-19T14:42:47.810+0000] {dag.py:3089} INFO - Sync 1 DAGs
[2026-02-19T14:42:47.829+0000] {logging_mixin.py:188} INFO - [2026-02-19T14:42:47.829+0000] {dag.py:3947} INFO - Setting next_dagrun for company_overview_to_minio to 2026-02-15 00:00:00+00:00, run_after=2026-02-22 00:00:00+00:00
[2026-02-19T14:42:47.848+0000] {processor.py:183} INFO - Processing /opt/airflow/dags/dl_overview.py took 0.096 seconds
[2026-02-19T14:43:17.988+0000] {processor.py:161} INFO - Started process (PID=5608) to work on /opt/airflow/dags/dl_overview.py
[2026-02-19T14:43:17.989+0000] {processor.py:830} INFO - Processing file /opt/airflow/dags/dl_overview.py for tasks to queue
[2026-02-19T14:43:17.990+0000] {logging_mixin.py:188} INFO - [2026-02-19T14:43:17.989+0000] {dagbag.py:545} INFO - Filling up the DagBag from /opt/airflow/dags/dl_overview.py
[2026-02-19T14:43:18.018+0000] {processor.py:840} INFO - DAG(s) 'company_overview_to_minio' retrieved from /opt/airflow/dags/dl_overview.py
[2026-02-19T14:43:18.040+0000] {logging_mixin.py:188} INFO - [2026-02-19T14:43:18.040+0000] {dag.py:3089} INFO - Sync 1 DAGs
[2026-02-19T14:43:18.062+0000] {logging_mixin.py:188} INFO - [2026-02-19T14:43:18.061+0000] {dag.py:3947} INFO - Setting next_dagrun for company_overview_to_minio to 2026-02-15 00:00:00+00:00, run_after=2026-02-22 00:00:00+00:00
[2026-02-19T14:43:18.084+0000] {processor.py:183} INFO - Processing /opt/airflow/dags/dl_overview.py took 0.101 seconds
[2026-02-19T14:43:48.294+0000] {processor.py:161} INFO - Started process (PID=5630) to work on /opt/airflow/dags/dl_overview.py
[2026-02-19T14:43:48.295+0000] {processor.py:830} INFO - Processing file /opt/airflow/dags/dl_overview.py for tasks to queue
[2026-02-19T14:43:48.296+0000] {logging_mixin.py:188} INFO - [2026-02-19T14:43:48.295+0000] {dagbag.py:545} INFO - Filling up the DagBag from /opt/airflow/dags/dl_overview.py
[2026-02-19T14:43:48.323+0000] {processor.py:840} INFO - DAG(s) 'company_overview_to_minio' retrieved from /opt/airflow/dags/dl_overview.py
[2026-02-19T14:43:48.344+0000] {logging_mixin.py:188} INFO - [2026-02-19T14:43:48.344+0000] {dag.py:3089} INFO - Sync 1 DAGs
[2026-02-19T14:43:48.366+0000] {logging_mixin.py:188} INFO - [2026-02-19T14:43:48.366+0000] {dag.py:3947} INFO - Setting next_dagrun for company_overview_to_minio to 2026-02-15 00:00:00+00:00, run_after=2026-02-22 00:00:00+00:00
[2026-02-19T14:43:48.388+0000] {processor.py:183} INFO - Processing /opt/airflow/dags/dl_overview.py took 0.099 seconds
[2026-02-19T14:44:18.988+0000] {processor.py:161} INFO - Started process (PID=5652) to work on /opt/airflow/dags/dl_overview.py
[2026-02-19T14:44:18.989+0000] {processor.py:830} INFO - Processing file /opt/airflow/dags/dl_overview.py for tasks to queue
[2026-02-19T14:44:18.990+0000] {logging_mixin.py:188} INFO - [2026-02-19T14:44:18.990+0000] {dagbag.py:545} INFO - Filling up the DagBag from /opt/airflow/dags/dl_overview.py
[2026-02-19T14:44:19.019+0000] {processor.py:840} INFO - DAG(s) 'company_overview_to_minio' retrieved from /opt/airflow/dags/dl_overview.py
[2026-02-19T14:44:19.046+0000] {logging_mixin.py:188} INFO - [2026-02-19T14:44:19.046+0000] {dag.py:3089} INFO - Sync 1 DAGs
[2026-02-19T14:44:19.068+0000] {logging_mixin.py:188} INFO - [2026-02-19T14:44:19.068+0000] {dag.py:3947} INFO - Setting next_dagrun for company_overview_to_minio to 2026-02-15 00:00:00+00:00, run_after=2026-02-22 00:00:00+00:00
[2026-02-19T14:44:19.087+0000] {processor.py:183} INFO - Processing /opt/airflow/dags/dl_overview.py took 0.104 seconds
[2026-02-19T14:44:49.592+0000] {processor.py:161} INFO - Started process (PID=5674) to work on /opt/airflow/dags/dl_overview.py
[2026-02-19T14:44:49.593+0000] {processor.py:830} INFO - Processing file /opt/airflow/dags/dl_overview.py for tasks to queue
[2026-02-19T14:44:49.594+0000] {logging_mixin.py:188} INFO - [2026-02-19T14:44:49.594+0000] {dagbag.py:545} INFO - Filling up the DagBag from /opt/airflow/dags/dl_overview.py
[2026-02-19T14:44:49.629+0000] {processor.py:840} INFO - DAG(s) 'company_overview_to_minio' retrieved from /opt/airflow/dags/dl_overview.py
[2026-02-19T14:44:49.651+0000] {logging_mixin.py:188} INFO - [2026-02-19T14:44:49.651+0000] {dag.py:3089} INFO - Sync 1 DAGs
[2026-02-19T14:44:49.675+0000] {logging_mixin.py:188} INFO - [2026-02-19T14:44:49.675+0000] {dag.py:3947} INFO - Setting next_dagrun for company_overview_to_minio to 2026-02-15 00:00:00+00:00, run_after=2026-02-22 00:00:00+00:00
[2026-02-19T14:44:49.694+0000] {processor.py:183} INFO - Processing /opt/airflow/dags/dl_overview.py took 0.111 seconds
[2026-02-19T14:45:20.033+0000] {processor.py:161} INFO - Started process (PID=5696) to work on /opt/airflow/dags/dl_overview.py
[2026-02-19T14:45:20.034+0000] {processor.py:830} INFO - Processing file /opt/airflow/dags/dl_overview.py for tasks to queue
[2026-02-19T14:45:20.035+0000] {logging_mixin.py:188} INFO - [2026-02-19T14:45:20.035+0000] {dagbag.py:545} INFO - Filling up the DagBag from /opt/airflow/dags/dl_overview.py
[2026-02-19T14:45:20.065+0000] {processor.py:840} INFO - DAG(s) 'company_overview_to_minio' retrieved from /opt/airflow/dags/dl_overview.py
[2026-02-19T14:45:20.089+0000] {logging_mixin.py:188} INFO - [2026-02-19T14:45:20.089+0000] {dag.py:3089} INFO - Sync 1 DAGs
[2026-02-19T14:45:20.111+0000] {logging_mixin.py:188} INFO - [2026-02-19T14:45:20.110+0000] {dag.py:3947} INFO - Setting next_dagrun for company_overview_to_minio to 2026-02-15 00:00:00+00:00, run_after=2026-02-22 00:00:00+00:00
[2026-02-19T14:45:20.129+0000] {processor.py:183} INFO - Processing /opt/airflow/dags/dl_overview.py took 0.102 seconds
[2026-02-19T14:45:50.394+0000] {processor.py:161} INFO - Started process (PID=5718) to work on /opt/airflow/dags/dl_overview.py
[2026-02-19T14:45:50.395+0000] {processor.py:830} INFO - Processing file /opt/airflow/dags/dl_overview.py for tasks to queue
[2026-02-19T14:45:50.397+0000] {logging_mixin.py:188} INFO - [2026-02-19T14:45:50.396+0000] {dagbag.py:545} INFO - Filling up the DagBag from /opt/airflow/dags/dl_overview.py
[2026-02-19T14:45:50.444+0000] {processor.py:840} INFO - DAG(s) 'company_overview_to_minio' retrieved from /opt/airflow/dags/dl_overview.py
[2026-02-19T14:45:50.471+0000] {logging_mixin.py:188} INFO - [2026-02-19T14:45:50.471+0000] {dag.py:3089} INFO - Sync 1 DAGs
[2026-02-19T14:45:50.496+0000] {logging_mixin.py:188} INFO - [2026-02-19T14:45:50.495+0000] {dag.py:3947} INFO - Setting next_dagrun for company_overview_to_minio to 2026-02-15 00:00:00+00:00, run_after=2026-02-22 00:00:00+00:00
[2026-02-19T14:45:50.518+0000] {processor.py:183} INFO - Processing /opt/airflow/dags/dl_overview.py took 0.133 seconds
[2026-02-19T14:46:20.984+0000] {processor.py:161} INFO - Started process (PID=5740) to work on /opt/airflow/dags/dl_overview.py
[2026-02-19T14:46:20.985+0000] {processor.py:830} INFO - Processing file /opt/airflow/dags/dl_overview.py for tasks to queue
[2026-02-19T14:46:20.986+0000] {logging_mixin.py:188} INFO - [2026-02-19T14:46:20.985+0000] {dagbag.py:545} INFO - Filling up the DagBag from /opt/airflow/dags/dl_overview.py
[2026-02-19T14:46:21.014+0000] {processor.py:840} INFO - DAG(s) 'company_overview_to_minio' retrieved from /opt/airflow/dags/dl_overview.py
[2026-02-19T14:46:21.038+0000] {logging_mixin.py:188} INFO - [2026-02-19T14:46:21.037+0000] {dag.py:3089} INFO - Sync 1 DAGs
[2026-02-19T14:46:21.060+0000] {logging_mixin.py:188} INFO - [2026-02-19T14:46:21.059+0000] {dag.py:3947} INFO - Setting next_dagrun for company_overview_to_minio to 2026-02-15 00:00:00+00:00, run_after=2026-02-22 00:00:00+00:00
[2026-02-19T14:46:21.078+0000] {processor.py:183} INFO - Processing /opt/airflow/dags/dl_overview.py took 0.099 seconds
[2026-02-19T14:46:51.404+0000] {processor.py:161} INFO - Started process (PID=5762) to work on /opt/airflow/dags/dl_overview.py
[2026-02-19T14:46:51.404+0000] {processor.py:830} INFO - Processing file /opt/airflow/dags/dl_overview.py for tasks to queue
[2026-02-19T14:46:51.405+0000] {logging_mixin.py:188} INFO - [2026-02-19T14:46:51.405+0000] {dagbag.py:545} INFO - Filling up the DagBag from /opt/airflow/dags/dl_overview.py
[2026-02-19T14:46:51.444+0000] {processor.py:840} INFO - DAG(s) 'company_overview_to_minio' retrieved from /opt/airflow/dags/dl_overview.py
[2026-02-19T14:46:51.471+0000] {logging_mixin.py:188} INFO - [2026-02-19T14:46:51.471+0000] {dag.py:3089} INFO - Sync 1 DAGs
[2026-02-19T14:46:51.502+0000] {logging_mixin.py:188} INFO - [2026-02-19T14:46:51.502+0000] {dag.py:3947} INFO - Setting next_dagrun for company_overview_to_minio to 2026-02-15 00:00:00+00:00, run_after=2026-02-22 00:00:00+00:00
[2026-02-19T14:46:51.529+0000] {processor.py:183} INFO - Processing /opt/airflow/dags/dl_overview.py took 0.131 seconds
[2026-02-19T14:47:21.884+0000] {processor.py:161} INFO - Started process (PID=5784) to work on /opt/airflow/dags/dl_overview.py
[2026-02-19T14:47:21.885+0000] {processor.py:830} INFO - Processing file /opt/airflow/dags/dl_overview.py for tasks to queue
[2026-02-19T14:47:21.886+0000] {logging_mixin.py:188} INFO - [2026-02-19T14:47:21.886+0000] {dagbag.py:545} INFO - Filling up the DagBag from /opt/airflow/dags/dl_overview.py
[2026-02-19T14:47:21.916+0000] {processor.py:840} INFO - DAG(s) 'company_overview_to_minio' retrieved from /opt/airflow/dags/dl_overview.py
[2026-02-19T14:47:21.938+0000] {logging_mixin.py:188} INFO - [2026-02-19T14:47:21.937+0000] {dag.py:3089} INFO - Sync 1 DAGs
[2026-02-19T14:47:21.960+0000] {logging_mixin.py:188} INFO - [2026-02-19T14:47:21.959+0000] {dag.py:3947} INFO - Setting next_dagrun for company_overview_to_minio to 2026-02-15 00:00:00+00:00, run_after=2026-02-22 00:00:00+00:00
[2026-02-19T14:47:21.977+0000] {processor.py:183} INFO - Processing /opt/airflow/dags/dl_overview.py took 0.098 seconds
[2026-02-19T14:47:52.212+0000] {processor.py:161} INFO - Started process (PID=5806) to work on /opt/airflow/dags/dl_overview.py
[2026-02-19T14:47:52.212+0000] {processor.py:830} INFO - Processing file /opt/airflow/dags/dl_overview.py for tasks to queue
[2026-02-19T14:47:52.213+0000] {logging_mixin.py:188} INFO - [2026-02-19T14:47:52.213+0000] {dagbag.py:545} INFO - Filling up the DagBag from /opt/airflow/dags/dl_overview.py
[2026-02-19T14:47:52.245+0000] {processor.py:840} INFO - DAG(s) 'company_overview_to_minio' retrieved from /opt/airflow/dags/dl_overview.py
[2026-02-19T14:47:52.269+0000] {logging_mixin.py:188} INFO - [2026-02-19T14:47:52.269+0000] {dag.py:3089} INFO - Sync 1 DAGs
[2026-02-19T14:47:52.292+0000] {logging_mixin.py:188} INFO - [2026-02-19T14:47:52.292+0000] {dag.py:3947} INFO - Setting next_dagrun for company_overview_to_minio to 2026-02-15 00:00:00+00:00, run_after=2026-02-22 00:00:00+00:00
[2026-02-19T14:47:52.317+0000] {processor.py:183} INFO - Processing /opt/airflow/dags/dl_overview.py took 0.111 seconds
[2026-02-19T14:48:22.531+0000] {processor.py:161} INFO - Started process (PID=5828) to work on /opt/airflow/dags/dl_overview.py
[2026-02-19T14:48:22.532+0000] {processor.py:830} INFO - Processing file /opt/airflow/dags/dl_overview.py for tasks to queue
[2026-02-19T14:48:22.533+0000] {logging_mixin.py:188} INFO - [2026-02-19T14:48:22.533+0000] {dagbag.py:545} INFO - Filling up the DagBag from /opt/airflow/dags/dl_overview.py
[2026-02-19T14:48:22.564+0000] {processor.py:840} INFO - DAG(s) 'company_overview_to_minio' retrieved from /opt/airflow/dags/dl_overview.py
[2026-02-19T14:48:22.587+0000] {logging_mixin.py:188} INFO - [2026-02-19T14:48:22.587+0000] {dag.py:3089} INFO - Sync 1 DAGs
[2026-02-19T14:48:22.609+0000] {logging_mixin.py:188} INFO - [2026-02-19T14:48:22.609+0000] {dag.py:3947} INFO - Setting next_dagrun for company_overview_to_minio to 2026-02-15 00:00:00+00:00, run_after=2026-02-22 00:00:00+00:00
[2026-02-19T14:48:22.630+0000] {processor.py:183} INFO - Processing /opt/airflow/dags/dl_overview.py took 0.104 seconds
[2026-02-19T14:48:52.976+0000] {processor.py:161} INFO - Started process (PID=5850) to work on /opt/airflow/dags/dl_overview.py
[2026-02-19T14:48:52.977+0000] {processor.py:830} INFO - Processing file /opt/airflow/dags/dl_overview.py for tasks to queue
[2026-02-19T14:48:52.977+0000] {logging_mixin.py:188} INFO - [2026-02-19T14:48:52.977+0000] {dagbag.py:545} INFO - Filling up the DagBag from /opt/airflow/dags/dl_overview.py
[2026-02-19T14:48:53.004+0000] {processor.py:840} INFO - DAG(s) 'company_overview_to_minio' retrieved from /opt/airflow/dags/dl_overview.py
[2026-02-19T14:48:53.026+0000] {logging_mixin.py:188} INFO - [2026-02-19T14:48:53.025+0000] {dag.py:3089} INFO - Sync 1 DAGs
[2026-02-19T14:48:53.049+0000] {logging_mixin.py:188} INFO - [2026-02-19T14:48:53.049+0000] {dag.py:3947} INFO - Setting next_dagrun for company_overview_to_minio to 2026-02-15 00:00:00+00:00, run_after=2026-02-22 00:00:00+00:00
[2026-02-19T14:48:53.068+0000] {processor.py:183} INFO - Processing /opt/airflow/dags/dl_overview.py took 0.098 seconds
[2026-02-19T14:49:23.466+0000] {processor.py:161} INFO - Started process (PID=5872) to work on /opt/airflow/dags/dl_overview.py
[2026-02-19T14:49:23.467+0000] {processor.py:830} INFO - Processing file /opt/airflow/dags/dl_overview.py for tasks to queue
[2026-02-19T14:49:23.469+0000] {logging_mixin.py:188} INFO - [2026-02-19T14:49:23.468+0000] {dagbag.py:545} INFO - Filling up the DagBag from /opt/airflow/dags/dl_overview.py
[2026-02-19T14:49:23.511+0000] {processor.py:840} INFO - DAG(s) 'company_overview_to_minio' retrieved from /opt/airflow/dags/dl_overview.py
[2026-02-19T14:49:23.538+0000] {logging_mixin.py:188} INFO - [2026-02-19T14:49:23.537+0000] {dag.py:3089} INFO - Sync 1 DAGs
[2026-02-19T14:49:23.563+0000] {logging_mixin.py:188} INFO - [2026-02-19T14:49:23.563+0000] {dag.py:3947} INFO - Setting next_dagrun for company_overview_to_minio to 2026-02-15 00:00:00+00:00, run_after=2026-02-22 00:00:00+00:00
[2026-02-19T14:49:23.596+0000] {processor.py:183} INFO - Processing /opt/airflow/dags/dl_overview.py took 0.139 seconds
[2026-02-19T14:49:54.106+0000] {processor.py:161} INFO - Started process (PID=5895) to work on /opt/airflow/dags/dl_overview.py
[2026-02-19T14:49:54.107+0000] {processor.py:830} INFO - Processing file /opt/airflow/dags/dl_overview.py for tasks to queue
[2026-02-19T14:49:54.108+0000] {logging_mixin.py:188} INFO - [2026-02-19T14:49:54.107+0000] {dagbag.py:545} INFO - Filling up the DagBag from /opt/airflow/dags/dl_overview.py
[2026-02-19T14:49:54.136+0000] {processor.py:840} INFO - DAG(s) 'company_overview_to_minio' retrieved from /opt/airflow/dags/dl_overview.py
[2026-02-19T14:49:54.160+0000] {logging_mixin.py:188} INFO - [2026-02-19T14:49:54.160+0000] {dag.py:3089} INFO - Sync 1 DAGs
[2026-02-19T14:49:54.181+0000] {logging_mixin.py:188} INFO - [2026-02-19T14:49:54.180+0000] {dag.py:3947} INFO - Setting next_dagrun for company_overview_to_minio to 2026-02-15 00:00:00+00:00, run_after=2026-02-22 00:00:00+00:00
[2026-02-19T14:49:54.203+0000] {processor.py:183} INFO - Processing /opt/airflow/dags/dl_overview.py took 0.102 seconds
[2026-02-19T14:50:24.654+0000] {processor.py:161} INFO - Started process (PID=5923) to work on /opt/airflow/dags/dl_overview.py
[2026-02-19T14:50:24.655+0000] {processor.py:830} INFO - Processing file /opt/airflow/dags/dl_overview.py for tasks to queue
[2026-02-19T14:50:24.655+0000] {logging_mixin.py:188} INFO - [2026-02-19T14:50:24.655+0000] {dagbag.py:545} INFO - Filling up the DagBag from /opt/airflow/dags/dl_overview.py
[2026-02-19T14:50:24.681+0000] {processor.py:840} INFO - DAG(s) 'company_overview_to_minio' retrieved from /opt/airflow/dags/dl_overview.py
[2026-02-19T14:50:24.704+0000] {logging_mixin.py:188} INFO - [2026-02-19T14:50:24.704+0000] {dag.py:3089} INFO - Sync 1 DAGs
[2026-02-19T14:50:24.726+0000] {logging_mixin.py:188} INFO - [2026-02-19T14:50:24.726+0000] {dag.py:3947} INFO - Setting next_dagrun for company_overview_to_minio to 2026-02-15 00:00:00+00:00, run_after=2026-02-22 00:00:00+00:00
[2026-02-19T14:50:24.744+0000] {processor.py:183} INFO - Processing /opt/airflow/dags/dl_overview.py took 0.095 seconds
[2026-02-19T14:50:55.029+0000] {processor.py:161} INFO - Started process (PID=5945) to work on /opt/airflow/dags/dl_overview.py
[2026-02-19T14:50:55.030+0000] {processor.py:830} INFO - Processing file /opt/airflow/dags/dl_overview.py for tasks to queue
[2026-02-19T14:50:55.031+0000] {logging_mixin.py:188} INFO - [2026-02-19T14:50:55.030+0000] {dagbag.py:545} INFO - Filling up the DagBag from /opt/airflow/dags/dl_overview.py
[2026-02-19T14:50:55.058+0000] {processor.py:840} INFO - DAG(s) 'company_overview_to_minio' retrieved from /opt/airflow/dags/dl_overview.py
[2026-02-19T14:50:55.079+0000] {logging_mixin.py:188} INFO - [2026-02-19T14:50:55.079+0000] {dag.py:3089} INFO - Sync 1 DAGs
[2026-02-19T14:50:55.102+0000] {logging_mixin.py:188} INFO - [2026-02-19T14:50:55.101+0000] {dag.py:3947} INFO - Setting next_dagrun for company_overview_to_minio to 2026-02-15 00:00:00+00:00, run_after=2026-02-22 00:00:00+00:00
[2026-02-19T14:50:55.122+0000] {processor.py:183} INFO - Processing /opt/airflow/dags/dl_overview.py took 0.098 seconds
[2026-02-19T14:51:25.525+0000] {processor.py:161} INFO - Started process (PID=5967) to work on /opt/airflow/dags/dl_overview.py
[2026-02-19T14:51:25.526+0000] {processor.py:830} INFO - Processing file /opt/airflow/dags/dl_overview.py for tasks to queue
[2026-02-19T14:51:25.527+0000] {logging_mixin.py:188} INFO - [2026-02-19T14:51:25.527+0000] {dagbag.py:545} INFO - Filling up the DagBag from /opt/airflow/dags/dl_overview.py
[2026-02-19T14:51:25.554+0000] {processor.py:840} INFO - DAG(s) 'company_overview_to_minio' retrieved from /opt/airflow/dags/dl_overview.py
[2026-02-19T14:51:25.575+0000] {logging_mixin.py:188} INFO - [2026-02-19T14:51:25.575+0000] {dag.py:3089} INFO - Sync 1 DAGs
[2026-02-19T14:51:25.595+0000] {logging_mixin.py:188} INFO - [2026-02-19T14:51:25.595+0000] {dag.py:3947} INFO - Setting next_dagrun for company_overview_to_minio to 2026-02-15 00:00:00+00:00, run_after=2026-02-22 00:00:00+00:00
[2026-02-19T14:51:25.617+0000] {processor.py:183} INFO - Processing /opt/airflow/dags/dl_overview.py took 0.097 seconds
[2026-02-19T14:51:56.031+0000] {processor.py:161} INFO - Started process (PID=5989) to work on /opt/airflow/dags/dl_overview.py
[2026-02-19T14:51:56.032+0000] {processor.py:830} INFO - Processing file /opt/airflow/dags/dl_overview.py for tasks to queue
[2026-02-19T14:51:56.033+0000] {logging_mixin.py:188} INFO - [2026-02-19T14:51:56.032+0000] {dagbag.py:545} INFO - Filling up the DagBag from /opt/airflow/dags/dl_overview.py
[2026-02-19T14:51:56.061+0000] {processor.py:840} INFO - DAG(s) 'company_overview_to_minio' retrieved from /opt/airflow/dags/dl_overview.py
[2026-02-19T14:51:56.084+0000] {logging_mixin.py:188} INFO - [2026-02-19T14:51:56.084+0000] {dag.py:3089} INFO - Sync 1 DAGs
[2026-02-19T14:51:56.104+0000] {logging_mixin.py:188} INFO - [2026-02-19T14:51:56.104+0000] {dag.py:3947} INFO - Setting next_dagrun for company_overview_to_minio to 2026-02-15 00:00:00+00:00, run_after=2026-02-22 00:00:00+00:00
[2026-02-19T14:51:56.122+0000] {processor.py:183} INFO - Processing /opt/airflow/dags/dl_overview.py took 0.098 seconds
[2026-02-19T14:52:26.439+0000] {processor.py:161} INFO - Started process (PID=6011) to work on /opt/airflow/dags/dl_overview.py
[2026-02-19T14:52:26.440+0000] {processor.py:830} INFO - Processing file /opt/airflow/dags/dl_overview.py for tasks to queue
[2026-02-19T14:52:26.441+0000] {logging_mixin.py:188} INFO - [2026-02-19T14:52:26.441+0000] {dagbag.py:545} INFO - Filling up the DagBag from /opt/airflow/dags/dl_overview.py
[2026-02-19T14:52:26.469+0000] {processor.py:840} INFO - DAG(s) 'company_overview_to_minio' retrieved from /opt/airflow/dags/dl_overview.py
[2026-02-19T14:52:26.495+0000] {logging_mixin.py:188} INFO - [2026-02-19T14:52:26.495+0000] {dag.py:3089} INFO - Sync 1 DAGs
[2026-02-19T14:52:26.515+0000] {logging_mixin.py:188} INFO - [2026-02-19T14:52:26.515+0000] {dag.py:3947} INFO - Setting next_dagrun for company_overview_to_minio to 2026-02-15 00:00:00+00:00, run_after=2026-02-22 00:00:00+00:00
[2026-02-19T14:52:26.532+0000] {processor.py:183} INFO - Processing /opt/airflow/dags/dl_overview.py took 0.098 seconds
[2026-02-19T14:52:56.743+0000] {processor.py:161} INFO - Started process (PID=6033) to work on /opt/airflow/dags/dl_overview.py
[2026-02-19T14:52:56.744+0000] {processor.py:830} INFO - Processing file /opt/airflow/dags/dl_overview.py for tasks to queue
[2026-02-19T14:52:56.745+0000] {logging_mixin.py:188} INFO - [2026-02-19T14:52:56.744+0000] {dagbag.py:545} INFO - Filling up the DagBag from /opt/airflow/dags/dl_overview.py
[2026-02-19T14:52:56.776+0000] {processor.py:840} INFO - DAG(s) 'company_overview_to_minio' retrieved from /opt/airflow/dags/dl_overview.py
[2026-02-19T14:52:56.802+0000] {logging_mixin.py:188} INFO - [2026-02-19T14:52:56.801+0000] {dag.py:3089} INFO - Sync 1 DAGs
[2026-02-19T14:52:56.825+0000] {logging_mixin.py:188} INFO - [2026-02-19T14:52:56.825+0000] {dag.py:3947} INFO - Setting next_dagrun for company_overview_to_minio to 2026-02-15 00:00:00+00:00, run_after=2026-02-22 00:00:00+00:00
[2026-02-19T14:52:56.845+0000] {processor.py:183} INFO - Processing /opt/airflow/dags/dl_overview.py took 0.107 seconds
[2026-02-19T14:53:27.106+0000] {processor.py:161} INFO - Started process (PID=6055) to work on /opt/airflow/dags/dl_overview.py
[2026-02-19T14:53:27.107+0000] {processor.py:830} INFO - Processing file /opt/airflow/dags/dl_overview.py for tasks to queue
[2026-02-19T14:53:27.108+0000] {logging_mixin.py:188} INFO - [2026-02-19T14:53:27.108+0000] {dagbag.py:545} INFO - Filling up the DagBag from /opt/airflow/dags/dl_overview.py
[2026-02-19T14:53:27.141+0000] {processor.py:840} INFO - DAG(s) 'company_overview_to_minio' retrieved from /opt/airflow/dags/dl_overview.py
[2026-02-19T14:53:27.170+0000] {logging_mixin.py:188} INFO - [2026-02-19T14:53:27.170+0000] {dag.py:3089} INFO - Sync 1 DAGs
[2026-02-19T14:53:27.199+0000] {logging_mixin.py:188} INFO - [2026-02-19T14:53:27.199+0000] {dag.py:3947} INFO - Setting next_dagrun for company_overview_to_minio to 2026-02-15 00:00:00+00:00, run_after=2026-02-22 00:00:00+00:00
[2026-02-19T14:53:27.221+0000] {processor.py:183} INFO - Processing /opt/airflow/dags/dl_overview.py took 0.120 seconds
[2026-02-19T14:53:57.399+0000] {processor.py:161} INFO - Started process (PID=6077) to work on /opt/airflow/dags/dl_overview.py
[2026-02-19T14:53:57.400+0000] {processor.py:830} INFO - Processing file /opt/airflow/dags/dl_overview.py for tasks to queue
[2026-02-19T14:53:57.401+0000] {logging_mixin.py:188} INFO - [2026-02-19T14:53:57.401+0000] {dagbag.py:545} INFO - Filling up the DagBag from /opt/airflow/dags/dl_overview.py
[2026-02-19T14:53:57.434+0000] {processor.py:840} INFO - DAG(s) 'company_overview_to_minio' retrieved from /opt/airflow/dags/dl_overview.py
[2026-02-19T14:53:57.457+0000] {logging_mixin.py:188} INFO - [2026-02-19T14:53:57.456+0000] {dag.py:3089} INFO - Sync 1 DAGs
[2026-02-19T14:53:57.481+0000] {logging_mixin.py:188} INFO - [2026-02-19T14:53:57.480+0000] {dag.py:3947} INFO - Setting next_dagrun for company_overview_to_minio to 2026-02-15 00:00:00+00:00, run_after=2026-02-22 00:00:00+00:00
[2026-02-19T14:53:57.505+0000] {processor.py:183} INFO - Processing /opt/airflow/dags/dl_overview.py took 0.111 seconds
[2026-02-19T14:54:27.948+0000] {processor.py:161} INFO - Started process (PID=6099) to work on /opt/airflow/dags/dl_overview.py
[2026-02-19T14:54:27.949+0000] {processor.py:830} INFO - Processing file /opt/airflow/dags/dl_overview.py for tasks to queue
[2026-02-19T14:54:27.950+0000] {logging_mixin.py:188} INFO - [2026-02-19T14:54:27.949+0000] {dagbag.py:545} INFO - Filling up the DagBag from /opt/airflow/dags/dl_overview.py
[2026-02-19T14:54:27.980+0000] {processor.py:840} INFO - DAG(s) 'company_overview_to_minio' retrieved from /opt/airflow/dags/dl_overview.py
[2026-02-19T14:54:28.004+0000] {logging_mixin.py:188} INFO - [2026-02-19T14:54:28.004+0000] {dag.py:3089} INFO - Sync 1 DAGs
[2026-02-19T14:54:28.027+0000] {logging_mixin.py:188} INFO - [2026-02-19T14:54:28.027+0000] {dag.py:3947} INFO - Setting next_dagrun for company_overview_to_minio to 2026-02-15 00:00:00+00:00, run_after=2026-02-22 00:00:00+00:00
[2026-02-19T14:54:28.045+0000] {processor.py:183} INFO - Processing /opt/airflow/dags/dl_overview.py took 0.103 seconds
[2026-02-19T14:54:58.316+0000] {processor.py:161} INFO - Started process (PID=6121) to work on /opt/airflow/dags/dl_overview.py
[2026-02-19T14:54:58.317+0000] {processor.py:830} INFO - Processing file /opt/airflow/dags/dl_overview.py for tasks to queue
[2026-02-19T14:54:58.318+0000] {logging_mixin.py:188} INFO - [2026-02-19T14:54:58.318+0000] {dagbag.py:545} INFO - Filling up the DagBag from /opt/airflow/dags/dl_overview.py
[2026-02-19T14:54:58.348+0000] {processor.py:840} INFO - DAG(s) 'company_overview_to_minio' retrieved from /opt/airflow/dags/dl_overview.py
[2026-02-19T14:54:58.371+0000] {logging_mixin.py:188} INFO - [2026-02-19T14:54:58.370+0000] {dag.py:3089} INFO - Sync 1 DAGs
[2026-02-19T14:54:58.394+0000] {logging_mixin.py:188} INFO - [2026-02-19T14:54:58.393+0000] {dag.py:3947} INFO - Setting next_dagrun for company_overview_to_minio to 2026-02-15 00:00:00+00:00, run_after=2026-02-22 00:00:00+00:00
[2026-02-19T14:54:58.412+0000] {processor.py:183} INFO - Processing /opt/airflow/dags/dl_overview.py took 0.102 seconds
[2026-02-19T14:55:28.605+0000] {processor.py:161} INFO - Started process (PID=6143) to work on /opt/airflow/dags/dl_overview.py
[2026-02-19T14:55:28.606+0000] {processor.py:830} INFO - Processing file /opt/airflow/dags/dl_overview.py for tasks to queue
[2026-02-19T14:55:28.608+0000] {logging_mixin.py:188} INFO - [2026-02-19T14:55:28.607+0000] {dagbag.py:545} INFO - Filling up the DagBag from /opt/airflow/dags/dl_overview.py
[2026-02-19T14:55:28.637+0000] {processor.py:840} INFO - DAG(s) 'company_overview_to_minio' retrieved from /opt/airflow/dags/dl_overview.py
[2026-02-19T14:55:28.659+0000] {logging_mixin.py:188} INFO - [2026-02-19T14:55:28.659+0000] {dag.py:3089} INFO - Sync 1 DAGs
[2026-02-19T14:55:28.682+0000] {logging_mixin.py:188} INFO - [2026-02-19T14:55:28.682+0000] {dag.py:3947} INFO - Setting next_dagrun for company_overview_to_minio to 2026-02-15 00:00:00+00:00, run_after=2026-02-22 00:00:00+00:00
[2026-02-19T14:55:28.699+0000] {processor.py:183} INFO - Processing /opt/airflow/dags/dl_overview.py took 0.099 seconds
[2026-02-19T14:55:58.980+0000] {processor.py:161} INFO - Started process (PID=6165) to work on /opt/airflow/dags/dl_overview.py
[2026-02-19T14:55:58.981+0000] {processor.py:830} INFO - Processing file /opt/airflow/dags/dl_overview.py for tasks to queue
[2026-02-19T14:55:58.982+0000] {logging_mixin.py:188} INFO - [2026-02-19T14:55:58.982+0000] {dagbag.py:545} INFO - Filling up the DagBag from /opt/airflow/dags/dl_overview.py
[2026-02-19T14:55:59.012+0000] {processor.py:840} INFO - DAG(s) 'company_overview_to_minio' retrieved from /opt/airflow/dags/dl_overview.py
[2026-02-19T14:55:59.036+0000] {logging_mixin.py:188} INFO - [2026-02-19T14:55:59.036+0000] {dag.py:3089} INFO - Sync 1 DAGs
[2026-02-19T14:55:59.057+0000] {logging_mixin.py:188} INFO - [2026-02-19T14:55:59.057+0000] {dag.py:3947} INFO - Setting next_dagrun for company_overview_to_minio to 2026-02-15 00:00:00+00:00, run_after=2026-02-22 00:00:00+00:00
[2026-02-19T14:55:59.077+0000] {processor.py:183} INFO - Processing /opt/airflow/dags/dl_overview.py took 0.102 seconds
[2026-02-19T14:56:29.628+0000] {processor.py:161} INFO - Started process (PID=6187) to work on /opt/airflow/dags/dl_overview.py
[2026-02-19T14:56:29.629+0000] {processor.py:830} INFO - Processing file /opt/airflow/dags/dl_overview.py for tasks to queue
[2026-02-19T14:56:29.629+0000] {logging_mixin.py:188} INFO - [2026-02-19T14:56:29.629+0000] {dagbag.py:545} INFO - Filling up the DagBag from /opt/airflow/dags/dl_overview.py
[2026-02-19T14:56:29.661+0000] {processor.py:840} INFO - DAG(s) 'company_overview_to_minio' retrieved from /opt/airflow/dags/dl_overview.py
[2026-02-19T14:56:29.686+0000] {logging_mixin.py:188} INFO - [2026-02-19T14:56:29.686+0000] {dag.py:3089} INFO - Sync 1 DAGs
[2026-02-19T14:56:29.713+0000] {logging_mixin.py:188} INFO - [2026-02-19T14:56:29.713+0000] {dag.py:3947} INFO - Setting next_dagrun for company_overview_to_minio to 2026-02-15 00:00:00+00:00, run_after=2026-02-22 00:00:00+00:00
[2026-02-19T14:56:29.740+0000] {processor.py:183} INFO - Processing /opt/airflow/dags/dl_overview.py took 0.119 seconds
[2026-02-19T14:57:00.054+0000] {processor.py:161} INFO - Started process (PID=6209) to work on /opt/airflow/dags/dl_overview.py
[2026-02-19T14:57:00.055+0000] {processor.py:830} INFO - Processing file /opt/airflow/dags/dl_overview.py for tasks to queue
[2026-02-19T14:57:00.056+0000] {logging_mixin.py:188} INFO - [2026-02-19T14:57:00.055+0000] {dagbag.py:545} INFO - Filling up the DagBag from /opt/airflow/dags/dl_overview.py
[2026-02-19T14:57:00.083+0000] {processor.py:840} INFO - DAG(s) 'company_overview_to_minio' retrieved from /opt/airflow/dags/dl_overview.py
[2026-02-19T14:57:00.104+0000] {logging_mixin.py:188} INFO - [2026-02-19T14:57:00.104+0000] {dag.py:3089} INFO - Sync 1 DAGs
[2026-02-19T14:57:00.125+0000] {logging_mixin.py:188} INFO - [2026-02-19T14:57:00.124+0000] {dag.py:3947} INFO - Setting next_dagrun for company_overview_to_minio to 2026-02-15 00:00:00+00:00, run_after=2026-02-22 00:00:00+00:00
[2026-02-19T14:57:00.145+0000] {processor.py:183} INFO - Processing /opt/airflow/dags/dl_overview.py took 0.096 seconds
[2026-02-19T14:57:30.379+0000] {processor.py:161} INFO - Started process (PID=6232) to work on /opt/airflow/dags/dl_overview.py
[2026-02-19T14:57:30.380+0000] {processor.py:830} INFO - Processing file /opt/airflow/dags/dl_overview.py for tasks to queue
[2026-02-19T14:57:30.381+0000] {logging_mixin.py:188} INFO - [2026-02-19T14:57:30.381+0000] {dagbag.py:545} INFO - Filling up the DagBag from /opt/airflow/dags/dl_overview.py
[2026-02-19T14:57:30.417+0000] {processor.py:840} INFO - DAG(s) 'company_overview_to_minio' retrieved from /opt/airflow/dags/dl_overview.py
[2026-02-19T14:57:30.445+0000] {logging_mixin.py:188} INFO - [2026-02-19T14:57:30.445+0000] {dag.py:3089} INFO - Sync 1 DAGs
[2026-02-19T14:57:30.470+0000] {logging_mixin.py:188} INFO - [2026-02-19T14:57:30.469+0000] {dag.py:3947} INFO - Setting next_dagrun for company_overview_to_minio to 2026-02-15 00:00:00+00:00, run_after=2026-02-22 00:00:00+00:00
[2026-02-19T14:57:30.490+0000] {processor.py:183} INFO - Processing /opt/airflow/dags/dl_overview.py took 0.118 seconds
[2026-02-19T14:58:01.007+0000] {processor.py:161} INFO - Started process (PID=6254) to work on /opt/airflow/dags/dl_overview.py
[2026-02-19T14:58:01.008+0000] {processor.py:830} INFO - Processing file /opt/airflow/dags/dl_overview.py for tasks to queue
[2026-02-19T14:58:01.009+0000] {logging_mixin.py:188} INFO - [2026-02-19T14:58:01.009+0000] {dagbag.py:545} INFO - Filling up the DagBag from /opt/airflow/dags/dl_overview.py
[2026-02-19T14:58:01.038+0000] {processor.py:840} INFO - DAG(s) 'company_overview_to_minio' retrieved from /opt/airflow/dags/dl_overview.py
[2026-02-19T14:58:01.059+0000] {logging_mixin.py:188} INFO - [2026-02-19T14:58:01.058+0000] {dag.py:3089} INFO - Sync 1 DAGs
[2026-02-19T14:58:01.083+0000] {logging_mixin.py:188} INFO - [2026-02-19T14:58:01.082+0000] {dag.py:3947} INFO - Setting next_dagrun for company_overview_to_minio to 2026-02-15 00:00:00+00:00, run_after=2026-02-22 00:00:00+00:00
[2026-02-19T14:58:01.106+0000] {processor.py:183} INFO - Processing /opt/airflow/dags/dl_overview.py took 0.104 seconds
[2026-02-19T14:58:31.487+0000] {processor.py:161} INFO - Started process (PID=6276) to work on /opt/airflow/dags/dl_overview.py
[2026-02-19T14:58:31.488+0000] {processor.py:830} INFO - Processing file /opt/airflow/dags/dl_overview.py for tasks to queue
[2026-02-19T14:58:31.488+0000] {logging_mixin.py:188} INFO - [2026-02-19T14:58:31.488+0000] {dagbag.py:545} INFO - Filling up the DagBag from /opt/airflow/dags/dl_overview.py
[2026-02-19T14:58:31.518+0000] {processor.py:840} INFO - DAG(s) 'company_overview_to_minio' retrieved from /opt/airflow/dags/dl_overview.py
[2026-02-19T14:58:31.541+0000] {logging_mixin.py:188} INFO - [2026-02-19T14:58:31.541+0000] {dag.py:3089} INFO - Sync 1 DAGs
[2026-02-19T14:58:31.561+0000] {logging_mixin.py:188} INFO - [2026-02-19T14:58:31.561+0000] {dag.py:3947} INFO - Setting next_dagrun for company_overview_to_minio to 2026-02-15 00:00:00+00:00, run_after=2026-02-22 00:00:00+00:00
[2026-02-19T14:58:31.584+0000] {processor.py:183} INFO - Processing /opt/airflow/dags/dl_overview.py took 0.102 seconds
[2026-02-19T14:59:02.040+0000] {processor.py:161} INFO - Started process (PID=6298) to work on /opt/airflow/dags/dl_overview.py
[2026-02-19T14:59:02.041+0000] {processor.py:830} INFO - Processing file /opt/airflow/dags/dl_overview.py for tasks to queue
[2026-02-19T14:59:02.042+0000] {logging_mixin.py:188} INFO - [2026-02-19T14:59:02.041+0000] {dagbag.py:545} INFO - Filling up the DagBag from /opt/airflow/dags/dl_overview.py
[2026-02-19T14:59:02.069+0000] {processor.py:840} INFO - DAG(s) 'company_overview_to_minio' retrieved from /opt/airflow/dags/dl_overview.py
[2026-02-19T14:59:02.091+0000] {logging_mixin.py:188} INFO - [2026-02-19T14:59:02.091+0000] {dag.py:3089} INFO - Sync 1 DAGs
[2026-02-19T14:59:02.113+0000] {logging_mixin.py:188} INFO - [2026-02-19T14:59:02.113+0000] {dag.py:3947} INFO - Setting next_dagrun for company_overview_to_minio to 2026-02-15 00:00:00+00:00, run_after=2026-02-22 00:00:00+00:00
[2026-02-19T14:59:02.136+0000] {processor.py:183} INFO - Processing /opt/airflow/dags/dl_overview.py took 0.101 seconds
[2026-02-19T14:59:32.361+0000] {processor.py:161} INFO - Started process (PID=6320) to work on /opt/airflow/dags/dl_overview.py
[2026-02-19T14:59:32.362+0000] {processor.py:830} INFO - Processing file /opt/airflow/dags/dl_overview.py for tasks to queue
[2026-02-19T14:59:32.363+0000] {logging_mixin.py:188} INFO - [2026-02-19T14:59:32.363+0000] {dagbag.py:545} INFO - Filling up the DagBag from /opt/airflow/dags/dl_overview.py
[2026-02-19T14:59:32.400+0000] {processor.py:840} INFO - DAG(s) 'company_overview_to_minio' retrieved from /opt/airflow/dags/dl_overview.py
[2026-02-19T14:59:32.425+0000] {logging_mixin.py:188} INFO - [2026-02-19T14:59:32.425+0000] {dag.py:3089} INFO - Sync 1 DAGs
[2026-02-19T14:59:32.450+0000] {logging_mixin.py:188} INFO - [2026-02-19T14:59:32.450+0000] {dag.py:3947} INFO - Setting next_dagrun for company_overview_to_minio to 2026-02-15 00:00:00+00:00, run_after=2026-02-22 00:00:00+00:00
[2026-02-19T14:59:32.476+0000] {processor.py:183} INFO - Processing /opt/airflow/dags/dl_overview.py took 0.121 seconds
[2026-02-19T15:00:02.650+0000] {processor.py:161} INFO - Started process (PID=6342) to work on /opt/airflow/dags/dl_overview.py
[2026-02-19T15:00:02.651+0000] {processor.py:830} INFO - Processing file /opt/airflow/dags/dl_overview.py for tasks to queue
[2026-02-19T15:00:02.652+0000] {logging_mixin.py:188} INFO - [2026-02-19T15:00:02.651+0000] {dagbag.py:545} INFO - Filling up the DagBag from /opt/airflow/dags/dl_overview.py
[2026-02-19T15:00:02.683+0000] {processor.py:840} INFO - DAG(s) 'company_overview_to_minio' retrieved from /opt/airflow/dags/dl_overview.py
[2026-02-19T15:00:02.707+0000] {logging_mixin.py:188} INFO - [2026-02-19T15:00:02.706+0000] {dag.py:3089} INFO - Sync 1 DAGs
[2026-02-19T15:00:02.730+0000] {logging_mixin.py:188} INFO - [2026-02-19T15:00:02.730+0000] {dag.py:3947} INFO - Setting next_dagrun for company_overview_to_minio to 2026-02-15 00:00:00+00:00, run_after=2026-02-22 00:00:00+00:00
[2026-02-19T15:00:02.753+0000] {processor.py:183} INFO - Processing /opt/airflow/dags/dl_overview.py took 0.108 seconds
[2026-02-19T15:00:32.917+0000] {processor.py:161} INFO - Started process (PID=6364) to work on /opt/airflow/dags/dl_overview.py
[2026-02-19T15:00:32.918+0000] {processor.py:830} INFO - Processing file /opt/airflow/dags/dl_overview.py for tasks to queue
[2026-02-19T15:00:32.919+0000] {logging_mixin.py:188} INFO - [2026-02-19T15:00:32.919+0000] {dagbag.py:545} INFO - Filling up the DagBag from /opt/airflow/dags/dl_overview.py
[2026-02-19T15:00:32.948+0000] {processor.py:840} INFO - DAG(s) 'company_overview_to_minio' retrieved from /opt/airflow/dags/dl_overview.py
[2026-02-19T15:00:32.971+0000] {logging_mixin.py:188} INFO - [2026-02-19T15:00:32.970+0000] {dag.py:3089} INFO - Sync 1 DAGs
[2026-02-19T15:00:32.994+0000] {logging_mixin.py:188} INFO - [2026-02-19T15:00:32.993+0000] {dag.py:3947} INFO - Setting next_dagrun for company_overview_to_minio to 2026-02-15 00:00:00+00:00, run_after=2026-02-22 00:00:00+00:00
[2026-02-19T15:00:33.012+0000] {processor.py:183} INFO - Processing /opt/airflow/dags/dl_overview.py took 0.100 seconds
[2026-02-19T15:01:03.109+0000] {processor.py:161} INFO - Started process (PID=6386) to work on /opt/airflow/dags/dl_overview.py
[2026-02-19T15:01:03.110+0000] {processor.py:830} INFO - Processing file /opt/airflow/dags/dl_overview.py for tasks to queue
[2026-02-19T15:01:03.111+0000] {logging_mixin.py:188} INFO - [2026-02-19T15:01:03.110+0000] {dagbag.py:545} INFO - Filling up the DagBag from /opt/airflow/dags/dl_overview.py
[2026-02-19T15:01:03.142+0000] {processor.py:840} INFO - DAG(s) 'company_overview_to_minio' retrieved from /opt/airflow/dags/dl_overview.py
[2026-02-19T15:01:03.167+0000] {logging_mixin.py:188} INFO - [2026-02-19T15:01:03.167+0000] {dag.py:3089} INFO - Sync 1 DAGs
[2026-02-19T15:01:03.190+0000] {logging_mixin.py:188} INFO - [2026-02-19T15:01:03.189+0000] {dag.py:3947} INFO - Setting next_dagrun for company_overview_to_minio to 2026-02-15 00:00:00+00:00, run_after=2026-02-22 00:00:00+00:00
[2026-02-19T15:01:03.209+0000] {processor.py:183} INFO - Processing /opt/airflow/dags/dl_overview.py took 0.106 seconds
[2026-02-19T15:01:33.679+0000] {processor.py:161} INFO - Started process (PID=6408) to work on /opt/airflow/dags/dl_overview.py
[2026-02-19T15:01:33.680+0000] {processor.py:830} INFO - Processing file /opt/airflow/dags/dl_overview.py for tasks to queue
[2026-02-19T15:01:33.681+0000] {logging_mixin.py:188} INFO - [2026-02-19T15:01:33.681+0000] {dagbag.py:545} INFO - Filling up the DagBag from /opt/airflow/dags/dl_overview.py
[2026-02-19T15:01:33.711+0000] {processor.py:840} INFO - DAG(s) 'company_overview_to_minio' retrieved from /opt/airflow/dags/dl_overview.py
[2026-02-19T15:01:33.733+0000] {logging_mixin.py:188} INFO - [2026-02-19T15:01:33.733+0000] {dag.py:3089} INFO - Sync 1 DAGs
[2026-02-19T15:01:33.754+0000] {logging_mixin.py:188} INFO - [2026-02-19T15:01:33.753+0000] {dag.py:3947} INFO - Setting next_dagrun for company_overview_to_minio to 2026-02-15 00:00:00+00:00, run_after=2026-02-22 00:00:00+00:00
[2026-02-19T15:01:33.775+0000] {processor.py:183} INFO - Processing /opt/airflow/dags/dl_overview.py took 0.102 seconds
[2026-02-19T15:02:04.293+0000] {processor.py:161} INFO - Started process (PID=6430) to work on /opt/airflow/dags/dl_overview.py
[2026-02-19T15:02:04.294+0000] {processor.py:830} INFO - Processing file /opt/airflow/dags/dl_overview.py for tasks to queue
[2026-02-19T15:02:04.294+0000] {logging_mixin.py:188} INFO - [2026-02-19T15:02:04.294+0000] {dagbag.py:545} INFO - Filling up the DagBag from /opt/airflow/dags/dl_overview.py
[2026-02-19T15:02:04.326+0000] {processor.py:840} INFO - DAG(s) 'company_overview_to_minio' retrieved from /opt/airflow/dags/dl_overview.py
[2026-02-19T15:02:04.349+0000] {logging_mixin.py:188} INFO - [2026-02-19T15:02:04.349+0000] {dag.py:3089} INFO - Sync 1 DAGs
[2026-02-19T15:02:04.372+0000] {logging_mixin.py:188} INFO - [2026-02-19T15:02:04.372+0000] {dag.py:3947} INFO - Setting next_dagrun for company_overview_to_minio to 2026-02-15 00:00:00+00:00, run_after=2026-02-22 00:00:00+00:00
[2026-02-19T15:02:04.396+0000] {processor.py:183} INFO - Processing /opt/airflow/dags/dl_overview.py took 0.109 seconds
[2026-02-19T15:02:34.547+0000] {processor.py:161} INFO - Started process (PID=6452) to work on /opt/airflow/dags/dl_overview.py
[2026-02-19T15:02:34.547+0000] {processor.py:830} INFO - Processing file /opt/airflow/dags/dl_overview.py for tasks to queue
[2026-02-19T15:02:34.548+0000] {logging_mixin.py:188} INFO - [2026-02-19T15:02:34.548+0000] {dagbag.py:545} INFO - Filling up the DagBag from /opt/airflow/dags/dl_overview.py
[2026-02-19T15:02:34.576+0000] {processor.py:840} INFO - DAG(s) 'company_overview_to_minio' retrieved from /opt/airflow/dags/dl_overview.py
[2026-02-19T15:02:34.597+0000] {logging_mixin.py:188} INFO - [2026-02-19T15:02:34.597+0000] {dag.py:3089} INFO - Sync 1 DAGs
[2026-02-19T15:02:34.617+0000] {logging_mixin.py:188} INFO - [2026-02-19T15:02:34.617+0000] {dag.py:3947} INFO - Setting next_dagrun for company_overview_to_minio to 2026-02-15 00:00:00+00:00, run_after=2026-02-22 00:00:00+00:00
[2026-02-19T15:02:34.638+0000] {processor.py:183} INFO - Processing /opt/airflow/dags/dl_overview.py took 0.097 seconds
[2026-02-19T15:03:05.229+0000] {processor.py:161} INFO - Started process (PID=6474) to work on /opt/airflow/dags/dl_overview.py
[2026-02-19T15:03:05.230+0000] {processor.py:830} INFO - Processing file /opt/airflow/dags/dl_overview.py for tasks to queue
[2026-02-19T15:03:05.231+0000] {logging_mixin.py:188} INFO - [2026-02-19T15:03:05.230+0000] {dagbag.py:545} INFO - Filling up the DagBag from /opt/airflow/dags/dl_overview.py
[2026-02-19T15:03:05.263+0000] {processor.py:840} INFO - DAG(s) 'company_overview_to_minio' retrieved from /opt/airflow/dags/dl_overview.py
[2026-02-19T15:03:05.286+0000] {logging_mixin.py:188} INFO - [2026-02-19T15:03:05.285+0000] {dag.py:3089} INFO - Sync 1 DAGs
[2026-02-19T15:03:05.310+0000] {logging_mixin.py:188} INFO - [2026-02-19T15:03:05.310+0000] {dag.py:3947} INFO - Setting next_dagrun for company_overview_to_minio to 2026-02-15 00:00:00+00:00, run_after=2026-02-22 00:00:00+00:00
[2026-02-19T15:03:05.330+0000] {processor.py:183} INFO - Processing /opt/airflow/dags/dl_overview.py took 0.108 seconds
[2026-02-19T15:03:35.480+0000] {processor.py:161} INFO - Started process (PID=6496) to work on /opt/airflow/dags/dl_overview.py
[2026-02-19T15:03:35.480+0000] {processor.py:830} INFO - Processing file /opt/airflow/dags/dl_overview.py for tasks to queue
[2026-02-19T15:03:35.481+0000] {logging_mixin.py:188} INFO - [2026-02-19T15:03:35.481+0000] {dagbag.py:545} INFO - Filling up the DagBag from /opt/airflow/dags/dl_overview.py
[2026-02-19T15:03:35.511+0000] {processor.py:840} INFO - DAG(s) 'company_overview_to_minio' retrieved from /opt/airflow/dags/dl_overview.py
[2026-02-19T15:03:35.533+0000] {logging_mixin.py:188} INFO - [2026-02-19T15:03:35.533+0000] {dag.py:3089} INFO - Sync 1 DAGs
[2026-02-19T15:03:35.553+0000] {logging_mixin.py:188} INFO - [2026-02-19T15:03:35.553+0000] {dag.py:3947} INFO - Setting next_dagrun for company_overview_to_minio to 2026-02-15 00:00:00+00:00, run_after=2026-02-22 00:00:00+00:00
[2026-02-19T15:03:35.817+0000] {processor.py:183} INFO - Processing /opt/airflow/dags/dl_overview.py took 0.343 seconds
[2026-02-19T15:04:05.926+0000] {processor.py:161} INFO - Started process (PID=6518) to work on /opt/airflow/dags/dl_overview.py
[2026-02-19T15:04:05.926+0000] {processor.py:830} INFO - Processing file /opt/airflow/dags/dl_overview.py for tasks to queue
[2026-02-19T15:04:05.927+0000] {logging_mixin.py:188} INFO - [2026-02-19T15:04:05.927+0000] {dagbag.py:545} INFO - Filling up the DagBag from /opt/airflow/dags/dl_overview.py
[2026-02-19T15:04:05.955+0000] {processor.py:840} INFO - DAG(s) 'company_overview_to_minio' retrieved from /opt/airflow/dags/dl_overview.py
[2026-02-19T15:04:05.976+0000] {logging_mixin.py:188} INFO - [2026-02-19T15:04:05.976+0000] {dag.py:3089} INFO - Sync 1 DAGs
[2026-02-19T15:04:05.996+0000] {logging_mixin.py:188} INFO - [2026-02-19T15:04:05.996+0000] {dag.py:3947} INFO - Setting next_dagrun for company_overview_to_minio to 2026-02-15 00:00:00+00:00, run_after=2026-02-22 00:00:00+00:00
[2026-02-19T15:04:06.017+0000] {processor.py:183} INFO - Processing /opt/airflow/dags/dl_overview.py took 0.097 seconds
[2026-02-19T15:04:36.734+0000] {processor.py:161} INFO - Started process (PID=6540) to work on /opt/airflow/dags/dl_overview.py
[2026-02-19T15:04:36.735+0000] {processor.py:830} INFO - Processing file /opt/airflow/dags/dl_overview.py for tasks to queue
[2026-02-19T15:04:36.736+0000] {logging_mixin.py:188} INFO - [2026-02-19T15:04:36.736+0000] {dagbag.py:545} INFO - Filling up the DagBag from /opt/airflow/dags/dl_overview.py
[2026-02-19T15:04:36.785+0000] {processor.py:840} INFO - DAG(s) 'company_overview_to_minio' retrieved from /opt/airflow/dags/dl_overview.py
[2026-02-19T15:04:36.824+0000] {logging_mixin.py:188} INFO - [2026-02-19T15:04:36.823+0000] {dag.py:3089} INFO - Sync 1 DAGs
[2026-02-19T15:04:36.864+0000] {logging_mixin.py:188} INFO - [2026-02-19T15:04:36.864+0000] {dag.py:3947} INFO - Setting next_dagrun for company_overview_to_minio to 2026-02-15 00:00:00+00:00, run_after=2026-02-22 00:00:00+00:00
[2026-02-19T15:04:36.891+0000] {processor.py:183} INFO - Processing /opt/airflow/dags/dl_overview.py took 0.166 seconds
[2026-02-19T15:05:07.035+0000] {processor.py:161} INFO - Started process (PID=6562) to work on /opt/airflow/dags/dl_overview.py
[2026-02-19T15:05:07.036+0000] {processor.py:830} INFO - Processing file /opt/airflow/dags/dl_overview.py for tasks to queue
[2026-02-19T15:05:07.037+0000] {logging_mixin.py:188} INFO - [2026-02-19T15:05:07.036+0000] {dagbag.py:545} INFO - Filling up the DagBag from /opt/airflow/dags/dl_overview.py
[2026-02-19T15:05:07.068+0000] {processor.py:840} INFO - DAG(s) 'company_overview_to_minio' retrieved from /opt/airflow/dags/dl_overview.py
[2026-02-19T15:05:07.092+0000] {logging_mixin.py:188} INFO - [2026-02-19T15:05:07.091+0000] {dag.py:3089} INFO - Sync 1 DAGs
[2026-02-19T15:05:07.112+0000] {logging_mixin.py:188} INFO - [2026-02-19T15:05:07.112+0000] {dag.py:3947} INFO - Setting next_dagrun for company_overview_to_minio to 2026-02-15 00:00:00+00:00, run_after=2026-02-22 00:00:00+00:00
[2026-02-19T15:05:07.133+0000] {processor.py:183} INFO - Processing /opt/airflow/dags/dl_overview.py took 0.104 seconds
[2026-02-19T15:05:37.304+0000] {processor.py:161} INFO - Started process (PID=6584) to work on /opt/airflow/dags/dl_overview.py
[2026-02-19T15:05:37.306+0000] {processor.py:830} INFO - Processing file /opt/airflow/dags/dl_overview.py for tasks to queue
[2026-02-19T15:05:37.307+0000] {logging_mixin.py:188} INFO - [2026-02-19T15:05:37.307+0000] {dagbag.py:545} INFO - Filling up the DagBag from /opt/airflow/dags/dl_overview.py
[2026-02-19T15:05:37.342+0000] {processor.py:840} INFO - DAG(s) 'company_overview_to_minio' retrieved from /opt/airflow/dags/dl_overview.py
[2026-02-19T15:05:37.364+0000] {logging_mixin.py:188} INFO - [2026-02-19T15:05:37.363+0000] {dag.py:3089} INFO - Sync 1 DAGs
[2026-02-19T15:05:37.384+0000] {logging_mixin.py:188} INFO - [2026-02-19T15:05:37.384+0000] {dag.py:3947} INFO - Setting next_dagrun for company_overview_to_minio to 2026-02-15 00:00:00+00:00, run_after=2026-02-22 00:00:00+00:00
[2026-02-19T15:05:37.400+0000] {processor.py:183} INFO - Processing /opt/airflow/dags/dl_overview.py took 0.102 seconds
[2026-02-19T15:06:07.927+0000] {processor.py:161} INFO - Started process (PID=6606) to work on /opt/airflow/dags/dl_overview.py
[2026-02-19T15:06:07.928+0000] {processor.py:830} INFO - Processing file /opt/airflow/dags/dl_overview.py for tasks to queue
[2026-02-19T15:06:07.928+0000] {logging_mixin.py:188} INFO - [2026-02-19T15:06:07.928+0000] {dagbag.py:545} INFO - Filling up the DagBag from /opt/airflow/dags/dl_overview.py
[2026-02-19T15:06:07.958+0000] {processor.py:840} INFO - DAG(s) 'company_overview_to_minio' retrieved from /opt/airflow/dags/dl_overview.py
[2026-02-19T15:06:07.982+0000] {logging_mixin.py:188} INFO - [2026-02-19T15:06:07.982+0000] {dag.py:3089} INFO - Sync 1 DAGs
[2026-02-19T15:06:08.004+0000] {logging_mixin.py:188} INFO - [2026-02-19T15:06:08.003+0000] {dag.py:3947} INFO - Setting next_dagrun for company_overview_to_minio to 2026-02-15 00:00:00+00:00, run_after=2026-02-22 00:00:00+00:00
[2026-02-19T15:06:08.026+0000] {processor.py:183} INFO - Processing /opt/airflow/dags/dl_overview.py took 0.104 seconds
[2026-02-19T15:06:38.487+0000] {processor.py:161} INFO - Started process (PID=6628) to work on /opt/airflow/dags/dl_overview.py
[2026-02-19T15:06:38.487+0000] {processor.py:830} INFO - Processing file /opt/airflow/dags/dl_overview.py for tasks to queue
[2026-02-19T15:06:38.488+0000] {logging_mixin.py:188} INFO - [2026-02-19T15:06:38.488+0000] {dagbag.py:545} INFO - Filling up the DagBag from /opt/airflow/dags/dl_overview.py
[2026-02-19T15:06:38.519+0000] {processor.py:840} INFO - DAG(s) 'company_overview_to_minio' retrieved from /opt/airflow/dags/dl_overview.py
[2026-02-19T15:06:38.547+0000] {logging_mixin.py:188} INFO - [2026-02-19T15:06:38.546+0000] {dag.py:3089} INFO - Sync 1 DAGs
[2026-02-19T15:06:38.569+0000] {logging_mixin.py:188} INFO - [2026-02-19T15:06:38.569+0000] {dag.py:3947} INFO - Setting next_dagrun for company_overview_to_minio to 2026-02-15 00:00:00+00:00, run_after=2026-02-22 00:00:00+00:00
[2026-02-19T15:06:38.592+0000] {processor.py:183} INFO - Processing /opt/airflow/dags/dl_overview.py took 0.111 seconds
[2026-02-19T15:07:09.232+0000] {processor.py:161} INFO - Started process (PID=6650) to work on /opt/airflow/dags/dl_overview.py
[2026-02-19T15:07:09.233+0000] {processor.py:830} INFO - Processing file /opt/airflow/dags/dl_overview.py for tasks to queue
[2026-02-19T15:07:09.234+0000] {logging_mixin.py:188} INFO - [2026-02-19T15:07:09.234+0000] {dagbag.py:545} INFO - Filling up the DagBag from /opt/airflow/dags/dl_overview.py
[2026-02-19T15:07:09.270+0000] {processor.py:840} INFO - DAG(s) 'company_overview_to_minio' retrieved from /opt/airflow/dags/dl_overview.py
[2026-02-19T15:07:09.294+0000] {logging_mixin.py:188} INFO - [2026-02-19T15:07:09.294+0000] {dag.py:3089} INFO - Sync 1 DAGs
[2026-02-19T15:07:09.314+0000] {logging_mixin.py:188} INFO - [2026-02-19T15:07:09.314+0000] {dag.py:3947} INFO - Setting next_dagrun for company_overview_to_minio to 2026-02-15 00:00:00+00:00, run_after=2026-02-22 00:00:00+00:00
[2026-02-19T15:07:09.331+0000] {processor.py:183} INFO - Processing /opt/airflow/dags/dl_overview.py took 0.104 seconds
[2026-02-19T15:07:39.689+0000] {processor.py:161} INFO - Started process (PID=6672) to work on /opt/airflow/dags/dl_overview.py
[2026-02-19T15:07:39.690+0000] {processor.py:830} INFO - Processing file /opt/airflow/dags/dl_overview.py for tasks to queue
[2026-02-19T15:07:39.691+0000] {logging_mixin.py:188} INFO - [2026-02-19T15:07:39.691+0000] {dagbag.py:545} INFO - Filling up the DagBag from /opt/airflow/dags/dl_overview.py
[2026-02-19T15:07:39.723+0000] {processor.py:840} INFO - DAG(s) 'company_overview_to_minio' retrieved from /opt/airflow/dags/dl_overview.py
[2026-02-19T15:07:39.746+0000] {logging_mixin.py:188} INFO - [2026-02-19T15:07:39.746+0000] {dag.py:3089} INFO - Sync 1 DAGs
[2026-02-19T15:07:39.769+0000] {logging_mixin.py:188} INFO - [2026-02-19T15:07:39.769+0000] {dag.py:3947} INFO - Setting next_dagrun for company_overview_to_minio to 2026-02-15 00:00:00+00:00, run_after=2026-02-22 00:00:00+00:00
[2026-02-19T15:07:39.793+0000] {processor.py:183} INFO - Processing /opt/airflow/dags/dl_overview.py took 0.111 seconds
[2026-02-19T15:08:10.338+0000] {processor.py:161} INFO - Started process (PID=6694) to work on /opt/airflow/dags/dl_overview.py
[2026-02-19T15:08:10.338+0000] {processor.py:830} INFO - Processing file /opt/airflow/dags/dl_overview.py for tasks to queue
[2026-02-19T15:08:10.340+0000] {logging_mixin.py:188} INFO - [2026-02-19T15:08:10.339+0000] {dagbag.py:545} INFO - Filling up the DagBag from /opt/airflow/dags/dl_overview.py
[2026-02-19T15:08:10.372+0000] {processor.py:840} INFO - DAG(s) 'company_overview_to_minio' retrieved from /opt/airflow/dags/dl_overview.py
[2026-02-19T15:08:10.398+0000] {logging_mixin.py:188} INFO - [2026-02-19T15:08:10.398+0000] {dag.py:3089} INFO - Sync 1 DAGs
[2026-02-19T15:08:10.423+0000] {logging_mixin.py:188} INFO - [2026-02-19T15:08:10.422+0000] {dag.py:3947} INFO - Setting next_dagrun for company_overview_to_minio to 2026-02-15 00:00:00+00:00, run_after=2026-02-22 00:00:00+00:00
[2026-02-19T15:08:10.448+0000] {processor.py:183} INFO - Processing /opt/airflow/dags/dl_overview.py took 0.116 seconds
[2026-02-19T15:08:40.749+0000] {processor.py:161} INFO - Started process (PID=6716) to work on /opt/airflow/dags/dl_overview.py
[2026-02-19T15:08:40.750+0000] {processor.py:830} INFO - Processing file /opt/airflow/dags/dl_overview.py for tasks to queue
[2026-02-19T15:08:40.751+0000] {logging_mixin.py:188} INFO - [2026-02-19T15:08:40.750+0000] {dagbag.py:545} INFO - Filling up the DagBag from /opt/airflow/dags/dl_overview.py
[2026-02-19T15:08:40.778+0000] {processor.py:840} INFO - DAG(s) 'company_overview_to_minio' retrieved from /opt/airflow/dags/dl_overview.py
[2026-02-19T15:08:40.799+0000] {logging_mixin.py:188} INFO - [2026-02-19T15:08:40.799+0000] {dag.py:3089} INFO - Sync 1 DAGs
[2026-02-19T15:08:40.820+0000] {logging_mixin.py:188} INFO - [2026-02-19T15:08:40.820+0000] {dag.py:3947} INFO - Setting next_dagrun for company_overview_to_minio to 2026-02-15 00:00:00+00:00, run_after=2026-02-22 00:00:00+00:00
[2026-02-19T15:08:40.841+0000] {processor.py:183} INFO - Processing /opt/airflow/dags/dl_overview.py took 0.097 seconds
[2026-02-19T15:09:11.337+0000] {processor.py:161} INFO - Started process (PID=6738) to work on /opt/airflow/dags/dl_overview.py
[2026-02-19T15:09:11.338+0000] {processor.py:830} INFO - Processing file /opt/airflow/dags/dl_overview.py for tasks to queue
[2026-02-19T15:09:11.340+0000] {logging_mixin.py:188} INFO - [2026-02-19T15:09:11.339+0000] {dagbag.py:545} INFO - Filling up the DagBag from /opt/airflow/dags/dl_overview.py
[2026-02-19T15:09:11.367+0000] {processor.py:840} INFO - DAG(s) 'company_overview_to_minio' retrieved from /opt/airflow/dags/dl_overview.py
[2026-02-19T15:09:11.389+0000] {logging_mixin.py:188} INFO - [2026-02-19T15:09:11.388+0000] {dag.py:3089} INFO - Sync 1 DAGs
[2026-02-19T15:09:11.411+0000] {logging_mixin.py:188} INFO - [2026-02-19T15:09:11.411+0000] {dag.py:3947} INFO - Setting next_dagrun for company_overview_to_minio to 2026-02-15 00:00:00+00:00, run_after=2026-02-22 00:00:00+00:00
[2026-02-19T15:09:11.431+0000] {processor.py:183} INFO - Processing /opt/airflow/dags/dl_overview.py took 0.099 seconds
[2026-02-19T15:09:41.656+0000] {processor.py:161} INFO - Started process (PID=6760) to work on /opt/airflow/dags/dl_overview.py
[2026-02-19T15:09:41.657+0000] {processor.py:830} INFO - Processing file /opt/airflow/dags/dl_overview.py for tasks to queue
[2026-02-19T15:09:41.658+0000] {logging_mixin.py:188} INFO - [2026-02-19T15:09:41.658+0000] {dagbag.py:545} INFO - Filling up the DagBag from /opt/airflow/dags/dl_overview.py
[2026-02-19T15:09:41.686+0000] {processor.py:840} INFO - DAG(s) 'company_overview_to_minio' retrieved from /opt/airflow/dags/dl_overview.py
[2026-02-19T15:09:41.707+0000] {logging_mixin.py:188} INFO - [2026-02-19T15:09:41.707+0000] {dag.py:3089} INFO - Sync 1 DAGs
[2026-02-19T15:09:41.727+0000] {logging_mixin.py:188} INFO - [2026-02-19T15:09:41.727+0000] {dag.py:3947} INFO - Setting next_dagrun for company_overview_to_minio to 2026-02-15 00:00:00+00:00, run_after=2026-02-22 00:00:00+00:00
[2026-02-19T15:09:41.745+0000] {processor.py:183} INFO - Processing /opt/airflow/dags/dl_overview.py took 0.095 seconds
[2026-02-19T15:10:11.990+0000] {processor.py:161} INFO - Started process (PID=6782) to work on /opt/airflow/dags/dl_overview.py
[2026-02-19T15:10:11.991+0000] {processor.py:830} INFO - Processing file /opt/airflow/dags/dl_overview.py for tasks to queue
[2026-02-19T15:10:11.992+0000] {logging_mixin.py:188} INFO - [2026-02-19T15:10:11.991+0000] {dagbag.py:545} INFO - Filling up the DagBag from /opt/airflow/dags/dl_overview.py
[2026-02-19T15:10:12.020+0000] {processor.py:840} INFO - DAG(s) 'company_overview_to_minio' retrieved from /opt/airflow/dags/dl_overview.py
[2026-02-19T15:10:12.043+0000] {logging_mixin.py:188} INFO - [2026-02-19T15:10:12.042+0000] {dag.py:3089} INFO - Sync 1 DAGs
[2026-02-19T15:10:12.065+0000] {logging_mixin.py:188} INFO - [2026-02-19T15:10:12.065+0000] {dag.py:3947} INFO - Setting next_dagrun for company_overview_to_minio to 2026-02-15 00:00:00+00:00, run_after=2026-02-22 00:00:00+00:00
[2026-02-19T15:10:12.083+0000] {processor.py:183} INFO - Processing /opt/airflow/dags/dl_overview.py took 0.098 seconds
[2026-02-19T15:10:42.304+0000] {processor.py:161} INFO - Started process (PID=6804) to work on /opt/airflow/dags/dl_overview.py
[2026-02-19T15:10:42.304+0000] {processor.py:830} INFO - Processing file /opt/airflow/dags/dl_overview.py for tasks to queue
[2026-02-19T15:10:42.305+0000] {logging_mixin.py:188} INFO - [2026-02-19T15:10:42.305+0000] {dagbag.py:545} INFO - Filling up the DagBag from /opt/airflow/dags/dl_overview.py
[2026-02-19T15:10:42.338+0000] {processor.py:840} INFO - DAG(s) 'company_overview_to_minio' retrieved from /opt/airflow/dags/dl_overview.py
[2026-02-19T15:10:42.362+0000] {logging_mixin.py:188} INFO - [2026-02-19T15:10:42.362+0000] {dag.py:3089} INFO - Sync 1 DAGs
[2026-02-19T15:10:42.384+0000] {logging_mixin.py:188} INFO - [2026-02-19T15:10:42.383+0000] {dag.py:3947} INFO - Setting next_dagrun for company_overview_to_minio to 2026-02-15 00:00:00+00:00, run_after=2026-02-22 00:00:00+00:00
[2026-02-19T15:10:42.408+0000] {processor.py:183} INFO - Processing /opt/airflow/dags/dl_overview.py took 0.109 seconds
[2026-02-19T15:11:13.044+0000] {processor.py:161} INFO - Started process (PID=6826) to work on /opt/airflow/dags/dl_overview.py
[2026-02-19T15:11:13.045+0000] {processor.py:830} INFO - Processing file /opt/airflow/dags/dl_overview.py for tasks to queue
[2026-02-19T15:11:13.046+0000] {logging_mixin.py:188} INFO - [2026-02-19T15:11:13.045+0000] {dagbag.py:545} INFO - Filling up the DagBag from /opt/airflow/dags/dl_overview.py
[2026-02-19T15:11:13.074+0000] {processor.py:840} INFO - DAG(s) 'company_overview_to_minio' retrieved from /opt/airflow/dags/dl_overview.py
[2026-02-19T15:11:13.098+0000] {logging_mixin.py:188} INFO - [2026-02-19T15:11:13.098+0000] {dag.py:3089} INFO - Sync 1 DAGs
[2026-02-19T15:11:13.119+0000] {logging_mixin.py:188} INFO - [2026-02-19T15:11:13.119+0000] {dag.py:3947} INFO - Setting next_dagrun for company_overview_to_minio to 2026-02-15 00:00:00+00:00, run_after=2026-02-22 00:00:00+00:00
[2026-02-19T15:11:13.136+0000] {processor.py:183} INFO - Processing /opt/airflow/dags/dl_overview.py took 0.097 seconds
[2026-02-19T15:11:43.663+0000] {processor.py:161} INFO - Started process (PID=6848) to work on /opt/airflow/dags/dl_overview.py
[2026-02-19T15:11:43.664+0000] {processor.py:830} INFO - Processing file /opt/airflow/dags/dl_overview.py for tasks to queue
[2026-02-19T15:11:43.665+0000] {logging_mixin.py:188} INFO - [2026-02-19T15:11:43.664+0000] {dagbag.py:545} INFO - Filling up the DagBag from /opt/airflow/dags/dl_overview.py
[2026-02-19T15:11:43.696+0000] {processor.py:840} INFO - DAG(s) 'company_overview_to_minio' retrieved from /opt/airflow/dags/dl_overview.py
[2026-02-19T15:11:43.719+0000] {logging_mixin.py:188} INFO - [2026-02-19T15:11:43.718+0000] {dag.py:3089} INFO - Sync 1 DAGs
[2026-02-19T15:11:43.741+0000] {logging_mixin.py:188} INFO - [2026-02-19T15:11:43.741+0000] {dag.py:3947} INFO - Setting next_dagrun for company_overview_to_minio to 2026-02-15 00:00:00+00:00, run_after=2026-02-22 00:00:00+00:00
[2026-02-19T15:11:43.766+0000] {processor.py:183} INFO - Processing /opt/airflow/dags/dl_overview.py took 0.108 seconds
[2026-02-19T15:12:13.944+0000] {processor.py:161} INFO - Started process (PID=6871) to work on /opt/airflow/dags/dl_overview.py
[2026-02-19T15:12:13.945+0000] {processor.py:830} INFO - Processing file /opt/airflow/dags/dl_overview.py for tasks to queue
[2026-02-19T15:12:13.946+0000] {logging_mixin.py:188} INFO - [2026-02-19T15:12:13.946+0000] {dagbag.py:545} INFO - Filling up the DagBag from /opt/airflow/dags/dl_overview.py
[2026-02-19T15:12:13.973+0000] {processor.py:840} INFO - DAG(s) 'company_overview_to_minio' retrieved from /opt/airflow/dags/dl_overview.py
[2026-02-19T15:12:13.995+0000] {logging_mixin.py:188} INFO - [2026-02-19T15:12:13.995+0000] {dag.py:3089} INFO - Sync 1 DAGs
[2026-02-19T15:12:14.018+0000] {logging_mixin.py:188} INFO - [2026-02-19T15:12:14.018+0000] {dag.py:3947} INFO - Setting next_dagrun for company_overview_to_minio to 2026-02-15 00:00:00+00:00, run_after=2026-02-22 00:00:00+00:00
[2026-02-19T15:12:14.037+0000] {processor.py:183} INFO - Processing /opt/airflow/dags/dl_overview.py took 0.099 seconds
[2026-02-19T15:12:44.282+0000] {processor.py:161} INFO - Started process (PID=6893) to work on /opt/airflow/dags/dl_overview.py
[2026-02-19T15:12:44.283+0000] {processor.py:830} INFO - Processing file /opt/airflow/dags/dl_overview.py for tasks to queue
[2026-02-19T15:12:44.284+0000] {logging_mixin.py:188} INFO - [2026-02-19T15:12:44.283+0000] {dagbag.py:545} INFO - Filling up the DagBag from /opt/airflow/dags/dl_overview.py
[2026-02-19T15:12:44.312+0000] {processor.py:840} INFO - DAG(s) 'company_overview_to_minio' retrieved from /opt/airflow/dags/dl_overview.py
[2026-02-19T15:12:44.334+0000] {logging_mixin.py:188} INFO - [2026-02-19T15:12:44.334+0000] {dag.py:3089} INFO - Sync 1 DAGs
[2026-02-19T15:12:44.354+0000] {logging_mixin.py:188} INFO - [2026-02-19T15:12:44.354+0000] {dag.py:3947} INFO - Setting next_dagrun for company_overview_to_minio to 2026-02-15 00:00:00+00:00, run_after=2026-02-22 00:00:00+00:00
[2026-02-19T15:12:44.376+0000] {processor.py:183} INFO - Processing /opt/airflow/dags/dl_overview.py took 0.099 seconds
[2026-02-19T15:13:14.678+0000] {processor.py:161} INFO - Started process (PID=6915) to work on /opt/airflow/dags/dl_overview.py
[2026-02-19T15:13:14.679+0000] {processor.py:830} INFO - Processing file /opt/airflow/dags/dl_overview.py for tasks to queue
[2026-02-19T15:13:14.680+0000] {logging_mixin.py:188} INFO - [2026-02-19T15:13:14.680+0000] {dagbag.py:545} INFO - Filling up the DagBag from /opt/airflow/dags/dl_overview.py
[2026-02-19T15:13:14.707+0000] {processor.py:840} INFO - DAG(s) 'company_overview_to_minio' retrieved from /opt/airflow/dags/dl_overview.py
[2026-02-19T15:13:14.729+0000] {logging_mixin.py:188} INFO - [2026-02-19T15:13:14.729+0000] {dag.py:3089} INFO - Sync 1 DAGs
[2026-02-19T15:13:14.749+0000] {logging_mixin.py:188} INFO - [2026-02-19T15:13:14.749+0000] {dag.py:3947} INFO - Setting next_dagrun for company_overview_to_minio to 2026-02-15 00:00:00+00:00, run_after=2026-02-22 00:00:00+00:00
[2026-02-19T15:13:14.768+0000] {processor.py:183} INFO - Processing /opt/airflow/dags/dl_overview.py took 0.095 seconds
[2026-02-19T15:13:45.020+0000] {processor.py:161} INFO - Started process (PID=6937) to work on /opt/airflow/dags/dl_overview.py
[2026-02-19T15:13:45.020+0000] {processor.py:830} INFO - Processing file /opt/airflow/dags/dl_overview.py for tasks to queue
[2026-02-19T15:13:45.021+0000] {logging_mixin.py:188} INFO - [2026-02-19T15:13:45.021+0000] {dagbag.py:545} INFO - Filling up the DagBag from /opt/airflow/dags/dl_overview.py
[2026-02-19T15:13:45.049+0000] {processor.py:840} INFO - DAG(s) 'company_overview_to_minio' retrieved from /opt/airflow/dags/dl_overview.py
[2026-02-19T15:13:45.071+0000] {logging_mixin.py:188} INFO - [2026-02-19T15:13:45.071+0000] {dag.py:3089} INFO - Sync 1 DAGs
[2026-02-19T15:13:45.091+0000] {logging_mixin.py:188} INFO - [2026-02-19T15:13:45.091+0000] {dag.py:3947} INFO - Setting next_dagrun for company_overview_to_minio to 2026-02-15 00:00:00+00:00, run_after=2026-02-22 00:00:00+00:00
[2026-02-19T15:13:45.115+0000] {processor.py:183} INFO - Processing /opt/airflow/dags/dl_overview.py took 0.101 seconds
[2026-02-19T15:14:15.440+0000] {processor.py:161} INFO - Started process (PID=6959) to work on /opt/airflow/dags/dl_overview.py
[2026-02-19T15:14:15.441+0000] {processor.py:830} INFO - Processing file /opt/airflow/dags/dl_overview.py for tasks to queue
[2026-02-19T15:14:15.441+0000] {logging_mixin.py:188} INFO - [2026-02-19T15:14:15.441+0000] {dagbag.py:545} INFO - Filling up the DagBag from /opt/airflow/dags/dl_overview.py
[2026-02-19T15:14:15.473+0000] {processor.py:840} INFO - DAG(s) 'company_overview_to_minio' retrieved from /opt/airflow/dags/dl_overview.py
[2026-02-19T15:14:15.498+0000] {logging_mixin.py:188} INFO - [2026-02-19T15:14:15.498+0000] {dag.py:3089} INFO - Sync 1 DAGs
[2026-02-19T15:14:15.522+0000] {logging_mixin.py:188} INFO - [2026-02-19T15:14:15.522+0000] {dag.py:3947} INFO - Setting next_dagrun for company_overview_to_minio to 2026-02-15 00:00:00+00:00, run_after=2026-02-22 00:00:00+00:00
[2026-02-19T15:14:15.551+0000] {processor.py:183} INFO - Processing /opt/airflow/dags/dl_overview.py took 0.116 seconds
[2026-02-19T15:14:45.858+0000] {processor.py:161} INFO - Started process (PID=6981) to work on /opt/airflow/dags/dl_overview.py
[2026-02-19T15:14:45.859+0000] {processor.py:830} INFO - Processing file /opt/airflow/dags/dl_overview.py for tasks to queue
[2026-02-19T15:14:45.860+0000] {logging_mixin.py:188} INFO - [2026-02-19T15:14:45.859+0000] {dagbag.py:545} INFO - Filling up the DagBag from /opt/airflow/dags/dl_overview.py
[2026-02-19T15:14:45.891+0000] {processor.py:840} INFO - DAG(s) 'company_overview_to_minio' retrieved from /opt/airflow/dags/dl_overview.py
[2026-02-19T15:14:45.914+0000] {logging_mixin.py:188} INFO - [2026-02-19T15:14:45.914+0000] {dag.py:3089} INFO - Sync 1 DAGs
[2026-02-19T15:14:45.935+0000] {logging_mixin.py:188} INFO - [2026-02-19T15:14:45.935+0000] {dag.py:3947} INFO - Setting next_dagrun for company_overview_to_minio to 2026-02-15 00:00:00+00:00, run_after=2026-02-22 00:00:00+00:00
[2026-02-19T15:14:45.954+0000] {processor.py:183} INFO - Processing /opt/airflow/dags/dl_overview.py took 0.102 seconds
[2026-02-19T15:15:16.348+0000] {processor.py:161} INFO - Started process (PID=7003) to work on /opt/airflow/dags/dl_overview.py
[2026-02-19T15:15:16.348+0000] {processor.py:830} INFO - Processing file /opt/airflow/dags/dl_overview.py for tasks to queue
[2026-02-19T15:15:16.349+0000] {logging_mixin.py:188} INFO - [2026-02-19T15:15:16.349+0000] {dagbag.py:545} INFO - Filling up the DagBag from /opt/airflow/dags/dl_overview.py
[2026-02-19T15:15:16.379+0000] {processor.py:840} INFO - DAG(s) 'company_overview_to_minio' retrieved from /opt/airflow/dags/dl_overview.py
[2026-02-19T15:15:16.403+0000] {logging_mixin.py:188} INFO - [2026-02-19T15:15:16.402+0000] {dag.py:3089} INFO - Sync 1 DAGs
[2026-02-19T15:15:16.427+0000] {logging_mixin.py:188} INFO - [2026-02-19T15:15:16.426+0000] {dag.py:3947} INFO - Setting next_dagrun for company_overview_to_minio to 2026-02-15 00:00:00+00:00, run_after=2026-02-22 00:00:00+00:00
[2026-02-19T15:15:16.456+0000] {processor.py:183} INFO - Processing /opt/airflow/dags/dl_overview.py took 0.114 seconds
[2026-02-19T15:15:46.589+0000] {processor.py:161} INFO - Started process (PID=7025) to work on /opt/airflow/dags/dl_overview.py
[2026-02-19T15:15:46.590+0000] {processor.py:830} INFO - Processing file /opt/airflow/dags/dl_overview.py for tasks to queue
[2026-02-19T15:15:46.591+0000] {logging_mixin.py:188} INFO - [2026-02-19T15:15:46.591+0000] {dagbag.py:545} INFO - Filling up the DagBag from /opt/airflow/dags/dl_overview.py
[2026-02-19T15:15:46.625+0000] {processor.py:840} INFO - DAG(s) 'company_overview_to_minio' retrieved from /opt/airflow/dags/dl_overview.py
[2026-02-19T15:15:46.652+0000] {logging_mixin.py:188} INFO - [2026-02-19T15:15:46.652+0000] {dag.py:3089} INFO - Sync 1 DAGs
[2026-02-19T15:15:46.676+0000] {logging_mixin.py:188} INFO - [2026-02-19T15:15:46.675+0000] {dag.py:3947} INFO - Setting next_dagrun for company_overview_to_minio to 2026-02-15 00:00:00+00:00, run_after=2026-02-22 00:00:00+00:00
[2026-02-19T15:15:46.694+0000] {processor.py:183} INFO - Processing /opt/airflow/dags/dl_overview.py took 0.111 seconds
[2026-02-19T15:16:16.991+0000] {processor.py:161} INFO - Started process (PID=7047) to work on /opt/airflow/dags/dl_overview.py
[2026-02-19T15:16:16.992+0000] {processor.py:830} INFO - Processing file /opt/airflow/dags/dl_overview.py for tasks to queue
[2026-02-19T15:16:16.993+0000] {logging_mixin.py:188} INFO - [2026-02-19T15:16:16.992+0000] {dagbag.py:545} INFO - Filling up the DagBag from /opt/airflow/dags/dl_overview.py
[2026-02-19T15:16:17.028+0000] {processor.py:840} INFO - DAG(s) 'company_overview_to_minio' retrieved from /opt/airflow/dags/dl_overview.py
[2026-02-19T15:16:17.053+0000] {logging_mixin.py:188} INFO - [2026-02-19T15:16:17.053+0000] {dag.py:3089} INFO - Sync 1 DAGs
[2026-02-19T15:16:17.078+0000] {logging_mixin.py:188} INFO - [2026-02-19T15:16:17.078+0000] {dag.py:3947} INFO - Setting next_dagrun for company_overview_to_minio to 2026-02-15 00:00:00+00:00, run_after=2026-02-22 00:00:00+00:00
[2026-02-19T15:16:17.097+0000] {processor.py:183} INFO - Processing /opt/airflow/dags/dl_overview.py took 0.113 seconds
[2026-02-19T15:16:47.279+0000] {processor.py:161} INFO - Started process (PID=7069) to work on /opt/airflow/dags/dl_overview.py
[2026-02-19T15:16:47.280+0000] {processor.py:830} INFO - Processing file /opt/airflow/dags/dl_overview.py for tasks to queue
[2026-02-19T15:16:47.280+0000] {logging_mixin.py:188} INFO - [2026-02-19T15:16:47.280+0000] {dagbag.py:545} INFO - Filling up the DagBag from /opt/airflow/dags/dl_overview.py
[2026-02-19T15:16:47.314+0000] {processor.py:840} INFO - DAG(s) 'company_overview_to_minio' retrieved from /opt/airflow/dags/dl_overview.py
[2026-02-19T15:16:47.337+0000] {logging_mixin.py:188} INFO - [2026-02-19T15:16:47.337+0000] {dag.py:3089} INFO - Sync 1 DAGs
[2026-02-19T15:16:47.360+0000] {logging_mixin.py:188} INFO - [2026-02-19T15:16:47.360+0000] {dag.py:3947} INFO - Setting next_dagrun for company_overview_to_minio to 2026-02-15 00:00:00+00:00, run_after=2026-02-22 00:00:00+00:00
[2026-02-19T15:16:47.383+0000] {processor.py:183} INFO - Processing /opt/airflow/dags/dl_overview.py took 0.109 seconds
[2026-02-19T15:17:17.562+0000] {processor.py:161} INFO - Started process (PID=7091) to work on /opt/airflow/dags/dl_overview.py
[2026-02-19T15:17:17.563+0000] {processor.py:830} INFO - Processing file /opt/airflow/dags/dl_overview.py for tasks to queue
[2026-02-19T15:17:17.564+0000] {logging_mixin.py:188} INFO - [2026-02-19T15:17:17.564+0000] {dagbag.py:545} INFO - Filling up the DagBag from /opt/airflow/dags/dl_overview.py
[2026-02-19T15:17:17.599+0000] {processor.py:840} INFO - DAG(s) 'company_overview_to_minio' retrieved from /opt/airflow/dags/dl_overview.py
[2026-02-19T15:17:17.631+0000] {logging_mixin.py:188} INFO - [2026-02-19T15:17:17.630+0000] {dag.py:3089} INFO - Sync 1 DAGs
[2026-02-19T15:17:17.653+0000] {logging_mixin.py:188} INFO - [2026-02-19T15:17:17.653+0000] {dag.py:3947} INFO - Setting next_dagrun for company_overview_to_minio to 2026-02-15 00:00:00+00:00, run_after=2026-02-22 00:00:00+00:00
[2026-02-19T15:17:17.672+0000] {processor.py:183} INFO - Processing /opt/airflow/dags/dl_overview.py took 0.116 seconds
[2026-02-19T15:17:47.968+0000] {processor.py:161} INFO - Started process (PID=7113) to work on /opt/airflow/dags/dl_overview.py
[2026-02-19T15:17:47.968+0000] {processor.py:830} INFO - Processing file /opt/airflow/dags/dl_overview.py for tasks to queue
[2026-02-19T15:17:47.969+0000] {logging_mixin.py:188} INFO - [2026-02-19T15:17:47.969+0000] {dagbag.py:545} INFO - Filling up the DagBag from /opt/airflow/dags/dl_overview.py
[2026-02-19T15:17:47.999+0000] {processor.py:840} INFO - DAG(s) 'company_overview_to_minio' retrieved from /opt/airflow/dags/dl_overview.py
[2026-02-19T15:17:48.021+0000] {logging_mixin.py:188} INFO - [2026-02-19T15:17:48.021+0000] {dag.py:3089} INFO - Sync 1 DAGs
[2026-02-19T15:17:48.042+0000] {logging_mixin.py:188} INFO - [2026-02-19T15:17:48.042+0000] {dag.py:3947} INFO - Setting next_dagrun for company_overview_to_minio to 2026-02-15 00:00:00+00:00, run_after=2026-02-22 00:00:00+00:00
[2026-02-19T15:17:48.063+0000] {processor.py:183} INFO - Processing /opt/airflow/dags/dl_overview.py took 0.101 seconds
[2026-02-19T15:18:18.318+0000] {processor.py:161} INFO - Started process (PID=7135) to work on /opt/airflow/dags/dl_overview.py
[2026-02-19T15:18:18.319+0000] {processor.py:830} INFO - Processing file /opt/airflow/dags/dl_overview.py for tasks to queue
[2026-02-19T15:18:18.321+0000] {logging_mixin.py:188} INFO - [2026-02-19T15:18:18.320+0000] {dagbag.py:545} INFO - Filling up the DagBag from /opt/airflow/dags/dl_overview.py
[2026-02-19T15:18:18.362+0000] {processor.py:840} INFO - DAG(s) 'company_overview_to_minio' retrieved from /opt/airflow/dags/dl_overview.py
[2026-02-19T15:18:18.385+0000] {logging_mixin.py:188} INFO - [2026-02-19T15:18:18.384+0000] {dag.py:3089} INFO - Sync 1 DAGs
[2026-02-19T15:18:18.407+0000] {logging_mixin.py:188} INFO - [2026-02-19T15:18:18.407+0000] {dag.py:3947} INFO - Setting next_dagrun for company_overview_to_minio to 2026-02-15 00:00:00+00:00, run_after=2026-02-22 00:00:00+00:00
[2026-02-19T15:18:18.427+0000] {processor.py:183} INFO - Processing /opt/airflow/dags/dl_overview.py took 0.116 seconds
[2026-02-19T15:18:48.584+0000] {processor.py:161} INFO - Started process (PID=7157) to work on /opt/airflow/dags/dl_overview.py
[2026-02-19T15:18:48.584+0000] {processor.py:830} INFO - Processing file /opt/airflow/dags/dl_overview.py for tasks to queue
[2026-02-19T15:18:48.585+0000] {logging_mixin.py:188} INFO - [2026-02-19T15:18:48.585+0000] {dagbag.py:545} INFO - Filling up the DagBag from /opt/airflow/dags/dl_overview.py
[2026-02-19T15:18:48.615+0000] {processor.py:840} INFO - DAG(s) 'company_overview_to_minio' retrieved from /opt/airflow/dags/dl_overview.py
[2026-02-19T15:18:48.637+0000] {logging_mixin.py:188} INFO - [2026-02-19T15:18:48.636+0000] {dag.py:3089} INFO - Sync 1 DAGs
[2026-02-19T15:18:48.658+0000] {logging_mixin.py:188} INFO - [2026-02-19T15:18:48.658+0000] {dag.py:3947} INFO - Setting next_dagrun for company_overview_to_minio to 2026-02-15 00:00:00+00:00, run_after=2026-02-22 00:00:00+00:00
[2026-02-19T15:18:48.677+0000] {processor.py:183} INFO - Processing /opt/airflow/dags/dl_overview.py took 0.099 seconds
[2026-02-19T15:19:19.025+0000] {processor.py:161} INFO - Started process (PID=7179) to work on /opt/airflow/dags/dl_overview.py
[2026-02-19T15:19:19.026+0000] {processor.py:830} INFO - Processing file /opt/airflow/dags/dl_overview.py for tasks to queue
[2026-02-19T15:19:19.027+0000] {logging_mixin.py:188} INFO - [2026-02-19T15:19:19.026+0000] {dagbag.py:545} INFO - Filling up the DagBag from /opt/airflow/dags/dl_overview.py
[2026-02-19T15:19:19.055+0000] {processor.py:840} INFO - DAG(s) 'company_overview_to_minio' retrieved from /opt/airflow/dags/dl_overview.py
[2026-02-19T15:19:19.080+0000] {logging_mixin.py:188} INFO - [2026-02-19T15:19:19.079+0000] {dag.py:3089} INFO - Sync 1 DAGs
[2026-02-19T15:19:19.102+0000] {logging_mixin.py:188} INFO - [2026-02-19T15:19:19.102+0000] {dag.py:3947} INFO - Setting next_dagrun for company_overview_to_minio to 2026-02-15 00:00:00+00:00, run_after=2026-02-22 00:00:00+00:00
[2026-02-19T15:19:19.118+0000] {processor.py:183} INFO - Processing /opt/airflow/dags/dl_overview.py took 0.098 seconds
[2026-02-19T15:19:49.431+0000] {processor.py:161} INFO - Started process (PID=7201) to work on /opt/airflow/dags/dl_overview.py
[2026-02-19T15:19:49.432+0000] {processor.py:830} INFO - Processing file /opt/airflow/dags/dl_overview.py for tasks to queue
[2026-02-19T15:19:49.433+0000] {logging_mixin.py:188} INFO - [2026-02-19T15:19:49.432+0000] {dagbag.py:545} INFO - Filling up the DagBag from /opt/airflow/dags/dl_overview.py
[2026-02-19T15:19:49.460+0000] {processor.py:840} INFO - DAG(s) 'company_overview_to_minio' retrieved from /opt/airflow/dags/dl_overview.py
[2026-02-19T15:19:49.483+0000] {logging_mixin.py:188} INFO - [2026-02-19T15:19:49.482+0000] {dag.py:3089} INFO - Sync 1 DAGs
[2026-02-19T15:19:49.505+0000] {logging_mixin.py:188} INFO - [2026-02-19T15:19:49.505+0000] {dag.py:3947} INFO - Setting next_dagrun for company_overview_to_minio to 2026-02-15 00:00:00+00:00, run_after=2026-02-22 00:00:00+00:00
[2026-02-19T15:19:49.527+0000] {processor.py:183} INFO - Processing /opt/airflow/dags/dl_overview.py took 0.102 seconds
[2026-02-19T15:20:19.862+0000] {processor.py:161} INFO - Started process (PID=7223) to work on /opt/airflow/dags/dl_overview.py
[2026-02-19T15:20:19.863+0000] {processor.py:830} INFO - Processing file /opt/airflow/dags/dl_overview.py for tasks to queue
[2026-02-19T15:20:19.864+0000] {logging_mixin.py:188} INFO - [2026-02-19T15:20:19.864+0000] {dagbag.py:545} INFO - Filling up the DagBag from /opt/airflow/dags/dl_overview.py
[2026-02-19T15:20:19.905+0000] {processor.py:840} INFO - DAG(s) 'company_overview_to_minio' retrieved from /opt/airflow/dags/dl_overview.py
[2026-02-19T15:20:19.936+0000] {logging_mixin.py:188} INFO - [2026-02-19T15:20:19.935+0000] {dag.py:3089} INFO - Sync 1 DAGs
[2026-02-19T15:20:19.967+0000] {logging_mixin.py:188} INFO - [2026-02-19T15:20:19.967+0000] {dag.py:3947} INFO - Setting next_dagrun for company_overview_to_minio to 2026-02-15 00:00:00+00:00, run_after=2026-02-22 00:00:00+00:00
[2026-02-19T15:20:19.985+0000] {processor.py:183} INFO - Processing /opt/airflow/dags/dl_overview.py took 0.131 seconds
[2026-02-19T15:20:50.237+0000] {processor.py:161} INFO - Started process (PID=7245) to work on /opt/airflow/dags/dl_overview.py
[2026-02-19T15:20:50.238+0000] {processor.py:830} INFO - Processing file /opt/airflow/dags/dl_overview.py for tasks to queue
[2026-02-19T15:20:50.238+0000] {logging_mixin.py:188} INFO - [2026-02-19T15:20:50.238+0000] {dagbag.py:545} INFO - Filling up the DagBag from /opt/airflow/dags/dl_overview.py
[2026-02-19T15:20:50.268+0000] {processor.py:840} INFO - DAG(s) 'company_overview_to_minio' retrieved from /opt/airflow/dags/dl_overview.py
[2026-02-19T15:20:50.291+0000] {logging_mixin.py:188} INFO - [2026-02-19T15:20:50.290+0000] {dag.py:3089} INFO - Sync 1 DAGs
[2026-02-19T15:20:50.312+0000] {logging_mixin.py:188} INFO - [2026-02-19T15:20:50.312+0000] {dag.py:3947} INFO - Setting next_dagrun for company_overview_to_minio to 2026-02-15 00:00:00+00:00, run_after=2026-02-22 00:00:00+00:00
[2026-02-19T15:20:50.330+0000] {processor.py:183} INFO - Processing /opt/airflow/dags/dl_overview.py took 0.098 seconds
[2026-02-19T15:21:20.821+0000] {processor.py:161} INFO - Started process (PID=7267) to work on /opt/airflow/dags/dl_overview.py
[2026-02-19T15:21:20.822+0000] {processor.py:830} INFO - Processing file /opt/airflow/dags/dl_overview.py for tasks to queue
[2026-02-19T15:21:20.823+0000] {logging_mixin.py:188} INFO - [2026-02-19T15:21:20.823+0000] {dagbag.py:545} INFO - Filling up the DagBag from /opt/airflow/dags/dl_overview.py
[2026-02-19T15:21:20.855+0000] {processor.py:840} INFO - DAG(s) 'company_overview_to_minio' retrieved from /opt/airflow/dags/dl_overview.py
[2026-02-19T15:21:20.883+0000] {logging_mixin.py:188} INFO - [2026-02-19T15:21:20.882+0000] {dag.py:3089} INFO - Sync 1 DAGs
[2026-02-19T15:21:20.908+0000] {logging_mixin.py:188} INFO - [2026-02-19T15:21:20.908+0000] {dag.py:3947} INFO - Setting next_dagrun for company_overview_to_minio to 2026-02-15 00:00:00+00:00, run_after=2026-02-22 00:00:00+00:00
[2026-02-19T15:21:20.933+0000] {processor.py:183} INFO - Processing /opt/airflow/dags/dl_overview.py took 0.117 seconds
[2026-02-19T15:21:51.072+0000] {processor.py:161} INFO - Started process (PID=7289) to work on /opt/airflow/dags/dl_overview.py
[2026-02-19T15:21:51.072+0000] {processor.py:830} INFO - Processing file /opt/airflow/dags/dl_overview.py for tasks to queue
[2026-02-19T15:21:51.073+0000] {logging_mixin.py:188} INFO - [2026-02-19T15:21:51.073+0000] {dagbag.py:545} INFO - Filling up the DagBag from /opt/airflow/dags/dl_overview.py
[2026-02-19T15:21:51.102+0000] {processor.py:840} INFO - DAG(s) 'company_overview_to_minio' retrieved from /opt/airflow/dags/dl_overview.py
[2026-02-19T15:21:51.124+0000] {logging_mixin.py:188} INFO - [2026-02-19T15:21:51.124+0000] {dag.py:3089} INFO - Sync 1 DAGs
[2026-02-19T15:21:51.146+0000] {logging_mixin.py:188} INFO - [2026-02-19T15:21:51.146+0000] {dag.py:3947} INFO - Setting next_dagrun for company_overview_to_minio to 2026-02-15 00:00:00+00:00, run_after=2026-02-22 00:00:00+00:00
[2026-02-19T15:21:51.165+0000] {processor.py:183} INFO - Processing /opt/airflow/dags/dl_overview.py took 0.099 seconds
[2026-02-19T15:22:21.680+0000] {processor.py:161} INFO - Started process (PID=7311) to work on /opt/airflow/dags/dl_overview.py
[2026-02-19T15:22:21.681+0000] {processor.py:830} INFO - Processing file /opt/airflow/dags/dl_overview.py for tasks to queue
[2026-02-19T15:22:21.682+0000] {logging_mixin.py:188} INFO - [2026-02-19T15:22:21.682+0000] {dagbag.py:545} INFO - Filling up the DagBag from /opt/airflow/dags/dl_overview.py
[2026-02-19T15:22:21.709+0000] {processor.py:840} INFO - DAG(s) 'company_overview_to_minio' retrieved from /opt/airflow/dags/dl_overview.py
[2026-02-19T15:22:21.729+0000] {logging_mixin.py:188} INFO - [2026-02-19T15:22:21.729+0000] {dag.py:3089} INFO - Sync 1 DAGs
[2026-02-19T15:22:21.750+0000] {logging_mixin.py:188} INFO - [2026-02-19T15:22:21.750+0000] {dag.py:3947} INFO - Setting next_dagrun for company_overview_to_minio to 2026-02-15 00:00:00+00:00, run_after=2026-02-22 00:00:00+00:00
[2026-02-19T15:22:21.767+0000] {processor.py:183} INFO - Processing /opt/airflow/dags/dl_overview.py took 0.093 seconds
[2026-02-19T15:22:51.854+0000] {processor.py:161} INFO - Started process (PID=7333) to work on /opt/airflow/dags/dl_overview.py
[2026-02-19T15:22:51.855+0000] {processor.py:830} INFO - Processing file /opt/airflow/dags/dl_overview.py for tasks to queue
[2026-02-19T15:22:51.856+0000] {logging_mixin.py:188} INFO - [2026-02-19T15:22:51.856+0000] {dagbag.py:545} INFO - Filling up the DagBag from /opt/airflow/dags/dl_overview.py
[2026-02-19T15:22:51.889+0000] {processor.py:840} INFO - DAG(s) 'company_overview_to_minio' retrieved from /opt/airflow/dags/dl_overview.py
[2026-02-19T15:22:51.912+0000] {logging_mixin.py:188} INFO - [2026-02-19T15:22:51.912+0000] {dag.py:3089} INFO - Sync 1 DAGs
[2026-02-19T15:22:51.936+0000] {logging_mixin.py:188} INFO - [2026-02-19T15:22:51.935+0000] {dag.py:3947} INFO - Setting next_dagrun for company_overview_to_minio to 2026-02-15 00:00:00+00:00, run_after=2026-02-22 00:00:00+00:00
[2026-02-19T15:22:51.952+0000] {processor.py:183} INFO - Processing /opt/airflow/dags/dl_overview.py took 0.104 seconds
[2026-02-19T15:23:22.188+0000] {processor.py:161} INFO - Started process (PID=7355) to work on /opt/airflow/dags/dl_overview.py
[2026-02-19T15:23:22.188+0000] {processor.py:830} INFO - Processing file /opt/airflow/dags/dl_overview.py for tasks to queue
[2026-02-19T15:23:22.189+0000] {logging_mixin.py:188} INFO - [2026-02-19T15:23:22.189+0000] {dagbag.py:545} INFO - Filling up the DagBag from /opt/airflow/dags/dl_overview.py
[2026-02-19T15:23:22.214+0000] {processor.py:840} INFO - DAG(s) 'company_overview_to_minio' retrieved from /opt/airflow/dags/dl_overview.py
[2026-02-19T15:23:22.236+0000] {logging_mixin.py:188} INFO - [2026-02-19T15:23:22.236+0000] {dag.py:3089} INFO - Sync 1 DAGs
[2026-02-19T15:23:22.257+0000] {logging_mixin.py:188} INFO - [2026-02-19T15:23:22.256+0000] {dag.py:3947} INFO - Setting next_dagrun for company_overview_to_minio to 2026-02-15 00:00:00+00:00, run_after=2026-02-22 00:00:00+00:00
[2026-02-19T15:23:22.277+0000] {processor.py:183} INFO - Processing /opt/airflow/dags/dl_overview.py took 0.094 seconds
[2026-02-19T15:23:52.568+0000] {processor.py:161} INFO - Started process (PID=7377) to work on /opt/airflow/dags/dl_overview.py
[2026-02-19T15:23:52.568+0000] {processor.py:830} INFO - Processing file /opt/airflow/dags/dl_overview.py for tasks to queue
[2026-02-19T15:23:52.569+0000] {logging_mixin.py:188} INFO - [2026-02-19T15:23:52.569+0000] {dagbag.py:545} INFO - Filling up the DagBag from /opt/airflow/dags/dl_overview.py
[2026-02-19T15:23:52.598+0000] {processor.py:840} INFO - DAG(s) 'company_overview_to_minio' retrieved from /opt/airflow/dags/dl_overview.py
[2026-02-19T15:23:52.618+0000] {logging_mixin.py:188} INFO - [2026-02-19T15:23:52.618+0000] {dag.py:3089} INFO - Sync 1 DAGs
[2026-02-19T15:23:52.639+0000] {logging_mixin.py:188} INFO - [2026-02-19T15:23:52.639+0000] {dag.py:3947} INFO - Setting next_dagrun for company_overview_to_minio to 2026-02-15 00:00:00+00:00, run_after=2026-02-22 00:00:00+00:00
[2026-02-19T15:23:52.658+0000] {processor.py:183} INFO - Processing /opt/airflow/dags/dl_overview.py took 0.095 seconds
[2026-02-19T15:24:22.884+0000] {processor.py:161} INFO - Started process (PID=7399) to work on /opt/airflow/dags/dl_overview.py
[2026-02-19T15:24:22.885+0000] {processor.py:830} INFO - Processing file /opt/airflow/dags/dl_overview.py for tasks to queue
[2026-02-19T15:24:22.886+0000] {logging_mixin.py:188} INFO - [2026-02-19T15:24:22.886+0000] {dagbag.py:545} INFO - Filling up the DagBag from /opt/airflow/dags/dl_overview.py
[2026-02-19T15:24:22.913+0000] {processor.py:840} INFO - DAG(s) 'company_overview_to_minio' retrieved from /opt/airflow/dags/dl_overview.py
[2026-02-19T15:24:22.938+0000] {logging_mixin.py:188} INFO - [2026-02-19T15:24:22.937+0000] {dag.py:3089} INFO - Sync 1 DAGs
[2026-02-19T15:24:22.962+0000] {logging_mixin.py:188} INFO - [2026-02-19T15:24:22.962+0000] {dag.py:3947} INFO - Setting next_dagrun for company_overview_to_minio to 2026-02-15 00:00:00+00:00, run_after=2026-02-22 00:00:00+00:00
[2026-02-19T15:24:22.985+0000] {processor.py:183} INFO - Processing /opt/airflow/dags/dl_overview.py took 0.108 seconds
[2026-02-19T15:24:53.408+0000] {processor.py:161} INFO - Started process (PID=7422) to work on /opt/airflow/dags/dl_overview.py
[2026-02-19T15:24:53.409+0000] {processor.py:830} INFO - Processing file /opt/airflow/dags/dl_overview.py for tasks to queue
[2026-02-19T15:24:53.410+0000] {logging_mixin.py:188} INFO - [2026-02-19T15:24:53.410+0000] {dagbag.py:545} INFO - Filling up the DagBag from /opt/airflow/dags/dl_overview.py
[2026-02-19T15:24:53.439+0000] {processor.py:840} INFO - DAG(s) 'company_overview_to_minio' retrieved from /opt/airflow/dags/dl_overview.py
[2026-02-19T15:24:53.461+0000] {logging_mixin.py:188} INFO - [2026-02-19T15:24:53.461+0000] {dag.py:3089} INFO - Sync 1 DAGs
[2026-02-19T15:24:53.482+0000] {logging_mixin.py:188} INFO - [2026-02-19T15:24:53.482+0000] {dag.py:3947} INFO - Setting next_dagrun for company_overview_to_minio to 2026-02-15 00:00:00+00:00, run_after=2026-02-22 00:00:00+00:00
[2026-02-19T15:24:53.500+0000] {processor.py:183} INFO - Processing /opt/airflow/dags/dl_overview.py took 0.097 seconds
[2026-02-19T15:25:24.077+0000] {processor.py:161} INFO - Started process (PID=7444) to work on /opt/airflow/dags/dl_overview.py
[2026-02-19T15:25:24.078+0000] {processor.py:830} INFO - Processing file /opt/airflow/dags/dl_overview.py for tasks to queue
[2026-02-19T15:25:24.079+0000] {logging_mixin.py:188} INFO - [2026-02-19T15:25:24.079+0000] {dagbag.py:545} INFO - Filling up the DagBag from /opt/airflow/dags/dl_overview.py
[2026-02-19T15:25:24.109+0000] {processor.py:840} INFO - DAG(s) 'company_overview_to_minio' retrieved from /opt/airflow/dags/dl_overview.py
[2026-02-19T15:25:24.131+0000] {logging_mixin.py:188} INFO - [2026-02-19T15:25:24.130+0000] {dag.py:3089} INFO - Sync 1 DAGs
[2026-02-19T15:25:24.151+0000] {logging_mixin.py:188} INFO - [2026-02-19T15:25:24.151+0000] {dag.py:3947} INFO - Setting next_dagrun for company_overview_to_minio to 2026-02-15 00:00:00+00:00, run_after=2026-02-22 00:00:00+00:00
[2026-02-19T15:25:24.172+0000] {processor.py:183} INFO - Processing /opt/airflow/dags/dl_overview.py took 0.100 seconds
[2026-02-19T15:25:54.504+0000] {processor.py:161} INFO - Started process (PID=7466) to work on /opt/airflow/dags/dl_overview.py
[2026-02-19T15:25:54.505+0000] {processor.py:830} INFO - Processing file /opt/airflow/dags/dl_overview.py for tasks to queue
[2026-02-19T15:25:54.506+0000] {logging_mixin.py:188} INFO - [2026-02-19T15:25:54.505+0000] {dagbag.py:545} INFO - Filling up the DagBag from /opt/airflow/dags/dl_overview.py
[2026-02-19T15:25:54.536+0000] {processor.py:840} INFO - DAG(s) 'company_overview_to_minio' retrieved from /opt/airflow/dags/dl_overview.py
[2026-02-19T15:25:54.560+0000] {logging_mixin.py:188} INFO - [2026-02-19T15:25:54.560+0000] {dag.py:3089} INFO - Sync 1 DAGs
[2026-02-19T15:25:54.581+0000] {logging_mixin.py:188} INFO - [2026-02-19T15:25:54.580+0000] {dag.py:3947} INFO - Setting next_dagrun for company_overview_to_minio to 2026-02-15 00:00:00+00:00, run_after=2026-02-22 00:00:00+00:00
[2026-02-19T15:25:54.599+0000] {processor.py:183} INFO - Processing /opt/airflow/dags/dl_overview.py took 0.100 seconds
[2026-02-19T15:26:25.328+0000] {processor.py:161} INFO - Started process (PID=7488) to work on /opt/airflow/dags/dl_overview.py
[2026-02-19T15:26:25.329+0000] {processor.py:830} INFO - Processing file /opt/airflow/dags/dl_overview.py for tasks to queue
[2026-02-19T15:26:25.330+0000] {logging_mixin.py:188} INFO - [2026-02-19T15:26:25.330+0000] {dagbag.py:545} INFO - Filling up the DagBag from /opt/airflow/dags/dl_overview.py
[2026-02-19T15:26:25.360+0000] {processor.py:840} INFO - DAG(s) 'company_overview_to_minio' retrieved from /opt/airflow/dags/dl_overview.py
[2026-02-19T15:26:25.381+0000] {logging_mixin.py:188} INFO - [2026-02-19T15:26:25.381+0000] {dag.py:3089} INFO - Sync 1 DAGs
[2026-02-19T15:26:25.403+0000] {logging_mixin.py:188} INFO - [2026-02-19T15:26:25.402+0000] {dag.py:3947} INFO - Setting next_dagrun for company_overview_to_minio to 2026-02-15 00:00:00+00:00, run_after=2026-02-22 00:00:00+00:00
[2026-02-19T15:26:25.419+0000] {processor.py:183} INFO - Processing /opt/airflow/dags/dl_overview.py took 0.098 seconds
[2026-02-19T15:26:55.859+0000] {processor.py:161} INFO - Started process (PID=7510) to work on /opt/airflow/dags/dl_overview.py
[2026-02-19T15:26:55.860+0000] {processor.py:830} INFO - Processing file /opt/airflow/dags/dl_overview.py for tasks to queue
[2026-02-19T15:26:55.860+0000] {logging_mixin.py:188} INFO - [2026-02-19T15:26:55.860+0000] {dagbag.py:545} INFO - Filling up the DagBag from /opt/airflow/dags/dl_overview.py
[2026-02-19T15:26:55.889+0000] {processor.py:840} INFO - DAG(s) 'company_overview_to_minio' retrieved from /opt/airflow/dags/dl_overview.py
[2026-02-19T15:26:55.911+0000] {logging_mixin.py:188} INFO - [2026-02-19T15:26:55.911+0000] {dag.py:3089} INFO - Sync 1 DAGs
[2026-02-19T15:26:55.934+0000] {logging_mixin.py:188} INFO - [2026-02-19T15:26:55.933+0000] {dag.py:3947} INFO - Setting next_dagrun for company_overview_to_minio to 2026-02-15 00:00:00+00:00, run_after=2026-02-22 00:00:00+00:00
[2026-02-19T15:26:55.954+0000] {processor.py:183} INFO - Processing /opt/airflow/dags/dl_overview.py took 0.101 seconds
[2026-02-19T15:27:26.879+0000] {processor.py:161} INFO - Started process (PID=7532) to work on /opt/airflow/dags/dl_overview.py
[2026-02-19T15:27:26.880+0000] {processor.py:830} INFO - Processing file /opt/airflow/dags/dl_overview.py for tasks to queue
[2026-02-19T15:27:26.881+0000] {logging_mixin.py:188} INFO - [2026-02-19T15:27:26.881+0000] {dagbag.py:545} INFO - Filling up the DagBag from /opt/airflow/dags/dl_overview.py
[2026-02-19T15:27:26.919+0000] {processor.py:840} INFO - DAG(s) 'company_overview_to_minio' retrieved from /opt/airflow/dags/dl_overview.py
[2026-02-19T15:27:26.957+0000] {logging_mixin.py:188} INFO - [2026-02-19T15:27:26.957+0000] {dag.py:3089} INFO - Sync 1 DAGs
[2026-02-19T15:27:27.014+0000] {logging_mixin.py:188} INFO - [2026-02-19T15:27:27.014+0000] {dag.py:3947} INFO - Setting next_dagrun for company_overview_to_minio to 2026-02-15 00:00:00+00:00, run_after=2026-02-22 00:00:00+00:00
[2026-02-19T15:27:27.083+0000] {processor.py:183} INFO - Processing /opt/airflow/dags/dl_overview.py took 0.210 seconds
[2026-02-19T15:27:57.948+0000] {processor.py:161} INFO - Started process (PID=7554) to work on /opt/airflow/dags/dl_overview.py
[2026-02-19T15:27:57.949+0000] {processor.py:830} INFO - Processing file /opt/airflow/dags/dl_overview.py for tasks to queue
[2026-02-19T15:27:57.950+0000] {logging_mixin.py:188} INFO - [2026-02-19T15:27:57.950+0000] {dagbag.py:545} INFO - Filling up the DagBag from /opt/airflow/dags/dl_overview.py
[2026-02-19T15:27:57.982+0000] {processor.py:840} INFO - DAG(s) 'company_overview_to_minio' retrieved from /opt/airflow/dags/dl_overview.py
[2026-02-19T15:27:58.004+0000] {logging_mixin.py:188} INFO - [2026-02-19T15:27:58.004+0000] {dag.py:3089} INFO - Sync 1 DAGs
[2026-02-19T15:27:58.029+0000] {logging_mixin.py:188} INFO - [2026-02-19T15:27:58.029+0000] {dag.py:3947} INFO - Setting next_dagrun for company_overview_to_minio to 2026-02-15 00:00:00+00:00, run_after=2026-02-22 00:00:00+00:00
[2026-02-19T15:27:58.236+0000] {processor.py:183} INFO - Processing /opt/airflow/dags/dl_overview.py took 0.294 seconds
[2026-02-19T15:28:28.647+0000] {processor.py:161} INFO - Started process (PID=7582) to work on /opt/airflow/dags/dl_overview.py
[2026-02-19T15:28:28.648+0000] {processor.py:830} INFO - Processing file /opt/airflow/dags/dl_overview.py for tasks to queue
[2026-02-19T15:28:28.649+0000] {logging_mixin.py:188} INFO - [2026-02-19T15:28:28.649+0000] {dagbag.py:545} INFO - Filling up the DagBag from /opt/airflow/dags/dl_overview.py
[2026-02-19T15:28:28.690+0000] {processor.py:840} INFO - DAG(s) 'company_overview_to_minio' retrieved from /opt/airflow/dags/dl_overview.py
[2026-02-19T15:28:28.717+0000] {logging_mixin.py:188} INFO - [2026-02-19T15:28:28.717+0000] {dag.py:3089} INFO - Sync 1 DAGs
[2026-02-19T15:28:28.741+0000] {logging_mixin.py:188} INFO - [2026-02-19T15:28:28.741+0000] {dag.py:3947} INFO - Setting next_dagrun for company_overview_to_minio to 2026-02-15 00:00:00+00:00, run_after=2026-02-22 00:00:00+00:00
[2026-02-19T15:28:28.765+0000] {processor.py:183} INFO - Processing /opt/airflow/dags/dl_overview.py took 0.125 seconds
[2026-02-19T15:28:59.116+0000] {processor.py:161} INFO - Started process (PID=7604) to work on /opt/airflow/dags/dl_overview.py
[2026-02-19T15:28:59.117+0000] {processor.py:830} INFO - Processing file /opt/airflow/dags/dl_overview.py for tasks to queue
[2026-02-19T15:28:59.118+0000] {logging_mixin.py:188} INFO - [2026-02-19T15:28:59.118+0000] {dagbag.py:545} INFO - Filling up the DagBag from /opt/airflow/dags/dl_overview.py
[2026-02-19T15:28:59.169+0000] {processor.py:840} INFO - DAG(s) 'company_overview_to_minio' retrieved from /opt/airflow/dags/dl_overview.py
[2026-02-19T15:28:59.203+0000] {logging_mixin.py:188} INFO - [2026-02-19T15:28:59.202+0000] {dag.py:3089} INFO - Sync 1 DAGs
[2026-02-19T15:28:59.502+0000] {logging_mixin.py:188} INFO - [2026-02-19T15:28:59.501+0000] {dag.py:3947} INFO - Setting next_dagrun for company_overview_to_minio to 2026-02-15 00:00:00+00:00, run_after=2026-02-22 00:00:00+00:00
[2026-02-19T15:28:59.518+0000] {processor.py:183} INFO - Processing /opt/airflow/dags/dl_overview.py took 0.408 seconds
[2026-02-19T15:29:30.248+0000] {processor.py:161} INFO - Started process (PID=7626) to work on /opt/airflow/dags/dl_overview.py
[2026-02-19T15:29:30.248+0000] {processor.py:830} INFO - Processing file /opt/airflow/dags/dl_overview.py for tasks to queue
[2026-02-19T15:29:30.249+0000] {logging_mixin.py:188} INFO - [2026-02-19T15:29:30.249+0000] {dagbag.py:545} INFO - Filling up the DagBag from /opt/airflow/dags/dl_overview.py
[2026-02-19T15:29:30.280+0000] {processor.py:840} INFO - DAG(s) 'company_overview_to_minio' retrieved from /opt/airflow/dags/dl_overview.py
[2026-02-19T15:29:30.304+0000] {logging_mixin.py:188} INFO - [2026-02-19T15:29:30.304+0000] {dag.py:3089} INFO - Sync 1 DAGs
[2026-02-19T15:29:30.326+0000] {logging_mixin.py:188} INFO - [2026-02-19T15:29:30.325+0000] {dag.py:3947} INFO - Setting next_dagrun for company_overview_to_minio to 2026-02-15 00:00:00+00:00, run_after=2026-02-22 00:00:00+00:00
[2026-02-19T15:29:30.345+0000] {processor.py:183} INFO - Processing /opt/airflow/dags/dl_overview.py took 0.102 seconds
[2026-02-19T15:30:00.547+0000] {processor.py:161} INFO - Started process (PID=7648) to work on /opt/airflow/dags/dl_overview.py
[2026-02-19T15:30:00.548+0000] {processor.py:830} INFO - Processing file /opt/airflow/dags/dl_overview.py for tasks to queue
[2026-02-19T15:30:00.549+0000] {logging_mixin.py:188} INFO - [2026-02-19T15:30:00.549+0000] {dagbag.py:545} INFO - Filling up the DagBag from /opt/airflow/dags/dl_overview.py
[2026-02-19T15:30:00.581+0000] {processor.py:840} INFO - DAG(s) 'company_overview_to_minio' retrieved from /opt/airflow/dags/dl_overview.py
[2026-02-19T15:30:00.784+0000] {logging_mixin.py:188} INFO - [2026-02-19T15:30:00.784+0000] {dag.py:3089} INFO - Sync 1 DAGs
[2026-02-19T15:30:00.803+0000] {logging_mixin.py:188} INFO - [2026-02-19T15:30:00.803+0000] {dag.py:3947} INFO - Setting next_dagrun for company_overview_to_minio to 2026-02-15 00:00:00+00:00, run_after=2026-02-22 00:00:00+00:00
[2026-02-19T15:30:00.821+0000] {processor.py:183} INFO - Processing /opt/airflow/dags/dl_overview.py took 0.278 seconds
[2026-02-19T15:30:31.435+0000] {processor.py:161} INFO - Started process (PID=7670) to work on /opt/airflow/dags/dl_overview.py
[2026-02-19T15:30:31.435+0000] {processor.py:830} INFO - Processing file /opt/airflow/dags/dl_overview.py for tasks to queue
[2026-02-19T15:30:31.436+0000] {logging_mixin.py:188} INFO - [2026-02-19T15:30:31.436+0000] {dagbag.py:545} INFO - Filling up the DagBag from /opt/airflow/dags/dl_overview.py
[2026-02-19T15:30:31.463+0000] {processor.py:840} INFO - DAG(s) 'company_overview_to_minio' retrieved from /opt/airflow/dags/dl_overview.py
[2026-02-19T15:30:31.486+0000] {logging_mixin.py:188} INFO - [2026-02-19T15:30:31.485+0000] {dag.py:3089} INFO - Sync 1 DAGs
[2026-02-19T15:30:31.506+0000] {logging_mixin.py:188} INFO - [2026-02-19T15:30:31.506+0000] {dag.py:3947} INFO - Setting next_dagrun for company_overview_to_minio to 2026-02-15 00:00:00+00:00, run_after=2026-02-22 00:00:00+00:00
[2026-02-19T15:30:31.528+0000] {processor.py:183} INFO - Processing /opt/airflow/dags/dl_overview.py took 0.098 seconds
[2026-02-19T15:31:01.889+0000] {processor.py:161} INFO - Started process (PID=7692) to work on /opt/airflow/dags/dl_overview.py
[2026-02-19T15:31:01.889+0000] {processor.py:830} INFO - Processing file /opt/airflow/dags/dl_overview.py for tasks to queue
[2026-02-19T15:31:01.890+0000] {logging_mixin.py:188} INFO - [2026-02-19T15:31:01.890+0000] {dagbag.py:545} INFO - Filling up the DagBag from /opt/airflow/dags/dl_overview.py
[2026-02-19T15:31:01.922+0000] {processor.py:840} INFO - DAG(s) 'company_overview_to_minio' retrieved from /opt/airflow/dags/dl_overview.py
[2026-02-19T15:31:01.945+0000] {logging_mixin.py:188} INFO - [2026-02-19T15:31:01.944+0000] {dag.py:3089} INFO - Sync 1 DAGs
[2026-02-19T15:31:01.966+0000] {logging_mixin.py:188} INFO - [2026-02-19T15:31:01.965+0000] {dag.py:3947} INFO - Setting next_dagrun for company_overview_to_minio to 2026-02-15 00:00:00+00:00, run_after=2026-02-22 00:00:00+00:00
[2026-02-19T15:31:01.984+0000] {processor.py:183} INFO - Processing /opt/airflow/dags/dl_overview.py took 0.101 seconds
[2026-02-19T15:31:32.383+0000] {processor.py:161} INFO - Started process (PID=7714) to work on /opt/airflow/dags/dl_overview.py
[2026-02-19T15:31:32.384+0000] {processor.py:830} INFO - Processing file /opt/airflow/dags/dl_overview.py for tasks to queue
[2026-02-19T15:31:32.384+0000] {logging_mixin.py:188} INFO - [2026-02-19T15:31:32.384+0000] {dagbag.py:545} INFO - Filling up the DagBag from /opt/airflow/dags/dl_overview.py
[2026-02-19T15:31:32.418+0000] {processor.py:840} INFO - DAG(s) 'company_overview_to_minio' retrieved from /opt/airflow/dags/dl_overview.py
[2026-02-19T15:31:32.442+0000] {logging_mixin.py:188} INFO - [2026-02-19T15:31:32.442+0000] {dag.py:3089} INFO - Sync 1 DAGs
[2026-02-19T15:31:32.463+0000] {logging_mixin.py:188} INFO - [2026-02-19T15:31:32.462+0000] {dag.py:3947} INFO - Setting next_dagrun for company_overview_to_minio to 2026-02-15 00:00:00+00:00, run_after=2026-02-22 00:00:00+00:00
[2026-02-19T15:31:32.482+0000] {processor.py:183} INFO - Processing /opt/airflow/dags/dl_overview.py took 0.104 seconds
[2026-02-19T15:32:02.757+0000] {processor.py:161} INFO - Started process (PID=7736) to work on /opt/airflow/dags/dl_overview.py
[2026-02-19T15:32:02.758+0000] {processor.py:830} INFO - Processing file /opt/airflow/dags/dl_overview.py for tasks to queue
[2026-02-19T15:32:02.759+0000] {logging_mixin.py:188} INFO - [2026-02-19T15:32:02.759+0000] {dagbag.py:545} INFO - Filling up the DagBag from /opt/airflow/dags/dl_overview.py
[2026-02-19T15:32:02.788+0000] {processor.py:840} INFO - DAG(s) 'company_overview_to_minio' retrieved from /opt/airflow/dags/dl_overview.py
[2026-02-19T15:32:02.811+0000] {logging_mixin.py:188} INFO - [2026-02-19T15:32:02.811+0000] {dag.py:3089} INFO - Sync 1 DAGs
[2026-02-19T15:32:02.833+0000] {logging_mixin.py:188} INFO - [2026-02-19T15:32:02.833+0000] {dag.py:3947} INFO - Setting next_dagrun for company_overview_to_minio to 2026-02-15 00:00:00+00:00, run_after=2026-02-22 00:00:00+00:00
[2026-02-19T15:32:02.855+0000] {processor.py:183} INFO - Processing /opt/airflow/dags/dl_overview.py took 0.103 seconds
[2026-02-19T15:32:33.031+0000] {processor.py:161} INFO - Started process (PID=7758) to work on /opt/airflow/dags/dl_overview.py
[2026-02-19T15:32:33.032+0000] {processor.py:830} INFO - Processing file /opt/airflow/dags/dl_overview.py for tasks to queue
[2026-02-19T15:32:33.033+0000] {logging_mixin.py:188} INFO - [2026-02-19T15:32:33.032+0000] {dagbag.py:545} INFO - Filling up the DagBag from /opt/airflow/dags/dl_overview.py
[2026-02-19T15:32:33.065+0000] {processor.py:840} INFO - DAG(s) 'company_overview_to_minio' retrieved from /opt/airflow/dags/dl_overview.py
[2026-02-19T15:32:33.086+0000] {logging_mixin.py:188} INFO - [2026-02-19T15:32:33.086+0000] {dag.py:3089} INFO - Sync 1 DAGs
[2026-02-19T15:32:33.109+0000] {logging_mixin.py:188} INFO - [2026-02-19T15:32:33.108+0000] {dag.py:3947} INFO - Setting next_dagrun for company_overview_to_minio to 2026-02-15 00:00:00+00:00, run_after=2026-02-22 00:00:00+00:00
[2026-02-19T15:32:33.128+0000] {processor.py:183} INFO - Processing /opt/airflow/dags/dl_overview.py took 0.103 seconds
[2026-02-19T15:33:03.887+0000] {processor.py:161} INFO - Started process (PID=7780) to work on /opt/airflow/dags/dl_overview.py
[2026-02-19T15:33:03.888+0000] {processor.py:830} INFO - Processing file /opt/airflow/dags/dl_overview.py for tasks to queue
[2026-02-19T15:33:03.889+0000] {logging_mixin.py:188} INFO - [2026-02-19T15:33:03.888+0000] {dagbag.py:545} INFO - Filling up the DagBag from /opt/airflow/dags/dl_overview.py
[2026-02-19T15:33:03.920+0000] {processor.py:840} INFO - DAG(s) 'company_overview_to_minio' retrieved from /opt/airflow/dags/dl_overview.py
[2026-02-19T15:33:03.941+0000] {logging_mixin.py:188} INFO - [2026-02-19T15:33:03.941+0000] {dag.py:3089} INFO - Sync 1 DAGs
[2026-02-19T15:33:03.963+0000] {logging_mixin.py:188} INFO - [2026-02-19T15:33:03.963+0000] {dag.py:3947} INFO - Setting next_dagrun for company_overview_to_minio to 2026-02-15 00:00:00+00:00, run_after=2026-02-22 00:00:00+00:00
[2026-02-19T15:33:03.981+0000] {processor.py:183} INFO - Processing /opt/airflow/dags/dl_overview.py took 0.099 seconds
[2026-02-19T15:33:34.369+0000] {processor.py:161} INFO - Started process (PID=7802) to work on /opt/airflow/dags/dl_overview.py
[2026-02-19T15:33:34.370+0000] {processor.py:830} INFO - Processing file /opt/airflow/dags/dl_overview.py for tasks to queue
[2026-02-19T15:33:34.371+0000] {logging_mixin.py:188} INFO - [2026-02-19T15:33:34.371+0000] {dagbag.py:545} INFO - Filling up the DagBag from /opt/airflow/dags/dl_overview.py
[2026-02-19T15:33:34.399+0000] {processor.py:840} INFO - DAG(s) 'company_overview_to_minio' retrieved from /opt/airflow/dags/dl_overview.py
[2026-02-19T15:33:34.421+0000] {logging_mixin.py:188} INFO - [2026-02-19T15:33:34.421+0000] {dag.py:3089} INFO - Sync 1 DAGs
[2026-02-19T15:33:34.443+0000] {logging_mixin.py:188} INFO - [2026-02-19T15:33:34.443+0000] {dag.py:3947} INFO - Setting next_dagrun for company_overview_to_minio to 2026-02-15 00:00:00+00:00, run_after=2026-02-22 00:00:00+00:00
[2026-02-19T15:33:34.462+0000] {processor.py:183} INFO - Processing /opt/airflow/dags/dl_overview.py took 0.097 seconds
[2026-02-19T15:34:04.980+0000] {processor.py:161} INFO - Started process (PID=7824) to work on /opt/airflow/dags/dl_overview.py
[2026-02-19T15:34:04.980+0000] {processor.py:830} INFO - Processing file /opt/airflow/dags/dl_overview.py for tasks to queue
[2026-02-19T15:34:04.981+0000] {logging_mixin.py:188} INFO - [2026-02-19T15:34:04.981+0000] {dagbag.py:545} INFO - Filling up the DagBag from /opt/airflow/dags/dl_overview.py
[2026-02-19T15:34:05.011+0000] {processor.py:840} INFO - DAG(s) 'company_overview_to_minio' retrieved from /opt/airflow/dags/dl_overview.py
[2026-02-19T15:34:05.033+0000] {logging_mixin.py:188} INFO - [2026-02-19T15:34:05.033+0000] {dag.py:3089} INFO - Sync 1 DAGs
[2026-02-19T15:34:05.056+0000] {logging_mixin.py:188} INFO - [2026-02-19T15:34:05.056+0000] {dag.py:3947} INFO - Setting next_dagrun for company_overview_to_minio to 2026-02-15 00:00:00+00:00, run_after=2026-02-22 00:00:00+00:00
[2026-02-19T15:34:05.075+0000] {processor.py:183} INFO - Processing /opt/airflow/dags/dl_overview.py took 0.100 seconds
[2026-02-19T15:34:35.611+0000] {processor.py:161} INFO - Started process (PID=7846) to work on /opt/airflow/dags/dl_overview.py
[2026-02-19T15:34:35.612+0000] {processor.py:830} INFO - Processing file /opt/airflow/dags/dl_overview.py for tasks to queue
[2026-02-19T15:34:35.612+0000] {logging_mixin.py:188} INFO - [2026-02-19T15:34:35.612+0000] {dagbag.py:545} INFO - Filling up the DagBag from /opt/airflow/dags/dl_overview.py
[2026-02-19T15:34:35.643+0000] {processor.py:840} INFO - DAG(s) 'company_overview_to_minio' retrieved from /opt/airflow/dags/dl_overview.py
[2026-02-19T15:34:35.668+0000] {logging_mixin.py:188} INFO - [2026-02-19T15:34:35.668+0000] {dag.py:3089} INFO - Sync 1 DAGs
[2026-02-19T15:34:35.692+0000] {logging_mixin.py:188} INFO - [2026-02-19T15:34:35.692+0000] {dag.py:3947} INFO - Setting next_dagrun for company_overview_to_minio to 2026-02-15 00:00:00+00:00, run_after=2026-02-22 00:00:00+00:00
[2026-02-19T15:34:35.713+0000] {processor.py:183} INFO - Processing /opt/airflow/dags/dl_overview.py took 0.111 seconds
[2026-02-19T15:35:06.460+0000] {processor.py:161} INFO - Started process (PID=7868) to work on /opt/airflow/dags/dl_overview.py
[2026-02-19T15:35:06.461+0000] {processor.py:830} INFO - Processing file /opt/airflow/dags/dl_overview.py for tasks to queue
[2026-02-19T15:35:06.462+0000] {logging_mixin.py:188} INFO - [2026-02-19T15:35:06.462+0000] {dagbag.py:545} INFO - Filling up the DagBag from /opt/airflow/dags/dl_overview.py
[2026-02-19T15:35:06.495+0000] {processor.py:840} INFO - DAG(s) 'company_overview_to_minio' retrieved from /opt/airflow/dags/dl_overview.py
[2026-02-19T15:35:06.518+0000] {logging_mixin.py:188} INFO - [2026-02-19T15:35:06.518+0000] {dag.py:3089} INFO - Sync 1 DAGs
[2026-02-19T15:35:06.542+0000] {logging_mixin.py:188} INFO - [2026-02-19T15:35:06.542+0000] {dag.py:3947} INFO - Setting next_dagrun for company_overview_to_minio to 2026-02-15 00:00:00+00:00, run_after=2026-02-22 00:00:00+00:00
[2026-02-19T15:35:06.565+0000] {processor.py:183} INFO - Processing /opt/airflow/dags/dl_overview.py took 0.111 seconds
[2026-02-19T15:35:36.792+0000] {processor.py:161} INFO - Started process (PID=7890) to work on /opt/airflow/dags/dl_overview.py
[2026-02-19T15:35:36.793+0000] {processor.py:830} INFO - Processing file /opt/airflow/dags/dl_overview.py for tasks to queue
[2026-02-19T15:35:36.794+0000] {logging_mixin.py:188} INFO - [2026-02-19T15:35:36.794+0000] {dagbag.py:545} INFO - Filling up the DagBag from /opt/airflow/dags/dl_overview.py
[2026-02-19T15:35:36.830+0000] {processor.py:840} INFO - DAG(s) 'company_overview_to_minio' retrieved from /opt/airflow/dags/dl_overview.py
[2026-02-19T15:35:36.853+0000] {logging_mixin.py:188} INFO - [2026-02-19T15:35:36.853+0000] {dag.py:3089} INFO - Sync 1 DAGs
[2026-02-19T15:35:36.877+0000] {logging_mixin.py:188} INFO - [2026-02-19T15:35:36.877+0000] {dag.py:3947} INFO - Setting next_dagrun for company_overview_to_minio to 2026-02-15 00:00:00+00:00, run_after=2026-02-22 00:00:00+00:00
[2026-02-19T15:35:36.897+0000] {processor.py:183} INFO - Processing /opt/airflow/dags/dl_overview.py took 0.114 seconds
[2026-02-19T15:36:07.327+0000] {processor.py:161} INFO - Started process (PID=7912) to work on /opt/airflow/dags/dl_overview.py
[2026-02-19T15:36:07.328+0000] {processor.py:830} INFO - Processing file /opt/airflow/dags/dl_overview.py for tasks to queue
[2026-02-19T15:36:07.328+0000] {logging_mixin.py:188} INFO - [2026-02-19T15:36:07.328+0000] {dagbag.py:545} INFO - Filling up the DagBag from /opt/airflow/dags/dl_overview.py
[2026-02-19T15:36:07.358+0000] {processor.py:840} INFO - DAG(s) 'company_overview_to_minio' retrieved from /opt/airflow/dags/dl_overview.py
[2026-02-19T15:36:07.379+0000] {logging_mixin.py:188} INFO - [2026-02-19T15:36:07.379+0000] {dag.py:3089} INFO - Sync 1 DAGs
[2026-02-19T15:36:07.399+0000] {logging_mixin.py:188} INFO - [2026-02-19T15:36:07.399+0000] {dag.py:3947} INFO - Setting next_dagrun for company_overview_to_minio to 2026-02-15 00:00:00+00:00, run_after=2026-02-22 00:00:00+00:00
[2026-02-19T15:36:07.422+0000] {processor.py:183} INFO - Processing /opt/airflow/dags/dl_overview.py took 0.100 seconds
[2026-02-19T15:36:38.294+0000] {processor.py:161} INFO - Started process (PID=7934) to work on /opt/airflow/dags/dl_overview.py
[2026-02-19T15:36:38.294+0000] {processor.py:830} INFO - Processing file /opt/airflow/dags/dl_overview.py for tasks to queue
[2026-02-19T15:36:38.295+0000] {logging_mixin.py:188} INFO - [2026-02-19T15:36:38.295+0000] {dagbag.py:545} INFO - Filling up the DagBag from /opt/airflow/dags/dl_overview.py
[2026-02-19T15:36:38.329+0000] {processor.py:840} INFO - DAG(s) 'company_overview_to_minio' retrieved from /opt/airflow/dags/dl_overview.py
[2026-02-19T15:36:38.355+0000] {logging_mixin.py:188} INFO - [2026-02-19T15:36:38.355+0000] {dag.py:3089} INFO - Sync 1 DAGs
[2026-02-19T15:36:38.381+0000] {logging_mixin.py:188} INFO - [2026-02-19T15:36:38.381+0000] {dag.py:3947} INFO - Setting next_dagrun for company_overview_to_minio to 2026-02-15 00:00:00+00:00, run_after=2026-02-22 00:00:00+00:00
[2026-02-19T15:36:38.406+0000] {processor.py:183} INFO - Processing /opt/airflow/dags/dl_overview.py took 0.119 seconds
[2026-02-19T15:37:08.948+0000] {processor.py:161} INFO - Started process (PID=7956) to work on /opt/airflow/dags/dl_overview.py
[2026-02-19T15:37:08.949+0000] {processor.py:830} INFO - Processing file /opt/airflow/dags/dl_overview.py for tasks to queue
[2026-02-19T15:37:08.949+0000] {logging_mixin.py:188} INFO - [2026-02-19T15:37:08.949+0000] {dagbag.py:545} INFO - Filling up the DagBag from /opt/airflow/dags/dl_overview.py
[2026-02-19T15:37:08.983+0000] {processor.py:840} INFO - DAG(s) 'company_overview_to_minio' retrieved from /opt/airflow/dags/dl_overview.py
[2026-02-19T15:37:09.009+0000] {logging_mixin.py:188} INFO - [2026-02-19T15:37:09.008+0000] {dag.py:3089} INFO - Sync 1 DAGs
[2026-02-19T15:37:09.032+0000] {logging_mixin.py:188} INFO - [2026-02-19T15:37:09.032+0000] {dag.py:3947} INFO - Setting next_dagrun for company_overview_to_minio to 2026-02-15 00:00:00+00:00, run_after=2026-02-22 00:00:00+00:00
[2026-02-19T15:37:09.051+0000] {processor.py:183} INFO - Processing /opt/airflow/dags/dl_overview.py took 0.109 seconds
[2026-02-19T15:37:39.428+0000] {processor.py:161} INFO - Started process (PID=7978) to work on /opt/airflow/dags/dl_overview.py
[2026-02-19T15:37:39.429+0000] {processor.py:830} INFO - Processing file /opt/airflow/dags/dl_overview.py for tasks to queue
[2026-02-19T15:37:39.430+0000] {logging_mixin.py:188} INFO - [2026-02-19T15:37:39.429+0000] {dagbag.py:545} INFO - Filling up the DagBag from /opt/airflow/dags/dl_overview.py
[2026-02-19T15:37:39.458+0000] {processor.py:840} INFO - DAG(s) 'company_overview_to_minio' retrieved from /opt/airflow/dags/dl_overview.py
[2026-02-19T15:37:39.483+0000] {logging_mixin.py:188} INFO - [2026-02-19T15:37:39.483+0000] {dag.py:3089} INFO - Sync 1 DAGs
[2026-02-19T15:37:39.511+0000] {logging_mixin.py:188} INFO - [2026-02-19T15:37:39.510+0000] {dag.py:3947} INFO - Setting next_dagrun for company_overview_to_minio to 2026-02-15 00:00:00+00:00, run_after=2026-02-22 00:00:00+00:00
[2026-02-19T15:37:39.535+0000] {processor.py:183} INFO - Processing /opt/airflow/dags/dl_overview.py took 0.112 seconds
[2026-02-19T15:38:09.723+0000] {processor.py:161} INFO - Started process (PID=8001) to work on /opt/airflow/dags/dl_overview.py
[2026-02-19T15:38:09.723+0000] {processor.py:830} INFO - Processing file /opt/airflow/dags/dl_overview.py for tasks to queue
[2026-02-19T15:38:09.724+0000] {logging_mixin.py:188} INFO - [2026-02-19T15:38:09.724+0000] {dagbag.py:545} INFO - Filling up the DagBag from /opt/airflow/dags/dl_overview.py
[2026-02-19T15:38:09.752+0000] {processor.py:840} INFO - DAG(s) 'company_overview_to_minio' retrieved from /opt/airflow/dags/dl_overview.py
[2026-02-19T15:38:09.771+0000] {logging_mixin.py:188} INFO - [2026-02-19T15:38:09.771+0000] {dag.py:3089} INFO - Sync 1 DAGs
[2026-02-19T15:38:09.790+0000] {logging_mixin.py:188} INFO - [2026-02-19T15:38:09.790+0000] {dag.py:3947} INFO - Setting next_dagrun for company_overview_to_minio to 2026-02-15 00:00:00+00:00, run_after=2026-02-22 00:00:00+00:00
[2026-02-19T15:38:09.811+0000] {processor.py:183} INFO - Processing /opt/airflow/dags/dl_overview.py took 0.094 seconds
[2026-02-19T15:38:40.163+0000] {processor.py:161} INFO - Started process (PID=8023) to work on /opt/airflow/dags/dl_overview.py
[2026-02-19T15:38:40.164+0000] {processor.py:830} INFO - Processing file /opt/airflow/dags/dl_overview.py for tasks to queue
[2026-02-19T15:38:40.165+0000] {logging_mixin.py:188} INFO - [2026-02-19T15:38:40.164+0000] {dagbag.py:545} INFO - Filling up the DagBag from /opt/airflow/dags/dl_overview.py
[2026-02-19T15:38:40.192+0000] {processor.py:840} INFO - DAG(s) 'company_overview_to_minio' retrieved from /opt/airflow/dags/dl_overview.py
[2026-02-19T15:38:40.213+0000] {logging_mixin.py:188} INFO - [2026-02-19T15:38:40.213+0000] {dag.py:3089} INFO - Sync 1 DAGs
[2026-02-19T15:38:40.233+0000] {logging_mixin.py:188} INFO - [2026-02-19T15:38:40.232+0000] {dag.py:3947} INFO - Setting next_dagrun for company_overview_to_minio to 2026-02-15 00:00:00+00:00, run_after=2026-02-22 00:00:00+00:00
[2026-02-19T15:38:40.250+0000] {processor.py:183} INFO - Processing /opt/airflow/dags/dl_overview.py took 0.092 seconds
[2026-02-19T15:39:10.399+0000] {processor.py:161} INFO - Started process (PID=8045) to work on /opt/airflow/dags/dl_overview.py
[2026-02-19T15:39:10.400+0000] {processor.py:830} INFO - Processing file /opt/airflow/dags/dl_overview.py for tasks to queue
[2026-02-19T15:39:10.400+0000] {logging_mixin.py:188} INFO - [2026-02-19T15:39:10.400+0000] {dagbag.py:545} INFO - Filling up the DagBag from /opt/airflow/dags/dl_overview.py
[2026-02-19T15:39:10.427+0000] {processor.py:840} INFO - DAG(s) 'company_overview_to_minio' retrieved from /opt/airflow/dags/dl_overview.py
[2026-02-19T15:39:10.447+0000] {logging_mixin.py:188} INFO - [2026-02-19T15:39:10.446+0000] {dag.py:3089} INFO - Sync 1 DAGs
[2026-02-19T15:39:10.468+0000] {logging_mixin.py:188} INFO - [2026-02-19T15:39:10.468+0000] {dag.py:3947} INFO - Setting next_dagrun for company_overview_to_minio to 2026-02-15 00:00:00+00:00, run_after=2026-02-22 00:00:00+00:00
[2026-02-19T15:39:10.483+0000] {processor.py:183} INFO - Processing /opt/airflow/dags/dl_overview.py took 0.089 seconds
[2026-02-19T15:39:40.810+0000] {processor.py:161} INFO - Started process (PID=8067) to work on /opt/airflow/dags/dl_overview.py
[2026-02-19T15:39:40.811+0000] {processor.py:830} INFO - Processing file /opt/airflow/dags/dl_overview.py for tasks to queue
[2026-02-19T15:39:40.813+0000] {logging_mixin.py:188} INFO - [2026-02-19T15:39:40.812+0000] {dagbag.py:545} INFO - Filling up the DagBag from /opt/airflow/dags/dl_overview.py
[2026-02-19T15:39:40.858+0000] {processor.py:840} INFO - DAG(s) 'company_overview_to_minio' retrieved from /opt/airflow/dags/dl_overview.py
[2026-02-19T15:39:40.888+0000] {logging_mixin.py:188} INFO - [2026-02-19T15:39:40.888+0000] {dag.py:3089} INFO - Sync 1 DAGs
[2026-02-19T15:39:40.907+0000] {logging_mixin.py:188} INFO - [2026-02-19T15:39:40.907+0000] {dag.py:3947} INFO - Setting next_dagrun for company_overview_to_minio to 2026-02-15 00:00:00+00:00, run_after=2026-02-22 00:00:00+00:00
[2026-02-19T15:39:40.928+0000] {processor.py:183} INFO - Processing /opt/airflow/dags/dl_overview.py took 0.123 seconds
[2026-02-19T15:40:11.196+0000] {processor.py:161} INFO - Started process (PID=8089) to work on /opt/airflow/dags/dl_overview.py
[2026-02-19T15:40:11.197+0000] {processor.py:830} INFO - Processing file /opt/airflow/dags/dl_overview.py for tasks to queue
[2026-02-19T15:40:11.198+0000] {logging_mixin.py:188} INFO - [2026-02-19T15:40:11.197+0000] {dagbag.py:545} INFO - Filling up the DagBag from /opt/airflow/dags/dl_overview.py
[2026-02-19T15:40:11.229+0000] {processor.py:840} INFO - DAG(s) 'company_overview_to_minio' retrieved from /opt/airflow/dags/dl_overview.py
[2026-02-19T15:40:11.253+0000] {logging_mixin.py:188} INFO - [2026-02-19T15:40:11.253+0000] {dag.py:3089} INFO - Sync 1 DAGs
[2026-02-19T15:40:11.276+0000] {logging_mixin.py:188} INFO - [2026-02-19T15:40:11.275+0000] {dag.py:3947} INFO - Setting next_dagrun for company_overview_to_minio to 2026-02-15 00:00:00+00:00, run_after=2026-02-22 00:00:00+00:00
[2026-02-19T15:40:11.310+0000] {processor.py:183} INFO - Processing /opt/airflow/dags/dl_overview.py took 0.119 seconds
[2026-02-19T15:40:41.551+0000] {processor.py:161} INFO - Started process (PID=8111) to work on /opt/airflow/dags/dl_overview.py
[2026-02-19T15:40:41.552+0000] {processor.py:830} INFO - Processing file /opt/airflow/dags/dl_overview.py for tasks to queue
[2026-02-19T15:40:41.553+0000] {logging_mixin.py:188} INFO - [2026-02-19T15:40:41.552+0000] {dagbag.py:545} INFO - Filling up the DagBag from /opt/airflow/dags/dl_overview.py
[2026-02-19T15:40:41.591+0000] {processor.py:840} INFO - DAG(s) 'company_overview_to_minio' retrieved from /opt/airflow/dags/dl_overview.py
[2026-02-19T15:40:41.625+0000] {logging_mixin.py:188} INFO - [2026-02-19T15:40:41.625+0000] {dag.py:3089} INFO - Sync 1 DAGs
[2026-02-19T15:40:41.651+0000] {logging_mixin.py:188} INFO - [2026-02-19T15:40:41.651+0000] {dag.py:3947} INFO - Setting next_dagrun for company_overview_to_minio to 2026-02-15 00:00:00+00:00, run_after=2026-02-22 00:00:00+00:00
[2026-02-19T15:40:41.674+0000] {processor.py:183} INFO - Processing /opt/airflow/dags/dl_overview.py took 0.128 seconds
[2026-02-19T15:41:11.998+0000] {processor.py:161} INFO - Started process (PID=8133) to work on /opt/airflow/dags/dl_overview.py
[2026-02-19T15:41:11.999+0000] {processor.py:830} INFO - Processing file /opt/airflow/dags/dl_overview.py for tasks to queue
[2026-02-19T15:41:12.002+0000] {logging_mixin.py:188} INFO - [2026-02-19T15:41:12.001+0000] {dagbag.py:545} INFO - Filling up the DagBag from /opt/airflow/dags/dl_overview.py
[2026-02-19T15:41:12.062+0000] {processor.py:840} INFO - DAG(s) 'company_overview_to_minio' retrieved from /opt/airflow/dags/dl_overview.py
[2026-02-19T15:41:12.096+0000] {logging_mixin.py:188} INFO - [2026-02-19T15:41:12.096+0000] {dag.py:3089} INFO - Sync 1 DAGs
[2026-02-19T15:41:12.128+0000] {logging_mixin.py:188} INFO - [2026-02-19T15:41:12.128+0000] {dag.py:3947} INFO - Setting next_dagrun for company_overview_to_minio to 2026-02-15 00:00:00+00:00, run_after=2026-02-22 00:00:00+00:00
[2026-02-19T15:41:12.159+0000] {processor.py:183} INFO - Processing /opt/airflow/dags/dl_overview.py took 0.169 seconds
[2026-02-19T15:41:42.547+0000] {processor.py:161} INFO - Started process (PID=8155) to work on /opt/airflow/dags/dl_overview.py
[2026-02-19T15:41:42.552+0000] {processor.py:830} INFO - Processing file /opt/airflow/dags/dl_overview.py for tasks to queue
[2026-02-19T15:41:42.554+0000] {logging_mixin.py:188} INFO - [2026-02-19T15:41:42.554+0000] {dagbag.py:545} INFO - Filling up the DagBag from /opt/airflow/dags/dl_overview.py
[2026-02-19T15:41:42.613+0000] {processor.py:840} INFO - DAG(s) 'company_overview_to_minio' retrieved from /opt/airflow/dags/dl_overview.py
[2026-02-19T15:41:42.635+0000] {logging_mixin.py:188} INFO - [2026-02-19T15:41:42.635+0000] {dag.py:3089} INFO - Sync 1 DAGs
[2026-02-19T15:41:42.656+0000] {logging_mixin.py:188} INFO - [2026-02-19T15:41:42.655+0000] {dag.py:3947} INFO - Setting next_dagrun for company_overview_to_minio to 2026-02-15 00:00:00+00:00, run_after=2026-02-22 00:00:00+00:00
[2026-02-19T15:41:42.676+0000] {processor.py:183} INFO - Processing /opt/airflow/dags/dl_overview.py took 0.139 seconds
