[2026-04-02T13:49:53.892+0000] {processor.py:161} INFO - Started process (PID=94) to work on /opt/airflow/dags/dl_dailly_price.py
[2026-04-02T13:49:53.895+0000] {processor.py:830} INFO - Processing file /opt/airflow/dags/dl_dailly_price.py for tasks to queue
[2026-04-02T13:49:53.900+0000] {logging_mixin.py:188} INFO - [2026-04-02T13:49:53.899+0000] {dagbag.py:545} INFO - Filling up the DagBag from /opt/airflow/dags/dl_dailly_price.py
[2026-04-02T13:49:54.028+0000] {processor.py:840} INFO - DAG(s) 'daily_price' retrieved from /opt/airflow/dags/dl_dailly_price.py
[2026-04-02T13:49:54.290+0000] {logging_mixin.py:188} INFO - [2026-04-02T13:49:54.289+0000] {dag.py:3089} INFO - Sync 1 DAGs
[2026-04-02T13:49:54.346+0000] {logging_mixin.py:188} INFO - [2026-04-02T13:49:54.345+0000] {dag.py:3947} INFO - Setting next_dagrun for daily_price to 2026-03-31 16:00:00+00:00, run_after=2026-04-01 16:00:00+00:00
[2026-04-02T13:49:54.405+0000] {processor.py:183} INFO - Processing /opt/airflow/dags/dl_dailly_price.py took 0.524 seconds
[2026-04-02T13:50:29.090+0000] {processor.py:161} INFO - Started process (PID=133) to work on /opt/airflow/dags/dl_dailly_price.py
[2026-04-02T13:50:29.101+0000] {processor.py:830} INFO - Processing file /opt/airflow/dags/dl_dailly_price.py for tasks to queue
[2026-04-02T13:50:29.104+0000] {logging_mixin.py:188} INFO - [2026-04-02T13:50:29.103+0000] {dagbag.py:545} INFO - Filling up the DagBag from /opt/airflow/dags/dl_dailly_price.py
[2026-04-02T13:50:29.148+0000] {processor.py:840} INFO - DAG(s) 'daily_price' retrieved from /opt/airflow/dags/dl_dailly_price.py
[2026-04-02T13:50:29.185+0000] {logging_mixin.py:188} INFO - [2026-04-02T13:50:29.184+0000] {dag.py:3089} INFO - Sync 1 DAGs
[2026-04-02T13:50:29.213+0000] {logging_mixin.py:188} INFO - [2026-04-02T13:50:29.212+0000] {dag.py:3947} INFO - Setting next_dagrun for daily_price to 2026-04-01 16:00:00+00:00, run_after=2026-04-02 16:00:00+00:00
[2026-04-02T13:50:29.488+0000] {processor.py:183} INFO - Processing /opt/airflow/dags/dl_dailly_price.py took 0.404 seconds
[2026-04-02T13:50:59.667+0000] {processor.py:161} INFO - Started process (PID=156) to work on /opt/airflow/dags/dl_dailly_price.py
[2026-04-02T13:50:59.669+0000] {processor.py:830} INFO - Processing file /opt/airflow/dags/dl_dailly_price.py for tasks to queue
[2026-04-02T13:50:59.672+0000] {logging_mixin.py:188} INFO - [2026-04-02T13:50:59.671+0000] {dagbag.py:545} INFO - Filling up the DagBag from /opt/airflow/dags/dl_dailly_price.py
[2026-04-02T13:50:59.710+0000] {processor.py:840} INFO - DAG(s) 'daily_price' retrieved from /opt/airflow/dags/dl_dailly_price.py
[2026-04-02T13:50:59.758+0000] {logging_mixin.py:188} INFO - [2026-04-02T13:50:59.757+0000] {dag.py:3089} INFO - Sync 1 DAGs
[2026-04-02T13:50:59.794+0000] {logging_mixin.py:188} INFO - [2026-04-02T13:50:59.794+0000] {dag.py:3947} INFO - Setting next_dagrun for daily_price to 2026-04-01 16:00:00+00:00, run_after=2026-04-02 16:00:00+00:00
[2026-04-02T13:50:59.820+0000] {processor.py:183} INFO - Processing /opt/airflow/dags/dl_dailly_price.py took 0.159 seconds
[2026-04-02T13:51:30.195+0000] {processor.py:161} INFO - Started process (PID=179) to work on /opt/airflow/dags/dl_dailly_price.py
[2026-04-02T13:51:30.197+0000] {processor.py:830} INFO - Processing file /opt/airflow/dags/dl_dailly_price.py for tasks to queue
[2026-04-02T13:51:30.201+0000] {logging_mixin.py:188} INFO - [2026-04-02T13:51:30.200+0000] {dagbag.py:545} INFO - Filling up the DagBag from /opt/airflow/dags/dl_dailly_price.py
[2026-04-02T13:51:30.238+0000] {processor.py:840} INFO - DAG(s) 'daily_price' retrieved from /opt/airflow/dags/dl_dailly_price.py
[2026-04-02T13:51:30.266+0000] {logging_mixin.py:188} INFO - [2026-04-02T13:51:30.265+0000] {dag.py:3089} INFO - Sync 1 DAGs
[2026-04-02T13:51:30.292+0000] {logging_mixin.py:188} INFO - [2026-04-02T13:51:30.292+0000] {dag.py:3947} INFO - Setting next_dagrun for daily_price to 2026-04-01 16:00:00+00:00, run_after=2026-04-02 16:00:00+00:00
[2026-04-02T13:51:30.316+0000] {processor.py:183} INFO - Processing /opt/airflow/dags/dl_dailly_price.py took 0.127 seconds
[2026-04-02T13:52:00.871+0000] {processor.py:161} INFO - Started process (PID=202) to work on /opt/airflow/dags/dl_dailly_price.py
[2026-04-02T13:52:00.873+0000] {processor.py:830} INFO - Processing file /opt/airflow/dags/dl_dailly_price.py for tasks to queue
[2026-04-02T13:52:00.877+0000] {logging_mixin.py:188} INFO - [2026-04-02T13:52:00.877+0000] {dagbag.py:545} INFO - Filling up the DagBag from /opt/airflow/dags/dl_dailly_price.py
[2026-04-02T13:52:00.924+0000] {processor.py:840} INFO - DAG(s) 'daily_price' retrieved from /opt/airflow/dags/dl_dailly_price.py
[2026-04-02T13:52:00.955+0000] {logging_mixin.py:188} INFO - [2026-04-02T13:52:00.955+0000] {dag.py:3089} INFO - Sync 1 DAGs
[2026-04-02T13:52:00.984+0000] {logging_mixin.py:188} INFO - [2026-04-02T13:52:00.984+0000] {dag.py:3947} INFO - Setting next_dagrun for daily_price to 2026-04-01 16:00:00+00:00, run_after=2026-04-02 16:00:00+00:00
[2026-04-02T13:52:01.011+0000] {processor.py:183} INFO - Processing /opt/airflow/dags/dl_dailly_price.py took 0.147 seconds
[2026-04-02T13:52:31.580+0000] {processor.py:161} INFO - Started process (PID=225) to work on /opt/airflow/dags/dl_dailly_price.py
[2026-04-02T13:52:31.581+0000] {processor.py:830} INFO - Processing file /opt/airflow/dags/dl_dailly_price.py for tasks to queue
[2026-04-02T13:52:31.583+0000] {logging_mixin.py:188} INFO - [2026-04-02T13:52:31.583+0000] {dagbag.py:545} INFO - Filling up the DagBag from /opt/airflow/dags/dl_dailly_price.py
[2026-04-02T13:52:31.612+0000] {processor.py:840} INFO - DAG(s) 'daily_price' retrieved from /opt/airflow/dags/dl_dailly_price.py
[2026-04-02T13:52:31.634+0000] {logging_mixin.py:188} INFO - [2026-04-02T13:52:31.634+0000] {dag.py:3089} INFO - Sync 1 DAGs
[2026-04-02T13:52:31.658+0000] {logging_mixin.py:188} INFO - [2026-04-02T13:52:31.658+0000] {dag.py:3947} INFO - Setting next_dagrun for daily_price to 2026-04-01 16:00:00+00:00, run_after=2026-04-02 16:00:00+00:00
[2026-04-02T13:52:31.682+0000] {processor.py:183} INFO - Processing /opt/airflow/dags/dl_dailly_price.py took 0.107 seconds
[2026-04-02T13:53:02.079+0000] {processor.py:161} INFO - Started process (PID=248) to work on /opt/airflow/dags/dl_dailly_price.py
[2026-04-02T13:53:02.079+0000] {processor.py:830} INFO - Processing file /opt/airflow/dags/dl_dailly_price.py for tasks to queue
[2026-04-02T13:53:02.082+0000] {logging_mixin.py:188} INFO - [2026-04-02T13:53:02.081+0000] {dagbag.py:545} INFO - Filling up the DagBag from /opt/airflow/dags/dl_dailly_price.py
[2026-04-02T13:53:02.123+0000] {processor.py:840} INFO - DAG(s) 'daily_price' retrieved from /opt/airflow/dags/dl_dailly_price.py
[2026-04-02T13:53:02.153+0000] {logging_mixin.py:188} INFO - [2026-04-02T13:53:02.153+0000] {dag.py:3089} INFO - Sync 1 DAGs
[2026-04-02T13:53:02.182+0000] {logging_mixin.py:188} INFO - [2026-04-02T13:53:02.181+0000] {dag.py:3947} INFO - Setting next_dagrun for daily_price to 2026-04-01 16:00:00+00:00, run_after=2026-04-02 16:00:00+00:00
[2026-04-02T13:53:02.206+0000] {processor.py:183} INFO - Processing /opt/airflow/dags/dl_dailly_price.py took 0.134 seconds
[2026-04-02T13:53:32.661+0000] {processor.py:161} INFO - Started process (PID=271) to work on /opt/airflow/dags/dl_dailly_price.py
[2026-04-02T13:53:32.662+0000] {processor.py:830} INFO - Processing file /opt/airflow/dags/dl_dailly_price.py for tasks to queue
[2026-04-02T13:53:32.665+0000] {logging_mixin.py:188} INFO - [2026-04-02T13:53:32.665+0000] {dagbag.py:545} INFO - Filling up the DagBag from /opt/airflow/dags/dl_dailly_price.py
[2026-04-02T13:53:32.701+0000] {processor.py:840} INFO - DAG(s) 'daily_price' retrieved from /opt/airflow/dags/dl_dailly_price.py
[2026-04-02T13:53:32.724+0000] {logging_mixin.py:188} INFO - [2026-04-02T13:53:32.724+0000] {dag.py:3089} INFO - Sync 1 DAGs
[2026-04-02T13:53:32.750+0000] {logging_mixin.py:188} INFO - [2026-04-02T13:53:32.749+0000] {dag.py:3947} INFO - Setting next_dagrun for daily_price to 2026-04-01 16:00:00+00:00, run_after=2026-04-02 16:00:00+00:00
[2026-04-02T13:53:32.770+0000] {processor.py:183} INFO - Processing /opt/airflow/dags/dl_dailly_price.py took 0.115 seconds
[2026-04-02T13:54:03.087+0000] {processor.py:161} INFO - Started process (PID=294) to work on /opt/airflow/dags/dl_dailly_price.py
[2026-04-02T13:54:03.088+0000] {processor.py:830} INFO - Processing file /opt/airflow/dags/dl_dailly_price.py for tasks to queue
[2026-04-02T13:54:03.090+0000] {logging_mixin.py:188} INFO - [2026-04-02T13:54:03.090+0000] {dagbag.py:545} INFO - Filling up the DagBag from /opt/airflow/dags/dl_dailly_price.py
[2026-04-02T13:54:03.122+0000] {processor.py:840} INFO - DAG(s) 'daily_price' retrieved from /opt/airflow/dags/dl_dailly_price.py
[2026-04-02T13:54:03.146+0000] {logging_mixin.py:188} INFO - [2026-04-02T13:54:03.146+0000] {dag.py:3089} INFO - Sync 1 DAGs
[2026-04-02T13:54:03.169+0000] {logging_mixin.py:188} INFO - [2026-04-02T13:54:03.169+0000] {dag.py:3947} INFO - Setting next_dagrun for daily_price to 2026-04-01 16:00:00+00:00, run_after=2026-04-02 16:00:00+00:00
[2026-04-02T13:54:03.190+0000] {processor.py:183} INFO - Processing /opt/airflow/dags/dl_dailly_price.py took 0.109 seconds
[2026-04-02T13:54:33.678+0000] {processor.py:161} INFO - Started process (PID=317) to work on /opt/airflow/dags/dl_dailly_price.py
[2026-04-02T13:54:33.679+0000] {processor.py:830} INFO - Processing file /opt/airflow/dags/dl_dailly_price.py for tasks to queue
[2026-04-02T13:54:33.682+0000] {logging_mixin.py:188} INFO - [2026-04-02T13:54:33.682+0000] {dagbag.py:545} INFO - Filling up the DagBag from /opt/airflow/dags/dl_dailly_price.py
[2026-04-02T13:54:33.718+0000] {processor.py:840} INFO - DAG(s) 'daily_price' retrieved from /opt/airflow/dags/dl_dailly_price.py
[2026-04-02T13:54:33.745+0000] {logging_mixin.py:188} INFO - [2026-04-02T13:54:33.744+0000] {dag.py:3089} INFO - Sync 1 DAGs
[2026-04-02T13:54:33.771+0000] {logging_mixin.py:188} INFO - [2026-04-02T13:54:33.771+0000] {dag.py:3947} INFO - Setting next_dagrun for daily_price to 2026-04-01 16:00:00+00:00, run_after=2026-04-02 16:00:00+00:00
[2026-04-02T13:54:33.808+0000] {processor.py:183} INFO - Processing /opt/airflow/dags/dl_dailly_price.py took 0.135 seconds
[2026-04-02T13:55:04.429+0000] {processor.py:161} INFO - Started process (PID=340) to work on /opt/airflow/dags/dl_dailly_price.py
[2026-04-02T13:55:04.431+0000] {processor.py:830} INFO - Processing file /opt/airflow/dags/dl_dailly_price.py for tasks to queue
[2026-04-02T13:55:04.434+0000] {logging_mixin.py:188} INFO - [2026-04-02T13:55:04.434+0000] {dagbag.py:545} INFO - Filling up the DagBag from /opt/airflow/dags/dl_dailly_price.py
[2026-04-02T13:55:04.480+0000] {processor.py:840} INFO - DAG(s) 'daily_price' retrieved from /opt/airflow/dags/dl_dailly_price.py
[2026-04-02T13:55:04.509+0000] {logging_mixin.py:188} INFO - [2026-04-02T13:55:04.509+0000] {dag.py:3089} INFO - Sync 1 DAGs
[2026-04-02T13:55:04.539+0000] {logging_mixin.py:188} INFO - [2026-04-02T13:55:04.539+0000] {dag.py:3947} INFO - Setting next_dagrun for daily_price to 2026-04-01 16:00:00+00:00, run_after=2026-04-02 16:00:00+00:00
[2026-04-02T13:55:04.564+0000] {processor.py:183} INFO - Processing /opt/airflow/dags/dl_dailly_price.py took 0.143 seconds
[2026-04-02T13:55:34.786+0000] {processor.py:161} INFO - Started process (PID=363) to work on /opt/airflow/dags/dl_dailly_price.py
[2026-04-02T13:55:34.786+0000] {processor.py:830} INFO - Processing file /opt/airflow/dags/dl_dailly_price.py for tasks to queue
[2026-04-02T13:55:34.789+0000] {logging_mixin.py:188} INFO - [2026-04-02T13:55:34.788+0000] {dagbag.py:545} INFO - Filling up the DagBag from /opt/airflow/dags/dl_dailly_price.py
[2026-04-02T13:55:34.816+0000] {processor.py:840} INFO - DAG(s) 'daily_price' retrieved from /opt/airflow/dags/dl_dailly_price.py
[2026-04-02T13:55:34.839+0000] {logging_mixin.py:188} INFO - [2026-04-02T13:55:34.838+0000] {dag.py:3089} INFO - Sync 1 DAGs
[2026-04-02T13:55:34.859+0000] {logging_mixin.py:188} INFO - [2026-04-02T13:55:34.859+0000] {dag.py:3947} INFO - Setting next_dagrun for daily_price to 2026-04-01 16:00:00+00:00, run_after=2026-04-02 16:00:00+00:00
[2026-04-02T13:55:34.877+0000] {processor.py:183} INFO - Processing /opt/airflow/dags/dl_dailly_price.py took 0.096 seconds
[2026-04-02T13:56:05.846+0000] {processor.py:161} INFO - Started process (PID=386) to work on /opt/airflow/dags/dl_dailly_price.py
[2026-04-02T13:56:05.848+0000] {processor.py:830} INFO - Processing file /opt/airflow/dags/dl_dailly_price.py for tasks to queue
[2026-04-02T13:56:05.852+0000] {logging_mixin.py:188} INFO - [2026-04-02T13:56:05.851+0000] {dagbag.py:545} INFO - Filling up the DagBag from /opt/airflow/dags/dl_dailly_price.py
[2026-04-02T13:56:05.905+0000] {processor.py:840} INFO - DAG(s) 'daily_price' retrieved from /opt/airflow/dags/dl_dailly_price.py
[2026-04-02T13:56:05.942+0000] {logging_mixin.py:188} INFO - [2026-04-02T13:56:05.942+0000] {dag.py:3089} INFO - Sync 1 DAGs
[2026-04-02T13:56:05.976+0000] {logging_mixin.py:188} INFO - [2026-04-02T13:56:05.975+0000] {dag.py:3947} INFO - Setting next_dagrun for daily_price to 2026-04-01 16:00:00+00:00, run_after=2026-04-02 16:00:00+00:00
[2026-04-02T13:56:06.002+0000] {processor.py:183} INFO - Processing /opt/airflow/dags/dl_dailly_price.py took 0.166 seconds
[2026-04-02T13:56:37.199+0000] {processor.py:161} INFO - Started process (PID=409) to work on /opt/airflow/dags/dl_dailly_price.py
[2026-04-02T13:56:37.200+0000] {processor.py:830} INFO - Processing file /opt/airflow/dags/dl_dailly_price.py for tasks to queue
[2026-04-02T13:56:37.213+0000] {logging_mixin.py:188} INFO - [2026-04-02T13:56:37.212+0000] {dagbag.py:545} INFO - Filling up the DagBag from /opt/airflow/dags/dl_dailly_price.py
[2026-04-02T13:56:37.291+0000] {processor.py:840} INFO - DAG(s) 'daily_price' retrieved from /opt/airflow/dags/dl_dailly_price.py
[2026-04-02T13:56:37.342+0000] {logging_mixin.py:188} INFO - [2026-04-02T13:56:37.341+0000] {dag.py:3089} INFO - Sync 1 DAGs
[2026-04-02T13:56:37.389+0000] {logging_mixin.py:188} INFO - [2026-04-02T13:56:37.389+0000] {dag.py:3947} INFO - Setting next_dagrun for daily_price to 2026-04-01 16:00:00+00:00, run_after=2026-04-02 16:00:00+00:00
[2026-04-02T13:56:37.431+0000] {processor.py:183} INFO - Processing /opt/airflow/dags/dl_dailly_price.py took 0.241 seconds
[2026-04-02T13:57:08.062+0000] {processor.py:161} INFO - Started process (PID=432) to work on /opt/airflow/dags/dl_dailly_price.py
[2026-04-02T13:57:08.063+0000] {processor.py:830} INFO - Processing file /opt/airflow/dags/dl_dailly_price.py for tasks to queue
[2026-04-02T13:57:08.065+0000] {logging_mixin.py:188} INFO - [2026-04-02T13:57:08.065+0000] {dagbag.py:545} INFO - Filling up the DagBag from /opt/airflow/dags/dl_dailly_price.py
[2026-04-02T13:57:08.092+0000] {processor.py:840} INFO - DAG(s) 'daily_price' retrieved from /opt/airflow/dags/dl_dailly_price.py
[2026-04-02T13:57:08.112+0000] {logging_mixin.py:188} INFO - [2026-04-02T13:57:08.112+0000] {dag.py:3089} INFO - Sync 1 DAGs
[2026-04-02T13:57:08.134+0000] {logging_mixin.py:188} INFO - [2026-04-02T13:57:08.134+0000] {dag.py:3947} INFO - Setting next_dagrun for daily_price to 2026-04-01 16:00:00+00:00, run_after=2026-04-02 16:00:00+00:00
[2026-04-02T13:57:08.152+0000] {processor.py:183} INFO - Processing /opt/airflow/dags/dl_dailly_price.py took 0.095 seconds
[2026-04-02T13:57:38.497+0000] {processor.py:161} INFO - Started process (PID=455) to work on /opt/airflow/dags/dl_dailly_price.py
[2026-04-02T13:57:38.498+0000] {processor.py:830} INFO - Processing file /opt/airflow/dags/dl_dailly_price.py for tasks to queue
[2026-04-02T13:57:38.501+0000] {logging_mixin.py:188} INFO - [2026-04-02T13:57:38.501+0000] {dagbag.py:545} INFO - Filling up the DagBag from /opt/airflow/dags/dl_dailly_price.py
[2026-04-02T13:57:38.539+0000] {processor.py:840} INFO - DAG(s) 'daily_price' retrieved from /opt/airflow/dags/dl_dailly_price.py
[2026-04-02T13:57:38.568+0000] {logging_mixin.py:188} INFO - [2026-04-02T13:57:38.568+0000] {dag.py:3089} INFO - Sync 1 DAGs
[2026-04-02T13:57:38.600+0000] {logging_mixin.py:188} INFO - [2026-04-02T13:57:38.600+0000] {dag.py:3947} INFO - Setting next_dagrun for daily_price to 2026-04-01 16:00:00+00:00, run_after=2026-04-02 16:00:00+00:00
[2026-04-02T13:57:38.631+0000] {processor.py:183} INFO - Processing /opt/airflow/dags/dl_dailly_price.py took 0.142 seconds
[2026-04-02T13:58:08.832+0000] {processor.py:161} INFO - Started process (PID=478) to work on /opt/airflow/dags/dl_dailly_price.py
[2026-04-02T13:58:08.833+0000] {processor.py:830} INFO - Processing file /opt/airflow/dags/dl_dailly_price.py for tasks to queue
[2026-04-02T13:58:08.835+0000] {logging_mixin.py:188} INFO - [2026-04-02T13:58:08.835+0000] {dagbag.py:545} INFO - Filling up the DagBag from /opt/airflow/dags/dl_dailly_price.py
[2026-04-02T13:58:08.861+0000] {processor.py:840} INFO - DAG(s) 'daily_price' retrieved from /opt/airflow/dags/dl_dailly_price.py
[2026-04-02T13:58:08.883+0000] {logging_mixin.py:188} INFO - [2026-04-02T13:58:08.882+0000] {dag.py:3089} INFO - Sync 1 DAGs
[2026-04-02T13:58:08.904+0000] {logging_mixin.py:188} INFO - [2026-04-02T13:58:08.904+0000] {dag.py:3947} INFO - Setting next_dagrun for daily_price to 2026-04-01 16:00:00+00:00, run_after=2026-04-02 16:00:00+00:00
[2026-04-02T13:58:08.920+0000] {processor.py:183} INFO - Processing /opt/airflow/dags/dl_dailly_price.py took 0.093 seconds
[2026-04-02T13:58:39.199+0000] {processor.py:161} INFO - Started process (PID=501) to work on /opt/airflow/dags/dl_dailly_price.py
[2026-04-02T13:58:39.200+0000] {processor.py:830} INFO - Processing file /opt/airflow/dags/dl_dailly_price.py for tasks to queue
[2026-04-02T13:58:39.202+0000] {logging_mixin.py:188} INFO - [2026-04-02T13:58:39.202+0000] {dagbag.py:545} INFO - Filling up the DagBag from /opt/airflow/dags/dl_dailly_price.py
[2026-04-02T13:58:39.227+0000] {processor.py:840} INFO - DAG(s) 'daily_price' retrieved from /opt/airflow/dags/dl_dailly_price.py
[2026-04-02T13:58:39.249+0000] {logging_mixin.py:188} INFO - [2026-04-02T13:58:39.248+0000] {dag.py:3089} INFO - Sync 1 DAGs
[2026-04-02T13:58:39.268+0000] {logging_mixin.py:188} INFO - [2026-04-02T13:58:39.268+0000] {dag.py:3947} INFO - Setting next_dagrun for daily_price to 2026-04-01 16:00:00+00:00, run_after=2026-04-02 16:00:00+00:00
[2026-04-02T13:58:39.286+0000] {processor.py:183} INFO - Processing /opt/airflow/dags/dl_dailly_price.py took 0.092 seconds
[2026-04-02T13:59:09.416+0000] {processor.py:161} INFO - Started process (PID=525) to work on /opt/airflow/dags/dl_dailly_price.py
[2026-04-02T13:59:09.417+0000] {processor.py:830} INFO - Processing file /opt/airflow/dags/dl_dailly_price.py for tasks to queue
[2026-04-02T13:59:09.419+0000] {logging_mixin.py:188} INFO - [2026-04-02T13:59:09.419+0000] {dagbag.py:545} INFO - Filling up the DagBag from /opt/airflow/dags/dl_dailly_price.py
[2026-04-02T13:59:09.446+0000] {processor.py:840} INFO - DAG(s) 'daily_price' retrieved from /opt/airflow/dags/dl_dailly_price.py
[2026-04-02T13:59:09.467+0000] {logging_mixin.py:188} INFO - [2026-04-02T13:59:09.467+0000] {dag.py:3089} INFO - Sync 1 DAGs
[2026-04-02T13:59:09.488+0000] {logging_mixin.py:188} INFO - [2026-04-02T13:59:09.487+0000] {dag.py:3947} INFO - Setting next_dagrun for daily_price to 2026-04-01 16:00:00+00:00, run_after=2026-04-02 16:00:00+00:00
[2026-04-02T13:59:09.504+0000] {processor.py:183} INFO - Processing /opt/airflow/dags/dl_dailly_price.py took 0.093 seconds
[2026-04-02T13:59:39.860+0000] {processor.py:161} INFO - Started process (PID=548) to work on /opt/airflow/dags/dl_dailly_price.py
[2026-04-02T13:59:39.860+0000] {processor.py:830} INFO - Processing file /opt/airflow/dags/dl_dailly_price.py for tasks to queue
[2026-04-02T13:59:39.863+0000] {logging_mixin.py:188} INFO - [2026-04-02T13:59:39.863+0000] {dagbag.py:545} INFO - Filling up the DagBag from /opt/airflow/dags/dl_dailly_price.py
[2026-04-02T13:59:39.894+0000] {processor.py:840} INFO - DAG(s) 'daily_price' retrieved from /opt/airflow/dags/dl_dailly_price.py
[2026-04-02T13:59:39.917+0000] {logging_mixin.py:188} INFO - [2026-04-02T13:59:39.917+0000] {dag.py:3089} INFO - Sync 1 DAGs
[2026-04-02T13:59:39.940+0000] {logging_mixin.py:188} INFO - [2026-04-02T13:59:39.940+0000] {dag.py:3947} INFO - Setting next_dagrun for daily_price to 2026-04-01 16:00:00+00:00, run_after=2026-04-02 16:00:00+00:00
[2026-04-02T13:59:39.959+0000] {processor.py:183} INFO - Processing /opt/airflow/dags/dl_dailly_price.py took 0.105 seconds
[2026-04-02T14:00:10.470+0000] {processor.py:161} INFO - Started process (PID=571) to work on /opt/airflow/dags/dl_dailly_price.py
[2026-04-02T14:00:10.471+0000] {processor.py:830} INFO - Processing file /opt/airflow/dags/dl_dailly_price.py for tasks to queue
[2026-04-02T14:00:10.474+0000] {logging_mixin.py:188} INFO - [2026-04-02T14:00:10.474+0000] {dagbag.py:545} INFO - Filling up the DagBag from /opt/airflow/dags/dl_dailly_price.py
[2026-04-02T14:00:10.514+0000] {processor.py:840} INFO - DAG(s) 'daily_price' retrieved from /opt/airflow/dags/dl_dailly_price.py
[2026-04-02T14:00:10.541+0000] {logging_mixin.py:188} INFO - [2026-04-02T14:00:10.541+0000] {dag.py:3089} INFO - Sync 1 DAGs
[2026-04-02T14:00:10.569+0000] {logging_mixin.py:188} INFO - [2026-04-02T14:00:10.568+0000] {dag.py:3947} INFO - Setting next_dagrun for daily_price to 2026-04-01 16:00:00+00:00, run_after=2026-04-02 16:00:00+00:00
[2026-04-02T14:00:10.586+0000] {processor.py:183} INFO - Processing /opt/airflow/dags/dl_dailly_price.py took 0.123 seconds
[2026-04-02T14:00:40.851+0000] {processor.py:161} INFO - Started process (PID=594) to work on /opt/airflow/dags/dl_dailly_price.py
[2026-04-02T14:00:40.851+0000] {processor.py:830} INFO - Processing file /opt/airflow/dags/dl_dailly_price.py for tasks to queue
[2026-04-02T14:00:40.854+0000] {logging_mixin.py:188} INFO - [2026-04-02T14:00:40.853+0000] {dagbag.py:545} INFO - Filling up the DagBag from /opt/airflow/dags/dl_dailly_price.py
[2026-04-02T14:00:40.881+0000] {processor.py:840} INFO - DAG(s) 'daily_price' retrieved from /opt/airflow/dags/dl_dailly_price.py
[2026-04-02T14:00:40.902+0000] {logging_mixin.py:188} INFO - [2026-04-02T14:00:40.902+0000] {dag.py:3089} INFO - Sync 1 DAGs
[2026-04-02T14:00:40.921+0000] {logging_mixin.py:188} INFO - [2026-04-02T14:00:40.921+0000] {dag.py:3947} INFO - Setting next_dagrun for daily_price to 2026-04-01 16:00:00+00:00, run_after=2026-04-02 16:00:00+00:00
[2026-04-02T14:00:40.940+0000] {processor.py:183} INFO - Processing /opt/airflow/dags/dl_dailly_price.py took 0.095 seconds
[2026-04-02T14:01:11.333+0000] {processor.py:161} INFO - Started process (PID=617) to work on /opt/airflow/dags/dl_dailly_price.py
[2026-04-02T14:01:11.333+0000] {processor.py:830} INFO - Processing file /opt/airflow/dags/dl_dailly_price.py for tasks to queue
[2026-04-02T14:01:11.336+0000] {logging_mixin.py:188} INFO - [2026-04-02T14:01:11.335+0000] {dagbag.py:545} INFO - Filling up the DagBag from /opt/airflow/dags/dl_dailly_price.py
[2026-04-02T14:01:11.360+0000] {processor.py:840} INFO - DAG(s) 'daily_price' retrieved from /opt/airflow/dags/dl_dailly_price.py
[2026-04-02T14:01:11.381+0000] {logging_mixin.py:188} INFO - [2026-04-02T14:01:11.381+0000] {dag.py:3089} INFO - Sync 1 DAGs
[2026-04-02T14:01:11.401+0000] {logging_mixin.py:188} INFO - [2026-04-02T14:01:11.401+0000] {dag.py:3947} INFO - Setting next_dagrun for daily_price to 2026-04-01 16:00:00+00:00, run_after=2026-04-02 16:00:00+00:00
[2026-04-02T14:01:11.420+0000] {processor.py:183} INFO - Processing /opt/airflow/dags/dl_dailly_price.py took 0.093 seconds
[2026-04-02T14:01:41.632+0000] {processor.py:161} INFO - Started process (PID=640) to work on /opt/airflow/dags/dl_dailly_price.py
[2026-04-02T14:01:41.633+0000] {processor.py:830} INFO - Processing file /opt/airflow/dags/dl_dailly_price.py for tasks to queue
[2026-04-02T14:01:41.636+0000] {logging_mixin.py:188} INFO - [2026-04-02T14:01:41.635+0000] {dagbag.py:545} INFO - Filling up the DagBag from /opt/airflow/dags/dl_dailly_price.py
[2026-04-02T14:01:41.664+0000] {processor.py:840} INFO - DAG(s) 'daily_price' retrieved from /opt/airflow/dags/dl_dailly_price.py
[2026-04-02T14:01:41.687+0000] {logging_mixin.py:188} INFO - [2026-04-02T14:01:41.687+0000] {dag.py:3089} INFO - Sync 1 DAGs
[2026-04-02T14:01:41.708+0000] {logging_mixin.py:188} INFO - [2026-04-02T14:01:41.708+0000] {dag.py:3947} INFO - Setting next_dagrun for daily_price to 2026-04-01 16:00:00+00:00, run_after=2026-04-02 16:00:00+00:00
[2026-04-02T14:01:41.726+0000] {processor.py:183} INFO - Processing /opt/airflow/dags/dl_dailly_price.py took 0.099 seconds
[2026-04-02T14:02:12.012+0000] {processor.py:161} INFO - Started process (PID=663) to work on /opt/airflow/dags/dl_dailly_price.py
[2026-04-02T14:02:12.013+0000] {processor.py:830} INFO - Processing file /opt/airflow/dags/dl_dailly_price.py for tasks to queue
[2026-04-02T14:02:12.015+0000] {logging_mixin.py:188} INFO - [2026-04-02T14:02:12.014+0000] {dagbag.py:545} INFO - Filling up the DagBag from /opt/airflow/dags/dl_dailly_price.py
[2026-04-02T14:02:12.042+0000] {processor.py:840} INFO - DAG(s) 'daily_price' retrieved from /opt/airflow/dags/dl_dailly_price.py
[2026-04-02T14:02:12.064+0000] {logging_mixin.py:188} INFO - [2026-04-02T14:02:12.064+0000] {dag.py:3089} INFO - Sync 1 DAGs
[2026-04-02T14:02:12.085+0000] {logging_mixin.py:188} INFO - [2026-04-02T14:02:12.085+0000] {dag.py:3947} INFO - Setting next_dagrun for daily_price to 2026-04-01 16:00:00+00:00, run_after=2026-04-02 16:00:00+00:00
[2026-04-02T14:02:12.103+0000] {processor.py:183} INFO - Processing /opt/airflow/dags/dl_dailly_price.py took 0.097 seconds
[2026-04-02T14:02:42.365+0000] {processor.py:161} INFO - Started process (PID=687) to work on /opt/airflow/dags/dl_dailly_price.py
[2026-04-02T14:02:42.366+0000] {processor.py:830} INFO - Processing file /opt/airflow/dags/dl_dailly_price.py for tasks to queue
[2026-04-02T14:02:42.368+0000] {logging_mixin.py:188} INFO - [2026-04-02T14:02:42.368+0000] {dagbag.py:545} INFO - Filling up the DagBag from /opt/airflow/dags/dl_dailly_price.py
[2026-04-02T14:02:42.397+0000] {processor.py:840} INFO - DAG(s) 'daily_price' retrieved from /opt/airflow/dags/dl_dailly_price.py
[2026-04-02T14:02:42.420+0000] {logging_mixin.py:188} INFO - [2026-04-02T14:02:42.420+0000] {dag.py:3089} INFO - Sync 1 DAGs
[2026-04-02T14:02:42.444+0000] {logging_mixin.py:188} INFO - [2026-04-02T14:02:42.443+0000] {dag.py:3947} INFO - Setting next_dagrun for daily_price to 2026-04-01 16:00:00+00:00, run_after=2026-04-02 16:00:00+00:00
[2026-04-02T14:02:42.461+0000] {processor.py:183} INFO - Processing /opt/airflow/dags/dl_dailly_price.py took 0.101 seconds
[2026-04-02T14:03:12.831+0000] {processor.py:161} INFO - Started process (PID=710) to work on /opt/airflow/dags/dl_dailly_price.py
[2026-04-02T14:03:12.832+0000] {processor.py:830} INFO - Processing file /opt/airflow/dags/dl_dailly_price.py for tasks to queue
[2026-04-02T14:03:12.834+0000] {logging_mixin.py:188} INFO - [2026-04-02T14:03:12.834+0000] {dagbag.py:545} INFO - Filling up the DagBag from /opt/airflow/dags/dl_dailly_price.py
[2026-04-02T14:03:12.861+0000] {processor.py:840} INFO - DAG(s) 'daily_price' retrieved from /opt/airflow/dags/dl_dailly_price.py
[2026-04-02T14:03:12.881+0000] {logging_mixin.py:188} INFO - [2026-04-02T14:03:12.880+0000] {dag.py:3089} INFO - Sync 1 DAGs
[2026-04-02T14:03:12.901+0000] {logging_mixin.py:188} INFO - [2026-04-02T14:03:12.900+0000] {dag.py:3947} INFO - Setting next_dagrun for daily_price to 2026-04-01 16:00:00+00:00, run_after=2026-04-02 16:00:00+00:00
[2026-04-02T14:03:12.918+0000] {processor.py:183} INFO - Processing /opt/airflow/dags/dl_dailly_price.py took 0.092 seconds
[2026-04-02T14:03:43.113+0000] {processor.py:161} INFO - Started process (PID=733) to work on /opt/airflow/dags/dl_dailly_price.py
[2026-04-02T14:03:43.114+0000] {processor.py:830} INFO - Processing file /opt/airflow/dags/dl_dailly_price.py for tasks to queue
[2026-04-02T14:03:43.117+0000] {logging_mixin.py:188} INFO - [2026-04-02T14:03:43.117+0000] {dagbag.py:545} INFO - Filling up the DagBag from /opt/airflow/dags/dl_dailly_price.py
[2026-04-02T14:03:43.150+0000] {processor.py:840} INFO - DAG(s) 'daily_price' retrieved from /opt/airflow/dags/dl_dailly_price.py
[2026-04-02T14:03:43.172+0000] {logging_mixin.py:188} INFO - [2026-04-02T14:03:43.172+0000] {dag.py:3089} INFO - Sync 1 DAGs
[2026-04-02T14:03:43.194+0000] {logging_mixin.py:188} INFO - [2026-04-02T14:03:43.194+0000] {dag.py:3947} INFO - Setting next_dagrun for daily_price to 2026-04-01 16:00:00+00:00, run_after=2026-04-02 16:00:00+00:00
[2026-04-02T14:03:43.216+0000] {processor.py:183} INFO - Processing /opt/airflow/dags/dl_dailly_price.py took 0.109 seconds
[2026-04-02T14:04:13.444+0000] {processor.py:161} INFO - Started process (PID=756) to work on /opt/airflow/dags/dl_dailly_price.py
[2026-04-02T14:04:13.445+0000] {processor.py:830} INFO - Processing file /opt/airflow/dags/dl_dailly_price.py for tasks to queue
[2026-04-02T14:04:13.447+0000] {logging_mixin.py:188} INFO - [2026-04-02T14:04:13.447+0000] {dagbag.py:545} INFO - Filling up the DagBag from /opt/airflow/dags/dl_dailly_price.py
[2026-04-02T14:04:13.476+0000] {processor.py:840} INFO - DAG(s) 'daily_price' retrieved from /opt/airflow/dags/dl_dailly_price.py
[2026-04-02T14:04:13.496+0000] {logging_mixin.py:188} INFO - [2026-04-02T14:04:13.496+0000] {dag.py:3089} INFO - Sync 1 DAGs
[2026-04-02T14:04:13.516+0000] {logging_mixin.py:188} INFO - [2026-04-02T14:04:13.516+0000] {dag.py:3947} INFO - Setting next_dagrun for daily_price to 2026-04-01 16:00:00+00:00, run_after=2026-04-02 16:00:00+00:00
[2026-04-02T14:04:13.534+0000] {processor.py:183} INFO - Processing /opt/airflow/dags/dl_dailly_price.py took 0.095 seconds
[2026-04-02T14:04:43.757+0000] {processor.py:161} INFO - Started process (PID=779) to work on /opt/airflow/dags/dl_dailly_price.py
[2026-04-02T14:04:43.758+0000] {processor.py:830} INFO - Processing file /opt/airflow/dags/dl_dailly_price.py for tasks to queue
[2026-04-02T14:04:43.762+0000] {logging_mixin.py:188} INFO - [2026-04-02T14:04:43.761+0000] {dagbag.py:545} INFO - Filling up the DagBag from /opt/airflow/dags/dl_dailly_price.py
[2026-04-02T14:04:43.792+0000] {processor.py:840} INFO - DAG(s) 'daily_price' retrieved from /opt/airflow/dags/dl_dailly_price.py
[2026-04-02T14:04:43.814+0000] {logging_mixin.py:188} INFO - [2026-04-02T14:04:43.814+0000] {dag.py:3089} INFO - Sync 1 DAGs
[2026-04-02T14:04:43.835+0000] {logging_mixin.py:188} INFO - [2026-04-02T14:04:43.835+0000] {dag.py:3947} INFO - Setting next_dagrun for daily_price to 2026-04-01 16:00:00+00:00, run_after=2026-04-02 16:00:00+00:00
[2026-04-02T14:04:43.854+0000] {processor.py:183} INFO - Processing /opt/airflow/dags/dl_dailly_price.py took 0.103 seconds
[2026-04-02T14:05:14.469+0000] {processor.py:161} INFO - Started process (PID=802) to work on /opt/airflow/dags/dl_dailly_price.py
[2026-04-02T14:05:14.470+0000] {processor.py:830} INFO - Processing file /opt/airflow/dags/dl_dailly_price.py for tasks to queue
[2026-04-02T14:05:14.473+0000] {logging_mixin.py:188} INFO - [2026-04-02T14:05:14.473+0000] {dagbag.py:545} INFO - Filling up the DagBag from /opt/airflow/dags/dl_dailly_price.py
[2026-04-02T14:05:14.507+0000] {processor.py:840} INFO - DAG(s) 'daily_price' retrieved from /opt/airflow/dags/dl_dailly_price.py
[2026-04-02T14:05:14.529+0000] {logging_mixin.py:188} INFO - [2026-04-02T14:05:14.529+0000] {dag.py:3089} INFO - Sync 1 DAGs
[2026-04-02T14:05:14.555+0000] {logging_mixin.py:188} INFO - [2026-04-02T14:05:14.555+0000] {dag.py:3947} INFO - Setting next_dagrun for daily_price to 2026-04-01 16:00:00+00:00, run_after=2026-04-02 16:00:00+00:00
[2026-04-02T14:05:14.579+0000] {processor.py:183} INFO - Processing /opt/airflow/dags/dl_dailly_price.py took 0.117 seconds
[2026-04-02T14:05:44.888+0000] {processor.py:161} INFO - Started process (PID=825) to work on /opt/airflow/dags/dl_dailly_price.py
[2026-04-02T14:05:44.889+0000] {processor.py:830} INFO - Processing file /opt/airflow/dags/dl_dailly_price.py for tasks to queue
[2026-04-02T14:05:44.891+0000] {logging_mixin.py:188} INFO - [2026-04-02T14:05:44.891+0000] {dagbag.py:545} INFO - Filling up the DagBag from /opt/airflow/dags/dl_dailly_price.py
[2026-04-02T14:05:44.916+0000] {processor.py:840} INFO - DAG(s) 'daily_price' retrieved from /opt/airflow/dags/dl_dailly_price.py
[2026-04-02T14:05:44.936+0000] {logging_mixin.py:188} INFO - [2026-04-02T14:05:44.936+0000] {dag.py:3089} INFO - Sync 1 DAGs
[2026-04-02T14:05:44.957+0000] {logging_mixin.py:188} INFO - [2026-04-02T14:05:44.957+0000] {dag.py:3947} INFO - Setting next_dagrun for daily_price to 2026-04-01 16:00:00+00:00, run_after=2026-04-02 16:00:00+00:00
[2026-04-02T14:05:44.973+0000] {processor.py:183} INFO - Processing /opt/airflow/dags/dl_dailly_price.py took 0.090 seconds
[2026-04-02T14:06:15.322+0000] {processor.py:161} INFO - Started process (PID=848) to work on /opt/airflow/dags/dl_dailly_price.py
[2026-04-02T14:06:15.323+0000] {processor.py:830} INFO - Processing file /opt/airflow/dags/dl_dailly_price.py for tasks to queue
[2026-04-02T14:06:15.326+0000] {logging_mixin.py:188} INFO - [2026-04-02T14:06:15.326+0000] {dagbag.py:545} INFO - Filling up the DagBag from /opt/airflow/dags/dl_dailly_price.py
[2026-04-02T14:06:15.359+0000] {processor.py:840} INFO - DAG(s) 'daily_price' retrieved from /opt/airflow/dags/dl_dailly_price.py
[2026-04-02T14:06:15.383+0000] {logging_mixin.py:188} INFO - [2026-04-02T14:06:15.383+0000] {dag.py:3089} INFO - Sync 1 DAGs
[2026-04-02T14:06:15.407+0000] {logging_mixin.py:188} INFO - [2026-04-02T14:06:15.407+0000] {dag.py:3947} INFO - Setting next_dagrun for daily_price to 2026-04-01 16:00:00+00:00, run_after=2026-04-02 16:00:00+00:00
[2026-04-02T14:06:15.430+0000] {processor.py:183} INFO - Processing /opt/airflow/dags/dl_dailly_price.py took 0.114 seconds
[2026-04-02T14:06:45.537+0000] {processor.py:161} INFO - Started process (PID=871) to work on /opt/airflow/dags/dl_dailly_price.py
[2026-04-02T14:06:45.537+0000] {processor.py:830} INFO - Processing file /opt/airflow/dags/dl_dailly_price.py for tasks to queue
[2026-04-02T14:06:45.540+0000] {logging_mixin.py:188} INFO - [2026-04-02T14:06:45.539+0000] {dagbag.py:545} INFO - Filling up the DagBag from /opt/airflow/dags/dl_dailly_price.py
[2026-04-02T14:06:45.568+0000] {processor.py:840} INFO - DAG(s) 'daily_price' retrieved from /opt/airflow/dags/dl_dailly_price.py
[2026-04-02T14:06:45.589+0000] {logging_mixin.py:188} INFO - [2026-04-02T14:06:45.588+0000] {dag.py:3089} INFO - Sync 1 DAGs
[2026-04-02T14:06:45.610+0000] {logging_mixin.py:188} INFO - [2026-04-02T14:06:45.610+0000] {dag.py:3947} INFO - Setting next_dagrun for daily_price to 2026-04-01 16:00:00+00:00, run_after=2026-04-02 16:00:00+00:00
[2026-04-02T14:06:45.628+0000] {processor.py:183} INFO - Processing /opt/airflow/dags/dl_dailly_price.py took 0.097 seconds
[2026-04-02T14:07:15.808+0000] {processor.py:161} INFO - Started process (PID=894) to work on /opt/airflow/dags/dl_dailly_price.py
[2026-04-02T14:07:15.809+0000] {processor.py:830} INFO - Processing file /opt/airflow/dags/dl_dailly_price.py for tasks to queue
[2026-04-02T14:07:15.811+0000] {logging_mixin.py:188} INFO - [2026-04-02T14:07:15.811+0000] {dagbag.py:545} INFO - Filling up the DagBag from /opt/airflow/dags/dl_dailly_price.py
[2026-04-02T14:07:15.840+0000] {processor.py:840} INFO - DAG(s) 'daily_price' retrieved from /opt/airflow/dags/dl_dailly_price.py
[2026-04-02T14:07:15.861+0000] {logging_mixin.py:188} INFO - [2026-04-02T14:07:15.861+0000] {dag.py:3089} INFO - Sync 1 DAGs
[2026-04-02T14:07:15.883+0000] {logging_mixin.py:188} INFO - [2026-04-02T14:07:15.883+0000] {dag.py:3947} INFO - Setting next_dagrun for daily_price to 2026-04-01 16:00:00+00:00, run_after=2026-04-02 16:00:00+00:00
[2026-04-02T14:07:15.900+0000] {processor.py:183} INFO - Processing /opt/airflow/dags/dl_dailly_price.py took 0.096 seconds
[2026-04-02T14:07:46.102+0000] {processor.py:161} INFO - Started process (PID=917) to work on /opt/airflow/dags/dl_dailly_price.py
[2026-04-02T14:07:46.103+0000] {processor.py:830} INFO - Processing file /opt/airflow/dags/dl_dailly_price.py for tasks to queue
[2026-04-02T14:07:46.106+0000] {logging_mixin.py:188} INFO - [2026-04-02T14:07:46.105+0000] {dagbag.py:545} INFO - Filling up the DagBag from /opt/airflow/dags/dl_dailly_price.py
[2026-04-02T14:07:46.134+0000] {processor.py:840} INFO - DAG(s) 'daily_price' retrieved from /opt/airflow/dags/dl_dailly_price.py
[2026-04-02T14:07:46.157+0000] {logging_mixin.py:188} INFO - [2026-04-02T14:07:46.156+0000] {dag.py:3089} INFO - Sync 1 DAGs
[2026-04-02T14:07:46.178+0000] {logging_mixin.py:188} INFO - [2026-04-02T14:07:46.178+0000] {dag.py:3947} INFO - Setting next_dagrun for daily_price to 2026-04-01 16:00:00+00:00, run_after=2026-04-02 16:00:00+00:00
[2026-04-02T14:07:46.197+0000] {processor.py:183} INFO - Processing /opt/airflow/dags/dl_dailly_price.py took 0.100 seconds
[2026-04-02T14:08:16.493+0000] {processor.py:161} INFO - Started process (PID=940) to work on /opt/airflow/dags/dl_dailly_price.py
[2026-04-02T14:08:16.494+0000] {processor.py:830} INFO - Processing file /opt/airflow/dags/dl_dailly_price.py for tasks to queue
[2026-04-02T14:08:16.496+0000] {logging_mixin.py:188} INFO - [2026-04-02T14:08:16.496+0000] {dagbag.py:545} INFO - Filling up the DagBag from /opt/airflow/dags/dl_dailly_price.py
[2026-04-02T14:08:16.524+0000] {processor.py:840} INFO - DAG(s) 'daily_price' retrieved from /opt/airflow/dags/dl_dailly_price.py
[2026-04-02T14:08:16.546+0000] {logging_mixin.py:188} INFO - [2026-04-02T14:08:16.545+0000] {dag.py:3089} INFO - Sync 1 DAGs
[2026-04-02T14:08:16.568+0000] {logging_mixin.py:188} INFO - [2026-04-02T14:08:16.567+0000] {dag.py:3947} INFO - Setting next_dagrun for daily_price to 2026-04-01 16:00:00+00:00, run_after=2026-04-02 16:00:00+00:00
[2026-04-02T14:08:16.586+0000] {processor.py:183} INFO - Processing /opt/airflow/dags/dl_dailly_price.py took 0.098 seconds
[2026-04-02T14:08:46.782+0000] {processor.py:161} INFO - Started process (PID=963) to work on /opt/airflow/dags/dl_dailly_price.py
[2026-04-02T14:08:46.783+0000] {processor.py:830} INFO - Processing file /opt/airflow/dags/dl_dailly_price.py for tasks to queue
[2026-04-02T14:08:46.785+0000] {logging_mixin.py:188} INFO - [2026-04-02T14:08:46.785+0000] {dagbag.py:545} INFO - Filling up the DagBag from /opt/airflow/dags/dl_dailly_price.py
[2026-04-02T14:08:46.811+0000] {processor.py:840} INFO - DAG(s) 'daily_price' retrieved from /opt/airflow/dags/dl_dailly_price.py
[2026-04-02T14:08:46.832+0000] {logging_mixin.py:188} INFO - [2026-04-02T14:08:46.832+0000] {dag.py:3089} INFO - Sync 1 DAGs
[2026-04-02T14:08:46.854+0000] {logging_mixin.py:188} INFO - [2026-04-02T14:08:46.854+0000] {dag.py:3947} INFO - Setting next_dagrun for daily_price to 2026-04-01 16:00:00+00:00, run_after=2026-04-02 16:00:00+00:00
[2026-04-02T14:08:46.872+0000] {processor.py:183} INFO - Processing /opt/airflow/dags/dl_dailly_price.py took 0.095 seconds
[2026-04-02T14:09:17.094+0000] {processor.py:161} INFO - Started process (PID=986) to work on /opt/airflow/dags/dl_dailly_price.py
[2026-04-02T14:09:17.095+0000] {processor.py:830} INFO - Processing file /opt/airflow/dags/dl_dailly_price.py for tasks to queue
[2026-04-02T14:09:17.098+0000] {logging_mixin.py:188} INFO - [2026-04-02T14:09:17.097+0000] {dagbag.py:545} INFO - Filling up the DagBag from /opt/airflow/dags/dl_dailly_price.py
[2026-04-02T14:09:17.125+0000] {processor.py:840} INFO - DAG(s) 'daily_price' retrieved from /opt/airflow/dags/dl_dailly_price.py
[2026-04-02T14:09:17.146+0000] {logging_mixin.py:188} INFO - [2026-04-02T14:09:17.146+0000] {dag.py:3089} INFO - Sync 1 DAGs
[2026-04-02T14:09:17.168+0000] {logging_mixin.py:188} INFO - [2026-04-02T14:09:17.168+0000] {dag.py:3947} INFO - Setting next_dagrun for daily_price to 2026-04-01 16:00:00+00:00, run_after=2026-04-02 16:00:00+00:00
[2026-04-02T14:09:17.188+0000] {processor.py:183} INFO - Processing /opt/airflow/dags/dl_dailly_price.py took 0.099 seconds
[2026-04-02T14:09:47.396+0000] {processor.py:161} INFO - Started process (PID=1009) to work on /opt/airflow/dags/dl_dailly_price.py
[2026-04-02T14:09:47.397+0000] {processor.py:830} INFO - Processing file /opt/airflow/dags/dl_dailly_price.py for tasks to queue
[2026-04-02T14:09:47.400+0000] {logging_mixin.py:188} INFO - [2026-04-02T14:09:47.399+0000] {dagbag.py:545} INFO - Filling up the DagBag from /opt/airflow/dags/dl_dailly_price.py
[2026-04-02T14:09:47.436+0000] {processor.py:840} INFO - DAG(s) 'daily_price' retrieved from /opt/airflow/dags/dl_dailly_price.py
[2026-04-02T14:09:47.461+0000] {logging_mixin.py:188} INFO - [2026-04-02T14:09:47.460+0000] {dag.py:3089} INFO - Sync 1 DAGs
[2026-04-02T14:09:47.483+0000] {logging_mixin.py:188} INFO - [2026-04-02T14:09:47.483+0000] {dag.py:3947} INFO - Setting next_dagrun for daily_price to 2026-04-01 16:00:00+00:00, run_after=2026-04-02 16:00:00+00:00
[2026-04-02T14:09:47.501+0000] {processor.py:183} INFO - Processing /opt/airflow/dags/dl_dailly_price.py took 0.111 seconds
[2026-04-02T14:10:18.109+0000] {processor.py:161} INFO - Started process (PID=1032) to work on /opt/airflow/dags/dl_dailly_price.py
[2026-04-02T14:10:18.110+0000] {processor.py:830} INFO - Processing file /opt/airflow/dags/dl_dailly_price.py for tasks to queue
[2026-04-02T14:10:18.113+0000] {logging_mixin.py:188} INFO - [2026-04-02T14:10:18.112+0000] {dagbag.py:545} INFO - Filling up the DagBag from /opt/airflow/dags/dl_dailly_price.py
[2026-04-02T14:10:18.152+0000] {processor.py:840} INFO - DAG(s) 'daily_price' retrieved from /opt/airflow/dags/dl_dailly_price.py
[2026-04-02T14:10:18.175+0000] {logging_mixin.py:188} INFO - [2026-04-02T14:10:18.175+0000] {dag.py:3089} INFO - Sync 1 DAGs
[2026-04-02T14:10:18.197+0000] {logging_mixin.py:188} INFO - [2026-04-02T14:10:18.197+0000] {dag.py:3947} INFO - Setting next_dagrun for daily_price to 2026-04-01 16:00:00+00:00, run_after=2026-04-02 16:00:00+00:00
[2026-04-02T14:10:18.221+0000] {processor.py:183} INFO - Processing /opt/airflow/dags/dl_dailly_price.py took 0.119 seconds
[2026-04-02T14:10:48.532+0000] {processor.py:161} INFO - Started process (PID=1055) to work on /opt/airflow/dags/dl_dailly_price.py
[2026-04-02T14:10:48.533+0000] {processor.py:830} INFO - Processing file /opt/airflow/dags/dl_dailly_price.py for tasks to queue
[2026-04-02T14:10:48.535+0000] {logging_mixin.py:188} INFO - [2026-04-02T14:10:48.535+0000] {dagbag.py:545} INFO - Filling up the DagBag from /opt/airflow/dags/dl_dailly_price.py
[2026-04-02T14:10:48.560+0000] {processor.py:840} INFO - DAG(s) 'daily_price' retrieved from /opt/airflow/dags/dl_dailly_price.py
[2026-04-02T14:10:48.580+0000] {logging_mixin.py:188} INFO - [2026-04-02T14:10:48.580+0000] {dag.py:3089} INFO - Sync 1 DAGs
[2026-04-02T14:10:48.600+0000] {logging_mixin.py:188} INFO - [2026-04-02T14:10:48.599+0000] {dag.py:3947} INFO - Setting next_dagrun for daily_price to 2026-04-01 16:00:00+00:00, run_after=2026-04-02 16:00:00+00:00
[2026-04-02T14:10:48.617+0000] {processor.py:183} INFO - Processing /opt/airflow/dags/dl_dailly_price.py took 0.091 seconds
[2026-04-02T14:11:19.251+0000] {processor.py:161} INFO - Started process (PID=1079) to work on /opt/airflow/dags/dl_dailly_price.py
[2026-04-02T14:11:19.252+0000] {processor.py:830} INFO - Processing file /opt/airflow/dags/dl_dailly_price.py for tasks to queue
[2026-04-02T14:11:19.254+0000] {logging_mixin.py:188} INFO - [2026-04-02T14:11:19.254+0000] {dagbag.py:545} INFO - Filling up the DagBag from /opt/airflow/dags/dl_dailly_price.py
[2026-04-02T14:11:19.279+0000] {processor.py:840} INFO - DAG(s) 'daily_price' retrieved from /opt/airflow/dags/dl_dailly_price.py
[2026-04-02T14:11:19.301+0000] {logging_mixin.py:188} INFO - [2026-04-02T14:11:19.300+0000] {dag.py:3089} INFO - Sync 1 DAGs
[2026-04-02T14:11:19.325+0000] {logging_mixin.py:188} INFO - [2026-04-02T14:11:19.325+0000] {dag.py:3947} INFO - Setting next_dagrun for daily_price to 2026-04-01 16:00:00+00:00, run_after=2026-04-02 16:00:00+00:00
[2026-04-02T14:11:19.346+0000] {processor.py:183} INFO - Processing /opt/airflow/dags/dl_dailly_price.py took 0.100 seconds
[2026-04-02T14:11:49.713+0000] {processor.py:161} INFO - Started process (PID=1102) to work on /opt/airflow/dags/dl_dailly_price.py
[2026-04-02T14:11:49.714+0000] {processor.py:830} INFO - Processing file /opt/airflow/dags/dl_dailly_price.py for tasks to queue
[2026-04-02T14:11:49.716+0000] {logging_mixin.py:188} INFO - [2026-04-02T14:11:49.715+0000] {dagbag.py:545} INFO - Filling up the DagBag from /opt/airflow/dags/dl_dailly_price.py
[2026-04-02T14:11:49.741+0000] {processor.py:840} INFO - DAG(s) 'daily_price' retrieved from /opt/airflow/dags/dl_dailly_price.py
[2026-04-02T14:11:49.761+0000] {logging_mixin.py:188} INFO - [2026-04-02T14:11:49.761+0000] {dag.py:3089} INFO - Sync 1 DAGs
[2026-04-02T14:11:49.780+0000] {logging_mixin.py:188} INFO - [2026-04-02T14:11:49.780+0000] {dag.py:3947} INFO - Setting next_dagrun for daily_price to 2026-04-01 16:00:00+00:00, run_after=2026-04-02 16:00:00+00:00
[2026-04-02T14:11:49.796+0000] {processor.py:183} INFO - Processing /opt/airflow/dags/dl_dailly_price.py took 0.088 seconds
[2026-04-02T14:12:20.158+0000] {processor.py:161} INFO - Started process (PID=1125) to work on /opt/airflow/dags/dl_dailly_price.py
[2026-04-02T14:12:20.159+0000] {processor.py:830} INFO - Processing file /opt/airflow/dags/dl_dailly_price.py for tasks to queue
[2026-04-02T14:12:20.161+0000] {logging_mixin.py:188} INFO - [2026-04-02T14:12:20.160+0000] {dagbag.py:545} INFO - Filling up the DagBag from /opt/airflow/dags/dl_dailly_price.py
[2026-04-02T14:12:20.188+0000] {processor.py:840} INFO - DAG(s) 'daily_price' retrieved from /opt/airflow/dags/dl_dailly_price.py
[2026-04-02T14:12:20.210+0000] {logging_mixin.py:188} INFO - [2026-04-02T14:12:20.210+0000] {dag.py:3089} INFO - Sync 1 DAGs
[2026-04-02T14:12:20.234+0000] {logging_mixin.py:188} INFO - [2026-04-02T14:12:20.234+0000] {dag.py:3947} INFO - Setting next_dagrun for daily_price to 2026-04-01 16:00:00+00:00, run_after=2026-04-02 16:00:00+00:00
[2026-04-02T14:12:20.254+0000] {processor.py:183} INFO - Processing /opt/airflow/dags/dl_dailly_price.py took 0.101 seconds
[2026-04-02T14:12:50.532+0000] {processor.py:161} INFO - Started process (PID=1148) to work on /opt/airflow/dags/dl_dailly_price.py
[2026-04-02T14:12:50.533+0000] {processor.py:830} INFO - Processing file /opt/airflow/dags/dl_dailly_price.py for tasks to queue
[2026-04-02T14:12:50.535+0000] {logging_mixin.py:188} INFO - [2026-04-02T14:12:50.535+0000] {dagbag.py:545} INFO - Filling up the DagBag from /opt/airflow/dags/dl_dailly_price.py
[2026-04-02T14:12:50.561+0000] {processor.py:840} INFO - DAG(s) 'daily_price' retrieved from /opt/airflow/dags/dl_dailly_price.py
[2026-04-02T14:12:50.582+0000] {logging_mixin.py:188} INFO - [2026-04-02T14:12:50.581+0000] {dag.py:3089} INFO - Sync 1 DAGs
[2026-04-02T14:12:50.601+0000] {logging_mixin.py:188} INFO - [2026-04-02T14:12:50.601+0000] {dag.py:3947} INFO - Setting next_dagrun for daily_price to 2026-04-01 16:00:00+00:00, run_after=2026-04-02 16:00:00+00:00
[2026-04-02T14:12:50.620+0000] {processor.py:183} INFO - Processing /opt/airflow/dags/dl_dailly_price.py took 0.094 seconds
[2026-04-02T14:13:20.937+0000] {processor.py:161} INFO - Started process (PID=1171) to work on /opt/airflow/dags/dl_dailly_price.py
[2026-04-02T14:13:20.938+0000] {processor.py:830} INFO - Processing file /opt/airflow/dags/dl_dailly_price.py for tasks to queue
[2026-04-02T14:13:20.940+0000] {logging_mixin.py:188} INFO - [2026-04-02T14:13:20.940+0000] {dagbag.py:545} INFO - Filling up the DagBag from /opt/airflow/dags/dl_dailly_price.py
[2026-04-02T14:13:20.964+0000] {processor.py:840} INFO - DAG(s) 'daily_price' retrieved from /opt/airflow/dags/dl_dailly_price.py
[2026-04-02T14:13:20.984+0000] {logging_mixin.py:188} INFO - [2026-04-02T14:13:20.983+0000] {dag.py:3089} INFO - Sync 1 DAGs
[2026-04-02T14:13:21.003+0000] {logging_mixin.py:188} INFO - [2026-04-02T14:13:21.003+0000] {dag.py:3947} INFO - Setting next_dagrun for daily_price to 2026-04-01 16:00:00+00:00, run_after=2026-04-02 16:00:00+00:00
[2026-04-02T14:13:21.022+0000] {processor.py:183} INFO - Processing /opt/airflow/dags/dl_dailly_price.py took 0.090 seconds
[2026-04-02T14:13:51.179+0000] {processor.py:161} INFO - Started process (PID=1194) to work on /opt/airflow/dags/dl_dailly_price.py
[2026-04-02T14:13:51.180+0000] {processor.py:830} INFO - Processing file /opt/airflow/dags/dl_dailly_price.py for tasks to queue
[2026-04-02T14:13:51.182+0000] {logging_mixin.py:188} INFO - [2026-04-02T14:13:51.182+0000] {dagbag.py:545} INFO - Filling up the DagBag from /opt/airflow/dags/dl_dailly_price.py
[2026-04-02T14:13:51.210+0000] {processor.py:840} INFO - DAG(s) 'daily_price' retrieved from /opt/airflow/dags/dl_dailly_price.py
[2026-04-02T14:13:51.231+0000] {logging_mixin.py:188} INFO - [2026-04-02T14:13:51.231+0000] {dag.py:3089} INFO - Sync 1 DAGs
[2026-04-02T14:13:51.252+0000] {logging_mixin.py:188} INFO - [2026-04-02T14:13:51.252+0000] {dag.py:3947} INFO - Setting next_dagrun for daily_price to 2026-04-01 16:00:00+00:00, run_after=2026-04-02 16:00:00+00:00
[2026-04-02T14:13:51.268+0000] {processor.py:183} INFO - Processing /opt/airflow/dags/dl_dailly_price.py took 0.094 seconds
[2026-04-02T14:14:21.652+0000] {processor.py:161} INFO - Started process (PID=1217) to work on /opt/airflow/dags/dl_dailly_price.py
[2026-04-02T14:14:21.653+0000] {processor.py:830} INFO - Processing file /opt/airflow/dags/dl_dailly_price.py for tasks to queue
[2026-04-02T14:14:21.655+0000] {logging_mixin.py:188} INFO - [2026-04-02T14:14:21.655+0000] {dagbag.py:545} INFO - Filling up the DagBag from /opt/airflow/dags/dl_dailly_price.py
[2026-04-02T14:14:21.681+0000] {processor.py:840} INFO - DAG(s) 'daily_price' retrieved from /opt/airflow/dags/dl_dailly_price.py
[2026-04-02T14:14:21.703+0000] {logging_mixin.py:188} INFO - [2026-04-02T14:14:21.703+0000] {dag.py:3089} INFO - Sync 1 DAGs
[2026-04-02T14:14:21.727+0000] {logging_mixin.py:188} INFO - [2026-04-02T14:14:21.726+0000] {dag.py:3947} INFO - Setting next_dagrun for daily_price to 2026-04-01 16:00:00+00:00, run_after=2026-04-02 16:00:00+00:00
[2026-04-02T14:14:21.746+0000] {processor.py:183} INFO - Processing /opt/airflow/dags/dl_dailly_price.py took 0.100 seconds
[2026-04-02T14:14:52.001+0000] {processor.py:161} INFO - Started process (PID=1240) to work on /opt/airflow/dags/dl_dailly_price.py
[2026-04-02T14:14:52.002+0000] {processor.py:830} INFO - Processing file /opt/airflow/dags/dl_dailly_price.py for tasks to queue
[2026-04-02T14:14:52.004+0000] {logging_mixin.py:188} INFO - [2026-04-02T14:14:52.004+0000] {dagbag.py:545} INFO - Filling up the DagBag from /opt/airflow/dags/dl_dailly_price.py
[2026-04-02T14:14:52.034+0000] {processor.py:840} INFO - DAG(s) 'daily_price' retrieved from /opt/airflow/dags/dl_dailly_price.py
[2026-04-02T14:14:52.057+0000] {logging_mixin.py:188} INFO - [2026-04-02T14:14:52.056+0000] {dag.py:3089} INFO - Sync 1 DAGs
[2026-04-02T14:14:52.081+0000] {logging_mixin.py:188} INFO - [2026-04-02T14:14:52.081+0000] {dag.py:3947} INFO - Setting next_dagrun for daily_price to 2026-04-01 16:00:00+00:00, run_after=2026-04-02 16:00:00+00:00
[2026-04-02T14:14:52.104+0000] {processor.py:183} INFO - Processing /opt/airflow/dags/dl_dailly_price.py took 0.108 seconds
[2026-04-02T14:15:22.572+0000] {processor.py:161} INFO - Started process (PID=1263) to work on /opt/airflow/dags/dl_dailly_price.py
[2026-04-02T14:15:22.574+0000] {processor.py:830} INFO - Processing file /opt/airflow/dags/dl_dailly_price.py for tasks to queue
[2026-04-02T14:15:22.576+0000] {logging_mixin.py:188} INFO - [2026-04-02T14:15:22.575+0000] {dagbag.py:545} INFO - Filling up the DagBag from /opt/airflow/dags/dl_dailly_price.py
[2026-04-02T14:15:22.604+0000] {processor.py:840} INFO - DAG(s) 'daily_price' retrieved from /opt/airflow/dags/dl_dailly_price.py
[2026-04-02T14:15:22.626+0000] {logging_mixin.py:188} INFO - [2026-04-02T14:15:22.626+0000] {dag.py:3089} INFO - Sync 1 DAGs
[2026-04-02T14:15:22.651+0000] {logging_mixin.py:188} INFO - [2026-04-02T14:15:22.651+0000] {dag.py:3947} INFO - Setting next_dagrun for daily_price to 2026-04-01 16:00:00+00:00, run_after=2026-04-02 16:00:00+00:00
[2026-04-02T14:15:22.670+0000] {processor.py:183} INFO - Processing /opt/airflow/dags/dl_dailly_price.py took 0.104 seconds
[2026-04-02T14:15:52.899+0000] {processor.py:161} INFO - Started process (PID=1286) to work on /opt/airflow/dags/dl_dailly_price.py
[2026-04-02T14:15:52.900+0000] {processor.py:830} INFO - Processing file /opt/airflow/dags/dl_dailly_price.py for tasks to queue
[2026-04-02T14:15:52.902+0000] {logging_mixin.py:188} INFO - [2026-04-02T14:15:52.902+0000] {dagbag.py:545} INFO - Filling up the DagBag from /opt/airflow/dags/dl_dailly_price.py
[2026-04-02T14:15:52.929+0000] {processor.py:840} INFO - DAG(s) 'daily_price' retrieved from /opt/airflow/dags/dl_dailly_price.py
[2026-04-02T14:15:52.950+0000] {logging_mixin.py:188} INFO - [2026-04-02T14:15:52.950+0000] {dag.py:3089} INFO - Sync 1 DAGs
[2026-04-02T14:15:52.972+0000] {logging_mixin.py:188} INFO - [2026-04-02T14:15:52.972+0000] {dag.py:3947} INFO - Setting next_dagrun for daily_price to 2026-04-01 16:00:00+00:00, run_after=2026-04-02 16:00:00+00:00
[2026-04-02T14:15:52.991+0000] {processor.py:183} INFO - Processing /opt/airflow/dags/dl_dailly_price.py took 0.097 seconds
[2026-04-02T14:16:23.442+0000] {processor.py:161} INFO - Started process (PID=1309) to work on /opt/airflow/dags/dl_dailly_price.py
[2026-04-02T14:16:23.443+0000] {processor.py:830} INFO - Processing file /opt/airflow/dags/dl_dailly_price.py for tasks to queue
[2026-04-02T14:16:23.445+0000] {logging_mixin.py:188} INFO - [2026-04-02T14:16:23.445+0000] {dagbag.py:545} INFO - Filling up the DagBag from /opt/airflow/dags/dl_dailly_price.py
[2026-04-02T14:16:23.472+0000] {processor.py:840} INFO - DAG(s) 'daily_price' retrieved from /opt/airflow/dags/dl_dailly_price.py
[2026-04-02T14:16:23.493+0000] {logging_mixin.py:188} INFO - [2026-04-02T14:16:23.492+0000] {dag.py:3089} INFO - Sync 1 DAGs
[2026-04-02T14:16:23.695+0000] {logging_mixin.py:188} INFO - [2026-04-02T14:16:23.694+0000] {dag.py:3947} INFO - Setting next_dagrun for daily_price to 2026-04-01 16:00:00+00:00, run_after=2026-04-02 16:00:00+00:00
[2026-04-02T14:16:23.723+0000] {processor.py:183} INFO - Processing /opt/airflow/dags/dl_dailly_price.py took 0.286 seconds
[2026-04-02T14:16:54.536+0000] {processor.py:161} INFO - Started process (PID=1332) to work on /opt/airflow/dags/dl_dailly_price.py
[2026-04-02T14:16:54.537+0000] {processor.py:830} INFO - Processing file /opt/airflow/dags/dl_dailly_price.py for tasks to queue
[2026-04-02T14:16:54.539+0000] {logging_mixin.py:188} INFO - [2026-04-02T14:16:54.539+0000] {dagbag.py:545} INFO - Filling up the DagBag from /opt/airflow/dags/dl_dailly_price.py
[2026-04-02T14:16:54.565+0000] {processor.py:840} INFO - DAG(s) 'daily_price' retrieved from /opt/airflow/dags/dl_dailly_price.py
[2026-04-02T14:16:54.586+0000] {logging_mixin.py:188} INFO - [2026-04-02T14:16:54.586+0000] {dag.py:3089} INFO - Sync 1 DAGs
[2026-04-02T14:16:54.609+0000] {logging_mixin.py:188} INFO - [2026-04-02T14:16:54.609+0000] {dag.py:3947} INFO - Setting next_dagrun for daily_price to 2026-04-01 16:00:00+00:00, run_after=2026-04-02 16:00:00+00:00
[2026-04-02T14:16:54.627+0000] {processor.py:183} INFO - Processing /opt/airflow/dags/dl_dailly_price.py took 0.096 seconds
[2026-04-02T14:17:25.168+0000] {processor.py:161} INFO - Started process (PID=1355) to work on /opt/airflow/dags/dl_dailly_price.py
[2026-04-02T14:17:25.169+0000] {processor.py:830} INFO - Processing file /opt/airflow/dags/dl_dailly_price.py for tasks to queue
[2026-04-02T14:17:25.171+0000] {logging_mixin.py:188} INFO - [2026-04-02T14:17:25.170+0000] {dagbag.py:545} INFO - Filling up the DagBag from /opt/airflow/dags/dl_dailly_price.py
[2026-04-02T14:17:25.200+0000] {processor.py:840} INFO - DAG(s) 'daily_price' retrieved from /opt/airflow/dags/dl_dailly_price.py
[2026-04-02T14:17:25.221+0000] {logging_mixin.py:188} INFO - [2026-04-02T14:17:25.221+0000] {dag.py:3089} INFO - Sync 1 DAGs
[2026-04-02T14:17:25.432+0000] {logging_mixin.py:188} INFO - [2026-04-02T14:17:25.431+0000] {dag.py:3947} INFO - Setting next_dagrun for daily_price to 2026-04-01 16:00:00+00:00, run_after=2026-04-02 16:00:00+00:00
[2026-04-02T14:17:25.453+0000] {processor.py:183} INFO - Processing /opt/airflow/dags/dl_dailly_price.py took 0.291 seconds
[2026-04-02T14:17:55.598+0000] {processor.py:161} INFO - Started process (PID=1378) to work on /opt/airflow/dags/dl_dailly_price.py
[2026-04-02T14:17:55.599+0000] {processor.py:830} INFO - Processing file /opt/airflow/dags/dl_dailly_price.py for tasks to queue
[2026-04-02T14:17:55.602+0000] {logging_mixin.py:188} INFO - [2026-04-02T14:17:55.601+0000] {dagbag.py:545} INFO - Filling up the DagBag from /opt/airflow/dags/dl_dailly_price.py
[2026-04-02T14:17:55.633+0000] {processor.py:840} INFO - DAG(s) 'daily_price' retrieved from /opt/airflow/dags/dl_dailly_price.py
[2026-04-02T14:17:55.656+0000] {logging_mixin.py:188} INFO - [2026-04-02T14:17:55.655+0000] {dag.py:3089} INFO - Sync 1 DAGs
[2026-04-02T14:17:55.682+0000] {logging_mixin.py:188} INFO - [2026-04-02T14:17:55.681+0000] {dag.py:3947} INFO - Setting next_dagrun for daily_price to 2026-04-01 16:00:00+00:00, run_after=2026-04-02 16:00:00+00:00
[2026-04-02T14:17:55.702+0000] {processor.py:183} INFO - Processing /opt/airflow/dags/dl_dailly_price.py took 0.110 seconds
[2026-04-02T14:18:26.450+0000] {processor.py:161} INFO - Started process (PID=1401) to work on /opt/airflow/dags/dl_dailly_price.py
[2026-04-02T14:18:26.451+0000] {processor.py:830} INFO - Processing file /opt/airflow/dags/dl_dailly_price.py for tasks to queue
[2026-04-02T14:18:26.455+0000] {logging_mixin.py:188} INFO - [2026-04-02T14:18:26.455+0000] {dagbag.py:545} INFO - Filling up the DagBag from /opt/airflow/dags/dl_dailly_price.py
[2026-04-02T14:18:26.486+0000] {processor.py:840} INFO - DAG(s) 'daily_price' retrieved from /opt/airflow/dags/dl_dailly_price.py
[2026-04-02T14:18:26.509+0000] {logging_mixin.py:188} INFO - [2026-04-02T14:18:26.509+0000] {dag.py:3089} INFO - Sync 1 DAGs
[2026-04-02T14:18:26.533+0000] {logging_mixin.py:188} INFO - [2026-04-02T14:18:26.533+0000] {dag.py:3947} INFO - Setting next_dagrun for daily_price to 2026-04-01 16:00:00+00:00, run_after=2026-04-02 16:00:00+00:00
[2026-04-02T14:18:26.551+0000] {processor.py:183} INFO - Processing /opt/airflow/dags/dl_dailly_price.py took 0.107 seconds
[2026-04-02T14:18:57.011+0000] {processor.py:161} INFO - Started process (PID=1430) to work on /opt/airflow/dags/dl_dailly_price.py
[2026-04-02T14:18:57.012+0000] {processor.py:830} INFO - Processing file /opt/airflow/dags/dl_dailly_price.py for tasks to queue
[2026-04-02T14:18:57.015+0000] {logging_mixin.py:188} INFO - [2026-04-02T14:18:57.014+0000] {dagbag.py:545} INFO - Filling up the DagBag from /opt/airflow/dags/dl_dailly_price.py
[2026-04-02T14:18:57.043+0000] {processor.py:840} INFO - DAG(s) 'daily_price' retrieved from /opt/airflow/dags/dl_dailly_price.py
[2026-04-02T14:18:57.064+0000] {logging_mixin.py:188} INFO - [2026-04-02T14:18:57.063+0000] {dag.py:3089} INFO - Sync 1 DAGs
[2026-04-02T14:18:57.083+0000] {logging_mixin.py:188} INFO - [2026-04-02T14:18:57.083+0000] {dag.py:3947} INFO - Setting next_dagrun for daily_price to 2026-04-01 16:00:00+00:00, run_after=2026-04-02 16:00:00+00:00
[2026-04-02T14:18:57.100+0000] {processor.py:183} INFO - Processing /opt/airflow/dags/dl_dailly_price.py took 0.094 seconds
[2026-04-02T14:19:27.463+0000] {processor.py:161} INFO - Started process (PID=1453) to work on /opt/airflow/dags/dl_dailly_price.py
[2026-04-02T14:19:27.464+0000] {processor.py:830} INFO - Processing file /opt/airflow/dags/dl_dailly_price.py for tasks to queue
[2026-04-02T14:19:27.466+0000] {logging_mixin.py:188} INFO - [2026-04-02T14:19:27.466+0000] {dagbag.py:545} INFO - Filling up the DagBag from /opt/airflow/dags/dl_dailly_price.py
[2026-04-02T14:19:27.492+0000] {processor.py:840} INFO - DAG(s) 'daily_price' retrieved from /opt/airflow/dags/dl_dailly_price.py
[2026-04-02T14:19:27.511+0000] {logging_mixin.py:188} INFO - [2026-04-02T14:19:27.511+0000] {dag.py:3089} INFO - Sync 1 DAGs
[2026-04-02T14:19:27.532+0000] {logging_mixin.py:188} INFO - [2026-04-02T14:19:27.531+0000] {dag.py:3947} INFO - Setting next_dagrun for daily_price to 2026-04-01 16:00:00+00:00, run_after=2026-04-02 16:00:00+00:00
[2026-04-02T14:19:27.548+0000] {processor.py:183} INFO - Processing /opt/airflow/dags/dl_dailly_price.py took 0.090 seconds
[2026-04-02T14:19:58.229+0000] {processor.py:161} INFO - Started process (PID=1476) to work on /opt/airflow/dags/dl_dailly_price.py
[2026-04-02T14:19:58.230+0000] {processor.py:830} INFO - Processing file /opt/airflow/dags/dl_dailly_price.py for tasks to queue
[2026-04-02T14:19:58.232+0000] {logging_mixin.py:188} INFO - [2026-04-02T14:19:58.232+0000] {dagbag.py:545} INFO - Filling up the DagBag from /opt/airflow/dags/dl_dailly_price.py
[2026-04-02T14:19:58.261+0000] {processor.py:840} INFO - DAG(s) 'daily_price' retrieved from /opt/airflow/dags/dl_dailly_price.py
[2026-04-02T14:19:58.283+0000] {logging_mixin.py:188} INFO - [2026-04-02T14:19:58.283+0000] {dag.py:3089} INFO - Sync 1 DAGs
[2026-04-02T14:19:58.304+0000] {logging_mixin.py:188} INFO - [2026-04-02T14:19:58.304+0000] {dag.py:3947} INFO - Setting next_dagrun for daily_price to 2026-04-01 16:00:00+00:00, run_after=2026-04-02 16:00:00+00:00
[2026-04-02T14:19:58.322+0000] {processor.py:183} INFO - Processing /opt/airflow/dags/dl_dailly_price.py took 0.100 seconds
[2026-04-02T14:20:28.950+0000] {processor.py:161} INFO - Started process (PID=1499) to work on /opt/airflow/dags/dl_dailly_price.py
[2026-04-02T14:20:28.951+0000] {processor.py:830} INFO - Processing file /opt/airflow/dags/dl_dailly_price.py for tasks to queue
[2026-04-02T14:20:28.953+0000] {logging_mixin.py:188} INFO - [2026-04-02T14:20:28.952+0000] {dagbag.py:545} INFO - Filling up the DagBag from /opt/airflow/dags/dl_dailly_price.py
[2026-04-02T14:20:28.978+0000] {processor.py:840} INFO - DAG(s) 'daily_price' retrieved from /opt/airflow/dags/dl_dailly_price.py
[2026-04-02T14:20:29.000+0000] {logging_mixin.py:188} INFO - [2026-04-02T14:20:28.999+0000] {dag.py:3089} INFO - Sync 1 DAGs
[2026-04-02T14:20:29.021+0000] {logging_mixin.py:188} INFO - [2026-04-02T14:20:29.021+0000] {dag.py:3947} INFO - Setting next_dagrun for daily_price to 2026-04-01 16:00:00+00:00, run_after=2026-04-02 16:00:00+00:00
[2026-04-02T14:20:29.036+0000] {processor.py:183} INFO - Processing /opt/airflow/dags/dl_dailly_price.py took 0.092 seconds
[2026-04-02T14:20:59.779+0000] {processor.py:161} INFO - Started process (PID=1522) to work on /opt/airflow/dags/dl_dailly_price.py
[2026-04-02T14:20:59.779+0000] {processor.py:830} INFO - Processing file /opt/airflow/dags/dl_dailly_price.py for tasks to queue
[2026-04-02T14:20:59.782+0000] {logging_mixin.py:188} INFO - [2026-04-02T14:20:59.781+0000] {dagbag.py:545} INFO - Filling up the DagBag from /opt/airflow/dags/dl_dailly_price.py
[2026-04-02T14:20:59.813+0000] {processor.py:840} INFO - DAG(s) 'daily_price' retrieved from /opt/airflow/dags/dl_dailly_price.py
[2026-04-02T14:20:59.837+0000] {logging_mixin.py:188} INFO - [2026-04-02T14:20:59.836+0000] {dag.py:3089} INFO - Sync 1 DAGs
[2026-04-02T14:20:59.861+0000] {logging_mixin.py:188} INFO - [2026-04-02T14:20:59.860+0000] {dag.py:3947} INFO - Setting next_dagrun for daily_price to 2026-04-01 16:00:00+00:00, run_after=2026-04-02 16:00:00+00:00
[2026-04-02T14:20:59.880+0000] {processor.py:183} INFO - Processing /opt/airflow/dags/dl_dailly_price.py took 0.107 seconds
[2026-04-02T14:21:30.367+0000] {processor.py:161} INFO - Started process (PID=1545) to work on /opt/airflow/dags/dl_dailly_price.py
[2026-04-02T14:21:30.368+0000] {processor.py:830} INFO - Processing file /opt/airflow/dags/dl_dailly_price.py for tasks to queue
[2026-04-02T14:21:30.371+0000] {logging_mixin.py:188} INFO - [2026-04-02T14:21:30.371+0000] {dagbag.py:545} INFO - Filling up the DagBag from /opt/airflow/dags/dl_dailly_price.py
[2026-04-02T14:21:30.399+0000] {processor.py:840} INFO - DAG(s) 'daily_price' retrieved from /opt/airflow/dags/dl_dailly_price.py
[2026-04-02T14:21:30.422+0000] {logging_mixin.py:188} INFO - [2026-04-02T14:21:30.421+0000] {dag.py:3089} INFO - Sync 1 DAGs
[2026-04-02T14:21:30.444+0000] {logging_mixin.py:188} INFO - [2026-04-02T14:21:30.444+0000] {dag.py:3947} INFO - Setting next_dagrun for daily_price to 2026-04-01 16:00:00+00:00, run_after=2026-04-02 16:00:00+00:00
[2026-04-02T14:21:30.469+0000] {processor.py:183} INFO - Processing /opt/airflow/dags/dl_dailly_price.py took 0.107 seconds
[2026-04-02T14:22:00.905+0000] {processor.py:161} INFO - Started process (PID=1568) to work on /opt/airflow/dags/dl_dailly_price.py
[2026-04-02T14:22:00.905+0000] {processor.py:830} INFO - Processing file /opt/airflow/dags/dl_dailly_price.py for tasks to queue
[2026-04-02T14:22:00.908+0000] {logging_mixin.py:188} INFO - [2026-04-02T14:22:00.908+0000] {dagbag.py:545} INFO - Filling up the DagBag from /opt/airflow/dags/dl_dailly_price.py
[2026-04-02T14:22:00.942+0000] {processor.py:840} INFO - DAG(s) 'daily_price' retrieved from /opt/airflow/dags/dl_dailly_price.py
[2026-04-02T14:22:00.965+0000] {logging_mixin.py:188} INFO - [2026-04-02T14:22:00.965+0000] {dag.py:3089} INFO - Sync 1 DAGs
[2026-04-02T14:22:00.989+0000] {logging_mixin.py:188} INFO - [2026-04-02T14:22:00.989+0000] {dag.py:3947} INFO - Setting next_dagrun for daily_price to 2026-04-01 16:00:00+00:00, run_after=2026-04-02 16:00:00+00:00
[2026-04-02T14:22:01.007+0000] {processor.py:183} INFO - Processing /opt/airflow/dags/dl_dailly_price.py took 0.108 seconds
[2026-04-02T14:22:31.435+0000] {processor.py:161} INFO - Started process (PID=1591) to work on /opt/airflow/dags/dl_dailly_price.py
[2026-04-02T14:22:31.436+0000] {processor.py:830} INFO - Processing file /opt/airflow/dags/dl_dailly_price.py for tasks to queue
[2026-04-02T14:22:31.439+0000] {logging_mixin.py:188} INFO - [2026-04-02T14:22:31.439+0000] {dagbag.py:545} INFO - Filling up the DagBag from /opt/airflow/dags/dl_dailly_price.py
[2026-04-02T14:22:31.472+0000] {processor.py:840} INFO - DAG(s) 'daily_price' retrieved from /opt/airflow/dags/dl_dailly_price.py
[2026-04-02T14:22:31.494+0000] {logging_mixin.py:188} INFO - [2026-04-02T14:22:31.494+0000] {dag.py:3089} INFO - Sync 1 DAGs
[2026-04-02T14:22:31.518+0000] {logging_mixin.py:188} INFO - [2026-04-02T14:22:31.518+0000] {dag.py:3947} INFO - Setting next_dagrun for daily_price to 2026-04-01 16:00:00+00:00, run_after=2026-04-02 16:00:00+00:00
[2026-04-02T14:22:31.537+0000] {processor.py:183} INFO - Processing /opt/airflow/dags/dl_dailly_price.py took 0.108 seconds
[2026-04-02T14:23:02.009+0000] {processor.py:161} INFO - Started process (PID=1614) to work on /opt/airflow/dags/dl_dailly_price.py
[2026-04-02T14:23:02.010+0000] {processor.py:830} INFO - Processing file /opt/airflow/dags/dl_dailly_price.py for tasks to queue
[2026-04-02T14:23:02.013+0000] {logging_mixin.py:188} INFO - [2026-04-02T14:23:02.012+0000] {dagbag.py:545} INFO - Filling up the DagBag from /opt/airflow/dags/dl_dailly_price.py
[2026-04-02T14:23:02.044+0000] {processor.py:840} INFO - DAG(s) 'daily_price' retrieved from /opt/airflow/dags/dl_dailly_price.py
[2026-04-02T14:23:02.066+0000] {logging_mixin.py:188} INFO - [2026-04-02T14:23:02.066+0000] {dag.py:3089} INFO - Sync 1 DAGs
[2026-04-02T14:23:02.088+0000] {logging_mixin.py:188} INFO - [2026-04-02T14:23:02.088+0000] {dag.py:3947} INFO - Setting next_dagrun for daily_price to 2026-04-01 16:00:00+00:00, run_after=2026-04-02 16:00:00+00:00
[2026-04-02T14:23:02.106+0000] {processor.py:183} INFO - Processing /opt/airflow/dags/dl_dailly_price.py took 0.104 seconds
[2026-04-02T14:23:32.427+0000] {processor.py:161} INFO - Started process (PID=1637) to work on /opt/airflow/dags/dl_dailly_price.py
[2026-04-02T14:23:32.428+0000] {processor.py:830} INFO - Processing file /opt/airflow/dags/dl_dailly_price.py for tasks to queue
[2026-04-02T14:23:32.430+0000] {logging_mixin.py:188} INFO - [2026-04-02T14:23:32.429+0000] {dagbag.py:545} INFO - Filling up the DagBag from /opt/airflow/dags/dl_dailly_price.py
[2026-04-02T14:23:32.456+0000] {processor.py:840} INFO - DAG(s) 'daily_price' retrieved from /opt/airflow/dags/dl_dailly_price.py
[2026-04-02T14:23:32.476+0000] {logging_mixin.py:188} INFO - [2026-04-02T14:23:32.476+0000] {dag.py:3089} INFO - Sync 1 DAGs
[2026-04-02T14:23:32.496+0000] {logging_mixin.py:188} INFO - [2026-04-02T14:23:32.496+0000] {dag.py:3947} INFO - Setting next_dagrun for daily_price to 2026-04-01 16:00:00+00:00, run_after=2026-04-02 16:00:00+00:00
[2026-04-02T14:23:32.514+0000] {processor.py:183} INFO - Processing /opt/airflow/dags/dl_dailly_price.py took 0.092 seconds
[2026-04-02T14:24:02.852+0000] {processor.py:161} INFO - Started process (PID=1660) to work on /opt/airflow/dags/dl_dailly_price.py
[2026-04-02T14:24:02.853+0000] {processor.py:830} INFO - Processing file /opt/airflow/dags/dl_dailly_price.py for tasks to queue
[2026-04-02T14:24:02.855+0000] {logging_mixin.py:188} INFO - [2026-04-02T14:24:02.855+0000] {dagbag.py:545} INFO - Filling up the DagBag from /opt/airflow/dags/dl_dailly_price.py
[2026-04-02T14:24:02.882+0000] {processor.py:840} INFO - DAG(s) 'daily_price' retrieved from /opt/airflow/dags/dl_dailly_price.py
[2026-04-02T14:24:02.902+0000] {logging_mixin.py:188} INFO - [2026-04-02T14:24:02.902+0000] {dag.py:3089} INFO - Sync 1 DAGs
[2026-04-02T14:24:02.922+0000] {logging_mixin.py:188} INFO - [2026-04-02T14:24:02.922+0000] {dag.py:3947} INFO - Setting next_dagrun for daily_price to 2026-04-01 16:00:00+00:00, run_after=2026-04-02 16:00:00+00:00
[2026-04-02T14:24:02.938+0000] {processor.py:183} INFO - Processing /opt/airflow/dags/dl_dailly_price.py took 0.092 seconds
[2026-04-02T14:24:33.259+0000] {processor.py:161} INFO - Started process (PID=1683) to work on /opt/airflow/dags/dl_dailly_price.py
[2026-04-02T14:24:33.260+0000] {processor.py:830} INFO - Processing file /opt/airflow/dags/dl_dailly_price.py for tasks to queue
[2026-04-02T14:24:33.263+0000] {logging_mixin.py:188} INFO - [2026-04-02T14:24:33.263+0000] {dagbag.py:545} INFO - Filling up the DagBag from /opt/airflow/dags/dl_dailly_price.py
[2026-04-02T14:24:33.289+0000] {processor.py:840} INFO - DAG(s) 'daily_price' retrieved from /opt/airflow/dags/dl_dailly_price.py
[2026-04-02T14:24:33.309+0000] {logging_mixin.py:188} INFO - [2026-04-02T14:24:33.309+0000] {dag.py:3089} INFO - Sync 1 DAGs
[2026-04-02T14:24:33.329+0000] {logging_mixin.py:188} INFO - [2026-04-02T14:24:33.329+0000] {dag.py:3947} INFO - Setting next_dagrun for daily_price to 2026-04-01 16:00:00+00:00, run_after=2026-04-02 16:00:00+00:00
[2026-04-02T14:24:33.347+0000] {processor.py:183} INFO - Processing /opt/airflow/dags/dl_dailly_price.py took 0.093 seconds
[2026-04-02T14:25:03.921+0000] {processor.py:161} INFO - Started process (PID=1706) to work on /opt/airflow/dags/dl_dailly_price.py
[2026-04-02T14:25:03.922+0000] {processor.py:830} INFO - Processing file /opt/airflow/dags/dl_dailly_price.py for tasks to queue
[2026-04-02T14:25:03.925+0000] {logging_mixin.py:188} INFO - [2026-04-02T14:25:03.925+0000] {dagbag.py:545} INFO - Filling up the DagBag from /opt/airflow/dags/dl_dailly_price.py
[2026-04-02T14:25:03.950+0000] {processor.py:840} INFO - DAG(s) 'daily_price' retrieved from /opt/airflow/dags/dl_dailly_price.py
[2026-04-02T14:25:03.970+0000] {logging_mixin.py:188} INFO - [2026-04-02T14:25:03.970+0000] {dag.py:3089} INFO - Sync 1 DAGs
[2026-04-02T14:25:03.991+0000] {logging_mixin.py:188} INFO - [2026-04-02T14:25:03.991+0000] {dag.py:3947} INFO - Setting next_dagrun for daily_price to 2026-04-01 16:00:00+00:00, run_after=2026-04-02 16:00:00+00:00
[2026-04-02T14:25:04.008+0000] {processor.py:183} INFO - Processing /opt/airflow/dags/dl_dailly_price.py took 0.092 seconds
[2026-04-02T14:25:34.368+0000] {processor.py:161} INFO - Started process (PID=1729) to work on /opt/airflow/dags/dl_dailly_price.py
[2026-04-02T14:25:34.369+0000] {processor.py:830} INFO - Processing file /opt/airflow/dags/dl_dailly_price.py for tasks to queue
[2026-04-02T14:25:34.371+0000] {logging_mixin.py:188} INFO - [2026-04-02T14:25:34.371+0000] {dagbag.py:545} INFO - Filling up the DagBag from /opt/airflow/dags/dl_dailly_price.py
[2026-04-02T14:25:34.399+0000] {processor.py:840} INFO - DAG(s) 'daily_price' retrieved from /opt/airflow/dags/dl_dailly_price.py
[2026-04-02T14:25:34.420+0000] {logging_mixin.py:188} INFO - [2026-04-02T14:25:34.419+0000] {dag.py:3089} INFO - Sync 1 DAGs
[2026-04-02T14:25:34.440+0000] {logging_mixin.py:188} INFO - [2026-04-02T14:25:34.439+0000] {dag.py:3947} INFO - Setting next_dagrun for daily_price to 2026-04-01 16:00:00+00:00, run_after=2026-04-02 16:00:00+00:00
[2026-04-02T14:25:34.456+0000] {processor.py:183} INFO - Processing /opt/airflow/dags/dl_dailly_price.py took 0.093 seconds
[2026-04-02T14:26:04.839+0000] {processor.py:161} INFO - Started process (PID=1752) to work on /opt/airflow/dags/dl_dailly_price.py
[2026-04-02T14:26:04.840+0000] {processor.py:830} INFO - Processing file /opt/airflow/dags/dl_dailly_price.py for tasks to queue
[2026-04-02T14:26:04.842+0000] {logging_mixin.py:188} INFO - [2026-04-02T14:26:04.842+0000] {dagbag.py:545} INFO - Filling up the DagBag from /opt/airflow/dags/dl_dailly_price.py
[2026-04-02T14:26:04.868+0000] {processor.py:840} INFO - DAG(s) 'daily_price' retrieved from /opt/airflow/dags/dl_dailly_price.py
[2026-04-02T14:26:04.887+0000] {logging_mixin.py:188} INFO - [2026-04-02T14:26:04.887+0000] {dag.py:3089} INFO - Sync 1 DAGs
[2026-04-02T14:26:04.906+0000] {logging_mixin.py:188} INFO - [2026-04-02T14:26:04.906+0000] {dag.py:3947} INFO - Setting next_dagrun for daily_price to 2026-04-01 16:00:00+00:00, run_after=2026-04-02 16:00:00+00:00
[2026-04-02T14:26:04.925+0000] {processor.py:183} INFO - Processing /opt/airflow/dags/dl_dailly_price.py took 0.091 seconds
[2026-04-02T14:26:35.294+0000] {processor.py:161} INFO - Started process (PID=1775) to work on /opt/airflow/dags/dl_dailly_price.py
[2026-04-02T14:26:35.295+0000] {processor.py:830} INFO - Processing file /opt/airflow/dags/dl_dailly_price.py for tasks to queue
[2026-04-02T14:26:35.298+0000] {logging_mixin.py:188} INFO - [2026-04-02T14:26:35.297+0000] {dagbag.py:545} INFO - Filling up the DagBag from /opt/airflow/dags/dl_dailly_price.py
[2026-04-02T14:26:35.323+0000] {processor.py:840} INFO - DAG(s) 'daily_price' retrieved from /opt/airflow/dags/dl_dailly_price.py
[2026-04-02T14:26:35.344+0000] {logging_mixin.py:188} INFO - [2026-04-02T14:26:35.343+0000] {dag.py:3089} INFO - Sync 1 DAGs
[2026-04-02T14:26:35.364+0000] {logging_mixin.py:188} INFO - [2026-04-02T14:26:35.363+0000] {dag.py:3947} INFO - Setting next_dagrun for daily_price to 2026-04-01 16:00:00+00:00, run_after=2026-04-02 16:00:00+00:00
[2026-04-02T14:26:35.381+0000] {processor.py:183} INFO - Processing /opt/airflow/dags/dl_dailly_price.py took 0.092 seconds
[2026-04-02T14:27:05.736+0000] {processor.py:161} INFO - Started process (PID=1798) to work on /opt/airflow/dags/dl_dailly_price.py
[2026-04-02T14:27:05.737+0000] {processor.py:830} INFO - Processing file /opt/airflow/dags/dl_dailly_price.py for tasks to queue
[2026-04-02T14:27:05.739+0000] {logging_mixin.py:188} INFO - [2026-04-02T14:27:05.739+0000] {dagbag.py:545} INFO - Filling up the DagBag from /opt/airflow/dags/dl_dailly_price.py
[2026-04-02T14:27:05.766+0000] {processor.py:840} INFO - DAG(s) 'daily_price' retrieved from /opt/airflow/dags/dl_dailly_price.py
[2026-04-02T14:27:05.788+0000] {logging_mixin.py:188} INFO - [2026-04-02T14:27:05.788+0000] {dag.py:3089} INFO - Sync 1 DAGs
[2026-04-02T14:27:05.811+0000] {logging_mixin.py:188} INFO - [2026-04-02T14:27:05.811+0000] {dag.py:3947} INFO - Setting next_dagrun for daily_price to 2026-04-01 16:00:00+00:00, run_after=2026-04-02 16:00:00+00:00
[2026-04-02T14:27:05.832+0000] {processor.py:183} INFO - Processing /opt/airflow/dags/dl_dailly_price.py took 0.101 seconds
[2026-04-02T14:27:36.260+0000] {processor.py:161} INFO - Started process (PID=1821) to work on /opt/airflow/dags/dl_dailly_price.py
[2026-04-02T14:27:36.261+0000] {processor.py:830} INFO - Processing file /opt/airflow/dags/dl_dailly_price.py for tasks to queue
[2026-04-02T14:27:36.264+0000] {logging_mixin.py:188} INFO - [2026-04-02T14:27:36.263+0000] {dagbag.py:545} INFO - Filling up the DagBag from /opt/airflow/dags/dl_dailly_price.py
[2026-04-02T14:27:36.314+0000] {processor.py:840} INFO - DAG(s) 'daily_price' retrieved from /opt/airflow/dags/dl_dailly_price.py
[2026-04-02T14:27:36.336+0000] {logging_mixin.py:188} INFO - [2026-04-02T14:27:36.336+0000] {dag.py:3089} INFO - Sync 1 DAGs
[2026-04-02T14:27:36.359+0000] {logging_mixin.py:188} INFO - [2026-04-02T14:27:36.358+0000] {dag.py:3947} INFO - Setting next_dagrun for daily_price to 2026-04-01 16:00:00+00:00, run_after=2026-04-02 16:00:00+00:00
[2026-04-02T14:27:36.379+0000] {processor.py:183} INFO - Processing /opt/airflow/dags/dl_dailly_price.py took 0.125 seconds
[2026-04-02T14:28:06.835+0000] {processor.py:161} INFO - Started process (PID=1844) to work on /opt/airflow/dags/dl_dailly_price.py
[2026-04-02T14:28:06.837+0000] {processor.py:830} INFO - Processing file /opt/airflow/dags/dl_dailly_price.py for tasks to queue
[2026-04-02T14:28:06.839+0000] {logging_mixin.py:188} INFO - [2026-04-02T14:28:06.839+0000] {dagbag.py:545} INFO - Filling up the DagBag from /opt/airflow/dags/dl_dailly_price.py
[2026-04-02T14:28:06.872+0000] {processor.py:840} INFO - DAG(s) 'daily_price' retrieved from /opt/airflow/dags/dl_dailly_price.py
[2026-04-02T14:28:06.894+0000] {logging_mixin.py:188} INFO - [2026-04-02T14:28:06.894+0000] {dag.py:3089} INFO - Sync 1 DAGs
[2026-04-02T14:28:06.917+0000] {logging_mixin.py:188} INFO - [2026-04-02T14:28:06.917+0000] {dag.py:3947} INFO - Setting next_dagrun for daily_price to 2026-04-01 16:00:00+00:00, run_after=2026-04-02 16:00:00+00:00
[2026-04-02T14:28:06.937+0000] {processor.py:183} INFO - Processing /opt/airflow/dags/dl_dailly_price.py took 0.109 seconds
[2026-04-02T14:28:37.121+0000] {processor.py:161} INFO - Started process (PID=1867) to work on /opt/airflow/dags/dl_dailly_price.py
[2026-04-02T14:28:37.124+0000] {processor.py:830} INFO - Processing file /opt/airflow/dags/dl_dailly_price.py for tasks to queue
[2026-04-02T14:28:37.129+0000] {logging_mixin.py:188} INFO - [2026-04-02T14:28:37.129+0000] {dagbag.py:545} INFO - Filling up the DagBag from /opt/airflow/dags/dl_dailly_price.py
[2026-04-02T14:28:37.179+0000] {processor.py:840} INFO - DAG(s) 'daily_price' retrieved from /opt/airflow/dags/dl_dailly_price.py
[2026-04-02T14:28:37.212+0000] {logging_mixin.py:188} INFO - [2026-04-02T14:28:37.212+0000] {dag.py:3089} INFO - Sync 1 DAGs
[2026-04-02T14:28:37.236+0000] {logging_mixin.py:188} INFO - [2026-04-02T14:28:37.236+0000] {dag.py:3947} INFO - Setting next_dagrun for daily_price to 2026-04-01 16:00:00+00:00, run_after=2026-04-02 16:00:00+00:00
[2026-04-02T14:28:37.256+0000] {processor.py:183} INFO - Processing /opt/airflow/dags/dl_dailly_price.py took 0.143 seconds
[2026-04-02T14:29:07.713+0000] {processor.py:161} INFO - Started process (PID=1890) to work on /opt/airflow/dags/dl_dailly_price.py
[2026-04-02T14:29:07.714+0000] {processor.py:830} INFO - Processing file /opt/airflow/dags/dl_dailly_price.py for tasks to queue
[2026-04-02T14:29:07.717+0000] {logging_mixin.py:188} INFO - [2026-04-02T14:29:07.716+0000] {dagbag.py:545} INFO - Filling up the DagBag from /opt/airflow/dags/dl_dailly_price.py
[2026-04-02T14:29:07.745+0000] {processor.py:840} INFO - DAG(s) 'daily_price' retrieved from /opt/airflow/dags/dl_dailly_price.py
[2026-04-02T14:29:07.768+0000] {logging_mixin.py:188} INFO - [2026-04-02T14:29:07.768+0000] {dag.py:3089} INFO - Sync 1 DAGs
[2026-04-02T14:29:07.792+0000] {logging_mixin.py:188} INFO - [2026-04-02T14:29:07.792+0000] {dag.py:3947} INFO - Setting next_dagrun for daily_price to 2026-04-01 16:00:00+00:00, run_after=2026-04-02 16:00:00+00:00
[2026-04-02T14:29:07.816+0000] {processor.py:183} INFO - Processing /opt/airflow/dags/dl_dailly_price.py took 0.110 seconds
[2026-04-02T14:29:38.387+0000] {processor.py:161} INFO - Started process (PID=1913) to work on /opt/airflow/dags/dl_dailly_price.py
[2026-04-02T14:29:38.388+0000] {processor.py:830} INFO - Processing file /opt/airflow/dags/dl_dailly_price.py for tasks to queue
[2026-04-02T14:29:38.390+0000] {logging_mixin.py:188} INFO - [2026-04-02T14:29:38.390+0000] {dagbag.py:545} INFO - Filling up the DagBag from /opt/airflow/dags/dl_dailly_price.py
[2026-04-02T14:29:38.421+0000] {processor.py:840} INFO - DAG(s) 'daily_price' retrieved from /opt/airflow/dags/dl_dailly_price.py
[2026-04-02T14:29:38.442+0000] {logging_mixin.py:188} INFO - [2026-04-02T14:29:38.442+0000] {dag.py:3089} INFO - Sync 1 DAGs
[2026-04-02T14:29:38.463+0000] {logging_mixin.py:188} INFO - [2026-04-02T14:29:38.463+0000] {dag.py:3947} INFO - Setting next_dagrun for daily_price to 2026-04-01 16:00:00+00:00, run_after=2026-04-02 16:00:00+00:00
[2026-04-02T14:29:38.481+0000] {processor.py:183} INFO - Processing /opt/airflow/dags/dl_dailly_price.py took 0.098 seconds
[2026-04-02T14:30:09.051+0000] {processor.py:161} INFO - Started process (PID=1936) to work on /opt/airflow/dags/dl_dailly_price.py
[2026-04-02T14:30:09.052+0000] {processor.py:830} INFO - Processing file /opt/airflow/dags/dl_dailly_price.py for tasks to queue
[2026-04-02T14:30:09.054+0000] {logging_mixin.py:188} INFO - [2026-04-02T14:30:09.054+0000] {dagbag.py:545} INFO - Filling up the DagBag from /opt/airflow/dags/dl_dailly_price.py
[2026-04-02T14:30:09.082+0000] {processor.py:840} INFO - DAG(s) 'daily_price' retrieved from /opt/airflow/dags/dl_dailly_price.py
[2026-04-02T14:30:09.103+0000] {logging_mixin.py:188} INFO - [2026-04-02T14:30:09.103+0000] {dag.py:3089} INFO - Sync 1 DAGs
[2026-04-02T14:30:09.126+0000] {logging_mixin.py:188} INFO - [2026-04-02T14:30:09.126+0000] {dag.py:3947} INFO - Setting next_dagrun for daily_price to 2026-04-01 16:00:00+00:00, run_after=2026-04-02 16:00:00+00:00
[2026-04-02T14:30:09.143+0000] {processor.py:183} INFO - Processing /opt/airflow/dags/dl_dailly_price.py took 0.097 seconds
[2026-04-02T14:30:39.504+0000] {processor.py:161} INFO - Started process (PID=1959) to work on /opt/airflow/dags/dl_dailly_price.py
[2026-04-02T14:30:39.505+0000] {processor.py:830} INFO - Processing file /opt/airflow/dags/dl_dailly_price.py for tasks to queue
[2026-04-02T14:30:39.508+0000] {logging_mixin.py:188} INFO - [2026-04-02T14:30:39.508+0000] {dagbag.py:545} INFO - Filling up the DagBag from /opt/airflow/dags/dl_dailly_price.py
[2026-04-02T14:30:39.538+0000] {processor.py:840} INFO - DAG(s) 'daily_price' retrieved from /opt/airflow/dags/dl_dailly_price.py
[2026-04-02T14:30:39.562+0000] {logging_mixin.py:188} INFO - [2026-04-02T14:30:39.562+0000] {dag.py:3089} INFO - Sync 1 DAGs
[2026-04-02T14:30:39.586+0000] {logging_mixin.py:188} INFO - [2026-04-02T14:30:39.585+0000] {dag.py:3947} INFO - Setting next_dagrun for daily_price to 2026-04-01 16:00:00+00:00, run_after=2026-04-02 16:00:00+00:00
[2026-04-02T14:30:39.609+0000] {processor.py:183} INFO - Processing /opt/airflow/dags/dl_dailly_price.py took 0.111 seconds
[2026-04-02T14:31:09.940+0000] {processor.py:161} INFO - Started process (PID=1982) to work on /opt/airflow/dags/dl_dailly_price.py
[2026-04-02T14:31:09.941+0000] {processor.py:830} INFO - Processing file /opt/airflow/dags/dl_dailly_price.py for tasks to queue
[2026-04-02T14:31:09.944+0000] {logging_mixin.py:188} INFO - [2026-04-02T14:31:09.943+0000] {dagbag.py:545} INFO - Filling up the DagBag from /opt/airflow/dags/dl_dailly_price.py
[2026-04-02T14:31:09.973+0000] {processor.py:840} INFO - DAG(s) 'daily_price' retrieved from /opt/airflow/dags/dl_dailly_price.py
[2026-04-02T14:31:09.993+0000] {logging_mixin.py:188} INFO - [2026-04-02T14:31:09.992+0000] {dag.py:3089} INFO - Sync 1 DAGs
[2026-04-02T14:31:10.014+0000] {logging_mixin.py:188} INFO - [2026-04-02T14:31:10.014+0000] {dag.py:3947} INFO - Setting next_dagrun for daily_price to 2026-04-01 16:00:00+00:00, run_after=2026-04-02 16:00:00+00:00
[2026-04-02T14:31:10.036+0000] {processor.py:183} INFO - Processing /opt/airflow/dags/dl_dailly_price.py took 0.101 seconds
[2026-04-02T14:31:40.492+0000] {processor.py:161} INFO - Started process (PID=2005) to work on /opt/airflow/dags/dl_dailly_price.py
[2026-04-02T14:31:40.493+0000] {processor.py:830} INFO - Processing file /opt/airflow/dags/dl_dailly_price.py for tasks to queue
[2026-04-02T14:31:40.495+0000] {logging_mixin.py:188} INFO - [2026-04-02T14:31:40.495+0000] {dagbag.py:545} INFO - Filling up the DagBag from /opt/airflow/dags/dl_dailly_price.py
[2026-04-02T14:31:40.525+0000] {processor.py:840} INFO - DAG(s) 'daily_price' retrieved from /opt/airflow/dags/dl_dailly_price.py
[2026-04-02T14:31:40.545+0000] {logging_mixin.py:188} INFO - [2026-04-02T14:31:40.545+0000] {dag.py:3089} INFO - Sync 1 DAGs
[2026-04-02T14:31:40.570+0000] {logging_mixin.py:188} INFO - [2026-04-02T14:31:40.570+0000] {dag.py:3947} INFO - Setting next_dagrun for daily_price to 2026-04-01 16:00:00+00:00, run_after=2026-04-02 16:00:00+00:00
[2026-04-02T14:31:40.589+0000] {processor.py:183} INFO - Processing /opt/airflow/dags/dl_dailly_price.py took 0.102 seconds
[2026-04-02T14:32:10.945+0000] {processor.py:161} INFO - Started process (PID=2028) to work on /opt/airflow/dags/dl_dailly_price.py
[2026-04-02T14:32:10.946+0000] {processor.py:830} INFO - Processing file /opt/airflow/dags/dl_dailly_price.py for tasks to queue
[2026-04-02T14:32:10.948+0000] {logging_mixin.py:188} INFO - [2026-04-02T14:32:10.948+0000] {dagbag.py:545} INFO - Filling up the DagBag from /opt/airflow/dags/dl_dailly_price.py
[2026-04-02T14:32:10.974+0000] {processor.py:840} INFO - DAG(s) 'daily_price' retrieved from /opt/airflow/dags/dl_dailly_price.py
[2026-04-02T14:32:10.994+0000] {logging_mixin.py:188} INFO - [2026-04-02T14:32:10.993+0000] {dag.py:3089} INFO - Sync 1 DAGs
[2026-04-02T14:32:11.014+0000] {logging_mixin.py:188} INFO - [2026-04-02T14:32:11.014+0000] {dag.py:3947} INFO - Setting next_dagrun for daily_price to 2026-04-01 16:00:00+00:00, run_after=2026-04-02 16:00:00+00:00
[2026-04-02T14:32:11.031+0000] {processor.py:183} INFO - Processing /opt/airflow/dags/dl_dailly_price.py took 0.091 seconds
[2026-04-02T14:32:41.450+0000] {processor.py:161} INFO - Started process (PID=2051) to work on /opt/airflow/dags/dl_dailly_price.py
[2026-04-02T14:32:41.451+0000] {processor.py:830} INFO - Processing file /opt/airflow/dags/dl_dailly_price.py for tasks to queue
[2026-04-02T14:32:41.453+0000] {logging_mixin.py:188} INFO - [2026-04-02T14:32:41.453+0000] {dagbag.py:545} INFO - Filling up the DagBag from /opt/airflow/dags/dl_dailly_price.py
[2026-04-02T14:32:41.481+0000] {processor.py:840} INFO - DAG(s) 'daily_price' retrieved from /opt/airflow/dags/dl_dailly_price.py
[2026-04-02T14:32:41.502+0000] {logging_mixin.py:188} INFO - [2026-04-02T14:32:41.502+0000] {dag.py:3089} INFO - Sync 1 DAGs
[2026-04-02T14:32:41.522+0000] {logging_mixin.py:188} INFO - [2026-04-02T14:32:41.522+0000] {dag.py:3947} INFO - Setting next_dagrun for daily_price to 2026-04-01 16:00:00+00:00, run_after=2026-04-02 16:00:00+00:00
[2026-04-02T14:32:41.538+0000] {processor.py:183} INFO - Processing /opt/airflow/dags/dl_dailly_price.py took 0.093 seconds
[2026-04-02T14:33:11.980+0000] {processor.py:161} INFO - Started process (PID=2074) to work on /opt/airflow/dags/dl_dailly_price.py
[2026-04-02T14:33:11.981+0000] {processor.py:830} INFO - Processing file /opt/airflow/dags/dl_dailly_price.py for tasks to queue
[2026-04-02T14:33:11.983+0000] {logging_mixin.py:188} INFO - [2026-04-02T14:33:11.983+0000] {dagbag.py:545} INFO - Filling up the DagBag from /opt/airflow/dags/dl_dailly_price.py
[2026-04-02T14:33:12.012+0000] {processor.py:840} INFO - DAG(s) 'daily_price' retrieved from /opt/airflow/dags/dl_dailly_price.py
[2026-04-02T14:33:12.031+0000] {logging_mixin.py:188} INFO - [2026-04-02T14:33:12.031+0000] {dag.py:3089} INFO - Sync 1 DAGs
[2026-04-02T14:33:12.050+0000] {logging_mixin.py:188} INFO - [2026-04-02T14:33:12.050+0000] {dag.py:3947} INFO - Setting next_dagrun for daily_price to 2026-04-01 16:00:00+00:00, run_after=2026-04-02 16:00:00+00:00
[2026-04-02T14:33:12.079+0000] {processor.py:183} INFO - Processing /opt/airflow/dags/dl_dailly_price.py took 0.104 seconds
[2026-04-02T14:33:42.337+0000] {processor.py:161} INFO - Started process (PID=2097) to work on /opt/airflow/dags/dl_dailly_price.py
[2026-04-02T14:33:42.338+0000] {processor.py:830} INFO - Processing file /opt/airflow/dags/dl_dailly_price.py for tasks to queue
[2026-04-02T14:33:42.340+0000] {logging_mixin.py:188} INFO - [2026-04-02T14:33:42.340+0000] {dagbag.py:545} INFO - Filling up the DagBag from /opt/airflow/dags/dl_dailly_price.py
[2026-04-02T14:33:42.367+0000] {processor.py:840} INFO - DAG(s) 'daily_price' retrieved from /opt/airflow/dags/dl_dailly_price.py
[2026-04-02T14:33:42.388+0000] {logging_mixin.py:188} INFO - [2026-04-02T14:33:42.388+0000] {dag.py:3089} INFO - Sync 1 DAGs
[2026-04-02T14:33:42.409+0000] {logging_mixin.py:188} INFO - [2026-04-02T14:33:42.409+0000] {dag.py:3947} INFO - Setting next_dagrun for daily_price to 2026-04-01 16:00:00+00:00, run_after=2026-04-02 16:00:00+00:00
[2026-04-02T14:33:42.429+0000] {processor.py:183} INFO - Processing /opt/airflow/dags/dl_dailly_price.py took 0.097 seconds
[2026-04-02T14:34:12.819+0000] {processor.py:161} INFO - Started process (PID=2120) to work on /opt/airflow/dags/dl_dailly_price.py
[2026-04-02T14:34:12.819+0000] {processor.py:830} INFO - Processing file /opt/airflow/dags/dl_dailly_price.py for tasks to queue
[2026-04-02T14:34:12.822+0000] {logging_mixin.py:188} INFO - [2026-04-02T14:34:12.822+0000] {dagbag.py:545} INFO - Filling up the DagBag from /opt/airflow/dags/dl_dailly_price.py
[2026-04-02T14:34:12.849+0000] {processor.py:840} INFO - DAG(s) 'daily_price' retrieved from /opt/airflow/dags/dl_dailly_price.py
[2026-04-02T14:34:12.868+0000] {logging_mixin.py:188} INFO - [2026-04-02T14:34:12.868+0000] {dag.py:3089} INFO - Sync 1 DAGs
[2026-04-02T14:34:12.889+0000] {logging_mixin.py:188} INFO - [2026-04-02T14:34:12.889+0000] {dag.py:3947} INFO - Setting next_dagrun for daily_price to 2026-04-01 16:00:00+00:00, run_after=2026-04-02 16:00:00+00:00
[2026-04-02T14:34:12.907+0000] {processor.py:183} INFO - Processing /opt/airflow/dags/dl_dailly_price.py took 0.093 seconds
[2026-04-02T14:34:43.244+0000] {processor.py:161} INFO - Started process (PID=2143) to work on /opt/airflow/dags/dl_dailly_price.py
[2026-04-02T14:34:43.245+0000] {processor.py:830} INFO - Processing file /opt/airflow/dags/dl_dailly_price.py for tasks to queue
[2026-04-02T14:34:43.247+0000] {logging_mixin.py:188} INFO - [2026-04-02T14:34:43.247+0000] {dagbag.py:545} INFO - Filling up the DagBag from /opt/airflow/dags/dl_dailly_price.py
[2026-04-02T14:34:43.271+0000] {processor.py:840} INFO - DAG(s) 'daily_price' retrieved from /opt/airflow/dags/dl_dailly_price.py
[2026-04-02T14:34:43.293+0000] {logging_mixin.py:188} INFO - [2026-04-02T14:34:43.293+0000] {dag.py:3089} INFO - Sync 1 DAGs
[2026-04-02T14:34:43.320+0000] {logging_mixin.py:188} INFO - [2026-04-02T14:34:43.319+0000] {dag.py:3947} INFO - Setting next_dagrun for daily_price to 2026-04-01 16:00:00+00:00, run_after=2026-04-02 16:00:00+00:00
[2026-04-02T14:34:43.344+0000] {processor.py:183} INFO - Processing /opt/airflow/dags/dl_dailly_price.py took 0.105 seconds
[2026-04-02T14:35:13.952+0000] {processor.py:161} INFO - Started process (PID=2166) to work on /opt/airflow/dags/dl_dailly_price.py
[2026-04-02T14:35:13.952+0000] {processor.py:830} INFO - Processing file /opt/airflow/dags/dl_dailly_price.py for tasks to queue
[2026-04-02T14:35:13.955+0000] {logging_mixin.py:188} INFO - [2026-04-02T14:35:13.954+0000] {dagbag.py:545} INFO - Filling up the DagBag from /opt/airflow/dags/dl_dailly_price.py
[2026-04-02T14:35:13.985+0000] {processor.py:840} INFO - DAG(s) 'daily_price' retrieved from /opt/airflow/dags/dl_dailly_price.py
[2026-04-02T14:35:14.007+0000] {logging_mixin.py:188} INFO - [2026-04-02T14:35:14.006+0000] {dag.py:3089} INFO - Sync 1 DAGs
[2026-04-02T14:35:14.029+0000] {logging_mixin.py:188} INFO - [2026-04-02T14:35:14.028+0000] {dag.py:3947} INFO - Setting next_dagrun for daily_price to 2026-04-01 16:00:00+00:00, run_after=2026-04-02 16:00:00+00:00
[2026-04-02T14:35:14.047+0000] {processor.py:183} INFO - Processing /opt/airflow/dags/dl_dailly_price.py took 0.101 seconds
[2026-04-02T14:35:44.566+0000] {processor.py:161} INFO - Started process (PID=2190) to work on /opt/airflow/dags/dl_dailly_price.py
[2026-04-02T14:35:44.567+0000] {processor.py:830} INFO - Processing file /opt/airflow/dags/dl_dailly_price.py for tasks to queue
[2026-04-02T14:35:44.570+0000] {logging_mixin.py:188} INFO - [2026-04-02T14:35:44.569+0000] {dagbag.py:545} INFO - Filling up the DagBag from /opt/airflow/dags/dl_dailly_price.py
[2026-04-02T14:35:44.601+0000] {processor.py:840} INFO - DAG(s) 'daily_price' retrieved from /opt/airflow/dags/dl_dailly_price.py
[2026-04-02T14:35:44.624+0000] {logging_mixin.py:188} INFO - [2026-04-02T14:35:44.624+0000] {dag.py:3089} INFO - Sync 1 DAGs
[2026-04-02T14:35:44.645+0000] {logging_mixin.py:188} INFO - [2026-04-02T14:35:44.645+0000] {dag.py:3947} INFO - Setting next_dagrun for daily_price to 2026-04-01 16:00:00+00:00, run_after=2026-04-02 16:00:00+00:00
[2026-04-02T14:35:44.663+0000] {processor.py:183} INFO - Processing /opt/airflow/dags/dl_dailly_price.py took 0.102 seconds
[2026-04-02T14:36:15.065+0000] {processor.py:161} INFO - Started process (PID=2213) to work on /opt/airflow/dags/dl_dailly_price.py
[2026-04-02T14:36:15.066+0000] {processor.py:830} INFO - Processing file /opt/airflow/dags/dl_dailly_price.py for tasks to queue
[2026-04-02T14:36:15.068+0000] {logging_mixin.py:188} INFO - [2026-04-02T14:36:15.068+0000] {dagbag.py:545} INFO - Filling up the DagBag from /opt/airflow/dags/dl_dailly_price.py
[2026-04-02T14:36:15.095+0000] {processor.py:840} INFO - DAG(s) 'daily_price' retrieved from /opt/airflow/dags/dl_dailly_price.py
[2026-04-02T14:36:15.115+0000] {logging_mixin.py:188} INFO - [2026-04-02T14:36:15.115+0000] {dag.py:3089} INFO - Sync 1 DAGs
[2026-04-02T14:36:15.137+0000] {logging_mixin.py:188} INFO - [2026-04-02T14:36:15.137+0000] {dag.py:3947} INFO - Setting next_dagrun for daily_price to 2026-04-01 16:00:00+00:00, run_after=2026-04-02 16:00:00+00:00
[2026-04-02T14:36:15.155+0000] {processor.py:183} INFO - Processing /opt/airflow/dags/dl_dailly_price.py took 0.095 seconds
[2026-04-02T14:36:45.685+0000] {processor.py:161} INFO - Started process (PID=2236) to work on /opt/airflow/dags/dl_dailly_price.py
[2026-04-02T14:36:45.686+0000] {processor.py:830} INFO - Processing file /opt/airflow/dags/dl_dailly_price.py for tasks to queue
[2026-04-02T14:36:45.688+0000] {logging_mixin.py:188} INFO - [2026-04-02T14:36:45.688+0000] {dagbag.py:545} INFO - Filling up the DagBag from /opt/airflow/dags/dl_dailly_price.py
[2026-04-02T14:36:45.719+0000] {processor.py:840} INFO - DAG(s) 'daily_price' retrieved from /opt/airflow/dags/dl_dailly_price.py
[2026-04-02T14:36:45.744+0000] {logging_mixin.py:188} INFO - [2026-04-02T14:36:45.744+0000] {dag.py:3089} INFO - Sync 1 DAGs
[2026-04-02T14:36:45.767+0000] {logging_mixin.py:188} INFO - [2026-04-02T14:36:45.767+0000] {dag.py:3947} INFO - Setting next_dagrun for daily_price to 2026-04-01 16:00:00+00:00, run_after=2026-04-02 16:00:00+00:00
[2026-04-02T14:36:45.788+0000] {processor.py:183} INFO - Processing /opt/airflow/dags/dl_dailly_price.py took 0.109 seconds
[2026-04-02T14:37:16.312+0000] {processor.py:161} INFO - Started process (PID=2259) to work on /opt/airflow/dags/dl_dailly_price.py
[2026-04-02T14:37:16.313+0000] {processor.py:830} INFO - Processing file /opt/airflow/dags/dl_dailly_price.py for tasks to queue
[2026-04-02T14:37:16.315+0000] {logging_mixin.py:188} INFO - [2026-04-02T14:37:16.315+0000] {dagbag.py:545} INFO - Filling up the DagBag from /opt/airflow/dags/dl_dailly_price.py
[2026-04-02T14:37:16.345+0000] {processor.py:840} INFO - DAG(s) 'daily_price' retrieved from /opt/airflow/dags/dl_dailly_price.py
[2026-04-02T14:37:16.366+0000] {logging_mixin.py:188} INFO - [2026-04-02T14:37:16.366+0000] {dag.py:3089} INFO - Sync 1 DAGs
[2026-04-02T14:37:16.390+0000] {logging_mixin.py:188} INFO - [2026-04-02T14:37:16.389+0000] {dag.py:3947} INFO - Setting next_dagrun for daily_price to 2026-04-01 16:00:00+00:00, run_after=2026-04-02 16:00:00+00:00
[2026-04-02T14:37:16.409+0000] {processor.py:183} INFO - Processing /opt/airflow/dags/dl_dailly_price.py took 0.103 seconds
[2026-04-02T14:37:46.765+0000] {processor.py:161} INFO - Started process (PID=2282) to work on /opt/airflow/dags/dl_dailly_price.py
[2026-04-02T14:37:46.766+0000] {processor.py:830} INFO - Processing file /opt/airflow/dags/dl_dailly_price.py for tasks to queue
[2026-04-02T14:37:46.769+0000] {logging_mixin.py:188} INFO - [2026-04-02T14:37:46.768+0000] {dagbag.py:545} INFO - Filling up the DagBag from /opt/airflow/dags/dl_dailly_price.py
[2026-04-02T14:37:46.799+0000] {processor.py:840} INFO - DAG(s) 'daily_price' retrieved from /opt/airflow/dags/dl_dailly_price.py
[2026-04-02T14:37:46.818+0000] {logging_mixin.py:188} INFO - [2026-04-02T14:37:46.818+0000] {dag.py:3089} INFO - Sync 1 DAGs
[2026-04-02T14:37:46.839+0000] {logging_mixin.py:188} INFO - [2026-04-02T14:37:46.839+0000] {dag.py:3947} INFO - Setting next_dagrun for daily_price to 2026-04-01 16:00:00+00:00, run_after=2026-04-02 16:00:00+00:00
[2026-04-02T14:37:46.856+0000] {processor.py:183} INFO - Processing /opt/airflow/dags/dl_dailly_price.py took 0.097 seconds
[2026-04-02T14:38:17.225+0000] {processor.py:161} INFO - Started process (PID=2305) to work on /opt/airflow/dags/dl_dailly_price.py
[2026-04-02T14:38:17.226+0000] {processor.py:830} INFO - Processing file /opt/airflow/dags/dl_dailly_price.py for tasks to queue
[2026-04-02T14:38:17.229+0000] {logging_mixin.py:188} INFO - [2026-04-02T14:38:17.229+0000] {dagbag.py:545} INFO - Filling up the DagBag from /opt/airflow/dags/dl_dailly_price.py
[2026-04-02T14:38:17.256+0000] {processor.py:840} INFO - DAG(s) 'daily_price' retrieved from /opt/airflow/dags/dl_dailly_price.py
[2026-04-02T14:38:17.277+0000] {logging_mixin.py:188} INFO - [2026-04-02T14:38:17.277+0000] {dag.py:3089} INFO - Sync 1 DAGs
[2026-04-02T14:38:17.298+0000] {logging_mixin.py:188} INFO - [2026-04-02T14:38:17.298+0000] {dag.py:3947} INFO - Setting next_dagrun for daily_price to 2026-04-01 16:00:00+00:00, run_after=2026-04-02 16:00:00+00:00
[2026-04-02T14:38:17.315+0000] {processor.py:183} INFO - Processing /opt/airflow/dags/dl_dailly_price.py took 0.096 seconds
[2026-04-02T14:38:47.737+0000] {processor.py:161} INFO - Started process (PID=2328) to work on /opt/airflow/dags/dl_dailly_price.py
[2026-04-02T14:38:47.738+0000] {processor.py:830} INFO - Processing file /opt/airflow/dags/dl_dailly_price.py for tasks to queue
[2026-04-02T14:38:47.740+0000] {logging_mixin.py:188} INFO - [2026-04-02T14:38:47.740+0000] {dagbag.py:545} INFO - Filling up the DagBag from /opt/airflow/dags/dl_dailly_price.py
[2026-04-02T14:38:47.767+0000] {processor.py:840} INFO - DAG(s) 'daily_price' retrieved from /opt/airflow/dags/dl_dailly_price.py
[2026-04-02T14:38:47.788+0000] {logging_mixin.py:188} INFO - [2026-04-02T14:38:47.788+0000] {dag.py:3089} INFO - Sync 1 DAGs
[2026-04-02T14:38:47.809+0000] {logging_mixin.py:188} INFO - [2026-04-02T14:38:47.808+0000] {dag.py:3947} INFO - Setting next_dagrun for daily_price to 2026-04-01 16:00:00+00:00, run_after=2026-04-02 16:00:00+00:00
[2026-04-02T14:38:47.825+0000] {processor.py:183} INFO - Processing /opt/airflow/dags/dl_dailly_price.py took 0.093 seconds
[2026-04-02T14:39:18.204+0000] {processor.py:161} INFO - Started process (PID=2351) to work on /opt/airflow/dags/dl_dailly_price.py
[2026-04-02T14:39:18.205+0000] {processor.py:830} INFO - Processing file /opt/airflow/dags/dl_dailly_price.py for tasks to queue
[2026-04-02T14:39:18.207+0000] {logging_mixin.py:188} INFO - [2026-04-02T14:39:18.207+0000] {dagbag.py:545} INFO - Filling up the DagBag from /opt/airflow/dags/dl_dailly_price.py
[2026-04-02T14:39:18.237+0000] {processor.py:840} INFO - DAG(s) 'daily_price' retrieved from /opt/airflow/dags/dl_dailly_price.py
[2026-04-02T14:39:18.260+0000] {logging_mixin.py:188} INFO - [2026-04-02T14:39:18.259+0000] {dag.py:3089} INFO - Sync 1 DAGs
[2026-04-02T14:39:18.282+0000] {logging_mixin.py:188} INFO - [2026-04-02T14:39:18.281+0000] {dag.py:3947} INFO - Setting next_dagrun for daily_price to 2026-04-01 16:00:00+00:00, run_after=2026-04-02 16:00:00+00:00
[2026-04-02T14:39:18.302+0000] {processor.py:183} INFO - Processing /opt/airflow/dags/dl_dailly_price.py took 0.106 seconds
[2026-04-02T14:39:48.729+0000] {processor.py:161} INFO - Started process (PID=2374) to work on /opt/airflow/dags/dl_dailly_price.py
[2026-04-02T14:39:48.730+0000] {processor.py:830} INFO - Processing file /opt/airflow/dags/dl_dailly_price.py for tasks to queue
[2026-04-02T14:39:48.733+0000] {logging_mixin.py:188} INFO - [2026-04-02T14:39:48.733+0000] {dagbag.py:545} INFO - Filling up the DagBag from /opt/airflow/dags/dl_dailly_price.py
[2026-04-02T14:39:48.766+0000] {processor.py:840} INFO - DAG(s) 'daily_price' retrieved from /opt/airflow/dags/dl_dailly_price.py
[2026-04-02T14:39:48.788+0000] {logging_mixin.py:188} INFO - [2026-04-02T14:39:48.788+0000] {dag.py:3089} INFO - Sync 1 DAGs
[2026-04-02T14:39:48.811+0000] {logging_mixin.py:188} INFO - [2026-04-02T14:39:48.811+0000] {dag.py:3947} INFO - Setting next_dagrun for daily_price to 2026-04-01 16:00:00+00:00, run_after=2026-04-02 16:00:00+00:00
[2026-04-02T14:39:48.831+0000] {processor.py:183} INFO - Processing /opt/airflow/dags/dl_dailly_price.py took 0.108 seconds
[2026-04-02T14:40:19.438+0000] {processor.py:161} INFO - Started process (PID=2397) to work on /opt/airflow/dags/dl_dailly_price.py
[2026-04-02T14:40:19.439+0000] {processor.py:830} INFO - Processing file /opt/airflow/dags/dl_dailly_price.py for tasks to queue
[2026-04-02T14:40:19.442+0000] {logging_mixin.py:188} INFO - [2026-04-02T14:40:19.441+0000] {dagbag.py:545} INFO - Filling up the DagBag from /opt/airflow/dags/dl_dailly_price.py
[2026-04-02T14:40:19.473+0000] {processor.py:840} INFO - DAG(s) 'daily_price' retrieved from /opt/airflow/dags/dl_dailly_price.py
[2026-04-02T14:40:19.494+0000] {logging_mixin.py:188} INFO - [2026-04-02T14:40:19.494+0000] {dag.py:3089} INFO - Sync 1 DAGs
[2026-04-02T14:40:19.516+0000] {logging_mixin.py:188} INFO - [2026-04-02T14:40:19.516+0000] {dag.py:3947} INFO - Setting next_dagrun for daily_price to 2026-04-01 16:00:00+00:00, run_after=2026-04-02 16:00:00+00:00
[2026-04-02T14:40:19.535+0000] {processor.py:183} INFO - Processing /opt/airflow/dags/dl_dailly_price.py took 0.102 seconds
[2026-04-02T14:40:49.885+0000] {processor.py:161} INFO - Started process (PID=2420) to work on /opt/airflow/dags/dl_dailly_price.py
[2026-04-02T14:40:49.887+0000] {processor.py:830} INFO - Processing file /opt/airflow/dags/dl_dailly_price.py for tasks to queue
[2026-04-02T14:40:49.889+0000] {logging_mixin.py:188} INFO - [2026-04-02T14:40:49.889+0000] {dagbag.py:545} INFO - Filling up the DagBag from /opt/airflow/dags/dl_dailly_price.py
[2026-04-02T14:40:49.918+0000] {processor.py:840} INFO - DAG(s) 'daily_price' retrieved from /opt/airflow/dags/dl_dailly_price.py
[2026-04-02T14:40:49.941+0000] {logging_mixin.py:188} INFO - [2026-04-02T14:40:49.940+0000] {dag.py:3089} INFO - Sync 1 DAGs
[2026-04-02T14:40:49.962+0000] {logging_mixin.py:188} INFO - [2026-04-02T14:40:49.961+0000] {dag.py:3947} INFO - Setting next_dagrun for daily_price to 2026-04-01 16:00:00+00:00, run_after=2026-04-02 16:00:00+00:00
[2026-04-02T14:40:49.979+0000] {processor.py:183} INFO - Processing /opt/airflow/dags/dl_dailly_price.py took 0.100 seconds
[2026-04-02T14:41:20.337+0000] {processor.py:161} INFO - Started process (PID=2443) to work on /opt/airflow/dags/dl_dailly_price.py
[2026-04-02T14:41:20.338+0000] {processor.py:830} INFO - Processing file /opt/airflow/dags/dl_dailly_price.py for tasks to queue
[2026-04-02T14:41:20.340+0000] {logging_mixin.py:188} INFO - [2026-04-02T14:41:20.340+0000] {dagbag.py:545} INFO - Filling up the DagBag from /opt/airflow/dags/dl_dailly_price.py
[2026-04-02T14:41:20.369+0000] {processor.py:840} INFO - DAG(s) 'daily_price' retrieved from /opt/airflow/dags/dl_dailly_price.py
[2026-04-02T14:41:20.390+0000] {logging_mixin.py:188} INFO - [2026-04-02T14:41:20.390+0000] {dag.py:3089} INFO - Sync 1 DAGs
[2026-04-02T14:41:20.410+0000] {logging_mixin.py:188} INFO - [2026-04-02T14:41:20.410+0000] {dag.py:3947} INFO - Setting next_dagrun for daily_price to 2026-04-01 16:00:00+00:00, run_after=2026-04-02 16:00:00+00:00
[2026-04-02T14:41:20.427+0000] {processor.py:183} INFO - Processing /opt/airflow/dags/dl_dailly_price.py took 0.096 seconds
[2026-04-02T14:41:50.766+0000] {processor.py:161} INFO - Started process (PID=2466) to work on /opt/airflow/dags/dl_dailly_price.py
[2026-04-02T14:41:50.767+0000] {processor.py:830} INFO - Processing file /opt/airflow/dags/dl_dailly_price.py for tasks to queue
[2026-04-02T14:41:50.769+0000] {logging_mixin.py:188} INFO - [2026-04-02T14:41:50.769+0000] {dagbag.py:545} INFO - Filling up the DagBag from /opt/airflow/dags/dl_dailly_price.py
[2026-04-02T14:41:50.797+0000] {processor.py:840} INFO - DAG(s) 'daily_price' retrieved from /opt/airflow/dags/dl_dailly_price.py
[2026-04-02T14:41:50.819+0000] {logging_mixin.py:188} INFO - [2026-04-02T14:41:50.818+0000] {dag.py:3089} INFO - Sync 1 DAGs
[2026-04-02T14:41:50.840+0000] {logging_mixin.py:188} INFO - [2026-04-02T14:41:50.840+0000] {dag.py:3947} INFO - Setting next_dagrun for daily_price to 2026-04-01 16:00:00+00:00, run_after=2026-04-02 16:00:00+00:00
[2026-04-02T14:41:50.859+0000] {processor.py:183} INFO - Processing /opt/airflow/dags/dl_dailly_price.py took 0.098 seconds
[2026-04-02T14:42:21.219+0000] {processor.py:161} INFO - Started process (PID=2489) to work on /opt/airflow/dags/dl_dailly_price.py
[2026-04-02T14:42:21.220+0000] {processor.py:830} INFO - Processing file /opt/airflow/dags/dl_dailly_price.py for tasks to queue
[2026-04-02T14:42:21.222+0000] {logging_mixin.py:188} INFO - [2026-04-02T14:42:21.222+0000] {dagbag.py:545} INFO - Filling up the DagBag from /opt/airflow/dags/dl_dailly_price.py
[2026-04-02T14:42:21.250+0000] {processor.py:840} INFO - DAG(s) 'daily_price' retrieved from /opt/airflow/dags/dl_dailly_price.py
[2026-04-02T14:42:21.273+0000] {logging_mixin.py:188} INFO - [2026-04-02T14:42:21.272+0000] {dag.py:3089} INFO - Sync 1 DAGs
[2026-04-02T14:42:21.294+0000] {logging_mixin.py:188} INFO - [2026-04-02T14:42:21.294+0000] {dag.py:3947} INFO - Setting next_dagrun for daily_price to 2026-04-01 16:00:00+00:00, run_after=2026-04-02 16:00:00+00:00
[2026-04-02T14:42:21.314+0000] {processor.py:183} INFO - Processing /opt/airflow/dags/dl_dailly_price.py took 0.100 seconds
[2026-04-02T14:42:51.738+0000] {processor.py:161} INFO - Started process (PID=2512) to work on /opt/airflow/dags/dl_dailly_price.py
[2026-04-02T14:42:51.739+0000] {processor.py:830} INFO - Processing file /opt/airflow/dags/dl_dailly_price.py for tasks to queue
[2026-04-02T14:42:51.741+0000] {logging_mixin.py:188} INFO - [2026-04-02T14:42:51.741+0000] {dagbag.py:545} INFO - Filling up the DagBag from /opt/airflow/dags/dl_dailly_price.py
[2026-04-02T14:42:51.767+0000] {processor.py:840} INFO - DAG(s) 'daily_price' retrieved from /opt/airflow/dags/dl_dailly_price.py
[2026-04-02T14:42:51.787+0000] {logging_mixin.py:188} INFO - [2026-04-02T14:42:51.787+0000] {dag.py:3089} INFO - Sync 1 DAGs
[2026-04-02T14:42:51.806+0000] {logging_mixin.py:188} INFO - [2026-04-02T14:42:51.806+0000] {dag.py:3947} INFO - Setting next_dagrun for daily_price to 2026-04-01 16:00:00+00:00, run_after=2026-04-02 16:00:00+00:00
[2026-04-02T14:42:51.824+0000] {processor.py:183} INFO - Processing /opt/airflow/dags/dl_dailly_price.py took 0.092 seconds
[2026-04-02T14:43:22.194+0000] {processor.py:161} INFO - Started process (PID=2535) to work on /opt/airflow/dags/dl_dailly_price.py
[2026-04-02T14:43:22.196+0000] {processor.py:830} INFO - Processing file /opt/airflow/dags/dl_dailly_price.py for tasks to queue
[2026-04-02T14:43:22.198+0000] {logging_mixin.py:188} INFO - [2026-04-02T14:43:22.198+0000] {dagbag.py:545} INFO - Filling up the DagBag from /opt/airflow/dags/dl_dailly_price.py
[2026-04-02T14:43:22.224+0000] {processor.py:840} INFO - DAG(s) 'daily_price' retrieved from /opt/airflow/dags/dl_dailly_price.py
[2026-04-02T14:43:22.246+0000] {logging_mixin.py:188} INFO - [2026-04-02T14:43:22.246+0000] {dag.py:3089} INFO - Sync 1 DAGs
[2026-04-02T14:43:22.268+0000] {logging_mixin.py:188} INFO - [2026-04-02T14:43:22.267+0000] {dag.py:3947} INFO - Setting next_dagrun for daily_price to 2026-04-01 16:00:00+00:00, run_after=2026-04-02 16:00:00+00:00
[2026-04-02T14:43:22.288+0000] {processor.py:183} INFO - Processing /opt/airflow/dags/dl_dailly_price.py took 0.100 seconds
[2026-04-02T14:43:52.585+0000] {processor.py:161} INFO - Started process (PID=2558) to work on /opt/airflow/dags/dl_dailly_price.py
[2026-04-02T14:43:52.586+0000] {processor.py:830} INFO - Processing file /opt/airflow/dags/dl_dailly_price.py for tasks to queue
[2026-04-02T14:43:52.588+0000] {logging_mixin.py:188} INFO - [2026-04-02T14:43:52.588+0000] {dagbag.py:545} INFO - Filling up the DagBag from /opt/airflow/dags/dl_dailly_price.py
[2026-04-02T14:43:52.615+0000] {processor.py:840} INFO - DAG(s) 'daily_price' retrieved from /opt/airflow/dags/dl_dailly_price.py
[2026-04-02T14:43:52.635+0000] {logging_mixin.py:188} INFO - [2026-04-02T14:43:52.634+0000] {dag.py:3089} INFO - Sync 1 DAGs
[2026-04-02T14:43:52.655+0000] {logging_mixin.py:188} INFO - [2026-04-02T14:43:52.655+0000] {dag.py:3947} INFO - Setting next_dagrun for daily_price to 2026-04-01 16:00:00+00:00, run_after=2026-04-02 16:00:00+00:00
[2026-04-02T14:43:52.672+0000] {processor.py:183} INFO - Processing /opt/airflow/dags/dl_dailly_price.py took 0.091 seconds
[2026-04-02T14:44:23.074+0000] {processor.py:161} INFO - Started process (PID=2581) to work on /opt/airflow/dags/dl_dailly_price.py
[2026-04-02T14:44:23.075+0000] {processor.py:830} INFO - Processing file /opt/airflow/dags/dl_dailly_price.py for tasks to queue
[2026-04-02T14:44:23.077+0000] {logging_mixin.py:188} INFO - [2026-04-02T14:44:23.077+0000] {dagbag.py:545} INFO - Filling up the DagBag from /opt/airflow/dags/dl_dailly_price.py
[2026-04-02T14:44:23.103+0000] {processor.py:840} INFO - DAG(s) 'daily_price' retrieved from /opt/airflow/dags/dl_dailly_price.py
[2026-04-02T14:44:23.125+0000] {logging_mixin.py:188} INFO - [2026-04-02T14:44:23.125+0000] {dag.py:3089} INFO - Sync 1 DAGs
[2026-04-02T14:44:23.145+0000] {logging_mixin.py:188} INFO - [2026-04-02T14:44:23.145+0000] {dag.py:3947} INFO - Setting next_dagrun for daily_price to 2026-04-01 16:00:00+00:00, run_after=2026-04-02 16:00:00+00:00
[2026-04-02T14:44:23.166+0000] {processor.py:183} INFO - Processing /opt/airflow/dags/dl_dailly_price.py took 0.097 seconds
[2026-04-02T14:44:53.610+0000] {processor.py:161} INFO - Started process (PID=2604) to work on /opt/airflow/dags/dl_dailly_price.py
[2026-04-02T14:44:53.611+0000] {processor.py:830} INFO - Processing file /opt/airflow/dags/dl_dailly_price.py for tasks to queue
[2026-04-02T14:44:53.613+0000] {logging_mixin.py:188} INFO - [2026-04-02T14:44:53.613+0000] {dagbag.py:545} INFO - Filling up the DagBag from /opt/airflow/dags/dl_dailly_price.py
[2026-04-02T14:44:53.645+0000] {processor.py:840} INFO - DAG(s) 'daily_price' retrieved from /opt/airflow/dags/dl_dailly_price.py
[2026-04-02T14:44:53.666+0000] {logging_mixin.py:188} INFO - [2026-04-02T14:44:53.666+0000] {dag.py:3089} INFO - Sync 1 DAGs
[2026-04-02T14:44:53.688+0000] {logging_mixin.py:188} INFO - [2026-04-02T14:44:53.688+0000] {dag.py:3947} INFO - Setting next_dagrun for daily_price to 2026-04-01 16:00:00+00:00, run_after=2026-04-02 16:00:00+00:00
[2026-04-02T14:44:53.707+0000] {processor.py:183} INFO - Processing /opt/airflow/dags/dl_dailly_price.py took 0.103 seconds
[2026-04-02T14:45:24.329+0000] {processor.py:161} INFO - Started process (PID=2628) to work on /opt/airflow/dags/dl_dailly_price.py
[2026-04-02T14:45:24.330+0000] {processor.py:830} INFO - Processing file /opt/airflow/dags/dl_dailly_price.py for tasks to queue
[2026-04-02T14:45:24.332+0000] {logging_mixin.py:188} INFO - [2026-04-02T14:45:24.332+0000] {dagbag.py:545} INFO - Filling up the DagBag from /opt/airflow/dags/dl_dailly_price.py
[2026-04-02T14:45:24.361+0000] {processor.py:840} INFO - DAG(s) 'daily_price' retrieved from /opt/airflow/dags/dl_dailly_price.py
[2026-04-02T14:45:24.382+0000] {logging_mixin.py:188} INFO - [2026-04-02T14:45:24.382+0000] {dag.py:3089} INFO - Sync 1 DAGs
[2026-04-02T14:45:24.403+0000] {logging_mixin.py:188} INFO - [2026-04-02T14:45:24.403+0000] {dag.py:3947} INFO - Setting next_dagrun for daily_price to 2026-04-01 16:00:00+00:00, run_after=2026-04-02 16:00:00+00:00
[2026-04-02T14:45:24.426+0000] {processor.py:183} INFO - Processing /opt/airflow/dags/dl_dailly_price.py took 0.103 seconds
[2026-04-02T14:45:54.853+0000] {processor.py:161} INFO - Started process (PID=2651) to work on /opt/airflow/dags/dl_dailly_price.py
[2026-04-02T14:45:54.854+0000] {processor.py:830} INFO - Processing file /opt/airflow/dags/dl_dailly_price.py for tasks to queue
[2026-04-02T14:45:54.856+0000] {logging_mixin.py:188} INFO - [2026-04-02T14:45:54.856+0000] {dagbag.py:545} INFO - Filling up the DagBag from /opt/airflow/dags/dl_dailly_price.py
[2026-04-02T14:45:54.883+0000] {processor.py:840} INFO - DAG(s) 'daily_price' retrieved from /opt/airflow/dags/dl_dailly_price.py
[2026-04-02T14:45:54.904+0000] {logging_mixin.py:188} INFO - [2026-04-02T14:45:54.903+0000] {dag.py:3089} INFO - Sync 1 DAGs
[2026-04-02T14:45:54.925+0000] {logging_mixin.py:188} INFO - [2026-04-02T14:45:54.925+0000] {dag.py:3947} INFO - Setting next_dagrun for daily_price to 2026-04-01 16:00:00+00:00, run_after=2026-04-02 16:00:00+00:00
[2026-04-02T14:45:54.943+0000] {processor.py:183} INFO - Processing /opt/airflow/dags/dl_dailly_price.py took 0.095 seconds
[2026-04-02T14:46:25.366+0000] {processor.py:161} INFO - Started process (PID=2674) to work on /opt/airflow/dags/dl_dailly_price.py
[2026-04-02T14:46:25.367+0000] {processor.py:830} INFO - Processing file /opt/airflow/dags/dl_dailly_price.py for tasks to queue
[2026-04-02T14:46:25.369+0000] {logging_mixin.py:188} INFO - [2026-04-02T14:46:25.369+0000] {dagbag.py:545} INFO - Filling up the DagBag from /opt/airflow/dags/dl_dailly_price.py
[2026-04-02T14:46:25.394+0000] {processor.py:840} INFO - DAG(s) 'daily_price' retrieved from /opt/airflow/dags/dl_dailly_price.py
[2026-04-02T14:46:25.415+0000] {logging_mixin.py:188} INFO - [2026-04-02T14:46:25.415+0000] {dag.py:3089} INFO - Sync 1 DAGs
[2026-04-02T14:46:25.435+0000] {logging_mixin.py:188} INFO - [2026-04-02T14:46:25.435+0000] {dag.py:3947} INFO - Setting next_dagrun for daily_price to 2026-04-01 16:00:00+00:00, run_after=2026-04-02 16:00:00+00:00
[2026-04-02T14:46:25.455+0000] {processor.py:183} INFO - Processing /opt/airflow/dags/dl_dailly_price.py took 0.094 seconds
[2026-04-02T14:46:55.928+0000] {processor.py:161} INFO - Started process (PID=2697) to work on /opt/airflow/dags/dl_dailly_price.py
[2026-04-02T14:46:55.929+0000] {processor.py:830} INFO - Processing file /opt/airflow/dags/dl_dailly_price.py for tasks to queue
[2026-04-02T14:46:55.931+0000] {logging_mixin.py:188} INFO - [2026-04-02T14:46:55.931+0000] {dagbag.py:545} INFO - Filling up the DagBag from /opt/airflow/dags/dl_dailly_price.py
[2026-04-02T14:46:55.961+0000] {processor.py:840} INFO - DAG(s) 'daily_price' retrieved from /opt/airflow/dags/dl_dailly_price.py
[2026-04-02T14:46:55.984+0000] {logging_mixin.py:188} INFO - [2026-04-02T14:46:55.983+0000] {dag.py:3089} INFO - Sync 1 DAGs
[2026-04-02T14:46:56.006+0000] {logging_mixin.py:188} INFO - [2026-04-02T14:46:56.006+0000] {dag.py:3947} INFO - Setting next_dagrun for daily_price to 2026-04-01 16:00:00+00:00, run_after=2026-04-02 16:00:00+00:00
[2026-04-02T14:46:56.022+0000] {processor.py:183} INFO - Processing /opt/airflow/dags/dl_dailly_price.py took 0.099 seconds
[2026-04-02T14:47:26.402+0000] {processor.py:161} INFO - Started process (PID=2720) to work on /opt/airflow/dags/dl_dailly_price.py
[2026-04-02T14:47:26.403+0000] {processor.py:830} INFO - Processing file /opt/airflow/dags/dl_dailly_price.py for tasks to queue
[2026-04-02T14:47:26.406+0000] {logging_mixin.py:188} INFO - [2026-04-02T14:47:26.406+0000] {dagbag.py:545} INFO - Filling up the DagBag from /opt/airflow/dags/dl_dailly_price.py
[2026-04-02T14:47:26.433+0000] {processor.py:840} INFO - DAG(s) 'daily_price' retrieved from /opt/airflow/dags/dl_dailly_price.py
[2026-04-02T14:47:26.453+0000] {logging_mixin.py:188} INFO - [2026-04-02T14:47:26.453+0000] {dag.py:3089} INFO - Sync 1 DAGs
[2026-04-02T14:47:26.475+0000] {logging_mixin.py:188} INFO - [2026-04-02T14:47:26.475+0000] {dag.py:3947} INFO - Setting next_dagrun for daily_price to 2026-04-01 16:00:00+00:00, run_after=2026-04-02 16:00:00+00:00
[2026-04-02T14:47:26.494+0000] {processor.py:183} INFO - Processing /opt/airflow/dags/dl_dailly_price.py took 0.097 seconds
[2026-04-02T14:47:56.965+0000] {processor.py:161} INFO - Started process (PID=2743) to work on /opt/airflow/dags/dl_dailly_price.py
[2026-04-02T14:47:56.966+0000] {processor.py:830} INFO - Processing file /opt/airflow/dags/dl_dailly_price.py for tasks to queue
[2026-04-02T14:47:56.968+0000] {logging_mixin.py:188} INFO - [2026-04-02T14:47:56.967+0000] {dagbag.py:545} INFO - Filling up the DagBag from /opt/airflow/dags/dl_dailly_price.py
[2026-04-02T14:47:56.996+0000] {processor.py:840} INFO - DAG(s) 'daily_price' retrieved from /opt/airflow/dags/dl_dailly_price.py
[2026-04-02T14:47:57.017+0000] {logging_mixin.py:188} INFO - [2026-04-02T14:47:57.017+0000] {dag.py:3089} INFO - Sync 1 DAGs
[2026-04-02T14:47:57.036+0000] {logging_mixin.py:188} INFO - [2026-04-02T14:47:57.035+0000] {dag.py:3947} INFO - Setting next_dagrun for daily_price to 2026-04-01 16:00:00+00:00, run_after=2026-04-02 16:00:00+00:00
[2026-04-02T14:47:57.054+0000] {processor.py:183} INFO - Processing /opt/airflow/dags/dl_dailly_price.py took 0.095 seconds
[2026-04-02T14:48:27.387+0000] {processor.py:161} INFO - Started process (PID=2766) to work on /opt/airflow/dags/dl_dailly_price.py
[2026-04-02T14:48:27.388+0000] {processor.py:830} INFO - Processing file /opt/airflow/dags/dl_dailly_price.py for tasks to queue
[2026-04-02T14:48:27.390+0000] {logging_mixin.py:188} INFO - [2026-04-02T14:48:27.390+0000] {dagbag.py:545} INFO - Filling up the DagBag from /opt/airflow/dags/dl_dailly_price.py
[2026-04-02T14:48:27.415+0000] {processor.py:840} INFO - DAG(s) 'daily_price' retrieved from /opt/airflow/dags/dl_dailly_price.py
[2026-04-02T14:48:27.434+0000] {logging_mixin.py:188} INFO - [2026-04-02T14:48:27.434+0000] {dag.py:3089} INFO - Sync 1 DAGs
[2026-04-02T14:48:27.454+0000] {logging_mixin.py:188} INFO - [2026-04-02T14:48:27.454+0000] {dag.py:3947} INFO - Setting next_dagrun for daily_price to 2026-04-01 16:00:00+00:00, run_after=2026-04-02 16:00:00+00:00
[2026-04-02T14:48:27.657+0000] {processor.py:183} INFO - Processing /opt/airflow/dags/dl_dailly_price.py took 0.276 seconds
[2026-04-02T14:48:57.854+0000] {processor.py:161} INFO - Started process (PID=2789) to work on /opt/airflow/dags/dl_dailly_price.py
[2026-04-02T14:48:57.854+0000] {processor.py:830} INFO - Processing file /opt/airflow/dags/dl_dailly_price.py for tasks to queue
[2026-04-02T14:48:57.857+0000] {logging_mixin.py:188} INFO - [2026-04-02T14:48:57.856+0000] {dagbag.py:545} INFO - Filling up the DagBag from /opt/airflow/dags/dl_dailly_price.py
[2026-04-02T14:48:57.885+0000] {processor.py:840} INFO - DAG(s) 'daily_price' retrieved from /opt/airflow/dags/dl_dailly_price.py
[2026-04-02T14:48:58.075+0000] {logging_mixin.py:188} INFO - [2026-04-02T14:48:58.074+0000] {dag.py:3089} INFO - Sync 1 DAGs
[2026-04-02T14:48:58.092+0000] {logging_mixin.py:188} INFO - [2026-04-02T14:48:58.092+0000] {dag.py:3947} INFO - Setting next_dagrun for daily_price to 2026-04-01 16:00:00+00:00, run_after=2026-04-02 16:00:00+00:00
[2026-04-02T14:48:58.105+0000] {processor.py:183} INFO - Processing /opt/airflow/dags/dl_dailly_price.py took 0.257 seconds
[2026-04-02T14:49:28.255+0000] {processor.py:161} INFO - Started process (PID=2812) to work on /opt/airflow/dags/dl_dailly_price.py
[2026-04-02T14:49:28.256+0000] {processor.py:830} INFO - Processing file /opt/airflow/dags/dl_dailly_price.py for tasks to queue
[2026-04-02T14:49:28.258+0000] {logging_mixin.py:188} INFO - [2026-04-02T14:49:28.258+0000] {dagbag.py:545} INFO - Filling up the DagBag from /opt/airflow/dags/dl_dailly_price.py
[2026-04-02T14:49:28.283+0000] {processor.py:840} INFO - DAG(s) 'daily_price' retrieved from /opt/airflow/dags/dl_dailly_price.py
[2026-04-02T14:49:28.305+0000] {logging_mixin.py:188} INFO - [2026-04-02T14:49:28.304+0000] {dag.py:3089} INFO - Sync 1 DAGs
[2026-04-02T14:49:28.324+0000] {logging_mixin.py:188} INFO - [2026-04-02T14:49:28.324+0000] {dag.py:3947} INFO - Setting next_dagrun for daily_price to 2026-04-01 16:00:00+00:00, run_after=2026-04-02 16:00:00+00:00
[2026-04-02T14:49:28.342+0000] {processor.py:183} INFO - Processing /opt/airflow/dags/dl_dailly_price.py took 0.092 seconds
[2026-04-02T14:49:59.021+0000] {processor.py:161} INFO - Started process (PID=2836) to work on /opt/airflow/dags/dl_dailly_price.py
[2026-04-02T14:49:59.022+0000] {processor.py:830} INFO - Processing file /opt/airflow/dags/dl_dailly_price.py for tasks to queue
[2026-04-02T14:49:59.024+0000] {logging_mixin.py:188} INFO - [2026-04-02T14:49:59.024+0000] {dagbag.py:545} INFO - Filling up the DagBag from /opt/airflow/dags/dl_dailly_price.py
[2026-04-02T14:49:59.051+0000] {processor.py:840} INFO - DAG(s) 'daily_price' retrieved from /opt/airflow/dags/dl_dailly_price.py
[2026-04-02T14:49:59.074+0000] {logging_mixin.py:188} INFO - [2026-04-02T14:49:59.074+0000] {dag.py:3089} INFO - Sync 1 DAGs
[2026-04-02T14:49:59.096+0000] {logging_mixin.py:188} INFO - [2026-04-02T14:49:59.096+0000] {dag.py:3947} INFO - Setting next_dagrun for daily_price to 2026-04-01 16:00:00+00:00, run_after=2026-04-02 16:00:00+00:00
[2026-04-02T14:49:59.115+0000] {processor.py:183} INFO - Processing /opt/airflow/dags/dl_dailly_price.py took 0.099 seconds
[2026-04-02T14:50:29.761+0000] {processor.py:161} INFO - Started process (PID=2865) to work on /opt/airflow/dags/dl_dailly_price.py
[2026-04-02T14:50:29.762+0000] {processor.py:830} INFO - Processing file /opt/airflow/dags/dl_dailly_price.py for tasks to queue
[2026-04-02T14:50:29.765+0000] {logging_mixin.py:188} INFO - [2026-04-02T14:50:29.764+0000] {dagbag.py:545} INFO - Filling up the DagBag from /opt/airflow/dags/dl_dailly_price.py
[2026-04-02T14:50:29.794+0000] {processor.py:840} INFO - DAG(s) 'daily_price' retrieved from /opt/airflow/dags/dl_dailly_price.py
[2026-04-02T14:50:29.816+0000] {logging_mixin.py:188} INFO - [2026-04-02T14:50:29.816+0000] {dag.py:3089} INFO - Sync 1 DAGs
[2026-04-02T14:50:29.839+0000] {logging_mixin.py:188} INFO - [2026-04-02T14:50:29.839+0000] {dag.py:3947} INFO - Setting next_dagrun for daily_price to 2026-04-01 16:00:00+00:00, run_after=2026-04-02 16:00:00+00:00
[2026-04-02T14:50:29.856+0000] {processor.py:183} INFO - Processing /opt/airflow/dags/dl_dailly_price.py took 0.100 seconds
[2026-04-02T14:51:00.336+0000] {processor.py:161} INFO - Started process (PID=2888) to work on /opt/airflow/dags/dl_dailly_price.py
[2026-04-02T14:51:00.337+0000] {processor.py:830} INFO - Processing file /opt/airflow/dags/dl_dailly_price.py for tasks to queue
[2026-04-02T14:51:00.342+0000] {logging_mixin.py:188} INFO - [2026-04-02T14:51:00.341+0000] {dagbag.py:545} INFO - Filling up the DagBag from /opt/airflow/dags/dl_dailly_price.py
[2026-04-02T14:51:00.366+0000] {processor.py:840} INFO - DAG(s) 'daily_price' retrieved from /opt/airflow/dags/dl_dailly_price.py
[2026-04-02T14:51:00.386+0000] {logging_mixin.py:188} INFO - [2026-04-02T14:51:00.386+0000] {dag.py:3089} INFO - Sync 1 DAGs
[2026-04-02T14:51:00.406+0000] {logging_mixin.py:188} INFO - [2026-04-02T14:51:00.406+0000] {dag.py:3947} INFO - Setting next_dagrun for daily_price to 2026-04-01 16:00:00+00:00, run_after=2026-04-02 16:00:00+00:00
[2026-04-02T14:51:00.423+0000] {processor.py:183} INFO - Processing /opt/airflow/dags/dl_dailly_price.py took 0.093 seconds
[2026-04-02T14:51:30.777+0000] {processor.py:161} INFO - Started process (PID=2911) to work on /opt/airflow/dags/dl_dailly_price.py
[2026-04-02T14:51:30.778+0000] {processor.py:830} INFO - Processing file /opt/airflow/dags/dl_dailly_price.py for tasks to queue
[2026-04-02T14:51:30.781+0000] {logging_mixin.py:188} INFO - [2026-04-02T14:51:30.780+0000] {dagbag.py:545} INFO - Filling up the DagBag from /opt/airflow/dags/dl_dailly_price.py
[2026-04-02T14:51:30.806+0000] {processor.py:840} INFO - DAG(s) 'daily_price' retrieved from /opt/airflow/dags/dl_dailly_price.py
[2026-04-02T14:51:30.826+0000] {logging_mixin.py:188} INFO - [2026-04-02T14:51:30.826+0000] {dag.py:3089} INFO - Sync 1 DAGs
[2026-04-02T14:51:30.847+0000] {logging_mixin.py:188} INFO - [2026-04-02T14:51:30.847+0000] {dag.py:3947} INFO - Setting next_dagrun for daily_price to 2026-04-01 16:00:00+00:00, run_after=2026-04-02 16:00:00+00:00
[2026-04-02T14:51:30.865+0000] {processor.py:183} INFO - Processing /opt/airflow/dags/dl_dailly_price.py took 0.093 seconds
[2026-04-02T14:52:01.619+0000] {processor.py:161} INFO - Started process (PID=2934) to work on /opt/airflow/dags/dl_dailly_price.py
[2026-04-02T14:52:01.620+0000] {processor.py:830} INFO - Processing file /opt/airflow/dags/dl_dailly_price.py for tasks to queue
[2026-04-02T14:52:01.622+0000] {logging_mixin.py:188} INFO - [2026-04-02T14:52:01.622+0000] {dagbag.py:545} INFO - Filling up the DagBag from /opt/airflow/dags/dl_dailly_price.py
[2026-04-02T14:52:01.656+0000] {processor.py:840} INFO - DAG(s) 'daily_price' retrieved from /opt/airflow/dags/dl_dailly_price.py
[2026-04-02T14:52:01.681+0000] {logging_mixin.py:188} INFO - [2026-04-02T14:52:01.681+0000] {dag.py:3089} INFO - Sync 1 DAGs
[2026-04-02T14:52:01.707+0000] {logging_mixin.py:188} INFO - [2026-04-02T14:52:01.707+0000] {dag.py:3947} INFO - Setting next_dagrun for daily_price to 2026-04-01 16:00:00+00:00, run_after=2026-04-02 16:00:00+00:00
[2026-04-02T14:52:01.731+0000] {processor.py:183} INFO - Processing /opt/airflow/dags/dl_dailly_price.py took 0.118 seconds
[2026-04-02T14:52:32.376+0000] {processor.py:161} INFO - Started process (PID=2957) to work on /opt/airflow/dags/dl_dailly_price.py
[2026-04-02T14:52:32.377+0000] {processor.py:830} INFO - Processing file /opt/airflow/dags/dl_dailly_price.py for tasks to queue
[2026-04-02T14:52:32.379+0000] {logging_mixin.py:188} INFO - [2026-04-02T14:52:32.379+0000] {dagbag.py:545} INFO - Filling up the DagBag from /opt/airflow/dags/dl_dailly_price.py
[2026-04-02T14:52:32.406+0000] {processor.py:840} INFO - DAG(s) 'daily_price' retrieved from /opt/airflow/dags/dl_dailly_price.py
[2026-04-02T14:52:32.427+0000] {logging_mixin.py:188} INFO - [2026-04-02T14:52:32.427+0000] {dag.py:3089} INFO - Sync 1 DAGs
[2026-04-02T14:52:32.449+0000] {logging_mixin.py:188} INFO - [2026-04-02T14:52:32.449+0000] {dag.py:3947} INFO - Setting next_dagrun for daily_price to 2026-04-01 16:00:00+00:00, run_after=2026-04-02 16:00:00+00:00
[2026-04-02T14:52:32.468+0000] {processor.py:183} INFO - Processing /opt/airflow/dags/dl_dailly_price.py took 0.098 seconds
[2026-04-02T14:53:03.101+0000] {processor.py:161} INFO - Started process (PID=2980) to work on /opt/airflow/dags/dl_dailly_price.py
[2026-04-02T14:53:03.102+0000] {processor.py:830} INFO - Processing file /opt/airflow/dags/dl_dailly_price.py for tasks to queue
[2026-04-02T14:53:03.105+0000] {logging_mixin.py:188} INFO - [2026-04-02T14:53:03.104+0000] {dagbag.py:545} INFO - Filling up the DagBag from /opt/airflow/dags/dl_dailly_price.py
[2026-04-02T14:53:03.131+0000] {processor.py:840} INFO - DAG(s) 'daily_price' retrieved from /opt/airflow/dags/dl_dailly_price.py
[2026-04-02T14:53:03.153+0000] {logging_mixin.py:188} INFO - [2026-04-02T14:53:03.153+0000] {dag.py:3089} INFO - Sync 1 DAGs
[2026-04-02T14:53:03.176+0000] {logging_mixin.py:188} INFO - [2026-04-02T14:53:03.175+0000] {dag.py:3947} INFO - Setting next_dagrun for daily_price to 2026-04-01 16:00:00+00:00, run_after=2026-04-02 16:00:00+00:00
[2026-04-02T14:53:03.193+0000] {processor.py:183} INFO - Processing /opt/airflow/dags/dl_dailly_price.py took 0.097 seconds
[2026-04-02T14:53:33.671+0000] {processor.py:161} INFO - Started process (PID=3003) to work on /opt/airflow/dags/dl_dailly_price.py
[2026-04-02T14:53:33.672+0000] {processor.py:830} INFO - Processing file /opt/airflow/dags/dl_dailly_price.py for tasks to queue
[2026-04-02T14:53:33.674+0000] {logging_mixin.py:188} INFO - [2026-04-02T14:53:33.673+0000] {dagbag.py:545} INFO - Filling up the DagBag from /opt/airflow/dags/dl_dailly_price.py
[2026-04-02T14:53:33.699+0000] {processor.py:840} INFO - DAG(s) 'daily_price' retrieved from /opt/airflow/dags/dl_dailly_price.py
[2026-04-02T14:53:33.719+0000] {logging_mixin.py:188} INFO - [2026-04-02T14:53:33.719+0000] {dag.py:3089} INFO - Sync 1 DAGs
[2026-04-02T14:53:33.740+0000] {logging_mixin.py:188} INFO - [2026-04-02T14:53:33.740+0000] {dag.py:3947} INFO - Setting next_dagrun for daily_price to 2026-04-01 16:00:00+00:00, run_after=2026-04-02 16:00:00+00:00
[2026-04-02T14:53:33.756+0000] {processor.py:183} INFO - Processing /opt/airflow/dags/dl_dailly_price.py took 0.091 seconds
[2026-04-02T14:54:05.255+0000] {processor.py:161} INFO - Started process (PID=3026) to work on /opt/airflow/dags/dl_dailly_price.py
[2026-04-02T14:54:05.256+0000] {processor.py:830} INFO - Processing file /opt/airflow/dags/dl_dailly_price.py for tasks to queue
[2026-04-02T14:54:05.258+0000] {logging_mixin.py:188} INFO - [2026-04-02T14:54:05.258+0000] {dagbag.py:545} INFO - Filling up the DagBag from /opt/airflow/dags/dl_dailly_price.py
[2026-04-02T14:54:05.295+0000] {processor.py:840} INFO - DAG(s) 'daily_price' retrieved from /opt/airflow/dags/dl_dailly_price.py
[2026-04-02T14:54:05.325+0000] {logging_mixin.py:188} INFO - [2026-04-02T14:54:05.324+0000] {dag.py:3089} INFO - Sync 1 DAGs
[2026-04-02T14:54:05.355+0000] {logging_mixin.py:188} INFO - [2026-04-02T14:54:05.355+0000] {dag.py:3947} INFO - Setting next_dagrun for daily_price to 2026-04-01 16:00:00+00:00, run_after=2026-04-02 16:00:00+00:00
[2026-04-02T14:54:05.382+0000] {processor.py:183} INFO - Processing /opt/airflow/dags/dl_dailly_price.py took 0.135 seconds
[2026-04-02T14:54:36.165+0000] {processor.py:161} INFO - Started process (PID=3049) to work on /opt/airflow/dags/dl_dailly_price.py
[2026-04-02T14:54:36.166+0000] {processor.py:830} INFO - Processing file /opt/airflow/dags/dl_dailly_price.py for tasks to queue
[2026-04-02T14:54:36.168+0000] {logging_mixin.py:188} INFO - [2026-04-02T14:54:36.168+0000] {dagbag.py:545} INFO - Filling up the DagBag from /opt/airflow/dags/dl_dailly_price.py
[2026-04-02T14:54:36.200+0000] {processor.py:840} INFO - DAG(s) 'daily_price' retrieved from /opt/airflow/dags/dl_dailly_price.py
[2026-04-02T14:54:36.225+0000] {logging_mixin.py:188} INFO - [2026-04-02T14:54:36.225+0000] {dag.py:3089} INFO - Sync 1 DAGs
[2026-04-02T14:54:36.250+0000] {logging_mixin.py:188} INFO - [2026-04-02T14:54:36.249+0000] {dag.py:3947} INFO - Setting next_dagrun for daily_price to 2026-04-01 16:00:00+00:00, run_after=2026-04-02 16:00:00+00:00
[2026-04-02T14:54:36.271+0000] {processor.py:183} INFO - Processing /opt/airflow/dags/dl_dailly_price.py took 0.112 seconds
[2026-04-02T14:55:07.014+0000] {processor.py:161} INFO - Started process (PID=3072) to work on /opt/airflow/dags/dl_dailly_price.py
[2026-04-02T14:55:07.015+0000] {processor.py:830} INFO - Processing file /opt/airflow/dags/dl_dailly_price.py for tasks to queue
[2026-04-02T14:55:07.020+0000] {logging_mixin.py:188} INFO - [2026-04-02T14:55:07.019+0000] {dagbag.py:545} INFO - Filling up the DagBag from /opt/airflow/dags/dl_dailly_price.py
[2026-04-02T14:55:07.058+0000] {processor.py:840} INFO - DAG(s) 'daily_price' retrieved from /opt/airflow/dags/dl_dailly_price.py
[2026-04-02T14:55:07.086+0000] {logging_mixin.py:188} INFO - [2026-04-02T14:55:07.086+0000] {dag.py:3089} INFO - Sync 1 DAGs
[2026-04-02T14:55:07.113+0000] {logging_mixin.py:188} INFO - [2026-04-02T14:55:07.113+0000] {dag.py:3947} INFO - Setting next_dagrun for daily_price to 2026-04-01 16:00:00+00:00, run_after=2026-04-02 16:00:00+00:00
[2026-04-02T14:55:07.145+0000] {processor.py:183} INFO - Processing /opt/airflow/dags/dl_dailly_price.py took 0.140 seconds
[2026-04-02T14:55:37.524+0000] {processor.py:161} INFO - Started process (PID=3095) to work on /opt/airflow/dags/dl_dailly_price.py
[2026-04-02T14:55:37.526+0000] {processor.py:830} INFO - Processing file /opt/airflow/dags/dl_dailly_price.py for tasks to queue
[2026-04-02T14:55:37.529+0000] {logging_mixin.py:188} INFO - [2026-04-02T14:55:37.528+0000] {dagbag.py:545} INFO - Filling up the DagBag from /opt/airflow/dags/dl_dailly_price.py
[2026-04-02T14:55:37.576+0000] {processor.py:840} INFO - DAG(s) 'daily_price' retrieved from /opt/airflow/dags/dl_dailly_price.py
[2026-04-02T14:55:37.611+0000] {logging_mixin.py:188} INFO - [2026-04-02T14:55:37.611+0000] {dag.py:3089} INFO - Sync 1 DAGs
[2026-04-02T14:55:37.659+0000] {logging_mixin.py:188} INFO - [2026-04-02T14:55:37.659+0000] {dag.py:3947} INFO - Setting next_dagrun for daily_price to 2026-04-01 16:00:00+00:00, run_after=2026-04-02 16:00:00+00:00
[2026-04-02T14:55:37.785+0000] {processor.py:183} INFO - Processing /opt/airflow/dags/dl_dailly_price.py took 0.267 seconds
[2026-04-02T14:56:08.400+0000] {processor.py:161} INFO - Started process (PID=3118) to work on /opt/airflow/dags/dl_dailly_price.py
[2026-04-02T14:56:08.401+0000] {processor.py:830} INFO - Processing file /opt/airflow/dags/dl_dailly_price.py for tasks to queue
[2026-04-02T14:56:08.403+0000] {logging_mixin.py:188} INFO - [2026-04-02T14:56:08.403+0000] {dagbag.py:545} INFO - Filling up the DagBag from /opt/airflow/dags/dl_dailly_price.py
[2026-04-02T14:56:08.430+0000] {processor.py:840} INFO - DAG(s) 'daily_price' retrieved from /opt/airflow/dags/dl_dailly_price.py
[2026-04-02T14:56:08.452+0000] {logging_mixin.py:188} INFO - [2026-04-02T14:56:08.451+0000] {dag.py:3089} INFO - Sync 1 DAGs
[2026-04-02T14:56:08.473+0000] {logging_mixin.py:188} INFO - [2026-04-02T14:56:08.473+0000] {dag.py:3947} INFO - Setting next_dagrun for daily_price to 2026-04-01 16:00:00+00:00, run_after=2026-04-02 16:00:00+00:00
[2026-04-02T14:56:08.491+0000] {processor.py:183} INFO - Processing /opt/airflow/dags/dl_dailly_price.py took 0.097 seconds
[2026-04-02T14:56:39.485+0000] {processor.py:161} INFO - Started process (PID=3141) to work on /opt/airflow/dags/dl_dailly_price.py
[2026-04-02T14:56:39.491+0000] {processor.py:830} INFO - Processing file /opt/airflow/dags/dl_dailly_price.py for tasks to queue
[2026-04-02T14:56:39.495+0000] {logging_mixin.py:188} INFO - [2026-04-02T14:56:39.494+0000] {dagbag.py:545} INFO - Filling up the DagBag from /opt/airflow/dags/dl_dailly_price.py
[2026-04-02T14:56:39.531+0000] {processor.py:840} INFO - DAG(s) 'daily_price' retrieved from /opt/airflow/dags/dl_dailly_price.py
[2026-04-02T14:56:39.557+0000] {logging_mixin.py:188} INFO - [2026-04-02T14:56:39.556+0000] {dag.py:3089} INFO - Sync 1 DAGs
[2026-04-02T14:56:39.585+0000] {logging_mixin.py:188} INFO - [2026-04-02T14:56:39.585+0000] {dag.py:3947} INFO - Setting next_dagrun for daily_price to 2026-04-01 16:00:00+00:00, run_after=2026-04-02 16:00:00+00:00
[2026-04-02T14:56:39.618+0000] {processor.py:183} INFO - Processing /opt/airflow/dags/dl_dailly_price.py took 0.140 seconds
[2026-04-02T14:57:09.726+0000] {processor.py:161} INFO - Started process (PID=3164) to work on /opt/airflow/dags/dl_dailly_price.py
[2026-04-02T14:57:09.728+0000] {processor.py:830} INFO - Processing file /opt/airflow/dags/dl_dailly_price.py for tasks to queue
[2026-04-02T14:57:09.731+0000] {logging_mixin.py:188} INFO - [2026-04-02T14:57:09.730+0000] {dagbag.py:545} INFO - Filling up the DagBag from /opt/airflow/dags/dl_dailly_price.py
[2026-04-02T14:57:09.772+0000] {processor.py:840} INFO - DAG(s) 'daily_price' retrieved from /opt/airflow/dags/dl_dailly_price.py
[2026-04-02T14:57:09.799+0000] {logging_mixin.py:188} INFO - [2026-04-02T14:57:09.799+0000] {dag.py:3089} INFO - Sync 1 DAGs
[2026-04-02T14:57:09.829+0000] {logging_mixin.py:188} INFO - [2026-04-02T14:57:09.829+0000] {dag.py:3947} INFO - Setting next_dagrun for daily_price to 2026-04-01 16:00:00+00:00, run_after=2026-04-02 16:00:00+00:00
[2026-04-02T14:57:09.855+0000] {processor.py:183} INFO - Processing /opt/airflow/dags/dl_dailly_price.py took 0.137 seconds
[2026-04-02T14:57:40.780+0000] {processor.py:161} INFO - Started process (PID=3187) to work on /opt/airflow/dags/dl_dailly_price.py
[2026-04-02T14:57:40.781+0000] {processor.py:830} INFO - Processing file /opt/airflow/dags/dl_dailly_price.py for tasks to queue
[2026-04-02T14:57:40.783+0000] {logging_mixin.py:188} INFO - [2026-04-02T14:57:40.782+0000] {dagbag.py:545} INFO - Filling up the DagBag from /opt/airflow/dags/dl_dailly_price.py
[2026-04-02T14:57:40.811+0000] {processor.py:840} INFO - DAG(s) 'daily_price' retrieved from /opt/airflow/dags/dl_dailly_price.py
[2026-04-02T14:57:40.837+0000] {logging_mixin.py:188} INFO - [2026-04-02T14:57:40.836+0000] {dag.py:3089} INFO - Sync 1 DAGs
[2026-04-02T14:57:40.860+0000] {logging_mixin.py:188} INFO - [2026-04-02T14:57:40.860+0000] {dag.py:3947} INFO - Setting next_dagrun for daily_price to 2026-04-01 16:00:00+00:00, run_after=2026-04-02 16:00:00+00:00
[2026-04-02T14:57:40.880+0000] {processor.py:183} INFO - Processing /opt/airflow/dags/dl_dailly_price.py took 0.106 seconds
[2026-04-02T14:58:11.327+0000] {processor.py:161} INFO - Started process (PID=3210) to work on /opt/airflow/dags/dl_dailly_price.py
[2026-04-02T14:58:11.328+0000] {processor.py:830} INFO - Processing file /opt/airflow/dags/dl_dailly_price.py for tasks to queue
[2026-04-02T14:58:11.330+0000] {logging_mixin.py:188} INFO - [2026-04-02T14:58:11.330+0000] {dagbag.py:545} INFO - Filling up the DagBag from /opt/airflow/dags/dl_dailly_price.py
[2026-04-02T14:58:11.358+0000] {processor.py:840} INFO - DAG(s) 'daily_price' retrieved from /opt/airflow/dags/dl_dailly_price.py
[2026-04-02T14:58:11.382+0000] {logging_mixin.py:188} INFO - [2026-04-02T14:58:11.382+0000] {dag.py:3089} INFO - Sync 1 DAGs
[2026-04-02T14:58:11.412+0000] {logging_mixin.py:188} INFO - [2026-04-02T14:58:11.412+0000] {dag.py:3947} INFO - Setting next_dagrun for daily_price to 2026-04-01 16:00:00+00:00, run_after=2026-04-02 16:00:00+00:00
[2026-04-02T14:58:11.434+0000] {processor.py:183} INFO - Processing /opt/airflow/dags/dl_dailly_price.py took 0.112 seconds
[2026-04-02T14:58:42.065+0000] {processor.py:161} INFO - Started process (PID=3233) to work on /opt/airflow/dags/dl_dailly_price.py
[2026-04-02T14:58:42.066+0000] {processor.py:830} INFO - Processing file /opt/airflow/dags/dl_dailly_price.py for tasks to queue
[2026-04-02T14:58:42.068+0000] {logging_mixin.py:188} INFO - [2026-04-02T14:58:42.068+0000] {dagbag.py:545} INFO - Filling up the DagBag from /opt/airflow/dags/dl_dailly_price.py
[2026-04-02T14:58:42.095+0000] {processor.py:840} INFO - DAG(s) 'daily_price' retrieved from /opt/airflow/dags/dl_dailly_price.py
[2026-04-02T14:58:42.116+0000] {logging_mixin.py:188} INFO - [2026-04-02T14:58:42.116+0000] {dag.py:3089} INFO - Sync 1 DAGs
[2026-04-02T14:58:42.142+0000] {logging_mixin.py:188} INFO - [2026-04-02T14:58:42.141+0000] {dag.py:3947} INFO - Setting next_dagrun for daily_price to 2026-04-01 16:00:00+00:00, run_after=2026-04-02 16:00:00+00:00
[2026-04-02T14:58:42.164+0000] {processor.py:183} INFO - Processing /opt/airflow/dags/dl_dailly_price.py took 0.105 seconds
[2026-04-02T14:59:12.443+0000] {processor.py:161} INFO - Started process (PID=3256) to work on /opt/airflow/dags/dl_dailly_price.py
[2026-04-02T14:59:12.444+0000] {processor.py:830} INFO - Processing file /opt/airflow/dags/dl_dailly_price.py for tasks to queue
[2026-04-02T14:59:12.446+0000] {logging_mixin.py:188} INFO - [2026-04-02T14:59:12.446+0000] {dagbag.py:545} INFO - Filling up the DagBag from /opt/airflow/dags/dl_dailly_price.py
[2026-04-02T14:59:12.475+0000] {processor.py:840} INFO - DAG(s) 'daily_price' retrieved from /opt/airflow/dags/dl_dailly_price.py
[2026-04-02T14:59:12.496+0000] {logging_mixin.py:188} INFO - [2026-04-02T14:59:12.496+0000] {dag.py:3089} INFO - Sync 1 DAGs
[2026-04-02T14:59:12.520+0000] {logging_mixin.py:188} INFO - [2026-04-02T14:59:12.520+0000] {dag.py:3947} INFO - Setting next_dagrun for daily_price to 2026-04-01 16:00:00+00:00, run_after=2026-04-02 16:00:00+00:00
[2026-04-02T14:59:12.540+0000] {processor.py:183} INFO - Processing /opt/airflow/dags/dl_dailly_price.py took 0.103 seconds
[2026-04-02T14:59:43.076+0000] {processor.py:161} INFO - Started process (PID=3279) to work on /opt/airflow/dags/dl_dailly_price.py
[2026-04-02T14:59:43.077+0000] {processor.py:830} INFO - Processing file /opt/airflow/dags/dl_dailly_price.py for tasks to queue
[2026-04-02T14:59:43.080+0000] {logging_mixin.py:188} INFO - [2026-04-02T14:59:43.080+0000] {dagbag.py:545} INFO - Filling up the DagBag from /opt/airflow/dags/dl_dailly_price.py
[2026-04-02T14:59:43.108+0000] {processor.py:840} INFO - DAG(s) 'daily_price' retrieved from /opt/airflow/dags/dl_dailly_price.py
[2026-04-02T14:59:43.130+0000] {logging_mixin.py:188} INFO - [2026-04-02T14:59:43.130+0000] {dag.py:3089} INFO - Sync 1 DAGs
[2026-04-02T14:59:43.154+0000] {logging_mixin.py:188} INFO - [2026-04-02T14:59:43.154+0000] {dag.py:3947} INFO - Setting next_dagrun for daily_price to 2026-04-01 16:00:00+00:00, run_after=2026-04-02 16:00:00+00:00
[2026-04-02T14:59:43.180+0000] {processor.py:183} INFO - Processing /opt/airflow/dags/dl_dailly_price.py took 0.109 seconds
[2026-04-02T15:00:13.697+0000] {processor.py:161} INFO - Started process (PID=3302) to work on /opt/airflow/dags/dl_dailly_price.py
[2026-04-02T15:00:13.698+0000] {processor.py:830} INFO - Processing file /opt/airflow/dags/dl_dailly_price.py for tasks to queue
[2026-04-02T15:00:13.701+0000] {logging_mixin.py:188} INFO - [2026-04-02T15:00:13.700+0000] {dagbag.py:545} INFO - Filling up the DagBag from /opt/airflow/dags/dl_dailly_price.py
[2026-04-02T15:00:13.731+0000] {processor.py:840} INFO - DAG(s) 'daily_price' retrieved from /opt/airflow/dags/dl_dailly_price.py
[2026-04-02T15:00:13.753+0000] {logging_mixin.py:188} INFO - [2026-04-02T15:00:13.753+0000] {dag.py:3089} INFO - Sync 1 DAGs
[2026-04-02T15:00:13.775+0000] {logging_mixin.py:188} INFO - [2026-04-02T15:00:13.774+0000] {dag.py:3947} INFO - Setting next_dagrun for daily_price to 2026-04-01 16:00:00+00:00, run_after=2026-04-02 16:00:00+00:00
[2026-04-02T15:00:13.798+0000] {processor.py:183} INFO - Processing /opt/airflow/dags/dl_dailly_price.py took 0.107 seconds
[2026-04-02T15:00:43.928+0000] {processor.py:161} INFO - Started process (PID=3325) to work on /opt/airflow/dags/dl_dailly_price.py
[2026-04-02T15:00:43.930+0000] {processor.py:830} INFO - Processing file /opt/airflow/dags/dl_dailly_price.py for tasks to queue
[2026-04-02T15:00:43.933+0000] {logging_mixin.py:188} INFO - [2026-04-02T15:00:43.932+0000] {dagbag.py:545} INFO - Filling up the DagBag from /opt/airflow/dags/dl_dailly_price.py
[2026-04-02T15:00:43.975+0000] {processor.py:840} INFO - DAG(s) 'daily_price' retrieved from /opt/airflow/dags/dl_dailly_price.py
[2026-04-02T15:00:44.038+0000] {logging_mixin.py:188} INFO - [2026-04-02T15:00:44.037+0000] {dag.py:3089} INFO - Sync 1 DAGs
[2026-04-02T15:00:44.119+0000] {logging_mixin.py:188} INFO - [2026-04-02T15:00:44.118+0000] {dag.py:3947} INFO - Setting next_dagrun for daily_price to 2026-04-01 16:00:00+00:00, run_after=2026-04-02 16:00:00+00:00
[2026-04-02T15:00:44.169+0000] {processor.py:183} INFO - Processing /opt/airflow/dags/dl_dailly_price.py took 0.250 seconds
[2026-04-02T15:01:14.997+0000] {processor.py:161} INFO - Started process (PID=3348) to work on /opt/airflow/dags/dl_dailly_price.py
[2026-04-02T15:01:14.998+0000] {processor.py:830} INFO - Processing file /opt/airflow/dags/dl_dailly_price.py for tasks to queue
[2026-04-02T15:01:15.000+0000] {logging_mixin.py:188} INFO - [2026-04-02T15:01:15.000+0000] {dagbag.py:545} INFO - Filling up the DagBag from /opt/airflow/dags/dl_dailly_price.py
[2026-04-02T15:01:15.028+0000] {processor.py:840} INFO - DAG(s) 'daily_price' retrieved from /opt/airflow/dags/dl_dailly_price.py
[2026-04-02T15:01:15.050+0000] {logging_mixin.py:188} INFO - [2026-04-02T15:01:15.050+0000] {dag.py:3089} INFO - Sync 1 DAGs
[2026-04-02T15:01:15.072+0000] {logging_mixin.py:188} INFO - [2026-04-02T15:01:15.072+0000] {dag.py:3947} INFO - Setting next_dagrun for daily_price to 2026-04-01 16:00:00+00:00, run_after=2026-04-02 16:00:00+00:00
[2026-04-02T15:01:15.092+0000] {processor.py:183} INFO - Processing /opt/airflow/dags/dl_dailly_price.py took 0.100 seconds
[2026-04-02T15:01:45.451+0000] {processor.py:161} INFO - Started process (PID=3371) to work on /opt/airflow/dags/dl_dailly_price.py
[2026-04-02T15:01:45.453+0000] {processor.py:830} INFO - Processing file /opt/airflow/dags/dl_dailly_price.py for tasks to queue
[2026-04-02T15:01:45.456+0000] {logging_mixin.py:188} INFO - [2026-04-02T15:01:45.456+0000] {dagbag.py:545} INFO - Filling up the DagBag from /opt/airflow/dags/dl_dailly_price.py
[2026-04-02T15:01:45.490+0000] {processor.py:840} INFO - DAG(s) 'daily_price' retrieved from /opt/airflow/dags/dl_dailly_price.py
[2026-04-02T15:01:45.514+0000] {logging_mixin.py:188} INFO - [2026-04-02T15:01:45.513+0000] {dag.py:3089} INFO - Sync 1 DAGs
[2026-04-02T15:01:45.542+0000] {logging_mixin.py:188} INFO - [2026-04-02T15:01:45.542+0000] {dag.py:3947} INFO - Setting next_dagrun for daily_price to 2026-04-01 16:00:00+00:00, run_after=2026-04-02 16:00:00+00:00
[2026-04-02T15:01:45.574+0000] {processor.py:183} INFO - Processing /opt/airflow/dags/dl_dailly_price.py took 0.129 seconds
[2026-04-02T15:02:16.359+0000] {processor.py:161} INFO - Started process (PID=3394) to work on /opt/airflow/dags/dl_dailly_price.py
[2026-04-02T15:02:16.360+0000] {processor.py:830} INFO - Processing file /opt/airflow/dags/dl_dailly_price.py for tasks to queue
[2026-04-02T15:02:16.364+0000] {logging_mixin.py:188} INFO - [2026-04-02T15:02:16.363+0000] {dagbag.py:545} INFO - Filling up the DagBag from /opt/airflow/dags/dl_dailly_price.py
[2026-04-02T15:02:16.405+0000] {processor.py:840} INFO - DAG(s) 'daily_price' retrieved from /opt/airflow/dags/dl_dailly_price.py
[2026-04-02T15:02:16.437+0000] {logging_mixin.py:188} INFO - [2026-04-02T15:02:16.437+0000] {dag.py:3089} INFO - Sync 1 DAGs
[2026-04-02T15:02:16.468+0000] {logging_mixin.py:188} INFO - [2026-04-02T15:02:16.468+0000] {dag.py:3947} INFO - Setting next_dagrun for daily_price to 2026-04-01 16:00:00+00:00, run_after=2026-04-02 16:00:00+00:00
[2026-04-02T15:02:16.495+0000] {processor.py:183} INFO - Processing /opt/airflow/dags/dl_dailly_price.py took 0.145 seconds
[2026-04-02T15:02:46.668+0000] {processor.py:161} INFO - Started process (PID=3417) to work on /opt/airflow/dags/dl_dailly_price.py
[2026-04-02T15:02:46.669+0000] {processor.py:830} INFO - Processing file /opt/airflow/dags/dl_dailly_price.py for tasks to queue
[2026-04-02T15:02:46.672+0000] {logging_mixin.py:188} INFO - [2026-04-02T15:02:46.672+0000] {dagbag.py:545} INFO - Filling up the DagBag from /opt/airflow/dags/dl_dailly_price.py
[2026-04-02T15:02:46.714+0000] {processor.py:840} INFO - DAG(s) 'daily_price' retrieved from /opt/airflow/dags/dl_dailly_price.py
[2026-04-02T15:02:46.743+0000] {logging_mixin.py:188} INFO - [2026-04-02T15:02:46.742+0000] {dag.py:3089} INFO - Sync 1 DAGs
[2026-04-02T15:02:46.769+0000] {logging_mixin.py:188} INFO - [2026-04-02T15:02:46.768+0000] {dag.py:3947} INFO - Setting next_dagrun for daily_price to 2026-04-01 16:00:00+00:00, run_after=2026-04-02 16:00:00+00:00
[2026-04-02T15:02:46.791+0000] {processor.py:183} INFO - Processing /opt/airflow/dags/dl_dailly_price.py took 0.129 seconds
[2026-04-02T15:03:17.325+0000] {processor.py:161} INFO - Started process (PID=3440) to work on /opt/airflow/dags/dl_dailly_price.py
[2026-04-02T15:03:17.326+0000] {processor.py:830} INFO - Processing file /opt/airflow/dags/dl_dailly_price.py for tasks to queue
[2026-04-02T15:03:17.328+0000] {logging_mixin.py:188} INFO - [2026-04-02T15:03:17.328+0000] {dagbag.py:545} INFO - Filling up the DagBag from /opt/airflow/dags/dl_dailly_price.py
[2026-04-02T15:03:17.359+0000] {processor.py:840} INFO - DAG(s) 'daily_price' retrieved from /opt/airflow/dags/dl_dailly_price.py
[2026-04-02T15:03:17.380+0000] {logging_mixin.py:188} INFO - [2026-04-02T15:03:17.379+0000] {dag.py:3089} INFO - Sync 1 DAGs
[2026-04-02T15:03:17.402+0000] {logging_mixin.py:188} INFO - [2026-04-02T15:03:17.401+0000] {dag.py:3947} INFO - Setting next_dagrun for daily_price to 2026-04-01 16:00:00+00:00, run_after=2026-04-02 16:00:00+00:00
[2026-04-02T15:03:17.422+0000] {processor.py:183} INFO - Processing /opt/airflow/dags/dl_dailly_price.py took 0.102 seconds
[2026-04-02T15:03:47.696+0000] {processor.py:161} INFO - Started process (PID=3463) to work on /opt/airflow/dags/dl_dailly_price.py
[2026-04-02T15:03:47.697+0000] {processor.py:830} INFO - Processing file /opt/airflow/dags/dl_dailly_price.py for tasks to queue
[2026-04-02T15:03:47.699+0000] {logging_mixin.py:188} INFO - [2026-04-02T15:03:47.699+0000] {dagbag.py:545} INFO - Filling up the DagBag from /opt/airflow/dags/dl_dailly_price.py
[2026-04-02T15:03:47.726+0000] {processor.py:840} INFO - DAG(s) 'daily_price' retrieved from /opt/airflow/dags/dl_dailly_price.py
[2026-04-02T15:03:47.747+0000] {logging_mixin.py:188} INFO - [2026-04-02T15:03:47.747+0000] {dag.py:3089} INFO - Sync 1 DAGs
[2026-04-02T15:03:47.770+0000] {logging_mixin.py:188} INFO - [2026-04-02T15:03:47.770+0000] {dag.py:3947} INFO - Setting next_dagrun for daily_price to 2026-04-01 16:00:00+00:00, run_after=2026-04-02 16:00:00+00:00
[2026-04-02T15:03:47.789+0000] {processor.py:183} INFO - Processing /opt/airflow/dags/dl_dailly_price.py took 0.099 seconds
[2026-04-02T15:04:18.149+0000] {processor.py:161} INFO - Started process (PID=3486) to work on /opt/airflow/dags/dl_dailly_price.py
[2026-04-02T15:04:18.150+0000] {processor.py:830} INFO - Processing file /opt/airflow/dags/dl_dailly_price.py for tasks to queue
[2026-04-02T15:04:18.153+0000] {logging_mixin.py:188} INFO - [2026-04-02T15:04:18.152+0000] {dagbag.py:545} INFO - Filling up the DagBag from /opt/airflow/dags/dl_dailly_price.py
[2026-04-02T15:04:18.180+0000] {processor.py:840} INFO - DAG(s) 'daily_price' retrieved from /opt/airflow/dags/dl_dailly_price.py
[2026-04-02T15:04:18.200+0000] {logging_mixin.py:188} INFO - [2026-04-02T15:04:18.199+0000] {dag.py:3089} INFO - Sync 1 DAGs
[2026-04-02T15:04:18.222+0000] {logging_mixin.py:188} INFO - [2026-04-02T15:04:18.222+0000] {dag.py:3947} INFO - Setting next_dagrun for daily_price to 2026-04-01 16:00:00+00:00, run_after=2026-04-02 16:00:00+00:00
[2026-04-02T15:04:18.240+0000] {processor.py:183} INFO - Processing /opt/airflow/dags/dl_dailly_price.py took 0.097 seconds
[2026-04-02T15:04:48.464+0000] {processor.py:161} INFO - Started process (PID=3509) to work on /opt/airflow/dags/dl_dailly_price.py
[2026-04-02T15:04:48.465+0000] {processor.py:830} INFO - Processing file /opt/airflow/dags/dl_dailly_price.py for tasks to queue
[2026-04-02T15:04:48.468+0000] {logging_mixin.py:188} INFO - [2026-04-02T15:04:48.468+0000] {dagbag.py:545} INFO - Filling up the DagBag from /opt/airflow/dags/dl_dailly_price.py
[2026-04-02T15:04:48.497+0000] {processor.py:840} INFO - DAG(s) 'daily_price' retrieved from /opt/airflow/dags/dl_dailly_price.py
[2026-04-02T15:04:48.528+0000] {logging_mixin.py:188} INFO - [2026-04-02T15:04:48.528+0000] {dag.py:3089} INFO - Sync 1 DAGs
[2026-04-02T15:04:48.559+0000] {logging_mixin.py:188} INFO - [2026-04-02T15:04:48.559+0000] {dag.py:3947} INFO - Setting next_dagrun for daily_price to 2026-04-01 16:00:00+00:00, run_after=2026-04-02 16:00:00+00:00
[2026-04-02T15:04:48.585+0000] {processor.py:183} INFO - Processing /opt/airflow/dags/dl_dailly_price.py took 0.126 seconds
[2026-04-02T15:05:19.310+0000] {processor.py:161} INFO - Started process (PID=3532) to work on /opt/airflow/dags/dl_dailly_price.py
[2026-04-02T15:05:19.311+0000] {processor.py:830} INFO - Processing file /opt/airflow/dags/dl_dailly_price.py for tasks to queue
[2026-04-02T15:05:19.313+0000] {logging_mixin.py:188} INFO - [2026-04-02T15:05:19.313+0000] {dagbag.py:545} INFO - Filling up the DagBag from /opt/airflow/dags/dl_dailly_price.py
[2026-04-02T15:05:19.341+0000] {processor.py:840} INFO - DAG(s) 'daily_price' retrieved from /opt/airflow/dags/dl_dailly_price.py
[2026-04-02T15:05:19.369+0000] {logging_mixin.py:188} INFO - [2026-04-02T15:05:19.368+0000] {dag.py:3089} INFO - Sync 1 DAGs
[2026-04-02T15:05:19.393+0000] {logging_mixin.py:188} INFO - [2026-04-02T15:05:19.393+0000] {dag.py:3947} INFO - Setting next_dagrun for daily_price to 2026-04-01 16:00:00+00:00, run_after=2026-04-02 16:00:00+00:00
[2026-04-02T15:05:19.415+0000] {processor.py:183} INFO - Processing /opt/airflow/dags/dl_dailly_price.py took 0.110 seconds
[2026-04-02T15:05:49.688+0000] {processor.py:161} INFO - Started process (PID=3555) to work on /opt/airflow/dags/dl_dailly_price.py
[2026-04-02T15:05:49.689+0000] {processor.py:830} INFO - Processing file /opt/airflow/dags/dl_dailly_price.py for tasks to queue
[2026-04-02T15:05:49.691+0000] {logging_mixin.py:188} INFO - [2026-04-02T15:05:49.691+0000] {dagbag.py:545} INFO - Filling up the DagBag from /opt/airflow/dags/dl_dailly_price.py
[2026-04-02T15:05:49.718+0000] {processor.py:840} INFO - DAG(s) 'daily_price' retrieved from /opt/airflow/dags/dl_dailly_price.py
[2026-04-02T15:05:49.740+0000] {logging_mixin.py:188} INFO - [2026-04-02T15:05:49.740+0000] {dag.py:3089} INFO - Sync 1 DAGs
[2026-04-02T15:05:49.765+0000] {logging_mixin.py:188} INFO - [2026-04-02T15:05:49.764+0000] {dag.py:3947} INFO - Setting next_dagrun for daily_price to 2026-04-01 16:00:00+00:00, run_after=2026-04-02 16:00:00+00:00
[2026-04-02T15:05:49.785+0000] {processor.py:183} INFO - Processing /opt/airflow/dags/dl_dailly_price.py took 0.102 seconds
[2026-04-02T15:06:20.148+0000] {processor.py:161} INFO - Started process (PID=3578) to work on /opt/airflow/dags/dl_dailly_price.py
[2026-04-02T15:06:20.149+0000] {processor.py:830} INFO - Processing file /opt/airflow/dags/dl_dailly_price.py for tasks to queue
[2026-04-02T15:06:20.151+0000] {logging_mixin.py:188} INFO - [2026-04-02T15:06:20.151+0000] {dagbag.py:545} INFO - Filling up the DagBag from /opt/airflow/dags/dl_dailly_price.py
[2026-04-02T15:06:20.178+0000] {processor.py:840} INFO - DAG(s) 'daily_price' retrieved from /opt/airflow/dags/dl_dailly_price.py
[2026-04-02T15:06:20.201+0000] {logging_mixin.py:188} INFO - [2026-04-02T15:06:20.201+0000] {dag.py:3089} INFO - Sync 1 DAGs
[2026-04-02T15:06:20.222+0000] {logging_mixin.py:188} INFO - [2026-04-02T15:06:20.222+0000] {dag.py:3947} INFO - Setting next_dagrun for daily_price to 2026-04-01 16:00:00+00:00, run_after=2026-04-02 16:00:00+00:00
[2026-04-02T15:06:20.240+0000] {processor.py:183} INFO - Processing /opt/airflow/dags/dl_dailly_price.py took 0.097 seconds
[2026-04-02T15:06:50.643+0000] {processor.py:161} INFO - Started process (PID=3601) to work on /opt/airflow/dags/dl_dailly_price.py
[2026-04-02T15:06:50.644+0000] {processor.py:830} INFO - Processing file /opt/airflow/dags/dl_dailly_price.py for tasks to queue
[2026-04-02T15:06:50.646+0000] {logging_mixin.py:188} INFO - [2026-04-02T15:06:50.646+0000] {dagbag.py:545} INFO - Filling up the DagBag from /opt/airflow/dags/dl_dailly_price.py
[2026-04-02T15:06:50.675+0000] {processor.py:840} INFO - DAG(s) 'daily_price' retrieved from /opt/airflow/dags/dl_dailly_price.py
[2026-04-02T15:06:50.696+0000] {logging_mixin.py:188} INFO - [2026-04-02T15:06:50.696+0000] {dag.py:3089} INFO - Sync 1 DAGs
[2026-04-02T15:06:50.717+0000] {logging_mixin.py:188} INFO - [2026-04-02T15:06:50.716+0000] {dag.py:3947} INFO - Setting next_dagrun for daily_price to 2026-04-01 16:00:00+00:00, run_after=2026-04-02 16:00:00+00:00
[2026-04-02T15:06:50.734+0000] {processor.py:183} INFO - Processing /opt/airflow/dags/dl_dailly_price.py took 0.096 seconds
[2026-04-02T15:07:21.091+0000] {processor.py:161} INFO - Started process (PID=3624) to work on /opt/airflow/dags/dl_dailly_price.py
[2026-04-02T15:07:21.092+0000] {processor.py:830} INFO - Processing file /opt/airflow/dags/dl_dailly_price.py for tasks to queue
[2026-04-02T15:07:21.094+0000] {logging_mixin.py:188} INFO - [2026-04-02T15:07:21.094+0000] {dagbag.py:545} INFO - Filling up the DagBag from /opt/airflow/dags/dl_dailly_price.py
[2026-04-02T15:07:21.121+0000] {processor.py:840} INFO - DAG(s) 'daily_price' retrieved from /opt/airflow/dags/dl_dailly_price.py
[2026-04-02T15:07:21.142+0000] {logging_mixin.py:188} INFO - [2026-04-02T15:07:21.142+0000] {dag.py:3089} INFO - Sync 1 DAGs
[2026-04-02T15:07:21.164+0000] {logging_mixin.py:188} INFO - [2026-04-02T15:07:21.164+0000] {dag.py:3947} INFO - Setting next_dagrun for daily_price to 2026-04-01 16:00:00+00:00, run_after=2026-04-02 16:00:00+00:00
[2026-04-02T15:07:21.186+0000] {processor.py:183} INFO - Processing /opt/airflow/dags/dl_dailly_price.py took 0.102 seconds
[2026-04-02T15:07:51.700+0000] {processor.py:161} INFO - Started process (PID=3647) to work on /opt/airflow/dags/dl_dailly_price.py
[2026-04-02T15:07:51.701+0000] {processor.py:830} INFO - Processing file /opt/airflow/dags/dl_dailly_price.py for tasks to queue
[2026-04-02T15:07:51.703+0000] {logging_mixin.py:188} INFO - [2026-04-02T15:07:51.702+0000] {dagbag.py:545} INFO - Filling up the DagBag from /opt/airflow/dags/dl_dailly_price.py
[2026-04-02T15:07:51.731+0000] {processor.py:840} INFO - DAG(s) 'daily_price' retrieved from /opt/airflow/dags/dl_dailly_price.py
[2026-04-02T15:07:51.751+0000] {logging_mixin.py:188} INFO - [2026-04-02T15:07:51.751+0000] {dag.py:3089} INFO - Sync 1 DAGs
[2026-04-02T15:07:51.773+0000] {logging_mixin.py:188} INFO - [2026-04-02T15:07:51.773+0000] {dag.py:3947} INFO - Setting next_dagrun for daily_price to 2026-04-01 16:00:00+00:00, run_after=2026-04-02 16:00:00+00:00
[2026-04-02T15:07:51.790+0000] {processor.py:183} INFO - Processing /opt/airflow/dags/dl_dailly_price.py took 0.096 seconds
[2026-04-02T15:08:22.159+0000] {processor.py:161} INFO - Started process (PID=3670) to work on /opt/airflow/dags/dl_dailly_price.py
[2026-04-02T15:08:22.160+0000] {processor.py:830} INFO - Processing file /opt/airflow/dags/dl_dailly_price.py for tasks to queue
[2026-04-02T15:08:22.162+0000] {logging_mixin.py:188} INFO - [2026-04-02T15:08:22.162+0000] {dagbag.py:545} INFO - Filling up the DagBag from /opt/airflow/dags/dl_dailly_price.py
[2026-04-02T15:08:22.189+0000] {processor.py:840} INFO - DAG(s) 'daily_price' retrieved from /opt/airflow/dags/dl_dailly_price.py
[2026-04-02T15:08:22.210+0000] {logging_mixin.py:188} INFO - [2026-04-02T15:08:22.210+0000] {dag.py:3089} INFO - Sync 1 DAGs
[2026-04-02T15:08:22.230+0000] {logging_mixin.py:188} INFO - [2026-04-02T15:08:22.230+0000] {dag.py:3947} INFO - Setting next_dagrun for daily_price to 2026-04-01 16:00:00+00:00, run_after=2026-04-02 16:00:00+00:00
[2026-04-02T15:08:22.247+0000] {processor.py:183} INFO - Processing /opt/airflow/dags/dl_dailly_price.py took 0.093 seconds
[2026-04-02T15:08:52.656+0000] {processor.py:161} INFO - Started process (PID=3693) to work on /opt/airflow/dags/dl_dailly_price.py
[2026-04-02T15:08:52.657+0000] {processor.py:830} INFO - Processing file /opt/airflow/dags/dl_dailly_price.py for tasks to queue
[2026-04-02T15:08:52.659+0000] {logging_mixin.py:188} INFO - [2026-04-02T15:08:52.659+0000] {dagbag.py:545} INFO - Filling up the DagBag from /opt/airflow/dags/dl_dailly_price.py
[2026-04-02T15:08:52.686+0000] {processor.py:840} INFO - DAG(s) 'daily_price' retrieved from /opt/airflow/dags/dl_dailly_price.py
[2026-04-02T15:08:52.707+0000] {logging_mixin.py:188} INFO - [2026-04-02T15:08:52.707+0000] {dag.py:3089} INFO - Sync 1 DAGs
[2026-04-02T15:08:52.728+0000] {logging_mixin.py:188} INFO - [2026-04-02T15:08:52.728+0000] {dag.py:3947} INFO - Setting next_dagrun for daily_price to 2026-04-01 16:00:00+00:00, run_after=2026-04-02 16:00:00+00:00
[2026-04-02T15:08:52.745+0000] {processor.py:183} INFO - Processing /opt/airflow/dags/dl_dailly_price.py took 0.095 seconds
[2026-04-02T15:09:23.211+0000] {processor.py:161} INFO - Started process (PID=3716) to work on /opt/airflow/dags/dl_dailly_price.py
[2026-04-02T15:09:23.211+0000] {processor.py:830} INFO - Processing file /opt/airflow/dags/dl_dailly_price.py for tasks to queue
[2026-04-02T15:09:23.214+0000] {logging_mixin.py:188} INFO - [2026-04-02T15:09:23.214+0000] {dagbag.py:545} INFO - Filling up the DagBag from /opt/airflow/dags/dl_dailly_price.py
[2026-04-02T15:09:23.252+0000] {processor.py:840} INFO - DAG(s) 'daily_price' retrieved from /opt/airflow/dags/dl_dailly_price.py
[2026-04-02T15:09:23.276+0000] {logging_mixin.py:188} INFO - [2026-04-02T15:09:23.276+0000] {dag.py:3089} INFO - Sync 1 DAGs
[2026-04-02T15:09:23.298+0000] {logging_mixin.py:188} INFO - [2026-04-02T15:09:23.297+0000] {dag.py:3947} INFO - Setting next_dagrun for daily_price to 2026-04-01 16:00:00+00:00, run_after=2026-04-02 16:00:00+00:00
[2026-04-02T15:09:23.314+0000] {processor.py:183} INFO - Processing /opt/airflow/dags/dl_dailly_price.py took 0.110 seconds
[2026-04-02T15:09:53.676+0000] {processor.py:161} INFO - Started process (PID=3739) to work on /opt/airflow/dags/dl_dailly_price.py
[2026-04-02T15:09:53.677+0000] {processor.py:830} INFO - Processing file /opt/airflow/dags/dl_dailly_price.py for tasks to queue
[2026-04-02T15:09:53.679+0000] {logging_mixin.py:188} INFO - [2026-04-02T15:09:53.679+0000] {dagbag.py:545} INFO - Filling up the DagBag from /opt/airflow/dags/dl_dailly_price.py
[2026-04-02T15:09:53.705+0000] {processor.py:840} INFO - DAG(s) 'daily_price' retrieved from /opt/airflow/dags/dl_dailly_price.py
[2026-04-02T15:09:53.726+0000] {logging_mixin.py:188} INFO - [2026-04-02T15:09:53.726+0000] {dag.py:3089} INFO - Sync 1 DAGs
[2026-04-02T15:09:53.750+0000] {logging_mixin.py:188} INFO - [2026-04-02T15:09:53.750+0000] {dag.py:3947} INFO - Setting next_dagrun for daily_price to 2026-04-01 16:00:00+00:00, run_after=2026-04-02 16:00:00+00:00
[2026-04-02T15:09:53.773+0000] {processor.py:183} INFO - Processing /opt/airflow/dags/dl_dailly_price.py took 0.102 seconds
[2026-04-02T15:10:24.276+0000] {processor.py:161} INFO - Started process (PID=3762) to work on /opt/airflow/dags/dl_dailly_price.py
[2026-04-02T15:10:24.277+0000] {processor.py:830} INFO - Processing file /opt/airflow/dags/dl_dailly_price.py for tasks to queue
[2026-04-02T15:10:24.279+0000] {logging_mixin.py:188} INFO - [2026-04-02T15:10:24.279+0000] {dagbag.py:545} INFO - Filling up the DagBag from /opt/airflow/dags/dl_dailly_price.py
[2026-04-02T15:10:24.306+0000] {processor.py:840} INFO - DAG(s) 'daily_price' retrieved from /opt/airflow/dags/dl_dailly_price.py
[2026-04-02T15:10:24.328+0000] {logging_mixin.py:188} INFO - [2026-04-02T15:10:24.327+0000] {dag.py:3089} INFO - Sync 1 DAGs
[2026-04-02T15:10:24.349+0000] {logging_mixin.py:188} INFO - [2026-04-02T15:10:24.348+0000] {dag.py:3947} INFO - Setting next_dagrun for daily_price to 2026-04-01 16:00:00+00:00, run_after=2026-04-02 16:00:00+00:00
[2026-04-02T15:10:24.366+0000] {processor.py:183} INFO - Processing /opt/airflow/dags/dl_dailly_price.py took 0.095 seconds
[2026-04-02T15:10:54.654+0000] {processor.py:161} INFO - Started process (PID=3785) to work on /opt/airflow/dags/dl_dailly_price.py
[2026-04-02T15:10:54.655+0000] {processor.py:830} INFO - Processing file /opt/airflow/dags/dl_dailly_price.py for tasks to queue
[2026-04-02T15:10:54.658+0000] {logging_mixin.py:188} INFO - [2026-04-02T15:10:54.657+0000] {dagbag.py:545} INFO - Filling up the DagBag from /opt/airflow/dags/dl_dailly_price.py
[2026-04-02T15:10:54.687+0000] {processor.py:840} INFO - DAG(s) 'daily_price' retrieved from /opt/airflow/dags/dl_dailly_price.py
[2026-04-02T15:10:54.709+0000] {logging_mixin.py:188} INFO - [2026-04-02T15:10:54.709+0000] {dag.py:3089} INFO - Sync 1 DAGs
[2026-04-02T15:10:54.731+0000] {logging_mixin.py:188} INFO - [2026-04-02T15:10:54.730+0000] {dag.py:3947} INFO - Setting next_dagrun for daily_price to 2026-04-01 16:00:00+00:00, run_after=2026-04-02 16:00:00+00:00
[2026-04-02T15:10:54.749+0000] {processor.py:183} INFO - Processing /opt/airflow/dags/dl_dailly_price.py took 0.101 seconds
[2026-04-02T15:11:25.216+0000] {processor.py:161} INFO - Started process (PID=3808) to work on /opt/airflow/dags/dl_dailly_price.py
[2026-04-02T15:11:25.217+0000] {processor.py:830} INFO - Processing file /opt/airflow/dags/dl_dailly_price.py for tasks to queue
[2026-04-02T15:11:25.219+0000] {logging_mixin.py:188} INFO - [2026-04-02T15:11:25.219+0000] {dagbag.py:545} INFO - Filling up the DagBag from /opt/airflow/dags/dl_dailly_price.py
[2026-04-02T15:11:25.254+0000] {processor.py:840} INFO - DAG(s) 'daily_price' retrieved from /opt/airflow/dags/dl_dailly_price.py
[2026-04-02T15:11:25.278+0000] {logging_mixin.py:188} INFO - [2026-04-02T15:11:25.278+0000] {dag.py:3089} INFO - Sync 1 DAGs
[2026-04-02T15:11:25.299+0000] {logging_mixin.py:188} INFO - [2026-04-02T15:11:25.299+0000] {dag.py:3947} INFO - Setting next_dagrun for daily_price to 2026-04-01 16:00:00+00:00, run_after=2026-04-02 16:00:00+00:00
[2026-04-02T15:11:25.318+0000] {processor.py:183} INFO - Processing /opt/airflow/dags/dl_dailly_price.py took 0.109 seconds
[2026-04-02T15:11:55.833+0000] {processor.py:161} INFO - Started process (PID=3831) to work on /opt/airflow/dags/dl_dailly_price.py
[2026-04-02T15:11:55.834+0000] {processor.py:830} INFO - Processing file /opt/airflow/dags/dl_dailly_price.py for tasks to queue
[2026-04-02T15:11:55.836+0000] {logging_mixin.py:188} INFO - [2026-04-02T15:11:55.836+0000] {dagbag.py:545} INFO - Filling up the DagBag from /opt/airflow/dags/dl_dailly_price.py
[2026-04-02T15:11:55.867+0000] {processor.py:840} INFO - DAG(s) 'daily_price' retrieved from /opt/airflow/dags/dl_dailly_price.py
[2026-04-02T15:11:55.888+0000] {logging_mixin.py:188} INFO - [2026-04-02T15:11:55.888+0000] {dag.py:3089} INFO - Sync 1 DAGs
[2026-04-02T15:11:55.913+0000] {logging_mixin.py:188} INFO - [2026-04-02T15:11:55.913+0000] {dag.py:3947} INFO - Setting next_dagrun for daily_price to 2026-04-01 16:00:00+00:00, run_after=2026-04-02 16:00:00+00:00
[2026-04-02T15:11:55.933+0000] {processor.py:183} INFO - Processing /opt/airflow/dags/dl_dailly_price.py took 0.106 seconds
[2026-04-02T15:12:26.237+0000] {processor.py:161} INFO - Started process (PID=3854) to work on /opt/airflow/dags/dl_dailly_price.py
[2026-04-02T15:12:26.238+0000] {processor.py:830} INFO - Processing file /opt/airflow/dags/dl_dailly_price.py for tasks to queue
[2026-04-02T15:12:26.240+0000] {logging_mixin.py:188} INFO - [2026-04-02T15:12:26.239+0000] {dagbag.py:545} INFO - Filling up the DagBag from /opt/airflow/dags/dl_dailly_price.py
[2026-04-02T15:12:26.265+0000] {processor.py:840} INFO - DAG(s) 'daily_price' retrieved from /opt/airflow/dags/dl_dailly_price.py
[2026-04-02T15:12:26.285+0000] {logging_mixin.py:188} INFO - [2026-04-02T15:12:26.285+0000] {dag.py:3089} INFO - Sync 1 DAGs
[2026-04-02T15:12:26.305+0000] {logging_mixin.py:188} INFO - [2026-04-02T15:12:26.305+0000] {dag.py:3947} INFO - Setting next_dagrun for daily_price to 2026-04-01 16:00:00+00:00, run_after=2026-04-02 16:00:00+00:00
[2026-04-02T15:12:26.324+0000] {processor.py:183} INFO - Processing /opt/airflow/dags/dl_dailly_price.py took 0.093 seconds
[2026-04-02T15:12:56.788+0000] {processor.py:161} INFO - Started process (PID=3877) to work on /opt/airflow/dags/dl_dailly_price.py
[2026-04-02T15:12:56.788+0000] {processor.py:830} INFO - Processing file /opt/airflow/dags/dl_dailly_price.py for tasks to queue
[2026-04-02T15:12:56.791+0000] {logging_mixin.py:188} INFO - [2026-04-02T15:12:56.791+0000] {dagbag.py:545} INFO - Filling up the DagBag from /opt/airflow/dags/dl_dailly_price.py
[2026-04-02T15:12:56.817+0000] {processor.py:840} INFO - DAG(s) 'daily_price' retrieved from /opt/airflow/dags/dl_dailly_price.py
[2026-04-02T15:12:56.838+0000] {logging_mixin.py:188} INFO - [2026-04-02T15:12:56.838+0000] {dag.py:3089} INFO - Sync 1 DAGs
[2026-04-02T15:12:56.859+0000] {logging_mixin.py:188} INFO - [2026-04-02T15:12:56.859+0000] {dag.py:3947} INFO - Setting next_dagrun for daily_price to 2026-04-01 16:00:00+00:00, run_after=2026-04-02 16:00:00+00:00
[2026-04-02T15:12:56.879+0000] {processor.py:183} INFO - Processing /opt/airflow/dags/dl_dailly_price.py took 0.097 seconds
[2026-04-02T15:13:27.162+0000] {processor.py:161} INFO - Started process (PID=3900) to work on /opt/airflow/dags/dl_dailly_price.py
[2026-04-02T15:13:27.163+0000] {processor.py:830} INFO - Processing file /opt/airflow/dags/dl_dailly_price.py for tasks to queue
[2026-04-02T15:13:27.165+0000] {logging_mixin.py:188} INFO - [2026-04-02T15:13:27.165+0000] {dagbag.py:545} INFO - Filling up the DagBag from /opt/airflow/dags/dl_dailly_price.py
[2026-04-02T15:13:27.191+0000] {processor.py:840} INFO - DAG(s) 'daily_price' retrieved from /opt/airflow/dags/dl_dailly_price.py
[2026-04-02T15:13:27.213+0000] {logging_mixin.py:188} INFO - [2026-04-02T15:13:27.213+0000] {dag.py:3089} INFO - Sync 1 DAGs
[2026-04-02T15:13:27.235+0000] {logging_mixin.py:188} INFO - [2026-04-02T15:13:27.235+0000] {dag.py:3947} INFO - Setting next_dagrun for daily_price to 2026-04-01 16:00:00+00:00, run_after=2026-04-02 16:00:00+00:00
[2026-04-02T15:13:27.253+0000] {processor.py:183} INFO - Processing /opt/airflow/dags/dl_dailly_price.py took 0.096 seconds
[2026-04-02T15:13:57.814+0000] {processor.py:161} INFO - Started process (PID=3923) to work on /opt/airflow/dags/dl_dailly_price.py
[2026-04-02T15:13:57.815+0000] {processor.py:830} INFO - Processing file /opt/airflow/dags/dl_dailly_price.py for tasks to queue
[2026-04-02T15:13:57.817+0000] {logging_mixin.py:188} INFO - [2026-04-02T15:13:57.817+0000] {dagbag.py:545} INFO - Filling up the DagBag from /opt/airflow/dags/dl_dailly_price.py
[2026-04-02T15:13:57.853+0000] {processor.py:840} INFO - DAG(s) 'daily_price' retrieved from /opt/airflow/dags/dl_dailly_price.py
[2026-04-02T15:13:57.881+0000] {logging_mixin.py:188} INFO - [2026-04-02T15:13:57.881+0000] {dag.py:3089} INFO - Sync 1 DAGs
[2026-04-02T15:13:57.908+0000] {logging_mixin.py:188} INFO - [2026-04-02T15:13:57.908+0000] {dag.py:3947} INFO - Setting next_dagrun for daily_price to 2026-04-01 16:00:00+00:00, run_after=2026-04-02 16:00:00+00:00
[2026-04-02T15:13:57.927+0000] {processor.py:183} INFO - Processing /opt/airflow/dags/dl_dailly_price.py took 0.120 seconds
[2026-04-02T15:14:28.375+0000] {processor.py:161} INFO - Started process (PID=3946) to work on /opt/airflow/dags/dl_dailly_price.py
[2026-04-02T15:14:28.376+0000] {processor.py:830} INFO - Processing file /opt/airflow/dags/dl_dailly_price.py for tasks to queue
[2026-04-02T15:14:28.378+0000] {logging_mixin.py:188} INFO - [2026-04-02T15:14:28.378+0000] {dagbag.py:545} INFO - Filling up the DagBag from /opt/airflow/dags/dl_dailly_price.py
[2026-04-02T15:14:28.412+0000] {processor.py:840} INFO - DAG(s) 'daily_price' retrieved from /opt/airflow/dags/dl_dailly_price.py
[2026-04-02T15:14:28.434+0000] {logging_mixin.py:188} INFO - [2026-04-02T15:14:28.434+0000] {dag.py:3089} INFO - Sync 1 DAGs
[2026-04-02T15:14:28.457+0000] {logging_mixin.py:188} INFO - [2026-04-02T15:14:28.456+0000] {dag.py:3947} INFO - Setting next_dagrun for daily_price to 2026-04-01 16:00:00+00:00, run_after=2026-04-02 16:00:00+00:00
[2026-04-02T15:14:28.477+0000] {processor.py:183} INFO - Processing /opt/airflow/dags/dl_dailly_price.py took 0.108 seconds
[2026-04-02T15:14:58.835+0000] {processor.py:161} INFO - Started process (PID=3969) to work on /opt/airflow/dags/dl_dailly_price.py
[2026-04-02T15:14:58.836+0000] {processor.py:830} INFO - Processing file /opt/airflow/dags/dl_dailly_price.py for tasks to queue
[2026-04-02T15:14:58.838+0000] {logging_mixin.py:188} INFO - [2026-04-02T15:14:58.838+0000] {dagbag.py:545} INFO - Filling up the DagBag from /opt/airflow/dags/dl_dailly_price.py
[2026-04-02T15:14:58.865+0000] {processor.py:840} INFO - DAG(s) 'daily_price' retrieved from /opt/airflow/dags/dl_dailly_price.py
[2026-04-02T15:14:58.886+0000] {logging_mixin.py:188} INFO - [2026-04-02T15:14:58.886+0000] {dag.py:3089} INFO - Sync 1 DAGs
[2026-04-02T15:14:58.907+0000] {logging_mixin.py:188} INFO - [2026-04-02T15:14:58.907+0000] {dag.py:3947} INFO - Setting next_dagrun for daily_price to 2026-04-01 16:00:00+00:00, run_after=2026-04-02 16:00:00+00:00
[2026-04-02T15:14:58.925+0000] {processor.py:183} INFO - Processing /opt/airflow/dags/dl_dailly_price.py took 0.097 seconds
[2026-04-02T15:15:29.621+0000] {processor.py:161} INFO - Started process (PID=3992) to work on /opt/airflow/dags/dl_dailly_price.py
[2026-04-02T15:15:29.621+0000] {processor.py:830} INFO - Processing file /opt/airflow/dags/dl_dailly_price.py for tasks to queue
[2026-04-02T15:15:29.624+0000] {logging_mixin.py:188} INFO - [2026-04-02T15:15:29.623+0000] {dagbag.py:545} INFO - Filling up the DagBag from /opt/airflow/dags/dl_dailly_price.py
[2026-04-02T15:15:29.650+0000] {processor.py:840} INFO - DAG(s) 'daily_price' retrieved from /opt/airflow/dags/dl_dailly_price.py
[2026-04-02T15:15:29.671+0000] {logging_mixin.py:188} INFO - [2026-04-02T15:15:29.671+0000] {dag.py:3089} INFO - Sync 1 DAGs
[2026-04-02T15:15:29.693+0000] {logging_mixin.py:188} INFO - [2026-04-02T15:15:29.693+0000] {dag.py:3947} INFO - Setting next_dagrun for daily_price to 2026-04-01 16:00:00+00:00, run_after=2026-04-02 16:00:00+00:00
[2026-04-02T15:15:29.714+0000] {processor.py:183} INFO - Processing /opt/airflow/dags/dl_dailly_price.py took 0.098 seconds
[2026-04-02T15:16:00.165+0000] {processor.py:161} INFO - Started process (PID=4015) to work on /opt/airflow/dags/dl_dailly_price.py
[2026-04-02T15:16:00.166+0000] {processor.py:830} INFO - Processing file /opt/airflow/dags/dl_dailly_price.py for tasks to queue
[2026-04-02T15:16:00.169+0000] {logging_mixin.py:188} INFO - [2026-04-02T15:16:00.168+0000] {dagbag.py:545} INFO - Filling up the DagBag from /opt/airflow/dags/dl_dailly_price.py
[2026-04-02T15:16:00.203+0000] {processor.py:840} INFO - DAG(s) 'daily_price' retrieved from /opt/airflow/dags/dl_dailly_price.py
[2026-04-02T15:16:00.224+0000] {logging_mixin.py:188} INFO - [2026-04-02T15:16:00.224+0000] {dag.py:3089} INFO - Sync 1 DAGs
[2026-04-02T15:16:00.245+0000] {logging_mixin.py:188} INFO - [2026-04-02T15:16:00.245+0000] {dag.py:3947} INFO - Setting next_dagrun for daily_price to 2026-04-01 16:00:00+00:00, run_after=2026-04-02 16:00:00+00:00
[2026-04-02T15:16:00.263+0000] {processor.py:183} INFO - Processing /opt/airflow/dags/dl_dailly_price.py took 0.104 seconds
[2026-04-02T15:16:30.786+0000] {processor.py:161} INFO - Started process (PID=4038) to work on /opt/airflow/dags/dl_dailly_price.py
[2026-04-02T15:16:30.787+0000] {processor.py:830} INFO - Processing file /opt/airflow/dags/dl_dailly_price.py for tasks to queue
[2026-04-02T15:16:30.790+0000] {logging_mixin.py:188} INFO - [2026-04-02T15:16:30.789+0000] {dagbag.py:545} INFO - Filling up the DagBag from /opt/airflow/dags/dl_dailly_price.py
[2026-04-02T15:16:30.818+0000] {processor.py:840} INFO - DAG(s) 'daily_price' retrieved from /opt/airflow/dags/dl_dailly_price.py
[2026-04-02T15:16:30.840+0000] {logging_mixin.py:188} INFO - [2026-04-02T15:16:30.840+0000] {dag.py:3089} INFO - Sync 1 DAGs
[2026-04-02T15:16:30.865+0000] {logging_mixin.py:188} INFO - [2026-04-02T15:16:30.865+0000] {dag.py:3947} INFO - Setting next_dagrun for daily_price to 2026-04-01 16:00:00+00:00, run_after=2026-04-02 16:00:00+00:00
[2026-04-02T15:16:30.890+0000] {processor.py:183} INFO - Processing /opt/airflow/dags/dl_dailly_price.py took 0.110 seconds
[2026-04-02T15:17:01.278+0000] {processor.py:161} INFO - Started process (PID=4061) to work on /opt/airflow/dags/dl_dailly_price.py
[2026-04-02T15:17:01.279+0000] {processor.py:830} INFO - Processing file /opt/airflow/dags/dl_dailly_price.py for tasks to queue
[2026-04-02T15:17:01.282+0000] {logging_mixin.py:188} INFO - [2026-04-02T15:17:01.281+0000] {dagbag.py:545} INFO - Filling up the DagBag from /opt/airflow/dags/dl_dailly_price.py
[2026-04-02T15:17:01.307+0000] {processor.py:840} INFO - DAG(s) 'daily_price' retrieved from /opt/airflow/dags/dl_dailly_price.py
[2026-04-02T15:17:01.329+0000] {logging_mixin.py:188} INFO - [2026-04-02T15:17:01.329+0000] {dag.py:3089} INFO - Sync 1 DAGs
[2026-04-02T15:17:01.350+0000] {logging_mixin.py:188} INFO - [2026-04-02T15:17:01.349+0000] {dag.py:3947} INFO - Setting next_dagrun for daily_price to 2026-04-01 16:00:00+00:00, run_after=2026-04-02 16:00:00+00:00
[2026-04-02T15:17:01.370+0000] {processor.py:183} INFO - Processing /opt/airflow/dags/dl_dailly_price.py took 0.097 seconds
[2026-04-02T15:17:31.811+0000] {processor.py:161} INFO - Started process (PID=4090) to work on /opt/airflow/dags/dl_dailly_price.py
[2026-04-02T15:17:31.812+0000] {processor.py:830} INFO - Processing file /opt/airflow/dags/dl_dailly_price.py for tasks to queue
[2026-04-02T15:17:31.814+0000] {logging_mixin.py:188} INFO - [2026-04-02T15:17:31.814+0000] {dagbag.py:545} INFO - Filling up the DagBag from /opt/airflow/dags/dl_dailly_price.py
[2026-04-02T15:17:31.840+0000] {processor.py:840} INFO - DAG(s) 'daily_price' retrieved from /opt/airflow/dags/dl_dailly_price.py
[2026-04-02T15:17:31.860+0000] {logging_mixin.py:188} INFO - [2026-04-02T15:17:31.860+0000] {dag.py:3089} INFO - Sync 1 DAGs
[2026-04-02T15:17:31.880+0000] {logging_mixin.py:188} INFO - [2026-04-02T15:17:31.880+0000] {dag.py:3947} INFO - Setting next_dagrun for daily_price to 2026-04-01 16:00:00+00:00, run_after=2026-04-02 16:00:00+00:00
[2026-04-02T15:17:31.901+0000] {processor.py:183} INFO - Processing /opt/airflow/dags/dl_dailly_price.py took 0.095 seconds
[2026-04-02T15:18:02.270+0000] {processor.py:161} INFO - Started process (PID=4114) to work on /opt/airflow/dags/dl_dailly_price.py
[2026-04-02T15:18:02.271+0000] {processor.py:830} INFO - Processing file /opt/airflow/dags/dl_dailly_price.py for tasks to queue
[2026-04-02T15:18:02.274+0000] {logging_mixin.py:188} INFO - [2026-04-02T15:18:02.274+0000] {dagbag.py:545} INFO - Filling up the DagBag from /opt/airflow/dags/dl_dailly_price.py
[2026-04-02T15:18:02.304+0000] {processor.py:840} INFO - DAG(s) 'daily_price' retrieved from /opt/airflow/dags/dl_dailly_price.py
[2026-04-02T15:18:02.325+0000] {logging_mixin.py:188} INFO - [2026-04-02T15:18:02.325+0000] {dag.py:3089} INFO - Sync 1 DAGs
[2026-04-02T15:18:02.348+0000] {logging_mixin.py:188} INFO - [2026-04-02T15:18:02.348+0000] {dag.py:3947} INFO - Setting next_dagrun for daily_price to 2026-04-01 16:00:00+00:00, run_after=2026-04-02 16:00:00+00:00
[2026-04-02T15:18:02.366+0000] {processor.py:183} INFO - Processing /opt/airflow/dags/dl_dailly_price.py took 0.101 seconds
[2026-04-02T15:18:32.737+0000] {processor.py:161} INFO - Started process (PID=4137) to work on /opt/airflow/dags/dl_dailly_price.py
[2026-04-02T15:18:32.737+0000] {processor.py:830} INFO - Processing file /opt/airflow/dags/dl_dailly_price.py for tasks to queue
[2026-04-02T15:18:32.740+0000] {logging_mixin.py:188} INFO - [2026-04-02T15:18:32.739+0000] {dagbag.py:545} INFO - Filling up the DagBag from /opt/airflow/dags/dl_dailly_price.py
[2026-04-02T15:18:32.766+0000] {processor.py:840} INFO - DAG(s) 'daily_price' retrieved from /opt/airflow/dags/dl_dailly_price.py
[2026-04-02T15:18:32.788+0000] {logging_mixin.py:188} INFO - [2026-04-02T15:18:32.788+0000] {dag.py:3089} INFO - Sync 1 DAGs
[2026-04-02T15:18:32.810+0000] {logging_mixin.py:188} INFO - [2026-04-02T15:18:32.810+0000] {dag.py:3947} INFO - Setting next_dagrun for daily_price to 2026-04-01 16:00:00+00:00, run_after=2026-04-02 16:00:00+00:00
[2026-04-02T15:18:32.832+0000] {processor.py:183} INFO - Processing /opt/airflow/dags/dl_dailly_price.py took 0.100 seconds
[2026-04-02T15:19:03.168+0000] {processor.py:161} INFO - Started process (PID=4160) to work on /opt/airflow/dags/dl_dailly_price.py
[2026-04-02T15:19:03.169+0000] {processor.py:830} INFO - Processing file /opt/airflow/dags/dl_dailly_price.py for tasks to queue
[2026-04-02T15:19:03.171+0000] {logging_mixin.py:188} INFO - [2026-04-02T15:19:03.171+0000] {dagbag.py:545} INFO - Filling up the DagBag from /opt/airflow/dags/dl_dailly_price.py
[2026-04-02T15:19:03.196+0000] {processor.py:840} INFO - DAG(s) 'daily_price' retrieved from /opt/airflow/dags/dl_dailly_price.py
[2026-04-02T15:19:03.218+0000] {logging_mixin.py:188} INFO - [2026-04-02T15:19:03.218+0000] {dag.py:3089} INFO - Sync 1 DAGs
[2026-04-02T15:19:03.241+0000] {logging_mixin.py:188} INFO - [2026-04-02T15:19:03.241+0000] {dag.py:3947} INFO - Setting next_dagrun for daily_price to 2026-04-01 16:00:00+00:00, run_after=2026-04-02 16:00:00+00:00
[2026-04-02T15:19:03.260+0000] {processor.py:183} INFO - Processing /opt/airflow/dags/dl_dailly_price.py took 0.098 seconds
[2026-04-02T15:19:33.864+0000] {processor.py:161} INFO - Started process (PID=4183) to work on /opt/airflow/dags/dl_dailly_price.py
[2026-04-02T15:19:33.866+0000] {processor.py:830} INFO - Processing file /opt/airflow/dags/dl_dailly_price.py for tasks to queue
[2026-04-02T15:19:33.868+0000] {logging_mixin.py:188} INFO - [2026-04-02T15:19:33.868+0000] {dagbag.py:545} INFO - Filling up the DagBag from /opt/airflow/dags/dl_dailly_price.py
[2026-04-02T15:19:33.898+0000] {processor.py:840} INFO - DAG(s) 'daily_price' retrieved from /opt/airflow/dags/dl_dailly_price.py
[2026-04-02T15:19:33.920+0000] {logging_mixin.py:188} INFO - [2026-04-02T15:19:33.920+0000] {dag.py:3089} INFO - Sync 1 DAGs
[2026-04-02T15:19:33.942+0000] {logging_mixin.py:188} INFO - [2026-04-02T15:19:33.942+0000] {dag.py:3947} INFO - Setting next_dagrun for daily_price to 2026-04-01 16:00:00+00:00, run_after=2026-04-02 16:00:00+00:00
[2026-04-02T15:19:33.967+0000] {processor.py:183} INFO - Processing /opt/airflow/dags/dl_dailly_price.py took 0.108 seconds
[2026-04-02T15:20:04.724+0000] {processor.py:161} INFO - Started process (PID=4206) to work on /opt/airflow/dags/dl_dailly_price.py
[2026-04-02T15:20:04.725+0000] {processor.py:830} INFO - Processing file /opt/airflow/dags/dl_dailly_price.py for tasks to queue
[2026-04-02T15:20:04.727+0000] {logging_mixin.py:188} INFO - [2026-04-02T15:20:04.727+0000] {dagbag.py:545} INFO - Filling up the DagBag from /opt/airflow/dags/dl_dailly_price.py
[2026-04-02T15:20:04.757+0000] {processor.py:840} INFO - DAG(s) 'daily_price' retrieved from /opt/airflow/dags/dl_dailly_price.py
[2026-04-02T15:20:04.778+0000] {logging_mixin.py:188} INFO - [2026-04-02T15:20:04.777+0000] {dag.py:3089} INFO - Sync 1 DAGs
[2026-04-02T15:20:04.800+0000] {logging_mixin.py:188} INFO - [2026-04-02T15:20:04.800+0000] {dag.py:3947} INFO - Setting next_dagrun for daily_price to 2026-04-01 16:00:00+00:00, run_after=2026-04-02 16:00:00+00:00
[2026-04-02T15:20:04.817+0000] {processor.py:183} INFO - Processing /opt/airflow/dags/dl_dailly_price.py took 0.099 seconds
[2026-04-02T15:20:35.333+0000] {processor.py:161} INFO - Started process (PID=4229) to work on /opt/airflow/dags/dl_dailly_price.py
[2026-04-02T15:20:35.334+0000] {processor.py:830} INFO - Processing file /opt/airflow/dags/dl_dailly_price.py for tasks to queue
[2026-04-02T15:20:35.338+0000] {logging_mixin.py:188} INFO - [2026-04-02T15:20:35.337+0000] {dagbag.py:545} INFO - Filling up the DagBag from /opt/airflow/dags/dl_dailly_price.py
[2026-04-02T15:20:35.371+0000] {processor.py:840} INFO - DAG(s) 'daily_price' retrieved from /opt/airflow/dags/dl_dailly_price.py
[2026-04-02T15:20:35.395+0000] {logging_mixin.py:188} INFO - [2026-04-02T15:20:35.395+0000] {dag.py:3089} INFO - Sync 1 DAGs
[2026-04-02T15:20:35.420+0000] {logging_mixin.py:188} INFO - [2026-04-02T15:20:35.420+0000] {dag.py:3947} INFO - Setting next_dagrun for daily_price to 2026-04-01 16:00:00+00:00, run_after=2026-04-02 16:00:00+00:00
[2026-04-02T15:20:35.444+0000] {processor.py:183} INFO - Processing /opt/airflow/dags/dl_dailly_price.py took 0.117 seconds
[2026-04-02T15:21:05.729+0000] {processor.py:161} INFO - Started process (PID=4252) to work on /opt/airflow/dags/dl_dailly_price.py
[2026-04-02T15:21:05.730+0000] {processor.py:830} INFO - Processing file /opt/airflow/dags/dl_dailly_price.py for tasks to queue
[2026-04-02T15:21:05.732+0000] {logging_mixin.py:188} INFO - [2026-04-02T15:21:05.731+0000] {dagbag.py:545} INFO - Filling up the DagBag from /opt/airflow/dags/dl_dailly_price.py
[2026-04-02T15:21:05.758+0000] {processor.py:840} INFO - DAG(s) 'daily_price' retrieved from /opt/airflow/dags/dl_dailly_price.py
[2026-04-02T15:21:05.781+0000] {logging_mixin.py:188} INFO - [2026-04-02T15:21:05.780+0000] {dag.py:3089} INFO - Sync 1 DAGs
[2026-04-02T15:21:05.801+0000] {logging_mixin.py:188} INFO - [2026-04-02T15:21:05.801+0000] {dag.py:3947} INFO - Setting next_dagrun for daily_price to 2026-04-01 16:00:00+00:00, run_after=2026-04-02 16:00:00+00:00
[2026-04-02T15:21:05.819+0000] {processor.py:183} INFO - Processing /opt/airflow/dags/dl_dailly_price.py took 0.095 seconds
[2026-04-02T15:21:36.080+0000] {processor.py:161} INFO - Started process (PID=4275) to work on /opt/airflow/dags/dl_dailly_price.py
[2026-04-02T15:21:36.081+0000] {processor.py:830} INFO - Processing file /opt/airflow/dags/dl_dailly_price.py for tasks to queue
[2026-04-02T15:21:36.084+0000] {logging_mixin.py:188} INFO - [2026-04-02T15:21:36.083+0000] {dagbag.py:545} INFO - Filling up the DagBag from /opt/airflow/dags/dl_dailly_price.py
[2026-04-02T15:21:36.112+0000] {processor.py:840} INFO - DAG(s) 'daily_price' retrieved from /opt/airflow/dags/dl_dailly_price.py
[2026-04-02T15:21:36.132+0000] {logging_mixin.py:188} INFO - [2026-04-02T15:21:36.131+0000] {dag.py:3089} INFO - Sync 1 DAGs
[2026-04-02T15:21:36.153+0000] {logging_mixin.py:188} INFO - [2026-04-02T15:21:36.152+0000] {dag.py:3947} INFO - Setting next_dagrun for daily_price to 2026-04-01 16:00:00+00:00, run_after=2026-04-02 16:00:00+00:00
[2026-04-02T15:21:36.172+0000] {processor.py:183} INFO - Processing /opt/airflow/dags/dl_dailly_price.py took 0.097 seconds
[2026-04-02T15:22:06.477+0000] {processor.py:161} INFO - Started process (PID=4299) to work on /opt/airflow/dags/dl_dailly_price.py
[2026-04-02T15:22:06.478+0000] {processor.py:830} INFO - Processing file /opt/airflow/dags/dl_dailly_price.py for tasks to queue
[2026-04-02T15:22:06.481+0000] {logging_mixin.py:188} INFO - [2026-04-02T15:22:06.480+0000] {dagbag.py:545} INFO - Filling up the DagBag from /opt/airflow/dags/dl_dailly_price.py
[2026-04-02T15:22:06.507+0000] {processor.py:840} INFO - DAG(s) 'daily_price' retrieved from /opt/airflow/dags/dl_dailly_price.py
[2026-04-02T15:22:06.529+0000] {logging_mixin.py:188} INFO - [2026-04-02T15:22:06.529+0000] {dag.py:3089} INFO - Sync 1 DAGs
[2026-04-02T15:22:06.553+0000] {logging_mixin.py:188} INFO - [2026-04-02T15:22:06.553+0000] {dag.py:3947} INFO - Setting next_dagrun for daily_price to 2026-04-01 16:00:00+00:00, run_after=2026-04-02 16:00:00+00:00
[2026-04-02T15:22:06.570+0000] {processor.py:183} INFO - Processing /opt/airflow/dags/dl_dailly_price.py took 0.097 seconds
[2026-04-02T15:22:37.109+0000] {processor.py:161} INFO - Started process (PID=4322) to work on /opt/airflow/dags/dl_dailly_price.py
[2026-04-02T15:22:37.111+0000] {processor.py:830} INFO - Processing file /opt/airflow/dags/dl_dailly_price.py for tasks to queue
[2026-04-02T15:22:37.114+0000] {logging_mixin.py:188} INFO - [2026-04-02T15:22:37.113+0000] {dagbag.py:545} INFO - Filling up the DagBag from /opt/airflow/dags/dl_dailly_price.py
[2026-04-02T15:22:37.146+0000] {processor.py:840} INFO - DAG(s) 'daily_price' retrieved from /opt/airflow/dags/dl_dailly_price.py
[2026-04-02T15:22:37.171+0000] {logging_mixin.py:188} INFO - [2026-04-02T15:22:37.171+0000] {dag.py:3089} INFO - Sync 1 DAGs
[2026-04-02T15:22:37.195+0000] {logging_mixin.py:188} INFO - [2026-04-02T15:22:37.195+0000] {dag.py:3947} INFO - Setting next_dagrun for daily_price to 2026-04-01 16:00:00+00:00, run_after=2026-04-02 16:00:00+00:00
[2026-04-02T15:22:37.219+0000] {processor.py:183} INFO - Processing /opt/airflow/dags/dl_dailly_price.py took 0.116 seconds
[2026-04-02T15:23:07.787+0000] {processor.py:161} INFO - Started process (PID=4345) to work on /opt/airflow/dags/dl_dailly_price.py
[2026-04-02T15:23:07.788+0000] {processor.py:830} INFO - Processing file /opt/airflow/dags/dl_dailly_price.py for tasks to queue
[2026-04-02T15:23:07.791+0000] {logging_mixin.py:188} INFO - [2026-04-02T15:23:07.790+0000] {dagbag.py:545} INFO - Filling up the DagBag from /opt/airflow/dags/dl_dailly_price.py
[2026-04-02T15:23:07.830+0000] {processor.py:840} INFO - DAG(s) 'daily_price' retrieved from /opt/airflow/dags/dl_dailly_price.py
[2026-04-02T15:23:07.862+0000] {logging_mixin.py:188} INFO - [2026-04-02T15:23:07.861+0000] {dag.py:3089} INFO - Sync 1 DAGs
[2026-04-02T15:23:07.893+0000] {logging_mixin.py:188} INFO - [2026-04-02T15:23:07.893+0000] {dag.py:3947} INFO - Setting next_dagrun for daily_price to 2026-04-01 16:00:00+00:00, run_after=2026-04-02 16:00:00+00:00
[2026-04-02T15:23:07.921+0000] {processor.py:183} INFO - Processing /opt/airflow/dags/dl_dailly_price.py took 0.141 seconds
[2026-04-02T15:23:38.182+0000] {processor.py:161} INFO - Started process (PID=4368) to work on /opt/airflow/dags/dl_dailly_price.py
[2026-04-02T15:23:38.183+0000] {processor.py:830} INFO - Processing file /opt/airflow/dags/dl_dailly_price.py for tasks to queue
[2026-04-02T15:23:38.185+0000] {logging_mixin.py:188} INFO - [2026-04-02T15:23:38.185+0000] {dagbag.py:545} INFO - Filling up the DagBag from /opt/airflow/dags/dl_dailly_price.py
[2026-04-02T15:23:38.210+0000] {processor.py:840} INFO - DAG(s) 'daily_price' retrieved from /opt/airflow/dags/dl_dailly_price.py
[2026-04-02T15:23:38.231+0000] {logging_mixin.py:188} INFO - [2026-04-02T15:23:38.231+0000] {dag.py:3089} INFO - Sync 1 DAGs
[2026-04-02T15:23:38.256+0000] {logging_mixin.py:188} INFO - [2026-04-02T15:23:38.255+0000] {dag.py:3947} INFO - Setting next_dagrun for daily_price to 2026-04-01 16:00:00+00:00, run_after=2026-04-02 16:00:00+00:00
[2026-04-02T15:23:38.276+0000] {processor.py:183} INFO - Processing /opt/airflow/dags/dl_dailly_price.py took 0.099 seconds
[2026-04-02T15:24:08.779+0000] {processor.py:161} INFO - Started process (PID=4391) to work on /opt/airflow/dags/dl_dailly_price.py
[2026-04-02T15:24:08.780+0000] {processor.py:830} INFO - Processing file /opt/airflow/dags/dl_dailly_price.py for tasks to queue
[2026-04-02T15:24:08.782+0000] {logging_mixin.py:188} INFO - [2026-04-02T15:24:08.782+0000] {dagbag.py:545} INFO - Filling up the DagBag from /opt/airflow/dags/dl_dailly_price.py
[2026-04-02T15:24:08.807+0000] {processor.py:840} INFO - DAG(s) 'daily_price' retrieved from /opt/airflow/dags/dl_dailly_price.py
[2026-04-02T15:24:08.828+0000] {logging_mixin.py:188} INFO - [2026-04-02T15:24:08.828+0000] {dag.py:3089} INFO - Sync 1 DAGs
[2026-04-02T15:24:08.849+0000] {logging_mixin.py:188} INFO - [2026-04-02T15:24:08.849+0000] {dag.py:3947} INFO - Setting next_dagrun for daily_price to 2026-04-01 16:00:00+00:00, run_after=2026-04-02 16:00:00+00:00
[2026-04-02T15:24:08.866+0000] {processor.py:183} INFO - Processing /opt/airflow/dags/dl_dailly_price.py took 0.093 seconds
[2026-04-02T15:24:39.139+0000] {processor.py:161} INFO - Started process (PID=4414) to work on /opt/airflow/dags/dl_dailly_price.py
[2026-04-02T15:24:39.140+0000] {processor.py:830} INFO - Processing file /opt/airflow/dags/dl_dailly_price.py for tasks to queue
[2026-04-02T15:24:39.142+0000] {logging_mixin.py:188} INFO - [2026-04-02T15:24:39.142+0000] {dagbag.py:545} INFO - Filling up the DagBag from /opt/airflow/dags/dl_dailly_price.py
[2026-04-02T15:24:39.167+0000] {processor.py:840} INFO - DAG(s) 'daily_price' retrieved from /opt/airflow/dags/dl_dailly_price.py
[2026-04-02T15:24:39.187+0000] {logging_mixin.py:188} INFO - [2026-04-02T15:24:39.187+0000] {dag.py:3089} INFO - Sync 1 DAGs
[2026-04-02T15:24:39.207+0000] {logging_mixin.py:188} INFO - [2026-04-02T15:24:39.207+0000] {dag.py:3947} INFO - Setting next_dagrun for daily_price to 2026-04-01 16:00:00+00:00, run_after=2026-04-02 16:00:00+00:00
[2026-04-02T15:24:39.226+0000] {processor.py:183} INFO - Processing /opt/airflow/dags/dl_dailly_price.py took 0.091 seconds
[2026-04-02T15:25:09.817+0000] {processor.py:161} INFO - Started process (PID=4437) to work on /opt/airflow/dags/dl_dailly_price.py
[2026-04-02T15:25:09.818+0000] {processor.py:830} INFO - Processing file /opt/airflow/dags/dl_dailly_price.py for tasks to queue
[2026-04-02T15:25:09.821+0000] {logging_mixin.py:188} INFO - [2026-04-02T15:25:09.821+0000] {dagbag.py:545} INFO - Filling up the DagBag from /opt/airflow/dags/dl_dailly_price.py
[2026-04-02T15:25:09.850+0000] {processor.py:840} INFO - DAG(s) 'daily_price' retrieved from /opt/airflow/dags/dl_dailly_price.py
[2026-04-02T15:25:09.872+0000] {logging_mixin.py:188} INFO - [2026-04-02T15:25:09.872+0000] {dag.py:3089} INFO - Sync 1 DAGs
[2026-04-02T15:25:09.895+0000] {logging_mixin.py:188} INFO - [2026-04-02T15:25:09.895+0000] {dag.py:3947} INFO - Setting next_dagrun for daily_price to 2026-04-01 16:00:00+00:00, run_after=2026-04-02 16:00:00+00:00
[2026-04-02T15:25:09.911+0000] {processor.py:183} INFO - Processing /opt/airflow/dags/dl_dailly_price.py took 0.101 seconds
[2026-04-02T15:25:40.307+0000] {processor.py:161} INFO - Started process (PID=4460) to work on /opt/airflow/dags/dl_dailly_price.py
[2026-04-02T15:25:40.308+0000] {processor.py:830} INFO - Processing file /opt/airflow/dags/dl_dailly_price.py for tasks to queue
[2026-04-02T15:25:40.310+0000] {logging_mixin.py:188} INFO - [2026-04-02T15:25:40.310+0000] {dagbag.py:545} INFO - Filling up the DagBag from /opt/airflow/dags/dl_dailly_price.py
[2026-04-02T15:25:40.336+0000] {processor.py:840} INFO - DAG(s) 'daily_price' retrieved from /opt/airflow/dags/dl_dailly_price.py
[2026-04-02T15:25:40.356+0000] {logging_mixin.py:188} INFO - [2026-04-02T15:25:40.355+0000] {dag.py:3089} INFO - Sync 1 DAGs
[2026-04-02T15:25:40.376+0000] {logging_mixin.py:188} INFO - [2026-04-02T15:25:40.376+0000] {dag.py:3947} INFO - Setting next_dagrun for daily_price to 2026-04-01 16:00:00+00:00, run_after=2026-04-02 16:00:00+00:00
[2026-04-02T15:25:40.395+0000] {processor.py:183} INFO - Processing /opt/airflow/dags/dl_dailly_price.py took 0.093 seconds
[2026-04-02T15:26:10.801+0000] {processor.py:161} INFO - Started process (PID=4483) to work on /opt/airflow/dags/dl_dailly_price.py
[2026-04-02T15:26:10.801+0000] {processor.py:830} INFO - Processing file /opt/airflow/dags/dl_dailly_price.py for tasks to queue
[2026-04-02T15:26:10.804+0000] {logging_mixin.py:188} INFO - [2026-04-02T15:26:10.803+0000] {dagbag.py:545} INFO - Filling up the DagBag from /opt/airflow/dags/dl_dailly_price.py
[2026-04-02T15:26:10.831+0000] {processor.py:840} INFO - DAG(s) 'daily_price' retrieved from /opt/airflow/dags/dl_dailly_price.py
[2026-04-02T15:26:10.851+0000] {logging_mixin.py:188} INFO - [2026-04-02T15:26:10.850+0000] {dag.py:3089} INFO - Sync 1 DAGs
[2026-04-02T15:26:10.870+0000] {logging_mixin.py:188} INFO - [2026-04-02T15:26:10.870+0000] {dag.py:3947} INFO - Setting next_dagrun for daily_price to 2026-04-01 16:00:00+00:00, run_after=2026-04-02 16:00:00+00:00
[2026-04-02T15:26:10.887+0000] {processor.py:183} INFO - Processing /opt/airflow/dags/dl_dailly_price.py took 0.092 seconds
[2026-04-02T15:26:41.411+0000] {processor.py:161} INFO - Started process (PID=4506) to work on /opt/airflow/dags/dl_dailly_price.py
[2026-04-02T15:26:41.412+0000] {processor.py:830} INFO - Processing file /opt/airflow/dags/dl_dailly_price.py for tasks to queue
[2026-04-02T15:26:41.414+0000] {logging_mixin.py:188} INFO - [2026-04-02T15:26:41.414+0000] {dagbag.py:545} INFO - Filling up the DagBag from /opt/airflow/dags/dl_dailly_price.py
[2026-04-02T15:26:41.446+0000] {processor.py:840} INFO - DAG(s) 'daily_price' retrieved from /opt/airflow/dags/dl_dailly_price.py
[2026-04-02T15:26:41.466+0000] {logging_mixin.py:188} INFO - [2026-04-02T15:26:41.465+0000] {dag.py:3089} INFO - Sync 1 DAGs
[2026-04-02T15:26:41.487+0000] {logging_mixin.py:188} INFO - [2026-04-02T15:26:41.487+0000] {dag.py:3947} INFO - Setting next_dagrun for daily_price to 2026-04-01 16:00:00+00:00, run_after=2026-04-02 16:00:00+00:00
[2026-04-02T15:26:41.505+0000] {processor.py:183} INFO - Processing /opt/airflow/dags/dl_dailly_price.py took 0.099 seconds
[2026-04-02T15:27:11.816+0000] {processor.py:161} INFO - Started process (PID=4529) to work on /opt/airflow/dags/dl_dailly_price.py
[2026-04-02T15:27:11.816+0000] {processor.py:830} INFO - Processing file /opt/airflow/dags/dl_dailly_price.py for tasks to queue
[2026-04-02T15:27:11.820+0000] {logging_mixin.py:188} INFO - [2026-04-02T15:27:11.819+0000] {dagbag.py:545} INFO - Filling up the DagBag from /opt/airflow/dags/dl_dailly_price.py
[2026-04-02T15:27:11.847+0000] {processor.py:840} INFO - DAG(s) 'daily_price' retrieved from /opt/airflow/dags/dl_dailly_price.py
[2026-04-02T15:27:11.869+0000] {logging_mixin.py:188} INFO - [2026-04-02T15:27:11.869+0000] {dag.py:3089} INFO - Sync 1 DAGs
[2026-04-02T15:27:11.898+0000] {logging_mixin.py:188} INFO - [2026-04-02T15:27:11.898+0000] {dag.py:3947} INFO - Setting next_dagrun for daily_price to 2026-04-01 16:00:00+00:00, run_after=2026-04-02 16:00:00+00:00
[2026-04-02T15:27:11.917+0000] {processor.py:183} INFO - Processing /opt/airflow/dags/dl_dailly_price.py took 0.107 seconds
[2026-04-02T15:27:42.479+0000] {processor.py:161} INFO - Started process (PID=4552) to work on /opt/airflow/dags/dl_dailly_price.py
[2026-04-02T15:27:42.480+0000] {processor.py:830} INFO - Processing file /opt/airflow/dags/dl_dailly_price.py for tasks to queue
[2026-04-02T15:27:42.483+0000] {logging_mixin.py:188} INFO - [2026-04-02T15:27:42.482+0000] {dagbag.py:545} INFO - Filling up the DagBag from /opt/airflow/dags/dl_dailly_price.py
[2026-04-02T15:27:42.510+0000] {processor.py:840} INFO - DAG(s) 'daily_price' retrieved from /opt/airflow/dags/dl_dailly_price.py
[2026-04-02T15:27:42.534+0000] {logging_mixin.py:188} INFO - [2026-04-02T15:27:42.534+0000] {dag.py:3089} INFO - Sync 1 DAGs
[2026-04-02T15:27:42.562+0000] {logging_mixin.py:188} INFO - [2026-04-02T15:27:42.561+0000] {dag.py:3947} INFO - Setting next_dagrun for daily_price to 2026-04-01 16:00:00+00:00, run_after=2026-04-02 16:00:00+00:00
[2026-04-02T15:27:42.582+0000] {processor.py:183} INFO - Processing /opt/airflow/dags/dl_dailly_price.py took 0.108 seconds
[2026-04-02T15:28:13.436+0000] {processor.py:161} INFO - Started process (PID=4575) to work on /opt/airflow/dags/dl_dailly_price.py
[2026-04-02T15:28:13.438+0000] {processor.py:830} INFO - Processing file /opt/airflow/dags/dl_dailly_price.py for tasks to queue
[2026-04-02T15:28:13.443+0000] {logging_mixin.py:188} INFO - [2026-04-02T15:28:13.442+0000] {dagbag.py:545} INFO - Filling up the DagBag from /opt/airflow/dags/dl_dailly_price.py
[2026-04-02T15:28:13.510+0000] {processor.py:840} INFO - DAG(s) 'daily_price' retrieved from /opt/airflow/dags/dl_dailly_price.py
[2026-04-02T15:28:13.546+0000] {logging_mixin.py:188} INFO - [2026-04-02T15:28:13.546+0000] {dag.py:3089} INFO - Sync 1 DAGs
[2026-04-02T15:28:13.599+0000] {logging_mixin.py:188} INFO - [2026-04-02T15:28:13.599+0000] {dag.py:3947} INFO - Setting next_dagrun for daily_price to 2026-04-01 16:00:00+00:00, run_after=2026-04-02 16:00:00+00:00
[2026-04-02T15:28:13.634+0000] {processor.py:183} INFO - Processing /opt/airflow/dags/dl_dailly_price.py took 0.211 seconds
[2026-04-02T15:28:44.183+0000] {processor.py:161} INFO - Started process (PID=4598) to work on /opt/airflow/dags/dl_dailly_price.py
[2026-04-02T15:28:44.184+0000] {processor.py:830} INFO - Processing file /opt/airflow/dags/dl_dailly_price.py for tasks to queue
[2026-04-02T15:28:44.186+0000] {logging_mixin.py:188} INFO - [2026-04-02T15:28:44.186+0000] {dagbag.py:545} INFO - Filling up the DagBag from /opt/airflow/dags/dl_dailly_price.py
[2026-04-02T15:28:44.210+0000] {processor.py:840} INFO - DAG(s) 'daily_price' retrieved from /opt/airflow/dags/dl_dailly_price.py
[2026-04-02T15:28:44.231+0000] {logging_mixin.py:188} INFO - [2026-04-02T15:28:44.231+0000] {dag.py:3089} INFO - Sync 1 DAGs
[2026-04-02T15:28:44.251+0000] {logging_mixin.py:188} INFO - [2026-04-02T15:28:44.251+0000] {dag.py:3947} INFO - Setting next_dagrun for daily_price to 2026-04-01 16:00:00+00:00, run_after=2026-04-02 16:00:00+00:00
[2026-04-02T15:28:44.269+0000] {processor.py:183} INFO - Processing /opt/airflow/dags/dl_dailly_price.py took 0.092 seconds
[2026-04-02T15:29:14.941+0000] {processor.py:161} INFO - Started process (PID=4621) to work on /opt/airflow/dags/dl_dailly_price.py
[2026-04-02T15:29:14.942+0000] {processor.py:830} INFO - Processing file /opt/airflow/dags/dl_dailly_price.py for tasks to queue
[2026-04-02T15:29:14.947+0000] {logging_mixin.py:188} INFO - [2026-04-02T15:29:14.946+0000] {dagbag.py:545} INFO - Filling up the DagBag from /opt/airflow/dags/dl_dailly_price.py
[2026-04-02T15:29:15.004+0000] {processor.py:840} INFO - DAG(s) 'daily_price' retrieved from /opt/airflow/dags/dl_dailly_price.py
[2026-04-02T15:29:15.043+0000] {logging_mixin.py:188} INFO - [2026-04-02T15:29:15.042+0000] {dag.py:3089} INFO - Sync 1 DAGs
[2026-04-02T15:29:15.081+0000] {logging_mixin.py:188} INFO - [2026-04-02T15:29:15.080+0000] {dag.py:3947} INFO - Setting next_dagrun for daily_price to 2026-04-01 16:00:00+00:00, run_after=2026-04-02 16:00:00+00:00
[2026-04-02T15:29:15.110+0000] {processor.py:183} INFO - Processing /opt/airflow/dags/dl_dailly_price.py took 0.179 seconds
[2026-04-02T15:29:45.230+0000] {processor.py:161} INFO - Started process (PID=4644) to work on /opt/airflow/dags/dl_dailly_price.py
[2026-04-02T15:29:45.234+0000] {processor.py:830} INFO - Processing file /opt/airflow/dags/dl_dailly_price.py for tasks to queue
[2026-04-02T15:29:45.239+0000] {logging_mixin.py:188} INFO - [2026-04-02T15:29:45.238+0000] {dagbag.py:545} INFO - Filling up the DagBag from /opt/airflow/dags/dl_dailly_price.py
[2026-04-02T15:29:45.298+0000] {processor.py:840} INFO - DAG(s) 'daily_price' retrieved from /opt/airflow/dags/dl_dailly_price.py
[2026-04-02T15:29:45.352+0000] {logging_mixin.py:188} INFO - [2026-04-02T15:29:45.351+0000] {dag.py:3089} INFO - Sync 1 DAGs
[2026-04-02T15:29:45.409+0000] {logging_mixin.py:188} INFO - [2026-04-02T15:29:45.409+0000] {dag.py:3947} INFO - Setting next_dagrun for daily_price to 2026-04-01 16:00:00+00:00, run_after=2026-04-02 16:00:00+00:00
[2026-04-02T15:29:45.447+0000] {processor.py:183} INFO - Processing /opt/airflow/dags/dl_dailly_price.py took 0.225 seconds
[2026-04-02T15:30:16.231+0000] {processor.py:161} INFO - Started process (PID=4667) to work on /opt/airflow/dags/dl_dailly_price.py
[2026-04-02T15:30:16.232+0000] {processor.py:830} INFO - Processing file /opt/airflow/dags/dl_dailly_price.py for tasks to queue
[2026-04-02T15:30:16.235+0000] {logging_mixin.py:188} INFO - [2026-04-02T15:30:16.234+0000] {dagbag.py:545} INFO - Filling up the DagBag from /opt/airflow/dags/dl_dailly_price.py
[2026-04-02T15:30:16.268+0000] {processor.py:840} INFO - DAG(s) 'daily_price' retrieved from /opt/airflow/dags/dl_dailly_price.py
[2026-04-02T15:30:16.291+0000] {logging_mixin.py:188} INFO - [2026-04-02T15:30:16.291+0000] {dag.py:3089} INFO - Sync 1 DAGs
[2026-04-02T15:30:16.314+0000] {logging_mixin.py:188} INFO - [2026-04-02T15:30:16.313+0000] {dag.py:3947} INFO - Setting next_dagrun for daily_price to 2026-04-01 16:00:00+00:00, run_after=2026-04-02 16:00:00+00:00
[2026-04-02T15:30:16.334+0000] {processor.py:183} INFO - Processing /opt/airflow/dags/dl_dailly_price.py took 0.109 seconds
[2026-04-02T15:30:46.593+0000] {processor.py:161} INFO - Started process (PID=4690) to work on /opt/airflow/dags/dl_dailly_price.py
[2026-04-02T15:30:46.595+0000] {processor.py:830} INFO - Processing file /opt/airflow/dags/dl_dailly_price.py for tasks to queue
[2026-04-02T15:30:46.597+0000] {logging_mixin.py:188} INFO - [2026-04-02T15:30:46.597+0000] {dagbag.py:545} INFO - Filling up the DagBag from /opt/airflow/dags/dl_dailly_price.py
[2026-04-02T15:30:46.633+0000] {processor.py:840} INFO - DAG(s) 'daily_price' retrieved from /opt/airflow/dags/dl_dailly_price.py
[2026-04-02T15:30:46.663+0000] {logging_mixin.py:188} INFO - [2026-04-02T15:30:46.663+0000] {dag.py:3089} INFO - Sync 1 DAGs
[2026-04-02T15:30:46.692+0000] {logging_mixin.py:188} INFO - [2026-04-02T15:30:46.691+0000] {dag.py:3947} INFO - Setting next_dagrun for daily_price to 2026-04-01 16:00:00+00:00, run_after=2026-04-02 16:00:00+00:00
[2026-04-02T15:30:46.723+0000] {processor.py:183} INFO - Processing /opt/airflow/dags/dl_dailly_price.py took 0.136 seconds
[2026-04-02T15:31:17.086+0000] {processor.py:161} INFO - Started process (PID=4713) to work on /opt/airflow/dags/dl_dailly_price.py
[2026-04-02T15:31:17.087+0000] {processor.py:830} INFO - Processing file /opt/airflow/dags/dl_dailly_price.py for tasks to queue
[2026-04-02T15:31:17.090+0000] {logging_mixin.py:188} INFO - [2026-04-02T15:31:17.089+0000] {dagbag.py:545} INFO - Filling up the DagBag from /opt/airflow/dags/dl_dailly_price.py
[2026-04-02T15:31:17.118+0000] {processor.py:840} INFO - DAG(s) 'daily_price' retrieved from /opt/airflow/dags/dl_dailly_price.py
[2026-04-02T15:31:17.139+0000] {logging_mixin.py:188} INFO - [2026-04-02T15:31:17.139+0000] {dag.py:3089} INFO - Sync 1 DAGs
[2026-04-02T15:31:17.162+0000] {logging_mixin.py:188} INFO - [2026-04-02T15:31:17.161+0000] {dag.py:3947} INFO - Setting next_dagrun for daily_price to 2026-04-01 16:00:00+00:00, run_after=2026-04-02 16:00:00+00:00
[2026-04-02T15:31:17.181+0000] {processor.py:183} INFO - Processing /opt/airflow/dags/dl_dailly_price.py took 0.101 seconds
[2026-04-02T15:31:47.433+0000] {processor.py:161} INFO - Started process (PID=4736) to work on /opt/airflow/dags/dl_dailly_price.py
[2026-04-02T15:31:47.434+0000] {processor.py:830} INFO - Processing file /opt/airflow/dags/dl_dailly_price.py for tasks to queue
[2026-04-02T15:31:47.436+0000] {logging_mixin.py:188} INFO - [2026-04-02T15:31:47.436+0000] {dagbag.py:545} INFO - Filling up the DagBag from /opt/airflow/dags/dl_dailly_price.py
[2026-04-02T15:31:47.466+0000] {processor.py:840} INFO - DAG(s) 'daily_price' retrieved from /opt/airflow/dags/dl_dailly_price.py
[2026-04-02T15:31:47.488+0000] {logging_mixin.py:188} INFO - [2026-04-02T15:31:47.488+0000] {dag.py:3089} INFO - Sync 1 DAGs
[2026-04-02T15:31:47.513+0000] {logging_mixin.py:188} INFO - [2026-04-02T15:31:47.513+0000] {dag.py:3947} INFO - Setting next_dagrun for daily_price to 2026-04-01 16:00:00+00:00, run_after=2026-04-02 16:00:00+00:00
[2026-04-02T15:31:47.535+0000] {processor.py:183} INFO - Processing /opt/airflow/dags/dl_dailly_price.py took 0.107 seconds
[2026-04-02T15:32:17.885+0000] {processor.py:161} INFO - Started process (PID=4759) to work on /opt/airflow/dags/dl_dailly_price.py
[2026-04-02T15:32:17.886+0000] {processor.py:830} INFO - Processing file /opt/airflow/dags/dl_dailly_price.py for tasks to queue
[2026-04-02T15:32:17.888+0000] {logging_mixin.py:188} INFO - [2026-04-02T15:32:17.888+0000] {dagbag.py:545} INFO - Filling up the DagBag from /opt/airflow/dags/dl_dailly_price.py
[2026-04-02T15:32:17.915+0000] {processor.py:840} INFO - DAG(s) 'daily_price' retrieved from /opt/airflow/dags/dl_dailly_price.py
[2026-04-02T15:32:17.937+0000] {logging_mixin.py:188} INFO - [2026-04-02T15:32:17.937+0000] {dag.py:3089} INFO - Sync 1 DAGs
[2026-04-02T15:32:17.960+0000] {logging_mixin.py:188} INFO - [2026-04-02T15:32:17.960+0000] {dag.py:3947} INFO - Setting next_dagrun for daily_price to 2026-04-01 16:00:00+00:00, run_after=2026-04-02 16:00:00+00:00
[2026-04-02T15:32:17.978+0000] {processor.py:183} INFO - Processing /opt/airflow/dags/dl_dailly_price.py took 0.099 seconds
[2026-04-02T15:32:48.467+0000] {processor.py:161} INFO - Started process (PID=4782) to work on /opt/airflow/dags/dl_dailly_price.py
[2026-04-02T15:32:48.468+0000] {processor.py:830} INFO - Processing file /opt/airflow/dags/dl_dailly_price.py for tasks to queue
[2026-04-02T15:32:48.470+0000] {logging_mixin.py:188} INFO - [2026-04-02T15:32:48.470+0000] {dagbag.py:545} INFO - Filling up the DagBag from /opt/airflow/dags/dl_dailly_price.py
[2026-04-02T15:32:48.499+0000] {processor.py:840} INFO - DAG(s) 'daily_price' retrieved from /opt/airflow/dags/dl_dailly_price.py
[2026-04-02T15:32:48.521+0000] {logging_mixin.py:188} INFO - [2026-04-02T15:32:48.521+0000] {dag.py:3089} INFO - Sync 1 DAGs
[2026-04-02T15:32:48.546+0000] {logging_mixin.py:188} INFO - [2026-04-02T15:32:48.545+0000] {dag.py:3947} INFO - Setting next_dagrun for daily_price to 2026-04-01 16:00:00+00:00, run_after=2026-04-02 16:00:00+00:00
[2026-04-02T15:32:48.567+0000] {processor.py:183} INFO - Processing /opt/airflow/dags/dl_dailly_price.py took 0.106 seconds
[2026-04-02T15:33:18.987+0000] {processor.py:161} INFO - Started process (PID=4805) to work on /opt/airflow/dags/dl_dailly_price.py
[2026-04-02T15:33:18.988+0000] {processor.py:830} INFO - Processing file /opt/airflow/dags/dl_dailly_price.py for tasks to queue
[2026-04-02T15:33:18.991+0000] {logging_mixin.py:188} INFO - [2026-04-02T15:33:18.991+0000] {dagbag.py:545} INFO - Filling up the DagBag from /opt/airflow/dags/dl_dailly_price.py
[2026-04-02T15:33:19.021+0000] {processor.py:840} INFO - DAG(s) 'daily_price' retrieved from /opt/airflow/dags/dl_dailly_price.py
[2026-04-02T15:33:19.044+0000] {logging_mixin.py:188} INFO - [2026-04-02T15:33:19.044+0000] {dag.py:3089} INFO - Sync 1 DAGs
[2026-04-02T15:33:19.066+0000] {logging_mixin.py:188} INFO - [2026-04-02T15:33:19.066+0000] {dag.py:3947} INFO - Setting next_dagrun for daily_price to 2026-04-01 16:00:00+00:00, run_after=2026-04-02 16:00:00+00:00
[2026-04-02T15:33:19.085+0000] {processor.py:183} INFO - Processing /opt/airflow/dags/dl_dailly_price.py took 0.104 seconds
[2026-04-02T15:33:49.417+0000] {processor.py:161} INFO - Started process (PID=4828) to work on /opt/airflow/dags/dl_dailly_price.py
[2026-04-02T15:33:49.418+0000] {processor.py:830} INFO - Processing file /opt/airflow/dags/dl_dailly_price.py for tasks to queue
[2026-04-02T15:33:49.420+0000] {logging_mixin.py:188} INFO - [2026-04-02T15:33:49.419+0000] {dagbag.py:545} INFO - Filling up the DagBag from /opt/airflow/dags/dl_dailly_price.py
[2026-04-02T15:33:49.446+0000] {processor.py:840} INFO - DAG(s) 'daily_price' retrieved from /opt/airflow/dags/dl_dailly_price.py
[2026-04-02T15:33:49.467+0000] {logging_mixin.py:188} INFO - [2026-04-02T15:33:49.467+0000] {dag.py:3089} INFO - Sync 1 DAGs
[2026-04-02T15:33:49.489+0000] {logging_mixin.py:188} INFO - [2026-04-02T15:33:49.489+0000] {dag.py:3947} INFO - Setting next_dagrun for daily_price to 2026-04-01 16:00:00+00:00, run_after=2026-04-02 16:00:00+00:00
[2026-04-02T15:33:49.507+0000] {processor.py:183} INFO - Processing /opt/airflow/dags/dl_dailly_price.py took 0.095 seconds
[2026-04-02T15:34:19.831+0000] {processor.py:161} INFO - Started process (PID=4851) to work on /opt/airflow/dags/dl_dailly_price.py
[2026-04-02T15:34:19.832+0000] {processor.py:830} INFO - Processing file /opt/airflow/dags/dl_dailly_price.py for tasks to queue
[2026-04-02T15:34:19.834+0000] {logging_mixin.py:188} INFO - [2026-04-02T15:34:19.834+0000] {dagbag.py:545} INFO - Filling up the DagBag from /opt/airflow/dags/dl_dailly_price.py
[2026-04-02T15:34:19.863+0000] {processor.py:840} INFO - DAG(s) 'daily_price' retrieved from /opt/airflow/dags/dl_dailly_price.py
[2026-04-02T15:34:19.889+0000] {logging_mixin.py:188} INFO - [2026-04-02T15:34:19.889+0000] {dag.py:3089} INFO - Sync 1 DAGs
[2026-04-02T15:34:19.912+0000] {logging_mixin.py:188} INFO - [2026-04-02T15:34:19.912+0000] {dag.py:3947} INFO - Setting next_dagrun for daily_price to 2026-04-01 16:00:00+00:00, run_after=2026-04-02 16:00:00+00:00
[2026-04-02T15:34:19.932+0000] {processor.py:183} INFO - Processing /opt/airflow/dags/dl_dailly_price.py took 0.107 seconds
[2026-04-02T15:34:50.143+0000] {processor.py:161} INFO - Started process (PID=4874) to work on /opt/airflow/dags/dl_dailly_price.py
[2026-04-02T15:34:50.144+0000] {processor.py:830} INFO - Processing file /opt/airflow/dags/dl_dailly_price.py for tasks to queue
[2026-04-02T15:34:50.146+0000] {logging_mixin.py:188} INFO - [2026-04-02T15:34:50.146+0000] {dagbag.py:545} INFO - Filling up the DagBag from /opt/airflow/dags/dl_dailly_price.py
[2026-04-02T15:34:50.171+0000] {processor.py:840} INFO - DAG(s) 'daily_price' retrieved from /opt/airflow/dags/dl_dailly_price.py
[2026-04-02T15:34:50.191+0000] {logging_mixin.py:188} INFO - [2026-04-02T15:34:50.190+0000] {dag.py:3089} INFO - Sync 1 DAGs
[2026-04-02T15:34:50.214+0000] {logging_mixin.py:188} INFO - [2026-04-02T15:34:50.213+0000] {dag.py:3947} INFO - Setting next_dagrun for daily_price to 2026-04-01 16:00:00+00:00, run_after=2026-04-02 16:00:00+00:00
[2026-04-02T15:34:50.232+0000] {processor.py:183} INFO - Processing /opt/airflow/dags/dl_dailly_price.py took 0.095 seconds
[2026-04-02T15:35:20.759+0000] {processor.py:161} INFO - Started process (PID=4897) to work on /opt/airflow/dags/dl_dailly_price.py
[2026-04-02T15:35:20.760+0000] {processor.py:830} INFO - Processing file /opt/airflow/dags/dl_dailly_price.py for tasks to queue
[2026-04-02T15:35:20.763+0000] {logging_mixin.py:188} INFO - [2026-04-02T15:35:20.762+0000] {dagbag.py:545} INFO - Filling up the DagBag from /opt/airflow/dags/dl_dailly_price.py
[2026-04-02T15:35:20.791+0000] {processor.py:840} INFO - DAG(s) 'daily_price' retrieved from /opt/airflow/dags/dl_dailly_price.py
[2026-04-02T15:35:20.811+0000] {logging_mixin.py:188} INFO - [2026-04-02T15:35:20.810+0000] {dag.py:3089} INFO - Sync 1 DAGs
[2026-04-02T15:35:20.832+0000] {logging_mixin.py:188} INFO - [2026-04-02T15:35:20.832+0000] {dag.py:3947} INFO - Setting next_dagrun for daily_price to 2026-04-01 16:00:00+00:00, run_after=2026-04-02 16:00:00+00:00
[2026-04-02T15:35:20.851+0000] {processor.py:183} INFO - Processing /opt/airflow/dags/dl_dailly_price.py took 0.097 seconds
[2026-04-02T15:35:51.131+0000] {processor.py:161} INFO - Started process (PID=4920) to work on /opt/airflow/dags/dl_dailly_price.py
[2026-04-02T15:35:51.132+0000] {processor.py:830} INFO - Processing file /opt/airflow/dags/dl_dailly_price.py for tasks to queue
[2026-04-02T15:35:51.135+0000] {logging_mixin.py:188} INFO - [2026-04-02T15:35:51.134+0000] {dagbag.py:545} INFO - Filling up the DagBag from /opt/airflow/dags/dl_dailly_price.py
[2026-04-02T15:35:51.159+0000] {processor.py:840} INFO - DAG(s) 'daily_price' retrieved from /opt/airflow/dags/dl_dailly_price.py
[2026-04-02T15:35:51.181+0000] {logging_mixin.py:188} INFO - [2026-04-02T15:35:51.181+0000] {dag.py:3089} INFO - Sync 1 DAGs
[2026-04-02T15:35:51.204+0000] {logging_mixin.py:188} INFO - [2026-04-02T15:35:51.204+0000] {dag.py:3947} INFO - Setting next_dagrun for daily_price to 2026-04-01 16:00:00+00:00, run_after=2026-04-02 16:00:00+00:00
[2026-04-02T15:35:51.222+0000] {processor.py:183} INFO - Processing /opt/airflow/dags/dl_dailly_price.py took 0.096 seconds
[2026-04-02T15:36:21.500+0000] {processor.py:161} INFO - Started process (PID=4943) to work on /opt/airflow/dags/dl_dailly_price.py
[2026-04-02T15:36:21.503+0000] {processor.py:830} INFO - Processing file /opt/airflow/dags/dl_dailly_price.py for tasks to queue
[2026-04-02T15:36:21.508+0000] {logging_mixin.py:188} INFO - [2026-04-02T15:36:21.507+0000] {dagbag.py:545} INFO - Filling up the DagBag from /opt/airflow/dags/dl_dailly_price.py
[2026-04-02T15:36:21.576+0000] {processor.py:840} INFO - DAG(s) 'daily_price' retrieved from /opt/airflow/dags/dl_dailly_price.py
[2026-04-02T15:36:21.607+0000] {logging_mixin.py:188} INFO - [2026-04-02T15:36:21.606+0000] {dag.py:3089} INFO - Sync 1 DAGs
[2026-04-02T15:36:21.640+0000] {logging_mixin.py:188} INFO - [2026-04-02T15:36:21.640+0000] {dag.py:3947} INFO - Setting next_dagrun for daily_price to 2026-04-01 16:00:00+00:00, run_after=2026-04-02 16:00:00+00:00
[2026-04-02T15:36:21.660+0000] {processor.py:183} INFO - Processing /opt/airflow/dags/dl_dailly_price.py took 0.169 seconds
[2026-04-02T15:36:51.941+0000] {processor.py:161} INFO - Started process (PID=4966) to work on /opt/airflow/dags/dl_dailly_price.py
[2026-04-02T15:36:51.942+0000] {processor.py:830} INFO - Processing file /opt/airflow/dags/dl_dailly_price.py for tasks to queue
[2026-04-02T15:36:51.944+0000] {logging_mixin.py:188} INFO - [2026-04-02T15:36:51.943+0000] {dagbag.py:545} INFO - Filling up the DagBag from /opt/airflow/dags/dl_dailly_price.py
[2026-04-02T15:36:51.973+0000] {processor.py:840} INFO - DAG(s) 'daily_price' retrieved from /opt/airflow/dags/dl_dailly_price.py
[2026-04-02T15:36:51.994+0000] {logging_mixin.py:188} INFO - [2026-04-02T15:36:51.994+0000] {dag.py:3089} INFO - Sync 1 DAGs
[2026-04-02T15:36:52.018+0000] {logging_mixin.py:188} INFO - [2026-04-02T15:36:52.018+0000] {dag.py:3947} INFO - Setting next_dagrun for daily_price to 2026-04-01 16:00:00+00:00, run_after=2026-04-02 16:00:00+00:00
[2026-04-02T15:36:52.039+0000] {processor.py:183} INFO - Processing /opt/airflow/dags/dl_dailly_price.py took 0.104 seconds
[2026-04-02T15:37:22.206+0000] {processor.py:161} INFO - Started process (PID=4989) to work on /opt/airflow/dags/dl_dailly_price.py
[2026-04-02T15:37:22.207+0000] {processor.py:830} INFO - Processing file /opt/airflow/dags/dl_dailly_price.py for tasks to queue
[2026-04-02T15:37:22.210+0000] {logging_mixin.py:188} INFO - [2026-04-02T15:37:22.209+0000] {dagbag.py:545} INFO - Filling up the DagBag from /opt/airflow/dags/dl_dailly_price.py
[2026-04-02T15:37:22.239+0000] {processor.py:840} INFO - DAG(s) 'daily_price' retrieved from /opt/airflow/dags/dl_dailly_price.py
[2026-04-02T15:37:22.260+0000] {logging_mixin.py:188} INFO - [2026-04-02T15:37:22.260+0000] {dag.py:3089} INFO - Sync 1 DAGs
[2026-04-02T15:37:22.284+0000] {logging_mixin.py:188} INFO - [2026-04-02T15:37:22.284+0000] {dag.py:3947} INFO - Setting next_dagrun for daily_price to 2026-04-01 16:00:00+00:00, run_after=2026-04-02 16:00:00+00:00
[2026-04-02T15:37:22.303+0000] {processor.py:183} INFO - Processing /opt/airflow/dags/dl_dailly_price.py took 0.102 seconds
[2026-04-02T15:37:52.545+0000] {processor.py:161} INFO - Started process (PID=5012) to work on /opt/airflow/dags/dl_dailly_price.py
[2026-04-02T15:37:52.546+0000] {processor.py:830} INFO - Processing file /opt/airflow/dags/dl_dailly_price.py for tasks to queue
[2026-04-02T15:37:52.549+0000] {logging_mixin.py:188} INFO - [2026-04-02T15:37:52.548+0000] {dagbag.py:545} INFO - Filling up the DagBag from /opt/airflow/dags/dl_dailly_price.py
[2026-04-02T15:37:52.576+0000] {processor.py:840} INFO - DAG(s) 'daily_price' retrieved from /opt/airflow/dags/dl_dailly_price.py
[2026-04-02T15:37:52.597+0000] {logging_mixin.py:188} INFO - [2026-04-02T15:37:52.597+0000] {dag.py:3089} INFO - Sync 1 DAGs
[2026-04-02T15:37:52.622+0000] {logging_mixin.py:188} INFO - [2026-04-02T15:37:52.622+0000] {dag.py:3947} INFO - Setting next_dagrun for daily_price to 2026-04-01 16:00:00+00:00, run_after=2026-04-02 16:00:00+00:00
[2026-04-02T15:37:52.643+0000] {processor.py:183} INFO - Processing /opt/airflow/dags/dl_dailly_price.py took 0.104 seconds
[2026-04-02T15:38:22.850+0000] {processor.py:161} INFO - Started process (PID=5035) to work on /opt/airflow/dags/dl_dailly_price.py
[2026-04-02T15:38:22.850+0000] {processor.py:830} INFO - Processing file /opt/airflow/dags/dl_dailly_price.py for tasks to queue
[2026-04-02T15:38:22.853+0000] {logging_mixin.py:188} INFO - [2026-04-02T15:38:22.852+0000] {dagbag.py:545} INFO - Filling up the DagBag from /opt/airflow/dags/dl_dailly_price.py
[2026-04-02T15:38:22.879+0000] {processor.py:840} INFO - DAG(s) 'daily_price' retrieved from /opt/airflow/dags/dl_dailly_price.py
[2026-04-02T15:38:22.899+0000] {logging_mixin.py:188} INFO - [2026-04-02T15:38:22.899+0000] {dag.py:3089} INFO - Sync 1 DAGs
[2026-04-02T15:38:22.921+0000] {logging_mixin.py:188} INFO - [2026-04-02T15:38:22.921+0000] {dag.py:3947} INFO - Setting next_dagrun for daily_price to 2026-04-01 16:00:00+00:00, run_after=2026-04-02 16:00:00+00:00
[2026-04-02T15:38:22.939+0000] {processor.py:183} INFO - Processing /opt/airflow/dags/dl_dailly_price.py took 0.095 seconds
[2026-04-02T15:38:53.158+0000] {processor.py:161} INFO - Started process (PID=5058) to work on /opt/airflow/dags/dl_dailly_price.py
[2026-04-02T15:38:53.159+0000] {processor.py:830} INFO - Processing file /opt/airflow/dags/dl_dailly_price.py for tasks to queue
[2026-04-02T15:38:53.163+0000] {logging_mixin.py:188} INFO - [2026-04-02T15:38:53.162+0000] {dagbag.py:545} INFO - Filling up the DagBag from /opt/airflow/dags/dl_dailly_price.py
[2026-04-02T15:38:53.199+0000] {processor.py:840} INFO - DAG(s) 'daily_price' retrieved from /opt/airflow/dags/dl_dailly_price.py
[2026-04-02T15:38:53.226+0000] {logging_mixin.py:188} INFO - [2026-04-02T15:38:53.226+0000] {dag.py:3089} INFO - Sync 1 DAGs
[2026-04-02T15:38:53.251+0000] {logging_mixin.py:188} INFO - [2026-04-02T15:38:53.251+0000] {dag.py:3947} INFO - Setting next_dagrun for daily_price to 2026-04-01 16:00:00+00:00, run_after=2026-04-02 16:00:00+00:00
[2026-04-02T15:38:53.272+0000] {processor.py:183} INFO - Processing /opt/airflow/dags/dl_dailly_price.py took 0.121 seconds
[2026-04-02T15:39:24.047+0000] {processor.py:161} INFO - Started process (PID=5081) to work on /opt/airflow/dags/dl_dailly_price.py
[2026-04-02T15:39:24.048+0000] {processor.py:830} INFO - Processing file /opt/airflow/dags/dl_dailly_price.py for tasks to queue
[2026-04-02T15:39:24.052+0000] {logging_mixin.py:188} INFO - [2026-04-02T15:39:24.052+0000] {dagbag.py:545} INFO - Filling up the DagBag from /opt/airflow/dags/dl_dailly_price.py
[2026-04-02T15:39:24.087+0000] {processor.py:840} INFO - DAG(s) 'daily_price' retrieved from /opt/airflow/dags/dl_dailly_price.py
[2026-04-02T15:39:24.114+0000] {logging_mixin.py:188} INFO - [2026-04-02T15:39:24.114+0000] {dag.py:3089} INFO - Sync 1 DAGs
[2026-04-02T15:39:24.142+0000] {logging_mixin.py:188} INFO - [2026-04-02T15:39:24.142+0000] {dag.py:3947} INFO - Setting next_dagrun for daily_price to 2026-04-01 16:00:00+00:00, run_after=2026-04-02 16:00:00+00:00
[2026-04-02T15:39:24.166+0000] {processor.py:183} INFO - Processing /opt/airflow/dags/dl_dailly_price.py took 0.127 seconds
[2026-04-02T15:39:54.445+0000] {processor.py:161} INFO - Started process (PID=5104) to work on /opt/airflow/dags/dl_dailly_price.py
[2026-04-02T15:39:54.446+0000] {processor.py:830} INFO - Processing file /opt/airflow/dags/dl_dailly_price.py for tasks to queue
[2026-04-02T15:39:54.449+0000] {logging_mixin.py:188} INFO - [2026-04-02T15:39:54.448+0000] {dagbag.py:545} INFO - Filling up the DagBag from /opt/airflow/dags/dl_dailly_price.py
[2026-04-02T15:39:54.480+0000] {processor.py:840} INFO - DAG(s) 'daily_price' retrieved from /opt/airflow/dags/dl_dailly_price.py
[2026-04-02T15:39:54.504+0000] {logging_mixin.py:188} INFO - [2026-04-02T15:39:54.504+0000] {dag.py:3089} INFO - Sync 1 DAGs
[2026-04-02T15:39:54.527+0000] {logging_mixin.py:188} INFO - [2026-04-02T15:39:54.527+0000] {dag.py:3947} INFO - Setting next_dagrun for daily_price to 2026-04-01 16:00:00+00:00, run_after=2026-04-02 16:00:00+00:00
[2026-04-02T15:39:54.549+0000] {processor.py:183} INFO - Processing /opt/airflow/dags/dl_dailly_price.py took 0.109 seconds
[2026-04-02T15:40:25.236+0000] {processor.py:161} INFO - Started process (PID=5127) to work on /opt/airflow/dags/dl_dailly_price.py
[2026-04-02T15:40:25.237+0000] {processor.py:830} INFO - Processing file /opt/airflow/dags/dl_dailly_price.py for tasks to queue
[2026-04-02T15:40:25.240+0000] {logging_mixin.py:188} INFO - [2026-04-02T15:40:25.239+0000] {dagbag.py:545} INFO - Filling up the DagBag from /opt/airflow/dags/dl_dailly_price.py
[2026-04-02T15:40:25.269+0000] {processor.py:840} INFO - DAG(s) 'daily_price' retrieved from /opt/airflow/dags/dl_dailly_price.py
[2026-04-02T15:40:25.290+0000] {logging_mixin.py:188} INFO - [2026-04-02T15:40:25.290+0000] {dag.py:3089} INFO - Sync 1 DAGs
[2026-04-02T15:40:25.326+0000] {logging_mixin.py:188} INFO - [2026-04-02T15:40:25.326+0000] {dag.py:3947} INFO - Setting next_dagrun for daily_price to 2026-04-01 16:00:00+00:00, run_after=2026-04-02 16:00:00+00:00
[2026-04-02T15:40:25.357+0000] {processor.py:183} INFO - Processing /opt/airflow/dags/dl_dailly_price.py took 0.126 seconds
[2026-04-02T15:40:55.759+0000] {processor.py:161} INFO - Started process (PID=5150) to work on /opt/airflow/dags/dl_dailly_price.py
[2026-04-02T15:40:55.760+0000] {processor.py:830} INFO - Processing file /opt/airflow/dags/dl_dailly_price.py for tasks to queue
[2026-04-02T15:40:55.763+0000] {logging_mixin.py:188} INFO - [2026-04-02T15:40:55.762+0000] {dagbag.py:545} INFO - Filling up the DagBag from /opt/airflow/dags/dl_dailly_price.py
[2026-04-02T15:40:55.791+0000] {processor.py:840} INFO - DAG(s) 'daily_price' retrieved from /opt/airflow/dags/dl_dailly_price.py
[2026-04-02T15:40:55.814+0000] {logging_mixin.py:188} INFO - [2026-04-02T15:40:55.814+0000] {dag.py:3089} INFO - Sync 1 DAGs
[2026-04-02T15:40:55.840+0000] {logging_mixin.py:188} INFO - [2026-04-02T15:40:55.840+0000] {dag.py:3947} INFO - Setting next_dagrun for daily_price to 2026-04-01 16:00:00+00:00, run_after=2026-04-02 16:00:00+00:00
[2026-04-02T15:40:55.863+0000] {processor.py:183} INFO - Processing /opt/airflow/dags/dl_dailly_price.py took 0.110 seconds
[2026-04-02T15:41:26.305+0000] {processor.py:161} INFO - Started process (PID=5173) to work on /opt/airflow/dags/dl_dailly_price.py
[2026-04-02T15:41:26.306+0000] {processor.py:830} INFO - Processing file /opt/airflow/dags/dl_dailly_price.py for tasks to queue
[2026-04-02T15:41:26.309+0000] {logging_mixin.py:188} INFO - [2026-04-02T15:41:26.308+0000] {dagbag.py:545} INFO - Filling up the DagBag from /opt/airflow/dags/dl_dailly_price.py
[2026-04-02T15:41:26.341+0000] {processor.py:840} INFO - DAG(s) 'daily_price' retrieved from /opt/airflow/dags/dl_dailly_price.py
[2026-04-02T15:41:26.365+0000] {logging_mixin.py:188} INFO - [2026-04-02T15:41:26.365+0000] {dag.py:3089} INFO - Sync 1 DAGs
[2026-04-02T15:41:26.391+0000] {logging_mixin.py:188} INFO - [2026-04-02T15:41:26.391+0000] {dag.py:3947} INFO - Setting next_dagrun for daily_price to 2026-04-01 16:00:00+00:00, run_after=2026-04-02 16:00:00+00:00
[2026-04-02T15:41:26.413+0000] {processor.py:183} INFO - Processing /opt/airflow/dags/dl_dailly_price.py took 0.114 seconds
[2026-04-02T15:41:56.760+0000] {processor.py:161} INFO - Started process (PID=5196) to work on /opt/airflow/dags/dl_dailly_price.py
[2026-04-02T15:41:56.761+0000] {processor.py:830} INFO - Processing file /opt/airflow/dags/dl_dailly_price.py for tasks to queue
[2026-04-02T15:41:56.764+0000] {logging_mixin.py:188} INFO - [2026-04-02T15:41:56.763+0000] {dagbag.py:545} INFO - Filling up the DagBag from /opt/airflow/dags/dl_dailly_price.py
[2026-04-02T15:41:56.799+0000] {processor.py:840} INFO - DAG(s) 'daily_price' retrieved from /opt/airflow/dags/dl_dailly_price.py
[2026-04-02T15:41:56.826+0000] {logging_mixin.py:188} INFO - [2026-04-02T15:41:56.826+0000] {dag.py:3089} INFO - Sync 1 DAGs
[2026-04-02T15:41:56.855+0000] {logging_mixin.py:188} INFO - [2026-04-02T15:41:56.855+0000] {dag.py:3947} INFO - Setting next_dagrun for daily_price to 2026-04-01 16:00:00+00:00, run_after=2026-04-02 16:00:00+00:00
[2026-04-02T15:41:56.878+0000] {processor.py:183} INFO - Processing /opt/airflow/dags/dl_dailly_price.py took 0.125 seconds
[2026-04-02T15:42:27.161+0000] {processor.py:161} INFO - Started process (PID=5219) to work on /opt/airflow/dags/dl_dailly_price.py
[2026-04-02T15:42:27.162+0000] {processor.py:830} INFO - Processing file /opt/airflow/dags/dl_dailly_price.py for tasks to queue
[2026-04-02T15:42:27.164+0000] {logging_mixin.py:188} INFO - [2026-04-02T15:42:27.164+0000] {dagbag.py:545} INFO - Filling up the DagBag from /opt/airflow/dags/dl_dailly_price.py
[2026-04-02T15:42:27.192+0000] {processor.py:840} INFO - DAG(s) 'daily_price' retrieved from /opt/airflow/dags/dl_dailly_price.py
[2026-04-02T15:42:27.213+0000] {logging_mixin.py:188} INFO - [2026-04-02T15:42:27.212+0000] {dag.py:3089} INFO - Sync 1 DAGs
[2026-04-02T15:42:27.234+0000] {logging_mixin.py:188} INFO - [2026-04-02T15:42:27.234+0000] {dag.py:3947} INFO - Setting next_dagrun for daily_price to 2026-04-01 16:00:00+00:00, run_after=2026-04-02 16:00:00+00:00
[2026-04-02T15:42:27.254+0000] {processor.py:183} INFO - Processing /opt/airflow/dags/dl_dailly_price.py took 0.099 seconds
[2026-04-02T15:42:57.627+0000] {processor.py:161} INFO - Started process (PID=5242) to work on /opt/airflow/dags/dl_dailly_price.py
[2026-04-02T15:42:57.628+0000] {processor.py:830} INFO - Processing file /opt/airflow/dags/dl_dailly_price.py for tasks to queue
[2026-04-02T15:42:57.630+0000] {logging_mixin.py:188} INFO - [2026-04-02T15:42:57.630+0000] {dagbag.py:545} INFO - Filling up the DagBag from /opt/airflow/dags/dl_dailly_price.py
[2026-04-02T15:42:57.659+0000] {processor.py:840} INFO - DAG(s) 'daily_price' retrieved from /opt/airflow/dags/dl_dailly_price.py
[2026-04-02T15:42:57.681+0000] {logging_mixin.py:188} INFO - [2026-04-02T15:42:57.681+0000] {dag.py:3089} INFO - Sync 1 DAGs
[2026-04-02T15:42:57.702+0000] {logging_mixin.py:188} INFO - [2026-04-02T15:42:57.702+0000] {dag.py:3947} INFO - Setting next_dagrun for daily_price to 2026-04-01 16:00:00+00:00, run_after=2026-04-02 16:00:00+00:00
[2026-04-02T15:42:57.722+0000] {processor.py:183} INFO - Processing /opt/airflow/dags/dl_dailly_price.py took 0.101 seconds
[2026-04-02T15:43:28.291+0000] {processor.py:161} INFO - Started process (PID=5265) to work on /opt/airflow/dags/dl_dailly_price.py
[2026-04-02T15:43:28.291+0000] {processor.py:830} INFO - Processing file /opt/airflow/dags/dl_dailly_price.py for tasks to queue
[2026-04-02T15:43:28.294+0000] {logging_mixin.py:188} INFO - [2026-04-02T15:43:28.294+0000] {dagbag.py:545} INFO - Filling up the DagBag from /opt/airflow/dags/dl_dailly_price.py
[2026-04-02T15:43:28.334+0000] {processor.py:840} INFO - DAG(s) 'daily_price' retrieved from /opt/airflow/dags/dl_dailly_price.py
[2026-04-02T15:43:28.359+0000] {logging_mixin.py:188} INFO - [2026-04-02T15:43:28.359+0000] {dag.py:3089} INFO - Sync 1 DAGs
[2026-04-02T15:43:28.390+0000] {logging_mixin.py:188} INFO - [2026-04-02T15:43:28.390+0000] {dag.py:3947} INFO - Setting next_dagrun for daily_price to 2026-04-01 16:00:00+00:00, run_after=2026-04-02 16:00:00+00:00
[2026-04-02T15:43:28.412+0000] {processor.py:183} INFO - Processing /opt/airflow/dags/dl_dailly_price.py took 0.127 seconds
[2026-04-02T15:43:58.834+0000] {processor.py:161} INFO - Started process (PID=5288) to work on /opt/airflow/dags/dl_dailly_price.py
[2026-04-02T15:43:58.835+0000] {processor.py:830} INFO - Processing file /opt/airflow/dags/dl_dailly_price.py for tasks to queue
[2026-04-02T15:43:58.838+0000] {logging_mixin.py:188} INFO - [2026-04-02T15:43:58.838+0000] {dagbag.py:545} INFO - Filling up the DagBag from /opt/airflow/dags/dl_dailly_price.py
[2026-04-02T15:43:58.864+0000] {processor.py:840} INFO - DAG(s) 'daily_price' retrieved from /opt/airflow/dags/dl_dailly_price.py
[2026-04-02T15:43:58.885+0000] {logging_mixin.py:188} INFO - [2026-04-02T15:43:58.884+0000] {dag.py:3089} INFO - Sync 1 DAGs
[2026-04-02T15:43:58.907+0000] {logging_mixin.py:188} INFO - [2026-04-02T15:43:58.906+0000] {dag.py:3947} INFO - Setting next_dagrun for daily_price to 2026-04-01 16:00:00+00:00, run_after=2026-04-02 16:00:00+00:00
[2026-04-02T15:43:58.925+0000] {processor.py:183} INFO - Processing /opt/airflow/dags/dl_dailly_price.py took 0.097 seconds
[2026-04-02T15:44:29.237+0000] {processor.py:161} INFO - Started process (PID=5311) to work on /opt/airflow/dags/dl_dailly_price.py
[2026-04-02T15:44:29.238+0000] {processor.py:830} INFO - Processing file /opt/airflow/dags/dl_dailly_price.py for tasks to queue
[2026-04-02T15:44:29.240+0000] {logging_mixin.py:188} INFO - [2026-04-02T15:44:29.240+0000] {dagbag.py:545} INFO - Filling up the DagBag from /opt/airflow/dags/dl_dailly_price.py
[2026-04-02T15:44:29.270+0000] {processor.py:840} INFO - DAG(s) 'daily_price' retrieved from /opt/airflow/dags/dl_dailly_price.py
[2026-04-02T15:44:29.291+0000] {logging_mixin.py:188} INFO - [2026-04-02T15:44:29.291+0000] {dag.py:3089} INFO - Sync 1 DAGs
[2026-04-02T15:44:29.313+0000] {logging_mixin.py:188} INFO - [2026-04-02T15:44:29.313+0000] {dag.py:3947} INFO - Setting next_dagrun for daily_price to 2026-04-01 16:00:00+00:00, run_after=2026-04-02 16:00:00+00:00
[2026-04-02T15:44:29.331+0000] {processor.py:183} INFO - Processing /opt/airflow/dags/dl_dailly_price.py took 0.100 seconds
[2026-04-02T15:44:59.627+0000] {processor.py:161} INFO - Started process (PID=5334) to work on /opt/airflow/dags/dl_dailly_price.py
[2026-04-02T15:44:59.628+0000] {processor.py:830} INFO - Processing file /opt/airflow/dags/dl_dailly_price.py for tasks to queue
[2026-04-02T15:44:59.631+0000] {logging_mixin.py:188} INFO - [2026-04-02T15:44:59.630+0000] {dagbag.py:545} INFO - Filling up the DagBag from /opt/airflow/dags/dl_dailly_price.py
[2026-04-02T15:44:59.666+0000] {processor.py:840} INFO - DAG(s) 'daily_price' retrieved from /opt/airflow/dags/dl_dailly_price.py
[2026-04-02T15:44:59.698+0000] {logging_mixin.py:188} INFO - [2026-04-02T15:44:59.697+0000] {dag.py:3089} INFO - Sync 1 DAGs
[2026-04-02T15:44:59.727+0000] {logging_mixin.py:188} INFO - [2026-04-02T15:44:59.727+0000] {dag.py:3947} INFO - Setting next_dagrun for daily_price to 2026-04-01 16:00:00+00:00, run_after=2026-04-02 16:00:00+00:00
[2026-04-02T15:44:59.747+0000] {processor.py:183} INFO - Processing /opt/airflow/dags/dl_dailly_price.py took 0.127 seconds
[2026-04-02T15:45:29.827+0000] {processor.py:161} INFO - Started process (PID=5357) to work on /opt/airflow/dags/dl_dailly_price.py
[2026-04-02T15:45:29.828+0000] {processor.py:830} INFO - Processing file /opt/airflow/dags/dl_dailly_price.py for tasks to queue
[2026-04-02T15:45:29.830+0000] {logging_mixin.py:188} INFO - [2026-04-02T15:45:29.830+0000] {dagbag.py:545} INFO - Filling up the DagBag from /opt/airflow/dags/dl_dailly_price.py
[2026-04-02T15:45:29.859+0000] {processor.py:840} INFO - DAG(s) 'daily_price' retrieved from /opt/airflow/dags/dl_dailly_price.py
[2026-04-02T15:45:29.881+0000] {logging_mixin.py:188} INFO - [2026-04-02T15:45:29.881+0000] {dag.py:3089} INFO - Sync 1 DAGs
[2026-04-02T15:45:29.905+0000] {logging_mixin.py:188} INFO - [2026-04-02T15:45:29.905+0000] {dag.py:3947} INFO - Setting next_dagrun for daily_price to 2026-04-01 16:00:00+00:00, run_after=2026-04-02 16:00:00+00:00
[2026-04-02T15:45:29.924+0000] {processor.py:183} INFO - Processing /opt/airflow/dags/dl_dailly_price.py took 0.102 seconds
[2026-04-02T15:46:00.735+0000] {processor.py:161} INFO - Started process (PID=5380) to work on /opt/airflow/dags/dl_dailly_price.py
[2026-04-02T15:46:00.736+0000] {processor.py:830} INFO - Processing file /opt/airflow/dags/dl_dailly_price.py for tasks to queue
[2026-04-02T15:46:00.738+0000] {logging_mixin.py:188} INFO - [2026-04-02T15:46:00.738+0000] {dagbag.py:545} INFO - Filling up the DagBag from /opt/airflow/dags/dl_dailly_price.py
[2026-04-02T15:46:00.769+0000] {processor.py:840} INFO - DAG(s) 'daily_price' retrieved from /opt/airflow/dags/dl_dailly_price.py
[2026-04-02T15:46:00.792+0000] {logging_mixin.py:188} INFO - [2026-04-02T15:46:00.792+0000] {dag.py:3089} INFO - Sync 1 DAGs
[2026-04-02T15:46:00.822+0000] {logging_mixin.py:188} INFO - [2026-04-02T15:46:00.821+0000] {dag.py:3947} INFO - Setting next_dagrun for daily_price to 2026-04-01 16:00:00+00:00, run_after=2026-04-02 16:00:00+00:00
[2026-04-02T15:46:01.062+0000] {processor.py:183} INFO - Processing /opt/airflow/dags/dl_dailly_price.py took 0.332 seconds
[2026-04-02T15:46:31.930+0000] {processor.py:161} INFO - Started process (PID=5403) to work on /opt/airflow/dags/dl_dailly_price.py
[2026-04-02T15:46:31.931+0000] {processor.py:830} INFO - Processing file /opt/airflow/dags/dl_dailly_price.py for tasks to queue
[2026-04-02T15:46:31.933+0000] {logging_mixin.py:188} INFO - [2026-04-02T15:46:31.933+0000] {dagbag.py:545} INFO - Filling up the DagBag from /opt/airflow/dags/dl_dailly_price.py
[2026-04-02T15:46:31.957+0000] {processor.py:840} INFO - DAG(s) 'daily_price' retrieved from /opt/airflow/dags/dl_dailly_price.py
[2026-04-02T15:46:31.981+0000] {logging_mixin.py:188} INFO - [2026-04-02T15:46:31.981+0000] {dag.py:3089} INFO - Sync 1 DAGs
[2026-04-02T15:46:32.001+0000] {logging_mixin.py:188} INFO - [2026-04-02T15:46:32.001+0000] {dag.py:3947} INFO - Setting next_dagrun for daily_price to 2026-04-01 16:00:00+00:00, run_after=2026-04-02 16:00:00+00:00
[2026-04-02T15:46:32.020+0000] {processor.py:183} INFO - Processing /opt/airflow/dags/dl_dailly_price.py took 0.094 seconds
[2026-04-02T15:47:02.353+0000] {processor.py:161} INFO - Started process (PID=5426) to work on /opt/airflow/dags/dl_dailly_price.py
[2026-04-02T15:47:02.354+0000] {processor.py:830} INFO - Processing file /opt/airflow/dags/dl_dailly_price.py for tasks to queue
[2026-04-02T15:47:02.357+0000] {logging_mixin.py:188} INFO - [2026-04-02T15:47:02.356+0000] {dagbag.py:545} INFO - Filling up the DagBag from /opt/airflow/dags/dl_dailly_price.py
[2026-04-02T15:47:02.384+0000] {processor.py:840} INFO - DAG(s) 'daily_price' retrieved from /opt/airflow/dags/dl_dailly_price.py
[2026-04-02T15:47:02.407+0000] {logging_mixin.py:188} INFO - [2026-04-02T15:47:02.407+0000] {dag.py:3089} INFO - Sync 1 DAGs
[2026-04-02T15:47:02.429+0000] {logging_mixin.py:188} INFO - [2026-04-02T15:47:02.429+0000] {dag.py:3947} INFO - Setting next_dagrun for daily_price to 2026-04-01 16:00:00+00:00, run_after=2026-04-02 16:00:00+00:00
[2026-04-02T15:47:02.447+0000] {processor.py:183} INFO - Processing /opt/airflow/dags/dl_dailly_price.py took 0.100 seconds
[2026-04-02T15:47:32.716+0000] {processor.py:161} INFO - Started process (PID=5449) to work on /opt/airflow/dags/dl_dailly_price.py
[2026-04-02T15:47:32.717+0000] {processor.py:830} INFO - Processing file /opt/airflow/dags/dl_dailly_price.py for tasks to queue
[2026-04-02T15:47:32.721+0000] {logging_mixin.py:188} INFO - [2026-04-02T15:47:32.720+0000] {dagbag.py:545} INFO - Filling up the DagBag from /opt/airflow/dags/dl_dailly_price.py
[2026-04-02T15:47:32.766+0000] {processor.py:840} INFO - DAG(s) 'daily_price' retrieved from /opt/airflow/dags/dl_dailly_price.py
[2026-04-02T15:47:32.804+0000] {logging_mixin.py:188} INFO - [2026-04-02T15:47:32.804+0000] {dag.py:3089} INFO - Sync 1 DAGs
[2026-04-02T15:47:32.848+0000] {logging_mixin.py:188} INFO - [2026-04-02T15:47:32.847+0000] {dag.py:3947} INFO - Setting next_dagrun for daily_price to 2026-04-01 16:00:00+00:00, run_after=2026-04-02 16:00:00+00:00
[2026-04-02T15:47:32.879+0000] {processor.py:183} INFO - Processing /opt/airflow/dags/dl_dailly_price.py took 0.172 seconds
[2026-04-02T15:48:03.511+0000] {processor.py:161} INFO - Started process (PID=5472) to work on /opt/airflow/dags/dl_dailly_price.py
[2026-04-02T15:48:03.512+0000] {processor.py:830} INFO - Processing file /opt/airflow/dags/dl_dailly_price.py for tasks to queue
[2026-04-02T15:48:03.514+0000] {logging_mixin.py:188} INFO - [2026-04-02T15:48:03.514+0000] {dagbag.py:545} INFO - Filling up the DagBag from /opt/airflow/dags/dl_dailly_price.py
[2026-04-02T15:48:03.542+0000] {processor.py:840} INFO - DAG(s) 'daily_price' retrieved from /opt/airflow/dags/dl_dailly_price.py
[2026-04-02T15:48:03.564+0000] {logging_mixin.py:188} INFO - [2026-04-02T15:48:03.564+0000] {dag.py:3089} INFO - Sync 1 DAGs
[2026-04-02T15:48:03.588+0000] {logging_mixin.py:188} INFO - [2026-04-02T15:48:03.588+0000] {dag.py:3947} INFO - Setting next_dagrun for daily_price to 2026-04-01 16:00:00+00:00, run_after=2026-04-02 16:00:00+00:00
[2026-04-02T15:48:03.609+0000] {processor.py:183} INFO - Processing /opt/airflow/dags/dl_dailly_price.py took 0.103 seconds
[2026-04-02T15:48:34.221+0000] {processor.py:161} INFO - Started process (PID=5501) to work on /opt/airflow/dags/dl_dailly_price.py
[2026-04-02T15:48:34.222+0000] {processor.py:830} INFO - Processing file /opt/airflow/dags/dl_dailly_price.py for tasks to queue
[2026-04-02T15:48:34.225+0000] {logging_mixin.py:188} INFO - [2026-04-02T15:48:34.224+0000] {dagbag.py:545} INFO - Filling up the DagBag from /opt/airflow/dags/dl_dailly_price.py
[2026-04-02T15:48:34.259+0000] {processor.py:840} INFO - DAG(s) 'daily_price' retrieved from /opt/airflow/dags/dl_dailly_price.py
[2026-04-02T15:48:34.282+0000] {logging_mixin.py:188} INFO - [2026-04-02T15:48:34.281+0000] {dag.py:3089} INFO - Sync 1 DAGs
[2026-04-02T15:48:34.305+0000] {logging_mixin.py:188} INFO - [2026-04-02T15:48:34.305+0000] {dag.py:3947} INFO - Setting next_dagrun for daily_price to 2026-04-01 16:00:00+00:00, run_after=2026-04-02 16:00:00+00:00
[2026-04-02T15:48:34.325+0000] {processor.py:183} INFO - Processing /opt/airflow/dags/dl_dailly_price.py took 0.110 seconds
[2026-04-02T15:49:04.550+0000] {processor.py:161} INFO - Started process (PID=5524) to work on /opt/airflow/dags/dl_dailly_price.py
[2026-04-02T15:49:04.551+0000] {processor.py:830} INFO - Processing file /opt/airflow/dags/dl_dailly_price.py for tasks to queue
[2026-04-02T15:49:04.555+0000] {logging_mixin.py:188} INFO - [2026-04-02T15:49:04.554+0000] {dagbag.py:545} INFO - Filling up the DagBag from /opt/airflow/dags/dl_dailly_price.py
[2026-04-02T15:49:04.597+0000] {processor.py:840} INFO - DAG(s) 'daily_price' retrieved from /opt/airflow/dags/dl_dailly_price.py
[2026-04-02T15:49:04.628+0000] {logging_mixin.py:188} INFO - [2026-04-02T15:49:04.628+0000] {dag.py:3089} INFO - Sync 1 DAGs
[2026-04-02T15:49:04.655+0000] {logging_mixin.py:188} INFO - [2026-04-02T15:49:04.655+0000] {dag.py:3947} INFO - Setting next_dagrun for daily_price to 2026-04-01 16:00:00+00:00, run_after=2026-04-02 16:00:00+00:00
[2026-04-02T15:49:04.677+0000] {processor.py:183} INFO - Processing /opt/airflow/dags/dl_dailly_price.py took 0.138 seconds
[2026-04-02T15:49:34.755+0000] {processor.py:161} INFO - Started process (PID=5547) to work on /opt/airflow/dags/dl_dailly_price.py
[2026-04-02T15:49:34.756+0000] {processor.py:830} INFO - Processing file /opt/airflow/dags/dl_dailly_price.py for tasks to queue
[2026-04-02T15:49:34.759+0000] {logging_mixin.py:188} INFO - [2026-04-02T15:49:34.758+0000] {dagbag.py:545} INFO - Filling up the DagBag from /opt/airflow/dags/dl_dailly_price.py
[2026-04-02T15:49:34.792+0000] {processor.py:840} INFO - DAG(s) 'daily_price' retrieved from /opt/airflow/dags/dl_dailly_price.py
[2026-04-02T15:49:34.821+0000] {logging_mixin.py:188} INFO - [2026-04-02T15:49:34.821+0000] {dag.py:3089} INFO - Sync 1 DAGs
[2026-04-02T15:49:35.083+0000] {logging_mixin.py:188} INFO - [2026-04-02T15:49:35.083+0000] {dag.py:3947} INFO - Setting next_dagrun for daily_price to 2026-04-01 16:00:00+00:00, run_after=2026-04-02 16:00:00+00:00
[2026-04-02T15:49:35.104+0000] {processor.py:183} INFO - Processing /opt/airflow/dags/dl_dailly_price.py took 0.356 seconds
[2026-04-02T15:50:05.610+0000] {processor.py:161} INFO - Started process (PID=5570) to work on /opt/airflow/dags/dl_dailly_price.py
[2026-04-02T15:50:05.611+0000] {processor.py:830} INFO - Processing file /opt/airflow/dags/dl_dailly_price.py for tasks to queue
[2026-04-02T15:50:05.614+0000] {logging_mixin.py:188} INFO - [2026-04-02T15:50:05.613+0000] {dagbag.py:545} INFO - Filling up the DagBag from /opt/airflow/dags/dl_dailly_price.py
[2026-04-02T15:50:05.844+0000] {processor.py:840} INFO - DAG(s) 'daily_price' retrieved from /opt/airflow/dags/dl_dailly_price.py
[2026-04-02T15:50:05.870+0000] {logging_mixin.py:188} INFO - [2026-04-02T15:50:05.870+0000] {dag.py:3089} INFO - Sync 1 DAGs
[2026-04-02T15:50:05.896+0000] {logging_mixin.py:188} INFO - [2026-04-02T15:50:05.896+0000] {dag.py:3947} INFO - Setting next_dagrun for daily_price to 2026-04-01 16:00:00+00:00, run_after=2026-04-02 16:00:00+00:00
[2026-04-02T15:50:05.919+0000] {processor.py:183} INFO - Processing /opt/airflow/dags/dl_dailly_price.py took 0.316 seconds
[2026-04-02T15:50:36.532+0000] {processor.py:161} INFO - Started process (PID=5593) to work on /opt/airflow/dags/dl_dailly_price.py
[2026-04-02T15:50:36.534+0000] {processor.py:830} INFO - Processing file /opt/airflow/dags/dl_dailly_price.py for tasks to queue
[2026-04-02T15:50:36.539+0000] {logging_mixin.py:188} INFO - [2026-04-02T15:50:36.538+0000] {dagbag.py:545} INFO - Filling up the DagBag from /opt/airflow/dags/dl_dailly_price.py
[2026-04-02T15:50:36.598+0000] {processor.py:840} INFO - DAG(s) 'daily_price' retrieved from /opt/airflow/dags/dl_dailly_price.py
[2026-04-02T15:50:36.638+0000] {logging_mixin.py:188} INFO - [2026-04-02T15:50:36.637+0000] {dag.py:3089} INFO - Sync 1 DAGs
[2026-04-02T15:50:36.680+0000] {logging_mixin.py:188} INFO - [2026-04-02T15:50:36.679+0000] {dag.py:3947} INFO - Setting next_dagrun for daily_price to 2026-04-01 16:00:00+00:00, run_after=2026-04-02 16:00:00+00:00
[2026-04-02T15:50:36.719+0000] {processor.py:183} INFO - Processing /opt/airflow/dags/dl_dailly_price.py took 0.195 seconds
[2026-04-02T15:51:06.850+0000] {processor.py:161} INFO - Started process (PID=5616) to work on /opt/airflow/dags/dl_dailly_price.py
[2026-04-02T15:51:06.850+0000] {processor.py:830} INFO - Processing file /opt/airflow/dags/dl_dailly_price.py for tasks to queue
[2026-04-02T15:51:06.852+0000] {logging_mixin.py:188} INFO - [2026-04-02T15:51:06.852+0000] {dagbag.py:545} INFO - Filling up the DagBag from /opt/airflow/dags/dl_dailly_price.py
[2026-04-02T15:51:06.877+0000] {processor.py:840} INFO - DAG(s) 'daily_price' retrieved from /opt/airflow/dags/dl_dailly_price.py
[2026-04-02T15:51:06.898+0000] {logging_mixin.py:188} INFO - [2026-04-02T15:51:06.898+0000] {dag.py:3089} INFO - Sync 1 DAGs
[2026-04-02T15:51:06.918+0000] {logging_mixin.py:188} INFO - [2026-04-02T15:51:06.918+0000] {dag.py:3947} INFO - Setting next_dagrun for daily_price to 2026-04-01 16:00:00+00:00, run_after=2026-04-02 16:00:00+00:00
[2026-04-02T15:51:06.935+0000] {processor.py:183} INFO - Processing /opt/airflow/dags/dl_dailly_price.py took 0.091 seconds
[2026-04-02T15:51:37.004+0000] {processor.py:161} INFO - Started process (PID=5639) to work on /opt/airflow/dags/dl_dailly_price.py
[2026-04-02T15:51:37.005+0000] {processor.py:830} INFO - Processing file /opt/airflow/dags/dl_dailly_price.py for tasks to queue
[2026-04-02T15:51:37.007+0000] {logging_mixin.py:188} INFO - [2026-04-02T15:51:37.007+0000] {dagbag.py:545} INFO - Filling up the DagBag from /opt/airflow/dags/dl_dailly_price.py
[2026-04-02T15:51:37.039+0000] {processor.py:840} INFO - DAG(s) 'daily_price' retrieved from /opt/airflow/dags/dl_dailly_price.py
[2026-04-02T15:51:37.063+0000] {logging_mixin.py:188} INFO - [2026-04-02T15:51:37.063+0000] {dag.py:3089} INFO - Sync 1 DAGs
[2026-04-02T15:51:37.089+0000] {logging_mixin.py:188} INFO - [2026-04-02T15:51:37.089+0000] {dag.py:3947} INFO - Setting next_dagrun for daily_price to 2026-04-01 16:00:00+00:00, run_after=2026-04-02 16:00:00+00:00
[2026-04-02T15:51:37.111+0000] {processor.py:183} INFO - Processing /opt/airflow/dags/dl_dailly_price.py took 0.112 seconds
[2026-04-02T15:52:07.352+0000] {processor.py:161} INFO - Started process (PID=5662) to work on /opt/airflow/dags/dl_dailly_price.py
[2026-04-02T15:52:07.353+0000] {processor.py:830} INFO - Processing file /opt/airflow/dags/dl_dailly_price.py for tasks to queue
[2026-04-02T15:52:07.355+0000] {logging_mixin.py:188} INFO - [2026-04-02T15:52:07.355+0000] {dagbag.py:545} INFO - Filling up the DagBag from /opt/airflow/dags/dl_dailly_price.py
[2026-04-02T15:52:07.379+0000] {processor.py:840} INFO - DAG(s) 'daily_price' retrieved from /opt/airflow/dags/dl_dailly_price.py
[2026-04-02T15:52:07.397+0000] {logging_mixin.py:188} INFO - [2026-04-02T15:52:07.397+0000] {dag.py:3089} INFO - Sync 1 DAGs
[2026-04-02T15:52:07.416+0000] {logging_mixin.py:188} INFO - [2026-04-02T15:52:07.416+0000] {dag.py:3947} INFO - Setting next_dagrun for daily_price to 2026-04-01 16:00:00+00:00, run_after=2026-04-02 16:00:00+00:00
[2026-04-02T15:52:07.434+0000] {processor.py:183} INFO - Processing /opt/airflow/dags/dl_dailly_price.py took 0.087 seconds
[2026-04-02T15:52:37.594+0000] {processor.py:161} INFO - Started process (PID=5685) to work on /opt/airflow/dags/dl_dailly_price.py
[2026-04-02T15:52:37.595+0000] {processor.py:830} INFO - Processing file /opt/airflow/dags/dl_dailly_price.py for tasks to queue
[2026-04-02T15:52:37.598+0000] {logging_mixin.py:188} INFO - [2026-04-02T15:52:37.597+0000] {dagbag.py:545} INFO - Filling up the DagBag from /opt/airflow/dags/dl_dailly_price.py
[2026-04-02T15:52:37.629+0000] {processor.py:840} INFO - DAG(s) 'daily_price' retrieved from /opt/airflow/dags/dl_dailly_price.py
[2026-04-02T15:52:37.653+0000] {logging_mixin.py:188} INFO - [2026-04-02T15:52:37.652+0000] {dag.py:3089} INFO - Sync 1 DAGs
[2026-04-02T15:52:37.675+0000] {logging_mixin.py:188} INFO - [2026-04-02T15:52:37.675+0000] {dag.py:3947} INFO - Setting next_dagrun for daily_price to 2026-04-01 16:00:00+00:00, run_after=2026-04-02 16:00:00+00:00
[2026-04-02T15:52:37.693+0000] {processor.py:183} INFO - Processing /opt/airflow/dags/dl_dailly_price.py took 0.104 seconds
[2026-04-02T15:53:07.799+0000] {processor.py:161} INFO - Started process (PID=5708) to work on /opt/airflow/dags/dl_dailly_price.py
[2026-04-02T15:53:07.800+0000] {processor.py:830} INFO - Processing file /opt/airflow/dags/dl_dailly_price.py for tasks to queue
[2026-04-02T15:53:07.802+0000] {logging_mixin.py:188} INFO - [2026-04-02T15:53:07.802+0000] {dagbag.py:545} INFO - Filling up the DagBag from /opt/airflow/dags/dl_dailly_price.py
[2026-04-02T15:53:07.831+0000] {processor.py:840} INFO - DAG(s) 'daily_price' retrieved from /opt/airflow/dags/dl_dailly_price.py
[2026-04-02T15:53:07.854+0000] {logging_mixin.py:188} INFO - [2026-04-02T15:53:07.854+0000] {dag.py:3089} INFO - Sync 1 DAGs
[2026-04-02T15:53:07.877+0000] {logging_mixin.py:188} INFO - [2026-04-02T15:53:07.876+0000] {dag.py:3947} INFO - Setting next_dagrun for daily_price to 2026-04-01 16:00:00+00:00, run_after=2026-04-02 16:00:00+00:00
[2026-04-02T15:53:07.896+0000] {processor.py:183} INFO - Processing /opt/airflow/dags/dl_dailly_price.py took 0.103 seconds
[2026-04-02T15:53:38.072+0000] {processor.py:161} INFO - Started process (PID=5731) to work on /opt/airflow/dags/dl_dailly_price.py
[2026-04-02T15:53:38.073+0000] {processor.py:830} INFO - Processing file /opt/airflow/dags/dl_dailly_price.py for tasks to queue
[2026-04-02T15:53:38.075+0000] {logging_mixin.py:188} INFO - [2026-04-02T15:53:38.075+0000] {dagbag.py:545} INFO - Filling up the DagBag from /opt/airflow/dags/dl_dailly_price.py
[2026-04-02T15:53:38.102+0000] {processor.py:840} INFO - DAG(s) 'daily_price' retrieved from /opt/airflow/dags/dl_dailly_price.py
[2026-04-02T15:53:38.123+0000] {logging_mixin.py:188} INFO - [2026-04-02T15:53:38.123+0000] {dag.py:3089} INFO - Sync 1 DAGs
[2026-04-02T15:53:38.148+0000] {logging_mixin.py:188} INFO - [2026-04-02T15:53:38.147+0000] {dag.py:3947} INFO - Setting next_dagrun for daily_price to 2026-04-01 16:00:00+00:00, run_after=2026-04-02 16:00:00+00:00
[2026-04-02T15:53:38.165+0000] {processor.py:183} INFO - Processing /opt/airflow/dags/dl_dailly_price.py took 0.099 seconds
