[2026-04-20T00:59:22.490+0000] {processor.py:161} INFO - Started process (PID=69) to work on /opt/airflow/dags/orderbook_to_parquet_minio.py
[2026-04-20T00:59:22.491+0000] {processor.py:830} INFO - Processing file /opt/airflow/dags/orderbook_to_parquet_minio.py for tasks to queue
[2026-04-20T00:59:22.493+0000] {logging_mixin.py:188} INFO - [2026-04-20T00:59:22.493+0000] {dagbag.py:545} INFO - Filling up the DagBag from /opt/airflow/dags/orderbook_to_parquet_minio.py
[2026-04-20T00:59:22.525+0000] {processor.py:840} INFO - DAG(s) 'orderbook_backto_minio_parquet' retrieved from /opt/airflow/dags/orderbook_to_parquet_minio.py
[2026-04-20T00:59:22.615+0000] {logging_mixin.py:188} INFO - [2026-04-20T00:59:22.615+0000] {dag.py:3089} INFO - Sync 1 DAGs
[2026-04-20T00:59:22.635+0000] {logging_mixin.py:188} INFO - [2026-04-20T00:59:22.634+0000] {dag.py:3947} INFO - Setting next_dagrun for orderbook_backto_minio_parquet to 2026-04-18 02:00:00+00:00, run_after=2026-04-19 02:00:00+00:00
[2026-04-20T00:59:22.655+0000] {processor.py:183} INFO - Processing /opt/airflow/dags/orderbook_to_parquet_minio.py took 0.170 seconds
[2026-04-20T00:59:53.093+0000] {processor.py:161} INFO - Started process (PID=118) to work on /opt/airflow/dags/orderbook_to_parquet_minio.py
[2026-04-20T00:59:53.094+0000] {processor.py:830} INFO - Processing file /opt/airflow/dags/orderbook_to_parquet_minio.py for tasks to queue
[2026-04-20T00:59:53.098+0000] {logging_mixin.py:188} INFO - [2026-04-20T00:59:53.097+0000] {dagbag.py:545} INFO - Filling up the DagBag from /opt/airflow/dags/orderbook_to_parquet_minio.py
[2026-04-20T00:59:53.148+0000] {processor.py:840} INFO - DAG(s) 'orderbook_backto_minio_parquet' retrieved from /opt/airflow/dags/orderbook_to_parquet_minio.py
[2026-04-20T00:59:53.171+0000] {logging_mixin.py:188} INFO - [2026-04-20T00:59:53.170+0000] {dag.py:3089} INFO - Sync 1 DAGs
[2026-04-20T00:59:53.204+0000] {logging_mixin.py:188} INFO - [2026-04-20T00:59:53.204+0000] {dag.py:3947} INFO - Setting next_dagrun for orderbook_backto_minio_parquet to 2026-04-18 02:00:00+00:00, run_after=2026-04-19 02:00:00+00:00
[2026-04-20T00:59:53.233+0000] {processor.py:183} INFO - Processing /opt/airflow/dags/orderbook_to_parquet_minio.py took 0.149 seconds
[2026-04-20T01:00:23.343+0000] {processor.py:161} INFO - Started process (PID=142) to work on /opt/airflow/dags/orderbook_to_parquet_minio.py
[2026-04-20T01:00:23.344+0000] {processor.py:830} INFO - Processing file /opt/airflow/dags/orderbook_to_parquet_minio.py for tasks to queue
[2026-04-20T01:00:23.346+0000] {logging_mixin.py:188} INFO - [2026-04-20T01:00:23.346+0000] {dagbag.py:545} INFO - Filling up the DagBag from /opt/airflow/dags/orderbook_to_parquet_minio.py
[2026-04-20T01:00:23.384+0000] {processor.py:840} INFO - DAG(s) 'orderbook_backto_minio_parquet' retrieved from /opt/airflow/dags/orderbook_to_parquet_minio.py
[2026-04-20T01:00:23.401+0000] {logging_mixin.py:188} INFO - [2026-04-20T01:00:23.401+0000] {dag.py:3089} INFO - Sync 1 DAGs
[2026-04-20T01:00:23.423+0000] {logging_mixin.py:188} INFO - [2026-04-20T01:00:23.423+0000] {dag.py:3947} INFO - Setting next_dagrun for orderbook_backto_minio_parquet to 2026-04-18 02:00:00+00:00, run_after=2026-04-19 02:00:00+00:00
[2026-04-20T01:00:23.444+0000] {processor.py:183} INFO - Processing /opt/airflow/dags/orderbook_to_parquet_minio.py took 0.106 seconds
[2026-04-20T01:00:53.695+0000] {processor.py:161} INFO - Started process (PID=167) to work on /opt/airflow/dags/orderbook_to_parquet_minio.py
[2026-04-20T01:00:53.696+0000] {processor.py:830} INFO - Processing file /opt/airflow/dags/orderbook_to_parquet_minio.py for tasks to queue
[2026-04-20T01:00:53.698+0000] {logging_mixin.py:188} INFO - [2026-04-20T01:00:53.698+0000] {dagbag.py:545} INFO - Filling up the DagBag from /opt/airflow/dags/orderbook_to_parquet_minio.py
[2026-04-20T01:00:53.730+0000] {processor.py:840} INFO - DAG(s) 'orderbook_backto_minio_parquet' retrieved from /opt/airflow/dags/orderbook_to_parquet_minio.py
[2026-04-20T01:00:53.745+0000] {logging_mixin.py:188} INFO - [2026-04-20T01:00:53.744+0000] {dag.py:3089} INFO - Sync 1 DAGs
[2026-04-20T01:00:53.766+0000] {logging_mixin.py:188} INFO - [2026-04-20T01:00:53.766+0000] {dag.py:3947} INFO - Setting next_dagrun for orderbook_backto_minio_parquet to 2026-04-18 02:00:00+00:00, run_after=2026-04-19 02:00:00+00:00
[2026-04-20T01:00:53.785+0000] {processor.py:183} INFO - Processing /opt/airflow/dags/orderbook_to_parquet_minio.py took 0.096 seconds
[2026-04-20T01:01:24.726+0000] {processor.py:161} INFO - Started process (PID=198) to work on /opt/airflow/dags/orderbook_to_parquet_minio.py
[2026-04-20T01:01:24.727+0000] {processor.py:830} INFO - Processing file /opt/airflow/dags/orderbook_to_parquet_minio.py for tasks to queue
[2026-04-20T01:01:24.729+0000] {logging_mixin.py:188} INFO - [2026-04-20T01:01:24.729+0000] {dagbag.py:545} INFO - Filling up the DagBag from /opt/airflow/dags/orderbook_to_parquet_minio.py
[2026-04-20T01:01:24.759+0000] {processor.py:840} INFO - DAG(s) 'orderbook_backto_minio_parquet' retrieved from /opt/airflow/dags/orderbook_to_parquet_minio.py
[2026-04-20T01:01:24.774+0000] {logging_mixin.py:188} INFO - [2026-04-20T01:01:24.774+0000] {dag.py:3089} INFO - Sync 1 DAGs
[2026-04-20T01:01:24.796+0000] {logging_mixin.py:188} INFO - [2026-04-20T01:01:24.796+0000] {dag.py:3947} INFO - Setting next_dagrun for orderbook_backto_minio_parquet to 2026-04-18 02:00:00+00:00, run_after=2026-04-19 02:00:00+00:00
[2026-04-20T01:01:24.815+0000] {processor.py:183} INFO - Processing /opt/airflow/dags/orderbook_to_parquet_minio.py took 0.094 seconds
[2026-04-20T01:01:55.190+0000] {processor.py:161} INFO - Started process (PID=223) to work on /opt/airflow/dags/orderbook_to_parquet_minio.py
[2026-04-20T01:01:55.191+0000] {processor.py:830} INFO - Processing file /opt/airflow/dags/orderbook_to_parquet_minio.py for tasks to queue
[2026-04-20T01:01:55.193+0000] {logging_mixin.py:188} INFO - [2026-04-20T01:01:55.193+0000] {dagbag.py:545} INFO - Filling up the DagBag from /opt/airflow/dags/orderbook_to_parquet_minio.py
[2026-04-20T01:01:55.225+0000] {processor.py:840} INFO - DAG(s) 'orderbook_backto_minio_parquet' retrieved from /opt/airflow/dags/orderbook_to_parquet_minio.py
[2026-04-20T01:01:55.243+0000] {logging_mixin.py:188} INFO - [2026-04-20T01:01:55.243+0000] {dag.py:3089} INFO - Sync 1 DAGs
[2026-04-20T01:01:55.267+0000] {logging_mixin.py:188} INFO - [2026-04-20T01:01:55.266+0000] {dag.py:3947} INFO - Setting next_dagrun for orderbook_backto_minio_parquet to 2026-04-18 02:00:00+00:00, run_after=2026-04-19 02:00:00+00:00
[2026-04-20T01:01:55.289+0000] {processor.py:183} INFO - Processing /opt/airflow/dags/orderbook_to_parquet_minio.py took 0.104 seconds
[2026-04-20T01:02:25.857+0000] {processor.py:161} INFO - Started process (PID=248) to work on /opt/airflow/dags/orderbook_to_parquet_minio.py
[2026-04-20T01:02:25.857+0000] {processor.py:830} INFO - Processing file /opt/airflow/dags/orderbook_to_parquet_minio.py for tasks to queue
[2026-04-20T01:02:25.860+0000] {logging_mixin.py:188} INFO - [2026-04-20T01:02:25.859+0000] {dagbag.py:545} INFO - Filling up the DagBag from /opt/airflow/dags/orderbook_to_parquet_minio.py
[2026-04-20T01:02:25.889+0000] {processor.py:840} INFO - DAG(s) 'orderbook_backto_minio_parquet' retrieved from /opt/airflow/dags/orderbook_to_parquet_minio.py
[2026-04-20T01:02:25.904+0000] {logging_mixin.py:188} INFO - [2026-04-20T01:02:25.904+0000] {dag.py:3089} INFO - Sync 1 DAGs
[2026-04-20T01:02:25.924+0000] {logging_mixin.py:188} INFO - [2026-04-20T01:02:25.924+0000] {dag.py:3947} INFO - Setting next_dagrun for orderbook_backto_minio_parquet to 2026-04-18 02:00:00+00:00, run_after=2026-04-19 02:00:00+00:00
[2026-04-20T01:02:25.943+0000] {processor.py:183} INFO - Processing /opt/airflow/dags/orderbook_to_parquet_minio.py took 0.092 seconds
[2026-04-20T01:02:56.407+0000] {processor.py:161} INFO - Started process (PID=273) to work on /opt/airflow/dags/orderbook_to_parquet_minio.py
[2026-04-20T01:02:56.408+0000] {processor.py:830} INFO - Processing file /opt/airflow/dags/orderbook_to_parquet_minio.py for tasks to queue
[2026-04-20T01:02:56.410+0000] {logging_mixin.py:188} INFO - [2026-04-20T01:02:56.410+0000] {dagbag.py:545} INFO - Filling up the DagBag from /opt/airflow/dags/orderbook_to_parquet_minio.py
[2026-04-20T01:02:56.441+0000] {processor.py:840} INFO - DAG(s) 'orderbook_backto_minio_parquet' retrieved from /opt/airflow/dags/orderbook_to_parquet_minio.py
[2026-04-20T01:02:56.455+0000] {logging_mixin.py:188} INFO - [2026-04-20T01:02:56.455+0000] {dag.py:3089} INFO - Sync 1 DAGs
[2026-04-20T01:02:56.476+0000] {logging_mixin.py:188} INFO - [2026-04-20T01:02:56.476+0000] {dag.py:3947} INFO - Setting next_dagrun for orderbook_backto_minio_parquet to 2026-04-18 02:00:00+00:00, run_after=2026-04-19 02:00:00+00:00
[2026-04-20T01:02:56.496+0000] {processor.py:183} INFO - Processing /opt/airflow/dags/orderbook_to_parquet_minio.py took 0.094 seconds
[2026-04-20T01:03:26.937+0000] {processor.py:161} INFO - Started process (PID=298) to work on /opt/airflow/dags/orderbook_to_parquet_minio.py
[2026-04-20T01:03:26.938+0000] {processor.py:830} INFO - Processing file /opt/airflow/dags/orderbook_to_parquet_minio.py for tasks to queue
[2026-04-20T01:03:26.940+0000] {logging_mixin.py:188} INFO - [2026-04-20T01:03:26.940+0000] {dagbag.py:545} INFO - Filling up the DagBag from /opt/airflow/dags/orderbook_to_parquet_minio.py
[2026-04-20T01:03:26.969+0000] {processor.py:840} INFO - DAG(s) 'orderbook_backto_minio_parquet' retrieved from /opt/airflow/dags/orderbook_to_parquet_minio.py
[2026-04-20T01:03:26.983+0000] {logging_mixin.py:188} INFO - [2026-04-20T01:03:26.983+0000] {dag.py:3089} INFO - Sync 1 DAGs
[2026-04-20T01:03:27.004+0000] {logging_mixin.py:188} INFO - [2026-04-20T01:03:27.004+0000] {dag.py:3947} INFO - Setting next_dagrun for orderbook_backto_minio_parquet to 2026-04-18 02:00:00+00:00, run_after=2026-04-19 02:00:00+00:00
[2026-04-20T01:03:27.024+0000] {processor.py:183} INFO - Processing /opt/airflow/dags/orderbook_to_parquet_minio.py took 0.093 seconds
[2026-04-20T01:03:57.594+0000] {processor.py:161} INFO - Started process (PID=323) to work on /opt/airflow/dags/orderbook_to_parquet_minio.py
[2026-04-20T01:03:57.595+0000] {processor.py:830} INFO - Processing file /opt/airflow/dags/orderbook_to_parquet_minio.py for tasks to queue
[2026-04-20T01:03:57.598+0000] {logging_mixin.py:188} INFO - [2026-04-20T01:03:57.598+0000] {dagbag.py:545} INFO - Filling up the DagBag from /opt/airflow/dags/orderbook_to_parquet_minio.py
[2026-04-20T01:03:57.635+0000] {processor.py:840} INFO - DAG(s) 'orderbook_backto_minio_parquet' retrieved from /opt/airflow/dags/orderbook_to_parquet_minio.py
[2026-04-20T01:03:57.651+0000] {logging_mixin.py:188} INFO - [2026-04-20T01:03:57.651+0000] {dag.py:3089} INFO - Sync 1 DAGs
[2026-04-20T01:03:57.675+0000] {logging_mixin.py:188} INFO - [2026-04-20T01:03:57.675+0000] {dag.py:3947} INFO - Setting next_dagrun for orderbook_backto_minio_parquet to 2026-04-18 02:00:00+00:00, run_after=2026-04-19 02:00:00+00:00
[2026-04-20T01:03:57.695+0000] {processor.py:183} INFO - Processing /opt/airflow/dags/orderbook_to_parquet_minio.py took 0.108 seconds
[2026-04-20T01:04:27.749+0000] {processor.py:161} INFO - Started process (PID=348) to work on /opt/airflow/dags/orderbook_to_parquet_minio.py
[2026-04-20T01:04:27.750+0000] {processor.py:830} INFO - Processing file /opt/airflow/dags/orderbook_to_parquet_minio.py for tasks to queue
[2026-04-20T01:04:27.753+0000] {logging_mixin.py:188} INFO - [2026-04-20T01:04:27.752+0000] {dagbag.py:545} INFO - Filling up the DagBag from /opt/airflow/dags/orderbook_to_parquet_minio.py
[2026-04-20T01:04:27.780+0000] {processor.py:840} INFO - DAG(s) 'orderbook_backto_minio_parquet' retrieved from /opt/airflow/dags/orderbook_to_parquet_minio.py
[2026-04-20T01:04:27.794+0000] {logging_mixin.py:188} INFO - [2026-04-20T01:04:27.794+0000] {dag.py:3089} INFO - Sync 1 DAGs
[2026-04-20T01:04:27.814+0000] {logging_mixin.py:188} INFO - [2026-04-20T01:04:27.814+0000] {dag.py:3947} INFO - Setting next_dagrun for orderbook_backto_minio_parquet to 2026-04-18 02:00:00+00:00, run_after=2026-04-19 02:00:00+00:00
[2026-04-20T01:04:27.835+0000] {processor.py:183} INFO - Processing /opt/airflow/dags/orderbook_to_parquet_minio.py took 0.091 seconds
[2026-04-20T01:04:58.279+0000] {processor.py:161} INFO - Started process (PID=374) to work on /opt/airflow/dags/orderbook_to_parquet_minio.py
[2026-04-20T01:04:58.279+0000] {processor.py:830} INFO - Processing file /opt/airflow/dags/orderbook_to_parquet_minio.py for tasks to queue
[2026-04-20T01:04:58.281+0000] {logging_mixin.py:188} INFO - [2026-04-20T01:04:58.281+0000] {dagbag.py:545} INFO - Filling up the DagBag from /opt/airflow/dags/orderbook_to_parquet_minio.py
[2026-04-20T01:04:58.311+0000] {processor.py:840} INFO - DAG(s) 'orderbook_backto_minio_parquet' retrieved from /opt/airflow/dags/orderbook_to_parquet_minio.py
[2026-04-20T01:04:58.326+0000] {logging_mixin.py:188} INFO - [2026-04-20T01:04:58.326+0000] {dag.py:3089} INFO - Sync 1 DAGs
[2026-04-20T01:04:58.346+0000] {logging_mixin.py:188} INFO - [2026-04-20T01:04:58.346+0000] {dag.py:3947} INFO - Setting next_dagrun for orderbook_backto_minio_parquet to 2026-04-18 02:00:00+00:00, run_after=2026-04-19 02:00:00+00:00
[2026-04-20T01:04:58.364+0000] {processor.py:183} INFO - Processing /opt/airflow/dags/orderbook_to_parquet_minio.py took 0.090 seconds
[2026-04-20T01:05:28.850+0000] {processor.py:161} INFO - Started process (PID=399) to work on /opt/airflow/dags/orderbook_to_parquet_minio.py
[2026-04-20T01:05:28.851+0000] {processor.py:830} INFO - Processing file /opt/airflow/dags/orderbook_to_parquet_minio.py for tasks to queue
[2026-04-20T01:05:28.853+0000] {logging_mixin.py:188} INFO - [2026-04-20T01:05:28.853+0000] {dagbag.py:545} INFO - Filling up the DagBag from /opt/airflow/dags/orderbook_to_parquet_minio.py
[2026-04-20T01:05:28.882+0000] {processor.py:840} INFO - DAG(s) 'orderbook_backto_minio_parquet' retrieved from /opt/airflow/dags/orderbook_to_parquet_minio.py
[2026-04-20T01:05:28.896+0000] {logging_mixin.py:188} INFO - [2026-04-20T01:05:28.896+0000] {dag.py:3089} INFO - Sync 1 DAGs
[2026-04-20T01:05:28.916+0000] {logging_mixin.py:188} INFO - [2026-04-20T01:05:28.916+0000] {dag.py:3947} INFO - Setting next_dagrun for orderbook_backto_minio_parquet to 2026-04-18 02:00:00+00:00, run_after=2026-04-19 02:00:00+00:00
[2026-04-20T01:05:28.935+0000] {processor.py:183} INFO - Processing /opt/airflow/dags/orderbook_to_parquet_minio.py took 0.090 seconds
[2026-04-20T01:05:59.242+0000] {processor.py:161} INFO - Started process (PID=424) to work on /opt/airflow/dags/orderbook_to_parquet_minio.py
[2026-04-20T01:05:59.243+0000] {processor.py:830} INFO - Processing file /opt/airflow/dags/orderbook_to_parquet_minio.py for tasks to queue
[2026-04-20T01:05:59.245+0000] {logging_mixin.py:188} INFO - [2026-04-20T01:05:59.245+0000] {dagbag.py:545} INFO - Filling up the DagBag from /opt/airflow/dags/orderbook_to_parquet_minio.py
[2026-04-20T01:05:59.274+0000] {processor.py:840} INFO - DAG(s) 'orderbook_backto_minio_parquet' retrieved from /opt/airflow/dags/orderbook_to_parquet_minio.py
[2026-04-20T01:05:59.288+0000] {logging_mixin.py:188} INFO - [2026-04-20T01:05:59.287+0000] {dag.py:3089} INFO - Sync 1 DAGs
[2026-04-20T01:05:59.308+0000] {logging_mixin.py:188} INFO - [2026-04-20T01:05:59.308+0000] {dag.py:3947} INFO - Setting next_dagrun for orderbook_backto_minio_parquet to 2026-04-18 02:00:00+00:00, run_after=2026-04-19 02:00:00+00:00
[2026-04-20T01:05:59.327+0000] {processor.py:183} INFO - Processing /opt/airflow/dags/orderbook_to_parquet_minio.py took 0.090 seconds
[2026-04-20T01:06:29.860+0000] {processor.py:161} INFO - Started process (PID=449) to work on /opt/airflow/dags/orderbook_to_parquet_minio.py
[2026-04-20T01:06:29.861+0000] {processor.py:830} INFO - Processing file /opt/airflow/dags/orderbook_to_parquet_minio.py for tasks to queue
[2026-04-20T01:06:29.864+0000] {logging_mixin.py:188} INFO - [2026-04-20T01:06:29.863+0000] {dagbag.py:545} INFO - Filling up the DagBag from /opt/airflow/dags/orderbook_to_parquet_minio.py
[2026-04-20T01:06:29.905+0000] {processor.py:840} INFO - DAG(s) 'orderbook_backto_minio_parquet' retrieved from /opt/airflow/dags/orderbook_to_parquet_minio.py
[2026-04-20T01:06:29.923+0000] {logging_mixin.py:188} INFO - [2026-04-20T01:06:29.923+0000] {dag.py:3089} INFO - Sync 1 DAGs
[2026-04-20T01:06:29.946+0000] {logging_mixin.py:188} INFO - [2026-04-20T01:06:29.946+0000] {dag.py:3947} INFO - Setting next_dagrun for orderbook_backto_minio_parquet to 2026-04-18 02:00:00+00:00, run_after=2026-04-19 02:00:00+00:00
[2026-04-20T01:06:29.963+0000] {processor.py:183} INFO - Processing /opt/airflow/dags/orderbook_to_parquet_minio.py took 0.109 seconds
[2026-04-20T01:07:00.233+0000] {processor.py:161} INFO - Started process (PID=474) to work on /opt/airflow/dags/orderbook_to_parquet_minio.py
[2026-04-20T01:07:00.233+0000] {processor.py:830} INFO - Processing file /opt/airflow/dags/orderbook_to_parquet_minio.py for tasks to queue
[2026-04-20T01:07:00.236+0000] {logging_mixin.py:188} INFO - [2026-04-20T01:07:00.235+0000] {dagbag.py:545} INFO - Filling up the DagBag from /opt/airflow/dags/orderbook_to_parquet_minio.py
[2026-04-20T01:07:00.265+0000] {processor.py:840} INFO - DAG(s) 'orderbook_backto_minio_parquet' retrieved from /opt/airflow/dags/orderbook_to_parquet_minio.py
[2026-04-20T01:07:00.280+0000] {logging_mixin.py:188} INFO - [2026-04-20T01:07:00.280+0000] {dag.py:3089} INFO - Sync 1 DAGs
[2026-04-20T01:07:00.300+0000] {logging_mixin.py:188} INFO - [2026-04-20T01:07:00.300+0000] {dag.py:3947} INFO - Setting next_dagrun for orderbook_backto_minio_parquet to 2026-04-18 02:00:00+00:00, run_after=2026-04-19 02:00:00+00:00
[2026-04-20T01:07:00.318+0000] {processor.py:183} INFO - Processing /opt/airflow/dags/orderbook_to_parquet_minio.py took 0.091 seconds
[2026-04-20T01:07:30.780+0000] {processor.py:161} INFO - Started process (PID=499) to work on /opt/airflow/dags/orderbook_to_parquet_minio.py
[2026-04-20T01:07:30.781+0000] {processor.py:830} INFO - Processing file /opt/airflow/dags/orderbook_to_parquet_minio.py for tasks to queue
[2026-04-20T01:07:30.783+0000] {logging_mixin.py:188} INFO - [2026-04-20T01:07:30.783+0000] {dagbag.py:545} INFO - Filling up the DagBag from /opt/airflow/dags/orderbook_to_parquet_minio.py
[2026-04-20T01:07:30.812+0000] {processor.py:840} INFO - DAG(s) 'orderbook_backto_minio_parquet' retrieved from /opt/airflow/dags/orderbook_to_parquet_minio.py
[2026-04-20T01:07:30.825+0000] {logging_mixin.py:188} INFO - [2026-04-20T01:07:30.825+0000] {dag.py:3089} INFO - Sync 1 DAGs
[2026-04-20T01:07:30.845+0000] {logging_mixin.py:188} INFO - [2026-04-20T01:07:30.844+0000] {dag.py:3947} INFO - Setting next_dagrun for orderbook_backto_minio_parquet to 2026-04-18 02:00:00+00:00, run_after=2026-04-19 02:00:00+00:00
[2026-04-20T01:07:30.864+0000] {processor.py:183} INFO - Processing /opt/airflow/dags/orderbook_to_parquet_minio.py took 0.090 seconds
[2026-04-20T01:08:01.383+0000] {processor.py:161} INFO - Started process (PID=524) to work on /opt/airflow/dags/orderbook_to_parquet_minio.py
[2026-04-20T01:08:01.384+0000] {processor.py:830} INFO - Processing file /opt/airflow/dags/orderbook_to_parquet_minio.py for tasks to queue
[2026-04-20T01:08:01.386+0000] {logging_mixin.py:188} INFO - [2026-04-20T01:08:01.386+0000] {dagbag.py:545} INFO - Filling up the DagBag from /opt/airflow/dags/orderbook_to_parquet_minio.py
[2026-04-20T01:08:01.415+0000] {processor.py:840} INFO - DAG(s) 'orderbook_backto_minio_parquet' retrieved from /opt/airflow/dags/orderbook_to_parquet_minio.py
[2026-04-20T01:08:01.430+0000] {logging_mixin.py:188} INFO - [2026-04-20T01:08:01.429+0000] {dag.py:3089} INFO - Sync 1 DAGs
[2026-04-20T01:08:01.450+0000] {logging_mixin.py:188} INFO - [2026-04-20T01:08:01.450+0000] {dag.py:3947} INFO - Setting next_dagrun for orderbook_backto_minio_parquet to 2026-04-18 02:00:00+00:00, run_after=2026-04-19 02:00:00+00:00
[2026-04-20T01:08:01.468+0000] {processor.py:183} INFO - Processing /opt/airflow/dags/orderbook_to_parquet_minio.py took 0.091 seconds
[2026-04-20T01:08:31.804+0000] {processor.py:161} INFO - Started process (PID=549) to work on /opt/airflow/dags/orderbook_to_parquet_minio.py
[2026-04-20T01:08:31.804+0000] {processor.py:830} INFO - Processing file /opt/airflow/dags/orderbook_to_parquet_minio.py for tasks to queue
[2026-04-20T01:08:31.807+0000] {logging_mixin.py:188} INFO - [2026-04-20T01:08:31.806+0000] {dagbag.py:545} INFO - Filling up the DagBag from /opt/airflow/dags/orderbook_to_parquet_minio.py
[2026-04-20T01:08:31.836+0000] {processor.py:840} INFO - DAG(s) 'orderbook_backto_minio_parquet' retrieved from /opt/airflow/dags/orderbook_to_parquet_minio.py
[2026-04-20T01:08:31.850+0000] {logging_mixin.py:188} INFO - [2026-04-20T01:08:31.849+0000] {dag.py:3089} INFO - Sync 1 DAGs
[2026-04-20T01:08:31.868+0000] {logging_mixin.py:188} INFO - [2026-04-20T01:08:31.868+0000] {dag.py:3947} INFO - Setting next_dagrun for orderbook_backto_minio_parquet to 2026-04-18 02:00:00+00:00, run_after=2026-04-19 02:00:00+00:00
[2026-04-20T01:08:31.887+0000] {processor.py:183} INFO - Processing /opt/airflow/dags/orderbook_to_parquet_minio.py took 0.088 seconds
[2026-04-20T01:09:02.269+0000] {processor.py:161} INFO - Started process (PID=574) to work on /opt/airflow/dags/orderbook_to_parquet_minio.py
[2026-04-20T01:09:02.270+0000] {processor.py:830} INFO - Processing file /opt/airflow/dags/orderbook_to_parquet_minio.py for tasks to queue
[2026-04-20T01:09:02.272+0000] {logging_mixin.py:188} INFO - [2026-04-20T01:09:02.271+0000] {dagbag.py:545} INFO - Filling up the DagBag from /opt/airflow/dags/orderbook_to_parquet_minio.py
[2026-04-20T01:09:02.301+0000] {processor.py:840} INFO - DAG(s) 'orderbook_backto_minio_parquet' retrieved from /opt/airflow/dags/orderbook_to_parquet_minio.py
[2026-04-20T01:09:02.315+0000] {logging_mixin.py:188} INFO - [2026-04-20T01:09:02.314+0000] {dag.py:3089} INFO - Sync 1 DAGs
[2026-04-20T01:09:02.334+0000] {logging_mixin.py:188} INFO - [2026-04-20T01:09:02.334+0000] {dag.py:3947} INFO - Setting next_dagrun for orderbook_backto_minio_parquet to 2026-04-18 02:00:00+00:00, run_after=2026-04-19 02:00:00+00:00
[2026-04-20T01:09:02.353+0000] {processor.py:183} INFO - Processing /opt/airflow/dags/orderbook_to_parquet_minio.py took 0.090 seconds
[2026-04-20T01:09:32.934+0000] {processor.py:161} INFO - Started process (PID=599) to work on /opt/airflow/dags/orderbook_to_parquet_minio.py
[2026-04-20T01:09:32.935+0000] {processor.py:830} INFO - Processing file /opt/airflow/dags/orderbook_to_parquet_minio.py for tasks to queue
[2026-04-20T01:09:32.937+0000] {logging_mixin.py:188} INFO - [2026-04-20T01:09:32.937+0000] {dagbag.py:545} INFO - Filling up the DagBag from /opt/airflow/dags/orderbook_to_parquet_minio.py
[2026-04-20T01:09:32.967+0000] {processor.py:840} INFO - DAG(s) 'orderbook_backto_minio_parquet' retrieved from /opt/airflow/dags/orderbook_to_parquet_minio.py
[2026-04-20T01:09:32.982+0000] {logging_mixin.py:188} INFO - [2026-04-20T01:09:32.981+0000] {dag.py:3089} INFO - Sync 1 DAGs
[2026-04-20T01:09:33.001+0000] {logging_mixin.py:188} INFO - [2026-04-20T01:09:33.001+0000] {dag.py:3947} INFO - Setting next_dagrun for orderbook_backto_minio_parquet to 2026-04-18 02:00:00+00:00, run_after=2026-04-19 02:00:00+00:00
[2026-04-20T01:09:33.017+0000] {processor.py:183} INFO - Processing /opt/airflow/dags/orderbook_to_parquet_minio.py took 0.088 seconds
[2026-04-20T01:10:03.290+0000] {processor.py:161} INFO - Started process (PID=624) to work on /opt/airflow/dags/orderbook_to_parquet_minio.py
[2026-04-20T01:10:03.291+0000] {processor.py:830} INFO - Processing file /opt/airflow/dags/orderbook_to_parquet_minio.py for tasks to queue
[2026-04-20T01:10:03.293+0000] {logging_mixin.py:188} INFO - [2026-04-20T01:10:03.293+0000] {dagbag.py:545} INFO - Filling up the DagBag from /opt/airflow/dags/orderbook_to_parquet_minio.py
[2026-04-20T01:10:03.321+0000] {processor.py:840} INFO - DAG(s) 'orderbook_backto_minio_parquet' retrieved from /opt/airflow/dags/orderbook_to_parquet_minio.py
[2026-04-20T01:10:03.336+0000] {logging_mixin.py:188} INFO - [2026-04-20T01:10:03.336+0000] {dag.py:3089} INFO - Sync 1 DAGs
[2026-04-20T01:10:03.358+0000] {logging_mixin.py:188} INFO - [2026-04-20T01:10:03.357+0000] {dag.py:3947} INFO - Setting next_dagrun for orderbook_backto_minio_parquet to 2026-04-18 02:00:00+00:00, run_after=2026-04-19 02:00:00+00:00
[2026-04-20T01:10:03.375+0000] {processor.py:183} INFO - Processing /opt/airflow/dags/orderbook_to_parquet_minio.py took 0.091 seconds
[2026-04-20T01:10:33.765+0000] {processor.py:161} INFO - Started process (PID=649) to work on /opt/airflow/dags/orderbook_to_parquet_minio.py
[2026-04-20T01:10:33.766+0000] {processor.py:830} INFO - Processing file /opt/airflow/dags/orderbook_to_parquet_minio.py for tasks to queue
[2026-04-20T01:10:33.769+0000] {logging_mixin.py:188} INFO - [2026-04-20T01:10:33.768+0000] {dagbag.py:545} INFO - Filling up the DagBag from /opt/airflow/dags/orderbook_to_parquet_minio.py
[2026-04-20T01:10:33.798+0000] {processor.py:840} INFO - DAG(s) 'orderbook_backto_minio_parquet' retrieved from /opt/airflow/dags/orderbook_to_parquet_minio.py
[2026-04-20T01:10:33.813+0000] {logging_mixin.py:188} INFO - [2026-04-20T01:10:33.813+0000] {dag.py:3089} INFO - Sync 1 DAGs
[2026-04-20T01:10:33.832+0000] {logging_mixin.py:188} INFO - [2026-04-20T01:10:33.832+0000] {dag.py:3947} INFO - Setting next_dagrun for orderbook_backto_minio_parquet to 2026-04-18 02:00:00+00:00, run_after=2026-04-19 02:00:00+00:00
[2026-04-20T01:10:33.848+0000] {processor.py:183} INFO - Processing /opt/airflow/dags/orderbook_to_parquet_minio.py took 0.088 seconds
[2026-04-20T01:11:04.247+0000] {processor.py:161} INFO - Started process (PID=674) to work on /opt/airflow/dags/orderbook_to_parquet_minio.py
[2026-04-20T01:11:04.248+0000] {processor.py:830} INFO - Processing file /opt/airflow/dags/orderbook_to_parquet_minio.py for tasks to queue
[2026-04-20T01:11:04.250+0000] {logging_mixin.py:188} INFO - [2026-04-20T01:11:04.250+0000] {dagbag.py:545} INFO - Filling up the DagBag from /opt/airflow/dags/orderbook_to_parquet_minio.py
[2026-04-20T01:11:04.279+0000] {processor.py:840} INFO - DAG(s) 'orderbook_backto_minio_parquet' retrieved from /opt/airflow/dags/orderbook_to_parquet_minio.py
[2026-04-20T01:11:04.295+0000] {logging_mixin.py:188} INFO - [2026-04-20T01:11:04.295+0000] {dag.py:3089} INFO - Sync 1 DAGs
[2026-04-20T01:11:04.315+0000] {logging_mixin.py:188} INFO - [2026-04-20T01:11:04.314+0000] {dag.py:3947} INFO - Setting next_dagrun for orderbook_backto_minio_parquet to 2026-04-18 02:00:00+00:00, run_after=2026-04-19 02:00:00+00:00
[2026-04-20T01:11:04.332+0000] {processor.py:183} INFO - Processing /opt/airflow/dags/orderbook_to_parquet_minio.py took 0.090 seconds
[2026-04-20T01:11:34.725+0000] {processor.py:161} INFO - Started process (PID=699) to work on /opt/airflow/dags/orderbook_to_parquet_minio.py
[2026-04-20T01:11:34.726+0000] {processor.py:830} INFO - Processing file /opt/airflow/dags/orderbook_to_parquet_minio.py for tasks to queue
[2026-04-20T01:11:34.728+0000] {logging_mixin.py:188} INFO - [2026-04-20T01:11:34.728+0000] {dagbag.py:545} INFO - Filling up the DagBag from /opt/airflow/dags/orderbook_to_parquet_minio.py
[2026-04-20T01:11:34.758+0000] {processor.py:840} INFO - DAG(s) 'orderbook_backto_minio_parquet' retrieved from /opt/airflow/dags/orderbook_to_parquet_minio.py
[2026-04-20T01:11:34.772+0000] {logging_mixin.py:188} INFO - [2026-04-20T01:11:34.772+0000] {dag.py:3089} INFO - Sync 1 DAGs
[2026-04-20T01:11:34.791+0000] {logging_mixin.py:188} INFO - [2026-04-20T01:11:34.791+0000] {dag.py:3947} INFO - Setting next_dagrun for orderbook_backto_minio_parquet to 2026-04-18 02:00:00+00:00, run_after=2026-04-19 02:00:00+00:00
[2026-04-20T01:11:34.810+0000] {processor.py:183} INFO - Processing /opt/airflow/dags/orderbook_to_parquet_minio.py took 0.091 seconds
[2026-04-20T01:12:05.170+0000] {processor.py:161} INFO - Started process (PID=724) to work on /opt/airflow/dags/orderbook_to_parquet_minio.py
[2026-04-20T01:12:05.171+0000] {processor.py:830} INFO - Processing file /opt/airflow/dags/orderbook_to_parquet_minio.py for tasks to queue
[2026-04-20T01:12:05.173+0000] {logging_mixin.py:188} INFO - [2026-04-20T01:12:05.172+0000] {dagbag.py:545} INFO - Filling up the DagBag from /opt/airflow/dags/orderbook_to_parquet_minio.py
[2026-04-20T01:12:05.202+0000] {processor.py:840} INFO - DAG(s) 'orderbook_backto_minio_parquet' retrieved from /opt/airflow/dags/orderbook_to_parquet_minio.py
[2026-04-20T01:12:05.215+0000] {logging_mixin.py:188} INFO - [2026-04-20T01:12:05.215+0000] {dag.py:3089} INFO - Sync 1 DAGs
[2026-04-20T01:12:05.235+0000] {logging_mixin.py:188} INFO - [2026-04-20T01:12:05.235+0000] {dag.py:3947} INFO - Setting next_dagrun for orderbook_backto_minio_parquet to 2026-04-18 02:00:00+00:00, run_after=2026-04-19 02:00:00+00:00
[2026-04-20T01:12:05.252+0000] {processor.py:183} INFO - Processing /opt/airflow/dags/orderbook_to_parquet_minio.py took 0.088 seconds
[2026-04-20T01:12:35.588+0000] {processor.py:161} INFO - Started process (PID=749) to work on /opt/airflow/dags/orderbook_to_parquet_minio.py
[2026-04-20T01:12:35.589+0000] {processor.py:830} INFO - Processing file /opt/airflow/dags/orderbook_to_parquet_minio.py for tasks to queue
[2026-04-20T01:12:35.591+0000] {logging_mixin.py:188} INFO - [2026-04-20T01:12:35.591+0000] {dagbag.py:545} INFO - Filling up the DagBag from /opt/airflow/dags/orderbook_to_parquet_minio.py
[2026-04-20T01:12:35.619+0000] {processor.py:840} INFO - DAG(s) 'orderbook_backto_minio_parquet' retrieved from /opt/airflow/dags/orderbook_to_parquet_minio.py
[2026-04-20T01:12:35.632+0000] {logging_mixin.py:188} INFO - [2026-04-20T01:12:35.632+0000] {dag.py:3089} INFO - Sync 1 DAGs
[2026-04-20T01:12:35.651+0000] {logging_mixin.py:188} INFO - [2026-04-20T01:12:35.651+0000] {dag.py:3947} INFO - Setting next_dagrun for orderbook_backto_minio_parquet to 2026-04-18 02:00:00+00:00, run_after=2026-04-19 02:00:00+00:00
[2026-04-20T01:12:35.667+0000] {processor.py:183} INFO - Processing /opt/airflow/dags/orderbook_to_parquet_minio.py took 0.084 seconds
[2026-04-20T01:13:05.987+0000] {processor.py:161} INFO - Started process (PID=774) to work on /opt/airflow/dags/orderbook_to_parquet_minio.py
[2026-04-20T01:13:05.988+0000] {processor.py:830} INFO - Processing file /opt/airflow/dags/orderbook_to_parquet_minio.py for tasks to queue
[2026-04-20T01:13:05.990+0000] {logging_mixin.py:188} INFO - [2026-04-20T01:13:05.990+0000] {dagbag.py:545} INFO - Filling up the DagBag from /opt/airflow/dags/orderbook_to_parquet_minio.py
[2026-04-20T01:13:06.018+0000] {processor.py:840} INFO - DAG(s) 'orderbook_backto_minio_parquet' retrieved from /opt/airflow/dags/orderbook_to_parquet_minio.py
[2026-04-20T01:13:06.032+0000] {logging_mixin.py:188} INFO - [2026-04-20T01:13:06.032+0000] {dag.py:3089} INFO - Sync 1 DAGs
[2026-04-20T01:13:06.051+0000] {logging_mixin.py:188} INFO - [2026-04-20T01:13:06.051+0000] {dag.py:3947} INFO - Setting next_dagrun for orderbook_backto_minio_parquet to 2026-04-18 02:00:00+00:00, run_after=2026-04-19 02:00:00+00:00
[2026-04-20T01:13:06.068+0000] {processor.py:183} INFO - Processing /opt/airflow/dags/orderbook_to_parquet_minio.py took 0.086 seconds
[2026-04-20T01:13:36.395+0000] {processor.py:161} INFO - Started process (PID=799) to work on /opt/airflow/dags/orderbook_to_parquet_minio.py
[2026-04-20T01:13:36.396+0000] {processor.py:830} INFO - Processing file /opt/airflow/dags/orderbook_to_parquet_minio.py for tasks to queue
[2026-04-20T01:13:36.398+0000] {logging_mixin.py:188} INFO - [2026-04-20T01:13:36.397+0000] {dagbag.py:545} INFO - Filling up the DagBag from /opt/airflow/dags/orderbook_to_parquet_minio.py
[2026-04-20T01:13:36.426+0000] {processor.py:840} INFO - DAG(s) 'orderbook_backto_minio_parquet' retrieved from /opt/airflow/dags/orderbook_to_parquet_minio.py
[2026-04-20T01:13:36.440+0000] {logging_mixin.py:188} INFO - [2026-04-20T01:13:36.440+0000] {dag.py:3089} INFO - Sync 1 DAGs
[2026-04-20T01:13:36.459+0000] {logging_mixin.py:188} INFO - [2026-04-20T01:13:36.459+0000] {dag.py:3947} INFO - Setting next_dagrun for orderbook_backto_minio_parquet to 2026-04-18 02:00:00+00:00, run_after=2026-04-19 02:00:00+00:00
[2026-04-20T01:13:36.475+0000] {processor.py:183} INFO - Processing /opt/airflow/dags/orderbook_to_parquet_minio.py took 0.086 seconds
[2026-04-20T01:14:06.806+0000] {processor.py:161} INFO - Started process (PID=824) to work on /opt/airflow/dags/orderbook_to_parquet_minio.py
[2026-04-20T01:14:06.807+0000] {processor.py:830} INFO - Processing file /opt/airflow/dags/orderbook_to_parquet_minio.py for tasks to queue
[2026-04-20T01:14:06.809+0000] {logging_mixin.py:188} INFO - [2026-04-20T01:14:06.808+0000] {dagbag.py:545} INFO - Filling up the DagBag from /opt/airflow/dags/orderbook_to_parquet_minio.py
[2026-04-20T01:14:06.839+0000] {processor.py:840} INFO - DAG(s) 'orderbook_backto_minio_parquet' retrieved from /opt/airflow/dags/orderbook_to_parquet_minio.py
[2026-04-20T01:14:06.854+0000] {logging_mixin.py:188} INFO - [2026-04-20T01:14:06.854+0000] {dag.py:3089} INFO - Sync 1 DAGs
[2026-04-20T01:14:06.874+0000] {logging_mixin.py:188} INFO - [2026-04-20T01:14:06.874+0000] {dag.py:3947} INFO - Setting next_dagrun for orderbook_backto_minio_parquet to 2026-04-18 02:00:00+00:00, run_after=2026-04-19 02:00:00+00:00
[2026-04-20T01:14:06.894+0000] {processor.py:183} INFO - Processing /opt/airflow/dags/orderbook_to_parquet_minio.py took 0.093 seconds
[2026-04-20T01:14:37.515+0000] {processor.py:161} INFO - Started process (PID=849) to work on /opt/airflow/dags/orderbook_to_parquet_minio.py
[2026-04-20T01:14:37.516+0000] {processor.py:830} INFO - Processing file /opt/airflow/dags/orderbook_to_parquet_minio.py for tasks to queue
[2026-04-20T01:14:37.518+0000] {logging_mixin.py:188} INFO - [2026-04-20T01:14:37.518+0000] {dagbag.py:545} INFO - Filling up the DagBag from /opt/airflow/dags/orderbook_to_parquet_minio.py
[2026-04-20T01:14:37.550+0000] {processor.py:840} INFO - DAG(s) 'orderbook_backto_minio_parquet' retrieved from /opt/airflow/dags/orderbook_to_parquet_minio.py
[2026-04-20T01:14:37.571+0000] {logging_mixin.py:188} INFO - [2026-04-20T01:14:37.571+0000] {dag.py:3089} INFO - Sync 1 DAGs
[2026-04-20T01:14:37.597+0000] {logging_mixin.py:188} INFO - [2026-04-20T01:14:37.597+0000] {dag.py:3947} INFO - Setting next_dagrun for orderbook_backto_minio_parquet to 2026-04-18 02:00:00+00:00, run_after=2026-04-19 02:00:00+00:00
[2026-04-20T01:14:37.616+0000] {processor.py:183} INFO - Processing /opt/airflow/dags/orderbook_to_parquet_minio.py took 0.106 seconds
[2026-04-20T01:15:07.886+0000] {processor.py:161} INFO - Started process (PID=874) to work on /opt/airflow/dags/orderbook_to_parquet_minio.py
[2026-04-20T01:15:07.887+0000] {processor.py:830} INFO - Processing file /opt/airflow/dags/orderbook_to_parquet_minio.py for tasks to queue
[2026-04-20T01:15:07.889+0000] {logging_mixin.py:188} INFO - [2026-04-20T01:15:07.889+0000] {dagbag.py:545} INFO - Filling up the DagBag from /opt/airflow/dags/orderbook_to_parquet_minio.py
[2026-04-20T01:15:07.920+0000] {processor.py:840} INFO - DAG(s) 'orderbook_backto_minio_parquet' retrieved from /opt/airflow/dags/orderbook_to_parquet_minio.py
[2026-04-20T01:15:07.934+0000] {logging_mixin.py:188} INFO - [2026-04-20T01:15:07.934+0000] {dag.py:3089} INFO - Sync 1 DAGs
[2026-04-20T01:15:07.955+0000] {logging_mixin.py:188} INFO - [2026-04-20T01:15:07.955+0000] {dag.py:3947} INFO - Setting next_dagrun for orderbook_backto_minio_parquet to 2026-04-18 02:00:00+00:00, run_after=2026-04-19 02:00:00+00:00
[2026-04-20T01:15:07.972+0000] {processor.py:183} INFO - Processing /opt/airflow/dags/orderbook_to_parquet_minio.py took 0.092 seconds
[2026-04-20T01:15:38.282+0000] {processor.py:161} INFO - Started process (PID=899) to work on /opt/airflow/dags/orderbook_to_parquet_minio.py
[2026-04-20T01:15:38.283+0000] {processor.py:830} INFO - Processing file /opt/airflow/dags/orderbook_to_parquet_minio.py for tasks to queue
[2026-04-20T01:15:38.285+0000] {logging_mixin.py:188} INFO - [2026-04-20T01:15:38.284+0000] {dagbag.py:545} INFO - Filling up the DagBag from /opt/airflow/dags/orderbook_to_parquet_minio.py
[2026-04-20T01:15:38.313+0000] {processor.py:840} INFO - DAG(s) 'orderbook_backto_minio_parquet' retrieved from /opt/airflow/dags/orderbook_to_parquet_minio.py
[2026-04-20T01:15:38.327+0000] {logging_mixin.py:188} INFO - [2026-04-20T01:15:38.326+0000] {dag.py:3089} INFO - Sync 1 DAGs
[2026-04-20T01:15:38.346+0000] {logging_mixin.py:188} INFO - [2026-04-20T01:15:38.346+0000] {dag.py:3947} INFO - Setting next_dagrun for orderbook_backto_minio_parquet to 2026-04-18 02:00:00+00:00, run_after=2026-04-19 02:00:00+00:00
[2026-04-20T01:15:38.361+0000] {processor.py:183} INFO - Processing /opt/airflow/dags/orderbook_to_parquet_minio.py took 0.084 seconds
[2026-04-20T01:16:08.670+0000] {processor.py:161} INFO - Started process (PID=924) to work on /opt/airflow/dags/orderbook_to_parquet_minio.py
[2026-04-20T01:16:08.671+0000] {processor.py:830} INFO - Processing file /opt/airflow/dags/orderbook_to_parquet_minio.py for tasks to queue
[2026-04-20T01:16:08.673+0000] {logging_mixin.py:188} INFO - [2026-04-20T01:16:08.672+0000] {dagbag.py:545} INFO - Filling up the DagBag from /opt/airflow/dags/orderbook_to_parquet_minio.py
[2026-04-20T01:16:08.701+0000] {processor.py:840} INFO - DAG(s) 'orderbook_backto_minio_parquet' retrieved from /opt/airflow/dags/orderbook_to_parquet_minio.py
[2026-04-20T01:16:08.715+0000] {logging_mixin.py:188} INFO - [2026-04-20T01:16:08.714+0000] {dag.py:3089} INFO - Sync 1 DAGs
[2026-04-20T01:16:08.733+0000] {logging_mixin.py:188} INFO - [2026-04-20T01:16:08.732+0000] {dag.py:3947} INFO - Setting next_dagrun for orderbook_backto_minio_parquet to 2026-04-18 02:00:00+00:00, run_after=2026-04-19 02:00:00+00:00
[2026-04-20T01:16:08.749+0000] {processor.py:183} INFO - Processing /opt/airflow/dags/orderbook_to_parquet_minio.py took 0.084 seconds
[2026-04-20T01:16:39.164+0000] {processor.py:161} INFO - Started process (PID=949) to work on /opt/airflow/dags/orderbook_to_parquet_minio.py
[2026-04-20T01:16:39.165+0000] {processor.py:830} INFO - Processing file /opt/airflow/dags/orderbook_to_parquet_minio.py for tasks to queue
[2026-04-20T01:16:39.167+0000] {logging_mixin.py:188} INFO - [2026-04-20T01:16:39.167+0000] {dagbag.py:545} INFO - Filling up the DagBag from /opt/airflow/dags/orderbook_to_parquet_minio.py
[2026-04-20T01:16:39.196+0000] {processor.py:840} INFO - DAG(s) 'orderbook_backto_minio_parquet' retrieved from /opt/airflow/dags/orderbook_to_parquet_minio.py
[2026-04-20T01:16:39.209+0000] {logging_mixin.py:188} INFO - [2026-04-20T01:16:39.209+0000] {dag.py:3089} INFO - Sync 1 DAGs
[2026-04-20T01:16:39.227+0000] {logging_mixin.py:188} INFO - [2026-04-20T01:16:39.227+0000] {dag.py:3947} INFO - Setting next_dagrun for orderbook_backto_minio_parquet to 2026-04-18 02:00:00+00:00, run_after=2026-04-19 02:00:00+00:00
[2026-04-20T01:16:39.246+0000] {processor.py:183} INFO - Processing /opt/airflow/dags/orderbook_to_parquet_minio.py took 0.087 seconds
[2026-04-20T01:17:09.773+0000] {processor.py:161} INFO - Started process (PID=974) to work on /opt/airflow/dags/orderbook_to_parquet_minio.py
[2026-04-20T01:17:09.774+0000] {processor.py:830} INFO - Processing file /opt/airflow/dags/orderbook_to_parquet_minio.py for tasks to queue
[2026-04-20T01:17:09.776+0000] {logging_mixin.py:188} INFO - [2026-04-20T01:17:09.776+0000] {dagbag.py:545} INFO - Filling up the DagBag from /opt/airflow/dags/orderbook_to_parquet_minio.py
[2026-04-20T01:17:09.804+0000] {processor.py:840} INFO - DAG(s) 'orderbook_backto_minio_parquet' retrieved from /opt/airflow/dags/orderbook_to_parquet_minio.py
[2026-04-20T01:17:09.818+0000] {logging_mixin.py:188} INFO - [2026-04-20T01:17:09.818+0000] {dag.py:3089} INFO - Sync 1 DAGs
[2026-04-20T01:17:09.836+0000] {logging_mixin.py:188} INFO - [2026-04-20T01:17:09.836+0000] {dag.py:3947} INFO - Setting next_dagrun for orderbook_backto_minio_parquet to 2026-04-18 02:00:00+00:00, run_after=2026-04-19 02:00:00+00:00
[2026-04-20T01:17:09.854+0000] {processor.py:183} INFO - Processing /opt/airflow/dags/orderbook_to_parquet_minio.py took 0.087 seconds
[2026-04-20T01:17:40.477+0000] {processor.py:161} INFO - Started process (PID=999) to work on /opt/airflow/dags/orderbook_to_parquet_minio.py
[2026-04-20T01:17:40.478+0000] {processor.py:830} INFO - Processing file /opt/airflow/dags/orderbook_to_parquet_minio.py for tasks to queue
[2026-04-20T01:17:40.480+0000] {logging_mixin.py:188} INFO - [2026-04-20T01:17:40.480+0000] {dagbag.py:545} INFO - Filling up the DagBag from /opt/airflow/dags/orderbook_to_parquet_minio.py
[2026-04-20T01:17:40.513+0000] {processor.py:840} INFO - DAG(s) 'orderbook_backto_minio_parquet' retrieved from /opt/airflow/dags/orderbook_to_parquet_minio.py
[2026-04-20T01:17:40.526+0000] {logging_mixin.py:188} INFO - [2026-04-20T01:17:40.526+0000] {dag.py:3089} INFO - Sync 1 DAGs
[2026-04-20T01:17:40.545+0000] {logging_mixin.py:188} INFO - [2026-04-20T01:17:40.544+0000] {dag.py:3947} INFO - Setting next_dagrun for orderbook_backto_minio_parquet to 2026-04-18 02:00:00+00:00, run_after=2026-04-19 02:00:00+00:00
[2026-04-20T01:17:40.560+0000] {processor.py:183} INFO - Processing /opt/airflow/dags/orderbook_to_parquet_minio.py took 0.088 seconds
[2026-04-20T01:18:10.932+0000] {processor.py:161} INFO - Started process (PID=1024) to work on /opt/airflow/dags/orderbook_to_parquet_minio.py
[2026-04-20T01:18:10.933+0000] {processor.py:830} INFO - Processing file /opt/airflow/dags/orderbook_to_parquet_minio.py for tasks to queue
[2026-04-20T01:18:10.935+0000] {logging_mixin.py:188} INFO - [2026-04-20T01:18:10.935+0000] {dagbag.py:545} INFO - Filling up the DagBag from /opt/airflow/dags/orderbook_to_parquet_minio.py
[2026-04-20T01:18:10.965+0000] {processor.py:840} INFO - DAG(s) 'orderbook_backto_minio_parquet' retrieved from /opt/airflow/dags/orderbook_to_parquet_minio.py
[2026-04-20T01:18:10.978+0000] {logging_mixin.py:188} INFO - [2026-04-20T01:18:10.977+0000] {dag.py:3089} INFO - Sync 1 DAGs
[2026-04-20T01:18:10.995+0000] {logging_mixin.py:188} INFO - [2026-04-20T01:18:10.994+0000] {dag.py:3947} INFO - Setting next_dagrun for orderbook_backto_minio_parquet to 2026-04-18 02:00:00+00:00, run_after=2026-04-19 02:00:00+00:00
[2026-04-20T01:18:11.011+0000] {processor.py:183} INFO - Processing /opt/airflow/dags/orderbook_to_parquet_minio.py took 0.084 seconds
[2026-04-20T01:18:41.392+0000] {processor.py:161} INFO - Started process (PID=1049) to work on /opt/airflow/dags/orderbook_to_parquet_minio.py
[2026-04-20T01:18:41.393+0000] {processor.py:830} INFO - Processing file /opt/airflow/dags/orderbook_to_parquet_minio.py for tasks to queue
[2026-04-20T01:18:41.395+0000] {logging_mixin.py:188} INFO - [2026-04-20T01:18:41.395+0000] {dagbag.py:545} INFO - Filling up the DagBag from /opt/airflow/dags/orderbook_to_parquet_minio.py
[2026-04-20T01:18:41.422+0000] {processor.py:840} INFO - DAG(s) 'orderbook_backto_minio_parquet' retrieved from /opt/airflow/dags/orderbook_to_parquet_minio.py
[2026-04-20T01:18:41.435+0000] {logging_mixin.py:188} INFO - [2026-04-20T01:18:41.435+0000] {dag.py:3089} INFO - Sync 1 DAGs
[2026-04-20T01:18:41.454+0000] {logging_mixin.py:188} INFO - [2026-04-20T01:18:41.453+0000] {dag.py:3947} INFO - Setting next_dagrun for orderbook_backto_minio_parquet to 2026-04-18 02:00:00+00:00, run_after=2026-04-19 02:00:00+00:00
[2026-04-20T01:18:41.469+0000] {processor.py:183} INFO - Processing /opt/airflow/dags/orderbook_to_parquet_minio.py took 0.082 seconds
[2026-04-20T01:19:11.817+0000] {processor.py:161} INFO - Started process (PID=1074) to work on /opt/airflow/dags/orderbook_to_parquet_minio.py
[2026-04-20T01:19:11.818+0000] {processor.py:830} INFO - Processing file /opt/airflow/dags/orderbook_to_parquet_minio.py for tasks to queue
[2026-04-20T01:19:11.820+0000] {logging_mixin.py:188} INFO - [2026-04-20T01:19:11.820+0000] {dagbag.py:545} INFO - Filling up the DagBag from /opt/airflow/dags/orderbook_to_parquet_minio.py
[2026-04-20T01:19:11.846+0000] {processor.py:840} INFO - DAG(s) 'orderbook_backto_minio_parquet' retrieved from /opt/airflow/dags/orderbook_to_parquet_minio.py
[2026-04-20T01:19:11.858+0000] {logging_mixin.py:188} INFO - [2026-04-20T01:19:11.857+0000] {dag.py:3089} INFO - Sync 1 DAGs
[2026-04-20T01:19:11.875+0000] {logging_mixin.py:188} INFO - [2026-04-20T01:19:11.875+0000] {dag.py:3947} INFO - Setting next_dagrun for orderbook_backto_minio_parquet to 2026-04-18 02:00:00+00:00, run_after=2026-04-19 02:00:00+00:00
[2026-04-20T01:19:11.896+0000] {processor.py:183} INFO - Processing /opt/airflow/dags/orderbook_to_parquet_minio.py took 0.084 seconds
[2026-04-20T01:19:42.176+0000] {processor.py:161} INFO - Started process (PID=1099) to work on /opt/airflow/dags/orderbook_to_parquet_minio.py
[2026-04-20T01:19:42.177+0000] {processor.py:830} INFO - Processing file /opt/airflow/dags/orderbook_to_parquet_minio.py for tasks to queue
[2026-04-20T01:19:42.178+0000] {logging_mixin.py:188} INFO - [2026-04-20T01:19:42.178+0000] {dagbag.py:545} INFO - Filling up the DagBag from /opt/airflow/dags/orderbook_to_parquet_minio.py
[2026-04-20T01:19:42.206+0000] {processor.py:840} INFO - DAG(s) 'orderbook_backto_minio_parquet' retrieved from /opt/airflow/dags/orderbook_to_parquet_minio.py
[2026-04-20T01:19:42.219+0000] {logging_mixin.py:188} INFO - [2026-04-20T01:19:42.218+0000] {dag.py:3089} INFO - Sync 1 DAGs
[2026-04-20T01:19:42.236+0000] {logging_mixin.py:188} INFO - [2026-04-20T01:19:42.236+0000] {dag.py:3947} INFO - Setting next_dagrun for orderbook_backto_minio_parquet to 2026-04-18 02:00:00+00:00, run_after=2026-04-19 02:00:00+00:00
[2026-04-20T01:19:42.251+0000] {processor.py:183} INFO - Processing /opt/airflow/dags/orderbook_to_parquet_minio.py took 0.081 seconds
[2026-04-20T01:20:12.655+0000] {processor.py:161} INFO - Started process (PID=1124) to work on /opt/airflow/dags/orderbook_to_parquet_minio.py
[2026-04-20T01:20:12.656+0000] {processor.py:830} INFO - Processing file /opt/airflow/dags/orderbook_to_parquet_minio.py for tasks to queue
[2026-04-20T01:20:12.658+0000] {logging_mixin.py:188} INFO - [2026-04-20T01:20:12.658+0000] {dagbag.py:545} INFO - Filling up the DagBag from /opt/airflow/dags/orderbook_to_parquet_minio.py
[2026-04-20T01:20:12.686+0000] {processor.py:840} INFO - DAG(s) 'orderbook_backto_minio_parquet' retrieved from /opt/airflow/dags/orderbook_to_parquet_minio.py
[2026-04-20T01:20:12.698+0000] {logging_mixin.py:188} INFO - [2026-04-20T01:20:12.698+0000] {dag.py:3089} INFO - Sync 1 DAGs
[2026-04-20T01:20:12.719+0000] {logging_mixin.py:188} INFO - [2026-04-20T01:20:12.719+0000] {dag.py:3947} INFO - Setting next_dagrun for orderbook_backto_minio_parquet to 2026-04-18 02:00:00+00:00, run_after=2026-04-19 02:00:00+00:00
[2026-04-20T01:20:12.739+0000] {processor.py:183} INFO - Processing /opt/airflow/dags/orderbook_to_parquet_minio.py took 0.089 seconds
[2026-04-20T01:20:43.082+0000] {processor.py:161} INFO - Started process (PID=1150) to work on /opt/airflow/dags/orderbook_to_parquet_minio.py
[2026-04-20T01:20:43.082+0000] {processor.py:830} INFO - Processing file /opt/airflow/dags/orderbook_to_parquet_minio.py for tasks to queue
[2026-04-20T01:20:43.084+0000] {logging_mixin.py:188} INFO - [2026-04-20T01:20:43.084+0000] {dagbag.py:545} INFO - Filling up the DagBag from /opt/airflow/dags/orderbook_to_parquet_minio.py
[2026-04-20T01:20:43.112+0000] {processor.py:840} INFO - DAG(s) 'orderbook_backto_minio_parquet' retrieved from /opt/airflow/dags/orderbook_to_parquet_minio.py
[2026-04-20T01:20:43.125+0000] {logging_mixin.py:188} INFO - [2026-04-20T01:20:43.125+0000] {dag.py:3089} INFO - Sync 1 DAGs
[2026-04-20T01:20:43.143+0000] {logging_mixin.py:188} INFO - [2026-04-20T01:20:43.142+0000] {dag.py:3947} INFO - Setting next_dagrun for orderbook_backto_minio_parquet to 2026-04-18 02:00:00+00:00, run_after=2026-04-19 02:00:00+00:00
[2026-04-20T01:20:43.158+0000] {processor.py:183} INFO - Processing /opt/airflow/dags/orderbook_to_parquet_minio.py took 0.082 seconds
[2026-04-20T01:21:13.610+0000] {processor.py:161} INFO - Started process (PID=1175) to work on /opt/airflow/dags/orderbook_to_parquet_minio.py
[2026-04-20T01:21:13.611+0000] {processor.py:830} INFO - Processing file /opt/airflow/dags/orderbook_to_parquet_minio.py for tasks to queue
[2026-04-20T01:21:13.613+0000] {logging_mixin.py:188} INFO - [2026-04-20T01:21:13.612+0000] {dagbag.py:545} INFO - Filling up the DagBag from /opt/airflow/dags/orderbook_to_parquet_minio.py
[2026-04-20T01:21:13.641+0000] {processor.py:840} INFO - DAG(s) 'orderbook_backto_minio_parquet' retrieved from /opt/airflow/dags/orderbook_to_parquet_minio.py
[2026-04-20T01:21:13.654+0000] {logging_mixin.py:188} INFO - [2026-04-20T01:21:13.654+0000] {dag.py:3089} INFO - Sync 1 DAGs
[2026-04-20T01:21:13.672+0000] {logging_mixin.py:188} INFO - [2026-04-20T01:21:13.672+0000] {dag.py:3947} INFO - Setting next_dagrun for orderbook_backto_minio_parquet to 2026-04-18 02:00:00+00:00, run_after=2026-04-19 02:00:00+00:00
[2026-04-20T01:21:13.691+0000] {processor.py:183} INFO - Processing /opt/airflow/dags/orderbook_to_parquet_minio.py took 0.086 seconds
[2026-04-20T01:21:44.056+0000] {processor.py:161} INFO - Started process (PID=1200) to work on /opt/airflow/dags/orderbook_to_parquet_minio.py
[2026-04-20T01:21:44.057+0000] {processor.py:830} INFO - Processing file /opt/airflow/dags/orderbook_to_parquet_minio.py for tasks to queue
[2026-04-20T01:21:44.059+0000] {logging_mixin.py:188} INFO - [2026-04-20T01:21:44.059+0000] {dagbag.py:545} INFO - Filling up the DagBag from /opt/airflow/dags/orderbook_to_parquet_minio.py
[2026-04-20T01:21:44.087+0000] {processor.py:840} INFO - DAG(s) 'orderbook_backto_minio_parquet' retrieved from /opt/airflow/dags/orderbook_to_parquet_minio.py
[2026-04-20T01:21:44.100+0000] {logging_mixin.py:188} INFO - [2026-04-20T01:21:44.100+0000] {dag.py:3089} INFO - Sync 1 DAGs
[2026-04-20T01:21:44.118+0000] {logging_mixin.py:188} INFO - [2026-04-20T01:21:44.118+0000] {dag.py:3947} INFO - Setting next_dagrun for orderbook_backto_minio_parquet to 2026-04-18 02:00:00+00:00, run_after=2026-04-19 02:00:00+00:00
[2026-04-20T01:21:44.134+0000] {processor.py:183} INFO - Processing /opt/airflow/dags/orderbook_to_parquet_minio.py took 0.083 seconds
[2026-04-20T01:22:14.574+0000] {processor.py:161} INFO - Started process (PID=1225) to work on /opt/airflow/dags/orderbook_to_parquet_minio.py
[2026-04-20T01:22:14.575+0000] {processor.py:830} INFO - Processing file /opt/airflow/dags/orderbook_to_parquet_minio.py for tasks to queue
[2026-04-20T01:22:14.577+0000] {logging_mixin.py:188} INFO - [2026-04-20T01:22:14.577+0000] {dagbag.py:545} INFO - Filling up the DagBag from /opt/airflow/dags/orderbook_to_parquet_minio.py
[2026-04-20T01:22:14.606+0000] {processor.py:840} INFO - DAG(s) 'orderbook_backto_minio_parquet' retrieved from /opt/airflow/dags/orderbook_to_parquet_minio.py
[2026-04-20T01:22:14.619+0000] {logging_mixin.py:188} INFO - [2026-04-20T01:22:14.619+0000] {dag.py:3089} INFO - Sync 1 DAGs
[2026-04-20T01:22:14.638+0000] {logging_mixin.py:188} INFO - [2026-04-20T01:22:14.637+0000] {dag.py:3947} INFO - Setting next_dagrun for orderbook_backto_minio_parquet to 2026-04-18 02:00:00+00:00, run_after=2026-04-19 02:00:00+00:00
[2026-04-20T01:22:14.655+0000] {processor.py:183} INFO - Processing /opt/airflow/dags/orderbook_to_parquet_minio.py took 0.086 seconds
[2026-04-20T01:22:45.048+0000] {processor.py:161} INFO - Started process (PID=1250) to work on /opt/airflow/dags/orderbook_to_parquet_minio.py
[2026-04-20T01:22:45.049+0000] {processor.py:830} INFO - Processing file /opt/airflow/dags/orderbook_to_parquet_minio.py for tasks to queue
[2026-04-20T01:22:45.051+0000] {logging_mixin.py:188} INFO - [2026-04-20T01:22:45.051+0000] {dagbag.py:545} INFO - Filling up the DagBag from /opt/airflow/dags/orderbook_to_parquet_minio.py
[2026-04-20T01:22:45.081+0000] {processor.py:840} INFO - DAG(s) 'orderbook_backto_minio_parquet' retrieved from /opt/airflow/dags/orderbook_to_parquet_minio.py
[2026-04-20T01:22:45.095+0000] {logging_mixin.py:188} INFO - [2026-04-20T01:22:45.095+0000] {dag.py:3089} INFO - Sync 1 DAGs
[2026-04-20T01:22:45.116+0000] {logging_mixin.py:188} INFO - [2026-04-20T01:22:45.115+0000] {dag.py:3947} INFO - Setting next_dagrun for orderbook_backto_minio_parquet to 2026-04-18 02:00:00+00:00, run_after=2026-04-19 02:00:00+00:00
[2026-04-20T01:22:45.134+0000] {processor.py:183} INFO - Processing /opt/airflow/dags/orderbook_to_parquet_minio.py took 0.092 seconds
[2026-04-20T01:23:15.501+0000] {processor.py:161} INFO - Started process (PID=1275) to work on /opt/airflow/dags/orderbook_to_parquet_minio.py
[2026-04-20T01:23:15.502+0000] {processor.py:830} INFO - Processing file /opt/airflow/dags/orderbook_to_parquet_minio.py for tasks to queue
[2026-04-20T01:23:15.504+0000] {logging_mixin.py:188} INFO - [2026-04-20T01:23:15.503+0000] {dagbag.py:545} INFO - Filling up the DagBag from /opt/airflow/dags/orderbook_to_parquet_minio.py
[2026-04-20T01:23:15.531+0000] {processor.py:840} INFO - DAG(s) 'orderbook_backto_minio_parquet' retrieved from /opt/airflow/dags/orderbook_to_parquet_minio.py
[2026-04-20T01:23:15.544+0000] {logging_mixin.py:188} INFO - [2026-04-20T01:23:15.544+0000] {dag.py:3089} INFO - Sync 1 DAGs
[2026-04-20T01:23:15.561+0000] {logging_mixin.py:188} INFO - [2026-04-20T01:23:15.561+0000] {dag.py:3947} INFO - Setting next_dagrun for orderbook_backto_minio_parquet to 2026-04-18 02:00:00+00:00, run_after=2026-04-19 02:00:00+00:00
[2026-04-20T01:23:15.579+0000] {processor.py:183} INFO - Processing /opt/airflow/dags/orderbook_to_parquet_minio.py took 0.083 seconds
[2026-04-20T01:23:45.946+0000] {processor.py:161} INFO - Started process (PID=1300) to work on /opt/airflow/dags/orderbook_to_parquet_minio.py
[2026-04-20T01:23:45.947+0000] {processor.py:830} INFO - Processing file /opt/airflow/dags/orderbook_to_parquet_minio.py for tasks to queue
[2026-04-20T01:23:45.949+0000] {logging_mixin.py:188} INFO - [2026-04-20T01:23:45.949+0000] {dagbag.py:545} INFO - Filling up the DagBag from /opt/airflow/dags/orderbook_to_parquet_minio.py
[2026-04-20T01:23:45.981+0000] {processor.py:840} INFO - DAG(s) 'orderbook_backto_minio_parquet' retrieved from /opt/airflow/dags/orderbook_to_parquet_minio.py
[2026-04-20T01:23:45.996+0000] {logging_mixin.py:188} INFO - [2026-04-20T01:23:45.996+0000] {dag.py:3089} INFO - Sync 1 DAGs
[2026-04-20T01:23:46.019+0000] {logging_mixin.py:188} INFO - [2026-04-20T01:23:46.018+0000] {dag.py:3947} INFO - Setting next_dagrun for orderbook_backto_minio_parquet to 2026-04-18 02:00:00+00:00, run_after=2026-04-19 02:00:00+00:00
[2026-04-20T01:23:46.043+0000] {processor.py:183} INFO - Processing /opt/airflow/dags/orderbook_to_parquet_minio.py took 0.103 seconds
[2026-04-20T01:24:16.482+0000] {processor.py:161} INFO - Started process (PID=1325) to work on /opt/airflow/dags/orderbook_to_parquet_minio.py
[2026-04-20T01:24:16.483+0000] {processor.py:830} INFO - Processing file /opt/airflow/dags/orderbook_to_parquet_minio.py for tasks to queue
[2026-04-20T01:24:16.485+0000] {logging_mixin.py:188} INFO - [2026-04-20T01:24:16.485+0000] {dagbag.py:545} INFO - Filling up the DagBag from /opt/airflow/dags/orderbook_to_parquet_minio.py
[2026-04-20T01:24:16.516+0000] {processor.py:840} INFO - DAG(s) 'orderbook_backto_minio_parquet' retrieved from /opt/airflow/dags/orderbook_to_parquet_minio.py
[2026-04-20T01:24:16.530+0000] {logging_mixin.py:188} INFO - [2026-04-20T01:24:16.530+0000] {dag.py:3089} INFO - Sync 1 DAGs
[2026-04-20T01:24:16.548+0000] {logging_mixin.py:188} INFO - [2026-04-20T01:24:16.548+0000] {dag.py:3947} INFO - Setting next_dagrun for orderbook_backto_minio_parquet to 2026-04-18 02:00:00+00:00, run_after=2026-04-19 02:00:00+00:00
[2026-04-20T01:24:16.568+0000] {processor.py:183} INFO - Processing /opt/airflow/dags/orderbook_to_parquet_minio.py took 0.094 seconds
[2026-04-20T01:24:47.728+0000] {processor.py:161} INFO - Started process (PID=1350) to work on /opt/airflow/dags/orderbook_to_parquet_minio.py
[2026-04-20T01:24:47.729+0000] {processor.py:830} INFO - Processing file /opt/airflow/dags/orderbook_to_parquet_minio.py for tasks to queue
[2026-04-20T01:24:47.732+0000] {logging_mixin.py:188} INFO - [2026-04-20T01:24:47.731+0000] {dagbag.py:545} INFO - Filling up the DagBag from /opt/airflow/dags/orderbook_to_parquet_minio.py
[2026-04-20T01:24:47.783+0000] {processor.py:840} INFO - DAG(s) 'orderbook_backto_minio_parquet' retrieved from /opt/airflow/dags/orderbook_to_parquet_minio.py
[2026-04-20T01:24:47.812+0000] {logging_mixin.py:188} INFO - [2026-04-20T01:24:47.812+0000] {dag.py:3089} INFO - Sync 1 DAGs
[2026-04-20T01:24:47.849+0000] {logging_mixin.py:188} INFO - [2026-04-20T01:24:47.849+0000] {dag.py:3947} INFO - Setting next_dagrun for orderbook_backto_minio_parquet to 2026-04-18 02:00:00+00:00, run_after=2026-04-19 02:00:00+00:00
[2026-04-20T01:24:47.880+0000] {processor.py:183} INFO - Processing /opt/airflow/dags/orderbook_to_parquet_minio.py took 0.160 seconds
[2026-04-20T01:25:18.079+0000] {processor.py:161} INFO - Started process (PID=1376) to work on /opt/airflow/dags/orderbook_to_parquet_minio.py
[2026-04-20T01:25:18.080+0000] {processor.py:830} INFO - Processing file /opt/airflow/dags/orderbook_to_parquet_minio.py for tasks to queue
[2026-04-20T01:25:18.083+0000] {logging_mixin.py:188} INFO - [2026-04-20T01:25:18.083+0000] {dagbag.py:545} INFO - Filling up the DagBag from /opt/airflow/dags/orderbook_to_parquet_minio.py
[2026-04-20T01:25:18.116+0000] {processor.py:840} INFO - DAG(s) 'orderbook_backto_minio_parquet' retrieved from /opt/airflow/dags/orderbook_to_parquet_minio.py
[2026-04-20T01:25:18.133+0000] {logging_mixin.py:188} INFO - [2026-04-20T01:25:18.133+0000] {dag.py:3089} INFO - Sync 1 DAGs
[2026-04-20T01:25:18.154+0000] {logging_mixin.py:188} INFO - [2026-04-20T01:25:18.154+0000] {dag.py:3947} INFO - Setting next_dagrun for orderbook_backto_minio_parquet to 2026-04-18 02:00:00+00:00, run_after=2026-04-19 02:00:00+00:00
[2026-04-20T01:25:18.175+0000] {processor.py:183} INFO - Processing /opt/airflow/dags/orderbook_to_parquet_minio.py took 0.102 seconds
[2026-04-20T01:25:48.658+0000] {processor.py:161} INFO - Started process (PID=1401) to work on /opt/airflow/dags/orderbook_to_parquet_minio.py
[2026-04-20T01:25:48.659+0000] {processor.py:830} INFO - Processing file /opt/airflow/dags/orderbook_to_parquet_minio.py for tasks to queue
[2026-04-20T01:25:48.661+0000] {logging_mixin.py:188} INFO - [2026-04-20T01:25:48.661+0000] {dagbag.py:545} INFO - Filling up the DagBag from /opt/airflow/dags/orderbook_to_parquet_minio.py
[2026-04-20T01:25:48.694+0000] {processor.py:840} INFO - DAG(s) 'orderbook_backto_minio_parquet' retrieved from /opt/airflow/dags/orderbook_to_parquet_minio.py
[2026-04-20T01:25:48.710+0000] {logging_mixin.py:188} INFO - [2026-04-20T01:25:48.709+0000] {dag.py:3089} INFO - Sync 1 DAGs
[2026-04-20T01:25:48.734+0000] {logging_mixin.py:188} INFO - [2026-04-20T01:25:48.734+0000] {dag.py:3947} INFO - Setting next_dagrun for orderbook_backto_minio_parquet to 2026-04-18 02:00:00+00:00, run_after=2026-04-19 02:00:00+00:00
[2026-04-20T01:25:48.752+0000] {processor.py:183} INFO - Processing /opt/airflow/dags/orderbook_to_parquet_minio.py took 0.100 seconds
[2026-04-20T01:26:19.350+0000] {processor.py:161} INFO - Started process (PID=1426) to work on /opt/airflow/dags/orderbook_to_parquet_minio.py
[2026-04-20T01:26:19.351+0000] {processor.py:830} INFO - Processing file /opt/airflow/dags/orderbook_to_parquet_minio.py for tasks to queue
[2026-04-20T01:26:19.354+0000] {logging_mixin.py:188} INFO - [2026-04-20T01:26:19.353+0000] {dagbag.py:545} INFO - Filling up the DagBag from /opt/airflow/dags/orderbook_to_parquet_minio.py
[2026-04-20T01:26:19.384+0000] {processor.py:840} INFO - DAG(s) 'orderbook_backto_minio_parquet' retrieved from /opt/airflow/dags/orderbook_to_parquet_minio.py
[2026-04-20T01:26:19.402+0000] {logging_mixin.py:188} INFO - [2026-04-20T01:26:19.402+0000] {dag.py:3089} INFO - Sync 1 DAGs
[2026-04-20T01:26:19.426+0000] {logging_mixin.py:188} INFO - [2026-04-20T01:26:19.426+0000] {dag.py:3947} INFO - Setting next_dagrun for orderbook_backto_minio_parquet to 2026-04-18 02:00:00+00:00, run_after=2026-04-19 02:00:00+00:00
[2026-04-20T01:26:19.448+0000] {processor.py:183} INFO - Processing /opt/airflow/dags/orderbook_to_parquet_minio.py took 0.105 seconds
[2026-04-20T01:26:49.915+0000] {processor.py:161} INFO - Started process (PID=1451) to work on /opt/airflow/dags/orderbook_to_parquet_minio.py
[2026-04-20T01:26:49.916+0000] {processor.py:830} INFO - Processing file /opt/airflow/dags/orderbook_to_parquet_minio.py for tasks to queue
[2026-04-20T01:26:49.918+0000] {logging_mixin.py:188} INFO - [2026-04-20T01:26:49.918+0000] {dagbag.py:545} INFO - Filling up the DagBag from /opt/airflow/dags/orderbook_to_parquet_minio.py
[2026-04-20T01:26:49.948+0000] {processor.py:840} INFO - DAG(s) 'orderbook_backto_minio_parquet' retrieved from /opt/airflow/dags/orderbook_to_parquet_minio.py
[2026-04-20T01:26:49.962+0000] {logging_mixin.py:188} INFO - [2026-04-20T01:26:49.962+0000] {dag.py:3089} INFO - Sync 1 DAGs
[2026-04-20T01:26:49.982+0000] {logging_mixin.py:188} INFO - [2026-04-20T01:26:49.981+0000] {dag.py:3947} INFO - Setting next_dagrun for orderbook_backto_minio_parquet to 2026-04-18 02:00:00+00:00, run_after=2026-04-19 02:00:00+00:00
[2026-04-20T01:26:49.998+0000] {processor.py:183} INFO - Processing /opt/airflow/dags/orderbook_to_parquet_minio.py took 0.089 seconds
[2026-04-20T01:27:20.352+0000] {processor.py:161} INFO - Started process (PID=1477) to work on /opt/airflow/dags/orderbook_to_parquet_minio.py
[2026-04-20T01:27:20.352+0000] {processor.py:830} INFO - Processing file /opt/airflow/dags/orderbook_to_parquet_minio.py for tasks to queue
[2026-04-20T01:27:20.355+0000] {logging_mixin.py:188} INFO - [2026-04-20T01:27:20.354+0000] {dagbag.py:545} INFO - Filling up the DagBag from /opt/airflow/dags/orderbook_to_parquet_minio.py
[2026-04-20T01:27:20.384+0000] {processor.py:840} INFO - DAG(s) 'orderbook_backto_minio_parquet' retrieved from /opt/airflow/dags/orderbook_to_parquet_minio.py
[2026-04-20T01:27:20.397+0000] {logging_mixin.py:188} INFO - [2026-04-20T01:27:20.397+0000] {dag.py:3089} INFO - Sync 1 DAGs
[2026-04-20T01:27:20.417+0000] {logging_mixin.py:188} INFO - [2026-04-20T01:27:20.417+0000] {dag.py:3947} INFO - Setting next_dagrun for orderbook_backto_minio_parquet to 2026-04-18 02:00:00+00:00, run_after=2026-04-19 02:00:00+00:00
[2026-04-20T01:27:20.434+0000] {processor.py:183} INFO - Processing /opt/airflow/dags/orderbook_to_parquet_minio.py took 0.088 seconds
[2026-04-20T01:27:50.835+0000] {processor.py:161} INFO - Started process (PID=1502) to work on /opt/airflow/dags/orderbook_to_parquet_minio.py
[2026-04-20T01:27:50.836+0000] {processor.py:830} INFO - Processing file /opt/airflow/dags/orderbook_to_parquet_minio.py for tasks to queue
[2026-04-20T01:27:50.838+0000] {logging_mixin.py:188} INFO - [2026-04-20T01:27:50.838+0000] {dagbag.py:545} INFO - Filling up the DagBag from /opt/airflow/dags/orderbook_to_parquet_minio.py
[2026-04-20T01:27:50.867+0000] {processor.py:840} INFO - DAG(s) 'orderbook_backto_minio_parquet' retrieved from /opt/airflow/dags/orderbook_to_parquet_minio.py
[2026-04-20T01:27:50.880+0000] {logging_mixin.py:188} INFO - [2026-04-20T01:27:50.880+0000] {dag.py:3089} INFO - Sync 1 DAGs
[2026-04-20T01:27:50.899+0000] {logging_mixin.py:188} INFO - [2026-04-20T01:27:50.899+0000] {dag.py:3947} INFO - Setting next_dagrun for orderbook_backto_minio_parquet to 2026-04-18 02:00:00+00:00, run_after=2026-04-19 02:00:00+00:00
[2026-04-20T01:27:50.919+0000] {processor.py:183} INFO - Processing /opt/airflow/dags/orderbook_to_parquet_minio.py took 0.089 seconds
[2026-04-20T01:28:21.328+0000] {processor.py:161} INFO - Started process (PID=1527) to work on /opt/airflow/dags/orderbook_to_parquet_minio.py
[2026-04-20T01:28:21.329+0000] {processor.py:830} INFO - Processing file /opt/airflow/dags/orderbook_to_parquet_minio.py for tasks to queue
[2026-04-20T01:28:21.331+0000] {logging_mixin.py:188} INFO - [2026-04-20T01:28:21.331+0000] {dagbag.py:545} INFO - Filling up the DagBag from /opt/airflow/dags/orderbook_to_parquet_minio.py
[2026-04-20T01:28:21.362+0000] {processor.py:840} INFO - DAG(s) 'orderbook_backto_minio_parquet' retrieved from /opt/airflow/dags/orderbook_to_parquet_minio.py
[2026-04-20T01:28:21.377+0000] {logging_mixin.py:188} INFO - [2026-04-20T01:28:21.376+0000] {dag.py:3089} INFO - Sync 1 DAGs
[2026-04-20T01:28:21.395+0000] {logging_mixin.py:188} INFO - [2026-04-20T01:28:21.395+0000] {dag.py:3947} INFO - Setting next_dagrun for orderbook_backto_minio_parquet to 2026-04-18 02:00:00+00:00, run_after=2026-04-19 02:00:00+00:00
[2026-04-20T01:28:21.413+0000] {processor.py:183} INFO - Processing /opt/airflow/dags/orderbook_to_parquet_minio.py took 0.090 seconds
[2026-04-20T01:28:51.861+0000] {processor.py:161} INFO - Started process (PID=1552) to work on /opt/airflow/dags/orderbook_to_parquet_minio.py
[2026-04-20T01:28:51.862+0000] {processor.py:830} INFO - Processing file /opt/airflow/dags/orderbook_to_parquet_minio.py for tasks to queue
[2026-04-20T01:28:51.865+0000] {logging_mixin.py:188} INFO - [2026-04-20T01:28:51.864+0000] {dagbag.py:545} INFO - Filling up the DagBag from /opt/airflow/dags/orderbook_to_parquet_minio.py
[2026-04-20T01:28:51.894+0000] {processor.py:840} INFO - DAG(s) 'orderbook_backto_minio_parquet' retrieved from /opt/airflow/dags/orderbook_to_parquet_minio.py
[2026-04-20T01:28:51.909+0000] {logging_mixin.py:188} INFO - [2026-04-20T01:28:51.909+0000] {dag.py:3089} INFO - Sync 1 DAGs
[2026-04-20T01:28:51.929+0000] {logging_mixin.py:188} INFO - [2026-04-20T01:28:51.929+0000] {dag.py:3947} INFO - Setting next_dagrun for orderbook_backto_minio_parquet to 2026-04-18 02:00:00+00:00, run_after=2026-04-19 02:00:00+00:00
[2026-04-20T01:28:51.948+0000] {processor.py:183} INFO - Processing /opt/airflow/dags/orderbook_to_parquet_minio.py took 0.093 seconds
[2026-04-20T01:29:22.714+0000] {processor.py:161} INFO - Started process (PID=1577) to work on /opt/airflow/dags/orderbook_to_parquet_minio.py
[2026-04-20T01:29:22.715+0000] {processor.py:830} INFO - Processing file /opt/airflow/dags/orderbook_to_parquet_minio.py for tasks to queue
[2026-04-20T01:29:22.717+0000] {logging_mixin.py:188} INFO - [2026-04-20T01:29:22.717+0000] {dagbag.py:545} INFO - Filling up the DagBag from /opt/airflow/dags/orderbook_to_parquet_minio.py
[2026-04-20T01:29:22.748+0000] {processor.py:840} INFO - DAG(s) 'orderbook_backto_minio_parquet' retrieved from /opt/airflow/dags/orderbook_to_parquet_minio.py
[2026-04-20T01:29:22.761+0000] {logging_mixin.py:188} INFO - [2026-04-20T01:29:22.761+0000] {dag.py:3089} INFO - Sync 1 DAGs
[2026-04-20T01:29:22.782+0000] {logging_mixin.py:188} INFO - [2026-04-20T01:29:22.781+0000] {dag.py:3947} INFO - Setting next_dagrun for orderbook_backto_minio_parquet to 2026-04-18 02:00:00+00:00, run_after=2026-04-19 02:00:00+00:00
[2026-04-20T01:29:22.799+0000] {processor.py:183} INFO - Processing /opt/airflow/dags/orderbook_to_parquet_minio.py took 0.090 seconds
[2026-04-20T01:29:53.210+0000] {processor.py:161} INFO - Started process (PID=1602) to work on /opt/airflow/dags/orderbook_to_parquet_minio.py
[2026-04-20T01:29:53.211+0000] {processor.py:830} INFO - Processing file /opt/airflow/dags/orderbook_to_parquet_minio.py for tasks to queue
[2026-04-20T01:29:53.213+0000] {logging_mixin.py:188} INFO - [2026-04-20T01:29:53.213+0000] {dagbag.py:545} INFO - Filling up the DagBag from /opt/airflow/dags/orderbook_to_parquet_minio.py
[2026-04-20T01:29:53.243+0000] {processor.py:840} INFO - DAG(s) 'orderbook_backto_minio_parquet' retrieved from /opt/airflow/dags/orderbook_to_parquet_minio.py
[2026-04-20T01:29:53.258+0000] {logging_mixin.py:188} INFO - [2026-04-20T01:29:53.258+0000] {dag.py:3089} INFO - Sync 1 DAGs
[2026-04-20T01:29:53.279+0000] {logging_mixin.py:188} INFO - [2026-04-20T01:29:53.278+0000] {dag.py:3947} INFO - Setting next_dagrun for orderbook_backto_minio_parquet to 2026-04-18 02:00:00+00:00, run_after=2026-04-19 02:00:00+00:00
[2026-04-20T01:29:53.295+0000] {processor.py:183} INFO - Processing /opt/airflow/dags/orderbook_to_parquet_minio.py took 0.091 seconds
[2026-04-20T01:30:23.813+0000] {processor.py:161} INFO - Started process (PID=1627) to work on /opt/airflow/dags/orderbook_to_parquet_minio.py
[2026-04-20T01:30:23.814+0000] {processor.py:830} INFO - Processing file /opt/airflow/dags/orderbook_to_parquet_minio.py for tasks to queue
[2026-04-20T01:30:23.817+0000] {logging_mixin.py:188} INFO - [2026-04-20T01:30:23.816+0000] {dagbag.py:545} INFO - Filling up the DagBag from /opt/airflow/dags/orderbook_to_parquet_minio.py
[2026-04-20T01:30:23.847+0000] {processor.py:840} INFO - DAG(s) 'orderbook_backto_minio_parquet' retrieved from /opt/airflow/dags/orderbook_to_parquet_minio.py
[2026-04-20T01:30:23.860+0000] {logging_mixin.py:188} INFO - [2026-04-20T01:30:23.860+0000] {dag.py:3089} INFO - Sync 1 DAGs
[2026-04-20T01:30:23.881+0000] {logging_mixin.py:188} INFO - [2026-04-20T01:30:23.880+0000] {dag.py:3947} INFO - Setting next_dagrun for orderbook_backto_minio_parquet to 2026-04-18 02:00:00+00:00, run_after=2026-04-19 02:00:00+00:00
[2026-04-20T01:30:23.899+0000] {processor.py:183} INFO - Processing /opt/airflow/dags/orderbook_to_parquet_minio.py took 0.092 seconds
[2026-04-20T01:30:54.292+0000] {processor.py:161} INFO - Started process (PID=1652) to work on /opt/airflow/dags/orderbook_to_parquet_minio.py
[2026-04-20T01:30:54.293+0000] {processor.py:830} INFO - Processing file /opt/airflow/dags/orderbook_to_parquet_minio.py for tasks to queue
[2026-04-20T01:30:54.295+0000] {logging_mixin.py:188} INFO - [2026-04-20T01:30:54.295+0000] {dagbag.py:545} INFO - Filling up the DagBag from /opt/airflow/dags/orderbook_to_parquet_minio.py
[2026-04-20T01:30:54.325+0000] {processor.py:840} INFO - DAG(s) 'orderbook_backto_minio_parquet' retrieved from /opt/airflow/dags/orderbook_to_parquet_minio.py
[2026-04-20T01:30:54.339+0000] {logging_mixin.py:188} INFO - [2026-04-20T01:30:54.339+0000] {dag.py:3089} INFO - Sync 1 DAGs
[2026-04-20T01:30:54.357+0000] {logging_mixin.py:188} INFO - [2026-04-20T01:30:54.357+0000] {dag.py:3947} INFO - Setting next_dagrun for orderbook_backto_minio_parquet to 2026-04-18 02:00:00+00:00, run_after=2026-04-19 02:00:00+00:00
[2026-04-20T01:30:54.377+0000] {processor.py:183} INFO - Processing /opt/airflow/dags/orderbook_to_parquet_minio.py took 0.090 seconds
[2026-04-20T01:31:24.719+0000] {processor.py:161} INFO - Started process (PID=1677) to work on /opt/airflow/dags/orderbook_to_parquet_minio.py
[2026-04-20T01:31:24.720+0000] {processor.py:830} INFO - Processing file /opt/airflow/dags/orderbook_to_parquet_minio.py for tasks to queue
[2026-04-20T01:31:24.722+0000] {logging_mixin.py:188} INFO - [2026-04-20T01:31:24.722+0000] {dagbag.py:545} INFO - Filling up the DagBag from /opt/airflow/dags/orderbook_to_parquet_minio.py
[2026-04-20T01:31:24.753+0000] {processor.py:840} INFO - DAG(s) 'orderbook_backto_minio_parquet' retrieved from /opt/airflow/dags/orderbook_to_parquet_minio.py
[2026-04-20T01:31:24.766+0000] {logging_mixin.py:188} INFO - [2026-04-20T01:31:24.766+0000] {dag.py:3089} INFO - Sync 1 DAGs
[2026-04-20T01:31:24.787+0000] {logging_mixin.py:188} INFO - [2026-04-20T01:31:24.787+0000] {dag.py:3947} INFO - Setting next_dagrun for orderbook_backto_minio_parquet to 2026-04-18 02:00:00+00:00, run_after=2026-04-19 02:00:00+00:00
[2026-04-20T01:31:24.806+0000] {processor.py:183} INFO - Processing /opt/airflow/dags/orderbook_to_parquet_minio.py took 0.092 seconds
[2026-04-20T01:31:55.247+0000] {processor.py:161} INFO - Started process (PID=1702) to work on /opt/airflow/dags/orderbook_to_parquet_minio.py
[2026-04-20T01:31:55.248+0000] {processor.py:830} INFO - Processing file /opt/airflow/dags/orderbook_to_parquet_minio.py for tasks to queue
[2026-04-20T01:31:55.250+0000] {logging_mixin.py:188} INFO - [2026-04-20T01:31:55.250+0000] {dagbag.py:545} INFO - Filling up the DagBag from /opt/airflow/dags/orderbook_to_parquet_minio.py
[2026-04-20T01:31:55.280+0000] {processor.py:840} INFO - DAG(s) 'orderbook_backto_minio_parquet' retrieved from /opt/airflow/dags/orderbook_to_parquet_minio.py
[2026-04-20T01:31:55.296+0000] {logging_mixin.py:188} INFO - [2026-04-20T01:31:55.296+0000] {dag.py:3089} INFO - Sync 1 DAGs
[2026-04-20T01:31:55.315+0000] {logging_mixin.py:188} INFO - [2026-04-20T01:31:55.315+0000] {dag.py:3947} INFO - Setting next_dagrun for orderbook_backto_minio_parquet to 2026-04-18 02:00:00+00:00, run_after=2026-04-19 02:00:00+00:00
[2026-04-20T01:31:55.331+0000] {processor.py:183} INFO - Processing /opt/airflow/dags/orderbook_to_parquet_minio.py took 0.090 seconds
[2026-04-20T01:32:25.717+0000] {processor.py:161} INFO - Started process (PID=1727) to work on /opt/airflow/dags/orderbook_to_parquet_minio.py
[2026-04-20T01:32:25.718+0000] {processor.py:830} INFO - Processing file /opt/airflow/dags/orderbook_to_parquet_minio.py for tasks to queue
[2026-04-20T01:32:25.720+0000] {logging_mixin.py:188} INFO - [2026-04-20T01:32:25.720+0000] {dagbag.py:545} INFO - Filling up the DagBag from /opt/airflow/dags/orderbook_to_parquet_minio.py
[2026-04-20T01:32:25.749+0000] {processor.py:840} INFO - DAG(s) 'orderbook_backto_minio_parquet' retrieved from /opt/airflow/dags/orderbook_to_parquet_minio.py
[2026-04-20T01:32:25.764+0000] {logging_mixin.py:188} INFO - [2026-04-20T01:32:25.764+0000] {dag.py:3089} INFO - Sync 1 DAGs
[2026-04-20T01:32:25.785+0000] {logging_mixin.py:188} INFO - [2026-04-20T01:32:25.784+0000] {dag.py:3947} INFO - Setting next_dagrun for orderbook_backto_minio_parquet to 2026-04-18 02:00:00+00:00, run_after=2026-04-19 02:00:00+00:00
[2026-04-20T01:32:25.804+0000] {processor.py:183} INFO - Processing /opt/airflow/dags/orderbook_to_parquet_minio.py took 0.092 seconds
[2026-04-20T01:32:56.160+0000] {processor.py:161} INFO - Started process (PID=1752) to work on /opt/airflow/dags/orderbook_to_parquet_minio.py
[2026-04-20T01:32:56.162+0000] {processor.py:830} INFO - Processing file /opt/airflow/dags/orderbook_to_parquet_minio.py for tasks to queue
[2026-04-20T01:32:56.164+0000] {logging_mixin.py:188} INFO - [2026-04-20T01:32:56.164+0000] {dagbag.py:545} INFO - Filling up the DagBag from /opt/airflow/dags/orderbook_to_parquet_minio.py
[2026-04-20T01:32:56.194+0000] {processor.py:840} INFO - DAG(s) 'orderbook_backto_minio_parquet' retrieved from /opt/airflow/dags/orderbook_to_parquet_minio.py
[2026-04-20T01:32:56.209+0000] {logging_mixin.py:188} INFO - [2026-04-20T01:32:56.208+0000] {dag.py:3089} INFO - Sync 1 DAGs
[2026-04-20T01:32:56.229+0000] {logging_mixin.py:188} INFO - [2026-04-20T01:32:56.228+0000] {dag.py:3947} INFO - Setting next_dagrun for orderbook_backto_minio_parquet to 2026-04-18 02:00:00+00:00, run_after=2026-04-19 02:00:00+00:00
[2026-04-20T01:32:56.245+0000] {processor.py:183} INFO - Processing /opt/airflow/dags/orderbook_to_parquet_minio.py took 0.091 seconds
[2026-04-20T01:33:26.922+0000] {processor.py:161} INFO - Started process (PID=1783) to work on /opt/airflow/dags/orderbook_to_parquet_minio.py
[2026-04-20T01:33:26.923+0000] {processor.py:830} INFO - Processing file /opt/airflow/dags/orderbook_to_parquet_minio.py for tasks to queue
[2026-04-20T01:33:26.927+0000] {logging_mixin.py:188} INFO - [2026-04-20T01:33:26.927+0000] {dagbag.py:545} INFO - Filling up the DagBag from /opt/airflow/dags/orderbook_to_parquet_minio.py
[2026-04-20T01:33:26.975+0000] {processor.py:840} INFO - DAG(s) 'orderbook_backto_minio_parquet' retrieved from /opt/airflow/dags/orderbook_to_parquet_minio.py
[2026-04-20T01:33:27.006+0000] {logging_mixin.py:188} INFO - [2026-04-20T01:33:27.006+0000] {dag.py:3089} INFO - Sync 1 DAGs
[2026-04-20T01:33:27.035+0000] {logging_mixin.py:188} INFO - [2026-04-20T01:33:27.035+0000] {dag.py:3947} INFO - Setting next_dagrun for orderbook_backto_minio_parquet to 2026-04-18 02:00:00+00:00, run_after=2026-04-19 02:00:00+00:00
[2026-04-20T01:33:27.057+0000] {processor.py:183} INFO - Processing /opt/airflow/dags/orderbook_to_parquet_minio.py took 0.142 seconds
[2026-04-20T01:33:57.884+0000] {processor.py:161} INFO - Started process (PID=1808) to work on /opt/airflow/dags/orderbook_to_parquet_minio.py
[2026-04-20T01:33:57.885+0000] {processor.py:830} INFO - Processing file /opt/airflow/dags/orderbook_to_parquet_minio.py for tasks to queue
[2026-04-20T01:33:57.887+0000] {logging_mixin.py:188} INFO - [2026-04-20T01:33:57.887+0000] {dagbag.py:545} INFO - Filling up the DagBag from /opt/airflow/dags/orderbook_to_parquet_minio.py
[2026-04-20T01:33:57.918+0000] {processor.py:840} INFO - DAG(s) 'orderbook_backto_minio_parquet' retrieved from /opt/airflow/dags/orderbook_to_parquet_minio.py
[2026-04-20T01:33:57.932+0000] {logging_mixin.py:188} INFO - [2026-04-20T01:33:57.932+0000] {dag.py:3089} INFO - Sync 1 DAGs
[2026-04-20T01:33:57.952+0000] {logging_mixin.py:188} INFO - [2026-04-20T01:33:57.951+0000] {dag.py:3947} INFO - Setting next_dagrun for orderbook_backto_minio_parquet to 2026-04-18 02:00:00+00:00, run_after=2026-04-19 02:00:00+00:00
[2026-04-20T01:33:57.971+0000] {processor.py:183} INFO - Processing /opt/airflow/dags/orderbook_to_parquet_minio.py took 0.093 seconds
[2026-04-20T01:34:28.859+0000] {processor.py:161} INFO - Started process (PID=1834) to work on /opt/airflow/dags/orderbook_to_parquet_minio.py
[2026-04-20T01:34:28.860+0000] {processor.py:830} INFO - Processing file /opt/airflow/dags/orderbook_to_parquet_minio.py for tasks to queue
[2026-04-20T01:34:28.862+0000] {logging_mixin.py:188} INFO - [2026-04-20T01:34:28.862+0000] {dagbag.py:545} INFO - Filling up the DagBag from /opt/airflow/dags/orderbook_to_parquet_minio.py
[2026-04-20T01:34:28.893+0000] {processor.py:840} INFO - DAG(s) 'orderbook_backto_minio_parquet' retrieved from /opt/airflow/dags/orderbook_to_parquet_minio.py
[2026-04-20T01:34:28.908+0000] {logging_mixin.py:188} INFO - [2026-04-20T01:34:28.907+0000] {dag.py:3089} INFO - Sync 1 DAGs
[2026-04-20T01:34:28.928+0000] {logging_mixin.py:188} INFO - [2026-04-20T01:34:28.928+0000] {dag.py:3947} INFO - Setting next_dagrun for orderbook_backto_minio_parquet to 2026-04-18 02:00:00+00:00, run_after=2026-04-19 02:00:00+00:00
[2026-04-20T01:34:28.948+0000] {processor.py:183} INFO - Processing /opt/airflow/dags/orderbook_to_parquet_minio.py took 0.094 seconds
[2026-04-20T01:34:59.489+0000] {processor.py:161} INFO - Started process (PID=1859) to work on /opt/airflow/dags/orderbook_to_parquet_minio.py
[2026-04-20T01:34:59.490+0000] {processor.py:830} INFO - Processing file /opt/airflow/dags/orderbook_to_parquet_minio.py for tasks to queue
[2026-04-20T01:34:59.492+0000] {logging_mixin.py:188} INFO - [2026-04-20T01:34:59.492+0000] {dagbag.py:545} INFO - Filling up the DagBag from /opt/airflow/dags/orderbook_to_parquet_minio.py
[2026-04-20T01:34:59.522+0000] {processor.py:840} INFO - DAG(s) 'orderbook_backto_minio_parquet' retrieved from /opt/airflow/dags/orderbook_to_parquet_minio.py
[2026-04-20T01:34:59.536+0000] {logging_mixin.py:188} INFO - [2026-04-20T01:34:59.536+0000] {dag.py:3089} INFO - Sync 1 DAGs
[2026-04-20T01:34:59.555+0000] {logging_mixin.py:188} INFO - [2026-04-20T01:34:59.555+0000] {dag.py:3947} INFO - Setting next_dagrun for orderbook_backto_minio_parquet to 2026-04-18 02:00:00+00:00, run_after=2026-04-19 02:00:00+00:00
[2026-04-20T01:34:59.571+0000] {processor.py:183} INFO - Processing /opt/airflow/dags/orderbook_to_parquet_minio.py took 0.087 seconds
[2026-04-20T01:35:29.894+0000] {processor.py:161} INFO - Started process (PID=1884) to work on /opt/airflow/dags/orderbook_to_parquet_minio.py
[2026-04-20T01:35:29.895+0000] {processor.py:830} INFO - Processing file /opt/airflow/dags/orderbook_to_parquet_minio.py for tasks to queue
[2026-04-20T01:35:29.898+0000] {logging_mixin.py:188} INFO - [2026-04-20T01:35:29.897+0000] {dagbag.py:545} INFO - Filling up the DagBag from /opt/airflow/dags/orderbook_to_parquet_minio.py
[2026-04-20T01:35:29.927+0000] {processor.py:840} INFO - DAG(s) 'orderbook_backto_minio_parquet' retrieved from /opt/airflow/dags/orderbook_to_parquet_minio.py
[2026-04-20T01:35:29.942+0000] {logging_mixin.py:188} INFO - [2026-04-20T01:35:29.941+0000] {dag.py:3089} INFO - Sync 1 DAGs
[2026-04-20T01:35:29.963+0000] {logging_mixin.py:188} INFO - [2026-04-20T01:35:29.962+0000] {dag.py:3947} INFO - Setting next_dagrun for orderbook_backto_minio_parquet to 2026-04-18 02:00:00+00:00, run_after=2026-04-19 02:00:00+00:00
[2026-04-20T01:35:29.979+0000] {processor.py:183} INFO - Processing /opt/airflow/dags/orderbook_to_parquet_minio.py took 0.090 seconds
[2026-04-20T01:36:00.400+0000] {processor.py:161} INFO - Started process (PID=1909) to work on /opt/airflow/dags/orderbook_to_parquet_minio.py
[2026-04-20T01:36:00.401+0000] {processor.py:830} INFO - Processing file /opt/airflow/dags/orderbook_to_parquet_minio.py for tasks to queue
[2026-04-20T01:36:00.404+0000] {logging_mixin.py:188} INFO - [2026-04-20T01:36:00.403+0000] {dagbag.py:545} INFO - Filling up the DagBag from /opt/airflow/dags/orderbook_to_parquet_minio.py
[2026-04-20T01:36:00.436+0000] {processor.py:840} INFO - DAG(s) 'orderbook_backto_minio_parquet' retrieved from /opt/airflow/dags/orderbook_to_parquet_minio.py
[2026-04-20T01:36:00.450+0000] {logging_mixin.py:188} INFO - [2026-04-20T01:36:00.450+0000] {dag.py:3089} INFO - Sync 1 DAGs
[2026-04-20T01:36:00.474+0000] {logging_mixin.py:188} INFO - [2026-04-20T01:36:00.474+0000] {dag.py:3947} INFO - Setting next_dagrun for orderbook_backto_minio_parquet to 2026-04-18 02:00:00+00:00, run_after=2026-04-19 02:00:00+00:00
[2026-04-20T01:36:00.493+0000] {processor.py:183} INFO - Processing /opt/airflow/dags/orderbook_to_parquet_minio.py took 0.099 seconds
[2026-04-20T01:36:30.901+0000] {processor.py:161} INFO - Started process (PID=1934) to work on /opt/airflow/dags/orderbook_to_parquet_minio.py
[2026-04-20T01:36:30.902+0000] {processor.py:830} INFO - Processing file /opt/airflow/dags/orderbook_to_parquet_minio.py for tasks to queue
[2026-04-20T01:36:30.904+0000] {logging_mixin.py:188} INFO - [2026-04-20T01:36:30.904+0000] {dagbag.py:545} INFO - Filling up the DagBag from /opt/airflow/dags/orderbook_to_parquet_minio.py
[2026-04-20T01:36:30.942+0000] {processor.py:840} INFO - DAG(s) 'orderbook_backto_minio_parquet' retrieved from /opt/airflow/dags/orderbook_to_parquet_minio.py
[2026-04-20T01:36:30.956+0000] {logging_mixin.py:188} INFO - [2026-04-20T01:36:30.955+0000] {dag.py:3089} INFO - Sync 1 DAGs
[2026-04-20T01:36:30.975+0000] {logging_mixin.py:188} INFO - [2026-04-20T01:36:30.975+0000] {dag.py:3947} INFO - Setting next_dagrun for orderbook_backto_minio_parquet to 2026-04-18 02:00:00+00:00, run_after=2026-04-19 02:00:00+00:00
[2026-04-20T01:36:30.991+0000] {processor.py:183} INFO - Processing /opt/airflow/dags/orderbook_to_parquet_minio.py took 0.098 seconds
[2026-04-20T01:37:01.362+0000] {processor.py:161} INFO - Started process (PID=1959) to work on /opt/airflow/dags/orderbook_to_parquet_minio.py
[2026-04-20T01:37:01.363+0000] {processor.py:830} INFO - Processing file /opt/airflow/dags/orderbook_to_parquet_minio.py for tasks to queue
[2026-04-20T01:37:01.365+0000] {logging_mixin.py:188} INFO - [2026-04-20T01:37:01.365+0000] {dagbag.py:545} INFO - Filling up the DagBag from /opt/airflow/dags/orderbook_to_parquet_minio.py
[2026-04-20T01:37:01.396+0000] {processor.py:840} INFO - DAG(s) 'orderbook_backto_minio_parquet' retrieved from /opt/airflow/dags/orderbook_to_parquet_minio.py
[2026-04-20T01:37:01.412+0000] {logging_mixin.py:188} INFO - [2026-04-20T01:37:01.411+0000] {dag.py:3089} INFO - Sync 1 DAGs
[2026-04-20T01:37:01.433+0000] {logging_mixin.py:188} INFO - [2026-04-20T01:37:01.433+0000] {dag.py:3947} INFO - Setting next_dagrun for orderbook_backto_minio_parquet to 2026-04-18 02:00:00+00:00, run_after=2026-04-19 02:00:00+00:00
[2026-04-20T01:37:01.453+0000] {processor.py:183} INFO - Processing /opt/airflow/dags/orderbook_to_parquet_minio.py took 0.096 seconds
[2026-04-20T01:37:31.701+0000] {processor.py:161} INFO - Started process (PID=1984) to work on /opt/airflow/dags/orderbook_to_parquet_minio.py
[2026-04-20T01:37:31.702+0000] {processor.py:830} INFO - Processing file /opt/airflow/dags/orderbook_to_parquet_minio.py for tasks to queue
[2026-04-20T01:37:31.704+0000] {logging_mixin.py:188} INFO - [2026-04-20T01:37:31.704+0000] {dagbag.py:545} INFO - Filling up the DagBag from /opt/airflow/dags/orderbook_to_parquet_minio.py
[2026-04-20T01:37:31.735+0000] {processor.py:840} INFO - DAG(s) 'orderbook_backto_minio_parquet' retrieved from /opt/airflow/dags/orderbook_to_parquet_minio.py
[2026-04-20T01:37:31.749+0000] {logging_mixin.py:188} INFO - [2026-04-20T01:37:31.749+0000] {dag.py:3089} INFO - Sync 1 DAGs
[2026-04-20T01:37:31.770+0000] {logging_mixin.py:188} INFO - [2026-04-20T01:37:31.770+0000] {dag.py:3947} INFO - Setting next_dagrun for orderbook_backto_minio_parquet to 2026-04-18 02:00:00+00:00, run_after=2026-04-19 02:00:00+00:00
[2026-04-20T01:37:31.790+0000] {processor.py:183} INFO - Processing /opt/airflow/dags/orderbook_to_parquet_minio.py took 0.094 seconds
[2026-04-20T01:38:02.005+0000] {processor.py:161} INFO - Started process (PID=2009) to work on /opt/airflow/dags/orderbook_to_parquet_minio.py
[2026-04-20T01:38:02.006+0000] {processor.py:830} INFO - Processing file /opt/airflow/dags/orderbook_to_parquet_minio.py for tasks to queue
[2026-04-20T01:38:02.008+0000] {logging_mixin.py:188} INFO - [2026-04-20T01:38:02.008+0000] {dagbag.py:545} INFO - Filling up the DagBag from /opt/airflow/dags/orderbook_to_parquet_minio.py
[2026-04-20T01:38:02.038+0000] {processor.py:840} INFO - DAG(s) 'orderbook_backto_minio_parquet' retrieved from /opt/airflow/dags/orderbook_to_parquet_minio.py
[2026-04-20T01:38:02.053+0000] {logging_mixin.py:188} INFO - [2026-04-20T01:38:02.053+0000] {dag.py:3089} INFO - Sync 1 DAGs
[2026-04-20T01:38:02.073+0000] {logging_mixin.py:188} INFO - [2026-04-20T01:38:02.073+0000] {dag.py:3947} INFO - Setting next_dagrun for orderbook_backto_minio_parquet to 2026-04-18 02:00:00+00:00, run_after=2026-04-19 02:00:00+00:00
[2026-04-20T01:38:02.092+0000] {processor.py:183} INFO - Processing /opt/airflow/dags/orderbook_to_parquet_minio.py took 0.093 seconds
[2026-04-20T01:38:32.626+0000] {processor.py:161} INFO - Started process (PID=2034) to work on /opt/airflow/dags/orderbook_to_parquet_minio.py
[2026-04-20T01:38:32.627+0000] {processor.py:830} INFO - Processing file /opt/airflow/dags/orderbook_to_parquet_minio.py for tasks to queue
[2026-04-20T01:38:32.630+0000] {logging_mixin.py:188} INFO - [2026-04-20T01:38:32.629+0000] {dagbag.py:545} INFO - Filling up the DagBag from /opt/airflow/dags/orderbook_to_parquet_minio.py
[2026-04-20T01:38:32.659+0000] {processor.py:840} INFO - DAG(s) 'orderbook_backto_minio_parquet' retrieved from /opt/airflow/dags/orderbook_to_parquet_minio.py
[2026-04-20T01:38:32.673+0000] {logging_mixin.py:188} INFO - [2026-04-20T01:38:32.672+0000] {dag.py:3089} INFO - Sync 1 DAGs
[2026-04-20T01:38:32.692+0000] {logging_mixin.py:188} INFO - [2026-04-20T01:38:32.692+0000] {dag.py:3947} INFO - Setting next_dagrun for orderbook_backto_minio_parquet to 2026-04-18 02:00:00+00:00, run_after=2026-04-19 02:00:00+00:00
[2026-04-20T01:38:32.710+0000] {processor.py:183} INFO - Processing /opt/airflow/dags/orderbook_to_parquet_minio.py took 0.092 seconds
[2026-04-20T01:39:03.034+0000] {processor.py:161} INFO - Started process (PID=2059) to work on /opt/airflow/dags/orderbook_to_parquet_minio.py
[2026-04-20T01:39:03.035+0000] {processor.py:830} INFO - Processing file /opt/airflow/dags/orderbook_to_parquet_minio.py for tasks to queue
[2026-04-20T01:39:03.038+0000] {logging_mixin.py:188} INFO - [2026-04-20T01:39:03.037+0000] {dagbag.py:545} INFO - Filling up the DagBag from /opt/airflow/dags/orderbook_to_parquet_minio.py
[2026-04-20T01:39:03.066+0000] {processor.py:840} INFO - DAG(s) 'orderbook_backto_minio_parquet' retrieved from /opt/airflow/dags/orderbook_to_parquet_minio.py
[2026-04-20T01:39:03.080+0000] {logging_mixin.py:188} INFO - [2026-04-20T01:39:03.080+0000] {dag.py:3089} INFO - Sync 1 DAGs
[2026-04-20T01:39:03.100+0000] {logging_mixin.py:188} INFO - [2026-04-20T01:39:03.100+0000] {dag.py:3947} INFO - Setting next_dagrun for orderbook_backto_minio_parquet to 2026-04-18 02:00:00+00:00, run_after=2026-04-19 02:00:00+00:00
[2026-04-20T01:39:03.117+0000] {processor.py:183} INFO - Processing /opt/airflow/dags/orderbook_to_parquet_minio.py took 0.088 seconds
[2026-04-20T01:39:33.827+0000] {processor.py:161} INFO - Started process (PID=2084) to work on /opt/airflow/dags/orderbook_to_parquet_minio.py
[2026-04-20T01:39:33.828+0000] {processor.py:830} INFO - Processing file /opt/airflow/dags/orderbook_to_parquet_minio.py for tasks to queue
[2026-04-20T01:39:33.830+0000] {logging_mixin.py:188} INFO - [2026-04-20T01:39:33.830+0000] {dagbag.py:545} INFO - Filling up the DagBag from /opt/airflow/dags/orderbook_to_parquet_minio.py
[2026-04-20T01:39:33.861+0000] {processor.py:840} INFO - DAG(s) 'orderbook_backto_minio_parquet' retrieved from /opt/airflow/dags/orderbook_to_parquet_minio.py
[2026-04-20T01:39:33.875+0000] {logging_mixin.py:188} INFO - [2026-04-20T01:39:33.875+0000] {dag.py:3089} INFO - Sync 1 DAGs
[2026-04-20T01:39:33.896+0000] {logging_mixin.py:188} INFO - [2026-04-20T01:39:33.895+0000] {dag.py:3947} INFO - Setting next_dagrun for orderbook_backto_minio_parquet to 2026-04-18 02:00:00+00:00, run_after=2026-04-19 02:00:00+00:00
[2026-04-20T01:39:33.913+0000] {processor.py:183} INFO - Processing /opt/airflow/dags/orderbook_to_parquet_minio.py took 0.092 seconds
[2026-04-20T01:40:04.269+0000] {processor.py:161} INFO - Started process (PID=2109) to work on /opt/airflow/dags/orderbook_to_parquet_minio.py
[2026-04-20T01:40:04.270+0000] {processor.py:830} INFO - Processing file /opt/airflow/dags/orderbook_to_parquet_minio.py for tasks to queue
[2026-04-20T01:40:04.272+0000] {logging_mixin.py:188} INFO - [2026-04-20T01:40:04.271+0000] {dagbag.py:545} INFO - Filling up the DagBag from /opt/airflow/dags/orderbook_to_parquet_minio.py
[2026-04-20T01:40:04.300+0000] {processor.py:840} INFO - DAG(s) 'orderbook_backto_minio_parquet' retrieved from /opt/airflow/dags/orderbook_to_parquet_minio.py
[2026-04-20T01:40:04.314+0000] {logging_mixin.py:188} INFO - [2026-04-20T01:40:04.314+0000] {dag.py:3089} INFO - Sync 1 DAGs
[2026-04-20T01:40:04.333+0000] {logging_mixin.py:188} INFO - [2026-04-20T01:40:04.333+0000] {dag.py:3947} INFO - Setting next_dagrun for orderbook_backto_minio_parquet to 2026-04-18 02:00:00+00:00, run_after=2026-04-19 02:00:00+00:00
[2026-04-20T01:40:04.352+0000] {processor.py:183} INFO - Processing /opt/airflow/dags/orderbook_to_parquet_minio.py took 0.088 seconds
[2026-04-20T01:40:34.835+0000] {processor.py:161} INFO - Started process (PID=2135) to work on /opt/airflow/dags/orderbook_to_parquet_minio.py
[2026-04-20T01:40:34.836+0000] {processor.py:830} INFO - Processing file /opt/airflow/dags/orderbook_to_parquet_minio.py for tasks to queue
[2026-04-20T01:40:34.838+0000] {logging_mixin.py:188} INFO - [2026-04-20T01:40:34.838+0000] {dagbag.py:545} INFO - Filling up the DagBag from /opt/airflow/dags/orderbook_to_parquet_minio.py
[2026-04-20T01:40:34.870+0000] {processor.py:840} INFO - DAG(s) 'orderbook_backto_minio_parquet' retrieved from /opt/airflow/dags/orderbook_to_parquet_minio.py
[2026-04-20T01:40:34.885+0000] {logging_mixin.py:188} INFO - [2026-04-20T01:40:34.884+0000] {dag.py:3089} INFO - Sync 1 DAGs
[2026-04-20T01:40:34.906+0000] {logging_mixin.py:188} INFO - [2026-04-20T01:40:34.906+0000] {dag.py:3947} INFO - Setting next_dagrun for orderbook_backto_minio_parquet to 2026-04-18 02:00:00+00:00, run_after=2026-04-19 02:00:00+00:00
[2026-04-20T01:40:34.924+0000] {processor.py:183} INFO - Processing /opt/airflow/dags/orderbook_to_parquet_minio.py took 0.095 seconds
[2026-04-20T01:41:05.387+0000] {processor.py:161} INFO - Started process (PID=2160) to work on /opt/airflow/dags/orderbook_to_parquet_minio.py
[2026-04-20T01:41:05.388+0000] {processor.py:830} INFO - Processing file /opt/airflow/dags/orderbook_to_parquet_minio.py for tasks to queue
[2026-04-20T01:41:05.390+0000] {logging_mixin.py:188} INFO - [2026-04-20T01:41:05.389+0000] {dagbag.py:545} INFO - Filling up the DagBag from /opt/airflow/dags/orderbook_to_parquet_minio.py
[2026-04-20T01:41:05.420+0000] {processor.py:840} INFO - DAG(s) 'orderbook_backto_minio_parquet' retrieved from /opt/airflow/dags/orderbook_to_parquet_minio.py
[2026-04-20T01:41:05.435+0000] {logging_mixin.py:188} INFO - [2026-04-20T01:41:05.435+0000] {dag.py:3089} INFO - Sync 1 DAGs
[2026-04-20T01:41:05.455+0000] {logging_mixin.py:188} INFO - [2026-04-20T01:41:05.454+0000] {dag.py:3947} INFO - Setting next_dagrun for orderbook_backto_minio_parquet to 2026-04-18 02:00:00+00:00, run_after=2026-04-19 02:00:00+00:00
[2026-04-20T01:41:05.474+0000] {processor.py:183} INFO - Processing /opt/airflow/dags/orderbook_to_parquet_minio.py took 0.092 seconds
[2026-04-20T01:41:35.822+0000] {processor.py:161} INFO - Started process (PID=2185) to work on /opt/airflow/dags/orderbook_to_parquet_minio.py
[2026-04-20T01:41:35.823+0000] {processor.py:830} INFO - Processing file /opt/airflow/dags/orderbook_to_parquet_minio.py for tasks to queue
[2026-04-20T01:41:35.826+0000] {logging_mixin.py:188} INFO - [2026-04-20T01:41:35.825+0000] {dagbag.py:545} INFO - Filling up the DagBag from /opt/airflow/dags/orderbook_to_parquet_minio.py
[2026-04-20T01:41:35.854+0000] {processor.py:840} INFO - DAG(s) 'orderbook_backto_minio_parquet' retrieved from /opt/airflow/dags/orderbook_to_parquet_minio.py
[2026-04-20T01:41:35.869+0000] {logging_mixin.py:188} INFO - [2026-04-20T01:41:35.868+0000] {dag.py:3089} INFO - Sync 1 DAGs
[2026-04-20T01:41:35.888+0000] {logging_mixin.py:188} INFO - [2026-04-20T01:41:35.887+0000] {dag.py:3947} INFO - Setting next_dagrun for orderbook_backto_minio_parquet to 2026-04-18 02:00:00+00:00, run_after=2026-04-19 02:00:00+00:00
[2026-04-20T01:41:35.905+0000] {processor.py:183} INFO - Processing /opt/airflow/dags/orderbook_to_parquet_minio.py took 0.088 seconds
[2026-04-20T01:42:06.245+0000] {processor.py:161} INFO - Started process (PID=2210) to work on /opt/airflow/dags/orderbook_to_parquet_minio.py
[2026-04-20T01:42:06.245+0000] {processor.py:830} INFO - Processing file /opt/airflow/dags/orderbook_to_parquet_minio.py for tasks to queue
[2026-04-20T01:42:06.247+0000] {logging_mixin.py:188} INFO - [2026-04-20T01:42:06.247+0000] {dagbag.py:545} INFO - Filling up the DagBag from /opt/airflow/dags/orderbook_to_parquet_minio.py
[2026-04-20T01:42:06.278+0000] {processor.py:840} INFO - DAG(s) 'orderbook_backto_minio_parquet' retrieved from /opt/airflow/dags/orderbook_to_parquet_minio.py
[2026-04-20T01:42:06.292+0000] {logging_mixin.py:188} INFO - [2026-04-20T01:42:06.292+0000] {dag.py:3089} INFO - Sync 1 DAGs
[2026-04-20T01:42:06.312+0000] {logging_mixin.py:188} INFO - [2026-04-20T01:42:06.312+0000] {dag.py:3947} INFO - Setting next_dagrun for orderbook_backto_minio_parquet to 2026-04-18 02:00:00+00:00, run_after=2026-04-19 02:00:00+00:00
[2026-04-20T01:42:06.331+0000] {processor.py:183} INFO - Processing /opt/airflow/dags/orderbook_to_parquet_minio.py took 0.092 seconds
[2026-04-20T01:42:36.724+0000] {processor.py:161} INFO - Started process (PID=2235) to work on /opt/airflow/dags/orderbook_to_parquet_minio.py
[2026-04-20T01:42:36.725+0000] {processor.py:830} INFO - Processing file /opt/airflow/dags/orderbook_to_parquet_minio.py for tasks to queue
[2026-04-20T01:42:36.727+0000] {logging_mixin.py:188} INFO - [2026-04-20T01:42:36.727+0000] {dagbag.py:545} INFO - Filling up the DagBag from /opt/airflow/dags/orderbook_to_parquet_minio.py
[2026-04-20T01:42:36.755+0000] {processor.py:840} INFO - DAG(s) 'orderbook_backto_minio_parquet' retrieved from /opt/airflow/dags/orderbook_to_parquet_minio.py
[2026-04-20T01:42:36.769+0000] {logging_mixin.py:188} INFO - [2026-04-20T01:42:36.769+0000] {dag.py:3089} INFO - Sync 1 DAGs
[2026-04-20T01:42:36.788+0000] {logging_mixin.py:188} INFO - [2026-04-20T01:42:36.788+0000] {dag.py:3947} INFO - Setting next_dagrun for orderbook_backto_minio_parquet to 2026-04-18 02:00:00+00:00, run_after=2026-04-19 02:00:00+00:00
[2026-04-20T01:42:36.806+0000] {processor.py:183} INFO - Processing /opt/airflow/dags/orderbook_to_parquet_minio.py took 0.087 seconds
[2026-04-20T01:43:07.212+0000] {processor.py:161} INFO - Started process (PID=2260) to work on /opt/airflow/dags/orderbook_to_parquet_minio.py
[2026-04-20T01:43:07.213+0000] {processor.py:830} INFO - Processing file /opt/airflow/dags/orderbook_to_parquet_minio.py for tasks to queue
[2026-04-20T01:43:07.215+0000] {logging_mixin.py:188} INFO - [2026-04-20T01:43:07.215+0000] {dagbag.py:545} INFO - Filling up the DagBag from /opt/airflow/dags/orderbook_to_parquet_minio.py
[2026-04-20T01:43:07.244+0000] {processor.py:840} INFO - DAG(s) 'orderbook_backto_minio_parquet' retrieved from /opt/airflow/dags/orderbook_to_parquet_minio.py
[2026-04-20T01:43:07.258+0000] {logging_mixin.py:188} INFO - [2026-04-20T01:43:07.258+0000] {dag.py:3089} INFO - Sync 1 DAGs
[2026-04-20T01:43:07.277+0000] {logging_mixin.py:188} INFO - [2026-04-20T01:43:07.277+0000] {dag.py:3947} INFO - Setting next_dagrun for orderbook_backto_minio_parquet to 2026-04-18 02:00:00+00:00, run_after=2026-04-19 02:00:00+00:00
[2026-04-20T01:43:07.295+0000] {processor.py:183} INFO - Processing /opt/airflow/dags/orderbook_to_parquet_minio.py took 0.088 seconds
[2026-04-20T01:43:37.556+0000] {processor.py:161} INFO - Started process (PID=2285) to work on /opt/airflow/dags/orderbook_to_parquet_minio.py
[2026-04-20T01:43:37.557+0000] {processor.py:830} INFO - Processing file /opt/airflow/dags/orderbook_to_parquet_minio.py for tasks to queue
[2026-04-20T01:43:37.559+0000] {logging_mixin.py:188} INFO - [2026-04-20T01:43:37.559+0000] {dagbag.py:545} INFO - Filling up the DagBag from /opt/airflow/dags/orderbook_to_parquet_minio.py
[2026-04-20T01:43:37.590+0000] {processor.py:840} INFO - DAG(s) 'orderbook_backto_minio_parquet' retrieved from /opt/airflow/dags/orderbook_to_parquet_minio.py
[2026-04-20T01:43:37.603+0000] {logging_mixin.py:188} INFO - [2026-04-20T01:43:37.603+0000] {dag.py:3089} INFO - Sync 1 DAGs
[2026-04-20T01:43:37.624+0000] {logging_mixin.py:188} INFO - [2026-04-20T01:43:37.623+0000] {dag.py:3947} INFO - Setting next_dagrun for orderbook_backto_minio_parquet to 2026-04-18 02:00:00+00:00, run_after=2026-04-19 02:00:00+00:00
[2026-04-20T01:43:37.644+0000] {processor.py:183} INFO - Processing /opt/airflow/dags/orderbook_to_parquet_minio.py took 0.093 seconds
[2026-04-20T01:44:08.078+0000] {processor.py:161} INFO - Started process (PID=2310) to work on /opt/airflow/dags/orderbook_to_parquet_minio.py
[2026-04-20T01:44:08.079+0000] {processor.py:830} INFO - Processing file /opt/airflow/dags/orderbook_to_parquet_minio.py for tasks to queue
[2026-04-20T01:44:08.081+0000] {logging_mixin.py:188} INFO - [2026-04-20T01:44:08.081+0000] {dagbag.py:545} INFO - Filling up the DagBag from /opt/airflow/dags/orderbook_to_parquet_minio.py
[2026-04-20T01:44:08.110+0000] {processor.py:840} INFO - DAG(s) 'orderbook_backto_minio_parquet' retrieved from /opt/airflow/dags/orderbook_to_parquet_minio.py
[2026-04-20T01:44:08.123+0000] {logging_mixin.py:188} INFO - [2026-04-20T01:44:08.123+0000] {dag.py:3089} INFO - Sync 1 DAGs
[2026-04-20T01:44:08.142+0000] {logging_mixin.py:188} INFO - [2026-04-20T01:44:08.142+0000] {dag.py:3947} INFO - Setting next_dagrun for orderbook_backto_minio_parquet to 2026-04-18 02:00:00+00:00, run_after=2026-04-19 02:00:00+00:00
[2026-04-20T01:44:08.161+0000] {processor.py:183} INFO - Processing /opt/airflow/dags/orderbook_to_parquet_minio.py took 0.088 seconds
[2026-04-20T01:44:38.864+0000] {processor.py:161} INFO - Started process (PID=2335) to work on /opt/airflow/dags/orderbook_to_parquet_minio.py
[2026-04-20T01:44:38.865+0000] {processor.py:830} INFO - Processing file /opt/airflow/dags/orderbook_to_parquet_minio.py for tasks to queue
[2026-04-20T01:44:38.867+0000] {logging_mixin.py:188} INFO - [2026-04-20T01:44:38.867+0000] {dagbag.py:545} INFO - Filling up the DagBag from /opt/airflow/dags/orderbook_to_parquet_minio.py
[2026-04-20T01:44:38.897+0000] {processor.py:840} INFO - DAG(s) 'orderbook_backto_minio_parquet' retrieved from /opt/airflow/dags/orderbook_to_parquet_minio.py
[2026-04-20T01:44:38.911+0000] {logging_mixin.py:188} INFO - [2026-04-20T01:44:38.911+0000] {dag.py:3089} INFO - Sync 1 DAGs
[2026-04-20T01:44:38.930+0000] {logging_mixin.py:188} INFO - [2026-04-20T01:44:38.930+0000] {dag.py:3947} INFO - Setting next_dagrun for orderbook_backto_minio_parquet to 2026-04-18 02:00:00+00:00, run_after=2026-04-19 02:00:00+00:00
[2026-04-20T01:44:38.947+0000] {processor.py:183} INFO - Processing /opt/airflow/dags/orderbook_to_parquet_minio.py took 0.088 seconds
[2026-04-20T01:45:09.425+0000] {processor.py:161} INFO - Started process (PID=2360) to work on /opt/airflow/dags/orderbook_to_parquet_minio.py
[2026-04-20T01:45:09.426+0000] {processor.py:830} INFO - Processing file /opt/airflow/dags/orderbook_to_parquet_minio.py for tasks to queue
[2026-04-20T01:45:09.428+0000] {logging_mixin.py:188} INFO - [2026-04-20T01:45:09.428+0000] {dagbag.py:545} INFO - Filling up the DagBag from /opt/airflow/dags/orderbook_to_parquet_minio.py
[2026-04-20T01:45:09.457+0000] {processor.py:840} INFO - DAG(s) 'orderbook_backto_minio_parquet' retrieved from /opt/airflow/dags/orderbook_to_parquet_minio.py
[2026-04-20T01:45:09.471+0000] {logging_mixin.py:188} INFO - [2026-04-20T01:45:09.470+0000] {dag.py:3089} INFO - Sync 1 DAGs
[2026-04-20T01:45:09.489+0000] {logging_mixin.py:188} INFO - [2026-04-20T01:45:09.488+0000] {dag.py:3947} INFO - Setting next_dagrun for orderbook_backto_minio_parquet to 2026-04-18 02:00:00+00:00, run_after=2026-04-19 02:00:00+00:00
[2026-04-20T01:45:09.506+0000] {processor.py:183} INFO - Processing /opt/airflow/dags/orderbook_to_parquet_minio.py took 0.087 seconds
[2026-04-20T01:45:39.817+0000] {processor.py:161} INFO - Started process (PID=2386) to work on /opt/airflow/dags/orderbook_to_parquet_minio.py
[2026-04-20T01:45:39.818+0000] {processor.py:830} INFO - Processing file /opt/airflow/dags/orderbook_to_parquet_minio.py for tasks to queue
[2026-04-20T01:45:39.821+0000] {logging_mixin.py:188} INFO - [2026-04-20T01:45:39.820+0000] {dagbag.py:545} INFO - Filling up the DagBag from /opt/airflow/dags/orderbook_to_parquet_minio.py
[2026-04-20T01:45:39.850+0000] {processor.py:840} INFO - DAG(s) 'orderbook_backto_minio_parquet' retrieved from /opt/airflow/dags/orderbook_to_parquet_minio.py
[2026-04-20T01:45:39.863+0000] {logging_mixin.py:188} INFO - [2026-04-20T01:45:39.863+0000] {dag.py:3089} INFO - Sync 1 DAGs
[2026-04-20T01:45:39.883+0000] {logging_mixin.py:188} INFO - [2026-04-20T01:45:39.883+0000] {dag.py:3947} INFO - Setting next_dagrun for orderbook_backto_minio_parquet to 2026-04-18 02:00:00+00:00, run_after=2026-04-19 02:00:00+00:00
[2026-04-20T01:45:39.900+0000] {processor.py:183} INFO - Processing /opt/airflow/dags/orderbook_to_parquet_minio.py took 0.089 seconds
[2026-04-20T01:46:10.154+0000] {processor.py:161} INFO - Started process (PID=2412) to work on /opt/airflow/dags/orderbook_to_parquet_minio.py
[2026-04-20T01:46:10.155+0000] {processor.py:830} INFO - Processing file /opt/airflow/dags/orderbook_to_parquet_minio.py for tasks to queue
[2026-04-20T01:46:10.158+0000] {logging_mixin.py:188} INFO - [2026-04-20T01:46:10.157+0000] {dagbag.py:545} INFO - Filling up the DagBag from /opt/airflow/dags/orderbook_to_parquet_minio.py
[2026-04-20T01:46:10.187+0000] {processor.py:840} INFO - DAG(s) 'orderbook_backto_minio_parquet' retrieved from /opt/airflow/dags/orderbook_to_parquet_minio.py
[2026-04-20T01:46:10.201+0000] {logging_mixin.py:188} INFO - [2026-04-20T01:46:10.201+0000] {dag.py:3089} INFO - Sync 1 DAGs
[2026-04-20T01:46:10.221+0000] {logging_mixin.py:188} INFO - [2026-04-20T01:46:10.221+0000] {dag.py:3947} INFO - Setting next_dagrun for orderbook_backto_minio_parquet to 2026-04-18 02:00:00+00:00, run_after=2026-04-19 02:00:00+00:00
[2026-04-20T01:46:10.238+0000] {processor.py:183} INFO - Processing /opt/airflow/dags/orderbook_to_parquet_minio.py took 0.090 seconds
[2026-04-20T01:46:40.591+0000] {processor.py:161} INFO - Started process (PID=2437) to work on /opt/airflow/dags/orderbook_to_parquet_minio.py
[2026-04-20T01:46:40.592+0000] {processor.py:830} INFO - Processing file /opt/airflow/dags/orderbook_to_parquet_minio.py for tasks to queue
[2026-04-20T01:46:40.595+0000] {logging_mixin.py:188} INFO - [2026-04-20T01:46:40.594+0000] {dagbag.py:545} INFO - Filling up the DagBag from /opt/airflow/dags/orderbook_to_parquet_minio.py
[2026-04-20T01:46:40.629+0000] {processor.py:840} INFO - DAG(s) 'orderbook_backto_minio_parquet' retrieved from /opt/airflow/dags/orderbook_to_parquet_minio.py
[2026-04-20T01:46:40.643+0000] {logging_mixin.py:188} INFO - [2026-04-20T01:46:40.643+0000] {dag.py:3089} INFO - Sync 1 DAGs
[2026-04-20T01:46:40.666+0000] {logging_mixin.py:188} INFO - [2026-04-20T01:46:40.665+0000] {dag.py:3947} INFO - Setting next_dagrun for orderbook_backto_minio_parquet to 2026-04-18 02:00:00+00:00, run_after=2026-04-19 02:00:00+00:00
[2026-04-20T01:46:40.685+0000] {processor.py:183} INFO - Processing /opt/airflow/dags/orderbook_to_parquet_minio.py took 0.099 seconds
[2026-04-20T01:47:10.966+0000] {processor.py:161} INFO - Started process (PID=2462) to work on /opt/airflow/dags/orderbook_to_parquet_minio.py
[2026-04-20T01:47:10.967+0000] {processor.py:830} INFO - Processing file /opt/airflow/dags/orderbook_to_parquet_minio.py for tasks to queue
[2026-04-20T01:47:10.970+0000] {logging_mixin.py:188} INFO - [2026-04-20T01:47:10.970+0000] {dagbag.py:545} INFO - Filling up the DagBag from /opt/airflow/dags/orderbook_to_parquet_minio.py
[2026-04-20T01:47:11.021+0000] {processor.py:840} INFO - DAG(s) 'orderbook_backto_minio_parquet' retrieved from /opt/airflow/dags/orderbook_to_parquet_minio.py
[2026-04-20T01:47:11.040+0000] {logging_mixin.py:188} INFO - [2026-04-20T01:47:11.040+0000] {dag.py:3089} INFO - Sync 1 DAGs
[2026-04-20T01:47:11.069+0000] {logging_mixin.py:188} INFO - [2026-04-20T01:47:11.069+0000] {dag.py:3947} INFO - Setting next_dagrun for orderbook_backto_minio_parquet to 2026-04-18 02:00:00+00:00, run_after=2026-04-19 02:00:00+00:00
[2026-04-20T01:47:11.091+0000] {processor.py:183} INFO - Processing /opt/airflow/dags/orderbook_to_parquet_minio.py took 0.131 seconds
[2026-04-20T01:47:41.326+0000] {processor.py:161} INFO - Started process (PID=2487) to work on /opt/airflow/dags/orderbook_to_parquet_minio.py
[2026-04-20T01:47:41.327+0000] {processor.py:830} INFO - Processing file /opt/airflow/dags/orderbook_to_parquet_minio.py for tasks to queue
[2026-04-20T01:47:41.329+0000] {logging_mixin.py:188} INFO - [2026-04-20T01:47:41.329+0000] {dagbag.py:545} INFO - Filling up the DagBag from /opt/airflow/dags/orderbook_to_parquet_minio.py
[2026-04-20T01:47:41.358+0000] {processor.py:840} INFO - DAG(s) 'orderbook_backto_minio_parquet' retrieved from /opt/airflow/dags/orderbook_to_parquet_minio.py
[2026-04-20T01:47:41.372+0000] {logging_mixin.py:188} INFO - [2026-04-20T01:47:41.371+0000] {dag.py:3089} INFO - Sync 1 DAGs
[2026-04-20T01:47:41.391+0000] {logging_mixin.py:188} INFO - [2026-04-20T01:47:41.390+0000] {dag.py:3947} INFO - Setting next_dagrun for orderbook_backto_minio_parquet to 2026-04-18 02:00:00+00:00, run_after=2026-04-19 02:00:00+00:00
[2026-04-20T01:47:41.410+0000] {processor.py:183} INFO - Processing /opt/airflow/dags/orderbook_to_parquet_minio.py took 0.089 seconds
[2026-04-20T01:48:11.743+0000] {processor.py:161} INFO - Started process (PID=2512) to work on /opt/airflow/dags/orderbook_to_parquet_minio.py
[2026-04-20T01:48:11.744+0000] {processor.py:830} INFO - Processing file /opt/airflow/dags/orderbook_to_parquet_minio.py for tasks to queue
[2026-04-20T01:48:11.746+0000] {logging_mixin.py:188} INFO - [2026-04-20T01:48:11.746+0000] {dagbag.py:545} INFO - Filling up the DagBag from /opt/airflow/dags/orderbook_to_parquet_minio.py
[2026-04-20T01:48:11.774+0000] {processor.py:840} INFO - DAG(s) 'orderbook_backto_minio_parquet' retrieved from /opt/airflow/dags/orderbook_to_parquet_minio.py
[2026-04-20T01:48:11.789+0000] {logging_mixin.py:188} INFO - [2026-04-20T01:48:11.788+0000] {dag.py:3089} INFO - Sync 1 DAGs
[2026-04-20T01:48:11.807+0000] {logging_mixin.py:188} INFO - [2026-04-20T01:48:11.807+0000] {dag.py:3947} INFO - Setting next_dagrun for orderbook_backto_minio_parquet to 2026-04-18 02:00:00+00:00, run_after=2026-04-19 02:00:00+00:00
[2026-04-20T01:48:11.826+0000] {processor.py:183} INFO - Processing /opt/airflow/dags/orderbook_to_parquet_minio.py took 0.088 seconds
[2026-04-20T01:48:42.170+0000] {processor.py:161} INFO - Started process (PID=2537) to work on /opt/airflow/dags/orderbook_to_parquet_minio.py
[2026-04-20T01:48:42.171+0000] {processor.py:830} INFO - Processing file /opt/airflow/dags/orderbook_to_parquet_minio.py for tasks to queue
[2026-04-20T01:48:42.173+0000] {logging_mixin.py:188} INFO - [2026-04-20T01:48:42.173+0000] {dagbag.py:545} INFO - Filling up the DagBag from /opt/airflow/dags/orderbook_to_parquet_minio.py
[2026-04-20T01:48:42.203+0000] {processor.py:840} INFO - DAG(s) 'orderbook_backto_minio_parquet' retrieved from /opt/airflow/dags/orderbook_to_parquet_minio.py
[2026-04-20T01:48:42.216+0000] {logging_mixin.py:188} INFO - [2026-04-20T01:48:42.216+0000] {dag.py:3089} INFO - Sync 1 DAGs
[2026-04-20T01:48:42.236+0000] {logging_mixin.py:188} INFO - [2026-04-20T01:48:42.236+0000] {dag.py:3947} INFO - Setting next_dagrun for orderbook_backto_minio_parquet to 2026-04-18 02:00:00+00:00, run_after=2026-04-19 02:00:00+00:00
[2026-04-20T01:48:42.254+0000] {processor.py:183} INFO - Processing /opt/airflow/dags/orderbook_to_parquet_minio.py took 0.090 seconds
[2026-04-20T01:49:12.629+0000] {processor.py:161} INFO - Started process (PID=2562) to work on /opt/airflow/dags/orderbook_to_parquet_minio.py
[2026-04-20T01:49:12.630+0000] {processor.py:830} INFO - Processing file /opt/airflow/dags/orderbook_to_parquet_minio.py for tasks to queue
[2026-04-20T01:49:12.633+0000] {logging_mixin.py:188} INFO - [2026-04-20T01:49:12.632+0000] {dagbag.py:545} INFO - Filling up the DagBag from /opt/airflow/dags/orderbook_to_parquet_minio.py
[2026-04-20T01:49:12.664+0000] {processor.py:840} INFO - DAG(s) 'orderbook_backto_minio_parquet' retrieved from /opt/airflow/dags/orderbook_to_parquet_minio.py
[2026-04-20T01:49:12.678+0000] {logging_mixin.py:188} INFO - [2026-04-20T01:49:12.678+0000] {dag.py:3089} INFO - Sync 1 DAGs
[2026-04-20T01:49:12.698+0000] {logging_mixin.py:188} INFO - [2026-04-20T01:49:12.698+0000] {dag.py:3947} INFO - Setting next_dagrun for orderbook_backto_minio_parquet to 2026-04-18 02:00:00+00:00, run_after=2026-04-19 02:00:00+00:00
[2026-04-20T01:49:12.719+0000] {processor.py:183} INFO - Processing /opt/airflow/dags/orderbook_to_parquet_minio.py took 0.096 seconds
[2026-04-20T01:49:43.330+0000] {processor.py:161} INFO - Started process (PID=2587) to work on /opt/airflow/dags/orderbook_to_parquet_minio.py
[2026-04-20T01:49:43.331+0000] {processor.py:830} INFO - Processing file /opt/airflow/dags/orderbook_to_parquet_minio.py for tasks to queue
[2026-04-20T01:49:43.334+0000] {logging_mixin.py:188} INFO - [2026-04-20T01:49:43.333+0000] {dagbag.py:545} INFO - Filling up the DagBag from /opt/airflow/dags/orderbook_to_parquet_minio.py
[2026-04-20T01:49:43.362+0000] {processor.py:840} INFO - DAG(s) 'orderbook_backto_minio_parquet' retrieved from /opt/airflow/dags/orderbook_to_parquet_minio.py
[2026-04-20T01:49:43.377+0000] {logging_mixin.py:188} INFO - [2026-04-20T01:49:43.376+0000] {dag.py:3089} INFO - Sync 1 DAGs
[2026-04-20T01:49:43.401+0000] {logging_mixin.py:188} INFO - [2026-04-20T01:49:43.400+0000] {dag.py:3947} INFO - Setting next_dagrun for orderbook_backto_minio_parquet to 2026-04-18 02:00:00+00:00, run_after=2026-04-19 02:00:00+00:00
[2026-04-20T01:49:43.420+0000] {processor.py:183} INFO - Processing /opt/airflow/dags/orderbook_to_parquet_minio.py took 0.095 seconds
[2026-04-20T01:50:13.794+0000] {processor.py:161} INFO - Started process (PID=2612) to work on /opt/airflow/dags/orderbook_to_parquet_minio.py
[2026-04-20T01:50:13.795+0000] {processor.py:830} INFO - Processing file /opt/airflow/dags/orderbook_to_parquet_minio.py for tasks to queue
[2026-04-20T01:50:13.797+0000] {logging_mixin.py:188} INFO - [2026-04-20T01:50:13.796+0000] {dagbag.py:545} INFO - Filling up the DagBag from /opt/airflow/dags/orderbook_to_parquet_minio.py
[2026-04-20T01:50:13.825+0000] {processor.py:840} INFO - DAG(s) 'orderbook_backto_minio_parquet' retrieved from /opt/airflow/dags/orderbook_to_parquet_minio.py
[2026-04-20T01:50:13.838+0000] {logging_mixin.py:188} INFO - [2026-04-20T01:50:13.838+0000] {dag.py:3089} INFO - Sync 1 DAGs
[2026-04-20T01:50:13.856+0000] {logging_mixin.py:188} INFO - [2026-04-20T01:50:13.856+0000] {dag.py:3947} INFO - Setting next_dagrun for orderbook_backto_minio_parquet to 2026-04-18 02:00:00+00:00, run_after=2026-04-19 02:00:00+00:00
[2026-04-20T01:50:13.876+0000] {processor.py:183} INFO - Processing /opt/airflow/dags/orderbook_to_parquet_minio.py took 0.087 seconds
[2026-04-20T01:50:44.365+0000] {processor.py:161} INFO - Started process (PID=2637) to work on /opt/airflow/dags/orderbook_to_parquet_minio.py
[2026-04-20T01:50:44.366+0000] {processor.py:830} INFO - Processing file /opt/airflow/dags/orderbook_to_parquet_minio.py for tasks to queue
[2026-04-20T01:50:44.368+0000] {logging_mixin.py:188} INFO - [2026-04-20T01:50:44.368+0000] {dagbag.py:545} INFO - Filling up the DagBag from /opt/airflow/dags/orderbook_to_parquet_minio.py
[2026-04-20T01:50:44.397+0000] {processor.py:840} INFO - DAG(s) 'orderbook_backto_minio_parquet' retrieved from /opt/airflow/dags/orderbook_to_parquet_minio.py
[2026-04-20T01:50:44.412+0000] {logging_mixin.py:188} INFO - [2026-04-20T01:50:44.411+0000] {dag.py:3089} INFO - Sync 1 DAGs
[2026-04-20T01:50:44.431+0000] {logging_mixin.py:188} INFO - [2026-04-20T01:50:44.431+0000] {dag.py:3947} INFO - Setting next_dagrun for orderbook_backto_minio_parquet to 2026-04-18 02:00:00+00:00, run_after=2026-04-19 02:00:00+00:00
[2026-04-20T01:50:44.450+0000] {processor.py:183} INFO - Processing /opt/airflow/dags/orderbook_to_parquet_minio.py took 0.090 seconds
[2026-04-20T01:51:15.007+0000] {processor.py:161} INFO - Started process (PID=2662) to work on /opt/airflow/dags/orderbook_to_parquet_minio.py
[2026-04-20T01:51:15.008+0000] {processor.py:830} INFO - Processing file /opt/airflow/dags/orderbook_to_parquet_minio.py for tasks to queue
[2026-04-20T01:51:15.010+0000] {logging_mixin.py:188} INFO - [2026-04-20T01:51:15.010+0000] {dagbag.py:545} INFO - Filling up the DagBag from /opt/airflow/dags/orderbook_to_parquet_minio.py
[2026-04-20T01:51:15.043+0000] {processor.py:840} INFO - DAG(s) 'orderbook_backto_minio_parquet' retrieved from /opt/airflow/dags/orderbook_to_parquet_minio.py
[2026-04-20T01:51:15.057+0000] {logging_mixin.py:188} INFO - [2026-04-20T01:51:15.057+0000] {dag.py:3089} INFO - Sync 1 DAGs
[2026-04-20T01:51:15.079+0000] {logging_mixin.py:188} INFO - [2026-04-20T01:51:15.079+0000] {dag.py:3947} INFO - Setting next_dagrun for orderbook_backto_minio_parquet to 2026-04-18 02:00:00+00:00, run_after=2026-04-19 02:00:00+00:00
[2026-04-20T01:51:15.098+0000] {processor.py:183} INFO - Processing /opt/airflow/dags/orderbook_to_parquet_minio.py took 0.097 seconds
[2026-04-20T01:51:45.381+0000] {processor.py:161} INFO - Started process (PID=2687) to work on /opt/airflow/dags/orderbook_to_parquet_minio.py
[2026-04-20T01:51:45.382+0000] {processor.py:830} INFO - Processing file /opt/airflow/dags/orderbook_to_parquet_minio.py for tasks to queue
[2026-04-20T01:51:45.384+0000] {logging_mixin.py:188} INFO - [2026-04-20T01:51:45.384+0000] {dagbag.py:545} INFO - Filling up the DagBag from /opt/airflow/dags/orderbook_to_parquet_minio.py
[2026-04-20T01:51:45.417+0000] {processor.py:840} INFO - DAG(s) 'orderbook_backto_minio_parquet' retrieved from /opt/airflow/dags/orderbook_to_parquet_minio.py
[2026-04-20T01:51:45.431+0000] {logging_mixin.py:188} INFO - [2026-04-20T01:51:45.431+0000] {dag.py:3089} INFO - Sync 1 DAGs
[2026-04-20T01:51:45.451+0000] {logging_mixin.py:188} INFO - [2026-04-20T01:51:45.451+0000] {dag.py:3947} INFO - Setting next_dagrun for orderbook_backto_minio_parquet to 2026-04-18 02:00:00+00:00, run_after=2026-04-19 02:00:00+00:00
[2026-04-20T01:51:45.473+0000] {processor.py:183} INFO - Processing /opt/airflow/dags/orderbook_to_parquet_minio.py took 0.098 seconds
[2026-04-20T01:52:16.013+0000] {processor.py:161} INFO - Started process (PID=2712) to work on /opt/airflow/dags/orderbook_to_parquet_minio.py
[2026-04-20T01:52:16.014+0000] {processor.py:830} INFO - Processing file /opt/airflow/dags/orderbook_to_parquet_minio.py for tasks to queue
[2026-04-20T01:52:16.016+0000] {logging_mixin.py:188} INFO - [2026-04-20T01:52:16.016+0000] {dagbag.py:545} INFO - Filling up the DagBag from /opt/airflow/dags/orderbook_to_parquet_minio.py
[2026-04-20T01:52:16.050+0000] {processor.py:840} INFO - DAG(s) 'orderbook_backto_minio_parquet' retrieved from /opt/airflow/dags/orderbook_to_parquet_minio.py
[2026-04-20T01:52:16.065+0000] {logging_mixin.py:188} INFO - [2026-04-20T01:52:16.065+0000] {dag.py:3089} INFO - Sync 1 DAGs
[2026-04-20T01:52:16.088+0000] {logging_mixin.py:188} INFO - [2026-04-20T01:52:16.088+0000] {dag.py:3947} INFO - Setting next_dagrun for orderbook_backto_minio_parquet to 2026-04-18 02:00:00+00:00, run_after=2026-04-19 02:00:00+00:00
[2026-04-20T01:52:16.107+0000] {processor.py:183} INFO - Processing /opt/airflow/dags/orderbook_to_parquet_minio.py took 0.099 seconds
[2026-04-20T01:52:46.600+0000] {processor.py:161} INFO - Started process (PID=2737) to work on /opt/airflow/dags/orderbook_to_parquet_minio.py
[2026-04-20T01:52:46.601+0000] {processor.py:830} INFO - Processing file /opt/airflow/dags/orderbook_to_parquet_minio.py for tasks to queue
[2026-04-20T01:52:46.603+0000] {logging_mixin.py:188} INFO - [2026-04-20T01:52:46.603+0000] {dagbag.py:545} INFO - Filling up the DagBag from /opt/airflow/dags/orderbook_to_parquet_minio.py
[2026-04-20T01:52:46.632+0000] {processor.py:840} INFO - DAG(s) 'orderbook_backto_minio_parquet' retrieved from /opt/airflow/dags/orderbook_to_parquet_minio.py
[2026-04-20T01:52:46.646+0000] {logging_mixin.py:188} INFO - [2026-04-20T01:52:46.646+0000] {dag.py:3089} INFO - Sync 1 DAGs
[2026-04-20T01:52:46.667+0000] {logging_mixin.py:188} INFO - [2026-04-20T01:52:46.666+0000] {dag.py:3947} INFO - Setting next_dagrun for orderbook_backto_minio_parquet to 2026-04-18 02:00:00+00:00, run_after=2026-04-19 02:00:00+00:00
[2026-04-20T01:52:46.686+0000] {processor.py:183} INFO - Processing /opt/airflow/dags/orderbook_to_parquet_minio.py took 0.092 seconds
[2026-04-20T01:53:17.228+0000] {processor.py:161} INFO - Started process (PID=2762) to work on /opt/airflow/dags/orderbook_to_parquet_minio.py
[2026-04-20T01:53:17.228+0000] {processor.py:830} INFO - Processing file /opt/airflow/dags/orderbook_to_parquet_minio.py for tasks to queue
[2026-04-20T01:53:17.231+0000] {logging_mixin.py:188} INFO - [2026-04-20T01:53:17.230+0000] {dagbag.py:545} INFO - Filling up the DagBag from /opt/airflow/dags/orderbook_to_parquet_minio.py
[2026-04-20T01:53:17.260+0000] {processor.py:840} INFO - DAG(s) 'orderbook_backto_minio_parquet' retrieved from /opt/airflow/dags/orderbook_to_parquet_minio.py
[2026-04-20T01:53:17.275+0000] {logging_mixin.py:188} INFO - [2026-04-20T01:53:17.274+0000] {dag.py:3089} INFO - Sync 1 DAGs
[2026-04-20T01:53:17.295+0000] {logging_mixin.py:188} INFO - [2026-04-20T01:53:17.295+0000] {dag.py:3947} INFO - Setting next_dagrun for orderbook_backto_minio_parquet to 2026-04-18 02:00:00+00:00, run_after=2026-04-19 02:00:00+00:00
[2026-04-20T01:53:17.317+0000] {processor.py:183} INFO - Processing /opt/airflow/dags/orderbook_to_parquet_minio.py took 0.095 seconds
[2026-04-20T01:53:47.676+0000] {processor.py:161} INFO - Started process (PID=2787) to work on /opt/airflow/dags/orderbook_to_parquet_minio.py
[2026-04-20T01:53:47.677+0000] {processor.py:830} INFO - Processing file /opt/airflow/dags/orderbook_to_parquet_minio.py for tasks to queue
[2026-04-20T01:53:47.679+0000] {logging_mixin.py:188} INFO - [2026-04-20T01:53:47.679+0000] {dagbag.py:545} INFO - Filling up the DagBag from /opt/airflow/dags/orderbook_to_parquet_minio.py
[2026-04-20T01:53:47.707+0000] {processor.py:840} INFO - DAG(s) 'orderbook_backto_minio_parquet' retrieved from /opt/airflow/dags/orderbook_to_parquet_minio.py
[2026-04-20T01:53:47.721+0000] {logging_mixin.py:188} INFO - [2026-04-20T01:53:47.721+0000] {dag.py:3089} INFO - Sync 1 DAGs
[2026-04-20T01:53:47.741+0000] {logging_mixin.py:188} INFO - [2026-04-20T01:53:47.741+0000] {dag.py:3947} INFO - Setting next_dagrun for orderbook_backto_minio_parquet to 2026-04-18 02:00:00+00:00, run_after=2026-04-19 02:00:00+00:00
[2026-04-20T01:53:47.758+0000] {processor.py:183} INFO - Processing /opt/airflow/dags/orderbook_to_parquet_minio.py took 0.088 seconds
[2026-04-20T01:54:18.212+0000] {processor.py:161} INFO - Started process (PID=2812) to work on /opt/airflow/dags/orderbook_to_parquet_minio.py
[2026-04-20T01:54:18.213+0000] {processor.py:830} INFO - Processing file /opt/airflow/dags/orderbook_to_parquet_minio.py for tasks to queue
[2026-04-20T01:54:18.215+0000] {logging_mixin.py:188} INFO - [2026-04-20T01:54:18.215+0000] {dagbag.py:545} INFO - Filling up the DagBag from /opt/airflow/dags/orderbook_to_parquet_minio.py
[2026-04-20T01:54:18.251+0000] {processor.py:840} INFO - DAG(s) 'orderbook_backto_minio_parquet' retrieved from /opt/airflow/dags/orderbook_to_parquet_minio.py
[2026-04-20T01:54:18.268+0000] {logging_mixin.py:188} INFO - [2026-04-20T01:54:18.268+0000] {dag.py:3089} INFO - Sync 1 DAGs
[2026-04-20T01:54:18.297+0000] {logging_mixin.py:188} INFO - [2026-04-20T01:54:18.297+0000] {dag.py:3947} INFO - Setting next_dagrun for orderbook_backto_minio_parquet to 2026-04-18 02:00:00+00:00, run_after=2026-04-19 02:00:00+00:00
[2026-04-20T01:54:18.322+0000] {processor.py:183} INFO - Processing /opt/airflow/dags/orderbook_to_parquet_minio.py took 0.115 seconds
[2026-04-20T01:54:49.072+0000] {processor.py:161} INFO - Started process (PID=2837) to work on /opt/airflow/dags/orderbook_to_parquet_minio.py
[2026-04-20T01:54:49.073+0000] {processor.py:830} INFO - Processing file /opt/airflow/dags/orderbook_to_parquet_minio.py for tasks to queue
[2026-04-20T01:54:49.075+0000] {logging_mixin.py:188} INFO - [2026-04-20T01:54:49.075+0000] {dagbag.py:545} INFO - Filling up the DagBag from /opt/airflow/dags/orderbook_to_parquet_minio.py
[2026-04-20T01:54:49.107+0000] {processor.py:840} INFO - DAG(s) 'orderbook_backto_minio_parquet' retrieved from /opt/airflow/dags/orderbook_to_parquet_minio.py
[2026-04-20T01:54:49.125+0000] {logging_mixin.py:188} INFO - [2026-04-20T01:54:49.124+0000] {dag.py:3089} INFO - Sync 1 DAGs
[2026-04-20T01:54:49.145+0000] {logging_mixin.py:188} INFO - [2026-04-20T01:54:49.145+0000] {dag.py:3947} INFO - Setting next_dagrun for orderbook_backto_minio_parquet to 2026-04-18 02:00:00+00:00, run_after=2026-04-19 02:00:00+00:00
[2026-04-20T01:54:49.165+0000] {processor.py:183} INFO - Processing /opt/airflow/dags/orderbook_to_parquet_minio.py took 0.098 seconds
[2026-04-20T01:55:19.557+0000] {processor.py:161} INFO - Started process (PID=2863) to work on /opt/airflow/dags/orderbook_to_parquet_minio.py
[2026-04-20T01:55:19.558+0000] {processor.py:830} INFO - Processing file /opt/airflow/dags/orderbook_to_parquet_minio.py for tasks to queue
[2026-04-20T01:55:19.560+0000] {logging_mixin.py:188} INFO - [2026-04-20T01:55:19.560+0000] {dagbag.py:545} INFO - Filling up the DagBag from /opt/airflow/dags/orderbook_to_parquet_minio.py
[2026-04-20T01:55:19.589+0000] {processor.py:840} INFO - DAG(s) 'orderbook_backto_minio_parquet' retrieved from /opt/airflow/dags/orderbook_to_parquet_minio.py
[2026-04-20T01:55:19.604+0000] {logging_mixin.py:188} INFO - [2026-04-20T01:55:19.604+0000] {dag.py:3089} INFO - Sync 1 DAGs
[2026-04-20T01:55:19.624+0000] {logging_mixin.py:188} INFO - [2026-04-20T01:55:19.624+0000] {dag.py:3947} INFO - Setting next_dagrun for orderbook_backto_minio_parquet to 2026-04-18 02:00:00+00:00, run_after=2026-04-19 02:00:00+00:00
[2026-04-20T01:55:19.642+0000] {processor.py:183} INFO - Processing /opt/airflow/dags/orderbook_to_parquet_minio.py took 0.091 seconds
[2026-04-20T01:55:50.024+0000] {processor.py:161} INFO - Started process (PID=2888) to work on /opt/airflow/dags/orderbook_to_parquet_minio.py
[2026-04-20T01:55:50.025+0000] {processor.py:830} INFO - Processing file /opt/airflow/dags/orderbook_to_parquet_minio.py for tasks to queue
[2026-04-20T01:55:50.028+0000] {logging_mixin.py:188} INFO - [2026-04-20T01:55:50.027+0000] {dagbag.py:545} INFO - Filling up the DagBag from /opt/airflow/dags/orderbook_to_parquet_minio.py
[2026-04-20T01:55:50.064+0000] {processor.py:840} INFO - DAG(s) 'orderbook_backto_minio_parquet' retrieved from /opt/airflow/dags/orderbook_to_parquet_minio.py
[2026-04-20T01:55:50.080+0000] {logging_mixin.py:188} INFO - [2026-04-20T01:55:50.080+0000] {dag.py:3089} INFO - Sync 1 DAGs
[2026-04-20T01:55:50.102+0000] {logging_mixin.py:188} INFO - [2026-04-20T01:55:50.102+0000] {dag.py:3947} INFO - Setting next_dagrun for orderbook_backto_minio_parquet to 2026-04-18 02:00:00+00:00, run_after=2026-04-19 02:00:00+00:00
[2026-04-20T01:55:50.123+0000] {processor.py:183} INFO - Processing /opt/airflow/dags/orderbook_to_parquet_minio.py took 0.106 seconds
[2026-04-20T01:56:20.586+0000] {processor.py:161} INFO - Started process (PID=2913) to work on /opt/airflow/dags/orderbook_to_parquet_minio.py
[2026-04-20T01:56:20.587+0000] {processor.py:830} INFO - Processing file /opt/airflow/dags/orderbook_to_parquet_minio.py for tasks to queue
[2026-04-20T01:56:20.589+0000] {logging_mixin.py:188} INFO - [2026-04-20T01:56:20.588+0000] {dagbag.py:545} INFO - Filling up the DagBag from /opt/airflow/dags/orderbook_to_parquet_minio.py
[2026-04-20T01:56:20.618+0000] {processor.py:840} INFO - DAG(s) 'orderbook_backto_minio_parquet' retrieved from /opt/airflow/dags/orderbook_to_parquet_minio.py
[2026-04-20T01:56:20.632+0000] {logging_mixin.py:188} INFO - [2026-04-20T01:56:20.632+0000] {dag.py:3089} INFO - Sync 1 DAGs
[2026-04-20T01:56:20.651+0000] {logging_mixin.py:188} INFO - [2026-04-20T01:56:20.651+0000] {dag.py:3947} INFO - Setting next_dagrun for orderbook_backto_minio_parquet to 2026-04-18 02:00:00+00:00, run_after=2026-04-19 02:00:00+00:00
[2026-04-20T01:56:20.668+0000] {processor.py:183} INFO - Processing /opt/airflow/dags/orderbook_to_parquet_minio.py took 0.088 seconds
[2026-04-20T01:56:50.890+0000] {processor.py:161} INFO - Started process (PID=2938) to work on /opt/airflow/dags/orderbook_to_parquet_minio.py
[2026-04-20T01:56:50.891+0000] {processor.py:830} INFO - Processing file /opt/airflow/dags/orderbook_to_parquet_minio.py for tasks to queue
[2026-04-20T01:56:50.893+0000] {logging_mixin.py:188} INFO - [2026-04-20T01:56:50.893+0000] {dagbag.py:545} INFO - Filling up the DagBag from /opt/airflow/dags/orderbook_to_parquet_minio.py
[2026-04-20T01:56:50.926+0000] {processor.py:840} INFO - DAG(s) 'orderbook_backto_minio_parquet' retrieved from /opt/airflow/dags/orderbook_to_parquet_minio.py
[2026-04-20T01:56:50.942+0000] {logging_mixin.py:188} INFO - [2026-04-20T01:56:50.942+0000] {dag.py:3089} INFO - Sync 1 DAGs
[2026-04-20T01:56:50.963+0000] {logging_mixin.py:188} INFO - [2026-04-20T01:56:50.963+0000] {dag.py:3947} INFO - Setting next_dagrun for orderbook_backto_minio_parquet to 2026-04-18 02:00:00+00:00, run_after=2026-04-19 02:00:00+00:00
[2026-04-20T01:56:50.981+0000] {processor.py:183} INFO - Processing /opt/airflow/dags/orderbook_to_parquet_minio.py took 0.097 seconds
[2026-04-20T01:57:21.378+0000] {processor.py:161} INFO - Started process (PID=2963) to work on /opt/airflow/dags/orderbook_to_parquet_minio.py
[2026-04-20T01:57:21.379+0000] {processor.py:830} INFO - Processing file /opt/airflow/dags/orderbook_to_parquet_minio.py for tasks to queue
[2026-04-20T01:57:21.381+0000] {logging_mixin.py:188} INFO - [2026-04-20T01:57:21.381+0000] {dagbag.py:545} INFO - Filling up the DagBag from /opt/airflow/dags/orderbook_to_parquet_minio.py
[2026-04-20T01:57:21.411+0000] {processor.py:840} INFO - DAG(s) 'orderbook_backto_minio_parquet' retrieved from /opt/airflow/dags/orderbook_to_parquet_minio.py
[2026-04-20T01:57:21.425+0000] {logging_mixin.py:188} INFO - [2026-04-20T01:57:21.425+0000] {dag.py:3089} INFO - Sync 1 DAGs
[2026-04-20T01:57:21.444+0000] {logging_mixin.py:188} INFO - [2026-04-20T01:57:21.444+0000] {dag.py:3947} INFO - Setting next_dagrun for orderbook_backto_minio_parquet to 2026-04-18 02:00:00+00:00, run_after=2026-04-19 02:00:00+00:00
[2026-04-20T01:57:21.461+0000] {processor.py:183} INFO - Processing /opt/airflow/dags/orderbook_to_parquet_minio.py took 0.089 seconds
[2026-04-20T01:57:51.836+0000] {processor.py:161} INFO - Started process (PID=2988) to work on /opt/airflow/dags/orderbook_to_parquet_minio.py
[2026-04-20T01:57:51.837+0000] {processor.py:830} INFO - Processing file /opt/airflow/dags/orderbook_to_parquet_minio.py for tasks to queue
[2026-04-20T01:57:51.840+0000] {logging_mixin.py:188} INFO - [2026-04-20T01:57:51.840+0000] {dagbag.py:545} INFO - Filling up the DagBag from /opt/airflow/dags/orderbook_to_parquet_minio.py
[2026-04-20T01:57:51.873+0000] {processor.py:840} INFO - DAG(s) 'orderbook_backto_minio_parquet' retrieved from /opt/airflow/dags/orderbook_to_parquet_minio.py
[2026-04-20T01:57:51.888+0000] {logging_mixin.py:188} INFO - [2026-04-20T01:57:51.888+0000] {dag.py:3089} INFO - Sync 1 DAGs
[2026-04-20T01:57:51.908+0000] {logging_mixin.py:188} INFO - [2026-04-20T01:57:51.908+0000] {dag.py:3947} INFO - Setting next_dagrun for orderbook_backto_minio_parquet to 2026-04-18 02:00:00+00:00, run_after=2026-04-19 02:00:00+00:00
[2026-04-20T01:57:51.925+0000] {processor.py:183} INFO - Processing /opt/airflow/dags/orderbook_to_parquet_minio.py took 0.095 seconds
[2026-04-20T01:58:22.224+0000] {processor.py:161} INFO - Started process (PID=3013) to work on /opt/airflow/dags/orderbook_to_parquet_minio.py
[2026-04-20T01:58:22.225+0000] {processor.py:830} INFO - Processing file /opt/airflow/dags/orderbook_to_parquet_minio.py for tasks to queue
[2026-04-20T01:58:22.228+0000] {logging_mixin.py:188} INFO - [2026-04-20T01:58:22.228+0000] {dagbag.py:545} INFO - Filling up the DagBag from /opt/airflow/dags/orderbook_to_parquet_minio.py
[2026-04-20T01:58:22.258+0000] {processor.py:840} INFO - DAG(s) 'orderbook_backto_minio_parquet' retrieved from /opt/airflow/dags/orderbook_to_parquet_minio.py
[2026-04-20T01:58:22.272+0000] {logging_mixin.py:188} INFO - [2026-04-20T01:58:22.272+0000] {dag.py:3089} INFO - Sync 1 DAGs
[2026-04-20T01:58:22.292+0000] {logging_mixin.py:188} INFO - [2026-04-20T01:58:22.292+0000] {dag.py:3947} INFO - Setting next_dagrun for orderbook_backto_minio_parquet to 2026-04-18 02:00:00+00:00, run_after=2026-04-19 02:00:00+00:00
[2026-04-20T01:58:22.311+0000] {processor.py:183} INFO - Processing /opt/airflow/dags/orderbook_to_parquet_minio.py took 0.093 seconds
[2026-04-20T01:58:52.678+0000] {processor.py:161} INFO - Started process (PID=3038) to work on /opt/airflow/dags/orderbook_to_parquet_minio.py
[2026-04-20T01:58:52.679+0000] {processor.py:830} INFO - Processing file /opt/airflow/dags/orderbook_to_parquet_minio.py for tasks to queue
[2026-04-20T01:58:52.681+0000] {logging_mixin.py:188} INFO - [2026-04-20T01:58:52.680+0000] {dagbag.py:545} INFO - Filling up the DagBag from /opt/airflow/dags/orderbook_to_parquet_minio.py
[2026-04-20T01:58:52.711+0000] {processor.py:840} INFO - DAG(s) 'orderbook_backto_minio_parquet' retrieved from /opt/airflow/dags/orderbook_to_parquet_minio.py
[2026-04-20T01:58:52.725+0000] {logging_mixin.py:188} INFO - [2026-04-20T01:58:52.724+0000] {dag.py:3089} INFO - Sync 1 DAGs
[2026-04-20T01:58:52.744+0000] {logging_mixin.py:188} INFO - [2026-04-20T01:58:52.744+0000] {dag.py:3947} INFO - Setting next_dagrun for orderbook_backto_minio_parquet to 2026-04-18 02:00:00+00:00, run_after=2026-04-19 02:00:00+00:00
[2026-04-20T01:58:52.762+0000] {processor.py:183} INFO - Processing /opt/airflow/dags/orderbook_to_parquet_minio.py took 0.090 seconds
[2026-04-20T01:59:23.124+0000] {processor.py:161} INFO - Started process (PID=3063) to work on /opt/airflow/dags/orderbook_to_parquet_minio.py
[2026-04-20T01:59:23.125+0000] {processor.py:830} INFO - Processing file /opt/airflow/dags/orderbook_to_parquet_minio.py for tasks to queue
[2026-04-20T01:59:23.127+0000] {logging_mixin.py:188} INFO - [2026-04-20T01:59:23.127+0000] {dagbag.py:545} INFO - Filling up the DagBag from /opt/airflow/dags/orderbook_to_parquet_minio.py
[2026-04-20T01:59:23.156+0000] {processor.py:840} INFO - DAG(s) 'orderbook_backto_minio_parquet' retrieved from /opt/airflow/dags/orderbook_to_parquet_minio.py
[2026-04-20T01:59:23.171+0000] {logging_mixin.py:188} INFO - [2026-04-20T01:59:23.171+0000] {dag.py:3089} INFO - Sync 1 DAGs
[2026-04-20T01:59:23.191+0000] {logging_mixin.py:188} INFO - [2026-04-20T01:59:23.191+0000] {dag.py:3947} INFO - Setting next_dagrun for orderbook_backto_minio_parquet to 2026-04-18 02:00:00+00:00, run_after=2026-04-19 02:00:00+00:00
[2026-04-20T01:59:23.207+0000] {processor.py:183} INFO - Processing /opt/airflow/dags/orderbook_to_parquet_minio.py took 0.088 seconds
[2026-04-20T01:59:53.922+0000] {processor.py:161} INFO - Started process (PID=3088) to work on /opt/airflow/dags/orderbook_to_parquet_minio.py
[2026-04-20T01:59:53.923+0000] {processor.py:830} INFO - Processing file /opt/airflow/dags/orderbook_to_parquet_minio.py for tasks to queue
[2026-04-20T01:59:53.925+0000] {logging_mixin.py:188} INFO - [2026-04-20T01:59:53.925+0000] {dagbag.py:545} INFO - Filling up the DagBag from /opt/airflow/dags/orderbook_to_parquet_minio.py
[2026-04-20T01:59:53.956+0000] {processor.py:840} INFO - DAG(s) 'orderbook_backto_minio_parquet' retrieved from /opt/airflow/dags/orderbook_to_parquet_minio.py
[2026-04-20T01:59:53.970+0000] {logging_mixin.py:188} INFO - [2026-04-20T01:59:53.969+0000] {dag.py:3089} INFO - Sync 1 DAGs
[2026-04-20T01:59:53.990+0000] {logging_mixin.py:188} INFO - [2026-04-20T01:59:53.989+0000] {dag.py:3947} INFO - Setting next_dagrun for orderbook_backto_minio_parquet to 2026-04-18 02:00:00+00:00, run_after=2026-04-19 02:00:00+00:00
[2026-04-20T01:59:54.007+0000] {processor.py:183} INFO - Processing /opt/airflow/dags/orderbook_to_parquet_minio.py took 0.091 seconds
[2026-04-20T02:00:24.254+0000] {processor.py:161} INFO - Started process (PID=3113) to work on /opt/airflow/dags/orderbook_to_parquet_minio.py
[2026-04-20T02:00:24.255+0000] {processor.py:830} INFO - Processing file /opt/airflow/dags/orderbook_to_parquet_minio.py for tasks to queue
[2026-04-20T02:00:24.257+0000] {logging_mixin.py:188} INFO - [2026-04-20T02:00:24.257+0000] {dagbag.py:545} INFO - Filling up the DagBag from /opt/airflow/dags/orderbook_to_parquet_minio.py
[2026-04-20T02:00:24.286+0000] {processor.py:840} INFO - DAG(s) 'orderbook_backto_minio_parquet' retrieved from /opt/airflow/dags/orderbook_to_parquet_minio.py
[2026-04-20T02:00:24.300+0000] {logging_mixin.py:188} INFO - [2026-04-20T02:00:24.300+0000] {dag.py:3089} INFO - Sync 1 DAGs
[2026-04-20T02:00:24.320+0000] {logging_mixin.py:188} INFO - [2026-04-20T02:00:24.320+0000] {dag.py:3947} INFO - Setting next_dagrun for orderbook_backto_minio_parquet to 2026-04-19 02:00:00+00:00, run_after=2026-04-20 02:00:00+00:00
[2026-04-20T02:00:24.337+0000] {processor.py:183} INFO - Processing /opt/airflow/dags/orderbook_to_parquet_minio.py took 0.088 seconds
[2026-04-20T02:00:54.691+0000] {processor.py:161} INFO - Started process (PID=3138) to work on /opt/airflow/dags/orderbook_to_parquet_minio.py
[2026-04-20T02:00:54.692+0000] {processor.py:830} INFO - Processing file /opt/airflow/dags/orderbook_to_parquet_minio.py for tasks to queue
[2026-04-20T02:00:54.694+0000] {logging_mixin.py:188} INFO - [2026-04-20T02:00:54.693+0000] {dagbag.py:545} INFO - Filling up the DagBag from /opt/airflow/dags/orderbook_to_parquet_minio.py
[2026-04-20T02:00:54.723+0000] {processor.py:840} INFO - DAG(s) 'orderbook_backto_minio_parquet' retrieved from /opt/airflow/dags/orderbook_to_parquet_minio.py
[2026-04-20T02:00:54.737+0000] {logging_mixin.py:188} INFO - [2026-04-20T02:00:54.737+0000] {dag.py:3089} INFO - Sync 1 DAGs
[2026-04-20T02:00:54.758+0000] {logging_mixin.py:188} INFO - [2026-04-20T02:00:54.758+0000] {dag.py:3947} INFO - Setting next_dagrun for orderbook_backto_minio_parquet to 2026-04-19 02:00:00+00:00, run_after=2026-04-20 02:00:00+00:00
[2026-04-20T02:00:54.776+0000] {processor.py:183} INFO - Processing /opt/airflow/dags/orderbook_to_parquet_minio.py took 0.090 seconds
[2026-04-20T02:01:25.195+0000] {processor.py:161} INFO - Started process (PID=3163) to work on /opt/airflow/dags/orderbook_to_parquet_minio.py
[2026-04-20T02:01:25.196+0000] {processor.py:830} INFO - Processing file /opt/airflow/dags/orderbook_to_parquet_minio.py for tasks to queue
[2026-04-20T02:01:25.198+0000] {logging_mixin.py:188} INFO - [2026-04-20T02:01:25.198+0000] {dagbag.py:545} INFO - Filling up the DagBag from /opt/airflow/dags/orderbook_to_parquet_minio.py
[2026-04-20T02:01:25.230+0000] {processor.py:840} INFO - DAG(s) 'orderbook_backto_minio_parquet' retrieved from /opt/airflow/dags/orderbook_to_parquet_minio.py
[2026-04-20T02:01:25.245+0000] {logging_mixin.py:188} INFO - [2026-04-20T02:01:25.244+0000] {dag.py:3089} INFO - Sync 1 DAGs
[2026-04-20T02:01:25.268+0000] {logging_mixin.py:188} INFO - [2026-04-20T02:01:25.268+0000] {dag.py:3947} INFO - Setting next_dagrun for orderbook_backto_minio_parquet to 2026-04-19 02:00:00+00:00, run_after=2026-04-20 02:00:00+00:00
[2026-04-20T02:01:25.290+0000] {processor.py:183} INFO - Processing /opt/airflow/dags/orderbook_to_parquet_minio.py took 0.100 seconds
[2026-04-20T02:01:55.787+0000] {processor.py:161} INFO - Started process (PID=3188) to work on /opt/airflow/dags/orderbook_to_parquet_minio.py
[2026-04-20T02:01:55.788+0000] {processor.py:830} INFO - Processing file /opt/airflow/dags/orderbook_to_parquet_minio.py for tasks to queue
[2026-04-20T02:01:55.791+0000] {logging_mixin.py:188} INFO - [2026-04-20T02:01:55.790+0000] {dagbag.py:545} INFO - Filling up the DagBag from /opt/airflow/dags/orderbook_to_parquet_minio.py
[2026-04-20T02:01:55.829+0000] {processor.py:840} INFO - DAG(s) 'orderbook_backto_minio_parquet' retrieved from /opt/airflow/dags/orderbook_to_parquet_minio.py
[2026-04-20T02:01:55.846+0000] {logging_mixin.py:188} INFO - [2026-04-20T02:01:55.846+0000] {dag.py:3089} INFO - Sync 1 DAGs
[2026-04-20T02:01:55.870+0000] {logging_mixin.py:188} INFO - [2026-04-20T02:01:55.869+0000] {dag.py:3947} INFO - Setting next_dagrun for orderbook_backto_minio_parquet to 2026-04-19 02:00:00+00:00, run_after=2026-04-20 02:00:00+00:00
[2026-04-20T02:01:55.891+0000] {processor.py:183} INFO - Processing /opt/airflow/dags/orderbook_to_parquet_minio.py took 0.111 seconds
[2026-04-20T02:02:26.172+0000] {processor.py:161} INFO - Started process (PID=3213) to work on /opt/airflow/dags/orderbook_to_parquet_minio.py
[2026-04-20T02:02:26.173+0000] {processor.py:830} INFO - Processing file /opt/airflow/dags/orderbook_to_parquet_minio.py for tasks to queue
[2026-04-20T02:02:26.175+0000] {logging_mixin.py:188} INFO - [2026-04-20T02:02:26.175+0000] {dagbag.py:545} INFO - Filling up the DagBag from /opt/airflow/dags/orderbook_to_parquet_minio.py
[2026-04-20T02:02:26.203+0000] {processor.py:840} INFO - DAG(s) 'orderbook_backto_minio_parquet' retrieved from /opt/airflow/dags/orderbook_to_parquet_minio.py
[2026-04-20T02:02:26.217+0000] {logging_mixin.py:188} INFO - [2026-04-20T02:02:26.217+0000] {dag.py:3089} INFO - Sync 1 DAGs
[2026-04-20T02:02:26.237+0000] {logging_mixin.py:188} INFO - [2026-04-20T02:02:26.237+0000] {dag.py:3947} INFO - Setting next_dagrun for orderbook_backto_minio_parquet to 2026-04-19 02:00:00+00:00, run_after=2026-04-20 02:00:00+00:00
[2026-04-20T02:02:26.254+0000] {processor.py:183} INFO - Processing /opt/airflow/dags/orderbook_to_parquet_minio.py took 0.088 seconds
[2026-04-20T02:02:56.514+0000] {processor.py:161} INFO - Started process (PID=3238) to work on /opt/airflow/dags/orderbook_to_parquet_minio.py
[2026-04-20T02:02:56.515+0000] {processor.py:830} INFO - Processing file /opt/airflow/dags/orderbook_to_parquet_minio.py for tasks to queue
[2026-04-20T02:02:56.517+0000] {logging_mixin.py:188} INFO - [2026-04-20T02:02:56.517+0000] {dagbag.py:545} INFO - Filling up the DagBag from /opt/airflow/dags/orderbook_to_parquet_minio.py
[2026-04-20T02:02:56.546+0000] {processor.py:840} INFO - DAG(s) 'orderbook_backto_minio_parquet' retrieved from /opt/airflow/dags/orderbook_to_parquet_minio.py
[2026-04-20T02:02:56.561+0000] {logging_mixin.py:188} INFO - [2026-04-20T02:02:56.560+0000] {dag.py:3089} INFO - Sync 1 DAGs
[2026-04-20T02:02:56.580+0000] {logging_mixin.py:188} INFO - [2026-04-20T02:02:56.580+0000] {dag.py:3947} INFO - Setting next_dagrun for orderbook_backto_minio_parquet to 2026-04-19 02:00:00+00:00, run_after=2026-04-20 02:00:00+00:00
[2026-04-20T02:02:56.595+0000] {processor.py:183} INFO - Processing /opt/airflow/dags/orderbook_to_parquet_minio.py took 0.087 seconds
[2026-04-20T02:03:26.837+0000] {processor.py:161} INFO - Started process (PID=3263) to work on /opt/airflow/dags/orderbook_to_parquet_minio.py
[2026-04-20T02:03:26.838+0000] {processor.py:830} INFO - Processing file /opt/airflow/dags/orderbook_to_parquet_minio.py for tasks to queue
[2026-04-20T02:03:26.841+0000] {logging_mixin.py:188} INFO - [2026-04-20T02:03:26.840+0000] {dagbag.py:545} INFO - Filling up the DagBag from /opt/airflow/dags/orderbook_to_parquet_minio.py
[2026-04-20T02:03:26.871+0000] {processor.py:840} INFO - DAG(s) 'orderbook_backto_minio_parquet' retrieved from /opt/airflow/dags/orderbook_to_parquet_minio.py
[2026-04-20T02:03:26.885+0000] {logging_mixin.py:188} INFO - [2026-04-20T02:03:26.885+0000] {dag.py:3089} INFO - Sync 1 DAGs
[2026-04-20T02:03:26.905+0000] {logging_mixin.py:188} INFO - [2026-04-20T02:03:26.905+0000] {dag.py:3947} INFO - Setting next_dagrun for orderbook_backto_minio_parquet to 2026-04-19 02:00:00+00:00, run_after=2026-04-20 02:00:00+00:00
[2026-04-20T02:03:26.922+0000] {processor.py:183} INFO - Processing /opt/airflow/dags/orderbook_to_parquet_minio.py took 0.090 seconds
[2026-04-20T02:03:57.336+0000] {processor.py:161} INFO - Started process (PID=3288) to work on /opt/airflow/dags/orderbook_to_parquet_minio.py
[2026-04-20T02:03:57.338+0000] {processor.py:830} INFO - Processing file /opt/airflow/dags/orderbook_to_parquet_minio.py for tasks to queue
[2026-04-20T02:03:57.340+0000] {logging_mixin.py:188} INFO - [2026-04-20T02:03:57.339+0000] {dagbag.py:545} INFO - Filling up the DagBag from /opt/airflow/dags/orderbook_to_parquet_minio.py
[2026-04-20T02:03:57.373+0000] {processor.py:840} INFO - DAG(s) 'orderbook_backto_minio_parquet' retrieved from /opt/airflow/dags/orderbook_to_parquet_minio.py
[2026-04-20T02:03:57.388+0000] {logging_mixin.py:188} INFO - [2026-04-20T02:03:57.388+0000] {dag.py:3089} INFO - Sync 1 DAGs
[2026-04-20T02:03:57.410+0000] {logging_mixin.py:188} INFO - [2026-04-20T02:03:57.410+0000] {dag.py:3947} INFO - Setting next_dagrun for orderbook_backto_minio_parquet to 2026-04-19 02:00:00+00:00, run_after=2026-04-20 02:00:00+00:00
[2026-04-20T02:03:57.429+0000] {processor.py:183} INFO - Processing /opt/airflow/dags/orderbook_to_parquet_minio.py took 0.098 seconds
[2026-04-20T02:04:27.951+0000] {processor.py:161} INFO - Started process (PID=3313) to work on /opt/airflow/dags/orderbook_to_parquet_minio.py
[2026-04-20T02:04:27.952+0000] {processor.py:830} INFO - Processing file /opt/airflow/dags/orderbook_to_parquet_minio.py for tasks to queue
[2026-04-20T02:04:27.954+0000] {logging_mixin.py:188} INFO - [2026-04-20T02:04:27.954+0000] {dagbag.py:545} INFO - Filling up the DagBag from /opt/airflow/dags/orderbook_to_parquet_minio.py
[2026-04-20T02:04:27.983+0000] {processor.py:840} INFO - DAG(s) 'orderbook_backto_minio_parquet' retrieved from /opt/airflow/dags/orderbook_to_parquet_minio.py
[2026-04-20T02:04:27.999+0000] {logging_mixin.py:188} INFO - [2026-04-20T02:04:27.998+0000] {dag.py:3089} INFO - Sync 1 DAGs
[2026-04-20T02:04:28.019+0000] {logging_mixin.py:188} INFO - [2026-04-20T02:04:28.018+0000] {dag.py:3947} INFO - Setting next_dagrun for orderbook_backto_minio_parquet to 2026-04-19 02:00:00+00:00, run_after=2026-04-20 02:00:00+00:00
[2026-04-20T02:04:28.037+0000] {processor.py:183} INFO - Processing /opt/airflow/dags/orderbook_to_parquet_minio.py took 0.092 seconds
[2026-04-20T02:04:58.501+0000] {processor.py:161} INFO - Started process (PID=3338) to work on /opt/airflow/dags/orderbook_to_parquet_minio.py
[2026-04-20T02:04:58.502+0000] {processor.py:830} INFO - Processing file /opt/airflow/dags/orderbook_to_parquet_minio.py for tasks to queue
[2026-04-20T02:04:58.504+0000] {logging_mixin.py:188} INFO - [2026-04-20T02:04:58.504+0000] {dagbag.py:545} INFO - Filling up the DagBag from /opt/airflow/dags/orderbook_to_parquet_minio.py
[2026-04-20T02:04:58.533+0000] {processor.py:840} INFO - DAG(s) 'orderbook_backto_minio_parquet' retrieved from /opt/airflow/dags/orderbook_to_parquet_minio.py
[2026-04-20T02:04:58.547+0000] {logging_mixin.py:188} INFO - [2026-04-20T02:04:58.547+0000] {dag.py:3089} INFO - Sync 1 DAGs
[2026-04-20T02:04:58.566+0000] {logging_mixin.py:188} INFO - [2026-04-20T02:04:58.566+0000] {dag.py:3947} INFO - Setting next_dagrun for orderbook_backto_minio_parquet to 2026-04-19 02:00:00+00:00, run_after=2026-04-20 02:00:00+00:00
[2026-04-20T02:04:58.586+0000] {processor.py:183} INFO - Processing /opt/airflow/dags/orderbook_to_parquet_minio.py took 0.091 seconds
[2026-04-20T02:05:29.073+0000] {processor.py:161} INFO - Started process (PID=3363) to work on /opt/airflow/dags/orderbook_to_parquet_minio.py
[2026-04-20T02:05:29.074+0000] {processor.py:830} INFO - Processing file /opt/airflow/dags/orderbook_to_parquet_minio.py for tasks to queue
[2026-04-20T02:05:29.076+0000] {logging_mixin.py:188} INFO - [2026-04-20T02:05:29.076+0000] {dagbag.py:545} INFO - Filling up the DagBag from /opt/airflow/dags/orderbook_to_parquet_minio.py
[2026-04-20T02:05:29.110+0000] {processor.py:840} INFO - DAG(s) 'orderbook_backto_minio_parquet' retrieved from /opt/airflow/dags/orderbook_to_parquet_minio.py
[2026-04-20T02:05:29.125+0000] {logging_mixin.py:188} INFO - [2026-04-20T02:05:29.125+0000] {dag.py:3089} INFO - Sync 1 DAGs
[2026-04-20T02:05:29.148+0000] {logging_mixin.py:188} INFO - [2026-04-20T02:05:29.148+0000] {dag.py:3947} INFO - Setting next_dagrun for orderbook_backto_minio_parquet to 2026-04-19 02:00:00+00:00, run_after=2026-04-20 02:00:00+00:00
[2026-04-20T02:05:29.169+0000] {processor.py:183} INFO - Processing /opt/airflow/dags/orderbook_to_parquet_minio.py took 0.102 seconds
[2026-04-20T02:06:00.009+0000] {processor.py:161} INFO - Started process (PID=3394) to work on /opt/airflow/dags/orderbook_to_parquet_minio.py
[2026-04-20T02:06:00.010+0000] {processor.py:830} INFO - Processing file /opt/airflow/dags/orderbook_to_parquet_minio.py for tasks to queue
[2026-04-20T02:06:00.013+0000] {logging_mixin.py:188} INFO - [2026-04-20T02:06:00.013+0000] {dagbag.py:545} INFO - Filling up the DagBag from /opt/airflow/dags/orderbook_to_parquet_minio.py
[2026-04-20T02:06:00.044+0000] {processor.py:840} INFO - DAG(s) 'orderbook_backto_minio_parquet' retrieved from /opt/airflow/dags/orderbook_to_parquet_minio.py
[2026-04-20T02:06:00.059+0000] {logging_mixin.py:188} INFO - [2026-04-20T02:06:00.058+0000] {dag.py:3089} INFO - Sync 1 DAGs
[2026-04-20T02:06:00.079+0000] {logging_mixin.py:188} INFO - [2026-04-20T02:06:00.078+0000] {dag.py:3947} INFO - Setting next_dagrun for orderbook_backto_minio_parquet to 2026-04-19 02:00:00+00:00, run_after=2026-04-20 02:00:00+00:00
[2026-04-20T02:06:00.097+0000] {processor.py:183} INFO - Processing /opt/airflow/dags/orderbook_to_parquet_minio.py took 0.094 seconds
[2026-04-20T02:06:30.567+0000] {processor.py:161} INFO - Started process (PID=3419) to work on /opt/airflow/dags/orderbook_to_parquet_minio.py
[2026-04-20T02:06:30.568+0000] {processor.py:830} INFO - Processing file /opt/airflow/dags/orderbook_to_parquet_minio.py for tasks to queue
[2026-04-20T02:06:30.570+0000] {logging_mixin.py:188} INFO - [2026-04-20T02:06:30.569+0000] {dagbag.py:545} INFO - Filling up the DagBag from /opt/airflow/dags/orderbook_to_parquet_minio.py
[2026-04-20T02:06:30.603+0000] {processor.py:840} INFO - DAG(s) 'orderbook_backto_minio_parquet' retrieved from /opt/airflow/dags/orderbook_to_parquet_minio.py
[2026-04-20T02:06:30.618+0000] {logging_mixin.py:188} INFO - [2026-04-20T02:06:30.617+0000] {dag.py:3089} INFO - Sync 1 DAGs
[2026-04-20T02:06:30.637+0000] {logging_mixin.py:188} INFO - [2026-04-20T02:06:30.637+0000] {dag.py:3947} INFO - Setting next_dagrun for orderbook_backto_minio_parquet to 2026-04-19 02:00:00+00:00, run_after=2026-04-20 02:00:00+00:00
[2026-04-20T02:06:30.660+0000] {processor.py:183} INFO - Processing /opt/airflow/dags/orderbook_to_parquet_minio.py took 0.098 seconds
[2026-04-20T02:07:01.001+0000] {processor.py:161} INFO - Started process (PID=3444) to work on /opt/airflow/dags/orderbook_to_parquet_minio.py
[2026-04-20T02:07:01.002+0000] {processor.py:830} INFO - Processing file /opt/airflow/dags/orderbook_to_parquet_minio.py for tasks to queue
[2026-04-20T02:07:01.004+0000] {logging_mixin.py:188} INFO - [2026-04-20T02:07:01.004+0000] {dagbag.py:545} INFO - Filling up the DagBag from /opt/airflow/dags/orderbook_to_parquet_minio.py
[2026-04-20T02:07:01.034+0000] {processor.py:840} INFO - DAG(s) 'orderbook_backto_minio_parquet' retrieved from /opt/airflow/dags/orderbook_to_parquet_minio.py
[2026-04-20T02:07:01.050+0000] {logging_mixin.py:188} INFO - [2026-04-20T02:07:01.049+0000] {dag.py:3089} INFO - Sync 1 DAGs
[2026-04-20T02:07:01.069+0000] {logging_mixin.py:188} INFO - [2026-04-20T02:07:01.069+0000] {dag.py:3947} INFO - Setting next_dagrun for orderbook_backto_minio_parquet to 2026-04-19 02:00:00+00:00, run_after=2026-04-20 02:00:00+00:00
[2026-04-20T02:07:01.086+0000] {processor.py:183} INFO - Processing /opt/airflow/dags/orderbook_to_parquet_minio.py took 0.090 seconds
[2026-04-20T02:07:31.641+0000] {processor.py:161} INFO - Started process (PID=3469) to work on /opt/airflow/dags/orderbook_to_parquet_minio.py
[2026-04-20T02:07:31.642+0000] {processor.py:830} INFO - Processing file /opt/airflow/dags/orderbook_to_parquet_minio.py for tasks to queue
[2026-04-20T02:07:31.645+0000] {logging_mixin.py:188} INFO - [2026-04-20T02:07:31.644+0000] {dagbag.py:545} INFO - Filling up the DagBag from /opt/airflow/dags/orderbook_to_parquet_minio.py
[2026-04-20T02:07:31.682+0000] {processor.py:840} INFO - DAG(s) 'orderbook_backto_minio_parquet' retrieved from /opt/airflow/dags/orderbook_to_parquet_minio.py
[2026-04-20T02:07:31.699+0000] {logging_mixin.py:188} INFO - [2026-04-20T02:07:31.698+0000] {dag.py:3089} INFO - Sync 1 DAGs
[2026-04-20T02:07:31.723+0000] {logging_mixin.py:188} INFO - [2026-04-20T02:07:31.723+0000] {dag.py:3947} INFO - Setting next_dagrun for orderbook_backto_minio_parquet to 2026-04-19 02:00:00+00:00, run_after=2026-04-20 02:00:00+00:00
[2026-04-20T02:07:31.744+0000] {processor.py:183} INFO - Processing /opt/airflow/dags/orderbook_to_parquet_minio.py took 0.112 seconds
[2026-04-20T02:08:02.402+0000] {processor.py:161} INFO - Started process (PID=3494) to work on /opt/airflow/dags/orderbook_to_parquet_minio.py
[2026-04-20T02:08:02.404+0000] {processor.py:830} INFO - Processing file /opt/airflow/dags/orderbook_to_parquet_minio.py for tasks to queue
[2026-04-20T02:08:02.424+0000] {logging_mixin.py:188} INFO - [2026-04-20T02:08:02.423+0000] {dagbag.py:545} INFO - Filling up the DagBag from /opt/airflow/dags/orderbook_to_parquet_minio.py
[2026-04-20T02:08:02.493+0000] {processor.py:840} INFO - DAG(s) 'orderbook_backto_minio_parquet' retrieved from /opt/airflow/dags/orderbook_to_parquet_minio.py
[2026-04-20T02:08:02.510+0000] {logging_mixin.py:188} INFO - [2026-04-20T02:08:02.509+0000] {dag.py:3089} INFO - Sync 1 DAGs
[2026-04-20T02:08:02.532+0000] {logging_mixin.py:188} INFO - [2026-04-20T02:08:02.532+0000] {dag.py:3947} INFO - Setting next_dagrun for orderbook_backto_minio_parquet to 2026-04-19 02:00:00+00:00, run_after=2026-04-20 02:00:00+00:00
[2026-04-20T02:08:02.555+0000] {processor.py:183} INFO - Processing /opt/airflow/dags/orderbook_to_parquet_minio.py took 0.163 seconds
[2026-04-20T02:08:32.898+0000] {processor.py:161} INFO - Started process (PID=3519) to work on /opt/airflow/dags/orderbook_to_parquet_minio.py
[2026-04-20T02:08:32.900+0000] {processor.py:830} INFO - Processing file /opt/airflow/dags/orderbook_to_parquet_minio.py for tasks to queue
[2026-04-20T02:08:32.902+0000] {logging_mixin.py:188} INFO - [2026-04-20T02:08:32.902+0000] {dagbag.py:545} INFO - Filling up the DagBag from /opt/airflow/dags/orderbook_to_parquet_minio.py
[2026-04-20T02:08:32.937+0000] {processor.py:840} INFO - DAG(s) 'orderbook_backto_minio_parquet' retrieved from /opt/airflow/dags/orderbook_to_parquet_minio.py
[2026-04-20T02:08:32.954+0000] {logging_mixin.py:188} INFO - [2026-04-20T02:08:32.953+0000] {dag.py:3089} INFO - Sync 1 DAGs
[2026-04-20T02:08:32.977+0000] {logging_mixin.py:188} INFO - [2026-04-20T02:08:32.977+0000] {dag.py:3947} INFO - Setting next_dagrun for orderbook_backto_minio_parquet to 2026-04-19 02:00:00+00:00, run_after=2026-04-20 02:00:00+00:00
[2026-04-20T02:08:33.000+0000] {processor.py:183} INFO - Processing /opt/airflow/dags/orderbook_to_parquet_minio.py took 0.108 seconds
[2026-04-20T02:09:03.342+0000] {processor.py:161} INFO - Started process (PID=3544) to work on /opt/airflow/dags/orderbook_to_parquet_minio.py
[2026-04-20T02:09:03.343+0000] {processor.py:830} INFO - Processing file /opt/airflow/dags/orderbook_to_parquet_minio.py for tasks to queue
[2026-04-20T02:09:03.345+0000] {logging_mixin.py:188} INFO - [2026-04-20T02:09:03.345+0000] {dagbag.py:545} INFO - Filling up the DagBag from /opt/airflow/dags/orderbook_to_parquet_minio.py
[2026-04-20T02:09:03.376+0000] {processor.py:840} INFO - DAG(s) 'orderbook_backto_minio_parquet' retrieved from /opt/airflow/dags/orderbook_to_parquet_minio.py
[2026-04-20T02:09:03.390+0000] {logging_mixin.py:188} INFO - [2026-04-20T02:09:03.390+0000] {dag.py:3089} INFO - Sync 1 DAGs
[2026-04-20T02:09:03.410+0000] {logging_mixin.py:188} INFO - [2026-04-20T02:09:03.410+0000] {dag.py:3947} INFO - Setting next_dagrun for orderbook_backto_minio_parquet to 2026-04-19 02:00:00+00:00, run_after=2026-04-20 02:00:00+00:00
[2026-04-20T02:09:03.444+0000] {processor.py:183} INFO - Processing /opt/airflow/dags/orderbook_to_parquet_minio.py took 0.108 seconds
[2026-04-20T02:09:34.108+0000] {processor.py:161} INFO - Started process (PID=3569) to work on /opt/airflow/dags/orderbook_to_parquet_minio.py
[2026-04-20T02:09:34.109+0000] {processor.py:830} INFO - Processing file /opt/airflow/dags/orderbook_to_parquet_minio.py for tasks to queue
[2026-04-20T02:09:34.112+0000] {logging_mixin.py:188} INFO - [2026-04-20T02:09:34.111+0000] {dagbag.py:545} INFO - Filling up the DagBag from /opt/airflow/dags/orderbook_to_parquet_minio.py
[2026-04-20T02:09:34.141+0000] {processor.py:840} INFO - DAG(s) 'orderbook_backto_minio_parquet' retrieved from /opt/airflow/dags/orderbook_to_parquet_minio.py
[2026-04-20T02:09:34.154+0000] {logging_mixin.py:188} INFO - [2026-04-20T02:09:34.154+0000] {dag.py:3089} INFO - Sync 1 DAGs
[2026-04-20T02:09:34.173+0000] {logging_mixin.py:188} INFO - [2026-04-20T02:09:34.172+0000] {dag.py:3947} INFO - Setting next_dagrun for orderbook_backto_minio_parquet to 2026-04-19 02:00:00+00:00, run_after=2026-04-20 02:00:00+00:00
[2026-04-20T02:09:34.188+0000] {processor.py:183} INFO - Processing /opt/airflow/dags/orderbook_to_parquet_minio.py took 0.085 seconds
[2026-04-20T02:10:04.537+0000] {processor.py:161} INFO - Started process (PID=3594) to work on /opt/airflow/dags/orderbook_to_parquet_minio.py
[2026-04-20T02:10:04.538+0000] {processor.py:830} INFO - Processing file /opt/airflow/dags/orderbook_to_parquet_minio.py for tasks to queue
[2026-04-20T02:10:04.540+0000] {logging_mixin.py:188} INFO - [2026-04-20T02:10:04.540+0000] {dagbag.py:545} INFO - Filling up the DagBag from /opt/airflow/dags/orderbook_to_parquet_minio.py
[2026-04-20T02:10:04.568+0000] {processor.py:840} INFO - DAG(s) 'orderbook_backto_minio_parquet' retrieved from /opt/airflow/dags/orderbook_to_parquet_minio.py
[2026-04-20T02:10:04.581+0000] {logging_mixin.py:188} INFO - [2026-04-20T02:10:04.581+0000] {dag.py:3089} INFO - Sync 1 DAGs
[2026-04-20T02:10:04.600+0000] {logging_mixin.py:188} INFO - [2026-04-20T02:10:04.600+0000] {dag.py:3947} INFO - Setting next_dagrun for orderbook_backto_minio_parquet to 2026-04-19 02:00:00+00:00, run_after=2026-04-20 02:00:00+00:00
[2026-04-20T02:10:04.615+0000] {processor.py:183} INFO - Processing /opt/airflow/dags/orderbook_to_parquet_minio.py took 0.084 seconds
[2026-04-20T02:10:34.983+0000] {processor.py:161} INFO - Started process (PID=3619) to work on /opt/airflow/dags/orderbook_to_parquet_minio.py
[2026-04-20T02:10:34.984+0000] {processor.py:830} INFO - Processing file /opt/airflow/dags/orderbook_to_parquet_minio.py for tasks to queue
[2026-04-20T02:10:34.986+0000] {logging_mixin.py:188} INFO - [2026-04-20T02:10:34.986+0000] {dagbag.py:545} INFO - Filling up the DagBag from /opt/airflow/dags/orderbook_to_parquet_minio.py
[2026-04-20T02:10:35.016+0000] {processor.py:840} INFO - DAG(s) 'orderbook_backto_minio_parquet' retrieved from /opt/airflow/dags/orderbook_to_parquet_minio.py
[2026-04-20T02:10:35.029+0000] {logging_mixin.py:188} INFO - [2026-04-20T02:10:35.029+0000] {dag.py:3089} INFO - Sync 1 DAGs
[2026-04-20T02:10:35.046+0000] {logging_mixin.py:188} INFO - [2026-04-20T02:10:35.046+0000] {dag.py:3947} INFO - Setting next_dagrun for orderbook_backto_minio_parquet to 2026-04-19 02:00:00+00:00, run_after=2026-04-20 02:00:00+00:00
[2026-04-20T02:10:35.062+0000] {processor.py:183} INFO - Processing /opt/airflow/dags/orderbook_to_parquet_minio.py took 0.084 seconds
[2026-04-20T02:11:05.557+0000] {processor.py:161} INFO - Started process (PID=3644) to work on /opt/airflow/dags/orderbook_to_parquet_minio.py
[2026-04-20T02:11:05.558+0000] {processor.py:830} INFO - Processing file /opt/airflow/dags/orderbook_to_parquet_minio.py for tasks to queue
[2026-04-20T02:11:05.560+0000] {logging_mixin.py:188} INFO - [2026-04-20T02:11:05.560+0000] {dagbag.py:545} INFO - Filling up the DagBag from /opt/airflow/dags/orderbook_to_parquet_minio.py
[2026-04-20T02:11:05.589+0000] {processor.py:840} INFO - DAG(s) 'orderbook_backto_minio_parquet' retrieved from /opt/airflow/dags/orderbook_to_parquet_minio.py
[2026-04-20T02:11:05.602+0000] {logging_mixin.py:188} INFO - [2026-04-20T02:11:05.602+0000] {dag.py:3089} INFO - Sync 1 DAGs
[2026-04-20T02:11:05.620+0000] {logging_mixin.py:188} INFO - [2026-04-20T02:11:05.620+0000] {dag.py:3947} INFO - Setting next_dagrun for orderbook_backto_minio_parquet to 2026-04-19 02:00:00+00:00, run_after=2026-04-20 02:00:00+00:00
[2026-04-20T02:11:05.637+0000] {processor.py:183} INFO - Processing /opt/airflow/dags/orderbook_to_parquet_minio.py took 0.085 seconds
[2026-04-20T02:11:36.066+0000] {processor.py:161} INFO - Started process (PID=3669) to work on /opt/airflow/dags/orderbook_to_parquet_minio.py
[2026-04-20T02:11:36.067+0000] {processor.py:830} INFO - Processing file /opt/airflow/dags/orderbook_to_parquet_minio.py for tasks to queue
[2026-04-20T02:11:36.069+0000] {logging_mixin.py:188} INFO - [2026-04-20T02:11:36.068+0000] {dagbag.py:545} INFO - Filling up the DagBag from /opt/airflow/dags/orderbook_to_parquet_minio.py
[2026-04-20T02:11:36.097+0000] {processor.py:840} INFO - DAG(s) 'orderbook_backto_minio_parquet' retrieved from /opt/airflow/dags/orderbook_to_parquet_minio.py
[2026-04-20T02:11:36.112+0000] {logging_mixin.py:188} INFO - [2026-04-20T02:11:36.112+0000] {dag.py:3089} INFO - Sync 1 DAGs
[2026-04-20T02:11:36.131+0000] {logging_mixin.py:188} INFO - [2026-04-20T02:11:36.131+0000] {dag.py:3947} INFO - Setting next_dagrun for orderbook_backto_minio_parquet to 2026-04-19 02:00:00+00:00, run_after=2026-04-20 02:00:00+00:00
[2026-04-20T02:11:36.150+0000] {processor.py:183} INFO - Processing /opt/airflow/dags/orderbook_to_parquet_minio.py took 0.090 seconds
[2026-04-20T02:12:06.555+0000] {processor.py:161} INFO - Started process (PID=3694) to work on /opt/airflow/dags/orderbook_to_parquet_minio.py
[2026-04-20T02:12:06.556+0000] {processor.py:830} INFO - Processing file /opt/airflow/dags/orderbook_to_parquet_minio.py for tasks to queue
[2026-04-20T02:12:06.558+0000] {logging_mixin.py:188} INFO - [2026-04-20T02:12:06.558+0000] {dagbag.py:545} INFO - Filling up the DagBag from /opt/airflow/dags/orderbook_to_parquet_minio.py
[2026-04-20T02:12:06.595+0000] {processor.py:840} INFO - DAG(s) 'orderbook_backto_minio_parquet' retrieved from /opt/airflow/dags/orderbook_to_parquet_minio.py
[2026-04-20T02:12:06.611+0000] {logging_mixin.py:188} INFO - [2026-04-20T02:12:06.610+0000] {dag.py:3089} INFO - Sync 1 DAGs
[2026-04-20T02:12:06.636+0000] {logging_mixin.py:188} INFO - [2026-04-20T02:12:06.636+0000] {dag.py:3947} INFO - Setting next_dagrun for orderbook_backto_minio_parquet to 2026-04-19 02:00:00+00:00, run_after=2026-04-20 02:00:00+00:00
[2026-04-20T02:12:06.656+0000] {processor.py:183} INFO - Processing /opt/airflow/dags/orderbook_to_parquet_minio.py took 0.107 seconds
[2026-04-20T03:19:14.385+0000] {processor.py:161} INFO - Started process (PID=74) to work on /opt/airflow/dags/orderbook_to_parquet_minio.py
[2026-04-20T03:19:14.386+0000] {processor.py:830} INFO - Processing file /opt/airflow/dags/orderbook_to_parquet_minio.py for tasks to queue
[2026-04-20T03:19:14.389+0000] {logging_mixin.py:188} INFO - [2026-04-20T03:19:14.389+0000] {dagbag.py:545} INFO - Filling up the DagBag from /opt/airflow/dags/orderbook_to_parquet_minio.py
[2026-04-20T03:19:14.435+0000] {processor.py:840} INFO - DAG(s) 'orderbook_backto_minio_parquet' retrieved from /opt/airflow/dags/orderbook_to_parquet_minio.py
[2026-04-20T03:19:14.529+0000] {logging_mixin.py:188} INFO - [2026-04-20T03:19:14.528+0000] {dag.py:3089} INFO - Sync 1 DAGs
[2026-04-20T03:19:14.552+0000] {logging_mixin.py:188} INFO - [2026-04-20T03:19:14.552+0000] {dag.py:3947} INFO - Setting next_dagrun for orderbook_backto_minio_parquet to 2026-04-19 02:00:00+00:00, run_after=2026-04-20 02:00:00+00:00
[2026-04-20T03:19:14.578+0000] {processor.py:183} INFO - Processing /opt/airflow/dags/orderbook_to_parquet_minio.py took 0.200 seconds
[2026-04-20T03:19:54.095+0000] {processor.py:161} INFO - Started process (PID=111) to work on /opt/airflow/dags/orderbook_to_parquet_minio.py
[2026-04-20T03:19:54.097+0000] {processor.py:830} INFO - Processing file /opt/airflow/dags/orderbook_to_parquet_minio.py for tasks to queue
[2026-04-20T03:19:54.104+0000] {logging_mixin.py:188} INFO - [2026-04-20T03:19:54.102+0000] {dagbag.py:545} INFO - Filling up the DagBag from /opt/airflow/dags/orderbook_to_parquet_minio.py
[2026-04-20T03:19:54.209+0000] {processor.py:840} INFO - DAG(s) 'orderbook_backto_minio_parquet' retrieved from /opt/airflow/dags/orderbook_to_parquet_minio.py
[2026-04-20T03:19:54.257+0000] {logging_mixin.py:188} INFO - [2026-04-20T03:19:54.256+0000] {dag.py:3089} INFO - Sync 1 DAGs
[2026-04-20T03:19:54.342+0000] {logging_mixin.py:188} INFO - [2026-04-20T03:19:54.340+0000] {dag.py:3947} INFO - Setting next_dagrun for orderbook_backto_minio_parquet to 2026-04-19 02:00:00+00:00, run_after=2026-04-20 02:00:00+00:00
[2026-04-20T03:19:54.423+0000] {processor.py:183} INFO - Processing /opt/airflow/dags/orderbook_to_parquet_minio.py took 0.386 seconds
[2026-04-20T03:20:24.801+0000] {processor.py:161} INFO - Started process (PID=137) to work on /opt/airflow/dags/orderbook_to_parquet_minio.py
[2026-04-20T03:20:24.802+0000] {processor.py:830} INFO - Processing file /opt/airflow/dags/orderbook_to_parquet_minio.py for tasks to queue
[2026-04-20T03:20:24.804+0000] {logging_mixin.py:188} INFO - [2026-04-20T03:20:24.804+0000] {dagbag.py:545} INFO - Filling up the DagBag from /opt/airflow/dags/orderbook_to_parquet_minio.py
[2026-04-20T03:20:24.839+0000] {processor.py:840} INFO - DAG(s) 'orderbook_backto_minio_parquet' retrieved from /opt/airflow/dags/orderbook_to_parquet_minio.py
[2026-04-20T03:20:24.856+0000] {logging_mixin.py:188} INFO - [2026-04-20T03:20:24.856+0000] {dag.py:3089} INFO - Sync 1 DAGs
[2026-04-20T03:20:24.880+0000] {logging_mixin.py:188} INFO - [2026-04-20T03:20:24.879+0000] {dag.py:3947} INFO - Setting next_dagrun for orderbook_backto_minio_parquet to 2026-04-19 02:00:00+00:00, run_after=2026-04-20 02:00:00+00:00
[2026-04-20T03:20:24.902+0000] {processor.py:183} INFO - Processing /opt/airflow/dags/orderbook_to_parquet_minio.py took 0.108 seconds
[2026-04-20T03:20:55.796+0000] {processor.py:161} INFO - Started process (PID=162) to work on /opt/airflow/dags/orderbook_to_parquet_minio.py
[2026-04-20T03:20:55.798+0000] {processor.py:830} INFO - Processing file /opt/airflow/dags/orderbook_to_parquet_minio.py for tasks to queue
[2026-04-20T03:20:55.801+0000] {logging_mixin.py:188} INFO - [2026-04-20T03:20:55.801+0000] {dagbag.py:545} INFO - Filling up the DagBag from /opt/airflow/dags/orderbook_to_parquet_minio.py
[2026-04-20T03:20:55.850+0000] {processor.py:840} INFO - DAG(s) 'orderbook_backto_minio_parquet' retrieved from /opt/airflow/dags/orderbook_to_parquet_minio.py
[2026-04-20T03:20:55.875+0000] {logging_mixin.py:188} INFO - [2026-04-20T03:20:55.875+0000] {dag.py:3089} INFO - Sync 1 DAGs
[2026-04-20T03:20:55.906+0000] {logging_mixin.py:188} INFO - [2026-04-20T03:20:55.906+0000] {dag.py:3947} INFO - Setting next_dagrun for orderbook_backto_minio_parquet to 2026-04-19 02:00:00+00:00, run_after=2026-04-20 02:00:00+00:00
[2026-04-20T03:20:55.937+0000] {processor.py:183} INFO - Processing /opt/airflow/dags/orderbook_to_parquet_minio.py took 0.149 seconds
[2026-04-20T03:21:26.591+0000] {processor.py:161} INFO - Started process (PID=187) to work on /opt/airflow/dags/orderbook_to_parquet_minio.py
[2026-04-20T03:21:26.592+0000] {processor.py:830} INFO - Processing file /opt/airflow/dags/orderbook_to_parquet_minio.py for tasks to queue
[2026-04-20T03:21:26.595+0000] {logging_mixin.py:188} INFO - [2026-04-20T03:21:26.594+0000] {dagbag.py:545} INFO - Filling up the DagBag from /opt/airflow/dags/orderbook_to_parquet_minio.py
[2026-04-20T03:21:26.634+0000] {processor.py:840} INFO - DAG(s) 'orderbook_backto_minio_parquet' retrieved from /opt/airflow/dags/orderbook_to_parquet_minio.py
[2026-04-20T03:21:26.651+0000] {logging_mixin.py:188} INFO - [2026-04-20T03:21:26.650+0000] {dag.py:3089} INFO - Sync 1 DAGs
[2026-04-20T03:21:26.675+0000] {logging_mixin.py:188} INFO - [2026-04-20T03:21:26.675+0000] {dag.py:3947} INFO - Setting next_dagrun for orderbook_backto_minio_parquet to 2026-04-19 02:00:00+00:00, run_after=2026-04-20 02:00:00+00:00
[2026-04-20T03:21:26.719+0000] {processor.py:183} INFO - Processing /opt/airflow/dags/orderbook_to_parquet_minio.py took 0.135 seconds
[2026-04-20T03:21:57.667+0000] {processor.py:161} INFO - Started process (PID=212) to work on /opt/airflow/dags/orderbook_to_parquet_minio.py
[2026-04-20T03:21:57.669+0000] {processor.py:830} INFO - Processing file /opt/airflow/dags/orderbook_to_parquet_minio.py for tasks to queue
[2026-04-20T03:21:57.672+0000] {logging_mixin.py:188} INFO - [2026-04-20T03:21:57.671+0000] {dagbag.py:545} INFO - Filling up the DagBag from /opt/airflow/dags/orderbook_to_parquet_minio.py
[2026-04-20T03:21:57.726+0000] {processor.py:840} INFO - DAG(s) 'orderbook_backto_minio_parquet' retrieved from /opt/airflow/dags/orderbook_to_parquet_minio.py
[2026-04-20T03:21:57.749+0000] {logging_mixin.py:188} INFO - [2026-04-20T03:21:57.748+0000] {dag.py:3089} INFO - Sync 1 DAGs
[2026-04-20T03:21:57.778+0000] {logging_mixin.py:188} INFO - [2026-04-20T03:21:57.777+0000] {dag.py:3947} INFO - Setting next_dagrun for orderbook_backto_minio_parquet to 2026-04-19 02:00:00+00:00, run_after=2026-04-20 02:00:00+00:00
[2026-04-20T03:21:58.149+0000] {processor.py:183} INFO - Processing /opt/airflow/dags/orderbook_to_parquet_minio.py took 0.490 seconds
[2026-04-20T03:22:28.894+0000] {processor.py:161} INFO - Started process (PID=237) to work on /opt/airflow/dags/orderbook_to_parquet_minio.py
[2026-04-20T03:22:28.895+0000] {processor.py:830} INFO - Processing file /opt/airflow/dags/orderbook_to_parquet_minio.py for tasks to queue
[2026-04-20T03:22:28.898+0000] {logging_mixin.py:188} INFO - [2026-04-20T03:22:28.898+0000] {dagbag.py:545} INFO - Filling up the DagBag from /opt/airflow/dags/orderbook_to_parquet_minio.py
[2026-04-20T03:22:28.949+0000] {processor.py:840} INFO - DAG(s) 'orderbook_backto_minio_parquet' retrieved from /opt/airflow/dags/orderbook_to_parquet_minio.py
[2026-04-20T03:22:28.977+0000] {logging_mixin.py:188} INFO - [2026-04-20T03:22:28.977+0000] {dag.py:3089} INFO - Sync 1 DAGs
[2026-04-20T03:22:29.013+0000] {logging_mixin.py:188} INFO - [2026-04-20T03:22:29.012+0000] {dag.py:3947} INFO - Setting next_dagrun for orderbook_backto_minio_parquet to 2026-04-19 02:00:00+00:00, run_after=2026-04-20 02:00:00+00:00
[2026-04-20T03:22:29.069+0000] {processor.py:183} INFO - Processing /opt/airflow/dags/orderbook_to_parquet_minio.py took 0.184 seconds
[2026-04-20T03:22:59.300+0000] {processor.py:161} INFO - Started process (PID=262) to work on /opt/airflow/dags/orderbook_to_parquet_minio.py
[2026-04-20T03:22:59.301+0000] {processor.py:830} INFO - Processing file /opt/airflow/dags/orderbook_to_parquet_minio.py for tasks to queue
[2026-04-20T03:22:59.305+0000] {logging_mixin.py:188} INFO - [2026-04-20T03:22:59.304+0000] {dagbag.py:545} INFO - Filling up the DagBag from /opt/airflow/dags/orderbook_to_parquet_minio.py
[2026-04-20T03:22:59.366+0000] {processor.py:840} INFO - DAG(s) 'orderbook_backto_minio_parquet' retrieved from /opt/airflow/dags/orderbook_to_parquet_minio.py
[2026-04-20T03:22:59.392+0000] {logging_mixin.py:188} INFO - [2026-04-20T03:22:59.392+0000] {dag.py:3089} INFO - Sync 1 DAGs
[2026-04-20T03:22:59.433+0000] {logging_mixin.py:188} INFO - [2026-04-20T03:22:59.432+0000] {dag.py:3947} INFO - Setting next_dagrun for orderbook_backto_minio_parquet to 2026-04-19 02:00:00+00:00, run_after=2026-04-20 02:00:00+00:00
[2026-04-20T03:22:59.467+0000] {processor.py:183} INFO - Processing /opt/airflow/dags/orderbook_to_parquet_minio.py took 0.177 seconds
[2026-04-20T03:23:29.811+0000] {processor.py:161} INFO - Started process (PID=287) to work on /opt/airflow/dags/orderbook_to_parquet_minio.py
[2026-04-20T03:23:29.812+0000] {processor.py:830} INFO - Processing file /opt/airflow/dags/orderbook_to_parquet_minio.py for tasks to queue
[2026-04-20T03:23:29.814+0000] {logging_mixin.py:188} INFO - [2026-04-20T03:23:29.813+0000] {dagbag.py:545} INFO - Filling up the DagBag from /opt/airflow/dags/orderbook_to_parquet_minio.py
[2026-04-20T03:23:29.847+0000] {processor.py:840} INFO - DAG(s) 'orderbook_backto_minio_parquet' retrieved from /opt/airflow/dags/orderbook_to_parquet_minio.py
[2026-04-20T03:23:29.862+0000] {logging_mixin.py:188} INFO - [2026-04-20T03:23:29.862+0000] {dag.py:3089} INFO - Sync 1 DAGs
[2026-04-20T03:23:29.885+0000] {logging_mixin.py:188} INFO - [2026-04-20T03:23:29.885+0000] {dag.py:3947} INFO - Setting next_dagrun for orderbook_backto_minio_parquet to 2026-04-19 02:00:00+00:00, run_after=2026-04-20 02:00:00+00:00
[2026-04-20T03:23:29.909+0000] {processor.py:183} INFO - Processing /opt/airflow/dags/orderbook_to_parquet_minio.py took 0.104 seconds
[2026-04-20T03:24:00.222+0000] {processor.py:161} INFO - Started process (PID=312) to work on /opt/airflow/dags/orderbook_to_parquet_minio.py
[2026-04-20T03:24:00.223+0000] {processor.py:830} INFO - Processing file /opt/airflow/dags/orderbook_to_parquet_minio.py for tasks to queue
[2026-04-20T03:24:00.227+0000] {logging_mixin.py:188} INFO - [2026-04-20T03:24:00.226+0000] {dagbag.py:545} INFO - Filling up the DagBag from /opt/airflow/dags/orderbook_to_parquet_minio.py
[2026-04-20T03:24:00.267+0000] {processor.py:840} INFO - DAG(s) 'orderbook_backto_minio_parquet' retrieved from /opt/airflow/dags/orderbook_to_parquet_minio.py
[2026-04-20T03:24:00.285+0000] {logging_mixin.py:188} INFO - [2026-04-20T03:24:00.285+0000] {dag.py:3089} INFO - Sync 1 DAGs
[2026-04-20T03:24:00.313+0000] {logging_mixin.py:188} INFO - [2026-04-20T03:24:00.313+0000] {dag.py:3947} INFO - Setting next_dagrun for orderbook_backto_minio_parquet to 2026-04-19 02:00:00+00:00, run_after=2026-04-20 02:00:00+00:00
[2026-04-20T03:24:00.337+0000] {processor.py:183} INFO - Processing /opt/airflow/dags/orderbook_to_parquet_minio.py took 0.121 seconds
[2026-04-20T03:24:30.648+0000] {processor.py:161} INFO - Started process (PID=337) to work on /opt/airflow/dags/orderbook_to_parquet_minio.py
[2026-04-20T03:24:30.649+0000] {processor.py:830} INFO - Processing file /opt/airflow/dags/orderbook_to_parquet_minio.py for tasks to queue
[2026-04-20T03:24:30.652+0000] {logging_mixin.py:188} INFO - [2026-04-20T03:24:30.651+0000] {dagbag.py:545} INFO - Filling up the DagBag from /opt/airflow/dags/orderbook_to_parquet_minio.py
[2026-04-20T03:24:30.689+0000] {processor.py:840} INFO - DAG(s) 'orderbook_backto_minio_parquet' retrieved from /opt/airflow/dags/orderbook_to_parquet_minio.py
[2026-04-20T03:24:30.710+0000] {logging_mixin.py:188} INFO - [2026-04-20T03:24:30.710+0000] {dag.py:3089} INFO - Sync 1 DAGs
[2026-04-20T03:24:30.735+0000] {logging_mixin.py:188} INFO - [2026-04-20T03:24:30.735+0000] {dag.py:3947} INFO - Setting next_dagrun for orderbook_backto_minio_parquet to 2026-04-19 02:00:00+00:00, run_after=2026-04-20 02:00:00+00:00
[2026-04-20T03:24:30.761+0000] {processor.py:183} INFO - Processing /opt/airflow/dags/orderbook_to_parquet_minio.py took 0.120 seconds
[2026-04-20T03:25:01.352+0000] {processor.py:161} INFO - Started process (PID=368) to work on /opt/airflow/dags/orderbook_to_parquet_minio.py
[2026-04-20T03:25:01.353+0000] {processor.py:830} INFO - Processing file /opt/airflow/dags/orderbook_to_parquet_minio.py for tasks to queue
[2026-04-20T03:25:01.355+0000] {logging_mixin.py:188} INFO - [2026-04-20T03:25:01.355+0000] {dagbag.py:545} INFO - Filling up the DagBag from /opt/airflow/dags/orderbook_to_parquet_minio.py
[2026-04-20T03:25:01.400+0000] {processor.py:840} INFO - DAG(s) 'orderbook_backto_minio_parquet' retrieved from /opt/airflow/dags/orderbook_to_parquet_minio.py
[2026-04-20T03:25:01.436+0000] {logging_mixin.py:188} INFO - [2026-04-20T03:25:01.436+0000] {dag.py:3089} INFO - Sync 1 DAGs
[2026-04-20T03:25:01.463+0000] {logging_mixin.py:188} INFO - [2026-04-20T03:25:01.463+0000] {dag.py:3947} INFO - Setting next_dagrun for orderbook_backto_minio_parquet to 2026-04-19 02:00:00+00:00, run_after=2026-04-20 02:00:00+00:00
[2026-04-20T03:25:01.492+0000] {processor.py:183} INFO - Processing /opt/airflow/dags/orderbook_to_parquet_minio.py took 0.147 seconds
[2026-04-20T03:25:31.576+0000] {processor.py:161} INFO - Started process (PID=394) to work on /opt/airflow/dags/orderbook_to_parquet_minio.py
[2026-04-20T03:25:31.577+0000] {processor.py:830} INFO - Processing file /opt/airflow/dags/orderbook_to_parquet_minio.py for tasks to queue
[2026-04-20T03:25:31.579+0000] {logging_mixin.py:188} INFO - [2026-04-20T03:25:31.579+0000] {dagbag.py:545} INFO - Filling up the DagBag from /opt/airflow/dags/orderbook_to_parquet_minio.py
[2026-04-20T03:25:31.617+0000] {processor.py:840} INFO - DAG(s) 'orderbook_backto_minio_parquet' retrieved from /opt/airflow/dags/orderbook_to_parquet_minio.py
[2026-04-20T03:25:31.633+0000] {logging_mixin.py:188} INFO - [2026-04-20T03:25:31.633+0000] {dag.py:3089} INFO - Sync 1 DAGs
[2026-04-20T03:25:31.659+0000] {logging_mixin.py:188} INFO - [2026-04-20T03:25:31.659+0000] {dag.py:3947} INFO - Setting next_dagrun for orderbook_backto_minio_parquet to 2026-04-19 02:00:00+00:00, run_after=2026-04-20 02:00:00+00:00
[2026-04-20T03:25:31.753+0000] {processor.py:183} INFO - Processing /opt/airflow/dags/orderbook_to_parquet_minio.py took 0.183 seconds
[2026-04-20T03:26:02.451+0000] {processor.py:161} INFO - Started process (PID=419) to work on /opt/airflow/dags/orderbook_to_parquet_minio.py
[2026-04-20T03:26:02.452+0000] {processor.py:830} INFO - Processing file /opt/airflow/dags/orderbook_to_parquet_minio.py for tasks to queue
[2026-04-20T03:26:02.455+0000] {logging_mixin.py:188} INFO - [2026-04-20T03:26:02.454+0000] {dagbag.py:545} INFO - Filling up the DagBag from /opt/airflow/dags/orderbook_to_parquet_minio.py
[2026-04-20T03:26:02.494+0000] {processor.py:840} INFO - DAG(s) 'orderbook_backto_minio_parquet' retrieved from /opt/airflow/dags/orderbook_to_parquet_minio.py
[2026-04-20T03:26:02.512+0000] {logging_mixin.py:188} INFO - [2026-04-20T03:26:02.512+0000] {dag.py:3089} INFO - Sync 1 DAGs
[2026-04-20T03:26:02.539+0000] {logging_mixin.py:188} INFO - [2026-04-20T03:26:02.539+0000] {dag.py:3947} INFO - Setting next_dagrun for orderbook_backto_minio_parquet to 2026-04-19 02:00:00+00:00, run_after=2026-04-20 02:00:00+00:00
[2026-04-20T03:26:02.563+0000] {processor.py:183} INFO - Processing /opt/airflow/dags/orderbook_to_parquet_minio.py took 0.119 seconds
[2026-04-20T03:26:32.949+0000] {processor.py:161} INFO - Started process (PID=444) to work on /opt/airflow/dags/orderbook_to_parquet_minio.py
[2026-04-20T03:26:32.950+0000] {processor.py:830} INFO - Processing file /opt/airflow/dags/orderbook_to_parquet_minio.py for tasks to queue
[2026-04-20T03:26:32.952+0000] {logging_mixin.py:188} INFO - [2026-04-20T03:26:32.952+0000] {dagbag.py:545} INFO - Filling up the DagBag from /opt/airflow/dags/orderbook_to_parquet_minio.py
[2026-04-20T03:26:32.985+0000] {processor.py:840} INFO - DAG(s) 'orderbook_backto_minio_parquet' retrieved from /opt/airflow/dags/orderbook_to_parquet_minio.py
[2026-04-20T03:26:33.001+0000] {logging_mixin.py:188} INFO - [2026-04-20T03:26:33.000+0000] {dag.py:3089} INFO - Sync 1 DAGs
[2026-04-20T03:26:33.022+0000] {logging_mixin.py:188} INFO - [2026-04-20T03:26:33.022+0000] {dag.py:3947} INFO - Setting next_dagrun for orderbook_backto_minio_parquet to 2026-04-19 02:00:00+00:00, run_after=2026-04-20 02:00:00+00:00
[2026-04-20T03:26:33.149+0000] {processor.py:183} INFO - Processing /opt/airflow/dags/orderbook_to_parquet_minio.py took 0.205 seconds
[2026-04-20T03:27:03.566+0000] {processor.py:161} INFO - Started process (PID=470) to work on /opt/airflow/dags/orderbook_to_parquet_minio.py
[2026-04-20T03:27:03.568+0000] {processor.py:830} INFO - Processing file /opt/airflow/dags/orderbook_to_parquet_minio.py for tasks to queue
[2026-04-20T03:27:03.572+0000] {logging_mixin.py:188} INFO - [2026-04-20T03:27:03.572+0000] {dagbag.py:545} INFO - Filling up the DagBag from /opt/airflow/dags/orderbook_to_parquet_minio.py
[2026-04-20T03:27:03.723+0000] {processor.py:840} INFO - DAG(s) 'orderbook_backto_minio_parquet' retrieved from /opt/airflow/dags/orderbook_to_parquet_minio.py
[2026-04-20T03:27:03.768+0000] {logging_mixin.py:188} INFO - [2026-04-20T03:27:03.768+0000] {dag.py:3089} INFO - Sync 1 DAGs
[2026-04-20T03:27:03.865+0000] {logging_mixin.py:188} INFO - [2026-04-20T03:27:03.865+0000] {dag.py:3947} INFO - Setting next_dagrun for orderbook_backto_minio_parquet to 2026-04-19 02:00:00+00:00, run_after=2026-04-20 02:00:00+00:00
[2026-04-20T03:27:03.902+0000] {processor.py:183} INFO - Processing /opt/airflow/dags/orderbook_to_parquet_minio.py took 0.352 seconds
[2026-04-20T03:27:34.655+0000] {processor.py:161} INFO - Started process (PID=495) to work on /opt/airflow/dags/orderbook_to_parquet_minio.py
[2026-04-20T03:27:34.657+0000] {processor.py:830} INFO - Processing file /opt/airflow/dags/orderbook_to_parquet_minio.py for tasks to queue
[2026-04-20T03:27:34.659+0000] {logging_mixin.py:188} INFO - [2026-04-20T03:27:34.659+0000] {dagbag.py:545} INFO - Filling up the DagBag from /opt/airflow/dags/orderbook_to_parquet_minio.py
[2026-04-20T03:27:34.701+0000] {processor.py:840} INFO - DAG(s) 'orderbook_backto_minio_parquet' retrieved from /opt/airflow/dags/orderbook_to_parquet_minio.py
[2026-04-20T03:27:34.719+0000] {logging_mixin.py:188} INFO - [2026-04-20T03:27:34.719+0000] {dag.py:3089} INFO - Sync 1 DAGs
[2026-04-20T03:27:34.744+0000] {logging_mixin.py:188} INFO - [2026-04-20T03:27:34.744+0000] {dag.py:3947} INFO - Setting next_dagrun for orderbook_backto_minio_parquet to 2026-04-19 02:00:00+00:00, run_after=2026-04-20 02:00:00+00:00
[2026-04-20T03:27:34.768+0000] {processor.py:183} INFO - Processing /opt/airflow/dags/orderbook_to_parquet_minio.py took 0.120 seconds
[2026-04-20T03:28:05.500+0000] {processor.py:161} INFO - Started process (PID=520) to work on /opt/airflow/dags/orderbook_to_parquet_minio.py
[2026-04-20T03:28:05.501+0000] {processor.py:830} INFO - Processing file /opt/airflow/dags/orderbook_to_parquet_minio.py for tasks to queue
[2026-04-20T03:28:05.504+0000] {logging_mixin.py:188} INFO - [2026-04-20T03:28:05.504+0000] {dagbag.py:545} INFO - Filling up the DagBag from /opt/airflow/dags/orderbook_to_parquet_minio.py
[2026-04-20T03:28:05.542+0000] {processor.py:840} INFO - DAG(s) 'orderbook_backto_minio_parquet' retrieved from /opt/airflow/dags/orderbook_to_parquet_minio.py
[2026-04-20T03:28:05.558+0000] {logging_mixin.py:188} INFO - [2026-04-20T03:28:05.558+0000] {dag.py:3089} INFO - Sync 1 DAGs
[2026-04-20T03:28:05.583+0000] {logging_mixin.py:188} INFO - [2026-04-20T03:28:05.583+0000] {dag.py:3947} INFO - Setting next_dagrun for orderbook_backto_minio_parquet to 2026-04-19 02:00:00+00:00, run_after=2026-04-20 02:00:00+00:00
[2026-04-20T03:28:05.611+0000] {processor.py:183} INFO - Processing /opt/airflow/dags/orderbook_to_parquet_minio.py took 0.119 seconds
[2026-04-20T03:28:36.125+0000] {processor.py:161} INFO - Started process (PID=545) to work on /opt/airflow/dags/orderbook_to_parquet_minio.py
[2026-04-20T03:28:36.144+0000] {processor.py:830} INFO - Processing file /opt/airflow/dags/orderbook_to_parquet_minio.py for tasks to queue
[2026-04-20T03:28:36.149+0000] {logging_mixin.py:188} INFO - [2026-04-20T03:28:36.148+0000] {dagbag.py:545} INFO - Filling up the DagBag from /opt/airflow/dags/orderbook_to_parquet_minio.py
[2026-04-20T03:28:36.274+0000] {processor.py:840} INFO - DAG(s) 'orderbook_backto_minio_parquet' retrieved from /opt/airflow/dags/orderbook_to_parquet_minio.py
[2026-04-20T03:28:36.314+0000] {logging_mixin.py:188} INFO - [2026-04-20T03:28:36.314+0000] {dag.py:3089} INFO - Sync 1 DAGs
[2026-04-20T03:28:36.377+0000] {logging_mixin.py:188} INFO - [2026-04-20T03:28:36.377+0000] {dag.py:3947} INFO - Setting next_dagrun for orderbook_backto_minio_parquet to 2026-04-19 02:00:00+00:00, run_after=2026-04-20 02:00:00+00:00
[2026-04-20T03:28:36.426+0000] {processor.py:183} INFO - Processing /opt/airflow/dags/orderbook_to_parquet_minio.py took 0.311 seconds
[2026-04-20T03:29:06.504+0000] {processor.py:161} INFO - Started process (PID=570) to work on /opt/airflow/dags/orderbook_to_parquet_minio.py
[2026-04-20T03:29:06.505+0000] {processor.py:830} INFO - Processing file /opt/airflow/dags/orderbook_to_parquet_minio.py for tasks to queue
[2026-04-20T03:29:06.507+0000] {logging_mixin.py:188} INFO - [2026-04-20T03:29:06.507+0000] {dagbag.py:545} INFO - Filling up the DagBag from /opt/airflow/dags/orderbook_to_parquet_minio.py
[2026-04-20T03:29:06.542+0000] {processor.py:840} INFO - DAG(s) 'orderbook_backto_minio_parquet' retrieved from /opt/airflow/dags/orderbook_to_parquet_minio.py
[2026-04-20T03:29:06.558+0000] {logging_mixin.py:188} INFO - [2026-04-20T03:29:06.558+0000] {dag.py:3089} INFO - Sync 1 DAGs
[2026-04-20T03:29:06.580+0000] {logging_mixin.py:188} INFO - [2026-04-20T03:29:06.580+0000] {dag.py:3947} INFO - Setting next_dagrun for orderbook_backto_minio_parquet to 2026-04-19 02:00:00+00:00, run_after=2026-04-20 02:00:00+00:00
[2026-04-20T03:29:06.607+0000] {processor.py:183} INFO - Processing /opt/airflow/dags/orderbook_to_parquet_minio.py took 0.110 seconds
[2026-04-20T03:29:37.175+0000] {processor.py:161} INFO - Started process (PID=595) to work on /opt/airflow/dags/orderbook_to_parquet_minio.py
[2026-04-20T03:29:37.176+0000] {processor.py:830} INFO - Processing file /opt/airflow/dags/orderbook_to_parquet_minio.py for tasks to queue
[2026-04-20T03:29:37.179+0000] {logging_mixin.py:188} INFO - [2026-04-20T03:29:37.179+0000] {dagbag.py:545} INFO - Filling up the DagBag from /opt/airflow/dags/orderbook_to_parquet_minio.py
[2026-04-20T03:29:37.225+0000] {processor.py:840} INFO - DAG(s) 'orderbook_backto_minio_parquet' retrieved from /opt/airflow/dags/orderbook_to_parquet_minio.py
[2026-04-20T03:29:37.249+0000] {logging_mixin.py:188} INFO - [2026-04-20T03:29:37.249+0000] {dag.py:3089} INFO - Sync 1 DAGs
[2026-04-20T03:29:37.280+0000] {logging_mixin.py:188} INFO - [2026-04-20T03:29:37.280+0000] {dag.py:3947} INFO - Setting next_dagrun for orderbook_backto_minio_parquet to 2026-04-19 02:00:00+00:00, run_after=2026-04-20 02:00:00+00:00
[2026-04-20T03:29:37.311+0000] {processor.py:183} INFO - Processing /opt/airflow/dags/orderbook_to_parquet_minio.py took 0.144 seconds
[2026-04-20T03:30:08.190+0000] {processor.py:161} INFO - Started process (PID=620) to work on /opt/airflow/dags/orderbook_to_parquet_minio.py
[2026-04-20T03:30:08.192+0000] {processor.py:830} INFO - Processing file /opt/airflow/dags/orderbook_to_parquet_minio.py for tasks to queue
[2026-04-20T03:30:08.195+0000] {logging_mixin.py:188} INFO - [2026-04-20T03:30:08.195+0000] {dagbag.py:545} INFO - Filling up the DagBag from /opt/airflow/dags/orderbook_to_parquet_minio.py
[2026-04-20T03:30:08.246+0000] {processor.py:840} INFO - DAG(s) 'orderbook_backto_minio_parquet' retrieved from /opt/airflow/dags/orderbook_to_parquet_minio.py
[2026-04-20T03:30:08.266+0000] {logging_mixin.py:188} INFO - [2026-04-20T03:30:08.266+0000] {dag.py:3089} INFO - Sync 1 DAGs
[2026-04-20T03:30:08.297+0000] {logging_mixin.py:188} INFO - [2026-04-20T03:30:08.296+0000] {dag.py:3947} INFO - Setting next_dagrun for orderbook_backto_minio_parquet to 2026-04-19 02:00:00+00:00, run_after=2026-04-20 02:00:00+00:00
[2026-04-20T03:30:08.322+0000] {processor.py:183} INFO - Processing /opt/airflow/dags/orderbook_to_parquet_minio.py took 0.139 seconds
[2026-04-20T03:30:39.005+0000] {processor.py:161} INFO - Started process (PID=645) to work on /opt/airflow/dags/orderbook_to_parquet_minio.py
[2026-04-20T03:30:39.005+0000] {processor.py:830} INFO - Processing file /opt/airflow/dags/orderbook_to_parquet_minio.py for tasks to queue
[2026-04-20T03:30:39.008+0000] {logging_mixin.py:188} INFO - [2026-04-20T03:30:39.007+0000] {dagbag.py:545} INFO - Filling up the DagBag from /opt/airflow/dags/orderbook_to_parquet_minio.py
[2026-04-20T03:30:39.044+0000] {processor.py:840} INFO - DAG(s) 'orderbook_backto_minio_parquet' retrieved from /opt/airflow/dags/orderbook_to_parquet_minio.py
[2026-04-20T03:30:39.061+0000] {logging_mixin.py:188} INFO - [2026-04-20T03:30:39.060+0000] {dag.py:3089} INFO - Sync 1 DAGs
[2026-04-20T03:30:39.082+0000] {logging_mixin.py:188} INFO - [2026-04-20T03:30:39.082+0000] {dag.py:3947} INFO - Setting next_dagrun for orderbook_backto_minio_parquet to 2026-04-19 02:00:00+00:00, run_after=2026-04-20 02:00:00+00:00
[2026-04-20T03:30:39.106+0000] {processor.py:183} INFO - Processing /opt/airflow/dags/orderbook_to_parquet_minio.py took 0.107 seconds
[2026-04-20T03:31:09.742+0000] {processor.py:161} INFO - Started process (PID=670) to work on /opt/airflow/dags/orderbook_to_parquet_minio.py
[2026-04-20T03:31:09.743+0000] {processor.py:830} INFO - Processing file /opt/airflow/dags/orderbook_to_parquet_minio.py for tasks to queue
[2026-04-20T03:31:09.747+0000] {logging_mixin.py:188} INFO - [2026-04-20T03:31:09.746+0000] {dagbag.py:545} INFO - Filling up the DagBag from /opt/airflow/dags/orderbook_to_parquet_minio.py
[2026-04-20T03:31:09.790+0000] {processor.py:840} INFO - DAG(s) 'orderbook_backto_minio_parquet' retrieved from /opt/airflow/dags/orderbook_to_parquet_minio.py
[2026-04-20T03:31:09.810+0000] {logging_mixin.py:188} INFO - [2026-04-20T03:31:09.809+0000] {dag.py:3089} INFO - Sync 1 DAGs
[2026-04-20T03:31:09.835+0000] {logging_mixin.py:188} INFO - [2026-04-20T03:31:09.835+0000] {dag.py:3947} INFO - Setting next_dagrun for orderbook_backto_minio_parquet to 2026-04-19 02:00:00+00:00, run_after=2026-04-20 02:00:00+00:00
[2026-04-20T03:31:09.861+0000] {processor.py:183} INFO - Processing /opt/airflow/dags/orderbook_to_parquet_minio.py took 0.125 seconds
[2026-04-20T13:48:25.808+0000] {processor.py:161} INFO - Started process (PID=70) to work on /opt/airflow/dags/orderbook_to_parquet_minio.py
[2026-04-20T13:48:25.810+0000] {processor.py:830} INFO - Processing file /opt/airflow/dags/orderbook_to_parquet_minio.py for tasks to queue
[2026-04-20T13:48:25.812+0000] {logging_mixin.py:188} INFO - [2026-04-20T13:48:25.811+0000] {dagbag.py:545} INFO - Filling up the DagBag from /opt/airflow/dags/orderbook_to_parquet_minio.py
[2026-04-20T13:48:25.841+0000] {processor.py:840} INFO - DAG(s) 'orderbook_backto_minio_parquet' retrieved from /opt/airflow/dags/orderbook_to_parquet_minio.py
[2026-04-20T13:48:25.923+0000] {logging_mixin.py:188} INFO - [2026-04-20T13:48:25.923+0000] {dag.py:3089} INFO - Sync 1 DAGs
[2026-04-20T13:48:25.942+0000] {logging_mixin.py:188} INFO - [2026-04-20T13:48:25.941+0000] {dag.py:3947} INFO - Setting next_dagrun for orderbook_backto_minio_parquet to 2026-04-19 02:00:00+00:00, run_after=2026-04-20 02:00:00+00:00
[2026-04-20T13:48:25.959+0000] {processor.py:183} INFO - Processing /opt/airflow/dags/orderbook_to_parquet_minio.py took 0.157 seconds
[2026-04-20T13:48:56.467+0000] {processor.py:161} INFO - Started process (PID=95) to work on /opt/airflow/dags/orderbook_to_parquet_minio.py
[2026-04-20T13:48:56.468+0000] {processor.py:830} INFO - Processing file /opt/airflow/dags/orderbook_to_parquet_minio.py for tasks to queue
[2026-04-20T13:48:56.470+0000] {logging_mixin.py:188} INFO - [2026-04-20T13:48:56.470+0000] {dagbag.py:545} INFO - Filling up the DagBag from /opt/airflow/dags/orderbook_to_parquet_minio.py
[2026-04-20T13:48:56.503+0000] {processor.py:840} INFO - DAG(s) 'orderbook_backto_minio_parquet' retrieved from /opt/airflow/dags/orderbook_to_parquet_minio.py
[2026-04-20T13:48:56.529+0000] {logging_mixin.py:188} INFO - [2026-04-20T13:48:56.528+0000] {dag.py:3089} INFO - Sync 1 DAGs
[2026-04-20T13:48:56.556+0000] {logging_mixin.py:188} INFO - [2026-04-20T13:48:56.556+0000] {dag.py:3947} INFO - Setting next_dagrun for orderbook_backto_minio_parquet to 2026-04-19 02:00:00+00:00, run_after=2026-04-20 02:00:00+00:00
[2026-04-20T13:48:56.577+0000] {processor.py:183} INFO - Processing /opt/airflow/dags/orderbook_to_parquet_minio.py took 0.116 seconds
[2026-04-20T13:49:27.379+0000] {processor.py:161} INFO - Started process (PID=126) to work on /opt/airflow/dags/orderbook_to_parquet_minio.py
[2026-04-20T13:49:27.380+0000] {processor.py:830} INFO - Processing file /opt/airflow/dags/orderbook_to_parquet_minio.py for tasks to queue
[2026-04-20T13:49:27.382+0000] {logging_mixin.py:188} INFO - [2026-04-20T13:49:27.382+0000] {dagbag.py:545} INFO - Filling up the DagBag from /opt/airflow/dags/orderbook_to_parquet_minio.py
[2026-04-20T13:49:27.420+0000] {processor.py:840} INFO - DAG(s) 'orderbook_backto_minio_parquet' retrieved from /opt/airflow/dags/orderbook_to_parquet_minio.py
[2026-04-20T13:49:27.442+0000] {logging_mixin.py:188} INFO - [2026-04-20T13:49:27.442+0000] {dag.py:3089} INFO - Sync 1 DAGs
[2026-04-20T13:49:27.469+0000] {logging_mixin.py:188} INFO - [2026-04-20T13:49:27.469+0000] {dag.py:3947} INFO - Setting next_dagrun for orderbook_backto_minio_parquet to 2026-04-19 02:00:00+00:00, run_after=2026-04-20 02:00:00+00:00
[2026-04-20T13:49:27.489+0000] {processor.py:183} INFO - Processing /opt/airflow/dags/orderbook_to_parquet_minio.py took 0.116 seconds
[2026-04-20T13:49:58.178+0000] {processor.py:161} INFO - Started process (PID=151) to work on /opt/airflow/dags/orderbook_to_parquet_minio.py
[2026-04-20T13:49:58.179+0000] {processor.py:830} INFO - Processing file /opt/airflow/dags/orderbook_to_parquet_minio.py for tasks to queue
[2026-04-20T13:49:58.181+0000] {logging_mixin.py:188} INFO - [2026-04-20T13:49:58.181+0000] {dagbag.py:545} INFO - Filling up the DagBag from /opt/airflow/dags/orderbook_to_parquet_minio.py
[2026-04-20T13:49:58.220+0000] {processor.py:840} INFO - DAG(s) 'orderbook_backto_minio_parquet' retrieved from /opt/airflow/dags/orderbook_to_parquet_minio.py
[2026-04-20T13:49:58.237+0000] {logging_mixin.py:188} INFO - [2026-04-20T13:49:58.237+0000] {dag.py:3089} INFO - Sync 1 DAGs
[2026-04-20T13:49:58.261+0000] {logging_mixin.py:188} INFO - [2026-04-20T13:49:58.260+0000] {dag.py:3947} INFO - Setting next_dagrun for orderbook_backto_minio_parquet to 2026-04-19 02:00:00+00:00, run_after=2026-04-20 02:00:00+00:00
[2026-04-20T13:49:58.292+0000] {processor.py:183} INFO - Processing /opt/airflow/dags/orderbook_to_parquet_minio.py took 0.120 seconds
[2026-04-20T13:50:28.820+0000] {processor.py:161} INFO - Started process (PID=176) to work on /opt/airflow/dags/orderbook_to_parquet_minio.py
[2026-04-20T13:50:28.821+0000] {processor.py:830} INFO - Processing file /opt/airflow/dags/orderbook_to_parquet_minio.py for tasks to queue
[2026-04-20T13:50:28.824+0000] {logging_mixin.py:188} INFO - [2026-04-20T13:50:28.824+0000] {dagbag.py:545} INFO - Filling up the DagBag from /opt/airflow/dags/orderbook_to_parquet_minio.py
[2026-04-20T13:50:28.856+0000] {processor.py:840} INFO - DAG(s) 'orderbook_backto_minio_parquet' retrieved from /opt/airflow/dags/orderbook_to_parquet_minio.py
[2026-04-20T13:50:28.870+0000] {logging_mixin.py:188} INFO - [2026-04-20T13:50:28.870+0000] {dag.py:3089} INFO - Sync 1 DAGs
[2026-04-20T13:50:28.891+0000] {logging_mixin.py:188} INFO - [2026-04-20T13:50:28.891+0000] {dag.py:3947} INFO - Setting next_dagrun for orderbook_backto_minio_parquet to 2026-04-19 02:00:00+00:00, run_after=2026-04-20 02:00:00+00:00
[2026-04-20T13:50:28.910+0000] {processor.py:183} INFO - Processing /opt/airflow/dags/orderbook_to_parquet_minio.py took 0.096 seconds
[2026-04-20T13:50:59.373+0000] {processor.py:161} INFO - Started process (PID=201) to work on /opt/airflow/dags/orderbook_to_parquet_minio.py
[2026-04-20T13:50:59.374+0000] {processor.py:830} INFO - Processing file /opt/airflow/dags/orderbook_to_parquet_minio.py for tasks to queue
[2026-04-20T13:50:59.376+0000] {logging_mixin.py:188} INFO - [2026-04-20T13:50:59.376+0000] {dagbag.py:545} INFO - Filling up the DagBag from /opt/airflow/dags/orderbook_to_parquet_minio.py
[2026-04-20T13:50:59.408+0000] {processor.py:840} INFO - DAG(s) 'orderbook_backto_minio_parquet' retrieved from /opt/airflow/dags/orderbook_to_parquet_minio.py
[2026-04-20T13:50:59.423+0000] {logging_mixin.py:188} INFO - [2026-04-20T13:50:59.422+0000] {dag.py:3089} INFO - Sync 1 DAGs
[2026-04-20T13:50:59.444+0000] {logging_mixin.py:188} INFO - [2026-04-20T13:50:59.443+0000] {dag.py:3947} INFO - Setting next_dagrun for orderbook_backto_minio_parquet to 2026-04-19 02:00:00+00:00, run_after=2026-04-20 02:00:00+00:00
[2026-04-20T13:50:59.465+0000] {processor.py:183} INFO - Processing /opt/airflow/dags/orderbook_to_parquet_minio.py took 0.097 seconds
[2026-04-20T13:51:30.093+0000] {processor.py:161} INFO - Started process (PID=226) to work on /opt/airflow/dags/orderbook_to_parquet_minio.py
[2026-04-20T13:51:30.094+0000] {processor.py:830} INFO - Processing file /opt/airflow/dags/orderbook_to_parquet_minio.py for tasks to queue
[2026-04-20T13:51:30.096+0000] {logging_mixin.py:188} INFO - [2026-04-20T13:51:30.096+0000] {dagbag.py:545} INFO - Filling up the DagBag from /opt/airflow/dags/orderbook_to_parquet_minio.py
[2026-04-20T13:51:30.125+0000] {processor.py:840} INFO - DAG(s) 'orderbook_backto_minio_parquet' retrieved from /opt/airflow/dags/orderbook_to_parquet_minio.py
[2026-04-20T13:51:30.139+0000] {logging_mixin.py:188} INFO - [2026-04-20T13:51:30.139+0000] {dag.py:3089} INFO - Sync 1 DAGs
[2026-04-20T13:51:30.161+0000] {logging_mixin.py:188} INFO - [2026-04-20T13:51:30.160+0000] {dag.py:3947} INFO - Setting next_dagrun for orderbook_backto_minio_parquet to 2026-04-19 02:00:00+00:00, run_after=2026-04-20 02:00:00+00:00
[2026-04-20T13:51:30.181+0000] {processor.py:183} INFO - Processing /opt/airflow/dags/orderbook_to_parquet_minio.py took 0.093 seconds
[2026-04-20T13:52:00.655+0000] {processor.py:161} INFO - Started process (PID=251) to work on /opt/airflow/dags/orderbook_to_parquet_minio.py
[2026-04-20T13:52:00.661+0000] {processor.py:830} INFO - Processing file /opt/airflow/dags/orderbook_to_parquet_minio.py for tasks to queue
[2026-04-20T13:52:00.663+0000] {logging_mixin.py:188} INFO - [2026-04-20T13:52:00.663+0000] {dagbag.py:545} INFO - Filling up the DagBag from /opt/airflow/dags/orderbook_to_parquet_minio.py
[2026-04-20T13:52:00.703+0000] {processor.py:840} INFO - DAG(s) 'orderbook_backto_minio_parquet' retrieved from /opt/airflow/dags/orderbook_to_parquet_minio.py
[2026-04-20T13:52:00.718+0000] {logging_mixin.py:188} INFO - [2026-04-20T13:52:00.718+0000] {dag.py:3089} INFO - Sync 1 DAGs
[2026-04-20T13:52:00.741+0000] {logging_mixin.py:188} INFO - [2026-04-20T13:52:00.741+0000] {dag.py:3947} INFO - Setting next_dagrun for orderbook_backto_minio_parquet to 2026-04-19 02:00:00+00:00, run_after=2026-04-20 02:00:00+00:00
[2026-04-20T13:52:00.766+0000] {processor.py:183} INFO - Processing /opt/airflow/dags/orderbook_to_parquet_minio.py took 0.116 seconds
[2026-04-20T13:52:30.891+0000] {processor.py:161} INFO - Started process (PID=276) to work on /opt/airflow/dags/orderbook_to_parquet_minio.py
[2026-04-20T13:52:30.892+0000] {processor.py:830} INFO - Processing file /opt/airflow/dags/orderbook_to_parquet_minio.py for tasks to queue
[2026-04-20T13:52:30.894+0000] {logging_mixin.py:188} INFO - [2026-04-20T13:52:30.893+0000] {dagbag.py:545} INFO - Filling up the DagBag from /opt/airflow/dags/orderbook_to_parquet_minio.py
[2026-04-20T13:52:30.922+0000] {processor.py:840} INFO - DAG(s) 'orderbook_backto_minio_parquet' retrieved from /opt/airflow/dags/orderbook_to_parquet_minio.py
[2026-04-20T13:52:30.936+0000] {logging_mixin.py:188} INFO - [2026-04-20T13:52:30.936+0000] {dag.py:3089} INFO - Sync 1 DAGs
[2026-04-20T13:52:30.956+0000] {logging_mixin.py:188} INFO - [2026-04-20T13:52:30.956+0000] {dag.py:3947} INFO - Setting next_dagrun for orderbook_backto_minio_parquet to 2026-04-19 02:00:00+00:00, run_after=2026-04-20 02:00:00+00:00
[2026-04-20T13:52:30.976+0000] {processor.py:183} INFO - Processing /opt/airflow/dags/orderbook_to_parquet_minio.py took 0.090 seconds
[2026-04-20T13:53:01.689+0000] {processor.py:161} INFO - Started process (PID=302) to work on /opt/airflow/dags/orderbook_to_parquet_minio.py
[2026-04-20T13:53:01.690+0000] {processor.py:830} INFO - Processing file /opt/airflow/dags/orderbook_to_parquet_minio.py for tasks to queue
[2026-04-20T13:53:01.692+0000] {logging_mixin.py:188} INFO - [2026-04-20T13:53:01.691+0000] {dagbag.py:545} INFO - Filling up the DagBag from /opt/airflow/dags/orderbook_to_parquet_minio.py
[2026-04-20T13:53:01.724+0000] {processor.py:840} INFO - DAG(s) 'orderbook_backto_minio_parquet' retrieved from /opt/airflow/dags/orderbook_to_parquet_minio.py
[2026-04-20T13:53:01.737+0000] {logging_mixin.py:188} INFO - [2026-04-20T13:53:01.737+0000] {dag.py:3089} INFO - Sync 1 DAGs
[2026-04-20T13:53:01.758+0000] {logging_mixin.py:188} INFO - [2026-04-20T13:53:01.758+0000] {dag.py:3947} INFO - Setting next_dagrun for orderbook_backto_minio_parquet to 2026-04-19 02:00:00+00:00, run_after=2026-04-20 02:00:00+00:00
[2026-04-20T13:53:01.782+0000] {processor.py:183} INFO - Processing /opt/airflow/dags/orderbook_to_parquet_minio.py took 0.098 seconds
[2026-04-20T13:53:31.995+0000] {processor.py:161} INFO - Started process (PID=327) to work on /opt/airflow/dags/orderbook_to_parquet_minio.py
[2026-04-20T13:53:31.996+0000] {processor.py:830} INFO - Processing file /opt/airflow/dags/orderbook_to_parquet_minio.py for tasks to queue
[2026-04-20T13:53:31.999+0000] {logging_mixin.py:188} INFO - [2026-04-20T13:53:31.998+0000] {dagbag.py:545} INFO - Filling up the DagBag from /opt/airflow/dags/orderbook_to_parquet_minio.py
[2026-04-20T13:53:32.030+0000] {processor.py:840} INFO - DAG(s) 'orderbook_backto_minio_parquet' retrieved from /opt/airflow/dags/orderbook_to_parquet_minio.py
[2026-04-20T13:53:32.044+0000] {logging_mixin.py:188} INFO - [2026-04-20T13:53:32.044+0000] {dag.py:3089} INFO - Sync 1 DAGs
[2026-04-20T13:53:32.066+0000] {logging_mixin.py:188} INFO - [2026-04-20T13:53:32.065+0000] {dag.py:3947} INFO - Setting next_dagrun for orderbook_backto_minio_parquet to 2026-04-19 02:00:00+00:00, run_after=2026-04-20 02:00:00+00:00
[2026-04-20T13:53:32.086+0000] {processor.py:183} INFO - Processing /opt/airflow/dags/orderbook_to_parquet_minio.py took 0.097 seconds
[2026-04-20T13:54:02.852+0000] {processor.py:161} INFO - Started process (PID=352) to work on /opt/airflow/dags/orderbook_to_parquet_minio.py
[2026-04-20T13:54:02.853+0000] {processor.py:830} INFO - Processing file /opt/airflow/dags/orderbook_to_parquet_minio.py for tasks to queue
[2026-04-20T13:54:02.855+0000] {logging_mixin.py:188} INFO - [2026-04-20T13:54:02.855+0000] {dagbag.py:545} INFO - Filling up the DagBag from /opt/airflow/dags/orderbook_to_parquet_minio.py
[2026-04-20T13:54:02.885+0000] {processor.py:840} INFO - DAG(s) 'orderbook_backto_minio_parquet' retrieved from /opt/airflow/dags/orderbook_to_parquet_minio.py
[2026-04-20T13:54:02.899+0000] {logging_mixin.py:188} INFO - [2026-04-20T13:54:02.899+0000] {dag.py:3089} INFO - Sync 1 DAGs
[2026-04-20T13:54:02.919+0000] {logging_mixin.py:188} INFO - [2026-04-20T13:54:02.919+0000] {dag.py:3947} INFO - Setting next_dagrun for orderbook_backto_minio_parquet to 2026-04-19 02:00:00+00:00, run_after=2026-04-20 02:00:00+00:00
[2026-04-20T13:54:02.937+0000] {processor.py:183} INFO - Processing /opt/airflow/dags/orderbook_to_parquet_minio.py took 0.090 seconds
[2026-04-20T13:54:33.643+0000] {processor.py:161} INFO - Started process (PID=377) to work on /opt/airflow/dags/orderbook_to_parquet_minio.py
[2026-04-20T13:54:33.644+0000] {processor.py:830} INFO - Processing file /opt/airflow/dags/orderbook_to_parquet_minio.py for tasks to queue
[2026-04-20T13:54:33.647+0000] {logging_mixin.py:188} INFO - [2026-04-20T13:54:33.647+0000] {dagbag.py:545} INFO - Filling up the DagBag from /opt/airflow/dags/orderbook_to_parquet_minio.py
[2026-04-20T13:54:33.682+0000] {processor.py:840} INFO - DAG(s) 'orderbook_backto_minio_parquet' retrieved from /opt/airflow/dags/orderbook_to_parquet_minio.py
[2026-04-20T13:54:33.697+0000] {logging_mixin.py:188} INFO - [2026-04-20T13:54:33.697+0000] {dag.py:3089} INFO - Sync 1 DAGs
[2026-04-20T13:54:33.718+0000] {logging_mixin.py:188} INFO - [2026-04-20T13:54:33.718+0000] {dag.py:3947} INFO - Setting next_dagrun for orderbook_backto_minio_parquet to 2026-04-19 02:00:00+00:00, run_after=2026-04-20 02:00:00+00:00
[2026-04-20T13:54:33.741+0000] {processor.py:183} INFO - Processing /opt/airflow/dags/orderbook_to_parquet_minio.py took 0.104 seconds
[2026-04-20T13:55:04.428+0000] {processor.py:161} INFO - Started process (PID=402) to work on /opt/airflow/dags/orderbook_to_parquet_minio.py
[2026-04-20T13:55:04.429+0000] {processor.py:830} INFO - Processing file /opt/airflow/dags/orderbook_to_parquet_minio.py for tasks to queue
[2026-04-20T13:55:04.431+0000] {logging_mixin.py:188} INFO - [2026-04-20T13:55:04.431+0000] {dagbag.py:545} INFO - Filling up the DagBag from /opt/airflow/dags/orderbook_to_parquet_minio.py
[2026-04-20T13:55:04.465+0000] {processor.py:840} INFO - DAG(s) 'orderbook_backto_minio_parquet' retrieved from /opt/airflow/dags/orderbook_to_parquet_minio.py
[2026-04-20T13:55:04.484+0000] {logging_mixin.py:188} INFO - [2026-04-20T13:55:04.483+0000] {dag.py:3089} INFO - Sync 1 DAGs
[2026-04-20T13:55:04.513+0000] {logging_mixin.py:188} INFO - [2026-04-20T13:55:04.512+0000] {dag.py:3947} INFO - Setting next_dagrun for orderbook_backto_minio_parquet to 2026-04-19 02:00:00+00:00, run_after=2026-04-20 02:00:00+00:00
[2026-04-20T13:55:04.533+0000] {processor.py:183} INFO - Processing /opt/airflow/dags/orderbook_to_parquet_minio.py took 0.111 seconds
[2026-04-20T13:55:35.212+0000] {processor.py:161} INFO - Started process (PID=427) to work on /opt/airflow/dags/orderbook_to_parquet_minio.py
[2026-04-20T13:55:35.213+0000] {processor.py:830} INFO - Processing file /opt/airflow/dags/orderbook_to_parquet_minio.py for tasks to queue
[2026-04-20T13:55:35.215+0000] {logging_mixin.py:188} INFO - [2026-04-20T13:55:35.215+0000] {dagbag.py:545} INFO - Filling up the DagBag from /opt/airflow/dags/orderbook_to_parquet_minio.py
[2026-04-20T13:55:35.245+0000] {processor.py:840} INFO - DAG(s) 'orderbook_backto_minio_parquet' retrieved from /opt/airflow/dags/orderbook_to_parquet_minio.py
[2026-04-20T13:55:35.259+0000] {logging_mixin.py:188} INFO - [2026-04-20T13:55:35.259+0000] {dag.py:3089} INFO - Sync 1 DAGs
[2026-04-20T13:55:35.282+0000] {logging_mixin.py:188} INFO - [2026-04-20T13:55:35.282+0000] {dag.py:3947} INFO - Setting next_dagrun for orderbook_backto_minio_parquet to 2026-04-19 02:00:00+00:00, run_after=2026-04-20 02:00:00+00:00
[2026-04-20T13:55:35.301+0000] {processor.py:183} INFO - Processing /opt/airflow/dags/orderbook_to_parquet_minio.py took 0.094 seconds
[2026-04-20T13:56:05.879+0000] {processor.py:161} INFO - Started process (PID=453) to work on /opt/airflow/dags/orderbook_to_parquet_minio.py
[2026-04-20T13:56:05.880+0000] {processor.py:830} INFO - Processing file /opt/airflow/dags/orderbook_to_parquet_minio.py for tasks to queue
[2026-04-20T13:56:05.883+0000] {logging_mixin.py:188} INFO - [2026-04-20T13:56:05.882+0000] {dagbag.py:545} INFO - Filling up the DagBag from /opt/airflow/dags/orderbook_to_parquet_minio.py
[2026-04-20T13:56:05.913+0000] {processor.py:840} INFO - DAG(s) 'orderbook_backto_minio_parquet' retrieved from /opt/airflow/dags/orderbook_to_parquet_minio.py
[2026-04-20T13:56:05.927+0000] {logging_mixin.py:188} INFO - [2026-04-20T13:56:05.927+0000] {dag.py:3089} INFO - Sync 1 DAGs
[2026-04-20T13:56:05.951+0000] {logging_mixin.py:188} INFO - [2026-04-20T13:56:05.951+0000] {dag.py:3947} INFO - Setting next_dagrun for orderbook_backto_minio_parquet to 2026-04-19 02:00:00+00:00, run_after=2026-04-20 02:00:00+00:00
[2026-04-20T13:56:05.972+0000] {processor.py:183} INFO - Processing /opt/airflow/dags/orderbook_to_parquet_minio.py took 0.098 seconds
[2026-04-20T13:56:36.707+0000] {processor.py:161} INFO - Started process (PID=478) to work on /opt/airflow/dags/orderbook_to_parquet_minio.py
[2026-04-20T13:56:36.708+0000] {processor.py:830} INFO - Processing file /opt/airflow/dags/orderbook_to_parquet_minio.py for tasks to queue
[2026-04-20T13:56:36.710+0000] {logging_mixin.py:188} INFO - [2026-04-20T13:56:36.710+0000] {dagbag.py:545} INFO - Filling up the DagBag from /opt/airflow/dags/orderbook_to_parquet_minio.py
[2026-04-20T13:56:36.744+0000] {processor.py:840} INFO - DAG(s) 'orderbook_backto_minio_parquet' retrieved from /opt/airflow/dags/orderbook_to_parquet_minio.py
[2026-04-20T13:56:36.765+0000] {logging_mixin.py:188} INFO - [2026-04-20T13:56:36.765+0000] {dag.py:3089} INFO - Sync 1 DAGs
[2026-04-20T13:56:36.788+0000] {logging_mixin.py:188} INFO - [2026-04-20T13:56:36.788+0000] {dag.py:3947} INFO - Setting next_dagrun for orderbook_backto_minio_parquet to 2026-04-19 02:00:00+00:00, run_after=2026-04-20 02:00:00+00:00
[2026-04-20T13:56:36.806+0000] {processor.py:183} INFO - Processing /opt/airflow/dags/orderbook_to_parquet_minio.py took 0.107 seconds
[2026-04-20T13:57:07.571+0000] {processor.py:161} INFO - Started process (PID=503) to work on /opt/airflow/dags/orderbook_to_parquet_minio.py
[2026-04-20T13:57:07.572+0000] {processor.py:830} INFO - Processing file /opt/airflow/dags/orderbook_to_parquet_minio.py for tasks to queue
[2026-04-20T13:57:07.576+0000] {logging_mixin.py:188} INFO - [2026-04-20T13:57:07.575+0000] {dagbag.py:545} INFO - Filling up the DagBag from /opt/airflow/dags/orderbook_to_parquet_minio.py
[2026-04-20T13:57:07.610+0000] {processor.py:840} INFO - DAG(s) 'orderbook_backto_minio_parquet' retrieved from /opt/airflow/dags/orderbook_to_parquet_minio.py
[2026-04-20T13:57:07.626+0000] {logging_mixin.py:188} INFO - [2026-04-20T13:57:07.626+0000] {dag.py:3089} INFO - Sync 1 DAGs
[2026-04-20T13:57:07.655+0000] {logging_mixin.py:188} INFO - [2026-04-20T13:57:07.655+0000] {dag.py:3947} INFO - Setting next_dagrun for orderbook_backto_minio_parquet to 2026-04-19 02:00:00+00:00, run_after=2026-04-20 02:00:00+00:00
[2026-04-20T13:57:07.675+0000] {processor.py:183} INFO - Processing /opt/airflow/dags/orderbook_to_parquet_minio.py took 0.111 seconds
[2026-04-20T13:57:38.453+0000] {processor.py:161} INFO - Started process (PID=528) to work on /opt/airflow/dags/orderbook_to_parquet_minio.py
[2026-04-20T13:57:38.454+0000] {processor.py:830} INFO - Processing file /opt/airflow/dags/orderbook_to_parquet_minio.py for tasks to queue
[2026-04-20T13:57:38.457+0000] {logging_mixin.py:188} INFO - [2026-04-20T13:57:38.457+0000] {dagbag.py:545} INFO - Filling up the DagBag from /opt/airflow/dags/orderbook_to_parquet_minio.py
[2026-04-20T13:57:38.494+0000] {processor.py:840} INFO - DAG(s) 'orderbook_backto_minio_parquet' retrieved from /opt/airflow/dags/orderbook_to_parquet_minio.py
[2026-04-20T13:57:38.510+0000] {logging_mixin.py:188} INFO - [2026-04-20T13:57:38.510+0000] {dag.py:3089} INFO - Sync 1 DAGs
[2026-04-20T13:57:38.534+0000] {logging_mixin.py:188} INFO - [2026-04-20T13:57:38.534+0000] {dag.py:3947} INFO - Setting next_dagrun for orderbook_backto_minio_parquet to 2026-04-19 02:00:00+00:00, run_after=2026-04-20 02:00:00+00:00
[2026-04-20T13:57:38.560+0000] {processor.py:183} INFO - Processing /opt/airflow/dags/orderbook_to_parquet_minio.py took 0.113 seconds
[2026-04-20T13:58:08.671+0000] {processor.py:161} INFO - Started process (PID=553) to work on /opt/airflow/dags/orderbook_to_parquet_minio.py
[2026-04-20T13:58:08.672+0000] {processor.py:830} INFO - Processing file /opt/airflow/dags/orderbook_to_parquet_minio.py for tasks to queue
[2026-04-20T13:58:08.674+0000] {logging_mixin.py:188} INFO - [2026-04-20T13:58:08.674+0000] {dagbag.py:545} INFO - Filling up the DagBag from /opt/airflow/dags/orderbook_to_parquet_minio.py
[2026-04-20T13:58:08.707+0000] {processor.py:840} INFO - DAG(s) 'orderbook_backto_minio_parquet' retrieved from /opt/airflow/dags/orderbook_to_parquet_minio.py
[2026-04-20T13:58:08.723+0000] {logging_mixin.py:188} INFO - [2026-04-20T13:58:08.722+0000] {dag.py:3089} INFO - Sync 1 DAGs
[2026-04-20T13:58:08.744+0000] {logging_mixin.py:188} INFO - [2026-04-20T13:58:08.743+0000] {dag.py:3947} INFO - Setting next_dagrun for orderbook_backto_minio_parquet to 2026-04-19 02:00:00+00:00, run_after=2026-04-20 02:00:00+00:00
[2026-04-20T13:58:08.766+0000] {processor.py:183} INFO - Processing /opt/airflow/dags/orderbook_to_parquet_minio.py took 0.102 seconds
[2026-04-20T13:58:39.628+0000] {processor.py:161} INFO - Started process (PID=578) to work on /opt/airflow/dags/orderbook_to_parquet_minio.py
[2026-04-20T13:58:39.629+0000] {processor.py:830} INFO - Processing file /opt/airflow/dags/orderbook_to_parquet_minio.py for tasks to queue
[2026-04-20T13:58:39.632+0000] {logging_mixin.py:188} INFO - [2026-04-20T13:58:39.631+0000] {dagbag.py:545} INFO - Filling up the DagBag from /opt/airflow/dags/orderbook_to_parquet_minio.py
[2026-04-20T13:58:39.673+0000] {processor.py:840} INFO - DAG(s) 'orderbook_backto_minio_parquet' retrieved from /opt/airflow/dags/orderbook_to_parquet_minio.py
[2026-04-20T13:58:39.699+0000] {logging_mixin.py:188} INFO - [2026-04-20T13:58:39.699+0000] {dag.py:3089} INFO - Sync 1 DAGs
[2026-04-20T13:58:39.733+0000] {logging_mixin.py:188} INFO - [2026-04-20T13:58:39.732+0000] {dag.py:3947} INFO - Setting next_dagrun for orderbook_backto_minio_parquet to 2026-04-19 02:00:00+00:00, run_after=2026-04-20 02:00:00+00:00
[2026-04-20T13:58:39.761+0000] {processor.py:183} INFO - Processing /opt/airflow/dags/orderbook_to_parquet_minio.py took 0.139 seconds
[2026-04-20T13:59:10.402+0000] {processor.py:161} INFO - Started process (PID=603) to work on /opt/airflow/dags/orderbook_to_parquet_minio.py
[2026-04-20T13:59:10.403+0000] {processor.py:830} INFO - Processing file /opt/airflow/dags/orderbook_to_parquet_minio.py for tasks to queue
[2026-04-20T13:59:10.405+0000] {logging_mixin.py:188} INFO - [2026-04-20T13:59:10.405+0000] {dagbag.py:545} INFO - Filling up the DagBag from /opt/airflow/dags/orderbook_to_parquet_minio.py
[2026-04-20T13:59:10.444+0000] {processor.py:840} INFO - DAG(s) 'orderbook_backto_minio_parquet' retrieved from /opt/airflow/dags/orderbook_to_parquet_minio.py
[2026-04-20T13:59:10.463+0000] {logging_mixin.py:188} INFO - [2026-04-20T13:59:10.463+0000] {dag.py:3089} INFO - Sync 1 DAGs
[2026-04-20T13:59:10.491+0000] {logging_mixin.py:188} INFO - [2026-04-20T13:59:10.491+0000] {dag.py:3947} INFO - Setting next_dagrun for orderbook_backto_minio_parquet to 2026-04-19 02:00:00+00:00, run_after=2026-04-20 02:00:00+00:00
[2026-04-20T13:59:10.516+0000] {processor.py:183} INFO - Processing /opt/airflow/dags/orderbook_to_parquet_minio.py took 0.121 seconds
[2026-04-20T13:59:41.138+0000] {processor.py:161} INFO - Started process (PID=628) to work on /opt/airflow/dags/orderbook_to_parquet_minio.py
[2026-04-20T13:59:41.139+0000] {processor.py:830} INFO - Processing file /opt/airflow/dags/orderbook_to_parquet_minio.py for tasks to queue
[2026-04-20T13:59:41.141+0000] {logging_mixin.py:188} INFO - [2026-04-20T13:59:41.140+0000] {dagbag.py:545} INFO - Filling up the DagBag from /opt/airflow/dags/orderbook_to_parquet_minio.py
[2026-04-20T13:59:41.173+0000] {processor.py:840} INFO - DAG(s) 'orderbook_backto_minio_parquet' retrieved from /opt/airflow/dags/orderbook_to_parquet_minio.py
[2026-04-20T13:59:41.190+0000] {logging_mixin.py:188} INFO - [2026-04-20T13:59:41.190+0000] {dag.py:3089} INFO - Sync 1 DAGs
[2026-04-20T13:59:41.212+0000] {logging_mixin.py:188} INFO - [2026-04-20T13:59:41.212+0000] {dag.py:3947} INFO - Setting next_dagrun for orderbook_backto_minio_parquet to 2026-04-19 02:00:00+00:00, run_after=2026-04-20 02:00:00+00:00
[2026-04-20T13:59:41.231+0000] {processor.py:183} INFO - Processing /opt/airflow/dags/orderbook_to_parquet_minio.py took 0.100 seconds
[2026-04-20T14:00:12.017+0000] {processor.py:161} INFO - Started process (PID=653) to work on /opt/airflow/dags/orderbook_to_parquet_minio.py
[2026-04-20T14:00:12.018+0000] {processor.py:830} INFO - Processing file /opt/airflow/dags/orderbook_to_parquet_minio.py for tasks to queue
[2026-04-20T14:00:12.021+0000] {logging_mixin.py:188} INFO - [2026-04-20T14:00:12.021+0000] {dagbag.py:545} INFO - Filling up the DagBag from /opt/airflow/dags/orderbook_to_parquet_minio.py
[2026-04-20T14:00:12.067+0000] {processor.py:840} INFO - DAG(s) 'orderbook_backto_minio_parquet' retrieved from /opt/airflow/dags/orderbook_to_parquet_minio.py
[2026-04-20T14:00:12.086+0000] {logging_mixin.py:188} INFO - [2026-04-20T14:00:12.085+0000] {dag.py:3089} INFO - Sync 1 DAGs
[2026-04-20T14:00:12.110+0000] {logging_mixin.py:188} INFO - [2026-04-20T14:00:12.109+0000] {dag.py:3947} INFO - Setting next_dagrun for orderbook_backto_minio_parquet to 2026-04-19 02:00:00+00:00, run_after=2026-04-20 02:00:00+00:00
[2026-04-20T14:00:12.134+0000] {processor.py:183} INFO - Processing /opt/airflow/dags/orderbook_to_parquet_minio.py took 0.124 seconds
[2026-04-20T14:00:42.732+0000] {processor.py:161} INFO - Started process (PID=678) to work on /opt/airflow/dags/orderbook_to_parquet_minio.py
[2026-04-20T14:00:42.733+0000] {processor.py:830} INFO - Processing file /opt/airflow/dags/orderbook_to_parquet_minio.py for tasks to queue
[2026-04-20T14:00:42.736+0000] {logging_mixin.py:188} INFO - [2026-04-20T14:00:42.736+0000] {dagbag.py:545} INFO - Filling up the DagBag from /opt/airflow/dags/orderbook_to_parquet_minio.py
[2026-04-20T14:00:42.812+0000] {processor.py:840} INFO - DAG(s) 'orderbook_backto_minio_parquet' retrieved from /opt/airflow/dags/orderbook_to_parquet_minio.py
[2026-04-20T14:00:42.860+0000] {logging_mixin.py:188} INFO - [2026-04-20T14:00:42.859+0000] {dag.py:3089} INFO - Sync 1 DAGs
[2026-04-20T14:00:42.894+0000] {logging_mixin.py:188} INFO - [2026-04-20T14:00:42.894+0000] {dag.py:3947} INFO - Setting next_dagrun for orderbook_backto_minio_parquet to 2026-04-19 02:00:00+00:00, run_after=2026-04-20 02:00:00+00:00
[2026-04-20T14:00:42.929+0000] {processor.py:183} INFO - Processing /opt/airflow/dags/orderbook_to_parquet_minio.py took 0.204 seconds
[2026-04-20T14:01:13.614+0000] {processor.py:161} INFO - Started process (PID=703) to work on /opt/airflow/dags/orderbook_to_parquet_minio.py
[2026-04-20T14:01:13.616+0000] {processor.py:830} INFO - Processing file /opt/airflow/dags/orderbook_to_parquet_minio.py for tasks to queue
[2026-04-20T14:01:13.618+0000] {logging_mixin.py:188} INFO - [2026-04-20T14:01:13.618+0000] {dagbag.py:545} INFO - Filling up the DagBag from /opt/airflow/dags/orderbook_to_parquet_minio.py
[2026-04-20T14:01:13.652+0000] {processor.py:840} INFO - DAG(s) 'orderbook_backto_minio_parquet' retrieved from /opt/airflow/dags/orderbook_to_parquet_minio.py
[2026-04-20T14:01:13.667+0000] {logging_mixin.py:188} INFO - [2026-04-20T14:01:13.666+0000] {dag.py:3089} INFO - Sync 1 DAGs
[2026-04-20T14:01:13.691+0000] {logging_mixin.py:188} INFO - [2026-04-20T14:01:13.690+0000] {dag.py:3947} INFO - Setting next_dagrun for orderbook_backto_minio_parquet to 2026-04-19 02:00:00+00:00, run_after=2026-04-20 02:00:00+00:00
[2026-04-20T14:01:13.713+0000] {processor.py:183} INFO - Processing /opt/airflow/dags/orderbook_to_parquet_minio.py took 0.105 seconds
[2026-04-20T14:01:44.265+0000] {processor.py:161} INFO - Started process (PID=728) to work on /opt/airflow/dags/orderbook_to_parquet_minio.py
[2026-04-20T14:01:44.266+0000] {processor.py:830} INFO - Processing file /opt/airflow/dags/orderbook_to_parquet_minio.py for tasks to queue
[2026-04-20T14:01:44.268+0000] {logging_mixin.py:188} INFO - [2026-04-20T14:01:44.268+0000] {dagbag.py:545} INFO - Filling up the DagBag from /opt/airflow/dags/orderbook_to_parquet_minio.py
[2026-04-20T14:01:44.300+0000] {processor.py:840} INFO - DAG(s) 'orderbook_backto_minio_parquet' retrieved from /opt/airflow/dags/orderbook_to_parquet_minio.py
[2026-04-20T14:01:44.316+0000] {logging_mixin.py:188} INFO - [2026-04-20T14:01:44.315+0000] {dag.py:3089} INFO - Sync 1 DAGs
[2026-04-20T14:01:44.337+0000] {logging_mixin.py:188} INFO - [2026-04-20T14:01:44.336+0000] {dag.py:3947} INFO - Setting next_dagrun for orderbook_backto_minio_parquet to 2026-04-19 02:00:00+00:00, run_after=2026-04-20 02:00:00+00:00
[2026-04-20T14:01:44.356+0000] {processor.py:183} INFO - Processing /opt/airflow/dags/orderbook_to_parquet_minio.py took 0.095 seconds
[2026-04-20T14:02:14.893+0000] {processor.py:161} INFO - Started process (PID=753) to work on /opt/airflow/dags/orderbook_to_parquet_minio.py
[2026-04-20T14:02:14.894+0000] {processor.py:830} INFO - Processing file /opt/airflow/dags/orderbook_to_parquet_minio.py for tasks to queue
[2026-04-20T14:02:14.897+0000] {logging_mixin.py:188} INFO - [2026-04-20T14:02:14.896+0000] {dagbag.py:545} INFO - Filling up the DagBag from /opt/airflow/dags/orderbook_to_parquet_minio.py
[2026-04-20T14:02:14.928+0000] {processor.py:840} INFO - DAG(s) 'orderbook_backto_minio_parquet' retrieved from /opt/airflow/dags/orderbook_to_parquet_minio.py
[2026-04-20T14:02:14.943+0000] {logging_mixin.py:188} INFO - [2026-04-20T14:02:14.942+0000] {dag.py:3089} INFO - Sync 1 DAGs
[2026-04-20T14:02:14.964+0000] {logging_mixin.py:188} INFO - [2026-04-20T14:02:14.964+0000] {dag.py:3947} INFO - Setting next_dagrun for orderbook_backto_minio_parquet to 2026-04-19 02:00:00+00:00, run_after=2026-04-20 02:00:00+00:00
[2026-04-20T14:02:14.987+0000] {processor.py:183} INFO - Processing /opt/airflow/dags/orderbook_to_parquet_minio.py took 0.099 seconds
[2026-04-20T14:02:45.420+0000] {processor.py:161} INFO - Started process (PID=778) to work on /opt/airflow/dags/orderbook_to_parquet_minio.py
[2026-04-20T14:02:45.421+0000] {processor.py:830} INFO - Processing file /opt/airflow/dags/orderbook_to_parquet_minio.py for tasks to queue
[2026-04-20T14:02:45.424+0000] {logging_mixin.py:188} INFO - [2026-04-20T14:02:45.423+0000] {dagbag.py:545} INFO - Filling up the DagBag from /opt/airflow/dags/orderbook_to_parquet_minio.py
[2026-04-20T14:02:45.454+0000] {processor.py:840} INFO - DAG(s) 'orderbook_backto_minio_parquet' retrieved from /opt/airflow/dags/orderbook_to_parquet_minio.py
[2026-04-20T14:02:45.468+0000] {logging_mixin.py:188} INFO - [2026-04-20T14:02:45.468+0000] {dag.py:3089} INFO - Sync 1 DAGs
[2026-04-20T14:02:45.488+0000] {logging_mixin.py:188} INFO - [2026-04-20T14:02:45.488+0000] {dag.py:3947} INFO - Setting next_dagrun for orderbook_backto_minio_parquet to 2026-04-19 02:00:00+00:00, run_after=2026-04-20 02:00:00+00:00
[2026-04-20T14:02:45.509+0000] {processor.py:183} INFO - Processing /opt/airflow/dags/orderbook_to_parquet_minio.py took 0.095 seconds
[2026-04-20T14:03:15.973+0000] {processor.py:161} INFO - Started process (PID=803) to work on /opt/airflow/dags/orderbook_to_parquet_minio.py
[2026-04-20T14:03:15.973+0000] {processor.py:830} INFO - Processing file /opt/airflow/dags/orderbook_to_parquet_minio.py for tasks to queue
[2026-04-20T14:03:15.976+0000] {logging_mixin.py:188} INFO - [2026-04-20T14:03:15.975+0000] {dagbag.py:545} INFO - Filling up the DagBag from /opt/airflow/dags/orderbook_to_parquet_minio.py
[2026-04-20T14:03:16.007+0000] {processor.py:840} INFO - DAG(s) 'orderbook_backto_minio_parquet' retrieved from /opt/airflow/dags/orderbook_to_parquet_minio.py
[2026-04-20T14:03:16.024+0000] {logging_mixin.py:188} INFO - [2026-04-20T14:03:16.023+0000] {dag.py:3089} INFO - Sync 1 DAGs
[2026-04-20T14:03:16.049+0000] {logging_mixin.py:188} INFO - [2026-04-20T14:03:16.048+0000] {dag.py:3947} INFO - Setting next_dagrun for orderbook_backto_minio_parquet to 2026-04-19 02:00:00+00:00, run_after=2026-04-20 02:00:00+00:00
[2026-04-20T14:03:16.070+0000] {processor.py:183} INFO - Processing /opt/airflow/dags/orderbook_to_parquet_minio.py took 0.103 seconds
[2026-04-20T14:03:46.335+0000] {processor.py:161} INFO - Started process (PID=828) to work on /opt/airflow/dags/orderbook_to_parquet_minio.py
[2026-04-20T14:03:46.336+0000] {processor.py:830} INFO - Processing file /opt/airflow/dags/orderbook_to_parquet_minio.py for tasks to queue
[2026-04-20T14:03:46.338+0000] {logging_mixin.py:188} INFO - [2026-04-20T14:03:46.338+0000] {dagbag.py:545} INFO - Filling up the DagBag from /opt/airflow/dags/orderbook_to_parquet_minio.py
[2026-04-20T14:03:46.370+0000] {processor.py:840} INFO - DAG(s) 'orderbook_backto_minio_parquet' retrieved from /opt/airflow/dags/orderbook_to_parquet_minio.py
[2026-04-20T14:03:46.388+0000] {logging_mixin.py:188} INFO - [2026-04-20T14:03:46.387+0000] {dag.py:3089} INFO - Sync 1 DAGs
[2026-04-20T14:03:46.408+0000] {logging_mixin.py:188} INFO - [2026-04-20T14:03:46.408+0000] {dag.py:3947} INFO - Setting next_dagrun for orderbook_backto_minio_parquet to 2026-04-19 02:00:00+00:00, run_after=2026-04-20 02:00:00+00:00
[2026-04-20T14:03:46.432+0000] {processor.py:183} INFO - Processing /opt/airflow/dags/orderbook_to_parquet_minio.py took 0.103 seconds
[2026-04-20T14:04:17.083+0000] {processor.py:161} INFO - Started process (PID=853) to work on /opt/airflow/dags/orderbook_to_parquet_minio.py
[2026-04-20T14:04:17.085+0000] {processor.py:830} INFO - Processing file /opt/airflow/dags/orderbook_to_parquet_minio.py for tasks to queue
[2026-04-20T14:04:17.090+0000] {logging_mixin.py:188} INFO - [2026-04-20T14:04:17.090+0000] {dagbag.py:545} INFO - Filling up the DagBag from /opt/airflow/dags/orderbook_to_parquet_minio.py
[2026-04-20T14:04:17.146+0000] {processor.py:840} INFO - DAG(s) 'orderbook_backto_minio_parquet' retrieved from /opt/airflow/dags/orderbook_to_parquet_minio.py
[2026-04-20T14:04:17.195+0000] {logging_mixin.py:188} INFO - [2026-04-20T14:04:17.193+0000] {dag.py:3089} INFO - Sync 1 DAGs
[2026-04-20T14:04:17.259+0000] {logging_mixin.py:188} INFO - [2026-04-20T14:04:17.258+0000] {dag.py:3947} INFO - Setting next_dagrun for orderbook_backto_minio_parquet to 2026-04-19 02:00:00+00:00, run_after=2026-04-20 02:00:00+00:00
[2026-04-20T14:04:17.294+0000] {processor.py:183} INFO - Processing /opt/airflow/dags/orderbook_to_parquet_minio.py took 0.223 seconds
[2026-04-20T14:04:47.439+0000] {processor.py:161} INFO - Started process (PID=878) to work on /opt/airflow/dags/orderbook_to_parquet_minio.py
[2026-04-20T14:04:47.440+0000] {processor.py:830} INFO - Processing file /opt/airflow/dags/orderbook_to_parquet_minio.py for tasks to queue
[2026-04-20T14:04:47.442+0000] {logging_mixin.py:188} INFO - [2026-04-20T14:04:47.442+0000] {dagbag.py:545} INFO - Filling up the DagBag from /opt/airflow/dags/orderbook_to_parquet_minio.py
[2026-04-20T14:04:47.473+0000] {processor.py:840} INFO - DAG(s) 'orderbook_backto_minio_parquet' retrieved from /opt/airflow/dags/orderbook_to_parquet_minio.py
[2026-04-20T14:04:47.489+0000] {logging_mixin.py:188} INFO - [2026-04-20T14:04:47.489+0000] {dag.py:3089} INFO - Sync 1 DAGs
[2026-04-20T14:04:47.512+0000] {logging_mixin.py:188} INFO - [2026-04-20T14:04:47.512+0000] {dag.py:3947} INFO - Setting next_dagrun for orderbook_backto_minio_parquet to 2026-04-19 02:00:00+00:00, run_after=2026-04-20 02:00:00+00:00
[2026-04-20T14:04:47.530+0000] {processor.py:183} INFO - Processing /opt/airflow/dags/orderbook_to_parquet_minio.py took 0.097 seconds
[2026-04-20T14:05:17.795+0000] {processor.py:161} INFO - Started process (PID=903) to work on /opt/airflow/dags/orderbook_to_parquet_minio.py
[2026-04-20T14:05:17.797+0000] {processor.py:830} INFO - Processing file /opt/airflow/dags/orderbook_to_parquet_minio.py for tasks to queue
[2026-04-20T14:05:17.801+0000] {logging_mixin.py:188} INFO - [2026-04-20T14:05:17.800+0000] {dagbag.py:545} INFO - Filling up the DagBag from /opt/airflow/dags/orderbook_to_parquet_minio.py
[2026-04-20T14:05:17.843+0000] {processor.py:840} INFO - DAG(s) 'orderbook_backto_minio_parquet' retrieved from /opt/airflow/dags/orderbook_to_parquet_minio.py
[2026-04-20T14:05:17.866+0000] {logging_mixin.py:188} INFO - [2026-04-20T14:05:17.866+0000] {dag.py:3089} INFO - Sync 1 DAGs
[2026-04-20T14:05:17.893+0000] {logging_mixin.py:188} INFO - [2026-04-20T14:05:17.892+0000] {dag.py:3947} INFO - Setting next_dagrun for orderbook_backto_minio_parquet to 2026-04-19 02:00:00+00:00, run_after=2026-04-20 02:00:00+00:00
[2026-04-20T14:05:17.919+0000] {processor.py:183} INFO - Processing /opt/airflow/dags/orderbook_to_parquet_minio.py took 0.131 seconds
[2026-04-20T14:05:48.792+0000] {processor.py:161} INFO - Started process (PID=928) to work on /opt/airflow/dags/orderbook_to_parquet_minio.py
[2026-04-20T14:05:48.792+0000] {processor.py:830} INFO - Processing file /opt/airflow/dags/orderbook_to_parquet_minio.py for tasks to queue
[2026-04-20T14:05:48.795+0000] {logging_mixin.py:188} INFO - [2026-04-20T14:05:48.794+0000] {dagbag.py:545} INFO - Filling up the DagBag from /opt/airflow/dags/orderbook_to_parquet_minio.py
[2026-04-20T14:05:48.823+0000] {processor.py:840} INFO - DAG(s) 'orderbook_backto_minio_parquet' retrieved from /opt/airflow/dags/orderbook_to_parquet_minio.py
[2026-04-20T14:05:48.839+0000] {logging_mixin.py:188} INFO - [2026-04-20T14:05:48.839+0000] {dag.py:3089} INFO - Sync 1 DAGs
[2026-04-20T14:05:48.859+0000] {logging_mixin.py:188} INFO - [2026-04-20T14:05:48.859+0000] {dag.py:3947} INFO - Setting next_dagrun for orderbook_backto_minio_parquet to 2026-04-19 02:00:00+00:00, run_after=2026-04-20 02:00:00+00:00
[2026-04-20T14:05:48.879+0000] {processor.py:183} INFO - Processing /opt/airflow/dags/orderbook_to_parquet_minio.py took 0.092 seconds
[2026-04-20T14:06:19.361+0000] {processor.py:161} INFO - Started process (PID=953) to work on /opt/airflow/dags/orderbook_to_parquet_minio.py
[2026-04-20T14:06:19.362+0000] {processor.py:830} INFO - Processing file /opt/airflow/dags/orderbook_to_parquet_minio.py for tasks to queue
[2026-04-20T14:06:19.364+0000] {logging_mixin.py:188} INFO - [2026-04-20T14:06:19.364+0000] {dagbag.py:545} INFO - Filling up the DagBag from /opt/airflow/dags/orderbook_to_parquet_minio.py
[2026-04-20T14:06:19.392+0000] {processor.py:840} INFO - DAG(s) 'orderbook_backto_minio_parquet' retrieved from /opt/airflow/dags/orderbook_to_parquet_minio.py
[2026-04-20T14:06:19.407+0000] {logging_mixin.py:188} INFO - [2026-04-20T14:06:19.407+0000] {dag.py:3089} INFO - Sync 1 DAGs
[2026-04-20T14:06:19.427+0000] {logging_mixin.py:188} INFO - [2026-04-20T14:06:19.426+0000] {dag.py:3947} INFO - Setting next_dagrun for orderbook_backto_minio_parquet to 2026-04-19 02:00:00+00:00, run_after=2026-04-20 02:00:00+00:00
[2026-04-20T14:06:19.446+0000] {processor.py:183} INFO - Processing /opt/airflow/dags/orderbook_to_parquet_minio.py took 0.090 seconds
[2026-04-20T14:06:49.879+0000] {processor.py:161} INFO - Started process (PID=978) to work on /opt/airflow/dags/orderbook_to_parquet_minio.py
[2026-04-20T14:06:49.880+0000] {processor.py:830} INFO - Processing file /opt/airflow/dags/orderbook_to_parquet_minio.py for tasks to queue
[2026-04-20T14:06:49.882+0000] {logging_mixin.py:188} INFO - [2026-04-20T14:06:49.882+0000] {dagbag.py:545} INFO - Filling up the DagBag from /opt/airflow/dags/orderbook_to_parquet_minio.py
[2026-04-20T14:06:49.911+0000] {processor.py:840} INFO - DAG(s) 'orderbook_backto_minio_parquet' retrieved from /opt/airflow/dags/orderbook_to_parquet_minio.py
[2026-04-20T14:06:49.925+0000] {logging_mixin.py:188} INFO - [2026-04-20T14:06:49.924+0000] {dag.py:3089} INFO - Sync 1 DAGs
[2026-04-20T14:06:49.946+0000] {logging_mixin.py:188} INFO - [2026-04-20T14:06:49.946+0000] {dag.py:3947} INFO - Setting next_dagrun for orderbook_backto_minio_parquet to 2026-04-19 02:00:00+00:00, run_after=2026-04-20 02:00:00+00:00
[2026-04-20T14:06:49.966+0000] {processor.py:183} INFO - Processing /opt/airflow/dags/orderbook_to_parquet_minio.py took 0.093 seconds
[2026-04-20T14:07:20.389+0000] {processor.py:161} INFO - Started process (PID=1004) to work on /opt/airflow/dags/orderbook_to_parquet_minio.py
[2026-04-20T14:07:20.390+0000] {processor.py:830} INFO - Processing file /opt/airflow/dags/orderbook_to_parquet_minio.py for tasks to queue
[2026-04-20T14:07:20.392+0000] {logging_mixin.py:188} INFO - [2026-04-20T14:07:20.392+0000] {dagbag.py:545} INFO - Filling up the DagBag from /opt/airflow/dags/orderbook_to_parquet_minio.py
[2026-04-20T14:07:20.420+0000] {processor.py:840} INFO - DAG(s) 'orderbook_backto_minio_parquet' retrieved from /opt/airflow/dags/orderbook_to_parquet_minio.py
[2026-04-20T14:07:20.434+0000] {logging_mixin.py:188} INFO - [2026-04-20T14:07:20.434+0000] {dag.py:3089} INFO - Sync 1 DAGs
[2026-04-20T14:07:20.454+0000] {logging_mixin.py:188} INFO - [2026-04-20T14:07:20.453+0000] {dag.py:3947} INFO - Setting next_dagrun for orderbook_backto_minio_parquet to 2026-04-19 02:00:00+00:00, run_after=2026-04-20 02:00:00+00:00
[2026-04-20T14:07:20.473+0000] {processor.py:183} INFO - Processing /opt/airflow/dags/orderbook_to_parquet_minio.py took 0.089 seconds
[2026-04-20T14:07:50.859+0000] {processor.py:161} INFO - Started process (PID=1029) to work on /opt/airflow/dags/orderbook_to_parquet_minio.py
[2026-04-20T14:07:50.860+0000] {processor.py:830} INFO - Processing file /opt/airflow/dags/orderbook_to_parquet_minio.py for tasks to queue
[2026-04-20T14:07:50.862+0000] {logging_mixin.py:188} INFO - [2026-04-20T14:07:50.862+0000] {dagbag.py:545} INFO - Filling up the DagBag from /opt/airflow/dags/orderbook_to_parquet_minio.py
[2026-04-20T14:07:50.889+0000] {processor.py:840} INFO - DAG(s) 'orderbook_backto_minio_parquet' retrieved from /opt/airflow/dags/orderbook_to_parquet_minio.py
[2026-04-20T14:07:50.905+0000] {logging_mixin.py:188} INFO - [2026-04-20T14:07:50.905+0000] {dag.py:3089} INFO - Sync 1 DAGs
[2026-04-20T14:07:50.927+0000] {logging_mixin.py:188} INFO - [2026-04-20T14:07:50.926+0000] {dag.py:3947} INFO - Setting next_dagrun for orderbook_backto_minio_parquet to 2026-04-19 02:00:00+00:00, run_after=2026-04-20 02:00:00+00:00
[2026-04-20T14:07:50.947+0000] {processor.py:183} INFO - Processing /opt/airflow/dags/orderbook_to_parquet_minio.py took 0.094 seconds
[2026-04-20T14:08:21.371+0000] {processor.py:161} INFO - Started process (PID=1054) to work on /opt/airflow/dags/orderbook_to_parquet_minio.py
[2026-04-20T14:08:21.372+0000] {processor.py:830} INFO - Processing file /opt/airflow/dags/orderbook_to_parquet_minio.py for tasks to queue
[2026-04-20T14:08:21.375+0000] {logging_mixin.py:188} INFO - [2026-04-20T14:08:21.374+0000] {dagbag.py:545} INFO - Filling up the DagBag from /opt/airflow/dags/orderbook_to_parquet_minio.py
[2026-04-20T14:08:21.404+0000] {processor.py:840} INFO - DAG(s) 'orderbook_backto_minio_parquet' retrieved from /opt/airflow/dags/orderbook_to_parquet_minio.py
[2026-04-20T14:08:21.418+0000] {logging_mixin.py:188} INFO - [2026-04-20T14:08:21.417+0000] {dag.py:3089} INFO - Sync 1 DAGs
[2026-04-20T14:08:21.437+0000] {logging_mixin.py:188} INFO - [2026-04-20T14:08:21.437+0000] {dag.py:3947} INFO - Setting next_dagrun for orderbook_backto_minio_parquet to 2026-04-19 02:00:00+00:00, run_after=2026-04-20 02:00:00+00:00
[2026-04-20T14:08:21.457+0000] {processor.py:183} INFO - Processing /opt/airflow/dags/orderbook_to_parquet_minio.py took 0.091 seconds
[2026-04-20T14:08:52.128+0000] {processor.py:161} INFO - Started process (PID=1079) to work on /opt/airflow/dags/orderbook_to_parquet_minio.py
[2026-04-20T14:08:52.128+0000] {processor.py:830} INFO - Processing file /opt/airflow/dags/orderbook_to_parquet_minio.py for tasks to queue
[2026-04-20T14:08:52.130+0000] {logging_mixin.py:188} INFO - [2026-04-20T14:08:52.130+0000] {dagbag.py:545} INFO - Filling up the DagBag from /opt/airflow/dags/orderbook_to_parquet_minio.py
[2026-04-20T14:08:52.159+0000] {processor.py:840} INFO - DAG(s) 'orderbook_backto_minio_parquet' retrieved from /opt/airflow/dags/orderbook_to_parquet_minio.py
[2026-04-20T14:08:52.173+0000] {logging_mixin.py:188} INFO - [2026-04-20T14:08:52.172+0000] {dag.py:3089} INFO - Sync 1 DAGs
[2026-04-20T14:08:52.195+0000] {logging_mixin.py:188} INFO - [2026-04-20T14:08:52.195+0000] {dag.py:3947} INFO - Setting next_dagrun for orderbook_backto_minio_parquet to 2026-04-19 02:00:00+00:00, run_after=2026-04-20 02:00:00+00:00
[2026-04-20T14:08:52.212+0000] {processor.py:183} INFO - Processing /opt/airflow/dags/orderbook_to_parquet_minio.py took 0.090 seconds
[2026-04-20T14:09:22.620+0000] {processor.py:161} INFO - Started process (PID=1104) to work on /opt/airflow/dags/orderbook_to_parquet_minio.py
[2026-04-20T14:09:22.621+0000] {processor.py:830} INFO - Processing file /opt/airflow/dags/orderbook_to_parquet_minio.py for tasks to queue
[2026-04-20T14:09:22.623+0000] {logging_mixin.py:188} INFO - [2026-04-20T14:09:22.622+0000] {dagbag.py:545} INFO - Filling up the DagBag from /opt/airflow/dags/orderbook_to_parquet_minio.py
[2026-04-20T14:09:22.651+0000] {processor.py:840} INFO - DAG(s) 'orderbook_backto_minio_parquet' retrieved from /opt/airflow/dags/orderbook_to_parquet_minio.py
[2026-04-20T14:09:22.665+0000] {logging_mixin.py:188} INFO - [2026-04-20T14:09:22.665+0000] {dag.py:3089} INFO - Sync 1 DAGs
[2026-04-20T14:09:22.684+0000] {logging_mixin.py:188} INFO - [2026-04-20T14:09:22.684+0000] {dag.py:3947} INFO - Setting next_dagrun for orderbook_backto_minio_parquet to 2026-04-19 02:00:00+00:00, run_after=2026-04-20 02:00:00+00:00
[2026-04-20T14:09:22.704+0000] {processor.py:183} INFO - Processing /opt/airflow/dags/orderbook_to_parquet_minio.py took 0.089 seconds
[2026-04-20T14:09:53.167+0000] {processor.py:161} INFO - Started process (PID=1129) to work on /opt/airflow/dags/orderbook_to_parquet_minio.py
[2026-04-20T14:09:53.168+0000] {processor.py:830} INFO - Processing file /opt/airflow/dags/orderbook_to_parquet_minio.py for tasks to queue
[2026-04-20T14:09:53.170+0000] {logging_mixin.py:188} INFO - [2026-04-20T14:09:53.170+0000] {dagbag.py:545} INFO - Filling up the DagBag from /opt/airflow/dags/orderbook_to_parquet_minio.py
[2026-04-20T14:09:53.203+0000] {processor.py:840} INFO - DAG(s) 'orderbook_backto_minio_parquet' retrieved from /opt/airflow/dags/orderbook_to_parquet_minio.py
[2026-04-20T14:09:53.218+0000] {logging_mixin.py:188} INFO - [2026-04-20T14:09:53.217+0000] {dag.py:3089} INFO - Sync 1 DAGs
[2026-04-20T14:09:53.239+0000] {logging_mixin.py:188} INFO - [2026-04-20T14:09:53.239+0000] {dag.py:3947} INFO - Setting next_dagrun for orderbook_backto_minio_parquet to 2026-04-19 02:00:00+00:00, run_after=2026-04-20 02:00:00+00:00
[2026-04-20T14:09:53.260+0000] {processor.py:183} INFO - Processing /opt/airflow/dags/orderbook_to_parquet_minio.py took 0.099 seconds
[2026-04-20T14:10:23.773+0000] {processor.py:161} INFO - Started process (PID=1154) to work on /opt/airflow/dags/orderbook_to_parquet_minio.py
[2026-04-20T14:10:23.774+0000] {processor.py:830} INFO - Processing file /opt/airflow/dags/orderbook_to_parquet_minio.py for tasks to queue
[2026-04-20T14:10:23.776+0000] {logging_mixin.py:188} INFO - [2026-04-20T14:10:23.776+0000] {dagbag.py:545} INFO - Filling up the DagBag from /opt/airflow/dags/orderbook_to_parquet_minio.py
[2026-04-20T14:10:23.810+0000] {processor.py:840} INFO - DAG(s) 'orderbook_backto_minio_parquet' retrieved from /opt/airflow/dags/orderbook_to_parquet_minio.py
[2026-04-20T14:10:23.826+0000] {logging_mixin.py:188} INFO - [2026-04-20T14:10:23.825+0000] {dag.py:3089} INFO - Sync 1 DAGs
[2026-04-20T14:10:23.848+0000] {logging_mixin.py:188} INFO - [2026-04-20T14:10:23.847+0000] {dag.py:3947} INFO - Setting next_dagrun for orderbook_backto_minio_parquet to 2026-04-19 02:00:00+00:00, run_after=2026-04-20 02:00:00+00:00
[2026-04-20T14:10:23.872+0000] {processor.py:183} INFO - Processing /opt/airflow/dags/orderbook_to_parquet_minio.py took 0.105 seconds
[2026-04-20T14:10:54.397+0000] {processor.py:161} INFO - Started process (PID=1179) to work on /opt/airflow/dags/orderbook_to_parquet_minio.py
[2026-04-20T14:10:54.398+0000] {processor.py:830} INFO - Processing file /opt/airflow/dags/orderbook_to_parquet_minio.py for tasks to queue
[2026-04-20T14:10:54.400+0000] {logging_mixin.py:188} INFO - [2026-04-20T14:10:54.399+0000] {dagbag.py:545} INFO - Filling up the DagBag from /opt/airflow/dags/orderbook_to_parquet_minio.py
[2026-04-20T14:10:54.430+0000] {processor.py:840} INFO - DAG(s) 'orderbook_backto_minio_parquet' retrieved from /opt/airflow/dags/orderbook_to_parquet_minio.py
[2026-04-20T14:10:54.445+0000] {logging_mixin.py:188} INFO - [2026-04-20T14:10:54.445+0000] {dag.py:3089} INFO - Sync 1 DAGs
[2026-04-20T14:10:54.464+0000] {logging_mixin.py:188} INFO - [2026-04-20T14:10:54.464+0000] {dag.py:3947} INFO - Setting next_dagrun for orderbook_backto_minio_parquet to 2026-04-19 02:00:00+00:00, run_after=2026-04-20 02:00:00+00:00
[2026-04-20T14:10:54.485+0000] {processor.py:183} INFO - Processing /opt/airflow/dags/orderbook_to_parquet_minio.py took 0.094 seconds
[2026-04-20T14:11:25.053+0000] {processor.py:161} INFO - Started process (PID=1204) to work on /opt/airflow/dags/orderbook_to_parquet_minio.py
[2026-04-20T14:11:25.054+0000] {processor.py:830} INFO - Processing file /opt/airflow/dags/orderbook_to_parquet_minio.py for tasks to queue
[2026-04-20T14:11:25.057+0000] {logging_mixin.py:188} INFO - [2026-04-20T14:11:25.056+0000] {dagbag.py:545} INFO - Filling up the DagBag from /opt/airflow/dags/orderbook_to_parquet_minio.py
[2026-04-20T14:11:25.089+0000] {processor.py:840} INFO - DAG(s) 'orderbook_backto_minio_parquet' retrieved from /opt/airflow/dags/orderbook_to_parquet_minio.py
[2026-04-20T14:11:25.104+0000] {logging_mixin.py:188} INFO - [2026-04-20T14:11:25.104+0000] {dag.py:3089} INFO - Sync 1 DAGs
[2026-04-20T14:11:25.124+0000] {logging_mixin.py:188} INFO - [2026-04-20T14:11:25.124+0000] {dag.py:3947} INFO - Setting next_dagrun for orderbook_backto_minio_parquet to 2026-04-19 02:00:00+00:00, run_after=2026-04-20 02:00:00+00:00
[2026-04-20T14:11:25.146+0000] {processor.py:183} INFO - Processing /opt/airflow/dags/orderbook_to_parquet_minio.py took 0.098 seconds
[2026-04-20T14:11:55.705+0000] {processor.py:161} INFO - Started process (PID=1229) to work on /opt/airflow/dags/orderbook_to_parquet_minio.py
[2026-04-20T14:11:55.706+0000] {processor.py:830} INFO - Processing file /opt/airflow/dags/orderbook_to_parquet_minio.py for tasks to queue
[2026-04-20T14:11:55.708+0000] {logging_mixin.py:188} INFO - [2026-04-20T14:11:55.708+0000] {dagbag.py:545} INFO - Filling up the DagBag from /opt/airflow/dags/orderbook_to_parquet_minio.py
[2026-04-20T14:11:55.739+0000] {processor.py:840} INFO - DAG(s) 'orderbook_backto_minio_parquet' retrieved from /opt/airflow/dags/orderbook_to_parquet_minio.py
[2026-04-20T14:11:55.753+0000] {logging_mixin.py:188} INFO - [2026-04-20T14:11:55.753+0000] {dag.py:3089} INFO - Sync 1 DAGs
[2026-04-20T14:11:55.775+0000] {logging_mixin.py:188} INFO - [2026-04-20T14:11:55.774+0000] {dag.py:3947} INFO - Setting next_dagrun for orderbook_backto_minio_parquet to 2026-04-19 02:00:00+00:00, run_after=2026-04-20 02:00:00+00:00
[2026-04-20T14:11:55.799+0000] {processor.py:183} INFO - Processing /opt/airflow/dags/orderbook_to_parquet_minio.py took 0.100 seconds
[2026-04-20T14:12:26.270+0000] {processor.py:161} INFO - Started process (PID=1254) to work on /opt/airflow/dags/orderbook_to_parquet_minio.py
[2026-04-20T14:12:26.271+0000] {processor.py:830} INFO - Processing file /opt/airflow/dags/orderbook_to_parquet_minio.py for tasks to queue
[2026-04-20T14:12:26.273+0000] {logging_mixin.py:188} INFO - [2026-04-20T14:12:26.273+0000] {dagbag.py:545} INFO - Filling up the DagBag from /opt/airflow/dags/orderbook_to_parquet_minio.py
[2026-04-20T14:12:26.307+0000] {processor.py:840} INFO - DAG(s) 'orderbook_backto_minio_parquet' retrieved from /opt/airflow/dags/orderbook_to_parquet_minio.py
[2026-04-20T14:12:26.324+0000] {logging_mixin.py:188} INFO - [2026-04-20T14:12:26.324+0000] {dag.py:3089} INFO - Sync 1 DAGs
[2026-04-20T14:12:26.347+0000] {logging_mixin.py:188} INFO - [2026-04-20T14:12:26.347+0000] {dag.py:3947} INFO - Setting next_dagrun for orderbook_backto_minio_parquet to 2026-04-19 02:00:00+00:00, run_after=2026-04-20 02:00:00+00:00
[2026-04-20T14:12:26.369+0000] {processor.py:183} INFO - Processing /opt/airflow/dags/orderbook_to_parquet_minio.py took 0.104 seconds
[2026-04-20T14:12:56.797+0000] {processor.py:161} INFO - Started process (PID=1279) to work on /opt/airflow/dags/orderbook_to_parquet_minio.py
[2026-04-20T14:12:56.798+0000] {processor.py:830} INFO - Processing file /opt/airflow/dags/orderbook_to_parquet_minio.py for tasks to queue
[2026-04-20T14:12:56.800+0000] {logging_mixin.py:188} INFO - [2026-04-20T14:12:56.800+0000] {dagbag.py:545} INFO - Filling up the DagBag from /opt/airflow/dags/orderbook_to_parquet_minio.py
[2026-04-20T14:12:56.828+0000] {processor.py:840} INFO - DAG(s) 'orderbook_backto_minio_parquet' retrieved from /opt/airflow/dags/orderbook_to_parquet_minio.py
[2026-04-20T14:12:56.844+0000] {logging_mixin.py:188} INFO - [2026-04-20T14:12:56.844+0000] {dag.py:3089} INFO - Sync 1 DAGs
[2026-04-20T14:12:56.867+0000] {logging_mixin.py:188} INFO - [2026-04-20T14:12:56.867+0000] {dag.py:3947} INFO - Setting next_dagrun for orderbook_backto_minio_parquet to 2026-04-19 02:00:00+00:00, run_after=2026-04-20 02:00:00+00:00
[2026-04-20T14:12:56.889+0000] {processor.py:183} INFO - Processing /opt/airflow/dags/orderbook_to_parquet_minio.py took 0.097 seconds
[2026-04-20T14:13:27.569+0000] {processor.py:161} INFO - Started process (PID=1304) to work on /opt/airflow/dags/orderbook_to_parquet_minio.py
[2026-04-20T14:13:27.570+0000] {processor.py:830} INFO - Processing file /opt/airflow/dags/orderbook_to_parquet_minio.py for tasks to queue
[2026-04-20T14:13:27.572+0000] {logging_mixin.py:188} INFO - [2026-04-20T14:13:27.572+0000] {dagbag.py:545} INFO - Filling up the DagBag from /opt/airflow/dags/orderbook_to_parquet_minio.py
[2026-04-20T14:13:27.602+0000] {processor.py:840} INFO - DAG(s) 'orderbook_backto_minio_parquet' retrieved from /opt/airflow/dags/orderbook_to_parquet_minio.py
[2026-04-20T14:13:27.616+0000] {logging_mixin.py:188} INFO - [2026-04-20T14:13:27.616+0000] {dag.py:3089} INFO - Sync 1 DAGs
[2026-04-20T14:13:27.637+0000] {logging_mixin.py:188} INFO - [2026-04-20T14:13:27.637+0000] {dag.py:3947} INFO - Setting next_dagrun for orderbook_backto_minio_parquet to 2026-04-19 02:00:00+00:00, run_after=2026-04-20 02:00:00+00:00
[2026-04-20T14:13:27.659+0000] {processor.py:183} INFO - Processing /opt/airflow/dags/orderbook_to_parquet_minio.py took 0.095 seconds
[2026-04-20T14:13:58.121+0000] {processor.py:161} INFO - Started process (PID=1329) to work on /opt/airflow/dags/orderbook_to_parquet_minio.py
[2026-04-20T14:13:58.122+0000] {processor.py:830} INFO - Processing file /opt/airflow/dags/orderbook_to_parquet_minio.py for tasks to queue
[2026-04-20T14:13:58.124+0000] {logging_mixin.py:188} INFO - [2026-04-20T14:13:58.124+0000] {dagbag.py:545} INFO - Filling up the DagBag from /opt/airflow/dags/orderbook_to_parquet_minio.py
[2026-04-20T14:13:58.156+0000] {processor.py:840} INFO - DAG(s) 'orderbook_backto_minio_parquet' retrieved from /opt/airflow/dags/orderbook_to_parquet_minio.py
[2026-04-20T14:13:58.170+0000] {logging_mixin.py:188} INFO - [2026-04-20T14:13:58.170+0000] {dag.py:3089} INFO - Sync 1 DAGs
[2026-04-20T14:13:58.189+0000] {logging_mixin.py:188} INFO - [2026-04-20T14:13:58.189+0000] {dag.py:3947} INFO - Setting next_dagrun for orderbook_backto_minio_parquet to 2026-04-19 02:00:00+00:00, run_after=2026-04-20 02:00:00+00:00
[2026-04-20T14:13:58.206+0000] {processor.py:183} INFO - Processing /opt/airflow/dags/orderbook_to_parquet_minio.py took 0.090 seconds
[2026-04-20T14:14:28.619+0000] {processor.py:161} INFO - Started process (PID=1354) to work on /opt/airflow/dags/orderbook_to_parquet_minio.py
[2026-04-20T14:14:28.620+0000] {processor.py:830} INFO - Processing file /opt/airflow/dags/orderbook_to_parquet_minio.py for tasks to queue
[2026-04-20T14:14:28.623+0000] {logging_mixin.py:188} INFO - [2026-04-20T14:14:28.623+0000] {dagbag.py:545} INFO - Filling up the DagBag from /opt/airflow/dags/orderbook_to_parquet_minio.py
[2026-04-20T14:14:28.659+0000] {processor.py:840} INFO - DAG(s) 'orderbook_backto_minio_parquet' retrieved from /opt/airflow/dags/orderbook_to_parquet_minio.py
[2026-04-20T14:14:28.676+0000] {logging_mixin.py:188} INFO - [2026-04-20T14:14:28.676+0000] {dag.py:3089} INFO - Sync 1 DAGs
[2026-04-20T14:14:28.703+0000] {logging_mixin.py:188} INFO - [2026-04-20T14:14:28.702+0000] {dag.py:3947} INFO - Setting next_dagrun for orderbook_backto_minio_parquet to 2026-04-19 02:00:00+00:00, run_after=2026-04-20 02:00:00+00:00
[2026-04-20T14:14:28.728+0000] {processor.py:183} INFO - Processing /opt/airflow/dags/orderbook_to_parquet_minio.py took 0.115 seconds
[2026-04-20T14:14:59.199+0000] {processor.py:161} INFO - Started process (PID=1385) to work on /opt/airflow/dags/orderbook_to_parquet_minio.py
[2026-04-20T14:14:59.200+0000] {processor.py:830} INFO - Processing file /opt/airflow/dags/orderbook_to_parquet_minio.py for tasks to queue
[2026-04-20T14:14:59.202+0000] {logging_mixin.py:188} INFO - [2026-04-20T14:14:59.202+0000] {dagbag.py:545} INFO - Filling up the DagBag from /opt/airflow/dags/orderbook_to_parquet_minio.py
[2026-04-20T14:14:59.233+0000] {processor.py:840} INFO - DAG(s) 'orderbook_backto_minio_parquet' retrieved from /opt/airflow/dags/orderbook_to_parquet_minio.py
[2026-04-20T14:14:59.249+0000] {logging_mixin.py:188} INFO - [2026-04-20T14:14:59.249+0000] {dag.py:3089} INFO - Sync 1 DAGs
[2026-04-20T14:14:59.269+0000] {logging_mixin.py:188} INFO - [2026-04-20T14:14:59.268+0000] {dag.py:3947} INFO - Setting next_dagrun for orderbook_backto_minio_parquet to 2026-04-19 02:00:00+00:00, run_after=2026-04-20 02:00:00+00:00
[2026-04-20T14:14:59.285+0000] {processor.py:183} INFO - Processing /opt/airflow/dags/orderbook_to_parquet_minio.py took 0.091 seconds
[2026-04-20T14:15:29.822+0000] {processor.py:161} INFO - Started process (PID=1410) to work on /opt/airflow/dags/orderbook_to_parquet_minio.py
[2026-04-20T14:15:29.823+0000] {processor.py:830} INFO - Processing file /opt/airflow/dags/orderbook_to_parquet_minio.py for tasks to queue
[2026-04-20T14:15:29.826+0000] {logging_mixin.py:188} INFO - [2026-04-20T14:15:29.825+0000] {dagbag.py:545} INFO - Filling up the DagBag from /opt/airflow/dags/orderbook_to_parquet_minio.py
[2026-04-20T14:15:29.854+0000] {processor.py:840} INFO - DAG(s) 'orderbook_backto_minio_parquet' retrieved from /opt/airflow/dags/orderbook_to_parquet_minio.py
[2026-04-20T14:15:29.869+0000] {logging_mixin.py:188} INFO - [2026-04-20T14:15:29.868+0000] {dag.py:3089} INFO - Sync 1 DAGs
[2026-04-20T14:15:29.891+0000] {logging_mixin.py:188} INFO - [2026-04-20T14:15:29.891+0000] {dag.py:3947} INFO - Setting next_dagrun for orderbook_backto_minio_parquet to 2026-04-19 02:00:00+00:00, run_after=2026-04-20 02:00:00+00:00
[2026-04-20T14:15:29.911+0000] {processor.py:183} INFO - Processing /opt/airflow/dags/orderbook_to_parquet_minio.py took 0.094 seconds
[2026-04-20T14:16:00.357+0000] {processor.py:161} INFO - Started process (PID=1435) to work on /opt/airflow/dags/orderbook_to_parquet_minio.py
[2026-04-20T14:16:00.358+0000] {processor.py:830} INFO - Processing file /opt/airflow/dags/orderbook_to_parquet_minio.py for tasks to queue
[2026-04-20T14:16:00.360+0000] {logging_mixin.py:188} INFO - [2026-04-20T14:16:00.360+0000] {dagbag.py:545} INFO - Filling up the DagBag from /opt/airflow/dags/orderbook_to_parquet_minio.py
[2026-04-20T14:16:00.389+0000] {processor.py:840} INFO - DAG(s) 'orderbook_backto_minio_parquet' retrieved from /opt/airflow/dags/orderbook_to_parquet_minio.py
[2026-04-20T14:16:00.403+0000] {logging_mixin.py:188} INFO - [2026-04-20T14:16:00.403+0000] {dag.py:3089} INFO - Sync 1 DAGs
[2026-04-20T14:16:00.424+0000] {logging_mixin.py:188} INFO - [2026-04-20T14:16:00.424+0000] {dag.py:3947} INFO - Setting next_dagrun for orderbook_backto_minio_parquet to 2026-04-19 02:00:00+00:00, run_after=2026-04-20 02:00:00+00:00
[2026-04-20T14:16:00.445+0000] {processor.py:183} INFO - Processing /opt/airflow/dags/orderbook_to_parquet_minio.py took 0.093 seconds
[2026-04-20T14:16:30.812+0000] {processor.py:161} INFO - Started process (PID=1460) to work on /opt/airflow/dags/orderbook_to_parquet_minio.py
[2026-04-20T14:16:30.813+0000] {processor.py:830} INFO - Processing file /opt/airflow/dags/orderbook_to_parquet_minio.py for tasks to queue
[2026-04-20T14:16:30.816+0000] {logging_mixin.py:188} INFO - [2026-04-20T14:16:30.816+0000] {dagbag.py:545} INFO - Filling up the DagBag from /opt/airflow/dags/orderbook_to_parquet_minio.py
[2026-04-20T14:16:30.846+0000] {processor.py:840} INFO - DAG(s) 'orderbook_backto_minio_parquet' retrieved from /opt/airflow/dags/orderbook_to_parquet_minio.py
[2026-04-20T14:16:30.860+0000] {logging_mixin.py:188} INFO - [2026-04-20T14:16:30.860+0000] {dag.py:3089} INFO - Sync 1 DAGs
[2026-04-20T14:16:30.879+0000] {logging_mixin.py:188} INFO - [2026-04-20T14:16:30.879+0000] {dag.py:3947} INFO - Setting next_dagrun for orderbook_backto_minio_parquet to 2026-04-19 02:00:00+00:00, run_after=2026-04-20 02:00:00+00:00
[2026-04-20T14:16:30.898+0000] {processor.py:183} INFO - Processing /opt/airflow/dags/orderbook_to_parquet_minio.py took 0.090 seconds
[2026-04-20T14:17:01.346+0000] {processor.py:161} INFO - Started process (PID=1485) to work on /opt/airflow/dags/orderbook_to_parquet_minio.py
[2026-04-20T14:17:01.347+0000] {processor.py:830} INFO - Processing file /opt/airflow/dags/orderbook_to_parquet_minio.py for tasks to queue
[2026-04-20T14:17:01.350+0000] {logging_mixin.py:188} INFO - [2026-04-20T14:17:01.349+0000] {dagbag.py:545} INFO - Filling up the DagBag from /opt/airflow/dags/orderbook_to_parquet_minio.py
[2026-04-20T14:17:01.382+0000] {processor.py:840} INFO - DAG(s) 'orderbook_backto_minio_parquet' retrieved from /opt/airflow/dags/orderbook_to_parquet_minio.py
[2026-04-20T14:17:01.397+0000] {logging_mixin.py:188} INFO - [2026-04-20T14:17:01.397+0000] {dag.py:3089} INFO - Sync 1 DAGs
[2026-04-20T14:17:01.415+0000] {logging_mixin.py:188} INFO - [2026-04-20T14:17:01.415+0000] {dag.py:3947} INFO - Setting next_dagrun for orderbook_backto_minio_parquet to 2026-04-19 02:00:00+00:00, run_after=2026-04-20 02:00:00+00:00
[2026-04-20T14:17:01.433+0000] {processor.py:183} INFO - Processing /opt/airflow/dags/orderbook_to_parquet_minio.py took 0.092 seconds
[2026-04-20T14:17:31.811+0000] {processor.py:161} INFO - Started process (PID=1510) to work on /opt/airflow/dags/orderbook_to_parquet_minio.py
[2026-04-20T14:17:31.812+0000] {processor.py:830} INFO - Processing file /opt/airflow/dags/orderbook_to_parquet_minio.py for tasks to queue
[2026-04-20T14:17:31.814+0000] {logging_mixin.py:188} INFO - [2026-04-20T14:17:31.814+0000] {dagbag.py:545} INFO - Filling up the DagBag from /opt/airflow/dags/orderbook_to_parquet_minio.py
[2026-04-20T14:17:31.844+0000] {processor.py:840} INFO - DAG(s) 'orderbook_backto_minio_parquet' retrieved from /opt/airflow/dags/orderbook_to_parquet_minio.py
[2026-04-20T14:17:31.858+0000] {logging_mixin.py:188} INFO - [2026-04-20T14:17:31.857+0000] {dag.py:3089} INFO - Sync 1 DAGs
[2026-04-20T14:17:31.879+0000] {logging_mixin.py:188} INFO - [2026-04-20T14:17:31.878+0000] {dag.py:3947} INFO - Setting next_dagrun for orderbook_backto_minio_parquet to 2026-04-19 02:00:00+00:00, run_after=2026-04-20 02:00:00+00:00
[2026-04-20T14:17:31.897+0000] {processor.py:183} INFO - Processing /opt/airflow/dags/orderbook_to_parquet_minio.py took 0.091 seconds
[2026-04-20T14:18:02.336+0000] {processor.py:161} INFO - Started process (PID=1535) to work on /opt/airflow/dags/orderbook_to_parquet_minio.py
[2026-04-20T14:18:02.338+0000] {processor.py:830} INFO - Processing file /opt/airflow/dags/orderbook_to_parquet_minio.py for tasks to queue
[2026-04-20T14:18:02.340+0000] {logging_mixin.py:188} INFO - [2026-04-20T14:18:02.340+0000] {dagbag.py:545} INFO - Filling up the DagBag from /opt/airflow/dags/orderbook_to_parquet_minio.py
[2026-04-20T14:18:02.374+0000] {processor.py:840} INFO - DAG(s) 'orderbook_backto_minio_parquet' retrieved from /opt/airflow/dags/orderbook_to_parquet_minio.py
[2026-04-20T14:18:02.389+0000] {logging_mixin.py:188} INFO - [2026-04-20T14:18:02.389+0000] {dag.py:3089} INFO - Sync 1 DAGs
[2026-04-20T14:18:02.411+0000] {logging_mixin.py:188} INFO - [2026-04-20T14:18:02.411+0000] {dag.py:3947} INFO - Setting next_dagrun for orderbook_backto_minio_parquet to 2026-04-19 02:00:00+00:00, run_after=2026-04-20 02:00:00+00:00
[2026-04-20T14:18:02.432+0000] {processor.py:183} INFO - Processing /opt/airflow/dags/orderbook_to_parquet_minio.py took 0.101 seconds
[2026-04-20T14:18:33.133+0000] {processor.py:161} INFO - Started process (PID=1560) to work on /opt/airflow/dags/orderbook_to_parquet_minio.py
[2026-04-20T14:18:33.134+0000] {processor.py:830} INFO - Processing file /opt/airflow/dags/orderbook_to_parquet_minio.py for tasks to queue
[2026-04-20T14:18:33.137+0000] {logging_mixin.py:188} INFO - [2026-04-20T14:18:33.136+0000] {dagbag.py:545} INFO - Filling up the DagBag from /opt/airflow/dags/orderbook_to_parquet_minio.py
[2026-04-20T14:18:33.168+0000] {processor.py:840} INFO - DAG(s) 'orderbook_backto_minio_parquet' retrieved from /opt/airflow/dags/orderbook_to_parquet_minio.py
[2026-04-20T14:18:33.185+0000] {logging_mixin.py:188} INFO - [2026-04-20T14:18:33.184+0000] {dag.py:3089} INFO - Sync 1 DAGs
[2026-04-20T14:18:33.205+0000] {logging_mixin.py:188} INFO - [2026-04-20T14:18:33.205+0000] {dag.py:3947} INFO - Setting next_dagrun for orderbook_backto_minio_parquet to 2026-04-19 02:00:00+00:00, run_after=2026-04-20 02:00:00+00:00
[2026-04-20T14:18:33.225+0000] {processor.py:183} INFO - Processing /opt/airflow/dags/orderbook_to_parquet_minio.py took 0.097 seconds
[2026-04-20T14:19:03.622+0000] {processor.py:161} INFO - Started process (PID=1585) to work on /opt/airflow/dags/orderbook_to_parquet_minio.py
[2026-04-20T14:19:03.623+0000] {processor.py:830} INFO - Processing file /opt/airflow/dags/orderbook_to_parquet_minio.py for tasks to queue
[2026-04-20T14:19:03.625+0000] {logging_mixin.py:188} INFO - [2026-04-20T14:19:03.625+0000] {dagbag.py:545} INFO - Filling up the DagBag from /opt/airflow/dags/orderbook_to_parquet_minio.py
[2026-04-20T14:19:03.655+0000] {processor.py:840} INFO - DAG(s) 'orderbook_backto_minio_parquet' retrieved from /opt/airflow/dags/orderbook_to_parquet_minio.py
[2026-04-20T14:19:03.670+0000] {logging_mixin.py:188} INFO - [2026-04-20T14:19:03.669+0000] {dag.py:3089} INFO - Sync 1 DAGs
[2026-04-20T14:19:03.694+0000] {logging_mixin.py:188} INFO - [2026-04-20T14:19:03.694+0000] {dag.py:3947} INFO - Setting next_dagrun for orderbook_backto_minio_parquet to 2026-04-19 02:00:00+00:00, run_after=2026-04-20 02:00:00+00:00
[2026-04-20T14:19:03.716+0000] {processor.py:183} INFO - Processing /opt/airflow/dags/orderbook_to_parquet_minio.py took 0.099 seconds
[2026-04-20T14:19:34.261+0000] {processor.py:161} INFO - Started process (PID=1610) to work on /opt/airflow/dags/orderbook_to_parquet_minio.py
[2026-04-20T14:19:34.262+0000] {processor.py:830} INFO - Processing file /opt/airflow/dags/orderbook_to_parquet_minio.py for tasks to queue
[2026-04-20T14:19:34.264+0000] {logging_mixin.py:188} INFO - [2026-04-20T14:19:34.263+0000] {dagbag.py:545} INFO - Filling up the DagBag from /opt/airflow/dags/orderbook_to_parquet_minio.py
[2026-04-20T14:19:34.294+0000] {processor.py:840} INFO - DAG(s) 'orderbook_backto_minio_parquet' retrieved from /opt/airflow/dags/orderbook_to_parquet_minio.py
[2026-04-20T14:19:34.308+0000] {logging_mixin.py:188} INFO - [2026-04-20T14:19:34.308+0000] {dag.py:3089} INFO - Sync 1 DAGs
[2026-04-20T14:19:34.328+0000] {logging_mixin.py:188} INFO - [2026-04-20T14:19:34.327+0000] {dag.py:3947} INFO - Setting next_dagrun for orderbook_backto_minio_parquet to 2026-04-19 02:00:00+00:00, run_after=2026-04-20 02:00:00+00:00
[2026-04-20T14:19:34.345+0000] {processor.py:183} INFO - Processing /opt/airflow/dags/orderbook_to_parquet_minio.py took 0.089 seconds
[2026-04-20T14:20:04.750+0000] {processor.py:161} INFO - Started process (PID=1635) to work on /opt/airflow/dags/orderbook_to_parquet_minio.py
[2026-04-20T14:20:04.751+0000] {processor.py:830} INFO - Processing file /opt/airflow/dags/orderbook_to_parquet_minio.py for tasks to queue
[2026-04-20T14:20:04.753+0000] {logging_mixin.py:188} INFO - [2026-04-20T14:20:04.753+0000] {dagbag.py:545} INFO - Filling up the DagBag from /opt/airflow/dags/orderbook_to_parquet_minio.py
[2026-04-20T14:20:04.782+0000] {processor.py:840} INFO - DAG(s) 'orderbook_backto_minio_parquet' retrieved from /opt/airflow/dags/orderbook_to_parquet_minio.py
[2026-04-20T14:20:04.796+0000] {logging_mixin.py:188} INFO - [2026-04-20T14:20:04.796+0000] {dag.py:3089} INFO - Sync 1 DAGs
[2026-04-20T14:20:04.814+0000] {logging_mixin.py:188} INFO - [2026-04-20T14:20:04.814+0000] {dag.py:3947} INFO - Setting next_dagrun for orderbook_backto_minio_parquet to 2026-04-19 02:00:00+00:00, run_after=2026-04-20 02:00:00+00:00
[2026-04-20T14:20:04.832+0000] {processor.py:183} INFO - Processing /opt/airflow/dags/orderbook_to_parquet_minio.py took 0.087 seconds
[2026-04-20T14:20:35.262+0000] {processor.py:161} INFO - Started process (PID=1660) to work on /opt/airflow/dags/orderbook_to_parquet_minio.py
[2026-04-20T14:20:35.263+0000] {processor.py:830} INFO - Processing file /opt/airflow/dags/orderbook_to_parquet_minio.py for tasks to queue
[2026-04-20T14:20:35.265+0000] {logging_mixin.py:188} INFO - [2026-04-20T14:20:35.265+0000] {dagbag.py:545} INFO - Filling up the DagBag from /opt/airflow/dags/orderbook_to_parquet_minio.py
[2026-04-20T14:20:35.295+0000] {processor.py:840} INFO - DAG(s) 'orderbook_backto_minio_parquet' retrieved from /opt/airflow/dags/orderbook_to_parquet_minio.py
[2026-04-20T14:20:35.309+0000] {logging_mixin.py:188} INFO - [2026-04-20T14:20:35.309+0000] {dag.py:3089} INFO - Sync 1 DAGs
[2026-04-20T14:20:35.329+0000] {logging_mixin.py:188} INFO - [2026-04-20T14:20:35.329+0000] {dag.py:3947} INFO - Setting next_dagrun for orderbook_backto_minio_parquet to 2026-04-19 02:00:00+00:00, run_after=2026-04-20 02:00:00+00:00
[2026-04-20T14:20:35.346+0000] {processor.py:183} INFO - Processing /opt/airflow/dags/orderbook_to_parquet_minio.py took 0.089 seconds
[2026-04-20T14:21:05.773+0000] {processor.py:161} INFO - Started process (PID=1685) to work on /opt/airflow/dags/orderbook_to_parquet_minio.py
[2026-04-20T14:21:05.774+0000] {processor.py:830} INFO - Processing file /opt/airflow/dags/orderbook_to_parquet_minio.py for tasks to queue
[2026-04-20T14:21:05.776+0000] {logging_mixin.py:188} INFO - [2026-04-20T14:21:05.776+0000] {dagbag.py:545} INFO - Filling up the DagBag from /opt/airflow/dags/orderbook_to_parquet_minio.py
[2026-04-20T14:21:05.809+0000] {processor.py:840} INFO - DAG(s) 'orderbook_backto_minio_parquet' retrieved from /opt/airflow/dags/orderbook_to_parquet_minio.py
[2026-04-20T14:21:05.824+0000] {logging_mixin.py:188} INFO - [2026-04-20T14:21:05.823+0000] {dag.py:3089} INFO - Sync 1 DAGs
[2026-04-20T14:21:05.847+0000] {logging_mixin.py:188} INFO - [2026-04-20T14:21:05.847+0000] {dag.py:3947} INFO - Setting next_dagrun for orderbook_backto_minio_parquet to 2026-04-19 02:00:00+00:00, run_after=2026-04-20 02:00:00+00:00
[2026-04-20T14:21:05.869+0000] {processor.py:183} INFO - Processing /opt/airflow/dags/orderbook_to_parquet_minio.py took 0.101 seconds
[2026-04-20T14:21:36.364+0000] {processor.py:161} INFO - Started process (PID=1710) to work on /opt/airflow/dags/orderbook_to_parquet_minio.py
[2026-04-20T14:21:36.365+0000] {processor.py:830} INFO - Processing file /opt/airflow/dags/orderbook_to_parquet_minio.py for tasks to queue
[2026-04-20T14:21:36.368+0000] {logging_mixin.py:188} INFO - [2026-04-20T14:21:36.367+0000] {dagbag.py:545} INFO - Filling up the DagBag from /opt/airflow/dags/orderbook_to_parquet_minio.py
[2026-04-20T14:21:36.397+0000] {processor.py:840} INFO - DAG(s) 'orderbook_backto_minio_parquet' retrieved from /opt/airflow/dags/orderbook_to_parquet_minio.py
[2026-04-20T14:21:36.413+0000] {logging_mixin.py:188} INFO - [2026-04-20T14:21:36.412+0000] {dag.py:3089} INFO - Sync 1 DAGs
[2026-04-20T14:21:36.435+0000] {logging_mixin.py:188} INFO - [2026-04-20T14:21:36.435+0000] {dag.py:3947} INFO - Setting next_dagrun for orderbook_backto_minio_parquet to 2026-04-19 02:00:00+00:00, run_after=2026-04-20 02:00:00+00:00
[2026-04-20T14:21:36.452+0000] {processor.py:183} INFO - Processing /opt/airflow/dags/orderbook_to_parquet_minio.py took 0.093 seconds
[2026-04-20T14:22:06.909+0000] {processor.py:161} INFO - Started process (PID=1735) to work on /opt/airflow/dags/orderbook_to_parquet_minio.py
[2026-04-20T14:22:06.910+0000] {processor.py:830} INFO - Processing file /opt/airflow/dags/orderbook_to_parquet_minio.py for tasks to queue
[2026-04-20T14:22:06.912+0000] {logging_mixin.py:188} INFO - [2026-04-20T14:22:06.912+0000] {dagbag.py:545} INFO - Filling up the DagBag from /opt/airflow/dags/orderbook_to_parquet_minio.py
[2026-04-20T14:22:06.942+0000] {processor.py:840} INFO - DAG(s) 'orderbook_backto_minio_parquet' retrieved from /opt/airflow/dags/orderbook_to_parquet_minio.py
[2026-04-20T14:22:06.956+0000] {logging_mixin.py:188} INFO - [2026-04-20T14:22:06.956+0000] {dag.py:3089} INFO - Sync 1 DAGs
[2026-04-20T14:22:06.977+0000] {logging_mixin.py:188} INFO - [2026-04-20T14:22:06.977+0000] {dag.py:3947} INFO - Setting next_dagrun for orderbook_backto_minio_parquet to 2026-04-19 02:00:00+00:00, run_after=2026-04-20 02:00:00+00:00
[2026-04-20T14:22:06.995+0000] {processor.py:183} INFO - Processing /opt/airflow/dags/orderbook_to_parquet_minio.py took 0.091 seconds
[2026-04-20T14:22:37.505+0000] {processor.py:161} INFO - Started process (PID=1760) to work on /opt/airflow/dags/orderbook_to_parquet_minio.py
[2026-04-20T14:22:37.506+0000] {processor.py:830} INFO - Processing file /opt/airflow/dags/orderbook_to_parquet_minio.py for tasks to queue
[2026-04-20T14:22:37.508+0000] {logging_mixin.py:188} INFO - [2026-04-20T14:22:37.508+0000] {dagbag.py:545} INFO - Filling up the DagBag from /opt/airflow/dags/orderbook_to_parquet_minio.py
[2026-04-20T14:22:37.539+0000] {processor.py:840} INFO - DAG(s) 'orderbook_backto_minio_parquet' retrieved from /opt/airflow/dags/orderbook_to_parquet_minio.py
[2026-04-20T14:22:37.553+0000] {logging_mixin.py:188} INFO - [2026-04-20T14:22:37.552+0000] {dag.py:3089} INFO - Sync 1 DAGs
[2026-04-20T14:22:37.572+0000] {logging_mixin.py:188} INFO - [2026-04-20T14:22:37.572+0000] {dag.py:3947} INFO - Setting next_dagrun for orderbook_backto_minio_parquet to 2026-04-19 02:00:00+00:00, run_after=2026-04-20 02:00:00+00:00
[2026-04-20T14:22:37.591+0000] {processor.py:183} INFO - Processing /opt/airflow/dags/orderbook_to_parquet_minio.py took 0.091 seconds
[2026-04-20T14:23:08.275+0000] {processor.py:161} INFO - Started process (PID=1785) to work on /opt/airflow/dags/orderbook_to_parquet_minio.py
[2026-04-20T14:23:08.276+0000] {processor.py:830} INFO - Processing file /opt/airflow/dags/orderbook_to_parquet_minio.py for tasks to queue
[2026-04-20T14:23:08.278+0000] {logging_mixin.py:188} INFO - [2026-04-20T14:23:08.278+0000] {dagbag.py:545} INFO - Filling up the DagBag from /opt/airflow/dags/orderbook_to_parquet_minio.py
[2026-04-20T14:23:08.309+0000] {processor.py:840} INFO - DAG(s) 'orderbook_backto_minio_parquet' retrieved from /opt/airflow/dags/orderbook_to_parquet_minio.py
[2026-04-20T14:23:08.508+0000] {logging_mixin.py:188} INFO - [2026-04-20T14:23:08.508+0000] {dag.py:3089} INFO - Sync 1 DAGs
[2026-04-20T14:23:08.525+0000] {logging_mixin.py:188} INFO - [2026-04-20T14:23:08.525+0000] {dag.py:3947} INFO - Setting next_dagrun for orderbook_backto_minio_parquet to 2026-04-19 02:00:00+00:00, run_after=2026-04-20 02:00:00+00:00
[2026-04-20T14:23:08.544+0000] {processor.py:183} INFO - Processing /opt/airflow/dags/orderbook_to_parquet_minio.py took 0.275 seconds
[2026-04-20T14:23:39.123+0000] {processor.py:161} INFO - Started process (PID=1810) to work on /opt/airflow/dags/orderbook_to_parquet_minio.py
[2026-04-20T14:23:39.124+0000] {processor.py:830} INFO - Processing file /opt/airflow/dags/orderbook_to_parquet_minio.py for tasks to queue
[2026-04-20T14:23:39.126+0000] {logging_mixin.py:188} INFO - [2026-04-20T14:23:39.126+0000] {dagbag.py:545} INFO - Filling up the DagBag from /opt/airflow/dags/orderbook_to_parquet_minio.py
[2026-04-20T14:23:39.162+0000] {processor.py:840} INFO - DAG(s) 'orderbook_backto_minio_parquet' retrieved from /opt/airflow/dags/orderbook_to_parquet_minio.py
[2026-04-20T14:23:39.178+0000] {logging_mixin.py:188} INFO - [2026-04-20T14:23:39.178+0000] {dag.py:3089} INFO - Sync 1 DAGs
[2026-04-20T14:23:39.204+0000] {logging_mixin.py:188} INFO - [2026-04-20T14:23:39.203+0000] {dag.py:3947} INFO - Setting next_dagrun for orderbook_backto_minio_parquet to 2026-04-19 02:00:00+00:00, run_after=2026-04-20 02:00:00+00:00
[2026-04-20T14:23:39.434+0000] {processor.py:183} INFO - Processing /opt/airflow/dags/orderbook_to_parquet_minio.py took 0.317 seconds
[2026-04-20T14:24:09.731+0000] {processor.py:161} INFO - Started process (PID=1835) to work on /opt/airflow/dags/orderbook_to_parquet_minio.py
[2026-04-20T14:24:09.732+0000] {processor.py:830} INFO - Processing file /opt/airflow/dags/orderbook_to_parquet_minio.py for tasks to queue
[2026-04-20T14:24:09.735+0000] {logging_mixin.py:188} INFO - [2026-04-20T14:24:09.735+0000] {dagbag.py:545} INFO - Filling up the DagBag from /opt/airflow/dags/orderbook_to_parquet_minio.py
[2026-04-20T14:24:09.766+0000] {processor.py:840} INFO - DAG(s) 'orderbook_backto_minio_parquet' retrieved from /opt/airflow/dags/orderbook_to_parquet_minio.py
[2026-04-20T14:24:09.782+0000] {logging_mixin.py:188} INFO - [2026-04-20T14:24:09.781+0000] {dag.py:3089} INFO - Sync 1 DAGs
[2026-04-20T14:24:09.802+0000] {logging_mixin.py:188} INFO - [2026-04-20T14:24:09.802+0000] {dag.py:3947} INFO - Setting next_dagrun for orderbook_backto_minio_parquet to 2026-04-19 02:00:00+00:00, run_after=2026-04-20 02:00:00+00:00
[2026-04-20T14:24:09.821+0000] {processor.py:183} INFO - Processing /opt/airflow/dags/orderbook_to_parquet_minio.py took 0.095 seconds
[2026-04-20T14:24:40.519+0000] {processor.py:161} INFO - Started process (PID=1860) to work on /opt/airflow/dags/orderbook_to_parquet_minio.py
[2026-04-20T14:24:40.520+0000] {processor.py:830} INFO - Processing file /opt/airflow/dags/orderbook_to_parquet_minio.py for tasks to queue
[2026-04-20T14:24:40.522+0000] {logging_mixin.py:188} INFO - [2026-04-20T14:24:40.522+0000] {dagbag.py:545} INFO - Filling up the DagBag from /opt/airflow/dags/orderbook_to_parquet_minio.py
[2026-04-20T14:24:40.551+0000] {processor.py:840} INFO - DAG(s) 'orderbook_backto_minio_parquet' retrieved from /opt/airflow/dags/orderbook_to_parquet_minio.py
[2026-04-20T14:24:40.566+0000] {logging_mixin.py:188} INFO - [2026-04-20T14:24:40.566+0000] {dag.py:3089} INFO - Sync 1 DAGs
[2026-04-20T14:24:40.586+0000] {logging_mixin.py:188} INFO - [2026-04-20T14:24:40.585+0000] {dag.py:3947} INFO - Setting next_dagrun for orderbook_backto_minio_parquet to 2026-04-19 02:00:00+00:00, run_after=2026-04-20 02:00:00+00:00
[2026-04-20T14:24:40.604+0000] {processor.py:183} INFO - Processing /opt/airflow/dags/orderbook_to_parquet_minio.py took 0.090 seconds
[2026-04-20T14:25:11.269+0000] {processor.py:161} INFO - Started process (PID=1885) to work on /opt/airflow/dags/orderbook_to_parquet_minio.py
[2026-04-20T14:25:11.270+0000] {processor.py:830} INFO - Processing file /opt/airflow/dags/orderbook_to_parquet_minio.py for tasks to queue
[2026-04-20T14:25:11.273+0000] {logging_mixin.py:188} INFO - [2026-04-20T14:25:11.273+0000] {dagbag.py:545} INFO - Filling up the DagBag from /opt/airflow/dags/orderbook_to_parquet_minio.py
[2026-04-20T14:25:11.306+0000] {processor.py:840} INFO - DAG(s) 'orderbook_backto_minio_parquet' retrieved from /opt/airflow/dags/orderbook_to_parquet_minio.py
[2026-04-20T14:25:11.321+0000] {logging_mixin.py:188} INFO - [2026-04-20T14:25:11.320+0000] {dag.py:3089} INFO - Sync 1 DAGs
[2026-04-20T14:25:11.342+0000] {logging_mixin.py:188} INFO - [2026-04-20T14:25:11.342+0000] {dag.py:3947} INFO - Setting next_dagrun for orderbook_backto_minio_parquet to 2026-04-19 02:00:00+00:00, run_after=2026-04-20 02:00:00+00:00
[2026-04-20T14:25:11.361+0000] {processor.py:183} INFO - Processing /opt/airflow/dags/orderbook_to_parquet_minio.py took 0.099 seconds
[2026-04-20T14:25:41.911+0000] {processor.py:161} INFO - Started process (PID=1910) to work on /opt/airflow/dags/orderbook_to_parquet_minio.py
[2026-04-20T14:25:41.912+0000] {processor.py:830} INFO - Processing file /opt/airflow/dags/orderbook_to_parquet_minio.py for tasks to queue
[2026-04-20T14:25:41.914+0000] {logging_mixin.py:188} INFO - [2026-04-20T14:25:41.914+0000] {dagbag.py:545} INFO - Filling up the DagBag from /opt/airflow/dags/orderbook_to_parquet_minio.py
[2026-04-20T14:25:41.947+0000] {processor.py:840} INFO - DAG(s) 'orderbook_backto_minio_parquet' retrieved from /opt/airflow/dags/orderbook_to_parquet_minio.py
[2026-04-20T14:25:41.965+0000] {logging_mixin.py:188} INFO - [2026-04-20T14:25:41.965+0000] {dag.py:3089} INFO - Sync 1 DAGs
[2026-04-20T14:25:41.989+0000] {logging_mixin.py:188} INFO - [2026-04-20T14:25:41.988+0000] {dag.py:3947} INFO - Setting next_dagrun for orderbook_backto_minio_parquet to 2026-04-19 02:00:00+00:00, run_after=2026-04-20 02:00:00+00:00
[2026-04-20T14:25:42.006+0000] {processor.py:183} INFO - Processing /opt/airflow/dags/orderbook_to_parquet_minio.py took 0.102 seconds
[2026-04-20T14:26:12.635+0000] {processor.py:161} INFO - Started process (PID=1935) to work on /opt/airflow/dags/orderbook_to_parquet_minio.py
[2026-04-20T14:26:12.636+0000] {processor.py:830} INFO - Processing file /opt/airflow/dags/orderbook_to_parquet_minio.py for tasks to queue
[2026-04-20T14:26:12.638+0000] {logging_mixin.py:188} INFO - [2026-04-20T14:26:12.638+0000] {dagbag.py:545} INFO - Filling up the DagBag from /opt/airflow/dags/orderbook_to_parquet_minio.py
[2026-04-20T14:26:12.667+0000] {processor.py:840} INFO - DAG(s) 'orderbook_backto_minio_parquet' retrieved from /opt/airflow/dags/orderbook_to_parquet_minio.py
[2026-04-20T14:26:12.685+0000] {logging_mixin.py:188} INFO - [2026-04-20T14:26:12.684+0000] {dag.py:3089} INFO - Sync 1 DAGs
[2026-04-20T14:26:12.703+0000] {logging_mixin.py:188} INFO - [2026-04-20T14:26:12.702+0000] {dag.py:3947} INFO - Setting next_dagrun for orderbook_backto_minio_parquet to 2026-04-19 02:00:00+00:00, run_after=2026-04-20 02:00:00+00:00
[2026-04-20T14:26:12.719+0000] {processor.py:183} INFO - Processing /opt/airflow/dags/orderbook_to_parquet_minio.py took 0.090 seconds
[2026-04-20T14:26:43.196+0000] {processor.py:161} INFO - Started process (PID=1961) to work on /opt/airflow/dags/orderbook_to_parquet_minio.py
[2026-04-20T14:26:43.197+0000] {processor.py:830} INFO - Processing file /opt/airflow/dags/orderbook_to_parquet_minio.py for tasks to queue
[2026-04-20T14:26:43.199+0000] {logging_mixin.py:188} INFO - [2026-04-20T14:26:43.199+0000] {dagbag.py:545} INFO - Filling up the DagBag from /opt/airflow/dags/orderbook_to_parquet_minio.py
[2026-04-20T14:26:43.228+0000] {processor.py:840} INFO - DAG(s) 'orderbook_backto_minio_parquet' retrieved from /opt/airflow/dags/orderbook_to_parquet_minio.py
[2026-04-20T14:26:43.241+0000] {logging_mixin.py:188} INFO - [2026-04-20T14:26:43.241+0000] {dag.py:3089} INFO - Sync 1 DAGs
[2026-04-20T14:26:43.263+0000] {logging_mixin.py:188} INFO - [2026-04-20T14:26:43.263+0000] {dag.py:3947} INFO - Setting next_dagrun for orderbook_backto_minio_parquet to 2026-04-19 02:00:00+00:00, run_after=2026-04-20 02:00:00+00:00
[2026-04-20T14:26:43.280+0000] {processor.py:183} INFO - Processing /opt/airflow/dags/orderbook_to_parquet_minio.py took 0.089 seconds
[2026-04-20T14:27:13.781+0000] {processor.py:161} INFO - Started process (PID=1986) to work on /opt/airflow/dags/orderbook_to_parquet_minio.py
[2026-04-20T14:27:13.782+0000] {processor.py:830} INFO - Processing file /opt/airflow/dags/orderbook_to_parquet_minio.py for tasks to queue
[2026-04-20T14:27:13.785+0000] {logging_mixin.py:188} INFO - [2026-04-20T14:27:13.784+0000] {dagbag.py:545} INFO - Filling up the DagBag from /opt/airflow/dags/orderbook_to_parquet_minio.py
[2026-04-20T14:27:13.815+0000] {processor.py:840} INFO - DAG(s) 'orderbook_backto_minio_parquet' retrieved from /opt/airflow/dags/orderbook_to_parquet_minio.py
[2026-04-20T14:27:13.830+0000] {logging_mixin.py:188} INFO - [2026-04-20T14:27:13.829+0000] {dag.py:3089} INFO - Sync 1 DAGs
[2026-04-20T14:27:13.849+0000] {logging_mixin.py:188} INFO - [2026-04-20T14:27:13.849+0000] {dag.py:3947} INFO - Setting next_dagrun for orderbook_backto_minio_parquet to 2026-04-19 02:00:00+00:00, run_after=2026-04-20 02:00:00+00:00
[2026-04-20T14:27:13.867+0000] {processor.py:183} INFO - Processing /opt/airflow/dags/orderbook_to_parquet_minio.py took 0.091 seconds
[2026-04-20T14:27:44.466+0000] {processor.py:161} INFO - Started process (PID=2011) to work on /opt/airflow/dags/orderbook_to_parquet_minio.py
[2026-04-20T14:27:44.467+0000] {processor.py:830} INFO - Processing file /opt/airflow/dags/orderbook_to_parquet_minio.py for tasks to queue
[2026-04-20T14:27:44.469+0000] {logging_mixin.py:188} INFO - [2026-04-20T14:27:44.469+0000] {dagbag.py:545} INFO - Filling up the DagBag from /opt/airflow/dags/orderbook_to_parquet_minio.py
[2026-04-20T14:27:44.500+0000] {processor.py:840} INFO - DAG(s) 'orderbook_backto_minio_parquet' retrieved from /opt/airflow/dags/orderbook_to_parquet_minio.py
[2026-04-20T14:27:44.515+0000] {logging_mixin.py:188} INFO - [2026-04-20T14:27:44.514+0000] {dag.py:3089} INFO - Sync 1 DAGs
[2026-04-20T14:27:44.536+0000] {logging_mixin.py:188} INFO - [2026-04-20T14:27:44.536+0000] {dag.py:3947} INFO - Setting next_dagrun for orderbook_backto_minio_parquet to 2026-04-19 02:00:00+00:00, run_after=2026-04-20 02:00:00+00:00
[2026-04-20T14:27:44.555+0000] {processor.py:183} INFO - Processing /opt/airflow/dags/orderbook_to_parquet_minio.py took 0.094 seconds
[2026-04-20T14:28:15.102+0000] {processor.py:161} INFO - Started process (PID=2036) to work on /opt/airflow/dags/orderbook_to_parquet_minio.py
[2026-04-20T14:28:15.103+0000] {processor.py:830} INFO - Processing file /opt/airflow/dags/orderbook_to_parquet_minio.py for tasks to queue
[2026-04-20T14:28:15.105+0000] {logging_mixin.py:188} INFO - [2026-04-20T14:28:15.105+0000] {dagbag.py:545} INFO - Filling up the DagBag from /opt/airflow/dags/orderbook_to_parquet_minio.py
[2026-04-20T14:28:15.136+0000] {processor.py:840} INFO - DAG(s) 'orderbook_backto_minio_parquet' retrieved from /opt/airflow/dags/orderbook_to_parquet_minio.py
[2026-04-20T14:28:15.152+0000] {logging_mixin.py:188} INFO - [2026-04-20T14:28:15.151+0000] {dag.py:3089} INFO - Sync 1 DAGs
[2026-04-20T14:28:15.176+0000] {logging_mixin.py:188} INFO - [2026-04-20T14:28:15.175+0000] {dag.py:3947} INFO - Setting next_dagrun for orderbook_backto_minio_parquet to 2026-04-19 02:00:00+00:00, run_after=2026-04-20 02:00:00+00:00
[2026-04-20T14:28:15.197+0000] {processor.py:183} INFO - Processing /opt/airflow/dags/orderbook_to_parquet_minio.py took 0.100 seconds
[2026-04-20T14:28:46.038+0000] {processor.py:161} INFO - Started process (PID=2062) to work on /opt/airflow/dags/orderbook_to_parquet_minio.py
[2026-04-20T14:28:46.040+0000] {processor.py:830} INFO - Processing file /opt/airflow/dags/orderbook_to_parquet_minio.py for tasks to queue
[2026-04-20T14:28:46.043+0000] {logging_mixin.py:188} INFO - [2026-04-20T14:28:46.043+0000] {dagbag.py:545} INFO - Filling up the DagBag from /opt/airflow/dags/orderbook_to_parquet_minio.py
[2026-04-20T14:28:46.115+0000] {processor.py:840} INFO - DAG(s) 'orderbook_backto_minio_parquet' retrieved from /opt/airflow/dags/orderbook_to_parquet_minio.py
[2026-04-20T14:28:46.143+0000] {logging_mixin.py:188} INFO - [2026-04-20T14:28:46.142+0000] {dag.py:3089} INFO - Sync 1 DAGs
[2026-04-20T14:28:46.178+0000] {logging_mixin.py:188} INFO - [2026-04-20T14:28:46.177+0000] {dag.py:3947} INFO - Setting next_dagrun for orderbook_backto_minio_parquet to 2026-04-19 02:00:00+00:00, run_after=2026-04-20 02:00:00+00:00
[2026-04-20T14:28:46.235+0000] {processor.py:183} INFO - Processing /opt/airflow/dags/orderbook_to_parquet_minio.py took 0.204 seconds
[2026-04-20T14:29:16.901+0000] {processor.py:161} INFO - Started process (PID=2087) to work on /opt/airflow/dags/orderbook_to_parquet_minio.py
[2026-04-20T14:29:16.902+0000] {processor.py:830} INFO - Processing file /opt/airflow/dags/orderbook_to_parquet_minio.py for tasks to queue
[2026-04-20T14:29:16.905+0000] {logging_mixin.py:188} INFO - [2026-04-20T14:29:16.904+0000] {dagbag.py:545} INFO - Filling up the DagBag from /opt/airflow/dags/orderbook_to_parquet_minio.py
[2026-04-20T14:29:16.936+0000] {processor.py:840} INFO - DAG(s) 'orderbook_backto_minio_parquet' retrieved from /opt/airflow/dags/orderbook_to_parquet_minio.py
[2026-04-20T14:29:16.951+0000] {logging_mixin.py:188} INFO - [2026-04-20T14:29:16.951+0000] {dag.py:3089} INFO - Sync 1 DAGs
[2026-04-20T14:29:16.971+0000] {logging_mixin.py:188} INFO - [2026-04-20T14:29:16.971+0000] {dag.py:3947} INFO - Setting next_dagrun for orderbook_backto_minio_parquet to 2026-04-19 02:00:00+00:00, run_after=2026-04-20 02:00:00+00:00
[2026-04-20T14:29:16.989+0000] {processor.py:183} INFO - Processing /opt/airflow/dags/orderbook_to_parquet_minio.py took 0.093 seconds
[2026-04-20T14:29:47.474+0000] {processor.py:161} INFO - Started process (PID=2112) to work on /opt/airflow/dags/orderbook_to_parquet_minio.py
[2026-04-20T14:29:47.475+0000] {processor.py:830} INFO - Processing file /opt/airflow/dags/orderbook_to_parquet_minio.py for tasks to queue
[2026-04-20T14:29:47.477+0000] {logging_mixin.py:188} INFO - [2026-04-20T14:29:47.477+0000] {dagbag.py:545} INFO - Filling up the DagBag from /opt/airflow/dags/orderbook_to_parquet_minio.py
[2026-04-20T14:29:47.507+0000] {processor.py:840} INFO - DAG(s) 'orderbook_backto_minio_parquet' retrieved from /opt/airflow/dags/orderbook_to_parquet_minio.py
[2026-04-20T14:29:47.521+0000] {logging_mixin.py:188} INFO - [2026-04-20T14:29:47.521+0000] {dag.py:3089} INFO - Sync 1 DAGs
[2026-04-20T14:29:47.541+0000] {logging_mixin.py:188} INFO - [2026-04-20T14:29:47.541+0000] {dag.py:3947} INFO - Setting next_dagrun for orderbook_backto_minio_parquet to 2026-04-19 02:00:00+00:00, run_after=2026-04-20 02:00:00+00:00
[2026-04-20T14:29:47.560+0000] {processor.py:183} INFO - Processing /opt/airflow/dags/orderbook_to_parquet_minio.py took 0.091 seconds
[2026-04-20T14:30:18.052+0000] {processor.py:161} INFO - Started process (PID=2137) to work on /opt/airflow/dags/orderbook_to_parquet_minio.py
[2026-04-20T14:30:18.053+0000] {processor.py:830} INFO - Processing file /opt/airflow/dags/orderbook_to_parquet_minio.py for tasks to queue
[2026-04-20T14:30:18.056+0000] {logging_mixin.py:188} INFO - [2026-04-20T14:30:18.056+0000] {dagbag.py:545} INFO - Filling up the DagBag from /opt/airflow/dags/orderbook_to_parquet_minio.py
[2026-04-20T14:30:18.092+0000] {processor.py:840} INFO - DAG(s) 'orderbook_backto_minio_parquet' retrieved from /opt/airflow/dags/orderbook_to_parquet_minio.py
[2026-04-20T14:30:18.109+0000] {logging_mixin.py:188} INFO - [2026-04-20T14:30:18.109+0000] {dag.py:3089} INFO - Sync 1 DAGs
[2026-04-20T14:30:18.136+0000] {logging_mixin.py:188} INFO - [2026-04-20T14:30:18.135+0000] {dag.py:3947} INFO - Setting next_dagrun for orderbook_backto_minio_parquet to 2026-04-19 02:00:00+00:00, run_after=2026-04-20 02:00:00+00:00
[2026-04-20T14:30:18.163+0000] {processor.py:183} INFO - Processing /opt/airflow/dags/orderbook_to_parquet_minio.py took 0.117 seconds
[2026-04-20T14:30:48.801+0000] {processor.py:161} INFO - Started process (PID=2162) to work on /opt/airflow/dags/orderbook_to_parquet_minio.py
[2026-04-20T14:30:48.802+0000] {processor.py:830} INFO - Processing file /opt/airflow/dags/orderbook_to_parquet_minio.py for tasks to queue
[2026-04-20T14:30:48.805+0000] {logging_mixin.py:188} INFO - [2026-04-20T14:30:48.804+0000] {dagbag.py:545} INFO - Filling up the DagBag from /opt/airflow/dags/orderbook_to_parquet_minio.py
[2026-04-20T14:30:48.835+0000] {processor.py:840} INFO - DAG(s) 'orderbook_backto_minio_parquet' retrieved from /opt/airflow/dags/orderbook_to_parquet_minio.py
[2026-04-20T14:30:48.849+0000] {logging_mixin.py:188} INFO - [2026-04-20T14:30:48.849+0000] {dag.py:3089} INFO - Sync 1 DAGs
[2026-04-20T14:30:48.869+0000] {logging_mixin.py:188} INFO - [2026-04-20T14:30:48.869+0000] {dag.py:3947} INFO - Setting next_dagrun for orderbook_backto_minio_parquet to 2026-04-19 02:00:00+00:00, run_after=2026-04-20 02:00:00+00:00
[2026-04-20T14:30:48.888+0000] {processor.py:183} INFO - Processing /opt/airflow/dags/orderbook_to_parquet_minio.py took 0.092 seconds
[2026-04-20T14:31:19.460+0000] {processor.py:161} INFO - Started process (PID=2187) to work on /opt/airflow/dags/orderbook_to_parquet_minio.py
[2026-04-20T14:31:19.461+0000] {processor.py:830} INFO - Processing file /opt/airflow/dags/orderbook_to_parquet_minio.py for tasks to queue
[2026-04-20T14:31:19.464+0000] {logging_mixin.py:188} INFO - [2026-04-20T14:31:19.464+0000] {dagbag.py:545} INFO - Filling up the DagBag from /opt/airflow/dags/orderbook_to_parquet_minio.py
[2026-04-20T14:31:19.494+0000] {processor.py:840} INFO - DAG(s) 'orderbook_backto_minio_parquet' retrieved from /opt/airflow/dags/orderbook_to_parquet_minio.py
[2026-04-20T14:31:19.508+0000] {logging_mixin.py:188} INFO - [2026-04-20T14:31:19.508+0000] {dag.py:3089} INFO - Sync 1 DAGs
[2026-04-20T14:31:19.530+0000] {logging_mixin.py:188} INFO - [2026-04-20T14:31:19.530+0000] {dag.py:3947} INFO - Setting next_dagrun for orderbook_backto_minio_parquet to 2026-04-19 02:00:00+00:00, run_after=2026-04-20 02:00:00+00:00
[2026-04-20T14:31:19.548+0000] {processor.py:183} INFO - Processing /opt/airflow/dags/orderbook_to_parquet_minio.py took 0.093 seconds
[2026-04-20T14:31:50.066+0000] {processor.py:161} INFO - Started process (PID=2212) to work on /opt/airflow/dags/orderbook_to_parquet_minio.py
[2026-04-20T14:31:50.067+0000] {processor.py:830} INFO - Processing file /opt/airflow/dags/orderbook_to_parquet_minio.py for tasks to queue
[2026-04-20T14:31:50.069+0000] {logging_mixin.py:188} INFO - [2026-04-20T14:31:50.069+0000] {dagbag.py:545} INFO - Filling up the DagBag from /opt/airflow/dags/orderbook_to_parquet_minio.py
[2026-04-20T14:31:50.104+0000] {processor.py:840} INFO - DAG(s) 'orderbook_backto_minio_parquet' retrieved from /opt/airflow/dags/orderbook_to_parquet_minio.py
[2026-04-20T14:31:50.120+0000] {logging_mixin.py:188} INFO - [2026-04-20T14:31:50.119+0000] {dag.py:3089} INFO - Sync 1 DAGs
[2026-04-20T14:31:50.142+0000] {logging_mixin.py:188} INFO - [2026-04-20T14:31:50.142+0000] {dag.py:3947} INFO - Setting next_dagrun for orderbook_backto_minio_parquet to 2026-04-19 02:00:00+00:00, run_after=2026-04-20 02:00:00+00:00
[2026-04-20T14:31:50.162+0000] {processor.py:183} INFO - Processing /opt/airflow/dags/orderbook_to_parquet_minio.py took 0.103 seconds
[2026-04-20T14:32:20.727+0000] {processor.py:161} INFO - Started process (PID=2237) to work on /opt/airflow/dags/orderbook_to_parquet_minio.py
[2026-04-20T14:32:20.728+0000] {processor.py:830} INFO - Processing file /opt/airflow/dags/orderbook_to_parquet_minio.py for tasks to queue
[2026-04-20T14:32:20.731+0000] {logging_mixin.py:188} INFO - [2026-04-20T14:32:20.730+0000] {dagbag.py:545} INFO - Filling up the DagBag from /opt/airflow/dags/orderbook_to_parquet_minio.py
[2026-04-20T14:32:20.759+0000] {processor.py:840} INFO - DAG(s) 'orderbook_backto_minio_parquet' retrieved from /opt/airflow/dags/orderbook_to_parquet_minio.py
[2026-04-20T14:32:20.777+0000] {logging_mixin.py:188} INFO - [2026-04-20T14:32:20.777+0000] {dag.py:3089} INFO - Sync 1 DAGs
[2026-04-20T14:32:20.798+0000] {logging_mixin.py:188} INFO - [2026-04-20T14:32:20.798+0000] {dag.py:3947} INFO - Setting next_dagrun for orderbook_backto_minio_parquet to 2026-04-19 02:00:00+00:00, run_after=2026-04-20 02:00:00+00:00
[2026-04-20T14:32:20.819+0000] {processor.py:183} INFO - Processing /opt/airflow/dags/orderbook_to_parquet_minio.py took 0.097 seconds
[2026-04-20T14:32:51.301+0000] {processor.py:161} INFO - Started process (PID=2262) to work on /opt/airflow/dags/orderbook_to_parquet_minio.py
[2026-04-20T14:32:51.302+0000] {processor.py:830} INFO - Processing file /opt/airflow/dags/orderbook_to_parquet_minio.py for tasks to queue
[2026-04-20T14:32:51.304+0000] {logging_mixin.py:188} INFO - [2026-04-20T14:32:51.304+0000] {dagbag.py:545} INFO - Filling up the DagBag from /opt/airflow/dags/orderbook_to_parquet_minio.py
[2026-04-20T14:32:51.338+0000] {processor.py:840} INFO - DAG(s) 'orderbook_backto_minio_parquet' retrieved from /opt/airflow/dags/orderbook_to_parquet_minio.py
[2026-04-20T14:32:51.356+0000] {logging_mixin.py:188} INFO - [2026-04-20T14:32:51.356+0000] {dag.py:3089} INFO - Sync 1 DAGs
[2026-04-20T14:32:51.381+0000] {logging_mixin.py:188} INFO - [2026-04-20T14:32:51.380+0000] {dag.py:3947} INFO - Setting next_dagrun for orderbook_backto_minio_parquet to 2026-04-19 02:00:00+00:00, run_after=2026-04-20 02:00:00+00:00
[2026-04-20T14:32:51.398+0000] {processor.py:183} INFO - Processing /opt/airflow/dags/orderbook_to_parquet_minio.py took 0.102 seconds
[2026-04-20T14:33:21.970+0000] {processor.py:161} INFO - Started process (PID=2287) to work on /opt/airflow/dags/orderbook_to_parquet_minio.py
[2026-04-20T14:33:21.971+0000] {processor.py:830} INFO - Processing file /opt/airflow/dags/orderbook_to_parquet_minio.py for tasks to queue
[2026-04-20T14:33:21.974+0000] {logging_mixin.py:188} INFO - [2026-04-20T14:33:21.973+0000] {dagbag.py:545} INFO - Filling up the DagBag from /opt/airflow/dags/orderbook_to_parquet_minio.py
[2026-04-20T14:33:22.007+0000] {processor.py:840} INFO - DAG(s) 'orderbook_backto_minio_parquet' retrieved from /opt/airflow/dags/orderbook_to_parquet_minio.py
[2026-04-20T14:33:22.022+0000] {logging_mixin.py:188} INFO - [2026-04-20T14:33:22.022+0000] {dag.py:3089} INFO - Sync 1 DAGs
[2026-04-20T14:33:22.046+0000] {logging_mixin.py:188} INFO - [2026-04-20T14:33:22.046+0000] {dag.py:3947} INFO - Setting next_dagrun for orderbook_backto_minio_parquet to 2026-04-19 02:00:00+00:00, run_after=2026-04-20 02:00:00+00:00
[2026-04-20T14:33:22.070+0000] {processor.py:183} INFO - Processing /opt/airflow/dags/orderbook_to_parquet_minio.py took 0.108 seconds
[2026-04-20T14:33:52.453+0000] {processor.py:161} INFO - Started process (PID=2312) to work on /opt/airflow/dags/orderbook_to_parquet_minio.py
[2026-04-20T14:33:52.455+0000] {processor.py:830} INFO - Processing file /opt/airflow/dags/orderbook_to_parquet_minio.py for tasks to queue
[2026-04-20T14:33:52.458+0000] {logging_mixin.py:188} INFO - [2026-04-20T14:33:52.458+0000] {dagbag.py:545} INFO - Filling up the DagBag from /opt/airflow/dags/orderbook_to_parquet_minio.py
[2026-04-20T14:33:52.500+0000] {processor.py:840} INFO - DAG(s) 'orderbook_backto_minio_parquet' retrieved from /opt/airflow/dags/orderbook_to_parquet_minio.py
[2026-04-20T14:33:52.519+0000] {logging_mixin.py:188} INFO - [2026-04-20T14:33:52.519+0000] {dag.py:3089} INFO - Sync 1 DAGs
[2026-04-20T14:33:52.548+0000] {logging_mixin.py:188} INFO - [2026-04-20T14:33:52.548+0000] {dag.py:3947} INFO - Setting next_dagrun for orderbook_backto_minio_parquet to 2026-04-19 02:00:00+00:00, run_after=2026-04-20 02:00:00+00:00
[2026-04-20T14:33:52.573+0000] {processor.py:183} INFO - Processing /opt/airflow/dags/orderbook_to_parquet_minio.py took 0.126 seconds
[2026-04-20T14:34:23.563+0000] {processor.py:161} INFO - Started process (PID=2337) to work on /opt/airflow/dags/orderbook_to_parquet_minio.py
[2026-04-20T14:34:23.564+0000] {processor.py:830} INFO - Processing file /opt/airflow/dags/orderbook_to_parquet_minio.py for tasks to queue
[2026-04-20T14:34:23.566+0000] {logging_mixin.py:188} INFO - [2026-04-20T14:34:23.566+0000] {dagbag.py:545} INFO - Filling up the DagBag from /opt/airflow/dags/orderbook_to_parquet_minio.py
[2026-04-20T14:34:23.596+0000] {processor.py:840} INFO - DAG(s) 'orderbook_backto_minio_parquet' retrieved from /opt/airflow/dags/orderbook_to_parquet_minio.py
[2026-04-20T14:34:23.610+0000] {logging_mixin.py:188} INFO - [2026-04-20T14:34:23.609+0000] {dag.py:3089} INFO - Sync 1 DAGs
[2026-04-20T14:34:23.632+0000] {logging_mixin.py:188} INFO - [2026-04-20T14:34:23.632+0000] {dag.py:3947} INFO - Setting next_dagrun for orderbook_backto_minio_parquet to 2026-04-19 02:00:00+00:00, run_after=2026-04-20 02:00:00+00:00
[2026-04-20T14:34:23.652+0000] {processor.py:183} INFO - Processing /opt/airflow/dags/orderbook_to_parquet_minio.py took 0.094 seconds
[2026-04-20T14:34:54.168+0000] {processor.py:161} INFO - Started process (PID=2363) to work on /opt/airflow/dags/orderbook_to_parquet_minio.py
[2026-04-20T14:34:54.169+0000] {processor.py:830} INFO - Processing file /opt/airflow/dags/orderbook_to_parquet_minio.py for tasks to queue
[2026-04-20T14:34:54.171+0000] {logging_mixin.py:188} INFO - [2026-04-20T14:34:54.171+0000] {dagbag.py:545} INFO - Filling up the DagBag from /opt/airflow/dags/orderbook_to_parquet_minio.py
[2026-04-20T14:34:54.200+0000] {processor.py:840} INFO - DAG(s) 'orderbook_backto_minio_parquet' retrieved from /opt/airflow/dags/orderbook_to_parquet_minio.py
[2026-04-20T14:34:54.215+0000] {logging_mixin.py:188} INFO - [2026-04-20T14:34:54.214+0000] {dag.py:3089} INFO - Sync 1 DAGs
[2026-04-20T14:34:54.235+0000] {logging_mixin.py:188} INFO - [2026-04-20T14:34:54.235+0000] {dag.py:3947} INFO - Setting next_dagrun for orderbook_backto_minio_parquet to 2026-04-19 02:00:00+00:00, run_after=2026-04-20 02:00:00+00:00
[2026-04-20T14:34:54.252+0000] {processor.py:183} INFO - Processing /opt/airflow/dags/orderbook_to_parquet_minio.py took 0.090 seconds
[2026-04-20T14:35:24.860+0000] {processor.py:161} INFO - Started process (PID=2388) to work on /opt/airflow/dags/orderbook_to_parquet_minio.py
[2026-04-20T14:35:24.861+0000] {processor.py:830} INFO - Processing file /opt/airflow/dags/orderbook_to_parquet_minio.py for tasks to queue
[2026-04-20T14:35:24.863+0000] {logging_mixin.py:188} INFO - [2026-04-20T14:35:24.863+0000] {dagbag.py:545} INFO - Filling up the DagBag from /opt/airflow/dags/orderbook_to_parquet_minio.py
[2026-04-20T14:35:24.894+0000] {processor.py:840} INFO - DAG(s) 'orderbook_backto_minio_parquet' retrieved from /opt/airflow/dags/orderbook_to_parquet_minio.py
[2026-04-20T14:35:24.910+0000] {logging_mixin.py:188} INFO - [2026-04-20T14:35:24.910+0000] {dag.py:3089} INFO - Sync 1 DAGs
[2026-04-20T14:35:24.932+0000] {logging_mixin.py:188} INFO - [2026-04-20T14:35:24.931+0000] {dag.py:3947} INFO - Setting next_dagrun for orderbook_backto_minio_parquet to 2026-04-19 02:00:00+00:00, run_after=2026-04-20 02:00:00+00:00
[2026-04-20T14:35:24.952+0000] {processor.py:183} INFO - Processing /opt/airflow/dags/orderbook_to_parquet_minio.py took 0.097 seconds
[2026-04-20T14:35:55.599+0000] {processor.py:161} INFO - Started process (PID=2413) to work on /opt/airflow/dags/orderbook_to_parquet_minio.py
[2026-04-20T14:35:55.600+0000] {processor.py:830} INFO - Processing file /opt/airflow/dags/orderbook_to_parquet_minio.py for tasks to queue
[2026-04-20T14:35:55.602+0000] {logging_mixin.py:188} INFO - [2026-04-20T14:35:55.602+0000] {dagbag.py:545} INFO - Filling up the DagBag from /opt/airflow/dags/orderbook_to_parquet_minio.py
[2026-04-20T14:35:55.633+0000] {processor.py:840} INFO - DAG(s) 'orderbook_backto_minio_parquet' retrieved from /opt/airflow/dags/orderbook_to_parquet_minio.py
[2026-04-20T14:35:55.648+0000] {logging_mixin.py:188} INFO - [2026-04-20T14:35:55.647+0000] {dag.py:3089} INFO - Sync 1 DAGs
[2026-04-20T14:35:55.670+0000] {logging_mixin.py:188} INFO - [2026-04-20T14:35:55.670+0000] {dag.py:3947} INFO - Setting next_dagrun for orderbook_backto_minio_parquet to 2026-04-19 02:00:00+00:00, run_after=2026-04-20 02:00:00+00:00
[2026-04-20T14:35:55.689+0000] {processor.py:183} INFO - Processing /opt/airflow/dags/orderbook_to_parquet_minio.py took 0.095 seconds
[2026-04-20T14:36:26.337+0000] {processor.py:161} INFO - Started process (PID=2438) to work on /opt/airflow/dags/orderbook_to_parquet_minio.py
[2026-04-20T14:36:26.338+0000] {processor.py:830} INFO - Processing file /opt/airflow/dags/orderbook_to_parquet_minio.py for tasks to queue
[2026-04-20T14:36:26.340+0000] {logging_mixin.py:188} INFO - [2026-04-20T14:36:26.340+0000] {dagbag.py:545} INFO - Filling up the DagBag from /opt/airflow/dags/orderbook_to_parquet_minio.py
[2026-04-20T14:36:26.373+0000] {processor.py:840} INFO - DAG(s) 'orderbook_backto_minio_parquet' retrieved from /opt/airflow/dags/orderbook_to_parquet_minio.py
[2026-04-20T14:36:26.387+0000] {logging_mixin.py:188} INFO - [2026-04-20T14:36:26.387+0000] {dag.py:3089} INFO - Sync 1 DAGs
[2026-04-20T14:36:26.407+0000] {logging_mixin.py:188} INFO - [2026-04-20T14:36:26.407+0000] {dag.py:3947} INFO - Setting next_dagrun for orderbook_backto_minio_parquet to 2026-04-19 02:00:00+00:00, run_after=2026-04-20 02:00:00+00:00
[2026-04-20T14:36:26.426+0000] {processor.py:183} INFO - Processing /opt/airflow/dags/orderbook_to_parquet_minio.py took 0.095 seconds
[2026-04-20T14:36:57.080+0000] {processor.py:161} INFO - Started process (PID=2463) to work on /opt/airflow/dags/orderbook_to_parquet_minio.py
[2026-04-20T14:36:57.081+0000] {processor.py:830} INFO - Processing file /opt/airflow/dags/orderbook_to_parquet_minio.py for tasks to queue
[2026-04-20T14:36:57.084+0000] {logging_mixin.py:188} INFO - [2026-04-20T14:36:57.083+0000] {dagbag.py:545} INFO - Filling up the DagBag from /opt/airflow/dags/orderbook_to_parquet_minio.py
[2026-04-20T14:36:57.118+0000] {processor.py:840} INFO - DAG(s) 'orderbook_backto_minio_parquet' retrieved from /opt/airflow/dags/orderbook_to_parquet_minio.py
[2026-04-20T14:36:57.136+0000] {logging_mixin.py:188} INFO - [2026-04-20T14:36:57.136+0000] {dag.py:3089} INFO - Sync 1 DAGs
[2026-04-20T14:36:57.158+0000] {logging_mixin.py:188} INFO - [2026-04-20T14:36:57.158+0000] {dag.py:3947} INFO - Setting next_dagrun for orderbook_backto_minio_parquet to 2026-04-19 02:00:00+00:00, run_after=2026-04-20 02:00:00+00:00
[2026-04-20T14:36:57.179+0000] {processor.py:183} INFO - Processing /opt/airflow/dags/orderbook_to_parquet_minio.py took 0.104 seconds
[2026-04-20T14:37:28.304+0000] {processor.py:161} INFO - Started process (PID=2488) to work on /opt/airflow/dags/orderbook_to_parquet_minio.py
[2026-04-20T14:37:28.306+0000] {processor.py:830} INFO - Processing file /opt/airflow/dags/orderbook_to_parquet_minio.py for tasks to queue
[2026-04-20T14:37:28.308+0000] {logging_mixin.py:188} INFO - [2026-04-20T14:37:28.307+0000] {dagbag.py:545} INFO - Filling up the DagBag from /opt/airflow/dags/orderbook_to_parquet_minio.py
[2026-04-20T14:37:28.339+0000] {processor.py:840} INFO - DAG(s) 'orderbook_backto_minio_parquet' retrieved from /opt/airflow/dags/orderbook_to_parquet_minio.py
[2026-04-20T14:37:28.355+0000] {logging_mixin.py:188} INFO - [2026-04-20T14:37:28.354+0000] {dag.py:3089} INFO - Sync 1 DAGs
[2026-04-20T14:37:28.573+0000] {logging_mixin.py:188} INFO - [2026-04-20T14:37:28.573+0000] {dag.py:3947} INFO - Setting next_dagrun for orderbook_backto_minio_parquet to 2026-04-19 02:00:00+00:00, run_after=2026-04-20 02:00:00+00:00
[2026-04-20T14:37:28.592+0000] {processor.py:183} INFO - Processing /opt/airflow/dags/orderbook_to_parquet_minio.py took 0.294 seconds
[2026-04-20T14:37:59.287+0000] {processor.py:161} INFO - Started process (PID=2513) to work on /opt/airflow/dags/orderbook_to_parquet_minio.py
[2026-04-20T14:37:59.288+0000] {processor.py:830} INFO - Processing file /opt/airflow/dags/orderbook_to_parquet_minio.py for tasks to queue
[2026-04-20T14:37:59.290+0000] {logging_mixin.py:188} INFO - [2026-04-20T14:37:59.290+0000] {dagbag.py:545} INFO - Filling up the DagBag from /opt/airflow/dags/orderbook_to_parquet_minio.py
[2026-04-20T14:37:59.325+0000] {processor.py:840} INFO - DAG(s) 'orderbook_backto_minio_parquet' retrieved from /opt/airflow/dags/orderbook_to_parquet_minio.py
[2026-04-20T14:37:59.342+0000] {logging_mixin.py:188} INFO - [2026-04-20T14:37:59.342+0000] {dag.py:3089} INFO - Sync 1 DAGs
[2026-04-20T14:37:59.365+0000] {logging_mixin.py:188} INFO - [2026-04-20T14:37:59.365+0000] {dag.py:3947} INFO - Setting next_dagrun for orderbook_backto_minio_parquet to 2026-04-19 02:00:00+00:00, run_after=2026-04-20 02:00:00+00:00
[2026-04-20T14:37:59.386+0000] {processor.py:183} INFO - Processing /opt/airflow/dags/orderbook_to_parquet_minio.py took 0.105 seconds
[2026-04-20T14:38:30.268+0000] {processor.py:161} INFO - Started process (PID=2538) to work on /opt/airflow/dags/orderbook_to_parquet_minio.py
[2026-04-20T14:38:30.269+0000] {processor.py:830} INFO - Processing file /opt/airflow/dags/orderbook_to_parquet_minio.py for tasks to queue
[2026-04-20T14:38:30.272+0000] {logging_mixin.py:188} INFO - [2026-04-20T14:38:30.271+0000] {dagbag.py:545} INFO - Filling up the DagBag from /opt/airflow/dags/orderbook_to_parquet_minio.py
[2026-04-20T14:38:30.301+0000] {processor.py:840} INFO - DAG(s) 'orderbook_backto_minio_parquet' retrieved from /opt/airflow/dags/orderbook_to_parquet_minio.py
[2026-04-20T14:38:30.314+0000] {logging_mixin.py:188} INFO - [2026-04-20T14:38:30.314+0000] {dag.py:3089} INFO - Sync 1 DAGs
[2026-04-20T14:38:30.334+0000] {logging_mixin.py:188} INFO - [2026-04-20T14:38:30.333+0000] {dag.py:3947} INFO - Setting next_dagrun for orderbook_backto_minio_parquet to 2026-04-19 02:00:00+00:00, run_after=2026-04-20 02:00:00+00:00
[2026-04-20T14:38:30.352+0000] {processor.py:183} INFO - Processing /opt/airflow/dags/orderbook_to_parquet_minio.py took 0.089 seconds
[2026-04-20T14:39:00.863+0000] {processor.py:161} INFO - Started process (PID=2563) to work on /opt/airflow/dags/orderbook_to_parquet_minio.py
[2026-04-20T14:39:00.864+0000] {processor.py:830} INFO - Processing file /opt/airflow/dags/orderbook_to_parquet_minio.py for tasks to queue
[2026-04-20T14:39:00.866+0000] {logging_mixin.py:188} INFO - [2026-04-20T14:39:00.866+0000] {dagbag.py:545} INFO - Filling up the DagBag from /opt/airflow/dags/orderbook_to_parquet_minio.py
[2026-04-20T14:39:00.894+0000] {processor.py:840} INFO - DAG(s) 'orderbook_backto_minio_parquet' retrieved from /opt/airflow/dags/orderbook_to_parquet_minio.py
[2026-04-20T14:39:00.909+0000] {logging_mixin.py:188} INFO - [2026-04-20T14:39:00.909+0000] {dag.py:3089} INFO - Sync 1 DAGs
[2026-04-20T14:39:00.930+0000] {logging_mixin.py:188} INFO - [2026-04-20T14:39:00.930+0000] {dag.py:3947} INFO - Setting next_dagrun for orderbook_backto_minio_parquet to 2026-04-19 02:00:00+00:00, run_after=2026-04-20 02:00:00+00:00
[2026-04-20T14:39:00.950+0000] {processor.py:183} INFO - Processing /opt/airflow/dags/orderbook_to_parquet_minio.py took 0.093 seconds
[2026-04-20T14:39:31.653+0000] {processor.py:161} INFO - Started process (PID=2594) to work on /opt/airflow/dags/orderbook_to_parquet_minio.py
[2026-04-20T14:39:31.654+0000] {processor.py:830} INFO - Processing file /opt/airflow/dags/orderbook_to_parquet_minio.py for tasks to queue
[2026-04-20T14:39:31.656+0000] {logging_mixin.py:188} INFO - [2026-04-20T14:39:31.655+0000] {dagbag.py:545} INFO - Filling up the DagBag from /opt/airflow/dags/orderbook_to_parquet_minio.py
[2026-04-20T14:39:31.689+0000] {processor.py:840} INFO - DAG(s) 'orderbook_backto_minio_parquet' retrieved from /opt/airflow/dags/orderbook_to_parquet_minio.py
[2026-04-20T14:39:31.705+0000] {logging_mixin.py:188} INFO - [2026-04-20T14:39:31.705+0000] {dag.py:3089} INFO - Sync 1 DAGs
[2026-04-20T14:39:31.731+0000] {logging_mixin.py:188} INFO - [2026-04-20T14:39:31.730+0000] {dag.py:3947} INFO - Setting next_dagrun for orderbook_backto_minio_parquet to 2026-04-19 02:00:00+00:00, run_after=2026-04-20 02:00:00+00:00
[2026-04-20T14:39:31.754+0000] {processor.py:183} INFO - Processing /opt/airflow/dags/orderbook_to_parquet_minio.py took 0.107 seconds
[2026-04-20T14:40:02.189+0000] {processor.py:161} INFO - Started process (PID=2619) to work on /opt/airflow/dags/orderbook_to_parquet_minio.py
[2026-04-20T14:40:02.191+0000] {processor.py:830} INFO - Processing file /opt/airflow/dags/orderbook_to_parquet_minio.py for tasks to queue
[2026-04-20T14:40:02.196+0000] {logging_mixin.py:188} INFO - [2026-04-20T14:40:02.195+0000] {dagbag.py:545} INFO - Filling up the DagBag from /opt/airflow/dags/orderbook_to_parquet_minio.py
[2026-04-20T14:40:02.238+0000] {processor.py:840} INFO - DAG(s) 'orderbook_backto_minio_parquet' retrieved from /opt/airflow/dags/orderbook_to_parquet_minio.py
[2026-04-20T14:40:02.253+0000] {logging_mixin.py:188} INFO - [2026-04-20T14:40:02.252+0000] {dag.py:3089} INFO - Sync 1 DAGs
[2026-04-20T14:40:02.274+0000] {logging_mixin.py:188} INFO - [2026-04-20T14:40:02.274+0000] {dag.py:3947} INFO - Setting next_dagrun for orderbook_backto_minio_parquet to 2026-04-19 02:00:00+00:00, run_after=2026-04-20 02:00:00+00:00
[2026-04-20T14:40:02.294+0000] {processor.py:183} INFO - Processing /opt/airflow/dags/orderbook_to_parquet_minio.py took 0.112 seconds
[2026-04-20T14:40:33.005+0000] {processor.py:161} INFO - Started process (PID=2644) to work on /opt/airflow/dags/orderbook_to_parquet_minio.py
[2026-04-20T14:40:33.006+0000] {processor.py:830} INFO - Processing file /opt/airflow/dags/orderbook_to_parquet_minio.py for tasks to queue
[2026-04-20T14:40:33.008+0000] {logging_mixin.py:188} INFO - [2026-04-20T14:40:33.008+0000] {dagbag.py:545} INFO - Filling up the DagBag from /opt/airflow/dags/orderbook_to_parquet_minio.py
[2026-04-20T14:40:33.036+0000] {processor.py:840} INFO - DAG(s) 'orderbook_backto_minio_parquet' retrieved from /opt/airflow/dags/orderbook_to_parquet_minio.py
[2026-04-20T14:40:33.049+0000] {logging_mixin.py:188} INFO - [2026-04-20T14:40:33.049+0000] {dag.py:3089} INFO - Sync 1 DAGs
[2026-04-20T14:40:33.069+0000] {logging_mixin.py:188} INFO - [2026-04-20T14:40:33.069+0000] {dag.py:3947} INFO - Setting next_dagrun for orderbook_backto_minio_parquet to 2026-04-19 02:00:00+00:00, run_after=2026-04-20 02:00:00+00:00
[2026-04-20T14:40:33.086+0000] {processor.py:183} INFO - Processing /opt/airflow/dags/orderbook_to_parquet_minio.py took 0.086 seconds
[2026-04-20T14:41:03.586+0000] {processor.py:161} INFO - Started process (PID=2669) to work on /opt/airflow/dags/orderbook_to_parquet_minio.py
[2026-04-20T14:41:03.587+0000] {processor.py:830} INFO - Processing file /opt/airflow/dags/orderbook_to_parquet_minio.py for tasks to queue
[2026-04-20T14:41:03.589+0000] {logging_mixin.py:188} INFO - [2026-04-20T14:41:03.589+0000] {dagbag.py:545} INFO - Filling up the DagBag from /opt/airflow/dags/orderbook_to_parquet_minio.py
[2026-04-20T14:41:03.624+0000] {processor.py:840} INFO - DAG(s) 'orderbook_backto_minio_parquet' retrieved from /opt/airflow/dags/orderbook_to_parquet_minio.py
[2026-04-20T14:41:03.639+0000] {logging_mixin.py:188} INFO - [2026-04-20T14:41:03.639+0000] {dag.py:3089} INFO - Sync 1 DAGs
[2026-04-20T14:41:03.659+0000] {logging_mixin.py:188} INFO - [2026-04-20T14:41:03.659+0000] {dag.py:3947} INFO - Setting next_dagrun for orderbook_backto_minio_parquet to 2026-04-19 02:00:00+00:00, run_after=2026-04-20 02:00:00+00:00
[2026-04-20T14:41:03.677+0000] {processor.py:183} INFO - Processing /opt/airflow/dags/orderbook_to_parquet_minio.py took 0.097 seconds
[2026-04-20T14:41:34.117+0000] {processor.py:161} INFO - Started process (PID=2694) to work on /opt/airflow/dags/orderbook_to_parquet_minio.py
[2026-04-20T14:41:34.118+0000] {processor.py:830} INFO - Processing file /opt/airflow/dags/orderbook_to_parquet_minio.py for tasks to queue
[2026-04-20T14:41:34.120+0000] {logging_mixin.py:188} INFO - [2026-04-20T14:41:34.120+0000] {dagbag.py:545} INFO - Filling up the DagBag from /opt/airflow/dags/orderbook_to_parquet_minio.py
[2026-04-20T14:41:34.148+0000] {processor.py:840} INFO - DAG(s) 'orderbook_backto_minio_parquet' retrieved from /opt/airflow/dags/orderbook_to_parquet_minio.py
[2026-04-20T14:41:34.164+0000] {logging_mixin.py:188} INFO - [2026-04-20T14:41:34.164+0000] {dag.py:3089} INFO - Sync 1 DAGs
[2026-04-20T14:41:34.184+0000] {logging_mixin.py:188} INFO - [2026-04-20T14:41:34.184+0000] {dag.py:3947} INFO - Setting next_dagrun for orderbook_backto_minio_parquet to 2026-04-19 02:00:00+00:00, run_after=2026-04-20 02:00:00+00:00
[2026-04-20T14:41:34.201+0000] {processor.py:183} INFO - Processing /opt/airflow/dags/orderbook_to_parquet_minio.py took 0.089 seconds
[2026-04-20T14:42:04.526+0000] {processor.py:161} INFO - Started process (PID=2719) to work on /opt/airflow/dags/orderbook_to_parquet_minio.py
[2026-04-20T14:42:04.527+0000] {processor.py:830} INFO - Processing file /opt/airflow/dags/orderbook_to_parquet_minio.py for tasks to queue
[2026-04-20T14:42:04.529+0000] {logging_mixin.py:188} INFO - [2026-04-20T14:42:04.529+0000] {dagbag.py:545} INFO - Filling up the DagBag from /opt/airflow/dags/orderbook_to_parquet_minio.py
[2026-04-20T14:42:04.559+0000] {processor.py:840} INFO - DAG(s) 'orderbook_backto_minio_parquet' retrieved from /opt/airflow/dags/orderbook_to_parquet_minio.py
[2026-04-20T14:42:04.574+0000] {logging_mixin.py:188} INFO - [2026-04-20T14:42:04.574+0000] {dag.py:3089} INFO - Sync 1 DAGs
[2026-04-20T14:42:04.594+0000] {logging_mixin.py:188} INFO - [2026-04-20T14:42:04.594+0000] {dag.py:3947} INFO - Setting next_dagrun for orderbook_backto_minio_parquet to 2026-04-19 02:00:00+00:00, run_after=2026-04-20 02:00:00+00:00
[2026-04-20T14:42:04.612+0000] {processor.py:183} INFO - Processing /opt/airflow/dags/orderbook_to_parquet_minio.py took 0.091 seconds
[2026-04-20T14:42:35.118+0000] {processor.py:161} INFO - Started process (PID=2744) to work on /opt/airflow/dags/orderbook_to_parquet_minio.py
[2026-04-20T14:42:35.119+0000] {processor.py:830} INFO - Processing file /opt/airflow/dags/orderbook_to_parquet_minio.py for tasks to queue
[2026-04-20T14:42:35.121+0000] {logging_mixin.py:188} INFO - [2026-04-20T14:42:35.121+0000] {dagbag.py:545} INFO - Filling up the DagBag from /opt/airflow/dags/orderbook_to_parquet_minio.py
[2026-04-20T14:42:35.160+0000] {processor.py:840} INFO - DAG(s) 'orderbook_backto_minio_parquet' retrieved from /opt/airflow/dags/orderbook_to_parquet_minio.py
[2026-04-20T14:42:35.180+0000] {logging_mixin.py:188} INFO - [2026-04-20T14:42:35.179+0000] {dag.py:3089} INFO - Sync 1 DAGs
[2026-04-20T14:42:35.205+0000] {logging_mixin.py:188} INFO - [2026-04-20T14:42:35.205+0000] {dag.py:3947} INFO - Setting next_dagrun for orderbook_backto_minio_parquet to 2026-04-19 02:00:00+00:00, run_after=2026-04-20 02:00:00+00:00
[2026-04-20T14:42:35.229+0000] {processor.py:183} INFO - Processing /opt/airflow/dags/orderbook_to_parquet_minio.py took 0.116 seconds
[2026-04-20T14:43:05.706+0000] {processor.py:161} INFO - Started process (PID=2769) to work on /opt/airflow/dags/orderbook_to_parquet_minio.py
[2026-04-20T14:43:05.707+0000] {processor.py:830} INFO - Processing file /opt/airflow/dags/orderbook_to_parquet_minio.py for tasks to queue
[2026-04-20T14:43:05.709+0000] {logging_mixin.py:188} INFO - [2026-04-20T14:43:05.709+0000] {dagbag.py:545} INFO - Filling up the DagBag from /opt/airflow/dags/orderbook_to_parquet_minio.py
[2026-04-20T14:43:05.741+0000] {processor.py:840} INFO - DAG(s) 'orderbook_backto_minio_parquet' retrieved from /opt/airflow/dags/orderbook_to_parquet_minio.py
[2026-04-20T14:43:05.756+0000] {logging_mixin.py:188} INFO - [2026-04-20T14:43:05.756+0000] {dag.py:3089} INFO - Sync 1 DAGs
[2026-04-20T14:43:05.778+0000] {logging_mixin.py:188} INFO - [2026-04-20T14:43:05.778+0000] {dag.py:3947} INFO - Setting next_dagrun for orderbook_backto_minio_parquet to 2026-04-19 02:00:00+00:00, run_after=2026-04-20 02:00:00+00:00
[2026-04-20T14:43:05.799+0000] {processor.py:183} INFO - Processing /opt/airflow/dags/orderbook_to_parquet_minio.py took 0.099 seconds
[2026-04-20T14:43:36.714+0000] {processor.py:161} INFO - Started process (PID=2794) to work on /opt/airflow/dags/orderbook_to_parquet_minio.py
[2026-04-20T14:43:36.715+0000] {processor.py:830} INFO - Processing file /opt/airflow/dags/orderbook_to_parquet_minio.py for tasks to queue
[2026-04-20T14:43:36.718+0000] {logging_mixin.py:188} INFO - [2026-04-20T14:43:36.717+0000] {dagbag.py:545} INFO - Filling up the DagBag from /opt/airflow/dags/orderbook_to_parquet_minio.py
[2026-04-20T14:43:36.749+0000] {processor.py:840} INFO - DAG(s) 'orderbook_backto_minio_parquet' retrieved from /opt/airflow/dags/orderbook_to_parquet_minio.py
[2026-04-20T14:43:36.765+0000] {logging_mixin.py:188} INFO - [2026-04-20T14:43:36.765+0000] {dag.py:3089} INFO - Sync 1 DAGs
[2026-04-20T14:43:36.789+0000] {logging_mixin.py:188} INFO - [2026-04-20T14:43:36.789+0000] {dag.py:3947} INFO - Setting next_dagrun for orderbook_backto_minio_parquet to 2026-04-19 02:00:00+00:00, run_after=2026-04-20 02:00:00+00:00
[2026-04-20T14:43:36.811+0000] {processor.py:183} INFO - Processing /opt/airflow/dags/orderbook_to_parquet_minio.py took 0.102 seconds
[2026-04-20T14:44:07.244+0000] {processor.py:161} INFO - Started process (PID=2819) to work on /opt/airflow/dags/orderbook_to_parquet_minio.py
[2026-04-20T14:44:07.244+0000] {processor.py:830} INFO - Processing file /opt/airflow/dags/orderbook_to_parquet_minio.py for tasks to queue
[2026-04-20T14:44:07.247+0000] {logging_mixin.py:188} INFO - [2026-04-20T14:44:07.246+0000] {dagbag.py:545} INFO - Filling up the DagBag from /opt/airflow/dags/orderbook_to_parquet_minio.py
[2026-04-20T14:44:07.278+0000] {processor.py:840} INFO - DAG(s) 'orderbook_backto_minio_parquet' retrieved from /opt/airflow/dags/orderbook_to_parquet_minio.py
[2026-04-20T14:44:07.292+0000] {logging_mixin.py:188} INFO - [2026-04-20T14:44:07.292+0000] {dag.py:3089} INFO - Sync 1 DAGs
[2026-04-20T14:44:07.314+0000] {logging_mixin.py:188} INFO - [2026-04-20T14:44:07.314+0000] {dag.py:3947} INFO - Setting next_dagrun for orderbook_backto_minio_parquet to 2026-04-19 02:00:00+00:00, run_after=2026-04-20 02:00:00+00:00
[2026-04-20T14:44:07.334+0000] {processor.py:183} INFO - Processing /opt/airflow/dags/orderbook_to_parquet_minio.py took 0.096 seconds
[2026-04-20T14:44:37.759+0000] {processor.py:161} INFO - Started process (PID=2844) to work on /opt/airflow/dags/orderbook_to_parquet_minio.py
[2026-04-20T14:44:37.760+0000] {processor.py:830} INFO - Processing file /opt/airflow/dags/orderbook_to_parquet_minio.py for tasks to queue
[2026-04-20T14:44:37.762+0000] {logging_mixin.py:188} INFO - [2026-04-20T14:44:37.762+0000] {dagbag.py:545} INFO - Filling up the DagBag from /opt/airflow/dags/orderbook_to_parquet_minio.py
[2026-04-20T14:44:37.796+0000] {processor.py:840} INFO - DAG(s) 'orderbook_backto_minio_parquet' retrieved from /opt/airflow/dags/orderbook_to_parquet_minio.py
[2026-04-20T14:44:37.813+0000] {logging_mixin.py:188} INFO - [2026-04-20T14:44:37.813+0000] {dag.py:3089} INFO - Sync 1 DAGs
[2026-04-20T14:44:37.838+0000] {logging_mixin.py:188} INFO - [2026-04-20T14:44:37.838+0000] {dag.py:3947} INFO - Setting next_dagrun for orderbook_backto_minio_parquet to 2026-04-19 02:00:00+00:00, run_after=2026-04-20 02:00:00+00:00
[2026-04-20T14:44:37.864+0000] {processor.py:183} INFO - Processing /opt/airflow/dags/orderbook_to_parquet_minio.py took 0.110 seconds
[2026-04-20T14:45:08.325+0000] {processor.py:161} INFO - Started process (PID=2869) to work on /opt/airflow/dags/orderbook_to_parquet_minio.py
[2026-04-20T14:45:08.326+0000] {processor.py:830} INFO - Processing file /opt/airflow/dags/orderbook_to_parquet_minio.py for tasks to queue
[2026-04-20T14:45:08.328+0000] {logging_mixin.py:188} INFO - [2026-04-20T14:45:08.328+0000] {dagbag.py:545} INFO - Filling up the DagBag from /opt/airflow/dags/orderbook_to_parquet_minio.py
[2026-04-20T14:45:08.359+0000] {processor.py:840} INFO - DAG(s) 'orderbook_backto_minio_parquet' retrieved from /opt/airflow/dags/orderbook_to_parquet_minio.py
[2026-04-20T14:45:08.373+0000] {logging_mixin.py:188} INFO - [2026-04-20T14:45:08.373+0000] {dag.py:3089} INFO - Sync 1 DAGs
[2026-04-20T14:45:08.395+0000] {logging_mixin.py:188} INFO - [2026-04-20T14:45:08.395+0000] {dag.py:3947} INFO - Setting next_dagrun for orderbook_backto_minio_parquet to 2026-04-19 02:00:00+00:00, run_after=2026-04-20 02:00:00+00:00
[2026-04-20T14:45:08.416+0000] {processor.py:183} INFO - Processing /opt/airflow/dags/orderbook_to_parquet_minio.py took 0.097 seconds
[2026-04-20T14:45:38.838+0000] {processor.py:161} INFO - Started process (PID=2894) to work on /opt/airflow/dags/orderbook_to_parquet_minio.py
[2026-04-20T14:45:38.839+0000] {processor.py:830} INFO - Processing file /opt/airflow/dags/orderbook_to_parquet_minio.py for tasks to queue
[2026-04-20T14:45:38.842+0000] {logging_mixin.py:188} INFO - [2026-04-20T14:45:38.842+0000] {dagbag.py:545} INFO - Filling up the DagBag from /opt/airflow/dags/orderbook_to_parquet_minio.py
[2026-04-20T14:45:38.877+0000] {processor.py:840} INFO - DAG(s) 'orderbook_backto_minio_parquet' retrieved from /opt/airflow/dags/orderbook_to_parquet_minio.py
[2026-04-20T14:45:38.892+0000] {logging_mixin.py:188} INFO - [2026-04-20T14:45:38.892+0000] {dag.py:3089} INFO - Sync 1 DAGs
[2026-04-20T14:45:38.914+0000] {logging_mixin.py:188} INFO - [2026-04-20T14:45:38.914+0000] {dag.py:3947} INFO - Setting next_dagrun for orderbook_backto_minio_parquet to 2026-04-19 02:00:00+00:00, run_after=2026-04-20 02:00:00+00:00
[2026-04-20T14:45:38.938+0000] {processor.py:183} INFO - Processing /opt/airflow/dags/orderbook_to_parquet_minio.py took 0.105 seconds
[2026-04-20T14:46:09.382+0000] {processor.py:161} INFO - Started process (PID=2919) to work on /opt/airflow/dags/orderbook_to_parquet_minio.py
[2026-04-20T14:46:09.383+0000] {processor.py:830} INFO - Processing file /opt/airflow/dags/orderbook_to_parquet_minio.py for tasks to queue
[2026-04-20T14:46:09.385+0000] {logging_mixin.py:188} INFO - [2026-04-20T14:46:09.385+0000] {dagbag.py:545} INFO - Filling up the DagBag from /opt/airflow/dags/orderbook_to_parquet_minio.py
[2026-04-20T14:46:09.415+0000] {processor.py:840} INFO - DAG(s) 'orderbook_backto_minio_parquet' retrieved from /opt/airflow/dags/orderbook_to_parquet_minio.py
[2026-04-20T14:46:09.429+0000] {logging_mixin.py:188} INFO - [2026-04-20T14:46:09.428+0000] {dag.py:3089} INFO - Sync 1 DAGs
[2026-04-20T14:46:09.448+0000] {logging_mixin.py:188} INFO - [2026-04-20T14:46:09.448+0000] {dag.py:3947} INFO - Setting next_dagrun for orderbook_backto_minio_parquet to 2026-04-19 02:00:00+00:00, run_after=2026-04-20 02:00:00+00:00
[2026-04-20T14:46:09.466+0000] {processor.py:183} INFO - Processing /opt/airflow/dags/orderbook_to_parquet_minio.py took 0.089 seconds
[2026-04-20T14:46:39.925+0000] {processor.py:161} INFO - Started process (PID=2944) to work on /opt/airflow/dags/orderbook_to_parquet_minio.py
[2026-04-20T14:46:39.926+0000] {processor.py:830} INFO - Processing file /opt/airflow/dags/orderbook_to_parquet_minio.py for tasks to queue
[2026-04-20T14:46:39.928+0000] {logging_mixin.py:188} INFO - [2026-04-20T14:46:39.927+0000] {dagbag.py:545} INFO - Filling up the DagBag from /opt/airflow/dags/orderbook_to_parquet_minio.py
[2026-04-20T14:46:39.956+0000] {processor.py:840} INFO - DAG(s) 'orderbook_backto_minio_parquet' retrieved from /opt/airflow/dags/orderbook_to_parquet_minio.py
[2026-04-20T14:46:39.969+0000] {logging_mixin.py:188} INFO - [2026-04-20T14:46:39.968+0000] {dag.py:3089} INFO - Sync 1 DAGs
[2026-04-20T14:46:39.987+0000] {logging_mixin.py:188} INFO - [2026-04-20T14:46:39.987+0000] {dag.py:3947} INFO - Setting next_dagrun for orderbook_backto_minio_parquet to 2026-04-19 02:00:00+00:00, run_after=2026-04-20 02:00:00+00:00
[2026-04-20T14:46:40.004+0000] {processor.py:183} INFO - Processing /opt/airflow/dags/orderbook_to_parquet_minio.py took 0.084 seconds
[2026-04-20T14:47:10.465+0000] {processor.py:161} INFO - Started process (PID=2969) to work on /opt/airflow/dags/orderbook_to_parquet_minio.py
[2026-04-20T14:47:10.466+0000] {processor.py:830} INFO - Processing file /opt/airflow/dags/orderbook_to_parquet_minio.py for tasks to queue
[2026-04-20T14:47:10.469+0000] {logging_mixin.py:188} INFO - [2026-04-20T14:47:10.468+0000] {dagbag.py:545} INFO - Filling up the DagBag from /opt/airflow/dags/orderbook_to_parquet_minio.py
[2026-04-20T14:47:10.496+0000] {processor.py:840} INFO - DAG(s) 'orderbook_backto_minio_parquet' retrieved from /opt/airflow/dags/orderbook_to_parquet_minio.py
[2026-04-20T14:47:10.510+0000] {logging_mixin.py:188} INFO - [2026-04-20T14:47:10.509+0000] {dag.py:3089} INFO - Sync 1 DAGs
[2026-04-20T14:47:10.529+0000] {logging_mixin.py:188} INFO - [2026-04-20T14:47:10.529+0000] {dag.py:3947} INFO - Setting next_dagrun for orderbook_backto_minio_parquet to 2026-04-19 02:00:00+00:00, run_after=2026-04-20 02:00:00+00:00
[2026-04-20T14:47:10.548+0000] {processor.py:183} INFO - Processing /opt/airflow/dags/orderbook_to_parquet_minio.py took 0.087 seconds
[2026-04-20T14:47:40.909+0000] {processor.py:161} INFO - Started process (PID=2994) to work on /opt/airflow/dags/orderbook_to_parquet_minio.py
[2026-04-20T14:47:40.910+0000] {processor.py:830} INFO - Processing file /opt/airflow/dags/orderbook_to_parquet_minio.py for tasks to queue
[2026-04-20T14:47:40.912+0000] {logging_mixin.py:188} INFO - [2026-04-20T14:47:40.911+0000] {dagbag.py:545} INFO - Filling up the DagBag from /opt/airflow/dags/orderbook_to_parquet_minio.py
[2026-04-20T14:47:40.942+0000] {processor.py:840} INFO - DAG(s) 'orderbook_backto_minio_parquet' retrieved from /opt/airflow/dags/orderbook_to_parquet_minio.py
[2026-04-20T14:47:40.956+0000] {logging_mixin.py:188} INFO - [2026-04-20T14:47:40.956+0000] {dag.py:3089} INFO - Sync 1 DAGs
[2026-04-20T14:47:40.977+0000] {logging_mixin.py:188} INFO - [2026-04-20T14:47:40.977+0000] {dag.py:3947} INFO - Setting next_dagrun for orderbook_backto_minio_parquet to 2026-04-19 02:00:00+00:00, run_after=2026-04-20 02:00:00+00:00
[2026-04-20T14:47:40.997+0000] {processor.py:183} INFO - Processing /opt/airflow/dags/orderbook_to_parquet_minio.py took 0.094 seconds
[2026-04-20T14:48:11.536+0000] {processor.py:161} INFO - Started process (PID=3019) to work on /opt/airflow/dags/orderbook_to_parquet_minio.py
[2026-04-20T14:48:11.537+0000] {processor.py:830} INFO - Processing file /opt/airflow/dags/orderbook_to_parquet_minio.py for tasks to queue
[2026-04-20T14:48:11.539+0000] {logging_mixin.py:188} INFO - [2026-04-20T14:48:11.538+0000] {dagbag.py:545} INFO - Filling up the DagBag from /opt/airflow/dags/orderbook_to_parquet_minio.py
[2026-04-20T14:48:11.568+0000] {processor.py:840} INFO - DAG(s) 'orderbook_backto_minio_parquet' retrieved from /opt/airflow/dags/orderbook_to_parquet_minio.py
[2026-04-20T14:48:11.585+0000] {logging_mixin.py:188} INFO - [2026-04-20T14:48:11.584+0000] {dag.py:3089} INFO - Sync 1 DAGs
[2026-04-20T14:48:11.605+0000] {logging_mixin.py:188} INFO - [2026-04-20T14:48:11.605+0000] {dag.py:3947} INFO - Setting next_dagrun for orderbook_backto_minio_parquet to 2026-04-19 02:00:00+00:00, run_after=2026-04-20 02:00:00+00:00
[2026-04-20T14:48:11.622+0000] {processor.py:183} INFO - Processing /opt/airflow/dags/orderbook_to_parquet_minio.py took 0.092 seconds
[2026-04-20T14:48:41.707+0000] {processor.py:161} INFO - Started process (PID=3044) to work on /opt/airflow/dags/orderbook_to_parquet_minio.py
[2026-04-20T14:48:41.708+0000] {processor.py:830} INFO - Processing file /opt/airflow/dags/orderbook_to_parquet_minio.py for tasks to queue
[2026-04-20T14:48:41.710+0000] {logging_mixin.py:188} INFO - [2026-04-20T14:48:41.710+0000] {dagbag.py:545} INFO - Filling up the DagBag from /opt/airflow/dags/orderbook_to_parquet_minio.py
[2026-04-20T14:48:41.739+0000] {processor.py:840} INFO - DAG(s) 'orderbook_backto_minio_parquet' retrieved from /opt/airflow/dags/orderbook_to_parquet_minio.py
[2026-04-20T14:48:41.754+0000] {logging_mixin.py:188} INFO - [2026-04-20T14:48:41.754+0000] {dag.py:3089} INFO - Sync 1 DAGs
[2026-04-20T14:48:41.774+0000] {logging_mixin.py:188} INFO - [2026-04-20T14:48:41.774+0000] {dag.py:3947} INFO - Setting next_dagrun for orderbook_backto_minio_parquet to 2026-04-19 02:00:00+00:00, run_after=2026-04-20 02:00:00+00:00
[2026-04-20T14:48:41.792+0000] {processor.py:183} INFO - Processing /opt/airflow/dags/orderbook_to_parquet_minio.py took 0.090 seconds
[2026-04-20T14:49:12.574+0000] {processor.py:161} INFO - Started process (PID=3069) to work on /opt/airflow/dags/orderbook_to_parquet_minio.py
[2026-04-20T14:49:12.575+0000] {processor.py:830} INFO - Processing file /opt/airflow/dags/orderbook_to_parquet_minio.py for tasks to queue
[2026-04-20T14:49:12.577+0000] {logging_mixin.py:188} INFO - [2026-04-20T14:49:12.577+0000] {dagbag.py:545} INFO - Filling up the DagBag from /opt/airflow/dags/orderbook_to_parquet_minio.py
[2026-04-20T14:49:12.607+0000] {processor.py:840} INFO - DAG(s) 'orderbook_backto_minio_parquet' retrieved from /opt/airflow/dags/orderbook_to_parquet_minio.py
[2026-04-20T14:49:12.622+0000] {logging_mixin.py:188} INFO - [2026-04-20T14:49:12.621+0000] {dag.py:3089} INFO - Sync 1 DAGs
[2026-04-20T14:49:12.641+0000] {logging_mixin.py:188} INFO - [2026-04-20T14:49:12.641+0000] {dag.py:3947} INFO - Setting next_dagrun for orderbook_backto_minio_parquet to 2026-04-19 02:00:00+00:00, run_after=2026-04-20 02:00:00+00:00
[2026-04-20T14:49:12.659+0000] {processor.py:183} INFO - Processing /opt/airflow/dags/orderbook_to_parquet_minio.py took 0.090 seconds
[2026-04-20T14:49:43.051+0000] {processor.py:161} INFO - Started process (PID=3094) to work on /opt/airflow/dags/orderbook_to_parquet_minio.py
[2026-04-20T14:49:43.052+0000] {processor.py:830} INFO - Processing file /opt/airflow/dags/orderbook_to_parquet_minio.py for tasks to queue
[2026-04-20T14:49:43.054+0000] {logging_mixin.py:188} INFO - [2026-04-20T14:49:43.054+0000] {dagbag.py:545} INFO - Filling up the DagBag from /opt/airflow/dags/orderbook_to_parquet_minio.py
[2026-04-20T14:49:43.083+0000] {processor.py:840} INFO - DAG(s) 'orderbook_backto_minio_parquet' retrieved from /opt/airflow/dags/orderbook_to_parquet_minio.py
[2026-04-20T14:49:43.097+0000] {logging_mixin.py:188} INFO - [2026-04-20T14:49:43.097+0000] {dag.py:3089} INFO - Sync 1 DAGs
[2026-04-20T14:49:43.116+0000] {logging_mixin.py:188} INFO - [2026-04-20T14:49:43.116+0000] {dag.py:3947} INFO - Setting next_dagrun for orderbook_backto_minio_parquet to 2026-04-19 02:00:00+00:00, run_after=2026-04-20 02:00:00+00:00
[2026-04-20T14:49:43.134+0000] {processor.py:183} INFO - Processing /opt/airflow/dags/orderbook_to_parquet_minio.py took 0.088 seconds
[2026-04-20T14:50:13.521+0000] {processor.py:161} INFO - Started process (PID=3119) to work on /opt/airflow/dags/orderbook_to_parquet_minio.py
[2026-04-20T14:50:13.522+0000] {processor.py:830} INFO - Processing file /opt/airflow/dags/orderbook_to_parquet_minio.py for tasks to queue
[2026-04-20T14:50:13.524+0000] {logging_mixin.py:188} INFO - [2026-04-20T14:50:13.524+0000] {dagbag.py:545} INFO - Filling up the DagBag from /opt/airflow/dags/orderbook_to_parquet_minio.py
[2026-04-20T14:50:13.555+0000] {processor.py:840} INFO - DAG(s) 'orderbook_backto_minio_parquet' retrieved from /opt/airflow/dags/orderbook_to_parquet_minio.py
[2026-04-20T14:50:13.568+0000] {logging_mixin.py:188} INFO - [2026-04-20T14:50:13.568+0000] {dag.py:3089} INFO - Sync 1 DAGs
[2026-04-20T14:50:13.589+0000] {logging_mixin.py:188} INFO - [2026-04-20T14:50:13.589+0000] {dag.py:3947} INFO - Setting next_dagrun for orderbook_backto_minio_parquet to 2026-04-19 02:00:00+00:00, run_after=2026-04-20 02:00:00+00:00
[2026-04-20T14:50:13.609+0000] {processor.py:183} INFO - Processing /opt/airflow/dags/orderbook_to_parquet_minio.py took 0.093 seconds
[2026-04-20T14:50:43.992+0000] {processor.py:161} INFO - Started process (PID=3144) to work on /opt/airflow/dags/orderbook_to_parquet_minio.py
[2026-04-20T14:50:43.993+0000] {processor.py:830} INFO - Processing file /opt/airflow/dags/orderbook_to_parquet_minio.py for tasks to queue
[2026-04-20T14:50:43.996+0000] {logging_mixin.py:188} INFO - [2026-04-20T14:50:43.995+0000] {dagbag.py:545} INFO - Filling up the DagBag from /opt/airflow/dags/orderbook_to_parquet_minio.py
[2026-04-20T14:50:44.026+0000] {processor.py:840} INFO - DAG(s) 'orderbook_backto_minio_parquet' retrieved from /opt/airflow/dags/orderbook_to_parquet_minio.py
[2026-04-20T14:50:44.040+0000] {logging_mixin.py:188} INFO - [2026-04-20T14:50:44.039+0000] {dag.py:3089} INFO - Sync 1 DAGs
[2026-04-20T14:50:44.060+0000] {logging_mixin.py:188} INFO - [2026-04-20T14:50:44.059+0000] {dag.py:3947} INFO - Setting next_dagrun for orderbook_backto_minio_parquet to 2026-04-19 02:00:00+00:00, run_after=2026-04-20 02:00:00+00:00
[2026-04-20T14:50:44.077+0000] {processor.py:183} INFO - Processing /opt/airflow/dags/orderbook_to_parquet_minio.py took 0.090 seconds
[2026-04-20T14:51:14.418+0000] {processor.py:161} INFO - Started process (PID=3169) to work on /opt/airflow/dags/orderbook_to_parquet_minio.py
[2026-04-20T14:51:14.419+0000] {processor.py:830} INFO - Processing file /opt/airflow/dags/orderbook_to_parquet_minio.py for tasks to queue
[2026-04-20T14:51:14.421+0000] {logging_mixin.py:188} INFO - [2026-04-20T14:51:14.421+0000] {dagbag.py:545} INFO - Filling up the DagBag from /opt/airflow/dags/orderbook_to_parquet_minio.py
[2026-04-20T14:51:14.451+0000] {processor.py:840} INFO - DAG(s) 'orderbook_backto_minio_parquet' retrieved from /opt/airflow/dags/orderbook_to_parquet_minio.py
[2026-04-20T14:51:14.467+0000] {logging_mixin.py:188} INFO - [2026-04-20T14:51:14.467+0000] {dag.py:3089} INFO - Sync 1 DAGs
[2026-04-20T14:51:14.489+0000] {logging_mixin.py:188} INFO - [2026-04-20T14:51:14.489+0000] {dag.py:3947} INFO - Setting next_dagrun for orderbook_backto_minio_parquet to 2026-04-19 02:00:00+00:00, run_after=2026-04-20 02:00:00+00:00
[2026-04-20T14:51:14.508+0000] {processor.py:183} INFO - Processing /opt/airflow/dags/orderbook_to_parquet_minio.py took 0.095 seconds
[2026-04-20T14:51:44.826+0000] {processor.py:161} INFO - Started process (PID=3194) to work on /opt/airflow/dags/orderbook_to_parquet_minio.py
[2026-04-20T14:51:44.827+0000] {processor.py:830} INFO - Processing file /opt/airflow/dags/orderbook_to_parquet_minio.py for tasks to queue
[2026-04-20T14:51:44.829+0000] {logging_mixin.py:188} INFO - [2026-04-20T14:51:44.829+0000] {dagbag.py:545} INFO - Filling up the DagBag from /opt/airflow/dags/orderbook_to_parquet_minio.py
[2026-04-20T14:51:44.857+0000] {processor.py:840} INFO - DAG(s) 'orderbook_backto_minio_parquet' retrieved from /opt/airflow/dags/orderbook_to_parquet_minio.py
[2026-04-20T14:51:44.870+0000] {logging_mixin.py:188} INFO - [2026-04-20T14:51:44.870+0000] {dag.py:3089} INFO - Sync 1 DAGs
[2026-04-20T14:51:44.890+0000] {logging_mixin.py:188} INFO - [2026-04-20T14:51:44.890+0000] {dag.py:3947} INFO - Setting next_dagrun for orderbook_backto_minio_parquet to 2026-04-19 02:00:00+00:00, run_after=2026-04-20 02:00:00+00:00
[2026-04-20T14:51:44.907+0000] {processor.py:183} INFO - Processing /opt/airflow/dags/orderbook_to_parquet_minio.py took 0.086 seconds
[2026-04-20T14:52:15.322+0000] {processor.py:161} INFO - Started process (PID=3219) to work on /opt/airflow/dags/orderbook_to_parquet_minio.py
[2026-04-20T14:52:15.323+0000] {processor.py:830} INFO - Processing file /opt/airflow/dags/orderbook_to_parquet_minio.py for tasks to queue
[2026-04-20T14:52:15.325+0000] {logging_mixin.py:188} INFO - [2026-04-20T14:52:15.325+0000] {dagbag.py:545} INFO - Filling up the DagBag from /opt/airflow/dags/orderbook_to_parquet_minio.py
[2026-04-20T14:52:15.356+0000] {processor.py:840} INFO - DAG(s) 'orderbook_backto_minio_parquet' retrieved from /opt/airflow/dags/orderbook_to_parquet_minio.py
[2026-04-20T14:52:15.369+0000] {logging_mixin.py:188} INFO - [2026-04-20T14:52:15.369+0000] {dag.py:3089} INFO - Sync 1 DAGs
[2026-04-20T14:52:15.387+0000] {logging_mixin.py:188} INFO - [2026-04-20T14:52:15.387+0000] {dag.py:3947} INFO - Setting next_dagrun for orderbook_backto_minio_parquet to 2026-04-19 02:00:00+00:00, run_after=2026-04-20 02:00:00+00:00
[2026-04-20T14:52:15.403+0000] {processor.py:183} INFO - Processing /opt/airflow/dags/orderbook_to_parquet_minio.py took 0.086 seconds
[2026-04-20T14:52:45.917+0000] {processor.py:161} INFO - Started process (PID=3244) to work on /opt/airflow/dags/orderbook_to_parquet_minio.py
[2026-04-20T14:52:45.919+0000] {processor.py:830} INFO - Processing file /opt/airflow/dags/orderbook_to_parquet_minio.py for tasks to queue
[2026-04-20T14:52:45.921+0000] {logging_mixin.py:188} INFO - [2026-04-20T14:52:45.921+0000] {dagbag.py:545} INFO - Filling up the DagBag from /opt/airflow/dags/orderbook_to_parquet_minio.py
[2026-04-20T14:52:45.956+0000] {processor.py:840} INFO - DAG(s) 'orderbook_backto_minio_parquet' retrieved from /opt/airflow/dags/orderbook_to_parquet_minio.py
[2026-04-20T14:52:45.973+0000] {logging_mixin.py:188} INFO - [2026-04-20T14:52:45.972+0000] {dag.py:3089} INFO - Sync 1 DAGs
[2026-04-20T14:52:45.998+0000] {logging_mixin.py:188} INFO - [2026-04-20T14:52:45.997+0000] {dag.py:3947} INFO - Setting next_dagrun for orderbook_backto_minio_parquet to 2026-04-19 02:00:00+00:00, run_after=2026-04-20 02:00:00+00:00
[2026-04-20T14:52:46.019+0000] {processor.py:183} INFO - Processing /opt/airflow/dags/orderbook_to_parquet_minio.py took 0.107 seconds
[2026-04-20T14:53:16.537+0000] {processor.py:161} INFO - Started process (PID=3269) to work on /opt/airflow/dags/orderbook_to_parquet_minio.py
[2026-04-20T14:53:16.538+0000] {processor.py:830} INFO - Processing file /opt/airflow/dags/orderbook_to_parquet_minio.py for tasks to queue
[2026-04-20T14:53:16.541+0000] {logging_mixin.py:188} INFO - [2026-04-20T14:53:16.540+0000] {dagbag.py:545} INFO - Filling up the DagBag from /opt/airflow/dags/orderbook_to_parquet_minio.py
[2026-04-20T14:53:16.573+0000] {processor.py:840} INFO - DAG(s) 'orderbook_backto_minio_parquet' retrieved from /opt/airflow/dags/orderbook_to_parquet_minio.py
[2026-04-20T14:53:16.588+0000] {logging_mixin.py:188} INFO - [2026-04-20T14:53:16.588+0000] {dag.py:3089} INFO - Sync 1 DAGs
[2026-04-20T14:53:16.610+0000] {logging_mixin.py:188} INFO - [2026-04-20T14:53:16.610+0000] {dag.py:3947} INFO - Setting next_dagrun for orderbook_backto_minio_parquet to 2026-04-19 02:00:00+00:00, run_after=2026-04-20 02:00:00+00:00
[2026-04-20T14:53:16.631+0000] {processor.py:183} INFO - Processing /opt/airflow/dags/orderbook_to_parquet_minio.py took 0.099 seconds
[2026-04-20T14:53:47.321+0000] {processor.py:161} INFO - Started process (PID=3294) to work on /opt/airflow/dags/orderbook_to_parquet_minio.py
[2026-04-20T14:53:47.322+0000] {processor.py:830} INFO - Processing file /opt/airflow/dags/orderbook_to_parquet_minio.py for tasks to queue
[2026-04-20T14:53:47.325+0000] {logging_mixin.py:188} INFO - [2026-04-20T14:53:47.325+0000] {dagbag.py:545} INFO - Filling up the DagBag from /opt/airflow/dags/orderbook_to_parquet_minio.py
[2026-04-20T14:53:47.358+0000] {processor.py:840} INFO - DAG(s) 'orderbook_backto_minio_parquet' retrieved from /opt/airflow/dags/orderbook_to_parquet_minio.py
[2026-04-20T14:53:47.373+0000] {logging_mixin.py:188} INFO - [2026-04-20T14:53:47.373+0000] {dag.py:3089} INFO - Sync 1 DAGs
[2026-04-20T14:53:47.394+0000] {logging_mixin.py:188} INFO - [2026-04-20T14:53:47.394+0000] {dag.py:3947} INFO - Setting next_dagrun for orderbook_backto_minio_parquet to 2026-04-19 02:00:00+00:00, run_after=2026-04-20 02:00:00+00:00
[2026-04-20T14:53:47.415+0000] {processor.py:183} INFO - Processing /opt/airflow/dags/orderbook_to_parquet_minio.py took 0.099 seconds
[2026-04-20T14:54:17.873+0000] {processor.py:161} INFO - Started process (PID=3319) to work on /opt/airflow/dags/orderbook_to_parquet_minio.py
[2026-04-20T14:54:17.874+0000] {processor.py:830} INFO - Processing file /opt/airflow/dags/orderbook_to_parquet_minio.py for tasks to queue
[2026-04-20T14:54:17.877+0000] {logging_mixin.py:188} INFO - [2026-04-20T14:54:17.876+0000] {dagbag.py:545} INFO - Filling up the DagBag from /opt/airflow/dags/orderbook_to_parquet_minio.py
[2026-04-20T14:54:17.907+0000] {processor.py:840} INFO - DAG(s) 'orderbook_backto_minio_parquet' retrieved from /opt/airflow/dags/orderbook_to_parquet_minio.py
[2026-04-20T14:54:17.921+0000] {logging_mixin.py:188} INFO - [2026-04-20T14:54:17.921+0000] {dag.py:3089} INFO - Sync 1 DAGs
[2026-04-20T14:54:17.945+0000] {logging_mixin.py:188} INFO - [2026-04-20T14:54:17.944+0000] {dag.py:3947} INFO - Setting next_dagrun for orderbook_backto_minio_parquet to 2026-04-19 02:00:00+00:00, run_after=2026-04-20 02:00:00+00:00
[2026-04-20T14:54:17.962+0000] {processor.py:183} INFO - Processing /opt/airflow/dags/orderbook_to_parquet_minio.py took 0.095 seconds
[2026-04-20T14:54:48.563+0000] {processor.py:161} INFO - Started process (PID=3344) to work on /opt/airflow/dags/orderbook_to_parquet_minio.py
[2026-04-20T14:54:48.564+0000] {processor.py:830} INFO - Processing file /opt/airflow/dags/orderbook_to_parquet_minio.py for tasks to queue
[2026-04-20T14:54:48.566+0000] {logging_mixin.py:188} INFO - [2026-04-20T14:54:48.566+0000] {dagbag.py:545} INFO - Filling up the DagBag from /opt/airflow/dags/orderbook_to_parquet_minio.py
[2026-04-20T14:54:48.598+0000] {processor.py:840} INFO - DAG(s) 'orderbook_backto_minio_parquet' retrieved from /opt/airflow/dags/orderbook_to_parquet_minio.py
[2026-04-20T14:54:48.613+0000] {logging_mixin.py:188} INFO - [2026-04-20T14:54:48.613+0000] {dag.py:3089} INFO - Sync 1 DAGs
[2026-04-20T14:54:48.633+0000] {logging_mixin.py:188} INFO - [2026-04-20T14:54:48.633+0000] {dag.py:3947} INFO - Setting next_dagrun for orderbook_backto_minio_parquet to 2026-04-19 02:00:00+00:00, run_after=2026-04-20 02:00:00+00:00
[2026-04-20T14:54:48.653+0000] {processor.py:183} INFO - Processing /opt/airflow/dags/orderbook_to_parquet_minio.py took 0.096 seconds
[2026-04-20T14:55:19.179+0000] {processor.py:161} INFO - Started process (PID=3369) to work on /opt/airflow/dags/orderbook_to_parquet_minio.py
[2026-04-20T14:55:19.180+0000] {processor.py:830} INFO - Processing file /opt/airflow/dags/orderbook_to_parquet_minio.py for tasks to queue
[2026-04-20T14:55:19.183+0000] {logging_mixin.py:188} INFO - [2026-04-20T14:55:19.182+0000] {dagbag.py:545} INFO - Filling up the DagBag from /opt/airflow/dags/orderbook_to_parquet_minio.py
[2026-04-20T14:55:19.218+0000] {processor.py:840} INFO - DAG(s) 'orderbook_backto_minio_parquet' retrieved from /opt/airflow/dags/orderbook_to_parquet_minio.py
[2026-04-20T14:55:19.236+0000] {logging_mixin.py:188} INFO - [2026-04-20T14:55:19.236+0000] {dag.py:3089} INFO - Sync 1 DAGs
[2026-04-20T14:55:19.259+0000] {logging_mixin.py:188} INFO - [2026-04-20T14:55:19.258+0000] {dag.py:3947} INFO - Setting next_dagrun for orderbook_backto_minio_parquet to 2026-04-19 02:00:00+00:00, run_after=2026-04-20 02:00:00+00:00
[2026-04-20T14:55:19.277+0000] {processor.py:183} INFO - Processing /opt/airflow/dags/orderbook_to_parquet_minio.py took 0.103 seconds
[2026-04-20T14:55:49.731+0000] {processor.py:161} INFO - Started process (PID=3394) to work on /opt/airflow/dags/orderbook_to_parquet_minio.py
[2026-04-20T14:55:49.732+0000] {processor.py:830} INFO - Processing file /opt/airflow/dags/orderbook_to_parquet_minio.py for tasks to queue
[2026-04-20T14:55:49.734+0000] {logging_mixin.py:188} INFO - [2026-04-20T14:55:49.734+0000] {dagbag.py:545} INFO - Filling up the DagBag from /opt/airflow/dags/orderbook_to_parquet_minio.py
[2026-04-20T14:55:49.768+0000] {processor.py:840} INFO - DAG(s) 'orderbook_backto_minio_parquet' retrieved from /opt/airflow/dags/orderbook_to_parquet_minio.py
[2026-04-20T14:55:49.782+0000] {logging_mixin.py:188} INFO - [2026-04-20T14:55:49.782+0000] {dag.py:3089} INFO - Sync 1 DAGs
[2026-04-20T14:55:49.802+0000] {logging_mixin.py:188} INFO - [2026-04-20T14:55:49.802+0000] {dag.py:3947} INFO - Setting next_dagrun for orderbook_backto_minio_parquet to 2026-04-19 02:00:00+00:00, run_after=2026-04-20 02:00:00+00:00
[2026-04-20T14:55:49.824+0000] {processor.py:183} INFO - Processing /opt/airflow/dags/orderbook_to_parquet_minio.py took 0.101 seconds
[2026-04-20T14:56:20.321+0000] {processor.py:161} INFO - Started process (PID=3419) to work on /opt/airflow/dags/orderbook_to_parquet_minio.py
[2026-04-20T14:56:20.322+0000] {processor.py:830} INFO - Processing file /opt/airflow/dags/orderbook_to_parquet_minio.py for tasks to queue
[2026-04-20T14:56:20.325+0000] {logging_mixin.py:188} INFO - [2026-04-20T14:56:20.324+0000] {dagbag.py:545} INFO - Filling up the DagBag from /opt/airflow/dags/orderbook_to_parquet_minio.py
[2026-04-20T14:56:20.358+0000] {processor.py:840} INFO - DAG(s) 'orderbook_backto_minio_parquet' retrieved from /opt/airflow/dags/orderbook_to_parquet_minio.py
[2026-04-20T14:56:20.376+0000] {logging_mixin.py:188} INFO - [2026-04-20T14:56:20.375+0000] {dag.py:3089} INFO - Sync 1 DAGs
[2026-04-20T14:56:20.400+0000] {logging_mixin.py:188} INFO - [2026-04-20T14:56:20.400+0000] {dag.py:3947} INFO - Setting next_dagrun for orderbook_backto_minio_parquet to 2026-04-19 02:00:00+00:00, run_after=2026-04-20 02:00:00+00:00
[2026-04-20T14:56:20.421+0000] {processor.py:183} INFO - Processing /opt/airflow/dags/orderbook_to_parquet_minio.py took 0.105 seconds
[2026-04-20T14:56:50.898+0000] {processor.py:161} INFO - Started process (PID=3444) to work on /opt/airflow/dags/orderbook_to_parquet_minio.py
[2026-04-20T14:56:50.899+0000] {processor.py:830} INFO - Processing file /opt/airflow/dags/orderbook_to_parquet_minio.py for tasks to queue
[2026-04-20T14:56:50.901+0000] {logging_mixin.py:188} INFO - [2026-04-20T14:56:50.900+0000] {dagbag.py:545} INFO - Filling up the DagBag from /opt/airflow/dags/orderbook_to_parquet_minio.py
[2026-04-20T14:56:50.931+0000] {processor.py:840} INFO - DAG(s) 'orderbook_backto_minio_parquet' retrieved from /opt/airflow/dags/orderbook_to_parquet_minio.py
[2026-04-20T14:56:50.946+0000] {logging_mixin.py:188} INFO - [2026-04-20T14:56:50.945+0000] {dag.py:3089} INFO - Sync 1 DAGs
[2026-04-20T14:56:50.966+0000] {logging_mixin.py:188} INFO - [2026-04-20T14:56:50.966+0000] {dag.py:3947} INFO - Setting next_dagrun for orderbook_backto_minio_parquet to 2026-04-19 02:00:00+00:00, run_after=2026-04-20 02:00:00+00:00
[2026-04-20T14:56:50.986+0000] {processor.py:183} INFO - Processing /opt/airflow/dags/orderbook_to_parquet_minio.py took 0.094 seconds
[2026-04-20T14:57:21.649+0000] {processor.py:161} INFO - Started process (PID=3469) to work on /opt/airflow/dags/orderbook_to_parquet_minio.py
[2026-04-20T14:57:21.650+0000] {processor.py:830} INFO - Processing file /opt/airflow/dags/orderbook_to_parquet_minio.py for tasks to queue
[2026-04-20T14:57:21.652+0000] {logging_mixin.py:188} INFO - [2026-04-20T14:57:21.651+0000] {dagbag.py:545} INFO - Filling up the DagBag from /opt/airflow/dags/orderbook_to_parquet_minio.py
[2026-04-20T14:57:21.683+0000] {processor.py:840} INFO - DAG(s) 'orderbook_backto_minio_parquet' retrieved from /opt/airflow/dags/orderbook_to_parquet_minio.py
[2026-04-20T14:57:21.697+0000] {logging_mixin.py:188} INFO - [2026-04-20T14:57:21.697+0000] {dag.py:3089} INFO - Sync 1 DAGs
[2026-04-20T14:57:21.717+0000] {logging_mixin.py:188} INFO - [2026-04-20T14:57:21.717+0000] {dag.py:3947} INFO - Setting next_dagrun for orderbook_backto_minio_parquet to 2026-04-19 02:00:00+00:00, run_after=2026-04-20 02:00:00+00:00
[2026-04-20T14:57:21.737+0000] {processor.py:183} INFO - Processing /opt/airflow/dags/orderbook_to_parquet_minio.py took 0.093 seconds
[2026-04-20T14:57:52.171+0000] {processor.py:161} INFO - Started process (PID=3494) to work on /opt/airflow/dags/orderbook_to_parquet_minio.py
[2026-04-20T14:57:52.172+0000] {processor.py:830} INFO - Processing file /opt/airflow/dags/orderbook_to_parquet_minio.py for tasks to queue
[2026-04-20T14:57:52.174+0000] {logging_mixin.py:188} INFO - [2026-04-20T14:57:52.174+0000] {dagbag.py:545} INFO - Filling up the DagBag from /opt/airflow/dags/orderbook_to_parquet_minio.py
[2026-04-20T14:57:52.207+0000] {processor.py:840} INFO - DAG(s) 'orderbook_backto_minio_parquet' retrieved from /opt/airflow/dags/orderbook_to_parquet_minio.py
[2026-04-20T14:57:52.222+0000] {logging_mixin.py:188} INFO - [2026-04-20T14:57:52.222+0000] {dag.py:3089} INFO - Sync 1 DAGs
[2026-04-20T14:57:52.244+0000] {logging_mixin.py:188} INFO - [2026-04-20T14:57:52.244+0000] {dag.py:3947} INFO - Setting next_dagrun for orderbook_backto_minio_parquet to 2026-04-19 02:00:00+00:00, run_after=2026-04-20 02:00:00+00:00
[2026-04-20T14:57:52.266+0000] {processor.py:183} INFO - Processing /opt/airflow/dags/orderbook_to_parquet_minio.py took 0.101 seconds
[2026-04-20T14:58:22.862+0000] {processor.py:161} INFO - Started process (PID=3519) to work on /opt/airflow/dags/orderbook_to_parquet_minio.py
[2026-04-20T14:58:22.863+0000] {processor.py:830} INFO - Processing file /opt/airflow/dags/orderbook_to_parquet_minio.py for tasks to queue
[2026-04-20T14:58:22.865+0000] {logging_mixin.py:188} INFO - [2026-04-20T14:58:22.865+0000] {dagbag.py:545} INFO - Filling up the DagBag from /opt/airflow/dags/orderbook_to_parquet_minio.py
[2026-04-20T14:58:22.898+0000] {processor.py:840} INFO - DAG(s) 'orderbook_backto_minio_parquet' retrieved from /opt/airflow/dags/orderbook_to_parquet_minio.py
[2026-04-20T14:58:22.914+0000] {logging_mixin.py:188} INFO - [2026-04-20T14:58:22.914+0000] {dag.py:3089} INFO - Sync 1 DAGs
[2026-04-20T14:58:22.936+0000] {logging_mixin.py:188} INFO - [2026-04-20T14:58:22.936+0000] {dag.py:3947} INFO - Setting next_dagrun for orderbook_backto_minio_parquet to 2026-04-19 02:00:00+00:00, run_after=2026-04-20 02:00:00+00:00
[2026-04-20T14:58:22.954+0000] {processor.py:183} INFO - Processing /opt/airflow/dags/orderbook_to_parquet_minio.py took 0.097 seconds
[2026-04-20T14:58:53.604+0000] {processor.py:161} INFO - Started process (PID=3544) to work on /opt/airflow/dags/orderbook_to_parquet_minio.py
[2026-04-20T14:58:53.605+0000] {processor.py:830} INFO - Processing file /opt/airflow/dags/orderbook_to_parquet_minio.py for tasks to queue
[2026-04-20T14:58:53.607+0000] {logging_mixin.py:188} INFO - [2026-04-20T14:58:53.606+0000] {dagbag.py:545} INFO - Filling up the DagBag from /opt/airflow/dags/orderbook_to_parquet_minio.py
[2026-04-20T14:58:53.636+0000] {processor.py:840} INFO - DAG(s) 'orderbook_backto_minio_parquet' retrieved from /opt/airflow/dags/orderbook_to_parquet_minio.py
[2026-04-20T14:58:53.654+0000] {logging_mixin.py:188} INFO - [2026-04-20T14:58:53.653+0000] {dag.py:3089} INFO - Sync 1 DAGs
[2026-04-20T14:58:53.693+0000] {logging_mixin.py:188} INFO - [2026-04-20T14:58:53.693+0000] {dag.py:3947} INFO - Setting next_dagrun for orderbook_backto_minio_parquet to 2026-04-19 02:00:00+00:00, run_after=2026-04-20 02:00:00+00:00
[2026-04-20T14:58:53.718+0000] {processor.py:183} INFO - Processing /opt/airflow/dags/orderbook_to_parquet_minio.py took 0.120 seconds
[2026-04-20T14:59:24.136+0000] {processor.py:161} INFO - Started process (PID=3569) to work on /opt/airflow/dags/orderbook_to_parquet_minio.py
[2026-04-20T14:59:24.137+0000] {processor.py:830} INFO - Processing file /opt/airflow/dags/orderbook_to_parquet_minio.py for tasks to queue
[2026-04-20T14:59:24.139+0000] {logging_mixin.py:188} INFO - [2026-04-20T14:59:24.139+0000] {dagbag.py:545} INFO - Filling up the DagBag from /opt/airflow/dags/orderbook_to_parquet_minio.py
[2026-04-20T14:59:24.167+0000] {processor.py:840} INFO - DAG(s) 'orderbook_backto_minio_parquet' retrieved from /opt/airflow/dags/orderbook_to_parquet_minio.py
[2026-04-20T14:59:24.180+0000] {logging_mixin.py:188} INFO - [2026-04-20T14:59:24.180+0000] {dag.py:3089} INFO - Sync 1 DAGs
[2026-04-20T14:59:24.202+0000] {logging_mixin.py:188} INFO - [2026-04-20T14:59:24.202+0000] {dag.py:3947} INFO - Setting next_dagrun for orderbook_backto_minio_parquet to 2026-04-19 02:00:00+00:00, run_after=2026-04-20 02:00:00+00:00
[2026-04-20T14:59:24.219+0000] {processor.py:183} INFO - Processing /opt/airflow/dags/orderbook_to_parquet_minio.py took 0.088 seconds
[2026-04-20T14:59:54.556+0000] {processor.py:161} INFO - Started process (PID=3594) to work on /opt/airflow/dags/orderbook_to_parquet_minio.py
[2026-04-20T14:59:54.556+0000] {processor.py:830} INFO - Processing file /opt/airflow/dags/orderbook_to_parquet_minio.py for tasks to queue
[2026-04-20T14:59:54.558+0000] {logging_mixin.py:188} INFO - [2026-04-20T14:59:54.558+0000] {dagbag.py:545} INFO - Filling up the DagBag from /opt/airflow/dags/orderbook_to_parquet_minio.py
[2026-04-20T14:59:54.587+0000] {processor.py:840} INFO - DAG(s) 'orderbook_backto_minio_parquet' retrieved from /opt/airflow/dags/orderbook_to_parquet_minio.py
[2026-04-20T14:59:54.601+0000] {logging_mixin.py:188} INFO - [2026-04-20T14:59:54.601+0000] {dag.py:3089} INFO - Sync 1 DAGs
[2026-04-20T14:59:54.621+0000] {logging_mixin.py:188} INFO - [2026-04-20T14:59:54.620+0000] {dag.py:3947} INFO - Setting next_dagrun for orderbook_backto_minio_parquet to 2026-04-19 02:00:00+00:00, run_after=2026-04-20 02:00:00+00:00
[2026-04-20T14:59:54.637+0000] {processor.py:183} INFO - Processing /opt/airflow/dags/orderbook_to_parquet_minio.py took 0.087 seconds
[2026-04-20T15:00:25.015+0000] {processor.py:161} INFO - Started process (PID=3619) to work on /opt/airflow/dags/orderbook_to_parquet_minio.py
[2026-04-20T15:00:25.016+0000] {processor.py:830} INFO - Processing file /opt/airflow/dags/orderbook_to_parquet_minio.py for tasks to queue
[2026-04-20T15:00:25.018+0000] {logging_mixin.py:188} INFO - [2026-04-20T15:00:25.017+0000] {dagbag.py:545} INFO - Filling up the DagBag from /opt/airflow/dags/orderbook_to_parquet_minio.py
[2026-04-20T15:00:25.049+0000] {processor.py:840} INFO - DAG(s) 'orderbook_backto_minio_parquet' retrieved from /opt/airflow/dags/orderbook_to_parquet_minio.py
[2026-04-20T15:00:25.065+0000] {logging_mixin.py:188} INFO - [2026-04-20T15:00:25.065+0000] {dag.py:3089} INFO - Sync 1 DAGs
[2026-04-20T15:00:25.087+0000] {logging_mixin.py:188} INFO - [2026-04-20T15:00:25.087+0000] {dag.py:3947} INFO - Setting next_dagrun for orderbook_backto_minio_parquet to 2026-04-19 02:00:00+00:00, run_after=2026-04-20 02:00:00+00:00
[2026-04-20T15:00:25.107+0000] {processor.py:183} INFO - Processing /opt/airflow/dags/orderbook_to_parquet_minio.py took 0.098 seconds
[2026-04-20T15:00:55.601+0000] {processor.py:161} INFO - Started process (PID=3644) to work on /opt/airflow/dags/orderbook_to_parquet_minio.py
[2026-04-20T15:00:55.602+0000] {processor.py:830} INFO - Processing file /opt/airflow/dags/orderbook_to_parquet_minio.py for tasks to queue
[2026-04-20T15:00:55.605+0000] {logging_mixin.py:188} INFO - [2026-04-20T15:00:55.604+0000] {dagbag.py:545} INFO - Filling up the DagBag from /opt/airflow/dags/orderbook_to_parquet_minio.py
[2026-04-20T15:00:55.640+0000] {processor.py:840} INFO - DAG(s) 'orderbook_backto_minio_parquet' retrieved from /opt/airflow/dags/orderbook_to_parquet_minio.py
[2026-04-20T15:00:55.655+0000] {logging_mixin.py:188} INFO - [2026-04-20T15:00:55.655+0000] {dag.py:3089} INFO - Sync 1 DAGs
[2026-04-20T15:00:55.679+0000] {logging_mixin.py:188} INFO - [2026-04-20T15:00:55.679+0000] {dag.py:3947} INFO - Setting next_dagrun for orderbook_backto_minio_parquet to 2026-04-19 02:00:00+00:00, run_after=2026-04-20 02:00:00+00:00
[2026-04-20T15:00:55.698+0000] {processor.py:183} INFO - Processing /opt/airflow/dags/orderbook_to_parquet_minio.py took 0.102 seconds
[2026-04-20T15:01:26.158+0000] {processor.py:161} INFO - Started process (PID=3669) to work on /opt/airflow/dags/orderbook_to_parquet_minio.py
[2026-04-20T15:01:26.159+0000] {processor.py:830} INFO - Processing file /opt/airflow/dags/orderbook_to_parquet_minio.py for tasks to queue
[2026-04-20T15:01:26.162+0000] {logging_mixin.py:188} INFO - [2026-04-20T15:01:26.161+0000] {dagbag.py:545} INFO - Filling up the DagBag from /opt/airflow/dags/orderbook_to_parquet_minio.py
[2026-04-20T15:01:26.189+0000] {processor.py:840} INFO - DAG(s) 'orderbook_backto_minio_parquet' retrieved from /opt/airflow/dags/orderbook_to_parquet_minio.py
[2026-04-20T15:01:26.203+0000] {logging_mixin.py:188} INFO - [2026-04-20T15:01:26.203+0000] {dag.py:3089} INFO - Sync 1 DAGs
[2026-04-20T15:01:26.223+0000] {logging_mixin.py:188} INFO - [2026-04-20T15:01:26.223+0000] {dag.py:3947} INFO - Setting next_dagrun for orderbook_backto_minio_parquet to 2026-04-19 02:00:00+00:00, run_after=2026-04-20 02:00:00+00:00
[2026-04-20T15:01:26.241+0000] {processor.py:183} INFO - Processing /opt/airflow/dags/orderbook_to_parquet_minio.py took 0.089 seconds
[2026-04-20T15:01:56.612+0000] {processor.py:161} INFO - Started process (PID=3694) to work on /opt/airflow/dags/orderbook_to_parquet_minio.py
[2026-04-20T15:01:56.612+0000] {processor.py:830} INFO - Processing file /opt/airflow/dags/orderbook_to_parquet_minio.py for tasks to queue
[2026-04-20T15:01:56.615+0000] {logging_mixin.py:188} INFO - [2026-04-20T15:01:56.614+0000] {dagbag.py:545} INFO - Filling up the DagBag from /opt/airflow/dags/orderbook_to_parquet_minio.py
[2026-04-20T15:01:56.644+0000] {processor.py:840} INFO - DAG(s) 'orderbook_backto_minio_parquet' retrieved from /opt/airflow/dags/orderbook_to_parquet_minio.py
[2026-04-20T15:01:56.659+0000] {logging_mixin.py:188} INFO - [2026-04-20T15:01:56.659+0000] {dag.py:3089} INFO - Sync 1 DAGs
[2026-04-20T15:01:56.681+0000] {logging_mixin.py:188} INFO - [2026-04-20T15:01:56.680+0000] {dag.py:3947} INFO - Setting next_dagrun for orderbook_backto_minio_parquet to 2026-04-19 02:00:00+00:00, run_after=2026-04-20 02:00:00+00:00
[2026-04-20T15:01:56.697+0000] {processor.py:183} INFO - Processing /opt/airflow/dags/orderbook_to_parquet_minio.py took 0.091 seconds
[2026-04-20T15:02:27.072+0000] {processor.py:161} INFO - Started process (PID=3719) to work on /opt/airflow/dags/orderbook_to_parquet_minio.py
[2026-04-20T15:02:27.072+0000] {processor.py:830} INFO - Processing file /opt/airflow/dags/orderbook_to_parquet_minio.py for tasks to queue
[2026-04-20T15:02:27.075+0000] {logging_mixin.py:188} INFO - [2026-04-20T15:02:27.074+0000] {dagbag.py:545} INFO - Filling up the DagBag from /opt/airflow/dags/orderbook_to_parquet_minio.py
[2026-04-20T15:02:27.104+0000] {processor.py:840} INFO - DAG(s) 'orderbook_backto_minio_parquet' retrieved from /opt/airflow/dags/orderbook_to_parquet_minio.py
[2026-04-20T15:02:27.117+0000] {logging_mixin.py:188} INFO - [2026-04-20T15:02:27.117+0000] {dag.py:3089} INFO - Sync 1 DAGs
[2026-04-20T15:02:27.135+0000] {logging_mixin.py:188} INFO - [2026-04-20T15:02:27.135+0000] {dag.py:3947} INFO - Setting next_dagrun for orderbook_backto_minio_parquet to 2026-04-19 02:00:00+00:00, run_after=2026-04-20 02:00:00+00:00
[2026-04-20T15:02:27.155+0000] {processor.py:183} INFO - Processing /opt/airflow/dags/orderbook_to_parquet_minio.py took 0.088 seconds
[2026-04-20T15:02:57.543+0000] {processor.py:161} INFO - Started process (PID=3744) to work on /opt/airflow/dags/orderbook_to_parquet_minio.py
[2026-04-20T15:02:57.544+0000] {processor.py:830} INFO - Processing file /opt/airflow/dags/orderbook_to_parquet_minio.py for tasks to queue
[2026-04-20T15:02:57.547+0000] {logging_mixin.py:188} INFO - [2026-04-20T15:02:57.546+0000] {dagbag.py:545} INFO - Filling up the DagBag from /opt/airflow/dags/orderbook_to_parquet_minio.py
[2026-04-20T15:02:57.576+0000] {processor.py:840} INFO - DAG(s) 'orderbook_backto_minio_parquet' retrieved from /opt/airflow/dags/orderbook_to_parquet_minio.py
[2026-04-20T15:02:57.590+0000] {logging_mixin.py:188} INFO - [2026-04-20T15:02:57.590+0000] {dag.py:3089} INFO - Sync 1 DAGs
[2026-04-20T15:02:57.609+0000] {logging_mixin.py:188} INFO - [2026-04-20T15:02:57.608+0000] {dag.py:3947} INFO - Setting next_dagrun for orderbook_backto_minio_parquet to 2026-04-19 02:00:00+00:00, run_after=2026-04-20 02:00:00+00:00
[2026-04-20T15:02:57.626+0000] {processor.py:183} INFO - Processing /opt/airflow/dags/orderbook_to_parquet_minio.py took 0.088 seconds
[2026-04-20T15:03:28.139+0000] {processor.py:161} INFO - Started process (PID=3769) to work on /opt/airflow/dags/orderbook_to_parquet_minio.py
[2026-04-20T15:03:28.140+0000] {processor.py:830} INFO - Processing file /opt/airflow/dags/orderbook_to_parquet_minio.py for tasks to queue
[2026-04-20T15:03:28.142+0000] {logging_mixin.py:188} INFO - [2026-04-20T15:03:28.141+0000] {dagbag.py:545} INFO - Filling up the DagBag from /opt/airflow/dags/orderbook_to_parquet_minio.py
[2026-04-20T15:03:28.171+0000] {processor.py:840} INFO - DAG(s) 'orderbook_backto_minio_parquet' retrieved from /opt/airflow/dags/orderbook_to_parquet_minio.py
[2026-04-20T15:03:28.185+0000] {logging_mixin.py:188} INFO - [2026-04-20T15:03:28.185+0000] {dag.py:3089} INFO - Sync 1 DAGs
[2026-04-20T15:03:28.210+0000] {logging_mixin.py:188} INFO - [2026-04-20T15:03:28.209+0000] {dag.py:3947} INFO - Setting next_dagrun for orderbook_backto_minio_parquet to 2026-04-19 02:00:00+00:00, run_after=2026-04-20 02:00:00+00:00
[2026-04-20T15:03:28.232+0000] {processor.py:183} INFO - Processing /opt/airflow/dags/orderbook_to_parquet_minio.py took 0.099 seconds
[2026-04-20T15:03:59.065+0000] {processor.py:161} INFO - Started process (PID=3794) to work on /opt/airflow/dags/orderbook_to_parquet_minio.py
[2026-04-20T15:03:59.066+0000] {processor.py:830} INFO - Processing file /opt/airflow/dags/orderbook_to_parquet_minio.py for tasks to queue
[2026-04-20T15:03:59.068+0000] {logging_mixin.py:188} INFO - [2026-04-20T15:03:59.068+0000] {dagbag.py:545} INFO - Filling up the DagBag from /opt/airflow/dags/orderbook_to_parquet_minio.py
[2026-04-20T15:03:59.106+0000] {processor.py:840} INFO - DAG(s) 'orderbook_backto_minio_parquet' retrieved from /opt/airflow/dags/orderbook_to_parquet_minio.py
[2026-04-20T15:03:59.124+0000] {logging_mixin.py:188} INFO - [2026-04-20T15:03:59.124+0000] {dag.py:3089} INFO - Sync 1 DAGs
[2026-04-20T15:03:59.149+0000] {logging_mixin.py:188} INFO - [2026-04-20T15:03:59.149+0000] {dag.py:3947} INFO - Setting next_dagrun for orderbook_backto_minio_parquet to 2026-04-19 02:00:00+00:00, run_after=2026-04-20 02:00:00+00:00
[2026-04-20T15:03:59.169+0000] {processor.py:183} INFO - Processing /opt/airflow/dags/orderbook_to_parquet_minio.py took 0.110 seconds
[2026-04-20T15:04:29.648+0000] {processor.py:161} INFO - Started process (PID=3819) to work on /opt/airflow/dags/orderbook_to_parquet_minio.py
[2026-04-20T15:04:29.649+0000] {processor.py:830} INFO - Processing file /opt/airflow/dags/orderbook_to_parquet_minio.py for tasks to queue
[2026-04-20T15:04:29.651+0000] {logging_mixin.py:188} INFO - [2026-04-20T15:04:29.651+0000] {dagbag.py:545} INFO - Filling up the DagBag from /opt/airflow/dags/orderbook_to_parquet_minio.py
[2026-04-20T15:04:29.682+0000] {processor.py:840} INFO - DAG(s) 'orderbook_backto_minio_parquet' retrieved from /opt/airflow/dags/orderbook_to_parquet_minio.py
[2026-04-20T15:04:29.696+0000] {logging_mixin.py:188} INFO - [2026-04-20T15:04:29.695+0000] {dag.py:3089} INFO - Sync 1 DAGs
[2026-04-20T15:04:29.715+0000] {logging_mixin.py:188} INFO - [2026-04-20T15:04:29.715+0000] {dag.py:3947} INFO - Setting next_dagrun for orderbook_backto_minio_parquet to 2026-04-19 02:00:00+00:00, run_after=2026-04-20 02:00:00+00:00
[2026-04-20T15:04:29.734+0000] {processor.py:183} INFO - Processing /opt/airflow/dags/orderbook_to_parquet_minio.py took 0.091 seconds
[2026-04-20T15:05:00.366+0000] {processor.py:161} INFO - Started process (PID=3845) to work on /opt/airflow/dags/orderbook_to_parquet_minio.py
[2026-04-20T15:05:00.367+0000] {processor.py:830} INFO - Processing file /opt/airflow/dags/orderbook_to_parquet_minio.py for tasks to queue
[2026-04-20T15:05:00.369+0000] {logging_mixin.py:188} INFO - [2026-04-20T15:05:00.369+0000] {dagbag.py:545} INFO - Filling up the DagBag from /opt/airflow/dags/orderbook_to_parquet_minio.py
[2026-04-20T15:05:00.402+0000] {processor.py:840} INFO - DAG(s) 'orderbook_backto_minio_parquet' retrieved from /opt/airflow/dags/orderbook_to_parquet_minio.py
[2026-04-20T15:05:00.418+0000] {logging_mixin.py:188} INFO - [2026-04-20T15:05:00.418+0000] {dag.py:3089} INFO - Sync 1 DAGs
[2026-04-20T15:05:00.441+0000] {logging_mixin.py:188} INFO - [2026-04-20T15:05:00.441+0000] {dag.py:3947} INFO - Setting next_dagrun for orderbook_backto_minio_parquet to 2026-04-19 02:00:00+00:00, run_after=2026-04-20 02:00:00+00:00
[2026-04-20T15:05:00.461+0000] {processor.py:183} INFO - Processing /opt/airflow/dags/orderbook_to_parquet_minio.py took 0.102 seconds
[2026-04-20T15:05:31.111+0000] {processor.py:161} INFO - Started process (PID=3870) to work on /opt/airflow/dags/orderbook_to_parquet_minio.py
[2026-04-20T15:05:31.113+0000] {processor.py:830} INFO - Processing file /opt/airflow/dags/orderbook_to_parquet_minio.py for tasks to queue
[2026-04-20T15:05:31.115+0000] {logging_mixin.py:188} INFO - [2026-04-20T15:05:31.115+0000] {dagbag.py:545} INFO - Filling up the DagBag from /opt/airflow/dags/orderbook_to_parquet_minio.py
[2026-04-20T15:05:31.153+0000] {processor.py:840} INFO - DAG(s) 'orderbook_backto_minio_parquet' retrieved from /opt/airflow/dags/orderbook_to_parquet_minio.py
[2026-04-20T15:05:31.172+0000] {logging_mixin.py:188} INFO - [2026-04-20T15:05:31.171+0000] {dag.py:3089} INFO - Sync 1 DAGs
[2026-04-20T15:05:31.202+0000] {logging_mixin.py:188} INFO - [2026-04-20T15:05:31.201+0000] {dag.py:3947} INFO - Setting next_dagrun for orderbook_backto_minio_parquet to 2026-04-19 02:00:00+00:00, run_after=2026-04-20 02:00:00+00:00
[2026-04-20T15:05:31.225+0000] {processor.py:183} INFO - Processing /opt/airflow/dags/orderbook_to_parquet_minio.py took 0.120 seconds
[2026-04-20T15:06:01.987+0000] {processor.py:161} INFO - Started process (PID=3895) to work on /opt/airflow/dags/orderbook_to_parquet_minio.py
[2026-04-20T15:06:01.988+0000] {processor.py:830} INFO - Processing file /opt/airflow/dags/orderbook_to_parquet_minio.py for tasks to queue
[2026-04-20T15:06:01.990+0000] {logging_mixin.py:188} INFO - [2026-04-20T15:06:01.990+0000] {dagbag.py:545} INFO - Filling up the DagBag from /opt/airflow/dags/orderbook_to_parquet_minio.py
[2026-04-20T15:06:02.023+0000] {processor.py:840} INFO - DAG(s) 'orderbook_backto_minio_parquet' retrieved from /opt/airflow/dags/orderbook_to_parquet_minio.py
[2026-04-20T15:06:02.040+0000] {logging_mixin.py:188} INFO - [2026-04-20T15:06:02.040+0000] {dag.py:3089} INFO - Sync 1 DAGs
[2026-04-20T15:06:02.063+0000] {logging_mixin.py:188} INFO - [2026-04-20T15:06:02.062+0000] {dag.py:3947} INFO - Setting next_dagrun for orderbook_backto_minio_parquet to 2026-04-19 02:00:00+00:00, run_after=2026-04-20 02:00:00+00:00
[2026-04-20T15:06:02.082+0000] {processor.py:183} INFO - Processing /opt/airflow/dags/orderbook_to_parquet_minio.py took 0.100 seconds
[2026-04-20T15:06:32.571+0000] {processor.py:161} INFO - Started process (PID=3920) to work on /opt/airflow/dags/orderbook_to_parquet_minio.py
[2026-04-20T15:06:32.572+0000] {processor.py:830} INFO - Processing file /opt/airflow/dags/orderbook_to_parquet_minio.py for tasks to queue
[2026-04-20T15:06:32.574+0000] {logging_mixin.py:188} INFO - [2026-04-20T15:06:32.574+0000] {dagbag.py:545} INFO - Filling up the DagBag from /opt/airflow/dags/orderbook_to_parquet_minio.py
[2026-04-20T15:06:32.605+0000] {processor.py:840} INFO - DAG(s) 'orderbook_backto_minio_parquet' retrieved from /opt/airflow/dags/orderbook_to_parquet_minio.py
[2026-04-20T15:06:32.619+0000] {logging_mixin.py:188} INFO - [2026-04-20T15:06:32.618+0000] {dag.py:3089} INFO - Sync 1 DAGs
[2026-04-20T15:06:32.639+0000] {logging_mixin.py:188} INFO - [2026-04-20T15:06:32.638+0000] {dag.py:3947} INFO - Setting next_dagrun for orderbook_backto_minio_parquet to 2026-04-19 02:00:00+00:00, run_after=2026-04-20 02:00:00+00:00
[2026-04-20T15:06:32.657+0000] {processor.py:183} INFO - Processing /opt/airflow/dags/orderbook_to_parquet_minio.py took 0.090 seconds
[2026-04-20T15:07:03.166+0000] {processor.py:161} INFO - Started process (PID=3945) to work on /opt/airflow/dags/orderbook_to_parquet_minio.py
[2026-04-20T15:07:03.167+0000] {processor.py:830} INFO - Processing file /opt/airflow/dags/orderbook_to_parquet_minio.py for tasks to queue
[2026-04-20T15:07:03.169+0000] {logging_mixin.py:188} INFO - [2026-04-20T15:07:03.169+0000] {dagbag.py:545} INFO - Filling up the DagBag from /opt/airflow/dags/orderbook_to_parquet_minio.py
[2026-04-20T15:07:03.200+0000] {processor.py:840} INFO - DAG(s) 'orderbook_backto_minio_parquet' retrieved from /opt/airflow/dags/orderbook_to_parquet_minio.py
[2026-04-20T15:07:03.215+0000] {logging_mixin.py:188} INFO - [2026-04-20T15:07:03.215+0000] {dag.py:3089} INFO - Sync 1 DAGs
[2026-04-20T15:07:03.240+0000] {logging_mixin.py:188} INFO - [2026-04-20T15:07:03.239+0000] {dag.py:3947} INFO - Setting next_dagrun for orderbook_backto_minio_parquet to 2026-04-19 02:00:00+00:00, run_after=2026-04-20 02:00:00+00:00
[2026-04-20T15:07:03.263+0000] {processor.py:183} INFO - Processing /opt/airflow/dags/orderbook_to_parquet_minio.py took 0.103 seconds
[2026-04-20T15:07:33.868+0000] {processor.py:161} INFO - Started process (PID=3976) to work on /opt/airflow/dags/orderbook_to_parquet_minio.py
[2026-04-20T15:07:33.869+0000] {processor.py:830} INFO - Processing file /opt/airflow/dags/orderbook_to_parquet_minio.py for tasks to queue
[2026-04-20T15:07:33.871+0000] {logging_mixin.py:188} INFO - [2026-04-20T15:07:33.871+0000] {dagbag.py:545} INFO - Filling up the DagBag from /opt/airflow/dags/orderbook_to_parquet_minio.py
[2026-04-20T15:07:33.901+0000] {processor.py:840} INFO - DAG(s) 'orderbook_backto_minio_parquet' retrieved from /opt/airflow/dags/orderbook_to_parquet_minio.py
[2026-04-20T15:07:33.917+0000] {logging_mixin.py:188} INFO - [2026-04-20T15:07:33.916+0000] {dag.py:3089} INFO - Sync 1 DAGs
[2026-04-20T15:07:33.937+0000] {logging_mixin.py:188} INFO - [2026-04-20T15:07:33.937+0000] {dag.py:3947} INFO - Setting next_dagrun for orderbook_backto_minio_parquet to 2026-04-19 02:00:00+00:00, run_after=2026-04-20 02:00:00+00:00
[2026-04-20T15:07:33.957+0000] {processor.py:183} INFO - Processing /opt/airflow/dags/orderbook_to_parquet_minio.py took 0.094 seconds
[2026-04-20T15:08:04.362+0000] {processor.py:161} INFO - Started process (PID=4001) to work on /opt/airflow/dags/orderbook_to_parquet_minio.py
[2026-04-20T15:08:04.363+0000] {processor.py:830} INFO - Processing file /opt/airflow/dags/orderbook_to_parquet_minio.py for tasks to queue
[2026-04-20T15:08:04.365+0000] {logging_mixin.py:188} INFO - [2026-04-20T15:08:04.364+0000] {dagbag.py:545} INFO - Filling up the DagBag from /opt/airflow/dags/orderbook_to_parquet_minio.py
[2026-04-20T15:08:04.393+0000] {processor.py:840} INFO - DAG(s) 'orderbook_backto_minio_parquet' retrieved from /opt/airflow/dags/orderbook_to_parquet_minio.py
[2026-04-20T15:08:04.407+0000] {logging_mixin.py:188} INFO - [2026-04-20T15:08:04.407+0000] {dag.py:3089} INFO - Sync 1 DAGs
[2026-04-20T15:08:04.426+0000] {logging_mixin.py:188} INFO - [2026-04-20T15:08:04.426+0000] {dag.py:3947} INFO - Setting next_dagrun for orderbook_backto_minio_parquet to 2026-04-19 02:00:00+00:00, run_after=2026-04-20 02:00:00+00:00
[2026-04-20T15:08:04.442+0000] {processor.py:183} INFO - Processing /opt/airflow/dags/orderbook_to_parquet_minio.py took 0.086 seconds
[2026-04-20T15:08:35.054+0000] {processor.py:161} INFO - Started process (PID=4026) to work on /opt/airflow/dags/orderbook_to_parquet_minio.py
[2026-04-20T15:08:35.054+0000] {processor.py:830} INFO - Processing file /opt/airflow/dags/orderbook_to_parquet_minio.py for tasks to queue
[2026-04-20T15:08:35.056+0000] {logging_mixin.py:188} INFO - [2026-04-20T15:08:35.056+0000] {dagbag.py:545} INFO - Filling up the DagBag from /opt/airflow/dags/orderbook_to_parquet_minio.py
[2026-04-20T15:08:35.085+0000] {processor.py:840} INFO - DAG(s) 'orderbook_backto_minio_parquet' retrieved from /opt/airflow/dags/orderbook_to_parquet_minio.py
[2026-04-20T15:08:35.099+0000] {logging_mixin.py:188} INFO - [2026-04-20T15:08:35.099+0000] {dag.py:3089} INFO - Sync 1 DAGs
[2026-04-20T15:08:35.120+0000] {logging_mixin.py:188} INFO - [2026-04-20T15:08:35.120+0000] {dag.py:3947} INFO - Setting next_dagrun for orderbook_backto_minio_parquet to 2026-04-19 02:00:00+00:00, run_after=2026-04-20 02:00:00+00:00
[2026-04-20T15:08:35.139+0000] {processor.py:183} INFO - Processing /opt/airflow/dags/orderbook_to_parquet_minio.py took 0.091 seconds
[2026-04-20T15:09:05.631+0000] {processor.py:161} INFO - Started process (PID=4051) to work on /opt/airflow/dags/orderbook_to_parquet_minio.py
[2026-04-20T15:09:05.632+0000] {processor.py:830} INFO - Processing file /opt/airflow/dags/orderbook_to_parquet_minio.py for tasks to queue
[2026-04-20T15:09:05.634+0000] {logging_mixin.py:188} INFO - [2026-04-20T15:09:05.634+0000] {dagbag.py:545} INFO - Filling up the DagBag from /opt/airflow/dags/orderbook_to_parquet_minio.py
[2026-04-20T15:09:05.665+0000] {processor.py:840} INFO - DAG(s) 'orderbook_backto_minio_parquet' retrieved from /opt/airflow/dags/orderbook_to_parquet_minio.py
[2026-04-20T15:09:05.682+0000] {logging_mixin.py:188} INFO - [2026-04-20T15:09:05.681+0000] {dag.py:3089} INFO - Sync 1 DAGs
[2026-04-20T15:09:05.703+0000] {logging_mixin.py:188} INFO - [2026-04-20T15:09:05.703+0000] {dag.py:3947} INFO - Setting next_dagrun for orderbook_backto_minio_parquet to 2026-04-19 02:00:00+00:00, run_after=2026-04-20 02:00:00+00:00
[2026-04-20T15:09:05.724+0000] {processor.py:183} INFO - Processing /opt/airflow/dags/orderbook_to_parquet_minio.py took 0.099 seconds
[2026-04-20T15:09:36.346+0000] {processor.py:161} INFO - Started process (PID=4076) to work on /opt/airflow/dags/orderbook_to_parquet_minio.py
[2026-04-20T15:09:36.347+0000] {processor.py:830} INFO - Processing file /opt/airflow/dags/orderbook_to_parquet_minio.py for tasks to queue
[2026-04-20T15:09:36.349+0000] {logging_mixin.py:188} INFO - [2026-04-20T15:09:36.349+0000] {dagbag.py:545} INFO - Filling up the DagBag from /opt/airflow/dags/orderbook_to_parquet_minio.py
[2026-04-20T15:09:36.387+0000] {processor.py:840} INFO - DAG(s) 'orderbook_backto_minio_parquet' retrieved from /opt/airflow/dags/orderbook_to_parquet_minio.py
[2026-04-20T15:09:36.406+0000] {logging_mixin.py:188} INFO - [2026-04-20T15:09:36.406+0000] {dag.py:3089} INFO - Sync 1 DAGs
[2026-04-20T15:09:36.431+0000] {logging_mixin.py:188} INFO - [2026-04-20T15:09:36.430+0000] {dag.py:3947} INFO - Setting next_dagrun for orderbook_backto_minio_parquet to 2026-04-19 02:00:00+00:00, run_after=2026-04-20 02:00:00+00:00
[2026-04-20T15:09:36.454+0000] {processor.py:183} INFO - Processing /opt/airflow/dags/orderbook_to_parquet_minio.py took 0.114 seconds
[2026-04-20T15:10:07.172+0000] {processor.py:161} INFO - Started process (PID=4101) to work on /opt/airflow/dags/orderbook_to_parquet_minio.py
[2026-04-20T15:10:07.173+0000] {processor.py:830} INFO - Processing file /opt/airflow/dags/orderbook_to_parquet_minio.py for tasks to queue
[2026-04-20T15:10:07.177+0000] {logging_mixin.py:188} INFO - [2026-04-20T15:10:07.177+0000] {dagbag.py:545} INFO - Filling up the DagBag from /opt/airflow/dags/orderbook_to_parquet_minio.py
[2026-04-20T15:10:07.227+0000] {processor.py:840} INFO - DAG(s) 'orderbook_backto_minio_parquet' retrieved from /opt/airflow/dags/orderbook_to_parquet_minio.py
[2026-04-20T15:10:07.253+0000] {logging_mixin.py:188} INFO - [2026-04-20T15:10:07.253+0000] {dag.py:3089} INFO - Sync 1 DAGs
[2026-04-20T15:10:07.284+0000] {logging_mixin.py:188} INFO - [2026-04-20T15:10:07.283+0000] {dag.py:3947} INFO - Setting next_dagrun for orderbook_backto_minio_parquet to 2026-04-19 02:00:00+00:00, run_after=2026-04-20 02:00:00+00:00
[2026-04-20T15:10:07.311+0000] {processor.py:183} INFO - Processing /opt/airflow/dags/orderbook_to_parquet_minio.py took 0.150 seconds
[2026-04-20T15:10:37.530+0000] {processor.py:161} INFO - Started process (PID=4126) to work on /opt/airflow/dags/orderbook_to_parquet_minio.py
[2026-04-20T15:10:37.531+0000] {processor.py:830} INFO - Processing file /opt/airflow/dags/orderbook_to_parquet_minio.py for tasks to queue
[2026-04-20T15:10:37.535+0000] {logging_mixin.py:188} INFO - [2026-04-20T15:10:37.534+0000] {dagbag.py:545} INFO - Filling up the DagBag from /opt/airflow/dags/orderbook_to_parquet_minio.py
[2026-04-20T15:10:37.573+0000] {processor.py:840} INFO - DAG(s) 'orderbook_backto_minio_parquet' retrieved from /opt/airflow/dags/orderbook_to_parquet_minio.py
[2026-04-20T15:10:37.591+0000] {logging_mixin.py:188} INFO - [2026-04-20T15:10:37.590+0000] {dag.py:3089} INFO - Sync 1 DAGs
[2026-04-20T15:10:37.618+0000] {logging_mixin.py:188} INFO - [2026-04-20T15:10:37.618+0000] {dag.py:3947} INFO - Setting next_dagrun for orderbook_backto_minio_parquet to 2026-04-19 02:00:00+00:00, run_after=2026-04-20 02:00:00+00:00
[2026-04-20T15:10:37.650+0000] {processor.py:183} INFO - Processing /opt/airflow/dags/orderbook_to_parquet_minio.py took 0.126 seconds
[2026-04-20T15:11:08.153+0000] {processor.py:161} INFO - Started process (PID=4151) to work on /opt/airflow/dags/orderbook_to_parquet_minio.py
[2026-04-20T15:11:08.154+0000] {processor.py:830} INFO - Processing file /opt/airflow/dags/orderbook_to_parquet_minio.py for tasks to queue
[2026-04-20T15:11:08.157+0000] {logging_mixin.py:188} INFO - [2026-04-20T15:11:08.156+0000] {dagbag.py:545} INFO - Filling up the DagBag from /opt/airflow/dags/orderbook_to_parquet_minio.py
[2026-04-20T15:11:08.203+0000] {processor.py:840} INFO - DAG(s) 'orderbook_backto_minio_parquet' retrieved from /opt/airflow/dags/orderbook_to_parquet_minio.py
[2026-04-20T15:11:08.230+0000] {logging_mixin.py:188} INFO - [2026-04-20T15:11:08.230+0000] {dag.py:3089} INFO - Sync 1 DAGs
[2026-04-20T15:11:08.286+0000] {logging_mixin.py:188} INFO - [2026-04-20T15:11:08.286+0000] {dag.py:3947} INFO - Setting next_dagrun for orderbook_backto_minio_parquet to 2026-04-19 02:00:00+00:00, run_after=2026-04-20 02:00:00+00:00
[2026-04-20T15:11:08.334+0000] {processor.py:183} INFO - Processing /opt/airflow/dags/orderbook_to_parquet_minio.py took 0.192 seconds
[2026-04-20T15:11:39.311+0000] {processor.py:161} INFO - Started process (PID=4176) to work on /opt/airflow/dags/orderbook_to_parquet_minio.py
[2026-04-20T15:11:39.312+0000] {processor.py:830} INFO - Processing file /opt/airflow/dags/orderbook_to_parquet_minio.py for tasks to queue
[2026-04-20T15:11:39.314+0000] {logging_mixin.py:188} INFO - [2026-04-20T15:11:39.313+0000] {dagbag.py:545} INFO - Filling up the DagBag from /opt/airflow/dags/orderbook_to_parquet_minio.py
[2026-04-20T15:11:39.347+0000] {processor.py:840} INFO - DAG(s) 'orderbook_backto_minio_parquet' retrieved from /opt/airflow/dags/orderbook_to_parquet_minio.py
[2026-04-20T15:11:39.364+0000] {logging_mixin.py:188} INFO - [2026-04-20T15:11:39.364+0000] {dag.py:3089} INFO - Sync 1 DAGs
[2026-04-20T15:11:39.387+0000] {logging_mixin.py:188} INFO - [2026-04-20T15:11:39.386+0000] {dag.py:3947} INFO - Setting next_dagrun for orderbook_backto_minio_parquet to 2026-04-19 02:00:00+00:00, run_after=2026-04-20 02:00:00+00:00
[2026-04-20T15:11:39.409+0000] {processor.py:183} INFO - Processing /opt/airflow/dags/orderbook_to_parquet_minio.py took 0.104 seconds
[2026-04-20T15:12:09.514+0000] {processor.py:161} INFO - Started process (PID=4201) to work on /opt/airflow/dags/orderbook_to_parquet_minio.py
[2026-04-20T15:12:09.515+0000] {processor.py:830} INFO - Processing file /opt/airflow/dags/orderbook_to_parquet_minio.py for tasks to queue
[2026-04-20T15:12:09.519+0000] {logging_mixin.py:188} INFO - [2026-04-20T15:12:09.519+0000] {dagbag.py:545} INFO - Filling up the DagBag from /opt/airflow/dags/orderbook_to_parquet_minio.py
[2026-04-20T15:12:09.573+0000] {processor.py:840} INFO - DAG(s) 'orderbook_backto_minio_parquet' retrieved from /opt/airflow/dags/orderbook_to_parquet_minio.py
[2026-04-20T15:12:09.595+0000] {logging_mixin.py:188} INFO - [2026-04-20T15:12:09.595+0000] {dag.py:3089} INFO - Sync 1 DAGs
[2026-04-20T15:12:09.628+0000] {logging_mixin.py:188} INFO - [2026-04-20T15:12:09.627+0000] {dag.py:3947} INFO - Setting next_dagrun for orderbook_backto_minio_parquet to 2026-04-19 02:00:00+00:00, run_after=2026-04-20 02:00:00+00:00
[2026-04-20T15:12:09.654+0000] {processor.py:183} INFO - Processing /opt/airflow/dags/orderbook_to_parquet_minio.py took 0.147 seconds
[2026-04-20T15:12:40.026+0000] {processor.py:161} INFO - Started process (PID=4226) to work on /opt/airflow/dags/orderbook_to_parquet_minio.py
[2026-04-20T15:12:40.027+0000] {processor.py:830} INFO - Processing file /opt/airflow/dags/orderbook_to_parquet_minio.py for tasks to queue
[2026-04-20T15:12:40.031+0000] {logging_mixin.py:188} INFO - [2026-04-20T15:12:40.030+0000] {dagbag.py:545} INFO - Filling up the DagBag from /opt/airflow/dags/orderbook_to_parquet_minio.py
[2026-04-20T15:12:40.079+0000] {processor.py:840} INFO - DAG(s) 'orderbook_backto_minio_parquet' retrieved from /opt/airflow/dags/orderbook_to_parquet_minio.py
[2026-04-20T15:12:40.098+0000] {logging_mixin.py:188} INFO - [2026-04-20T15:12:40.098+0000] {dag.py:3089} INFO - Sync 1 DAGs
[2026-04-20T15:12:40.130+0000] {logging_mixin.py:188} INFO - [2026-04-20T15:12:40.130+0000] {dag.py:3947} INFO - Setting next_dagrun for orderbook_backto_minio_parquet to 2026-04-19 02:00:00+00:00, run_after=2026-04-20 02:00:00+00:00
[2026-04-20T15:12:40.154+0000] {processor.py:183} INFO - Processing /opt/airflow/dags/orderbook_to_parquet_minio.py took 0.138 seconds
[2026-04-20T15:13:10.881+0000] {processor.py:161} INFO - Started process (PID=4251) to work on /opt/airflow/dags/orderbook_to_parquet_minio.py
[2026-04-20T15:13:10.882+0000] {processor.py:830} INFO - Processing file /opt/airflow/dags/orderbook_to_parquet_minio.py for tasks to queue
[2026-04-20T15:13:10.885+0000] {logging_mixin.py:188} INFO - [2026-04-20T15:13:10.884+0000] {dagbag.py:545} INFO - Filling up the DagBag from /opt/airflow/dags/orderbook_to_parquet_minio.py
[2026-04-20T15:13:10.921+0000] {processor.py:840} INFO - DAG(s) 'orderbook_backto_minio_parquet' retrieved from /opt/airflow/dags/orderbook_to_parquet_minio.py
[2026-04-20T15:13:10.940+0000] {logging_mixin.py:188} INFO - [2026-04-20T15:13:10.940+0000] {dag.py:3089} INFO - Sync 1 DAGs
[2026-04-20T15:13:10.964+0000] {logging_mixin.py:188} INFO - [2026-04-20T15:13:10.964+0000] {dag.py:3947} INFO - Setting next_dagrun for orderbook_backto_minio_parquet to 2026-04-19 02:00:00+00:00, run_after=2026-04-20 02:00:00+00:00
[2026-04-20T15:13:10.984+0000] {processor.py:183} INFO - Processing /opt/airflow/dags/orderbook_to_parquet_minio.py took 0.109 seconds
[2026-04-20T15:13:41.811+0000] {processor.py:161} INFO - Started process (PID=4276) to work on /opt/airflow/dags/orderbook_to_parquet_minio.py
[2026-04-20T15:13:41.812+0000] {processor.py:830} INFO - Processing file /opt/airflow/dags/orderbook_to_parquet_minio.py for tasks to queue
[2026-04-20T15:13:41.814+0000] {logging_mixin.py:188} INFO - [2026-04-20T15:13:41.813+0000] {dagbag.py:545} INFO - Filling up the DagBag from /opt/airflow/dags/orderbook_to_parquet_minio.py
[2026-04-20T15:13:41.845+0000] {processor.py:840} INFO - DAG(s) 'orderbook_backto_minio_parquet' retrieved from /opt/airflow/dags/orderbook_to_parquet_minio.py
[2026-04-20T15:13:41.859+0000] {logging_mixin.py:188} INFO - [2026-04-20T15:13:41.859+0000] {dag.py:3089} INFO - Sync 1 DAGs
[2026-04-20T15:13:41.881+0000] {logging_mixin.py:188} INFO - [2026-04-20T15:13:41.881+0000] {dag.py:3947} INFO - Setting next_dagrun for orderbook_backto_minio_parquet to 2026-04-19 02:00:00+00:00, run_after=2026-04-20 02:00:00+00:00
[2026-04-20T15:13:41.905+0000] {processor.py:183} INFO - Processing /opt/airflow/dags/orderbook_to_parquet_minio.py took 0.099 seconds
[2026-04-20T15:14:12.301+0000] {processor.py:161} INFO - Started process (PID=4301) to work on /opt/airflow/dags/orderbook_to_parquet_minio.py
[2026-04-20T15:14:12.302+0000] {processor.py:830} INFO - Processing file /opt/airflow/dags/orderbook_to_parquet_minio.py for tasks to queue
[2026-04-20T15:14:12.305+0000] {logging_mixin.py:188} INFO - [2026-04-20T15:14:12.305+0000] {dagbag.py:545} INFO - Filling up the DagBag from /opt/airflow/dags/orderbook_to_parquet_minio.py
[2026-04-20T15:14:12.339+0000] {processor.py:840} INFO - DAG(s) 'orderbook_backto_minio_parquet' retrieved from /opt/airflow/dags/orderbook_to_parquet_minio.py
[2026-04-20T15:14:12.356+0000] {logging_mixin.py:188} INFO - [2026-04-20T15:14:12.356+0000] {dag.py:3089} INFO - Sync 1 DAGs
[2026-04-20T15:14:12.378+0000] {logging_mixin.py:188} INFO - [2026-04-20T15:14:12.378+0000] {dag.py:3947} INFO - Setting next_dagrun for orderbook_backto_minio_parquet to 2026-04-19 02:00:00+00:00, run_after=2026-04-20 02:00:00+00:00
[2026-04-20T15:14:12.397+0000] {processor.py:183} INFO - Processing /opt/airflow/dags/orderbook_to_parquet_minio.py took 0.104 seconds
[2026-04-20T15:14:42.963+0000] {processor.py:161} INFO - Started process (PID=4326) to work on /opt/airflow/dags/orderbook_to_parquet_minio.py
[2026-04-20T15:14:42.964+0000] {processor.py:830} INFO - Processing file /opt/airflow/dags/orderbook_to_parquet_minio.py for tasks to queue
[2026-04-20T15:14:42.965+0000] {logging_mixin.py:188} INFO - [2026-04-20T15:14:42.965+0000] {dagbag.py:545} INFO - Filling up the DagBag from /opt/airflow/dags/orderbook_to_parquet_minio.py
[2026-04-20T15:14:42.996+0000] {processor.py:840} INFO - DAG(s) 'orderbook_backto_minio_parquet' retrieved from /opt/airflow/dags/orderbook_to_parquet_minio.py
[2026-04-20T15:14:43.015+0000] {logging_mixin.py:188} INFO - [2026-04-20T15:14:43.014+0000] {dag.py:3089} INFO - Sync 1 DAGs
[2026-04-20T15:14:43.037+0000] {logging_mixin.py:188} INFO - [2026-04-20T15:14:43.036+0000] {dag.py:3947} INFO - Setting next_dagrun for orderbook_backto_minio_parquet to 2026-04-19 02:00:00+00:00, run_after=2026-04-20 02:00:00+00:00
[2026-04-20T15:14:43.056+0000] {processor.py:183} INFO - Processing /opt/airflow/dags/orderbook_to_parquet_minio.py took 0.098 seconds
[2026-04-20T15:15:13.588+0000] {processor.py:161} INFO - Started process (PID=4351) to work on /opt/airflow/dags/orderbook_to_parquet_minio.py
[2026-04-20T15:15:13.589+0000] {processor.py:830} INFO - Processing file /opt/airflow/dags/orderbook_to_parquet_minio.py for tasks to queue
[2026-04-20T15:15:13.593+0000] {logging_mixin.py:188} INFO - [2026-04-20T15:15:13.592+0000] {dagbag.py:545} INFO - Filling up the DagBag from /opt/airflow/dags/orderbook_to_parquet_minio.py
[2026-04-20T15:15:13.627+0000] {processor.py:840} INFO - DAG(s) 'orderbook_backto_minio_parquet' retrieved from /opt/airflow/dags/orderbook_to_parquet_minio.py
[2026-04-20T15:15:13.643+0000] {logging_mixin.py:188} INFO - [2026-04-20T15:15:13.642+0000] {dag.py:3089} INFO - Sync 1 DAGs
[2026-04-20T15:15:13.664+0000] {logging_mixin.py:188} INFO - [2026-04-20T15:15:13.664+0000] {dag.py:3947} INFO - Setting next_dagrun for orderbook_backto_minio_parquet to 2026-04-19 02:00:00+00:00, run_after=2026-04-20 02:00:00+00:00
[2026-04-20T15:15:13.684+0000] {processor.py:183} INFO - Processing /opt/airflow/dags/orderbook_to_parquet_minio.py took 0.102 seconds
[2026-04-20T15:15:44.170+0000] {processor.py:161} INFO - Started process (PID=4376) to work on /opt/airflow/dags/orderbook_to_parquet_minio.py
[2026-04-20T15:15:44.171+0000] {processor.py:830} INFO - Processing file /opt/airflow/dags/orderbook_to_parquet_minio.py for tasks to queue
[2026-04-20T15:15:44.174+0000] {logging_mixin.py:188} INFO - [2026-04-20T15:15:44.173+0000] {dagbag.py:545} INFO - Filling up the DagBag from /opt/airflow/dags/orderbook_to_parquet_minio.py
[2026-04-20T15:15:44.207+0000] {processor.py:840} INFO - DAG(s) 'orderbook_backto_minio_parquet' retrieved from /opt/airflow/dags/orderbook_to_parquet_minio.py
[2026-04-20T15:15:44.222+0000] {logging_mixin.py:188} INFO - [2026-04-20T15:15:44.222+0000] {dag.py:3089} INFO - Sync 1 DAGs
[2026-04-20T15:15:44.246+0000] {logging_mixin.py:188} INFO - [2026-04-20T15:15:44.246+0000] {dag.py:3947} INFO - Setting next_dagrun for orderbook_backto_minio_parquet to 2026-04-19 02:00:00+00:00, run_after=2026-04-20 02:00:00+00:00
[2026-04-20T15:15:44.265+0000] {processor.py:183} INFO - Processing /opt/airflow/dags/orderbook_to_parquet_minio.py took 0.101 seconds
[2026-04-20T15:16:14.968+0000] {processor.py:161} INFO - Started process (PID=4401) to work on /opt/airflow/dags/orderbook_to_parquet_minio.py
[2026-04-20T15:16:14.969+0000] {processor.py:830} INFO - Processing file /opt/airflow/dags/orderbook_to_parquet_minio.py for tasks to queue
[2026-04-20T15:16:14.971+0000] {logging_mixin.py:188} INFO - [2026-04-20T15:16:14.971+0000] {dagbag.py:545} INFO - Filling up the DagBag from /opt/airflow/dags/orderbook_to_parquet_minio.py
[2026-04-20T15:16:15.003+0000] {processor.py:840} INFO - DAG(s) 'orderbook_backto_minio_parquet' retrieved from /opt/airflow/dags/orderbook_to_parquet_minio.py
[2026-04-20T15:16:15.017+0000] {logging_mixin.py:188} INFO - [2026-04-20T15:16:15.017+0000] {dag.py:3089} INFO - Sync 1 DAGs
[2026-04-20T15:16:15.038+0000] {logging_mixin.py:188} INFO - [2026-04-20T15:16:15.038+0000] {dag.py:3947} INFO - Setting next_dagrun for orderbook_backto_minio_parquet to 2026-04-19 02:00:00+00:00, run_after=2026-04-20 02:00:00+00:00
[2026-04-20T15:16:15.055+0000] {processor.py:183} INFO - Processing /opt/airflow/dags/orderbook_to_parquet_minio.py took 0.092 seconds
[2026-04-20T15:16:45.491+0000] {processor.py:161} INFO - Started process (PID=4427) to work on /opt/airflow/dags/orderbook_to_parquet_minio.py
[2026-04-20T15:16:45.492+0000] {processor.py:830} INFO - Processing file /opt/airflow/dags/orderbook_to_parquet_minio.py for tasks to queue
[2026-04-20T15:16:45.494+0000] {logging_mixin.py:188} INFO - [2026-04-20T15:16:45.494+0000] {dagbag.py:545} INFO - Filling up the DagBag from /opt/airflow/dags/orderbook_to_parquet_minio.py
[2026-04-20T15:16:45.529+0000] {processor.py:840} INFO - DAG(s) 'orderbook_backto_minio_parquet' retrieved from /opt/airflow/dags/orderbook_to_parquet_minio.py
[2026-04-20T15:16:45.545+0000] {logging_mixin.py:188} INFO - [2026-04-20T15:16:45.545+0000] {dag.py:3089} INFO - Sync 1 DAGs
[2026-04-20T15:16:45.567+0000] {logging_mixin.py:188} INFO - [2026-04-20T15:16:45.567+0000] {dag.py:3947} INFO - Setting next_dagrun for orderbook_backto_minio_parquet to 2026-04-19 02:00:00+00:00, run_after=2026-04-20 02:00:00+00:00
[2026-04-20T15:16:45.589+0000] {processor.py:183} INFO - Processing /opt/airflow/dags/orderbook_to_parquet_minio.py took 0.103 seconds
[2026-04-20T15:17:16.119+0000] {processor.py:161} INFO - Started process (PID=4452) to work on /opt/airflow/dags/orderbook_to_parquet_minio.py
[2026-04-20T15:17:16.120+0000] {processor.py:830} INFO - Processing file /opt/airflow/dags/orderbook_to_parquet_minio.py for tasks to queue
[2026-04-20T15:17:16.122+0000] {logging_mixin.py:188} INFO - [2026-04-20T15:17:16.122+0000] {dagbag.py:545} INFO - Filling up the DagBag from /opt/airflow/dags/orderbook_to_parquet_minio.py
[2026-04-20T15:17:16.155+0000] {processor.py:840} INFO - DAG(s) 'orderbook_backto_minio_parquet' retrieved from /opt/airflow/dags/orderbook_to_parquet_minio.py
[2026-04-20T15:17:16.170+0000] {logging_mixin.py:188} INFO - [2026-04-20T15:17:16.169+0000] {dag.py:3089} INFO - Sync 1 DAGs
[2026-04-20T15:17:16.190+0000] {logging_mixin.py:188} INFO - [2026-04-20T15:17:16.189+0000] {dag.py:3947} INFO - Setting next_dagrun for orderbook_backto_minio_parquet to 2026-04-19 02:00:00+00:00, run_after=2026-04-20 02:00:00+00:00
[2026-04-20T15:17:16.211+0000] {processor.py:183} INFO - Processing /opt/airflow/dags/orderbook_to_parquet_minio.py took 0.097 seconds
[2026-04-20T15:17:46.692+0000] {processor.py:161} INFO - Started process (PID=4477) to work on /opt/airflow/dags/orderbook_to_parquet_minio.py
[2026-04-20T15:17:46.693+0000] {processor.py:830} INFO - Processing file /opt/airflow/dags/orderbook_to_parquet_minio.py for tasks to queue
[2026-04-20T15:17:46.696+0000] {logging_mixin.py:188} INFO - [2026-04-20T15:17:46.695+0000] {dagbag.py:545} INFO - Filling up the DagBag from /opt/airflow/dags/orderbook_to_parquet_minio.py
[2026-04-20T15:17:46.736+0000] {processor.py:840} INFO - DAG(s) 'orderbook_backto_minio_parquet' retrieved from /opt/airflow/dags/orderbook_to_parquet_minio.py
[2026-04-20T15:17:46.755+0000] {logging_mixin.py:188} INFO - [2026-04-20T15:17:46.755+0000] {dag.py:3089} INFO - Sync 1 DAGs
[2026-04-20T15:17:46.778+0000] {logging_mixin.py:188} INFO - [2026-04-20T15:17:46.778+0000] {dag.py:3947} INFO - Setting next_dagrun for orderbook_backto_minio_parquet to 2026-04-19 02:00:00+00:00, run_after=2026-04-20 02:00:00+00:00
[2026-04-20T15:17:46.797+0000] {processor.py:183} INFO - Processing /opt/airflow/dags/orderbook_to_parquet_minio.py took 0.111 seconds
[2026-04-20T15:18:17.299+0000] {processor.py:161} INFO - Started process (PID=4502) to work on /opt/airflow/dags/orderbook_to_parquet_minio.py
[2026-04-20T15:18:17.301+0000] {processor.py:830} INFO - Processing file /opt/airflow/dags/orderbook_to_parquet_minio.py for tasks to queue
[2026-04-20T15:18:17.303+0000] {logging_mixin.py:188} INFO - [2026-04-20T15:18:17.303+0000] {dagbag.py:545} INFO - Filling up the DagBag from /opt/airflow/dags/orderbook_to_parquet_minio.py
[2026-04-20T15:18:17.339+0000] {processor.py:840} INFO - DAG(s) 'orderbook_backto_minio_parquet' retrieved from /opt/airflow/dags/orderbook_to_parquet_minio.py
[2026-04-20T15:18:17.354+0000] {logging_mixin.py:188} INFO - [2026-04-20T15:18:17.354+0000] {dag.py:3089} INFO - Sync 1 DAGs
[2026-04-20T15:18:17.379+0000] {logging_mixin.py:188} INFO - [2026-04-20T15:18:17.379+0000] {dag.py:3947} INFO - Setting next_dagrun for orderbook_backto_minio_parquet to 2026-04-19 02:00:00+00:00, run_after=2026-04-20 02:00:00+00:00
[2026-04-20T15:18:17.403+0000] {processor.py:183} INFO - Processing /opt/airflow/dags/orderbook_to_parquet_minio.py took 0.110 seconds
[2026-04-20T15:18:48.255+0000] {processor.py:161} INFO - Started process (PID=4527) to work on /opt/airflow/dags/orderbook_to_parquet_minio.py
[2026-04-20T15:18:48.256+0000] {processor.py:830} INFO - Processing file /opt/airflow/dags/orderbook_to_parquet_minio.py for tasks to queue
[2026-04-20T15:18:48.258+0000] {logging_mixin.py:188} INFO - [2026-04-20T15:18:48.258+0000] {dagbag.py:545} INFO - Filling up the DagBag from /opt/airflow/dags/orderbook_to_parquet_minio.py
[2026-04-20T15:18:48.291+0000] {processor.py:840} INFO - DAG(s) 'orderbook_backto_minio_parquet' retrieved from /opt/airflow/dags/orderbook_to_parquet_minio.py
[2026-04-20T15:18:48.306+0000] {logging_mixin.py:188} INFO - [2026-04-20T15:18:48.306+0000] {dag.py:3089} INFO - Sync 1 DAGs
[2026-04-20T15:18:48.327+0000] {logging_mixin.py:188} INFO - [2026-04-20T15:18:48.326+0000] {dag.py:3947} INFO - Setting next_dagrun for orderbook_backto_minio_parquet to 2026-04-19 02:00:00+00:00, run_after=2026-04-20 02:00:00+00:00
[2026-04-20T15:18:48.345+0000] {processor.py:183} INFO - Processing /opt/airflow/dags/orderbook_to_parquet_minio.py took 0.096 seconds
[2026-04-20T15:19:18.892+0000] {processor.py:161} INFO - Started process (PID=4552) to work on /opt/airflow/dags/orderbook_to_parquet_minio.py
[2026-04-20T15:19:18.895+0000] {processor.py:830} INFO - Processing file /opt/airflow/dags/orderbook_to_parquet_minio.py for tasks to queue
[2026-04-20T15:19:18.899+0000] {logging_mixin.py:188} INFO - [2026-04-20T15:19:18.898+0000] {dagbag.py:545} INFO - Filling up the DagBag from /opt/airflow/dags/orderbook_to_parquet_minio.py
[2026-04-20T15:19:18.935+0000] {processor.py:840} INFO - DAG(s) 'orderbook_backto_minio_parquet' retrieved from /opt/airflow/dags/orderbook_to_parquet_minio.py
[2026-04-20T15:19:18.949+0000] {logging_mixin.py:188} INFO - [2026-04-20T15:19:18.949+0000] {dag.py:3089} INFO - Sync 1 DAGs
[2026-04-20T15:19:18.971+0000] {logging_mixin.py:188} INFO - [2026-04-20T15:19:18.970+0000] {dag.py:3947} INFO - Setting next_dagrun for orderbook_backto_minio_parquet to 2026-04-19 02:00:00+00:00, run_after=2026-04-20 02:00:00+00:00
[2026-04-20T15:19:18.988+0000] {processor.py:183} INFO - Processing /opt/airflow/dags/orderbook_to_parquet_minio.py took 0.104 seconds
[2026-04-20T15:19:49.453+0000] {processor.py:161} INFO - Started process (PID=4577) to work on /opt/airflow/dags/orderbook_to_parquet_minio.py
[2026-04-20T15:19:49.454+0000] {processor.py:830} INFO - Processing file /opt/airflow/dags/orderbook_to_parquet_minio.py for tasks to queue
[2026-04-20T15:19:49.456+0000] {logging_mixin.py:188} INFO - [2026-04-20T15:19:49.456+0000] {dagbag.py:545} INFO - Filling up the DagBag from /opt/airflow/dags/orderbook_to_parquet_minio.py
[2026-04-20T15:19:49.488+0000] {processor.py:840} INFO - DAG(s) 'orderbook_backto_minio_parquet' retrieved from /opt/airflow/dags/orderbook_to_parquet_minio.py
[2026-04-20T15:19:49.503+0000] {logging_mixin.py:188} INFO - [2026-04-20T15:19:49.503+0000] {dag.py:3089} INFO - Sync 1 DAGs
[2026-04-20T15:19:49.524+0000] {logging_mixin.py:188} INFO - [2026-04-20T15:19:49.524+0000] {dag.py:3947} INFO - Setting next_dagrun for orderbook_backto_minio_parquet to 2026-04-19 02:00:00+00:00, run_after=2026-04-20 02:00:00+00:00
[2026-04-20T15:19:49.544+0000] {processor.py:183} INFO - Processing /opt/airflow/dags/orderbook_to_parquet_minio.py took 0.096 seconds
[2026-04-20T15:20:20.006+0000] {processor.py:161} INFO - Started process (PID=4602) to work on /opt/airflow/dags/orderbook_to_parquet_minio.py
[2026-04-20T15:20:20.008+0000] {processor.py:830} INFO - Processing file /opt/airflow/dags/orderbook_to_parquet_minio.py for tasks to queue
[2026-04-20T15:20:20.011+0000] {logging_mixin.py:188} INFO - [2026-04-20T15:20:20.010+0000] {dagbag.py:545} INFO - Filling up the DagBag from /opt/airflow/dags/orderbook_to_parquet_minio.py
[2026-04-20T15:20:20.047+0000] {processor.py:840} INFO - DAG(s) 'orderbook_backto_minio_parquet' retrieved from /opt/airflow/dags/orderbook_to_parquet_minio.py
[2026-04-20T15:20:20.062+0000] {logging_mixin.py:188} INFO - [2026-04-20T15:20:20.061+0000] {dag.py:3089} INFO - Sync 1 DAGs
[2026-04-20T15:20:20.083+0000] {logging_mixin.py:188} INFO - [2026-04-20T15:20:20.083+0000] {dag.py:3947} INFO - Setting next_dagrun for orderbook_backto_minio_parquet to 2026-04-19 02:00:00+00:00, run_after=2026-04-20 02:00:00+00:00
[2026-04-20T15:20:20.102+0000] {processor.py:183} INFO - Processing /opt/airflow/dags/orderbook_to_parquet_minio.py took 0.102 seconds
[2026-04-20T15:20:50.504+0000] {processor.py:161} INFO - Started process (PID=4627) to work on /opt/airflow/dags/orderbook_to_parquet_minio.py
[2026-04-20T15:20:50.505+0000] {processor.py:830} INFO - Processing file /opt/airflow/dags/orderbook_to_parquet_minio.py for tasks to queue
[2026-04-20T15:20:50.507+0000] {logging_mixin.py:188} INFO - [2026-04-20T15:20:50.507+0000] {dagbag.py:545} INFO - Filling up the DagBag from /opt/airflow/dags/orderbook_to_parquet_minio.py
[2026-04-20T15:20:50.539+0000] {processor.py:840} INFO - DAG(s) 'orderbook_backto_minio_parquet' retrieved from /opt/airflow/dags/orderbook_to_parquet_minio.py
[2026-04-20T15:20:50.555+0000] {logging_mixin.py:188} INFO - [2026-04-20T15:20:50.555+0000] {dag.py:3089} INFO - Sync 1 DAGs
[2026-04-20T15:20:50.577+0000] {logging_mixin.py:188} INFO - [2026-04-20T15:20:50.577+0000] {dag.py:3947} INFO - Setting next_dagrun for orderbook_backto_minio_parquet to 2026-04-19 02:00:00+00:00, run_after=2026-04-20 02:00:00+00:00
[2026-04-20T15:20:50.596+0000] {processor.py:183} INFO - Processing /opt/airflow/dags/orderbook_to_parquet_minio.py took 0.097 seconds
[2026-04-20T15:21:21.188+0000] {processor.py:161} INFO - Started process (PID=4653) to work on /opt/airflow/dags/orderbook_to_parquet_minio.py
[2026-04-20T15:21:21.189+0000] {processor.py:830} INFO - Processing file /opt/airflow/dags/orderbook_to_parquet_minio.py for tasks to queue
[2026-04-20T15:21:21.192+0000] {logging_mixin.py:188} INFO - [2026-04-20T15:21:21.192+0000] {dagbag.py:545} INFO - Filling up the DagBag from /opt/airflow/dags/orderbook_to_parquet_minio.py
[2026-04-20T15:21:21.226+0000] {processor.py:840} INFO - DAG(s) 'orderbook_backto_minio_parquet' retrieved from /opt/airflow/dags/orderbook_to_parquet_minio.py
[2026-04-20T15:21:21.243+0000] {logging_mixin.py:188} INFO - [2026-04-20T15:21:21.243+0000] {dag.py:3089} INFO - Sync 1 DAGs
[2026-04-20T15:21:21.268+0000] {logging_mixin.py:188} INFO - [2026-04-20T15:21:21.268+0000] {dag.py:3947} INFO - Setting next_dagrun for orderbook_backto_minio_parquet to 2026-04-19 02:00:00+00:00, run_after=2026-04-20 02:00:00+00:00
[2026-04-20T15:21:21.290+0000] {processor.py:183} INFO - Processing /opt/airflow/dags/orderbook_to_parquet_minio.py took 0.107 seconds
[2026-04-20T15:21:51.835+0000] {processor.py:161} INFO - Started process (PID=4678) to work on /opt/airflow/dags/orderbook_to_parquet_minio.py
[2026-04-20T15:21:51.836+0000] {processor.py:830} INFO - Processing file /opt/airflow/dags/orderbook_to_parquet_minio.py for tasks to queue
[2026-04-20T15:21:51.838+0000] {logging_mixin.py:188} INFO - [2026-04-20T15:21:51.838+0000] {dagbag.py:545} INFO - Filling up the DagBag from /opt/airflow/dags/orderbook_to_parquet_minio.py
[2026-04-20T15:21:51.870+0000] {processor.py:840} INFO - DAG(s) 'orderbook_backto_minio_parquet' retrieved from /opt/airflow/dags/orderbook_to_parquet_minio.py
[2026-04-20T15:21:51.886+0000] {logging_mixin.py:188} INFO - [2026-04-20T15:21:51.886+0000] {dag.py:3089} INFO - Sync 1 DAGs
[2026-04-20T15:21:51.907+0000] {logging_mixin.py:188} INFO - [2026-04-20T15:21:51.907+0000] {dag.py:3947} INFO - Setting next_dagrun for orderbook_backto_minio_parquet to 2026-04-19 02:00:00+00:00, run_after=2026-04-20 02:00:00+00:00
[2026-04-20T15:21:51.927+0000] {processor.py:183} INFO - Processing /opt/airflow/dags/orderbook_to_parquet_minio.py took 0.098 seconds
[2026-04-20T15:22:22.602+0000] {processor.py:161} INFO - Started process (PID=4703) to work on /opt/airflow/dags/orderbook_to_parquet_minio.py
[2026-04-20T15:22:22.602+0000] {processor.py:830} INFO - Processing file /opt/airflow/dags/orderbook_to_parquet_minio.py for tasks to queue
[2026-04-20T15:22:22.604+0000] {logging_mixin.py:188} INFO - [2026-04-20T15:22:22.604+0000] {dagbag.py:545} INFO - Filling up the DagBag from /opt/airflow/dags/orderbook_to_parquet_minio.py
[2026-04-20T15:22:22.636+0000] {processor.py:840} INFO - DAG(s) 'orderbook_backto_minio_parquet' retrieved from /opt/airflow/dags/orderbook_to_parquet_minio.py
[2026-04-20T15:22:22.653+0000] {logging_mixin.py:188} INFO - [2026-04-20T15:22:22.653+0000] {dag.py:3089} INFO - Sync 1 DAGs
[2026-04-20T15:22:22.675+0000] {logging_mixin.py:188} INFO - [2026-04-20T15:22:22.675+0000] {dag.py:3947} INFO - Setting next_dagrun for orderbook_backto_minio_parquet to 2026-04-19 02:00:00+00:00, run_after=2026-04-20 02:00:00+00:00
[2026-04-20T15:22:22.693+0000] {processor.py:183} INFO - Processing /opt/airflow/dags/orderbook_to_parquet_minio.py took 0.097 seconds
[2026-04-20T15:22:53.209+0000] {processor.py:161} INFO - Started process (PID=4728) to work on /opt/airflow/dags/orderbook_to_parquet_minio.py
[2026-04-20T15:22:53.210+0000] {processor.py:830} INFO - Processing file /opt/airflow/dags/orderbook_to_parquet_minio.py for tasks to queue
[2026-04-20T15:22:53.212+0000] {logging_mixin.py:188} INFO - [2026-04-20T15:22:53.212+0000] {dagbag.py:545} INFO - Filling up the DagBag from /opt/airflow/dags/orderbook_to_parquet_minio.py
[2026-04-20T15:22:53.246+0000] {processor.py:840} INFO - DAG(s) 'orderbook_backto_minio_parquet' retrieved from /opt/airflow/dags/orderbook_to_parquet_minio.py
[2026-04-20T15:22:53.260+0000] {logging_mixin.py:188} INFO - [2026-04-20T15:22:53.260+0000] {dag.py:3089} INFO - Sync 1 DAGs
[2026-04-20T15:22:53.283+0000] {logging_mixin.py:188} INFO - [2026-04-20T15:22:53.282+0000] {dag.py:3947} INFO - Setting next_dagrun for orderbook_backto_minio_parquet to 2026-04-19 02:00:00+00:00, run_after=2026-04-20 02:00:00+00:00
[2026-04-20T15:22:53.304+0000] {processor.py:183} INFO - Processing /opt/airflow/dags/orderbook_to_parquet_minio.py took 0.100 seconds
[2026-04-20T15:23:23.879+0000] {processor.py:161} INFO - Started process (PID=4753) to work on /opt/airflow/dags/orderbook_to_parquet_minio.py
[2026-04-20T15:23:23.880+0000] {processor.py:830} INFO - Processing file /opt/airflow/dags/orderbook_to_parquet_minio.py for tasks to queue
[2026-04-20T15:23:23.882+0000] {logging_mixin.py:188} INFO - [2026-04-20T15:23:23.882+0000] {dagbag.py:545} INFO - Filling up the DagBag from /opt/airflow/dags/orderbook_to_parquet_minio.py
[2026-04-20T15:23:23.913+0000] {processor.py:840} INFO - DAG(s) 'orderbook_backto_minio_parquet' retrieved from /opt/airflow/dags/orderbook_to_parquet_minio.py
[2026-04-20T15:23:23.927+0000] {logging_mixin.py:188} INFO - [2026-04-20T15:23:23.926+0000] {dag.py:3089} INFO - Sync 1 DAGs
[2026-04-20T15:23:23.948+0000] {logging_mixin.py:188} INFO - [2026-04-20T15:23:23.948+0000] {dag.py:3947} INFO - Setting next_dagrun for orderbook_backto_minio_parquet to 2026-04-19 02:00:00+00:00, run_after=2026-04-20 02:00:00+00:00
[2026-04-20T15:23:23.966+0000] {processor.py:183} INFO - Processing /opt/airflow/dags/orderbook_to_parquet_minio.py took 0.094 seconds
[2026-04-20T15:23:54.601+0000] {processor.py:161} INFO - Started process (PID=4778) to work on /opt/airflow/dags/orderbook_to_parquet_minio.py
[2026-04-20T15:23:54.602+0000] {processor.py:830} INFO - Processing file /opt/airflow/dags/orderbook_to_parquet_minio.py for tasks to queue
[2026-04-20T15:23:54.604+0000] {logging_mixin.py:188} INFO - [2026-04-20T15:23:54.604+0000] {dagbag.py:545} INFO - Filling up the DagBag from /opt/airflow/dags/orderbook_to_parquet_minio.py
[2026-04-20T15:23:54.633+0000] {processor.py:840} INFO - DAG(s) 'orderbook_backto_minio_parquet' retrieved from /opt/airflow/dags/orderbook_to_parquet_minio.py
[2026-04-20T15:23:54.647+0000] {logging_mixin.py:188} INFO - [2026-04-20T15:23:54.647+0000] {dag.py:3089} INFO - Sync 1 DAGs
[2026-04-20T15:23:54.666+0000] {logging_mixin.py:188} INFO - [2026-04-20T15:23:54.666+0000] {dag.py:3947} INFO - Setting next_dagrun for orderbook_backto_minio_parquet to 2026-04-19 02:00:00+00:00, run_after=2026-04-20 02:00:00+00:00
[2026-04-20T15:23:54.684+0000] {processor.py:183} INFO - Processing /opt/airflow/dags/orderbook_to_parquet_minio.py took 0.088 seconds
[2026-04-20T15:24:24.978+0000] {processor.py:161} INFO - Started process (PID=4803) to work on /opt/airflow/dags/orderbook_to_parquet_minio.py
[2026-04-20T15:24:24.979+0000] {processor.py:830} INFO - Processing file /opt/airflow/dags/orderbook_to_parquet_minio.py for tasks to queue
[2026-04-20T15:24:24.982+0000] {logging_mixin.py:188} INFO - [2026-04-20T15:24:24.981+0000] {dagbag.py:545} INFO - Filling up the DagBag from /opt/airflow/dags/orderbook_to_parquet_minio.py
[2026-04-20T15:24:25.013+0000] {processor.py:840} INFO - DAG(s) 'orderbook_backto_minio_parquet' retrieved from /opt/airflow/dags/orderbook_to_parquet_minio.py
[2026-04-20T15:24:25.027+0000] {logging_mixin.py:188} INFO - [2026-04-20T15:24:25.026+0000] {dag.py:3089} INFO - Sync 1 DAGs
[2026-04-20T15:24:25.048+0000] {logging_mixin.py:188} INFO - [2026-04-20T15:24:25.048+0000] {dag.py:3947} INFO - Setting next_dagrun for orderbook_backto_minio_parquet to 2026-04-19 02:00:00+00:00, run_after=2026-04-20 02:00:00+00:00
[2026-04-20T15:24:25.066+0000] {processor.py:183} INFO - Processing /opt/airflow/dags/orderbook_to_parquet_minio.py took 0.093 seconds
[2026-04-20T15:24:55.550+0000] {processor.py:161} INFO - Started process (PID=4828) to work on /opt/airflow/dags/orderbook_to_parquet_minio.py
[2026-04-20T15:24:55.551+0000] {processor.py:830} INFO - Processing file /opt/airflow/dags/orderbook_to_parquet_minio.py for tasks to queue
[2026-04-20T15:24:55.553+0000] {logging_mixin.py:188} INFO - [2026-04-20T15:24:55.553+0000] {dagbag.py:545} INFO - Filling up the DagBag from /opt/airflow/dags/orderbook_to_parquet_minio.py
[2026-04-20T15:24:55.583+0000] {processor.py:840} INFO - DAG(s) 'orderbook_backto_minio_parquet' retrieved from /opt/airflow/dags/orderbook_to_parquet_minio.py
[2026-04-20T15:24:55.597+0000] {logging_mixin.py:188} INFO - [2026-04-20T15:24:55.597+0000] {dag.py:3089} INFO - Sync 1 DAGs
[2026-04-20T15:24:55.618+0000] {logging_mixin.py:188} INFO - [2026-04-20T15:24:55.618+0000] {dag.py:3947} INFO - Setting next_dagrun for orderbook_backto_minio_parquet to 2026-04-19 02:00:00+00:00, run_after=2026-04-20 02:00:00+00:00
[2026-04-20T15:24:55.636+0000] {processor.py:183} INFO - Processing /opt/airflow/dags/orderbook_to_parquet_minio.py took 0.090 seconds
[2026-04-20T15:25:26.025+0000] {processor.py:161} INFO - Started process (PID=4853) to work on /opt/airflow/dags/orderbook_to_parquet_minio.py
[2026-04-20T15:25:26.026+0000] {processor.py:830} INFO - Processing file /opt/airflow/dags/orderbook_to_parquet_minio.py for tasks to queue
[2026-04-20T15:25:26.028+0000] {logging_mixin.py:188} INFO - [2026-04-20T15:25:26.027+0000] {dagbag.py:545} INFO - Filling up the DagBag from /opt/airflow/dags/orderbook_to_parquet_minio.py
[2026-04-20T15:25:26.061+0000] {processor.py:840} INFO - DAG(s) 'orderbook_backto_minio_parquet' retrieved from /opt/airflow/dags/orderbook_to_parquet_minio.py
[2026-04-20T15:25:26.078+0000] {logging_mixin.py:188} INFO - [2026-04-20T15:25:26.078+0000] {dag.py:3089} INFO - Sync 1 DAGs
[2026-04-20T15:25:26.102+0000] {logging_mixin.py:188} INFO - [2026-04-20T15:25:26.102+0000] {dag.py:3947} INFO - Setting next_dagrun for orderbook_backto_minio_parquet to 2026-04-19 02:00:00+00:00, run_after=2026-04-20 02:00:00+00:00
[2026-04-20T15:25:26.125+0000] {processor.py:183} INFO - Processing /opt/airflow/dags/orderbook_to_parquet_minio.py took 0.106 seconds
[2026-04-20T15:25:56.660+0000] {processor.py:161} INFO - Started process (PID=4878) to work on /opt/airflow/dags/orderbook_to_parquet_minio.py
[2026-04-20T15:25:56.661+0000] {processor.py:830} INFO - Processing file /opt/airflow/dags/orderbook_to_parquet_minio.py for tasks to queue
[2026-04-20T15:25:56.663+0000] {logging_mixin.py:188} INFO - [2026-04-20T15:25:56.663+0000] {dagbag.py:545} INFO - Filling up the DagBag from /opt/airflow/dags/orderbook_to_parquet_minio.py
[2026-04-20T15:25:56.694+0000] {processor.py:840} INFO - DAG(s) 'orderbook_backto_minio_parquet' retrieved from /opt/airflow/dags/orderbook_to_parquet_minio.py
[2026-04-20T15:25:56.708+0000] {logging_mixin.py:188} INFO - [2026-04-20T15:25:56.708+0000] {dag.py:3089} INFO - Sync 1 DAGs
[2026-04-20T15:25:56.729+0000] {logging_mixin.py:188} INFO - [2026-04-20T15:25:56.728+0000] {dag.py:3947} INFO - Setting next_dagrun for orderbook_backto_minio_parquet to 2026-04-19 02:00:00+00:00, run_after=2026-04-20 02:00:00+00:00
[2026-04-20T15:25:56.745+0000] {processor.py:183} INFO - Processing /opt/airflow/dags/orderbook_to_parquet_minio.py took 0.090 seconds
[2026-04-20T15:26:27.134+0000] {processor.py:161} INFO - Started process (PID=4903) to work on /opt/airflow/dags/orderbook_to_parquet_minio.py
[2026-04-20T15:26:27.135+0000] {processor.py:830} INFO - Processing file /opt/airflow/dags/orderbook_to_parquet_minio.py for tasks to queue
[2026-04-20T15:26:27.139+0000] {logging_mixin.py:188} INFO - [2026-04-20T15:26:27.138+0000] {dagbag.py:545} INFO - Filling up the DagBag from /opt/airflow/dags/orderbook_to_parquet_minio.py
[2026-04-20T15:26:27.176+0000] {processor.py:840} INFO - DAG(s) 'orderbook_backto_minio_parquet' retrieved from /opt/airflow/dags/orderbook_to_parquet_minio.py
[2026-04-20T15:26:27.195+0000] {logging_mixin.py:188} INFO - [2026-04-20T15:26:27.195+0000] {dag.py:3089} INFO - Sync 1 DAGs
[2026-04-20T15:26:27.221+0000] {logging_mixin.py:188} INFO - [2026-04-20T15:26:27.221+0000] {dag.py:3947} INFO - Setting next_dagrun for orderbook_backto_minio_parquet to 2026-04-19 02:00:00+00:00, run_after=2026-04-20 02:00:00+00:00
[2026-04-20T15:26:27.245+0000] {processor.py:183} INFO - Processing /opt/airflow/dags/orderbook_to_parquet_minio.py took 0.117 seconds
[2026-04-20T15:26:57.738+0000] {processor.py:161} INFO - Started process (PID=4928) to work on /opt/airflow/dags/orderbook_to_parquet_minio.py
[2026-04-20T15:26:57.740+0000] {processor.py:830} INFO - Processing file /opt/airflow/dags/orderbook_to_parquet_minio.py for tasks to queue
[2026-04-20T15:26:57.743+0000] {logging_mixin.py:188} INFO - [2026-04-20T15:26:57.743+0000] {dagbag.py:545} INFO - Filling up the DagBag from /opt/airflow/dags/orderbook_to_parquet_minio.py
[2026-04-20T15:26:57.783+0000] {processor.py:840} INFO - DAG(s) 'orderbook_backto_minio_parquet' retrieved from /opt/airflow/dags/orderbook_to_parquet_minio.py
[2026-04-20T15:26:57.801+0000] {logging_mixin.py:188} INFO - [2026-04-20T15:26:57.800+0000] {dag.py:3089} INFO - Sync 1 DAGs
[2026-04-20T15:26:57.828+0000] {logging_mixin.py:188} INFO - [2026-04-20T15:26:57.828+0000] {dag.py:3947} INFO - Setting next_dagrun for orderbook_backto_minio_parquet to 2026-04-19 02:00:00+00:00, run_after=2026-04-20 02:00:00+00:00
[2026-04-20T15:26:57.850+0000] {processor.py:183} INFO - Processing /opt/airflow/dags/orderbook_to_parquet_minio.py took 0.118 seconds
[2026-04-20T15:27:28.216+0000] {processor.py:161} INFO - Started process (PID=4953) to work on /opt/airflow/dags/orderbook_to_parquet_minio.py
[2026-04-20T15:27:28.217+0000] {processor.py:830} INFO - Processing file /opt/airflow/dags/orderbook_to_parquet_minio.py for tasks to queue
[2026-04-20T15:27:28.219+0000] {logging_mixin.py:188} INFO - [2026-04-20T15:27:28.218+0000] {dagbag.py:545} INFO - Filling up the DagBag from /opt/airflow/dags/orderbook_to_parquet_minio.py
[2026-04-20T15:27:28.249+0000] {processor.py:840} INFO - DAG(s) 'orderbook_backto_minio_parquet' retrieved from /opt/airflow/dags/orderbook_to_parquet_minio.py
[2026-04-20T15:27:28.265+0000] {logging_mixin.py:188} INFO - [2026-04-20T15:27:28.265+0000] {dag.py:3089} INFO - Sync 1 DAGs
[2026-04-20T15:27:28.289+0000] {logging_mixin.py:188} INFO - [2026-04-20T15:27:28.288+0000] {dag.py:3947} INFO - Setting next_dagrun for orderbook_backto_minio_parquet to 2026-04-19 02:00:00+00:00, run_after=2026-04-20 02:00:00+00:00
[2026-04-20T15:27:28.308+0000] {processor.py:183} INFO - Processing /opt/airflow/dags/orderbook_to_parquet_minio.py took 0.098 seconds
[2026-04-20T15:27:59.086+0000] {processor.py:161} INFO - Started process (PID=4978) to work on /opt/airflow/dags/orderbook_to_parquet_minio.py
[2026-04-20T15:27:59.087+0000] {processor.py:830} INFO - Processing file /opt/airflow/dags/orderbook_to_parquet_minio.py for tasks to queue
[2026-04-20T15:27:59.091+0000] {logging_mixin.py:188} INFO - [2026-04-20T15:27:59.090+0000] {dagbag.py:545} INFO - Filling up the DagBag from /opt/airflow/dags/orderbook_to_parquet_minio.py
[2026-04-20T15:27:59.126+0000] {processor.py:840} INFO - DAG(s) 'orderbook_backto_minio_parquet' retrieved from /opt/airflow/dags/orderbook_to_parquet_minio.py
[2026-04-20T15:27:59.141+0000] {logging_mixin.py:188} INFO - [2026-04-20T15:27:59.141+0000] {dag.py:3089} INFO - Sync 1 DAGs
[2026-04-20T15:27:59.165+0000] {logging_mixin.py:188} INFO - [2026-04-20T15:27:59.165+0000] {dag.py:3947} INFO - Setting next_dagrun for orderbook_backto_minio_parquet to 2026-04-19 02:00:00+00:00, run_after=2026-04-20 02:00:00+00:00
[2026-04-20T15:27:59.185+0000] {processor.py:183} INFO - Processing /opt/airflow/dags/orderbook_to_parquet_minio.py took 0.105 seconds
[2026-04-20T15:28:29.942+0000] {processor.py:161} INFO - Started process (PID=5003) to work on /opt/airflow/dags/orderbook_to_parquet_minio.py
[2026-04-20T15:28:29.943+0000] {processor.py:830} INFO - Processing file /opt/airflow/dags/orderbook_to_parquet_minio.py for tasks to queue
[2026-04-20T15:28:29.945+0000] {logging_mixin.py:188} INFO - [2026-04-20T15:28:29.945+0000] {dagbag.py:545} INFO - Filling up the DagBag from /opt/airflow/dags/orderbook_to_parquet_minio.py
[2026-04-20T15:28:29.983+0000] {processor.py:840} INFO - DAG(s) 'orderbook_backto_minio_parquet' retrieved from /opt/airflow/dags/orderbook_to_parquet_minio.py
[2026-04-20T15:28:30.005+0000] {logging_mixin.py:188} INFO - [2026-04-20T15:28:30.004+0000] {dag.py:3089} INFO - Sync 1 DAGs
[2026-04-20T15:28:30.034+0000] {logging_mixin.py:188} INFO - [2026-04-20T15:28:30.034+0000] {dag.py:3947} INFO - Setting next_dagrun for orderbook_backto_minio_parquet to 2026-04-19 02:00:00+00:00, run_after=2026-04-20 02:00:00+00:00
[2026-04-20T15:28:30.053+0000] {processor.py:183} INFO - Processing /opt/airflow/dags/orderbook_to_parquet_minio.py took 0.118 seconds
[2026-04-20T15:29:01.046+0000] {processor.py:161} INFO - Started process (PID=5028) to work on /opt/airflow/dags/orderbook_to_parquet_minio.py
[2026-04-20T15:29:01.047+0000] {processor.py:830} INFO - Processing file /opt/airflow/dags/orderbook_to_parquet_minio.py for tasks to queue
[2026-04-20T15:29:01.049+0000] {logging_mixin.py:188} INFO - [2026-04-20T15:29:01.049+0000] {dagbag.py:545} INFO - Filling up the DagBag from /opt/airflow/dags/orderbook_to_parquet_minio.py
[2026-04-20T15:29:01.083+0000] {processor.py:840} INFO - DAG(s) 'orderbook_backto_minio_parquet' retrieved from /opt/airflow/dags/orderbook_to_parquet_minio.py
[2026-04-20T15:29:01.102+0000] {logging_mixin.py:188} INFO - [2026-04-20T15:29:01.102+0000] {dag.py:3089} INFO - Sync 1 DAGs
[2026-04-20T15:29:01.125+0000] {logging_mixin.py:188} INFO - [2026-04-20T15:29:01.125+0000] {dag.py:3947} INFO - Setting next_dagrun for orderbook_backto_minio_parquet to 2026-04-19 02:00:00+00:00, run_after=2026-04-20 02:00:00+00:00
[2026-04-20T15:29:01.144+0000] {processor.py:183} INFO - Processing /opt/airflow/dags/orderbook_to_parquet_minio.py took 0.104 seconds
[2026-04-20T15:29:31.785+0000] {processor.py:161} INFO - Started process (PID=5054) to work on /opt/airflow/dags/orderbook_to_parquet_minio.py
[2026-04-20T15:29:31.786+0000] {processor.py:830} INFO - Processing file /opt/airflow/dags/orderbook_to_parquet_minio.py for tasks to queue
[2026-04-20T15:29:31.790+0000] {logging_mixin.py:188} INFO - [2026-04-20T15:29:31.789+0000] {dagbag.py:545} INFO - Filling up the DagBag from /opt/airflow/dags/orderbook_to_parquet_minio.py
[2026-04-20T15:29:31.835+0000] {processor.py:840} INFO - DAG(s) 'orderbook_backto_minio_parquet' retrieved from /opt/airflow/dags/orderbook_to_parquet_minio.py
[2026-04-20T15:29:31.853+0000] {logging_mixin.py:188} INFO - [2026-04-20T15:29:31.853+0000] {dag.py:3089} INFO - Sync 1 DAGs
[2026-04-20T15:29:31.883+0000] {logging_mixin.py:188} INFO - [2026-04-20T15:29:31.883+0000] {dag.py:3947} INFO - Setting next_dagrun for orderbook_backto_minio_parquet to 2026-04-19 02:00:00+00:00, run_after=2026-04-20 02:00:00+00:00
[2026-04-20T15:29:31.912+0000] {processor.py:183} INFO - Processing /opt/airflow/dags/orderbook_to_parquet_minio.py took 0.134 seconds
[2026-04-20T15:30:02.448+0000] {processor.py:161} INFO - Started process (PID=5079) to work on /opt/airflow/dags/orderbook_to_parquet_minio.py
[2026-04-20T15:30:02.449+0000] {processor.py:830} INFO - Processing file /opt/airflow/dags/orderbook_to_parquet_minio.py for tasks to queue
[2026-04-20T15:30:02.452+0000] {logging_mixin.py:188} INFO - [2026-04-20T15:30:02.452+0000] {dagbag.py:545} INFO - Filling up the DagBag from /opt/airflow/dags/orderbook_to_parquet_minio.py
[2026-04-20T15:30:02.493+0000] {processor.py:840} INFO - DAG(s) 'orderbook_backto_minio_parquet' retrieved from /opt/airflow/dags/orderbook_to_parquet_minio.py
[2026-04-20T15:30:02.514+0000] {logging_mixin.py:188} INFO - [2026-04-20T15:30:02.514+0000] {dag.py:3089} INFO - Sync 1 DAGs
[2026-04-20T15:30:02.538+0000] {logging_mixin.py:188} INFO - [2026-04-20T15:30:02.538+0000] {dag.py:3947} INFO - Setting next_dagrun for orderbook_backto_minio_parquet to 2026-04-19 02:00:00+00:00, run_after=2026-04-20 02:00:00+00:00
[2026-04-20T15:30:02.557+0000] {processor.py:183} INFO - Processing /opt/airflow/dags/orderbook_to_parquet_minio.py took 0.116 seconds
[2026-04-20T15:30:33.262+0000] {processor.py:161} INFO - Started process (PID=5104) to work on /opt/airflow/dags/orderbook_to_parquet_minio.py
[2026-04-20T15:30:33.263+0000] {processor.py:830} INFO - Processing file /opt/airflow/dags/orderbook_to_parquet_minio.py for tasks to queue
[2026-04-20T15:30:33.265+0000] {logging_mixin.py:188} INFO - [2026-04-20T15:30:33.265+0000] {dagbag.py:545} INFO - Filling up the DagBag from /opt/airflow/dags/orderbook_to_parquet_minio.py
[2026-04-20T15:30:33.301+0000] {processor.py:840} INFO - DAG(s) 'orderbook_backto_minio_parquet' retrieved from /opt/airflow/dags/orderbook_to_parquet_minio.py
[2026-04-20T15:30:33.317+0000] {logging_mixin.py:188} INFO - [2026-04-20T15:30:33.316+0000] {dag.py:3089} INFO - Sync 1 DAGs
[2026-04-20T15:30:33.339+0000] {logging_mixin.py:188} INFO - [2026-04-20T15:30:33.339+0000] {dag.py:3947} INFO - Setting next_dagrun for orderbook_backto_minio_parquet to 2026-04-19 02:00:00+00:00, run_after=2026-04-20 02:00:00+00:00
[2026-04-20T15:30:33.360+0000] {processor.py:183} INFO - Processing /opt/airflow/dags/orderbook_to_parquet_minio.py took 0.106 seconds
[2026-04-20T15:31:03.978+0000] {processor.py:161} INFO - Started process (PID=5129) to work on /opt/airflow/dags/orderbook_to_parquet_minio.py
[2026-04-20T15:31:03.979+0000] {processor.py:830} INFO - Processing file /opt/airflow/dags/orderbook_to_parquet_minio.py for tasks to queue
[2026-04-20T15:31:03.981+0000] {logging_mixin.py:188} INFO - [2026-04-20T15:31:03.981+0000] {dagbag.py:545} INFO - Filling up the DagBag from /opt/airflow/dags/orderbook_to_parquet_minio.py
[2026-04-20T15:31:04.011+0000] {processor.py:840} INFO - DAG(s) 'orderbook_backto_minio_parquet' retrieved from /opt/airflow/dags/orderbook_to_parquet_minio.py
[2026-04-20T15:31:04.025+0000] {logging_mixin.py:188} INFO - [2026-04-20T15:31:04.025+0000] {dag.py:3089} INFO - Sync 1 DAGs
[2026-04-20T15:31:04.046+0000] {logging_mixin.py:188} INFO - [2026-04-20T15:31:04.046+0000] {dag.py:3947} INFO - Setting next_dagrun for orderbook_backto_minio_parquet to 2026-04-19 02:00:00+00:00, run_after=2026-04-20 02:00:00+00:00
[2026-04-20T15:31:04.063+0000] {processor.py:183} INFO - Processing /opt/airflow/dags/orderbook_to_parquet_minio.py took 0.090 seconds
[2026-04-20T15:31:34.623+0000] {processor.py:161} INFO - Started process (PID=5154) to work on /opt/airflow/dags/orderbook_to_parquet_minio.py
[2026-04-20T15:31:34.631+0000] {processor.py:830} INFO - Processing file /opt/airflow/dags/orderbook_to_parquet_minio.py for tasks to queue
[2026-04-20T15:31:34.637+0000] {logging_mixin.py:188} INFO - [2026-04-20T15:31:34.637+0000] {dagbag.py:545} INFO - Filling up the DagBag from /opt/airflow/dags/orderbook_to_parquet_minio.py
[2026-04-20T15:31:34.701+0000] {processor.py:840} INFO - DAG(s) 'orderbook_backto_minio_parquet' retrieved from /opt/airflow/dags/orderbook_to_parquet_minio.py
[2026-04-20T15:31:34.729+0000] {logging_mixin.py:188} INFO - [2026-04-20T15:31:34.729+0000] {dag.py:3089} INFO - Sync 1 DAGs
[2026-04-20T15:31:34.781+0000] {logging_mixin.py:188} INFO - [2026-04-20T15:31:34.780+0000] {dag.py:3947} INFO - Setting next_dagrun for orderbook_backto_minio_parquet to 2026-04-19 02:00:00+00:00, run_after=2026-04-20 02:00:00+00:00
[2026-04-20T15:31:34.818+0000] {processor.py:183} INFO - Processing /opt/airflow/dags/orderbook_to_parquet_minio.py took 0.206 seconds
[2026-04-20T15:32:05.602+0000] {processor.py:161} INFO - Started process (PID=5185) to work on /opt/airflow/dags/orderbook_to_parquet_minio.py
[2026-04-20T15:32:05.603+0000] {processor.py:830} INFO - Processing file /opt/airflow/dags/orderbook_to_parquet_minio.py for tasks to queue
[2026-04-20T15:32:05.605+0000] {logging_mixin.py:188} INFO - [2026-04-20T15:32:05.605+0000] {dagbag.py:545} INFO - Filling up the DagBag from /opt/airflow/dags/orderbook_to_parquet_minio.py
[2026-04-20T15:32:05.639+0000] {processor.py:840} INFO - DAG(s) 'orderbook_backto_minio_parquet' retrieved from /opt/airflow/dags/orderbook_to_parquet_minio.py
[2026-04-20T15:32:05.655+0000] {logging_mixin.py:188} INFO - [2026-04-20T15:32:05.655+0000] {dag.py:3089} INFO - Sync 1 DAGs
[2026-04-20T15:32:05.681+0000] {logging_mixin.py:188} INFO - [2026-04-20T15:32:05.681+0000] {dag.py:3947} INFO - Setting next_dagrun for orderbook_backto_minio_parquet to 2026-04-19 02:00:00+00:00, run_after=2026-04-20 02:00:00+00:00
[2026-04-20T15:32:05.699+0000] {processor.py:183} INFO - Processing /opt/airflow/dags/orderbook_to_parquet_minio.py took 0.103 seconds
[2026-04-20T15:32:36.253+0000] {processor.py:161} INFO - Started process (PID=5210) to work on /opt/airflow/dags/orderbook_to_parquet_minio.py
[2026-04-20T15:32:36.254+0000] {processor.py:830} INFO - Processing file /opt/airflow/dags/orderbook_to_parquet_minio.py for tasks to queue
[2026-04-20T15:32:36.258+0000] {logging_mixin.py:188} INFO - [2026-04-20T15:32:36.257+0000] {dagbag.py:545} INFO - Filling up the DagBag from /opt/airflow/dags/orderbook_to_parquet_minio.py
[2026-04-20T15:32:36.295+0000] {processor.py:840} INFO - DAG(s) 'orderbook_backto_minio_parquet' retrieved from /opt/airflow/dags/orderbook_to_parquet_minio.py
[2026-04-20T15:32:36.312+0000] {logging_mixin.py:188} INFO - [2026-04-20T15:32:36.312+0000] {dag.py:3089} INFO - Sync 1 DAGs
[2026-04-20T15:32:36.339+0000] {logging_mixin.py:188} INFO - [2026-04-20T15:32:36.339+0000] {dag.py:3947} INFO - Setting next_dagrun for orderbook_backto_minio_parquet to 2026-04-19 02:00:00+00:00, run_after=2026-04-20 02:00:00+00:00
[2026-04-20T15:32:36.361+0000] {processor.py:183} INFO - Processing /opt/airflow/dags/orderbook_to_parquet_minio.py took 0.114 seconds
[2026-04-20T15:33:07.111+0000] {processor.py:161} INFO - Started process (PID=5235) to work on /opt/airflow/dags/orderbook_to_parquet_minio.py
[2026-04-20T15:33:07.112+0000] {processor.py:830} INFO - Processing file /opt/airflow/dags/orderbook_to_parquet_minio.py for tasks to queue
[2026-04-20T15:33:07.114+0000] {logging_mixin.py:188} INFO - [2026-04-20T15:33:07.114+0000] {dagbag.py:545} INFO - Filling up the DagBag from /opt/airflow/dags/orderbook_to_parquet_minio.py
[2026-04-20T15:33:07.150+0000] {processor.py:840} INFO - DAG(s) 'orderbook_backto_minio_parquet' retrieved from /opt/airflow/dags/orderbook_to_parquet_minio.py
[2026-04-20T15:33:07.166+0000] {logging_mixin.py:188} INFO - [2026-04-20T15:33:07.166+0000] {dag.py:3089} INFO - Sync 1 DAGs
[2026-04-20T15:33:07.190+0000] {logging_mixin.py:188} INFO - [2026-04-20T15:33:07.189+0000] {dag.py:3947} INFO - Setting next_dagrun for orderbook_backto_minio_parquet to 2026-04-19 02:00:00+00:00, run_after=2026-04-20 02:00:00+00:00
[2026-04-20T15:33:07.210+0000] {processor.py:183} INFO - Processing /opt/airflow/dags/orderbook_to_parquet_minio.py took 0.105 seconds
[2026-04-20T15:33:38.164+0000] {processor.py:161} INFO - Started process (PID=5260) to work on /opt/airflow/dags/orderbook_to_parquet_minio.py
[2026-04-20T15:33:38.165+0000] {processor.py:830} INFO - Processing file /opt/airflow/dags/orderbook_to_parquet_minio.py for tasks to queue
[2026-04-20T15:33:38.168+0000] {logging_mixin.py:188} INFO - [2026-04-20T15:33:38.168+0000] {dagbag.py:545} INFO - Filling up the DagBag from /opt/airflow/dags/orderbook_to_parquet_minio.py
[2026-04-20T15:33:38.230+0000] {processor.py:840} INFO - DAG(s) 'orderbook_backto_minio_parquet' retrieved from /opt/airflow/dags/orderbook_to_parquet_minio.py
[2026-04-20T15:33:38.255+0000] {logging_mixin.py:188} INFO - [2026-04-20T15:33:38.254+0000] {dag.py:3089} INFO - Sync 1 DAGs
[2026-04-20T15:33:38.287+0000] {logging_mixin.py:188} INFO - [2026-04-20T15:33:38.286+0000] {dag.py:3947} INFO - Setting next_dagrun for orderbook_backto_minio_parquet to 2026-04-19 02:00:00+00:00, run_after=2026-04-20 02:00:00+00:00
[2026-04-20T15:33:38.313+0000] {processor.py:183} INFO - Processing /opt/airflow/dags/orderbook_to_parquet_minio.py took 0.156 seconds
[2026-04-20T15:34:09.315+0000] {processor.py:161} INFO - Started process (PID=5285) to work on /opt/airflow/dags/orderbook_to_parquet_minio.py
[2026-04-20T15:34:09.316+0000] {processor.py:830} INFO - Processing file /opt/airflow/dags/orderbook_to_parquet_minio.py for tasks to queue
[2026-04-20T15:34:09.318+0000] {logging_mixin.py:188} INFO - [2026-04-20T15:34:09.318+0000] {dagbag.py:545} INFO - Filling up the DagBag from /opt/airflow/dags/orderbook_to_parquet_minio.py
[2026-04-20T15:34:09.355+0000] {processor.py:840} INFO - DAG(s) 'orderbook_backto_minio_parquet' retrieved from /opt/airflow/dags/orderbook_to_parquet_minio.py
[2026-04-20T15:34:09.369+0000] {logging_mixin.py:188} INFO - [2026-04-20T15:34:09.369+0000] {dag.py:3089} INFO - Sync 1 DAGs
[2026-04-20T15:34:09.389+0000] {logging_mixin.py:188} INFO - [2026-04-20T15:34:09.388+0000] {dag.py:3947} INFO - Setting next_dagrun for orderbook_backto_minio_parquet to 2026-04-19 02:00:00+00:00, run_after=2026-04-20 02:00:00+00:00
[2026-04-20T15:34:09.406+0000] {processor.py:183} INFO - Processing /opt/airflow/dags/orderbook_to_parquet_minio.py took 0.097 seconds
[2026-04-20T15:34:39.507+0000] {processor.py:161} INFO - Started process (PID=5310) to work on /opt/airflow/dags/orderbook_to_parquet_minio.py
[2026-04-20T15:34:39.508+0000] {processor.py:830} INFO - Processing file /opt/airflow/dags/orderbook_to_parquet_minio.py for tasks to queue
[2026-04-20T15:34:39.511+0000] {logging_mixin.py:188} INFO - [2026-04-20T15:34:39.510+0000] {dagbag.py:545} INFO - Filling up the DagBag from /opt/airflow/dags/orderbook_to_parquet_minio.py
[2026-04-20T15:34:39.544+0000] {processor.py:840} INFO - DAG(s) 'orderbook_backto_minio_parquet' retrieved from /opt/airflow/dags/orderbook_to_parquet_minio.py
[2026-04-20T15:34:39.558+0000] {logging_mixin.py:188} INFO - [2026-04-20T15:34:39.558+0000] {dag.py:3089} INFO - Sync 1 DAGs
[2026-04-20T15:34:39.580+0000] {logging_mixin.py:188} INFO - [2026-04-20T15:34:39.580+0000] {dag.py:3947} INFO - Setting next_dagrun for orderbook_backto_minio_parquet to 2026-04-19 02:00:00+00:00, run_after=2026-04-20 02:00:00+00:00
[2026-04-20T15:34:39.599+0000] {processor.py:183} INFO - Processing /opt/airflow/dags/orderbook_to_parquet_minio.py took 0.100 seconds
[2026-04-20T15:35:09.720+0000] {processor.py:161} INFO - Started process (PID=5335) to work on /opt/airflow/dags/orderbook_to_parquet_minio.py
[2026-04-20T15:35:09.722+0000] {processor.py:830} INFO - Processing file /opt/airflow/dags/orderbook_to_parquet_minio.py for tasks to queue
[2026-04-20T15:35:09.724+0000] {logging_mixin.py:188} INFO - [2026-04-20T15:35:09.724+0000] {dagbag.py:545} INFO - Filling up the DagBag from /opt/airflow/dags/orderbook_to_parquet_minio.py
[2026-04-20T15:35:09.776+0000] {processor.py:840} INFO - DAG(s) 'orderbook_backto_minio_parquet' retrieved from /opt/airflow/dags/orderbook_to_parquet_minio.py
[2026-04-20T15:35:09.800+0000] {logging_mixin.py:188} INFO - [2026-04-20T15:35:09.800+0000] {dag.py:3089} INFO - Sync 1 DAGs
[2026-04-20T15:35:09.830+0000] {logging_mixin.py:188} INFO - [2026-04-20T15:35:09.829+0000] {dag.py:3947} INFO - Setting next_dagrun for orderbook_backto_minio_parquet to 2026-04-19 02:00:00+00:00, run_after=2026-04-20 02:00:00+00:00
[2026-04-20T15:35:09.853+0000] {processor.py:183} INFO - Processing /opt/airflow/dags/orderbook_to_parquet_minio.py took 0.140 seconds
[2026-04-20T15:35:40.054+0000] {processor.py:161} INFO - Started process (PID=5360) to work on /opt/airflow/dags/orderbook_to_parquet_minio.py
[2026-04-20T15:35:40.055+0000] {processor.py:830} INFO - Processing file /opt/airflow/dags/orderbook_to_parquet_minio.py for tasks to queue
[2026-04-20T15:35:40.059+0000] {logging_mixin.py:188} INFO - [2026-04-20T15:35:40.058+0000] {dagbag.py:545} INFO - Filling up the DagBag from /opt/airflow/dags/orderbook_to_parquet_minio.py
[2026-04-20T15:35:40.102+0000] {processor.py:840} INFO - DAG(s) 'orderbook_backto_minio_parquet' retrieved from /opt/airflow/dags/orderbook_to_parquet_minio.py
[2026-04-20T15:35:40.119+0000] {logging_mixin.py:188} INFO - [2026-04-20T15:35:40.118+0000] {dag.py:3089} INFO - Sync 1 DAGs
[2026-04-20T15:35:40.141+0000] {logging_mixin.py:188} INFO - [2026-04-20T15:35:40.141+0000] {dag.py:3947} INFO - Setting next_dagrun for orderbook_backto_minio_parquet to 2026-04-19 02:00:00+00:00, run_after=2026-04-20 02:00:00+00:00
[2026-04-20T15:35:40.164+0000] {processor.py:183} INFO - Processing /opt/airflow/dags/orderbook_to_parquet_minio.py took 0.120 seconds
[2026-04-20T15:36:10.989+0000] {processor.py:161} INFO - Started process (PID=5385) to work on /opt/airflow/dags/orderbook_to_parquet_minio.py
[2026-04-20T15:36:10.990+0000] {processor.py:830} INFO - Processing file /opt/airflow/dags/orderbook_to_parquet_minio.py for tasks to queue
[2026-04-20T15:36:10.994+0000] {logging_mixin.py:188} INFO - [2026-04-20T15:36:10.993+0000] {dagbag.py:545} INFO - Filling up the DagBag from /opt/airflow/dags/orderbook_to_parquet_minio.py
[2026-04-20T15:36:11.043+0000] {processor.py:840} INFO - DAG(s) 'orderbook_backto_minio_parquet' retrieved from /opt/airflow/dags/orderbook_to_parquet_minio.py
[2026-04-20T15:36:11.064+0000] {logging_mixin.py:188} INFO - [2026-04-20T15:36:11.064+0000] {dag.py:3089} INFO - Sync 1 DAGs
[2026-04-20T15:36:11.094+0000] {logging_mixin.py:188} INFO - [2026-04-20T15:36:11.093+0000] {dag.py:3947} INFO - Setting next_dagrun for orderbook_backto_minio_parquet to 2026-04-19 02:00:00+00:00, run_after=2026-04-20 02:00:00+00:00
[2026-04-20T15:36:11.119+0000] {processor.py:183} INFO - Processing /opt/airflow/dags/orderbook_to_parquet_minio.py took 0.137 seconds
[2026-04-20T15:36:41.175+0000] {processor.py:161} INFO - Started process (PID=5409) to work on /opt/airflow/dags/orderbook_to_parquet_minio.py
[2026-04-20T15:36:41.176+0000] {processor.py:830} INFO - Processing file /opt/airflow/dags/orderbook_to_parquet_minio.py for tasks to queue
[2026-04-20T15:36:41.179+0000] {logging_mixin.py:188} INFO - [2026-04-20T15:36:41.178+0000] {dagbag.py:545} INFO - Filling up the DagBag from /opt/airflow/dags/orderbook_to_parquet_minio.py
[2026-04-20T15:36:41.207+0000] {processor.py:840} INFO - DAG(s) 'orderbook_backto_minio_parquet' retrieved from /opt/airflow/dags/orderbook_to_parquet_minio.py
[2026-04-20T15:36:41.222+0000] {logging_mixin.py:188} INFO - [2026-04-20T15:36:41.221+0000] {dag.py:3089} INFO - Sync 1 DAGs
[2026-04-20T15:36:41.242+0000] {logging_mixin.py:188} INFO - [2026-04-20T15:36:41.241+0000] {dag.py:3947} INFO - Setting next_dagrun for orderbook_backto_minio_parquet to 2026-04-19 02:00:00+00:00, run_after=2026-04-20 02:00:00+00:00
[2026-04-20T15:36:41.262+0000] {processor.py:183} INFO - Processing /opt/airflow/dags/orderbook_to_parquet_minio.py took 0.092 seconds
[2026-04-20T15:37:12.176+0000] {processor.py:161} INFO - Started process (PID=5435) to work on /opt/airflow/dags/orderbook_to_parquet_minio.py
[2026-04-20T15:37:12.177+0000] {processor.py:830} INFO - Processing file /opt/airflow/dags/orderbook_to_parquet_minio.py for tasks to queue
[2026-04-20T15:37:12.179+0000] {logging_mixin.py:188} INFO - [2026-04-20T15:37:12.178+0000] {dagbag.py:545} INFO - Filling up the DagBag from /opt/airflow/dags/orderbook_to_parquet_minio.py
[2026-04-20T15:37:12.210+0000] {processor.py:840} INFO - DAG(s) 'orderbook_backto_minio_parquet' retrieved from /opt/airflow/dags/orderbook_to_parquet_minio.py
[2026-04-20T15:37:12.225+0000] {logging_mixin.py:188} INFO - [2026-04-20T15:37:12.225+0000] {dag.py:3089} INFO - Sync 1 DAGs
[2026-04-20T15:37:12.245+0000] {logging_mixin.py:188} INFO - [2026-04-20T15:37:12.245+0000] {dag.py:3947} INFO - Setting next_dagrun for orderbook_backto_minio_parquet to 2026-04-19 02:00:00+00:00, run_after=2026-04-20 02:00:00+00:00
[2026-04-20T15:37:12.263+0000] {processor.py:183} INFO - Processing /opt/airflow/dags/orderbook_to_parquet_minio.py took 0.092 seconds
[2026-04-20T15:37:42.878+0000] {processor.py:161} INFO - Started process (PID=5460) to work on /opt/airflow/dags/orderbook_to_parquet_minio.py
[2026-04-20T15:37:42.879+0000] {processor.py:830} INFO - Processing file /opt/airflow/dags/orderbook_to_parquet_minio.py for tasks to queue
[2026-04-20T15:37:42.881+0000] {logging_mixin.py:188} INFO - [2026-04-20T15:37:42.881+0000] {dagbag.py:545} INFO - Filling up the DagBag from /opt/airflow/dags/orderbook_to_parquet_minio.py
[2026-04-20T15:37:42.912+0000] {processor.py:840} INFO - DAG(s) 'orderbook_backto_minio_parquet' retrieved from /opt/airflow/dags/orderbook_to_parquet_minio.py
[2026-04-20T15:37:42.925+0000] {logging_mixin.py:188} INFO - [2026-04-20T15:37:42.925+0000] {dag.py:3089} INFO - Sync 1 DAGs
[2026-04-20T15:37:42.945+0000] {logging_mixin.py:188} INFO - [2026-04-20T15:37:42.945+0000] {dag.py:3947} INFO - Setting next_dagrun for orderbook_backto_minio_parquet to 2026-04-19 02:00:00+00:00, run_after=2026-04-20 02:00:00+00:00
[2026-04-20T15:37:42.962+0000] {processor.py:183} INFO - Processing /opt/airflow/dags/orderbook_to_parquet_minio.py took 0.088 seconds
[2026-04-20T15:38:13.358+0000] {processor.py:161} INFO - Started process (PID=5485) to work on /opt/airflow/dags/orderbook_to_parquet_minio.py
[2026-04-20T15:38:13.359+0000] {processor.py:830} INFO - Processing file /opt/airflow/dags/orderbook_to_parquet_minio.py for tasks to queue
[2026-04-20T15:38:13.361+0000] {logging_mixin.py:188} INFO - [2026-04-20T15:38:13.361+0000] {dagbag.py:545} INFO - Filling up the DagBag from /opt/airflow/dags/orderbook_to_parquet_minio.py
[2026-04-20T15:38:13.393+0000] {processor.py:840} INFO - DAG(s) 'orderbook_backto_minio_parquet' retrieved from /opt/airflow/dags/orderbook_to_parquet_minio.py
[2026-04-20T15:38:13.408+0000] {logging_mixin.py:188} INFO - [2026-04-20T15:38:13.407+0000] {dag.py:3089} INFO - Sync 1 DAGs
[2026-04-20T15:38:13.432+0000] {logging_mixin.py:188} INFO - [2026-04-20T15:38:13.432+0000] {dag.py:3947} INFO - Setting next_dagrun for orderbook_backto_minio_parquet to 2026-04-19 02:00:00+00:00, run_after=2026-04-20 02:00:00+00:00
[2026-04-20T15:38:13.454+0000] {processor.py:183} INFO - Processing /opt/airflow/dags/orderbook_to_parquet_minio.py took 0.104 seconds
[2026-04-20T15:38:43.562+0000] {processor.py:161} INFO - Started process (PID=5510) to work on /opt/airflow/dags/orderbook_to_parquet_minio.py
[2026-04-20T15:38:43.563+0000] {processor.py:830} INFO - Processing file /opt/airflow/dags/orderbook_to_parquet_minio.py for tasks to queue
[2026-04-20T15:38:43.565+0000] {logging_mixin.py:188} INFO - [2026-04-20T15:38:43.565+0000] {dagbag.py:545} INFO - Filling up the DagBag from /opt/airflow/dags/orderbook_to_parquet_minio.py
[2026-04-20T15:38:43.599+0000] {processor.py:840} INFO - DAG(s) 'orderbook_backto_minio_parquet' retrieved from /opt/airflow/dags/orderbook_to_parquet_minio.py
[2026-04-20T15:38:43.614+0000] {logging_mixin.py:188} INFO - [2026-04-20T15:38:43.614+0000] {dag.py:3089} INFO - Sync 1 DAGs
[2026-04-20T15:38:43.638+0000] {logging_mixin.py:188} INFO - [2026-04-20T15:38:43.637+0000] {dag.py:3947} INFO - Setting next_dagrun for orderbook_backto_minio_parquet to 2026-04-19 02:00:00+00:00, run_after=2026-04-20 02:00:00+00:00
[2026-04-20T15:38:43.659+0000] {processor.py:183} INFO - Processing /opt/airflow/dags/orderbook_to_parquet_minio.py took 0.103 seconds
[2026-04-20T15:39:14.498+0000] {processor.py:161} INFO - Started process (PID=5535) to work on /opt/airflow/dags/orderbook_to_parquet_minio.py
[2026-04-20T15:39:14.498+0000] {processor.py:830} INFO - Processing file /opt/airflow/dags/orderbook_to_parquet_minio.py for tasks to queue
[2026-04-20T15:39:14.500+0000] {logging_mixin.py:188} INFO - [2026-04-20T15:39:14.500+0000] {dagbag.py:545} INFO - Filling up the DagBag from /opt/airflow/dags/orderbook_to_parquet_minio.py
[2026-04-20T15:39:14.532+0000] {processor.py:840} INFO - DAG(s) 'orderbook_backto_minio_parquet' retrieved from /opt/airflow/dags/orderbook_to_parquet_minio.py
[2026-04-20T15:39:14.546+0000] {logging_mixin.py:188} INFO - [2026-04-20T15:39:14.545+0000] {dag.py:3089} INFO - Sync 1 DAGs
[2026-04-20T15:39:14.565+0000] {logging_mixin.py:188} INFO - [2026-04-20T15:39:14.565+0000] {dag.py:3947} INFO - Setting next_dagrun for orderbook_backto_minio_parquet to 2026-04-19 02:00:00+00:00, run_after=2026-04-20 02:00:00+00:00
[2026-04-20T15:39:14.583+0000] {processor.py:183} INFO - Processing /opt/airflow/dags/orderbook_to_parquet_minio.py took 0.091 seconds
[2026-04-20T15:39:44.964+0000] {processor.py:161} INFO - Started process (PID=5560) to work on /opt/airflow/dags/orderbook_to_parquet_minio.py
[2026-04-20T15:39:44.965+0000] {processor.py:830} INFO - Processing file /opt/airflow/dags/orderbook_to_parquet_minio.py for tasks to queue
[2026-04-20T15:39:44.967+0000] {logging_mixin.py:188} INFO - [2026-04-20T15:39:44.967+0000] {dagbag.py:545} INFO - Filling up the DagBag from /opt/airflow/dags/orderbook_to_parquet_minio.py
[2026-04-20T15:39:44.999+0000] {processor.py:840} INFO - DAG(s) 'orderbook_backto_minio_parquet' retrieved from /opt/airflow/dags/orderbook_to_parquet_minio.py
[2026-04-20T15:39:45.013+0000] {logging_mixin.py:188} INFO - [2026-04-20T15:39:45.013+0000] {dag.py:3089} INFO - Sync 1 DAGs
[2026-04-20T15:39:45.034+0000] {logging_mixin.py:188} INFO - [2026-04-20T15:39:45.034+0000] {dag.py:3947} INFO - Setting next_dagrun for orderbook_backto_minio_parquet to 2026-04-19 02:00:00+00:00, run_after=2026-04-20 02:00:00+00:00
[2026-04-20T15:39:45.051+0000] {processor.py:183} INFO - Processing /opt/airflow/dags/orderbook_to_parquet_minio.py took 0.092 seconds
[2026-04-20T15:40:15.509+0000] {processor.py:161} INFO - Started process (PID=5585) to work on /opt/airflow/dags/orderbook_to_parquet_minio.py
[2026-04-20T15:40:15.510+0000] {processor.py:830} INFO - Processing file /opt/airflow/dags/orderbook_to_parquet_minio.py for tasks to queue
[2026-04-20T15:40:15.512+0000] {logging_mixin.py:188} INFO - [2026-04-20T15:40:15.512+0000] {dagbag.py:545} INFO - Filling up the DagBag from /opt/airflow/dags/orderbook_to_parquet_minio.py
[2026-04-20T15:40:15.543+0000] {processor.py:840} INFO - DAG(s) 'orderbook_backto_minio_parquet' retrieved from /opt/airflow/dags/orderbook_to_parquet_minio.py
[2026-04-20T15:40:15.557+0000] {logging_mixin.py:188} INFO - [2026-04-20T15:40:15.557+0000] {dag.py:3089} INFO - Sync 1 DAGs
[2026-04-20T15:40:15.577+0000] {logging_mixin.py:188} INFO - [2026-04-20T15:40:15.577+0000] {dag.py:3947} INFO - Setting next_dagrun for orderbook_backto_minio_parquet to 2026-04-19 02:00:00+00:00, run_after=2026-04-20 02:00:00+00:00
[2026-04-20T15:40:15.594+0000] {processor.py:183} INFO - Processing /opt/airflow/dags/orderbook_to_parquet_minio.py took 0.090 seconds
[2026-04-20T15:40:46.128+0000] {processor.py:161} INFO - Started process (PID=5610) to work on /opt/airflow/dags/orderbook_to_parquet_minio.py
[2026-04-20T15:40:46.129+0000] {processor.py:830} INFO - Processing file /opt/airflow/dags/orderbook_to_parquet_minio.py for tasks to queue
[2026-04-20T15:40:46.131+0000] {logging_mixin.py:188} INFO - [2026-04-20T15:40:46.131+0000] {dagbag.py:545} INFO - Filling up the DagBag from /opt/airflow/dags/orderbook_to_parquet_minio.py
[2026-04-20T15:40:46.162+0000] {processor.py:840} INFO - DAG(s) 'orderbook_backto_minio_parquet' retrieved from /opt/airflow/dags/orderbook_to_parquet_minio.py
[2026-04-20T15:40:46.175+0000] {logging_mixin.py:188} INFO - [2026-04-20T15:40:46.175+0000] {dag.py:3089} INFO - Sync 1 DAGs
[2026-04-20T15:40:46.198+0000] {logging_mixin.py:188} INFO - [2026-04-20T15:40:46.197+0000] {dag.py:3947} INFO - Setting next_dagrun for orderbook_backto_minio_parquet to 2026-04-19 02:00:00+00:00, run_after=2026-04-20 02:00:00+00:00
[2026-04-20T15:40:46.217+0000] {processor.py:183} INFO - Processing /opt/airflow/dags/orderbook_to_parquet_minio.py took 0.094 seconds
[2026-04-20T15:41:16.793+0000] {processor.py:161} INFO - Started process (PID=5635) to work on /opt/airflow/dags/orderbook_to_parquet_minio.py
[2026-04-20T15:41:16.794+0000] {processor.py:830} INFO - Processing file /opt/airflow/dags/orderbook_to_parquet_minio.py for tasks to queue
[2026-04-20T15:41:16.796+0000] {logging_mixin.py:188} INFO - [2026-04-20T15:41:16.795+0000] {dagbag.py:545} INFO - Filling up the DagBag from /opt/airflow/dags/orderbook_to_parquet_minio.py
[2026-04-20T15:41:16.830+0000] {processor.py:840} INFO - DAG(s) 'orderbook_backto_minio_parquet' retrieved from /opt/airflow/dags/orderbook_to_parquet_minio.py
[2026-04-20T15:41:16.846+0000] {logging_mixin.py:188} INFO - [2026-04-20T15:41:16.846+0000] {dag.py:3089} INFO - Sync 1 DAGs
[2026-04-20T15:41:16.867+0000] {logging_mixin.py:188} INFO - [2026-04-20T15:41:16.866+0000] {dag.py:3947} INFO - Setting next_dagrun for orderbook_backto_minio_parquet to 2026-04-19 02:00:00+00:00, run_after=2026-04-20 02:00:00+00:00
[2026-04-20T15:41:16.887+0000] {processor.py:183} INFO - Processing /opt/airflow/dags/orderbook_to_parquet_minio.py took 0.100 seconds
[2026-04-20T15:41:47.434+0000] {processor.py:161} INFO - Started process (PID=5660) to work on /opt/airflow/dags/orderbook_to_parquet_minio.py
[2026-04-20T15:41:47.435+0000] {processor.py:830} INFO - Processing file /opt/airflow/dags/orderbook_to_parquet_minio.py for tasks to queue
[2026-04-20T15:41:47.438+0000] {logging_mixin.py:188} INFO - [2026-04-20T15:41:47.437+0000] {dagbag.py:545} INFO - Filling up the DagBag from /opt/airflow/dags/orderbook_to_parquet_minio.py
[2026-04-20T15:41:47.470+0000] {processor.py:840} INFO - DAG(s) 'orderbook_backto_minio_parquet' retrieved from /opt/airflow/dags/orderbook_to_parquet_minio.py
[2026-04-20T15:41:47.484+0000] {logging_mixin.py:188} INFO - [2026-04-20T15:41:47.484+0000] {dag.py:3089} INFO - Sync 1 DAGs
[2026-04-20T15:41:47.505+0000] {logging_mixin.py:188} INFO - [2026-04-20T15:41:47.504+0000] {dag.py:3947} INFO - Setting next_dagrun for orderbook_backto_minio_parquet to 2026-04-19 02:00:00+00:00, run_after=2026-04-20 02:00:00+00:00
[2026-04-20T15:41:47.528+0000] {processor.py:183} INFO - Processing /opt/airflow/dags/orderbook_to_parquet_minio.py took 0.099 seconds
[2026-04-20T15:42:18.092+0000] {processor.py:161} INFO - Started process (PID=5685) to work on /opt/airflow/dags/orderbook_to_parquet_minio.py
[2026-04-20T15:42:18.093+0000] {processor.py:830} INFO - Processing file /opt/airflow/dags/orderbook_to_parquet_minio.py for tasks to queue
[2026-04-20T15:42:18.095+0000] {logging_mixin.py:188} INFO - [2026-04-20T15:42:18.094+0000] {dagbag.py:545} INFO - Filling up the DagBag from /opt/airflow/dags/orderbook_to_parquet_minio.py
[2026-04-20T15:42:18.124+0000] {processor.py:840} INFO - DAG(s) 'orderbook_backto_minio_parquet' retrieved from /opt/airflow/dags/orderbook_to_parquet_minio.py
[2026-04-20T15:42:18.140+0000] {logging_mixin.py:188} INFO - [2026-04-20T15:42:18.139+0000] {dag.py:3089} INFO - Sync 1 DAGs
[2026-04-20T15:42:18.165+0000] {logging_mixin.py:188} INFO - [2026-04-20T15:42:18.165+0000] {dag.py:3947} INFO - Setting next_dagrun for orderbook_backto_minio_parquet to 2026-04-19 02:00:00+00:00, run_after=2026-04-20 02:00:00+00:00
[2026-04-20T15:42:18.182+0000] {processor.py:183} INFO - Processing /opt/airflow/dags/orderbook_to_parquet_minio.py took 0.095 seconds
[2026-04-20T15:42:48.919+0000] {processor.py:161} INFO - Started process (PID=5710) to work on /opt/airflow/dags/orderbook_to_parquet_minio.py
[2026-04-20T15:42:48.920+0000] {processor.py:830} INFO - Processing file /opt/airflow/dags/orderbook_to_parquet_minio.py for tasks to queue
[2026-04-20T15:42:48.923+0000] {logging_mixin.py:188} INFO - [2026-04-20T15:42:48.923+0000] {dagbag.py:545} INFO - Filling up the DagBag from /opt/airflow/dags/orderbook_to_parquet_minio.py
[2026-04-20T15:42:48.961+0000] {processor.py:840} INFO - DAG(s) 'orderbook_backto_minio_parquet' retrieved from /opt/airflow/dags/orderbook_to_parquet_minio.py
[2026-04-20T15:42:48.980+0000] {logging_mixin.py:188} INFO - [2026-04-20T15:42:48.979+0000] {dag.py:3089} INFO - Sync 1 DAGs
[2026-04-20T15:42:49.001+0000] {logging_mixin.py:188} INFO - [2026-04-20T15:42:49.001+0000] {dag.py:3947} INFO - Setting next_dagrun for orderbook_backto_minio_parquet to 2026-04-19 02:00:00+00:00, run_after=2026-04-20 02:00:00+00:00
[2026-04-20T15:42:49.021+0000] {processor.py:183} INFO - Processing /opt/airflow/dags/orderbook_to_parquet_minio.py took 0.110 seconds
[2026-04-20T15:43:19.413+0000] {processor.py:161} INFO - Started process (PID=5735) to work on /opt/airflow/dags/orderbook_to_parquet_minio.py
[2026-04-20T15:43:19.414+0000] {processor.py:830} INFO - Processing file /opt/airflow/dags/orderbook_to_parquet_minio.py for tasks to queue
[2026-04-20T15:43:19.416+0000] {logging_mixin.py:188} INFO - [2026-04-20T15:43:19.416+0000] {dagbag.py:545} INFO - Filling up the DagBag from /opt/airflow/dags/orderbook_to_parquet_minio.py
[2026-04-20T15:43:19.451+0000] {processor.py:840} INFO - DAG(s) 'orderbook_backto_minio_parquet' retrieved from /opt/airflow/dags/orderbook_to_parquet_minio.py
[2026-04-20T15:43:19.473+0000] {logging_mixin.py:188} INFO - [2026-04-20T15:43:19.472+0000] {dag.py:3089} INFO - Sync 1 DAGs
[2026-04-20T15:43:19.501+0000] {logging_mixin.py:188} INFO - [2026-04-20T15:43:19.500+0000] {dag.py:3947} INFO - Setting next_dagrun for orderbook_backto_minio_parquet to 2026-04-19 02:00:00+00:00, run_after=2026-04-20 02:00:00+00:00
[2026-04-20T15:43:19.525+0000] {processor.py:183} INFO - Processing /opt/airflow/dags/orderbook_to_parquet_minio.py took 0.117 seconds
[2026-04-20T15:43:50.435+0000] {processor.py:161} INFO - Started process (PID=5760) to work on /opt/airflow/dags/orderbook_to_parquet_minio.py
[2026-04-20T15:43:50.436+0000] {processor.py:830} INFO - Processing file /opt/airflow/dags/orderbook_to_parquet_minio.py for tasks to queue
[2026-04-20T15:43:50.438+0000] {logging_mixin.py:188} INFO - [2026-04-20T15:43:50.438+0000] {dagbag.py:545} INFO - Filling up the DagBag from /opt/airflow/dags/orderbook_to_parquet_minio.py
[2026-04-20T15:43:50.467+0000] {processor.py:840} INFO - DAG(s) 'orderbook_backto_minio_parquet' retrieved from /opt/airflow/dags/orderbook_to_parquet_minio.py
[2026-04-20T15:43:50.484+0000] {logging_mixin.py:188} INFO - [2026-04-20T15:43:50.483+0000] {dag.py:3089} INFO - Sync 1 DAGs
[2026-04-20T15:43:50.503+0000] {logging_mixin.py:188} INFO - [2026-04-20T15:43:50.503+0000] {dag.py:3947} INFO - Setting next_dagrun for orderbook_backto_minio_parquet to 2026-04-19 02:00:00+00:00, run_after=2026-04-20 02:00:00+00:00
[2026-04-20T15:43:50.521+0000] {processor.py:183} INFO - Processing /opt/airflow/dags/orderbook_to_parquet_minio.py took 0.091 seconds
[2026-04-20T15:44:21.033+0000] {processor.py:161} INFO - Started process (PID=5785) to work on /opt/airflow/dags/orderbook_to_parquet_minio.py
[2026-04-20T15:44:21.034+0000] {processor.py:830} INFO - Processing file /opt/airflow/dags/orderbook_to_parquet_minio.py for tasks to queue
[2026-04-20T15:44:21.038+0000] {logging_mixin.py:188} INFO - [2026-04-20T15:44:21.037+0000] {dagbag.py:545} INFO - Filling up the DagBag from /opt/airflow/dags/orderbook_to_parquet_minio.py
[2026-04-20T15:44:21.075+0000] {processor.py:840} INFO - DAG(s) 'orderbook_backto_minio_parquet' retrieved from /opt/airflow/dags/orderbook_to_parquet_minio.py
[2026-04-20T15:44:21.091+0000] {logging_mixin.py:188} INFO - [2026-04-20T15:44:21.091+0000] {dag.py:3089} INFO - Sync 1 DAGs
[2026-04-20T15:44:21.113+0000] {logging_mixin.py:188} INFO - [2026-04-20T15:44:21.113+0000] {dag.py:3947} INFO - Setting next_dagrun for orderbook_backto_minio_parquet to 2026-04-19 02:00:00+00:00, run_after=2026-04-20 02:00:00+00:00
[2026-04-20T15:44:21.134+0000] {processor.py:183} INFO - Processing /opt/airflow/dags/orderbook_to_parquet_minio.py took 0.108 seconds
[2026-04-20T15:44:51.632+0000] {processor.py:161} INFO - Started process (PID=5810) to work on /opt/airflow/dags/orderbook_to_parquet_minio.py
[2026-04-20T15:44:51.633+0000] {processor.py:830} INFO - Processing file /opt/airflow/dags/orderbook_to_parquet_minio.py for tasks to queue
[2026-04-20T15:44:51.636+0000] {logging_mixin.py:188} INFO - [2026-04-20T15:44:51.635+0000] {dagbag.py:545} INFO - Filling up the DagBag from /opt/airflow/dags/orderbook_to_parquet_minio.py
[2026-04-20T15:44:51.665+0000] {processor.py:840} INFO - DAG(s) 'orderbook_backto_minio_parquet' retrieved from /opt/airflow/dags/orderbook_to_parquet_minio.py
[2026-04-20T15:44:51.679+0000] {logging_mixin.py:188} INFO - [2026-04-20T15:44:51.679+0000] {dag.py:3089} INFO - Sync 1 DAGs
[2026-04-20T15:44:51.698+0000] {logging_mixin.py:188} INFO - [2026-04-20T15:44:51.698+0000] {dag.py:3947} INFO - Setting next_dagrun for orderbook_backto_minio_parquet to 2026-04-19 02:00:00+00:00, run_after=2026-04-20 02:00:00+00:00
[2026-04-20T15:44:51.718+0000] {processor.py:183} INFO - Processing /opt/airflow/dags/orderbook_to_parquet_minio.py took 0.091 seconds
[2026-04-20T15:45:22.107+0000] {processor.py:161} INFO - Started process (PID=5835) to work on /opt/airflow/dags/orderbook_to_parquet_minio.py
[2026-04-20T15:45:22.108+0000] {processor.py:830} INFO - Processing file /opt/airflow/dags/orderbook_to_parquet_minio.py for tasks to queue
[2026-04-20T15:45:22.110+0000] {logging_mixin.py:188} INFO - [2026-04-20T15:45:22.110+0000] {dagbag.py:545} INFO - Filling up the DagBag from /opt/airflow/dags/orderbook_to_parquet_minio.py
[2026-04-20T15:45:22.140+0000] {processor.py:840} INFO - DAG(s) 'orderbook_backto_minio_parquet' retrieved from /opt/airflow/dags/orderbook_to_parquet_minio.py
[2026-04-20T15:45:22.154+0000] {logging_mixin.py:188} INFO - [2026-04-20T15:45:22.153+0000] {dag.py:3089} INFO - Sync 1 DAGs
[2026-04-20T15:45:22.174+0000] {logging_mixin.py:188} INFO - [2026-04-20T15:45:22.174+0000] {dag.py:3947} INFO - Setting next_dagrun for orderbook_backto_minio_parquet to 2026-04-19 02:00:00+00:00, run_after=2026-04-20 02:00:00+00:00
[2026-04-20T15:45:22.189+0000] {processor.py:183} INFO - Processing /opt/airflow/dags/orderbook_to_parquet_minio.py took 0.089 seconds
[2026-04-20T15:45:52.651+0000] {processor.py:161} INFO - Started process (PID=5860) to work on /opt/airflow/dags/orderbook_to_parquet_minio.py
[2026-04-20T15:45:52.652+0000] {processor.py:830} INFO - Processing file /opt/airflow/dags/orderbook_to_parquet_minio.py for tasks to queue
[2026-04-20T15:45:52.654+0000] {logging_mixin.py:188} INFO - [2026-04-20T15:45:52.654+0000] {dagbag.py:545} INFO - Filling up the DagBag from /opt/airflow/dags/orderbook_to_parquet_minio.py
[2026-04-20T15:45:52.694+0000] {processor.py:840} INFO - DAG(s) 'orderbook_backto_minio_parquet' retrieved from /opt/airflow/dags/orderbook_to_parquet_minio.py
[2026-04-20T15:45:52.711+0000] {logging_mixin.py:188} INFO - [2026-04-20T15:45:52.711+0000] {dag.py:3089} INFO - Sync 1 DAGs
[2026-04-20T15:45:52.733+0000] {logging_mixin.py:188} INFO - [2026-04-20T15:45:52.733+0000] {dag.py:3947} INFO - Setting next_dagrun for orderbook_backto_minio_parquet to 2026-04-19 02:00:00+00:00, run_after=2026-04-20 02:00:00+00:00
[2026-04-20T15:45:52.753+0000] {processor.py:183} INFO - Processing /opt/airflow/dags/orderbook_to_parquet_minio.py took 0.108 seconds
[2026-04-20T15:46:23.128+0000] {processor.py:161} INFO - Started process (PID=5885) to work on /opt/airflow/dags/orderbook_to_parquet_minio.py
[2026-04-20T15:46:23.129+0000] {processor.py:830} INFO - Processing file /opt/airflow/dags/orderbook_to_parquet_minio.py for tasks to queue
[2026-04-20T15:46:23.131+0000] {logging_mixin.py:188} INFO - [2026-04-20T15:46:23.131+0000] {dagbag.py:545} INFO - Filling up the DagBag from /opt/airflow/dags/orderbook_to_parquet_minio.py
[2026-04-20T15:46:23.166+0000] {processor.py:840} INFO - DAG(s) 'orderbook_backto_minio_parquet' retrieved from /opt/airflow/dags/orderbook_to_parquet_minio.py
[2026-04-20T15:46:23.182+0000] {logging_mixin.py:188} INFO - [2026-04-20T15:46:23.182+0000] {dag.py:3089} INFO - Sync 1 DAGs
[2026-04-20T15:46:23.205+0000] {logging_mixin.py:188} INFO - [2026-04-20T15:46:23.205+0000] {dag.py:3947} INFO - Setting next_dagrun for orderbook_backto_minio_parquet to 2026-04-19 02:00:00+00:00, run_after=2026-04-20 02:00:00+00:00
[2026-04-20T15:46:23.231+0000] {processor.py:183} INFO - Processing /opt/airflow/dags/orderbook_to_parquet_minio.py took 0.109 seconds
[2026-04-20T15:46:53.779+0000] {processor.py:161} INFO - Started process (PID=5910) to work on /opt/airflow/dags/orderbook_to_parquet_minio.py
[2026-04-20T15:46:53.779+0000] {processor.py:830} INFO - Processing file /opt/airflow/dags/orderbook_to_parquet_minio.py for tasks to queue
[2026-04-20T15:46:53.781+0000] {logging_mixin.py:188} INFO - [2026-04-20T15:46:53.781+0000] {dagbag.py:545} INFO - Filling up the DagBag from /opt/airflow/dags/orderbook_to_parquet_minio.py
[2026-04-20T15:46:53.813+0000] {processor.py:840} INFO - DAG(s) 'orderbook_backto_minio_parquet' retrieved from /opt/airflow/dags/orderbook_to_parquet_minio.py
[2026-04-20T15:46:53.828+0000] {logging_mixin.py:188} INFO - [2026-04-20T15:46:53.828+0000] {dag.py:3089} INFO - Sync 1 DAGs
[2026-04-20T15:46:53.847+0000] {logging_mixin.py:188} INFO - [2026-04-20T15:46:53.846+0000] {dag.py:3947} INFO - Setting next_dagrun for orderbook_backto_minio_parquet to 2026-04-19 02:00:00+00:00, run_after=2026-04-20 02:00:00+00:00
[2026-04-20T15:46:53.866+0000] {processor.py:183} INFO - Processing /opt/airflow/dags/orderbook_to_parquet_minio.py took 0.093 seconds
[2026-04-20T15:47:24.301+0000] {processor.py:161} INFO - Started process (PID=5935) to work on /opt/airflow/dags/orderbook_to_parquet_minio.py
[2026-04-20T15:47:24.302+0000] {processor.py:830} INFO - Processing file /opt/airflow/dags/orderbook_to_parquet_minio.py for tasks to queue
[2026-04-20T15:47:24.304+0000] {logging_mixin.py:188} INFO - [2026-04-20T15:47:24.304+0000] {dagbag.py:545} INFO - Filling up the DagBag from /opt/airflow/dags/orderbook_to_parquet_minio.py
[2026-04-20T15:47:24.335+0000] {processor.py:840} INFO - DAG(s) 'orderbook_backto_minio_parquet' retrieved from /opt/airflow/dags/orderbook_to_parquet_minio.py
[2026-04-20T15:47:24.350+0000] {logging_mixin.py:188} INFO - [2026-04-20T15:47:24.350+0000] {dag.py:3089} INFO - Sync 1 DAGs
[2026-04-20T15:47:24.369+0000] {logging_mixin.py:188} INFO - [2026-04-20T15:47:24.369+0000] {dag.py:3947} INFO - Setting next_dagrun for orderbook_backto_minio_parquet to 2026-04-19 02:00:00+00:00, run_after=2026-04-20 02:00:00+00:00
[2026-04-20T15:47:24.388+0000] {processor.py:183} INFO - Processing /opt/airflow/dags/orderbook_to_parquet_minio.py took 0.092 seconds
[2026-04-20T15:47:55.090+0000] {processor.py:161} INFO - Started process (PID=5960) to work on /opt/airflow/dags/orderbook_to_parquet_minio.py
[2026-04-20T15:47:55.091+0000] {processor.py:830} INFO - Processing file /opt/airflow/dags/orderbook_to_parquet_minio.py for tasks to queue
[2026-04-20T15:47:55.093+0000] {logging_mixin.py:188} INFO - [2026-04-20T15:47:55.093+0000] {dagbag.py:545} INFO - Filling up the DagBag from /opt/airflow/dags/orderbook_to_parquet_minio.py
[2026-04-20T15:47:55.126+0000] {processor.py:840} INFO - DAG(s) 'orderbook_backto_minio_parquet' retrieved from /opt/airflow/dags/orderbook_to_parquet_minio.py
[2026-04-20T15:47:55.141+0000] {logging_mixin.py:188} INFO - [2026-04-20T15:47:55.141+0000] {dag.py:3089} INFO - Sync 1 DAGs
[2026-04-20T15:47:55.162+0000] {logging_mixin.py:188} INFO - [2026-04-20T15:47:55.162+0000] {dag.py:3947} INFO - Setting next_dagrun for orderbook_backto_minio_parquet to 2026-04-19 02:00:00+00:00, run_after=2026-04-20 02:00:00+00:00
[2026-04-20T15:47:55.181+0000] {processor.py:183} INFO - Processing /opt/airflow/dags/orderbook_to_parquet_minio.py took 0.096 seconds
[2026-04-20T15:48:26.053+0000] {processor.py:161} INFO - Started process (PID=5985) to work on /opt/airflow/dags/orderbook_to_parquet_minio.py
[2026-04-20T15:48:26.054+0000] {processor.py:830} INFO - Processing file /opt/airflow/dags/orderbook_to_parquet_minio.py for tasks to queue
[2026-04-20T15:48:26.056+0000] {logging_mixin.py:188} INFO - [2026-04-20T15:48:26.056+0000] {dagbag.py:545} INFO - Filling up the DagBag from /opt/airflow/dags/orderbook_to_parquet_minio.py
[2026-04-20T15:48:26.090+0000] {processor.py:840} INFO - DAG(s) 'orderbook_backto_minio_parquet' retrieved from /opt/airflow/dags/orderbook_to_parquet_minio.py
[2026-04-20T15:48:26.106+0000] {logging_mixin.py:188} INFO - [2026-04-20T15:48:26.106+0000] {dag.py:3089} INFO - Sync 1 DAGs
[2026-04-20T15:48:26.129+0000] {logging_mixin.py:188} INFO - [2026-04-20T15:48:26.129+0000] {dag.py:3947} INFO - Setting next_dagrun for orderbook_backto_minio_parquet to 2026-04-19 02:00:00+00:00, run_after=2026-04-20 02:00:00+00:00
[2026-04-20T15:48:26.149+0000] {processor.py:183} INFO - Processing /opt/airflow/dags/orderbook_to_parquet_minio.py took 0.101 seconds
[2026-04-20T15:48:57.080+0000] {processor.py:161} INFO - Started process (PID=6010) to work on /opt/airflow/dags/orderbook_to_parquet_minio.py
[2026-04-20T15:48:57.081+0000] {processor.py:830} INFO - Processing file /opt/airflow/dags/orderbook_to_parquet_minio.py for tasks to queue
[2026-04-20T15:48:57.083+0000] {logging_mixin.py:188} INFO - [2026-04-20T15:48:57.083+0000] {dagbag.py:545} INFO - Filling up the DagBag from /opt/airflow/dags/orderbook_to_parquet_minio.py
[2026-04-20T15:48:57.114+0000] {processor.py:840} INFO - DAG(s) 'orderbook_backto_minio_parquet' retrieved from /opt/airflow/dags/orderbook_to_parquet_minio.py
[2026-04-20T15:48:57.129+0000] {logging_mixin.py:188} INFO - [2026-04-20T15:48:57.128+0000] {dag.py:3089} INFO - Sync 1 DAGs
[2026-04-20T15:48:57.152+0000] {logging_mixin.py:188} INFO - [2026-04-20T15:48:57.152+0000] {dag.py:3947} INFO - Setting next_dagrun for orderbook_backto_minio_parquet to 2026-04-19 02:00:00+00:00, run_after=2026-04-20 02:00:00+00:00
[2026-04-20T15:48:57.171+0000] {processor.py:183} INFO - Processing /opt/airflow/dags/orderbook_to_parquet_minio.py took 0.097 seconds
[2026-04-20T15:49:27.705+0000] {processor.py:161} INFO - Started process (PID=6035) to work on /opt/airflow/dags/orderbook_to_parquet_minio.py
[2026-04-20T15:49:27.706+0000] {processor.py:830} INFO - Processing file /opt/airflow/dags/orderbook_to_parquet_minio.py for tasks to queue
[2026-04-20T15:49:27.708+0000] {logging_mixin.py:188} INFO - [2026-04-20T15:49:27.708+0000] {dagbag.py:545} INFO - Filling up the DagBag from /opt/airflow/dags/orderbook_to_parquet_minio.py
[2026-04-20T15:49:27.741+0000] {processor.py:840} INFO - DAG(s) 'orderbook_backto_minio_parquet' retrieved from /opt/airflow/dags/orderbook_to_parquet_minio.py
[2026-04-20T15:49:27.756+0000] {logging_mixin.py:188} INFO - [2026-04-20T15:49:27.756+0000] {dag.py:3089} INFO - Sync 1 DAGs
[2026-04-20T15:49:27.779+0000] {logging_mixin.py:188} INFO - [2026-04-20T15:49:27.779+0000] {dag.py:3947} INFO - Setting next_dagrun for orderbook_backto_minio_parquet to 2026-04-19 02:00:00+00:00, run_after=2026-04-20 02:00:00+00:00
[2026-04-20T15:49:27.799+0000] {processor.py:183} INFO - Processing /opt/airflow/dags/orderbook_to_parquet_minio.py took 0.100 seconds
[2026-04-20T15:49:59.047+0000] {processor.py:161} INFO - Started process (PID=6060) to work on /opt/airflow/dags/orderbook_to_parquet_minio.py
[2026-04-20T15:49:59.070+0000] {processor.py:830} INFO - Processing file /opt/airflow/dags/orderbook_to_parquet_minio.py for tasks to queue
[2026-04-20T15:49:59.085+0000] {logging_mixin.py:188} INFO - [2026-04-20T15:49:59.084+0000] {dagbag.py:545} INFO - Filling up the DagBag from /opt/airflow/dags/orderbook_to_parquet_minio.py
[2026-04-20T15:49:59.445+0000] {processor.py:840} INFO - DAG(s) 'orderbook_backto_minio_parquet' retrieved from /opt/airflow/dags/orderbook_to_parquet_minio.py
[2026-04-20T15:49:59.513+0000] {logging_mixin.py:188} INFO - [2026-04-20T15:49:59.513+0000] {dag.py:3089} INFO - Sync 1 DAGs
[2026-04-20T15:49:59.611+0000] {logging_mixin.py:188} INFO - [2026-04-20T15:49:59.611+0000] {dag.py:3947} INFO - Setting next_dagrun for orderbook_backto_minio_parquet to 2026-04-19 02:00:00+00:00, run_after=2026-04-20 02:00:00+00:00
[2026-04-20T15:49:59.717+0000] {processor.py:183} INFO - Processing /opt/airflow/dags/orderbook_to_parquet_minio.py took 0.680 seconds
[2026-04-20T15:50:30.548+0000] {processor.py:161} INFO - Started process (PID=6086) to work on /opt/airflow/dags/orderbook_to_parquet_minio.py
[2026-04-20T15:50:30.550+0000] {processor.py:830} INFO - Processing file /opt/airflow/dags/orderbook_to_parquet_minio.py for tasks to queue
[2026-04-20T15:50:30.553+0000] {logging_mixin.py:188} INFO - [2026-04-20T15:50:30.552+0000] {dagbag.py:545} INFO - Filling up the DagBag from /opt/airflow/dags/orderbook_to_parquet_minio.py
[2026-04-20T15:50:30.587+0000] {processor.py:840} INFO - DAG(s) 'orderbook_backto_minio_parquet' retrieved from /opt/airflow/dags/orderbook_to_parquet_minio.py
[2026-04-20T15:50:30.605+0000] {logging_mixin.py:188} INFO - [2026-04-20T15:50:30.604+0000] {dag.py:3089} INFO - Sync 1 DAGs
[2026-04-20T15:50:30.630+0000] {logging_mixin.py:188} INFO - [2026-04-20T15:50:30.629+0000] {dag.py:3947} INFO - Setting next_dagrun for orderbook_backto_minio_parquet to 2026-04-19 02:00:00+00:00, run_after=2026-04-20 02:00:00+00:00
[2026-04-20T15:50:30.651+0000] {processor.py:183} INFO - Processing /opt/airflow/dags/orderbook_to_parquet_minio.py took 0.109 seconds
[2026-04-20T15:51:00.744+0000] {processor.py:161} INFO - Started process (PID=6111) to work on /opt/airflow/dags/orderbook_to_parquet_minio.py
[2026-04-20T15:51:00.745+0000] {processor.py:830} INFO - Processing file /opt/airflow/dags/orderbook_to_parquet_minio.py for tasks to queue
[2026-04-20T15:51:00.747+0000] {logging_mixin.py:188} INFO - [2026-04-20T15:51:00.747+0000] {dagbag.py:545} INFO - Filling up the DagBag from /opt/airflow/dags/orderbook_to_parquet_minio.py
[2026-04-20T15:51:00.780+0000] {processor.py:840} INFO - DAG(s) 'orderbook_backto_minio_parquet' retrieved from /opt/airflow/dags/orderbook_to_parquet_minio.py
[2026-04-20T15:51:00.796+0000] {logging_mixin.py:188} INFO - [2026-04-20T15:51:00.796+0000] {dag.py:3089} INFO - Sync 1 DAGs
[2026-04-20T15:51:00.821+0000] {logging_mixin.py:188} INFO - [2026-04-20T15:51:00.820+0000] {dag.py:3947} INFO - Setting next_dagrun for orderbook_backto_minio_parquet to 2026-04-19 02:00:00+00:00, run_after=2026-04-20 02:00:00+00:00
[2026-04-20T15:51:00.843+0000] {processor.py:183} INFO - Processing /opt/airflow/dags/orderbook_to_parquet_minio.py took 0.106 seconds
[2026-04-20T15:51:30.979+0000] {processor.py:161} INFO - Started process (PID=6136) to work on /opt/airflow/dags/orderbook_to_parquet_minio.py
[2026-04-20T15:51:30.980+0000] {processor.py:830} INFO - Processing file /opt/airflow/dags/orderbook_to_parquet_minio.py for tasks to queue
[2026-04-20T15:51:30.982+0000] {logging_mixin.py:188} INFO - [2026-04-20T15:51:30.982+0000] {dagbag.py:545} INFO - Filling up the DagBag from /opt/airflow/dags/orderbook_to_parquet_minio.py
[2026-04-20T15:51:31.013+0000] {processor.py:840} INFO - DAG(s) 'orderbook_backto_minio_parquet' retrieved from /opt/airflow/dags/orderbook_to_parquet_minio.py
[2026-04-20T15:51:31.028+0000] {logging_mixin.py:188} INFO - [2026-04-20T15:51:31.028+0000] {dag.py:3089} INFO - Sync 1 DAGs
[2026-04-20T15:51:31.049+0000] {logging_mixin.py:188} INFO - [2026-04-20T15:51:31.049+0000] {dag.py:3947} INFO - Setting next_dagrun for orderbook_backto_minio_parquet to 2026-04-19 02:00:00+00:00, run_after=2026-04-20 02:00:00+00:00
[2026-04-20T15:51:31.069+0000] {processor.py:183} INFO - Processing /opt/airflow/dags/orderbook_to_parquet_minio.py took 0.095 seconds
[2026-04-20T15:52:01.626+0000] {processor.py:161} INFO - Started process (PID=6162) to work on /opt/airflow/dags/orderbook_to_parquet_minio.py
[2026-04-20T15:52:01.627+0000] {processor.py:830} INFO - Processing file /opt/airflow/dags/orderbook_to_parquet_minio.py for tasks to queue
[2026-04-20T15:52:01.629+0000] {logging_mixin.py:188} INFO - [2026-04-20T15:52:01.629+0000] {dagbag.py:545} INFO - Filling up the DagBag from /opt/airflow/dags/orderbook_to_parquet_minio.py
[2026-04-20T15:52:01.661+0000] {processor.py:840} INFO - DAG(s) 'orderbook_backto_minio_parquet' retrieved from /opt/airflow/dags/orderbook_to_parquet_minio.py
[2026-04-20T15:52:01.677+0000] {logging_mixin.py:188} INFO - [2026-04-20T15:52:01.676+0000] {dag.py:3089} INFO - Sync 1 DAGs
[2026-04-20T15:52:01.698+0000] {logging_mixin.py:188} INFO - [2026-04-20T15:52:01.698+0000] {dag.py:3947} INFO - Setting next_dagrun for orderbook_backto_minio_parquet to 2026-04-19 02:00:00+00:00, run_after=2026-04-20 02:00:00+00:00
[2026-04-20T15:52:01.722+0000] {processor.py:183} INFO - Processing /opt/airflow/dags/orderbook_to_parquet_minio.py took 0.102 seconds
[2026-04-20T15:52:31.891+0000] {processor.py:161} INFO - Started process (PID=6187) to work on /opt/airflow/dags/orderbook_to_parquet_minio.py
[2026-04-20T15:52:31.892+0000] {processor.py:830} INFO - Processing file /opt/airflow/dags/orderbook_to_parquet_minio.py for tasks to queue
[2026-04-20T15:52:31.894+0000] {logging_mixin.py:188} INFO - [2026-04-20T15:52:31.894+0000] {dagbag.py:545} INFO - Filling up the DagBag from /opt/airflow/dags/orderbook_to_parquet_minio.py
[2026-04-20T15:52:31.924+0000] {processor.py:840} INFO - DAG(s) 'orderbook_backto_minio_parquet' retrieved from /opt/airflow/dags/orderbook_to_parquet_minio.py
[2026-04-20T15:52:31.938+0000] {logging_mixin.py:188} INFO - [2026-04-20T15:52:31.938+0000] {dag.py:3089} INFO - Sync 1 DAGs
[2026-04-20T15:52:31.960+0000] {logging_mixin.py:188} INFO - [2026-04-20T15:52:31.960+0000] {dag.py:3947} INFO - Setting next_dagrun for orderbook_backto_minio_parquet to 2026-04-19 02:00:00+00:00, run_after=2026-04-20 02:00:00+00:00
[2026-04-20T15:52:31.977+0000] {processor.py:183} INFO - Processing /opt/airflow/dags/orderbook_to_parquet_minio.py took 0.092 seconds
[2026-04-20T15:53:02.467+0000] {processor.py:161} INFO - Started process (PID=6212) to work on /opt/airflow/dags/orderbook_to_parquet_minio.py
[2026-04-20T15:53:02.468+0000] {processor.py:830} INFO - Processing file /opt/airflow/dags/orderbook_to_parquet_minio.py for tasks to queue
[2026-04-20T15:53:02.470+0000] {logging_mixin.py:188} INFO - [2026-04-20T15:53:02.470+0000] {dagbag.py:545} INFO - Filling up the DagBag from /opt/airflow/dags/orderbook_to_parquet_minio.py
[2026-04-20T15:53:02.498+0000] {processor.py:840} INFO - DAG(s) 'orderbook_backto_minio_parquet' retrieved from /opt/airflow/dags/orderbook_to_parquet_minio.py
[2026-04-20T15:53:02.510+0000] {logging_mixin.py:188} INFO - [2026-04-20T15:53:02.510+0000] {dag.py:3089} INFO - Sync 1 DAGs
[2026-04-20T15:53:02.530+0000] {logging_mixin.py:188} INFO - [2026-04-20T15:53:02.530+0000] {dag.py:3947} INFO - Setting next_dagrun for orderbook_backto_minio_parquet to 2026-04-19 02:00:00+00:00, run_after=2026-04-20 02:00:00+00:00
[2026-04-20T15:53:02.548+0000] {processor.py:183} INFO - Processing /opt/airflow/dags/orderbook_to_parquet_minio.py took 0.087 seconds
[2026-04-20T15:53:32.974+0000] {processor.py:161} INFO - Started process (PID=6237) to work on /opt/airflow/dags/orderbook_to_parquet_minio.py
[2026-04-20T15:53:32.976+0000] {processor.py:830} INFO - Processing file /opt/airflow/dags/orderbook_to_parquet_minio.py for tasks to queue
[2026-04-20T15:53:32.980+0000] {logging_mixin.py:188} INFO - [2026-04-20T15:53:32.979+0000] {dagbag.py:545} INFO - Filling up the DagBag from /opt/airflow/dags/orderbook_to_parquet_minio.py
[2026-04-20T15:53:33.027+0000] {processor.py:840} INFO - DAG(s) 'orderbook_backto_minio_parquet' retrieved from /opt/airflow/dags/orderbook_to_parquet_minio.py
[2026-04-20T15:53:33.050+0000] {logging_mixin.py:188} INFO - [2026-04-20T15:53:33.049+0000] {dag.py:3089} INFO - Sync 1 DAGs
[2026-04-20T15:53:33.075+0000] {logging_mixin.py:188} INFO - [2026-04-20T15:53:33.074+0000] {dag.py:3947} INFO - Setting next_dagrun for orderbook_backto_minio_parquet to 2026-04-19 02:00:00+00:00, run_after=2026-04-20 02:00:00+00:00
[2026-04-20T15:53:33.097+0000] {processor.py:183} INFO - Processing /opt/airflow/dags/orderbook_to_parquet_minio.py took 0.132 seconds
[2026-04-20T15:54:03.321+0000] {processor.py:161} INFO - Started process (PID=6262) to work on /opt/airflow/dags/orderbook_to_parquet_minio.py
[2026-04-20T15:54:03.322+0000] {processor.py:830} INFO - Processing file /opt/airflow/dags/orderbook_to_parquet_minio.py for tasks to queue
[2026-04-20T15:54:03.325+0000] {logging_mixin.py:188} INFO - [2026-04-20T15:54:03.324+0000] {dagbag.py:545} INFO - Filling up the DagBag from /opt/airflow/dags/orderbook_to_parquet_minio.py
[2026-04-20T15:54:03.361+0000] {processor.py:840} INFO - DAG(s) 'orderbook_backto_minio_parquet' retrieved from /opt/airflow/dags/orderbook_to_parquet_minio.py
[2026-04-20T15:54:03.382+0000] {logging_mixin.py:188} INFO - [2026-04-20T15:54:03.382+0000] {dag.py:3089} INFO - Sync 1 DAGs
[2026-04-20T15:54:03.408+0000] {logging_mixin.py:188} INFO - [2026-04-20T15:54:03.408+0000] {dag.py:3947} INFO - Setting next_dagrun for orderbook_backto_minio_parquet to 2026-04-19 02:00:00+00:00, run_after=2026-04-20 02:00:00+00:00
[2026-04-20T15:54:03.434+0000] {processor.py:183} INFO - Processing /opt/airflow/dags/orderbook_to_parquet_minio.py took 0.120 seconds
[2026-04-20T15:54:33.482+0000] {processor.py:161} INFO - Started process (PID=6286) to work on /opt/airflow/dags/orderbook_to_parquet_minio.py
[2026-04-20T15:54:33.484+0000] {processor.py:830} INFO - Processing file /opt/airflow/dags/orderbook_to_parquet_minio.py for tasks to queue
[2026-04-20T15:54:33.486+0000] {logging_mixin.py:188} INFO - [2026-04-20T15:54:33.486+0000] {dagbag.py:545} INFO - Filling up the DagBag from /opt/airflow/dags/orderbook_to_parquet_minio.py
[2026-04-20T15:54:33.521+0000] {processor.py:840} INFO - DAG(s) 'orderbook_backto_minio_parquet' retrieved from /opt/airflow/dags/orderbook_to_parquet_minio.py
[2026-04-20T15:54:33.536+0000] {logging_mixin.py:188} INFO - [2026-04-20T15:54:33.536+0000] {dag.py:3089} INFO - Sync 1 DAGs
[2026-04-20T15:54:33.556+0000] {logging_mixin.py:188} INFO - [2026-04-20T15:54:33.556+0000] {dag.py:3947} INFO - Setting next_dagrun for orderbook_backto_minio_parquet to 2026-04-19 02:00:00+00:00, run_after=2026-04-20 02:00:00+00:00
[2026-04-20T15:54:33.577+0000] {processor.py:183} INFO - Processing /opt/airflow/dags/orderbook_to_parquet_minio.py took 0.101 seconds
[2026-04-20T15:55:03.804+0000] {processor.py:161} INFO - Started process (PID=6311) to work on /opt/airflow/dags/orderbook_to_parquet_minio.py
[2026-04-20T15:55:03.805+0000] {processor.py:830} INFO - Processing file /opt/airflow/dags/orderbook_to_parquet_minio.py for tasks to queue
[2026-04-20T15:55:03.808+0000] {logging_mixin.py:188} INFO - [2026-04-20T15:55:03.808+0000] {dagbag.py:545} INFO - Filling up the DagBag from /opt/airflow/dags/orderbook_to_parquet_minio.py
[2026-04-20T15:55:03.838+0000] {processor.py:840} INFO - DAG(s) 'orderbook_backto_minio_parquet' retrieved from /opt/airflow/dags/orderbook_to_parquet_minio.py
[2026-04-20T15:55:03.853+0000] {logging_mixin.py:188} INFO - [2026-04-20T15:55:03.853+0000] {dag.py:3089} INFO - Sync 1 DAGs
[2026-04-20T15:55:03.874+0000] {logging_mixin.py:188} INFO - [2026-04-20T15:55:03.873+0000] {dag.py:3947} INFO - Setting next_dagrun for orderbook_backto_minio_parquet to 2026-04-19 02:00:00+00:00, run_after=2026-04-20 02:00:00+00:00
[2026-04-20T15:55:03.892+0000] {processor.py:183} INFO - Processing /opt/airflow/dags/orderbook_to_parquet_minio.py took 0.094 seconds
[2026-04-20T15:55:34.080+0000] {processor.py:161} INFO - Started process (PID=6336) to work on /opt/airflow/dags/orderbook_to_parquet_minio.py
[2026-04-20T15:55:34.082+0000] {processor.py:830} INFO - Processing file /opt/airflow/dags/orderbook_to_parquet_minio.py for tasks to queue
[2026-04-20T15:55:34.085+0000] {logging_mixin.py:188} INFO - [2026-04-20T15:55:34.084+0000] {dagbag.py:545} INFO - Filling up the DagBag from /opt/airflow/dags/orderbook_to_parquet_minio.py
[2026-04-20T15:55:34.118+0000] {processor.py:840} INFO - DAG(s) 'orderbook_backto_minio_parquet' retrieved from /opt/airflow/dags/orderbook_to_parquet_minio.py
[2026-04-20T15:55:34.134+0000] {logging_mixin.py:188} INFO - [2026-04-20T15:55:34.134+0000] {dag.py:3089} INFO - Sync 1 DAGs
[2026-04-20T15:55:34.159+0000] {logging_mixin.py:188} INFO - [2026-04-20T15:55:34.159+0000] {dag.py:3947} INFO - Setting next_dagrun for orderbook_backto_minio_parquet to 2026-04-19 02:00:00+00:00, run_after=2026-04-20 02:00:00+00:00
[2026-04-20T15:55:34.184+0000] {processor.py:183} INFO - Processing /opt/airflow/dags/orderbook_to_parquet_minio.py took 0.109 seconds
[2026-04-20T15:56:05.139+0000] {processor.py:161} INFO - Started process (PID=6361) to work on /opt/airflow/dags/orderbook_to_parquet_minio.py
[2026-04-20T15:56:05.140+0000] {processor.py:830} INFO - Processing file /opt/airflow/dags/orderbook_to_parquet_minio.py for tasks to queue
[2026-04-20T15:56:05.142+0000] {logging_mixin.py:188} INFO - [2026-04-20T15:56:05.142+0000] {dagbag.py:545} INFO - Filling up the DagBag from /opt/airflow/dags/orderbook_to_parquet_minio.py
[2026-04-20T15:56:05.181+0000] {processor.py:840} INFO - DAG(s) 'orderbook_backto_minio_parquet' retrieved from /opt/airflow/dags/orderbook_to_parquet_minio.py
[2026-04-20T15:56:05.200+0000] {logging_mixin.py:188} INFO - [2026-04-20T15:56:05.199+0000] {dag.py:3089} INFO - Sync 1 DAGs
[2026-04-20T15:56:05.228+0000] {logging_mixin.py:188} INFO - [2026-04-20T15:56:05.227+0000] {dag.py:3947} INFO - Setting next_dagrun for orderbook_backto_minio_parquet to 2026-04-19 02:00:00+00:00, run_after=2026-04-20 02:00:00+00:00
[2026-04-20T15:56:05.250+0000] {processor.py:183} INFO - Processing /opt/airflow/dags/orderbook_to_parquet_minio.py took 0.117 seconds
[2026-04-20T15:56:36.049+0000] {processor.py:161} INFO - Started process (PID=6386) to work on /opt/airflow/dags/orderbook_to_parquet_minio.py
[2026-04-20T15:56:36.050+0000] {processor.py:830} INFO - Processing file /opt/airflow/dags/orderbook_to_parquet_minio.py for tasks to queue
[2026-04-20T15:56:36.052+0000] {logging_mixin.py:188} INFO - [2026-04-20T15:56:36.052+0000] {dagbag.py:545} INFO - Filling up the DagBag from /opt/airflow/dags/orderbook_to_parquet_minio.py
[2026-04-20T15:56:36.084+0000] {processor.py:840} INFO - DAG(s) 'orderbook_backto_minio_parquet' retrieved from /opt/airflow/dags/orderbook_to_parquet_minio.py
[2026-04-20T15:56:36.099+0000] {logging_mixin.py:188} INFO - [2026-04-20T15:56:36.099+0000] {dag.py:3089} INFO - Sync 1 DAGs
[2026-04-20T15:56:36.122+0000] {logging_mixin.py:188} INFO - [2026-04-20T15:56:36.121+0000] {dag.py:3947} INFO - Setting next_dagrun for orderbook_backto_minio_parquet to 2026-04-19 02:00:00+00:00, run_after=2026-04-20 02:00:00+00:00
[2026-04-20T15:56:36.138+0000] {processor.py:183} INFO - Processing /opt/airflow/dags/orderbook_to_parquet_minio.py took 0.095 seconds
[2026-04-20T15:57:06.796+0000] {processor.py:161} INFO - Started process (PID=6411) to work on /opt/airflow/dags/orderbook_to_parquet_minio.py
[2026-04-20T15:57:06.797+0000] {processor.py:830} INFO - Processing file /opt/airflow/dags/orderbook_to_parquet_minio.py for tasks to queue
[2026-04-20T15:57:06.802+0000] {logging_mixin.py:188} INFO - [2026-04-20T15:57:06.802+0000] {dagbag.py:545} INFO - Filling up the DagBag from /opt/airflow/dags/orderbook_to_parquet_minio.py
[2026-04-20T15:57:06.843+0000] {processor.py:840} INFO - DAG(s) 'orderbook_backto_minio_parquet' retrieved from /opt/airflow/dags/orderbook_to_parquet_minio.py
[2026-04-20T15:57:06.861+0000] {logging_mixin.py:188} INFO - [2026-04-20T15:57:06.861+0000] {dag.py:3089} INFO - Sync 1 DAGs
[2026-04-20T15:57:06.888+0000] {logging_mixin.py:188} INFO - [2026-04-20T15:57:06.887+0000] {dag.py:3947} INFO - Setting next_dagrun for orderbook_backto_minio_parquet to 2026-04-19 02:00:00+00:00, run_after=2026-04-20 02:00:00+00:00
[2026-04-20T15:57:06.917+0000] {processor.py:183} INFO - Processing /opt/airflow/dags/orderbook_to_parquet_minio.py took 0.139 seconds
[2026-04-20T15:57:37.587+0000] {processor.py:161} INFO - Started process (PID=6436) to work on /opt/airflow/dags/orderbook_to_parquet_minio.py
[2026-04-20T15:57:37.589+0000] {processor.py:830} INFO - Processing file /opt/airflow/dags/orderbook_to_parquet_minio.py for tasks to queue
[2026-04-20T15:57:37.593+0000] {logging_mixin.py:188} INFO - [2026-04-20T15:57:37.592+0000] {dagbag.py:545} INFO - Filling up the DagBag from /opt/airflow/dags/orderbook_to_parquet_minio.py
[2026-04-20T15:57:37.644+0000] {processor.py:840} INFO - DAG(s) 'orderbook_backto_minio_parquet' retrieved from /opt/airflow/dags/orderbook_to_parquet_minio.py
[2026-04-20T15:57:37.661+0000] {logging_mixin.py:188} INFO - [2026-04-20T15:57:37.661+0000] {dag.py:3089} INFO - Sync 1 DAGs
[2026-04-20T15:57:37.690+0000] {logging_mixin.py:188} INFO - [2026-04-20T15:57:37.690+0000] {dag.py:3947} INFO - Setting next_dagrun for orderbook_backto_minio_parquet to 2026-04-19 02:00:00+00:00, run_after=2026-04-20 02:00:00+00:00
[2026-04-20T15:57:37.725+0000] {processor.py:183} INFO - Processing /opt/airflow/dags/orderbook_to_parquet_minio.py took 0.149 seconds
[2026-04-20T15:58:08.443+0000] {processor.py:161} INFO - Started process (PID=6467) to work on /opt/airflow/dags/orderbook_to_parquet_minio.py
[2026-04-20T15:58:08.444+0000] {processor.py:830} INFO - Processing file /opt/airflow/dags/orderbook_to_parquet_minio.py for tasks to queue
[2026-04-20T15:58:08.446+0000] {logging_mixin.py:188} INFO - [2026-04-20T15:58:08.446+0000] {dagbag.py:545} INFO - Filling up the DagBag from /opt/airflow/dags/orderbook_to_parquet_minio.py
[2026-04-20T15:58:08.477+0000] {processor.py:840} INFO - DAG(s) 'orderbook_backto_minio_parquet' retrieved from /opt/airflow/dags/orderbook_to_parquet_minio.py
[2026-04-20T15:58:08.491+0000] {logging_mixin.py:188} INFO - [2026-04-20T15:58:08.490+0000] {dag.py:3089} INFO - Sync 1 DAGs
[2026-04-20T15:58:08.513+0000] {logging_mixin.py:188} INFO - [2026-04-20T15:58:08.512+0000] {dag.py:3947} INFO - Setting next_dagrun for orderbook_backto_minio_parquet to 2026-04-19 02:00:00+00:00, run_after=2026-04-20 02:00:00+00:00
[2026-04-20T15:58:08.528+0000] {processor.py:183} INFO - Processing /opt/airflow/dags/orderbook_to_parquet_minio.py took 0.090 seconds
[2026-04-20T15:58:38.758+0000] {processor.py:161} INFO - Started process (PID=6492) to work on /opt/airflow/dags/orderbook_to_parquet_minio.py
[2026-04-20T15:58:38.759+0000] {processor.py:830} INFO - Processing file /opt/airflow/dags/orderbook_to_parquet_minio.py for tasks to queue
[2026-04-20T15:58:38.761+0000] {logging_mixin.py:188} INFO - [2026-04-20T15:58:38.761+0000] {dagbag.py:545} INFO - Filling up the DagBag from /opt/airflow/dags/orderbook_to_parquet_minio.py
[2026-04-20T15:58:38.801+0000] {processor.py:840} INFO - DAG(s) 'orderbook_backto_minio_parquet' retrieved from /opt/airflow/dags/orderbook_to_parquet_minio.py
[2026-04-20T15:58:38.818+0000] {logging_mixin.py:188} INFO - [2026-04-20T15:58:38.818+0000] {dag.py:3089} INFO - Sync 1 DAGs
[2026-04-20T15:58:38.844+0000] {logging_mixin.py:188} INFO - [2026-04-20T15:58:38.844+0000] {dag.py:3947} INFO - Setting next_dagrun for orderbook_backto_minio_parquet to 2026-04-19 02:00:00+00:00, run_after=2026-04-20 02:00:00+00:00
[2026-04-20T15:58:38.866+0000] {processor.py:183} INFO - Processing /opt/airflow/dags/orderbook_to_parquet_minio.py took 0.115 seconds
[2026-04-20T15:59:09.413+0000] {processor.py:161} INFO - Started process (PID=6517) to work on /opt/airflow/dags/orderbook_to_parquet_minio.py
[2026-04-20T15:59:09.414+0000] {processor.py:830} INFO - Processing file /opt/airflow/dags/orderbook_to_parquet_minio.py for tasks to queue
[2026-04-20T15:59:09.416+0000] {logging_mixin.py:188} INFO - [2026-04-20T15:59:09.416+0000] {dagbag.py:545} INFO - Filling up the DagBag from /opt/airflow/dags/orderbook_to_parquet_minio.py
[2026-04-20T15:59:09.455+0000] {processor.py:840} INFO - DAG(s) 'orderbook_backto_minio_parquet' retrieved from /opt/airflow/dags/orderbook_to_parquet_minio.py
[2026-04-20T15:59:09.471+0000] {logging_mixin.py:188} INFO - [2026-04-20T15:59:09.471+0000] {dag.py:3089} INFO - Sync 1 DAGs
[2026-04-20T15:59:09.498+0000] {logging_mixin.py:188} INFO - [2026-04-20T15:59:09.497+0000] {dag.py:3947} INFO - Setting next_dagrun for orderbook_backto_minio_parquet to 2026-04-19 02:00:00+00:00, run_after=2026-04-20 02:00:00+00:00
[2026-04-20T15:59:09.526+0000] {processor.py:183} INFO - Processing /opt/airflow/dags/orderbook_to_parquet_minio.py took 0.119 seconds
[2026-04-20T15:59:40.302+0000] {processor.py:161} INFO - Started process (PID=6542) to work on /opt/airflow/dags/orderbook_to_parquet_minio.py
[2026-04-20T15:59:40.303+0000] {processor.py:830} INFO - Processing file /opt/airflow/dags/orderbook_to_parquet_minio.py for tasks to queue
[2026-04-20T15:59:40.305+0000] {logging_mixin.py:188} INFO - [2026-04-20T15:59:40.304+0000] {dagbag.py:545} INFO - Filling up the DagBag from /opt/airflow/dags/orderbook_to_parquet_minio.py
[2026-04-20T15:59:40.341+0000] {processor.py:840} INFO - DAG(s) 'orderbook_backto_minio_parquet' retrieved from /opt/airflow/dags/orderbook_to_parquet_minio.py
[2026-04-20T15:59:40.360+0000] {logging_mixin.py:188} INFO - [2026-04-20T15:59:40.359+0000] {dag.py:3089} INFO - Sync 1 DAGs
[2026-04-20T15:59:40.386+0000] {logging_mixin.py:188} INFO - [2026-04-20T15:59:40.385+0000] {dag.py:3947} INFO - Setting next_dagrun for orderbook_backto_minio_parquet to 2026-04-19 02:00:00+00:00, run_after=2026-04-20 02:00:00+00:00
[2026-04-20T15:59:40.410+0000] {processor.py:183} INFO - Processing /opt/airflow/dags/orderbook_to_parquet_minio.py took 0.113 seconds
[2026-04-20T16:00:12.835+0000] {processor.py:161} INFO - Started process (PID=6597) to work on /opt/airflow/dags/orderbook_to_parquet_minio.py
[2026-04-20T16:00:12.854+0000] {processor.py:830} INFO - Processing file /opt/airflow/dags/orderbook_to_parquet_minio.py for tasks to queue
[2026-04-20T16:00:12.898+0000] {logging_mixin.py:188} INFO - [2026-04-20T16:00:12.896+0000] {dagbag.py:545} INFO - Filling up the DagBag from /opt/airflow/dags/orderbook_to_parquet_minio.py
[2026-04-20T16:00:13.086+0000] {processor.py:840} INFO - DAG(s) 'orderbook_backto_minio_parquet' retrieved from /opt/airflow/dags/orderbook_to_parquet_minio.py
[2026-04-20T16:00:13.174+0000] {logging_mixin.py:188} INFO - [2026-04-20T16:00:13.173+0000] {dag.py:3089} INFO - Sync 1 DAGs
[2026-04-20T16:00:13.267+0000] {logging_mixin.py:188} INFO - [2026-04-20T16:00:13.266+0000] {dag.py:3947} INFO - Setting next_dagrun for orderbook_backto_minio_parquet to 2026-04-19 02:00:00+00:00, run_after=2026-04-20 02:00:00+00:00
[2026-04-20T16:00:14.431+0000] {processor.py:183} INFO - Processing /opt/airflow/dags/orderbook_to_parquet_minio.py took 1.767 seconds
[2026-04-20T16:02:15.553+0000] {processor.py:161} INFO - Started process (PID=6616) to work on /opt/airflow/dags/orderbook_to_parquet_minio.py
[2026-04-20T16:02:15.618+0000] {processor.py:830} INFO - Processing file /opt/airflow/dags/orderbook_to_parquet_minio.py for tasks to queue
[2026-04-20T16:02:16.143+0000] {logging_mixin.py:188} INFO - [2026-04-20T16:02:16.136+0000] {dagbag.py:545} INFO - Filling up the DagBag from /opt/airflow/dags/orderbook_to_parquet_minio.py
[2026-04-20T16:02:19.757+0000] {processor.py:840} INFO - DAG(s) 'orderbook_backto_minio_parquet' retrieved from /opt/airflow/dags/orderbook_to_parquet_minio.py
[2026-04-20T16:02:20.628+0000] {logging_mixin.py:188} INFO - [2026-04-20T16:02:20.628+0000] {dag.py:3089} INFO - Sync 1 DAGs
[2026-04-20T16:02:21.458+0000] {logging_mixin.py:188} INFO - [2026-04-20T16:02:21.457+0000] {dag.py:3947} INFO - Setting next_dagrun for orderbook_backto_minio_parquet to 2026-04-19 02:00:00+00:00, run_after=2026-04-20 02:00:00+00:00
[2026-04-20T16:02:21.559+0000] {processor.py:183} INFO - Processing /opt/airflow/dags/orderbook_to_parquet_minio.py took 7.229 seconds
[2026-04-20T16:02:52.289+0000] {processor.py:161} INFO - Started process (PID=6668) to work on /opt/airflow/dags/orderbook_to_parquet_minio.py
[2026-04-20T16:02:52.327+0000] {processor.py:830} INFO - Processing file /opt/airflow/dags/orderbook_to_parquet_minio.py for tasks to queue
[2026-04-20T16:02:52.393+0000] {logging_mixin.py:188} INFO - [2026-04-20T16:02:52.342+0000] {dagbag.py:545} INFO - Filling up the DagBag from /opt/airflow/dags/orderbook_to_parquet_minio.py
[2026-04-20T16:02:53.920+0000] {processor.py:840} INFO - DAG(s) 'orderbook_backto_minio_parquet' retrieved from /opt/airflow/dags/orderbook_to_parquet_minio.py
[2026-04-20T16:02:54.098+0000] {logging_mixin.py:188} INFO - [2026-04-20T16:02:54.097+0000] {dag.py:3089} INFO - Sync 1 DAGs
[2026-04-20T16:02:54.219+0000] {logging_mixin.py:188} INFO - [2026-04-20T16:02:54.218+0000] {dag.py:3947} INFO - Setting next_dagrun for orderbook_backto_minio_parquet to 2026-04-19 02:00:00+00:00, run_after=2026-04-20 02:00:00+00:00
[2026-04-20T16:02:54.302+0000] {processor.py:183} INFO - Processing /opt/airflow/dags/orderbook_to_parquet_minio.py took 2.160 seconds
[2026-04-20T16:03:47.382+0000] {processor.py:161} INFO - Started process (PID=6701) to work on /opt/airflow/dags/orderbook_to_parquet_minio.py
[2026-04-20T16:03:47.385+0000] {processor.py:830} INFO - Processing file /opt/airflow/dags/orderbook_to_parquet_minio.py for tasks to queue
[2026-04-20T16:03:47.390+0000] {logging_mixin.py:188} INFO - [2026-04-20T16:03:47.388+0000] {dagbag.py:545} INFO - Filling up the DagBag from /opt/airflow/dags/orderbook_to_parquet_minio.py
[2026-04-20T16:03:47.546+0000] {processor.py:840} INFO - DAG(s) 'orderbook_backto_minio_parquet' retrieved from /opt/airflow/dags/orderbook_to_parquet_minio.py
[2026-04-20T16:03:47.728+0000] {logging_mixin.py:188} INFO - [2026-04-20T16:03:47.727+0000] {dag.py:3089} INFO - Sync 1 DAGs
[2026-04-20T16:03:47.841+0000] {logging_mixin.py:188} INFO - [2026-04-20T16:03:47.841+0000] {dag.py:3947} INFO - Setting next_dagrun for orderbook_backto_minio_parquet to 2026-04-19 02:00:00+00:00, run_after=2026-04-20 02:00:00+00:00
[2026-04-20T16:03:48.116+0000] {processor.py:183} INFO - Processing /opt/airflow/dags/orderbook_to_parquet_minio.py took 0.752 seconds
